1652707873.074528, sdrt-health/mac:02010b41cdec/antenna/power/set, {"power": 300}
1652707874.150266, sdrt-health/mac:02010b41cdec/antenna/power/set, 
1652707878.095657, sdrt-health/mac:02010b41cdec/antenna/tag/scan, {"time": 20000}
1652707878.510377, sdrt-health/mac:02010b41cdec/antenna/tag/e2806894000040038662114f, 85
1652707878.549631, sdrt-health/mac:02010b41cdec/antenna/tag/e2806894000050038662154f, 88
1652707878.613129, sdrt-health/mac:02010b41cdec/antenna/tag/e2806894000040038661f94f, 81
1652707878.613633, sdrt-health/mac:02010b41cdec/antenna/tag/e2806894000040038662114f, 88
1652707878.648194, sdrt-health/mac:02010b41cdec/antenna/tag/e2806894000040038662114f, 88
1652707878.705128, sdrt-health/mac:02010b41cdec/antenna/tag/e2806894000050038662194f, 84
1652707878.705584, sdrt-health/mac:02010b41cdec/antenna/tag/e2806894000040038662114f, 88
1652707878.719433, sdrt-health/mac:02010b41cdec/antenna/tag/e2806894000050038662154f, 88
1652707878.755541, sdrt-health/mac:02010b41cdec/antenna/tag/e2806894000040038662214f, 94
1652707878.755882, sdrt-health/mac:02010b41cdec/antenna/tag/e2806894000050038662154f, 91
1652707878.791663, sdrt-health/mac:02010b41cdec/antenna/tag/e2806894000040038662114f, 88
1652707878.85423, sdrt-health/mac:02010b41cdec/antenna/tag/e2806894000050038662154f, 88
1652707878.854736, sdrt-health/mac:02010b41cdec/antenna/tag/e2806894000040038662114f, 88
1652707878.924572, sdrt-health/mac:02010b41cdec/antenna/tag/e2806894000050038662154f, 91
1652707879.008922, sdrt-health/mac:02010b41cdec/antenna/tag/e28068940000500386620d4f, 81
1652707879.009445, sdrt-health/mac:02010b41cdec/antenna/tag/e28068940000500386620d4f, 83
1652707879.009782, sdrt-health/mac:02010b41cdec/antenna/tag/e2806894000050038661fd4f, 86
1652707879.027952, sdrt-health/mac:02010b41cdec/antenna/tag/e2806894000050038662194f, 83
1652707879.081785, sdrt-health/mac:02010b41cdec/antenna/tag/e2806894000050038661fd4f, 86
1652707879.139125, sdrt-health/mac:02010b41cdec/antenna/tag/e2806894000050038661fd4f, 86
1652707879.139683, sdrt-health/mac:02010b41cdec/antenna/tag/e2806894000040038662114f, 91
1652707879.155801, sdrt-health/mac:02010b41cdec/antenna/tag/e2806894000050038662194f, 83
1652707879.161076, sdrt-health/mac:02010b41cdec/antenna/tag/e2806894000040038662214f, 82
1652707879.175229, sdrt-health/mac:02010b41cdec/antenna/tag/e2806894000050038661fd4f, 83
1652707879.201333, sdrt-health/mac:02010b41cdec/antenna/tag/e2806894000040038662214f, 94
1652707879.240594, sdrt-health/mac:02010b41cdec/antenna/tag/e2806894000040038661f94f, 83
1652707879.280063, sdrt-health/mac:02010b41cdec/antenna/tag/e2806894000050038662194f, 81
1652707879.320338, sdrt-health/mac:02010b41cdec/antenna/tag/e2806894000050038661fd4f, 86
1652707879.376475, sdrt-health/mac:02010b41cdec/antenna/tag/e2806894000040038662114f, 88
1652707879.377008, sdrt-health/mac:02010b41cdec/antenna/tag/e2806894000050038662194f, 83
1652707879.394637, sdrt-health/mac:02010b41cdec/antenna/tag/e2806894000050038661fd4f, 86
1652707879.427726, sdrt-health/mac:02010b41cdec/antenna/tag/e28068940000400386621d4f, 77
1652707879.428148, sdrt-health/mac:02010b41cdec/antenna/tag/e2806894000040038661f94f, 88
1652707879.443201, sdrt-health/mac:02010b41cdec/antenna/tag/e2806894000040038662114f, 88
1652707879.501686, sdrt-health/mac:02010b41cdec/antenna/tag/e2806894000040038662114f, 91
1652707879.550683, sdrt-health/mac:02010b41cdec/antenna/tag/e2806894000050038661fd4f, 86
1652707879.551191, sdrt-health/mac:02010b41cdec/antenna/tag/e2806894000040038662114f, 91
1652707879.551532, sdrt-health/mac:02010b41cdec/antenna/tag/e2806894000050038661fd4f, 86
1652707879.581117, sdrt-health/mac:02010b41cdec/antenna/tag/e2806894000050038661fd4f, 83
1652707879.648605, sdrt-health/mac:02010b41cdec/antenna/tag/e28068940000400386621d4f, 77
1652707879.649063, sdrt-health/mac:02010b41cdec/antenna/tag/e2806894000050038662194f, 84
1652707879.669883, sdrt-health/mac:02010b41cdec/antenna/tag/e2806894000040038662114f, 88
1652707879.710301, sdrt-health/mac:02010b41cdec/antenna/tag/e2806894000050038661fd4f, 86
1652707879.772965, sdrt-health/mac:02010b41cdec/antenna/tag/e28068940000400386621d4f, 96
1652707879.773484, sdrt-health/mac:02010b41cdec/antenna/tag/e28068940000400386621d4f, 77
1652707879.811551, sdrt-health/mac:02010b41cdec/antenna/tag/e2806894000040038661f94f, 83
1652707879.862888, sdrt-health/mac:02010b41cdec/antenna/tag/e28068940000400386621d4f, 77
1652707879.897263, sdrt-health/mac:02010b41cdec/antenna/tag/e2806894000050038661fd4f, 90
1652707879.897791, sdrt-health/mac:02010b41cdec/antenna/tag/e28068940000500386620d4f, 87
1652707879.930287, sdrt-health/mac:02010b41cdec/antenna/tag/e2806894000050038662154f, 88
1652707879.970872, sdrt-health/mac:02010b41cdec/antenna/tag/e2806894000050038661fd4f, 90
1652707880.002533, sdrt-health/mac:02010b41cdec/antenna/tag/e28068940000500386620d4f, 83
1652707880.002805, sdrt-health/mac:02010b41cdec/antenna/tag/e28068940000400386621d4f, 96
1652707880.00301, sdrt-health/mac:02010b41cdec/antenna/tag/e2806894000050038662154f, 91
1652707880.01844, sdrt-health/mac:02010b41cdec/antenna/tag/e2806894000040038661f94f, 88
1652707880.01865, sdrt-health/mac:02010b41cdec/antenna/tag/e28068940000500386620d4f, 81
1652707880.10138, sdrt-health/mac:02010b41cdec/antenna/tag/e28068940000400386621d4f, 77
1652707880.191318, sdrt-health/mac:02010b41cdec/antenna/tag/e2806894000040038662114f, 91
1652707880.24777, sdrt-health/mac:02010b41cdec/antenna/tag/e2806894000040038662054f, 88
1652707880.24797, sdrt-health/mac:02010b41cdec/antenna/tag/e2806894000050038662154f, 91
1652707880.388784, sdrt-health/mac:02010b41cdec/antenna/tag/e2806894000040038662114f, 91
1652707880.429221, sdrt-health/mac:02010b41cdec/antenna/tag/e2806894000050038662154f, 91
1652707880.429492, sdrt-health/mac:02010b41cdec/antenna/tag/e2806894000040038662054f, 81
1652707880.429648, sdrt-health/mac:02010b41cdec/antenna/tag/e2806894000050038662154f, 91
1652707880.429816, sdrt-health/mac:02010b41cdec/antenna/tag/e2806894000040038662054f, 81
1652707880.429959, sdrt-health/mac:02010b41cdec/antenna/tag/e2806894000040038662114f, 91
1652707880.443332, sdrt-health/mac:02010b41cdec/antenna/tag/e28068940000400386621d4f, 77
1652707880.58968, sdrt-health/mac:02010b41cdec/antenna/tag/e2806894000040038662214f, 84
1652707880.673388, sdrt-health/mac:02010b41cdec/antenna/tag/e2806894000040038662054f, 88
1652707880.673897, sdrt-health/mac:02010b41cdec/antenna/tag/e28068940000500386620d4f, 94
1652707880.674301, sdrt-health/mac:02010b41cdec/antenna/tag/e28068940000500386620d4f, 87
1652707880.674651, sdrt-health/mac:02010b41cdec/antenna/tag/e28068940000400386621d4f, 77
1652707880.675003, sdrt-health/mac:02010b41cdec/antenna/tag/e2806894000050038662194f, 81
1652707880.753992, sdrt-health/mac:02010b41cdec/antenna/tag/e28068940000400386621d4f, 77
1652707880.852897, sdrt-health/mac:02010b41cdec/antenna/tag/e2806894000040038662114f, 93
1652707880.853461, sdrt-health/mac:02010b41cdec/antenna/tag/e28068940000400386621d4f, 96
1652707880.88388, sdrt-health/mac:02010b41cdec/antenna/tag/e2806894000050038662194f, 81
1652707880.934481, sdrt-health/mac:02010b41cdec/antenna/tag/e2806894000050038661fd4f, 90
1652707880.995815, sdrt-health/mac:02010b41cdec/antenna/tag/e28068940000400386621d4f, 90
1652707881.010365, sdrt-health/mac:02010b41cdec/antenna/tag/e2806894000050038661fd4f, 86
1652707881.049733, sdrt-health/mac:02010b41cdec/antenna/tag/e28068940000400386621d4f, 96
1652707881.202867, sdrt-health/mac:02010b41cdec/antenna/tag/e2806894000050038661fd4f, 86
1652707881.243118, sdrt-health/mac:02010b41cdec/antenna/tag/e28068940000500386620d4f, 85
1652707881.243635, sdrt-health/mac:02010b41cdec/antenna/tag/e2806894000040038662114f, 88
1652707881.243971, sdrt-health/mac:02010b41cdec/antenna/tag/e2806894000050038662194f, 94
1652707881.293893, sdrt-health/mac:02010b41cdec/antenna/tag/e28068940000500386620d4f, 87
1652707881.420393, sdrt-health/mac:02010b41cdec/antenna/tag/e2806894000040038662114f, 97
1652707881.42091, sdrt-health/mac:02010b41cdec/antenna/tag/e2806894000040038662054f, 81
1652707881.421507, sdrt-health/mac:02010b41cdec/antenna/tag/e2806894000050038661fd4f, 86
1652707881.421876, sdrt-health/mac:02010b41cdec/antenna/tag/e2806894000050038662154f, 91
1652707881.450558, sdrt-health/mac:02010b41cdec/antenna/tag/e2806894000050038662154f, 88
1652707881.484124, sdrt-health/mac:02010b41cdec/antenna/tag/e28068940000400386621d4f, 96
1652707881.484359, sdrt-health/mac:02010b41cdec/antenna/tag/e2806894000040038662114f, 88
1652707881.581284, sdrt-health/mac:02010b41cdec/antenna/tag/e2806894000050038661fd4f, 83
1652707881.61547, sdrt-health/mac:02010b41cdec/antenna/tag/e2806894000050038662194f, 93
1652707881.615657, sdrt-health/mac:02010b41cdec/antenna/tag/e28068940000500386620d4f, 93
1652707881.641042, sdrt-health/mac:02010b41cdec/antenna/tag/e2806894000040038662114f, 88
1652707881.671486, sdrt-health/mac:02010b41cdec/antenna/tag/e2806894000040038662054f, 81
1652707881.671735, sdrt-health/mac:02010b41cdec/antenna/tag/e28068940000500386620d4f, 87
1652707881.688547, sdrt-health/mac:02010b41cdec/antenna/tag/e28068940000400386621d4f, 96
1652707881.81436, sdrt-health/mac:02010b41cdec/antenna/tag/e2806894000050038662154f, 85
1652707881.84307, sdrt-health/mac:02010b41cdec/antenna/tag/e2806894000040038662054f, 88
1652707881.843297, sdrt-health/mac:02010b41cdec/antenna/tag/e28068940000500386620d4f, 87
1652707881.843476, sdrt-health/mac:02010b41cdec/antenna/tag/e28068940000400386621d4f, 77
1652707882.02023, sdrt-health/mac:02010b41cdec/antenna/tag/e2806894000050038662154f, 88
1652707882.049537, sdrt-health/mac:02010b41cdec/antenna/tag/e28068940000500386620d4f, 94
1652707882.049769, sdrt-health/mac:02010b41cdec/antenna/tag/e2806894000050038662154f, 85
1652707882.049936, sdrt-health/mac:02010b41cdec/antenna/tag/e2806894000040038662054f, 94
1652707882.055259, sdrt-health/mac:02010b41cdec/antenna/tag/e2806894000040038662114f, 88
1652707882.055574, sdrt-health/mac:02010b41cdec/antenna/tag/e28068940000500386620d4f, 85
1652707882.090558, sdrt-health/mac:02010b41cdec/antenna/tag/e2806894000040038662114f, 91
1652707882.24168, sdrt-health/mac:02010b41cdec/antenna/tag/e2806894000050038661fd4f, 83
1652707882.242203, sdrt-health/mac:02010b41cdec/antenna/tag/e2806894000050038662154f, 91
1652707882.256939, sdrt-health/mac:02010b41cdec/antenna/tag/e28068940000400386621d4f, 96
1652707882.257466, sdrt-health/mac:02010b41cdec/antenna/tag/e2806894000050038661fd4f, 86
1652707882.257809, sdrt-health/mac:02010b41cdec/antenna/tag/e2806894000040038662114f, 85
1652707882.272401, sdrt-health/mac:02010b41cdec/antenna/tag/e28068940000400386621d4f, 77
1652707882.300848, sdrt-health/mac:02010b41cdec/antenna/tag/e28068940000400386621d4f, 77
1652707882.430522, sdrt-health/mac:02010b41cdec/antenna/tag/e2806894000040038662214f, 94
1652707882.509666, sdrt-health/mac:02010b41cdec/antenna/tag/e2806894000040038662114f, 91
1652707882.510157, sdrt-health/mac:02010b41cdec/antenna/tag/e2806894000050038661fd4f, 90
1652707882.510551, sdrt-health/mac:02010b41cdec/antenna/tag/e2806894000050038662154f, 91
1652707882.634905, sdrt-health/mac:02010b41cdec/antenna/tag/e2806894000050038661fd4f, 86
1652707882.663445, sdrt-health/mac:02010b41cdec/antenna/tag/e28068940000400386621d4f, 96
1652707882.663937, sdrt-health/mac:02010b41cdec/antenna/tag/e2806894000040038661f94f, 81
1652707882.664322, sdrt-health/mac:02010b41cdec/antenna/tag/e2806894000050038662194f, 83
1652707882.664812, sdrt-health/mac:02010b41cdec/antenna/tag/e2806894000050038662154f, 88
1652707882.691257, sdrt-health/mac:02010b41cdec/antenna/tag/e28068940000500386620d4f, 83
1652707882.854355, sdrt-health/mac:02010b41cdec/antenna/tag/e2806894000040038662114f, 85
1652707882.85476, sdrt-health/mac:02010b41cdec/antenna/tag/e28068940000500386620d4f, 87
1652707882.855017, sdrt-health/mac:02010b41cdec/antenna/tag/e2806894000040038661f94f, 81
1652707882.855262, sdrt-health/mac:02010b41cdec/antenna/tag/e2806894000050038661fd4f, 86
1652707882.8555, sdrt-health/mac:02010b41cdec/antenna/tag/e2806894000050038662194f, 81
1652707882.869305, sdrt-health/mac:02010b41cdec/antenna/tag/e2806894000040038662114f, 88
1652707882.898862, sdrt-health/mac:02010b41cdec/antenna/tag/e2806894000050038661fd4f, 90
1652707882.899434, sdrt-health/mac:02010b41cdec/antenna/tag/e2806894000040038662114f, 83
1652707882.899696, sdrt-health/mac:02010b41cdec/antenna/tag/e28068940000400386621d4f, 96
1652707882.899927, sdrt-health/mac:02010b41cdec/antenna/tag/e28068940000500386620d4f, 81
1652707883.02887, sdrt-health/mac:02010b41cdec/antenna/tag/e2806894000040038662114f, 91
1652707883.059232, sdrt-health/mac:02010b41cdec/antenna/tag/e28068940000400386621d4f, 90
1652707883.059624, sdrt-health/mac:02010b41cdec/antenna/tag/e28068940000500386620d4f, 83
1652707883.059887, sdrt-health/mac:02010b41cdec/antenna/tag/e28068940000400386621d4f, 90
1652707883.10109, sdrt-health/mac:02010b41cdec/antenna/tag/e28068940000500386620d4f, 87
1652707883.16983, sdrt-health/mac:02010b41cdec/antenna/tag/e2806894000040038661f94f, 93
1652707883.218987, sdrt-health/mac:02010b41cdec/antenna/tag/e2806894000040038662214f, 94
1652707883.27706, sdrt-health/mac:02010b41cdec/antenna/tag/e2806894000050038662154f, 85
1652707883.277542, sdrt-health/mac:02010b41cdec/antenna/tag/e28068940000400386621d4f, 96
1652707883.300449, sdrt-health/mac:02010b41cdec/antenna/tag/e2806894000050038662194f, 93
1652707883.340003, sdrt-health/mac:02010b41cdec/antenna/tag/e2806894000040038662114f, 85
1652707883.387127, sdrt-health/mac:02010b41cdec/antenna/tag/e28068940000500386620d4f, 93
1652707883.434846, sdrt-health/mac:02010b41cdec/antenna/tag/e2806894000040038662114f, 85
1652707883.470155, sdrt-health/mac:02010b41cdec/antenna/tag/e2806894000040038661f94f, 83
1652707883.525347, sdrt-health/mac:02010b41cdec/antenna/tag/e2806894000050038662194f, 83
1652707883.525834, sdrt-health/mac:02010b41cdec/antenna/tag/e2806894000040038661f94f, 83
1652707883.554259, sdrt-health/mac:02010b41cdec/antenna/tag/e2806894000050038661fd4f, 86
1652707883.605528, sdrt-health/mac:02010b41cdec/antenna/tag/e28068940000500386620d4f, 83
1652707883.606002, sdrt-health/mac:02010b41cdec/antenna/tag/e2806894000050038661fd4f, 83
1652707883.619459, sdrt-health/mac:02010b41cdec/antenna/tag/e2806894000050038661fd4f, 86
1652707883.664149, sdrt-health/mac:02010b41cdec/antenna/tag/e2806894000050038662154f, 91
1652707883.664647, sdrt-health/mac:02010b41cdec/antenna/tag/e28068940000400386621d4f, 96
1652707883.689978, sdrt-health/mac:02010b41cdec/antenna/tag/e28068940000500386620d4f, 83
1652707883.738862, sdrt-health/mac:02010b41cdec/antenna/tag/e2806894000040038662054f, 83
1652707883.767347, sdrt-health/mac:02010b41cdec/antenna/tag/e2806894000050038661fd4f, 86
1652707883.767908, sdrt-health/mac:02010b41cdec/antenna/tag/e2806894000050038662154f, 91
1652707883.781135, sdrt-health/mac:02010b41cdec/antenna/tag/e28068940000500386620d4f, 83
1652707883.781559, sdrt-health/mac:02010b41cdec/antenna/tag/e2806894000050038662194f, 83
1652707883.830212, sdrt-health/mac:02010b41cdec/antenna/tag/e2806894000050038662154f, 91
1652707883.871102, sdrt-health/mac:02010b41cdec/antenna/tag/e28068940000400386621d4f, 96
1652707883.91084, sdrt-health/mac:02010b41cdec/antenna/tag/e28068940000500386620d4f, 88
1652707883.945889, sdrt-health/mac:02010b41cdec/antenna/tag/e2806894000040038662114f, 97
1652707883.946484, sdrt-health/mac:02010b41cdec/antenna/tag/e2806894000050038662154f, 88
1652707883.961116, sdrt-health/mac:02010b41cdec/antenna/tag/e2806894000050038662194f, 83
1652707884.000181, sdrt-health/mac:02010b41cdec/antenna/tag/e2806894000040038662214f, 81
1652707884.057724, sdrt-health/mac:02010b41cdec/antenna/tag/e2806894000040038662114f, 91
1652707884.058234, sdrt-health/mac:02010b41cdec/antenna/tag/e2806894000050038662194f, 81
1652707884.080586, sdrt-health/mac:02010b41cdec/antenna/tag/e2806894000050038661fd4f, 86
1652707884.135746, sdrt-health/mac:02010b41cdec/antenna/tag/e2806894000050038662154f, 88
1652707884.136186, sdrt-health/mac:02010b41cdec/antenna/tag/e2806894000040038662114f, 88
1652707884.171143, sdrt-health/mac:02010b41cdec/antenna/tag/e2806894000050038661fd4f, 86
1652707884.201411, sdrt-health/mac:02010b41cdec/antenna/tag/e2806894000050038661fd4f, 86
1652707884.20163, sdrt-health/mac:02010b41cdec/antenna/tag/e2806894000050038662154f, 91
1652707884.201748, sdrt-health/mac:02010b41cdec/antenna/tag/e28068940000400386621d4f, 90
1652707884.202447, sdrt-health/mac:02010b41cdec/antenna/tag/e2806894000040038662114f, 88
1652707884.215583, sdrt-health/mac:02010b41cdec/antenna/tag/e28068940000500386620d4f, 83
1652707884.251404, sdrt-health/mac:02010b41cdec/antenna/tag/e2806894000050038662194f, 81
1652707884.307224, sdrt-health/mac:02010b41cdec/antenna/tag/e2806894000040038662114f, 97
1652707884.307685, sdrt-health/mac:02010b41cdec/antenna/tag/e2806894000050038662194f, 83
1652707884.322851, sdrt-health/mac:02010b41cdec/antenna/tag/e2806894000040038662214f, 94
1652707884.350646, sdrt-health/mac:02010b41cdec/antenna/tag/e2806894000050038662194f, 81
1652707884.399473, sdrt-health/mac:02010b41cdec/antenna/tag/e2806894000050038661fd4f, 86
1652707884.456068, sdrt-health/mac:02010b41cdec/antenna/tag/e2806894000050038662194f, 83
1652707884.456537, sdrt-health/mac:02010b41cdec/antenna/tag/e2806894000050038662154f, 97
1652707884.490456, sdrt-health/mac:02010b41cdec/antenna/tag/e2806894000050038662154f, 85
1652707884.586179, sdrt-health/mac:02010b41cdec/antenna/tag/e2806894000050038661fd4f, 90
1652707884.618406, sdrt-health/mac:02010b41cdec/antenna/tag/e28068940000400386621d4f, 90
1652707884.618795, sdrt-health/mac:02010b41cdec/antenna/tag/e2806894000040038662114f, 91
1652707884.619048, sdrt-health/mac:02010b41cdec/antenna/tag/e2806894000050038662154f, 88
1652707884.6348, sdrt-health/mac:02010b41cdec/antenna/tag/e2806894000050038662194f, 85
1652707884.660359, sdrt-health/mac:02010b41cdec/antenna/tag/e2806894000050038662194f, 94
1652707884.75204, sdrt-health/mac:02010b41cdec/antenna/tag/e28068940000400386621d4f, 96
1652707884.824004, sdrt-health/mac:02010b41cdec/antenna/tag/e2806894000050038662154f, 91
1652707884.824455, sdrt-health/mac:02010b41cdec/antenna/tag/e2806894000050038662154f, 97
1652707884.839115, sdrt-health/mac:02010b41cdec/antenna/tag/e2806894000040038662054f, 94
1652707884.839436, sdrt-health/mac:02010b41cdec/antenna/tag/e2806894000040038662114f, 91
1652707884.859886, sdrt-health/mac:02010b41cdec/antenna/tag/e2806894000050038662154f, 88
1652707884.899937, sdrt-health/mac:02010b41cdec/antenna/tag/e28068940000500386620d4f, 81
1652707884.955942, sdrt-health/mac:02010b41cdec/antenna/tag/e2806894000040038662114f, 88
1652707884.95647, sdrt-health/mac:02010b41cdec/antenna/tag/e28068940000400386621d4f, 96
1652707884.980189, sdrt-health/mac:02010b41cdec/antenna/tag/e28068940000400386621d4f, 96
1652707885.021104, sdrt-health/mac:02010b41cdec/antenna/tag/e2806894000050038662154f, 91
1652707885.061572, sdrt-health/mac:02010b41cdec/antenna/tag/e2806894000040038661f94f, 94
1652707885.130475, sdrt-health/mac:02010b41cdec/antenna/tag/e2806894000050038662194f, 81
1652707885.150001, sdrt-health/mac:02010b41cdec/antenna/tag/e28068940000400386621d4f, 77
1652707885.2143, sdrt-health/mac:02010b41cdec/antenna/tag/e2806894000050038662154f, 88
1652707885.21478, sdrt-health/mac:02010b41cdec/antenna/tag/e28068940000500386620d4f, 81
1652707885.215096, sdrt-health/mac:02010b41cdec/antenna/tag/e2806894000040038662214f, 110
1652707885.239941, sdrt-health/mac:02010b41cdec/antenna/tag/e2806894000040038662214f, 82
1652707885.298001, sdrt-health/mac:02010b41cdec/antenna/tag/e2806894000040038662114f, 88
1652707885.298458, sdrt-health/mac:02010b41cdec/antenna/tag/e28068940000400386621d4f, 96
1652707885.3797, sdrt-health/mac:02010b41cdec/antenna/tag/e2806894000050038662194f, 81
1652707885.450237, sdrt-health/mac:02010b41cdec/antenna/tag/e28068940000400386621d4f, 96
1652707885.450713, sdrt-health/mac:02010b41cdec/antenna/tag/e28068940000400386621d4f, 90
1652707885.491297, sdrt-health/mac:02010b41cdec/antenna/tag/e2806894000050038662154f, 85
1652707885.547398, sdrt-health/mac:02010b41cdec/antenna/tag/e28068940000500386620d4f, 81
1652707885.547898, sdrt-health/mac:02010b41cdec/antenna/tag/e2806894000050038662194f, 83
1652707885.562448, sdrt-health/mac:02010b41cdec/antenna/tag/e2806894000040038662054f, 84
1652707885.570238, sdrt-health/mac:02010b41cdec/antenna/tag/e2806894000050038662194f, 94
1652707885.609553, sdrt-health/mac:02010b41cdec/antenna/tag/e28068940000500386620d4f, 81
1652707885.666282, sdrt-health/mac:02010b41cdec/antenna/tag/e2806894000040038662114f, 97
1652707885.666793, sdrt-health/mac:02010b41cdec/antenna/tag/e2806894000050038662154f, 88
1652707885.667158, sdrt-health/mac:02010b41cdec/antenna/tag/e2806894000050038661fd4f, 86
1652707885.697377, sdrt-health/mac:02010b41cdec/antenna/tag/e28068940000500386620d4f, 87
1652707885.739072, sdrt-health/mac:02010b41cdec/antenna/tag/e2806894000040038662114f, 88
1652707885.779953, sdrt-health/mac:02010b41cdec/antenna/tag/e2806894000050038662194f, 94
1652707885.819997, sdrt-health/mac:02010b41cdec/antenna/tag/e2806894000050038662154f, 91
1652707885.875462, sdrt-health/mac:02010b41cdec/antenna/tag/e28068940000400386621d4f, 77
1652707885.875984, sdrt-health/mac:02010b41cdec/antenna/tag/e2806894000050038662194f, 81
1652707885.890552, sdrt-health/mac:02010b41cdec/antenna/tag/e2806894000050038662154f, 88
1652707885.900703, sdrt-health/mac:02010b41cdec/antenna/tag/e2806894000040038661f94f, 83
1652707885.939163, sdrt-health/mac:02010b41cdec/antenna/tag/e2806894000050038662154f, 97
1652707885.979562, sdrt-health/mac:02010b41cdec/antenna/tag/e2806894000040038661f94f, 81
1652707886.036229, sdrt-health/mac:02010b41cdec/antenna/tag/e28068940000400386621d4f, 77
1652707886.036972, sdrt-health/mac:02010b41cdec/antenna/tag/e2806894000050038662194f, 81
1652707886.067113, sdrt-health/mac:02010b41cdec/antenna/tag/e2806894000040038662054f, 94
1652707886.134221, sdrt-health/mac:02010b41cdec/antenna/tag/e2806894000040038662214f, 88
1652707886.134489, sdrt-health/mac:02010b41cdec/antenna/tag/e28068940000500386620d4f, 83
1652707886.172595, sdrt-health/mac:02010b41cdec/antenna/tag/e2806894000050038661fd4f, 86
1652707886.209206, sdrt-health/mac:02010b41cdec/antenna/tag/e2806894000050038661fd4f, 86
1652707886.25111, sdrt-health/mac:02010b41cdec/antenna/tag/e28068940000400386621d4f, 77
1652707886.316012, sdrt-health/mac:02010b41cdec/antenna/tag/e2806894000040038662114f, 88
1652707886.316499, sdrt-health/mac:02010b41cdec/antenna/tag/e28068940000500386620d4f, 87
1652707886.351389, sdrt-health/mac:02010b41cdec/antenna/tag/e2806894000050038662194f, 84
1652707886.403229, sdrt-health/mac:02010b41cdec/antenna/tag/e2806894000050038661fd4f, 86
1652707886.403648, sdrt-health/mac:02010b41cdec/antenna/tag/e28068940000400386621d4f, 96
1652707886.440719, sdrt-health/mac:02010b41cdec/antenna/tag/e2806894000050038661fd4f, 90
1652707886.469242, sdrt-health/mac:02010b41cdec/antenna/tag/e2806894000040038662114f, 91
1652707886.469672, sdrt-health/mac:02010b41cdec/antenna/tag/e2806894000050038661fd4f, 90
1652707886.540934, sdrt-health/mac:02010b41cdec/antenna/tag/e2806894000050038662194f, 83
1652707886.600802, sdrt-health/mac:02010b41cdec/antenna/tag/e2806894000040038661f94f, 81
1652707886.65484, sdrt-health/mac:02010b41cdec/antenna/tag/e2806894000050038661fd4f, 83
1652707886.655284, sdrt-health/mac:02010b41cdec/antenna/tag/e2806894000050038662154f, 88
1652707886.690682, sdrt-health/mac:02010b41cdec/antenna/tag/e28068940000400386621d4f, 96
1652707886.760786, sdrt-health/mac:02010b41cdec/antenna/tag/e28068940000400386621d4f, 96
1652707886.822593, sdrt-health/mac:02010b41cdec/antenna/tag/e2806894000050038662154f, 91
1652707886.879563, sdrt-health/mac:02010b41cdec/antenna/tag/e2806894000040038662114f, 91
1652707886.919338, sdrt-health/mac:02010b41cdec/antenna/tag/e2806894000050038662154f, 91
1652707886.960635, sdrt-health/mac:02010b41cdec/antenna/tag/e2806894000050038662194f, 88
1652707887.008084, sdrt-health/mac:02010b41cdec/antenna/tag/e2806894000050038662194f, 88
1652707887.06502, sdrt-health/mac:02010b41cdec/antenna/tag/e2806894000050038662154f, 85
1652707887.065364, sdrt-health/mac:02010b41cdec/antenna/tag/e2806894000040038662214f, 81
1652707887.081384, sdrt-health/mac:02010b41cdec/antenna/tag/e28068940000400386621d4f, 77
1652707887.096183, sdrt-health/mac:02010b41cdec/antenna/tag/e2806894000050038662194f, 81
1652707887.131199, sdrt-health/mac:02010b41cdec/antenna/tag/e2806894000040038661f94f, 88
1652707887.246471, sdrt-health/mac:02010b41cdec/antenna/tag/e2806894000050038662194f, 81
1652707887.247947, sdrt-health/mac:02010b41cdec/antenna/tag/e28068940000400386621d4f, 77
1652707887.309759, sdrt-health/mac:02010b41cdec/antenna/tag/e2806894000040038662114f, 85
1652707887.388824, sdrt-health/mac:02010b41cdec/antenna/tag/e2806894000050038662154f, 91
1652707887.420473, sdrt-health/mac:02010b41cdec/antenna/tag/e28068940000500386620d4f, 94
1652707887.420829, sdrt-health/mac:02010b41cdec/antenna/tag/e2806894000040038662114f, 88
1652707887.43468, sdrt-health/mac:02010b41cdec/antenna/tag/e28068940000500386620d4f, 83
1652707887.435047, sdrt-health/mac:02010b41cdec/antenna/tag/e2806894000050038662154f, 88
1652707887.435189, sdrt-health/mac:02010b41cdec/antenna/tag/e28068940000400386621d4f, 77
1652707887.500484, sdrt-health/mac:02010b41cdec/antenna/tag/e2806894000040038661f94f, 81
1652707887.539887, sdrt-health/mac:02010b41cdec/antenna/tag/e2806894000040038662114f, 97
1652707887.595943, sdrt-health/mac:02010b41cdec/antenna/tag/e28068940000400386621d4f, 96
1652707887.596426, sdrt-health/mac:02010b41cdec/antenna/tag/e2806894000050038662194f, 81
1652707887.619851, sdrt-health/mac:02010b41cdec/antenna/tag/e2806894000050038661fd4f, 86
1652707887.661454, sdrt-health/mac:02010b41cdec/antenna/tag/e2806894000050038661fd4f, 83
1652707888.078349, sdrt-health/mac:02010b41cdec/antenna/tag/e2806894000050038662194f, 81
1652707888.083471, sdrt-health/mac:02010b41cdec/antenna/tag/e2806894000050038661fd4f, 86
1652707888.095267, sdrt-health/mac:02010b41cdec/antenna/tag/e2806894000040038662114f, 88
1652707888.09555, sdrt-health/mac:02010b41cdec/antenna/tag/e2806894000050038662154f, 88
1652707888.09574, sdrt-health/mac:02010b41cdec/antenna/tag/e28068940000400386621d4f, 90
1652707888.095955, sdrt-health/mac:02010b41cdec/antenna/tag/e28068940000500386620d4f, 87
1652707888.096136, sdrt-health/mac:02010b41cdec/antenna/tag/e2806894000050038662194f, 81
1652707888.096378, sdrt-health/mac:02010b41cdec/antenna/tag/e2806894000040038661f94f, 81
1652707888.096592, sdrt-health/mac:02010b41cdec/antenna/tag/e2806894000050038662154f, 88
1652707888.096785, sdrt-health/mac:02010b41cdec/antenna/tag/e2806894000050038661fd4f, 86
1652707888.097051, sdrt-health/mac:02010b41cdec/antenna/tag/e2806894000040038661f94f, 83
1652707888.121708, sdrt-health/mac:02010b41cdec/antenna/tag/e2806894000040038662114f, 88
1652707888.153733, sdrt-health/mac:02010b41cdec/antenna/tag/e2806894000050038662194f, 83
1652707888.153977, sdrt-health/mac:02010b41cdec/antenna/tag/e2806894000050038661fd4f, 90
1652707888.154122, sdrt-health/mac:02010b41cdec/antenna/tag/e28068940000500386620d4f, 81
1652707888.169276, sdrt-health/mac:02010b41cdec/antenna/tag/e2806894000050038661fd4f, 86
1652707888.200284, sdrt-health/mac:02010b41cdec/antenna/tag/e2806894000050038662194f, 84
1652707888.261367, sdrt-health/mac:02010b41cdec/antenna/tag/e2806894000050038662194f, 88
1652707888.301263, sdrt-health/mac:02010b41cdec/antenna/tag/e2806894000040038662214f, 81
1652707888.349845, sdrt-health/mac:02010b41cdec/antenna/tag/e2806894000050038661fd4f, 86
1652707888.391681, sdrt-health/mac:02010b41cdec/antenna/tag/e2806894000040038661f94f, 87
1652707888.433747, sdrt-health/mac:02010b41cdec/antenna/tag/e28068940000400386621d4f, 77
1652707888.485468, sdrt-health/mac:02010b41cdec/antenna/tag/e28068940000400386621d4f, 77
1652707888.485975, sdrt-health/mac:02010b41cdec/antenna/tag/e2806894000040038661f94f, 83
1652707888.512281, sdrt-health/mac:02010b41cdec/antenna/tag/e2806894000050038662194f, 88
1652707888.564662, sdrt-health/mac:02010b41cdec/antenna/tag/e28068940000500386620d4f, 83
1652707888.590372, sdrt-health/mac:02010b41cdec/antenna/tag/e2806894000050038662154f, 85
1652707888.695037, sdrt-health/mac:02010b41cdec/antenna/tag/e2806894000040038662114f, 85
1652707888.695519, sdrt-health/mac:02010b41cdec/antenna/tag/e2806894000040038662114f, 88
1652707888.723593, sdrt-health/mac:02010b41cdec/antenna/tag/e2806894000050038662194f, 84
1652707888.798405, sdrt-health/mac:02010b41cdec/antenna/tag/e2806894000040038662114f, 91
1652707888.79896, sdrt-health/mac:02010b41cdec/antenna/tag/e2806894000050038661fd4f, 83
1652707888.821278, sdrt-health/mac:02010b41cdec/antenna/tag/e2806894000040038662114f, 88
1652707888.900013, sdrt-health/mac:02010b41cdec/antenna/tag/e2806894000050038662154f, 91
1652707888.940022, sdrt-health/mac:02010b41cdec/antenna/tag/e2806894000050038662154f, 91
1652707888.981163, sdrt-health/mac:02010b41cdec/antenna/tag/e2806894000040038662114f, 88
1652707889.121525, sdrt-health/mac:02010b41cdec/antenna/tag/e28068940000400386621d4f, 96
1652707889.155044, sdrt-health/mac:02010b41cdec/antenna/tag/e28068940000500386620d4f, 81
1652707889.155378, sdrt-health/mac:02010b41cdec/antenna/tag/e2806894000050038662194f, 81
1652707889.172136, sdrt-health/mac:02010b41cdec/antenna/tag/e28068940000500386620d4f, 87
1652707889.172472, sdrt-health/mac:02010b41cdec/antenna/tag/e28068940000400386621d4f, 96
1652707889.200778, sdrt-health/mac:02010b41cdec/antenna/tag/e2806894000040038662114f, 88
1652707889.241326, sdrt-health/mac:02010b41cdec/antenna/tag/e28068940000400386621d4f, 77
1652707889.276698, sdrt-health/mac:02010b41cdec/antenna/tag/e2806894000040038662114f, 88
1652707889.277104, sdrt-health/mac:02010b41cdec/antenna/tag/e28068940000500386620d4f, 87
1652707889.292629, sdrt-health/mac:02010b41cdec/antenna/tag/e2806894000050038662154f, 91
1652707889.321708, sdrt-health/mac:02010b41cdec/antenna/tag/e2806894000050038661fd4f, 86
1652707889.351744, sdrt-health/mac:02010b41cdec/antenna/tag/e28068940000500386620d4f, 83
1652707889.352089, sdrt-health/mac:02010b41cdec/antenna/tag/e2806894000040038662114f, 88
1652707889.377476, sdrt-health/mac:02010b41cdec/antenna/tag/e2806894000040038662114f, 88
1652707889.441154, sdrt-health/mac:02010b41cdec/antenna/tag/e28068940000500386620d4f, 87
1652707889.441617, sdrt-health/mac:02010b41cdec/antenna/tag/e28068940000500386620d4f, 83
1652707889.458326, sdrt-health/mac:02010b41cdec/antenna/tag/e28068940000500386620d4f, 81
1652707889.461091, sdrt-health/mac:02010b41cdec/antenna/tag/e28068940000400386621d4f, 90
1652707889.474303, sdrt-health/mac:02010b41cdec/antenna/tag/e2806894000050038661fd4f, 86
1652707889.474535, sdrt-health/mac:02010b41cdec/antenna/tag/e2806894000050038661fd4f, 86
1652707889.500374, sdrt-health/mac:02010b41cdec/antenna/tag/e2806894000050038661fd4f, 86
1652707889.539541, sdrt-health/mac:02010b41cdec/antenna/tag/e2806894000040038661f94f, 81
1652707889.596796, sdrt-health/mac:02010b41cdec/antenna/tag/e2806894000050038661fd4f, 86
1652707889.597328, sdrt-health/mac:02010b41cdec/antenna/tag/e2806894000040038662214f, 88
1652707889.612509, sdrt-health/mac:02010b41cdec/antenna/tag/e2806894000050038661fd4f, 86
1652707889.647457, sdrt-health/mac:02010b41cdec/antenna/tag/e2806894000050038662154f, 88
1652707889.647944, sdrt-health/mac:02010b41cdec/antenna/tag/e2806894000050038662194f, 81
1652707889.667502, sdrt-health/mac:02010b41cdec/antenna/tag/e2806894000040038662114f, 88
1652707889.701125, sdrt-health/mac:02010b41cdec/antenna/tag/e28068940000500386620d4f, 87
1652707889.740477, sdrt-health/mac:02010b41cdec/antenna/tag/e2806894000040038662214f, 81
1652707889.780282, sdrt-health/mac:02010b41cdec/antenna/tag/e2806894000040038661f94f, 88
1652707889.87098, sdrt-health/mac:02010b41cdec/antenna/tag/e2806894000050038662194f, 83
1652707889.941555, sdrt-health/mac:02010b41cdec/antenna/tag/e28068940000500386620d4f, 83
1652707889.997374, sdrt-health/mac:02010b41cdec/antenna/tag/e28068940000400386621d4f, 77
1652707889.997913, sdrt-health/mac:02010b41cdec/antenna/tag/e2806894000040038662114f, 88
1652707890.021031, sdrt-health/mac:02010b41cdec/antenna/tag/e2806894000040038662114f, 88
1652707890.07793, sdrt-health/mac:02010b41cdec/antenna/tag/e28068940000400386621d4f, 96
1652707890.078252, sdrt-health/mac:02010b41cdec/antenna/tag/e2806894000040038662214f, 94
1652707890.100503, sdrt-health/mac:02010b41cdec/antenna/tag/e2806894000050038661fd4f, 83
1652707890.141069, sdrt-health/mac:02010b41cdec/antenna/tag/e2806894000050038662154f, 88
1652707890.170675, sdrt-health/mac:02010b41cdec/antenna/tag/e2806894000050038662194f, 83
1652707890.170931, sdrt-health/mac:02010b41cdec/antenna/tag/e28068940000400386621d4f, 77
1652707890.187137, sdrt-health/mac:02010b41cdec/antenna/tag/e2806894000050038661fd4f, 90
1652707890.219554, sdrt-health/mac:02010b41cdec/antenna/tag/e28068940000400386621d4f, 96
1652707890.249582, sdrt-health/mac:02010b41cdec/antenna/tag/e2806894000040038662114f, 88
1652707890.249972, sdrt-health/mac:02010b41cdec/antenna/tag/e28068940000400386621d4f, 96
1652707890.263977, sdrt-health/mac:02010b41cdec/antenna/tag/e28068940000400386621d4f, 96
1652707890.300145, sdrt-health/mac:02010b41cdec/antenna/tag/e28068940000500386620d4f, 81
1652707890.342206, sdrt-health/mac:02010b41cdec/antenna/tag/e2806894000050038661fd4f, 86
1652707890.394658, sdrt-health/mac:02010b41cdec/antenna/tag/e28068940000500386620d4f, 83
1652707890.395275, sdrt-health/mac:02010b41cdec/antenna/tag/e28068940000400386621d4f, 96
1652707890.424248, sdrt-health/mac:02010b41cdec/antenna/tag/e2806894000040038662114f, 91
1652707890.525512, sdrt-health/mac:02010b41cdec/antenna/tag/e2806894000050038662154f, 97
1652707890.52597, sdrt-health/mac:02010b41cdec/antenna/tag/e28068940000500386620d4f, 83
1652707890.545727, sdrt-health/mac:02010b41cdec/antenna/tag/e2806894000050038662194f, 88
1652707890.546323, sdrt-health/mac:02010b41cdec/antenna/tag/e28068940000400386621d4f, 96
1652707890.581536, sdrt-health/mac:02010b41cdec/antenna/tag/e2806894000050038662194f, 81
1652707890.621277, sdrt-health/mac:02010b41cdec/antenna/tag/e28068940000400386621d4f, 77
1652707890.622229, sdrt-health/mac:02010b41cdec/antenna/tag/e2806894000050038661fd4f, 86
1652707890.637144, sdrt-health/mac:02010b41cdec/antenna/tag/e2806894000040038662114f, 91
1652707890.660844, sdrt-health/mac:02010b41cdec/antenna/tag/e28068940000400386621d4f, 96
1652707890.716223, sdrt-health/mac:02010b41cdec/antenna/tag/e2806894000050038662194f, 81
1652707890.716765, sdrt-health/mac:02010b41cdec/antenna/tag/e2806894000050038662154f, 97
1652707890.741473, sdrt-health/mac:02010b41cdec/antenna/tag/e2806894000040038662214f, 82
1652707890.797427, sdrt-health/mac:02010b41cdec/antenna/tag/e2806894000050038662154f, 88
1652707890.797894, sdrt-health/mac:02010b41cdec/antenna/tag/e2806894000050038662154f, 85
1652707890.821303, sdrt-health/mac:02010b41cdec/antenna/tag/e2806894000040038661f94f, 88
1652707890.862114, sdrt-health/mac:02010b41cdec/antenna/tag/e2806894000040038662114f, 88
1652707890.899623, sdrt-health/mac:02010b41cdec/antenna/tag/e28068940000400386621d4f, 77
1652707890.950289, sdrt-health/mac:02010b41cdec/antenna/tag/e2806894000050038661fd4f, 90
1652707891.036292, sdrt-health/mac:02010b41cdec/antenna/tag/e2806894000040038661f94f, 94
1652707891.036753, sdrt-health/mac:02010b41cdec/antenna/tag/e2806894000050038662154f, 88
1652707891.061727, sdrt-health/mac:02010b41cdec/antenna/tag/e28068940000500386620d4f, 83
1652707891.116625, sdrt-health/mac:02010b41cdec/antenna/tag/e2806894000050038661fd4f, 86
1652707891.116978, sdrt-health/mac:02010b41cdec/antenna/tag/e2806894000050038662194f, 83
1652707891.130464, sdrt-health/mac:02010b41cdec/antenna/tag/e28068940000400386621d4f, 96
1652707891.149454, sdrt-health/mac:02010b41cdec/antenna/tag/e2806894000050038662154f, 91
1652707891.205023, sdrt-health/mac:02010b41cdec/antenna/tag/e2806894000050038662154f, 91
1652707891.205522, sdrt-health/mac:02010b41cdec/antenna/tag/e2806894000040038662114f, 85
1652707891.219145, sdrt-health/mac:02010b41cdec/antenna/tag/e2806894000050038661fd4f, 86
1652707891.282394, sdrt-health/mac:02010b41cdec/antenna/tag/e2806894000050038662154f, 91
1652707891.337652, sdrt-health/mac:02010b41cdec/antenna/tag/e28068940000500386620d4f, 83
1652707891.370559, sdrt-health/mac:02010b41cdec/antenna/tag/e2806894000050038662154f, 97
1652707891.370886, sdrt-health/mac:02010b41cdec/antenna/tag/e2806894000040038662114f, 88
1652707891.38572, sdrt-health/mac:02010b41cdec/antenna/tag/e28068940000500386620d4f, 81
1652707891.385935, sdrt-health/mac:02010b41cdec/antenna/tag/e2806894000040038661f94f, 88
1652707891.421724, sdrt-health/mac:02010b41cdec/antenna/tag/e28068940000400386621d4f, 96
1652707891.452774, sdrt-health/mac:02010b41cdec/antenna/tag/e28068940000500386620d4f, 81
1652707891.453048, sdrt-health/mac:02010b41cdec/antenna/tag/e2806894000050038661fd4f, 86
1652707891.468321, sdrt-health/mac:02010b41cdec/antenna/tag/e2806894000050038661fd4f, 96
1652707891.511216, sdrt-health/mac:02010b41cdec/antenna/tag/e28068940000500386620d4f, 88
1652707891.551203, sdrt-health/mac:02010b41cdec/antenna/tag/e2806894000040038662114f, 85
1652707891.6131, sdrt-health/mac:02010b41cdec/antenna/tag/e2806894000050038661fd4f, 83
1652707891.613625, sdrt-health/mac:02010b41cdec/antenna/tag/e2806894000050038662154f, 91
1652707891.671148, sdrt-health/mac:02010b41cdec/antenna/tag/e28068940000500386620d4f, 87
1652707891.710042, sdrt-health/mac:02010b41cdec/antenna/tag/e2806894000040038661f94f, 94
1652707891.761028, sdrt-health/mac:02010b41cdec/antenna/tag/e28068940000400386621d4f, 96
1652707891.801738, sdrt-health/mac:02010b41cdec/antenna/tag/e2806894000050038662154f, 91
1652707891.858099, sdrt-health/mac:02010b41cdec/antenna/tag/e2806894000040038662114f, 88
1652707891.858573, sdrt-health/mac:02010b41cdec/antenna/tag/e2806894000040038662114f, 88
1652707891.924526, sdrt-health/mac:02010b41cdec/antenna/tag/e28068940000500386620d4f, 94
1652707892.041553, sdrt-health/mac:02010b41cdec/antenna/tag/e2806894000050038662154f, 88
1652707892.081453, sdrt-health/mac:02010b41cdec/antenna/tag/e2806894000050038661fd4f, 86
1652707892.081941, sdrt-health/mac:02010b41cdec/antenna/tag/e2806894000040038662114f, 91
1652707892.082281, sdrt-health/mac:02010b41cdec/antenna/tag/e2806894000050038661fd4f, 86
1652707892.082646, sdrt-health/mac:02010b41cdec/antenna/tag/e28068940000500386620d4f, 84
1652707892.082957, sdrt-health/mac:02010b41cdec/antenna/tag/e2806894000040038662114f, 91
1652707892.152607, sdrt-health/mac:02010b41cdec/antenna/tag/e2806894000050038662194f, 81
1652707892.191122, sdrt-health/mac:02010b41cdec/antenna/tag/e28068940000500386620d4f, 83
1652707892.247728, sdrt-health/mac:02010b41cdec/antenna/tag/e2806894000040038662214f, 88
1652707892.248147, sdrt-health/mac:02010b41cdec/antenna/tag/e2806894000050038661fd4f, 86
1652707892.262527, sdrt-health/mac:02010b41cdec/antenna/tag/e2806894000040038661f94f, 81
1652707892.270248, sdrt-health/mac:02010b41cdec/antenna/tag/e28068940000400386621d4f, 77
1652707892.310464, sdrt-health/mac:02010b41cdec/antenna/tag/e2806894000040038662114f, 85
1652707892.369118, sdrt-health/mac:02010b41cdec/antenna/tag/e28068940000400386621d4f, 77
1652707892.369577, sdrt-health/mac:02010b41cdec/antenna/tag/e2806894000050038662194f, 87
1652707892.369975, sdrt-health/mac:02010b41cdec/antenna/tag/e2806894000050038662194f, 87
1652707892.441801, sdrt-health/mac:02010b41cdec/antenna/tag/e28068940000400386621d4f, 96
1652707892.48139, sdrt-health/mac:02010b41cdec/antenna/tag/e2806894000050038662154f, 91
1652707892.51411, sdrt-health/mac:02010b41cdec/antenna/tag/e2806894000050038661fd4f, 86
1652707892.514437, sdrt-health/mac:02010b41cdec/antenna/tag/e2806894000050038662194f, 87
1652707892.530746, sdrt-health/mac:02010b41cdec/antenna/tag/e2806894000050038662154f, 88
1652707892.561307, sdrt-health/mac:02010b41cdec/antenna/tag/e2806894000050038662154f, 88
1652707892.599801, sdrt-health/mac:02010b41cdec/antenna/tag/e28068940000500386620d4f, 81
1652707892.631789, sdrt-health/mac:02010b41cdec/antenna/tag/e2806894000040038661f94f, 83
1652707892.632168, sdrt-health/mac:02010b41cdec/antenna/tag/e2806894000050038661fd4f, 83
1652707892.632413, sdrt-health/mac:02010b41cdec/antenna/tag/e2806894000040038662214f, 84
1652707892.648016, sdrt-health/mac:02010b41cdec/antenna/tag/e2806894000050038662194f, 84
1652707892.680281, sdrt-health/mac:02010b41cdec/antenna/tag/e2806894000050038662154f, 97
1652707892.736892, sdrt-health/mac:02010b41cdec/antenna/tag/e28068940000400386621d4f, 96
1652707892.737333, sdrt-health/mac:02010b41cdec/antenna/tag/e28068940000400386621d4f, 96
1652707892.751966, sdrt-health/mac:02010b41cdec/antenna/tag/e2806894000050038662154f, 97
1652707892.759842, sdrt-health/mac:02010b41cdec/antenna/tag/e2806894000050038661fd4f, 86
1652707892.800202, sdrt-health/mac:02010b41cdec/antenna/tag/e28068940000500386620d4f, 83
1652707892.841827, sdrt-health/mac:02010b41cdec/antenna/tag/e2806894000050038662154f, 97
1652707892.881735, sdrt-health/mac:02010b41cdec/antenna/tag/e2806894000050038662154f, 91
1652707893.019173, sdrt-health/mac:02010b41cdec/antenna/tag/e2806894000050038662194f, 87
1652707893.019621, sdrt-health/mac:02010b41cdec/antenna/tag/e2806894000050038661fd4f, 86
1652707893.03461, sdrt-health/mac:02010b41cdec/antenna/tag/e28068940000400386621d4f, 96
1652707893.034998, sdrt-health/mac:02010b41cdec/antenna/tag/e2806894000040038662114f, 91
1652707893.03527, sdrt-health/mac:02010b41cdec/antenna/tag/e2806894000050038662194f, 81
1652707893.051044, sdrt-health/mac:02010b41cdec/antenna/tag/e2806894000040038661f94f, 84
1652707893.0804, sdrt-health/mac:02010b41cdec/antenna/tag/e2806894000040038662214f, 81
1652707893.139309, sdrt-health/mac:02010b41cdec/antenna/tag/e2806894000040038661f94f, 84
1652707893.139754, sdrt-health/mac:02010b41cdec/antenna/tag/e28068940000400386621d4f, 96
1652707893.153783, sdrt-health/mac:02010b41cdec/antenna/tag/e2806894000050038662194f, 88
1652707893.181954, sdrt-health/mac:02010b41cdec/antenna/tag/e28068940000400386621d4f, 96
1652707893.222028, sdrt-health/mac:02010b41cdec/antenna/tag/e2806894000050038662154f, 91
1652707893.279169, sdrt-health/mac:02010b41cdec/antenna/tag/e28068940000500386620d4f, 87
1652707893.279643, sdrt-health/mac:02010b41cdec/antenna/tag/e28068940000400386621d4f, 96
1652707893.330292, sdrt-health/mac:02010b41cdec/antenna/tag/e28068940000500386620d4f, 83
1652707893.381014, sdrt-health/mac:02010b41cdec/antenna/tag/e28068940000500386620d4f, 81
1652707893.420735, sdrt-health/mac:02010b41cdec/antenna/tag/e28068940000500386620d4f, 83
1652707893.469308, sdrt-health/mac:02010b41cdec/antenna/tag/e28068940000500386620d4f, 83
1652707893.5124, sdrt-health/mac:02010b41cdec/antenna/tag/e2806894000040038662214f, 94
1652707893.559901, sdrt-health/mac:02010b41cdec/antenna/tag/e2806894000040038662214f, 88
1652707893.600968, sdrt-health/mac:02010b41cdec/antenna/tag/e28068940000400386621d4f, 77
1652707893.642149, sdrt-health/mac:02010b41cdec/antenna/tag/e2806894000050038661fd4f, 83
1652707893.680261, sdrt-health/mac:02010b41cdec/antenna/tag/e2806894000050038662194f, 84
1652707893.729738, sdrt-health/mac:02010b41cdec/antenna/tag/e2806894000040038662114f, 85
1652707893.786326, sdrt-health/mac:02010b41cdec/antenna/tag/e28068940000400386621d4f, 77
1652707893.786801, sdrt-health/mac:02010b41cdec/antenna/tag/e2806894000050038662154f, 91
1652707893.801771, sdrt-health/mac:02010b41cdec/antenna/tag/e28068940000400386621d4f, 77
1652707894.199909, sdrt-health/mac:02010b41cdec/antenna/tag/e2806894000050038661fd4f, 86
1652707894.234177, sdrt-health/mac:02010b41cdec/antenna/tag/e2806894000050038662154f, 91
1652707894.234563, sdrt-health/mac:02010b41cdec/antenna/tag/e2806894000050038662154f, 91
1652707894.234824, sdrt-health/mac:02010b41cdec/antenna/tag/e2806894000050038661fd4f, 90
1652707894.235091, sdrt-health/mac:02010b41cdec/antenna/tag/e28068940000400386621d4f, 96
1652707894.235457, sdrt-health/mac:02010b41cdec/antenna/tag/e2806894000040038662114f, 85
1652707894.235719, sdrt-health/mac:02010b41cdec/antenna/tag/e2806894000050038662154f, 88
1652707894.236067, sdrt-health/mac:02010b41cdec/antenna/tag/e28068940000400386621d4f, 96
1652707894.236502, sdrt-health/mac:02010b41cdec/antenna/tag/e2806894000050038661fd4f, 86
1652707894.236772, sdrt-health/mac:02010b41cdec/antenna/tag/e2806894000040038662114f, 97
1652707894.237061, sdrt-health/mac:02010b41cdec/antenna/tag/e2806894000050038661fd4f, 86
1652707894.290144, sdrt-health/mac:02010b41cdec/antenna/tag/e28068940000400386621d4f, 77
1652707894.290617, sdrt-health/mac:02010b41cdec/antenna/tag/e2806894000050038662194f, 81
1652707894.290956, sdrt-health/mac:02010b41cdec/antenna/tag/e2806894000040038662114f, 91
1652707894.305751, sdrt-health/mac:02010b41cdec/antenna/tag/e2806894000050038661fd4f, 86
1652707894.371554, sdrt-health/mac:02010b41cdec/antenna/tag/e2806894000040038662114f, 91
1652707894.427847, sdrt-health/mac:02010b41cdec/antenna/tag/e28068940000400386621d4f, 96
1652707894.428363, sdrt-health/mac:02010b41cdec/antenna/tag/e28068940000500386620d4f, 81
1652707894.42883, sdrt-health/mac:02010b41cdec/antenna/tag/e2806894000050038662154f, 88
1652707894.444167, sdrt-health/mac:02010b41cdec/antenna/tag/e28068940000400386621d4f, 96
1652707894.444458, sdrt-health/mac:02010b41cdec/antenna/tag/e2806894000050038661fd4f, 86
1652707894.451414, sdrt-health/mac:02010b41cdec/antenna/tag/e28068940000500386620d4f, 88
1652707894.460455, sdrt-health/mac:02010b41cdec/antenna/tag/e28068940000400386621d4f, 96
1652707894.460677, sdrt-health/mac:02010b41cdec/antenna/tag/e28068940000400386621d4f, 96
1652707894.491136, sdrt-health/mac:02010b41cdec/antenna/tag/e28068940000400386621d4f, 96
1652707894.530377, sdrt-health/mac:02010b41cdec/antenna/tag/e2806894000040038662214f, 81
1652707894.587016, sdrt-health/mac:02010b41cdec/antenna/tag/e2806894000040038662114f, 88
1652707894.587501, sdrt-health/mac:02010b41cdec/antenna/tag/e2806894000040038662214f, 88
1652707894.602463, sdrt-health/mac:02010b41cdec/antenna/tag/e28068940000400386621d4f, 96
1652707894.611729, sdrt-health/mac:02010b41cdec/antenna/tag/e2806894000040038662114f, 85
1652707894.616686, sdrt-health/mac:02010b41cdec/antenna/tag/e2806894000050038662194f, 83
1652707894.650408, sdrt-health/mac:02010b41cdec/antenna/tag/e28068940000500386620d4f, 83
1652707894.704674, sdrt-health/mac:02010b41cdec/antenna/tag/e2806894000040038662114f, 91
1652707894.705122, sdrt-health/mac:02010b41cdec/antenna/tag/e28068940000400386621d4f, 96
1652707894.737878, sdrt-health/mac:02010b41cdec/antenna/tag/e2806894000050038662154f, 85
1652707894.780373, sdrt-health/mac:02010b41cdec/antenna/tag/e28068940000500386620d4f, 81
1652707894.833993, sdrt-health/mac:02010b41cdec/antenna/tag/e2806894000050038661fd4f, 86
1652707894.834505, sdrt-health/mac:02010b41cdec/antenna/tag/e2806894000040038661f94f, 84
1652707894.869633, sdrt-health/mac:02010b41cdec/antenna/tag/e2806894000040038662114f, 88
1652707894.918488, sdrt-health/mac:02010b41cdec/antenna/tag/e28068940000500386620d4f, 87
1652707894.960963, sdrt-health/mac:02010b41cdec/antenna/tag/e28068940000400386621d4f, 77
1652707894.992135, sdrt-health/mac:02010b41cdec/antenna/tag/e2806894000040038662114f, 91
1652707894.992417, sdrt-health/mac:02010b41cdec/antenna/tag/e2806894000050038662154f, 88
1652707894.992627, sdrt-health/mac:02010b41cdec/antenna/tag/e2806894000050038662194f, 83
1652707894.99281, sdrt-health/mac:02010b41cdec/antenna/tag/e2806894000040038662114f, 91
1652707895.008758, sdrt-health/mac:02010b41cdec/antenna/tag/e28068940000500386620d4f, 87
1652707895.041238, sdrt-health/mac:02010b41cdec/antenna/tag/e28068940000400386621d4f, 77
1652707895.081442, sdrt-health/mac:02010b41cdec/antenna/tag/e2806894000050038662194f, 84
1652707895.119929, sdrt-health/mac:02010b41cdec/antenna/tag/e28068940000500386620d4f, 87
1652707895.161878, sdrt-health/mac:02010b41cdec/antenna/tag/e2806894000050038661fd4f, 86
1652707895.217663, sdrt-health/mac:02010b41cdec/antenna/tag/e2806894000050038662154f, 88
1652707895.218155, sdrt-health/mac:02010b41cdec/antenna/tag/e2806894000050038662194f, 94
1652707895.241008, sdrt-health/mac:02010b41cdec/antenna/tag/e2806894000040038661f94f, 81
1652707895.298079, sdrt-health/mac:02010b41cdec/antenna/tag/e2806894000050038662194f, 83
1652707895.298582, sdrt-health/mac:02010b41cdec/antenna/tag/e2806894000050038661fd4f, 86
1652707895.314039, sdrt-health/mac:02010b41cdec/antenna/tag/e28068940000500386620d4f, 83
1652707895.321209, sdrt-health/mac:02010b41cdec/antenna/tag/e2806894000040038662114f, 85
1652707895.359748, sdrt-health/mac:02010b41cdec/antenna/tag/e2806894000040038662214f, 94
1652707895.408992, sdrt-health/mac:02010b41cdec/antenna/tag/e2806894000040038662114f, 88
1652707895.467435, sdrt-health/mac:02010b41cdec/antenna/tag/e2806894000050038661fd4f, 86
1652707895.467881, sdrt-health/mac:02010b41cdec/antenna/tag/e28068940000400386621d4f, 96
1652707895.481292, sdrt-health/mac:02010b41cdec/antenna/tag/e2806894000040038662114f, 91
1652707895.53743, sdrt-health/mac:02010b41cdec/antenna/tag/e2806894000050038662154f, 91
1652707895.538874, sdrt-health/mac:02010b41cdec/antenna/tag/e2806894000050038662194f, 88
1652707895.612876, sdrt-health/mac:02010b41cdec/antenna/tag/e28068940000500386620d4f, 81
1652707895.658603, sdrt-health/mac:02010b41cdec/antenna/tag/e28068940000500386620d4f, 83
1652707895.689526, sdrt-health/mac:02010b41cdec/antenna/tag/e2806894000040038662114f, 97
1652707895.689818, sdrt-health/mac:02010b41cdec/antenna/tag/e28068940000400386621d4f, 96
1652707895.690006, sdrt-health/mac:02010b41cdec/antenna/tag/e2806894000040038661f94f, 82
1652707895.705724, sdrt-health/mac:02010b41cdec/antenna/tag/e28068940000500386620d4f, 83
1652707895.705997, sdrt-health/mac:02010b41cdec/antenna/tag/e2806894000050038662154f, 88
1652707895.739714, sdrt-health/mac:02010b41cdec/antenna/tag/e2806894000050038662194f, 94
1652707895.740113, sdrt-health/mac:02010b41cdec/antenna/tag/e2806894000040038661f94f, 103
1652707895.756721, sdrt-health/mac:02010b41cdec/antenna/tag/e28068940000500386620d4f, 83
1652707895.756983, sdrt-health/mac:02010b41cdec/antenna/tag/e2806894000050038661fd4f, 86
1652707895.78057, sdrt-health/mac:02010b41cdec/antenna/tag/e2806894000050038662154f, 88
1652707895.823091, sdrt-health/mac:02010b41cdec/antenna/tag/e28068940000500386620d4f, 81
1652707895.877, sdrt-health/mac:02010b41cdec/antenna/tag/e2806894000050038661fd4f, 86
1652707895.877343, sdrt-health/mac:02010b41cdec/antenna/tag/e2806894000040038662114f, 88
1652707895.893484, sdrt-health/mac:02010b41cdec/antenna/tag/e2806894000050038661fd4f, 86
1652707896.137306, sdrt-health/mac:02010b41cdec/antenna/tag/e2806894000050038661fd4f, 86
1652707896.137784, sdrt-health/mac:02010b41cdec/antenna/tag/e2806894000050038661fd4f, 86
1652707896.377081, sdrt-health/mac:02010b41cdec/antenna/tag/e2806894000050038662194f, 81
1652707896.377616, sdrt-health/mac:02010b41cdec/antenna/tag/e28068940000400386621d4f, 90
1652707896.377949, sdrt-health/mac:02010b41cdec/antenna/tag/e2806894000050038661fd4f, 86
1652707896.378305, sdrt-health/mac:02010b41cdec/antenna/tag/e2806894000040038662054f, 94
1652707896.378676, sdrt-health/mac:02010b41cdec/antenna/tag/e2806894000050038662154f, 88
1652707896.379013, sdrt-health/mac:02010b41cdec/antenna/tag/e2806894000050038661fd4f, 86
1652707896.379354, sdrt-health/mac:02010b41cdec/antenna/tag/e2806894000040038662054f, 81
1652707896.379734, sdrt-health/mac:02010b41cdec/antenna/tag/e2806894000050038662194f, 94
1652707896.380046, sdrt-health/mac:02010b41cdec/antenna/tag/e2806894000050038661fd4f, 86
1652707896.380417, sdrt-health/mac:02010b41cdec/antenna/tag/e2806894000050038661fd4f, 86
1652707896.380709, sdrt-health/mac:02010b41cdec/antenna/tag/e2806894000040038662114f, 91
1652707896.380875, sdrt-health/mac:02010b41cdec/antenna/tag/e2806894000050038662154f, 91
1652707896.381063, sdrt-health/mac:02010b41cdec/antenna/tag/e2806894000050038662154f, 97
1652707896.381187, sdrt-health/mac:02010b41cdec/antenna/tag/e2806894000040038662114f, 91
1652707896.381329, sdrt-health/mac:02010b41cdec/antenna/tag/e2806894000050038662194f, 81
1652707896.381452, sdrt-health/mac:02010b41cdec/antenna/tag/e2806894000050038661fd4f, 83
1652707896.381582, sdrt-health/mac:02010b41cdec/antenna/tag/e2806894000040038661f94f, 88
1652707896.3817, sdrt-health/mac:02010b41cdec/antenna/tag/e28068940000500386620d4f, 83
1652707896.396161, sdrt-health/mac:02010b41cdec/antenna/tag/e2806894000050038662154f, 85
1652707896.396359, sdrt-health/mac:02010b41cdec/antenna/tag/e2806894000050038662194f, 83
1652707896.396476, sdrt-health/mac:02010b41cdec/antenna/tag/e28068940000400386621d4f, 77
1652707896.396586, sdrt-health/mac:02010b41cdec/antenna/tag/e2806894000050038662154f, 88
1652707896.441353, sdrt-health/mac:02010b41cdec/antenna/tag/e28068940000400386621d4f, 77
1652707896.480339, sdrt-health/mac:02010b41cdec/antenna/tag/e2806894000050038662154f, 97
1652707896.544863, sdrt-health/mac:02010b41cdec/antenna/tag/e28068940000400386621d4f, 96
1652707896.545384, sdrt-health/mac:02010b41cdec/antenna/tag/e2806894000050038661fd4f, 86
1652707896.545724, sdrt-health/mac:02010b41cdec/antenna/tag/e2806894000050038662154f, 97
1652707896.570454, sdrt-health/mac:02010b41cdec/antenna/tag/e2806894000050038662154f, 88
1652707896.610832, sdrt-health/mac:02010b41cdec/antenna/tag/e2806894000050038662154f, 88
1652707896.652457, sdrt-health/mac:02010b41cdec/antenna/tag/e2806894000050038661fd4f, 83
1652707896.706754, sdrt-health/mac:02010b41cdec/antenna/tag/e2806894000050038662194f, 81
1652707896.707323, sdrt-health/mac:02010b41cdec/antenna/tag/e2806894000050038662154f, 91
1652707896.7306, sdrt-health/mac:02010b41cdec/antenna/tag/e2806894000050038661fd4f, 90
1652707896.788619, sdrt-health/mac:02010b41cdec/antenna/tag/e28068940000400386621d4f, 77
1652707896.789111, sdrt-health/mac:02010b41cdec/antenna/tag/e2806894000040038662114f, 88
1652707896.803739, sdrt-health/mac:02010b41cdec/antenna/tag/e2806894000050038661fd4f, 90
1652707896.812002, sdrt-health/mac:02010b41cdec/antenna/tag/e2806894000040038662114f, 91
1652707896.87025, sdrt-health/mac:02010b41cdec/antenna/tag/e2806894000050038662154f, 88
1652707896.918032, sdrt-health/mac:02010b41cdec/antenna/tag/e2806894000050038662194f, 87
1652707896.985901, sdrt-health/mac:02010b41cdec/antenna/tag/e28068940000400386621d4f, 96
1652707896.986409, sdrt-health/mac:02010b41cdec/antenna/tag/e2806894000050038661fd4f, 90
1652707897.01079, sdrt-health/mac:02010b41cdec/antenna/tag/e2806894000050038662154f, 91
1652707897.080998, sdrt-health/mac:02010b41cdec/antenna/tag/e28068940000400386621d4f, 96
1652707897.12034, sdrt-health/mac:02010b41cdec/antenna/tag/e2806894000050038661fd4f, 83
1652707897.168682, sdrt-health/mac:02010b41cdec/antenna/tag/e2806894000040038662114f, 85
1652707897.23116, sdrt-health/mac:02010b41cdec/antenna/tag/e2806894000050038662154f, 91
1652707897.231607, sdrt-health/mac:02010b41cdec/antenna/tag/e2806894000040038662054f, 94
1652707897.251172, sdrt-health/mac:02010b41cdec/antenna/tag/e2806894000040038662214f, 84
1652707897.290788, sdrt-health/mac:02010b41cdec/antenna/tag/e28068940000500386620d4f, 87
1652707897.331452, sdrt-health/mac:02010b41cdec/antenna/tag/e28068940000500386620d4f, 87
1652707897.372012, sdrt-health/mac:02010b41cdec/antenna/tag/e28068940000400386621d4f, 77
1652707897.434942, sdrt-health/mac:02010b41cdec/antenna/tag/e2806894000050038662194f, 88
1652707897.435489, sdrt-health/mac:02010b41cdec/antenna/tag/e2806894000050038661fd4f, 90
1652707897.481633, sdrt-health/mac:02010b41cdec/antenna/tag/e2806894000050038662194f, 94
1652707897.52203, sdrt-health/mac:02010b41cdec/antenna/tag/e28068940000400386621d4f, 96
1652707897.575789, sdrt-health/mac:02010b41cdec/antenna/tag/e2806894000050038661fd4f, 86
1652707897.576209, sdrt-health/mac:02010b41cdec/antenna/tag/e28068940000500386620d4f, 83
1652707897.590903, sdrt-health/mac:02010b41cdec/antenna/tag/e2806894000050038661fd4f, 86
1652707897.602102, sdrt-health/mac:02010b41cdec/antenna/tag/e2806894000040038662114f, 93
1652707897.64211, sdrt-health/mac:02010b41cdec/antenna/tag/e28068940000400386621d4f, 96
1652707897.695706, sdrt-health/mac:02010b41cdec/antenna/tag/e28068940000400386621d4f, 77
1652707897.696244, sdrt-health/mac:02010b41cdec/antenna/tag/e28068940000500386620d4f, 81
1652707897.710083, sdrt-health/mac:02010b41cdec/antenna/tag/e2806894000040038662114f, 85
1652707897.73239, sdrt-health/mac:02010b41cdec/antenna/tag/e2806894000040038662114f, 88
1652707897.770946, sdrt-health/mac:02010b41cdec/antenna/tag/e28068940000400386621d4f, 96
1652707897.81167, sdrt-health/mac:02010b41cdec/antenna/tag/e2806894000040038662114f, 88
1652707897.881335, sdrt-health/mac:02010b41cdec/antenna/tag/e28068940000400386621d4f, 96
1652707897.925447, sdrt-health/mac:02010b41cdec/antenna/tag/e28068940000500386620d4f, 94
1652707897.975538, sdrt-health/mac:02010b41cdec/antenna/tag/e2806894000050038662154f, 91
1652707897.975842, sdrt-health/mac:02010b41cdec/antenna/tag/e2806894000040038662114f, 91
1652707898.007642, sdrt-health/mac:02010b41cdec/antenna/tag/e2806894000050038662194f, 84
1652707898.052448, sdrt-health/mac:02010b41cdec/antenna/tag/e28068940000400386621d4f, 77
1652707898.090937, sdrt-health/mac:02010b41cdec/antenna/tag/e2806894000050038661fd4f, 86
1652707898.147284, sdrt-health/mac:02010b41cdec/antenna/tag/e28068940000400386621d4f, 77
1652707898.14773, sdrt-health/mac:02010b41cdec/antenna/tag/e2806894000050038661fd4f, 86
1652707898.162242, sdrt-health/mac:02010b41cdec/antenna/tag/e28068940000400386621d4f, 77
1652707898.170296, sdrt-health/mac:02010b41cdec/antenna/tag/e2806894000040038661f94f, 88
1652707898.222765, sdrt-health/mac:02010b41cdec/antenna/tag/e2806894000040038662114f, 85
1652707898.264146, sdrt-health/mac:02010b41cdec/antenna/tag/e28068940000400386621d4f, 77
1652707898.264591, sdrt-health/mac:02010b41cdec/antenna/tag/e28068940000500386620d4f, 83
1652707898.290467, sdrt-health/mac:02010b41cdec/antenna/tag/e2806894000050038662154f, 88
1652707898.347871, sdrt-health/mac:02010b41cdec/antenna/tag/e2806894000050038661fd4f, 86
1652707898.348309, sdrt-health/mac:02010b41cdec/antenna/tag/e2806894000050038661fd4f, 86
1652707898.460559, sdrt-health/mac:02010b41cdec/antenna/tag/e2806894000050038662154f, 91
1652707898.491331, sdrt-health/mac:02010b41cdec/antenna/tag/e2806894000040038662114f, 97
1652707898.491745, sdrt-health/mac:02010b41cdec/antenna/tag/e28068940000500386620d4f, 81
1652707898.634081, sdrt-health/mac:02010b41cdec/antenna/tag/scan, scan stopped
