1652707411.996313, sdrt-health/mac:02010b41cdec/antenna/power/set, {"power": 300}
1652707413.034098, sdrt-health/mac:02010b41cdec/antenna/power/set, 
1652707417.012443, sdrt-health/mac:02010b41cdec/antenna/tag/scan, {"time": 20000}
1652707417.362323, sdrt-health/mac:02010b41cdec/antenna/tag/e2806894000050038661fd4f, 86
1652707417.426287, sdrt-health/mac:02010b41cdec/antenna/tag/e28068940000400386621d4f, 96
1652707417.512131, sdrt-health/mac:02010b41cdec/antenna/tag/e2806894000050038661fd4f, 90
1652707417.551706, sdrt-health/mac:02010b41cdec/antenna/tag/e28068940000400386621d4f, 77
1652707417.64543, sdrt-health/mac:02010b41cdec/antenna/tag/e2806894000050038662154f, 88
1652707417.645981, sdrt-health/mac:02010b41cdec/antenna/tag/e2806894000050038662194f, 81
1652707417.691832, sdrt-health/mac:02010b41cdec/antenna/tag/e28068940000400386621d4f, 77
1652707417.731383, sdrt-health/mac:02010b41cdec/antenna/tag/e28068940000500386620d4f, 87
1652707417.772033, sdrt-health/mac:02010b41cdec/antenna/tag/e2806894000050038661fd4f, 86
1652707417.812511, sdrt-health/mac:02010b41cdec/antenna/tag/e2806894000050038662154f, 91
1652707417.852488, sdrt-health/mac:02010b41cdec/antenna/tag/e2806894000050038662194f, 81
1652707417.901537, sdrt-health/mac:02010b41cdec/antenna/tag/e2806894000050038662194f, 81
1652707417.941567, sdrt-health/mac:02010b41cdec/antenna/tag/e2806894000040038662114f, 91
1652707418.046579, sdrt-health/mac:02010b41cdec/antenna/tag/e28068940000400386621d4f, 96
1652707418.047083, sdrt-health/mac:02010b41cdec/antenna/tag/e2806894000050038662154f, 91
1652707418.100961, sdrt-health/mac:02010b41cdec/antenna/tag/e28068940000400386621d4f, 96
1652707418.162018, sdrt-health/mac:02010b41cdec/antenna/tag/e2806894000050038662154f, 91
1652707418.162358, sdrt-health/mac:02010b41cdec/antenna/tag/e2806894000050038662154f, 91
1652707418.201814, sdrt-health/mac:02010b41cdec/antenna/tag/e2806894000040038662114f, 85
1652707418.255717, sdrt-health/mac:02010b41cdec/antenna/tag/e2806894000050038661fd4f, 86
1652707418.256237, sdrt-health/mac:02010b41cdec/antenna/tag/e28068940000500386620d4f, 81
1652707418.256606, sdrt-health/mac:02010b41cdec/antenna/tag/e28068940000500386620d4f, 94
1652707418.269981, sdrt-health/mac:02010b41cdec/antenna/tag/e28068940000500386620d4f, 88
1652707418.281476, sdrt-health/mac:02010b41cdec/antenna/tag/e28068940000500386620d4f, 83
1652707418.32167, sdrt-health/mac:02010b41cdec/antenna/tag/e2806894000050038661fd4f, 90
1652707418.361242, sdrt-health/mac:02010b41cdec/antenna/tag/e2806894000050038661fd4f, 90
1652707418.491377, sdrt-health/mac:02010b41cdec/antenna/tag/e28068940000500386620d4f, 94
1652707418.55266, sdrt-health/mac:02010b41cdec/antenna/tag/e2806894000050038662154f, 85
1652707418.591883, sdrt-health/mac:02010b41cdec/antenna/tag/e28068940000500386620d4f, 93
1652707418.645569, sdrt-health/mac:02010b41cdec/antenna/tag/e2806894000040038662054f, 94
1652707418.646023, sdrt-health/mac:02010b41cdec/antenna/tag/e2806894000040038661f94f, 94
1652707418.671561, sdrt-health/mac:02010b41cdec/antenna/tag/e2806894000040038662114f, 85
1652707418.710965, sdrt-health/mac:02010b41cdec/antenna/tag/e2806894000050038662154f, 91
1652707418.739371, sdrt-health/mac:02010b41cdec/antenna/tag/e2806894000050038661fd4f, 86
1652707418.73967, sdrt-health/mac:02010b41cdec/antenna/tag/e2806894000050038662154f, 91
1652707418.75388, sdrt-health/mac:02010b41cdec/antenna/tag/e2806894000040038662114f, 88
1652707418.801028, sdrt-health/mac:02010b41cdec/antenna/tag/e28068940000500386620d4f, 94
1652707418.922071, sdrt-health/mac:02010b41cdec/antenna/tag/e2806894000050038662194f, 94
1652707418.950987, sdrt-health/mac:02010b41cdec/antenna/tag/e28068940000400386621d4f, 90
1652707418.951542, sdrt-health/mac:02010b41cdec/antenna/tag/e2806894000050038661fd4f, 90
1652707418.95188, sdrt-health/mac:02010b41cdec/antenna/tag/e2806894000050038662154f, 91
1652707418.964108, sdrt-health/mac:02010b41cdec/antenna/tag/e2806894000050038662154f, 91
1652707418.964332, sdrt-health/mac:02010b41cdec/antenna/tag/e2806894000050038661fd4f, 86
1652707419.001527, sdrt-health/mac:02010b41cdec/antenna/tag/e2806894000050038662194f, 81
1652707419.001873, sdrt-health/mac:02010b41cdec/antenna/tag/e2806894000050038662154f, 91
1652707419.01537, sdrt-health/mac:02010b41cdec/antenna/tag/e2806894000050038662194f, 81
1652707419.062329, sdrt-health/mac:02010b41cdec/antenna/tag/e2806894000040038661f94f, 88
1652707419.101982, sdrt-health/mac:02010b41cdec/antenna/tag/e2806894000040038662054f, 94
1652707419.129791, sdrt-health/mac:02010b41cdec/antenna/tag/e28068940000500386620d4f, 87
1652707419.129962, sdrt-health/mac:02010b41cdec/antenna/tag/e2806894000050038662154f, 88
1652707419.144037, sdrt-health/mac:02010b41cdec/antenna/tag/e2806894000050038661fd4f, 83
1652707419.180758, sdrt-health/mac:02010b41cdec/antenna/tag/e28068940000500386620d4f, 87
1652707419.229475, sdrt-health/mac:02010b41cdec/antenna/tag/e28068940000400386621d4f, 96
1652707419.22997, sdrt-health/mac:02010b41cdec/antenna/tag/e2806894000050038662154f, 91
1652707419.272214, sdrt-health/mac:02010b41cdec/antenna/tag/e28068940000400386621d4f, 96
1652707419.272685, sdrt-health/mac:02010b41cdec/antenna/tag/e2806894000040038662114f, 91
1652707419.342578, sdrt-health/mac:02010b41cdec/antenna/tag/e2806894000050038662154f, 91
1652707419.392362, sdrt-health/mac:02010b41cdec/antenna/tag/e2806894000040038662114f, 88
1652707419.43199, sdrt-health/mac:02010b41cdec/antenna/tag/e28068940000400386621d4f, 96
1652707419.473449, sdrt-health/mac:02010b41cdec/antenna/tag/e2806894000040038662054f, 82
1652707419.527344, sdrt-health/mac:02010b41cdec/antenna/tag/e2806894000050038662194f, 82
1652707419.527828, sdrt-health/mac:02010b41cdec/antenna/tag/e2806894000040038661f94f, 81
1652707419.542659, sdrt-health/mac:02010b41cdec/antenna/tag/e2806894000050038662154f, 85
1652707419.570931, sdrt-health/mac:02010b41cdec/antenna/tag/e2806894000040038662114f, 85
1652707419.571321, sdrt-health/mac:02010b41cdec/antenna/tag/e2806894000040038661f94f, 94
1652707419.621931, sdrt-health/mac:02010b41cdec/antenna/tag/e2806894000040038662114f, 88
1652707419.661249, sdrt-health/mac:02010b41cdec/antenna/tag/e2806894000050038661fd4f, 86
1652707419.735836, sdrt-health/mac:02010b41cdec/antenna/tag/e2806894000050038661fd4f, 86
1652707419.736398, sdrt-health/mac:02010b41cdec/antenna/tag/e28068940000500386620d4f, 81
1652707419.749527, sdrt-health/mac:02010b41cdec/antenna/tag/e2806894000040038662054f, 81
1652707419.761456, sdrt-health/mac:02010b41cdec/antenna/tag/e2806894000040038662054f, 94
1652707419.763285, sdrt-health/mac:02010b41cdec/antenna/tag/e2806894000050038662154f, 91
1652707419.852793, sdrt-health/mac:02010b41cdec/antenna/tag/e2806894000050038661fd4f, 86
1652707419.891538, sdrt-health/mac:02010b41cdec/antenna/tag/e2806894000050038661fd4f, 90
1652707419.919429, sdrt-health/mac:02010b41cdec/antenna/tag/e2806894000050038662154f, 88
1652707419.919646, sdrt-health/mac:02010b41cdec/antenna/tag/e28068940000500386620d4f, 83
1652707419.919791, sdrt-health/mac:02010b41cdec/antenna/tag/e2806894000040038662114f, 91
1652707419.919931, sdrt-health/mac:02010b41cdec/antenna/tag/e2806894000050038661fd4f, 90
1652707419.933955, sdrt-health/mac:02010b41cdec/antenna/tag/e28068940000500386620d4f, 83
1652707419.972136, sdrt-health/mac:02010b41cdec/antenna/tag/e2806894000050038662154f, 91
1652707420.011472, sdrt-health/mac:02010b41cdec/antenna/tag/e2806894000040038661f94f, 81
1652707420.051594, sdrt-health/mac:02010b41cdec/antenna/tag/e2806894000040038662054f, 94
1652707420.114019, sdrt-health/mac:02010b41cdec/antenna/tag/e28068940000500386620d4f, 87
1652707420.11447, sdrt-health/mac:02010b41cdec/antenna/tag/e28068940000400386621d4f, 96
1652707420.14254, sdrt-health/mac:02010b41cdec/antenna/tag/e2806894000040038662114f, 91
1652707420.171711, sdrt-health/mac:02010b41cdec/antenna/tag/e28068940000500386620d4f, 83
1652707420.172119, sdrt-health/mac:02010b41cdec/antenna/tag/e28068940000400386621d4f, 96
1652707420.186903, sdrt-health/mac:02010b41cdec/antenna/tag/e2806894000040038662114f, 88
1652707420.18738, sdrt-health/mac:02010b41cdec/antenna/tag/e28068940000400386621d4f, 96
1652707420.187714, sdrt-health/mac:02010b41cdec/antenna/tag/e2806894000050038662154f, 91
1652707420.241566, sdrt-health/mac:02010b41cdec/antenna/tag/e28068940000500386620d4f, 94
1652707420.281888, sdrt-health/mac:02010b41cdec/antenna/tag/e2806894000040038662054f, 88
1652707420.335876, sdrt-health/mac:02010b41cdec/antenna/tag/e2806894000050038662154f, 88
1652707420.336481, sdrt-health/mac:02010b41cdec/antenna/tag/e2806894000040038662054f, 94
1652707420.391278, sdrt-health/mac:02010b41cdec/antenna/tag/e2806894000040038661f94f, 88
1652707420.431159, sdrt-health/mac:02010b41cdec/antenna/tag/e2806894000050038662154f, 85
1652707420.471798, sdrt-health/mac:02010b41cdec/antenna/tag/e2806894000050038661fd4f, 83
1652707420.511361, sdrt-health/mac:02010b41cdec/antenna/tag/e28068940000400386621d4f, 77
1652707420.586602, sdrt-health/mac:02010b41cdec/antenna/tag/e2806894000040038662114f, 88
1652707420.587102, sdrt-health/mac:02010b41cdec/antenna/tag/e2806894000040038662114f, 85
1652707420.610646, sdrt-health/mac:02010b41cdec/antenna/tag/e2806894000040038661f94f, 83
1652707420.65094, sdrt-health/mac:02010b41cdec/antenna/tag/e2806894000050038662154f, 91
1652707420.705487, sdrt-health/mac:02010b41cdec/antenna/tag/e2806894000050038662194f, 83
1652707420.70586, sdrt-health/mac:02010b41cdec/antenna/tag/e2806894000050038662194f, 94
1652707420.719578, sdrt-health/mac:02010b41cdec/antenna/tag/e2806894000040038662114f, 85
1652707421.078187, sdrt-health/mac:02010b41cdec/antenna/tag/e2806894000050038662154f, 91
1652707421.106061, sdrt-health/mac:02010b41cdec/antenna/tag/e2806894000040038662114f, 91
1652707421.106546, sdrt-health/mac:02010b41cdec/antenna/tag/e28068940000400386621d4f, 96
1652707421.107098, sdrt-health/mac:02010b41cdec/antenna/tag/e2806894000050038661fd4f, 86
1652707421.10745, sdrt-health/mac:02010b41cdec/antenna/tag/e28068940000400386621d4f, 96
1652707421.107836, sdrt-health/mac:02010b41cdec/antenna/tag/e2806894000040038662114f, 91
1652707421.108149, sdrt-health/mac:02010b41cdec/antenna/tag/e28068940000500386620d4f, 87
1652707421.169267, sdrt-health/mac:02010b41cdec/antenna/tag/e28068940000400386621d4f, 96
1652707421.197237, sdrt-health/mac:02010b41cdec/antenna/tag/e2806894000050038661fd4f, 86
1652707421.197542, sdrt-health/mac:02010b41cdec/antenna/tag/e2806894000040038662114f, 91
1652707421.197752, sdrt-health/mac:02010b41cdec/antenna/tag/e28068940000500386620d4f, 83
1652707421.197945, sdrt-health/mac:02010b41cdec/antenna/tag/e2806894000050038662194f, 81
1652707421.198141, sdrt-health/mac:02010b41cdec/antenna/tag/e2806894000050038662154f, 88
1652707421.198335, sdrt-health/mac:02010b41cdec/antenna/tag/e28068940000400386621d4f, 96
1652707421.198546, sdrt-health/mac:02010b41cdec/antenna/tag/e28068940000500386620d4f, 83
1652707421.23105, sdrt-health/mac:02010b41cdec/antenna/tag/e2806894000050038661fd4f, 86
1652707421.231311, sdrt-health/mac:02010b41cdec/antenna/tag/e28068940000500386620d4f, 81
1652707421.244886, sdrt-health/mac:02010b41cdec/antenna/tag/e2806894000050038662194f, 81
1652707421.281608, sdrt-health/mac:02010b41cdec/antenna/tag/e2806894000050038662194f, 88
1652707421.336329, sdrt-health/mac:02010b41cdec/antenna/tag/e28068940000400386621d4f, 96
1652707421.3369, sdrt-health/mac:02010b41cdec/antenna/tag/e2806894000040038662114f, 91
1652707421.354878, sdrt-health/mac:02010b41cdec/antenna/tag/e2806894000050038661fd4f, 83
1652707421.499721, sdrt-health/mac:02010b41cdec/antenna/tag/e28068940000500386620d4f, 88
1652707421.50023, sdrt-health/mac:02010b41cdec/antenna/tag/e28068940000400386621d4f, 96
1652707421.500635, sdrt-health/mac:02010b41cdec/antenna/tag/e28068940000500386620d4f, 81
1652707421.518429, sdrt-health/mac:02010b41cdec/antenna/tag/e2806894000050038661fd4f, 86
1652707421.518723, sdrt-health/mac:02010b41cdec/antenna/tag/e2806894000040038662114f, 91
1652707421.535914, sdrt-health/mac:02010b41cdec/antenna/tag/e2806894000050038661fd4f, 86
1652707421.551519, sdrt-health/mac:02010b41cdec/antenna/tag/e28068940000400386621d4f, 96
1652707421.617115, sdrt-health/mac:02010b41cdec/antenna/tag/e2806894000050038662194f, 83
1652707421.617559, sdrt-health/mac:02010b41cdec/antenna/tag/e28068940000400386621d4f, 96
1652707421.630542, sdrt-health/mac:02010b41cdec/antenna/tag/e2806894000040038662114f, 88
1652707421.673984, sdrt-health/mac:02010b41cdec/antenna/tag/e2806894000050038662154f, 85
1652707421.735508, sdrt-health/mac:02010b41cdec/antenna/tag/e2806894000050038662194f, 88
1652707421.735985, sdrt-health/mac:02010b41cdec/antenna/tag/e2806894000050038662154f, 85
1652707421.750728, sdrt-health/mac:02010b41cdec/antenna/tag/e2806894000050038661fd4f, 83
1652707421.866464, sdrt-health/mac:02010b41cdec/antenna/tag/e2806894000040038661f94f, 83
1652707421.866937, sdrt-health/mac:02010b41cdec/antenna/tag/e2806894000050038662194f, 81
1652707421.89159, sdrt-health/mac:02010b41cdec/antenna/tag/e2806894000050038661fd4f, 83
1652707421.941972, sdrt-health/mac:02010b41cdec/antenna/tag/e2806894000050038662154f, 85
1652707421.982843, sdrt-health/mac:02010b41cdec/antenna/tag/e2806894000050038661fd4f, 86
1652707422.022929, sdrt-health/mac:02010b41cdec/antenna/tag/e2806894000050038662194f, 81
1652707422.075038, sdrt-health/mac:02010b41cdec/antenna/tag/e2806894000050038661fd4f, 83
1652707422.075506, sdrt-health/mac:02010b41cdec/antenna/tag/e28068940000500386620d4f, 94
1652707422.089754, sdrt-health/mac:02010b41cdec/antenna/tag/e2806894000040038661f94f, 84
1652707422.1113, sdrt-health/mac:02010b41cdec/antenna/tag/e2806894000040038662114f, 88
1652707422.15159, sdrt-health/mac:02010b41cdec/antenna/tag/e2806894000040038661f94f, 81
1652707422.151861, sdrt-health/mac:02010b41cdec/antenna/tag/e28068940000400386621d4f, 96
1652707422.192058, sdrt-health/mac:02010b41cdec/antenna/tag/e2806894000050038662194f, 94
1652707422.231319, sdrt-health/mac:02010b41cdec/antenna/tag/e28068940000400386621d4f, 77
1652707422.285788, sdrt-health/mac:02010b41cdec/antenna/tag/e28068940000500386620d4f, 83
1652707422.286235, sdrt-health/mac:02010b41cdec/antenna/tag/e2806894000040038662114f, 88
1652707422.33291, sdrt-health/mac:02010b41cdec/antenna/tag/e28068940000400386621d4f, 96
1652707422.381789, sdrt-health/mac:02010b41cdec/antenna/tag/e2806894000040038661f94f, 81
1652707422.456974, sdrt-health/mac:02010b41cdec/antenna/tag/e2806894000050038662194f, 81
1652707422.457455, sdrt-health/mac:02010b41cdec/antenna/tag/e2806894000040038661f94f, 88
1652707422.482094, sdrt-health/mac:02010b41cdec/antenna/tag/e2806894000050038662154f, 88
1652707422.509433, sdrt-health/mac:02010b41cdec/antenna/tag/e2806894000050038661fd4f, 86
1652707422.509874, sdrt-health/mac:02010b41cdec/antenna/tag/e2806894000040038662114f, 91
1652707422.540589, sdrt-health/mac:02010b41cdec/antenna/tag/e2806894000050038661fd4f, 86
1652707422.571176, sdrt-health/mac:02010b41cdec/antenna/tag/e2806894000050038662194f, 83
1652707422.571496, sdrt-health/mac:02010b41cdec/antenna/tag/e2806894000040038662114f, 91
1652707422.586379, sdrt-health/mac:02010b41cdec/antenna/tag/e2806894000040038661f94f, 88
1652707422.586649, sdrt-health/mac:02010b41cdec/antenna/tag/e2806894000040038662054f, 81
1652707422.621182, sdrt-health/mac:02010b41cdec/antenna/tag/e2806894000050038662154f, 93
1652707422.661086, sdrt-health/mac:02010b41cdec/antenna/tag/e28068940000500386620d4f, 83
1652707422.710854, sdrt-health/mac:02010b41cdec/antenna/tag/e28068940000500386620d4f, 84
1652707422.751621, sdrt-health/mac:02010b41cdec/antenna/tag/e2806894000040038662114f, 88
1652707422.84179, sdrt-health/mac:02010b41cdec/antenna/tag/e2806894000050038662154f, 91
1652707422.87012, sdrt-health/mac:02010b41cdec/antenna/tag/e2806894000040038662114f, 88
1652707422.870658, sdrt-health/mac:02010b41cdec/antenna/tag/e28068940000500386620d4f, 81
1652707422.88474, sdrt-health/mac:02010b41cdec/antenna/tag/e2806894000040038661f94f, 83
1652707422.924124, sdrt-health/mac:02010b41cdec/antenna/tag/e2806894000040038661f94f, 81
1652707422.957001, sdrt-health/mac:02010b41cdec/antenna/tag/e28068940000500386620d4f, 83
1652707422.957574, sdrt-health/mac:02010b41cdec/antenna/tag/e2806894000040038662114f, 91
1652707422.970781, sdrt-health/mac:02010b41cdec/antenna/tag/e2806894000050038662154f, 88
1652707423.000805, sdrt-health/mac:02010b41cdec/antenna/tag/e2806894000050038661fd4f, 83
1652707423.041888, sdrt-health/mac:02010b41cdec/antenna/tag/e2806894000050038662194f, 81
1652707423.069572, sdrt-health/mac:02010b41cdec/antenna/tag/e2806894000050038661fd4f, 86
1652707423.069804, sdrt-health/mac:02010b41cdec/antenna/tag/e28068940000400386621d4f, 96
1652707423.102749, sdrt-health/mac:02010b41cdec/antenna/tag/e2806894000040038662114f, 91
1652707423.141131, sdrt-health/mac:02010b41cdec/antenna/tag/e28068940000400386621d4f, 77
1652707423.141659, sdrt-health/mac:02010b41cdec/antenna/tag/e2806894000050038662154f, 91
1652707423.141832, sdrt-health/mac:02010b41cdec/antenna/tag/e28068940000500386620d4f, 83
1652707423.181549, sdrt-health/mac:02010b41cdec/antenna/tag/e2806894000050038661fd4f, 86
1652707423.235106, sdrt-health/mac:02010b41cdec/antenna/tag/e2806894000050038662194f, 83
1652707423.235531, sdrt-health/mac:02010b41cdec/antenna/tag/e28068940000400386621d4f, 96
1652707423.261119, sdrt-health/mac:02010b41cdec/antenna/tag/e2806894000040038662054f, 88
1652707423.316281, sdrt-health/mac:02010b41cdec/antenna/tag/e28068940000400386621d4f, 77
1652707423.316724, sdrt-health/mac:02010b41cdec/antenna/tag/e28068940000400386621d4f, 96
1652707423.351306, sdrt-health/mac:02010b41cdec/antenna/tag/e2806894000050038662154f, 91
1652707423.392218, sdrt-health/mac:02010b41cdec/antenna/tag/e2806894000050038662154f, 91
1652707423.430823, sdrt-health/mac:02010b41cdec/antenna/tag/e28068940000400386621d4f, 77
1652707423.43187, sdrt-health/mac:02010b41cdec/antenna/tag/e2806894000040038662114f, 88
1652707423.482563, sdrt-health/mac:02010b41cdec/antenna/tag/e2806894000040038662114f, 88
1652707423.521, sdrt-health/mac:02010b41cdec/antenna/tag/e28068940000500386620d4f, 87
1652707423.56118, sdrt-health/mac:02010b41cdec/antenna/tag/e28068940000400386621d4f, 77
1652707423.655203, sdrt-health/mac:02010b41cdec/antenna/tag/e28068940000500386620d4f, 93
1652707423.655695, sdrt-health/mac:02010b41cdec/antenna/tag/e2806894000040038662114f, 88
1652707423.689251, sdrt-health/mac:02010b41cdec/antenna/tag/e28068940000400386621d4f, 96
1652707423.71636, sdrt-health/mac:02010b41cdec/antenna/tag/e2806894000050038662154f, 91
1652707423.716609, sdrt-health/mac:02010b41cdec/antenna/tag/e28068940000400386621d4f, 96
1652707423.731936, sdrt-health/mac:02010b41cdec/antenna/tag/e2806894000040038662114f, 91
1652707423.786512, sdrt-health/mac:02010b41cdec/antenna/tag/e2806894000040038662114f, 88
1652707423.787064, sdrt-health/mac:02010b41cdec/antenna/tag/e2806894000040038662114f, 91
1652707423.800732, sdrt-health/mac:02010b41cdec/antenna/tag/e2806894000050038662154f, 91
1652707423.810936, sdrt-health/mac:02010b41cdec/antenna/tag/e2806894000050038661fd4f, 86
1652707423.815196, sdrt-health/mac:02010b41cdec/antenna/tag/e2806894000040038662114f, 91
1652707423.872167, sdrt-health/mac:02010b41cdec/antenna/tag/e2806894000040038662114f, 97
1652707423.931907, sdrt-health/mac:02010b41cdec/antenna/tag/e2806894000040038662114f, 91
1652707423.981671, sdrt-health/mac:02010b41cdec/antenna/tag/e2806894000040038662114f, 91
1652707424.037055, sdrt-health/mac:02010b41cdec/antenna/tag/e28068940000400386621d4f, 90
1652707424.037496, sdrt-health/mac:02010b41cdec/antenna/tag/e28068940000400386621d4f, 77
1652707424.050351, sdrt-health/mac:02010b41cdec/antenna/tag/e2806894000040038662114f, 85
1652707424.060816, sdrt-health/mac:02010b41cdec/antenna/tag/e28068940000400386621d4f, 96
1652707424.100732, sdrt-health/mac:02010b41cdec/antenna/tag/e2806894000050038662154f, 91
1652707424.156067, sdrt-health/mac:02010b41cdec/antenna/tag/e2806894000040038662114f, 88
1652707424.156519, sdrt-health/mac:02010b41cdec/antenna/tag/e2806894000040038662114f, 88
1652707424.182083, sdrt-health/mac:02010b41cdec/antenna/tag/e2806894000050038662154f, 88
1652707424.236173, sdrt-health/mac:02010b41cdec/antenna/tag/e2806894000040038662114f, 88
1652707424.23663, sdrt-health/mac:02010b41cdec/antenna/tag/e2806894000050038662154f, 85
1652707424.250885, sdrt-health/mac:02010b41cdec/antenna/tag/e2806894000050038662194f, 81
1652707424.271666, sdrt-health/mac:02010b41cdec/antenna/tag/e2806894000040038662114f, 85
1652707424.311834, sdrt-health/mac:02010b41cdec/antenna/tag/e2806894000050038662154f, 97
1652707424.366406, sdrt-health/mac:02010b41cdec/antenna/tag/e2806894000040038662114f, 88
1652707424.366791, sdrt-health/mac:02010b41cdec/antenna/tag/e28068940000400386621d4f, 77
1652707424.400444, sdrt-health/mac:02010b41cdec/antenna/tag/e2806894000050038661fd4f, 86
1652707424.454098, sdrt-health/mac:02010b41cdec/antenna/tag/e28068940000400386621d4f, 96
1652707424.454577, sdrt-health/mac:02010b41cdec/antenna/tag/e2806894000050038662154f, 85
1652707424.468098, sdrt-health/mac:02010b41cdec/antenna/tag/e28068940000500386620d4f, 83
1652707424.480298, sdrt-health/mac:02010b41cdec/antenna/tag/e2806894000050038661fd4f, 86
1652707424.482746, sdrt-health/mac:02010b41cdec/antenna/tag/e2806894000040038662114f, 88
1652707424.521377, sdrt-health/mac:02010b41cdec/antenna/tag/e2806894000050038662154f, 91
1652707424.561451, sdrt-health/mac:02010b41cdec/antenna/tag/e2806894000050038662154f, 91
1652707424.615718, sdrt-health/mac:02010b41cdec/antenna/tag/e2806894000040038662114f, 88
1652707424.616211, sdrt-health/mac:02010b41cdec/antenna/tag/e2806894000050038661fd4f, 86
1652707424.630181, sdrt-health/mac:02010b41cdec/antenna/tag/e2806894000040038662114f, 85
1652707424.68539, sdrt-health/mac:02010b41cdec/antenna/tag/e28068940000500386620d4f, 81
1652707424.685879, sdrt-health/mac:02010b41cdec/antenna/tag/e28068940000400386621d4f, 96
1652707424.742331, sdrt-health/mac:02010b41cdec/antenna/tag/e2806894000040038661f94f, 83
1652707424.791517, sdrt-health/mac:02010b41cdec/antenna/tag/e2806894000050038662154f, 88
1652707424.840965, sdrt-health/mac:02010b41cdec/antenna/tag/e2806894000040038661f94f, 83
1652707424.896183, sdrt-health/mac:02010b41cdec/antenna/tag/e28068940000500386620d4f, 83
1652707424.896694, sdrt-health/mac:02010b41cdec/antenna/tag/e2806894000050038661fd4f, 86
1652707424.921564, sdrt-health/mac:02010b41cdec/antenna/tag/e2806894000050038661fd4f, 86
1652707424.961822, sdrt-health/mac:02010b41cdec/antenna/tag/e2806894000040038662114f, 85
1652707425.023748, sdrt-health/mac:02010b41cdec/antenna/tag/e28068940000400386621d4f, 96
1652707425.02429, sdrt-health/mac:02010b41cdec/antenna/tag/e2806894000050038661fd4f, 86
1652707425.051304, sdrt-health/mac:02010b41cdec/antenna/tag/e2806894000050038661fd4f, 86
1652707425.101527, sdrt-health/mac:02010b41cdec/antenna/tag/e2806894000040038661f94f, 82
1652707425.131161, sdrt-health/mac:02010b41cdec/antenna/tag/e2806894000050038662154f, 88
1652707425.131569, sdrt-health/mac:02010b41cdec/antenna/tag/e2806894000040038662114f, 91
1652707425.13186, sdrt-health/mac:02010b41cdec/antenna/tag/e2806894000040038661f94f, 81
1652707425.145271, sdrt-health/mac:02010b41cdec/antenna/tag/e28068940000500386620d4f, 81
1652707425.181616, sdrt-health/mac:02010b41cdec/antenna/tag/e2806894000040038662114f, 88
1652707425.221421, sdrt-health/mac:02010b41cdec/antenna/tag/e2806894000050038661fd4f, 83
1652707425.274803, sdrt-health/mac:02010b41cdec/antenna/tag/e28068940000400386621d4f, 77
1652707425.275342, sdrt-health/mac:02010b41cdec/antenna/tag/e2806894000040038662114f, 88
1652707425.288608, sdrt-health/mac:02010b41cdec/antenna/tag/e2806894000040038662114f, 91
1652707425.313792, sdrt-health/mac:02010b41cdec/antenna/tag/e2806894000040038662054f, 81
1652707425.369978, sdrt-health/mac:02010b41cdec/antenna/tag/e28068940000400386621d4f, 96
1652707425.424812, sdrt-health/mac:02010b41cdec/antenna/tag/e2806894000040038662114f, 91
1652707425.425208, sdrt-health/mac:02010b41cdec/antenna/tag/e2806894000050038662154f, 88
1652707425.438692, sdrt-health/mac:02010b41cdec/antenna/tag/e2806894000040038662114f, 97
1652707425.461785, sdrt-health/mac:02010b41cdec/antenna/tag/e2806894000050038661fd4f, 86
1652707425.502231, sdrt-health/mac:02010b41cdec/antenna/tag/e2806894000050038661fd4f, 86
1652707425.541562, sdrt-health/mac:02010b41cdec/antenna/tag/e28068940000400386621d4f, 90
1652707425.581047, sdrt-health/mac:02010b41cdec/antenna/tag/e2806894000040038661f94f, 94
1652707425.621102, sdrt-health/mac:02010b41cdec/antenna/tag/e2806894000050038661fd4f, 83
1652707425.691847, sdrt-health/mac:02010b41cdec/antenna/tag/e2806894000050038661fd4f, 86
1652707425.7313, sdrt-health/mac:02010b41cdec/antenna/tag/e2806894000050038661fd4f, 86
1652707425.786371, sdrt-health/mac:02010b41cdec/antenna/tag/e2806894000040038662114f, 88
1652707425.786824, sdrt-health/mac:02010b41cdec/antenna/tag/e2806894000040038662114f, 88
1652707425.832469, sdrt-health/mac:02010b41cdec/antenna/tag/e2806894000050038662154f, 97
1652707425.872094, sdrt-health/mac:02010b41cdec/antenna/tag/e2806894000050038662154f, 91
1652707425.910929, sdrt-health/mac:02010b41cdec/antenna/tag/e28068940000400386621d4f, 77
1652707425.964808, sdrt-health/mac:02010b41cdec/antenna/tag/e2806894000050038662194f, 83
1652707425.965365, sdrt-health/mac:02010b41cdec/antenna/tag/e28068940000500386620d4f, 81
1652707425.991453, sdrt-health/mac:02010b41cdec/antenna/tag/e2806894000040038662214f, 81
1652707426.030769, sdrt-health/mac:02010b41cdec/antenna/tag/e28068940000500386620d4f, 87
1652707426.112944, sdrt-health/mac:02010b41cdec/antenna/tag/e28068940000400386621d4f, 77
1652707426.151588, sdrt-health/mac:02010b41cdec/antenna/tag/e2806894000050038661fd4f, 86
1652707426.205914, sdrt-health/mac:02010b41cdec/antenna/tag/e2806894000050038661fd4f, 83
1652707426.206248, sdrt-health/mac:02010b41cdec/antenna/tag/e2806894000050038662154f, 91
1652707426.230468, sdrt-health/mac:02010b41cdec/antenna/tag/e28068940000500386620d4f, 81
1652707426.283236, sdrt-health/mac:02010b41cdec/antenna/tag/e2806894000040038661f94f, 94
1652707426.35527, sdrt-health/mac:02010b41cdec/antenna/tag/e2806894000050038661fd4f, 86
1652707426.355725, sdrt-health/mac:02010b41cdec/antenna/tag/e2806894000040038661f94f, 81
1652707426.39567, sdrt-health/mac:02010b41cdec/antenna/tag/e28068940000500386620d4f, 81
1652707426.442361, sdrt-health/mac:02010b41cdec/antenna/tag/e2806894000050038661fd4f, 86
1652707426.442794, sdrt-health/mac:02010b41cdec/antenna/tag/e28068940000400386621d4f, 77
1652707426.459875, sdrt-health/mac:02010b41cdec/antenna/tag/e2806894000050038661fd4f, 90
1652707426.460072, sdrt-health/mac:02010b41cdec/antenna/tag/e2806894000040038662114f, 85
1652707426.460187, sdrt-health/mac:02010b41cdec/antenna/tag/e2806894000050038662154f, 91
1652707426.473511, sdrt-health/mac:02010b41cdec/antenna/tag/e2806894000040038662114f, 88
1652707426.512559, sdrt-health/mac:02010b41cdec/antenna/tag/e2806894000050038662154f, 88
1652707426.617729, sdrt-health/mac:02010b41cdec/antenna/tag/e2806894000050038661fd4f, 83
1652707426.618238, sdrt-health/mac:02010b41cdec/antenna/tag/e2806894000040038662114f, 88
1652707426.618564, sdrt-health/mac:02010b41cdec/antenna/tag/e2806894000050038662194f, 84
1652707426.618884, sdrt-health/mac:02010b41cdec/antenna/tag/e2806894000050038662194f, 83
1652707426.642562, sdrt-health/mac:02010b41cdec/antenna/tag/e2806894000050038662154f, 88
1652707426.651273, sdrt-health/mac:02010b41cdec/antenna/tag/e2806894000050038662154f, 91
1652707426.696666, sdrt-health/mac:02010b41cdec/antenna/tag/e2806894000050038661fd4f, 86
1652707426.760709, sdrt-health/mac:02010b41cdec/antenna/tag/e28068940000400386621d4f, 96
1652707426.761199, sdrt-health/mac:02010b41cdec/antenna/tag/e28068940000500386620d4f, 83
1652707426.761571, sdrt-health/mac:02010b41cdec/antenna/tag/e2806894000040038662114f, 91
1652707426.781877, sdrt-health/mac:02010b41cdec/antenna/tag/e28068940000400386621d4f, 96
1652707426.810721, sdrt-health/mac:02010b41cdec/antenna/tag/e28068940000400386621d4f, 96
1652707426.932512, sdrt-health/mac:02010b41cdec/antenna/tag/e2806894000050038662194f, 94
1652707426.990773, sdrt-health/mac:02010b41cdec/antenna/tag/e28068940000500386620d4f, 81
1652707427.050806, sdrt-health/mac:02010b41cdec/antenna/tag/e28068940000400386621d4f, 77
1652707427.091113, sdrt-health/mac:02010b41cdec/antenna/tag/e28068940000500386620d4f, 87
1652707427.131746, sdrt-health/mac:02010b41cdec/antenna/tag/e2806894000050038662154f, 91
1652707427.195826, sdrt-health/mac:02010b41cdec/antenna/tag/e2806894000040038662114f, 88
1652707427.196358, sdrt-health/mac:02010b41cdec/antenna/tag/e2806894000040038662114f, 88
1652707427.222009, sdrt-health/mac:02010b41cdec/antenna/tag/e28068940000400386621d4f, 77
1652707427.356545, sdrt-health/mac:02010b41cdec/antenna/tag/e2806894000050038661fd4f, 86
1652707427.357072, sdrt-health/mac:02010b41cdec/antenna/tag/e2806894000040038661f94f, 87
1652707427.372307, sdrt-health/mac:02010b41cdec/antenna/tag/e28068940000500386620d4f, 81
1652707427.390047, sdrt-health/mac:02010b41cdec/antenna/tag/e2806894000050038661fd4f, 86
1652707427.390431, sdrt-health/mac:02010b41cdec/antenna/tag/e2806894000040038662114f, 88
1652707427.405067, sdrt-health/mac:02010b41cdec/antenna/tag/e28068940000400386621d4f, 96
1652707427.405451, sdrt-health/mac:02010b41cdec/antenna/tag/e28068940000400386621d4f, 90
1652707427.440924, sdrt-health/mac:02010b41cdec/antenna/tag/e2806894000040038662114f, 91
1652707427.480257, sdrt-health/mac:02010b41cdec/antenna/tag/e2806894000050038661fd4f, 86
1652707427.536235, sdrt-health/mac:02010b41cdec/antenna/tag/e2806894000050038662194f, 81
1652707427.536686, sdrt-health/mac:02010b41cdec/antenna/tag/e28068940000500386620d4f, 87
1652707427.571232, sdrt-health/mac:02010b41cdec/antenna/tag/e28068940000500386620d4f, 83
1652707427.655356, sdrt-health/mac:02010b41cdec/antenna/tag/e2806894000050038662194f, 81
1652707427.655893, sdrt-health/mac:02010b41cdec/antenna/tag/e2806894000040038662114f, 91
1652707427.68099, sdrt-health/mac:02010b41cdec/antenna/tag/e2806894000050038662154f, 88
1652707427.736339, sdrt-health/mac:02010b41cdec/antenna/tag/e28068940000500386620d4f, 94
1652707427.736756, sdrt-health/mac:02010b41cdec/antenna/tag/e2806894000050038662154f, 88
1652707427.762723, sdrt-health/mac:02010b41cdec/antenna/tag/e2806894000050038661fd4f, 90
1652707427.820373, sdrt-health/mac:02010b41cdec/antenna/tag/e2806894000040038661f94f, 81
1652707427.867226, sdrt-health/mac:02010b41cdec/antenna/tag/e28068940000400386621d4f, 96
1652707427.867645, sdrt-health/mac:02010b41cdec/antenna/tag/e2806894000050038661fd4f, 86
1652707427.890751, sdrt-health/mac:02010b41cdec/antenna/tag/e2806894000050038662154f, 91
1652707427.931497, sdrt-health/mac:02010b41cdec/antenna/tag/e2806894000040038662114f, 88
1652707427.986394, sdrt-health/mac:02010b41cdec/antenna/tag/e28068940000400386621d4f, 96
1652707427.986921, sdrt-health/mac:02010b41cdec/antenna/tag/e28068940000500386620d4f, 87
1652707428.051318, sdrt-health/mac:02010b41cdec/antenna/tag/e2806894000040038662114f, 91
1652707428.091576, sdrt-health/mac:02010b41cdec/antenna/tag/e28068940000400386621d4f, 96
1652707428.145228, sdrt-health/mac:02010b41cdec/antenna/tag/e28068940000400386621d4f, 96
1652707428.145499, sdrt-health/mac:02010b41cdec/antenna/tag/e28068940000500386620d4f, 87
1652707428.172711, sdrt-health/mac:02010b41cdec/antenna/tag/e2806894000040038662214f, 88
1652707428.2307, sdrt-health/mac:02010b41cdec/antenna/tag/e2806894000040038662214f, 81
1652707428.231145, sdrt-health/mac:02010b41cdec/antenna/tag/e28068940000400386621d4f, 96
1652707428.246296, sdrt-health/mac:02010b41cdec/antenna/tag/e2806894000040038662114f, 85
1652707428.251663, sdrt-health/mac:02010b41cdec/antenna/tag/e28068940000500386620d4f, 93
1652707428.260938, sdrt-health/mac:02010b41cdec/antenna/tag/e2806894000040038661f94f, 81
1652707428.291694, sdrt-health/mac:02010b41cdec/antenna/tag/e2806894000050038662154f, 88
1652707428.331098, sdrt-health/mac:02010b41cdec/antenna/tag/e2806894000050038662194f, 81
1652707428.37136, sdrt-health/mac:02010b41cdec/antenna/tag/e2806894000040038661f94f, 94
1652707428.425244, sdrt-health/mac:02010b41cdec/antenna/tag/e2806894000050038662194f, 87
1652707428.425737, sdrt-health/mac:02010b41cdec/antenna/tag/e2806894000050038662154f, 88
1652707428.450418, sdrt-health/mac:02010b41cdec/antenna/tag/e2806894000040038662114f, 91
1652707428.552591, sdrt-health/mac:02010b41cdec/antenna/tag/e2806894000050038662194f, 83
1652707428.612288, sdrt-health/mac:02010b41cdec/antenna/tag/e2806894000050038661fd4f, 86
1652707428.644295, sdrt-health/mac:02010b41cdec/antenna/tag/e28068940000500386620d4f, 83
1652707428.644644, sdrt-health/mac:02010b41cdec/antenna/tag/e2806894000050038661fd4f, 86
1652707428.658891, sdrt-health/mac:02010b41cdec/antenna/tag/e28068940000400386621d4f, 96
1652707428.659244, sdrt-health/mac:02010b41cdec/antenna/tag/e2806894000050038662154f, 88
1652707428.691284, sdrt-health/mac:02010b41cdec/antenna/tag/e2806894000040038661f94f, 81
1652707428.731016, sdrt-health/mac:02010b41cdec/antenna/tag/e2806894000050038661fd4f, 83
1652707428.731375, sdrt-health/mac:02010b41cdec/antenna/tag/e2806894000050038662194f, 81
1652707428.771919, sdrt-health/mac:02010b41cdec/antenna/tag/e2806894000040038662114f, 88
1652707428.886649, sdrt-health/mac:02010b41cdec/antenna/tag/e28068940000400386621d4f, 77
1652707428.887254, sdrt-health/mac:02010b41cdec/antenna/tag/e2806894000050038661fd4f, 90
1652707428.911773, sdrt-health/mac:02010b41cdec/antenna/tag/e2806894000050038662154f, 88
1652707428.968628, sdrt-health/mac:02010b41cdec/antenna/tag/e2806894000050038662154f, 91
1652707428.969116, sdrt-health/mac:02010b41cdec/antenna/tag/e2806894000050038662154f, 88
1652707428.982872, sdrt-health/mac:02010b41cdec/antenna/tag/e28068940000400386621d4f, 96
1652707428.992469, sdrt-health/mac:02010b41cdec/antenna/tag/e2806894000050038661fd4f, 90
1652707429.032662, sdrt-health/mac:02010b41cdec/antenna/tag/e2806894000050038662194f, 81
1652707429.126942, sdrt-health/mac:02010b41cdec/antenna/tag/e28068940000400386621d4f, 96
1652707429.127407, sdrt-health/mac:02010b41cdec/antenna/tag/e28068940000500386620d4f, 83
1652707429.15202, sdrt-health/mac:02010b41cdec/antenna/tag/e2806894000050038662194f, 81
1652707429.211682, sdrt-health/mac:02010b41cdec/antenna/tag/e28068940000500386620d4f, 83
1652707429.251312, sdrt-health/mac:02010b41cdec/antenna/tag/e2806894000040038662114f, 88
1652707429.333843, sdrt-health/mac:02010b41cdec/antenna/tag/e28068940000500386620d4f, 83
1652707429.389611, sdrt-health/mac:02010b41cdec/antenna/tag/e2806894000050038662154f, 88
1652707429.418448, sdrt-health/mac:02010b41cdec/antenna/tag/e2806894000050038662194f, 81
1652707429.418891, sdrt-health/mac:02010b41cdec/antenna/tag/e28068940000500386620d4f, 81
1652707429.492128, sdrt-health/mac:02010b41cdec/antenna/tag/e2806894000050038662154f, 88
1652707429.546376, sdrt-health/mac:02010b41cdec/antenna/tag/e2806894000050038662194f, 84
1652707429.546877, sdrt-health/mac:02010b41cdec/antenna/tag/e2806894000050038661fd4f, 86
1652707429.63156, sdrt-health/mac:02010b41cdec/antenna/tag/e2806894000050038662154f, 91
1652707429.671996, sdrt-health/mac:02010b41cdec/antenna/tag/e28068940000400386621d4f, 96
1652707429.712612, sdrt-health/mac:02010b41cdec/antenna/tag/e2806894000040038661f94f, 84
1652707429.751642, sdrt-health/mac:02010b41cdec/antenna/tag/e2806894000050038662154f, 93
1652707429.791502, sdrt-health/mac:02010b41cdec/antenna/tag/e2806894000050038661fd4f, 86
1652707429.866141, sdrt-health/mac:02010b41cdec/antenna/tag/e2806894000050038662154f, 88
1652707429.866616, sdrt-health/mac:02010b41cdec/antenna/tag/e2806894000050038661fd4f, 83
1652707429.891004, sdrt-health/mac:02010b41cdec/antenna/tag/e2806894000040038662114f, 88
1652707429.892013, sdrt-health/mac:02010b41cdec/antenna/tag/e2806894000050038662154f, 91
1652707429.93151, sdrt-health/mac:02010b41cdec/antenna/tag/e2806894000040038662114f, 85
1652707429.959467, sdrt-health/mac:02010b41cdec/antenna/tag/e2806894000040038662114f, 88
1652707429.959741, sdrt-health/mac:02010b41cdec/antenna/tag/e2806894000050038662154f, 91
1652707429.973277, sdrt-health/mac:02010b41cdec/antenna/tag/e28068940000400386621d4f, 77
1652707430.010803, sdrt-health/mac:02010b41cdec/antenna/tag/e2806894000040038662054f, 88
1652707430.03947, sdrt-health/mac:02010b41cdec/antenna/tag/e28068940000400386621d4f, 96
1652707430.039878, sdrt-health/mac:02010b41cdec/antenna/tag/e28068940000500386620d4f, 83
1652707430.040283, sdrt-health/mac:02010b41cdec/antenna/tag/e2806894000050038662194f, 88
1652707430.054051, sdrt-health/mac:02010b41cdec/antenna/tag/e2806894000050038662154f, 85
1652707430.09176, sdrt-health/mac:02010b41cdec/antenna/tag/e2806894000040038661f94f, 94
1652707430.09224, sdrt-health/mac:02010b41cdec/antenna/tag/e2806894000050038662194f, 87
1652707430.133998, sdrt-health/mac:02010b41cdec/antenna/tag/e2806894000050038662154f, 88
1652707430.18634, sdrt-health/mac:02010b41cdec/antenna/tag/e2806894000050038661fd4f, 86
1652707430.186751, sdrt-health/mac:02010b41cdec/antenna/tag/e28068940000400386621d4f, 96
1652707430.201198, sdrt-health/mac:02010b41cdec/antenna/tag/e28068940000400386621d4f, 96
1652707430.214133, sdrt-health/mac:02010b41cdec/antenna/tag/e2806894000050038661fd4f, 86
1652707430.215506, sdrt-health/mac:02010b41cdec/antenna/tag/e2806894000050038662154f, 97
1652707430.262655, sdrt-health/mac:02010b41cdec/antenna/tag/e2806894000040038662114f, 91
1652707430.302625, sdrt-health/mac:02010b41cdec/antenna/tag/e28068940000500386620d4f, 81
1652707430.303154, sdrt-health/mac:02010b41cdec/antenna/tag/e2806894000040038662114f, 97
1652707430.402517, sdrt-health/mac:02010b41cdec/antenna/tag/e2806894000050038662154f, 91
1652707430.402982, sdrt-health/mac:02010b41cdec/antenna/tag/e28068940000400386621d4f, 90
1652707430.417413, sdrt-health/mac:02010b41cdec/antenna/tag/e2806894000040038662114f, 91
1652707430.431021, sdrt-health/mac:02010b41cdec/antenna/tag/e28068940000500386620d4f, 83
1652707430.431219, sdrt-health/mac:02010b41cdec/antenna/tag/e2806894000050038661fd4f, 86
1652707430.431332, sdrt-health/mac:02010b41cdec/antenna/tag/e2806894000050038662154f, 91
1652707430.431458, sdrt-health/mac:02010b41cdec/antenna/tag/e2806894000050038662194f, 83
1652707430.481866, sdrt-health/mac:02010b41cdec/antenna/tag/e2806894000050038662154f, 97
1652707430.520739, sdrt-health/mac:02010b41cdec/antenna/tag/e28068940000500386620d4f, 81
1652707430.571396, sdrt-health/mac:02010b41cdec/antenna/tag/e2806894000040038662114f, 88
1652707430.611672, sdrt-health/mac:02010b41cdec/antenna/tag/e28068940000400386621d4f, 77
1652707430.650838, sdrt-health/mac:02010b41cdec/antenna/tag/e28068940000400386621d4f, 96
1652707430.692321, sdrt-health/mac:02010b41cdec/antenna/tag/e2806894000040038662114f, 91
1652707430.746582, sdrt-health/mac:02010b41cdec/antenna/tag/e2806894000050038662154f, 88
1652707430.747031, sdrt-health/mac:02010b41cdec/antenna/tag/e28068940000400386621d4f, 96
1652707430.747367, sdrt-health/mac:02010b41cdec/antenna/tag/e2806894000050038661fd4f, 86
1652707430.760843, sdrt-health/mac:02010b41cdec/antenna/tag/e28068940000400386621d4f, 96
1652707430.761106, sdrt-health/mac:02010b41cdec/antenna/state, connected
1652707430.761304, sdrt-health/mac:02010b41cdec/fw, {"version":"1.8.1","model":"200","hash":"2f556501b58f1dad542af428d7928d18","timestamp":1652707427}
1652707430.770998, sdrt-health/mac:02010b41cdec/antenna/tag/e2806894000040038662114f, 88
1652707430.811404, sdrt-health/mac:02010b41cdec/antenna/tag/e2806894000050038662194f, 94
1652707430.865449, sdrt-health/mac:02010b41cdec/antenna/tag/e28068940000400386621d4f, 77
1652707430.865924, sdrt-health/mac:02010b41cdec/antenna/tag/e2806894000050038661fd4f, 86
1652707430.866301, sdrt-health/mac:02010b41cdec/antenna/tag/e2806894000040038662114f, 88
1652707430.891609, sdrt-health/mac:02010b41cdec/antenna/tag/e28068940000500386620d4f, 83
1652707430.931211, sdrt-health/mac:02010b41cdec/antenna/tag/e28068940000400386621d4f, 96
1652707430.931465, sdrt-health/mac:02010b41cdec/antenna/version, hPbO
1652707430.971109, sdrt-health/mac:02010b41cdec/antenna/tag/e2806894000040038662114f, 91
1652707431.011716, sdrt-health/mac:02010b41cdec/antenna/tag/e2806894000040038662114f, 91
1652707431.051738, sdrt-health/mac:02010b41cdec/antenna/tag/e2806894000040038662114f, 88
1652707431.107007, sdrt-health/mac:02010b41cdec/antenna/tag/e28068940000500386620d4f, 88
1652707431.107485, sdrt-health/mac:02010b41cdec/antenna/tag/e28068940000400386621d4f, 77
1652707431.107821, sdrt-health/mac:02010b41cdec/antenna/tag/e28068940000400386621d4f, 77
1652707431.134446, sdrt-health/mac:02010b41cdec/antenna/tag/e2806894000050038662154f, 88
1652707431.185699, sdrt-health/mac:02010b41cdec/antenna/tag/e2806894000050038661fd4f, 86
1652707431.186094, sdrt-health/mac:02010b41cdec/antenna/tag/e2806894000050038661fd4f, 90
1652707431.210808, sdrt-health/mac:02010b41cdec/antenna/tag/e28068940000500386620d4f, 94
1652707431.28161, sdrt-health/mac:02010b41cdec/antenna/tag/e2806894000040038662114f, 88
1652707431.321131, sdrt-health/mac:02010b41cdec/antenna/tag/e2806894000040038662114f, 88
1652707431.366665, sdrt-health/mac:02010b41cdec/antenna/tag/e28068940000500386620d4f, 81
1652707431.41098, sdrt-health/mac:02010b41cdec/antenna/tag/e2806894000050038662154f, 97
1652707431.444809, sdrt-health/mac:02010b41cdec/antenna/tag/e28068940000500386620d4f, 94
1652707431.482689, sdrt-health/mac:02010b41cdec/antenna/tag/e28068940000500386620d4f, 81
1652707431.52274, sdrt-health/mac:02010b41cdec/antenna/tag/e2806894000050038661fd4f, 83
1652707431.579076, sdrt-health/mac:02010b41cdec/antenna/tag/e2806894000050038661fd4f, 86
1652707431.626256, sdrt-health/mac:02010b41cdec/antenna/tag/e28068940000400386621d4f, 77
1652707431.626666, sdrt-health/mac:02010b41cdec/antenna/tag/e2806894000050038662154f, 85
1652707431.626963, sdrt-health/mac:02010b41cdec/antenna/tag/e2806894000040038662054f, 94
1652707431.661936, sdrt-health/mac:02010b41cdec/antenna/tag/e28068940000500386620d4f, 94
1652707431.701415, sdrt-health/mac:02010b41cdec/antenna/tag/e2806894000050038661fd4f, 86
1652707431.756163, sdrt-health/mac:02010b41cdec/antenna/tag/e2806894000050038661fd4f, 86
1652707431.756675, sdrt-health/mac:02010b41cdec/antenna/tag/e2806894000040038662114f, 88
1652707431.770749, sdrt-health/mac:02010b41cdec/antenna/tag/e28068940000400386621d4f, 96
1652707431.828037, sdrt-health/mac:02010b41cdec/antenna/tag/e2806894000040038662114f, 91
1652707431.828479, sdrt-health/mac:02010b41cdec/antenna/tag/e2806894000050038661fd4f, 90
1652707431.861123, sdrt-health/mac:02010b41cdec/antenna/tag/e28068940000400386621d4f, 90
1652707431.926397, sdrt-health/mac:02010b41cdec/antenna/tag/e2806894000040038662114f, 97
1652707431.926918, sdrt-health/mac:02010b41cdec/antenna/tag/e2806894000050038662154f, 88
1652707431.950899, sdrt-health/mac:02010b41cdec/antenna/tag/e28068940000400386621d4f, 96
1652707432.068856, sdrt-health/mac:02010b41cdec/antenna/tag/e2806894000050038661fd4f, 90
1652707432.069321, sdrt-health/mac:02010b41cdec/antenna/tag/e2806894000040038662214f, 88
1652707432.132242, sdrt-health/mac:02010b41cdec/antenna/tag/e2806894000040038662054f, 82
1652707432.186265, sdrt-health/mac:02010b41cdec/antenna/tag/e2806894000050038662194f, 84
1652707432.186744, sdrt-health/mac:02010b41cdec/antenna/tag/e2806894000050038662154f, 88
1652707432.203164, sdrt-health/mac:02010b41cdec/antenna/tag/e2806894000040038661f94f, 83
1652707432.211303, sdrt-health/mac:02010b41cdec/antenna/tag/e2806894000040038662114f, 88
1652707432.253004, sdrt-health/mac:02010b41cdec/antenna/tag/e2806894000050038661fd4f, 86
1652707432.281161, sdrt-health/mac:02010b41cdec/antenna/tag/e2806894000040038662114f, 85
1652707432.281362, sdrt-health/mac:02010b41cdec/antenna/tag/e28068940000400386621d4f, 77
1652707432.294828, sdrt-health/mac:02010b41cdec/antenna/tag/e2806894000050038662194f, 83
1652707432.331296, sdrt-health/mac:02010b41cdec/antenna/tag/e2806894000050038662194f, 81
1652707432.370858, sdrt-health/mac:02010b41cdec/antenna/tag/e28068940000400386621d4f, 77
1652707432.429307, sdrt-health/mac:02010b41cdec/antenna/tag/e2806894000050038662154f, 91
1652707432.429761, sdrt-health/mac:02010b41cdec/antenna/tag/e28068940000400386621d4f, 77
1652707432.430092, sdrt-health/mac:02010b41cdec/antenna/tag/e2806894000050038661fd4f, 83
1652707432.430467, sdrt-health/mac:02010b41cdec/antenna/tag/e2806894000050038661fd4f, 86
1652707432.501677, sdrt-health/mac:02010b41cdec/antenna/tag/e28068940000400386621d4f, 96
1652707432.573347, sdrt-health/mac:02010b41cdec/antenna/tag/e2806894000050038662194f, 84
1652707432.612587, sdrt-health/mac:02010b41cdec/antenna/tag/e2806894000050038662154f, 91
1652707432.641115, sdrt-health/mac:02010b41cdec/antenna/tag/e28068940000400386621d4f, 96
1652707432.641567, sdrt-health/mac:02010b41cdec/antenna/tag/e2806894000040038662114f, 91
1652707432.641843, sdrt-health/mac:02010b41cdec/antenna/tag/e2806894000050038661fd4f, 90
1652707432.711581, sdrt-health/mac:02010b41cdec/antenna/tag/e2806894000040038661f94f, 94
1652707432.750751, sdrt-health/mac:02010b41cdec/antenna/tag/e2806894000040038661f94f, 81
1652707432.791611, sdrt-health/mac:02010b41cdec/antenna/tag/e2806894000050038662154f, 91
1652707432.875297, sdrt-health/mac:02010b41cdec/antenna/tag/e2806894000040038662114f, 88
1652707432.875832, sdrt-health/mac:02010b41cdec/antenna/tag/e2806894000040038662114f, 91
1652707432.97079, sdrt-health/mac:02010b41cdec/antenna/tag/e28068940000400386621d4f, 96
1652707432.999938, sdrt-health/mac:02010b41cdec/antenna/tag/e2806894000050038661fd4f, 90
1652707433.00025, sdrt-health/mac:02010b41cdec/antenna/tag/e2806894000050038662194f, 88
1652707433.000465, sdrt-health/mac:02010b41cdec/antenna/tag/e2806894000050038661fd4f, 83
1652707433.013764, sdrt-health/mac:02010b41cdec/antenna/tag/e28068940000500386620d4f, 87
1652707433.013995, sdrt-health/mac:02010b41cdec/antenna/tag/e28068940000500386620d4f, 93
1652707433.05153, sdrt-health/mac:02010b41cdec/antenna/tag/e2806894000040038662114f, 88
1652707433.091654, sdrt-health/mac:02010b41cdec/antenna/tag/e2806894000050038661fd4f, 86
1652707433.13177, sdrt-health/mac:02010b41cdec/antenna/tag/e2806894000050038662154f, 91
1652707433.184945, sdrt-health/mac:02010b41cdec/antenna/tag/e28068940000500386620d4f, 83
1652707433.185227, sdrt-health/mac:02010b41cdec/antenna/tag/e28068940000400386621d4f, 96
1652707433.231792, sdrt-health/mac:02010b41cdec/antenna/tag/e2806894000040038662114f, 91
1652707433.271851, sdrt-health/mac:02010b41cdec/antenna/tag/e2806894000040038662114f, 97
1652707433.323648, sdrt-health/mac:02010b41cdec/antenna/tag/e2806894000050038662154f, 88
1652707433.32423, sdrt-health/mac:02010b41cdec/antenna/tag/e2806894000050038661fd4f, 86
1652707433.337991, sdrt-health/mac:02010b41cdec/antenna/tag/e2806894000050038662154f, 91
1652707433.401284, sdrt-health/mac:02010b41cdec/antenna/tag/e2806894000050038661fd4f, 83
1652707433.459947, sdrt-health/mac:02010b41cdec/antenna/tag/e2806894000050038662194f, 94
1652707433.491576, sdrt-health/mac:02010b41cdec/antenna/tag/e2806894000050038662194f, 88
1652707433.541422, sdrt-health/mac:02010b41cdec/antenna/tag/e2806894000040038661f94f, 82
1652707433.570795, sdrt-health/mac:02010b41cdec/antenna/tag/e2806894000040038662114f, 85
1652707433.571226, sdrt-health/mac:02010b41cdec/antenna/tag/e2806894000040038662214f, 83
1652707433.585934, sdrt-health/mac:02010b41cdec/antenna/tag/e2806894000050038662194f, 88
1652707433.621503, sdrt-health/mac:02010b41cdec/antenna/tag/e28068940000400386621d4f, 77
1652707433.661546, sdrt-health/mac:02010b41cdec/antenna/tag/e2806894000050038662154f, 91
1652707433.701614, sdrt-health/mac:02010b41cdec/antenna/tag/e2806894000050038661fd4f, 86
1652707433.736844, sdrt-health/mac:02010b41cdec/antenna/tag/e2806894000050038661fd4f, 86
1652707433.737353, sdrt-health/mac:02010b41cdec/antenna/tag/e2806894000040038662114f, 88
1652707433.970529, sdrt-health/mac:02010b41cdec/antenna/tag/e28068940000500386620d4f, 94
1652707433.998784, sdrt-health/mac:02010b41cdec/antenna/tag/e2806894000040038662114f, 88
1652707433.999052, sdrt-health/mac:02010b41cdec/antenna/tag/e28068940000400386621d4f, 96
1652707433.999238, sdrt-health/mac:02010b41cdec/antenna/tag/e2806894000050038661fd4f, 86
1652707433.999468, sdrt-health/mac:02010b41cdec/antenna/tag/e28068940000400386621d4f, 96
1652707433.99965, sdrt-health/mac:02010b41cdec/antenna/tag/e2806894000040038662114f, 97
1652707433.999837, sdrt-health/mac:02010b41cdec/antenna/tag/e28068940000400386621d4f, 90
1652707434.000028, sdrt-health/mac:02010b41cdec/antenna/tag/e2806894000050038662154f, 88
1652707434.000222, sdrt-health/mac:02010b41cdec/antenna/tag/e28068940000400386621d4f, 90
1652707434.043038, sdrt-health/mac:02010b41cdec/antenna/tag/e28068940000500386620d4f, 88
1652707434.10487, sdrt-health/mac:02010b41cdec/antenna/tag/e2806894000050038662194f, 81
1652707434.105391, sdrt-health/mac:02010b41cdec/antenna/tag/e2806894000040038662114f, 85
1652707434.11878, sdrt-health/mac:02010b41cdec/antenna/tag/e2806894000040038661f94f, 88
1652707434.141495, sdrt-health/mac:02010b41cdec/antenna/tag/e2806894000050038661fd4f, 90
1652707434.180755, sdrt-health/mac:02010b41cdec/antenna/tag/e2806894000050038662194f, 81
1652707434.221827, sdrt-health/mac:02010b41cdec/antenna/tag/e2806894000040038662114f, 91
1652707434.27365, sdrt-health/mac:02010b41cdec/antenna/tag/e2806894000050038662194f, 83
1652707434.274124, sdrt-health/mac:02010b41cdec/antenna/tag/e2806894000050038662154f, 91
1652707434.301707, sdrt-health/mac:02010b41cdec/antenna/tag/e28068940000500386620d4f, 83
1652707434.330107, sdrt-health/mac:02010b41cdec/antenna/tag/e2806894000040038661f94f, 84
1652707434.330384, sdrt-health/mac:02010b41cdec/antenna/tag/e2806894000040038662114f, 91
1652707434.344644, sdrt-health/mac:02010b41cdec/antenna/tag/e2806894000050038661fd4f, 86
1652707434.381535, sdrt-health/mac:02010b41cdec/antenna/tag/e2806894000040038661f94f, 84
1652707434.421234, sdrt-health/mac:02010b41cdec/antenna/tag/e2806894000040038661f94f, 84
1652707434.461354, sdrt-health/mac:02010b41cdec/antenna/tag/e2806894000040038661f94f, 88
1652707434.501464, sdrt-health/mac:02010b41cdec/antenna/tag/e2806894000050038662154f, 91
1652707434.551907, sdrt-health/mac:02010b41cdec/antenna/tag/e28068940000400386621d4f, 77
1652707434.67035, sdrt-health/mac:02010b41cdec/antenna/tag/e2806894000050038662154f, 88
1652707434.671034, sdrt-health/mac:02010b41cdec/antenna/tag/e2806894000040038662214f, 94
1652707434.713837, sdrt-health/mac:02010b41cdec/antenna/tag/e2806894000040038661f94f, 94
1652707434.743114, sdrt-health/mac:02010b41cdec/antenna/tag/e28068940000500386620d4f, 81
1652707434.743431, sdrt-health/mac:02010b41cdec/antenna/tag/e2806894000040038662114f, 88
1652707434.757204, sdrt-health/mac:02010b41cdec/antenna/tag/e28068940000400386621d4f, 77
1652707434.757673, sdrt-health/mac:02010b41cdec/antenna/tag/e2806894000040038662114f, 85
1652707434.758072, sdrt-health/mac:02010b41cdec/antenna/tag/e2806894000040038661f94f, 83
1652707434.792085, sdrt-health/mac:02010b41cdec/antenna/tag/e28068940000400386621d4f, 96
1652707434.831883, sdrt-health/mac:02010b41cdec/antenna/tag/e2806894000040038661f94f, 81
1652707434.871133, sdrt-health/mac:02010b41cdec/antenna/tag/e2806894000050038661fd4f, 83
1652707434.92132, sdrt-health/mac:02010b41cdec/antenna/tag/e2806894000050038662194f, 81
1652707434.961379, sdrt-health/mac:02010b41cdec/antenna/tag/e2806894000050038662154f, 85
1652707435.01459, sdrt-health/mac:02010b41cdec/antenna/tag/e28068940000500386620d4f, 81
1652707435.015035, sdrt-health/mac:02010b41cdec/antenna/tag/e2806894000040038662114f, 88
1652707435.041904, sdrt-health/mac:02010b41cdec/antenna/tag/e2806894000040038661f94f, 82
1652707435.081139, sdrt-health/mac:02010b41cdec/antenna/tag/e28068940000500386620d4f, 83
1652707435.081439, sdrt-health/mac:02010b41cdec/antenna/tag/e2806894000040038662114f, 85
1652707435.121787, sdrt-health/mac:02010b41cdec/antenna/tag/e2806894000040038662114f, 88
1652707435.122262, sdrt-health/mac:02010b41cdec/antenna/tag/e2806894000040038662114f, 91
1652707435.180903, sdrt-health/mac:02010b41cdec/antenna/tag/e2806894000050038662154f, 88
1652707435.181438, sdrt-health/mac:02010b41cdec/antenna/tag/e28068940000500386620d4f, 87
1652707435.201692, sdrt-health/mac:02010b41cdec/antenna/tag/e2806894000040038661f94f, 88
1652707435.255378, sdrt-health/mac:02010b41cdec/antenna/tag/e2806894000050038662194f, 81
1652707435.256116, sdrt-health/mac:02010b41cdec/antenna/tag/e28068940000500386620d4f, 83
1652707435.25656, sdrt-health/mac:02010b41cdec/antenna/tag/e28068940000500386620d4f, 93
1652707435.311689, sdrt-health/mac:02010b41cdec/antenna/tag/e2806894000040038662054f, 94
1652707435.351729, sdrt-health/mac:02010b41cdec/antenna/tag/e2806894000050038661fd4f, 90
1652707435.394663, sdrt-health/mac:02010b41cdec/antenna/tag/e2806894000050038661fd4f, 86
1652707435.424205, sdrt-health/mac:02010b41cdec/antenna/tag/e2806894000050038662154f, 88
1652707435.424539, sdrt-health/mac:02010b41cdec/antenna/tag/e28068940000500386620d4f, 81
1652707435.43844, sdrt-health/mac:02010b41cdec/antenna/tag/e28068940000400386621d4f, 96
1652707435.471149, sdrt-health/mac:02010b41cdec/antenna/tag/e2806894000040038662114f, 97
1652707435.471506, sdrt-health/mac:02010b41cdec/antenna/tag/e2806894000040038662114f, 97
1652707435.511432, sdrt-health/mac:02010b41cdec/antenna/tag/e2806894000050038662194f, 81
1652707435.566649, sdrt-health/mac:02010b41cdec/antenna/tag/e28068940000400386621d4f, 96
1652707435.567211, sdrt-health/mac:02010b41cdec/antenna/tag/e28068940000400386621d4f, 96
1652707435.591761, sdrt-health/mac:02010b41cdec/antenna/tag/e2806894000040038662114f, 91
1652707435.592612, sdrt-health/mac:02010b41cdec/antenna/tag/e28068940000400386621d4f, 77
1652707435.631282, sdrt-health/mac:02010b41cdec/antenna/tag/e2806894000050038661fd4f, 86
1652707435.686139, sdrt-health/mac:02010b41cdec/antenna/tag/e28068940000400386621d4f, 96
1652707435.686588, sdrt-health/mac:02010b41cdec/antenna/tag/e28068940000400386621d4f, 96
1652707435.699652, sdrt-health/mac:02010b41cdec/antenna/tag/e2806894000050038662154f, 85
1652707435.710836, sdrt-health/mac:02010b41cdec/antenna/tag/e28068940000400386621d4f, 96
1652707435.751209, sdrt-health/mac:02010b41cdec/antenna/tag/e28068940000500386620d4f, 81
1652707435.79306, sdrt-health/mac:02010b41cdec/antenna/tag/e2806894000050038661fd4f, 86
1652707435.892013, sdrt-health/mac:02010b41cdec/antenna/tag/e2806894000050038662154f, 85
1652707435.931966, sdrt-health/mac:02010b41cdec/antenna/tag/e2806894000050038661fd4f, 86
1652707435.972136, sdrt-health/mac:02010b41cdec/antenna/tag/e2806894000040038661f94f, 88
1652707435.972739, sdrt-health/mac:02010b41cdec/antenna/tag/e28068940000400386621d4f, 96
1652707436.011624, sdrt-health/mac:02010b41cdec/antenna/tag/e2806894000050038662194f, 83
1652707436.051601, sdrt-health/mac:02010b41cdec/antenna/tag/e2806894000040038662114f, 88
1652707436.091681, sdrt-health/mac:02010b41cdec/antenna/tag/e2806894000050038662194f, 94
1652707436.132251, sdrt-health/mac:02010b41cdec/antenna/tag/e2806894000050038662194f, 83
1652707436.172592, sdrt-health/mac:02010b41cdec/antenna/tag/e2806894000040038661f94f, 94
1652707436.243407, sdrt-health/mac:02010b41cdec/antenna/tag/e2806894000050038662154f, 88
1652707436.345157, sdrt-health/mac:02010b41cdec/antenna/tag/e2806894000040038662114f, 88
1652707436.518234, sdrt-health/mac:02010b41cdec/antenna/tag/e2806894000050038662154f, 85
1652707436.518785, sdrt-health/mac:02010b41cdec/antenna/tag/e28068940000400386621d4f, 77
1652707436.545928, sdrt-health/mac:02010b41cdec/antenna/tag/e28068940000400386621d4f, 96
1652707436.546168, sdrt-health/mac:02010b41cdec/antenna/tag/e2806894000050038662154f, 91
1652707436.546336, sdrt-health/mac:02010b41cdec/antenna/tag/e28068940000400386621d4f, 77
1652707436.561102, sdrt-health/mac:02010b41cdec/antenna/tag/e2806894000050038662154f, 91
1652707436.588027, sdrt-health/mac:02010b41cdec/antenna/tag/e2806894000050038662154f, 91
1652707436.588271, sdrt-health/mac:02010b41cdec/antenna/tag/e28068940000400386621d4f, 96
1652707436.588468, sdrt-health/mac:02010b41cdec/antenna/tag/e2806894000050038662154f, 88
1652707436.588653, sdrt-health/mac:02010b41cdec/antenna/tag/e2806894000040038662114f, 88
1652707436.602589, sdrt-health/mac:02010b41cdec/antenna/tag/e2806894000050038662194f, 81
1652707436.612046, sdrt-health/mac:02010b41cdec/antenna/tag/e28068940000400386621d4f, 90
1652707436.653475, sdrt-health/mac:02010b41cdec/antenna/tag/e2806894000040038661f94f, 88
1652707436.693252, sdrt-health/mac:02010b41cdec/antenna/tag/e2806894000050038662154f, 91
1652707436.748523, sdrt-health/mac:02010b41cdec/antenna/tag/e2806894000050038661fd4f, 90
1652707436.749003, sdrt-health/mac:02010b41cdec/antenna/tag/e2806894000050038662154f, 91
1652707436.773572, sdrt-health/mac:02010b41cdec/antenna/tag/e28068940000400386621d4f, 96
1652707436.827262, sdrt-health/mac:02010b41cdec/antenna/tag/e2806894000050038662154f, 88
1652707436.827744, sdrt-health/mac:02010b41cdec/antenna/tag/e28068940000400386621d4f, 96
1652707436.852756, sdrt-health/mac:02010b41cdec/antenna/tag/e28068940000500386620d4f, 83
1652707436.894805, sdrt-health/mac:02010b41cdec/antenna/tag/e2806894000050038661fd4f, 86
1652707436.948013, sdrt-health/mac:02010b41cdec/antenna/tag/e28068940000400386621d4f, 96
1652707436.948492, sdrt-health/mac:02010b41cdec/antenna/tag/e28068940000400386621d4f, 90
1652707436.971733, sdrt-health/mac:02010b41cdec/antenna/tag/e2806894000050038662154f, 88
1652707437.029456, sdrt-health/mac:02010b41cdec/antenna/tag/e28068940000400386621d4f, 96
1652707437.029908, sdrt-health/mac:02010b41cdec/antenna/tag/e28068940000400386621d4f, 96
1652707437.052428, sdrt-health/mac:02010b41cdec/antenna/tag/e2806894000040038661f94f, 84
1652707437.110949, sdrt-health/mac:02010b41cdec/antenna/tag/e28068940000400386621d4f, 96
1652707437.111369, sdrt-health/mac:02010b41cdec/antenna/tag/e2806894000040038662114f, 88
1652707437.126651, sdrt-health/mac:02010b41cdec/antenna/tag/e28068940000500386620d4f, 81
1652707437.143363, sdrt-health/mac:02010b41cdec/antenna/tag/e2806894000050038662154f, 88
1652707437.221313, sdrt-health/mac:02010b41cdec/antenna/tag/e2806894000050038662194f, 81
1652707437.286765, sdrt-health/mac:02010b41cdec/antenna/tag/e2806894000040038662114f, 88
1652707437.515202, sdrt-health/mac:02010b41cdec/antenna/tag/scan, scan stopped
