1652707360.743456, sdrt-health/mac:02010b41cdec/antenna/power/set, {"power": 280}
1652707361.81236, sdrt-health/mac:02010b41cdec/antenna/power/set, 
1652707365.765926, sdrt-health/mac:02010b41cdec/antenna/tag/scan, {"time": 20000}
1652707366.193018, sdrt-health/mac:02010b41cdec/antenna/tag/e28068940000400386621d4f, 96
1652707366.231827, sdrt-health/mac:02010b41cdec/antenna/tag/e2806894000040038662114f, 91
1652707366.259058, sdrt-health/mac:02010b41cdec/antenna/tag/e2806894000050038662154f, 91
1652707366.259622, sdrt-health/mac:02010b41cdec/antenna/tag/e2806894000050038661fd4f, 86
1652707366.259893, sdrt-health/mac:02010b41cdec/antenna/tag/e2806894000050038662154f, 88
1652707366.26014, sdrt-health/mac:02010b41cdec/antenna/tag/e2806894000040038662114f, 91
1652707366.368162, sdrt-health/mac:02010b41cdec/antenna/tag/e2806894000040038662114f, 91
1652707366.419648, sdrt-health/mac:02010b41cdec/antenna/tag/e28068940000400386621d4f, 96
1652707366.420161, sdrt-health/mac:02010b41cdec/antenna/tag/e28068940000400386621d4f, 96
1652707366.434413, sdrt-health/mac:02010b41cdec/antenna/tag/e28068940000400386621d4f, 96
1652707366.461111, sdrt-health/mac:02010b41cdec/antenna/tag/e2806894000040038662114f, 85
1652707366.501367, sdrt-health/mac:02010b41cdec/antenna/tag/e2806894000050038661fd4f, 83
1652707366.569893, sdrt-health/mac:02010b41cdec/antenna/tag/e2806894000040038662114f, 88
1652707366.611792, sdrt-health/mac:02010b41cdec/antenna/tag/e2806894000040038662114f, 88
1652707366.666801, sdrt-health/mac:02010b41cdec/antenna/tag/e2806894000050038661fd4f, 90
1652707366.667378, sdrt-health/mac:02010b41cdec/antenna/tag/e28068940000400386621d4f, 96
1652707366.690596, sdrt-health/mac:02010b41cdec/antenna/tag/e28068940000400386621d4f, 90
1652707366.731499, sdrt-health/mac:02010b41cdec/antenna/tag/e2806894000040038662114f, 91
1652707366.779638, sdrt-health/mac:02010b41cdec/antenna/tag/e2806894000050038662154f, 91
1652707366.780127, sdrt-health/mac:02010b41cdec/antenna/tag/e28068940000400386621d4f, 90
1652707366.822039, sdrt-health/mac:02010b41cdec/antenna/tag/e28068940000500386620d4f, 83
1652707366.86215, sdrt-health/mac:02010b41cdec/antenna/tag/e28068940000400386621d4f, 90
1652707366.901882, sdrt-health/mac:02010b41cdec/antenna/tag/e28068940000500386620d4f, 83
1652707366.902347, sdrt-health/mac:02010b41cdec/antenna/tag/e2806894000050038661fd4f, 86
1652707366.9716, sdrt-health/mac:02010b41cdec/antenna/tag/e28068940000400386621d4f, 96
1652707366.972078, sdrt-health/mac:02010b41cdec/antenna/tag/e28068940000400386621d4f, 96
1652707366.991365, sdrt-health/mac:02010b41cdec/antenna/tag/e2806894000050038661fd4f, 83
1652707367.047074, sdrt-health/mac:02010b41cdec/antenna/tag/e2806894000040038662114f, 88
1652707367.047518, sdrt-health/mac:02010b41cdec/antenna/tag/e2806894000050038662154f, 85
1652707367.071159, sdrt-health/mac:02010b41cdec/antenna/tag/e28068940000500386620d4f, 81
1652707367.111161, sdrt-health/mac:02010b41cdec/antenna/tag/e2806894000050038662154f, 85
1652707367.171907, sdrt-health/mac:02010b41cdec/antenna/tag/e28068940000400386621d4f, 96
1652707367.172521, sdrt-health/mac:02010b41cdec/antenna/tag/e28068940000500386620d4f, 81
1652707367.192074, sdrt-health/mac:02010b41cdec/antenna/tag/e28068940000500386620d4f, 83
1652707367.193227, sdrt-health/mac:02010b41cdec/antenna/tag/e2806894000040038662114f, 88
1652707367.233483, sdrt-health/mac:02010b41cdec/antenna/tag/e28068940000400386621d4f, 96
1652707367.286147, sdrt-health/mac:02010b41cdec/antenna/tag/e2806894000050038661fd4f, 83
1652707367.286595, sdrt-health/mac:02010b41cdec/antenna/tag/e2806894000040038662114f, 88
1652707367.311819, sdrt-health/mac:02010b41cdec/antenna/tag/e2806894000040038662114f, 85
1652707367.340913, sdrt-health/mac:02010b41cdec/antenna/tag/e28068940000400386621d4f, 96
1652707367.341228, sdrt-health/mac:02010b41cdec/antenna/tag/e2806894000040038662114f, 85
1652707367.355344, sdrt-health/mac:02010b41cdec/antenna/tag/e28068940000400386621d4f, 96
1652707367.355538, sdrt-health/mac:02010b41cdec/antenna/tag/e2806894000040038662114f, 88
1652707367.391871, sdrt-health/mac:02010b41cdec/antenna/tag/e28068940000400386621d4f, 96
1652707367.431747, sdrt-health/mac:02010b41cdec/antenna/tag/e28068940000400386621d4f, 96
1652707367.470697, sdrt-health/mac:02010b41cdec/antenna/tag/e28068940000500386620d4f, 83
1652707367.471138, sdrt-health/mac:02010b41cdec/antenna/tag/e2806894000050038661fd4f, 86
1652707367.483906, sdrt-health/mac:02010b41cdec/antenna/tag/e2806894000050038661fd4f, 90
1652707367.513065, sdrt-health/mac:02010b41cdec/antenna/tag/e28068940000400386621d4f, 96
1652707367.543745, sdrt-health/mac:02010b41cdec/antenna/tag/e2806894000050038662154f, 91
1652707367.544053, sdrt-health/mac:02010b41cdec/antenna/tag/e28068940000400386621d4f, 96
1652707367.557538, sdrt-health/mac:02010b41cdec/antenna/tag/e2806894000050038662154f, 91
1652707367.557815, sdrt-health/mac:02010b41cdec/antenna/tag/e2806894000050038662154f, 85
1652707367.591172, sdrt-health/mac:02010b41cdec/antenna/tag/e28068940000400386621d4f, 90
1652707367.632246, sdrt-health/mac:02010b41cdec/antenna/tag/e2806894000050038662154f, 85
1652707367.680908, sdrt-health/mac:02010b41cdec/antenna/tag/e2806894000050038661fd4f, 86
1652707367.75562, sdrt-health/mac:02010b41cdec/antenna/tag/e28068940000500386620d4f, 81
1652707367.756136, sdrt-health/mac:02010b41cdec/antenna/tag/e2806894000050038661fd4f, 86
1652707367.781989, sdrt-health/mac:02010b41cdec/antenna/tag/e28068940000400386621d4f, 96
1652707367.836443, sdrt-health/mac:02010b41cdec/antenna/tag/e2806894000040038662114f, 91
1652707367.83698, sdrt-health/mac:02010b41cdec/antenna/tag/e2806894000050038662154f, 88
1652707367.864729, sdrt-health/mac:02010b41cdec/antenna/tag/e28068940000400386621d4f, 96
1652707367.917641, sdrt-health/mac:02010b41cdec/antenna/tag/e2806894000050038662154f, 88
1652707367.918179, sdrt-health/mac:02010b41cdec/antenna/tag/e28068940000400386621d4f, 96
1652707367.932476, sdrt-health/mac:02010b41cdec/antenna/tag/e2806894000040038662114f, 88
1652707367.942839, sdrt-health/mac:02010b41cdec/antenna/tag/e2806894000050038662154f, 91
1652707367.982036, sdrt-health/mac:02010b41cdec/antenna/tag/e2806894000050038662154f, 88
1652707368.02299, sdrt-health/mac:02010b41cdec/antenna/tag/e2806894000050038661fd4f, 83
1652707368.132035, sdrt-health/mac:02010b41cdec/antenna/tag/e28068940000400386621d4f, 96
1652707368.183303, sdrt-health/mac:02010b41cdec/antenna/tag/e2806894000050038661fd4f, 83
1652707368.237666, sdrt-health/mac:02010b41cdec/antenna/tag/e2806894000050038661fd4f, 83
1652707368.237998, sdrt-health/mac:02010b41cdec/antenna/tag/e2806894000050038662154f, 91
1652707368.25199, sdrt-health/mac:02010b41cdec/antenna/tag/e28068940000400386621d4f, 96
1652707368.261956, sdrt-health/mac:02010b41cdec/antenna/tag/e2806894000050038662154f, 91
1652707368.301742, sdrt-health/mac:02010b41cdec/antenna/tag/e2806894000040038662114f, 91
1652707368.345704, sdrt-health/mac:02010b41cdec/antenna/tag/e28068940000500386620d4f, 81
1652707368.41644, sdrt-health/mac:02010b41cdec/antenna/tag/e2806894000050038661fd4f, 86
1652707368.416983, sdrt-health/mac:02010b41cdec/antenna/tag/e2806894000040038662114f, 88
1652707368.441535, sdrt-health/mac:02010b41cdec/antenna/tag/e2806894000050038661fd4f, 83
1652707368.501333, sdrt-health/mac:02010b41cdec/antenna/tag/e2806894000040038662114f, 85
1652707368.562631, sdrt-health/mac:02010b41cdec/antenna/tag/e2806894000050038662154f, 88
1652707368.601943, sdrt-health/mac:02010b41cdec/antenna/tag/e2806894000050038662154f, 88
1652707368.602409, sdrt-health/mac:02010b41cdec/antenna/tag/e28068940000400386621d4f, 96
1652707368.643278, sdrt-health/mac:02010b41cdec/antenna/tag/e2806894000040038661f94f, 94
1652707368.702112, sdrt-health/mac:02010b41cdec/antenna/tag/e2806894000040038662114f, 88
1652707368.741411, sdrt-health/mac:02010b41cdec/antenna/tag/e28068940000400386621d4f, 96
1652707368.741855, sdrt-health/mac:02010b41cdec/antenna/tag/e28068940000400386621d4f, 96
1652707368.797662, sdrt-health/mac:02010b41cdec/antenna/tag/e2806894000040038662114f, 85
1652707368.798071, sdrt-health/mac:02010b41cdec/antenna/tag/e28068940000400386621d4f, 90
1652707368.811902, sdrt-health/mac:02010b41cdec/antenna/tag/e2806894000040038662114f, 88
1652707368.822668, sdrt-health/mac:02010b41cdec/antenna/tag/e2806894000040038662114f, 85
1652707368.826106, sdrt-health/mac:02010b41cdec/antenna/tag/e2806894000050038662154f, 88
1652707368.90158, sdrt-health/mac:02010b41cdec/antenna/tag/e28068940000400386621d4f, 96
1652707368.941393, sdrt-health/mac:02010b41cdec/antenna/tag/e2806894000050038661fd4f, 83
1652707368.997071, sdrt-health/mac:02010b41cdec/antenna/tag/e2806894000040038662114f, 85
1652707368.997504, sdrt-health/mac:02010b41cdec/antenna/tag/e2806894000050038662154f, 85
1652707369.011219, sdrt-health/mac:02010b41cdec/antenna/tag/e2806894000050038662154f, 85
1652707369.039355, sdrt-health/mac:02010b41cdec/antenna/tag/e28068940000500386620d4f, 83
1652707369.039578, sdrt-health/mac:02010b41cdec/antenna/tag/e2806894000050038661fd4f, 83
1652707369.039789, sdrt-health/mac:02010b41cdec/antenna/tag/e2806894000040038662114f, 88
1652707369.071632, sdrt-health/mac:02010b41cdec/antenna/tag/e2806894000050038661fd4f, 83
1652707369.126368, sdrt-health/mac:02010b41cdec/antenna/tag/e28068940000400386621d4f, 96
1652707369.126796, sdrt-health/mac:02010b41cdec/antenna/tag/e2806894000050038662154f, 88
1652707369.140558, sdrt-health/mac:02010b41cdec/antenna/tag/e2806894000050038662154f, 88
1652707369.140821, sdrt-health/mac:02010b41cdec/antenna/tag/e2806894000050038661fd4f, 83
1652707369.242753, sdrt-health/mac:02010b41cdec/antenna/tag/e2806894000050038662154f, 88
1652707369.271247, sdrt-health/mac:02010b41cdec/antenna/tag/e2806894000050038661fd4f, 86
1652707369.271499, sdrt-health/mac:02010b41cdec/antenna/tag/e2806894000040038662114f, 91
1652707369.271744, sdrt-health/mac:02010b41cdec/antenna/tag/e2806894000050038662154f, 88
1652707369.272049, sdrt-health/mac:02010b41cdec/antenna/tag/e2806894000050038662154f, 88
1652707369.28573, sdrt-health/mac:02010b41cdec/antenna/tag/e2806894000050038661fd4f, 86
1652707369.321685, sdrt-health/mac:02010b41cdec/antenna/tag/e2806894000050038661fd4f, 86
1652707369.353784, sdrt-health/mac:02010b41cdec/antenna/tag/e2806894000050038662154f, 88
1652707369.354302, sdrt-health/mac:02010b41cdec/antenna/tag/e28068940000400386621d4f, 96
1652707369.372218, sdrt-health/mac:02010b41cdec/antenna/tag/e2806894000040038662114f, 91
1652707369.401321, sdrt-health/mac:02010b41cdec/antenna/tag/e2806894000050038662154f, 88
1652707369.442149, sdrt-health/mac:02010b41cdec/antenna/tag/e2806894000050038662154f, 88
1652707369.481846, sdrt-health/mac:02010b41cdec/antenna/tag/e2806894000040038662114f, 85
1652707369.552153, sdrt-health/mac:02010b41cdec/antenna/tag/e2806894000050038662154f, 88
1652707369.591855, sdrt-health/mac:02010b41cdec/antenna/tag/e2806894000040038662114f, 88
1652707369.646315, sdrt-health/mac:02010b41cdec/antenna/tag/e2806894000050038661fd4f, 86
1652707369.646788, sdrt-health/mac:02010b41cdec/antenna/tag/e2806894000050038661fd4f, 83
1652707369.660777, sdrt-health/mac:02010b41cdec/antenna/tag/e28068940000400386621d4f, 96
1652707369.672864, sdrt-health/mac:02010b41cdec/antenna/tag/e2806894000040038662114f, 85
1652707369.677693, sdrt-health/mac:02010b41cdec/antenna/tag/e28068940000400386621d4f, 96
1652707369.713335, sdrt-health/mac:02010b41cdec/antenna/tag/e2806894000040038662114f, 88
1652707369.776071, sdrt-health/mac:02010b41cdec/antenna/tag/e2806894000050038661fd4f, 86
1652707369.776535, sdrt-health/mac:02010b41cdec/antenna/tag/e2806894000050038662154f, 88
1652707369.776926, sdrt-health/mac:02010b41cdec/antenna/tag/e28068940000400386621d4f, 96
1652707369.790883, sdrt-health/mac:02010b41cdec/antenna/tag/e2806894000050038662154f, 91
1652707369.791171, sdrt-health/mac:02010b41cdec/antenna/tag/e2806894000050038662154f, 91
1652707369.802029, sdrt-health/mac:02010b41cdec/antenna/tag/e28068940000400386621d4f, 96
1652707369.804582, sdrt-health/mac:02010b41cdec/antenna/tag/e28068940000400386621d4f, 96
1652707369.851253, sdrt-health/mac:02010b41cdec/antenna/tag/e2806894000050038661fd4f, 83
1652707369.892187, sdrt-health/mac:02010b41cdec/antenna/tag/e2806894000050038662154f, 85
1652707369.947677, sdrt-health/mac:02010b41cdec/antenna/tag/e2806894000050038661fd4f, 83
1652707369.948142, sdrt-health/mac:02010b41cdec/antenna/tag/e2806894000040038662114f, 85
1652707369.971383, sdrt-health/mac:02010b41cdec/antenna/tag/e2806894000050038661fd4f, 83
1652707369.971779, sdrt-health/mac:02010b41cdec/antenna/tag/e2806894000040038662114f, 88
1652707369.985961, sdrt-health/mac:02010b41cdec/antenna/tag/e28068940000400386621d4f, 96
1652707370.011238, sdrt-health/mac:02010b41cdec/antenna/tag/e2806894000040038662114f, 88
1652707370.066122, sdrt-health/mac:02010b41cdec/antenna/tag/e2806894000040038662114f, 85
1652707370.066621, sdrt-health/mac:02010b41cdec/antenna/tag/e2806894000050038662154f, 91
1652707370.091994, sdrt-health/mac:02010b41cdec/antenna/tag/e2806894000040038662114f, 85
1652707370.131663, sdrt-health/mac:02010b41cdec/antenna/tag/e2806894000050038661fd4f, 86
1652707370.131991, sdrt-health/mac:02010b41cdec/antenna/tag/e2806894000040038662114f, 88
1652707370.14557, sdrt-health/mac:02010b41cdec/antenna/tag/e28068940000400386621d4f, 96
1652707370.181271, sdrt-health/mac:02010b41cdec/antenna/tag/e28068940000400386621d4f, 96
1652707370.222523, sdrt-health/mac:02010b41cdec/antenna/tag/e2806894000050038662154f, 91
1652707370.282351, sdrt-health/mac:02010b41cdec/antenna/tag/e2806894000040038662114f, 91
1652707370.311307, sdrt-health/mac:02010b41cdec/antenna/tag/e2806894000050038662154f, 88
1652707370.311622, sdrt-health/mac:02010b41cdec/antenna/tag/e2806894000040038662114f, 85
1652707370.311814, sdrt-health/mac:02010b41cdec/antenna/tag/e2806894000050038662154f, 88
1652707370.341085, sdrt-health/mac:02010b41cdec/antenna/tag/e28068940000400386621d4f, 96
1652707370.381853, sdrt-health/mac:02010b41cdec/antenna/tag/e2806894000040038662114f, 88
1652707370.436184, sdrt-health/mac:02010b41cdec/antenna/tag/e28068940000400386621d4f, 96
1652707370.436692, sdrt-health/mac:02010b41cdec/antenna/tag/e2806894000050038662154f, 85
1652707370.451165, sdrt-health/mac:02010b41cdec/antenna/tag/e2806894000040038662114f, 88
1652707370.502374, sdrt-health/mac:02010b41cdec/antenna/tag/e2806894000050038661fd4f, 86
1652707370.542279, sdrt-health/mac:02010b41cdec/antenna/tag/e2806894000050038662154f, 88
1652707370.580955, sdrt-health/mac:02010b41cdec/antenna/tag/e2806894000040038662114f, 88
1652707370.621989, sdrt-health/mac:02010b41cdec/antenna/tag/e28068940000400386621d4f, 96
1652707370.676536, sdrt-health/mac:02010b41cdec/antenna/tag/e2806894000040038662114f, 88
1652707370.676902, sdrt-health/mac:02010b41cdec/antenna/tag/e2806894000040038662114f, 88
1652707370.690026, sdrt-health/mac:02010b41cdec/antenna/tag/e2806894000050038662154f, 88
1652707370.719047, sdrt-health/mac:02010b41cdec/antenna/tag/e2806894000040038662114f, 91
1652707370.719445, sdrt-health/mac:02010b41cdec/antenna/tag/e2806894000040038662114f, 88
1652707370.719669, sdrt-health/mac:02010b41cdec/antenna/tag/e2806894000050038662154f, 88
1652707370.741898, sdrt-health/mac:02010b41cdec/antenna/tag/e2806894000050038662154f, 85
1652707370.742284, sdrt-health/mac:02010b41cdec/antenna/state, connected
1652707370.756064, sdrt-health/mac:02010b41cdec/fw, {"version":"1.8.1","model":"200","hash":"2f556501b58f1dad542af428d7928d18","timestamp":1652707367}
1652707370.782139, sdrt-health/mac:02010b41cdec/antenna/tag/e2806894000050038661fd4f, 83
1652707370.810607, sdrt-health/mac:02010b41cdec/antenna/tag/e28068940000400386621d4f, 96
1652707370.810901, sdrt-health/mac:02010b41cdec/antenna/tag/e28068940000500386620d4f, 81
1652707370.826551, sdrt-health/mac:02010b41cdec/antenna/tag/e2806894000040038662114f, 85
1652707370.872414, sdrt-health/mac:02010b41cdec/antenna/tag/e28068940000500386620d4f, 81
1652707370.912064, sdrt-health/mac:02010b41cdec/antenna/tag/e2806894000040038662114f, 85
1652707370.966085, sdrt-health/mac:02010b41cdec/antenna/tag/e2806894000050038661fd4f, 83
1652707370.966548, sdrt-health/mac:02010b41cdec/antenna/tag/e2806894000040038662114f, 85
1652707370.979447, sdrt-health/mac:02010b41cdec/antenna/tag/e28068940000400386621d4f, 96
1652707370.991758, sdrt-health/mac:02010b41cdec/antenna/tag/e28068940000400386621d4f, 96
1652707370.993669, sdrt-health/mac:02010b41cdec/antenna/tag/e2806894000040038662114f, 85
1652707371.031427, sdrt-health/mac:02010b41cdec/antenna/tag/e2806894000050038661fd4f, 83
1652707371.142703, sdrt-health/mac:02010b41cdec/antenna/tag/e2806894000050038662154f, 91
1652707371.143199, sdrt-health/mac:02010b41cdec/antenna/tag/e28068940000400386621d4f, 96
1652707371.15929, sdrt-health/mac:02010b41cdec/antenna/tag/e2806894000040038662114f, 85
1652707371.19547, sdrt-health/mac:02010b41cdec/antenna/tag/e28068940000400386621d4f, 96
1652707371.195757, sdrt-health/mac:02010b41cdec/antenna/version, h@bO
1652707371.195936, sdrt-health/mac:02010b41cdec/antenna/tag/e2806894000050038661fd4f, 86
1652707371.196102, sdrt-health/mac:02010b41cdec/antenna/tag/e28068940000400386621d4f, 96
1652707371.231336, sdrt-health/mac:02010b41cdec/antenna/tag/e2806894000050038661fd4f, 86
1652707371.272008, sdrt-health/mac:02010b41cdec/antenna/tag/e2806894000040038662114f, 91
1652707371.324836, sdrt-health/mac:02010b41cdec/antenna/tag/e2806894000050038662154f, 88
1652707371.325334, sdrt-health/mac:02010b41cdec/antenna/tag/e2806894000050038661fd4f, 86
1652707371.339244, sdrt-health/mac:02010b41cdec/antenna/tag/e28068940000400386621d4f, 96
1652707371.351501, sdrt-health/mac:02010b41cdec/antenna/tag/e2806894000050038661fd4f, 86
1652707371.353938, sdrt-health/mac:02010b41cdec/antenna/tag/e2806894000050038662154f, 88
1652707371.391682, sdrt-health/mac:02010b41cdec/antenna/tag/e2806894000050038662154f, 85
1652707371.431783, sdrt-health/mac:02010b41cdec/antenna/tag/e2806894000050038661fd4f, 83
1652707371.562768, sdrt-health/mac:02010b41cdec/antenna/tag/e2806894000050038662154f, 88
1652707371.603171, sdrt-health/mac:02010b41cdec/antenna/tag/e28068940000400386621d4f, 90
1652707371.641387, sdrt-health/mac:02010b41cdec/antenna/tag/e2806894000050038661fd4f, 86
1652707371.683096, sdrt-health/mac:02010b41cdec/antenna/tag/e28068940000400386621d4f, 96
1652707371.740103, sdrt-health/mac:02010b41cdec/antenna/tag/e2806894000050038661fd4f, 83
1652707371.740551, sdrt-health/mac:02010b41cdec/antenna/tag/e2806894000050038662154f, 88
1652707371.740888, sdrt-health/mac:02010b41cdec/antenna/tag/e28068940000400386621d4f, 96
1652707371.792201, sdrt-health/mac:02010b41cdec/antenna/tag/e28068940000400386621d4f, 90
1652707371.831496, sdrt-health/mac:02010b41cdec/antenna/tag/e2806894000050038661fd4f, 86
1652707371.897259, sdrt-health/mac:02010b41cdec/antenna/tag/e2806894000040038662114f, 88
1652707371.897734, sdrt-health/mac:02010b41cdec/antenna/tag/e28068940000400386621d4f, 96
1652707371.921148, sdrt-health/mac:02010b41cdec/antenna/tag/e28068940000500386620d4f, 83
1652707371.961852, sdrt-health/mac:02010b41cdec/antenna/tag/e2806894000040038662114f, 91
1652707372.016324, sdrt-health/mac:02010b41cdec/antenna/tag/e2806894000050038661fd4f, 86
1652707372.016922, sdrt-health/mac:02010b41cdec/antenna/tag/e2806894000050038661fd4f, 86
1652707372.04148, sdrt-health/mac:02010b41cdec/antenna/tag/e28068940000400386621d4f, 96
1652707372.082019, sdrt-health/mac:02010b41cdec/antenna/tag/e2806894000050038661fd4f, 83
1652707372.122461, sdrt-health/mac:02010b41cdec/antenna/tag/e2806894000040038662114f, 88
1652707372.201881, sdrt-health/mac:02010b41cdec/antenna/tag/e2806894000040038662114f, 88
1652707372.242146, sdrt-health/mac:02010b41cdec/antenna/tag/e28068940000500386620d4f, 87
1652707372.296042, sdrt-health/mac:02010b41cdec/antenna/tag/e2806894000040038662114f, 88
1652707372.296564, sdrt-health/mac:02010b41cdec/antenna/tag/e2806894000040038662114f, 85
1652707372.321802, sdrt-health/mac:02010b41cdec/antenna/tag/e28068940000400386621d4f, 96
1652707372.362698, sdrt-health/mac:02010b41cdec/antenna/tag/e2806894000040038662114f, 88
1652707372.453256, sdrt-health/mac:02010b41cdec/antenna/tag/e28068940000400386621d4f, 77
1652707372.45377, sdrt-health/mac:02010b41cdec/antenna/tag/e2806894000040038662114f, 91
1652707372.471668, sdrt-health/mac:02010b41cdec/antenna/tag/e28068940000400386621d4f, 90
1652707372.526746, sdrt-health/mac:02010b41cdec/antenna/tag/e2806894000050038661fd4f, 86
1652707372.527272, sdrt-health/mac:02010b41cdec/antenna/tag/e28068940000400386621d4f, 90
1652707372.551355, sdrt-health/mac:02010b41cdec/antenna/tag/e2806894000050038661fd4f, 83
1652707372.591929, sdrt-health/mac:02010b41cdec/antenna/tag/e2806894000040038662114f, 85
1652707372.631608, sdrt-health/mac:02010b41cdec/antenna/tag/e2806894000050038661fd4f, 86
1652707372.673228, sdrt-health/mac:02010b41cdec/antenna/tag/e2806894000050038661fd4f, 86
1652707372.712608, sdrt-health/mac:02010b41cdec/antenna/tag/e28068940000400386621d4f, 96
1652707372.751805, sdrt-health/mac:02010b41cdec/antenna/tag/e2806894000050038661fd4f, 86
1652707372.816082, sdrt-health/mac:02010b41cdec/antenna/tag/e28068940000400386621d4f, 90
1652707372.816628, sdrt-health/mac:02010b41cdec/antenna/tag/e2806894000050038662154f, 88
1652707372.829576, sdrt-health/mac:02010b41cdec/antenna/tag/e28068940000400386621d4f, 90
1652707372.849416, sdrt-health/mac:02010b41cdec/antenna/tag/e2806894000050038661fd4f, 86
1652707372.875321, sdrt-health/mac:02010b41cdec/antenna/tag/e2806894000050038662154f, 88
1652707372.875535, sdrt-health/mac:02010b41cdec/antenna/tag/e2806894000040038662114f, 91
1652707372.891381, sdrt-health/mac:02010b41cdec/antenna/tag/e28068940000400386621d4f, 90
1652707372.919361, sdrt-health/mac:02010b41cdec/antenna/tag/e2806894000050038662154f, 88
1652707372.919663, sdrt-health/mac:02010b41cdec/antenna/tag/e2806894000040038662114f, 91
1652707372.932359, sdrt-health/mac:02010b41cdec/antenna/tag/e2806894000050038662194f, 94
1652707372.979443, sdrt-health/mac:02010b41cdec/antenna/tag/e28068940000500386620d4f, 83
1652707373.076447, sdrt-health/mac:02010b41cdec/antenna/tag/e2806894000050038662154f, 85
1652707373.076965, sdrt-health/mac:02010b41cdec/antenna/tag/e2806894000050038661fd4f, 90
1652707373.109267, sdrt-health/mac:02010b41cdec/antenna/tag/e2806894000050038662154f, 88
1652707373.1657, sdrt-health/mac:02010b41cdec/antenna/tag/e28068940000400386621d4f, 90
1652707373.1659, sdrt-health/mac:02010b41cdec/antenna/tag/e28068940000400386621d4f, 96
1652707373.191718, sdrt-health/mac:02010b41cdec/antenna/tag/e28068940000400386621d4f, 90
1652707373.261958, sdrt-health/mac:02010b41cdec/antenna/tag/e28068940000400386621d4f, 90
1652707373.302034, sdrt-health/mac:02010b41cdec/antenna/tag/e2806894000040038662114f, 91
1652707373.341486, sdrt-health/mac:02010b41cdec/antenna/tag/e2806894000040038662114f, 91
1652707373.381816, sdrt-health/mac:02010b41cdec/antenna/tag/e28068940000400386621d4f, 90
1652707373.422025, sdrt-health/mac:02010b41cdec/antenna/tag/e2806894000050038661fd4f, 83
1652707373.461072, sdrt-health/mac:02010b41cdec/antenna/tag/e2806894000050038661fd4f, 83
1652707373.501802, sdrt-health/mac:02010b41cdec/antenna/tag/e2806894000050038662154f, 85
1652707373.529767, sdrt-health/mac:02010b41cdec/antenna/tag/e28068940000500386620d4f, 81
1652707373.529973, sdrt-health/mac:02010b41cdec/antenna/tag/e2806894000050038661fd4f, 86
1652707373.54357, sdrt-health/mac:02010b41cdec/antenna/tag/e2806894000050038661fd4f, 83
1652707373.582241, sdrt-health/mac:02010b41cdec/antenna/tag/e2806894000050038661fd4f, 83
1652707373.632482, sdrt-health/mac:02010b41cdec/antenna/tag/e2806894000050038661fd4f, 83
1652707373.712139, sdrt-health/mac:02010b41cdec/antenna/tag/e2806894000040038661f94f, 81
1652707373.750944, sdrt-health/mac:02010b41cdec/antenna/tag/e28068940000400386621d4f, 96
1652707373.792357, sdrt-health/mac:02010b41cdec/antenna/tag/e2806894000050038662154f, 88
1652707373.82249, sdrt-health/mac:02010b41cdec/antenna/tag/e2806894000050038661fd4f, 83
1652707373.823055, sdrt-health/mac:02010b41cdec/antenna/tag/e2806894000050038662154f, 88
1652707373.880568, sdrt-health/mac:02010b41cdec/antenna/tag/e28068940000400386621d4f, 96
1652707373.893825, sdrt-health/mac:02010b41cdec/antenna/tag/e28068940000500386620d4f, 83
1652707373.896717, sdrt-health/mac:02010b41cdec/antenna/tag/e2806894000040038662114f, 85
1652707373.896993, sdrt-health/mac:02010b41cdec/antenna/tag/e2806894000050038662154f, 85
1652707373.932504, sdrt-health/mac:02010b41cdec/antenna/tag/e2806894000050038661fd4f, 86
1652707374.039306, sdrt-health/mac:02010b41cdec/antenna/tag/e28068940000500386620d4f, 83
1652707374.039771, sdrt-health/mac:02010b41cdec/antenna/tag/e2806894000040038662114f, 88
1652707374.092493, sdrt-health/mac:02010b41cdec/antenna/tag/e28068940000400386621d4f, 96
1652707374.147676, sdrt-health/mac:02010b41cdec/antenna/tag/e2806894000040038662114f, 88
1652707374.148135, sdrt-health/mac:02010b41cdec/antenna/tag/e2806894000040038662114f, 91
1652707374.162216, sdrt-health/mac:02010b41cdec/antenna/tag/e28068940000400386621d4f, 96
1652707374.162575, sdrt-health/mac:02010b41cdec/antenna/tag/e28068940000400386621d4f, 90
1652707374.171113, sdrt-health/mac:02010b41cdec/antenna/tag/e2806894000040038662114f, 88
1652707374.212027, sdrt-health/mac:02010b41cdec/antenna/tag/e2806894000050038661fd4f, 86
1652707374.252477, sdrt-health/mac:02010b41cdec/antenna/tag/e2806894000040038662114f, 88
1652707374.314544, sdrt-health/mac:02010b41cdec/antenna/tag/e2806894000050038661fd4f, 86
1652707374.314929, sdrt-health/mac:02010b41cdec/antenna/tag/e2806894000040038662114f, 91
1652707374.346657, sdrt-health/mac:02010b41cdec/antenna/tag/e28068940000400386621d4f, 90
1652707374.38173, sdrt-health/mac:02010b41cdec/antenna/tag/e2806894000050038662154f, 91
1652707374.422895, sdrt-health/mac:02010b41cdec/antenna/tag/e2806894000050038661fd4f, 86
1652707374.474534, sdrt-health/mac:02010b41cdec/antenna/tag/e28068940000400386621d4f, 96
1652707374.475001, sdrt-health/mac:02010b41cdec/antenna/tag/e2806894000050038661fd4f, 86
1652707374.511973, sdrt-health/mac:02010b41cdec/antenna/tag/e2806894000050038661fd4f, 83
1652707374.573834, sdrt-health/mac:02010b41cdec/antenna/tag/e2806894000050038661fd4f, 83
1652707374.574326, sdrt-health/mac:02010b41cdec/antenna/tag/e2806894000050038662194f, 83
1652707374.587382, sdrt-health/mac:02010b41cdec/antenna/tag/e2806894000050038662154f, 88
1652707374.616173, sdrt-health/mac:02010b41cdec/antenna/tag/e28068940000400386621d4f, 96
1652707374.616393, sdrt-health/mac:02010b41cdec/antenna/tag/e2806894000050038661fd4f, 83
1652707374.64144, sdrt-health/mac:02010b41cdec/antenna/tag/e2806894000050038662154f, 91
1652707374.696467, sdrt-health/mac:02010b41cdec/antenna/tag/e28068940000400386621d4f, 96
1652707374.697009, sdrt-health/mac:02010b41cdec/antenna/tag/e2806894000050038661fd4f, 86
1652707374.711535, sdrt-health/mac:02010b41cdec/antenna/tag/e2806894000040038662114f, 85
1652707374.72177, sdrt-health/mac:02010b41cdec/antenna/tag/e28068940000400386621d4f, 96
1652707374.725324, sdrt-health/mac:02010b41cdec/antenna/tag/e2806894000040038662114f, 85
1652707374.77207, sdrt-health/mac:02010b41cdec/antenna/tag/e28068940000400386621d4f, 96
1652707374.801791, sdrt-health/mac:02010b41cdec/antenna/tag/e2806894000050038661fd4f, 86
1652707374.841835, sdrt-health/mac:02010b41cdec/antenna/tag/e2806894000050038662194f, 88
1652707374.962262, sdrt-health/mac:02010b41cdec/antenna/tag/e2806894000040038662114f, 85
1652707375.009067, sdrt-health/mac:02010b41cdec/antenna/tag/e2806894000050038662154f, 88
1652707375.061429, sdrt-health/mac:02010b41cdec/antenna/tag/e2806894000050038662154f, 88
1652707375.116139, sdrt-health/mac:02010b41cdec/antenna/tag/e2806894000050038661fd4f, 86
1652707375.11662, sdrt-health/mac:02010b41cdec/antenna/tag/e2806894000040038662114f, 88
1652707375.14183, sdrt-health/mac:02010b41cdec/antenna/tag/e2806894000040038662114f, 85
1652707375.182089, sdrt-health/mac:02010b41cdec/antenna/tag/e2806894000040038662114f, 88
1652707375.236753, sdrt-health/mac:02010b41cdec/antenna/tag/e2806894000050038661fd4f, 86
1652707375.237304, sdrt-health/mac:02010b41cdec/antenna/tag/e2806894000050038662154f, 88
1652707375.250577, sdrt-health/mac:02010b41cdec/antenna/tag/e2806894000040038662114f, 85
1652707375.261263, sdrt-health/mac:02010b41cdec/antenna/tag/e2806894000050038662154f, 88
1652707375.302554, sdrt-health/mac:02010b41cdec/antenna/tag/e28068940000400386621d4f, 96
1652707375.362796, sdrt-health/mac:02010b41cdec/antenna/tag/e2806894000050038662154f, 88
1652707375.363299, sdrt-health/mac:02010b41cdec/antenna/tag/e2806894000040038662114f, 85
1652707375.37756, sdrt-health/mac:02010b41cdec/antenna/tag/e2806894000050038661fd4f, 86
1652707375.380409, sdrt-health/mac:02010b41cdec/antenna/tag/e2806894000050038662154f, 88
1652707375.422286, sdrt-health/mac:02010b41cdec/antenna/tag/e2806894000050038662154f, 85
1652707375.477088, sdrt-health/mac:02010b41cdec/antenna/tag/e28068940000400386621d4f, 96
1652707375.477575, sdrt-health/mac:02010b41cdec/antenna/tag/e2806894000050038662154f, 85
1652707375.502656, sdrt-health/mac:02010b41cdec/antenna/tag/e2806894000050038661fd4f, 83
1652707375.6122, sdrt-health/mac:02010b41cdec/antenna/tag/e28068940000400386621d4f, 96
1652707375.67142, sdrt-health/mac:02010b41cdec/antenna/tag/e2806894000050038661fd4f, 86
1652707375.725868, sdrt-health/mac:02010b41cdec/antenna/tag/e28068940000500386620d4f, 88
1652707375.726334, sdrt-health/mac:02010b41cdec/antenna/tag/e2806894000050038662154f, 88
1652707375.739737, sdrt-health/mac:02010b41cdec/antenna/tag/e28068940000500386620d4f, 94
1652707375.75169, sdrt-health/mac:02010b41cdec/antenna/tag/e2806894000050038661fd4f, 90
1652707375.753858, sdrt-health/mac:02010b41cdec/antenna/tag/e2806894000050038662154f, 88
1652707375.754118, sdrt-health/mac:02010b41cdec/antenna/tag/e28068940000400386621d4f, 90
1652707375.791399, sdrt-health/mac:02010b41cdec/antenna/tag/e2806894000050038661fd4f, 86
1652707375.83149, sdrt-health/mac:02010b41cdec/antenna/tag/e2806894000040038662114f, 97
1652707375.886576, sdrt-health/mac:02010b41cdec/antenna/tag/e28068940000400386621d4f, 90
1652707375.887091, sdrt-health/mac:02010b41cdec/antenna/tag/e2806894000050038661fd4f, 86
1652707375.901063, sdrt-health/mac:02010b41cdec/antenna/tag/e2806894000040038662114f, 91
1652707375.912054, sdrt-health/mac:02010b41cdec/antenna/tag/e2806894000050038662154f, 85
1652707375.916247, sdrt-health/mac:02010b41cdec/antenna/tag/e2806894000050038662154f, 85
1652707375.95309, sdrt-health/mac:02010b41cdec/antenna/tag/e2806894000040038662114f, 88
1652707376.008503, sdrt-health/mac:02010b41cdec/antenna/tag/e2806894000040038662114f, 85
1652707376.056551, sdrt-health/mac:02010b41cdec/antenna/tag/e28068940000500386620d4f, 88
1652707376.057287, sdrt-health/mac:02010b41cdec/antenna/tag/e2806894000050038661fd4f, 86
1652707376.092637, sdrt-health/mac:02010b41cdec/antenna/tag/e28068940000400386621d4f, 96
1652707376.120617, sdrt-health/mac:02010b41cdec/antenna/tag/e2806894000050038661fd4f, 86
1652707376.121198, sdrt-health/mac:02010b41cdec/antenna/tag/e2806894000050038662154f, 91
1652707376.134224, sdrt-health/mac:02010b41cdec/antenna/tag/e2806894000050038661fd4f, 83
1652707376.134482, sdrt-health/mac:02010b41cdec/antenna/tag/e28068940000400386621d4f, 96
1652707376.134645, sdrt-health/mac:02010b41cdec/antenna/tag/e2806894000050038661fd4f, 86
1652707376.171406, sdrt-health/mac:02010b41cdec/antenna/tag/e2806894000040038662114f, 85
1652707376.225416, sdrt-health/mac:02010b41cdec/antenna/tag/e2806894000040038662114f, 85
1652707376.225887, sdrt-health/mac:02010b41cdec/antenna/tag/e2806894000050038661fd4f, 83
1652707376.238676, sdrt-health/mac:02010b41cdec/antenna/tag/e2806894000050038662154f, 91
1652707376.252082, sdrt-health/mac:02010b41cdec/antenna/tag/e2806894000040038662114f, 85
1652707376.252296, sdrt-health/mac:02010b41cdec/antenna/tag/e2806894000050038661fd4f, 86
1652707376.252437, sdrt-health/mac:02010b41cdec/antenna/tag/e2806894000040038662114f, 88
1652707376.291907, sdrt-health/mac:02010b41cdec/antenna/tag/e2806894000050038661fd4f, 86
1652707376.331721, sdrt-health/mac:02010b41cdec/antenna/tag/e2806894000050038661fd4f, 83
1652707376.384932, sdrt-health/mac:02010b41cdec/antenna/tag/e2806894000040038662114f, 85
1652707376.385427, sdrt-health/mac:02010b41cdec/antenna/tag/e2806894000050038661fd4f, 83
1652707376.399868, sdrt-health/mac:02010b41cdec/antenna/tag/e28068940000500386620d4f, 83
1652707376.419391, sdrt-health/mac:02010b41cdec/antenna/tag/e2806894000050038661fd4f, 83
1652707376.447507, sdrt-health/mac:02010b41cdec/antenna/tag/e28068940000500386620d4f, 83
1652707376.447784, sdrt-health/mac:02010b41cdec/antenna/tag/e28068940000400386621d4f, 90
1652707376.464056, sdrt-health/mac:02010b41cdec/antenna/tag/e28068940000400386621d4f, 96
1652707376.464247, sdrt-health/mac:02010b41cdec/antenna/tag/e2806894000050038662154f, 91
1652707376.464371, sdrt-health/mac:02010b41cdec/antenna/tag/e2806894000040038662114f, 88
1652707376.502167, sdrt-health/mac:02010b41cdec/antenna/tag/e2806894000050038661fd4f, 83
1652707376.556503, sdrt-health/mac:02010b41cdec/antenna/tag/e2806894000040038662114f, 88
1652707376.557078, sdrt-health/mac:02010b41cdec/antenna/tag/e2806894000040038662114f, 88
1652707376.582148, sdrt-health/mac:02010b41cdec/antenna/tag/e2806894000050038661fd4f, 86
1652707376.621565, sdrt-health/mac:02010b41cdec/antenna/tag/e2806894000050038662154f, 85
1652707376.670528, sdrt-health/mac:02010b41cdec/antenna/tag/e28068940000400386621d4f, 96
1652707376.671011, sdrt-health/mac:02010b41cdec/antenna/tag/e2806894000050038662154f, 88
1652707376.71244, sdrt-health/mac:02010b41cdec/antenna/tag/e2806894000050038662154f, 91
1652707376.752057, sdrt-health/mac:02010b41cdec/antenna/tag/e2806894000050038662154f, 91
1652707376.805223, sdrt-health/mac:02010b41cdec/antenna/tag/e2806894000040038662114f, 88
1652707376.805732, sdrt-health/mac:02010b41cdec/antenna/tag/e2806894000050038662154f, 88
1652707376.819996, sdrt-health/mac:02010b41cdec/antenna/tag/e2806894000040038662114f, 93
1652707376.820457, sdrt-health/mac:02010b41cdec/antenna/tag/e2806894000040038662114f, 91
1652707376.820804, sdrt-health/mac:02010b41cdec/antenna/tag/e2806894000050038661fd4f, 86
1652707376.862388, sdrt-health/mac:02010b41cdec/antenna/tag/e2806894000050038662154f, 85
1652707376.904958, sdrt-health/mac:02010b41cdec/antenna/tag/e2806894000050038661fd4f, 83
1652707376.942786, sdrt-health/mac:02010b41cdec/antenna/tag/e28068940000400386621d4f, 96
1652707377.012552, sdrt-health/mac:02010b41cdec/antenna/tag/e2806894000050038661fd4f, 86
1652707377.076376, sdrt-health/mac:02010b41cdec/antenna/tag/e2806894000040038662114f, 88
1652707377.076827, sdrt-health/mac:02010b41cdec/antenna/tag/e2806894000050038662154f, 88
1652707377.090303, sdrt-health/mac:02010b41cdec/antenna/tag/e2806894000040038662114f, 91
1652707377.100892, sdrt-health/mac:02010b41cdec/antenna/tag/e2806894000050038661fd4f, 86
1652707377.151797, sdrt-health/mac:02010b41cdec/antenna/tag/e2806894000050038661fd4f, 86
1652707377.205652, sdrt-health/mac:02010b41cdec/antenna/tag/e2806894000040038662114f, 88
1652707377.206287, sdrt-health/mac:02010b41cdec/antenna/tag/e2806894000050038662154f, 88
1652707377.206693, sdrt-health/mac:02010b41cdec/antenna/tag/e2806894000050038662154f, 88
1652707377.21943, sdrt-health/mac:02010b41cdec/antenna/tag/e2806894000040038662114f, 88
1652707377.219804, sdrt-health/mac:02010b41cdec/antenna/tag/e2806894000050038662154f, 85
1652707377.233413, sdrt-health/mac:02010b41cdec/antenna/tag/e2806894000050038662154f, 88
1652707377.272297, sdrt-health/mac:02010b41cdec/antenna/tag/e2806894000050038662194f, 94
1652707377.325884, sdrt-health/mac:02010b41cdec/antenna/tag/e2806894000040038662114f, 85
1652707377.326331, sdrt-health/mac:02010b41cdec/antenna/tag/e2806894000050038662154f, 85
1652707377.326702, sdrt-health/mac:02010b41cdec/antenna/tag/e2806894000040038662114f, 85
1652707377.339245, sdrt-health/mac:02010b41cdec/antenna/tag/e2806894000050038661fd4f, 83
1652707377.374479, sdrt-health/mac:02010b41cdec/antenna/tag/e2806894000050038661fd4f, 83
1652707377.411482, sdrt-health/mac:02010b41cdec/antenna/tag/e2806894000050038662154f, 85
1652707377.462167, sdrt-health/mac:02010b41cdec/antenna/tag/e2806894000040038662114f, 85
1652707377.516326, sdrt-health/mac:02010b41cdec/antenna/tag/e2806894000050038662154f, 85
1652707377.516772, sdrt-health/mac:02010b41cdec/antenna/tag/e28068940000400386621d4f, 96
1652707377.534438, sdrt-health/mac:02010b41cdec/antenna/tag/e2806894000050038662154f, 91
1652707377.541848, sdrt-health/mac:02010b41cdec/antenna/tag/e2806894000050038661fd4f, 83
1652707377.549186, sdrt-health/mac:02010b41cdec/antenna/tag/e2806894000050038661fd4f, 83
1652707377.637536, sdrt-health/mac:02010b41cdec/antenna/tag/e2806894000040038662114f, 85
1652707377.67666, sdrt-health/mac:02010b41cdec/antenna/tag/e28068940000400386621d4f, 90
1652707377.677239, sdrt-health/mac:02010b41cdec/antenna/tag/e28068940000400386621d4f, 90
1652707377.690181, sdrt-health/mac:02010b41cdec/antenna/tag/e2806894000040038662114f, 88
1652707377.690643, sdrt-health/mac:02010b41cdec/antenna/tag/e2806894000050038662154f, 88
1652707377.691039, sdrt-health/mac:02010b41cdec/antenna/tag/e2806894000040038662114f, 88
1652707377.714731, sdrt-health/mac:02010b41cdec/antenna/tag/e2806894000050038661fd4f, 86
1652707377.790103, sdrt-health/mac:02010b41cdec/antenna/tag/e2806894000050038662154f, 88
1652707377.790565, sdrt-health/mac:02010b41cdec/antenna/tag/e2806894000040038662114f, 85
1652707377.790907, sdrt-health/mac:02010b41cdec/antenna/tag/e2806894000040038662114f, 91
1652707377.822299, sdrt-health/mac:02010b41cdec/antenna/tag/e2806894000040038662114f, 91
1652707377.877359, sdrt-health/mac:02010b41cdec/antenna/tag/e2806894000050038662154f, 88
1652707377.877846, sdrt-health/mac:02010b41cdec/antenna/tag/e2806894000050038661fd4f, 83
1652707377.900669, sdrt-health/mac:02010b41cdec/antenna/tag/e28068940000400386621d4f, 96
1652707377.955425, sdrt-health/mac:02010b41cdec/antenna/tag/e28068940000500386620d4f, 81
1652707377.955935, sdrt-health/mac:02010b41cdec/antenna/tag/e2806894000040038662114f, 85
1652707377.96888, sdrt-health/mac:02010b41cdec/antenna/tag/e28068940000500386620d4f, 83
1652707378.021681, sdrt-health/mac:02010b41cdec/antenna/tag/e28068940000400386621d4f, 90
1652707378.061963, sdrt-health/mac:02010b41cdec/antenna/tag/e2806894000050038661fd4f, 86
1652707378.145741, sdrt-health/mac:02010b41cdec/antenna/tag/e2806894000050038662154f, 88
1652707378.146106, sdrt-health/mac:02010b41cdec/antenna/tag/e2806894000040038662114f, 85
1652707378.181957, sdrt-health/mac:02010b41cdec/antenna/tag/e28068940000400386621d4f, 96
1652707378.275376, sdrt-health/mac:02010b41cdec/antenna/tag/e2806894000050038662154f, 88
1652707378.275819, sdrt-health/mac:02010b41cdec/antenna/tag/e28068940000400386621d4f, 96
1652707378.302634, sdrt-health/mac:02010b41cdec/antenna/tag/e2806894000050038661fd4f, 86
1652707378.331311, sdrt-health/mac:02010b41cdec/antenna/tag/e2806894000050038661fd4f, 83
1652707378.331602, sdrt-health/mac:02010b41cdec/antenna/tag/e28068940000500386620d4f, 83
1652707378.345663, sdrt-health/mac:02010b41cdec/antenna/tag/e28068940000500386620d4f, 94
1652707378.345916, sdrt-health/mac:02010b41cdec/antenna/tag/e2806894000050038661fd4f, 83
1652707378.346065, sdrt-health/mac:02010b41cdec/antenna/tag/e2806894000050038662154f, 88
1652707378.391213, sdrt-health/mac:02010b41cdec/antenna/tag/e2806894000050038662154f, 91
1652707378.471093, sdrt-health/mac:02010b41cdec/antenna/tag/e2806894000050038662154f, 91
1652707378.511891, sdrt-health/mac:02010b41cdec/antenna/tag/e2806894000050038662154f, 85
1652707378.602643, sdrt-health/mac:02010b41cdec/antenna/tag/e28068940000400386621d4f, 96
1652707378.66207, sdrt-health/mac:02010b41cdec/antenna/tag/e2806894000050038661fd4f, 83
1652707378.702145, sdrt-health/mac:02010b41cdec/antenna/tag/e28068940000500386620d4f, 83
1652707378.74144, sdrt-health/mac:02010b41cdec/antenna/tag/e2806894000050038662154f, 85
1652707378.781538, sdrt-health/mac:02010b41cdec/antenna/tag/e2806894000050038662154f, 85
1652707378.821716, sdrt-health/mac:02010b41cdec/antenna/tag/e28068940000400386621d4f, 96
1652707378.876076, sdrt-health/mac:02010b41cdec/antenna/tag/e2806894000040038662114f, 88
1652707378.876609, sdrt-health/mac:02010b41cdec/antenna/tag/e2806894000050038662154f, 85
1652707378.889859, sdrt-health/mac:02010b41cdec/antenna/tag/e2806894000050038661fd4f, 83
1652707378.923569, sdrt-health/mac:02010b41cdec/antenna/tag/e28068940000400386621d4f, 96
1652707378.962549, sdrt-health/mac:02010b41cdec/antenna/tag/e2806894000040038662114f, 85
1652707379.002935, sdrt-health/mac:02010b41cdec/antenna/tag/e2806894000040038662114f, 88
1652707379.003361, sdrt-health/mac:02010b41cdec/antenna/tag/e2806894000050038662154f, 91
1652707379.052643, sdrt-health/mac:02010b41cdec/antenna/tag/e2806894000040038662114f, 88
1652707379.092194, sdrt-health/mac:02010b41cdec/antenna/tag/e28068940000400386621d4f, 77
1652707379.146163, sdrt-health/mac:02010b41cdec/antenna/tag/e28068940000500386620d4f, 81
1652707379.146519, sdrt-health/mac:02010b41cdec/antenna/tag/e28068940000400386621d4f, 77
1652707379.160393, sdrt-health/mac:02010b41cdec/antenna/tag/e2806894000050038662154f, 85
1652707379.190871, sdrt-health/mac:02010b41cdec/antenna/tag/e2806894000050038661fd4f, 86
1652707379.23324, sdrt-health/mac:02010b41cdec/antenna/tag/e2806894000050038661fd4f, 86
1652707379.272958, sdrt-health/mac:02010b41cdec/antenna/tag/e2806894000040038662114f, 88
1652707379.31171, sdrt-health/mac:02010b41cdec/antenna/tag/e2806894000050038661fd4f, 86
1652707379.353113, sdrt-health/mac:02010b41cdec/antenna/tag/e28068940000400386621d4f, 90
1652707379.400431, sdrt-health/mac:02010b41cdec/antenna/tag/e28068940000400386621d4f, 90
1652707379.452086, sdrt-health/mac:02010b41cdec/antenna/tag/e2806894000050038662194f, 84
1652707379.452565, sdrt-health/mac:02010b41cdec/antenna/tag/e2806894000040038662114f, 83
1652707379.467211, sdrt-health/mac:02010b41cdec/antenna/tag/e2806894000040038662054f, 84
1652707379.46744, sdrt-health/mac:02010b41cdec/antenna/tag/e2806894000050038661fd4f, 83
1652707379.481026, sdrt-health/mac:02010b41cdec/antenna/tag/e28068940000400386621d4f, 77
1652707379.521677, sdrt-health/mac:02010b41cdec/antenna/tag/e2806894000050038662194f, 94
1652707379.601137, sdrt-health/mac:02010b41cdec/antenna/tag/e28068940000400386621d4f, 96
1652707379.641508, sdrt-health/mac:02010b41cdec/antenna/tag/e2806894000050038662154f, 88
1652707379.684333, sdrt-health/mac:02010b41cdec/antenna/tag/e2806894000050038661fd4f, 86
1652707379.721749, sdrt-health/mac:02010b41cdec/antenna/tag/e28068940000400386621d4f, 90
1652707379.7222, sdrt-health/mac:02010b41cdec/antenna/tag/e2806894000040038662114f, 88
1652707379.77801, sdrt-health/mac:02010b41cdec/antenna/tag/e2806894000050038661fd4f, 86
1652707379.778469, sdrt-health/mac:02010b41cdec/antenna/tag/e2806894000050038662154f, 85
1652707379.883141, sdrt-health/mac:02010b41cdec/antenna/tag/e28068940000400386621d4f, 96
1652707379.922394, sdrt-health/mac:02010b41cdec/antenna/tag/e2806894000040038662114f, 88
1652707379.955295, sdrt-health/mac:02010b41cdec/antenna/tag/e2806894000040038662114f, 88
1652707379.955718, sdrt-health/mac:02010b41cdec/antenna/tag/e2806894000050038661fd4f, 83
1652707379.969478, sdrt-health/mac:02010b41cdec/antenna/tag/e28068940000500386620d4f, 83
1652707379.969691, sdrt-health/mac:02010b41cdec/antenna/tag/e28068940000400386621d4f, 96
1652707380.01132, sdrt-health/mac:02010b41cdec/antenna/tag/e2806894000050038661fd4f, 83
1652707380.116206, sdrt-health/mac:02010b41cdec/antenna/tag/e2806894000050038661fd4f, 83
1652707380.116757, sdrt-health/mac:02010b41cdec/antenna/tag/e28068940000400386621d4f, 96
1652707380.182867, sdrt-health/mac:02010b41cdec/antenna/tag/e2806894000050038662154f, 85
1652707380.183341, sdrt-health/mac:02010b41cdec/antenna/tag/e28068940000500386620d4f, 83
1652707380.222858, sdrt-health/mac:02010b41cdec/antenna/tag/e28068940000400386621d4f, 96
1652707380.261987, sdrt-health/mac:02010b41cdec/antenna/tag/e2806894000050038662154f, 91
1652707380.262511, sdrt-health/mac:02010b41cdec/antenna/tag/e2806894000050038661fd4f, 83
1652707380.301777, sdrt-health/mac:02010b41cdec/antenna/tag/e2806894000040038662114f, 85
1652707380.365222, sdrt-health/mac:02010b41cdec/antenna/tag/e2806894000050038661fd4f, 83
1652707380.365652, sdrt-health/mac:02010b41cdec/antenna/tag/e2806894000040038662114f, 85
1652707380.392126, sdrt-health/mac:02010b41cdec/antenna/tag/e28068940000500386620d4f, 83
1652707380.445507, sdrt-health/mac:02010b41cdec/antenna/tag/e2806894000050038662154f, 88
1652707380.445941, sdrt-health/mac:02010b41cdec/antenna/tag/e2806894000050038662154f, 88
1652707380.471325, sdrt-health/mac:02010b41cdec/antenna/tag/e2806894000050038662154f, 91
1652707380.514445, sdrt-health/mac:02010b41cdec/antenna/tag/e2806894000040038662114f, 88
1652707380.566394, sdrt-health/mac:02010b41cdec/antenna/tag/e28068940000400386621d4f, 96
1652707380.566885, sdrt-health/mac:02010b41cdec/antenna/tag/e2806894000050038662154f, 91
1652707380.580447, sdrt-health/mac:02010b41cdec/antenna/tag/e2806894000040038662114f, 88
1652707380.580933, sdrt-health/mac:02010b41cdec/antenna/tag/e2806894000050038661fd4f, 86
1652707380.63388, sdrt-health/mac:02010b41cdec/antenna/tag/e28068940000400386621d4f, 90
1652707380.671482, sdrt-health/mac:02010b41cdec/antenna/tag/e2806894000040038662114f, 91
1652707380.72264, sdrt-health/mac:02010b41cdec/antenna/tag/e2806894000050038662194f, 94
1652707380.772184, sdrt-health/mac:02010b41cdec/antenna/tag/e28068940000400386621d4f, 90
1652707380.811073, sdrt-health/mac:02010b41cdec/antenna/tag/e2806894000050038661fd4f, 86
1652707380.869471, sdrt-health/mac:02010b41cdec/antenna/tag/e2806894000050038662154f, 88
1652707380.86991, sdrt-health/mac:02010b41cdec/antenna/tag/e2806894000050038661fd4f, 86
1652707380.891524, sdrt-health/mac:02010b41cdec/antenna/tag/e2806894000050038661fd4f, 83
1652707380.931892, sdrt-health/mac:02010b41cdec/antenna/tag/e2806894000050038662154f, 91
1652707380.960716, sdrt-health/mac:02010b41cdec/antenna/tag/e2806894000050038661fd4f, 83
1652707380.960987, sdrt-health/mac:02010b41cdec/antenna/tag/e28068940000400386621d4f, 96
1652707380.974862, sdrt-health/mac:02010b41cdec/antenna/tag/e2806894000050038661fd4f, 83
1652707380.975164, sdrt-health/mac:02010b41cdec/antenna/tag/e28068940000400386621d4f, 96
1652707381.011181, sdrt-health/mac:02010b41cdec/antenna/tag/e28068940000400386621d4f, 96
1652707381.062517, sdrt-health/mac:02010b41cdec/antenna/tag/e2806894000050038662194f, 94
1652707381.177958, sdrt-health/mac:02010b41cdec/antenna/tag/e2806894000050038662194f, 81
1652707381.327625, sdrt-health/mac:02010b41cdec/antenna/tag/e28068940000400386621d4f, 96
1652707381.372178, sdrt-health/mac:02010b41cdec/antenna/tag/e28068940000400386621d4f, 96
1652707381.372693, sdrt-health/mac:02010b41cdec/antenna/tag/e2806894000050038661fd4f, 83
1652707381.373036, sdrt-health/mac:02010b41cdec/antenna/tag/e28068940000400386621d4f, 96
1652707381.373387, sdrt-health/mac:02010b41cdec/antenna/tag/e2806894000040038662114f, 85
1652707381.413451, sdrt-health/mac:02010b41cdec/antenna/tag/e2806894000040038662114f, 88
1652707381.442079, sdrt-health/mac:02010b41cdec/antenna/tag/e2806894000050038662154f, 88
1652707381.442454, sdrt-health/mac:02010b41cdec/antenna/tag/e28068940000400386621d4f, 90
1652707381.442681, sdrt-health/mac:02010b41cdec/antenna/tag/e28068940000400386621d4f, 96
1652707381.442902, sdrt-health/mac:02010b41cdec/antenna/tag/e2806894000050038662154f, 88
1652707381.443279, sdrt-health/mac:02010b41cdec/antenna/tag/e2806894000050038661fd4f, 83
1652707381.456489, sdrt-health/mac:02010b41cdec/antenna/tag/e28068940000400386621d4f, 96
1652707381.456873, sdrt-health/mac:02010b41cdec/antenna/tag/e28068940000400386621d4f, 90
1652707381.457134, sdrt-health/mac:02010b41cdec/antenna/tag/e28068940000400386621d4f, 96
1652707381.509434, sdrt-health/mac:02010b41cdec/antenna/tag/e2806894000040038662114f, 85
1652707381.552229, sdrt-health/mac:02010b41cdec/antenna/tag/e2806894000050038661fd4f, 90
1652707381.606064, sdrt-health/mac:02010b41cdec/antenna/tag/e28068940000400386621d4f, 96
1652707381.606505, sdrt-health/mac:02010b41cdec/antenna/tag/e2806894000040038662114f, 85
1652707381.620185, sdrt-health/mac:02010b41cdec/antenna/tag/e2806894000050038662154f, 91
1652707381.681553, sdrt-health/mac:02010b41cdec/antenna/tag/e2806894000050038662154f, 91
1652707381.750781, sdrt-health/mac:02010b41cdec/antenna/tag/e2806894000040038662114f, 88
1652707381.823079, sdrt-health/mac:02010b41cdec/antenna/tag/e2806894000050038662154f, 88
1652707381.823615, sdrt-health/mac:02010b41cdec/antenna/tag/e2806894000050038661fd4f, 83
1652707381.839119, sdrt-health/mac:02010b41cdec/antenna/tag/e2806894000050038662154f, 88
1652707381.839773, sdrt-health/mac:02010b41cdec/antenna/tag/e28068940000400386621d4f, 96
1652707381.840129, sdrt-health/mac:02010b41cdec/antenna/tag/e28068940000400386621d4f, 90
1652707381.851498, sdrt-health/mac:02010b41cdec/antenna/tag/e2806894000050038662154f, 88
1652707381.853138, sdrt-health/mac:02010b41cdec/antenna/tag/e2806894000050038661fd4f, 83
1652707381.853403, sdrt-health/mac:02010b41cdec/antenna/tag/e2806894000040038662114f, 88
1652707381.891537, sdrt-health/mac:02010b41cdec/antenna/tag/e2806894000050038662154f, 88
1652707381.976359, sdrt-health/mac:02010b41cdec/antenna/tag/e2806894000050038662154f, 88
1652707381.976834, sdrt-health/mac:02010b41cdec/antenna/tag/e2806894000050038662154f, 85
1652707382.051416, sdrt-health/mac:02010b41cdec/antenna/tag/e2806894000050038662154f, 88
1652707382.092334, sdrt-health/mac:02010b41cdec/antenna/tag/e2806894000040038662114f, 85
1652707382.14865, sdrt-health/mac:02010b41cdec/antenna/tag/e2806894000050038662154f, 85
1652707382.149154, sdrt-health/mac:02010b41cdec/antenna/tag/e2806894000050038661fd4f, 83
1652707382.165477, sdrt-health/mac:02010b41cdec/antenna/tag/e28068940000400386621d4f, 90
1652707382.19897, sdrt-health/mac:02010b41cdec/antenna/tag/e2806894000040038662114f, 88
1652707382.199261, sdrt-health/mac:02010b41cdec/antenna/tag/e2806894000040038662114f, 91
1652707382.221351, sdrt-health/mac:02010b41cdec/antenna/tag/e28068940000400386621d4f, 90
1652707382.294214, sdrt-health/mac:02010b41cdec/antenna/tag/e2806894000050038661fd4f, 86
1652707382.294708, sdrt-health/mac:02010b41cdec/antenna/tag/e28068940000400386621d4f, 90
1652707382.322108, sdrt-health/mac:02010b41cdec/antenna/tag/e28068940000500386620d4f, 94
1652707382.376502, sdrt-health/mac:02010b41cdec/antenna/tag/e2806894000040038662114f, 88
1652707382.377089, sdrt-health/mac:02010b41cdec/antenna/tag/e28068940000400386621d4f, 90
1652707382.390535, sdrt-health/mac:02010b41cdec/antenna/tag/e28068940000400386621d4f, 90
1652707382.401199, sdrt-health/mac:02010b41cdec/antenna/tag/e2806894000050038661fd4f, 86
1652707382.442226, sdrt-health/mac:02010b41cdec/antenna/tag/e2806894000050038661fd4f, 83
1652707382.481354, sdrt-health/mac:02010b41cdec/antenna/tag/e2806894000040038662114f, 85
1652707382.535071, sdrt-health/mac:02010b41cdec/antenna/tag/e2806894000040038662214f, 88
1652707382.535425, sdrt-health/mac:02010b41cdec/antenna/tag/e2806894000050038662154f, 85
1652707382.582512, sdrt-health/mac:02010b41cdec/antenna/tag/e2806894000050038661fd4f, 86
1652707382.621971, sdrt-health/mac:02010b41cdec/antenna/tag/e28068940000400386621d4f, 96
1652707382.675592, sdrt-health/mac:02010b41cdec/antenna/tag/e2806894000050038662154f, 88
1652707382.676108, sdrt-health/mac:02010b41cdec/antenna/tag/e28068940000400386621d4f, 96
1652707382.702076, sdrt-health/mac:02010b41cdec/antenna/tag/e28068940000400386621d4f, 96
1652707382.755566, sdrt-health/mac:02010b41cdec/antenna/tag/e28068940000400386621d4f, 96
1652707382.755843, sdrt-health/mac:02010b41cdec/antenna/tag/e2806894000040038662114f, 85
1652707382.770064, sdrt-health/mac:02010b41cdec/antenna/tag/e2806894000050038662154f, 91
1652707382.781376, sdrt-health/mac:02010b41cdec/antenna/tag/e2806894000040038662114f, 85
1652707382.822924, sdrt-health/mac:02010b41cdec/antenna/tag/e2806894000040038662114f, 85
1652707382.883652, sdrt-health/mac:02010b41cdec/antenna/tag/e2806894000050038661fd4f, 97
1652707382.884148, sdrt-health/mac:02010b41cdec/antenna/tag/e2806894000040038662114f, 88
1652707382.898836, sdrt-health/mac:02010b41cdec/antenna/tag/e2806894000050038661fd4f, 83
1652707382.92743, sdrt-health/mac:02010b41cdec/antenna/tag/e28068940000400386621d4f, 90
1652707382.927825, sdrt-health/mac:02010b41cdec/antenna/tag/e28068940000500386620d4f, 87
1652707382.928048, sdrt-health/mac:02010b41cdec/antenna/tag/e28068940000500386620d4f, 94
1652707382.952111, sdrt-health/mac:02010b41cdec/antenna/tag/e2806894000050038661fd4f, 86
1652707382.991891, sdrt-health/mac:02010b41cdec/antenna/tag/e28068940000400386621d4f, 96
1652707383.047269, sdrt-health/mac:02010b41cdec/antenna/tag/e2806894000040038662114f, 85
1652707383.047742, sdrt-health/mac:02010b41cdec/antenna/tag/e2806894000050038661fd4f, 86
1652707383.061277, sdrt-health/mac:02010b41cdec/antenna/tag/e2806894000050038661fd4f, 86
1652707383.061583, sdrt-health/mac:02010b41cdec/antenna/tag/e28068940000400386621d4f, 96
1652707383.072042, sdrt-health/mac:02010b41cdec/antenna/tag/e28068940000400386621d4f, 90
1652707383.075232, sdrt-health/mac:02010b41cdec/antenna/tag/e2806894000050038662154f, 91
1652707383.12225, sdrt-health/mac:02010b41cdec/antenna/tag/e2806894000040038662114f, 88
1652707383.177378, sdrt-health/mac:02010b41cdec/antenna/tag/e2806894000050038661fd4f, 86
1652707383.177634, sdrt-health/mac:02010b41cdec/antenna/tag/e2806894000050038661fd4f, 86
1652707383.192473, sdrt-health/mac:02010b41cdec/antenna/tag/e28068940000400386621d4f, 96
1652707383.22111, sdrt-health/mac:02010b41cdec/antenna/tag/e2806894000050038662154f, 91
1652707383.221433, sdrt-health/mac:02010b41cdec/antenna/tag/e28068940000400386621d4f, 90
1652707383.250865, sdrt-health/mac:02010b41cdec/antenna/tag/e2806894000050038662154f, 91
1652707383.279048, sdrt-health/mac:02010b41cdec/antenna/tag/e2806894000050038661fd4f, 86
1652707383.279389, sdrt-health/mac:02010b41cdec/antenna/tag/e28068940000400386621d4f, 96
1652707383.291875, sdrt-health/mac:02010b41cdec/antenna/tag/e2806894000050038661fd4f, 86
1652707383.331896, sdrt-health/mac:02010b41cdec/antenna/tag/e2806894000050038662154f, 88
1652707383.373104, sdrt-health/mac:02010b41cdec/antenna/tag/e28068940000400386621d4f, 96
1652707383.429438, sdrt-health/mac:02010b41cdec/antenna/tag/e28068940000500386620d4f, 81
1652707383.429907, sdrt-health/mac:02010b41cdec/antenna/tag/e2806894000050038662154f, 85
1652707383.462923, sdrt-health/mac:02010b41cdec/antenna/tag/e28068940000400386621d4f, 90
1652707383.500533, sdrt-health/mac:02010b41cdec/antenna/tag/e2806894000050038661fd4f, 86
1652707383.566623, sdrt-health/mac:02010b41cdec/antenna/tag/e2806894000050038661fd4f, 86
1652707383.567178, sdrt-health/mac:02010b41cdec/antenna/tag/e2806894000040038662114f, 88
1652707383.581642, sdrt-health/mac:02010b41cdec/antenna/tag/e28068940000400386621d4f, 96
1652707383.601932, sdrt-health/mac:02010b41cdec/antenna/tag/e28068940000400386621d4f, 96
1652707383.642012, sdrt-health/mac:02010b41cdec/antenna/tag/e2806894000050038661fd4f, 86
1652707383.696742, sdrt-health/mac:02010b41cdec/antenna/tag/e2806894000040038662114f, 88
1652707383.697245, sdrt-health/mac:02010b41cdec/antenna/tag/e2806894000040038662114f, 91
1652707383.710673, sdrt-health/mac:02010b41cdec/antenna/tag/e2806894000050038662154f, 88
1652707383.721057, sdrt-health/mac:02010b41cdec/antenna/tag/e2806894000050038661fd4f, 83
1652707383.761902, sdrt-health/mac:02010b41cdec/antenna/tag/e2806894000040038662114f, 91
1652707383.801387, sdrt-health/mac:02010b41cdec/antenna/tag/e2806894000050038662154f, 85
1652707383.910321, sdrt-health/mac:02010b41cdec/antenna/tag/e28068940000500386620d4f, 83
1652707383.910777, sdrt-health/mac:02010b41cdec/antenna/tag/e2806894000050038662154f, 85
1652707383.932333, sdrt-health/mac:02010b41cdec/antenna/tag/e28068940000400386621d4f, 96
1652707383.932643, sdrt-health/mac:02010b41cdec/antenna/tag/e2806894000050038661fd4f, 83
1652707383.932911, sdrt-health/mac:02010b41cdec/antenna/tag/e2806894000050038662154f, 85
1652707383.971167, sdrt-health/mac:02010b41cdec/antenna/tag/e2806894000050038661fd4f, 86
1652707384.012178, sdrt-health/mac:02010b41cdec/antenna/tag/e2806894000040038662114f, 85
1652707384.052018, sdrt-health/mac:02010b41cdec/antenna/tag/e2806894000040038662114f, 85
1652707384.122221, sdrt-health/mac:02010b41cdec/antenna/tag/e2806894000050038662154f, 91
1652707384.122804, sdrt-health/mac:02010b41cdec/antenna/tag/e2806894000040038662114f, 85
1652707384.123194, sdrt-health/mac:02010b41cdec/antenna/tag/e2806894000050038661fd4f, 83
1652707384.135105, sdrt-health/mac:02010b41cdec/antenna/tag/e2806894000050038661fd4f, 86
1652707384.13562, sdrt-health/mac:02010b41cdec/antenna/tag/e2806894000040038662114f, 88
1652707384.161255, sdrt-health/mac:02010b41cdec/antenna/tag/e2806894000040038662114f, 88
1652707384.215668, sdrt-health/mac:02010b41cdec/antenna/tag/e2806894000050038661fd4f, 83
1652707384.216148, sdrt-health/mac:02010b41cdec/antenna/tag/e2806894000050038662154f, 88
1652707384.216608, sdrt-health/mac:02010b41cdec/antenna/tag/e2806894000040038662114f, 85
1652707384.240921, sdrt-health/mac:02010b41cdec/antenna/tag/e2806894000050038661fd4f, 86
1652707384.282191, sdrt-health/mac:02010b41cdec/antenna/tag/e2806894000040038662114f, 91
1652707384.310337, sdrt-health/mac:02010b41cdec/antenna/tag/e2806894000050038662154f, 88
1652707384.310609, sdrt-health/mac:02010b41cdec/antenna/tag/e2806894000050038661fd4f, 86
1652707384.32405, sdrt-health/mac:02010b41cdec/antenna/tag/e2806894000050038662154f, 88
1652707384.324312, sdrt-health/mac:02010b41cdec/antenna/tag/e2806894000040038662114f, 91
1652707384.371731, sdrt-health/mac:02010b41cdec/antenna/tag/e2806894000050038662194f, 83
1652707384.442784, sdrt-health/mac:02010b41cdec/antenna/tag/e2806894000050038661fd4f, 83
1652707384.481604, sdrt-health/mac:02010b41cdec/antenna/tag/e2806894000050038662154f, 93
1652707384.53114, sdrt-health/mac:02010b41cdec/antenna/tag/e28068940000400386621d4f, 90
1652707384.571813, sdrt-health/mac:02010b41cdec/antenna/tag/e2806894000040038662114f, 91
1652707384.626089, sdrt-health/mac:02010b41cdec/antenna/tag/e2806894000050038662194f, 88
1652707384.626564, sdrt-health/mac:02010b41cdec/antenna/tag/e2806894000050038661fd4f, 90
1652707384.651652, sdrt-health/mac:02010b41cdec/antenna/tag/e2806894000050038662154f, 85
1652707384.691335, sdrt-health/mac:02010b41cdec/antenna/tag/e2806894000040038662114f, 85
1652707384.745033, sdrt-health/mac:02010b41cdec/antenna/tag/e2806894000050038661fd4f, 86
1652707384.745539, sdrt-health/mac:02010b41cdec/antenna/tag/e2806894000050038661fd4f, 86
1652707384.774319, sdrt-health/mac:02010b41cdec/antenna/tag/e2806894000040038662114f, 88
1652707384.826336, sdrt-health/mac:02010b41cdec/antenna/tag/e28068940000400386621d4f, 90
1652707384.826822, sdrt-health/mac:02010b41cdec/antenna/tag/e2806894000040038662114f, 91
1652707384.911486, sdrt-health/mac:02010b41cdec/antenna/tag/e2806894000050038662154f, 88
1652707384.981984, sdrt-health/mac:02010b41cdec/antenna/tag/e28068940000400386621d4f, 90
1652707385.010302, sdrt-health/mac:02010b41cdec/antenna/tag/e2806894000040038662114f, 85
1652707385.010746, sdrt-health/mac:02010b41cdec/antenna/tag/e2806894000050038661fd4f, 83
1652707385.011084, sdrt-health/mac:02010b41cdec/antenna/tag/e2806894000050038662154f, 85
1652707385.024383, sdrt-health/mac:02010b41cdec/antenna/tag/e28068940000500386620d4f, 81
1652707385.024712, sdrt-health/mac:02010b41cdec/antenna/tag/e28068940000400386621d4f, 96
1652707385.061122, sdrt-health/mac:02010b41cdec/antenna/tag/e28068940000400386621d4f, 90
1652707385.115012, sdrt-health/mac:02010b41cdec/antenna/tag/e2806894000050038662154f, 85
1652707385.115487, sdrt-health/mac:02010b41cdec/antenna/tag/e2806894000040038662114f, 88
1652707385.12939, sdrt-health/mac:02010b41cdec/antenna/tag/e2806894000050038661fd4f, 83
1652707385.162347, sdrt-health/mac:02010b41cdec/antenna/tag/e2806894000040038662114f, 85
1652707385.201317, sdrt-health/mac:02010b41cdec/antenna/tag/e2806894000050038662194f, 88
1652707385.241999, sdrt-health/mac:02010b41cdec/antenna/tag/e2806894000040038662114f, 88
1652707385.294807, sdrt-health/mac:02010b41cdec/antenna/tag/e2806894000050038662194f, 88
1652707385.295206, sdrt-health/mac:02010b41cdec/antenna/tag/e2806894000050038662194f, 82
1652707385.321787, sdrt-health/mac:02010b41cdec/antenna/tag/e2806894000050038661fd4f, 83
1652707385.377473, sdrt-health/mac:02010b41cdec/antenna/tag/e28068940000400386621d4f, 77
1652707385.377965, sdrt-health/mac:02010b41cdec/antenna/tag/e2806894000050038661fd4f, 83
1652707385.401331, sdrt-health/mac:02010b41cdec/antenna/tag/e28068940000400386621d4f, 96
1652707385.442889, sdrt-health/mac:02010b41cdec/antenna/tag/e2806894000050038661fd4f, 86
1652707385.4718, sdrt-health/mac:02010b41cdec/antenna/tag/e2806894000050038662154f, 91
1652707385.472317, sdrt-health/mac:02010b41cdec/antenna/tag/e2806894000050038662154f, 91
1652707385.472681, sdrt-health/mac:02010b41cdec/antenna/tag/e2806894000050038661fd4f, 83
1652707385.486653, sdrt-health/mac:02010b41cdec/antenna/tag/e2806894000050038661fd4f, 86
1652707385.486889, sdrt-health/mac:02010b41cdec/antenna/tag/e2806894000050038662154f, 91
1652707385.532024, sdrt-health/mac:02010b41cdec/antenna/tag/e2806894000040038662054f, 94
1652707385.570874, sdrt-health/mac:02010b41cdec/antenna/tag/e2806894000050038662194f, 94
1652707385.614016, sdrt-health/mac:02010b41cdec/antenna/tag/e2806894000040038662114f, 85
1652707385.664727, sdrt-health/mac:02010b41cdec/antenna/tag/e2806894000050038662194f, 88
1652707385.665128, sdrt-health/mac:02010b41cdec/antenna/tag/e2806894000040038662114f, 88
1652707385.677315, sdrt-health/mac:02010b41cdec/antenna/tag/e2806894000040038662114f, 85
1652707385.691241, sdrt-health/mac:02010b41cdec/antenna/tag/e2806894000040038662114f, 97
1652707385.747539, sdrt-health/mac:02010b41cdec/antenna/tag/e2806894000050038662154f, 88
1652707385.747958, sdrt-health/mac:02010b41cdec/antenna/tag/e28068940000400386621d4f, 90
1652707385.762549, sdrt-health/mac:02010b41cdec/antenna/tag/e2806894000050038662154f, 88
1652707385.781176, sdrt-health/mac:02010b41cdec/antenna/tag/e28068940000400386621d4f, 90
1652707385.842737, sdrt-health/mac:02010b41cdec/antenna/tag/e2806894000040038662114f, 91
1652707385.882714, sdrt-health/mac:02010b41cdec/antenna/tag/e2806894000050038661fd4f, 86
1652707385.936405, sdrt-health/mac:02010b41cdec/antenna/tag/e2806894000050038661fd4f, 86
1652707385.9367, sdrt-health/mac:02010b41cdec/antenna/tag/e28068940000500386620d4f, 81
1652707385.961782, sdrt-health/mac:02010b41cdec/antenna/tag/e2806894000050038662194f, 81
1652707386.002528, sdrt-health/mac:02010b41cdec/antenna/tag/e2806894000050038661fd4f, 86
1652707386.054778, sdrt-health/mac:02010b41cdec/antenna/tag/e2806894000040038662114f, 88
1652707386.055266, sdrt-health/mac:02010b41cdec/antenna/tag/e2806894000040038662114f, 88
1652707386.082386, sdrt-health/mac:02010b41cdec/antenna/tag/e2806894000050038662154f, 88
1652707386.122019, sdrt-health/mac:02010b41cdec/antenna/tag/e2806894000050038661fd4f, 86
1652707386.330137, sdrt-health/mac:02010b41cdec/antenna/tag/e28068940000400386621d4f, 96
1652707386.330607, sdrt-health/mac:02010b41cdec/antenna/tag/scan, scan stopped
