1652707796.26251, sdrt-health/mac:02010b41cdec/antenna/power/set, {"power": 300}
1652707797.324033, sdrt-health/mac:02010b41cdec/antenna/power/set, 
1652707801.288819, sdrt-health/mac:02010b41cdec/antenna/tag/scan, {"time": 20000}
1652707801.641802, sdrt-health/mac:02010b41cdec/antenna/tag/e2806894000050038662154f, 91
1652707801.680346, sdrt-health/mac:02010b41cdec/antenna/tag/e28068940000500386620d4f, 87
1652707801.721167, sdrt-health/mac:02010b41cdec/antenna/tag/e2806894000050038662194f, 81
1652707801.760784, sdrt-health/mac:02010b41cdec/antenna/tag/e2806894000050038662154f, 85
1652707801.833871, sdrt-health/mac:02010b41cdec/antenna/tag/e28068940000500386620d4f, 81
1652707801.83433, sdrt-health/mac:02010b41cdec/antenna/tag/e2806894000050038662194f, 81
1652707801.850073, sdrt-health/mac:02010b41cdec/antenna/tag/e2806894000050038661fd4f, 90
1652707801.905381, sdrt-health/mac:02010b41cdec/antenna/tag/e2806894000050038661fd4f, 90
1652707801.905885, sdrt-health/mac:02010b41cdec/antenna/tag/e2806894000050038662154f, 88
1652707802.298906, sdrt-health/mac:02010b41cdec/antenna/tag/e2806894000050038662154f, 91
1652707802.328968, sdrt-health/mac:02010b41cdec/antenna/tag/e28068940000500386620d4f, 94
1652707802.329352, sdrt-health/mac:02010b41cdec/antenna/tag/e2806894000050038661fd4f, 86
1652707802.329627, sdrt-health/mac:02010b41cdec/antenna/tag/e2806894000050038662154f, 88
1652707802.329922, sdrt-health/mac:02010b41cdec/antenna/tag/e28068940000400386621d4f, 96
1652707802.330254, sdrt-health/mac:02010b41cdec/antenna/tag/e2806894000050038661fd4f, 83
1652707802.33064, sdrt-health/mac:02010b41cdec/antenna/tag/e2806894000050038662194f, 94
1652707802.331008, sdrt-health/mac:02010b41cdec/antenna/tag/e28068940000400386621d4f, 96
1652707802.331295, sdrt-health/mac:02010b41cdec/antenna/tag/e2806894000050038662154f, 91
1652707802.331602, sdrt-health/mac:02010b41cdec/antenna/tag/e2806894000040038662114f, 91
1652707802.331916, sdrt-health/mac:02010b41cdec/antenna/tag/e28068940000400386621d4f, 77
1652707802.343638, sdrt-health/mac:02010b41cdec/antenna/tag/e28068940000400386621d4f, 96
1652707802.343873, sdrt-health/mac:02010b41cdec/antenna/tag/e28068940000400386621d4f, 96
1652707802.344052, sdrt-health/mac:02010b41cdec/antenna/tag/e2806894000040038662114f, 88
1652707802.344203, sdrt-health/mac:02010b41cdec/antenna/tag/e28068940000500386620d4f, 87
1652707802.379916, sdrt-health/mac:02010b41cdec/antenna/tag/e2806894000050038661fd4f, 86
1652707802.435023, sdrt-health/mac:02010b41cdec/antenna/tag/e2806894000050038662154f, 88
1652707802.435417, sdrt-health/mac:02010b41cdec/antenna/tag/e28068940000500386620d4f, 87
1652707802.449922, sdrt-health/mac:02010b41cdec/antenna/tag/e2806894000050038662154f, 85
1652707802.459639, sdrt-health/mac:02010b41cdec/antenna/tag/e2806894000040038662114f, 88
1652707802.50972, sdrt-health/mac:02010b41cdec/antenna/tag/e2806894000050038662154f, 91
1652707802.549875, sdrt-health/mac:02010b41cdec/antenna/tag/e2806894000050038661fd4f, 83
1652707802.61196, sdrt-health/mac:02010b41cdec/antenna/tag/e2806894000050038661fd4f, 86
1652707802.650569, sdrt-health/mac:02010b41cdec/antenna/tag/e2806894000050038662154f, 88
1652707802.691161, sdrt-health/mac:02010b41cdec/antenna/tag/e2806894000050038662194f, 81
1652707802.720005, sdrt-health/mac:02010b41cdec/antenna/tag/e2806894000040038661f94f, 81
1652707802.720288, sdrt-health/mac:02010b41cdec/antenna/tag/e2806894000040038662114f, 88
1652707802.72047, sdrt-health/mac:02010b41cdec/antenna/tag/e2806894000050038661fd4f, 83
1652707802.733644, sdrt-health/mac:02010b41cdec/antenna/tag/e28068940000500386620d4f, 83
1652707802.733949, sdrt-health/mac:02010b41cdec/antenna/tag/e28068940000400386621d4f, 96
1652707802.7706, sdrt-health/mac:02010b41cdec/antenna/tag/e2806894000050038662154f, 91
1652707802.798495, sdrt-health/mac:02010b41cdec/antenna/tag/e2806894000040038661f94f, 84
1652707802.798897, sdrt-health/mac:02010b41cdec/antenna/tag/e2806894000050038661fd4f, 90
1652707802.81284, sdrt-health/mac:02010b41cdec/antenna/tag/e2806894000050038661fd4f, 86
1652707802.850141, sdrt-health/mac:02010b41cdec/antenna/tag/e28068940000500386620d4f, 83
1652707802.890142, sdrt-health/mac:02010b41cdec/antenna/tag/e2806894000050038662154f, 88
1652707802.930654, sdrt-health/mac:02010b41cdec/antenna/tag/e2806894000050038661fd4f, 86
1652707802.990464, sdrt-health/mac:02010b41cdec/antenna/tag/e28068940000500386620d4f, 81
1652707803.03117, sdrt-health/mac:02010b41cdec/antenna/tag/e2806894000050038662194f, 83
1652707803.077838, sdrt-health/mac:02010b41cdec/antenna/tag/e2806894000040038662114f, 91
1652707803.134543, sdrt-health/mac:02010b41cdec/antenna/tag/e28068940000400386621d4f, 96
1652707803.135035, sdrt-health/mac:02010b41cdec/antenna/tag/e2806894000040038662214f, 82
1652707803.161214, sdrt-health/mac:02010b41cdec/antenna/tag/e2806894000040038662114f, 91
1652707803.202734, sdrt-health/mac:02010b41cdec/antenna/tag/e28068940000500386620d4f, 84
1652707803.25023, sdrt-health/mac:02010b41cdec/antenna/tag/e2806894000040038662114f, 88
1652707803.289924, sdrt-health/mac:02010b41cdec/antenna/tag/e28068940000500386620d4f, 87
1652707803.33829, sdrt-health/mac:02010b41cdec/antenna/tag/e28068940000400386621d4f, 77
1652707803.570536, sdrt-health/mac:02010b41cdec/antenna/tag/e2806894000050038662194f, 83
1652707803.771219, sdrt-health/mac:02010b41cdec/antenna/tag/e2806894000050038662194f, 81
1652707803.843761, sdrt-health/mac:02010b41cdec/antenna/tag/e2806894000050038662154f, 91
1652707803.844255, sdrt-health/mac:02010b41cdec/antenna/tag/e2806894000050038662154f, 97
1652707803.844664, sdrt-health/mac:02010b41cdec/antenna/tag/e2806894000050038661fd4f, 86
1652707803.844978, sdrt-health/mac:02010b41cdec/antenna/tag/e28068940000400386621d4f, 90
1652707803.845491, sdrt-health/mac:02010b41cdec/antenna/tag/e28068940000500386620d4f, 81
1652707803.845937, sdrt-health/mac:02010b41cdec/antenna/tag/e2806894000050038662194f, 94
1652707803.846516, sdrt-health/mac:02010b41cdec/antenna/tag/e2806894000050038661fd4f, 86
1652707803.847128, sdrt-health/mac:02010b41cdec/antenna/tag/e28068940000400386621d4f, 96
1652707803.847789, sdrt-health/mac:02010b41cdec/antenna/tag/e2806894000050038662154f, 88
1652707803.848276, sdrt-health/mac:02010b41cdec/antenna/tag/e2806894000040038662114f, 88
1652707803.848819, sdrt-health/mac:02010b41cdec/antenna/tag/e28068940000400386621d4f, 96
1652707803.849191, sdrt-health/mac:02010b41cdec/antenna/tag/e2806894000050038662154f, 91
1652707803.849323, sdrt-health/mac:02010b41cdec/antenna/tag/e28068940000400386621d4f, 77
1652707803.849448, sdrt-health/mac:02010b41cdec/antenna/tag/e2806894000050038661fd4f, 83
1652707803.849601, sdrt-health/mac:02010b41cdec/antenna/tag/e28068940000500386620d4f, 81
1652707803.900958, sdrt-health/mac:02010b41cdec/antenna/tag/e2806894000050038661fd4f, 86
1652707803.985061, sdrt-health/mac:02010b41cdec/antenna/tag/e2806894000050038662154f, 91
1652707803.985578, sdrt-health/mac:02010b41cdec/antenna/tag/e2806894000040038662114f, 88
1652707804.031011, sdrt-health/mac:02010b41cdec/antenna/tag/e28068940000400386621d4f, 77
1652707804.077854, sdrt-health/mac:02010b41cdec/antenna/tag/e2806894000040038662114f, 91
1652707804.159712, sdrt-health/mac:02010b41cdec/antenna/tag/e2806894000050038662154f, 88
1652707804.200007, sdrt-health/mac:02010b41cdec/antenna/tag/e2806894000040038662114f, 88
1652707804.239973, sdrt-health/mac:02010b41cdec/antenna/tag/e28068940000500386620d4f, 81
1652707804.279659, sdrt-health/mac:02010b41cdec/antenna/tag/e2806894000050038662154f, 91
1652707804.320327, sdrt-health/mac:02010b41cdec/antenna/tag/e2806894000050038662154f, 91
1652707804.367985, sdrt-health/mac:02010b41cdec/antenna/tag/e28068940000500386620d4f, 81
1652707804.496719, sdrt-health/mac:02010b41cdec/antenna/tag/e28068940000500386620d4f, 83
1652707804.550246, sdrt-health/mac:02010b41cdec/antenna/tag/e2806894000050038662154f, 88
1652707804.578277, sdrt-health/mac:02010b41cdec/antenna/tag/e2806894000040038662114f, 97
1652707804.578726, sdrt-health/mac:02010b41cdec/antenna/tag/e2806894000050038661fd4f, 86
1652707804.579065, sdrt-health/mac:02010b41cdec/antenna/tag/e28068940000500386620d4f, 83
1652707804.579378, sdrt-health/mac:02010b41cdec/antenna/tag/e2806894000040038662114f, 97
1652707804.580937, sdrt-health/mac:02010b41cdec/antenna/tag/e2806894000040038662114f, 91
1652707804.593946, sdrt-health/mac:02010b41cdec/antenna/tag/e2806894000050038662194f, 94
1652707804.594226, sdrt-health/mac:02010b41cdec/antenna/tag/e2806894000050038661fd4f, 90
1652707804.629691, sdrt-health/mac:02010b41cdec/antenna/tag/e2806894000050038662194f, 81
1652707804.705185, sdrt-health/mac:02010b41cdec/antenna/tag/e2806894000050038661fd4f, 90
1652707804.705785, sdrt-health/mac:02010b41cdec/antenna/tag/e2806894000050038661fd4f, 83
1652707804.730581, sdrt-health/mac:02010b41cdec/antenna/tag/e28068940000500386620d4f, 83
1652707804.769812, sdrt-health/mac:02010b41cdec/antenna/tag/e28068940000400386621d4f, 77
1652707804.82331, sdrt-health/mac:02010b41cdec/antenna/tag/e2806894000040038662214f, 81
1652707804.823791, sdrt-health/mac:02010b41cdec/antenna/tag/e2806894000050038662194f, 81
1652707804.837196, sdrt-health/mac:02010b41cdec/antenna/tag/e2806894000040038662114f, 91
1652707804.849888, sdrt-health/mac:02010b41cdec/antenna/tag/e28068940000400386621d4f, 77
1652707804.85024, sdrt-health/mac:02010b41cdec/antenna/tag/e2806894000050038662194f, 87
1652707804.889013, sdrt-health/mac:02010b41cdec/antenna/tag/e2806894000050038662154f, 97
1652707804.915431, sdrt-health/mac:02010b41cdec/antenna/tag/e2806894000040038662114f, 85
1652707804.915627, sdrt-health/mac:02010b41cdec/antenna/tag/e28068940000400386621d4f, 96
1652707804.931379, sdrt-health/mac:02010b41cdec/antenna/tag/e28068940000400386621d4f, 77
1652707804.982785, sdrt-health/mac:02010b41cdec/antenna/tag/e2806894000050038662194f, 81
1652707805.021049, sdrt-health/mac:02010b41cdec/antenna/tag/e2806894000050038661fd4f, 86
1652707805.049002, sdrt-health/mac:02010b41cdec/antenna/tag/e28068940000400386621d4f, 77
1652707805.049329, sdrt-health/mac:02010b41cdec/antenna/tag/e2806894000050038661fd4f, 86
1652707805.069048, sdrt-health/mac:02010b41cdec/antenna/tag/e28068940000500386620d4f, 93
1652707805.111393, sdrt-health/mac:02010b41cdec/antenna/tag/e28068940000500386620d4f, 83
1652707805.150368, sdrt-health/mac:02010b41cdec/antenna/tag/e2806894000040038662114f, 88
1652707805.177434, sdrt-health/mac:02010b41cdec/antenna/tag/e2806894000050038661fd4f, 83
1652707805.177712, sdrt-health/mac:02010b41cdec/antenna/tag/e2806894000040038662114f, 88
1652707805.192009, sdrt-health/mac:02010b41cdec/antenna/tag/e2806894000050038662154f, 91
1652707805.230669, sdrt-health/mac:02010b41cdec/antenna/tag/e2806894000050038662194f, 83
1652707805.282851, sdrt-health/mac:02010b41cdec/antenna/tag/e2806894000050038662154f, 91
1652707805.283307, sdrt-health/mac:02010b41cdec/antenna/tag/e2806894000040038662114f, 88
1652707805.30992, sdrt-health/mac:02010b41cdec/antenna/tag/e2806894000040038662114f, 88
1652707805.351079, sdrt-health/mac:02010b41cdec/antenna/tag/e2806894000040038662114f, 91
1652707805.405498, sdrt-health/mac:02010b41cdec/antenna/tag/e2806894000040038661f94f, 94
1652707805.405918, sdrt-health/mac:02010b41cdec/antenna/tag/e2806894000040038662114f, 88
1652707805.431423, sdrt-health/mac:02010b41cdec/antenna/tag/e28068940000500386620d4f, 83
1652707805.494986, sdrt-health/mac:02010b41cdec/antenna/tag/e28068940000400386621d4f, 77
1652707805.495492, sdrt-health/mac:02010b41cdec/antenna/tag/e2806894000050038662154f, 91
1652707805.50942, sdrt-health/mac:02010b41cdec/antenna/tag/e2806894000050038661fd4f, 90
1652707805.560446, sdrt-health/mac:02010b41cdec/antenna/tag/e28068940000500386620d4f, 87
1652707805.587529, sdrt-health/mac:02010b41cdec/antenna/tag/e2806894000050038661fd4f, 90
1652707805.587783, sdrt-health/mac:02010b41cdec/antenna/tag/e2806894000040038662114f, 91
1652707805.58795, sdrt-health/mac:02010b41cdec/antenna/tag/e28068940000500386620d4f, 83
1652707805.611891, sdrt-health/mac:02010b41cdec/antenna/tag/e2806894000040038662214f, 88
1652707805.668035, sdrt-health/mac:02010b41cdec/antenna/tag/e2806894000040038661f94f, 81
1652707805.668546, sdrt-health/mac:02010b41cdec/antenna/tag/e2806894000050038662154f, 88
1652707805.690235, sdrt-health/mac:02010b41cdec/antenna/tag/e2806894000050038662194f, 81
1652707805.744459, sdrt-health/mac:02010b41cdec/antenna/tag/e2806894000040038662214f, 81
1652707805.744936, sdrt-health/mac:02010b41cdec/antenna/tag/e28068940000500386620d4f, 81
1652707805.86047, sdrt-health/mac:02010b41cdec/antenna/tag/e2806894000050038662154f, 97
1652707805.886519, sdrt-health/mac:02010b41cdec/antenna/tag/e2806894000050038661fd4f, 90
1652707805.886765, sdrt-health/mac:02010b41cdec/antenna/tag/e28068940000400386621d4f, 96
1652707805.88697, sdrt-health/mac:02010b41cdec/antenna/tag/e2806894000040038662114f, 91
1652707805.887161, sdrt-health/mac:02010b41cdec/antenna/tag/e2806894000050038661fd4f, 86
1652707805.887323, sdrt-health/mac:02010b41cdec/antenna/tag/e2806894000040038662054f, 81
1652707805.899166, sdrt-health/mac:02010b41cdec/antenna/tag/e2806894000040038662114f, 91
1652707805.899515, sdrt-health/mac:02010b41cdec/antenna/tag/e2806894000050038661fd4f, 86
1652707805.949029, sdrt-health/mac:02010b41cdec/antenna/tag/e2806894000040038662054f, 81
1652707805.989704, sdrt-health/mac:02010b41cdec/antenna/tag/e2806894000050038661fd4f, 83
1652707806.028941, sdrt-health/mac:02010b41cdec/antenna/tag/e2806894000040038662114f, 85
1652707806.069892, sdrt-health/mac:02010b41cdec/antenna/tag/e28068940000500386620d4f, 83
1652707806.097902, sdrt-health/mac:02010b41cdec/antenna/tag/e2806894000050038662154f, 85
1652707806.09853, sdrt-health/mac:02010b41cdec/antenna/tag/e28068940000400386621d4f, 96
1652707806.111628, sdrt-health/mac:02010b41cdec/antenna/tag/e28068940000500386620d4f, 93
1652707806.149185, sdrt-health/mac:02010b41cdec/antenna/tag/e2806894000040038662214f, 88
1652707806.190501, sdrt-health/mac:02010b41cdec/antenna/tag/e2806894000050038661fd4f, 83
1652707806.230778, sdrt-health/mac:02010b41cdec/antenna/tag/e2806894000040038662114f, 88
1652707806.270164, sdrt-health/mac:02010b41cdec/antenna/tag/e2806894000050038662194f, 84
1652707806.311409, sdrt-health/mac:02010b41cdec/antenna/tag/e2806894000040038662114f, 88
1652707806.453795, sdrt-health/mac:02010b41cdec/antenna/tag/e28068940000400386621d4f, 77
1652707806.454284, sdrt-health/mac:02010b41cdec/antenna/tag/e2806894000050038661fd4f, 86
1652707806.46762, sdrt-health/mac:02010b41cdec/antenna/tag/e28068940000500386620d4f, 94
1652707806.467952, sdrt-health/mac:02010b41cdec/antenna/tag/e2806894000040038662114f, 91
1652707806.468106, sdrt-health/mac:02010b41cdec/antenna/tag/e2806894000040038662114f, 88
1652707806.482899, sdrt-health/mac:02010b41cdec/antenna/tag/e2806894000040038661f94f, 81
1652707806.520615, sdrt-health/mac:02010b41cdec/antenna/tag/e2806894000050038662154f, 91
1652707806.560805, sdrt-health/mac:02010b41cdec/antenna/tag/e28068940000500386620d4f, 93
1652707806.615146, sdrt-health/mac:02010b41cdec/antenna/tag/e28068940000400386621d4f, 96
1652707806.615453, sdrt-health/mac:02010b41cdec/antenna/tag/e2806894000050038661fd4f, 86
1652707806.628505, sdrt-health/mac:02010b41cdec/antenna/tag/e2806894000050038662154f, 88
1652707806.656323, sdrt-health/mac:02010b41cdec/antenna/tag/e2806894000040038662114f, 91
1652707806.656587, sdrt-health/mac:02010b41cdec/antenna/tag/e28068940000500386620d4f, 81
1652707806.680618, sdrt-health/mac:02010b41cdec/antenna/tag/e2806894000050038662194f, 81
1652707806.732192, sdrt-health/mac:02010b41cdec/antenna/tag/e28068940000400386621d4f, 77
1652707806.732705, sdrt-health/mac:02010b41cdec/antenna/tag/e2806894000050038661fd4f, 86
1652707806.746619, sdrt-health/mac:02010b41cdec/antenna/tag/e28068940000400386621d4f, 77
1652707806.74724, sdrt-health/mac:02010b41cdec/antenna/tag/e2806894000050038662194f, 83
1652707806.790694, sdrt-health/mac:02010b41cdec/antenna/tag/e2806894000040038662114f, 91
1652707806.8326, sdrt-health/mac:02010b41cdec/antenna/tag/e2806894000050038661fd4f, 90
1652707806.86987, sdrt-health/mac:02010b41cdec/antenna/tag/e2806894000050038662154f, 91
1652707806.90995, sdrt-health/mac:02010b41cdec/antenna/tag/e28068940000500386620d4f, 81
1652707806.964253, sdrt-health/mac:02010b41cdec/antenna/tag/e2806894000050038662154f, 91
1652707806.964792, sdrt-health/mac:02010b41cdec/antenna/tag/e2806894000050038662154f, 91
1652707806.991385, sdrt-health/mac:02010b41cdec/antenna/tag/e2806894000040038662114f, 88
1652707807.030396, sdrt-health/mac:02010b41cdec/antenna/tag/e2806894000050038662194f, 88
1652707807.069966, sdrt-health/mac:02010b41cdec/antenna/tag/e28068940000400386621d4f, 96
1652707807.126033, sdrt-health/mac:02010b41cdec/antenna/tag/e28068940000500386620d4f, 83
1652707807.126487, sdrt-health/mac:02010b41cdec/antenna/tag/e28068940000500386620d4f, 83
1652707807.230285, sdrt-health/mac:02010b41cdec/antenna/tag/e28068940000400386621d4f, 96
1652707807.269696, sdrt-health/mac:02010b41cdec/antenna/tag/e28068940000500386620d4f, 81
1652707807.400955, sdrt-health/mac:02010b41cdec/antenna/tag/e28068940000400386621d4f, 96
1652707807.43965, sdrt-health/mac:02010b41cdec/antenna/tag/e2806894000040038661f94f, 94
1652707807.504071, sdrt-health/mac:02010b41cdec/antenna/tag/e28068940000400386621d4f, 77
1652707807.504569, sdrt-health/mac:02010b41cdec/antenna/tag/e2806894000040038662114f, 88
1652707807.517552, sdrt-health/mac:02010b41cdec/antenna/tag/e2806894000050038662194f, 83
1652707807.532928, sdrt-health/mac:02010b41cdec/antenna/tag/e28068940000400386621d4f, 77
1652707807.569722, sdrt-health/mac:02010b41cdec/antenna/tag/e28068940000500386620d4f, 83
1652707807.611575, sdrt-health/mac:02010b41cdec/antenna/tag/e2806894000040038661f94f, 82
1652707807.649306, sdrt-health/mac:02010b41cdec/antenna/tag/e2806894000040038662214f, 81
1652707807.690304, sdrt-health/mac:02010b41cdec/antenna/tag/e2806894000050038662194f, 81
1652707807.744647, sdrt-health/mac:02010b41cdec/antenna/tag/e28068940000500386620d4f, 83
1652707807.745091, sdrt-health/mac:02010b41cdec/antenna/tag/e2806894000050038662194f, 87
1652707807.758844, sdrt-health/mac:02010b41cdec/antenna/tag/e2806894000040038662114f, 91
1652707807.770321, sdrt-health/mac:02010b41cdec/antenna/tag/e28068940000500386620d4f, 83
1652707807.772849, sdrt-health/mac:02010b41cdec/antenna/tag/e2806894000050038662194f, 87
1652707807.810986, sdrt-health/mac:02010b41cdec/antenna/tag/e2806894000050038662154f, 85
1652707807.865894, sdrt-health/mac:02010b41cdec/antenna/tag/e2806894000040038661f94f, 88
1652707807.866455, sdrt-health/mac:02010b41cdec/antenna/tag/e2806894000050038661fd4f, 90
1652707807.879994, sdrt-health/mac:02010b41cdec/antenna/tag/e2806894000040038662114f, 91
1652707807.889979, sdrt-health/mac:02010b41cdec/antenna/tag/e28068940000400386621d4f, 77
1652707807.930504, sdrt-health/mac:02010b41cdec/antenna/tag/e2806894000050038662154f, 88
1652707807.995939, sdrt-health/mac:02010b41cdec/antenna/tag/e2806894000040038662114f, 97
1652707807.996407, sdrt-health/mac:02010b41cdec/antenna/tag/e2806894000050038661fd4f, 86
1652707808.062256, sdrt-health/mac:02010b41cdec/antenna/tag/e2806894000050038662154f, 91
1652707808.099965, sdrt-health/mac:02010b41cdec/antenna/tag/e2806894000050038662194f, 87
1652707808.154975, sdrt-health/mac:02010b41cdec/antenna/tag/e28068940000500386620d4f, 94
1652707808.155503, sdrt-health/mac:02010b41cdec/antenna/tag/e2806894000050038662194f, 83
1652707808.170291, sdrt-health/mac:02010b41cdec/antenna/tag/e28068940000400386621d4f, 90
1652707808.178082, sdrt-health/mac:02010b41cdec/antenna/tag/e2806894000050038662194f, 81
1652707808.184547, sdrt-health/mac:02010b41cdec/antenna/tag/e2806894000050038662194f, 94
1652707808.219701, sdrt-health/mac:02010b41cdec/antenna/tag/e2806894000040038662114f, 88
1652707808.274044, sdrt-health/mac:02010b41cdec/antenna/tag/e28068940000400386621d4f, 77
1652707808.274514, sdrt-health/mac:02010b41cdec/antenna/tag/e2806894000050038662194f, 87
1652707808.288536, sdrt-health/mac:02010b41cdec/antenna/tag/e2806894000040038662114f, 85
1652707808.305664, sdrt-health/mac:02010b41cdec/antenna/tag/e2806894000050038661fd4f, 86
1652707808.34032, sdrt-health/mac:02010b41cdec/antenna/tag/e2806894000040038662054f, 81
1652707808.394878, sdrt-health/mac:02010b41cdec/antenna/tag/e2806894000040038662114f, 88
1652707808.395365, sdrt-health/mac:02010b41cdec/antenna/tag/e28068940000500386620d4f, 83
1652707808.42162, sdrt-health/mac:02010b41cdec/antenna/tag/e2806894000040038662114f, 88
1652707808.459685, sdrt-health/mac:02010b41cdec/antenna/tag/e2806894000040038662114f, 97
1652707808.460066, sdrt-health/mac:02010b41cdec/antenna/tag/e2806894000050038662154f, 88
1652707808.531106, sdrt-health/mac:02010b41cdec/antenna/tag/e2806894000050038662154f, 88
1652707808.585084, sdrt-health/mac:02010b41cdec/antenna/tag/e28068940000400386621d4f, 90
1652707808.585647, sdrt-health/mac:02010b41cdec/antenna/tag/e28068940000500386620d4f, 81
1652707808.609809, sdrt-health/mac:02010b41cdec/antenna/tag/e2806894000040038662214f, 81
1652707808.610154, sdrt-health/mac:02010b41cdec/antenna/tag/e2806894000050038662194f, 87
1652707808.649707, sdrt-health/mac:02010b41cdec/antenna/tag/e2806894000040038662114f, 88
1652707808.700201, sdrt-health/mac:02010b41cdec/antenna/tag/e28068940000400386621d4f, 96
1652707808.739785, sdrt-health/mac:02010b41cdec/antenna/tag/e2806894000050038662154f, 91
1652707808.779874, sdrt-health/mac:02010b41cdec/antenna/tag/e2806894000040038662114f, 88
1652707808.78054, sdrt-health/mac:02010b41cdec/antenna/tag/e2806894000050038661fd4f, 86
1652707808.82276, sdrt-health/mac:02010b41cdec/antenna/tag/e2806894000040038661f94f, 110
1652707808.861031, sdrt-health/mac:02010b41cdec/antenna/tag/e2806894000040038662114f, 91
1652707808.91513, sdrt-health/mac:02010b41cdec/antenna/tag/e2806894000050038661fd4f, 83
1652707808.915604, sdrt-health/mac:02010b41cdec/antenna/tag/e2806894000040038662114f, 85
1652707808.92995, sdrt-health/mac:02010b41cdec/antenna/tag/e2806894000050038662194f, 81
1652707808.940331, sdrt-health/mac:02010b41cdec/antenna/tag/e2806894000050038662194f, 83
1652707808.979971, sdrt-health/mac:02010b41cdec/antenna/tag/e2806894000050038661fd4f, 86
1652707809.034023, sdrt-health/mac:02010b41cdec/antenna/tag/e2806894000040038662114f, 85
1652707809.034468, sdrt-health/mac:02010b41cdec/antenna/tag/e28068940000400386621d4f, 77
1652707809.034786, sdrt-health/mac:02010b41cdec/antenna/tag/e2806894000040038662114f, 85
1652707809.048288, sdrt-health/mac:02010b41cdec/antenna/tag/e28068940000400386621d4f, 77
1652707809.060448, sdrt-health/mac:02010b41cdec/antenna/tag/e2806894000040038662114f, 85
1652707809.061838, sdrt-health/mac:02010b41cdec/antenna/tag/e2806894000040038662114f, 88
1652707809.124246, sdrt-health/mac:02010b41cdec/antenna/tag/e2806894000040038662054f, 103
1652707809.160377, sdrt-health/mac:02010b41cdec/antenna/tag/e2806894000040038661f94f, 81
1652707809.220189, sdrt-health/mac:02010b41cdec/antenna/tag/e28068940000400386621d4f, 77
1652707809.259264, sdrt-health/mac:02010b41cdec/antenna/tag/e2806894000050038662154f, 88
1652707809.312575, sdrt-health/mac:02010b41cdec/antenna/tag/e28068940000400386621d4f, 96
1652707809.313078, sdrt-health/mac:02010b41cdec/antenna/tag/e2806894000050038661fd4f, 86
1652707809.339474, sdrt-health/mac:02010b41cdec/antenna/tag/e28068940000400386621d4f, 96
1652707809.380504, sdrt-health/mac:02010b41cdec/antenna/tag/e28068940000400386621d4f, 96
1652707809.436958, sdrt-health/mac:02010b41cdec/antenna/tag/e2806894000040038662114f, 91
1652707809.43748, sdrt-health/mac:02010b41cdec/antenna/tag/e2806894000050038662194f, 82
1652707809.467834, sdrt-health/mac:02010b41cdec/antenna/tag/e28068940000400386621d4f, 90
1652707809.575315, sdrt-health/mac:02010b41cdec/antenna/tag/e2806894000050038662194f, 88
1652707809.575798, sdrt-health/mac:02010b41cdec/antenna/tag/e2806894000050038662154f, 85
1652707809.589318, sdrt-health/mac:02010b41cdec/antenna/tag/e28068940000500386620d4f, 83
1652707809.600192, sdrt-health/mac:02010b41cdec/antenna/tag/e2806894000050038662154f, 85
1652707809.603153, sdrt-health/mac:02010b41cdec/antenna/tag/e2806894000050038662194f, 93
1652707809.640167, sdrt-health/mac:02010b41cdec/antenna/tag/e28068940000500386620d4f, 81
1652707809.64044, sdrt-health/mac:02010b41cdec/antenna/tag/e2806894000050038662154f, 91
1652707809.680359, sdrt-health/mac:02010b41cdec/antenna/tag/e28068940000500386620d4f, 81
1652707809.735065, sdrt-health/mac:02010b41cdec/antenna/tag/e2806894000040038662114f, 88
1652707809.73559, sdrt-health/mac:02010b41cdec/antenna/tag/e2806894000050038661fd4f, 86
1652707809.748658, sdrt-health/mac:02010b41cdec/antenna/tag/e2806894000040038662114f, 85
1652707809.760099, sdrt-health/mac:02010b41cdec/antenna/tag/e2806894000040038662114f, 88
1652707809.800865, sdrt-health/mac:02010b41cdec/antenna/tag/e28068940000400386621d4f, 77
1652707809.839371, sdrt-health/mac:02010b41cdec/antenna/tag/e2806894000040038662114f, 91
1652707809.894197, sdrt-health/mac:02010b41cdec/antenna/tag/e2806894000050038662194f, 81
1652707809.894713, sdrt-health/mac:02010b41cdec/antenna/tag/e28068940000400386621d4f, 77
1652707809.920227, sdrt-health/mac:02010b41cdec/antenna/tag/e28068940000400386621d4f, 96
1652707809.959454, sdrt-health/mac:02010b41cdec/antenna/tag/e2806894000040038662114f, 88
1652707810.01116, sdrt-health/mac:02010b41cdec/antenna/tag/e28068940000500386620d4f, 83
1652707810.049328, sdrt-health/mac:02010b41cdec/antenna/tag/e2806894000050038662154f, 88
1652707810.155226, sdrt-health/mac:02010b41cdec/antenna/tag/e2806894000040038662114f, 91
1652707810.155679, sdrt-health/mac:02010b41cdec/antenna/tag/e2806894000040038662114f, 88
1652707810.199762, sdrt-health/mac:02010b41cdec/antenna/tag/e2806894000050038661fd4f, 83
1652707810.200243, sdrt-health/mac:02010b41cdec/antenna/tag/e2806894000050038662154f, 97
1652707810.213334, sdrt-health/mac:02010b41cdec/antenna/tag/e2806894000040038662114f, 88
1652707810.246785, sdrt-health/mac:02010b41cdec/antenna/tag/e2806894000050038661fd4f, 83
1652707810.289569, sdrt-health/mac:02010b41cdec/antenna/tag/e28068940000400386621d4f, 96
1652707810.364422, sdrt-health/mac:02010b41cdec/antenna/tag/e2806894000040038661f94f, 84
1652707810.364882, sdrt-health/mac:02010b41cdec/antenna/tag/e2806894000050038662154f, 88
1652707810.380721, sdrt-health/mac:02010b41cdec/antenna/tag/e2806894000050038661fd4f, 86
1652707810.408802, sdrt-health/mac:02010b41cdec/antenna/tag/e2806894000040038661f94f, 81
1652707810.409134, sdrt-health/mac:02010b41cdec/antenna/tag/e28068940000500386620d4f, 81
1652707810.430082, sdrt-health/mac:02010b41cdec/antenna/tag/e2806894000050038662154f, 91
1652707810.469914, sdrt-health/mac:02010b41cdec/antenna/tag/e28068940000400386621d4f, 96
1652707810.527928, sdrt-health/mac:02010b41cdec/antenna/tag/e2806894000050038662154f, 91
1652707810.52844, sdrt-health/mac:02010b41cdec/antenna/tag/e2806894000040038661f94f, 81
1652707810.542841, sdrt-health/mac:02010b41cdec/antenna/tag/e28068940000500386620d4f, 88
1652707810.551128, sdrt-health/mac:02010b41cdec/antenna/tag/e28068940000500386620d4f, 81
1652707810.557644, sdrt-health/mac:02010b41cdec/antenna/tag/e2806894000040038661f94f, 81
1652707810.557943, sdrt-health/mac:02010b41cdec/antenna/tag/e2806894000040038662114f, 88
1652707810.588812, sdrt-health/mac:02010b41cdec/antenna/tag/e28068940000500386620d4f, 83
1652707810.628858, sdrt-health/mac:02010b41cdec/antenna/tag/e2806894000050038662154f, 91
1652707810.683841, sdrt-health/mac:02010b41cdec/antenna/tag/e2806894000040038661f94f, 94
1652707810.684326, sdrt-health/mac:02010b41cdec/antenna/tag/e2806894000050038662154f, 88
1652707810.710142, sdrt-health/mac:02010b41cdec/antenna/tag/e2806894000040038662114f, 88
1652707810.761405, sdrt-health/mac:02010b41cdec/antenna/tag/e2806894000050038662154f, 88
1652707810.812707, sdrt-health/mac:02010b41cdec/antenna/tag/e2806894000040038661f94f, 82
1652707810.813192, sdrt-health/mac:02010b41cdec/antenna/tag/e28068940000500386620d4f, 81
1652707810.839586, sdrt-health/mac:02010b41cdec/antenna/tag/e28068940000400386621d4f, 96
1652707810.901449, sdrt-health/mac:02010b41cdec/antenna/tag/e28068940000500386620d4f, 83
1652707810.901936, sdrt-health/mac:02010b41cdec/antenna/tag/e2806894000050038661fd4f, 86
1652707810.915489, sdrt-health/mac:02010b41cdec/antenna/tag/e2806894000040038662114f, 85
1652707810.929874, sdrt-health/mac:02010b41cdec/antenna/tag/e2806894000040038662054f, 84
1652707810.969818, sdrt-health/mac:02010b41cdec/antenna/tag/e2806894000050038662194f, 81
1652707811.053467, sdrt-health/mac:02010b41cdec/antenna/tag/e2806894000050038662154f, 91
1652707811.053945, sdrt-health/mac:02010b41cdec/antenna/tag/e28068940000500386620d4f, 81
1652707811.089832, sdrt-health/mac:02010b41cdec/antenna/tag/e2806894000040038662114f, 97
1652707811.13061, sdrt-health/mac:02010b41cdec/antenna/tag/e2806894000050038662154f, 91
1652707811.169593, sdrt-health/mac:02010b41cdec/antenna/tag/e2806894000050038662154f, 91
1652707811.21681, sdrt-health/mac:02010b41cdec/antenna/tag/e2806894000050038662154f, 85
1652707811.264356, sdrt-health/mac:02010b41cdec/antenna/tag/e2806894000050038661fd4f, 83
1652707811.264997, sdrt-health/mac:02010b41cdec/antenna/tag/e2806894000050038662194f, 82
1652707811.290804, sdrt-health/mac:02010b41cdec/antenna/tag/e2806894000040038662114f, 88
1652707811.329617, sdrt-health/mac:02010b41cdec/antenna/tag/e28068940000400386621d4f, 77
1652707811.369422, sdrt-health/mac:02010b41cdec/antenna/tag/e2806894000050038662154f, 97
1652707811.424321, sdrt-health/mac:02010b41cdec/antenna/tag/e28068940000400386621d4f, 77
1652707811.424785, sdrt-health/mac:02010b41cdec/antenna/tag/e2806894000050038661fd4f, 86
1652707811.439317, sdrt-health/mac:02010b41cdec/antenna/tag/e28068940000400386621d4f, 77
1652707811.471076, sdrt-health/mac:02010b41cdec/antenna/tag/e2806894000050038662154f, 91
1652707811.509618, sdrt-health/mac:02010b41cdec/antenna/tag/e2806894000050038661fd4f, 86
1652707811.551349, sdrt-health/mac:02010b41cdec/antenna/tag/e2806894000050038661fd4f, 86
1652707811.597885, sdrt-health/mac:02010b41cdec/antenna/tag/e2806894000050038661fd4f, 83
1652707811.65238, sdrt-health/mac:02010b41cdec/antenna/tag/e28068940000500386620d4f, 83
1652707811.680154, sdrt-health/mac:02010b41cdec/antenna/tag/e28068940000400386621d4f, 96
1652707811.680749, sdrt-health/mac:02010b41cdec/antenna/tag/e2806894000050038661fd4f, 83
1652707811.693587, sdrt-health/mac:02010b41cdec/antenna/tag/e2806894000050038662194f, 83
1652707811.729678, sdrt-health/mac:02010b41cdec/antenna/tag/e2806894000040038662114f, 88
1652707811.730107, sdrt-health/mac:02010b41cdec/antenna/tag/e2806894000040038662114f, 88
1652707811.769295, sdrt-health/mac:02010b41cdec/antenna/tag/e2806894000040038662114f, 88
1652707811.769674, sdrt-health/mac:02010b41cdec/antenna/tag/e2806894000050038661fd4f, 86
1652707811.810502, sdrt-health/mac:02010b41cdec/antenna/tag/e2806894000050038662154f, 91
1652707811.863388, sdrt-health/mac:02010b41cdec/antenna/tag/e2806894000050038662154f, 97
1652707811.864152, sdrt-health/mac:02010b41cdec/antenna/tag/e2806894000050038662154f, 91
1652707811.880613, sdrt-health/mac:02010b41cdec/antenna/tag/e28068940000400386621d4f, 96
1652707811.899577, sdrt-health/mac:02010b41cdec/antenna/tag/e2806894000050038661fd4f, 90
1652707811.95058, sdrt-health/mac:02010b41cdec/antenna/tag/e2806894000040038661f94f, 82
1652707811.989701, sdrt-health/mac:02010b41cdec/antenna/tag/e2806894000050038661fd4f, 86
1652707812.044361, sdrt-health/mac:02010b41cdec/antenna/tag/e28068940000400386621d4f, 96
1652707812.044845, sdrt-health/mac:02010b41cdec/antenna/tag/e28068940000500386620d4f, 81
1652707812.058821, sdrt-health/mac:02010b41cdec/antenna/tag/e2806894000050038662154f, 88
1652707812.069902, sdrt-health/mac:02010b41cdec/antenna/tag/e28068940000500386620d4f, 83
1652707812.119994, sdrt-health/mac:02010b41cdec/antenna/tag/e28068940000500386620d4f, 93
1652707812.175648, sdrt-health/mac:02010b41cdec/antenna/tag/e2806894000050038661fd4f, 83
1652707812.176382, sdrt-health/mac:02010b41cdec/antenna/tag/e2806894000040038662114f, 88
1652707812.177005, sdrt-health/mac:02010b41cdec/antenna/tag/e2806894000040038662214f, 94
1652707812.189359, sdrt-health/mac:02010b41cdec/antenna/tag/e2806894000050038662194f, 81
1652707812.200724, sdrt-health/mac:02010b41cdec/antenna/tag/e2806894000050038661fd4f, 83
1652707812.203264, sdrt-health/mac:02010b41cdec/antenna/tag/e2806894000050038662194f, 83
1652707812.260265, sdrt-health/mac:02010b41cdec/antenna/tag/e28068940000500386620d4f, 81
1652707812.301091, sdrt-health/mac:02010b41cdec/antenna/tag/e2806894000040038662114f, 88
1652707812.381318, sdrt-health/mac:02010b41cdec/antenna/tag/e2806894000040038662054f, 84
1652707812.420126, sdrt-health/mac:02010b41cdec/antenna/tag/e28068940000500386620d4f, 87
1652707812.474799, sdrt-health/mac:02010b41cdec/antenna/tag/e28068940000500386620d4f, 83
1652707812.475289, sdrt-health/mac:02010b41cdec/antenna/tag/e28068940000400386621d4f, 96
1652707812.499868, sdrt-health/mac:02010b41cdec/antenna/tag/e2806894000040038662214f, 81
1652707812.540107, sdrt-health/mac:02010b41cdec/antenna/tag/e2806894000050038662154f, 85
1652707812.593957, sdrt-health/mac:02010b41cdec/antenna/tag/e2806894000040038662214f, 84
1652707812.59443, sdrt-health/mac:02010b41cdec/antenna/tag/e28068940000400386621d4f, 77
1652707812.621371, sdrt-health/mac:02010b41cdec/antenna/tag/e2806894000050038662194f, 94
1652707812.659298, sdrt-health/mac:02010b41cdec/antenna/tag/e28068940000500386620d4f, 81
1652707812.700164, sdrt-health/mac:02010b41cdec/antenna/tag/e2806894000050038661fd4f, 86
1652707812.740069, sdrt-health/mac:02010b41cdec/antenna/tag/e2806894000050038662154f, 97
1652707812.779821, sdrt-health/mac:02010b41cdec/antenna/tag/e28068940000400386621d4f, 96
1652707812.825813, sdrt-health/mac:02010b41cdec/antenna/tag/e28068940000400386621d4f, 77
1652707812.856203, sdrt-health/mac:02010b41cdec/antenna/tag/e2806894000050038662154f, 88
1652707812.856507, sdrt-health/mac:02010b41cdec/antenna/tag/e28068940000400386621d4f, 77
1652707812.902111, sdrt-health/mac:02010b41cdec/antenna/tag/e2806894000040038662114f, 91
1652707812.940856, sdrt-health/mac:02010b41cdec/antenna/tag/e28068940000400386621d4f, 96
1652707812.972975, sdrt-health/mac:02010b41cdec/antenna/tag/e28068940000500386620d4f, 88
1652707812.97333, sdrt-health/mac:02010b41cdec/antenna/tag/e2806894000040038661f94f, 81
1652707812.973607, sdrt-health/mac:02010b41cdec/antenna/tag/e2806894000040038661f94f, 88
1652707813.010156, sdrt-health/mac:02010b41cdec/antenna/tag/e2806894000050038662154f, 88
1652707813.051355, sdrt-health/mac:02010b41cdec/antenna/tag/e28068940000400386621d4f, 96
1652707813.106908, sdrt-health/mac:02010b41cdec/antenna/tag/e28068940000500386620d4f, 83
1652707813.107415, sdrt-health/mac:02010b41cdec/antenna/tag/e2806894000050038661fd4f, 86
1652707813.130231, sdrt-health/mac:02010b41cdec/antenna/tag/e2806894000050038662194f, 83
1652707813.179584, sdrt-health/mac:02010b41cdec/antenna/tag/e2806894000050038661fd4f, 86
1652707813.211774, sdrt-health/mac:02010b41cdec/antenna/tag/e28068940000500386620d4f, 83
1652707813.212024, sdrt-health/mac:02010b41cdec/antenna/tag/e2806894000050038661fd4f, 86
1652707813.226177, sdrt-health/mac:02010b41cdec/antenna/tag/e2806894000050038662154f, 85
1652707813.226383, sdrt-health/mac:02010b41cdec/antenna/tag/e2806894000050038662194f, 81
1652707813.259646, sdrt-health/mac:02010b41cdec/antenna/tag/e28068940000500386620d4f, 83
1652707813.309974, sdrt-health/mac:02010b41cdec/antenna/tag/e28068940000500386620d4f, 81
1652707813.350895, sdrt-health/mac:02010b41cdec/antenna/tag/e28068940000400386621d4f, 96
1652707813.351367, sdrt-health/mac:02010b41cdec/antenna/tag/e2806894000050038662194f, 87
1652707813.369082, sdrt-health/mac:02010b41cdec/antenna/tag/e2806894000050038662154f, 88
1652707813.390411, sdrt-health/mac:02010b41cdec/antenna/tag/e2806894000050038662154f, 91
1652707813.429727, sdrt-health/mac:02010b41cdec/antenna/tag/e28068940000400386621d4f, 96
1652707813.52044, sdrt-health/mac:02010b41cdec/antenna/tag/e28068940000400386621d4f, 96
1652707813.560914, sdrt-health/mac:02010b41cdec/antenna/tag/e2806894000050038662154f, 88
1652707813.599978, sdrt-health/mac:02010b41cdec/antenna/tag/e2806894000040038662114f, 88
1652707813.660266, sdrt-health/mac:02010b41cdec/antenna/tag/e2806894000050038661fd4f, 86
1652707813.699376, sdrt-health/mac:02010b41cdec/antenna/tag/e2806894000040038662114f, 88
1652707813.699791, sdrt-health/mac:02010b41cdec/antenna/tag/e2806894000050038662154f, 83
1652707813.739719, sdrt-health/mac:02010b41cdec/antenna/tag/e2806894000040038662114f, 91
1652707813.789748, sdrt-health/mac:02010b41cdec/antenna/tag/e2806894000050038662194f, 81
1652707813.844951, sdrt-health/mac:02010b41cdec/antenna/tag/e2806894000050038662194f, 88
1652707813.845319, sdrt-health/mac:02010b41cdec/antenna/tag/e2806894000050038662154f, 85
1652707813.889516, sdrt-health/mac:02010b41cdec/antenna/tag/e2806894000050038661fd4f, 86
1652707813.929857, sdrt-health/mac:02010b41cdec/antenna/tag/e2806894000050038662194f, 81
1652707813.970034, sdrt-health/mac:02010b41cdec/antenna/tag/e2806894000040038662114f, 88
1652707814.024587, sdrt-health/mac:02010b41cdec/antenna/tag/e2806894000050038661fd4f, 86
1652707814.025099, sdrt-health/mac:02010b41cdec/antenna/tag/e28068940000400386621d4f, 77
1652707814.041283, sdrt-health/mac:02010b41cdec/antenna/tag/e28068940000500386620d4f, 87
1652707814.041769, sdrt-health/mac:02010b41cdec/antenna/tag/e2806894000040038662114f, 88
1652707814.100015, sdrt-health/mac:02010b41cdec/antenna/tag/e28068940000500386620d4f, 83
1652707814.140833, sdrt-health/mac:02010b41cdec/antenna/tag/e2806894000050038662194f, 83
1652707814.18097, sdrt-health/mac:02010b41cdec/antenna/tag/e2806894000040038662114f, 91
1652707814.233446, sdrt-health/mac:02010b41cdec/antenna/tag/e28068940000400386621d4f, 96
1652707814.233803, sdrt-health/mac:02010b41cdec/antenna/tag/e2806894000050038662154f, 88
1652707814.248403, sdrt-health/mac:02010b41cdec/antenna/tag/e2806894000050038662194f, 87
1652707814.261763, sdrt-health/mac:02010b41cdec/antenna/tag/e28068940000500386620d4f, 83
1652707814.299363, sdrt-health/mac:02010b41cdec/antenna/tag/e2806894000040038661f94f, 81
1652707814.34036, sdrt-health/mac:02010b41cdec/antenna/tag/e2806894000040038662214f, 84
1652707814.395271, sdrt-health/mac:02010b41cdec/antenna/tag/e2806894000050038661fd4f, 86
1652707814.395764, sdrt-health/mac:02010b41cdec/antenna/tag/e2806894000040038661f94f, 82
1652707814.411889, sdrt-health/mac:02010b41cdec/antenna/tag/e28068940000500386620d4f, 81
1652707814.420113, sdrt-health/mac:02010b41cdec/antenna/tag/e2806894000050038662154f, 88
1652707814.469777, sdrt-health/mac:02010b41cdec/antenna/tag/e2806894000040038662114f, 91
1652707814.523795, sdrt-health/mac:02010b41cdec/antenna/tag/e2806894000050038661fd4f, 86
1652707814.524364, sdrt-health/mac:02010b41cdec/antenna/tag/e2806894000050038662154f, 88
1652707814.524709, sdrt-health/mac:02010b41cdec/antenna/tag/e28068940000400386621d4f, 96
1652707814.543809, sdrt-health/mac:02010b41cdec/antenna/tag/e2806894000040038662114f, 91
1652707814.544347, sdrt-health/mac:02010b41cdec/antenna/tag/e2806894000050038662154f, 88
1652707814.550455, sdrt-health/mac:02010b41cdec/antenna/tag/e28068940000500386620d4f, 81
1652707814.557366, sdrt-health/mac:02010b41cdec/antenna/tag/e2806894000050038661fd4f, 86
1652707814.641558, sdrt-health/mac:02010b41cdec/antenna/tag/e28068940000500386620d4f, 81
1652707814.679776, sdrt-health/mac:02010b41cdec/antenna/tag/e2806894000050038662154f, 91
1652707814.730352, sdrt-health/mac:02010b41cdec/antenna/tag/e28068940000500386620d4f, 81
1652707814.770378, sdrt-health/mac:02010b41cdec/antenna/tag/e2806894000040038662114f, 91
1652707814.824476, sdrt-health/mac:02010b41cdec/antenna/tag/e2806894000050038662194f, 83
1652707814.824978, sdrt-health/mac:02010b41cdec/antenna/tag/e2806894000050038662154f, 88
1652707814.850426, sdrt-health/mac:02010b41cdec/antenna/tag/e2806894000050038661fd4f, 86
1652707814.851216, sdrt-health/mac:02010b41cdec/antenna/tag/e28068940000500386620d4f, 83
1652707814.863965, sdrt-health/mac:02010b41cdec/antenna/tag/e2806894000040038662114f, 91
1652707814.899123, sdrt-health/mac:02010b41cdec/antenna/tag/e2806894000050038662154f, 91
1652707814.955133, sdrt-health/mac:02010b41cdec/antenna/tag/e2806894000050038662154f, 91
1652707814.955568, sdrt-health/mac:02010b41cdec/antenna/tag/e2806894000040038662114f, 88
1652707814.955882, sdrt-health/mac:02010b41cdec/antenna/tag/e2806894000050038661fd4f, 90
1652707815.002408, sdrt-health/mac:02010b41cdec/antenna/tag/e28068940000500386620d4f, 83
1652707815.055978, sdrt-health/mac:02010b41cdec/antenna/tag/e2806894000050038662154f, 88
1652707815.056474, sdrt-health/mac:02010b41cdec/antenna/tag/e28068940000500386620d4f, 83
1652707815.081858, sdrt-health/mac:02010b41cdec/antenna/tag/e2806894000050038662154f, 88
1652707815.120689, sdrt-health/mac:02010b41cdec/antenna/tag/e28068940000500386620d4f, 87
1652707815.181855, sdrt-health/mac:02010b41cdec/antenna/tag/e2806894000050038661fd4f, 83
1652707815.182356, sdrt-health/mac:02010b41cdec/antenna/tag/e28068940000400386621d4f, 96
1652707815.198448, sdrt-health/mac:02010b41cdec/antenna/tag/e2806894000050038662194f, 87
1652707815.227591, sdrt-health/mac:02010b41cdec/antenna/tag/e2806894000050038662194f, 81
1652707815.227924, sdrt-health/mac:02010b41cdec/antenna/tag/e2806894000040038662114f, 91
1652707815.242548, sdrt-health/mac:02010b41cdec/antenna/tag/e28068940000400386621d4f, 96
1652707815.285632, sdrt-health/mac:02010b41cdec/antenna/tag/e2806894000040038661f94f, 94
1652707815.342801, sdrt-health/mac:02010b41cdec/antenna/tag/e2806894000040038662114f, 85
1652707815.343217, sdrt-health/mac:02010b41cdec/antenna/tag/e28068940000500386620d4f, 81
1652707815.366576, sdrt-health/mac:02010b41cdec/antenna/tag/e2806894000050038662154f, 88
1652707815.372344, sdrt-health/mac:02010b41cdec/antenna/tag/e2806894000050038661fd4f, 86
1652707815.387695, sdrt-health/mac:02010b41cdec/antenna/tag/e28068940000500386620d4f, 87
1652707815.410085, sdrt-health/mac:02010b41cdec/antenna/tag/e2806894000050038662194f, 83
1652707815.450401, sdrt-health/mac:02010b41cdec/antenna/tag/e28068940000400386621d4f, 96
1652707815.490982, sdrt-health/mac:02010b41cdec/antenna/tag/e2806894000050038662154f, 91
1652707815.529405, sdrt-health/mac:02010b41cdec/antenna/tag/e2806894000040038662114f, 88
1652707815.584719, sdrt-health/mac:02010b41cdec/antenna/tag/e2806894000050038661fd4f, 86
1652707815.585224, sdrt-health/mac:02010b41cdec/antenna/tag/e28068940000400386621d4f, 77
1652707815.610038, sdrt-health/mac:02010b41cdec/antenna/tag/e2806894000040038662114f, 85
1652707815.663942, sdrt-health/mac:02010b41cdec/antenna/tag/e28068940000400386621d4f, 96
1652707815.664321, sdrt-health/mac:02010b41cdec/antenna/tag/e2806894000050038662154f, 88
1652707815.664807, sdrt-health/mac:02010b41cdec/antenna/tag/e2806894000040038661f94f, 94
1652707815.665163, sdrt-health/mac:02010b41cdec/antenna/tag/e28068940000400386621d4f, 96
1652707815.691613, sdrt-health/mac:02010b41cdec/antenna/tag/e28068940000500386620d4f, 87
1652707815.744275, sdrt-health/mac:02010b41cdec/antenna/tag/e28068940000400386621d4f, 96
1652707815.744731, sdrt-health/mac:02010b41cdec/antenna/tag/e28068940000500386620d4f, 94
1652707815.779802, sdrt-health/mac:02010b41cdec/antenna/tag/e28068940000400386621d4f, 96
1652707815.874572, sdrt-health/mac:02010b41cdec/antenna/tag/e2806894000050038661fd4f, 90
1652707815.875045, sdrt-health/mac:02010b41cdec/antenna/tag/e2806894000040038662054f, 88
1652707815.899928, sdrt-health/mac:02010b41cdec/antenna/tag/e28068940000500386620d4f, 81
1652707815.939817, sdrt-health/mac:02010b41cdec/antenna/tag/e2806894000050038662154f, 91
1652707815.993428, sdrt-health/mac:02010b41cdec/antenna/tag/e28068940000400386621d4f, 90
1652707815.993881, sdrt-health/mac:02010b41cdec/antenna/tag/e2806894000040038662114f, 91
1652707816.020384, sdrt-health/mac:02010b41cdec/antenna/tag/e28068940000500386620d4f, 87
1652707816.075975, sdrt-health/mac:02010b41cdec/antenna/tag/e28068940000500386620d4f, 94
1652707816.076462, sdrt-health/mac:02010b41cdec/antenna/tag/e2806894000050038661fd4f, 86
1652707816.091331, sdrt-health/mac:02010b41cdec/antenna/tag/e2806894000050038662194f, 94
1652707816.091812, sdrt-health/mac:02010b41cdec/antenna/tag/e2806894000050038662154f, 91
1652707816.149728, sdrt-health/mac:02010b41cdec/antenna/tag/e28068940000500386620d4f, 81
1652707816.190082, sdrt-health/mac:02010b41cdec/antenna/tag/e2806894000050038661fd4f, 86
1652707816.230198, sdrt-health/mac:02010b41cdec/antenna/tag/e2806894000050038662154f, 91
1652707816.272099, sdrt-health/mac:02010b41cdec/antenna/tag/e2806894000050038662154f, 85
1652707816.32441, sdrt-health/mac:02010b41cdec/antenna/tag/e28068940000400386621d4f, 77
1652707816.324944, sdrt-health/mac:02010b41cdec/antenna/tag/e28068940000500386620d4f, 83
1652707816.380461, sdrt-health/mac:02010b41cdec/antenna/tag/e2806894000040038662114f, 88
1652707816.420416, sdrt-health/mac:02010b41cdec/antenna/tag/e2806894000050038661fd4f, 86
1652707816.466429, sdrt-health/mac:02010b41cdec/antenna/tag/e2806894000050038662194f, 81
1652707816.511496, sdrt-health/mac:02010b41cdec/antenna/tag/e2806894000050038662194f, 83
1652707816.549494, sdrt-health/mac:02010b41cdec/antenna/tag/e2806894000040038662114f, 88
1652707816.589905, sdrt-health/mac:02010b41cdec/antenna/tag/e2806894000050038662194f, 83
1652707816.629368, sdrt-health/mac:02010b41cdec/antenna/tag/e28068940000500386620d4f, 81
1652707816.67067, sdrt-health/mac:02010b41cdec/antenna/tag/e28068940000500386620d4f, 88
1652707816.72215, sdrt-health/mac:02010b41cdec/antenna/tag/e28068940000400386621d4f, 96
1652707816.722454, sdrt-health/mac:02010b41cdec/antenna/tag/e2806894000050038661fd4f, 83
1652707816.735901, sdrt-health/mac:02010b41cdec/antenna/tag/e28068940000400386621d4f, 77
1652707816.7382, sdrt-health/mac:02010b41cdec/antenna/tag/e2806894000050038662154f, 97
1652707816.780156, sdrt-health/mac:02010b41cdec/antenna/tag/e2806894000040038662114f, 91
1652707816.840262, sdrt-health/mac:02010b41cdec/antenna/tag/e28068940000500386620d4f, 81
1652707816.895709, sdrt-health/mac:02010b41cdec/antenna/tag/e2806894000040038661f94f, 81
1652707816.896059, sdrt-health/mac:02010b41cdec/antenna/tag/e28068940000500386620d4f, 81
1652707816.92041, sdrt-health/mac:02010b41cdec/antenna/tag/e2806894000050038661fd4f, 90
1652707816.976688, sdrt-health/mac:02010b41cdec/antenna/tag/e2806894000040038661f94f, 81
1652707816.977245, sdrt-health/mac:02010b41cdec/antenna/tag/e28068940000400386621d4f, 96
1652707817.00072, sdrt-health/mac:02010b41cdec/antenna/tag/e2806894000050038662154f, 91
1652707817.050841, sdrt-health/mac:02010b41cdec/antenna/tag/e2806894000050038661fd4f, 83
1652707817.090895, sdrt-health/mac:02010b41cdec/antenna/tag/e2806894000050038661fd4f, 86
1652707817.13019, sdrt-health/mac:02010b41cdec/antenna/tag/e2806894000040038662114f, 88
1652707817.184848, sdrt-health/mac:02010b41cdec/antenna/tag/e28068940000400386621d4f, 96
1652707817.185415, sdrt-health/mac:02010b41cdec/antenna/tag/e2806894000040038662214f, 81
1652707817.210073, sdrt-health/mac:02010b41cdec/antenna/tag/e2806894000040038662214f, 81
1652707817.272028, sdrt-health/mac:02010b41cdec/antenna/tag/e2806894000050038662154f, 85
1652707817.272539, sdrt-health/mac:02010b41cdec/antenna/tag/e28068940000400386621d4f, 77
1652707817.286007, sdrt-health/mac:02010b41cdec/antenna/tag/e2806894000040038662114f, 85
1652707817.314575, sdrt-health/mac:02010b41cdec/antenna/tag/e2806894000040038662114f, 88
1652707817.315567, sdrt-health/mac:02010b41cdec/antenna/tag/e28068940000500386620d4f, 81
1652707817.316134, sdrt-health/mac:02010b41cdec/antenna/tag/e2806894000050038661fd4f, 86
1652707817.339811, sdrt-health/mac:02010b41cdec/antenna/tag/e28068940000500386620d4f, 81
1652707817.367656, sdrt-health/mac:02010b41cdec/antenna/tag/e2806894000040038662114f, 85
1652707817.367942, sdrt-health/mac:02010b41cdec/antenna/tag/e2806894000050038662154f, 91
1652707817.387492, sdrt-health/mac:02010b41cdec/antenna/tag/e28068940000400386621d4f, 77
1652707817.388318, sdrt-health/mac:02010b41cdec/antenna/tag/e2806894000040038662114f, 91
1652707817.430313, sdrt-health/mac:02010b41cdec/antenna/tag/e28068940000500386620d4f, 81
1652707817.470047, sdrt-health/mac:02010b41cdec/antenna/tag/e28068940000500386620d4f, 81
1652707817.510271, sdrt-health/mac:02010b41cdec/antenna/tag/e28068940000400386621d4f, 90
1652707817.570184, sdrt-health/mac:02010b41cdec/antenna/tag/e2806894000050038661fd4f, 90
1652707817.611705, sdrt-health/mac:02010b41cdec/antenna/tag/e2806894000050038661fd4f, 90
1652707817.650089, sdrt-health/mac:02010b41cdec/antenna/tag/e28068940000500386620d4f, 83
1652707817.690671, sdrt-health/mac:02010b41cdec/antenna/tag/e2806894000040038662214f, 81
1652707817.729197, sdrt-health/mac:02010b41cdec/antenna/tag/e2806894000050038662194f, 82
1652707817.770908, sdrt-health/mac:02010b41cdec/antenna/tag/e2806894000050038661fd4f, 86
1652707817.841682, sdrt-health/mac:02010b41cdec/antenna/tag/e2806894000050038661fd4f, 86
1652707817.88114, sdrt-health/mac:02010b41cdec/antenna/tag/e28068940000400386621d4f, 77
1652707817.921004, sdrt-health/mac:02010b41cdec/antenna/tag/e28068940000400386621d4f, 77
1652707817.961313, sdrt-health/mac:02010b41cdec/antenna/tag/e28068940000400386621d4f, 77
1652707817.99884, sdrt-health/mac:02010b41cdec/antenna/tag/e2806894000050038662194f, 83
1652707818.054151, sdrt-health/mac:02010b41cdec/antenna/tag/e2806894000040038662114f, 88
1652707818.0547, sdrt-health/mac:02010b41cdec/antenna/tag/e28068940000400386621d4f, 77
1652707818.073901, sdrt-health/mac:02010b41cdec/antenna/tag/e2806894000050038662194f, 94
1652707818.08228, sdrt-health/mac:02010b41cdec/antenna/tag/e2806894000040038662214f, 84
1652707818.096397, sdrt-health/mac:02010b41cdec/antenna/tag/e2806894000050038662194f, 88
1652707818.12024, sdrt-health/mac:02010b41cdec/antenna/tag/e2806894000040038662214f, 94
1652707818.218564, sdrt-health/mac:02010b41cdec/antenna/tag/e28068940000400386621d4f, 96
1652707818.219124, sdrt-health/mac:02010b41cdec/antenna/tag/e28068940000400386621d4f, 96
1652707818.23983, sdrt-health/mac:02010b41cdec/antenna/tag/e28068940000400386621d4f, 77
1652707818.280954, sdrt-health/mac:02010b41cdec/antenna/tag/e2806894000050038662154f, 83
1652707818.370426, sdrt-health/mac:02010b41cdec/antenna/tag/e2806894000040038662114f, 88
1652707818.41108, sdrt-health/mac:02010b41cdec/antenna/tag/e2806894000050038662154f, 91
1652707818.4703, sdrt-health/mac:02010b41cdec/antenna/tag/e2806894000040038662114f, 88
1652707818.510242, sdrt-health/mac:02010b41cdec/antenna/tag/e2806894000040038662114f, 91
1652707818.555441, sdrt-health/mac:02010b41cdec/antenna/tag/e28068940000400386621d4f, 96
1652707818.629822, sdrt-health/mac:02010b41cdec/antenna/tag/e2806894000040038661f94f, 88
1652707818.670463, sdrt-health/mac:02010b41cdec/antenna/tag/e2806894000050038662154f, 85
1652707818.731702, sdrt-health/mac:02010b41cdec/antenna/tag/e2806894000050038662194f, 83
1652707818.73225, sdrt-health/mac:02010b41cdec/antenna/tag/e2806894000040038662114f, 88
1652707818.753013, sdrt-health/mac:02010b41cdec/antenna/tag/e28068940000500386620d4f, 81
1652707818.793895, sdrt-health/mac:02010b41cdec/antenna/tag/e2806894000050038661fd4f, 86
1652707818.85061, sdrt-health/mac:02010b41cdec/antenna/tag/e2806894000050038661fd4f, 90
1652707818.851153, sdrt-health/mac:02010b41cdec/antenna/tag/e28068940000500386620d4f, 81
1652707818.872469, sdrt-health/mac:02010b41cdec/antenna/tag/e2806894000040038662054f, 94
1652707818.927134, sdrt-health/mac:02010b41cdec/antenna/tag/e2806894000050038662154f, 91
1652707818.927619, sdrt-health/mac:02010b41cdec/antenna/tag/e28068940000400386621d4f, 96
1652707818.951197, sdrt-health/mac:02010b41cdec/antenna/tag/e2806894000050038661fd4f, 86
1652707818.991351, sdrt-health/mac:02010b41cdec/antenna/tag/e28068940000500386620d4f, 87
1652707819.030696, sdrt-health/mac:02010b41cdec/antenna/tag/e2806894000040038662214f, 87
1652707819.070877, sdrt-health/mac:02010b41cdec/antenna/tag/e2806894000040038662214f, 84
1652707819.101534, sdrt-health/mac:02010b41cdec/antenna/tag/e2806894000050038662154f, 85
1652707819.102001, sdrt-health/mac:02010b41cdec/antenna/tag/e2806894000050038661fd4f, 83
1652707819.131819, sdrt-health/mac:02010b41cdec/antenna/tag/e2806894000040038661f94f, 81
1652707819.161495, sdrt-health/mac:02010b41cdec/antenna/tag/e2806894000040038661f94f, 83
1652707819.200983, sdrt-health/mac:02010b41cdec/antenna/tag/e28068940000500386620d4f, 87
1652707819.230814, sdrt-health/mac:02010b41cdec/antenna/tag/e2806894000040038662114f, 85
1652707819.231174, sdrt-health/mac:02010b41cdec/antenna/tag/e2806894000050038661fd4f, 83
1652707819.247068, sdrt-health/mac:02010b41cdec/antenna/tag/e2806894000050038662154f, 91
1652707819.280648, sdrt-health/mac:02010b41cdec/antenna/tag/e2806894000050038661fd4f, 86
1652707819.377714, sdrt-health/mac:02010b41cdec/antenna/tag/e28068940000400386621d4f, 77
1652707819.378197, sdrt-health/mac:02010b41cdec/antenna/tag/e2806894000040038662114f, 88
1652707819.400241, sdrt-health/mac:02010b41cdec/antenna/tag/e2806894000050038661fd4f, 86
1652707819.441437, sdrt-health/mac:02010b41cdec/antenna/tag/e2806894000050038662154f, 91
1652707819.501247, sdrt-health/mac:02010b41cdec/antenna/tag/e28068940000400386621d4f, 90
1652707819.550498, sdrt-health/mac:02010b41cdec/antenna/tag/e2806894000050038661fd4f, 86
1652707819.60723, sdrt-health/mac:02010b41cdec/antenna/tag/e2806894000040038662114f, 91
1652707819.607848, sdrt-health/mac:02010b41cdec/antenna/tag/e28068940000500386620d4f, 94
1652707819.622928, sdrt-health/mac:02010b41cdec/antenna/tag/e28068940000500386620d4f, 83
1652707819.716111, sdrt-health/mac:02010b41cdec/antenna/tag/e2806894000050038662194f, 94
1652707819.71657, sdrt-health/mac:02010b41cdec/antenna/tag/e2806894000050038662154f, 85
1652707819.854106, sdrt-health/mac:02010b41cdec/antenna/tag/e28068940000500386620d4f, 81
1652707819.885997, sdrt-health/mac:02010b41cdec/antenna/tag/e28068940000500386620d4f, 94
1652707819.886459, sdrt-health/mac:02010b41cdec/antenna/tag/e2806894000040038662114f, 91
1652707819.88676, sdrt-health/mac:02010b41cdec/antenna/tag/e2806894000040038662114f, 97
1652707819.900839, sdrt-health/mac:02010b41cdec/antenna/tag/e2806894000050038661fd4f, 83
1652707819.901172, sdrt-health/mac:02010b41cdec/antenna/tag/e2806894000040038662114f, 88
1652707819.931502, sdrt-health/mac:02010b41cdec/antenna/tag/e28068940000500386620d4f, 94
1652707819.989183, sdrt-health/mac:02010b41cdec/antenna/tag/e2806894000040038661f94f, 81
1652707819.989641, sdrt-health/mac:02010b41cdec/antenna/tag/e2806894000040038661f94f, 81
1652707820.014365, sdrt-health/mac:02010b41cdec/antenna/tag/e28068940000500386620d4f, 84
1652707820.052387, sdrt-health/mac:02010b41cdec/antenna/tag/e2806894000050038662154f, 88
1652707820.092829, sdrt-health/mac:02010b41cdec/antenna/tag/e28068940000500386620d4f, 83
1652707820.17205, sdrt-health/mac:02010b41cdec/antenna/tag/e28068940000400386621d4f, 96
1652707820.212116, sdrt-health/mac:02010b41cdec/antenna/tag/e2806894000050038661fd4f, 86
1652707820.244217, sdrt-health/mac:02010b41cdec/antenna/tag/e2806894000040038662114f, 88
1652707820.244478, sdrt-health/mac:02010b41cdec/antenna/tag/e2806894000050038662194f, 83
1652707820.260165, sdrt-health/mac:02010b41cdec/antenna/tag/e28068940000400386621d4f, 96
1652707820.29123, sdrt-health/mac:02010b41cdec/antenna/tag/e2806894000040038662214f, 94
1652707820.346659, sdrt-health/mac:02010b41cdec/antenna/tag/e28068940000400386621d4f, 77
1652707820.347236, sdrt-health/mac:02010b41cdec/antenna/tag/e2806894000040038661f94f, 88
1652707820.361586, sdrt-health/mac:02010b41cdec/antenna/tag/e28068940000500386620d4f, 81
1652707820.371276, sdrt-health/mac:02010b41cdec/antenna/tag/e2806894000040038662214f, 81
1652707820.376899, sdrt-health/mac:02010b41cdec/antenna/tag/e2806894000040038662114f, 85
1652707820.411133, sdrt-health/mac:02010b41cdec/antenna/tag/e2806894000050038661fd4f, 83
1652707820.461956, sdrt-health/mac:02010b41cdec/antenna/tag/e2806894000040038662114f, 88
1652707820.518922, sdrt-health/mac:02010b41cdec/antenna/tag/e2806894000050038661fd4f, 86
1652707820.519371, sdrt-health/mac:02010b41cdec/antenna/tag/e28068940000500386620d4f, 83
1652707820.53403, sdrt-health/mac:02010b41cdec/antenna/tag/e2806894000050038662194f, 94
1652707820.541339, sdrt-health/mac:02010b41cdec/antenna/tag/e2806894000040038662114f, 88
1652707820.582359, sdrt-health/mac:02010b41cdec/antenna/tag/e2806894000050038661fd4f, 83
1652707820.622289, sdrt-health/mac:02010b41cdec/antenna/tag/e28068940000400386621d4f, 77
1652707820.655829, sdrt-health/mac:02010b41cdec/antenna/tag/e2806894000040038662114f, 91
1652707820.65616, sdrt-health/mac:02010b41cdec/antenna/tag/e28068940000500386620d4f, 87
1652707820.656397, sdrt-health/mac:02010b41cdec/antenna/tag/e28068940000500386620d4f, 83
1652707820.673253, sdrt-health/mac:02010b41cdec/antenna/tag/e28068940000400386621d4f, 90
1652707820.701896, sdrt-health/mac:02010b41cdec/antenna/tag/e2806894000050038662154f, 91
1652707820.757301, sdrt-health/mac:02010b41cdec/antenna/tag/e2806894000050038662154f, 91
1652707820.757753, sdrt-health/mac:02010b41cdec/antenna/tag/e2806894000050038662194f, 83
1652707820.773891, sdrt-health/mac:02010b41cdec/antenna/tag/e28068940000500386620d4f, 81
1652707820.807982, sdrt-health/mac:02010b41cdec/antenna/tag/e28068940000400386621d4f, 96
1652707820.808211, sdrt-health/mac:02010b41cdec/antenna/tag/e2806894000050038661fd4f, 83
1652707820.825902, sdrt-health/mac:02010b41cdec/antenna/tag/e2806894000050038662154f, 85
1652707820.826147, sdrt-health/mac:02010b41cdec/antenna/tag/e2806894000040038662114f, 88
1652707820.8832, sdrt-health/mac:02010b41cdec/antenna/tag/e2806894000050038662194f, 81
1652707820.941362, sdrt-health/mac:02010b41cdec/antenna/tag/e28068940000400386621d4f, 77
1652707821.01985, sdrt-health/mac:02010b41cdec/antenna/tag/e2806894000040038662114f, 88
1652707821.02031, sdrt-health/mac:02010b41cdec/antenna/tag/e2806894000050038662154f, 91
1652707821.036682, sdrt-health/mac:02010b41cdec/antenna/tag/e2806894000050038662154f, 88
1652707821.037158, sdrt-health/mac:02010b41cdec/antenna/tag/e2806894000050038662154f, 91
1652707821.043142, sdrt-health/mac:02010b41cdec/antenna/tag/e2806894000040038662114f, 91
1652707821.081123, sdrt-health/mac:02010b41cdec/antenna/tag/e2806894000040038662114f, 91
1652707821.147061, sdrt-health/mac:02010b41cdec/antenna/tag/e28068940000500386620d4f, 81
1652707821.147543, sdrt-health/mac:02010b41cdec/antenna/tag/e2806894000050038661fd4f, 86
1652707821.172462, sdrt-health/mac:02010b41cdec/antenna/tag/e2806894000050038662154f, 88
1652707821.228218, sdrt-health/mac:02010b41cdec/antenna/tag/e2806894000050038662154f, 88
1652707821.228734, sdrt-health/mac:02010b41cdec/antenna/tag/e2806894000050038662154f, 85
1652707821.243528, sdrt-health/mac:02010b41cdec/antenna/tag/e28068940000400386621d4f, 96
1652707821.252522, sdrt-health/mac:02010b41cdec/antenna/tag/e2806894000050038662194f, 83
1652707821.260269, sdrt-health/mac:02010b41cdec/antenna/tag/e2806894000050038662194f, 94
1652707821.293075, sdrt-health/mac:02010b41cdec/antenna/tag/e2806894000050038661fd4f, 83
1652707821.331567, sdrt-health/mac:02010b41cdec/antenna/tag/e2806894000050038662154f, 97
1652707821.371097, sdrt-health/mac:02010b41cdec/antenna/tag/e2806894000040038662114f, 97
1652707821.419927, sdrt-health/mac:02010b41cdec/antenna/tag/e2806894000050038661fd4f, 90
1652707821.480531, sdrt-health/mac:02010b41cdec/antenna/tag/e2806894000050038662154f, 88
1652707821.481058, sdrt-health/mac:02010b41cdec/antenna/tag/e28068940000400386621d4f, 90
1652707821.481532, sdrt-health/mac:02010b41cdec/antenna/tag/e28068940000400386621d4f, 90
1652707821.501489, sdrt-health/mac:02010b41cdec/antenna/tag/e2806894000050038662154f, 91
1652707821.560219, sdrt-health/mac:02010b41cdec/antenna/tag/e28068940000500386620d4f, 83
1652707821.560683, sdrt-health/mac:02010b41cdec/antenna/tag/e2806894000050038661fd4f, 83
1652707821.580989, sdrt-health/mac:02010b41cdec/antenna/tag/e2806894000040038661f94f, 84
1652707821.622148, sdrt-health/mac:02010b41cdec/antenna/tag/e2806894000050038662194f, 94
1652707821.83274, sdrt-health/mac:02010b41cdec/antenna/tag/scan, scan stopped
