1652708026.671106, sdrt-health/mac:02010b41cdec/antenna/power/set, {"power": 300}
1652708027.732324, sdrt-health/mac:02010b41cdec/antenna/power/set, 
1652708030.741415, sdrt-health/mac:02010b41cdec/antenna/state, connected
1652708030.742007, sdrt-health/mac:02010b41cdec/fw, {"version":"1.8.1","model":"200","hash":"2f556501b58f1dad542af428d7928d18","timestamp":1652708027}
1652708030.923336, sdrt-health/mac:02010b41cdec/antenna/version, J.6.6/V0121-04
1652708031.142695, sdrt-health/mac:02010b41cdec/antenna/power, 30
1652708031.693999, sdrt-health/mac:02010b41cdec/antenna/tag/scan, {"time": 20000}
1652708032.109722, sdrt-health/mac:02010b41cdec/antenna/tag/e28068940000400386621d4f, 90
1652708032.150347, sdrt-health/mac:02010b41cdec/antenna/tag/e2806894000050038661fd4f, 97
1652708032.207181, sdrt-health/mac:02010b41cdec/antenna/tag/e2806894000040038661f94f, 82
1652708032.207616, sdrt-health/mac:02010b41cdec/antenna/tag/e2806894000050038662154f, 81
1652708032.22173, sdrt-health/mac:02010b41cdec/antenna/tag/e2806894000050038662194f, 94
1652708032.23061, sdrt-health/mac:02010b41cdec/antenna/tag/e2806894000050038662194f, 81
1652708032.271549, sdrt-health/mac:02010b41cdec/antenna/tag/e2806894000050038662154f, 81
1652708032.326396, sdrt-health/mac:02010b41cdec/antenna/tag/e28068940000400386621d4f, 77
1652708032.327084, sdrt-health/mac:02010b41cdec/antenna/tag/e2806894000050038661fd4f, 83
1652708032.341884, sdrt-health/mac:02010b41cdec/antenna/tag/e28068940000400386621d4f, 77
1652708032.350361, sdrt-health/mac:02010b41cdec/antenna/tag/e28068940000400386621d4f, 90
1652708032.400311, sdrt-health/mac:02010b41cdec/antenna/tag/e2806894000050038661fd4f, 97
1652708032.461302, sdrt-health/mac:02010b41cdec/antenna/tag/e2806894000050038661fd4f, 86
1652708032.46165, sdrt-health/mac:02010b41cdec/antenna/tag/e2806894000050038661fd4f, 83
1652708032.481632, sdrt-health/mac:02010b41cdec/antenna/tag/e28068940000400386621d4f, 96
1652708032.524245, sdrt-health/mac:02010b41cdec/antenna/tag/e2806894000040038662114f, 93
1652708032.562667, sdrt-health/mac:02010b41cdec/antenna/tag/e2806894000040038661f94f, 88
1652708032.563112, sdrt-health/mac:02010b41cdec/antenna/tag/e28068940000400386621d4f, 96
1652708032.578996, sdrt-health/mac:02010b41cdec/antenna/tag/e2806894000050038661fd4f, 90
1652708032.611184, sdrt-health/mac:02010b41cdec/antenna/tag/e28068940000400386621d4f, 90
1652708032.650192, sdrt-health/mac:02010b41cdec/antenna/tag/e2806894000050038661fd4f, 83
1652708032.689188, sdrt-health/mac:02010b41cdec/antenna/tag/e2806894000050038661fd4f, 83
1652708032.720799, sdrt-health/mac:02010b41cdec/antenna/tag/e2806894000040038662114f, 93
1652708032.720992, sdrt-health/mac:02010b41cdec/antenna/tag/e2806894000050038661fd4f, 83
1652708032.736015, sdrt-health/mac:02010b41cdec/antenna/tag/e2806894000050038661fd4f, 83
1652708032.769374, sdrt-health/mac:02010b41cdec/antenna/tag/e28068940000400386621d4f, 90
1652708032.826675, sdrt-health/mac:02010b41cdec/antenna/tag/e2806894000040038662114f, 88
1652708032.827607, sdrt-health/mac:02010b41cdec/antenna/tag/e28068940000500386620d4f, 81
1652708032.860444, sdrt-health/mac:02010b41cdec/antenna/tag/e28068940000500386620d4f, 83
1652708032.900761, sdrt-health/mac:02010b41cdec/antenna/tag/e28068940000500386620d4f, 93
1652708032.956515, sdrt-health/mac:02010b41cdec/antenna/tag/e2806894000050038661fd4f, 83
1652708032.957, sdrt-health/mac:02010b41cdec/antenna/tag/e28068940000400386621d4f, 96
1652708032.981538, sdrt-health/mac:02010b41cdec/antenna/tag/e2806894000050038661fd4f, 83
1652708033.100687, sdrt-health/mac:02010b41cdec/antenna/tag/e2806894000050038662154f, 83
1652708033.101178, sdrt-health/mac:02010b41cdec/antenna/tag/e2806894000050038662154f, 93
1652708033.141366, sdrt-health/mac:02010b41cdec/antenna/tag/e2806894000050038661fd4f, 83
1652708033.180298, sdrt-health/mac:02010b41cdec/antenna/tag/e2806894000050038661fd4f, 83
1652708033.180814, sdrt-health/mac:02010b41cdec/antenna/tag/e2806894000050038661fd4f, 83
1652708033.206136, sdrt-health/mac:02010b41cdec/antenna/tag/e2806894000040038661f94f, 88
1652708033.230668, sdrt-health/mac:02010b41cdec/antenna/tag/e2806894000040038662114f, 91
1652708033.279037, sdrt-health/mac:02010b41cdec/antenna/tag/e2806894000050038661fd4f, 83
1652708033.279419, sdrt-health/mac:02010b41cdec/antenna/tag/e2806894000050038662194f, 94
1652708033.302917, sdrt-health/mac:02010b41cdec/antenna/tag/e2806894000050038662154f, 81
1652708033.357348, sdrt-health/mac:02010b41cdec/antenna/tag/e2806894000050038661fd4f, 83
1652708033.357795, sdrt-health/mac:02010b41cdec/antenna/tag/e2806894000050038662194f, 88
1652708033.374909, sdrt-health/mac:02010b41cdec/antenna/tag/e2806894000040038662114f, 85
1652708033.384688, sdrt-health/mac:02010b41cdec/antenna/tag/e2806894000050038662194f, 83
1652708033.42047, sdrt-health/mac:02010b41cdec/antenna/tag/e2806894000050038662194f, 81
1652708033.483523, sdrt-health/mac:02010b41cdec/antenna/tag/e2806894000040038662114f, 88
1652708033.484035, sdrt-health/mac:02010b41cdec/antenna/tag/e28068940000400386621d4f, 77
1652708033.51122, sdrt-health/mac:02010b41cdec/antenna/tag/e28068940000500386620d4f, 83
1652708033.57861, sdrt-health/mac:02010b41cdec/antenna/tag/e28068940000400386621d4f, 77
1652708033.579059, sdrt-health/mac:02010b41cdec/antenna/tag/e2806894000050038662154f, 88
1652708033.59581, sdrt-health/mac:02010b41cdec/antenna/tag/e2806894000050038661fd4f, 83
1652708033.596429, sdrt-health/mac:02010b41cdec/antenna/tag/e28068940000500386620d4f, 88
1652708033.64062, sdrt-health/mac:02010b41cdec/antenna/tag/e28068940000400386621d4f, 96
1652708033.681044, sdrt-health/mac:02010b41cdec/antenna/tag/e28068940000400386621d4f, 77
1652708033.721792, sdrt-health/mac:02010b41cdec/antenna/tag/e28068940000500386620d4f, 87
1652708033.779677, sdrt-health/mac:02010b41cdec/antenna/tag/e2806894000050038662154f, 83
1652708033.780051, sdrt-health/mac:02010b41cdec/antenna/tag/e2806894000050038661fd4f, 86
1652708033.799025, sdrt-health/mac:02010b41cdec/antenna/tag/e28068940000500386620d4f, 83
1652708033.856826, sdrt-health/mac:02010b41cdec/antenna/tag/e28068940000400386621d4f, 77
1652708033.857353, sdrt-health/mac:02010b41cdec/antenna/tag/e2806894000050038661fd4f, 90
1652708033.872727, sdrt-health/mac:02010b41cdec/antenna/tag/e2806894000040038662114f, 88
1652708033.873149, sdrt-health/mac:02010b41cdec/antenna/tag/e2806894000040038662114f, 91
1652708033.911166, sdrt-health/mac:02010b41cdec/antenna/tag/e2806894000050038661fd4f, 83
1652708033.955709, sdrt-health/mac:02010b41cdec/antenna/tag/e28068940000500386620d4f, 83
1652708034.015523, sdrt-health/mac:02010b41cdec/antenna/tag/e28068940000400386621d4f, 77
1652708034.016001, sdrt-health/mac:02010b41cdec/antenna/tag/e2806894000050038661fd4f, 83
1652708034.030724, sdrt-health/mac:02010b41cdec/antenna/tag/e2806894000040038662114f, 88
1652708034.031177, sdrt-health/mac:02010b41cdec/antenna/tag/e28068940000400386621d4f, 96
1652708034.077718, sdrt-health/mac:02010b41cdec/antenna/tag/e28068940000400386621d4f, 96
1652708034.1253, sdrt-health/mac:02010b41cdec/antenna/tag/e2806894000040038662114f, 91
1652708034.125982, sdrt-health/mac:02010b41cdec/antenna/tag/e2806894000040038662214f, 81
1652708034.152891, sdrt-health/mac:02010b41cdec/antenna/tag/e28068940000500386620d4f, 81
1652708034.202728, sdrt-health/mac:02010b41cdec/antenna/tag/e28068940000500386620d4f, 85
1652708034.243702, sdrt-health/mac:02010b41cdec/antenna/tag/e28068940000400386621d4f, 96
1652708034.675976, sdrt-health/mac:02010b41cdec/antenna/tag/e2806894000040038662114f, 88
1652708034.717675, sdrt-health/mac:02010b41cdec/antenna/tag/e2806894000050038661fd4f, 83
1652708034.718196, sdrt-health/mac:02010b41cdec/antenna/tag/e2806894000040038662114f, 91
1652708034.718543, sdrt-health/mac:02010b41cdec/antenna/tag/e28068940000400386621d4f, 96
1652708034.71893, sdrt-health/mac:02010b41cdec/antenna/tag/e2806894000050038661fd4f, 83
1652708034.719241, sdrt-health/mac:02010b41cdec/antenna/tag/e28068940000500386620d4f, 87
1652708034.719537, sdrt-health/mac:02010b41cdec/antenna/tag/e28068940000500386620d4f, 93
1652708034.719909, sdrt-health/mac:02010b41cdec/antenna/tag/e28068940000500386620d4f, 93
1652708034.720249, sdrt-health/mac:02010b41cdec/antenna/tag/e28068940000400386621d4f, 96
1652708034.721743, sdrt-health/mac:02010b41cdec/antenna/tag/e2806894000040038662114f, 97
1652708034.721934, sdrt-health/mac:02010b41cdec/antenna/tag/e28068940000400386621d4f, 90
1652708034.722048, sdrt-health/mac:02010b41cdec/antenna/tag/e2806894000050038661fd4f, 86
1652708034.766388, sdrt-health/mac:02010b41cdec/antenna/tag/e2806894000040038662114f, 85
1652708034.796086, sdrt-health/mac:02010b41cdec/antenna/tag/e2806894000050038661fd4f, 83
1652708034.7964, sdrt-health/mac:02010b41cdec/antenna/tag/e28068940000500386620d4f, 87
1652708034.796609, sdrt-health/mac:02010b41cdec/antenna/tag/e2806894000040038662114f, 88
1652708034.796807, sdrt-health/mac:02010b41cdec/antenna/tag/e2806894000040038662114f, 91
1652708034.797117, sdrt-health/mac:02010b41cdec/antenna/tag/e2806894000050038661fd4f, 86
1652708034.810877, sdrt-health/mac:02010b41cdec/antenna/tag/e28068940000400386621d4f, 90
1652708034.81107, sdrt-health/mac:02010b41cdec/antenna/tag/e2806894000050038662154f, 85
1652708034.840238, sdrt-health/mac:02010b41cdec/antenna/tag/e28068940000400386621d4f, 96
1652708034.874431, sdrt-health/mac:02010b41cdec/antenna/tag/e2806894000040038662114f, 88
1652708034.87479, sdrt-health/mac:02010b41cdec/antenna/tag/e2806894000050038661fd4f, 86
1652708034.875045, sdrt-health/mac:02010b41cdec/antenna/tag/e28068940000400386621d4f, 96
1652708034.896867, sdrt-health/mac:02010b41cdec/antenna/tag/e2806894000040038662114f, 85
1652708034.897194, sdrt-health/mac:02010b41cdec/antenna/tag/e2806894000050038662154f, 88
1652708034.918791, sdrt-health/mac:02010b41cdec/antenna/tag/e2806894000050038662154f, 88
1652708034.981377, sdrt-health/mac:02010b41cdec/antenna/tag/e2806894000040038662114f, 85
1652708034.981867, sdrt-health/mac:02010b41cdec/antenna/tag/e28068940000400386621d4f, 96
1652708034.996153, sdrt-health/mac:02010b41cdec/antenna/tag/e2806894000050038661fd4f, 83
1652708035.000359, sdrt-health/mac:02010b41cdec/antenna/tag/e28068940000400386621d4f, 77
1652708035.047763, sdrt-health/mac:02010b41cdec/antenna/tag/e2806894000040038662114f, 88
1652708035.090404, sdrt-health/mac:02010b41cdec/antenna/tag/e2806894000050038661fd4f, 86
1652708035.138077, sdrt-health/mac:02010b41cdec/antenna/tag/e28068940000400386621d4f, 90
1652708035.169759, sdrt-health/mac:02010b41cdec/antenna/tag/e28068940000400386621d4f, 96
1652708035.204555, sdrt-health/mac:02010b41cdec/antenna/tag/e28068940000400386621d4f, 96
1652708035.204949, sdrt-health/mac:02010b41cdec/antenna/tag/e2806894000040038662114f, 88
1652708035.220072, sdrt-health/mac:02010b41cdec/antenna/tag/e28068940000500386620d4f, 81
1652708035.287996, sdrt-health/mac:02010b41cdec/antenna/tag/e2806894000050038662154f, 91
1652708035.329446, sdrt-health/mac:02010b41cdec/antenna/tag/e28068940000400386621d4f, 96
1652708035.329952, sdrt-health/mac:02010b41cdec/antenna/tag/e2806894000040038662114f, 91
1652708035.330297, sdrt-health/mac:02010b41cdec/antenna/tag/e28068940000500386620d4f, 81
1652708035.345328, sdrt-health/mac:02010b41cdec/antenna/tag/e28068940000400386621d4f, 96
1652708035.37137, sdrt-health/mac:02010b41cdec/antenna/tag/e2806894000050038661fd4f, 90
1652708035.424954, sdrt-health/mac:02010b41cdec/antenna/tag/e28068940000500386620d4f, 81
1652708035.425409, sdrt-health/mac:02010b41cdec/antenna/tag/e2806894000050038662154f, 97
1652708035.491102, sdrt-health/mac:02010b41cdec/antenna/tag/e2806894000040038661f94f, 88
1652708035.530173, sdrt-health/mac:02010b41cdec/antenna/tag/e2806894000040038661f94f, 84
1652708035.57142, sdrt-health/mac:02010b41cdec/antenna/tag/e28068940000400386621d4f, 96
1652708035.604741, sdrt-health/mac:02010b41cdec/antenna/tag/e28068940000500386620d4f, 93
1652708035.605148, sdrt-health/mac:02010b41cdec/antenna/tag/e2806894000050038662154f, 88
1652708035.618878, sdrt-health/mac:02010b41cdec/antenna/tag/e2806894000050038661fd4f, 90
1652708035.619084, sdrt-health/mac:02010b41cdec/antenna/tag/e2806894000040038662114f, 91
1652708035.660683, sdrt-health/mac:02010b41cdec/antenna/tag/e2806894000050038661fd4f, 90
1652708035.718727, sdrt-health/mac:02010b41cdec/antenna/tag/e28068940000400386621d4f, 96
1652708035.719241, sdrt-health/mac:02010b41cdec/antenna/tag/e2806894000050038661fd4f, 86
1652708035.781678, sdrt-health/mac:02010b41cdec/antenna/tag/e2806894000040038662114f, 88
1652708035.810706, sdrt-health/mac:02010b41cdec/antenna/tag/e28068940000500386620d4f, 81
1652708035.850737, sdrt-health/mac:02010b41cdec/antenna/tag/e2806894000050038662154f, 91
1652708035.890772, sdrt-health/mac:02010b41cdec/antenna/tag/e2806894000050038662194f, 81
1652708035.945991, sdrt-health/mac:02010b41cdec/antenna/tag/e2806894000040038661f94f, 88
1652708035.946437, sdrt-health/mac:02010b41cdec/antenna/tag/e2806894000040038662114f, 88
1652708035.97075, sdrt-health/mac:02010b41cdec/antenna/tag/e28068940000400386621d4f, 77
1652708036.041495, sdrt-health/mac:02010b41cdec/antenna/tag/e28068940000400386621d4f, 77
1652708036.087328, sdrt-health/mac:02010b41cdec/antenna/tag/e2806894000050038662194f, 88
1652708036.120154, sdrt-health/mac:02010b41cdec/antenna/tag/e28068940000400386621d4f, 77
1652708036.160665, sdrt-health/mac:02010b41cdec/antenna/tag/e2806894000040038662114f, 85
1652708036.21723, sdrt-health/mac:02010b41cdec/antenna/tag/e2806894000040038662114f, 91
1652708036.217719, sdrt-health/mac:02010b41cdec/antenna/tag/e2806894000050038662154f, 88
1652708036.232247, sdrt-health/mac:02010b41cdec/antenna/tag/e2806894000050038661fd4f, 86
1652708036.239919, sdrt-health/mac:02010b41cdec/antenna/tag/e28068940000400386621d4f, 77
1652708036.247847, sdrt-health/mac:02010b41cdec/antenna/tag/e28068940000500386620d4f, 81
1652708036.28084, sdrt-health/mac:02010b41cdec/antenna/tag/e2806894000040038662114f, 88
1652708036.339152, sdrt-health/mac:02010b41cdec/antenna/tag/e28068940000500386620d4f, 81
1652708036.339945, sdrt-health/mac:02010b41cdec/antenna/tag/e28068940000400386621d4f, 90
1652708036.340319, sdrt-health/mac:02010b41cdec/antenna/tag/e2806894000050038662154f, 88
1652708036.355149, sdrt-health/mac:02010b41cdec/antenna/tag/e28068940000400386621d4f, 90
1652708036.360952, sdrt-health/mac:02010b41cdec/antenna/tag/e2806894000040038662114f, 88
1652708036.37056, sdrt-health/mac:02010b41cdec/antenna/tag/e2806894000050038662154f, 88
1652708036.400911, sdrt-health/mac:02010b41cdec/antenna/tag/e2806894000050038662154f, 88
1652708036.462804, sdrt-health/mac:02010b41cdec/antenna/tag/e2806894000050038662154f, 88
1652708036.46328, sdrt-health/mac:02010b41cdec/antenna/tag/e2806894000040038662114f, 91
1652708036.478064, sdrt-health/mac:02010b41cdec/antenna/tag/e2806894000050038662154f, 91
1652708036.539914, sdrt-health/mac:02010b41cdec/antenna/tag/e2806894000050038661fd4f, 86
1652708036.540648, sdrt-health/mac:02010b41cdec/antenna/tag/e28068940000400386621d4f, 77
1652708036.559879, sdrt-health/mac:02010b41cdec/antenna/tag/e2806894000040038662114f, 88
1652708036.617766, sdrt-health/mac:02010b41cdec/antenna/tag/e2806894000050038662194f, 87
1652708036.618268, sdrt-health/mac:02010b41cdec/antenna/tag/e2806894000050038662154f, 85
1652708036.633714, sdrt-health/mac:02010b41cdec/antenna/tag/e2806894000050038661fd4f, 86
1652708036.667732, sdrt-health/mac:02010b41cdec/antenna/tag/e28068940000500386620d4f, 83
1652708036.700912, sdrt-health/mac:02010b41cdec/antenna/tag/e2806894000050038662194f, 81
1652708036.799622, sdrt-health/mac:02010b41cdec/antenna/tag/e2806894000040038662114f, 91
1652708036.800081, sdrt-health/mac:02010b41cdec/antenna/tag/e2806894000050038662154f, 91
1652708036.820059, sdrt-health/mac:02010b41cdec/antenna/tag/e2806894000050038661fd4f, 86
1652708036.890446, sdrt-health/mac:02010b41cdec/antenna/tag/e2806894000040038662114f, 88
1652708036.931263, sdrt-health/mac:02010b41cdec/antenna/tag/e2806894000050038661fd4f, 83
1652708036.986588, sdrt-health/mac:02010b41cdec/antenna/tag/e2806894000050038662154f, 85
1652708036.987139, sdrt-health/mac:02010b41cdec/antenna/tag/e28068940000400386621d4f, 77
1652708037.01067, sdrt-health/mac:02010b41cdec/antenna/tag/e2806894000050038661fd4f, 83
1652708037.06465, sdrt-health/mac:02010b41cdec/antenna/tag/e28068940000400386621d4f, 77
1652708037.065097, sdrt-health/mac:02010b41cdec/antenna/tag/e2806894000050038662194f, 81
1652708037.080177, sdrt-health/mac:02010b41cdec/antenna/tag/e28068940000500386620d4f, 87
1652708037.080416, sdrt-health/mac:02010b41cdec/antenna/tag/e2806894000050038662154f, 88
1652708037.091181, sdrt-health/mac:02010b41cdec/antenna/tag/e2806894000040038662114f, 91
1652708037.12957, sdrt-health/mac:02010b41cdec/antenna/tag/e2806894000050038662154f, 91
1652708037.18443, sdrt-health/mac:02010b41cdec/antenna/tag/e28068940000400386621d4f, 96
1652708037.18485, sdrt-health/mac:02010b41cdec/antenna/tag/e28068940000500386620d4f, 83
1652708037.212161, sdrt-health/mac:02010b41cdec/antenna/tag/e2806894000040038662214f, 81
1652708037.263558, sdrt-health/mac:02010b41cdec/antenna/tag/e28068940000400386621d4f, 96
1652708037.264067, sdrt-health/mac:02010b41cdec/antenna/tag/e2806894000050038661fd4f, 83
1652708037.278292, sdrt-health/mac:02010b41cdec/antenna/tag/e28068940000400386621d4f, 96
1652708037.310722, sdrt-health/mac:02010b41cdec/antenna/tag/e2806894000040038662114f, 88
1652708037.311077, sdrt-health/mac:02010b41cdec/antenna/tag/e28068940000500386620d4f, 87
1652708037.329457, sdrt-health/mac:02010b41cdec/antenna/tag/e2806894000050038661fd4f, 83
1652708037.381735, sdrt-health/mac:02010b41cdec/antenna/tag/e2806894000040038661f94f, 88
1652708037.382068, sdrt-health/mac:02010b41cdec/antenna/tag/e2806894000040038662114f, 88
1652708037.409967, sdrt-health/mac:02010b41cdec/antenna/tag/e2806894000050038662154f, 88
1652708037.448871, sdrt-health/mac:02010b41cdec/antenna/tag/e2806894000040038662114f, 88
1652708037.598659, sdrt-health/mac:02010b41cdec/antenna/tag/e2806894000040038662114f, 91
1652708037.637946, sdrt-health/mac:02010b41cdec/antenna/tag/e2806894000050038662154f, 97
1652708037.679774, sdrt-health/mac:02010b41cdec/antenna/tag/e2806894000040038662114f, 88
1652708037.719783, sdrt-health/mac:02010b41cdec/antenna/tag/e28068940000400386621d4f, 96
1652708037.760842, sdrt-health/mac:02010b41cdec/antenna/tag/e28068940000500386620d4f, 87
1652708037.824214, sdrt-health/mac:02010b41cdec/antenna/tag/e2806894000040038661f94f, 82
1652708037.824669, sdrt-health/mac:02010b41cdec/antenna/tag/e2806894000040038662114f, 88
1652708037.839772, sdrt-health/mac:02010b41cdec/antenna/tag/e28068940000500386620d4f, 81
1652708037.858711, sdrt-health/mac:02010b41cdec/antenna/tag/e2806894000050038662194f, 94
1652708037.916308, sdrt-health/mac:02010b41cdec/antenna/tag/e2806894000050038662194f, 94
1652708037.916755, sdrt-health/mac:02010b41cdec/antenna/tag/e2806894000050038662194f, 81
1652708037.939795, sdrt-health/mac:02010b41cdec/antenna/tag/e2806894000050038661fd4f, 86
1652708037.979656, sdrt-health/mac:02010b41cdec/antenna/tag/e2806894000050038662154f, 91
1652708038.035225, sdrt-health/mac:02010b41cdec/antenna/tag/e2806894000040038662114f, 97
1652708038.035709, sdrt-health/mac:02010b41cdec/antenna/tag/e2806894000050038662154f, 91
1652708038.059492, sdrt-health/mac:02010b41cdec/antenna/tag/e2806894000050038662194f, 87
1652708038.113775, sdrt-health/mac:02010b41cdec/antenna/tag/e2806894000050038662194f, 81
1652708038.11426, sdrt-health/mac:02010b41cdec/antenna/tag/e2806894000040038661f94f, 88
1652708038.12852, sdrt-health/mac:02010b41cdec/antenna/tag/e2806894000050038662194f, 83
1652708038.203696, sdrt-health/mac:02010b41cdec/antenna/tag/e2806894000040038662114f, 91
1652708038.258517, sdrt-health/mac:02010b41cdec/antenna/tag/e2806894000040038662114f, 97
1652708038.346373, sdrt-health/mac:02010b41cdec/antenna/tag/e2806894000040038662054f, 83
1652708038.347128, sdrt-health/mac:02010b41cdec/antenna/tag/e2806894000050038661fd4f, 86
1652708038.368778, sdrt-health/mac:02010b41cdec/antenna/tag/e2806894000040038662054f, 88
1652708038.369178, sdrt-health/mac:02010b41cdec/antenna/tag/e28068940000500386620d4f, 87
1652708038.408679, sdrt-health/mac:02010b41cdec/antenna/tag/e28068940000400386621d4f, 96
1652708038.524461, sdrt-health/mac:02010b41cdec/antenna/tag/e2806894000050038661fd4f, 86
1652708038.524903, sdrt-health/mac:02010b41cdec/antenna/tag/e2806894000050038661fd4f, 86
1652708038.54995, sdrt-health/mac:02010b41cdec/antenna/tag/e2806894000050038662194f, 83
1652708038.579842, sdrt-health/mac:02010b41cdec/antenna/tag/e28068940000500386620d4f, 83
1652708038.580236, sdrt-health/mac:02010b41cdec/antenna/tag/e2806894000050038662194f, 88
1652708038.594952, sdrt-health/mac:02010b41cdec/antenna/tag/e2806894000040038662114f, 91
1652708038.629899, sdrt-health/mac:02010b41cdec/antenna/tag/e2806894000040038661f94f, 94
1652708038.723505, sdrt-health/mac:02010b41cdec/antenna/tag/e2806894000050038662154f, 88
1652708038.723986, sdrt-health/mac:02010b41cdec/antenna/tag/e28068940000400386621d4f, 77
1652708038.749026, sdrt-health/mac:02010b41cdec/antenna/tag/e2806894000050038662154f, 88
1652708038.780254, sdrt-health/mac:02010b41cdec/antenna/tag/e28068940000500386620d4f, 87
1652708038.780653, sdrt-health/mac:02010b41cdec/antenna/tag/e28068940000400386621d4f, 77
1652708038.79419, sdrt-health/mac:02010b41cdec/antenna/tag/e2806894000050038662154f, 91
1652708038.794589, sdrt-health/mac:02010b41cdec/antenna/tag/e28068940000500386620d4f, 87
1652708038.828854, sdrt-health/mac:02010b41cdec/antenna/tag/e2806894000050038662194f, 83
1652708038.869155, sdrt-health/mac:02010b41cdec/antenna/tag/e2806894000040038662114f, 88
1652708038.908934, sdrt-health/mac:02010b41cdec/antenna/tag/e2806894000050038661fd4f, 86
1652708038.909906, sdrt-health/mac:02010b41cdec/antenna/tag/e2806894000050038661fd4f, 83
1652708038.949703, sdrt-health/mac:02010b41cdec/antenna/tag/e2806894000050038661fd4f, 86
1652708038.987858, sdrt-health/mac:02010b41cdec/antenna/tag/e2806894000040038661f94f, 94
1652708039.030375, sdrt-health/mac:02010b41cdec/antenna/tag/e2806894000050038662154f, 88
1652708039.083976, sdrt-health/mac:02010b41cdec/antenna/tag/e2806894000040038662114f, 88
1652708039.084531, sdrt-health/mac:02010b41cdec/antenna/tag/e2806894000050038662154f, 91
1652708039.1083, sdrt-health/mac:02010b41cdec/antenna/tag/e28068940000400386621d4f, 96
1652708039.14866, sdrt-health/mac:02010b41cdec/antenna/tag/e28068940000500386620d4f, 88
1652708039.176446, sdrt-health/mac:02010b41cdec/antenna/tag/e28068940000400386621d4f, 77
1652708039.177011, sdrt-health/mac:02010b41cdec/antenna/tag/e2806894000050038661fd4f, 90
1652708039.19056, sdrt-health/mac:02010b41cdec/antenna/tag/e28068940000500386620d4f, 81
1652708039.190906, sdrt-health/mac:02010b41cdec/antenna/tag/e28068940000400386621d4f, 96
1652708039.229749, sdrt-health/mac:02010b41cdec/antenna/tag/e2806894000040038662114f, 91
1652708039.270096, sdrt-health/mac:02010b41cdec/antenna/tag/e2806894000050038662154f, 88
1652708039.326101, sdrt-health/mac:02010b41cdec/antenna/tag/e2806894000040038662114f, 91
1652708039.326685, sdrt-health/mac:02010b41cdec/antenna/tag/e2806894000050038662154f, 88
1652708039.357956, sdrt-health/mac:02010b41cdec/antenna/tag/e28068940000500386620d4f, 81
1652708039.400268, sdrt-health/mac:02010b41cdec/antenna/tag/e28068940000400386621d4f, 96
1652708039.439635, sdrt-health/mac:02010b41cdec/antenna/tag/e2806894000040038662114f, 88
1652708039.559521, sdrt-health/mac:02010b41cdec/antenna/tag/e2806894000050038662154f, 91
1652708039.608581, sdrt-health/mac:02010b41cdec/antenna/tag/e2806894000040038662114f, 88
1652708039.663621, sdrt-health/mac:02010b41cdec/antenna/tag/e2806894000050038662154f, 91
1652708039.66404, sdrt-health/mac:02010b41cdec/antenna/tag/e2806894000050038662154f, 88
1652708039.678828, sdrt-health/mac:02010b41cdec/antenna/tag/e2806894000040038661f94f, 88
1652708039.689885, sdrt-health/mac:02010b41cdec/antenna/tag/e2806894000040038662114f, 88
1652708039.693626, sdrt-health/mac:02010b41cdec/antenna/tag/e2806894000050038662154f, 88
1652708039.749353, sdrt-health/mac:02010b41cdec/antenna/tag/e2806894000050038662194f, 81
1652708039.810606, sdrt-health/mac:02010b41cdec/antenna/tag/e2806894000050038662154f, 91
1652708039.848963, sdrt-health/mac:02010b41cdec/antenna/tag/e2806894000050038661fd4f, 83
1652708039.900714, sdrt-health/mac:02010b41cdec/antenna/tag/e28068940000500386620d4f, 81
1652708039.955049, sdrt-health/mac:02010b41cdec/antenna/tag/e2806894000050038662194f, 81
1652708039.955498, sdrt-health/mac:02010b41cdec/antenna/tag/e2806894000050038662154f, 91
1652708039.969813, sdrt-health/mac:02010b41cdec/antenna/tag/e28068940000400386621d4f, 96
1652708039.979793, sdrt-health/mac:02010b41cdec/antenna/tag/e2806894000050038662194f, 83
1652708039.984558, sdrt-health/mac:02010b41cdec/antenna/tag/e2806894000050038662194f, 87
1652708040.027987, sdrt-health/mac:02010b41cdec/antenna/tag/e2806894000050038662154f, 91
1652708040.094532, sdrt-health/mac:02010b41cdec/antenna/tag/e2806894000050038661fd4f, 83
1652708040.095085, sdrt-health/mac:02010b41cdec/antenna/tag/e2806894000040038662114f, 91
1652708040.109935, sdrt-health/mac:02010b41cdec/antenna/tag/e2806894000050038661fd4f, 83
1652708040.166623, sdrt-health/mac:02010b41cdec/antenna/tag/e2806894000050038662154f, 91
1652708040.167107, sdrt-health/mac:02010b41cdec/antenna/tag/e2806894000050038661fd4f, 86
1652708040.200879, sdrt-health/mac:02010b41cdec/antenna/tag/e28068940000500386620d4f, 94
1652708040.255575, sdrt-health/mac:02010b41cdec/antenna/tag/e2806894000050038661fd4f, 86
1652708040.256127, sdrt-health/mac:02010b41cdec/antenna/tag/e2806894000050038662154f, 91
1652708040.269943, sdrt-health/mac:02010b41cdec/antenna/tag/e2806894000050038662154f, 91
1652708040.286845, sdrt-health/mac:02010b41cdec/antenna/tag/e2806894000040038662114f, 88
1652708040.342796, sdrt-health/mac:02010b41cdec/antenna/tag/e28068940000500386620d4f, 81
1652708040.343261, sdrt-health/mac:02010b41cdec/antenna/tag/e2806894000050038662154f, 91
1652708040.356908, sdrt-health/mac:02010b41cdec/antenna/tag/e28068940000500386620d4f, 87
1652708040.357158, sdrt-health/mac:02010b41cdec/antenna/tag/e2806894000050038662154f, 91
1652708040.368869, sdrt-health/mac:02010b41cdec/antenna/tag/e28068940000400386621d4f, 96
1652708040.429544, sdrt-health/mac:02010b41cdec/antenna/tag/e2806894000040038661f94f, 94
1652708040.470361, sdrt-health/mac:02010b41cdec/antenna/tag/e28068940000400386621d4f, 96
1652708040.509807, sdrt-health/mac:02010b41cdec/antenna/tag/e28068940000500386620d4f, 94
1652708040.562051, sdrt-health/mac:02010b41cdec/antenna/tag/e2806894000050038662154f, 97
1652708040.562494, sdrt-health/mac:02010b41cdec/antenna/tag/e2806894000050038661fd4f, 86
1652708040.589282, sdrt-health/mac:02010b41cdec/antenna/tag/e2806894000040038662114f, 88
1652708040.644419, sdrt-health/mac:02010b41cdec/antenna/tag/e2806894000050038662154f, 85
1652708040.644877, sdrt-health/mac:02010b41cdec/antenna/tag/e2806894000050038662194f, 84
1652708040.658889, sdrt-health/mac:02010b41cdec/antenna/tag/e2806894000040038662214f, 94
1652708040.690694, sdrt-health/mac:02010b41cdec/antenna/tag/e2806894000040038662114f, 88
1652708040.69102, sdrt-health/mac:02010b41cdec/antenna/tag/e28068940000500386620d4f, 94
1652708040.710128, sdrt-health/mac:02010b41cdec/antenna/tag/e2806894000050038662154f, 91
1652708040.747618, sdrt-health/mac:02010b41cdec/antenna/tag/e2806894000050038662154f, 88
1652708040.799696, sdrt-health/mac:02010b41cdec/antenna/tag/e2806894000050038662194f, 94
1652708040.839322, sdrt-health/mac:02010b41cdec/antenna/tag/e28068940000400386621d4f, 96
1652708040.879447, sdrt-health/mac:02010b41cdec/antenna/tag/e2806894000050038662194f, 83
1652708040.908822, sdrt-health/mac:02010b41cdec/antenna/tag/e2806894000050038662154f, 85
1652708040.909222, sdrt-health/mac:02010b41cdec/antenna/tag/e2806894000050038662194f, 81
1652708040.909425, sdrt-health/mac:02010b41cdec/antenna/tag/e2806894000040038662114f, 91
1652708040.929155, sdrt-health/mac:02010b41cdec/antenna/tag/e2806894000050038661fd4f, 86
1652708040.969242, sdrt-health/mac:02010b41cdec/antenna/tag/e28068940000500386620d4f, 94
1652708041.009148, sdrt-health/mac:02010b41cdec/antenna/tag/e2806894000050038662154f, 88
1652708041.065112, sdrt-health/mac:02010b41cdec/antenna/tag/e28068940000500386620d4f, 94
1652708041.065586, sdrt-health/mac:02010b41cdec/antenna/tag/e2806894000050038662194f, 83
1652708041.089409, sdrt-health/mac:02010b41cdec/antenna/tag/e2806894000040038661f94f, 88
1652708041.120139, sdrt-health/mac:02010b41cdec/antenna/tag/e2806894000050038661fd4f, 83
1652708041.120444, sdrt-health/mac:02010b41cdec/antenna/tag/e28068940000500386620d4f, 83
1652708041.136021, sdrt-health/mac:02010b41cdec/antenna/tag/e28068940000400386621d4f, 96
1652708041.22069, sdrt-health/mac:02010b41cdec/antenna/tag/e2806894000050038662194f, 81
1652708041.259276, sdrt-health/mac:02010b41cdec/antenna/tag/e2806894000050038662154f, 91
1652708041.301315, sdrt-health/mac:02010b41cdec/antenna/tag/e28068940000400386621d4f, 96
1652708041.339832, sdrt-health/mac:02010b41cdec/antenna/tag/e2806894000050038662194f, 81
1652708041.3957, sdrt-health/mac:02010b41cdec/antenna/tag/e28068940000400386621d4f, 77
1652708041.396188, sdrt-health/mac:02010b41cdec/antenna/tag/e28068940000400386621d4f, 77
1652708041.418294, sdrt-health/mac:02010b41cdec/antenna/tag/e2806894000050038661fd4f, 86
1652708041.41864, sdrt-health/mac:02010b41cdec/antenna/tag/e2806894000050038662154f, 97
1652708041.489193, sdrt-health/mac:02010b41cdec/antenna/tag/e2806894000050038662154f, 88
1652708041.535927, sdrt-health/mac:02010b41cdec/antenna/tag/e28068940000500386620d4f, 83
1652708041.566781, sdrt-health/mac:02010b41cdec/antenna/tag/e2806894000050038661fd4f, 83
1652708041.56717, sdrt-health/mac:02010b41cdec/antenna/tag/e28068940000400386621d4f, 96
1652708041.58176, sdrt-health/mac:02010b41cdec/antenna/tag/e2806894000040038662114f, 85
1652708041.609144, sdrt-health/mac:02010b41cdec/antenna/tag/e2806894000050038662154f, 91
1652708041.610004, sdrt-health/mac:02010b41cdec/antenna/tag/e2806894000050038661fd4f, 86
1652708041.624307, sdrt-health/mac:02010b41cdec/antenna/tag/e2806894000050038662154f, 91
1652708041.650257, sdrt-health/mac:02010b41cdec/antenna/tag/e2806894000040038662114f, 85
1652708041.691078, sdrt-health/mac:02010b41cdec/antenna/tag/e2806894000040038662114f, 88
1652708041.750216, sdrt-health/mac:02010b41cdec/antenna/tag/e2806894000050038661fd4f, 86
1652708041.750742, sdrt-health/mac:02010b41cdec/antenna/tag/e2806894000040038661f94f, 82
1652708041.766017, sdrt-health/mac:02010b41cdec/antenna/tag/e2806894000040038662114f, 88
1652708041.811034, sdrt-health/mac:02010b41cdec/antenna/tag/e28068940000400386621d4f, 96
1652708041.811415, sdrt-health/mac:02010b41cdec/antenna/tag/e2806894000050038662154f, 91
1652708041.824917, sdrt-health/mac:02010b41cdec/antenna/tag/e2806894000050038661fd4f, 86
1652708041.825336, sdrt-health/mac:02010b41cdec/antenna/tag/e28068940000400386621d4f, 96
1652708041.838936, sdrt-health/mac:02010b41cdec/antenna/tag/e2806894000050038662154f, 91
1652708041.880643, sdrt-health/mac:02010b41cdec/antenna/tag/e28068940000500386620d4f, 94
1652708041.934911, sdrt-health/mac:02010b41cdec/antenna/tag/e2806894000040038662114f, 91
1652708041.935366, sdrt-health/mac:02010b41cdec/antenna/tag/e2806894000050038662154f, 97
1652708042.029406, sdrt-health/mac:02010b41cdec/antenna/tag/e2806894000040038661f94f, 88
1652708042.079614, sdrt-health/mac:02010b41cdec/antenna/tag/e2806894000050038662154f, 88
1652708042.127936, sdrt-health/mac:02010b41cdec/antenna/tag/e2806894000050038661fd4f, 86
1652708042.192822, sdrt-health/mac:02010b41cdec/antenna/tag/e28068940000400386621d4f, 96
1652708042.193282, sdrt-health/mac:02010b41cdec/antenna/tag/e2806894000040038662114f, 91
1652708042.207443, sdrt-health/mac:02010b41cdec/antenna/tag/e2806894000050038662154f, 91
1652708042.218696, sdrt-health/mac:02010b41cdec/antenna/tag/e28068940000400386621d4f, 96
1652708042.26839, sdrt-health/mac:02010b41cdec/antenna/tag/e2806894000040038662054f, 81
1652708042.3257, sdrt-health/mac:02010b41cdec/antenna/tag/e2806894000040038662054f, 82
1652708042.326164, sdrt-health/mac:02010b41cdec/antenna/tag/e2806894000050038662154f, 97
1652708042.326497, sdrt-health/mac:02010b41cdec/antenna/tag/e2806894000040038662114f, 88
1652708042.340755, sdrt-health/mac:02010b41cdec/antenna/tag/e28068940000400386621d4f, 96
1652708042.349469, sdrt-health/mac:02010b41cdec/antenna/tag/e28068940000500386620d4f, 94
1652708042.388412, sdrt-health/mac:02010b41cdec/antenna/tag/e2806894000050038661fd4f, 83
1652708042.429426, sdrt-health/mac:02010b41cdec/antenna/tag/e2806894000050038662154f, 88
1652708042.505452, sdrt-health/mac:02010b41cdec/antenna/tag/e28068940000400386621d4f, 77
1652708042.506962, sdrt-health/mac:02010b41cdec/antenna/tag/e2806894000050038662194f, 81
1652708042.530387, sdrt-health/mac:02010b41cdec/antenna/tag/e2806894000050038662154f, 85
1652708042.569368, sdrt-health/mac:02010b41cdec/antenna/tag/e2806894000050038661fd4f, 83
1652708042.639632, sdrt-health/mac:02010b41cdec/antenna/tag/e2806894000050038662154f, 91
1652708042.678753, sdrt-health/mac:02010b41cdec/antenna/tag/e2806894000050038661fd4f, 86
1652708042.708809, sdrt-health/mac:02010b41cdec/antenna/tag/e28068940000400386621d4f, 77
1652708042.709183, sdrt-health/mac:02010b41cdec/antenna/tag/e2806894000040038662114f, 88
1652708042.961301, sdrt-health/mac:02010b41cdec/antenna/tag/e2806894000050038662154f, 91
1652708042.999535, sdrt-health/mac:02010b41cdec/antenna/tag/e2806894000040038662114f, 88
1652708043.000033, sdrt-health/mac:02010b41cdec/antenna/tag/e2806894000050038662154f, 91
1652708043.014433, sdrt-health/mac:02010b41cdec/antenna/tag/e2806894000040038662114f, 91
1652708043.014751, sdrt-health/mac:02010b41cdec/antenna/tag/e28068940000400386621d4f, 96
1652708043.014937, sdrt-health/mac:02010b41cdec/antenna/tag/e28068940000400386621d4f, 90
1652708043.015147, sdrt-health/mac:02010b41cdec/antenna/tag/e28068940000500386620d4f, 87
1652708043.015376, sdrt-health/mac:02010b41cdec/antenna/tag/e2806894000040038661f94f, 88
1652708043.0156, sdrt-health/mac:02010b41cdec/antenna/tag/e2806894000050038662194f, 81
1652708043.015787, sdrt-health/mac:02010b41cdec/antenna/tag/e2806894000050038662154f, 88
1652708043.015989, sdrt-health/mac:02010b41cdec/antenna/tag/e2806894000050038662154f, 91
1652708043.01906, sdrt-health/mac:02010b41cdec/antenna/tag/e2806894000050038662154f, 85
1652708043.068665, sdrt-health/mac:02010b41cdec/antenna/tag/e2806894000050038661fd4f, 86
1652708043.151986, sdrt-health/mac:02010b41cdec/antenna/tag/e2806894000050038662194f, 83
1652708043.191017, sdrt-health/mac:02010b41cdec/antenna/tag/e2806894000050038662194f, 81
1652708043.221503, sdrt-health/mac:02010b41cdec/antenna/tag/e2806894000050038662154f, 88
1652708043.221776, sdrt-health/mac:02010b41cdec/antenna/tag/e2806894000050038661fd4f, 90
1652708043.221925, sdrt-health/mac:02010b41cdec/antenna/tag/e28068940000500386620d4f, 81
1652708043.236694, sdrt-health/mac:02010b41cdec/antenna/tag/e2806894000050038661fd4f, 90
1652708043.279878, sdrt-health/mac:02010b41cdec/antenna/tag/e28068940000500386620d4f, 81
1652708043.33775, sdrt-health/mac:02010b41cdec/antenna/tag/e28068940000500386620d4f, 81
1652708043.338208, sdrt-health/mac:02010b41cdec/antenna/tag/e2806894000040038662114f, 91
1652708043.400533, sdrt-health/mac:02010b41cdec/antenna/tag/e2806894000040038662114f, 88
1652708043.439333, sdrt-health/mac:02010b41cdec/antenna/tag/e2806894000040038661f94f, 88
1652708043.478441, sdrt-health/mac:02010b41cdec/antenna/tag/e2806894000050038661fd4f, 83
1652708043.519145, sdrt-health/mac:02010b41cdec/antenna/tag/e2806894000050038661fd4f, 83
1652708043.559208, sdrt-health/mac:02010b41cdec/antenna/tag/e2806894000050038662154f, 91
1652708043.599024, sdrt-health/mac:02010b41cdec/antenna/tag/e2806894000040038662114f, 88
1652708043.656278, sdrt-health/mac:02010b41cdec/antenna/tag/e28068940000400386621d4f, 96
1652708043.656789, sdrt-health/mac:02010b41cdec/antenna/tag/e2806894000050038661fd4f, 86
1652708043.679606, sdrt-health/mac:02010b41cdec/antenna/tag/e28068940000500386620d4f, 83
1652708043.707508, sdrt-health/mac:02010b41cdec/antenna/tag/e2806894000050038662194f, 88
1652708043.707859, sdrt-health/mac:02010b41cdec/antenna/tag/e2806894000050038662154f, 88
1652708043.723192, sdrt-health/mac:02010b41cdec/antenna/tag/e2806894000050038661fd4f, 83
1652708043.839743, sdrt-health/mac:02010b41cdec/antenna/tag/e2806894000050038661fd4f, 86
1652708043.919135, sdrt-health/mac:02010b41cdec/antenna/tag/e2806894000040038662214f, 81
1652708043.987748, sdrt-health/mac:02010b41cdec/antenna/tag/e2806894000040038662214f, 88
1652708044.030086, sdrt-health/mac:02010b41cdec/antenna/tag/e2806894000040038661f94f, 110
1652708044.030421, sdrt-health/mac:02010b41cdec/antenna/tag/e2806894000040038662114f, 91
1652708044.069769, sdrt-health/mac:02010b41cdec/antenna/tag/e2806894000050038661fd4f, 86
1652708044.108548, sdrt-health/mac:02010b41cdec/antenna/tag/e2806894000050038662194f, 83
1652708044.148979, sdrt-health/mac:02010b41cdec/antenna/tag/e2806894000050038662154f, 88
1652708044.189654, sdrt-health/mac:02010b41cdec/antenna/tag/e2806894000050038662194f, 88
1652708044.229412, sdrt-health/mac:02010b41cdec/antenna/tag/e2806894000050038662154f, 88
1652708044.270368, sdrt-health/mac:02010b41cdec/antenna/tag/e2806894000040038662214f, 82
1652708044.350313, sdrt-health/mac:02010b41cdec/antenna/tag/e28068940000400386621d4f, 77
1652708044.350764, sdrt-health/mac:02010b41cdec/antenna/tag/e2806894000050038662154f, 91
1652708044.370578, sdrt-health/mac:02010b41cdec/antenna/tag/e2806894000040038662114f, 88
1652708044.427733, sdrt-health/mac:02010b41cdec/antenna/tag/e28068940000500386620d4f, 93
1652708044.428247, sdrt-health/mac:02010b41cdec/antenna/tag/e28068940000400386621d4f, 90
1652708044.459132, sdrt-health/mac:02010b41cdec/antenna/tag/e2806894000050038661fd4f, 90
1652708044.488308, sdrt-health/mac:02010b41cdec/antenna/tag/e2806894000050038662194f, 81
1652708044.488606, sdrt-health/mac:02010b41cdec/antenna/tag/e28068940000500386620d4f, 81
1652708044.488877, sdrt-health/mac:02010b41cdec/antenna/tag/e28068940000500386620d4f, 81
1652708044.50236, sdrt-health/mac:02010b41cdec/antenna/tag/e28068940000400386621d4f, 96
1652708044.547538, sdrt-health/mac:02010b41cdec/antenna/tag/e2806894000050038662154f, 91
1652708044.589241, sdrt-health/mac:02010b41cdec/antenna/tag/e2806894000050038662154f, 88
1652708044.628914, sdrt-health/mac:02010b41cdec/antenna/tag/e28068940000400386621d4f, 77
1652708044.669917, sdrt-health/mac:02010b41cdec/antenna/tag/e28068940000500386620d4f, 83
1652708044.710186, sdrt-health/mac:02010b41cdec/antenna/tag/e28068940000400386621d4f, 96
1652708044.763753, sdrt-health/mac:02010b41cdec/antenna/tag/e2806894000040038662054f, 88
1652708044.764298, sdrt-health/mac:02010b41cdec/antenna/tag/e2806894000050038662154f, 88
1652708044.829573, sdrt-health/mac:02010b41cdec/antenna/tag/e28068940000400386621d4f, 90
1652708044.869699, sdrt-health/mac:02010b41cdec/antenna/tag/e2806894000050038662154f, 88
1652708044.932503, sdrt-health/mac:02010b41cdec/antenna/tag/e2806894000050038661fd4f, 86
1652708044.932994, sdrt-health/mac:02010b41cdec/antenna/tag/e2806894000050038662194f, 88
1652708044.946806, sdrt-health/mac:02010b41cdec/antenna/tag/e2806894000050038662154f, 91
1652708044.958303, sdrt-health/mac:02010b41cdec/antenna/tag/e2806894000040038661f94f, 88
1652708044.997642, sdrt-health/mac:02010b41cdec/antenna/tag/e2806894000050038661fd4f, 83
1652708045.053321, sdrt-health/mac:02010b41cdec/antenna/tag/e28068940000400386621d4f, 96
1652708045.053815, sdrt-health/mac:02010b41cdec/antenna/tag/e2806894000050038662154f, 91
1652708045.067476, sdrt-health/mac:02010b41cdec/antenna/tag/e2806894000050038662194f, 81
1652708045.083088, sdrt-health/mac:02010b41cdec/antenna/tag/e2806894000040038662114f, 91
1652708045.118574, sdrt-health/mac:02010b41cdec/antenna/tag/e2806894000040038661f94f, 84
1652708045.160811, sdrt-health/mac:02010b41cdec/antenna/tag/e2806894000040038662114f, 91
1652708045.232338, sdrt-health/mac:02010b41cdec/antenna/tag/e2806894000050038661fd4f, 83
1652708045.232817, sdrt-health/mac:02010b41cdec/antenna/tag/e28068940000500386620d4f, 83
1652708045.246745, sdrt-health/mac:02010b41cdec/antenna/tag/e2806894000040038662114f, 88
1652708045.279129, sdrt-health/mac:02010b41cdec/antenna/tag/e2806894000050038661fd4f, 83
1652708045.336943, sdrt-health/mac:02010b41cdec/antenna/tag/e28068940000500386620d4f, 87
1652708045.337405, sdrt-health/mac:02010b41cdec/antenna/tag/e28068940000400386621d4f, 96
1652708045.359366, sdrt-health/mac:02010b41cdec/antenna/tag/e2806894000050038661fd4f, 86
1652708045.413937, sdrt-health/mac:02010b41cdec/antenna/tag/e2806894000040038662114f, 85
1652708045.414406, sdrt-health/mac:02010b41cdec/antenna/tag/e2806894000050038661fd4f, 86
1652708045.428164, sdrt-health/mac:02010b41cdec/antenna/tag/e2806894000050038662154f, 88
1652708045.439353, sdrt-health/mac:02010b41cdec/antenna/tag/e2806894000050038662154f, 91
1652708045.442329, sdrt-health/mac:02010b41cdec/antenna/tag/e2806894000050038661fd4f, 86
1652708045.442839, sdrt-health/mac:02010b41cdec/antenna/tag/e2806894000050038662154f, 91
1652708045.481915, sdrt-health/mac:02010b41cdec/antenna/tag/e2806894000040038661f94f, 94
1652708045.519724, sdrt-health/mac:02010b41cdec/antenna/tag/e2806894000050038662194f, 81
1652708045.551244, sdrt-health/mac:02010b41cdec/antenna/tag/e2806894000050038662154f, 88
1652708045.551706, sdrt-health/mac:02010b41cdec/antenna/tag/e28068940000500386620d4f, 87
1652708045.551997, sdrt-health/mac:02010b41cdec/antenna/tag/e2806894000040038661f94f, 94
1652708045.610334, sdrt-health/mac:02010b41cdec/antenna/tag/e28068940000500386620d4f, 94
1652708045.680248, sdrt-health/mac:02010b41cdec/antenna/tag/e2806894000040038662114f, 91
1652708045.728232, sdrt-health/mac:02010b41cdec/antenna/tag/e28068940000400386621d4f, 96
1652708045.783326, sdrt-health/mac:02010b41cdec/antenna/tag/e2806894000050038662154f, 91
1652708045.783835, sdrt-health/mac:02010b41cdec/antenna/tag/e2806894000050038662154f, 88
1652708045.861105, sdrt-health/mac:02010b41cdec/antenna/tag/e2806894000050038662194f, 81
1652708045.929332, sdrt-health/mac:02010b41cdec/antenna/tag/e28068940000500386620d4f, 87
1652708045.983795, sdrt-health/mac:02010b41cdec/antenna/tag/e2806894000050038662194f, 83
1652708045.984246, sdrt-health/mac:02010b41cdec/antenna/tag/e2806894000050038662154f, 88
1652708045.999522, sdrt-health/mac:02010b41cdec/antenna/tag/e2806894000040038662114f, 97
1652708046.008896, sdrt-health/mac:02010b41cdec/antenna/tag/e2806894000040038662114f, 91
1652708046.04901, sdrt-health/mac:02010b41cdec/antenna/tag/e28068940000400386621d4f, 96
1652708046.091209, sdrt-health/mac:02010b41cdec/antenna/tag/e28068940000500386620d4f, 94
1652708046.130052, sdrt-health/mac:02010b41cdec/antenna/tag/e28068940000500386620d4f, 87
1652708046.225795, sdrt-health/mac:02010b41cdec/antenna/tag/e2806894000050038661fd4f, 83
1652708046.226341, sdrt-health/mac:02010b41cdec/antenna/tag/e2806894000040038662114f, 91
1652708046.24902, sdrt-health/mac:02010b41cdec/antenna/tag/e2806894000050038661fd4f, 90
1652708046.290042, sdrt-health/mac:02010b41cdec/antenna/tag/e28068940000400386621d4f, 77
1652708046.292627, sdrt-health/mac:02010b41cdec/antenna/tag/e28068940000400386621d4f, 96
1652708046.330678, sdrt-health/mac:02010b41cdec/antenna/tag/e2806894000050038661fd4f, 86
1652708046.368272, sdrt-health/mac:02010b41cdec/antenna/tag/e2806894000040038662114f, 85
1652708046.409425, sdrt-health/mac:02010b41cdec/antenna/tag/e28068940000500386620d4f, 87
1652708046.465623, sdrt-health/mac:02010b41cdec/antenna/tag/e2806894000040038662114f, 91
1652708046.46604, sdrt-health/mac:02010b41cdec/antenna/tag/e28068940000500386620d4f, 81
1652708046.484393, sdrt-health/mac:02010b41cdec/antenna/tag/e2806894000050038661fd4f, 90
1652708046.519564, sdrt-health/mac:02010b41cdec/antenna/tag/e28068940000500386620d4f, 81
1652708046.56007, sdrt-health/mac:02010b41cdec/antenna/tag/e2806894000040038662114f, 88
1652708046.617565, sdrt-health/mac:02010b41cdec/antenna/tag/e28068940000400386621d4f, 96
1652708046.618106, sdrt-health/mac:02010b41cdec/antenna/tag/e2806894000050038661fd4f, 83
1652708046.670847, sdrt-health/mac:02010b41cdec/antenna/tag/e28068940000500386620d4f, 94
1652708046.699184, sdrt-health/mac:02010b41cdec/antenna/tag/e28068940000500386620d4f, 81
1652708046.699578, sdrt-health/mac:02010b41cdec/antenna/tag/e2806894000050038661fd4f, 90
1652708046.713679, sdrt-health/mac:02010b41cdec/antenna/tag/e28068940000400386621d4f, 96
1652708046.714088, sdrt-health/mac:02010b41cdec/antenna/tag/e28068940000500386620d4f, 81
1652708046.749766, sdrt-health/mac:02010b41cdec/antenna/tag/e2806894000050038661fd4f, 86
1652708046.809265, sdrt-health/mac:02010b41cdec/antenna/tag/e2806894000050038662154f, 91
1652708046.849248, sdrt-health/mac:02010b41cdec/antenna/tag/e2806894000040038662114f, 91
1652708046.891332, sdrt-health/mac:02010b41cdec/antenna/tag/e28068940000400386621d4f, 96
1652708046.930785, sdrt-health/mac:02010b41cdec/antenna/tag/e28068940000400386621d4f, 96
1652708046.969558, sdrt-health/mac:02010b41cdec/antenna/tag/e2806894000040038662114f, 85
1652708047.024175, sdrt-health/mac:02010b41cdec/antenna/tag/e28068940000500386620d4f, 83
1652708047.02459, sdrt-health/mac:02010b41cdec/antenna/tag/e2806894000040038662114f, 91
1652708047.049255, sdrt-health/mac:02010b41cdec/antenna/tag/e2806894000050038662154f, 85
1652708047.089822, sdrt-health/mac:02010b41cdec/antenna/tag/e28068940000500386620d4f, 81
1652708047.118121, sdrt-health/mac:02010b41cdec/antenna/tag/e2806894000050038662154f, 85
1652708047.118579, sdrt-health/mac:02010b41cdec/antenna/tag/e28068940000400386621d4f, 96
1652708047.132953, sdrt-health/mac:02010b41cdec/antenna/tag/e2806894000040038662214f, 84
1652708047.133128, sdrt-health/mac:02010b41cdec/antenna/tag/e2806894000040038661f94f, 81
1652708047.133284, sdrt-health/mac:02010b41cdec/antenna/tag/e28068940000500386620d4f, 81
1652708047.189397, sdrt-health/mac:02010b41cdec/antenna/tag/e2806894000040038662114f, 88
1652708047.234876, sdrt-health/mac:02010b41cdec/antenna/tag/e28068940000400386621d4f, 96
1652708047.269669, sdrt-health/mac:02010b41cdec/antenna/tag/e2806894000050038662154f, 91
1652708047.332911, sdrt-health/mac:02010b41cdec/antenna/tag/e2806894000040038662114f, 88
1652708047.333374, sdrt-health/mac:02010b41cdec/antenna/tag/e28068940000500386620d4f, 87
1652708047.349905, sdrt-health/mac:02010b41cdec/antenna/tag/e2806894000050038661fd4f, 86
1652708047.359436, sdrt-health/mac:02010b41cdec/antenna/tag/e2806894000050038661fd4f, 86
1652708047.364767, sdrt-health/mac:02010b41cdec/antenna/tag/e2806894000050038662154f, 91
1652708047.40209, sdrt-health/mac:02010b41cdec/antenna/tag/e28068940000400386621d4f, 96
1652708047.455609, sdrt-health/mac:02010b41cdec/antenna/tag/e28068940000500386620d4f, 81
1652708047.456208, sdrt-health/mac:02010b41cdec/antenna/tag/e28068940000500386620d4f, 81
1652708047.479884, sdrt-health/mac:02010b41cdec/antenna/tag/e2806894000050038661fd4f, 86
1652708047.521078, sdrt-health/mac:02010b41cdec/antenna/tag/e2806894000050038661fd4f, 86
1652708047.569242, sdrt-health/mac:02010b41cdec/antenna/tag/e2806894000050038662154f, 88
1652708047.610565, sdrt-health/mac:02010b41cdec/antenna/tag/e28068940000400386621d4f, 96
1652708047.649586, sdrt-health/mac:02010b41cdec/antenna/tag/e2806894000050038661fd4f, 83
1652708047.707863, sdrt-health/mac:02010b41cdec/antenna/tag/e2806894000050038662154f, 85
1652708047.70834, sdrt-health/mac:02010b41cdec/antenna/tag/e28068940000400386621d4f, 77
1652708047.769924, sdrt-health/mac:02010b41cdec/antenna/tag/e2806894000050038661fd4f, 86
1652708047.810723, sdrt-health/mac:02010b41cdec/antenna/tag/e2806894000050038662154f, 91
1652708047.84874, sdrt-health/mac:02010b41cdec/antenna/tag/e2806894000050038661fd4f, 86
1652708047.899525, sdrt-health/mac:02010b41cdec/antenna/tag/e28068940000400386621d4f, 96
1652708047.95832, sdrt-health/mac:02010b41cdec/antenna/tag/e2806894000050038662154f, 97
1652708047.958828, sdrt-health/mac:02010b41cdec/antenna/tag/e2806894000050038662194f, 83
1652708048.019359, sdrt-health/mac:02010b41cdec/antenna/tag/e2806894000040038662214f, 81
1652708048.059257, sdrt-health/mac:02010b41cdec/antenna/tag/e2806894000050038662194f, 81
1652708048.100187, sdrt-health/mac:02010b41cdec/antenna/tag/e2806894000050038662194f, 83
1652708048.139225, sdrt-health/mac:02010b41cdec/antenna/tag/e2806894000050038662194f, 81
1652708048.168018, sdrt-health/mac:02010b41cdec/antenna/tag/e2806894000050038662154f, 97
1652708048.168303, sdrt-health/mac:02010b41cdec/antenna/tag/e2806894000040038662114f, 85
1652708048.182721, sdrt-health/mac:02010b41cdec/antenna/tag/e2806894000040038662114f, 91
1652708048.22007, sdrt-health/mac:02010b41cdec/antenna/tag/e2806894000040038661f94f, 88
1652708048.270849, sdrt-health/mac:02010b41cdec/antenna/tag/e2806894000050038661fd4f, 90
1652708048.334441, sdrt-health/mac:02010b41cdec/antenna/tag/e28068940000500386620d4f, 81
1652708048.33492, sdrt-health/mac:02010b41cdec/antenna/tag/e2806894000050038661fd4f, 86
1652708048.347442, sdrt-health/mac:02010b41cdec/antenna/tag/e2806894000050038662154f, 88
1652708048.347711, sdrt-health/mac:02010b41cdec/antenna/tag/e2806894000040038662114f, 88
1652708048.359237, sdrt-health/mac:02010b41cdec/antenna/tag/e28068940000400386621d4f, 96
1652708048.399756, sdrt-health/mac:02010b41cdec/antenna/tag/e2806894000050038661fd4f, 86
1652708048.457476, sdrt-health/mac:02010b41cdec/antenna/tag/e2806894000050038662154f, 91
1652708048.458062, sdrt-health/mac:02010b41cdec/antenna/tag/e28068940000500386620d4f, 94
1652708048.479786, sdrt-health/mac:02010b41cdec/antenna/tag/e2806894000040038661f94f, 82
1652708048.520721, sdrt-health/mac:02010b41cdec/antenna/tag/e2806894000050038662154f, 88
1652708048.57451, sdrt-health/mac:02010b41cdec/antenna/tag/e2806894000050038661fd4f, 83
1652708048.574957, sdrt-health/mac:02010b41cdec/antenna/tag/e28068940000400386621d4f, 96
1652708048.588036, sdrt-health/mac:02010b41cdec/antenna/tag/e28068940000500386620d4f, 87
1652708048.599055, sdrt-health/mac:02010b41cdec/antenna/tag/e2806894000050038662154f, 88
1652708048.63912, sdrt-health/mac:02010b41cdec/antenna/tag/e2806894000040038662054f, 81
1652708048.639521, sdrt-health/mac:02010b41cdec/antenna/tag/e2806894000050038661fd4f, 86
1652708048.694895, sdrt-health/mac:02010b41cdec/antenna/tag/e28068940000400386621d4f, 96
1652708048.695407, sdrt-health/mac:02010b41cdec/antenna/tag/e28068940000500386620d4f, 83
1652708048.710392, sdrt-health/mac:02010b41cdec/antenna/tag/e2806894000050038661fd4f, 90
1652708048.731635, sdrt-health/mac:02010b41cdec/antenna/tag/e2806894000040038662054f, 94
1652708048.769253, sdrt-health/mac:02010b41cdec/antenna/tag/e2806894000050038662154f, 91
1652708048.809101, sdrt-health/mac:02010b41cdec/antenna/tag/e28068940000500386620d4f, 83
1652708048.890739, sdrt-health/mac:02010b41cdec/antenna/tag/e2806894000050038662194f, 94
1652708048.929731, sdrt-health/mac:02010b41cdec/antenna/tag/e28068940000500386620d4f, 81
1652708048.930209, sdrt-health/mac:02010b41cdec/antenna/tag/e2806894000040038662114f, 85
1652708048.99148, sdrt-health/mac:02010b41cdec/antenna/tag/e2806894000050038661fd4f, 86
1652708049.0416, sdrt-health/mac:02010b41cdec/antenna/tag/e2806894000040038662114f, 85
1652708049.078912, sdrt-health/mac:02010b41cdec/antenna/tag/e2806894000050038662194f, 81
1652708049.119668, sdrt-health/mac:02010b41cdec/antenna/tag/e2806894000040038662114f, 85
1652708049.159049, sdrt-health/mac:02010b41cdec/antenna/tag/e2806894000050038662194f, 81
1652708049.200223, sdrt-health/mac:02010b41cdec/antenna/tag/e28068940000400386621d4f, 77
1652708049.259506, sdrt-health/mac:02010b41cdec/antenna/tag/e2806894000040038661f94f, 82
1652708049.300286, sdrt-health/mac:02010b41cdec/antenna/tag/e28068940000400386621d4f, 96
1652708049.36075, sdrt-health/mac:02010b41cdec/antenna/tag/e2806894000050038662154f, 91
1652708049.361207, sdrt-health/mac:02010b41cdec/antenna/tag/e28068940000400386621d4f, 96
1652708049.375693, sdrt-health/mac:02010b41cdec/antenna/tag/e2806894000040038662114f, 88
1652708049.40827, sdrt-health/mac:02010b41cdec/antenna/tag/e2806894000050038662154f, 91
1652708049.463239, sdrt-health/mac:02010b41cdec/antenna/tag/e28068940000400386621d4f, 96
1652708049.463658, sdrt-health/mac:02010b41cdec/antenna/tag/e2806894000040038662114f, 91
1652708049.47707, sdrt-health/mac:02010b41cdec/antenna/tag/e2806894000050038662194f, 81
1652708049.48942, sdrt-health/mac:02010b41cdec/antenna/tag/e2806894000040038662114f, 91
1652708049.560464, sdrt-health/mac:02010b41cdec/antenna/tag/e2806894000050038661fd4f, 86
1652708049.599265, sdrt-health/mac:02010b41cdec/antenna/tag/e28068940000500386620d4f, 83
1652708049.66817, sdrt-health/mac:02010b41cdec/antenna/tag/e28068940000500386620d4f, 83
1652708049.668618, sdrt-health/mac:02010b41cdec/antenna/tag/e2806894000050038662154f, 91
1652708049.690188, sdrt-health/mac:02010b41cdec/antenna/tag/e28068940000400386621d4f, 96
1652708049.751142, sdrt-health/mac:02010b41cdec/antenna/tag/e2806894000050038661fd4f, 86
1652708049.751581, sdrt-health/mac:02010b41cdec/antenna/tag/e2806894000050038662194f, 81
1652708049.778597, sdrt-health/mac:02010b41cdec/antenna/tag/e2806894000040038661f94f, 94
1652708049.832532, sdrt-health/mac:02010b41cdec/antenna/tag/e2806894000040038662114f, 91
1652708049.832977, sdrt-health/mac:02010b41cdec/antenna/tag/e28068940000400386621d4f, 96
1652708049.847237, sdrt-health/mac:02010b41cdec/antenna/tag/e2806894000040038662114f, 91
1652708049.865965, sdrt-health/mac:02010b41cdec/antenna/tag/e28068940000500386620d4f, 81
1652708049.925813, sdrt-health/mac:02010b41cdec/antenna/tag/e28068940000400386621d4f, 96
1652708049.926382, sdrt-health/mac:02010b41cdec/antenna/tag/e2806894000040038661f94f, 82
1652708049.949336, sdrt-health/mac:02010b41cdec/antenna/tag/e2806894000040038662114f, 88
1652708049.950275, sdrt-health/mac:02010b41cdec/antenna/tag/e2806894000050038661fd4f, 83
1652708049.990169, sdrt-health/mac:02010b41cdec/antenna/tag/e28068940000400386621d4f, 96
1652708050.039989, sdrt-health/mac:02010b41cdec/antenna/tag/e28068940000500386620d4f, 81
1652708050.094028, sdrt-health/mac:02010b41cdec/antenna/tag/e2806894000040038662114f, 88
1652708050.094476, sdrt-health/mac:02010b41cdec/antenna/tag/e28068940000400386621d4f, 96
1652708050.108487, sdrt-health/mac:02010b41cdec/antenna/tag/e28068940000400386621d4f, 96
1652708050.129803, sdrt-health/mac:02010b41cdec/antenna/tag/e2806894000050038662194f, 87
1652708050.182695, sdrt-health/mac:02010b41cdec/antenna/tag/e28068940000500386620d4f, 81
1652708050.183123, sdrt-health/mac:02010b41cdec/antenna/tag/e2806894000040038662214f, 81
1652708050.197302, sdrt-health/mac:02010b41cdec/antenna/tag/e28068940000500386620d4f, 81
1652708050.209595, sdrt-health/mac:02010b41cdec/antenna/tag/e28068940000400386621d4f, 96
1652708050.25055, sdrt-health/mac:02010b41cdec/antenna/tag/e2806894000050038661fd4f, 83
1652708050.305019, sdrt-health/mac:02010b41cdec/antenna/tag/e28068940000500386620d4f, 88
1652708050.305561, sdrt-health/mac:02010b41cdec/antenna/tag/e2806894000040038662114f, 88
1652708050.305934, sdrt-health/mac:02010b41cdec/antenna/tag/e28068940000500386620d4f, 87
1652708050.32914, sdrt-health/mac:02010b41cdec/antenna/tag/e2806894000050038662154f, 85
1652708050.359364, sdrt-health/mac:02010b41cdec/antenna/tag/e2806894000040038661f94f, 81
1652708050.359711, sdrt-health/mac:02010b41cdec/antenna/tag/e2806894000050038662154f, 88
1652708050.372124, sdrt-health/mac:02010b41cdec/antenna/tag/e2806894000040038661f94f, 82
1652708050.372306, sdrt-health/mac:02010b41cdec/antenna/tag/e2806894000040038662114f, 85
1652708050.43091, sdrt-health/mac:02010b41cdec/antenna/tag/e28068940000400386621d4f, 77
1652708050.472748, sdrt-health/mac:02010b41cdec/antenna/tag/e2806894000040038662214f, 84
1652708050.526377, sdrt-health/mac:02010b41cdec/antenna/tag/e2806894000040038661f94f, 84
1652708050.526984, sdrt-health/mac:02010b41cdec/antenna/tag/e2806894000040038662214f, 94
1652708050.560469, sdrt-health/mac:02010b41cdec/antenna/tag/e2806894000050038662154f, 88
1652708050.600688, sdrt-health/mac:02010b41cdec/antenna/tag/e28068940000400386621d4f, 96
1652708050.655934, sdrt-health/mac:02010b41cdec/antenna/tag/e2806894000050038662194f, 88
1652708050.65645, sdrt-health/mac:02010b41cdec/antenna/tag/e2806894000050038662194f, 87
1652708050.679059, sdrt-health/mac:02010b41cdec/antenna/tag/e28068940000500386620d4f, 83
1652708050.720139, sdrt-health/mac:02010b41cdec/antenna/tag/e2806894000040038661f94f, 82
1652708050.760193, sdrt-health/mac:02010b41cdec/antenna/tag/e28068940000500386620d4f, 83
1652708050.801187, sdrt-health/mac:02010b41cdec/antenna/tag/e2806894000050038662194f, 81
1652708050.884324, sdrt-health/mac:02010b41cdec/antenna/tag/e28068940000500386620d4f, 81
1652708050.93055, sdrt-health/mac:02010b41cdec/antenna/tag/e28068940000400386621d4f, 96
1652708051.049883, sdrt-health/mac:02010b41cdec/antenna/tag/e2806894000040038662114f, 91
1652708051.081028, sdrt-health/mac:02010b41cdec/antenna/tag/e2806894000050038662154f, 97
1652708051.081442, sdrt-health/mac:02010b41cdec/antenna/tag/e2806894000050038661fd4f, 86
1652708051.107243, sdrt-health/mac:02010b41cdec/antenna/tag/e2806894000050038662194f, 83
1652708051.140631, sdrt-health/mac:02010b41cdec/antenna/tag/e2806894000050038662194f, 81
1652708051.180436, sdrt-health/mac:02010b41cdec/antenna/tag/e2806894000050038662154f, 88
1652708051.230334, sdrt-health/mac:02010b41cdec/antenna/tag/e2806894000040038662054f, 84
1652708051.271004, sdrt-health/mac:02010b41cdec/antenna/tag/e2806894000040038662114f, 91
1652708051.339697, sdrt-health/mac:02010b41cdec/antenna/tag/e2806894000050038661fd4f, 90
1652708051.409088, sdrt-health/mac:02010b41cdec/antenna/tag/e2806894000050038662154f, 91
1652708051.409666, sdrt-health/mac:02010b41cdec/antenna/tag/e28068940000400386621d4f, 96
1652708051.424526, sdrt-health/mac:02010b41cdec/antenna/tag/e28068940000500386620d4f, 81
1652708051.425504, sdrt-health/mac:02010b41cdec/antenna/tag/e2806894000050038662194f, 83
1652708051.42609, sdrt-health/mac:02010b41cdec/antenna/tag/e2806894000050038662154f, 91
1652708051.441561, sdrt-health/mac:02010b41cdec/antenna/tag/e2806894000040038662054f, 100
1652708051.480038, sdrt-health/mac:02010b41cdec/antenna/tag/e2806894000050038662194f, 81
1652708051.535758, sdrt-health/mac:02010b41cdec/antenna/tag/e2806894000050038662154f, 91
1652708051.536311, sdrt-health/mac:02010b41cdec/antenna/tag/e2806894000040038661f94f, 94
1652708051.536702, sdrt-health/mac:02010b41cdec/antenna/tag/e2806894000040038661f94f, 84
1652708051.553228, sdrt-health/mac:02010b41cdec/antenna/tag/e2806894000050038662194f, 81
1652708051.559195, sdrt-health/mac:02010b41cdec/antenna/tag/e2806894000050038662194f, 83
1652708051.567074, sdrt-health/mac:02010b41cdec/antenna/tag/e2806894000040038661f94f, 94
1652708051.601547, sdrt-health/mac:02010b41cdec/antenna/tag/e28068940000400386621d4f, 96
1652708051.674511, sdrt-health/mac:02010b41cdec/antenna/tag/e2806894000050038661fd4f, 83
1652708051.674992, sdrt-health/mac:02010b41cdec/antenna/tag/e2806894000050038662154f, 91
1652708051.689139, sdrt-health/mac:02010b41cdec/antenna/tag/e28068940000400386621d4f, 96
1652708051.720148, sdrt-health/mac:02010b41cdec/antenna/tag/e28068940000500386620d4f, 87
1652708051.760641, sdrt-health/mac:02010b41cdec/antenna/tag/e2806894000050038661fd4f, 83
1652708051.816772, sdrt-health/mac:02010b41cdec/antenna/tag/e2806894000050038662194f, 83
1652708051.817373, sdrt-health/mac:02010b41cdec/antenna/tag/e28068940000500386620d4f, 83
1652708051.831271, sdrt-health/mac:02010b41cdec/antenna/tag/e28068940000400386621d4f, 77
1652708051.849874, sdrt-health/mac:02010b41cdec/antenna/tag/e2806894000050038662154f, 91
1652708051.891034, sdrt-health/mac:02010b41cdec/antenna/tag/e2806894000050038661fd4f, 86
1652708051.944916, sdrt-health/mac:02010b41cdec/antenna/tag/e2806894000050038662154f, 91
1652708051.945395, sdrt-health/mac:02010b41cdec/antenna/tag/e2806894000040038662114f, 85
1652708051.959934, sdrt-health/mac:02010b41cdec/antenna/tag/e28068940000400386621d4f, 96
1652708051.989061, sdrt-health/mac:02010b41cdec/antenna/tag/e2806894000040038662114f, 88
1652708051.989436, sdrt-health/mac:02010b41cdec/antenna/tag/e28068940000400386621d4f, 77
1652708052.010314, sdrt-health/mac:02010b41cdec/antenna/tag/e2806894000040038662114f, 91
1652708052.257327, sdrt-health/mac:02010b41cdec/antenna/tag/e28068940000400386621d4f, 96
1652708052.257791, sdrt-health/mac:02010b41cdec/antenna/tag/scan, scan stopped
