1652707898.665952, sdrt-health/mac:02010b41cdec/antenna/power/set, {"power": 280}
1652707899.742293, sdrt-health/mac:02010b41cdec/antenna/power/set, 
1652707903.703574, sdrt-health/mac:02010b41cdec/antenna/tag/scan, {"time": 20000}
1652707904.110481, sdrt-health/mac:02010b41cdec/antenna/tag/e28068940000400386621d4f, 96
1652707904.157162, sdrt-health/mac:02010b41cdec/antenna/tag/e2806894000040038662114f, 85
1652707904.185916, sdrt-health/mac:02010b41cdec/antenna/tag/e2806894000050038661fd4f, 86
1652707904.186261, sdrt-health/mac:02010b41cdec/antenna/tag/e2806894000050038662154f, 97
1652707904.186488, sdrt-health/mac:02010b41cdec/antenna/tag/e2806894000040038662114f, 85
1652707904.207501, sdrt-health/mac:02010b41cdec/antenna/tag/e2806894000050038661fd4f, 86
1652707904.249624, sdrt-health/mac:02010b41cdec/antenna/tag/e2806894000040038662114f, 88
1652707904.279095, sdrt-health/mac:02010b41cdec/antenna/tag/e28068940000400386621d4f, 96
1652707904.279729, sdrt-health/mac:02010b41cdec/antenna/tag/e28068940000400386621d4f, 96
1652707904.29449, sdrt-health/mac:02010b41cdec/antenna/tag/e2806894000050038661fd4f, 86
1652707904.330078, sdrt-health/mac:02010b41cdec/antenna/tag/e2806894000050038661fd4f, 86
1652707904.370285, sdrt-health/mac:02010b41cdec/antenna/tag/e2806894000050038661fd4f, 83
1652707904.419756, sdrt-health/mac:02010b41cdec/antenna/tag/e28068940000500386620d4f, 84
1652707904.48607, sdrt-health/mac:02010b41cdec/antenna/tag/e2806894000050038661fd4f, 97
1652707904.486582, sdrt-health/mac:02010b41cdec/antenna/tag/e28068940000400386621d4f, 96
1652707904.505177, sdrt-health/mac:02010b41cdec/antenna/tag/e2806894000050038662154f, 88
1652707904.513295, sdrt-health/mac:02010b41cdec/antenna/tag/e28068940000400386621d4f, 96
1652707904.551402, sdrt-health/mac:02010b41cdec/antenna/tag/e2806894000040038662114f, 88
1652707904.592167, sdrt-health/mac:02010b41cdec/antenna/tag/e2806894000050038661fd4f, 86
1652707904.671805, sdrt-health/mac:02010b41cdec/antenna/tag/e28068940000400386621d4f, 96
1652707904.672269, sdrt-health/mac:02010b41cdec/antenna/tag/e28068940000400386621d4f, 90
1652707904.692571, sdrt-health/mac:02010b41cdec/antenna/tag/e2806894000050038661fd4f, 86
1652707904.692954, sdrt-health/mac:02010b41cdec/antenna/tag/e28068940000400386621d4f, 96
1652707904.693303, sdrt-health/mac:02010b41cdec/antenna/tag/e2806894000050038662154f, 91
1652707904.710995, sdrt-health/mac:02010b41cdec/antenna/tag/e28068940000400386621d4f, 90
1652707904.765949, sdrt-health/mac:02010b41cdec/antenna/tag/e2806894000050038662154f, 88
1652707904.766557, sdrt-health/mac:02010b41cdec/antenna/tag/e2806894000050038662154f, 91
1652707904.800443, sdrt-health/mac:02010b41cdec/antenna/tag/e28068940000400386621d4f, 96
1652707904.841027, sdrt-health/mac:02010b41cdec/antenna/tag/e2806894000040038662114f, 88
1652707904.87915, sdrt-health/mac:02010b41cdec/antenna/tag/e2806894000050038662194f, 88
1652707904.92194, sdrt-health/mac:02010b41cdec/antenna/tag/e28068940000500386620d4f, 83
1652707904.960647, sdrt-health/mac:02010b41cdec/antenna/tag/e2806894000050038661fd4f, 83
1652707905.001306, sdrt-health/mac:02010b41cdec/antenna/tag/e2806894000050038662154f, 88
1652707905.042234, sdrt-health/mac:02010b41cdec/antenna/tag/e2806894000040038662114f, 88
1652707905.080646, sdrt-health/mac:02010b41cdec/antenna/tag/e28068940000400386621d4f, 90
1652707905.135689, sdrt-health/mac:02010b41cdec/antenna/tag/e2806894000050038661fd4f, 86
1652707905.135967, sdrt-health/mac:02010b41cdec/antenna/tag/e2806894000050038662154f, 88
1652707905.159323, sdrt-health/mac:02010b41cdec/antenna/tag/e2806894000050038661fd4f, 86
1652707905.215199, sdrt-health/mac:02010b41cdec/antenna/tag/e2806894000040038662114f, 88
1652707905.215685, sdrt-health/mac:02010b41cdec/antenna/tag/e28068940000400386621d4f, 90
1652707905.30936, sdrt-health/mac:02010b41cdec/antenna/tag/e2806894000050038662154f, 88
1652707905.339583, sdrt-health/mac:02010b41cdec/antenna/tag/e2806894000050038661fd4f, 86
1652707905.339917, sdrt-health/mac:02010b41cdec/antenna/tag/e2806894000050038661fd4f, 83
1652707905.340155, sdrt-health/mac:02010b41cdec/antenna/tag/e2806894000040038662114f, 85
1652707905.354208, sdrt-health/mac:02010b41cdec/antenna/tag/e2806894000050038661fd4f, 83
1652707905.354449, sdrt-health/mac:02010b41cdec/antenna/tag/e2806894000050038662154f, 85
1652707905.354604, sdrt-health/mac:02010b41cdec/antenna/tag/e28068940000500386620d4f, 81
1652707905.391831, sdrt-health/mac:02010b41cdec/antenna/tag/e28068940000500386620d4f, 81
1652707905.435045, sdrt-health/mac:02010b41cdec/antenna/tag/e2806894000040038662114f, 85
1652707905.466202, sdrt-health/mac:02010b41cdec/antenna/tag/e2806894000050038661fd4f, 83
1652707905.466577, sdrt-health/mac:02010b41cdec/antenna/tag/e28068940000500386620d4f, 81
1652707905.489883, sdrt-health/mac:02010b41cdec/antenna/tag/e2806894000050038661fd4f, 83
1652707905.542615, sdrt-health/mac:02010b41cdec/antenna/tag/e28068940000400386621d4f, 96
1652707905.579449, sdrt-health/mac:02010b41cdec/antenna/tag/e2806894000050038661fd4f, 86
1652707905.715223, sdrt-health/mac:02010b41cdec/antenna/tag/e2806894000040038662114f, 88
1652707905.749705, sdrt-health/mac:02010b41cdec/antenna/tag/e2806894000050038661fd4f, 86
1652707905.791733, sdrt-health/mac:02010b41cdec/antenna/tag/e2806894000050038662194f, 94
1652707905.852748, sdrt-health/mac:02010b41cdec/antenna/tag/e28068940000500386620d4f, 81
1652707905.90187, sdrt-health/mac:02010b41cdec/antenna/tag/e2806894000050038661fd4f, 86
1652707905.902194, sdrt-health/mac:02010b41cdec/antenna/tag/e28068940000400386621d4f, 90
1652707905.902413, sdrt-health/mac:02010b41cdec/antenna/tag/e28068940000500386620d4f, 81
1652707905.902641, sdrt-health/mac:02010b41cdec/antenna/tag/e2806894000050038662194f, 88
1652707905.915506, sdrt-health/mac:02010b41cdec/antenna/tag/e2806894000050038662194f, 94
1652707905.95748, sdrt-health/mac:02010b41cdec/antenna/tag/e28068940000500386620d4f, 81
1652707905.957779, sdrt-health/mac:02010b41cdec/antenna/tag/e2806894000050038661fd4f, 83
1652707905.971145, sdrt-health/mac:02010b41cdec/antenna/tag/e2806894000040038662114f, 88
1652707906.000449, sdrt-health/mac:02010b41cdec/antenna/tag/e2806894000040038662114f, 88
1652707906.066304, sdrt-health/mac:02010b41cdec/antenna/tag/e28068940000400386621d4f, 77
1652707906.06682, sdrt-health/mac:02010b41cdec/antenna/tag/e28068940000400386621d4f, 96
1652707906.091754, sdrt-health/mac:02010b41cdec/antenna/tag/e28068940000400386621d4f, 96
1652707906.123283, sdrt-health/mac:02010b41cdec/antenna/tag/e2806894000050038661fd4f, 86
1652707906.123521, sdrt-health/mac:02010b41cdec/antenna/tag/e2806894000040038662114f, 91
1652707906.143205, sdrt-health/mac:02010b41cdec/antenna/tag/e28068940000400386621d4f, 96
1652707906.14363, sdrt-health/mac:02010b41cdec/antenna/tag/e28068940000500386620d4f, 94
1652707906.170269, sdrt-health/mac:02010b41cdec/antenna/tag/e28068940000400386621d4f, 96
1652707906.231055, sdrt-health/mac:02010b41cdec/antenna/tag/e2806894000040038662114f, 88
1652707906.270828, sdrt-health/mac:02010b41cdec/antenna/tag/e28068940000400386621d4f, 96
1652707906.326457, sdrt-health/mac:02010b41cdec/antenna/tag/e2806894000040038662114f, 88
1652707906.327021, sdrt-health/mac:02010b41cdec/antenna/tag/e28068940000400386621d4f, 90
1652707906.340733, sdrt-health/mac:02010b41cdec/antenna/tag/e2806894000040038662054f, 88
1652707906.35708, sdrt-health/mac:02010b41cdec/antenna/tag/e2806894000050038661fd4f, 86
1652707906.455687, sdrt-health/mac:02010b41cdec/antenna/tag/e2806894000050038662154f, 88
1652707906.456193, sdrt-health/mac:02010b41cdec/antenna/tag/e2806894000050038661fd4f, 83
1652707906.480165, sdrt-health/mac:02010b41cdec/antenna/tag/e28068940000400386621d4f, 96
1652707906.537058, sdrt-health/mac:02010b41cdec/antenna/tag/e2806894000040038662114f, 91
1652707906.537592, sdrt-health/mac:02010b41cdec/antenna/tag/e28068940000400386621d4f, 90
1652707906.561529, sdrt-health/mac:02010b41cdec/antenna/tag/e2806894000050038661fd4f, 83
1652707906.600575, sdrt-health/mac:02010b41cdec/antenna/tag/e2806894000050038661fd4f, 83
1652707906.639113, sdrt-health/mac:02010b41cdec/antenna/tag/e2806894000050038661fd4f, 83
1652707906.690834, sdrt-health/mac:02010b41cdec/antenna/tag/e2806894000050038662194f, 81
1652707906.730087, sdrt-health/mac:02010b41cdec/antenna/tag/e28068940000500386620d4f, 81
1652707906.7847, sdrt-health/mac:02010b41cdec/antenna/tag/e2806894000040038662114f, 85
1652707906.785158, sdrt-health/mac:02010b41cdec/antenna/tag/e2806894000050038661fd4f, 97
1652707906.820098, sdrt-health/mac:02010b41cdec/antenna/tag/e28068940000400386621d4f, 96
1652707906.85928, sdrt-health/mac:02010b41cdec/antenna/tag/e28068940000400386621d4f, 77
1652707906.860544, sdrt-health/mac:02010b41cdec/antenna/tag/e2806894000040038662114f, 88
1652707906.876096, sdrt-health/mac:02010b41cdec/antenna/tag/e2806894000050038662154f, 85
1652707906.900094, sdrt-health/mac:02010b41cdec/antenna/tag/e2806894000050038662194f, 94
1652707906.955576, sdrt-health/mac:02010b41cdec/antenna/tag/e2806894000050038662194f, 94
1652707906.956025, sdrt-health/mac:02010b41cdec/antenna/tag/e2806894000050038662154f, 93
1652707907.023213, sdrt-health/mac:02010b41cdec/antenna/tag/e2806894000040038662114f, 85
1652707907.067801, sdrt-health/mac:02010b41cdec/antenna/tag/e2806894000050038662154f, 91
1652707907.109977, sdrt-health/mac:02010b41cdec/antenna/tag/e2806894000050038661fd4f, 86
1652707907.144625, sdrt-health/mac:02010b41cdec/antenna/tag/e28068940000400386621d4f, 77
1652707907.144975, sdrt-health/mac:02010b41cdec/antenna/tag/e2806894000050038662194f, 81
1652707907.15934, sdrt-health/mac:02010b41cdec/antenna/tag/e2806894000050038662154f, 85
1652707907.15956, sdrt-health/mac:02010b41cdec/antenna/tag/e2806894000050038662154f, 85
1652707907.188855, sdrt-health/mac:02010b41cdec/antenna/tag/e28068940000400386621d4f, 96
1652707907.231549, sdrt-health/mac:02010b41cdec/antenna/tag/e2806894000050038661fd4f, 86
1652707907.286434, sdrt-health/mac:02010b41cdec/antenna/tag/e2806894000040038662114f, 91
1652707907.286919, sdrt-health/mac:02010b41cdec/antenna/tag/e28068940000400386621d4f, 90
1652707907.308787, sdrt-health/mac:02010b41cdec/antenna/tag/e2806894000050038662154f, 88
1652707907.323645, sdrt-health/mac:02010b41cdec/antenna/tag/e28068940000400386621d4f, 90
1652707907.324649, sdrt-health/mac:02010b41cdec/antenna/tag/e2806894000050038661fd4f, 83
1652707907.369225, sdrt-health/mac:02010b41cdec/antenna/tag/e2806894000050038662154f, 88
1652707907.409755, sdrt-health/mac:02010b41cdec/antenna/tag/e2806894000050038661fd4f, 86
1652707907.465955, sdrt-health/mac:02010b41cdec/antenna/tag/e2806894000050038661fd4f, 86
1652707907.466466, sdrt-health/mac:02010b41cdec/antenna/tag/e2806894000050038662194f, 94
1652707907.491117, sdrt-health/mac:02010b41cdec/antenna/tag/e2806894000040038662114f, 85
1652707907.544763, sdrt-health/mac:02010b41cdec/antenna/tag/e28068940000500386620d4f, 81
1652707907.545263, sdrt-health/mac:02010b41cdec/antenna/tag/e2806894000040038662114f, 88
1652707907.559912, sdrt-health/mac:02010b41cdec/antenna/tag/e2806894000040038662114f, 85
1652707907.571308, sdrt-health/mac:02010b41cdec/antenna/tag/e28068940000400386621d4f, 77
1652707907.610231, sdrt-health/mac:02010b41cdec/antenna/tag/e28068940000400386621d4f, 90
1652707907.68336, sdrt-health/mac:02010b41cdec/antenna/tag/e2806894000050038661fd4f, 86
1652707907.72022, sdrt-health/mac:02010b41cdec/antenna/tag/e2806894000050038661fd4f, 86
1652707907.760578, sdrt-health/mac:02010b41cdec/antenna/tag/e28068940000400386621d4f, 90
1652707907.822084, sdrt-health/mac:02010b41cdec/antenna/tag/e2806894000050038661fd4f, 86
1652707907.82256, sdrt-health/mac:02010b41cdec/antenna/tag/e28068940000400386621d4f, 90
1652707907.836191, sdrt-health/mac:02010b41cdec/antenna/tag/e2806894000040038662114f, 91
1652707907.864406, sdrt-health/mac:02010b41cdec/antenna/tag/e28068940000400386621d4f, 90
1652707907.864851, sdrt-health/mac:02010b41cdec/antenna/tag/e2806894000050038662154f, 88
1652707907.865119, sdrt-health/mac:02010b41cdec/antenna/tag/e2806894000050038662154f, 88
1652707907.890782, sdrt-health/mac:02010b41cdec/antenna/tag/e2806894000050038662154f, 88
1652707907.920959, sdrt-health/mac:02010b41cdec/antenna/tag/e2806894000040038662114f, 88
1652707907.921199, sdrt-health/mac:02010b41cdec/antenna/tag/e2806894000050038661fd4f, 83
1652707907.935704, sdrt-health/mac:02010b41cdec/antenna/tag/e28068940000400386621d4f, 96
1652707907.971182, sdrt-health/mac:02010b41cdec/antenna/tag/e2806894000040038662114f, 88
1652707908.027512, sdrt-health/mac:02010b41cdec/antenna/tag/e2806894000040038662114f, 88
1652707908.028078, sdrt-health/mac:02010b41cdec/antenna/tag/e2806894000040038662114f, 88
1652707908.045027, sdrt-health/mac:02010b41cdec/antenna/tag/e2806894000050038661fd4f, 83
1652707908.050208, sdrt-health/mac:02010b41cdec/antenna/tag/e2806894000040038662114f, 88
1652707908.062783, sdrt-health/mac:02010b41cdec/antenna/tag/e28068940000400386621d4f, 96
1652707908.090082, sdrt-health/mac:02010b41cdec/antenna/tag/e2806894000050038661fd4f, 83
1652707908.167112, sdrt-health/mac:02010b41cdec/antenna/tag/e28068940000500386620d4f, 87
1652707908.167726, sdrt-health/mac:02010b41cdec/antenna/tag/e28068940000400386621d4f, 96
1652707908.168375, sdrt-health/mac:02010b41cdec/antenna/tag/e28068940000400386621d4f, 96
1652707908.188339, sdrt-health/mac:02010b41cdec/antenna/tag/e28068940000400386621d4f, 96
1652707908.188542, sdrt-health/mac:02010b41cdec/antenna/tag/e2806894000050038662154f, 85
1652707908.219842, sdrt-health/mac:02010b41cdec/antenna/tag/e2806894000050038662194f, 88
1652707908.260675, sdrt-health/mac:02010b41cdec/antenna/tag/e2806894000050038662154f, 91
1652707908.300618, sdrt-health/mac:02010b41cdec/antenna/tag/e2806894000050038661fd4f, 83
1652707908.357003, sdrt-health/mac:02010b41cdec/antenna/tag/e2806894000040038662114f, 85
1652707908.357456, sdrt-health/mac:02010b41cdec/antenna/tag/e2806894000050038662154f, 88
1652707908.38222, sdrt-health/mac:02010b41cdec/antenna/tag/e2806894000040038662114f, 88
1652707908.435794, sdrt-health/mac:02010b41cdec/antenna/tag/e28068940000400386621d4f, 96
1652707908.436265, sdrt-health/mac:02010b41cdec/antenna/tag/e2806894000050038662154f, 85
1652707908.4597, sdrt-health/mac:02010b41cdec/antenna/tag/e2806894000050038662154f, 85
1652707908.537537, sdrt-health/mac:02010b41cdec/antenna/tag/e2806894000040038662114f, 88
1652707908.580858, sdrt-health/mac:02010b41cdec/antenna/tag/e2806894000050038662154f, 91
1652707908.636773, sdrt-health/mac:02010b41cdec/antenna/tag/e2806894000050038662154f, 88
1652707908.637188, sdrt-health/mac:02010b41cdec/antenna/tag/e28068940000400386621d4f, 96
1652707908.651048, sdrt-health/mac:02010b41cdec/antenna/tag/e2806894000050038661fd4f, 90
1652707908.659622, sdrt-health/mac:02010b41cdec/antenna/tag/e28068940000400386621d4f, 90
1652707908.667487, sdrt-health/mac:02010b41cdec/antenna/tag/e2806894000040038662114f, 91
1652707908.726633, sdrt-health/mac:02010b41cdec/antenna/tag/e2806894000040038662114f, 97
1652707908.770205, sdrt-health/mac:02010b41cdec/antenna/tag/e28068940000500386620d4f, 81
1652707908.824983, sdrt-health/mac:02010b41cdec/antenna/tag/e28068940000500386620d4f, 94
1652707908.866486, sdrt-health/mac:02010b41cdec/antenna/tag/e28068940000400386621d4f, 96
1652707908.866697, sdrt-health/mac:02010b41cdec/antenna/tag/e28068940000500386620d4f, 81
1652707908.866839, sdrt-health/mac:02010b41cdec/antenna/tag/e28068940000500386620d4f, 94
1652707908.88091, sdrt-health/mac:02010b41cdec/antenna/tag/e28068940000400386621d4f, 96
1652707908.901362, sdrt-health/mac:02010b41cdec/antenna/tag/e28068940000400386621d4f, 96
1652707908.940042, sdrt-health/mac:02010b41cdec/antenna/tag/e28068940000400386621d4f, 96
1652707908.940668, sdrt-health/mac:02010b41cdec/antenna/tag/e2806894000050038662154f, 91
1652707908.979277, sdrt-health/mac:02010b41cdec/antenna/tag/e28068940000400386621d4f, 96
1652707909.035448, sdrt-health/mac:02010b41cdec/antenna/tag/e2806894000050038662154f, 91
1652707909.035949, sdrt-health/mac:02010b41cdec/antenna/tag/e28068940000400386621d4f, 96
1652707909.060483, sdrt-health/mac:02010b41cdec/antenna/tag/e28068940000400386621d4f, 96
1652707909.090984, sdrt-health/mac:02010b41cdec/antenna/tag/e2806894000050038661fd4f, 83
1652707909.091276, sdrt-health/mac:02010b41cdec/antenna/tag/e2806894000050038662154f, 85
1652707909.106899, sdrt-health/mac:02010b41cdec/antenna/tag/e28068940000500386620d4f, 81
1652707909.108045, sdrt-health/mac:02010b41cdec/antenna/tag/e2806894000040038662114f, 88
1652707909.139765, sdrt-health/mac:02010b41cdec/antenna/tag/e28068940000500386620d4f, 83
1652707909.179438, sdrt-health/mac:02010b41cdec/antenna/tag/e2806894000050038661fd4f, 83
1652707909.222735, sdrt-health/mac:02010b41cdec/antenna/tag/e2806894000050038661fd4f, 86
1652707909.290735, sdrt-health/mac:02010b41cdec/antenna/tag/e2806894000050038661fd4f, 86
1652707909.330495, sdrt-health/mac:02010b41cdec/antenna/tag/e2806894000050038662194f, 88
1652707909.370884, sdrt-health/mac:02010b41cdec/antenna/tag/e2806894000040038662114f, 88
1652707909.419489, sdrt-health/mac:02010b41cdec/antenna/tag/e2806894000040038662114f, 85
1652707909.460043, sdrt-health/mac:02010b41cdec/antenna/tag/e2806894000050038662154f, 88
1652707909.517674, sdrt-health/mac:02010b41cdec/antenna/tag/e2806894000050038661fd4f, 83
1652707909.518146, sdrt-health/mac:02010b41cdec/antenna/tag/e2806894000050038661fd4f, 83
1652707909.533885, sdrt-health/mac:02010b41cdec/antenna/tag/e28068940000400386621d4f, 96
1652707909.539745, sdrt-health/mac:02010b41cdec/antenna/tag/e2806894000050038662154f, 88
1652707909.580753, sdrt-health/mac:02010b41cdec/antenna/tag/e2806894000050038662154f, 91
1652707909.644382, sdrt-health/mac:02010b41cdec/antenna/tag/e2806894000050038661fd4f, 86
1652707909.645046, sdrt-health/mac:02010b41cdec/antenna/tag/e2806894000050038661fd4f, 86
1652707909.65895, sdrt-health/mac:02010b41cdec/antenna/tag/e28068940000400386621d4f, 90
1652707909.723967, sdrt-health/mac:02010b41cdec/antenna/tag/e2806894000050038662154f, 91
1652707909.724432, sdrt-health/mac:02010b41cdec/antenna/tag/e2806894000050038661fd4f, 86
1652707909.778578, sdrt-health/mac:02010b41cdec/antenna/tag/e2806894000050038662154f, 88
1652707909.846223, sdrt-health/mac:02010b41cdec/antenna/tag/e28068940000400386621d4f, 90
1652707909.846684, sdrt-health/mac:02010b41cdec/antenna/tag/e2806894000040038662114f, 88
1652707909.860065, sdrt-health/mac:02010b41cdec/antenna/tag/e2806894000040038662114f, 88
1652707909.86045, sdrt-health/mac:02010b41cdec/antenna/tag/e2806894000050038661fd4f, 83
1652707909.888854, sdrt-health/mac:02010b41cdec/antenna/tag/e2806894000050038661fd4f, 86
1652707909.931613, sdrt-health/mac:02010b41cdec/antenna/tag/e2806894000050038661fd4f, 83
1652707909.978413, sdrt-health/mac:02010b41cdec/antenna/tag/e2806894000040038662214f, 88
1652707910.025289, sdrt-health/mac:02010b41cdec/antenna/tag/e2806894000040038662214f, 81
1652707910.097048, sdrt-health/mac:02010b41cdec/antenna/tag/e28068940000400386621d4f, 90
1652707910.130602, sdrt-health/mac:02010b41cdec/antenna/tag/e2806894000050038661fd4f, 83
1652707910.180822, sdrt-health/mac:02010b41cdec/antenna/tag/e28068940000400386621d4f, 96
1652707910.418705, sdrt-health/mac:02010b41cdec/antenna/tag/e2806894000050038662154f, 88
1652707910.439441, sdrt-health/mac:02010b41cdec/antenna/tag/e2806894000050038662154f, 85
1652707910.441827, sdrt-health/mac:02010b41cdec/antenna/tag/e2806894000050038662154f, 88
1652707910.456487, sdrt-health/mac:02010b41cdec/antenna/tag/e2806894000050038661fd4f, 86
1652707910.456776, sdrt-health/mac:02010b41cdec/antenna/tag/e2806894000050038662154f, 88
1652707910.45705, sdrt-health/mac:02010b41cdec/antenna/tag/e2806894000040038662114f, 88
1652707910.457256, sdrt-health/mac:02010b41cdec/antenna/tag/e2806894000050038662194f, 94
1652707910.457458, sdrt-health/mac:02010b41cdec/antenna/tag/e2806894000050038662154f, 88
1652707910.509989, sdrt-health/mac:02010b41cdec/antenna/tag/e28068940000400386621d4f, 96
1652707910.541242, sdrt-health/mac:02010b41cdec/antenna/tag/e28068940000500386620d4f, 83
1652707910.541534, sdrt-health/mac:02010b41cdec/antenna/tag/e2806894000040038662214f, 83
1652707910.555591, sdrt-health/mac:02010b41cdec/antenna/tag/e28068940000500386620d4f, 94
1652707910.555828, sdrt-health/mac:02010b41cdec/antenna/tag/e28068940000500386620d4f, 83
1652707910.590575, sdrt-health/mac:02010b41cdec/antenna/tag/e2806894000040038662114f, 85
1652707910.631398, sdrt-health/mac:02010b41cdec/antenna/tag/e28068940000400386621d4f, 96
1652707910.66984, sdrt-health/mac:02010b41cdec/antenna/tag/e2806894000050038661fd4f, 83
1652707910.709572, sdrt-health/mac:02010b41cdec/antenna/state, connected
1652707910.710124, sdrt-health/mac:02010b41cdec/fw, {"version":"1.8.1","model":"200","hash":"2f556501b58f1dad542af428d7928d18","timestamp":1652707907}
1652707910.751776, sdrt-health/mac:02010b41cdec/antenna/tag/e2806894000050038662154f, 91
1652707910.79007, sdrt-health/mac:02010b41cdec/antenna/tag/e2806894000050038661fd4f, 86
1652707910.851336, sdrt-health/mac:02010b41cdec/antenna/tag/e2806894000050038661fd4f, 83
1652707910.891348, sdrt-health/mac:02010b41cdec/antenna/tag/e28068940000500386620d4f, 81
1652707910.933244, sdrt-health/mac:02010b41cdec/antenna/tag/e28068940000500386620d4f, 81
1652707910.984142, sdrt-health/mac:02010b41cdec/antenna/tag/e28068940000400386621d4f, 96
1652707910.984605, sdrt-health/mac:02010b41cdec/antenna/tag/e2806894000050038661fd4f, 83
1652707911.040814, sdrt-health/mac:02010b41cdec/antenna/tag/e2806894000050038662154f, 91
1652707911.080856, sdrt-health/mac:02010b41cdec/antenna/tag/e2806894000040038662114f, 85
1652707911.111313, sdrt-health/mac:02010b41cdec/antenna/version, 
1652707911.150537, sdrt-health/mac:02010b41cdec/antenna/tag/e2806894000050038662154f, 91
1652707911.205121, sdrt-health/mac:02010b41cdec/antenna/tag/e28068940000400386621d4f, 90
1652707911.205632, sdrt-health/mac:02010b41cdec/antenna/tag/e2806894000050038661fd4f, 86
1652707911.220365, sdrt-health/mac:02010b41cdec/antenna/tag/e2806894000050038662154f, 88
1652707911.242053, sdrt-health/mac:02010b41cdec/antenna/tag/e2806894000050038662154f, 88
1652707911.280144, sdrt-health/mac:02010b41cdec/antenna/tag/e2806894000050038662154f, 91
1652707911.335282, sdrt-health/mac:02010b41cdec/antenna/tag/e2806894000050038661fd4f, 86
1652707911.335848, sdrt-health/mac:02010b41cdec/antenna/tag/e2806894000050038662154f, 88
1652707911.35074, sdrt-health/mac:02010b41cdec/antenna/tag/e2806894000040038662114f, 88
1652707911.351199, sdrt-health/mac:02010b41cdec/antenna/tag/e28068940000400386621d4f, 96
1652707911.358539, sdrt-health/mac:02010b41cdec/antenna/tag/e2806894000040038662114f, 88
1652707911.402965, sdrt-health/mac:02010b41cdec/antenna/tag/e28068940000400386621d4f, 96
1652707911.434185, sdrt-health/mac:02010b41cdec/antenna/tag/e2806894000040038662114f, 88
1652707911.43447, sdrt-health/mac:02010b41cdec/antenna/tag/e28068940000400386621d4f, 96
1652707911.448263, sdrt-health/mac:02010b41cdec/antenna/tag/e2806894000040038662114f, 88
1652707911.508947, sdrt-health/mac:02010b41cdec/antenna/tag/e2806894000050038662194f, 81
1652707911.550436, sdrt-health/mac:02010b41cdec/antenna/tag/e2806894000040038662114f, 88
1652707911.582399, sdrt-health/mac:02010b41cdec/antenna/tag/e2806894000050038661fd4f, 86
1652707911.582819, sdrt-health/mac:02010b41cdec/antenna/tag/e2806894000050038661fd4f, 86
1652707911.597288, sdrt-health/mac:02010b41cdec/antenna/tag/e28068940000400386621d4f, 96
1652707911.597631, sdrt-health/mac:02010b41cdec/antenna/tag/e2806894000050038662154f, 88
1652707911.648469, sdrt-health/mac:02010b41cdec/antenna/tag/e2806894000050038661fd4f, 86
1652707911.689956, sdrt-health/mac:02010b41cdec/antenna/tag/e2806894000050038662154f, 85
1652707911.729123, sdrt-health/mac:02010b41cdec/antenna/tag/e28068940000400386621d4f, 90
1652707911.788369, sdrt-health/mac:02010b41cdec/antenna/tag/e2806894000050038662154f, 91
1652707911.788875, sdrt-health/mac:02010b41cdec/antenna/tag/e2806894000040038662114f, 85
1652707911.810152, sdrt-health/mac:02010b41cdec/antenna/tag/e2806894000050038662194f, 110
1652707911.810546, sdrt-health/mac:02010b41cdec/antenna/tag/e2806894000050038661fd4f, 97
1652707911.849404, sdrt-health/mac:02010b41cdec/antenna/tag/e2806894000050038662194f, 81
1652707911.891153, sdrt-health/mac:02010b41cdec/antenna/tag/e28068940000400386621d4f, 96
1652707911.930237, sdrt-health/mac:02010b41cdec/antenna/tag/e2806894000050038662154f, 88
1652707911.970559, sdrt-health/mac:02010b41cdec/antenna/tag/e28068940000400386621d4f, 96
1652707912.010421, sdrt-health/mac:02010b41cdec/antenna/tag/e28068940000400386621d4f, 77
1652707912.066137, sdrt-health/mac:02010b41cdec/antenna/tag/e28068940000400386621d4f, 77
1652707912.066709, sdrt-health/mac:02010b41cdec/antenna/tag/e2806894000040038662114f, 85
1652707912.082342, sdrt-health/mac:02010b41cdec/antenna/tag/e2806894000050038661fd4f, 83
1652707912.098338, sdrt-health/mac:02010b41cdec/antenna/tag/e2806894000050038661fd4f, 86
1652707912.127792, sdrt-health/mac:02010b41cdec/antenna/tag/e28068940000400386621d4f, 96
1652707912.128124, sdrt-health/mac:02010b41cdec/antenna/tag/e28068940000400386621d4f, 96
1652707912.160131, sdrt-health/mac:02010b41cdec/antenna/tag/e28068940000400386621d4f, 96
1652707912.199302, sdrt-health/mac:02010b41cdec/antenna/tag/e2806894000050038662154f, 88
1652707912.256551, sdrt-health/mac:02010b41cdec/antenna/tag/e2806894000040038662114f, 88
1652707912.257116, sdrt-health/mac:02010b41cdec/antenna/tag/e28068940000400386621d4f, 96
1652707912.270821, sdrt-health/mac:02010b41cdec/antenna/tag/e2806894000050038662154f, 91
1652707912.306483, sdrt-health/mac:02010b41cdec/antenna/tag/e28068940000400386621d4f, 96
1652707912.306836, sdrt-health/mac:02010b41cdec/antenna/tag/e28068940000400386621d4f, 90
1652707912.336051, sdrt-health/mac:02010b41cdec/antenna/tag/e2806894000040038662114f, 91
1652707912.371237, sdrt-health/mac:02010b41cdec/antenna/tag/e2806894000050038662194f, 84
1652707912.402238, sdrt-health/mac:02010b41cdec/antenna/tag/e2806894000050038661fd4f, 86
1652707912.402544, sdrt-health/mac:02010b41cdec/antenna/tag/e2806894000050038662194f, 81
1652707912.419575, sdrt-health/mac:02010b41cdec/antenna/tag/e2806894000050038662154f, 85
1652707912.449797, sdrt-health/mac:02010b41cdec/antenna/tag/e2806894000040038662114f, 85
1652707912.512134, sdrt-health/mac:02010b41cdec/antenna/tag/e28068940000400386621d4f, 77
1652707912.512755, sdrt-health/mac:02010b41cdec/antenna/tag/e2806894000050038661fd4f, 83
1652707912.513173, sdrt-health/mac:02010b41cdec/antenna/tag/e2806894000040038662114f, 85
1652707912.539615, sdrt-health/mac:02010b41cdec/antenna/tag/e2806894000050038662194f, 81
1652707912.579087, sdrt-health/mac:02010b41cdec/antenna/tag/e2806894000050038661fd4f, 86
1652707912.620131, sdrt-health/mac:02010b41cdec/antenna/tag/e2806894000050038662194f, 81
1652707912.673777, sdrt-health/mac:02010b41cdec/antenna/tag/e28068940000400386621d4f, 90
1652707912.674286, sdrt-health/mac:02010b41cdec/antenna/tag/e28068940000400386621d4f, 90
1652707912.700319, sdrt-health/mac:02010b41cdec/antenna/tag/e2806894000050038662154f, 88
1652707912.740853, sdrt-health/mac:02010b41cdec/antenna/tag/e2806894000050038662154f, 91
1652707912.770725, sdrt-health/mac:02010b41cdec/antenna/tag/e2806894000040038662114f, 88
1652707912.77094, sdrt-health/mac:02010b41cdec/antenna/tag/e28068940000400386621d4f, 90
1652707912.786169, sdrt-health/mac:02010b41cdec/antenna/tag/e2806894000040038662114f, 88
1652707912.820571, sdrt-health/mac:02010b41cdec/antenna/tag/e2806894000050038661fd4f, 83
1652707912.878384, sdrt-health/mac:02010b41cdec/antenna/tag/e2806894000040038662114f, 88
1652707912.878911, sdrt-health/mac:02010b41cdec/antenna/tag/e2806894000050038662154f, 85
1652707912.893134, sdrt-health/mac:02010b41cdec/antenna/tag/e2806894000050038662154f, 85
1652707912.902383, sdrt-health/mac:02010b41cdec/antenna/tag/e28068940000500386620d4f, 81
1652707912.954649, sdrt-health/mac:02010b41cdec/antenna/tag/e2806894000050038661fd4f, 86
1652707912.990191, sdrt-health/mac:02010b41cdec/antenna/tag/e28068940000400386621d4f, 96
1652707913.020767, sdrt-health/mac:02010b41cdec/antenna/tag/e2806894000050038661fd4f, 86
1652707913.021156, sdrt-health/mac:02010b41cdec/antenna/tag/e2806894000040038662114f, 88
1652707913.034608, sdrt-health/mac:02010b41cdec/antenna/tag/e2806894000050038662154f, 91
1652707913.078218, sdrt-health/mac:02010b41cdec/antenna/tag/e2806894000040038662214f, 94
1652707913.111109, sdrt-health/mac:02010b41cdec/antenna/tag/e2806894000050038662154f, 85
1652707913.140468, sdrt-health/mac:02010b41cdec/antenna/tag/e28068940000400386621d4f, 96
1652707913.140755, sdrt-health/mac:02010b41cdec/antenna/tag/e28068940000500386620d4f, 83
1652707913.155219, sdrt-health/mac:02010b41cdec/antenna/tag/e28068940000400386621d4f, 96
1652707913.190312, sdrt-health/mac:02010b41cdec/antenna/tag/e28068940000400386621d4f, 96
1652707913.2298, sdrt-health/mac:02010b41cdec/antenna/tag/e2806894000050038662154f, 85
1652707913.271061, sdrt-health/mac:02010b41cdec/antenna/tag/e2806894000050038662194f, 81
1652707913.326337, sdrt-health/mac:02010b41cdec/antenna/tag/e28068940000500386620d4f, 83
1652707913.326753, sdrt-health/mac:02010b41cdec/antenna/tag/e2806894000050038662194f, 94
1652707913.350741, sdrt-health/mac:02010b41cdec/antenna/tag/e2806894000050038662154f, 85
1652707913.404615, sdrt-health/mac:02010b41cdec/antenna/tag/e28068940000400386621d4f, 96
1652707913.405173, sdrt-health/mac:02010b41cdec/antenna/tag/e2806894000050038662194f, 81
1652707913.430339, sdrt-health/mac:02010b41cdec/antenna/tag/e2806894000050038662154f, 85
1652707913.485987, sdrt-health/mac:02010b41cdec/antenna/tag/e2806894000050038662194f, 88
1652707913.486486, sdrt-health/mac:02010b41cdec/antenna/tag/e28068940000400386621d4f, 96
1652707913.511457, sdrt-health/mac:02010b41cdec/antenna/tag/e2806894000050038662154f, 91
1652707913.541613, sdrt-health/mac:02010b41cdec/antenna/tag/e2806894000050038662154f, 88
1652707913.541913, sdrt-health/mac:02010b41cdec/antenna/tag/e2806894000050038661fd4f, 83
1652707913.556834, sdrt-health/mac:02010b41cdec/antenna/tag/e28068940000400386621d4f, 90
1652707913.557259, sdrt-health/mac:02010b41cdec/antenna/tag/e2806894000040038662114f, 91
1652707913.590075, sdrt-health/mac:02010b41cdec/antenna/tag/e28068940000500386620d4f, 83
1652707913.644946, sdrt-health/mac:02010b41cdec/antenna/tag/e2806894000050038662194f, 83
1652707913.645617, sdrt-health/mac:02010b41cdec/antenna/tag/e2806894000050038662154f, 85
1652707913.658232, sdrt-health/mac:02010b41cdec/antenna/tag/e2806894000040038662114f, 88
1652707913.66962, sdrt-health/mac:02010b41cdec/antenna/tag/e28068940000400386621d4f, 96
1652707913.672285, sdrt-health/mac:02010b41cdec/antenna/tag/e2806894000040038662114f, 85
1652707913.719295, sdrt-health/mac:02010b41cdec/antenna/tag/e28068940000400386621d4f, 90
1652707913.771287, sdrt-health/mac:02010b41cdec/antenna/tag/e2806894000040038662114f, 91
1652707913.849589, sdrt-health/mac:02010b41cdec/antenna/tag/e28068940000400386621d4f, 90
1652707913.891013, sdrt-health/mac:02010b41cdec/antenna/tag/e2806894000050038662154f, 88
1652707913.944806, sdrt-health/mac:02010b41cdec/antenna/tag/e2806894000050038662194f, 83
1652707913.945294, sdrt-health/mac:02010b41cdec/antenna/tag/e28068940000400386621d4f, 96
1652707913.971317, sdrt-health/mac:02010b41cdec/antenna/tag/e2806894000040038662114f, 85
1652707914.011515, sdrt-health/mac:02010b41cdec/antenna/tag/e2806894000050038662154f, 85
1652707914.051244, sdrt-health/mac:02010b41cdec/antenna/tag/e2806894000040038662114f, 88
1652707914.102969, sdrt-health/mac:02010b41cdec/antenna/tag/e2806894000050038661fd4f, 83
1652707914.103384, sdrt-health/mac:02010b41cdec/antenna/tag/e2806894000050038662154f, 85
1652707914.129088, sdrt-health/mac:02010b41cdec/antenna/tag/e2806894000050038662154f, 88
1652707914.129443, sdrt-health/mac:02010b41cdec/antenna/tag/e2806894000050038661fd4f, 86
1652707914.142451, sdrt-health/mac:02010b41cdec/antenna/tag/e2806894000040038662114f, 85
1652707914.169002, sdrt-health/mac:02010b41cdec/antenna/tag/e28068940000400386621d4f, 90
1652707914.240876, sdrt-health/mac:02010b41cdec/antenna/tag/e2806894000050038662154f, 88
1652707914.241332, sdrt-health/mac:02010b41cdec/antenna/tag/e2806894000050038662154f, 88
1652707914.241713, sdrt-health/mac:02010b41cdec/antenna/tag/e28068940000400386621d4f, 96
1652707914.278597, sdrt-health/mac:02010b41cdec/antenna/tag/e2806894000050038661fd4f, 86
1652707914.310031, sdrt-health/mac:02010b41cdec/antenna/tag/e2806894000050038662154f, 85
1652707914.310273, sdrt-health/mac:02010b41cdec/antenna/tag/e2806894000050038662154f, 88
1652707914.310447, sdrt-health/mac:02010b41cdec/antenna/tag/e2806894000040038662114f, 91
1652707914.326402, sdrt-health/mac:02010b41cdec/antenna/tag/e28068940000400386621d4f, 90
1652707914.326787, sdrt-health/mac:02010b41cdec/antenna/tag/e2806894000040038662114f, 91
1652707914.359895, sdrt-health/mac:02010b41cdec/antenna/tag/e2806894000050038661fd4f, 83
1652707914.401418, sdrt-health/mac:02010b41cdec/antenna/tag/e2806894000050038662154f, 88
1652707914.44088, sdrt-health/mac:02010b41cdec/antenna/tag/e2806894000050038662154f, 88
1652707914.495581, sdrt-health/mac:02010b41cdec/antenna/tag/e2806894000040038662114f, 85
1652707914.496155, sdrt-health/mac:02010b41cdec/antenna/tag/e28068940000500386620d4f, 83
1652707914.519267, sdrt-health/mac:02010b41cdec/antenna/tag/e2806894000040038662114f, 85
1652707914.57307, sdrt-health/mac:02010b41cdec/antenna/tag/e28068940000500386620d4f, 87
1652707914.573478, sdrt-health/mac:02010b41cdec/antenna/tag/e28068940000400386621d4f, 96
1652707914.587695, sdrt-health/mac:02010b41cdec/antenna/tag/e28068940000500386620d4f, 83
1652707914.618854, sdrt-health/mac:02010b41cdec/antenna/tag/e2806894000040038662114f, 88
1652707914.619089, sdrt-health/mac:02010b41cdec/antenna/tag/e28068940000400386621d4f, 96
1652707914.670957, sdrt-health/mac:02010b41cdec/antenna/tag/e2806894000040038662114f, 85
1652707914.71309, sdrt-health/mac:02010b41cdec/antenna/tag/e2806894000050038662154f, 85
1652707914.744507, sdrt-health/mac:02010b41cdec/antenna/tag/e28068940000400386621d4f, 96
1652707914.744847, sdrt-health/mac:02010b41cdec/antenna/tag/e2806894000050038662194f, 81
1652707914.75892, sdrt-health/mac:02010b41cdec/antenna/tag/e2806894000050038661fd4f, 86
1652707914.790382, sdrt-health/mac:02010b41cdec/antenna/tag/e2806894000040038662114f, 85
1652707914.831193, sdrt-health/mac:02010b41cdec/antenna/tag/e2806894000040038662114f, 85
1652707914.86168, sdrt-health/mac:02010b41cdec/antenna/tag/e2806894000050038661fd4f, 83
1652707914.862091, sdrt-health/mac:02010b41cdec/antenna/tag/e2806894000050038661fd4f, 83
1652707914.876403, sdrt-health/mac:02010b41cdec/antenna/tag/e2806894000050038662154f, 85
1652707914.912324, sdrt-health/mac:02010b41cdec/antenna/tag/e2806894000050038662154f, 85
1652707914.950509, sdrt-health/mac:02010b41cdec/antenna/tag/e28068940000400386621d4f, 96
1652707914.993373, sdrt-health/mac:02010b41cdec/antenna/tag/e28068940000500386620d4f, 83
1652707915.08933, sdrt-health/mac:02010b41cdec/antenna/tag/e28068940000400386621d4f, 90
1652707915.152983, sdrt-health/mac:02010b41cdec/antenna/tag/e2806894000040038662114f, 88
1652707915.191628, sdrt-health/mac:02010b41cdec/antenna/tag/e28068940000400386621d4f, 90
1652707915.222996, sdrt-health/mac:02010b41cdec/antenna/tag/e2806894000040038662114f, 88
1652707915.223221, sdrt-health/mac:02010b41cdec/antenna/tag/e2806894000050038662154f, 88
1652707915.240861, sdrt-health/mac:02010b41cdec/antenna/tag/e2806894000040038662114f, 91
1652707915.241099, sdrt-health/mac:02010b41cdec/antenna/tag/e28068940000400386621d4f, 90
1652707915.271312, sdrt-health/mac:02010b41cdec/antenna/tag/e28068940000500386620d4f, 88
1652707915.310164, sdrt-health/mac:02010b41cdec/antenna/tag/e2806894000050038662194f, 82
1652707915.367121, sdrt-health/mac:02010b41cdec/antenna/tag/e28068940000400386621d4f, 96
1652707915.367651, sdrt-health/mac:02010b41cdec/antenna/tag/e2806894000050038662154f, 91
1652707915.381436, sdrt-health/mac:02010b41cdec/antenna/tag/e2806894000040038662114f, 88
1652707915.381842, sdrt-health/mac:02010b41cdec/antenna/tag/e28068940000400386621d4f, 96
1652707915.391352, sdrt-health/mac:02010b41cdec/antenna/tag/e2806894000050038661fd4f, 86
1652707915.431245, sdrt-health/mac:02010b41cdec/antenna/tag/e2806894000050038661fd4f, 83
1652707915.486603, sdrt-health/mac:02010b41cdec/antenna/tag/e2806894000050038662154f, 91
1652707915.487077, sdrt-health/mac:02010b41cdec/antenna/tag/e2806894000050038661fd4f, 83
1652707915.50235, sdrt-health/mac:02010b41cdec/antenna/tag/e2806894000050038662154f, 88
1652707915.510804, sdrt-health/mac:02010b41cdec/antenna/tag/e28068940000400386621d4f, 96
1652707915.558103, sdrt-health/mac:02010b41cdec/antenna/tag/e28068940000500386620d4f, 81
1652707915.616896, sdrt-health/mac:02010b41cdec/antenna/tag/e2806894000050038662194f, 81
1652707915.617329, sdrt-health/mac:02010b41cdec/antenna/tag/e2806894000050038661fd4f, 83
1652707915.617788, sdrt-health/mac:02010b41cdec/antenna/tag/e2806894000050038661fd4f, 83
1652707915.631769, sdrt-health/mac:02010b41cdec/antenna/tag/e28068940000500386620d4f, 81
1652707915.641131, sdrt-health/mac:02010b41cdec/antenna/tag/e28068940000400386621d4f, 96
1652707915.691217, sdrt-health/mac:02010b41cdec/antenna/tag/e2806894000050038661fd4f, 86
1652707915.731565, sdrt-health/mac:02010b41cdec/antenna/tag/e2806894000050038662154f, 97
1652707915.783871, sdrt-health/mac:02010b41cdec/antenna/tag/e2806894000040038662114f, 85
1652707915.784316, sdrt-health/mac:02010b41cdec/antenna/tag/e28068940000400386621d4f, 96
1652707915.809991, sdrt-health/mac:02010b41cdec/antenna/tag/e28068940000500386620d4f, 81
1652707915.850731, sdrt-health/mac:02010b41cdec/antenna/tag/e2806894000050038662194f, 81
1652707915.904537, sdrt-health/mac:02010b41cdec/antenna/tag/e28068940000500386620d4f, 94
1652707915.905065, sdrt-health/mac:02010b41cdec/antenna/tag/e2806894000050038661fd4f, 86
1652707915.930768, sdrt-health/mac:02010b41cdec/antenna/tag/e2806894000040038662114f, 85
1652707915.986794, sdrt-health/mac:02010b41cdec/antenna/tag/e2806894000050038662154f, 91
1652707915.987277, sdrt-health/mac:02010b41cdec/antenna/tag/e2806894000050038662154f, 91
1652707916.004314, sdrt-health/mac:02010b41cdec/antenna/tag/e2806894000050038661fd4f, 83
1652707916.004663, sdrt-health/mac:02010b41cdec/antenna/tag/e2806894000040038662114f, 88
1652707916.010379, sdrt-health/mac:02010b41cdec/antenna/tag/e2806894000050038662154f, 88
1652707916.129928, sdrt-health/mac:02010b41cdec/antenna/tag/e2806894000040038662114f, 88
1652707916.159296, sdrt-health/mac:02010b41cdec/antenna/tag/e2806894000050038662154f, 91
1652707916.159578, sdrt-health/mac:02010b41cdec/antenna/tag/e2806894000050038662154f, 88
1652707916.190605, sdrt-health/mac:02010b41cdec/antenna/tag/e2806894000040038662114f, 85
1652707916.229908, sdrt-health/mac:02010b41cdec/antenna/tag/e2806894000050038661fd4f, 86
1652707916.334395, sdrt-health/mac:02010b41cdec/antenna/tag/e2806894000050038662154f, 88
1652707916.334907, sdrt-health/mac:02010b41cdec/antenna/tag/e2806894000050038661fd4f, 83
1652707916.360332, sdrt-health/mac:02010b41cdec/antenna/tag/e2806894000040038662114f, 85
1652707916.416098, sdrt-health/mac:02010b41cdec/antenna/tag/e2806894000050038661fd4f, 83
1652707916.41662, sdrt-health/mac:02010b41cdec/antenna/tag/e28068940000400386621d4f, 96
1652707916.431542, sdrt-health/mac:02010b41cdec/antenna/tag/e28068940000400386621d4f, 96
1652707916.449094, sdrt-health/mac:02010b41cdec/antenna/tag/e2806894000050038661fd4f, 97
1652707916.490559, sdrt-health/mac:02010b41cdec/antenna/tag/e2806894000050038662154f, 85
1652707916.529797, sdrt-health/mac:02010b41cdec/antenna/tag/e2806894000050038662154f, 85
1652707916.584827, sdrt-health/mac:02010b41cdec/antenna/tag/e2806894000050038661fd4f, 83
1652707916.58536, sdrt-health/mac:02010b41cdec/antenna/tag/e2806894000040038662114f, 88
1652707916.620588, sdrt-health/mac:02010b41cdec/antenna/tag/e2806894000050038661fd4f, 83
1652707916.675869, sdrt-health/mac:02010b41cdec/antenna/tag/e2806894000050038662154f, 88
1652707916.676355, sdrt-health/mac:02010b41cdec/antenna/tag/e28068940000400386621d4f, 96
1652707916.690777, sdrt-health/mac:02010b41cdec/antenna/tag/e2806894000050038661fd4f, 86
1652707916.700526, sdrt-health/mac:02010b41cdec/antenna/tag/e28068940000400386621d4f, 90
1652707916.740223, sdrt-health/mac:02010b41cdec/antenna/tag/e28068940000400386621d4f, 96
1652707916.780928, sdrt-health/mac:02010b41cdec/antenna/tag/e2806894000050038661fd4f, 86
1652707916.855492, sdrt-health/mac:02010b41cdec/antenna/tag/e2806894000050038662154f, 88
1652707916.855994, sdrt-health/mac:02010b41cdec/antenna/tag/e28068940000400386621d4f, 90
1652707916.856336, sdrt-health/mac:02010b41cdec/antenna/tag/e28068940000400386621d4f, 90
1652707916.883425, sdrt-health/mac:02010b41cdec/antenna/tag/e2806894000040038662114f, 91
1652707916.912366, sdrt-health/mac:02010b41cdec/antenna/tag/e2806894000050038661fd4f, 86
1652707916.91278, sdrt-health/mac:02010b41cdec/antenna/tag/e28068940000500386620d4f, 83
1652707916.988944, sdrt-health/mac:02010b41cdec/antenna/tag/e2806894000040038662214f, 81
1652707917.030883, sdrt-health/mac:02010b41cdec/antenna/tag/e2806894000040038662214f, 88
1652707917.116217, sdrt-health/mac:02010b41cdec/antenna/tag/e2806894000050038662154f, 88
1652707917.116674, sdrt-health/mac:02010b41cdec/antenna/tag/e2806894000050038661fd4f, 86
1652707917.148403, sdrt-health/mac:02010b41cdec/antenna/tag/e2806894000040038662114f, 88
1652707917.178618, sdrt-health/mac:02010b41cdec/antenna/tag/e2806894000050038661fd4f, 83
1652707917.179123, sdrt-health/mac:02010b41cdec/antenna/tag/e2806894000050038662154f, 91
1652707917.193007, sdrt-health/mac:02010b41cdec/antenna/tag/e2806894000050038661fd4f, 86
1652707917.193248, sdrt-health/mac:02010b41cdec/antenna/tag/e28068940000400386621d4f, 96
1652707917.230353, sdrt-health/mac:02010b41cdec/antenna/tag/e2806894000050038661fd4f, 86
1652707917.270037, sdrt-health/mac:02010b41cdec/antenna/tag/e28068940000400386621d4f, 96
1652707917.309777, sdrt-health/mac:02010b41cdec/antenna/tag/e2806894000050038661fd4f, 86
1652707917.351303, sdrt-health/mac:02010b41cdec/antenna/tag/e2806894000050038661fd4f, 83
1652707917.392577, sdrt-health/mac:02010b41cdec/antenna/tag/e28068940000400386621d4f, 96
1652707917.421463, sdrt-health/mac:02010b41cdec/antenna/tag/e2806894000050038661fd4f, 97
1652707917.421766, sdrt-health/mac:02010b41cdec/antenna/tag/e2806894000050038662154f, 88
1652707917.434893, sdrt-health/mac:02010b41cdec/antenna/tag/e28068940000400386621d4f, 96
1652707917.4703, sdrt-health/mac:02010b41cdec/antenna/tag/e28068940000500386620d4f, 81
1652707917.510514, sdrt-health/mac:02010b41cdec/antenna/tag/e2806894000050038661fd4f, 86
1652707917.563863, sdrt-health/mac:02010b41cdec/antenna/tag/e28068940000400386621d4f, 90
1652707917.564376, sdrt-health/mac:02010b41cdec/antenna/tag/e2806894000050038662154f, 91
1652707917.579353, sdrt-health/mac:02010b41cdec/antenna/tag/e2806894000040038662114f, 85
1652707917.598684, sdrt-health/mac:02010b41cdec/antenna/tag/e28068940000400386621d4f, 96
1652707917.675923, sdrt-health/mac:02010b41cdec/antenna/tag/e2806894000040038662114f, 88
1652707917.67643, sdrt-health/mac:02010b41cdec/antenna/tag/e2806894000050038662154f, 88
1652707917.701703, sdrt-health/mac:02010b41cdec/antenna/tag/e2806894000040038662114f, 85
1652707917.739263, sdrt-health/mac:02010b41cdec/antenna/tag/e2806894000040038662114f, 85
1652707917.780538, sdrt-health/mac:02010b41cdec/antenna/tag/e28068940000400386621d4f, 90
1652707917.809964, sdrt-health/mac:02010b41cdec/antenna/tag/e2806894000050038661fd4f, 86
1652707917.810286, sdrt-health/mac:02010b41cdec/antenna/tag/e2806894000040038662114f, 88
1652707917.829079, sdrt-health/mac:02010b41cdec/antenna/tag/e2806894000050038662154f, 91
1652707917.885858, sdrt-health/mac:02010b41cdec/antenna/tag/e2806894000040038662114f, 88
1652707917.886236, sdrt-health/mac:02010b41cdec/antenna/tag/e2806894000040038662114f, 85
1652707917.91061, sdrt-health/mac:02010b41cdec/antenna/tag/e28068940000500386620d4f, 83
1652707917.965079, sdrt-health/mac:02010b41cdec/antenna/tag/e2806894000040038662114f, 88
1652707917.965582, sdrt-health/mac:02010b41cdec/antenna/tag/e2806894000050038661fd4f, 83
1652707917.979627, sdrt-health/mac:02010b41cdec/antenna/tag/e28068940000500386620d4f, 83
1652707918.004842, sdrt-health/mac:02010b41cdec/antenna/tag/e2806894000050038662194f, 94
1652707918.06993, sdrt-health/mac:02010b41cdec/antenna/tag/e2806894000050038662154f, 88
1652707918.099994, sdrt-health/mac:02010b41cdec/antenna/tag/e28068940000400386621d4f, 90
1652707918.100291, sdrt-health/mac:02010b41cdec/antenna/tag/e2806894000050038661fd4f, 86
1652707918.100482, sdrt-health/mac:02010b41cdec/antenna/tag/e2806894000040038662114f, 88
1652707918.10067, sdrt-health/mac:02010b41cdec/antenna/tag/e2806894000050038661fd4f, 86
1652707918.118505, sdrt-health/mac:02010b41cdec/antenna/tag/e2806894000040038662114f, 85
1652707918.179118, sdrt-health/mac:02010b41cdec/antenna/tag/e2806894000050038662154f, 88
1652707918.219183, sdrt-health/mac:02010b41cdec/antenna/tag/e2806894000050038661fd4f, 86
1652707918.247362, sdrt-health/mac:02010b41cdec/antenna/tag/e2806894000040038662114f, 91
1652707918.247736, sdrt-health/mac:02010b41cdec/antenna/tag/e28068940000400386621d4f, 90
1652707918.247973, sdrt-health/mac:02010b41cdec/antenna/tag/e2806894000050038662154f, 88
1652707918.261951, sdrt-health/mac:02010b41cdec/antenna/tag/e2806894000050038662154f, 88
1652707918.300628, sdrt-health/mac:02010b41cdec/antenna/tag/e2806894000040038662054f, 94
1652707918.351263, sdrt-health/mac:02010b41cdec/antenna/tag/e2806894000040038662114f, 85
1652707918.390861, sdrt-health/mac:02010b41cdec/antenna/tag/e28068940000400386621d4f, 96
1652707918.430641, sdrt-health/mac:02010b41cdec/antenna/tag/e2806894000050038662154f, 85
1652707918.470317, sdrt-health/mac:02010b41cdec/antenna/tag/e28068940000500386620d4f, 81
1652707918.534147, sdrt-health/mac:02010b41cdec/antenna/tag/e2806894000050038662154f, 85
1652707918.534677, sdrt-health/mac:02010b41cdec/antenna/tag/e2806894000050038662154f, 91
1652707918.582199, sdrt-health/mac:02010b41cdec/antenna/tag/e2806894000050038661fd4f, 83
1652707918.687172, sdrt-health/mac:02010b41cdec/antenna/tag/e2806894000040038662114f, 85
1652707918.687637, sdrt-health/mac:02010b41cdec/antenna/tag/e2806894000040038662114f, 85
1652707918.700933, sdrt-health/mac:02010b41cdec/antenna/tag/e2806894000050038662154f, 91
1652707918.730636, sdrt-health/mac:02010b41cdec/antenna/tag/e2806894000050038662154f, 91
1652707918.731064, sdrt-health/mac:02010b41cdec/antenna/tag/e28068940000400386621d4f, 90
1652707918.731424, sdrt-health/mac:02010b41cdec/antenna/tag/e28068940000400386621d4f, 90
1652707918.731738, sdrt-health/mac:02010b41cdec/antenna/tag/e2806894000050038661fd4f, 86
1652707918.731948, sdrt-health/mac:02010b41cdec/antenna/tag/e2806894000040038662114f, 85
1652707918.757178, sdrt-health/mac:02010b41cdec/antenna/tag/e2806894000040038662114f, 88
1652707918.813682, sdrt-health/mac:02010b41cdec/antenna/tag/e2806894000040038662114f, 85
1652707918.814189, sdrt-health/mac:02010b41cdec/antenna/tag/e2806894000050038661fd4f, 86
1652707918.839919, sdrt-health/mac:02010b41cdec/antenna/tag/e28068940000400386621d4f, 96
1652707918.896107, sdrt-health/mac:02010b41cdec/antenna/tag/e2806894000050038662194f, 81
1652707918.896579, sdrt-health/mac:02010b41cdec/antenna/tag/e2806894000050038662154f, 88
1652707918.911276, sdrt-health/mac:02010b41cdec/antenna/tag/e2806894000050038661fd4f, 86
1652707918.911793, sdrt-health/mac:02010b41cdec/antenna/tag/e2806894000040038662114f, 91
1652707918.921201, sdrt-health/mac:02010b41cdec/antenna/tag/e28068940000400386621d4f, 77
1652707918.929295, sdrt-health/mac:02010b41cdec/antenna/tag/e28068940000500386620d4f, 81
1652707918.929571, sdrt-health/mac:02010b41cdec/antenna/tag/e28068940000400386621d4f, 96
1652707918.960364, sdrt-health/mac:02010b41cdec/antenna/tag/e2806894000050038662194f, 81
1652707918.999843, sdrt-health/mac:02010b41cdec/antenna/tag/e28068940000400386621d4f, 77
1652707919.094911, sdrt-health/mac:02010b41cdec/antenna/tag/e2806894000050038662194f, 81
1652707919.095415, sdrt-health/mac:02010b41cdec/antenna/tag/e2806894000050038662154f, 88
1652707919.12117, sdrt-health/mac:02010b41cdec/antenna/tag/e2806894000050038661fd4f, 86
1652707919.174843, sdrt-health/mac:02010b41cdec/antenna/tag/e28068940000400386621d4f, 96
1652707919.175321, sdrt-health/mac:02010b41cdec/antenna/tag/e2806894000040038662114f, 88
1652707919.200365, sdrt-health/mac:02010b41cdec/antenna/tag/e2806894000050038661fd4f, 86
1652707919.255699, sdrt-health/mac:02010b41cdec/antenna/tag/e2806894000050038662154f, 88
1652707919.256215, sdrt-health/mac:02010b41cdec/antenna/tag/e2806894000050038661fd4f, 83
1652707919.270796, sdrt-health/mac:02010b41cdec/antenna/tag/e2806894000050038662154f, 88
1652707919.280938, sdrt-health/mac:02010b41cdec/antenna/tag/e2806894000050038661fd4f, 86
1652707919.285799, sdrt-health/mac:02010b41cdec/antenna/tag/e2806894000050038661fd4f, 83
1652707919.28645, sdrt-health/mac:02010b41cdec/antenna/tag/e28068940000400386621d4f, 90
1652707919.31971, sdrt-health/mac:02010b41cdec/antenna/tag/e28068940000400386621d4f, 96
1652707919.360339, sdrt-health/mac:02010b41cdec/antenna/tag/e2806894000050038662154f, 91
1652707919.415898, sdrt-health/mac:02010b41cdec/antenna/tag/e2806894000050038661fd4f, 83
1652707919.416351, sdrt-health/mac:02010b41cdec/antenna/tag/e28068940000500386620d4f, 81
1652707919.416739, sdrt-health/mac:02010b41cdec/antenna/tag/e2806894000040038662114f, 88
1652707919.43971, sdrt-health/mac:02010b41cdec/antenna/tag/e2806894000050038661fd4f, 86
1652707919.479478, sdrt-health/mac:02010b41cdec/antenna/tag/e2806894000050038661fd4f, 83
1652707919.539571, sdrt-health/mac:02010b41cdec/antenna/tag/e2806894000040038662114f, 85
1652707919.540047, sdrt-health/mac:02010b41cdec/antenna/tag/e2806894000050038661fd4f, 90
1652707919.554201, sdrt-health/mac:02010b41cdec/antenna/tag/e2806894000040038662114f, 85
1652707919.56996, sdrt-health/mac:02010b41cdec/antenna/tag/e2806894000040038662214f, 84
1652707919.612922, sdrt-health/mac:02010b41cdec/antenna/tag/e28068940000400386621d4f, 96
1652707919.642656, sdrt-health/mac:02010b41cdec/antenna/tag/e2806894000050038662154f, 85
1652707919.643104, sdrt-health/mac:02010b41cdec/antenna/tag/e28068940000500386620d4f, 81
1652707919.657214, sdrt-health/mac:02010b41cdec/antenna/tag/e2806894000050038662154f, 85
1652707919.690113, sdrt-health/mac:02010b41cdec/antenna/tag/e2806894000050038662194f, 81
1652707919.73028, sdrt-health/mac:02010b41cdec/antenna/tag/e2806894000050038662154f, 88
1652707919.785096, sdrt-health/mac:02010b41cdec/antenna/tag/e2806894000050038662194f, 94
1652707919.785545, sdrt-health/mac:02010b41cdec/antenna/tag/e28068940000500386620d4f, 83
1652707919.799541, sdrt-health/mac:02010b41cdec/antenna/tag/e2806894000050038661fd4f, 86
1652707919.900038, sdrt-health/mac:02010b41cdec/antenna/tag/e2806894000050038662154f, 85
1652707919.957426, sdrt-health/mac:02010b41cdec/antenna/tag/e2806894000050038662154f, 88
1652707920.007925, sdrt-health/mac:02010b41cdec/antenna/tag/e2806894000050038661fd4f, 86
1652707920.036372, sdrt-health/mac:02010b41cdec/antenna/tag/e2806894000040038662114f, 91
1652707920.036593, sdrt-health/mac:02010b41cdec/antenna/tag/e2806894000040038662114f, 91
1652707920.049722, sdrt-health/mac:02010b41cdec/antenna/tag/e2806894000050038661fd4f, 83
1652707920.090706, sdrt-health/mac:02010b41cdec/antenna/tag/e2806894000050038662154f, 85
1652707920.145109, sdrt-health/mac:02010b41cdec/antenna/tag/e2806894000050038661fd4f, 83
1652707920.145599, sdrt-health/mac:02010b41cdec/antenna/tag/e2806894000040038662114f, 85
1652707920.170885, sdrt-health/mac:02010b41cdec/antenna/tag/e2806894000050038662154f, 85
1652707920.246487, sdrt-health/mac:02010b41cdec/antenna/tag/e2806894000050038662194f, 81
1652707920.247014, sdrt-health/mac:02010b41cdec/antenna/tag/e2806894000050038662154f, 88
1652707920.269526, sdrt-health/mac:02010b41cdec/antenna/tag/e2806894000050038661fd4f, 86
1652707920.299859, sdrt-health/mac:02010b41cdec/antenna/tag/e28068940000400386621d4f, 90
1652707920.300083, sdrt-health/mac:02010b41cdec/antenna/tag/e2806894000040038662114f, 88
1652707920.317094, sdrt-health/mac:02010b41cdec/antenna/tag/e2806894000050038661fd4f, 86
1652707920.317315, sdrt-health/mac:02010b41cdec/antenna/tag/e2806894000050038661fd4f, 86
1652707920.401016, sdrt-health/mac:02010b41cdec/antenna/tag/e28068940000400386621d4f, 90
1652707920.469511, sdrt-health/mac:02010b41cdec/antenna/tag/e2806894000050038661fd4f, 86
1652707920.528452, sdrt-health/mac:02010b41cdec/antenna/tag/e2806894000040038662114f, 88
1652707920.528964, sdrt-health/mac:02010b41cdec/antenna/tag/e2806894000050038662154f, 85
1652707920.542352, sdrt-health/mac:02010b41cdec/antenna/tag/e28068940000500386620d4f, 87
1652707920.551047, sdrt-health/mac:02010b41cdec/antenna/tag/e2806894000040038662114f, 85
1652707920.55745, sdrt-health/mac:02010b41cdec/antenna/tag/e28068940000400386621d4f, 96
1652707920.589488, sdrt-health/mac:02010b41cdec/antenna/tag/e2806894000050038661fd4f, 83
1652707920.640073, sdrt-health/mac:02010b41cdec/antenna/tag/e2806894000050038661fd4f, 86
1652707920.680948, sdrt-health/mac:02010b41cdec/antenna/tag/e28068940000400386621d4f, 90
1652707920.738196, sdrt-health/mac:02010b41cdec/antenna/tag/e2806894000050038661fd4f, 86
1652707920.73872, sdrt-health/mac:02010b41cdec/antenna/tag/e28068940000400386621d4f, 96
1652707920.761485, sdrt-health/mac:02010b41cdec/antenna/tag/e2806894000050038662154f, 88
1652707920.800644, sdrt-health/mac:02010b41cdec/antenna/tag/e2806894000040038662114f, 97
1652707920.855285, sdrt-health/mac:02010b41cdec/antenna/tag/e2806894000050038662154f, 88
1652707920.855762, sdrt-health/mac:02010b41cdec/antenna/tag/e28068940000400386621d4f, 90
1652707920.880096, sdrt-health/mac:02010b41cdec/antenna/tag/e28068940000400386621d4f, 96
1652707920.934485, sdrt-health/mac:02010b41cdec/antenna/tag/e2806894000050038661fd4f, 97
1652707920.934942, sdrt-health/mac:02010b41cdec/antenna/tag/e28068940000500386620d4f, 83
1652707920.991401, sdrt-health/mac:02010b41cdec/antenna/tag/e2806894000050038662154f, 88
1652707921.029306, sdrt-health/mac:02010b41cdec/antenna/tag/e2806894000040038662114f, 85
1652707921.058558, sdrt-health/mac:02010b41cdec/antenna/tag/e2806894000050038662154f, 85
1652707921.058885, sdrt-health/mac:02010b41cdec/antenna/tag/e2806894000050038661fd4f, 86
1652707921.075103, sdrt-health/mac:02010b41cdec/antenna/tag/e2806894000040038662114f, 85
1652707921.109848, sdrt-health/mac:02010b41cdec/antenna/tag/e2806894000050038662154f, 85
1652707921.149752, sdrt-health/mac:02010b41cdec/antenna/tag/e2806894000040038662114f, 88
1652707921.151419, sdrt-health/mac:02010b41cdec/antenna/tag/e2806894000050038662154f, 88
1652707921.191306, sdrt-health/mac:02010b41cdec/antenna/tag/e28068940000500386620d4f, 83
1652707921.229353, sdrt-health/mac:02010b41cdec/antenna/tag/e2806894000050038661fd4f, 83
1652707921.285012, sdrt-health/mac:02010b41cdec/antenna/tag/e2806894000050038662154f, 85
1652707921.285552, sdrt-health/mac:02010b41cdec/antenna/tag/e2806894000040038662114f, 88
1652707921.300384, sdrt-health/mac:02010b41cdec/antenna/tag/e2806894000040038662114f, 85
1652707921.30071, sdrt-health/mac:02010b41cdec/antenna/tag/e2806894000050038661fd4f, 83
1652707921.309698, sdrt-health/mac:02010b41cdec/antenna/tag/e2806894000050038662154f, 88
1652707921.315811, sdrt-health/mac:02010b41cdec/antenna/tag/e28068940000400386621d4f, 96
1652707921.35042, sdrt-health/mac:02010b41cdec/antenna/tag/e2806894000050038661fd4f, 86
1652707921.415709, sdrt-health/mac:02010b41cdec/antenna/tag/e2806894000050038662154f, 88
1652707921.41617, sdrt-health/mac:02010b41cdec/antenna/tag/e28068940000400386621d4f, 96
1652707921.416546, sdrt-health/mac:02010b41cdec/antenna/tag/e28068940000400386621d4f, 96
1652707921.439688, sdrt-health/mac:02010b41cdec/antenna/tag/e2806894000050038662194f, 88
1652707921.482894, sdrt-health/mac:02010b41cdec/antenna/tag/e2806894000050038662154f, 85
1652707921.533582, sdrt-health/mac:02010b41cdec/antenna/tag/e2806894000040038662114f, 91
1652707921.533948, sdrt-health/mac:02010b41cdec/antenna/tag/e28068940000400386621d4f, 96
1652707921.56145, sdrt-health/mac:02010b41cdec/antenna/tag/e28068940000400386621d4f, 96
1652707921.616139, sdrt-health/mac:02010b41cdec/antenna/tag/e2806894000040038662114f, 88
1652707921.616606, sdrt-health/mac:02010b41cdec/antenna/tag/e2806894000050038661fd4f, 86
1652707921.630136, sdrt-health/mac:02010b41cdec/antenna/tag/e2806894000050038662154f, 88
1652707921.630472, sdrt-health/mac:02010b41cdec/antenna/tag/e2806894000050038661fd4f, 90
1652707921.630719, sdrt-health/mac:02010b41cdec/antenna/tag/e2806894000050038662154f, 88
1652707921.648187, sdrt-health/mac:02010b41cdec/antenna/tag/e2806894000050038662154f, 85
1652707921.69078, sdrt-health/mac:02010b41cdec/antenna/tag/e2806894000050038661fd4f, 86
1652707921.746984, sdrt-health/mac:02010b41cdec/antenna/tag/e2806894000050038661fd4f, 86
1652707921.747461, sdrt-health/mac:02010b41cdec/antenna/tag/e2806894000040038662114f, 88
1652707921.760547, sdrt-health/mac:02010b41cdec/antenna/tag/e28068940000400386621d4f, 96
1652707921.762139, sdrt-health/mac:02010b41cdec/antenna/tag/e28068940000500386620d4f, 83
1652707921.762765, sdrt-health/mac:02010b41cdec/antenna/tag/e28068940000400386621d4f, 96
1652707921.78203, sdrt-health/mac:02010b41cdec/antenna/tag/e28068940000400386621d4f, 90
1652707921.821553, sdrt-health/mac:02010b41cdec/antenna/tag/e2806894000050038662154f, 91
1652707921.897285, sdrt-health/mac:02010b41cdec/antenna/tag/e2806894000040038662114f, 91
1652707921.897807, sdrt-health/mac:02010b41cdec/antenna/tag/e28068940000500386620d4f, 81
1652707921.913403, sdrt-health/mac:02010b41cdec/antenna/tag/e28068940000400386621d4f, 90
1652707921.94946, sdrt-health/mac:02010b41cdec/antenna/tag/e2806894000040038662114f, 85
1652707922.010335, sdrt-health/mac:02010b41cdec/antenna/tag/e2806894000050038662154f, 85
1652707922.010794, sdrt-health/mac:02010b41cdec/antenna/tag/e2806894000050038661fd4f, 83
1652707922.027727, sdrt-health/mac:02010b41cdec/antenna/tag/e2806894000040038662114f, 88
1652707922.031587, sdrt-health/mac:02010b41cdec/antenna/tag/e28068940000400386621d4f, 96
1652707922.07049, sdrt-health/mac:02010b41cdec/antenna/tag/e2806894000050038662154f, 88
1652707922.109053, sdrt-health/mac:02010b41cdec/antenna/tag/e2806894000050038662194f, 81
1652707922.166363, sdrt-health/mac:02010b41cdec/antenna/tag/e2806894000040038662114f, 88
1652707922.16688, sdrt-health/mac:02010b41cdec/antenna/tag/e2806894000050038661fd4f, 86
1652707922.192725, sdrt-health/mac:02010b41cdec/antenna/tag/e28068940000400386621d4f, 77
1652707922.248442, sdrt-health/mac:02010b41cdec/antenna/tag/e2806894000040038662114f, 93
1652707922.248868, sdrt-health/mac:02010b41cdec/antenna/tag/e2806894000050038661fd4f, 86
1652707922.26324, sdrt-health/mac:02010b41cdec/antenna/tag/e2806894000040038662114f, 85
1652707922.263548, sdrt-health/mac:02010b41cdec/antenna/tag/e28068940000400386621d4f, 96
1652707922.270433, sdrt-health/mac:02010b41cdec/antenna/tag/e2806894000050038661fd4f, 83
1652707922.310638, sdrt-health/mac:02010b41cdec/antenna/tag/e2806894000050038661fd4f, 86
1652707922.366835, sdrt-health/mac:02010b41cdec/antenna/tag/e2806894000040038662114f, 88
1652707922.36737, sdrt-health/mac:02010b41cdec/antenna/tag/e2806894000050038661fd4f, 86
1652707922.381012, sdrt-health/mac:02010b41cdec/antenna/tag/e28068940000400386621d4f, 96
1652707922.414065, sdrt-health/mac:02010b41cdec/antenna/tag/e2806894000050038662154f, 91
1652707922.414542, sdrt-health/mac:02010b41cdec/antenna/tag/e2806894000040038662114f, 91
1652707922.414809, sdrt-health/mac:02010b41cdec/antenna/tag/e2806894000050038662154f, 91
1652707922.429842, sdrt-health/mac:02010b41cdec/antenna/tag/e2806894000050038662154f, 91
1652707922.48404, sdrt-health/mac:02010b41cdec/antenna/tag/e2806894000040038662114f, 85
1652707922.484466, sdrt-health/mac:02010b41cdec/antenna/tag/e2806894000050038661fd4f, 86
1652707922.526251, sdrt-health/mac:02010b41cdec/antenna/tag/e2806894000050038661fd4f, 83
1652707922.560088, sdrt-health/mac:02010b41cdec/antenna/tag/e2806894000050038661fd4f, 83
1652707922.560596, sdrt-health/mac:02010b41cdec/antenna/tag/e2806894000040038662114f, 85
1652707922.580934, sdrt-health/mac:02010b41cdec/antenna/tag/e2806894000040038662114f, 85
1652707922.611815, sdrt-health/mac:02010b41cdec/antenna/tag/e2806894000050038661fd4f, 83
1652707922.612375, sdrt-health/mac:02010b41cdec/antenna/tag/e2806894000050038661fd4f, 86
1652707922.637341, sdrt-health/mac:02010b41cdec/antenna/tag/e2806894000050038662154f, 88
1652707922.666781, sdrt-health/mac:02010b41cdec/antenna/tag/e2806894000040038662114f, 88
1652707922.667112, sdrt-health/mac:02010b41cdec/antenna/tag/e2806894000050038662154f, 88
1652707922.690474, sdrt-health/mac:02010b41cdec/antenna/tag/e2806894000050038662154f, 91
1652707922.71949, sdrt-health/mac:02010b41cdec/antenna/tag/e2806894000050038661fd4f, 86
1652707922.719818, sdrt-health/mac:02010b41cdec/antenna/tag/e2806894000050038661fd4f, 86
1652707922.720027, sdrt-health/mac:02010b41cdec/antenna/tag/e2806894000050038662154f, 91
1652707922.73466, sdrt-health/mac:02010b41cdec/antenna/tag/e2806894000050038661fd4f, 86
1652707922.734879, sdrt-health/mac:02010b41cdec/antenna/tag/e28068940000400386621d4f, 96
1652707922.77048, sdrt-health/mac:02010b41cdec/antenna/tag/e28068940000400386621d4f, 96
1652707922.800222, sdrt-health/mac:02010b41cdec/antenna/tag/e28068940000400386621d4f, 96
1652707922.800502, sdrt-health/mac:02010b41cdec/antenna/tag/e2806894000040038662114f, 85
1652707922.819414, sdrt-health/mac:02010b41cdec/antenna/tag/e2806894000040038662114f, 88
1652707922.860772, sdrt-health/mac:02010b41cdec/antenna/tag/e28068940000400386621d4f, 96
1652707922.918303, sdrt-health/mac:02010b41cdec/antenna/tag/e2806894000040038662114f, 88
1652707922.918815, sdrt-health/mac:02010b41cdec/antenna/tag/e2806894000050038661fd4f, 83
1652707922.932993, sdrt-health/mac:02010b41cdec/antenna/tag/e2806894000040038662114f, 88
1652707922.939972, sdrt-health/mac:02010b41cdec/antenna/tag/e2806894000040038662214f, 81
1652707923.000849, sdrt-health/mac:02010b41cdec/antenna/tag/e2806894000050038662154f, 85
1652707923.040363, sdrt-health/mac:02010b41cdec/antenna/tag/e2806894000040038662214f, 94
1652707923.101458, sdrt-health/mac:02010b41cdec/antenna/tag/e28068940000400386621d4f, 96
1652707923.141862, sdrt-health/mac:02010b41cdec/antenna/tag/e28068940000400386621d4f, 96
1652707923.20453, sdrt-health/mac:02010b41cdec/antenna/tag/e2806894000040038662114f, 91
1652707923.204824, sdrt-health/mac:02010b41cdec/antenna/tag/e2806894000040038662114f, 88
1652707923.242897, sdrt-health/mac:02010b41cdec/antenna/tag/e2806894000050038662154f, 91
1652707923.279239, sdrt-health/mac:02010b41cdec/antenna/tag/e2806894000040038662114f, 88
1652707923.337062, sdrt-health/mac:02010b41cdec/antenna/tag/e2806894000050038662154f, 88
1652707923.337455, sdrt-health/mac:02010b41cdec/antenna/tag/e2806894000050038661fd4f, 86
1652707923.359539, sdrt-health/mac:02010b41cdec/antenna/tag/e2806894000050038662194f, 88
1652707923.400123, sdrt-health/mac:02010b41cdec/antenna/tag/e2806894000050038661fd4f, 86
1652707923.456228, sdrt-health/mac:02010b41cdec/antenna/tag/e28068940000400386621d4f, 90
1652707923.456682, sdrt-health/mac:02010b41cdec/antenna/tag/e28068940000400386621d4f, 90
1652707923.488631, sdrt-health/mac:02010b41cdec/antenna/tag/e28068940000400386621d4f, 96
1652707923.547703, sdrt-health/mac:02010b41cdec/antenna/tag/e2806894000040038661f94f, 82
1652707923.548162, sdrt-health/mac:02010b41cdec/antenna/tag/e28068940000500386620d4f, 83
1652707923.561662, sdrt-health/mac:02010b41cdec/antenna/tag/e2806894000040038662114f, 85
1652707923.569711, sdrt-health/mac:02010b41cdec/antenna/tag/e2806894000050038661fd4f, 83
1652707923.621054, sdrt-health/mac:02010b41cdec/antenna/tag/e28068940000400386621d4f, 96
1652707923.663956, sdrt-health/mac:02010b41cdec/antenna/tag/e2806894000040038662114f, 88
1652707923.714078, sdrt-health/mac:02010b41cdec/antenna/tag/e28068940000400386621d4f, 96
1652707923.714557, sdrt-health/mac:02010b41cdec/antenna/tag/e2806894000040038662114f, 85
1652707923.729232, sdrt-health/mac:02010b41cdec/antenna/tag/e28068940000400386621d4f, 96
1652707923.741146, sdrt-health/mac:02010b41cdec/antenna/tag/e28068940000400386621d4f, 96
1652707923.743874, sdrt-health/mac:02010b41cdec/antenna/tag/e2806894000040038662114f, 88
1652707923.744196, sdrt-health/mac:02010b41cdec/antenna/tag/e28068940000400386621d4f, 96
1652707923.77963, sdrt-health/mac:02010b41cdec/antenna/tag/e28068940000400386621d4f, 96
1652707923.820357, sdrt-health/mac:02010b41cdec/antenna/tag/e2806894000040038662114f, 85
1652707923.906983, sdrt-health/mac:02010b41cdec/antenna/tag/e2806894000050038662154f, 88
1652707923.907464, sdrt-health/mac:02010b41cdec/antenna/tag/e28068940000400386621d4f, 96
1652707923.929937, sdrt-health/mac:02010b41cdec/antenna/tag/e2806894000040038662214f, 88
1652707924.004863, sdrt-health/mac:02010b41cdec/antenna/tag/e2806894000050038661fd4f, 83
1652707924.005378, sdrt-health/mac:02010b41cdec/antenna/tag/e28068940000400386621d4f, 96
1652707924.031718, sdrt-health/mac:02010b41cdec/antenna/tag/e28068940000400386621d4f, 96
1652707924.221403, sdrt-health/mac:02010b41cdec/antenna/tag/scan, scan stopped
