1652707463.150339, sdrt-health/mac:02010b41cdec/antenna/power/set, {"power": 290}
1652707464.214205, sdrt-health/mac:02010b41cdec/antenna/power/set, 
1652707468.203983, sdrt-health/mac:02010b41cdec/antenna/tag/scan, {"time": 20000}
1652707468.585882, sdrt-health/mac:02010b41cdec/antenna/tag/e2806894000050038662154f, 88
1652707468.622784, sdrt-health/mac:02010b41cdec/antenna/tag/e28068940000400386621d4f, 96
1652707468.679419, sdrt-health/mac:02010b41cdec/antenna/tag/e28068940000500386620d4f, 81
1652707468.679861, sdrt-health/mac:02010b41cdec/antenna/tag/e28068940000400386621d4f, 90
1652707468.693536, sdrt-health/mac:02010b41cdec/antenna/tag/e2806894000050038661fd4f, 86
1652707468.703523, sdrt-health/mac:02010b41cdec/antenna/tag/e2806894000040038662214f, 81
1652707468.742782, sdrt-health/mac:02010b41cdec/antenna/tag/e2806894000050038661fd4f, 83
1652707468.800362, sdrt-health/mac:02010b41cdec/antenna/tag/e28068940000400386621d4f, 77
1652707468.800821, sdrt-health/mac:02010b41cdec/antenna/tag/e28068940000500386620d4f, 83
1652707468.814728, sdrt-health/mac:02010b41cdec/antenna/tag/e2806894000050038662154f, 88
1652707468.822543, sdrt-health/mac:02010b41cdec/antenna/tag/e2806894000040038662114f, 88
1652707468.861561, sdrt-health/mac:02010b41cdec/antenna/tag/e2806894000050038662194f, 81
1652707468.912143, sdrt-health/mac:02010b41cdec/antenna/tag/e2806894000050038662154f, 97
1652707469.019917, sdrt-health/mac:02010b41cdec/antenna/tag/e2806894000050038661fd4f, 86
1652707469.020376, sdrt-health/mac:02010b41cdec/antenna/tag/e2806894000050038662194f, 81
1652707469.083148, sdrt-health/mac:02010b41cdec/antenna/tag/e28068940000400386621d4f, 96
1652707469.149901, sdrt-health/mac:02010b41cdec/antenna/tag/e28068940000400386621d4f, 96
1652707469.150414, sdrt-health/mac:02010b41cdec/antenna/tag/e28068940000400386621d4f, 96
1652707469.246222, sdrt-health/mac:02010b41cdec/antenna/tag/e28068940000500386620d4f, 87
1652707469.24706, sdrt-health/mac:02010b41cdec/antenna/tag/e2806894000050038662154f, 85
1652707469.24748, sdrt-health/mac:02010b41cdec/antenna/tag/e28068940000500386620d4f, 94
1652707469.298213, sdrt-health/mac:02010b41cdec/antenna/tag/e28068940000400386621d4f, 96
1652707469.380432, sdrt-health/mac:02010b41cdec/antenna/tag/e28068940000400386621d4f, 96
1652707469.380913, sdrt-health/mac:02010b41cdec/antenna/tag/e2806894000050038662154f, 91
1652707469.424037, sdrt-health/mac:02010b41cdec/antenna/tag/e2806894000050038662154f, 91
1652707469.487776, sdrt-health/mac:02010b41cdec/antenna/tag/e2806894000040038662114f, 88
1652707469.488493, sdrt-health/mac:02010b41cdec/antenna/tag/e2806894000050038662154f, 88
1652707469.51309, sdrt-health/mac:02010b41cdec/antenna/tag/e28068940000400386621d4f, 96
1652707469.51342, sdrt-health/mac:02010b41cdec/antenna/tag/e28068940000400386621d4f, 96
1652707469.513659, sdrt-health/mac:02010b41cdec/antenna/tag/e28068940000400386621d4f, 96
1652707469.534681, sdrt-health/mac:02010b41cdec/antenna/tag/e28068940000500386620d4f, 94
1652707469.559754, sdrt-health/mac:02010b41cdec/antenna/tag/e2806894000050038662154f, 91
1652707469.665489, sdrt-health/mac:02010b41cdec/antenna/tag/e2806894000050038662154f, 91
1652707469.782172, sdrt-health/mac:02010b41cdec/antenna/tag/e2806894000040038662114f, 88
1652707469.782647, sdrt-health/mac:02010b41cdec/antenna/tag/e2806894000040038662114f, 88
1652707469.782976, sdrt-health/mac:02010b41cdec/antenna/tag/e2806894000050038661fd4f, 83
1652707469.835967, sdrt-health/mac:02010b41cdec/antenna/tag/e2806894000050038662194f, 88
1652707469.836421, sdrt-health/mac:02010b41cdec/antenna/tag/e2806894000050038662154f, 88
1652707469.836756, sdrt-health/mac:02010b41cdec/antenna/tag/e28068940000500386620d4f, 83
1652707469.837312, sdrt-health/mac:02010b41cdec/antenna/tag/e28068940000500386620d4f, 81
1652707469.837688, sdrt-health/mac:02010b41cdec/antenna/tag/e28068940000500386620d4f, 81
1652707469.83801, sdrt-health/mac:02010b41cdec/antenna/tag/e2806894000050038661fd4f, 86
1652707469.838324, sdrt-health/mac:02010b41cdec/antenna/tag/e2806894000050038662154f, 91
1652707469.910016, sdrt-health/mac:02010b41cdec/antenna/tag/e2806894000040038662114f, 88
1652707469.910477, sdrt-health/mac:02010b41cdec/antenna/tag/e28068940000400386621d4f, 90
1652707469.925796, sdrt-health/mac:02010b41cdec/antenna/tag/e28068940000500386620d4f, 81
1652707469.926154, sdrt-health/mac:02010b41cdec/antenna/tag/e28068940000400386621d4f, 90
1652707470.006943, sdrt-health/mac:02010b41cdec/antenna/tag/e28068940000400386621d4f, 96
1652707470.088474, sdrt-health/mac:02010b41cdec/antenna/tag/e2806894000050038662194f, 94
1652707470.200475, sdrt-health/mac:02010b41cdec/antenna/tag/e2806894000040038662114f, 88
1652707470.201046, sdrt-health/mac:02010b41cdec/antenna/tag/e2806894000050038661fd4f, 86
1652707470.201409, sdrt-health/mac:02010b41cdec/antenna/tag/e2806894000040038662114f, 88
1652707470.225309, sdrt-health/mac:02010b41cdec/antenna/tag/e2806894000040038662114f, 88
1652707470.29886, sdrt-health/mac:02010b41cdec/antenna/tag/e28068940000500386620d4f, 83
1652707470.299326, sdrt-health/mac:02010b41cdec/antenna/tag/e2806894000050038662154f, 91
1652707470.321783, sdrt-health/mac:02010b41cdec/antenna/tag/e2806894000040038662114f, 85
1652707470.404048, sdrt-health/mac:02010b41cdec/antenna/tag/e28068940000400386621d4f, 96
1652707470.460984, sdrt-health/mac:02010b41cdec/antenna/tag/e2806894000050038661fd4f, 83
1652707470.497006, sdrt-health/mac:02010b41cdec/antenna/tag/e2806894000050038661fd4f, 86
1652707470.497315, sdrt-health/mac:02010b41cdec/antenna/tag/e2806894000050038662154f, 91
1652707470.497689, sdrt-health/mac:02010b41cdec/antenna/tag/e2806894000050038661fd4f, 86
1652707470.513672, sdrt-health/mac:02010b41cdec/antenna/tag/e2806894000040038662114f, 88
1652707470.513994, sdrt-health/mac:02010b41cdec/antenna/tag/e2806894000040038662114f, 88
1652707470.555158, sdrt-health/mac:02010b41cdec/antenna/tag/e28068940000400386621d4f, 96
1652707470.604104, sdrt-health/mac:02010b41cdec/antenna/tag/e2806894000050038662194f, 81
1652707470.6371, sdrt-health/mac:02010b41cdec/antenna/tag/e2806894000050038661fd4f, 90
1652707470.637714, sdrt-health/mac:02010b41cdec/antenna/tag/e28068940000400386621d4f, 96
1652707470.652564, sdrt-health/mac:02010b41cdec/antenna/tag/e2806894000040038662114f, 88
1652707470.652963, sdrt-health/mac:02010b41cdec/antenna/tag/e2806894000050038662154f, 88
1652707470.683922, sdrt-health/mac:02010b41cdec/antenna/tag/e28068940000500386620d4f, 81
1652707470.723792, sdrt-health/mac:02010b41cdec/antenna/tag/e28068940000400386621d4f, 96
1652707470.801975, sdrt-health/mac:02010b41cdec/antenna/tag/e28068940000400386621d4f, 96
1652707470.851418, sdrt-health/mac:02010b41cdec/antenna/tag/e2806894000050038661fd4f, 86
1652707470.92334, sdrt-health/mac:02010b41cdec/antenna/tag/e2806894000050038662154f, 91
1652707470.969746, sdrt-health/mac:02010b41cdec/antenna/tag/e2806894000040038662114f, 85
1652707471.030855, sdrt-health/mac:02010b41cdec/antenna/tag/e2806894000050038662154f, 88
1652707471.031373, sdrt-health/mac:02010b41cdec/antenna/tag/e2806894000040038662114f, 88
1652707471.053598, sdrt-health/mac:02010b41cdec/antenna/tag/e2806894000040038662114f, 88
1652707471.109579, sdrt-health/mac:02010b41cdec/antenna/tag/e2806894000040038662114f, 88
1652707471.110037, sdrt-health/mac:02010b41cdec/antenna/tag/e2806894000050038661fd4f, 90
1652707471.132975, sdrt-health/mac:02010b41cdec/antenna/tag/e2806894000050038662154f, 88
1652707471.167942, sdrt-health/mac:02010b41cdec/antenna/tag/e2806894000040038662114f, 91
1652707471.168197, sdrt-health/mac:02010b41cdec/antenna/tag/e2806894000050038661fd4f, 83
1652707471.189032, sdrt-health/mac:02010b41cdec/antenna/tag/e2806894000050038661fd4f, 86
1652707471.229726, sdrt-health/mac:02010b41cdec/antenna/tag/e28068940000400386621d4f, 96
1652707471.296046, sdrt-health/mac:02010b41cdec/antenna/tag/e2806894000040038662114f, 88
1652707471.296509, sdrt-health/mac:02010b41cdec/antenna/tag/e2806894000040038662114f, 88
1652707471.313442, sdrt-health/mac:02010b41cdec/antenna/tag/e28068940000400386621d4f, 96
1652707471.313809, sdrt-health/mac:02010b41cdec/antenna/tag/e28068940000400386621d4f, 96
1652707471.314056, sdrt-health/mac:02010b41cdec/antenna/tag/e2806894000040038662114f, 85
1652707471.326619, sdrt-health/mac:02010b41cdec/antenna/tag/e28068940000400386621d4f, 96
1652707471.374095, sdrt-health/mac:02010b41cdec/antenna/tag/e2806894000050038662154f, 88
1652707471.428153, sdrt-health/mac:02010b41cdec/antenna/tag/e2806894000040038661f94f, 88
1652707471.428617, sdrt-health/mac:02010b41cdec/antenna/tag/e2806894000040038661f94f, 94
1652707471.453275, sdrt-health/mac:02010b41cdec/antenna/tag/e28068940000500386620d4f, 83
1652707471.499918, sdrt-health/mac:02010b41cdec/antenna/tag/e2806894000050038662194f, 84
1652707471.593829, sdrt-health/mac:02010b41cdec/antenna/tag/e2806894000050038662154f, 85
1652707471.666071, sdrt-health/mac:02010b41cdec/antenna/tag/e2806894000050038661fd4f, 83
1652707471.711385, sdrt-health/mac:02010b41cdec/antenna/tag/e28068940000500386620d4f, 83
1652707471.758998, sdrt-health/mac:02010b41cdec/antenna/tag/e2806894000050038661fd4f, 86
1652707471.759497, sdrt-health/mac:02010b41cdec/antenna/tag/e2806894000050038661fd4f, 86
1652707471.783486, sdrt-health/mac:02010b41cdec/antenna/tag/e2806894000050038662194f, 91
1652707471.825399, sdrt-health/mac:02010b41cdec/antenna/tag/e28068940000400386621d4f, 96
1652707471.863916, sdrt-health/mac:02010b41cdec/antenna/tag/e28068940000400386621d4f, 77
1652707471.895606, sdrt-health/mac:02010b41cdec/antenna/tag/e2806894000050038662154f, 85
1652707471.895912, sdrt-health/mac:02010b41cdec/antenna/tag/e2806894000050038662194f, 81
1652707471.915896, sdrt-health/mac:02010b41cdec/antenna/tag/e2806894000050038662194f, 94
1652707471.952867, sdrt-health/mac:02010b41cdec/antenna/tag/e28068940000500386620d4f, 87
1652707471.99197, sdrt-health/mac:02010b41cdec/antenna/tag/e2806894000050038662154f, 85
1652707472.050836, sdrt-health/mac:02010b41cdec/antenna/tag/e2806894000040038662114f, 97
1652707472.051382, sdrt-health/mac:02010b41cdec/antenna/tag/e2806894000050038661fd4f, 86
1652707472.068779, sdrt-health/mac:02010b41cdec/antenna/tag/e28068940000400386621d4f, 96
1652707472.153307, sdrt-health/mac:02010b41cdec/antenna/tag/e28068940000500386620d4f, 81
1652707472.153847, sdrt-health/mac:02010b41cdec/antenna/tag/e28068940000500386620d4f, 81
1652707472.19331, sdrt-health/mac:02010b41cdec/antenna/tag/e2806894000050038662154f, 88
1652707472.232724, sdrt-health/mac:02010b41cdec/antenna/tag/e28068940000400386621d4f, 77
1652707472.29004, sdrt-health/mac:02010b41cdec/antenna/tag/e2806894000050038662194f, 88
1652707472.290506, sdrt-health/mac:02010b41cdec/antenna/tag/e28068940000500386620d4f, 87
1652707472.313711, sdrt-health/mac:02010b41cdec/antenna/tag/e28068940000400386621d4f, 77
1652707472.354531, sdrt-health/mac:02010b41cdec/antenna/tag/e28068940000500386620d4f, 81
1652707472.413282, sdrt-health/mac:02010b41cdec/antenna/tag/e2806894000050038661fd4f, 86
1652707472.513057, sdrt-health/mac:02010b41cdec/antenna/tag/e28068940000500386620d4f, 83
1652707472.594224, sdrt-health/mac:02010b41cdec/antenna/tag/e2806894000040038662114f, 97
1652707472.64985, sdrt-health/mac:02010b41cdec/antenna/tag/e2806894000050038662154f, 88
1652707472.650318, sdrt-health/mac:02010b41cdec/antenna/tag/e2806894000050038661fd4f, 83
1652707472.677364, sdrt-health/mac:02010b41cdec/antenna/tag/e2806894000050038662194f, 94
1652707472.711042, sdrt-health/mac:02010b41cdec/antenna/tag/e2806894000050038662154f, 88
1652707472.756359, sdrt-health/mac:02010b41cdec/antenna/tag/e2806894000050038662194f, 81
1652707472.791377, sdrt-health/mac:02010b41cdec/antenna/tag/e2806894000040038662114f, 88
1652707472.852091, sdrt-health/mac:02010b41cdec/antenna/tag/e2806894000050038662154f, 88
1652707472.852642, sdrt-health/mac:02010b41cdec/antenna/tag/e2806894000040038662114f, 91
1652707472.872486, sdrt-health/mac:02010b41cdec/antenna/tag/e28068940000500386620d4f, 83
1652707472.925737, sdrt-health/mac:02010b41cdec/antenna/tag/e2806894000050038662154f, 93
1652707472.966761, sdrt-health/mac:02010b41cdec/antenna/tag/e2806894000050038661fd4f, 83
1652707473.030988, sdrt-health/mac:02010b41cdec/antenna/tag/e2806894000040038662114f, 88
1652707473.031457, sdrt-health/mac:02010b41cdec/antenna/tag/e2806894000050038662154f, 88
1652707473.053865, sdrt-health/mac:02010b41cdec/antenna/tag/e28068940000400386621d4f, 77
1652707473.107559, sdrt-health/mac:02010b41cdec/antenna/tag/e2806894000050038662154f, 91
1652707473.107902, sdrt-health/mac:02010b41cdec/antenna/tag/e2806894000040038662114f, 88
1652707473.137054, sdrt-health/mac:02010b41cdec/antenna/tag/e2806894000050038661fd4f, 83
1652707473.172292, sdrt-health/mac:02010b41cdec/antenna/tag/e28068940000400386621d4f, 96
1652707473.210459, sdrt-health/mac:02010b41cdec/antenna/tag/e2806894000050038662194f, 81
1652707473.211351, sdrt-health/mac:02010b41cdec/antenna/tag/e2806894000050038661fd4f, 83
1652707473.252337, sdrt-health/mac:02010b41cdec/antenna/tag/e28068940000400386621d4f, 96
1652707473.293456, sdrt-health/mac:02010b41cdec/antenna/tag/e2806894000050038661fd4f, 90
1652707473.34727, sdrt-health/mac:02010b41cdec/antenna/tag/e28068940000500386620d4f, 83
1652707473.347772, sdrt-health/mac:02010b41cdec/antenna/tag/e28068940000500386620d4f, 83
1652707473.361598, sdrt-health/mac:02010b41cdec/antenna/tag/e2806894000040038662114f, 88
1652707473.372685, sdrt-health/mac:02010b41cdec/antenna/tag/e2806894000040038662114f, 88
1652707473.411961, sdrt-health/mac:02010b41cdec/antenna/tag/e2806894000050038662154f, 88
1652707473.461852, sdrt-health/mac:02010b41cdec/antenna/tag/e28068940000400386621d4f, 96
1652707473.521666, sdrt-health/mac:02010b41cdec/antenna/tag/e2806894000040038662114f, 97
1652707473.561876, sdrt-health/mac:02010b41cdec/antenna/tag/e2806894000040038662114f, 88
1652707473.603221, sdrt-health/mac:02010b41cdec/antenna/tag/e28068940000400386621d4f, 90
1652707473.659464, sdrt-health/mac:02010b41cdec/antenna/tag/e2806894000050038662194f, 81
1652707473.659934, sdrt-health/mac:02010b41cdec/antenna/tag/e2806894000040038662114f, 91
1652707473.660273, sdrt-health/mac:02010b41cdec/antenna/tag/e2806894000040038662114f, 88
1652707473.682234, sdrt-health/mac:02010b41cdec/antenna/tag/e2806894000040038662114f, 88
1652707473.711827, sdrt-health/mac:02010b41cdec/antenna/tag/e28068940000400386621d4f, 96
1652707473.712152, sdrt-health/mac:02010b41cdec/antenna/tag/e2806894000050038661fd4f, 83
1652707473.726261, sdrt-health/mac:02010b41cdec/antenna/tag/e2806894000040038662114f, 85
1652707473.726535, sdrt-health/mac:02010b41cdec/antenna/tag/e2806894000050038661fd4f, 86
1652707473.761951, sdrt-health/mac:02010b41cdec/antenna/tag/e28068940000400386621d4f, 96
1652707473.801825, sdrt-health/mac:02010b41cdec/antenna/tag/e2806894000050038662154f, 85
1652707473.855834, sdrt-health/mac:02010b41cdec/antenna/tag/e2806894000040038662114f, 88
1652707473.856353, sdrt-health/mac:02010b41cdec/antenna/tag/e2806894000050038662154f, 88
1652707473.870709, sdrt-health/mac:02010b41cdec/antenna/tag/e28068940000500386620d4f, 83
1652707473.880416, sdrt-health/mac:02010b41cdec/antenna/tag/e2806894000050038661fd4f, 86
1652707473.922939, sdrt-health/mac:02010b41cdec/antenna/tag/e2806894000050038661fd4f, 86
1652707473.962206, sdrt-health/mac:02010b41cdec/antenna/tag/e2806894000040038662114f, 88
1652707474.017865, sdrt-health/mac:02010b41cdec/antenna/tag/e2806894000040038662114f, 88
1652707474.018314, sdrt-health/mac:02010b41cdec/antenna/tag/e2806894000050038661fd4f, 86
1652707474.03251, sdrt-health/mac:02010b41cdec/antenna/tag/e2806894000040038662114f, 85
1652707474.092155, sdrt-health/mac:02010b41cdec/antenna/tag/e28068940000500386620d4f, 83
1652707474.132295, sdrt-health/mac:02010b41cdec/antenna/tag/e28068940000400386621d4f, 96
1652707474.198259, sdrt-health/mac:02010b41cdec/antenna/tag/e2806894000050038662154f, 91
1652707474.198459, sdrt-health/mac:02010b41cdec/antenna/tag/e2806894000050038661fd4f, 86
1652707474.221822, sdrt-health/mac:02010b41cdec/antenna/tag/e28068940000400386621d4f, 96
1652707474.274782, sdrt-health/mac:02010b41cdec/antenna/tag/e2806894000050038661fd4f, 83
1652707474.275143, sdrt-health/mac:02010b41cdec/antenna/tag/e2806894000050038662154f, 88
1652707474.339138, sdrt-health/mac:02010b41cdec/antenna/tag/e28068940000400386621d4f, 96
1652707474.397295, sdrt-health/mac:02010b41cdec/antenna/tag/e2806894000050038661fd4f, 86
1652707474.398784, sdrt-health/mac:02010b41cdec/antenna/tag/e28068940000400386621d4f, 96
1652707474.411838, sdrt-health/mac:02010b41cdec/antenna/tag/e2806894000040038662114f, 88
1652707474.422415, sdrt-health/mac:02010b41cdec/antenna/tag/e2806894000050038661fd4f, 86
1652707474.47071, sdrt-health/mac:02010b41cdec/antenna/tag/e2806894000050038662154f, 91
1652707474.497313, sdrt-health/mac:02010b41cdec/antenna/tag/e2806894000050038662154f, 88
1652707474.497567, sdrt-health/mac:02010b41cdec/antenna/tag/e2806894000050038661fd4f, 86
1652707474.497744, sdrt-health/mac:02010b41cdec/antenna/tag/e2806894000040038662114f, 85
1652707474.511132, sdrt-health/mac:02010b41cdec/antenna/tag/e28068940000400386621d4f, 96
1652707474.540749, sdrt-health/mac:02010b41cdec/antenna/tag/e2806894000040038662114f, 88
1652707474.541165, sdrt-health/mac:02010b41cdec/antenna/tag/e2806894000050038662154f, 88
1652707474.555525, sdrt-health/mac:02010b41cdec/antenna/tag/e2806894000040038662054f, 94
1652707474.592936, sdrt-health/mac:02010b41cdec/antenna/tag/e28068940000400386621d4f, 96
1652707474.646596, sdrt-health/mac:02010b41cdec/antenna/tag/e2806894000050038661fd4f, 83
1652707474.646876, sdrt-health/mac:02010b41cdec/antenna/tag/e28068940000400386621d4f, 96
1652707474.661392, sdrt-health/mac:02010b41cdec/antenna/tag/e2806894000040038662114f, 88
1652707474.69036, sdrt-health/mac:02010b41cdec/antenna/tag/e28068940000400386621d4f, 77
1652707474.690756, sdrt-health/mac:02010b41cdec/antenna/tag/e2806894000050038661fd4f, 86
1652707474.711602, sdrt-health/mac:02010b41cdec/antenna/tag/e28068940000400386621d4f, 96
1652707474.765241, sdrt-health/mac:02010b41cdec/antenna/tag/e2806894000050038661fd4f, 86
1652707474.765699, sdrt-health/mac:02010b41cdec/antenna/tag/e2806894000050038662154f, 88
1652707474.792341, sdrt-health/mac:02010b41cdec/antenna/tag/e2806894000040038662114f, 88
1652707474.833324, sdrt-health/mac:02010b41cdec/antenna/tag/e28068940000400386621d4f, 96
1652707474.873359, sdrt-health/mac:02010b41cdec/antenna/tag/e28068940000400386621d4f, 96
1652707474.912509, sdrt-health/mac:02010b41cdec/antenna/tag/e2806894000040038662114f, 88
1652707474.969735, sdrt-health/mac:02010b41cdec/antenna/tag/e28068940000400386621d4f, 96
1652707474.970344, sdrt-health/mac:02010b41cdec/antenna/tag/e2806894000040038662114f, 91
1652707474.992083, sdrt-health/mac:02010b41cdec/antenna/tag/e28068940000500386620d4f, 94
1652707475.047229, sdrt-health/mac:02010b41cdec/antenna/tag/e2806894000050038662154f, 88
1652707475.047438, sdrt-health/mac:02010b41cdec/antenna/tag/e28068940000500386620d4f, 94
1652707475.071718, sdrt-health/mac:02010b41cdec/antenna/tag/e2806894000050038662194f, 81
1652707475.110866, sdrt-health/mac:02010b41cdec/antenna/tag/e2806894000040038662114f, 97
1652707475.16658, sdrt-health/mac:02010b41cdec/antenna/tag/e28068940000400386621d4f, 90
1652707475.167027, sdrt-health/mac:02010b41cdec/antenna/tag/e2806894000050038661fd4f, 86
1652707475.181855, sdrt-health/mac:02010b41cdec/antenna/tag/e2806894000050038662154f, 88
1652707475.192376, sdrt-health/mac:02010b41cdec/antenna/tag/e28068940000500386620d4f, 94
1652707475.232002, sdrt-health/mac:02010b41cdec/antenna/tag/e2806894000040038662214f, 94
1652707475.262189, sdrt-health/mac:02010b41cdec/antenna/tag/e28068940000500386620d4f, 83
1652707475.26241, sdrt-health/mac:02010b41cdec/antenna/tag/e28068940000500386620d4f, 83
1652707475.275612, sdrt-health/mac:02010b41cdec/antenna/tag/e2806894000040038662214f, 87
1652707475.275964, sdrt-health/mac:02010b41cdec/antenna/tag/e2806894000040038661f94f, 88
1652707475.310588, sdrt-health/mac:02010b41cdec/antenna/tag/e2806894000040038662114f, 85
1652707475.366933, sdrt-health/mac:02010b41cdec/antenna/tag/e2806894000050038661fd4f, 83
1652707475.367377, sdrt-health/mac:02010b41cdec/antenna/tag/e28068940000400386621d4f, 77
1652707475.380889, sdrt-health/mac:02010b41cdec/antenna/tag/e2806894000050038662194f, 83
1652707475.412248, sdrt-health/mac:02010b41cdec/antenna/tag/e2806894000040038662114f, 88
1652707475.452327, sdrt-health/mac:02010b41cdec/antenna/tag/e2806894000040038662114f, 85
1652707475.4915, sdrt-health/mac:02010b41cdec/antenna/tag/e2806894000040038662114f, 85
1652707475.530367, sdrt-health/mac:02010b41cdec/antenna/tag/e2806894000040038662114f, 88
1652707475.586348, sdrt-health/mac:02010b41cdec/antenna/tag/e2806894000050038661fd4f, 86
1652707475.587023, sdrt-health/mac:02010b41cdec/antenna/tag/e2806894000040038662114f, 88
1652707475.601405, sdrt-health/mac:02010b41cdec/antenna/tag/e2806894000040038662114f, 88
1652707475.610795, sdrt-health/mac:02010b41cdec/antenna/tag/e28068940000400386621d4f, 96
1652707475.65181, sdrt-health/mac:02010b41cdec/antenna/tag/e2806894000040038662214f, 84
1652707475.710363, sdrt-health/mac:02010b41cdec/antenna/tag/e2806894000050038661fd4f, 83
1652707475.710889, sdrt-health/mac:02010b41cdec/antenna/tag/e28068940000400386621d4f, 77
1652707475.711273, sdrt-health/mac:02010b41cdec/antenna/tag/e2806894000040038661f94f, 84
1652707475.725348, sdrt-health/mac:02010b41cdec/antenna/tag/e2806894000050038661fd4f, 83
1652707475.725895, sdrt-health/mac:02010b41cdec/antenna/tag/e2806894000040038662114f, 88
1652707475.731927, sdrt-health/mac:02010b41cdec/antenna/tag/e2806894000050038662194f, 81
1652707475.740762, sdrt-health/mac:02010b41cdec/antenna/tag/e28068940000400386621d4f, 77
1652707475.771551, sdrt-health/mac:02010b41cdec/antenna/tag/e2806894000050038662154f, 97
1652707475.826651, sdrt-health/mac:02010b41cdec/antenna/tag/e2806894000050038661fd4f, 86
1652707475.827143, sdrt-health/mac:02010b41cdec/antenna/tag/e2806894000040038662114f, 85
1652707475.84277, sdrt-health/mac:02010b41cdec/antenna/tag/e2806894000050038662194f, 81
1652707475.852729, sdrt-health/mac:02010b41cdec/antenna/tag/e2806894000050038662154f, 88
1652707475.909654, sdrt-health/mac:02010b41cdec/antenna/tag/e28068940000400386621d4f, 96
1652707475.99336, sdrt-health/mac:02010b41cdec/antenna/tag/e2806894000040038662114f, 85
1652707475.993853, sdrt-health/mac:02010b41cdec/antenna/tag/e28068940000400386621d4f, 96
1652707476.007733, sdrt-health/mac:02010b41cdec/antenna/tag/e2806894000040038662114f, 88
1652707476.0363, sdrt-health/mac:02010b41cdec/antenna/tag/e2806894000040038662114f, 88
1652707476.036677, sdrt-health/mac:02010b41cdec/antenna/tag/e2806894000040038662114f, 88
1652707476.03713, sdrt-health/mac:02010b41cdec/antenna/tag/e28068940000400386621d4f, 96
1652707476.061057, sdrt-health/mac:02010b41cdec/antenna/tag/e28068940000400386621d4f, 96
1652707476.11912, sdrt-health/mac:02010b41cdec/antenna/tag/e2806894000050038662154f, 91
1652707476.119691, sdrt-health/mac:02010b41cdec/antenna/tag/e28068940000400386621d4f, 96
1652707476.1412, sdrt-health/mac:02010b41cdec/antenna/tag/e2806894000050038662154f, 88
1652707476.181941, sdrt-health/mac:02010b41cdec/antenna/tag/e2806894000050038661fd4f, 86
1652707476.212523, sdrt-health/mac:02010b41cdec/antenna/tag/e2806894000040038662114f, 88
1652707476.21279, sdrt-health/mac:02010b41cdec/antenna/tag/e2806894000050038661fd4f, 83
1652707476.227783, sdrt-health/mac:02010b41cdec/antenna/tag/e28068940000500386620d4f, 87
1652707476.228065, sdrt-health/mac:02010b41cdec/antenna/tag/e28068940000400386621d4f, 96
1652707476.263371, sdrt-health/mac:02010b41cdec/antenna/tag/e28068940000400386621d4f, 96
1652707476.301829, sdrt-health/mac:02010b41cdec/antenna/tag/e2806894000050038661fd4f, 90
1652707476.34297, sdrt-health/mac:02010b41cdec/antenna/tag/e2806894000050038662154f, 88
1652707476.37147, sdrt-health/mac:02010b41cdec/antenna/tag/e28068940000500386620d4f, 81
1652707476.371711, sdrt-health/mac:02010b41cdec/antenna/tag/e2806894000050038662154f, 88
1652707476.38525, sdrt-health/mac:02010b41cdec/antenna/tag/e28068940000500386620d4f, 83
1652707476.421522, sdrt-health/mac:02010b41cdec/antenna/tag/e2806894000050038662154f, 88
1652707476.451167, sdrt-health/mac:02010b41cdec/antenna/tag/e2806894000050038662154f, 88
1652707476.451446, sdrt-health/mac:02010b41cdec/antenna/tag/e2806894000040038662114f, 88
1652707476.465357, sdrt-health/mac:02010b41cdec/antenna/tag/e2806894000040038662114f, 88
1652707476.465643, sdrt-health/mac:02010b41cdec/antenna/tag/e28068940000500386620d4f, 83
1652707476.500763, sdrt-health/mac:02010b41cdec/antenna/tag/e28068940000500386620d4f, 81
1652707476.54097, sdrt-health/mac:02010b41cdec/antenna/tag/e28068940000400386621d4f, 96
1652707476.582721, sdrt-health/mac:02010b41cdec/antenna/tag/e2806894000050038662154f, 85
1652707476.655357, sdrt-health/mac:02010b41cdec/antenna/tag/e28068940000400386621d4f, 96
1652707476.65588, sdrt-health/mac:02010b41cdec/antenna/tag/e2806894000050038662194f, 94
1652707476.682707, sdrt-health/mac:02010b41cdec/antenna/tag/e2806894000040038661f94f, 94
1652707476.735754, sdrt-health/mac:02010b41cdec/antenna/tag/e2806894000040038661f94f, 84
1652707476.736155, sdrt-health/mac:02010b41cdec/antenna/tag/e2806894000050038661fd4f, 83
1652707476.751161, sdrt-health/mac:02010b41cdec/antenna/tag/e28068940000400386621d4f, 96
1652707476.763256, sdrt-health/mac:02010b41cdec/antenna/tag/e2806894000050038662154f, 88
1652707476.801305, sdrt-health/mac:02010b41cdec/antenna/tag/e2806894000040038662114f, 85
1652707476.842064, sdrt-health/mac:02010b41cdec/antenna/tag/e2806894000050038662154f, 88
1652707476.902235, sdrt-health/mac:02010b41cdec/antenna/tag/e2806894000040038662114f, 88
1652707476.955509, sdrt-health/mac:02010b41cdec/antenna/tag/e28068940000400386621d4f, 96
1652707476.956055, sdrt-health/mac:02010b41cdec/antenna/tag/e28068940000400386621d4f, 96
1652707476.971432, sdrt-health/mac:02010b41cdec/antenna/tag/e2806894000050038662154f, 91
1652707476.982987, sdrt-health/mac:02010b41cdec/antenna/tag/e28068940000400386621d4f, 96
1652707477.022998, sdrt-health/mac:02010b41cdec/antenna/tag/e28068940000500386620d4f, 87
1652707477.11156, sdrt-health/mac:02010b41cdec/antenna/tag/e2806894000050038661fd4f, 86
1652707477.152073, sdrt-health/mac:02010b41cdec/antenna/tag/e2806894000050038662154f, 93
1652707477.191859, sdrt-health/mac:02010b41cdec/antenna/tag/e2806894000050038661fd4f, 86
1652707477.231405, sdrt-health/mac:02010b41cdec/antenna/tag/e2806894000040038662114f, 88
1652707477.272056, sdrt-health/mac:02010b41cdec/antenna/tag/e2806894000050038661fd4f, 86
1652707477.341902, sdrt-health/mac:02010b41cdec/antenna/tag/e2806894000040038662114f, 91
1652707477.392319, sdrt-health/mac:02010b41cdec/antenna/tag/e2806894000040038662114f, 91
1652707477.447584, sdrt-health/mac:02010b41cdec/antenna/tag/e2806894000050038661fd4f, 90
1652707477.448036, sdrt-health/mac:02010b41cdec/antenna/tag/e28068940000400386621d4f, 96
1652707477.448366, sdrt-health/mac:02010b41cdec/antenna/tag/e28068940000400386621d4f, 96
1652707477.460521, sdrt-health/mac:02010b41cdec/antenna/tag/e2806894000050038661fd4f, 83
1652707477.461124, sdrt-health/mac:02010b41cdec/antenna/tag/e2806894000050038662154f, 88
1652707477.471428, sdrt-health/mac:02010b41cdec/antenna/tag/e28068940000400386621d4f, 96
1652707477.560631, sdrt-health/mac:02010b41cdec/antenna/tag/e28068940000400386621d4f, 96
1652707477.602286, sdrt-health/mac:02010b41cdec/antenna/tag/e2806894000040038662114f, 88
1652707477.641044, sdrt-health/mac:02010b41cdec/antenna/tag/e2806894000050038662154f, 88
1652707477.695793, sdrt-health/mac:02010b41cdec/antenna/tag/e28068940000500386620d4f, 87
1652707477.696339, sdrt-health/mac:02010b41cdec/antenna/tag/e2806894000040038662114f, 85
1652707477.723649, sdrt-health/mac:02010b41cdec/antenna/tag/e2806894000050038662154f, 88
1652707477.752374, sdrt-health/mac:02010b41cdec/antenna/tag/e2806894000040038662114f, 91
1652707477.75261, sdrt-health/mac:02010b41cdec/antenna/tag/e2806894000050038661fd4f, 86
1652707477.752791, sdrt-health/mac:02010b41cdec/antenna/tag/e28068940000400386621d4f, 96
1652707477.768383, sdrt-health/mac:02010b41cdec/antenna/tag/e28068940000500386620d4f, 87
1652707477.768713, sdrt-health/mac:02010b41cdec/antenna/tag/e2806894000040038662114f, 88
1652707477.769015, sdrt-health/mac:02010b41cdec/antenna/tag/e2806894000040038662114f, 88
1652707477.802212, sdrt-health/mac:02010b41cdec/antenna/tag/e2806894000040038662114f, 85
1652707477.841963, sdrt-health/mac:02010b41cdec/antenna/tag/e2806894000050038661fd4f, 83
1652707477.882008, sdrt-health/mac:02010b41cdec/antenna/tag/e2806894000040038662114f, 85
1652707477.913185, sdrt-health/mac:02010b41cdec/antenna/tag/e2806894000040038662214f, 88
1652707477.913374, sdrt-health/mac:02010b41cdec/antenna/tag/e2806894000050038661fd4f, 83
1652707477.928429, sdrt-health/mac:02010b41cdec/antenna/tag/e2806894000050038662154f, 88
1652707477.961714, sdrt-health/mac:02010b41cdec/antenna/tag/e2806894000050038661fd4f, 86
1652707478.002252, sdrt-health/mac:02010b41cdec/antenna/tag/e2806894000050038662154f, 85
1652707478.036838, sdrt-health/mac:02010b41cdec/antenna/tag/e28068940000500386620d4f, 87
1652707478.037287, sdrt-health/mac:02010b41cdec/antenna/tag/e2806894000040038662114f, 88
1652707478.037444, sdrt-health/mac:02010b41cdec/antenna/tag/e28068940000400386621d4f, 96
1652707478.052739, sdrt-health/mac:02010b41cdec/antenna/tag/e28068940000400386621d4f, 96
1652707478.083797, sdrt-health/mac:02010b41cdec/antenna/tag/e28068940000500386620d4f, 83
1652707478.122062, sdrt-health/mac:02010b41cdec/antenna/tag/e28068940000400386621d4f, 96
1652707478.17884, sdrt-health/mac:02010b41cdec/antenna/tag/e2806894000040038662114f, 88
1652707478.17915, sdrt-health/mac:02010b41cdec/antenna/tag/e2806894000050038662194f, 83
1652707478.195032, sdrt-health/mac:02010b41cdec/antenna/tag/e2806894000040038662114f, 88
1652707478.203453, sdrt-health/mac:02010b41cdec/antenna/tag/e2806894000050038661fd4f, 86
1652707478.211099, sdrt-health/mac:02010b41cdec/antenna/tag/e28068940000500386620d4f, 83
1652707478.242211, sdrt-health/mac:02010b41cdec/antenna/tag/e2806894000050038661fd4f, 86
1652707478.281431, sdrt-health/mac:02010b41cdec/antenna/tag/e2806894000050038662154f, 91
1652707478.322026, sdrt-health/mac:02010b41cdec/antenna/tag/e2806894000050038662154f, 85
1652707478.363714, sdrt-health/mac:02010b41cdec/antenna/tag/e2806894000040038662114f, 88
1652707478.482689, sdrt-health/mac:02010b41cdec/antenna/tag/e2806894000050038661fd4f, 86
1652707478.522936, sdrt-health/mac:02010b41cdec/antenna/tag/e2806894000050038662154f, 88
1652707478.627851, sdrt-health/mac:02010b41cdec/antenna/tag/e28068940000500386620d4f, 83
1652707478.628357, sdrt-health/mac:02010b41cdec/antenna/tag/e2806894000050038662194f, 81
1652707478.652238, sdrt-health/mac:02010b41cdec/antenna/tag/e28068940000500386620d4f, 81
1652707478.708722, sdrt-health/mac:02010b41cdec/antenna/tag/e2806894000040038662114f, 91
1652707478.709019, sdrt-health/mac:02010b41cdec/antenna/tag/e2806894000050038662194f, 81
1652707478.724243, sdrt-health/mac:02010b41cdec/antenna/tag/e2806894000050038662154f, 88
1652707478.731704, sdrt-health/mac:02010b41cdec/antenna/tag/e2806894000050038661fd4f, 86
1652707478.739434, sdrt-health/mac:02010b41cdec/antenna/tag/e2806894000040038662114f, 88
1652707478.771835, sdrt-health/mac:02010b41cdec/antenna/tag/e28068940000400386621d4f, 77
1652707478.82916, sdrt-health/mac:02010b41cdec/antenna/tag/e2806894000050038662194f, 81
1652707478.829685, sdrt-health/mac:02010b41cdec/antenna/tag/e2806894000050038661fd4f, 86
1652707478.845469, sdrt-health/mac:02010b41cdec/antenna/tag/e28068940000500386620d4f, 87
1652707478.852383, sdrt-health/mac:02010b41cdec/antenna/tag/e2806894000040038662114f, 88
1652707478.903357, sdrt-health/mac:02010b41cdec/antenna/tag/e2806894000040038662114f, 91
1652707478.934416, sdrt-health/mac:02010b41cdec/antenna/tag/e2806894000050038661fd4f, 86
1652707478.934628, sdrt-health/mac:02010b41cdec/antenna/tag/e2806894000050038662154f, 88
1652707478.934771, sdrt-health/mac:02010b41cdec/antenna/tag/e2806894000050038661fd4f, 90
1652707478.992902, sdrt-health/mac:02010b41cdec/antenna/tag/e2806894000050038662154f, 91
1652707479.047227, sdrt-health/mac:02010b41cdec/antenna/tag/e2806894000050038661fd4f, 86
1652707479.047748, sdrt-health/mac:02010b41cdec/antenna/tag/e2806894000050038662154f, 97
1652707479.071276, sdrt-health/mac:02010b41cdec/antenna/tag/e2806894000050038662154f, 88
1652707479.126706, sdrt-health/mac:02010b41cdec/antenna/tag/e2806894000050038661fd4f, 86
1652707479.127157, sdrt-health/mac:02010b41cdec/antenna/tag/e28068940000500386620d4f, 83
1652707479.153602, sdrt-health/mac:02010b41cdec/antenna/tag/e2806894000050038662194f, 94
1652707479.192358, sdrt-health/mac:02010b41cdec/antenna/tag/e28068940000500386620d4f, 87
1652707479.282974, sdrt-health/mac:02010b41cdec/antenna/tag/e28068940000400386621d4f, 96
1652707479.321818, sdrt-health/mac:02010b41cdec/antenna/tag/e2806894000050038662154f, 88
1652707479.376806, sdrt-health/mac:02010b41cdec/antenna/tag/e2806894000040038662114f, 88
1652707479.377184, sdrt-health/mac:02010b41cdec/antenna/tag/e2806894000040038662114f, 88
1652707479.40268, sdrt-health/mac:02010b41cdec/antenna/tag/e2806894000040038662114f, 88
1652707479.442024, sdrt-health/mac:02010b41cdec/antenna/tag/e2806894000050038662194f, 81
1652707479.502405, sdrt-health/mac:02010b41cdec/antenna/tag/e2806894000050038661fd4f, 86
1652707479.542624, sdrt-health/mac:02010b41cdec/antenna/tag/e2806894000040038662114f, 88
1652707479.598119, sdrt-health/mac:02010b41cdec/antenna/tag/e2806894000040038662114f, 91
1652707479.598579, sdrt-health/mac:02010b41cdec/antenna/tag/e28068940000400386621d4f, 96
1652707479.641346, sdrt-health/mac:02010b41cdec/antenna/tag/e2806894000040038662114f, 85
1652707479.682588, sdrt-health/mac:02010b41cdec/antenna/tag/e28068940000400386621d4f, 96
1652707479.795092, sdrt-health/mac:02010b41cdec/antenna/tag/e2806894000050038662154f, 91
1652707479.844096, sdrt-health/mac:02010b41cdec/antenna/tag/e2806894000050038661fd4f, 86
1652707479.873747, sdrt-health/mac:02010b41cdec/antenna/tag/e2806894000040038662114f, 88
1652707479.874135, sdrt-health/mac:02010b41cdec/antenna/tag/e2806894000050038661fd4f, 86
1652707479.888862, sdrt-health/mac:02010b41cdec/antenna/tag/e28068940000400386621d4f, 90
1652707479.923963, sdrt-health/mac:02010b41cdec/antenna/tag/e2806894000050038662154f, 88
1652707479.978208, sdrt-health/mac:02010b41cdec/antenna/tag/e28068940000500386620d4f, 81
1652707479.978658, sdrt-health/mac:02010b41cdec/antenna/tag/e2806894000040038662114f, 91
1652707479.994131, sdrt-health/mac:02010b41cdec/antenna/tag/e2806894000050038661fd4f, 86
1652707479.994386, sdrt-health/mac:02010b41cdec/antenna/tag/e28068940000400386621d4f, 90
1652707479.994578, sdrt-health/mac:02010b41cdec/antenna/tag/e28068940000500386620d4f, 94
1652707480.012931, sdrt-health/mac:02010b41cdec/antenna/tag/e2806894000040038662114f, 91
1652707480.068821, sdrt-health/mac:02010b41cdec/antenna/tag/e2806894000050038662154f, 88
1652707480.06928, sdrt-health/mac:02010b41cdec/antenna/tag/e28068940000500386620d4f, 81
1652707480.09417, sdrt-health/mac:02010b41cdec/antenna/tag/e28068940000400386621d4f, 96
1652707480.094445, sdrt-health/mac:02010b41cdec/antenna/tag/e2806894000050038661fd4f, 90
1652707480.15313, sdrt-health/mac:02010b41cdec/antenna/tag/e28068940000400386621d4f, 96
1652707480.19418, sdrt-health/mac:02010b41cdec/antenna/tag/e2806894000040038662114f, 88
1652707480.225663, sdrt-health/mac:02010b41cdec/antenna/tag/e2806894000050038661fd4f, 83
1652707480.225953, sdrt-health/mac:02010b41cdec/antenna/tag/e2806894000050038662154f, 91
1652707480.241671, sdrt-health/mac:02010b41cdec/antenna/tag/e2806894000040038662114f, 88
1652707480.282927, sdrt-health/mac:02010b41cdec/antenna/tag/e28068940000400386621d4f, 90
1652707480.322957, sdrt-health/mac:02010b41cdec/antenna/tag/e2806894000050038661fd4f, 83
1652707480.362603, sdrt-health/mac:02010b41cdec/antenna/tag/e2806894000050038662154f, 85
1652707480.403148, sdrt-health/mac:02010b41cdec/antenna/tag/e2806894000050038661fd4f, 86
1652707480.443512, sdrt-health/mac:02010b41cdec/antenna/tag/e2806894000040038662114f, 85
1652707480.482476, sdrt-health/mac:02010b41cdec/antenna/tag/e28068940000400386621d4f, 77
1652707480.516038, sdrt-health/mac:02010b41cdec/antenna/tag/e28068940000400386621d4f, 77
1652707480.516482, sdrt-health/mac:02010b41cdec/antenna/tag/e2806894000050038661fd4f, 86
1652707480.531449, sdrt-health/mac:02010b41cdec/antenna/tag/e2806894000050038662154f, 91
1652707480.574096, sdrt-health/mac:02010b41cdec/antenna/tag/e2806894000050038661fd4f, 86
1652707480.605511, sdrt-health/mac:02010b41cdec/antenna/tag/e2806894000050038662154f, 91
1652707480.605835, sdrt-health/mac:02010b41cdec/antenna/tag/e2806894000040038662114f, 91
1652707480.620162, sdrt-health/mac:02010b41cdec/antenna/tag/e28068940000500386620d4f, 83
1652707480.620398, sdrt-health/mac:02010b41cdec/antenna/tag/e2806894000050038661fd4f, 86
1652707480.652976, sdrt-health/mac:02010b41cdec/antenna/tag/e2806894000050038661fd4f, 86
1652707480.691882, sdrt-health/mac:02010b41cdec/antenna/tag/e2806894000050038661fd4f, 83
1652707480.720887, sdrt-health/mac:02010b41cdec/antenna/tag/e2806894000040038662054f, 81
1652707480.721286, sdrt-health/mac:02010b41cdec/antenna/tag/e28068940000400386621d4f, 96
1652707480.736683, sdrt-health/mac:02010b41cdec/antenna/tag/e2806894000050038661fd4f, 83
1652707480.737112, sdrt-health/mac:02010b41cdec/antenna/tag/e2806894000050038661fd4f, 86
1652707480.737318, sdrt-health/mac:02010b41cdec/antenna/tag/e28068940000400386621d4f, 77
1652707480.7807, sdrt-health/mac:02010b41cdec/antenna/tag/e28068940000400386621d4f, 96
1652707480.853675, sdrt-health/mac:02010b41cdec/antenna/tag/e2806894000050038661fd4f, 86
1652707480.887321, sdrt-health/mac:02010b41cdec/antenna/tag/e2806894000050038662154f, 91
1652707480.887862, sdrt-health/mac:02010b41cdec/antenna/tag/e2806894000050038661fd4f, 90
1652707480.8884, sdrt-health/mac:02010b41cdec/antenna/tag/e2806894000040038662114f, 91
1652707480.901716, sdrt-health/mac:02010b41cdec/antenna/tag/e28068940000400386621d4f, 96
1652707480.902112, sdrt-health/mac:02010b41cdec/antenna/tag/e2806894000050038661fd4f, 86
1652707480.932245, sdrt-health/mac:02010b41cdec/antenna/tag/e2806894000050038661fd4f, 86
1652707480.97118, sdrt-health/mac:02010b41cdec/antenna/tag/e2806894000050038661fd4f, 86
1652707481.001089, sdrt-health/mac:02010b41cdec/antenna/tag/e28068940000400386621d4f, 90
1652707481.001468, sdrt-health/mac:02010b41cdec/antenna/tag/e28068940000400386621d4f, 96
1652707481.016624, sdrt-health/mac:02010b41cdec/antenna/tag/e2806894000040038662114f, 88
1652707481.053939, sdrt-health/mac:02010b41cdec/antenna/tag/e2806894000050038661fd4f, 86
1652707481.091681, sdrt-health/mac:02010b41cdec/antenna/tag/e28068940000400386621d4f, 90
1652707481.147916, sdrt-health/mac:02010b41cdec/antenna/tag/e2806894000040038662114f, 88
1652707481.148402, sdrt-health/mac:02010b41cdec/antenna/tag/e2806894000040038662114f, 88
1652707481.172863, sdrt-health/mac:02010b41cdec/antenna/tag/e28068940000400386621d4f, 96
1652707481.228673, sdrt-health/mac:02010b41cdec/antenna/tag/e2806894000050038662154f, 88
1652707481.229154, sdrt-health/mac:02010b41cdec/antenna/tag/e2806894000040038661f94f, 81
1652707481.253428, sdrt-health/mac:02010b41cdec/antenna/tag/e2806894000050038661fd4f, 86
1652707481.285832, sdrt-health/mac:02010b41cdec/antenna/tag/e2806894000040038662114f, 88
1652707481.286226, sdrt-health/mac:02010b41cdec/antenna/tag/e2806894000040038662114f, 88
1652707481.301589, sdrt-health/mac:02010b41cdec/antenna/tag/e28068940000400386621d4f, 77
1652707481.332035, sdrt-health/mac:02010b41cdec/antenna/tag/e2806894000050038661fd4f, 86
1652707481.372488, sdrt-health/mac:02010b41cdec/antenna/tag/e2806894000040038662114f, 85
1652707481.41301, sdrt-health/mac:02010b41cdec/antenna/tag/e2806894000050038662154f, 88
1652707481.481104, sdrt-health/mac:02010b41cdec/antenna/tag/e2806894000050038661fd4f, 86
1652707481.481578, sdrt-health/mac:02010b41cdec/antenna/tag/e2806894000050038661fd4f, 90
1652707481.50203, sdrt-health/mac:02010b41cdec/antenna/tag/e28068940000500386620d4f, 83
1652707481.561925, sdrt-health/mac:02010b41cdec/antenna/tag/e2806894000040038662114f, 91
1652707481.638904, sdrt-health/mac:02010b41cdec/antenna/tag/e2806894000050038662154f, 88
1652707481.639342, sdrt-health/mac:02010b41cdec/antenna/tag/e2806894000050038661fd4f, 86
1652707481.67049, sdrt-health/mac:02010b41cdec/antenna/tag/e2806894000050038662154f, 88
1652707481.728586, sdrt-health/mac:02010b41cdec/antenna/tag/e2806894000050038662194f, 81
1652707481.729142, sdrt-health/mac:02010b41cdec/antenna/tag/e2806894000040038662214f, 88
1652707481.753216, sdrt-health/mac:02010b41cdec/antenna/tag/e28068940000500386620d4f, 94
1652707481.794909, sdrt-health/mac:02010b41cdec/antenna/tag/e2806894000040038662114f, 85
1652707481.864559, sdrt-health/mac:02010b41cdec/antenna/tag/e2806894000050038662154f, 85
1652707481.864818, sdrt-health/mac:02010b41cdec/antenna/tag/e28068940000400386621d4f, 96
1652707481.882933, sdrt-health/mac:02010b41cdec/antenna/tag/e2806894000040038662114f, 85
1652707481.913105, sdrt-health/mac:02010b41cdec/antenna/tag/e2806894000050038662154f, 91
1652707481.913346, sdrt-health/mac:02010b41cdec/antenna/tag/e2806894000050038661fd4f, 86
1652707481.928092, sdrt-health/mac:02010b41cdec/antenna/tag/e28068940000400386621d4f, 77
1652707481.961085, sdrt-health/mac:02010b41cdec/antenna/tag/e2806894000050038662194f, 81
1652707482.002474, sdrt-health/mac:02010b41cdec/antenna/tag/e2806894000050038662154f, 91
1652707482.059525, sdrt-health/mac:02010b41cdec/antenna/tag/e2806894000050038661fd4f, 86
1652707482.060016, sdrt-health/mac:02010b41cdec/antenna/tag/e2806894000040038662114f, 88
1652707482.113022, sdrt-health/mac:02010b41cdec/antenna/tag/e2806894000040038661f94f, 83
1652707482.153842, sdrt-health/mac:02010b41cdec/antenna/tag/e28068940000400386621d4f, 90
1652707482.189491, sdrt-health/mac:02010b41cdec/antenna/tag/e2806894000040038662214f, 84
1652707482.189904, sdrt-health/mac:02010b41cdec/antenna/tag/e2806894000050038662154f, 85
1652707482.204765, sdrt-health/mac:02010b41cdec/antenna/tag/e28068940000400386621d4f, 96
1652707482.232833, sdrt-health/mac:02010b41cdec/antenna/tag/e2806894000050038662194f, 81
1652707482.273557, sdrt-health/mac:02010b41cdec/antenna/tag/e2806894000050038661fd4f, 86
1652707482.331016, sdrt-health/mac:02010b41cdec/antenna/tag/e2806894000050038661fd4f, 86
1652707482.331545, sdrt-health/mac:02010b41cdec/antenna/tag/e2806894000050038662154f, 91
1652707482.35272, sdrt-health/mac:02010b41cdec/antenna/tag/e2806894000050038662154f, 91
1652707482.413835, sdrt-health/mac:02010b41cdec/antenna/tag/e2806894000040038662114f, 85
1652707482.452438, sdrt-health/mac:02010b41cdec/antenna/tag/e2806894000050038661fd4f, 86
1652707482.509, sdrt-health/mac:02010b41cdec/antenna/tag/e2806894000040038662114f, 88
1652707482.509446, sdrt-health/mac:02010b41cdec/antenna/tag/e2806894000050038662154f, 91
1652707482.532907, sdrt-health/mac:02010b41cdec/antenna/tag/e28068940000400386621d4f, 96
1652707482.57372, sdrt-health/mac:02010b41cdec/antenna/tag/e2806894000050038661fd4f, 86
1652707482.653587, sdrt-health/mac:02010b41cdec/antenna/tag/e2806894000040038662114f, 88
1652707482.692842, sdrt-health/mac:02010b41cdec/antenna/tag/e2806894000050038662154f, 88
1652707482.760556, sdrt-health/mac:02010b41cdec/antenna/tag/e2806894000040038662114f, 88
1652707482.761181, sdrt-health/mac:02010b41cdec/antenna/tag/e28068940000400386621d4f, 90
1652707482.782272, sdrt-health/mac:02010b41cdec/antenna/tag/e2806894000050038662154f, 91
1652707482.820371, sdrt-health/mac:02010b41cdec/antenna/tag/e2806894000050038661fd4f, 86
1652707482.820928, sdrt-health/mac:02010b41cdec/antenna/tag/e2806894000040038662114f, 88
1652707482.837603, sdrt-health/mac:02010b41cdec/antenna/tag/e2806894000050038661fd4f, 86
1652707482.838249, sdrt-health/mac:02010b41cdec/antenna/tag/e2806894000050038661fd4f, 90
1652707482.838644, sdrt-health/mac:02010b41cdec/antenna/tag/e28068940000400386621d4f, 96
1652707482.838966, sdrt-health/mac:02010b41cdec/antenna/tag/e2806894000040038662114f, 88
1652707482.862897, sdrt-health/mac:02010b41cdec/antenna/tag/e2806894000040038662114f, 88
1652707482.902206, sdrt-health/mac:02010b41cdec/antenna/tag/e2806894000050038662154f, 88
1652707482.984276, sdrt-health/mac:02010b41cdec/antenna/tag/e2806894000040038662114f, 91
1652707482.984698, sdrt-health/mac:02010b41cdec/antenna/tag/e2806894000050038661fd4f, 86
1652707482.98497, sdrt-health/mac:02010b41cdec/antenna/tag/e2806894000040038662114f, 91
1652707483.00222, sdrt-health/mac:02010b41cdec/antenna/tag/e2806894000050038662194f, 94
1652707483.042472, sdrt-health/mac:02010b41cdec/antenna/tag/e2806894000040038662114f, 88
1652707483.08307, sdrt-health/mac:02010b41cdec/antenna/tag/e2806894000040038662114f, 88
1652707483.122642, sdrt-health/mac:02010b41cdec/antenna/tag/e2806894000050038662154f, 85
1652707483.166652, sdrt-health/mac:02010b41cdec/antenna/tag/e2806894000050038662154f, 88
1652707483.202617, sdrt-health/mac:02010b41cdec/antenna/tag/e2806894000050038662194f, 88
1652707483.242514, sdrt-health/mac:02010b41cdec/antenna/tag/e28068940000400386621d4f, 96
1652707483.281971, sdrt-health/mac:02010b41cdec/antenna/tag/e28068940000400386621d4f, 96
1652707483.322806, sdrt-health/mac:02010b41cdec/antenna/tag/e2806894000050038661fd4f, 83
1652707483.355082, sdrt-health/mac:02010b41cdec/antenna/tag/e2806894000050038662154f, 91
1652707483.355502, sdrt-health/mac:02010b41cdec/antenna/tag/e28068940000400386621d4f, 77
1652707483.390957, sdrt-health/mac:02010b41cdec/antenna/tag/e2806894000050038662154f, 91
1652707483.39127, sdrt-health/mac:02010b41cdec/antenna/tag/e28068940000400386621d4f, 96
1652707483.412463, sdrt-health/mac:02010b41cdec/antenna/tag/e2806894000040038662114f, 88
1652707483.473688, sdrt-health/mac:02010b41cdec/antenna/tag/e28068940000400386621d4f, 96
1652707483.474143, sdrt-health/mac:02010b41cdec/antenna/tag/e2806894000050038661fd4f, 86
1652707483.524994, sdrt-health/mac:02010b41cdec/antenna/tag/e2806894000050038662154f, 91
1652707483.525508, sdrt-health/mac:02010b41cdec/antenna/tag/e2806894000040038662114f, 88
1652707483.531932, sdrt-health/mac:02010b41cdec/antenna/tag/e2806894000040038662114f, 91
1652707483.573598, sdrt-health/mac:02010b41cdec/antenna/tag/e2806894000050038662154f, 88
1652707483.680754, sdrt-health/mac:02010b41cdec/antenna/tag/e2806894000040038662114f, 91
1652707483.681255, sdrt-health/mac:02010b41cdec/antenna/tag/e28068940000400386621d4f, 77
1652707483.705173, sdrt-health/mac:02010b41cdec/antenna/tag/e2806894000050038661fd4f, 86
1652707483.735847, sdrt-health/mac:02010b41cdec/antenna/tag/e28068940000400386621d4f, 77
1652707483.736162, sdrt-health/mac:02010b41cdec/antenna/tag/e2806894000050038661fd4f, 83
1652707483.751177, sdrt-health/mac:02010b41cdec/antenna/tag/e28068940000500386620d4f, 87
1652707483.751533, sdrt-health/mac:02010b41cdec/antenna/tag/e2806894000050038661fd4f, 86
1652707483.751761, sdrt-health/mac:02010b41cdec/antenna/tag/e2806894000050038662194f, 81
1652707483.845191, sdrt-health/mac:02010b41cdec/antenna/tag/e28068940000400386621d4f, 90
1652707483.942997, sdrt-health/mac:02010b41cdec/antenna/tag/e2806894000050038662154f, 91
1652707483.982048, sdrt-health/mac:02010b41cdec/antenna/tag/e28068940000400386621d4f, 96
1652707484.045813, sdrt-health/mac:02010b41cdec/antenna/tag/e28068940000400386621d4f, 96
1652707484.046306, sdrt-health/mac:02010b41cdec/antenna/tag/e28068940000400386621d4f, 96
1652707484.073014, sdrt-health/mac:02010b41cdec/antenna/tag/e2806894000050038662194f, 81
1652707484.111996, sdrt-health/mac:02010b41cdec/antenna/tag/e2806894000040038662114f, 88
1652707484.183621, sdrt-health/mac:02010b41cdec/antenna/tag/e28068940000400386621d4f, 90
1652707484.221406, sdrt-health/mac:02010b41cdec/antenna/tag/e2806894000050038661fd4f, 86
1652707484.262484, sdrt-health/mac:02010b41cdec/antenna/tag/e28068940000500386620d4f, 83
1652707484.318958, sdrt-health/mac:02010b41cdec/antenna/tag/e2806894000050038662154f, 97
1652707484.319464, sdrt-health/mac:02010b41cdec/antenna/tag/e2806894000040038662214f, 81
1652707484.342367, sdrt-health/mac:02010b41cdec/antenna/tag/e2806894000040038661f94f, 94
1652707484.381945, sdrt-health/mac:02010b41cdec/antenna/tag/e2806894000050038661fd4f, 83
1652707484.437716, sdrt-health/mac:02010b41cdec/antenna/tag/e2806894000040038662114f, 85
1652707484.438215, sdrt-health/mac:02010b41cdec/antenna/tag/e2806894000050038662154f, 88
1652707484.462975, sdrt-health/mac:02010b41cdec/antenna/tag/e2806894000040038662114f, 88
1652707484.504174, sdrt-health/mac:02010b41cdec/antenna/tag/e2806894000050038662194f, 81
1652707484.619474, sdrt-health/mac:02010b41cdec/antenna/tag/e2806894000050038661fd4f, 83
1652707484.619913, sdrt-health/mac:02010b41cdec/antenna/tag/e2806894000050038662194f, 81
1652707484.662486, sdrt-health/mac:02010b41cdec/antenna/tag/e2806894000050038662154f, 88
1652707484.729454, sdrt-health/mac:02010b41cdec/antenna/tag/e2806894000050038662154f, 88
1652707484.730831, sdrt-health/mac:02010b41cdec/antenna/tag/e2806894000050038662194f, 81
1652707484.751637, sdrt-health/mac:02010b41cdec/antenna/tag/e28068940000400386621d4f, 96
1652707484.792493, sdrt-health/mac:02010b41cdec/antenna/tag/e28068940000500386620d4f, 81
1652707484.849469, sdrt-health/mac:02010b41cdec/antenna/tag/e2806894000040038662114f, 88
1652707484.849907, sdrt-health/mac:02010b41cdec/antenna/tag/e2806894000050038661fd4f, 86
1652707484.872517, sdrt-health/mac:02010b41cdec/antenna/tag/e2806894000050038662194f, 88
1652707484.928988, sdrt-health/mac:02010b41cdec/antenna/tag/e28068940000500386620d4f, 87
1652707484.929528, sdrt-health/mac:02010b41cdec/antenna/tag/e2806894000040038662114f, 88
1652707484.951853, sdrt-health/mac:02010b41cdec/antenna/tag/e2806894000050038661fd4f, 86
1652707485.002275, sdrt-health/mac:02010b41cdec/antenna/tag/e2806894000050038662154f, 85
1652707485.032451, sdrt-health/mac:02010b41cdec/antenna/tag/e2806894000040038662114f, 91
1652707485.032791, sdrt-health/mac:02010b41cdec/antenna/tag/e2806894000050038662154f, 91
1652707485.092425, sdrt-health/mac:02010b41cdec/antenna/tag/e2806894000050038662154f, 88
1652707485.132753, sdrt-health/mac:02010b41cdec/antenna/tag/e28068940000400386621d4f, 96
1652707485.173028, sdrt-health/mac:02010b41cdec/antenna/tag/e2806894000050038661fd4f, 86
1652707485.236097, sdrt-health/mac:02010b41cdec/antenna/tag/e2806894000050038662154f, 91
1652707485.236631, sdrt-health/mac:02010b41cdec/antenna/tag/e2806894000040038662114f, 85
1652707485.262539, sdrt-health/mac:02010b41cdec/antenna/tag/e2806894000050038662154f, 85
1652707485.309057, sdrt-health/mac:02010b41cdec/antenna/tag/e2806894000050038662194f, 81
1652707485.369763, sdrt-health/mac:02010b41cdec/antenna/tag/e28068940000400386621d4f, 77
1652707485.370319, sdrt-health/mac:02010b41cdec/antenna/tag/e2806894000050038662154f, 88
1652707485.393773, sdrt-health/mac:02010b41cdec/antenna/tag/e28068940000400386621d4f, 90
1652707485.424974, sdrt-health/mac:02010b41cdec/antenna/tag/e2806894000050038661fd4f, 86
1652707485.425208, sdrt-health/mac:02010b41cdec/antenna/tag/e2806894000040038662114f, 88
1652707485.440702, sdrt-health/mac:02010b41cdec/antenna/tag/e2806894000050038662154f, 91
1652707485.492577, sdrt-health/mac:02010b41cdec/antenna/tag/e2806894000050038662154f, 91
1652707485.534138, sdrt-health/mac:02010b41cdec/antenna/tag/e28068940000400386621d4f, 96
1652707485.588845, sdrt-health/mac:02010b41cdec/antenna/tag/e2806894000050038661fd4f, 86
1652707485.589344, sdrt-health/mac:02010b41cdec/antenna/tag/e2806894000050038662154f, 88
1652707485.61188, sdrt-health/mac:02010b41cdec/antenna/tag/e28068940000500386620d4f, 81
1652707485.672978, sdrt-health/mac:02010b41cdec/antenna/tag/e2806894000040038662114f, 85
1652707485.764178, sdrt-health/mac:02010b41cdec/antenna/tag/e2806894000050038662194f, 88
1652707485.802459, sdrt-health/mac:02010b41cdec/antenna/tag/e2806894000050038661fd4f, 83
1652707485.857451, sdrt-health/mac:02010b41cdec/antenna/tag/e28068940000400386621d4f, 96
1652707485.857898, sdrt-health/mac:02010b41cdec/antenna/tag/e2806894000050038662154f, 88
1652707485.882315, sdrt-health/mac:02010b41cdec/antenna/tag/e2806894000050038661fd4f, 83
1652707485.922768, sdrt-health/mac:02010b41cdec/antenna/tag/e28068940000500386620d4f, 83
1652707485.962527, sdrt-health/mac:02010b41cdec/antenna/tag/e28068940000500386620d4f, 81
1652707486.002966, sdrt-health/mac:02010b41cdec/antenna/tag/e2806894000050038662154f, 91
1652707486.042085, sdrt-health/mac:02010b41cdec/antenna/tag/e2806894000050038661fd4f, 86
1652707486.073227, sdrt-health/mac:02010b41cdec/antenna/tag/e28068940000400386621d4f, 77
1652707486.073621, sdrt-health/mac:02010b41cdec/antenna/tag/e2806894000050038661fd4f, 83
1652707486.089157, sdrt-health/mac:02010b41cdec/antenna/tag/e28068940000400386621d4f, 77
1652707486.122553, sdrt-health/mac:02010b41cdec/antenna/tag/e2806894000040038662114f, 85
1652707486.178373, sdrt-health/mac:02010b41cdec/antenna/tag/e2806894000050038662154f, 85
1652707486.178831, sdrt-health/mac:02010b41cdec/antenna/tag/e2806894000040038662114f, 85
1652707486.195732, sdrt-health/mac:02010b41cdec/antenna/tag/e28068940000400386621d4f, 96
1652707486.195993, sdrt-health/mac:02010b41cdec/antenna/tag/e2806894000050038662194f, 81
1652707486.209861, sdrt-health/mac:02010b41cdec/antenna/tag/e2806894000050038661fd4f, 83
1652707486.243733, sdrt-health/mac:02010b41cdec/antenna/tag/e28068940000500386620d4f, 83
1652707486.300925, sdrt-health/mac:02010b41cdec/antenna/tag/e2806894000040038662114f, 88
1652707486.301351, sdrt-health/mac:02010b41cdec/antenna/tag/e2806894000050038661fd4f, 83
1652707486.322344, sdrt-health/mac:02010b41cdec/antenna/tag/e28068940000400386621d4f, 96
1652707486.405906, sdrt-health/mac:02010b41cdec/antenna/tag/e2806894000040038662114f, 88
1652707486.453773, sdrt-health/mac:02010b41cdec/antenna/tag/e2806894000040038662114f, 91
1652707486.483978, sdrt-health/mac:02010b41cdec/antenna/tag/e2806894000050038662154f, 88
1652707486.484295, sdrt-health/mac:02010b41cdec/antenna/tag/e2806894000040038662114f, 91
1652707486.484543, sdrt-health/mac:02010b41cdec/antenna/tag/e2806894000050038662154f, 88
1652707486.538561, sdrt-health/mac:02010b41cdec/antenna/tag/e28068940000500386620d4f, 81
1652707486.584177, sdrt-health/mac:02010b41cdec/antenna/tag/e2806894000050038662194f, 88
1652707486.659205, sdrt-health/mac:02010b41cdec/antenna/tag/e2806894000050038662194f, 83
1652707486.671099, sdrt-health/mac:02010b41cdec/antenna/tag/e2806894000040038662114f, 85
1652707486.712063, sdrt-health/mac:02010b41cdec/antenna/tag/e2806894000050038661fd4f, 83
1652707486.76707, sdrt-health/mac:02010b41cdec/antenna/tag/e28068940000400386621d4f, 77
1652707486.767353, sdrt-health/mac:02010b41cdec/antenna/tag/e2806894000050038662154f, 88
1652707486.79255, sdrt-health/mac:02010b41cdec/antenna/tag/e2806894000050038661fd4f, 83
1652707486.834184, sdrt-health/mac:02010b41cdec/antenna/tag/e28068940000500386620d4f, 87
1652707486.890597, sdrt-health/mac:02010b41cdec/antenna/tag/e28068940000400386621d4f, 96
1652707486.891012, sdrt-health/mac:02010b41cdec/antenna/tag/e2806894000050038662154f, 85
1652707486.913681, sdrt-health/mac:02010b41cdec/antenna/tag/e28068940000400386621d4f, 77
1652707486.952787, sdrt-health/mac:02010b41cdec/antenna/tag/e2806894000050038661fd4f, 86
1652707486.992752, sdrt-health/mac:02010b41cdec/antenna/tag/e28068940000400386621d4f, 96
1652707487.047852, sdrt-health/mac:02010b41cdec/antenna/tag/e2806894000050038661fd4f, 86
1652707487.048281, sdrt-health/mac:02010b41cdec/antenna/tag/e2806894000050038662154f, 88
1652707487.070848, sdrt-health/mac:02010b41cdec/antenna/tag/e2806894000050038662194f, 88
1652707487.101646, sdrt-health/mac:02010b41cdec/antenna/tag/e2806894000040038662114f, 88
1652707487.101882, sdrt-health/mac:02010b41cdec/antenna/tag/e2806894000050038662194f, 83
1652707487.116781, sdrt-health/mac:02010b41cdec/antenna/tag/e2806894000050038661fd4f, 86
1652707487.153722, sdrt-health/mac:02010b41cdec/antenna/tag/e2806894000050038662154f, 88
1652707487.19318, sdrt-health/mac:02010b41cdec/antenna/tag/e2806894000040038662114f, 85
1652707487.224992, sdrt-health/mac:02010b41cdec/antenna/tag/e2806894000050038662154f, 88
1652707487.225481, sdrt-health/mac:02010b41cdec/antenna/tag/e2806894000040038662114f, 88
1652707487.239762, sdrt-health/mac:02010b41cdec/antenna/tag/e2806894000040038662114f, 88
1652707487.240156, sdrt-health/mac:02010b41cdec/antenna/tag/e2806894000050038661fd4f, 83
1652707487.284582, sdrt-health/mac:02010b41cdec/antenna/tag/e2806894000040038662114f, 85
1652707487.332352, sdrt-health/mac:02010b41cdec/antenna/tag/e2806894000050038661fd4f, 86
1652707487.390592, sdrt-health/mac:02010b41cdec/antenna/tag/e2806894000050038662154f, 97
1652707487.390994, sdrt-health/mac:02010b41cdec/antenna/tag/e2806894000040038662114f, 88
1652707487.406644, sdrt-health/mac:02010b41cdec/antenna/tag/e28068940000400386621d4f, 96
1652707487.413625, sdrt-health/mac:02010b41cdec/antenna/tag/e2806894000050038661fd4f, 86
1652707487.427844, sdrt-health/mac:02010b41cdec/antenna/tag/e28068940000400386621d4f, 96
1652707487.472592, sdrt-health/mac:02010b41cdec/antenna/tag/e28068940000400386621d4f, 96
1652707487.512262, sdrt-health/mac:02010b41cdec/antenna/tag/e2806894000050038661fd4f, 86
1652707487.543703, sdrt-health/mac:02010b41cdec/antenna/tag/e2806894000050038662154f, 88
1652707487.544059, sdrt-health/mac:02010b41cdec/antenna/tag/e2806894000040038662114f, 88
1652707487.544356, sdrt-health/mac:02010b41cdec/antenna/tag/e2806894000050038661fd4f, 86
1652707487.559276, sdrt-health/mac:02010b41cdec/antenna/tag/e2806894000050038661fd4f, 83
1652707487.591962, sdrt-health/mac:02010b41cdec/antenna/tag/e2806894000050038662154f, 91
1652707487.633115, sdrt-health/mac:02010b41cdec/antenna/tag/e2806894000050038661fd4f, 86
1652707487.673946, sdrt-health/mac:02010b41cdec/antenna/tag/e2806894000050038661fd4f, 86
1652707487.719585, sdrt-health/mac:02010b41cdec/antenna/tag/e28068940000400386621d4f, 77
1652707487.778975, sdrt-health/mac:02010b41cdec/antenna/tag/e28068940000500386620d4f, 83
1652707487.779468, sdrt-health/mac:02010b41cdec/antenna/tag/e28068940000500386620d4f, 83
1652707487.803387, sdrt-health/mac:02010b41cdec/antenna/tag/e2806894000050038662154f, 85
1652707487.842378, sdrt-health/mac:02010b41cdec/antenna/tag/e2806894000050038661fd4f, 83
1652707487.897739, sdrt-health/mac:02010b41cdec/antenna/tag/e28068940000400386621d4f, 96
1652707487.898233, sdrt-health/mac:02010b41cdec/antenna/tag/e2806894000050038662154f, 88
1652707487.914617, sdrt-health/mac:02010b41cdec/antenna/tag/e2806894000040038662114f, 93
1652707487.950319, sdrt-health/mac:02010b41cdec/antenna/tag/e28068940000400386621d4f, 96
1652707487.950623, sdrt-health/mac:02010b41cdec/antenna/tag/e2806894000050038661fd4f, 83
1652707487.984414, sdrt-health/mac:02010b41cdec/antenna/tag/e2806894000050038662154f, 91
1652707488.015845, sdrt-health/mac:02010b41cdec/antenna/tag/e28068940000400386621d4f, 96
1652707488.016085, sdrt-health/mac:02010b41cdec/antenna/tag/e2806894000040038662114f, 91
1652707488.029614, sdrt-health/mac:02010b41cdec/antenna/tag/e28068940000500386620d4f, 83
1652707488.029818, sdrt-health/mac:02010b41cdec/antenna/tag/e28068940000400386621d4f, 90
1652707488.072744, sdrt-health/mac:02010b41cdec/antenna/tag/e2806894000040038662114f, 97
1652707488.111768, sdrt-health/mac:02010b41cdec/antenna/tag/e28068940000500386620d4f, 81
1652707488.166816, sdrt-health/mac:02010b41cdec/antenna/tag/e2806894000050038661fd4f, 86
1652707488.167094, sdrt-health/mac:02010b41cdec/antenna/tag/e2806894000050038662154f, 88
1652707488.195015, sdrt-health/mac:02010b41cdec/antenna/tag/e28068940000500386620d4f, 81
1652707488.22196, sdrt-health/mac:02010b41cdec/antenna/tag/e2806894000050038661fd4f, 83
1652707488.263312, sdrt-health/mac:02010b41cdec/antenna/tag/e28068940000400386621d4f, 96
1652707488.318364, sdrt-health/mac:02010b41cdec/antenna/tag/e28068940000500386620d4f, 81
1652707488.318854, sdrt-health/mac:02010b41cdec/antenna/tag/e2806894000040038661f94f, 83
1652707488.3337, sdrt-health/mac:02010b41cdec/antenna/tag/e2806894000050038661fd4f, 83
1652707488.341965, sdrt-health/mac:02010b41cdec/antenna/tag/e2806894000040038662114f, 85
1652707488.38229, sdrt-health/mac:02010b41cdec/antenna/tag/e2806894000040038662114f, 88
1652707488.425205, sdrt-health/mac:02010b41cdec/antenna/tag/e2806894000050038662154f, 97
1652707488.464379, sdrt-health/mac:02010b41cdec/antenna/tag/e2806894000040038662114f, 85
1652707488.503416, sdrt-health/mac:02010b41cdec/antenna/tag/e2806894000040038662114f, 88
1652707488.503739, sdrt-health/mac:02010b41cdec/antenna/tag/e2806894000050038662194f, 81
1652707488.503991, sdrt-health/mac:02010b41cdec/antenna/tag/e2806894000050038662154f, 91
1652707488.542478, sdrt-health/mac:02010b41cdec/antenna/tag/e2806894000040038662114f, 88
1652707488.703978, sdrt-health/mac:02010b41cdec/antenna/tag/scan, scan stopped
