1652707745.064945, sdrt-health/mac:02010b41cdec/antenna/power/set, {"power": 280}
1652707746.143505, sdrt-health/mac:02010b41cdec/antenna/power/set, 
1652707750.085792, sdrt-health/mac:02010b41cdec/antenna/tag/scan, {"time": 20000}
1652707750.650064, sdrt-health/mac:02010b41cdec/antenna/tag/e2806894000040038662114f, 91
1652707750.678399, sdrt-health/mac:02010b41cdec/antenna/tag/e2806894000050038661fd4f, 86
1652707750.678763, sdrt-health/mac:02010b41cdec/antenna/tag/e28068940000500386620d4f, 83
1652707750.679061, sdrt-health/mac:02010b41cdec/antenna/tag/e2806894000050038662194f, 81
1652707750.679282, sdrt-health/mac:02010b41cdec/antenna/tag/e28068940000400386621d4f, 77
1652707750.679498, sdrt-health/mac:02010b41cdec/antenna/tag/e2806894000040038662114f, 88
1652707750.67972, sdrt-health/mac:02010b41cdec/antenna/tag/e2806894000050038662194f, 94
1652707750.67996, sdrt-health/mac:02010b41cdec/antenna/tag/e2806894000050038662194f, 81
1652707750.680217, sdrt-health/mac:02010b41cdec/antenna/tag/e28068940000500386620d4f, 94
1652707750.700196, sdrt-health/mac:02010b41cdec/antenna/tag/e2806894000050038662194f, 94
1652707750.770152, sdrt-health/mac:02010b41cdec/antenna/tag/e2806894000050038662154f, 88
1652707750.810057, sdrt-health/mac:02010b41cdec/antenna/tag/e2806894000040038662114f, 85
1652707750.866205, sdrt-health/mac:02010b41cdec/antenna/tag/e28068940000400386621d4f, 96
1652707750.866671, sdrt-health/mac:02010b41cdec/antenna/tag/e2806894000040038662114f, 88
1652707750.881136, sdrt-health/mac:02010b41cdec/antenna/tag/e2806894000040038662114f, 88
1652707750.912243, sdrt-health/mac:02010b41cdec/antenna/tag/e2806894000050038662154f, 88
1652707750.912671, sdrt-health/mac:02010b41cdec/antenna/tag/e2806894000050038662154f, 88
1652707750.912947, sdrt-health/mac:02010b41cdec/antenna/tag/e2806894000040038662114f, 88
1652707750.931316, sdrt-health/mac:02010b41cdec/antenna/tag/e2806894000040038662114f, 88
1652707750.978008, sdrt-health/mac:02010b41cdec/antenna/tag/e28068940000500386620d4f, 83
1652707751.053876, sdrt-health/mac:02010b41cdec/antenna/tag/e2806894000050038661fd4f, 86
1652707751.054329, sdrt-health/mac:02010b41cdec/antenna/tag/e2806894000040038662114f, 85
1652707751.079392, sdrt-health/mac:02010b41cdec/antenna/tag/e28068940000400386621d4f, 96
1652707751.159241, sdrt-health/mac:02010b41cdec/antenna/tag/e28068940000400386621d4f, 96
1652707751.200459, sdrt-health/mac:02010b41cdec/antenna/tag/e28068940000400386621d4f, 96
1652707751.250068, sdrt-health/mac:02010b41cdec/antenna/tag/e28068940000400386621d4f, 96
1652707751.290864, sdrt-health/mac:02010b41cdec/antenna/tag/e28068940000500386620d4f, 87
1652707751.344019, sdrt-health/mac:02010b41cdec/antenna/tag/e2806894000040038662114f, 85
1652707751.344227, sdrt-health/mac:02010b41cdec/antenna/tag/e2806894000050038661fd4f, 83
1652707751.358043, sdrt-health/mac:02010b41cdec/antenna/tag/e28068940000500386620d4f, 83
1652707751.370966, sdrt-health/mac:02010b41cdec/antenna/tag/e2806894000050038662154f, 85
1652707751.410867, sdrt-health/mac:02010b41cdec/antenna/tag/e2806894000050038662154f, 85
1652707751.450454, sdrt-health/mac:02010b41cdec/antenna/tag/e2806894000040038662114f, 85
1652707751.490374, sdrt-health/mac:02010b41cdec/antenna/tag/e28068940000400386621d4f, 77
1652707751.579492, sdrt-health/mac:02010b41cdec/antenna/tag/e2806894000040038662114f, 88
1652707751.628338, sdrt-health/mac:02010b41cdec/antenna/tag/e2806894000050038662154f, 88
1652707751.670437, sdrt-health/mac:02010b41cdec/antenna/tag/e2806894000050038662194f, 83
1652707751.710097, sdrt-health/mac:02010b41cdec/antenna/tag/e28068940000400386621d4f, 96
1652707751.750313, sdrt-health/mac:02010b41cdec/antenna/tag/e2806894000050038661fd4f, 83
1652707751.80662, sdrt-health/mac:02010b41cdec/antenna/tag/e28068940000500386620d4f, 83
1652707751.807127, sdrt-health/mac:02010b41cdec/antenna/tag/e2806894000050038661fd4f, 86
1652707751.830698, sdrt-health/mac:02010b41cdec/antenna/tag/e28068940000400386621d4f, 90
1652707751.858882, sdrt-health/mac:02010b41cdec/antenna/tag/e2806894000050038662154f, 88
1652707751.859313, sdrt-health/mac:02010b41cdec/antenna/tag/e28068940000400386621d4f, 90
1652707751.872164, sdrt-health/mac:02010b41cdec/antenna/tag/e28068940000400386621d4f, 90
1652707751.872376, sdrt-health/mac:02010b41cdec/antenna/tag/e2806894000040038662114f, 88
1652707751.921869, sdrt-health/mac:02010b41cdec/antenna/tag/e28068940000400386621d4f, 90
1652707751.971124, sdrt-health/mac:02010b41cdec/antenna/tag/e28068940000400386621d4f, 90
1652707751.999317, sdrt-health/mac:02010b41cdec/antenna/tag/e2806894000050038661fd4f, 86
1652707751.999583, sdrt-health/mac:02010b41cdec/antenna/tag/e28068940000400386621d4f, 96
1652707751.999792, sdrt-health/mac:02010b41cdec/antenna/tag/e28068940000400386621d4f, 90
1652707752.013395, sdrt-health/mac:02010b41cdec/antenna/tag/e2806894000050038662154f, 88
1652707752.013687, sdrt-health/mac:02010b41cdec/antenna/tag/e2806894000040038662114f, 91
1652707752.050402, sdrt-health/mac:02010b41cdec/antenna/tag/e2806894000040038662114f, 88
1652707752.08978, sdrt-health/mac:02010b41cdec/antenna/tag/e28068940000500386620d4f, 83
1652707752.145063, sdrt-health/mac:02010b41cdec/antenna/tag/e2806894000050038662154f, 85
1652707752.145571, sdrt-health/mac:02010b41cdec/antenna/tag/e28068940000400386621d4f, 77
1652707752.170757, sdrt-health/mac:02010b41cdec/antenna/tag/e2806894000050038662154f, 85
1652707752.210188, sdrt-health/mac:02010b41cdec/antenna/tag/e2806894000050038661fd4f, 86
1652707752.250978, sdrt-health/mac:02010b41cdec/antenna/tag/e2806894000050038662154f, 88
1652707752.306334, sdrt-health/mac:02010b41cdec/antenna/tag/e2806894000040038662114f, 88
1652707752.306743, sdrt-health/mac:02010b41cdec/antenna/tag/e2806894000050038661fd4f, 90
1652707752.331426, sdrt-health/mac:02010b41cdec/antenna/tag/e2806894000050038661fd4f, 86
1652707752.370501, sdrt-health/mac:02010b41cdec/antenna/tag/e28068940000400386621d4f, 90
1652707752.423401, sdrt-health/mac:02010b41cdec/antenna/tag/e2806894000050038661fd4f, 86
1652707752.423854, sdrt-health/mac:02010b41cdec/antenna/tag/e2806894000040038662114f, 91
1652707752.449661, sdrt-health/mac:02010b41cdec/antenna/tag/e2806894000050038661fd4f, 86
1652707752.490652, sdrt-health/mac:02010b41cdec/antenna/tag/e2806894000040038662114f, 88
1652707752.519176, sdrt-health/mac:02010b41cdec/antenna/tag/e2806894000050038662154f, 88
1652707752.519536, sdrt-health/mac:02010b41cdec/antenna/tag/e28068940000400386621d4f, 96
1652707752.533262, sdrt-health/mac:02010b41cdec/antenna/tag/e28068940000500386620d4f, 83
1652707752.569554, sdrt-health/mac:02010b41cdec/antenna/tag/e2806894000040038662114f, 88
1652707752.611048, sdrt-health/mac:02010b41cdec/antenna/tag/e2806894000050038662154f, 88
1652707752.665021, sdrt-health/mac:02010b41cdec/antenna/tag/e2806894000040038662114f, 88
1652707752.665599, sdrt-health/mac:02010b41cdec/antenna/tag/e2806894000050038662154f, 85
1652707752.709712, sdrt-health/mac:02010b41cdec/antenna/tag/e2806894000050038662194f, 81
1652707752.75017, sdrt-health/mac:02010b41cdec/antenna/tag/e28068940000400386621d4f, 96
1652707752.790604, sdrt-health/mac:02010b41cdec/antenna/tag/e28068940000500386620d4f, 83
1652707752.846268, sdrt-health/mac:02010b41cdec/antenna/tag/e2806894000050038661fd4f, 83
1652707752.846732, sdrt-health/mac:02010b41cdec/antenna/tag/e2806894000040038662114f, 85
1652707752.8703, sdrt-health/mac:02010b41cdec/antenna/tag/e2806894000050038662154f, 91
1652707753.104504, sdrt-health/mac:02010b41cdec/antenna/tag/e2806894000050038661fd4f, 86
1652707753.105054, sdrt-health/mac:02010b41cdec/antenna/tag/e2806894000040038662114f, 88
1652707753.223605, sdrt-health/mac:02010b41cdec/antenna/tag/e2806894000050038662154f, 85
1652707753.224084, sdrt-health/mac:02010b41cdec/antenna/tag/e28068940000500386620d4f, 81
1652707753.224445, sdrt-health/mac:02010b41cdec/antenna/tag/e2806894000040038662114f, 88
1652707753.22477, sdrt-health/mac:02010b41cdec/antenna/tag/e2806894000050038662154f, 88
1652707753.248225, sdrt-health/mac:02010b41cdec/antenna/tag/e2806894000050038661fd4f, 86
1652707753.359583, sdrt-health/mac:02010b41cdec/antenna/tag/e2806894000040038662114f, 88
1652707753.360049, sdrt-health/mac:02010b41cdec/antenna/tag/e2806894000040038662114f, 91
1652707753.361707, sdrt-health/mac:02010b41cdec/antenna/tag/e2806894000050038662154f, 88
1652707753.362135, sdrt-health/mac:02010b41cdec/antenna/tag/e2806894000040038662114f, 88
1652707753.362491, sdrt-health/mac:02010b41cdec/antenna/tag/e2806894000050038662154f, 88
1652707753.37688, sdrt-health/mac:02010b41cdec/antenna/tag/e28068940000400386621d4f, 90
1652707753.377126, sdrt-health/mac:02010b41cdec/antenna/tag/e28068940000400386621d4f, 90
1652707753.377298, sdrt-health/mac:02010b41cdec/antenna/tag/e2806894000050038662194f, 94
1652707753.377446, sdrt-health/mac:02010b41cdec/antenna/tag/e28068940000500386620d4f, 94
1652707753.400507, sdrt-health/mac:02010b41cdec/antenna/tag/e2806894000040038662114f, 88
1652707753.504882, sdrt-health/mac:02010b41cdec/antenna/tag/e28068940000400386621d4f, 90
1652707753.505378, sdrt-health/mac:02010b41cdec/antenna/tag/e2806894000040038662114f, 88
1652707753.530286, sdrt-health/mac:02010b41cdec/antenna/tag/e2806894000050038661fd4f, 83
1652707753.595233, sdrt-health/mac:02010b41cdec/antenna/tag/e2806894000040038662114f, 88
1652707753.595705, sdrt-health/mac:02010b41cdec/antenna/tag/e28068940000400386621d4f, 96
1652707753.609017, sdrt-health/mac:02010b41cdec/antenna/tag/e2806894000050038662154f, 91
1652707753.609555, sdrt-health/mac:02010b41cdec/antenna/tag/e2806894000050038661fd4f, 83
1652707753.679776, sdrt-health/mac:02010b41cdec/antenna/tag/e2806894000050038662154f, 85
1652707753.74013, sdrt-health/mac:02010b41cdec/antenna/tag/e2806894000040038662114f, 88
1652707753.790124, sdrt-health/mac:02010b41cdec/antenna/tag/e2806894000050038661fd4f, 83
1652707753.831526, sdrt-health/mac:02010b41cdec/antenna/tag/e2806894000040038662114f, 85
1652707753.860279, sdrt-health/mac:02010b41cdec/antenna/tag/e2806894000040038662114f, 85
1652707753.860536, sdrt-health/mac:02010b41cdec/antenna/tag/e2806894000050038662154f, 97
1652707753.860737, sdrt-health/mac:02010b41cdec/antenna/tag/e28068940000400386621d4f, 96
1652707753.874852, sdrt-health/mac:02010b41cdec/antenna/tag/e2806894000050038662154f, 88
1652707753.91095, sdrt-health/mac:02010b41cdec/antenna/tag/e2806894000040038662114f, 91
1652707753.938394, sdrt-health/mac:02010b41cdec/antenna/tag/e28068940000400386621d4f, 96
1652707753.938664, sdrt-health/mac:02010b41cdec/antenna/tag/e2806894000050038661fd4f, 83
1652707753.951435, sdrt-health/mac:02010b41cdec/antenna/tag/e2806894000040038662114f, 88
1652707753.951699, sdrt-health/mac:02010b41cdec/antenna/tag/e2806894000050038661fd4f, 86
1652707753.990983, sdrt-health/mac:02010b41cdec/antenna/tag/e28068940000500386620d4f, 84
1652707754.041239, sdrt-health/mac:02010b41cdec/antenna/tag/e2806894000040038662114f, 85
1652707754.070187, sdrt-health/mac:02010b41cdec/antenna/tag/e2806894000040038662114f, 85
1652707754.070642, sdrt-health/mac:02010b41cdec/antenna/tag/e2806894000050038661fd4f, 83
1652707754.070929, sdrt-health/mac:02010b41cdec/antenna/tag/e2806894000040038662114f, 85
1652707754.084526, sdrt-health/mac:02010b41cdec/antenna/tag/e2806894000050038662154f, 91
1652707754.084901, sdrt-health/mac:02010b41cdec/antenna/tag/e2806894000040038662114f, 85
1652707754.140357, sdrt-health/mac:02010b41cdec/antenna/tag/e2806894000040038662114f, 88
1652707754.197242, sdrt-health/mac:02010b41cdec/antenna/tag/e28068940000400386621d4f, 96
1652707754.197483, sdrt-health/mac:02010b41cdec/antenna/tag/e28068940000400386621d4f, 96
1652707754.21337, sdrt-health/mac:02010b41cdec/antenna/tag/e2806894000050038661fd4f, 86
1652707754.219243, sdrt-health/mac:02010b41cdec/antenna/tag/e2806894000050038661fd4f, 86
1652707754.229705, sdrt-health/mac:02010b41cdec/antenna/tag/e28068940000400386621d4f, 90
1652707754.229963, sdrt-health/mac:02010b41cdec/antenna/tag/e2806894000050038661fd4f, 83
1652707754.258898, sdrt-health/mac:02010b41cdec/antenna/tag/e2806894000050038661fd4f, 86
1652707754.300323, sdrt-health/mac:02010b41cdec/antenna/tag/e28068940000400386621d4f, 96
1652707754.340829, sdrt-health/mac:02010b41cdec/antenna/tag/e2806894000040038662114f, 88
1652707754.425058, sdrt-health/mac:02010b41cdec/antenna/tag/e2806894000050038662154f, 88
1652707754.425553, sdrt-health/mac:02010b41cdec/antenna/tag/e28068940000400386621d4f, 96
1652707754.45012, sdrt-health/mac:02010b41cdec/antenna/tag/e2806894000050038662154f, 88
1652707754.505609, sdrt-health/mac:02010b41cdec/antenna/tag/e28068940000400386621d4f, 96
1652707754.506158, sdrt-health/mac:02010b41cdec/antenna/tag/e2806894000040038662114f, 85
1652707754.519544, sdrt-health/mac:02010b41cdec/antenna/tag/e2806894000050038661fd4f, 86
1652707754.530314, sdrt-health/mac:02010b41cdec/antenna/tag/e2806894000040038662114f, 85
1652707754.534161, sdrt-health/mac:02010b41cdec/antenna/tag/e28068940000400386621d4f, 96
1652707754.570434, sdrt-health/mac:02010b41cdec/antenna/tag/e2806894000050038661fd4f, 83
1652707754.611792, sdrt-health/mac:02010b41cdec/antenna/tag/e2806894000050038662154f, 85
1652707754.66544, sdrt-health/mac:02010b41cdec/antenna/tag/e28068940000400386621d4f, 96
1652707754.666006, sdrt-health/mac:02010b41cdec/antenna/tag/e2806894000050038661fd4f, 83
1652707754.6901, sdrt-health/mac:02010b41cdec/antenna/tag/e2806894000040038662114f, 88
1652707754.718248, sdrt-health/mac:02010b41cdec/antenna/tag/e2806894000040038662114f, 88
1652707754.718533, sdrt-health/mac:02010b41cdec/antenna/tag/e2806894000050038662154f, 88
1652707754.732863, sdrt-health/mac:02010b41cdec/antenna/tag/e28068940000400386621d4f, 96
1652707754.733191, sdrt-health/mac:02010b41cdec/antenna/tag/e2806894000050038662154f, 88
1652707754.791772, sdrt-health/mac:02010b41cdec/antenna/tag/e2806894000040038662114f, 88
1652707754.843812, sdrt-health/mac:02010b41cdec/antenna/tag/e2806894000040038662114f, 88
1652707754.844136, sdrt-health/mac:02010b41cdec/antenna/tag/e2806894000050038662154f, 88
1652707754.857347, sdrt-health/mac:02010b41cdec/antenna/tag/e28068940000400386621d4f, 90
1652707754.871744, sdrt-health/mac:02010b41cdec/antenna/tag/e2806894000050038661fd4f, 86
1652707754.945305, sdrt-health/mac:02010b41cdec/antenna/tag/e2806894000040038662114f, 88
1652707754.945777, sdrt-health/mac:02010b41cdec/antenna/tag/e2806894000050038661fd4f, 86
1652707754.98036, sdrt-health/mac:02010b41cdec/antenna/tag/e2806894000050038661fd4f, 86
1652707755.060914, sdrt-health/mac:02010b41cdec/antenna/tag/e28068940000400386621d4f, 96
1652707755.099969, sdrt-health/mac:02010b41cdec/antenna/tag/e28068940000500386620d4f, 83
1652707755.140926, sdrt-health/mac:02010b41cdec/antenna/tag/e2806894000050038662154f, 88
1652707755.173055, sdrt-health/mac:02010b41cdec/antenna/tag/e2806894000050038662154f, 88
1652707755.173423, sdrt-health/mac:02010b41cdec/antenna/tag/e28068940000500386620d4f, 81
1652707755.188188, sdrt-health/mac:02010b41cdec/antenna/tag/e2806894000050038661fd4f, 86
1652707755.188439, sdrt-health/mac:02010b41cdec/antenna/tag/e28068940000400386621d4f, 96
1652707755.220171, sdrt-health/mac:02010b41cdec/antenna/tag/e2806894000040038662114f, 88
1652707755.274757, sdrt-health/mac:02010b41cdec/antenna/tag/e2806894000040038662114f, 88
1652707755.275198, sdrt-health/mac:02010b41cdec/antenna/tag/e2806894000050038662154f, 91
1652707755.290131, sdrt-health/mac:02010b41cdec/antenna/tag/e2806894000050038662154f, 91
1652707755.300482, sdrt-health/mac:02010b41cdec/antenna/tag/e2806894000050038662154f, 88
1652707755.340911, sdrt-health/mac:02010b41cdec/antenna/tag/e2806894000050038661fd4f, 86
1652707755.402204, sdrt-health/mac:02010b41cdec/antenna/tag/e2806894000050038662154f, 88
1652707755.402716, sdrt-health/mac:02010b41cdec/antenna/tag/e2806894000050038661fd4f, 86
1652707755.417917, sdrt-health/mac:02010b41cdec/antenna/tag/e28068940000400386621d4f, 96
1652707755.418371, sdrt-health/mac:02010b41cdec/antenna/tag/e2806894000050038661fd4f, 83
1652707755.418752, sdrt-health/mac:02010b41cdec/antenna/tag/e2806894000040038662114f, 88
1652707755.436621, sdrt-health/mac:02010b41cdec/antenna/tag/e28068940000400386621d4f, 96
1652707755.479725, sdrt-health/mac:02010b41cdec/antenna/tag/e28068940000400386621d4f, 96
1652707755.480579, sdrt-health/mac:02010b41cdec/antenna/tag/e2806894000050038661fd4f, 83
1652707755.581581, sdrt-health/mac:02010b41cdec/antenna/tag/e2806894000050038661fd4f, 86
1652707755.660668, sdrt-health/mac:02010b41cdec/antenna/tag/e2806894000040038662114f, 88
1652707755.715433, sdrt-health/mac:02010b41cdec/antenna/tag/e2806894000040038662114f, 88
1652707755.715977, sdrt-health/mac:02010b41cdec/antenna/tag/e2806894000050038662154f, 91
1652707755.740201, sdrt-health/mac:02010b41cdec/antenna/tag/e2806894000040038662114f, 88
1652707755.740535, sdrt-health/mac:02010b41cdec/antenna/tag/e2806894000050038661fd4f, 86
1652707755.779464, sdrt-health/mac:02010b41cdec/antenna/tag/e2806894000040038662114f, 88
1652707755.83104, sdrt-health/mac:02010b41cdec/antenna/tag/e28068940000400386621d4f, 90
1652707755.878707, sdrt-health/mac:02010b41cdec/antenna/tag/e2806894000050038661fd4f, 86
1652707755.936615, sdrt-health/mac:02010b41cdec/antenna/tag/e2806894000040038662114f, 88
1652707755.937121, sdrt-health/mac:02010b41cdec/antenna/tag/e2806894000050038661fd4f, 86
1652707755.937504, sdrt-health/mac:02010b41cdec/antenna/tag/e2806894000050038662154f, 91
1652707755.951055, sdrt-health/mac:02010b41cdec/antenna/tag/e2806894000050038662154f, 91
1652707755.960426, sdrt-health/mac:02010b41cdec/antenna/tag/e2806894000050038662154f, 85
1652707755.964876, sdrt-health/mac:02010b41cdec/antenna/tag/e2806894000050038662194f, 88
1652707756.00003, sdrt-health/mac:02010b41cdec/antenna/tag/e2806894000050038661fd4f, 83
1652707756.055105, sdrt-health/mac:02010b41cdec/antenna/tag/e28068940000400386621d4f, 96
1652707756.055607, sdrt-health/mac:02010b41cdec/antenna/tag/e2806894000040038662114f, 88
1652707756.110661, sdrt-health/mac:02010b41cdec/antenna/tag/e28068940000400386621d4f, 96
1652707756.150479, sdrt-health/mac:02010b41cdec/antenna/tag/e2806894000050038662154f, 91
1652707756.204929, sdrt-health/mac:02010b41cdec/antenna/tag/e28068940000400386621d4f, 90
1652707756.205454, sdrt-health/mac:02010b41cdec/antenna/tag/e28068940000400386621d4f, 96
1652707756.230521, sdrt-health/mac:02010b41cdec/antenna/tag/e28068940000400386621d4f, 90
1652707756.286543, sdrt-health/mac:02010b41cdec/antenna/tag/e2806894000040038662114f, 91
1652707756.28702, sdrt-health/mac:02010b41cdec/antenna/tag/e28068940000400386621d4f, 90
1652707756.309392, sdrt-health/mac:02010b41cdec/antenna/tag/e2806894000050038661fd4f, 86
1652707756.336776, sdrt-health/mac:02010b41cdec/antenna/tag/e2806894000050038662154f, 91
1652707756.337005, sdrt-health/mac:02010b41cdec/antenna/tag/e28068940000400386621d4f, 90
1652707756.350445, sdrt-health/mac:02010b41cdec/antenna/tag/e28068940000400386621d4f, 96
1652707756.390622, sdrt-health/mac:02010b41cdec/antenna/tag/e2806894000050038662154f, 85
1652707756.446639, sdrt-health/mac:02010b41cdec/antenna/tag/e2806894000050038661fd4f, 83
1652707756.447187, sdrt-health/mac:02010b41cdec/antenna/tag/e28068940000400386621d4f, 96
1652707756.459766, sdrt-health/mac:02010b41cdec/antenna/tag/e2806894000050038662194f, 84
1652707756.46031, sdrt-health/mac:02010b41cdec/antenna/tag/e28068940000500386620d4f, 83
1652707756.460649, sdrt-health/mac:02010b41cdec/antenna/tag/e2806894000050038661fd4f, 83
1652707756.470015, sdrt-health/mac:02010b41cdec/antenna/tag/e28068940000500386620d4f, 83
1652707756.511311, sdrt-health/mac:02010b41cdec/antenna/tag/e2806894000050038661fd4f, 83
1652707756.539157, sdrt-health/mac:02010b41cdec/antenna/tag/e2806894000040038662114f, 88
1652707756.539419, sdrt-health/mac:02010b41cdec/antenna/tag/e2806894000050038662154f, 88
1652707756.554166, sdrt-health/mac:02010b41cdec/antenna/tag/e28068940000500386620d4f, 81
1652707756.590314, sdrt-health/mac:02010b41cdec/antenna/tag/e2806894000050038662154f, 85
1652707756.670892, sdrt-health/mac:02010b41cdec/antenna/tag/e2806894000040038662114f, 85
1652707756.740105, sdrt-health/mac:02010b41cdec/antenna/tag/e2806894000050038662154f, 88
1652707756.740624, sdrt-health/mac:02010b41cdec/antenna/tag/e28068940000400386621d4f, 96
1652707756.782993, sdrt-health/mac:02010b41cdec/antenna/tag/e2806894000040038662114f, 85
1652707756.834588, sdrt-health/mac:02010b41cdec/antenna/tag/e2806894000050038661fd4f, 86
1652707756.835161, sdrt-health/mac:02010b41cdec/antenna/tag/e2806894000050038661fd4f, 86
1652707756.849568, sdrt-health/mac:02010b41cdec/antenna/tag/e2806894000050038662154f, 88
1652707756.870861, sdrt-health/mac:02010b41cdec/antenna/tag/e2806894000050038661fd4f, 86
1652707756.909997, sdrt-health/mac:02010b41cdec/antenna/tag/e2806894000040038662114f, 88
1652707756.950509, sdrt-health/mac:02010b41cdec/antenna/tag/e2806894000040038662114f, 88
1652707756.951028, sdrt-health/mac:02010b41cdec/antenna/tag/e2806894000050038661fd4f, 86
1652707756.989625, sdrt-health/mac:02010b41cdec/antenna/tag/e2806894000050038661fd4f, 83
1652707757.039689, sdrt-health/mac:02010b41cdec/antenna/tag/e2806894000050038662194f, 84
1652707757.093419, sdrt-health/mac:02010b41cdec/antenna/tag/e28068940000500386620d4f, 83
1652707757.093886, sdrt-health/mac:02010b41cdec/antenna/tag/e2806894000050038662194f, 81
1652707757.120152, sdrt-health/mac:02010b41cdec/antenna/tag/e2806894000040038662114f, 91
1652707757.178139, sdrt-health/mac:02010b41cdec/antenna/tag/e2806894000050038662194f, 88
1652707757.291715, sdrt-health/mac:02010b41cdec/antenna/tag/e28068940000400386621d4f, 96
1652707757.292214, sdrt-health/mac:02010b41cdec/antenna/tag/e28068940000400386621d4f, 90
1652707757.292566, sdrt-health/mac:02010b41cdec/antenna/tag/e2806894000040038662054f, 94
1652707757.334657, sdrt-health/mac:02010b41cdec/antenna/tag/e28068940000400386621d4f, 96
1652707757.335146, sdrt-health/mac:02010b41cdec/antenna/tag/e28068940000400386621d4f, 96
1652707757.34935, sdrt-health/mac:02010b41cdec/antenna/tag/e2806894000050038661fd4f, 86
1652707757.403806, sdrt-health/mac:02010b41cdec/antenna/tag/e2806894000050038662154f, 91
1652707757.404204, sdrt-health/mac:02010b41cdec/antenna/tag/e2806894000050038661fd4f, 83
1652707757.512654, sdrt-health/mac:02010b41cdec/antenna/tag/e2806894000050038661fd4f, 83
1652707757.611731, sdrt-health/mac:02010b41cdec/antenna/tag/e28068940000500386620d4f, 85
1652707757.612211, sdrt-health/mac:02010b41cdec/antenna/tag/e2806894000050038662194f, 88
1652707757.612543, sdrt-health/mac:02010b41cdec/antenna/tag/e2806894000050038662154f, 88
1652707757.612869, sdrt-health/mac:02010b41cdec/antenna/tag/e28068940000400386621d4f, 96
1652707757.613231, sdrt-health/mac:02010b41cdec/antenna/tag/e2806894000040038662114f, 88
1652707757.650904, sdrt-health/mac:02010b41cdec/antenna/tag/e2806894000040038662114f, 85
1652707757.651317, sdrt-health/mac:02010b41cdec/antenna/tag/e2806894000050038662154f, 88
1652707757.651661, sdrt-health/mac:02010b41cdec/antenna/tag/e28068940000500386620d4f, 83
1652707757.651957, sdrt-health/mac:02010b41cdec/antenna/tag/e2806894000040038662114f, 91
1652707757.660457, sdrt-health/mac:02010b41cdec/antenna/tag/e2806894000040038662114f, 85
1652707757.699706, sdrt-health/mac:02010b41cdec/antenna/tag/e2806894000040038662114f, 85
1652707757.700143, sdrt-health/mac:02010b41cdec/antenna/tag/e28068940000400386621d4f, 96
1652707757.73988, sdrt-health/mac:02010b41cdec/antenna/tag/e28068940000500386620d4f, 94
1652707757.799076, sdrt-health/mac:02010b41cdec/antenna/tag/e2806894000040038662114f, 88
1652707757.940039, sdrt-health/mac:02010b41cdec/antenna/tag/e2806894000040038662114f, 85
1652707757.980257, sdrt-health/mac:02010b41cdec/antenna/tag/e2806894000050038662194f, 94
1652707758.03098, sdrt-health/mac:02010b41cdec/antenna/tag/e2806894000050038661fd4f, 83
1652707758.071669, sdrt-health/mac:02010b41cdec/antenna/tag/e2806894000040038662114f, 97
1652707758.124518, sdrt-health/mac:02010b41cdec/antenna/tag/e28068940000400386621d4f, 96
1652707758.125021, sdrt-health/mac:02010b41cdec/antenna/tag/e2806894000050038661fd4f, 83
1652707758.125448, sdrt-health/mac:02010b41cdec/antenna/tag/e2806894000050038662154f, 88
1652707758.138699, sdrt-health/mac:02010b41cdec/antenna/tag/e2806894000050038662154f, 88
1652707758.150199, sdrt-health/mac:02010b41cdec/antenna/tag/e2806894000050038662154f, 85
1652707758.24047, sdrt-health/mac:02010b41cdec/antenna/tag/e2806894000050038662194f, 88
1652707758.310372, sdrt-health/mac:02010b41cdec/antenna/tag/e28068940000500386620d4f, 81
1652707758.310947, sdrt-health/mac:02010b41cdec/antenna/tag/e28068940000400386621d4f, 90
1652707758.349978, sdrt-health/mac:02010b41cdec/antenna/tag/e2806894000040038662114f, 88
1652707758.40729, sdrt-health/mac:02010b41cdec/antenna/tag/e28068940000400386621d4f, 90
1652707758.407804, sdrt-health/mac:02010b41cdec/antenna/tag/e2806894000050038661fd4f, 86
1652707758.422234, sdrt-health/mac:02010b41cdec/antenna/tag/e28068940000400386621d4f, 90
1652707758.447634, sdrt-health/mac:02010b41cdec/antenna/tag/e28068940000400386621d4f, 90
1652707758.504069, sdrt-health/mac:02010b41cdec/antenna/tag/e28068940000500386620d4f, 81
1652707758.504535, sdrt-health/mac:02010b41cdec/antenna/tag/e2806894000050038661fd4f, 83
1652707758.518234, sdrt-health/mac:02010b41cdec/antenna/tag/e28068940000400386621d4f, 90
1652707758.518653, sdrt-health/mac:02010b41cdec/antenna/tag/e2806894000050038662154f, 85
1652707758.518844, sdrt-health/mac:02010b41cdec/antenna/tag/e28068940000500386620d4f, 94
1652707758.536925, sdrt-health/mac:02010b41cdec/antenna/tag/e2806894000050038661fd4f, 86
1652707758.581929, sdrt-health/mac:02010b41cdec/antenna/tag/e2806894000050038662154f, 85
1652707758.634683, sdrt-health/mac:02010b41cdec/antenna/tag/e28068940000500386620d4f, 94
1652707758.635147, sdrt-health/mac:02010b41cdec/antenna/tag/e2806894000050038661fd4f, 83
1652707758.635469, sdrt-health/mac:02010b41cdec/antenna/tag/e2806894000050038662194f, 81
1652707758.668364, sdrt-health/mac:02010b41cdec/antenna/tag/e2806894000050038661fd4f, 86
1652707758.711037, sdrt-health/mac:02010b41cdec/antenna/tag/e2806894000050038661fd4f, 86
1652707758.784517, sdrt-health/mac:02010b41cdec/antenna/tag/e2806894000050038662154f, 91
1652707758.784961, sdrt-health/mac:02010b41cdec/antenna/tag/e2806894000040038662114f, 91
1652707758.819917, sdrt-health/mac:02010b41cdec/antenna/tag/e2806894000050038662154f, 88
1652707758.86043, sdrt-health/mac:02010b41cdec/antenna/tag/e2806894000050038662154f, 91
1652707758.900904, sdrt-health/mac:02010b41cdec/antenna/tag/e2806894000040038662114f, 91
1652707758.965628, sdrt-health/mac:02010b41cdec/antenna/tag/e2806894000050038661fd4f, 86
1652707758.966093, sdrt-health/mac:02010b41cdec/antenna/tag/e2806894000050038662154f, 85
1652707758.991349, sdrt-health/mac:02010b41cdec/antenna/tag/e2806894000050038662154f, 85
1652707759.030662, sdrt-health/mac:02010b41cdec/antenna/tag/e28068940000400386621d4f, 96
1652707759.094068, sdrt-health/mac:02010b41cdec/antenna/tag/e2806894000050038662194f, 81
1652707759.094522, sdrt-health/mac:02010b41cdec/antenna/tag/e2806894000050038662154f, 85
1652707759.119948, sdrt-health/mac:02010b41cdec/antenna/tag/e28068940000500386620d4f, 81
1652707759.210884, sdrt-health/mac:02010b41cdec/antenna/tag/e2806894000050038662194f, 81
1652707759.250535, sdrt-health/mac:02010b41cdec/antenna/tag/e28068940000400386621d4f, 77
1652707759.303204, sdrt-health/mac:02010b41cdec/antenna/tag/e2806894000040038662114f, 85
1652707759.303772, sdrt-health/mac:02010b41cdec/antenna/tag/e2806894000050038662194f, 94
1652707759.317838, sdrt-health/mac:02010b41cdec/antenna/tag/e2806894000040038662114f, 88
1652707759.339602, sdrt-health/mac:02010b41cdec/antenna/tag/e28068940000400386621d4f, 96
1652707759.381113, sdrt-health/mac:02010b41cdec/antenna/tag/e2806894000040038662114f, 85
1652707759.435784, sdrt-health/mac:02010b41cdec/antenna/tag/e2806894000050038662154f, 88
1652707759.436275, sdrt-health/mac:02010b41cdec/antenna/tag/e2806894000050038662154f, 88
1652707759.449976, sdrt-health/mac:02010b41cdec/antenna/tag/e28068940000400386621d4f, 96
1652707759.480415, sdrt-health/mac:02010b41cdec/antenna/tag/e28068940000500386620d4f, 83
1652707759.519955, sdrt-health/mac:02010b41cdec/antenna/tag/e28068940000400386621d4f, 96
1652707759.560733, sdrt-health/mac:02010b41cdec/antenna/tag/e2806894000050038662154f, 85
1652707759.61354, sdrt-health/mac:02010b41cdec/antenna/tag/e28068940000500386620d4f, 83
1652707759.614031, sdrt-health/mac:02010b41cdec/antenna/tag/e28068940000400386621d4f, 96
1652707759.640435, sdrt-health/mac:02010b41cdec/antenna/tag/e2806894000050038662154f, 88
1652707759.681436, sdrt-health/mac:02010b41cdec/antenna/tag/e28068940000400386621d4f, 90
1652707759.782863, sdrt-health/mac:02010b41cdec/antenna/tag/e2806894000050038661fd4f, 90
1652707759.783366, sdrt-health/mac:02010b41cdec/antenna/tag/e2806894000050038662154f, 88
1652707759.810535, sdrt-health/mac:02010b41cdec/antenna/tag/e28068940000400386621d4f, 90
1652707759.861679, sdrt-health/mac:02010b41cdec/antenna/tag/e28068940000400386621d4f, 90
1652707759.911527, sdrt-health/mac:02010b41cdec/antenna/tag/e28068940000500386620d4f, 81
1652707759.965984, sdrt-health/mac:02010b41cdec/antenna/tag/e2806894000050038661fd4f, 86
1652707759.966478, sdrt-health/mac:02010b41cdec/antenna/tag/e2806894000040038662114f, 91
1652707759.99007, sdrt-health/mac:02010b41cdec/antenna/tag/e2806894000040038662114f, 88
1652707760.030565, sdrt-health/mac:02010b41cdec/antenna/tag/e2806894000050038661fd4f, 83
1652707760.069941, sdrt-health/mac:02010b41cdec/antenna/tag/e2806894000050038662154f, 88
1652707760.070344, sdrt-health/mac:02010b41cdec/antenna/tag/e2806894000040038662114f, 88
1652707760.083506, sdrt-health/mac:02010b41cdec/antenna/tag/e2806894000050038662154f, 88
1652707760.110669, sdrt-health/mac:02010b41cdec/antenna/tag/e28068940000500386620d4f, 81
1652707760.149345, sdrt-health/mac:02010b41cdec/antenna/tag/e28068940000400386621d4f, 96
1652707760.212691, sdrt-health/mac:02010b41cdec/antenna/tag/e28068940000400386621d4f, 96
1652707760.213154, sdrt-health/mac:02010b41cdec/antenna/tag/e2806894000050038661fd4f, 83
1652707760.226715, sdrt-health/mac:02010b41cdec/antenna/tag/e2806894000040038662114f, 88
1652707760.271413, sdrt-health/mac:02010b41cdec/antenna/tag/e28068940000400386621d4f, 96
1652707760.317853, sdrt-health/mac:02010b41cdec/antenna/tag/e2806894000050038661fd4f, 86
1652707760.360494, sdrt-health/mac:02010b41cdec/antenna/tag/e2806894000050038662154f, 91
1652707760.408324, sdrt-health/mac:02010b41cdec/antenna/tag/e28068940000400386621d4f, 96
1652707760.472566, sdrt-health/mac:02010b41cdec/antenna/tag/e2806894000040038662114f, 88
1652707760.473066, sdrt-health/mac:02010b41cdec/antenna/tag/e2806894000050038662154f, 88
1652707760.492336, sdrt-health/mac:02010b41cdec/antenna/tag/e28068940000500386620d4f, 94
1652707760.499756, sdrt-health/mac:02010b41cdec/antenna/tag/e2806894000040038662114f, 88
1652707760.506638, sdrt-health/mac:02010b41cdec/antenna/tag/e2806894000050038661fd4f, 86
1652707760.550885, sdrt-health/mac:02010b41cdec/antenna/tag/e2806894000050038662154f, 88
1652707760.604648, sdrt-health/mac:02010b41cdec/antenna/tag/e2806894000050038662154f, 91
1652707760.605115, sdrt-health/mac:02010b41cdec/antenna/tag/e2806894000040038662114f, 85
1652707760.605456, sdrt-health/mac:02010b41cdec/antenna/tag/e2806894000050038662154f, 91
1652707760.619121, sdrt-health/mac:02010b41cdec/antenna/tag/e28068940000400386621d4f, 77
1652707760.619847, sdrt-health/mac:02010b41cdec/antenna/tag/e2806894000050038662154f, 91
1652707760.640512, sdrt-health/mac:02010b41cdec/antenna/tag/e28068940000400386621d4f, 96
1652707760.667555, sdrt-health/mac:02010b41cdec/antenna/tag/e2806894000050038661fd4f, 86
1652707760.667858, sdrt-health/mac:02010b41cdec/antenna/tag/e2806894000050038662154f, 91
1652707760.681343, sdrt-health/mac:02010b41cdec/antenna/tag/e28068940000400386621d4f, 96
1652707760.681666, sdrt-health/mac:02010b41cdec/antenna/tag/e2806894000040038662114f, 88
1652707760.760719, sdrt-health/mac:02010b41cdec/antenna/tag/e2806894000050038662154f, 88
1652707760.800369, sdrt-health/mac:02010b41cdec/antenna/tag/e28068940000400386621d4f, 96
1652707760.828888, sdrt-health/mac:02010b41cdec/antenna/tag/e2806894000050038662154f, 88
1652707760.829216, sdrt-health/mac:02010b41cdec/antenna/tag/e2806894000040038662114f, 85
1652707760.843383, sdrt-health/mac:02010b41cdec/antenna/tag/e2806894000050038661fd4f, 86
1652707760.843695, sdrt-health/mac:02010b41cdec/antenna/tag/e2806894000050038662154f, 88
1652707760.890738, sdrt-health/mac:02010b41cdec/antenna/tag/e28068940000400386621d4f, 96
1652707760.930293, sdrt-health/mac:02010b41cdec/antenna/tag/e2806894000050038662154f, 88
1652707760.984666, sdrt-health/mac:02010b41cdec/antenna/tag/e28068940000400386621d4f, 90
1652707760.986302, sdrt-health/mac:02010b41cdec/antenna/tag/e2806894000050038661fd4f, 83
1652707761.001334, sdrt-health/mac:02010b41cdec/antenna/tag/e2806894000040038662114f, 88
1652707761.009995, sdrt-health/mac:02010b41cdec/antenna/tag/e2806894000040038662214f, 94
1652707761.050447, sdrt-health/mac:02010b41cdec/antenna/tag/e2806894000050038661fd4f, 83
1652707761.090484, sdrt-health/mac:02010b41cdec/antenna/tag/e28068940000500386620d4f, 94
1652707761.170198, sdrt-health/mac:02010b41cdec/antenna/tag/e2806894000050038662154f, 91
1652707761.209995, sdrt-health/mac:02010b41cdec/antenna/tag/e2806894000050038661fd4f, 83
1652707761.250092, sdrt-health/mac:02010b41cdec/antenna/tag/e2806894000050038661fd4f, 83
1652707761.41667, sdrt-health/mac:02010b41cdec/antenna/tag/e2806894000050038661fd4f, 86
1652707761.417214, sdrt-health/mac:02010b41cdec/antenna/tag/e2806894000050038662154f, 88
1652707761.417642, sdrt-health/mac:02010b41cdec/antenna/tag/e28068940000400386621d4f, 90
1652707761.417988, sdrt-health/mac:02010b41cdec/antenna/tag/e28068940000400386621d4f, 90
1652707761.418344, sdrt-health/mac:02010b41cdec/antenna/tag/e2806894000050038661fd4f, 86
1652707761.450397, sdrt-health/mac:02010b41cdec/antenna/tag/e2806894000040038662114f, 91
1652707761.451049, sdrt-health/mac:02010b41cdec/antenna/tag/e2806894000050038662154f, 85
1652707761.479359, sdrt-health/mac:02010b41cdec/antenna/tag/e28068940000400386621d4f, 90
1652707761.479726, sdrt-health/mac:02010b41cdec/antenna/tag/e2806894000040038662114f, 91
1652707761.480046, sdrt-health/mac:02010b41cdec/antenna/tag/e2806894000050038661fd4f, 86
1652707761.480292, sdrt-health/mac:02010b41cdec/antenna/tag/e28068940000500386620d4f, 81
1652707761.480541, sdrt-health/mac:02010b41cdec/antenna/tag/e2806894000050038661fd4f, 86
1652707761.530548, sdrt-health/mac:02010b41cdec/antenna/tag/e2806894000050038662154f, 88
1652707761.583662, sdrt-health/mac:02010b41cdec/antenna/tag/e2806894000040038662114f, 91
1652707761.584215, sdrt-health/mac:02010b41cdec/antenna/tag/e28068940000400386621d4f, 90
1652707761.584564, sdrt-health/mac:02010b41cdec/antenna/tag/e2806894000040038662214f, 94
1652707761.598446, sdrt-health/mac:02010b41cdec/antenna/tag/e28068940000500386620d4f, 81
1652707761.61077, sdrt-health/mac:02010b41cdec/antenna/tag/e2806894000040038662114f, 85
1652707761.612995, sdrt-health/mac:02010b41cdec/antenna/tag/e28068940000400386621d4f, 96
1652707761.649799, sdrt-health/mac:02010b41cdec/antenna/tag/e2806894000050038662154f, 85
1652707761.690249, sdrt-health/mac:02010b41cdec/antenna/tag/e2806894000050038662154f, 91
1652707761.730957, sdrt-health/mac:02010b41cdec/antenna/tag/e2806894000040038662114f, 85
1652707761.731511, sdrt-health/mac:02010b41cdec/antenna/tag/e28068940000400386621d4f, 96
1652707761.770102, sdrt-health/mac:02010b41cdec/antenna/tag/e28068940000400386621d4f, 96
1652707761.812358, sdrt-health/mac:02010b41cdec/antenna/tag/e2806894000040038662114f, 85
1652707761.851878, sdrt-health/mac:02010b41cdec/antenna/tag/e28068940000400386621d4f, 96
1652707761.909807, sdrt-health/mac:02010b41cdec/antenna/tag/e2806894000040038662114f, 88
1652707761.910288, sdrt-health/mac:02010b41cdec/antenna/tag/e2806894000050038661fd4f, 83
1652707761.929935, sdrt-health/mac:02010b41cdec/antenna/tag/e2806894000050038662154f, 91
1652707761.935287, sdrt-health/mac:02010b41cdec/antenna/tag/e2806894000040038662114f, 85
1652707761.946816, sdrt-health/mac:02010b41cdec/antenna/tag/e28068940000400386621d4f, 96
1652707761.970629, sdrt-health/mac:02010b41cdec/antenna/tag/e2806894000050038662154f, 85
1652707761.9709, sdrt-health/mac:02010b41cdec/antenna/tag/e2806894000040038662114f, 85
1652707762.02642, sdrt-health/mac:02010b41cdec/antenna/tag/e2806894000050038661fd4f, 83
1652707762.026917, sdrt-health/mac:02010b41cdec/antenna/tag/e2806894000040038662114f, 88
1652707762.042625, sdrt-health/mac:02010b41cdec/antenna/tag/e2806894000050038661fd4f, 83
1652707762.083367, sdrt-health/mac:02010b41cdec/antenna/tag/e2806894000050038662154f, 85
1652707762.083751, sdrt-health/mac:02010b41cdec/antenna/tag/e28068940000400386621d4f, 96
1652707762.110399, sdrt-health/mac:02010b41cdec/antenna/tag/e2806894000050038661fd4f, 86
1652707762.163736, sdrt-health/mac:02010b41cdec/antenna/tag/e2806894000050038661fd4f, 86
1652707762.164546, sdrt-health/mac:02010b41cdec/antenna/tag/e28068940000400386621d4f, 96
1652707762.177214, sdrt-health/mac:02010b41cdec/antenna/tag/e28068940000400386621d4f, 96
1652707762.177481, sdrt-health/mac:02010b41cdec/antenna/tag/e2806894000050038661fd4f, 86
1652707762.190339, sdrt-health/mac:02010b41cdec/antenna/tag/e2806894000050038661fd4f, 86
1652707762.230866, sdrt-health/mac:02010b41cdec/antenna/tag/e28068940000400386621d4f, 96
1652707762.271138, sdrt-health/mac:02010b41cdec/antenna/tag/e28068940000400386621d4f, 96
1652707762.29823, sdrt-health/mac:02010b41cdec/antenna/tag/e2806894000040038662114f, 85
1652707762.298754, sdrt-health/mac:02010b41cdec/antenna/tag/e2806894000050038661fd4f, 86
1652707762.341984, sdrt-health/mac:02010b41cdec/antenna/tag/e28068940000400386621d4f, 90
1652707762.380097, sdrt-health/mac:02010b41cdec/antenna/tag/e2806894000050038661fd4f, 86
1652707762.407904, sdrt-health/mac:02010b41cdec/antenna/tag/e2806894000050038662154f, 91
1652707762.408241, sdrt-health/mac:02010b41cdec/antenna/tag/e28068940000400386621d4f, 96
1652707762.421491, sdrt-health/mac:02010b41cdec/antenna/tag/e2806894000040038662114f, 88
1652707762.421713, sdrt-health/mac:02010b41cdec/antenna/tag/e28068940000400386621d4f, 96
1652707762.460085, sdrt-health/mac:02010b41cdec/antenna/tag/e28068940000400386621d4f, 96
1652707762.514429, sdrt-health/mac:02010b41cdec/antenna/tag/e2806894000050038662194f, 94
1652707762.514957, sdrt-health/mac:02010b41cdec/antenna/tag/e2806894000050038662154f, 88
1652707762.515388, sdrt-health/mac:02010b41cdec/antenna/tag/e2806894000050038661fd4f, 83
1652707762.54045, sdrt-health/mac:02010b41cdec/antenna/tag/e28068940000500386620d4f, 81
1652707762.640955, sdrt-health/mac:02010b41cdec/antenna/tag/e28068940000400386621d4f, 90
1652707762.701572, sdrt-health/mac:02010b41cdec/antenna/tag/e2806894000040038662114f, 91
1652707762.739831, sdrt-health/mac:02010b41cdec/antenna/tag/e2806894000050038661fd4f, 86
1652707762.791903, sdrt-health/mac:02010b41cdec/antenna/tag/e2806894000050038662154f, 91
1652707762.937427, sdrt-health/mac:02010b41cdec/antenna/tag/e2806894000050038661fd4f, 86
1652707762.937879, sdrt-health/mac:02010b41cdec/antenna/tag/e2806894000050038662154f, 88
1652707762.938231, sdrt-health/mac:02010b41cdec/antenna/tag/e2806894000050038662154f, 88
1652707762.938601, sdrt-health/mac:02010b41cdec/antenna/tag/e2806894000050038661fd4f, 86
1652707762.938938, sdrt-health/mac:02010b41cdec/antenna/tag/e2806894000050038662154f, 85
1652707762.939328, sdrt-health/mac:02010b41cdec/antenna/tag/e2806894000050038661fd4f, 83
1652707763.055718, sdrt-health/mac:02010b41cdec/antenna/tag/e2806894000040038662114f, 85
1652707763.087203, sdrt-health/mac:02010b41cdec/antenna/tag/e2806894000050038661fd4f, 83
1652707763.087556, sdrt-health/mac:02010b41cdec/antenna/tag/e28068940000400386621d4f, 96
1652707763.087782, sdrt-health/mac:02010b41cdec/antenna/tag/e2806894000040038662114f, 85
1652707763.087994, sdrt-health/mac:02010b41cdec/antenna/tag/e2806894000050038661fd4f, 83
1652707763.138443, sdrt-health/mac:02010b41cdec/antenna/tag/e28068940000400386621d4f, 96
1652707763.163688, sdrt-health/mac:02010b41cdec/antenna/tag/e28068940000400386621d4f, 96
1652707763.225362, sdrt-health/mac:02010b41cdec/antenna/tag/e2806894000040038662054f, 88
1652707763.225762, sdrt-health/mac:02010b41cdec/antenna/tag/e28068940000400386621d4f, 96
1652707763.226081, sdrt-health/mac:02010b41cdec/antenna/tag/e2806894000050038661fd4f, 86
1652707763.226357, sdrt-health/mac:02010b41cdec/antenna/tag/e2806894000050038661fd4f, 83
1652707763.226633, sdrt-health/mac:02010b41cdec/antenna/tag/e2806894000050038662154f, 91
1652707763.248187, sdrt-health/mac:02010b41cdec/antenna/tag/e2806894000050038661fd4f, 83
1652707763.320749, sdrt-health/mac:02010b41cdec/antenna/tag/e2806894000050038662154f, 88
1652707763.387143, sdrt-health/mac:02010b41cdec/antenna/tag/e2806894000040038662114f, 88
1652707763.388504, sdrt-health/mac:02010b41cdec/antenna/tag/e2806894000050038661fd4f, 83
1652707763.40947, sdrt-health/mac:02010b41cdec/antenna/tag/e2806894000050038661fd4f, 90
1652707763.409784, sdrt-health/mac:02010b41cdec/antenna/tag/e2806894000040038662114f, 91
1652707763.410022, sdrt-health/mac:02010b41cdec/antenna/tag/e28068940000400386621d4f, 90
1652707763.450191, sdrt-health/mac:02010b41cdec/antenna/tag/e2806894000040038662114f, 91
1652707763.480832, sdrt-health/mac:02010b41cdec/antenna/tag/e2806894000050038661fd4f, 86
1652707763.519989, sdrt-health/mac:02010b41cdec/antenna/tag/e28068940000500386620d4f, 87
1652707763.559752, sdrt-health/mac:02010b41cdec/antenna/tag/e2806894000050038661fd4f, 86
1652707763.640595, sdrt-health/mac:02010b41cdec/antenna/tag/e28068940000400386621d4f, 90
1652707763.680882, sdrt-health/mac:02010b41cdec/antenna/tag/e2806894000040038662114f, 88
1652707763.719335, sdrt-health/mac:02010b41cdec/antenna/tag/e28068940000400386621d4f, 96
1652707763.77455, sdrt-health/mac:02010b41cdec/antenna/tag/e2806894000050038662194f, 81
1652707763.774984, sdrt-health/mac:02010b41cdec/antenna/tag/e28068940000400386621d4f, 96
1652707763.80047, sdrt-health/mac:02010b41cdec/antenna/tag/e2806894000050038661fd4f, 86
1652707763.856126, sdrt-health/mac:02010b41cdec/antenna/tag/e28068940000400386621d4f, 96
1652707763.856565, sdrt-health/mac:02010b41cdec/antenna/tag/e2806894000040038662114f, 88
1652707763.870932, sdrt-health/mac:02010b41cdec/antenna/tag/e2806894000050038661fd4f, 86
1652707763.919527, sdrt-health/mac:02010b41cdec/antenna/tag/e2806894000040038662114f, 88
1652707763.960125, sdrt-health/mac:02010b41cdec/antenna/tag/e28068940000400386621d4f, 96
1652707764.030429, sdrt-health/mac:02010b41cdec/antenna/tag/e2806894000050038661fd4f, 90
1652707764.08664, sdrt-health/mac:02010b41cdec/antenna/tag/e2806894000050038662154f, 97
1652707764.15333, sdrt-health/mac:02010b41cdec/antenna/tag/e2806894000050038661fd4f, 86
1652707764.153825, sdrt-health/mac:02010b41cdec/antenna/tag/e2806894000040038662114f, 85
1652707764.15416, sdrt-health/mac:02010b41cdec/antenna/tag/e2806894000050038662154f, 88
1652707764.190144, sdrt-health/mac:02010b41cdec/antenna/tag/e2806894000050038662154f, 85
1652707764.261234, sdrt-health/mac:02010b41cdec/antenna/tag/e2806894000040038662214f, 82
1652707764.261747, sdrt-health/mac:02010b41cdec/antenna/tag/e2806894000050038662154f, 85
1652707764.262094, sdrt-health/mac:02010b41cdec/antenna/tag/e28068940000400386621d4f, 96
1652707764.301759, sdrt-health/mac:02010b41cdec/antenna/tag/e2806894000050038661fd4f, 97
1652707764.302134, sdrt-health/mac:02010b41cdec/antenna/tag/e2806894000050038662154f, 85
1652707764.302402, sdrt-health/mac:02010b41cdec/antenna/tag/e28068940000500386620d4f, 81
1652707764.302665, sdrt-health/mac:02010b41cdec/antenna/tag/e28068940000400386621d4f, 96
1652707764.321373, sdrt-health/mac:02010b41cdec/antenna/tag/e2806894000050038661fd4f, 83
1652707764.357793, sdrt-health/mac:02010b41cdec/antenna/tag/e28068940000500386620d4f, 87
1652707764.4587, sdrt-health/mac:02010b41cdec/antenna/tag/e2806894000050038662194f, 94
1652707764.487138, sdrt-health/mac:02010b41cdec/antenna/tag/e2806894000050038661fd4f, 83
1652707764.521351, sdrt-health/mac:02010b41cdec/antenna/tag/e2806894000050038662154f, 85
1652707764.572256, sdrt-health/mac:02010b41cdec/antenna/tag/e2806894000050038662154f, 88
1652707764.623506, sdrt-health/mac:02010b41cdec/antenna/tag/e2806894000050038661fd4f, 86
1652707764.62401, sdrt-health/mac:02010b41cdec/antenna/tag/e2806894000040038662114f, 85
1652707764.624353, sdrt-health/mac:02010b41cdec/antenna/tag/e2806894000050038662154f, 88
1652707764.624672, sdrt-health/mac:02010b41cdec/antenna/tag/e2806894000050038661fd4f, 86
1652707764.625024, sdrt-health/mac:02010b41cdec/antenna/tag/e2806894000040038662114f, 85
1652707764.69265, sdrt-health/mac:02010b41cdec/antenna/tag/e2806894000050038662154f, 85
1652707764.743364, sdrt-health/mac:02010b41cdec/antenna/tag/e2806894000050038661fd4f, 86
1652707764.743963, sdrt-health/mac:02010b41cdec/antenna/tag/e2806894000050038661fd4f, 86
1652707764.744355, sdrt-health/mac:02010b41cdec/antenna/tag/e2806894000050038662154f, 85
1652707764.762608, sdrt-health/mac:02010b41cdec/antenna/tag/e2806894000050038661fd4f, 83
1652707764.76287, sdrt-health/mac:02010b41cdec/antenna/tag/e2806894000040038662114f, 88
1652707764.763048, sdrt-health/mac:02010b41cdec/antenna/tag/e2806894000050038662154f, 85
1652707764.81437, sdrt-health/mac:02010b41cdec/antenna/tag/e2806894000050038662154f, 88
1652707764.879178, sdrt-health/mac:02010b41cdec/antenna/tag/e28068940000400386621d4f, 90
1652707764.879703, sdrt-health/mac:02010b41cdec/antenna/tag/e2806894000040038662114f, 91
1652707764.880083, sdrt-health/mac:02010b41cdec/antenna/tag/e28068940000400386621d4f, 90
1652707764.892944, sdrt-health/mac:02010b41cdec/antenna/tag/e2806894000050038662154f, 88
1652707764.893318, sdrt-health/mac:02010b41cdec/antenna/tag/e2806894000040038662114f, 91
1652707764.953986, sdrt-health/mac:02010b41cdec/antenna/tag/e28068940000400386621d4f, 90
1652707764.985479, sdrt-health/mac:02010b41cdec/antenna/tag/e2806894000050038661fd4f, 86
1652707764.985936, sdrt-health/mac:02010b41cdec/antenna/tag/e2806894000050038662154f, 88
1652707764.990793, sdrt-health/mac:02010b41cdec/antenna/tag/e28068940000400386621d4f, 90
1652707765.117928, sdrt-health/mac:02010b41cdec/antenna/tag/e2806894000050038661fd4f, 86
1652707765.11845, sdrt-health/mac:02010b41cdec/antenna/tag/e2806894000050038662154f, 85
1652707765.118841, sdrt-health/mac:02010b41cdec/antenna/tag/e28068940000400386621d4f, 90
1652707765.249866, sdrt-health/mac:02010b41cdec/antenna/tag/e2806894000050038661fd4f, 86
1652707765.250394, sdrt-health/mac:02010b41cdec/antenna/tag/e2806894000050038661fd4f, 83
1652707765.250757, sdrt-health/mac:02010b41cdec/antenna/tag/e2806894000050038662194f, 81
1652707765.298323, sdrt-health/mac:02010b41cdec/antenna/tag/e2806894000040038662114f, 91
1652707765.299119, sdrt-health/mac:02010b41cdec/antenna/tag/e28068940000400386621d4f, 90
1652707765.299657, sdrt-health/mac:02010b41cdec/antenna/tag/e2806894000050038661fd4f, 86
1652707765.300066, sdrt-health/mac:02010b41cdec/antenna/tag/e2806894000040038662114f, 88
1652707765.300493, sdrt-health/mac:02010b41cdec/antenna/tag/e2806894000040038662114f, 88
1652707765.300908, sdrt-health/mac:02010b41cdec/antenna/tag/e2806894000050038662154f, 88
1652707765.391312, sdrt-health/mac:02010b41cdec/antenna/tag/e28068940000400386621d4f, 90
1652707765.39179, sdrt-health/mac:02010b41cdec/antenna/tag/e28068940000400386621d4f, 90
1652707765.410019, sdrt-health/mac:02010b41cdec/antenna/tag/e2806894000050038662154f, 88
1652707765.410473, sdrt-health/mac:02010b41cdec/antenna/tag/e2806894000050038661fd4f, 86
1652707765.410865, sdrt-health/mac:02010b41cdec/antenna/tag/e28068940000500386620d4f, 81
1652707765.438576, sdrt-health/mac:02010b41cdec/antenna/tag/e28068940000400386621d4f, 90
1652707765.48395, sdrt-health/mac:02010b41cdec/antenna/tag/e28068940000500386620d4f, 83
1652707765.484491, sdrt-health/mac:02010b41cdec/antenna/tag/e2806894000050038661fd4f, 86
1652707765.484909, sdrt-health/mac:02010b41cdec/antenna/tag/e2806894000050038661fd4f, 83
1652707765.497137, sdrt-health/mac:02010b41cdec/antenna/tag/e2806894000050038661fd4f, 83
1652707765.519502, sdrt-health/mac:02010b41cdec/antenna/tag/e2806894000040038662114f, 88
1652707765.519782, sdrt-health/mac:02010b41cdec/antenna/tag/e2806894000050038662154f, 88
1652707765.519989, sdrt-health/mac:02010b41cdec/antenna/tag/e28068940000400386621d4f, 96
1652707765.560033, sdrt-health/mac:02010b41cdec/antenna/tag/e28068940000500386620d4f, 87
1652707765.591095, sdrt-health/mac:02010b41cdec/antenna/tag/e2806894000050038662154f, 91
1652707765.660468, sdrt-health/mac:02010b41cdec/antenna/tag/e28068940000400386621d4f, 96
1652707765.661022, sdrt-health/mac:02010b41cdec/antenna/tag/e2806894000040038662114f, 88
1652707765.681966, sdrt-health/mac:02010b41cdec/antenna/tag/e2806894000050038662194f, 88
1652707765.682446, sdrt-health/mac:02010b41cdec/antenna/tag/e28068940000400386621d4f, 96
1652707765.682813, sdrt-health/mac:02010b41cdec/antenna/tag/e2806894000040038662114f, 88
1652707765.731989, sdrt-health/mac:02010b41cdec/antenna/tag/e28068940000400386621d4f, 96
1652707765.800913, sdrt-health/mac:02010b41cdec/antenna/tag/e28068940000400386621d4f, 96
1652707765.801421, sdrt-health/mac:02010b41cdec/antenna/tag/e2806894000050038662194f, 94
1652707765.801763, sdrt-health/mac:02010b41cdec/antenna/tag/e2806894000050038662194f, 81
1652707765.802085, sdrt-health/mac:02010b41cdec/antenna/tag/e2806894000050038661fd4f, 86
1652707765.817722, sdrt-health/mac:02010b41cdec/antenna/tag/e2806894000050038662194f, 83
1652707765.852595, sdrt-health/mac:02010b41cdec/antenna/tag/e2806894000040038662114f, 88
1652707765.904484, sdrt-health/mac:02010b41cdec/antenna/tag/e28068940000400386621d4f, 96
1652707765.936329, sdrt-health/mac:02010b41cdec/antenna/tag/e2806894000050038662154f, 88
1652707765.936672, sdrt-health/mac:02010b41cdec/antenna/tag/e2806894000050038662154f, 88
1652707765.991515, sdrt-health/mac:02010b41cdec/antenna/tag/e2806894000050038661fd4f, 83
1652707766.01225, sdrt-health/mac:02010b41cdec/antenna/tag/e2806894000040038662114f, 88
1652707766.098169, sdrt-health/mac:02010b41cdec/antenna/tag/e2806894000050038661fd4f, 83
1652707766.098465, sdrt-health/mac:02010b41cdec/antenna/tag/e2806894000050038662154f, 88
1652707766.161532, sdrt-health/mac:02010b41cdec/antenna/tag/e2806894000050038661fd4f, 90
1652707766.162107, sdrt-health/mac:02010b41cdec/antenna/tag/e2806894000040038662114f, 88
1652707766.162473, sdrt-health/mac:02010b41cdec/antenna/tag/e2806894000040038662114f, 88
1652707766.19588, sdrt-health/mac:02010b41cdec/antenna/tag/e28068940000400386621d4f, 96
1652707766.252604, sdrt-health/mac:02010b41cdec/antenna/tag/e2806894000050038662154f, 88
1652707766.280539, sdrt-health/mac:02010b41cdec/antenna/tag/e2806894000040038662114f, 91
1652707766.310457, sdrt-health/mac:02010b41cdec/antenna/tag/e28068940000400386621d4f, 90
1652707766.310745, sdrt-health/mac:02010b41cdec/antenna/tag/e2806894000050038661fd4f, 83
1652707766.330919, sdrt-health/mac:02010b41cdec/antenna/tag/e2806894000040038662114f, 88
1652707766.331259, sdrt-health/mac:02010b41cdec/antenna/tag/e2806894000050038661fd4f, 86
1652707766.331462, sdrt-health/mac:02010b41cdec/antenna/tag/e2806894000040038662114f, 91
1652707766.364853, sdrt-health/mac:02010b41cdec/antenna/tag/e2806894000050038662194f, 94
1652707766.520599, sdrt-health/mac:02010b41cdec/antenna/tag/e2806894000040038662114f, 91
1652707766.521082, sdrt-health/mac:02010b41cdec/antenna/tag/e2806894000050038662154f, 88
1652707766.558419, sdrt-health/mac:02010b41cdec/antenna/tag/e2806894000040038662114f, 88
1652707766.558774, sdrt-health/mac:02010b41cdec/antenna/tag/e2806894000050038661fd4f, 86
1652707766.559025, sdrt-health/mac:02010b41cdec/antenna/tag/e2806894000040038662114f, 85
1652707766.605536, sdrt-health/mac:02010b41cdec/antenna/tag/e28068940000500386620d4f, 83
1652707766.653441, sdrt-health/mac:02010b41cdec/antenna/tag/e28068940000400386621d4f, 96
1652707766.740046, sdrt-health/mac:02010b41cdec/antenna/tag/e2806894000050038662194f, 94
1652707766.740547, sdrt-health/mac:02010b41cdec/antenna/tag/e28068940000400386621d4f, 96
1652707766.740889, sdrt-health/mac:02010b41cdec/antenna/tag/e28068940000400386621d4f, 96
1652707766.741238, sdrt-health/mac:02010b41cdec/antenna/tag/e2806894000050038662194f, 94
1652707766.741569, sdrt-health/mac:02010b41cdec/antenna/tag/e28068940000400386621d4f, 96
1652707766.863353, sdrt-health/mac:02010b41cdec/antenna/tag/e28068940000400386621d4f, 96
1652707766.879481, sdrt-health/mac:02010b41cdec/antenna/tag/e28068940000400386621d4f, 96
1652707766.909781, sdrt-health/mac:02010b41cdec/antenna/tag/e2806894000040038662114f, 88
1652707766.91003, sdrt-health/mac:02010b41cdec/antenna/tag/e2806894000050038662154f, 88
1652707766.910252, sdrt-health/mac:02010b41cdec/antenna/tag/e28068940000400386621d4f, 96
1652707767.001382, sdrt-health/mac:02010b41cdec/antenna/tag/e2806894000050038662154f, 88
1652707767.042954, sdrt-health/mac:02010b41cdec/antenna/tag/e2806894000050038662154f, 91
1652707767.095553, sdrt-health/mac:02010b41cdec/antenna/tag/e28068940000400386621d4f, 96
1652707767.095813, sdrt-health/mac:02010b41cdec/antenna/tag/e28068940000400386621d4f, 96
1652707767.161253, sdrt-health/mac:02010b41cdec/antenna/tag/e2806894000050038662154f, 88
1652707767.161738, sdrt-health/mac:02010b41cdec/antenna/tag/e2806894000050038661fd4f, 86
1652707767.199406, sdrt-health/mac:02010b41cdec/antenna/tag/e2806894000050038662154f, 88
1652707767.271044, sdrt-health/mac:02010b41cdec/antenna/tag/e2806894000050038662154f, 88
1652707767.310046, sdrt-health/mac:02010b41cdec/antenna/tag/e2806894000040038662114f, 85
1652707767.364201, sdrt-health/mac:02010b41cdec/antenna/tag/e2806894000040038662114f, 88
1652707767.364852, sdrt-health/mac:02010b41cdec/antenna/tag/e2806894000050038662154f, 91
1652707767.390682, sdrt-health/mac:02010b41cdec/antenna/tag/e2806894000050038661fd4f, 86
1652707767.430215, sdrt-health/mac:02010b41cdec/antenna/tag/e2806894000040038662114f, 88
1652707767.485237, sdrt-health/mac:02010b41cdec/antenna/tag/e2806894000040038662114f, 88
1652707767.485648, sdrt-health/mac:02010b41cdec/antenna/tag/e2806894000050038662154f, 88
1652707767.498743, sdrt-health/mac:02010b41cdec/antenna/tag/e2806894000050038661fd4f, 83
1652707767.499198, sdrt-health/mac:02010b41cdec/antenna/tag/e2806894000040038662114f, 88
1652707767.518329, sdrt-health/mac:02010b41cdec/antenna/tag/e28068940000400386621d4f, 96
1652707767.560617, sdrt-health/mac:02010b41cdec/antenna/tag/e2806894000040038661f94f, 94
1652707767.588216, sdrt-health/mac:02010b41cdec/antenna/tag/e2806894000040038662214f, 81
1652707767.58842, sdrt-health/mac:02010b41cdec/antenna/tag/e2806894000050038661fd4f, 83
1652707767.600964, sdrt-health/mac:02010b41cdec/antenna/tag/e28068940000500386620d4f, 94
1652707767.640436, sdrt-health/mac:02010b41cdec/antenna/tag/e2806894000050038662154f, 85
1652707767.681091, sdrt-health/mac:02010b41cdec/antenna/tag/e2806894000040038662114f, 88
1652707767.733923, sdrt-health/mac:02010b41cdec/antenna/tag/e2806894000050038662154f, 88
1652707767.734404, sdrt-health/mac:02010b41cdec/antenna/tag/e2806894000050038662154f, 88
1652707767.748513, sdrt-health/mac:02010b41cdec/antenna/tag/e28068940000400386621d4f, 96
1652707767.780438, sdrt-health/mac:02010b41cdec/antenna/tag/e2806894000050038661fd4f, 86
1652707767.841107, sdrt-health/mac:02010b41cdec/antenna/tag/e2806894000050038662154f, 88
1652707767.869932, sdrt-health/mac:02010b41cdec/antenna/tag/e2806894000050038661fd4f, 86
1652707767.870502, sdrt-health/mac:02010b41cdec/antenna/tag/e2806894000050038662154f, 91
1652707767.870898, sdrt-health/mac:02010b41cdec/antenna/tag/e2806894000040038662114f, 97
1652707767.882584, sdrt-health/mac:02010b41cdec/antenna/tag/e28068940000400386621d4f, 90
1652707767.960384, sdrt-health/mac:02010b41cdec/antenna/tag/e2806894000050038662154f, 88
1652707768.000492, sdrt-health/mac:02010b41cdec/antenna/tag/e2806894000040038662114f, 91
1652707768.054603, sdrt-health/mac:02010b41cdec/antenna/tag/e28068940000400386621d4f, 90
1652707768.055108, sdrt-health/mac:02010b41cdec/antenna/tag/e28068940000400386621d4f, 96
1652707768.081463, sdrt-health/mac:02010b41cdec/antenna/tag/e28068940000500386620d4f, 88
1652707768.145975, sdrt-health/mac:02010b41cdec/antenna/tag/e2806894000040038662214f, 97
1652707768.146443, sdrt-health/mac:02010b41cdec/antenna/tag/e2806894000050038662154f, 93
1652707768.160497, sdrt-health/mac:02010b41cdec/antenna/tag/e28068940000400386621d4f, 96
1652707768.160959, sdrt-health/mac:02010b41cdec/antenna/tag/e2806894000050038661fd4f, 83
1652707768.161275, sdrt-health/mac:02010b41cdec/antenna/tag/e2806894000040038662114f, 85
1652707768.201841, sdrt-health/mac:02010b41cdec/antenna/tag/e28068940000400386621d4f, 96
1652707768.240081, sdrt-health/mac:02010b41cdec/antenna/tag/e28068940000400386621d4f, 96
1652707768.240397, sdrt-health/mac:02010b41cdec/antenna/tag/e2806894000050038661fd4f, 86
1652707768.279366, sdrt-health/mac:02010b41cdec/antenna/tag/e28068940000400386621d4f, 96
1652707768.321198, sdrt-health/mac:02010b41cdec/antenna/tag/e28068940000400386621d4f, 96
1652707768.361058, sdrt-health/mac:02010b41cdec/antenna/tag/e28068940000400386621d4f, 96
1652707768.413251, sdrt-health/mac:02010b41cdec/antenna/tag/e2806894000040038662114f, 85
1652707768.413795, sdrt-health/mac:02010b41cdec/antenna/tag/e2806894000050038662154f, 88
1652707768.441524, sdrt-health/mac:02010b41cdec/antenna/tag/e2806894000040038662054f, 84
1652707768.481551, sdrt-health/mac:02010b41cdec/antenna/tag/e28068940000500386620d4f, 81
1652707768.509586, sdrt-health/mac:02010b41cdec/antenna/tag/e2806894000050038662154f, 85
1652707768.509762, sdrt-health/mac:02010b41cdec/antenna/tag/e2806894000050038661fd4f, 83
1652707768.523619, sdrt-health/mac:02010b41cdec/antenna/tag/e28068940000400386621d4f, 96
1652707768.630413, sdrt-health/mac:02010b41cdec/antenna/tag/e2806894000050038661fd4f, 86
1652707768.679446, sdrt-health/mac:02010b41cdec/antenna/tag/e2806894000050038662154f, 91
1652707768.720885, sdrt-health/mac:02010b41cdec/antenna/tag/e2806894000050038662154f, 88
1652707768.774783, sdrt-health/mac:02010b41cdec/antenna/tag/e2806894000040038662114f, 88
1652707768.775228, sdrt-health/mac:02010b41cdec/antenna/tag/e2806894000040038662114f, 88
1652707768.788994, sdrt-health/mac:02010b41cdec/antenna/tag/e2806894000050038662154f, 88
1652707768.807774, sdrt-health/mac:02010b41cdec/antenna/tag/e2806894000050038662154f, 91
1652707768.852093, sdrt-health/mac:02010b41cdec/antenna/tag/e2806894000050038662154f, 88
1652707768.914754, sdrt-health/mac:02010b41cdec/antenna/tag/e2806894000040038662114f, 88
1652707768.915297, sdrt-health/mac:02010b41cdec/antenna/tag/e28068940000400386621d4f, 90
1652707768.928912, sdrt-health/mac:02010b41cdec/antenna/tag/e2806894000050038661fd4f, 83
1652707768.963508, sdrt-health/mac:02010b41cdec/antenna/tag/e2806894000040038662114f, 88
1652707768.963911, sdrt-health/mac:02010b41cdec/antenna/tag/e2806894000040038662114f, 88
1652707768.990195, sdrt-health/mac:02010b41cdec/antenna/tag/e2806894000040038662114f, 85
1652707769.031446, sdrt-health/mac:02010b41cdec/antenna/tag/e28068940000500386620d4f, 81
1652707769.080219, sdrt-health/mac:02010b41cdec/antenna/tag/e2806894000050038661fd4f, 90
1652707769.120065, sdrt-health/mac:02010b41cdec/antenna/tag/e2806894000040038662114f, 88
1652707769.175316, sdrt-health/mac:02010b41cdec/antenna/tag/e28068940000400386621d4f, 96
1652707769.175846, sdrt-health/mac:02010b41cdec/antenna/tag/e28068940000400386621d4f, 90
1652707769.189834, sdrt-health/mac:02010b41cdec/antenna/tag/e2806894000050038662154f, 91
1652707769.263395, sdrt-health/mac:02010b41cdec/antenna/tag/e28068940000400386621d4f, 90
1652707769.320475, sdrt-health/mac:02010b41cdec/antenna/tag/e2806894000050038661fd4f, 86
1652707769.359116, sdrt-health/mac:02010b41cdec/antenna/tag/e2806894000040038662114f, 85
1652707769.403059, sdrt-health/mac:02010b41cdec/antenna/tag/e2806894000050038662154f, 88
1652707769.453502, sdrt-health/mac:02010b41cdec/antenna/tag/e28068940000500386620d4f, 83
1652707769.453995, sdrt-health/mac:02010b41cdec/antenna/tag/e28068940000500386620d4f, 81
1652707769.467385, sdrt-health/mac:02010b41cdec/antenna/tag/e2806894000040038662114f, 85
1652707769.481195, sdrt-health/mac:02010b41cdec/antenna/tag/e28068940000400386621d4f, 96
1652707769.520891, sdrt-health/mac:02010b41cdec/antenna/tag/e28068940000500386620d4f, 83
1652707769.559627, sdrt-health/mac:02010b41cdec/antenna/tag/e28068940000400386621d4f, 96
1652707769.611195, sdrt-health/mac:02010b41cdec/antenna/tag/e28068940000400386621d4f, 96
1652707769.650315, sdrt-health/mac:02010b41cdec/antenna/tag/e2806894000040038662114f, 85
1652707769.7349, sdrt-health/mac:02010b41cdec/antenna/tag/e2806894000050038662154f, 88
1652707769.73546, sdrt-health/mac:02010b41cdec/antenna/tag/e2806894000050038661fd4f, 86
1652707769.760893, sdrt-health/mac:02010b41cdec/antenna/tag/e2806894000040038662114f, 88
1652707769.814321, sdrt-health/mac:02010b41cdec/antenna/tag/e2806894000050038661fd4f, 83
1652707769.814843, sdrt-health/mac:02010b41cdec/antenna/tag/e2806894000040038662114f, 85
1652707769.828105, sdrt-health/mac:02010b41cdec/antenna/tag/e2806894000050038662154f, 88
1652707769.872223, sdrt-health/mac:02010b41cdec/antenna/tag/e2806894000040038662114f, 85
1652707769.872489, sdrt-health/mac:02010b41cdec/antenna/tag/e28068940000400386621d4f, 90
1652707769.900254, sdrt-health/mac:02010b41cdec/antenna/tag/e2806894000050038661fd4f, 86
1652707769.939725, sdrt-health/mac:02010b41cdec/antenna/tag/e2806894000050038662154f, 88
1652707769.994791, sdrt-health/mac:02010b41cdec/antenna/tag/e2806894000050038662154f, 85
1652707769.995257, sdrt-health/mac:02010b41cdec/antenna/tag/e2806894000040038662114f, 91
1652707770.020035, sdrt-health/mac:02010b41cdec/antenna/tag/e2806894000040038662114f, 85
1652707770.074469, sdrt-health/mac:02010b41cdec/antenna/tag/e2806894000050038662194f, 88
1652707770.074949, sdrt-health/mac:02010b41cdec/antenna/tag/e28068940000400386621d4f, 77
1652707770.090217, sdrt-health/mac:02010b41cdec/antenna/tag/e2806894000050038662154f, 85
1652707770.119488, sdrt-health/mac:02010b41cdec/antenna/tag/e2806894000040038662114f, 88
1652707770.16008, sdrt-health/mac:02010b41cdec/antenna/tag/e2806894000050038661fd4f, 86
1652707770.213528, sdrt-health/mac:02010b41cdec/antenna/tag/e2806894000050038662154f, 85
1652707770.213763, sdrt-health/mac:02010b41cdec/antenna/tag/e2806894000050038662194f, 81
1652707770.227998, sdrt-health/mac:02010b41cdec/antenna/tag/e2806894000050038661fd4f, 86
1652707770.239426, sdrt-health/mac:02010b41cdec/antenna/tag/e2806894000040038662114f, 91
1652707770.280881, sdrt-health/mac:02010b41cdec/antenna/tag/e2806894000040038662114f, 85
1652707770.345887, sdrt-health/mac:02010b41cdec/antenna/tag/e2806894000050038662154f, 88
1652707770.346294, sdrt-health/mac:02010b41cdec/antenna/tag/e28068940000400386621d4f, 96
1652707770.373542, sdrt-health/mac:02010b41cdec/antenna/tag/e2806894000040038662114f, 88
1652707770.409669, sdrt-health/mac:02010b41cdec/antenna/tag/e28068940000400386621d4f, 96
1652707770.410392, sdrt-health/mac:02010b41cdec/antenna/tag/e2806894000050038662154f, 88
1652707770.62222, sdrt-health/mac:02010b41cdec/antenna/tag/scan, scan stopped
