1652707719.456482, sdrt-health/mac:02010b41cdec/antenna/power/set, {"power": 300}
1652707720.532341, sdrt-health/mac:02010b41cdec/antenna/power/set, 
1652707724.477291, sdrt-health/mac:02010b41cdec/antenna/tag/scan, {"time": 20000}
1652707725.072976, sdrt-health/mac:02010b41cdec/antenna/tag/e28068940000400386621d4f, 96
1652707725.100063, sdrt-health/mac:02010b41cdec/antenna/tag/e28068940000500386620d4f, 87
1652707725.127152, sdrt-health/mac:02010b41cdec/antenna/tag/e2806894000050038661fd4f, 90
1652707725.127476, sdrt-health/mac:02010b41cdec/antenna/tag/e2806894000040038662114f, 91
1652707725.127647, sdrt-health/mac:02010b41cdec/antenna/tag/e2806894000050038661fd4f, 86
1652707725.127839, sdrt-health/mac:02010b41cdec/antenna/tag/e28068940000500386620d4f, 81
1652707725.128025, sdrt-health/mac:02010b41cdec/antenna/tag/e2806894000040038662214f, 81
1652707725.128211, sdrt-health/mac:02010b41cdec/antenna/tag/e2806894000050038662154f, 85
1652707725.128426, sdrt-health/mac:02010b41cdec/antenna/tag/e2806894000050038661fd4f, 86
1652707725.150751, sdrt-health/mac:02010b41cdec/antenna/tag/e28068940000400386621d4f, 96
1652707725.200967, sdrt-health/mac:02010b41cdec/antenna/tag/e2806894000040038661f94f, 81
1652707725.240916, sdrt-health/mac:02010b41cdec/antenna/tag/e2806894000050038662194f, 81
1652707725.304572, sdrt-health/mac:02010b41cdec/antenna/tag/e2806894000040038662114f, 85
1652707725.304986, sdrt-health/mac:02010b41cdec/antenna/tag/e2806894000050038661fd4f, 86
1652707725.330082, sdrt-health/mac:02010b41cdec/antenna/tag/e2806894000050038661fd4f, 86
1652707725.421522, sdrt-health/mac:02010b41cdec/antenna/tag/e2806894000050038662154f, 91
1652707725.474927, sdrt-health/mac:02010b41cdec/antenna/tag/e28068940000400386621d4f, 77
1652707725.475696, sdrt-health/mac:02010b41cdec/antenna/tag/e28068940000500386620d4f, 83
1652707725.489406, sdrt-health/mac:02010b41cdec/antenna/tag/e28068940000400386621d4f, 77
1652707725.518105, sdrt-health/mac:02010b41cdec/antenna/tag/e2806894000050038662154f, 91
1652707725.518426, sdrt-health/mac:02010b41cdec/antenna/tag/e28068940000400386621d4f, 96
1652707725.518657, sdrt-health/mac:02010b41cdec/antenna/tag/e2806894000040038661f94f, 88
1652707725.561616, sdrt-health/mac:02010b41cdec/antenna/tag/e2806894000050038661fd4f, 86
1652707725.600585, sdrt-health/mac:02010b41cdec/antenna/tag/e2806894000050038661fd4f, 90
1652707725.641815, sdrt-health/mac:02010b41cdec/antenna/tag/e2806894000050038662154f, 88
1652707725.693827, sdrt-health/mac:02010b41cdec/antenna/tag/e2806894000050038662154f, 88
1652707725.694182, sdrt-health/mac:02010b41cdec/antenna/tag/e2806894000050038662154f, 85
1652707725.719869, sdrt-health/mac:02010b41cdec/antenna/tag/e28068940000400386621d4f, 77
1652707725.79976, sdrt-health/mac:02010b41cdec/antenna/tag/e28068940000500386620d4f, 81
1652707725.84047, sdrt-health/mac:02010b41cdec/antenna/tag/e28068940000500386620d4f, 83
1652707725.879939, sdrt-health/mac:02010b41cdec/antenna/tag/e2806894000050038661fd4f, 90
1652707725.986129, sdrt-health/mac:02010b41cdec/antenna/tag/e2806894000050038662194f, 81
1652707725.986614, sdrt-health/mac:02010b41cdec/antenna/tag/e2806894000050038661fd4f, 86
1652707726.030338, sdrt-health/mac:02010b41cdec/antenna/tag/e28068940000400386621d4f, 96
1652707726.092396, sdrt-health/mac:02010b41cdec/antenna/tag/e2806894000050038661fd4f, 86
1652707726.092746, sdrt-health/mac:02010b41cdec/antenna/tag/e2806894000050038662154f, 91
1652707726.120848, sdrt-health/mac:02010b41cdec/antenna/tag/e2806894000050038662194f, 83
1652707726.171976, sdrt-health/mac:02010b41cdec/antenna/tag/e28068940000500386620d4f, 81
1652707726.200236, sdrt-health/mac:02010b41cdec/antenna/tag/e2806894000050038662154f, 85
1652707726.247343, sdrt-health/mac:02010b41cdec/antenna/tag/e2806894000050038661fd4f, 86
1652707726.280748, sdrt-health/mac:02010b41cdec/antenna/tag/e28068940000500386620d4f, 87
1652707726.309467, sdrt-health/mac:02010b41cdec/antenna/tag/e2806894000050038661fd4f, 86
1652707726.309667, sdrt-health/mac:02010b41cdec/antenna/tag/e2806894000040038662114f, 88
1652707726.30977, sdrt-health/mac:02010b41cdec/antenna/tag/e2806894000050038662154f, 85
1652707726.340413, sdrt-health/mac:02010b41cdec/antenna/tag/e2806894000040038662214f, 83
1652707726.380465, sdrt-health/mac:02010b41cdec/antenna/tag/e28068940000400386621d4f, 77
1652707726.433981, sdrt-health/mac:02010b41cdec/antenna/tag/e2806894000050038661fd4f, 83
1652707726.434486, sdrt-health/mac:02010b41cdec/antenna/tag/e2806894000050038662194f, 84
1652707726.448072, sdrt-health/mac:02010b41cdec/antenna/tag/e2806894000040038661f94f, 84
1652707726.462521, sdrt-health/mac:02010b41cdec/antenna/tag/e2806894000040038662114f, 88
1652707726.500217, sdrt-health/mac:02010b41cdec/antenna/tag/e28068940000500386620d4f, 83
1652707726.540417, sdrt-health/mac:02010b41cdec/antenna/tag/e2806894000040038662054f, 84
1652707726.57915, sdrt-health/mac:02010b41cdec/antenna/tag/e28068940000400386621d4f, 77
1652707726.620248, sdrt-health/mac:02010b41cdec/antenna/tag/e2806894000040038662114f, 85
1652707726.620602, sdrt-health/mac:02010b41cdec/antenna/tag/e2806894000040038662214f, 93
1652707726.661085, sdrt-health/mac:02010b41cdec/antenna/tag/e28068940000500386620d4f, 83
1652707726.699611, sdrt-health/mac:02010b41cdec/antenna/tag/e2806894000050038661fd4f, 86
1652707726.74012, sdrt-health/mac:02010b41cdec/antenna/tag/e2806894000050038661fd4f, 86
1652707726.781886, sdrt-health/mac:02010b41cdec/antenna/tag/e28068940000500386620d4f, 83
1652707726.820974, sdrt-health/mac:02010b41cdec/antenna/tag/e2806894000040038662114f, 88
1652707726.861193, sdrt-health/mac:02010b41cdec/antenna/tag/e28068940000400386621d4f, 77
1652707726.900173, sdrt-health/mac:02010b41cdec/antenna/tag/e2806894000050038661fd4f, 86
1652707726.940038, sdrt-health/mac:02010b41cdec/antenna/tag/e2806894000050038662194f, 81
1652707726.99466, sdrt-health/mac:02010b41cdec/antenna/tag/e28068940000400386621d4f, 77
1652707726.994958, sdrt-health/mac:02010b41cdec/antenna/tag/e2806894000040038662114f, 97
1652707726.995184, sdrt-health/mac:02010b41cdec/antenna/tag/e2806894000050038661fd4f, 86
1652707727.020181, sdrt-health/mac:02010b41cdec/antenna/tag/e2806894000050038662154f, 88
1652707727.049579, sdrt-health/mac:02010b41cdec/antenna/tag/e2806894000050038661fd4f, 90
1652707727.049809, sdrt-health/mac:02010b41cdec/antenna/tag/e28068940000400386621d4f, 90
1652707727.064379, sdrt-health/mac:02010b41cdec/antenna/tag/e2806894000050038662154f, 91
1652707727.333937, sdrt-health/mac:02010b41cdec/antenna/tag/e2806894000050038661fd4f, 86
1652707727.414672, sdrt-health/mac:02010b41cdec/antenna/tag/e28068940000500386620d4f, 87
1652707727.415278, sdrt-health/mac:02010b41cdec/antenna/tag/e2806894000050038661fd4f, 86
1652707727.468882, sdrt-health/mac:02010b41cdec/antenna/tag/e28068940000500386620d4f, 83
1652707727.469402, sdrt-health/mac:02010b41cdec/antenna/tag/e2806894000050038662194f, 83
1652707727.469735, sdrt-health/mac:02010b41cdec/antenna/tag/e2806894000050038662154f, 91
1652707727.470055, sdrt-health/mac:02010b41cdec/antenna/tag/e2806894000040038662114f, 91
1652707727.533404, sdrt-health/mac:02010b41cdec/antenna/tag/e28068940000400386621d4f, 96
1652707727.578032, sdrt-health/mac:02010b41cdec/antenna/tag/e28068940000500386620d4f, 87
1652707727.683675, sdrt-health/mac:02010b41cdec/antenna/tag/e2806894000050038661fd4f, 90
1652707727.684245, sdrt-health/mac:02010b41cdec/antenna/tag/e2806894000050038662154f, 91
1652707727.695265, sdrt-health/mac:02010b41cdec/antenna/tag/e2806894000050038662154f, 88
1652707727.695717, sdrt-health/mac:02010b41cdec/antenna/tag/e28068940000500386620d4f, 83
1652707727.783577, sdrt-health/mac:02010b41cdec/antenna/tag/e28068940000400386621d4f, 96
1652707727.873335, sdrt-health/mac:02010b41cdec/antenna/tag/e2806894000050038662154f, 88
1652707727.90149, sdrt-health/mac:02010b41cdec/antenna/tag/e28068940000400386621d4f, 96
1652707727.901984, sdrt-health/mac:02010b41cdec/antenna/tag/e2806894000050038662154f, 91
1652707727.902322, sdrt-health/mac:02010b41cdec/antenna/tag/e2806894000040038662114f, 88
1652707727.902669, sdrt-health/mac:02010b41cdec/antenna/tag/e2806894000050038662194f, 81
1652707727.915902, sdrt-health/mac:02010b41cdec/antenna/tag/e2806894000040038661f94f, 81
1652707727.917396, sdrt-health/mac:02010b41cdec/antenna/tag/e28068940000400386621d4f, 96
1652707727.917893, sdrt-health/mac:02010b41cdec/antenna/tag/e28068940000500386620d4f, 83
1652707727.918344, sdrt-health/mac:02010b41cdec/antenna/tag/e2806894000050038661fd4f, 83
1652707727.918603, sdrt-health/mac:02010b41cdec/antenna/tag/e28068940000400386621d4f, 77
1652707728.015867, sdrt-health/mac:02010b41cdec/antenna/tag/e2806894000050038662154f, 97
1652707728.087853, sdrt-health/mac:02010b41cdec/antenna/tag/e2806894000050038662154f, 91
1652707728.126362, sdrt-health/mac:02010b41cdec/antenna/tag/e2806894000050038661fd4f, 86
1652707728.20116, sdrt-health/mac:02010b41cdec/antenna/tag/e2806894000050038661fd4f, 86
1652707728.201554, sdrt-health/mac:02010b41cdec/antenna/tag/e2806894000050038661fd4f, 86
1652707728.224638, sdrt-health/mac:02010b41cdec/antenna/tag/e28068940000500386620d4f, 87
1652707728.253523, sdrt-health/mac:02010b41cdec/antenna/tag/e2806894000040038662054f, 94
1652707728.253783, sdrt-health/mac:02010b41cdec/antenna/tag/e2806894000050038662194f, 83
1652707728.267814, sdrt-health/mac:02010b41cdec/antenna/tag/e2806894000050038661fd4f, 83
1652707728.281018, sdrt-health/mac:02010b41cdec/antenna/tag/e28068940000500386620d4f, 83
1652707728.284129, sdrt-health/mac:02010b41cdec/antenna/tag/e2806894000040038662114f, 91
1652707728.284374, sdrt-health/mac:02010b41cdec/antenna/tag/e28068940000400386621d4f, 96
1652707728.320793, sdrt-health/mac:02010b41cdec/antenna/tag/e2806894000050038661fd4f, 90
1652707728.360262, sdrt-health/mac:02010b41cdec/antenna/tag/e2806894000040038662114f, 91
1652707728.360575, sdrt-health/mac:02010b41cdec/antenna/tag/e2806894000050038662154f, 91
1652707728.374981, sdrt-health/mac:02010b41cdec/antenna/tag/e28068940000500386620d4f, 83
1652707728.410717, sdrt-health/mac:02010b41cdec/antenna/tag/e2806894000040038662054f, 94
1652707728.450601, sdrt-health/mac:02010b41cdec/antenna/tag/e2806894000040038662054f, 81
1652707728.537222, sdrt-health/mac:02010b41cdec/antenna/tag/e2806894000050038662194f, 82
1652707728.537699, sdrt-health/mac:02010b41cdec/antenna/tag/e28068940000400386621d4f, 96
1652707728.538036, sdrt-health/mac:02010b41cdec/antenna/tag/e28068940000500386620d4f, 83
1652707728.581316, sdrt-health/mac:02010b41cdec/antenna/tag/e2806894000040038662114f, 88
1652707728.611299, sdrt-health/mac:02010b41cdec/antenna/tag/e2806894000050038662194f, 87
1652707728.611655, sdrt-health/mac:02010b41cdec/antenna/tag/e2806894000050038661fd4f, 86
1652707728.611965, sdrt-health/mac:02010b41cdec/antenna/tag/e2806894000050038662194f, 83
1652707728.629699, sdrt-health/mac:02010b41cdec/antenna/tag/e28068940000400386621d4f, 96
1652707728.659002, sdrt-health/mac:02010b41cdec/antenna/tag/e28068940000500386620d4f, 81
1652707728.659235, sdrt-health/mac:02010b41cdec/antenna/tag/e28068940000400386621d4f, 96
1652707728.672499, sdrt-health/mac:02010b41cdec/antenna/tag/e28068940000400386621d4f, 96
1652707728.672744, sdrt-health/mac:02010b41cdec/antenna/tag/e2806894000040038662114f, 85
1652707728.710533, sdrt-health/mac:02010b41cdec/antenna/tag/e28068940000400386621d4f, 77
1652707728.710828, sdrt-health/mac:02010b41cdec/antenna/tag/e2806894000050038662154f, 91
1652707728.751004, sdrt-health/mac:02010b41cdec/antenna/tag/e2806894000050038662154f, 91
1652707728.790289, sdrt-health/mac:02010b41cdec/antenna/tag/e2806894000040038661f94f, 84
1652707728.868582, sdrt-health/mac:02010b41cdec/antenna/tag/e2806894000050038661fd4f, 86
1652707728.920631, sdrt-health/mac:02010b41cdec/antenna/tag/e2806894000040038662114f, 88
1652707728.960935, sdrt-health/mac:02010b41cdec/antenna/tag/e2806894000050038662154f, 91
1652707729.015624, sdrt-health/mac:02010b41cdec/antenna/tag/e28068940000400386621d4f, 77
1652707729.016117, sdrt-health/mac:02010b41cdec/antenna/tag/e2806894000040038662114f, 88
1652707729.051002, sdrt-health/mac:02010b41cdec/antenna/tag/e2806894000050038662154f, 88
1652707729.090304, sdrt-health/mac:02010b41cdec/antenna/tag/e2806894000050038661fd4f, 90
1652707729.131005, sdrt-health/mac:02010b41cdec/antenna/tag/e28068940000400386621d4f, 96
1652707729.183818, sdrt-health/mac:02010b41cdec/antenna/tag/e2806894000050038661fd4f, 90
1652707729.184267, sdrt-health/mac:02010b41cdec/antenna/tag/e2806894000050038662154f, 88
1652707729.210731, sdrt-health/mac:02010b41cdec/antenna/tag/e28068940000500386620d4f, 81
1652707729.211003, sdrt-health/mac:02010b41cdec/antenna/tag/e28068940000400386621d4f, 77
1652707729.224478, sdrt-health/mac:02010b41cdec/antenna/tag/e28068940000500386620d4f, 94
1652707729.250983, sdrt-health/mac:02010b41cdec/antenna/tag/e2806894000050038662154f, 91
1652707729.300559, sdrt-health/mac:02010b41cdec/antenna/tag/e2806894000040038662114f, 85
1652707729.368136, sdrt-health/mac:02010b41cdec/antenna/tag/e2806894000040038662114f, 88
1652707729.43277, sdrt-health/mac:02010b41cdec/antenna/tag/e2806894000040038661f94f, 81
1652707729.433327, sdrt-health/mac:02010b41cdec/antenna/tag/e2806894000050038662154f, 88
1652707729.447007, sdrt-health/mac:02010b41cdec/antenna/tag/e28068940000500386620d4f, 81
1652707729.471826, sdrt-health/mac:02010b41cdec/antenna/tag/e28068940000500386620d4f, 81
1652707729.510204, sdrt-health/mac:02010b41cdec/antenna/tag/e2806894000040038662114f, 91
1652707729.551509, sdrt-health/mac:02010b41cdec/antenna/tag/e2806894000050038662154f, 97
1652707729.590214, sdrt-health/mac:02010b41cdec/antenna/tag/e28068940000400386621d4f, 96
1652707729.649849, sdrt-health/mac:02010b41cdec/antenna/tag/e2806894000050038662154f, 91
1652707729.72911, sdrt-health/mac:02010b41cdec/antenna/tag/e2806894000040038662114f, 88
1652707729.770034, sdrt-health/mac:02010b41cdec/antenna/tag/e2806894000040038661f94f, 84
1652707729.811136, sdrt-health/mac:02010b41cdec/antenna/tag/e2806894000040038661f94f, 81
1652707729.85099, sdrt-health/mac:02010b41cdec/antenna/tag/e28068940000500386620d4f, 81
1652707729.879605, sdrt-health/mac:02010b41cdec/antenna/tag/e2806894000050038662154f, 88
1652707729.87993, sdrt-health/mac:02010b41cdec/antenna/tag/e2806894000040038662114f, 88
1652707729.893577, sdrt-health/mac:02010b41cdec/antenna/tag/e2806894000050038661fd4f, 86
1652707729.893954, sdrt-health/mac:02010b41cdec/antenna/tag/e2806894000040038661f94f, 94
1652707729.930171, sdrt-health/mac:02010b41cdec/antenna/tag/e2806894000050038662154f, 91
1652707730.023328, sdrt-health/mac:02010b41cdec/antenna/tag/e2806894000040038662114f, 88
1652707730.023838, sdrt-health/mac:02010b41cdec/antenna/tag/e2806894000050038661fd4f, 86
1652707730.051463, sdrt-health/mac:02010b41cdec/antenna/tag/e2806894000050038662194f, 94
1652707730.081176, sdrt-health/mac:02010b41cdec/antenna/tag/e2806894000050038662154f, 85
1652707730.081509, sdrt-health/mac:02010b41cdec/antenna/tag/e28068940000400386621d4f, 90
1652707730.096412, sdrt-health/mac:02010b41cdec/antenna/tag/e28068940000500386620d4f, 81
1652707730.131043, sdrt-health/mac:02010b41cdec/antenna/tag/e2806894000040038662114f, 97
1652707730.170235, sdrt-health/mac:02010b41cdec/antenna/tag/e2806894000050038661fd4f, 90
1652707730.210756, sdrt-health/mac:02010b41cdec/antenna/tag/e2806894000040038661f94f, 81
1652707730.260694, sdrt-health/mac:02010b41cdec/antenna/tag/e2806894000050038661fd4f, 83
1652707730.261156, sdrt-health/mac:02010b41cdec/antenna/tag/e2806894000040038662054f, 103
1652707730.302621, sdrt-health/mac:02010b41cdec/antenna/tag/e2806894000040038662214f, 88
1652707730.374737, sdrt-health/mac:02010b41cdec/antenna/tag/e2806894000050038662154f, 88
1652707730.374957, sdrt-health/mac:02010b41cdec/antenna/tag/e2806894000040038662114f, 88
1652707730.422829, sdrt-health/mac:02010b41cdec/antenna/tag/e2806894000040038662114f, 88
1652707730.460926, sdrt-health/mac:02010b41cdec/antenna/tag/e2806894000050038662194f, 87
1652707730.520894, sdrt-health/mac:02010b41cdec/antenna/tag/e2806894000050038662154f, 91
1652707730.521363, sdrt-health/mac:02010b41cdec/antenna/tag/e2806894000050038662154f, 97
1652707730.535368, sdrt-health/mac:02010b41cdec/antenna/tag/e2806894000040038662114f, 88
1652707730.551098, sdrt-health/mac:02010b41cdec/antenna/tag/e2806894000050038662194f, 83
1652707730.579212, sdrt-health/mac:02010b41cdec/antenna/tag/e2806894000040038662114f, 88
1652707730.580342, sdrt-health/mac:02010b41cdec/antenna/tag/e2806894000050038662154f, 91
1652707730.599415, sdrt-health/mac:02010b41cdec/antenna/tag/e2806894000040038662114f, 88
1652707730.64022, sdrt-health/mac:02010b41cdec/antenna/tag/e28068940000400386621d4f, 96
1652707730.68976, sdrt-health/mac:02010b41cdec/antenna/tag/e2806894000040038662214f, 83
1652707730.744969, sdrt-health/mac:02010b41cdec/antenna/tag/e2806894000050038662154f, 85
1652707730.74544, sdrt-health/mac:02010b41cdec/antenna/tag/e2806894000050038662194f, 81
1652707730.759535, sdrt-health/mac:02010b41cdec/antenna/state, connected
1652707730.760146, sdrt-health/mac:02010b41cdec/fw, {"version":"1.8.1","model":"200","hash":"2f556501b58f1dad542af428d7928d18","timestamp":1652707727}
1652707730.770186, sdrt-health/mac:02010b41cdec/antenna/tag/e2806894000040038662114f, 88
1652707730.811409, sdrt-health/mac:02010b41cdec/antenna/tag/e28068940000400386621d4f, 77
1652707730.811865, sdrt-health/mac:02010b41cdec/antenna/tag/e2806894000050038662194f, 83
1652707730.82521, sdrt-health/mac:02010b41cdec/antenna/tag/e2806894000050038662154f, 91
1652707730.940962, sdrt-health/mac:02010b41cdec/antenna/tag/e2806894000040038661f94f, 83
1652707730.968797, sdrt-health/mac:02010b41cdec/antenna/tag/e28068940000500386620d4f, 94
1652707730.969313, sdrt-health/mac:02010b41cdec/antenna/tag/e28068940000400386621d4f, 96
1652707730.969522, sdrt-health/mac:02010b41cdec/antenna/tag/e2806894000040038661f94f, 81
1652707730.969721, sdrt-health/mac:02010b41cdec/antenna/tag/e2806894000040038662114f, 88
1652707731.022856, sdrt-health/mac:02010b41cdec/antenna/tag/e28068940000400386621d4f, 96
1652707731.077969, sdrt-health/mac:02010b41cdec/antenna/tag/e28068940000500386620d4f, 83
1652707731.106368, sdrt-health/mac:02010b41cdec/antenna/tag/e2806894000050038661fd4f, 86
1652707731.10665, sdrt-health/mac:02010b41cdec/antenna/tag/e28068940000400386621d4f, 96
1652707731.119513, sdrt-health/mac:02010b41cdec/antenna/tag/e2806894000050038662154f, 91
1652707731.169657, sdrt-health/mac:02010b41cdec/antenna/version, hPbO
1652707731.170173, sdrt-health/mac:02010b41cdec/antenna/tag/e2806894000040038662214f, 84
1652707731.184002, sdrt-health/mac:02010b41cdec/antenna/tag/e2806894000040038661f94f, 94
1652707731.211008, sdrt-health/mac:02010b41cdec/antenna/tag/e2806894000040038662054f, 82
1652707731.26989, sdrt-health/mac:02010b41cdec/antenna/tag/e2806894000050038662154f, 91
1652707731.309961, sdrt-health/mac:02010b41cdec/antenna/tag/e2806894000050038661fd4f, 90
1652707731.310489, sdrt-health/mac:02010b41cdec/antenna/tag/e2806894000040038662114f, 91
1652707731.324397, sdrt-health/mac:02010b41cdec/antenna/tag/e28068940000400386621d4f, 96
1652707731.350085, sdrt-health/mac:02010b41cdec/antenna/tag/e28068940000500386620d4f, 81
1652707731.440889, sdrt-health/mac:02010b41cdec/antenna/tag/e2806894000050038662154f, 91
1652707731.480609, sdrt-health/mac:02010b41cdec/antenna/tag/e2806894000050038662154f, 91
1652707731.519999, sdrt-health/mac:02010b41cdec/antenna/tag/e2806894000050038662194f, 81
1652707731.560518, sdrt-health/mac:02010b41cdec/antenna/tag/e2806894000040038662114f, 88
1652707731.600008, sdrt-health/mac:02010b41cdec/antenna/tag/e2806894000050038662154f, 85
1652707731.68049, sdrt-health/mac:02010b41cdec/antenna/tag/e2806894000050038661fd4f, 83
1652707731.720238, sdrt-health/mac:02010b41cdec/antenna/tag/e2806894000050038662154f, 88
1652707731.759043, sdrt-health/mac:02010b41cdec/antenna/tag/e2806894000050038662154f, 85
1652707731.799429, sdrt-health/mac:02010b41cdec/antenna/tag/e2806894000050038661fd4f, 86
1652707731.799631, sdrt-health/mac:02010b41cdec/antenna/tag/e28068940000400386621d4f, 77
1652707732.061766, sdrt-health/mac:02010b41cdec/antenna/tag/e2806894000050038661fd4f, 86
1652707732.062383, sdrt-health/mac:02010b41cdec/antenna/tag/e2806894000050038662194f, 81
1652707732.064667, sdrt-health/mac:02010b41cdec/antenna/tag/e28068940000500386620d4f, 84
1652707732.124782, sdrt-health/mac:02010b41cdec/antenna/tag/e2806894000040038661f94f, 88
1652707732.125082, sdrt-health/mac:02010b41cdec/antenna/tag/e28068940000400386621d4f, 96
1652707732.125316, sdrt-health/mac:02010b41cdec/antenna/tag/e28068940000400386621d4f, 96
1652707732.159744, sdrt-health/mac:02010b41cdec/antenna/tag/e2806894000040038661f94f, 84
1652707732.233752, sdrt-health/mac:02010b41cdec/antenna/tag/e28068940000400386621d4f, 96
1652707732.234259, sdrt-health/mac:02010b41cdec/antenna/tag/e28068940000500386620d4f, 87
1652707732.234598, sdrt-health/mac:02010b41cdec/antenna/tag/e28068940000400386621d4f, 96
1652707732.234917, sdrt-health/mac:02010b41cdec/antenna/tag/e28068940000500386620d4f, 83
1652707732.253486, sdrt-health/mac:02010b41cdec/antenna/tag/e2806894000050038662154f, 88
1652707732.253698, sdrt-health/mac:02010b41cdec/antenna/tag/e2806894000040038662114f, 91
1652707732.253835, sdrt-health/mac:02010b41cdec/antenna/tag/e2806894000050038662194f, 83
1652707732.317415, sdrt-health/mac:02010b41cdec/antenna/tag/e2806894000050038662194f, 81
1652707732.432751, sdrt-health/mac:02010b41cdec/antenna/tag/e2806894000050038661fd4f, 86
1652707732.433206, sdrt-health/mac:02010b41cdec/antenna/tag/e28068940000500386620d4f, 81
1652707732.458687, sdrt-health/mac:02010b41cdec/antenna/tag/e2806894000040038662114f, 91
1652707732.459005, sdrt-health/mac:02010b41cdec/antenna/tag/e2806894000050038662154f, 88
1652707732.459232, sdrt-health/mac:02010b41cdec/antenna/tag/e2806894000050038662194f, 83
1652707732.459452, sdrt-health/mac:02010b41cdec/antenna/tag/e28068940000500386620d4f, 83
1652707732.481638, sdrt-health/mac:02010b41cdec/antenna/tag/e28068940000500386620d4f, 83
1652707732.700969, sdrt-health/mac:02010b41cdec/antenna/tag/e2806894000050038661fd4f, 90
1652707732.739972, sdrt-health/mac:02010b41cdec/antenna/tag/e2806894000050038662154f, 91
1652707732.780559, sdrt-health/mac:02010b41cdec/antenna/tag/e2806894000050038661fd4f, 90
1652707732.833979, sdrt-health/mac:02010b41cdec/antenna/tag/e28068940000400386621d4f, 77
1652707732.834471, sdrt-health/mac:02010b41cdec/antenna/tag/e2806894000050038662194f, 81
1652707732.870473, sdrt-health/mac:02010b41cdec/antenna/tag/e2806894000050038662154f, 88
1652707732.926492, sdrt-health/mac:02010b41cdec/antenna/tag/e2806894000040038662114f, 88
1652707732.927019, sdrt-health/mac:02010b41cdec/antenna/tag/e2806894000040038661f94f, 81
1652707732.949966, sdrt-health/mac:02010b41cdec/antenna/tag/e28068940000500386620d4f, 87
1652707732.95018, sdrt-health/mac:02010b41cdec/antenna/tag/e28068940000400386621d4f, 96
1652707732.990102, sdrt-health/mac:02010b41cdec/antenna/tag/e2806894000040038662114f, 91
1652707733.017584, sdrt-health/mac:02010b41cdec/antenna/tag/e2806894000050038662154f, 88
1652707733.017886, sdrt-health/mac:02010b41cdec/antenna/tag/e28068940000500386620d4f, 83
1652707733.094377, sdrt-health/mac:02010b41cdec/antenna/tag/e28068940000500386620d4f, 94
1652707733.161014, sdrt-health/mac:02010b41cdec/antenna/tag/e28068940000400386621d4f, 77
1652707733.214932, sdrt-health/mac:02010b41cdec/antenna/tag/e2806894000050038662154f, 88
1652707733.215516, sdrt-health/mac:02010b41cdec/antenna/tag/e2806894000050038662154f, 85
1652707733.240494, sdrt-health/mac:02010b41cdec/antenna/tag/e2806894000050038662194f, 81
1652707733.281474, sdrt-health/mac:02010b41cdec/antenna/tag/e28068940000500386620d4f, 83
1652707733.282032, sdrt-health/mac:02010b41cdec/antenna/tag/e2806894000050038661fd4f, 86
1652707733.296193, sdrt-health/mac:02010b41cdec/antenna/tag/e2806894000040038662114f, 88
1652707733.33612, sdrt-health/mac:02010b41cdec/antenna/tag/e28068940000400386621d4f, 96
1652707733.412971, sdrt-health/mac:02010b41cdec/antenna/tag/e2806894000050038662154f, 91
1652707733.413456, sdrt-health/mac:02010b41cdec/antenna/tag/e28068940000400386621d4f, 77
1652707733.427668, sdrt-health/mac:02010b41cdec/antenna/tag/e2806894000040038661f94f, 88
1652707733.461532, sdrt-health/mac:02010b41cdec/antenna/tag/e2806894000050038662154f, 85
1652707733.461785, sdrt-health/mac:02010b41cdec/antenna/tag/e2806894000050038661fd4f, 86
1652707733.476212, sdrt-health/mac:02010b41cdec/antenna/tag/e2806894000050038661fd4f, 86
1652707733.503655, sdrt-health/mac:02010b41cdec/antenna/tag/e2806894000050038661fd4f, 90
1652707733.55039, sdrt-health/mac:02010b41cdec/antenna/tag/e2806894000050038662154f, 91
1652707733.578156, sdrt-health/mac:02010b41cdec/antenna/tag/e28068940000500386620d4f, 81
1652707733.578454, sdrt-health/mac:02010b41cdec/antenna/tag/e2806894000050038661fd4f, 86
1652707733.600425, sdrt-health/mac:02010b41cdec/antenna/tag/e2806894000050038662154f, 88
1652707733.640312, sdrt-health/mac:02010b41cdec/antenna/tag/e28068940000500386620d4f, 81
1652707733.666487, sdrt-health/mac:02010b41cdec/antenna/tag/e2806894000050038662154f, 91
1652707733.666935, sdrt-health/mac:02010b41cdec/antenna/tag/e2806894000050038662194f, 81
1652707733.667285, sdrt-health/mac:02010b41cdec/antenna/tag/e2806894000050038662154f, 88
1652707733.72055, sdrt-health/mac:02010b41cdec/antenna/tag/e28068940000400386621d4f, 90
1652707733.761087, sdrt-health/mac:02010b41cdec/antenna/tag/e2806894000050038662194f, 83
1652707733.798847, sdrt-health/mac:02010b41cdec/antenna/tag/e2806894000050038662154f, 88
1652707733.849896, sdrt-health/mac:02010b41cdec/antenna/tag/e28068940000500386620d4f, 81
1652707733.890677, sdrt-health/mac:02010b41cdec/antenna/tag/e2806894000050038661fd4f, 86
1652707733.945999, sdrt-health/mac:02010b41cdec/antenna/tag/e2806894000040038662114f, 91
1652707733.946509, sdrt-health/mac:02010b41cdec/antenna/tag/e28068940000400386621d4f, 96
1652707733.960575, sdrt-health/mac:02010b41cdec/antenna/tag/e28068940000400386621d4f, 96
1652707733.961047, sdrt-health/mac:02010b41cdec/antenna/tag/e2806894000040038662114f, 91
1652707734.000114, sdrt-health/mac:02010b41cdec/antenna/tag/e28068940000500386620d4f, 87
1652707734.040677, sdrt-health/mac:02010b41cdec/antenna/tag/e28068940000500386620d4f, 81
1652707734.138267, sdrt-health/mac:02010b41cdec/antenna/tag/e28068940000400386621d4f, 90
1652707734.138881, sdrt-health/mac:02010b41cdec/antenna/tag/e2806894000040038662114f, 97
1652707734.153483, sdrt-health/mac:02010b41cdec/antenna/tag/e28068940000500386620d4f, 93
1652707734.180331, sdrt-health/mac:02010b41cdec/antenna/tag/e2806894000050038662194f, 88
1652707734.233459, sdrt-health/mac:02010b41cdec/antenna/tag/e28068940000400386621d4f, 96
1652707734.23392, sdrt-health/mac:02010b41cdec/antenna/tag/e2806894000040038662054f, 88
1652707734.280347, sdrt-health/mac:02010b41cdec/antenna/tag/e2806894000050038662154f, 88
1652707734.320859, sdrt-health/mac:02010b41cdec/antenna/tag/e2806894000040038662114f, 91
1652707734.348427, sdrt-health/mac:02010b41cdec/antenna/tag/e2806894000050038662194f, 94
1652707734.348876, sdrt-health/mac:02010b41cdec/antenna/tag/e28068940000500386620d4f, 81
1652707734.361276, sdrt-health/mac:02010b41cdec/antenna/tag/e2806894000050038662154f, 85
1652707734.361578, sdrt-health/mac:02010b41cdec/antenna/tag/e2806894000040038662114f, 91
1652707734.400618, sdrt-health/mac:02010b41cdec/antenna/tag/e28068940000500386620d4f, 87
1652707734.453473, sdrt-health/mac:02010b41cdec/antenna/tag/e2806894000050038662194f, 83
1652707734.453877, sdrt-health/mac:02010b41cdec/antenna/tag/e28068940000400386621d4f, 77
1652707734.480176, sdrt-health/mac:02010b41cdec/antenna/tag/e2806894000050038661fd4f, 83
1652707734.520669, sdrt-health/mac:02010b41cdec/antenna/tag/e28068940000500386620d4f, 81
1652707734.559992, sdrt-health/mac:02010b41cdec/antenna/tag/e2806894000050038662154f, 91
1652707734.600305, sdrt-health/mac:02010b41cdec/antenna/tag/e2806894000040038662114f, 88
1652707734.655104, sdrt-health/mac:02010b41cdec/antenna/tag/e2806894000050038662154f, 91
1652707734.655632, sdrt-health/mac:02010b41cdec/antenna/tag/e2806894000040038661f94f, 88
1652707734.679952, sdrt-health/mac:02010b41cdec/antenna/tag/e28068940000400386621d4f, 77
1652707734.680443, sdrt-health/mac:02010b41cdec/antenna/tag/e2806894000050038661fd4f, 86
1652707734.694441, sdrt-health/mac:02010b41cdec/antenna/tag/e28068940000500386620d4f, 83
1652707734.779756, sdrt-health/mac:02010b41cdec/antenna/tag/e2806894000050038662154f, 91
1652707735.199211, sdrt-health/mac:02010b41cdec/antenna/tag/e2806894000050038662154f, 97
1652707735.227157, sdrt-health/mac:02010b41cdec/antenna/tag/e2806894000040038662114f, 88
1652707735.227493, sdrt-health/mac:02010b41cdec/antenna/tag/e2806894000050038662154f, 91
1652707735.227711, sdrt-health/mac:02010b41cdec/antenna/tag/e2806894000040038662114f, 97
1652707735.227922, sdrt-health/mac:02010b41cdec/antenna/tag/e2806894000040038662114f, 91
1652707735.249183, sdrt-health/mac:02010b41cdec/antenna/tag/e2806894000050038662194f, 94
1652707735.278309, sdrt-health/mac:02010b41cdec/antenna/tag/e2806894000040038662114f, 91
1652707735.278642, sdrt-health/mac:02010b41cdec/antenna/tag/e2806894000050038662154f, 88
1652707735.278838, sdrt-health/mac:02010b41cdec/antenna/tag/e2806894000050038661fd4f, 90
1652707735.279026, sdrt-health/mac:02010b41cdec/antenna/tag/e2806894000050038662194f, 81
1652707735.27921, sdrt-health/mac:02010b41cdec/antenna/tag/e2806894000050038661fd4f, 90
1652707735.279421, sdrt-health/mac:02010b41cdec/antenna/tag/e28068940000500386620d4f, 94
1652707735.279692, sdrt-health/mac:02010b41cdec/antenna/tag/e28068940000500386620d4f, 94
1652707735.279914, sdrt-health/mac:02010b41cdec/antenna/tag/e2806894000040038661f94f, 81
1652707735.28014, sdrt-health/mac:02010b41cdec/antenna/tag/e28068940000400386621d4f, 96
1652707735.280367, sdrt-health/mac:02010b41cdec/antenna/tag/e2806894000040038661f94f, 81
1652707735.280634, sdrt-health/mac:02010b41cdec/antenna/tag/e28068940000500386620d4f, 81
1652707735.3207, sdrt-health/mac:02010b41cdec/antenna/tag/e2806894000040038661f94f, 84
1652707735.349301, sdrt-health/mac:02010b41cdec/antenna/tag/e28068940000500386620d4f, 83
1652707735.350274, sdrt-health/mac:02010b41cdec/antenna/tag/e2806894000050038661fd4f, 86
1652707735.363129, sdrt-health/mac:02010b41cdec/antenna/tag/e28068940000500386620d4f, 83
1652707735.45005, sdrt-health/mac:02010b41cdec/antenna/tag/e28068940000400386621d4f, 96
1652707735.490708, sdrt-health/mac:02010b41cdec/antenna/tag/e2806894000040038662114f, 88
1652707735.531431, sdrt-health/mac:02010b41cdec/antenna/tag/e2806894000050038662194f, 81
1652707735.638372, sdrt-health/mac:02010b41cdec/antenna/tag/e28068940000400386621d4f, 77
1652707735.638899, sdrt-health/mac:02010b41cdec/antenna/tag/e2806894000050038662154f, 97
1652707735.670565, sdrt-health/mac:02010b41cdec/antenna/tag/e2806894000050038661fd4f, 83
1652707735.696936, sdrt-health/mac:02010b41cdec/antenna/tag/e28068940000400386621d4f, 96
1652707735.697225, sdrt-health/mac:02010b41cdec/antenna/tag/e2806894000050038662194f, 85
1652707735.711006, sdrt-health/mac:02010b41cdec/antenna/tag/e2806894000050038662154f, 88
1652707735.750283, sdrt-health/mac:02010b41cdec/antenna/tag/e28068940000500386620d4f, 81
1652707735.777744, sdrt-health/mac:02010b41cdec/antenna/tag/e2806894000040038662114f, 88
1652707735.778, sdrt-health/mac:02010b41cdec/antenna/tag/e2806894000050038662154f, 91
1652707735.802174, sdrt-health/mac:02010b41cdec/antenna/tag/e28068940000400386621d4f, 96
1652707735.850905, sdrt-health/mac:02010b41cdec/antenna/tag/e28068940000500386620d4f, 88
1652707735.851419, sdrt-health/mac:02010b41cdec/antenna/tag/e2806894000050038661fd4f, 90
1652707735.910828, sdrt-health/mac:02010b41cdec/antenna/tag/e2806894000040038661f94f, 81
1652707735.973574, sdrt-health/mac:02010b41cdec/antenna/tag/e28068940000400386621d4f, 77
1652707735.97406, sdrt-health/mac:02010b41cdec/antenna/tag/e28068940000400386621d4f, 77
1652707736.000901, sdrt-health/mac:02010b41cdec/antenna/tag/e2806894000040038661f94f, 81
1652707736.09367, sdrt-health/mac:02010b41cdec/antenna/tag/e2806894000050038661fd4f, 90
1652707736.094208, sdrt-health/mac:02010b41cdec/antenna/tag/e28068940000400386621d4f, 96
1652707736.120651, sdrt-health/mac:02010b41cdec/antenna/tag/e2806894000040038661f94f, 94
1652707736.215256, sdrt-health/mac:02010b41cdec/antenna/tag/e2806894000050038662154f, 97
1652707736.215717, sdrt-health/mac:02010b41cdec/antenna/tag/e2806894000040038661f94f, 88
1652707736.240089, sdrt-health/mac:02010b41cdec/antenna/tag/e2806894000040038661f94f, 94
1652707736.280755, sdrt-health/mac:02010b41cdec/antenna/tag/e2806894000050038661fd4f, 83
1652707736.282586, sdrt-health/mac:02010b41cdec/antenna/tag/e28068940000500386620d4f, 81
1652707736.321583, sdrt-health/mac:02010b41cdec/antenna/tag/e28068940000400386621d4f, 77
1652707736.371635, sdrt-health/mac:02010b41cdec/antenna/tag/e2806894000040038662114f, 88
1652707736.451457, sdrt-health/mac:02010b41cdec/antenna/tag/e2806894000050038662154f, 88
1652707736.463684, sdrt-health/mac:02010b41cdec/antenna/tag/e28068940000500386620d4f, 81
1652707736.568235, sdrt-health/mac:02010b41cdec/antenna/tag/e2806894000040038661f94f, 81
1652707736.568698, sdrt-health/mac:02010b41cdec/antenna/tag/e2806894000040038662114f, 91
1652707736.569082, sdrt-health/mac:02010b41cdec/antenna/tag/e2806894000040038662114f, 91
1652707736.569417, sdrt-health/mac:02010b41cdec/antenna/tag/e28068940000500386620d4f, 81
1652707736.634442, sdrt-health/mac:02010b41cdec/antenna/tag/e2806894000050038662194f, 81
1652707736.684834, sdrt-health/mac:02010b41cdec/antenna/tag/e2806894000050038662154f, 88
1652707736.762034, sdrt-health/mac:02010b41cdec/antenna/tag/e2806894000050038662194f, 88
1652707736.762574, sdrt-health/mac:02010b41cdec/antenna/tag/e2806894000050038662194f, 83
1652707736.76293, sdrt-health/mac:02010b41cdec/antenna/tag/e28068940000400386621d4f, 96
1652707736.775836, sdrt-health/mac:02010b41cdec/antenna/tag/e28068940000400386621d4f, 96
1652707736.776328, sdrt-health/mac:02010b41cdec/antenna/tag/e2806894000050038662154f, 85
1652707736.803246, sdrt-health/mac:02010b41cdec/antenna/tag/e28068940000400386621d4f, 77
1652707736.874577, sdrt-health/mac:02010b41cdec/antenna/tag/e2806894000050038661fd4f, 86
1652707736.875079, sdrt-health/mac:02010b41cdec/antenna/tag/e2806894000040038662114f, 85
1652707736.899721, sdrt-health/mac:02010b41cdec/antenna/tag/e2806894000040038662114f, 88
1652707736.940527, sdrt-health/mac:02010b41cdec/antenna/tag/e2806894000050038662154f, 97
1652707737.003655, sdrt-health/mac:02010b41cdec/antenna/tag/e2806894000050038661fd4f, 86
1652707737.004158, sdrt-health/mac:02010b41cdec/antenna/tag/e2806894000050038661fd4f, 86
1652707737.031225, sdrt-health/mac:02010b41cdec/antenna/tag/e28068940000400386621d4f, 77
1652707737.07089, sdrt-health/mac:02010b41cdec/antenna/tag/e2806894000050038662154f, 91
1652707737.126912, sdrt-health/mac:02010b41cdec/antenna/tag/e2806894000040038662114f, 88
1652707737.127463, sdrt-health/mac:02010b41cdec/antenna/tag/e2806894000040038662214f, 100
1652707737.152231, sdrt-health/mac:02010b41cdec/antenna/tag/e2806894000040038662114f, 88
1652707737.203977, sdrt-health/mac:02010b41cdec/antenna/tag/e2806894000050038662154f, 88
1652707737.20438, sdrt-health/mac:02010b41cdec/antenna/tag/e2806894000040038662214f, 81
1652707737.218637, sdrt-health/mac:02010b41cdec/antenna/tag/e2806894000050038662194f, 94
1652707737.231048, sdrt-health/mac:02010b41cdec/antenna/tag/e28068940000500386620d4f, 81
1652707737.269788, sdrt-health/mac:02010b41cdec/antenna/tag/e2806894000050038662194f, 83
1652707737.325357, sdrt-health/mac:02010b41cdec/antenna/tag/e2806894000050038662194f, 87
1652707737.325874, sdrt-health/mac:02010b41cdec/antenna/tag/e2806894000040038662114f, 88
1652707737.362796, sdrt-health/mac:02010b41cdec/antenna/tag/e28068940000400386621d4f, 77
1652707737.420421, sdrt-health/mac:02010b41cdec/antenna/tag/e28068940000400386621d4f, 96
1652707737.460898, sdrt-health/mac:02010b41cdec/antenna/tag/e28068940000400386621d4f, 96
1652707737.488762, sdrt-health/mac:02010b41cdec/antenna/tag/e28068940000400386621d4f, 96
1652707737.489292, sdrt-health/mac:02010b41cdec/antenna/tag/e2806894000040038662114f, 88
1652707737.489487, sdrt-health/mac:02010b41cdec/antenna/tag/e2806894000050038661fd4f, 86
1652707737.510712, sdrt-health/mac:02010b41cdec/antenna/tag/e2806894000050038661fd4f, 86
1652707737.549912, sdrt-health/mac:02010b41cdec/antenna/tag/e2806894000050038661fd4f, 86
1652707737.589699, sdrt-health/mac:02010b41cdec/antenna/tag/e28068940000500386620d4f, 81
1652707737.589932, sdrt-health/mac:02010b41cdec/antenna/tag/e2806894000050038662154f, 88
1652707737.602971, sdrt-health/mac:02010b41cdec/antenna/tag/e28068940000400386621d4f, 96
1652707737.631873, sdrt-health/mac:02010b41cdec/antenna/tag/e2806894000040038662214f, 88
1652707737.670666, sdrt-health/mac:02010b41cdec/antenna/tag/e28068940000500386620d4f, 93
1652707737.709871, sdrt-health/mac:02010b41cdec/antenna/tag/e2806894000040038662214f, 94
1652707737.74929, sdrt-health/mac:02010b41cdec/antenna/tag/e2806894000040038662054f, 84
1652707737.827906, sdrt-health/mac:02010b41cdec/antenna/tag/e28068940000400386621d4f, 96
1652707737.854791, sdrt-health/mac:02010b41cdec/antenna/tag/e2806894000050038661fd4f, 90
1652707737.855191, sdrt-health/mac:02010b41cdec/antenna/tag/e2806894000040038662114f, 91
1652707737.855456, sdrt-health/mac:02010b41cdec/antenna/tag/e28068940000500386620d4f, 81
1652707737.881903, sdrt-health/mac:02010b41cdec/antenna/tag/e2806894000050038661fd4f, 90
1652707737.924073, sdrt-health/mac:02010b41cdec/antenna/tag/e2806894000040038662114f, 91
1652707737.95438, sdrt-health/mac:02010b41cdec/antenna/tag/e28068940000500386620d4f, 94
1652707737.954651, sdrt-health/mac:02010b41cdec/antenna/tag/e28068940000500386620d4f, 81
1652707737.970054, sdrt-health/mac:02010b41cdec/antenna/tag/e2806894000050038662154f, 91
1652707738.01981, sdrt-health/mac:02010b41cdec/antenna/tag/e2806894000040038661f94f, 82
1652707738.06012, sdrt-health/mac:02010b41cdec/antenna/tag/e2806894000040038662114f, 88
1652707738.110811, sdrt-health/mac:02010b41cdec/antenna/tag/e2806894000050038661fd4f, 86
1652707738.168191, sdrt-health/mac:02010b41cdec/antenna/tag/e2806894000040038661f94f, 94
1652707738.168464, sdrt-health/mac:02010b41cdec/antenna/tag/e2806894000040038662114f, 88
1652707738.18306, sdrt-health/mac:02010b41cdec/antenna/tag/e2806894000050038661fd4f, 83
1652707738.190102, sdrt-health/mac:02010b41cdec/antenna/tag/e2806894000050038662154f, 85
1652707738.197455, sdrt-health/mac:02010b41cdec/antenna/tag/e28068940000400386621d4f, 96
1652707738.197665, sdrt-health/mac:02010b41cdec/antenna/tag/e2806894000050038662194f, 94
1652707738.230491, sdrt-health/mac:02010b41cdec/antenna/tag/e2806894000050038662154f, 85
1652707738.284536, sdrt-health/mac:02010b41cdec/antenna/tag/e2806894000040038662214f, 88
1652707738.284966, sdrt-health/mac:02010b41cdec/antenna/tag/e2806894000040038662114f, 88
1652707738.285277, sdrt-health/mac:02010b41cdec/antenna/tag/e28068940000400386621d4f, 77
1652707738.310611, sdrt-health/mac:02010b41cdec/antenna/tag/e2806894000050038662154f, 91
1652707738.364066, sdrt-health/mac:02010b41cdec/antenna/tag/e2806894000050038662194f, 88
1652707738.364705, sdrt-health/mac:02010b41cdec/antenna/tag/e28068940000400386621d4f, 77
1652707738.448497, sdrt-health/mac:02010b41cdec/antenna/tag/e2806894000050038662194f, 81
1652707738.47628, sdrt-health/mac:02010b41cdec/antenna/tag/e2806894000050038661fd4f, 86
1652707738.476562, sdrt-health/mac:02010b41cdec/antenna/tag/e2806894000050038661fd4f, 86
1652707738.498775, sdrt-health/mac:02010b41cdec/antenna/tag/e28068940000400386621d4f, 90
1652707738.499566, sdrt-health/mac:02010b41cdec/antenna/tag/e2806894000050038661fd4f, 86
1652707738.562983, sdrt-health/mac:02010b41cdec/antenna/tag/e2806894000040038662114f, 97
1652707738.62623, sdrt-health/mac:02010b41cdec/antenna/tag/e28068940000500386620d4f, 94
1652707738.626724, sdrt-health/mac:02010b41cdec/antenna/tag/e2806894000050038662154f, 88
1652707738.627084, sdrt-health/mac:02010b41cdec/antenna/tag/e2806894000050038662194f, 81
1652707738.661158, sdrt-health/mac:02010b41cdec/antenna/tag/e2806894000040038662114f, 97
1652707738.700148, sdrt-health/mac:02010b41cdec/antenna/tag/e28068940000500386620d4f, 93
1652707738.75645, sdrt-health/mac:02010b41cdec/antenna/tag/e28068940000400386621d4f, 77
1652707738.757016, sdrt-health/mac:02010b41cdec/antenna/tag/e2806894000040038662114f, 85
1652707738.770707, sdrt-health/mac:02010b41cdec/antenna/tag/e2806894000040038662114f, 88
1652707738.791878, sdrt-health/mac:02010b41cdec/antenna/tag/e2806894000050038662194f, 83
1652707738.83096, sdrt-health/mac:02010b41cdec/antenna/tag/e2806894000050038661fd4f, 86
1652707738.885372, sdrt-health/mac:02010b41cdec/antenna/tag/e28068940000400386621d4f, 96
1652707738.886931, sdrt-health/mac:02010b41cdec/antenna/tag/e28068940000500386620d4f, 94
1652707738.9109, sdrt-health/mac:02010b41cdec/antenna/tag/e2806894000050038662154f, 88
1652707738.990943, sdrt-health/mac:02010b41cdec/antenna/tag/e28068940000400386621d4f, 96
1652707738.991471, sdrt-health/mac:02010b41cdec/antenna/tag/e2806894000040038661f94f, 88
1652707739.005679, sdrt-health/mac:02010b41cdec/antenna/tag/e28068940000400386621d4f, 96
1652707739.035674, sdrt-health/mac:02010b41cdec/antenna/tag/e28068940000400386621d4f, 96
1652707739.035942, sdrt-health/mac:02010b41cdec/antenna/tag/e2806894000050038662154f, 88
1652707739.049794, sdrt-health/mac:02010b41cdec/antenna/tag/e2806894000040038662114f, 91
1652707739.050188, sdrt-health/mac:02010b41cdec/antenna/tag/e2806894000050038662154f, 91
1652707739.050487, sdrt-health/mac:02010b41cdec/antenna/tag/e28068940000400386621d4f, 96
1652707739.050733, sdrt-health/mac:02010b41cdec/antenna/tag/e2806894000040038662114f, 88
1652707739.080136, sdrt-health/mac:02010b41cdec/antenna/tag/e28068940000500386620d4f, 83
1652707739.118599, sdrt-health/mac:02010b41cdec/antenna/tag/e28068940000400386621d4f, 96
1652707739.146399, sdrt-health/mac:02010b41cdec/antenna/tag/e28068940000500386620d4f, 81
1652707739.146792, sdrt-health/mac:02010b41cdec/antenna/tag/e2806894000050038661fd4f, 86
1652707739.160402, sdrt-health/mac:02010b41cdec/antenna/tag/e2806894000050038662194f, 94
1652707739.160727, sdrt-health/mac:02010b41cdec/antenna/tag/e2806894000050038661fd4f, 86
1652707739.200059, sdrt-health/mac:02010b41cdec/antenna/tag/e2806894000040038662114f, 97
1652707739.240326, sdrt-health/mac:02010b41cdec/antenna/tag/e28068940000400386621d4f, 77
1652707739.26711, sdrt-health/mac:02010b41cdec/antenna/tag/e2806894000040038662114f, 88
1652707739.26746, sdrt-health/mac:02010b41cdec/antenna/tag/e2806894000040038662114f, 88
1652707739.280193, sdrt-health/mac:02010b41cdec/antenna/tag/e2806894000050038661fd4f, 90
1652707739.319826, sdrt-health/mac:02010b41cdec/antenna/tag/e2806894000040038662214f, 94
1652707739.374567, sdrt-health/mac:02010b41cdec/antenna/tag/e2806894000050038662194f, 81
1652707739.375076, sdrt-health/mac:02010b41cdec/antenna/tag/e28068940000500386620d4f, 83
1652707739.399993, sdrt-health/mac:02010b41cdec/antenna/tag/e2806894000050038662194f, 84
1652707739.454372, sdrt-health/mac:02010b41cdec/antenna/tag/e2806894000040038662114f, 88
1652707739.45494, sdrt-health/mac:02010b41cdec/antenna/tag/e2806894000050038662194f, 94
1652707739.480152, sdrt-health/mac:02010b41cdec/antenna/tag/e28068940000400386621d4f, 96
1652707739.480419, sdrt-health/mac:02010b41cdec/antenna/tag/e28068940000500386620d4f, 83
1652707739.518999, sdrt-health/mac:02010b41cdec/antenna/tag/e2806894000040038661f94f, 81
1652707739.54737, sdrt-health/mac:02010b41cdec/antenna/tag/e28068940000500386620d4f, 83
1652707739.547873, sdrt-health/mac:02010b41cdec/antenna/tag/e2806894000050038662154f, 88
1652707739.548342, sdrt-health/mac:02010b41cdec/antenna/tag/e2806894000040038662114f, 88
1652707739.561833, sdrt-health/mac:02010b41cdec/antenna/tag/e2806894000050038661fd4f, 83
1652707739.600298, sdrt-health/mac:02010b41cdec/antenna/tag/e28068940000400386621d4f, 77
1652707739.641061, sdrt-health/mac:02010b41cdec/antenna/tag/e2806894000050038662194f, 94
1652707739.7206, sdrt-health/mac:02010b41cdec/antenna/tag/e2806894000050038662154f, 85
1652707739.760456, sdrt-health/mac:02010b41cdec/antenna/tag/e2806894000040038662114f, 88
1652707739.801282, sdrt-health/mac:02010b41cdec/antenna/tag/e2806894000050038661fd4f, 90
1652707739.80176, sdrt-health/mac:02010b41cdec/antenna/tag/e2806894000050038661fd4f, 86
1652707739.839951, sdrt-health/mac:02010b41cdec/antenna/tag/e2806894000050038662194f, 81
1652707739.879982, sdrt-health/mac:02010b41cdec/antenna/tag/e2806894000050038661fd4f, 86
1652707739.920507, sdrt-health/mac:02010b41cdec/antenna/tag/e2806894000050038662194f, 81
1652707739.993559, sdrt-health/mac:02010b41cdec/antenna/tag/e2806894000040038661f94f, 94
1652707739.994028, sdrt-health/mac:02010b41cdec/antenna/tag/e2806894000050038661fd4f, 86
1652707739.994389, sdrt-health/mac:02010b41cdec/antenna/tag/e28068940000400386621d4f, 77
1652707740.007699, sdrt-health/mac:02010b41cdec/antenna/tag/e2806894000040038662054f, 84
1652707740.020118, sdrt-health/mac:02010b41cdec/antenna/tag/e2806894000040038662054f, 84
1652707740.059371, sdrt-health/mac:02010b41cdec/antenna/tag/e2806894000050038661fd4f, 90
1652707740.100421, sdrt-health/mac:02010b41cdec/antenna/tag/e2806894000050038662194f, 83
1652707740.139819, sdrt-health/mac:02010b41cdec/antenna/tag/e28068940000400386621d4f, 96
1652707740.180757, sdrt-health/mac:02010b41cdec/antenna/tag/e2806894000050038662154f, 88
1652707740.220317, sdrt-health/mac:02010b41cdec/antenna/tag/e2806894000050038661fd4f, 86
1652707740.260016, sdrt-health/mac:02010b41cdec/antenna/tag/e2806894000050038662194f, 83
1652707740.299368, sdrt-health/mac:02010b41cdec/antenna/tag/e2806894000040038662114f, 91
1652707740.349029, sdrt-health/mac:02010b41cdec/antenna/tag/e28068940000400386621d4f, 77
1652707740.404385, sdrt-health/mac:02010b41cdec/antenna/tag/e2806894000050038661fd4f, 83
1652707740.404778, sdrt-health/mac:02010b41cdec/antenna/tag/e28068940000400386621d4f, 96
1652707740.419361, sdrt-health/mac:02010b41cdec/antenna/tag/e2806894000050038661fd4f, 90
1652707740.419608, sdrt-health/mac:02010b41cdec/antenna/tag/e28068940000500386620d4f, 88
1652707740.41978, sdrt-health/mac:02010b41cdec/antenna/tag/e28068940000400386621d4f, 96
1652707740.435176, sdrt-health/mac:02010b41cdec/antenna/tag/e2806894000040038662114f, 91
1652707740.473807, sdrt-health/mac:02010b41cdec/antenna/tag/e2806894000050038661fd4f, 86
1652707740.550437, sdrt-health/mac:02010b41cdec/antenna/tag/e2806894000050038662154f, 88
1652707740.614098, sdrt-health/mac:02010b41cdec/antenna/tag/e28068940000400386621d4f, 96
1652707740.752828, sdrt-health/mac:02010b41cdec/antenna/tag/e2806894000040038662114f, 91
1652707740.753316, sdrt-health/mac:02010b41cdec/antenna/tag/e2806894000050038662194f, 84
1652707740.753678, sdrt-health/mac:02010b41cdec/antenna/tag/e2806894000040038661f94f, 88
1652707740.754028, sdrt-health/mac:02010b41cdec/antenna/tag/e28068940000500386620d4f, 87
1652707740.754458, sdrt-health/mac:02010b41cdec/antenna/tag/e28068940000500386620d4f, 93
1652707740.785547, sdrt-health/mac:02010b41cdec/antenna/tag/e2806894000050038662154f, 97
1652707740.857866, sdrt-health/mac:02010b41cdec/antenna/tag/e2806894000050038662194f, 88
1652707740.858345, sdrt-health/mac:02010b41cdec/antenna/tag/e2806894000040038661f94f, 88
1652707740.858702, sdrt-health/mac:02010b41cdec/antenna/tag/e2806894000040038662054f, 88
1652707740.859077, sdrt-health/mac:02010b41cdec/antenna/tag/e28068940000400386621d4f, 96
1652707740.859391, sdrt-health/mac:02010b41cdec/antenna/tag/e2806894000050038661fd4f, 86
1652707740.909955, sdrt-health/mac:02010b41cdec/antenna/tag/e2806894000040038662114f, 91
1652707740.950846, sdrt-health/mac:02010b41cdec/antenna/tag/e28068940000500386620d4f, 87
1652707740.990156, sdrt-health/mac:02010b41cdec/antenna/tag/e2806894000050038662154f, 85
1652707741.030118, sdrt-health/mac:02010b41cdec/antenna/tag/e2806894000040038662114f, 88
1652707741.084675, sdrt-health/mac:02010b41cdec/antenna/tag/e28068940000400386621d4f, 77
1652707741.085048, sdrt-health/mac:02010b41cdec/antenna/tag/e2806894000050038662154f, 91
1652707741.098453, sdrt-health/mac:02010b41cdec/antenna/tag/e2806894000050038661fd4f, 86
1652707741.140337, sdrt-health/mac:02010b41cdec/antenna/tag/e28068940000500386620d4f, 93
1652707741.180353, sdrt-health/mac:02010b41cdec/antenna/tag/e2806894000040038661f94f, 88
1652707741.233951, sdrt-health/mac:02010b41cdec/antenna/tag/e2806894000050038662194f, 83
1652707741.234435, sdrt-health/mac:02010b41cdec/antenna/tag/e2806894000040038662114f, 88
1652707741.248435, sdrt-health/mac:02010b41cdec/antenna/tag/e2806894000040038662214f, 88
1652707741.269519, sdrt-health/mac:02010b41cdec/antenna/tag/e2806894000040038662114f, 88
1652707741.320669, sdrt-health/mac:02010b41cdec/antenna/tag/e2806894000040038661f94f, 81
1652707741.374836, sdrt-health/mac:02010b41cdec/antenna/tag/e28068940000400386621d4f, 96
1652707741.376591, sdrt-health/mac:02010b41cdec/antenna/tag/e28068940000500386620d4f, 81
1652707741.390648, sdrt-health/mac:02010b41cdec/antenna/tag/e2806894000050038661fd4f, 86
1652707741.401561, sdrt-health/mac:02010b41cdec/antenna/tag/e2806894000040038662114f, 91
1652707741.440348, sdrt-health/mac:02010b41cdec/antenna/tag/e2806894000050038662194f, 84
1652707741.479194, sdrt-health/mac:02010b41cdec/antenna/tag/e2806894000050038662154f, 88
1652707741.535186, sdrt-health/mac:02010b41cdec/antenna/tag/e28068940000500386620d4f, 87
1652707741.596199, sdrt-health/mac:02010b41cdec/antenna/tag/e2806894000050038662194f, 81
1652707741.596722, sdrt-health/mac:02010b41cdec/antenna/tag/e2806894000050038661fd4f, 86
1652707741.611074, sdrt-health/mac:02010b41cdec/antenna/tag/e2806894000050038662154f, 88
1652707741.620744, sdrt-health/mac:02010b41cdec/antenna/tag/e2806894000040038662114f, 88
1652707741.625242, sdrt-health/mac:02010b41cdec/antenna/tag/e28068940000400386621d4f, 96
1652707741.625521, sdrt-health/mac:02010b41cdec/antenna/tag/e2806894000050038661fd4f, 86
1652707741.690891, sdrt-health/mac:02010b41cdec/antenna/tag/e2806894000040038662114f, 91
1652707741.730064, sdrt-health/mac:02010b41cdec/antenna/tag/e28068940000500386620d4f, 83
1652707741.786254, sdrt-health/mac:02010b41cdec/antenna/tag/e2806894000050038662154f, 91
1652707741.786711, sdrt-health/mac:02010b41cdec/antenna/tag/e28068940000500386620d4f, 84
1652707741.800207, sdrt-health/mac:02010b41cdec/antenna/tag/e2806894000050038662154f, 88
1652707741.8107, sdrt-health/mac:02010b41cdec/antenna/tag/e2806894000050038662154f, 88
1652707741.81411, sdrt-health/mac:02010b41cdec/antenna/tag/e28068940000400386621d4f, 77
1652707741.849728, sdrt-health/mac:02010b41cdec/antenna/tag/e28068940000500386620d4f, 83
1652707741.904893, sdrt-health/mac:02010b41cdec/antenna/tag/e28068940000400386621d4f, 96
1652707741.905378, sdrt-health/mac:02010b41cdec/antenna/tag/e28068940000500386620d4f, 83
1652707741.930773, sdrt-health/mac:02010b41cdec/antenna/tag/e2806894000040038662114f, 88
1652707741.931607, sdrt-health/mac:02010b41cdec/antenna/tag/e2806894000050038661fd4f, 86
1652707741.970735, sdrt-health/mac:02010b41cdec/antenna/tag/e2806894000050038662194f, 94
1652707741.971559, sdrt-health/mac:02010b41cdec/antenna/tag/e28068940000400386621d4f, 77
1652707742.011113, sdrt-health/mac:02010b41cdec/antenna/tag/e2806894000040038662114f, 91
1652707742.050309, sdrt-health/mac:02010b41cdec/antenna/tag/e2806894000040038662114f, 91
1652707742.089585, sdrt-health/mac:02010b41cdec/antenna/tag/e2806894000050038661fd4f, 90
1652707742.090094, sdrt-health/mac:02010b41cdec/antenna/tag/e2806894000050038662154f, 88
1652707742.130868, sdrt-health/mac:02010b41cdec/antenna/tag/e28068940000500386620d4f, 85
1652707742.185019, sdrt-health/mac:02010b41cdec/antenna/tag/e2806894000050038661fd4f, 86
1652707742.185504, sdrt-health/mac:02010b41cdec/antenna/tag/e2806894000040038662114f, 91
1652707742.218581, sdrt-health/mac:02010b41cdec/antenna/tag/e28068940000400386621d4f, 77
1652707742.248589, sdrt-health/mac:02010b41cdec/antenna/tag/e28068940000500386620d4f, 84
1652707742.248996, sdrt-health/mac:02010b41cdec/antenna/tag/e28068940000400386621d4f, 77
1652707742.249231, sdrt-health/mac:02010b41cdec/antenna/tag/e28068940000500386620d4f, 81
1652707742.262752, sdrt-health/mac:02010b41cdec/antenna/tag/e2806894000050038662154f, 91
1652707742.262973, sdrt-health/mac:02010b41cdec/antenna/tag/e28068940000400386621d4f, 77
1652707742.330012, sdrt-health/mac:02010b41cdec/antenna/tag/e28068940000500386620d4f, 81
1652707742.456497, sdrt-health/mac:02010b41cdec/antenna/tag/e28068940000500386620d4f, 81
1652707742.456963, sdrt-health/mac:02010b41cdec/antenna/tag/e2806894000040038662114f, 91
1652707742.499839, sdrt-health/mac:02010b41cdec/antenna/tag/e2806894000050038662154f, 91
1652707742.500364, sdrt-health/mac:02010b41cdec/antenna/tag/e2806894000050038662154f, 97
1652707742.540445, sdrt-health/mac:02010b41cdec/antenna/tag/e28068940000400386621d4f, 96
1652707742.580537, sdrt-health/mac:02010b41cdec/antenna/tag/e28068940000500386620d4f, 81
1652707742.620487, sdrt-health/mac:02010b41cdec/antenna/tag/e2806894000040038661f94f, 81
1652707742.735573, sdrt-health/mac:02010b41cdec/antenna/tag/e28068940000500386620d4f, 83
1652707742.736027, sdrt-health/mac:02010b41cdec/antenna/tag/e28068940000500386620d4f, 83
1652707742.780034, sdrt-health/mac:02010b41cdec/antenna/tag/e2806894000040038662054f, 88
1652707742.880265, sdrt-health/mac:02010b41cdec/antenna/tag/e28068940000500386620d4f, 81
1652707742.922044, sdrt-health/mac:02010b41cdec/antenna/tag/e2806894000040038661f94f, 84
1652707742.95932, sdrt-health/mac:02010b41cdec/antenna/tag/e2806894000050038662194f, 81
1652707743.000311, sdrt-health/mac:02010b41cdec/antenna/tag/e2806894000040038662114f, 91
1652707743.000921, sdrt-health/mac:02010b41cdec/antenna/tag/e28068940000400386621d4f, 96
1652707743.040608, sdrt-health/mac:02010b41cdec/antenna/tag/e28068940000500386620d4f, 81
1652707743.094249, sdrt-health/mac:02010b41cdec/antenna/tag/e28068940000500386620d4f, 81
1652707743.094681, sdrt-health/mac:02010b41cdec/antenna/tag/e2806894000040038662114f, 91
1652707743.120013, sdrt-health/mac:02010b41cdec/antenna/tag/e28068940000400386621d4f, 96
1652707743.265169, sdrt-health/mac:02010b41cdec/antenna/tag/e2806894000050038662154f, 85
1652707743.26564, sdrt-health/mac:02010b41cdec/antenna/tag/e28068940000400386621d4f, 77
1652707743.290293, sdrt-health/mac:02010b41cdec/antenna/tag/e2806894000040038661f94f, 94
1652707743.331069, sdrt-health/mac:02010b41cdec/antenna/tag/e2806894000040038661f94f, 81
1652707743.369865, sdrt-health/mac:02010b41cdec/antenna/tag/e2806894000050038661fd4f, 90
1652707743.424945, sdrt-health/mac:02010b41cdec/antenna/tag/e28068940000400386621d4f, 77
1652707743.425389, sdrt-health/mac:02010b41cdec/antenna/tag/e2806894000050038662194f, 87
1652707743.452416, sdrt-health/mac:02010b41cdec/antenna/tag/e28068940000400386621d4f, 77
1652707743.50495, sdrt-health/mac:02010b41cdec/antenna/tag/e2806894000040038662114f, 88
1652707743.505428, sdrt-health/mac:02010b41cdec/antenna/tag/e28068940000400386621d4f, 77
1652707743.519899, sdrt-health/mac:02010b41cdec/antenna/tag/e2806894000040038662114f, 88
1652707743.530752, sdrt-health/mac:02010b41cdec/antenna/tag/e2806894000050038661fd4f, 86
1652707743.569413, sdrt-health/mac:02010b41cdec/antenna/tag/e2806894000050038661fd4f, 86
1652707743.623325, sdrt-health/mac:02010b41cdec/antenna/tag/e2806894000050038662154f, 91
1652707743.623762, sdrt-health/mac:02010b41cdec/antenna/tag/e28068940000500386620d4f, 83
1652707743.636603, sdrt-health/mac:02010b41cdec/antenna/tag/e2806894000050038662154f, 91
1652707743.650112, sdrt-health/mac:02010b41cdec/antenna/tag/e2806894000050038661fd4f, 83
1652707743.703629, sdrt-health/mac:02010b41cdec/antenna/tag/e28068940000500386620d4f, 83
1652707743.704082, sdrt-health/mac:02010b41cdec/antenna/tag/e2806894000040038662214f, 81
1652707743.760024, sdrt-health/mac:02010b41cdec/antenna/tag/e28068940000400386621d4f, 96
1652707743.820211, sdrt-health/mac:02010b41cdec/antenna/tag/e2806894000040038662114f, 88
1652707743.869751, sdrt-health/mac:02010b41cdec/antenna/tag/e28068940000500386620d4f, 94
1652707743.920249, sdrt-health/mac:02010b41cdec/antenna/tag/e28068940000400386621d4f, 96
1652707743.981951, sdrt-health/mac:02010b41cdec/antenna/tag/e28068940000500386620d4f, 88
1652707743.982494, sdrt-health/mac:02010b41cdec/antenna/tag/e2806894000040038661f94f, 81
1652707743.996217, sdrt-health/mac:02010b41cdec/antenna/tag/e2806894000050038661fd4f, 90
1652707744.037216, sdrt-health/mac:02010b41cdec/antenna/tag/e28068940000400386621d4f, 96
1652707744.037589, sdrt-health/mac:02010b41cdec/antenna/tag/e2806894000050038662154f, 91
1652707744.061239, sdrt-health/mac:02010b41cdec/antenna/tag/e28068940000500386620d4f, 81
1652707744.113729, sdrt-health/mac:02010b41cdec/antenna/tag/e2806894000050038661fd4f, 90
1652707744.114009, sdrt-health/mac:02010b41cdec/antenna/tag/e28068940000400386621d4f, 96
1652707744.14422, sdrt-health/mac:02010b41cdec/antenna/tag/e28068940000500386620d4f, 83
1652707744.180365, sdrt-health/mac:02010b41cdec/antenna/tag/e2806894000050038662194f, 87
1652707744.246204, sdrt-health/mac:02010b41cdec/antenna/tag/e28068940000500386620d4f, 93
1652707744.246679, sdrt-health/mac:02010b41cdec/antenna/tag/e2806894000050038661fd4f, 83
1652707744.270392, sdrt-health/mac:02010b41cdec/antenna/tag/e2806894000040038662114f, 88
1652707744.309246, sdrt-health/mac:02010b41cdec/antenna/tag/e28068940000400386621d4f, 77
1652707744.365208, sdrt-health/mac:02010b41cdec/antenna/tag/e2806894000050038662154f, 91
1652707744.365718, sdrt-health/mac:02010b41cdec/antenna/tag/e28068940000400386621d4f, 96
1652707744.379643, sdrt-health/mac:02010b41cdec/antenna/tag/e2806894000040038662114f, 91
1652707744.380117, sdrt-health/mac:02010b41cdec/antenna/tag/e28068940000400386621d4f, 96
1652707744.389663, sdrt-health/mac:02010b41cdec/antenna/tag/e28068940000500386620d4f, 83
1652707744.430138, sdrt-health/mac:02010b41cdec/antenna/tag/e2806894000040038662114f, 97
1652707744.469336, sdrt-health/mac:02010b41cdec/antenna/tag/e2806894000050038661fd4f, 90
1652707744.509888, sdrt-health/mac:02010b41cdec/antenna/tag/e28068940000400386621d4f, 96
1652707744.54995, sdrt-health/mac:02010b41cdec/antenna/tag/e2806894000040038662114f, 88
1652707744.590778, sdrt-health/mac:02010b41cdec/antenna/tag/e2806894000050038662194f, 81
1652707744.650439, sdrt-health/mac:02010b41cdec/antenna/tag/e2806894000040038662214f, 83
1652707744.650924, sdrt-health/mac:02010b41cdec/antenna/tag/e2806894000050038661fd4f, 83
1652707744.691081, sdrt-health/mac:02010b41cdec/antenna/tag/e28068940000500386620d4f, 81
1652707744.691546, sdrt-health/mac:02010b41cdec/antenna/tag/e2806894000040038662114f, 88
1652707744.691836, sdrt-health/mac:02010b41cdec/antenna/tag/e2806894000050038662154f, 88
1652707744.692113, sdrt-health/mac:02010b41cdec/antenna/tag/e2806894000050038662194f, 88
1652707744.720029, sdrt-health/mac:02010b41cdec/antenna/tag/e2806894000040038661f94f, 84
1652707744.761105, sdrt-health/mac:02010b41cdec/antenna/tag/e2806894000050038661fd4f, 83
1652707744.896346, sdrt-health/mac:02010b41cdec/antenna/tag/e2806894000050038662194f, 81
1652707744.896968, sdrt-health/mac:02010b41cdec/antenna/tag/e2806894000050038662154f, 91
1652707744.897334, sdrt-health/mac:02010b41cdec/antenna/tag/e28068940000400386621d4f, 77
1652707744.897681, sdrt-health/mac:02010b41cdec/antenna/tag/e28068940000400386621d4f, 77
1652707744.898116, sdrt-health/mac:02010b41cdec/antenna/tag/e2806894000050038662154f, 91
1652707745.032483, sdrt-health/mac:02010b41cdec/antenna/tag/scan, scan stopped
