1652707617.080187, sdrt-health/mac:02010b41cdec/antenna/power/set, {"power": 290}
1652707618.133269, sdrt-health/mac:02010b41cdec/antenna/power/set, 
1652707622.101416, sdrt-health/mac:02010b41cdec/antenna/tag/scan, {"time": 20000}
1652707622.671265, sdrt-health/mac:02010b41cdec/antenna/tag/e28068940000500386620d4f, 81
1652707622.720061, sdrt-health/mac:02010b41cdec/antenna/tag/e2806894000040038662114f, 91
1652707622.802064, sdrt-health/mac:02010b41cdec/antenna/tag/e2806894000050038662154f, 85
1652707622.842986, sdrt-health/mac:02010b41cdec/antenna/tag/e28068940000500386620d4f, 81
1652707622.896133, sdrt-health/mac:02010b41cdec/antenna/tag/e2806894000040038662114f, 91
1652707622.896346, sdrt-health/mac:02010b41cdec/antenna/tag/e2806894000040038662114f, 85
1652707622.952462, sdrt-health/mac:02010b41cdec/antenna/tag/e2806894000050038661fd4f, 83
1652707623.191209, sdrt-health/mac:02010b41cdec/antenna/tag/e2806894000050038661fd4f, 83
1652707623.231563, sdrt-health/mac:02010b41cdec/antenna/tag/e2806894000040038662114f, 85
1652707623.292612, sdrt-health/mac:02010b41cdec/antenna/tag/e2806894000040038662114f, 88
1652707623.34095, sdrt-health/mac:02010b41cdec/antenna/tag/e2806894000040038662114f, 88
1652707623.374194, sdrt-health/mac:02010b41cdec/antenna/tag/e28068940000500386620d4f, 84
1652707623.374499, sdrt-health/mac:02010b41cdec/antenna/tag/e2806894000050038662194f, 81
1652707623.393221, sdrt-health/mac:02010b41cdec/antenna/tag/e2806894000050038661fd4f, 90
1652707623.421157, sdrt-health/mac:02010b41cdec/antenna/tag/e2806894000040038662114f, 85
1652707623.474037, sdrt-health/mac:02010b41cdec/antenna/tag/e2806894000040038662114f, 85
1652707623.537921, sdrt-health/mac:02010b41cdec/antenna/tag/e2806894000050038661fd4f, 83
1652707623.538116, sdrt-health/mac:02010b41cdec/antenna/tag/e2806894000040038662114f, 88
1652707623.560523, sdrt-health/mac:02010b41cdec/antenna/tag/e28068940000400386621d4f, 96
1652707623.590586, sdrt-health/mac:02010b41cdec/antenna/tag/e2806894000050038661fd4f, 86
1652707623.590817, sdrt-health/mac:02010b41cdec/antenna/tag/e2806894000050038661fd4f, 86
1652707623.605973, sdrt-health/mac:02010b41cdec/antenna/tag/e2806894000040038662114f, 88
1652707623.641267, sdrt-health/mac:02010b41cdec/antenna/tag/e28068940000400386621d4f, 96
1652707623.681072, sdrt-health/mac:02010b41cdec/antenna/tag/e28068940000400386621d4f, 77
1652707623.711385, sdrt-health/mac:02010b41cdec/antenna/tag/e28068940000500386620d4f, 81
1652707623.711601, sdrt-health/mac:02010b41cdec/antenna/tag/e2806894000050038662154f, 91
1652707623.726608, sdrt-health/mac:02010b41cdec/antenna/tag/e28068940000400386621d4f, 96
1652707623.761583, sdrt-health/mac:02010b41cdec/antenna/tag/e2806894000050038662154f, 88
1652707623.801313, sdrt-health/mac:02010b41cdec/antenna/tag/e2806894000050038662154f, 88
1652707623.842412, sdrt-health/mac:02010b41cdec/antenna/tag/e28068940000400386621d4f, 96
1652707623.934087, sdrt-health/mac:02010b41cdec/antenna/tag/e2806894000050038662154f, 88
1652707624.00279, sdrt-health/mac:02010b41cdec/antenna/tag/e2806894000050038661fd4f, 83
1652707624.033024, sdrt-health/mac:02010b41cdec/antenna/tag/e2806894000050038662154f, 85
1652707624.033259, sdrt-health/mac:02010b41cdec/antenna/tag/e2806894000040038661f94f, 82
1652707624.047858, sdrt-health/mac:02010b41cdec/antenna/tag/e2806894000040038662214f, 84
1652707624.048121, sdrt-health/mac:02010b41cdec/antenna/tag/e28068940000400386621d4f, 77
1652707624.082045, sdrt-health/mac:02010b41cdec/antenna/tag/e2806894000050038661fd4f, 83
1652707624.121172, sdrt-health/mac:02010b41cdec/antenna/tag/e2806894000050038661fd4f, 83
1652707624.199829, sdrt-health/mac:02010b41cdec/antenna/tag/e2806894000050038661fd4f, 83
1652707624.200074, sdrt-health/mac:02010b41cdec/antenna/tag/e28068940000400386621d4f, 96
1652707624.233719, sdrt-health/mac:02010b41cdec/antenna/tag/e28068940000500386620d4f, 83
1652707624.318977, sdrt-health/mac:02010b41cdec/antenna/tag/e2806894000040038662114f, 97
1652707624.319433, sdrt-health/mac:02010b41cdec/antenna/tag/e2806894000040038662114f, 97
1652707624.336516, sdrt-health/mac:02010b41cdec/antenna/tag/e2806894000050038662154f, 88
1652707624.345944, sdrt-health/mac:02010b41cdec/antenna/tag/e28068940000400386621d4f, 90
1652707624.351641, sdrt-health/mac:02010b41cdec/antenna/tag/e28068940000400386621d4f, 90
1652707624.351852, sdrt-health/mac:02010b41cdec/antenna/tag/e2806894000050038662154f, 85
1652707624.40184, sdrt-health/mac:02010b41cdec/antenna/tag/e2806894000040038662114f, 91
1652707624.455354, sdrt-health/mac:02010b41cdec/antenna/tag/e2806894000050038662154f, 88
1652707624.455542, sdrt-health/mac:02010b41cdec/antenna/tag/e2806894000040038662114f, 91
1652707624.480721, sdrt-health/mac:02010b41cdec/antenna/tag/e2806894000040038662114f, 85
1652707624.52153, sdrt-health/mac:02010b41cdec/antenna/tag/e28068940000400386621d4f, 96
1652707624.582744, sdrt-health/mac:02010b41cdec/antenna/tag/e2806894000050038662154f, 91
1652707624.621398, sdrt-health/mac:02010b41cdec/antenna/tag/e2806894000050038661fd4f, 86
1652707624.678177, sdrt-health/mac:02010b41cdec/antenna/tag/e2806894000050038662194f, 83
1652707624.6785, sdrt-health/mac:02010b41cdec/antenna/tag/e2806894000050038662154f, 91
1652707624.69514, sdrt-health/mac:02010b41cdec/antenna/tag/e28068940000400386621d4f, 96
1652707624.701846, sdrt-health/mac:02010b41cdec/antenna/tag/e28068940000400386621d4f, 77
1652707624.742875, sdrt-health/mac:02010b41cdec/antenna/tag/e28068940000400386621d4f, 77
1652707624.798538, sdrt-health/mac:02010b41cdec/antenna/tag/e2806894000050038662194f, 81
1652707624.798917, sdrt-health/mac:02010b41cdec/antenna/tag/e2806894000050038662194f, 88
1652707624.822829, sdrt-health/mac:02010b41cdec/antenna/tag/e2806894000040038662114f, 88
1652707624.861713, sdrt-health/mac:02010b41cdec/antenna/tag/e2806894000040038662114f, 91
1652707624.902121, sdrt-health/mac:02010b41cdec/antenna/tag/e2806894000040038662214f, 83
1652707624.97198, sdrt-health/mac:02010b41cdec/antenna/tag/e28068940000400386621d4f, 77
1652707625.011155, sdrt-health/mac:02010b41cdec/antenna/tag/e2806894000050038662194f, 81
1652707625.067777, sdrt-health/mac:02010b41cdec/antenna/tag/e2806894000050038662154f, 91
1652707625.068222, sdrt-health/mac:02010b41cdec/antenna/tag/e28068940000400386621d4f, 96
1652707625.082764, sdrt-health/mac:02010b41cdec/antenna/tag/e28068940000400386621d4f, 96
1652707625.144603, sdrt-health/mac:02010b41cdec/antenna/tag/e2806894000050038661fd4f, 86
1652707625.191278, sdrt-health/mac:02010b41cdec/antenna/tag/e2806894000050038662154f, 91
1652707625.269484, sdrt-health/mac:02010b41cdec/antenna/tag/e28068940000500386620d4f, 83
1652707625.269941, sdrt-health/mac:02010b41cdec/antenna/tag/e28068940000500386620d4f, 81
1652707625.291069, sdrt-health/mac:02010b41cdec/antenna/tag/e2806894000040038662114f, 88
1652707625.322668, sdrt-health/mac:02010b41cdec/antenna/tag/e2806894000050038661fd4f, 86
1652707625.414089, sdrt-health/mac:02010b41cdec/antenna/tag/e2806894000050038662154f, 88
1652707625.414595, sdrt-health/mac:02010b41cdec/antenna/tag/e2806894000050038661fd4f, 83
1652707625.43082, sdrt-health/mac:02010b41cdec/antenna/tag/e2806894000050038662154f, 88
1652707625.468506, sdrt-health/mac:02010b41cdec/antenna/tag/e2806894000050038662154f, 85
1652707625.46872, sdrt-health/mac:02010b41cdec/antenna/tag/e2806894000040038662114f, 88
1652707625.492247, sdrt-health/mac:02010b41cdec/antenna/tag/e2806894000050038662154f, 91
1652707625.53163, sdrt-health/mac:02010b41cdec/antenna/tag/e2806894000050038662154f, 88
1652707625.564238, sdrt-health/mac:02010b41cdec/antenna/tag/e28068940000400386621d4f, 96
1652707625.564426, sdrt-health/mac:02010b41cdec/antenna/tag/e28068940000500386620d4f, 88
1652707625.58549, sdrt-health/mac:02010b41cdec/antenna/tag/e2806894000040038662114f, 88
1652707625.585725, sdrt-health/mac:02010b41cdec/antenna/tag/e28068940000400386621d4f, 96
1652707625.611018, sdrt-health/mac:02010b41cdec/antenna/tag/e28068940000400386621d4f, 96
1652707625.652406, sdrt-health/mac:02010b41cdec/antenna/tag/e28068940000500386620d4f, 94
1652707625.693877, sdrt-health/mac:02010b41cdec/antenna/tag/e28068940000500386620d4f, 83
1652707625.74768, sdrt-health/mac:02010b41cdec/antenna/tag/e2806894000040038662114f, 91
1652707625.748976, sdrt-health/mac:02010b41cdec/antenna/tag/e2806894000050038662154f, 88
1652707625.782385, sdrt-health/mac:02010b41cdec/antenna/tag/e28068940000400386621d4f, 96
1652707625.835616, sdrt-health/mac:02010b41cdec/antenna/tag/e2806894000050038661fd4f, 83
1652707625.835994, sdrt-health/mac:02010b41cdec/antenna/tag/e28068940000400386621d4f, 77
1652707625.882051, sdrt-health/mac:02010b41cdec/antenna/tag/e2806894000040038661f94f, 94
1652707625.922793, sdrt-health/mac:02010b41cdec/antenna/tag/e2806894000040038662114f, 88
1652707625.962762, sdrt-health/mac:02010b41cdec/antenna/tag/e2806894000050038662154f, 88
1652707626.011707, sdrt-health/mac:02010b41cdec/antenna/tag/e2806894000050038661fd4f, 86
1652707626.060395, sdrt-health/mac:02010b41cdec/antenna/tag/e2806894000050038662154f, 91
1652707626.116936, sdrt-health/mac:02010b41cdec/antenna/tag/e28068940000400386621d4f, 77
1652707626.117279, sdrt-health/mac:02010b41cdec/antenna/tag/e2806894000040038662114f, 88
1652707626.14248, sdrt-health/mac:02010b41cdec/antenna/tag/e2806894000040038662114f, 88
1652707626.180593, sdrt-health/mac:02010b41cdec/antenna/tag/e2806894000050038662154f, 88
1652707626.220533, sdrt-health/mac:02010b41cdec/antenna/tag/e28068940000400386621d4f, 96
1652707626.26189, sdrt-health/mac:02010b41cdec/antenna/tag/e28068940000400386621d4f, 90
1652707626.300945, sdrt-health/mac:02010b41cdec/antenna/tag/e2806894000050038662194f, 81
1652707626.341226, sdrt-health/mac:02010b41cdec/antenna/tag/e2806894000050038661fd4f, 86
1652707626.395909, sdrt-health/mac:02010b41cdec/antenna/tag/e2806894000050038662194f, 88
1652707626.396456, sdrt-health/mac:02010b41cdec/antenna/tag/e2806894000050038661fd4f, 86
1652707626.421537, sdrt-health/mac:02010b41cdec/antenna/tag/e28068940000400386621d4f, 96
1652707626.478017, sdrt-health/mac:02010b41cdec/antenna/tag/e28068940000500386620d4f, 93
1652707626.478254, sdrt-health/mac:02010b41cdec/antenna/tag/e2806894000050038662154f, 85
1652707626.492835, sdrt-health/mac:02010b41cdec/antenna/tag/e28068940000400386621d4f, 96
1652707626.521278, sdrt-health/mac:02010b41cdec/antenna/tag/e2806894000050038662154f, 88
1652707626.560746, sdrt-health/mac:02010b41cdec/antenna/tag/e28068940000400386621d4f, 96
1652707626.563372, sdrt-health/mac:02010b41cdec/antenna/tag/e28068940000500386620d4f, 81
1652707626.576223, sdrt-health/mac:02010b41cdec/antenna/tag/e2806894000050038662194f, 84
1652707626.600884, sdrt-health/mac:02010b41cdec/antenna/tag/e2806894000050038662154f, 88
1652707626.642356, sdrt-health/mac:02010b41cdec/antenna/tag/e2806894000040038662114f, 91
1652707626.681929, sdrt-health/mac:02010b41cdec/antenna/tag/e28068940000400386621d4f, 96
1652707626.736513, sdrt-health/mac:02010b41cdec/antenna/tag/e2806894000050038661fd4f, 86
1652707626.736868, sdrt-health/mac:02010b41cdec/antenna/tag/e2806894000040038662114f, 88
1652707626.793836, sdrt-health/mac:02010b41cdec/antenna/tag/e28068940000400386621d4f, 90
1652707626.840194, sdrt-health/mac:02010b41cdec/antenna/tag/e2806894000040038662114f, 85
1652707626.897139, sdrt-health/mac:02010b41cdec/antenna/tag/e2806894000050038662194f, 84
1652707626.897595, sdrt-health/mac:02010b41cdec/antenna/tag/e2806894000050038662154f, 88
1652707626.951906, sdrt-health/mac:02010b41cdec/antenna/tag/e28068940000400386621d4f, 96
1652707627.001586, sdrt-health/mac:02010b41cdec/antenna/tag/e2806894000040038662114f, 85
1652707627.032521, sdrt-health/mac:02010b41cdec/antenna/tag/e28068940000400386621d4f, 96
1652707627.032719, sdrt-health/mac:02010b41cdec/antenna/tag/e2806894000040038662114f, 85
1652707627.050002, sdrt-health/mac:02010b41cdec/antenna/tag/e28068940000500386620d4f, 81
1652707627.081886, sdrt-health/mac:02010b41cdec/antenna/tag/e2806894000040038661f94f, 88
1652707627.121402, sdrt-health/mac:02010b41cdec/antenna/tag/e2806894000040038662214f, 81
1652707627.181017, sdrt-health/mac:02010b41cdec/antenna/tag/e2806894000050038662194f, 88
1652707627.220793, sdrt-health/mac:02010b41cdec/antenna/tag/e28068940000500386620d4f, 83
1652707627.284719, sdrt-health/mac:02010b41cdec/antenna/tag/e2806894000040038662114f, 88
1652707627.285039, sdrt-health/mac:02010b41cdec/antenna/tag/e2806894000050038662154f, 88
1652707627.301227, sdrt-health/mac:02010b41cdec/antenna/tag/e28068940000400386621d4f, 96
1652707627.311901, sdrt-health/mac:02010b41cdec/antenna/tag/e2806894000040038662114f, 85
1652707627.351649, sdrt-health/mac:02010b41cdec/antenna/tag/e2806894000050038661fd4f, 83
1652707627.390972, sdrt-health/mac:02010b41cdec/antenna/tag/e28068940000400386621d4f, 96
1652707627.449414, sdrt-health/mac:02010b41cdec/antenna/tag/e2806894000050038662154f, 88
1652707627.449754, sdrt-health/mac:02010b41cdec/antenna/tag/e2806894000050038662154f, 88
1652707627.47148, sdrt-health/mac:02010b41cdec/antenna/tag/e2806894000040038662114f, 85
1652707627.527544, sdrt-health/mac:02010b41cdec/antenna/tag/e28068940000500386620d4f, 81
1652707627.527759, sdrt-health/mac:02010b41cdec/antenna/tag/e2806894000050038661fd4f, 86
1652707627.543584, sdrt-health/mac:02010b41cdec/antenna/tag/e2806894000040038662114f, 88
1652707627.570722, sdrt-health/mac:02010b41cdec/antenna/tag/e2806894000050038662194f, 88
1652707627.621232, sdrt-health/mac:02010b41cdec/antenna/tag/e28068940000500386620d4f, 81
1652707627.71473, sdrt-health/mac:02010b41cdec/antenna/tag/e2806894000040038662114f, 88
1652707627.715184, sdrt-health/mac:02010b41cdec/antenna/tag/e2806894000050038662154f, 88
1652707627.753404, sdrt-health/mac:02010b41cdec/antenna/tag/e28068940000500386620d4f, 94
1652707627.784731, sdrt-health/mac:02010b41cdec/antenna/tag/e2806894000050038661fd4f, 86
1652707627.784944, sdrt-health/mac:02010b41cdec/antenna/tag/e2806894000050038661fd4f, 86
1652707627.881971, sdrt-health/mac:02010b41cdec/antenna/tag/e28068940000500386620d4f, 83
1652707627.936933, sdrt-health/mac:02010b41cdec/antenna/tag/e28068940000400386621d4f, 90
1652707627.937123, sdrt-health/mac:02010b41cdec/antenna/tag/e28068940000400386621d4f, 96
1652707627.950772, sdrt-health/mac:02010b41cdec/antenna/tag/e28068940000500386620d4f, 81
1652707627.9511, sdrt-health/mac:02010b41cdec/antenna/tag/e2806894000050038662194f, 81
1652707627.951324, sdrt-health/mac:02010b41cdec/antenna/tag/e28068940000500386620d4f, 81
1652707627.95151, sdrt-health/mac:02010b41cdec/antenna/tag/e2806894000050038662194f, 81
1652707627.951626, sdrt-health/mac:02010b41cdec/antenna/tag/e2806894000040038662114f, 91
1652707628.001999, sdrt-health/mac:02010b41cdec/antenna/tag/e28068940000400386621d4f, 77
1652707628.050896, sdrt-health/mac:02010b41cdec/antenna/tag/e2806894000050038661fd4f, 83
1652707628.097499, sdrt-health/mac:02010b41cdec/antenna/tag/e2806894000040038662114f, 88
1652707628.138726, sdrt-health/mac:02010b41cdec/antenna/tag/e2806894000050038661fd4f, 90
1652707628.172416, sdrt-health/mac:02010b41cdec/antenna/tag/e28068940000400386621d4f, 96
1652707628.172633, sdrt-health/mac:02010b41cdec/antenna/tag/e28068940000500386620d4f, 83
1652707628.224815, sdrt-health/mac:02010b41cdec/antenna/tag/e28068940000500386620d4f, 83
1652707628.26344, sdrt-health/mac:02010b41cdec/antenna/tag/e2806894000040038662054f, 83
1652707628.336309, sdrt-health/mac:02010b41cdec/antenna/tag/e2806894000050038661fd4f, 90
1652707628.336701, sdrt-health/mac:02010b41cdec/antenna/tag/e2806894000050038661fd4f, 90
1652707628.371501, sdrt-health/mac:02010b41cdec/antenna/tag/e2806894000050038661fd4f, 86
1652707628.42664, sdrt-health/mac:02010b41cdec/antenna/tag/e2806894000050038661fd4f, 86
1652707628.426996, sdrt-health/mac:02010b41cdec/antenna/tag/e28068940000400386621d4f, 96
1652707628.451472, sdrt-health/mac:02010b41cdec/antenna/tag/e2806894000050038662154f, 88
1652707628.515144, sdrt-health/mac:02010b41cdec/antenna/tag/e28068940000500386620d4f, 93
1652707628.51562, sdrt-health/mac:02010b41cdec/antenna/tag/e2806894000040038662114f, 88
1652707628.531826, sdrt-health/mac:02010b41cdec/antenna/tag/e2806894000050038662194f, 94
1652707628.532297, sdrt-health/mac:02010b41cdec/antenna/tag/e28068940000400386621d4f, 96
1652707628.532632, sdrt-health/mac:02010b41cdec/antenna/tag/e2806894000050038662194f, 88
1652707628.57185, sdrt-health/mac:02010b41cdec/antenna/tag/e2806894000050038661fd4f, 86
1652707628.612028, sdrt-health/mac:02010b41cdec/antenna/tag/e2806894000040038662114f, 85
1652707628.65145, sdrt-health/mac:02010b41cdec/antenna/tag/e2806894000040038662114f, 88
1652707628.692433, sdrt-health/mac:02010b41cdec/antenna/tag/e2806894000050038662194f, 81
1652707628.732334, sdrt-health/mac:02010b41cdec/antenna/tag/e2806894000040038662114f, 85
1652707628.773559, sdrt-health/mac:02010b41cdec/antenna/tag/e2806894000050038661fd4f, 86
1652707628.82814, sdrt-health/mac:02010b41cdec/antenna/tag/e2806894000050038662154f, 97
1652707628.828357, sdrt-health/mac:02010b41cdec/antenna/tag/e28068940000400386621d4f, 77
1652707628.843501, sdrt-health/mac:02010b41cdec/antenna/tag/e2806894000050038661fd4f, 86
1652707628.850943, sdrt-health/mac:02010b41cdec/antenna/tag/e2806894000040038662114f, 88
1652707628.893126, sdrt-health/mac:02010b41cdec/antenna/tag/e28068940000400386621d4f, 96
1652707628.931247, sdrt-health/mac:02010b41cdec/antenna/tag/e2806894000050038661fd4f, 83
1652707628.97039, sdrt-health/mac:02010b41cdec/antenna/tag/e2806894000040038662114f, 88
1652707629.011242, sdrt-health/mac:02010b41cdec/antenna/tag/e28068940000400386621d4f, 96
1652707629.050883, sdrt-health/mac:02010b41cdec/antenna/tag/e28068940000500386620d4f, 81
1652707629.091587, sdrt-health/mac:02010b41cdec/antenna/tag/e2806894000050038661fd4f, 90
1652707629.148666, sdrt-health/mac:02010b41cdec/antenna/tag/e2806894000040038662114f, 88
1652707629.148921, sdrt-health/mac:02010b41cdec/antenna/tag/e2806894000040038662114f, 88
1652707629.171831, sdrt-health/mac:02010b41cdec/antenna/tag/e2806894000050038661fd4f, 86
1652707629.27699, sdrt-health/mac:02010b41cdec/antenna/tag/e28068940000400386621d4f, 96
1652707629.277226, sdrt-health/mac:02010b41cdec/antenna/tag/e2806894000050038662154f, 88
1652707629.302642, sdrt-health/mac:02010b41cdec/antenna/tag/e28068940000500386620d4f, 83
1652707629.417956, sdrt-health/mac:02010b41cdec/antenna/tag/e2806894000040038662114f, 85
1652707629.489139, sdrt-health/mac:02010b41cdec/antenna/tag/e2806894000050038661fd4f, 83
1652707629.549787, sdrt-health/mac:02010b41cdec/antenna/tag/e2806894000050038661fd4f, 83
1652707629.550004, sdrt-health/mac:02010b41cdec/antenna/tag/e2806894000050038662154f, 85
1652707629.566114, sdrt-health/mac:02010b41cdec/antenna/tag/e2806894000040038662114f, 85
1652707629.651947, sdrt-health/mac:02010b41cdec/antenna/tag/e2806894000050038662154f, 91
1652707629.691534, sdrt-health/mac:02010b41cdec/antenna/tag/e2806894000040038662114f, 85
1652707629.758507, sdrt-health/mac:02010b41cdec/antenna/tag/e28068940000400386621d4f, 77
1652707629.758792, sdrt-health/mac:02010b41cdec/antenna/tag/e2806894000040038662114f, 85
1652707629.772587, sdrt-health/mac:02010b41cdec/antenna/tag/e2806894000040038662114f, 85
1652707629.802473, sdrt-health/mac:02010b41cdec/antenna/tag/e2806894000050038661fd4f, 86
1652707629.802727, sdrt-health/mac:02010b41cdec/antenna/tag/e2806894000050038661fd4f, 86
1652707629.822525, sdrt-health/mac:02010b41cdec/antenna/tag/e2806894000040038662114f, 91
1652707629.89556, sdrt-health/mac:02010b41cdec/antenna/tag/e28068940000400386621d4f, 96
1652707629.895766, sdrt-health/mac:02010b41cdec/antenna/tag/e28068940000500386620d4f, 94
1652707629.910348, sdrt-health/mac:02010b41cdec/antenna/tag/e28068940000500386620d4f, 81
1652707629.910543, sdrt-health/mac:02010b41cdec/antenna/tag/e28068940000400386621d4f, 96
1652707629.910672, sdrt-health/mac:02010b41cdec/antenna/tag/e2806894000040038662114f, 88
1652707629.92196, sdrt-health/mac:02010b41cdec/antenna/tag/e2806894000050038662154f, 88
1652707629.92519, sdrt-health/mac:02010b41cdec/antenna/tag/e2806894000050038661fd4f, 83
1652707629.960198, sdrt-health/mac:02010b41cdec/antenna/tag/e28068940000400386621d4f, 96
1652707630.044562, sdrt-health/mac:02010b41cdec/antenna/tag/e2806894000050038662154f, 88
1652707630.100475, sdrt-health/mac:02010b41cdec/antenna/tag/e2806894000050038662154f, 88
1652707630.132385, sdrt-health/mac:02010b41cdec/antenna/tag/e2806894000050038661fd4f, 86
1652707630.132657, sdrt-health/mac:02010b41cdec/antenna/tag/e28068940000400386621d4f, 96
1652707630.132821, sdrt-health/mac:02010b41cdec/antenna/tag/e2806894000050038661fd4f, 86
1652707630.147789, sdrt-health/mac:02010b41cdec/antenna/tag/e2806894000040038662114f, 88
1652707630.147998, sdrt-health/mac:02010b41cdec/antenna/tag/e2806894000050038661fd4f, 90
1652707630.148116, sdrt-health/mac:02010b41cdec/antenna/tag/e2806894000050038661fd4f, 90
1652707630.18246, sdrt-health/mac:02010b41cdec/antenna/tag/e2806894000050038661fd4f, 86
1652707630.284197, sdrt-health/mac:02010b41cdec/antenna/tag/e2806894000050038661fd4f, 86
1652707630.339916, sdrt-health/mac:02010b41cdec/antenna/tag/e2806894000050038662154f, 88
1652707630.406136, sdrt-health/mac:02010b41cdec/antenna/tag/e2806894000050038661fd4f, 83
1652707630.406422, sdrt-health/mac:02010b41cdec/antenna/tag/e2806894000050038662154f, 91
1652707630.423928, sdrt-health/mac:02010b41cdec/antenna/tag/e2806894000050038662154f, 88
1652707630.441694, sdrt-health/mac:02010b41cdec/antenna/tag/e2806894000050038661fd4f, 83
1652707630.483399, sdrt-health/mac:02010b41cdec/antenna/tag/e2806894000040038662114f, 88
1652707630.521783, sdrt-health/mac:02010b41cdec/antenna/tag/e2806894000040038662214f, 88
1652707630.52401, sdrt-health/mac:02010b41cdec/antenna/tag/e2806894000040038661f94f, 84
1652707630.562113, sdrt-health/mac:02010b41cdec/antenna/tag/e2806894000050038661fd4f, 86
1652707630.601064, sdrt-health/mac:02010b41cdec/antenna/tag/e2806894000050038661fd4f, 83
1652707630.660013, sdrt-health/mac:02010b41cdec/antenna/tag/e2806894000040038662114f, 88
1652707630.660249, sdrt-health/mac:02010b41cdec/antenna/tag/e28068940000400386621d4f, 96
1652707630.831065, sdrt-health/mac:02010b41cdec/antenna/tag/e28068940000400386621d4f, 96
1652707630.864005, sdrt-health/mac:02010b41cdec/antenna/tag/e2806894000050038662194f, 88
1652707630.864212, sdrt-health/mac:02010b41cdec/antenna/tag/e2806894000050038662154f, 88
1652707630.878156, sdrt-health/mac:02010b41cdec/antenna/tag/e28068940000500386620d4f, 81
1652707630.878356, sdrt-health/mac:02010b41cdec/antenna/tag/e2806894000050038661fd4f, 86
1652707630.878472, sdrt-health/mac:02010b41cdec/antenna/tag/e28068940000400386621d4f, 90
1652707630.910679, sdrt-health/mac:02010b41cdec/antenna/tag/e28068940000500386620d4f, 83
1652707630.967724, sdrt-health/mac:02010b41cdec/antenna/tag/e2806894000050038661fd4f, 90
1652707630.968168, sdrt-health/mac:02010b41cdec/antenna/tag/e2806894000050038661fd4f, 83
1652707630.993838, sdrt-health/mac:02010b41cdec/antenna/tag/e2806894000050038662154f, 85
1652707631.031236, sdrt-health/mac:02010b41cdec/antenna/tag/e2806894000050038662154f, 85
1652707631.085213, sdrt-health/mac:02010b41cdec/antenna/tag/e2806894000040038662214f, 81
1652707631.085413, sdrt-health/mac:02010b41cdec/antenna/tag/e2806894000050038662194f, 81
1652707631.112205, sdrt-health/mac:02010b41cdec/antenna/tag/e2806894000040038662114f, 85
1652707631.168427, sdrt-health/mac:02010b41cdec/antenna/tag/e28068940000400386621d4f, 96
1652707631.168651, sdrt-health/mac:02010b41cdec/antenna/tag/e2806894000050038662194f, 81
1652707631.191413, sdrt-health/mac:02010b41cdec/antenna/tag/e2806894000050038661fd4f, 86
1652707631.341641, sdrt-health/mac:02010b41cdec/antenna/tag/e2806894000050038662154f, 85
1652707631.380026, sdrt-health/mac:02010b41cdec/antenna/tag/e2806894000050038662154f, 88
1652707631.381483, sdrt-health/mac:02010b41cdec/antenna/tag/e28068940000400386621d4f, 96
1652707631.396405, sdrt-health/mac:02010b41cdec/antenna/tag/e2806894000040038661f94f, 84
1652707631.420439, sdrt-health/mac:02010b41cdec/antenna/tag/e2806894000040038662214f, 82
1652707631.476048, sdrt-health/mac:02010b41cdec/antenna/tag/e2806894000040038662214f, 82
1652707631.476281, sdrt-health/mac:02010b41cdec/antenna/tag/e2806894000050038662194f, 81
1652707631.501707, sdrt-health/mac:02010b41cdec/antenna/tag/e2806894000040038662114f, 85
1652707631.549583, sdrt-health/mac:02010b41cdec/antenna/tag/e2806894000050038662194f, 81
1652707631.60641, sdrt-health/mac:02010b41cdec/antenna/tag/e2806894000040038662114f, 88
1652707631.60662, sdrt-health/mac:02010b41cdec/antenna/tag/e2806894000050038662194f, 81
1652707631.630929, sdrt-health/mac:02010b41cdec/antenna/tag/e28068940000500386620d4f, 84
1652707631.670542, sdrt-health/mac:02010b41cdec/antenna/tag/e2806894000050038661fd4f, 90
1652707631.719801, sdrt-health/mac:02010b41cdec/antenna/tag/e2806894000040038662114f, 91
1652707631.762438, sdrt-health/mac:02010b41cdec/antenna/tag/e2806894000040038662114f, 88
1652707631.811771, sdrt-health/mac:02010b41cdec/antenna/tag/e28068940000400386621d4f, 96
1652707631.877581, sdrt-health/mac:02010b41cdec/antenna/tag/e2806894000040038662114f, 88
1652707631.87777, sdrt-health/mac:02010b41cdec/antenna/tag/e28068940000400386621d4f, 96
1652707631.900889, sdrt-health/mac:02010b41cdec/antenna/tag/e28068940000500386620d4f, 83
1652707631.941426, sdrt-health/mac:02010b41cdec/antenna/tag/e2806894000050038662154f, 88
1652707631.998745, sdrt-health/mac:02010b41cdec/antenna/tag/e2806894000050038662154f, 88
1652707631.999184, sdrt-health/mac:02010b41cdec/antenna/tag/e2806894000040038662114f, 85
1652707632.02193, sdrt-health/mac:02010b41cdec/antenna/tag/e2806894000050038661fd4f, 86
1652707632.062999, sdrt-health/mac:02010b41cdec/antenna/tag/e2806894000040038662114f, 88
1652707632.092493, sdrt-health/mac:02010b41cdec/antenna/tag/e28068940000400386621d4f, 96
1652707632.092694, sdrt-health/mac:02010b41cdec/antenna/tag/e2806894000050038661fd4f, 86
1652707632.10658, sdrt-health/mac:02010b41cdec/antenna/tag/e2806894000040038662114f, 88
1652707632.149677, sdrt-health/mac:02010b41cdec/antenna/tag/e2806894000040038662114f, 91
1652707632.230958, sdrt-health/mac:02010b41cdec/antenna/tag/e28068940000400386621d4f, 96
1652707632.231349, sdrt-health/mac:02010b41cdec/antenna/tag/e2806894000050038662154f, 88
1652707632.25727, sdrt-health/mac:02010b41cdec/antenna/tag/e2806894000050038661fd4f, 90
1652707632.297091, sdrt-health/mac:02010b41cdec/antenna/tag/e2806894000050038662154f, 91
1652707632.297313, sdrt-health/mac:02010b41cdec/antenna/tag/e2806894000050038661fd4f, 83
1652707632.313312, sdrt-health/mac:02010b41cdec/antenna/tag/e2806894000040038662114f, 91
1652707632.322568, sdrt-health/mac:02010b41cdec/antenna/tag/e2806894000040038662114f, 85
1652707632.381841, sdrt-health/mac:02010b41cdec/antenna/tag/e28068940000400386621d4f, 96
1652707632.428098, sdrt-health/mac:02010b41cdec/antenna/tag/e2806894000050038662154f, 88
1652707632.45711, sdrt-health/mac:02010b41cdec/antenna/tag/e2806894000040038662114f, 85
1652707632.457367, sdrt-health/mac:02010b41cdec/antenna/tag/e28068940000500386620d4f, 81
1652707632.473922, sdrt-health/mac:02010b41cdec/antenna/tag/e28068940000400386621d4f, 96
1652707632.474138, sdrt-health/mac:02010b41cdec/antenna/tag/e2806894000050038662154f, 88
1652707632.511153, sdrt-health/mac:02010b41cdec/antenna/tag/e2806894000040038662114f, 85
1652707632.550683, sdrt-health/mac:02010b41cdec/antenna/tag/e2806894000040038662114f, 91
1652707632.60495, sdrt-health/mac:02010b41cdec/antenna/tag/e2806894000050038661fd4f, 86
1652707632.605163, sdrt-health/mac:02010b41cdec/antenna/tag/e2806894000050038661fd4f, 86
1652707632.620239, sdrt-health/mac:02010b41cdec/antenna/tag/e28068940000400386621d4f, 96
1652707632.650366, sdrt-health/mac:02010b41cdec/antenna/tag/e2806894000050038662154f, 91
1652707632.650568, sdrt-health/mac:02010b41cdec/antenna/tag/e2806894000050038661fd4f, 86
1652707632.671751, sdrt-health/mac:02010b41cdec/antenna/tag/e2806894000040038662114f, 88
1652707632.725153, sdrt-health/mac:02010b41cdec/antenna/tag/e2806894000050038661fd4f, 86
1652707632.725391, sdrt-health/mac:02010b41cdec/antenna/tag/e28068940000400386621d4f, 96
1652707632.7526, sdrt-health/mac:02010b41cdec/antenna/tag/e28068940000400386621d4f, 96
1652707632.800319, sdrt-health/mac:02010b41cdec/antenna/tag/e2806894000050038662154f, 88
1652707632.856612, sdrt-health/mac:02010b41cdec/antenna/tag/e28068940000400386621d4f, 96
1652707632.857081, sdrt-health/mac:02010b41cdec/antenna/tag/e2806894000040038662114f, 91
1652707632.871797, sdrt-health/mac:02010b41cdec/antenna/tag/e2806894000040038662114f, 91
1652707632.872016, sdrt-health/mac:02010b41cdec/antenna/tag/e28068940000400386621d4f, 96
1652707632.881243, sdrt-health/mac:02010b41cdec/antenna/tag/e2806894000050038662154f, 88
1652707632.923028, sdrt-health/mac:02010b41cdec/antenna/tag/e28068940000500386620d4f, 87
1652707632.975642, sdrt-health/mac:02010b41cdec/antenna/tag/e2806894000050038662194f, 81
1652707632.976015, sdrt-health/mac:02010b41cdec/antenna/tag/e28068940000400386621d4f, 77
1652707632.990303, sdrt-health/mac:02010b41cdec/antenna/tag/e28068940000400386621d4f, 77
1652707633.020806, sdrt-health/mac:02010b41cdec/antenna/tag/e2806894000040038662114f, 91
1652707633.102634, sdrt-health/mac:02010b41cdec/antenna/tag/e2806894000050038662194f, 88
1652707633.161126, sdrt-health/mac:02010b41cdec/antenna/tag/e2806894000050038661fd4f, 86
1652707633.225844, sdrt-health/mac:02010b41cdec/antenna/tag/e2806894000050038661fd4f, 86
1652707633.260275, sdrt-health/mac:02010b41cdec/antenna/tag/e28068940000400386621d4f, 96
1652707633.303659, sdrt-health/mac:02010b41cdec/antenna/tag/e28068940000400386621d4f, 96
1652707633.347009, sdrt-health/mac:02010b41cdec/antenna/tag/e2806894000050038662154f, 88
1652707633.397825, sdrt-health/mac:02010b41cdec/antenna/tag/e2806894000040038662114f, 88
1652707633.398118, sdrt-health/mac:02010b41cdec/antenna/tag/e28068940000400386621d4f, 90
1652707633.441358, sdrt-health/mac:02010b41cdec/antenna/tag/e2806894000050038662154f, 97
1652707633.481585, sdrt-health/mac:02010b41cdec/antenna/tag/e28068940000400386621d4f, 96
1652707633.571237, sdrt-health/mac:02010b41cdec/antenna/tag/e2806894000050038661fd4f, 86
1652707633.571618, sdrt-health/mac:02010b41cdec/antenna/tag/e2806894000040038661f94f, 88
1652707633.621609, sdrt-health/mac:02010b41cdec/antenna/tag/e2806894000040038662214f, 83
1652707633.639471, sdrt-health/mac:02010b41cdec/antenna/tag/e28068940000400386621d4f, 96
1652707633.671037, sdrt-health/mac:02010b41cdec/antenna/tag/e2806894000050038662194f, 94
1652707633.711522, sdrt-health/mac:02010b41cdec/antenna/tag/e28068940000500386620d4f, 83
1652707633.775894, sdrt-health/mac:02010b41cdec/antenna/tag/e28068940000500386620d4f, 83
1652707633.77615, sdrt-health/mac:02010b41cdec/antenna/tag/e2806894000050038661fd4f, 83
1652707633.791878, sdrt-health/mac:02010b41cdec/antenna/tag/e2806894000040038662114f, 88
1652707633.826277, sdrt-health/mac:02010b41cdec/antenna/tag/e2806894000050038662154f, 88
1652707633.826569, sdrt-health/mac:02010b41cdec/antenna/tag/e2806894000050038661fd4f, 83
1652707633.844772, sdrt-health/mac:02010b41cdec/antenna/tag/e2806894000050038661fd4f, 83
1652707633.897303, sdrt-health/mac:02010b41cdec/antenna/tag/e2806894000050038662154f, 85
1652707633.897715, sdrt-health/mac:02010b41cdec/antenna/tag/e28068940000500386620d4f, 81
1652707633.91289, sdrt-health/mac:02010b41cdec/antenna/tag/e28068940000400386621d4f, 96
1652707633.922424, sdrt-health/mac:02010b41cdec/antenna/tag/e28068940000400386621d4f, 96
1652707633.971535, sdrt-health/mac:02010b41cdec/antenna/tag/e28068940000400386621d4f, 90
1652707634.003528, sdrt-health/mac:02010b41cdec/antenna/tag/e2806894000050038661fd4f, 86
1652707634.003822, sdrt-health/mac:02010b41cdec/antenna/tag/e28068940000400386621d4f, 96
1652707634.070808, sdrt-health/mac:02010b41cdec/antenna/tag/e2806894000050038661fd4f, 83
1652707634.130845, sdrt-health/mac:02010b41cdec/antenna/tag/e28068940000500386620d4f, 94
1652707634.172548, sdrt-health/mac:02010b41cdec/antenna/tag/e28068940000500386620d4f, 83
1652707634.202675, sdrt-health/mac:02010b41cdec/antenna/tag/e2806894000050038662194f, 84
1652707634.202941, sdrt-health/mac:02010b41cdec/antenna/tag/e28068940000400386621d4f, 77
1652707634.217147, sdrt-health/mac:02010b41cdec/antenna/tag/e28068940000400386621d4f, 96
1652707634.217542, sdrt-health/mac:02010b41cdec/antenna/tag/e28068940000400386621d4f, 96
1652707634.252951, sdrt-health/mac:02010b41cdec/antenna/tag/e2806894000050038661fd4f, 90
1652707634.315035, sdrt-health/mac:02010b41cdec/antenna/tag/e2806894000040038662114f, 88
1652707634.315257, sdrt-health/mac:02010b41cdec/antenna/tag/e28068940000400386621d4f, 90
1652707634.351353, sdrt-health/mac:02010b41cdec/antenna/tag/e2806894000050038662194f, 81
1652707634.391892, sdrt-health/mac:02010b41cdec/antenna/tag/e2806894000050038662154f, 88
1652707634.431701, sdrt-health/mac:02010b41cdec/antenna/tag/e2806894000050038661fd4f, 86
1652707634.469848, sdrt-health/mac:02010b41cdec/antenna/tag/e28068940000500386620d4f, 87
1652707634.511369, sdrt-health/mac:02010b41cdec/antenna/tag/e2806894000040038662114f, 88
1652707634.566912, sdrt-health/mac:02010b41cdec/antenna/tag/e2806894000050038662154f, 85
1652707634.567349, sdrt-health/mac:02010b41cdec/antenna/tag/e28068940000500386620d4f, 87
1652707634.593128, sdrt-health/mac:02010b41cdec/antenna/tag/e2806894000040038662114f, 88
1652707634.646792, sdrt-health/mac:02010b41cdec/antenna/tag/e28068940000500386620d4f, 83
1652707634.647038, sdrt-health/mac:02010b41cdec/antenna/tag/e2806894000050038662154f, 88
1652707634.671033, sdrt-health/mac:02010b41cdec/antenna/tag/e2806894000040038662114f, 88
1652707634.747584, sdrt-health/mac:02010b41cdec/antenna/tag/e2806894000050038661fd4f, 90
1652707634.747818, sdrt-health/mac:02010b41cdec/antenna/tag/e2806894000040038662114f, 91
1652707634.773012, sdrt-health/mac:02010b41cdec/antenna/tag/e28068940000500386620d4f, 81
1652707634.802165, sdrt-health/mac:02010b41cdec/antenna/tag/e2806894000050038661fd4f, 90
1652707634.80239, sdrt-health/mac:02010b41cdec/antenna/tag/e2806894000050038662154f, 91
1652707634.862105, sdrt-health/mac:02010b41cdec/antenna/tag/e2806894000040038662114f, 88
1652707634.900807, sdrt-health/mac:02010b41cdec/antenna/tag/e2806894000050038662154f, 88
1652707634.95724, sdrt-health/mac:02010b41cdec/antenna/tag/e2806894000050038662194f, 81
1652707634.957462, sdrt-health/mac:02010b41cdec/antenna/tag/e28068940000500386620d4f, 83
1652707634.971851, sdrt-health/mac:02010b41cdec/antenna/tag/e2806894000050038662194f, 81
1652707634.981247, sdrt-health/mac:02010b41cdec/antenna/tag/e28068940000400386621d4f, 96
1652707635.021694, sdrt-health/mac:02010b41cdec/antenna/tag/e2806894000050038661fd4f, 83
1652707635.076539, sdrt-health/mac:02010b41cdec/antenna/tag/e2806894000050038661fd4f, 86
1652707635.076771, sdrt-health/mac:02010b41cdec/antenna/tag/e2806894000040038662114f, 85
1652707635.090126, sdrt-health/mac:02010b41cdec/antenna/tag/e28068940000400386621d4f, 90
1652707635.100723, sdrt-health/mac:02010b41cdec/antenna/tag/e28068940000400386621d4f, 96
1652707635.142275, sdrt-health/mac:02010b41cdec/antenna/tag/e28068940000500386620d4f, 83
1652707635.197756, sdrt-health/mac:02010b41cdec/antenna/tag/e28068940000400386621d4f, 96
1652707635.197996, sdrt-health/mac:02010b41cdec/antenna/tag/e2806894000050038662154f, 88
1652707635.198121, sdrt-health/mac:02010b41cdec/antenna/tag/e2806894000040038662114f, 85
1652707635.250753, sdrt-health/mac:02010b41cdec/antenna/tag/e2806894000050038662154f, 91
1652707635.293211, sdrt-health/mac:02010b41cdec/antenna/tag/e2806894000050038661fd4f, 83
1652707635.371806, sdrt-health/mac:02010b41cdec/antenna/tag/e2806894000050038661fd4f, 83
1652707635.418804, sdrt-health/mac:02010b41cdec/antenna/tag/e2806894000050038662194f, 94
1652707635.537233, sdrt-health/mac:02010b41cdec/antenna/tag/e2806894000050038661fd4f, 83
1652707635.537627, sdrt-health/mac:02010b41cdec/antenna/tag/e2806894000040038662114f, 85
1652707635.591757, sdrt-health/mac:02010b41cdec/antenna/tag/e2806894000050038661fd4f, 86
1652707635.645497, sdrt-health/mac:02010b41cdec/antenna/tag/e2806894000050038662154f, 91
1652707635.64575, sdrt-health/mac:02010b41cdec/antenna/tag/e28068940000400386621d4f, 96
1652707635.672268, sdrt-health/mac:02010b41cdec/antenna/tag/e2806894000050038662154f, 91
1652707635.726124, sdrt-health/mac:02010b41cdec/antenna/tag/e28068940000400386621d4f, 96
1652707635.726343, sdrt-health/mac:02010b41cdec/antenna/tag/e28068940000400386621d4f, 90
1652707635.739979, sdrt-health/mac:02010b41cdec/antenna/tag/e28068940000500386620d4f, 94
1652707635.770339, sdrt-health/mac:02010b41cdec/antenna/tag/e2806894000050038661fd4f, 90
1652707635.770539, sdrt-health/mac:02010b41cdec/antenna/tag/e2806894000050038661fd4f, 86
1652707635.793586, sdrt-health/mac:02010b41cdec/antenna/tag/e2806894000050038661fd4f, 86
1652707635.847828, sdrt-health/mac:02010b41cdec/antenna/tag/e28068940000500386620d4f, 81
1652707635.84802, sdrt-health/mac:02010b41cdec/antenna/tag/e2806894000050038662194f, 81
1652707635.891805, sdrt-health/mac:02010b41cdec/antenna/tag/e28068940000400386621d4f, 77
1652707635.930621, sdrt-health/mac:02010b41cdec/antenna/tag/e2806894000040038662114f, 88
1652707635.961419, sdrt-health/mac:02010b41cdec/antenna/tag/e28068940000400386621d4f, 96
1652707635.961635, sdrt-health/mac:02010b41cdec/antenna/tag/e2806894000040038662114f, 85
1652707635.975997, sdrt-health/mac:02010b41cdec/antenna/tag/e2806894000050038661fd4f, 83
1652707635.976202, sdrt-health/mac:02010b41cdec/antenna/tag/e28068940000400386621d4f, 96
1652707636.012237, sdrt-health/mac:02010b41cdec/antenna/tag/e2806894000050038662154f, 85
1652707636.051774, sdrt-health/mac:02010b41cdec/antenna/tag/e2806894000040038662054f, 94
1652707636.106222, sdrt-health/mac:02010b41cdec/antenna/tag/e28068940000500386620d4f, 87
1652707636.106567, sdrt-health/mac:02010b41cdec/antenna/tag/e2806894000040038662114f, 85
1652707636.161541, sdrt-health/mac:02010b41cdec/antenna/tag/e28068940000400386621d4f, 77
1652707636.20183, sdrt-health/mac:02010b41cdec/antenna/tag/e2806894000050038662154f, 91
1652707636.242182, sdrt-health/mac:02010b41cdec/antenna/tag/e28068940000400386621d4f, 96
1652707636.295086, sdrt-health/mac:02010b41cdec/antenna/tag/e2806894000050038662154f, 91
1652707636.295363, sdrt-health/mac:02010b41cdec/antenna/tag/e2806894000040038662114f, 91
1652707636.312658, sdrt-health/mac:02010b41cdec/antenna/tag/e2806894000050038662154f, 88
1652707636.328529, sdrt-health/mac:02010b41cdec/antenna/tag/e2806894000050038662194f, 83
1652707636.390321, sdrt-health/mac:02010b41cdec/antenna/tag/e2806894000040038662114f, 88
1652707636.390533, sdrt-health/mac:02010b41cdec/antenna/tag/e2806894000050038662194f, 83
1652707636.405404, sdrt-health/mac:02010b41cdec/antenna/tag/e2806894000050038661fd4f, 86
1652707636.41138, sdrt-health/mac:02010b41cdec/antenna/tag/e2806894000040038662114f, 88
1652707636.461283, sdrt-health/mac:02010b41cdec/antenna/tag/e2806894000050038662154f, 88
1652707636.491355, sdrt-health/mac:02010b41cdec/antenna/tag/e28068940000400386621d4f, 77
1652707636.491598, sdrt-health/mac:02010b41cdec/antenna/tag/e2806894000050038662154f, 97
1652707636.510078, sdrt-health/mac:02010b41cdec/antenna/tag/e28068940000400386621d4f, 77
1652707636.565239, sdrt-health/mac:02010b41cdec/antenna/tag/e2806894000050038661fd4f, 86
1652707636.565477, sdrt-health/mac:02010b41cdec/antenna/tag/e28068940000400386621d4f, 96
1652707636.580986, sdrt-health/mac:02010b41cdec/antenna/tag/e2806894000050038661fd4f, 86
1652707636.598933, sdrt-health/mac:02010b41cdec/antenna/tag/e2806894000040038662114f, 88
1652707636.63001, sdrt-health/mac:02010b41cdec/antenna/tag/e2806894000050038662154f, 91
1652707636.630205, sdrt-health/mac:02010b41cdec/antenna/tag/e2806894000050038662154f, 91
1652707636.647352, sdrt-health/mac:02010b41cdec/antenna/tag/e28068940000400386621d4f, 96
1652707636.681698, sdrt-health/mac:02010b41cdec/antenna/tag/e2806894000050038661fd4f, 86
1652707636.723053, sdrt-health/mac:02010b41cdec/antenna/tag/e2806894000040038662114f, 85
1652707636.761979, sdrt-health/mac:02010b41cdec/antenna/tag/e28068940000400386621d4f, 96
1652707636.804544, sdrt-health/mac:02010b41cdec/antenna/tag/e28068940000400386621d4f, 96
1652707636.841436, sdrt-health/mac:02010b41cdec/antenna/tag/e2806894000050038661fd4f, 86
1652707636.871099, sdrt-health/mac:02010b41cdec/antenna/tag/e2806894000040038662114f, 85
1652707636.871382, sdrt-health/mac:02010b41cdec/antenna/tag/e28068940000400386621d4f, 96
1652707636.888722, sdrt-health/mac:02010b41cdec/antenna/tag/e2806894000050038662154f, 91
1652707636.931594, sdrt-health/mac:02010b41cdec/antenna/tag/e2806894000040038662114f, 85
1652707636.970663, sdrt-health/mac:02010b41cdec/antenna/tag/e2806894000050038662154f, 88
1652707637.03485, sdrt-health/mac:02010b41cdec/antenna/tag/e28068940000400386621d4f, 77
1652707637.035244, sdrt-health/mac:02010b41cdec/antenna/tag/e2806894000040038662214f, 94
1652707637.050054, sdrt-health/mac:02010b41cdec/antenna/tag/e2806894000040038661f94f, 84
1652707637.061084, sdrt-health/mac:02010b41cdec/antenna/tag/e28068940000400386621d4f, 96
1652707637.101003, sdrt-health/mac:02010b41cdec/antenna/tag/e2806894000050038662154f, 91
1652707637.12966, sdrt-health/mac:02010b41cdec/antenna/tag/e2806894000050038661fd4f, 86
1652707637.129929, sdrt-health/mac:02010b41cdec/antenna/tag/e2806894000040038662114f, 88
1652707637.130118, sdrt-health/mac:02010b41cdec/antenna/tag/e28068940000400386621d4f, 77
1652707637.144449, sdrt-health/mac:02010b41cdec/antenna/tag/e28068940000400386621d4f, 96
1652707637.201001, sdrt-health/mac:02010b41cdec/antenna/tag/e2806894000050038662154f, 88
1652707637.241974, sdrt-health/mac:02010b41cdec/antenna/tag/e2806894000050038661fd4f, 86
1652707637.281595, sdrt-health/mac:02010b41cdec/antenna/tag/e2806894000050038661fd4f, 86
1652707637.332019, sdrt-health/mac:02010b41cdec/antenna/tag/e2806894000050038662194f, 81
1652707637.371813, sdrt-health/mac:02010b41cdec/antenna/tag/e2806894000040038662114f, 91
1652707637.412168, sdrt-health/mac:02010b41cdec/antenna/tag/e2806894000050038662154f, 88
1652707637.468174, sdrt-health/mac:02010b41cdec/antenna/tag/e28068940000400386621d4f, 96
1652707637.468418, sdrt-health/mac:02010b41cdec/antenna/tag/e2806894000040038662214f, 94
1652707637.490985, sdrt-health/mac:02010b41cdec/antenna/tag/e2806894000040038662214f, 88
1652707637.531923, sdrt-health/mac:02010b41cdec/antenna/tag/e28068940000400386621d4f, 77
1652707637.62862, sdrt-health/mac:02010b41cdec/antenna/tag/e2806894000050038661fd4f, 86
1652707637.671109, sdrt-health/mac:02010b41cdec/antenna/tag/e2806894000040038662114f, 85
1652707637.734846, sdrt-health/mac:02010b41cdec/antenna/tag/e28068940000400386621d4f, 96
1652707637.735044, sdrt-health/mac:02010b41cdec/antenna/tag/e28068940000400386621d4f, 77
1652707637.76137, sdrt-health/mac:02010b41cdec/antenna/tag/e2806894000050038661fd4f, 90
1652707637.761606, sdrt-health/mac:02010b41cdec/antenna/tag/e2806894000050038661fd4f, 86
1652707637.796999, sdrt-health/mac:02010b41cdec/antenna/tag/e28068940000400386621d4f, 96
1652707637.911907, sdrt-health/mac:02010b41cdec/antenna/tag/e2806894000040038662214f, 88
1652707637.951931, sdrt-health/mac:02010b41cdec/antenna/tag/e2806894000050038662154f, 85
1652707638.006655, sdrt-health/mac:02010b41cdec/antenna/tag/e28068940000500386620d4f, 87
1652707638.006883, sdrt-health/mac:02010b41cdec/antenna/tag/e28068940000400386621d4f, 96
1652707638.022709, sdrt-health/mac:02010b41cdec/antenna/tag/e2806894000040038662114f, 88
1652707638.053094, sdrt-health/mac:02010b41cdec/antenna/tag/e2806894000040038662114f, 85
1652707638.053448, sdrt-health/mac:02010b41cdec/antenna/tag/e28068940000400386621d4f, 96
1652707638.072719, sdrt-health/mac:02010b41cdec/antenna/tag/e2806894000050038662154f, 91
1652707638.121444, sdrt-health/mac:02010b41cdec/antenna/tag/e2806894000050038662154f, 88
1652707638.177441, sdrt-health/mac:02010b41cdec/antenna/tag/e2806894000050038661fd4f, 86
1652707638.177679, sdrt-health/mac:02010b41cdec/antenna/tag/e2806894000050038662154f, 88
1652707638.221722, sdrt-health/mac:02010b41cdec/antenna/tag/e2806894000050038661fd4f, 86
1652707638.268485, sdrt-health/mac:02010b41cdec/antenna/tag/e2806894000040038662114f, 88
1652707638.310902, sdrt-health/mac:02010b41cdec/antenna/tag/e2806894000050038662154f, 91
1652707638.366964, sdrt-health/mac:02010b41cdec/antenna/tag/e2806894000050038661fd4f, 86
1652707638.367222, sdrt-health/mac:02010b41cdec/antenna/tag/e2806894000050038661fd4f, 83
1652707638.392089, sdrt-health/mac:02010b41cdec/antenna/tag/e2806894000040038662114f, 88
1652707638.446998, sdrt-health/mac:02010b41cdec/antenna/tag/e2806894000050038661fd4f, 83
1652707638.447191, sdrt-health/mac:02010b41cdec/antenna/tag/e2806894000050038662194f, 81
1652707638.461691, sdrt-health/mac:02010b41cdec/antenna/tag/e2806894000040038662114f, 85
1652707638.481706, sdrt-health/mac:02010b41cdec/antenna/tag/e28068940000500386620d4f, 83
1652707638.521442, sdrt-health/mac:02010b41cdec/antenna/tag/e2806894000050038662154f, 91
1652707638.561182, sdrt-health/mac:02010b41cdec/antenna/tag/e28068940000400386621d4f, 96
1652707638.62801, sdrt-health/mac:02010b41cdec/antenna/tag/e2806894000050038661fd4f, 86
1652707638.628434, sdrt-health/mac:02010b41cdec/antenna/tag/e2806894000050038662154f, 88
1652707638.651969, sdrt-health/mac:02010b41cdec/antenna/tag/e28068940000400386621d4f, 96
1652707638.68164, sdrt-health/mac:02010b41cdec/antenna/tag/e2806894000050038661fd4f, 86
1652707638.681839, sdrt-health/mac:02010b41cdec/antenna/tag/e2806894000050038661fd4f, 86
1652707638.696155, sdrt-health/mac:02010b41cdec/antenna/tag/e28068940000400386621d4f, 96
1652707638.696414, sdrt-health/mac:02010b41cdec/antenna/tag/e2806894000050038662154f, 91
1652707638.72979, sdrt-health/mac:02010b41cdec/antenna/tag/e2806894000040038662114f, 88
1652707638.771602, sdrt-health/mac:02010b41cdec/antenna/tag/e2806894000040038662114f, 85
1652707638.811888, sdrt-health/mac:02010b41cdec/antenna/tag/e28068940000500386620d4f, 83
1652707638.865248, sdrt-health/mac:02010b41cdec/antenna/tag/e28068940000400386621d4f, 96
1652707638.86566, sdrt-health/mac:02010b41cdec/antenna/tag/e2806894000050038662154f, 85
1652707638.921555, sdrt-health/mac:02010b41cdec/antenna/tag/e2806894000040038662214f, 88
1652707638.961258, sdrt-health/mac:02010b41cdec/antenna/tag/e2806894000050038662194f, 84
1652707639.01738, sdrt-health/mac:02010b41cdec/antenna/tag/e2806894000050038661fd4f, 86
1652707639.017673, sdrt-health/mac:02010b41cdec/antenna/tag/e2806894000050038661fd4f, 86
1652707639.0417, sdrt-health/mac:02010b41cdec/antenna/tag/e2806894000050038662154f, 97
1652707639.097307, sdrt-health/mac:02010b41cdec/antenna/tag/e2806894000040038662114f, 85
1652707639.09769, sdrt-health/mac:02010b41cdec/antenna/tag/e2806894000050038661fd4f, 86
1652707639.112417, sdrt-health/mac:02010b41cdec/antenna/tag/e2806894000040038662114f, 88
1652707639.158953, sdrt-health/mac:02010b41cdec/antenna/tag/e2806894000050038662154f, 91
1652707639.187114, sdrt-health/mac:02010b41cdec/antenna/tag/e28068940000400386621d4f, 96
1652707639.187581, sdrt-health/mac:02010b41cdec/antenna/tag/e2806894000040038662114f, 88
1652707639.201842, sdrt-health/mac:02010b41cdec/antenna/tag/e28068940000400386621d4f, 96
1652707639.230542, sdrt-health/mac:02010b41cdec/antenna/tag/e2806894000050038661fd4f, 86
1652707639.230841, sdrt-health/mac:02010b41cdec/antenna/tag/e2806894000050038662154f, 91
1652707639.260743, sdrt-health/mac:02010b41cdec/antenna/tag/e28068940000400386621d4f, 90
1652707639.300925, sdrt-health/mac:02010b41cdec/antenna/tag/e2806894000040038662114f, 91
1652707639.329638, sdrt-health/mac:02010b41cdec/antenna/tag/e2806894000050038662154f, 88
1652707639.329822, sdrt-health/mac:02010b41cdec/antenna/tag/e28068940000400386621d4f, 90
1652707639.345562, sdrt-health/mac:02010b41cdec/antenna/tag/e28068940000500386620d4f, 83
1652707639.34579, sdrt-health/mac:02010b41cdec/antenna/tag/e2806894000050038661fd4f, 86
1652707639.382012, sdrt-health/mac:02010b41cdec/antenna/tag/e2806894000040038662114f, 91
1652707639.428551, sdrt-health/mac:02010b41cdec/antenna/tag/e2806894000050038662154f, 85
1652707639.471302, sdrt-health/mac:02010b41cdec/antenna/tag/e28068940000500386620d4f, 83
1652707639.501526, sdrt-health/mac:02010b41cdec/antenna/tag/e2806894000040038662114f, 88
1652707639.501774, sdrt-health/mac:02010b41cdec/antenna/tag/e2806894000040038662114f, 85
1652707639.551442, sdrt-health/mac:02010b41cdec/antenna/tag/e2806894000050038661fd4f, 86
1652707639.593836, sdrt-health/mac:02010b41cdec/antenna/tag/e2806894000050038662194f, 81
1652707639.711495, sdrt-health/mac:02010b41cdec/antenna/tag/e2806894000040038662114f, 88
1652707639.752199, sdrt-health/mac:02010b41cdec/antenna/tag/e2806894000050038662154f, 88
1652707639.805646, sdrt-health/mac:02010b41cdec/antenna/tag/e2806894000040038662114f, 88
1652707639.806085, sdrt-health/mac:02010b41cdec/antenna/tag/e2806894000050038661fd4f, 86
1652707639.832621, sdrt-health/mac:02010b41cdec/antenna/tag/e2806894000050038662154f, 85
1652707639.888, sdrt-health/mac:02010b41cdec/antenna/tag/e28068940000400386621d4f, 96
1652707639.889141, sdrt-health/mac:02010b41cdec/antenna/tag/e28068940000500386620d4f, 83
1652707639.902468, sdrt-health/mac:02010b41cdec/antenna/tag/e2806894000050038662154f, 85
1652707639.971462, sdrt-health/mac:02010b41cdec/antenna/tag/e28068940000400386621d4f, 90
1652707640.032166, sdrt-health/mac:02010b41cdec/antenna/tag/e2806894000040038662114f, 88
1652707640.091132, sdrt-health/mac:02010b41cdec/antenna/tag/e28068940000500386620d4f, 81
1652707640.132405, sdrt-health/mac:02010b41cdec/antenna/tag/e2806894000040038662114f, 85
1652707640.171199, sdrt-health/mac:02010b41cdec/antenna/tag/e2806894000050038661fd4f, 83
1652707640.212229, sdrt-health/mac:02010b41cdec/antenna/tag/e2806894000050038662154f, 88
1652707640.213824, sdrt-health/mac:02010b41cdec/antenna/tag/e2806894000050038661fd4f, 83
1652707640.251318, sdrt-health/mac:02010b41cdec/antenna/tag/e28068940000500386620d4f, 87
1652707640.332506, sdrt-health/mac:02010b41cdec/antenna/tag/e28068940000400386621d4f, 77
1652707640.372415, sdrt-health/mac:02010b41cdec/antenna/tag/e2806894000050038661fd4f, 83
1652707640.413761, sdrt-health/mac:02010b41cdec/antenna/tag/e28068940000400386621d4f, 77
1652707640.46698, sdrt-health/mac:02010b41cdec/antenna/tag/e2806894000040038662114f, 88
1652707640.467587, sdrt-health/mac:02010b41cdec/antenna/tag/e28068940000400386621d4f, 96
1652707640.481164, sdrt-health/mac:02010b41cdec/antenna/tag/e2806894000040038662114f, 91
1652707640.490974, sdrt-health/mac:02010b41cdec/antenna/tag/e28068940000400386621d4f, 96
1652707640.496537, sdrt-health/mac:02010b41cdec/antenna/tag/e2806894000050038662154f, 97
1652707640.530557, sdrt-health/mac:02010b41cdec/antenna/tag/e28068940000400386621d4f, 96
1652707640.589654, sdrt-health/mac:02010b41cdec/antenna/tag/e2806894000050038662154f, 91
1652707640.59002, sdrt-health/mac:02010b41cdec/antenna/tag/e2806894000040038662114f, 88
1652707640.605235, sdrt-health/mac:02010b41cdec/antenna/tag/e2806894000050038661fd4f, 86
1652707640.612169, sdrt-health/mac:02010b41cdec/antenna/tag/e28068940000500386620d4f, 83
1652707640.620789, sdrt-health/mac:02010b41cdec/antenna/tag/e2806894000050038661fd4f, 83
1652707640.652162, sdrt-health/mac:02010b41cdec/antenna/tag/e28068940000500386620d4f, 87
1652707640.7006, sdrt-health/mac:02010b41cdec/antenna/tag/e2806894000040038662114f, 91
1652707640.752928, sdrt-health/mac:02010b41cdec/antenna/tag/e28068940000500386620d4f, 81
1652707640.81474, sdrt-health/mac:02010b41cdec/antenna/tag/e2806894000040038662114f, 88
1652707640.815126, sdrt-health/mac:02010b41cdec/antenna/tag/e28068940000400386621d4f, 96
1652707640.815434, sdrt-health/mac:02010b41cdec/antenna/tag/e28068940000500386620d4f, 85
1652707640.830154, sdrt-health/mac:02010b41cdec/antenna/tag/e28068940000400386621d4f, 90
1652707640.841595, sdrt-health/mac:02010b41cdec/antenna/tag/e2806894000050038661fd4f, 86
1652707640.845037, sdrt-health/mac:02010b41cdec/antenna/tag/e28068940000400386621d4f, 90
1652707640.90253, sdrt-health/mac:02010b41cdec/antenna/tag/e2806894000050038662194f, 81
1652707640.940343, sdrt-health/mac:02010b41cdec/antenna/tag/e28068940000400386621d4f, 90
1652707640.980092, sdrt-health/mac:02010b41cdec/antenna/tag/e28068940000500386620d4f, 87
1652707641.034539, sdrt-health/mac:02010b41cdec/antenna/tag/e28068940000400386621d4f, 77
1652707641.03505, sdrt-health/mac:02010b41cdec/antenna/tag/e28068940000500386620d4f, 81
1652707641.049082, sdrt-health/mac:02010b41cdec/antenna/tag/e2806894000050038662154f, 88
1652707641.090976, sdrt-health/mac:02010b41cdec/antenna/tag/e2806894000050038662154f, 88
1652707641.130593, sdrt-health/mac:02010b41cdec/antenna/tag/e28068940000400386621d4f, 96
1652707641.171543, sdrt-health/mac:02010b41cdec/antenna/tag/e2806894000040038662114f, 88
1652707641.223887, sdrt-health/mac:02010b41cdec/antenna/tag/e2806894000040038662114f, 97
1652707641.287841, sdrt-health/mac:02010b41cdec/antenna/tag/e28068940000400386621d4f, 90
1652707641.288215, sdrt-health/mac:02010b41cdec/antenna/tag/e2806894000050038661fd4f, 90
1652707641.305431, sdrt-health/mac:02010b41cdec/antenna/tag/e28068940000400386621d4f, 90
1652707641.322644, sdrt-health/mac:02010b41cdec/antenna/tag/e28068940000500386620d4f, 87
1652707641.383299, sdrt-health/mac:02010b41cdec/antenna/tag/e28068940000400386621d4f, 90
1652707641.383737, sdrt-health/mac:02010b41cdec/antenna/tag/e2806894000050038661fd4f, 83
1652707641.400716, sdrt-health/mac:02010b41cdec/antenna/tag/e2806894000040038662114f, 85
1652707641.436237, sdrt-health/mac:02010b41cdec/antenna/tag/e2806894000050038662194f, 81
1652707641.436518, sdrt-health/mac:02010b41cdec/antenna/tag/e28068940000500386620d4f, 81
1652707641.452621, sdrt-health/mac:02010b41cdec/antenna/tag/e28068940000400386621d4f, 96
1652707641.452905, sdrt-health/mac:02010b41cdec/antenna/tag/e2806894000050038661fd4f, 86
1652707641.483485, sdrt-health/mac:02010b41cdec/antenna/tag/e2806894000040038662114f, 88
1652707641.524277, sdrt-health/mac:02010b41cdec/antenna/tag/e2806894000040038662114f, 88
1652707641.564017, sdrt-health/mac:02010b41cdec/antenna/tag/e28068940000500386620d4f, 83
1652707641.695738, sdrt-health/mac:02010b41cdec/antenna/tag/e28068940000400386621d4f, 96
1652707641.733192, sdrt-health/mac:02010b41cdec/antenna/tag/e28068940000400386621d4f, 96
1652707641.774184, sdrt-health/mac:02010b41cdec/antenna/tag/e28068940000400386621d4f, 96
1652707641.809052, sdrt-health/mac:02010b41cdec/antenna/tag/e2806894000040038662114f, 88
1652707641.809276, sdrt-health/mac:02010b41cdec/antenna/tag/e2806894000050038661fd4f, 83
1652707641.827499, sdrt-health/mac:02010b41cdec/antenna/tag/e2806894000040038662114f, 85
1652707641.827762, sdrt-health/mac:02010b41cdec/antenna/tag/e2806894000050038662154f, 91
1652707641.873543, sdrt-health/mac:02010b41cdec/antenna/tag/e28068940000400386621d4f, 77
1652707641.894547, sdrt-health/mac:02010b41cdec/antenna/tag/e28068940000400386621d4f, 96
1652707641.96008, sdrt-health/mac:02010b41cdec/antenna/tag/e2806894000050038662154f, 88
1652707641.960366, sdrt-health/mac:02010b41cdec/antenna/tag/e2806894000050038661fd4f, 83
1652707641.981514, sdrt-health/mac:02010b41cdec/antenna/tag/e28068940000400386621d4f, 96
1652707641.984516, sdrt-health/mac:02010b41cdec/antenna/tag/e2806894000040038662114f, 88
1652707642.022909, sdrt-health/mac:02010b41cdec/antenna/tag/e2806894000050038662154f, 91
1652707642.063705, sdrt-health/mac:02010b41cdec/antenna/tag/e2806894000040038662114f, 88
1652707642.11979, sdrt-health/mac:02010b41cdec/antenna/tag/e2806894000050038662154f, 91
1652707642.119991, sdrt-health/mac:02010b41cdec/antenna/tag/e28068940000400386621d4f, 96
1652707642.1486, sdrt-health/mac:02010b41cdec/antenna/tag/e28068940000400386621d4f, 77
1652707642.179993, sdrt-health/mac:02010b41cdec/antenna/tag/e28068940000400386621d4f, 96
1652707642.180182, sdrt-health/mac:02010b41cdec/antenna/tag/e2806894000050038661fd4f, 86
1652707642.180299, sdrt-health/mac:02010b41cdec/antenna/tag/e2806894000040038662114f, 91
1652707642.195082, sdrt-health/mac:02010b41cdec/antenna/tag/e2806894000050038661fd4f, 86
1652707642.222739, sdrt-health/mac:02010b41cdec/antenna/tag/e2806894000050038662154f, 88
1652707642.265078, sdrt-health/mac:02010b41cdec/antenna/tag/e2806894000050038662154f, 91
1652707642.333388, sdrt-health/mac:02010b41cdec/antenna/tag/e28068940000400386621d4f, 96
1652707642.333654, sdrt-health/mac:02010b41cdec/antenna/tag/e28068940000500386620d4f, 88
1652707642.353734, sdrt-health/mac:02010b41cdec/antenna/tag/e28068940000500386620d4f, 81
1652707642.42554, sdrt-health/mac:02010b41cdec/antenna/tag/e2806894000050038662194f, 94
1652707642.425826, sdrt-health/mac:02010b41cdec/antenna/tag/e2806894000050038661fd4f, 86
1652707642.442315, sdrt-health/mac:02010b41cdec/antenna/tag/e28068940000400386621d4f, 96
1652707642.624515, sdrt-health/mac:02010b41cdec/antenna/tag/scan, scan stopped
