1652707565.470313, sdrt-health/mac:02010b41cdec/antenna/power/set, {"power": 300}
1652707566.54941, sdrt-health/mac:02010b41cdec/antenna/power/set, 
1652707570.531653, sdrt-health/mac:02010b41cdec/antenna/tag/scan, {"time": 20000}
1652707571.07798, sdrt-health/mac:02010b41cdec/antenna/tag/e2806894000050038662194f, 81
1652707571.140647, sdrt-health/mac:02010b41cdec/antenna/tag/e28068940000400386621d4f, 96
1652707571.14118, sdrt-health/mac:02010b41cdec/antenna/tag/e28068940000500386620d4f, 87
1652707571.141546, sdrt-health/mac:02010b41cdec/antenna/tag/e2806894000040038662114f, 88
1652707571.296308, sdrt-health/mac:02010b41cdec/antenna/tag/e2806894000040038661f94f, 94
1652707571.465581, sdrt-health/mac:02010b41cdec/antenna/tag/e2806894000050038661fd4f, 86
1652707571.466151, sdrt-health/mac:02010b41cdec/antenna/tag/e2806894000040038661f94f, 81
1652707571.46652, sdrt-health/mac:02010b41cdec/antenna/tag/e28068940000400386621d4f, 96
1652707571.466986, sdrt-health/mac:02010b41cdec/antenna/tag/e2806894000040038662114f, 91
1652707571.467365, sdrt-health/mac:02010b41cdec/antenna/tag/e2806894000040038662114f, 88
1652707571.467712, sdrt-health/mac:02010b41cdec/antenna/tag/e2806894000050038661fd4f, 86
1652707571.468098, sdrt-health/mac:02010b41cdec/antenna/tag/e2806894000040038662114f, 91
1652707571.504047, sdrt-health/mac:02010b41cdec/antenna/tag/e2806894000050038661fd4f, 86
1652707571.811595, sdrt-health/mac:02010b41cdec/antenna/tag/e2806894000050038662194f, 81
1652707571.812091, sdrt-health/mac:02010b41cdec/antenna/tag/e2806894000040038662114f, 91
1652707571.812431, sdrt-health/mac:02010b41cdec/antenna/tag/e2806894000050038661fd4f, 86
1652707571.812786, sdrt-health/mac:02010b41cdec/antenna/tag/e2806894000040038662114f, 97
1652707571.813118, sdrt-health/mac:02010b41cdec/antenna/tag/e2806894000050038661fd4f, 90
1652707571.813453, sdrt-health/mac:02010b41cdec/antenna/tag/e28068940000500386620d4f, 83
1652707571.956918, sdrt-health/mac:02010b41cdec/antenna/tag/e28068940000400386621d4f, 77
1652707571.957385, sdrt-health/mac:02010b41cdec/antenna/tag/e2806894000050038662194f, 83
1652707571.957726, sdrt-health/mac:02010b41cdec/antenna/tag/e2806894000040038662114f, 91
1652707571.958065, sdrt-health/mac:02010b41cdec/antenna/tag/e28068940000500386620d4f, 87
1652707571.958382, sdrt-health/mac:02010b41cdec/antenna/tag/e2806894000040038662114f, 91
1652707571.958698, sdrt-health/mac:02010b41cdec/antenna/tag/e28068940000500386620d4f, 81
1652707571.959082, sdrt-health/mac:02010b41cdec/antenna/tag/e2806894000050038662154f, 91
1652707572.011889, sdrt-health/mac:02010b41cdec/antenna/tag/e28068940000400386621d4f, 96
1652707572.102683, sdrt-health/mac:02010b41cdec/antenna/tag/e28068940000500386620d4f, 83
1652707572.132378, sdrt-health/mac:02010b41cdec/antenna/tag/e2806894000040038662114f, 97
1652707572.132806, sdrt-health/mac:02010b41cdec/antenna/tag/e28068940000400386621d4f, 96
1652707572.133464, sdrt-health/mac:02010b41cdec/antenna/tag/e28068940000500386620d4f, 81
1652707572.133801, sdrt-health/mac:02010b41cdec/antenna/tag/e2806894000050038662194f, 83
1652707572.153067, sdrt-health/mac:02010b41cdec/antenna/tag/e2806894000040038662114f, 91
1652707572.153351, sdrt-health/mac:02010b41cdec/antenna/tag/e28068940000500386620d4f, 83
1652707572.153564, sdrt-health/mac:02010b41cdec/antenna/tag/e2806894000050038661fd4f, 83
1652707572.169166, sdrt-health/mac:02010b41cdec/antenna/tag/e2806894000050038662154f, 88
1652707572.169763, sdrt-health/mac:02010b41cdec/antenna/tag/e2806894000050038662154f, 88
1652707572.170013, sdrt-health/mac:02010b41cdec/antenna/tag/e2806894000050038662154f, 88
1652707572.217574, sdrt-health/mac:02010b41cdec/antenna/tag/e2806894000050038662154f, 88
1652707572.243029, sdrt-health/mac:02010b41cdec/antenna/tag/e28068940000500386620d4f, 93
1652707572.364055, sdrt-health/mac:02010b41cdec/antenna/tag/e2806894000050038662154f, 97
1652707572.540701, sdrt-health/mac:02010b41cdec/antenna/tag/e28068940000400386621d4f, 77
1652707572.541133, sdrt-health/mac:02010b41cdec/antenna/tag/e2806894000040038662114f, 88
1652707572.541536, sdrt-health/mac:02010b41cdec/antenna/tag/e2806894000040038662114f, 88
1652707572.616311, sdrt-health/mac:02010b41cdec/antenna/tag/e28068940000500386620d4f, 88
1652707572.616805, sdrt-health/mac:02010b41cdec/antenna/tag/e28068940000400386621d4f, 96
1652707572.617206, sdrt-health/mac:02010b41cdec/antenna/tag/e2806894000050038662154f, 88
1652707572.617535, sdrt-health/mac:02010b41cdec/antenna/tag/e28068940000400386621d4f, 96
1652707572.617891, sdrt-health/mac:02010b41cdec/antenna/tag/e2806894000040038661f94f, 94
1652707572.633388, sdrt-health/mac:02010b41cdec/antenna/tag/e2806894000050038662154f, 91
1652707572.633712, sdrt-health/mac:02010b41cdec/antenna/tag/e2806894000050038661fd4f, 86
1652707572.633956, sdrt-health/mac:02010b41cdec/antenna/tag/e2806894000050038661fd4f, 90
1652707572.776682, sdrt-health/mac:02010b41cdec/antenna/tag/e2806894000050038662154f, 88
1652707572.880057, sdrt-health/mac:02010b41cdec/antenna/tag/e28068940000500386620d4f, 84
1652707572.880556, sdrt-health/mac:02010b41cdec/antenna/tag/e2806894000050038661fd4f, 86
1652707572.880899, sdrt-health/mac:02010b41cdec/antenna/tag/e2806894000050038662194f, 88
1652707572.911028, sdrt-health/mac:02010b41cdec/antenna/tag/e2806894000050038661fd4f, 86
1652707572.911294, sdrt-health/mac:02010b41cdec/antenna/tag/e2806894000040038662114f, 91
1652707572.911494, sdrt-health/mac:02010b41cdec/antenna/tag/e2806894000050038661fd4f, 86
1652707572.911679, sdrt-health/mac:02010b41cdec/antenna/tag/e28068940000400386621d4f, 96
1652707572.911894, sdrt-health/mac:02010b41cdec/antenna/tag/e2806894000050038661fd4f, 86
1652707572.993153, sdrt-health/mac:02010b41cdec/antenna/tag/e28068940000400386621d4f, 77
1652707573.067527, sdrt-health/mac:02010b41cdec/antenna/tag/e28068940000500386620d4f, 81
1652707573.067858, sdrt-health/mac:02010b41cdec/antenna/tag/e28068940000500386620d4f, 94
1652707573.068227, sdrt-health/mac:02010b41cdec/antenna/tag/e28068940000400386621d4f, 96
1652707573.084054, sdrt-health/mac:02010b41cdec/antenna/tag/e28068940000400386621d4f, 96
1652707573.084391, sdrt-health/mac:02010b41cdec/antenna/tag/e2806894000050038662154f, 88
1652707573.08466, sdrt-health/mac:02010b41cdec/antenna/tag/e2806894000050038661fd4f, 86
1652707573.113319, sdrt-health/mac:02010b41cdec/antenna/tag/e2806894000050038662194f, 88
1652707573.162534, sdrt-health/mac:02010b41cdec/antenna/tag/e28068940000500386620d4f, 87
1652707573.220444, sdrt-health/mac:02010b41cdec/antenna/tag/e2806894000040038662114f, 88
1652707573.220976, sdrt-health/mac:02010b41cdec/antenna/tag/e2806894000050038662194f, 81
1652707573.252444, sdrt-health/mac:02010b41cdec/antenna/tag/e2806894000040038662114f, 88
1652707573.2928, sdrt-health/mac:02010b41cdec/antenna/tag/e2806894000040038662114f, 88
1652707573.418606, sdrt-health/mac:02010b41cdec/antenna/tag/e28068940000500386620d4f, 83
1652707573.507512, sdrt-health/mac:02010b41cdec/antenna/tag/e2806894000050038662194f, 94
1652707573.508008, sdrt-health/mac:02010b41cdec/antenna/tag/e28068940000400386621d4f, 96
1652707573.508346, sdrt-health/mac:02010b41cdec/antenna/tag/e28068940000500386620d4f, 81
1652707573.5087, sdrt-health/mac:02010b41cdec/antenna/tag/e2806894000050038661fd4f, 86
1652707573.533237, sdrt-health/mac:02010b41cdec/antenna/tag/e2806894000050038662154f, 91
1652707573.581234, sdrt-health/mac:02010b41cdec/antenna/tag/e28068940000400386621d4f, 77
1652707573.58171, sdrt-health/mac:02010b41cdec/antenna/tag/e28068940000400386621d4f, 77
1652707573.582051, sdrt-health/mac:02010b41cdec/antenna/tag/e2806894000040038662114f, 88
1652707573.582445, sdrt-health/mac:02010b41cdec/antenna/tag/e2806894000050038662154f, 97
1652707573.633811, sdrt-health/mac:02010b41cdec/antenna/tag/e2806894000040038662114f, 88
1652707573.672261, sdrt-health/mac:02010b41cdec/antenna/tag/e28068940000500386620d4f, 88
1652707573.705642, sdrt-health/mac:02010b41cdec/antenna/tag/e28068940000400386621d4f, 96
1652707573.706022, sdrt-health/mac:02010b41cdec/antenna/tag/e28068940000500386620d4f, 81
1652707573.706302, sdrt-health/mac:02010b41cdec/antenna/tag/e2806894000040038662114f, 88
1652707573.722335, sdrt-health/mac:02010b41cdec/antenna/tag/e2806894000040038661f94f, 84
1652707573.752701, sdrt-health/mac:02010b41cdec/antenna/tag/e2806894000050038662154f, 91
1652707573.794563, sdrt-health/mac:02010b41cdec/antenna/tag/e28068940000500386620d4f, 87
1652707573.870829, sdrt-health/mac:02010b41cdec/antenna/tag/e2806894000040038661f94f, 94
1652707573.871322, sdrt-health/mac:02010b41cdec/antenna/tag/e2806894000040038662114f, 88
1652707573.891817, sdrt-health/mac:02010b41cdec/antenna/tag/e2806894000040038661f94f, 88
1652707573.932916, sdrt-health/mac:02010b41cdec/antenna/tag/e2806894000050038662154f, 88
1652707573.972794, sdrt-health/mac:02010b41cdec/antenna/tag/e2806894000040038662114f, 88
1652707574.01312, sdrt-health/mac:02010b41cdec/antenna/tag/e2806894000050038661fd4f, 83
1652707574.052503, sdrt-health/mac:02010b41cdec/antenna/tag/e2806894000040038661f94f, 81
1652707574.159297, sdrt-health/mac:02010b41cdec/antenna/tag/e28068940000500386620d4f, 81
1652707574.159769, sdrt-health/mac:02010b41cdec/antenna/tag/e2806894000050038661fd4f, 86
1652707574.191492, sdrt-health/mac:02010b41cdec/antenna/tag/e2806894000050038662154f, 88
1652707574.191769, sdrt-health/mac:02010b41cdec/antenna/tag/e2806894000040038662114f, 88
1652707574.191966, sdrt-health/mac:02010b41cdec/antenna/tag/e28068940000500386620d4f, 88
1652707574.192181, sdrt-health/mac:02010b41cdec/antenna/tag/e2806894000050038662154f, 88
1652707574.330768, sdrt-health/mac:02010b41cdec/antenna/tag/e28068940000500386620d4f, 81
1652707574.411371, sdrt-health/mac:02010b41cdec/antenna/tag/e2806894000050038662194f, 83
1652707574.411921, sdrt-health/mac:02010b41cdec/antenna/tag/e28068940000500386620d4f, 83
1652707574.412308, sdrt-health/mac:02010b41cdec/antenna/tag/e2806894000040038662114f, 97
1652707574.412716, sdrt-health/mac:02010b41cdec/antenna/tag/e2806894000050038662154f, 91
1652707574.41308, sdrt-health/mac:02010b41cdec/antenna/tag/e28068940000400386621d4f, 96
1652707574.413501, sdrt-health/mac:02010b41cdec/antenna/tag/e2806894000050038662154f, 91
1652707574.442979, sdrt-health/mac:02010b41cdec/antenna/tag/e28068940000500386620d4f, 83
1652707574.443229, sdrt-health/mac:02010b41cdec/antenna/tag/e2806894000040038662114f, 91
1652707574.443415, sdrt-health/mac:02010b41cdec/antenna/tag/e28068940000500386620d4f, 81
1652707574.485579, sdrt-health/mac:02010b41cdec/antenna/tag/e2806894000040038662214f, 81
1652707574.522707, sdrt-health/mac:02010b41cdec/antenna/tag/e28068940000400386621d4f, 96
1652707574.571849, sdrt-health/mac:02010b41cdec/antenna/tag/e2806894000040038662114f, 85
1652707574.628729, sdrt-health/mac:02010b41cdec/antenna/tag/e2806894000050038662154f, 85
1652707574.629214, sdrt-health/mac:02010b41cdec/antenna/tag/e28068940000400386621d4f, 96
1652707574.652424, sdrt-health/mac:02010b41cdec/antenna/tag/e2806894000050038662194f, 81
1652707574.710431, sdrt-health/mac:02010b41cdec/antenna/tag/e2806894000050038662154f, 97
1652707574.710889, sdrt-health/mac:02010b41cdec/antenna/tag/e2806894000040038662114f, 88
1652707574.727703, sdrt-health/mac:02010b41cdec/antenna/tag/e2806894000050038661fd4f, 90
1652707574.727997, sdrt-health/mac:02010b41cdec/antenna/tag/e28068940000400386621d4f, 77
1652707574.733643, sdrt-health/mac:02010b41cdec/antenna/tag/e2806894000050038662154f, 91
1652707574.773914, sdrt-health/mac:02010b41cdec/antenna/tag/e2806894000050038661fd4f, 86
1652707574.821826, sdrt-health/mac:02010b41cdec/antenna/tag/e28068940000400386621d4f, 96
1652707574.917849, sdrt-health/mac:02010b41cdec/antenna/tag/e2806894000050038662154f, 97
1652707574.918382, sdrt-health/mac:02010b41cdec/antenna/tag/e2806894000050038661fd4f, 86
1652707575.000901, sdrt-health/mac:02010b41cdec/antenna/tag/e2806894000050038662194f, 81
1652707575.001592, sdrt-health/mac:02010b41cdec/antenna/tag/e2806894000040038661f94f, 94
1652707575.001974, sdrt-health/mac:02010b41cdec/antenna/tag/e2806894000050038662194f, 88
1652707575.099529, sdrt-health/mac:02010b41cdec/antenna/tag/e2806894000040038662214f, 83
1652707575.100059, sdrt-health/mac:02010b41cdec/antenna/tag/e2806894000040038662114f, 88
1652707575.100425, sdrt-health/mac:02010b41cdec/antenna/tag/e2806894000050038662194f, 83
1652707575.100766, sdrt-health/mac:02010b41cdec/antenna/tag/e2806894000050038662154f, 91
1652707575.101153, sdrt-health/mac:02010b41cdec/antenna/tag/e2806894000050038661fd4f, 86
1652707575.150611, sdrt-health/mac:02010b41cdec/antenna/tag/e28068940000500386620d4f, 88
1652707575.207573, sdrt-health/mac:02010b41cdec/antenna/tag/e2806894000040038661f94f, 84
1652707575.208045, sdrt-health/mac:02010b41cdec/antenna/tag/e2806894000040038661f94f, 94
1652707575.223142, sdrt-health/mac:02010b41cdec/antenna/tag/e2806894000040038662114f, 91
1652707575.231945, sdrt-health/mac:02010b41cdec/antenna/tag/e28068940000400386621d4f, 77
1652707575.240179, sdrt-health/mac:02010b41cdec/antenna/tag/e2806894000050038661fd4f, 86
1652707575.273088, sdrt-health/mac:02010b41cdec/antenna/tag/e28068940000500386620d4f, 81
1652707575.313168, sdrt-health/mac:02010b41cdec/antenna/tag/e2806894000040038662114f, 91
1652707575.369206, sdrt-health/mac:02010b41cdec/antenna/tag/e2806894000050038662154f, 91
1652707575.369882, sdrt-health/mac:02010b41cdec/antenna/tag/e28068940000400386621d4f, 96
1652707575.370235, sdrt-health/mac:02010b41cdec/antenna/tag/e2806894000050038662154f, 91
1652707575.392774, sdrt-health/mac:02010b41cdec/antenna/tag/e2806894000050038661fd4f, 83
1652707575.434554, sdrt-health/mac:02010b41cdec/antenna/tag/e2806894000040038662114f, 88
1652707575.468447, sdrt-health/mac:02010b41cdec/antenna/tag/e28068940000400386621d4f, 96
1652707575.469013, sdrt-health/mac:02010b41cdec/antenna/tag/e2806894000040038662114f, 91
1652707575.484869, sdrt-health/mac:02010b41cdec/antenna/tag/e28068940000500386620d4f, 83
1652707575.511138, sdrt-health/mac:02010b41cdec/antenna/tag/e2806894000050038662154f, 88
1652707575.553484, sdrt-health/mac:02010b41cdec/antenna/tag/e28068940000500386620d4f, 81
1652707575.6179, sdrt-health/mac:02010b41cdec/antenna/tag/e28068940000400386621d4f, 96
1652707575.618533, sdrt-health/mac:02010b41cdec/antenna/tag/e2806894000050038662154f, 88
1652707575.710211, sdrt-health/mac:02010b41cdec/antenna/tag/e2806894000040038662114f, 91
1652707575.710695, sdrt-health/mac:02010b41cdec/antenna/tag/e2806894000040038662114f, 88
1652707575.711081, sdrt-health/mac:02010b41cdec/antenna/tag/e28068940000400386621d4f, 96
1652707575.798455, sdrt-health/mac:02010b41cdec/antenna/tag/e28068940000400386621d4f, 96
1652707575.798909, sdrt-health/mac:02010b41cdec/antenna/tag/e2806894000040038662114f, 88
1652707575.799281, sdrt-health/mac:02010b41cdec/antenna/tag/e28068940000500386620d4f, 81
1652707575.799598, sdrt-health/mac:02010b41cdec/antenna/tag/e2806894000050038661fd4f, 86
1652707575.799907, sdrt-health/mac:02010b41cdec/antenna/tag/e2806894000050038662154f, 88
1652707575.800295, sdrt-health/mac:02010b41cdec/antenna/tag/e28068940000500386620d4f, 87
1652707575.822354, sdrt-health/mac:02010b41cdec/antenna/tag/e2806894000040038661f94f, 94
1652707575.901512, sdrt-health/mac:02010b41cdec/antenna/tag/e2806894000050038662194f, 81
1652707575.902054, sdrt-health/mac:02010b41cdec/antenna/tag/e2806894000040038662114f, 88
1652707575.902397, sdrt-health/mac:02010b41cdec/antenna/tag/e2806894000040038662114f, 88
1652707575.932444, sdrt-health/mac:02010b41cdec/antenna/tag/e2806894000040038662214f, 88
1652707575.993252, sdrt-health/mac:02010b41cdec/antenna/tag/e2806894000050038662194f, 82
1652707576.033707, sdrt-health/mac:02010b41cdec/antenna/tag/e28068940000400386621d4f, 77
1652707576.073386, sdrt-health/mac:02010b41cdec/antenna/tag/e2806894000050038661fd4f, 86
1652707576.105417, sdrt-health/mac:02010b41cdec/antenna/tag/e28068940000400386621d4f, 77
1652707576.105815, sdrt-health/mac:02010b41cdec/antenna/tag/e2806894000050038661fd4f, 86
1652707576.120969, sdrt-health/mac:02010b41cdec/antenna/tag/e2806894000050038662194f, 94
1652707576.414711, sdrt-health/mac:02010b41cdec/antenna/tag/e28068940000400386621d4f, 77
1652707576.627574, sdrt-health/mac:02010b41cdec/antenna/tag/e28068940000500386620d4f, 88
1652707576.628056, sdrt-health/mac:02010b41cdec/antenna/tag/e2806894000040038661f94f, 88
1652707576.628418, sdrt-health/mac:02010b41cdec/antenna/tag/e28068940000500386620d4f, 81
1652707576.629934, sdrt-health/mac:02010b41cdec/antenna/tag/e28068940000500386620d4f, 81
1652707576.630378, sdrt-health/mac:02010b41cdec/antenna/tag/e2806894000050038662194f, 81
1652707576.630773, sdrt-health/mac:02010b41cdec/antenna/tag/e2806894000050038662154f, 85
1652707576.631113, sdrt-health/mac:02010b41cdec/antenna/tag/e2806894000050038661fd4f, 86
1652707576.631707, sdrt-health/mac:02010b41cdec/antenna/tag/e28068940000400386621d4f, 96
1652707576.632135, sdrt-health/mac:02010b41cdec/antenna/tag/e2806894000050038661fd4f, 86
1652707576.632254, sdrt-health/mac:02010b41cdec/antenna/tag/e2806894000050038662154f, 85
1652707576.78332, sdrt-health/mac:02010b41cdec/antenna/tag/e28068940000400386621d4f, 96
1652707576.89782, sdrt-health/mac:02010b41cdec/antenna/tag/e2806894000040038662114f, 88
1652707576.898304, sdrt-health/mac:02010b41cdec/antenna/tag/e2806894000050038662194f, 87
1652707576.898635, sdrt-health/mac:02010b41cdec/antenna/tag/e2806894000050038662154f, 91
1652707576.898952, sdrt-health/mac:02010b41cdec/antenna/tag/e2806894000050038662154f, 88
1652707576.899358, sdrt-health/mac:02010b41cdec/antenna/tag/e2806894000050038662154f, 91
1652707576.899704, sdrt-health/mac:02010b41cdec/antenna/tag/e28068940000500386620d4f, 88
1652707576.900049, sdrt-health/mac:02010b41cdec/antenna/tag/e2806894000050038661fd4f, 86
1652707576.900419, sdrt-health/mac:02010b41cdec/antenna/tag/e28068940000500386620d4f, 94
1652707576.900844, sdrt-health/mac:02010b41cdec/antenna/tag/e28068940000400386621d4f, 96
1652707577.045416, sdrt-health/mac:02010b41cdec/antenna/tag/e28068940000500386620d4f, 87
1652707577.185693, sdrt-health/mac:02010b41cdec/antenna/tag/e28068940000500386620d4f, 83
1652707577.186196, sdrt-health/mac:02010b41cdec/antenna/tag/e2806894000050038662194f, 83
1652707577.186561, sdrt-health/mac:02010b41cdec/antenna/tag/e2806894000050038661fd4f, 86
1652707577.186903, sdrt-health/mac:02010b41cdec/antenna/tag/e28068940000500386620d4f, 83
1652707577.208235, sdrt-health/mac:02010b41cdec/antenna/tag/e28068940000500386620d4f, 83
1652707577.208431, sdrt-health/mac:02010b41cdec/antenna/tag/e2806894000050038662154f, 88
1652707577.235033, sdrt-health/mac:02010b41cdec/antenna/tag/e2806894000040038662114f, 88
1652707577.28723, sdrt-health/mac:02010b41cdec/antenna/tag/e2806894000050038661fd4f, 86
1652707577.287748, sdrt-health/mac:02010b41cdec/antenna/tag/e28068940000400386621d4f, 96
1652707577.302831, sdrt-health/mac:02010b41cdec/antenna/tag/e28068940000500386620d4f, 87
1652707577.312596, sdrt-health/mac:02010b41cdec/antenna/tag/e2806894000050038662194f, 81
1652707577.318498, sdrt-health/mac:02010b41cdec/antenna/tag/e2806894000050038662154f, 91
1652707577.362604, sdrt-health/mac:02010b41cdec/antenna/tag/e2806894000040038661f94f, 87
1652707577.404197, sdrt-health/mac:02010b41cdec/antenna/tag/e2806894000050038662154f, 88
1652707577.450476, sdrt-health/mac:02010b41cdec/antenna/tag/e2806894000040038662114f, 88
1652707577.54803, sdrt-health/mac:02010b41cdec/antenna/tag/e2806894000050038661fd4f, 86
1652707577.548632, sdrt-health/mac:02010b41cdec/antenna/tag/e2806894000040038662114f, 88
1652707577.548996, sdrt-health/mac:02010b41cdec/antenna/tag/e2806894000040038662114f, 91
1652707577.571954, sdrt-health/mac:02010b41cdec/antenna/tag/e28068940000500386620d4f, 94
1652707577.667944, sdrt-health/mac:02010b41cdec/antenna/tag/e2806894000050038661fd4f, 86
1652707577.668442, sdrt-health/mac:02010b41cdec/antenna/tag/e2806894000040038661f94f, 88
1652707577.723706, sdrt-health/mac:02010b41cdec/antenna/tag/e28068940000400386621d4f, 77
1652707577.795454, sdrt-health/mac:02010b41cdec/antenna/tag/e2806894000050038662154f, 91
1652707577.924994, sdrt-health/mac:02010b41cdec/antenna/tag/e2806894000050038661fd4f, 86
1652707577.925439, sdrt-health/mac:02010b41cdec/antenna/tag/e28068940000500386620d4f, 81
1652707577.925748, sdrt-health/mac:02010b41cdec/antenna/tag/e28068940000500386620d4f, 83
1652707577.926054, sdrt-health/mac:02010b41cdec/antenna/tag/e2806894000050038662154f, 88
1652707577.926325, sdrt-health/mac:02010b41cdec/antenna/tag/e2806894000040038662114f, 91
1652707577.942149, sdrt-health/mac:02010b41cdec/antenna/tag/e2806894000050038662154f, 91
1652707577.974744, sdrt-health/mac:02010b41cdec/antenna/tag/e28068940000500386620d4f, 81
1652707577.97506, sdrt-health/mac:02010b41cdec/antenna/tag/e2806894000050038662194f, 83
1652707577.975194, sdrt-health/mac:02010b41cdec/antenna/tag/e2806894000040038662114f, 91
1652707577.975314, sdrt-health/mac:02010b41cdec/antenna/tag/e28068940000500386620d4f, 83
1652707577.991665, sdrt-health/mac:02010b41cdec/antenna/tag/e2806894000050038662154f, 88
1652707578.023029, sdrt-health/mac:02010b41cdec/antenna/tag/e28068940000400386621d4f, 77
1652707578.080383, sdrt-health/mac:02010b41cdec/antenna/tag/e2806894000040038662114f, 85
1652707578.080759, sdrt-health/mac:02010b41cdec/antenna/tag/e2806894000050038662154f, 85
1652707578.103495, sdrt-health/mac:02010b41cdec/antenna/tag/e28068940000400386621d4f, 77
1652707578.153042, sdrt-health/mac:02010b41cdec/antenna/tag/e2806894000050038662154f, 88
1652707578.203471, sdrt-health/mac:02010b41cdec/antenna/tag/e28068940000500386620d4f, 81
1652707578.283384, sdrt-health/mac:02010b41cdec/antenna/tag/e2806894000040038662114f, 91
1652707578.325709, sdrt-health/mac:02010b41cdec/antenna/tag/e2806894000050038662194f, 94
1652707578.38138, sdrt-health/mac:02010b41cdec/antenna/tag/e28068940000500386620d4f, 81
1652707578.381829, sdrt-health/mac:02010b41cdec/antenna/tag/e2806894000050038661fd4f, 86
1652707578.397155, sdrt-health/mac:02010b41cdec/antenna/tag/e28068940000400386621d4f, 90
1652707578.403606, sdrt-health/mac:02010b41cdec/antenna/tag/e2806894000040038661f94f, 84
1652707578.465163, sdrt-health/mac:02010b41cdec/antenna/tag/e2806894000050038662194f, 87
1652707578.528498, sdrt-health/mac:02010b41cdec/antenna/tag/e2806894000050038661fd4f, 83
1652707578.528985, sdrt-health/mac:02010b41cdec/antenna/tag/e2806894000040038661f94f, 84
1652707578.581128, sdrt-health/mac:02010b41cdec/antenna/tag/e28068940000500386620d4f, 93
1652707578.662154, sdrt-health/mac:02010b41cdec/antenna/tag/e2806894000040038662114f, 88
1652707578.662623, sdrt-health/mac:02010b41cdec/antenna/tag/e2806894000050038661fd4f, 83
1652707578.662964, sdrt-health/mac:02010b41cdec/antenna/tag/e28068940000400386621d4f, 96
1652707578.663318, sdrt-health/mac:02010b41cdec/antenna/tag/e2806894000040038661f94f, 88
1652707578.679055, sdrt-health/mac:02010b41cdec/antenna/tag/e2806894000050038661fd4f, 86
1652707578.752885, sdrt-health/mac:02010b41cdec/antenna/tag/e28068940000400386621d4f, 96
1652707578.970252, sdrt-health/mac:02010b41cdec/antenna/tag/e2806894000050038662194f, 81
1652707578.970753, sdrt-health/mac:02010b41cdec/antenna/tag/e2806894000050038661fd4f, 86
1652707578.971166, sdrt-health/mac:02010b41cdec/antenna/tag/e2806894000050038661fd4f, 83
1652707579.039702, sdrt-health/mac:02010b41cdec/antenna/tag/e2806894000050038662154f, 97
1652707579.040232, sdrt-health/mac:02010b41cdec/antenna/tag/e28068940000400386621d4f, 77
1652707579.040662, sdrt-health/mac:02010b41cdec/antenna/tag/e2806894000050038662154f, 91
1652707579.041029, sdrt-health/mac:02010b41cdec/antenna/tag/e28068940000400386621d4f, 77
1652707579.041395, sdrt-health/mac:02010b41cdec/antenna/tag/e2806894000050038662154f, 97
1652707579.041863, sdrt-health/mac:02010b41cdec/antenna/tag/e2806894000040038662114f, 85
1652707579.042351, sdrt-health/mac:02010b41cdec/antenna/tag/e2806894000050038661fd4f, 86
1652707579.042919, sdrt-health/mac:02010b41cdec/antenna/tag/e2806894000050038661fd4f, 86
1652707579.043433, sdrt-health/mac:02010b41cdec/antenna/tag/e2806894000040038662054f, 88
1652707579.043895, sdrt-health/mac:02010b41cdec/antenna/tag/e2806894000040038661f94f, 94
1652707579.044375, sdrt-health/mac:02010b41cdec/antenna/tag/e28068940000400386621d4f, 96
1652707579.044676, sdrt-health/mac:02010b41cdec/antenna/tag/e2806894000050038661fd4f, 86
1652707579.044834, sdrt-health/mac:02010b41cdec/antenna/tag/e28068940000500386620d4f, 87
1652707579.044963, sdrt-health/mac:02010b41cdec/antenna/tag/e2806894000050038661fd4f, 86
1652707579.07658, sdrt-health/mac:02010b41cdec/antenna/tag/e2806894000040038661f94f, 81
1652707579.123583, sdrt-health/mac:02010b41cdec/antenna/tag/e28068940000400386621d4f, 96
1652707579.152968, sdrt-health/mac:02010b41cdec/antenna/tag/e28068940000500386620d4f, 94
1652707579.192314, sdrt-health/mac:02010b41cdec/antenna/tag/e2806894000050038661fd4f, 86
1652707579.221667, sdrt-health/mac:02010b41cdec/antenna/tag/e2806894000050038662154f, 88
1652707579.222153, sdrt-health/mac:02010b41cdec/antenna/tag/e2806894000050038662154f, 88
1652707579.236046, sdrt-health/mac:02010b41cdec/antenna/tag/e2806894000040038662114f, 91
1652707579.29221, sdrt-health/mac:02010b41cdec/antenna/tag/e2806894000050038662194f, 81
1652707579.331617, sdrt-health/mac:02010b41cdec/antenna/tag/e28068940000500386620d4f, 83
1652707579.371314, sdrt-health/mac:02010b41cdec/antenna/tag/e2806894000050038662194f, 81
1652707579.427303, sdrt-health/mac:02010b41cdec/antenna/tag/e28068940000400386621d4f, 90
1652707579.427618, sdrt-health/mac:02010b41cdec/antenna/tag/e2806894000050038661fd4f, 86
1652707579.453242, sdrt-health/mac:02010b41cdec/antenna/tag/e2806894000050038661fd4f, 86
1652707579.637358, sdrt-health/mac:02010b41cdec/antenna/tag/e2806894000050038662154f, 91
1652707579.637706, sdrt-health/mac:02010b41cdec/antenna/tag/e28068940000400386621d4f, 77
1652707579.690792, sdrt-health/mac:02010b41cdec/antenna/tag/e2806894000050038662154f, 97
1652707579.691182, sdrt-health/mac:02010b41cdec/antenna/tag/e2806894000050038662154f, 88
1652707579.691539, sdrt-health/mac:02010b41cdec/antenna/tag/e2806894000050038662154f, 88
1652707579.740254, sdrt-health/mac:02010b41cdec/antenna/tag/e28068940000400386621d4f, 96
1652707579.740477, sdrt-health/mac:02010b41cdec/antenna/tag/e2806894000050038662194f, 94
1652707579.76083, sdrt-health/mac:02010b41cdec/antenna/tag/e2806894000050038662154f, 91
1652707579.791318, sdrt-health/mac:02010b41cdec/antenna/tag/e2806894000050038661fd4f, 86
1652707579.791521, sdrt-health/mac:02010b41cdec/antenna/tag/e2806894000050038662154f, 97
1652707579.79165, sdrt-health/mac:02010b41cdec/antenna/tag/e2806894000050038662194f, 83
1652707579.806347, sdrt-health/mac:02010b41cdec/antenna/tag/e2806894000050038661fd4f, 86
1652707579.842712, sdrt-health/mac:02010b41cdec/antenna/tag/e28068940000400386621d4f, 96
1652707579.881002, sdrt-health/mac:02010b41cdec/antenna/tag/e2806894000050038661fd4f, 86
1652707579.909608, sdrt-health/mac:02010b41cdec/antenna/tag/e2806894000050038662154f, 88
1652707579.909913, sdrt-health/mac:02010b41cdec/antenna/tag/e28068940000400386621d4f, 96
1652707579.924643, sdrt-health/mac:02010b41cdec/antenna/tag/e28068940000400386621d4f, 96
1652707579.960443, sdrt-health/mac:02010b41cdec/antenna/tag/e28068940000400386621d4f, 77
1652707580.040101, sdrt-health/mac:02010b41cdec/antenna/tag/e28068940000400386621d4f, 96
1652707580.040588, sdrt-health/mac:02010b41cdec/antenna/tag/e2806894000040038662114f, 88
1652707580.069758, sdrt-health/mac:02010b41cdec/antenna/tag/e2806894000050038662154f, 88
1652707580.118568, sdrt-health/mac:02010b41cdec/antenna/tag/e2806894000040038661f94f, 84
1652707580.149656, sdrt-health/mac:02010b41cdec/antenna/tag/e2806894000050038662154f, 88
1652707580.149948, sdrt-health/mac:02010b41cdec/antenna/tag/e28068940000400386621d4f, 77
1652707580.1637, sdrt-health/mac:02010b41cdec/antenna/tag/e28068940000500386620d4f, 110
1652707580.164098, sdrt-health/mac:02010b41cdec/antenna/tag/e2806894000040038662114f, 91
1652707580.208744, sdrt-health/mac:02010b41cdec/antenna/tag/e28068940000500386620d4f, 94
1652707580.25271, sdrt-health/mac:02010b41cdec/antenna/tag/e2806894000040038662114f, 88
1652707580.28115, sdrt-health/mac:02010b41cdec/antenna/tag/e2806894000050038662154f, 91
1652707580.281364, sdrt-health/mac:02010b41cdec/antenna/tag/e2806894000040038661f94f, 88
1652707580.295714, sdrt-health/mac:02010b41cdec/antenna/tag/e2806894000040038661f94f, 94
1652707580.331903, sdrt-health/mac:02010b41cdec/antenna/tag/e28068940000500386620d4f, 88
1652707580.372427, sdrt-health/mac:02010b41cdec/antenna/tag/e2806894000040038662114f, 91
1652707580.410938, sdrt-health/mac:02010b41cdec/antenna/tag/e28068940000500386620d4f, 81
1652707580.461425, sdrt-health/mac:02010b41cdec/antenna/tag/e2806894000040038662214f, 81
1652707580.502367, sdrt-health/mac:02010b41cdec/antenna/tag/e2806894000040038662054f, 84
1652707580.542513, sdrt-health/mac:02010b41cdec/antenna/tag/e2806894000040038662214f, 82
1652707580.571078, sdrt-health/mac:02010b41cdec/antenna/tag/e2806894000050038662154f, 85
1652707580.571285, sdrt-health/mac:02010b41cdec/antenna/tag/e28068940000500386620d4f, 87
1652707580.571462, sdrt-health/mac:02010b41cdec/antenna/tag/e2806894000040038662054f, 82
1652707580.598379, sdrt-health/mac:02010b41cdec/antenna/tag/e2806894000040038661f94f, 94
1652707580.621427, sdrt-health/mac:02010b41cdec/antenna/tag/e2806894000050038662154f, 88
1652707580.7474, sdrt-health/mac:02010b41cdec/antenna/tag/e28068940000400386621d4f, 77
1652707580.747612, sdrt-health/mac:02010b41cdec/antenna/tag/e28068940000500386620d4f, 94
1652707580.762235, sdrt-health/mac:02010b41cdec/antenna/tag/e2806894000050038662154f, 88
1652707580.801968, sdrt-health/mac:02010b41cdec/antenna/tag/e28068940000500386620d4f, 83
1652707580.830705, sdrt-health/mac:02010b41cdec/antenna/tag/e2806894000050038662194f, 81
1652707580.830917, sdrt-health/mac:02010b41cdec/antenna/tag/e2806894000050038661fd4f, 86
1652707580.892168, sdrt-health/mac:02010b41cdec/antenna/tag/e2806894000050038662154f, 88
1652707580.962105, sdrt-health/mac:02010b41cdec/antenna/tag/e2806894000040038662114f, 97
1652707580.994343, sdrt-health/mac:02010b41cdec/antenna/tag/e2806894000050038661fd4f, 90
1652707580.99454, sdrt-health/mac:02010b41cdec/antenna/tag/e28068940000500386620d4f, 94
1652707581.008962, sdrt-health/mac:02010b41cdec/antenna/tag/e2806894000040038662214f, 94
1652707581.009176, sdrt-health/mac:02010b41cdec/antenna/tag/e2806894000040038662054f, 84
1652707581.009302, sdrt-health/mac:02010b41cdec/antenna/tag/e2806894000040038662114f, 88
1652707581.009411, sdrt-health/mac:02010b41cdec/antenna/tag/e2806894000050038662154f, 85
1652707581.041717, sdrt-health/mac:02010b41cdec/antenna/tag/e28068940000400386621d4f, 77
1652707581.080882, sdrt-health/mac:02010b41cdec/antenna/tag/e2806894000040038662054f, 94
1652707581.138755, sdrt-health/mac:02010b41cdec/antenna/tag/e28068940000500386620d4f, 81
1652707581.139257, sdrt-health/mac:02010b41cdec/antenna/tag/e28068940000400386621d4f, 77
1652707581.153536, sdrt-health/mac:02010b41cdec/antenna/tag/e2806894000050038662154f, 91
1652707581.160942, sdrt-health/mac:02010b41cdec/antenna/tag/e2806894000040038662114f, 88
1652707581.168164, sdrt-health/mac:02010b41cdec/antenna/tag/e2806894000040038662114f, 88
1652707581.199955, sdrt-health/mac:02010b41cdec/antenna/tag/e2806894000040038662114f, 88
1652707581.270884, sdrt-health/mac:02010b41cdec/antenna/tag/e2806894000050038662154f, 91
1652707581.310173, sdrt-health/mac:02010b41cdec/antenna/tag/e2806894000040038662114f, 88
1652707581.350656, sdrt-health/mac:02010b41cdec/antenna/tag/e2806894000050038661fd4f, 86
1652707581.400952, sdrt-health/mac:02010b41cdec/antenna/tag/e2806894000050038662154f, 85
1652707581.44121, sdrt-health/mac:02010b41cdec/antenna/tag/e2806894000050038661fd4f, 83
1652707581.515786, sdrt-health/mac:02010b41cdec/antenna/tag/e2806894000040038662214f, 81
1652707581.516232, sdrt-health/mac:02010b41cdec/antenna/tag/e2806894000050038662154f, 91
1652707581.541503, sdrt-health/mac:02010b41cdec/antenna/tag/e2806894000040038662114f, 88
1652707581.594264, sdrt-health/mac:02010b41cdec/antenna/tag/e2806894000050038661fd4f, 86
1652707581.633252, sdrt-health/mac:02010b41cdec/antenna/tag/e28068940000500386620d4f, 83
1652707581.67146, sdrt-health/mac:02010b41cdec/antenna/tag/e2806894000050038661fd4f, 90
1652707581.71948, sdrt-health/mac:02010b41cdec/antenna/tag/e2806894000050038661fd4f, 90
1652707581.76146, sdrt-health/mac:02010b41cdec/antenna/tag/e28068940000400386621d4f, 96
1652707581.802289, sdrt-health/mac:02010b41cdec/antenna/tag/e28068940000500386620d4f, 88
1652707581.841306, sdrt-health/mac:02010b41cdec/antenna/tag/e28068940000500386620d4f, 83
1652707581.935662, sdrt-health/mac:02010b41cdec/antenna/tag/e28068940000400386621d4f, 96
1652707581.937495, sdrt-health/mac:02010b41cdec/antenna/tag/e28068940000500386620d4f, 83
1652707581.9616, sdrt-health/mac:02010b41cdec/antenna/tag/e2806894000050038662194f, 83
1652707582.000873, sdrt-health/mac:02010b41cdec/antenna/tag/e2806894000040038662114f, 88
1652707582.055303, sdrt-health/mac:02010b41cdec/antenna/tag/e2806894000050038662194f, 94
1652707582.055775, sdrt-health/mac:02010b41cdec/antenna/tag/e2806894000040038662114f, 88
1652707582.069409, sdrt-health/mac:02010b41cdec/antenna/tag/e2806894000050038661fd4f, 90
1652707582.081536, sdrt-health/mac:02010b41cdec/antenna/tag/e28068940000400386621d4f, 77
1652707582.083869, sdrt-health/mac:02010b41cdec/antenna/tag/e28068940000500386620d4f, 83
1652707582.124125, sdrt-health/mac:02010b41cdec/antenna/tag/e2806894000050038662154f, 91
1652707582.175968, sdrt-health/mac:02010b41cdec/antenna/tag/e28068940000500386620d4f, 81
1652707582.176467, sdrt-health/mac:02010b41cdec/antenna/tag/e28068940000500386620d4f, 83
1652707582.190397, sdrt-health/mac:02010b41cdec/antenna/tag/e2806894000050038662154f, 91
1652707582.202607, sdrt-health/mac:02010b41cdec/antenna/tag/e2806894000050038662154f, 91
1652707582.204632, sdrt-health/mac:02010b41cdec/antenna/tag/e28068940000400386621d4f, 96
1652707582.281381, sdrt-health/mac:02010b41cdec/antenna/tag/e2806894000040038662214f, 94
1652707582.321817, sdrt-health/mac:02010b41cdec/antenna/tag/e2806894000040038662114f, 88
1652707582.376413, sdrt-health/mac:02010b41cdec/antenna/tag/e2806894000050038661fd4f, 83
1652707582.376923, sdrt-health/mac:02010b41cdec/antenna/tag/e2806894000040038662214f, 81
1652707582.400615, sdrt-health/mac:02010b41cdec/antenna/tag/e2806894000040038662114f, 85
1652707582.440933, sdrt-health/mac:02010b41cdec/antenna/tag/e28068940000500386620d4f, 81
1652707582.495693, sdrt-health/mac:02010b41cdec/antenna/tag/e2806894000040038661f94f, 83
1652707582.496238, sdrt-health/mac:02010b41cdec/antenna/tag/e2806894000050038662194f, 84
1652707582.524413, sdrt-health/mac:02010b41cdec/antenna/tag/e2806894000040038662114f, 88
1652707582.562302, sdrt-health/mac:02010b41cdec/antenna/tag/e2806894000040038662114f, 85
1652707582.616652, sdrt-health/mac:02010b41cdec/antenna/tag/e2806894000050038662194f, 84
1652707582.617225, sdrt-health/mac:02010b41cdec/antenna/tag/e28068940000400386621d4f, 77
1652707582.630615, sdrt-health/mac:02010b41cdec/antenna/tag/e2806894000050038662154f, 91
1652707582.708065, sdrt-health/mac:02010b41cdec/antenna/tag/e28068940000500386620d4f, 94
1652707582.761136, sdrt-health/mac:02010b41cdec/antenna/tag/e2806894000040038662114f, 91
1652707582.86604, sdrt-health/mac:02010b41cdec/antenna/tag/e2806894000050038661fd4f, 86
1652707582.866508, sdrt-health/mac:02010b41cdec/antenna/tag/e2806894000040038661f94f, 94
1652707582.921861, sdrt-health/mac:02010b41cdec/antenna/tag/e28068940000400386621d4f, 96
1652707582.922272, sdrt-health/mac:02010b41cdec/antenna/tag/e2806894000040038662114f, 97
1652707582.922492, sdrt-health/mac:02010b41cdec/antenna/tag/e2806894000050038662154f, 85
1652707582.967887, sdrt-health/mac:02010b41cdec/antenna/tag/e2806894000040038662114f, 88
1652707583.103904, sdrt-health/mac:02010b41cdec/antenna/tag/e28068940000500386620d4f, 87
1652707583.104364, sdrt-health/mac:02010b41cdec/antenna/tag/e2806894000050038662194f, 81
1652707583.104702, sdrt-health/mac:02010b41cdec/antenna/tag/e2806894000050038662154f, 88
1652707583.128763, sdrt-health/mac:02010b41cdec/antenna/tag/e2806894000040038662114f, 97
1652707583.159817, sdrt-health/mac:02010b41cdec/antenna/tag/e2806894000050038661fd4f, 86
1652707583.160121, sdrt-health/mac:02010b41cdec/antenna/tag/e28068940000500386620d4f, 81
1652707583.173638, sdrt-health/mac:02010b41cdec/antenna/tag/e2806894000050038662154f, 91
1652707583.21081, sdrt-health/mac:02010b41cdec/antenna/tag/e2806894000050038662154f, 91
1652707583.251232, sdrt-health/mac:02010b41cdec/antenna/tag/e2806894000040038662114f, 88
1652707583.33329, sdrt-health/mac:02010b41cdec/antenna/tag/e2806894000050038662194f, 81
1652707583.502886, sdrt-health/mac:02010b41cdec/antenna/tag/e2806894000050038661fd4f, 90
1652707583.543308, sdrt-health/mac:02010b41cdec/antenna/tag/e28068940000400386621d4f, 96
1652707583.592961, sdrt-health/mac:02010b41cdec/antenna/tag/e28068940000500386620d4f, 81
1652707583.593352, sdrt-health/mac:02010b41cdec/antenna/tag/e28068940000500386620d4f, 83
1652707583.608065, sdrt-health/mac:02010b41cdec/antenna/tag/e28068940000400386621d4f, 96
1652707583.621265, sdrt-health/mac:02010b41cdec/antenna/tag/e28068940000400386621d4f, 96
1652707583.661307, sdrt-health/mac:02010b41cdec/antenna/tag/e2806894000040038662214f, 82
1652707583.717786, sdrt-health/mac:02010b41cdec/antenna/tag/e2806894000050038662154f, 85
1652707583.718465, sdrt-health/mac:02010b41cdec/antenna/tag/e2806894000040038661f94f, 94
1652707583.718864, sdrt-health/mac:02010b41cdec/antenna/tag/e2806894000050038661fd4f, 83
1652707583.741747, sdrt-health/mac:02010b41cdec/antenna/tag/e2806894000050038661fd4f, 86
1652707583.781653, sdrt-health/mac:02010b41cdec/antenna/tag/e2806894000050038662154f, 85
1652707583.82079, sdrt-health/mac:02010b41cdec/antenna/tag/e2806894000050038662154f, 88
1652707583.868571, sdrt-health/mac:02010b41cdec/antenna/tag/e2806894000050038662194f, 81
1652707583.869094, sdrt-health/mac:02010b41cdec/antenna/tag/e2806894000050038661fd4f, 83
1652707583.911569, sdrt-health/mac:02010b41cdec/antenna/tag/e28068940000400386621d4f, 96
1652707583.965202, sdrt-health/mac:02010b41cdec/antenna/tag/e28068940000500386620d4f, 81
1652707583.965615, sdrt-health/mac:02010b41cdec/antenna/tag/e2806894000040038662214f, 94
1652707583.990993, sdrt-health/mac:02010b41cdec/antenna/tag/e28068940000500386620d4f, 83
1652707584.030052, sdrt-health/mac:02010b41cdec/antenna/tag/e2806894000050038662154f, 88
1652707584.030378, sdrt-health/mac:02010b41cdec/antenna/tag/e2806894000050038662194f, 88
1652707584.04512, sdrt-health/mac:02010b41cdec/antenna/tag/e28068940000500386620d4f, 83
1652707584.070784, sdrt-health/mac:02010b41cdec/antenna/tag/e2806894000050038662194f, 94
1652707584.110634, sdrt-health/mac:02010b41cdec/antenna/tag/e2806894000040038662114f, 88
1652707584.151616, sdrt-health/mac:02010b41cdec/antenna/tag/e2806894000050038662154f, 85
1652707584.214219, sdrt-health/mac:02010b41cdec/antenna/tag/e2806894000050038661fd4f, 86
1652707584.214793, sdrt-health/mac:02010b41cdec/antenna/tag/e28068940000500386620d4f, 81
1652707584.228365, sdrt-health/mac:02010b41cdec/antenna/tag/e2806894000050038662194f, 94
1652707584.228614, sdrt-health/mac:02010b41cdec/antenna/tag/e2806894000050038662194f, 94
1652707584.228791, sdrt-health/mac:02010b41cdec/antenna/tag/e2806894000040038662114f, 88
1652707584.25186, sdrt-health/mac:02010b41cdec/antenna/tag/e2806894000050038662154f, 88
1652707584.306403, sdrt-health/mac:02010b41cdec/antenna/tag/e2806894000050038661fd4f, 86
1652707584.306846, sdrt-health/mac:02010b41cdec/antenna/tag/e28068940000400386621d4f, 96
1652707584.331739, sdrt-health/mac:02010b41cdec/antenna/tag/e2806894000050038661fd4f, 86
1652707584.413137, sdrt-health/mac:02010b41cdec/antenna/tag/e2806894000050038661fd4f, 86
1652707584.474904, sdrt-health/mac:02010b41cdec/antenna/tag/e2806894000050038662154f, 88
1652707584.511142, sdrt-health/mac:02010b41cdec/antenna/tag/e2806894000050038661fd4f, 83
1652707584.552195, sdrt-health/mac:02010b41cdec/antenna/tag/e2806894000050038662194f, 81
1652707584.657781, sdrt-health/mac:02010b41cdec/antenna/tag/e28068940000500386620d4f, 87
1652707584.658281, sdrt-health/mac:02010b41cdec/antenna/tag/e2806894000050038662154f, 88
1652707584.728702, sdrt-health/mac:02010b41cdec/antenna/tag/e28068940000400386621d4f, 96
1652707584.757758, sdrt-health/mac:02010b41cdec/antenna/tag/e2806894000040038662114f, 91
1652707584.758053, sdrt-health/mac:02010b41cdec/antenna/tag/e2806894000050038662154f, 97
1652707584.783044, sdrt-health/mac:02010b41cdec/antenna/tag/e2806894000040038662114f, 91
1652707584.831155, sdrt-health/mac:02010b41cdec/antenna/tag/e2806894000040038662114f, 91
1652707584.872225, sdrt-health/mac:02010b41cdec/antenna/tag/e2806894000050038661fd4f, 86
1652707584.912309, sdrt-health/mac:02010b41cdec/antenna/tag/e2806894000040038662114f, 88
1652707584.951399, sdrt-health/mac:02010b41cdec/antenna/tag/e2806894000050038662194f, 88
1652707584.991074, sdrt-health/mac:02010b41cdec/antenna/tag/e28068940000400386621d4f, 96
1652707585.092, sdrt-health/mac:02010b41cdec/antenna/tag/e2806894000040038661f94f, 94
1652707585.159421, sdrt-health/mac:02010b41cdec/antenna/tag/e2806894000050038662194f, 81
1652707585.22375, sdrt-health/mac:02010b41cdec/antenna/tag/e28068940000500386620d4f, 85
1652707585.22424, sdrt-health/mac:02010b41cdec/antenna/tag/e2806894000050038661fd4f, 83
1652707585.237818, sdrt-health/mac:02010b41cdec/antenna/tag/e2806894000050038662194f, 81
1652707585.267048, sdrt-health/mac:02010b41cdec/antenna/tag/e28068940000400386621d4f, 96
1652707585.2674, sdrt-health/mac:02010b41cdec/antenna/tag/e2806894000040038662114f, 85
1652707585.291737, sdrt-health/mac:02010b41cdec/antenna/tag/e2806894000040038662114f, 88
1652707585.321405, sdrt-health/mac:02010b41cdec/antenna/tag/e2806894000050038661fd4f, 86
1652707585.321807, sdrt-health/mac:02010b41cdec/antenna/tag/e28068940000400386621d4f, 96
1652707585.336561, sdrt-health/mac:02010b41cdec/antenna/tag/e28068940000400386621d4f, 96
1652707585.33714, sdrt-health/mac:02010b41cdec/antenna/tag/e2806894000050038662154f, 91
1652707585.401355, sdrt-health/mac:02010b41cdec/antenna/tag/e28068940000500386620d4f, 93
1652707585.440273, sdrt-health/mac:02010b41cdec/antenna/tag/e2806894000050038662194f, 81
1652707585.496342, sdrt-health/mac:02010b41cdec/antenna/tag/e28068940000400386621d4f, 77
1652707585.496545, sdrt-health/mac:02010b41cdec/antenna/tag/e2806894000050038662154f, 88
1652707585.521328, sdrt-health/mac:02010b41cdec/antenna/tag/e2806894000050038661fd4f, 86
1652707585.561073, sdrt-health/mac:02010b41cdec/antenna/tag/e2806894000040038662114f, 88
1652707585.610045, sdrt-health/mac:02010b41cdec/antenna/tag/e28068940000500386620d4f, 83
1652707585.662404, sdrt-health/mac:02010b41cdec/antenna/tag/e2806894000040038662054f, 88
1652707585.711328, sdrt-health/mac:02010b41cdec/antenna/tag/e2806894000050038661fd4f, 86
1652707585.751279, sdrt-health/mac:02010b41cdec/antenna/tag/e28068940000500386620d4f, 83
1652707585.79254, sdrt-health/mac:02010b41cdec/antenna/tag/e2806894000050038662194f, 87
1652707585.832977, sdrt-health/mac:02010b41cdec/antenna/tag/e2806894000050038662154f, 97
1652707585.871038, sdrt-health/mac:02010b41cdec/antenna/tag/e2806894000050038662194f, 81
1652707585.911653, sdrt-health/mac:02010b41cdec/antenna/tag/e2806894000050038661fd4f, 86
1652707585.950852, sdrt-health/mac:02010b41cdec/antenna/tag/e2806894000050038661fd4f, 83
1652707586.005044, sdrt-health/mac:02010b41cdec/antenna/tag/e28068940000400386621d4f, 96
1652707586.0056, sdrt-health/mac:02010b41cdec/antenna/tag/e2806894000050038661fd4f, 86
1652707586.020525, sdrt-health/mac:02010b41cdec/antenna/tag/e2806894000040038662114f, 85
1652707586.03013, sdrt-health/mac:02010b41cdec/antenna/tag/e28068940000500386620d4f, 94
1652707586.033888, sdrt-health/mac:02010b41cdec/antenna/tag/e2806894000050038662154f, 97
1652707586.071861, sdrt-health/mac:02010b41cdec/antenna/tag/e2806894000050038661fd4f, 83
1652707586.104251, sdrt-health/mac:02010b41cdec/antenna/tag/e2806894000050038662154f, 88
1652707586.104635, sdrt-health/mac:02010b41cdec/antenna/tag/e28068940000500386620d4f, 81
1652707586.11865, sdrt-health/mac:02010b41cdec/antenna/tag/e2806894000040038662114f, 88
1652707586.152539, sdrt-health/mac:02010b41cdec/antenna/tag/e28068940000400386621d4f, 96
1652707586.205321, sdrt-health/mac:02010b41cdec/antenna/tag/e2806894000050038661fd4f, 86
1652707586.20581, sdrt-health/mac:02010b41cdec/antenna/tag/e2806894000050038662194f, 81
1652707586.231106, sdrt-health/mac:02010b41cdec/antenna/tag/e2806894000050038662194f, 88
1652707586.279639, sdrt-health/mac:02010b41cdec/antenna/tag/e28068940000400386621d4f, 77
1652707586.308608, sdrt-health/mac:02010b41cdec/antenna/tag/e2806894000050038662154f, 91
1652707586.309041, sdrt-health/mac:02010b41cdec/antenna/tag/e2806894000040038662114f, 85
1652707586.32298, sdrt-health/mac:02010b41cdec/antenna/tag/e28068940000500386620d4f, 87
1652707586.369696, sdrt-health/mac:02010b41cdec/antenna/tag/e28068940000500386620d4f, 83
1652707586.41167, sdrt-health/mac:02010b41cdec/antenna/tag/e28068940000500386620d4f, 93
1652707586.471142, sdrt-health/mac:02010b41cdec/antenna/tag/e2806894000050038662154f, 88
1652707586.510629, sdrt-health/mac:02010b41cdec/antenna/tag/e2806894000050038661fd4f, 83
1652707586.596023, sdrt-health/mac:02010b41cdec/antenna/tag/e2806894000040038662114f, 85
1652707586.596492, sdrt-health/mac:02010b41cdec/antenna/tag/e28068940000400386621d4f, 77
1652707586.60889, sdrt-health/mac:02010b41cdec/antenna/tag/e2806894000050038662154f, 88
1652707586.636286, sdrt-health/mac:02010b41cdec/antenna/tag/e28068940000400386621d4f, 77
1652707586.6366, sdrt-health/mac:02010b41cdec/antenna/tag/e2806894000040038661f94f, 81
1652707586.660646, sdrt-health/mac:02010b41cdec/antenna/tag/e2806894000040038662114f, 88
1652707586.699415, sdrt-health/mac:02010b41cdec/antenna/tag/e2806894000040038661f94f, 84
1652707586.742516, sdrt-health/mac:02010b41cdec/antenna/tag/e2806894000040038662114f, 91
1652707586.77992, sdrt-health/mac:02010b41cdec/antenna/tag/e28068940000500386620d4f, 88
1652707586.820964, sdrt-health/mac:02010b41cdec/antenna/tag/e2806894000050038662154f, 91
1652707586.862449, sdrt-health/mac:02010b41cdec/antenna/tag/e2806894000050038662154f, 88
1652707586.933783, sdrt-health/mac:02010b41cdec/antenna/tag/e2806894000050038661fd4f, 86
1652707586.963639, sdrt-health/mac:02010b41cdec/antenna/tag/e2806894000050038662154f, 88
1652707587.035989, sdrt-health/mac:02010b41cdec/antenna/tag/e28068940000500386620d4f, 81
1652707587.036513, sdrt-health/mac:02010b41cdec/antenna/tag/e2806894000040038662214f, 88
1652707587.067319, sdrt-health/mac:02010b41cdec/antenna/tag/e28068940000500386620d4f, 83
1652707587.067733, sdrt-health/mac:02010b41cdec/antenna/tag/e2806894000050038662154f, 88
1652707587.068072, sdrt-health/mac:02010b41cdec/antenna/tag/e2806894000040038662114f, 91
1652707587.089524, sdrt-health/mac:02010b41cdec/antenna/tag/e2806894000040038662114f, 88
1652707587.128964, sdrt-health/mac:02010b41cdec/antenna/tag/e28068940000500386620d4f, 83
1652707587.129292, sdrt-health/mac:02010b41cdec/antenna/tag/e2806894000050038661fd4f, 86
1652707587.15462, sdrt-health/mac:02010b41cdec/antenna/tag/e2806894000050038661fd4f, 86
1652707587.202482, sdrt-health/mac:02010b41cdec/antenna/tag/e28068940000400386621d4f, 96
1652707587.203154, sdrt-health/mac:02010b41cdec/antenna/tag/e2806894000050038662154f, 91
1652707587.20375, sdrt-health/mac:02010b41cdec/antenna/tag/e28068940000400386621d4f, 96
1652707587.230621, sdrt-health/mac:02010b41cdec/antenna/tag/e28068940000400386621d4f, 96
1652707587.326994, sdrt-health/mac:02010b41cdec/antenna/tag/e2806894000050038662194f, 83
1652707587.327443, sdrt-health/mac:02010b41cdec/antenna/tag/e2806894000050038662154f, 91
1652707587.360638, sdrt-health/mac:02010b41cdec/antenna/tag/e28068940000500386620d4f, 81
1652707587.400981, sdrt-health/mac:02010b41cdec/antenna/tag/e2806894000050038661fd4f, 90
1652707587.442502, sdrt-health/mac:02010b41cdec/antenna/tag/e28068940000500386620d4f, 81
1652707587.495046, sdrt-health/mac:02010b41cdec/antenna/tag/e28068940000500386620d4f, 81
1652707587.495492, sdrt-health/mac:02010b41cdec/antenna/tag/e2806894000040038662214f, 81
1652707587.522658, sdrt-health/mac:02010b41cdec/antenna/tag/e2806894000040038662054f, 82
1652707587.576984, sdrt-health/mac:02010b41cdec/antenna/tag/e2806894000040038662214f, 88
1652707587.577492, sdrt-health/mac:02010b41cdec/antenna/tag/e28068940000400386621d4f, 96
1652707587.600943, sdrt-health/mac:02010b41cdec/antenna/tag/e2806894000040038662114f, 88
1652707587.640531, sdrt-health/mac:02010b41cdec/antenna/tag/e2806894000050038662194f, 81
1652707587.696218, sdrt-health/mac:02010b41cdec/antenna/tag/e28068940000400386621d4f, 96
1652707587.696734, sdrt-health/mac:02010b41cdec/antenna/tag/e2806894000050038662154f, 97
1652707587.782066, sdrt-health/mac:02010b41cdec/antenna/tag/e2806894000050038662194f, 81
1652707587.821967, sdrt-health/mac:02010b41cdec/antenna/tag/e28068940000400386621d4f, 77
1652707587.875687, sdrt-health/mac:02010b41cdec/antenna/tag/e2806894000050038661fd4f, 86
1652707587.876115, sdrt-health/mac:02010b41cdec/antenna/tag/e2806894000050038662154f, 85
1652707587.901785, sdrt-health/mac:02010b41cdec/antenna/tag/e2806894000040038662214f, 88
1652707587.950039, sdrt-health/mac:02010b41cdec/antenna/tag/e2806894000040038662114f, 88
1652707588.015379, sdrt-health/mac:02010b41cdec/antenna/tag/e2806894000040038662214f, 94
1652707588.015919, sdrt-health/mac:02010b41cdec/antenna/tag/e2806894000050038661fd4f, 86
1652707588.041886, sdrt-health/mac:02010b41cdec/antenna/tag/e2806894000040038662114f, 88
1652707588.105491, sdrt-health/mac:02010b41cdec/antenna/tag/e2806894000050038662154f, 91
1652707588.106115, sdrt-health/mac:02010b41cdec/antenna/tag/e2806894000050038661fd4f, 86
1652707588.140724, sdrt-health/mac:02010b41cdec/antenna/tag/e2806894000050038662154f, 88
1652707588.181293, sdrt-health/mac:02010b41cdec/antenna/tag/e28068940000500386620d4f, 81
1652707588.219416, sdrt-health/mac:02010b41cdec/antenna/tag/e2806894000050038661fd4f, 90
1652707588.270462, sdrt-health/mac:02010b41cdec/antenna/tag/e28068940000500386620d4f, 81
1652707588.310956, sdrt-health/mac:02010b41cdec/antenna/tag/e2806894000040038662114f, 88
1652707588.367426, sdrt-health/mac:02010b41cdec/antenna/tag/e2806894000050038662154f, 91
1652707588.367918, sdrt-health/mac:02010b41cdec/antenna/tag/e28068940000500386620d4f, 83
1652707588.381829, sdrt-health/mac:02010b41cdec/antenna/tag/e2806894000040038662114f, 88
1652707588.451977, sdrt-health/mac:02010b41cdec/antenna/tag/e2806894000040038662054f, 94
1652707588.600415, sdrt-health/mac:02010b41cdec/antenna/tag/e2806894000050038662154f, 88
1652707588.600933, sdrt-health/mac:02010b41cdec/antenna/tag/e2806894000050038661fd4f, 90
1652707588.641352, sdrt-health/mac:02010b41cdec/antenna/tag/e28068940000400386621d4f, 96
1652707588.679893, sdrt-health/mac:02010b41cdec/antenna/tag/e28068940000400386621d4f, 96
1652707588.722314, sdrt-health/mac:02010b41cdec/antenna/tag/e2806894000050038662154f, 91
1652707588.775652, sdrt-health/mac:02010b41cdec/antenna/tag/e2806894000050038661fd4f, 86
1652707588.776167, sdrt-health/mac:02010b41cdec/antenna/tag/e28068940000400386621d4f, 96
1652707588.841592, sdrt-health/mac:02010b41cdec/antenna/tag/e28068940000400386621d4f, 96
1652707588.881568, sdrt-health/mac:02010b41cdec/antenna/tag/e2806894000040038662114f, 88
1652707588.920866, sdrt-health/mac:02010b41cdec/antenna/tag/e2806894000040038662214f, 94
1652707588.975239, sdrt-health/mac:02010b41cdec/antenna/tag/e28068940000400386621d4f, 96
1652707588.97574, sdrt-health/mac:02010b41cdec/antenna/tag/e2806894000040038661f94f, 94
1652707588.989142, sdrt-health/mac:02010b41cdec/antenna/tag/e28068940000500386620d4f, 83
1652707589.000281, sdrt-health/mac:02010b41cdec/antenna/tag/e2806894000050038662194f, 84
1652707589.003204, sdrt-health/mac:02010b41cdec/antenna/tag/e28068940000500386620d4f, 81
1652707589.042746, sdrt-health/mac:02010b41cdec/antenna/tag/e2806894000040038662114f, 88
1652707589.080904, sdrt-health/mac:02010b41cdec/antenna/tag/e2806894000050038662154f, 83
1652707589.135503, sdrt-health/mac:02010b41cdec/antenna/tag/e2806894000050038661fd4f, 83
1652707589.136016, sdrt-health/mac:02010b41cdec/antenna/tag/e28068940000400386621d4f, 77
1652707589.159745, sdrt-health/mac:02010b41cdec/antenna/tag/e2806894000050038662194f, 81
1652707589.201742, sdrt-health/mac:02010b41cdec/antenna/tag/e28068940000400386621d4f, 77
1652707589.250934, sdrt-health/mac:02010b41cdec/antenna/tag/e2806894000040038662114f, 91
1652707589.306391, sdrt-health/mac:02010b41cdec/antenna/tag/e2806894000050038662154f, 91
1652707589.306942, sdrt-health/mac:02010b41cdec/antenna/tag/e2806894000050038661fd4f, 90
1652707589.361333, sdrt-health/mac:02010b41cdec/antenna/tag/e2806894000050038662194f, 81
1652707589.401333, sdrt-health/mac:02010b41cdec/antenna/tag/e2806894000040038662114f, 83
1652707589.44042, sdrt-health/mac:02010b41cdec/antenna/tag/e2806894000040038662114f, 88
1652707589.486179, sdrt-health/mac:02010b41cdec/antenna/tag/e2806894000050038661fd4f, 86
1652707589.571212, sdrt-health/mac:02010b41cdec/antenna/tag/e28068940000400386621d4f, 96
1652707589.611044, sdrt-health/mac:02010b41cdec/antenna/tag/e2806894000050038662154f, 91
1652707589.651815, sdrt-health/mac:02010b41cdec/antenna/tag/e28068940000400386621d4f, 96
1652707589.682202, sdrt-health/mac:02010b41cdec/antenna/tag/e2806894000040038662114f, 91
1652707589.68252, sdrt-health/mac:02010b41cdec/antenna/tag/e2806894000050038661fd4f, 86
1652707589.696585, sdrt-health/mac:02010b41cdec/antenna/tag/e2806894000050038661fd4f, 86
1652707589.730807, sdrt-health/mac:02010b41cdec/antenna/tag/e2806894000050038662154f, 88
1652707589.770669, sdrt-health/mac:02010b41cdec/antenna/tag/e28068940000400386621d4f, 96
1652707589.823214, sdrt-health/mac:02010b41cdec/antenna/tag/e2806894000050038661fd4f, 86
1652707589.861652, sdrt-health/mac:02010b41cdec/antenna/tag/e2806894000050038662154f, 85
1652707589.900783, sdrt-health/mac:02010b41cdec/antenna/tag/e28068940000500386620d4f, 83
1652707589.965713, sdrt-health/mac:02010b41cdec/antenna/tag/e2806894000050038662154f, 88
1652707589.966158, sdrt-health/mac:02010b41cdec/antenna/tag/e2806894000050038662194f, 94
1652707590.082656, sdrt-health/mac:02010b41cdec/antenna/tag/e2806894000040038662214f, 84
1652707590.151829, sdrt-health/mac:02010b41cdec/antenna/tag/e28068940000400386621d4f, 96
1652707590.189965, sdrt-health/mac:02010b41cdec/antenna/tag/e28068940000500386620d4f, 81
1652707590.24771, sdrt-health/mac:02010b41cdec/antenna/tag/e2806894000050038661fd4f, 83
1652707590.248083, sdrt-health/mac:02010b41cdec/antenna/tag/e2806894000040038661f94f, 97
1652707590.270412, sdrt-health/mac:02010b41cdec/antenna/tag/e2806894000050038662194f, 84
1652707590.32958, sdrt-health/mac:02010b41cdec/antenna/tag/e28068940000500386620d4f, 87
1652707590.330073, sdrt-health/mac:02010b41cdec/antenna/tag/e2806894000050038661fd4f, 86
1652707590.361788, sdrt-health/mac:02010b41cdec/antenna/tag/e28068940000400386621d4f, 96
1652707590.392997, sdrt-health/mac:02010b41cdec/antenna/tag/e2806894000040038662114f, 88
1652707590.393294, sdrt-health/mac:02010b41cdec/antenna/tag/e2806894000040038661f94f, 88
1652707590.409638, sdrt-health/mac:02010b41cdec/antenna/tag/e2806894000050038662194f, 94
1652707590.492709, sdrt-health/mac:02010b41cdec/antenna/tag/e2806894000040038662114f, 91
1652707590.53167, sdrt-health/mac:02010b41cdec/antenna/tag/e2806894000050038662154f, 88
1652707590.601465, sdrt-health/mac:02010b41cdec/antenna/tag/e2806894000050038662194f, 81
1652707590.641175, sdrt-health/mac:02010b41cdec/antenna/tag/e2806894000050038662154f, 85
1652707590.682427, sdrt-health/mac:02010b41cdec/antenna/tag/e2806894000040038661f94f, 82
1652707590.756831, sdrt-health/mac:02010b41cdec/antenna/tag/e2806894000040038662114f, 88
1652707590.757427, sdrt-health/mac:02010b41cdec/antenna/tag/e2806894000040038661f94f, 82
1652707590.771277, sdrt-health/mac:02010b41cdec/antenna/tag/e28068940000500386620d4f, 81
1652707590.878894, sdrt-health/mac:02010b41cdec/antenna/tag/e28068940000400386621d4f, 96
1652707590.907949, sdrt-health/mac:02010b41cdec/antenna/tag/e28068940000500386620d4f, 94
1652707590.908237, sdrt-health/mac:02010b41cdec/antenna/tag/e2806894000040038662114f, 88
1652707590.908443, sdrt-health/mac:02010b41cdec/antenna/tag/e2806894000050038662154f, 88
1652707590.90865, sdrt-health/mac:02010b41cdec/antenna/tag/e28068940000500386620d4f, 81
1652707590.929822, sdrt-health/mac:02010b41cdec/antenna/tag/e2806894000040038662114f, 97
1652707591.154359, sdrt-health/mac:02010b41cdec/antenna/tag/e2806894000050038662194f, 83
1652707591.154892, sdrt-health/mac:02010b41cdec/antenna/tag/scan, scan stopped
