1652707975.507666, sdrt-health/mac:02010b41cdec/antenna/power/set, {"power": 280}
1652707976.63247, sdrt-health/mac:02010b41cdec/antenna/power/set, 
1652707980.529122, sdrt-health/mac:02010b41cdec/antenna/tag/scan, {"time": 20000}
1652707980.910327, sdrt-health/mac:02010b41cdec/antenna/tag/e28068940000400386621d4f, 96
1652707980.951043, sdrt-health/mac:02010b41cdec/antenna/tag/e2806894000050038662154f, 85
1652707981.004386, sdrt-health/mac:02010b41cdec/antenna/tag/e2806894000050038661fd4f, 86
1652707981.004866, sdrt-health/mac:02010b41cdec/antenna/tag/e28068940000400386621d4f, 90
1652707981.019559, sdrt-health/mac:02010b41cdec/antenna/tag/e2806894000050038662154f, 91
1652707981.029388, sdrt-health/mac:02010b41cdec/antenna/tag/e2806894000050038661fd4f, 83
1652707981.034938, sdrt-health/mac:02010b41cdec/antenna/tag/e2806894000050038662154f, 85
1652707981.068499, sdrt-health/mac:02010b41cdec/antenna/tag/e28068940000400386621d4f, 96
1652707981.12491, sdrt-health/mac:02010b41cdec/antenna/tag/e2806894000040038662214f, 81
1652707981.125868, sdrt-health/mac:02010b41cdec/antenna/tag/e2806894000050038661fd4f, 97
1652707981.140539, sdrt-health/mac:02010b41cdec/antenna/tag/e2806894000040038662214f, 81
1652707981.169989, sdrt-health/mac:02010b41cdec/antenna/tag/e28068940000400386621d4f, 96
1652707981.20987, sdrt-health/mac:02010b41cdec/antenna/tag/e28068940000500386620d4f, 83
1652707981.238636, sdrt-health/mac:02010b41cdec/antenna/tag/e28068940000500386620d4f, 87
1652707981.23887, sdrt-health/mac:02010b41cdec/antenna/tag/e2806894000050038662154f, 85
1652707981.254293, sdrt-health/mac:02010b41cdec/antenna/tag/e2806894000050038662154f, 85
1652707981.289153, sdrt-health/mac:02010b41cdec/antenna/tag/e2806894000050038662154f, 85
1652707981.330259, sdrt-health/mac:02010b41cdec/antenna/tag/e2806894000050038661fd4f, 83
1652707981.384792, sdrt-health/mac:02010b41cdec/antenna/tag/e2806894000050038661fd4f, 86
1652707981.385203, sdrt-health/mac:02010b41cdec/antenna/tag/e28068940000400386621d4f, 96
1652707981.399146, sdrt-health/mac:02010b41cdec/antenna/tag/e28068940000500386620d4f, 81
1652707981.427457, sdrt-health/mac:02010b41cdec/antenna/tag/e28068940000500386620d4f, 88
1652707981.427712, sdrt-health/mac:02010b41cdec/antenna/tag/e28068940000500386620d4f, 83
1652707981.450379, sdrt-health/mac:02010b41cdec/antenna/tag/e28068940000400386621d4f, 96
1652707981.491336, sdrt-health/mac:02010b41cdec/antenna/tag/e2806894000050038662154f, 85
1652707981.594001, sdrt-health/mac:02010b41cdec/antenna/tag/e2806894000040038662114f, 88
1652707981.594501, sdrt-health/mac:02010b41cdec/antenna/tag/e2806894000050038662194f, 82
1652707981.619093, sdrt-health/mac:02010b41cdec/antenna/tag/e2806894000050038662194f, 88
1652707981.675443, sdrt-health/mac:02010b41cdec/antenna/tag/e28068940000500386620d4f, 81
1652707981.675945, sdrt-health/mac:02010b41cdec/antenna/tag/e2806894000050038662154f, 85
1652707981.710708, sdrt-health/mac:02010b41cdec/antenna/tag/e2806894000050038662154f, 88
1652707981.739176, sdrt-health/mac:02010b41cdec/antenna/tag/e2806894000050038662154f, 85
1652707981.739538, sdrt-health/mac:02010b41cdec/antenna/tag/e2806894000040038662114f, 88
1652707981.739743, sdrt-health/mac:02010b41cdec/antenna/tag/e2806894000040038662114f, 91
1652707981.754734, sdrt-health/mac:02010b41cdec/antenna/tag/e2806894000050038662154f, 85
1652707981.755191, sdrt-health/mac:02010b41cdec/antenna/tag/e2806894000050038662154f, 88
1652707981.810095, sdrt-health/mac:02010b41cdec/antenna/tag/e28068940000400386621d4f, 90
1652707981.850619, sdrt-health/mac:02010b41cdec/antenna/tag/e2806894000040038662114f, 91
1652707981.890924, sdrt-health/mac:02010b41cdec/antenna/tag/e28068940000400386621d4f, 90
1652707981.930756, sdrt-health/mac:02010b41cdec/antenna/tag/e2806894000050038662194f, 94
1652707981.968654, sdrt-health/mac:02010b41cdec/antenna/tag/e28068940000400386621d4f, 96
1652707982.011598, sdrt-health/mac:02010b41cdec/antenna/tag/e2806894000050038661fd4f, 86
1652707982.059907, sdrt-health/mac:02010b41cdec/antenna/tag/e2806894000050038662154f, 88
1652707982.114087, sdrt-health/mac:02010b41cdec/antenna/tag/e2806894000050038662154f, 88
1652707982.11459, sdrt-health/mac:02010b41cdec/antenna/tag/e2806894000050038662154f, 88
1652707982.129122, sdrt-health/mac:02010b41cdec/antenna/tag/e28068940000400386621d4f, 90
1652707982.138857, sdrt-health/mac:02010b41cdec/antenna/tag/e2806894000040038662114f, 88
1652707982.144313, sdrt-health/mac:02010b41cdec/antenna/tag/e2806894000050038661fd4f, 90
1652707982.144571, sdrt-health/mac:02010b41cdec/antenna/tag/e2806894000050038661fd4f, 86
1652707982.189972, sdrt-health/mac:02010b41cdec/antenna/tag/e2806894000050038662154f, 88
1652707982.238177, sdrt-health/mac:02010b41cdec/antenna/tag/e2806894000040038662114f, 91
1652707982.280343, sdrt-health/mac:02010b41cdec/antenna/tag/e2806894000050038661fd4f, 86
1652707982.307702, sdrt-health/mac:02010b41cdec/antenna/tag/e2806894000050038661fd4f, 86
1652707982.308006, sdrt-health/mac:02010b41cdec/antenna/tag/e28068940000400386621d4f, 90
1652707982.308286, sdrt-health/mac:02010b41cdec/antenna/tag/e2806894000050038662154f, 85
1652707982.328529, sdrt-health/mac:02010b41cdec/antenna/tag/e28068940000400386621d4f, 96
1652707982.385896, sdrt-health/mac:02010b41cdec/antenna/tag/e2806894000050038662154f, 88
1652707982.386441, sdrt-health/mac:02010b41cdec/antenna/tag/e2806894000050038661fd4f, 83
1652707982.400704, sdrt-health/mac:02010b41cdec/antenna/tag/e2806894000050038662154f, 85
1652707982.400994, sdrt-health/mac:02010b41cdec/antenna/tag/e2806894000040038662114f, 88
1652707982.401183, sdrt-health/mac:02010b41cdec/antenna/tag/e28068940000500386620d4f, 83
1652707982.420439, sdrt-health/mac:02010b41cdec/antenna/tag/e2806894000050038661fd4f, 83
1652707982.483227, sdrt-health/mac:02010b41cdec/antenna/tag/e28068940000500386620d4f, 87
1652707982.483705, sdrt-health/mac:02010b41cdec/antenna/tag/e2806894000040038662114f, 85
1652707982.498726, sdrt-health/mac:02010b41cdec/antenna/tag/e28068940000400386621d4f, 96
1652707982.52871, sdrt-health/mac:02010b41cdec/antenna/tag/e2806894000050038661fd4f, 83
1652707982.528996, sdrt-health/mac:02010b41cdec/antenna/tag/e2806894000040038662114f, 88
1652707982.549289, sdrt-health/mac:02010b41cdec/antenna/tag/e2806894000050038662154f, 85
1652707982.597685, sdrt-health/mac:02010b41cdec/antenna/tag/e28068940000400386621d4f, 96
1652707982.66445, sdrt-health/mac:02010b41cdec/antenna/tag/e2806894000050038661fd4f, 83
1652707982.664857, sdrt-health/mac:02010b41cdec/antenna/tag/e2806894000050038661fd4f, 86
1652707982.677558, sdrt-health/mac:02010b41cdec/antenna/tag/e2806894000050038662154f, 85
1652707982.688531, sdrt-health/mac:02010b41cdec/antenna/tag/e2806894000040038662114f, 85
1652707982.737947, sdrt-health/mac:02010b41cdec/antenna/tag/e28068940000400386621d4f, 96
1652707982.802069, sdrt-health/mac:02010b41cdec/antenna/tag/e2806894000050038661fd4f, 83
1652707982.802501, sdrt-health/mac:02010b41cdec/antenna/tag/e2806894000050038661fd4f, 86
1652707982.814589, sdrt-health/mac:02010b41cdec/antenna/tag/e28068940000400386621d4f, 96
1652707982.829664, sdrt-health/mac:02010b41cdec/antenna/tag/e2806894000050038661fd4f, 86
1652707982.868591, sdrt-health/mac:02010b41cdec/antenna/tag/e28068940000500386620d4f, 81
1652707982.910922, sdrt-health/mac:02010b41cdec/antenna/tag/e28068940000400386621d4f, 96
1652707982.965305, sdrt-health/mac:02010b41cdec/antenna/tag/e28068940000500386620d4f, 81
1652707982.965773, sdrt-health/mac:02010b41cdec/antenna/tag/e28068940000400386621d4f, 90
1652707983.000159, sdrt-health/mac:02010b41cdec/antenna/tag/e28068940000400386621d4f, 96
1652707983.039818, sdrt-health/mac:02010b41cdec/antenna/tag/e2806894000050038661fd4f, 90
1652707983.070723, sdrt-health/mac:02010b41cdec/antenna/tag/e2806894000050038662154f, 88
1652707983.071028, sdrt-health/mac:02010b41cdec/antenna/tag/e2806894000050038661fd4f, 86
1652707983.091018, sdrt-health/mac:02010b41cdec/antenna/tag/e2806894000040038662114f, 91
1652707983.130706, sdrt-health/mac:02010b41cdec/antenna/tag/e28068940000400386621d4f, 90
1652707983.183524, sdrt-health/mac:02010b41cdec/antenna/tag/e2806894000050038662154f, 85
1652707983.183775, sdrt-health/mac:02010b41cdec/antenna/tag/e2806894000040038662114f, 91
1652707983.219654, sdrt-health/mac:02010b41cdec/antenna/tag/e28068940000400386621d4f, 90
1652707983.278912, sdrt-health/mac:02010b41cdec/antenna/tag/e28068940000400386621d4f, 90
1652707983.334517, sdrt-health/mac:02010b41cdec/antenna/tag/e2806894000050038661fd4f, 86
1652707983.335078, sdrt-health/mac:02010b41cdec/antenna/tag/e28068940000400386621d4f, 90
1652707983.335419, sdrt-health/mac:02010b41cdec/antenna/tag/e2806894000050038662194f, 81
1652707983.33577, sdrt-health/mac:02010b41cdec/antenna/tag/e28068940000400386621d4f, 96
1652707983.371377, sdrt-health/mac:02010b41cdec/antenna/tag/e2806894000050038661fd4f, 86
1652707983.426968, sdrt-health/mac:02010b41cdec/antenna/tag/e28068940000400386621d4f, 96
1652707983.42759, sdrt-health/mac:02010b41cdec/antenna/tag/e2806894000050038661fd4f, 83
1652707983.440295, sdrt-health/mac:02010b41cdec/antenna/tag/e28068940000400386621d4f, 96
1652707983.440769, sdrt-health/mac:02010b41cdec/antenna/tag/e2806894000050038661fd4f, 83
1652707983.441252, sdrt-health/mac:02010b41cdec/antenna/tag/e28068940000400386621d4f, 96
1652707983.458556, sdrt-health/mac:02010b41cdec/antenna/tag/e2806894000040038662114f, 88
1652707983.49322, sdrt-health/mac:02010b41cdec/antenna/tag/e2806894000040038662114f, 88
1652707983.496236, sdrt-health/mac:02010b41cdec/antenna/tag/e2806894000040038662114f, 88
1652707983.531224, sdrt-health/mac:02010b41cdec/antenna/tag/e28068940000500386620d4f, 83
1652707983.57069, sdrt-health/mac:02010b41cdec/antenna/tag/e2806894000050038662194f, 81
1652707983.630123, sdrt-health/mac:02010b41cdec/antenna/tag/e2806894000040038662114f, 85
1652707983.669939, sdrt-health/mac:02010b41cdec/antenna/tag/e28068940000400386621d4f, 96
1652707983.711598, sdrt-health/mac:02010b41cdec/antenna/tag/e2806894000040038662114f, 85
1652707983.766748, sdrt-health/mac:02010b41cdec/antenna/tag/e2806894000050038662154f, 91
1652707983.767252, sdrt-health/mac:02010b41cdec/antenna/tag/e2806894000040038662114f, 88
1652707983.790358, sdrt-health/mac:02010b41cdec/antenna/tag/e2806894000050038661fd4f, 86
1652707983.846575, sdrt-health/mac:02010b41cdec/antenna/tag/e2806894000050038662154f, 88
1652707983.847113, sdrt-health/mac:02010b41cdec/antenna/tag/e28068940000500386620d4f, 94
1652707983.869685, sdrt-health/mac:02010b41cdec/antenna/tag/e28068940000400386621d4f, 96
1652707983.916021, sdrt-health/mac:02010b41cdec/antenna/tag/e2806894000040038662114f, 88
1652707983.967165, sdrt-health/mac:02010b41cdec/antenna/tag/e28068940000400386621d4f, 90
1652707983.967616, sdrt-health/mac:02010b41cdec/antenna/tag/e28068940000400386621d4f, 96
1652707983.981937, sdrt-health/mac:02010b41cdec/antenna/tag/e2806894000040038662054f, 84
1652707983.982296, sdrt-health/mac:02010b41cdec/antenna/tag/e2806894000050038661fd4f, 86
1652707984.00155, sdrt-health/mac:02010b41cdec/antenna/tag/e2806894000040038662114f, 88
1652707984.051832, sdrt-health/mac:02010b41cdec/antenna/tag/e2806894000050038662154f, 88
1652707984.100646, sdrt-health/mac:02010b41cdec/antenna/tag/e2806894000040038662114f, 88
1652707984.13248, sdrt-health/mac:02010b41cdec/antenna/tag/e2806894000040038662114f, 85
1652707984.132833, sdrt-health/mac:02010b41cdec/antenna/tag/e2806894000050038662154f, 88
1652707984.149205, sdrt-health/mac:02010b41cdec/antenna/tag/e2806894000040038662114f, 88
1652707984.179902, sdrt-health/mac:02010b41cdec/antenna/tag/e2806894000040038662114f, 88
1652707984.221365, sdrt-health/mac:02010b41cdec/antenna/tag/e2806894000040038662114f, 88
1652707984.253983, sdrt-health/mac:02010b41cdec/antenna/tag/e2806894000050038662154f, 91
1652707984.25421, sdrt-health/mac:02010b41cdec/antenna/tag/e2806894000050038662154f, 88
1652707984.268561, sdrt-health/mac:02010b41cdec/antenna/tag/e2806894000040038662114f, 88
1652707984.299331, sdrt-health/mac:02010b41cdec/antenna/tag/e2806894000040038662114f, 85
1652707984.30145, sdrt-health/mac:02010b41cdec/antenna/tag/e2806894000050038662154f, 88
1652707984.341105, sdrt-health/mac:02010b41cdec/antenna/tag/e2806894000050038661fd4f, 83
1652707984.41101, sdrt-health/mac:02010b41cdec/antenna/tag/e2806894000050038661fd4f, 83
1652707984.452168, sdrt-health/mac:02010b41cdec/antenna/tag/e2806894000040038661f94f, 81
1652707984.481599, sdrt-health/mac:02010b41cdec/antenna/tag/e2806894000040038662214f, 94
1652707984.48192, sdrt-health/mac:02010b41cdec/antenna/tag/e28068940000400386621d4f, 96
1652707984.495636, sdrt-health/mac:02010b41cdec/antenna/tag/e28068940000500386620d4f, 94
1652707984.495976, sdrt-health/mac:02010b41cdec/antenna/tag/e2806894000050038662154f, 85
1652707984.571291, sdrt-health/mac:02010b41cdec/antenna/tag/e2806894000050038662154f, 91
1652707984.610623, sdrt-health/mac:02010b41cdec/antenna/tag/e2806894000050038661fd4f, 83
1652707984.643425, sdrt-health/mac:02010b41cdec/antenna/tag/e2806894000050038662154f, 88
1652707984.643778, sdrt-health/mac:02010b41cdec/antenna/tag/e2806894000040038662114f, 85
1652707984.671686, sdrt-health/mac:02010b41cdec/antenna/tag/e2806894000040038662114f, 91
1652707984.704062, sdrt-health/mac:02010b41cdec/antenna/tag/e2806894000050038662154f, 88
1652707984.704356, sdrt-health/mac:02010b41cdec/antenna/tag/e28068940000400386621d4f, 90
1652707984.752336, sdrt-health/mac:02010b41cdec/antenna/tag/e2806894000050038661fd4f, 86
1652707984.781756, sdrt-health/mac:02010b41cdec/antenna/tag/e28068940000400386621d4f, 96
1652707984.78222, sdrt-health/mac:02010b41cdec/antenna/tag/e2806894000050038662154f, 85
1652707984.782485, sdrt-health/mac:02010b41cdec/antenna/tag/e2806894000050038662154f, 85
1652707984.800003, sdrt-health/mac:02010b41cdec/antenna/tag/e2806894000050038662154f, 88
1652707984.841258, sdrt-health/mac:02010b41cdec/antenna/tag/e28068940000400386621d4f, 90
1652707984.896782, sdrt-health/mac:02010b41cdec/antenna/tag/e2806894000050038661fd4f, 86
1652707984.897467, sdrt-health/mac:02010b41cdec/antenna/tag/e28068940000400386621d4f, 90
1652707984.912459, sdrt-health/mac:02010b41cdec/antenna/tag/e2806894000050038662154f, 85
1652707984.956122, sdrt-health/mac:02010b41cdec/antenna/tag/e2806894000050038661fd4f, 86
1652707984.956459, sdrt-health/mac:02010b41cdec/antenna/tag/e28068940000500386620d4f, 83
1652707984.980151, sdrt-health/mac:02010b41cdec/antenna/tag/e2806894000040038661f94f, 94
1652707985.019206, sdrt-health/mac:02010b41cdec/antenna/tag/e2806894000040038662114f, 91
1652707985.060619, sdrt-health/mac:02010b41cdec/antenna/tag/e2806894000050038661fd4f, 86
1652707985.115994, sdrt-health/mac:02010b41cdec/antenna/tag/e28068940000400386621d4f, 96
1652707985.116486, sdrt-health/mac:02010b41cdec/antenna/tag/e2806894000050038662154f, 91
1652707985.146532, sdrt-health/mac:02010b41cdec/antenna/tag/e2806894000040038662114f, 85
1652707985.194821, sdrt-health/mac:02010b41cdec/antenna/tag/e2806894000050038661fd4f, 83
1652707985.195247, sdrt-health/mac:02010b41cdec/antenna/tag/e2806894000050038661fd4f, 86
1652707985.219898, sdrt-health/mac:02010b41cdec/antenna/tag/e2806894000050038662154f, 97
1652707985.327591, sdrt-health/mac:02010b41cdec/antenna/tag/e2806894000040038662114f, 85
1652707985.328052, sdrt-health/mac:02010b41cdec/antenna/tag/e2806894000040038662214f, 88
1652707985.370948, sdrt-health/mac:02010b41cdec/antenna/tag/e2806894000050038662154f, 85
1652707985.427268, sdrt-health/mac:02010b41cdec/antenna/tag/e2806894000050038662154f, 88
1652707985.427924, sdrt-health/mac:02010b41cdec/antenna/tag/e2806894000050038661fd4f, 83
1652707985.440925, sdrt-health/mac:02010b41cdec/antenna/tag/e2806894000040038662114f, 85
1652707985.449455, sdrt-health/mac:02010b41cdec/antenna/tag/e2806894000050038661fd4f, 86
1652707985.490253, sdrt-health/mac:02010b41cdec/antenna/tag/e2806894000040038662114f, 88
1652707985.520968, sdrt-health/mac:02010b41cdec/antenna/tag/e2806894000050038662154f, 91
1652707985.521232, sdrt-health/mac:02010b41cdec/antenna/tag/e2806894000050038661fd4f, 86
1652707985.536093, sdrt-health/mac:02010b41cdec/antenna/tag/e2806894000050038662154f, 91
1652707985.536301, sdrt-health/mac:02010b41cdec/antenna/tag/e2806894000050038661fd4f, 86
1652707985.570153, sdrt-health/mac:02010b41cdec/antenna/tag/e2806894000040038662114f, 88
1652707985.609637, sdrt-health/mac:02010b41cdec/antenna/tag/e28068940000400386621d4f, 90
1652707985.666367, sdrt-health/mac:02010b41cdec/antenna/tag/e28068940000400386621d4f, 96
1652707985.666958, sdrt-health/mac:02010b41cdec/antenna/tag/e2806894000050038661fd4f, 86
1652707985.681105, sdrt-health/mac:02010b41cdec/antenna/tag/e2806894000050038661fd4f, 86
1652707985.709477, sdrt-health/mac:02010b41cdec/antenna/tag/e28068940000400386621d4f, 90
1652707985.709911, sdrt-health/mac:02010b41cdec/antenna/tag/e28068940000400386621d4f, 96
1652707985.740666, sdrt-health/mac:02010b41cdec/antenna/tag/e2806894000040038662114f, 85
1652707985.77049, sdrt-health/mac:02010b41cdec/antenna/tag/e2806894000040038662114f, 88
1652707985.770794, sdrt-health/mac:02010b41cdec/antenna/tag/e2806894000050038662154f, 88
1652707985.7861, sdrt-health/mac:02010b41cdec/antenna/tag/e2806894000050038662154f, 88
1652707985.841257, sdrt-health/mac:02010b41cdec/antenna/tag/e28068940000500386620d4f, 88
1652707985.880424, sdrt-health/mac:02010b41cdec/antenna/tag/e2806894000050038662154f, 85
1652707985.910772, sdrt-health/mac:02010b41cdec/antenna/tag/e2806894000040038662114f, 88
1652707985.911251, sdrt-health/mac:02010b41cdec/antenna/tag/e2806894000050038661fd4f, 83
1652707985.911765, sdrt-health/mac:02010b41cdec/antenna/tag/e28068940000400386621d4f, 96
1652707985.926263, sdrt-health/mac:02010b41cdec/antenna/tag/e2806894000040038662114f, 85
1652707985.92684, sdrt-health/mac:02010b41cdec/antenna/tag/e2806894000050038662154f, 88
1652707985.969887, sdrt-health/mac:02010b41cdec/antenna/tag/e2806894000050038661fd4f, 90
1652707986.000484, sdrt-health/mac:02010b41cdec/antenna/tag/e2806894000050038662154f, 91
1652707986.000778, sdrt-health/mac:02010b41cdec/antenna/tag/e2806894000040038662114f, 88
1652707986.021369, sdrt-health/mac:02010b41cdec/antenna/tag/e2806894000050038661fd4f, 86
1652707986.083162, sdrt-health/mac:02010b41cdec/antenna/tag/e28068940000400386621d4f, 96
1652707986.083981, sdrt-health/mac:02010b41cdec/antenna/tag/e2806894000040038662114f, 88
1652707986.098743, sdrt-health/mac:02010b41cdec/antenna/tag/e2806894000050038662154f, 88
1652707986.130973, sdrt-health/mac:02010b41cdec/antenna/tag/e28068940000400386621d4f, 90
1652707986.168769, sdrt-health/mac:02010b41cdec/antenna/tag/e2806894000050038661fd4f, 83
1652707986.169083, sdrt-health/mac:02010b41cdec/antenna/tag/e2806894000040038662114f, 88
1652707986.183187, sdrt-health/mac:02010b41cdec/antenna/tag/e28068940000400386621d4f, 96
1652707986.198705, sdrt-health/mac:02010b41cdec/antenna/tag/e2806894000050038661fd4f, 90
1652707986.240454, sdrt-health/mac:02010b41cdec/antenna/tag/e2806894000050038661fd4f, 83
1652707986.297056, sdrt-health/mac:02010b41cdec/antenna/tag/e2806894000050038662154f, 85
1652707986.297492, sdrt-health/mac:02010b41cdec/antenna/tag/e28068940000400386621d4f, 77
1652707986.311699, sdrt-health/mac:02010b41cdec/antenna/tag/e2806894000050038661fd4f, 83
1652707986.31984, sdrt-health/mac:02010b41cdec/antenna/tag/e2806894000040038662114f, 88
1652707986.326828, sdrt-health/mac:02010b41cdec/antenna/tag/e28068940000400386621d4f, 90
1652707986.390006, sdrt-health/mac:02010b41cdec/antenna/tag/e2806894000040038662114f, 85
1652707986.430445, sdrt-health/mac:02010b41cdec/antenna/tag/e2806894000050038661fd4f, 83
1652707986.470905, sdrt-health/mac:02010b41cdec/antenna/tag/e28068940000500386620d4f, 81
1652707986.510681, sdrt-health/mac:02010b41cdec/antenna/tag/e2806894000050038662154f, 91
1652707986.540937, sdrt-health/mac:02010b41cdec/antenna/tag/e2806894000040038662114f, 85
1652707986.541214, sdrt-health/mac:02010b41cdec/antenna/tag/e2806894000050038661fd4f, 86
1652707986.541367, sdrt-health/mac:02010b41cdec/antenna/tag/e2806894000040038662114f, 88
1652707986.559679, sdrt-health/mac:02010b41cdec/antenna/tag/e2806894000040038662114f, 85
1652707986.627446, sdrt-health/mac:02010b41cdec/antenna/tag/e2806894000050038662154f, 91
1652707986.62801, sdrt-health/mac:02010b41cdec/antenna/tag/e28068940000400386621d4f, 96
1652707986.671316, sdrt-health/mac:02010b41cdec/antenna/tag/e2806894000050038661fd4f, 86
1652707986.710814, sdrt-health/mac:02010b41cdec/antenna/tag/e2806894000040038662114f, 88
1652707986.751416, sdrt-health/mac:02010b41cdec/antenna/tag/e2806894000050038661fd4f, 86
1652707986.782111, sdrt-health/mac:02010b41cdec/antenna/tag/e2806894000050038662194f, 94
1652707986.782434, sdrt-health/mac:02010b41cdec/antenna/tag/e2806894000050038662154f, 85
1652707986.797545, sdrt-health/mac:02010b41cdec/antenna/tag/e2806894000050038661fd4f, 86
1652707986.797818, sdrt-health/mac:02010b41cdec/antenna/tag/e2806894000050038662154f, 85
1652707986.831491, sdrt-health/mac:02010b41cdec/antenna/tag/e28068940000400386621d4f, 90
1652707986.871183, sdrt-health/mac:02010b41cdec/antenna/tag/e2806894000050038662154f, 88
1652707986.910046, sdrt-health/mac:02010b41cdec/antenna/tag/e2806894000050038662194f, 81
1652707986.963489, sdrt-health/mac:02010b41cdec/antenna/tag/e2806894000040038662114f, 88
1652707986.964037, sdrt-health/mac:02010b41cdec/antenna/tag/e28068940000500386620d4f, 94
1652707986.979145, sdrt-health/mac:02010b41cdec/antenna/tag/e2806894000050038661fd4f, 83
1652707986.990424, sdrt-health/mac:02010b41cdec/antenna/tag/e28068940000400386621d4f, 77
1652707987.030055, sdrt-health/mac:02010b41cdec/antenna/tag/e28068940000400386621d4f, 96
1652707987.087321, sdrt-health/mac:02010b41cdec/antenna/tag/e2806894000050038661fd4f, 86
1652707987.087805, sdrt-health/mac:02010b41cdec/antenna/tag/e2806894000050038661fd4f, 86
1652707987.088181, sdrt-health/mac:02010b41cdec/antenna/tag/e2806894000050038661fd4f, 86
1652707987.110228, sdrt-health/mac:02010b41cdec/antenna/tag/e2806894000050038662194f, 94
1652707987.164028, sdrt-health/mac:02010b41cdec/antenna/tag/e2806894000050038662194f, 81
1652707987.164474, sdrt-health/mac:02010b41cdec/antenna/tag/e28068940000400386621d4f, 96
1652707987.189611, sdrt-health/mac:02010b41cdec/antenna/tag/e2806894000050038662154f, 88
1652707987.221116, sdrt-health/mac:02010b41cdec/antenna/tag/e2806894000050038662154f, 85
1652707987.221454, sdrt-health/mac:02010b41cdec/antenna/tag/e2806894000040038662114f, 85
1652707987.235928, sdrt-health/mac:02010b41cdec/antenna/tag/e2806894000050038661fd4f, 86
1652707987.236447, sdrt-health/mac:02010b41cdec/antenna/tag/e2806894000040038662114f, 85
1652707987.270581, sdrt-health/mac:02010b41cdec/antenna/tag/e2806894000050038661fd4f, 83
1652707987.328309, sdrt-health/mac:02010b41cdec/antenna/tag/e2806894000040038662114f, 85
1652707987.328856, sdrt-health/mac:02010b41cdec/antenna/tag/e2806894000050038661fd4f, 83
1652707987.343695, sdrt-health/mac:02010b41cdec/antenna/tag/e28068940000500386620d4f, 81
1652707987.406829, sdrt-health/mac:02010b41cdec/antenna/tag/e2806894000050038661fd4f, 83
1652707987.407356, sdrt-health/mac:02010b41cdec/antenna/tag/e2806894000050038662154f, 97
1652707987.431225, sdrt-health/mac:02010b41cdec/antenna/tag/e2806894000050038661fd4f, 83
1652707987.472027, sdrt-health/mac:02010b41cdec/antenna/tag/e2806894000040038662114f, 85
1652707987.51042, sdrt-health/mac:02010b41cdec/antenna/tag/e2806894000040038662114f, 88
1652707987.560722, sdrt-health/mac:02010b41cdec/antenna/tag/e28068940000400386621d4f, 90
1652707987.600309, sdrt-health/mac:02010b41cdec/antenna/tag/e28068940000500386620d4f, 81
1652707987.676929, sdrt-health/mac:02010b41cdec/antenna/tag/e2806894000050038661fd4f, 83
1652707987.677377, sdrt-health/mac:02010b41cdec/antenna/tag/e2806894000040038662114f, 88
1652707987.732384, sdrt-health/mac:02010b41cdec/antenna/tag/e28068940000400386621d4f, 90
1652707987.790992, sdrt-health/mac:02010b41cdec/antenna/tag/e2806894000050038662154f, 85
1652707987.833712, sdrt-health/mac:02010b41cdec/antenna/tag/e2806894000050038661fd4f, 83
1652707987.946618, sdrt-health/mac:02010b41cdec/antenna/tag/e2806894000050038662154f, 88
1652707987.947248, sdrt-health/mac:02010b41cdec/antenna/tag/e28068940000400386621d4f, 90
1652707988.000874, sdrt-health/mac:02010b41cdec/antenna/tag/e2806894000050038661fd4f, 83
1652707988.032111, sdrt-health/mac:02010b41cdec/antenna/tag/e2806894000050038662154f, 91
1652707988.03249, sdrt-health/mac:02010b41cdec/antenna/tag/e2806894000040038662114f, 97
1652707988.05015, sdrt-health/mac:02010b41cdec/antenna/tag/e28068940000400386621d4f, 77
1652707988.090054, sdrt-health/mac:02010b41cdec/antenna/tag/e28068940000500386620d4f, 83
1652707988.13034, sdrt-health/mac:02010b41cdec/antenna/tag/e28068940000400386621d4f, 96
1652707988.170125, sdrt-health/mac:02010b41cdec/antenna/tag/e28068940000400386621d4f, 90
1652707988.211157, sdrt-health/mac:02010b41cdec/antenna/tag/e2806894000040038662114f, 88
1652707988.243614, sdrt-health/mac:02010b41cdec/antenna/tag/e2806894000050038662154f, 88
1652707988.24411, sdrt-health/mac:02010b41cdec/antenna/tag/e2806894000040038662114f, 88
1652707988.259213, sdrt-health/mac:02010b41cdec/antenna/tag/e28068940000400386621d4f, 96
1652707988.259528, sdrt-health/mac:02010b41cdec/antenna/tag/e2806894000050038661fd4f, 86
1652707988.382947, sdrt-health/mac:02010b41cdec/antenna/tag/e2806894000050038662154f, 85
1652707988.415461, sdrt-health/mac:02010b41cdec/antenna/tag/e28068940000400386621d4f, 90
1652707988.415944, sdrt-health/mac:02010b41cdec/antenna/tag/e2806894000040038662114f, 91
1652707988.416337, sdrt-health/mac:02010b41cdec/antenna/tag/e28068940000400386621d4f, 90
1652707988.416678, sdrt-health/mac:02010b41cdec/antenna/tag/e28068940000400386621d4f, 96
1652707988.417081, sdrt-health/mac:02010b41cdec/antenna/tag/e2806894000040038662114f, 88
1652707988.432846, sdrt-health/mac:02010b41cdec/antenna/tag/e28068940000500386620d4f, 94
1652707988.460674, sdrt-health/mac:02010b41cdec/antenna/tag/e2806894000050038662194f, 94
1652707988.516086, sdrt-health/mac:02010b41cdec/antenna/tag/e2806894000040038662114f, 88
1652707988.516464, sdrt-health/mac:02010b41cdec/antenna/tag/e28068940000400386621d4f, 96
1652707988.532779, sdrt-health/mac:02010b41cdec/antenna/tag/e2806894000050038662154f, 85
1652707988.55971, sdrt-health/mac:02010b41cdec/antenna/tag/e2806894000050038661fd4f, 86
1652707988.599674, sdrt-health/mac:02010b41cdec/antenna/tag/e2806894000050038661fd4f, 86
1652707988.63959, sdrt-health/mac:02010b41cdec/antenna/tag/e2806894000050038661fd4f, 86
1652707988.690384, sdrt-health/mac:02010b41cdec/antenna/tag/e2806894000040038662114f, 91
1652707988.739129, sdrt-health/mac:02010b41cdec/antenna/tag/e28068940000400386621d4f, 96
1652707988.795804, sdrt-health/mac:02010b41cdec/antenna/tag/e2806894000040038662114f, 91
1652707988.796354, sdrt-health/mac:02010b41cdec/antenna/tag/e2806894000050038661fd4f, 86
1652707988.810482, sdrt-health/mac:02010b41cdec/antenna/tag/e28068940000400386621d4f, 90
1652707988.82091, sdrt-health/mac:02010b41cdec/antenna/tag/e2806894000050038661fd4f, 83
1652707988.867121, sdrt-health/mac:02010b41cdec/antenna/tag/e2806894000050038662154f, 85
1652707988.898482, sdrt-health/mac:02010b41cdec/antenna/tag/e28068940000500386620d4f, 83
1652707988.898744, sdrt-health/mac:02010b41cdec/antenna/tag/e28068940000400386621d4f, 90
1652707988.913819, sdrt-health/mac:02010b41cdec/antenna/tag/e28068940000500386620d4f, 81
1652707988.914075, sdrt-health/mac:02010b41cdec/antenna/tag/e2806894000050038662154f, 85
1652707988.950285, sdrt-health/mac:02010b41cdec/antenna/tag/e2806894000040038662114f, 91
1652707988.9896, sdrt-health/mac:02010b41cdec/antenna/tag/e28068940000500386620d4f, 83
1652707989.030945, sdrt-health/mac:02010b41cdec/antenna/tag/e28068940000500386620d4f, 81
1652707989.079468, sdrt-health/mac:02010b41cdec/antenna/tag/e2806894000040038662114f, 85
1652707989.120033, sdrt-health/mac:02010b41cdec/antenna/tag/e28068940000500386620d4f, 83
1652707989.219318, sdrt-health/mac:02010b41cdec/antenna/tag/e2806894000050038662154f, 91
1652707989.290802, sdrt-health/mac:02010b41cdec/antenna/tag/e2806894000050038661fd4f, 86
1652707989.320333, sdrt-health/mac:02010b41cdec/antenna/tag/e28068940000400386621d4f, 96
1652707989.320634, sdrt-health/mac:02010b41cdec/antenna/tag/e2806894000050038661fd4f, 83
1652707989.33488, sdrt-health/mac:02010b41cdec/antenna/tag/e2806894000050038661fd4f, 83
1652707989.371255, sdrt-health/mac:02010b41cdec/antenna/tag/e2806894000040038662114f, 88
1652707989.411043, sdrt-health/mac:02010b41cdec/antenna/tag/e28068940000500386620d4f, 87
1652707989.458755, sdrt-health/mac:02010b41cdec/antenna/tag/e2806894000040038662114f, 88
1652707989.510985, sdrt-health/mac:02010b41cdec/antenna/tag/e2806894000050038662154f, 88
1652707989.565843, sdrt-health/mac:02010b41cdec/antenna/tag/e28068940000400386621d4f, 96
1652707989.566415, sdrt-health/mac:02010b41cdec/antenna/tag/e2806894000050038662154f, 91
1652707989.580887, sdrt-health/mac:02010b41cdec/antenna/tag/e2806894000050038662154f, 91
1652707989.590389, sdrt-health/mac:02010b41cdec/antenna/tag/e2806894000050038661fd4f, 86
1652707989.628898, sdrt-health/mac:02010b41cdec/antenna/tag/e2806894000050038662154f, 85
1652707989.682997, sdrt-health/mac:02010b41cdec/antenna/tag/e2806894000050038661fd4f, 86
1652707989.683544, sdrt-health/mac:02010b41cdec/antenna/tag/e2806894000050038662154f, 85
1652707989.696971, sdrt-health/mac:02010b41cdec/antenna/tag/e2806894000040038662114f, 91
1652707989.710051, sdrt-health/mac:02010b41cdec/antenna/tag/e28068940000500386620d4f, 81
1652707989.751661, sdrt-health/mac:02010b41cdec/antenna/tag/e28068940000400386621d4f, 90
1652707989.799934, sdrt-health/mac:02010b41cdec/antenna/tag/e2806894000050038661fd4f, 83
1652707989.854638, sdrt-health/mac:02010b41cdec/antenna/tag/e2806894000050038662194f, 81
1652707989.855127, sdrt-health/mac:02010b41cdec/antenna/tag/e28068940000400386621d4f, 90
1652707989.869277, sdrt-health/mac:02010b41cdec/antenna/tag/e2806894000050038661fd4f, 86
1652707989.911393, sdrt-health/mac:02010b41cdec/antenna/tag/e2806894000050038662154f, 91
1652707989.950873, sdrt-health/mac:02010b41cdec/antenna/tag/e2806894000040038662114f, 85
1652707990.006418, sdrt-health/mac:02010b41cdec/antenna/tag/e28068940000400386621d4f, 90
1652707990.006918, sdrt-health/mac:02010b41cdec/antenna/tag/e2806894000040038662114f, 88
1652707990.029063, sdrt-health/mac:02010b41cdec/antenna/tag/e2806894000050038661fd4f, 83
1652707990.069376, sdrt-health/mac:02010b41cdec/antenna/tag/e2806894000050038661fd4f, 83
1652707990.125724, sdrt-health/mac:02010b41cdec/antenna/tag/e2806894000050038662194f, 81
1652707990.126472, sdrt-health/mac:02010b41cdec/antenna/tag/e2806894000050038662154f, 88
1652707990.150342, sdrt-health/mac:02010b41cdec/antenna/tag/e2806894000040038662114f, 88
1652707990.205189, sdrt-health/mac:02010b41cdec/antenna/tag/e2806894000040038662114f, 85
1652707990.205702, sdrt-health/mac:02010b41cdec/antenna/tag/e28068940000400386621d4f, 96
1652707990.22038, sdrt-health/mac:02010b41cdec/antenna/tag/e28068940000400386621d4f, 96
1652707990.275785, sdrt-health/mac:02010b41cdec/antenna/tag/e2806894000040038662114f, 85
1652707990.276173, sdrt-health/mac:02010b41cdec/antenna/tag/e2806894000040038662114f, 88
1652707990.306913, sdrt-health/mac:02010b41cdec/antenna/tag/e28068940000400386621d4f, 90
1652707990.307467, sdrt-health/mac:02010b41cdec/antenna/tag/e2806894000050038661fd4f, 86
1652707990.321276, sdrt-health/mac:02010b41cdec/antenna/tag/e28068940000500386620d4f, 81
1652707990.350179, sdrt-health/mac:02010b41cdec/antenna/tag/e2806894000040038662114f, 88
1652707990.390026, sdrt-health/mac:02010b41cdec/antenna/tag/e2806894000050038661fd4f, 83
1652707990.452811, sdrt-health/mac:02010b41cdec/antenna/tag/e28068940000400386621d4f, 96
1652707990.453349, sdrt-health/mac:02010b41cdec/antenna/tag/e28068940000400386621d4f, 96
1652707990.453721, sdrt-health/mac:02010b41cdec/antenna/tag/e2806894000050038662154f, 88
1652707990.468443, sdrt-health/mac:02010b41cdec/antenna/tag/e2806894000050038661fd4f, 83
1652707990.468757, sdrt-health/mac:02010b41cdec/antenna/tag/e28068940000400386621d4f, 96
1652707990.492361, sdrt-health/mac:02010b41cdec/antenna/tag/e2806894000050038662154f, 91
1652707990.54638, sdrt-health/mac:02010b41cdec/antenna/tag/e2806894000040038662114f, 88
1652707990.577365, sdrt-health/mac:02010b41cdec/antenna/tag/e28068940000400386621d4f, 96
1652707990.577639, sdrt-health/mac:02010b41cdec/antenna/tag/e28068940000400386621d4f, 96
1652707990.599768, sdrt-health/mac:02010b41cdec/antenna/tag/e2806894000050038662154f, 91
1652707990.629831, sdrt-health/mac:02010b41cdec/antenna/tag/e2806894000050038661fd4f, 86
1652707990.630061, sdrt-health/mac:02010b41cdec/antenna/tag/e2806894000050038661fd4f, 86
1652707990.643876, sdrt-health/mac:02010b41cdec/antenna/tag/e28068940000400386621d4f, 96
1652707990.644182, sdrt-health/mac:02010b41cdec/antenna/tag/e28068940000400386621d4f, 90
1652707990.684882, sdrt-health/mac:02010b41cdec/antenna/tag/e2806894000050038661fd4f, 90
1652707990.73565, sdrt-health/mac:02010b41cdec/antenna/tag/e2806894000050038662154f, 91
1652707990.736115, sdrt-health/mac:02010b41cdec/antenna/tag/e2806894000050038661fd4f, 86
1652707990.749883, sdrt-health/mac:02010b41cdec/antenna/tag/e2806894000050038661fd4f, 86
1652707990.760556, sdrt-health/mac:02010b41cdec/antenna/tag/e28068940000400386621d4f, 96
1652707990.805184, sdrt-health/mac:02010b41cdec/antenna/tag/e2806894000050038661fd4f, 86
1652707990.856181, sdrt-health/mac:02010b41cdec/antenna/tag/e2806894000040038662114f, 85
1652707990.856508, sdrt-health/mac:02010b41cdec/antenna/tag/e2806894000040038662114f, 88
1652707990.870406, sdrt-health/mac:02010b41cdec/antenna/tag/e28068940000400386621d4f, 96
1652707990.880151, sdrt-health/mac:02010b41cdec/antenna/tag/e28068940000400386621d4f, 90
1652707990.884835, sdrt-health/mac:02010b41cdec/antenna/tag/e2806894000050038661fd4f, 83
1652707990.930718, sdrt-health/mac:02010b41cdec/antenna/tag/e2806894000050038661fd4f, 83
1652707990.983229, sdrt-health/mac:02010b41cdec/antenna/tag/e28068940000500386620d4f, 83
1652707990.983746, sdrt-health/mac:02010b41cdec/antenna/tag/e2806894000040038662114f, 85
1652707991.010726, sdrt-health/mac:02010b41cdec/antenna/tag/e28068940000500386620d4f, 81
1652707991.050024, sdrt-health/mac:02010b41cdec/antenna/tag/e2806894000050038661fd4f, 86
1652707991.090449, sdrt-health/mac:02010b41cdec/antenna/tag/e28068940000400386621d4f, 90
1652707991.159856, sdrt-health/mac:02010b41cdec/antenna/tag/e2806894000050038661fd4f, 86
1652707991.199523, sdrt-health/mac:02010b41cdec/antenna/tag/e2806894000050038661fd4f, 86
1652707991.264085, sdrt-health/mac:02010b41cdec/antenna/tag/e2806894000050038662154f, 85
1652707991.264662, sdrt-health/mac:02010b41cdec/antenna/tag/e2806894000040038662114f, 91
1652707991.27788, sdrt-health/mac:02010b41cdec/antenna/tag/e28068940000400386621d4f, 96
1652707991.288753, sdrt-health/mac:02010b41cdec/antenna/tag/e2806894000050038661fd4f, 86
1652707991.329866, sdrt-health/mac:02010b41cdec/antenna/tag/e2806894000040038662114f, 91
1652707991.330699, sdrt-health/mac:02010b41cdec/antenna/tag/e28068940000500386620d4f, 83
1652707991.370805, sdrt-health/mac:02010b41cdec/antenna/tag/e2806894000040038662114f, 91
1652707991.41962, sdrt-health/mac:02010b41cdec/antenna/tag/e2806894000040038662114f, 85
1652707991.470652, sdrt-health/mac:02010b41cdec/antenna/tag/e28068940000500386620d4f, 81
1652707991.528699, sdrt-health/mac:02010b41cdec/antenna/tag/e2806894000050038661fd4f, 86
1652707991.529142, sdrt-health/mac:02010b41cdec/antenna/tag/e2806894000050038662154f, 85
1652707991.549563, sdrt-health/mac:02010b41cdec/antenna/tag/e2806894000050038661fd4f, 86
1652707991.590166, sdrt-health/mac:02010b41cdec/antenna/tag/e2806894000050038662154f, 97
1652707991.64398, sdrt-health/mac:02010b41cdec/antenna/tag/e2806894000040038662114f, 85
1652707991.644513, sdrt-health/mac:02010b41cdec/antenna/tag/e2806894000050038661fd4f, 86
1652707991.669294, sdrt-health/mac:02010b41cdec/antenna/tag/e2806894000050038662154f, 91
1652707991.710647, sdrt-health/mac:02010b41cdec/antenna/tag/e2806894000050038661fd4f, 83
1652707991.740023, sdrt-health/mac:02010b41cdec/antenna/tag/e2806894000040038662114f, 85
1652707991.740408, sdrt-health/mac:02010b41cdec/antenna/tag/e2806894000050038662154f, 91
1652707991.754715, sdrt-health/mac:02010b41cdec/antenna/tag/e2806894000040038662114f, 85
1652707991.789696, sdrt-health/mac:02010b41cdec/antenna/tag/e2806894000050038661fd4f, 86
1652707991.830499, sdrt-health/mac:02010b41cdec/antenna/tag/e2806894000050038661fd4f, 83
1652707991.887716, sdrt-health/mac:02010b41cdec/antenna/tag/e2806894000040038662114f, 85
1652707991.888226, sdrt-health/mac:02010b41cdec/antenna/tag/e2806894000050038661fd4f, 83
1652707991.909918, sdrt-health/mac:02010b41cdec/antenna/tag/e28068940000400386621d4f, 96
1652707991.940841, sdrt-health/mac:02010b41cdec/antenna/tag/e28068940000500386620d4f, 81
1652707991.941391, sdrt-health/mac:02010b41cdec/antenna/tag/e2806894000040038662114f, 85
1652707991.955935, sdrt-health/mac:02010b41cdec/antenna/tag/e2806894000040038662114f, 85
1652707991.990032, sdrt-health/mac:02010b41cdec/antenna/tag/e2806894000040038662114f, 85
1652707992.045322, sdrt-health/mac:02010b41cdec/antenna/tag/e2806894000050038662154f, 91
1652707992.045826, sdrt-health/mac:02010b41cdec/antenna/tag/e2806894000040038662114f, 88
1652707992.083134, sdrt-health/mac:02010b41cdec/antenna/tag/e2806894000040038662114f, 88
1652707992.127992, sdrt-health/mac:02010b41cdec/antenna/tag/e2806894000050038662154f, 88
1652707992.158169, sdrt-health/mac:02010b41cdec/antenna/tag/e2806894000040038662114f, 88
1652707992.158631, sdrt-health/mac:02010b41cdec/antenna/tag/e28068940000400386621d4f, 96
1652707992.173506, sdrt-health/mac:02010b41cdec/antenna/tag/e2806894000050038661fd4f, 86
1652707992.2506, sdrt-health/mac:02010b41cdec/antenna/tag/e2806894000050038661fd4f, 90
1652707992.290696, sdrt-health/mac:02010b41cdec/antenna/tag/e2806894000040038662114f, 88
1652707992.345926, sdrt-health/mac:02010b41cdec/antenna/tag/e28068940000400386621d4f, 96
1652707992.346462, sdrt-health/mac:02010b41cdec/antenna/tag/e2806894000040038662114f, 88
1652707992.370246, sdrt-health/mac:02010b41cdec/antenna/tag/e2806894000040038662114f, 88
1652707992.400532, sdrt-health/mac:02010b41cdec/antenna/tag/e28068940000500386620d4f, 81
1652707992.401048, sdrt-health/mac:02010b41cdec/antenna/tag/e2806894000050038661fd4f, 83
1652707992.414811, sdrt-health/mac:02010b41cdec/antenna/tag/e28068940000400386621d4f, 96
1652707992.415084, sdrt-health/mac:02010b41cdec/antenna/tag/e2806894000050038661fd4f, 83
1652707992.415267, sdrt-health/mac:02010b41cdec/antenna/tag/e28068940000400386621d4f, 96
1652707992.460647, sdrt-health/mac:02010b41cdec/antenna/tag/e28068940000400386621d4f, 90
1652707992.501451, sdrt-health/mac:02010b41cdec/antenna/tag/e2806894000040038662114f, 88
1652707992.562606, sdrt-health/mac:02010b41cdec/antenna/tag/e2806894000040038662114f, 88
1652707992.563138, sdrt-health/mac:02010b41cdec/antenna/tag/e2806894000050038662154f, 88
1652707992.578203, sdrt-health/mac:02010b41cdec/antenna/tag/e2806894000040038662114f, 88
1652707992.608586, sdrt-health/mac:02010b41cdec/antenna/tag/e2806894000050038661fd4f, 86
1652707992.639866, sdrt-health/mac:02010b41cdec/antenna/tag/e28068940000400386621d4f, 90
1652707992.693424, sdrt-health/mac:02010b41cdec/antenna/tag/e2806894000050038661fd4f, 90
1652707992.693936, sdrt-health/mac:02010b41cdec/antenna/tag/e28068940000400386621d4f, 96
1652707992.707617, sdrt-health/mac:02010b41cdec/antenna/tag/e2806894000050038662154f, 88
1652707992.719882, sdrt-health/mac:02010b41cdec/antenna/tag/e2806894000050038662154f, 93
1652707992.760901, sdrt-health/mac:02010b41cdec/antenna/tag/e2806894000050038662154f, 85
1652707992.802687, sdrt-health/mac:02010b41cdec/antenna/tag/e28068940000400386621d4f, 96
1652707992.833432, sdrt-health/mac:02010b41cdec/antenna/tag/e2806894000050038661fd4f, 83
1652707992.833767, sdrt-health/mac:02010b41cdec/antenna/tag/e2806894000040038662114f, 85
1652707992.848577, sdrt-health/mac:02010b41cdec/antenna/tag/e2806894000040038662114f, 85
1652707992.880657, sdrt-health/mac:02010b41cdec/antenna/tag/e2806894000050038661fd4f, 83
1652707992.938171, sdrt-health/mac:02010b41cdec/antenna/tag/e28068940000400386621d4f, 96
1652707992.938643, sdrt-health/mac:02010b41cdec/antenna/tag/e28068940000500386620d4f, 94
1652707992.960955, sdrt-health/mac:02010b41cdec/antenna/tag/e28068940000500386620d4f, 81
1652707993.000966, sdrt-health/mac:02010b41cdec/antenna/tag/e28068940000400386621d4f, 90
1652707993.040033, sdrt-health/mac:02010b41cdec/antenna/tag/e2806894000050038661fd4f, 86
1652707993.102653, sdrt-health/mac:02010b41cdec/antenna/tag/e2806894000050038662154f, 88
1652707993.141438, sdrt-health/mac:02010b41cdec/antenna/tag/e28068940000400386621d4f, 96
1652707993.263888, sdrt-health/mac:02010b41cdec/antenna/tag/e2806894000040038662114f, 85
1652707993.26524, sdrt-health/mac:02010b41cdec/antenna/tag/e2806894000050038662154f, 85
1652707993.310497, sdrt-health/mac:02010b41cdec/antenna/tag/e2806894000040038662114f, 97
1652707993.339782, sdrt-health/mac:02010b41cdec/antenna/tag/e2806894000040038661f94f, 88
1652707993.340027, sdrt-health/mac:02010b41cdec/antenna/tag/e2806894000050038661fd4f, 86
1652707993.340161, sdrt-health/mac:02010b41cdec/antenna/tag/e28068940000400386621d4f, 90
1652707993.340308, sdrt-health/mac:02010b41cdec/antenna/tag/e28068940000400386621d4f, 90
1652707993.354098, sdrt-health/mac:02010b41cdec/antenna/tag/e2806894000050038662154f, 85
1652707993.395491, sdrt-health/mac:02010b41cdec/antenna/tag/e28068940000500386620d4f, 94
1652707993.448608, sdrt-health/mac:02010b41cdec/antenna/tag/e2806894000040038662114f, 88
1652707993.44916, sdrt-health/mac:02010b41cdec/antenna/tag/e2806894000050038661fd4f, 83
1652707993.479017, sdrt-health/mac:02010b41cdec/antenna/tag/e2806894000050038662154f, 88
1652707993.510975, sdrt-health/mac:02010b41cdec/antenna/tag/e2806894000040038662114f, 88
1652707993.511233, sdrt-health/mac:02010b41cdec/antenna/tag/e28068940000400386621d4f, 96
1652707993.529248, sdrt-health/mac:02010b41cdec/antenna/tag/e2806894000050038662194f, 81
1652707993.590841, sdrt-health/mac:02010b41cdec/antenna/tag/e2806894000050038661fd4f, 83
1652707993.591348, sdrt-health/mac:02010b41cdec/antenna/tag/e2806894000050038661fd4f, 86
1652707993.606507, sdrt-health/mac:02010b41cdec/antenna/tag/e2806894000050038662154f, 88
1652707993.611202, sdrt-health/mac:02010b41cdec/antenna/tag/e2806894000050038662154f, 88
1652707993.670502, sdrt-health/mac:02010b41cdec/antenna/tag/e2806894000040038662114f, 85
1652707993.710404, sdrt-health/mac:02010b41cdec/antenna/tag/e28068940000400386621d4f, 96
1652707993.776612, sdrt-health/mac:02010b41cdec/antenna/tag/e2806894000050038662154f, 91
1652707993.77722, sdrt-health/mac:02010b41cdec/antenna/tag/e2806894000050038662154f, 85
1652707993.799327, sdrt-health/mac:02010b41cdec/antenna/tag/e2806894000050038661fd4f, 83
1652707993.854272, sdrt-health/mac:02010b41cdec/antenna/tag/e2806894000050038662154f, 88
1652707993.854727, sdrt-health/mac:02010b41cdec/antenna/tag/e2806894000050038662154f, 91
1652707993.873754, sdrt-health/mac:02010b41cdec/antenna/tag/e2806894000050038661fd4f, 83
1652707993.880413, sdrt-health/mac:02010b41cdec/antenna/tag/e2806894000050038661fd4f, 83
1652707993.920341, sdrt-health/mac:02010b41cdec/antenna/tag/e2806894000050038662154f, 87
1652707993.975001, sdrt-health/mac:02010b41cdec/antenna/tag/e2806894000050038661fd4f, 83
1652707993.975519, sdrt-health/mac:02010b41cdec/antenna/tag/e2806894000050038661fd4f, 86
1652707993.992263, sdrt-health/mac:02010b41cdec/antenna/tag/e2806894000040038662114f, 88
1652707994.028842, sdrt-health/mac:02010b41cdec/antenna/tag/e2806894000040038662114f, 88
1652707994.029198, sdrt-health/mac:02010b41cdec/antenna/tag/e2806894000050038662154f, 91
1652707994.048748, sdrt-health/mac:02010b41cdec/antenna/tag/e2806894000050038662154f, 85
1652707994.078896, sdrt-health/mac:02010b41cdec/antenna/tag/e2806894000040038662114f, 85
1652707994.079314, sdrt-health/mac:02010b41cdec/antenna/tag/e2806894000050038661fd4f, 83
1652707994.092871, sdrt-health/mac:02010b41cdec/antenna/tag/e2806894000050038661fd4f, 83
1652707994.093297, sdrt-health/mac:02010b41cdec/antenna/tag/e28068940000400386621d4f, 96
1652707994.138674, sdrt-health/mac:02010b41cdec/antenna/tag/e2806894000040038662114f, 88
1652707994.180879, sdrt-health/mac:02010b41cdec/antenna/tag/e2806894000040038662114f, 88
1652707994.233827, sdrt-health/mac:02010b41cdec/antenna/tag/e2806894000050038662154f, 85
1652707994.234191, sdrt-health/mac:02010b41cdec/antenna/tag/e28068940000400386621d4f, 90
1652707994.248307, sdrt-health/mac:02010b41cdec/antenna/tag/e28068940000400386621d4f, 96
1652707994.268935, sdrt-health/mac:02010b41cdec/antenna/tag/e2806894000050038662154f, 85
1652707994.299804, sdrt-health/mac:02010b41cdec/antenna/tag/e2806894000040038662114f, 85
1652707994.356638, sdrt-health/mac:02010b41cdec/antenna/tag/e28068940000400386621d4f, 96
1652707994.35722, sdrt-health/mac:02010b41cdec/antenna/tag/e28068940000500386620d4f, 88
1652707994.357557, sdrt-health/mac:02010b41cdec/antenna/tag/e2806894000040038662114f, 85
1652707994.380769, sdrt-health/mac:02010b41cdec/antenna/tag/e2806894000050038662154f, 85
1652707994.47083, sdrt-health/mac:02010b41cdec/antenna/tag/e28068940000500386620d4f, 94
1652707994.511538, sdrt-health/mac:02010b41cdec/antenna/tag/e2806894000050038662154f, 88
1652707994.549842, sdrt-health/mac:02010b41cdec/antenna/tag/e28068940000500386620d4f, 87
1652707994.59828, sdrt-health/mac:02010b41cdec/antenna/tag/e28068940000400386621d4f, 77
1652707994.676308, sdrt-health/mac:02010b41cdec/antenna/tag/e2806894000040038662114f, 91
1652707994.709893, sdrt-health/mac:02010b41cdec/antenna/tag/e28068940000400386621d4f, 90
1652707994.742939, sdrt-health/mac:02010b41cdec/antenna/tag/e2806894000050038661fd4f, 86
1652707994.743487, sdrt-health/mac:02010b41cdec/antenna/tag/e28068940000400386621d4f, 90
1652707994.758102, sdrt-health/mac:02010b41cdec/antenna/tag/e2806894000040038662114f, 88
1652707994.758369, sdrt-health/mac:02010b41cdec/antenna/tag/e2806894000050038661fd4f, 86
1652707994.810522, sdrt-health/mac:02010b41cdec/antenna/tag/e2806894000050038662154f, 85
1652707994.84043, sdrt-health/mac:02010b41cdec/antenna/tag/e2806894000040038662114f, 88
1652707994.840793, sdrt-health/mac:02010b41cdec/antenna/tag/e2806894000050038661fd4f, 86
1652707994.863276, sdrt-health/mac:02010b41cdec/antenna/tag/e2806894000050038661fd4f, 86
1652707994.863551, sdrt-health/mac:02010b41cdec/antenna/tag/e2806894000050038662154f, 88
1652707994.889454, sdrt-health/mac:02010b41cdec/antenna/tag/e2806894000050038662194f, 81
1652707994.930623, sdrt-health/mac:02010b41cdec/antenna/tag/e28068940000400386621d4f, 77
1652707994.978593, sdrt-health/mac:02010b41cdec/antenna/tag/e28068940000500386620d4f, 83
1652707995.01013, sdrt-health/mac:02010b41cdec/antenna/tag/e2806894000050038662194f, 81
1652707995.069865, sdrt-health/mac:02010b41cdec/antenna/tag/e28068940000500386620d4f, 83
1652707995.07039, sdrt-health/mac:02010b41cdec/antenna/tag/e2806894000050038662154f, 88
1652707995.105313, sdrt-health/mac:02010b41cdec/antenna/tag/e28068940000400386621d4f, 96
1652707995.136428, sdrt-health/mac:02010b41cdec/antenna/tag/e2806894000050038661fd4f, 86
1652707995.136736, sdrt-health/mac:02010b41cdec/antenna/tag/e2806894000050038662154f, 85
1652707995.150778, sdrt-health/mac:02010b41cdec/antenna/tag/e2806894000040038662114f, 88
1652707995.186649, sdrt-health/mac:02010b41cdec/antenna/tag/e2806894000050038662154f, 88
1652707995.220045, sdrt-health/mac:02010b41cdec/antenna/tag/e2806894000050038661fd4f, 86
1652707995.259689, sdrt-health/mac:02010b41cdec/antenna/tag/e2806894000050038662154f, 85
1652707995.319261, sdrt-health/mac:02010b41cdec/antenna/tag/e2806894000050038661fd4f, 83
1652707995.381856, sdrt-health/mac:02010b41cdec/antenna/tag/e2806894000050038661fd4f, 86
1652707995.421404, sdrt-health/mac:02010b41cdec/antenna/tag/e2806894000040038662114f, 85
1652707995.454945, sdrt-health/mac:02010b41cdec/antenna/tag/e28068940000500386620d4f, 83
1652707995.455344, sdrt-health/mac:02010b41cdec/antenna/tag/e2806894000050038662154f, 88
1652707995.472821, sdrt-health/mac:02010b41cdec/antenna/tag/e2806894000050038662154f, 88
1652707995.506033, sdrt-health/mac:02010b41cdec/antenna/tag/e2806894000050038661fd4f, 83
1652707995.540145, sdrt-health/mac:02010b41cdec/antenna/tag/e28068940000500386620d4f, 81
1652707995.593154, sdrt-health/mac:02010b41cdec/antenna/tag/e2806894000050038662154f, 85
1652707995.593477, sdrt-health/mac:02010b41cdec/antenna/tag/e2806894000050038662154f, 85
1652707995.618883, sdrt-health/mac:02010b41cdec/antenna/tag/e2806894000050038661fd4f, 83
1652707995.674729, sdrt-health/mac:02010b41cdec/antenna/tag/e28068940000500386620d4f, 83
1652707995.675193, sdrt-health/mac:02010b41cdec/antenna/tag/e28068940000500386620d4f, 81
1652707995.693075, sdrt-health/mac:02010b41cdec/antenna/tag/e2806894000050038662154f, 88
1652707995.70075, sdrt-health/mac:02010b41cdec/antenna/tag/e2806894000050038662154f, 85
1652707995.762346, sdrt-health/mac:02010b41cdec/antenna/tag/e2806894000050038662154f, 91
1652707995.814471, sdrt-health/mac:02010b41cdec/antenna/tag/e28068940000400386621d4f, 96
1652707995.815085, sdrt-health/mac:02010b41cdec/antenna/tag/e2806894000050038662154f, 91
1652707995.83957, sdrt-health/mac:02010b41cdec/antenna/tag/e28068940000500386620d4f, 83
1652707995.901199, sdrt-health/mac:02010b41cdec/antenna/tag/e2806894000040038662114f, 91
1652707995.901791, sdrt-health/mac:02010b41cdec/antenna/tag/e2806894000050038661fd4f, 83
1652707995.915434, sdrt-health/mac:02010b41cdec/antenna/tag/e2806894000050038661fd4f, 83
1652707995.915781, sdrt-health/mac:02010b41cdec/antenna/tag/e2806894000050038662154f, 85
1652707995.919924, sdrt-health/mac:02010b41cdec/antenna/tag/e2806894000050038661fd4f, 83
1652707995.930327, sdrt-health/mac:02010b41cdec/antenna/tag/e28068940000400386621d4f, 96
1652707995.96134, sdrt-health/mac:02010b41cdec/antenna/tag/e2806894000050038661fd4f, 86
1652707996.019311, sdrt-health/mac:02010b41cdec/antenna/tag/e28068940000400386621d4f, 96
1652707996.06732, sdrt-health/mac:02010b41cdec/antenna/tag/e2806894000050038662154f, 88
1652707996.067831, sdrt-health/mac:02010b41cdec/antenna/tag/e2806894000040038662114f, 88
1652707996.083579, sdrt-health/mac:02010b41cdec/antenna/tag/e2806894000040038662114f, 88
1652707996.112088, sdrt-health/mac:02010b41cdec/antenna/tag/e2806894000050038661fd4f, 86
1652707996.11259, sdrt-health/mac:02010b41cdec/antenna/tag/e2806894000050038662154f, 88
1652707996.112852, sdrt-health/mac:02010b41cdec/antenna/tag/e2806894000040038662114f, 91
1652707996.130063, sdrt-health/mac:02010b41cdec/antenna/tag/e2806894000050038661fd4f, 86
1652707996.165972, sdrt-health/mac:02010b41cdec/antenna/tag/e2806894000050038662154f, 85
1652707996.166245, sdrt-health/mac:02010b41cdec/antenna/tag/e28068940000400386621d4f, 90
1652707996.166433, sdrt-health/mac:02010b41cdec/antenna/tag/e2806894000040038662114f, 88
1652707996.182101, sdrt-health/mac:02010b41cdec/antenna/tag/e2806894000050038661fd4f, 86
1652707996.219098, sdrt-health/mac:02010b41cdec/antenna/tag/e2806894000050038662154f, 88
1652707996.272047, sdrt-health/mac:02010b41cdec/antenna/tag/e2806894000050038662194f, 88
1652707996.32504, sdrt-health/mac:02010b41cdec/antenna/tag/e28068940000500386620d4f, 94
1652707996.325546, sdrt-health/mac:02010b41cdec/antenna/tag/e2806894000050038661fd4f, 86
1652707996.355419, sdrt-health/mac:02010b41cdec/antenna/tag/e28068940000400386621d4f, 96
1652707996.355774, sdrt-health/mac:02010b41cdec/antenna/tag/e28068940000500386620d4f, 94
1652707996.35606, sdrt-health/mac:02010b41cdec/antenna/tag/e2806894000050038661fd4f, 86
1652707996.395467, sdrt-health/mac:02010b41cdec/antenna/tag/e2806894000050038661fd4f, 83
1652707996.441789, sdrt-health/mac:02010b41cdec/antenna/tag/e28068940000400386621d4f, 90
1652707996.442069, sdrt-health/mac:02010b41cdec/antenna/tag/e2806894000040038662114f, 85
1652707996.475442, sdrt-health/mac:02010b41cdec/antenna/tag/e2806894000050038662154f, 88
1652707996.523768, sdrt-health/mac:02010b41cdec/antenna/tag/e28068940000500386620d4f, 81
1652707996.560319, sdrt-health/mac:02010b41cdec/antenna/tag/e28068940000500386620d4f, 81
1652707996.618341, sdrt-health/mac:02010b41cdec/antenna/tag/e2806894000040038662114f, 88
1652707996.61888, sdrt-health/mac:02010b41cdec/antenna/tag/e2806894000050038661fd4f, 83
1652707996.632957, sdrt-health/mac:02010b41cdec/antenna/tag/e28068940000500386620d4f, 81
1652707996.643066, sdrt-health/mac:02010b41cdec/antenna/tag/e2806894000040038662114f, 85
1652707996.679894, sdrt-health/mac:02010b41cdec/antenna/tag/e2806894000050038661fd4f, 86
1652707996.709817, sdrt-health/mac:02010b41cdec/antenna/tag/e28068940000400386621d4f, 96
1652707996.71045, sdrt-health/mac:02010b41cdec/antenna/tag/e2806894000050038661fd4f, 86
1652707996.740178, sdrt-health/mac:02010b41cdec/antenna/tag/e28068940000400386621d4f, 90
1652707996.915552, sdrt-health/mac:02010b41cdec/antenna/tag/e2806894000050038662154f, 88
1652707996.949264, sdrt-health/mac:02010b41cdec/antenna/tag/e28068940000400386621d4f, 96
1652707996.988775, sdrt-health/mac:02010b41cdec/antenna/tag/e2806894000050038662154f, 88
1652707997.044066, sdrt-health/mac:02010b41cdec/antenna/tag/e2806894000050038661fd4f, 83
1652707997.044544, sdrt-health/mac:02010b41cdec/antenna/tag/e2806894000050038661fd4f, 90
1652707997.057717, sdrt-health/mac:02010b41cdec/antenna/tag/e2806894000050038662154f, 88
1652707997.080012, sdrt-health/mac:02010b41cdec/antenna/tag/e2806894000050038662154f, 88
1652707997.33379, sdrt-health/mac:02010b41cdec/antenna/tag/e28068940000400386621d4f, 96
1652707997.334321, sdrt-health/mac:02010b41cdec/antenna/tag/e2806894000050038662154f, 88
1652707997.334756, sdrt-health/mac:02010b41cdec/antenna/tag/e2806894000040038662114f, 85
1652707997.361996, sdrt-health/mac:02010b41cdec/antenna/tag/e2806894000040038662114f, 88
1652707997.416371, sdrt-health/mac:02010b41cdec/antenna/tag/e2806894000050038662154f, 88
1652707997.416817, sdrt-health/mac:02010b41cdec/antenna/tag/e2806894000040038662214f, 82
1652707997.439032, sdrt-health/mac:02010b41cdec/antenna/tag/e2806894000040038662114f, 85
1652707997.43926, sdrt-health/mac:02010b41cdec/antenna/tag/e2806894000050038662154f, 88
1652707997.48133, sdrt-health/mac:02010b41cdec/antenna/tag/e28068940000500386620d4f, 83
1652707997.554847, sdrt-health/mac:02010b41cdec/antenna/tag/e2806894000040038662214f, 94
1652707997.555365, sdrt-health/mac:02010b41cdec/antenna/tag/e2806894000050038662154f, 88
1652707997.597287, sdrt-health/mac:02010b41cdec/antenna/tag/e2806894000040038662114f, 88
1652707997.627577, sdrt-health/mac:02010b41cdec/antenna/tag/e2806894000050038661fd4f, 83
1652707997.627868, sdrt-health/mac:02010b41cdec/antenna/tag/e2806894000040038662114f, 85
1652707997.659086, sdrt-health/mac:02010b41cdec/antenna/tag/e28068940000500386620d4f, 81
1652707997.724581, sdrt-health/mac:02010b41cdec/antenna/tag/e28068940000400386621d4f, 90
1652707997.762276, sdrt-health/mac:02010b41cdec/antenna/tag/e28068940000500386620d4f, 94
1652707997.813381, sdrt-health/mac:02010b41cdec/antenna/tag/e2806894000050038662154f, 85
1652707997.813938, sdrt-health/mac:02010b41cdec/antenna/tag/e28068940000400386621d4f, 90
1652707997.848395, sdrt-health/mac:02010b41cdec/antenna/tag/e2806894000040038662114f, 88
1652707997.878802, sdrt-health/mac:02010b41cdec/antenna/tag/e2806894000050038662154f, 88
1652707997.879313, sdrt-health/mac:02010b41cdec/antenna/tag/e2806894000050038661fd4f, 86
1652707997.895414, sdrt-health/mac:02010b41cdec/antenna/tag/e28068940000400386621d4f, 90
1652707997.895872, sdrt-health/mac:02010b41cdec/antenna/tag/e2806894000040038662114f, 91
1652707997.930511, sdrt-health/mac:02010b41cdec/antenna/tag/e2806894000040038662114f, 88
1652707997.970353, sdrt-health/mac:02010b41cdec/antenna/tag/e28068940000500386620d4f, 88
1652707998.010255, sdrt-health/mac:02010b41cdec/antenna/tag/e2806894000040038662214f, 88
1652707998.072032, sdrt-health/mac:02010b41cdec/antenna/tag/e2806894000040038662114f, 88
1652707998.072524, sdrt-health/mac:02010b41cdec/antenna/tag/e2806894000050038661fd4f, 90
1652707998.088275, sdrt-health/mac:02010b41cdec/antenna/tag/e2806894000050038662154f, 91
1652707998.091033, sdrt-health/mac:02010b41cdec/antenna/tag/e2806894000050038662154f, 88
1652707998.103355, sdrt-health/mac:02010b41cdec/antenna/tag/e28068940000400386621d4f, 96
1652707998.103619, sdrt-health/mac:02010b41cdec/antenna/tag/e2806894000050038662154f, 88
1652707998.140406, sdrt-health/mac:02010b41cdec/antenna/tag/e2806894000040038662114f, 88
1652707998.173583, sdrt-health/mac:02010b41cdec/antenna/tag/e2806894000050038661fd4f, 86
1652707998.174097, sdrt-health/mac:02010b41cdec/antenna/tag/e28068940000400386621d4f, 96
1652707998.174385, sdrt-health/mac:02010b41cdec/antenna/tag/e2806894000050038661fd4f, 86
1652707998.190311, sdrt-health/mac:02010b41cdec/antenna/tag/e28068940000400386621d4f, 96
1652707998.231922, sdrt-health/mac:02010b41cdec/antenna/tag/e28068940000400386621d4f, 96
1652707998.28888, sdrt-health/mac:02010b41cdec/antenna/tag/e2806894000050038662154f, 97
1652707998.289335, sdrt-health/mac:02010b41cdec/antenna/tag/e2806894000050038661fd4f, 86
1652707998.309683, sdrt-health/mac:02010b41cdec/antenna/tag/e2806894000040038662114f, 88
1652707998.355559, sdrt-health/mac:02010b41cdec/antenna/tag/e2806894000050038661fd4f, 83
1652707998.41545, sdrt-health/mac:02010b41cdec/antenna/tag/e28068940000400386621d4f, 90
1652707998.415961, sdrt-health/mac:02010b41cdec/antenna/tag/e2806894000050038661fd4f, 83
1652707998.434397, sdrt-health/mac:02010b41cdec/antenna/tag/e2806894000050038662154f, 88
1652707998.466885, sdrt-health/mac:02010b41cdec/antenna/tag/e28068940000400386621d4f, 96
1652707998.467355, sdrt-health/mac:02010b41cdec/antenna/tag/e2806894000050038662154f, 85
1652707998.467661, sdrt-health/mac:02010b41cdec/antenna/tag/e2806894000050038662154f, 91
1652707998.480067, sdrt-health/mac:02010b41cdec/antenna/tag/e2806894000040038662114f, 88
1652707998.520635, sdrt-health/mac:02010b41cdec/antenna/tag/e2806894000050038661fd4f, 86
1652707998.57486, sdrt-health/mac:02010b41cdec/antenna/tag/e2806894000050038661fd4f, 86
1652707998.57539, sdrt-health/mac:02010b41cdec/antenna/tag/e2806894000050038661fd4f, 86
1652707998.608159, sdrt-health/mac:02010b41cdec/antenna/tag/e2806894000050038662154f, 88
1652707998.653164, sdrt-health/mac:02010b41cdec/antenna/tag/e28068940000400386621d4f, 96
1652707998.653713, sdrt-health/mac:02010b41cdec/antenna/tag/e2806894000050038661fd4f, 86
1652707998.666973, sdrt-health/mac:02010b41cdec/antenna/tag/e28068940000400386621d4f, 90
1652707998.727655, sdrt-health/mac:02010b41cdec/antenna/tag/e2806894000050038662154f, 88
1652707998.771257, sdrt-health/mac:02010b41cdec/antenna/tag/e2806894000040038662114f, 91
1652707998.806036, sdrt-health/mac:02010b41cdec/antenna/tag/e2806894000050038661fd4f, 90
1652707998.806356, sdrt-health/mac:02010b41cdec/antenna/tag/e2806894000040038662114f, 85
1652707998.827823, sdrt-health/mac:02010b41cdec/antenna/tag/e2806894000050038662154f, 88
1652707998.860173, sdrt-health/mac:02010b41cdec/antenna/tag/e2806894000040038662114f, 88
1652707998.900147, sdrt-health/mac:02010b41cdec/antenna/tag/e28068940000500386620d4f, 81
1652707999.036464, sdrt-health/mac:02010b41cdec/antenna/tag/e2806894000050038662194f, 94
1652707999.037078, sdrt-health/mac:02010b41cdec/antenna/tag/e28068940000400386621d4f, 90
1652707999.089418, sdrt-health/mac:02010b41cdec/antenna/tag/e2806894000050038661fd4f, 86
1652707999.129867, sdrt-health/mac:02010b41cdec/antenna/tag/e28068940000400386621d4f, 90
1652707999.159835, sdrt-health/mac:02010b41cdec/antenna/tag/e2806894000050038661fd4f, 90
1652707999.160376, sdrt-health/mac:02010b41cdec/antenna/tag/e2806894000040038662114f, 88
1652707999.175822, sdrt-health/mac:02010b41cdec/antenna/tag/e2806894000050038662154f, 88
1652707999.176274, sdrt-health/mac:02010b41cdec/antenna/tag/e28068940000400386621d4f, 90
1652707999.209746, sdrt-health/mac:02010b41cdec/antenna/tag/e28068940000400386621d4f, 96
1652707999.249433, sdrt-health/mac:02010b41cdec/antenna/tag/e2806894000040038662114f, 85
1652707999.291287, sdrt-health/mac:02010b41cdec/antenna/tag/e2806894000040038662114f, 85
1652707999.330113, sdrt-health/mac:02010b41cdec/antenna/tag/e28068940000500386620d4f, 81
1652707999.375261, sdrt-health/mac:02010b41cdec/antenna/tag/e28068940000500386620d4f, 81
1652707999.405354, sdrt-health/mac:02010b41cdec/antenna/tag/e2806894000050038661fd4f, 83
1652707999.405674, sdrt-health/mac:02010b41cdec/antenna/tag/e28068940000400386621d4f, 96
1652707999.423737, sdrt-health/mac:02010b41cdec/antenna/tag/e28068940000500386620d4f, 94
1652707999.424044, sdrt-health/mac:02010b41cdec/antenna/tag/e28068940000400386621d4f, 96
1652707999.45796, sdrt-health/mac:02010b41cdec/antenna/tag/e28068940000500386620d4f, 81
1652707999.500255, sdrt-health/mac:02010b41cdec/antenna/tag/e28068940000400386621d4f, 96
1652707999.542091, sdrt-health/mac:02010b41cdec/antenna/tag/e2806894000050038661fd4f, 86
1652707999.987314, sdrt-health/mac:02010b41cdec/antenna/tag/e2806894000050038661fd4f, 86
1652707999.987833, sdrt-health/mac:02010b41cdec/antenna/tag/e28068940000400386621d4f, 96
1652707999.988196, sdrt-health/mac:02010b41cdec/antenna/tag/e2806894000050038661fd4f, 86
1652707999.988588, sdrt-health/mac:02010b41cdec/antenna/tag/e2806894000050038662154f, 88
1652708000.347703, sdrt-health/mac:02010b41cdec/antenna/tag/e2806894000050038662154f, 88
1652708000.347907, sdrt-health/mac:02010b41cdec/antenna/tag/e2806894000050038661fd4f, 86
1652708000.348038, sdrt-health/mac:02010b41cdec/antenna/tag/e2806894000050038661fd4f, 86
1652708000.34815, sdrt-health/mac:02010b41cdec/antenna/tag/e2806894000040038662114f, 88
1652708000.348264, sdrt-health/mac:02010b41cdec/antenna/tag/e2806894000040038662114f, 91
1652708000.348393, sdrt-health/mac:02010b41cdec/antenna/tag/e28068940000500386620d4f, 94
1652708000.348504, sdrt-health/mac:02010b41cdec/antenna/tag/e2806894000050038662194f, 88
1652708000.348616, sdrt-health/mac:02010b41cdec/antenna/tag/e2806894000040038662114f, 91
1652708000.348725, sdrt-health/mac:02010b41cdec/antenna/tag/e28068940000400386621d4f, 90
1652708000.348839, sdrt-health/mac:02010b41cdec/antenna/tag/e2806894000050038662194f, 81
1652708000.348949, sdrt-health/mac:02010b41cdec/antenna/tag/e2806894000040038662114f, 88
1652708000.349059, sdrt-health/mac:02010b41cdec/antenna/tag/e28068940000500386620d4f, 81
1652708000.349181, sdrt-health/mac:02010b41cdec/antenna/tag/e2806894000050038662194f, 81
1652708000.349275, sdrt-health/mac:02010b41cdec/antenna/tag/e2806894000050038662154f, 88
1652708000.349403, sdrt-health/mac:02010b41cdec/antenna/tag/e2806894000050038661fd4f, 83
1652708000.349513, sdrt-health/mac:02010b41cdec/antenna/tag/e2806894000050038662154f, 88
1652708000.349631, sdrt-health/mac:02010b41cdec/antenna/tag/e28068940000500386620d4f, 81
1652708000.349748, sdrt-health/mac:02010b41cdec/antenna/tag/e2806894000050038662154f, 85
1652708000.349864, sdrt-health/mac:02010b41cdec/antenna/tag/e2806894000050038662154f, 85
1652708000.349994, sdrt-health/mac:02010b41cdec/antenna/tag/e2806894000050038662154f, 88
1652708000.35016, sdrt-health/mac:02010b41cdec/antenna/tag/e2806894000040038662114f, 88
1652708000.350348, sdrt-health/mac:02010b41cdec/antenna/tag/e2806894000050038662154f, 88
1652708000.350484, sdrt-health/mac:02010b41cdec/antenna/tag/e28068940000400386621d4f, 90
1652708000.350599, sdrt-health/mac:02010b41cdec/antenna/tag/e28068940000400386621d4f, 96
1652708000.35071, sdrt-health/mac:02010b41cdec/antenna/tag/e28068940000400386621d4f, 96
1652708000.350842, sdrt-health/mac:02010b41cdec/antenna/tag/e28068940000400386621d4f, 90
1652708000.362253, sdrt-health/mac:02010b41cdec/antenna/tag/e2806894000040038662114f, 88
1652708000.370146, sdrt-health/mac:02010b41cdec/antenna/tag/e28068940000500386620d4f, 85
1652708000.378181, sdrt-health/mac:02010b41cdec/antenna/tag/e28068940000400386621d4f, 96
1652708000.378419, sdrt-health/mac:02010b41cdec/antenna/tag/e2806894000040038662114f, 91
1652708000.513013, sdrt-health/mac:02010b41cdec/antenna/tag/e28068940000400386621d4f, 96
1652708000.552768, sdrt-health/mac:02010b41cdec/antenna/tag/e2806894000040038662214f, 82
1652708000.598436, sdrt-health/mac:02010b41cdec/antenna/tag/e2806894000040038662214f, 88
1652708000.691628, sdrt-health/mac:02010b41cdec/antenna/tag/e2806894000040038662114f, 88
1652708000.692147, sdrt-health/mac:02010b41cdec/antenna/tag/e2806894000050038662194f, 88
1652708000.706772, sdrt-health/mac:02010b41cdec/antenna/tag/e28068940000400386621d4f, 90
1652708000.747492, sdrt-health/mac:02010b41cdec/antenna/tag/e28068940000400386621d4f, 96
1652708000.797427, sdrt-health/mac:02010b41cdec/antenna/tag/e2806894000050038662194f, 94
1652708000.79791, sdrt-health/mac:02010b41cdec/antenna/tag/e2806894000050038662194f, 88
1652708000.820952, sdrt-health/mac:02010b41cdec/antenna/tag/e2806894000040038662054f, 110
1652708000.821165, sdrt-health/mac:02010b41cdec/antenna/tag/e28068940000500386620d4f, 83
1652708001.029454, sdrt-health/mac:02010b41cdec/antenna/tag/scan, scan stopped
