1652707309.525018, sdrt-health/mac:02010b41cdec/antenna/power/set, {"power": 290}
1652707310.585383, sdrt-health/mac:02010b41cdec/antenna/power/set, 
1652707310.719248, sdrt-health/mac:02010b41cdec/antenna/state, connected
1652707310.719475, sdrt-health/mac:02010b41cdec/fw, {"version":"1.8.1","model":"200","hash":"2f556501b58f1dad542af428d7928d18","timestamp":1652707307}
1652707310.914361, sdrt-health/mac:02010b41cdec/antenna/version, J.6.6/V0121-04
1652707311.143984, sdrt-health/mac:02010b41cdec/antenna/power, 29
1652707314.546726, sdrt-health/mac:02010b41cdec/antenna/tag/scan, {"time": 20000}
1652707314.843007, sdrt-health/mac:02010b41cdec/antenna/tag/e2806894000050038662154f, 91
1652707314.893235, sdrt-health/mac:02010b41cdec/antenna/tag/e28068940000400386621d4f, 96
1652707314.967135, sdrt-health/mac:02010b41cdec/antenna/tag/e2806894000050038662154f, 88
1652707314.967586, sdrt-health/mac:02010b41cdec/antenna/tag/e2806894000050038661fd4f, 86
1652707314.991676, sdrt-health/mac:02010b41cdec/antenna/tag/e2806894000040038662114f, 88
1652707315.039659, sdrt-health/mac:02010b41cdec/antenna/tag/e2806894000050038662154f, 88
1652707315.040157, sdrt-health/mac:02010b41cdec/antenna/tag/e2806894000050038662154f, 91
1652707315.064039, sdrt-health/mac:02010b41cdec/antenna/tag/e2806894000050038661fd4f, 86
1652707315.104051, sdrt-health/mac:02010b41cdec/antenna/tag/e2806894000040038662114f, 91
1652707315.160634, sdrt-health/mac:02010b41cdec/antenna/tag/e2806894000050038662154f, 88
1652707315.161093, sdrt-health/mac:02010b41cdec/antenna/tag/e2806894000040038662114f, 88
1652707315.186964, sdrt-health/mac:02010b41cdec/antenna/tag/e28068940000500386620d4f, 93
1652707315.227111, sdrt-health/mac:02010b41cdec/antenna/tag/e2806894000040038662114f, 85
1652707315.262306, sdrt-health/mac:02010b41cdec/antenna/tag/e2806894000050038662154f, 85
1652707315.322588, sdrt-health/mac:02010b41cdec/antenna/tag/e2806894000050038662194f, 81
1652707315.362328, sdrt-health/mac:02010b41cdec/antenna/tag/e28068940000400386621d4f, 90
1652707315.402746, sdrt-health/mac:02010b41cdec/antenna/tag/e28068940000400386621d4f, 96
1652707315.442845, sdrt-health/mac:02010b41cdec/antenna/tag/e2806894000050038661fd4f, 86
1652707315.497958, sdrt-health/mac:02010b41cdec/antenna/tag/e28068940000400386621d4f, 96
1652707315.498464, sdrt-health/mac:02010b41cdec/antenna/tag/e2806894000050038661fd4f, 86
1652707315.512241, sdrt-health/mac:02010b41cdec/antenna/tag/e2806894000040038662114f, 88
1652707315.522222, sdrt-health/mac:02010b41cdec/antenna/tag/e2806894000040038662114f, 88
1652707315.562543, sdrt-health/mac:02010b41cdec/antenna/tag/e2806894000050038662154f, 88
1652707315.610647, sdrt-health/mac:02010b41cdec/antenna/tag/e28068940000500386620d4f, 83
1652707315.611661, sdrt-health/mac:02010b41cdec/antenna/tag/e2806894000050038662154f, 85
1652707315.698271, sdrt-health/mac:02010b41cdec/antenna/tag/e2806894000040038662114f, 88
1652707315.698719, sdrt-health/mac:02010b41cdec/antenna/tag/e2806894000040038662114f, 93
1652707315.722001, sdrt-health/mac:02010b41cdec/antenna/tag/e2806894000050038662154f, 85
1652707315.780255, sdrt-health/mac:02010b41cdec/antenna/tag/e28068940000400386621d4f, 96
1652707315.780705, sdrt-health/mac:02010b41cdec/antenna/tag/e2806894000050038661fd4f, 83
1652707315.796702, sdrt-health/mac:02010b41cdec/antenna/tag/e28068940000400386621d4f, 90
1652707315.82164, sdrt-health/mac:02010b41cdec/antenna/tag/e2806894000040038661f94f, 88
1652707315.882217, sdrt-health/mac:02010b41cdec/antenna/tag/e2806894000050038662154f, 85
1652707315.952929, sdrt-health/mac:02010b41cdec/antenna/tag/e2806894000040038662114f, 88
1652707315.992585, sdrt-health/mac:02010b41cdec/antenna/tag/e2806894000050038661fd4f, 83
1652707316.047964, sdrt-health/mac:02010b41cdec/antenna/tag/e2806894000050038662194f, 94
1652707316.048435, sdrt-health/mac:02010b41cdec/antenna/tag/e2806894000050038662154f, 88
1652707316.073339, sdrt-health/mac:02010b41cdec/antenna/tag/e2806894000040038662114f, 85
1652707316.126369, sdrt-health/mac:02010b41cdec/antenna/tag/e28068940000400386621d4f, 96
1652707316.126775, sdrt-health/mac:02010b41cdec/antenna/tag/e2806894000040038662114f, 85
1652707316.152743, sdrt-health/mac:02010b41cdec/antenna/tag/e2806894000050038661fd4f, 83
1652707316.272832, sdrt-health/mac:02010b41cdec/antenna/tag/e2806894000050038662154f, 85
1652707316.273423, sdrt-health/mac:02010b41cdec/antenna/tag/e28068940000500386620d4f, 81
1652707316.321933, sdrt-health/mac:02010b41cdec/antenna/tag/e2806894000050038662154f, 85
1652707316.363055, sdrt-health/mac:02010b41cdec/antenna/tag/e2806894000040038662114f, 88
1652707316.403018, sdrt-health/mac:02010b41cdec/antenna/tag/e2806894000050038662194f, 83
1652707316.404642, sdrt-health/mac:02010b41cdec/antenna/tag/e2806894000050038661fd4f, 83
1652707316.419607, sdrt-health/mac:02010b41cdec/antenna/tag/e28068940000500386620d4f, 83
1652707316.44106, sdrt-health/mac:02010b41cdec/antenna/tag/e2806894000050038662154f, 91
1652707316.492313, sdrt-health/mac:02010b41cdec/antenna/tag/e28068940000500386620d4f, 81
1652707316.548299, sdrt-health/mac:02010b41cdec/antenna/tag/e2806894000050038661fd4f, 86
1652707316.548742, sdrt-health/mac:02010b41cdec/antenna/tag/e2806894000050038661fd4f, 86
1652707316.549177, sdrt-health/mac:02010b41cdec/antenna/tag/e2806894000040038662114f, 91
1652707316.59314, sdrt-health/mac:02010b41cdec/antenna/tag/e28068940000400386621d4f, 96
1652707316.632651, sdrt-health/mac:02010b41cdec/antenna/tag/e2806894000050038661fd4f, 86
1652707316.688225, sdrt-health/mac:02010b41cdec/antenna/tag/e28068940000500386620d4f, 81
1652707316.688725, sdrt-health/mac:02010b41cdec/antenna/tag/e28068940000400386621d4f, 96
1652707316.702602, sdrt-health/mac:02010b41cdec/antenna/tag/e2806894000050038662194f, 83
1652707316.713638, sdrt-health/mac:02010b41cdec/antenna/tag/e2806894000040038662114f, 88
1652707316.772574, sdrt-health/mac:02010b41cdec/antenna/tag/e2806894000050038662154f, 88
1652707316.77474, sdrt-health/mac:02010b41cdec/antenna/tag/e2806894000050038661fd4f, 83
1652707316.862042, sdrt-health/mac:02010b41cdec/antenna/tag/e28068940000400386621d4f, 96
1652707316.904318, sdrt-health/mac:02010b41cdec/antenna/tag/e2806894000050038661fd4f, 90
1652707316.968726, sdrt-health/mac:02010b41cdec/antenna/tag/e28068940000500386620d4f, 81
1652707316.969003, sdrt-health/mac:02010b41cdec/antenna/tag/e2806894000040038662114f, 91
1652707317.092273, sdrt-health/mac:02010b41cdec/antenna/tag/e28068940000400386621d4f, 96
1652707317.121895, sdrt-health/mac:02010b41cdec/antenna/tag/e2806894000040038662114f, 88
1652707317.122077, sdrt-health/mac:02010b41cdec/antenna/tag/e2806894000040038662114f, 88
1652707317.122207, sdrt-health/mac:02010b41cdec/antenna/tag/e28068940000400386621d4f, 96
1652707317.122325, sdrt-health/mac:02010b41cdec/antenna/tag/e2806894000050038662154f, 85
1652707317.136072, sdrt-health/mac:02010b41cdec/antenna/tag/e28068940000400386621d4f, 96
1652707317.170625, sdrt-health/mac:02010b41cdec/antenna/tag/e2806894000050038661fd4f, 83
1652707317.232354, sdrt-health/mac:02010b41cdec/antenna/tag/e2806894000050038662154f, 88
1652707317.281259, sdrt-health/mac:02010b41cdec/antenna/tag/e2806894000040038662114f, 88
1652707317.329769, sdrt-health/mac:02010b41cdec/antenna/tag/e2806894000050038662154f, 85
1652707317.391892, sdrt-health/mac:02010b41cdec/antenna/tag/e2806894000040038662114f, 91
1652707317.392124, sdrt-health/mac:02010b41cdec/antenna/tag/e2806894000050038662194f, 94
1652707317.407022, sdrt-health/mac:02010b41cdec/antenna/tag/e2806894000040038662114f, 88
1652707317.413908, sdrt-health/mac:02010b41cdec/antenna/tag/e2806894000050038661fd4f, 83
1652707317.521534, sdrt-health/mac:02010b41cdec/antenna/tag/e2806894000050038662154f, 88
1652707317.58242, sdrt-health/mac:02010b41cdec/antenna/tag/e28068940000400386621d4f, 77
1652707317.610747, sdrt-health/mac:02010b41cdec/antenna/tag/e2806894000050038662154f, 91
1652707317.610971, sdrt-health/mac:02010b41cdec/antenna/tag/e2806894000050038661fd4f, 86
1652707317.624909, sdrt-health/mac:02010b41cdec/antenna/tag/e2806894000050038661fd4f, 83
1652707317.661029, sdrt-health/mac:02010b41cdec/antenna/tag/e2806894000040038662114f, 88
1652707317.74123, sdrt-health/mac:02010b41cdec/antenna/tag/e2806894000050038662154f, 91
1652707317.781831, sdrt-health/mac:02010b41cdec/antenna/tag/e28068940000400386621d4f, 96
1652707317.835147, sdrt-health/mac:02010b41cdec/antenna/tag/e28068940000400386621d4f, 96
1652707317.83537, sdrt-health/mac:02010b41cdec/antenna/tag/e28068940000500386620d4f, 94
1652707317.849792, sdrt-health/mac:02010b41cdec/antenna/tag/e2806894000050038662154f, 91
1652707317.881539, sdrt-health/mac:02010b41cdec/antenna/tag/e28068940000500386620d4f, 81
1652707317.881743, sdrt-health/mac:02010b41cdec/antenna/tag/e2806894000040038662114f, 88
1652707317.902741, sdrt-health/mac:02010b41cdec/antenna/tag/e2806894000040038662114f, 91
1652707317.933551, sdrt-health/mac:02010b41cdec/antenna/tag/e2806894000050038661fd4f, 90
1652707317.933823, sdrt-health/mac:02010b41cdec/antenna/tag/e28068940000500386620d4f, 88
1652707317.94873, sdrt-health/mac:02010b41cdec/antenna/tag/e2806894000050038662154f, 88
1652707317.948945, sdrt-health/mac:02010b41cdec/antenna/tag/e2806894000050038662154f, 88
1652707318.004114, sdrt-health/mac:02010b41cdec/antenna/tag/e28068940000500386620d4f, 87
1652707318.042771, sdrt-health/mac:02010b41cdec/antenna/tag/e2806894000050038661fd4f, 90
1652707318.082227, sdrt-health/mac:02010b41cdec/antenna/tag/e2806894000050038662154f, 91
1652707318.121608, sdrt-health/mac:02010b41cdec/antenna/tag/e2806894000050038662194f, 88
1652707318.163102, sdrt-health/mac:02010b41cdec/antenna/tag/e2806894000050038661fd4f, 83
1652707318.202096, sdrt-health/mac:02010b41cdec/antenna/tag/e2806894000050038662154f, 91
1652707318.257917, sdrt-health/mac:02010b41cdec/antenna/tag/e2806894000050038661fd4f, 86
1652707318.258295, sdrt-health/mac:02010b41cdec/antenna/tag/e2806894000040038662114f, 85
1652707318.281824, sdrt-health/mac:02010b41cdec/antenna/tag/e2806894000050038662154f, 88
1652707318.340156, sdrt-health/mac:02010b41cdec/antenna/tag/e2806894000050038661fd4f, 83
1652707318.340737, sdrt-health/mac:02010b41cdec/antenna/tag/e2806894000050038661fd4f, 83
1652707318.362123, sdrt-health/mac:02010b41cdec/antenna/tag/e2806894000040038662114f, 88
1652707318.443375, sdrt-health/mac:02010b41cdec/antenna/tag/e2806894000050038662194f, 88
1652707318.443894, sdrt-health/mac:02010b41cdec/antenna/tag/e2806894000050038662154f, 91
1652707318.460801, sdrt-health/mac:02010b41cdec/antenna/tag/e2806894000050038662154f, 91
1652707318.519392, sdrt-health/mac:02010b41cdec/antenna/tag/e2806894000040038662114f, 85
1652707318.519859, sdrt-health/mac:02010b41cdec/antenna/tag/e2806894000040038662114f, 88
1652707318.536093, sdrt-health/mac:02010b41cdec/antenna/tag/e28068940000400386621d4f, 77
1652707318.536564, sdrt-health/mac:02010b41cdec/antenna/tag/e2806894000050038661fd4f, 86
1652707318.541499, sdrt-health/mac:02010b41cdec/antenna/tag/e2806894000040038662114f, 88
1652707318.581806, sdrt-health/mac:02010b41cdec/antenna/tag/e28068940000500386620d4f, 81
1652707318.584269, sdrt-health/mac:02010b41cdec/antenna/tag/e28068940000500386620d4f, 81
1652707318.621028, sdrt-health/mac:02010b41cdec/antenna/tag/e2806894000040038662114f, 91
1652707318.661249, sdrt-health/mac:02010b41cdec/antenna/tag/e2806894000050038661fd4f, 86
1652707318.701164, sdrt-health/mac:02010b41cdec/antenna/tag/e2806894000040038662114f, 85
1652707318.741278, sdrt-health/mac:02010b41cdec/antenna/tag/e28068940000400386621d4f, 77
1652707318.79605, sdrt-health/mac:02010b41cdec/antenna/tag/e2806894000050038661fd4f, 83
1652707318.796334, sdrt-health/mac:02010b41cdec/antenna/tag/e2806894000040038662114f, 88
1652707318.841592, sdrt-health/mac:02010b41cdec/antenna/tag/e28068940000400386621d4f, 96
1652707318.871184, sdrt-health/mac:02010b41cdec/antenna/tag/e2806894000050038661fd4f, 86
1652707318.871364, sdrt-health/mac:02010b41cdec/antenna/tag/e28068940000400386621d4f, 96
1652707318.922139, sdrt-health/mac:02010b41cdec/antenna/tag/e2806894000040038662114f, 91
1652707318.951006, sdrt-health/mac:02010b41cdec/antenna/tag/e2806894000050038662154f, 88
1652707318.951219, sdrt-health/mac:02010b41cdec/antenna/tag/e2806894000050038661fd4f, 86
1652707318.951354, sdrt-health/mac:02010b41cdec/antenna/tag/e2806894000050038662154f, 91
1652707318.967505, sdrt-health/mac:02010b41cdec/antenna/tag/e28068940000400386621d4f, 96
1652707318.96774, sdrt-health/mac:02010b41cdec/antenna/tag/e2806894000050038661fd4f, 90
1652707319.010882, sdrt-health/mac:02010b41cdec/antenna/tag/e2806894000050038661fd4f, 86
1652707319.096312, sdrt-health/mac:02010b41cdec/antenna/tag/e28068940000400386621d4f, 96
1652707319.096791, sdrt-health/mac:02010b41cdec/antenna/tag/e2806894000040038662114f, 85
1652707319.130481, sdrt-health/mac:02010b41cdec/antenna/tag/e2806894000050038661fd4f, 83
1652707319.15818, sdrt-health/mac:02010b41cdec/antenna/tag/e2806894000040038662114f, 88
1652707319.158382, sdrt-health/mac:02010b41cdec/antenna/tag/e2806894000050038661fd4f, 86
1652707319.171059, sdrt-health/mac:02010b41cdec/antenna/tag/e2806894000040038662114f, 85
1652707319.213293, sdrt-health/mac:02010b41cdec/antenna/tag/e2806894000040038662214f, 94
1652707319.279309, sdrt-health/mac:02010b41cdec/antenna/tag/e2806894000050038661fd4f, 83
1652707319.279865, sdrt-health/mac:02010b41cdec/antenna/tag/e28068940000400386621d4f, 77
1652707319.293972, sdrt-health/mac:02010b41cdec/antenna/tag/e2806894000040038662214f, 88
1652707319.340518, sdrt-health/mac:02010b41cdec/antenna/tag/e2806894000050038661fd4f, 86
1652707319.382457, sdrt-health/mac:02010b41cdec/antenna/tag/e2806894000050038662154f, 91
1652707319.413346, sdrt-health/mac:02010b41cdec/antenna/tag/e2806894000040038662114f, 88
1652707319.413739, sdrt-health/mac:02010b41cdec/antenna/tag/e2806894000050038662154f, 91
1652707319.443472, sdrt-health/mac:02010b41cdec/antenna/tag/e2806894000050038661fd4f, 86
1652707319.492686, sdrt-health/mac:02010b41cdec/antenna/tag/e2806894000050038661fd4f, 90
1652707319.575559, sdrt-health/mac:02010b41cdec/antenna/tag/e28068940000500386620d4f, 81
1652707319.575799, sdrt-health/mac:02010b41cdec/antenna/tag/e2806894000050038661fd4f, 90
1652707319.589378, sdrt-health/mac:02010b41cdec/antenna/tag/e2806894000040038662114f, 91
1652707319.589642, sdrt-health/mac:02010b41cdec/antenna/tag/e2806894000050038661fd4f, 86
1652707319.601758, sdrt-health/mac:02010b41cdec/antenna/tag/e2806894000050038661fd4f, 90
1652707319.64876, sdrt-health/mac:02010b41cdec/antenna/tag/e28068940000400386621d4f, 90
1652707319.649524, sdrt-health/mac:02010b41cdec/antenna/tag/e2806894000050038661fd4f, 86
1652707319.691794, sdrt-health/mac:02010b41cdec/antenna/tag/e2806894000050038662194f, 88
1652707319.731153, sdrt-health/mac:02010b41cdec/antenna/tag/e2806894000040038661f94f, 94
1652707319.791628, sdrt-health/mac:02010b41cdec/antenna/tag/e2806894000050038662154f, 85
1652707319.791906, sdrt-health/mac:02010b41cdec/antenna/tag/e2806894000050038661fd4f, 83
1652707319.806138, sdrt-health/mac:02010b41cdec/antenna/tag/e2806894000050038662154f, 85
1652707319.806306, sdrt-health/mac:02010b41cdec/antenna/tag/e28068940000500386620d4f, 87
1652707319.811259, sdrt-health/mac:02010b41cdec/antenna/tag/e2806894000040038661f94f, 83
1652707319.880524, sdrt-health/mac:02010b41cdec/antenna/tag/e28068940000400386621d4f, 96
1652707319.921136, sdrt-health/mac:02010b41cdec/antenna/tag/e2806894000040038662114f, 88
1652707319.972666, sdrt-health/mac:02010b41cdec/antenna/tag/e2806894000050038662194f, 81
1652707320.025528, sdrt-health/mac:02010b41cdec/antenna/tag/e28068940000400386621d4f, 96
1652707320.025765, sdrt-health/mac:02010b41cdec/antenna/tag/e2806894000040038662114f, 88
1652707320.045378, sdrt-health/mac:02010b41cdec/antenna/tag/e2806894000050038661fd4f, 86
1652707320.045611, sdrt-health/mac:02010b41cdec/antenna/tag/e2806894000040038662114f, 85
1652707320.045764, sdrt-health/mac:02010b41cdec/antenna/tag/e2806894000040038662114f, 85
1652707320.081497, sdrt-health/mac:02010b41cdec/antenna/tag/e2806894000040038662114f, 88
1652707320.12264, sdrt-health/mac:02010b41cdec/antenna/tag/e2806894000040038662214f, 94
1652707320.17703, sdrt-health/mac:02010b41cdec/antenna/tag/e2806894000040038661f94f, 94
1652707320.177274, sdrt-health/mac:02010b41cdec/antenna/tag/e2806894000040038662214f, 84
1652707320.202503, sdrt-health/mac:02010b41cdec/antenna/tag/e28068940000400386621d4f, 77
1652707320.252903, sdrt-health/mac:02010b41cdec/antenna/tag/e2806894000040038662114f, 88
1652707320.283262, sdrt-health/mac:02010b41cdec/antenna/tag/e2806894000050038662154f, 91
1652707320.283498, sdrt-health/mac:02010b41cdec/antenna/tag/e2806894000050038661fd4f, 86
1652707320.297369, sdrt-health/mac:02010b41cdec/antenna/tag/e2806894000040038662114f, 88
1652707320.352271, sdrt-health/mac:02010b41cdec/antenna/tag/e28068940000400386621d4f, 96
1652707320.426021, sdrt-health/mac:02010b41cdec/antenna/tag/e28068940000500386620d4f, 81
1652707320.4265, sdrt-health/mac:02010b41cdec/antenna/tag/e28068940000400386621d4f, 96
1652707320.43938, sdrt-health/mac:02010b41cdec/antenna/tag/e28068940000500386620d4f, 81
1652707320.439753, sdrt-health/mac:02010b41cdec/antenna/tag/e28068940000400386621d4f, 96
1652707320.45562, sdrt-health/mac:02010b41cdec/antenna/tag/e2806894000050038662154f, 91
1652707320.491943, sdrt-health/mac:02010b41cdec/antenna/tag/e2806894000050038662154f, 91
1652707320.620871, sdrt-health/mac:02010b41cdec/antenna/tag/e2806894000050038661fd4f, 90
1652707320.776567, sdrt-health/mac:02010b41cdec/antenna/tag/e28068940000500386620d4f, 93
1652707320.777177, sdrt-health/mac:02010b41cdec/antenna/tag/e2806894000050038662154f, 91
1652707320.811952, sdrt-health/mac:02010b41cdec/antenna/tag/e2806894000050038662154f, 88
1652707320.866442, sdrt-health/mac:02010b41cdec/antenna/tag/e28068940000500386620d4f, 94
1652707320.866683, sdrt-health/mac:02010b41cdec/antenna/tag/e2806894000050038662154f, 88
1652707320.892596, sdrt-health/mac:02010b41cdec/antenna/tag/e2806894000040038662114f, 85
1652707320.946658, sdrt-health/mac:02010b41cdec/antenna/tag/e2806894000050038661fd4f, 90
1652707320.946876, sdrt-health/mac:02010b41cdec/antenna/tag/e28068940000400386621d4f, 96
1652707320.979838, sdrt-health/mac:02010b41cdec/antenna/tag/e28068940000500386620d4f, 81
1652707321.037484, sdrt-health/mac:02010b41cdec/antenna/tag/e2806894000050038662154f, 88
1652707321.037668, sdrt-health/mac:02010b41cdec/antenna/tag/e28068940000500386620d4f, 94
1652707321.051888, sdrt-health/mac:02010b41cdec/antenna/tag/e28068940000400386621d4f, 96
1652707321.060675, sdrt-health/mac:02010b41cdec/antenna/tag/e2806894000050038662154f, 85
1652707321.08674, sdrt-health/mac:02010b41cdec/antenna/tag/e28068940000500386620d4f, 81
1652707321.131416, sdrt-health/mac:02010b41cdec/antenna/tag/e28068940000500386620d4f, 81
1652707321.172777, sdrt-health/mac:02010b41cdec/antenna/tag/e2806894000050038662154f, 85
1652707321.212949, sdrt-health/mac:02010b41cdec/antenna/tag/e2806894000040038662114f, 88
1652707321.265735, sdrt-health/mac:02010b41cdec/antenna/tag/e2806894000050038662154f, 85
1652707321.265982, sdrt-health/mac:02010b41cdec/antenna/tag/e2806894000050038662194f, 82
1652707321.312301, sdrt-health/mac:02010b41cdec/antenna/tag/e2806894000050038662154f, 97
1652707321.351853, sdrt-health/mac:02010b41cdec/antenna/tag/e28068940000400386621d4f, 77
1652707321.504942, sdrt-health/mac:02010b41cdec/antenna/tag/e2806894000040038662114f, 85
1652707321.505136, sdrt-health/mac:02010b41cdec/antenna/tag/e28068940000400386621d4f, 96
1652707321.518159, sdrt-health/mac:02010b41cdec/antenna/tag/e2806894000040038662114f, 88
1652707321.518362, sdrt-health/mac:02010b41cdec/antenna/tag/e2806894000050038661fd4f, 86
1652707321.51848, sdrt-health/mac:02010b41cdec/antenna/tag/e2806894000050038662154f, 88
1652707321.531019, sdrt-health/mac:02010b41cdec/antenna/tag/e2806894000050038662154f, 88
1652707321.531245, sdrt-health/mac:02010b41cdec/antenna/tag/e28068940000400386621d4f, 96
1652707321.531365, sdrt-health/mac:02010b41cdec/antenna/tag/e2806894000050038661fd4f, 86
1652707321.531478, sdrt-health/mac:02010b41cdec/antenna/tag/e2806894000050038661fd4f, 86
1652707321.572167, sdrt-health/mac:02010b41cdec/antenna/tag/e28068940000400386621d4f, 96
1652707321.642396, sdrt-health/mac:02010b41cdec/antenna/tag/e28068940000500386620d4f, 83
1652707321.642722, sdrt-health/mac:02010b41cdec/antenna/tag/e2806894000050038661fd4f, 86
1652707321.642955, sdrt-health/mac:02010b41cdec/antenna/tag/e2806894000040038662054f, 81
1652707321.697748, sdrt-health/mac:02010b41cdec/antenna/tag/e28068940000500386620d4f, 83
1652707321.72608, sdrt-health/mac:02010b41cdec/antenna/tag/e28068940000500386620d4f, 93
1652707321.726375, sdrt-health/mac:02010b41cdec/antenna/tag/e2806894000040038662114f, 88
1652707321.744008, sdrt-health/mac:02010b41cdec/antenna/tag/e2806894000050038662194f, 83
1652707321.89774, sdrt-health/mac:02010b41cdec/antenna/tag/e28068940000400386621d4f, 77
1652707321.898206, sdrt-health/mac:02010b41cdec/antenna/tag/e28068940000400386621d4f, 96
1652707321.913996, sdrt-health/mac:02010b41cdec/antenna/tag/e2806894000040038662114f, 88
1652707321.914354, sdrt-health/mac:02010b41cdec/antenna/tag/e28068940000400386621d4f, 90
1652707321.914648, sdrt-health/mac:02010b41cdec/antenna/tag/e2806894000050038662154f, 88
1652707321.928409, sdrt-health/mac:02010b41cdec/antenna/tag/e28068940000500386620d4f, 84
1652707321.928685, sdrt-health/mac:02010b41cdec/antenna/tag/e2806894000040038662114f, 91
1652707321.928853, sdrt-health/mac:02010b41cdec/antenna/tag/e2806894000050038661fd4f, 86
1652707321.929013, sdrt-health/mac:02010b41cdec/antenna/tag/e28068940000500386620d4f, 88
1652707321.929173, sdrt-health/mac:02010b41cdec/antenna/tag/e2806894000040038662114f, 88
1652707321.96364, sdrt-health/mac:02010b41cdec/antenna/tag/e2806894000050038661fd4f, 86
1652707322.040745, sdrt-health/mac:02010b41cdec/antenna/tag/e2806894000050038662154f, 91
1652707322.041181, sdrt-health/mac:02010b41cdec/antenna/tag/e2806894000040038662114f, 85
1652707322.041421, sdrt-health/mac:02010b41cdec/antenna/tag/e2806894000050038661fd4f, 83
1652707322.072, sdrt-health/mac:02010b41cdec/antenna/tag/e2806894000040038662114f, 88
1652707322.111644, sdrt-health/mac:02010b41cdec/antenna/tag/e2806894000050038662154f, 88
1652707322.189029, sdrt-health/mac:02010b41cdec/antenna/tag/e2806894000050038662154f, 88
1652707322.189471, sdrt-health/mac:02010b41cdec/antenna/tag/e2806894000050038662154f, 97
1652707322.21203, sdrt-health/mac:02010b41cdec/antenna/tag/e2806894000050038661fd4f, 86
1652707322.26048, sdrt-health/mac:02010b41cdec/antenna/tag/e2806894000050038661fd4f, 86
1652707322.319024, sdrt-health/mac:02010b41cdec/antenna/tag/e2806894000050038661fd4f, 86
1652707322.319374, sdrt-health/mac:02010b41cdec/antenna/tag/e2806894000040038662114f, 88
1652707322.342795, sdrt-health/mac:02010b41cdec/antenna/tag/e28068940000500386620d4f, 83
1652707322.382353, sdrt-health/mac:02010b41cdec/antenna/tag/e2806894000040038662214f, 81
1652707322.442386, sdrt-health/mac:02010b41cdec/antenna/tag/e2806894000050038661fd4f, 83
1652707322.482865, sdrt-health/mac:02010b41cdec/antenna/tag/e2806894000040038662114f, 85
1652707322.510408, sdrt-health/mac:02010b41cdec/antenna/tag/e28068940000500386620d4f, 88
1652707322.510838, sdrt-health/mac:02010b41cdec/antenna/tag/e2806894000050038662154f, 85
1652707322.523925, sdrt-health/mac:02010b41cdec/antenna/tag/e2806894000050038661fd4f, 97
1652707322.524167, sdrt-health/mac:02010b41cdec/antenna/tag/e28068940000500386620d4f, 93
1652707322.56239, sdrt-health/mac:02010b41cdec/antenna/tag/e28068940000500386620d4f, 83
1652707322.614065, sdrt-health/mac:02010b41cdec/antenna/tag/e2806894000040038662114f, 88
1652707322.644013, sdrt-health/mac:02010b41cdec/antenna/tag/e2806894000050038662194f, 83
1652707322.644387, sdrt-health/mac:02010b41cdec/antenna/tag/e2806894000040038662114f, 88
1652707322.712545, sdrt-health/mac:02010b41cdec/antenna/tag/e2806894000050038661fd4f, 86
1652707322.764211, sdrt-health/mac:02010b41cdec/antenna/tag/e28068940000400386621d4f, 96
1652707322.818082, sdrt-health/mac:02010b41cdec/antenna/tag/e2806894000050038661fd4f, 90
1652707322.818487, sdrt-health/mac:02010b41cdec/antenna/tag/e2806894000050038662154f, 85
1652707322.85793, sdrt-health/mac:02010b41cdec/antenna/tag/e2806894000050038661fd4f, 83
1652707322.91788, sdrt-health/mac:02010b41cdec/antenna/tag/e2806894000050038662194f, 83
1652707322.918263, sdrt-health/mac:02010b41cdec/antenna/tag/e28068940000500386620d4f, 83
1652707322.942061, sdrt-health/mac:02010b41cdec/antenna/tag/e2806894000050038662194f, 88
1652707322.983571, sdrt-health/mac:02010b41cdec/antenna/tag/e2806894000040038662114f, 91
1652707323.044827, sdrt-health/mac:02010b41cdec/antenna/tag/e2806894000050038661fd4f, 86
1652707323.045312, sdrt-health/mac:02010b41cdec/antenna/tag/e28068940000500386620d4f, 81
1652707323.059214, sdrt-health/mac:02010b41cdec/antenna/tag/e28068940000500386620d4f, 87
1652707323.08165, sdrt-health/mac:02010b41cdec/antenna/tag/e28068940000400386621d4f, 90
1652707323.123253, sdrt-health/mac:02010b41cdec/antenna/tag/e28068940000400386621d4f, 96
1652707323.16227, sdrt-health/mac:02010b41cdec/antenna/tag/e2806894000040038662114f, 91
1652707323.22807, sdrt-health/mac:02010b41cdec/antenna/tag/e2806894000050038662194f, 81
1652707323.228695, sdrt-health/mac:02010b41cdec/antenna/tag/e2806894000050038662194f, 81
1652707323.252093, sdrt-health/mac:02010b41cdec/antenna/tag/e2806894000050038662154f, 85
1652707323.307266, sdrt-health/mac:02010b41cdec/antenna/tag/e2806894000040038662114f, 88
1652707323.307825, sdrt-health/mac:02010b41cdec/antenna/tag/e2806894000050038662154f, 85
1652707323.66441, sdrt-health/mac:02010b41cdec/antenna/tag/e28068940000500386620d4f, 81
1652707323.694172, sdrt-health/mac:02010b41cdec/antenna/tag/e2806894000040038662114f, 88
1652707323.694426, sdrt-health/mac:02010b41cdec/antenna/tag/e2806894000050038661fd4f, 86
1652707323.694543, sdrt-health/mac:02010b41cdec/antenna/tag/e2806894000050038662154f, 97
1652707323.694655, sdrt-health/mac:02010b41cdec/antenna/tag/e2806894000040038662114f, 88
1652707323.694765, sdrt-health/mac:02010b41cdec/antenna/tag/e2806894000050038662154f, 88
1652707323.69489, sdrt-health/mac:02010b41cdec/antenna/tag/e28068940000400386621d4f, 96
1652707323.695012, sdrt-health/mac:02010b41cdec/antenna/tag/e28068940000400386621d4f, 96
1652707323.695123, sdrt-health/mac:02010b41cdec/antenna/tag/e2806894000050038662154f, 88
1652707323.69524, sdrt-health/mac:02010b41cdec/antenna/tag/e28068940000400386621d4f, 96
1652707323.69535, sdrt-health/mac:02010b41cdec/antenna/tag/e28068940000500386620d4f, 81
1652707323.695465, sdrt-health/mac:02010b41cdec/antenna/tag/e2806894000050038661fd4f, 90
1652707323.695576, sdrt-health/mac:02010b41cdec/antenna/tag/e2806894000050038661fd4f, 90
1652707323.695685, sdrt-health/mac:02010b41cdec/antenna/tag/e2806894000040038662114f, 91
1652707323.706751, sdrt-health/mac:02010b41cdec/antenna/tag/e2806894000050038662194f, 88
1652707323.706984, sdrt-health/mac:02010b41cdec/antenna/tag/e28068940000500386620d4f, 87
1652707323.783653, sdrt-health/mac:02010b41cdec/antenna/tag/e28068940000500386620d4f, 81
1652707323.811823, sdrt-health/mac:02010b41cdec/antenna/tag/e2806894000040038662114f, 88
1652707323.812629, sdrt-health/mac:02010b41cdec/antenna/tag/e2806894000040038662114f, 91
1652707323.829412, sdrt-health/mac:02010b41cdec/antenna/tag/e2806894000050038661fd4f, 83
1652707323.862234, sdrt-health/mac:02010b41cdec/antenna/tag/e2806894000050038661fd4f, 83
1652707323.918308, sdrt-health/mac:02010b41cdec/antenna/tag/e2806894000040038662114f, 88
1652707323.918754, sdrt-health/mac:02010b41cdec/antenna/tag/e28068940000500386620d4f, 83
1652707323.942302, sdrt-health/mac:02010b41cdec/antenna/tag/e28068940000400386621d4f, 96
1652707323.992517, sdrt-health/mac:02010b41cdec/antenna/tag/e2806894000050038662154f, 91
1652707324.032698, sdrt-health/mac:02010b41cdec/antenna/tag/e28068940000400386621d4f, 77
1652707324.096683, sdrt-health/mac:02010b41cdec/antenna/tag/e28068940000400386621d4f, 77
1652707324.097102, sdrt-health/mac:02010b41cdec/antenna/tag/e2806894000040038662114f, 88
1652707324.122149, sdrt-health/mac:02010b41cdec/antenna/tag/e28068940000400386621d4f, 96
1652707324.162747, sdrt-health/mac:02010b41cdec/antenna/tag/e2806894000050038662154f, 85
1652707324.210219, sdrt-health/mac:02010b41cdec/antenna/tag/e2806894000050038662194f, 88
1652707324.269968, sdrt-health/mac:02010b41cdec/antenna/tag/e2806894000040038662114f, 88
1652707324.270393, sdrt-health/mac:02010b41cdec/antenna/tag/e28068940000500386620d4f, 81
1652707324.310336, sdrt-health/mac:02010b41cdec/antenna/tag/e28068940000400386621d4f, 96
1652707324.37509, sdrt-health/mac:02010b41cdec/antenna/tag/e2806894000040038662114f, 88
1652707324.375596, sdrt-health/mac:02010b41cdec/antenna/tag/e28068940000500386620d4f, 81
1652707324.388522, sdrt-health/mac:02010b41cdec/antenna/tag/e28068940000500386620d4f, 94
1652707324.402484, sdrt-health/mac:02010b41cdec/antenna/tag/e2806894000050038662154f, 91
1652707324.452067, sdrt-health/mac:02010b41cdec/antenna/tag/e2806894000050038661fd4f, 86
1652707324.523053, sdrt-health/mac:02010b41cdec/antenna/tag/e28068940000500386620d4f, 81
1652707324.564474, sdrt-health/mac:02010b41cdec/antenna/tag/e2806894000040038662114f, 88
1652707324.609831, sdrt-health/mac:02010b41cdec/antenna/tag/e2806894000040038662114f, 97
1652707324.666423, sdrt-health/mac:02010b41cdec/antenna/tag/e28068940000400386621d4f, 96
1652707324.666876, sdrt-health/mac:02010b41cdec/antenna/tag/e2806894000050038661fd4f, 83
1652707324.700431, sdrt-health/mac:02010b41cdec/antenna/tag/e2806894000050038662154f, 91
1652707324.741152, sdrt-health/mac:02010b41cdec/antenna/tag/e28068940000400386621d4f, 96
1652707324.796028, sdrt-health/mac:02010b41cdec/antenna/tag/e28068940000400386621d4f, 96
1652707324.796311, sdrt-health/mac:02010b41cdec/antenna/tag/e2806894000050038662194f, 94
1652707324.82978, sdrt-health/mac:02010b41cdec/antenna/tag/e28068940000500386620d4f, 81
1652707324.905825, sdrt-health/mac:02010b41cdec/antenna/tag/e2806894000040038662114f, 88
1652707324.90603, sdrt-health/mac:02010b41cdec/antenna/tag/e2806894000040038662114f, 88
1652707324.932345, sdrt-health/mac:02010b41cdec/antenna/tag/e28068940000400386621d4f, 77
1652707324.97296, sdrt-health/mac:02010b41cdec/antenna/tag/e2806894000050038662154f, 91
1652707325.025191, sdrt-health/mac:02010b41cdec/antenna/tag/e2806894000050038661fd4f, 86
1652707325.025426, sdrt-health/mac:02010b41cdec/antenna/tag/e28068940000400386621d4f, 77
1652707325.039424, sdrt-health/mac:02010b41cdec/antenna/tag/e2806894000050038662154f, 97
1652707325.060664, sdrt-health/mac:02010b41cdec/antenna/tag/e28068940000500386620d4f, 83
1652707325.102992, sdrt-health/mac:02010b41cdec/antenna/tag/e2806894000050038662154f, 91
1652707325.152031, sdrt-health/mac:02010b41cdec/antenna/tag/e2806894000050038661fd4f, 83
1652707325.191545, sdrt-health/mac:02010b41cdec/antenna/tag/e2806894000040038662114f, 88
1652707325.219107, sdrt-health/mac:02010b41cdec/antenna/tag/e28068940000400386621d4f, 96
1652707325.219323, sdrt-health/mac:02010b41cdec/antenna/tag/e2806894000050038661fd4f, 83
1652707325.233317, sdrt-health/mac:02010b41cdec/antenna/tag/e2806894000040038662114f, 85
1652707325.317039, sdrt-health/mac:02010b41cdec/antenna/tag/e28068940000400386621d4f, 96
1652707325.362665, sdrt-health/mac:02010b41cdec/antenna/tag/e2806894000050038661fd4f, 90
1652707325.437778, sdrt-health/mac:02010b41cdec/antenna/tag/e2806894000040038662114f, 91
1652707325.438351, sdrt-health/mac:02010b41cdec/antenna/tag/e2806894000050038661fd4f, 90
1652707325.462781, sdrt-health/mac:02010b41cdec/antenna/tag/e28068940000400386621d4f, 96
1652707325.517983, sdrt-health/mac:02010b41cdec/antenna/tag/e2806894000040038662114f, 88
1652707325.518466, sdrt-health/mac:02010b41cdec/antenna/tag/e2806894000040038662114f, 88
1652707325.533542, sdrt-health/mac:02010b41cdec/antenna/tag/e2806894000050038661fd4f, 90
1652707325.562721, sdrt-health/mac:02010b41cdec/antenna/tag/e28068940000400386621d4f, 96
1652707325.602012, sdrt-health/mac:02010b41cdec/antenna/tag/e2806894000050038661fd4f, 86
1652707325.602361, sdrt-health/mac:02010b41cdec/antenna/tag/e2806894000050038662154f, 91
1652707325.602589, sdrt-health/mac:02010b41cdec/antenna/tag/e28068940000400386621d4f, 96
1652707325.642909, sdrt-health/mac:02010b41cdec/antenna/tag/e2806894000050038662154f, 88
1652707325.699669, sdrt-health/mac:02010b41cdec/antenna/tag/e2806894000050038661fd4f, 86
1652707325.700132, sdrt-health/mac:02010b41cdec/antenna/tag/e2806894000050038662154f, 85
1652707325.730363, sdrt-health/mac:02010b41cdec/antenna/tag/e2806894000040038661f94f, 84
1652707325.789069, sdrt-health/mac:02010b41cdec/antenna/tag/e2806894000040038662214f, 88
1652707325.790341, sdrt-health/mac:02010b41cdec/antenna/tag/e2806894000050038662154f, 85
1652707325.811524, sdrt-health/mac:02010b41cdec/antenna/tag/e28068940000400386621d4f, 96
1652707325.866268, sdrt-health/mac:02010b41cdec/antenna/tag/e2806894000040038662114f, 85
1652707325.8665, sdrt-health/mac:02010b41cdec/antenna/tag/e2806894000050038662154f, 91
1652707325.881517, sdrt-health/mac:02010b41cdec/antenna/tag/e28068940000400386621d4f, 96
1652707325.892362, sdrt-health/mac:02010b41cdec/antenna/tag/e28068940000400386621d4f, 96
1652707325.896961, sdrt-health/mac:02010b41cdec/antenna/tag/e2806894000040038662114f, 88
1652707325.897161, sdrt-health/mac:02010b41cdec/antenna/tag/e28068940000400386621d4f, 96
1652707326.189265, sdrt-health/mac:02010b41cdec/antenna/tag/e2806894000050038661fd4f, 83
1652707326.219867, sdrt-health/mac:02010b41cdec/antenna/tag/e2806894000050038662154f, 88
1652707326.220061, sdrt-health/mac:02010b41cdec/antenna/tag/e28068940000500386620d4f, 81
1652707326.220182, sdrt-health/mac:02010b41cdec/antenna/tag/e2806894000040038662114f, 91
1652707326.220292, sdrt-health/mac:02010b41cdec/antenna/tag/e28068940000500386620d4f, 83
1652707326.230867, sdrt-health/mac:02010b41cdec/antenna/tag/e28068940000400386621d4f, 96
1652707326.237488, sdrt-health/mac:02010b41cdec/antenna/tag/e2806894000050038662154f, 88
1652707326.245282, sdrt-health/mac:02010b41cdec/antenna/tag/e28068940000500386620d4f, 94
1652707326.245492, sdrt-health/mac:02010b41cdec/antenna/tag/e2806894000050038662154f, 91
1652707326.245644, sdrt-health/mac:02010b41cdec/antenna/tag/e28068940000500386620d4f, 84
1652707326.245759, sdrt-health/mac:02010b41cdec/antenna/tag/e28068940000400386621d4f, 77
1652707326.245869, sdrt-health/mac:02010b41cdec/antenna/tag/e2806894000050038661fd4f, 83
1652707326.271345, sdrt-health/mac:02010b41cdec/antenna/tag/e2806894000040038662214f, 84
1652707326.328594, sdrt-health/mac:02010b41cdec/antenna/tag/e28068940000400386621d4f, 96
1652707326.328778, sdrt-health/mac:02010b41cdec/antenna/tag/e2806894000050038661fd4f, 83
1652707326.35272, sdrt-health/mac:02010b41cdec/antenna/tag/e2806894000050038662154f, 91
1652707326.406504, sdrt-health/mac:02010b41cdec/antenna/tag/e2806894000050038661fd4f, 86
1652707326.406713, sdrt-health/mac:02010b41cdec/antenna/tag/e2806894000050038662194f, 94
1652707326.420203, sdrt-health/mac:02010b41cdec/antenna/tag/e2806894000050038662154f, 91
1652707326.42043, sdrt-health/mac:02010b41cdec/antenna/tag/e2806894000050038661fd4f, 86
1652707326.432081, sdrt-health/mac:02010b41cdec/antenna/tag/e2806894000050038662154f, 97
1652707326.473578, sdrt-health/mac:02010b41cdec/antenna/tag/e28068940000400386621d4f, 96
1652707326.5338, sdrt-health/mac:02010b41cdec/antenna/tag/e2806894000050038662154f, 88
1652707326.534011, sdrt-health/mac:02010b41cdec/antenna/tag/e2806894000050038662194f, 94
1652707326.561553, sdrt-health/mac:02010b41cdec/antenna/tag/e2806894000050038661fd4f, 86
1652707326.612842, sdrt-health/mac:02010b41cdec/antenna/tag/e28068940000500386620d4f, 81
1652707326.665642, sdrt-health/mac:02010b41cdec/antenna/tag/e2806894000040038662114f, 88
1652707326.665877, sdrt-health/mac:02010b41cdec/antenna/tag/e2806894000040038661f94f, 88
1652707326.680387, sdrt-health/mac:02010b41cdec/antenna/tag/e2806894000050038661fd4f, 83
1652707326.691721, sdrt-health/mac:02010b41cdec/antenna/tag/e2806894000050038662154f, 85
1652707326.696414, sdrt-health/mac:02010b41cdec/antenna/tag/e28068940000500386620d4f, 83
1652707326.732566, sdrt-health/mac:02010b41cdec/antenna/tag/e2806894000040038662114f, 88
1652707326.791276, sdrt-health/mac:02010b41cdec/antenna/tag/e28068940000400386621d4f, 96
1652707326.791587, sdrt-health/mac:02010b41cdec/antenna/tag/e2806894000050038662154f, 91
1652707326.812156, sdrt-health/mac:02010b41cdec/antenna/tag/e2806894000040038662114f, 85
1652707326.896578, sdrt-health/mac:02010b41cdec/antenna/tag/e2806894000040038662114f, 85
1652707326.896813, sdrt-health/mac:02010b41cdec/antenna/tag/e2806894000040038662114f, 88
1652707326.911723, sdrt-health/mac:02010b41cdec/antenna/tag/e2806894000040038662114f, 88
1652707326.921846, sdrt-health/mac:02010b41cdec/antenna/tag/e2806894000040038662114f, 88
1652707326.965433, sdrt-health/mac:02010b41cdec/antenna/tag/e28068940000400386621d4f, 96
1652707327.019701, sdrt-health/mac:02010b41cdec/antenna/tag/e2806894000050038661fd4f, 90
1652707327.077713, sdrt-health/mac:02010b41cdec/antenna/tag/e2806894000040038662114f, 88
1652707327.077912, sdrt-health/mac:02010b41cdec/antenna/tag/e28068940000500386620d4f, 94
1652707327.111244, sdrt-health/mac:02010b41cdec/antenna/tag/e2806894000040038662114f, 88
1652707327.152638, sdrt-health/mac:02010b41cdec/antenna/tag/e2806894000050038661fd4f, 83
1652707327.204726, sdrt-health/mac:02010b41cdec/antenna/tag/e28068940000400386621d4f, 90
1652707327.204968, sdrt-health/mac:02010b41cdec/antenna/tag/e2806894000050038662194f, 88
1652707327.221882, sdrt-health/mac:02010b41cdec/antenna/tag/e2806894000050038662154f, 88
1652707327.251196, sdrt-health/mac:02010b41cdec/antenna/tag/e28068940000500386620d4f, 83
1652707327.291892, sdrt-health/mac:02010b41cdec/antenna/tag/e2806894000050038662154f, 88
1652707327.333195, sdrt-health/mac:02010b41cdec/antenna/tag/e2806894000050038661fd4f, 90
1652707327.399, sdrt-health/mac:02010b41cdec/antenna/tag/e2806894000050038662154f, 88
1652707327.399199, sdrt-health/mac:02010b41cdec/antenna/tag/e28068940000500386620d4f, 81
1652707327.415362, sdrt-health/mac:02010b41cdec/antenna/tag/e2806894000050038661fd4f, 86
1652707327.422411, sdrt-health/mac:02010b41cdec/antenna/tag/e2806894000040038662114f, 88
1652707327.43, sdrt-health/mac:02010b41cdec/antenna/tag/e2806894000050038662154f, 91
1652707327.472607, sdrt-health/mac:02010b41cdec/antenna/tag/e2806894000040038662114f, 88
1652707327.536232, sdrt-health/mac:02010b41cdec/antenna/tag/e28068940000500386620d4f, 83
1652707327.536444, sdrt-health/mac:02010b41cdec/antenna/tag/e28068940000500386620d4f, 81
1652707327.562256, sdrt-health/mac:02010b41cdec/antenna/tag/e2806894000050038662154f, 85
1652707327.626064, sdrt-health/mac:02010b41cdec/antenna/tag/e2806894000040038662114f, 88
1652707327.626633, sdrt-health/mac:02010b41cdec/antenna/tag/e2806894000050038662154f, 85
1652707327.652433, sdrt-health/mac:02010b41cdec/antenna/tag/e2806894000040038661f94f, 82
1652707327.693885, sdrt-health/mac:02010b41cdec/antenna/tag/e2806894000050038662154f, 88
1652707327.746118, sdrt-health/mac:02010b41cdec/antenna/tag/e28068940000500386620d4f, 83
1652707327.746316, sdrt-health/mac:02010b41cdec/antenna/tag/e2806894000050038662194f, 82
1652707327.760731, sdrt-health/mac:02010b41cdec/antenna/tag/e2806894000040038662114f, 85
1652707327.772116, sdrt-health/mac:02010b41cdec/antenna/tag/e2806894000050038662154f, 91
1652707327.774895, sdrt-health/mac:02010b41cdec/antenna/tag/e2806894000050038661fd4f, 86
1652707327.820138, sdrt-health/mac:02010b41cdec/antenna/tag/e28068940000400386621d4f, 77
1652707327.884586, sdrt-health/mac:02010b41cdec/antenna/tag/e2806894000040038662114f, 85
1652707327.884792, sdrt-health/mac:02010b41cdec/antenna/tag/e2806894000050038662154f, 91
1652707327.923044, sdrt-health/mac:02010b41cdec/antenna/tag/e2806894000050038662154f, 88
1652707327.977578, sdrt-health/mac:02010b41cdec/antenna/tag/e2806894000050038661fd4f, 83
1652707327.977786, sdrt-health/mac:02010b41cdec/antenna/tag/e2806894000040038662114f, 88
1652707327.992532, sdrt-health/mac:02010b41cdec/antenna/tag/e2806894000040038662114f, 88
1652707327.992864, sdrt-health/mac:02010b41cdec/antenna/tag/e2806894000050038661fd4f, 86
1652707328.012303, sdrt-health/mac:02010b41cdec/antenna/tag/e2806894000040038662114f, 91
1652707328.051967, sdrt-health/mac:02010b41cdec/antenna/tag/e2806894000050038661fd4f, 86
1652707328.052226, sdrt-health/mac:02010b41cdec/antenna/tag/e2806894000050038662154f, 88
1652707328.093209, sdrt-health/mac:02010b41cdec/antenna/tag/e2806894000040038662114f, 97
1652707328.147283, sdrt-health/mac:02010b41cdec/antenna/tag/e28068940000500386620d4f, 94
1652707328.147498, sdrt-health/mac:02010b41cdec/antenna/tag/e2806894000050038662154f, 91
1652707328.171573, sdrt-health/mac:02010b41cdec/antenna/tag/e2806894000050038662154f, 85
1652707328.272588, sdrt-health/mac:02010b41cdec/antenna/tag/e28068940000400386621d4f, 96
1652707328.349741, sdrt-health/mac:02010b41cdec/antenna/tag/e2806894000040038662114f, 91
1652707328.408842, sdrt-health/mac:02010b41cdec/antenna/tag/e2806894000050038662194f, 81
1652707328.409206, sdrt-health/mac:02010b41cdec/antenna/tag/e2806894000050038662194f, 83
1652707328.432518, sdrt-health/mac:02010b41cdec/antenna/tag/e2806894000040038662054f, 94
1652707328.434583, sdrt-health/mac:02010b41cdec/antenna/tag/e2806894000040038662114f, 91
1652707328.480985, sdrt-health/mac:02010b41cdec/antenna/tag/e2806894000050038662154f, 88
1652707328.540698, sdrt-health/mac:02010b41cdec/antenna/tag/e28068940000400386621d4f, 96
1652707328.541176, sdrt-health/mac:02010b41cdec/antenna/tag/e2806894000040038662114f, 88
1652707328.561868, sdrt-health/mac:02010b41cdec/antenna/tag/e2806894000050038661fd4f, 83
1652707328.592985, sdrt-health/mac:02010b41cdec/antenna/tag/e2806894000040038662114f, 91
1652707328.593179, sdrt-health/mac:02010b41cdec/antenna/tag/e2806894000050038662154f, 88
1652707328.608494, sdrt-health/mac:02010b41cdec/antenna/tag/e28068940000500386620d4f, 83
1652707328.64269, sdrt-health/mac:02010b41cdec/antenna/tag/e2806894000050038661fd4f, 86
1652707328.70735, sdrt-health/mac:02010b41cdec/antenna/tag/e2806894000040038662114f, 88
1652707328.707835, sdrt-health/mac:02010b41cdec/antenna/tag/e2806894000050038662154f, 85
1652707328.741889, sdrt-health/mac:02010b41cdec/antenna/tag/e2806894000050038661fd4f, 86
1652707328.790515, sdrt-health/mac:02010b41cdec/antenna/tag/e2806894000040038662114f, 85
1652707328.840727, sdrt-health/mac:02010b41cdec/antenna/tag/e2806894000040038661f94f, 88
1652707328.870047, sdrt-health/mac:02010b41cdec/antenna/tag/e28068940000500386620d4f, 84
1652707328.87029, sdrt-health/mac:02010b41cdec/antenna/tag/e2806894000050038662154f, 88
1652707328.891995, sdrt-health/mac:02010b41cdec/antenna/tag/e28068940000400386621d4f, 96
1652707328.933258, sdrt-health/mac:02010b41cdec/antenna/tag/e2806894000050038662154f, 85
1652707328.981052, sdrt-health/mac:02010b41cdec/antenna/tag/e2806894000040038662114f, 88
1652707329.011782, sdrt-health/mac:02010b41cdec/antenna/tag/e28068940000400386621d4f, 96
1652707329.012043, sdrt-health/mac:02010b41cdec/antenna/tag/e2806894000050038661fd4f, 86
1652707329.026038, sdrt-health/mac:02010b41cdec/antenna/tag/e2806894000050038661fd4f, 83
1652707329.062102, sdrt-health/mac:02010b41cdec/antenna/tag/e2806894000050038662194f, 81
1652707329.111284, sdrt-health/mac:02010b41cdec/antenna/tag/e2806894000040038662114f, 88
1652707329.150586, sdrt-health/mac:02010b41cdec/antenna/tag/e28068940000400386621d4f, 96
1652707329.237116, sdrt-health/mac:02010b41cdec/antenna/tag/e2806894000050038662154f, 88
1652707329.237369, sdrt-health/mac:02010b41cdec/antenna/tag/e2806894000050038662194f, 88
1652707329.26159, sdrt-health/mac:02010b41cdec/antenna/tag/e2806894000040038662114f, 88
1652707329.290293, sdrt-health/mac:02010b41cdec/antenna/tag/e2806894000050038661fd4f, 86
1652707329.290582, sdrt-health/mac:02010b41cdec/antenna/tag/e28068940000500386620d4f, 81
1652707329.312501, sdrt-health/mac:02010b41cdec/antenna/tag/e2806894000050038662194f, 83
1652707329.351129, sdrt-health/mac:02010b41cdec/antenna/tag/e28068940000400386621d4f, 77
1652707329.406605, sdrt-health/mac:02010b41cdec/antenna/tag/e28068940000500386620d4f, 81
1652707329.407166, sdrt-health/mac:02010b41cdec/antenna/tag/e28068940000400386621d4f, 96
1652707329.4309, sdrt-health/mac:02010b41cdec/antenna/tag/e2806894000040038662114f, 88
1652707329.487362, sdrt-health/mac:02010b41cdec/antenna/tag/e2806894000050038662154f, 85
1652707329.487543, sdrt-health/mac:02010b41cdec/antenna/tag/e28068940000500386620d4f, 81
1652707329.512204, sdrt-health/mac:02010b41cdec/antenna/tag/e2806894000040038662114f, 91
1652707329.551945, sdrt-health/mac:02010b41cdec/antenna/tag/e2806894000050038661fd4f, 90
1652707329.580533, sdrt-health/mac:02010b41cdec/antenna/tag/e2806894000050038662154f, 91
1652707329.580753, sdrt-health/mac:02010b41cdec/antenna/tag/e28068940000500386620d4f, 94
1652707329.596646, sdrt-health/mac:02010b41cdec/antenna/tag/e28068940000500386620d4f, 83
1652707329.632909, sdrt-health/mac:02010b41cdec/antenna/tag/e2806894000050038662194f, 83
1652707329.686517, sdrt-health/mac:02010b41cdec/antenna/tag/e28068940000500386620d4f, 81
1652707329.686991, sdrt-health/mac:02010b41cdec/antenna/tag/e28068940000400386621d4f, 90
1652707329.712804, sdrt-health/mac:02010b41cdec/antenna/tag/e2806894000040038662114f, 88
1652707329.76038, sdrt-health/mac:02010b41cdec/antenna/tag/e2806894000050038661fd4f, 83
1652707329.825536, sdrt-health/mac:02010b41cdec/antenna/tag/e2806894000050038662154f, 85
1652707329.825982, sdrt-health/mac:02010b41cdec/antenna/tag/e28068940000400386621d4f, 77
1652707329.840092, sdrt-health/mac:02010b41cdec/antenna/tag/e2806894000050038661fd4f, 83
1652707329.840544, sdrt-health/mac:02010b41cdec/antenna/tag/e2806894000050038661fd4f, 83
1652707329.873143, sdrt-health/mac:02010b41cdec/antenna/tag/e2806894000050038662154f, 91
1652707329.920878, sdrt-health/mac:02010b41cdec/antenna/tag/e28068940000400386621d4f, 96
1652707329.987724, sdrt-health/mac:02010b41cdec/antenna/tag/e2806894000050038661fd4f, 86
1652707329.988239, sdrt-health/mac:02010b41cdec/antenna/tag/e28068940000500386620d4f, 81
1652707330.002936, sdrt-health/mac:02010b41cdec/antenna/tag/e2806894000050038662154f, 88
1652707330.00324, sdrt-health/mac:02010b41cdec/antenna/tag/e2806894000050038661fd4f, 90
1652707330.042716, sdrt-health/mac:02010b41cdec/antenna/tag/e2806894000050038661fd4f, 90
1652707330.081774, sdrt-health/mac:02010b41cdec/antenna/tag/e2806894000040038662114f, 91
1652707330.121193, sdrt-health/mac:02010b41cdec/antenna/tag/e2806894000050038662194f, 88
1652707330.162458, sdrt-health/mac:02010b41cdec/antenna/tag/e2806894000050038662154f, 88
1652707330.191619, sdrt-health/mac:02010b41cdec/antenna/tag/e2806894000050038662194f, 81
1652707330.19184, sdrt-health/mac:02010b41cdec/antenna/tag/e28068940000500386620d4f, 83
1652707330.232447, sdrt-health/mac:02010b41cdec/antenna/tag/e2806894000040038662114f, 88
1652707330.272389, sdrt-health/mac:02010b41cdec/antenna/tag/e28068940000400386621d4f, 96
1652707330.326513, sdrt-health/mac:02010b41cdec/antenna/tag/e2806894000050038662154f, 85
1652707330.326969, sdrt-health/mac:02010b41cdec/antenna/tag/e2806894000050038661fd4f, 86
1652707330.344073, sdrt-health/mac:02010b41cdec/antenna/tag/e28068940000500386620d4f, 83
1652707330.344285, sdrt-health/mac:02010b41cdec/antenna/tag/e2806894000050038661fd4f, 86
1652707330.360221, sdrt-health/mac:02010b41cdec/antenna/tag/e2806894000050038662154f, 88
1652707330.412532, sdrt-health/mac:02010b41cdec/antenna/tag/e2806894000040038662114f, 88
1652707330.447608, sdrt-health/mac:02010b41cdec/antenna/tag/e2806894000050038662154f, 85
1652707330.447842, sdrt-health/mac:02010b41cdec/antenna/tag/e28068940000500386620d4f, 87
1652707330.463627, sdrt-health/mac:02010b41cdec/antenna/tag/e2806894000050038662194f, 83
1652707330.523628, sdrt-health/mac:02010b41cdec/antenna/tag/e2806894000050038662154f, 91
1652707330.563749, sdrt-health/mac:02010b41cdec/antenna/tag/e2806894000050038662154f, 91
1652707330.617065, sdrt-health/mac:02010b41cdec/antenna/tag/e28068940000400386621d4f, 77
1652707330.617324, sdrt-health/mac:02010b41cdec/antenna/tag/e2806894000050038662154f, 97
1652707330.632238, sdrt-health/mac:02010b41cdec/antenna/tag/e2806894000040038662114f, 85
1652707330.642215, sdrt-health/mac:02010b41cdec/antenna/tag/e2806894000050038662154f, 88
1652707330.648247, sdrt-health/mac:02010b41cdec/antenna/tag/e28068940000500386620d4f, 83
1652707330.682523, sdrt-health/mac:02010b41cdec/antenna/tag/e2806894000040038662114f, 88
1652707330.73903, sdrt-health/mac:02010b41cdec/antenna/tag/e2806894000050038662154f, 88
1652707330.739315, sdrt-health/mac:02010b41cdec/antenna/tag/e28068940000500386620d4f, 93
1652707330.754178, sdrt-health/mac:02010b41cdec/antenna/tag/e2806894000050038662154f, 88
1652707330.813473, sdrt-health/mac:02010b41cdec/antenna/tag/e2806894000050038661fd4f, 86
1652707330.813791, sdrt-health/mac:02010b41cdec/antenna/tag/e2806894000050038662154f, 91
1652707330.882502, sdrt-health/mac:02010b41cdec/antenna/tag/e28068940000500386620d4f, 81
1652707330.943487, sdrt-health/mac:02010b41cdec/antenna/tag/e2806894000040038662114f, 91
1652707330.972025, sdrt-health/mac:02010b41cdec/antenna/tag/e28068940000500386620d4f, 81
1652707330.972228, sdrt-health/mac:02010b41cdec/antenna/tag/e2806894000040038662114f, 91
1652707330.984367, sdrt-health/mac:02010b41cdec/antenna/tag/e2806894000040038662114f, 91
1652707331.023067, sdrt-health/mac:02010b41cdec/antenna/tag/e2806894000050038662194f, 81
1652707331.06259, sdrt-health/mac:02010b41cdec/antenna/tag/e2806894000040038662114f, 91
1652707331.161046, sdrt-health/mac:02010b41cdec/antenna/tag/e2806894000050038662194f, 94
1652707331.161349, sdrt-health/mac:02010b41cdec/antenna/tag/e2806894000040038662114f, 88
1652707331.182509, sdrt-health/mac:02010b41cdec/antenna/tag/e2806894000050038662154f, 91
1652707331.212807, sdrt-health/mac:02010b41cdec/antenna/tag/e2806894000040038662114f, 85
1652707331.21311, sdrt-health/mac:02010b41cdec/antenna/tag/e2806894000050038661fd4f, 83
1652707331.227247, sdrt-health/mac:02010b41cdec/antenna/tag/e2806894000050038662154f, 88
1652707331.22764, sdrt-health/mac:02010b41cdec/antenna/tag/e2806894000050038662154f, 91
1652707331.263124, sdrt-health/mac:02010b41cdec/antenna/tag/e2806894000050038661fd4f, 83
1652707331.301241, sdrt-health/mac:02010b41cdec/antenna/tag/e2806894000050038662154f, 85
1652707331.341407, sdrt-health/mac:02010b41cdec/antenna/tag/e2806894000050038661fd4f, 86
1652707331.381974, sdrt-health/mac:02010b41cdec/antenna/tag/e28068940000500386620d4f, 87
1652707331.422833, sdrt-health/mac:02010b41cdec/antenna/tag/e28068940000400386621d4f, 77
1652707331.462238, sdrt-health/mac:02010b41cdec/antenna/tag/e2806894000050038662154f, 91
1652707331.517624, sdrt-health/mac:02010b41cdec/antenna/tag/e2806894000040038662114f, 85
1652707331.517931, sdrt-health/mac:02010b41cdec/antenna/tag/e28068940000400386621d4f, 77
1652707331.531819, sdrt-health/mac:02010b41cdec/antenna/tag/e2806894000040038662114f, 88
1652707331.57393, sdrt-health/mac:02010b41cdec/antenna/tag/e2806894000050038661fd4f, 86
1652707331.613074, sdrt-health/mac:02010b41cdec/antenna/tag/e2806894000050038661fd4f, 86
1652707331.680638, sdrt-health/mac:02010b41cdec/antenna/tag/e28068940000500386620d4f, 81
1652707331.680998, sdrt-health/mac:02010b41cdec/antenna/tag/e28068940000400386621d4f, 96
1652707331.71229, sdrt-health/mac:02010b41cdec/antenna/tag/e2806894000050038661fd4f, 86
1652707331.790804, sdrt-health/mac:02010b41cdec/antenna/tag/e2806894000050038662154f, 88
1652707331.841223, sdrt-health/mac:02010b41cdec/antenna/tag/e28068940000400386621d4f, 96
1652707331.906869, sdrt-health/mac:02010b41cdec/antenna/tag/e2806894000040038662114f, 91
1652707331.907426, sdrt-health/mac:02010b41cdec/antenna/tag/e2806894000050038662154f, 88
1652707331.921792, sdrt-health/mac:02010b41cdec/antenna/tag/e28068940000400386621d4f, 96
1652707331.922172, sdrt-health/mac:02010b41cdec/antenna/tag/e2806894000040038662114f, 88
1652707331.928158, sdrt-health/mac:02010b41cdec/antenna/tag/e2806894000040038662114f, 85
1652707331.936987, sdrt-health/mac:02010b41cdec/antenna/tag/e2806894000050038662154f, 91
1652707331.972832, sdrt-health/mac:02010b41cdec/antenna/tag/e2806894000050038661fd4f, 90
1652707332.025529, sdrt-health/mac:02010b41cdec/antenna/tag/e2806894000040038662114f, 88
1652707332.025792, sdrt-health/mac:02010b41cdec/antenna/tag/e2806894000050038662154f, 91
1652707332.040178, sdrt-health/mac:02010b41cdec/antenna/tag/e2806894000050038662154f, 91
1652707332.078621, sdrt-health/mac:02010b41cdec/antenna/tag/e28068940000400386621d4f, 96
1652707332.078828, sdrt-health/mac:02010b41cdec/antenna/tag/e2806894000050038661fd4f, 86
1652707332.102601, sdrt-health/mac:02010b41cdec/antenna/tag/e2806894000050038662154f, 88
1652707332.155775, sdrt-health/mac:02010b41cdec/antenna/tag/e28068940000400386621d4f, 77
1652707332.155982, sdrt-health/mac:02010b41cdec/antenna/tag/e2806894000040038662114f, 88
1652707332.170966, sdrt-health/mac:02010b41cdec/antenna/tag/e2806894000040038662114f, 85
1652707332.171169, sdrt-health/mac:02010b41cdec/antenna/tag/e2806894000050038662154f, 91
1652707332.181723, sdrt-health/mac:02010b41cdec/antenna/tag/e2806894000040038661f94f, 84
1652707332.22308, sdrt-health/mac:02010b41cdec/antenna/tag/e2806894000040038662214f, 94
1652707332.252602, sdrt-health/mac:02010b41cdec/antenna/tag/e2806894000050038661fd4f, 83
1652707332.252804, sdrt-health/mac:02010b41cdec/antenna/tag/e28068940000400386621d4f, 77
1652707332.267981, sdrt-health/mac:02010b41cdec/antenna/tag/e2806894000040038662114f, 88
1652707332.268164, sdrt-health/mac:02010b41cdec/antenna/tag/e2806894000050038661fd4f, 83
1652707332.31407, sdrt-health/mac:02010b41cdec/antenna/tag/e2806894000050038661fd4f, 83
1652707332.351817, sdrt-health/mac:02010b41cdec/antenna/tag/e28068940000400386621d4f, 77
1652707332.383685, sdrt-health/mac:02010b41cdec/antenna/tag/e2806894000040038662114f, 88
1652707332.383914, sdrt-health/mac:02010b41cdec/antenna/tag/e2806894000050038662154f, 88
1652707332.398412, sdrt-health/mac:02010b41cdec/antenna/tag/e2806894000050038661fd4f, 86
1652707332.4522, sdrt-health/mac:02010b41cdec/antenna/tag/e28068940000500386620d4f, 81
1652707332.522629, sdrt-health/mac:02010b41cdec/antenna/tag/e2806894000040038662114f, 97
1652707332.552569, sdrt-health/mac:02010b41cdec/antenna/tag/e2806894000050038662154f, 85
1652707332.552799, sdrt-health/mac:02010b41cdec/antenna/tag/e2806894000050038661fd4f, 90
1652707332.568787, sdrt-health/mac:02010b41cdec/antenna/tag/e2806894000050038661fd4f, 86
1652707332.609804, sdrt-health/mac:02010b41cdec/antenna/tag/e2806894000050038661fd4f, 86
1652707332.641624, sdrt-health/mac:02010b41cdec/antenna/tag/e2806894000050038662194f, 82
1652707332.64199, sdrt-health/mac:02010b41cdec/antenna/tag/e2806894000050038661fd4f, 86
1652707332.658779, sdrt-health/mac:02010b41cdec/antenna/tag/e2806894000050038662154f, 91
1652707332.659105, sdrt-health/mac:02010b41cdec/antenna/tag/e2806894000050038661fd4f, 90
1652707332.693037, sdrt-health/mac:02010b41cdec/antenna/tag/e2806894000040038661f94f, 94
1652707332.732231, sdrt-health/mac:02010b41cdec/antenna/tag/e2806894000040038662214f, 81
1652707332.786618, sdrt-health/mac:02010b41cdec/antenna/tag/e28068940000400386621d4f, 96
1652707332.786827, sdrt-health/mac:02010b41cdec/antenna/tag/e2806894000050038662154f, 88
1652707332.814777, sdrt-health/mac:02010b41cdec/antenna/tag/e2806894000050038662194f, 83
1652707332.862375, sdrt-health/mac:02010b41cdec/antenna/tag/e2806894000040038662114f, 85
1652707332.902015, sdrt-health/mac:02010b41cdec/antenna/tag/e2806894000050038662154f, 97
1652707332.957903, sdrt-health/mac:02010b41cdec/antenna/tag/e2806894000040038662114f, 88
1652707332.958093, sdrt-health/mac:02010b41cdec/antenna/tag/e2806894000050038662154f, 97
1652707332.972047, sdrt-health/mac:02010b41cdec/antenna/tag/e2806894000050038661fd4f, 86
1652707332.981959, sdrt-health/mac:02010b41cdec/antenna/tag/e2806894000050038661fd4f, 86
1652707332.987354, sdrt-health/mac:02010b41cdec/antenna/tag/e2806894000050038662154f, 91
1652707333.032071, sdrt-health/mac:02010b41cdec/antenna/tag/e28068940000400386621d4f, 96
1652707333.089246, sdrt-health/mac:02010b41cdec/antenna/tag/e2806894000050038661fd4f, 86
1652707333.089512, sdrt-health/mac:02010b41cdec/antenna/tag/e28068940000400386621d4f, 77
1652707333.089986, sdrt-health/mac:02010b41cdec/antenna/tag/e2806894000040038662114f, 85
1652707333.102455, sdrt-health/mac:02010b41cdec/antenna/tag/e2806894000050038662154f, 91
1652707333.112439, sdrt-health/mac:02010b41cdec/antenna/tag/e2806894000050038662154f, 85
1652707333.116795, sdrt-health/mac:02010b41cdec/antenna/tag/e28068940000500386620d4f, 94
1652707333.152352, sdrt-health/mac:02010b41cdec/antenna/tag/e2806894000050038661fd4f, 83
1652707333.207066, sdrt-health/mac:02010b41cdec/antenna/tag/e28068940000500386620d4f, 87
1652707333.207264, sdrt-health/mac:02010b41cdec/antenna/tag/e2806894000050038662154f, 87
1652707333.234049, sdrt-health/mac:02010b41cdec/antenna/tag/e2806894000050038662194f, 81
1652707333.298523, sdrt-health/mac:02010b41cdec/antenna/tag/e2806894000040038662114f, 85
1652707333.358346, sdrt-health/mac:02010b41cdec/antenna/tag/e2806894000050038661fd4f, 86
1652707333.358591, sdrt-health/mac:02010b41cdec/antenna/tag/e28068940000400386621d4f, 96
1652707333.373039, sdrt-health/mac:02010b41cdec/antenna/tag/e2806894000050038661fd4f, 86
1652707333.382549, sdrt-health/mac:02010b41cdec/antenna/tag/e28068940000400386621d4f, 96
1652707333.430484, sdrt-health/mac:02010b41cdec/antenna/tag/e2806894000040038662114f, 88
1652707333.4607, sdrt-health/mac:02010b41cdec/antenna/tag/e2806894000040038662114f, 88
1652707333.460901, sdrt-health/mac:02010b41cdec/antenna/tag/e2806894000050038661fd4f, 90
1652707333.475798, sdrt-health/mac:02010b41cdec/antenna/tag/e28068940000500386620d4f, 88
1652707333.476157, sdrt-health/mac:02010b41cdec/antenna/tag/e2806894000050038662154f, 91
1652707333.512477, sdrt-health/mac:02010b41cdec/antenna/tag/e2806894000050038662154f, 91
1652707333.553303, sdrt-health/mac:02010b41cdec/antenna/tag/e2806894000050038662154f, 91
1652707333.583204, sdrt-health/mac:02010b41cdec/antenna/tag/e28068940000400386621d4f, 96
1652707333.583435, sdrt-health/mac:02010b41cdec/antenna/tag/e28068940000500386620d4f, 81
1652707333.62341, sdrt-health/mac:02010b41cdec/antenna/tag/e2806894000050038662154f, 85
1652707333.661356, sdrt-health/mac:02010b41cdec/antenna/tag/e2806894000050038662194f, 81
1652707333.75261, sdrt-health/mac:02010b41cdec/antenna/tag/e28068940000500386620d4f, 83
1652707333.781279, sdrt-health/mac:02010b41cdec/antenna/tag/e28068940000400386621d4f, 96
1652707333.781545, sdrt-health/mac:02010b41cdec/antenna/tag/e2806894000040038662114f, 88
1652707333.801564, sdrt-health/mac:02010b41cdec/antenna/tag/e28068940000400386621d4f, 96
1652707333.830746, sdrt-health/mac:02010b41cdec/antenna/tag/e2806894000050038662154f, 91
1652707333.830952, sdrt-health/mac:02010b41cdec/antenna/tag/e2806894000050038661fd4f, 90
1652707333.844783, sdrt-health/mac:02010b41cdec/antenna/tag/e28068940000400386621d4f, 90
1652707333.84537, sdrt-health/mac:02010b41cdec/antenna/tag/e28068940000400386621d4f, 96
1652707333.88981, sdrt-health/mac:02010b41cdec/antenna/tag/e28068940000400386621d4f, 96
1652707333.933772, sdrt-health/mac:02010b41cdec/antenna/tag/e2806894000050038662154f, 88
1652707333.996259, sdrt-health/mac:02010b41cdec/antenna/tag/e28068940000400386621d4f, 96
1652707333.996759, sdrt-health/mac:02010b41cdec/antenna/tag/e2806894000050038661fd4f, 86
1652707334.011371, sdrt-health/mac:02010b41cdec/antenna/tag/e28068940000500386620d4f, 81
1652707334.030429, sdrt-health/mac:02010b41cdec/antenna/tag/e2806894000050038662194f, 84
1652707334.086509, sdrt-health/mac:02010b41cdec/antenna/tag/e28068940000500386620d4f, 88
1652707334.086709, sdrt-health/mac:02010b41cdec/antenna/tag/e2806894000050038661fd4f, 83
1652707334.112466, sdrt-health/mac:02010b41cdec/antenna/tag/e2806894000040038662114f, 88
1652707334.161466, sdrt-health/mac:02010b41cdec/antenna/tag/e28068940000400386621d4f, 96
1652707334.189666, sdrt-health/mac:02010b41cdec/antenna/tag/e2806894000050038662154f, 85
1652707334.189998, sdrt-health/mac:02010b41cdec/antenna/tag/e28068940000500386620d4f, 87
1652707334.20395, sdrt-health/mac:02010b41cdec/antenna/tag/e2806894000050038661fd4f, 83
1652707334.204119, sdrt-health/mac:02010b41cdec/antenna/tag/e28068940000400386621d4f, 96
1652707334.243294, sdrt-health/mac:02010b41cdec/antenna/tag/e2806894000050038662194f, 94
1652707334.281924, sdrt-health/mac:02010b41cdec/antenna/tag/e2806894000040038662114f, 85
1652707334.33201, sdrt-health/mac:02010b41cdec/antenna/tag/e28068940000400386621d4f, 77
1652707334.361016, sdrt-health/mac:02010b41cdec/antenna/tag/e2806894000040038662114f, 85
1652707334.361231, sdrt-health/mac:02010b41cdec/antenna/tag/e2806894000050038661fd4f, 83
1652707334.381072, sdrt-health/mac:02010b41cdec/antenna/tag/e28068940000400386621d4f, 77
1652707334.520237, sdrt-health/mac:02010b41cdec/antenna/tag/e28068940000400386621d4f, 96
1652707334.520707, sdrt-health/mac:02010b41cdec/antenna/tag/e28068940000400386621d4f, 96
1652707334.521045, sdrt-health/mac:02010b41cdec/antenna/tag/e2806894000050038661fd4f, 86
1652707334.535211, sdrt-health/mac:02010b41cdec/antenna/tag/e28068940000400386621d4f, 96
1652707334.535639, sdrt-health/mac:02010b41cdec/antenna/tag/e2806894000040038662114f, 88
1652707334.562747, sdrt-health/mac:02010b41cdec/antenna/tag/e2806894000050038661fd4f, 86
1652707334.60174, sdrt-health/mac:02010b41cdec/antenna/tag/e2806894000050038661fd4f, 90
1652707334.655015, sdrt-health/mac:02010b41cdec/antenna/tag/e28068940000400386621d4f, 96
1652707334.655231, sdrt-health/mac:02010b41cdec/antenna/tag/e2806894000050038662154f, 85
1652707334.682244, sdrt-health/mac:02010b41cdec/antenna/tag/e2806894000040038662114f, 88
1652707334.721999, sdrt-health/mac:02010b41cdec/antenna/tag/e28068940000500386620d4f, 87
1652707334.789681, sdrt-health/mac:02010b41cdec/antenna/tag/e2806894000050038662194f, 88
1652707334.790175, sdrt-health/mac:02010b41cdec/antenna/tag/e2806894000050038662154f, 88
1652707334.833023, sdrt-health/mac:02010b41cdec/antenna/tag/e2806894000050038662194f, 83
1652707335.041143, sdrt-health/mac:02010b41cdec/antenna/tag/scan, scan stopped
