1652707386.36091, sdrt-health/mac:02010b41cdec/antenna/power/set, {"power": 290}
1652707387.424547, sdrt-health/mac:02010b41cdec/antenna/power/set, 
1652707391.382873, sdrt-health/mac:02010b41cdec/antenna/tag/scan, {"time": 20000}
1652707391.792158, sdrt-health/mac:02010b41cdec/antenna/tag/e28068940000500386620d4f, 83
1652707391.839514, sdrt-health/mac:02010b41cdec/antenna/tag/e2806894000050038661fd4f, 86
1652707391.896095, sdrt-health/mac:02010b41cdec/antenna/tag/e2806894000050038662154f, 88
1652707391.896572, sdrt-health/mac:02010b41cdec/antenna/tag/e2806894000050038661fd4f, 86
1652707391.910077, sdrt-health/mac:02010b41cdec/antenna/tag/e28068940000500386620d4f, 81
1652707391.92197, sdrt-health/mac:02010b41cdec/antenna/tag/e2806894000050038662194f, 81
1652707391.924424, sdrt-health/mac:02010b41cdec/antenna/tag/e2806894000040038662114f, 91
1652707391.960714, sdrt-health/mac:02010b41cdec/antenna/tag/e28068940000500386620d4f, 87
1652707392.001713, sdrt-health/mac:02010b41cdec/antenna/tag/e2806894000050038661fd4f, 86
1652707392.041184, sdrt-health/mac:02010b41cdec/antenna/tag/e2806894000050038662154f, 91
1652707392.08153, sdrt-health/mac:02010b41cdec/antenna/tag/e2806894000050038661fd4f, 86
1652707392.121774, sdrt-health/mac:02010b41cdec/antenna/tag/e28068940000400386621d4f, 96
1652707392.18602, sdrt-health/mac:02010b41cdec/antenna/tag/e2806894000050038661fd4f, 86
1652707392.186474, sdrt-health/mac:02010b41cdec/antenna/tag/e2806894000050038662154f, 88
1652707392.211536, sdrt-health/mac:02010b41cdec/antenna/tag/e28068940000400386621d4f, 96
1652707392.252745, sdrt-health/mac:02010b41cdec/antenna/tag/e2806894000050038662154f, 85
1652707392.306441, sdrt-health/mac:02010b41cdec/antenna/tag/e2806894000050038661fd4f, 86
1652707392.306988, sdrt-health/mac:02010b41cdec/antenna/tag/e28068940000400386621d4f, 96
1652707392.331786, sdrt-health/mac:02010b41cdec/antenna/tag/e2806894000040038662114f, 91
1652707392.371913, sdrt-health/mac:02010b41cdec/antenna/tag/e2806894000050038661fd4f, 90
1652707392.412101, sdrt-health/mac:02010b41cdec/antenna/tag/e28068940000400386621d4f, 96
1652707392.451792, sdrt-health/mac:02010b41cdec/antenna/tag/e2806894000050038661fd4f, 86
1652707392.500305, sdrt-health/mac:02010b41cdec/antenna/tag/e2806894000050038661fd4f, 90
1652707392.530279, sdrt-health/mac:02010b41cdec/antenna/tag/e2806894000050038661fd4f, 90
1652707392.530712, sdrt-health/mac:02010b41cdec/antenna/tag/e28068940000400386621d4f, 96
1652707392.560836, sdrt-health/mac:02010b41cdec/antenna/tag/e2806894000050038662154f, 88
1652707392.611957, sdrt-health/mac:02010b41cdec/antenna/tag/e2806894000050038662154f, 88
1652707392.665947, sdrt-health/mac:02010b41cdec/antenna/tag/e2806894000050038662154f, 88
1652707392.666487, sdrt-health/mac:02010b41cdec/antenna/tag/e2806894000040038662114f, 88
1652707392.69152, sdrt-health/mac:02010b41cdec/antenna/tag/e2806894000050038661fd4f, 86
1652707392.74569, sdrt-health/mac:02010b41cdec/antenna/tag/e2806894000050038661fd4f, 83
1652707392.746174, sdrt-health/mac:02010b41cdec/antenna/tag/e28068940000400386621d4f, 96
1652707392.759313, sdrt-health/mac:02010b41cdec/antenna/tag/e28068940000400386621d4f, 96
1652707392.770931, sdrt-health/mac:02010b41cdec/antenna/tag/e2806894000050038662154f, 97
1652707392.811513, sdrt-health/mac:02010b41cdec/antenna/tag/e2806894000050038662194f, 94
1652707392.852531, sdrt-health/mac:02010b41cdec/antenna/tag/e28068940000400386621d4f, 96
1652707392.899312, sdrt-health/mac:02010b41cdec/antenna/tag/e2806894000050038661fd4f, 86
1652707392.942065, sdrt-health/mac:02010b41cdec/antenna/tag/e28068940000500386620d4f, 81
1652707392.996389, sdrt-health/mac:02010b41cdec/antenna/tag/e28068940000400386621d4f, 77
1652707392.996944, sdrt-health/mac:02010b41cdec/antenna/tag/e2806894000040038662114f, 85
1652707393.010825, sdrt-health/mac:02010b41cdec/antenna/tag/e2806894000050038662154f, 97
1652707393.021878, sdrt-health/mac:02010b41cdec/antenna/tag/e2806894000050038661fd4f, 86
1652707393.027103, sdrt-health/mac:02010b41cdec/antenna/tag/e2806894000040038662114f, 85
1652707393.061452, sdrt-health/mac:02010b41cdec/antenna/tag/e2806894000040038662114f, 91
1652707393.101547, sdrt-health/mac:02010b41cdec/antenna/tag/e2806894000050038661fd4f, 86
1652707393.159718, sdrt-health/mac:02010b41cdec/antenna/tag/e2806894000040038662114f, 88
1652707393.232147, sdrt-health/mac:02010b41cdec/antenna/tag/e2806894000050038662154f, 88
1652707393.272093, sdrt-health/mac:02010b41cdec/antenna/tag/e2806894000050038661fd4f, 83
1652707393.336657, sdrt-health/mac:02010b41cdec/antenna/tag/e2806894000040038662114f, 88
1652707393.337187, sdrt-health/mac:02010b41cdec/antenna/tag/e2806894000050038662154f, 91
1652707393.382261, sdrt-health/mac:02010b41cdec/antenna/tag/e2806894000040038662114f, 85
1652707393.423657, sdrt-health/mac:02010b41cdec/antenna/tag/e28068940000400386621d4f, 96
1652707393.424019, sdrt-health/mac:02010b41cdec/antenna/tag/e2806894000050038662154f, 88
1652707393.424265, sdrt-health/mac:02010b41cdec/antenna/tag/e2806894000040038662114f, 88
1652707393.438109, sdrt-health/mac:02010b41cdec/antenna/tag/e28068940000400386621d4f, 96
1652707393.438453, sdrt-health/mac:02010b41cdec/antenna/tag/e2806894000050038661fd4f, 86
1652707393.438718, sdrt-health/mac:02010b41cdec/antenna/tag/e2806894000050038661fd4f, 86
1652707393.481687, sdrt-health/mac:02010b41cdec/antenna/tag/e28068940000400386621d4f, 96
1652707393.53192, sdrt-health/mac:02010b41cdec/antenna/tag/e2806894000050038662154f, 91
1652707393.586926, sdrt-health/mac:02010b41cdec/antenna/tag/e2806894000050038661fd4f, 86
1652707393.587327, sdrt-health/mac:02010b41cdec/antenna/tag/e2806894000050038661fd4f, 90
1652707393.601848, sdrt-health/mac:02010b41cdec/antenna/tag/e28068940000400386621d4f, 96
1652707393.611478, sdrt-health/mac:02010b41cdec/antenna/tag/e28068940000400386621d4f, 96
1652707393.616956, sdrt-health/mac:02010b41cdec/antenna/tag/e2806894000050038661fd4f, 83
1652707393.652225, sdrt-health/mac:02010b41cdec/antenna/tag/e2806894000050038662154f, 88
1652707393.692226, sdrt-health/mac:02010b41cdec/antenna/tag/e28068940000400386621d4f, 90
1652707393.74881, sdrt-health/mac:02010b41cdec/antenna/tag/e2806894000040038662114f, 88
1652707393.749283, sdrt-health/mac:02010b41cdec/antenna/tag/e2806894000040038662114f, 88
1652707393.781023, sdrt-health/mac:02010b41cdec/antenna/tag/e2806894000040038661f94f, 94
1652707393.821817, sdrt-health/mac:02010b41cdec/antenna/tag/e2806894000040038662214f, 81
1652707393.850624, sdrt-health/mac:02010b41cdec/antenna/tag/e2806894000050038662154f, 85
1652707393.850956, sdrt-health/mac:02010b41cdec/antenna/tag/e2806894000040038662114f, 88
1652707393.866886, sdrt-health/mac:02010b41cdec/antenna/tag/e2806894000050038661fd4f, 86
1652707393.901518, sdrt-health/mac:02010b41cdec/antenna/tag/e2806894000050038661fd4f, 86
1652707393.956136, sdrt-health/mac:02010b41cdec/antenna/tag/e28068940000400386621d4f, 96
1652707393.956832, sdrt-health/mac:02010b41cdec/antenna/tag/e28068940000400386621d4f, 96
1652707393.990682, sdrt-health/mac:02010b41cdec/antenna/tag/e2806894000050038662154f, 88
1652707394.062899, sdrt-health/mac:02010b41cdec/antenna/tag/e28068940000400386621d4f, 90
1652707394.101558, sdrt-health/mac:02010b41cdec/antenna/tag/e2806894000050038662194f, 94
1652707394.143542, sdrt-health/mac:02010b41cdec/antenna/tag/e2806894000040038662114f, 91
1652707394.19593, sdrt-health/mac:02010b41cdec/antenna/tag/e2806894000050038661fd4f, 86
1652707394.196342, sdrt-health/mac:02010b41cdec/antenna/tag/e2806894000050038661fd4f, 86
1652707394.22093, sdrt-health/mac:02010b41cdec/antenna/tag/e28068940000500386620d4f, 94
1652707394.277624, sdrt-health/mac:02010b41cdec/antenna/tag/e2806894000050038662194f, 81
1652707394.278146, sdrt-health/mac:02010b41cdec/antenna/tag/e2806894000040038661f94f, 88
1652707394.301051, sdrt-health/mac:02010b41cdec/antenna/tag/e2806894000050038661fd4f, 86
1652707394.386569, sdrt-health/mac:02010b41cdec/antenna/tag/e2806894000040038662214f, 94
1652707394.38708, sdrt-health/mac:02010b41cdec/antenna/tag/e2806894000050038662194f, 81
1652707394.411205, sdrt-health/mac:02010b41cdec/antenna/tag/e2806894000050038661fd4f, 86
1652707394.468794, sdrt-health/mac:02010b41cdec/antenna/tag/e2806894000050038662194f, 83
1652707394.470374, sdrt-health/mac:02010b41cdec/antenna/tag/e2806894000040038662114f, 88
1652707394.485112, sdrt-health/mac:02010b41cdec/antenna/tag/e28068940000400386621d4f, 96
1652707394.501385, sdrt-health/mac:02010b41cdec/antenna/tag/e28068940000400386621d4f, 77
1652707394.541566, sdrt-health/mac:02010b41cdec/antenna/tag/e28068940000400386621d4f, 96
1652707394.581953, sdrt-health/mac:02010b41cdec/antenna/tag/e2806894000040038662114f, 88
1652707394.636472, sdrt-health/mac:02010b41cdec/antenna/tag/e2806894000040038662114f, 85
1652707394.63701, sdrt-health/mac:02010b41cdec/antenna/tag/e2806894000050038661fd4f, 83
1652707394.661116, sdrt-health/mac:02010b41cdec/antenna/tag/e2806894000040038662114f, 88
1652707394.715109, sdrt-health/mac:02010b41cdec/antenna/tag/e2806894000040038662214f, 94
1652707394.715628, sdrt-health/mac:02010b41cdec/antenna/tag/e2806894000050038661fd4f, 83
1652707394.741615, sdrt-health/mac:02010b41cdec/antenna/tag/e28068940000500386620d4f, 87
1652707394.781741, sdrt-health/mac:02010b41cdec/antenna/tag/e2806894000050038661fd4f, 86
1652707394.832506, sdrt-health/mac:02010b41cdec/antenna/tag/e2806894000050038662154f, 91
1652707394.901487, sdrt-health/mac:02010b41cdec/antenna/tag/e2806894000040038662114f, 88
1652707394.950864, sdrt-health/mac:02010b41cdec/antenna/tag/e2806894000040038662114f, 85
1652707394.951527, sdrt-health/mac:02010b41cdec/antenna/tag/e2806894000050038661fd4f, 90
1652707394.964636, sdrt-health/mac:02010b41cdec/antenna/tag/e28068940000400386621d4f, 96
1652707394.99481, sdrt-health/mac:02010b41cdec/antenna/tag/e2806894000050038661fd4f, 83
1652707395.042283, sdrt-health/mac:02010b41cdec/antenna/tag/e2806894000050038661fd4f, 90
1652707395.081988, sdrt-health/mac:02010b41cdec/antenna/tag/e2806894000050038662154f, 91
1652707395.110374, sdrt-health/mac:02010b41cdec/antenna/tag/e2806894000050038661fd4f, 86
1652707395.110875, sdrt-health/mac:02010b41cdec/antenna/tag/e2806894000050038662154f, 91
1652707395.124737, sdrt-health/mac:02010b41cdec/antenna/tag/e2806894000050038661fd4f, 90
1652707395.125189, sdrt-health/mac:02010b41cdec/antenna/tag/e28068940000400386621d4f, 96
1652707395.161265, sdrt-health/mac:02010b41cdec/antenna/tag/e2806894000050038661fd4f, 83
1652707395.201875, sdrt-health/mac:02010b41cdec/antenna/tag/e28068940000500386620d4f, 87
1652707395.241269, sdrt-health/mac:02010b41cdec/antenna/tag/e2806894000050038662154f, 88
1652707395.311369, sdrt-health/mac:02010b41cdec/antenna/tag/e2806894000050038662154f, 91
1652707395.351581, sdrt-health/mac:02010b41cdec/antenna/tag/e2806894000040038662114f, 88
1652707395.405185, sdrt-health/mac:02010b41cdec/antenna/tag/e28068940000400386621d4f, 96
1652707395.405852, sdrt-health/mac:02010b41cdec/antenna/tag/e2806894000050038661fd4f, 90
1652707395.432142, sdrt-health/mac:02010b41cdec/antenna/tag/e2806894000050038661fd4f, 90
1652707395.48183, sdrt-health/mac:02010b41cdec/antenna/tag/e2806894000050038661fd4f, 86
1652707395.552222, sdrt-health/mac:02010b41cdec/antenna/tag/e2806894000040038662114f, 88
1652707395.591972, sdrt-health/mac:02010b41cdec/antenna/tag/e2806894000050038662154f, 93
1652707395.630562, sdrt-health/mac:02010b41cdec/antenna/tag/e28068940000500386620d4f, 81
1652707395.672028, sdrt-health/mac:02010b41cdec/antenna/tag/e28068940000500386620d4f, 83
1652707395.711434, sdrt-health/mac:02010b41cdec/antenna/tag/e2806894000040038661f94f, 84
1652707395.750891, sdrt-health/mac:02010b41cdec/antenna/tag/e28068940000400386621d4f, 96
1652707395.82715, sdrt-health/mac:02010b41cdec/antenna/tag/e28068940000400386621d4f, 77
1652707395.827658, sdrt-health/mac:02010b41cdec/antenna/tag/e2806894000050038661fd4f, 86
1652707395.851119, sdrt-health/mac:02010b41cdec/antenna/tag/e2806894000040038662114f, 85
1652707395.909925, sdrt-health/mac:02010b41cdec/antenna/tag/e28068940000400386621d4f, 77
1652707395.910395, sdrt-health/mac:02010b41cdec/antenna/tag/e2806894000050038661fd4f, 86
1652707395.925984, sdrt-health/mac:02010b41cdec/antenna/tag/e2806894000040038662114f, 85
1652707395.941551, sdrt-health/mac:02010b41cdec/antenna/tag/e2806894000050038661fd4f, 86
1652707395.981355, sdrt-health/mac:02010b41cdec/antenna/tag/e2806894000040038662114f, 85
1652707396.035636, sdrt-health/mac:02010b41cdec/antenna/tag/e2806894000050038661fd4f, 86
1652707396.036132, sdrt-health/mac:02010b41cdec/antenna/tag/e2806894000040038662114f, 88
1652707396.055994, sdrt-health/mac:02010b41cdec/antenna/tag/e2806894000050038662154f, 91
1652707396.081356, sdrt-health/mac:02010b41cdec/antenna/tag/e2806894000050038662194f, 81
1652707396.121668, sdrt-health/mac:02010b41cdec/antenna/tag/e2806894000040038662114f, 97
1652707396.178691, sdrt-health/mac:02010b41cdec/antenna/tag/e28068940000500386620d4f, 83
1652707396.179435, sdrt-health/mac:02010b41cdec/antenna/tag/e2806894000040038662114f, 91
1652707396.193223, sdrt-health/mac:02010b41cdec/antenna/tag/e28068940000400386621d4f, 90
1652707396.200587, sdrt-health/mac:02010b41cdec/antenna/tag/e2806894000050038662194f, 81
1652707396.206637, sdrt-health/mac:02010b41cdec/antenna/tag/e28068940000500386620d4f, 83
1652707396.275047, sdrt-health/mac:02010b41cdec/antenna/tag/e28068940000500386620d4f, 83
1652707396.322659, sdrt-health/mac:02010b41cdec/antenna/tag/e2806894000050038661fd4f, 86
1652707396.39555, sdrt-health/mac:02010b41cdec/antenna/tag/e2806894000050038662194f, 81
1652707396.416268, sdrt-health/mac:02010b41cdec/antenna/tag/e28068940000400386621d4f, 96
1652707396.461547, sdrt-health/mac:02010b41cdec/antenna/tag/e2806894000050038662194f, 81
1652707396.46187, sdrt-health/mac:02010b41cdec/antenna/tag/e2806894000040038662114f, 91
1652707396.535741, sdrt-health/mac:02010b41cdec/antenna/tag/e2806894000040038662114f, 88
1652707396.536264, sdrt-health/mac:02010b41cdec/antenna/tag/e2806894000040038662114f, 88
1652707396.536598, sdrt-health/mac:02010b41cdec/antenna/tag/e28068940000400386621d4f, 96
1652707396.597211, sdrt-health/mac:02010b41cdec/antenna/tag/e2806894000050038662154f, 91
1652707396.597729, sdrt-health/mac:02010b41cdec/antenna/tag/e2806894000040038662114f, 88
1652707396.598068, sdrt-health/mac:02010b41cdec/antenna/tag/e2806894000040038662114f, 88
1652707396.610385, sdrt-health/mac:02010b41cdec/antenna/tag/e2806894000050038662154f, 88
1652707396.641379, sdrt-health/mac:02010b41cdec/antenna/tag/e2806894000050038661fd4f, 86
1652707396.696806, sdrt-health/mac:02010b41cdec/antenna/tag/e28068940000500386620d4f, 81
1652707396.6972, sdrt-health/mac:02010b41cdec/antenna/tag/e28068940000500386620d4f, 83
1652707396.712387, sdrt-health/mac:02010b41cdec/antenna/tag/e2806894000050038661fd4f, 86
1652707396.721887, sdrt-health/mac:02010b41cdec/antenna/tag/e2806894000050038662154f, 93
1652707396.760986, sdrt-health/mac:02010b41cdec/antenna/tag/e28068940000400386621d4f, 96
1652707396.801942, sdrt-health/mac:02010b41cdec/antenna/tag/e2806894000050038662154f, 91
1652707396.841026, sdrt-health/mac:02010b41cdec/antenna/tag/e28068940000400386621d4f, 96
1652707396.895435, sdrt-health/mac:02010b41cdec/antenna/tag/e2806894000050038661fd4f, 83
1652707396.895792, sdrt-health/mac:02010b41cdec/antenna/tag/e28068940000400386621d4f, 96
1652707396.909727, sdrt-health/mac:02010b41cdec/antenna/tag/e2806894000040038662114f, 88
1652707396.922211, sdrt-health/mac:02010b41cdec/antenna/tag/e28068940000500386620d4f, 83
1652707396.924406, sdrt-health/mac:02010b41cdec/antenna/tag/e28068940000400386621d4f, 96
1652707396.924624, sdrt-health/mac:02010b41cdec/antenna/tag/e2806894000050038662154f, 88
1652707396.966065, sdrt-health/mac:02010b41cdec/antenna/tag/e2806894000050038662194f, 81
1652707397.01222, sdrt-health/mac:02010b41cdec/antenna/tag/e2806894000050038661fd4f, 83
1652707397.059575, sdrt-health/mac:02010b41cdec/antenna/tag/e28068940000400386621d4f, 96
1652707397.060051, sdrt-health/mac:02010b41cdec/antenna/tag/e28068940000400386621d4f, 96
1652707397.116666, sdrt-health/mac:02010b41cdec/antenna/tag/e28068940000500386620d4f, 87
1652707397.117198, sdrt-health/mac:02010b41cdec/antenna/tag/e2806894000050038662154f, 88
1652707397.149268, sdrt-health/mac:02010b41cdec/antenna/tag/e2806894000050038662194f, 94
1652707397.176735, sdrt-health/mac:02010b41cdec/antenna/tag/e2806894000050038662154f, 88
1652707397.177717, sdrt-health/mac:02010b41cdec/antenna/tag/e2806894000050038662194f, 94
1652707397.192062, sdrt-health/mac:02010b41cdec/antenna/tag/e28068940000400386621d4f, 96
1652707397.271195, sdrt-health/mac:02010b41cdec/antenna/tag/e28068940000500386620d4f, 81
1652707397.381141, sdrt-health/mac:02010b41cdec/antenna/tag/e28068940000500386620d4f, 83
1652707397.43211, sdrt-health/mac:02010b41cdec/antenna/tag/e2806894000050038661fd4f, 83
1652707397.471641, sdrt-health/mac:02010b41cdec/antenna/tag/e2806894000040038662114f, 88
1652707397.511601, sdrt-health/mac:02010b41cdec/antenna/tag/e2806894000040038662114f, 91
1652707397.583664, sdrt-health/mac:02010b41cdec/antenna/tag/e28068940000500386620d4f, 94
1652707397.584149, sdrt-health/mac:02010b41cdec/antenna/tag/e2806894000050038661fd4f, 86
1652707397.597258, sdrt-health/mac:02010b41cdec/antenna/tag/e28068940000400386621d4f, 96
1652707397.634397, sdrt-health/mac:02010b41cdec/antenna/tag/e2806894000040038662114f, 88
1652707397.63469, sdrt-health/mac:02010b41cdec/antenna/tag/e2806894000050038662154f, 88
1652707397.648636, sdrt-health/mac:02010b41cdec/antenna/tag/e28068940000500386620d4f, 81
1652707397.66508, sdrt-health/mac:02010b41cdec/antenna/tag/e28068940000400386621d4f, 90
1652707397.667701, sdrt-health/mac:02010b41cdec/antenna/tag/e28068940000400386621d4f, 96
1652707397.701808, sdrt-health/mac:02010b41cdec/antenna/tag/e2806894000050038661fd4f, 83
1652707397.759048, sdrt-health/mac:02010b41cdec/antenna/tag/e2806894000050038662194f, 81
1652707397.759611, sdrt-health/mac:02010b41cdec/antenna/tag/e28068940000500386620d4f, 81
1652707397.78164, sdrt-health/mac:02010b41cdec/antenna/tag/e2806894000050038662194f, 83
1652707397.81617, sdrt-health/mac:02010b41cdec/antenna/tag/e2806894000040038662114f, 88
1652707397.81651, sdrt-health/mac:02010b41cdec/antenna/tag/e2806894000050038662194f, 81
1652707397.830353, sdrt-health/mac:02010b41cdec/antenna/tag/e2806894000040038662114f, 88
1652707397.861294, sdrt-health/mac:02010b41cdec/antenna/tag/e28068940000400386621d4f, 96
1652707397.911167, sdrt-health/mac:02010b41cdec/antenna/tag/e2806894000050038662154f, 91
1652707397.951779, sdrt-health/mac:02010b41cdec/antenna/tag/e28068940000500386620d4f, 94
1652707398.01447, sdrt-health/mac:02010b41cdec/antenna/tag/e2806894000040038662114f, 88
1652707398.014915, sdrt-health/mac:02010b41cdec/antenna/tag/e2806894000040038662114f, 88
1652707398.041755, sdrt-health/mac:02010b41cdec/antenna/tag/e2806894000040038662114f, 97
1652707398.105908, sdrt-health/mac:02010b41cdec/antenna/tag/e2806894000040038662114f, 97
1652707398.106438, sdrt-health/mac:02010b41cdec/antenna/tag/e28068940000400386621d4f, 90
1652707398.119599, sdrt-health/mac:02010b41cdec/antenna/tag/e2806894000050038661fd4f, 86
1652707398.14761, sdrt-health/mac:02010b41cdec/antenna/tag/e2806894000050038662154f, 85
1652707398.147786, sdrt-health/mac:02010b41cdec/antenna/tag/e28068940000400386621d4f, 96
1652707398.171554, sdrt-health/mac:02010b41cdec/antenna/tag/e28068940000400386621d4f, 96
1652707398.236385, sdrt-health/mac:02010b41cdec/antenna/tag/e2806894000040038662114f, 88
1652707398.236993, sdrt-health/mac:02010b41cdec/antenna/tag/e28068940000400386621d4f, 96
1652707398.251822, sdrt-health/mac:02010b41cdec/antenna/tag/e28068940000400386621d4f, 96
1652707398.252266, sdrt-health/mac:02010b41cdec/antenna/tag/e2806894000050038661fd4f, 86
1652707398.26148, sdrt-health/mac:02010b41cdec/antenna/tag/e2806894000040038662114f, 88
1652707398.302982, sdrt-health/mac:02010b41cdec/antenna/tag/e2806894000050038662194f, 81
1652707398.341514, sdrt-health/mac:02010b41cdec/antenna/tag/e28068940000500386620d4f, 87
1652707398.382202, sdrt-health/mac:02010b41cdec/antenna/tag/e2806894000050038662194f, 94
1652707398.436512, sdrt-health/mac:02010b41cdec/antenna/tag/e2806894000050038662154f, 88
1652707398.436974, sdrt-health/mac:02010b41cdec/antenna/tag/e2806894000050038662154f, 88
1652707398.451209, sdrt-health/mac:02010b41cdec/antenna/tag/e28068940000400386621d4f, 96
1652707398.460749, sdrt-health/mac:02010b41cdec/antenna/tag/e2806894000050038662194f, 81
1652707398.465085, sdrt-health/mac:02010b41cdec/antenna/tag/e2806894000050038662154f, 85
1652707398.501335, sdrt-health/mac:02010b41cdec/antenna/tag/e2806894000040038662114f, 88
1652707398.501996, sdrt-health/mac:02010b41cdec/antenna/tag/e28068940000500386620d4f, 87
1652707398.56161, sdrt-health/mac:02010b41cdec/antenna/tag/e28068940000400386621d4f, 96
1652707398.601141, sdrt-health/mac:02010b41cdec/antenna/tag/e2806894000050038661fd4f, 83
1652707398.661683, sdrt-health/mac:02010b41cdec/antenna/tag/e2806894000050038662154f, 91
1652707398.701439, sdrt-health/mac:02010b41cdec/antenna/tag/e2806894000050038661fd4f, 86
1652707398.754929, sdrt-health/mac:02010b41cdec/antenna/tag/e28068940000400386621d4f, 96
1652707398.755459, sdrt-health/mac:02010b41cdec/antenna/tag/e2806894000050038662194f, 94
1652707398.769056, sdrt-health/mac:02010b41cdec/antenna/tag/e2806894000050038662154f, 91
1652707398.792611, sdrt-health/mac:02010b41cdec/antenna/tag/e2806894000050038661fd4f, 90
1652707398.831426, sdrt-health/mac:02010b41cdec/antenna/tag/e2806894000050038661fd4f, 86
1652707398.87088, sdrt-health/mac:02010b41cdec/antenna/tag/e2806894000050038662154f, 88
1652707398.926771, sdrt-health/mac:02010b41cdec/antenna/tag/e2806894000040038662114f, 85
1652707398.927339, sdrt-health/mac:02010b41cdec/antenna/tag/e2806894000040038662114f, 88
1652707398.951252, sdrt-health/mac:02010b41cdec/antenna/tag/e28068940000400386621d4f, 90
1652707399.001368, sdrt-health/mac:02010b41cdec/antenna/tag/e2806894000040038662114f, 91
1652707399.052263, sdrt-health/mac:02010b41cdec/antenna/tag/e28068940000400386621d4f, 90
1652707399.100604, sdrt-health/mac:02010b41cdec/antenna/tag/e28068940000400386621d4f, 96
1652707399.1339, sdrt-health/mac:02010b41cdec/antenna/tag/e2806894000050038662194f, 81
1652707399.134361, sdrt-health/mac:02010b41cdec/antenna/tag/e28068940000400386621d4f, 96
1652707399.149541, sdrt-health/mac:02010b41cdec/antenna/tag/e2806894000040038662114f, 88
1652707399.149761, sdrt-health/mac:02010b41cdec/antenna/tag/e2806894000050038662194f, 88
1652707399.181938, sdrt-health/mac:02010b41cdec/antenna/tag/e2806894000040038662054f, 88
1652707399.221751, sdrt-health/mac:02010b41cdec/antenna/tag/e2806894000050038662154f, 91
1652707399.317587, sdrt-health/mac:02010b41cdec/antenna/tag/e2806894000040038662114f, 85
1652707399.318108, sdrt-health/mac:02010b41cdec/antenna/tag/e2806894000050038662154f, 88
1652707399.340874, sdrt-health/mac:02010b41cdec/antenna/tag/e28068940000500386620d4f, 83
1652707399.395254, sdrt-health/mac:02010b41cdec/antenna/tag/e28068940000500386620d4f, 81
1652707399.395714, sdrt-health/mac:02010b41cdec/antenna/tag/e28068940000400386621d4f, 96
1652707399.429603, sdrt-health/mac:02010b41cdec/antenna/tag/e2806894000050038662194f, 88
1652707399.46093, sdrt-health/mac:02010b41cdec/antenna/tag/e2806894000050038662154f, 91
1652707399.501515, sdrt-health/mac:02010b41cdec/antenna/tag/e2806894000050038662194f, 94
1652707399.555939, sdrt-health/mac:02010b41cdec/antenna/tag/e28068940000400386621d4f, 77
1652707399.556476, sdrt-health/mac:02010b41cdec/antenna/tag/e2806894000050038661fd4f, 83
1652707399.570136, sdrt-health/mac:02010b41cdec/antenna/tag/e2806894000050038662154f, 91
1652707399.611656, sdrt-health/mac:02010b41cdec/antenna/tag/e2806894000040038662114f, 88
1652707399.650995, sdrt-health/mac:02010b41cdec/antenna/tag/e2806894000050038662154f, 88
1652707399.75659, sdrt-health/mac:02010b41cdec/antenna/tag/e2806894000040038662114f, 91
1652707399.757128, sdrt-health/mac:02010b41cdec/antenna/tag/e2806894000040038662114f, 85
1652707399.890234, sdrt-health/mac:02010b41cdec/antenna/tag/e28068940000400386621d4f, 77
1652707399.918745, sdrt-health/mac:02010b41cdec/antenna/tag/e2806894000050038661fd4f, 86
1652707399.919059, sdrt-health/mac:02010b41cdec/antenna/tag/e2806894000040038662114f, 85
1652707399.931833, sdrt-health/mac:02010b41cdec/antenna/tag/e2806894000050038662154f, 91
1652707399.932088, sdrt-health/mac:02010b41cdec/antenna/tag/e2806894000040038662114f, 88
1652707399.93224, sdrt-health/mac:02010b41cdec/antenna/tag/e2806894000050038661fd4f, 86
1652707400.001631, sdrt-health/mac:02010b41cdec/antenna/tag/e28068940000400386621d4f, 96
1652707400.041287, sdrt-health/mac:02010b41cdec/antenna/tag/e2806894000050038662154f, 91
1652707400.095683, sdrt-health/mac:02010b41cdec/antenna/tag/e2806894000050038661fd4f, 86
1652707400.095895, sdrt-health/mac:02010b41cdec/antenna/tag/e2806894000050038662154f, 88
1652707400.121404, sdrt-health/mac:02010b41cdec/antenna/tag/e2806894000050038661fd4f, 86
1652707400.153398, sdrt-health/mac:02010b41cdec/antenna/tag/e2806894000050038662154f, 88
1652707400.154117, sdrt-health/mac:02010b41cdec/antenna/tag/e28068940000400386621d4f, 96
1652707400.168099, sdrt-health/mac:02010b41cdec/antenna/tag/e2806894000040038662114f, 88
1652707400.16839, sdrt-health/mac:02010b41cdec/antenna/tag/e2806894000050038661fd4f, 86
1652707400.201907, sdrt-health/mac:02010b41cdec/antenna/tag/e2806894000050038661fd4f, 86
1652707400.241463, sdrt-health/mac:02010b41cdec/antenna/tag/e2806894000040038662114f, 85
1652707400.321745, sdrt-health/mac:02010b41cdec/antenna/tag/e2806894000050038662154f, 85
1652707400.32249, sdrt-health/mac:02010b41cdec/antenna/tag/e2806894000040038661f94f, 94
1652707400.37521, sdrt-health/mac:02010b41cdec/antenna/tag/e2806894000040038661f94f, 88
1652707400.375746, sdrt-health/mac:02010b41cdec/antenna/tag/e2806894000050038662154f, 85
1652707400.376285, sdrt-health/mac:02010b41cdec/antenna/tag/e2806894000050038661fd4f, 83
1652707400.40143, sdrt-health/mac:02010b41cdec/antenna/tag/e2806894000050038662154f, 88
1652707400.442824, sdrt-health/mac:02010b41cdec/antenna/tag/e2806894000050038661fd4f, 83
1652707400.505639, sdrt-health/mac:02010b41cdec/antenna/tag/e28068940000400386621d4f, 96
1652707400.506203, sdrt-health/mac:02010b41cdec/antenna/tag/e2806894000050038662154f, 88
1652707400.506617, sdrt-health/mac:02010b41cdec/antenna/tag/e2806894000050038662194f, 88
1652707400.531009, sdrt-health/mac:02010b41cdec/antenna/tag/e28068940000500386620d4f, 94
1652707400.572235, sdrt-health/mac:02010b41cdec/antenna/tag/e28068940000400386621d4f, 90
1652707400.633623, sdrt-health/mac:02010b41cdec/antenna/tag/e2806894000050038662154f, 85
1652707400.63412, sdrt-health/mac:02010b41cdec/antenna/tag/e2806894000050038662194f, 88
1652707400.660843, sdrt-health/mac:02010b41cdec/antenna/tag/e28068940000400386621d4f, 96
1652707400.661187, sdrt-health/mac:02010b41cdec/antenna/tag/e2806894000050038661fd4f, 86
1652707400.709079, sdrt-health/mac:02010b41cdec/antenna/tag/e2806894000050038662194f, 81
1652707400.735981, sdrt-health/mac:02010b41cdec/antenna/tag/e28068940000400386621d4f, 96
1652707400.736264, sdrt-health/mac:02010b41cdec/antenna/tag/e28068940000500386620d4f, 83
1652707400.752272, sdrt-health/mac:02010b41cdec/antenna/tag/e28068940000500386620d4f, 83
1652707400.792317, sdrt-health/mac:02010b41cdec/antenna/tag/e2806894000040038662114f, 88
1652707400.792621, sdrt-health/mac:02010b41cdec/antenna/tag/e28068940000400386621d4f, 96
1652707400.806815, sdrt-health/mac:02010b41cdec/antenna/tag/e2806894000050038662154f, 88
1652707400.833149, sdrt-health/mac:02010b41cdec/antenna/tag/e28068940000400386621d4f, 96
1652707400.891382, sdrt-health/mac:02010b41cdec/antenna/tag/e2806894000040038662114f, 88
1652707400.931933, sdrt-health/mac:02010b41cdec/antenna/tag/e2806894000050038661fd4f, 90
1652707400.971541, sdrt-health/mac:02010b41cdec/antenna/tag/e2806894000050038662154f, 91
1652707400.97208, sdrt-health/mac:02010b41cdec/antenna/tag/e28068940000400386621d4f, 96
1652707401.012634, sdrt-health/mac:02010b41cdec/antenna/tag/e2806894000050038661fd4f, 86
1652707401.059499, sdrt-health/mac:02010b41cdec/antenna/tag/e2806894000040038662114f, 88
1652707401.117102, sdrt-health/mac:02010b41cdec/antenna/tag/e2806894000050038662154f, 91
1652707401.117603, sdrt-health/mac:02010b41cdec/antenna/tag/e28068940000400386621d4f, 96
1652707401.131159, sdrt-health/mac:02010b41cdec/antenna/tag/e28068940000400386621d4f, 77
1652707401.172056, sdrt-health/mac:02010b41cdec/antenna/tag/e28068940000500386620d4f, 87
1652707401.210892, sdrt-health/mac:02010b41cdec/antenna/tag/e2806894000040038662114f, 85
1652707401.262891, sdrt-health/mac:02010b41cdec/antenna/tag/e2806894000050038661fd4f, 86
1652707401.311431, sdrt-health/mac:02010b41cdec/antenna/tag/e2806894000040038662114f, 85
1652707401.352122, sdrt-health/mac:02010b41cdec/antenna/tag/e28068940000400386621d4f, 96
1652707401.401448, sdrt-health/mac:02010b41cdec/antenna/tag/e28068940000400386621d4f, 96
1652707401.451965, sdrt-health/mac:02010b41cdec/antenna/tag/e2806894000050038662154f, 88
1652707401.514754, sdrt-health/mac:02010b41cdec/antenna/tag/e2806894000050038661fd4f, 86
1652707401.515233, sdrt-health/mac:02010b41cdec/antenna/tag/e2806894000040038662114f, 88
1652707401.530393, sdrt-health/mac:02010b41cdec/antenna/tag/e28068940000400386621d4f, 96
1652707401.561375, sdrt-health/mac:02010b41cdec/antenna/tag/e28068940000400386621d4f, 96
1652707401.59373, sdrt-health/mac:02010b41cdec/antenna/tag/e28068940000500386620d4f, 81
1652707401.594019, sdrt-health/mac:02010b41cdec/antenna/tag/e2806894000050038662154f, 88
1652707401.594209, sdrt-health/mac:02010b41cdec/antenna/tag/e28068940000400386621d4f, 96
1652707401.60731, sdrt-health/mac:02010b41cdec/antenna/tag/e2806894000050038662154f, 91
1652707401.607613, sdrt-health/mac:02010b41cdec/antenna/tag/e2806894000040038662114f, 91
1652707401.607823, sdrt-health/mac:02010b41cdec/antenna/tag/e2806894000050038661fd4f, 90
1652707401.60808, sdrt-health/mac:02010b41cdec/antenna/tag/e28068940000400386621d4f, 96
1652707401.642154, sdrt-health/mac:02010b41cdec/antenna/tag/e28068940000400386621d4f, 96
1652707401.681626, sdrt-health/mac:02010b41cdec/antenna/tag/e2806894000050038662194f, 81
1652707401.710255, sdrt-health/mac:02010b41cdec/antenna/tag/e2806894000050038661fd4f, 83
1652707401.710484, sdrt-health/mac:02010b41cdec/antenna/tag/e2806894000050038662154f, 88
1652707401.724203, sdrt-health/mac:02010b41cdec/antenna/tag/e28068940000500386620d4f, 83
1652707401.772043, sdrt-health/mac:02010b41cdec/antenna/tag/e28068940000400386621d4f, 96
1652707401.811128, sdrt-health/mac:02010b41cdec/antenna/tag/e28068940000400386621d4f, 96
1652707401.86586, sdrt-health/mac:02010b41cdec/antenna/tag/e2806894000050038662154f, 91
1652707401.866349, sdrt-health/mac:02010b41cdec/antenna/tag/e2806894000040038662114f, 88
1652707401.880643, sdrt-health/mac:02010b41cdec/antenna/tag/e28068940000500386620d4f, 81
1652707401.891614, sdrt-health/mac:02010b41cdec/antenna/tag/e2806894000040038662114f, 88
1652707401.940178, sdrt-health/mac:02010b41cdec/antenna/tag/e2806894000050038661fd4f, 86
1652707401.982083, sdrt-health/mac:02010b41cdec/antenna/tag/e2806894000040038662114f, 88
1652707402.035978, sdrt-health/mac:02010b41cdec/antenna/tag/e28068940000400386621d4f, 90
1652707402.036432, sdrt-health/mac:02010b41cdec/antenna/tag/e28068940000500386620d4f, 81
1652707402.036845, sdrt-health/mac:02010b41cdec/antenna/tag/e28068940000400386621d4f, 90
1652707402.061439, sdrt-health/mac:02010b41cdec/antenna/tag/e28068940000400386621d4f, 96
1652707402.10533, sdrt-health/mac:02010b41cdec/antenna/tag/e28068940000500386620d4f, 81
1652707402.141124, sdrt-health/mac:02010b41cdec/antenna/tag/e2806894000040038662114f, 88
1652707402.196403, sdrt-health/mac:02010b41cdec/antenna/tag/e2806894000040038662114f, 88
1652707402.196885, sdrt-health/mac:02010b41cdec/antenna/tag/e2806894000040038662114f, 88
1652707402.302341, sdrt-health/mac:02010b41cdec/antenna/tag/e2806894000050038662154f, 91
1652707402.341677, sdrt-health/mac:02010b41cdec/antenna/tag/e28068940000400386621d4f, 77
1652707402.370983, sdrt-health/mac:02010b41cdec/antenna/tag/e2806894000050038661fd4f, 83
1652707402.371267, sdrt-health/mac:02010b41cdec/antenna/tag/e28068940000400386621d4f, 77
1652707402.385243, sdrt-health/mac:02010b41cdec/antenna/tag/e2806894000050038662154f, 91
1652707402.385483, sdrt-health/mac:02010b41cdec/antenna/tag/e2806894000050038661fd4f, 86
1652707402.431706, sdrt-health/mac:02010b41cdec/antenna/tag/e2806894000050038661fd4f, 86
1652707402.471787, sdrt-health/mac:02010b41cdec/antenna/tag/e28068940000400386621d4f, 96
1652707402.526152, sdrt-health/mac:02010b41cdec/antenna/tag/e2806894000050038661fd4f, 86
1652707402.527829, sdrt-health/mac:02010b41cdec/antenna/tag/e2806894000040038662114f, 88
1652707402.5401, sdrt-health/mac:02010b41cdec/antenna/tag/e2806894000050038662154f, 88
1652707402.569337, sdrt-health/mac:02010b41cdec/antenna/tag/e2806894000040038662114f, 88
1652707402.569641, sdrt-health/mac:02010b41cdec/antenna/tag/e28068940000400386621d4f, 96
1652707402.591738, sdrt-health/mac:02010b41cdec/antenna/tag/e2806894000050038662154f, 88
1652707402.63155, sdrt-health/mac:02010b41cdec/antenna/tag/e2806894000040038662114f, 91
1652707402.672127, sdrt-health/mac:02010b41cdec/antenna/tag/e28068940000400386621d4f, 96
1652707402.72541, sdrt-health/mac:02010b41cdec/antenna/tag/e2806894000050038662194f, 94
1652707402.725915, sdrt-health/mac:02010b41cdec/antenna/tag/e2806894000050038662194f, 81
1652707402.740608, sdrt-health/mac:02010b41cdec/antenna/tag/e2806894000050038661fd4f, 86
1652707402.751606, sdrt-health/mac:02010b41cdec/antenna/tag/e28068940000400386621d4f, 77
1652707402.756235, sdrt-health/mac:02010b41cdec/antenna/tag/e2806894000040038662114f, 88
1652707402.793127, sdrt-health/mac:02010b41cdec/antenna/tag/e28068940000500386620d4f, 93
1652707402.846084, sdrt-health/mac:02010b41cdec/antenna/tag/e2806894000050038661fd4f, 83
1652707402.846591, sdrt-health/mac:02010b41cdec/antenna/tag/e2806894000050038662154f, 88
1652707402.872065, sdrt-health/mac:02010b41cdec/antenna/tag/e2806894000050038662194f, 81
1652707402.91251, sdrt-health/mac:02010b41cdec/antenna/tag/e2806894000050038661fd4f, 86
1652707402.941089, sdrt-health/mac:02010b41cdec/antenna/tag/e2806894000040038662114f, 91
1652707402.94148, sdrt-health/mac:02010b41cdec/antenna/tag/e28068940000500386620d4f, 83
1652707402.955731, sdrt-health/mac:02010b41cdec/antenna/tag/e2806894000050038662154f, 91
1652707402.991762, sdrt-health/mac:02010b41cdec/antenna/tag/e2806894000050038661fd4f, 86
1652707403.022019, sdrt-health/mac:02010b41cdec/antenna/tag/e2806894000040038662114f, 85
1652707403.022343, sdrt-health/mac:02010b41cdec/antenna/tag/e2806894000040038662114f, 88
1652707403.036609, sdrt-health/mac:02010b41cdec/antenna/tag/e2806894000050038662154f, 88
1652707403.070985, sdrt-health/mac:02010b41cdec/antenna/tag/e2806894000050038661fd4f, 86
1652707403.111044, sdrt-health/mac:02010b41cdec/antenna/tag/e28068940000400386621d4f, 96
1652707403.166041, sdrt-health/mac:02010b41cdec/antenna/tag/e2806894000050038662154f, 88
1652707403.166291, sdrt-health/mac:02010b41cdec/antenna/tag/e2806894000040038662114f, 88
1652707403.180218, sdrt-health/mac:02010b41cdec/antenna/tag/e2806894000050038662154f, 91
1652707403.191384, sdrt-health/mac:02010b41cdec/antenna/tag/e2806894000050038661fd4f, 86
1652707403.194482, sdrt-health/mac:02010b41cdec/antenna/tag/e28068940000500386620d4f, 81
1652707403.23115, sdrt-health/mac:02010b41cdec/antenna/tag/e28068940000400386621d4f, 96
1652707403.272764, sdrt-health/mac:02010b41cdec/antenna/tag/e2806894000050038661fd4f, 86
1652707403.312582, sdrt-health/mac:02010b41cdec/antenna/tag/e28068940000500386620d4f, 87
1652707403.366302, sdrt-health/mac:02010b41cdec/antenna/tag/e28068940000400386621d4f, 96
1652707403.366771, sdrt-health/mac:02010b41cdec/antenna/tag/e28068940000500386620d4f, 81
1652707403.38282, sdrt-health/mac:02010b41cdec/antenna/tag/e2806894000040038662114f, 85
1652707403.393362, sdrt-health/mac:02010b41cdec/antenna/tag/e2806894000050038662194f, 84
1652707403.399252, sdrt-health/mac:02010b41cdec/antenna/tag/e2806894000040038662214f, 81
1652707403.440425, sdrt-health/mac:02010b41cdec/antenna/tag/e28068940000400386621d4f, 77
1652707403.468765, sdrt-health/mac:02010b41cdec/antenna/tag/e2806894000050038662154f, 88
1652707403.469044, sdrt-health/mac:02010b41cdec/antenna/tag/e28068940000400386621d4f, 96
1652707403.469206, sdrt-health/mac:02010b41cdec/antenna/tag/e2806894000050038661fd4f, 83
1652707403.481365, sdrt-health/mac:02010b41cdec/antenna/tag/e2806894000040038662114f, 88
1652707403.481611, sdrt-health/mac:02010b41cdec/antenna/tag/e2806894000050038662194f, 81
1652707403.481783, sdrt-health/mac:02010b41cdec/antenna/tag/e28068940000500386620d4f, 87
1652707403.521913, sdrt-health/mac:02010b41cdec/antenna/tag/e2806894000050038662194f, 81
1652707403.561527, sdrt-health/mac:02010b41cdec/antenna/tag/e2806894000040038662114f, 88
1652707403.616611, sdrt-health/mac:02010b41cdec/antenna/tag/e28068940000500386620d4f, 87
1652707403.617081, sdrt-health/mac:02010b41cdec/antenna/tag/e2806894000050038662194f, 88
1652707403.641567, sdrt-health/mac:02010b41cdec/antenna/tag/e2806894000050038662154f, 85
1652707403.682033, sdrt-health/mac:02010b41cdec/antenna/tag/e2806894000050038661fd4f, 83
1652707403.736797, sdrt-health/mac:02010b41cdec/antenna/tag/e2806894000040038662114f, 85
1652707403.737304, sdrt-health/mac:02010b41cdec/antenna/tag/e28068940000400386621d4f, 96
1652707403.762362, sdrt-health/mac:02010b41cdec/antenna/tag/e28068940000500386620d4f, 81
1652707403.801674, sdrt-health/mac:02010b41cdec/antenna/tag/e2806894000050038661fd4f, 86
1652707403.840962, sdrt-health/mac:02010b41cdec/antenna/tag/e2806894000050038662194f, 81
1652707403.902317, sdrt-health/mac:02010b41cdec/antenna/tag/e28068940000500386620d4f, 83
1652707403.941723, sdrt-health/mac:02010b41cdec/antenna/tag/e2806894000050038662194f, 88
1652707404.002385, sdrt-health/mac:02010b41cdec/antenna/tag/e2806894000040038662114f, 88
1652707404.041576, sdrt-health/mac:02010b41cdec/antenna/tag/e28068940000500386620d4f, 94
1652707404.095091, sdrt-health/mac:02010b41cdec/antenna/tag/e28068940000400386621d4f, 96
1652707404.095541, sdrt-health/mac:02010b41cdec/antenna/tag/e28068940000400386621d4f, 96
1652707404.095898, sdrt-health/mac:02010b41cdec/antenna/tag/e2806894000040038662114f, 88
1652707404.131542, sdrt-health/mac:02010b41cdec/antenna/tag/e2806894000040038662114f, 88
1652707404.171303, sdrt-health/mac:02010b41cdec/antenna/tag/e28068940000400386621d4f, 96
1652707404.199357, sdrt-health/mac:02010b41cdec/antenna/tag/e28068940000500386620d4f, 94
1652707404.199598, sdrt-health/mac:02010b41cdec/antenna/tag/e2806894000050038662194f, 81
1652707404.261809, sdrt-health/mac:02010b41cdec/antenna/tag/e2806894000040038662114f, 88
1652707404.320738, sdrt-health/mac:02010b41cdec/antenna/tag/e28068940000400386621d4f, 96
1652707404.375185, sdrt-health/mac:02010b41cdec/antenna/tag/e28068940000400386621d4f, 96
1652707404.375705, sdrt-health/mac:02010b41cdec/antenna/tag/e28068940000500386620d4f, 81
1652707404.401729, sdrt-health/mac:02010b41cdec/antenna/tag/e2806894000040038662114f, 91
1652707404.402219, sdrt-health/mac:02010b41cdec/antenna/tag/e2806894000050038662154f, 88
1652707404.449446, sdrt-health/mac:02010b41cdec/antenna/tag/e2806894000040038662114f, 88
1652707404.555969, sdrt-health/mac:02010b41cdec/antenna/tag/e2806894000050038661fd4f, 86
1652707404.556425, sdrt-health/mac:02010b41cdec/antenna/tag/e28068940000400386621d4f, 96
1652707404.572284, sdrt-health/mac:02010b41cdec/antenna/tag/e2806894000050038662154f, 91
1652707404.582338, sdrt-health/mac:02010b41cdec/antenna/tag/e2806894000040038662114f, 88
1652707404.586702, sdrt-health/mac:02010b41cdec/antenna/tag/e28068940000500386620d4f, 81
1652707404.587041, sdrt-health/mac:02010b41cdec/antenna/tag/e2806894000040038662114f, 91
1652707404.621875, sdrt-health/mac:02010b41cdec/antenna/tag/e2806894000040038662114f, 91
1652707404.662064, sdrt-health/mac:02010b41cdec/antenna/tag/e2806894000050038661fd4f, 83
1652707404.701649, sdrt-health/mac:02010b41cdec/antenna/tag/e28068940000500386620d4f, 87
1652707404.756126, sdrt-health/mac:02010b41cdec/antenna/tag/e28068940000400386621d4f, 96
1652707404.756632, sdrt-health/mac:02010b41cdec/antenna/tag/e2806894000040038662114f, 88
1652707404.781721, sdrt-health/mac:02010b41cdec/antenna/tag/e2806894000040038662054f, 84
1652707404.851949, sdrt-health/mac:02010b41cdec/antenna/tag/e2806894000050038662154f, 88
1652707404.911656, sdrt-health/mac:02010b41cdec/antenna/tag/e2806894000040038662114f, 88
1652707404.952783, sdrt-health/mac:02010b41cdec/antenna/tag/e2806894000040038662114f, 85
1652707404.981788, sdrt-health/mac:02010b41cdec/antenna/tag/e2806894000050038662154f, 85
1652707404.982019, sdrt-health/mac:02010b41cdec/antenna/tag/e2806894000050038661fd4f, 83
1652707404.99524, sdrt-health/mac:02010b41cdec/antenna/tag/e2806894000040038661f94f, 81
1652707405.072234, sdrt-health/mac:02010b41cdec/antenna/tag/e2806894000050038661fd4f, 86
1652707405.11199, sdrt-health/mac:02010b41cdec/antenna/tag/e28068940000400386621d4f, 77
1652707405.16621, sdrt-health/mac:02010b41cdec/antenna/tag/e2806894000050038661fd4f, 86
1652707405.166675, sdrt-health/mac:02010b41cdec/antenna/tag/e2806894000040038662114f, 88
1652707405.192238, sdrt-health/mac:02010b41cdec/antenna/tag/e28068940000500386620d4f, 87
1652707405.23213, sdrt-health/mac:02010b41cdec/antenna/tag/e2806894000040038662114f, 88
1652707405.271761, sdrt-health/mac:02010b41cdec/antenna/tag/e28068940000500386620d4f, 83
1652707405.312071, sdrt-health/mac:02010b41cdec/antenna/tag/e2806894000050038661fd4f, 90
1652707405.3529, sdrt-health/mac:02010b41cdec/antenna/tag/e2806894000040038662114f, 91
1652707405.40586, sdrt-health/mac:02010b41cdec/antenna/tag/e28068940000500386620d4f, 83
1652707405.406404, sdrt-health/mac:02010b41cdec/antenna/tag/e2806894000050038661fd4f, 90
1652707405.420138, sdrt-health/mac:02010b41cdec/antenna/tag/e2806894000050038662154f, 91
1652707405.420634, sdrt-health/mac:02010b41cdec/antenna/tag/e28068940000400386621d4f, 96
1652707405.430025, sdrt-health/mac:02010b41cdec/antenna/tag/e2806894000050038662154f, 88
1652707405.472346, sdrt-health/mac:02010b41cdec/antenna/tag/e2806894000050038661fd4f, 86
1652707405.528147, sdrt-health/mac:02010b41cdec/antenna/tag/e2806894000050038662154f, 88
1652707405.528642, sdrt-health/mac:02010b41cdec/antenna/tag/e28068940000400386621d4f, 90
1652707405.542532, sdrt-health/mac:02010b41cdec/antenna/tag/e2806894000050038662154f, 91
1652707405.593453, sdrt-health/mac:02010b41cdec/antenna/tag/e2806894000050038662154f, 85
1652707405.641749, sdrt-health/mac:02010b41cdec/antenna/tag/e28068940000400386621d4f, 96
1652707405.672284, sdrt-health/mac:02010b41cdec/antenna/tag/e2806894000050038662194f, 88
1652707405.672786, sdrt-health/mac:02010b41cdec/antenna/tag/e2806894000040038662114f, 88
1652707405.673126, sdrt-health/mac:02010b41cdec/antenna/tag/e28068940000500386620d4f, 94
1652707405.673478, sdrt-health/mac:02010b41cdec/antenna/tag/e28068940000400386621d4f, 90
1652707405.673822, sdrt-health/mac:02010b41cdec/antenna/tag/e28068940000500386620d4f, 83
1652707405.686123, sdrt-health/mac:02010b41cdec/antenna/tag/e2806894000050038662154f, 88
1652707405.721564, sdrt-health/mac:02010b41cdec/antenna/tag/e2806894000040038662114f, 88
1652707405.722055, sdrt-health/mac:02010b41cdec/antenna/tag/e2806894000050038662154f, 91
1652707405.760979, sdrt-health/mac:02010b41cdec/antenna/tag/e2806894000050038662154f, 97
1652707405.817071, sdrt-health/mac:02010b41cdec/antenna/tag/e28068940000400386621d4f, 96
1652707405.817613, sdrt-health/mac:02010b41cdec/antenna/tag/e2806894000040038662114f, 88
1652707405.841621, sdrt-health/mac:02010b41cdec/antenna/tag/e2806894000050038662154f, 88
1652707405.896753, sdrt-health/mac:02010b41cdec/antenna/tag/e28068940000400386621d4f, 96
1652707405.897346, sdrt-health/mac:02010b41cdec/antenna/tag/e28068940000400386621d4f, 96
1652707405.910591, sdrt-health/mac:02010b41cdec/antenna/tag/e2806894000050038662154f, 88
1652707405.922147, sdrt-health/mac:02010b41cdec/antenna/tag/e2806894000050038661fd4f, 83
1652707405.96175, sdrt-health/mac:02010b41cdec/antenna/tag/e28068940000400386621d4f, 77
1652707405.992265, sdrt-health/mac:02010b41cdec/antenna/tag/e2806894000050038662154f, 91
1652707405.992819, sdrt-health/mac:02010b41cdec/antenna/tag/e2806894000040038662114f, 85
1652707406.006131, sdrt-health/mac:02010b41cdec/antenna/tag/e28068940000400386621d4f, 96
1652707406.040652, sdrt-health/mac:02010b41cdec/antenna/tag/e2806894000050038662154f, 88
1652707406.094232, sdrt-health/mac:02010b41cdec/antenna/tag/e28068940000400386621d4f, 77
1652707406.094479, sdrt-health/mac:02010b41cdec/antenna/tag/e28068940000400386621d4f, 96
1652707406.12178, sdrt-health/mac:02010b41cdec/antenna/tag/e28068940000400386621d4f, 90
1652707406.162245, sdrt-health/mac:02010b41cdec/antenna/tag/e2806894000050038661fd4f, 86
1652707406.21587, sdrt-health/mac:02010b41cdec/antenna/tag/e28068940000500386620d4f, 83
1652707406.216501, sdrt-health/mac:02010b41cdec/antenna/tag/e28068940000400386621d4f, 96
1652707406.242369, sdrt-health/mac:02010b41cdec/antenna/tag/e2806894000040038662114f, 85
1652707406.296012, sdrt-health/mac:02010b41cdec/antenna/tag/e2806894000050038661fd4f, 86
1652707406.296481, sdrt-health/mac:02010b41cdec/antenna/tag/e2806894000050038662154f, 88
1652707406.296811, sdrt-health/mac:02010b41cdec/antenna/tag/e28068940000400386621d4f, 77
1652707406.344691, sdrt-health/mac:02010b41cdec/antenna/tag/e2806894000050038661fd4f, 83
1652707406.389483, sdrt-health/mac:02010b41cdec/antenna/tag/e2806894000050038661fd4f, 90
1652707406.40182, sdrt-health/mac:02010b41cdec/antenna/tag/e28068940000400386621d4f, 96
1652707406.402153, sdrt-health/mac:02010b41cdec/antenna/tag/e2806894000040038662114f, 88
1652707406.402428, sdrt-health/mac:02010b41cdec/antenna/tag/e2806894000050038661fd4f, 86
1652707406.40268, sdrt-health/mac:02010b41cdec/antenna/tag/e2806894000050038662154f, 91
1652707406.445741, sdrt-health/mac:02010b41cdec/antenna/tag/e28068940000400386621d4f, 96
1652707406.509637, sdrt-health/mac:02010b41cdec/antenna/tag/e2806894000050038662154f, 88
1652707406.510182, sdrt-health/mac:02010b41cdec/antenna/tag/e2806894000050038662154f, 91
1652707406.532066, sdrt-health/mac:02010b41cdec/antenna/tag/e2806894000050038661fd4f, 86
1652707406.555097, sdrt-health/mac:02010b41cdec/antenna/tag/e28068940000400386621d4f, 96
1652707406.555515, sdrt-health/mac:02010b41cdec/antenna/tag/e28068940000500386620d4f, 81
1652707406.555829, sdrt-health/mac:02010b41cdec/antenna/tag/e28068940000500386620d4f, 88
1652707406.603295, sdrt-health/mac:02010b41cdec/antenna/tag/e28068940000400386621d4f, 96
1652707406.651577, sdrt-health/mac:02010b41cdec/antenna/tag/e2806894000050038661fd4f, 86
1652707406.695066, sdrt-health/mac:02010b41cdec/antenna/tag/e2806894000040038662114f, 88
1652707406.695434, sdrt-health/mac:02010b41cdec/antenna/tag/e2806894000050038662154f, 88
1652707406.695701, sdrt-health/mac:02010b41cdec/antenna/tag/e2806894000050038661fd4f, 86
1652707406.708873, sdrt-health/mac:02010b41cdec/antenna/tag/e2806894000040038662114f, 88
1652707406.709186, sdrt-health/mac:02010b41cdec/antenna/tag/e2806894000050038662154f, 91
1652707406.722187, sdrt-health/mac:02010b41cdec/antenna/tag/e2806894000040038662214f, 88
1652707406.761974, sdrt-health/mac:02010b41cdec/antenna/tag/e2806894000050038662154f, 88
1652707406.815749, sdrt-health/mac:02010b41cdec/antenna/tag/e2806894000050038661fd4f, 86
1652707406.816244, sdrt-health/mac:02010b41cdec/antenna/tag/e2806894000050038661fd4f, 83
1652707406.851928, sdrt-health/mac:02010b41cdec/antenna/tag/e2806894000050038661fd4f, 83
1652707406.891484, sdrt-health/mac:02010b41cdec/antenna/tag/e28068940000400386621d4f, 96
1652707406.947239, sdrt-health/mac:02010b41cdec/antenna/tag/e2806894000050038661fd4f, 83
1652707406.94769, sdrt-health/mac:02010b41cdec/antenna/tag/e2806894000050038662154f, 91
1652707406.960852, sdrt-health/mac:02010b41cdec/antenna/tag/e28068940000400386621d4f, 96
1652707407.001428, sdrt-health/mac:02010b41cdec/antenna/tag/e2806894000050038661fd4f, 83
1652707407.055893, sdrt-health/mac:02010b41cdec/antenna/tag/e2806894000050038662154f, 91
1652707407.056408, sdrt-health/mac:02010b41cdec/antenna/tag/e2806894000040038662114f, 91
1652707407.069616, sdrt-health/mac:02010b41cdec/antenna/tag/e2806894000050038662194f, 84
1652707407.111485, sdrt-health/mac:02010b41cdec/antenna/tag/e2806894000050038662194f, 94
1652707407.159073, sdrt-health/mac:02010b41cdec/antenna/tag/e28068940000400386621d4f, 96
1652707407.224101, sdrt-health/mac:02010b41cdec/antenna/tag/e28068940000500386620d4f, 81
1652707407.224559, sdrt-health/mac:02010b41cdec/antenna/tag/e28068940000400386621d4f, 90
1652707407.238525, sdrt-health/mac:02010b41cdec/antenna/tag/e2806894000050038662194f, 94
1652707407.239138, sdrt-health/mac:02010b41cdec/antenna/tag/e28068940000500386620d4f, 81
1652707407.25166, sdrt-health/mac:02010b41cdec/antenna/tag/e28068940000500386620d4f, 87
1652707407.310977, sdrt-health/mac:02010b41cdec/antenna/tag/e2806894000040038662114f, 88
1652707407.31121, sdrt-health/mac:02010b41cdec/antenna/tag/e28068940000400386621d4f, 96
1652707407.3313, sdrt-health/mac:02010b41cdec/antenna/tag/e2806894000050038662154f, 88
1652707407.396921, sdrt-health/mac:02010b41cdec/antenna/tag/e2806894000040038662114f, 88
1652707407.397271, sdrt-health/mac:02010b41cdec/antenna/tag/e28068940000400386621d4f, 96
1652707407.441359, sdrt-health/mac:02010b41cdec/antenna/tag/e2806894000050038661fd4f, 86
1652707407.49149, sdrt-health/mac:02010b41cdec/antenna/tag/e2806894000050038662154f, 91
1652707407.550377, sdrt-health/mac:02010b41cdec/antenna/tag/e2806894000040038662114f, 85
1652707407.550928, sdrt-health/mac:02010b41cdec/antenna/tag/e2806894000050038662154f, 91
1652707407.56509, sdrt-health/mac:02010b41cdec/antenna/tag/e2806894000040038662114f, 88
1652707407.565536, sdrt-health/mac:02010b41cdec/antenna/tag/e28068940000400386621d4f, 96
1652707407.570811, sdrt-health/mac:02010b41cdec/antenna/tag/e2806894000040038662114f, 88
1652707407.61128, sdrt-health/mac:02010b41cdec/antenna/tag/e2806894000050038661fd4f, 86
1652707407.65221, sdrt-health/mac:02010b41cdec/antenna/tag/e2806894000050038662194f, 82
1652707407.70731, sdrt-health/mac:02010b41cdec/antenna/tag/e2806894000050038661fd4f, 86
1652707407.707851, sdrt-health/mac:02010b41cdec/antenna/tag/e2806894000040038662114f, 85
1652707407.731622, sdrt-health/mac:02010b41cdec/antenna/tag/e2806894000040038662114f, 85
1652707407.772662, sdrt-health/mac:02010b41cdec/antenna/tag/e2806894000050038662194f, 94
1652707407.773331, sdrt-health/mac:02010b41cdec/antenna/tag/e28068940000400386621d4f, 96
1652707407.811527, sdrt-health/mac:02010b41cdec/antenna/tag/e2806894000050038662154f, 91
1652707407.853118, sdrt-health/mac:02010b41cdec/antenna/tag/e2806894000050038661fd4f, 86
1652707407.903854, sdrt-health/mac:02010b41cdec/antenna/tag/e28068940000400386621d4f, 96
1652707407.904275, sdrt-health/mac:02010b41cdec/antenna/tag/e28068940000400386621d4f, 96
1652707407.931966, sdrt-health/mac:02010b41cdec/antenna/tag/e28068940000400386621d4f, 96
1652707407.98615, sdrt-health/mac:02010b41cdec/antenna/tag/e2806894000050038662154f, 97
1652707407.986634, sdrt-health/mac:02010b41cdec/antenna/tag/e2806894000050038661fd4f, 86
1652707408.011551, sdrt-health/mac:02010b41cdec/antenna/tag/e28068940000500386620d4f, 94
1652707408.061142, sdrt-health/mac:02010b41cdec/antenna/tag/e2806894000050038661fd4f, 86
1652707408.115439, sdrt-health/mac:02010b41cdec/antenna/tag/e2806894000040038662114f, 88
1652707408.116048, sdrt-health/mac:02010b41cdec/antenna/tag/e2806894000050038661fd4f, 86
1652707408.130224, sdrt-health/mac:02010b41cdec/antenna/tag/e28068940000500386620d4f, 94
1652707408.141292, sdrt-health/mac:02010b41cdec/antenna/tag/e2806894000050038662154f, 88
1652707408.182755, sdrt-health/mac:02010b41cdec/antenna/tag/e2806894000050038662154f, 85
1652707408.236526, sdrt-health/mac:02010b41cdec/antenna/tag/e2806894000040038662114f, 88
1652707408.237112, sdrt-health/mac:02010b41cdec/antenna/tag/e2806894000050038662154f, 88
1652707408.24991, sdrt-health/mac:02010b41cdec/antenna/tag/e2806894000050038662154f, 85
1652707408.280919, sdrt-health/mac:02010b41cdec/antenna/tag/e2806894000050038662194f, 94
1652707408.320985, sdrt-health/mac:02010b41cdec/antenna/tag/e2806894000050038662154f, 91
1652707408.362934, sdrt-health/mac:02010b41cdec/antenna/tag/e2806894000040038662114f, 91
1652707408.41555, sdrt-health/mac:02010b41cdec/antenna/tag/e28068940000500386620d4f, 81
1652707408.416039, sdrt-health/mac:02010b41cdec/antenna/tag/e28068940000500386620d4f, 81
1652707408.442145, sdrt-health/mac:02010b41cdec/antenna/tag/e28068940000500386620d4f, 94
1652707408.498132, sdrt-health/mac:02010b41cdec/antenna/tag/e28068940000500386620d4f, 88
1652707408.498572, sdrt-health/mac:02010b41cdec/antenna/tag/e2806894000050038662154f, 88
1652707408.522239, sdrt-health/mac:02010b41cdec/antenna/tag/e28068940000400386621d4f, 90
1652707408.578916, sdrt-health/mac:02010b41cdec/antenna/tag/e2806894000040038662114f, 91
1652707408.579492, sdrt-health/mac:02010b41cdec/antenna/tag/e2806894000040038662114f, 85
1652707408.592966, sdrt-health/mac:02010b41cdec/antenna/tag/e2806894000040038661f94f, 94
1652707408.630004, sdrt-health/mac:02010b41cdec/antenna/tag/e28068940000500386620d4f, 81
1652707408.630349, sdrt-health/mac:02010b41cdec/antenna/tag/e2806894000040038662114f, 88
1652707408.630617, sdrt-health/mac:02010b41cdec/antenna/tag/e28068940000400386621d4f, 96
1652707408.645136, sdrt-health/mac:02010b41cdec/antenna/tag/e2806894000040038661f94f, 81
1652707408.722185, sdrt-health/mac:02010b41cdec/antenna/tag/e2806894000040038662114f, 85
1652707408.761564, sdrt-health/mac:02010b41cdec/antenna/tag/e2806894000050038662154f, 88
1652707408.851147, sdrt-health/mac:02010b41cdec/antenna/tag/e28068940000400386621d4f, 77
1652707408.890713, sdrt-health/mac:02010b41cdec/antenna/tag/e2806894000050038661fd4f, 86
1652707408.918939, sdrt-health/mac:02010b41cdec/antenna/tag/e2806894000050038661fd4f, 83
1652707408.919229, sdrt-health/mac:02010b41cdec/antenna/tag/e2806894000050038662154f, 91
1652707408.919437, sdrt-health/mac:02010b41cdec/antenna/tag/e2806894000040038662114f, 88
1652707408.932215, sdrt-health/mac:02010b41cdec/antenna/tag/e2806894000050038662154f, 88
1652707408.979593, sdrt-health/mac:02010b41cdec/antenna/tag/e2806894000050038662154f, 88
1652707409.020997, sdrt-health/mac:02010b41cdec/antenna/tag/e2806894000050038661fd4f, 86
1652707409.07611, sdrt-health/mac:02010b41cdec/antenna/tag/e2806894000040038662114f, 88
1652707409.076556, sdrt-health/mac:02010b41cdec/antenna/tag/e28068940000500386620d4f, 94
1652707409.101428, sdrt-health/mac:02010b41cdec/antenna/tag/e2806894000050038662194f, 81
1652707409.101849, sdrt-health/mac:02010b41cdec/antenna/tag/e28068940000400386621d4f, 96
1652707409.20116, sdrt-health/mac:02010b41cdec/antenna/tag/e2806894000040038662114f, 88
1652707409.270209, sdrt-health/mac:02010b41cdec/antenna/tag/e2806894000040038662214f, 84
1652707409.35584, sdrt-health/mac:02010b41cdec/antenna/tag/e28068940000500386620d4f, 81
1652707409.356326, sdrt-health/mac:02010b41cdec/antenna/tag/e2806894000040038662114f, 88
1652707409.38171, sdrt-health/mac:02010b41cdec/antenna/tag/e28068940000500386620d4f, 81
1652707409.48742, sdrt-health/mac:02010b41cdec/antenna/tag/e2806894000050038662154f, 88
1652707409.487898, sdrt-health/mac:02010b41cdec/antenna/tag/e28068940000400386621d4f, 96
1652707409.510323, sdrt-health/mac:02010b41cdec/antenna/tag/e2806894000040038662114f, 85
1652707409.540646, sdrt-health/mac:02010b41cdec/antenna/tag/e2806894000040038662114f, 91
1652707409.540972, sdrt-health/mac:02010b41cdec/antenna/tag/e2806894000050038661fd4f, 86
1652707409.555126, sdrt-health/mac:02010b41cdec/antenna/tag/e28068940000400386621d4f, 96
1652707409.555611, sdrt-health/mac:02010b41cdec/antenna/tag/e2806894000050038662154f, 88
1652707409.591329, sdrt-health/mac:02010b41cdec/antenna/tag/e2806894000040038662114f, 88
1652707409.661454, sdrt-health/mac:02010b41cdec/antenna/tag/e2806894000050038661fd4f, 86
1652707409.702155, sdrt-health/mac:02010b41cdec/antenna/tag/e2806894000050038662194f, 81
1652707409.741998, sdrt-health/mac:02010b41cdec/antenna/tag/e2806894000050038661fd4f, 90
1652707409.781795, sdrt-health/mac:02010b41cdec/antenna/tag/e2806894000040038662114f, 97
1652707409.841329, sdrt-health/mac:02010b41cdec/antenna/tag/e2806894000040038661f94f, 84
1652707409.881543, sdrt-health/mac:02010b41cdec/antenna/tag/e28068940000500386620d4f, 87
1652707409.936345, sdrt-health/mac:02010b41cdec/antenna/tag/e2806894000050038662154f, 88
1652707409.936783, sdrt-health/mac:02010b41cdec/antenna/tag/e2806894000040038662214f, 94
1652707409.950426, sdrt-health/mac:02010b41cdec/antenna/tag/e2806894000050038662154f, 88
1652707409.971672, sdrt-health/mac:02010b41cdec/antenna/tag/e2806894000040038662114f, 88
1652707410.051728, sdrt-health/mac:02010b41cdec/antenna/tag/e2806894000050038661fd4f, 83
1652707410.091942, sdrt-health/mac:02010b41cdec/antenna/tag/e2806894000050038662154f, 85
1652707410.133597, sdrt-health/mac:02010b41cdec/antenna/tag/e2806894000040038661f94f, 81
1652707410.162828, sdrt-health/mac:02010b41cdec/antenna/tag/e28068940000500386620d4f, 81
1652707410.163102, sdrt-health/mac:02010b41cdec/antenna/tag/e2806894000040038661f94f, 81
1652707410.163317, sdrt-health/mac:02010b41cdec/antenna/tag/e2806894000050038661fd4f, 83
1652707410.177448, sdrt-health/mac:02010b41cdec/antenna/tag/e2806894000040038662114f, 88
1652707410.17784, sdrt-health/mac:02010b41cdec/antenna/tag/e2806894000050038662154f, 88
1652707410.177977, sdrt-health/mac:02010b41cdec/antenna/tag/e2806894000040038662114f, 88
1652707410.210925, sdrt-health/mac:02010b41cdec/antenna/tag/e2806894000050038662154f, 85
1652707410.252329, sdrt-health/mac:02010b41cdec/antenna/tag/e2806894000050038661fd4f, 86
1652707410.291144, sdrt-health/mac:02010b41cdec/antenna/tag/e2806894000050038662194f, 94
1652707410.346815, sdrt-health/mac:02010b41cdec/antenna/tag/e2806894000040038662114f, 91
1652707410.34739, sdrt-health/mac:02010b41cdec/antenna/tag/e2806894000050038662194f, 81
1652707410.391391, sdrt-health/mac:02010b41cdec/antenna/tag/e2806894000050038662154f, 85
1652707410.431478, sdrt-health/mac:02010b41cdec/antenna/tag/e2806894000050038662194f, 84
1652707410.486634, sdrt-health/mac:02010b41cdec/antenna/tag/e28068940000500386620d4f, 83
1652707410.487214, sdrt-health/mac:02010b41cdec/antenna/tag/e2806894000040038662114f, 88
1652707410.523613, sdrt-health/mac:02010b41cdec/antenna/tag/e28068940000400386621d4f, 90
1652707410.560658, sdrt-health/mac:02010b41cdec/antenna/tag/e2806894000050038662154f, 91
1652707410.646171, sdrt-health/mac:02010b41cdec/antenna/tag/e2806894000040038662114f, 88
1652707410.646665, sdrt-health/mac:02010b41cdec/antenna/tag/e2806894000040038662114f, 91
1652707410.671802, sdrt-health/mac:02010b41cdec/antenna/tag/e2806894000040038662114f, 91
1652707410.724473, sdrt-health/mac:02010b41cdec/antenna/tag/e2806894000050038662194f, 94
1652707410.725001, sdrt-health/mac:02010b41cdec/antenna/tag/e2806894000050038662154f, 91
1652707410.739147, sdrt-health/mac:02010b41cdec/antenna/tag/e2806894000040038662114f, 88
1652707410.761561, sdrt-health/mac:02010b41cdec/antenna/tag/e2806894000050038662154f, 88
1652707410.801504, sdrt-health/mac:02010b41cdec/antenna/tag/e2806894000040038662114f, 85
1652707410.841827, sdrt-health/mac:02010b41cdec/antenna/tag/e2806894000040038662114f, 85
1652707410.916235, sdrt-health/mac:02010b41cdec/antenna/tag/e28068940000500386620d4f, 87
1652707410.916711, sdrt-health/mac:02010b41cdec/antenna/tag/e28068940000400386621d4f, 96
1652707410.941203, sdrt-health/mac:02010b41cdec/antenna/tag/e2806894000050038662154f, 97
1652707411.052355, sdrt-health/mac:02010b41cdec/antenna/tag/e2806894000050038661fd4f, 86
1652707411.102168, sdrt-health/mac:02010b41cdec/antenna/tag/e2806894000050038662154f, 88
1652707411.141625, sdrt-health/mac:02010b41cdec/antenna/tag/e28068940000400386621d4f, 96
1652707411.182175, sdrt-health/mac:02010b41cdec/antenna/tag/e2806894000050038662154f, 85
1652707411.222423, sdrt-health/mac:02010b41cdec/antenna/tag/e2806894000050038661fd4f, 83
1652707411.275801, sdrt-health/mac:02010b41cdec/antenna/tag/e2806894000040038662114f, 85
1652707411.276372, sdrt-health/mac:02010b41cdec/antenna/tag/e2806894000050038661fd4f, 86
1652707411.30134, sdrt-health/mac:02010b41cdec/antenna/tag/e2806894000050038661fd4f, 83
1652707411.34327, sdrt-health/mac:02010b41cdec/antenna/tag/e2806894000050038661fd4f, 86
1652707411.436408, sdrt-health/mac:02010b41cdec/antenna/tag/e28068940000400386621d4f, 90
1652707411.436991, sdrt-health/mac:02010b41cdec/antenna/tag/e2806894000040038662114f, 88
1652707411.437402, sdrt-health/mac:02010b41cdec/antenna/tag/e2806894000040038661f94f, 88
1652707411.49878, sdrt-health/mac:02010b41cdec/antenna/tag/e2806894000050038662194f, 94
1652707411.499236, sdrt-health/mac:02010b41cdec/antenna/tag/e2806894000050038662154f, 85
1652707411.546163, sdrt-health/mac:02010b41cdec/antenna/tag/e28068940000400386621d4f, 96
1652707411.568695, sdrt-health/mac:02010b41cdec/antenna/tag/e28068940000500386620d4f, 81
1652707411.568965, sdrt-health/mac:02010b41cdec/antenna/tag/e28068940000400386621d4f, 96
1652707411.613993, sdrt-health/mac:02010b41cdec/antenna/tag/e2806894000040038662114f, 85
1652707411.637547, sdrt-health/mac:02010b41cdec/antenna/tag/e2806894000040038662114f, 85
1652707411.672888, sdrt-health/mac:02010b41cdec/antenna/tag/e2806894000040038662114f, 88
1652707411.768832, sdrt-health/mac:02010b41cdec/antenna/tag/e2806894000050038661fd4f, 83
1652707411.769414, sdrt-health/mac:02010b41cdec/antenna/tag/e2806894000050038662154f, 88
1652707411.822313, sdrt-health/mac:02010b41cdec/antenna/tag/e2806894000050038662154f, 85
1652707411.907525, sdrt-health/mac:02010b41cdec/antenna/tag/scan, scan stopped
