1652707488.74012, sdrt-health/mac:02010b41cdec/antenna/power/set, {"power": 300}
1652707489.803624, sdrt-health/mac:02010b41cdec/antenna/power/set, 
1652707490.742952, sdrt-health/mac:02010b41cdec/antenna/state, connected
1652707490.743578, sdrt-health/mac:02010b41cdec/fw, {"version":"1.8.1","model":"200","hash":"2f556501b58f1dad542af428d7928d18","timestamp":1652707487}
1652707490.923654, sdrt-health/mac:02010b41cdec/antenna/version, J.6.6/V0121-04
1652707491.146052, sdrt-health/mac:02010b41cdec/antenna/power, 30
1652707493.76319, sdrt-health/mac:02010b41cdec/antenna/tag/scan, {"time": 20000}
1652707494.142867, sdrt-health/mac:02010b41cdec/antenna/tag/e2806894000050038662154f, 91
1652707494.205097, sdrt-health/mac:02010b41cdec/antenna/tag/e2806894000050038662154f, 91
1652707494.251371, sdrt-health/mac:02010b41cdec/antenna/tag/e28068940000400386621d4f, 96
1652707494.30202, sdrt-health/mac:02010b41cdec/antenna/tag/e2806894000040038662114f, 88
1652707494.341628, sdrt-health/mac:02010b41cdec/antenna/tag/e2806894000050038662154f, 91
1652707494.381955, sdrt-health/mac:02010b41cdec/antenna/tag/e2806894000040038662114f, 85
1652707494.437951, sdrt-health/mac:02010b41cdec/antenna/tag/e2806894000040038662114f, 88
1652707494.438453, sdrt-health/mac:02010b41cdec/antenna/tag/e2806894000050038661fd4f, 90
1652707494.46389, sdrt-health/mac:02010b41cdec/antenna/tag/e2806894000040038662114f, 88
1652707494.495687, sdrt-health/mac:02010b41cdec/antenna/tag/e2806894000050038662154f, 88
1652707494.495978, sdrt-health/mac:02010b41cdec/antenna/tag/e2806894000050038661fd4f, 83
1652707494.511807, sdrt-health/mac:02010b41cdec/antenna/tag/e2806894000050038661fd4f, 86
1652707494.543901, sdrt-health/mac:02010b41cdec/antenna/tag/e28068940000400386621d4f, 77
1652707494.591248, sdrt-health/mac:02010b41cdec/antenna/tag/e2806894000040038662114f, 91
1652707494.621346, sdrt-health/mac:02010b41cdec/antenna/tag/e28068940000500386620d4f, 81
1652707494.621702, sdrt-health/mac:02010b41cdec/antenna/tag/e28068940000500386620d4f, 81
1652707494.636011, sdrt-health/mac:02010b41cdec/antenna/tag/e2806894000050038661fd4f, 86
1652707494.672975, sdrt-health/mac:02010b41cdec/antenna/tag/e28068940000400386621d4f, 96
1652707494.738542, sdrt-health/mac:02010b41cdec/antenna/tag/e28068940000500386620d4f, 93
1652707494.783398, sdrt-health/mac:02010b41cdec/antenna/tag/e2806894000040038662114f, 88
1652707494.837443, sdrt-health/mac:02010b41cdec/antenna/tag/e28068940000500386620d4f, 81
1652707494.837771, sdrt-health/mac:02010b41cdec/antenna/tag/e2806894000040038661f94f, 82
1652707494.862562, sdrt-health/mac:02010b41cdec/antenna/tag/e28068940000500386620d4f, 83
1652707494.917331, sdrt-health/mac:02010b41cdec/antenna/tag/e2806894000040038662214f, 94
1652707494.9178, sdrt-health/mac:02010b41cdec/antenna/tag/e2806894000050038662154f, 88
1652707494.931981, sdrt-health/mac:02010b41cdec/antenna/tag/e28068940000500386620d4f, 93
1652707494.942623, sdrt-health/mac:02010b41cdec/antenna/tag/e2806894000040038662114f, 88
1652707494.984182, sdrt-health/mac:02010b41cdec/antenna/tag/e28068940000500386620d4f, 83
1652707495.015834, sdrt-health/mac:02010b41cdec/antenna/tag/e2806894000050038662154f, 85
1652707495.016125, sdrt-health/mac:02010b41cdec/antenna/tag/e2806894000040038662214f, 84
1652707495.031512, sdrt-health/mac:02010b41cdec/antenna/tag/e2806894000050038662154f, 88
1652707495.062115, sdrt-health/mac:02010b41cdec/antenna/tag/e2806894000040038662214f, 94
1652707495.117794, sdrt-health/mac:02010b41cdec/antenna/tag/e2806894000040038662114f, 88
1652707495.118279, sdrt-health/mac:02010b41cdec/antenna/tag/e28068940000400386621d4f, 96
1652707495.132722, sdrt-health/mac:02010b41cdec/antenna/tag/e2806894000050038662154f, 91
1652707495.141553, sdrt-health/mac:02010b41cdec/antenna/tag/e2806894000050038662194f, 88
1652707495.184705, sdrt-health/mac:02010b41cdec/antenna/tag/e2806894000040038662114f, 88
1652707495.23231, sdrt-health/mac:02010b41cdec/antenna/tag/e2806894000040038662114f, 88
1652707495.271115, sdrt-health/mac:02010b41cdec/antenna/tag/e2806894000050038661fd4f, 86
1652707495.328682, sdrt-health/mac:02010b41cdec/antenna/tag/e28068940000500386620d4f, 81
1652707495.329166, sdrt-health/mac:02010b41cdec/antenna/tag/e28068940000500386620d4f, 83
1652707495.352743, sdrt-health/mac:02010b41cdec/antenna/tag/e2806894000040038662114f, 91
1652707495.394188, sdrt-health/mac:02010b41cdec/antenna/tag/e2806894000050038662154f, 91
1652707495.432429, sdrt-health/mac:02010b41cdec/antenna/tag/e28068940000400386621d4f, 96
1652707495.47235, sdrt-health/mac:02010b41cdec/antenna/tag/e2806894000050038662194f, 81
1652707495.51359, sdrt-health/mac:02010b41cdec/antenna/tag/e2806894000040038662114f, 97
1652707495.570639, sdrt-health/mac:02010b41cdec/antenna/tag/e2806894000050038662194f, 81
1652707495.571157, sdrt-health/mac:02010b41cdec/antenna/tag/e2806894000040038662114f, 88
1652707495.627058, sdrt-health/mac:02010b41cdec/antenna/tag/e2806894000040038662114f, 91
1652707495.683098, sdrt-health/mac:02010b41cdec/antenna/tag/e2806894000050038662194f, 81
1652707495.74792, sdrt-health/mac:02010b41cdec/antenna/tag/e2806894000050038661fd4f, 90
1652707495.748365, sdrt-health/mac:02010b41cdec/antenna/tag/e2806894000050038661fd4f, 86
1652707495.77367, sdrt-health/mac:02010b41cdec/antenna/tag/e28068940000400386621d4f, 96
1652707495.814166, sdrt-health/mac:02010b41cdec/antenna/tag/e2806894000040038662114f, 88
1652707495.868003, sdrt-health/mac:02010b41cdec/antenna/tag/e28068940000500386620d4f, 94
1652707495.868525, sdrt-health/mac:02010b41cdec/antenna/tag/e28068940000400386621d4f, 96
1652707495.890838, sdrt-health/mac:02010b41cdec/antenna/tag/e2806894000050038662154f, 91
1652707495.932473, sdrt-health/mac:02010b41cdec/antenna/tag/e2806894000050038662194f, 81
1652707495.963622, sdrt-health/mac:02010b41cdec/antenna/tag/e28068940000500386620d4f, 83
1652707495.964009, sdrt-health/mac:02010b41cdec/antenna/tag/e2806894000040038662114f, 88
1652707496.022871, sdrt-health/mac:02010b41cdec/antenna/tag/e2806894000050038662154f, 88
1652707496.093002, sdrt-health/mac:02010b41cdec/antenna/tag/e28068940000400386621d4f, 96
1652707496.146791, sdrt-health/mac:02010b41cdec/antenna/tag/e28068940000500386620d4f, 81
1652707496.147102, sdrt-health/mac:02010b41cdec/antenna/tag/e2806894000040038662214f, 82
1652707496.172599, sdrt-health/mac:02010b41cdec/antenna/tag/e28068940000400386621d4f, 96
1652707496.21371, sdrt-health/mac:02010b41cdec/antenna/tag/e2806894000050038661fd4f, 83
1652707496.268316, sdrt-health/mac:02010b41cdec/antenna/tag/e2806894000050038662194f, 88
1652707496.268779, sdrt-health/mac:02010b41cdec/antenna/tag/e28068940000500386620d4f, 87
1652707496.292497, sdrt-health/mac:02010b41cdec/antenna/tag/e2806894000040038661f94f, 94
1652707496.411904, sdrt-health/mac:02010b41cdec/antenna/tag/e28068940000400386621d4f, 96
1652707496.412401, sdrt-health/mac:02010b41cdec/antenna/tag/e28068940000500386620d4f, 87
1652707496.412733, sdrt-health/mac:02010b41cdec/antenna/tag/e28068940000400386621d4f, 96
1652707496.413095, sdrt-health/mac:02010b41cdec/antenna/tag/e2806894000050038662154f, 88
1652707496.413431, sdrt-health/mac:02010b41cdec/antenna/tag/e2806894000040038662114f, 91
1652707496.41378, sdrt-health/mac:02010b41cdec/antenna/tag/e28068940000500386620d4f, 83
1652707496.486576, sdrt-health/mac:02010b41cdec/antenna/tag/e2806894000040038661f94f, 84
1652707496.557304, sdrt-health/mac:02010b41cdec/antenna/tag/e28068940000400386621d4f, 77
1652707496.557788, sdrt-health/mac:02010b41cdec/antenna/tag/e2806894000050038662194f, 81
1652707496.558121, sdrt-health/mac:02010b41cdec/antenna/tag/e28068940000400386621d4f, 77
1652707496.558474, sdrt-health/mac:02010b41cdec/antenna/tag/e2806894000050038662154f, 85
1652707496.580322, sdrt-health/mac:02010b41cdec/antenna/tag/e2806894000040038662114f, 88
1652707496.59279, sdrt-health/mac:02010b41cdec/antenna/tag/e28068940000500386620d4f, 81
1652707496.596394, sdrt-health/mac:02010b41cdec/antenna/tag/e28068940000400386621d4f, 77
1652707496.64479, sdrt-health/mac:02010b41cdec/antenna/tag/e2806894000040038662114f, 97
1652707496.682732, sdrt-health/mac:02010b41cdec/antenna/tag/e2806894000040038661f94f, 81
1652707496.722463, sdrt-health/mac:02010b41cdec/antenna/tag/e2806894000040038662114f, 85
1652707496.787939, sdrt-health/mac:02010b41cdec/antenna/tag/e2806894000050038661fd4f, 86
1652707496.788441, sdrt-health/mac:02010b41cdec/antenna/tag/e28068940000500386620d4f, 83
1652707496.901426, sdrt-health/mac:02010b41cdec/antenna/tag/e28068940000400386621d4f, 96
1652707496.976888, sdrt-health/mac:02010b41cdec/antenna/tag/e28068940000400386621d4f, 96
1652707496.977331, sdrt-health/mac:02010b41cdec/antenna/tag/e28068940000400386621d4f, 96
1652707496.97771, sdrt-health/mac:02010b41cdec/antenna/tag/e2806894000040038662114f, 97
1652707497.002753, sdrt-health/mac:02010b41cdec/antenna/tag/e2806894000040038662114f, 91
1652707497.003247, sdrt-health/mac:02010b41cdec/antenna/tag/e2806894000050038662154f, 88
1652707497.003779, sdrt-health/mac:02010b41cdec/antenna/tag/e28068940000400386621d4f, 96
1652707497.004203, sdrt-health/mac:02010b41cdec/antenna/tag/e2806894000040038662114f, 91
1652707497.026703, sdrt-health/mac:02010b41cdec/antenna/tag/e2806894000050038662154f, 91
1652707497.070577, sdrt-health/mac:02010b41cdec/antenna/tag/e2806894000050038662194f, 81
1652707497.103835, sdrt-health/mac:02010b41cdec/antenna/tag/e28068940000500386620d4f, 83
1652707497.104453, sdrt-health/mac:02010b41cdec/antenna/tag/e2806894000050038661fd4f, 83
1652707497.104857, sdrt-health/mac:02010b41cdec/antenna/tag/e2806894000050038662154f, 85
1652707497.119459, sdrt-health/mac:02010b41cdec/antenna/tag/e2806894000050038662194f, 81
1652707497.119782, sdrt-health/mac:02010b41cdec/antenna/tag/e2806894000040038662114f, 85
1652707497.152251, sdrt-health/mac:02010b41cdec/antenna/tag/e2806894000050038662154f, 88
1652707497.192095, sdrt-health/mac:02010b41cdec/antenna/tag/e28068940000500386620d4f, 81
1652707497.223313, sdrt-health/mac:02010b41cdec/antenna/tag/e2806894000050038662154f, 97
1652707497.223617, sdrt-health/mac:02010b41cdec/antenna/tag/e28068940000400386621d4f, 96
1652707497.238939, sdrt-health/mac:02010b41cdec/antenna/tag/e2806894000050038662154f, 91
1652707497.293473, sdrt-health/mac:02010b41cdec/antenna/tag/e2806894000050038661fd4f, 90
1652707497.335481, sdrt-health/mac:02010b41cdec/antenna/tag/e2806894000050038662154f, 88
1652707497.389282, sdrt-health/mac:02010b41cdec/antenna/tag/e2806894000050038661fd4f, 90
1652707497.389823, sdrt-health/mac:02010b41cdec/antenna/tag/e2806894000050038662194f, 88
1652707497.404129, sdrt-health/mac:02010b41cdec/antenna/tag/e2806894000050038662154f, 88
1652707497.459138, sdrt-health/mac:02010b41cdec/antenna/tag/e2806894000050038662194f, 94
1652707497.459558, sdrt-health/mac:02010b41cdec/antenna/tag/e2806894000040038661f94f, 94
1652707497.481484, sdrt-health/mac:02010b41cdec/antenna/tag/e2806894000040038662114f, 88
1652707497.542559, sdrt-health/mac:02010b41cdec/antenna/tag/e2806894000050038662194f, 81
1652707497.586023, sdrt-health/mac:02010b41cdec/antenna/tag/e2806894000050038661fd4f, 86
1652707497.621978, sdrt-health/mac:02010b41cdec/antenna/tag/e2806894000040038661f94f, 94
1652707497.65559, sdrt-health/mac:02010b41cdec/antenna/tag/e28068940000400386621d4f, 96
1652707497.655972, sdrt-health/mac:02010b41cdec/antenna/tag/e2806894000050038662194f, 94
1652707497.681448, sdrt-health/mac:02010b41cdec/antenna/tag/e2806894000050038662154f, 85
1652707497.723151, sdrt-health/mac:02010b41cdec/antenna/tag/e28068940000400386621d4f, 96
1652707497.780694, sdrt-health/mac:02010b41cdec/antenna/tag/e2806894000040038662114f, 88
1652707497.781142, sdrt-health/mac:02010b41cdec/antenna/tag/e2806894000050038662194f, 81
1652707497.796985, sdrt-health/mac:02010b41cdec/antenna/tag/e2806894000050038662194f, 81
1652707497.802862, sdrt-health/mac:02010b41cdec/antenna/tag/e2806894000040038662114f, 85
1652707497.842688, sdrt-health/mac:02010b41cdec/antenna/tag/e2806894000050038661fd4f, 86
1652707497.882178, sdrt-health/mac:02010b41cdec/antenna/tag/e2806894000040038662114f, 88
1652707497.922938, sdrt-health/mac:02010b41cdec/antenna/tag/e2806894000050038662154f, 88
1652707497.978682, sdrt-health/mac:02010b41cdec/antenna/tag/e2806894000050038661fd4f, 83
1652707497.979133, sdrt-health/mac:02010b41cdec/antenna/tag/e2806894000040038661f94f, 94
1652707498.003758, sdrt-health/mac:02010b41cdec/antenna/tag/e2806894000050038662154f, 88
1652707498.059602, sdrt-health/mac:02010b41cdec/antenna/tag/e28068940000400386621d4f, 96
1652707498.060025, sdrt-health/mac:02010b41cdec/antenna/tag/e28068940000500386620d4f, 87
1652707498.076095, sdrt-health/mac:02010b41cdec/antenna/tag/e2806894000040038662054f, 82
1652707498.133362, sdrt-health/mac:02010b41cdec/antenna/tag/e28068940000500386620d4f, 94
1652707498.171835, sdrt-health/mac:02010b41cdec/antenna/tag/e28068940000400386621d4f, 77
1652707498.267658, sdrt-health/mac:02010b41cdec/antenna/tag/e2806894000040038661f94f, 94
1652707498.268142, sdrt-health/mac:02010b41cdec/antenna/tag/e28068940000500386620d4f, 81
1652707498.29197, sdrt-health/mac:02010b41cdec/antenna/tag/e2806894000050038662194f, 88
1652707498.34996, sdrt-health/mac:02010b41cdec/antenna/tag/e2806894000040038662114f, 91
1652707498.350398, sdrt-health/mac:02010b41cdec/antenna/tag/e28068940000500386620d4f, 81
1652707498.365477, sdrt-health/mac:02010b41cdec/antenna/tag/e2806894000050038662194f, 81
1652707498.371759, sdrt-health/mac:02010b41cdec/antenna/tag/e2806894000050038662194f, 94
1652707498.41278, sdrt-health/mac:02010b41cdec/antenna/tag/e2806894000050038662154f, 97
1652707498.477532, sdrt-health/mac:02010b41cdec/antenna/tag/e2806894000050038662194f, 81
1652707498.478006, sdrt-health/mac:02010b41cdec/antenna/tag/e28068940000500386620d4f, 81
1652707498.478334, sdrt-health/mac:02010b41cdec/antenna/tag/e2806894000050038661fd4f, 86
1652707498.502323, sdrt-health/mac:02010b41cdec/antenna/tag/e2806894000050038662154f, 91
1652707498.541869, sdrt-health/mac:02010b41cdec/antenna/tag/e2806894000050038662154f, 91
1652707498.583007, sdrt-health/mac:02010b41cdec/antenna/tag/e2806894000040038662114f, 88
1652707498.621615, sdrt-health/mac:02010b41cdec/antenna/tag/e2806894000040038662114f, 91
1652707498.678021, sdrt-health/mac:02010b41cdec/antenna/tag/e28068940000400386621d4f, 77
1652707498.678465, sdrt-health/mac:02010b41cdec/antenna/tag/e2806894000050038662194f, 83
1652707498.692493, sdrt-health/mac:02010b41cdec/antenna/tag/e28068940000500386620d4f, 83
1652707498.70099, sdrt-health/mac:02010b41cdec/antenna/tag/e2806894000040038662114f, 88
1652707498.74459, sdrt-health/mac:02010b41cdec/antenna/tag/e2806894000050038662194f, 94
1652707498.782344, sdrt-health/mac:02010b41cdec/antenna/tag/e2806894000050038661fd4f, 90
1652707498.822642, sdrt-health/mac:02010b41cdec/antenna/tag/e2806894000040038662114f, 85
1652707498.908634, sdrt-health/mac:02010b41cdec/antenna/tag/e2806894000050038662194f, 83
1652707498.909133, sdrt-health/mac:02010b41cdec/antenna/tag/e2806894000050038662194f, 81
1652707498.932966, sdrt-health/mac:02010b41cdec/antenna/tag/e2806894000050038662194f, 94
1652707498.933359, sdrt-health/mac:02010b41cdec/antenna/tag/e2806894000040038662114f, 88
1652707498.985946, sdrt-health/mac:02010b41cdec/antenna/tag/e2806894000040038662114f, 88
1652707499.02116, sdrt-health/mac:02010b41cdec/antenna/tag/e2806894000050038661fd4f, 83
1652707499.061191, sdrt-health/mac:02010b41cdec/antenna/tag/e28068940000400386621d4f, 96
1652707499.15424, sdrt-health/mac:02010b41cdec/antenna/tag/e2806894000040038662114f, 91
1652707499.191471, sdrt-health/mac:02010b41cdec/antenna/tag/e2806894000050038661fd4f, 90
1652707499.221828, sdrt-health/mac:02010b41cdec/antenna/tag/e2806894000050038662154f, 91
1652707499.222119, sdrt-health/mac:02010b41cdec/antenna/tag/e28068940000500386620d4f, 94
1652707499.222346, sdrt-health/mac:02010b41cdec/antenna/tag/e2806894000040038662114f, 88
1652707499.222546, sdrt-health/mac:02010b41cdec/antenna/tag/e28068940000400386621d4f, 96
1652707499.234793, sdrt-health/mac:02010b41cdec/antenna/tag/e2806894000050038661fd4f, 86
1652707499.235007, sdrt-health/mac:02010b41cdec/antenna/tag/e28068940000500386620d4f, 81
1652707499.291829, sdrt-health/mac:02010b41cdec/antenna/tag/e2806894000040038661f94f, 94
1652707499.337894, sdrt-health/mac:02010b41cdec/antenna/tag/e2806894000050038662154f, 88
1652707499.392206, sdrt-health/mac:02010b41cdec/antenna/tag/e28068940000400386621d4f, 77
1652707499.432134, sdrt-health/mac:02010b41cdec/antenna/tag/e2806894000040038662114f, 88
1652707499.485384, sdrt-health/mac:02010b41cdec/antenna/tag/e28068940000400386621d4f, 96
1652707499.485899, sdrt-health/mac:02010b41cdec/antenna/tag/e2806894000050038661fd4f, 86
1652707499.499568, sdrt-health/mac:02010b41cdec/antenna/tag/e2806894000050038662154f, 91
1652707499.510763, sdrt-health/mac:02010b41cdec/antenna/tag/e2806894000040038662054f, 84
1652707499.514959, sdrt-health/mac:02010b41cdec/antenna/tag/e2806894000040038662214f, 84
1652707499.561535, sdrt-health/mac:02010b41cdec/antenna/tag/e28068940000500386620d4f, 83
1652707499.64567, sdrt-health/mac:02010b41cdec/antenna/tag/e2806894000050038662154f, 85
1652707499.646145, sdrt-health/mac:02010b41cdec/antenna/tag/e2806894000050038661fd4f, 83
1652707499.670886, sdrt-health/mac:02010b41cdec/antenna/tag/e28068940000500386620d4f, 81
1652707499.727662, sdrt-health/mac:02010b41cdec/antenna/tag/e2806894000050038661fd4f, 83
1652707499.728168, sdrt-health/mac:02010b41cdec/antenna/tag/e28068940000400386621d4f, 77
1652707499.743014, sdrt-health/mac:02010b41cdec/antenna/tag/e2806894000040038662114f, 88
1652707499.751623, sdrt-health/mac:02010b41cdec/antenna/tag/e2806894000040038662114f, 97
1652707499.793991, sdrt-health/mac:02010b41cdec/antenna/tag/e2806894000050038662154f, 91
1652707499.8302, sdrt-health/mac:02010b41cdec/antenna/tag/e2806894000050038662194f, 94
1652707499.907039, sdrt-health/mac:02010b41cdec/antenna/tag/e2806894000040038662114f, 91
1652707499.907543, sdrt-health/mac:02010b41cdec/antenna/tag/e28068940000500386620d4f, 83
1652707499.931259, sdrt-health/mac:02010b41cdec/antenna/tag/e2806894000050038662154f, 88
1652707499.971689, sdrt-health/mac:02010b41cdec/antenna/tag/e2806894000050038662154f, 88
1652707500.029787, sdrt-health/mac:02010b41cdec/antenna/tag/e28068940000400386621d4f, 90
1652707500.030002, sdrt-health/mac:02010b41cdec/antenna/tag/e2806894000040038662214f, 81
1652707500.051558, sdrt-health/mac:02010b41cdec/antenna/tag/e2806894000040038662214f, 94
1652707500.092584, sdrt-health/mac:02010b41cdec/antenna/tag/e2806894000050038661fd4f, 83
1652707500.132527, sdrt-health/mac:02010b41cdec/antenna/tag/e2806894000050038662154f, 88
1652707500.171859, sdrt-health/mac:02010b41cdec/antenna/tag/e2806894000050038662194f, 81
1652707500.227508, sdrt-health/mac:02010b41cdec/antenna/tag/e2806894000050038661fd4f, 86
1652707500.227995, sdrt-health/mac:02010b41cdec/antenna/tag/e2806894000050038662154f, 83
1652707500.252078, sdrt-health/mac:02010b41cdec/antenna/tag/e2806894000050038661fd4f, 86
1652707500.306268, sdrt-health/mac:02010b41cdec/antenna/tag/e28068940000400386621d4f, 77
1652707500.306735, sdrt-health/mac:02010b41cdec/antenna/tag/e2806894000050038661fd4f, 90
1652707500.319592, sdrt-health/mac:02010b41cdec/antenna/tag/e28068940000400386621d4f, 96
1652707500.353872, sdrt-health/mac:02010b41cdec/antenna/tag/e2806894000050038662194f, 83
1652707500.354608, sdrt-health/mac:02010b41cdec/antenna/tag/e2806894000040038662114f, 91
1652707500.368157, sdrt-health/mac:02010b41cdec/antenna/tag/e2806894000050038661fd4f, 86
1652707500.380793, sdrt-health/mac:02010b41cdec/antenna/tag/e2806894000050038662194f, 81
1652707500.422015, sdrt-health/mac:02010b41cdec/antenna/tag/e2806894000040038662214f, 94
1652707500.462344, sdrt-health/mac:02010b41cdec/antenna/tag/e2806894000050038661fd4f, 86
1652707500.501597, sdrt-health/mac:02010b41cdec/antenna/tag/e2806894000040038662214f, 94
1652707500.534055, sdrt-health/mac:02010b41cdec/antenna/tag/e2806894000050038662154f, 85
1652707500.534348, sdrt-health/mac:02010b41cdec/antenna/tag/e28068940000400386621d4f, 96
1652707500.549373, sdrt-health/mac:02010b41cdec/antenna/tag/e2806894000040038662114f, 88
1652707500.549654, sdrt-health/mac:02010b41cdec/antenna/tag/e2806894000050038661fd4f, 90
1652707500.5821, sdrt-health/mac:02010b41cdec/antenna/tag/e2806894000050038662194f, 87
1652707500.61505, sdrt-health/mac:02010b41cdec/antenna/tag/e2806894000050038661fd4f, 86
1652707500.615347, sdrt-health/mac:02010b41cdec/antenna/tag/e2806894000040038662114f, 88
1652707500.629061, sdrt-health/mac:02010b41cdec/antenna/tag/e2806894000040038662114f, 88
1652707500.671733, sdrt-health/mac:02010b41cdec/antenna/tag/e28068940000500386620d4f, 81
1652707500.734683, sdrt-health/mac:02010b41cdec/antenna/tag/e2806894000040038661f94f, 84
1652707500.735188, sdrt-health/mac:02010b41cdec/antenna/tag/e2806894000050038661fd4f, 90
1652707500.765845, sdrt-health/mac:02010b41cdec/antenna/tag/e28068940000400386621d4f, 77
1652707500.825144, sdrt-health/mac:02010b41cdec/antenna/tag/e2806894000040038661f94f, 81
1652707500.825635, sdrt-health/mac:02010b41cdec/antenna/tag/e2806894000050038662154f, 91
1652707500.852154, sdrt-health/mac:02010b41cdec/antenna/tag/e2806894000040038662114f, 88
1652707500.91007, sdrt-health/mac:02010b41cdec/antenna/tag/e28068940000400386621d4f, 96
1652707500.910625, sdrt-health/mac:02010b41cdec/antenna/tag/e28068940000500386620d4f, 81
1652707500.92503, sdrt-health/mac:02010b41cdec/antenna/tag/e2806894000050038662154f, 91
1652707500.952376, sdrt-health/mac:02010b41cdec/antenna/tag/e2806894000050038662154f, 85
1652707500.994285, sdrt-health/mac:02010b41cdec/antenna/tag/e2806894000050038661fd4f, 83
1652707501.045992, sdrt-health/mac:02010b41cdec/antenna/tag/e28068940000400386621d4f, 96
1652707501.046284, sdrt-health/mac:02010b41cdec/antenna/tag/e28068940000400386621d4f, 96
1652707501.109928, sdrt-health/mac:02010b41cdec/antenna/tag/e28068940000400386621d4f, 90
1652707501.154532, sdrt-health/mac:02010b41cdec/antenna/tag/e2806894000050038662154f, 88
1652707501.192076, sdrt-health/mac:02010b41cdec/antenna/tag/e2806894000050038662154f, 97
1652707501.231534, sdrt-health/mac:02010b41cdec/antenna/tag/e2806894000040038662114f, 88
1652707501.287834, sdrt-health/mac:02010b41cdec/antenna/tag/e2806894000050038661fd4f, 90
1652707501.288273, sdrt-health/mac:02010b41cdec/antenna/tag/e2806894000050038662154f, 88
1652707501.302531, sdrt-health/mac:02010b41cdec/antenna/tag/e2806894000050038662154f, 88
1652707501.311071, sdrt-health/mac:02010b41cdec/antenna/tag/e2806894000050038662154f, 85
1652707501.35627, sdrt-health/mac:02010b41cdec/antenna/tag/e2806894000040038661f94f, 94
1652707501.486474, sdrt-health/mac:02010b41cdec/antenna/tag/e2806894000040038661f94f, 81
1652707501.532558, sdrt-health/mac:02010b41cdec/antenna/tag/e2806894000040038662114f, 88
1652707501.598583, sdrt-health/mac:02010b41cdec/antenna/tag/e28068940000500386620d4f, 87
1652707501.599068, sdrt-health/mac:02010b41cdec/antenna/tag/e2806894000040038661f94f, 94
1652707501.599405, sdrt-health/mac:02010b41cdec/antenna/tag/e2806894000040038662114f, 88
1652707501.640974, sdrt-health/mac:02010b41cdec/antenna/tag/e2806894000050038661fd4f, 86
1652707501.776168, sdrt-health/mac:02010b41cdec/antenna/tag/e2806894000050038662154f, 88
1652707501.776612, sdrt-health/mac:02010b41cdec/antenna/tag/e2806894000040038662114f, 85
1652707501.776977, sdrt-health/mac:02010b41cdec/antenna/tag/e2806894000050038661fd4f, 90
1652707501.777322, sdrt-health/mac:02010b41cdec/antenna/tag/e28068940000500386620d4f, 94
1652707501.807135, sdrt-health/mac:02010b41cdec/antenna/tag/e2806894000040038661f94f, 94
1652707501.917255, sdrt-health/mac:02010b41cdec/antenna/tag/e2806894000040038661f94f, 82
1652707501.917758, sdrt-health/mac:02010b41cdec/antenna/tag/e2806894000050038661fd4f, 83
1652707501.918096, sdrt-health/mac:02010b41cdec/antenna/tag/e2806894000050038661fd4f, 86
1652707501.918562, sdrt-health/mac:02010b41cdec/antenna/tag/e2806894000040038662114f, 91
1652707501.918956, sdrt-health/mac:02010b41cdec/antenna/tag/e2806894000040038661f94f, 81
1652707501.919955, sdrt-health/mac:02010b41cdec/antenna/tag/e2806894000050038661fd4f, 86
1652707501.920489, sdrt-health/mac:02010b41cdec/antenna/tag/e2806894000040038662114f, 97
1652707501.983149, sdrt-health/mac:02010b41cdec/antenna/tag/e2806894000050038661fd4f, 86
1652707502.06212, sdrt-health/mac:02010b41cdec/antenna/tag/e2806894000050038661fd4f, 86
1652707502.062565, sdrt-health/mac:02010b41cdec/antenna/tag/e2806894000040038662114f, 88
1652707502.105608, sdrt-health/mac:02010b41cdec/antenna/tag/e28068940000500386620d4f, 87
1652707502.444472, sdrt-health/mac:02010b41cdec/antenna/tag/e2806894000050038661fd4f, 86
1652707502.444911, sdrt-health/mac:02010b41cdec/antenna/tag/e2806894000050038662154f, 91
1652707502.445244, sdrt-health/mac:02010b41cdec/antenna/tag/e2806894000050038661fd4f, 90
1652707502.4456, sdrt-health/mac:02010b41cdec/antenna/tag/e2806894000040038662114f, 88
1652707502.445907, sdrt-health/mac:02010b41cdec/antenna/tag/e2806894000040038662114f, 91
1652707502.446234, sdrt-health/mac:02010b41cdec/antenna/tag/e28068940000400386621d4f, 96
1652707502.446601, sdrt-health/mac:02010b41cdec/antenna/tag/e2806894000040038662114f, 91
1652707502.447014, sdrt-health/mac:02010b41cdec/antenna/tag/e28068940000400386621d4f, 96
1652707502.447494, sdrt-health/mac:02010b41cdec/antenna/tag/e2806894000040038661f94f, 81
1652707502.48626, sdrt-health/mac:02010b41cdec/antenna/tag/e2806894000040038662114f, 91
1652707502.572364, sdrt-health/mac:02010b41cdec/antenna/tag/e2806894000050038661fd4f, 86
1652707502.57281, sdrt-health/mac:02010b41cdec/antenna/tag/e28068940000400386621d4f, 96
1652707502.573178, sdrt-health/mac:02010b41cdec/antenna/tag/e28068940000500386620d4f, 94
1652707502.573498, sdrt-health/mac:02010b41cdec/antenna/tag/e28068940000500386620d4f, 81
1652707502.573837, sdrt-health/mac:02010b41cdec/antenna/tag/e2806894000050038661fd4f, 86
1652707502.574225, sdrt-health/mac:02010b41cdec/antenna/tag/e2806894000050038662154f, 88
1652707502.574538, sdrt-health/mac:02010b41cdec/antenna/tag/e2806894000040038662114f, 88
1652707502.574882, sdrt-health/mac:02010b41cdec/antenna/tag/e2806894000050038661fd4f, 86
1652707502.612024, sdrt-health/mac:02010b41cdec/antenna/tag/e28068940000400386621d4f, 96
1652707502.612292, sdrt-health/mac:02010b41cdec/antenna/tag/e2806894000050038662194f, 94
1652707502.61248, sdrt-health/mac:02010b41cdec/antenna/tag/e2806894000040038662114f, 85
1652707502.633748, sdrt-health/mac:02010b41cdec/antenna/tag/e2806894000040038662114f, 85
1652707502.635663, sdrt-health/mac:02010b41cdec/antenna/tag/e2806894000040038661f94f, 81
1652707502.735342, sdrt-health/mac:02010b41cdec/antenna/tag/e2806894000040038662214f, 88
1652707502.735861, sdrt-health/mac:02010b41cdec/antenna/tag/e2806894000050038662154f, 88
1652707502.906959, sdrt-health/mac:02010b41cdec/antenna/tag/e2806894000040038662114f, 88
1652707502.924858, sdrt-health/mac:02010b41cdec/antenna/tag/e2806894000050038661fd4f, 86
1652707503.081369, sdrt-health/mac:02010b41cdec/antenna/tag/e2806894000050038662154f, 85
1652707503.081892, sdrt-health/mac:02010b41cdec/antenna/tag/e2806894000050038661fd4f, 86
1652707503.082223, sdrt-health/mac:02010b41cdec/antenna/tag/e2806894000040038662114f, 88
1652707503.082537, sdrt-health/mac:02010b41cdec/antenna/tag/e28068940000500386620d4f, 94
1652707503.082893, sdrt-health/mac:02010b41cdec/antenna/tag/e28068940000400386621d4f, 96
1652707503.083205, sdrt-health/mac:02010b41cdec/antenna/tag/e2806894000050038662194f, 83
1652707503.083538, sdrt-health/mac:02010b41cdec/antenna/tag/e2806894000050038662154f, 88
1652707503.084045, sdrt-health/mac:02010b41cdec/antenna/tag/e28068940000500386620d4f, 83
1652707503.08448, sdrt-health/mac:02010b41cdec/antenna/tag/e2806894000040038662114f, 88
1652707503.084804, sdrt-health/mac:02010b41cdec/antenna/tag/e2806894000050038662194f, 94
1652707503.084925, sdrt-health/mac:02010b41cdec/antenna/tag/e2806894000050038661fd4f, 86
1652707503.113929, sdrt-health/mac:02010b41cdec/antenna/tag/e28068940000400386621d4f, 77
1652707503.176066, sdrt-health/mac:02010b41cdec/antenna/tag/e2806894000050038662154f, 91
1652707503.176306, sdrt-health/mac:02010b41cdec/antenna/tag/e2806894000040038662114f, 88
1652707503.176436, sdrt-health/mac:02010b41cdec/antenna/tag/e28068940000500386620d4f, 83
1652707503.239199, sdrt-health/mac:02010b41cdec/antenna/tag/e28068940000500386620d4f, 87
1652707503.239787, sdrt-health/mac:02010b41cdec/antenna/tag/e2806894000040038662114f, 88
1652707503.272867, sdrt-health/mac:02010b41cdec/antenna/tag/e2806894000050038662194f, 83
1652707503.362287, sdrt-health/mac:02010b41cdec/antenna/tag/e28068940000500386620d4f, 83
1652707503.466055, sdrt-health/mac:02010b41cdec/antenna/tag/e28068940000500386620d4f, 83
1652707503.466536, sdrt-health/mac:02010b41cdec/antenna/tag/e2806894000050038662154f, 88
1652707503.466898, sdrt-health/mac:02010b41cdec/antenna/tag/e2806894000050038662154f, 91
1652707503.467268, sdrt-health/mac:02010b41cdec/antenna/tag/e28068940000500386620d4f, 87
1652707503.482805, sdrt-health/mac:02010b41cdec/antenna/tag/e2806894000050038662154f, 91
1652707503.491849, sdrt-health/mac:02010b41cdec/antenna/tag/e2806894000040038662114f, 91
1652707503.497843, sdrt-health/mac:02010b41cdec/antenna/tag/e2806894000050038662154f, 88
1652707503.498023, sdrt-health/mac:02010b41cdec/antenna/tag/e28068940000400386621d4f, 96
1652707503.498146, sdrt-health/mac:02010b41cdec/antenna/tag/e2806894000050038662154f, 91
1652707503.532249, sdrt-health/mac:02010b41cdec/antenna/tag/e2806894000050038661fd4f, 86
1652707503.57231, sdrt-health/mac:02010b41cdec/antenna/tag/e2806894000050038662154f, 88
1652707503.612607, sdrt-health/mac:02010b41cdec/antenna/tag/e2806894000050038661fd4f, 86
1652707503.676548, sdrt-health/mac:02010b41cdec/antenna/tag/e2806894000050038662194f, 81
1652707503.677019, sdrt-health/mac:02010b41cdec/antenna/tag/e2806894000040038662114f, 91
1652707503.702243, sdrt-health/mac:02010b41cdec/antenna/tag/e2806894000050038661fd4f, 86
1652707503.744406, sdrt-health/mac:02010b41cdec/antenna/tag/e2806894000050038661fd4f, 90
1652707503.792016, sdrt-health/mac:02010b41cdec/antenna/tag/e2806894000050038662154f, 91
1652707503.851559, sdrt-health/mac:02010b41cdec/antenna/tag/e28068940000400386621d4f, 96
1652707503.90668, sdrt-health/mac:02010b41cdec/antenna/tag/e2806894000040038662114f, 97
1652707503.907204, sdrt-health/mac:02010b41cdec/antenna/tag/e2806894000050038662194f, 81
1652707503.932211, sdrt-health/mac:02010b41cdec/antenna/tag/e2806894000040038661f94f, 88
1652707503.972076, sdrt-health/mac:02010b41cdec/antenna/tag/e28068940000400386621d4f, 96
1652707504.02899, sdrt-health/mac:02010b41cdec/antenna/tag/e2806894000050038662154f, 88
1652707504.029425, sdrt-health/mac:02010b41cdec/antenna/tag/e2806894000050038662154f, 88
1652707504.044306, sdrt-health/mac:02010b41cdec/antenna/tag/e28068940000500386620d4f, 93
1652707504.051686, sdrt-health/mac:02010b41cdec/antenna/tag/e2806894000040038661f94f, 83
1652707504.092705, sdrt-health/mac:02010b41cdec/antenna/tag/e28068940000400386621d4f, 96
1652707504.146585, sdrt-health/mac:02010b41cdec/antenna/tag/e28068940000500386620d4f, 83
1652707504.146956, sdrt-health/mac:02010b41cdec/antenna/tag/e2806894000050038661fd4f, 83
1652707504.161195, sdrt-health/mac:02010b41cdec/antenna/tag/e28068940000400386621d4f, 96
1652707504.197557, sdrt-health/mac:02010b41cdec/antenna/tag/e2806894000050038662194f, 88
1652707504.197835, sdrt-health/mac:02010b41cdec/antenna/tag/e2806894000040038662114f, 88
1652707504.22404, sdrt-health/mac:02010b41cdec/antenna/tag/e28068940000400386621d4f, 96
1652707504.284882, sdrt-health/mac:02010b41cdec/antenna/tag/e2806894000050038662154f, 97
1652707504.285354, sdrt-health/mac:02010b41cdec/antenna/tag/e2806894000050038662194f, 81
1652707504.311639, sdrt-health/mac:02010b41cdec/antenna/tag/e2806894000050038661fd4f, 83
1652707504.356533, sdrt-health/mac:02010b41cdec/antenna/tag/e2806894000050038662154f, 91
1652707504.393253, sdrt-health/mac:02010b41cdec/antenna/tag/e2806894000040038662114f, 88
1652707504.422848, sdrt-health/mac:02010b41cdec/antenna/tag/e28068940000400386621d4f, 77
1652707504.423373, sdrt-health/mac:02010b41cdec/antenna/tag/e2806894000050038662154f, 88
1652707504.43742, sdrt-health/mac:02010b41cdec/antenna/tag/e2806894000050038661fd4f, 86
1652707504.503599, sdrt-health/mac:02010b41cdec/antenna/tag/e28068940000400386621d4f, 96
1652707504.53315, sdrt-health/mac:02010b41cdec/antenna/tag/e28068940000500386620d4f, 83
1652707504.559372, sdrt-health/mac:02010b41cdec/antenna/tag/e2806894000050038662194f, 87
1652707504.616592, sdrt-health/mac:02010b41cdec/antenna/tag/e2806894000040038661f94f, 82
1652707504.651224, sdrt-health/mac:02010b41cdec/antenna/tag/e2806894000050038662154f, 91
1652707504.708905, sdrt-health/mac:02010b41cdec/antenna/tag/e2806894000050038661fd4f, 86
1652707504.709348, sdrt-health/mac:02010b41cdec/antenna/tag/e28068940000400386621d4f, 96
1652707504.732781, sdrt-health/mac:02010b41cdec/antenna/tag/e2806894000050038662194f, 94
1652707504.768217, sdrt-health/mac:02010b41cdec/antenna/tag/e2806894000040038662114f, 88
1652707504.768506, sdrt-health/mac:02010b41cdec/antenna/tag/e28068940000400386621d4f, 90
1652707504.806493, sdrt-health/mac:02010b41cdec/antenna/tag/e2806894000050038662154f, 88
1652707504.807034, sdrt-health/mac:02010b41cdec/antenna/tag/e2806894000040038662114f, 91
1652707504.824401, sdrt-health/mac:02010b41cdec/antenna/tag/e28068940000400386621d4f, 96
1652707504.872619, sdrt-health/mac:02010b41cdec/antenna/tag/e2806894000050038661fd4f, 90
1652707504.903676, sdrt-health/mac:02010b41cdec/antenna/tag/e2806894000050038661fd4f, 86
1652707504.90444, sdrt-health/mac:02010b41cdec/antenna/tag/e2806894000050038662154f, 91
1652707504.905072, sdrt-health/mac:02010b41cdec/antenna/tag/e28068940000500386620d4f, 87
1652707504.917594, sdrt-health/mac:02010b41cdec/antenna/tag/e2806894000040038662114f, 91
1652707504.917957, sdrt-health/mac:02010b41cdec/antenna/tag/e28068940000500386620d4f, 81
1652707504.974128, sdrt-health/mac:02010b41cdec/antenna/tag/e2806894000050038661fd4f, 83
1652707505.0073, sdrt-health/mac:02010b41cdec/antenna/tag/e2806894000050038661fd4f, 83
1652707505.147804, sdrt-health/mac:02010b41cdec/antenna/tag/e2806894000050038662154f, 91
1652707505.148425, sdrt-health/mac:02010b41cdec/antenna/tag/e28068940000400386621d4f, 77
1652707505.172257, sdrt-health/mac:02010b41cdec/antenna/tag/e2806894000040038662114f, 88
1652707505.24733, sdrt-health/mac:02010b41cdec/antenna/tag/e28068940000400386621d4f, 96
1652707505.24776, sdrt-health/mac:02010b41cdec/antenna/tag/e2806894000050038662194f, 94
1652707505.272082, sdrt-health/mac:02010b41cdec/antenna/tag/e2806894000050038662154f, 97
1652707505.312523, sdrt-health/mac:02010b41cdec/antenna/tag/e2806894000050038661fd4f, 86
1652707505.347088, sdrt-health/mac:02010b41cdec/antenna/tag/e2806894000040038662114f, 88
1652707505.347456, sdrt-health/mac:02010b41cdec/antenna/tag/e2806894000050038662194f, 81
1652707505.362712, sdrt-health/mac:02010b41cdec/antenna/tag/e2806894000050038662194f, 83
1652707505.362896, sdrt-health/mac:02010b41cdec/antenna/tag/e2806894000040038662114f, 88
1652707505.39158, sdrt-health/mac:02010b41cdec/antenna/tag/e2806894000050038661fd4f, 83
1652707505.445354, sdrt-health/mac:02010b41cdec/antenna/tag/e28068940000400386621d4f, 96
1652707505.445755, sdrt-health/mac:02010b41cdec/antenna/tag/e28068940000400386621d4f, 96
1652707505.503451, sdrt-health/mac:02010b41cdec/antenna/tag/e2806894000040038662114f, 85
1652707505.542379, sdrt-health/mac:02010b41cdec/antenna/tag/e2806894000050038661fd4f, 86
1652707505.590001, sdrt-health/mac:02010b41cdec/antenna/tag/e2806894000040038662114f, 88
1652707505.633757, sdrt-health/mac:02010b41cdec/antenna/tag/e2806894000040038662114f, 88
1652707505.666688, sdrt-health/mac:02010b41cdec/antenna/tag/e2806894000040038661f94f, 94
1652707505.667163, sdrt-health/mac:02010b41cdec/antenna/tag/e28068940000400386621d4f, 96
1652707505.681527, sdrt-health/mac:02010b41cdec/antenna/tag/e28068940000400386621d4f, 96
1652707505.722388, sdrt-health/mac:02010b41cdec/antenna/tag/e28068940000500386620d4f, 81
1652707505.763651, sdrt-health/mac:02010b41cdec/antenna/tag/e28068940000500386620d4f, 94
1652707505.79254, sdrt-health/mac:02010b41cdec/antenna/tag/e2806894000040038662114f, 91
1652707505.792839, sdrt-health/mac:02010b41cdec/antenna/tag/e2806894000050038661fd4f, 86
1652707505.808031, sdrt-health/mac:02010b41cdec/antenna/tag/e2806894000040038662114f, 91
1652707505.892542, sdrt-health/mac:02010b41cdec/antenna/tag/e2806894000050038661fd4f, 86
1652707505.93237, sdrt-health/mac:02010b41cdec/antenna/tag/e2806894000050038662154f, 91
1652707506.012598, sdrt-health/mac:02010b41cdec/antenna/tag/e2806894000040038662214f, 81
1652707506.051658, sdrt-health/mac:02010b41cdec/antenna/tag/e2806894000040038662114f, 88
1652707506.092733, sdrt-health/mac:02010b41cdec/antenna/tag/e2806894000050038661fd4f, 86
1652707506.14618, sdrt-health/mac:02010b41cdec/antenna/tag/e2806894000040038662114f, 88
1652707506.146626, sdrt-health/mac:02010b41cdec/antenna/tag/e28068940000400386621d4f, 96
1652707506.171334, sdrt-health/mac:02010b41cdec/antenna/tag/e28068940000400386621d4f, 96
1652707506.211333, sdrt-health/mac:02010b41cdec/antenna/tag/e2806894000040038662114f, 88
1652707506.261869, sdrt-health/mac:02010b41cdec/antenna/tag/e2806894000050038662194f, 84
1652707506.302252, sdrt-health/mac:02010b41cdec/antenna/tag/e28068940000400386621d4f, 96
1652707506.342949, sdrt-health/mac:02010b41cdec/antenna/tag/e2806894000050038662194f, 83
1652707506.376255, sdrt-health/mac:02010b41cdec/antenna/tag/e2806894000050038661fd4f, 90
1652707506.37654, sdrt-health/mac:02010b41cdec/antenna/tag/e28068940000500386620d4f, 88
1652707506.394291, sdrt-health/mac:02010b41cdec/antenna/tag/e2806894000040038662114f, 97
1652707506.421903, sdrt-health/mac:02010b41cdec/antenna/tag/e2806894000050038662154f, 91
1652707506.478381, sdrt-health/mac:02010b41cdec/antenna/tag/e2806894000050038661fd4f, 90
1652707506.478833, sdrt-health/mac:02010b41cdec/antenna/tag/e28068940000400386621d4f, 90
1652707506.495028, sdrt-health/mac:02010b41cdec/antenna/tag/e2806894000050038661fd4f, 86
1652707506.503052, sdrt-health/mac:02010b41cdec/antenna/tag/e2806894000050038662194f, 83
1652707506.542019, sdrt-health/mac:02010b41cdec/antenna/tag/e2806894000040038661f94f, 88
1652707506.656181, sdrt-health/mac:02010b41cdec/antenna/tag/e2806894000040038662114f, 88
1652707506.656664, sdrt-health/mac:02010b41cdec/antenna/tag/e2806894000040038662114f, 88
1652707506.711827, sdrt-health/mac:02010b41cdec/antenna/tag/e2806894000050038661fd4f, 86
1652707506.742749, sdrt-health/mac:02010b41cdec/antenna/tag/e28068940000400386621d4f, 77
1652707506.743172, sdrt-health/mac:02010b41cdec/antenna/tag/e2806894000050038661fd4f, 86
1652707506.757198, sdrt-health/mac:02010b41cdec/antenna/tag/e2806894000050038662194f, 81
1652707506.757563, sdrt-health/mac:02010b41cdec/antenna/tag/e2806894000050038661fd4f, 86
1652707506.800025, sdrt-health/mac:02010b41cdec/antenna/tag/e2806894000050038661fd4f, 86
1652707506.850617, sdrt-health/mac:02010b41cdec/antenna/tag/e2806894000050038662194f, 81
1652707506.851115, sdrt-health/mac:02010b41cdec/antenna/tag/e28068940000400386621d4f, 77
1652707506.872254, sdrt-health/mac:02010b41cdec/antenna/tag/e2806894000050038662194f, 83
1652707506.948973, sdrt-health/mac:02010b41cdec/antenna/tag/e2806894000050038662194f, 83
1652707506.949438, sdrt-health/mac:02010b41cdec/antenna/tag/e2806894000050038662194f, 81
1652707506.964368, sdrt-health/mac:02010b41cdec/antenna/tag/e2806894000050038662154f, 88
1652707506.964707, sdrt-health/mac:02010b41cdec/antenna/tag/e2806894000050038661fd4f, 86
1652707507.003083, sdrt-health/mac:02010b41cdec/antenna/tag/e2806894000040038662214f, 82
1652707507.044514, sdrt-health/mac:02010b41cdec/antenna/tag/e2806894000050038662194f, 81
1652707507.087732, sdrt-health/mac:02010b41cdec/antenna/tag/e2806894000040038662114f, 88
1652707507.136033, sdrt-health/mac:02010b41cdec/antenna/tag/e2806894000050038662194f, 83
1652707507.136621, sdrt-health/mac:02010b41cdec/antenna/tag/e2806894000050038662154f, 91
1652707507.15253, sdrt-health/mac:02010b41cdec/antenna/tag/e2806894000040038662114f, 85
1652707507.203795, sdrt-health/mac:02010b41cdec/antenna/tag/e2806894000050038661fd4f, 90
1652707507.25349, sdrt-health/mac:02010b41cdec/antenna/tag/e2806894000050038661fd4f, 90
1652707507.312452, sdrt-health/mac:02010b41cdec/antenna/tag/e2806894000040038662114f, 91
1652707507.352679, sdrt-health/mac:02010b41cdec/antenna/tag/e28068940000400386621d4f, 96
1652707507.408242, sdrt-health/mac:02010b41cdec/antenna/tag/e2806894000040038662114f, 88
1652707507.408847, sdrt-health/mac:02010b41cdec/antenna/tag/e2806894000050038662154f, 88
1652707507.423555, sdrt-health/mac:02010b41cdec/antenna/tag/e2806894000050038661fd4f, 86
1652707507.439208, sdrt-health/mac:02010b41cdec/antenna/tag/e2806894000040038662114f, 85
1652707507.591123, sdrt-health/mac:02010b41cdec/antenna/tag/e28068940000400386621d4f, 96
1652707507.591601, sdrt-health/mac:02010b41cdec/antenna/tag/e2806894000040038662114f, 88
1652707507.692552, sdrt-health/mac:02010b41cdec/antenna/tag/e2806894000040038662054f, 94
1652707507.733552, sdrt-health/mac:02010b41cdec/antenna/tag/e2806894000050038661fd4f, 86
1652707507.734777, sdrt-health/mac:02010b41cdec/antenna/tag/e2806894000040038662114f, 91
1652707507.771872, sdrt-health/mac:02010b41cdec/antenna/tag/e28068940000500386620d4f, 81
1652707507.819129, sdrt-health/mac:02010b41cdec/antenna/tag/e2806894000050038662194f, 88
1652707507.8555, sdrt-health/mac:02010b41cdec/antenna/tag/e2806894000040038662214f, 88
1652707507.894992, sdrt-health/mac:02010b41cdec/antenna/tag/e2806894000040038662114f, 88
1652707507.961412, sdrt-health/mac:02010b41cdec/antenna/tag/e28068940000400386621d4f, 77
1652707507.962007, sdrt-health/mac:02010b41cdec/antenna/tag/e28068940000500386620d4f, 83
1652707507.981005, sdrt-health/mac:02010b41cdec/antenna/tag/e2806894000050038661fd4f, 83
1652707508.062822, sdrt-health/mac:02010b41cdec/antenna/tag/e2806894000050038662194f, 84
1652707508.06329, sdrt-health/mac:02010b41cdec/antenna/tag/e2806894000040038662114f, 88
1652707508.077881, sdrt-health/mac:02010b41cdec/antenna/tag/e2806894000050038661fd4f, 86
1652707508.112069, sdrt-health/mac:02010b41cdec/antenna/tag/e2806894000050038662154f, 91
1652707508.150466, sdrt-health/mac:02010b41cdec/antenna/tag/e2806894000050038662194f, 84
1652707508.211884, sdrt-health/mac:02010b41cdec/antenna/tag/e2806894000040038662114f, 91
1652707508.252331, sdrt-health/mac:02010b41cdec/antenna/tag/e2806894000040038661f94f, 84
1652707508.317087, sdrt-health/mac:02010b41cdec/antenna/tag/e2806894000040038662114f, 88
1652707508.317583, sdrt-health/mac:02010b41cdec/antenna/tag/e2806894000040038662114f, 88
1652707508.331391, sdrt-health/mac:02010b41cdec/antenna/tag/e2806894000050038662154f, 91
1652707508.342699, sdrt-health/mac:02010b41cdec/antenna/tag/e2806894000050038661fd4f, 86
1652707508.381843, sdrt-health/mac:02010b41cdec/antenna/tag/e28068940000500386620d4f, 87
1652707508.421403, sdrt-health/mac:02010b41cdec/antenna/tag/e28068940000500386620d4f, 81
1652707508.52845, sdrt-health/mac:02010b41cdec/antenna/tag/e2806894000050038662154f, 91
1652707508.529391, sdrt-health/mac:02010b41cdec/antenna/tag/e2806894000050038662154f, 93
1652707508.556995, sdrt-health/mac:02010b41cdec/antenna/tag/e2806894000050038662154f, 88
1652707508.613551, sdrt-health/mac:02010b41cdec/antenna/tag/e28068940000400386621d4f, 96
1652707508.670499, sdrt-health/mac:02010b41cdec/antenna/tag/e2806894000050038662154f, 88
1652707508.671083, sdrt-health/mac:02010b41cdec/antenna/tag/e2806894000050038662194f, 83
1652707508.687297, sdrt-health/mac:02010b41cdec/antenna/tag/e2806894000040038662114f, 88
1652707508.68781, sdrt-health/mac:02010b41cdec/antenna/tag/e2806894000050038662154f, 91
1652707508.734612, sdrt-health/mac:02010b41cdec/antenna/tag/e28068940000500386620d4f, 94
1652707508.771633, sdrt-health/mac:02010b41cdec/antenna/tag/e28068940000400386621d4f, 77
1652707508.802198, sdrt-health/mac:02010b41cdec/antenna/tag/e2806894000040038661f94f, 81
1652707508.802396, sdrt-health/mac:02010b41cdec/antenna/tag/e2806894000040038661f94f, 94
1652707508.817164, sdrt-health/mac:02010b41cdec/antenna/tag/e2806894000050038661fd4f, 86
1652707508.852347, sdrt-health/mac:02010b41cdec/antenna/tag/e2806894000040038661f94f, 94
1652707508.89551, sdrt-health/mac:02010b41cdec/antenna/tag/e2806894000050038662154f, 88
1652707508.948019, sdrt-health/mac:02010b41cdec/antenna/tag/e28068940000400386621d4f, 96
1652707508.94846, sdrt-health/mac:02010b41cdec/antenna/tag/e2806894000050038661fd4f, 86
1652707508.963701, sdrt-health/mac:02010b41cdec/antenna/tag/e28068940000400386621d4f, 96
1652707508.972595, sdrt-health/mac:02010b41cdec/antenna/tag/e2806894000050038661fd4f, 90
1652707509.012408, sdrt-health/mac:02010b41cdec/antenna/tag/e2806894000040038662114f, 88
1652707509.068246, sdrt-health/mac:02010b41cdec/antenna/tag/e2806894000050038661fd4f, 86
1652707509.068708, sdrt-health/mac:02010b41cdec/antenna/tag/e2806894000050038662154f, 88
1652707509.09379, sdrt-health/mac:02010b41cdec/antenna/tag/e28068940000400386621d4f, 96
1652707509.136792, sdrt-health/mac:02010b41cdec/antenna/tag/e2806894000040038661f94f, 88
1652707509.172342, sdrt-health/mac:02010b41cdec/antenna/tag/e2806894000040038662214f, 81
1652707509.204514, sdrt-health/mac:02010b41cdec/antenna/tag/e2806894000050038662194f, 88
1652707509.2049, sdrt-health/mac:02010b41cdec/antenna/tag/e28068940000400386621d4f, 96
1652707509.223053, sdrt-health/mac:02010b41cdec/antenna/tag/e28068940000400386621d4f, 96
1652707509.26327, sdrt-health/mac:02010b41cdec/antenna/tag/e2806894000050038661fd4f, 86
1652707509.32886, sdrt-health/mac:02010b41cdec/antenna/tag/e28068940000500386620d4f, 87
1652707509.329337, sdrt-health/mac:02010b41cdec/antenna/tag/e28068940000400386621d4f, 96
1652707509.351746, sdrt-health/mac:02010b41cdec/antenna/tag/e2806894000040038662114f, 88
1652707509.394405, sdrt-health/mac:02010b41cdec/antenna/tag/e28068940000400386621d4f, 77
1652707509.432224, sdrt-health/mac:02010b41cdec/antenna/tag/e28068940000500386620d4f, 87
1652707509.463055, sdrt-health/mac:02010b41cdec/antenna/tag/e28068940000500386620d4f, 83
1652707509.46338, sdrt-health/mac:02010b41cdec/antenna/tag/e2806894000050038661fd4f, 83
1652707509.463604, sdrt-health/mac:02010b41cdec/antenna/tag/e2806894000050038662154f, 88
1652707509.479241, sdrt-health/mac:02010b41cdec/antenna/tag/e2806894000050038662194f, 83
1652707509.547925, sdrt-health/mac:02010b41cdec/antenna/tag/e2806894000050038662154f, 91
1652707509.591584, sdrt-health/mac:02010b41cdec/antenna/tag/e2806894000040038662114f, 88
1652707509.592846, sdrt-health/mac:02010b41cdec/antenna/tag/e2806894000050038661fd4f, 90
1652707509.632552, sdrt-health/mac:02010b41cdec/antenna/tag/e2806894000050038662194f, 94
1652707509.682616, sdrt-health/mac:02010b41cdec/antenna/tag/e28068940000500386620d4f, 83
1652707509.772191, sdrt-health/mac:02010b41cdec/antenna/tag/e2806894000050038662154f, 91
1652707509.821963, sdrt-health/mac:02010b41cdec/antenna/tag/e2806894000050038661fd4f, 86
1652707509.822525, sdrt-health/mac:02010b41cdec/antenna/tag/e28068940000400386621d4f, 96
1652707509.862003, sdrt-health/mac:02010b41cdec/antenna/tag/e2806894000050038661fd4f, 86
1652707509.921785, sdrt-health/mac:02010b41cdec/antenna/tag/e28068940000400386621d4f, 96
1652707509.96218, sdrt-health/mac:02010b41cdec/antenna/tag/e28068940000500386620d4f, 81
1652707510.054977, sdrt-health/mac:02010b41cdec/antenna/tag/e2806894000040038662114f, 88
1652707510.092183, sdrt-health/mac:02010b41cdec/antenna/tag/e2806894000050038661fd4f, 86
1652707510.132244, sdrt-health/mac:02010b41cdec/antenna/tag/e2806894000050038661fd4f, 86
1652707510.192038, sdrt-health/mac:02010b41cdec/antenna/tag/e28068940000400386621d4f, 96
1652707510.234112, sdrt-health/mac:02010b41cdec/antenna/tag/e2806894000050038662154f, 88
1652707510.304497, sdrt-health/mac:02010b41cdec/antenna/tag/e2806894000040038662114f, 91
1652707510.304988, sdrt-health/mac:02010b41cdec/antenna/tag/e28068940000500386620d4f, 87
1652707510.334901, sdrt-health/mac:02010b41cdec/antenna/tag/e28068940000400386621d4f, 96
1652707510.365187, sdrt-health/mac:02010b41cdec/antenna/tag/e2806894000050038662154f, 88
1652707510.365533, sdrt-health/mac:02010b41cdec/antenna/tag/e28068940000500386620d4f, 83
1652707510.379647, sdrt-health/mac:02010b41cdec/antenna/tag/e2806894000050038662154f, 88
1652707510.379885, sdrt-health/mac:02010b41cdec/antenna/tag/e2806894000040038662114f, 88
1652707510.380026, sdrt-health/mac:02010b41cdec/antenna/tag/e2806894000050038662194f, 88
1652707510.433292, sdrt-health/mac:02010b41cdec/antenna/tag/e28068940000400386621d4f, 96
1652707510.47115, sdrt-health/mac:02010b41cdec/antenna/tag/e28068940000500386620d4f, 83
1652707510.525365, sdrt-health/mac:02010b41cdec/antenna/tag/e2806894000050038662194f, 94
1652707510.52588, sdrt-health/mac:02010b41cdec/antenna/tag/e2806894000050038661fd4f, 86
1652707510.550984, sdrt-health/mac:02010b41cdec/antenna/tag/e28068940000500386620d4f, 85
1652707510.590446, sdrt-health/mac:02010b41cdec/antenna/tag/e2806894000050038662154f, 88
1652707510.592026, sdrt-health/mac:02010b41cdec/antenna/tag/e2806894000050038661fd4f, 83
1652707510.631816, sdrt-health/mac:02010b41cdec/antenna/tag/e2806894000050038662154f, 88
1652707510.695269, sdrt-health/mac:02010b41cdec/antenna/tag/e28068940000400386621d4f, 96
1652707510.695738, sdrt-health/mac:02010b41cdec/antenna/tag/e2806894000050038662194f, 83
1652707510.732057, sdrt-health/mac:02010b41cdec/antenna/tag/e28068940000400386621d4f, 77
1652707510.772186, sdrt-health/mac:02010b41cdec/antenna/tag/e28068940000500386620d4f, 93
1652707510.811788, sdrt-health/mac:02010b41cdec/antenna/tag/e2806894000050038662154f, 91
1652707510.870774, sdrt-health/mac:02010b41cdec/antenna/tag/e2806894000050038661fd4f, 86
1652707510.927582, sdrt-health/mac:02010b41cdec/antenna/tag/e2806894000040038662114f, 88
1652707510.928065, sdrt-health/mac:02010b41cdec/antenna/tag/e2806894000050038661fd4f, 86
1652707510.942538, sdrt-health/mac:02010b41cdec/antenna/tag/e28068940000400386621d4f, 77
1652707510.972098, sdrt-health/mac:02010b41cdec/antenna/tag/e2806894000040038662114f, 88
1652707510.972452, sdrt-health/mac:02010b41cdec/antenna/tag/e28068940000400386621d4f, 90
1652707510.972798, sdrt-health/mac:02010b41cdec/antenna/tag/e2806894000040038662114f, 85
1652707510.99971, sdrt-health/mac:02010b41cdec/antenna/tag/e2806894000040038661f94f, 88
1652707511.057215, sdrt-health/mac:02010b41cdec/antenna/tag/e2806894000050038662194f, 81
1652707511.057661, sdrt-health/mac:02010b41cdec/antenna/tag/e2806894000050038661fd4f, 86
1652707511.072229, sdrt-health/mac:02010b41cdec/antenna/tag/e2806894000040038662114f, 88
1652707511.081478, sdrt-health/mac:02010b41cdec/antenna/tag/e28068940000500386620d4f, 81
1652707511.120265, sdrt-health/mac:02010b41cdec/antenna/tag/e28068940000400386621d4f, 96
1652707511.175335, sdrt-health/mac:02010b41cdec/antenna/tag/e2806894000040038662114f, 91
1652707511.17574, sdrt-health/mac:02010b41cdec/antenna/tag/e2806894000040038661f94f, 84
1652707511.18998, sdrt-health/mac:02010b41cdec/antenna/tag/e2806894000040038661f94f, 88
1652707511.219834, sdrt-health/mac:02010b41cdec/antenna/tag/e2806894000040038662114f, 88
1652707511.220223, sdrt-health/mac:02010b41cdec/antenna/tag/e2806894000050038662194f, 84
1652707511.242928, sdrt-health/mac:02010b41cdec/antenna/tag/e28068940000500386620d4f, 81
1652707511.296823, sdrt-health/mac:02010b41cdec/antenna/tag/e28068940000400386621d4f, 96
1652707511.297292, sdrt-health/mac:02010b41cdec/antenna/tag/e2806894000040038662114f, 97
1652707511.311992, sdrt-health/mac:02010b41cdec/antenna/tag/e2806894000050038661fd4f, 86
1652707511.312446, sdrt-health/mac:02010b41cdec/antenna/tag/e28068940000500386620d4f, 81
1652707511.341118, sdrt-health/mac:02010b41cdec/antenna/tag/e2806894000050038662194f, 81
1652707511.381807, sdrt-health/mac:02010b41cdec/antenna/tag/e2806894000050038662154f, 88
1652707511.423912, sdrt-health/mac:02010b41cdec/antenna/tag/e2806894000040038662114f, 88
1652707511.50494, sdrt-health/mac:02010b41cdec/antenna/tag/e2806894000050038662194f, 81
1652707511.505415, sdrt-health/mac:02010b41cdec/antenna/tag/e28068940000500386620d4f, 83
1652707511.521312, sdrt-health/mac:02010b41cdec/antenna/tag/e2806894000050038661fd4f, 86
1652707511.576054, sdrt-health/mac:02010b41cdec/antenna/tag/e2806894000050038662154f, 91
1652707511.576433, sdrt-health/mac:02010b41cdec/antenna/tag/e28068940000500386620d4f, 88
1652707511.611059, sdrt-health/mac:02010b41cdec/antenna/tag/e28068940000500386620d4f, 83
1652707511.641456, sdrt-health/mac:02010b41cdec/antenna/tag/e2806894000050038661fd4f, 83
1652707511.641712, sdrt-health/mac:02010b41cdec/antenna/tag/e2806894000040038662114f, 88
1652707511.659937, sdrt-health/mac:02010b41cdec/antenna/tag/e2806894000050038661fd4f, 86
1652707511.691461, sdrt-health/mac:02010b41cdec/antenna/tag/e28068940000400386621d4f, 77
1652707511.745144, sdrt-health/mac:02010b41cdec/antenna/tag/e2806894000050038662194f, 87
1652707511.745605, sdrt-health/mac:02010b41cdec/antenna/tag/e28068940000400386621d4f, 96
1652707511.770419, sdrt-health/mac:02010b41cdec/antenna/tag/e2806894000050038661fd4f, 86
1652707511.811989, sdrt-health/mac:02010b41cdec/antenna/tag/e2806894000050038662194f, 81
1652707511.871442, sdrt-health/mac:02010b41cdec/antenna/tag/e2806894000050038662154f, 91
1652707511.912412, sdrt-health/mac:02010b41cdec/antenna/tag/e28068940000500386620d4f, 81
1652707511.952193, sdrt-health/mac:02010b41cdec/antenna/tag/e2806894000050038661fd4f, 90
1652707511.981051, sdrt-health/mac:02010b41cdec/antenna/tag/e28068940000400386621d4f, 77
1652707511.981353, sdrt-health/mac:02010b41cdec/antenna/tag/e2806894000040038662114f, 91
1652707511.995932, sdrt-health/mac:02010b41cdec/antenna/tag/e2806894000050038662154f, 97
1652707511.996156, sdrt-health/mac:02010b41cdec/antenna/tag/e28068940000400386621d4f, 96
1652707512.031936, sdrt-health/mac:02010b41cdec/antenna/tag/e28068940000400386621d4f, 96
1652707512.121021, sdrt-health/mac:02010b41cdec/antenna/tag/e28068940000400386621d4f, 96
1652707512.177948, sdrt-health/mac:02010b41cdec/antenna/tag/e2806894000040038662114f, 85
1652707512.178446, sdrt-health/mac:02010b41cdec/antenna/tag/e2806894000040038662114f, 88
1652707512.194373, sdrt-health/mac:02010b41cdec/antenna/tag/e28068940000400386621d4f, 96
1652707512.194795, sdrt-health/mac:02010b41cdec/antenna/tag/e2806894000050038661fd4f, 86
1652707512.195072, sdrt-health/mac:02010b41cdec/antenna/tag/e2806894000040038662114f, 88
1652707512.195338, sdrt-health/mac:02010b41cdec/antenna/tag/e28068940000400386621d4f, 77
1652707512.211393, sdrt-health/mac:02010b41cdec/antenna/tag/e28068940000500386620d4f, 94
1652707512.250892, sdrt-health/mac:02010b41cdec/antenna/tag/e28068940000400386621d4f, 96
1652707512.291151, sdrt-health/mac:02010b41cdec/antenna/tag/e2806894000050038662154f, 91
1652707512.331689, sdrt-health/mac:02010b41cdec/antenna/tag/e2806894000040038662114f, 85
1652707512.404508, sdrt-health/mac:02010b41cdec/antenna/tag/e2806894000040038661f94f, 84
1652707512.404995, sdrt-health/mac:02010b41cdec/antenna/tag/e2806894000040038661f94f, 84
1652707512.432271, sdrt-health/mac:02010b41cdec/antenna/tag/e2806894000050038661fd4f, 86
1652707512.471085, sdrt-health/mac:02010b41cdec/antenna/tag/e28068940000400386621d4f, 96
1652707512.511817, sdrt-health/mac:02010b41cdec/antenna/tag/e2806894000040038662214f, 94
1652707512.583484, sdrt-health/mac:02010b41cdec/antenna/tag/e2806894000050038662154f, 85
1652707512.641694, sdrt-health/mac:02010b41cdec/antenna/tag/e2806894000050038661fd4f, 83
1652707512.683322, sdrt-health/mac:02010b41cdec/antenna/tag/e28068940000400386621d4f, 96
1652707512.737162, sdrt-health/mac:02010b41cdec/antenna/tag/e2806894000040038662114f, 88
1652707512.737653, sdrt-health/mac:02010b41cdec/antenna/tag/e28068940000400386621d4f, 96
1652707512.751711, sdrt-health/mac:02010b41cdec/antenna/tag/e2806894000050038661fd4f, 83
1652707512.7612, sdrt-health/mac:02010b41cdec/antenna/tag/e28068940000500386620d4f, 83
1652707512.882128, sdrt-health/mac:02010b41cdec/antenna/tag/e2806894000050038661fd4f, 86
1652707512.9148, sdrt-health/mac:02010b41cdec/antenna/tag/e2806894000050038662194f, 88
1652707512.915195, sdrt-health/mac:02010b41cdec/antenna/tag/e28068940000400386621d4f, 90
1652707512.91549, sdrt-health/mac:02010b41cdec/antenna/tag/e2806894000040038662114f, 91
1652707512.934431, sdrt-health/mac:02010b41cdec/antenna/tag/e28068940000400386621d4f, 96
1652707512.972249, sdrt-health/mac:02010b41cdec/antenna/tag/e2806894000050038662154f, 91
1652707513.025777, sdrt-health/mac:02010b41cdec/antenna/tag/e28068940000500386620d4f, 83
1652707513.026139, sdrt-health/mac:02010b41cdec/antenna/tag/e2806894000040038662114f, 88
1652707513.05223, sdrt-health/mac:02010b41cdec/antenna/tag/e2806894000040038662214f, 88
1652707513.092746, sdrt-health/mac:02010b41cdec/antenna/tag/e2806894000040038662114f, 88
1652707513.151416, sdrt-health/mac:02010b41cdec/antenna/tag/e28068940000400386621d4f, 96
1652707513.20021, sdrt-health/mac:02010b41cdec/antenna/tag/e2806894000050038661fd4f, 86
1652707513.255277, sdrt-health/mac:02010b41cdec/antenna/tag/e2806894000050038661fd4f, 86
1652707513.255826, sdrt-health/mac:02010b41cdec/antenna/tag/e2806894000050038662154f, 97
1652707513.269713, sdrt-health/mac:02010b41cdec/antenna/tag/e2806894000040038662114f, 88
1652707513.298382, sdrt-health/mac:02010b41cdec/antenna/tag/e2806894000050038662154f, 97
1652707513.298582, sdrt-health/mac:02010b41cdec/antenna/tag/e2806894000050038662154f, 97
1652707513.322296, sdrt-health/mac:02010b41cdec/antenna/tag/e2806894000040038662114f, 85
1652707513.361523, sdrt-health/mac:02010b41cdec/antenna/tag/e2806894000050038662194f, 83
1652707513.412216, sdrt-health/mac:02010b41cdec/antenna/tag/e2806894000040038662114f, 85
1652707513.451894, sdrt-health/mac:02010b41cdec/antenna/tag/e2806894000040038662114f, 85
1652707513.505858, sdrt-health/mac:02010b41cdec/antenna/tag/e2806894000040038662214f, 83
1652707513.506308, sdrt-health/mac:02010b41cdec/antenna/tag/e2806894000050038662154f, 88
1652707513.519647, sdrt-health/mac:02010b41cdec/antenna/tag/e2806894000040038661f94f, 84
1652707513.547154, sdrt-health/mac:02010b41cdec/antenna/tag/e28068940000400386621d4f, 96
1652707513.601006, sdrt-health/mac:02010b41cdec/antenna/tag/e2806894000050038662154f, 91
1652707513.630343, sdrt-health/mac:02010b41cdec/antenna/tag/e2806894000050038661fd4f, 86
1652707513.630585, sdrt-health/mac:02010b41cdec/antenna/tag/e2806894000050038661fd4f, 90
1652707513.630781, sdrt-health/mac:02010b41cdec/antenna/tag/e2806894000050038661fd4f, 86
1652707513.645396, sdrt-health/mac:02010b41cdec/antenna/tag/e2806894000050038662154f, 97
1652707513.731775, sdrt-health/mac:02010b41cdec/antenna/tag/e2806894000050038662154f, 88
1652707513.790468, sdrt-health/mac:02010b41cdec/antenna/tag/e2806894000050038661fd4f, 86
1652707513.790994, sdrt-health/mac:02010b41cdec/antenna/tag/e28068940000400386621d4f, 96
1652707513.805745, sdrt-health/mac:02010b41cdec/antenna/tag/e2806894000040038662114f, 91
1652707513.806364, sdrt-health/mac:02010b41cdec/antenna/tag/e2806894000040038662114f, 88
1652707513.806797, sdrt-health/mac:02010b41cdec/antenna/tag/e28068940000400386621d4f, 77
1652707513.821757, sdrt-health/mac:02010b41cdec/antenna/tag/e2806894000050038662154f, 91
1652707513.865089, sdrt-health/mac:02010b41cdec/antenna/tag/e28068940000500386620d4f, 83
1652707513.972161, sdrt-health/mac:02010b41cdec/antenna/tag/e28068940000400386621d4f, 96
1652707513.972573, sdrt-health/mac:02010b41cdec/antenna/tag/e28068940000500386620d4f, 93
1652707514.001958, sdrt-health/mac:02010b41cdec/antenna/tag/e2806894000050038661fd4f, 83
1652707514.050903, sdrt-health/mac:02010b41cdec/antenna/tag/e28068940000500386620d4f, 87
1652707514.101864, sdrt-health/mac:02010b41cdec/antenna/tag/e2806894000050038661fd4f, 86
1652707514.318965, sdrt-health/mac:02010b41cdec/antenna/tag/e2806894000040038662114f, 91
1652707514.319441, sdrt-health/mac:02010b41cdec/antenna/tag/scan, scan stopped
