1652707591.222479, sdrt-health/mac:02010b41cdec/antenna/power/set, {"power": 280}
1652707592.283454, sdrt-health/mac:02010b41cdec/antenna/power/set, 
1652707596.245365, sdrt-health/mac:02010b41cdec/antenna/tag/scan, {"time": 20000}
1652707596.877789, sdrt-health/mac:02010b41cdec/antenna/tag/e2806894000040038662114f, 88
1652707596.922989, sdrt-health/mac:02010b41cdec/antenna/tag/e2806894000040038662114f, 91
1652707596.987133, sdrt-health/mac:02010b41cdec/antenna/tag/e28068940000400386621d4f, 90
1652707596.987626, sdrt-health/mac:02010b41cdec/antenna/tag/e2806894000040038662114f, 91
1652707597.001884, sdrt-health/mac:02010b41cdec/antenna/tag/e2806894000040038662114f, 91
1652707597.011779, sdrt-health/mac:02010b41cdec/antenna/tag/e2806894000040038662114f, 91
1652707597.054185, sdrt-health/mac:02010b41cdec/antenna/tag/e2806894000040038662114f, 85
1652707597.107407, sdrt-health/mac:02010b41cdec/antenna/tag/e2806894000050038662154f, 85
1652707597.108089, sdrt-health/mac:02010b41cdec/antenna/tag/e2806894000050038661fd4f, 86
1652707597.121366, sdrt-health/mac:02010b41cdec/antenna/tag/e28068940000500386620d4f, 81
1652707597.121589, sdrt-health/mac:02010b41cdec/antenna/tag/e2806894000050038662154f, 85
1652707597.121736, sdrt-health/mac:02010b41cdec/antenna/tag/e2806894000050038662154f, 88
1652707597.159542, sdrt-health/mac:02010b41cdec/antenna/tag/e2806894000040038662114f, 88
1652707597.203507, sdrt-health/mac:02010b41cdec/antenna/tag/e28068940000500386620d4f, 81
1652707597.242365, sdrt-health/mac:02010b41cdec/antenna/tag/e28068940000500386620d4f, 83
1652707597.321543, sdrt-health/mac:02010b41cdec/antenna/tag/e2806894000040038662114f, 85
1652707597.36358, sdrt-health/mac:02010b41cdec/antenna/tag/e28068940000500386620d4f, 87
1652707597.417852, sdrt-health/mac:02010b41cdec/antenna/tag/e28068940000400386621d4f, 96
1652707597.418273, sdrt-health/mac:02010b41cdec/antenna/tag/e2806894000040038662114f, 85
1652707597.443206, sdrt-health/mac:02010b41cdec/antenna/tag/e2806894000040038662114f, 85
1652707597.473531, sdrt-health/mac:02010b41cdec/antenna/tag/e2806894000050038662154f, 88
1652707597.473839, sdrt-health/mac:02010b41cdec/antenna/tag/e2806894000050038661fd4f, 86
1652707597.487881, sdrt-health/mac:02010b41cdec/antenna/tag/e2806894000050038662154f, 88
1652707597.488249, sdrt-health/mac:02010b41cdec/antenna/tag/e28068940000400386621d4f, 96
1652707597.488526, sdrt-health/mac:02010b41cdec/antenna/tag/e2806894000050038661fd4f, 83
1652707597.541934, sdrt-health/mac:02010b41cdec/antenna/tag/e2806894000050038662154f, 88
1652707597.591078, sdrt-health/mac:02010b41cdec/antenna/tag/e2806894000040038662114f, 88
1652707597.622007, sdrt-health/mac:02010b41cdec/antenna/tag/e2806894000050038661fd4f, 86
1652707597.62237, sdrt-health/mac:02010b41cdec/antenna/tag/e28068940000500386620d4f, 83
1652707597.63652, sdrt-health/mac:02010b41cdec/antenna/tag/e2806894000050038661fd4f, 86
1652707597.670632, sdrt-health/mac:02010b41cdec/antenna/tag/e28068940000400386621d4f, 96
1652707597.712359, sdrt-health/mac:02010b41cdec/antenna/tag/e2806894000050038661fd4f, 86
1652707597.751883, sdrt-health/mac:02010b41cdec/antenna/tag/e2806894000040038662114f, 88
1652707597.824613, sdrt-health/mac:02010b41cdec/antenna/tag/e2806894000050038661fd4f, 86
1652707597.826309, sdrt-health/mac:02010b41cdec/antenna/tag/e28068940000400386621d4f, 96
1652707597.84271, sdrt-health/mac:02010b41cdec/antenna/tag/e28068940000400386621d4f, 96
1652707597.876284, sdrt-health/mac:02010b41cdec/antenna/tag/e2806894000050038662154f, 88
1652707597.876618, sdrt-health/mac:02010b41cdec/antenna/tag/e2806894000050038661fd4f, 86
1652707597.876831, sdrt-health/mac:02010b41cdec/antenna/tag/e28068940000400386621d4f, 90
1652707597.892127, sdrt-health/mac:02010b41cdec/antenna/tag/e28068940000400386621d4f, 90
1652707597.892542, sdrt-health/mac:02010b41cdec/antenna/tag/e2806894000050038662154f, 91
1652707597.892774, sdrt-health/mac:02010b41cdec/antenna/tag/e2806894000050038661fd4f, 86
1652707597.930156, sdrt-health/mac:02010b41cdec/antenna/tag/e2806894000050038661fd4f, 86
1652707597.993569, sdrt-health/mac:02010b41cdec/antenna/tag/e2806894000050038662154f, 88
1652707598.022986, sdrt-health/mac:02010b41cdec/antenna/tag/e28068940000500386620d4f, 84
1652707598.023301, sdrt-health/mac:02010b41cdec/antenna/tag/e2806894000050038662154f, 88
1652707598.070329, sdrt-health/mac:02010b41cdec/antenna/tag/e2806894000040038662114f, 88
1652707598.122988, sdrt-health/mac:02010b41cdec/antenna/tag/e2806894000050038661fd4f, 83
1652707598.16746, sdrt-health/mac:02010b41cdec/antenna/tag/e2806894000050038662154f, 88
1652707598.167747, sdrt-health/mac:02010b41cdec/antenna/tag/e2806894000050038661fd4f, 83
1652707598.180961, sdrt-health/mac:02010b41cdec/antenna/tag/e2806894000040038662114f, 85
1652707598.190087, sdrt-health/mac:02010b41cdec/antenna/tag/e2806894000050038662154f, 85
1652707598.195045, sdrt-health/mac:02010b41cdec/antenna/tag/e28068940000400386621d4f, 90
1652707598.230103, sdrt-health/mac:02010b41cdec/antenna/tag/e2806894000050038662194f, 84
1652707598.279613, sdrt-health/mac:02010b41cdec/antenna/tag/e2806894000050038662154f, 85
1652707598.336638, sdrt-health/mac:02010b41cdec/antenna/tag/e28068940000400386621d4f, 96
1652707598.337004, sdrt-health/mac:02010b41cdec/antenna/tag/e2806894000050038662154f, 91
1652707598.361417, sdrt-health/mac:02010b41cdec/antenna/tag/e2806894000040038662114f, 88
1652707598.416209, sdrt-health/mac:02010b41cdec/antenna/tag/e28068940000400386621d4f, 96
1652707598.463702, sdrt-health/mac:02010b41cdec/antenna/tag/e28068940000400386621d4f, 96
1652707598.463892, sdrt-health/mac:02010b41cdec/antenna/tag/e28068940000400386621d4f, 90
1652707598.492387, sdrt-health/mac:02010b41cdec/antenna/tag/e28068940000400386621d4f, 96
1652707598.531796, sdrt-health/mac:02010b41cdec/antenna/tag/e2806894000050038661fd4f, 90
1652707598.532033, sdrt-health/mac:02010b41cdec/antenna/tag/e2806894000050038662154f, 88
1652707598.53215, sdrt-health/mac:02010b41cdec/antenna/tag/e28068940000400386621d4f, 90
1652707598.62156, sdrt-health/mac:02010b41cdec/antenna/tag/e28068940000400386621d4f, 96
1652707598.668979, sdrt-health/mac:02010b41cdec/antenna/tag/e2806894000050038661fd4f, 83
1652707598.698729, sdrt-health/mac:02010b41cdec/antenna/tag/e2806894000050038662154f, 88
1652707598.698953, sdrt-health/mac:02010b41cdec/antenna/tag/e2806894000040038662114f, 85
1652707598.75146, sdrt-health/mac:02010b41cdec/antenna/tag/e2806894000040038662114f, 88
1652707598.80144, sdrt-health/mac:02010b41cdec/antenna/tag/e2806894000050038662154f, 88
1652707598.828027, sdrt-health/mac:02010b41cdec/antenna/tag/e28068940000400386621d4f, 96
1652707598.828234, sdrt-health/mac:02010b41cdec/antenna/tag/e2806894000040038662114f, 88
1652707598.828354, sdrt-health/mac:02010b41cdec/antenna/tag/e2806894000050038662154f, 88
1652707598.851795, sdrt-health/mac:02010b41cdec/antenna/tag/e2806894000040038662114f, 88
1652707598.88036, sdrt-health/mac:02010b41cdec/antenna/tag/e28068940000400386621d4f, 96
1652707598.880586, sdrt-health/mac:02010b41cdec/antenna/tag/e28068940000400386621d4f, 96
1652707598.880704, sdrt-health/mac:02010b41cdec/antenna/tag/e2806894000040038661f94f, 83
1652707598.894099, sdrt-health/mac:02010b41cdec/antenna/tag/e28068940000400386621d4f, 96
1652707598.894306, sdrt-health/mac:02010b41cdec/antenna/tag/e2806894000050038661fd4f, 90
1652707598.894423, sdrt-health/mac:02010b41cdec/antenna/tag/e2806894000040038662114f, 88
1652707598.929955, sdrt-health/mac:02010b41cdec/antenna/tag/e2806894000050038661fd4f, 86
1652707598.98832, sdrt-health/mac:02010b41cdec/antenna/tag/e2806894000040038662114f, 88
1652707598.988861, sdrt-health/mac:02010b41cdec/antenna/tag/e2806894000040038662114f, 85
1652707599.012215, sdrt-health/mac:02010b41cdec/antenna/tag/e28068940000400386621d4f, 96
1652707599.065298, sdrt-health/mac:02010b41cdec/antenna/tag/e2806894000040038662114f, 85
1652707599.065751, sdrt-health/mac:02010b41cdec/antenna/tag/e2806894000040038662114f, 85
1652707599.080951, sdrt-health/mac:02010b41cdec/antenna/tag/e2806894000050038662154f, 88
1652707599.090908, sdrt-health/mac:02010b41cdec/antenna/tag/e2806894000040038662114f, 85
1652707599.131527, sdrt-health/mac:02010b41cdec/antenna/tag/e2806894000040038662214f, 81
1652707599.186674, sdrt-health/mac:02010b41cdec/antenna/tag/e2806894000050038661fd4f, 83
1652707599.186892, sdrt-health/mac:02010b41cdec/antenna/tag/e28068940000400386621d4f, 96
1652707599.201404, sdrt-health/mac:02010b41cdec/antenna/tag/e2806894000040038662214f, 88
1652707599.211729, sdrt-health/mac:02010b41cdec/antenna/tag/e2806894000040038662214f, 94
1652707599.253718, sdrt-health/mac:02010b41cdec/antenna/tag/e28068940000400386621d4f, 96
1652707599.307844, sdrt-health/mac:02010b41cdec/antenna/tag/e2806894000040038662114f, 88
1652707599.30807, sdrt-health/mac:02010b41cdec/antenna/tag/e28068940000400386621d4f, 96
1652707599.308215, sdrt-health/mac:02010b41cdec/antenna/tag/e2806894000040038662114f, 88
1652707599.360834, sdrt-health/mac:02010b41cdec/antenna/tag/e2806894000040038662114f, 91
1652707599.412826, sdrt-health/mac:02010b41cdec/antenna/tag/e2806894000050038661fd4f, 86
1652707599.477298, sdrt-health/mac:02010b41cdec/antenna/tag/e2806894000040038662114f, 91
1652707599.4775, sdrt-health/mac:02010b41cdec/antenna/tag/e2806894000050038661fd4f, 83
1652707599.477616, sdrt-health/mac:02010b41cdec/antenna/tag/e2806894000050038662154f, 88
1652707599.493743, sdrt-health/mac:02010b41cdec/antenna/tag/e2806894000040038662114f, 91
1652707599.542661, sdrt-health/mac:02010b41cdec/antenna/tag/e28068940000400386621d4f, 90
1652707599.590415, sdrt-health/mac:02010b41cdec/antenna/tag/e2806894000050038662154f, 88
1652707599.771787, sdrt-health/mac:02010b41cdec/antenna/tag/e2806894000040038662114f, 91
1652707599.771985, sdrt-health/mac:02010b41cdec/antenna/tag/e2806894000050038661fd4f, 86
1652707599.772108, sdrt-health/mac:02010b41cdec/antenna/tag/e28068940000400386621d4f, 90
1652707599.772221, sdrt-health/mac:02010b41cdec/antenna/tag/e28068940000400386621d4f, 96
1652707599.787387, sdrt-health/mac:02010b41cdec/antenna/tag/e2806894000040038662114f, 88
1652707599.800846, sdrt-health/mac:02010b41cdec/antenna/tag/e2806894000050038662154f, 85
1652707599.807164, sdrt-health/mac:02010b41cdec/antenna/tag/e2806894000050038661fd4f, 83
1652707599.807379, sdrt-health/mac:02010b41cdec/antenna/tag/e28068940000400386621d4f, 96
1652707599.807499, sdrt-health/mac:02010b41cdec/antenna/tag/e2806894000050038662154f, 91
1652707599.841297, sdrt-health/mac:02010b41cdec/antenna/tag/e2806894000050038661fd4f, 86
1652707599.896381, sdrt-health/mac:02010b41cdec/antenna/tag/e2806894000050038662154f, 97
1652707599.896612, sdrt-health/mac:02010b41cdec/antenna/tag/e2806894000050038661fd4f, 86
1652707599.921039, sdrt-health/mac:02010b41cdec/antenna/tag/e28068940000400386621d4f, 90
1652707599.975824, sdrt-health/mac:02010b41cdec/antenna/tag/e2806894000050038662154f, 91
1652707599.976119, sdrt-health/mac:02010b41cdec/antenna/tag/e28068940000400386621d4f, 96
1652707599.989703, sdrt-health/mac:02010b41cdec/antenna/tag/e2806894000050038661fd4f, 86
1652707600.002289, sdrt-health/mac:02010b41cdec/antenna/tag/e2806894000050038662154f, 91
1652707600.041948, sdrt-health/mac:02010b41cdec/antenna/tag/e2806894000050038662154f, 85
1652707600.083146, sdrt-health/mac:02010b41cdec/antenna/tag/e28068940000400386621d4f, 96
1652707600.113789, sdrt-health/mac:02010b41cdec/antenna/tag/e28068940000400386621d4f, 90
1652707600.114088, sdrt-health/mac:02010b41cdec/antenna/tag/e2806894000040038662114f, 85
1652707600.129069, sdrt-health/mac:02010b41cdec/antenna/tag/e2806894000050038662154f, 85
1652707600.129299, sdrt-health/mac:02010b41cdec/antenna/tag/e2806894000040038662114f, 85
1652707600.161806, sdrt-health/mac:02010b41cdec/antenna/tag/e2806894000040038662114f, 88
1652707600.212031, sdrt-health/mac:02010b41cdec/antenna/tag/e2806894000050038662154f, 88
1652707600.271658, sdrt-health/mac:02010b41cdec/antenna/tag/e2806894000050038662154f, 88
1652707600.330405, sdrt-health/mac:02010b41cdec/antenna/tag/e2806894000050038661fd4f, 86
1652707600.361647, sdrt-health/mac:02010b41cdec/antenna/tag/e28068940000400386621d4f, 90
1652707600.361914, sdrt-health/mac:02010b41cdec/antenna/tag/e2806894000050038661fd4f, 86
1652707600.378503, sdrt-health/mac:02010b41cdec/antenna/tag/e2806894000050038662154f, 91
1652707600.378726, sdrt-health/mac:02010b41cdec/antenna/tag/e2806894000050038662154f, 91
1652707600.432565, sdrt-health/mac:02010b41cdec/antenna/tag/e2806894000050038662154f, 88
1652707600.487439, sdrt-health/mac:02010b41cdec/antenna/tag/e2806894000050038661fd4f, 86
1652707600.487638, sdrt-health/mac:02010b41cdec/antenna/tag/e28068940000400386621d4f, 96
1652707600.51261, sdrt-health/mac:02010b41cdec/antenna/tag/e28068940000400386621d4f, 96
1652707600.550524, sdrt-health/mac:02010b41cdec/antenna/tag/e2806894000040038662114f, 85
1652707600.592221, sdrt-health/mac:02010b41cdec/antenna/tag/e2806894000040038662114f, 85
1652707600.66371, sdrt-health/mac:02010b41cdec/antenna/tag/e2806894000050038661fd4f, 86
1652707600.701215, sdrt-health/mac:02010b41cdec/antenna/tag/e2806894000050038662154f, 88
1652707600.759641, sdrt-health/mac:02010b41cdec/antenna/tag/e2806894000040038662114f, 85
1652707600.759861, sdrt-health/mac:02010b41cdec/antenna/tag/e28068940000400386621d4f, 90
1652707600.775046, sdrt-health/mac:02010b41cdec/antenna/tag/e2806894000050038661fd4f, 86
1652707600.79195, sdrt-health/mac:02010b41cdec/antenna/tag/e28068940000400386621d4f, 96
1652707600.832351, sdrt-health/mac:02010b41cdec/antenna/tag/e2806894000050038661fd4f, 86
1652707600.863608, sdrt-health/mac:02010b41cdec/antenna/tag/e2806894000040038662114f, 91
1652707600.863813, sdrt-health/mac:02010b41cdec/antenna/tag/e2806894000050038661fd4f, 86
1652707600.877881, sdrt-health/mac:02010b41cdec/antenna/tag/e2806894000050038662154f, 85
1652707600.911886, sdrt-health/mac:02010b41cdec/antenna/tag/e2806894000050038662154f, 88
1652707600.951491, sdrt-health/mac:02010b41cdec/antenna/tag/e28068940000400386621d4f, 96
1652707600.993805, sdrt-health/mac:02010b41cdec/antenna/tag/e2806894000040038662114f, 85
1652707601.095431, sdrt-health/mac:02010b41cdec/antenna/tag/e2806894000050038661fd4f, 83
1652707601.095824, sdrt-health/mac:02010b41cdec/antenna/tag/e2806894000040038662114f, 88
1652707601.152759, sdrt-health/mac:02010b41cdec/antenna/tag/e28068940000400386621d4f, 96
1652707601.206655, sdrt-health/mac:02010b41cdec/antenna/tag/e2806894000040038662114f, 85
1652707601.206897, sdrt-health/mac:02010b41cdec/antenna/tag/e2806894000040038662114f, 85
1652707601.231126, sdrt-health/mac:02010b41cdec/antenna/tag/e2806894000040038662114f, 85
1652707601.291881, sdrt-health/mac:02010b41cdec/antenna/tag/e28068940000400386621d4f, 96
1652707601.292092, sdrt-health/mac:02010b41cdec/antenna/tag/e2806894000050038661fd4f, 83
1652707601.306616, sdrt-health/mac:02010b41cdec/antenna/tag/e28068940000400386621d4f, 96
1652707601.32359, sdrt-health/mac:02010b41cdec/antenna/tag/e2806894000040038662114f, 88
1652707601.435248, sdrt-health/mac:02010b41cdec/antenna/tag/e2806894000050038662154f, 91
1652707601.467429, sdrt-health/mac:02010b41cdec/antenna/tag/e28068940000400386621d4f, 96
1652707601.467723, sdrt-health/mac:02010b41cdec/antenna/tag/e2806894000050038662154f, 88
1652707601.482472, sdrt-health/mac:02010b41cdec/antenna/tag/e2806894000040038662114f, 88
1652707601.515206, sdrt-health/mac:02010b41cdec/antenna/tag/e2806894000040038662114f, 91
1652707601.51542, sdrt-health/mac:02010b41cdec/antenna/tag/e28068940000400386621d4f, 90
1652707601.532978, sdrt-health/mac:02010b41cdec/antenna/tag/e2806894000050038661fd4f, 86
1652707601.53324, sdrt-health/mac:02010b41cdec/antenna/tag/e2806894000040038662114f, 91
1652707601.562229, sdrt-health/mac:02010b41cdec/antenna/tag/e28068940000400386621d4f, 90
1652707601.602154, sdrt-health/mac:02010b41cdec/antenna/tag/e2806894000050038662194f, 81
1652707601.640714, sdrt-health/mac:02010b41cdec/antenna/tag/e2806894000040038662114f, 88
1652707601.691732, sdrt-health/mac:02010b41cdec/antenna/tag/e28068940000500386620d4f, 83
1652707601.732477, sdrt-health/mac:02010b41cdec/antenna/tag/e2806894000050038662154f, 88
1652707601.771738, sdrt-health/mac:02010b41cdec/antenna/tag/e2806894000050038661fd4f, 86
1652707601.810842, sdrt-health/mac:02010b41cdec/antenna/tag/e28068940000400386621d4f, 90
1652707601.865549, sdrt-health/mac:02010b41cdec/antenna/tag/e2806894000050038661fd4f, 86
1652707601.866708, sdrt-health/mac:02010b41cdec/antenna/tag/e2806894000050038661fd4f, 83
1652707601.892638, sdrt-health/mac:02010b41cdec/antenna/tag/e2806894000050038661fd4f, 86
1652707601.922541, sdrt-health/mac:02010b41cdec/antenna/tag/e2806894000050038662154f, 88
1652707601.922744, sdrt-health/mac:02010b41cdec/antenna/tag/e28068940000400386621d4f, 96
1652707601.962263, sdrt-health/mac:02010b41cdec/antenna/tag/e28068940000400386621d4f, 96
1652707602.001961, sdrt-health/mac:02010b41cdec/antenna/tag/e28068940000500386620d4f, 81
1652707602.057666, sdrt-health/mac:02010b41cdec/antenna/tag/e28068940000500386620d4f, 87
1652707602.057882, sdrt-health/mac:02010b41cdec/antenna/tag/e2806894000040038662114f, 88
1652707602.0732, sdrt-health/mac:02010b41cdec/antenna/tag/e28068940000500386620d4f, 83
1652707602.082257, sdrt-health/mac:02010b41cdec/antenna/tag/e2806894000050038661fd4f, 86
1652707602.132142, sdrt-health/mac:02010b41cdec/antenna/tag/e2806894000050038662154f, 93
1652707602.173304, sdrt-health/mac:02010b41cdec/antenna/tag/e28068940000400386621d4f, 96
1652707602.228158, sdrt-health/mac:02010b41cdec/antenna/tag/e2806894000050038662154f, 91
1652707602.228365, sdrt-health/mac:02010b41cdec/antenna/tag/e28068940000400386621d4f, 96
1652707602.228484, sdrt-health/mac:02010b41cdec/antenna/tag/e2806894000050038661fd4f, 86
1652707602.253733, sdrt-health/mac:02010b41cdec/antenna/tag/e2806894000050038662154f, 85
1652707602.28531, sdrt-health/mac:02010b41cdec/antenna/tag/e2806894000040038662214f, 83
1652707602.285503, sdrt-health/mac:02010b41cdec/antenna/tag/e28068940000500386620d4f, 81
1652707602.301033, sdrt-health/mac:02010b41cdec/antenna/tag/e2806894000050038662154f, 85
1652707602.301223, sdrt-health/mac:02010b41cdec/antenna/tag/e2806894000040038662114f, 85
1652707602.301351, sdrt-health/mac:02010b41cdec/antenna/tag/e28068940000400386621d4f, 96
1652707602.342649, sdrt-health/mac:02010b41cdec/antenna/tag/e28068940000500386620d4f, 83
1652707602.381738, sdrt-health/mac:02010b41cdec/antenna/tag/e28068940000400386621d4f, 96
1652707602.421832, sdrt-health/mac:02010b41cdec/antenna/tag/e2806894000050038662154f, 85
1652707602.478636, sdrt-health/mac:02010b41cdec/antenna/tag/e2806894000040038662114f, 88
1652707602.478976, sdrt-health/mac:02010b41cdec/antenna/tag/e2806894000050038661fd4f, 83
1652707602.503346, sdrt-health/mac:02010b41cdec/antenna/tag/e2806894000050038661fd4f, 83
1652707602.535706, sdrt-health/mac:02010b41cdec/antenna/tag/e2806894000050038661fd4f, 83
1652707602.535969, sdrt-health/mac:02010b41cdec/antenna/tag/e28068940000500386620d4f, 87
1652707602.54987, sdrt-health/mac:02010b41cdec/antenna/tag/e2806894000050038662194f, 82
1652707602.5501, sdrt-health/mac:02010b41cdec/antenna/tag/e2806894000050038661fd4f, 83
1652707602.58929, sdrt-health/mac:02010b41cdec/antenna/tag/e2806894000050038661fd4f, 86
1652707602.630361, sdrt-health/mac:02010b41cdec/antenna/tag/e2806894000050038661fd4f, 86
1652707602.686042, sdrt-health/mac:02010b41cdec/antenna/tag/e28068940000400386621d4f, 90
1652707602.686247, sdrt-health/mac:02010b41cdec/antenna/tag/e2806894000040038662114f, 88
1652707602.730915, sdrt-health/mac:02010b41cdec/antenna/tag/e2806894000050038662194f, 81
1652707602.77137, sdrt-health/mac:02010b41cdec/antenna/tag/e2806894000050038661fd4f, 86
1652707602.828851, sdrt-health/mac:02010b41cdec/antenna/tag/e2806894000040038662114f, 88
1652707602.829117, sdrt-health/mac:02010b41cdec/antenna/tag/e2806894000050038661fd4f, 83
1652707602.844738, sdrt-health/mac:02010b41cdec/antenna/tag/e28068940000400386621d4f, 77
1652707602.851701, sdrt-health/mac:02010b41cdec/antenna/tag/e28068940000500386620d4f, 81
1652707602.902148, sdrt-health/mac:02010b41cdec/antenna/tag/e2806894000050038662154f, 88
1652707602.943589, sdrt-health/mac:02010b41cdec/antenna/tag/e2806894000040038662114f, 91
1652707603.112669, sdrt-health/mac:02010b41cdec/antenna/tag/e2806894000050038661fd4f, 86
1652707603.113059, sdrt-health/mac:02010b41cdec/antenna/tag/e28068940000400386621d4f, 90
1652707603.126802, sdrt-health/mac:02010b41cdec/antenna/tag/e2806894000050038662194f, 88
1652707603.127018, sdrt-health/mac:02010b41cdec/antenna/tag/e2806894000050038661fd4f, 86
1652707603.127144, sdrt-health/mac:02010b41cdec/antenna/tag/e28068940000400386621d4f, 96
1652707603.141295, sdrt-health/mac:02010b41cdec/antenna/tag/e2806894000050038661fd4f, 86
1652707603.141489, sdrt-health/mac:02010b41cdec/antenna/tag/e2806894000040038662114f, 88
1652707603.141603, sdrt-health/mac:02010b41cdec/antenna/tag/e2806894000050038661fd4f, 86
1652707603.141713, sdrt-health/mac:02010b41cdec/antenna/tag/e2806894000050038662154f, 88
1652707603.181433, sdrt-health/mac:02010b41cdec/antenna/tag/e2806894000050038662194f, 81
1652707603.221781, sdrt-health/mac:02010b41cdec/antenna/tag/e28068940000500386620d4f, 83
1652707603.272325, sdrt-health/mac:02010b41cdec/antenna/tag/e2806894000050038661fd4f, 86
1652707603.311569, sdrt-health/mac:02010b41cdec/antenna/tag/e2806894000040038662114f, 88
1652707603.339916, sdrt-health/mac:02010b41cdec/antenna/tag/e2806894000040038662114f, 88
1652707603.340123, sdrt-health/mac:02010b41cdec/antenna/tag/e28068940000400386621d4f, 96
1652707603.34024, sdrt-health/mac:02010b41cdec/antenna/tag/e28068940000400386621d4f, 96
1652707603.35615, sdrt-health/mac:02010b41cdec/antenna/tag/e2806894000050038662154f, 88
1652707603.356366, sdrt-health/mac:02010b41cdec/antenna/tag/e2806894000050038662154f, 91
1652707603.356488, sdrt-health/mac:02010b41cdec/antenna/tag/e2806894000040038662114f, 88
1652707603.40132, sdrt-health/mac:02010b41cdec/antenna/tag/e2806894000040038662114f, 88
1652707603.441729, sdrt-health/mac:02010b41cdec/antenna/tag/e28068940000400386621d4f, 96
1652707603.497571, sdrt-health/mac:02010b41cdec/antenna/tag/e2806894000050038661fd4f, 86
1652707603.497925, sdrt-health/mac:02010b41cdec/antenna/tag/e2806894000050038662154f, 88
1652707603.513886, sdrt-health/mac:02010b41cdec/antenna/tag/e2806894000040038662114f, 91
1652707603.545742, sdrt-health/mac:02010b41cdec/antenna/tag/e2806894000050038662154f, 91
1652707603.545993, sdrt-health/mac:02010b41cdec/antenna/tag/e2806894000050038662154f, 88
1652707603.561782, sdrt-health/mac:02010b41cdec/antenna/tag/e2806894000050038661fd4f, 83
1652707603.602612, sdrt-health/mac:02010b41cdec/antenna/tag/e2806894000040038662114f, 85
1652707603.641334, sdrt-health/mac:02010b41cdec/antenna/tag/e28068940000500386620d4f, 83
1652707603.681445, sdrt-health/mac:02010b41cdec/antenna/tag/e2806894000040038662114f, 88
1652707603.722512, sdrt-health/mac:02010b41cdec/antenna/tag/e2806894000050038662154f, 88
1652707603.751065, sdrt-health/mac:02010b41cdec/antenna/tag/e28068940000400386621d4f, 90
1652707603.751461, sdrt-health/mac:02010b41cdec/antenna/tag/e2806894000050038661fd4f, 83
1652707603.764082, sdrt-health/mac:02010b41cdec/antenna/tag/e2806894000050038662154f, 85
1652707603.80224, sdrt-health/mac:02010b41cdec/antenna/tag/e2806894000040038662114f, 88
1652707603.856504, sdrt-health/mac:02010b41cdec/antenna/tag/e2806894000050038662154f, 85
1652707603.856965, sdrt-health/mac:02010b41cdec/antenna/tag/e28068940000400386621d4f, 96
1652707603.871576, sdrt-health/mac:02010b41cdec/antenna/tag/e2806894000050038661fd4f, 83
1652707603.881555, sdrt-health/mac:02010b41cdec/antenna/tag/e2806894000040038662114f, 85
1652707603.921233, sdrt-health/mac:02010b41cdec/antenna/tag/e2806894000050038661fd4f, 83
1652707603.961142, sdrt-health/mac:02010b41cdec/antenna/tag/e2806894000050038661fd4f, 83
1652707604.001894, sdrt-health/mac:02010b41cdec/antenna/tag/e2806894000050038662154f, 91
1652707604.030574, sdrt-health/mac:02010b41cdec/antenna/tag/e2806894000040038662114f, 88
1652707604.030778, sdrt-health/mac:02010b41cdec/antenna/tag/e28068940000400386621d4f, 96
1652707604.046335, sdrt-health/mac:02010b41cdec/antenna/tag/e2806894000050038662154f, 85
1652707604.08408, sdrt-health/mac:02010b41cdec/antenna/tag/e28068940000400386621d4f, 96
1652707604.135101, sdrt-health/mac:02010b41cdec/antenna/tag/e2806894000050038662154f, 85
1652707604.135756, sdrt-health/mac:02010b41cdec/antenna/tag/e28068940000400386621d4f, 96
1652707604.181068, sdrt-health/mac:02010b41cdec/antenna/tag/e28068940000400386621d4f, 96
1652707604.221679, sdrt-health/mac:02010b41cdec/antenna/tag/e2806894000050038662154f, 91
1652707604.26398, sdrt-health/mac:02010b41cdec/antenna/tag/e2806894000050038661fd4f, 86
1652707604.317108, sdrt-health/mac:02010b41cdec/antenna/tag/e2806894000050038661fd4f, 86
1652707604.317327, sdrt-health/mac:02010b41cdec/antenna/tag/e28068940000400386621d4f, 90
1652707604.374117, sdrt-health/mac:02010b41cdec/antenna/tag/e2806894000050038661fd4f, 86
1652707604.450744, sdrt-health/mac:02010b41cdec/antenna/tag/e2806894000040038662114f, 88
1652707604.451058, sdrt-health/mac:02010b41cdec/antenna/tag/e2806894000050038662154f, 88
1652707604.451244, sdrt-health/mac:02010b41cdec/antenna/tag/e2806894000050038661fd4f, 86
1652707604.451441, sdrt-health/mac:02010b41cdec/antenna/tag/e2806894000040038662114f, 97
1652707604.532258, sdrt-health/mac:02010b41cdec/antenna/tag/e28068940000400386621d4f, 96
1652707604.532471, sdrt-health/mac:02010b41cdec/antenna/tag/e2806894000050038662194f, 94
1652707604.544171, sdrt-health/mac:02010b41cdec/antenna/tag/e2806894000050038662154f, 91
1652707604.594037, sdrt-health/mac:02010b41cdec/antenna/tag/e2806894000050038662154f, 88
1652707604.626719, sdrt-health/mac:02010b41cdec/antenna/tag/e2806894000050038661fd4f, 86
1652707604.679779, sdrt-health/mac:02010b41cdec/antenna/tag/e2806894000050038662154f, 88
1652707604.679988, sdrt-health/mac:02010b41cdec/antenna/tag/e2806894000040038662114f, 93
1652707604.680098, sdrt-health/mac:02010b41cdec/antenna/tag/e2806894000050038662154f, 88
1652707604.71204, sdrt-health/mac:02010b41cdec/antenna/tag/e2806894000050038661fd4f, 83
1652707604.765688, sdrt-health/mac:02010b41cdec/antenna/tag/e2806894000050038662194f, 88
1652707604.765977, sdrt-health/mac:02010b41cdec/antenna/tag/e2806894000040038662114f, 88
1652707604.790353, sdrt-health/mac:02010b41cdec/antenna/tag/e28068940000400386621d4f, 96
1652707604.831815, sdrt-health/mac:02010b41cdec/antenna/tag/e2806894000040038662114f, 85
1652707604.871337, sdrt-health/mac:02010b41cdec/antenna/tag/e2806894000050038661fd4f, 86
1652707604.901846, sdrt-health/mac:02010b41cdec/antenna/tag/e28068940000400386621d4f, 96
1652707604.902031, sdrt-health/mac:02010b41cdec/antenna/tag/e28068940000400386621d4f, 77
1652707604.916109, sdrt-health/mac:02010b41cdec/antenna/tag/e2806894000040038662114f, 85
1652707604.916368, sdrt-health/mac:02010b41cdec/antenna/tag/e2806894000040038662114f, 85
1652707604.916517, sdrt-health/mac:02010b41cdec/antenna/tag/e28068940000400386621d4f, 77
1652707604.961394, sdrt-health/mac:02010b41cdec/antenna/tag/e2806894000040038662054f, 94
1652707605.027379, sdrt-health/mac:02010b41cdec/antenna/tag/e28068940000400386621d4f, 90
1652707605.027851, sdrt-health/mac:02010b41cdec/antenna/tag/e28068940000400386621d4f, 96
1652707605.092127, sdrt-health/mac:02010b41cdec/antenna/tag/e2806894000050038662154f, 88
1652707605.132244, sdrt-health/mac:02010b41cdec/antenna/tag/e2806894000050038661fd4f, 83
1652707605.184654, sdrt-health/mac:02010b41cdec/antenna/tag/e2806894000050038661fd4f, 83
1652707605.184969, sdrt-health/mac:02010b41cdec/antenna/tag/e28068940000400386621d4f, 96
1652707605.291818, sdrt-health/mac:02010b41cdec/antenna/tag/e2806894000050038661fd4f, 86
1652707605.322805, sdrt-health/mac:02010b41cdec/antenna/tag/e2806894000040038662114f, 88
1652707605.323002, sdrt-health/mac:02010b41cdec/antenna/tag/e2806894000040038662114f, 88
1652707605.323116, sdrt-health/mac:02010b41cdec/antenna/tag/e2806894000050038661fd4f, 86
1652707605.362285, sdrt-health/mac:02010b41cdec/antenna/tag/e2806894000050038662154f, 91
1652707605.401214, sdrt-health/mac:02010b41cdec/antenna/tag/e2806894000040038662114f, 88
1652707605.442892, sdrt-health/mac:02010b41cdec/antenna/tag/e2806894000050038661fd4f, 86
1652707605.529218, sdrt-health/mac:02010b41cdec/antenna/tag/e2806894000040038662114f, 88
1652707605.529515, sdrt-health/mac:02010b41cdec/antenna/tag/e2806894000050038662154f, 88
1652707605.55179, sdrt-health/mac:02010b41cdec/antenna/tag/e28068940000400386621d4f, 96
1652707605.607825, sdrt-health/mac:02010b41cdec/antenna/tag/e28068940000400386621d4f, 96
1652707605.608052, sdrt-health/mac:02010b41cdec/antenna/tag/e2806894000050038662154f, 85
1652707605.632223, sdrt-health/mac:02010b41cdec/antenna/tag/e2806894000050038662154f, 93
1652707605.687578, sdrt-health/mac:02010b41cdec/antenna/tag/e2806894000050038662154f, 85
1652707605.687785, sdrt-health/mac:02010b41cdec/antenna/tag/e2806894000040038662214f, 94
1652707605.711254, sdrt-health/mac:02010b41cdec/antenna/tag/e2806894000050038661fd4f, 83
1652707605.750386, sdrt-health/mac:02010b41cdec/antenna/tag/e28068940000400386621d4f, 96
1652707605.80559, sdrt-health/mac:02010b41cdec/antenna/tag/e2806894000050038661fd4f, 83
1652707605.805802, sdrt-health/mac:02010b41cdec/antenna/tag/e2806894000040038662114f, 85
1652707605.820311, sdrt-health/mac:02010b41cdec/antenna/tag/e28068940000400386621d4f, 96
1652707605.831471, sdrt-health/mac:02010b41cdec/antenna/tag/e2806894000040038662114f, 88
1652707605.836436, sdrt-health/mac:02010b41cdec/antenna/tag/e28068940000400386621d4f, 96
1652707605.881956, sdrt-health/mac:02010b41cdec/antenna/tag/e28068940000400386621d4f, 96
1652707605.921202, sdrt-health/mac:02010b41cdec/antenna/tag/e2806894000050038662154f, 88
1652707605.976624, sdrt-health/mac:02010b41cdec/antenna/tag/e28068940000500386620d4f, 94
1652707605.97689, sdrt-health/mac:02010b41cdec/antenna/tag/e2806894000050038662154f, 91
1652707606.00299, sdrt-health/mac:02010b41cdec/antenna/tag/e28068940000500386620d4f, 94
1652707606.054933, sdrt-health/mac:02010b41cdec/antenna/tag/e28068940000500386620d4f, 81
1652707606.055293, sdrt-health/mac:02010b41cdec/antenna/tag/e2806894000040038662114f, 91
1652707606.068825, sdrt-health/mac:02010b41cdec/antenna/tag/e28068940000400386621d4f, 90
1652707606.082895, sdrt-health/mac:02010b41cdec/antenna/tag/e2806894000050038661fd4f, 86
1652707606.083126, sdrt-health/mac:02010b41cdec/antenna/tag/e2806894000050038662154f, 88
1652707606.083256, sdrt-health/mac:02010b41cdec/antenna/tag/e28068940000400386621d4f, 90
1652707606.12223, sdrt-health/mac:02010b41cdec/antenna/tag/e28068940000500386620d4f, 94
1652707606.162305, sdrt-health/mac:02010b41cdec/antenna/tag/e28068940000400386621d4f, 96
1652707606.201892, sdrt-health/mac:02010b41cdec/antenna/tag/e28068940000500386620d4f, 83
1652707606.257538, sdrt-health/mac:02010b41cdec/antenna/tag/e28068940000400386621d4f, 96
1652707606.257959, sdrt-health/mac:02010b41cdec/antenna/tag/e2806894000050038662154f, 85
1652707606.28034, sdrt-health/mac:02010b41cdec/antenna/tag/e2806894000040038662114f, 85
1652707606.284809, sdrt-health/mac:02010b41cdec/antenna/tag/e28068940000400386621d4f, 96
1652707606.322072, sdrt-health/mac:02010b41cdec/antenna/tag/e28068940000400386621d4f, 96
1652707606.372798, sdrt-health/mac:02010b41cdec/antenna/tag/e2806894000050038661fd4f, 86
1652707606.411711, sdrt-health/mac:02010b41cdec/antenna/tag/e2806894000050038661fd4f, 86
1652707606.412526, sdrt-health/mac:02010b41cdec/antenna/tag/e28068940000400386621d4f, 96
1652707606.451378, sdrt-health/mac:02010b41cdec/antenna/tag/e2806894000050038661fd4f, 86
1652707606.508425, sdrt-health/mac:02010b41cdec/antenna/tag/e28068940000400386621d4f, 96
1652707606.50865, sdrt-health/mac:02010b41cdec/antenna/tag/e2806894000040038662114f, 85
1652707606.508769, sdrt-health/mac:02010b41cdec/antenna/tag/e2806894000040038662114f, 85
1652707606.53188, sdrt-health/mac:02010b41cdec/antenna/tag/e2806894000050038661fd4f, 83
1652707606.588373, sdrt-health/mac:02010b41cdec/antenna/tag/e28068940000400386621d4f, 96
1652707606.588647, sdrt-health/mac:02010b41cdec/antenna/tag/e2806894000050038662154f, 85
1652707606.610813, sdrt-health/mac:02010b41cdec/antenna/tag/e28068940000500386620d4f, 81
1652707606.679444, sdrt-health/mac:02010b41cdec/antenna/tag/e2806894000040038662114f, 85
1652707606.679814, sdrt-health/mac:02010b41cdec/antenna/tag/e2806894000040038662114f, 85
1652707606.701482, sdrt-health/mac:02010b41cdec/antenna/tag/e28068940000400386621d4f, 96
1652707606.750279, sdrt-health/mac:02010b41cdec/antenna/tag/e2806894000050038662154f, 91
1652707606.805316, sdrt-health/mac:02010b41cdec/antenna/tag/e28068940000400386621d4f, 96
1652707606.806109, sdrt-health/mac:02010b41cdec/antenna/tag/e28068940000400386621d4f, 96
1652707606.820113, sdrt-health/mac:02010b41cdec/antenna/tag/e2806894000050038662154f, 91
1652707606.832603, sdrt-health/mac:02010b41cdec/antenna/tag/e2806894000040038662114f, 88
1652707606.836881, sdrt-health/mac:02010b41cdec/antenna/tag/e28068940000400386621d4f, 96
1652707606.873593, sdrt-health/mac:02010b41cdec/antenna/tag/e28068940000400386621d4f, 90
1652707606.945443, sdrt-health/mac:02010b41cdec/antenna/tag/e28068940000400386621d4f, 96
1652707606.945628, sdrt-health/mac:02010b41cdec/antenna/tag/e2806894000050038661fd4f, 90
1652707606.945742, sdrt-health/mac:02010b41cdec/antenna/tag/e2806894000040038662114f, 85
1652707606.961814, sdrt-health/mac:02010b41cdec/antenna/tag/e28068940000400386621d4f, 96
1652707606.971845, sdrt-health/mac:02010b41cdec/antenna/tag/e2806894000050038662154f, 91
1652707606.978751, sdrt-health/mac:02010b41cdec/antenna/tag/e28068940000400386621d4f, 96
1652707607.011399, sdrt-health/mac:02010b41cdec/antenna/tag/e2806894000050038662154f, 91
1652707607.081484, sdrt-health/mac:02010b41cdec/antenna/tag/e2806894000050038661fd4f, 83
1652707607.211025, sdrt-health/mac:02010b41cdec/antenna/tag/e2806894000040038662114f, 88
1652707607.251903, sdrt-health/mac:02010b41cdec/antenna/tag/e2806894000050038661fd4f, 83
1652707607.252091, sdrt-health/mac:02010b41cdec/antenna/tag/e28068940000400386621d4f, 96
1652707607.252206, sdrt-health/mac:02010b41cdec/antenna/tag/e2806894000040038662114f, 85
1652707607.25239, sdrt-health/mac:02010b41cdec/antenna/tag/e2806894000040038662114f, 88
1652707607.328455, sdrt-health/mac:02010b41cdec/antenna/tag/e2806894000050038662154f, 85
1652707607.374048, sdrt-health/mac:02010b41cdec/antenna/tag/e28068940000400386621d4f, 96
1652707607.428201, sdrt-health/mac:02010b41cdec/antenna/tag/e2806894000050038661fd4f, 90
1652707607.42843, sdrt-health/mac:02010b41cdec/antenna/tag/e2806894000050038661fd4f, 86
1652707607.428592, sdrt-health/mac:02010b41cdec/antenna/tag/e28068940000400386621d4f, 96
1652707607.452033, sdrt-health/mac:02010b41cdec/antenna/tag/e2806894000050038661fd4f, 83
1652707607.502767, sdrt-health/mac:02010b41cdec/antenna/tag/e2806894000040038662114f, 88
1652707607.594145, sdrt-health/mac:02010b41cdec/antenna/tag/e28068940000500386620d4f, 81
1652707607.634102, sdrt-health/mac:02010b41cdec/antenna/tag/e28068940000400386621d4f, 96
1652707607.688456, sdrt-health/mac:02010b41cdec/antenna/tag/e28068940000500386620d4f, 87
1652707607.688668, sdrt-health/mac:02010b41cdec/antenna/tag/e2806894000040038662114f, 88
1652707607.71292, sdrt-health/mac:02010b41cdec/antenna/tag/e28068940000400386621d4f, 96
1652707607.743264, sdrt-health/mac:02010b41cdec/antenna/tag/e2806894000050038661fd4f, 86
1652707607.743518, sdrt-health/mac:02010b41cdec/antenna/tag/e2806894000050038662154f, 88
1652707607.758947, sdrt-health/mac:02010b41cdec/antenna/tag/e28068940000400386621d4f, 96
1652707607.759176, sdrt-health/mac:02010b41cdec/antenna/tag/e2806894000050038662154f, 91
1652707607.759291, sdrt-health/mac:02010b41cdec/antenna/tag/e2806894000050038661fd4f, 86
1652707607.801207, sdrt-health/mac:02010b41cdec/antenna/tag/e28068940000400386621d4f, 96
1652707607.878777, sdrt-health/mac:02010b41cdec/antenna/tag/e2806894000050038662154f, 88
1652707607.879088, sdrt-health/mac:02010b41cdec/antenna/tag/e2806894000050038662154f, 91
1652707607.90282, sdrt-health/mac:02010b41cdec/antenna/tag/e2806894000040038662114f, 88
1652707607.934361, sdrt-health/mac:02010b41cdec/antenna/tag/e2806894000050038662154f, 88
1652707607.934637, sdrt-health/mac:02010b41cdec/antenna/tag/e2806894000040038662114f, 88
1652707607.948652, sdrt-health/mac:02010b41cdec/antenna/tag/e2806894000040038662114f, 88
1652707607.980917, sdrt-health/mac:02010b41cdec/antenna/tag/e2806894000050038662154f, 88
1652707608.015505, sdrt-health/mac:02010b41cdec/antenna/tag/e2806894000050038661fd4f, 86
1652707608.015716, sdrt-health/mac:02010b41cdec/antenna/tag/e2806894000050038662154f, 91
1652707608.031398, sdrt-health/mac:02010b41cdec/antenna/tag/e2806894000050038661fd4f, 86
1652707608.031628, sdrt-health/mac:02010b41cdec/antenna/tag/e2806894000040038662114f, 91
1652707608.031745, sdrt-health/mac:02010b41cdec/antenna/tag/e28068940000400386621d4f, 90
1652707608.092562, sdrt-health/mac:02010b41cdec/antenna/tag/e2806894000050038662154f, 85
1652707608.131051, sdrt-health/mac:02010b41cdec/antenna/tag/e28068940000400386621d4f, 77
1652707608.171718, sdrt-health/mac:02010b41cdec/antenna/tag/e2806894000050038662194f, 81
1652707608.241871, sdrt-health/mac:02010b41cdec/antenna/tag/e2806894000040038662114f, 88
1652707608.281692, sdrt-health/mac:02010b41cdec/antenna/tag/e2806894000050038661fd4f, 86
1652707608.309325, sdrt-health/mac:02010b41cdec/antenna/tag/e28068940000400386621d4f, 96
1652707608.309534, sdrt-health/mac:02010b41cdec/antenna/tag/e28068940000400386621d4f, 90
1652707608.324277, sdrt-health/mac:02010b41cdec/antenna/tag/e28068940000400386621d4f, 96
1652707608.36202, sdrt-health/mac:02010b41cdec/antenna/tag/e28068940000400386621d4f, 96
1652707608.40157, sdrt-health/mac:02010b41cdec/antenna/tag/e2806894000050038662154f, 88
1652707608.464586, sdrt-health/mac:02010b41cdec/antenna/tag/e2806894000050038661fd4f, 86
1652707608.510486, sdrt-health/mac:02010b41cdec/antenna/tag/e28068940000500386620d4f, 83
1652707608.602944, sdrt-health/mac:02010b41cdec/antenna/tag/e28068940000400386621d4f, 96
1652707608.603364, sdrt-health/mac:02010b41cdec/antenna/tag/e2806894000040038661f94f, 81
1652707608.623177, sdrt-health/mac:02010b41cdec/antenna/tag/e2806894000040038662114f, 88
1652707608.704059, sdrt-health/mac:02010b41cdec/antenna/tag/e2806894000040038662114f, 91
1652707608.704468, sdrt-health/mac:02010b41cdec/antenna/tag/e2806894000050038661fd4f, 86
1652707608.704792, sdrt-health/mac:02010b41cdec/antenna/tag/e28068940000400386621d4f, 96
1652707608.705064, sdrt-health/mac:02010b41cdec/antenna/tag/e2806894000050038661fd4f, 86
1652707608.705341, sdrt-health/mac:02010b41cdec/antenna/tag/e2806894000040038662114f, 97
1652707608.705613, sdrt-health/mac:02010b41cdec/antenna/tag/e28068940000400386621d4f, 96
1652707608.778076, sdrt-health/mac:02010b41cdec/antenna/tag/e28068940000500386620d4f, 94
1652707608.803508, sdrt-health/mac:02010b41cdec/antenna/tag/e2806894000040038662114f, 85
1652707608.837216, sdrt-health/mac:02010b41cdec/antenna/tag/e2806894000040038662114f, 85
1652707608.837414, sdrt-health/mac:02010b41cdec/antenna/tag/e2806894000050038662154f, 85
1652707608.853347, sdrt-health/mac:02010b41cdec/antenna/tag/e2806894000050038661fd4f, 83
1652707608.881578, sdrt-health/mac:02010b41cdec/antenna/tag/e2806894000050038661fd4f, 83
1652707608.921836, sdrt-health/mac:02010b41cdec/antenna/tag/e2806894000040038662114f, 85
1652707608.960903, sdrt-health/mac:02010b41cdec/antenna/tag/e28068940000500386620d4f, 83
1652707609.018143, sdrt-health/mac:02010b41cdec/antenna/tag/e2806894000050038661fd4f, 83
1652707609.018443, sdrt-health/mac:02010b41cdec/antenna/tag/e2806894000050038661fd4f, 83
1652707609.04064, sdrt-health/mac:02010b41cdec/antenna/tag/e2806894000050038662194f, 88
1652707609.081202, sdrt-health/mac:02010b41cdec/antenna/tag/e2806894000040038662114f, 88
1652707609.120322, sdrt-health/mac:02010b41cdec/antenna/tag/e28068940000400386621d4f, 96
1652707609.161233, sdrt-health/mac:02010b41cdec/antenna/tag/e2806894000050038662154f, 88
1652707609.190526, sdrt-health/mac:02010b41cdec/antenna/tag/e2806894000050038661fd4f, 90
1652707609.190737, sdrt-health/mac:02010b41cdec/antenna/tag/e2806894000040038662114f, 87
1652707609.205524, sdrt-health/mac:02010b41cdec/antenna/tag/e2806894000050038662154f, 85
1652707609.25203, sdrt-health/mac:02010b41cdec/antenna/tag/e28068940000400386621d4f, 96
1652707609.29146, sdrt-health/mac:02010b41cdec/antenna/tag/e28068940000500386620d4f, 87
1652707609.331753, sdrt-health/mac:02010b41cdec/antenna/tag/e28068940000400386621d4f, 77
1652707609.370958, sdrt-health/mac:02010b41cdec/antenna/tag/e2806894000040038662114f, 97
1652707609.411813, sdrt-health/mac:02010b41cdec/antenna/tag/e28068940000400386621d4f, 96
1652707609.451488, sdrt-health/mac:02010b41cdec/antenna/tag/e2806894000050038661fd4f, 86
1652707609.522228, sdrt-health/mac:02010b41cdec/antenna/tag/e2806894000040038662114f, 91
1652707609.562589, sdrt-health/mac:02010b41cdec/antenna/tag/e28068940000400386621d4f, 90
1652707609.646464, sdrt-health/mac:02010b41cdec/antenna/tag/e28068940000400386621d4f, 96
1652707609.64687, sdrt-health/mac:02010b41cdec/antenna/tag/e2806894000050038662194f, 83
1652707609.672156, sdrt-health/mac:02010b41cdec/antenna/tag/e2806894000050038661fd4f, 83
1652707609.727506, sdrt-health/mac:02010b41cdec/antenna/tag/e2806894000040038662114f, 85
1652707609.727891, sdrt-health/mac:02010b41cdec/antenna/tag/e28068940000400386621d4f, 77
1652707609.75096, sdrt-health/mac:02010b41cdec/antenna/tag/e28068940000500386620d4f, 87
1652707609.791458, sdrt-health/mac:02010b41cdec/antenna/tag/e2806894000050038661fd4f, 86
1652707609.83155, sdrt-health/mac:02010b41cdec/antenna/tag/e2806894000050038662154f, 88
1652707609.935055, sdrt-health/mac:02010b41cdec/antenna/tag/e2806894000040038662114f, 91
1652707609.935416, sdrt-health/mac:02010b41cdec/antenna/tag/e28068940000400386621d4f, 96
1652707609.961884, sdrt-health/mac:02010b41cdec/antenna/tag/e2806894000050038661fd4f, 86
1652707609.990742, sdrt-health/mac:02010b41cdec/antenna/tag/e2806894000050038662154f, 88
1652707609.99095, sdrt-health/mac:02010b41cdec/antenna/tag/e2806894000040038662114f, 91
1652707609.991045, sdrt-health/mac:02010b41cdec/antenna/tag/e28068940000400386621d4f, 90
1652707610.005094, sdrt-health/mac:02010b41cdec/antenna/tag/e2806894000040038662114f, 91
1652707610.041344, sdrt-health/mac:02010b41cdec/antenna/tag/e28068940000500386620d4f, 87
1652707610.096402, sdrt-health/mac:02010b41cdec/antenna/tag/e2806894000050038662154f, 85
1652707610.096879, sdrt-health/mac:02010b41cdec/antenna/tag/e2806894000050038661fd4f, 83
1652707610.131466, sdrt-health/mac:02010b41cdec/antenna/tag/e2806894000050038662154f, 85
1652707610.186754, sdrt-health/mac:02010b41cdec/antenna/tag/e2806894000050038662154f, 85
1652707610.186966, sdrt-health/mac:02010b41cdec/antenna/tag/e2806894000050038662154f, 88
1652707610.211461, sdrt-health/mac:02010b41cdec/antenna/tag/e2806894000040038662114f, 88
1652707610.26707, sdrt-health/mac:02010b41cdec/antenna/tag/e2806894000040038662114f, 88
1652707610.267283, sdrt-health/mac:02010b41cdec/antenna/tag/e2806894000050038661fd4f, 86
1652707610.282109, sdrt-health/mac:02010b41cdec/antenna/tag/e2806894000050038662154f, 88
1652707610.291041, sdrt-health/mac:02010b41cdec/antenna/tag/e2806894000050038661fd4f, 83
1652707610.336461, sdrt-health/mac:02010b41cdec/antenna/tag/e2806894000050038662194f, 81
1652707610.3759, sdrt-health/mac:02010b41cdec/antenna/tag/e28068940000500386620d4f, 87
1652707610.456967, sdrt-health/mac:02010b41cdec/antenna/tag/e2806894000050038661fd4f, 86
1652707610.457384, sdrt-health/mac:02010b41cdec/antenna/tag/e28068940000400386621d4f, 77
1652707610.481487, sdrt-health/mac:02010b41cdec/antenna/tag/e2806894000050038662154f, 91
1652707610.544992, sdrt-health/mac:02010b41cdec/antenna/tag/e2806894000040038662114f, 85
1652707610.545241, sdrt-health/mac:02010b41cdec/antenna/tag/e28068940000400386621d4f, 96
1652707610.559242, sdrt-health/mac:02010b41cdec/antenna/tag/e2806894000050038661fd4f, 86
1652707610.580439, sdrt-health/mac:02010b41cdec/antenna/tag/e2806894000050038662154f, 88
1652707610.63525, sdrt-health/mac:02010b41cdec/antenna/tag/e2806894000040038662054f, 88
1652707610.635458, sdrt-health/mac:02010b41cdec/antenna/tag/e28068940000400386621d4f, 90
1652707610.649378, sdrt-health/mac:02010b41cdec/antenna/tag/e2806894000050038662154f, 85
1652707610.691668, sdrt-health/mac:02010b41cdec/antenna/tag/e2806894000050038662154f, 91
1652707610.732134, sdrt-health/mac:02010b41cdec/antenna/tag/e2806894000040038662114f, 88
1652707610.732372, sdrt-health/mac:02010b41cdec/antenna/state, connected
1652707610.749119, sdrt-health/mac:02010b41cdec/fw, {"version":"1.8.1","model":"200","hash":"2f556501b58f1dad542af428d7928d18","timestamp":1652707607}
1652707610.801865, sdrt-health/mac:02010b41cdec/antenna/tag/e2806894000040038662114f, 88
1652707610.841991, sdrt-health/mac:02010b41cdec/antenna/tag/e2806894000050038661fd4f, 86
1652707610.882927, sdrt-health/mac:02010b41cdec/antenna/tag/e2806894000050038661fd4f, 86
1652707610.946003, sdrt-health/mac:02010b41cdec/antenna/tag/e2806894000050038662154f, 85
1652707610.946242, sdrt-health/mac:02010b41cdec/antenna/tag/e28068940000400386621d4f, 90
1652707610.962105, sdrt-health/mac:02010b41cdec/antenna/tag/e28068940000400386621d4f, 96
1652707610.972728, sdrt-health/mac:02010b41cdec/antenna/tag/e2806894000050038662154f, 88
1652707611.011535, sdrt-health/mac:02010b41cdec/antenna/tag/e28068940000400386621d4f, 90
1652707611.06549, sdrt-health/mac:02010b41cdec/antenna/tag/e2806894000040038662114f, 88
1652707611.065839, sdrt-health/mac:02010b41cdec/antenna/tag/e2806894000050038661fd4f, 86
1652707611.092846, sdrt-health/mac:02010b41cdec/antenna/tag/e2806894000050038661fd4f, 83
1652707611.121887, sdrt-health/mac:02010b41cdec/antenna/tag/e2806894000040038662114f, 88
1652707611.122196, sdrt-health/mac:02010b41cdec/antenna/tag/e28068940000400386621d4f, 90
1652707611.14146, sdrt-health/mac:02010b41cdec/antenna/tag/e2806894000040038662114f, 85
1652707611.171204, sdrt-health/mac:02010b41cdec/antenna/tag/e28068940000400386621d4f, 96
1652707611.171446, sdrt-health/mac:02010b41cdec/antenna/version, 
1652707611.171629, sdrt-health/mac:02010b41cdec/antenna/tag/e2806894000050038661fd4f, 83
1652707611.203187, sdrt-health/mac:02010b41cdec/antenna/tag/e2806894000050038662154f, 85
1652707611.241438, sdrt-health/mac:02010b41cdec/antenna/tag/e2806894000040038662114f, 85
1652707611.298903, sdrt-health/mac:02010b41cdec/antenna/tag/e28068940000500386620d4f, 83
1652707611.29928, sdrt-health/mac:02010b41cdec/antenna/tag/e2806894000050038662194f, 84
1652707611.313807, sdrt-health/mac:02010b41cdec/antenna/tag/e2806894000040038662114f, 88
1652707611.361927, sdrt-health/mac:02010b41cdec/antenna/tag/e28068940000400386621d4f, 96
1652707611.410245, sdrt-health/mac:02010b41cdec/antenna/tag/e2806894000050038662154f, 88
1652707611.44011, sdrt-health/mac:02010b41cdec/antenna/tag/e2806894000040038662114f, 85
1652707611.44031, sdrt-health/mac:02010b41cdec/antenna/tag/e2806894000050038662154f, 91
1652707611.440424, sdrt-health/mac:02010b41cdec/antenna/tag/e2806894000050038661fd4f, 83
1652707611.471828, sdrt-health/mac:02010b41cdec/antenna/tag/e2806894000050038662154f, 88
1652707611.510907, sdrt-health/mac:02010b41cdec/antenna/tag/e28068940000500386620d4f, 88
1652707611.551635, sdrt-health/mac:02010b41cdec/antenna/tag/e2806894000040038662114f, 88
1652707611.606937, sdrt-health/mac:02010b41cdec/antenna/tag/e2806894000050038662154f, 88
1652707611.607245, sdrt-health/mac:02010b41cdec/antenna/tag/e2806894000050038661fd4f, 83
1652707611.631936, sdrt-health/mac:02010b41cdec/antenna/tag/e2806894000050038662154f, 91
1652707611.670865, sdrt-health/mac:02010b41cdec/antenna/tag/e2806894000050038661fd4f, 83
1652707611.703793, sdrt-health/mac:02010b41cdec/antenna/tag/e28068940000400386621d4f, 96
1652707611.704049, sdrt-health/mac:02010b41cdec/antenna/tag/e2806894000040038662114f, 85
1652707611.70425, sdrt-health/mac:02010b41cdec/antenna/tag/e2806894000050038662154f, 88
1652707611.722828, sdrt-health/mac:02010b41cdec/antenna/tag/e2806894000040038662114f, 88
1652707611.760807, sdrt-health/mac:02010b41cdec/antenna/tag/e28068940000400386621d4f, 96
1652707611.842463, sdrt-health/mac:02010b41cdec/antenna/tag/e2806894000050038661fd4f, 86
1652707611.881657, sdrt-health/mac:02010b41cdec/antenna/tag/e28068940000400386621d4f, 96
1652707611.913141, sdrt-health/mac:02010b41cdec/antenna/tag/e2806894000040038662114f, 85
1652707611.913365, sdrt-health/mac:02010b41cdec/antenna/tag/e2806894000050038661fd4f, 86
1652707611.928663, sdrt-health/mac:02010b41cdec/antenna/tag/e2806894000050038661fd4f, 86
1652707611.986147, sdrt-health/mac:02010b41cdec/antenna/tag/e2806894000050038662154f, 88
1652707611.986351, sdrt-health/mac:02010b41cdec/antenna/tag/e2806894000050038661fd4f, 86
1652707611.999416, sdrt-health/mac:02010b41cdec/antenna/tag/e2806894000050038661fd4f, 83
1652707612.021291, sdrt-health/mac:02010b41cdec/antenna/tag/e2806894000050038662154f, 88
1652707612.07703, sdrt-health/mac:02010b41cdec/antenna/tag/e2806894000050038662154f, 88
1652707612.077259, sdrt-health/mac:02010b41cdec/antenna/tag/e28068940000400386621d4f, 96
1652707612.101995, sdrt-health/mac:02010b41cdec/antenna/tag/e2806894000040038662214f, 81
1652707612.140935, sdrt-health/mac:02010b41cdec/antenna/tag/e2806894000050038662154f, 85
1652707612.198268, sdrt-health/mac:02010b41cdec/antenna/tag/e2806894000050038661fd4f, 83
1652707612.198488, sdrt-health/mac:02010b41cdec/antenna/tag/e28068940000500386620d4f, 81
1652707612.231433, sdrt-health/mac:02010b41cdec/antenna/tag/e2806894000050038661fd4f, 83
1652707612.270913, sdrt-health/mac:02010b41cdec/antenna/tag/e2806894000040038662114f, 85
1652707612.312194, sdrt-health/mac:02010b41cdec/antenna/tag/e2806894000050038662154f, 91
1652707612.312429, sdrt-health/mac:02010b41cdec/antenna/tag/e2806894000040038662114f, 88
1652707612.312559, sdrt-health/mac:02010b41cdec/antenna/tag/e28068940000400386621d4f, 96
1652707612.381088, sdrt-health/mac:02010b41cdec/antenna/tag/e2806894000040038662114f, 85
1652707612.439688, sdrt-health/mac:02010b41cdec/antenna/tag/e2806894000040038662114f, 91
1652707612.439901, sdrt-health/mac:02010b41cdec/antenna/tag/e2806894000050038661fd4f, 86
1652707612.456387, sdrt-health/mac:02010b41cdec/antenna/tag/e28068940000500386620d4f, 81
1652707612.492797, sdrt-health/mac:02010b41cdec/antenna/tag/e2806894000050038661fd4f, 83
1652707612.531111, sdrt-health/mac:02010b41cdec/antenna/tag/e28068940000400386621d4f, 90
1652707612.56219, sdrt-health/mac:02010b41cdec/antenna/tag/e2806894000050038662154f, 88
1652707612.562402, sdrt-health/mac:02010b41cdec/antenna/tag/e2806894000050038661fd4f, 86
1652707612.5767, sdrt-health/mac:02010b41cdec/antenna/tag/e2806894000040038662114f, 88
1652707612.576936, sdrt-health/mac:02010b41cdec/antenna/tag/e2806894000050038661fd4f, 86
1652707612.612505, sdrt-health/mac:02010b41cdec/antenna/tag/e28068940000400386621d4f, 96
1652707612.652985, sdrt-health/mac:02010b41cdec/antenna/tag/e2806894000050038661fd4f, 83
1652707612.691746, sdrt-health/mac:02010b41cdec/antenna/tag/e2806894000040038662114f, 85
1652707612.785001, sdrt-health/mac:02010b41cdec/antenna/tag/e2806894000040038662114f, 85
1652707612.785353, sdrt-health/mac:02010b41cdec/antenna/tag/e28068940000500386620d4f, 83
1652707612.848946, sdrt-health/mac:02010b41cdec/antenna/tag/e2806894000050038662154f, 85
1652707612.849318, sdrt-health/mac:02010b41cdec/antenna/tag/e28068940000400386621d4f, 90
1652707612.84962, sdrt-health/mac:02010b41cdec/antenna/tag/e2806894000050038661fd4f, 86
1652707612.849886, sdrt-health/mac:02010b41cdec/antenna/tag/e2806894000050038661fd4f, 86
1652707612.893564, sdrt-health/mac:02010b41cdec/antenna/tag/e2806894000050038661fd4f, 86
1652707612.960167, sdrt-health/mac:02010b41cdec/antenna/tag/e2806894000050038661fd4f, 86
1652707612.960383, sdrt-health/mac:02010b41cdec/antenna/tag/e2806894000050038662154f, 91
1652707612.9605, sdrt-health/mac:02010b41cdec/antenna/tag/e2806894000050038661fd4f, 86
1652707612.986664, sdrt-health/mac:02010b41cdec/antenna/tag/e2806894000050038662154f, 97
1652707613.000686, sdrt-health/mac:02010b41cdec/antenna/tag/e2806894000040038662114f, 88
1652707613.00597, sdrt-health/mac:02010b41cdec/antenna/tag/e2806894000050038662154f, 91
1652707613.041084, sdrt-health/mac:02010b41cdec/antenna/tag/e2806894000050038662154f, 85
1652707613.081989, sdrt-health/mac:02010b41cdec/antenna/tag/e2806894000050038662154f, 88
1652707613.157816, sdrt-health/mac:02010b41cdec/antenna/tag/e2806894000040038662114f, 85
1652707613.158016, sdrt-health/mac:02010b41cdec/antenna/tag/e2806894000050038662154f, 91
1652707613.181621, sdrt-health/mac:02010b41cdec/antenna/tag/e2806894000050038661fd4f, 86
1652707613.212019, sdrt-health/mac:02010b41cdec/antenna/tag/e2806894000040038662114f, 85
1652707613.21222, sdrt-health/mac:02010b41cdec/antenna/tag/e2806894000050038661fd4f, 86
1652707613.225934, sdrt-health/mac:02010b41cdec/antenna/tag/e28068940000400386621d4f, 96
1652707613.226171, sdrt-health/mac:02010b41cdec/antenna/tag/e2806894000040038662114f, 85
1652707613.262648, sdrt-health/mac:02010b41cdec/antenna/tag/e2806894000050038662154f, 91
1652707613.309853, sdrt-health/mac:02010b41cdec/antenna/tag/e2806894000050038662154f, 97
1652707613.340255, sdrt-health/mac:02010b41cdec/antenna/tag/e2806894000040038662114f, 88
1652707613.340453, sdrt-health/mac:02010b41cdec/antenna/tag/e28068940000400386621d4f, 96
1652707613.35626, sdrt-health/mac:02010b41cdec/antenna/tag/e2806894000040038662114f, 88
1652707613.356566, sdrt-health/mac:02010b41cdec/antenna/tag/e2806894000050038661fd4f, 86
1652707613.391709, sdrt-health/mac:02010b41cdec/antenna/tag/e2806894000050038662154f, 91
1652707613.450177, sdrt-health/mac:02010b41cdec/antenna/tag/e2806894000050038662154f, 88
1652707613.479215, sdrt-health/mac:02010b41cdec/antenna/tag/e2806894000040038662114f, 85
1652707613.479424, sdrt-health/mac:02010b41cdec/antenna/tag/e28068940000400386621d4f, 96
1652707613.494467, sdrt-health/mac:02010b41cdec/antenna/tag/e28068940000400386621d4f, 96
1652707613.494717, sdrt-health/mac:02010b41cdec/antenna/tag/e2806894000050038661fd4f, 90
1652707613.521676, sdrt-health/mac:02010b41cdec/antenna/tag/e2806894000050038662154f, 88
1652707613.563193, sdrt-health/mac:02010b41cdec/antenna/tag/e28068940000500386620d4f, 83
1652707613.619728, sdrt-health/mac:02010b41cdec/antenna/tag/e2806894000050038662154f, 85
1652707613.619948, sdrt-health/mac:02010b41cdec/antenna/tag/e2806894000050038662154f, 88
1652707613.635781, sdrt-health/mac:02010b41cdec/antenna/tag/e28068940000500386620d4f, 87
1652707613.641361, sdrt-health/mac:02010b41cdec/antenna/tag/e28068940000400386621d4f, 90
1652707613.682095, sdrt-health/mac:02010b41cdec/antenna/tag/e2806894000040038662114f, 88
1652707613.721481, sdrt-health/mac:02010b41cdec/antenna/tag/e2806894000050038662154f, 88
1652707613.753976, sdrt-health/mac:02010b41cdec/antenna/tag/e28068940000400386621d4f, 96
1652707613.75424, sdrt-health/mac:02010b41cdec/antenna/tag/e2806894000050038661fd4f, 86
1652707613.77023, sdrt-health/mac:02010b41cdec/antenna/tag/e2806894000040038662114f, 88
1652707613.770487, sdrt-health/mac:02010b41cdec/antenna/tag/e2806894000050038661fd4f, 86
1652707613.801468, sdrt-health/mac:02010b41cdec/antenna/tag/e2806894000050038662154f, 85
1652707613.841799, sdrt-health/mac:02010b41cdec/antenna/tag/e2806894000040038662114f, 88
1652707613.898865, sdrt-health/mac:02010b41cdec/antenna/tag/e2806894000050038661fd4f, 86
1652707613.899159, sdrt-health/mac:02010b41cdec/antenna/tag/e2806894000050038662154f, 88
1652707613.921522, sdrt-health/mac:02010b41cdec/antenna/tag/e28068940000400386621d4f, 96
1652707613.962872, sdrt-health/mac:02010b41cdec/antenna/tag/e2806894000050038662154f, 85
1652707614.000311, sdrt-health/mac:02010b41cdec/antenna/tag/e2806894000050038661fd4f, 83
1652707614.043762, sdrt-health/mac:02010b41cdec/antenna/tag/e28068940000500386620d4f, 81
1652707614.082483, sdrt-health/mac:02010b41cdec/antenna/tag/e2806894000050038662154f, 85
1652707614.122524, sdrt-health/mac:02010b41cdec/antenna/tag/e2806894000050038661fd4f, 83
1652707614.162013, sdrt-health/mac:02010b41cdec/antenna/tag/e28068940000500386620d4f, 83
1652707614.20191, sdrt-health/mac:02010b41cdec/antenna/tag/e2806894000050038661fd4f, 86
1652707614.241579, sdrt-health/mac:02010b41cdec/antenna/tag/e2806894000050038662154f, 88
1652707614.308088, sdrt-health/mac:02010b41cdec/antenna/tag/e2806894000050038662154f, 88
1652707614.308325, sdrt-health/mac:02010b41cdec/antenna/tag/e28068940000400386621d4f, 96
1652707614.325307, sdrt-health/mac:02010b41cdec/antenna/tag/e2806894000050038662154f, 91
1652707614.360399, sdrt-health/mac:02010b41cdec/antenna/tag/e28068940000400386621d4f, 96
1652707614.36067, sdrt-health/mac:02010b41cdec/antenna/tag/e2806894000050038662154f, 91
1652707614.360826, sdrt-health/mac:02010b41cdec/antenna/tag/e28068940000400386621d4f, 90
1652707614.381942, sdrt-health/mac:02010b41cdec/antenna/tag/e2806894000050038662154f, 88
1652707614.421582, sdrt-health/mac:02010b41cdec/antenna/tag/e2806894000040038662114f, 88
1652707614.461511, sdrt-health/mac:02010b41cdec/antenna/tag/e2806894000050038661fd4f, 86
1652707614.493754, sdrt-health/mac:02010b41cdec/antenna/tag/e2806894000040038662114f, 88
1652707614.493986, sdrt-health/mac:02010b41cdec/antenna/tag/e28068940000500386620d4f, 88
1652707614.508251, sdrt-health/mac:02010b41cdec/antenna/tag/e2806894000050038661fd4f, 86
1652707614.541231, sdrt-health/mac:02010b41cdec/antenna/tag/e28068940000500386620d4f, 88
1652707614.597174, sdrt-health/mac:02010b41cdec/antenna/tag/e2806894000050038661fd4f, 86
1652707614.597385, sdrt-health/mac:02010b41cdec/antenna/tag/e2806894000050038662194f, 88
1652707614.612892, sdrt-health/mac:02010b41cdec/antenna/tag/e2806894000040038662114f, 85
1652707614.622348, sdrt-health/mac:02010b41cdec/antenna/tag/e2806894000040038662114f, 85
1652707614.66245, sdrt-health/mac:02010b41cdec/antenna/tag/e2806894000050038662194f, 81
1652707614.740075, sdrt-health/mac:02010b41cdec/antenna/tag/e2806894000050038662154f, 88
1652707614.782856, sdrt-health/mac:02010b41cdec/antenna/tag/e28068940000400386621d4f, 90
1652707614.834337, sdrt-health/mac:02010b41cdec/antenna/tag/e2806894000040038662114f, 91
1652707614.83456, sdrt-health/mac:02010b41cdec/antenna/tag/e2806894000050038661fd4f, 86
1652707614.848992, sdrt-health/mac:02010b41cdec/antenna/tag/e28068940000500386620d4f, 94
1652707614.862058, sdrt-health/mac:02010b41cdec/antenna/tag/e2806894000050038661fd4f, 86
1652707614.864771, sdrt-health/mac:02010b41cdec/antenna/tag/e2806894000050038661fd4f, 86
1652707614.902938, sdrt-health/mac:02010b41cdec/antenna/tag/e28068940000400386621d4f, 96
1652707614.941355, sdrt-health/mac:02010b41cdec/antenna/tag/e2806894000050038662154f, 88
1652707614.980837, sdrt-health/mac:02010b41cdec/antenna/tag/e2806894000050038661fd4f, 83
1652707615.035873, sdrt-health/mac:02010b41cdec/antenna/tag/e2806894000050038662154f, 85
1652707615.03606, sdrt-health/mac:02010b41cdec/antenna/tag/e28068940000400386621d4f, 90
1652707615.049985, sdrt-health/mac:02010b41cdec/antenna/tag/e2806894000050038662154f, 85
1652707615.081644, sdrt-health/mac:02010b41cdec/antenna/tag/e2806894000040038662114f, 88
1652707615.081874, sdrt-health/mac:02010b41cdec/antenna/tag/e28068940000400386621d4f, 90
1652707615.101225, sdrt-health/mac:02010b41cdec/antenna/tag/e2806894000050038661fd4f, 86
1652707615.142189, sdrt-health/mac:02010b41cdec/antenna/tag/e2806894000040038662114f, 88
1652707615.182255, sdrt-health/mac:02010b41cdec/antenna/tag/e2806894000040038662114f, 85
1652707615.213849, sdrt-health/mac:02010b41cdec/antenna/tag/e2806894000040038662114f, 91
1652707615.214076, sdrt-health/mac:02010b41cdec/antenna/tag/e28068940000400386621d4f, 96
1652707615.242323, sdrt-health/mac:02010b41cdec/antenna/tag/e2806894000040038662114f, 88
1652707615.283553, sdrt-health/mac:02010b41cdec/antenna/tag/e2806894000050038661fd4f, 83
1652707615.315743, sdrt-health/mac:02010b41cdec/antenna/tag/e28068940000500386620d4f, 81
1652707615.315967, sdrt-health/mac:02010b41cdec/antenna/tag/e2806894000050038661fd4f, 83
1652707615.330339, sdrt-health/mac:02010b41cdec/antenna/tag/e2806894000040038662114f, 85
1652707615.330549, sdrt-health/mac:02010b41cdec/antenna/tag/e2806894000050038661fd4f, 83
1652707615.361976, sdrt-health/mac:02010b41cdec/antenna/tag/e2806894000050038661fd4f, 83
1652707615.410487, sdrt-health/mac:02010b41cdec/antenna/tag/e28068940000500386620d4f, 83
1652707615.467641, sdrt-health/mac:02010b41cdec/antenna/tag/e2806894000040038662114f, 88
1652707615.468, sdrt-health/mac:02010b41cdec/antenna/tag/e2806894000050038662194f, 81
1652707615.483317, sdrt-health/mac:02010b41cdec/antenna/tag/e28068940000500386620d4f, 83
1652707615.483743, sdrt-health/mac:02010b41cdec/antenna/tag/e2806894000050038662194f, 82
1652707615.492689, sdrt-health/mac:02010b41cdec/antenna/tag/e2806894000050038662194f, 84
1652707615.531493, sdrt-health/mac:02010b41cdec/antenna/tag/e28068940000400386621d4f, 96
1652707615.563992, sdrt-health/mac:02010b41cdec/antenna/tag/e2806894000050038661fd4f, 83
1652707615.564195, sdrt-health/mac:02010b41cdec/antenna/tag/e28068940000500386620d4f, 83
1652707615.57838, sdrt-health/mac:02010b41cdec/antenna/tag/e2806894000050038661fd4f, 83
1652707615.578586, sdrt-health/mac:02010b41cdec/antenna/tag/e2806894000050038661fd4f, 86
1652707615.612008, sdrt-health/mac:02010b41cdec/antenna/tag/e2806894000050038661fd4f, 86
1652707615.653062, sdrt-health/mac:02010b41cdec/antenna/tag/e2806894000050038662154f, 88
1652707615.708433, sdrt-health/mac:02010b41cdec/antenna/tag/e28068940000400386621d4f, 90
1652707615.708693, sdrt-health/mac:02010b41cdec/antenna/tag/e2806894000040038662114f, 91
1652707615.7244, sdrt-health/mac:02010b41cdec/antenna/tag/e2806894000050038661fd4f, 86
1652707615.742513, sdrt-health/mac:02010b41cdec/antenna/tag/e28068940000400386621d4f, 96
1652707615.781076, sdrt-health/mac:02010b41cdec/antenna/tag/e2806894000050038662154f, 85
1652707615.821119, sdrt-health/mac:02010b41cdec/antenna/tag/e2806894000050038662194f, 81
1652707615.90115, sdrt-health/mac:02010b41cdec/antenna/tag/e2806894000050038661fd4f, 86
1652707615.951014, sdrt-health/mac:02010b41cdec/antenna/tag/e28068940000400386621d4f, 96
1652707615.981313, sdrt-health/mac:02010b41cdec/antenna/tag/e2806894000040038662114f, 91
1652707615.981551, sdrt-health/mac:02010b41cdec/antenna/tag/e2806894000050038662154f, 88
1652707616.002499, sdrt-health/mac:02010b41cdec/antenna/tag/e2806894000050038661fd4f, 90
1652707616.053575, sdrt-health/mac:02010b41cdec/antenna/tag/e28068940000400386621d4f, 90
1652707616.107504, sdrt-health/mac:02010b41cdec/antenna/tag/e2806894000050038662194f, 81
1652707616.107754, sdrt-health/mac:02010b41cdec/antenna/tag/e28068940000400386621d4f, 90
1652707616.132791, sdrt-health/mac:02010b41cdec/antenna/tag/e2806894000040038662054f, 82
1652707616.171176, sdrt-health/mac:02010b41cdec/antenna/tag/e28068940000400386621d4f, 96
1652707616.227487, sdrt-health/mac:02010b41cdec/antenna/tag/e2806894000050038661fd4f, 83
1652707616.22771, sdrt-health/mac:02010b41cdec/antenna/tag/e2806894000050038662194f, 94
1652707616.291623, sdrt-health/mac:02010b41cdec/antenna/tag/e28068940000400386621d4f, 96
1652707616.33094, sdrt-health/mac:02010b41cdec/antenna/tag/e2806894000050038661fd4f, 86
1652707616.365273, sdrt-health/mac:02010b41cdec/antenna/tag/e28068940000400386621d4f, 96
1652707616.365655, sdrt-health/mac:02010b41cdec/antenna/tag/e2806894000050038662154f, 88
1652707616.378871, sdrt-health/mac:02010b41cdec/antenna/tag/e28068940000400386621d4f, 96
1652707616.379074, sdrt-health/mac:02010b41cdec/antenna/tag/e2806894000050038661fd4f, 86
1652707616.431452, sdrt-health/mac:02010b41cdec/antenna/tag/e2806894000040038662114f, 91
1652707616.47148, sdrt-health/mac:02010b41cdec/antenna/tag/e2806894000050038661fd4f, 83
1652707616.527879, sdrt-health/mac:02010b41cdec/antenna/tag/e2806894000050038662154f, 88
1652707616.528098, sdrt-health/mac:02010b41cdec/antenna/tag/e28068940000500386620d4f, 83
1652707616.552879, sdrt-health/mac:02010b41cdec/antenna/tag/e28068940000500386620d4f, 83
1652707616.591573, sdrt-health/mac:02010b41cdec/antenna/tag/e2806894000040038662114f, 85
1652707616.632655, sdrt-health/mac:02010b41cdec/antenna/tag/e2806894000050038662154f, 85
1652707616.68718, sdrt-health/mac:02010b41cdec/antenna/tag/e2806894000040038662114f, 85
1652707616.687395, sdrt-health/mac:02010b41cdec/antenna/tag/e2806894000050038662154f, 88
1652707616.741864, sdrt-health/mac:02010b41cdec/antenna/tag/e2806894000040038662114f, 88
1652707616.801609, sdrt-health/mac:02010b41cdec/antenna/tag/e28068940000500386620d4f, 83
1652707617.032763, sdrt-health/mac:02010b41cdec/antenna/tag/scan, scan stopped
