1652707668.189359, sdrt-health/mac:02010b41cdec/antenna/power/set, {"power": 280}
1652707669.302964, sdrt-health/mac:02010b41cdec/antenna/power/set, 
1652707670.741835, sdrt-health/mac:02010b41cdec/antenna/state, connected
1652707670.742486, sdrt-health/mac:02010b41cdec/fw, {"version":"1.8.1","model":"200","hash":"2f556501b58f1dad542af428d7928d18","timestamp":1652707667}
1652707670.925092, sdrt-health/mac:02010b41cdec/antenna/version, J.6.6/V0121-04
1652707671.169892, sdrt-health/mac:02010b41cdec/antenna/power, 28
1652707673.218591, sdrt-health/mac:02010b41cdec/antenna/tag/scan, {"time": 20000}
1652707673.641003, sdrt-health/mac:02010b41cdec/antenna/tag/e2806894000040038662214f, 94
1652707673.680225, sdrt-health/mac:02010b41cdec/antenna/tag/e2806894000040038662114f, 88
1652707673.719967, sdrt-health/mac:02010b41cdec/antenna/tag/e2806894000050038662154f, 88
1652707673.78006, sdrt-health/mac:02010b41cdec/antenna/tag/e28068940000400386621d4f, 96
1652707673.780619, sdrt-health/mac:02010b41cdec/antenna/tag/e2806894000040038662114f, 88
1652707673.794504, sdrt-health/mac:02010b41cdec/antenna/tag/e28068940000400386621d4f, 96
1652707673.820666, sdrt-health/mac:02010b41cdec/antenna/tag/e28068940000400386621d4f, 90
1652707673.861164, sdrt-health/mac:02010b41cdec/antenna/tag/e28068940000500386620d4f, 81
1652707673.913773, sdrt-health/mac:02010b41cdec/antenna/tag/e2806894000050038662154f, 88
1652707673.91427, sdrt-health/mac:02010b41cdec/antenna/tag/e2806894000040038662114f, 88
1652707673.92802, sdrt-health/mac:02010b41cdec/antenna/tag/e2806894000050038662154f, 85
1652707673.960174, sdrt-health/mac:02010b41cdec/antenna/tag/e2806894000050038661fd4f, 86
1652707673.999735, sdrt-health/mac:02010b41cdec/antenna/tag/e2806894000050038662154f, 85
1652707674.04892, sdrt-health/mac:02010b41cdec/antenna/tag/e2806894000050038661fd4f, 86
1652707674.0903, sdrt-health/mac:02010b41cdec/antenna/tag/e2806894000050038661fd4f, 83
1652707674.143853, sdrt-health/mac:02010b41cdec/antenna/tag/e28068940000400386621d4f, 77
1652707674.144309, sdrt-health/mac:02010b41cdec/antenna/tag/e28068940000400386621d4f, 96
1652707674.160893, sdrt-health/mac:02010b41cdec/antenna/tag/e2806894000040038662114f, 88
1652707674.170537, sdrt-health/mac:02010b41cdec/antenna/tag/e2806894000050038662154f, 85
1652707674.174805, sdrt-health/mac:02010b41cdec/antenna/tag/e2806894000050038661fd4f, 83
1652707674.229824, sdrt-health/mac:02010b41cdec/antenna/tag/e28068940000400386621d4f, 96
1652707674.269779, sdrt-health/mac:02010b41cdec/antenna/tag/e2806894000050038661fd4f, 86
1652707674.330951, sdrt-health/mac:02010b41cdec/antenna/tag/e2806894000040038662114f, 85
1652707674.370411, sdrt-health/mac:02010b41cdec/antenna/tag/e2806894000050038662194f, 83
1652707674.370867, sdrt-health/mac:02010b41cdec/antenna/tag/e28068940000400386621d4f, 77
1652707674.426151, sdrt-health/mac:02010b41cdec/antenna/tag/e2806894000050038661fd4f, 86
1652707674.426644, sdrt-health/mac:02010b41cdec/antenna/tag/e2806894000040038662114f, 85
1652707674.441263, sdrt-health/mac:02010b41cdec/antenna/tag/e2806894000050038662154f, 91
1652707674.453219, sdrt-health/mac:02010b41cdec/antenna/tag/e2806894000050038661fd4f, 86
1652707674.489156, sdrt-health/mac:02010b41cdec/antenna/tag/e2806894000040038662114f, 85
1652707674.531522, sdrt-health/mac:02010b41cdec/antenna/tag/e28068940000400386621d4f, 96
1652707674.588974, sdrt-health/mac:02010b41cdec/antenna/tag/e2806894000050038661fd4f, 83
1652707674.589485, sdrt-health/mac:02010b41cdec/antenna/tag/e2806894000050038662154f, 85
1652707674.609923, sdrt-health/mac:02010b41cdec/antenna/tag/e2806894000050038662154f, 88
1652707674.666042, sdrt-health/mac:02010b41cdec/antenna/tag/e2806894000050038662154f, 88
1652707674.666676, sdrt-health/mac:02010b41cdec/antenna/tag/e2806894000040038662114f, 85
1652707674.691007, sdrt-health/mac:02010b41cdec/antenna/tag/e2806894000040038662114f, 85
1652707674.750831, sdrt-health/mac:02010b41cdec/antenna/tag/e2806894000050038662154f, 91
1652707674.800371, sdrt-health/mac:02010b41cdec/antenna/tag/e2806894000040038662114f, 88
1652707674.865034, sdrt-health/mac:02010b41cdec/antenna/tag/e2806894000050038661fd4f, 86
1652707674.865532, sdrt-health/mac:02010b41cdec/antenna/tag/e28068940000400386621d4f, 96
1652707674.909105, sdrt-health/mac:02010b41cdec/antenna/tag/e2806894000050038662154f, 88
1652707674.959662, sdrt-health/mac:02010b41cdec/antenna/tag/e2806894000050038662154f, 91
1652707674.986686, sdrt-health/mac:02010b41cdec/antenna/tag/e2806894000050038661fd4f, 86
1652707674.987252, sdrt-health/mac:02010b41cdec/antenna/tag/e2806894000050038661fd4f, 86
1652707675.011362, sdrt-health/mac:02010b41cdec/antenna/tag/e2806894000050038661fd4f, 86
1652707675.063143, sdrt-health/mac:02010b41cdec/antenna/tag/e28068940000500386620d4f, 81
1652707675.063438, sdrt-health/mac:02010b41cdec/antenna/tag/e2806894000040038662114f, 88
1652707675.131327, sdrt-health/mac:02010b41cdec/antenna/tag/e2806894000050038662194f, 81
1652707675.18009, sdrt-health/mac:02010b41cdec/antenna/tag/e2806894000050038661fd4f, 86
1652707675.22152, sdrt-health/mac:02010b41cdec/antenna/tag/e2806894000050038662154f, 88
1652707675.222006, sdrt-health/mac:02010b41cdec/antenna/tag/e2806894000040038662114f, 88
1652707675.26547, sdrt-health/mac:02010b41cdec/antenna/tag/e2806894000050038661fd4f, 86
1652707675.307747, sdrt-health/mac:02010b41cdec/antenna/tag/e28068940000400386621d4f, 90
1652707675.373802, sdrt-health/mac:02010b41cdec/antenna/tag/e2806894000050038661fd4f, 86
1652707675.37429, sdrt-health/mac:02010b41cdec/antenna/tag/e28068940000400386621d4f, 90
1652707675.401463, sdrt-health/mac:02010b41cdec/antenna/tag/e28068940000400386621d4f, 90
1652707675.443089, sdrt-health/mac:02010b41cdec/antenna/tag/e28068940000400386621d4f, 96
1652707675.443383, sdrt-health/mac:02010b41cdec/antenna/tag/e2806894000040038662114f, 88
1652707675.462136, sdrt-health/mac:02010b41cdec/antenna/tag/e2806894000050038661fd4f, 83
1652707675.462387, sdrt-health/mac:02010b41cdec/antenna/tag/e2806894000050038662154f, 85
1652707675.50014, sdrt-health/mac:02010b41cdec/antenna/tag/e28068940000500386620d4f, 83
1652707675.541963, sdrt-health/mac:02010b41cdec/antenna/tag/e2806894000040038662114f, 85
1652707675.581638, sdrt-health/mac:02010b41cdec/antenna/tag/e2806894000040038662114f, 85
1652707675.667446, sdrt-health/mac:02010b41cdec/antenna/tag/e28068940000500386620d4f, 83
1652707675.667942, sdrt-health/mac:02010b41cdec/antenna/tag/e2806894000040038662114f, 85
1652707675.691305, sdrt-health/mac:02010b41cdec/antenna/tag/e2806894000050038662154f, 91
1652707675.753622, sdrt-health/mac:02010b41cdec/antenna/tag/e28068940000400386621d4f, 77
1652707675.754154, sdrt-health/mac:02010b41cdec/antenna/tag/e2806894000050038661fd4f, 86
1652707675.768146, sdrt-health/mac:02010b41cdec/antenna/tag/e2806894000050038662154f, 91
1652707675.789399, sdrt-health/mac:02010b41cdec/antenna/tag/e2806894000050038661fd4f, 83
1652707675.900781, sdrt-health/mac:02010b41cdec/antenna/tag/e2806894000050038662154f, 85
1652707675.950234, sdrt-health/mac:02010b41cdec/antenna/tag/e2806894000050038661fd4f, 86
1652707675.990291, sdrt-health/mac:02010b41cdec/antenna/tag/e2806894000050038661fd4f, 83
1652707676.040098, sdrt-health/mac:02010b41cdec/antenna/tag/e2806894000040038661f94f, 88
1652707676.094061, sdrt-health/mac:02010b41cdec/antenna/tag/e2806894000040038662114f, 85
1652707676.094417, sdrt-health/mac:02010b41cdec/antenna/tag/e2806894000050038662154f, 85
1652707676.12012, sdrt-health/mac:02010b41cdec/antenna/tag/e2806894000050038662194f, 94
1652707676.159464, sdrt-health/mac:02010b41cdec/antenna/tag/e2806894000040038662054f, 110
1652707676.159701, sdrt-health/mac:02010b41cdec/antenna/tag/e2806894000050038662194f, 88
1652707676.20039, sdrt-health/mac:02010b41cdec/antenna/tag/e2806894000050038661fd4f, 86
1652707676.254193, sdrt-health/mac:02010b41cdec/antenna/tag/e28068940000400386621d4f, 90
1652707676.254727, sdrt-health/mac:02010b41cdec/antenna/tag/e2806894000050038662154f, 88
1652707676.301058, sdrt-health/mac:02010b41cdec/antenna/tag/e2806894000050038662154f, 91
1652707676.341264, sdrt-health/mac:02010b41cdec/antenna/tag/e2806894000050038661fd4f, 83
1652707676.341663, sdrt-health/mac:02010b41cdec/antenna/tag/e2806894000040038662114f, 88
1652707676.388671, sdrt-health/mac:02010b41cdec/antenna/tag/e28068940000400386621d4f, 96
1652707676.446996, sdrt-health/mac:02010b41cdec/antenna/tag/e2806894000040038662114f, 85
1652707676.447469, sdrt-health/mac:02010b41cdec/antenna/tag/e28068940000400386621d4f, 96
1652707676.470874, sdrt-health/mac:02010b41cdec/antenna/tag/e2806894000050038662154f, 85
1652707676.510102, sdrt-health/mac:02010b41cdec/antenna/tag/e28068940000400386621d4f, 96
1652707676.595076, sdrt-health/mac:02010b41cdec/antenna/tag/e28068940000500386620d4f, 83
1652707676.595567, sdrt-health/mac:02010b41cdec/antenna/tag/e28068940000500386620d4f, 93
1652707676.619765, sdrt-health/mac:02010b41cdec/antenna/tag/e28068940000400386621d4f, 90
1652707676.659967, sdrt-health/mac:02010b41cdec/antenna/tag/e2806894000040038662114f, 91
1652707676.711271, sdrt-health/mac:02010b41cdec/antenna/tag/e2806894000040038662214f, 88
1652707676.739296, sdrt-health/mac:02010b41cdec/antenna/tag/e28068940000500386620d4f, 81
1652707676.739897, sdrt-health/mac:02010b41cdec/antenna/tag/e28068940000500386620d4f, 81
1652707676.751775, sdrt-health/mac:02010b41cdec/antenna/tag/e2806894000050038661fd4f, 83
1652707676.752151, sdrt-health/mac:02010b41cdec/antenna/tag/e2806894000050038662154f, 85
1652707676.800353, sdrt-health/mac:02010b41cdec/antenna/tag/e28068940000500386620d4f, 81
1652707676.840625, sdrt-health/mac:02010b41cdec/antenna/tag/e2806894000050038662154f, 88
1652707676.882007, sdrt-health/mac:02010b41cdec/antenna/tag/e28068940000400386621d4f, 96
1652707676.882489, sdrt-health/mac:02010b41cdec/antenna/tag/e2806894000050038662154f, 85
1652707676.920881, sdrt-health/mac:02010b41cdec/antenna/tag/e2806894000040038662114f, 88
1652707676.973528, sdrt-health/mac:02010b41cdec/antenna/tag/e2806894000050038662154f, 88
1652707676.973988, sdrt-health/mac:02010b41cdec/antenna/tag/e2806894000050038662154f, 85
1652707676.987199, sdrt-health/mac:02010b41cdec/antenna/tag/e2806894000040038662114f, 91
1652707677.011033, sdrt-health/mac:02010b41cdec/antenna/tag/e28068940000400386621d4f, 77
1652707677.051268, sdrt-health/mac:02010b41cdec/antenna/tag/e2806894000050038662154f, 85
1652707677.090231, sdrt-health/mac:02010b41cdec/antenna/tag/e2806894000050038661fd4f, 86
1652707677.138491, sdrt-health/mac:02010b41cdec/antenna/tag/e2806894000040038662114f, 91
1652707677.139513, sdrt-health/mac:02010b41cdec/antenna/tag/e28068940000400386621d4f, 90
1652707677.17965, sdrt-health/mac:02010b41cdec/antenna/tag/e2806894000050038661fd4f, 86
1652707677.240882, sdrt-health/mac:02010b41cdec/antenna/tag/e28068940000400386621d4f, 77
1652707677.28048, sdrt-health/mac:02010b41cdec/antenna/tag/e2806894000050038662194f, 84
1652707677.32882, sdrt-health/mac:02010b41cdec/antenna/tag/e2806894000050038662154f, 88
1652707677.379482, sdrt-health/mac:02010b41cdec/antenna/tag/e2806894000040038662114f, 88
1652707677.408807, sdrt-health/mac:02010b41cdec/antenna/tag/e2806894000050038661fd4f, 86
1652707677.409026, sdrt-health/mac:02010b41cdec/antenna/tag/e2806894000050038662154f, 88
1652707677.422063, sdrt-health/mac:02010b41cdec/antenna/tag/e2806894000050038661fd4f, 86
1652707677.422269, sdrt-health/mac:02010b41cdec/antenna/tag/e28068940000400386621d4f, 90
1652707677.480787, sdrt-health/mac:02010b41cdec/antenna/tag/e2806894000050038662154f, 85
1652707677.520478, sdrt-health/mac:02010b41cdec/antenna/tag/e28068940000400386621d4f, 90
1652707677.548235, sdrt-health/mac:02010b41cdec/antenna/tag/e2806894000040038662114f, 91
1652707677.548497, sdrt-health/mac:02010b41cdec/antenna/tag/e2806894000050038662154f, 88
1652707677.561679, sdrt-health/mac:02010b41cdec/antenna/tag/e28068940000400386621d4f, 90
1652707677.600252, sdrt-health/mac:02010b41cdec/antenna/tag/e2806894000040038662114f, 88
1652707677.641159, sdrt-health/mac:02010b41cdec/antenna/tag/e28068940000400386621d4f, 96
1652707677.642155, sdrt-health/mac:02010b41cdec/antenna/tag/e2806894000040038662114f, 85
1652707677.681026, sdrt-health/mac:02010b41cdec/antenna/tag/e2806894000050038662154f, 85
1652707677.753964, sdrt-health/mac:02010b41cdec/antenna/tag/e2806894000050038661fd4f, 86
1652707677.754475, sdrt-health/mac:02010b41cdec/antenna/tag/e2806894000040038662114f, 85
1652707677.779424, sdrt-health/mac:02010b41cdec/antenna/tag/e2806894000050038662154f, 88
1652707677.820224, sdrt-health/mac:02010b41cdec/antenna/tag/e2806894000050038661fd4f, 86
1652707677.86028, sdrt-health/mac:02010b41cdec/antenna/tag/e28068940000500386620d4f, 94
1652707677.971105, sdrt-health/mac:02010b41cdec/antenna/tag/e2806894000050038662154f, 85
1652707678.020448, sdrt-health/mac:02010b41cdec/antenna/tag/e2806894000050038661fd4f, 83
1652707678.06137, sdrt-health/mac:02010b41cdec/antenna/tag/e2806894000040038662114f, 88
1652707678.116199, sdrt-health/mac:02010b41cdec/antenna/tag/e28068940000400386621d4f, 96
1652707678.116763, sdrt-health/mac:02010b41cdec/antenna/tag/e28068940000400386621d4f, 96
1652707678.140466, sdrt-health/mac:02010b41cdec/antenna/tag/e28068940000400386621d4f, 96
1652707678.194222, sdrt-health/mac:02010b41cdec/antenna/tag/e28068940000400386621d4f, 96
1652707678.194472, sdrt-health/mac:02010b41cdec/antenna/tag/e2806894000040038662114f, 88
1652707678.207669, sdrt-health/mac:02010b41cdec/antenna/tag/e2806894000050038662154f, 85
1652707678.220052, sdrt-health/mac:02010b41cdec/antenna/tag/e2806894000050038661fd4f, 83
1652707678.26045, sdrt-health/mac:02010b41cdec/antenna/tag/e2806894000050038662194f, 94
1652707678.31595, sdrt-health/mac:02010b41cdec/antenna/tag/e2806894000050038662194f, 81
1652707678.31654, sdrt-health/mac:02010b41cdec/antenna/tag/e28068940000500386620d4f, 81
1652707678.329966, sdrt-health/mac:02010b41cdec/antenna/tag/e2806894000040038662114f, 88
1652707678.33038, sdrt-health/mac:02010b41cdec/antenna/tag/e2806894000050038662154f, 88
1652707678.330743, sdrt-health/mac:02010b41cdec/antenna/tag/e2806894000050038662154f, 85
1652707678.36996, sdrt-health/mac:02010b41cdec/antenna/tag/e2806894000040038662114f, 85
1652707678.418607, sdrt-health/mac:02010b41cdec/antenna/tag/e2806894000050038661fd4f, 86
1652707678.473759, sdrt-health/mac:02010b41cdec/antenna/tag/e28068940000400386621d4f, 96
1652707678.474325, sdrt-health/mac:02010b41cdec/antenna/tag/e2806894000050038661fd4f, 83
1652707678.487533, sdrt-health/mac:02010b41cdec/antenna/tag/e2806894000050038662154f, 91
1652707678.488144, sdrt-health/mac:02010b41cdec/antenna/tag/e2806894000040038662114f, 85
1652707678.488596, sdrt-health/mac:02010b41cdec/antenna/tag/e28068940000400386621d4f, 96
1652707678.508605, sdrt-health/mac:02010b41cdec/antenna/tag/e2806894000050038662154f, 85
1652707678.550086, sdrt-health/mac:02010b41cdec/antenna/tag/e28068940000400386621d4f, 96
1652707678.578274, sdrt-health/mac:02010b41cdec/antenna/tag/e28068940000400386621d4f, 96
1652707678.578521, sdrt-health/mac:02010b41cdec/antenna/tag/e2806894000050038662154f, 85
1652707678.593412, sdrt-health/mac:02010b41cdec/antenna/tag/e2806894000040038662114f, 88
1652707678.593661, sdrt-health/mac:02010b41cdec/antenna/tag/e2806894000040038662114f, 88
1652707678.629792, sdrt-health/mac:02010b41cdec/antenna/tag/e2806894000050038662154f, 91
1652707678.671034, sdrt-health/mac:02010b41cdec/antenna/tag/e2806894000050038662154f, 91
1652707678.725492, sdrt-health/mac:02010b41cdec/antenna/tag/e2806894000050038661fd4f, 86
1652707678.726046, sdrt-health/mac:02010b41cdec/antenna/tag/e28068940000400386621d4f, 96
1652707678.750648, sdrt-health/mac:02010b41cdec/antenna/tag/e28068940000400386621d4f, 90
1652707678.790626, sdrt-health/mac:02010b41cdec/antenna/tag/e2806894000050038662154f, 88
1652707678.838057, sdrt-health/mac:02010b41cdec/antenna/tag/e2806894000040038662114f, 91
1652707678.866949, sdrt-health/mac:02010b41cdec/antenna/tag/e2806894000050038662154f, 85
1652707678.86766, sdrt-health/mac:02010b41cdec/antenna/tag/e2806894000040038662114f, 91
1652707678.920598, sdrt-health/mac:02010b41cdec/antenna/tag/e2806894000040038662114f, 91
1652707678.970627, sdrt-health/mac:02010b41cdec/antenna/tag/e2806894000050038661fd4f, 86
1652707678.998196, sdrt-health/mac:02010b41cdec/antenna/tag/e2806894000040038662114f, 88
1652707678.998447, sdrt-health/mac:02010b41cdec/antenna/tag/e28068940000500386620d4f, 81
1652707679.050625, sdrt-health/mac:02010b41cdec/antenna/tag/e2806894000050038662154f, 91
1652707679.090369, sdrt-health/mac:02010b41cdec/antenna/tag/e2806894000050038661fd4f, 83
1652707679.145192, sdrt-health/mac:02010b41cdec/antenna/tag/e2806894000040038662114f, 88
1652707679.145759, sdrt-health/mac:02010b41cdec/antenna/tag/e28068940000400386621d4f, 96
1652707679.170571, sdrt-health/mac:02010b41cdec/antenna/tag/e2806894000040038662114f, 88
1652707679.209956, sdrt-health/mac:02010b41cdec/antenna/tag/e2806894000040038662114f, 88
1652707679.263133, sdrt-health/mac:02010b41cdec/antenna/tag/e2806894000050038662154f, 85
1652707679.263628, sdrt-health/mac:02010b41cdec/antenna/tag/e28068940000400386621d4f, 96
1652707679.290004, sdrt-health/mac:02010b41cdec/antenna/tag/e28068940000400386621d4f, 96
1652707679.330399, sdrt-health/mac:02010b41cdec/antenna/tag/e2806894000050038661fd4f, 86
1652707679.3714, sdrt-health/mac:02010b41cdec/antenna/tag/e28068940000400386621d4f, 96
1652707679.423562, sdrt-health/mac:02010b41cdec/antenna/tag/e2806894000050038662154f, 88
1652707679.423792, sdrt-health/mac:02010b41cdec/antenna/tag/e2806894000040038662114f, 91
1652707679.450852, sdrt-health/mac:02010b41cdec/antenna/tag/e2806894000040038662114f, 88
1652707679.50443, sdrt-health/mac:02010b41cdec/antenna/tag/e28068940000400386621d4f, 96
1652707679.504639, sdrt-health/mac:02010b41cdec/antenna/tag/e2806894000050038662154f, 88
1652707679.504783, sdrt-health/mac:02010b41cdec/antenna/tag/e28068940000400386621d4f, 90
1652707679.530411, sdrt-health/mac:02010b41cdec/antenna/tag/e28068940000400386621d4f, 96
1652707679.579947, sdrt-health/mac:02010b41cdec/antenna/tag/e28068940000400386621d4f, 96
1652707679.637738, sdrt-health/mac:02010b41cdec/antenna/tag/e2806894000040038662114f, 85
1652707679.638217, sdrt-health/mac:02010b41cdec/antenna/tag/e28068940000400386621d4f, 96
1652707679.638584, sdrt-health/mac:02010b41cdec/antenna/tag/e2806894000040038662114f, 85
1652707679.638912, sdrt-health/mac:02010b41cdec/antenna/tag/e2806894000050038661fd4f, 83
1652707679.659986, sdrt-health/mac:02010b41cdec/antenna/tag/e2806894000050038661fd4f, 86
1652707679.729031, sdrt-health/mac:02010b41cdec/antenna/tag/e28068940000400386621d4f, 90
1652707679.756927, sdrt-health/mac:02010b41cdec/antenna/tag/e2806894000040038662114f, 85
1652707679.757632, sdrt-health/mac:02010b41cdec/antenna/tag/e2806894000050038661fd4f, 86
1652707679.757856, sdrt-health/mac:02010b41cdec/antenna/tag/e28068940000400386621d4f, 96
1652707679.770268, sdrt-health/mac:02010b41cdec/antenna/tag/e2806894000040038662114f, 88
1652707679.770491, sdrt-health/mac:02010b41cdec/antenna/tag/e28068940000400386621d4f, 96
1652707679.770638, sdrt-health/mac:02010b41cdec/antenna/tag/e28068940000400386621d4f, 90
1652707679.810215, sdrt-health/mac:02010b41cdec/antenna/tag/e28068940000400386621d4f, 96
1652707679.865072, sdrt-health/mac:02010b41cdec/antenna/tag/e2806894000050038662154f, 91
1652707679.865583, sdrt-health/mac:02010b41cdec/antenna/tag/e2806894000050038661fd4f, 86
1652707679.879949, sdrt-health/mac:02010b41cdec/antenna/tag/e2806894000050038662154f, 88
1652707679.890465, sdrt-health/mac:02010b41cdec/antenna/tag/e2806894000040038662114f, 88
1652707679.895838, sdrt-health/mac:02010b41cdec/antenna/tag/e28068940000400386621d4f, 96
1652707679.896077, sdrt-health/mac:02010b41cdec/antenna/tag/e2806894000050038661fd4f, 86
1652707679.930507, sdrt-health/mac:02010b41cdec/antenna/tag/e2806894000050038661fd4f, 83
1652707679.97036, sdrt-health/mac:02010b41cdec/antenna/tag/e28068940000400386621d4f, 96
1652707679.97088, sdrt-health/mac:02010b41cdec/antenna/tag/e2806894000050038661fd4f, 83
1652707680.023665, sdrt-health/mac:02010b41cdec/antenna/tag/e2806894000040038662114f, 88
1652707680.02392, sdrt-health/mac:02010b41cdec/antenna/tag/e28068940000400386621d4f, 96
1652707680.050629, sdrt-health/mac:02010b41cdec/antenna/tag/e28068940000400386621d4f, 96
1652707680.089869, sdrt-health/mac:02010b41cdec/antenna/tag/e2806894000040038662214f, 94
1652707680.130584, sdrt-health/mac:02010b41cdec/antenna/tag/e2806894000050038662154f, 88
1652707680.213013, sdrt-health/mac:02010b41cdec/antenna/tag/e28068940000400386621d4f, 96
1652707680.213551, sdrt-health/mac:02010b41cdec/antenna/tag/e2806894000040038662114f, 88
1652707680.240627, sdrt-health/mac:02010b41cdec/antenna/tag/e2806894000040038662114f, 88
1652707680.304181, sdrt-health/mac:02010b41cdec/antenna/tag/e28068940000400386621d4f, 96
1652707680.304688, sdrt-health/mac:02010b41cdec/antenna/tag/e28068940000400386621d4f, 96
1652707680.4166, sdrt-health/mac:02010b41cdec/antenna/tag/e28068940000500386620d4f, 81
1652707680.450601, sdrt-health/mac:02010b41cdec/antenna/tag/e2806894000050038661fd4f, 86
1652707680.501817, sdrt-health/mac:02010b41cdec/antenna/tag/e28068940000400386621d4f, 90
1652707680.544396, sdrt-health/mac:02010b41cdec/antenna/tag/e28068940000400386621d4f, 90
1652707680.544827, sdrt-health/mac:02010b41cdec/antenna/tag/e2806894000050038661fd4f, 86
1652707680.545129, sdrt-health/mac:02010b41cdec/antenna/tag/e2806894000050038662154f, 88
1652707680.576451, sdrt-health/mac:02010b41cdec/antenna/tag/e2806894000040038662114f, 85
1652707680.609871, sdrt-health/mac:02010b41cdec/antenna/tag/e2806894000040038662214f, 94
1652707680.650494, sdrt-health/mac:02010b41cdec/antenna/tag/e28068940000500386620d4f, 81
1652707680.717552, sdrt-health/mac:02010b41cdec/antenna/tag/e2806894000040038662114f, 85
1652707680.76056, sdrt-health/mac:02010b41cdec/antenna/tag/e2806894000050038662154f, 91
1652707680.813992, sdrt-health/mac:02010b41cdec/antenna/tag/e2806894000050038662154f, 91
1652707680.814503, sdrt-health/mac:02010b41cdec/antenna/tag/e2806894000040038662114f, 93
1652707680.829205, sdrt-health/mac:02010b41cdec/antenna/tag/e2806894000050038662154f, 91
1652707680.858025, sdrt-health/mac:02010b41cdec/antenna/tag/e28068940000400386621d4f, 96
1652707680.858314, sdrt-health/mac:02010b41cdec/antenna/tag/e2806894000050038661fd4f, 86
1652707680.880435, sdrt-health/mac:02010b41cdec/antenna/tag/e28068940000400386621d4f, 96
1652707680.920441, sdrt-health/mac:02010b41cdec/antenna/tag/e2806894000040038662114f, 93
1652707680.920984, sdrt-health/mac:02010b41cdec/antenna/tag/e2806894000050038661fd4f, 83
1652707680.934704, sdrt-health/mac:02010b41cdec/antenna/tag/e2806894000050038662154f, 91
1652707681.011199, sdrt-health/mac:02010b41cdec/antenna/tag/e2806894000050038662154f, 85
1652707681.099627, sdrt-health/mac:02010b41cdec/antenna/tag/e28068940000500386620d4f, 83
1652707681.129157, sdrt-health/mac:02010b41cdec/antenna/tag/e28068940000400386621d4f, 96
1652707681.12937, sdrt-health/mac:02010b41cdec/antenna/tag/e2806894000050038661fd4f, 83
1652707681.129523, sdrt-health/mac:02010b41cdec/antenna/tag/e2806894000050038662154f, 88
1652707681.142598, sdrt-health/mac:02010b41cdec/antenna/tag/e2806894000040038661f94f, 81
1652707681.142826, sdrt-health/mac:02010b41cdec/antenna/tag/e2806894000040038662114f, 88
1652707681.180892, sdrt-health/mac:02010b41cdec/antenna/tag/e2806894000050038662154f, 91
1652707681.230281, sdrt-health/mac:02010b41cdec/antenna/tag/e28068940000400386621d4f, 90
1652707681.27004, sdrt-health/mac:02010b41cdec/antenna/tag/e2806894000050038662154f, 91
1652707681.325761, sdrt-health/mac:02010b41cdec/antenna/tag/e2806894000040038662114f, 88
1652707681.32627, sdrt-health/mac:02010b41cdec/antenna/tag/e28068940000400386621d4f, 96
1652707681.326629, sdrt-health/mac:02010b41cdec/antenna/tag/e2806894000050038661fd4f, 86
1652707681.349991, sdrt-health/mac:02010b41cdec/antenna/tag/e2806894000050038661fd4f, 86
1652707681.410678, sdrt-health/mac:02010b41cdec/antenna/tag/e2806894000050038661fd4f, 86
1652707681.439624, sdrt-health/mac:02010b41cdec/antenna/tag/e2806894000040038662114f, 88
1652707681.440007, sdrt-health/mac:02010b41cdec/antenna/tag/e2806894000050038662154f, 91
1652707681.440272, sdrt-health/mac:02010b41cdec/antenna/tag/e2806894000040038662114f, 88
1652707681.457903, sdrt-health/mac:02010b41cdec/antenna/tag/e2806894000050038662154f, 91
1652707681.515519, sdrt-health/mac:02010b41cdec/antenna/tag/e2806894000050038661fd4f, 86
1652707681.516029, sdrt-health/mac:02010b41cdec/antenna/tag/e2806894000050038661fd4f, 83
1652707681.540072, sdrt-health/mac:02010b41cdec/antenna/tag/e2806894000050038661fd4f, 83
1652707681.593709, sdrt-health/mac:02010b41cdec/antenna/tag/e28068940000400386621d4f, 96
1652707681.594242, sdrt-health/mac:02010b41cdec/antenna/tag/e2806894000050038661fd4f, 83
1652707681.608056, sdrt-health/mac:02010b41cdec/antenna/tag/e28068940000500386620d4f, 83
1652707681.638867, sdrt-health/mac:02010b41cdec/antenna/tag/e2806894000040038662114f, 91
1652707681.694545, sdrt-health/mac:02010b41cdec/antenna/tag/e28068940000400386621d4f, 96
1652707681.694895, sdrt-health/mac:02010b41cdec/antenna/tag/e2806894000050038661fd4f, 86
1652707681.70802, sdrt-health/mac:02010b41cdec/antenna/tag/e2806894000040038662114f, 88
1652707681.708249, sdrt-health/mac:02010b41cdec/antenna/tag/e2806894000050038661fd4f, 86
1652707681.708417, sdrt-health/mac:02010b41cdec/antenna/tag/e2806894000050038662154f, 88
1652707681.722201, sdrt-health/mac:02010b41cdec/antenna/tag/e2806894000050038661fd4f, 86
1652707681.759884, sdrt-health/mac:02010b41cdec/antenna/tag/e2806894000050038661fd4f, 83
1652707681.799588, sdrt-health/mac:02010b41cdec/antenna/tag/e28068940000400386621d4f, 90
1652707681.854376, sdrt-health/mac:02010b41cdec/antenna/tag/e28068940000400386621d4f, 90
1652707681.854711, sdrt-health/mac:02010b41cdec/antenna/tag/e2806894000050038661fd4f, 86
1652707681.854997, sdrt-health/mac:02010b41cdec/antenna/tag/e2806894000050038661fd4f, 86
1652707681.868346, sdrt-health/mac:02010b41cdec/antenna/tag/e28068940000400386621d4f, 96
1652707681.899801, sdrt-health/mac:02010b41cdec/antenna/tag/e28068940000500386620d4f, 87
1652707681.940479, sdrt-health/mac:02010b41cdec/antenna/tag/e2806894000040038662114f, 88
1652707681.940736, sdrt-health/mac:02010b41cdec/antenna/tag/e2806894000050038661fd4f, 83
1652707681.989971, sdrt-health/mac:02010b41cdec/antenna/tag/e2806894000050038661fd4f, 83
1652707682.045078, sdrt-health/mac:02010b41cdec/antenna/tag/e28068940000400386621d4f, 96
1652707682.045554, sdrt-health/mac:02010b41cdec/antenna/tag/e28068940000400386621d4f, 96
1652707682.069537, sdrt-health/mac:02010b41cdec/antenna/tag/e28068940000500386620d4f, 84
1652707682.110086, sdrt-health/mac:02010b41cdec/antenna/tag/e28068940000500386620d4f, 81
1652707682.163251, sdrt-health/mac:02010b41cdec/antenna/tag/e2806894000040038662114f, 85
1652707682.163738, sdrt-health/mac:02010b41cdec/antenna/tag/e2806894000040038662054f, 94
1652707682.17758, sdrt-health/mac:02010b41cdec/antenna/tag/e2806894000040038662114f, 85
1652707682.190951, sdrt-health/mac:02010b41cdec/antenna/tag/e2806894000040038662114f, 85
1652707682.243542, sdrt-health/mac:02010b41cdec/antenna/tag/e2806894000050038661fd4f, 86
1652707682.244009, sdrt-health/mac:02010b41cdec/antenna/tag/e2806894000040038662114f, 85
1652707682.299849, sdrt-health/mac:02010b41cdec/antenna/tag/e28068940000400386621d4f, 90
1652707682.356141, sdrt-health/mac:02010b41cdec/antenna/tag/e2806894000050038662154f, 88
1652707682.356623, sdrt-health/mac:02010b41cdec/antenna/tag/e2806894000040038662114f, 85
1652707682.370913, sdrt-health/mac:02010b41cdec/antenna/tag/e28068940000400386621d4f, 90
1652707682.444092, sdrt-health/mac:02010b41cdec/antenna/tag/e2806894000050038661fd4f, 86
1652707682.500331, sdrt-health/mac:02010b41cdec/antenna/tag/e2806894000050038662154f, 85
1652707682.500844, sdrt-health/mac:02010b41cdec/antenna/tag/e28068940000400386621d4f, 90
1652707682.540453, sdrt-health/mac:02010b41cdec/antenna/tag/e2806894000050038662194f, 81
1652707682.580438, sdrt-health/mac:02010b41cdec/antenna/tag/e2806894000040038662114f, 85
1652707682.608725, sdrt-health/mac:02010b41cdec/antenna/tag/e2806894000050038662194f, 94
1652707682.608946, sdrt-health/mac:02010b41cdec/antenna/tag/e2806894000050038661fd4f, 83
1652707682.622096, sdrt-health/mac:02010b41cdec/antenna/tag/e2806894000050038662194f, 81
1652707682.622304, sdrt-health/mac:02010b41cdec/antenna/tag/e28068940000500386620d4f, 87
1652707682.659318, sdrt-health/mac:02010b41cdec/antenna/tag/e2806894000050038662154f, 88
1652707682.701032, sdrt-health/mac:02010b41cdec/antenna/tag/e28068940000400386621d4f, 90
1652707682.755149, sdrt-health/mac:02010b41cdec/antenna/tag/e2806894000040038662114f, 88
1652707682.755604, sdrt-health/mac:02010b41cdec/antenna/tag/e2806894000050038661fd4f, 86
1652707682.769539, sdrt-health/mac:02010b41cdec/antenna/tag/e2806894000050038662194f, 83
1652707682.779823, sdrt-health/mac:02010b41cdec/antenna/tag/e2806894000050038661fd4f, 90
1652707682.821039, sdrt-health/mac:02010b41cdec/antenna/tag/e2806894000050038662154f, 88
1652707682.859247, sdrt-health/mac:02010b41cdec/antenna/tag/e28068940000400386621d4f, 96
1652707682.915731, sdrt-health/mac:02010b41cdec/antenna/tag/e2806894000050038661fd4f, 83
1652707682.916342, sdrt-health/mac:02010b41cdec/antenna/tag/e2806894000050038661fd4f, 86
1652707682.9169, sdrt-health/mac:02010b41cdec/antenna/tag/e2806894000050038662154f, 88
1652707682.940108, sdrt-health/mac:02010b41cdec/antenna/tag/e2806894000050038662154f, 88
1652707682.994911, sdrt-health/mac:02010b41cdec/antenna/tag/e28068940000400386621d4f, 90
1652707682.995401, sdrt-health/mac:02010b41cdec/antenna/tag/e2806894000050038662194f, 88
1652707683.008542, sdrt-health/mac:02010b41cdec/antenna/tag/e28068940000500386620d4f, 81
1652707683.034794, sdrt-health/mac:02010b41cdec/antenna/tag/e2806894000040038662114f, 88
1652707683.035152, sdrt-health/mac:02010b41cdec/antenna/tag/e2806894000050038662154f, 88
1652707683.035511, sdrt-health/mac:02010b41cdec/antenna/tag/e2806894000050038661fd4f, 83
1652707683.06833, sdrt-health/mac:02010b41cdec/antenna/tag/e2806894000040038662114f, 88
1652707683.124477, sdrt-health/mac:02010b41cdec/antenna/tag/e28068940000400386621d4f, 96
1652707683.124924, sdrt-health/mac:02010b41cdec/antenna/tag/e28068940000400386621d4f, 90
1652707683.138276, sdrt-health/mac:02010b41cdec/antenna/tag/e2806894000050038661fd4f, 86
1652707683.150133, sdrt-health/mac:02010b41cdec/antenna/tag/e2806894000050038661fd4f, 86
1652707683.152539, sdrt-health/mac:02010b41cdec/antenna/tag/e2806894000050038662154f, 93
1652707683.190112, sdrt-health/mac:02010b41cdec/antenna/tag/e28068940000500386620d4f, 81
1652707683.243389, sdrt-health/mac:02010b41cdec/antenna/tag/e28068940000400386621d4f, 96
1652707683.243671, sdrt-health/mac:02010b41cdec/antenna/tag/e2806894000050038661fd4f, 83
1652707683.257457, sdrt-health/mac:02010b41cdec/antenna/tag/e28068940000400386621d4f, 90
1652707683.269711, sdrt-health/mac:02010b41cdec/antenna/tag/e28068940000500386620d4f, 81
1652707683.270197, sdrt-health/mac:02010b41cdec/antenna/tag/e2806894000050038661fd4f, 83
1652707683.310883, sdrt-health/mac:02010b41cdec/antenna/tag/e2806894000050038661fd4f, 83
1652707683.365832, sdrt-health/mac:02010b41cdec/antenna/tag/e2806894000050038662194f, 81
1652707683.36655, sdrt-health/mac:02010b41cdec/antenna/tag/e2806894000050038662154f, 85
1652707683.39264, sdrt-health/mac:02010b41cdec/antenna/tag/e2806894000050038662194f, 94
1652707683.492439, sdrt-health/mac:02010b41cdec/antenna/tag/e2806894000050038662154f, 85
1652707683.492899, sdrt-health/mac:02010b41cdec/antenna/tag/e2806894000050038662194f, 94
1652707683.530119, sdrt-health/mac:02010b41cdec/antenna/tag/e2806894000050038661fd4f, 83
1652707683.557787, sdrt-health/mac:02010b41cdec/antenna/tag/e2806894000050038661fd4f, 83
1652707683.558005, sdrt-health/mac:02010b41cdec/antenna/tag/e2806894000040038662114f, 85
1652707683.570323, sdrt-health/mac:02010b41cdec/antenna/tag/e2806894000040038662114f, 85
1652707683.610337, sdrt-health/mac:02010b41cdec/antenna/tag/e28068940000400386621d4f, 96
1652707683.650109, sdrt-health/mac:02010b41cdec/antenna/tag/e2806894000050038661fd4f, 86
1652707683.710289, sdrt-health/mac:02010b41cdec/antenna/tag/e28068940000400386621d4f, 77
1652707683.75014, sdrt-health/mac:02010b41cdec/antenna/tag/e2806894000040038662114f, 88
1652707683.790482, sdrt-health/mac:02010b41cdec/antenna/tag/e2806894000050038661fd4f, 86
1652707683.850471, sdrt-health/mac:02010b41cdec/antenna/tag/e28068940000400386621d4f, 90
1652707683.918684, sdrt-health/mac:02010b41cdec/antenna/tag/e2806894000040038662114f, 91
1652707683.984215, sdrt-health/mac:02010b41cdec/antenna/tag/e2806894000040038662114f, 88
1652707683.9856, sdrt-health/mac:02010b41cdec/antenna/tag/e2806894000040038662114f, 91
1652707683.997995, sdrt-health/mac:02010b41cdec/antenna/tag/e2806894000050038661fd4f, 86
1652707684.009835, sdrt-health/mac:02010b41cdec/antenna/tag/e2806894000040038662114f, 91
1652707684.011682, sdrt-health/mac:02010b41cdec/antenna/tag/e2806894000050038662194f, 81
1652707684.050216, sdrt-health/mac:02010b41cdec/antenna/tag/e28068940000400386621d4f, 90
1652707684.090469, sdrt-health/mac:02010b41cdec/antenna/tag/e2806894000050038661fd4f, 86
1652707684.170827, sdrt-health/mac:02010b41cdec/antenna/tag/e28068940000500386620d4f, 81
1652707684.213775, sdrt-health/mac:02010b41cdec/antenna/tag/e28068940000400386621d4f, 96
1652707684.251276, sdrt-health/mac:02010b41cdec/antenna/tag/e2806894000050038661fd4f, 86
1652707684.291186, sdrt-health/mac:02010b41cdec/antenna/tag/e2806894000050038661fd4f, 86
1652707684.321188, sdrt-health/mac:02010b41cdec/antenna/tag/e2806894000050038662154f, 88
1652707684.321513, sdrt-health/mac:02010b41cdec/antenna/tag/e28068940000400386621d4f, 90
1652707684.410827, sdrt-health/mac:02010b41cdec/antenna/tag/e2806894000050038662154f, 88
1652707684.441695, sdrt-health/mac:02010b41cdec/antenna/tag/e2806894000040038662114f, 97
1652707684.441962, sdrt-health/mac:02010b41cdec/antenna/tag/e28068940000400386621d4f, 90
1652707684.473218, sdrt-health/mac:02010b41cdec/antenna/tag/e2806894000040038662114f, 97
1652707684.5111, sdrt-health/mac:02010b41cdec/antenna/tag/e2806894000040038662114f, 88
1652707684.55995, sdrt-health/mac:02010b41cdec/antenna/tag/e28068940000400386621d4f, 96
1652707684.597764, sdrt-health/mac:02010b41cdec/antenna/tag/e28068940000400386621d4f, 96
1652707684.63938, sdrt-health/mac:02010b41cdec/antenna/tag/e2806894000050038662154f, 88
1652707684.679886, sdrt-health/mac:02010b41cdec/antenna/tag/e28068940000400386621d4f, 96
1652707684.774973, sdrt-health/mac:02010b41cdec/antenna/tag/e2806894000050038661fd4f, 83
1652707684.775446, sdrt-health/mac:02010b41cdec/antenna/tag/e28068940000500386620d4f, 83
1652707684.775923, sdrt-health/mac:02010b41cdec/antenna/tag/e2806894000040038662114f, 85
1652707684.788814, sdrt-health/mac:02010b41cdec/antenna/tag/e2806894000050038661fd4f, 83
1652707684.789067, sdrt-health/mac:02010b41cdec/antenna/tag/e2806894000050038662154f, 85
1652707684.809373, sdrt-health/mac:02010b41cdec/antenna/tag/e2806894000040038662114f, 88
1652707684.850158, sdrt-health/mac:02010b41cdec/antenna/tag/e2806894000050038661fd4f, 83
1652707684.901342, sdrt-health/mac:02010b41cdec/antenna/tag/e2806894000050038662154f, 88
1652707684.941145, sdrt-health/mac:02010b41cdec/antenna/tag/e28068940000400386621d4f, 96
1652707684.993321, sdrt-health/mac:02010b41cdec/antenna/tag/e28068940000400386621d4f, 96
1652707684.993823, sdrt-health/mac:02010b41cdec/antenna/tag/e2806894000040038662114f, 88
1652707685.024296, sdrt-health/mac:02010b41cdec/antenna/tag/e2806894000050038661fd4f, 83
1652707685.080797, sdrt-health/mac:02010b41cdec/antenna/tag/e2806894000050038661fd4f, 86
1652707685.081122, sdrt-health/mac:02010b41cdec/antenna/tag/e28068940000500386620d4f, 83
1652707685.095046, sdrt-health/mac:02010b41cdec/antenna/tag/e2806894000050038662154f, 88
1652707685.14006, sdrt-health/mac:02010b41cdec/antenna/tag/e2806894000040038662114f, 85
1652707685.18022, sdrt-health/mac:02010b41cdec/antenna/tag/e28068940000400386621d4f, 96
1652707685.221531, sdrt-health/mac:02010b41cdec/antenna/tag/e2806894000040038662114f, 88
1652707685.275238, sdrt-health/mac:02010b41cdec/antenna/tag/e28068940000400386621d4f, 96
1652707685.275708, sdrt-health/mac:02010b41cdec/antenna/tag/e2806894000040038662114f, 91
1652707685.312916, sdrt-health/mac:02010b41cdec/antenna/tag/e2806894000050038661fd4f, 86
1652707685.375706, sdrt-health/mac:02010b41cdec/antenna/tag/e2806894000040038662114f, 97
1652707685.376215, sdrt-health/mac:02010b41cdec/antenna/tag/e28068940000400386621d4f, 90
1652707685.400335, sdrt-health/mac:02010b41cdec/antenna/tag/e2806894000050038662194f, 81
1652707685.460629, sdrt-health/mac:02010b41cdec/antenna/tag/e2806894000040038662114f, 91
1652707685.500172, sdrt-health/mac:02010b41cdec/antenna/tag/e2806894000040038662114f, 88
1652707685.539919, sdrt-health/mac:02010b41cdec/antenna/tag/e2806894000040038662114f, 85
1652707685.593412, sdrt-health/mac:02010b41cdec/antenna/tag/e28068940000400386621d4f, 96
1652707685.593785, sdrt-health/mac:02010b41cdec/antenna/tag/e2806894000050038662154f, 91
1652707685.607595, sdrt-health/mac:02010b41cdec/antenna/tag/e2806894000050038662154f, 88
1652707685.636384, sdrt-health/mac:02010b41cdec/antenna/tag/e2806894000040038662114f, 91
1652707685.636768, sdrt-health/mac:02010b41cdec/antenna/tag/e2806894000050038662154f, 88
1652707685.660416, sdrt-health/mac:02010b41cdec/antenna/tag/e28068940000400386621d4f, 96
1652707685.686766, sdrt-health/mac:02010b41cdec/antenna/tag/e2806894000050038662154f, 88
1652707685.687219, sdrt-health/mac:02010b41cdec/antenna/tag/e2806894000040038662114f, 85
1652707685.699961, sdrt-health/mac:02010b41cdec/antenna/tag/e2806894000050038662154f, 85
1652707685.70042, sdrt-health/mac:02010b41cdec/antenna/tag/e2806894000050038662194f, 84
1652707685.740004, sdrt-health/mac:02010b41cdec/antenna/tag/e28068940000500386620d4f, 88
1652707685.793907, sdrt-health/mac:02010b41cdec/antenna/tag/e2806894000040038662114f, 88
1652707685.794346, sdrt-health/mac:02010b41cdec/antenna/tag/e2806894000040038661f94f, 94
1652707685.821013, sdrt-health/mac:02010b41cdec/antenna/tag/e2806894000040038662114f, 88
1652707685.875049, sdrt-health/mac:02010b41cdec/antenna/tag/e2806894000050038661fd4f, 86
1652707685.875535, sdrt-health/mac:02010b41cdec/antenna/tag/e2806894000040038662114f, 85
1652707685.899926, sdrt-health/mac:02010b41cdec/antenna/tag/e2806894000050038661fd4f, 86
1652707685.95113, sdrt-health/mac:02010b41cdec/antenna/tag/e28068940000500386620d4f, 94
1652707685.993872, sdrt-health/mac:02010b41cdec/antenna/tag/e2806894000050038661fd4f, 86
1652707686.044388, sdrt-health/mac:02010b41cdec/antenna/tag/e28068940000400386621d4f, 96
1652707686.044785, sdrt-health/mac:02010b41cdec/antenna/tag/e28068940000500386620d4f, 94
1652707686.070459, sdrt-health/mac:02010b41cdec/antenna/tag/e28068940000400386621d4f, 96
1652707686.124353, sdrt-health/mac:02010b41cdec/antenna/tag/e2806894000050038662154f, 97
1652707686.124771, sdrt-health/mac:02010b41cdec/antenna/tag/e2806894000050038662154f, 88
1652707686.137435, sdrt-health/mac:02010b41cdec/antenna/tag/e2806894000040038662114f, 85
1652707686.192488, sdrt-health/mac:02010b41cdec/antenna/tag/e28068940000400386621d4f, 96
1652707686.279576, sdrt-health/mac:02010b41cdec/antenna/tag/e2806894000050038662154f, 88
1652707686.306765, sdrt-health/mac:02010b41cdec/antenna/tag/e28068940000400386621d4f, 96
1652707686.307153, sdrt-health/mac:02010b41cdec/antenna/tag/e2806894000050038661fd4f, 86
1652707686.30741, sdrt-health/mac:02010b41cdec/antenna/tag/e2806894000040038662114f, 88
1652707686.319764, sdrt-health/mac:02010b41cdec/antenna/tag/e2806894000040038662114f, 85
1652707686.359618, sdrt-health/mac:02010b41cdec/antenna/tag/e2806894000050038661fd4f, 90
1652707686.386005, sdrt-health/mac:02010b41cdec/antenna/tag/e28068940000400386621d4f, 96
1652707686.386216, sdrt-health/mac:02010b41cdec/antenna/tag/e2806894000050038662154f, 91
1652707686.386411, sdrt-health/mac:02010b41cdec/antenna/tag/e2806894000050038661fd4f, 86
1652707686.400761, sdrt-health/mac:02010b41cdec/antenna/tag/e2806894000040038662114f, 85
1652707686.461068, sdrt-health/mac:02010b41cdec/antenna/tag/e2806894000050038661fd4f, 86
1652707686.461566, sdrt-health/mac:02010b41cdec/antenna/tag/e2806894000050038661fd4f, 86
1652707686.475029, sdrt-health/mac:02010b41cdec/antenna/tag/e2806894000040038662114f, 88
1652707686.475523, sdrt-health/mac:02010b41cdec/antenna/tag/e28068940000400386621d4f, 96
1652707686.489471, sdrt-health/mac:02010b41cdec/antenna/tag/e2806894000050038662154f, 91
1652707686.491104, sdrt-health/mac:02010b41cdec/antenna/tag/e2806894000050038662154f, 88
1652707686.530342, sdrt-health/mac:02010b41cdec/antenna/tag/e2806894000050038661fd4f, 86
1652707686.530701, sdrt-health/mac:02010b41cdec/antenna/tag/e2806894000050038661fd4f, 83
1652707686.57005, sdrt-health/mac:02010b41cdec/antenna/tag/e2806894000050038661fd4f, 86
1652707686.626444, sdrt-health/mac:02010b41cdec/antenna/tag/e2806894000040038662214f, 84
1652707686.626913, sdrt-health/mac:02010b41cdec/antenna/tag/e2806894000040038662214f, 84
1652707686.661154, sdrt-health/mac:02010b41cdec/antenna/tag/e2806894000050038661fd4f, 83
1652707686.688948, sdrt-health/mac:02010b41cdec/antenna/tag/e2806894000050038662154f, 85
1652707686.689467, sdrt-health/mac:02010b41cdec/antenna/tag/e28068940000400386621d4f, 77
1652707686.701599, sdrt-health/mac:02010b41cdec/antenna/tag/e2806894000040038662114f, 85
1652707686.740007, sdrt-health/mac:02010b41cdec/antenna/tag/e28068940000400386621d4f, 96
1652707686.740243, sdrt-health/mac:02010b41cdec/antenna/tag/e28068940000400386621d4f, 96
1652707686.830236, sdrt-health/mac:02010b41cdec/antenna/tag/e2806894000050038662154f, 91
1652707686.883864, sdrt-health/mac:02010b41cdec/antenna/tag/e2806894000040038662114f, 85
1652707686.884345, sdrt-health/mac:02010b41cdec/antenna/tag/e2806894000040038662114f, 91
1652707686.897389, sdrt-health/mac:02010b41cdec/antenna/tag/e2806894000050038662154f, 88
1652707686.897859, sdrt-health/mac:02010b41cdec/antenna/tag/e2806894000050038662154f, 88
1652707686.898195, sdrt-health/mac:02010b41cdec/antenna/tag/e2806894000050038661fd4f, 86
1652707686.909146, sdrt-health/mac:02010b41cdec/antenna/tag/e2806894000050038662154f, 85
1652707686.950583, sdrt-health/mac:02010b41cdec/antenna/tag/e28068940000500386620d4f, 94
1652707686.989838, sdrt-health/mac:02010b41cdec/antenna/tag/e2806894000040038662114f, 88
1652707687.080707, sdrt-health/mac:02010b41cdec/antenna/tag/e2806894000040038662114f, 85
1652707687.120701, sdrt-health/mac:02010b41cdec/antenna/tag/e28068940000500386620d4f, 81
1652707687.175498, sdrt-health/mac:02010b41cdec/antenna/tag/e2806894000050038662154f, 85
1652707687.175947, sdrt-health/mac:02010b41cdec/antenna/tag/e28068940000500386620d4f, 83
1652707687.200137, sdrt-health/mac:02010b41cdec/antenna/tag/e2806894000050038662154f, 88
1652707687.240012, sdrt-health/mac:02010b41cdec/antenna/tag/e2806894000050038662154f, 88
1652707687.281124, sdrt-health/mac:02010b41cdec/antenna/tag/e2806894000040038662114f, 85
1652707687.320726, sdrt-health/mac:02010b41cdec/antenna/tag/e2806894000050038662154f, 91
1652707687.360878, sdrt-health/mac:02010b41cdec/antenna/tag/e2806894000050038662154f, 91
1652707687.414294, sdrt-health/mac:02010b41cdec/antenna/tag/e2806894000050038661fd4f, 86
1652707687.4146, sdrt-health/mac:02010b41cdec/antenna/tag/e2806894000040038662114f, 85
1652707687.428262, sdrt-health/mac:02010b41cdec/antenna/tag/e2806894000050038661fd4f, 86
1652707687.452878, sdrt-health/mac:02010b41cdec/antenna/tag/e28068940000400386621d4f, 96
1652707687.503333, sdrt-health/mac:02010b41cdec/antenna/tag/e2806894000050038661fd4f, 86
1652707687.50379, sdrt-health/mac:02010b41cdec/antenna/tag/e2806894000050038661fd4f, 83
1652707687.529803, sdrt-health/mac:02010b41cdec/antenna/tag/e28068940000400386621d4f, 96
1652707687.570013, sdrt-health/mac:02010b41cdec/antenna/tag/e28068940000500386620d4f, 81
1652707687.613916, sdrt-health/mac:02010b41cdec/antenna/tag/e2806894000050038662154f, 91
1652707687.651131, sdrt-health/mac:02010b41cdec/antenna/tag/e28068940000400386621d4f, 96
1652707687.705857, sdrt-health/mac:02010b41cdec/antenna/tag/e2806894000050038661fd4f, 86
1652707687.706272, sdrt-health/mac:02010b41cdec/antenna/tag/e2806894000040038662114f, 85
1652707687.720619, sdrt-health/mac:02010b41cdec/antenna/tag/e2806894000050038662154f, 91
1652707687.764409, sdrt-health/mac:02010b41cdec/antenna/tag/e2806894000040038662114f, 88
1652707687.764858, sdrt-health/mac:02010b41cdec/antenna/tag/e2806894000040038662054f, 84
1652707687.790365, sdrt-health/mac:02010b41cdec/antenna/tag/e2806894000040038662114f, 88
1652707687.846876, sdrt-health/mac:02010b41cdec/antenna/tag/e2806894000050038662154f, 88
1652707687.847329, sdrt-health/mac:02010b41cdec/antenna/tag/e2806894000050038662154f, 88
1652707687.861741, sdrt-health/mac:02010b41cdec/antenna/tag/e28068940000400386621d4f, 96
1652707687.86221, sdrt-health/mac:02010b41cdec/antenna/tag/e28068940000400386621d4f, 96
1652707687.87163, sdrt-health/mac:02010b41cdec/antenna/tag/e28068940000400386621d4f, 96
1652707687.876237, sdrt-health/mac:02010b41cdec/antenna/tag/e28068940000400386621d4f, 96
1652707687.928358, sdrt-health/mac:02010b41cdec/antenna/tag/e2806894000040038662114f, 88
1652707687.929499, sdrt-health/mac:02010b41cdec/antenna/tag/e2806894000050038661fd4f, 86
1652707687.942919, sdrt-health/mac:02010b41cdec/antenna/tag/e2806894000040038662114f, 88
1652707687.990199, sdrt-health/mac:02010b41cdec/antenna/tag/e28068940000400386621d4f, 90
1652707688.030693, sdrt-health/mac:02010b41cdec/antenna/tag/e28068940000400386621d4f, 96
1652707688.086299, sdrt-health/mac:02010b41cdec/antenna/tag/e2806894000050038662194f, 94
1652707688.086808, sdrt-health/mac:02010b41cdec/antenna/tag/e28068940000500386620d4f, 94
1652707688.103003, sdrt-health/mac:02010b41cdec/antenna/tag/e2806894000050038661fd4f, 83
1652707688.110675, sdrt-health/mac:02010b41cdec/antenna/tag/e28068940000400386621d4f, 96
1652707688.151492, sdrt-health/mac:02010b41cdec/antenna/tag/e2806894000040038662114f, 88
1652707688.190439, sdrt-health/mac:02010b41cdec/antenna/tag/e28068940000400386621d4f, 90
1652707688.24964, sdrt-health/mac:02010b41cdec/antenna/tag/e2806894000050038662154f, 88
1652707688.250208, sdrt-health/mac:02010b41cdec/antenna/tag/e2806894000040038662114f, 91
1652707688.25055, sdrt-health/mac:02010b41cdec/antenna/tag/e2806894000040038662114f, 88
1652707688.270392, sdrt-health/mac:02010b41cdec/antenna/tag/e2806894000050038661fd4f, 83
1652707688.333076, sdrt-health/mac:02010b41cdec/antenna/tag/e28068940000400386621d4f, 90
1652707688.333632, sdrt-health/mac:02010b41cdec/antenna/tag/e2806894000050038662154f, 91
1652707688.360663, sdrt-health/mac:02010b41cdec/antenna/tag/e28068940000400386621d4f, 90
1652707688.415131, sdrt-health/mac:02010b41cdec/antenna/tag/e28068940000400386621d4f, 90
1652707688.415458, sdrt-health/mac:02010b41cdec/antenna/tag/e28068940000400386621d4f, 96
1652707688.448676, sdrt-health/mac:02010b41cdec/antenna/tag/e28068940000500386620d4f, 81
1652707688.490807, sdrt-health/mac:02010b41cdec/antenna/tag/e28068940000400386621d4f, 96
1652707688.546243, sdrt-health/mac:02010b41cdec/antenna/tag/e28068940000500386620d4f, 83
1652707688.546773, sdrt-health/mac:02010b41cdec/antenna/tag/e28068940000400386621d4f, 96
1652707688.560092, sdrt-health/mac:02010b41cdec/antenna/tag/e2806894000050038662154f, 85
1652707688.57119, sdrt-health/mac:02010b41cdec/antenna/tag/e28068940000400386621d4f, 96
1652707688.645824, sdrt-health/mac:02010b41cdec/antenna/tag/e28068940000500386620d4f, 81
1652707688.67138, sdrt-health/mac:02010b41cdec/antenna/tag/e28068940000400386621d4f, 96
1652707688.704931, sdrt-health/mac:02010b41cdec/antenna/tag/e2806894000050038662154f, 88
1652707688.758804, sdrt-health/mac:02010b41cdec/antenna/tag/e2806894000050038661fd4f, 83
1652707688.759202, sdrt-health/mac:02010b41cdec/antenna/tag/e28068940000400386621d4f, 96
1652707688.759439, sdrt-health/mac:02010b41cdec/antenna/tag/e2806894000050038662154f, 88
1652707688.781014, sdrt-health/mac:02010b41cdec/antenna/tag/e2806894000050038662154f, 88
1652707688.830707, sdrt-health/mac:02010b41cdec/antenna/tag/e28068940000400386621d4f, 96
1652707688.901891, sdrt-health/mac:02010b41cdec/antenna/tag/e2806894000050038661fd4f, 86
1652707688.9024, sdrt-health/mac:02010b41cdec/antenna/tag/e2806894000050038661fd4f, 86
1652707688.902797, sdrt-health/mac:02010b41cdec/antenna/tag/e2806894000040038662114f, 88
1652707688.918172, sdrt-health/mac:02010b41cdec/antenna/tag/e2806894000040038662114f, 91
1652707688.941559, sdrt-health/mac:02010b41cdec/antenna/tag/e28068940000400386621d4f, 96
1652707688.981742, sdrt-health/mac:02010b41cdec/antenna/tag/e2806894000050038662154f, 88
1652707689.034458, sdrt-health/mac:02010b41cdec/antenna/tag/e28068940000400386621d4f, 90
1652707689.034898, sdrt-health/mac:02010b41cdec/antenna/tag/e28068940000500386620d4f, 81
1652707689.059828, sdrt-health/mac:02010b41cdec/antenna/tag/e28068940000400386621d4f, 96
1652707689.132091, sdrt-health/mac:02010b41cdec/antenna/tag/e28068940000500386620d4f, 81
1652707689.132606, sdrt-health/mac:02010b41cdec/antenna/tag/e2806894000050038662194f, 81
1652707689.162114, sdrt-health/mac:02010b41cdec/antenna/tag/e28068940000500386620d4f, 81
1652707689.211258, sdrt-health/mac:02010b41cdec/antenna/tag/e2806894000050038661fd4f, 86
1652707689.253398, sdrt-health/mac:02010b41cdec/antenna/tag/e28068940000400386621d4f, 96
1652707689.305829, sdrt-health/mac:02010b41cdec/antenna/tag/e2806894000040038662114f, 91
1652707689.306252, sdrt-health/mac:02010b41cdec/antenna/tag/e28068940000400386621d4f, 90
1652707689.320577, sdrt-health/mac:02010b41cdec/antenna/tag/e2806894000040038662114f, 93
1652707689.331507, sdrt-health/mac:02010b41cdec/antenna/tag/e2806894000040038662114f, 85
1652707689.335243, sdrt-health/mac:02010b41cdec/antenna/tag/e2806894000050038661fd4f, 86
1652707689.371509, sdrt-health/mac:02010b41cdec/antenna/tag/e2806894000040038662114f, 88
1652707689.477394, sdrt-health/mac:02010b41cdec/antenna/tag/e2806894000050038662154f, 88
1652707689.47785, sdrt-health/mac:02010b41cdec/antenna/tag/e28068940000500386620d4f, 81
1652707689.500767, sdrt-health/mac:02010b41cdec/antenna/tag/e2806894000050038661fd4f, 83
1652707689.539709, sdrt-health/mac:02010b41cdec/antenna/tag/e28068940000400386621d4f, 96
1652707689.581336, sdrt-health/mac:02010b41cdec/antenna/tag/e2806894000040038662114f, 91
1652707689.615592, sdrt-health/mac:02010b41cdec/antenna/tag/e28068940000400386621d4f, 96
1652707689.616205, sdrt-health/mac:02010b41cdec/antenna/tag/e2806894000050038661fd4f, 86
1652707689.630129, sdrt-health/mac:02010b41cdec/antenna/tag/e2806894000040038662114f, 85
1652707689.630332, sdrt-health/mac:02010b41cdec/antenna/tag/e2806894000050038662154f, 91
1652707689.630466, sdrt-health/mac:02010b41cdec/antenna/tag/e2806894000050038662154f, 97
1652707689.660725, sdrt-health/mac:02010b41cdec/antenna/tag/e28068940000400386621d4f, 96
1652707689.700581, sdrt-health/mac:02010b41cdec/antenna/tag/e2806894000040038662114f, 88
1652707689.741302, sdrt-health/mac:02010b41cdec/antenna/tag/e2806894000050038662154f, 88
1652707689.796437, sdrt-health/mac:02010b41cdec/antenna/tag/e28068940000400386621d4f, 96
1652707689.796928, sdrt-health/mac:02010b41cdec/antenna/tag/e2806894000040038662114f, 85
1652707689.821696, sdrt-health/mac:02010b41cdec/antenna/tag/e28068940000500386620d4f, 81
1652707689.875477, sdrt-health/mac:02010b41cdec/antenna/tag/e2806894000040038662114f, 88
1652707689.875926, sdrt-health/mac:02010b41cdec/antenna/tag/e2806894000050038662154f, 88
1652707689.971937, sdrt-health/mac:02010b41cdec/antenna/tag/e2806894000050038661fd4f, 83
1652707690.022612, sdrt-health/mac:02010b41cdec/antenna/tag/e2806894000050038662154f, 85
1652707690.061035, sdrt-health/mac:02010b41cdec/antenna/tag/e28068940000400386621d4f, 96
1652707690.108789, sdrt-health/mac:02010b41cdec/antenna/tag/e2806894000040038662114f, 91
1652707690.165962, sdrt-health/mac:02010b41cdec/antenna/tag/e2806894000050038662154f, 85
1652707690.166465, sdrt-health/mac:02010b41cdec/antenna/tag/e2806894000040038662114f, 85
1652707690.179119, sdrt-health/mac:02010b41cdec/antenna/tag/e28068940000400386621d4f, 90
1652707690.19064, sdrt-health/mac:02010b41cdec/antenna/tag/e28068940000500386620d4f, 81
1652707690.231794, sdrt-health/mac:02010b41cdec/antenna/tag/e2806894000050038661fd4f, 83
1652707690.269943, sdrt-health/mac:02010b41cdec/antenna/tag/e28068940000500386620d4f, 84
1652707690.315605, sdrt-health/mac:02010b41cdec/antenna/tag/e2806894000050038662194f, 81
1652707690.351251, sdrt-health/mac:02010b41cdec/antenna/tag/e2806894000050038661fd4f, 90
1652707690.400479, sdrt-health/mac:02010b41cdec/antenna/tag/e2806894000050038662154f, 91
1652707690.476085, sdrt-health/mac:02010b41cdec/antenna/tag/e2806894000040038662114f, 88
1652707690.476543, sdrt-health/mac:02010b41cdec/antenna/tag/e2806894000050038662154f, 88
1652707690.49067, sdrt-health/mac:02010b41cdec/antenna/tag/e2806894000040038662114f, 91
1652707690.525891, sdrt-health/mac:02010b41cdec/antenna/tag/e2806894000050038661fd4f, 86
1652707690.526234, sdrt-health/mac:02010b41cdec/antenna/tag/e2806894000050038662194f, 81
1652707690.539634, sdrt-health/mac:02010b41cdec/antenna/tag/e28068940000400386621d4f, 90
1652707690.539856, sdrt-health/mac:02010b41cdec/antenna/tag/e2806894000050038661fd4f, 86
1652707690.550793, sdrt-health/mac:02010b41cdec/antenna/tag/e2806894000040038662114f, 88
1652707690.554875, sdrt-health/mac:02010b41cdec/antenna/tag/e2806894000040038662114f, 91
1652707690.590919, sdrt-health/mac:02010b41cdec/antenna/tag/e2806894000040038662114f, 88
1652707690.630404, sdrt-health/mac:02010b41cdec/antenna/tag/e28068940000400386621d4f, 77
1652707690.683772, sdrt-health/mac:02010b41cdec/antenna/tag/e2806894000040038662114f, 85
1652707690.684266, sdrt-health/mac:02010b41cdec/antenna/tag/e28068940000500386620d4f, 81
1652707690.697453, sdrt-health/mac:02010b41cdec/antenna/tag/e2806894000050038661fd4f, 86
1652707690.710801, sdrt-health/mac:02010b41cdec/antenna/tag/e2806894000040038661f94f, 94
1652707690.750283, sdrt-health/mac:02010b41cdec/antenna/tag/e2806894000050038661fd4f, 86
1652707690.806032, sdrt-health/mac:02010b41cdec/antenna/tag/e2806894000050038661fd4f, 90
1652707690.806462, sdrt-health/mac:02010b41cdec/antenna/tag/e28068940000400386621d4f, 96
1652707690.820788, sdrt-health/mac:02010b41cdec/antenna/tag/e2806894000050038661fd4f, 86
1652707690.857122, sdrt-health/mac:02010b41cdec/antenna/tag/e2806894000040038662114f, 91
1652707690.857456, sdrt-health/mac:02010b41cdec/antenna/tag/e2806894000050038662154f, 88
1652707690.891661, sdrt-health/mac:02010b41cdec/antenna/tag/e2806894000040038662114f, 91
1652707690.92078, sdrt-health/mac:02010b41cdec/antenna/tag/e2806894000040038662114f, 88
1652707690.921151, sdrt-health/mac:02010b41cdec/antenna/tag/e2806894000050038662154f, 85
1652707690.935409, sdrt-health/mac:02010b41cdec/antenna/tag/e2806894000040038662114f, 91
1652707690.972344, sdrt-health/mac:02010b41cdec/antenna/tag/e2806894000040038662114f, 88
1652707691.010279, sdrt-health/mac:02010b41cdec/antenna/tag/e28068940000400386621d4f, 96
1652707691.051992, sdrt-health/mac:02010b41cdec/antenna/tag/e28068940000500386620d4f, 81
1652707691.107493, sdrt-health/mac:02010b41cdec/antenna/tag/e2806894000050038662154f, 88
1652707691.10799, sdrt-health/mac:02010b41cdec/antenna/tag/e28068940000500386620d4f, 83
1652707691.130419, sdrt-health/mac:02010b41cdec/antenna/tag/e28068940000500386620d4f, 83
1652707691.170834, sdrt-health/mac:02010b41cdec/antenna/tag/e2806894000050038662154f, 85
1652707691.211047, sdrt-health/mac:02010b41cdec/antenna/tag/e28068940000400386621d4f, 90
1652707691.258803, sdrt-health/mac:02010b41cdec/antenna/tag/e28068940000400386621d4f, 96
1652707691.316486, sdrt-health/mac:02010b41cdec/antenna/tag/e28068940000500386620d4f, 94
1652707691.317054, sdrt-health/mac:02010b41cdec/antenna/tag/e2806894000050038662154f, 88
1652707691.331576, sdrt-health/mac:02010b41cdec/antenna/tag/e2806894000050038662194f, 81
1652707691.340186, sdrt-health/mac:02010b41cdec/antenna/tag/e2806894000040038662114f, 85
1652707691.344928, sdrt-health/mac:02010b41cdec/antenna/tag/e2806894000050038662194f, 81
1652707691.345123, sdrt-health/mac:02010b41cdec/antenna/tag/e28068940000500386620d4f, 88
1652707691.381129, sdrt-health/mac:02010b41cdec/antenna/tag/e2806894000040038662114f, 88
1652707691.421266, sdrt-health/mac:02010b41cdec/antenna/tag/e2806894000050038662154f, 91
1652707691.46179, sdrt-health/mac:02010b41cdec/antenna/tag/e2806894000050038661fd4f, 83
1652707691.527284, sdrt-health/mac:02010b41cdec/antenna/tag/e2806894000040038662114f, 88
1652707691.527762, sdrt-health/mac:02010b41cdec/antenna/tag/e2806894000050038662154f, 88
1652707691.56169, sdrt-health/mac:02010b41cdec/antenna/tag/e28068940000500386620d4f, 81
1652707691.712436, sdrt-health/mac:02010b41cdec/antenna/tag/e2806894000050038662154f, 88
1652707691.750956, sdrt-health/mac:02010b41cdec/antenna/tag/e28068940000400386621d4f, 90
1652707691.811839, sdrt-health/mac:02010b41cdec/antenna/tag/e2806894000050038661fd4f, 86
1652707691.850577, sdrt-health/mac:02010b41cdec/antenna/tag/e28068940000400386621d4f, 90
1652707691.879079, sdrt-health/mac:02010b41cdec/antenna/tag/e28068940000400386621d4f, 90
1652707691.879295, sdrt-health/mac:02010b41cdec/antenna/tag/e2806894000050038661fd4f, 86
1652707691.900369, sdrt-health/mac:02010b41cdec/antenna/tag/e28068940000400386621d4f, 96
1652707691.930198, sdrt-health/mac:02010b41cdec/antenna/tag/e2806894000050038661fd4f, 86
1652707691.930535, sdrt-health/mac:02010b41cdec/antenna/tag/e2806894000050038662194f, 81
1652707691.961076, sdrt-health/mac:02010b41cdec/antenna/tag/e2806894000050038662154f, 88
1652707692.014195, sdrt-health/mac:02010b41cdec/antenna/tag/e2806894000040038662114f, 91
1652707692.014531, sdrt-health/mac:02010b41cdec/antenna/tag/e2806894000050038662194f, 81
1652707692.043476, sdrt-health/mac:02010b41cdec/antenna/tag/e28068940000400386621d4f, 96
1652707692.09173, sdrt-health/mac:02010b41cdec/antenna/tag/e28068940000400386621d4f, 96
1652707692.130947, sdrt-health/mac:02010b41cdec/antenna/tag/e2806894000050038661fd4f, 86
1652707692.170812, sdrt-health/mac:02010b41cdec/antenna/tag/e2806894000040038662114f, 88
1652707692.288921, sdrt-health/mac:02010b41cdec/antenna/tag/e2806894000050038662154f, 85
1652707692.289397, sdrt-health/mac:02010b41cdec/antenna/tag/e28068940000400386621d4f, 96
1652707692.334696, sdrt-health/mac:02010b41cdec/antenna/tag/e2806894000050038661fd4f, 83
1652707692.370489, sdrt-health/mac:02010b41cdec/antenna/tag/e2806894000050038661fd4f, 86
1652707692.446521, sdrt-health/mac:02010b41cdec/antenna/tag/e2806894000050038662154f, 91
1652707692.447083, sdrt-health/mac:02010b41cdec/antenna/tag/e2806894000050038662194f, 84
1652707692.471787, sdrt-health/mac:02010b41cdec/antenna/tag/e2806894000040038662114f, 88
1652707692.575791, sdrt-health/mac:02010b41cdec/antenna/tag/e2806894000050038662154f, 91
1652707692.576309, sdrt-health/mac:02010b41cdec/antenna/tag/e2806894000050038661fd4f, 83
1652707692.601097, sdrt-health/mac:02010b41cdec/antenna/tag/e2806894000050038661fd4f, 83
1652707692.630218, sdrt-health/mac:02010b41cdec/antenna/tag/e2806894000050038662154f, 88
1652707692.630588, sdrt-health/mac:02010b41cdec/antenna/tag/e2806894000040038662114f, 88
1652707692.644836, sdrt-health/mac:02010b41cdec/antenna/tag/e2806894000040038662114f, 85
1652707692.645134, sdrt-health/mac:02010b41cdec/antenna/tag/e2806894000050038661fd4f, 86
1652707692.692227, sdrt-health/mac:02010b41cdec/antenna/tag/e2806894000050038661fd4f, 83
1652707692.722542, sdrt-health/mac:02010b41cdec/antenna/tag/e2806894000040038662114f, 88
1652707692.722948, sdrt-health/mac:02010b41cdec/antenna/tag/e2806894000040038662114f, 88
1652707692.741614, sdrt-health/mac:02010b41cdec/antenna/tag/e2806894000050038661fd4f, 90
1652707692.842737, sdrt-health/mac:02010b41cdec/antenna/tag/e2806894000040038662114f, 88
1652707692.843218, sdrt-health/mac:02010b41cdec/antenna/tag/e2806894000040038662114f, 88
1652707692.865802, sdrt-health/mac:02010b41cdec/antenna/tag/e2806894000050038661fd4f, 86
1652707692.866252, sdrt-health/mac:02010b41cdec/antenna/tag/e28068940000400386621d4f, 96
1652707692.886965, sdrt-health/mac:02010b41cdec/antenna/tag/e2806894000050038662154f, 91
1652707692.963449, sdrt-health/mac:02010b41cdec/antenna/tag/e2806894000040038662114f, 85
1652707692.963895, sdrt-health/mac:02010b41cdec/antenna/tag/e2806894000050038661fd4f, 86
1652707692.964293, sdrt-health/mac:02010b41cdec/antenna/tag/e2806894000050038661fd4f, 86
1652707692.98923, sdrt-health/mac:02010b41cdec/antenna/tag/e2806894000050038662154f, 88
1652707692.990019, sdrt-health/mac:02010b41cdec/antenna/tag/e2806894000050038661fd4f, 83
1652707693.054812, sdrt-health/mac:02010b41cdec/antenna/tag/e2806894000050038662154f, 88
1652707693.055339, sdrt-health/mac:02010b41cdec/antenna/tag/e2806894000050038662154f, 88
1652707693.055681, sdrt-health/mac:02010b41cdec/antenna/tag/e2806894000040038662114f, 88
1652707693.081235, sdrt-health/mac:02010b41cdec/antenna/tag/e2806894000040038662214f, 88
1652707693.12077, sdrt-health/mac:02010b41cdec/antenna/tag/e2806894000040038662214f, 88
1652707693.159693, sdrt-health/mac:02010b41cdec/antenna/tag/e28068940000500386620d4f, 83
1652707693.199531, sdrt-health/mac:02010b41cdec/antenna/tag/e2806894000050038661fd4f, 86
1652707693.243115, sdrt-health/mac:02010b41cdec/antenna/tag/e2806894000040038662114f, 88
1652707693.290978, sdrt-health/mac:02010b41cdec/antenna/tag/e28068940000400386621d4f, 96
1652707693.331671, sdrt-health/mac:02010b41cdec/antenna/tag/e2806894000050038662154f, 85
1652707693.3946, sdrt-health/mac:02010b41cdec/antenna/tag/e28068940000400386621d4f, 96
1652707693.395167, sdrt-health/mac:02010b41cdec/antenna/tag/e2806894000050038661fd4f, 86
1652707693.395506, sdrt-health/mac:02010b41cdec/antenna/tag/e2806894000040038662114f, 91
1652707693.408236, sdrt-health/mac:02010b41cdec/antenna/tag/e2806894000050038662154f, 88
1652707693.431309, sdrt-health/mac:02010b41cdec/antenna/tag/e2806894000050038662154f, 88
1652707693.482832, sdrt-health/mac:02010b41cdec/antenna/tag/e2806894000050038662154f, 85
1652707693.483328, sdrt-health/mac:02010b41cdec/antenna/tag/e2806894000050038662154f, 88
1652707693.509436, sdrt-health/mac:02010b41cdec/antenna/tag/e28068940000400386621d4f, 96
1652707693.551306, sdrt-health/mac:02010b41cdec/antenna/tag/e2806894000050038661fd4f, 86
1652707693.604773, sdrt-health/mac:02010b41cdec/antenna/tag/e2806894000050038662154f, 88
1652707693.605362, sdrt-health/mac:02010b41cdec/antenna/tag/e2806894000050038662154f, 88
1652707693.630118, sdrt-health/mac:02010b41cdec/antenna/tag/e28068940000400386621d4f, 90
1652707693.846685, sdrt-health/mac:02010b41cdec/antenna/tag/e2806894000050038661fd4f, 83
1652707693.847257, sdrt-health/mac:02010b41cdec/antenna/tag/scan, scan stopped
