1652708001.0702, sdrt-health/mac:02010b41cdec/antenna/power/set, {"power": 290}
1652708002.137978, sdrt-health/mac:02010b41cdec/antenna/power/set, 
1652708006.0924, sdrt-health/mac:02010b41cdec/antenna/tag/scan, {"time": 20000}
1652708006.46038, sdrt-health/mac:02010b41cdec/antenna/tag/e2806894000050038662194f, 94
1652708006.510699, sdrt-health/mac:02010b41cdec/antenna/tag/e2806894000040038662114f, 88
1652708006.54026, sdrt-health/mac:02010b41cdec/antenna/tag/e2806894000040038662054f, 94
1652708006.540507, sdrt-health/mac:02010b41cdec/antenna/tag/e2806894000050038662154f, 88
1652708006.540714, sdrt-health/mac:02010b41cdec/antenna/tag/e28068940000500386620d4f, 88
1652708006.569799, sdrt-health/mac:02010b41cdec/antenna/tag/e28068940000500386620d4f, 81
1652708006.660762, sdrt-health/mac:02010b41cdec/antenna/tag/e2806894000040038662114f, 91
1652708006.708513, sdrt-health/mac:02010b41cdec/antenna/tag/e28068940000400386621d4f, 96
1652708006.748875, sdrt-health/mac:02010b41cdec/antenna/tag/e28068940000400386621d4f, 77
1652708006.789842, sdrt-health/mac:02010b41cdec/antenna/tag/e28068940000500386620d4f, 81
1652708006.848775, sdrt-health/mac:02010b41cdec/antenna/tag/e2806894000050038661fd4f, 83
1652708006.849225, sdrt-health/mac:02010b41cdec/antenna/tag/e2806894000050038661fd4f, 83
1652708006.863813, sdrt-health/mac:02010b41cdec/antenna/tag/e2806894000050038662154f, 88
1652708006.869985, sdrt-health/mac:02010b41cdec/antenna/tag/e2806894000050038661fd4f, 83
1652708006.950488, sdrt-health/mac:02010b41cdec/antenna/tag/e28068940000400386621d4f, 90
1652708007.01978, sdrt-health/mac:02010b41cdec/antenna/tag/e28068940000400386621d4f, 96
1652708007.059363, sdrt-health/mac:02010b41cdec/antenna/tag/e2806894000040038662114f, 91
1652708007.10014, sdrt-health/mac:02010b41cdec/antenna/tag/e2806894000050038662154f, 88
1652708007.163802, sdrt-health/mac:02010b41cdec/antenna/tag/e2806894000050038661fd4f, 86
1652708007.164344, sdrt-health/mac:02010b41cdec/antenna/tag/e2806894000050038662154f, 88
1652708007.164701, sdrt-health/mac:02010b41cdec/antenna/tag/e2806894000050038662154f, 88
1652708007.183169, sdrt-health/mac:02010b41cdec/antenna/tag/e28068940000400386621d4f, 96
1652708007.225132, sdrt-health/mac:02010b41cdec/antenna/tag/e2806894000050038662154f, 85
1652708007.30053, sdrt-health/mac:02010b41cdec/antenna/tag/e28068940000400386621d4f, 96
1652708007.346998, sdrt-health/mac:02010b41cdec/antenna/tag/e2806894000040038662114f, 91
1652708007.388922, sdrt-health/mac:02010b41cdec/antenna/tag/e28068940000500386620d4f, 81
1652708007.430798, sdrt-health/mac:02010b41cdec/antenna/tag/e2806894000050038662194f, 94
1652708007.491917, sdrt-health/mac:02010b41cdec/antenna/tag/e2806894000050038661fd4f, 86
1652708007.492611, sdrt-health/mac:02010b41cdec/antenna/tag/e28068940000500386620d4f, 83
1652708007.506578, sdrt-health/mac:02010b41cdec/antenna/tag/e2806894000040038662114f, 88
1652708007.554897, sdrt-health/mac:02010b41cdec/antenna/tag/e28068940000400386621d4f, 96
1652708007.555295, sdrt-health/mac:02010b41cdec/antenna/tag/e2806894000050038661fd4f, 86
1652708007.579494, sdrt-health/mac:02010b41cdec/antenna/tag/e2806894000040038662114f, 88
1652708007.636668, sdrt-health/mac:02010b41cdec/antenna/tag/e2806894000040038662114f, 88
1652708007.6372, sdrt-health/mac:02010b41cdec/antenna/tag/e2806894000050038662154f, 91
1652708007.652723, sdrt-health/mac:02010b41cdec/antenna/tag/e2806894000050038662154f, 97
1652708007.70117, sdrt-health/mac:02010b41cdec/antenna/tag/e28068940000500386620d4f, 83
1652708007.747489, sdrt-health/mac:02010b41cdec/antenna/tag/e2806894000050038662154f, 88
1652708007.806148, sdrt-health/mac:02010b41cdec/antenna/tag/e2806894000040038662114f, 88
1652708007.806696, sdrt-health/mac:02010b41cdec/antenna/tag/e2806894000040038662114f, 85
1652708007.830814, sdrt-health/mac:02010b41cdec/antenna/tag/e2806894000040038661f94f, 94
1652708007.877632, sdrt-health/mac:02010b41cdec/antenna/tag/e2806894000040038661f94f, 81
1652708007.941537, sdrt-health/mac:02010b41cdec/antenna/tag/e2806894000040038662114f, 91
1652708007.979705, sdrt-health/mac:02010b41cdec/antenna/tag/e2806894000050038661fd4f, 86
1652708008.021324, sdrt-health/mac:02010b41cdec/antenna/tag/e28068940000400386621d4f, 96
1652708008.074192, sdrt-health/mac:02010b41cdec/antenna/tag/e2806894000050038662154f, 88
1652708008.11, sdrt-health/mac:02010b41cdec/antenna/tag/e28068940000500386620d4f, 81
1652708008.150337, sdrt-health/mac:02010b41cdec/antenna/tag/e2806894000050038662194f, 81
1652708008.205576, sdrt-health/mac:02010b41cdec/antenna/tag/e2806894000050038662154f, 88
1652708008.205829, sdrt-health/mac:02010b41cdec/antenna/tag/e2806894000050038661fd4f, 86
1652708008.2592, sdrt-health/mac:02010b41cdec/antenna/tag/e2806894000040038662114f, 88
1652708008.301204, sdrt-health/mac:02010b41cdec/antenna/tag/e2806894000050038661fd4f, 83
1652708008.342816, sdrt-health/mac:02010b41cdec/antenna/tag/e2806894000040038662214f, 81
1652708008.394898, sdrt-health/mac:02010b41cdec/antenna/tag/e2806894000050038662154f, 85
1652708008.395407, sdrt-health/mac:02010b41cdec/antenna/tag/e28068940000400386621d4f, 96
1652708008.40985, sdrt-health/mac:02010b41cdec/antenna/tag/e2806894000040038662114f, 91
1652708008.420872, sdrt-health/mac:02010b41cdec/antenna/tag/e28068940000500386620d4f, 85
1652708008.46029, sdrt-health/mac:02010b41cdec/antenna/tag/e2806894000050038662154f, 91
1652708008.517982, sdrt-health/mac:02010b41cdec/antenna/tag/e2806894000050038662154f, 91
1652708008.518499, sdrt-health/mac:02010b41cdec/antenna/tag/e2806894000040038662114f, 85
1652708008.537315, sdrt-health/mac:02010b41cdec/antenna/tag/e2806894000050038662154f, 91
1652708008.541044, sdrt-health/mac:02010b41cdec/antenna/tag/e2806894000050038661fd4f, 86
1652708008.631071, sdrt-health/mac:02010b41cdec/antenna/tag/e2806894000040038662114f, 88
1652708008.701898, sdrt-health/mac:02010b41cdec/antenna/tag/e28068940000400386621d4f, 96
1652708008.74162, sdrt-health/mac:02010b41cdec/antenna/tag/e2806894000050038662154f, 88
1652708008.798395, sdrt-health/mac:02010b41cdec/antenna/tag/e2806894000040038662114f, 88
1652708008.798872, sdrt-health/mac:02010b41cdec/antenna/tag/e28068940000400386621d4f, 96
1652708008.830699, sdrt-health/mac:02010b41cdec/antenna/tag/e2806894000050038661fd4f, 86
1652708008.870644, sdrt-health/mac:02010b41cdec/antenna/tag/e2806894000050038661fd4f, 86
1652708008.901829, sdrt-health/mac:02010b41cdec/antenna/tag/e2806894000040038662114f, 88
1652708008.90213, sdrt-health/mac:02010b41cdec/antenna/tag/e28068940000400386621d4f, 96
1652708008.918041, sdrt-health/mac:02010b41cdec/antenna/tag/e28068940000500386620d4f, 83
1652708008.918267, sdrt-health/mac:02010b41cdec/antenna/tag/e2806894000050038662154f, 88
1652708008.918439, sdrt-health/mac:02010b41cdec/antenna/tag/e2806894000050038661fd4f, 86
1652708008.959172, sdrt-health/mac:02010b41cdec/antenna/tag/e2806894000040038661f94f, 81
1652708009.001976, sdrt-health/mac:02010b41cdec/antenna/tag/e28068940000500386620d4f, 81
1652708009.057123, sdrt-health/mac:02010b41cdec/antenna/tag/e2806894000040038662114f, 88
1652708009.057578, sdrt-health/mac:02010b41cdec/antenna/tag/e2806894000050038662154f, 88
1652708009.072906, sdrt-health/mac:02010b41cdec/antenna/tag/e2806894000040038661f94f, 94
1652708009.073221, sdrt-health/mac:02010b41cdec/antenna/tag/e28068940000500386620d4f, 83
1652708009.082158, sdrt-health/mac:02010b41cdec/antenna/tag/e28068940000500386620d4f, 81
1652708009.122704, sdrt-health/mac:02010b41cdec/antenna/tag/e28068940000500386620d4f, 87
1652708009.160774, sdrt-health/mac:02010b41cdec/antenna/tag/e28068940000400386621d4f, 96
1652708009.217192, sdrt-health/mac:02010b41cdec/antenna/tag/e28068940000400386621d4f, 96
1652708009.217392, sdrt-health/mac:02010b41cdec/antenna/tag/e2806894000040038661f94f, 94
1652708009.240949, sdrt-health/mac:02010b41cdec/antenna/tag/e28068940000500386620d4f, 81
1652708009.281341, sdrt-health/mac:02010b41cdec/antenna/tag/e2806894000050038661fd4f, 83
1652708009.365767, sdrt-health/mac:02010b41cdec/antenna/tag/e2806894000040038662114f, 85
1652708009.366224, sdrt-health/mac:02010b41cdec/antenna/tag/e2806894000040038661f94f, 81
1652708009.390987, sdrt-health/mac:02010b41cdec/antenna/tag/e2806894000040038661f94f, 94
1652708009.445973, sdrt-health/mac:02010b41cdec/antenna/tag/e28068940000400386621d4f, 96
1652708009.446516, sdrt-health/mac:02010b41cdec/antenna/tag/e2806894000050038661fd4f, 83
1652708009.462309, sdrt-health/mac:02010b41cdec/antenna/tag/e2806894000050038662154f, 88
1652708009.49031, sdrt-health/mac:02010b41cdec/antenna/tag/e2806894000050038662154f, 88
1652708009.531015, sdrt-health/mac:02010b41cdec/antenna/tag/e28068940000500386620d4f, 84
1652708009.586303, sdrt-health/mac:02010b41cdec/antenna/tag/e2806894000050038662194f, 94
1652708009.586761, sdrt-health/mac:02010b41cdec/antenna/tag/e28068940000500386620d4f, 94
1652708009.602093, sdrt-health/mac:02010b41cdec/antenna/tag/e2806894000050038661fd4f, 86
1652708009.610916, sdrt-health/mac:02010b41cdec/antenna/tag/e2806894000040038662114f, 97
1652708009.652192, sdrt-health/mac:02010b41cdec/antenna/tag/e2806894000050038662194f, 83
1652708009.70625, sdrt-health/mac:02010b41cdec/antenna/tag/e2806894000040038662114f, 91
1652708009.70678, sdrt-health/mac:02010b41cdec/antenna/tag/e2806894000040038662114f, 97
1652708009.741393, sdrt-health/mac:02010b41cdec/antenna/tag/e2806894000050038662154f, 85
1652708009.781668, sdrt-health/mac:02010b41cdec/antenna/tag/e2806894000040038662214f, 88
1652708009.82195, sdrt-health/mac:02010b41cdec/antenna/tag/e2806894000050038662154f, 85
1652708009.854, sdrt-health/mac:02010b41cdec/antenna/tag/e28068940000400386621d4f, 96
1652708009.854295, sdrt-health/mac:02010b41cdec/antenna/tag/e28068940000500386620d4f, 81
1652708009.881217, sdrt-health/mac:02010b41cdec/antenna/tag/e28068940000400386621d4f, 77
1652708009.922312, sdrt-health/mac:02010b41cdec/antenna/tag/e2806894000040038662114f, 88
1652708009.953255, sdrt-health/mac:02010b41cdec/antenna/tag/e2806894000040038662114f, 88
1652708009.953438, sdrt-health/mac:02010b41cdec/antenna/tag/e28068940000400386621d4f, 96
1652708009.953558, sdrt-health/mac:02010b41cdec/antenna/tag/e2806894000050038661fd4f, 86
1652708009.969439, sdrt-health/mac:02010b41cdec/antenna/tag/e2806894000040038661f94f, 83
1652708009.969695, sdrt-health/mac:02010b41cdec/antenna/tag/e2806894000050038661fd4f, 86
1652708010.010833, sdrt-health/mac:02010b41cdec/antenna/tag/e2806894000040038662114f, 85
1652708010.06091, sdrt-health/mac:02010b41cdec/antenna/tag/e2806894000050038662154f, 88
1652708010.094131, sdrt-health/mac:02010b41cdec/antenna/tag/e2806894000040038662114f, 88
1652708010.094711, sdrt-health/mac:02010b41cdec/antenna/tag/e28068940000400386621d4f, 96
1652708010.109408, sdrt-health/mac:02010b41cdec/antenna/tag/e2806894000050038661fd4f, 86
1652708010.109808, sdrt-health/mac:02010b41cdec/antenna/tag/e2806894000040038662114f, 88
1652708010.110121, sdrt-health/mac:02010b41cdec/antenna/tag/e2806894000050038661fd4f, 86
1652708010.140914, sdrt-health/mac:02010b41cdec/antenna/tag/e2806894000050038661fd4f, 83
1652708010.180711, sdrt-health/mac:02010b41cdec/antenna/tag/e2806894000050038661fd4f, 83
1652708010.212405, sdrt-health/mac:02010b41cdec/antenna/tag/e2806894000040038662214f, 88
1652708010.212736, sdrt-health/mac:02010b41cdec/antenna/tag/e2806894000050038662154f, 85
1652708010.229238, sdrt-health/mac:02010b41cdec/antenna/tag/e2806894000040038662214f, 84
1652708010.290857, sdrt-health/mac:02010b41cdec/antenna/tag/e2806894000050038662154f, 91
1652708010.332047, sdrt-health/mac:02010b41cdec/antenna/tag/e28068940000400386621d4f, 96
1652708010.397127, sdrt-health/mac:02010b41cdec/antenna/tag/e28068940000400386621d4f, 96
1652708010.397613, sdrt-health/mac:02010b41cdec/antenna/tag/e2806894000050038662154f, 91
1652708010.421833, sdrt-health/mac:02010b41cdec/antenna/tag/e28068940000400386621d4f, 96
1652708010.453627, sdrt-health/mac:02010b41cdec/antenna/tag/e2806894000050038661fd4f, 86
1652708010.453989, sdrt-health/mac:02010b41cdec/antenna/tag/e2806894000040038662114f, 88
1652708010.469787, sdrt-health/mac:02010b41cdec/antenna/tag/e28068940000400386621d4f, 96
1652708010.469981, sdrt-health/mac:02010b41cdec/antenna/tag/e2806894000050038661fd4f, 90
1652708010.52173, sdrt-health/mac:02010b41cdec/antenna/tag/e28068940000400386621d4f, 96
1652708010.560423, sdrt-health/mac:02010b41cdec/antenna/tag/e2806894000040038662114f, 88
1652708010.591027, sdrt-health/mac:02010b41cdec/antenna/tag/e2806894000050038661fd4f, 90
1652708010.591282, sdrt-health/mac:02010b41cdec/antenna/tag/e28068940000400386621d4f, 96
1652708010.605185, sdrt-health/mac:02010b41cdec/antenna/tag/e28068940000500386620d4f, 81
1652708010.605426, sdrt-health/mac:02010b41cdec/antenna/tag/e28068940000400386621d4f, 96
1652708010.658574, sdrt-health/mac:02010b41cdec/antenna/tag/e2806894000050038661fd4f, 90
1652708010.690094, sdrt-health/mac:02010b41cdec/antenna/tag/e28068940000500386620d4f, 83
1652708010.690432, sdrt-health/mac:02010b41cdec/antenna/tag/e28068940000400386621d4f, 96
1652708010.70548, sdrt-health/mac:02010b41cdec/antenna/tag/e2806894000050038661fd4f, 86
1652708010.769844, sdrt-health/mac:02010b41cdec/antenna/tag/e28068940000400386621d4f, 96
1652708010.810691, sdrt-health/mac:02010b41cdec/antenna/tag/e28068940000500386620d4f, 81
1652708010.850594, sdrt-health/mac:02010b41cdec/antenna/tag/e28068940000400386621d4f, 96
1652708010.889433, sdrt-health/mac:02010b41cdec/antenna/tag/e28068940000400386621d4f, 96
1652708010.956491, sdrt-health/mac:02010b41cdec/antenna/tag/e2806894000050038662154f, 88
1652708010.957094, sdrt-health/mac:02010b41cdec/antenna/tag/e2806894000050038661fd4f, 90
1652708010.979801, sdrt-health/mac:02010b41cdec/antenna/tag/e28068940000400386621d4f, 90
1652708011.020378, sdrt-health/mac:02010b41cdec/antenna/tag/e2806894000050038662154f, 88
1652708011.061087, sdrt-health/mac:02010b41cdec/antenna/tag/e2806894000050038662154f, 85
1652708011.10117, sdrt-health/mac:02010b41cdec/antenna/tag/e2806894000050038662194f, 110
1652708011.101627, sdrt-health/mac:02010b41cdec/antenna/tag/e2806894000050038661fd4f, 83
1652708011.141362, sdrt-health/mac:02010b41cdec/antenna/tag/e2806894000050038662154f, 88
1652708011.181114, sdrt-health/mac:02010b41cdec/antenna/tag/e2806894000040038662114f, 88
1652708011.220647, sdrt-health/mac:02010b41cdec/antenna/tag/e28068940000400386621d4f, 77
1652708011.277058, sdrt-health/mac:02010b41cdec/antenna/tag/e2806894000050038662154f, 93
1652708011.277718, sdrt-health/mac:02010b41cdec/antenna/tag/e2806894000040038661f94f, 82
1652708011.299839, sdrt-health/mac:02010b41cdec/antenna/tag/e2806894000040038662114f, 85
1652708011.341673, sdrt-health/mac:02010b41cdec/antenna/tag/e28068940000400386621d4f, 77
1652708011.398663, sdrt-health/mac:02010b41cdec/antenna/tag/e2806894000040038662114f, 88
1652708011.399203, sdrt-health/mac:02010b41cdec/antenna/tag/e28068940000400386621d4f, 96
1652708011.414132, sdrt-health/mac:02010b41cdec/antenna/tag/e2806894000040038662114f, 88
1652708011.414545, sdrt-health/mac:02010b41cdec/antenna/tag/e28068940000400386621d4f, 96
1652708011.414956, sdrt-health/mac:02010b41cdec/antenna/tag/e2806894000050038661fd4f, 86
1652708011.430914, sdrt-health/mac:02010b41cdec/antenna/tag/e2806894000050038662014f, 84
1652708011.470351, sdrt-health/mac:02010b41cdec/antenna/tag/e2806894000050038661fd4f, 86
1652708011.525897, sdrt-health/mac:02010b41cdec/antenna/tag/e2806894000050038661fd4f, 86
1652708011.526547, sdrt-health/mac:02010b41cdec/antenna/tag/e2806894000050038661fd4f, 86
1652708011.541447, sdrt-health/mac:02010b41cdec/antenna/tag/e2806894000050038662154f, 91
1652708011.561749, sdrt-health/mac:02010b41cdec/antenna/tag/e2806894000050038662194f, 94
1652708011.600994, sdrt-health/mac:02010b41cdec/antenna/tag/e28068940000400386621d4f, 96
1652708011.656568, sdrt-health/mac:02010b41cdec/antenna/tag/e28068940000500386620d4f, 81
1652708011.657143, sdrt-health/mac:02010b41cdec/antenna/tag/e28068940000500386620d4f, 81
1652708011.671233, sdrt-health/mac:02010b41cdec/antenna/tag/e28068940000400386621d4f, 96
1652708011.702225, sdrt-health/mac:02010b41cdec/antenna/tag/e2806894000050038661fd4f, 86
1652708011.702471, sdrt-health/mac:02010b41cdec/antenna/tag/e2806894000050038662154f, 91
1652708011.730982, sdrt-health/mac:02010b41cdec/antenna/tag/e2806894000050038662194f, 94
1652708011.772317, sdrt-health/mac:02010b41cdec/antenna/tag/e28068940000500386620d4f, 87
1652708011.850362, sdrt-health/mac:02010b41cdec/antenna/tag/e28068940000500386620d4f, 94
1652708011.901856, sdrt-health/mac:02010b41cdec/antenna/tag/e2806894000050038661fd4f, 86
1652708011.932179, sdrt-health/mac:02010b41cdec/antenna/tag/e2806894000050038661fd4f, 86
1652708011.932586, sdrt-health/mac:02010b41cdec/antenna/tag/e28068940000400386621d4f, 96
1652708011.972162, sdrt-health/mac:02010b41cdec/antenna/tag/e2806894000050038661fd4f, 83
1652708012.011089, sdrt-health/mac:02010b41cdec/antenna/tag/e2806894000050038662154f, 88
1652708012.066743, sdrt-health/mac:02010b41cdec/antenna/tag/e2806894000040038662114f, 88
1652708012.067299, sdrt-health/mac:02010b41cdec/antenna/tag/e2806894000050038662154f, 88
1652708012.082051, sdrt-health/mac:02010b41cdec/antenna/tag/e2806894000040038661f94f, 81
1652708012.091575, sdrt-health/mac:02010b41cdec/antenna/tag/e28068940000400386621d4f, 90
1652708012.100992, sdrt-health/mac:02010b41cdec/antenna/tag/e2806894000040038662114f, 91
1652708012.101192, sdrt-health/mac:02010b41cdec/antenna/tag/e2806894000050038662154f, 88
1652708012.130929, sdrt-health/mac:02010b41cdec/antenna/tag/e28068940000400386621d4f, 96
1652708012.217197, sdrt-health/mac:02010b41cdec/antenna/tag/e2806894000050038661fd4f, 83
1652708012.217713, sdrt-health/mac:02010b41cdec/antenna/tag/e28068940000400386621d4f, 96
1652708012.240622, sdrt-health/mac:02010b41cdec/antenna/tag/e2806894000050038661fd4f, 86
1652708012.273571, sdrt-health/mac:02010b41cdec/antenna/tag/e2806894000040038662114f, 88
1652708012.27402, sdrt-health/mac:02010b41cdec/antenna/tag/e2806894000050038662154f, 85
1652708012.28977, sdrt-health/mac:02010b41cdec/antenna/tag/e28068940000400386621d4f, 96
1652708012.290131, sdrt-health/mac:02010b41cdec/antenna/tag/e2806894000050038662154f, 88
1652708012.320866, sdrt-health/mac:02010b41cdec/antenna/tag/e2806894000050038661fd4f, 86
1652708012.362032, sdrt-health/mac:02010b41cdec/antenna/tag/e2806894000050038661fd4f, 83
1652708012.400977, sdrt-health/mac:02010b41cdec/antenna/tag/e2806894000050038662154f, 88
1652708012.433114, sdrt-health/mac:02010b41cdec/antenna/tag/e28068940000500386620d4f, 94
1652708012.433389, sdrt-health/mac:02010b41cdec/antenna/tag/e28068940000400386621d4f, 96
1652708012.448842, sdrt-health/mac:02010b41cdec/antenna/tag/e28068940000400386621d4f, 77
1652708012.449177, sdrt-health/mac:02010b41cdec/antenna/tag/e28068940000500386620d4f, 83
1652708012.480338, sdrt-health/mac:02010b41cdec/antenna/tag/e2806894000050038662154f, 88
1652708012.530382, sdrt-health/mac:02010b41cdec/antenna/tag/e28068940000500386620d4f, 83
1652708012.570268, sdrt-health/mac:02010b41cdec/antenna/tag/e2806894000040038661f94f, 88
1652708012.611403, sdrt-health/mac:02010b41cdec/antenna/tag/e28068940000400386621d4f, 96
1652708012.666943, sdrt-health/mac:02010b41cdec/antenna/tag/e2806894000040038661f94f, 88
1652708012.667383, sdrt-health/mac:02010b41cdec/antenna/tag/e28068940000400386621d4f, 77
1652708012.682474, sdrt-health/mac:02010b41cdec/antenna/tag/e28068940000500386620d4f, 81
1652708012.688907, sdrt-health/mac:02010b41cdec/antenna/tag/e2806894000050038661fd4f, 83
1652708012.729628, sdrt-health/mac:02010b41cdec/antenna/tag/e2806894000050038662194f, 94
1652708012.770817, sdrt-health/mac:02010b41cdec/antenna/tag/e2806894000040038662114f, 88
1652708012.811096, sdrt-health/mac:02010b41cdec/antenna/tag/e28068940000500386620d4f, 84
1652708012.850281, sdrt-health/mac:02010b41cdec/antenna/tag/e2806894000040038662214f, 83
1652708012.89153, sdrt-health/mac:02010b41cdec/antenna/tag/e28068940000500386620d4f, 81
1652708012.930645, sdrt-health/mac:02010b41cdec/antenna/tag/e2806894000040038661f94f, 81
1652708012.970845, sdrt-health/mac:02010b41cdec/antenna/tag/e2806894000050038662194f, 94
1652708013.009839, sdrt-health/mac:02010b41cdec/antenna/tag/e2806894000050038661fd4f, 86
1652708013.066668, sdrt-health/mac:02010b41cdec/antenna/tag/e28068940000400386621d4f, 96
1652708013.067236, sdrt-health/mac:02010b41cdec/antenna/tag/e2806894000050038661fd4f, 86
1652708013.099945, sdrt-health/mac:02010b41cdec/antenna/tag/e28068940000400386621d4f, 90
1652708013.155369, sdrt-health/mac:02010b41cdec/antenna/tag/e2806894000050038662154f, 91
1652708013.155823, sdrt-health/mac:02010b41cdec/antenna/tag/e2806894000050038661fd4f, 86
1652708013.181219, sdrt-health/mac:02010b41cdec/antenna/tag/e2806894000050038662194f, 81
1652708013.237069, sdrt-health/mac:02010b41cdec/antenna/tag/e28068940000500386620d4f, 94
1652708013.237421, sdrt-health/mac:02010b41cdec/antenna/tag/e28068940000400386621d4f, 96
1652708013.251452, sdrt-health/mac:02010b41cdec/antenna/tag/e2806894000050038661fd4f, 86
1652708013.282031, sdrt-health/mac:02010b41cdec/antenna/tag/e2806894000040038662114f, 88
1652708013.28234, sdrt-health/mac:02010b41cdec/antenna/tag/e2806894000050038662154f, 85
1652708013.309743, sdrt-health/mac:02010b41cdec/antenna/tag/e28068940000400386621d4f, 96
1652708013.344524, sdrt-health/mac:02010b41cdec/antenna/tag/e28068940000500386620d4f, 83
1652708013.345036, sdrt-health/mac:02010b41cdec/antenna/tag/e2806894000050038662154f, 88
1652708013.390468, sdrt-health/mac:02010b41cdec/antenna/tag/e28068940000400386621d4f, 96
1652708013.430289, sdrt-health/mac:02010b41cdec/antenna/tag/e28068940000400386621d4f, 96
1652708013.485689, sdrt-health/mac:02010b41cdec/antenna/tag/e2806894000050038662154f, 88
1652708013.486194, sdrt-health/mac:02010b41cdec/antenna/tag/e2806894000050038662154f, 88
1652708013.502241, sdrt-health/mac:02010b41cdec/antenna/tag/e2806894000050038661fd4f, 90
1652708013.502739, sdrt-health/mac:02010b41cdec/antenna/tag/e2806894000040038662114f, 91
1652708013.520848, sdrt-health/mac:02010b41cdec/antenna/tag/e28068940000500386620d4f, 88
1652708013.560736, sdrt-health/mac:02010b41cdec/antenna/tag/e2806894000050038661fd4f, 90
1652708013.620457, sdrt-health/mac:02010b41cdec/antenna/tag/e2806894000050038662194f, 81
1652708013.676474, sdrt-health/mac:02010b41cdec/antenna/tag/e28068940000400386621d4f, 96
1652708013.676833, sdrt-health/mac:02010b41cdec/antenna/tag/e2806894000040038662054f, 81
1652708013.691841, sdrt-health/mac:02010b41cdec/antenna/tag/e28068940000500386620d4f, 81
1652708013.701158, sdrt-health/mac:02010b41cdec/antenna/tag/e2806894000050038662194f, 84
1652708013.770636, sdrt-health/mac:02010b41cdec/antenna/tag/e2806894000050038661fd4f, 86
1652708013.818117, sdrt-health/mac:02010b41cdec/antenna/tag/e28068940000500386620d4f, 94
1652708013.874781, sdrt-health/mac:02010b41cdec/antenna/tag/e2806894000050038662194f, 94
1652708013.875268, sdrt-health/mac:02010b41cdec/antenna/tag/e28068940000400386621d4f, 77
1652708013.888895, sdrt-health/mac:02010b41cdec/antenna/tag/e28068940000500386620d4f, 83
1652708013.898815, sdrt-health/mac:02010b41cdec/antenna/tag/e28068940000500386620d4f, 81
1652708013.940063, sdrt-health/mac:02010b41cdec/antenna/tag/e2806894000040038662114f, 88
1652708013.99498, sdrt-health/mac:02010b41cdec/antenna/tag/e2806894000050038662154f, 85
1652708013.995428, sdrt-health/mac:02010b41cdec/antenna/tag/e28068940000400386621d4f, 77
1652708014.009696, sdrt-health/mac:02010b41cdec/antenna/tag/e2806894000050038661fd4f, 83
1652708014.040283, sdrt-health/mac:02010b41cdec/antenna/tag/e2806894000040038662114f, 88
1652708014.040693, sdrt-health/mac:02010b41cdec/antenna/tag/e2806894000040038662114f, 88
1652708014.060596, sdrt-health/mac:02010b41cdec/antenna/tag/e28068940000400386621d4f, 96
1652708014.099481, sdrt-health/mac:02010b41cdec/antenna/tag/e28068940000400386621d4f, 96
1652708014.15409, sdrt-health/mac:02010b41cdec/antenna/tag/e2806894000040038662114f, 85
1652708014.154528, sdrt-health/mac:02010b41cdec/antenna/tag/e2806894000040038662114f, 88
1652708014.18009, sdrt-health/mac:02010b41cdec/antenna/tag/e2806894000050038662154f, 88
1652708014.211443, sdrt-health/mac:02010b41cdec/antenna/tag/e28068940000400386621d4f, 96
1652708014.21164, sdrt-health/mac:02010b41cdec/antenna/tag/e2806894000050038662194f, 94
1652708014.241237, sdrt-health/mac:02010b41cdec/antenna/tag/e2806894000040038662114f, 88
1652708014.290827, sdrt-health/mac:02010b41cdec/antenna/tag/e28068940000400386621d4f, 96
1652708014.330115, sdrt-health/mac:02010b41cdec/antenna/tag/e2806894000040038662114f, 91
1652708014.378063, sdrt-health/mac:02010b41cdec/antenna/tag/e2806894000050038662154f, 88
1652708014.426596, sdrt-health/mac:02010b41cdec/antenna/tag/e2806894000050038661fd4f, 90
1652708014.427383, sdrt-health/mac:02010b41cdec/antenna/tag/e2806894000040038662114f, 88
1652708014.454029, sdrt-health/mac:02010b41cdec/antenna/tag/e2806894000050038662154f, 91
1652708014.502467, sdrt-health/mac:02010b41cdec/antenna/tag/e28068940000500386620d4f, 94
1652708014.540759, sdrt-health/mac:02010b41cdec/antenna/tag/e28068940000500386620d4f, 94
1652708014.582412, sdrt-health/mac:02010b41cdec/antenna/tag/e2806894000050038662194f, 81
1652708014.63603, sdrt-health/mac:02010b41cdec/antenna/tag/e28068940000400386621d4f, 96
1652708014.636514, sdrt-health/mac:02010b41cdec/antenna/tag/e2806894000050038661fd4f, 86
1652708014.650675, sdrt-health/mac:02010b41cdec/antenna/tag/e2806894000050038662154f, 88
1652708014.680521, sdrt-health/mac:02010b41cdec/antenna/tag/e28068940000400386621d4f, 96
1652708014.720903, sdrt-health/mac:02010b41cdec/antenna/tag/e2806894000040038662114f, 85
1652708014.777122, sdrt-health/mac:02010b41cdec/antenna/tag/e2806894000050038661fd4f, 86
1652708014.777563, sdrt-health/mac:02010b41cdec/antenna/tag/e2806894000050038661fd4f, 83
1652708014.792503, sdrt-health/mac:02010b41cdec/antenna/tag/e28068940000400386621d4f, 96
1652708014.811731, sdrt-health/mac:02010b41cdec/antenna/tag/e28068940000400386621d4f, 96
1652708014.860162, sdrt-health/mac:02010b41cdec/antenna/tag/e2806894000050038661fd4f, 86
1652708014.918399, sdrt-health/mac:02010b41cdec/antenna/tag/e2806894000050038661fd4f, 86
1652708014.918991, sdrt-health/mac:02010b41cdec/antenna/tag/e2806894000040038662114f, 88
1652708014.932292, sdrt-health/mac:02010b41cdec/antenna/tag/e2806894000050038662194f, 81
1652708014.941235, sdrt-health/mac:02010b41cdec/antenna/tag/e2806894000050038661fd4f, 86
1652708014.979361, sdrt-health/mac:02010b41cdec/antenna/tag/e2806894000050038662154f, 91
1652708015.035456, sdrt-health/mac:02010b41cdec/antenna/tag/e2806894000050038662154f, 91
1652708015.035927, sdrt-health/mac:02010b41cdec/antenna/tag/e2806894000050038661fd4f, 86
1652708015.051205, sdrt-health/mac:02010b41cdec/antenna/tag/e2806894000050038662154f, 88
1652708015.081859, sdrt-health/mac:02010b41cdec/antenna/tag/e2806894000050038661fd4f, 86
1652708015.12988, sdrt-health/mac:02010b41cdec/antenna/tag/e2806894000050038662154f, 88
1652708015.16098, sdrt-health/mac:02010b41cdec/antenna/tag/e2806894000050038662194f, 87
1652708015.161365, sdrt-health/mac:02010b41cdec/antenna/tag/e2806894000050038662154f, 85
1652708015.203848, sdrt-health/mac:02010b41cdec/antenna/tag/e2806894000050038661fd4f, 86
1652708015.247774, sdrt-health/mac:02010b41cdec/antenna/tag/e2806894000050038661fd4f, 83
1652708015.305946, sdrt-health/mac:02010b41cdec/antenna/tag/e28068940000400386621d4f, 96
1652708015.306488, sdrt-health/mac:02010b41cdec/antenna/tag/e2806894000050038662154f, 88
1652708015.324272, sdrt-health/mac:02010b41cdec/antenna/tag/e2806894000040038662114f, 88
1652708015.350445, sdrt-health/mac:02010b41cdec/antenna/tag/e2806894000050038661fd4f, 86
1652708015.420873, sdrt-health/mac:02010b41cdec/antenna/tag/e28068940000400386621d4f, 96
1652708015.421321, sdrt-health/mac:02010b41cdec/antenna/tag/e2806894000040038662114f, 85
1652708015.440657, sdrt-health/mac:02010b41cdec/antenna/tag/e28068940000400386621d4f, 96
1652708015.44107, sdrt-health/mac:02010b41cdec/antenna/tag/e2806894000050038662154f, 91
1652708015.441389, sdrt-health/mac:02010b41cdec/antenna/tag/e28068940000400386621d4f, 96
1652708015.482014, sdrt-health/mac:02010b41cdec/antenna/tag/e2806894000050038662154f, 88
1652708015.536719, sdrt-health/mac:02010b41cdec/antenna/tag/e2806894000050038662154f, 85
1652708015.53719, sdrt-health/mac:02010b41cdec/antenna/tag/e28068940000400386621d4f, 96
1652708015.537575, sdrt-health/mac:02010b41cdec/antenna/tag/e2806894000050038662154f, 88
1652708015.551984, sdrt-health/mac:02010b41cdec/antenna/tag/e2806894000040038662114f, 88
1652708015.561438, sdrt-health/mac:02010b41cdec/antenna/tag/e2806894000050038661fd4f, 86
1652708015.566738, sdrt-health/mac:02010b41cdec/antenna/tag/e28068940000400386621d4f, 96
1652708015.567096, sdrt-health/mac:02010b41cdec/antenna/tag/e2806894000040038662114f, 85
1652708015.600891, sdrt-health/mac:02010b41cdec/antenna/tag/e28068940000400386621d4f, 96
1652708015.641414, sdrt-health/mac:02010b41cdec/antenna/tag/e2806894000050038661fd4f, 83
1652708015.704851, sdrt-health/mac:02010b41cdec/antenna/tag/e2806894000040038662114f, 88
1652708015.705296, sdrt-health/mac:02010b41cdec/antenna/tag/e28068940000400386621d4f, 96
1652708015.705664, sdrt-health/mac:02010b41cdec/antenna/tag/e2806894000050038661fd4f, 86
1652708015.719904, sdrt-health/mac:02010b41cdec/antenna/tag/e28068940000400386621d4f, 96
1652708015.731021, sdrt-health/mac:02010b41cdec/antenna/tag/e28068940000400386621d4f, 77
1652708015.799401, sdrt-health/mac:02010b41cdec/antenna/tag/e2806894000050038661fd4f, 83
1652708015.839624, sdrt-health/mac:02010b41cdec/antenna/tag/e28068940000500386620d4f, 81
1652708015.879165, sdrt-health/mac:02010b41cdec/antenna/tag/e28068940000400386621d4f, 96
1652708015.935426, sdrt-health/mac:02010b41cdec/antenna/tag/e2806894000050038662154f, 91
1652708015.935925, sdrt-health/mac:02010b41cdec/antenna/tag/e2806894000050038662154f, 88
1652708015.936277, sdrt-health/mac:02010b41cdec/antenna/tag/e2806894000040038662114f, 85
1652708015.95061, sdrt-health/mac:02010b41cdec/antenna/tag/e28068940000400386621d4f, 96
1652708015.999037, sdrt-health/mac:02010b41cdec/antenna/tag/e2806894000050038661fd4f, 86
1652708016.041172, sdrt-health/mac:02010b41cdec/antenna/tag/e2806894000050038662194f, 84
1652708016.080382, sdrt-health/mac:02010b41cdec/antenna/tag/e28068940000500386620d4f, 94
1652708016.122343, sdrt-health/mac:02010b41cdec/antenna/tag/e2806894000040038662114f, 91
1652708016.160848, sdrt-health/mac:02010b41cdec/antenna/tag/e2806894000050038661fd4f, 86
1652708016.217142, sdrt-health/mac:02010b41cdec/antenna/tag/e2806894000050038662194f, 84
1652708016.21759, sdrt-health/mac:02010b41cdec/antenna/tag/e2806894000050038661fd4f, 86
1652708016.233313, sdrt-health/mac:02010b41cdec/antenna/tag/e2806894000040038662114f, 91
1652708016.259717, sdrt-health/mac:02010b41cdec/antenna/tag/e28068940000400386621d4f, 77
1652708016.300844, sdrt-health/mac:02010b41cdec/antenna/tag/e2806894000050038662154f, 85
1652708016.339646, sdrt-health/mac:02010b41cdec/antenna/tag/e28068940000400386621d4f, 77
1652708016.379986, sdrt-health/mac:02010b41cdec/antenna/tag/e2806894000050038661fd4f, 86
1652708016.421141, sdrt-health/mac:02010b41cdec/antenna/tag/e2806894000050038662154f, 91
1652708016.460363, sdrt-health/mac:02010b41cdec/antenna/tag/e2806894000040038662114f, 85
1652708016.518779, sdrt-health/mac:02010b41cdec/antenna/tag/e2806894000040038662114f, 85
1652708016.519245, sdrt-health/mac:02010b41cdec/antenna/tag/e2806894000040038662114f, 85
1652708016.540146, sdrt-health/mac:02010b41cdec/antenna/tag/e2806894000040038662114f, 85
1652708016.59416, sdrt-health/mac:02010b41cdec/antenna/tag/e2806894000050038662154f, 91
1652708016.59466, sdrt-health/mac:02010b41cdec/antenna/tag/e2806894000050038661fd4f, 86
1652708016.608422, sdrt-health/mac:02010b41cdec/antenna/tag/e28068940000400386621d4f, 90
1652708016.638984, sdrt-health/mac:02010b41cdec/antenna/tag/e2806894000040038662114f, 85
1652708016.639287, sdrt-health/mac:02010b41cdec/antenna/tag/e2806894000040038662114f, 88
1652708016.659973, sdrt-health/mac:02010b41cdec/antenna/tag/e2806894000040038662214f, 88
1652708016.701622, sdrt-health/mac:02010b41cdec/antenna/tag/e2806894000050038662154f, 85
1652708016.733115, sdrt-health/mac:02010b41cdec/antenna/tag/e2806894000040038661f94f, 88
1652708016.733415, sdrt-health/mac:02010b41cdec/antenna/tag/e2806894000040038662214f, 94
1652708016.750334, sdrt-health/mac:02010b41cdec/antenna/tag/e2806894000050038661fd4f, 86
1652708016.789544, sdrt-health/mac:02010b41cdec/antenna/tag/e28068940000400386621d4f, 96
1652708016.790955, sdrt-health/mac:02010b41cdec/antenna/tag/e2806894000040038662114f, 88
1652708016.830999, sdrt-health/mac:02010b41cdec/antenna/tag/e2806894000050038661fd4f, 86
1652708016.895825, sdrt-health/mac:02010b41cdec/antenna/tag/e2806894000050038661fd4f, 86
1652708016.896264, sdrt-health/mac:02010b41cdec/antenna/tag/e2806894000050038661fd4f, 90
1652708016.92161, sdrt-health/mac:02010b41cdec/antenna/tag/e2806894000050038661fd4f, 86
1652708016.979913, sdrt-health/mac:02010b41cdec/antenna/tag/e28068940000400386621d4f, 96
1652708017.029784, sdrt-health/mac:02010b41cdec/antenna/tag/e2806894000040038662114f, 88
1652708017.086316, sdrt-health/mac:02010b41cdec/antenna/tag/e28068940000400386621d4f, 96
1652708017.08682, sdrt-health/mac:02010b41cdec/antenna/tag/e2806894000050038661fd4f, 86
1652708017.102625, sdrt-health/mac:02010b41cdec/antenna/tag/e28068940000400386621d4f, 96
1652708017.1342, sdrt-health/mac:02010b41cdec/antenna/tag/e2806894000050038662154f, 88
1652708017.134516, sdrt-health/mac:02010b41cdec/antenna/tag/e2806894000050038661fd4f, 86
1652708017.134725, sdrt-health/mac:02010b41cdec/antenna/tag/e2806894000050038662154f, 91
1652708017.15195, sdrt-health/mac:02010b41cdec/antenna/tag/e28068940000500386620d4f, 83
1652708017.190103, sdrt-health/mac:02010b41cdec/antenna/tag/e2806894000040038662114f, 88
1652708017.296602, sdrt-health/mac:02010b41cdec/antenna/tag/e28068940000400386621d4f, 96
1652708017.297135, sdrt-health/mac:02010b41cdec/antenna/tag/e2806894000050038661fd4f, 90
1652708017.321062, sdrt-health/mac:02010b41cdec/antenna/tag/e2806894000050038662154f, 88
1652708017.375315, sdrt-health/mac:02010b41cdec/antenna/tag/e2806894000050038661fd4f, 90
1652708017.375842, sdrt-health/mac:02010b41cdec/antenna/tag/e28068940000400386621d4f, 96
1652708017.409815, sdrt-health/mac:02010b41cdec/antenna/tag/e28068940000400386621d4f, 96
1652708017.450194, sdrt-health/mac:02010b41cdec/antenna/tag/e2806894000050038661fd4f, 86
1652708017.506632, sdrt-health/mac:02010b41cdec/antenna/tag/e2806894000040038662114f, 91
1652708017.507185, sdrt-health/mac:02010b41cdec/antenna/tag/e2806894000050038661fd4f, 86
1652708017.521704, sdrt-health/mac:02010b41cdec/antenna/tag/e2806894000040038662114f, 91
1652708017.522171, sdrt-health/mac:02010b41cdec/antenna/tag/e2806894000050038662154f, 88
1652708017.540346, sdrt-health/mac:02010b41cdec/antenna/tag/e2806894000050038662154f, 85
1652708017.580722, sdrt-health/mac:02010b41cdec/antenna/tag/e2806894000040038661f94f, 88
1652708017.610352, sdrt-health/mac:02010b41cdec/antenna/tag/e28068940000400386621d4f, 96
1652708017.61082, sdrt-health/mac:02010b41cdec/antenna/tag/e2806894000050038662154f, 85
1652708017.624797, sdrt-health/mac:02010b41cdec/antenna/tag/e28068940000400386621d4f, 96
1652708017.660172, sdrt-health/mac:02010b41cdec/antenna/tag/e2806894000050038661fd4f, 83
1652708017.70076, sdrt-health/mac:02010b41cdec/antenna/tag/e2806894000050038662154f, 88
1652708017.74082, sdrt-health/mac:02010b41cdec/antenna/tag/e2806894000040038662114f, 88
1652708017.796504, sdrt-health/mac:02010b41cdec/antenna/tag/e28068940000500386620d4f, 94
1652708017.797029, sdrt-health/mac:02010b41cdec/antenna/tag/e2806894000050038662154f, 88
1652708017.811733, sdrt-health/mac:02010b41cdec/antenna/tag/e2806894000040038662114f, 88
1652708017.819203, sdrt-health/mac:02010b41cdec/antenna/tag/e2806894000040038662114f, 88
1652708017.832695, sdrt-health/mac:02010b41cdec/antenna/tag/e28068940000400386621d4f, 96
1652708017.860108, sdrt-health/mac:02010b41cdec/antenna/tag/e2806894000050038661fd4f, 83
1652708017.915045, sdrt-health/mac:02010b41cdec/antenna/tag/e28068940000400386621d4f, 96
1652708017.915525, sdrt-health/mac:02010b41cdec/antenna/tag/e2806894000050038661fd4f, 83
1652708017.940484, sdrt-health/mac:02010b41cdec/antenna/tag/e2806894000040038662114f, 85
1652708017.980611, sdrt-health/mac:02010b41cdec/antenna/tag/e2806894000050038661fd4f, 86
1652708018.021017, sdrt-health/mac:02010b41cdec/antenna/tag/e2806894000040038662114f, 88
1652708018.059738, sdrt-health/mac:02010b41cdec/antenna/tag/e28068940000400386621d4f, 96
1652708018.110234, sdrt-health/mac:02010b41cdec/antenna/tag/e2806894000050038662154f, 88
1652708018.149822, sdrt-health/mac:02010b41cdec/antenna/tag/e28068940000400386621d4f, 96
1652708018.203873, sdrt-health/mac:02010b41cdec/antenna/tag/e2806894000040038662114f, 91
1652708018.204037, sdrt-health/mac:02010b41cdec/antenna/tag/e2806894000050038661fd4f, 83
1652708018.230475, sdrt-health/mac:02010b41cdec/antenna/tag/e2806894000050038662154f, 85
1652708018.270217, sdrt-health/mac:02010b41cdec/antenna/tag/e28068940000500386620d4f, 81
1652708018.334032, sdrt-health/mac:02010b41cdec/antenna/tag/e2806894000040038662114f, 88
1652708018.33448, sdrt-health/mac:02010b41cdec/antenna/tag/e2806894000050038662194f, 81
1652708018.34989, sdrt-health/mac:02010b41cdec/antenna/tag/e2806894000050038662194f, 83
1652708018.36077, sdrt-health/mac:02010b41cdec/antenna/tag/e2806894000050038662194f, 94
1652708018.364867, sdrt-health/mac:02010b41cdec/antenna/tag/e2806894000050038662154f, 85
1652708018.40951, sdrt-health/mac:02010b41cdec/antenna/tag/e2806894000050038662154f, 88
1652708018.46494, sdrt-health/mac:02010b41cdec/antenna/tag/e2806894000050038661fd4f, 86
1652708018.465472, sdrt-health/mac:02010b41cdec/antenna/tag/e2806894000040038662114f, 91
1652708018.49092, sdrt-health/mac:02010b41cdec/antenna/tag/e28068940000400386621d4f, 96
1652708018.524147, sdrt-health/mac:02010b41cdec/antenna/tag/e28068940000400386621d4f, 96
1652708018.524443, sdrt-health/mac:02010b41cdec/antenna/tag/e2806894000050038661fd4f, 86
1652708018.539579, sdrt-health/mac:02010b41cdec/antenna/tag/e2806894000050038662154f, 88
1652708018.539862, sdrt-health/mac:02010b41cdec/antenna/tag/e2806894000050038661fd4f, 86
1652708018.590473, sdrt-health/mac:02010b41cdec/antenna/tag/e2806894000040038662114f, 91
1652708018.629741, sdrt-health/mac:02010b41cdec/antenna/tag/e28068940000500386620d4f, 83
1652708018.670479, sdrt-health/mac:02010b41cdec/antenna/tag/e28068940000400386621d4f, 90
1652708018.75609, sdrt-health/mac:02010b41cdec/antenna/tag/e2806894000050038661fd4f, 83
1652708018.756597, sdrt-health/mac:02010b41cdec/antenna/tag/e2806894000050038661fd4f, 86
1652708018.791617, sdrt-health/mac:02010b41cdec/antenna/tag/e28068940000400386621d4f, 96
1652708018.847263, sdrt-health/mac:02010b41cdec/antenna/tag/e28068940000500386620d4f, 81
1652708018.847725, sdrt-health/mac:02010b41cdec/antenna/tag/e28068940000500386620d4f, 87
1652708018.870922, sdrt-health/mac:02010b41cdec/antenna/tag/e2806894000040038662114f, 85
1652708018.910098, sdrt-health/mac:02010b41cdec/antenna/tag/e28068940000400386621d4f, 96
1652708018.970111, sdrt-health/mac:02010b41cdec/antenna/tag/e28068940000400386621d4f, 96
1652708019.010987, sdrt-health/mac:02010b41cdec/antenna/tag/e2806894000040038662114f, 88
1652708019.06693, sdrt-health/mac:02010b41cdec/antenna/tag/e2806894000050038661fd4f, 86
1652708019.067379, sdrt-health/mac:02010b41cdec/antenna/tag/e2806894000050038662154f, 88
1652708019.092309, sdrt-health/mac:02010b41cdec/antenna/tag/e2806894000050038662154f, 88
1652708019.131196, sdrt-health/mac:02010b41cdec/antenna/tag/e2806894000050038662194f, 83
1652708019.170263, sdrt-health/mac:02010b41cdec/antenna/tag/e28068940000400386621d4f, 96
1652708019.27633, sdrt-health/mac:02010b41cdec/antenna/tag/e2806894000050038661fd4f, 83
1652708019.276786, sdrt-health/mac:02010b41cdec/antenna/tag/e2806894000050038662194f, 94
1652708019.300722, sdrt-health/mac:02010b41cdec/antenna/tag/e2806894000050038661fd4f, 83
1652708019.35726, sdrt-health/mac:02010b41cdec/antenna/tag/e2806894000050038662154f, 88
1652708019.357801, sdrt-health/mac:02010b41cdec/antenna/tag/e2806894000050038662194f, 81
1652708019.400769, sdrt-health/mac:02010b41cdec/antenna/tag/e28068940000400386621d4f, 77
1652708019.440521, sdrt-health/mac:02010b41cdec/antenna/tag/e2806894000050038661fd4f, 86
1652708019.49378, sdrt-health/mac:02010b41cdec/antenna/tag/e28068940000500386620d4f, 87
1652708019.494269, sdrt-health/mac:02010b41cdec/antenna/tag/e2806894000050038661fd4f, 83
1652708019.528152, sdrt-health/mac:02010b41cdec/antenna/tag/e2806894000050038661fd4f, 90
1652708019.585404, sdrt-health/mac:02010b41cdec/antenna/tag/e28068940000500386620d4f, 81
1652708019.585836, sdrt-health/mac:02010b41cdec/antenna/tag/e2806894000050038662154f, 88
1652708019.599544, sdrt-health/mac:02010b41cdec/antenna/tag/e2806894000050038661fd4f, 86
1652708019.610249, sdrt-health/mac:02010b41cdec/antenna/tag/e2806894000050038661fd4f, 86
1652708019.650408, sdrt-health/mac:02010b41cdec/antenna/tag/e28068940000500386620d4f, 81
1652708019.690811, sdrt-health/mac:02010b41cdec/antenna/tag/e2806894000040038662114f, 91
1652708019.729721, sdrt-health/mac:02010b41cdec/antenna/tag/e2806894000050038662154f, 88
1652708019.785453, sdrt-health/mac:02010b41cdec/antenna/tag/e28068940000400386621d4f, 96
1652708019.786017, sdrt-health/mac:02010b41cdec/antenna/tag/e28068940000500386620d4f, 81
1652708019.80373, sdrt-health/mac:02010b41cdec/antenna/tag/e2806894000040038662114f, 88
1652708019.829023, sdrt-health/mac:02010b41cdec/antenna/tag/e28068940000400386621d4f, 77
1652708019.882097, sdrt-health/mac:02010b41cdec/antenna/tag/e28068940000400386621d4f, 96
1652708019.920665, sdrt-health/mac:02010b41cdec/antenna/tag/e2806894000040038662114f, 88
1652708019.951373, sdrt-health/mac:02010b41cdec/antenna/tag/e2806894000050038662154f, 91
1652708019.951656, sdrt-health/mac:02010b41cdec/antenna/tag/e2806894000040038662114f, 91
1652708020.020513, sdrt-health/mac:02010b41cdec/antenna/tag/e28068940000400386621d4f, 96
1652708020.061336, sdrt-health/mac:02010b41cdec/antenna/tag/e2806894000040038662114f, 91
1652708020.121417, sdrt-health/mac:02010b41cdec/antenna/tag/e2806894000040038662114f, 91
1652708020.121891, sdrt-health/mac:02010b41cdec/antenna/tag/e28068940000400386621d4f, 90
1652708020.122271, sdrt-health/mac:02010b41cdec/antenna/tag/e28068940000500386620d4f, 82
1652708020.122613, sdrt-health/mac:02010b41cdec/antenna/tag/e2806894000050038661fd4f, 86
1652708020.139513, sdrt-health/mac:02010b41cdec/antenna/tag/e2806894000050038661fd4f, 83
1652708020.181373, sdrt-health/mac:02010b41cdec/antenna/tag/e2806894000040038661f94f, 81
1652708020.213477, sdrt-health/mac:02010b41cdec/antenna/tag/e2806894000050038661fd4f, 86
1652708020.213901, sdrt-health/mac:02010b41cdec/antenna/tag/e2806894000050038662154f, 88
1652708020.228493, sdrt-health/mac:02010b41cdec/antenna/tag/e2806894000040038662114f, 88
1652708020.228906, sdrt-health/mac:02010b41cdec/antenna/tag/e28068940000400386621d4f, 96
1652708020.261057, sdrt-health/mac:02010b41cdec/antenna/tag/e2806894000050038662154f, 85
1652708020.300257, sdrt-health/mac:02010b41cdec/antenna/tag/e2806894000050038662154f, 88
1652708020.346806, sdrt-health/mac:02010b41cdec/antenna/tag/e28068940000400386621d4f, 96
1652708020.406532, sdrt-health/mac:02010b41cdec/antenna/tag/e28068940000500386620d4f, 87
1652708020.40704, sdrt-health/mac:02010b41cdec/antenna/tag/e28068940000400386621d4f, 96
1652708020.430253, sdrt-health/mac:02010b41cdec/antenna/tag/e2806894000050038662194f, 81
1652708020.470853, sdrt-health/mac:02010b41cdec/antenna/tag/e2806894000040038662114f, 88
1652708020.526612, sdrt-health/mac:02010b41cdec/antenna/tag/e2806894000050038662154f, 88
1652708020.527179, sdrt-health/mac:02010b41cdec/antenna/tag/e28068940000400386621d4f, 96
1652708020.549749, sdrt-health/mac:02010b41cdec/antenna/tag/e28068940000400386621d4f, 96
1652708020.58091, sdrt-health/mac:02010b41cdec/antenna/tag/e2806894000050038661fd4f, 86
1652708020.581389, sdrt-health/mac:02010b41cdec/antenna/tag/e2806894000040038662114f, 85
1652708020.598737, sdrt-health/mac:02010b41cdec/antenna/tag/e28068940000400386621d4f, 96
1652708020.599042, sdrt-health/mac:02010b41cdec/antenna/tag/e2806894000050038661fd4f, 86
1652708020.681381, sdrt-health/mac:02010b41cdec/antenna/tag/e28068940000500386620d4f, 83
1652708020.721072, sdrt-health/mac:02010b41cdec/antenna/tag/e28068940000400386621d4f, 96
1652708020.739305, sdrt-health/mac:02010b41cdec/antenna/tag/e2806894000040038662114f, 88
1652708020.739585, sdrt-health/mac:02010b41cdec/antenna/tag/e2806894000050038662154f, 91
1652708020.75957, sdrt-health/mac:02010b41cdec/antenna/tag/e28068940000500386620d4f, 83
1652708020.801989, sdrt-health/mac:02010b41cdec/antenna/tag/e2806894000040038662114f, 88
1652708020.855138, sdrt-health/mac:02010b41cdec/antenna/tag/e28068940000400386621d4f, 96
1652708020.855654, sdrt-health/mac:02010b41cdec/antenna/tag/e2806894000040038662114f, 88
1652708020.871404, sdrt-health/mac:02010b41cdec/antenna/tag/e2806894000050038661fd4f, 90
1652708020.880685, sdrt-health/mac:02010b41cdec/antenna/tag/e2806894000040038662114f, 91
1652708020.886973, sdrt-health/mac:02010b41cdec/antenna/tag/e2806894000050038662154f, 91
1652708020.887245, sdrt-health/mac:02010b41cdec/antenna/tag/e2806894000050038662154f, 97
1652708020.887426, sdrt-health/mac:02010b41cdec/antenna/tag/e28068940000400386621d4f, 96
1652708020.921294, sdrt-health/mac:02010b41cdec/antenna/tag/e28068940000400386621d4f, 96
1652708020.960449, sdrt-health/mac:02010b41cdec/antenna/tag/e2806894000050038662154f, 88
1652708021.016251, sdrt-health/mac:02010b41cdec/antenna/tag/e2806894000050038661fd4f, 90
1652708021.016743, sdrt-health/mac:02010b41cdec/antenna/tag/e28068940000400386621d4f, 96
1652708021.062404, sdrt-health/mac:02010b41cdec/antenna/tag/e2806894000050038662194f, 81
1652708021.110772, sdrt-health/mac:02010b41cdec/antenna/tag/e28068940000500386620d4f, 94
1652708021.167375, sdrt-health/mac:02010b41cdec/antenna/tag/e2806894000040038662114f, 91
1652708021.167858, sdrt-health/mac:02010b41cdec/antenna/tag/e28068940000400386621d4f, 96
1652708021.183979, sdrt-health/mac:02010b41cdec/antenna/tag/e28068940000400386621d4f, 90
1652708021.19102, sdrt-health/mac:02010b41cdec/antenna/tag/e28068940000400386621d4f, 90
1652708021.199828, sdrt-health/mac:02010b41cdec/antenna/tag/e28068940000400386621d4f, 90
1652708021.232093, sdrt-health/mac:02010b41cdec/antenna/tag/e2806894000040038662114f, 85
1652708021.294184, sdrt-health/mac:02010b41cdec/antenna/tag/e2806894000040038662114f, 88
1652708021.294665, sdrt-health/mac:02010b41cdec/antenna/tag/e2806894000050038662154f, 91
1652708021.308047, sdrt-health/mac:02010b41cdec/antenna/tag/e2806894000040038662114f, 85
1652708021.31152, sdrt-health/mac:02010b41cdec/antenna/tag/e2806894000040038662114f, 88
1652708021.349746, sdrt-health/mac:02010b41cdec/antenna/tag/e28068940000500386620d4f, 83
1652708021.405569, sdrt-health/mac:02010b41cdec/antenna/tag/e2806894000050038662154f, 88
1652708021.406028, sdrt-health/mac:02010b41cdec/antenna/tag/e2806894000050038661fd4f, 83
1652708021.422993, sdrt-health/mac:02010b41cdec/antenna/tag/e28068940000400386621d4f, 96
1652708021.458631, sdrt-health/mac:02010b41cdec/antenna/tag/e2806894000050038661fd4f, 86
1652708021.519401, sdrt-health/mac:02010b41cdec/antenna/tag/e2806894000050038662154f, 97
1652708021.576532, sdrt-health/mac:02010b41cdec/antenna/tag/e2806894000040038662114f, 85
1652708021.576937, sdrt-health/mac:02010b41cdec/antenna/tag/e28068940000400386621d4f, 96
1652708021.599995, sdrt-health/mac:02010b41cdec/antenna/tag/e2806894000050038662194f, 83
1652708021.641274, sdrt-health/mac:02010b41cdec/antenna/tag/e2806894000050038661fd4f, 86
1652708021.696452, sdrt-health/mac:02010b41cdec/antenna/tag/e28068940000500386620d4f, 94
1652708021.696998, sdrt-health/mac:02010b41cdec/antenna/tag/e2806894000040038662114f, 91
1652708021.720263, sdrt-health/mac:02010b41cdec/antenna/tag/e28068940000400386621d4f, 96
1652708021.76115, sdrt-health/mac:02010b41cdec/antenna/tag/e2806894000050038661fd4f, 86
1652708021.824276, sdrt-health/mac:02010b41cdec/antenna/tag/e2806894000050038661fd4f, 86
1652708021.824733, sdrt-health/mac:02010b41cdec/antenna/tag/e2806894000050038662154f, 88
1652708021.840348, sdrt-health/mac:02010b41cdec/antenna/tag/e2806894000050038661fd4f, 83
1652708021.870405, sdrt-health/mac:02010b41cdec/antenna/tag/e28068940000400386621d4f, 96
1652708021.870692, sdrt-health/mac:02010b41cdec/antenna/tag/e28068940000400386621d4f, 96
1652708021.911695, sdrt-health/mac:02010b41cdec/antenna/tag/e28068940000400386621d4f, 96
1652708021.941769, sdrt-health/mac:02010b41cdec/antenna/tag/e28068940000400386621d4f, 96
1652708021.942134, sdrt-health/mac:02010b41cdec/antenna/tag/e28068940000400386621d4f, 96
1652708021.961478, sdrt-health/mac:02010b41cdec/antenna/tag/e2806894000050038661fd4f, 90
1652708021.989842, sdrt-health/mac:02010b41cdec/antenna/tag/e28068940000400386621d4f, 96
1652708022.046673, sdrt-health/mac:02010b41cdec/antenna/tag/e28068940000400386621d4f, 96
1652708022.047128, sdrt-health/mac:02010b41cdec/antenna/tag/e2806894000050038661fd4f, 90
1652708022.061965, sdrt-health/mac:02010b41cdec/antenna/tag/e28068940000400386621d4f, 96
1652708022.062385, sdrt-health/mac:02010b41cdec/antenna/tag/e2806894000040038662114f, 91
1652708022.070239, sdrt-health/mac:02010b41cdec/antenna/tag/e2806894000050038662154f, 91
1652708022.110516, sdrt-health/mac:02010b41cdec/antenna/tag/e2806894000040038662114f, 88
1652708022.141715, sdrt-health/mac:02010b41cdec/antenna/tag/e2806894000050038662154f, 91
1652708022.14207, sdrt-health/mac:02010b41cdec/antenna/tag/e28068940000400386621d4f, 96
1652708022.159551, sdrt-health/mac:02010b41cdec/antenna/tag/e2806894000050038662154f, 91
1652708022.159901, sdrt-health/mac:02010b41cdec/antenna/tag/e28068940000400386621d4f, 96
1652708022.191788, sdrt-health/mac:02010b41cdec/antenna/tag/e2806894000050038662154f, 88
1652708022.23019, sdrt-health/mac:02010b41cdec/antenna/tag/e2806894000050038662154f, 88
1652708022.287616, sdrt-health/mac:02010b41cdec/antenna/tag/e2806894000040038662214f, 88
1652708022.288166, sdrt-health/mac:02010b41cdec/antenna/tag/e2806894000050038662154f, 85
1652708022.304021, sdrt-health/mac:02010b41cdec/antenna/tag/e2806894000040038662214f, 94
1652708022.310847, sdrt-health/mac:02010b41cdec/antenna/tag/e2806894000040038661f94f, 82
1652708022.318922, sdrt-health/mac:02010b41cdec/antenna/tag/e2806894000040038662214f, 88
1652708022.319325, sdrt-health/mac:02010b41cdec/antenna/tag/e2806894000050038662154f, 88
1652708022.350081, sdrt-health/mac:02010b41cdec/antenna/tag/e2806894000040038662114f, 88
1652708022.392797, sdrt-health/mac:02010b41cdec/antenna/tag/e28068940000400386621d4f, 96
1652708022.446668, sdrt-health/mac:02010b41cdec/antenna/tag/e2806894000050038661fd4f, 86
1652708022.447277, sdrt-health/mac:02010b41cdec/antenna/tag/e2806894000050038661fd4f, 86
1652708022.462576, sdrt-health/mac:02010b41cdec/antenna/tag/e2806894000040038662114f, 88
1652708022.494584, sdrt-health/mac:02010b41cdec/antenna/tag/e2806894000050038662154f, 88
1652708022.49494, sdrt-health/mac:02010b41cdec/antenna/tag/e2806894000050038661fd4f, 86
1652708022.549618, sdrt-health/mac:02010b41cdec/antenna/tag/e2806894000050038662154f, 88
1652708022.580383, sdrt-health/mac:02010b41cdec/antenna/tag/e2806894000050038662194f, 81
1652708022.580778, sdrt-health/mac:02010b41cdec/antenna/tag/e2806894000050038661fd4f, 86
1652708022.581035, sdrt-health/mac:02010b41cdec/antenna/tag/e28068940000400386621d4f, 96
1652708022.59598, sdrt-health/mac:02010b41cdec/antenna/tag/e28068940000400386621d4f, 96
1652708022.631508, sdrt-health/mac:02010b41cdec/antenna/tag/e28068940000500386620d4f, 84
1652708022.685802, sdrt-health/mac:02010b41cdec/antenna/tag/e2806894000050038662154f, 88
1652708022.686274, sdrt-health/mac:02010b41cdec/antenna/tag/e2806894000050038661fd4f, 86
1652708022.711335, sdrt-health/mac:02010b41cdec/antenna/tag/e2806894000050038661fd4f, 86
1652708022.742866, sdrt-health/mac:02010b41cdec/antenna/tag/e28068940000400386621d4f, 96
1652708022.743363, sdrt-health/mac:02010b41cdec/antenna/tag/e2806894000050038662154f, 85
1652708022.900796, sdrt-health/mac:02010b41cdec/antenna/tag/e28068940000400386621d4f, 96
1652708022.940346, sdrt-health/mac:02010b41cdec/antenna/tag/e2806894000050038661fd4f, 86
1652708022.99788, sdrt-health/mac:02010b41cdec/antenna/tag/e2806894000050038661fd4f, 83
1652708022.998419, sdrt-health/mac:02010b41cdec/antenna/tag/e28068940000400386621d4f, 96
1652708023.021327, sdrt-health/mac:02010b41cdec/antenna/tag/e2806894000040038662114f, 88
1652708023.075334, sdrt-health/mac:02010b41cdec/antenna/tag/e2806894000050038661fd4f, 86
1652708023.075792, sdrt-health/mac:02010b41cdec/antenna/tag/e28068940000400386621d4f, 77
1652708023.099569, sdrt-health/mac:02010b41cdec/antenna/tag/e2806894000050038661fd4f, 90
1652708023.140896, sdrt-health/mac:02010b41cdec/antenna/tag/e2806894000050038661fd4f, 83
1652708023.180486, sdrt-health/mac:02010b41cdec/antenna/tag/e2806894000050038662154f, 85
1652708023.220741, sdrt-health/mac:02010b41cdec/antenna/tag/e2806894000040038662114f, 88
1652708023.261342, sdrt-health/mac:02010b41cdec/antenna/tag/e2806894000050038661fd4f, 86
1652708023.301396, sdrt-health/mac:02010b41cdec/antenna/tag/e2806894000050038662154f, 97
1652708023.359916, sdrt-health/mac:02010b41cdec/antenna/tag/e28068940000400386621d4f, 96
1652708023.360475, sdrt-health/mac:02010b41cdec/antenna/tag/e2806894000040038662114f, 85
1652708023.374854, sdrt-health/mac:02010b41cdec/antenna/tag/e28068940000400386621d4f, 96
1652708023.375337, sdrt-health/mac:02010b41cdec/antenna/tag/e2806894000040038662114f, 88
1652708023.38066, sdrt-health/mac:02010b41cdec/antenna/tag/e2806894000050038662154f, 91
1652708023.420233, sdrt-health/mac:02010b41cdec/antenna/tag/e28068940000400386621d4f, 96
1652708023.460304, sdrt-health/mac:02010b41cdec/antenna/tag/e28068940000400386621d4f, 96
1652708023.529002, sdrt-health/mac:02010b41cdec/antenna/tag/e2806894000040038662114f, 88
1652708023.529599, sdrt-health/mac:02010b41cdec/antenna/tag/e2806894000040038662114f, 88
1652708023.560762, sdrt-health/mac:02010b41cdec/antenna/tag/e2806894000040038662114f, 88
1652708023.620439, sdrt-health/mac:02010b41cdec/antenna/tag/e2806894000040038662114f, 88
1652708023.620905, sdrt-health/mac:02010b41cdec/antenna/tag/e2806894000040038662114f, 88
1652708023.636838, sdrt-health/mac:02010b41cdec/antenna/tag/e2806894000050038662154f, 91
1652708023.640686, sdrt-health/mac:02010b41cdec/antenna/tag/e2806894000040038662114f, 88
1652708023.731911, sdrt-health/mac:02010b41cdec/antenna/tag/e28068940000500386620d4f, 83
1652708023.810805, sdrt-health/mac:02010b41cdec/antenna/tag/e2806894000040038662114f, 88
1652708023.86632, sdrt-health/mac:02010b41cdec/antenna/tag/e2806894000050038662154f, 88
1652708023.866785, sdrt-health/mac:02010b41cdec/antenna/tag/e28068940000400386621d4f, 96
1652708023.867183, sdrt-health/mac:02010b41cdec/antenna/tag/e2806894000040038662114f, 91
1652708023.881732, sdrt-health/mac:02010b41cdec/antenna/tag/e2806894000040038662114f, 88
1652708023.882159, sdrt-health/mac:02010b41cdec/antenna/tag/e2806894000040038662114f, 85
1652708023.910387, sdrt-health/mac:02010b41cdec/antenna/tag/e28068940000400386621d4f, 96
1652708023.951964, sdrt-health/mac:02010b41cdec/antenna/tag/e2806894000050038662154f, 91
1652708024.007543, sdrt-health/mac:02010b41cdec/antenna/tag/e28068940000500386620d4f, 81
1652708024.008009, sdrt-health/mac:02010b41cdec/antenna/tag/e28068940000400386621d4f, 96
1652708024.02361, sdrt-health/mac:02010b41cdec/antenna/tag/e2806894000050038662154f, 88
1652708024.079553, sdrt-health/mac:02010b41cdec/antenna/tag/e2806894000050038662154f, 85
1652708024.121782, sdrt-health/mac:02010b41cdec/antenna/tag/e28068940000400386621d4f, 96
1652708024.159614, sdrt-health/mac:02010b41cdec/antenna/tag/e2806894000050038661fd4f, 83
1652708024.199583, sdrt-health/mac:02010b41cdec/antenna/tag/e2806894000050038661fd4f, 97
1652708024.242489, sdrt-health/mac:02010b41cdec/antenna/tag/e2806894000050038662194f, 88
1652708024.322018, sdrt-health/mac:02010b41cdec/antenna/tag/e2806894000040038662214f, 94
1652708024.322499, sdrt-health/mac:02010b41cdec/antenna/tag/e28068940000400386621d4f, 77
1652708024.352278, sdrt-health/mac:02010b41cdec/antenna/tag/e2806894000040038662114f, 85
1652708024.440448, sdrt-health/mac:02010b41cdec/antenna/tag/e2806894000040038662114f, 85
1652708024.496027, sdrt-health/mac:02010b41cdec/antenna/tag/e2806894000050038661fd4f, 86
1652708024.496505, sdrt-health/mac:02010b41cdec/antenna/tag/e2806894000050038661fd4f, 86
1652708024.511835, sdrt-health/mac:02010b41cdec/antenna/tag/e2806894000050038662154f, 91
1652708024.520417, sdrt-health/mac:02010b41cdec/antenna/tag/e2806894000050038661fd4f, 86
1652708024.527956, sdrt-health/mac:02010b41cdec/antenna/tag/e2806894000040038662114f, 88
1652708024.528221, sdrt-health/mac:02010b41cdec/antenna/tag/e2806894000050038662154f, 88
1652708024.570863, sdrt-health/mac:02010b41cdec/antenna/tag/e2806894000050038662194f, 83
1652708024.609762, sdrt-health/mac:02010b41cdec/antenna/tag/e28068940000500386620d4f, 81
1652708024.650099, sdrt-health/mac:02010b41cdec/antenna/tag/e2806894000050038662154f, 85
1652708024.690222, sdrt-health/mac:02010b41cdec/antenna/tag/e2806894000050038662194f, 81
1652708024.730586, sdrt-health/mac:02010b41cdec/antenna/tag/e2806894000050038662154f, 85
1652708024.788033, sdrt-health/mac:02010b41cdec/antenna/tag/e28068940000400386621d4f, 96
1652708024.788526, sdrt-health/mac:02010b41cdec/antenna/tag/e2806894000050038662154f, 85
1652708024.803712, sdrt-health/mac:02010b41cdec/antenna/tag/e2806894000040038662114f, 88
1652708024.857237, sdrt-health/mac:02010b41cdec/antenna/tag/e2806894000050038662194f, 88
1652708024.857588, sdrt-health/mac:02010b41cdec/antenna/tag/e28068940000500386620d4f, 81
1652708024.900251, sdrt-health/mac:02010b41cdec/antenna/tag/e2806894000050038662154f, 85
1652708024.941025, sdrt-health/mac:02010b41cdec/antenna/tag/e2806894000050038662154f, 88
1652708024.980472, sdrt-health/mac:02010b41cdec/antenna/tag/e2806894000050038661fd4f, 86
1652708025.035713, sdrt-health/mac:02010b41cdec/antenna/tag/e2806894000040038662114f, 88
1652708025.036223, sdrt-health/mac:02010b41cdec/antenna/tag/e2806894000040038662114f, 88
1652708025.051427, sdrt-health/mac:02010b41cdec/antenna/tag/e2806894000050038662154f, 88
1652708025.059811, sdrt-health/mac:02010b41cdec/antenna/tag/e28068940000400386621d4f, 96
1652708025.101302, sdrt-health/mac:02010b41cdec/antenna/tag/e2806894000040038662114f, 91
1652708025.159278, sdrt-health/mac:02010b41cdec/antenna/tag/e28068940000500386620d4f, 94
1652708025.251852, sdrt-health/mac:02010b41cdec/antenna/tag/e2806894000050038662154f, 97
1652708025.303244, sdrt-health/mac:02010b41cdec/antenna/tag/e2806894000050038661fd4f, 83
1652708025.356839, sdrt-health/mac:02010b41cdec/antenna/tag/e28068940000400386621d4f, 90
1652708025.357378, sdrt-health/mac:02010b41cdec/antenna/tag/e28068940000400386621d4f, 96
1652708025.386949, sdrt-health/mac:02010b41cdec/antenna/tag/e2806894000040038662114f, 88
1652708025.38732, sdrt-health/mac:02010b41cdec/antenna/tag/e2806894000040038662114f, 88
1652708025.423631, sdrt-health/mac:02010b41cdec/antenna/tag/e28068940000500386620d4f, 81
1652708025.461878, sdrt-health/mac:02010b41cdec/antenna/tag/e28068940000400386621d4f, 96
1652708025.462338, sdrt-health/mac:02010b41cdec/antenna/tag/e2806894000050038661fd4f, 83
1652708025.462679, sdrt-health/mac:02010b41cdec/antenna/tag/e2806894000040038662214f, 84
1652708025.499727, sdrt-health/mac:02010b41cdec/antenna/tag/e28068940000500386620d4f, 87
1652708025.542039, sdrt-health/mac:02010b41cdec/antenna/tag/e2806894000050038661fd4f, 83
1652708025.576239, sdrt-health/mac:02010b41cdec/antenna/tag/e2806894000040038662114f, 88
1652708025.57671, sdrt-health/mac:02010b41cdec/antenna/tag/e28068940000400386621d4f, 96
1652708025.577029, sdrt-health/mac:02010b41cdec/antenna/tag/e2806894000050038661fd4f, 86
1652708025.592135, sdrt-health/mac:02010b41cdec/antenna/tag/e2806894000050038662154f, 88
1652708025.62987, sdrt-health/mac:02010b41cdec/antenna/tag/e2806894000040038662114f, 88
1652708025.670096, sdrt-health/mac:02010b41cdec/antenna/tag/e2806894000050038662194f, 81
1652708025.760969, sdrt-health/mac:02010b41cdec/antenna/tag/e2806894000050038662154f, 88
1652708025.803773, sdrt-health/mac:02010b41cdec/antenna/tag/e2806894000050038662154f, 88
1652708025.85289, sdrt-health/mac:02010b41cdec/antenna/tag/e2806894000040038662114f, 88
1652708025.89074, sdrt-health/mac:02010b41cdec/antenna/tag/e2806894000040038662114f, 88
1652708025.930891, sdrt-health/mac:02010b41cdec/antenna/tag/e28068940000500386620d4f, 83
1652708025.986123, sdrt-health/mac:02010b41cdec/antenna/tag/e2806894000040038662114f, 88
1652708025.986594, sdrt-health/mac:02010b41cdec/antenna/tag/e28068940000400386621d4f, 77
1652708026.009635, sdrt-health/mac:02010b41cdec/antenna/tag/e2806894000050038661fd4f, 86
1652708026.068645, sdrt-health/mac:02010b41cdec/antenna/tag/e2806894000050038662154f, 91
1652708026.069106, sdrt-health/mac:02010b41cdec/antenna/tag/e2806894000050038661fd4f, 86
1652708026.083639, sdrt-health/mac:02010b41cdec/antenna/tag/e2806894000040038662114f, 91
1652708026.115482, sdrt-health/mac:02010b41cdec/antenna/tag/e28068940000400386621d4f, 96
1652708026.115869, sdrt-health/mac:02010b41cdec/antenna/tag/e28068940000500386620d4f, 81
1652708026.131008, sdrt-health/mac:02010b41cdec/antenna/tag/e2806894000050038662154f, 88
1652708026.17013, sdrt-health/mac:02010b41cdec/antenna/tag/e28068940000400386621d4f, 96
1652708026.204182, sdrt-health/mac:02010b41cdec/antenna/tag/e28068940000500386620d4f, 83
1652708026.20452, sdrt-health/mac:02010b41cdec/antenna/tag/e2806894000050038661fd4f, 86
1652708026.221785, sdrt-health/mac:02010b41cdec/antenna/tag/e2806894000050038661fd4f, 86
1652708026.25096, sdrt-health/mac:02010b41cdec/antenna/tag/e2806894000050038661fd4f, 86
1652708026.290855, sdrt-health/mac:02010b41cdec/antenna/tag/e28068940000400386621d4f, 77
1652708026.632964, sdrt-health/mac:02010b41cdec/antenna/tag/scan, scan stopped
