1652707642.650833, sdrt-health/mac:02010b41cdec/antenna/power/set, {"power": 300}
1652707643.732176, sdrt-health/mac:02010b41cdec/antenna/power/set, 
1652707647.683465, sdrt-health/mac:02010b41cdec/antenna/tag/scan, {"time": 20000}
1652707648.050059, sdrt-health/mac:02010b41cdec/antenna/tag/e2806894000040038662214f, 81
1652707648.090042, sdrt-health/mac:02010b41cdec/antenna/tag/e28068940000500386620d4f, 83
1652707648.156957, sdrt-health/mac:02010b41cdec/antenna/tag/e2806894000050038661fd4f, 86
1652707648.157438, sdrt-health/mac:02010b41cdec/antenna/tag/e2806894000040038662114f, 97
1652707648.178735, sdrt-health/mac:02010b41cdec/antenna/tag/e28068940000500386620d4f, 81
1652707648.202477, sdrt-health/mac:02010b41cdec/antenna/tag/e2806894000040038662114f, 85
1652707648.232349, sdrt-health/mac:02010b41cdec/antenna/tag/e28068940000500386620d4f, 84
1652707648.232682, sdrt-health/mac:02010b41cdec/antenna/tag/e28068940000400386621d4f, 77
1652707648.286132, sdrt-health/mac:02010b41cdec/antenna/tag/e28068940000400386621d4f, 96
1652707648.39047, sdrt-health/mac:02010b41cdec/antenna/tag/e28068940000500386620d4f, 87
1652707648.421193, sdrt-health/mac:02010b41cdec/antenna/tag/e2806894000050038661fd4f, 83
1652707648.421656, sdrt-health/mac:02010b41cdec/antenna/tag/e2806894000040038662114f, 88
1652707648.421978, sdrt-health/mac:02010b41cdec/antenna/tag/e28068940000400386621d4f, 96
1652707648.442762, sdrt-health/mac:02010b41cdec/antenna/tag/e28068940000400386621d4f, 96
1652707648.488946, sdrt-health/mac:02010b41cdec/antenna/tag/e2806894000040038661f94f, 88
1652707648.5427, sdrt-health/mac:02010b41cdec/antenna/tag/e2806894000050038661fd4f, 90
1652707648.581897, sdrt-health/mac:02010b41cdec/antenna/tag/e2806894000040038661f94f, 82
1652707648.621276, sdrt-health/mac:02010b41cdec/antenna/tag/e2806894000040038662114f, 91
1652707648.65364, sdrt-health/mac:02010b41cdec/antenna/tag/e2806894000050038661fd4f, 86
1652707648.654026, sdrt-health/mac:02010b41cdec/antenna/tag/e2806894000040038662114f, 88
1652707648.716929, sdrt-health/mac:02010b41cdec/antenna/tag/e28068940000400386621d4f, 77
1652707648.717424, sdrt-health/mac:02010b41cdec/antenna/tag/e2806894000040038662114f, 88
1652707648.73957, sdrt-health/mac:02010b41cdec/antenna/tag/e2806894000050038662154f, 85
1652707648.806147, sdrt-health/mac:02010b41cdec/antenna/tag/e28068940000500386620d4f, 81
1652707648.871441, sdrt-health/mac:02010b41cdec/antenna/tag/e2806894000040038661f94f, 84
1652707648.939475, sdrt-health/mac:02010b41cdec/antenna/tag/e28068940000500386620d4f, 83
1652707648.93996, sdrt-health/mac:02010b41cdec/antenna/tag/e2806894000050038662154f, 88
1652707648.96295, sdrt-health/mac:02010b41cdec/antenna/tag/e2806894000050038662194f, 81
1652707649.017759, sdrt-health/mac:02010b41cdec/antenna/tag/e28068940000500386620d4f, 83
1652707649.018446, sdrt-health/mac:02010b41cdec/antenna/tag/e28068940000500386620d4f, 87
1652707649.09947, sdrt-health/mac:02010b41cdec/antenna/tag/e28068940000500386620d4f, 83
1652707649.142708, sdrt-health/mac:02010b41cdec/antenna/tag/e2806894000050038662194f, 81
1652707649.20063, sdrt-health/mac:02010b41cdec/antenna/tag/e28068940000500386620d4f, 87
1652707649.201003, sdrt-health/mac:02010b41cdec/antenna/tag/e2806894000040038662214f, 88
1652707649.222753, sdrt-health/mac:02010b41cdec/antenna/tag/e2806894000050038662154f, 88
1652707649.26316, sdrt-health/mac:02010b41cdec/antenna/tag/e2806894000050038661fd4f, 83
1652707649.291989, sdrt-health/mac:02010b41cdec/antenna/tag/e2806894000040038661f94f, 94
1652707649.292214, sdrt-health/mac:02010b41cdec/antenna/tag/e28068940000500386620d4f, 83
1652707649.292356, sdrt-health/mac:02010b41cdec/antenna/tag/e2806894000040038662214f, 94
1652707649.354182, sdrt-health/mac:02010b41cdec/antenna/tag/e2806894000040038662114f, 88
1652707649.433451, sdrt-health/mac:02010b41cdec/antenna/tag/e28068940000400386621d4f, 77
1652707649.434931, sdrt-health/mac:02010b41cdec/antenna/tag/e2806894000050038662194f, 83
1652707649.533618, sdrt-health/mac:02010b41cdec/antenna/tag/e2806894000050038661fd4f, 86
1652707649.602878, sdrt-health/mac:02010b41cdec/antenna/tag/e28068940000500386620d4f, 83
1652707649.642415, sdrt-health/mac:02010b41cdec/antenna/tag/e2806894000050038662154f, 88
1652707649.696382, sdrt-health/mac:02010b41cdec/antenna/tag/e2806894000050038662194f, 81
1652707649.697276, sdrt-health/mac:02010b41cdec/antenna/tag/e2806894000050038662194f, 88
1652707649.721513, sdrt-health/mac:02010b41cdec/antenna/tag/e2806894000040038662114f, 88
1652707649.776584, sdrt-health/mac:02010b41cdec/antenna/tag/e2806894000040038662114f, 88
1652707649.77704, sdrt-health/mac:02010b41cdec/antenna/tag/e28068940000400386621d4f, 77
1652707649.851713, sdrt-health/mac:02010b41cdec/antenna/tag/e2806894000050038662194f, 83
1652707649.927423, sdrt-health/mac:02010b41cdec/antenna/tag/e2806894000050038661fd4f, 86
1652707649.927937, sdrt-health/mac:02010b41cdec/antenna/tag/e2806894000040038661f94f, 81
1652707649.928357, sdrt-health/mac:02010b41cdec/antenna/tag/e2806894000050038661fd4f, 86
1652707649.928728, sdrt-health/mac:02010b41cdec/antenna/tag/e2806894000040038661f94f, 83
1652707649.929154, sdrt-health/mac:02010b41cdec/antenna/tag/e28068940000500386620d4f, 81
1652707649.981306, sdrt-health/mac:02010b41cdec/antenna/tag/e2806894000050038662154f, 91
1652707650.021177, sdrt-health/mac:02010b41cdec/antenna/tag/e2806894000050038662154f, 88
1652707650.061972, sdrt-health/mac:02010b41cdec/antenna/tag/e2806894000050038661fd4f, 90
1652707650.134046, sdrt-health/mac:02010b41cdec/antenna/tag/e28068940000400386621d4f, 96
1652707650.134572, sdrt-health/mac:02010b41cdec/antenna/tag/e2806894000040038661f94f, 81
1652707650.161479, sdrt-health/mac:02010b41cdec/antenna/tag/e2806894000040038661f94f, 84
1652707650.217091, sdrt-health/mac:02010b41cdec/antenna/tag/e28068940000500386620d4f, 87
1652707650.253292, sdrt-health/mac:02010b41cdec/antenna/tag/e2806894000050038662154f, 91
1652707650.2969, sdrt-health/mac:02010b41cdec/antenna/tag/e2806894000040038662114f, 88
1652707650.297183, sdrt-health/mac:02010b41cdec/antenna/tag/e2806894000050038661fd4f, 90
1652707650.315048, sdrt-health/mac:02010b41cdec/antenna/tag/e28068940000500386620d4f, 81
1652707650.315522, sdrt-health/mac:02010b41cdec/antenna/tag/e2806894000040038662114f, 91
1652707650.338103, sdrt-health/mac:02010b41cdec/antenna/tag/e2806894000050038661fd4f, 90
1652707650.343189, sdrt-health/mac:02010b41cdec/antenna/tag/e28068940000500386620d4f, 83
1652707650.37809, sdrt-health/mac:02010b41cdec/antenna/tag/e2806894000050038662154f, 88
1652707650.379335, sdrt-health/mac:02010b41cdec/antenna/tag/e28068940000500386620d4f, 93
1652707650.420218, sdrt-health/mac:02010b41cdec/antenna/tag/e2806894000050038662154f, 91
1652707650.46637, sdrt-health/mac:02010b41cdec/antenna/tag/e28068940000400386621d4f, 96
1652707650.467071, sdrt-health/mac:02010b41cdec/antenna/tag/e2806894000050038662154f, 91
1652707650.467477, sdrt-health/mac:02010b41cdec/antenna/tag/e28068940000500386620d4f, 83
1652707650.490388, sdrt-health/mac:02010b41cdec/antenna/tag/e2806894000050038662194f, 81
1652707650.55616, sdrt-health/mac:02010b41cdec/antenna/tag/e28068940000500386620d4f, 83
1652707650.55663, sdrt-health/mac:02010b41cdec/antenna/tag/e2806894000050038661fd4f, 83
1652707650.571617, sdrt-health/mac:02010b41cdec/antenna/tag/e2806894000050038662194f, 83
1652707650.582161, sdrt-health/mac:02010b41cdec/antenna/tag/e28068940000400386621d4f, 77
1652707650.621569, sdrt-health/mac:02010b41cdec/antenna/tag/e2806894000040038662114f, 93
1652707650.663022, sdrt-health/mac:02010b41cdec/antenna/tag/e2806894000040038661f94f, 84
1652707650.701618, sdrt-health/mac:02010b41cdec/antenna/tag/e2806894000050038661fd4f, 83
1652707650.762287, sdrt-health/mac:02010b41cdec/antenna/tag/e2806894000050038662154f, 85
1652707650.762751, sdrt-health/mac:02010b41cdec/antenna/tag/e28068940000400386621d4f, 96
1652707650.791368, sdrt-health/mac:02010b41cdec/antenna/tag/e2806894000040038662114f, 91
1652707650.845622, sdrt-health/mac:02010b41cdec/antenna/tag/e28068940000400386621d4f, 96
1652707650.845932, sdrt-health/mac:02010b41cdec/antenna/tag/e2806894000040038662114f, 88
1652707650.862146, sdrt-health/mac:02010b41cdec/antenna/tag/e2806894000040038662114f, 85
1652707650.951613, sdrt-health/mac:02010b41cdec/antenna/tag/e2806894000040038662114f, 88
1652707650.981479, sdrt-health/mac:02010b41cdec/antenna/tag/e2806894000040038661f94f, 81
1652707650.981853, sdrt-health/mac:02010b41cdec/antenna/tag/e28068940000500386620d4f, 94
1652707650.982065, sdrt-health/mac:02010b41cdec/antenna/tag/e2806894000050038661fd4f, 90
1652707651.011035, sdrt-health/mac:02010b41cdec/antenna/tag/e2806894000050038661fd4f, 90
1652707651.081717, sdrt-health/mac:02010b41cdec/antenna/tag/e2806894000040038662114f, 91
1652707651.121652, sdrt-health/mac:02010b41cdec/antenna/tag/e2806894000040038662114f, 91
1652707651.161776, sdrt-health/mac:02010b41cdec/antenna/tag/e2806894000040038662114f, 88
1652707651.216135, sdrt-health/mac:02010b41cdec/antenna/tag/e28068940000400386621d4f, 77
1652707651.216836, sdrt-health/mac:02010b41cdec/antenna/tag/e2806894000050038662154f, 88
1652707651.285925, sdrt-health/mac:02010b41cdec/antenna/tag/e2806894000050038662154f, 88
1652707651.333042, sdrt-health/mac:02010b41cdec/antenna/tag/e2806894000050038662194f, 81
1652707651.362102, sdrt-health/mac:02010b41cdec/antenna/tag/e2806894000040038662114f, 97
1652707651.362312, sdrt-health/mac:02010b41cdec/antenna/tag/e28068940000400386621d4f, 96
1652707651.362454, sdrt-health/mac:02010b41cdec/antenna/tag/e2806894000040038662114f, 91
1652707651.376564, sdrt-health/mac:02010b41cdec/antenna/tag/e2806894000050038662154f, 91
1652707651.412311, sdrt-health/mac:02010b41cdec/antenna/tag/e2806894000050038662154f, 88
1652707651.451013, sdrt-health/mac:02010b41cdec/antenna/tag/e2806894000050038662154f, 91
1652707651.480149, sdrt-health/mac:02010b41cdec/antenna/tag/e2806894000050038661fd4f, 86
1652707651.480412, sdrt-health/mac:02010b41cdec/antenna/tag/e28068940000400386621d4f, 96
1652707651.495331, sdrt-health/mac:02010b41cdec/antenna/tag/e2806894000040038662114f, 91
1652707651.531488, sdrt-health/mac:02010b41cdec/antenna/tag/e28068940000400386621d4f, 96
1652707651.571181, sdrt-health/mac:02010b41cdec/antenna/tag/e2806894000050038661fd4f, 86
1652707651.626474, sdrt-health/mac:02010b41cdec/antenna/tag/e2806894000040038662114f, 88
1652707651.627016, sdrt-health/mac:02010b41cdec/antenna/tag/e28068940000400386621d4f, 96
1652707651.641085, sdrt-health/mac:02010b41cdec/antenna/tag/e2806894000040038661f94f, 88
1652707651.671259, sdrt-health/mac:02010b41cdec/antenna/tag/e28068940000500386620d4f, 81
1652707651.711619, sdrt-health/mac:02010b41cdec/antenna/tag/e2806894000050038662194f, 94
1652707651.767239, sdrt-health/mac:02010b41cdec/antenna/tag/e2806894000050038662154f, 88
1652707651.767954, sdrt-health/mac:02010b41cdec/antenna/tag/e28068940000500386620d4f, 87
1652707651.781331, sdrt-health/mac:02010b41cdec/antenna/tag/e2806894000050038661fd4f, 83
1652707651.798742, sdrt-health/mac:02010b41cdec/antenna/tag/e2806894000040038662214f, 81
1652707651.851323, sdrt-health/mac:02010b41cdec/antenna/tag/e28068940000400386621d4f, 77
1652707651.911768, sdrt-health/mac:02010b41cdec/antenna/tag/e2806894000050038662154f, 88
1652707651.950645, sdrt-health/mac:02010b41cdec/antenna/tag/e28068940000400386621d4f, 77
1652707651.991923, sdrt-health/mac:02010b41cdec/antenna/tag/e2806894000050038662194f, 87
1652707652.020003, sdrt-health/mac:02010b41cdec/antenna/tag/e2806894000040038662114f, 88
1652707652.020384, sdrt-health/mac:02010b41cdec/antenna/tag/e2806894000050038661fd4f, 86
1652707652.061001, sdrt-health/mac:02010b41cdec/antenna/tag/e2806894000050038662154f, 85
1652707652.100723, sdrt-health/mac:02010b41cdec/antenna/tag/e2806894000050038662194f, 83
1652707652.171696, sdrt-health/mac:02010b41cdec/antenna/tag/e2806894000050038661fd4f, 86
1652707652.210566, sdrt-health/mac:02010b41cdec/antenna/tag/e28068940000500386620d4f, 83
1652707652.265835, sdrt-health/mac:02010b41cdec/antenna/tag/e2806894000050038662194f, 88
1652707652.266319, sdrt-health/mac:02010b41cdec/antenna/tag/e2806894000050038661fd4f, 86
1652707652.280832, sdrt-health/mac:02010b41cdec/antenna/tag/e2806894000050038662194f, 81
1652707652.350346, sdrt-health/mac:02010b41cdec/antenna/tag/e2806894000040038661f94f, 94
1652707652.419019, sdrt-health/mac:02010b41cdec/antenna/tag/e2806894000040038661f94f, 103
1652707652.460338, sdrt-health/mac:02010b41cdec/antenna/tag/e2806894000050038662154f, 88
1652707652.460877, sdrt-health/mac:02010b41cdec/antenna/tag/e28068940000400386621d4f, 96
1652707652.475467, sdrt-health/mac:02010b41cdec/antenna/tag/e2806894000040038662054f, 84
1652707652.501174, sdrt-health/mac:02010b41cdec/antenna/tag/e2806894000050038662154f, 88
1652707652.565402, sdrt-health/mac:02010b41cdec/antenna/tag/e2806894000050038661fd4f, 86
1652707652.565908, sdrt-health/mac:02010b41cdec/antenna/tag/e28068940000500386620d4f, 83
1652707652.599992, sdrt-health/mac:02010b41cdec/antenna/tag/e2806894000050038662194f, 87
1652707652.69464, sdrt-health/mac:02010b41cdec/antenna/tag/e2806894000040038662114f, 91
1652707652.695137, sdrt-health/mac:02010b41cdec/antenna/tag/e2806894000050038662194f, 83
1652707652.709628, sdrt-health/mac:02010b41cdec/antenna/tag/e28068940000400386621d4f, 90
1652707652.720248, sdrt-health/mac:02010b41cdec/antenna/tag/e28068940000400386621d4f, 77
1652707652.724106, sdrt-health/mac:02010b41cdec/antenna/tag/e2806894000050038662194f, 81
1652707652.780247, sdrt-health/mac:02010b41cdec/antenna/tag/e2806894000050038662154f, 88
1652707652.851972, sdrt-health/mac:02010b41cdec/antenna/tag/e2806894000050038661fd4f, 90
1652707652.891766, sdrt-health/mac:02010b41cdec/antenna/tag/e28068940000500386620d4f, 83
1652707652.946304, sdrt-health/mac:02010b41cdec/antenna/tag/e2806894000040038662114f, 91
1652707652.946785, sdrt-health/mac:02010b41cdec/antenna/tag/e2806894000050038661fd4f, 90
1652707652.962546, sdrt-health/mac:02010b41cdec/antenna/tag/e2806894000050038662154f, 91
1652707652.972133, sdrt-health/mac:02010b41cdec/antenna/tag/e2806894000050038662154f, 91
1652707653.031051, sdrt-health/mac:02010b41cdec/antenna/tag/e2806894000040038662114f, 91
1652707653.103379, sdrt-health/mac:02010b41cdec/antenna/tag/e28068940000500386620d4f, 83
1652707653.103861, sdrt-health/mac:02010b41cdec/antenna/tag/e2806894000050038662154f, 88
1652707653.104201, sdrt-health/mac:02010b41cdec/antenna/tag/e2806894000040038662114f, 88
1652707653.130438, sdrt-health/mac:02010b41cdec/antenna/tag/e2806894000050038662194f, 84
1652707653.170441, sdrt-health/mac:02010b41cdec/antenna/tag/e2806894000050038662154f, 88
1652707653.226183, sdrt-health/mac:02010b41cdec/antenna/tag/e2806894000040038661f94f, 83
1652707653.226523, sdrt-health/mac:02010b41cdec/antenna/tag/e2806894000040038662114f, 91
1652707653.270396, sdrt-health/mac:02010b41cdec/antenna/tag/e2806894000040038662114f, 85
1652707653.311106, sdrt-health/mac:02010b41cdec/antenna/tag/e2806894000040038661f94f, 84
1652707653.350998, sdrt-health/mac:02010b41cdec/antenna/tag/e2806894000050038662154f, 88
1652707653.392298, sdrt-health/mac:02010b41cdec/antenna/tag/e2806894000050038662194f, 81
1652707653.431761, sdrt-health/mac:02010b41cdec/antenna/tag/e2806894000050038662194f, 88
1652707653.486339, sdrt-health/mac:02010b41cdec/antenna/tag/e2806894000050038662194f, 81
1652707653.486884, sdrt-health/mac:02010b41cdec/antenna/tag/e2806894000050038661fd4f, 83
1652707653.511088, sdrt-health/mac:02010b41cdec/antenna/tag/e2806894000050038662154f, 91
1652707653.565567, sdrt-health/mac:02010b41cdec/antenna/tag/e28068940000400386621d4f, 77
1652707653.566101, sdrt-health/mac:02010b41cdec/antenna/tag/e2806894000050038661fd4f, 83
1652707653.566485, sdrt-health/mac:02010b41cdec/antenna/tag/e28068940000400386621d4f, 77
1652707653.56719, sdrt-health/mac:02010b41cdec/antenna/tag/e2806894000040038662114f, 88
1652707653.597554, sdrt-health/mac:02010b41cdec/antenna/tag/e28068940000400386621d4f, 96
1652707653.640631, sdrt-health/mac:02010b41cdec/antenna/tag/e28068940000400386621d4f, 77
1652707653.669251, sdrt-health/mac:02010b41cdec/antenna/tag/e2806894000040038662114f, 91
1652707653.669517, sdrt-health/mac:02010b41cdec/antenna/tag/e28068940000500386620d4f, 87
1652707653.682783, sdrt-health/mac:02010b41cdec/antenna/tag/e2806894000040038662214f, 94
1652707653.752434, sdrt-health/mac:02010b41cdec/antenna/tag/e2806894000050038661fd4f, 90
1652707653.793548, sdrt-health/mac:02010b41cdec/antenna/tag/e28068940000500386620d4f, 81
1652707653.83122, sdrt-health/mac:02010b41cdec/antenna/tag/e2806894000050038662154f, 91
1652707653.871849, sdrt-health/mac:02010b41cdec/antenna/tag/e2806894000040038662114f, 97
1652707653.910752, sdrt-health/mac:02010b41cdec/antenna/tag/e2806894000050038661fd4f, 86
1652707653.966249, sdrt-health/mac:02010b41cdec/antenna/tag/e2806894000040038662114f, 97
1652707653.966933, sdrt-health/mac:02010b41cdec/antenna/tag/e2806894000040038662114f, 91
1652707654.001428, sdrt-health/mac:02010b41cdec/antenna/tag/e2806894000050038662194f, 83
1652707654.050897, sdrt-health/mac:02010b41cdec/antenna/tag/e2806894000050038662194f, 81
1652707654.115054, sdrt-health/mac:02010b41cdec/antenna/tag/e28068940000400386621d4f, 96
1652707654.115543, sdrt-health/mac:02010b41cdec/antenna/tag/e2806894000040038662114f, 88
1652707654.139319, sdrt-health/mac:02010b41cdec/antenna/tag/e2806894000040038662114f, 88
1652707654.180828, sdrt-health/mac:02010b41cdec/antenna/tag/e2806894000040038662114f, 85
1652707654.221925, sdrt-health/mac:02010b41cdec/antenna/tag/e2806894000040038662114f, 88
1652707654.260023, sdrt-health/mac:02010b41cdec/antenna/tag/e2806894000040038662114f, 88
1652707654.301374, sdrt-health/mac:02010b41cdec/antenna/tag/e2806894000050038662194f, 81
1652707654.375213, sdrt-health/mac:02010b41cdec/antenna/tag/e2806894000050038661fd4f, 86
1652707654.375725, sdrt-health/mac:02010b41cdec/antenna/tag/e2806894000050038662194f, 83
1652707654.409857, sdrt-health/mac:02010b41cdec/antenna/tag/e28068940000400386621d4f, 96
1652707654.448959, sdrt-health/mac:02010b41cdec/antenna/tag/e2806894000050038662154f, 97
1652707654.449427, sdrt-health/mac:02010b41cdec/antenna/tag/e2806894000050038661fd4f, 86
1652707654.487345, sdrt-health/mac:02010b41cdec/antenna/tag/e28068940000400386621d4f, 77
1652707654.505039, sdrt-health/mac:02010b41cdec/antenna/tag/e2806894000050038662154f, 91
1652707654.541904, sdrt-health/mac:02010b41cdec/antenna/tag/e28068940000500386620d4f, 81
1652707654.595542, sdrt-health/mac:02010b41cdec/antenna/tag/e2806894000040038662114f, 88
1652707654.59601, sdrt-health/mac:02010b41cdec/antenna/tag/e2806894000050038662154f, 91
1652707654.62276, sdrt-health/mac:02010b41cdec/antenna/tag/e28068940000500386620d4f, 87
1652707654.675858, sdrt-health/mac:02010b41cdec/antenna/tag/e2806894000040038662114f, 88
1652707654.676327, sdrt-health/mac:02010b41cdec/antenna/tag/e2806894000040038662114f, 85
1652707654.701987, sdrt-health/mac:02010b41cdec/antenna/tag/e2806894000040038662114f, 88
1652707654.741238, sdrt-health/mac:02010b41cdec/antenna/tag/e2806894000050038662154f, 88
1652707654.771375, sdrt-health/mac:02010b41cdec/antenna/tag/e2806894000040038662114f, 88
1652707654.77173, sdrt-health/mac:02010b41cdec/antenna/tag/e28068940000500386620d4f, 81
1652707654.83105, sdrt-health/mac:02010b41cdec/antenna/tag/e2806894000050038662154f, 91
1652707654.910889, sdrt-health/mac:02010b41cdec/antenna/tag/e2806894000040038661f94f, 81
1652707654.977919, sdrt-health/mac:02010b41cdec/antenna/tag/e2806894000040038662114f, 88
1652707654.99895, sdrt-health/mac:02010b41cdec/antenna/tag/e2806894000050038662154f, 97
1652707655.060679, sdrt-health/mac:02010b41cdec/antenna/tag/e28068940000500386620d4f, 88
1652707655.061122, sdrt-health/mac:02010b41cdec/antenna/tag/e2806894000040038662114f, 91
1652707655.118531, sdrt-health/mac:02010b41cdec/antenna/tag/e2806894000040038662114f, 91
1652707655.186258, sdrt-health/mac:02010b41cdec/antenna/tag/e2806894000040038661f94f, 88
1652707655.186788, sdrt-health/mac:02010b41cdec/antenna/tag/e2806894000050038661fd4f, 86
1652707655.187254, sdrt-health/mac:02010b41cdec/antenna/tag/e2806894000050038662154f, 88
1652707655.187736, sdrt-health/mac:02010b41cdec/antenna/tag/e2806894000050038661fd4f, 83
1652707655.188081, sdrt-health/mac:02010b41cdec/antenna/tag/e28068940000400386621d4f, 96
1652707655.20047, sdrt-health/mac:02010b41cdec/antenna/tag/e28068940000400386621d4f, 77
1652707655.270285, sdrt-health/mac:02010b41cdec/antenna/tag/e2806894000050038662154f, 88
1652707655.270742, sdrt-health/mac:02010b41cdec/antenna/tag/e28068940000400386621d4f, 77
1652707655.326301, sdrt-health/mac:02010b41cdec/antenna/tag/e2806894000040038662114f, 88
1652707655.326799, sdrt-health/mac:02010b41cdec/antenna/tag/e28068940000500386620d4f, 83
1652707655.327329, sdrt-health/mac:02010b41cdec/antenna/tag/e28068940000400386621d4f, 96
1652707655.388337, sdrt-health/mac:02010b41cdec/antenna/tag/e28068940000500386620d4f, 83
1652707655.45275, sdrt-health/mac:02010b41cdec/antenna/tag/e2806894000040038662114f, 88
1652707655.453239, sdrt-health/mac:02010b41cdec/antenna/tag/e2806894000050038662154f, 88
1652707655.46607, sdrt-health/mac:02010b41cdec/antenna/tag/e28068940000400386621d4f, 96
1652707655.518296, sdrt-health/mac:02010b41cdec/antenna/tag/e2806894000040038662114f, 97
1652707655.585661, sdrt-health/mac:02010b41cdec/antenna/tag/e2806894000050038661fd4f, 90
1652707655.586127, sdrt-health/mac:02010b41cdec/antenna/tag/e28068940000400386621d4f, 96
1652707655.58648, sdrt-health/mac:02010b41cdec/antenna/tag/e2806894000050038661fd4f, 90
1652707655.600399, sdrt-health/mac:02010b41cdec/antenna/tag/e2806894000040038662114f, 97
1652707655.600914, sdrt-health/mac:02010b41cdec/antenna/tag/e2806894000050038662194f, 81
1652707655.601325, sdrt-health/mac:02010b41cdec/antenna/tag/e28068940000500386620d4f, 81
1652707655.601697, sdrt-health/mac:02010b41cdec/antenna/tag/e2806894000050038662154f, 88
1652707655.60208, sdrt-health/mac:02010b41cdec/antenna/tag/e2806894000050038661fd4f, 86
1652707655.602435, sdrt-health/mac:02010b41cdec/antenna/tag/e28068940000500386620d4f, 81
1652707655.650664, sdrt-health/mac:02010b41cdec/antenna/tag/e2806894000050038662194f, 94
1652707655.723341, sdrt-health/mac:02010b41cdec/antenna/tag/e2806894000050038661fd4f, 86
1652707655.724249, sdrt-health/mac:02010b41cdec/antenna/tag/e2806894000050038662154f, 88
1652707655.738736, sdrt-health/mac:02010b41cdec/antenna/tag/e2806894000050038662194f, 81
1652707655.739231, sdrt-health/mac:02010b41cdec/antenna/tag/e2806894000040038662054f, 88
1652707655.750428, sdrt-health/mac:02010b41cdec/antenna/tag/e2806894000040038662214f, 81
1652707655.796193, sdrt-health/mac:02010b41cdec/antenna/tag/e28068940000500386620d4f, 83
1652707655.842637, sdrt-health/mac:02010b41cdec/antenna/tag/e2806894000040038662114f, 88
1652707655.883264, sdrt-health/mac:02010b41cdec/antenna/tag/e2806894000050038661fd4f, 86
1652707656.019967, sdrt-health/mac:02010b41cdec/antenna/tag/e28068940000400386621d4f, 77
1652707656.020237, sdrt-health/mac:02010b41cdec/antenna/tag/e28068940000400386621d4f, 96
1652707656.070884, sdrt-health/mac:02010b41cdec/antenna/tag/e28068940000400386621d4f, 77
1652707656.139533, sdrt-health/mac:02010b41cdec/antenna/tag/e2806894000050038661fd4f, 86
1652707656.139991, sdrt-health/mac:02010b41cdec/antenna/tag/e2806894000050038662194f, 81
1652707656.154193, sdrt-health/mac:02010b41cdec/antenna/tag/e2806894000040038662214f, 94
1652707656.154652, sdrt-health/mac:02010b41cdec/antenna/tag/e2806894000050038661fd4f, 86
1652707656.155057, sdrt-health/mac:02010b41cdec/antenna/tag/e2806894000050038662154f, 85
1652707656.209118, sdrt-health/mac:02010b41cdec/antenna/tag/e28068940000400386621d4f, 96
1652707656.277818, sdrt-health/mac:02010b41cdec/antenna/tag/e2806894000040038662214f, 81
1652707656.278377, sdrt-health/mac:02010b41cdec/antenna/tag/e2806894000040038662114f, 88
1652707656.293232, sdrt-health/mac:02010b41cdec/antenna/tag/e28068940000400386621d4f, 77
1652707656.302246, sdrt-health/mac:02010b41cdec/antenna/tag/e2806894000040038662114f, 88
1652707656.347403, sdrt-health/mac:02010b41cdec/antenna/tag/e2806894000050038662154f, 97
1652707656.361552, sdrt-health/mac:02010b41cdec/antenna/tag/e28068940000500386620d4f, 94
1652707656.386931, sdrt-health/mac:02010b41cdec/antenna/tag/e2806894000040038662114f, 91
1652707656.420091, sdrt-health/mac:02010b41cdec/antenna/tag/e28068940000500386620d4f, 81
1652707656.491835, sdrt-health/mac:02010b41cdec/antenna/tag/e28068940000400386621d4f, 77
1652707656.492315, sdrt-health/mac:02010b41cdec/antenna/tag/e2806894000050038662154f, 91
1652707656.546475, sdrt-health/mac:02010b41cdec/antenna/tag/e2806894000040038662114f, 88
1652707656.547134, sdrt-health/mac:02010b41cdec/antenna/tag/e28068940000500386620d4f, 84
1652707656.547519, sdrt-health/mac:02010b41cdec/antenna/tag/e2806894000050038661fd4f, 90
1652707656.547943, sdrt-health/mac:02010b41cdec/antenna/tag/e28068940000400386621d4f, 96
1652707656.560951, sdrt-health/mac:02010b41cdec/antenna/tag/e2806894000050038662154f, 91
1652707656.561463, sdrt-health/mac:02010b41cdec/antenna/tag/e2806894000040038662114f, 88
1652707656.614942, sdrt-health/mac:02010b41cdec/antenna/tag/e2806894000040038662114f, 91
1652707656.621108, sdrt-health/mac:02010b41cdec/antenna/tag/e28068940000500386620d4f, 83
1652707656.685079, sdrt-health/mac:02010b41cdec/antenna/tag/e2806894000050038662194f, 81
1652707656.685483, sdrt-health/mac:02010b41cdec/antenna/tag/e2806894000040038662114f, 88
1652707656.699941, sdrt-health/mac:02010b41cdec/antenna/tag/e2806894000040038661f94f, 82
1652707656.700182, sdrt-health/mac:02010b41cdec/antenna/tag/e2806894000050038662194f, 84
1652707656.703894, sdrt-health/mac:02010b41cdec/antenna/tag/e2806894000050038662154f, 85
1652707656.753706, sdrt-health/mac:02010b41cdec/antenna/tag/e28068940000500386620d4f, 87
1652707656.836663, sdrt-health/mac:02010b41cdec/antenna/tag/e28068940000400386621d4f, 96
1652707656.837188, sdrt-health/mac:02010b41cdec/antenna/tag/e2806894000050038662154f, 91
1652707656.837568, sdrt-health/mac:02010b41cdec/antenna/tag/e28068940000400386621d4f, 96
1652707656.892048, sdrt-health/mac:02010b41cdec/antenna/tag/e2806894000050038662154f, 97
1652707656.892587, sdrt-health/mac:02010b41cdec/antenna/tag/e2806894000040038662114f, 91
1652707656.892978, sdrt-health/mac:02010b41cdec/antenna/tag/e2806894000040038662114f, 97
1652707656.89331, sdrt-health/mac:02010b41cdec/antenna/tag/e2806894000050038661fd4f, 86
1652707656.907658, sdrt-health/mac:02010b41cdec/antenna/tag/e28068940000400386621d4f, 96
1652707656.959885, sdrt-health/mac:02010b41cdec/antenna/tag/e2806894000040038662114f, 91
1652707657.028302, sdrt-health/mac:02010b41cdec/antenna/tag/e2806894000040038662214f, 82
1652707657.031687, sdrt-health/mac:02010b41cdec/antenna/tag/e2806894000040038662114f, 91
1652707657.071721, sdrt-health/mac:02010b41cdec/antenna/tag/e2806894000050038662154f, 85
1652707657.126931, sdrt-health/mac:02010b41cdec/antenna/tag/e2806894000040038661f94f, 81
1652707657.127451, sdrt-health/mac:02010b41cdec/antenna/tag/e2806894000050038661fd4f, 86
1652707657.127828, sdrt-health/mac:02010b41cdec/antenna/tag/e2806894000050038662194f, 81
1652707657.15096, sdrt-health/mac:02010b41cdec/antenna/tag/e2806894000040038662214f, 82
1652707657.198687, sdrt-health/mac:02010b41cdec/antenna/tag/e2806894000040038661f94f, 83
1652707657.249994, sdrt-health/mac:02010b41cdec/antenna/tag/e2806894000040038662114f, 85
1652707657.306012, sdrt-health/mac:02010b41cdec/antenna/tag/e2806894000050038661fd4f, 86
1652707657.306484, sdrt-health/mac:02010b41cdec/antenna/tag/e2806894000050038662194f, 94
1652707657.321478, sdrt-health/mac:02010b41cdec/antenna/tag/e2806894000050038662194f, 81
1652707657.349419, sdrt-health/mac:02010b41cdec/antenna/tag/e2806894000050038662154f, 97
1652707657.349715, sdrt-health/mac:02010b41cdec/antenna/tag/e2806894000050038661fd4f, 83
1652707657.349963, sdrt-health/mac:02010b41cdec/antenna/tag/e2806894000040038662114f, 91
1652707657.40283, sdrt-health/mac:02010b41cdec/antenna/tag/e2806894000050038661fd4f, 86
1652707657.517271, sdrt-health/mac:02010b41cdec/antenna/tag/e28068940000400386621d4f, 96
1652707657.546637, sdrt-health/mac:02010b41cdec/antenna/tag/e2806894000040038661f94f, 81
1652707657.546998, sdrt-health/mac:02010b41cdec/antenna/tag/e2806894000050038661fd4f, 86
1652707657.547234, sdrt-health/mac:02010b41cdec/antenna/tag/e28068940000500386620d4f, 81
1652707657.569303, sdrt-health/mac:02010b41cdec/antenna/tag/e2806894000040038662114f, 97
1652707657.656434, sdrt-health/mac:02010b41cdec/antenna/tag/e28068940000500386620d4f, 81
1652707657.65701, sdrt-health/mac:02010b41cdec/antenna/tag/e28068940000500386620d4f, 83
1652707657.680765, sdrt-health/mac:02010b41cdec/antenna/tag/e2806894000050038662154f, 85
1652707657.681211, sdrt-health/mac:02010b41cdec/antenna/tag/e2806894000050038662194f, 81
1652707657.681654, sdrt-health/mac:02010b41cdec/antenna/tag/e2806894000050038661fd4f, 86
1652707657.771039, sdrt-health/mac:02010b41cdec/antenna/tag/e2806894000050038662154f, 91
1652707657.830969, sdrt-health/mac:02010b41cdec/antenna/tag/e2806894000050038661fd4f, 86
1652707657.859188, sdrt-health/mac:02010b41cdec/antenna/tag/e2806894000050038662194f, 83
1652707657.859755, sdrt-health/mac:02010b41cdec/antenna/tag/e28068940000400386621d4f, 96
1652707657.910553, sdrt-health/mac:02010b41cdec/antenna/tag/e2806894000050038662154f, 91
1652707657.950538, sdrt-health/mac:02010b41cdec/antenna/tag/e2806894000050038661fd4f, 86
1652707658.006239, sdrt-health/mac:02010b41cdec/antenna/tag/e2806894000040038661f94f, 94
1652707658.006775, sdrt-health/mac:02010b41cdec/antenna/tag/e2806894000040038661f94f, 81
1652707658.039053, sdrt-health/mac:02010b41cdec/antenna/tag/e2806894000050038662154f, 91
1652707658.080352, sdrt-health/mac:02010b41cdec/antenna/tag/e28068940000400386621d4f, 96
1652707658.137188, sdrt-health/mac:02010b41cdec/antenna/tag/e2806894000040038661f94f, 82
1652707658.137687, sdrt-health/mac:02010b41cdec/antenna/tag/e28068940000500386620d4f, 87
1652707658.17948, sdrt-health/mac:02010b41cdec/antenna/tag/e28068940000400386621d4f, 77
1652707658.222364, sdrt-health/mac:02010b41cdec/antenna/tag/e2806894000050038661fd4f, 86
1652707658.301958, sdrt-health/mac:02010b41cdec/antenna/tag/e28068940000500386620d4f, 83
1652707658.342032, sdrt-health/mac:02010b41cdec/antenna/tag/e28068940000400386621d4f, 77
1652707658.397543, sdrt-health/mac:02010b41cdec/antenna/tag/e2806894000040038661f94f, 81
1652707658.398051, sdrt-health/mac:02010b41cdec/antenna/tag/e2806894000040038662214f, 83
1652707658.421355, sdrt-health/mac:02010b41cdec/antenna/tag/e2806894000050038662154f, 85
1652707658.461951, sdrt-health/mac:02010b41cdec/antenna/tag/e2806894000050038661fd4f, 83
1652707658.492794, sdrt-health/mac:02010b41cdec/antenna/tag/e2806894000040038662114f, 85
1652707658.493044, sdrt-health/mac:02010b41cdec/antenna/tag/e28068940000500386620d4f, 83
1652707658.507241, sdrt-health/mac:02010b41cdec/antenna/tag/e2806894000040038662114f, 88
1652707658.50746, sdrt-health/mac:02010b41cdec/antenna/tag/e2806894000050038662154f, 85
1652707658.542491, sdrt-health/mac:02010b41cdec/antenna/tag/e28068940000400386621d4f, 77
1652707658.58252, sdrt-health/mac:02010b41cdec/antenna/tag/e2806894000040038661f94f, 94
1652707658.644283, sdrt-health/mac:02010b41cdec/antenna/tag/e2806894000050038662194f, 88
1652707658.64479, sdrt-health/mac:02010b41cdec/antenna/tag/e2806894000040038662114f, 88
1652707658.670872, sdrt-health/mac:02010b41cdec/antenna/tag/e2806894000050038662194f, 94
1652707658.712864, sdrt-health/mac:02010b41cdec/antenna/tag/e2806894000040038662214f, 82
1652707658.713363, sdrt-health/mac:02010b41cdec/antenna/tag/e28068940000400386621d4f, 77
1652707658.713643, sdrt-health/mac:02010b41cdec/antenna/tag/e2806894000050038661fd4f, 83
1652707658.733928, sdrt-health/mac:02010b41cdec/antenna/tag/e28068940000400386621d4f, 96
1652707658.759602, sdrt-health/mac:02010b41cdec/antenna/tag/e2806894000040038662114f, 88
1652707658.833808, sdrt-health/mac:02010b41cdec/antenna/tag/e2806894000050038662194f, 83
1652707658.834346, sdrt-health/mac:02010b41cdec/antenna/tag/e2806894000050038662194f, 81
1652707658.868597, sdrt-health/mac:02010b41cdec/antenna/tag/e28068940000500386620d4f, 83
1652707658.912553, sdrt-health/mac:02010b41cdec/antenna/tag/e2806894000040038662114f, 88
1652707658.968182, sdrt-health/mac:02010b41cdec/antenna/tag/e2806894000050038661fd4f, 86
1652707659.021613, sdrt-health/mac:02010b41cdec/antenna/tag/e2806894000050038662154f, 88
1652707659.096101, sdrt-health/mac:02010b41cdec/antenna/tag/e28068940000500386620d4f, 83
1652707659.096636, sdrt-health/mac:02010b41cdec/antenna/tag/e2806894000050038662194f, 83
1652707659.129846, sdrt-health/mac:02010b41cdec/antenna/tag/e2806894000050038661fd4f, 90
1652707659.224093, sdrt-health/mac:02010b41cdec/antenna/tag/e2806894000050038661fd4f, 90
1652707659.22432, sdrt-health/mac:02010b41cdec/antenna/tag/e2806894000040038662114f, 91
1652707659.237439, sdrt-health/mac:02010b41cdec/antenna/tag/e28068940000500386620d4f, 87
1652707659.237766, sdrt-health/mac:02010b41cdec/antenna/tag/e2806894000050038662154f, 85
1652707659.237939, sdrt-health/mac:02010b41cdec/antenna/tag/e2806894000050038662194f, 83
1652707659.250404, sdrt-health/mac:02010b41cdec/antenna/tag/e28068940000500386620d4f, 83
1652707659.250846, sdrt-health/mac:02010b41cdec/antenna/tag/e2806894000050038662194f, 81
1652707659.251158, sdrt-health/mac:02010b41cdec/antenna/tag/e2806894000040038662114f, 88
1652707659.330551, sdrt-health/mac:02010b41cdec/antenna/tag/e2806894000040038662114f, 91
1652707659.370682, sdrt-health/mac:02010b41cdec/antenna/tag/e2806894000040038662114f, 88
1652707659.398862, sdrt-health/mac:02010b41cdec/antenna/tag/e2806894000050038661fd4f, 86
1652707659.39927, sdrt-health/mac:02010b41cdec/antenna/tag/e28068940000400386621d4f, 96
1652707659.399561, sdrt-health/mac:02010b41cdec/antenna/tag/e28068940000500386620d4f, 88
1652707659.413069, sdrt-health/mac:02010b41cdec/antenna/tag/e28068940000400386621d4f, 96
1652707659.413289, sdrt-health/mac:02010b41cdec/antenna/tag/e2806894000050038661fd4f, 90
1652707659.471366, sdrt-health/mac:02010b41cdec/antenna/tag/e2806894000040038662114f, 91
1652707659.471892, sdrt-health/mac:02010b41cdec/antenna/tag/e2806894000050038662154f, 88
1652707659.53859, sdrt-health/mac:02010b41cdec/antenna/tag/e2806894000050038662194f, 84
1652707659.58093, sdrt-health/mac:02010b41cdec/antenna/tag/e28068940000500386620d4f, 87
1652707659.629221, sdrt-health/mac:02010b41cdec/antenna/tag/e2806894000040038662054f, 88
1652707659.684148, sdrt-health/mac:02010b41cdec/antenna/tag/e2806894000050038662194f, 94
1652707659.684677, sdrt-health/mac:02010b41cdec/antenna/tag/e28068940000500386620d4f, 83
1652707659.698117, sdrt-health/mac:02010b41cdec/antenna/tag/e2806894000050038662194f, 83
1652707659.745254, sdrt-health/mac:02010b41cdec/antenna/tag/e28068940000400386621d4f, 96
1652707659.745666, sdrt-health/mac:02010b41cdec/antenna/tag/e2806894000040038662114f, 88
1652707659.770193, sdrt-health/mac:02010b41cdec/antenna/tag/e28068940000400386621d4f, 96
1652707659.797121, sdrt-health/mac:02010b41cdec/antenna/tag/e2806894000040038662114f, 91
1652707659.797374, sdrt-health/mac:02010b41cdec/antenna/tag/e28068940000500386620d4f, 83
1652707659.810238, sdrt-health/mac:02010b41cdec/antenna/tag/e2806894000050038662194f, 81
1652707659.810535, sdrt-health/mac:02010b41cdec/antenna/tag/e2806894000040038662114f, 85
1652707659.851413, sdrt-health/mac:02010b41cdec/antenna/tag/e2806894000050038662154f, 88
1652707659.890894, sdrt-health/mac:02010b41cdec/antenna/tag/e2806894000050038662194f, 81
1652707659.943665, sdrt-health/mac:02010b41cdec/antenna/tag/e2806894000050038661fd4f, 86
1652707659.944127, sdrt-health/mac:02010b41cdec/antenna/tag/e2806894000040038662114f, 88
1652707659.971041, sdrt-health/mac:02010b41cdec/antenna/tag/e2806894000050038661fd4f, 86
1652707660.009856, sdrt-health/mac:02010b41cdec/antenna/tag/e28068940000400386621d4f, 77
1652707660.066576, sdrt-health/mac:02010b41cdec/antenna/tag/e2806894000040038662114f, 85
1652707660.067267, sdrt-health/mac:02010b41cdec/antenna/tag/e2806894000050038661fd4f, 86
1652707660.080559, sdrt-health/mac:02010b41cdec/antenna/tag/e2806894000040038662114f, 88
1652707660.090522, sdrt-health/mac:02010b41cdec/antenna/tag/e28068940000400386621d4f, 77
1652707660.131673, sdrt-health/mac:02010b41cdec/antenna/tag/e2806894000050038662194f, 83
1652707660.181389, sdrt-health/mac:02010b41cdec/antenna/tag/e2806894000050038661fd4f, 83
1652707660.220482, sdrt-health/mac:02010b41cdec/antenna/tag/e2806894000040038662114f, 88
1652707660.268006, sdrt-health/mac:02010b41cdec/antenna/tag/e28068940000500386620d4f, 88
1652707660.296652, sdrt-health/mac:02010b41cdec/antenna/tag/e28068940000500386620d4f, 83
1652707660.296911, sdrt-health/mac:02010b41cdec/antenna/tag/e2806894000050038662154f, 91
1652707660.310332, sdrt-health/mac:02010b41cdec/antenna/tag/e2806894000040038661f94f, 81
1652707660.35017, sdrt-health/mac:02010b41cdec/antenna/tag/e28068940000500386620d4f, 94
1652707660.415478, sdrt-health/mac:02010b41cdec/antenna/tag/e2806894000040038662114f, 88
1652707660.41601, sdrt-health/mac:02010b41cdec/antenna/tag/e28068940000400386621d4f, 96
1652707660.430221, sdrt-health/mac:02010b41cdec/antenna/tag/e2806894000050038662154f, 91
1652707660.458125, sdrt-health/mac:02010b41cdec/antenna/tag/e2806894000050038662194f, 94
1652707660.458466, sdrt-health/mac:02010b41cdec/antenna/tag/e28068940000400386621d4f, 96
1652707660.458674, sdrt-health/mac:02010b41cdec/antenna/tag/e2806894000050038662194f, 84
1652707660.571009, sdrt-health/mac:02010b41cdec/antenna/tag/e2806894000050038662154f, 88
1652707660.599052, sdrt-health/mac:02010b41cdec/antenna/tag/e2806894000050038661fd4f, 86
1652707660.599503, sdrt-health/mac:02010b41cdec/antenna/tag/e28068940000500386620d4f, 81
1652707660.614842, sdrt-health/mac:02010b41cdec/antenna/tag/e2806894000050038661fd4f, 90
1652707660.615202, sdrt-health/mac:02010b41cdec/antenna/tag/e2806894000050038661fd4f, 90
1652707660.650008, sdrt-health/mac:02010b41cdec/antenna/tag/e2806894000050038661fd4f, 83
1652707660.651005, sdrt-health/mac:02010b41cdec/antenna/tag/e28068940000400386621d4f, 77
1652707660.770526, sdrt-health/mac:02010b41cdec/antenna/tag/e2806894000050038662154f, 85
1652707660.821143, sdrt-health/mac:02010b41cdec/antenna/tag/e2806894000050038662194f, 94
1652707660.875135, sdrt-health/mac:02010b41cdec/antenna/tag/e2806894000050038661fd4f, 86
1652707660.875653, sdrt-health/mac:02010b41cdec/antenna/tag/e2806894000050038662194f, 81
1652707660.900931, sdrt-health/mac:02010b41cdec/antenna/tag/e28068940000400386621d4f, 77
1652707660.955828, sdrt-health/mac:02010b41cdec/antenna/tag/e28068940000400386621d4f, 77
1652707660.956273, sdrt-health/mac:02010b41cdec/antenna/tag/e2806894000040038662114f, 85
1652707660.98821, sdrt-health/mac:02010b41cdec/antenna/tag/e28068940000400386621d4f, 77
1652707661.029785, sdrt-health/mac:02010b41cdec/antenna/tag/e2806894000040038662114f, 88
1652707661.072765, sdrt-health/mac:02010b41cdec/antenna/tag/e28068940000500386620d4f, 83
1652707661.125549, sdrt-health/mac:02010b41cdec/antenna/tag/e2806894000050038661fd4f, 86
1652707661.126019, sdrt-health/mac:02010b41cdec/antenna/tag/e28068940000500386620d4f, 83
1652707661.139811, sdrt-health/mac:02010b41cdec/antenna/tag/e2806894000050038662194f, 81
1652707661.150308, sdrt-health/mac:02010b41cdec/antenna/tag/e2806894000050038662154f, 91
1652707661.190451, sdrt-health/mac:02010b41cdec/antenna/tag/e2806894000040038662114f, 85
1652707661.245364, sdrt-health/mac:02010b41cdec/antenna/tag/e2806894000050038661fd4f, 86
1652707661.245829, sdrt-health/mac:02010b41cdec/antenna/tag/e2806894000050038662154f, 91
1652707661.259817, sdrt-health/mac:02010b41cdec/antenna/tag/e2806894000050038662154f, 91
1652707661.290294, sdrt-health/mac:02010b41cdec/antenna/tag/e28068940000500386620d4f, 88
1652707661.317179, sdrt-health/mac:02010b41cdec/antenna/tag/e2806894000050038661fd4f, 90
1652707661.317553, sdrt-health/mac:02010b41cdec/antenna/tag/e2806894000050038662154f, 91
1652707661.33085, sdrt-health/mac:02010b41cdec/antenna/tag/e2806894000040038661f94f, 94
1652707661.331117, sdrt-health/mac:02010b41cdec/antenna/tag/e28068940000400386621d4f, 96
1652707661.331297, sdrt-health/mac:02010b41cdec/antenna/tag/e2806894000050038661fd4f, 86
1652707661.370457, sdrt-health/mac:02010b41cdec/antenna/tag/e2806894000050038661fd4f, 86
1652707661.460631, sdrt-health/mac:02010b41cdec/antenna/tag/e2806894000040038662114f, 88
1652707661.500714, sdrt-health/mac:02010b41cdec/antenna/tag/e28068940000500386620d4f, 81
1652707661.570627, sdrt-health/mac:02010b41cdec/antenna/tag/e2806894000050038662154f, 91
1652707661.610587, sdrt-health/mac:02010b41cdec/antenna/tag/e28068940000500386620d4f, 81
1652707661.694613, sdrt-health/mac:02010b41cdec/antenna/tag/e2806894000050038661fd4f, 86
1652707661.69523, sdrt-health/mac:02010b41cdec/antenna/tag/e2806894000040038662114f, 88
1652707661.751651, sdrt-health/mac:02010b41cdec/antenna/tag/e2806894000040038662114f, 88
1652707661.790419, sdrt-health/mac:02010b41cdec/antenna/tag/e2806894000050038661fd4f, 86
1652707661.831261, sdrt-health/mac:02010b41cdec/antenna/tag/e28068940000400386621d4f, 77
1652707661.884449, sdrt-health/mac:02010b41cdec/antenna/tag/e2806894000040038661f94f, 81
1652707661.884917, sdrt-health/mac:02010b41cdec/antenna/tag/e2806894000040038661f94f, 81
1652707661.885285, sdrt-health/mac:02010b41cdec/antenna/tag/e2806894000040038661f94f, 88
1652707661.939201, sdrt-health/mac:02010b41cdec/antenna/tag/e2806894000050038661fd4f, 86
1652707661.980613, sdrt-health/mac:02010b41cdec/antenna/tag/e28068940000400386621d4f, 90
1652707661.981106, sdrt-health/mac:02010b41cdec/antenna/tag/e2806894000040038662114f, 88
1652707662.020669, sdrt-health/mac:02010b41cdec/antenna/tag/e28068940000500386620d4f, 83
1652707662.076835, sdrt-health/mac:02010b41cdec/antenna/tag/e2806894000050038661fd4f, 86
1652707662.077424, sdrt-health/mac:02010b41cdec/antenna/tag/e2806894000050038661fd4f, 86
1652707662.100545, sdrt-health/mac:02010b41cdec/antenna/tag/e28068940000400386621d4f, 90
1652707662.140333, sdrt-health/mac:02010b41cdec/antenna/tag/e28068940000500386620d4f, 81
1652707662.23107, sdrt-health/mac:02010b41cdec/antenna/tag/e28068940000400386621d4f, 77
1652707662.290646, sdrt-health/mac:02010b41cdec/antenna/tag/e2806894000040038661f94f, 94
1652707662.319219, sdrt-health/mac:02010b41cdec/antenna/tag/e28068940000500386620d4f, 83
1652707662.319568, sdrt-health/mac:02010b41cdec/antenna/tag/e2806894000050038662194f, 87
1652707662.338917, sdrt-health/mac:02010b41cdec/antenna/tag/e2806894000050038662154f, 91
1652707662.393736, sdrt-health/mac:02010b41cdec/antenna/tag/e28068940000400386621d4f, 77
1652707662.393977, sdrt-health/mac:02010b41cdec/antenna/tag/e2806894000050038662154f, 91
1652707662.407786, sdrt-health/mac:02010b41cdec/antenna/tag/e2806894000050038662154f, 91
1652707662.421227, sdrt-health/mac:02010b41cdec/antenna/tag/e2806894000050038662194f, 81
1652707662.48404, sdrt-health/mac:02010b41cdec/antenna/tag/e2806894000050038661fd4f, 86
1652707662.484655, sdrt-health/mac:02010b41cdec/antenna/tag/e2806894000050038662194f, 81
1652707662.513606, sdrt-health/mac:02010b41cdec/antenna/tag/e2806894000050038662194f, 81
1652707662.551261, sdrt-health/mac:02010b41cdec/antenna/tag/e2806894000050038662154f, 97
1652707662.604715, sdrt-health/mac:02010b41cdec/antenna/tag/e2806894000050038661fd4f, 86
1652707662.605296, sdrt-health/mac:02010b41cdec/antenna/tag/e2806894000040038662214f, 94
1652707662.61851, sdrt-health/mac:02010b41cdec/antenna/tag/e28068940000500386620d4f, 83
1652707662.630228, sdrt-health/mac:02010b41cdec/antenna/tag/e2806894000050038661fd4f, 83
1652707662.632394, sdrt-health/mac:02010b41cdec/antenna/tag/e28068940000400386621d4f, 77
1652707662.669496, sdrt-health/mac:02010b41cdec/antenna/tag/e28068940000500386620d4f, 81
1652707662.776373, sdrt-health/mac:02010b41cdec/antenna/tag/e2806894000040038661f94f, 88
1652707662.776907, sdrt-health/mac:02010b41cdec/antenna/tag/e28068940000400386621d4f, 77
1652707662.814159, sdrt-health/mac:02010b41cdec/antenna/tag/e2806894000050038661fd4f, 86
1652707662.862066, sdrt-health/mac:02010b41cdec/antenna/tag/e2806894000040038661f94f, 81
1652707662.916631, sdrt-health/mac:02010b41cdec/antenna/tag/e28068940000500386620d4f, 83
1652707662.917163, sdrt-health/mac:02010b41cdec/antenna/tag/e28068940000400386621d4f, 96
1652707662.917588, sdrt-health/mac:02010b41cdec/antenna/tag/e2806894000040038662114f, 88
1652707662.95374, sdrt-health/mac:02010b41cdec/antenna/tag/e2806894000040038661f94f, 88
1652707663.019805, sdrt-health/mac:02010b41cdec/antenna/tag/e2806894000050038662154f, 91
1652707663.060277, sdrt-health/mac:02010b41cdec/antenna/tag/e2806894000040038662114f, 88
1652707663.090687, sdrt-health/mac:02010b41cdec/antenna/tag/e2806894000050038661fd4f, 86
1652707663.09099, sdrt-health/mac:02010b41cdec/antenna/tag/e2806894000050038662154f, 88
1652707663.104629, sdrt-health/mac:02010b41cdec/antenna/tag/e2806894000050038662154f, 88
1652707663.148374, sdrt-health/mac:02010b41cdec/antenna/tag/e2806894000050038661fd4f, 83
1652707663.190564, sdrt-health/mac:02010b41cdec/antenna/tag/e28068940000500386620d4f, 83
1652707663.276257, sdrt-health/mac:02010b41cdec/antenna/tag/e28068940000400386621d4f, 77
1652707663.276722, sdrt-health/mac:02010b41cdec/antenna/tag/e2806894000040038662114f, 91
1652707663.329823, sdrt-health/mac:02010b41cdec/antenna/tag/e2806894000050038662154f, 91
1652707663.38307, sdrt-health/mac:02010b41cdec/antenna/tag/e2806894000040038662114f, 88
1652707663.383665, sdrt-health/mac:02010b41cdec/antenna/tag/e28068940000500386620d4f, 87
1652707663.396802, sdrt-health/mac:02010b41cdec/antenna/tag/e2806894000050038662154f, 88
1652707663.41016, sdrt-health/mac:02010b41cdec/antenna/tag/e2806894000040038662114f, 88
1652707663.451953, sdrt-health/mac:02010b41cdec/antenna/tag/e28068940000500386620d4f, 83
1652707663.505739, sdrt-health/mac:02010b41cdec/antenna/tag/e2806894000040038662114f, 91
1652707663.506166, sdrt-health/mac:02010b41cdec/antenna/tag/e28068940000500386620d4f, 81
1652707663.53089, sdrt-health/mac:02010b41cdec/antenna/tag/e2806894000040038662114f, 88
1652707663.585944, sdrt-health/mac:02010b41cdec/antenna/tag/e2806894000040038662114f, 88
1652707663.586389, sdrt-health/mac:02010b41cdec/antenna/tag/e2806894000040038662114f, 85
1652707663.610277, sdrt-health/mac:02010b41cdec/antenna/tag/e28068940000500386620d4f, 81
1652707663.651029, sdrt-health/mac:02010b41cdec/antenna/tag/e2806894000050038662194f, 87
1652707663.691653, sdrt-health/mac:02010b41cdec/antenna/tag/e2806894000040038661f94f, 81
1652707663.741851, sdrt-health/mac:02010b41cdec/antenna/tag/e2806894000050038661fd4f, 86
1652707663.781729, sdrt-health/mac:02010b41cdec/antenna/tag/e2806894000050038662154f, 91
1652707663.836079, sdrt-health/mac:02010b41cdec/antenna/tag/e28068940000400386621d4f, 96
1652707663.836598, sdrt-health/mac:02010b41cdec/antenna/tag/e2806894000050038662154f, 91
1652707663.851005, sdrt-health/mac:02010b41cdec/antenna/tag/e28068940000400386621d4f, 77
1652707663.851493, sdrt-health/mac:02010b41cdec/antenna/tag/e2806894000050038661fd4f, 83
1652707663.926403, sdrt-health/mac:02010b41cdec/antenna/tag/e28068940000400386621d4f, 77
1652707663.956347, sdrt-health/mac:02010b41cdec/antenna/tag/e28068940000400386621d4f, 96
1652707663.957024, sdrt-health/mac:02010b41cdec/antenna/tag/e2806894000050038662154f, 91
1652707663.957369, sdrt-health/mac:02010b41cdec/antenna/tag/e28068940000500386620d4f, 81
1652707663.970432, sdrt-health/mac:02010b41cdec/antenna/tag/e2806894000040038662114f, 85
1652707664.042174, sdrt-health/mac:02010b41cdec/antenna/tag/e28068940000500386620d4f, 83
1652707664.042645, sdrt-health/mac:02010b41cdec/antenna/tag/e28068940000500386620d4f, 81
1652707664.058483, sdrt-health/mac:02010b41cdec/antenna/tag/e28068940000400386621d4f, 96
1652707664.059971, sdrt-health/mac:02010b41cdec/antenna/tag/e28068940000500386620d4f, 83
1652707664.074915, sdrt-health/mac:02010b41cdec/antenna/tag/e2806894000050038661fd4f, 90
1652707664.075121, sdrt-health/mac:02010b41cdec/antenna/tag/e2806894000050038662194f, 83
1652707664.101031, sdrt-health/mac:02010b41cdec/antenna/tag/e2806894000050038662194f, 81
1652707664.140209, sdrt-health/mac:02010b41cdec/antenna/tag/e2806894000040038662214f, 81
1652707664.180901, sdrt-health/mac:02010b41cdec/antenna/tag/e2806894000040038661f94f, 94
1652707664.220298, sdrt-health/mac:02010b41cdec/antenna/tag/e28068940000400386621d4f, 77
1652707664.283658, sdrt-health/mac:02010b41cdec/antenna/tag/e2806894000040038661f94f, 81
1652707664.284339, sdrt-health/mac:02010b41cdec/antenna/tag/e2806894000040038662214f, 88
1652707664.31072, sdrt-health/mac:02010b41cdec/antenna/tag/e28068940000500386620d4f, 83
1652707664.340394, sdrt-health/mac:02010b41cdec/antenna/tag/e2806894000050038662154f, 88
1652707664.340622, sdrt-health/mac:02010b41cdec/antenna/tag/e2806894000050038662194f, 81
1652707664.361126, sdrt-health/mac:02010b41cdec/antenna/tag/e2806894000050038662154f, 88
1652707664.433242, sdrt-health/mac:02010b41cdec/antenna/tag/e28068940000400386621d4f, 96
1652707664.434569, sdrt-health/mac:02010b41cdec/antenna/tag/e28068940000400386621d4f, 96
1652707664.461322, sdrt-health/mac:02010b41cdec/antenna/tag/e28068940000500386620d4f, 81
1652707664.488819, sdrt-health/mac:02010b41cdec/antenna/tag/e2806894000050038662154f, 91
1652707664.489248, sdrt-health/mac:02010b41cdec/antenna/tag/e28068940000500386620d4f, 94
1652707664.48943, sdrt-health/mac:02010b41cdec/antenna/tag/e28068940000400386621d4f, 96
1652707664.540797, sdrt-health/mac:02010b41cdec/antenna/tag/e28068940000500386620d4f, 87
1652707664.580693, sdrt-health/mac:02010b41cdec/antenna/tag/e28068940000400386621d4f, 96
1652707664.634708, sdrt-health/mac:02010b41cdec/antenna/tag/e2806894000050038661fd4f, 86
1652707664.635169, sdrt-health/mac:02010b41cdec/antenna/tag/e2806894000040038662114f, 91
1652707664.649089, sdrt-health/mac:02010b41cdec/antenna/tag/e28068940000400386621d4f, 96
1652707664.660255, sdrt-health/mac:02010b41cdec/antenna/tag/e28068940000500386620d4f, 83
1652707664.700372, sdrt-health/mac:02010b41cdec/antenna/tag/e2806894000050038662194f, 88
1652707664.739786, sdrt-health/mac:02010b41cdec/antenna/tag/e28068940000500386620d4f, 83
1652707664.780901, sdrt-health/mac:02010b41cdec/antenna/tag/e28068940000500386620d4f, 87
1652707664.820337, sdrt-health/mac:02010b41cdec/antenna/tag/e28068940000400386621d4f, 96
1652707664.863875, sdrt-health/mac:02010b41cdec/antenna/tag/e2806894000040038662054f, 88
1652707664.90003, sdrt-health/mac:02010b41cdec/antenna/tag/e28068940000400386621d4f, 96
1652707664.940385, sdrt-health/mac:02010b41cdec/antenna/tag/e2806894000040038662114f, 91
1652707664.994888, sdrt-health/mac:02010b41cdec/antenna/tag/e28068940000500386620d4f, 83
1652707664.995366, sdrt-health/mac:02010b41cdec/antenna/tag/e2806894000040038662114f, 88
1652707665.013739, sdrt-health/mac:02010b41cdec/antenna/tag/e2806894000050038662194f, 83
1652707665.020253, sdrt-health/mac:02010b41cdec/antenna/tag/e2806894000040038662114f, 88
1652707665.061219, sdrt-health/mac:02010b41cdec/antenna/tag/e28068940000500386620d4f, 83
1652707665.115034, sdrt-health/mac:02010b41cdec/antenna/tag/e2806894000050038662154f, 85
1652707665.115621, sdrt-health/mac:02010b41cdec/antenna/tag/e2806894000050038662194f, 81
1652707665.130111, sdrt-health/mac:02010b41cdec/antenna/tag/e2806894000040038661f94f, 81
1652707665.157986, sdrt-health/mac:02010b41cdec/antenna/tag/e2806894000040038662114f, 85
1652707665.158282, sdrt-health/mac:02010b41cdec/antenna/tag/e2806894000050038661fd4f, 86
1652707665.181457, sdrt-health/mac:02010b41cdec/antenna/tag/e2806894000050038662194f, 93
1652707665.241197, sdrt-health/mac:02010b41cdec/antenna/tag/e28068940000400386621d4f, 96
1652707665.280629, sdrt-health/mac:02010b41cdec/antenna/tag/e2806894000050038662154f, 85
1652707665.32046, sdrt-health/mac:02010b41cdec/antenna/tag/e2806894000040038661f94f, 84
1652707665.360534, sdrt-health/mac:02010b41cdec/antenna/tag/e2806894000040038662114f, 88
1652707665.438619, sdrt-health/mac:02010b41cdec/antenna/tag/e2806894000050038662154f, 91
1652707665.487785, sdrt-health/mac:02010b41cdec/antenna/tag/e28068940000400386621d4f, 90
1652707665.515856, sdrt-health/mac:02010b41cdec/antenna/tag/e2806894000050038661fd4f, 86
1652707665.516231, sdrt-health/mac:02010b41cdec/antenna/tag/e28068940000500386620d4f, 81
1652707665.516596, sdrt-health/mac:02010b41cdec/antenna/tag/e2806894000050038661fd4f, 86
1652707665.530754, sdrt-health/mac:02010b41cdec/antenna/tag/e28068940000400386621d4f, 96
1652707665.55913, sdrt-health/mac:02010b41cdec/antenna/tag/e2806894000050038661fd4f, 86
1652707665.559327, sdrt-health/mac:02010b41cdec/antenna/tag/e2806894000040038662114f, 91
1652707665.573392, sdrt-health/mac:02010b41cdec/antenna/tag/e28068940000400386621d4f, 96
1652707665.617803, sdrt-health/mac:02010b41cdec/antenna/tag/e28068940000500386620d4f, 94
1652707665.618289, sdrt-health/mac:02010b41cdec/antenna/tag/e2806894000050038662154f, 88
1652707665.660819, sdrt-health/mac:02010b41cdec/antenna/tag/e2806894000050038662194f, 83
1652707665.700653, sdrt-health/mac:02010b41cdec/antenna/tag/e28068940000500386620d4f, 83
1652707665.740851, sdrt-health/mac:02010b41cdec/antenna/tag/e2806894000040038661f94f, 88
1652707665.7797, sdrt-health/mac:02010b41cdec/antenna/tag/e28068940000400386621d4f, 96
1652707665.781489, sdrt-health/mac:02010b41cdec/antenna/tag/e2806894000050038662194f, 83
1652707665.830888, sdrt-health/mac:02010b41cdec/antenna/tag/e28068940000400386621d4f, 96
1652707665.880518, sdrt-health/mac:02010b41cdec/antenna/tag/e2806894000050038661fd4f, 90
1652707665.909456, sdrt-health/mac:02010b41cdec/antenna/tag/e2806894000050038662154f, 91
1652707665.909685, sdrt-health/mac:02010b41cdec/antenna/tag/e2806894000050038661fd4f, 90
1652707665.970728, sdrt-health/mac:02010b41cdec/antenna/tag/e28068940000400386621d4f, 90
1652707666.010412, sdrt-health/mac:02010b41cdec/antenna/tag/e2806894000040038662114f, 97
1652707666.063924, sdrt-health/mac:02010b41cdec/antenna/tag/e2806894000050038662154f, 88
1652707666.064459, sdrt-health/mac:02010b41cdec/antenna/tag/e2806894000050038662194f, 94
1652707666.09038, sdrt-health/mac:02010b41cdec/antenna/tag/e2806894000050038662154f, 85
1652707666.141028, sdrt-health/mac:02010b41cdec/antenna/tag/e28068940000500386620d4f, 83
1652707666.1806, sdrt-health/mac:02010b41cdec/antenna/tag/e2806894000050038662194f, 83
1652707666.271021, sdrt-health/mac:02010b41cdec/antenna/tag/e28068940000500386620d4f, 87
1652707666.310601, sdrt-health/mac:02010b41cdec/antenna/tag/e2806894000050038661fd4f, 86
1652707666.365514, sdrt-health/mac:02010b41cdec/antenna/tag/e28068940000500386620d4f, 87
1652707666.365973, sdrt-health/mac:02010b41cdec/antenna/tag/e28068940000500386620d4f, 83
1652707666.391116, sdrt-health/mac:02010b41cdec/antenna/tag/e2806894000050038661fd4f, 86
1652707666.440482, sdrt-health/mac:02010b41cdec/antenna/tag/e28068940000400386621d4f, 77
1652707666.480148, sdrt-health/mac:02010b41cdec/antenna/tag/e2806894000050038662154f, 97
1652707666.521374, sdrt-health/mac:02010b41cdec/antenna/tag/e28068940000400386621d4f, 96
1652707666.549385, sdrt-health/mac:02010b41cdec/antenna/tag/e28068940000400386621d4f, 77
1652707666.54995, sdrt-health/mac:02010b41cdec/antenna/tag/e2806894000050038661fd4f, 97
1652707666.564814, sdrt-health/mac:02010b41cdec/antenna/tag/e2806894000050038662154f, 97
1652707666.565182, sdrt-health/mac:02010b41cdec/antenna/tag/e2806894000040038662114f, 88
1652707666.600431, sdrt-health/mac:02010b41cdec/antenna/tag/e2806894000050038661fd4f, 86
1652707666.640794, sdrt-health/mac:02010b41cdec/antenna/tag/e28068940000400386621d4f, 77
1652707666.66848, sdrt-health/mac:02010b41cdec/antenna/tag/e2806894000040038662114f, 88
1652707666.6689, sdrt-health/mac:02010b41cdec/antenna/tag/e2806894000050038662154f, 88
1652707666.682342, sdrt-health/mac:02010b41cdec/antenna/tag/e2806894000040038662114f, 88
1652707666.682596, sdrt-health/mac:02010b41cdec/antenna/tag/e2806894000050038662154f, 85
1652707666.682834, sdrt-health/mac:02010b41cdec/antenna/tag/e28068940000400386621d4f, 96
1652707666.72057, sdrt-health/mac:02010b41cdec/antenna/tag/e28068940000500386620d4f, 87
1652707666.759869, sdrt-health/mac:02010b41cdec/antenna/tag/e2806894000050038661fd4f, 86
1652707666.800066, sdrt-health/mac:02010b41cdec/antenna/tag/e2806894000050038662154f, 88
1652707666.876581, sdrt-health/mac:02010b41cdec/antenna/tag/e2806894000050038662194f, 94
1652707666.911531, sdrt-health/mac:02010b41cdec/antenna/tag/e2806894000050038662154f, 88
1652707666.972691, sdrt-health/mac:02010b41cdec/antenna/tag/e28068940000500386620d4f, 88
1652707666.972983, sdrt-health/mac:02010b41cdec/antenna/tag/e28068940000400386621d4f, 96
1652707666.993301, sdrt-health/mac:02010b41cdec/antenna/tag/e2806894000050038662194f, 84
1652707667.002747, sdrt-health/mac:02010b41cdec/antenna/tag/e28068940000500386620d4f, 83
1652707667.040938, sdrt-health/mac:02010b41cdec/antenna/tag/e2806894000050038662194f, 83
1652707667.080899, sdrt-health/mac:02010b41cdec/antenna/tag/e2806894000040038662114f, 88
1652707667.133619, sdrt-health/mac:02010b41cdec/antenna/tag/e28068940000400386621d4f, 96
1652707667.134134, sdrt-health/mac:02010b41cdec/antenna/tag/e28068940000400386621d4f, 90
1652707667.159974, sdrt-health/mac:02010b41cdec/antenna/tag/e28068940000400386621d4f, 96
1652707667.21556, sdrt-health/mac:02010b41cdec/antenna/tag/e2806894000040038661f94f, 94
1652707667.216161, sdrt-health/mac:02010b41cdec/antenna/tag/e2806894000040038662114f, 85
1652707667.230011, sdrt-health/mac:02010b41cdec/antenna/tag/e28068940000500386620d4f, 88
1652707667.230485, sdrt-health/mac:02010b41cdec/antenna/tag/e2806894000050038661fd4f, 86
1652707667.240734, sdrt-health/mac:02010b41cdec/antenna/tag/e2806894000050038661fd4f, 86
1652707667.280934, sdrt-health/mac:02010b41cdec/antenna/tag/e2806894000050038661fd4f, 86
1652707667.310126, sdrt-health/mac:02010b41cdec/antenna/tag/e2806894000040038662214f, 88
1652707667.310429, sdrt-health/mac:02010b41cdec/antenna/tag/e2806894000040038662114f, 88
1652707667.324255, sdrt-health/mac:02010b41cdec/antenna/tag/e2806894000050038661fd4f, 86
1652707667.359937, sdrt-health/mac:02010b41cdec/antenna/tag/e2806894000050038662154f, 88
1652707667.400573, sdrt-health/mac:02010b41cdec/antenna/tag/e2806894000050038662154f, 97
1652707667.440435, sdrt-health/mac:02010b41cdec/antenna/tag/e2806894000050038661fd4f, 86
1652707667.481678, sdrt-health/mac:02010b41cdec/antenna/tag/e2806894000050038662154f, 91
1652707667.520622, sdrt-health/mac:02010b41cdec/antenna/tag/e28068940000500386620d4f, 87
1652707667.560718, sdrt-health/mac:02010b41cdec/antenna/tag/e2806894000050038662154f, 88
1652707667.615067, sdrt-health/mac:02010b41cdec/antenna/tag/e28068940000500386620d4f, 81
1652707667.615778, sdrt-health/mac:02010b41cdec/antenna/tag/e28068940000500386620d4f, 87
1652707667.668995, sdrt-health/mac:02010b41cdec/antenna/tag/e28068940000400386621d4f, 96
1652707667.710445, sdrt-health/mac:02010b41cdec/antenna/tag/e2806894000050038661fd4f, 86
1652707667.782653, sdrt-health/mac:02010b41cdec/antenna/tag/e2806894000050038662154f, 97
1652707667.783155, sdrt-health/mac:02010b41cdec/antenna/tag/e2806894000040038662114f, 97
1652707667.783534, sdrt-health/mac:02010b41cdec/antenna/tag/e2806894000040038662114f, 88
1652707667.783865, sdrt-health/mac:02010b41cdec/antenna/tag/e2806894000050038661fd4f, 86
1652707667.817904, sdrt-health/mac:02010b41cdec/antenna/tag/e2806894000050038661fd4f, 90
1652707667.874418, sdrt-health/mac:02010b41cdec/antenna/tag/e2806894000040038662114f, 91
1652707667.874895, sdrt-health/mac:02010b41cdec/antenna/tag/e2806894000050038662154f, 91
1652707667.888872, sdrt-health/mac:02010b41cdec/antenna/tag/e28068940000400386621d4f, 96
1652707667.999568, sdrt-health/mac:02010b41cdec/antenna/tag/e2806894000040038661f94f, 88
1652707668.026811, sdrt-health/mac:02010b41cdec/antenna/tag/e28068940000400386621d4f, 96
1652707668.027131, sdrt-health/mac:02010b41cdec/antenna/tag/e2806894000050038662154f, 91
1652707668.163023, sdrt-health/mac:02010b41cdec/antenna/tag/scan, scan stopped
