1652707514.349542, sdrt-health/mac:02010b41cdec/antenna/power/set, {"power": 280}
1652707515.418652, sdrt-health/mac:02010b41cdec/antenna/power/set, 
1652707519.370799, sdrt-health/mac:02010b41cdec/antenna/tag/scan, {"time": 20000}
1652707519.790699, sdrt-health/mac:02010b41cdec/antenna/tag/e2806894000050038661fd4f, 83
1652707519.831525, sdrt-health/mac:02010b41cdec/antenna/tag/e28068940000400386621d4f, 96
1652707519.88813, sdrt-health/mac:02010b41cdec/antenna/tag/e2806894000050038662154f, 88
1652707519.888716, sdrt-health/mac:02010b41cdec/antenna/tag/e28068940000400386621d4f, 90
1652707519.91223, sdrt-health/mac:02010b41cdec/antenna/tag/e2806894000040038662114f, 85
1652707519.952453, sdrt-health/mac:02010b41cdec/antenna/tag/e2806894000050038661fd4f, 83
1652707520.007237, sdrt-health/mac:02010b41cdec/antenna/tag/e2806894000040038662114f, 85
1652707520.00771, sdrt-health/mac:02010b41cdec/antenna/tag/e2806894000050038662154f, 91
1652707520.021641, sdrt-health/mac:02010b41cdec/antenna/tag/e28068940000400386621d4f, 77
1652707520.058494, sdrt-health/mac:02010b41cdec/antenna/tag/e2806894000050038661fd4f, 83
1652707520.058766, sdrt-health/mac:02010b41cdec/antenna/tag/e28068940000400386621d4f, 96
1652707520.073251, sdrt-health/mac:02010b41cdec/antenna/tag/e2806894000050038661fd4f, 86
1652707520.091019, sdrt-health/mac:02010b41cdec/antenna/tag/e2806894000050038661fd4f, 86
1652707520.118969, sdrt-health/mac:02010b41cdec/antenna/tag/e28068940000400386621d4f, 96
1652707520.119325, sdrt-health/mac:02010b41cdec/antenna/tag/e2806894000040038662114f, 88
1652707520.133357, sdrt-health/mac:02010b41cdec/antenna/tag/e28068940000400386621d4f, 96
1652707520.133606, sdrt-health/mac:02010b41cdec/antenna/tag/e2806894000050038662154f, 88
1652707520.171445, sdrt-health/mac:02010b41cdec/antenna/tag/e2806894000040038662114f, 91
1652707520.211852, sdrt-health/mac:02010b41cdec/antenna/tag/e28068940000400386621d4f, 90
1652707520.266039, sdrt-health/mac:02010b41cdec/antenna/tag/e2806894000050038662154f, 88
1652707520.266541, sdrt-health/mac:02010b41cdec/antenna/tag/e2806894000040038662114f, 91
1652707520.280084, sdrt-health/mac:02010b41cdec/antenna/tag/e2806894000050038662154f, 88
1652707520.329569, sdrt-health/mac:02010b41cdec/antenna/tag/e2806894000040038662114f, 85
1652707520.371706, sdrt-health/mac:02010b41cdec/antenna/tag/e2806894000040038662114f, 85
1652707520.422014, sdrt-health/mac:02010b41cdec/antenna/tag/e2806894000050038661fd4f, 86
1652707520.47031, sdrt-health/mac:02010b41cdec/antenna/tag/e28068940000400386621d4f, 96
1652707520.500233, sdrt-health/mac:02010b41cdec/antenna/tag/e2806894000050038661fd4f, 86
1652707520.500537, sdrt-health/mac:02010b41cdec/antenna/tag/e28068940000500386620d4f, 88
1652707520.519968, sdrt-health/mac:02010b41cdec/antenna/tag/e2806894000050038662154f, 91
1652707520.576506, sdrt-health/mac:02010b41cdec/antenna/tag/e2806894000040038662114f, 91
1652707520.576973, sdrt-health/mac:02010b41cdec/antenna/tag/e28068940000400386621d4f, 96
1652707520.600476, sdrt-health/mac:02010b41cdec/antenna/tag/e2806894000040038662114f, 85
1652707520.641356, sdrt-health/mac:02010b41cdec/antenna/tag/e2806894000040038662114f, 88
1652707520.696029, sdrt-health/mac:02010b41cdec/antenna/tag/e2806894000050038662154f, 88
1652707520.696469, sdrt-health/mac:02010b41cdec/antenna/tag/e28068940000400386621d4f, 90
1652707520.721084, sdrt-health/mac:02010b41cdec/antenna/tag/e2806894000040038662114f, 88
1652707520.775567, sdrt-health/mac:02010b41cdec/antenna/tag/e2806894000050038661fd4f, 83
1652707520.776028, sdrt-health/mac:02010b41cdec/antenna/tag/e2806894000050038662154f, 88
1652707520.790491, sdrt-health/mac:02010b41cdec/antenna/tag/e2806894000040038662114f, 88
1652707520.790714, sdrt-health/mac:02010b41cdec/antenna/tag/e28068940000500386620d4f, 88
1652707520.813331, sdrt-health/mac:02010b41cdec/antenna/tag/e2806894000050038661fd4f, 83
1652707520.861882, sdrt-health/mac:02010b41cdec/antenna/tag/e2806894000040038662114f, 88
1652707520.862362, sdrt-health/mac:02010b41cdec/antenna/tag/e2806894000050038661fd4f, 86
1652707520.900617, sdrt-health/mac:02010b41cdec/antenna/tag/e2806894000050038662154f, 85
1652707520.929337, sdrt-health/mac:02010b41cdec/antenna/tag/e28068940000400386621d4f, 96
1652707520.929811, sdrt-health/mac:02010b41cdec/antenna/tag/e2806894000040038662114f, 88
1652707520.949546, sdrt-health/mac:02010b41cdec/antenna/tag/e2806894000040038662114f, 88
1652707520.981622, sdrt-health/mac:02010b41cdec/antenna/tag/e28068940000500386620d4f, 83
1652707521.03441, sdrt-health/mac:02010b41cdec/antenna/tag/e28068940000400386621d4f, 96
1652707521.034901, sdrt-health/mac:02010b41cdec/antenna/tag/e2806894000050038661fd4f, 83
1652707521.048924, sdrt-health/mac:02010b41cdec/antenna/tag/e2806894000040038662114f, 85
1652707521.077301, sdrt-health/mac:02010b41cdec/antenna/tag/e28068940000500386620d4f, 83
1652707521.077552, sdrt-health/mac:02010b41cdec/antenna/tag/e2806894000050038661fd4f, 83
1652707521.103119, sdrt-health/mac:02010b41cdec/antenna/tag/e2806894000050038662154f, 85
1652707521.141697, sdrt-health/mac:02010b41cdec/antenna/tag/e2806894000050038661fd4f, 83
1652707521.198476, sdrt-health/mac:02010b41cdec/antenna/tag/e28068940000400386621d4f, 96
1652707521.198963, sdrt-health/mac:02010b41cdec/antenna/tag/e2806894000050038661fd4f, 83
1652707521.212924, sdrt-health/mac:02010b41cdec/antenna/tag/e2806894000050038662154f, 85
1652707521.22135, sdrt-health/mac:02010b41cdec/antenna/tag/e2806894000050038661fd4f, 83
1652707521.226623, sdrt-health/mac:02010b41cdec/antenna/tag/e2806894000050038662154f, 85
1652707521.22683, sdrt-health/mac:02010b41cdec/antenna/tag/e2806894000040038662114f, 85
1652707521.260109, sdrt-health/mac:02010b41cdec/antenna/tag/e2806894000050038662154f, 85
1652707521.301092, sdrt-health/mac:02010b41cdec/antenna/tag/e28068940000500386620d4f, 81
1652707521.341074, sdrt-health/mac:02010b41cdec/antenna/tag/e2806894000050038662154f, 91
1652707521.402321, sdrt-health/mac:02010b41cdec/antenna/tag/e2806894000050038661fd4f, 86
1652707521.461105, sdrt-health/mac:02010b41cdec/antenna/tag/e2806894000050038661fd4f, 86
1652707521.502361, sdrt-health/mac:02010b41cdec/antenna/tag/e28068940000400386621d4f, 96
1652707521.543293, sdrt-health/mac:02010b41cdec/antenna/tag/e2806894000050038662194f, 84
1652707521.591505, sdrt-health/mac:02010b41cdec/antenna/tag/e28068940000400386621d4f, 90
1652707521.631422, sdrt-health/mac:02010b41cdec/antenna/tag/e2806894000040038662114f, 88
1652707521.685136, sdrt-health/mac:02010b41cdec/antenna/tag/e2806894000050038662154f, 85
1652707521.685612, sdrt-health/mac:02010b41cdec/antenna/tag/e2806894000040038662114f, 91
1652707521.700289, sdrt-health/mac:02010b41cdec/antenna/tag/e2806894000050038661fd4f, 86
1652707521.745984, sdrt-health/mac:02010b41cdec/antenna/tag/e2806894000040038662114f, 91
1652707521.746309, sdrt-health/mac:02010b41cdec/antenna/tag/e2806894000050038662154f, 91
1652707521.760722, sdrt-health/mac:02010b41cdec/antenna/tag/e2806894000050038662154f, 88
1652707521.771851, sdrt-health/mac:02010b41cdec/antenna/tag/e2806894000050038661fd4f, 86
1652707521.775945, sdrt-health/mac:02010b41cdec/antenna/tag/e28068940000400386621d4f, 96
1652707521.776148, sdrt-health/mac:02010b41cdec/antenna/tag/e2806894000040038662114f, 97
1652707521.776264, sdrt-health/mac:02010b41cdec/antenna/tag/e2806894000050038662154f, 88
1652707521.811718, sdrt-health/mac:02010b41cdec/antenna/tag/e2806894000040038662114f, 88
1652707521.860129, sdrt-health/mac:02010b41cdec/antenna/tag/e28068940000400386621d4f, 96
1652707521.911078, sdrt-health/mac:02010b41cdec/antenna/tag/e28068940000500386620d4f, 83
1652707521.987364, sdrt-health/mac:02010b41cdec/antenna/tag/e2806894000040038662114f, 88
1652707521.987902, sdrt-health/mac:02010b41cdec/antenna/tag/e2806894000050038662154f, 88
1652707522.009946, sdrt-health/mac:02010b41cdec/antenna/tag/e2806894000050038661fd4f, 90
1652707522.067339, sdrt-health/mac:02010b41cdec/antenna/tag/e2806894000050038662154f, 88
1652707522.067801, sdrt-health/mac:02010b41cdec/antenna/tag/e2806894000050038661fd4f, 86
1652707522.081999, sdrt-health/mac:02010b41cdec/antenna/tag/e2806894000050038661fd4f, 86
1652707522.110838, sdrt-health/mac:02010b41cdec/antenna/tag/e2806894000040038662114f, 88
1652707522.138281, sdrt-health/mac:02010b41cdec/antenna/tag/e2806894000040038662114f, 88
1652707522.138714, sdrt-health/mac:02010b41cdec/antenna/tag/e2806894000050038661fd4f, 90
1652707522.151788, sdrt-health/mac:02010b41cdec/antenna/tag/e2806894000050038662154f, 88
1652707522.152051, sdrt-health/mac:02010b41cdec/antenna/tag/e2806894000050038661fd4f, 86
1652707522.193423, sdrt-health/mac:02010b41cdec/antenna/tag/e2806894000040038662114f, 91
1652707522.222951, sdrt-health/mac:02010b41cdec/antenna/tag/e28068940000400386621d4f, 90
1652707522.223297, sdrt-health/mac:02010b41cdec/antenna/tag/e2806894000050038661fd4f, 86
1652707522.239089, sdrt-health/mac:02010b41cdec/antenna/tag/e2806894000050038661fd4f, 86
1652707522.280974, sdrt-health/mac:02010b41cdec/antenna/tag/e28068940000500386620d4f, 81
1652707522.321028, sdrt-health/mac:02010b41cdec/antenna/tag/e2806894000050038661fd4f, 83
1652707522.360186, sdrt-health/mac:02010b41cdec/antenna/tag/e28068940000400386621d4f, 90
1652707522.401036, sdrt-health/mac:02010b41cdec/antenna/tag/e28068940000500386620d4f, 87
1652707522.458966, sdrt-health/mac:02010b41cdec/antenna/tag/e2806894000050038662154f, 88
1652707522.459406, sdrt-health/mac:02010b41cdec/antenna/tag/e28068940000500386620d4f, 83
1652707522.483337, sdrt-health/mac:02010b41cdec/antenna/tag/e2806894000040038662114f, 85
1652707522.531751, sdrt-health/mac:02010b41cdec/antenna/tag/e2806894000050038661fd4f, 83
1652707522.585049, sdrt-health/mac:02010b41cdec/antenna/tag/e28068940000500386620d4f, 81
1652707522.585492, sdrt-health/mac:02010b41cdec/antenna/tag/e2806894000040038662114f, 88
1652707522.612043, sdrt-health/mac:02010b41cdec/antenna/tag/e28068940000500386620d4f, 83
1652707522.652862, sdrt-health/mac:02010b41cdec/antenna/tag/e2806894000050038661fd4f, 83
1652707522.706492, sdrt-health/mac:02010b41cdec/antenna/tag/e2806894000040038662114f, 88
1652707522.707002, sdrt-health/mac:02010b41cdec/antenna/tag/e2806894000040038662114f, 85
1652707522.721317, sdrt-health/mac:02010b41cdec/antenna/tag/e2806894000050038661fd4f, 83
1652707522.761065, sdrt-health/mac:02010b41cdec/antenna/tag/e28068940000400386621d4f, 90
1652707522.801888, sdrt-health/mac:02010b41cdec/antenna/tag/e28068940000500386620d4f, 81
1652707522.85879, sdrt-health/mac:02010b41cdec/antenna/tag/e28068940000500386620d4f, 87
1652707522.859342, sdrt-health/mac:02010b41cdec/antenna/tag/e2806894000050038661fd4f, 83
1652707522.890552, sdrt-health/mac:02010b41cdec/antenna/tag/e2806894000050038661fd4f, 90
1652707522.9354, sdrt-health/mac:02010b41cdec/antenna/tag/e2806894000040038662114f, 88
1652707522.98554, sdrt-health/mac:02010b41cdec/antenna/tag/e2806894000050038661fd4f, 90
1652707522.986099, sdrt-health/mac:02010b41cdec/antenna/tag/e28068940000400386621d4f, 96
1652707523.000464, sdrt-health/mac:02010b41cdec/antenna/tag/e28068940000400386621d4f, 96
1652707523.039817, sdrt-health/mac:02010b41cdec/antenna/tag/e2806894000040038662114f, 85
1652707523.040319, sdrt-health/mac:02010b41cdec/antenna/tag/e28068940000400386621d4f, 90
1652707523.053602, sdrt-health/mac:02010b41cdec/antenna/tag/e2806894000050038662154f, 88
1652707523.053857, sdrt-health/mac:02010b41cdec/antenna/tag/e2806894000050038661fd4f, 86
1652707523.091056, sdrt-health/mac:02010b41cdec/antenna/tag/e2806894000040038662114f, 91
1652707523.177491, sdrt-health/mac:02010b41cdec/antenna/tag/e28068940000400386621d4f, 90
1652707523.177713, sdrt-health/mac:02010b41cdec/antenna/tag/e2806894000050038661fd4f, 86
1652707523.202634, sdrt-health/mac:02010b41cdec/antenna/tag/e2806894000050038662154f, 88
1652707523.241211, sdrt-health/mac:02010b41cdec/antenna/tag/e2806894000040038662114f, 88
1652707523.280963, sdrt-health/mac:02010b41cdec/antenna/tag/e2806894000040038662114f, 85
1652707523.322141, sdrt-health/mac:02010b41cdec/antenna/tag/e2806894000050038661fd4f, 83
1652707523.377298, sdrt-health/mac:02010b41cdec/antenna/tag/e28068940000400386621d4f, 96
1652707523.377837, sdrt-health/mac:02010b41cdec/antenna/tag/e2806894000050038661fd4f, 86
1652707523.398065, sdrt-health/mac:02010b41cdec/antenna/tag/e28068940000400386621d4f, 96
1652707523.398326, sdrt-health/mac:02010b41cdec/antenna/tag/e28068940000400386621d4f, 96
1652707523.400217, sdrt-health/mac:02010b41cdec/antenna/tag/e28068940000400386621d4f, 96
1652707523.442247, sdrt-health/mac:02010b41cdec/antenna/tag/e2806894000040038662114f, 85
1652707523.472485, sdrt-health/mac:02010b41cdec/antenna/tag/e2806894000050038661fd4f, 83
1652707523.47296, sdrt-health/mac:02010b41cdec/antenna/tag/e2806894000050038661fd4f, 83
1652707523.487289, sdrt-health/mac:02010b41cdec/antenna/tag/e2806894000050038662154f, 85
1652707523.487654, sdrt-health/mac:02010b41cdec/antenna/tag/e28068940000500386620d4f, 94
1652707523.523369, sdrt-health/mac:02010b41cdec/antenna/tag/e2806894000050038662194f, 84
1652707523.570924, sdrt-health/mac:02010b41cdec/antenna/tag/e2806894000050038661fd4f, 86
1652707523.627016, sdrt-health/mac:02010b41cdec/antenna/tag/e2806894000050038662154f, 91
1652707523.62747, sdrt-health/mac:02010b41cdec/antenna/tag/e2806894000050038661fd4f, 83
1652707523.642117, sdrt-health/mac:02010b41cdec/antenna/tag/e2806894000040038662114f, 93
1652707523.650092, sdrt-health/mac:02010b41cdec/antenna/tag/e2806894000050038661fd4f, 86
1652707523.692335, sdrt-health/mac:02010b41cdec/antenna/tag/e2806894000040038662114f, 88
1652707523.745164, sdrt-health/mac:02010b41cdec/antenna/tag/e2806894000050038662154f, 88
1652707523.745596, sdrt-health/mac:02010b41cdec/antenna/tag/e28068940000400386621d4f, 90
1652707523.758915, sdrt-health/mac:02010b41cdec/antenna/tag/e2806894000050038661fd4f, 86
1652707523.771758, sdrt-health/mac:02010b41cdec/antenna/tag/e2806894000050038661fd4f, 86
1652707523.810553, sdrt-health/mac:02010b41cdec/antenna/tag/e2806894000040038662114f, 85
1652707523.850607, sdrt-health/mac:02010b41cdec/antenna/tag/e2806894000050038661fd4f, 83
1652707523.89228, sdrt-health/mac:02010b41cdec/antenna/tag/e2806894000050038662154f, 91
1652707523.971537, sdrt-health/mac:02010b41cdec/antenna/tag/e2806894000040038662114f, 85
1652707524.036503, sdrt-health/mac:02010b41cdec/antenna/tag/e2806894000040038662114f, 88
1652707524.036999, sdrt-health/mac:02010b41cdec/antenna/tag/e2806894000050038661fd4f, 86
1652707524.037417, sdrt-health/mac:02010b41cdec/antenna/tag/e2806894000050038662154f, 88
1652707524.05036, sdrt-health/mac:02010b41cdec/antenna/tag/e28068940000400386621d4f, 96
1652707524.061467, sdrt-health/mac:02010b41cdec/antenna/tag/e2806894000050038661fd4f, 86
1652707524.102108, sdrt-health/mac:02010b41cdec/antenna/tag/e28068940000400386621d4f, 96
1652707524.156155, sdrt-health/mac:02010b41cdec/antenna/tag/e2806894000040038662114f, 88
1652707524.156734, sdrt-health/mac:02010b41cdec/antenna/tag/e2806894000050038662154f, 88
1652707524.171217, sdrt-health/mac:02010b41cdec/antenna/tag/e2806894000040038662114f, 88
1652707524.243941, sdrt-health/mac:02010b41cdec/antenna/tag/e2806894000050038661fd4f, 90
1652707524.244594, sdrt-health/mac:02010b41cdec/antenna/tag/e2806894000040038662114f, 88
1652707524.24515, sdrt-health/mac:02010b41cdec/antenna/tag/e2806894000040038662114f, 88
1652707524.262622, sdrt-health/mac:02010b41cdec/antenna/tag/e28068940000400386621d4f, 96
1652707524.330485, sdrt-health/mac:02010b41cdec/antenna/tag/e2806894000050038661fd4f, 83
1652707524.330972, sdrt-health/mac:02010b41cdec/antenna/tag/e28068940000400386621d4f, 96
1652707524.331304, sdrt-health/mac:02010b41cdec/antenna/tag/e2806894000050038661fd4f, 86
1652707524.331617, sdrt-health/mac:02010b41cdec/antenna/tag/e2806894000050038662154f, 88
1652707524.351717, sdrt-health/mac:02010b41cdec/antenna/tag/e2806894000050038662154f, 85
1652707524.409622, sdrt-health/mac:02010b41cdec/antenna/tag/e2806894000050038661fd4f, 83
1652707524.410104, sdrt-health/mac:02010b41cdec/antenna/tag/e28068940000400386621d4f, 96
1652707524.45125, sdrt-health/mac:02010b41cdec/antenna/tag/e2806894000040038662114f, 88
1652707524.491151, sdrt-health/mac:02010b41cdec/antenna/tag/e2806894000050038661fd4f, 83
1652707524.521044, sdrt-health/mac:02010b41cdec/antenna/tag/e2806894000040038662114f, 85
1652707524.521467, sdrt-health/mac:02010b41cdec/antenna/tag/e28068940000400386621d4f, 96
1652707524.534276, sdrt-health/mac:02010b41cdec/antenna/tag/e28068940000400386621d4f, 96
1652707524.534533, sdrt-health/mac:02010b41cdec/antenna/tag/e2806894000050038662154f, 88
1652707524.580935, sdrt-health/mac:02010b41cdec/antenna/tag/e28068940000500386620d4f, 94
1652707524.644443, sdrt-health/mac:02010b41cdec/antenna/tag/e28068940000500386620d4f, 83
1652707524.732336, sdrt-health/mac:02010b41cdec/antenna/tag/e28068940000400386621d4f, 90
1652707524.77141, sdrt-health/mac:02010b41cdec/antenna/tag/e2806894000050038662154f, 85
1652707524.824377, sdrt-health/mac:02010b41cdec/antenna/tag/e2806894000040038662114f, 91
1652707524.824813, sdrt-health/mac:02010b41cdec/antenna/tag/e2806894000050038661fd4f, 86
1652707524.85089, sdrt-health/mac:02010b41cdec/antenna/tag/e2806894000050038661fd4f, 83
1652707524.891591, sdrt-health/mac:02010b41cdec/antenna/tag/e28068940000500386620d4f, 81
1652707524.931694, sdrt-health/mac:02010b41cdec/antenna/tag/e2806894000050038662154f, 88
1652707525.09517, sdrt-health/mac:02010b41cdec/antenna/tag/e2806894000040038662114f, 85
1652707525.095652, sdrt-health/mac:02010b41cdec/antenna/tag/e28068940000400386621d4f, 96
1652707525.17489, sdrt-health/mac:02010b41cdec/antenna/tag/e2806894000050038662154f, 88
1652707525.22447, sdrt-health/mac:02010b41cdec/antenna/tag/e2806894000050038661fd4f, 83
1652707525.224875, sdrt-health/mac:02010b41cdec/antenna/tag/e28068940000400386621d4f, 96
1652707525.2389, sdrt-health/mac:02010b41cdec/antenna/tag/e2806894000040038662114f, 85
1652707525.25203, sdrt-health/mac:02010b41cdec/antenna/tag/e2806894000040038662114f, 85
1652707525.252651, sdrt-health/mac:02010b41cdec/antenna/tag/e2806894000050038661fd4f, 97
1652707525.294903, sdrt-health/mac:02010b41cdec/antenna/tag/e2806894000050038661fd4f, 83
1652707525.340141, sdrt-health/mac:02010b41cdec/antenna/tag/e28068940000500386620d4f, 83
1652707525.388581, sdrt-health/mac:02010b41cdec/antenna/tag/e2806894000050038661fd4f, 86
1652707525.445622, sdrt-health/mac:02010b41cdec/antenna/tag/e28068940000400386621d4f, 96
1652707525.446118, sdrt-health/mac:02010b41cdec/antenna/tag/e2806894000040038662114f, 85
1652707525.458459, sdrt-health/mac:02010b41cdec/antenna/tag/e28068940000400386621d4f, 90
1652707525.477119, sdrt-health/mac:02010b41cdec/antenna/tag/e2806894000050038661fd4f, 86
1652707525.52904, sdrt-health/mac:02010b41cdec/antenna/tag/e2806894000050038662154f, 91
1652707525.579364, sdrt-health/mac:02010b41cdec/antenna/tag/e28068940000400386621d4f, 96
1652707525.609201, sdrt-health/mac:02010b41cdec/antenna/tag/e2806894000040038662114f, 88
1652707525.609522, sdrt-health/mac:02010b41cdec/antenna/tag/e28068940000400386621d4f, 96
1652707525.60975, sdrt-health/mac:02010b41cdec/antenna/tag/e2806894000050038662154f, 88
1652707525.631976, sdrt-health/mac:02010b41cdec/antenna/tag/e2806894000040038662114f, 85
1652707525.68678, sdrt-health/mac:02010b41cdec/antenna/tag/e2806894000040038662114f, 88
1652707525.687395, sdrt-health/mac:02010b41cdec/antenna/tag/e2806894000050038662154f, 88
1652707525.710878, sdrt-health/mac:02010b41cdec/antenna/tag/e2806894000050038661fd4f, 86
1652707525.751475, sdrt-health/mac:02010b41cdec/antenna/tag/e2806894000040038662114f, 88
1652707525.791424, sdrt-health/mac:02010b41cdec/antenna/tag/e2806894000050038661fd4f, 83
1652707525.845081, sdrt-health/mac:02010b41cdec/antenna/tag/e28068940000400386621d4f, 96
1652707525.845455, sdrt-health/mac:02010b41cdec/antenna/tag/e2806894000050038661fd4f, 83
1652707525.901157, sdrt-health/mac:02010b41cdec/antenna/tag/e2806894000050038662154f, 88
1652707525.942133, sdrt-health/mac:02010b41cdec/antenna/tag/e28068940000400386621d4f, 96
1652707525.998328, sdrt-health/mac:02010b41cdec/antenna/tag/e2806894000040038662114f, 85
1652707525.998873, sdrt-health/mac:02010b41cdec/antenna/tag/e2806894000040038662114f, 91
1652707526.012963, sdrt-health/mac:02010b41cdec/antenna/tag/e2806894000050038662154f, 97
1652707526.072172, sdrt-health/mac:02010b41cdec/antenna/tag/e2806894000050038662154f, 88
1652707526.151882, sdrt-health/mac:02010b41cdec/antenna/tag/e28068940000400386621d4f, 90
1652707526.208297, sdrt-health/mac:02010b41cdec/antenna/tag/e2806894000050038662194f, 82
1652707526.208778, sdrt-health/mac:02010b41cdec/antenna/tag/e28068940000400386621d4f, 96
1652707526.222322, sdrt-health/mac:02010b41cdec/antenna/tag/e2806894000050038661fd4f, 83
1652707526.22274, sdrt-health/mac:02010b41cdec/antenna/tag/e28068940000500386620d4f, 83
1652707526.223066, sdrt-health/mac:02010b41cdec/antenna/tag/e2806894000040038662114f, 85
1652707526.238447, sdrt-health/mac:02010b41cdec/antenna/tag/e2806894000050038661fd4f, 83
1652707526.238682, sdrt-health/mac:02010b41cdec/antenna/tag/e2806894000040038662114f, 85
1652707526.271404, sdrt-health/mac:02010b41cdec/antenna/tag/e2806894000040038662114f, 88
1652707526.311238, sdrt-health/mac:02010b41cdec/antenna/tag/e2806894000050038662154f, 85
1652707526.352082, sdrt-health/mac:02010b41cdec/antenna/tag/e2806894000050038661fd4f, 83
1652707526.409033, sdrt-health/mac:02010b41cdec/antenna/tag/e2806894000050038662154f, 85
1652707526.409203, sdrt-health/mac:02010b41cdec/antenna/tag/e2806894000040038662114f, 88
1652707526.40936, sdrt-health/mac:02010b41cdec/antenna/tag/e2806894000040038662114f, 85
1652707526.433702, sdrt-health/mac:02010b41cdec/antenna/tag/e2806894000040038662114f, 88
1652707526.473867, sdrt-health/mac:02010b41cdec/antenna/tag/e2806894000050038662154f, 91
1652707526.533325, sdrt-health/mac:02010b41cdec/antenna/tag/e2806894000050038662154f, 91
1652707526.587994, sdrt-health/mac:02010b41cdec/antenna/tag/e2806894000050038662154f, 88
1652707526.588441, sdrt-health/mac:02010b41cdec/antenna/tag/e28068940000400386621d4f, 90
1652707526.604551, sdrt-health/mac:02010b41cdec/antenna/tag/e2806894000040038662114f, 88
1652707526.613449, sdrt-health/mac:02010b41cdec/antenna/tag/e2806894000050038662154f, 88
1652707526.619882, sdrt-health/mac:02010b41cdec/antenna/tag/e28068940000400386621d4f, 96
1652707526.673744, sdrt-health/mac:02010b41cdec/antenna/tag/e2806894000050038662154f, 88
1652707526.710997, sdrt-health/mac:02010b41cdec/antenna/tag/e28068940000400386621d4f, 96
1652707526.765855, sdrt-health/mac:02010b41cdec/antenna/tag/e2806894000050038661fd4f, 86
1652707526.76636, sdrt-health/mac:02010b41cdec/antenna/tag/e28068940000400386621d4f, 90
1652707526.792658, sdrt-health/mac:02010b41cdec/antenna/tag/e28068940000400386621d4f, 96
1652707526.834304, sdrt-health/mac:02010b41cdec/antenna/tag/e28068940000500386620d4f, 81
1652707526.884709, sdrt-health/mac:02010b41cdec/antenna/tag/e2806894000050038662194f, 83
1652707526.88521, sdrt-health/mac:02010b41cdec/antenna/tag/e28068940000500386620d4f, 81
1652707526.899821, sdrt-health/mac:02010b41cdec/antenna/tag/e2806894000050038662194f, 88
1652707526.975661, sdrt-health/mac:02010b41cdec/antenna/tag/e28068940000400386621d4f, 96
1652707527.064599, sdrt-health/mac:02010b41cdec/antenna/tag/e2806894000050038661fd4f, 86
1652707527.121185, sdrt-health/mac:02010b41cdec/antenna/tag/e2806894000050038662154f, 91
1652707527.151283, sdrt-health/mac:02010b41cdec/antenna/tag/e2806894000050038661fd4f, 86
1652707527.15161, sdrt-health/mac:02010b41cdec/antenna/tag/e2806894000040038662114f, 88
1652707527.191241, sdrt-health/mac:02010b41cdec/antenna/tag/e28068940000400386621d4f, 96
1652707527.231259, sdrt-health/mac:02010b41cdec/antenna/tag/e28068940000400386621d4f, 90
1652707527.284381, sdrt-health/mac:02010b41cdec/antenna/tag/e28068940000400386621d4f, 90
1652707527.284815, sdrt-health/mac:02010b41cdec/antenna/tag/e2806894000040038662114f, 88
1652707527.298015, sdrt-health/mac:02010b41cdec/antenna/tag/e2806894000050038662154f, 85
1652707527.298499, sdrt-health/mac:02010b41cdec/antenna/tag/e2806894000050038661fd4f, 83
1652707527.315078, sdrt-health/mac:02010b41cdec/antenna/tag/e2806894000050038661fd4f, 86
1652707527.356312, sdrt-health/mac:02010b41cdec/antenna/tag/e2806894000050038662154f, 88
1652707527.387146, sdrt-health/mac:02010b41cdec/antenna/tag/e2806894000050038661fd4f, 86
1652707527.387508, sdrt-health/mac:02010b41cdec/antenna/tag/e2806894000040038662114f, 91
1652707527.387779, sdrt-health/mac:02010b41cdec/antenna/tag/e28068940000400386621d4f, 90
1652707527.400565, sdrt-health/mac:02010b41cdec/antenna/tag/e2806894000050038662154f, 97
1652707527.43156, sdrt-health/mac:02010b41cdec/antenna/tag/e2806894000040038662214f, 84
1652707527.471807, sdrt-health/mac:02010b41cdec/antenna/tag/e28068940000400386621d4f, 96
1652707527.511571, sdrt-health/mac:02010b41cdec/antenna/tag/e2806894000050038662154f, 85
1652707527.542113, sdrt-health/mac:02010b41cdec/antenna/tag/e28068940000500386620d4f, 83
1652707527.542382, sdrt-health/mac:02010b41cdec/antenna/tag/e2806894000040038662114f, 85
1652707527.562013, sdrt-health/mac:02010b41cdec/antenna/tag/e2806894000050038661fd4f, 83
1652707527.601989, sdrt-health/mac:02010b41cdec/antenna/tag/e2806894000050038661fd4f, 86
1652707527.633358, sdrt-health/mac:02010b41cdec/antenna/tag/e28068940000400386621d4f, 96
1652707527.633753, sdrt-health/mac:02010b41cdec/antenna/tag/e2806894000050038661fd4f, 83
1652707527.646812, sdrt-health/mac:02010b41cdec/antenna/tag/e2806894000040038662114f, 85
1652707527.682163, sdrt-health/mac:02010b41cdec/antenna/tag/e28068940000400386621d4f, 96
1652707527.740183, sdrt-health/mac:02010b41cdec/antenna/tag/e2806894000040038662114f, 88
1652707527.740632, sdrt-health/mac:02010b41cdec/antenna/tag/e28068940000400386621d4f, 96
1652707527.762442, sdrt-health/mac:02010b41cdec/antenna/tag/e2806894000040038662114f, 85
1652707527.814917, sdrt-health/mac:02010b41cdec/antenna/tag/e2806894000050038661fd4f, 86
1652707527.815438, sdrt-health/mac:02010b41cdec/antenna/tag/e2806894000040038662114f, 85
1652707527.829348, sdrt-health/mac:02010b41cdec/antenna/tag/e28068940000400386621d4f, 96
1652707527.858549, sdrt-health/mac:02010b41cdec/antenna/tag/e2806894000050038661fd4f, 83
1652707527.858895, sdrt-health/mac:02010b41cdec/antenna/tag/e28068940000400386621d4f, 96
1652707527.859044, sdrt-health/mac:02010b41cdec/antenna/tag/e2806894000050038661fd4f, 86
1652707527.881301, sdrt-health/mac:02010b41cdec/antenna/tag/e2806894000040038662114f, 85
1652707527.920289, sdrt-health/mac:02010b41cdec/antenna/tag/e2806894000050038662154f, 91
1652707527.974317, sdrt-health/mac:02010b41cdec/antenna/tag/e2806894000050038662154f, 87
1652707527.974776, sdrt-health/mac:02010b41cdec/antenna/tag/e2806894000050038662154f, 85
1652707528.003251, sdrt-health/mac:02010b41cdec/antenna/tag/e28068940000400386621d4f, 77
1652707528.041656, sdrt-health/mac:02010b41cdec/antenna/tag/e28068940000500386620d4f, 83
1652707528.081826, sdrt-health/mac:02010b41cdec/antenna/tag/e2806894000050038662154f, 85
1652707528.129662, sdrt-health/mac:02010b41cdec/antenna/tag/e2806894000050038662154f, 88
1652707528.188571, sdrt-health/mac:02010b41cdec/antenna/tag/e2806894000040038662114f, 88
1652707528.18894, sdrt-health/mac:02010b41cdec/antenna/tag/e2806894000050038661fd4f, 86
1652707528.202398, sdrt-health/mac:02010b41cdec/antenna/tag/e28068940000400386621d4f, 96
1652707528.202744, sdrt-health/mac:02010b41cdec/antenna/tag/e2806894000050038662154f, 88
1652707528.202972, sdrt-health/mac:02010b41cdec/antenna/tag/e2806894000050038661fd4f, 86
1652707528.22228, sdrt-health/mac:02010b41cdec/antenna/tag/e28068940000400386621d4f, 96
1652707528.27643, sdrt-health/mac:02010b41cdec/antenna/tag/e2806894000050038661fd4f, 90
1652707528.276936, sdrt-health/mac:02010b41cdec/antenna/tag/e2806894000050038662154f, 91
1652707528.290874, sdrt-health/mac:02010b41cdec/antenna/tag/e28068940000500386620d4f, 81
1652707528.300813, sdrt-health/mac:02010b41cdec/antenna/tag/e2806894000050038662154f, 88
1652707528.306151, sdrt-health/mac:02010b41cdec/antenna/tag/e2806894000040038662114f, 91
1652707528.306475, sdrt-health/mac:02010b41cdec/antenna/tag/e2806894000050038661fd4f, 86
1652707528.361158, sdrt-health/mac:02010b41cdec/antenna/tag/e2806894000050038662194f, 81
1652707528.40102, sdrt-health/mac:02010b41cdec/antenna/tag/e2806894000050038662154f, 85
1652707528.442716, sdrt-health/mac:02010b41cdec/antenna/tag/e2806894000050038662154f, 85
1652707528.525983, sdrt-health/mac:02010b41cdec/antenna/tag/e2806894000040038662114f, 88
1652707528.526606, sdrt-health/mac:02010b41cdec/antenna/tag/e2806894000050038662154f, 91
1652707528.560708, sdrt-health/mac:02010b41cdec/antenna/tag/e28068940000400386621d4f, 96
1652707528.626848, sdrt-health/mac:02010b41cdec/antenna/tag/e2806894000050038662154f, 88
1652707528.627688, sdrt-health/mac:02010b41cdec/antenna/tag/e28068940000400386621d4f, 96
1652707528.643934, sdrt-health/mac:02010b41cdec/antenna/tag/e2806894000050038662154f, 88
1652707528.651524, sdrt-health/mac:02010b41cdec/antenna/tag/e2806894000050038662154f, 88
1652707528.660074, sdrt-health/mac:02010b41cdec/antenna/tag/e28068940000400386621d4f, 90
1652707528.69104, sdrt-health/mac:02010b41cdec/antenna/tag/e2806894000050038661fd4f, 86
1652707528.752346, sdrt-health/mac:02010b41cdec/antenna/tag/e28068940000500386620d4f, 81
1652707528.792334, sdrt-health/mac:02010b41cdec/antenna/tag/e2806894000050038662154f, 88
1652707528.846281, sdrt-health/mac:02010b41cdec/antenna/tag/e28068940000500386620d4f, 87
1652707528.846798, sdrt-health/mac:02010b41cdec/antenna/tag/e28068940000400386621d4f, 96
1652707528.860432, sdrt-health/mac:02010b41cdec/antenna/tag/e2806894000040038662114f, 88
1652707528.889405, sdrt-health/mac:02010b41cdec/antenna/tag/e2806894000050038661fd4f, 83
1652707528.889793, sdrt-health/mac:02010b41cdec/antenna/tag/e28068940000500386620d4f, 83
1652707528.912286, sdrt-health/mac:02010b41cdec/antenna/tag/e2806894000050038662154f, 88
1652707528.965457, sdrt-health/mac:02010b41cdec/antenna/tag/e2806894000040038662114f, 88
1652707528.966006, sdrt-health/mac:02010b41cdec/antenna/tag/e2806894000050038661fd4f, 83
1652707528.979208, sdrt-health/mac:02010b41cdec/antenna/tag/e2806894000040038662114f, 88
1652707528.990517, sdrt-health/mac:02010b41cdec/antenna/tag/e2806894000040038662114f, 85
1652707529.031217, sdrt-health/mac:02010b41cdec/antenna/tag/e28068940000400386621d4f, 96
1652707529.061079, sdrt-health/mac:02010b41cdec/antenna/tag/e28068940000500386620d4f, 81
1652707529.06137, sdrt-health/mac:02010b41cdec/antenna/tag/e28068940000500386620d4f, 87
1652707529.075158, sdrt-health/mac:02010b41cdec/antenna/tag/e28068940000400386621d4f, 96
1652707529.121408, sdrt-health/mac:02010b41cdec/antenna/tag/e2806894000040038662054f, 82
1652707529.163412, sdrt-health/mac:02010b41cdec/antenna/tag/e2806894000040038662114f, 88
1652707529.200644, sdrt-health/mac:02010b41cdec/antenna/tag/e2806894000040038662114f, 85
1652707529.253435, sdrt-health/mac:02010b41cdec/antenna/tag/e2806894000050038661fd4f, 86
1652707529.254173, sdrt-health/mac:02010b41cdec/antenna/tag/e2806894000050038662154f, 88
1652707529.28092, sdrt-health/mac:02010b41cdec/antenna/tag/e2806894000050038662154f, 85
1652707529.336511, sdrt-health/mac:02010b41cdec/antenna/tag/e2806894000050038661fd4f, 83
1652707529.33696, sdrt-health/mac:02010b41cdec/antenna/tag/e2806894000040038662114f, 88
1652707529.361288, sdrt-health/mac:02010b41cdec/antenna/tag/e2806894000050038661fd4f, 83
1652707529.456429, sdrt-health/mac:02010b41cdec/antenna/tag/e2806894000050038662154f, 85
1652707529.456895, sdrt-health/mac:02010b41cdec/antenna/tag/e2806894000050038661fd4f, 86
1652707529.481278, sdrt-health/mac:02010b41cdec/antenna/tag/e2806894000050038662154f, 91
1652707529.510712, sdrt-health/mac:02010b41cdec/antenna/tag/e2806894000050038662154f, 88
1652707529.511051, sdrt-health/mac:02010b41cdec/antenna/tag/e2806894000040038662114f, 88
1652707529.552458, sdrt-health/mac:02010b41cdec/antenna/tag/e2806894000050038662154f, 88
1652707529.591783, sdrt-health/mac:02010b41cdec/antenna/tag/e2806894000050038661fd4f, 86
1652707529.620438, sdrt-health/mac:02010b41cdec/antenna/tag/e2806894000050038662154f, 88
1652707529.620659, sdrt-health/mac:02010b41cdec/antenna/tag/e2806894000040038662114f, 88
1652707529.64128, sdrt-health/mac:02010b41cdec/antenna/tag/e2806894000050038661fd4f, 86
1652707529.69352, sdrt-health/mac:02010b41cdec/antenna/tag/e2806894000050038661fd4f, 86
1652707529.724435, sdrt-health/mac:02010b41cdec/antenna/tag/e2806894000040038662114f, 91
1652707529.724772, sdrt-health/mac:02010b41cdec/antenna/tag/e2806894000050038662154f, 85
1652707529.742515, sdrt-health/mac:02010b41cdec/antenna/tag/e2806894000050038661fd4f, 86
1652707529.771765, sdrt-health/mac:02010b41cdec/antenna/tag/e2806894000050038661fd4f, 86
1652707529.811143, sdrt-health/mac:02010b41cdec/antenna/tag/e2806894000040038662114f, 85
1652707529.85119, sdrt-health/mac:02010b41cdec/antenna/tag/e2806894000050038662154f, 91
1652707529.931446, sdrt-health/mac:02010b41cdec/antenna/tag/e2806894000050038662194f, 88
1652707529.971546, sdrt-health/mac:02010b41cdec/antenna/tag/e2806894000050038662194f, 81
1652707530.026733, sdrt-health/mac:02010b41cdec/antenna/tag/e2806894000050038661fd4f, 83
1652707530.027259, sdrt-health/mac:02010b41cdec/antenna/tag/e2806894000040038662114f, 88
1652707530.042031, sdrt-health/mac:02010b41cdec/antenna/tag/e28068940000400386621d4f, 96
1652707530.072901, sdrt-health/mac:02010b41cdec/antenna/tag/e2806894000050038662154f, 85
1652707530.073429, sdrt-health/mac:02010b41cdec/antenna/tag/e2806894000050038661fd4f, 83
1652707530.073853, sdrt-health/mac:02010b41cdec/antenna/tag/e2806894000050038661fd4f, 86
1652707530.094533, sdrt-health/mac:02010b41cdec/antenna/tag/e2806894000050038662154f, 97
1652707530.145788, sdrt-health/mac:02010b41cdec/antenna/tag/e2806894000040038662114f, 85
1652707530.146243, sdrt-health/mac:02010b41cdec/antenna/tag/e2806894000050038662154f, 91
1652707530.158917, sdrt-health/mac:02010b41cdec/antenna/tag/e28068940000400386621d4f, 96
1652707530.180352, sdrt-health/mac:02010b41cdec/antenna/tag/e2806894000050038662154f, 85
1652707530.251741, sdrt-health/mac:02010b41cdec/antenna/tag/e28068940000400386621d4f, 90
1652707530.293121, sdrt-health/mac:02010b41cdec/antenna/tag/e2806894000040038662114f, 88
1652707530.332701, sdrt-health/mac:02010b41cdec/antenna/tag/e2806894000040038662114f, 85
1652707530.385856, sdrt-health/mac:02010b41cdec/antenna/tag/e2806894000050038661fd4f, 86
1652707530.386425, sdrt-health/mac:02010b41cdec/antenna/tag/e2806894000040038662114f, 85
1652707530.492243, sdrt-health/mac:02010b41cdec/antenna/tag/e2806894000050038662154f, 88
1652707530.522387, sdrt-health/mac:02010b41cdec/antenna/tag/e28068940000400386621d4f, 96
1652707530.522996, sdrt-health/mac:02010b41cdec/antenna/tag/e2806894000050038662154f, 88
1652707530.523428, sdrt-health/mac:02010b41cdec/antenna/tag/e2806894000050038662154f, 88
1652707530.523911, sdrt-health/mac:02010b41cdec/antenna/tag/e2806894000040038662114f, 88
1652707530.537403, sdrt-health/mac:02010b41cdec/antenna/tag/e2806894000040038662114f, 88
1652707530.570742, sdrt-health/mac:02010b41cdec/antenna/tag/e2806894000040038662114f, 88
1652707530.626446, sdrt-health/mac:02010b41cdec/antenna/tag/e2806894000050038662154f, 88
1652707530.626847, sdrt-health/mac:02010b41cdec/antenna/tag/e2806894000040038662114f, 88
1652707530.640861, sdrt-health/mac:02010b41cdec/antenna/tag/e2806894000040038662114f, 88
1652707530.659697, sdrt-health/mac:02010b41cdec/antenna/tag/e28068940000400386621d4f, 96
1652707530.716123, sdrt-health/mac:02010b41cdec/antenna/tag/e2806894000040038662114f, 88
1652707530.716574, sdrt-health/mac:02010b41cdec/antenna/tag/e2806894000040038662114f, 91
1652707530.742405, sdrt-health/mac:02010b41cdec/antenna/tag/e2806894000050038661fd4f, 86
1652707530.742681, sdrt-health/mac:02010b41cdec/antenna/tag/e2806894000040038662114f, 88
1652707530.742899, sdrt-health/mac:02010b41cdec/antenna/tag/e2806894000050038661fd4f, 86
1652707530.784345, sdrt-health/mac:02010b41cdec/antenna/tag/e2806894000050038662154f, 88
1652707530.814098, sdrt-health/mac:02010b41cdec/antenna/tag/e2806894000050038662154f, 88
1652707530.814409, sdrt-health/mac:02010b41cdec/antenna/tag/e28068940000400386621d4f, 96
1652707530.840261, sdrt-health/mac:02010b41cdec/antenna/tag/e28068940000400386621d4f, 96
1652707530.881767, sdrt-health/mac:02010b41cdec/antenna/tag/e28068940000400386621d4f, 96
1652707530.934484, sdrt-health/mac:02010b41cdec/antenna/tag/e2806894000050038661fd4f, 83
1652707530.934938, sdrt-health/mac:02010b41cdec/antenna/tag/e2806894000040038661f94f, 88
1652707530.97085, sdrt-health/mac:02010b41cdec/antenna/tag/e2806894000040038662114f, 88
1652707531.01192, sdrt-health/mac:02010b41cdec/antenna/tag/e28068940000400386621d4f, 96
1652707531.040586, sdrt-health/mac:02010b41cdec/antenna/tag/e28068940000400386621d4f, 96
1652707531.040934, sdrt-health/mac:02010b41cdec/antenna/tag/e2806894000040038662114f, 85
1652707531.087677, sdrt-health/mac:02010b41cdec/antenna/tag/e28068940000400386621d4f, 96
1652707531.14454, sdrt-health/mac:02010b41cdec/antenna/tag/e2806894000050038661fd4f, 83
1652707531.144868, sdrt-health/mac:02010b41cdec/antenna/tag/e28068940000400386621d4f, 90
1652707531.158959, sdrt-health/mac:02010b41cdec/antenna/tag/e2806894000050038661fd4f, 86
1652707531.187563, sdrt-health/mac:02010b41cdec/antenna/tag/e2806894000040038662114f, 91
1652707531.187856, sdrt-health/mac:02010b41cdec/antenna/tag/e2806894000050038661fd4f, 86
1652707531.188212, sdrt-health/mac:02010b41cdec/antenna/tag/e2806894000040038662114f, 91
1652707531.188537, sdrt-health/mac:02010b41cdec/antenna/tag/e2806894000050038662154f, 85
1652707531.188858, sdrt-health/mac:02010b41cdec/antenna/tag/e2806894000050038662154f, 88
1652707531.212031, sdrt-health/mac:02010b41cdec/antenna/tag/e2806894000050038662154f, 88
1652707531.251216, sdrt-health/mac:02010b41cdec/antenna/tag/e28068940000500386620d4f, 81
1652707531.30631, sdrt-health/mac:02010b41cdec/antenna/tag/e28068940000500386620d4f, 94
1652707531.306775, sdrt-health/mac:02010b41cdec/antenna/tag/e2806894000050038661fd4f, 86
1652707531.32061, sdrt-health/mac:02010b41cdec/antenna/tag/e2806894000050038662154f, 88
1652707531.340813, sdrt-health/mac:02010b41cdec/antenna/tag/e28068940000400386621d4f, 90
1652707531.397459, sdrt-health/mac:02010b41cdec/antenna/tag/e2806894000040038662214f, 88
1652707531.397986, sdrt-health/mac:02010b41cdec/antenna/tag/e28068940000400386621d4f, 96
1652707531.413601, sdrt-health/mac:02010b41cdec/antenna/tag/e2806894000050038662154f, 88
1652707531.413985, sdrt-health/mac:02010b41cdec/antenna/tag/e2806894000050038661fd4f, 83
1652707531.422251, sdrt-health/mac:02010b41cdec/antenna/tag/e2806894000040038662214f, 81
1652707531.428579, sdrt-health/mac:02010b41cdec/antenna/tag/e2806894000050038661fd4f, 83
1652707531.428783, sdrt-health/mac:02010b41cdec/antenna/tag/e2806894000050038662154f, 85
1652707531.462523, sdrt-health/mac:02010b41cdec/antenna/tag/e28068940000500386620d4f, 84
1652707531.502249, sdrt-health/mac:02010b41cdec/antenna/tag/e2806894000050038661fd4f, 86
1652707531.541681, sdrt-health/mac:02010b41cdec/antenna/tag/e2806894000050038662154f, 91
1652707531.542071, sdrt-health/mac:02010b41cdec/antenna/tag/e2806894000050038661fd4f, 86
1652707531.581363, sdrt-health/mac:02010b41cdec/antenna/tag/e2806894000040038662114f, 85
1652707531.621159, sdrt-health/mac:02010b41cdec/antenna/tag/e28068940000400386621d4f, 96
1652707531.675888, sdrt-health/mac:02010b41cdec/antenna/tag/e2806894000050038661fd4f, 86
1652707531.676295, sdrt-health/mac:02010b41cdec/antenna/tag/e28068940000400386621d4f, 96
1652707531.690762, sdrt-health/mac:02010b41cdec/antenna/tag/e2806894000040038662114f, 88
1652707531.702303, sdrt-health/mac:02010b41cdec/antenna/tag/e2806894000050038661fd4f, 86
1652707531.706182, sdrt-health/mac:02010b41cdec/antenna/tag/e2806894000040038662114f, 88
1652707531.741798, sdrt-health/mac:02010b41cdec/antenna/tag/e2806894000040038662114f, 85
1652707531.805284, sdrt-health/mac:02010b41cdec/antenna/tag/e2806894000050038661fd4f, 83
1652707531.805786, sdrt-health/mac:02010b41cdec/antenna/tag/e28068940000400386621d4f, 96
1652707531.819678, sdrt-health/mac:02010b41cdec/antenna/tag/e2806894000050038662154f, 85
1652707531.849389, sdrt-health/mac:02010b41cdec/antenna/tag/e2806894000040038662114f, 85
1652707531.849648, sdrt-health/mac:02010b41cdec/antenna/tag/e2806894000050038661fd4f, 83
1652707531.849839, sdrt-health/mac:02010b41cdec/antenna/tag/e2806894000040038662114f, 88
1652707531.87048, sdrt-health/mac:02010b41cdec/antenna/tag/e2806894000050038661fd4f, 86
1652707531.910707, sdrt-health/mac:02010b41cdec/antenna/tag/e28068940000400386621d4f, 96
1652707531.965306, sdrt-health/mac:02010b41cdec/antenna/tag/e28068940000400386621d4f, 96
1652707531.965773, sdrt-health/mac:02010b41cdec/antenna/tag/e2806894000050038661fd4f, 86
1652707531.980117, sdrt-health/mac:02010b41cdec/antenna/tag/e2806894000050038661fd4f, 86
1652707531.980643, sdrt-health/mac:02010b41cdec/antenna/tag/e2806894000040038662114f, 88
1652707532.012777, sdrt-health/mac:02010b41cdec/antenna/tag/e2806894000050038662154f, 88
1652707532.073709, sdrt-health/mac:02010b41cdec/antenna/tag/e2806894000050038662154f, 88
1652707532.121555, sdrt-health/mac:02010b41cdec/antenna/tag/e2806894000050038662154f, 91
1652707532.163199, sdrt-health/mac:02010b41cdec/antenna/tag/e28068940000400386621d4f, 96
1652707532.192811, sdrt-health/mac:02010b41cdec/antenna/tag/e2806894000050038662154f, 91
1652707532.193205, sdrt-health/mac:02010b41cdec/antenna/tag/e2806894000050038661fd4f, 86
1652707532.205835, sdrt-health/mac:02010b41cdec/antenna/tag/e2806894000040038662114f, 85
1652707532.240804, sdrt-health/mac:02010b41cdec/antenna/tag/e2806894000050038661fd4f, 83
1652707532.281206, sdrt-health/mac:02010b41cdec/antenna/tag/e2806894000050038662154f, 85
1652707532.32298, sdrt-health/mac:02010b41cdec/antenna/tag/e28068940000400386621d4f, 90
1652707532.356304, sdrt-health/mac:02010b41cdec/antenna/tag/e2806894000050038662154f, 85
1652707532.356506, sdrt-health/mac:02010b41cdec/antenna/tag/e28068940000400386621d4f, 96
1652707532.374591, sdrt-health/mac:02010b41cdec/antenna/tag/e2806894000050038661fd4f, 83
1652707532.412063, sdrt-health/mac:02010b41cdec/antenna/tag/e2806894000050038662154f, 88
1652707532.453982, sdrt-health/mac:02010b41cdec/antenna/tag/e2806894000050038662154f, 88
1652707532.507501, sdrt-health/mac:02010b41cdec/antenna/tag/e28068940000400386621d4f, 96
1652707532.507965, sdrt-health/mac:02010b41cdec/antenna/tag/e2806894000050038661fd4f, 86
1652707532.530989, sdrt-health/mac:02010b41cdec/antenna/tag/e2806894000040038662114f, 88
1652707532.570838, sdrt-health/mac:02010b41cdec/antenna/tag/e2806894000050038662154f, 88
1652707532.611172, sdrt-health/mac:02010b41cdec/antenna/tag/e2806894000050038662154f, 88
1652707532.654193, sdrt-health/mac:02010b41cdec/antenna/tag/e2806894000050038662154f, 85
1652707532.692138, sdrt-health/mac:02010b41cdec/antenna/tag/e2806894000050038661fd4f, 97
1652707532.755191, sdrt-health/mac:02010b41cdec/antenna/tag/e28068940000500386620d4f, 94
1652707532.755668, sdrt-health/mac:02010b41cdec/antenna/tag/e28068940000400386621d4f, 96
1652707532.769814, sdrt-health/mac:02010b41cdec/antenna/tag/e2806894000050038661fd4f, 83
1652707532.770317, sdrt-health/mac:02010b41cdec/antenna/tag/e2806894000040038662114f, 88
1652707532.783055, sdrt-health/mac:02010b41cdec/antenna/tag/e2806894000040038662114f, 85
1652707532.822119, sdrt-health/mac:02010b41cdec/antenna/tag/e2806894000040038662114f, 88
1652707532.861209, sdrt-health/mac:02010b41cdec/antenna/tag/e2806894000050038662154f, 85
1652707532.861541, sdrt-health/mac:02010b41cdec/antenna/tag/e28068940000500386620d4f, 81
1652707532.87557, sdrt-health/mac:02010b41cdec/antenna/tag/e2806894000040038662114f, 85
1652707532.902972, sdrt-health/mac:02010b41cdec/antenna/tag/e2806894000040038662114f, 85
1652707532.941844, sdrt-health/mac:02010b41cdec/antenna/tag/e2806894000050038661fd4f, 86
1652707532.997815, sdrt-health/mac:02010b41cdec/antenna/tag/e2806894000040038662114f, 85
1652707532.998142, sdrt-health/mac:02010b41cdec/antenna/tag/e2806894000050038661fd4f, 83
1652707533.012735, sdrt-health/mac:02010b41cdec/antenna/tag/e2806894000050038662154f, 88
1652707533.021123, sdrt-health/mac:02010b41cdec/antenna/tag/e28068940000400386621d4f, 96
1652707533.06053, sdrt-health/mac:02010b41cdec/antenna/tag/e2806894000050038661fd4f, 86
1652707533.116033, sdrt-health/mac:02010b41cdec/antenna/tag/e2806894000040038662114f, 88
1652707533.116325, sdrt-health/mac:02010b41cdec/antenna/tag/e2806894000050038661fd4f, 83
1652707533.116529, sdrt-health/mac:02010b41cdec/antenna/tag/e2806894000050038661fd4f, 86
1652707533.14165, sdrt-health/mac:02010b41cdec/antenna/tag/e2806894000050038662154f, 88
1652707533.18174, sdrt-health/mac:02010b41cdec/antenna/tag/e28068940000400386621d4f, 96
1652707533.221412, sdrt-health/mac:02010b41cdec/antenna/tag/e2806894000050038661fd4f, 83
1652707533.261575, sdrt-health/mac:02010b41cdec/antenna/tag/e2806894000050038662154f, 85
1652707533.300381, sdrt-health/mac:02010b41cdec/antenna/tag/e2806894000050038662194f, 94
1652707533.342464, sdrt-health/mac:02010b41cdec/antenna/tag/e2806894000050038661fd4f, 86
1652707533.396259, sdrt-health/mac:02010b41cdec/antenna/tag/e2806894000040038662114f, 85
1652707533.396727, sdrt-health/mac:02010b41cdec/antenna/tag/e2806894000050038661fd4f, 83
1652707533.421092, sdrt-health/mac:02010b41cdec/antenna/tag/e2806894000050038661fd4f, 90
1652707533.461021, sdrt-health/mac:02010b41cdec/antenna/tag/e28068940000500386620d4f, 94
1652707533.461978, sdrt-health/mac:02010b41cdec/antenna/tag/e2806894000050038662194f, 94
1652707533.500732, sdrt-health/mac:02010b41cdec/antenna/tag/e28068940000500386620d4f, 93
1652707533.551529, sdrt-health/mac:02010b41cdec/antenna/tag/e28068940000400386621d4f, 90
1652707533.591741, sdrt-health/mac:02010b41cdec/antenna/tag/e2806894000050038661fd4f, 83
1652707533.647144, sdrt-health/mac:02010b41cdec/antenna/tag/e2806894000050038662154f, 88
1652707533.647506, sdrt-health/mac:02010b41cdec/antenna/tag/e2806894000050038661fd4f, 86
1652707533.661313, sdrt-health/mac:02010b41cdec/antenna/tag/e2806894000040038662114f, 88
1652707533.669766, sdrt-health/mac:02010b41cdec/antenna/tag/e28068940000400386621d4f, 96
1652707533.712541, sdrt-health/mac:02010b41cdec/antenna/tag/e2806894000050038661fd4f, 86
1652707533.768531, sdrt-health/mac:02010b41cdec/antenna/tag/e2806894000050038662154f, 88
1652707533.76915, sdrt-health/mac:02010b41cdec/antenna/tag/e2806894000050038662154f, 85
1652707533.787988, sdrt-health/mac:02010b41cdec/antenna/tag/e28068940000400386621d4f, 96
1652707533.830931, sdrt-health/mac:02010b41cdec/antenna/tag/e2806894000040038662114f, 88
1652707533.870987, sdrt-health/mac:02010b41cdec/antenna/tag/e2806894000050038662154f, 85
1652707533.928479, sdrt-health/mac:02010b41cdec/antenna/tag/e28068940000500386620d4f, 94
1652707533.928937, sdrt-health/mac:02010b41cdec/antenna/tag/e2806894000040038662114f, 85
1652707533.942734, sdrt-health/mac:02010b41cdec/antenna/tag/e2806894000050038661fd4f, 86
1652707533.973442, sdrt-health/mac:02010b41cdec/antenna/tag/e28068940000500386620d4f, 81
1652707533.973863, sdrt-health/mac:02010b41cdec/antenna/tag/e2806894000040038662214f, 81
1652707533.993397, sdrt-health/mac:02010b41cdec/antenna/tag/e2806894000050038662154f, 85
1652707534.047509, sdrt-health/mac:02010b41cdec/antenna/tag/e28068940000500386620d4f, 84
1652707534.048016, sdrt-health/mac:02010b41cdec/antenna/tag/e2806894000050038661fd4f, 83
1652707534.062809, sdrt-health/mac:02010b41cdec/antenna/tag/e28068940000400386621d4f, 96
1652707534.100959, sdrt-health/mac:02010b41cdec/antenna/tag/e2806894000040038662114f, 85
1652707534.142631, sdrt-health/mac:02010b41cdec/antenna/tag/e28068940000500386620d4f, 81
1652707534.182489, sdrt-health/mac:02010b41cdec/antenna/tag/e2806894000040038662114f, 85
1652707534.221471, sdrt-health/mac:02010b41cdec/antenna/tag/e2806894000050038662194f, 88
1652707534.282549, sdrt-health/mac:02010b41cdec/antenna/tag/e2806894000050038662154f, 85
1652707534.283006, sdrt-health/mac:02010b41cdec/antenna/tag/e2806894000050038662194f, 88
1652707534.296261, sdrt-health/mac:02010b41cdec/antenna/tag/e2806894000050038661fd4f, 83
1652707534.310426, sdrt-health/mac:02010b41cdec/antenna/tag/e2806894000050038662154f, 85
1652707534.352122, sdrt-health/mac:02010b41cdec/antenna/tag/e2806894000050038662154f, 88
1652707534.382457, sdrt-health/mac:02010b41cdec/antenna/tag/e28068940000400386621d4f, 96
1652707534.382727, sdrt-health/mac:02010b41cdec/antenna/tag/e2806894000040038662114f, 88
1652707534.402729, sdrt-health/mac:02010b41cdec/antenna/tag/e2806894000050038661fd4f, 86
1652707534.471147, sdrt-health/mac:02010b41cdec/antenna/tag/e2806894000050038662154f, 85
1652707534.511208, sdrt-health/mac:02010b41cdec/antenna/tag/e2806894000050038662194f, 94
1652707534.552436, sdrt-health/mac:02010b41cdec/antenna/tag/e2806894000050038662154f, 85
1652707534.607845, sdrt-health/mac:02010b41cdec/antenna/tag/e28068940000400386621d4f, 96
1652707534.609176, sdrt-health/mac:02010b41cdec/antenna/tag/e28068940000400386621d4f, 90
1652707534.633799, sdrt-health/mac:02010b41cdec/antenna/tag/e2806894000050038661fd4f, 86
1652707534.686511, sdrt-health/mac:02010b41cdec/antenna/tag/e2806894000050038662154f, 88
1652707534.686862, sdrt-health/mac:02010b41cdec/antenna/tag/e28068940000400386621d4f, 96
1652707534.702753, sdrt-health/mac:02010b41cdec/antenna/tag/e2806894000050038662154f, 88
1652707534.703007, sdrt-health/mac:02010b41cdec/antenna/tag/e2806894000050038662154f, 91
1652707534.713884, sdrt-health/mac:02010b41cdec/antenna/tag/e2806894000050038661fd4f, 86
1652707534.75298, sdrt-health/mac:02010b41cdec/antenna/tag/e2806894000040038662114f, 88
1652707534.808129, sdrt-health/mac:02010b41cdec/antenna/tag/e2806894000050038662154f, 88
1652707534.808541, sdrt-health/mac:02010b41cdec/antenna/tag/e2806894000050038662194f, 94
1652707534.850795, sdrt-health/mac:02010b41cdec/antenna/tag/e2806894000040038662054f, 97
1652707534.890952, sdrt-health/mac:02010b41cdec/antenna/tag/e2806894000050038662194f, 81
1652707534.932286, sdrt-health/mac:02010b41cdec/antenna/tag/e2806894000040038662114f, 88
1652707535.005611, sdrt-health/mac:02010b41cdec/antenna/tag/e28068940000400386621d4f, 96
1652707535.006065, sdrt-health/mac:02010b41cdec/antenna/tag/e2806894000050038662154f, 88
1652707535.030395, sdrt-health/mac:02010b41cdec/antenna/tag/e2806894000050038662154f, 91
1652707535.096158, sdrt-health/mac:02010b41cdec/antenna/tag/e28068940000400386621d4f, 90
1652707535.096724, sdrt-health/mac:02010b41cdec/antenna/tag/e2806894000040038662114f, 88
1652707535.110737, sdrt-health/mac:02010b41cdec/antenna/tag/e28068940000400386621d4f, 90
1652707535.120254, sdrt-health/mac:02010b41cdec/antenna/tag/e2806894000040038662114f, 97
1652707535.127757, sdrt-health/mac:02010b41cdec/antenna/tag/e28068940000400386621d4f, 90
1652707535.169446, sdrt-health/mac:02010b41cdec/antenna/tag/e2806894000050038662154f, 88
1652707535.225226, sdrt-health/mac:02010b41cdec/antenna/tag/e2806894000040038662114f, 91
1652707535.225734, sdrt-health/mac:02010b41cdec/antenna/tag/e2806894000050038662154f, 88
1652707535.23966, sdrt-health/mac:02010b41cdec/antenna/tag/e2806894000040038662114f, 91
1652707535.267941, sdrt-health/mac:02010b41cdec/antenna/tag/e28068940000400386621d4f, 96
1652707535.268284, sdrt-health/mac:02010b41cdec/antenna/tag/e2806894000050038662154f, 85
1652707535.268497, sdrt-health/mac:02010b41cdec/antenna/tag/e28068940000400386621d4f, 96
1652707535.268698, sdrt-health/mac:02010b41cdec/antenna/tag/e2806894000040038662114f, 88
1652707535.290566, sdrt-health/mac:02010b41cdec/antenna/tag/e2806894000050038661fd4f, 83
1652707535.347184, sdrt-health/mac:02010b41cdec/antenna/tag/e28068940000500386620d4f, 87
1652707535.347584, sdrt-health/mac:02010b41cdec/antenna/tag/e28068940000400386621d4f, 90
1652707535.371758, sdrt-health/mac:02010b41cdec/antenna/tag/e28068940000500386620d4f, 83
1652707535.412568, sdrt-health/mac:02010b41cdec/antenna/tag/e2806894000050038662154f, 85
1652707535.464308, sdrt-health/mac:02010b41cdec/antenna/tag/e2806894000040038662114f, 85
1652707535.464774, sdrt-health/mac:02010b41cdec/antenna/tag/e28068940000500386620d4f, 81
1652707535.478661, sdrt-health/mac:02010b41cdec/antenna/tag/e2806894000050038662154f, 88
1652707535.479171, sdrt-health/mac:02010b41cdec/antenna/tag/e2806894000050038661fd4f, 83
1652707535.490739, sdrt-health/mac:02010b41cdec/antenna/tag/e2806894000050038662154f, 85
1652707535.530969, sdrt-health/mac:02010b41cdec/antenna/tag/e2806894000050038661fd4f, 83
1652707535.584723, sdrt-health/mac:02010b41cdec/antenna/tag/e28068940000500386620d4f, 83
1652707535.585199, sdrt-health/mac:02010b41cdec/antenna/tag/e2806894000050038662194f, 88
1652707535.600985, sdrt-health/mac:02010b41cdec/antenna/tag/e28068940000400386621d4f, 96
1652707535.641569, sdrt-health/mac:02010b41cdec/antenna/tag/e2806894000040038662114f, 88
1652707535.68161, sdrt-health/mac:02010b41cdec/antenna/tag/e28068940000400386621d4f, 96
1652707535.735352, sdrt-health/mac:02010b41cdec/antenna/tag/e2806894000050038661fd4f, 86
1652707535.735878, sdrt-health/mac:02010b41cdec/antenna/tag/e2806894000050038662154f, 91
1652707535.7494, sdrt-health/mac:02010b41cdec/antenna/tag/e2806894000040038662114f, 85
1652707535.778838, sdrt-health/mac:02010b41cdec/antenna/tag/e2806894000050038662154f, 91
1652707535.77914, sdrt-health/mac:02010b41cdec/antenna/tag/e2806894000040038662114f, 88
1652707535.803133, sdrt-health/mac:02010b41cdec/antenna/tag/e2806894000040038662114f, 88
1652707535.841401, sdrt-health/mac:02010b41cdec/antenna/tag/e2806894000050038661fd4f, 83
1652707535.880352, sdrt-health/mac:02010b41cdec/antenna/tag/e2806894000050038661fd4f, 86
1652707535.921375, sdrt-health/mac:02010b41cdec/antenna/tag/e2806894000040038662114f, 88
1652707535.96095, sdrt-health/mac:02010b41cdec/antenna/tag/e2806894000050038661fd4f, 90
1652707536.016663, sdrt-health/mac:02010b41cdec/antenna/tag/e28068940000400386621d4f, 96
1652707536.017209, sdrt-health/mac:02010b41cdec/antenna/tag/e2806894000040038662114f, 88
1652707536.031476, sdrt-health/mac:02010b41cdec/antenna/tag/e2806894000050038661fd4f, 86
1652707536.041826, sdrt-health/mac:02010b41cdec/antenna/tag/e2806894000040038662114f, 88
1652707536.046419, sdrt-health/mac:02010b41cdec/antenna/tag/e28068940000400386621d4f, 90
1652707536.04666, sdrt-health/mac:02010b41cdec/antenna/tag/e2806894000050038661fd4f, 86
1652707536.081295, sdrt-health/mac:02010b41cdec/antenna/tag/e2806894000050038661fd4f, 86
1652707536.135705, sdrt-health/mac:02010b41cdec/antenna/tag/e2806894000050038662154f, 88
1652707536.136323, sdrt-health/mac:02010b41cdec/antenna/tag/e2806894000050038661fd4f, 86
1652707536.150238, sdrt-health/mac:02010b41cdec/antenna/tag/e2806894000050038662154f, 88
1652707536.203591, sdrt-health/mac:02010b41cdec/antenna/tag/e2806894000050038661fd4f, 86
1652707536.204015, sdrt-health/mac:02010b41cdec/antenna/tag/e2806894000050038661fd4f, 86
1652707536.230289, sdrt-health/mac:02010b41cdec/antenna/tag/e2806894000050038662154f, 85
1652707536.257478, sdrt-health/mac:02010b41cdec/antenna/tag/e2806894000050038661fd4f, 86
1652707536.2577, sdrt-health/mac:02010b41cdec/antenna/tag/e2806894000040038662114f, 88
1652707536.257846, sdrt-health/mac:02010b41cdec/antenna/tag/e2806894000050038662194f, 83
1652707536.303925, sdrt-health/mac:02010b41cdec/antenna/tag/e28068940000400386621d4f, 96
1652707536.341779, sdrt-health/mac:02010b41cdec/antenna/tag/e2806894000050038662154f, 88
1652707536.396089, sdrt-health/mac:02010b41cdec/antenna/tag/e28068940000400386621d4f, 96
1652707536.396483, sdrt-health/mac:02010b41cdec/antenna/tag/e2806894000050038661fd4f, 83
1652707536.421366, sdrt-health/mac:02010b41cdec/antenna/tag/e2806894000040038662114f, 85
1652707536.475492, sdrt-health/mac:02010b41cdec/antenna/tag/e28068940000400386621d4f, 96
1652707536.47625, sdrt-health/mac:02010b41cdec/antenna/tag/e2806894000050038662154f, 85
1652707536.500217, sdrt-health/mac:02010b41cdec/antenna/tag/e2806894000050038661fd4f, 83
1652707536.566746, sdrt-health/mac:02010b41cdec/antenna/tag/e28068940000500386620d4f, 83
1652707536.567216, sdrt-health/mac:02010b41cdec/antenna/tag/e2806894000050038661fd4f, 86
1652707536.601028, sdrt-health/mac:02010b41cdec/antenna/tag/e2806894000040038662114f, 85
1652707536.641527, sdrt-health/mac:02010b41cdec/antenna/tag/e2806894000050038662154f, 91
1652707536.695524, sdrt-health/mac:02010b41cdec/antenna/tag/e2806894000040038662114f, 85
1652707536.696034, sdrt-health/mac:02010b41cdec/antenna/tag/e2806894000050038661fd4f, 83
1652707536.732486, sdrt-health/mac:02010b41cdec/antenna/tag/e2806894000050038662154f, 88
1652707536.799518, sdrt-health/mac:02010b41cdec/antenna/tag/e2806894000040038662114f, 88
1652707536.800006, sdrt-health/mac:02010b41cdec/antenna/tag/e28068940000400386621d4f, 90
1652707536.821935, sdrt-health/mac:02010b41cdec/antenna/tag/e2806894000040038661f94f, 94
1652707536.852824, sdrt-health/mac:02010b41cdec/antenna/tag/e2806894000050038661fd4f, 83
1652707536.853197, sdrt-health/mac:02010b41cdec/antenna/tag/e28068940000400386621d4f, 96
1652707536.867095, sdrt-health/mac:02010b41cdec/antenna/tag/e2806894000040038662114f, 85
1652707536.868129, sdrt-health/mac:02010b41cdec/antenna/tag/e2806894000050038661fd4f, 83
1652707536.950752, sdrt-health/mac:02010b41cdec/antenna/tag/e28068940000400386621d4f, 96
1652707537.002224, sdrt-health/mac:02010b41cdec/antenna/tag/e2806894000040038662114f, 85
1652707537.042705, sdrt-health/mac:02010b41cdec/antenna/tag/e2806894000050038661fd4f, 86
1652707537.081123, sdrt-health/mac:02010b41cdec/antenna/tag/e2806894000050038661fd4f, 86
1652707537.121814, sdrt-health/mac:02010b41cdec/antenna/tag/e2806894000040038662114f, 88
1652707537.183686, sdrt-health/mac:02010b41cdec/antenna/tag/e28068940000400386621d4f, 96
1652707537.1842, sdrt-health/mac:02010b41cdec/antenna/tag/e2806894000040038662114f, 85
1652707537.212519, sdrt-health/mac:02010b41cdec/antenna/tag/e28068940000400386621d4f, 96
1652707537.278607, sdrt-health/mac:02010b41cdec/antenna/tag/e28068940000400386621d4f, 96
1652707537.279095, sdrt-health/mac:02010b41cdec/antenna/tag/e2806894000040038662114f, 88
1652707537.292547, sdrt-health/mac:02010b41cdec/antenna/tag/e2806894000040038662114f, 85
1652707537.301998, sdrt-health/mac:02010b41cdec/antenna/tag/e2806894000050038662154f, 88
1652707537.343095, sdrt-health/mac:02010b41cdec/antenna/tag/e28068940000500386620d4f, 83
1652707537.373333, sdrt-health/mac:02010b41cdec/antenna/tag/e2806894000050038662154f, 91
1652707537.373649, sdrt-health/mac:02010b41cdec/antenna/tag/e28068940000400386621d4f, 77
1652707537.373867, sdrt-health/mac:02010b41cdec/antenna/tag/e2806894000040038662214f, 84
1652707537.411487, sdrt-health/mac:02010b41cdec/antenna/tag/e2806894000040038662214f, 81
1652707537.439463, sdrt-health/mac:02010b41cdec/antenna/tag/e2806894000040038662114f, 85
1652707537.439876, sdrt-health/mac:02010b41cdec/antenna/tag/e2806894000050038661fd4f, 83
1652707537.482438, sdrt-health/mac:02010b41cdec/antenna/tag/e2806894000050038662154f, 88
1652707537.510708, sdrt-health/mac:02010b41cdec/antenna/tag/e2806894000040038662114f, 88
1652707537.510956, sdrt-health/mac:02010b41cdec/antenna/tag/e2806894000040038662114f, 88
1652707537.52872, sdrt-health/mac:02010b41cdec/antenna/tag/e2806894000050038661fd4f, 83
1652707537.528972, sdrt-health/mac:02010b41cdec/antenna/tag/e2806894000040038662114f, 88
1652707537.529198, sdrt-health/mac:02010b41cdec/antenna/tag/e28068940000400386621d4f, 96
1652707537.713952, sdrt-health/mac:02010b41cdec/antenna/tag/e2806894000050038662154f, 88
1652707537.744085, sdrt-health/mac:02010b41cdec/antenna/tag/e2806894000050038661fd4f, 86
1652707537.744523, sdrt-health/mac:02010b41cdec/antenna/tag/e28068940000400386621d4f, 90
1652707537.744798, sdrt-health/mac:02010b41cdec/antenna/tag/e2806894000050038662154f, 88
1652707537.745052, sdrt-health/mac:02010b41cdec/antenna/tag/e2806894000040038662114f, 91
1652707537.745311, sdrt-health/mac:02010b41cdec/antenna/tag/e28068940000400386621d4f, 90
1652707537.758099, sdrt-health/mac:02010b41cdec/antenna/tag/e2806894000050038661fd4f, 86
1652707537.75832, sdrt-health/mac:02010b41cdec/antenna/tag/e2806894000040038662114f, 91
1652707537.792072, sdrt-health/mac:02010b41cdec/antenna/tag/e28068940000400386621d4f, 96
1652707537.844616, sdrt-health/mac:02010b41cdec/antenna/tag/e2806894000040038662114f, 97
1652707537.845064, sdrt-health/mac:02010b41cdec/antenna/tag/e2806894000050038662154f, 88
1652707537.891298, sdrt-health/mac:02010b41cdec/antenna/tag/e28068940000500386620d4f, 83
1652707537.931002, sdrt-health/mac:02010b41cdec/antenna/tag/e2806894000050038661fd4f, 83
1652707537.971919, sdrt-health/mac:02010b41cdec/antenna/tag/e2806894000050038661fd4f, 83
1652707538.013267, sdrt-health/mac:02010b41cdec/antenna/tag/e28068940000400386621d4f, 96
1652707538.066749, sdrt-health/mac:02010b41cdec/antenna/tag/e2806894000050038662154f, 91
1652707538.067327, sdrt-health/mac:02010b41cdec/antenna/tag/e2806894000050038661fd4f, 86
1652707538.091167, sdrt-health/mac:02010b41cdec/antenna/tag/e2806894000050038662154f, 91
1652707538.130882, sdrt-health/mac:02010b41cdec/antenna/tag/e2806894000040038662114f, 85
1652707538.17062, sdrt-health/mac:02010b41cdec/antenna/tag/e2806894000050038662154f, 88
1652707538.225723, sdrt-health/mac:02010b41cdec/antenna/tag/e2806894000040038662114f, 88
1652707538.226169, sdrt-health/mac:02010b41cdec/antenna/tag/e2806894000040038662114f, 88
1652707538.251602, sdrt-health/mac:02010b41cdec/antenna/tag/e2806894000040038662114f, 85
1652707538.305947, sdrt-health/mac:02010b41cdec/antenna/tag/e28068940000500386620d4f, 81
1652707538.306404, sdrt-health/mac:02010b41cdec/antenna/tag/e2806894000050038661fd4f, 83
1652707538.320042, sdrt-health/mac:02010b41cdec/antenna/tag/e2806894000040038662114f, 85
1652707538.330575, sdrt-health/mac:02010b41cdec/antenna/tag/e2806894000050038662154f, 88
1652707538.33717, sdrt-health/mac:02010b41cdec/antenna/tag/e28068940000400386621d4f, 96
1652707538.37134, sdrt-health/mac:02010b41cdec/antenna/tag/e28068940000400386621d4f, 96
1652707538.425083, sdrt-health/mac:02010b41cdec/antenna/tag/e2806894000050038662154f, 88
1652707538.425595, sdrt-health/mac:02010b41cdec/antenna/tag/e2806894000040038662114f, 88
1652707538.452574, sdrt-health/mac:02010b41cdec/antenna/tag/e2806894000050038662154f, 91
1652707538.482416, sdrt-health/mac:02010b41cdec/antenna/tag/e28068940000400386621d4f, 96
1652707538.482719, sdrt-health/mac:02010b41cdec/antenna/tag/e2806894000050038662154f, 91
1652707538.503083, sdrt-health/mac:02010b41cdec/antenna/tag/e2806894000050038661fd4f, 86
1652707538.541363, sdrt-health/mac:02010b41cdec/antenna/tag/e2806894000050038661fd4f, 86
1652707538.596323, sdrt-health/mac:02010b41cdec/antenna/tag/e2806894000050038661fd4f, 90
1652707538.596807, sdrt-health/mac:02010b41cdec/antenna/tag/e2806894000050038662154f, 88
1652707538.611081, sdrt-health/mac:02010b41cdec/antenna/tag/e2806894000050038662154f, 88
1652707538.642518, sdrt-health/mac:02010b41cdec/antenna/tag/e28068940000400386621d4f, 96
1652707538.701864, sdrt-health/mac:02010b41cdec/antenna/tag/e2806894000050038661fd4f, 86
1652707538.742378, sdrt-health/mac:02010b41cdec/antenna/tag/e2806894000050038662154f, 91
1652707538.78247, sdrt-health/mac:02010b41cdec/antenna/tag/e2806894000050038662154f, 88
1652707538.84632, sdrt-health/mac:02010b41cdec/antenna/tag/e28068940000400386621d4f, 96
1652707538.846788, sdrt-health/mac:02010b41cdec/antenna/tag/e28068940000500386620d4f, 83
1652707538.860813, sdrt-health/mac:02010b41cdec/antenna/tag/e2806894000040038662114f, 88
1652707538.88338, sdrt-health/mac:02010b41cdec/antenna/tag/e2806894000050038661fd4f, 83
1652707538.931676, sdrt-health/mac:02010b41cdec/antenna/tag/e28068940000400386621d4f, 96
1652707538.972671, sdrt-health/mac:02010b41cdec/antenna/tag/e2806894000050038661fd4f, 86
1652707539.028093, sdrt-health/mac:02010b41cdec/antenna/tag/e2806894000050038661fd4f, 90
1652707539.028533, sdrt-health/mac:02010b41cdec/antenna/tag/e2806894000050038661fd4f, 86
1652707539.073448, sdrt-health/mac:02010b41cdec/antenna/tag/e28068940000400386621d4f, 96
1652707539.113933, sdrt-health/mac:02010b41cdec/antenna/tag/e2806894000050038661fd4f, 86
1652707539.167518, sdrt-health/mac:02010b41cdec/antenna/tag/e28068940000400386621d4f, 90
1652707539.168089, sdrt-health/mac:02010b41cdec/antenna/tag/e28068940000400386621d4f, 96
1652707539.182799, sdrt-health/mac:02010b41cdec/antenna/tag/e2806894000040038662114f, 85
1652707539.192273, sdrt-health/mac:02010b41cdec/antenna/tag/e28068940000500386620d4f, 87
1652707539.199402, sdrt-health/mac:02010b41cdec/antenna/tag/e28068940000400386621d4f, 96
1652707539.282947, sdrt-health/mac:02010b41cdec/antenna/tag/e28068940000400386621d4f, 96
1652707539.321547, sdrt-health/mac:02010b41cdec/antenna/tag/e2806894000040038662114f, 85
1652707539.363593, sdrt-health/mac:02010b41cdec/antenna/tag/e2806894000040038662114f, 85
1652707539.420186, sdrt-health/mac:02010b41cdec/antenna/tag/e2806894000050038662154f, 85
1652707539.420674, sdrt-health/mac:02010b41cdec/antenna/tag/e28068940000400386621d4f, 96
1652707539.441991, sdrt-health/mac:02010b41cdec/antenna/tag/e2806894000050038661fd4f, 83
1652707539.499294, sdrt-health/mac:02010b41cdec/antenna/tag/e2806894000040038662114f, 85
1652707539.499881, sdrt-health/mac:02010b41cdec/antenna/tag/e2806894000040038662114f, 85
1652707539.531292, sdrt-health/mac:02010b41cdec/antenna/tag/e2806894000050038662154f, 91
1652707539.768115, sdrt-health/mac:02010b41cdec/antenna/tag/e2806894000040038662114f, 88
1652707539.802545, sdrt-health/mac:02010b41cdec/antenna/tag/e2806894000050038662154f, 88
1652707539.834696, sdrt-health/mac:02010b41cdec/antenna/tag/e2806894000050038661fd4f, 86
1652707539.835013, sdrt-health/mac:02010b41cdec/antenna/tag/e28068940000400386621d4f, 96
1652707539.835242, sdrt-health/mac:02010b41cdec/antenna/tag/e2806894000040038662114f, 85
1652707539.835512, sdrt-health/mac:02010b41cdec/antenna/tag/e2806894000050038661fd4f, 83
1652707539.835787, sdrt-health/mac:02010b41cdec/antenna/tag/e2806894000040038662114f, 88
1652707539.83603, sdrt-health/mac:02010b41cdec/antenna/tag/e2806894000050038661fd4f, 90
1652707539.836251, sdrt-health/mac:02010b41cdec/antenna/tag/e2806894000040038662114f, 91
1652707539.8365, sdrt-health/mac:02010b41cdec/antenna/tag/e2806894000050038662154f, 88
1652707539.836913, sdrt-health/mac:02010b41cdec/antenna/tag/e2806894000050038661fd4f, 86
1652707539.837218, sdrt-health/mac:02010b41cdec/antenna/tag/e2806894000040038662114f, 91
1652707539.905455, sdrt-health/mac:02010b41cdec/antenna/tag/scan, scan stopped
