1652707949.79074, sdrt-health/mac:02010b41cdec/antenna/power/set, {"power": 300}
1652707950.870183, sdrt-health/mac:02010b41cdec/antenna/power/set, 
1652707954.812766, sdrt-health/mac:02010b41cdec/antenna/tag/scan, {"time": 20000}
1652707955.261503, sdrt-health/mac:02010b41cdec/antenna/tag/e2806894000040038662114f, 85
1652707955.308801, sdrt-health/mac:02010b41cdec/antenna/tag/e28068940000500386620d4f, 83
1652707955.361489, sdrt-health/mac:02010b41cdec/antenna/tag/e2806894000050038661fd4f, 86
1652707955.401278, sdrt-health/mac:02010b41cdec/antenna/tag/e2806894000040038662114f, 88
1652707955.455307, sdrt-health/mac:02010b41cdec/antenna/tag/e2806894000050038662154f, 91
1652707955.455863, sdrt-health/mac:02010b41cdec/antenna/tag/e2806894000050038662154f, 85
1652707955.480725, sdrt-health/mac:02010b41cdec/antenna/tag/e2806894000050038661fd4f, 86
1652707955.519852, sdrt-health/mac:02010b41cdec/antenna/tag/e28068940000400386621d4f, 96
1652707955.576274, sdrt-health/mac:02010b41cdec/antenna/tag/e2806894000050038662194f, 81
1652707955.577061, sdrt-health/mac:02010b41cdec/antenna/tag/e2806894000050038662194f, 83
1652707955.590751, sdrt-health/mac:02010b41cdec/antenna/tag/e28068940000400386621d4f, 77
1652707955.600095, sdrt-health/mac:02010b41cdec/antenna/tag/e2806894000050038662194f, 83
1652707955.639587, sdrt-health/mac:02010b41cdec/antenna/tag/e28068940000400386621d4f, 77
1652707955.729941, sdrt-health/mac:02010b41cdec/antenna/tag/e28068940000500386620d4f, 81
1652707955.770825, sdrt-health/mac:02010b41cdec/antenna/tag/e2806894000050038662194f, 81
1652707955.800656, sdrt-health/mac:02010b41cdec/antenna/tag/e2806894000040038662114f, 97
1652707955.801134, sdrt-health/mac:02010b41cdec/antenna/tag/e2806894000050038662194f, 81
1652707955.852508, sdrt-health/mac:02010b41cdec/antenna/tag/e28068940000500386620d4f, 88
1652707955.889736, sdrt-health/mac:02010b41cdec/antenna/tag/e2806894000040038662114f, 88
1652707955.919577, sdrt-health/mac:02010b41cdec/antenna/tag/e28068940000500386620d4f, 81
1652707955.919838, sdrt-health/mac:02010b41cdec/antenna/tag/e2806894000050038662154f, 91
1652707955.93212, sdrt-health/mac:02010b41cdec/antenna/tag/e2806894000050038662154f, 91
1652707955.969216, sdrt-health/mac:02010b41cdec/antenna/tag/e2806894000050038662194f, 94
1652707956.024569, sdrt-health/mac:02010b41cdec/antenna/tag/e2806894000050038662154f, 88
1652707956.02506, sdrt-health/mac:02010b41cdec/antenna/tag/e2806894000050038662194f, 83
1652707956.069283, sdrt-health/mac:02010b41cdec/antenna/tag/e2806894000040038662114f, 88
1652707956.111729, sdrt-health/mac:02010b41cdec/antenna/tag/e2806894000050038662194f, 94
1652707956.141773, sdrt-health/mac:02010b41cdec/antenna/tag/e2806894000050038661fd4f, 86
1652707956.14207, sdrt-health/mac:02010b41cdec/antenna/tag/e28068940000500386620d4f, 83
1652707956.156505, sdrt-health/mac:02010b41cdec/antenna/tag/e2806894000050038662154f, 85
1652707956.156779, sdrt-health/mac:02010b41cdec/antenna/tag/e2806894000050038661fd4f, 86
1652707956.190852, sdrt-health/mac:02010b41cdec/antenna/tag/e2806894000040038662114f, 88
1652707956.230515, sdrt-health/mac:02010b41cdec/antenna/tag/e28068940000500386620d4f, 81
1652707956.289472, sdrt-health/mac:02010b41cdec/antenna/tag/e2806894000040038661f94f, 94
1652707956.289955, sdrt-health/mac:02010b41cdec/antenna/tag/e2806894000050038662154f, 88
1652707956.304292, sdrt-health/mac:02010b41cdec/antenna/tag/e2806894000040038662214f, 81
1652707956.309948, sdrt-health/mac:02010b41cdec/antenna/tag/e2806894000050038662194f, 88
1652707956.351466, sdrt-health/mac:02010b41cdec/antenna/tag/e2806894000040038662114f, 88
1652707956.414788, sdrt-health/mac:02010b41cdec/antenna/tag/e2806894000040038662214f, 84
1652707956.41532, sdrt-health/mac:02010b41cdec/antenna/tag/e2806894000040038662054f, 94
1652707956.415692, sdrt-health/mac:02010b41cdec/antenna/tag/e2806894000050038661fd4f, 83
1652707956.429665, sdrt-health/mac:02010b41cdec/antenna/tag/e28068940000500386620d4f, 81
1652707956.440584, sdrt-health/mac:02010b41cdec/antenna/tag/e2806894000040038662214f, 81
1652707956.444789, sdrt-health/mac:02010b41cdec/antenna/tag/e28068940000400386621d4f, 77
1652707956.480019, sdrt-health/mac:02010b41cdec/antenna/tag/e2806894000050038662154f, 85
1652707956.51999, sdrt-health/mac:02010b41cdec/antenna/tag/e28068940000500386620d4f, 83
1652707956.610814, sdrt-health/mac:02010b41cdec/antenna/tag/e28068940000500386620d4f, 94
1652707956.650022, sdrt-health/mac:02010b41cdec/antenna/tag/e2806894000050038661fd4f, 86
1652707956.691176, sdrt-health/mac:02010b41cdec/antenna/tag/e2806894000050038662154f, 88
1652707956.744715, sdrt-health/mac:02010b41cdec/antenna/tag/e2806894000040038662114f, 88
1652707956.745308, sdrt-health/mac:02010b41cdec/antenna/tag/e28068940000500386620d4f, 83
1652707956.745633, sdrt-health/mac:02010b41cdec/antenna/tag/e28068940000400386621d4f, 77
1652707956.758645, sdrt-health/mac:02010b41cdec/antenna/tag/e2806894000040038662214f, 81
1652707956.770356, sdrt-health/mac:02010b41cdec/antenna/tag/e2806894000050038662194f, 94
1652707956.77261, sdrt-health/mac:02010b41cdec/antenna/tag/e2806894000040038662214f, 94
1652707956.812571, sdrt-health/mac:02010b41cdec/antenna/tag/e2806894000050038662194f, 94
1652707956.875464, sdrt-health/mac:02010b41cdec/antenna/tag/e2806894000040038662114f, 88
1652707956.875914, sdrt-health/mac:02010b41cdec/antenna/tag/e2806894000050038662154f, 88
1652707956.8906, sdrt-health/mac:02010b41cdec/antenna/tag/e28068940000500386620d4f, 83
1652707956.899513, sdrt-health/mac:02010b41cdec/antenna/tag/e2806894000040038662054f, 81
1652707956.905727, sdrt-health/mac:02010b41cdec/antenna/tag/e28068940000400386621d4f, 96
1652707956.940548, sdrt-health/mac:02010b41cdec/antenna/tag/e2806894000040038662054f, 94
1652707956.980341, sdrt-health/mac:02010b41cdec/antenna/tag/e2806894000040038662114f, 91
1652707957.035105, sdrt-health/mac:02010b41cdec/antenna/tag/e2806894000050038662194f, 83
1652707957.106985, sdrt-health/mac:02010b41cdec/antenna/tag/e2806894000050038661fd4f, 90
1652707957.107273, sdrt-health/mac:02010b41cdec/antenna/tag/e28068940000400386621d4f, 90
1652707957.107465, sdrt-health/mac:02010b41cdec/antenna/tag/e2806894000050038661fd4f, 86
1652707957.121843, sdrt-health/mac:02010b41cdec/antenna/tag/e2806894000040038662214f, 88
1652707957.160277, sdrt-health/mac:02010b41cdec/antenna/tag/e2806894000050038662154f, 88
1652707957.204995, sdrt-health/mac:02010b41cdec/antenna/tag/e2806894000050038661fd4f, 83
1652707957.254996, sdrt-health/mac:02010b41cdec/antenna/tag/e28068940000400386621d4f, 77
1652707957.255514, sdrt-health/mac:02010b41cdec/antenna/tag/e2806894000050038662154f, 88
1652707957.279668, sdrt-health/mac:02010b41cdec/antenna/tag/e28068940000400386621d4f, 96
1652707957.309293, sdrt-health/mac:02010b41cdec/antenna/tag/e2806894000050038661fd4f, 86
1652707957.309628, sdrt-health/mac:02010b41cdec/antenna/tag/e28068940000400386621d4f, 90
1652707957.323301, sdrt-health/mac:02010b41cdec/antenna/tag/e2806894000040038662054f, 88
1652707957.392111, sdrt-health/mac:02010b41cdec/antenna/tag/e2806894000040038662054f, 88
1652707957.429489, sdrt-health/mac:02010b41cdec/antenna/tag/e28068940000400386621d4f, 96
1652707957.469923, sdrt-health/mac:02010b41cdec/antenna/tag/e28068940000400386621d4f, 96
1652707957.50909, sdrt-health/mac:02010b41cdec/antenna/tag/e28068940000500386620d4f, 87
1652707957.564198, sdrt-health/mac:02010b41cdec/antenna/tag/e2806894000050038662194f, 83
1652707957.564511, sdrt-health/mac:02010b41cdec/antenna/tag/e28068940000500386620d4f, 81
1652707957.592121, sdrt-health/mac:02010b41cdec/antenna/tag/e2806894000040038662054f, 81
1652707957.666317, sdrt-health/mac:02010b41cdec/antenna/tag/e2806894000040038662114f, 88
1652707957.666791, sdrt-health/mac:02010b41cdec/antenna/tag/e2806894000050038662154f, 88
1652707957.688881, sdrt-health/mac:02010b41cdec/antenna/tag/e28068940000500386620d4f, 87
1652707957.716768, sdrt-health/mac:02010b41cdec/antenna/tag/e2806894000050038662194f, 83
1652707957.717086, sdrt-health/mac:02010b41cdec/antenna/tag/e2806894000040038662214f, 88
1652707957.732814, sdrt-health/mac:02010b41cdec/antenna/tag/e2806894000040038662214f, 83
1652707957.769001, sdrt-health/mac:02010b41cdec/antenna/tag/e2806894000040038662214f, 81
1652707957.81073, sdrt-health/mac:02010b41cdec/antenna/tag/e2806894000040038662114f, 88
1652707957.864067, sdrt-health/mac:02010b41cdec/antenna/tag/e28068940000400386621d4f, 77
1652707957.864455, sdrt-health/mac:02010b41cdec/antenna/tag/e2806894000040038662214f, 81
1652707957.879212, sdrt-health/mac:02010b41cdec/antenna/tag/e2806894000040038662114f, 88
1652707957.890273, sdrt-health/mac:02010b41cdec/antenna/tag/e2806894000050038661fd4f, 86
1652707957.940464, sdrt-health/mac:02010b41cdec/antenna/tag/e2806894000050038662154f, 91
1652707957.996582, sdrt-health/mac:02010b41cdec/antenna/tag/e2806894000050038661fd4f, 86
1652707957.996942, sdrt-health/mac:02010b41cdec/antenna/tag/e28068940000400386621d4f, 77
1652707958.011259, sdrt-health/mac:02010b41cdec/antenna/tag/e2806894000040038662114f, 88
1652707958.020244, sdrt-health/mac:02010b41cdec/antenna/tag/e2806894000050038661fd4f, 86
1652707958.059454, sdrt-health/mac:02010b41cdec/antenna/tag/e2806894000050038662154f, 88
1652707958.151514, sdrt-health/mac:02010b41cdec/antenna/tag/e28068940000400386621d4f, 96
1652707958.221055, sdrt-health/mac:02010b41cdec/antenna/tag/e2806894000050038661fd4f, 90
1652707958.268422, sdrt-health/mac:02010b41cdec/antenna/tag/e2806894000050038661fd4f, 90
1652707958.32789, sdrt-health/mac:02010b41cdec/antenna/tag/e2806894000050038662154f, 91
1652707958.328404, sdrt-health/mac:02010b41cdec/antenna/tag/e28068940000500386620d4f, 81
1652707958.344158, sdrt-health/mac:02010b41cdec/antenna/tag/e2806894000040038662114f, 91
1652707958.34951, sdrt-health/mac:02010b41cdec/antenna/tag/e2806894000050038662154f, 88
1652707958.410366, sdrt-health/mac:02010b41cdec/antenna/tag/e2806894000040038662114f, 91
1652707958.488312, sdrt-health/mac:02010b41cdec/antenna/tag/e2806894000050038662194f, 81
1652707958.488887, sdrt-health/mac:02010b41cdec/antenna/tag/e2806894000050038661fd4f, 86
1652707958.504509, sdrt-health/mac:02010b41cdec/antenna/tag/e2806894000050038662194f, 94
1652707958.536152, sdrt-health/mac:02010b41cdec/antenna/tag/e2806894000050038662154f, 85
1652707958.536522, sdrt-health/mac:02010b41cdec/antenna/tag/e28068940000500386620d4f, 94
1652707958.55099, sdrt-health/mac:02010b41cdec/antenna/tag/e2806894000040038662114f, 88
1652707958.592369, sdrt-health/mac:02010b41cdec/antenna/tag/e2806894000050038662154f, 91
1652707958.630686, sdrt-health/mac:02010b41cdec/antenna/tag/e28068940000500386620d4f, 83
1652707958.691556, sdrt-health/mac:02010b41cdec/antenna/tag/e2806894000050038661fd4f, 86
1652707958.76054, sdrt-health/mac:02010b41cdec/antenna/tag/e2806894000050038662194f, 81
1652707958.82109, sdrt-health/mac:02010b41cdec/antenna/tag/e2806894000050038661fd4f, 86
1652707958.860673, sdrt-health/mac:02010b41cdec/antenna/tag/e2806894000040038662114f, 88
1652707958.917012, sdrt-health/mac:02010b41cdec/antenna/tag/e2806894000050038661fd4f, 86
1652707958.917489, sdrt-health/mac:02010b41cdec/antenna/tag/e28068940000400386621d4f, 96
1652707958.930795, sdrt-health/mac:02010b41cdec/antenna/tag/e28068940000400386621d4f, 96
1652707958.940701, sdrt-health/mac:02010b41cdec/antenna/tag/e2806894000050038662194f, 83
1652707958.979597, sdrt-health/mac:02010b41cdec/antenna/tag/e2806894000040038662114f, 91
1652707959.035264, sdrt-health/mac:02010b41cdec/antenna/tag/e28068940000400386621d4f, 96
1652707959.035654, sdrt-health/mac:02010b41cdec/antenna/tag/e2806894000050038662194f, 83
1652707959.071842, sdrt-health/mac:02010b41cdec/antenna/tag/e2806894000050038662154f, 97
1652707959.109722, sdrt-health/mac:02010b41cdec/antenna/tag/e28068940000500386620d4f, 94
1652707959.15, sdrt-health/mac:02010b41cdec/antenna/tag/e28068940000400386621d4f, 90
1652707959.225325, sdrt-health/mac:02010b41cdec/antenna/tag/e28068940000400386621d4f, 96
1652707959.225583, sdrt-health/mac:02010b41cdec/antenna/tag/e2806894000040038662114f, 88
1652707959.239095, sdrt-health/mac:02010b41cdec/antenna/tag/e28068940000400386621d4f, 96
1652707959.261167, sdrt-health/mac:02010b41cdec/antenna/tag/e28068940000400386621d4f, 96
1652707959.289718, sdrt-health/mac:02010b41cdec/antenna/tag/e2806894000050038662154f, 91
1652707959.289973, sdrt-health/mac:02010b41cdec/antenna/tag/e2806894000050038661fd4f, 96
1652707959.304264, sdrt-health/mac:02010b41cdec/antenna/tag/e28068940000400386621d4f, 96
1652707959.304524, sdrt-health/mac:02010b41cdec/antenna/tag/e28068940000500386620d4f, 94
1652707959.304711, sdrt-health/mac:02010b41cdec/antenna/tag/e28068940000500386620d4f, 84
1652707959.363127, sdrt-health/mac:02010b41cdec/antenna/tag/e2806894000050038661fd4f, 90
1652707959.400942, sdrt-health/mac:02010b41cdec/antenna/tag/e2806894000050038661fd4f, 90
1652707959.494619, sdrt-health/mac:02010b41cdec/antenna/tag/e2806894000050038662154f, 97
1652707959.495115, sdrt-health/mac:02010b41cdec/antenna/tag/e28068940000500386620d4f, 81
1652707959.519833, sdrt-health/mac:02010b41cdec/antenna/tag/e28068940000500386620d4f, 81
1652707959.562515, sdrt-health/mac:02010b41cdec/antenna/tag/e2806894000050038662154f, 91
1652707959.618615, sdrt-health/mac:02010b41cdec/antenna/tag/e2806894000050038661fd4f, 86
1652707959.619123, sdrt-health/mac:02010b41cdec/antenna/tag/e2806894000040038661f94f, 94
1652707959.633475, sdrt-health/mac:02010b41cdec/antenna/tag/e2806894000050038661fd4f, 83
1652707959.638687, sdrt-health/mac:02010b41cdec/antenna/tag/e2806894000050038662154f, 85
1652707959.687806, sdrt-health/mac:02010b41cdec/antenna/tag/e2806894000050038662194f, 82
1652707959.734028, sdrt-health/mac:02010b41cdec/antenna/tag/e28068940000500386620d4f, 81
1652707959.734424, sdrt-health/mac:02010b41cdec/antenna/tag/e2806894000050038661fd4f, 86
1652707959.764706, sdrt-health/mac:02010b41cdec/antenna/tag/e2806894000050038662154f, 91
1652707959.8, sdrt-health/mac:02010b41cdec/antenna/tag/e2806894000050038662154f, 91
1652707959.800331, sdrt-health/mac:02010b41cdec/antenna/tag/e2806894000050038661fd4f, 83
1652707959.814467, sdrt-health/mac:02010b41cdec/antenna/tag/e2806894000050038661fd4f, 86
1652707959.81472, sdrt-health/mac:02010b41cdec/antenna/tag/e28068940000400386621d4f, 96
1652707959.814845, sdrt-health/mac:02010b41cdec/antenna/tag/e2806894000050038662154f, 91
1652707959.948985, sdrt-health/mac:02010b41cdec/antenna/tag/e2806894000040038662054f, 88
1652707959.978071, sdrt-health/mac:02010b41cdec/antenna/tag/e2806894000050038662194f, 88
1652707959.978422, sdrt-health/mac:02010b41cdec/antenna/tag/e28068940000400386621d4f, 96
1652707959.9788, sdrt-health/mac:02010b41cdec/antenna/tag/e2806894000040038662114f, 91
1652707959.979348, sdrt-health/mac:02010b41cdec/antenna/tag/e2806894000050038662194f, 88
1652707959.992008, sdrt-health/mac:02010b41cdec/antenna/tag/e2806894000050038661fd4f, 86
1652707960.040213, sdrt-health/mac:02010b41cdec/antenna/tag/e2806894000050038662194f, 81
1652707960.115695, sdrt-health/mac:02010b41cdec/antenna/tag/e2806894000050038662194f, 84
1652707960.11624, sdrt-health/mac:02010b41cdec/antenna/tag/e2806894000040038662114f, 93
1652707960.146169, sdrt-health/mac:02010b41cdec/antenna/tag/e2806894000040038661f94f, 83
1652707960.210428, sdrt-health/mac:02010b41cdec/antenna/tag/e2806894000050038662154f, 88
1652707960.211091, sdrt-health/mac:02010b41cdec/antenna/tag/e2806894000040038662114f, 88
1652707960.240048, sdrt-health/mac:02010b41cdec/antenna/tag/e28068940000400386621d4f, 77
1652707960.28057, sdrt-health/mac:02010b41cdec/antenna/tag/e2806894000050038662194f, 81
1652707960.341715, sdrt-health/mac:02010b41cdec/antenna/tag/e2806894000050038662154f, 91
1652707960.342261, sdrt-health/mac:02010b41cdec/antenna/tag/e2806894000050038662154f, 91
1652707960.358459, sdrt-health/mac:02010b41cdec/antenna/tag/e2806894000050038661fd4f, 86
1652707960.372373, sdrt-health/mac:02010b41cdec/antenna/tag/e2806894000050038662154f, 97
1652707960.381275, sdrt-health/mac:02010b41cdec/antenna/tag/e2806894000050038661fd4f, 86
1652707960.412711, sdrt-health/mac:02010b41cdec/antenna/tag/e2806894000040038662114f, 88
1652707960.475888, sdrt-health/mac:02010b41cdec/antenna/tag/e2806894000050038661fd4f, 86
1652707960.476528, sdrt-health/mac:02010b41cdec/antenna/tag/e2806894000050038662154f, 83
1652707960.490474, sdrt-health/mac:02010b41cdec/antenna/tag/e2806894000040038662114f, 85
1652707960.499598, sdrt-health/mac:02010b41cdec/antenna/tag/e2806894000040038661f94f, 88
1652707960.541627, sdrt-health/mac:02010b41cdec/antenna/tag/e2806894000040038662114f, 91
1652707960.581057, sdrt-health/mac:02010b41cdec/antenna/tag/e2806894000050038661fd4f, 83
1652707960.640219, sdrt-health/mac:02010b41cdec/antenna/tag/e2806894000050038662154f, 97
1652707960.679904, sdrt-health/mac:02010b41cdec/antenna/tag/e2806894000040038662114f, 88
1652707960.746931, sdrt-health/mac:02010b41cdec/antenna/tag/e2806894000050038662194f, 83
1652707960.747434, sdrt-health/mac:02010b41cdec/antenna/tag/e2806894000040038662114f, 88
1652707960.747775, sdrt-health/mac:02010b41cdec/antenna/tag/e2806894000040038662114f, 88
1652707960.761958, sdrt-health/mac:02010b41cdec/antenna/tag/e2806894000040038662114f, 88
1652707960.785186, sdrt-health/mac:02010b41cdec/antenna/tag/e2806894000040038662114f, 88
1652707960.845731, sdrt-health/mac:02010b41cdec/antenna/tag/e28068940000400386621d4f, 77
1652707960.84619, sdrt-health/mac:02010b41cdec/antenna/tag/e2806894000050038661fd4f, 90
1652707960.876669, sdrt-health/mac:02010b41cdec/antenna/tag/e28068940000500386620d4f, 81
1652707960.907025, sdrt-health/mac:02010b41cdec/antenna/tag/e2806894000050038661fd4f, 90
1652707960.907355, sdrt-health/mac:02010b41cdec/antenna/tag/e28068940000400386621d4f, 96
1652707960.93009, sdrt-health/mac:02010b41cdec/antenna/tag/e2806894000050038661fd4f, 86
1652707960.930485, sdrt-health/mac:02010b41cdec/antenna/tag/e28068940000400386621d4f, 96
1652707960.930844, sdrt-health/mac:02010b41cdec/antenna/tag/e28068940000500386620d4f, 88
1652707961.011012, sdrt-health/mac:02010b41cdec/antenna/tag/e2806894000040038662214f, 94
1652707961.055326, sdrt-health/mac:02010b41cdec/antenna/tag/e2806894000050038662154f, 91
1652707961.091222, sdrt-health/mac:02010b41cdec/antenna/tag/e2806894000050038662194f, 94
1652707961.13754, sdrt-health/mac:02010b41cdec/antenna/tag/e2806894000050038662154f, 85
1652707961.272067, sdrt-health/mac:02010b41cdec/antenna/tag/e28068940000400386621d4f, 96
1652707961.311671, sdrt-health/mac:02010b41cdec/antenna/tag/e2806894000050038662154f, 91
1652707961.35158, sdrt-health/mac:02010b41cdec/antenna/tag/e28068940000500386620d4f, 83
1652707961.420458, sdrt-health/mac:02010b41cdec/antenna/tag/e2806894000050038661fd4f, 83
1652707961.461229, sdrt-health/mac:02010b41cdec/antenna/tag/e2806894000050038662154f, 85
1652707961.502552, sdrt-health/mac:02010b41cdec/antenna/tag/e2806894000050038662154f, 85
1652707961.541112, sdrt-health/mac:02010b41cdec/antenna/tag/e2806894000050038661fd4f, 83
1652707961.597528, sdrt-health/mac:02010b41cdec/antenna/tag/e28068940000500386620d4f, 83
1652707961.598056, sdrt-health/mac:02010b41cdec/antenna/tag/e28068940000500386620d4f, 84
1652707961.621063, sdrt-health/mac:02010b41cdec/antenna/tag/e28068940000400386621d4f, 77
1652707961.659725, sdrt-health/mac:02010b41cdec/antenna/tag/e2806894000040038661f94f, 82
1652707961.660088, sdrt-health/mac:02010b41cdec/antenna/tag/e28068940000400386621d4f, 96
1652707961.681374, sdrt-health/mac:02010b41cdec/antenna/tag/e2806894000040038662114f, 88
1652707961.699439, sdrt-health/mac:02010b41cdec/antenna/tag/e2806894000050038662154f, 83
1652707961.760985, sdrt-health/mac:02010b41cdec/antenna/tag/e28068940000400386621d4f, 77
1652707961.761497, sdrt-health/mac:02010b41cdec/antenna/tag/e2806894000050038661fd4f, 86
1652707961.775325, sdrt-health/mac:02010b41cdec/antenna/tag/e2806894000050038662194f, 81
1652707961.868209, sdrt-health/mac:02010b41cdec/antenna/tag/e28068940000500386620d4f, 81
1652707961.89937, sdrt-health/mac:02010b41cdec/antenna/tag/e28068940000400386621d4f, 96
1652707961.899822, sdrt-health/mac:02010b41cdec/antenna/tag/e28068940000500386620d4f, 88
1652707961.900165, sdrt-health/mac:02010b41cdec/antenna/tag/e28068940000400386621d4f, 96
1652707961.92197, sdrt-health/mac:02010b41cdec/antenna/tag/e2806894000040038662114f, 88
1652707961.970845, sdrt-health/mac:02010b41cdec/antenna/tag/e2806894000040038662114f, 97
1652707962.027444, sdrt-health/mac:02010b41cdec/antenna/tag/e28068940000500386620d4f, 83
1652707962.027975, sdrt-health/mac:02010b41cdec/antenna/tag/e2806894000050038661fd4f, 86
1652707962.045605, sdrt-health/mac:02010b41cdec/antenna/tag/e28068940000400386621d4f, 96
1652707962.046115, sdrt-health/mac:02010b41cdec/antenna/tag/e2806894000050038662194f, 84
1652707962.050763, sdrt-health/mac:02010b41cdec/antenna/tag/e2806894000040038662214f, 94
1652707962.12122, sdrt-health/mac:02010b41cdec/antenna/tag/e28068940000500386620d4f, 88
1652707962.176694, sdrt-health/mac:02010b41cdec/antenna/tag/e2806894000050038661fd4f, 86
1652707962.236681, sdrt-health/mac:02010b41cdec/antenna/tag/e2806894000040038662214f, 84
1652707962.237213, sdrt-health/mac:02010b41cdec/antenna/tag/e2806894000050038662154f, 91
1652707962.271991, sdrt-health/mac:02010b41cdec/antenna/tag/e2806894000040038662114f, 91
1652707962.30373, sdrt-health/mac:02010b41cdec/antenna/tag/e2806894000050038662194f, 87
1652707962.303962, sdrt-health/mac:02010b41cdec/antenna/tag/e2806894000050038662154f, 85
1652707962.319303, sdrt-health/mac:02010b41cdec/antenna/tag/e28068940000500386620d4f, 81
1652707962.353606, sdrt-health/mac:02010b41cdec/antenna/tag/e28068940000500386620d4f, 83
1652707962.391198, sdrt-health/mac:02010b41cdec/antenna/tag/e28068940000400386621d4f, 96
1652707962.430297, sdrt-health/mac:02010b41cdec/antenna/tag/e2806894000040038662114f, 88
1652707962.501006, sdrt-health/mac:02010b41cdec/antenna/tag/e2806894000050038662154f, 97
1652707962.501464, sdrt-health/mac:02010b41cdec/antenna/tag/e28068940000500386620d4f, 83
1652707962.515174, sdrt-health/mac:02010b41cdec/antenna/tag/e28068940000400386621d4f, 77
1652707962.515536, sdrt-health/mac:02010b41cdec/antenna/tag/e2806894000040038662214f, 81
1652707962.550955, sdrt-health/mac:02010b41cdec/antenna/tag/e2806894000050038662194f, 94
1652707962.657099, sdrt-health/mac:02010b41cdec/antenna/tag/e28068940000400386621d4f, 77
1652707962.657582, sdrt-health/mac:02010b41cdec/antenna/tag/e2806894000050038662194f, 83
1652707962.722244, sdrt-health/mac:02010b41cdec/antenna/tag/e28068940000400386621d4f, 96
1652707962.790203, sdrt-health/mac:02010b41cdec/antenna/tag/e2806894000040038662114f, 88
1652707962.790671, sdrt-health/mac:02010b41cdec/antenna/tag/e2806894000050038661fd4f, 83
1652707962.81002, sdrt-health/mac:02010b41cdec/antenna/tag/e2806894000040038661f94f, 88
1652707962.89271, sdrt-health/mac:02010b41cdec/antenna/tag/e2806894000050038661fd4f, 83
1652707962.893217, sdrt-health/mac:02010b41cdec/antenna/tag/e2806894000050038662154f, 88
1652707962.910913, sdrt-health/mac:02010b41cdec/antenna/tag/e28068940000500386620d4f, 93
1652707962.966599, sdrt-health/mac:02010b41cdec/antenna/tag/e2806894000050038661fd4f, 83
1652707962.966805, sdrt-health/mac:02010b41cdec/antenna/tag/e2806894000050038662194f, 81
1652707962.990409, sdrt-health/mac:02010b41cdec/antenna/tag/e2806894000050038661fd4f, 86
1652707963.049224, sdrt-health/mac:02010b41cdec/antenna/tag/e2806894000040038662214f, 81
1652707963.049751, sdrt-health/mac:02010b41cdec/antenna/tag/e2806894000040038662114f, 85
1652707963.068423, sdrt-health/mac:02010b41cdec/antenna/tag/e2806894000050038661fd4f, 83
1652707963.07145, sdrt-health/mac:02010b41cdec/antenna/tag/e2806894000050038662194f, 83
1652707963.110917, sdrt-health/mac:02010b41cdec/antenna/tag/e28068940000400386621d4f, 96
1652707963.152714, sdrt-health/mac:02010b41cdec/antenna/tag/e28068940000400386621d4f, 96
1652707963.190785, sdrt-health/mac:02010b41cdec/antenna/tag/e28068940000500386620d4f, 81
1652707963.230643, sdrt-health/mac:02010b41cdec/antenna/tag/e2806894000040038662114f, 91
1652707963.287739, sdrt-health/mac:02010b41cdec/antenna/tag/e2806894000040038662214f, 81
1652707963.288259, sdrt-health/mac:02010b41cdec/antenna/tag/e2806894000050038661fd4f, 86
1652707963.310373, sdrt-health/mac:02010b41cdec/antenna/tag/e2806894000050038662194f, 88
1652707963.342044, sdrt-health/mac:02010b41cdec/antenna/tag/e2806894000040038662114f, 88
1652707963.342351, sdrt-health/mac:02010b41cdec/antenna/tag/e2806894000050038661fd4f, 86
1652707963.360353, sdrt-health/mac:02010b41cdec/antenna/tag/e28068940000400386621d4f, 90
1652707963.410853, sdrt-health/mac:02010b41cdec/antenna/tag/e28068940000500386620d4f, 88
1652707963.466995, sdrt-health/mac:02010b41cdec/antenna/tag/e2806894000040038662114f, 88
1652707963.467483, sdrt-health/mac:02010b41cdec/antenna/tag/e28068940000400386621d4f, 96
1652707963.503075, sdrt-health/mac:02010b41cdec/antenna/tag/e2806894000050038662154f, 88
1652707963.546072, sdrt-health/mac:02010b41cdec/antenna/tag/e2806894000050038662194f, 81
1652707963.546399, sdrt-health/mac:02010b41cdec/antenna/tag/e28068940000400386621d4f, 96
1652707963.561219, sdrt-health/mac:02010b41cdec/antenna/tag/e2806894000050038662154f, 85
1652707963.580411, sdrt-health/mac:02010b41cdec/antenna/tag/e2806894000050038662154f, 88
1652707963.628596, sdrt-health/mac:02010b41cdec/antenna/tag/e2806894000050038662154f, 88
1652707963.661594, sdrt-health/mac:02010b41cdec/antenna/tag/e2806894000050038662194f, 88
1652707963.692293, sdrt-health/mac:02010b41cdec/antenna/tag/e2806894000050038662154f, 88
1652707963.692714, sdrt-health/mac:02010b41cdec/antenna/tag/e28068940000400386621d4f, 77
1652707963.71042, sdrt-health/mac:02010b41cdec/antenna/tag/e28068940000500386620d4f, 94
1652707963.710685, sdrt-health/mac:02010b41cdec/antenna/tag/e2806894000050038662154f, 88
1652707963.791772, sdrt-health/mac:02010b41cdec/antenna/tag/e2806894000040038662114f, 88
1652707963.894358, sdrt-health/mac:02010b41cdec/antenna/tag/e2806894000050038661fd4f, 90
1652707963.92607, sdrt-health/mac:02010b41cdec/antenna/tag/e28068940000400386621d4f, 96
1652707963.926306, sdrt-health/mac:02010b41cdec/antenna/tag/e2806894000040038662054f, 81
1652707963.941399, sdrt-health/mac:02010b41cdec/antenna/tag/e2806894000040038662054f, 88
1652707963.971773, sdrt-health/mac:02010b41cdec/antenna/tag/e2806894000050038661fd4f, 86
1652707964.006345, sdrt-health/mac:02010b41cdec/antenna/tag/e28068940000400386621d4f, 90
1652707964.0066, sdrt-health/mac:02010b41cdec/antenna/tag/e2806894000040038662054f, 88
1652707964.03314, sdrt-health/mac:02010b41cdec/antenna/tag/e2806894000050038662154f, 85
1652707964.078498, sdrt-health/mac:02010b41cdec/antenna/tag/e2806894000040038662114f, 88
1652707964.10989, sdrt-health/mac:02010b41cdec/antenna/tag/e2806894000040038662114f, 88
1652707964.150646, sdrt-health/mac:02010b41cdec/antenna/tag/e2806894000050038661fd4f, 86
1652707964.19281, sdrt-health/mac:02010b41cdec/antenna/tag/e28068940000500386620d4f, 83
1652707964.23045, sdrt-health/mac:02010b41cdec/antenna/tag/e2806894000040038662054f, 84
1652707964.286817, sdrt-health/mac:02010b41cdec/antenna/tag/e2806894000050038661fd4f, 86
1652707964.287398, sdrt-health/mac:02010b41cdec/antenna/tag/e2806894000050038662154f, 91
1652707964.311114, sdrt-health/mac:02010b41cdec/antenna/tag/e28068940000400386621d4f, 77
1652707964.342174, sdrt-health/mac:02010b41cdec/antenna/tag/e28068940000500386620d4f, 81
1652707964.34252, sdrt-health/mac:02010b41cdec/antenna/tag/e2806894000050038662194f, 81
1652707964.371942, sdrt-health/mac:02010b41cdec/antenna/tag/e28068940000400386621d4f, 77
1652707964.37227, sdrt-health/mac:02010b41cdec/antenna/tag/e2806894000050038662154f, 85
1652707964.39107, sdrt-health/mac:02010b41cdec/antenna/tag/e2806894000050038661fd4f, 86
1652707964.432701, sdrt-health/mac:02010b41cdec/antenna/tag/e2806894000040038662114f, 85
1652707964.480107, sdrt-health/mac:02010b41cdec/antenna/tag/e2806894000040038662114f, 85
1652707964.530972, sdrt-health/mac:02010b41cdec/antenna/tag/e2806894000050038662194f, 88
1652707964.570304, sdrt-health/mac:02010b41cdec/antenna/tag/e2806894000040038662214f, 81
1652707964.620607, sdrt-health/mac:02010b41cdec/antenna/tag/e2806894000040038662114f, 85
1652707964.681238, sdrt-health/mac:02010b41cdec/antenna/tag/e2806894000050038661fd4f, 90
1652707964.738559, sdrt-health/mac:02010b41cdec/antenna/tag/e2806894000050038662154f, 91
1652707964.817911, sdrt-health/mac:02010b41cdec/antenna/tag/e28068940000500386620d4f, 83
1652707964.818385, sdrt-health/mac:02010b41cdec/antenna/tag/e2806894000050038662194f, 94
1652707964.960469, sdrt-health/mac:02010b41cdec/antenna/tag/e2806894000050038661fd4f, 86
1652707965.00269, sdrt-health/mac:02010b41cdec/antenna/tag/e2806894000050038662194f, 94
1652707965.034898, sdrt-health/mac:02010b41cdec/antenna/tag/e2806894000040038662114f, 91
1652707965.035238, sdrt-health/mac:02010b41cdec/antenna/tag/e2806894000050038662154f, 88
1652707965.061712, sdrt-health/mac:02010b41cdec/antenna/tag/e2806894000050038662154f, 91
1652707965.120563, sdrt-health/mac:02010b41cdec/antenna/tag/e28068940000400386621d4f, 96
1652707965.181891, sdrt-health/mac:02010b41cdec/antenna/tag/e28068940000400386621d4f, 96
1652707965.220511, sdrt-health/mac:02010b41cdec/antenna/tag/e2806894000050038661fd4f, 86
1652707965.277342, sdrt-health/mac:02010b41cdec/antenna/tag/e2806894000050038662154f, 85
1652707965.277812, sdrt-health/mac:02010b41cdec/antenna/tag/e28068940000500386620d4f, 93
1652707965.302359, sdrt-health/mac:02010b41cdec/antenna/tag/e28068940000400386621d4f, 77
1652707965.341886, sdrt-health/mac:02010b41cdec/antenna/tag/e2806894000050038661fd4f, 86
1652707965.446794, sdrt-health/mac:02010b41cdec/antenna/tag/e28068940000400386621d4f, 77
1652707965.447399, sdrt-health/mac:02010b41cdec/antenna/tag/e28068940000500386620d4f, 81
1652707965.519266, sdrt-health/mac:02010b41cdec/antenna/tag/e28068940000400386621d4f, 96
1652707965.551742, sdrt-health/mac:02010b41cdec/antenna/tag/e2806894000050038662194f, 93
1652707965.552207, sdrt-health/mac:02010b41cdec/antenna/tag/e2806894000050038661fd4f, 86
1652707965.55252, sdrt-health/mac:02010b41cdec/antenna/tag/e28068940000500386620d4f, 81
1652707965.567188, sdrt-health/mac:02010b41cdec/antenna/tag/e28068940000400386621d4f, 96
1652707965.590589, sdrt-health/mac:02010b41cdec/antenna/tag/e2806894000050038661fd4f, 86
1652707965.64277, sdrt-health/mac:02010b41cdec/antenna/tag/e2806894000050038661fd4f, 86
1652707965.706597, sdrt-health/mac:02010b41cdec/antenna/tag/e28068940000400386621d4f, 77
1652707965.734742, sdrt-health/mac:02010b41cdec/antenna/tag/e2806894000040038662114f, 85
1652707965.735011, sdrt-health/mac:02010b41cdec/antenna/tag/e2806894000040038662114f, 85
1652707965.73519, sdrt-health/mac:02010b41cdec/antenna/tag/e28068940000400386621d4f, 77
1652707965.75082, sdrt-health/mac:02010b41cdec/antenna/tag/e2806894000050038662154f, 88
1652707965.825173, sdrt-health/mac:02010b41cdec/antenna/tag/e28068940000500386620d4f, 83
1652707965.870136, sdrt-health/mac:02010b41cdec/antenna/tag/e2806894000040038661f94f, 82
1652707965.927789, sdrt-health/mac:02010b41cdec/antenna/tag/e2806894000050038662014f, 84
1652707965.928308, sdrt-health/mac:02010b41cdec/antenna/tag/e2806894000050038662194f, 88
1652707965.956032, sdrt-health/mac:02010b41cdec/antenna/tag/e2806894000050038661fd4f, 90
1652707966.004167, sdrt-health/mac:02010b41cdec/antenna/tag/e2806894000050038662154f, 91
1652707966.004656, sdrt-health/mac:02010b41cdec/antenna/tag/e2806894000040038661f94f, 81
1652707966.019553, sdrt-health/mac:02010b41cdec/antenna/tag/e28068940000500386620d4f, 84
1652707966.020076, sdrt-health/mac:02010b41cdec/antenna/tag/e2806894000040038662114f, 85
1652707966.030663, sdrt-health/mac:02010b41cdec/antenna/tag/e28068940000400386621d4f, 96
1652707966.089889, sdrt-health/mac:02010b41cdec/antenna/tag/e2806894000040038662214f, 83
1652707966.13608, sdrt-health/mac:02010b41cdec/antenna/tag/e2806894000050038662154f, 85
1652707966.18735, sdrt-health/mac:02010b41cdec/antenna/tag/e2806894000040038662214f, 85
1652707966.187794, sdrt-health/mac:02010b41cdec/antenna/tag/e2806894000040038661f94f, 83
1652707966.210678, sdrt-health/mac:02010b41cdec/antenna/tag/e2806894000040038662114f, 85
1652707966.24329, sdrt-health/mac:02010b41cdec/antenna/tag/e2806894000050038662194f, 82
1652707966.243903, sdrt-health/mac:02010b41cdec/antenna/tag/e2806894000050038662154f, 91
1652707966.272048, sdrt-health/mac:02010b41cdec/antenna/tag/e2806894000040038661f94f, 94
1652707966.272324, sdrt-health/mac:02010b41cdec/antenna/tag/e2806894000040038662114f, 93
1652707966.272507, sdrt-health/mac:02010b41cdec/antenna/tag/e2806894000050038661fd4f, 90
1652707966.290162, sdrt-health/mac:02010b41cdec/antenna/tag/e2806894000040038662114f, 85
1652707966.437329, sdrt-health/mac:02010b41cdec/antenna/tag/e2806894000050038662154f, 83
1652707966.437863, sdrt-health/mac:02010b41cdec/antenna/tag/e2806894000050038661fd4f, 86
1652707966.456385, sdrt-health/mac:02010b41cdec/antenna/tag/e28068940000400386621d4f, 90
1652707966.456743, sdrt-health/mac:02010b41cdec/antenna/tag/e2806894000050038662194f, 83
1652707966.457002, sdrt-health/mac:02010b41cdec/antenna/tag/e28068940000400386621d4f, 96
1652707966.457221, sdrt-health/mac:02010b41cdec/antenna/tag/e2806894000040038662114f, 91
1652707966.491063, sdrt-health/mac:02010b41cdec/antenna/tag/e2806894000050038662194f, 94
1652707966.64974, sdrt-health/mac:02010b41cdec/antenna/tag/e2806894000040038661f94f, 87
1652707966.681581, sdrt-health/mac:02010b41cdec/antenna/tag/e2806894000050038661fd4f, 97
1652707966.741894, sdrt-health/mac:02010b41cdec/antenna/tag/e2806894000040038662114f, 85
1652707966.780931, sdrt-health/mac:02010b41cdec/antenna/tag/e2806894000050038662194f, 83
1652707966.832075, sdrt-health/mac:02010b41cdec/antenna/tag/e2806894000050038661fd4f, 86
1652707966.87167, sdrt-health/mac:02010b41cdec/antenna/tag/e2806894000050038661fd4f, 86
1652707966.872106, sdrt-health/mac:02010b41cdec/antenna/tag/e28068940000400386621d4f, 77
1652707966.911395, sdrt-health/mac:02010b41cdec/antenna/tag/e2806894000050038662154f, 97
1652707966.951315, sdrt-health/mac:02010b41cdec/antenna/tag/e2806894000040038662114f, 85
1652707966.99747, sdrt-health/mac:02010b41cdec/antenna/tag/e28068940000400386621d4f, 96
1652707966.997966, sdrt-health/mac:02010b41cdec/antenna/tag/e2806894000050038661fd4f, 86
1652707967.01459, sdrt-health/mac:02010b41cdec/antenna/tag/e2806894000050038661fd4f, 83
1652707967.030845, sdrt-health/mac:02010b41cdec/antenna/tag/e2806894000050038662194f, 88
1652707967.062886, sdrt-health/mac:02010b41cdec/antenna/tag/e28068940000400386621d4f, 96
1652707967.063264, sdrt-health/mac:02010b41cdec/antenna/tag/e2806894000040038661f94f, 83
1652707967.084156, sdrt-health/mac:02010b41cdec/antenna/tag/e2806894000040038662114f, 85
1652707967.11085, sdrt-health/mac:02010b41cdec/antenna/tag/e2806894000040038661f94f, 87
1652707967.149906, sdrt-health/mac:02010b41cdec/antenna/tag/e2806894000040038662214f, 81
1652707967.270864, sdrt-health/mac:02010b41cdec/antenna/tag/e2806894000050038661fd4f, 90
1652707967.330988, sdrt-health/mac:02010b41cdec/antenna/tag/e2806894000050038662154f, 91
1652707967.380723, sdrt-health/mac:02010b41cdec/antenna/tag/e2806894000040038662114f, 91
1652707967.429779, sdrt-health/mac:02010b41cdec/antenna/tag/e2806894000040038662114f, 88
1652707967.460601, sdrt-health/mac:02010b41cdec/antenna/tag/e28068940000500386620d4f, 83
1652707967.461574, sdrt-health/mac:02010b41cdec/antenna/tag/e2806894000050038662154f, 91
1652707967.461939, sdrt-health/mac:02010b41cdec/antenna/tag/e2806894000040038662114f, 91
1652707967.475802, sdrt-health/mac:02010b41cdec/antenna/tag/e28068940000400386621d4f, 96
1652707967.476058, sdrt-health/mac:02010b41cdec/antenna/tag/e2806894000050038661fd4f, 90
1652707967.476211, sdrt-health/mac:02010b41cdec/antenna/tag/e2806894000040038662114f, 88
1652707967.476355, sdrt-health/mac:02010b41cdec/antenna/tag/e28068940000500386620d4f, 81
1652707967.512177, sdrt-health/mac:02010b41cdec/antenna/tag/e2806894000050038661fd4f, 83
1652707967.565289, sdrt-health/mac:02010b41cdec/antenna/tag/e2806894000050038662154f, 88
1652707967.615898, sdrt-health/mac:02010b41cdec/antenna/tag/e2806894000050038662154f, 88
1652707967.616365, sdrt-health/mac:02010b41cdec/antenna/tag/e2806894000050038661fd4f, 83
1652707967.641413, sdrt-health/mac:02010b41cdec/antenna/tag/e2806894000040038662114f, 91
1652707967.686444, sdrt-health/mac:02010b41cdec/antenna/tag/e2806894000050038662154f, 85
1652707967.736465, sdrt-health/mac:02010b41cdec/antenna/tag/e2806894000040038662114f, 88
1652707967.736987, sdrt-health/mac:02010b41cdec/antenna/tag/e28068940000400386621d4f, 96
1652707967.76096, sdrt-health/mac:02010b41cdec/antenna/tag/e2806894000040038661f94f, 83
1652707967.800315, sdrt-health/mac:02010b41cdec/antenna/tag/e2806894000040038661f94f, 84
1652707967.83872, sdrt-health/mac:02010b41cdec/antenna/tag/e2806894000050038662194f, 81
1652707967.83902, sdrt-health/mac:02010b41cdec/antenna/tag/e2806894000050038661fd4f, 86
1652707967.852842, sdrt-health/mac:02010b41cdec/antenna/tag/e2806894000040038662114f, 91
1652707967.85309, sdrt-health/mac:02010b41cdec/antenna/tag/e2806894000050038662154f, 88
1652707967.880166, sdrt-health/mac:02010b41cdec/antenna/tag/e2806894000050038662194f, 87
1652707967.960996, sdrt-health/mac:02010b41cdec/antenna/tag/e2806894000050038661fd4f, 83
1652707968.007506, sdrt-health/mac:02010b41cdec/antenna/tag/e2806894000040038662114f, 85
1652707968.058069, sdrt-health/mac:02010b41cdec/antenna/tag/e2806894000050038662194f, 81
1652707968.092901, sdrt-health/mac:02010b41cdec/antenna/tag/e2806894000040038661f94f, 83
1652707968.130748, sdrt-health/mac:02010b41cdec/antenna/tag/e2806894000050038662194f, 87
1652707968.169867, sdrt-health/mac:02010b41cdec/antenna/tag/e2806894000050038662154f, 91
1652707968.211545, sdrt-health/mac:02010b41cdec/antenna/tag/e2806894000050038662154f, 91
1652707968.265323, sdrt-health/mac:02010b41cdec/antenna/tag/e2806894000040038661f94f, 83
1652707968.265807, sdrt-health/mac:02010b41cdec/antenna/tag/e28068940000400386621d4f, 96
1652707968.310563, sdrt-health/mac:02010b41cdec/antenna/tag/e2806894000050038661fd4f, 86
1652707968.360561, sdrt-health/mac:02010b41cdec/antenna/tag/e28068940000400386621d4f, 96
1652707968.430276, sdrt-health/mac:02010b41cdec/antenna/tag/e2806894000040038662114f, 91
1652707968.430759, sdrt-health/mac:02010b41cdec/antenna/tag/e2806894000050038662154f, 91
1652707968.44599, sdrt-health/mac:02010b41cdec/antenna/tag/e28068940000400386621d4f, 96
1652707968.446547, sdrt-health/mac:02010b41cdec/antenna/tag/e2806894000050038662154f, 88
1652707968.4896, sdrt-health/mac:02010b41cdec/antenna/tag/e28068940000500386620d4f, 88
1652707968.567974, sdrt-health/mac:02010b41cdec/antenna/tag/e28068940000400386621d4f, 96
1652707968.568447, sdrt-health/mac:02010b41cdec/antenna/tag/e2806894000040038662114f, 85
1652707968.59433, sdrt-health/mac:02010b41cdec/antenna/tag/e2806894000050038662194f, 81
1652707968.630784, sdrt-health/mac:02010b41cdec/antenna/tag/e28068940000500386620d4f, 83
1652707968.70706, sdrt-health/mac:02010b41cdec/antenna/tag/e28068940000500386620d4f, 83
1652707968.70767, sdrt-health/mac:02010b41cdec/antenna/tag/e2806894000050038661fd4f, 90
1652707968.730534, sdrt-health/mac:02010b41cdec/antenna/tag/e2806894000040038662114f, 91
1652707968.771053, sdrt-health/mac:02010b41cdec/antenna/tag/e2806894000040038662114f, 91
1652707968.801117, sdrt-health/mac:02010b41cdec/antenna/tag/e2806894000050038662154f, 88
1652707968.801397, sdrt-health/mac:02010b41cdec/antenna/tag/e2806894000050038661fd4f, 86
1652707968.816268, sdrt-health/mac:02010b41cdec/antenna/tag/e28068940000500386620d4f, 81
1652707968.868871, sdrt-health/mac:02010b41cdec/antenna/tag/e28068940000400386621d4f, 96
1652707968.911093, sdrt-health/mac:02010b41cdec/antenna/tag/e2806894000050038661fd4f, 86
1652707968.966581, sdrt-health/mac:02010b41cdec/antenna/tag/e2806894000050038662154f, 91
1652707968.967081, sdrt-health/mac:02010b41cdec/antenna/tag/e2806894000040038662214f, 94
1652707968.992307, sdrt-health/mac:02010b41cdec/antenna/tag/e2806894000040038661f94f, 83
1652707969.062648, sdrt-health/mac:02010b41cdec/antenna/tag/e2806894000050038662154f, 88
1652707969.063113, sdrt-health/mac:02010b41cdec/antenna/tag/e2806894000040038662214f, 94
1652707969.080232, sdrt-health/mac:02010b41cdec/antenna/tag/e2806894000050038662194f, 81
1652707969.146383, sdrt-health/mac:02010b41cdec/antenna/tag/e2806894000050038661fd4f, 86
1652707969.146899, sdrt-health/mac:02010b41cdec/antenna/tag/e2806894000050038662154f, 88
1652707969.161483, sdrt-health/mac:02010b41cdec/antenna/tag/e28068940000500386620d4f, 83
1652707969.161903, sdrt-health/mac:02010b41cdec/antenna/tag/e2806894000050038662194f, 87
1652707969.210483, sdrt-health/mac:02010b41cdec/antenna/tag/e2806894000050038662154f, 88
1652707969.250002, sdrt-health/mac:02010b41cdec/antenna/tag/e2806894000040038662114f, 91
1652707969.290553, sdrt-health/mac:02010b41cdec/antenna/tag/e2806894000040038662214f, 81
1652707969.34504, sdrt-health/mac:02010b41cdec/antenna/tag/e2806894000040038662114f, 88
1652707969.345508, sdrt-health/mac:02010b41cdec/antenna/tag/e2806894000050038661fd4f, 83
1652707969.371668, sdrt-health/mac:02010b41cdec/antenna/tag/e2806894000050038662154f, 88
1652707969.427973, sdrt-health/mac:02010b41cdec/antenna/tag/e2806894000040038662214f, 81
1652707969.428481, sdrt-health/mac:02010b41cdec/antenna/tag/e2806894000040038662214f, 81
1652707969.452132, sdrt-health/mac:02010b41cdec/antenna/tag/e28068940000500386620d4f, 81
1652707969.510144, sdrt-health/mac:02010b41cdec/antenna/tag/e2806894000040038662114f, 85
1652707969.542084, sdrt-health/mac:02010b41cdec/antenna/tag/e2806894000050038661fd4f, 86
1652707969.542563, sdrt-health/mac:02010b41cdec/antenna/tag/e2806894000050038662154f, 85
1652707969.556969, sdrt-health/mac:02010b41cdec/antenna/tag/e2806894000040038662214f, 81
1652707969.557389, sdrt-health/mac:02010b41cdec/antenna/tag/e2806894000050038661fd4f, 83
1652707969.589293, sdrt-health/mac:02010b41cdec/antenna/tag/e2806894000050038662194f, 83
1652707969.629345, sdrt-health/mac:02010b41cdec/antenna/tag/e2806894000040038662114f, 91
1652707969.670162, sdrt-health/mac:02010b41cdec/antenna/tag/e2806894000050038661fd4f, 86
1652707969.70682, sdrt-health/mac:02010b41cdec/antenna/tag/e2806894000050038662154f, 85
1652707969.707232, sdrt-health/mac:02010b41cdec/antenna/tag/e28068940000400386621d4f, 96
1652707969.721033, sdrt-health/mac:02010b41cdec/antenna/tag/e2806894000050038662154f, 88
1652707969.756259, sdrt-health/mac:02010b41cdec/antenna/tag/e2806894000040038661f94f, 81
1652707969.803695, sdrt-health/mac:02010b41cdec/antenna/tag/e2806894000040038662214f, 84
1652707969.804117, sdrt-health/mac:02010b41cdec/antenna/tag/e2806894000040038662114f, 88
1652707969.829468, sdrt-health/mac:02010b41cdec/antenna/tag/e2806894000050038661fd4f, 86
1652707969.898248, sdrt-health/mac:02010b41cdec/antenna/tag/e28068940000500386620d4f, 83
1652707969.927893, sdrt-health/mac:02010b41cdec/antenna/tag/e2806894000050038662154f, 91
1652707969.928576, sdrt-health/mac:02010b41cdec/antenna/tag/e2806894000040038662054f, 81
1652707969.961757, sdrt-health/mac:02010b41cdec/antenna/tag/e2806894000050038661fd4f, 86
1652707969.961961, sdrt-health/mac:02010b41cdec/antenna/tag/e2806894000050038662154f, 88
1652707969.962115, sdrt-health/mac:02010b41cdec/antenna/tag/e28068940000400386621d4f, 90
1652707970.008342, sdrt-health/mac:02010b41cdec/antenna/tag/e2806894000050038662014f, 94
1652707970.052002, sdrt-health/mac:02010b41cdec/antenna/tag/e2806894000050038661fd4f, 86
1652707970.104148, sdrt-health/mac:02010b41cdec/antenna/tag/e2806894000050038662154f, 85
1652707970.10449, sdrt-health/mac:02010b41cdec/antenna/tag/e28068940000500386620d4f, 83
1652707970.141143, sdrt-health/mac:02010b41cdec/antenna/tag/e2806894000050038662194f, 81
1652707970.18347, sdrt-health/mac:02010b41cdec/antenna/tag/e28068940000500386620d4f, 81
1652707970.183781, sdrt-health/mac:02010b41cdec/antenna/tag/e2806894000050038662194f, 81
1652707970.200023, sdrt-health/mac:02010b41cdec/antenna/tag/e2806894000040038662114f, 88
1652707970.209057, sdrt-health/mac:02010b41cdec/antenna/tag/e28068940000400386621d4f, 77
1652707970.289303, sdrt-health/mac:02010b41cdec/antenna/tag/e2806894000050038662154f, 91
1652707970.329878, sdrt-health/mac:02010b41cdec/antenna/tag/e28068940000400386621d4f, 96
1652707970.357894, sdrt-health/mac:02010b41cdec/antenna/tag/e2806894000050038661fd4f, 86
1652707970.35811, sdrt-health/mac:02010b41cdec/antenna/tag/e28068940000500386620d4f, 81
1652707970.409497, sdrt-health/mac:02010b41cdec/antenna/tag/e2806894000050038661fd4f, 90
1652707970.450075, sdrt-health/mac:02010b41cdec/antenna/tag/e2806894000040038662114f, 91
1652707970.513586, sdrt-health/mac:02010b41cdec/antenna/tag/e2806894000050038662194f, 88
1652707970.514181, sdrt-health/mac:02010b41cdec/antenna/tag/e2806894000050038661fd4f, 86
1652707970.539566, sdrt-health/mac:02010b41cdec/antenna/tag/e28068940000400386621d4f, 96
1652707970.594721, sdrt-health/mac:02010b41cdec/antenna/tag/e2806894000040038662114f, 88
1652707970.595071, sdrt-health/mac:02010b41cdec/antenna/tag/e28068940000400386621d4f, 96
1652707970.631446, sdrt-health/mac:02010b41cdec/antenna/tag/e2806894000050038662154f, 88
1652707970.660551, sdrt-health/mac:02010b41cdec/antenna/tag/e2806894000050038662194f, 81
1652707970.70099, sdrt-health/mac:02010b41cdec/antenna/tag/e2806894000040038662114f, 88
1652707970.741607, sdrt-health/mac:02010b41cdec/antenna/state, connected
1652707970.742186, sdrt-health/mac:02010b41cdec/fw, {"version":"1.8.1","model":"200","hash":"2f556501b58f1dad542af428d7928d18","timestamp":1652707967}
1652707970.801093, sdrt-health/mac:02010b41cdec/antenna/tag/e2806894000050038662194f, 83
1652707970.840736, sdrt-health/mac:02010b41cdec/antenna/tag/e2806894000040038662114f, 88
1652707970.897421, sdrt-health/mac:02010b41cdec/antenna/tag/e2806894000040038662214f, 88
1652707970.897928, sdrt-health/mac:02010b41cdec/antenna/tag/e2806894000040038662114f, 85
1652707970.923217, sdrt-health/mac:02010b41cdec/antenna/tag/e2806894000050038662154f, 91
1652707970.982923, sdrt-health/mac:02010b41cdec/antenna/tag/e2806894000050038662194f, 81
1652707970.983366, sdrt-health/mac:02010b41cdec/antenna/version, h@bO
1652707971.006088, sdrt-health/mac:02010b41cdec/antenna/tag/e28068940000400386621d4f, 96
1652707971.006615, sdrt-health/mac:02010b41cdec/antenna/tag/e2806894000050038661fd4f, 90
1652707971.007004, sdrt-health/mac:02010b41cdec/antenna/tag/e28068940000400386621d4f, 96
1652707971.061459, sdrt-health/mac:02010b41cdec/antenna/tag/e2806894000050038661fd4f, 83
1652707971.099914, sdrt-health/mac:02010b41cdec/antenna/tag/e2806894000050038662154f, 88
1652707971.140583, sdrt-health/mac:02010b41cdec/antenna/tag/e2806894000050038661fd4f, 83
1652707971.201058, sdrt-health/mac:02010b41cdec/antenna/tag/e2806894000050038662154f, 91
1652707971.320545, sdrt-health/mac:02010b41cdec/antenna/tag/e28068940000500386620d4f, 87
1652707971.360837, sdrt-health/mac:02010b41cdec/antenna/tag/e2806894000040038662114f, 91
1652707971.42007, sdrt-health/mac:02010b41cdec/antenna/tag/e28068940000500386620d4f, 81
1652707971.46219, sdrt-health/mac:02010b41cdec/antenna/tag/e28068940000400386621d4f, 96
1652707971.527199, sdrt-health/mac:02010b41cdec/antenna/tag/e2806894000050038662194f, 81
1652707971.527697, sdrt-health/mac:02010b41cdec/antenna/tag/e28068940000500386620d4f, 94
1652707971.552142, sdrt-health/mac:02010b41cdec/antenna/tag/e2806894000040038662114f, 85
1652707971.591532, sdrt-health/mac:02010b41cdec/antenna/tag/e2806894000050038661fd4f, 86
1652707971.630756, sdrt-health/mac:02010b41cdec/antenna/tag/e2806894000050038661fd4f, 86
1652707971.669325, sdrt-health/mac:02010b41cdec/antenna/tag/e28068940000400386621d4f, 96
1652707971.669733, sdrt-health/mac:02010b41cdec/antenna/tag/e2806894000050038661fd4f, 86
1652707971.744328, sdrt-health/mac:02010b41cdec/antenna/tag/e2806894000050038662154f, 88
1652707971.744896, sdrt-health/mac:02010b41cdec/antenna/tag/e2806894000050038662194f, 81
1652707971.750253, sdrt-health/mac:02010b41cdec/antenna/tag/e28068940000400386621d4f, 77
1652707971.760248, sdrt-health/mac:02010b41cdec/antenna/tag/e2806894000050038661fd4f, 86
1652707971.76058, sdrt-health/mac:02010b41cdec/antenna/tag/e2806894000040038662214f, 82
1652707971.799471, sdrt-health/mac:02010b41cdec/antenna/tag/e2806894000050038662154f, 85
1652707971.840449, sdrt-health/mac:02010b41cdec/antenna/tag/e28068940000400386621d4f, 77
1652707971.882739, sdrt-health/mac:02010b41cdec/antenna/tag/e2806894000050038661fd4f, 86
1652707972.725083, sdrt-health/mac:02010b41cdec/antenna/tag/e28068940000400386621d4f, 96
1652707972.725668, sdrt-health/mac:02010b41cdec/antenna/tag/e2806894000050038662154f, 88
1652707972.726064, sdrt-health/mac:02010b41cdec/antenna/tag/e28068940000400386621d4f, 96
1652707972.72641, sdrt-health/mac:02010b41cdec/antenna/tag/e2806894000050038662154f, 85
1652707972.726836, sdrt-health/mac:02010b41cdec/antenna/tag/e2806894000050038662194f, 94
1652707972.753531, sdrt-health/mac:02010b41cdec/antenna/tag/e2806894000040038662114f, 88
1652707972.75381, sdrt-health/mac:02010b41cdec/antenna/tag/e2806894000040038662114f, 85
1652707972.754051, sdrt-health/mac:02010b41cdec/antenna/tag/e2806894000050038662154f, 97
1652707972.754234, sdrt-health/mac:02010b41cdec/antenna/tag/e2806894000040038662114f, 88
1652707972.754415, sdrt-health/mac:02010b41cdec/antenna/tag/e28068940000500386620d4f, 81
1652707972.75459, sdrt-health/mac:02010b41cdec/antenna/tag/e28068940000400386621d4f, 96
1652707972.754769, sdrt-health/mac:02010b41cdec/antenna/tag/e2806894000050038661fd4f, 90
1652707972.754958, sdrt-health/mac:02010b41cdec/antenna/tag/e2806894000050038661fd4f, 90
1652707972.755166, sdrt-health/mac:02010b41cdec/antenna/tag/e2806894000050038661fd4f, 86
1652707972.755375, sdrt-health/mac:02010b41cdec/antenna/tag/e2806894000050038662154f, 91
1652707972.755584, sdrt-health/mac:02010b41cdec/antenna/tag/e2806894000050038661fd4f, 90
1652707972.755788, sdrt-health/mac:02010b41cdec/antenna/tag/e28068940000400386621d4f, 96
1652707972.756044, sdrt-health/mac:02010b41cdec/antenna/tag/e2806894000050038661fd4f, 90
1652707972.756347, sdrt-health/mac:02010b41cdec/antenna/tag/e2806894000050038662154f, 91
1652707972.756531, sdrt-health/mac:02010b41cdec/antenna/tag/e2806894000050038662154f, 88
1652707972.756769, sdrt-health/mac:02010b41cdec/antenna/tag/e2806894000050038661fd4f, 86
1652707972.757049, sdrt-health/mac:02010b41cdec/antenna/tag/e2806894000050038661fd4f, 83
1652707972.757256, sdrt-health/mac:02010b41cdec/antenna/tag/e2806894000040038662214f, 83
1652707972.757503, sdrt-health/mac:02010b41cdec/antenna/tag/e28068940000400386621d4f, 77
1652707972.757678, sdrt-health/mac:02010b41cdec/antenna/tag/e28068940000500386620d4f, 94
1652707972.757897, sdrt-health/mac:02010b41cdec/antenna/tag/e2806894000040038662114f, 88
1652707972.758114, sdrt-health/mac:02010b41cdec/antenna/tag/e2806894000040038661f94f, 94
1652707972.758264, sdrt-health/mac:02010b41cdec/antenna/tag/e2806894000050038661fd4f, 83
1652707972.76861, sdrt-health/mac:02010b41cdec/antenna/tag/e2806894000050038661fd4f, 86
1652707972.800908, sdrt-health/mac:02010b41cdec/antenna/tag/e2806894000050038661fd4f, 86
1652707972.894835, sdrt-health/mac:02010b41cdec/antenna/tag/e28068940000400386621d4f, 96
1652707972.895316, sdrt-health/mac:02010b41cdec/antenna/tag/e2806894000040038662114f, 91
1652707973.008627, sdrt-health/mac:02010b41cdec/antenna/tag/e28068940000400386621d4f, 96
1652707973.050478, sdrt-health/mac:02010b41cdec/antenna/tag/e2806894000040038662114f, 91
1652707973.103876, sdrt-health/mac:02010b41cdec/antenna/tag/e2806894000050038662154f, 91
1652707973.10439, sdrt-health/mac:02010b41cdec/antenna/tag/e2806894000050038662154f, 88
1652707973.118147, sdrt-health/mac:02010b41cdec/antenna/tag/e2806894000040038661f94f, 84
1652707973.129983, sdrt-health/mac:02010b41cdec/antenna/tag/e2806894000050038662154f, 88
1652707973.132338, sdrt-health/mac:02010b41cdec/antenna/tag/e2806894000040038662214f, 88
1652707973.171073, sdrt-health/mac:02010b41cdec/antenna/tag/e2806894000050038661fd4f, 86
1652707973.226025, sdrt-health/mac:02010b41cdec/antenna/tag/e2806894000040038662214f, 81
1652707973.226464, sdrt-health/mac:02010b41cdec/antenna/tag/e2806894000050038661fd4f, 97
1652707973.250107, sdrt-health/mac:02010b41cdec/antenna/tag/e28068940000400386621d4f, 96
1652707973.336825, sdrt-health/mac:02010b41cdec/antenna/tag/e2806894000040038662114f, 88
1652707973.337416, sdrt-health/mac:02010b41cdec/antenna/tag/e28068940000400386621d4f, 96
1652707973.392358, sdrt-health/mac:02010b41cdec/antenna/tag/e2806894000050038661fd4f, 83
1652707973.430862, sdrt-health/mac:02010b41cdec/antenna/tag/e2806894000050038661fd4f, 86
1652707973.469431, sdrt-health/mac:02010b41cdec/antenna/tag/e2806894000050038661fd4f, 83
1652707973.510905, sdrt-health/mac:02010b41cdec/antenna/tag/e2806894000040038661f94f, 88
1652707973.5508, sdrt-health/mac:02010b41cdec/antenna/tag/e28068940000500386620d4f, 83
1652707973.591966, sdrt-health/mac:02010b41cdec/antenna/tag/e2806894000040038662214f, 87
1652707973.646878, sdrt-health/mac:02010b41cdec/antenna/tag/e2806894000050038662154f, 88
1652707973.647472, sdrt-health/mac:02010b41cdec/antenna/tag/e28068940000400386621d4f, 77
1652707973.671591, sdrt-health/mac:02010b41cdec/antenna/tag/e2806894000050038662154f, 91
1652707973.73571, sdrt-health/mac:02010b41cdec/antenna/tag/e2806894000050038662194f, 94
1652707973.736227, sdrt-health/mac:02010b41cdec/antenna/tag/e2806894000040038662114f, 88
1652707973.752718, sdrt-health/mac:02010b41cdec/antenna/tag/e2806894000050038662194f, 88
1652707973.776456, sdrt-health/mac:02010b41cdec/antenna/tag/e28068940000500386620d4f, 81
1652707973.840099, sdrt-health/mac:02010b41cdec/antenna/tag/e2806894000040038662114f, 91
1652707973.894771, sdrt-health/mac:02010b41cdec/antenna/tag/e2806894000040038662114f, 85
1652707973.895234, sdrt-health/mac:02010b41cdec/antenna/tag/e2806894000050038661fd4f, 86
1652707973.922087, sdrt-health/mac:02010b41cdec/antenna/tag/e2806894000040038662054f, 94
1652707973.978237, sdrt-health/mac:02010b41cdec/antenna/tag/e28068940000500386620d4f, 81
1652707973.978898, sdrt-health/mac:02010b41cdec/antenna/tag/e28068940000500386620d4f, 94
1652707974.033009, sdrt-health/mac:02010b41cdec/antenna/tag/e2806894000050038662194f, 81
1652707974.071236, sdrt-health/mac:02010b41cdec/antenna/tag/e28068940000500386620d4f, 87
1652707974.127798, sdrt-health/mac:02010b41cdec/antenna/tag/e2806894000050038662154f, 91
1652707974.128404, sdrt-health/mac:02010b41cdec/antenna/tag/e2806894000040038662114f, 88
1652707974.193275, sdrt-health/mac:02010b41cdec/antenna/tag/e2806894000050038661fd4f, 86
1652707974.240717, sdrt-health/mac:02010b41cdec/antenna/tag/e2806894000040038662114f, 88
1652707974.271904, sdrt-health/mac:02010b41cdec/antenna/tag/e28068940000400386621d4f, 90
1652707974.272309, sdrt-health/mac:02010b41cdec/antenna/tag/e2806894000050038662154f, 91
1652707974.272572, sdrt-health/mac:02010b41cdec/antenna/tag/e28068940000500386620d4f, 87
1652707974.291335, sdrt-health/mac:02010b41cdec/antenna/tag/e28068940000400386621d4f, 96
1652707974.331424, sdrt-health/mac:02010b41cdec/antenna/tag/e2806894000050038661fd4f, 90
1652707974.38742, sdrt-health/mac:02010b41cdec/antenna/tag/e2806894000050038662154f, 88
1652707974.38791, sdrt-health/mac:02010b41cdec/antenna/tag/e28068940000500386620d4f, 81
1652707974.419134, sdrt-health/mac:02010b41cdec/antenna/tag/e2806894000040038662054f, 94
1652707974.461392, sdrt-health/mac:02010b41cdec/antenna/tag/e2806894000040038662214f, 83
1652707974.500432, sdrt-health/mac:02010b41cdec/antenna/tag/e2806894000050038661fd4f, 83
1652707974.541095, sdrt-health/mac:02010b41cdec/antenna/tag/e2806894000040038662114f, 85
1652707974.581497, sdrt-health/mac:02010b41cdec/antenna/tag/e2806894000040038662114f, 88
1652707974.613743, sdrt-health/mac:02010b41cdec/antenna/tag/e2806894000050038661fd4f, 86
1652707974.614108, sdrt-health/mac:02010b41cdec/antenna/tag/e28068940000400386621d4f, 77
1652707974.614343, sdrt-health/mac:02010b41cdec/antenna/tag/e2806894000050038662154f, 85
1652707974.629963, sdrt-health/mac:02010b41cdec/antenna/tag/e2806894000050038662194f, 94
1652707974.630175, sdrt-health/mac:02010b41cdec/antenna/tag/e28068940000500386620d4f, 94
1652707974.63029, sdrt-health/mac:02010b41cdec/antenna/tag/e2806894000040038662214f, 81
1652707974.690197, sdrt-health/mac:02010b41cdec/antenna/tag/e2806894000050038662154f, 91
1652707974.731716, sdrt-health/mac:02010b41cdec/antenna/tag/e2806894000050038662154f, 91
1652707974.788643, sdrt-health/mac:02010b41cdec/antenna/tag/e2806894000050038661fd4f, 86
1652707974.830362, sdrt-health/mac:02010b41cdec/antenna/tag/e28068940000500386620d4f, 94
1652707974.869332, sdrt-health/mac:02010b41cdec/antenna/tag/e2806894000050038661fd4f, 90
1652707974.927341, sdrt-health/mac:02010b41cdec/antenna/tag/e2806894000040038662114f, 88
1652707974.927802, sdrt-health/mac:02010b41cdec/antenna/tag/e2806894000050038661fd4f, 86
1652707974.950265, sdrt-health/mac:02010b41cdec/antenna/tag/e28068940000500386620d4f, 81
1652707975.006548, sdrt-health/mac:02010b41cdec/antenna/tag/e2806894000050038661fd4f, 90
1652707975.008129, sdrt-health/mac:02010b41cdec/antenna/tag/e2806894000050038661fd4f, 86
1652707975.091786, sdrt-health/mac:02010b41cdec/antenna/tag/e2806894000040038662114f, 91
1652707975.132726, sdrt-health/mac:02010b41cdec/antenna/tag/e2806894000050038661fd4f, 83
1652707975.371228, sdrt-health/mac:02010b41cdec/antenna/tag/e2806894000050038661fd4f, 83
1652707975.390857, sdrt-health/mac:02010b41cdec/antenna/tag/e2806894000050038662194f, 81
1652707975.47627, sdrt-health/mac:02010b41cdec/antenna/tag/e2806894000040038662114f, 91
1652707975.476894, sdrt-health/mac:02010b41cdec/antenna/tag/scan, scan stopped
