1652707821.86358, sdrt-health/mac:02010b41cdec/antenna/power/set, {"power": 280}
1652707822.934253, sdrt-health/mac:02010b41cdec/antenna/power/set, 
1652707826.886257, sdrt-health/mac:02010b41cdec/antenna/tag/scan, {"time": 20000}
1652707827.302535, sdrt-health/mac:02010b41cdec/antenna/tag/e2806894000050038662154f, 88
1652707827.344675, sdrt-health/mac:02010b41cdec/antenna/tag/e28068940000400386621d4f, 77
1652707827.394725, sdrt-health/mac:02010b41cdec/antenna/tag/e2806894000050038661fd4f, 83
1652707827.395225, sdrt-health/mac:02010b41cdec/antenna/tag/e2806894000050038662154f, 91
1652707827.409214, sdrt-health/mac:02010b41cdec/antenna/tag/e2806894000050038661fd4f, 83
1652707827.437543, sdrt-health/mac:02010b41cdec/antenna/tag/e28068940000400386621d4f, 96
1652707827.437839, sdrt-health/mac:02010b41cdec/antenna/tag/e2806894000050038661fd4f, 83
1652707827.471917, sdrt-health/mac:02010b41cdec/antenna/tag/e2806894000050038661fd4f, 83
1652707827.500587, sdrt-health/mac:02010b41cdec/antenna/tag/e2806894000040038662114f, 88
1652707827.500823, sdrt-health/mac:02010b41cdec/antenna/tag/e28068940000500386620d4f, 83
1652707827.515563, sdrt-health/mac:02010b41cdec/antenna/tag/e2806894000050038661fd4f, 83
1652707827.515927, sdrt-health/mac:02010b41cdec/antenna/tag/e28068940000500386620d4f, 87
1652707827.622071, sdrt-health/mac:02010b41cdec/antenna/tag/e2806894000050038661fd4f, 86
1652707827.702482, sdrt-health/mac:02010b41cdec/antenna/tag/e28068940000400386621d4f, 96
1652707827.740616, sdrt-health/mac:02010b41cdec/antenna/tag/e2806894000050038661fd4f, 86
1652707827.801436, sdrt-health/mac:02010b41cdec/antenna/tag/e2806894000050038662154f, 88
1652707827.844688, sdrt-health/mac:02010b41cdec/antenna/tag/e28068940000500386620d4f, 84
1652707827.891079, sdrt-health/mac:02010b41cdec/antenna/tag/e2806894000040038662114f, 88
1652707827.891605, sdrt-health/mac:02010b41cdec/antenna/tag/e28068940000400386621d4f, 96
1652707827.907037, sdrt-health/mac:02010b41cdec/antenna/tag/e2806894000050038662194f, 94
1652707827.960126, sdrt-health/mac:02010b41cdec/antenna/tag/e2806894000040038662114f, 88
1652707828.003508, sdrt-health/mac:02010b41cdec/antenna/tag/e2806894000050038661fd4f, 83
1652707828.099665, sdrt-health/mac:02010b41cdec/antenna/tag/e28068940000400386621d4f, 96
1652707828.100181, sdrt-health/mac:02010b41cdec/antenna/tag/e28068940000400386621d4f, 96
1652707828.132612, sdrt-health/mac:02010b41cdec/antenna/tag/e2806894000050038661fd4f, 83
1652707828.182448, sdrt-health/mac:02010b41cdec/antenna/tag/e28068940000400386621d4f, 96
1652707828.236992, sdrt-health/mac:02010b41cdec/antenna/tag/e28068940000400386621d4f, 96
1652707828.237459, sdrt-health/mac:02010b41cdec/antenna/tag/e2806894000040038662114f, 88
1652707828.253028, sdrt-health/mac:02010b41cdec/antenna/tag/e28068940000400386621d4f, 96
1652707828.269845, sdrt-health/mac:02010b41cdec/antenna/tag/e2806894000050038662154f, 91
1652707828.311664, sdrt-health/mac:02010b41cdec/antenna/tag/e2806894000050038662154f, 91
1652707828.365614, sdrt-health/mac:02010b41cdec/antenna/tag/e2806894000050038661fd4f, 86
1652707828.366041, sdrt-health/mac:02010b41cdec/antenna/tag/e28068940000500386620d4f, 94
1652707828.379905, sdrt-health/mac:02010b41cdec/antenna/tag/e2806894000050038662154f, 88
1652707828.391971, sdrt-health/mac:02010b41cdec/antenna/tag/e2806894000050038662194f, 81
1652707828.440109, sdrt-health/mac:02010b41cdec/antenna/tag/e28068940000500386620d4f, 81
1652707828.487784, sdrt-health/mac:02010b41cdec/antenna/tag/e2806894000050038662154f, 91
1652707828.520622, sdrt-health/mac:02010b41cdec/antenna/tag/e2806894000040038662114f, 88
1652707828.599254, sdrt-health/mac:02010b41cdec/antenna/tag/e28068940000400386621d4f, 96
1652707828.599725, sdrt-health/mac:02010b41cdec/antenna/tag/e2806894000050038661fd4f, 83
1652707828.600095, sdrt-health/mac:02010b41cdec/antenna/tag/e2806894000050038661fd4f, 86
1652707828.652117, sdrt-health/mac:02010b41cdec/antenna/tag/e28068940000400386621d4f, 96
1652707828.715916, sdrt-health/mac:02010b41cdec/antenna/tag/e2806894000050038662154f, 88
1652707828.7165, sdrt-health/mac:02010b41cdec/antenna/tag/e2806894000050038661fd4f, 86
1652707828.731909, sdrt-health/mac:02010b41cdec/antenna/tag/e28068940000400386621d4f, 96
1652707828.758769, sdrt-health/mac:02010b41cdec/antenna/tag/e28068940000400386621d4f, 90
1652707828.789917, sdrt-health/mac:02010b41cdec/antenna/tag/e2806894000050038661fd4f, 90
1652707828.790249, sdrt-health/mac:02010b41cdec/antenna/tag/e28068940000400386621d4f, 96
1652707828.84121, sdrt-health/mac:02010b41cdec/antenna/tag/e2806894000050038661fd4f, 83
1652707828.88377, sdrt-health/mac:02010b41cdec/antenna/tag/e2806894000050038662154f, 88
1652707828.9206, sdrt-health/mac:02010b41cdec/antenna/tag/e2806894000050038661fd4f, 83
1652707828.950155, sdrt-health/mac:02010b41cdec/antenna/tag/e2806894000050038662154f, 91
1652707828.950518, sdrt-health/mac:02010b41cdec/antenna/tag/e28068940000400386621d4f, 96
1652707828.990672, sdrt-health/mac:02010b41cdec/antenna/tag/e2806894000050038661fd4f, 83
1652707829.045743, sdrt-health/mac:02010b41cdec/antenna/tag/e2806894000040038662214f, 94
1652707829.04653, sdrt-health/mac:02010b41cdec/antenna/tag/e2806894000050038662154f, 88
1652707829.083415, sdrt-health/mac:02010b41cdec/antenna/tag/e28068940000400386621d4f, 96
1652707829.143552, sdrt-health/mac:02010b41cdec/antenna/tag/e2806894000050038662154f, 85
1652707829.144116, sdrt-health/mac:02010b41cdec/antenna/tag/e2806894000040038662114f, 88
1652707829.144461, sdrt-health/mac:02010b41cdec/antenna/tag/e2806894000040038662114f, 85
1652707829.173116, sdrt-health/mac:02010b41cdec/antenna/tag/e2806894000050038662154f, 88
1652707829.203726, sdrt-health/mac:02010b41cdec/antenna/tag/e2806894000040038662114f, 85
1652707829.203937, sdrt-health/mac:02010b41cdec/antenna/tag/e2806894000050038661fd4f, 83
1652707829.230417, sdrt-health/mac:02010b41cdec/antenna/tag/e2806894000040038662114f, 88
1652707829.271119, sdrt-health/mac:02010b41cdec/antenna/tag/e2806894000040038662114f, 91
1652707829.310928, sdrt-health/mac:02010b41cdec/antenna/tag/e28068940000500386620d4f, 94
1652707829.352299, sdrt-health/mac:02010b41cdec/antenna/tag/e28068940000500386620d4f, 81
1652707829.391594, sdrt-health/mac:02010b41cdec/antenna/tag/e2806894000050038662194f, 81
1652707829.458273, sdrt-health/mac:02010b41cdec/antenna/tag/e2806894000050038662154f, 85
1652707829.458837, sdrt-health/mac:02010b41cdec/antenna/tag/e2806894000050038661fd4f, 86
1652707829.472346, sdrt-health/mac:02010b41cdec/antenna/tag/e28068940000500386620d4f, 81
1652707829.472839, sdrt-health/mac:02010b41cdec/antenna/tag/e2806894000040038662114f, 91
1652707829.473111, sdrt-health/mac:02010b41cdec/antenna/tag/e28068940000500386620d4f, 81
1652707829.52188, sdrt-health/mac:02010b41cdec/antenna/tag/e28068940000400386621d4f, 96
1652707829.561008, sdrt-health/mac:02010b41cdec/antenna/tag/e2806894000040038662114f, 85
1652707829.600288, sdrt-health/mac:02010b41cdec/antenna/tag/e28068940000400386621d4f, 96
1652707829.6562, sdrt-health/mac:02010b41cdec/antenna/tag/e2806894000040038662114f, 85
1652707829.656719, sdrt-health/mac:02010b41cdec/antenna/tag/e2806894000040038661f94f, 81
1652707829.671082, sdrt-health/mac:02010b41cdec/antenna/tag/e2806894000040038662114f, 85
1652707829.680472, sdrt-health/mac:02010b41cdec/antenna/tag/e2806894000050038661fd4f, 86
1652707829.686117, sdrt-health/mac:02010b41cdec/antenna/tag/e28068940000400386621d4f, 96
1652707829.72082, sdrt-health/mac:02010b41cdec/antenna/tag/e2806894000050038662154f, 91
1652707829.775108, sdrt-health/mac:02010b41cdec/antenna/tag/e2806894000040038662114f, 88
1652707829.775672, sdrt-health/mac:02010b41cdec/antenna/tag/e28068940000400386621d4f, 96
1652707829.799339, sdrt-health/mac:02010b41cdec/antenna/tag/e2806894000050038662154f, 91
1652707829.856654, sdrt-health/mac:02010b41cdec/antenna/tag/e2806894000050038661fd4f, 86
1652707829.857212, sdrt-health/mac:02010b41cdec/antenna/tag/e2806894000050038662154f, 97
1652707829.871621, sdrt-health/mac:02010b41cdec/antenna/tag/e28068940000400386621d4f, 96
1652707829.872134, sdrt-health/mac:02010b41cdec/antenna/tag/e28068940000400386621d4f, 96
1652707829.891014, sdrt-health/mac:02010b41cdec/antenna/tag/e28068940000400386621d4f, 96
1652707829.930808, sdrt-health/mac:02010b41cdec/antenna/tag/e2806894000050038661fd4f, 83
1652707829.985061, sdrt-health/mac:02010b41cdec/antenna/tag/e2806894000040038662114f, 85
1652707829.985488, sdrt-health/mac:02010b41cdec/antenna/tag/e2806894000050038662154f, 85
1652707829.999733, sdrt-health/mac:02010b41cdec/antenna/tag/e2806894000050038662154f, 88
1652707829.999959, sdrt-health/mac:02010b41cdec/antenna/tag/e2806894000040038662114f, 85
1652707830.040223, sdrt-health/mac:02010b41cdec/antenna/tag/e28068940000400386621d4f, 96
1652707830.080715, sdrt-health/mac:02010b41cdec/antenna/tag/e2806894000050038661fd4f, 86
1652707830.113485, sdrt-health/mac:02010b41cdec/antenna/tag/e2806894000050038662154f, 91
1652707830.113865, sdrt-health/mac:02010b41cdec/antenna/tag/e2806894000040038662114f, 85
1652707830.199477, sdrt-health/mac:02010b41cdec/antenna/tag/e2806894000050038661fd4f, 86
1652707830.277349, sdrt-health/mac:02010b41cdec/antenna/tag/e28068940000400386621d4f, 96
1652707830.30715, sdrt-health/mac:02010b41cdec/antenna/tag/e2806894000050038661fd4f, 86
1652707830.307496, sdrt-health/mac:02010b41cdec/antenna/tag/e28068940000400386621d4f, 96
1652707830.329569, sdrt-health/mac:02010b41cdec/antenna/tag/e2806894000050038662154f, 88
1652707830.370719, sdrt-health/mac:02010b41cdec/antenna/tag/e2806894000040038662114f, 88
1652707830.399155, sdrt-health/mac:02010b41cdec/antenna/tag/e28068940000400386621d4f, 96
1652707830.399462, sdrt-health/mac:02010b41cdec/antenna/tag/e2806894000050038662154f, 91
1652707830.415414, sdrt-health/mac:02010b41cdec/antenna/tag/e2806894000050038662154f, 85
1652707830.415716, sdrt-health/mac:02010b41cdec/antenna/tag/e28068940000400386621d4f, 96
1652707830.451085, sdrt-health/mac:02010b41cdec/antenna/tag/e2806894000050038661fd4f, 83
1652707830.50784, sdrt-health/mac:02010b41cdec/antenna/tag/e2806894000050038662194f, 94
1652707830.508314, sdrt-health/mac:02010b41cdec/antenna/tag/e2806894000050038662154f, 85
1652707830.522333, sdrt-health/mac:02010b41cdec/antenna/tag/e2806894000050038662194f, 94
1652707830.550569, sdrt-health/mac:02010b41cdec/antenna/tag/e2806894000040038662114f, 88
1652707830.590855, sdrt-health/mac:02010b41cdec/antenna/tag/e2806894000050038661fd4f, 90
1652707830.630534, sdrt-health/mac:02010b41cdec/antenna/tag/e2806894000050038662154f, 91
1652707830.672511, sdrt-health/mac:02010b41cdec/antenna/tag/e2806894000040038662114f, 88
1652707830.721153, sdrt-health/mac:02010b41cdec/antenna/tag/e2806894000050038662154f, 88
1652707830.777666, sdrt-health/mac:02010b41cdec/antenna/tag/e2806894000040038662114f, 88
1652707830.778149, sdrt-health/mac:02010b41cdec/antenna/tag/e2806894000050038661fd4f, 86
1652707830.792231, sdrt-health/mac:02010b41cdec/antenna/tag/e28068940000400386621d4f, 90
1652707830.792758, sdrt-health/mac:02010b41cdec/antenna/tag/e28068940000400386621d4f, 90
1652707830.801333, sdrt-health/mac:02010b41cdec/antenna/tag/e28068940000400386621d4f, 96
1652707830.840973, sdrt-health/mac:02010b41cdec/antenna/tag/e28068940000500386620d4f, 94
1652707830.895061, sdrt-health/mac:02010b41cdec/antenna/tag/e2806894000050038661fd4f, 83
1652707830.89551, sdrt-health/mac:02010b41cdec/antenna/tag/e2806894000040038662114f, 88
1652707830.909872, sdrt-health/mac:02010b41cdec/antenna/tag/e2806894000050038662154f, 85
1652707830.939656, sdrt-health/mac:02010b41cdec/antenna/tag/e2806894000050038661fd4f, 83
1652707830.939876, sdrt-health/mac:02010b41cdec/antenna/tag/e2806894000050038661fd4f, 97
1652707830.960264, sdrt-health/mac:02010b41cdec/antenna/tag/e28068940000500386620d4f, 94
1652707831.015126, sdrt-health/mac:02010b41cdec/antenna/tag/e2806894000040038662114f, 85
1652707831.015551, sdrt-health/mac:02010b41cdec/antenna/tag/e2806894000050038662154f, 85
1652707831.029677, sdrt-health/mac:02010b41cdec/antenna/tag/e28068940000500386620d4f, 83
1652707831.06275, sdrt-health/mac:02010b41cdec/antenna/tag/e2806894000050038662154f, 91
1652707831.100059, sdrt-health/mac:02010b41cdec/antenna/tag/e2806894000040038662114f, 88
1652707831.12931, sdrt-health/mac:02010b41cdec/antenna/tag/e2806894000050038661fd4f, 86
1652707831.129684, sdrt-health/mac:02010b41cdec/antenna/tag/e28068940000400386621d4f, 96
1652707831.14441, sdrt-health/mac:02010b41cdec/antenna/tag/e2806894000050038662154f, 88
1652707831.144746, sdrt-health/mac:02010b41cdec/antenna/tag/e2806894000040038662114f, 85
1652707831.180706, sdrt-health/mac:02010b41cdec/antenna/tag/e28068940000400386621d4f, 96
1652707831.230846, sdrt-health/mac:02010b41cdec/antenna/tag/e2806894000050038661fd4f, 86
1652707831.27184, sdrt-health/mac:02010b41cdec/antenna/tag/e28068940000400386621d4f, 90
1652707831.336817, sdrt-health/mac:02010b41cdec/antenna/tag/e2806894000040038662114f, 85
1652707831.337303, sdrt-health/mac:02010b41cdec/antenna/tag/e2806894000050038662154f, 88
1652707831.360864, sdrt-health/mac:02010b41cdec/antenna/tag/e2806894000050038661fd4f, 86
1652707831.414533, sdrt-health/mac:02010b41cdec/antenna/tag/e28068940000400386621d4f, 90
1652707831.414997, sdrt-health/mac:02010b41cdec/antenna/tag/e2806894000040038662114f, 91
1652707831.429183, sdrt-health/mac:02010b41cdec/antenna/tag/e2806894000050038662154f, 85
1652707831.429463, sdrt-health/mac:02010b41cdec/antenna/tag/e2806894000040038662114f, 91
1652707831.441119, sdrt-health/mac:02010b41cdec/antenna/tag/e2806894000040038662114f, 85
1652707831.481254, sdrt-health/mac:02010b41cdec/antenna/tag/e2806894000040038662114f, 88
1652707831.533335, sdrt-health/mac:02010b41cdec/antenna/tag/e2806894000050038662194f, 81
1652707831.533827, sdrt-health/mac:02010b41cdec/antenna/tag/e2806894000050038661fd4f, 86
1652707831.54891, sdrt-health/mac:02010b41cdec/antenna/tag/e28068940000400386621d4f, 96
1652707831.560659, sdrt-health/mac:02010b41cdec/antenna/tag/e2806894000040038662114f, 88
1652707831.563619, sdrt-health/mac:02010b41cdec/antenna/tag/e28068940000500386620d4f, 83
1652707831.602531, sdrt-health/mac:02010b41cdec/antenna/tag/e2806894000050038661fd4f, 86
1652707831.676392, sdrt-health/mac:02010b41cdec/antenna/tag/e2806894000050038661fd4f, 86
1652707831.676934, sdrt-health/mac:02010b41cdec/antenna/tag/e28068940000400386621d4f, 90
1652707831.730606, sdrt-health/mac:02010b41cdec/antenna/tag/e28068940000400386621d4f, 90
1652707831.770829, sdrt-health/mac:02010b41cdec/antenna/tag/e2806894000040038662114f, 88
1652707831.830887, sdrt-health/mac:02010b41cdec/antenna/tag/e28068940000400386621d4f, 90
1652707831.871281, sdrt-health/mac:02010b41cdec/antenna/tag/e2806894000050038662154f, 88
1652707831.911441, sdrt-health/mac:02010b41cdec/antenna/tag/e2806894000050038661fd4f, 83
1652707831.96958, sdrt-health/mac:02010b41cdec/antenna/tag/e28068940000400386621d4f, 96
1652707832.011893, sdrt-health/mac:02010b41cdec/antenna/tag/e2806894000040038662114f, 91
1652707832.111624, sdrt-health/mac:02010b41cdec/antenna/tag/e28068940000400386621d4f, 96
1652707832.152801, sdrt-health/mac:02010b41cdec/antenna/tag/e28068940000400386621d4f, 96
1652707832.195585, sdrt-health/mac:02010b41cdec/antenna/tag/e2806894000040038662114f, 85
1652707832.22623, sdrt-health/mac:02010b41cdec/antenna/tag/e2806894000050038662154f, 88
1652707832.226448, sdrt-health/mac:02010b41cdec/antenna/tag/e2806894000050038661fd4f, 83
1652707832.241203, sdrt-health/mac:02010b41cdec/antenna/tag/e2806894000050038661fd4f, 83
1652707832.272116, sdrt-health/mac:02010b41cdec/antenna/tag/e2806894000040038662114f, 85
1652707832.312975, sdrt-health/mac:02010b41cdec/antenna/tag/e2806894000050038662154f, 85
1652707832.313523, sdrt-health/mac:02010b41cdec/antenna/tag/e2806894000050038662194f, 81
1652707832.31389, sdrt-health/mac:02010b41cdec/antenna/tag/e28068940000500386620d4f, 87
1652707832.352383, sdrt-health/mac:02010b41cdec/antenna/tag/e2806894000040038662114f, 85
1652707832.390744, sdrt-health/mac:02010b41cdec/antenna/tag/e2806894000050038662154f, 85
1652707832.444691, sdrt-health/mac:02010b41cdec/antenna/tag/e28068940000400386621d4f, 96
1652707832.444903, sdrt-health/mac:02010b41cdec/antenna/tag/e2806894000050038661fd4f, 83
1652707832.460321, sdrt-health/mac:02010b41cdec/antenna/tag/e28068940000500386620d4f, 87
1652707832.469812, sdrt-health/mac:02010b41cdec/antenna/tag/e2806894000050038662154f, 85
1652707832.509516, sdrt-health/mac:02010b41cdec/antenna/tag/e28068940000400386621d4f, 90
1652707832.54969, sdrt-health/mac:02010b41cdec/antenna/tag/e2806894000050038661fd4f, 86
1652707832.593108, sdrt-health/mac:02010b41cdec/antenna/tag/e28068940000400386621d4f, 96
1652707832.630618, sdrt-health/mac:02010b41cdec/antenna/tag/e28068940000400386621d4f, 77
1652707832.670973, sdrt-health/mac:02010b41cdec/antenna/tag/e28068940000500386620d4f, 83
1652707832.726003, sdrt-health/mac:02010b41cdec/antenna/tag/e28068940000400386621d4f, 77
1652707832.726239, sdrt-health/mac:02010b41cdec/antenna/tag/e2806894000050038662194f, 94
1652707832.770515, sdrt-health/mac:02010b41cdec/antenna/tag/e2806894000040038662114f, 91
1652707832.808756, sdrt-health/mac:02010b41cdec/antenna/tag/e2806894000050038661fd4f, 86
1652707832.810372, sdrt-health/mac:02010b41cdec/antenna/tag/e2806894000050038662154f, 91
1652707832.823519, sdrt-health/mac:02010b41cdec/antenna/tag/e2806894000050038661fd4f, 86
1652707832.890819, sdrt-health/mac:02010b41cdec/antenna/tag/e2806894000050038662154f, 88
1652707832.930815, sdrt-health/mac:02010b41cdec/antenna/tag/e2806894000040038662114f, 91
1652707832.969119, sdrt-health/mac:02010b41cdec/antenna/tag/e2806894000050038662194f, 94
1652707833.009933, sdrt-health/mac:02010b41cdec/antenna/tag/e28068940000500386620d4f, 81
1652707833.050671, sdrt-health/mac:02010b41cdec/antenna/tag/e2806894000050038662154f, 85
1652707833.13928, sdrt-health/mac:02010b41cdec/antenna/tag/e2806894000050038661fd4f, 86
1652707833.179206, sdrt-health/mac:02010b41cdec/antenna/tag/e2806894000050038662154f, 88
1652707833.240957, sdrt-health/mac:02010b41cdec/antenna/tag/e2806894000050038661fd4f, 86
1652707833.241197, sdrt-health/mac:02010b41cdec/antenna/tag/e2806894000050038662154f, 88
1652707833.253819, sdrt-health/mac:02010b41cdec/antenna/tag/e28068940000400386621d4f, 90
1652707833.314417, sdrt-health/mac:02010b41cdec/antenna/tag/e28068940000400386621d4f, 96
1652707833.314897, sdrt-health/mac:02010b41cdec/antenna/tag/e2806894000040038662114f, 91
1652707833.339558, sdrt-health/mac:02010b41cdec/antenna/tag/e2806894000050038662154f, 85
1652707833.339821, sdrt-health/mac:02010b41cdec/antenna/tag/e2806894000050038661fd4f, 86
1652707833.353345, sdrt-health/mac:02010b41cdec/antenna/tag/e28068940000400386621d4f, 90
1652707833.381057, sdrt-health/mac:02010b41cdec/antenna/tag/e2806894000040038662114f, 91
1652707833.434492, sdrt-health/mac:02010b41cdec/antenna/tag/e28068940000400386621d4f, 96
1652707833.434729, sdrt-health/mac:02010b41cdec/antenna/tag/e2806894000040038662114f, 88
1652707833.44917, sdrt-health/mac:02010b41cdec/antenna/tag/e28068940000400386621d4f, 96
1652707833.460088, sdrt-health/mac:02010b41cdec/antenna/tag/e28068940000400386621d4f, 96
1652707833.499714, sdrt-health/mac:02010b41cdec/antenna/tag/e2806894000040038662114f, 88
1652707833.53929, sdrt-health/mac:02010b41cdec/antenna/tag/e28068940000400386621d4f, 90
1652707833.581472, sdrt-health/mac:02010b41cdec/antenna/tag/e2806894000050038661fd4f, 83
1652707833.633494, sdrt-health/mac:02010b41cdec/antenna/tag/e2806894000050038662154f, 88
1652707833.633799, sdrt-health/mac:02010b41cdec/antenna/tag/e2806894000040038662114f, 85
1652707833.738071, sdrt-health/mac:02010b41cdec/antenna/tag/e2806894000050038661fd4f, 83
1652707833.79062, sdrt-health/mac:02010b41cdec/antenna/tag/e2806894000050038662194f, 81
1652707833.847439, sdrt-health/mac:02010b41cdec/antenna/tag/e2806894000050038661fd4f, 83
1652707833.847716, sdrt-health/mac:02010b41cdec/antenna/tag/e2806894000050038662154f, 85
1652707833.861221, sdrt-health/mac:02010b41cdec/antenna/tag/e2806894000050038661fd4f, 83
1652707833.861455, sdrt-health/mac:02010b41cdec/antenna/tag/e2806894000050038662154f, 88
1652707833.869636, sdrt-health/mac:02010b41cdec/antenna/tag/e28068940000400386621d4f, 96
1652707833.875556, sdrt-health/mac:02010b41cdec/antenna/tag/e28068940000400386621d4f, 96
1652707833.911353, sdrt-health/mac:02010b41cdec/antenna/tag/e2806894000050038661fd4f, 83
1652707833.951329, sdrt-health/mac:02010b41cdec/antenna/tag/e28068940000500386620d4f, 83
1652707833.989611, sdrt-health/mac:02010b41cdec/antenna/tag/e2806894000040038662114f, 88
1652707834.084383, sdrt-health/mac:02010b41cdec/antenna/tag/e28068940000400386621d4f, 90
1652707834.08468, sdrt-health/mac:02010b41cdec/antenna/tag/e2806894000050038662154f, 88
1652707834.109886, sdrt-health/mac:02010b41cdec/antenna/tag/e2806894000050038661fd4f, 86
1652707834.140432, sdrt-health/mac:02010b41cdec/antenna/tag/e2806894000040038662114f, 88
1652707834.140644, sdrt-health/mac:02010b41cdec/antenna/tag/e2806894000050038662154f, 88
1652707834.156216, sdrt-health/mac:02010b41cdec/antenna/tag/e2806894000050038661fd4f, 90
1652707834.190395, sdrt-health/mac:02010b41cdec/antenna/tag/e2806894000040038662114f, 91
1652707834.245447, sdrt-health/mac:02010b41cdec/antenna/tag/e28068940000400386621d4f, 90
1652707834.24574, sdrt-health/mac:02010b41cdec/antenna/tag/e2806894000040038662114f, 88
1652707834.260503, sdrt-health/mac:02010b41cdec/antenna/tag/e28068940000500386620d4f, 94
1652707834.310326, sdrt-health/mac:02010b41cdec/antenna/tag/e2806894000050038662194f, 81
1652707834.350677, sdrt-health/mac:02010b41cdec/antenna/tag/e2806894000050038662154f, 88
1652707834.391337, sdrt-health/mac:02010b41cdec/antenna/tag/e28068940000400386621d4f, 90
1652707834.444838, sdrt-health/mac:02010b41cdec/antenna/tag/e2806894000040038662114f, 88
1652707834.445189, sdrt-health/mac:02010b41cdec/antenna/tag/e2806894000040038662114f, 88
1652707834.460691, sdrt-health/mac:02010b41cdec/antenna/tag/e2806894000040038662114f, 85
1652707834.47095, sdrt-health/mac:02010b41cdec/antenna/tag/e2806894000050038661fd4f, 83
1652707834.477496, sdrt-health/mac:02010b41cdec/antenna/tag/e2806894000040038662114f, 93
1652707834.510655, sdrt-health/mac:02010b41cdec/antenna/tag/e2806894000040038662114f, 85
1652707834.565806, sdrt-health/mac:02010b41cdec/antenna/tag/e2806894000050038661fd4f, 83
1652707834.566216, sdrt-health/mac:02010b41cdec/antenna/tag/e2806894000050038661fd4f, 83
1652707834.590195, sdrt-health/mac:02010b41cdec/antenna/tag/e28068940000400386621d4f, 90
1652707834.6194, sdrt-health/mac:02010b41cdec/antenna/tag/e2806894000050038662154f, 85
1652707834.619628, sdrt-health/mac:02010b41cdec/antenna/tag/e2806894000050038661fd4f, 86
1652707834.634043, sdrt-health/mac:02010b41cdec/antenna/tag/e28068940000500386620d4f, 81
1652707834.670342, sdrt-health/mac:02010b41cdec/antenna/tag/e28068940000500386620d4f, 88
1652707834.726068, sdrt-health/mac:02010b41cdec/antenna/tag/e28068940000500386620d4f, 94
1652707834.726521, sdrt-health/mac:02010b41cdec/antenna/tag/e28068940000400386621d4f, 77
1652707834.750659, sdrt-health/mac:02010b41cdec/antenna/tag/e28068940000400386621d4f, 96
1652707834.791487, sdrt-health/mac:02010b41cdec/antenna/tag/e2806894000050038661fd4f, 83
1652707834.821614, sdrt-health/mac:02010b41cdec/antenna/tag/e2806894000050038662154f, 97
1652707834.821894, sdrt-health/mac:02010b41cdec/antenna/tag/e2806894000040038662114f, 85
1652707834.836461, sdrt-health/mac:02010b41cdec/antenna/tag/e2806894000050038661fd4f, 83
1652707834.836701, sdrt-health/mac:02010b41cdec/antenna/tag/e2806894000040038662114f, 88
1652707834.870956, sdrt-health/mac:02010b41cdec/antenna/tag/e2806894000050038662154f, 88
1652707834.92569, sdrt-health/mac:02010b41cdec/antenna/tag/e28068940000400386621d4f, 96
1652707834.926171, sdrt-health/mac:02010b41cdec/antenna/tag/e2806894000050038661fd4f, 83
1652707834.940527, sdrt-health/mac:02010b41cdec/antenna/tag/e28068940000400386621d4f, 96
1652707834.950571, sdrt-health/mac:02010b41cdec/antenna/tag/e28068940000400386621d4f, 77
1652707834.989447, sdrt-health/mac:02010b41cdec/antenna/tag/e2806894000050038662154f, 91
1652707835.031301, sdrt-health/mac:02010b41cdec/antenna/tag/e2806894000040038662114f, 88
1652707835.105965, sdrt-health/mac:02010b41cdec/antenna/tag/e2806894000040038662114f, 88
1652707835.106197, sdrt-health/mac:02010b41cdec/antenna/tag/e2806894000050038662154f, 91
1652707835.120543, sdrt-health/mac:02010b41cdec/antenna/tag/e28068940000400386621d4f, 96
1652707835.129578, sdrt-health/mac:02010b41cdec/antenna/tag/e2806894000040038662114f, 85
1652707835.170811, sdrt-health/mac:02010b41cdec/antenna/tag/e2806894000040038662114f, 85
1652707835.245577, sdrt-health/mac:02010b41cdec/antenna/tag/e2806894000050038662154f, 91
1652707835.246263, sdrt-health/mac:02010b41cdec/antenna/tag/e28068940000400386621d4f, 96
1652707835.270644, sdrt-health/mac:02010b41cdec/antenna/tag/e2806894000050038661fd4f, 86
1652707835.299236, sdrt-health/mac:02010b41cdec/antenna/tag/e2806894000050038662154f, 85
1652707835.299572, sdrt-health/mac:02010b41cdec/antenna/tag/e28068940000400386621d4f, 96
1652707835.313613, sdrt-health/mac:02010b41cdec/antenna/tag/e28068940000400386621d4f, 96
1652707835.313967, sdrt-health/mac:02010b41cdec/antenna/tag/e2806894000050038661fd4f, 83
1652707835.351079, sdrt-health/mac:02010b41cdec/antenna/tag/e28068940000400386621d4f, 96
1652707835.39005, sdrt-health/mac:02010b41cdec/antenna/tag/e2806894000050038661fd4f, 86
1652707835.446513, sdrt-health/mac:02010b41cdec/antenna/tag/e2806894000040038662114f, 88
1652707835.447125, sdrt-health/mac:02010b41cdec/antenna/tag/e2806894000050038661fd4f, 90
1652707835.461572, sdrt-health/mac:02010b41cdec/antenna/tag/e2806894000050038662154f, 91
1652707835.4623, sdrt-health/mac:02010b41cdec/antenna/tag/e2806894000050038661fd4f, 90
1652707835.470699, sdrt-health/mac:02010b41cdec/antenna/tag/e28068940000500386620d4f, 83
1652707835.510678, sdrt-health/mac:02010b41cdec/antenna/tag/e2806894000050038661fd4f, 83
1652707835.564453, sdrt-health/mac:02010b41cdec/antenna/tag/e2806894000050038662154f, 85
1652707835.564818, sdrt-health/mac:02010b41cdec/antenna/tag/e2806894000040038662214f, 83
1652707835.590609, sdrt-health/mac:02010b41cdec/antenna/tag/e2806894000040038662114f, 85
1652707835.630469, sdrt-health/mac:02010b41cdec/antenna/tag/e28068940000400386621d4f, 96
1652707835.684647, sdrt-health/mac:02010b41cdec/antenna/tag/e2806894000050038662154f, 91
1652707835.685022, sdrt-health/mac:02010b41cdec/antenna/tag/e2806894000040038662114f, 85
1652707835.699124, sdrt-health/mac:02010b41cdec/antenna/tag/e2806894000050038662154f, 91
1652707835.711914, sdrt-health/mac:02010b41cdec/antenna/tag/e2806894000040038662114f, 88
1652707835.759791, sdrt-health/mac:02010b41cdec/antenna/tag/e2806894000050038661fd4f, 86
1652707835.799583, sdrt-health/mac:02010b41cdec/antenna/tag/e2806894000040038662114f, 91
1652707835.838818, sdrt-health/mac:02010b41cdec/antenna/tag/e2806894000050038661fd4f, 86
1652707835.902548, sdrt-health/mac:02010b41cdec/antenna/tag/e2806894000040038662114f, 91
1652707835.902877, sdrt-health/mac:02010b41cdec/antenna/tag/e2806894000040038662114f, 91
1652707835.916131, sdrt-health/mac:02010b41cdec/antenna/tag/e2806894000050038662154f, 91
1652707835.929592, sdrt-health/mac:02010b41cdec/antenna/tag/e2806894000050038661fd4f, 86
1652707835.956582, sdrt-health/mac:02010b41cdec/antenna/tag/e28068940000400386621d4f, 90
1652707835.956817, sdrt-health/mac:02010b41cdec/antenna/tag/e2806894000050038662154f, 88
1652707835.971042, sdrt-health/mac:02010b41cdec/antenna/tag/e2806894000050038662154f, 88
1652707836.000467, sdrt-health/mac:02010b41cdec/antenna/tag/e2806894000050038661fd4f, 86
1652707836.000917, sdrt-health/mac:02010b41cdec/antenna/tag/e2806894000040038662114f, 91
1652707836.060695, sdrt-health/mac:02010b41cdec/antenna/tag/e2806894000050038662194f, 81
1652707836.130212, sdrt-health/mac:02010b41cdec/antenna/tag/e2806894000040038662114f, 88
1652707836.170168, sdrt-health/mac:02010b41cdec/antenna/tag/e2806894000050038662154f, 91
1652707836.170707, sdrt-health/mac:02010b41cdec/antenna/tag/e2806894000050038662154f, 97
1652707836.211043, sdrt-health/mac:02010b41cdec/antenna/tag/e2806894000040038662114f, 85
1652707836.280828, sdrt-health/mac:02010b41cdec/antenna/tag/e2806894000040038662114f, 85
1652707836.281452, sdrt-health/mac:02010b41cdec/antenna/tag/e2806894000050038662154f, 91
1652707836.281884, sdrt-health/mac:02010b41cdec/antenna/tag/e2806894000040038662114f, 85
1652707836.308724, sdrt-health/mac:02010b41cdec/antenna/tag/e2806894000050038662154f, 91
1652707836.365049, sdrt-health/mac:02010b41cdec/antenna/tag/e2806894000050038661fd4f, 86
1652707836.36534, sdrt-health/mac:02010b41cdec/antenna/tag/e28068940000400386621d4f, 90
1652707836.391433, sdrt-health/mac:02010b41cdec/antenna/tag/e28068940000400386621d4f, 77
1652707836.429899, sdrt-health/mac:02010b41cdec/antenna/tag/e2806894000050038662154f, 88
1652707836.469091, sdrt-health/mac:02010b41cdec/antenna/tag/e2806894000050038661fd4f, 97
1652707836.5568, sdrt-health/mac:02010b41cdec/antenna/tag/e2806894000040038662114f, 85
1652707836.557315, sdrt-health/mac:02010b41cdec/antenna/tag/e2806894000050038662154f, 97
1652707836.600553, sdrt-health/mac:02010b41cdec/antenna/tag/e2806894000050038661fd4f, 83
1652707836.6404, sdrt-health/mac:02010b41cdec/antenna/tag/e2806894000050038661fd4f, 86
1652707836.683447, sdrt-health/mac:02010b41cdec/antenna/tag/e2806894000050038661fd4f, 90
1652707836.73709, sdrt-health/mac:02010b41cdec/antenna/tag/e2806894000050038662154f, 91
1652707836.737651, sdrt-health/mac:02010b41cdec/antenna/tag/e28068940000400386621d4f, 96
1652707836.749752, sdrt-health/mac:02010b41cdec/antenna/tag/e2806894000040038662114f, 88
1652707836.781305, sdrt-health/mac:02010b41cdec/antenna/tag/e28068940000400386621d4f, 96
1652707836.781857, sdrt-health/mac:02010b41cdec/antenna/tag/e28068940000400386621d4f, 90
1652707836.81131, sdrt-health/mac:02010b41cdec/antenna/tag/e2806894000040038662114f, 88
1652707836.850403, sdrt-health/mac:02010b41cdec/antenna/tag/e2806894000050038662154f, 91
1652707836.915786, sdrt-health/mac:02010b41cdec/antenna/tag/e2806894000050038661fd4f, 90
1652707836.916241, sdrt-health/mac:02010b41cdec/antenna/tag/e2806894000050038661fd4f, 97
1652707836.941345, sdrt-health/mac:02010b41cdec/antenna/tag/e2806894000050038662194f, 81
1652707836.971976, sdrt-health/mac:02010b41cdec/antenna/tag/e2806894000050038662154f, 88
1652707836.972198, sdrt-health/mac:02010b41cdec/antenna/tag/e2806894000040038662114f, 85
1652707836.984591, sdrt-health/mac:02010b41cdec/antenna/tag/e2806894000050038662154f, 88
1652707836.98482, sdrt-health/mac:02010b41cdec/antenna/tag/e2806894000040038661f94f, 87
1652707837.050306, sdrt-health/mac:02010b41cdec/antenna/tag/e2806894000040038662114f, 88
1652707837.090558, sdrt-health/mac:02010b41cdec/antenna/tag/e28068940000400386621d4f, 90
1652707837.14427, sdrt-health/mac:02010b41cdec/antenna/tag/e28068940000400386621d4f, 90
1652707837.144559, sdrt-health/mac:02010b41cdec/antenna/tag/e2806894000050038661fd4f, 86
1652707837.158961, sdrt-health/mac:02010b41cdec/antenna/tag/e2806894000040038662114f, 91
1652707837.169996, sdrt-health/mac:02010b41cdec/antenna/tag/e28068940000400386621d4f, 90
1652707837.209623, sdrt-health/mac:02010b41cdec/antenna/tag/e2806894000050038661fd4f, 86
1652707837.251476, sdrt-health/mac:02010b41cdec/antenna/tag/e2806894000040038662114f, 88
1652707837.28468, sdrt-health/mac:02010b41cdec/antenna/tag/e28068940000400386621d4f, 90
1652707837.285159, sdrt-health/mac:02010b41cdec/antenna/tag/e2806894000040038662114f, 85
1652707837.297115, sdrt-health/mac:02010b41cdec/antenna/tag/e28068940000500386620d4f, 94
1652707837.33008, sdrt-health/mac:02010b41cdec/antenna/tag/e2806894000050038662154f, 85
1652707837.371987, sdrt-health/mac:02010b41cdec/antenna/tag/e2806894000050038662154f, 88
1652707837.425229, sdrt-health/mac:02010b41cdec/antenna/tag/e28068940000500386620d4f, 83
1652707837.425792, sdrt-health/mac:02010b41cdec/antenna/tag/e28068940000400386621d4f, 96
1652707837.439704, sdrt-health/mac:02010b41cdec/antenna/tag/e2806894000050038662154f, 85
1652707837.449894, sdrt-health/mac:02010b41cdec/antenna/tag/e2806894000050038662154f, 85
1652707837.455076, sdrt-health/mac:02010b41cdec/antenna/tag/e28068940000400386621d4f, 96
1652707837.489619, sdrt-health/mac:02010b41cdec/antenna/tag/e2806894000050038661fd4f, 97
1652707837.545325, sdrt-health/mac:02010b41cdec/antenna/tag/e2806894000050038662154f, 88
1652707837.545975, sdrt-health/mac:02010b41cdec/antenna/tag/e28068940000500386620d4f, 87
1652707837.560341, sdrt-health/mac:02010b41cdec/antenna/tag/e28068940000400386621d4f, 77
1652707837.570502, sdrt-health/mac:02010b41cdec/antenna/tag/e28068940000400386621d4f, 96
1652707837.61023, sdrt-health/mac:02010b41cdec/antenna/tag/e2806894000040038662114f, 85
1652707837.660167, sdrt-health/mac:02010b41cdec/antenna/tag/e2806894000050038661fd4f, 86
1652707837.713174, sdrt-health/mac:02010b41cdec/antenna/tag/e28068940000400386621d4f, 96
1652707837.713436, sdrt-health/mac:02010b41cdec/antenna/tag/e2806894000050038662154f, 88
1652707837.770689, sdrt-health/mac:02010b41cdec/antenna/tag/e2806894000040038662114f, 85
1652707837.771145, sdrt-health/mac:02010b41cdec/antenna/tag/e2806894000050038661fd4f, 86
1652707837.786477, sdrt-health/mac:02010b41cdec/antenna/tag/e2806894000040038662114f, 85
1652707837.786834, sdrt-health/mac:02010b41cdec/antenna/tag/e28068940000400386621d4f, 96
1652707837.829963, sdrt-health/mac:02010b41cdec/antenna/tag/e28068940000500386620d4f, 81
1652707837.859564, sdrt-health/mac:02010b41cdec/antenna/tag/e2806894000050038662154f, 88
1652707837.860328, sdrt-health/mac:02010b41cdec/antenna/tag/e28068940000400386621d4f, 90
1652707837.900058, sdrt-health/mac:02010b41cdec/antenna/tag/e2806894000050038662154f, 85
1652707837.931416, sdrt-health/mac:02010b41cdec/antenna/tag/e28068940000400386621d4f, 90
1652707837.931822, sdrt-health/mac:02010b41cdec/antenna/tag/e2806894000050038661fd4f, 90
1652707837.98056, sdrt-health/mac:02010b41cdec/antenna/tag/e28068940000400386621d4f, 77
1652707838.021409, sdrt-health/mac:02010b41cdec/antenna/tag/e2806894000040038662114f, 88
1652707838.074434, sdrt-health/mac:02010b41cdec/antenna/tag/e28068940000400386621d4f, 96
1652707838.075353, sdrt-health/mac:02010b41cdec/antenna/tag/e2806894000050038662154f, 85
1652707838.08857, sdrt-health/mac:02010b41cdec/antenna/tag/e2806894000040038662114f, 88
1652707838.099556, sdrt-health/mac:02010b41cdec/antenna/tag/e2806894000050038662154f, 88
1652707838.140839, sdrt-health/mac:02010b41cdec/antenna/tag/e2806894000050038661fd4f, 86
1652707838.197072, sdrt-health/mac:02010b41cdec/antenna/tag/e28068940000500386620d4f, 83
1652707838.197301, sdrt-health/mac:02010b41cdec/antenna/tag/e2806894000050038662154f, 88
1652707838.19745, sdrt-health/mac:02010b41cdec/antenna/tag/e2806894000040038662114f, 88
1652707838.210238, sdrt-health/mac:02010b41cdec/antenna/tag/e28068940000400386621d4f, 90
1652707838.210495, sdrt-health/mac:02010b41cdec/antenna/tag/e2806894000050038661fd4f, 86
1652707838.219855, sdrt-health/mac:02010b41cdec/antenna/tag/e2806894000050038662154f, 88
1652707838.261346, sdrt-health/mac:02010b41cdec/antenna/tag/e28068940000400386621d4f, 90
1652707838.326572, sdrt-health/mac:02010b41cdec/antenna/tag/e28068940000400386621d4f, 90
1652707838.327184, sdrt-health/mac:02010b41cdec/antenna/tag/e2806894000050038662154f, 91
1652707838.341413, sdrt-health/mac:02010b41cdec/antenna/tag/e2806894000050038661fd4f, 86
1652707838.381358, sdrt-health/mac:02010b41cdec/antenna/tag/e2806894000050038662154f, 91
1652707838.422847, sdrt-health/mac:02010b41cdec/antenna/tag/e2806894000050038662194f, 94
1652707838.474351, sdrt-health/mac:02010b41cdec/antenna/tag/e2806894000050038661fd4f, 86
1652707838.474827, sdrt-health/mac:02010b41cdec/antenna/tag/e28068940000500386620d4f, 83
1652707838.500577, sdrt-health/mac:02010b41cdec/antenna/tag/e2806894000050038662154f, 85
1652707838.539442, sdrt-health/mac:02010b41cdec/antenna/tag/e2806894000050038661fd4f, 83
1652707838.601769, sdrt-health/mac:02010b41cdec/antenna/tag/e28068940000500386620d4f, 88
1652707838.602288, sdrt-health/mac:02010b41cdec/antenna/tag/e2806894000050038662154f, 88
1652707838.630255, sdrt-health/mac:02010b41cdec/antenna/tag/e2806894000040038662114f, 85
1652707838.670596, sdrt-health/mac:02010b41cdec/antenna/tag/e2806894000050038661fd4f, 83
1652707838.673113, sdrt-health/mac:02010b41cdec/antenna/tag/e2806894000050038662154f, 88
1652707838.710388, sdrt-health/mac:02010b41cdec/antenna/tag/e2806894000050038662194f, 81
1652707838.750006, sdrt-health/mac:02010b41cdec/antenna/tag/e2806894000050038662194f, 94
1652707838.750441, sdrt-health/mac:02010b41cdec/antenna/tag/e2806894000040038662114f, 88
1652707838.790479, sdrt-health/mac:02010b41cdec/antenna/tag/e28068940000400386621d4f, 90
1652707838.829802, sdrt-health/mac:02010b41cdec/antenna/tag/e28068940000400386621d4f, 96
1652707838.87171, sdrt-health/mac:02010b41cdec/antenna/tag/e28068940000400386621d4f, 96
1652707838.9105, sdrt-health/mac:02010b41cdec/antenna/tag/e2806894000050038662194f, 81
1652707838.963797, sdrt-health/mac:02010b41cdec/antenna/tag/e2806894000050038661fd4f, 83
1652707838.964248, sdrt-health/mac:02010b41cdec/antenna/tag/e28068940000500386620d4f, 81
1652707838.978096, sdrt-health/mac:02010b41cdec/antenna/tag/e2806894000040038662114f, 85
1652707839.006603, sdrt-health/mac:02010b41cdec/antenna/tag/e2806894000040038662114f, 85
1652707839.007116, sdrt-health/mac:02010b41cdec/antenna/tag/e2806894000040038662114f, 87
1652707839.03039, sdrt-health/mac:02010b41cdec/antenna/tag/e28068940000400386621d4f, 96
1652707839.030897, sdrt-health/mac:02010b41cdec/antenna/tag/e2806894000050038662154f, 85
1652707839.070232, sdrt-health/mac:02010b41cdec/antenna/tag/e2806894000050038662154f, 93
1652707839.0988, sdrt-health/mac:02010b41cdec/antenna/tag/e2806894000040038662114f, 83
1652707839.099081, sdrt-health/mac:02010b41cdec/antenna/tag/e28068940000400386621d4f, 90
1652707839.119845, sdrt-health/mac:02010b41cdec/antenna/tag/e28068940000400386621d4f, 96
1652707839.15954, sdrt-health/mac:02010b41cdec/antenna/tag/e28068940000500386620d4f, 83
1652707839.208035, sdrt-health/mac:02010b41cdec/antenna/tag/e28068940000500386620d4f, 81
1652707839.261182, sdrt-health/mac:02010b41cdec/antenna/tag/e2806894000050038662194f, 88
1652707839.315298, sdrt-health/mac:02010b41cdec/antenna/tag/e2806894000050038662154f, 91
1652707839.315824, sdrt-health/mac:02010b41cdec/antenna/tag/e2806894000050038661fd4f, 86
1652707839.341489, sdrt-health/mac:02010b41cdec/antenna/tag/e2806894000050038662154f, 91
1652707839.405975, sdrt-health/mac:02010b41cdec/antenna/tag/e28068940000400386621d4f, 90
1652707839.406523, sdrt-health/mac:02010b41cdec/antenna/tag/e2806894000050038661fd4f, 86
1652707839.420804, sdrt-health/mac:02010b41cdec/antenna/tag/e2806894000040038662054f, 84
1652707839.431443, sdrt-health/mac:02010b41cdec/antenna/tag/e2806894000050038662154f, 88
1652707839.437056, sdrt-health/mac:02010b41cdec/antenna/tag/e2806894000050038661fd4f, 86
1652707839.470388, sdrt-health/mac:02010b41cdec/antenna/tag/e2806894000040038662114f, 88
1652707839.525605, sdrt-health/mac:02010b41cdec/antenna/tag/e2806894000050038661fd4f, 86
1652707839.526099, sdrt-health/mac:02010b41cdec/antenna/tag/e28068940000400386621d4f, 96
1652707839.539765, sdrt-health/mac:02010b41cdec/antenna/tag/e28068940000500386620d4f, 83
1652707839.551118, sdrt-health/mac:02010b41cdec/antenna/tag/e2806894000050038662154f, 88
1652707839.589099, sdrt-health/mac:02010b41cdec/antenna/tag/e28068940000500386620d4f, 83
1652707839.647006, sdrt-health/mac:02010b41cdec/antenna/tag/e2806894000050038662194f, 81
1652707839.647406, sdrt-health/mac:02010b41cdec/antenna/tag/e2806894000050038662194f, 94
1652707839.671236, sdrt-health/mac:02010b41cdec/antenna/tag/e2806894000040038662114f, 88
1652707839.701698, sdrt-health/mac:02010b41cdec/antenna/tag/e2806894000050038662154f, 91
1652707839.70199, sdrt-health/mac:02010b41cdec/antenna/tag/e28068940000400386621d4f, 90
1652707839.702193, sdrt-health/mac:02010b41cdec/antenna/tag/e2806894000050038661fd4f, 86
1652707839.716166, sdrt-health/mac:02010b41cdec/antenna/tag/e2806894000040038662114f, 85
1652707839.716611, sdrt-health/mac:02010b41cdec/antenna/tag/e2806894000040038662114f, 88
1652707839.71701, sdrt-health/mac:02010b41cdec/antenna/tag/e2806894000050038661fd4f, 86
1652707839.750019, sdrt-health/mac:02010b41cdec/antenna/tag/e28068940000400386621d4f, 96
1652707839.797011, sdrt-health/mac:02010b41cdec/antenna/tag/e2806894000050038661fd4f, 86
1652707839.827596, sdrt-health/mac:02010b41cdec/antenna/tag/e28068940000400386621d4f, 90
1652707839.827914, sdrt-health/mac:02010b41cdec/antenna/tag/e2806894000050038661fd4f, 86
1652707839.842348, sdrt-health/mac:02010b41cdec/antenna/tag/e28068940000400386621d4f, 90
1652707839.88104, sdrt-health/mac:02010b41cdec/antenna/tag/e2806894000050038662154f, 88
1652707839.920571, sdrt-health/mac:02010b41cdec/antenna/tag/e2806894000050038662194f, 94
1652707839.950479, sdrt-health/mac:02010b41cdec/antenna/tag/e2806894000050038662154f, 88
1652707839.950679, sdrt-health/mac:02010b41cdec/antenna/tag/e2806894000050038662154f, 85
1652707839.964667, sdrt-health/mac:02010b41cdec/antenna/tag/e28068940000500386620d4f, 83
1652707840.00065, sdrt-health/mac:02010b41cdec/antenna/tag/e2806894000050038661fd4f, 83
1652707840.040578, sdrt-health/mac:02010b41cdec/antenna/tag/e2806894000050038661fd4f, 86
1652707840.095677, sdrt-health/mac:02010b41cdec/antenna/tag/e2806894000050038662154f, 85
1652707840.09646, sdrt-health/mac:02010b41cdec/antenna/tag/e28068940000500386620d4f, 81
1652707840.130792, sdrt-health/mac:02010b41cdec/antenna/tag/e2806894000050038662154f, 88
1652707840.170224, sdrt-health/mac:02010b41cdec/antenna/tag/e2806894000050038662154f, 85
1652707840.209941, sdrt-health/mac:02010b41cdec/antenna/tag/e2806894000050038661fd4f, 83
1652707840.263102, sdrt-health/mac:02010b41cdec/antenna/tag/e28068940000400386621d4f, 77
1652707840.263607, sdrt-health/mac:02010b41cdec/antenna/tag/e28068940000400386621d4f, 77
1652707840.290669, sdrt-health/mac:02010b41cdec/antenna/tag/e28068940000400386621d4f, 96
1652707840.33937, sdrt-health/mac:02010b41cdec/antenna/tag/e2806894000050038662154f, 91
1652707840.396519, sdrt-health/mac:02010b41cdec/antenna/tag/e2806894000040038662114f, 88
1652707840.397471, sdrt-health/mac:02010b41cdec/antenna/tag/e2806894000050038661fd4f, 83
1652707840.410085, sdrt-health/mac:02010b41cdec/antenna/tag/e2806894000050038662154f, 91
1652707840.410565, sdrt-health/mac:02010b41cdec/antenna/tag/e2806894000040038662114f, 88
1652707840.420138, sdrt-health/mac:02010b41cdec/antenna/tag/e2806894000040038662114f, 88
1652707840.464933, sdrt-health/mac:02010b41cdec/antenna/tag/e2806894000050038661fd4f, 83
1652707840.503001, sdrt-health/mac:02010b41cdec/antenna/tag/e28068940000500386620d4f, 83
1652707840.53493, sdrt-health/mac:02010b41cdec/antenna/tag/e2806894000050038662154f, 88
1652707840.535311, sdrt-health/mac:02010b41cdec/antenna/tag/e28068940000500386620d4f, 83
1652707840.551072, sdrt-health/mac:02010b41cdec/antenna/tag/e28068940000400386621d4f, 96
1652707840.583207, sdrt-health/mac:02010b41cdec/antenna/tag/e28068940000400386621d4f, 96
1652707840.637433, sdrt-health/mac:02010b41cdec/antenna/tag/e2806894000050038662154f, 91
1652707840.637955, sdrt-health/mac:02010b41cdec/antenna/tag/e28068940000400386621d4f, 96
1652707840.660726, sdrt-health/mac:02010b41cdec/antenna/tag/e2806894000050038662154f, 88
1652707840.664039, sdrt-health/mac:02010b41cdec/antenna/tag/e2806894000050038661fd4f, 86
1652707840.704723, sdrt-health/mac:02010b41cdec/antenna/tag/e28068940000400386621d4f, 90
1652707840.70794, sdrt-health/mac:02010b41cdec/antenna/tag/e2806894000050038661fd4f, 86
1652707840.764779, sdrt-health/mac:02010b41cdec/antenna/tag/e2806894000040038662114f, 91
1652707840.765281, sdrt-health/mac:02010b41cdec/antenna/tag/e28068940000400386621d4f, 90
1652707840.779593, sdrt-health/mac:02010b41cdec/antenna/tag/e2806894000050038662154f, 88
1652707840.792538, sdrt-health/mac:02010b41cdec/antenna/tag/e2806894000050038661fd4f, 86
1652707840.794141, sdrt-health/mac:02010b41cdec/antenna/tag/e2806894000040038662114f, 91
1652707840.831841, sdrt-health/mac:02010b41cdec/antenna/tag/e2806894000050038661fd4f, 86
1652707840.902359, sdrt-health/mac:02010b41cdec/antenna/tag/e28068940000400386621d4f, 96
1652707840.940656, sdrt-health/mac:02010b41cdec/antenna/tag/e28068940000400386621d4f, 96
1652707840.98808, sdrt-health/mac:02010b41cdec/antenna/tag/e28068940000400386621d4f, 96
1652707841.041723, sdrt-health/mac:02010b41cdec/antenna/tag/e2806894000050038661fd4f, 83
1652707841.042004, sdrt-health/mac:02010b41cdec/antenna/tag/e2806894000040038662114f, 88
1652707841.057327, sdrt-health/mac:02010b41cdec/antenna/tag/e2806894000050038661fd4f, 83
1652707841.091835, sdrt-health/mac:02010b41cdec/antenna/tag/e28068940000500386620d4f, 81
1652707841.151466, sdrt-health/mac:02010b41cdec/antenna/tag/e28068940000500386620d4f, 83
1652707841.190602, sdrt-health/mac:02010b41cdec/antenna/tag/e28068940000400386621d4f, 96
1652707841.231328, sdrt-health/mac:02010b41cdec/antenna/tag/e2806894000050038661fd4f, 83
1652707841.285618, sdrt-health/mac:02010b41cdec/antenna/tag/e2806894000050038661fd4f, 86
1652707841.286164, sdrt-health/mac:02010b41cdec/antenna/tag/e28068940000400386621d4f, 96
1652707841.299064, sdrt-health/mac:02010b41cdec/antenna/tag/e2806894000050038662154f, 91
1652707841.310332, sdrt-health/mac:02010b41cdec/antenna/tag/e2806894000040038662114f, 85
1652707841.351233, sdrt-health/mac:02010b41cdec/antenna/tag/e28068940000400386621d4f, 77
1652707841.433783, sdrt-health/mac:02010b41cdec/antenna/tag/e2806894000050038661fd4f, 86
1652707841.434212, sdrt-health/mac:02010b41cdec/antenna/tag/e28068940000500386620d4f, 81
1652707841.461008, sdrt-health/mac:02010b41cdec/antenna/tag/e2806894000050038662194f, 83
1652707841.500783, sdrt-health/mac:02010b41cdec/antenna/tag/e2806894000050038662154f, 91
1652707841.558103, sdrt-health/mac:02010b41cdec/antenna/tag/e2806894000040038662114f, 88
1652707841.558585, sdrt-health/mac:02010b41cdec/antenna/tag/e2806894000050038661fd4f, 83
1652707841.58067, sdrt-health/mac:02010b41cdec/antenna/tag/e2806894000050038661fd4f, 86
1652707841.640775, sdrt-health/mac:02010b41cdec/antenna/tag/e2806894000050038662154f, 88
1652707841.671362, sdrt-health/mac:02010b41cdec/antenna/tag/e2806894000040038662114f, 85
1652707841.671878, sdrt-health/mac:02010b41cdec/antenna/tag/e2806894000050038661fd4f, 86
1652707841.686475, sdrt-health/mac:02010b41cdec/antenna/tag/e28068940000400386621d4f, 96
1652707841.686739, sdrt-health/mac:02010b41cdec/antenna/tag/e2806894000050038661fd4f, 83
1652707841.686954, sdrt-health/mac:02010b41cdec/antenna/tag/e28068940000400386621d4f, 96
1652707841.719829, sdrt-health/mac:02010b41cdec/antenna/tag/e28068940000400386621d4f, 90
1652707841.759558, sdrt-health/mac:02010b41cdec/antenna/tag/e2806894000050038661fd4f, 86
1652707841.802509, sdrt-health/mac:02010b41cdec/antenna/tag/e2806894000040038662114f, 88
1652707841.865715, sdrt-health/mac:02010b41cdec/antenna/tag/e2806894000050038661fd4f, 86
1652707841.866181, sdrt-health/mac:02010b41cdec/antenna/tag/e2806894000050038662154f, 88
1652707841.880329, sdrt-health/mac:02010b41cdec/antenna/tag/e2806894000040038662114f, 85
1652707841.936466, sdrt-health/mac:02010b41cdec/antenna/tag/e28068940000400386621d4f, 90
1652707841.936987, sdrt-health/mac:02010b41cdec/antenna/tag/e28068940000400386621d4f, 90
1652707841.950542, sdrt-health/mac:02010b41cdec/antenna/tag/e2806894000040038662114f, 88
1652707841.990756, sdrt-health/mac:02010b41cdec/antenna/tag/e2806894000050038662154f, 93
1652707842.031107, sdrt-health/mac:02010b41cdec/antenna/tag/e2806894000050038662154f, 85
1652707842.08761, sdrt-health/mac:02010b41cdec/antenna/tag/e2806894000050038661fd4f, 83
1652707842.08813, sdrt-health/mac:02010b41cdec/antenna/tag/e28068940000500386620d4f, 81
1652707842.102477, sdrt-health/mac:02010b41cdec/antenna/tag/e2806894000040038662114f, 88
1652707842.11983, sdrt-health/mac:02010b41cdec/antenna/tag/e2806894000040038662114f, 88
1652707842.160701, sdrt-health/mac:02010b41cdec/antenna/tag/e2806894000050038661fd4f, 83
1652707842.211234, sdrt-health/mac:02010b41cdec/antenna/tag/e2806894000040038662114f, 85
1652707842.271302, sdrt-health/mac:02010b41cdec/antenna/tag/e2806894000050038662154f, 85
1652707842.339826, sdrt-health/mac:02010b41cdec/antenna/tag/e2806894000040038662114f, 91
1652707842.340089, sdrt-health/mac:02010b41cdec/antenna/tag/e28068940000400386621d4f, 90
1652707842.369892, sdrt-health/mac:02010b41cdec/antenna/tag/e2806894000050038662154f, 85
1652707842.370298, sdrt-health/mac:02010b41cdec/antenna/tag/e2806894000050038661fd4f, 86
1652707842.401694, sdrt-health/mac:02010b41cdec/antenna/tag/e2806894000050038661fd4f, 86
1652707842.40252, sdrt-health/mac:02010b41cdec/antenna/tag/e2806894000050038662194f, 83
1652707842.417052, sdrt-health/mac:02010b41cdec/antenna/tag/e2806894000040038662114f, 91
1652707842.440819, sdrt-health/mac:02010b41cdec/antenna/tag/e28068940000400386621d4f, 90
1652707842.505127, sdrt-health/mac:02010b41cdec/antenna/tag/e2806894000040038662114f, 91
1652707842.505616, sdrt-health/mac:02010b41cdec/antenna/tag/e28068940000400386621d4f, 96
1652707842.53515, sdrt-health/mac:02010b41cdec/antenna/tag/e28068940000500386620d4f, 81
1652707842.563997, sdrt-health/mac:02010b41cdec/antenna/tag/e28068940000400386621d4f, 96
1652707842.564561, sdrt-health/mac:02010b41cdec/antenna/tag/e2806894000040038662114f, 88
1652707842.579524, sdrt-health/mac:02010b41cdec/antenna/tag/e28068940000500386620d4f, 81
1652707842.6317, sdrt-health/mac:02010b41cdec/antenna/tag/e2806894000040038662114f, 85
1652707842.679583, sdrt-health/mac:02010b41cdec/antenna/tag/e28068940000400386621d4f, 96
1652707842.735979, sdrt-health/mac:02010b41cdec/antenna/tag/e2806894000050038662154f, 91
1652707842.736521, sdrt-health/mac:02010b41cdec/antenna/tag/e2806894000050038661fd4f, 86
1652707842.749831, sdrt-health/mac:02010b41cdec/antenna/tag/e2806894000040038662114f, 85
1652707842.801145, sdrt-health/mac:02010b41cdec/antenna/tag/e2806894000040038662114f, 85
1652707842.851176, sdrt-health/mac:02010b41cdec/antenna/tag/e28068940000400386621d4f, 96
1652707842.905601, sdrt-health/mac:02010b41cdec/antenna/tag/e2806894000050038661fd4f, 86
1652707842.906076, sdrt-health/mac:02010b41cdec/antenna/tag/e2806894000050038661fd4f, 83
1652707842.930663, sdrt-health/mac:02010b41cdec/antenna/tag/e28068940000400386621d4f, 96
1652707842.970538, sdrt-health/mac:02010b41cdec/antenna/tag/e28068940000400386621d4f, 96
1652707843.010835, sdrt-health/mac:02010b41cdec/antenna/tag/e28068940000400386621d4f, 96
1652707843.050739, sdrt-health/mac:02010b41cdec/antenna/tag/e2806894000050038661fd4f, 83
1652707843.090326, sdrt-health/mac:02010b41cdec/antenna/tag/e28068940000400386621d4f, 96
1652707843.130792, sdrt-health/mac:02010b41cdec/antenna/tag/e2806894000050038661fd4f, 83
1652707843.170547, sdrt-health/mac:02010b41cdec/antenna/tag/e28068940000400386621d4f, 90
1652707843.226165, sdrt-health/mac:02010b41cdec/antenna/tag/e2806894000050038662154f, 88
1652707843.226553, sdrt-health/mac:02010b41cdec/antenna/tag/e2806894000040038662114f, 88
1652707843.241959, sdrt-health/mac:02010b41cdec/antenna/tag/e28068940000400386621d4f, 90
1652707843.276109, sdrt-health/mac:02010b41cdec/antenna/tag/e2806894000050038662154f, 91
1652707843.276439, sdrt-health/mac:02010b41cdec/antenna/tag/e2806894000050038661fd4f, 86
1652707843.290851, sdrt-health/mac:02010b41cdec/antenna/tag/e2806894000050038662154f, 91
1652707843.30023, sdrt-health/mac:02010b41cdec/antenna/tag/e2806894000050038661fd4f, 90
1652707843.341836, sdrt-health/mac:02010b41cdec/antenna/tag/e2806894000040038662114f, 88
1652707843.371582, sdrt-health/mac:02010b41cdec/antenna/tag/e2806894000050038661fd4f, 86
1652707843.371825, sdrt-health/mac:02010b41cdec/antenna/tag/e28068940000400386621d4f, 90
1652707843.386775, sdrt-health/mac:02010b41cdec/antenna/tag/e28068940000400386621d4f, 90
1652707843.387117, sdrt-health/mac:02010b41cdec/antenna/tag/e2806894000050038661fd4f, 86
1652707843.442148, sdrt-health/mac:02010b41cdec/antenna/tag/e28068940000500386620d4f, 83
1652707843.481817, sdrt-health/mac:02010b41cdec/antenna/tag/e2806894000050038662194f, 88
1652707843.520282, sdrt-health/mac:02010b41cdec/antenna/tag/e28068940000500386620d4f, 87
1652707843.579651, sdrt-health/mac:02010b41cdec/antenna/tag/e2806894000050038661fd4f, 86
1652707843.620308, sdrt-health/mac:02010b41cdec/antenna/tag/e28068940000400386621d4f, 96
1652707843.650164, sdrt-health/mac:02010b41cdec/antenna/tag/e2806894000040038662114f, 85
1652707843.650434, sdrt-health/mac:02010b41cdec/antenna/tag/e2806894000050038662154f, 91
1652707843.664584, sdrt-health/mac:02010b41cdec/antenna/tag/e2806894000040038662114f, 88
1652707843.700699, sdrt-health/mac:02010b41cdec/antenna/tag/e2806894000040038662114f, 88
1652707843.7297, sdrt-health/mac:02010b41cdec/antenna/tag/e2806894000050038662154f, 88
1652707843.729916, sdrt-health/mac:02010b41cdec/antenna/tag/e2806894000040038662114f, 85
1652707843.805209, sdrt-health/mac:02010b41cdec/antenna/tag/e28068940000400386621d4f, 96
1652707843.860909, sdrt-health/mac:02010b41cdec/antenna/tag/e28068940000400386621d4f, 96
1652707843.90826, sdrt-health/mac:02010b41cdec/antenna/tag/e28068940000500386620d4f, 94
1652707843.950455, sdrt-health/mac:02010b41cdec/antenna/tag/e28068940000500386620d4f, 83
1652707843.990814, sdrt-health/mac:02010b41cdec/antenna/tag/e28068940000400386621d4f, 96
1652707844.046611, sdrt-health/mac:02010b41cdec/antenna/tag/e2806894000040038662114f, 85
1652707844.046819, sdrt-health/mac:02010b41cdec/antenna/tag/e2806894000050038661fd4f, 83
1652707844.069828, sdrt-health/mac:02010b41cdec/antenna/tag/e2806894000040038662114f, 85
1652707844.111305, sdrt-health/mac:02010b41cdec/antenna/tag/e2806894000050038662154f, 88
1652707844.176369, sdrt-health/mac:02010b41cdec/antenna/tag/e28068940000400386621d4f, 96
1652707844.176824, sdrt-health/mac:02010b41cdec/antenna/tag/e2806894000040038662114f, 85
1652707844.192345, sdrt-health/mac:02010b41cdec/antenna/tag/e28068940000400386621d4f, 96
1652707844.21243, sdrt-health/mac:02010b41cdec/antenna/tag/e2806894000040038662114f, 88
1652707844.265372, sdrt-health/mac:02010b41cdec/antenna/tag/e28068940000400386621d4f, 90
1652707844.26565, sdrt-health/mac:02010b41cdec/antenna/tag/e2806894000050038661fd4f, 86
1652707844.280199, sdrt-health/mac:02010b41cdec/antenna/tag/e28068940000400386621d4f, 96
1652707844.290363, sdrt-health/mac:02010b41cdec/antenna/tag/e2806894000050038661fd4f, 83
1652707844.295172, sdrt-health/mac:02010b41cdec/antenna/tag/e2806894000040038662114f, 88
1652707844.295375, sdrt-health/mac:02010b41cdec/antenna/tag/e2806894000050038662154f, 88
1652707844.338849, sdrt-health/mac:02010b41cdec/antenna/tag/e2806894000040038662114f, 97
1652707844.397165, sdrt-health/mac:02010b41cdec/antenna/tag/e2806894000050038661fd4f, 86
1652707844.397668, sdrt-health/mac:02010b41cdec/antenna/tag/e2806894000050038662154f, 88
1652707844.398011, sdrt-health/mac:02010b41cdec/antenna/tag/e2806894000050038661fd4f, 86
1652707844.412073, sdrt-health/mac:02010b41cdec/antenna/tag/e2806894000050038662194f, 84
1652707844.418954, sdrt-health/mac:02010b41cdec/antenna/tag/e28068940000500386620d4f, 94
1652707844.460487, sdrt-health/mac:02010b41cdec/antenna/tag/e28068940000500386620d4f, 83
1652707844.500314, sdrt-health/mac:02010b41cdec/antenna/tag/e2806894000050038662194f, 88
1652707844.553979, sdrt-health/mac:02010b41cdec/antenna/tag/e28068940000400386621d4f, 96
1652707844.554499, sdrt-health/mac:02010b41cdec/antenna/tag/e2806894000050038661fd4f, 83
1652707844.568178, sdrt-health/mac:02010b41cdec/antenna/tag/e2806894000050038662154f, 85
1652707844.620403, sdrt-health/mac:02010b41cdec/antenna/tag/e2806894000040038662114f, 91
1652707844.672903, sdrt-health/mac:02010b41cdec/antenna/tag/e2806894000050038661fd4f, 86
1652707844.70203, sdrt-health/mac:02010b41cdec/antenna/tag/e2806894000040038662114f, 88
1652707844.702721, sdrt-health/mac:02010b41cdec/antenna/tag/e2806894000050038662154f, 88
1652707844.730679, sdrt-health/mac:02010b41cdec/antenna/tag/e2806894000040038662114f, 88
1652707844.769842, sdrt-health/mac:02010b41cdec/antenna/tag/e2806894000050038661fd4f, 83
1652707844.810641, sdrt-health/mac:02010b41cdec/antenna/tag/e2806894000040038662114f, 85
1652707844.865491, sdrt-health/mac:02010b41cdec/antenna/tag/e28068940000400386621d4f, 96
1652707844.866039, sdrt-health/mac:02010b41cdec/antenna/tag/e2806894000050038661fd4f, 83
1652707844.890498, sdrt-health/mac:02010b41cdec/antenna/tag/e28068940000500386620d4f, 83
1652707844.919211, sdrt-health/mac:02010b41cdec/antenna/tag/e2806894000040038662114f, 88
1652707844.919399, sdrt-health/mac:02010b41cdec/antenna/tag/e2806894000050038662154f, 85
1652707844.933913, sdrt-health/mac:02010b41cdec/antenna/tag/e28068940000500386620d4f, 87
1652707844.934167, sdrt-health/mac:02010b41cdec/antenna/tag/e28068940000400386621d4f, 96
1652707844.970663, sdrt-health/mac:02010b41cdec/antenna/tag/e2806894000050038662154f, 88
1652707845.011122, sdrt-health/mac:02010b41cdec/antenna/tag/e2806894000050038661fd4f, 86
1652707845.066554, sdrt-health/mac:02010b41cdec/antenna/tag/e2806894000040038662114f, 91
1652707845.067872, sdrt-health/mac:02010b41cdec/antenna/tag/e28068940000400386621d4f, 96
1652707845.092821, sdrt-health/mac:02010b41cdec/antenna/tag/e2806894000040038662054f, 81
1652707845.130515, sdrt-health/mac:02010b41cdec/antenna/tag/e2806894000040038662214f, 82
1652707845.185479, sdrt-health/mac:02010b41cdec/antenna/tag/e2806894000040038662114f, 85
1652707845.185995, sdrt-health/mac:02010b41cdec/antenna/tag/e2806894000050038662154f, 85
1652707845.210619, sdrt-health/mac:02010b41cdec/antenna/tag/e28068940000500386620d4f, 83
1652707845.264654, sdrt-health/mac:02010b41cdec/antenna/tag/e2806894000050038661fd4f, 83
1652707845.265176, sdrt-health/mac:02010b41cdec/antenna/tag/e2806894000050038661fd4f, 97
1652707845.281409, sdrt-health/mac:02010b41cdec/antenna/tag/e28068940000500386620d4f, 81
1652707845.290343, sdrt-health/mac:02010b41cdec/antenna/tag/e2806894000050038662194f, 88
1652707845.29627, sdrt-health/mac:02010b41cdec/antenna/tag/e28068940000500386620d4f, 83
1652707845.296571, sdrt-health/mac:02010b41cdec/antenna/tag/e2806894000050038662154f, 88
1652707845.330382, sdrt-health/mac:02010b41cdec/antenna/tag/e28068940000400386621d4f, 96
1652707845.370379, sdrt-health/mac:02010b41cdec/antenna/tag/e2806894000050038662194f, 81
1652707845.410673, sdrt-health/mac:02010b41cdec/antenna/tag/e2806894000050038662154f, 87
1652707845.451003, sdrt-health/mac:02010b41cdec/antenna/tag/e2806894000040038662114f, 85
1652707845.489798, sdrt-health/mac:02010b41cdec/antenna/tag/e28068940000400386621d4f, 96
1652707845.530587, sdrt-health/mac:02010b41cdec/antenna/tag/e2806894000050038662154f, 88
1652707845.571431, sdrt-health/mac:02010b41cdec/antenna/tag/e28068940000400386621d4f, 96
1652707845.625149, sdrt-health/mac:02010b41cdec/antenna/tag/e2806894000050038662154f, 91
1652707845.625714, sdrt-health/mac:02010b41cdec/antenna/tag/e2806894000050038662154f, 91
1652707845.626055, sdrt-health/mac:02010b41cdec/antenna/tag/e2806894000050038662154f, 93
1652707845.651893, sdrt-health/mac:02010b41cdec/antenna/tag/e2806894000050038662154f, 85
1652707845.691115, sdrt-health/mac:02010b41cdec/antenna/tag/e2806894000050038661fd4f, 86
1652707845.73108, sdrt-health/mac:02010b41cdec/antenna/tag/e2806894000050038662194f, 81
1652707845.770252, sdrt-health/mac:02010b41cdec/antenna/tag/e28068940000400386621d4f, 90
1652707845.809698, sdrt-health/mac:02010b41cdec/antenna/tag/e2806894000040038662114f, 88
1652707845.840545, sdrt-health/mac:02010b41cdec/antenna/tag/e2806894000050038662154f, 88
1652707845.840811, sdrt-health/mac:02010b41cdec/antenna/tag/e2806894000050038661fd4f, 86
1652707845.891349, sdrt-health/mac:02010b41cdec/antenna/tag/e2806894000050038661fd4f, 86
1652707845.930368, sdrt-health/mac:02010b41cdec/antenna/tag/e2806894000050038662154f, 88
1652707845.989214, sdrt-health/mac:02010b41cdec/antenna/tag/e2806894000050038661fd4f, 86
1652707845.989725, sdrt-health/mac:02010b41cdec/antenna/tag/e2806894000040038662114f, 91
1652707846.004683, sdrt-health/mac:02010b41cdec/antenna/tag/e2806894000050038662194f, 81
1652707846.036291, sdrt-health/mac:02010b41cdec/antenna/tag/e2806894000040038662114f, 91
1652707846.036736, sdrt-health/mac:02010b41cdec/antenna/tag/e2806894000040038662114f, 88
1652707846.081997, sdrt-health/mac:02010b41cdec/antenna/tag/e2806894000050038662154f, 88
1652707846.172093, sdrt-health/mac:02010b41cdec/antenna/tag/e2806894000050038662154f, 88
1652707846.21184, sdrt-health/mac:02010b41cdec/antenna/tag/e28068940000400386621d4f, 96
1652707846.268708, sdrt-health/mac:02010b41cdec/antenna/tag/e2806894000050038662154f, 88
1652707846.311584, sdrt-health/mac:02010b41cdec/antenna/tag/e2806894000050038661fd4f, 86
1652707846.350834, sdrt-health/mac:02010b41cdec/antenna/tag/e28068940000400386621d4f, 90
1652707846.447231, sdrt-health/mac:02010b41cdec/antenna/tag/e2806894000050038661fd4f, 86
1652707846.447751, sdrt-health/mac:02010b41cdec/antenna/tag/e2806894000050038662194f, 81
1652707846.47851, sdrt-health/mac:02010b41cdec/antenna/tag/e2806894000050038662154f, 85
1652707846.510078, sdrt-health/mac:02010b41cdec/antenna/tag/e2806894000040038662114f, 88
1652707846.510401, sdrt-health/mac:02010b41cdec/antenna/tag/e28068940000400386621d4f, 96
1652707846.523888, sdrt-health/mac:02010b41cdec/antenna/tag/e2806894000050038661fd4f, 83
1652707846.560808, sdrt-health/mac:02010b41cdec/antenna/tag/e2806894000050038661fd4f, 83
1652707846.590967, sdrt-health/mac:02010b41cdec/antenna/tag/e28068940000400386621d4f, 90
1652707846.59126, sdrt-health/mac:02010b41cdec/antenna/tag/e28068940000400386621d4f, 90
1652707846.591475, sdrt-health/mac:02010b41cdec/antenna/tag/e28068940000500386620d4f, 83
1652707846.607595, sdrt-health/mac:02010b41cdec/antenna/tag/e28068940000400386621d4f, 90
1652707846.607826, sdrt-health/mac:02010b41cdec/antenna/tag/e28068940000500386620d4f, 81
1652707846.64071, sdrt-health/mac:02010b41cdec/antenna/tag/e28068940000400386621d4f, 90
1652707846.681705, sdrt-health/mac:02010b41cdec/antenna/tag/e2806894000050038662194f, 83
1652707846.735113, sdrt-health/mac:02010b41cdec/antenna/tag/e28068940000400386621d4f, 96
1652707846.735591, sdrt-health/mac:02010b41cdec/antenna/tag/e2806894000050038661fd4f, 83
1652707846.75066, sdrt-health/mac:02010b41cdec/antenna/tag/e2806894000050038662154f, 85
1652707846.761738, sdrt-health/mac:02010b41cdec/antenna/tag/e2806894000040038662114f, 88
1652707846.820555, sdrt-health/mac:02010b41cdec/antenna/tag/e2806894000040038662114f, 85
1652707846.85966, sdrt-health/mac:02010b41cdec/antenna/tag/e2806894000050038662154f, 88
1652707846.916409, sdrt-health/mac:02010b41cdec/antenna/tag/e2806894000050038662154f, 88
1652707846.916674, sdrt-health/mac:02010b41cdec/antenna/tag/e28068940000400386621d4f, 96
1652707846.940521, sdrt-health/mac:02010b41cdec/antenna/tag/e2806894000050038661fd4f, 83
1652707847.006323, sdrt-health/mac:02010b41cdec/antenna/tag/e2806894000050038662154f, 88
1652707847.006521, sdrt-health/mac:02010b41cdec/antenna/tag/e28068940000500386620d4f, 83
1652707847.031592, sdrt-health/mac:02010b41cdec/antenna/tag/e28068940000500386620d4f, 83
1652707847.069763, sdrt-health/mac:02010b41cdec/antenna/tag/e2806894000040038662114f, 85
1652707847.118267, sdrt-health/mac:02010b41cdec/antenna/tag/e28068940000400386621d4f, 90
1652707847.146762, sdrt-health/mac:02010b41cdec/antenna/tag/e2806894000040038662114f, 91
1652707847.147145, sdrt-health/mac:02010b41cdec/antenna/tag/e2806894000050038661fd4f, 86
1652707847.161051, sdrt-health/mac:02010b41cdec/antenna/tag/e28068940000400386621d4f, 96
1652707847.200865, sdrt-health/mac:02010b41cdec/antenna/tag/e2806894000050038661fd4f, 86
1652707847.254013, sdrt-health/mac:02010b41cdec/antenna/tag/e2806894000040038662114f, 91
1652707847.254248, sdrt-health/mac:02010b41cdec/antenna/tag/e2806894000050038661fd4f, 86
1652707847.269177, sdrt-health/mac:02010b41cdec/antenna/tag/e28068940000500386620d4f, 81
1652707847.433433, sdrt-health/mac:02010b41cdec/antenna/tag/scan, scan stopped
