1652707693.88088, sdrt-health/mac:02010b41cdec/antenna/power/set, {"power": 290}
1652707694.942941, sdrt-health/mac:02010b41cdec/antenna/power/set, 
1652707698.904286, sdrt-health/mac:02010b41cdec/antenna/tag/scan, {"time": 20000}
1652707699.241558, sdrt-health/mac:02010b41cdec/antenna/tag/e2806894000050038662154f, 91
1652707699.282451, sdrt-health/mac:02010b41cdec/antenna/tag/e2806894000040038662214f, 94
1652707699.321841, sdrt-health/mac:02010b41cdec/antenna/tag/e2806894000050038662154f, 85
1652707699.376158, sdrt-health/mac:02010b41cdec/antenna/tag/e28068940000500386620d4f, 81
1652707699.376679, sdrt-health/mac:02010b41cdec/antenna/tag/e2806894000040038662114f, 85
1652707699.401087, sdrt-health/mac:02010b41cdec/antenna/tag/e2806894000040038662114f, 85
1652707699.461889, sdrt-health/mac:02010b41cdec/antenna/tag/e2806894000050038662154f, 91
1652707699.501804, sdrt-health/mac:02010b41cdec/antenna/tag/e2806894000050038661fd4f, 86
1652707699.566622, sdrt-health/mac:02010b41cdec/antenna/tag/e28068940000400386621d4f, 96
1652707699.567196, sdrt-health/mac:02010b41cdec/antenna/tag/e28068940000500386620d4f, 94
1652707699.590612, sdrt-health/mac:02010b41cdec/antenna/tag/e2806894000040038662114f, 88
1652707699.630897, sdrt-health/mac:02010b41cdec/antenna/tag/e2806894000050038662154f, 91
1652707699.679903, sdrt-health/mac:02010b41cdec/antenna/tag/e2806894000050038662154f, 88
1652707699.720659, sdrt-health/mac:02010b41cdec/antenna/tag/e2806894000050038661fd4f, 86
1652707699.760502, sdrt-health/mac:02010b41cdec/antenna/tag/e2806894000040038662114f, 88
1652707699.799489, sdrt-health/mac:02010b41cdec/antenna/tag/e2806894000040038662114f, 88
1652707699.840202, sdrt-health/mac:02010b41cdec/antenna/tag/e2806894000050038662194f, 81
1652707699.881354, sdrt-health/mac:02010b41cdec/antenna/tag/e2806894000050038661fd4f, 83
1652707699.970946, sdrt-health/mac:02010b41cdec/antenna/tag/e2806894000050038662154f, 91
1652707700.04004, sdrt-health/mac:02010b41cdec/antenna/tag/e2806894000050038661fd4f, 86
1652707700.06982, sdrt-health/mac:02010b41cdec/antenna/tag/e28068940000500386620d4f, 83
1652707700.070295, sdrt-health/mac:02010b41cdec/antenna/tag/e2806894000040038662114f, 88
1652707700.085467, sdrt-health/mac:02010b41cdec/antenna/tag/e2806894000040038662114f, 91
1652707700.085975, sdrt-health/mac:02010b41cdec/antenna/tag/e28068940000500386620d4f, 83
1652707700.086431, sdrt-health/mac:02010b41cdec/antenna/tag/e2806894000050038661fd4f, 86
1652707700.119449, sdrt-health/mac:02010b41cdec/antenna/tag/e28068940000500386620d4f, 88
1652707700.16089, sdrt-health/mac:02010b41cdec/antenna/tag/e28068940000400386621d4f, 96
1652707700.231041, sdrt-health/mac:02010b41cdec/antenna/tag/e28068940000500386620d4f, 81
1652707700.272977, sdrt-health/mac:02010b41cdec/antenna/tag/e2806894000050038662154f, 88
1652707700.326184, sdrt-health/mac:02010b41cdec/antenna/tag/e28068940000400386621d4f, 96
1652707700.326709, sdrt-health/mac:02010b41cdec/antenna/tag/e2806894000050038662194f, 81
1652707700.350725, sdrt-health/mac:02010b41cdec/antenna/tag/e2806894000050038661fd4f, 83
1652707700.382777, sdrt-health/mac:02010b41cdec/antenna/tag/e2806894000040038662214f, 82
1652707700.383078, sdrt-health/mac:02010b41cdec/antenna/tag/e2806894000040038661f94f, 81
1652707700.383544, sdrt-health/mac:02010b41cdec/antenna/tag/e2806894000050038662194f, 82
1652707700.396844, sdrt-health/mac:02010b41cdec/antenna/tag/e2806894000040038661f94f, 82
1652707700.431182, sdrt-health/mac:02010b41cdec/antenna/tag/e2806894000040038662114f, 88
1652707700.470389, sdrt-health/mac:02010b41cdec/antenna/tag/e2806894000050038661fd4f, 86
1652707700.525377, sdrt-health/mac:02010b41cdec/antenna/tag/e28068940000400386621d4f, 96
1652707700.525588, sdrt-health/mac:02010b41cdec/antenna/tag/e2806894000040038662114f, 88
1652707700.539565, sdrt-health/mac:02010b41cdec/antenna/tag/e28068940000400386621d4f, 96
1652707700.551416, sdrt-health/mac:02010b41cdec/antenna/tag/e2806894000050038662154f, 97
1652707700.553584, sdrt-health/mac:02010b41cdec/antenna/tag/e28068940000400386621d4f, 77
1652707700.612055, sdrt-health/mac:02010b41cdec/antenna/tag/e2806894000040038662114f, 85
1652707700.641063, sdrt-health/mac:02010b41cdec/antenna/tag/e28068940000400386621d4f, 96
1652707700.641388, sdrt-health/mac:02010b41cdec/antenna/tag/e2806894000050038661fd4f, 86
1652707700.641611, sdrt-health/mac:02010b41cdec/antenna/tag/e2806894000050038661fd4f, 86
1652707700.76172, sdrt-health/mac:02010b41cdec/antenna/tag/e2806894000040038662114f, 88
1652707700.791033, sdrt-health/mac:02010b41cdec/antenna/tag/e2806894000050038661fd4f, 86
1652707700.791358, sdrt-health/mac:02010b41cdec/antenna/tag/e28068940000400386621d4f, 96
1652707700.791567, sdrt-health/mac:02010b41cdec/antenna/tag/e2806894000050038662194f, 81
1652707700.791767, sdrt-health/mac:02010b41cdec/antenna/tag/e2806894000050038662194f, 81
1652707700.804787, sdrt-health/mac:02010b41cdec/antenna/tag/e2806894000040038662114f, 91
1652707700.804991, sdrt-health/mac:02010b41cdec/antenna/tag/e2806894000050038662154f, 88
1652707700.850237, sdrt-health/mac:02010b41cdec/antenna/tag/e2806894000050038661fd4f, 86
1652707700.892753, sdrt-health/mac:02010b41cdec/antenna/tag/e28068940000400386621d4f, 77
1652707700.991144, sdrt-health/mac:02010b41cdec/antenna/tag/e28068940000500386620d4f, 84
1652707701.020534, sdrt-health/mac:02010b41cdec/antenna/tag/e2806894000050038662154f, 88
1652707701.021048, sdrt-health/mac:02010b41cdec/antenna/tag/e2806894000050038662154f, 85
1652707701.033631, sdrt-health/mac:02010b41cdec/antenna/tag/e2806894000050038662154f, 88
1652707701.033924, sdrt-health/mac:02010b41cdec/antenna/tag/e28068940000500386620d4f, 88
1652707701.034134, sdrt-health/mac:02010b41cdec/antenna/tag/e2806894000040038662114f, 91
1652707701.034333, sdrt-health/mac:02010b41cdec/antenna/tag/e2806894000050038662194f, 81
1652707701.034826, sdrt-health/mac:02010b41cdec/antenna/tag/e28068940000500386620d4f, 81
1652707701.07064, sdrt-health/mac:02010b41cdec/antenna/tag/e2806894000050038662154f, 88
1652707701.109279, sdrt-health/mac:02010b41cdec/antenna/tag/e2806894000050038662154f, 88
1652707701.109664, sdrt-health/mac:02010b41cdec/antenna/tag/e2806894000050038661fd4f, 90
1652707701.15262, sdrt-health/mac:02010b41cdec/antenna/tag/e2806894000040038662114f, 88
1652707701.163709, sdrt-health/mac:02010b41cdec/antenna/tag/e28068940000400386621d4f, 90
1652707701.203878, sdrt-health/mac:02010b41cdec/antenna/tag/e2806894000040038662114f, 88
1652707701.303762, sdrt-health/mac:02010b41cdec/antenna/tag/e2806894000050038662154f, 91
1652707701.30433, sdrt-health/mac:02010b41cdec/antenna/tag/e2806894000050038661fd4f, 86
1652707701.304684, sdrt-health/mac:02010b41cdec/antenna/tag/e28068940000400386621d4f, 96
1652707701.305048, sdrt-health/mac:02010b41cdec/antenna/tag/e2806894000050038662154f, 88
1652707701.331198, sdrt-health/mac:02010b41cdec/antenna/tag/e28068940000500386620d4f, 83
1652707701.391607, sdrt-health/mac:02010b41cdec/antenna/tag/e2806894000050038662154f, 91
1652707701.392144, sdrt-health/mac:02010b41cdec/antenna/tag/e2806894000040038662114f, 88
1652707701.405285, sdrt-health/mac:02010b41cdec/antenna/tag/e2806894000050038661fd4f, 83
1652707701.410553, sdrt-health/mac:02010b41cdec/antenna/tag/e28068940000400386621d4f, 96
1652707701.511276, sdrt-health/mac:02010b41cdec/antenna/tag/e28068940000500386620d4f, 83
1652707701.583457, sdrt-health/mac:02010b41cdec/antenna/tag/e2806894000050038661fd4f, 83
1652707701.636916, sdrt-health/mac:02010b41cdec/antenna/tag/e2806894000050038662154f, 91
1652707701.637427, sdrt-health/mac:02010b41cdec/antenna/tag/e2806894000050038661fd4f, 86
1652707701.637799, sdrt-health/mac:02010b41cdec/antenna/tag/e2806894000040038662214f, 94
1652707701.660489, sdrt-health/mac:02010b41cdec/antenna/tag/e2806894000040038662114f, 88
1652707701.700956, sdrt-health/mac:02010b41cdec/antenna/tag/e28068940000500386620d4f, 83
1652707701.740585, sdrt-health/mac:02010b41cdec/antenna/tag/e28068940000500386620d4f, 87
1652707701.7796, sdrt-health/mac:02010b41cdec/antenna/tag/e28068940000500386620d4f, 81
1652707701.810394, sdrt-health/mac:02010b41cdec/antenna/tag/e2806894000050038661fd4f, 86
1652707701.810694, sdrt-health/mac:02010b41cdec/antenna/tag/e28068940000400386621d4f, 77
1652707701.822659, sdrt-health/mac:02010b41cdec/antenna/tag/e28068940000500386620d4f, 94
1652707701.860752, sdrt-health/mac:02010b41cdec/antenna/tag/e2806894000050038661fd4f, 83
1652707701.899865, sdrt-health/mac:02010b41cdec/antenna/tag/e2806894000050038662194f, 81
1652707701.940897, sdrt-health/mac:02010b41cdec/antenna/tag/e28068940000400386621d4f, 96
1652707701.981414, sdrt-health/mac:02010b41cdec/antenna/tag/e2806894000050038662154f, 88
1652707702.012541, sdrt-health/mac:02010b41cdec/antenna/tag/e28068940000500386620d4f, 88
1652707702.012759, sdrt-health/mac:02010b41cdec/antenna/tag/e2806894000050038662194f, 81
1652707702.026827, sdrt-health/mac:02010b41cdec/antenna/tag/e28068940000500386620d4f, 81
1652707702.061672, sdrt-health/mac:02010b41cdec/antenna/tag/e2806894000050038662194f, 81
1652707702.101223, sdrt-health/mac:02010b41cdec/antenna/tag/e2806894000050038662154f, 85
1652707702.150995, sdrt-health/mac:02010b41cdec/antenna/tag/e2806894000050038661fd4f, 86
1652707702.191599, sdrt-health/mac:02010b41cdec/antenna/tag/e2806894000050038662154f, 88
1652707702.229852, sdrt-health/mac:02010b41cdec/antenna/tag/e2806894000050038662154f, 88
1652707702.258214, sdrt-health/mac:02010b41cdec/antenna/tag/e28068940000500386620d4f, 88
1652707702.258422, sdrt-health/mac:02010b41cdec/antenna/tag/e2806894000040038662114f, 88
1652707702.275129, sdrt-health/mac:02010b41cdec/antenna/tag/e2806894000040038662114f, 91
1652707702.311516, sdrt-health/mac:02010b41cdec/antenna/tag/e2806894000050038662194f, 94
1652707702.35048, sdrt-health/mac:02010b41cdec/antenna/tag/e2806894000050038661fd4f, 86
1652707702.379898, sdrt-health/mac:02010b41cdec/antenna/tag/e28068940000400386621d4f, 96
1652707702.380201, sdrt-health/mac:02010b41cdec/antenna/tag/e2806894000050038662154f, 88
1652707702.394927, sdrt-health/mac:02010b41cdec/antenna/tag/e28068940000400386621d4f, 90
1652707702.431342, sdrt-health/mac:02010b41cdec/antenna/tag/e28068940000400386621d4f, 77
1652707702.470563, sdrt-health/mac:02010b41cdec/antenna/tag/e2806894000050038661fd4f, 86
1652707702.511106, sdrt-health/mac:02010b41cdec/antenna/tag/e28068940000500386620d4f, 87
1652707702.564594, sdrt-health/mac:02010b41cdec/antenna/tag/e2806894000040038662114f, 88
1652707702.565066, sdrt-health/mac:02010b41cdec/antenna/tag/e2806894000040038662114f, 88
1652707702.578539, sdrt-health/mac:02010b41cdec/antenna/tag/e2806894000040038662114f, 88
1652707702.591665, sdrt-health/mac:02010b41cdec/antenna/tag/e28068940000500386620d4f, 81
1652707702.593684, sdrt-health/mac:02010b41cdec/antenna/tag/e2806894000050038662154f, 88
1652707702.631597, sdrt-health/mac:02010b41cdec/antenna/tag/e2806894000050038661fd4f, 90
1652707702.686676, sdrt-health/mac:02010b41cdec/antenna/tag/e2806894000050038661fd4f, 86
1652707702.687266, sdrt-health/mac:02010b41cdec/antenna/tag/e28068940000500386620d4f, 81
1652707702.710575, sdrt-health/mac:02010b41cdec/antenna/tag/e2806894000050038661fd4f, 86
1652707702.766087, sdrt-health/mac:02010b41cdec/antenna/tag/e2806894000040038662114f, 97
1652707702.766771, sdrt-health/mac:02010b41cdec/antenna/tag/e28068940000400386621d4f, 96
1652707702.780958, sdrt-health/mac:02010b41cdec/antenna/tag/e2806894000050038661fd4f, 86
1652707702.791176, sdrt-health/mac:02010b41cdec/antenna/tag/e2806894000050038662154f, 88
1652707702.830163, sdrt-health/mac:02010b41cdec/antenna/tag/e2806894000040038662114f, 88
1652707702.884569, sdrt-health/mac:02010b41cdec/antenna/tag/e2806894000050038662154f, 88
1652707702.885082, sdrt-health/mac:02010b41cdec/antenna/tag/e2806894000040038662114f, 88
1652707702.89984, sdrt-health/mac:02010b41cdec/antenna/tag/e2806894000050038662154f, 88
1652707702.919033, sdrt-health/mac:02010b41cdec/antenna/tag/e28068940000400386621d4f, 96
1652707702.961051, sdrt-health/mac:02010b41cdec/antenna/tag/e2806894000050038662154f, 91
1652707703.001407, sdrt-health/mac:02010b41cdec/antenna/tag/e28068940000500386620d4f, 83
1652707703.042755, sdrt-health/mac:02010b41cdec/antenna/tag/e28068940000400386621d4f, 96
1652707703.08107, sdrt-health/mac:02010b41cdec/antenna/tag/e2806894000050038662194f, 81
1652707703.143499, sdrt-health/mac:02010b41cdec/antenna/tag/e2806894000040038662114f, 88
1652707703.143736, sdrt-health/mac:02010b41cdec/antenna/tag/e2806894000050038662194f, 94
1652707703.157951, sdrt-health/mac:02010b41cdec/antenna/tag/e2806894000050038661fd4f, 83
1652707703.170469, sdrt-health/mac:02010b41cdec/antenna/tag/e2806894000050038662154f, 88
1652707703.172729, sdrt-health/mac:02010b41cdec/antenna/tag/e28068940000500386620d4f, 83
1652707703.209883, sdrt-health/mac:02010b41cdec/antenna/tag/e2806894000050038662154f, 91
1652707703.260924, sdrt-health/mac:02010b41cdec/antenna/tag/e2806894000050038662154f, 91
1652707703.309071, sdrt-health/mac:02010b41cdec/antenna/tag/e2806894000040038662114f, 85
1652707703.363896, sdrt-health/mac:02010b41cdec/antenna/tag/e2806894000050038661fd4f, 86
1652707703.391674, sdrt-health/mac:02010b41cdec/antenna/tag/e28068940000500386620d4f, 83
1652707703.392116, sdrt-health/mac:02010b41cdec/antenna/tag/e2806894000040038662114f, 88
1652707703.392407, sdrt-health/mac:02010b41cdec/antenna/tag/e2806894000050038661fd4f, 83
1652707703.406506, sdrt-health/mac:02010b41cdec/antenna/tag/e28068940000500386620d4f, 83
1652707703.406797, sdrt-health/mac:02010b41cdec/antenna/tag/e28068940000500386620d4f, 81
1652707703.481149, sdrt-health/mac:02010b41cdec/antenna/tag/e28068940000400386621d4f, 96
1652707703.519609, sdrt-health/mac:02010b41cdec/antenna/tag/e2806894000040038662114f, 88
1652707703.574854, sdrt-health/mac:02010b41cdec/antenna/tag/e2806894000050038661fd4f, 86
1652707703.575377, sdrt-health/mac:02010b41cdec/antenna/tag/e2806894000040038662114f, 88
1652707703.589376, sdrt-health/mac:02010b41cdec/antenna/tag/e2806894000050038662154f, 91
1652707703.599399, sdrt-health/mac:02010b41cdec/antenna/tag/e28068940000400386621d4f, 90
1652707703.604074, sdrt-health/mac:02010b41cdec/antenna/tag/e28068940000400386621d4f, 90
1652707703.640446, sdrt-health/mac:02010b41cdec/antenna/tag/e2806894000040038662114f, 88
1652707703.711734, sdrt-health/mac:02010b41cdec/antenna/tag/e2806894000050038662194f, 81
1652707703.772692, sdrt-health/mac:02010b41cdec/antenna/tag/e2806894000050038662154f, 88
1652707703.830115, sdrt-health/mac:02010b41cdec/antenna/tag/e28068940000400386621d4f, 96
1652707703.830568, sdrt-health/mac:02010b41cdec/antenna/tag/e2806894000050038662194f, 94
1652707703.852085, sdrt-health/mac:02010b41cdec/antenna/tag/e2806894000050038662154f, 91
1652707703.907766, sdrt-health/mac:02010b41cdec/antenna/tag/e28068940000400386621d4f, 77
1652707703.908191, sdrt-health/mac:02010b41cdec/antenna/tag/e2806894000050038662154f, 88
1652707703.960838, sdrt-health/mac:02010b41cdec/antenna/tag/e28068940000500386620d4f, 83
1652707704.010428, sdrt-health/mac:02010b41cdec/antenna/tag/e2806894000050038661fd4f, 83
1652707704.066122, sdrt-health/mac:02010b41cdec/antenna/tag/e2806894000050038662154f, 88
1652707704.066396, sdrt-health/mac:02010b41cdec/antenna/tag/e2806894000050038661fd4f, 83
1652707704.080457, sdrt-health/mac:02010b41cdec/antenna/tag/e28068940000500386620d4f, 81
1652707704.090115, sdrt-health/mac:02010b41cdec/antenna/tag/e2806894000040038662114f, 85
1652707704.138123, sdrt-health/mac:02010b41cdec/antenna/tag/e2806894000050038661fd4f, 86
1652707704.167575, sdrt-health/mac:02010b41cdec/antenna/tag/e2806894000050038662154f, 97
1652707704.167931, sdrt-health/mac:02010b41cdec/antenna/tag/e2806894000040038662114f, 85
1652707704.192972, sdrt-health/mac:02010b41cdec/antenna/tag/e2806894000050038662154f, 91
1652707704.193151, sdrt-health/mac:02010b41cdec/antenna/tag/e28068940000400386621d4f, 77
1652707704.193284, sdrt-health/mac:02010b41cdec/antenna/tag/e2806894000050038661fd4f, 86
1652707704.271048, sdrt-health/mac:02010b41cdec/antenna/tag/e2806894000040038662114f, 88
1652707704.321029, sdrt-health/mac:02010b41cdec/antenna/tag/e2806894000040038662114f, 91
1652707704.353136, sdrt-health/mac:02010b41cdec/antenna/tag/e2806894000040038662114f, 91
1652707704.353519, sdrt-health/mac:02010b41cdec/antenna/tag/e2806894000050038662194f, 81
1652707704.393749, sdrt-health/mac:02010b41cdec/antenna/tag/e2806894000050038661fd4f, 83
1652707704.431653, sdrt-health/mac:02010b41cdec/antenna/tag/e2806894000040038662114f, 88
1652707704.470525, sdrt-health/mac:02010b41cdec/antenna/tag/e2806894000050038661fd4f, 83
1652707704.547177, sdrt-health/mac:02010b41cdec/antenna/tag/e2806894000050038662154f, 91
1652707704.547641, sdrt-health/mac:02010b41cdec/antenna/tag/e28068940000400386621d4f, 96
1652707704.562298, sdrt-health/mac:02010b41cdec/antenna/tag/e2806894000040038662114f, 88
1652707704.585409, sdrt-health/mac:02010b41cdec/antenna/tag/e2806894000040038662114f, 88
1652707704.638262, sdrt-health/mac:02010b41cdec/antenna/tag/e2806894000040038662114f, 88
1652707704.68194, sdrt-health/mac:02010b41cdec/antenna/tag/e2806894000040038662114f, 85
1652707704.72044, sdrt-health/mac:02010b41cdec/antenna/tag/e2806894000050038662154f, 91
1652707704.720769, sdrt-health/mac:02010b41cdec/antenna/tag/e2806894000050038661fd4f, 86
1652707704.721001, sdrt-health/mac:02010b41cdec/antenna/tag/e2806894000050038662154f, 91
1652707704.737647, sdrt-health/mac:02010b41cdec/antenna/tag/e2806894000040038662114f, 85
1652707704.771491, sdrt-health/mac:02010b41cdec/antenna/tag/e2806894000040038662114f, 91
1652707704.811777, sdrt-health/mac:02010b41cdec/antenna/tag/e2806894000050038662154f, 88
1652707704.88032, sdrt-health/mac:02010b41cdec/antenna/tag/e2806894000040038662114f, 88
1652707704.88084, sdrt-health/mac:02010b41cdec/antenna/tag/e2806894000050038662154f, 88
1652707704.881182, sdrt-health/mac:02010b41cdec/antenna/tag/e2806894000050038661fd4f, 83
1652707704.891975, sdrt-health/mac:02010b41cdec/antenna/tag/e2806894000040038662214f, 94
1652707704.93019, sdrt-health/mac:02010b41cdec/antenna/tag/e2806894000040038661f94f, 84
1652707704.972419, sdrt-health/mac:02010b41cdec/antenna/tag/e28068940000400386621d4f, 77
1652707705.046393, sdrt-health/mac:02010b41cdec/antenna/tag/e2806894000040038662114f, 88
1652707705.046947, sdrt-health/mac:02010b41cdec/antenna/tag/e28068940000500386620d4f, 81
1652707705.047442, sdrt-health/mac:02010b41cdec/antenna/tag/e28068940000400386621d4f, 77
1652707705.062285, sdrt-health/mac:02010b41cdec/antenna/tag/e2806894000050038661fd4f, 83
1652707705.062638, sdrt-health/mac:02010b41cdec/antenna/tag/e2806894000050038662154f, 88
1652707705.062874, sdrt-health/mac:02010b41cdec/antenna/tag/e28068940000400386621d4f, 96
1652707705.091716, sdrt-health/mac:02010b41cdec/antenna/tag/e2806894000050038662154f, 91
1652707705.159149, sdrt-health/mac:02010b41cdec/antenna/tag/e2806894000050038661fd4f, 86
1652707705.222745, sdrt-health/mac:02010b41cdec/antenna/tag/e2806894000050038661fd4f, 90
1652707705.265787, sdrt-health/mac:02010b41cdec/antenna/tag/e2806894000050038661fd4f, 86
1652707705.302286, sdrt-health/mac:02010b41cdec/antenna/tag/e28068940000500386620d4f, 94
1652707705.387944, sdrt-health/mac:02010b41cdec/antenna/tag/e28068940000400386621d4f, 90
1652707705.388446, sdrt-health/mac:02010b41cdec/antenna/tag/e2806894000040038662114f, 88
1652707705.388794, sdrt-health/mac:02010b41cdec/antenna/tag/e2806894000050038662154f, 85
1652707705.434451, sdrt-health/mac:02010b41cdec/antenna/tag/e28068940000500386620d4f, 81
1652707705.504671, sdrt-health/mac:02010b41cdec/antenna/tag/e2806894000050038662154f, 85
1652707705.538997, sdrt-health/mac:02010b41cdec/antenna/tag/e2806894000050038662154f, 85
1652707705.539533, sdrt-health/mac:02010b41cdec/antenna/tag/e2806894000040038662214f, 94
1652707705.57364, sdrt-health/mac:02010b41cdec/antenna/tag/e2806894000050038662194f, 83
1652707705.611944, sdrt-health/mac:02010b41cdec/antenna/tag/e2806894000050038662194f, 81
1652707705.660652, sdrt-health/mac:02010b41cdec/antenna/tag/e2806894000040038662114f, 88
1652707705.66103, sdrt-health/mac:02010b41cdec/antenna/tag/e2806894000050038662194f, 94
1652707705.66131, sdrt-health/mac:02010b41cdec/antenna/tag/e2806894000040038662114f, 85
1652707705.661602, sdrt-health/mac:02010b41cdec/antenna/tag/e28068940000400386621d4f, 96
1652707705.681101, sdrt-health/mac:02010b41cdec/antenna/tag/e2806894000040038662114f, 88
1652707705.738557, sdrt-health/mac:02010b41cdec/antenna/tag/e28068940000400386621d4f, 96
1652707705.738938, sdrt-health/mac:02010b41cdec/antenna/tag/e2806894000040038662114f, 85
1652707705.753314, sdrt-health/mac:02010b41cdec/antenna/tag/e2806894000050038661fd4f, 83
1652707705.753519, sdrt-health/mac:02010b41cdec/antenna/tag/e2806894000050038662154f, 97
1652707705.753646, sdrt-health/mac:02010b41cdec/antenna/tag/e28068940000400386621d4f, 96
1652707705.770548, sdrt-health/mac:02010b41cdec/antenna/tag/e28068940000400386621d4f, 77
1652707705.812325, sdrt-health/mac:02010b41cdec/antenna/tag/e28068940000400386621d4f, 96
1652707705.867445, sdrt-health/mac:02010b41cdec/antenna/tag/e28068940000500386620d4f, 83
1652707705.8679, sdrt-health/mac:02010b41cdec/antenna/tag/e2806894000050038662194f, 88
1652707705.882953, sdrt-health/mac:02010b41cdec/antenna/tag/e2806894000040038661f94f, 88
1652707705.891647, sdrt-health/mac:02010b41cdec/antenna/tag/e28068940000500386620d4f, 83
1652707705.932582, sdrt-health/mac:02010b41cdec/antenna/tag/e2806894000040038662114f, 88
1652707705.98055, sdrt-health/mac:02010b41cdec/antenna/tag/e2806894000050038661fd4f, 86
1652707706.036834, sdrt-health/mac:02010b41cdec/antenna/tag/e2806894000050038662194f, 81
1652707706.037424, sdrt-health/mac:02010b41cdec/antenna/tag/e2806894000040038662114f, 88
1652707706.052727, sdrt-health/mac:02010b41cdec/antenna/tag/e2806894000050038661fd4f, 86
1652707706.061651, sdrt-health/mac:02010b41cdec/antenna/tag/e2806894000050038661fd4f, 86
1652707706.068487, sdrt-health/mac:02010b41cdec/antenna/tag/e2806894000050038662154f, 91
1652707706.113802, sdrt-health/mac:02010b41cdec/antenna/tag/e28068940000400386621d4f, 96
1652707706.164561, sdrt-health/mac:02010b41cdec/antenna/tag/e2806894000040038662114f, 88
1652707706.164924, sdrt-health/mac:02010b41cdec/antenna/tag/e2806894000050038662154f, 91
1652707706.165305, sdrt-health/mac:02010b41cdec/antenna/tag/e28068940000400386621d4f, 96
1652707706.192831, sdrt-health/mac:02010b41cdec/antenna/tag/e28068940000400386621d4f, 96
1652707706.239794, sdrt-health/mac:02010b41cdec/antenna/tag/e28068940000400386621d4f, 96
1652707706.294194, sdrt-health/mac:02010b41cdec/antenna/tag/e2806894000040038662114f, 88
1652707706.294666, sdrt-health/mac:02010b41cdec/antenna/tag/e28068940000500386620d4f, 81
1652707706.310252, sdrt-health/mac:02010b41cdec/antenna/tag/e2806894000050038661fd4f, 86
1652707706.329646, sdrt-health/mac:02010b41cdec/antenna/tag/e2806894000050038661fd4f, 86
1652707706.359069, sdrt-health/mac:02010b41cdec/antenna/tag/e28068940000500386620d4f, 83
1652707706.359485, sdrt-health/mac:02010b41cdec/antenna/tag/e28068940000500386620d4f, 83
1652707706.374304, sdrt-health/mac:02010b41cdec/antenna/tag/e2806894000040038662114f, 88
1652707706.374564, sdrt-health/mac:02010b41cdec/antenna/tag/e28068940000400386621d4f, 96
1652707706.410565, sdrt-health/mac:02010b41cdec/antenna/tag/e2806894000050038662154f, 88
1652707706.451607, sdrt-health/mac:02010b41cdec/antenna/tag/e2806894000050038662154f, 88
1652707706.490583, sdrt-health/mac:02010b41cdec/antenna/tag/e2806894000040038662114f, 88
1652707706.5185, sdrt-health/mac:02010b41cdec/antenna/tag/e2806894000050038661fd4f, 86
1652707706.518811, sdrt-health/mac:02010b41cdec/antenna/tag/e2806894000050038662154f, 88
1652707706.53347, sdrt-health/mac:02010b41cdec/antenna/tag/e2806894000050038661fd4f, 86
1652707706.570331, sdrt-health/mac:02010b41cdec/antenna/tag/e2806894000050038661fd4f, 86
1652707706.618308, sdrt-health/mac:02010b41cdec/antenna/tag/e2806894000050038661fd4f, 86
1652707706.67551, sdrt-health/mac:02010b41cdec/antenna/tag/e2806894000040038662114f, 91
1652707706.675902, sdrt-health/mac:02010b41cdec/antenna/tag/e2806894000050038661fd4f, 86
1652707706.689408, sdrt-health/mac:02010b41cdec/antenna/tag/e28068940000500386620d4f, 81
1652707706.717753, sdrt-health/mac:02010b41cdec/antenna/tag/e28068940000500386620d4f, 88
1652707706.718184, sdrt-health/mac:02010b41cdec/antenna/tag/e28068940000500386620d4f, 83
1652707706.741681, sdrt-health/mac:02010b41cdec/antenna/tag/e2806894000050038661fd4f, 83
1652707706.782981, sdrt-health/mac:02010b41cdec/antenna/tag/e2806894000040038662114f, 85
1652707706.832502, sdrt-health/mac:02010b41cdec/antenna/tag/e2806894000040038662214f, 81
1652707706.870102, sdrt-health/mac:02010b41cdec/antenna/tag/e2806894000040038662114f, 85
1652707706.870544, sdrt-health/mac:02010b41cdec/antenna/tag/e28068940000400386621d4f, 96
1652707706.870857, sdrt-health/mac:02010b41cdec/antenna/tag/e2806894000050038662154f, 85
1652707706.910532, sdrt-health/mac:02010b41cdec/antenna/tag/e2806894000040038661f94f, 94
1652707706.983873, sdrt-health/mac:02010b41cdec/antenna/tag/e2806894000050038661fd4f, 83
1652707706.984328, sdrt-health/mac:02010b41cdec/antenna/tag/e2806894000050038662154f, 91
1652707707.042781, sdrt-health/mac:02010b41cdec/antenna/tag/e28068940000400386621d4f, 96
1652707707.090933, sdrt-health/mac:02010b41cdec/antenna/tag/e2806894000040038662114f, 88
1652707707.13223, sdrt-health/mac:02010b41cdec/antenna/tag/e2806894000040038662114f, 85
1652707707.163925, sdrt-health/mac:02010b41cdec/antenna/tag/e28068940000400386621d4f, 96
1652707707.164402, sdrt-health/mac:02010b41cdec/antenna/tag/e2806894000050038662154f, 88
1652707707.178028, sdrt-health/mac:02010b41cdec/antenna/tag/e2806894000040038662114f, 88
1652707707.281201, sdrt-health/mac:02010b41cdec/antenna/tag/e2806894000040038662114f, 91
1652707707.3609, sdrt-health/mac:02010b41cdec/antenna/tag/e2806894000050038661fd4f, 86
1652707707.403053, sdrt-health/mac:02010b41cdec/antenna/tag/e2806894000050038662194f, 94
1652707707.440438, sdrt-health/mac:02010b41cdec/antenna/tag/e28068940000500386620d4f, 83
1652707707.511338, sdrt-health/mac:02010b41cdec/antenna/tag/e2806894000050038662154f, 88
1652707707.549899, sdrt-health/mac:02010b41cdec/antenna/tag/e2806894000050038662194f, 83
1652707707.591673, sdrt-health/mac:02010b41cdec/antenna/tag/e28068940000400386621d4f, 96
1652707707.631002, sdrt-health/mac:02010b41cdec/antenna/tag/e28068940000400386621d4f, 96
1652707707.670904, sdrt-health/mac:02010b41cdec/antenna/tag/e2806894000040038662114f, 88
1652707707.733224, sdrt-health/mac:02010b41cdec/antenna/tag/e2806894000050038661fd4f, 86
1652707707.733779, sdrt-health/mac:02010b41cdec/antenna/tag/e28068940000400386621d4f, 96
1652707707.760757, sdrt-health/mac:02010b41cdec/antenna/tag/e28068940000400386621d4f, 96
1652707707.888483, sdrt-health/mac:02010b41cdec/antenna/tag/e2806894000050038662154f, 88
1652707707.88897, sdrt-health/mac:02010b41cdec/antenna/tag/e2806894000050038661fd4f, 86
1652707707.931933, sdrt-health/mac:02010b41cdec/antenna/tag/e2806894000040038662114f, 97
1652707707.970648, sdrt-health/mac:02010b41cdec/antenna/tag/e28068940000400386621d4f, 96
1652707708.010417, sdrt-health/mac:02010b41cdec/antenna/tag/e2806894000050038661fd4f, 86
1652707708.064431, sdrt-health/mac:02010b41cdec/antenna/tag/e28068940000500386620d4f, 81
1652707708.064859, sdrt-health/mac:02010b41cdec/antenna/tag/e2806894000050038662154f, 85
1652707708.089863, sdrt-health/mac:02010b41cdec/antenna/tag/e28068940000400386621d4f, 96
1652707708.090216, sdrt-health/mac:02010b41cdec/antenna/tag/e2806894000050038662154f, 88
1652707708.10468, sdrt-health/mac:02010b41cdec/antenna/tag/e2806894000040038662114f, 85
1652707708.170102, sdrt-health/mac:02010b41cdec/antenna/tag/e28068940000500386620d4f, 87
1652707708.21845, sdrt-health/mac:02010b41cdec/antenna/tag/e2806894000050038661fd4f, 86
1652707708.26055, sdrt-health/mac:02010b41cdec/antenna/tag/e28068940000400386621d4f, 77
1652707708.300988, sdrt-health/mac:02010b41cdec/antenna/tag/e2806894000050038662194f, 84
1652707708.339876, sdrt-health/mac:02010b41cdec/antenna/tag/e2806894000050038662154f, 85
1652707708.380202, sdrt-health/mac:02010b41cdec/antenna/tag/e2806894000050038661fd4f, 83
1652707708.421866, sdrt-health/mac:02010b41cdec/antenna/tag/e2806894000050038661fd4f, 86
1652707708.461032, sdrt-health/mac:02010b41cdec/antenna/tag/e28068940000500386620d4f, 81
1652707708.499893, sdrt-health/mac:02010b41cdec/antenna/tag/e2806894000050038662154f, 88
1652707708.541226, sdrt-health/mac:02010b41cdec/antenna/tag/e2806894000050038662154f, 85
1652707708.599171, sdrt-health/mac:02010b41cdec/antenna/tag/e28068940000500386620d4f, 83
1652707708.599706, sdrt-health/mac:02010b41cdec/antenna/tag/e28068940000500386620d4f, 87
1652707708.614578, sdrt-health/mac:02010b41cdec/antenna/tag/e28068940000400386621d4f, 77
1652707708.62149, sdrt-health/mac:02010b41cdec/antenna/tag/e2806894000050038661fd4f, 86
1652707708.631448, sdrt-health/mac:02010b41cdec/antenna/tag/e2806894000050038662154f, 88
1652707708.66272, sdrt-health/mac:02010b41cdec/antenna/tag/e2806894000050038662154f, 88
1652707708.699792, sdrt-health/mac:02010b41cdec/antenna/tag/e28068940000500386620d4f, 83
1652707708.799479, sdrt-health/mac:02010b41cdec/antenna/tag/e28068940000400386621d4f, 90
1652707708.858468, sdrt-health/mac:02010b41cdec/antenna/tag/e28068940000500386620d4f, 83
1652707708.859018, sdrt-health/mac:02010b41cdec/antenna/tag/e28068940000500386620d4f, 94
1652707708.874865, sdrt-health/mac:02010b41cdec/antenna/tag/e2806894000050038662154f, 88
1652707708.875408, sdrt-health/mac:02010b41cdec/antenna/tag/e2806894000050038661fd4f, 86
1652707708.875765, sdrt-health/mac:02010b41cdec/antenna/tag/e2806894000050038662194f, 83
1652707708.89024, sdrt-health/mac:02010b41cdec/antenna/tag/e2806894000040038662114f, 88
1652707708.921819, sdrt-health/mac:02010b41cdec/antenna/tag/e2806894000040038662114f, 88
1652707708.975745, sdrt-health/mac:02010b41cdec/antenna/tag/e28068940000400386621d4f, 77
1652707708.976072, sdrt-health/mac:02010b41cdec/antenna/tag/e2806894000050038662194f, 94
1652707709.001051, sdrt-health/mac:02010b41cdec/antenna/tag/e2806894000050038661fd4f, 86
1652707709.040912, sdrt-health/mac:02010b41cdec/antenna/tag/e28068940000500386620d4f, 82
1652707709.082706, sdrt-health/mac:02010b41cdec/antenna/tag/e28068940000400386621d4f, 96
1652707709.122668, sdrt-health/mac:02010b41cdec/antenna/tag/e2806894000040038662114f, 91
1652707709.176478, sdrt-health/mac:02010b41cdec/antenna/tag/e28068940000500386620d4f, 81
1652707709.176989, sdrt-health/mac:02010b41cdec/antenna/tag/e2806894000050038662154f, 91
1652707709.201917, sdrt-health/mac:02010b41cdec/antenna/tag/e28068940000400386621d4f, 90
1652707709.255337, sdrt-health/mac:02010b41cdec/antenna/tag/e28068940000500386620d4f, 81
1652707709.255753, sdrt-health/mac:02010b41cdec/antenna/tag/e2806894000050038662154f, 91
1652707709.321018, sdrt-health/mac:02010b41cdec/antenna/tag/e2806894000050038662194f, 82
1652707709.360678, sdrt-health/mac:02010b41cdec/antenna/tag/e28068940000500386620d4f, 81
1652707709.438059, sdrt-health/mac:02010b41cdec/antenna/tag/e2806894000050038662194f, 94
1652707709.506966, sdrt-health/mac:02010b41cdec/antenna/tag/e28068940000400386621d4f, 96
1652707709.604222, sdrt-health/mac:02010b41cdec/antenna/tag/e2806894000050038662194f, 88
1652707709.604791, sdrt-health/mac:02010b41cdec/antenna/tag/e2806894000050038662194f, 81
1652707709.65073, sdrt-health/mac:02010b41cdec/antenna/tag/e2806894000050038662154f, 88
1652707709.651245, sdrt-health/mac:02010b41cdec/antenna/tag/e28068940000400386621d4f, 96
1652707709.651588, sdrt-health/mac:02010b41cdec/antenna/tag/e28068940000400386621d4f, 77
1652707709.787877, sdrt-health/mac:02010b41cdec/antenna/tag/e2806894000040038662114f, 88
1652707709.788326, sdrt-health/mac:02010b41cdec/antenna/tag/e2806894000050038662154f, 85
1652707709.788683, sdrt-health/mac:02010b41cdec/antenna/tag/e28068940000400386621d4f, 96
1652707709.788998, sdrt-health/mac:02010b41cdec/antenna/tag/e2806894000040038662114f, 88
1652707709.789317, sdrt-health/mac:02010b41cdec/antenna/tag/e2806894000040038662114f, 85
1652707709.812446, sdrt-health/mac:02010b41cdec/antenna/tag/e2806894000050038661fd4f, 83
1652707709.812742, sdrt-health/mac:02010b41cdec/antenna/tag/e2806894000050038662154f, 91
1652707709.812951, sdrt-health/mac:02010b41cdec/antenna/tag/e28068940000400386621d4f, 96
1652707709.866051, sdrt-health/mac:02010b41cdec/antenna/tag/e2806894000050038662154f, 85
1652707709.885018, sdrt-health/mac:02010b41cdec/antenna/tag/e28068940000400386621d4f, 96
1652707709.911883, sdrt-health/mac:02010b41cdec/antenna/tag/e2806894000050038661fd4f, 83
1652707709.942621, sdrt-health/mac:02010b41cdec/antenna/tag/e28068940000500386620d4f, 83
1652707709.943862, sdrt-health/mac:02010b41cdec/antenna/tag/e2806894000050038662194f, 81
1652707709.944115, sdrt-health/mac:02010b41cdec/antenna/tag/e2806894000040038662114f, 91
1652707709.956867, sdrt-health/mac:02010b41cdec/antenna/tag/e28068940000400386621d4f, 96
1652707709.991302, sdrt-health/mac:02010b41cdec/antenna/tag/e28068940000500386620d4f, 81
1652707710.020823, sdrt-health/mac:02010b41cdec/antenna/tag/e28068940000400386621d4f, 96
1652707710.02111, sdrt-health/mac:02010b41cdec/antenna/tag/e2806894000050038661fd4f, 90
1652707710.033699, sdrt-health/mac:02010b41cdec/antenna/tag/e2806894000040038662114f, 91
1652707710.071043, sdrt-health/mac:02010b41cdec/antenna/tag/e2806894000040038662054f, 81
1652707710.109862, sdrt-health/mac:02010b41cdec/antenna/tag/e2806894000050038662154f, 88
1652707710.165113, sdrt-health/mac:02010b41cdec/antenna/tag/e2806894000050038661fd4f, 86
1652707710.165657, sdrt-health/mac:02010b41cdec/antenna/tag/e28068940000500386620d4f, 81
1652707710.179817, sdrt-health/mac:02010b41cdec/antenna/tag/e2806894000040038662114f, 91
1652707710.203511, sdrt-health/mac:02010b41cdec/antenna/tag/e28068940000400386621d4f, 96
1652707710.241865, sdrt-health/mac:02010b41cdec/antenna/tag/e2806894000040038662114f, 91
1652707710.340088, sdrt-health/mac:02010b41cdec/antenna/tag/e2806894000040038662114f, 88
1652707710.390318, sdrt-health/mac:02010b41cdec/antenna/tag/e2806894000040038662114f, 91
1652707710.419624, sdrt-health/mac:02010b41cdec/antenna/tag/e28068940000400386621d4f, 96
1652707710.419991, sdrt-health/mac:02010b41cdec/antenna/tag/e28068940000400386621d4f, 90
1652707710.433625, sdrt-health/mac:02010b41cdec/antenna/tag/e2806894000050038662154f, 91
1652707710.434016, sdrt-health/mac:02010b41cdec/antenna/tag/e28068940000400386621d4f, 96
1652707710.471532, sdrt-health/mac:02010b41cdec/antenna/tag/e2806894000040038662114f, 88
1652707710.511358, sdrt-health/mac:02010b41cdec/antenna/tag/e28068940000400386621d4f, 77
1652707710.541439, sdrt-health/mac:02010b41cdec/antenna/tag/e2806894000050038662194f, 83
1652707710.541707, sdrt-health/mac:02010b41cdec/antenna/tag/e28068940000500386620d4f, 87
1652707710.556598, sdrt-health/mac:02010b41cdec/antenna/tag/e2806894000040038662114f, 88
1652707710.557018, sdrt-health/mac:02010b41cdec/antenna/tag/e2806894000050038662154f, 85
1652707710.557267, sdrt-health/mac:02010b41cdec/antenna/tag/e28068940000400386621d4f, 96
1652707710.591811, sdrt-health/mac:02010b41cdec/antenna/tag/e28068940000500386620d4f, 83
1652707710.639052, sdrt-health/mac:02010b41cdec/antenna/tag/e2806894000050038661fd4f, 83
1652707710.696424, sdrt-health/mac:02010b41cdec/antenna/tag/e2806894000050038661fd4f, 86
1652707710.696946, sdrt-health/mac:02010b41cdec/antenna/tag/e2806894000050038662154f, 91
1652707710.710381, sdrt-health/mac:02010b41cdec/antenna/tag/e28068940000400386621d4f, 96
1652707710.710644, sdrt-health/mac:02010b41cdec/antenna/tag/e2806894000050038661fd4f, 86
1652707710.749459, sdrt-health/mac:02010b41cdec/antenna/tag/e2806894000050038662154f, 88
1652707710.790725, sdrt-health/mac:02010b41cdec/antenna/tag/e2806894000050038661fd4f, 90
1652707710.820518, sdrt-health/mac:02010b41cdec/antenna/tag/e2806894000050038662194f, 87
1652707710.820955, sdrt-health/mac:02010b41cdec/antenna/tag/e2806894000050038662194f, 81
1652707710.834787, sdrt-health/mac:02010b41cdec/antenna/tag/e2806894000050038662154f, 91
1652707710.835112, sdrt-health/mac:02010b41cdec/antenna/tag/e28068940000400386621d4f, 96
1652707710.870311, sdrt-health/mac:02010b41cdec/antenna/tag/e2806894000040038662114f, 88
1652707710.934441, sdrt-health/mac:02010b41cdec/antenna/tag/e2806894000050038661fd4f, 83
1652707710.934951, sdrt-health/mac:02010b41cdec/antenna/tag/e28068940000400386621d4f, 90
1652707710.949838, sdrt-health/mac:02010b41cdec/antenna/tag/e2806894000040038662114f, 88
1652707710.959509, sdrt-health/mac:02010b41cdec/antenna/tag/e2806894000050038661fd4f, 83
1652707711.001192, sdrt-health/mac:02010b41cdec/antenna/tag/e28068940000400386621d4f, 96
1652707711.001693, sdrt-health/mac:02010b41cdec/antenna/tag/e2806894000050038661fd4f, 86
1652707711.041091, sdrt-health/mac:02010b41cdec/antenna/tag/e2806894000050038661fd4f, 90
1652707711.093465, sdrt-health/mac:02010b41cdec/antenna/tag/e2806894000040038662114f, 88
1652707711.0937, sdrt-health/mac:02010b41cdec/antenna/tag/e2806894000040038662114f, 85
1652707711.108302, sdrt-health/mac:02010b41cdec/antenna/tag/e28068940000400386621d4f, 96
1652707711.10872, sdrt-health/mac:02010b41cdec/antenna/tag/e2806894000050038661fd4f, 86
1652707711.121121, sdrt-health/mac:02010b41cdec/antenna/tag/e2806894000050038661fd4f, 90
1652707711.159685, sdrt-health/mac:02010b41cdec/antenna/tag/e28068940000400386621d4f, 96
1652707711.214566, sdrt-health/mac:02010b41cdec/antenna/tag/e2806894000050038662154f, 91
1652707711.215099, sdrt-health/mac:02010b41cdec/antenna/tag/e28068940000500386620d4f, 83
1652707711.215609, sdrt-health/mac:02010b41cdec/antenna/tag/e2806894000050038662154f, 91
1652707711.281477, sdrt-health/mac:02010b41cdec/antenna/tag/e2806894000050038662154f, 91
1652707711.32106, sdrt-health/mac:02010b41cdec/antenna/tag/e28068940000400386621d4f, 96
1652707711.376075, sdrt-health/mac:02010b41cdec/antenna/tag/e2806894000050038661fd4f, 83
1652707711.376548, sdrt-health/mac:02010b41cdec/antenna/tag/e2806894000040038662114f, 88
1652707711.401253, sdrt-health/mac:02010b41cdec/antenna/tag/e2806894000050038661fd4f, 83
1652707711.440873, sdrt-health/mac:02010b41cdec/antenna/tag/e2806894000040038662114f, 85
1652707711.482558, sdrt-health/mac:02010b41cdec/antenna/tag/e28068940000400386621d4f, 77
1652707711.532873, sdrt-health/mac:02010b41cdec/antenna/tag/e2806894000050038662154f, 85
1652707711.533475, sdrt-health/mac:02010b41cdec/antenna/tag/e2806894000050038661fd4f, 86
1652707711.54754, sdrt-health/mac:02010b41cdec/antenna/tag/e2806894000040038662114f, 88
1652707711.548119, sdrt-health/mac:02010b41cdec/antenna/tag/e2806894000050038662154f, 88
1652707711.563972, sdrt-health/mac:02010b41cdec/antenna/tag/e2806894000040038662114f, 85
1652707711.616448, sdrt-health/mac:02010b41cdec/antenna/tag/e28068940000400386621d4f, 96
1652707711.617051, sdrt-health/mac:02010b41cdec/antenna/tag/e2806894000040038662114f, 88
1652707711.632012, sdrt-health/mac:02010b41cdec/antenna/tag/e2806894000050038662154f, 88
1652707711.650528, sdrt-health/mac:02010b41cdec/antenna/tag/e28068940000400386621d4f, 96
1652707711.689754, sdrt-health/mac:02010b41cdec/antenna/tag/e2806894000050038661fd4f, 90
1652707711.690049, sdrt-health/mac:02010b41cdec/antenna/tag/e2806894000050038662194f, 94
1652707711.732049, sdrt-health/mac:02010b41cdec/antenna/tag/e28068940000500386620d4f, 87
1652707711.786633, sdrt-health/mac:02010b41cdec/antenna/tag/e28068940000400386621d4f, 96
1652707711.787108, sdrt-health/mac:02010b41cdec/antenna/tag/e2806894000050038661fd4f, 90
1652707711.81166, sdrt-health/mac:02010b41cdec/antenna/tag/e2806894000050038661fd4f, 86
1652707711.850254, sdrt-health/mac:02010b41cdec/antenna/tag/e28068940000500386620d4f, 81
1652707711.889799, sdrt-health/mac:02010b41cdec/antenna/tag/e2806894000040038661f94f, 88
1652707711.931763, sdrt-health/mac:02010b41cdec/antenna/tag/e28068940000400386621d4f, 77
1652707711.984145, sdrt-health/mac:02010b41cdec/antenna/tag/e2806894000040038662114f, 88
1652707711.984627, sdrt-health/mac:02010b41cdec/antenna/tag/e28068940000500386620d4f, 81
1652707712.009022, sdrt-health/mac:02010b41cdec/antenna/tag/e2806894000050038661fd4f, 83
1652707712.060821, sdrt-health/mac:02010b41cdec/antenna/tag/e2806894000040038662114f, 88
1652707712.109945, sdrt-health/mac:02010b41cdec/antenna/tag/e28068940000400386621d4f, 77
1652707712.151872, sdrt-health/mac:02010b41cdec/antenna/tag/e2806894000040038662114f, 85
1652707712.1907, sdrt-health/mac:02010b41cdec/antenna/tag/e2806894000050038661fd4f, 90
1652707712.24399, sdrt-health/mac:02010b41cdec/antenna/tag/e28068940000400386621d4f, 77
1652707712.244475, sdrt-health/mac:02010b41cdec/antenna/tag/e2806894000050038662154f, 91
1652707712.269794, sdrt-health/mac:02010b41cdec/antenna/tag/e2806894000050038661fd4f, 86
1652707712.326399, sdrt-health/mac:02010b41cdec/antenna/tag/e2806894000050038661fd4f, 83
1652707712.385916, sdrt-health/mac:02010b41cdec/antenna/tag/e2806894000040038662214f, 94
1652707712.386397, sdrt-health/mac:02010b41cdec/antenna/tag/e28068940000500386620d4f, 83
1652707712.410776, sdrt-health/mac:02010b41cdec/antenna/tag/e2806894000040038662214f, 83
1652707712.451259, sdrt-health/mac:02010b41cdec/antenna/tag/e2806894000040038662114f, 88
1652707712.506294, sdrt-health/mac:02010b41cdec/antenna/tag/e2806894000050038662194f, 81
1652707712.506705, sdrt-health/mac:02010b41cdec/antenna/tag/e2806894000050038661fd4f, 86
1652707712.520084, sdrt-health/mac:02010b41cdec/antenna/tag/e28068940000400386621d4f, 77
1652707712.530508, sdrt-health/mac:02010b41cdec/antenna/tag/e2806894000050038662194f, 83
1652707712.569786, sdrt-health/mac:02010b41cdec/antenna/tag/e2806894000040038662114f, 88
1652707712.62463, sdrt-health/mac:02010b41cdec/antenna/tag/e2806894000050038661fd4f, 90
1652707712.625119, sdrt-health/mac:02010b41cdec/antenna/tag/e28068940000400386621d4f, 96
1652707712.625457, sdrt-health/mac:02010b41cdec/antenna/tag/e2806894000050038662154f, 91
1652707712.639063, sdrt-health/mac:02010b41cdec/antenna/tag/e2806894000050038661fd4f, 90
1652707712.639437, sdrt-health/mac:02010b41cdec/antenna/tag/e2806894000050038662154f, 88
1652707712.692148, sdrt-health/mac:02010b41cdec/antenna/tag/e2806894000040038662114f, 91
1652707712.730291, sdrt-health/mac:02010b41cdec/antenna/tag/e2806894000050038662154f, 91
1652707712.758345, sdrt-health/mac:02010b41cdec/antenna/tag/e2806894000040038662114f, 88
1652707712.758547, sdrt-health/mac:02010b41cdec/antenna/tag/e2806894000050038662154f, 91
1652707712.812121, sdrt-health/mac:02010b41cdec/antenna/tag/e28068940000500386620d4f, 87
1652707712.850915, sdrt-health/mac:02010b41cdec/antenna/tag/e2806894000050038662154f, 88
1652707712.899952, sdrt-health/mac:02010b41cdec/antenna/tag/e2806894000040038662114f, 85
1652707712.94094, sdrt-health/mac:02010b41cdec/antenna/tag/e28068940000400386621d4f, 90
1652707712.980976, sdrt-health/mac:02010b41cdec/antenna/tag/e2806894000040038662114f, 91
1652707713.034717, sdrt-health/mac:02010b41cdec/antenna/tag/e2806894000050038662154f, 88
1652707713.035301, sdrt-health/mac:02010b41cdec/antenna/tag/e28068940000500386620d4f, 81
1652707713.06112, sdrt-health/mac:02010b41cdec/antenna/tag/e28068940000500386620d4f, 81
1652707713.110396, sdrt-health/mac:02010b41cdec/antenna/tag/e2806894000050038662154f, 88
1652707713.175611, sdrt-health/mac:02010b41cdec/antenna/tag/e28068940000400386621d4f, 96
1652707713.175819, sdrt-health/mac:02010b41cdec/antenna/tag/e28068940000500386620d4f, 81
1652707713.190513, sdrt-health/mac:02010b41cdec/antenna/tag/e2806894000040038662114f, 88
1652707713.201014, sdrt-health/mac:02010b41cdec/antenna/tag/e2806894000050038662194f, 94
1652707713.29043, sdrt-health/mac:02010b41cdec/antenna/tag/e2806894000050038661fd4f, 83
1652707713.332954, sdrt-health/mac:02010b41cdec/antenna/tag/e2806894000040038662214f, 84
1652707713.387231, sdrt-health/mac:02010b41cdec/antenna/tag/e2806894000050038662194f, 84
1652707713.387679, sdrt-health/mac:02010b41cdec/antenna/tag/e28068940000500386620d4f, 83
1652707713.400914, sdrt-health/mac:02010b41cdec/antenna/tag/e28068940000400386621d4f, 77
1652707713.42855, sdrt-health/mac:02010b41cdec/antenna/tag/e28068940000500386620d4f, 81
1652707713.428856, sdrt-health/mac:02010b41cdec/antenna/tag/e2806894000040038662114f, 88
1652707713.42905, sdrt-health/mac:02010b41cdec/antenna/tag/e2806894000040038662214f, 84
1652707713.47091, sdrt-health/mac:02010b41cdec/antenna/tag/e2806894000050038661fd4f, 83
1652707713.510575, sdrt-health/mac:02010b41cdec/antenna/tag/e2806894000040038662114f, 88
1652707713.606554, sdrt-health/mac:02010b41cdec/antenna/tag/e2806894000040038662114f, 85
1652707713.808936, sdrt-health/mac:02010b41cdec/antenna/tag/e28068940000400386621d4f, 96
1652707713.89298, sdrt-health/mac:02010b41cdec/antenna/tag/e2806894000050038661fd4f, 86
1652707713.893439, sdrt-health/mac:02010b41cdec/antenna/tag/e2806894000050038661fd4f, 86
1652707713.893815, sdrt-health/mac:02010b41cdec/antenna/tag/e28068940000400386621d4f, 90
1652707713.894137, sdrt-health/mac:02010b41cdec/antenna/tag/e2806894000050038662194f, 94
1652707713.894448, sdrt-health/mac:02010b41cdec/antenna/tag/e28068940000500386620d4f, 94
1652707713.894795, sdrt-health/mac:02010b41cdec/antenna/tag/e2806894000050038662154f, 88
1652707713.895108, sdrt-health/mac:02010b41cdec/antenna/tag/e2806894000040038662114f, 88
1652707713.919807, sdrt-health/mac:02010b41cdec/antenna/tag/e28068940000500386620d4f, 81
1652707713.995153, sdrt-health/mac:02010b41cdec/antenna/tag/e2806894000050038662154f, 93
1652707713.995649, sdrt-health/mac:02010b41cdec/antenna/tag/e28068940000500386620d4f, 83
1652707714.011059, sdrt-health/mac:02010b41cdec/antenna/tag/e28068940000400386621d4f, 77
1652707714.011524, sdrt-health/mac:02010b41cdec/antenna/tag/e28068940000400386621d4f, 90
1652707714.020174, sdrt-health/mac:02010b41cdec/antenna/tag/e2806894000050038661fd4f, 86
1652707714.026585, sdrt-health/mac:02010b41cdec/antenna/tag/e2806894000040038662114f, 91
1652707714.061444, sdrt-health/mac:02010b41cdec/antenna/tag/e2806894000050038662154f, 88
1652707714.114967, sdrt-health/mac:02010b41cdec/antenna/tag/e2806894000040038662114f, 88
1652707714.115285, sdrt-health/mac:02010b41cdec/antenna/tag/e28068940000400386621d4f, 96
1652707714.141335, sdrt-health/mac:02010b41cdec/antenna/tag/e28068940000400386621d4f, 96
1652707714.181191, sdrt-health/mac:02010b41cdec/antenna/tag/e2806894000040038662114f, 88
1652707714.237206, sdrt-health/mac:02010b41cdec/antenna/tag/e28068940000400386621d4f, 90
1652707714.237662, sdrt-health/mac:02010b41cdec/antenna/tag/e2806894000050038661fd4f, 86
1652707714.262028, sdrt-health/mac:02010b41cdec/antenna/tag/e2806894000050038661fd4f, 86
1652707714.29221, sdrt-health/mac:02010b41cdec/antenna/tag/e2806894000040038662114f, 88
1652707714.292542, sdrt-health/mac:02010b41cdec/antenna/tag/e2806894000050038661fd4f, 86
1652707714.307217, sdrt-health/mac:02010b41cdec/antenna/tag/e28068940000400386621d4f, 96
1652707714.340058, sdrt-health/mac:02010b41cdec/antenna/tag/e2806894000050038662154f, 88
1652707714.396166, sdrt-health/mac:02010b41cdec/antenna/tag/e2806894000050038661fd4f, 86
1652707714.396632, sdrt-health/mac:02010b41cdec/antenna/tag/e2806894000040038662114f, 88
1652707714.410708, sdrt-health/mac:02010b41cdec/antenna/tag/e2806894000040038662114f, 91
1652707714.422383, sdrt-health/mac:02010b41cdec/antenna/tag/e2806894000050038661fd4f, 86
1652707714.460669, sdrt-health/mac:02010b41cdec/antenna/tag/e2806894000050038661fd4f, 86
1652707714.461556, sdrt-health/mac:02010b41cdec/antenna/tag/e2806894000050038662154f, 83
1652707714.511371, sdrt-health/mac:02010b41cdec/antenna/tag/e2806894000050038661fd4f, 83
1652707714.550901, sdrt-health/mac:02010b41cdec/antenna/tag/e2806894000050038662154f, 85
1652707714.60403, sdrt-health/mac:02010b41cdec/antenna/tag/e28068940000400386621d4f, 96
1652707714.604892, sdrt-health/mac:02010b41cdec/antenna/tag/e2806894000050038662154f, 85
1652707714.605305, sdrt-health/mac:02010b41cdec/antenna/tag/e2806894000040038662114f, 85
1652707714.630108, sdrt-health/mac:02010b41cdec/antenna/tag/e2806894000050038661fd4f, 86
1652707714.678647, sdrt-health/mac:02010b41cdec/antenna/tag/e28068940000400386621d4f, 96
1652707714.738822, sdrt-health/mac:02010b41cdec/antenna/tag/e28068940000500386620d4f, 83
1652707714.739383, sdrt-health/mac:02010b41cdec/antenna/tag/e2806894000050038662154f, 85
1652707714.753168, sdrt-health/mac:02010b41cdec/antenna/tag/e2806894000040038662114f, 91
1652707714.753439, sdrt-health/mac:02010b41cdec/antenna/tag/e2806894000040038662114f, 88
1652707714.760747, sdrt-health/mac:02010b41cdec/antenna/tag/e2806894000040038662114f, 85
1652707714.800607, sdrt-health/mac:02010b41cdec/antenna/tag/e2806894000050038662194f, 87
1652707714.849577, sdrt-health/mac:02010b41cdec/antenna/tag/e2806894000050038662154f, 85
1652707714.879908, sdrt-health/mac:02010b41cdec/antenna/tag/e2806894000050038662194f, 94
1652707714.880183, sdrt-health/mac:02010b41cdec/antenna/tag/e28068940000500386620d4f, 81
1652707714.895138, sdrt-health/mac:02010b41cdec/antenna/tag/e2806894000050038662154f, 88
1652707714.930504, sdrt-health/mac:02010b41cdec/antenna/tag/e2806894000050038661fd4f, 90
1652707714.984012, sdrt-health/mac:02010b41cdec/antenna/tag/e2806894000050038662154f, 85
1652707714.984414, sdrt-health/mac:02010b41cdec/antenna/tag/e28068940000400386621d4f, 96
1652707715.011652, sdrt-health/mac:02010b41cdec/antenna/tag/e2806894000050038661fd4f, 86
1652707715.054072, sdrt-health/mac:02010b41cdec/antenna/tag/e2806894000040038662114f, 88
1652707715.090255, sdrt-health/mac:02010b41cdec/antenna/tag/e2806894000050038662154f, 85
1652707715.091127, sdrt-health/mac:02010b41cdec/antenna/tag/e2806894000050038661fd4f, 86
1652707715.1611, sdrt-health/mac:02010b41cdec/antenna/tag/e2806894000040038662114f, 88
1652707715.201643, sdrt-health/mac:02010b41cdec/antenna/tag/e2806894000050038661fd4f, 83
1652707715.255481, sdrt-health/mac:02010b41cdec/antenna/tag/e28068940000400386621d4f, 96
1652707715.255994, sdrt-health/mac:02010b41cdec/antenna/tag/e2806894000040038662114f, 91
1652707715.288924, sdrt-health/mac:02010b41cdec/antenna/tag/e2806894000050038662154f, 88
1652707715.331244, sdrt-health/mac:02010b41cdec/antenna/tag/e2806894000040038662114f, 88
1652707715.398231, sdrt-health/mac:02010b41cdec/antenna/tag/e2806894000050038661fd4f, 86
1652707715.398811, sdrt-health/mac:02010b41cdec/antenna/tag/e2806894000050038662194f, 88
1652707715.412797, sdrt-health/mac:02010b41cdec/antenna/tag/e2806894000050038662154f, 88
1652707715.42072, sdrt-health/mac:02010b41cdec/antenna/tag/e28068940000500386620d4f, 83
1652707715.42664, sdrt-health/mac:02010b41cdec/antenna/tag/e2806894000040038662114f, 88
1652707715.460009, sdrt-health/mac:02010b41cdec/antenna/tag/e2806894000050038661fd4f, 86
1652707715.488303, sdrt-health/mac:02010b41cdec/antenna/tag/e2806894000040038662114f, 91
1652707715.488632, sdrt-health/mac:02010b41cdec/antenna/tag/e2806894000050038662194f, 81
1652707715.51058, sdrt-health/mac:02010b41cdec/antenna/tag/e2806894000040038662114f, 88
1652707715.551974, sdrt-health/mac:02010b41cdec/antenna/tag/e2806894000050038661fd4f, 86
1652707715.590875, sdrt-health/mac:02010b41cdec/antenna/tag/e2806894000040038662114f, 85
1652707715.651645, sdrt-health/mac:02010b41cdec/antenna/tag/e2806894000050038661fd4f, 86
1652707715.652156, sdrt-health/mac:02010b41cdec/antenna/tag/e2806894000050038662154f, 85
1652707715.666303, sdrt-health/mac:02010b41cdec/antenna/tag/e2806894000050038662154f, 91
1652707715.680192, sdrt-health/mac:02010b41cdec/antenna/tag/e28068940000500386620d4f, 88
1652707715.742098, sdrt-health/mac:02010b41cdec/antenna/tag/e28068940000500386620d4f, 81
1652707715.771042, sdrt-health/mac:02010b41cdec/antenna/tag/e28068940000400386621d4f, 90
1652707715.771543, sdrt-health/mac:02010b41cdec/antenna/tag/e2806894000050038662154f, 88
1652707715.772083, sdrt-health/mac:02010b41cdec/antenna/tag/e28068940000400386621d4f, 96
1652707715.785773, sdrt-health/mac:02010b41cdec/antenna/tag/e2806894000050038661fd4f, 86
1652707715.828181, sdrt-health/mac:02010b41cdec/antenna/tag/e28068940000500386620d4f, 83
1652707715.894595, sdrt-health/mac:02010b41cdec/antenna/tag/e2806894000050038662154f, 88
1652707715.895091, sdrt-health/mac:02010b41cdec/antenna/tag/e2806894000050038662154f, 88
1652707715.930493, sdrt-health/mac:02010b41cdec/antenna/tag/e2806894000050038662194f, 100
1652707715.971087, sdrt-health/mac:02010b41cdec/antenna/tag/e28068940000500386620d4f, 83
1652707716.012169, sdrt-health/mac:02010b41cdec/antenna/tag/e28068940000500386620d4f, 83
1652707716.066205, sdrt-health/mac:02010b41cdec/antenna/tag/e2806894000050038662154f, 88
1652707716.066521, sdrt-health/mac:02010b41cdec/antenna/tag/e28068940000500386620d4f, 81
1652707716.110915, sdrt-health/mac:02010b41cdec/antenna/tag/e28068940000400386621d4f, 77
1652707716.152537, sdrt-health/mac:02010b41cdec/antenna/tag/e2806894000040038662114f, 88
1652707716.228029, sdrt-health/mac:02010b41cdec/antenna/tag/e2806894000050038661fd4f, 83
1652707716.228561, sdrt-health/mac:02010b41cdec/antenna/tag/e28068940000400386621d4f, 96
1652707716.251617, sdrt-health/mac:02010b41cdec/antenna/tag/e2806894000050038662154f, 91
1652707716.305398, sdrt-health/mac:02010b41cdec/antenna/tag/e2806894000050038661fd4f, 83
1652707716.305758, sdrt-health/mac:02010b41cdec/antenna/tag/e2806894000050038661fd4f, 86
1652707716.342232, sdrt-health/mac:02010b41cdec/antenna/tag/e2806894000040038662114f, 88
1652707716.381551, sdrt-health/mac:02010b41cdec/antenna/tag/e2806894000050038662194f, 94
1652707716.4207, sdrt-health/mac:02010b41cdec/antenna/tag/e28068940000500386620d4f, 83
1652707716.460156, sdrt-health/mac:02010b41cdec/antenna/tag/e2806894000040038662114f, 97
1652707716.499866, sdrt-health/mac:02010b41cdec/antenna/tag/e2806894000040038662114f, 88
1652707716.540331, sdrt-health/mac:02010b41cdec/antenna/tag/e2806894000050038662154f, 97
1652707716.569487, sdrt-health/mac:02010b41cdec/antenna/tag/e28068940000400386621d4f, 96
1652707716.569902, sdrt-health/mac:02010b41cdec/antenna/tag/e2806894000050038661fd4f, 86
1652707716.570163, sdrt-health/mac:02010b41cdec/antenna/tag/e28068940000400386621d4f, 96
1652707716.584358, sdrt-health/mac:02010b41cdec/antenna/tag/e28068940000400386621d4f, 96
1652707716.62031, sdrt-health/mac:02010b41cdec/antenna/tag/e2806894000050038661fd4f, 86
1652707716.738706, sdrt-health/mac:02010b41cdec/antenna/tag/e28068940000400386621d4f, 90
1652707716.739221, sdrt-health/mac:02010b41cdec/antenna/tag/e2806894000050038662154f, 88
1652707716.771245, sdrt-health/mac:02010b41cdec/antenna/tag/e2806894000050038662194f, 81
1652707716.810346, sdrt-health/mac:02010b41cdec/antenna/tag/e28068940000500386620d4f, 81
1652707716.86092, sdrt-health/mac:02010b41cdec/antenna/tag/e2806894000050038662154f, 88
1652707716.900842, sdrt-health/mac:02010b41cdec/antenna/tag/e28068940000400386621d4f, 77
1652707716.954794, sdrt-health/mac:02010b41cdec/antenna/tag/e2806894000050038662154f, 91
1652707716.955302, sdrt-health/mac:02010b41cdec/antenna/tag/e2806894000040038662114f, 85
1652707716.969899, sdrt-health/mac:02010b41cdec/antenna/tag/e2806894000050038661fd4f, 83
1652707716.981289, sdrt-health/mac:02010b41cdec/antenna/tag/e2806894000040038662114f, 88
1652707716.985818, sdrt-health/mac:02010b41cdec/antenna/tag/e28068940000400386621d4f, 77
1652707716.986314, sdrt-health/mac:02010b41cdec/antenna/tag/e2806894000050038662154f, 85
1652707717.020835, sdrt-health/mac:02010b41cdec/antenna/tag/e28068940000400386621d4f, 77
1652707717.021831, sdrt-health/mac:02010b41cdec/antenna/tag/e28068940000500386620d4f, 81
1652707717.061614, sdrt-health/mac:02010b41cdec/antenna/tag/e2806894000050038662194f, 81
1652707717.115595, sdrt-health/mac:02010b41cdec/antenna/tag/e2806894000040038662114f, 88
1652707717.116006, sdrt-health/mac:02010b41cdec/antenna/tag/e2806894000050038661fd4f, 86
1652707717.139885, sdrt-health/mac:02010b41cdec/antenna/tag/e2806894000050038662154f, 88
1652707717.197144, sdrt-health/mac:02010b41cdec/antenna/tag/e2806894000050038662154f, 91
1652707717.197534, sdrt-health/mac:02010b41cdec/antenna/tag/e2806894000040038662114f, 85
1652707717.212636, sdrt-health/mac:02010b41cdec/antenna/tag/e28068940000400386621d4f, 96
1652707717.221091, sdrt-health/mac:02010b41cdec/antenna/tag/e2806894000040038662114f, 88
1652707717.259925, sdrt-health/mac:02010b41cdec/antenna/tag/e28068940000400386621d4f, 90
1652707717.290888, sdrt-health/mac:02010b41cdec/antenna/tag/e2806894000050038662194f, 94
1652707717.291171, sdrt-health/mac:02010b41cdec/antenna/tag/e28068940000400386621d4f, 96
1652707717.306138, sdrt-health/mac:02010b41cdec/antenna/tag/e2806894000050038662194f, 81
1652707717.361793, sdrt-health/mac:02010b41cdec/antenna/tag/e2806894000050038661fd4f, 83
1652707717.410309, sdrt-health/mac:02010b41cdec/antenna/tag/e2806894000050038662154f, 91
1652707717.449765, sdrt-health/mac:02010b41cdec/antenna/tag/e2806894000050038662154f, 91
1652707717.505335, sdrt-health/mac:02010b41cdec/antenna/tag/e2806894000050038661fd4f, 86
1652707717.505848, sdrt-health/mac:02010b41cdec/antenna/tag/e28068940000400386621d4f, 96
1652707717.530681, sdrt-health/mac:02010b41cdec/antenna/tag/e2806894000050038662154f, 91
1652707717.582721, sdrt-health/mac:02010b41cdec/antenna/tag/e28068940000400386621d4f, 90
1652707717.58358, sdrt-health/mac:02010b41cdec/antenna/tag/e2806894000050038661fd4f, 86
1652707717.596455, sdrt-health/mac:02010b41cdec/antenna/tag/e2806894000050038661fd4f, 86
1652707717.646325, sdrt-health/mac:02010b41cdec/antenna/tag/e2806894000040038662114f, 88
1652707717.646617, sdrt-health/mac:02010b41cdec/antenna/tag/e28068940000500386620d4f, 81
1652707717.670918, sdrt-health/mac:02010b41cdec/antenna/tag/e28068940000400386621d4f, 96
1652707717.700481, sdrt-health/mac:02010b41cdec/antenna/tag/e2806894000040038662114f, 88
1652707717.700974, sdrt-health/mac:02010b41cdec/antenna/tag/e2806894000050038661fd4f, 90
1652707717.71459, sdrt-health/mac:02010b41cdec/antenna/tag/e2806894000050038662154f, 91
1652707717.71501, sdrt-health/mac:02010b41cdec/antenna/tag/e28068940000400386621d4f, 96
1652707717.750779, sdrt-health/mac:02010b41cdec/antenna/tag/e28068940000400386621d4f, 96
1652707717.80197, sdrt-health/mac:02010b41cdec/antenna/tag/e2806894000050038662154f, 91
1652707717.840877, sdrt-health/mac:02010b41cdec/antenna/tag/e2806894000040038662114f, 88
1652707717.841365, sdrt-health/mac:02010b41cdec/antenna/tag/e2806894000050038662154f, 88
1652707717.84172, sdrt-health/mac:02010b41cdec/antenna/tag/e2806894000050038661fd4f, 86
1652707717.902948, sdrt-health/mac:02010b41cdec/antenna/tag/e2806894000050038661fd4f, 83
1652707717.925267, sdrt-health/mac:02010b41cdec/antenna/tag/e28068940000400386621d4f, 77
1652707717.967571, sdrt-health/mac:02010b41cdec/antenna/tag/e28068940000500386620d4f, 83
1652707718.097405, sdrt-health/mac:02010b41cdec/antenna/tag/e2806894000050038662154f, 85
1652707718.09789, sdrt-health/mac:02010b41cdec/antenna/tag/e2806894000050038661fd4f, 83
1652707718.09823, sdrt-health/mac:02010b41cdec/antenna/tag/e28068940000400386621d4f, 96
1652707718.098662, sdrt-health/mac:02010b41cdec/antenna/tag/e28068940000400386621d4f, 96
1652707718.194348, sdrt-health/mac:02010b41cdec/antenna/tag/e2806894000040038662114f, 88
1652707718.194718, sdrt-health/mac:02010b41cdec/antenna/tag/e2806894000050038661fd4f, 86
1652707718.293691, sdrt-health/mac:02010b41cdec/antenna/tag/e28068940000400386621d4f, 90
1652707718.294131, sdrt-health/mac:02010b41cdec/antenna/tag/e2806894000050038662194f, 88
1652707718.294464, sdrt-health/mac:02010b41cdec/antenna/tag/e2806894000050038662154f, 88
1652707718.317016, sdrt-health/mac:02010b41cdec/antenna/tag/e2806894000050038661fd4f, 86
1652707718.317472, sdrt-health/mac:02010b41cdec/antenna/tag/e2806894000050038662154f, 88
1652707718.340054, sdrt-health/mac:02010b41cdec/antenna/tag/e2806894000050038662154f, 88
1652707718.370387, sdrt-health/mac:02010b41cdec/antenna/tag/e2806894000050038661fd4f, 86
1652707718.370672, sdrt-health/mac:02010b41cdec/antenna/tag/e28068940000400386621d4f, 90
1652707718.386322, sdrt-health/mac:02010b41cdec/antenna/tag/e2806894000050038662154f, 88
1652707718.386809, sdrt-health/mac:02010b41cdec/antenna/tag/e28068940000500386620d4f, 81
1652707718.420926, sdrt-health/mac:02010b41cdec/antenna/tag/e2806894000040038662114f, 85
1652707718.459739, sdrt-health/mac:02010b41cdec/antenna/tag/e28068940000500386620d4f, 88
1652707718.517973, sdrt-health/mac:02010b41cdec/antenna/tag/e2806894000040038662114f, 88
1652707718.518461, sdrt-health/mac:02010b41cdec/antenna/tag/e28068940000400386621d4f, 77
1652707718.531502, sdrt-health/mac:02010b41cdec/antenna/tag/e2806894000050038661fd4f, 83
1652707718.561708, sdrt-health/mac:02010b41cdec/antenna/tag/e28068940000500386620d4f, 81
1652707718.561949, sdrt-health/mac:02010b41cdec/antenna/tag/e2806894000050038662154f, 91
1652707718.580092, sdrt-health/mac:02010b41cdec/antenna/tag/e28068940000400386621d4f, 77
1652707718.580426, sdrt-health/mac:02010b41cdec/antenna/tag/e2806894000040038662114f, 88
1652707718.621221, sdrt-health/mac:02010b41cdec/antenna/tag/e2806894000050038662194f, 81
1652707718.675513, sdrt-health/mac:02010b41cdec/antenna/tag/e2806894000040038662114f, 88
1652707718.675891, sdrt-health/mac:02010b41cdec/antenna/tag/e2806894000040038662114f, 88
1652707718.711649, sdrt-health/mac:02010b41cdec/antenna/tag/e2806894000050038662154f, 91
1652707718.740738, sdrt-health/mac:02010b41cdec/antenna/tag/e2806894000050038661fd4f, 86
1652707718.741041, sdrt-health/mac:02010b41cdec/antenna/tag/e2806894000050038662154f, 88
1652707718.755585, sdrt-health/mac:02010b41cdec/antenna/tag/e2806894000050038662194f, 94
1652707718.755794, sdrt-health/mac:02010b41cdec/antenna/tag/e28068940000400386621d4f, 96
1652707718.811029, sdrt-health/mac:02010b41cdec/antenna/tag/e2806894000040038662214f, 88
1652707718.870675, sdrt-health/mac:02010b41cdec/antenna/tag/e28068940000400386621d4f, 96
1652707718.909822, sdrt-health/mac:02010b41cdec/antenna/tag/e2806894000050038662194f, 81
1652707718.951293, sdrt-health/mac:02010b41cdec/antenna/tag/e28068940000400386621d4f, 96
1652707718.991216, sdrt-health/mac:02010b41cdec/antenna/tag/e2806894000050038661fd4f, 86
1652707719.045275, sdrt-health/mac:02010b41cdec/antenna/tag/e2806894000050038661fd4f, 90
1652707719.045587, sdrt-health/mac:02010b41cdec/antenna/tag/e2806894000050038662154f, 97
1652707719.060354, sdrt-health/mac:02010b41cdec/antenna/tag/e2806894000050038662194f, 83
1652707719.081931, sdrt-health/mac:02010b41cdec/antenna/tag/e28068940000500386620d4f, 83
1652707719.112452, sdrt-health/mac:02010b41cdec/antenna/tag/e2806894000050038661fd4f, 90
1652707719.112678, sdrt-health/mac:02010b41cdec/antenna/tag/e28068940000400386621d4f, 96
1652707719.130481, sdrt-health/mac:02010b41cdec/antenna/tag/e2806894000050038662154f, 91
1652707719.163832, sdrt-health/mac:02010b41cdec/antenna/tag/e2806894000050038661fd4f, 90
1652707719.164143, sdrt-health/mac:02010b41cdec/antenna/tag/e2806894000050038661fd4f, 86
1652707719.190368, sdrt-health/mac:02010b41cdec/antenna/tag/e28068940000400386621d4f, 96
1652707719.247002, sdrt-health/mac:02010b41cdec/antenna/tag/e2806894000040038662114f, 88
1652707719.247536, sdrt-health/mac:02010b41cdec/antenna/tag/e2806894000040038662114f, 88
1652707719.423534, sdrt-health/mac:02010b41cdec/antenna/tag/scan, scan stopped
