1652707770.643699, sdrt-health/mac:02010b41cdec/antenna/power/set, {"power": 290}
1652707771.733953, sdrt-health/mac:02010b41cdec/antenna/power/set, 
1652707775.663823, sdrt-health/mac:02010b41cdec/antenna/tag/scan, {"time": 20000}
1652707776.111064, sdrt-health/mac:02010b41cdec/antenna/tag/e2806894000050038662194f, 87
1652707776.149449, sdrt-health/mac:02010b41cdec/antenna/tag/e2806894000050038661fd4f, 83
1652707776.271123, sdrt-health/mac:02010b41cdec/antenna/tag/e2806894000050038662154f, 88
1652707776.309681, sdrt-health/mac:02010b41cdec/antenna/tag/e2806894000050038661fd4f, 83
1652707776.36409, sdrt-health/mac:02010b41cdec/antenna/tag/e2806894000050038661fd4f, 86
1652707776.364466, sdrt-health/mac:02010b41cdec/antenna/tag/e2806894000050038661fd4f, 86
1652707776.390404, sdrt-health/mac:02010b41cdec/antenna/tag/e28068940000400386621d4f, 96
1652707776.446083, sdrt-health/mac:02010b41cdec/antenna/tag/e2806894000050038661fd4f, 86
1652707776.446611, sdrt-health/mac:02010b41cdec/antenna/tag/e2806894000050038661fd4f, 86
1652707776.46078, sdrt-health/mac:02010b41cdec/antenna/tag/e2806894000050038662154f, 91
1652707776.47018, sdrt-health/mac:02010b41cdec/antenna/tag/e28068940000500386620d4f, 83
1652707776.530626, sdrt-health/mac:02010b41cdec/antenna/tag/e28068940000500386620d4f, 87
1652707776.57139, sdrt-health/mac:02010b41cdec/antenna/tag/e28068940000400386621d4f, 77
1652707776.599083, sdrt-health/mac:02010b41cdec/antenna/tag/e2806894000050038661fd4f, 86
1652707776.599458, sdrt-health/mac:02010b41cdec/antenna/tag/e28068940000400386621d4f, 77
1652707776.613562, sdrt-health/mac:02010b41cdec/antenna/tag/e28068940000400386621d4f, 96
1652707776.649149, sdrt-health/mac:02010b41cdec/antenna/tag/e28068940000500386620d4f, 83
1652707776.690324, sdrt-health/mac:02010b41cdec/antenna/tag/e28068940000500386620d4f, 94
1652707776.773638, sdrt-health/mac:02010b41cdec/antenna/tag/e2806894000040038662114f, 91
1652707776.773957, sdrt-health/mac:02010b41cdec/antenna/tag/e2806894000040038662114f, 91
1652707776.787282, sdrt-health/mac:02010b41cdec/antenna/tag/e2806894000050038662194f, 88
1652707776.798962, sdrt-health/mac:02010b41cdec/antenna/tag/e2806894000050038661fd4f, 86
1652707776.839868, sdrt-health/mac:02010b41cdec/antenna/tag/e28068940000500386620d4f, 94
1652707776.880015, sdrt-health/mac:02010b41cdec/antenna/tag/e28068940000400386621d4f, 77
1652707776.920195, sdrt-health/mac:02010b41cdec/antenna/tag/e2806894000040038662114f, 85
1652707776.960284, sdrt-health/mac:02010b41cdec/antenna/tag/e2806894000040038662114f, 88
1652707776.999123, sdrt-health/mac:02010b41cdec/antenna/tag/e28068940000400386621d4f, 90
1652707777.039268, sdrt-health/mac:02010b41cdec/antenna/tag/e2806894000050038661fd4f, 86
1652707777.079603, sdrt-health/mac:02010b41cdec/antenna/tag/e2806894000040038662114f, 85
1652707777.17603, sdrt-health/mac:02010b41cdec/antenna/tag/e28068940000400386621d4f, 90
1652707777.176611, sdrt-health/mac:02010b41cdec/antenna/tag/e2806894000040038662114f, 91
1652707777.200413, sdrt-health/mac:02010b41cdec/antenna/tag/e28068940000500386620d4f, 83
1652707777.243438, sdrt-health/mac:02010b41cdec/antenna/tag/e2806894000050038662154f, 88
1652707777.279874, sdrt-health/mac:02010b41cdec/antenna/tag/e2806894000050038662154f, 85
1652707777.333689, sdrt-health/mac:02010b41cdec/antenna/tag/e28068940000500386620d4f, 87
1652707777.333951, sdrt-health/mac:02010b41cdec/antenna/tag/e2806894000040038662114f, 85
1652707777.347324, sdrt-health/mac:02010b41cdec/antenna/tag/e2806894000050038661fd4f, 83
1652707777.390393, sdrt-health/mac:02010b41cdec/antenna/tag/e2806894000050038662194f, 94
1652707777.431138, sdrt-health/mac:02010b41cdec/antenna/tag/e2806894000040038662114f, 88
1652707777.459419, sdrt-health/mac:02010b41cdec/antenna/tag/e2806894000050038662154f, 88
1652707777.459663, sdrt-health/mac:02010b41cdec/antenna/tag/e28068940000500386620d4f, 87
1652707777.474104, sdrt-health/mac:02010b41cdec/antenna/tag/e28068940000500386620d4f, 83
1652707777.474317, sdrt-health/mac:02010b41cdec/antenna/tag/e28068940000400386621d4f, 96
1652707777.530391, sdrt-health/mac:02010b41cdec/antenna/tag/e28068940000400386621d4f, 96
1652707777.570401, sdrt-health/mac:02010b41cdec/antenna/tag/e2806894000050038661fd4f, 83
1652707777.610289, sdrt-health/mac:02010b41cdec/antenna/tag/e2806894000050038662154f, 88
1652707777.650816, sdrt-health/mac:02010b41cdec/antenna/tag/e2806894000050038662154f, 91
1652707777.689686, sdrt-health/mac:02010b41cdec/antenna/tag/e2806894000040038662114f, 88
1652707777.689923, sdrt-health/mac:02010b41cdec/antenna/tag/e2806894000050038662154f, 88
1652707777.707765, sdrt-health/mac:02010b41cdec/antenna/tag/e2806894000040038662114f, 85
1652707777.730163, sdrt-health/mac:02010b41cdec/antenna/tag/e2806894000050038661fd4f, 83
1652707777.757183, sdrt-health/mac:02010b41cdec/antenna/tag/e28068940000400386621d4f, 77
1652707777.757408, sdrt-health/mac:02010b41cdec/antenna/tag/e2806894000050038661fd4f, 86
1652707777.769746, sdrt-health/mac:02010b41cdec/antenna/tag/e2806894000040038662114f, 88
1652707777.809754, sdrt-health/mac:02010b41cdec/antenna/tag/e2806894000040038662114f, 91
1652707777.80999, sdrt-health/mac:02010b41cdec/antenna/tag/e2806894000050038662154f, 85
1652707777.851125, sdrt-health/mac:02010b41cdec/antenna/tag/e28068940000500386620d4f, 81
1652707777.903205, sdrt-health/mac:02010b41cdec/antenna/tag/e28068940000400386621d4f, 96
1652707777.903435, sdrt-health/mac:02010b41cdec/antenna/tag/e2806894000050038661fd4f, 86
1652707777.938858, sdrt-health/mac:02010b41cdec/antenna/tag/e28068940000500386620d4f, 83
1652707777.966568, sdrt-health/mac:02010b41cdec/antenna/tag/e2806894000050038662154f, 97
1652707777.966817, sdrt-health/mac:02010b41cdec/antenna/tag/e28068940000500386620d4f, 81
1652707777.979806, sdrt-health/mac:02010b41cdec/antenna/tag/e2806894000050038662154f, 97
1652707777.980004, sdrt-health/mac:02010b41cdec/antenna/tag/e28068940000400386621d4f, 96
1652707778.019903, sdrt-health/mac:02010b41cdec/antenna/tag/e2806894000050038661fd4f, 86
1652707778.072256, sdrt-health/mac:02010b41cdec/antenna/tag/e28068940000400386621d4f, 90
1652707778.072463, sdrt-health/mac:02010b41cdec/antenna/tag/e28068940000400386621d4f, 96
1652707778.085643, sdrt-health/mac:02010b41cdec/antenna/tag/e2806894000050038661fd4f, 86
1652707778.100366, sdrt-health/mac:02010b41cdec/antenna/tag/e2806894000050038661fd4f, 86
1652707778.140837, sdrt-health/mac:02010b41cdec/antenna/tag/e2806894000040038662114f, 83
1652707778.204786, sdrt-health/mac:02010b41cdec/antenna/tag/e2806894000050038662154f, 88
1652707778.20507, sdrt-health/mac:02010b41cdec/antenna/tag/e2806894000050038662154f, 88
1652707778.230721, sdrt-health/mac:02010b41cdec/antenna/tag/e2806894000050038662154f, 88
1652707778.290562, sdrt-health/mac:02010b41cdec/antenna/tag/e28068940000400386621d4f, 96
1652707778.290812, sdrt-health/mac:02010b41cdec/antenna/tag/e2806894000050038662194f, 94
1652707778.308898, sdrt-health/mac:02010b41cdec/antenna/tag/e2806894000050038662154f, 91
1652707778.351656, sdrt-health/mac:02010b41cdec/antenna/tag/e2806894000040038662114f, 88
1652707778.399662, sdrt-health/mac:02010b41cdec/antenna/tag/e2806894000050038662154f, 88
1652707778.427816, sdrt-health/mac:02010b41cdec/antenna/tag/e2806894000050038661fd4f, 83
1652707778.428028, sdrt-health/mac:02010b41cdec/antenna/tag/e2806894000050038661fd4f, 86
1652707778.441075, sdrt-health/mac:02010b41cdec/antenna/tag/e2806894000050038662154f, 88
1652707778.483093, sdrt-health/mac:02010b41cdec/antenna/tag/e2806894000040038662114f, 88
1652707778.531331, sdrt-health/mac:02010b41cdec/antenna/tag/e2806894000050038662194f, 81
1652707778.531553, sdrt-health/mac:02010b41cdec/antenna/tag/e2806894000040038662114f, 85
1652707778.570854, sdrt-health/mac:02010b41cdec/antenna/tag/e28068940000400386621d4f, 77
1652707778.609823, sdrt-health/mac:02010b41cdec/antenna/tag/e2806894000040038662114f, 85
1652707778.650059, sdrt-health/mac:02010b41cdec/antenna/tag/e2806894000050038661fd4f, 83
1652707778.678502, sdrt-health/mac:02010b41cdec/antenna/tag/e2806894000050038662154f, 91
1652707778.678914, sdrt-health/mac:02010b41cdec/antenna/tag/e28068940000400386621d4f, 77
1652707778.692362, sdrt-health/mac:02010b41cdec/antenna/tag/e2806894000050038661fd4f, 90
1652707778.728959, sdrt-health/mac:02010b41cdec/antenna/tag/e28068940000500386620d4f, 83
1652707778.783595, sdrt-health/mac:02010b41cdec/antenna/tag/e28068940000400386621d4f, 90
1652707778.784048, sdrt-health/mac:02010b41cdec/antenna/tag/e2806894000050038662194f, 83
1652707778.784428, sdrt-health/mac:02010b41cdec/antenna/tag/e2806894000050038662154f, 91
1652707778.784924, sdrt-health/mac:02010b41cdec/antenna/tag/e28068940000500386620d4f, 83
1652707778.809634, sdrt-health/mac:02010b41cdec/antenna/tag/e28068940000400386621d4f, 90
1652707778.849221, sdrt-health/mac:02010b41cdec/antenna/tag/e2806894000050038661fd4f, 83
1652707778.84947, sdrt-health/mac:02010b41cdec/antenna/tag/e2806894000040038662114f, 88
1652707778.904686, sdrt-health/mac:02010b41cdec/antenna/tag/e2806894000040038662114f, 85
1652707778.905203, sdrt-health/mac:02010b41cdec/antenna/tag/e2806894000040038662114f, 85
1652707778.932274, sdrt-health/mac:02010b41cdec/antenna/tag/e2806894000050038661fd4f, 83
1652707778.999826, sdrt-health/mac:02010b41cdec/antenna/tag/e2806894000050038661fd4f, 86
1652707779.039174, sdrt-health/mac:02010b41cdec/antenna/tag/e28068940000400386621d4f, 96
1652707779.039462, sdrt-health/mac:02010b41cdec/antenna/tag/e2806894000040038662114f, 91
1652707779.052574, sdrt-health/mac:02010b41cdec/antenna/tag/e28068940000400386621d4f, 96
1652707779.079541, sdrt-health/mac:02010b41cdec/antenna/tag/e2806894000040038662114f, 88
1652707779.118689, sdrt-health/mac:02010b41cdec/antenna/tag/e28068940000400386621d4f, 96
1652707779.172582, sdrt-health/mac:02010b41cdec/antenna/tag/e2806894000050038661fd4f, 86
1652707779.172832, sdrt-health/mac:02010b41cdec/antenna/tag/e28068940000400386621d4f, 96
1652707779.172996, sdrt-health/mac:02010b41cdec/antenna/tag/e2806894000050038661fd4f, 86
1652707779.199819, sdrt-health/mac:02010b41cdec/antenna/tag/e28068940000400386621d4f, 96
1652707779.24071, sdrt-health/mac:02010b41cdec/antenna/tag/e28068940000400386621d4f, 96
1652707779.268925, sdrt-health/mac:02010b41cdec/antenna/tag/e2806894000050038661fd4f, 83
1652707779.269251, sdrt-health/mac:02010b41cdec/antenna/tag/e28068940000400386621d4f, 96
1652707779.286439, sdrt-health/mac:02010b41cdec/antenna/tag/e2806894000040038662114f, 85
1652707779.286705, sdrt-health/mac:02010b41cdec/antenna/tag/e28068940000400386621d4f, 96
1652707779.286938, sdrt-health/mac:02010b41cdec/antenna/tag/e2806894000040038662114f, 88
1652707779.32009, sdrt-health/mac:02010b41cdec/antenna/tag/e2806894000040038662114f, 91
1652707779.362539, sdrt-health/mac:02010b41cdec/antenna/tag/e2806894000040038661f94f, 81
1652707779.390035, sdrt-health/mac:02010b41cdec/antenna/tag/e2806894000040038662214f, 81
1652707779.390242, sdrt-health/mac:02010b41cdec/antenna/tag/e2806894000040038662114f, 88
1652707779.40351, sdrt-health/mac:02010b41cdec/antenna/tag/e28068940000400386621d4f, 77
1652707779.438994, sdrt-health/mac:02010b41cdec/antenna/tag/e28068940000500386620d4f, 81
1652707779.480295, sdrt-health/mac:02010b41cdec/antenna/tag/e28068940000400386621d4f, 96
1652707779.527887, sdrt-health/mac:02010b41cdec/antenna/tag/e2806894000040038662114f, 88
1652707779.555689, sdrt-health/mac:02010b41cdec/antenna/tag/e2806894000050038662154f, 88
1652707779.555886, sdrt-health/mac:02010b41cdec/antenna/tag/e2806894000050038661fd4f, 83
1652707779.580031, sdrt-health/mac:02010b41cdec/antenna/tag/e28068940000400386621d4f, 96
1652707779.610044, sdrt-health/mac:02010b41cdec/antenna/tag/e2806894000040038662114f, 85
1652707779.610252, sdrt-health/mac:02010b41cdec/antenna/tag/e2806894000050038661fd4f, 83
1652707779.639902, sdrt-health/mac:02010b41cdec/antenna/tag/e2806894000040038662114f, 91
1652707779.668455, sdrt-health/mac:02010b41cdec/antenna/tag/e2806894000050038661fd4f, 86
1652707779.668691, sdrt-health/mac:02010b41cdec/antenna/tag/e28068940000400386621d4f, 96
1652707779.683006, sdrt-health/mac:02010b41cdec/antenna/tag/e28068940000400386621d4f, 90
1652707779.719378, sdrt-health/mac:02010b41cdec/antenna/tag/e2806894000040038662114f, 97
1652707779.759954, sdrt-health/mac:02010b41cdec/antenna/tag/e2806894000050038662194f, 81
1652707779.800858, sdrt-health/mac:02010b41cdec/antenna/tag/e2806894000050038661fd4f, 86
1652707779.869407, sdrt-health/mac:02010b41cdec/antenna/tag/e28068940000500386620d4f, 83
1652707779.90973, sdrt-health/mac:02010b41cdec/antenna/tag/e2806894000050038661fd4f, 83
1652707779.9368, sdrt-health/mac:02010b41cdec/antenna/tag/e2806894000040038662114f, 88
1652707779.937083, sdrt-health/mac:02010b41cdec/antenna/tag/e28068940000500386620d4f, 81
1652707779.950444, sdrt-health/mac:02010b41cdec/antenna/tag/e2806894000040038662114f, 85
1652707780.004222, sdrt-health/mac:02010b41cdec/antenna/tag/e2806894000040038662114f, 85
1652707780.004733, sdrt-health/mac:02010b41cdec/antenna/tag/e2806894000050038662154f, 97
1652707780.029277, sdrt-health/mac:02010b41cdec/antenna/tag/e2806894000040038662114f, 88
1652707780.069484, sdrt-health/mac:02010b41cdec/antenna/tag/e2806894000040038662114f, 85
1652707780.109619, sdrt-health/mac:02010b41cdec/antenna/tag/e2806894000040038662114f, 88
1652707780.150013, sdrt-health/mac:02010b41cdec/antenna/tag/e2806894000040038662114f, 88
1652707780.212975, sdrt-health/mac:02010b41cdec/antenna/tag/e2806894000040038662114f, 85
1652707780.213492, sdrt-health/mac:02010b41cdec/antenna/tag/e2806894000050038661fd4f, 86
1652707780.227661, sdrt-health/mac:02010b41cdec/antenna/tag/e2806894000050038662154f, 97
1652707780.239242, sdrt-health/mac:02010b41cdec/antenna/tag/e28068940000400386621d4f, 96
1652707780.241788, sdrt-health/mac:02010b41cdec/antenna/tag/e2806894000040038662114f, 85
1652707780.280091, sdrt-health/mac:02010b41cdec/antenna/tag/e28068940000400386621d4f, 77
1652707780.346166, sdrt-health/mac:02010b41cdec/antenna/tag/e2806894000050038661fd4f, 83
1652707780.346643, sdrt-health/mac:02010b41cdec/antenna/tag/e28068940000500386620d4f, 83
1652707780.375484, sdrt-health/mac:02010b41cdec/antenna/tag/e28068940000400386621d4f, 96
1652707780.375809, sdrt-health/mac:02010b41cdec/antenna/tag/e2806894000040038662214f, 94
1652707780.376048, sdrt-health/mac:02010b41cdec/antenna/tag/e2806894000050038662154f, 88
1652707780.406528, sdrt-health/mac:02010b41cdec/antenna/tag/e28068940000500386620d4f, 83
1652707780.475073, sdrt-health/mac:02010b41cdec/antenna/tag/e2806894000050038661fd4f, 86
1652707780.475571, sdrt-health/mac:02010b41cdec/antenna/tag/e2806894000040038662114f, 88
1652707780.475948, sdrt-health/mac:02010b41cdec/antenna/tag/e2806894000040038662114f, 88
1652707780.496183, sdrt-health/mac:02010b41cdec/antenna/tag/e2806894000040038662114f, 85
1652707780.539918, sdrt-health/mac:02010b41cdec/antenna/tag/e28068940000500386620d4f, 94
1652707780.588926, sdrt-health/mac:02010b41cdec/antenna/tag/e2806894000050038661fd4f, 86
1652707780.664868, sdrt-health/mac:02010b41cdec/antenna/tag/e2806894000050038662154f, 88
1652707780.665295, sdrt-health/mac:02010b41cdec/antenna/tag/e2806894000040038662114f, 91
1652707780.689448, sdrt-health/mac:02010b41cdec/antenna/tag/e28068940000500386620d4f, 81
1652707780.72964, sdrt-health/mac:02010b41cdec/antenna/tag/e2806894000050038661fd4f, 86
1652707780.730012, sdrt-health/mac:02010b41cdec/antenna/tag/e28068940000400386621d4f, 90
1652707780.743992, sdrt-health/mac:02010b41cdec/antenna/tag/e2806894000050038661fd4f, 90
1652707780.770923, sdrt-health/mac:02010b41cdec/antenna/tag/e2806894000050038661fd4f, 83
1652707780.809749, sdrt-health/mac:02010b41cdec/antenna/tag/e2806894000050038662154f, 85
1652707780.863725, sdrt-health/mac:02010b41cdec/antenna/tag/e28068940000500386620d4f, 83
1652707780.864338, sdrt-health/mac:02010b41cdec/antenna/tag/e2806894000050038661fd4f, 86
1652707780.877737, sdrt-health/mac:02010b41cdec/antenna/tag/e2806894000050038662194f, 81
1652707780.919659, sdrt-health/mac:02010b41cdec/antenna/tag/e2806894000040038662114f, 85
1652707780.968457, sdrt-health/mac:02010b41cdec/antenna/tag/e2806894000050038661fd4f, 90
1652707780.968807, sdrt-health/mac:02010b41cdec/antenna/tag/e2806894000050038662154f, 88
1652707781.011143, sdrt-health/mac:02010b41cdec/antenna/tag/e28068940000400386621d4f, 96
1652707781.064124, sdrt-health/mac:02010b41cdec/antenna/tag/e2806894000050038662154f, 91
1652707781.065199, sdrt-health/mac:02010b41cdec/antenna/tag/e2806894000050038662154f, 88
1652707781.090458, sdrt-health/mac:02010b41cdec/antenna/tag/e28068940000500386620d4f, 81
1652707781.130207, sdrt-health/mac:02010b41cdec/antenna/tag/e2806894000050038662154f, 91
1652707781.157917, sdrt-health/mac:02010b41cdec/antenna/tag/e2806894000050038661fd4f, 86
1652707781.158183, sdrt-health/mac:02010b41cdec/antenna/tag/e2806894000040038662114f, 88
1652707781.171967, sdrt-health/mac:02010b41cdec/antenna/tag/e2806894000050038661fd4f, 83
1652707781.210288, sdrt-health/mac:02010b41cdec/antenna/tag/e28068940000500386620d4f, 87
1652707781.264817, sdrt-health/mac:02010b41cdec/antenna/tag/e28068940000400386621d4f, 77
1652707781.265312, sdrt-health/mac:02010b41cdec/antenna/tag/e2806894000050038661fd4f, 83
1652707781.280496, sdrt-health/mac:02010b41cdec/antenna/tag/e2806894000050038661fd4f, 83
1652707781.281021, sdrt-health/mac:02010b41cdec/antenna/tag/e2806894000040038662114f, 85
1652707781.289646, sdrt-health/mac:02010b41cdec/antenna/tag/e28068940000500386620d4f, 87
1652707781.331124, sdrt-health/mac:02010b41cdec/antenna/tag/e28068940000400386621d4f, 77
1652707781.37016, sdrt-health/mac:02010b41cdec/antenna/tag/e2806894000050038661fd4f, 83
1652707781.398005, sdrt-health/mac:02010b41cdec/antenna/tag/e2806894000050038662154f, 85
1652707781.398453, sdrt-health/mac:02010b41cdec/antenna/tag/e2806894000050038662194f, 82
1652707781.413367, sdrt-health/mac:02010b41cdec/antenna/tag/e2806894000050038661fd4f, 83
1652707781.449933, sdrt-health/mac:02010b41cdec/antenna/tag/e2806894000050038661fd4f, 86
1652707781.477842, sdrt-health/mac:02010b41cdec/antenna/tag/e2806894000040038662114f, 85
1652707781.478102, sdrt-health/mac:02010b41cdec/antenna/tag/e2806894000050038662154f, 91
1652707781.493013, sdrt-health/mac:02010b41cdec/antenna/tag/e2806894000050038662154f, 91
1652707781.49353, sdrt-health/mac:02010b41cdec/antenna/tag/e28068940000400386621d4f, 77
1652707781.533306, sdrt-health/mac:02010b41cdec/antenna/tag/e2806894000050038661fd4f, 86
1652707781.593352, sdrt-health/mac:02010b41cdec/antenna/tag/e2806894000040038662114f, 88
1652707781.593857, sdrt-health/mac:02010b41cdec/antenna/tag/e2806894000040038662114f, 88
1652707781.611327, sdrt-health/mac:02010b41cdec/antenna/tag/e2806894000050038661fd4f, 86
1652707781.621562, sdrt-health/mac:02010b41cdec/antenna/tag/e2806894000050038661fd4f, 83
1652707781.660466, sdrt-health/mac:02010b41cdec/antenna/tag/e28068940000400386621d4f, 96
1652707781.700302, sdrt-health/mac:02010b41cdec/antenna/tag/e28068940000400386621d4f, 90
1652707781.753593, sdrt-health/mac:02010b41cdec/antenna/tag/e28068940000500386620d4f, 94
1652707781.753964, sdrt-health/mac:02010b41cdec/antenna/tag/e2806894000050038662194f, 83
1652707781.780413, sdrt-health/mac:02010b41cdec/antenna/tag/e2806894000050038661fd4f, 90
1652707781.844478, sdrt-health/mac:02010b41cdec/antenna/tag/e2806894000040038662114f, 88
1652707781.844982, sdrt-health/mac:02010b41cdec/antenna/tag/e28068940000500386620d4f, 87
1652707781.871126, sdrt-health/mac:02010b41cdec/antenna/tag/e2806894000040038662114f, 85
1652707781.910177, sdrt-health/mac:02010b41cdec/antenna/tag/e2806894000050038661fd4f, 86
1652707781.949543, sdrt-health/mac:02010b41cdec/antenna/tag/e2806894000050038661fd4f, 86
1652707782.00555, sdrt-health/mac:02010b41cdec/antenna/tag/e2806894000050038662194f, 83
1652707782.005983, sdrt-health/mac:02010b41cdec/antenna/tag/e2806894000050038661fd4f, 86
1652707782.019714, sdrt-health/mac:02010b41cdec/antenna/tag/e2806894000040038662114f, 91
1652707782.031036, sdrt-health/mac:02010b41cdec/antenna/tag/e2806894000050038662194f, 81
1652707782.034287, sdrt-health/mac:02010b41cdec/antenna/tag/e2806894000050038662154f, 88
1652707782.034597, sdrt-health/mac:02010b41cdec/antenna/tag/e2806894000040038662114f, 88
1652707782.080612, sdrt-health/mac:02010b41cdec/antenna/tag/e2806894000050038662154f, 88
1652707782.127273, sdrt-health/mac:02010b41cdec/antenna/tag/e28068940000400386621d4f, 96
1652707782.127645, sdrt-health/mac:02010b41cdec/antenna/tag/e2806894000050038662154f, 91
1652707782.169724, sdrt-health/mac:02010b41cdec/antenna/tag/e2806894000040038662114f, 88
1652707782.230288, sdrt-health/mac:02010b41cdec/antenna/tag/e2806894000040038662114f, 88
1652707782.270764, sdrt-health/mac:02010b41cdec/antenna/tag/e28068940000400386621d4f, 96
1652707782.310162, sdrt-health/mac:02010b41cdec/antenna/tag/e28068940000400386621d4f, 96
1652707782.350434, sdrt-health/mac:02010b41cdec/antenna/tag/e2806894000040038662114f, 91
1652707782.40379, sdrt-health/mac:02010b41cdec/antenna/tag/e2806894000050038661fd4f, 86
1652707782.404246, sdrt-health/mac:02010b41cdec/antenna/tag/e2806894000040038662114f, 91
1652707782.430159, sdrt-health/mac:02010b41cdec/antenna/tag/e2806894000050038662154f, 91
1652707782.469798, sdrt-health/mac:02010b41cdec/antenna/tag/e2806894000040038661f94f, 88
1652707782.470117, sdrt-health/mac:02010b41cdec/antenna/tag/e28068940000500386620d4f, 94
1652707782.511219, sdrt-health/mac:02010b41cdec/antenna/tag/e2806894000040038662114f, 88
1652707782.511616, sdrt-health/mac:02010b41cdec/antenna/tag/e2806894000050038662154f, 85
1652707782.599826, sdrt-health/mac:02010b41cdec/antenna/tag/e2806894000050038662154f, 88
1652707782.669672, sdrt-health/mac:02010b41cdec/antenna/tag/e28068940000400386621d4f, 90
1652707782.743863, sdrt-health/mac:02010b41cdec/antenna/tag/e28068940000500386620d4f, 93
1652707782.744399, sdrt-health/mac:02010b41cdec/antenna/tag/e2806894000050038661fd4f, 83
1652707782.770022, sdrt-health/mac:02010b41cdec/antenna/tag/e28068940000400386621d4f, 77
1652707782.770336, sdrt-health/mac:02010b41cdec/antenna/tag/e28068940000500386620d4f, 94
1652707782.860282, sdrt-health/mac:02010b41cdec/antenna/tag/e2806894000050038662154f, 91
1652707782.901712, sdrt-health/mac:02010b41cdec/antenna/tag/e28068940000400386621d4f, 96
1652707782.948073, sdrt-health/mac:02010b41cdec/antenna/tag/e2806894000050038662194f, 94
1652707783.005068, sdrt-health/mac:02010b41cdec/antenna/tag/e28068940000500386620d4f, 94
1652707783.005407, sdrt-health/mac:02010b41cdec/antenna/tag/e2806894000050038661fd4f, 83
1652707783.051607, sdrt-health/mac:02010b41cdec/antenna/tag/e28068940000400386621d4f, 77
1652707783.129768, sdrt-health/mac:02010b41cdec/antenna/tag/e28068940000500386620d4f, 83
1652707783.170223, sdrt-health/mac:02010b41cdec/antenna/tag/e2806894000050038661fd4f, 86
1652707783.256051, sdrt-health/mac:02010b41cdec/antenna/tag/e2806894000040038662114f, 91
1652707783.256507, sdrt-health/mac:02010b41cdec/antenna/tag/e28068940000500386620d4f, 81
1652707783.280578, sdrt-health/mac:02010b41cdec/antenna/tag/e28068940000400386621d4f, 90
1652707783.308837, sdrt-health/mac:02010b41cdec/antenna/tag/e2806894000050038662194f, 83
1652707783.30913, sdrt-health/mac:02010b41cdec/antenna/tag/e28068940000500386620d4f, 94
1652707783.327986, sdrt-health/mac:02010b41cdec/antenna/tag/e2806894000050038661fd4f, 86
1652707783.359842, sdrt-health/mac:02010b41cdec/antenna/tag/e28068940000400386621d4f, 96
1652707783.420437, sdrt-health/mac:02010b41cdec/antenna/tag/e2806894000050038662194f, 81
1652707783.460283, sdrt-health/mac:02010b41cdec/antenna/tag/e2806894000050038661fd4f, 83
1652707783.554505, sdrt-health/mac:02010b41cdec/antenna/tag/e28068940000400386621d4f, 96
1652707783.554951, sdrt-health/mac:02010b41cdec/antenna/tag/e28068940000400386621d4f, 96
1652707783.580306, sdrt-health/mac:02010b41cdec/antenna/tag/e28068940000500386620d4f, 81
1652707783.620382, sdrt-health/mac:02010b41cdec/antenna/tag/e2806894000040038662114f, 88
1652707783.660627, sdrt-health/mac:02010b41cdec/antenna/tag/e28068940000400386621d4f, 96
1652707783.661049, sdrt-health/mac:02010b41cdec/antenna/tag/e2806894000050038661fd4f, 86
1652707783.675026, sdrt-health/mac:02010b41cdec/antenna/tag/e2806894000040038662114f, 91
1652707783.675342, sdrt-health/mac:02010b41cdec/antenna/tag/e2806894000050038662154f, 88
1652707783.702438, sdrt-health/mac:02010b41cdec/antenna/tag/e28068940000400386621d4f, 90
1652707783.754478, sdrt-health/mac:02010b41cdec/antenna/tag/e2806894000050038661fd4f, 86
1652707783.754955, sdrt-health/mac:02010b41cdec/antenna/tag/e28068940000500386620d4f, 81
1652707783.756449, sdrt-health/mac:02010b41cdec/antenna/tag/e28068940000500386620d4f, 81
1652707783.787378, sdrt-health/mac:02010b41cdec/antenna/tag/e28068940000500386620d4f, 87
1652707783.845449, sdrt-health/mac:02010b41cdec/antenna/tag/e28068940000400386621d4f, 90
1652707783.846023, sdrt-health/mac:02010b41cdec/antenna/tag/e2806894000050038662194f, 81
1652707783.860815, sdrt-health/mac:02010b41cdec/antenna/tag/e2806894000040038662114f, 88
1652707783.868977, sdrt-health/mac:02010b41cdec/antenna/tag/e2806894000050038662154f, 88
1652707783.910593, sdrt-health/mac:02010b41cdec/antenna/tag/e2806894000050038662194f, 81
1652707783.911024, sdrt-health/mac:02010b41cdec/antenna/tag/e2806894000050038662154f, 88
1652707783.960602, sdrt-health/mac:02010b41cdec/antenna/tag/e28068940000400386621d4f, 96
1652707784.013822, sdrt-health/mac:02010b41cdec/antenna/tag/e2806894000050038662154f, 88
1652707784.014243, sdrt-health/mac:02010b41cdec/antenna/tag/e28068940000500386620d4f, 83
1652707784.014574, sdrt-health/mac:02010b41cdec/antenna/tag/e2806894000050038661fd4f, 86
1652707784.03984, sdrt-health/mac:02010b41cdec/antenna/tag/e28068940000500386620d4f, 87
1652707784.067368, sdrt-health/mac:02010b41cdec/antenna/tag/e2806894000040038662114f, 88
1652707784.067716, sdrt-health/mac:02010b41cdec/antenna/tag/e2806894000050038661fd4f, 83
1652707784.080338, sdrt-health/mac:02010b41cdec/antenna/tag/e2806894000050038662154f, 88
1652707784.080789, sdrt-health/mac:02010b41cdec/antenna/tag/e2806894000050038662194f, 94
1652707784.119565, sdrt-health/mac:02010b41cdec/antenna/tag/e2806894000050038661fd4f, 83
1652707784.173835, sdrt-health/mac:02010b41cdec/antenna/tag/e28068940000500386620d4f, 81
1652707784.174076, sdrt-health/mac:02010b41cdec/antenna/tag/e2806894000050038661fd4f, 86
1652707784.210911, sdrt-health/mac:02010b41cdec/antenna/tag/e28068940000400386621d4f, 77
1652707784.249639, sdrt-health/mac:02010b41cdec/antenna/tag/e2806894000040038662114f, 85
1652707784.291109, sdrt-health/mac:02010b41cdec/antenna/tag/e28068940000400386621d4f, 96
1652707784.330694, sdrt-health/mac:02010b41cdec/antenna/tag/e2806894000050038661fd4f, 83
1652707784.370001, sdrt-health/mac:02010b41cdec/antenna/tag/e28068940000500386620d4f, 93
1652707784.45131, sdrt-health/mac:02010b41cdec/antenna/tag/e2806894000040038662114f, 88
1652707784.498147, sdrt-health/mac:02010b41cdec/antenna/tag/e28068940000400386621d4f, 96
1652707784.540567, sdrt-health/mac:02010b41cdec/antenna/tag/e2806894000040038662114f, 91
1652707784.58022, sdrt-health/mac:02010b41cdec/antenna/tag/e2806894000050038661fd4f, 86
1652707784.633759, sdrt-health/mac:02010b41cdec/antenna/tag/e2806894000040038662114f, 91
1652707784.634492, sdrt-health/mac:02010b41cdec/antenna/tag/e28068940000500386620d4f, 94
1652707784.660567, sdrt-health/mac:02010b41cdec/antenna/tag/e2806894000040038662114f, 91
1652707784.708216, sdrt-health/mac:02010b41cdec/antenna/tag/e2806894000050038661fd4f, 86
1652707784.745755, sdrt-health/mac:02010b41cdec/antenna/tag/e2806894000050038662154f, 88
1652707784.758182, sdrt-health/mac:02010b41cdec/antenna/tag/e2806894000050038662194f, 83
1652707784.758396, sdrt-health/mac:02010b41cdec/antenna/tag/e28068940000400386621d4f, 96
1652707784.790129, sdrt-health/mac:02010b41cdec/antenna/tag/e2806894000040038662114f, 91
1652707784.832271, sdrt-health/mac:02010b41cdec/antenna/tag/e2806894000040038662054f, 83
1652707784.907987, sdrt-health/mac:02010b41cdec/antenna/tag/e28068940000400386621d4f, 96
1652707784.908394, sdrt-health/mac:02010b41cdec/antenna/tag/e2806894000050038661fd4f, 83
1652707784.908685, sdrt-health/mac:02010b41cdec/antenna/tag/e2806894000040038662114f, 85
1652707784.909043, sdrt-health/mac:02010b41cdec/antenna/tag/e28068940000400386621d4f, 96
1652707784.909347, sdrt-health/mac:02010b41cdec/antenna/tag/e2806894000050038661fd4f, 83
1652707784.909619, sdrt-health/mac:02010b41cdec/antenna/tag/e2806894000040038662114f, 88
1652707784.941487, sdrt-health/mac:02010b41cdec/antenna/tag/e2806894000050038661fd4f, 83
1652707784.950472, sdrt-health/mac:02010b41cdec/antenna/tag/e2806894000050038661fd4f, 86
1652707784.989678, sdrt-health/mac:02010b41cdec/antenna/tag/e2806894000050038662154f, 85
1652707785.044905, sdrt-health/mac:02010b41cdec/antenna/tag/e2806894000040038662114f, 88
1652707785.081729, sdrt-health/mac:02010b41cdec/antenna/tag/e2806894000050038661fd4f, 86
1652707785.156076, sdrt-health/mac:02010b41cdec/antenna/tag/e28068940000400386621d4f, 96
1652707785.156547, sdrt-health/mac:02010b41cdec/antenna/tag/e2806894000050038662154f, 91
1652707785.156929, sdrt-health/mac:02010b41cdec/antenna/tag/e2806894000050038661fd4f, 86
1652707785.180383, sdrt-health/mac:02010b41cdec/antenna/tag/e2806894000050038661fd4f, 83
1652707785.180966, sdrt-health/mac:02010b41cdec/antenna/tag/e28068940000400386621d4f, 77
1652707785.199503, sdrt-health/mac:02010b41cdec/antenna/tag/e28068940000400386621d4f, 96
1652707785.255323, sdrt-health/mac:02010b41cdec/antenna/tag/e2806894000050038662194f, 83
1652707785.38115, sdrt-health/mac:02010b41cdec/antenna/tag/e2806894000050038662154f, 85
1652707785.38198, sdrt-health/mac:02010b41cdec/antenna/tag/e28068940000400386621d4f, 96
1652707785.400768, sdrt-health/mac:02010b41cdec/antenna/tag/e28068940000400386621d4f, 96
1652707785.430205, sdrt-health/mac:02010b41cdec/antenna/tag/e2806894000050038662154f, 91
1652707785.430701, sdrt-health/mac:02010b41cdec/antenna/tag/e28068940000400386621d4f, 77
1652707785.481127, sdrt-health/mac:02010b41cdec/antenna/tag/e28068940000400386621d4f, 96
1652707785.520248, sdrt-health/mac:02010b41cdec/antenna/tag/e2806894000050038661fd4f, 86
1652707785.560482, sdrt-health/mac:02010b41cdec/antenna/tag/e2806894000050038662154f, 97
1652707785.651766, sdrt-health/mac:02010b41cdec/antenna/tag/e2806894000050038662154f, 91
1652707785.652275, sdrt-health/mac:02010b41cdec/antenna/tag/e2806894000050038662154f, 97
1652707785.684017, sdrt-health/mac:02010b41cdec/antenna/tag/e28068940000500386620d4f, 88
1652707785.782795, sdrt-health/mac:02010b41cdec/antenna/tag/e2806894000050038661fd4f, 90
1652707785.783325, sdrt-health/mac:02010b41cdec/antenna/tag/e28068940000400386621d4f, 96
1652707785.783663, sdrt-health/mac:02010b41cdec/antenna/tag/e2806894000050038661fd4f, 83
1652707785.783983, sdrt-health/mac:02010b41cdec/antenna/tag/e2806894000050038662154f, 91
1652707785.801579, sdrt-health/mac:02010b41cdec/antenna/tag/e2806894000040038662114f, 88
1652707785.869411, sdrt-health/mac:02010b41cdec/antenna/tag/e2806894000050038661fd4f, 86
1652707785.869887, sdrt-health/mac:02010b41cdec/antenna/tag/e2806894000040038662114f, 88
1652707785.870281, sdrt-health/mac:02010b41cdec/antenna/tag/e2806894000040038661f94f, 81
1652707785.916385, sdrt-health/mac:02010b41cdec/antenna/tag/e28068940000400386621d4f, 77
1652707785.987431, sdrt-health/mac:02010b41cdec/antenna/tag/e2806894000040038662214f, 94
1652707785.987938, sdrt-health/mac:02010b41cdec/antenna/tag/e2806894000050038662154f, 88
1652707786.02307, sdrt-health/mac:02010b41cdec/antenna/tag/e2806894000040038662214f, 94
1652707786.023507, sdrt-health/mac:02010b41cdec/antenna/tag/e28068940000400386621d4f, 96
1652707786.023817, sdrt-health/mac:02010b41cdec/antenna/tag/e2806894000050038661fd4f, 83
1652707786.061303, sdrt-health/mac:02010b41cdec/antenna/tag/e2806894000050038662154f, 88
1652707786.091987, sdrt-health/mac:02010b41cdec/antenna/tag/e28068940000400386621d4f, 96
1652707786.361268, sdrt-health/mac:02010b41cdec/antenna/tag/e2806894000040038662114f, 91
1652707786.408409, sdrt-health/mac:02010b41cdec/antenna/tag/e2806894000050038661fd4f, 86
1652707786.408604, sdrt-health/mac:02010b41cdec/antenna/tag/e2806894000050038662194f, 81
1652707786.40872, sdrt-health/mac:02010b41cdec/antenna/tag/e28068940000500386620d4f, 81
1652707786.408851, sdrt-health/mac:02010b41cdec/antenna/tag/e2806894000040038662114f, 91
1652707786.425446, sdrt-health/mac:02010b41cdec/antenna/tag/e28068940000500386620d4f, 83
1652707786.425923, sdrt-health/mac:02010b41cdec/antenna/tag/e2806894000050038662194f, 94
1652707786.426246, sdrt-health/mac:02010b41cdec/antenna/tag/e2806894000050038661fd4f, 86
1652707786.426545, sdrt-health/mac:02010b41cdec/antenna/tag/e2806894000040038662114f, 97
1652707786.427495, sdrt-health/mac:02010b41cdec/antenna/tag/e2806894000040038662114f, 88
1652707786.427769, sdrt-health/mac:02010b41cdec/antenna/tag/e2806894000040038662114f, 88
1652707786.535043, sdrt-health/mac:02010b41cdec/antenna/tag/e28068940000400386621d4f, 96
1652707786.5823, sdrt-health/mac:02010b41cdec/antenna/tag/e28068940000400386621d4f, 77
1652707786.610143, sdrt-health/mac:02010b41cdec/antenna/tag/e28068940000400386621d4f, 77
1652707786.649934, sdrt-health/mac:02010b41cdec/antenna/tag/e28068940000400386621d4f, 96
1652707786.746514, sdrt-health/mac:02010b41cdec/antenna/tag/e2806894000040038662114f, 88
1652707786.747094, sdrt-health/mac:02010b41cdec/antenna/tag/e28068940000400386621d4f, 77
1652707786.747459, sdrt-health/mac:02010b41cdec/antenna/tag/e28068940000400386621d4f, 96
1652707786.780475, sdrt-health/mac:02010b41cdec/antenna/tag/e28068940000400386621d4f, 96
1652707786.842444, sdrt-health/mac:02010b41cdec/antenna/tag/e2806894000040038662114f, 88
1652707786.842919, sdrt-health/mac:02010b41cdec/antenna/tag/e2806894000050038662154f, 85
1652707786.871464, sdrt-health/mac:02010b41cdec/antenna/tag/e2806894000050038661fd4f, 83
1652707786.871669, sdrt-health/mac:02010b41cdec/antenna/tag/e2806894000040038661f94f, 88
1652707786.871793, sdrt-health/mac:02010b41cdec/antenna/tag/e2806894000040038662114f, 85
1652707786.921267, sdrt-health/mac:02010b41cdec/antenna/tag/e28068940000500386620d4f, 94
1652707786.921753, sdrt-health/mac:02010b41cdec/antenna/tag/e2806894000050038661fd4f, 86
1652707786.922053, sdrt-health/mac:02010b41cdec/antenna/tag/e28068940000400386621d4f, 96
1652707786.940784, sdrt-health/mac:02010b41cdec/antenna/tag/e2806894000050038662154f, 91
1652707787.067365, sdrt-health/mac:02010b41cdec/antenna/tag/e2806894000050038662194f, 81
1652707787.06783, sdrt-health/mac:02010b41cdec/antenna/tag/e2806894000040038662114f, 88
1652707787.126683, sdrt-health/mac:02010b41cdec/antenna/tag/e28068940000400386621d4f, 96
1652707787.200474, sdrt-health/mac:02010b41cdec/antenna/tag/e28068940000400386621d4f, 96
1652707787.200979, sdrt-health/mac:02010b41cdec/antenna/tag/e28068940000400386621d4f, 96
1652707787.224861, sdrt-health/mac:02010b41cdec/antenna/tag/e2806894000050038662154f, 91
1652707787.22511, sdrt-health/mac:02010b41cdec/antenna/tag/e2806894000050038662154f, 91
1652707787.225289, sdrt-health/mac:02010b41cdec/antenna/tag/e2806894000050038661fd4f, 86
1652707787.26167, sdrt-health/mac:02010b41cdec/antenna/tag/e2806894000050038662154f, 85
1652707787.303067, sdrt-health/mac:02010b41cdec/antenna/tag/e2806894000050038661fd4f, 83
1652707787.356774, sdrt-health/mac:02010b41cdec/antenna/tag/e2806894000050038662154f, 88
1652707787.35727, sdrt-health/mac:02010b41cdec/antenna/tag/e2806894000040038662114f, 88
1652707787.38813, sdrt-health/mac:02010b41cdec/antenna/tag/e28068940000500386620d4f, 83
1652707787.462929, sdrt-health/mac:02010b41cdec/antenna/tag/e2806894000050038662154f, 88
1652707787.463445, sdrt-health/mac:02010b41cdec/antenna/tag/e2806894000050038662154f, 88
1652707787.489826, sdrt-health/mac:02010b41cdec/antenna/tag/e28068940000400386621d4f, 96
1652707787.490036, sdrt-health/mac:02010b41cdec/antenna/tag/e2806894000050038662154f, 91
1652707787.490181, sdrt-health/mac:02010b41cdec/antenna/tag/e2806894000040038662114f, 85
1652707787.524925, sdrt-health/mac:02010b41cdec/antenna/tag/e2806894000050038662154f, 91
1652707787.562284, sdrt-health/mac:02010b41cdec/antenna/tag/e28068940000400386621d4f, 96
1652707787.596343, sdrt-health/mac:02010b41cdec/antenna/tag/e28068940000500386620d4f, 81
1652707787.596584, sdrt-health/mac:02010b41cdec/antenna/tag/e2806894000040038662114f, 88
1652707787.626993, sdrt-health/mac:02010b41cdec/antenna/tag/e2806894000050038661fd4f, 86
1652707787.640755, sdrt-health/mac:02010b41cdec/antenna/tag/e2806894000040038662114f, 88
1652707787.682637, sdrt-health/mac:02010b41cdec/antenna/tag/e2806894000050038662194f, 81
1652707787.740153, sdrt-health/mac:02010b41cdec/antenna/tag/e2806894000050038662154f, 85
1652707787.740614, sdrt-health/mac:02010b41cdec/antenna/tag/e28068940000400386621d4f, 96
1652707787.769231, sdrt-health/mac:02010b41cdec/antenna/tag/e2806894000050038662194f, 94
1652707787.769655, sdrt-health/mac:02010b41cdec/antenna/tag/e28068940000500386620d4f, 83
1652707787.769942, sdrt-health/mac:02010b41cdec/antenna/tag/e2806894000040038662114f, 85
1652707787.807145, sdrt-health/mac:02010b41cdec/antenna/tag/e2806894000050038661fd4f, 83
1652707787.843247, sdrt-health/mac:02010b41cdec/antenna/tag/e28068940000500386620d4f, 83
1652707787.88126, sdrt-health/mac:02010b41cdec/antenna/tag/e2806894000050038662154f, 85
1652707787.940546, sdrt-health/mac:02010b41cdec/antenna/tag/e2806894000040038662114f, 85
1652707787.941008, sdrt-health/mac:02010b41cdec/antenna/tag/e28068940000500386620d4f, 81
1652707787.941288, sdrt-health/mac:02010b41cdec/antenna/tag/e2806894000050038661fd4f, 83
1652707787.961789, sdrt-health/mac:02010b41cdec/antenna/tag/e28068940000400386621d4f, 96
1652707787.962082, sdrt-health/mac:02010b41cdec/antenna/tag/e2806894000050038661fd4f, 86
1652707788.008179, sdrt-health/mac:02010b41cdec/antenna/tag/e2806894000050038661fd4f, 86
1652707788.070947, sdrt-health/mac:02010b41cdec/antenna/tag/e28068940000400386621d4f, 77
1652707788.101051, sdrt-health/mac:02010b41cdec/antenna/tag/e28068940000400386621d4f, 96
1652707788.10158, sdrt-health/mac:02010b41cdec/antenna/tag/e2806894000050038661fd4f, 86
1652707788.11514, sdrt-health/mac:02010b41cdec/antenna/tag/e2806894000050038661fd4f, 86
1652707788.115357, sdrt-health/mac:02010b41cdec/antenna/tag/e28068940000400386621d4f, 96
1652707788.149538, sdrt-health/mac:02010b41cdec/antenna/tag/e2806894000050038662154f, 91
1652707788.190134, sdrt-health/mac:02010b41cdec/antenna/tag/e2806894000050038662154f, 88
1652707788.231182, sdrt-health/mac:02010b41cdec/antenna/tag/e2806894000050038662154f, 88
1652707788.270055, sdrt-health/mac:02010b41cdec/antenna/tag/e2806894000050038661fd4f, 86
1652707788.320365, sdrt-health/mac:02010b41cdec/antenna/tag/e2806894000050038661fd4f, 86
1652707788.360931, sdrt-health/mac:02010b41cdec/antenna/tag/e28068940000500386620d4f, 87
1652707788.39987, sdrt-health/mac:02010b41cdec/antenna/tag/e28068940000400386621d4f, 77
1652707788.514191, sdrt-health/mac:02010b41cdec/antenna/tag/e2806894000050038662194f, 88
1652707788.514802, sdrt-health/mac:02010b41cdec/antenna/tag/e2806894000050038662154f, 88
1652707788.569525, sdrt-health/mac:02010b41cdec/antenna/tag/e28068940000500386620d4f, 88
1652707788.614843, sdrt-health/mac:02010b41cdec/antenna/tag/e2806894000050038662154f, 88
1652707788.680942, sdrt-health/mac:02010b41cdec/antenna/tag/e2806894000050038661fd4f, 86
1652707788.68146, sdrt-health/mac:02010b41cdec/antenna/tag/e28068940000400386621d4f, 96
1652707788.706067, sdrt-health/mac:02010b41cdec/antenna/tag/e2806894000050038661fd4f, 86
1652707788.751628, sdrt-health/mac:02010b41cdec/antenna/tag/e2806894000050038661fd4f, 86
1652707788.752021, sdrt-health/mac:02010b41cdec/antenna/tag/e2806894000040038662114f, 88
1652707788.772766, sdrt-health/mac:02010b41cdec/antenna/tag/e2806894000050038662194f, 94
1652707788.812983, sdrt-health/mac:02010b41cdec/antenna/tag/e2806894000050038661fd4f, 86
1652707788.866393, sdrt-health/mac:02010b41cdec/antenna/tag/e2806894000050038662154f, 88
1652707788.86681, sdrt-health/mac:02010b41cdec/antenna/tag/e28068940000400386621d4f, 90
1652707788.891911, sdrt-health/mac:02010b41cdec/antenna/tag/e2806894000040038662114f, 85
1652707788.952399, sdrt-health/mac:02010b41cdec/antenna/tag/e2806894000050038662154f, 85
1652707788.952956, sdrt-health/mac:02010b41cdec/antenna/tag/e28068940000400386621d4f, 96
1652707788.973072, sdrt-health/mac:02010b41cdec/antenna/tag/e28068940000500386620d4f, 83
1652707789.010618, sdrt-health/mac:02010b41cdec/antenna/tag/e2806894000040038662214f, 84
1652707789.011219, sdrt-health/mac:02010b41cdec/antenna/tag/e2806894000050038662154f, 88
1652707789.052591, sdrt-health/mac:02010b41cdec/antenna/tag/e2806894000050038661fd4f, 83
1652707789.103158, sdrt-health/mac:02010b41cdec/antenna/tag/e2806894000050038661fd4f, 83
1652707789.15362, sdrt-health/mac:02010b41cdec/antenna/tag/e28068940000500386620d4f, 87
1652707789.208257, sdrt-health/mac:02010b41cdec/antenna/tag/e2806894000040038662114f, 88
1652707789.208717, sdrt-health/mac:02010b41cdec/antenna/tag/e2806894000050038662194f, 94
1652707789.226029, sdrt-health/mac:02010b41cdec/antenna/tag/e28068940000500386620d4f, 83
1652707789.234283, sdrt-health/mac:02010b41cdec/antenna/tag/e28068940000500386620d4f, 94
1652707789.271956, sdrt-health/mac:02010b41cdec/antenna/tag/e28068940000400386621d4f, 77
1652707789.312702, sdrt-health/mac:02010b41cdec/antenna/tag/e2806894000040038662114f, 88
1652707789.353513, sdrt-health/mac:02010b41cdec/antenna/tag/e28068940000400386621d4f, 77
1652707789.392701, sdrt-health/mac:02010b41cdec/antenna/tag/e28068940000400386621d4f, 96
1652707789.464142, sdrt-health/mac:02010b41cdec/antenna/tag/e28068940000400386621d4f, 96
1652707789.464643, sdrt-health/mac:02010b41cdec/antenna/tag/e2806894000050038661fd4f, 86
1652707789.464984, sdrt-health/mac:02010b41cdec/antenna/tag/e2806894000050038662154f, 91
1652707789.465347, sdrt-health/mac:02010b41cdec/antenna/tag/e2806894000040038662114f, 88
1652707789.485799, sdrt-health/mac:02010b41cdec/antenna/tag/e28068940000400386621d4f, 90
1652707789.511085, sdrt-health/mac:02010b41cdec/antenna/tag/e2806894000050038662194f, 81
1652707789.555811, sdrt-health/mac:02010b41cdec/antenna/tag/e28068940000500386620d4f, 83
1652707789.556151, sdrt-health/mac:02010b41cdec/antenna/tag/e2806894000050038662154f, 85
1652707789.556357, sdrt-health/mac:02010b41cdec/antenna/tag/e2806894000040038662114f, 88
1652707789.57365, sdrt-health/mac:02010b41cdec/antenna/tag/e28068940000400386621d4f, 77
1652707789.573879, sdrt-health/mac:02010b41cdec/antenna/tag/e2806894000040038662114f, 88
1652707789.603404, sdrt-health/mac:02010b41cdec/antenna/tag/e2806894000040038662114f, 88
1652707789.642214, sdrt-health/mac:02010b41cdec/antenna/tag/e2806894000050038661fd4f, 86
1652707789.720984, sdrt-health/mac:02010b41cdec/antenna/tag/e28068940000400386621d4f, 96
1652707789.721422, sdrt-health/mac:02010b41cdec/antenna/tag/e28068940000400386621d4f, 90
1652707789.72176, sdrt-health/mac:02010b41cdec/antenna/tag/e28068940000400386621d4f, 96
1652707789.741268, sdrt-health/mac:02010b41cdec/antenna/tag/e28068940000500386620d4f, 81
1652707789.741764, sdrt-health/mac:02010b41cdec/antenna/tag/e2806894000050038662154f, 88
1652707789.771588, sdrt-health/mac:02010b41cdec/antenna/tag/e2806894000050038662194f, 81
1652707789.812238, sdrt-health/mac:02010b41cdec/antenna/tag/e2806894000050038661fd4f, 86
1652707789.812695, sdrt-health/mac:02010b41cdec/antenna/tag/e28068940000500386620d4f, 88
1652707789.830055, sdrt-health/mac:02010b41cdec/antenna/tag/e2806894000050038661fd4f, 86
1652707789.882081, sdrt-health/mac:02010b41cdec/antenna/tag/e2806894000050038662194f, 81
1652707789.922186, sdrt-health/mac:02010b41cdec/antenna/tag/e2806894000050038662154f, 85
1652707789.924388, sdrt-health/mac:02010b41cdec/antenna/tag/e2806894000040038662114f, 88
1652707789.968033, sdrt-health/mac:02010b41cdec/antenna/tag/e2806894000040038662114f, 88
1652707790.026838, sdrt-health/mac:02010b41cdec/antenna/tag/e2806894000050038662154f, 85
1652707790.027355, sdrt-health/mac:02010b41cdec/antenna/tag/e2806894000050038662154f, 91
1652707790.076461, sdrt-health/mac:02010b41cdec/antenna/tag/e28068940000400386621d4f, 90
1652707790.110446, sdrt-health/mac:02010b41cdec/antenna/tag/e2806894000040038662114f, 88
1652707790.15439, sdrt-health/mac:02010b41cdec/antenna/tag/e2806894000040038662114f, 91
1652707790.191314, sdrt-health/mac:02010b41cdec/antenna/tag/e2806894000050038661fd4f, 86
1652707790.272858, sdrt-health/mac:02010b41cdec/antenna/tag/e2806894000050038662154f, 88
1652707790.310655, sdrt-health/mac:02010b41cdec/antenna/tag/e28068940000400386621d4f, 96
1652707790.350636, sdrt-health/mac:02010b41cdec/antenna/tag/e2806894000040038662114f, 88
1652707790.429911, sdrt-health/mac:02010b41cdec/antenna/tag/e2806894000050038661fd4f, 83
1652707790.430448, sdrt-health/mac:02010b41cdec/antenna/tag/e2806894000050038662194f, 88
1652707790.466287, sdrt-health/mac:02010b41cdec/antenna/tag/e2806894000040038662054f, 88
1652707790.477287, sdrt-health/mac:02010b41cdec/antenna/tag/e2806894000050038662194f, 84
1652707790.495455, sdrt-health/mac:02010b41cdec/antenna/tag/e28068940000500386620d4f, 94
1652707790.495704, sdrt-health/mac:02010b41cdec/antenna/tag/e28068940000400386621d4f, 96
1652707790.510472, sdrt-health/mac:02010b41cdec/antenna/tag/e2806894000040038662114f, 88
1652707790.552243, sdrt-health/mac:02010b41cdec/antenna/tag/e2806894000050038662194f, 81
1652707790.611249, sdrt-health/mac:02010b41cdec/antenna/tag/e2806894000050038662154f, 88
1652707790.61179, sdrt-health/mac:02010b41cdec/antenna/tag/e28068940000400386621d4f, 96
1652707791.152127, sdrt-health/mac:02010b41cdec/antenna/tag/e2806894000040038662114f, 85
1652707791.152721, sdrt-health/mac:02010b41cdec/antenna/tag/e2806894000050038662194f, 81
1652707791.153109, sdrt-health/mac:02010b41cdec/antenna/tag/e28068940000400386621d4f, 96
1652707791.153521, sdrt-health/mac:02010b41cdec/antenna/tag/e2806894000040038662114f, 88
1652707791.153888, sdrt-health/mac:02010b41cdec/antenna/state, connected
1652707791.154349, sdrt-health/mac:02010b41cdec/fw, {"version":"1.8.1","model":"200","hash":"2f556501b58f1dad542af428d7928d18","timestamp":1652707787}
1652707791.15474, sdrt-health/mac:02010b41cdec/antenna/tag/e2806894000040038662114f, 88
1652707791.155106, sdrt-health/mac:02010b41cdec/antenna/tag/e28068940000400386621d4f, 96
1652707791.155459, sdrt-health/mac:02010b41cdec/antenna/tag/e2806894000050038661fd4f, 83
1652707791.155625, sdrt-health/mac:02010b41cdec/antenna/tag/e28068940000400386621d4f, 96
1652707791.155807, sdrt-health/mac:02010b41cdec/antenna/tag/e2806894000050038662194f, 81
1652707791.155958, sdrt-health/mac:02010b41cdec/antenna/tag/e28068940000500386620d4f, 83
1652707791.156123, sdrt-health/mac:02010b41cdec/antenna/tag/e2806894000050038662194f, 81
1652707791.156292, sdrt-health/mac:02010b41cdec/antenna/tag/e2806894000050038662154f, 91
1652707791.156445, sdrt-health/mac:02010b41cdec/antenna/tag/e2806894000040038662114f, 91
1652707791.156587, sdrt-health/mac:02010b41cdec/antenna/tag/e2806894000050038662154f, 88
1652707791.156756, sdrt-health/mac:02010b41cdec/antenna/tag/e28068940000400386621d4f, 96
1652707791.156962, sdrt-health/mac:02010b41cdec/antenna/tag/e2806894000040038662114f, 88
1652707791.181619, sdrt-health/mac:02010b41cdec/antenna/tag/e2806894000050038662154f, 88
1652707791.231357, sdrt-health/mac:02010b41cdec/antenna/tag/e2806894000040038662114f, 88
1652707791.231796, sdrt-health/mac:02010b41cdec/antenna/tag/e2806894000050038661fd4f, 86
1652707791.232091, sdrt-health/mac:02010b41cdec/antenna/tag/e28068940000400386621d4f, 90
1652707791.232383, sdrt-health/mac:02010b41cdec/antenna/tag/e2806894000040038662114f, 91
1652707791.232697, sdrt-health/mac:02010b41cdec/antenna/tag/e28068940000500386620d4f, 81
1652707791.233036, sdrt-health/mac:02010b41cdec/antenna/tag/e28068940000400386621d4f, 90
1652707791.233356, sdrt-health/mac:02010b41cdec/antenna/version, 
1652707791.233664, sdrt-health/mac:02010b41cdec/antenna/tag/e2806894000040038662114f, 91
1652707791.244934, sdrt-health/mac:02010b41cdec/antenna/tag/e28068940000400386621d4f, 96
1652707791.245177, sdrt-health/mac:02010b41cdec/antenna/tag/e28068940000500386620d4f, 88
1652707791.279119, sdrt-health/mac:02010b41cdec/antenna/tag/e28068940000400386621d4f, 96
1652707791.334921, sdrt-health/mac:02010b41cdec/antenna/tag/e2806894000040038662114f, 88
1652707791.335447, sdrt-health/mac:02010b41cdec/antenna/tag/e2806894000050038661fd4f, 83
1652707791.349712, sdrt-health/mac:02010b41cdec/antenna/tag/e2806894000040038662114f, 88
1652707791.359394, sdrt-health/mac:02010b41cdec/antenna/tag/e2806894000050038662154f, 88
1652707791.400654, sdrt-health/mac:02010b41cdec/antenna/tag/e28068940000400386621d4f, 77
1652707791.430725, sdrt-health/mac:02010b41cdec/antenna/tag/e2806894000050038661fd4f, 86
1652707791.431082, sdrt-health/mac:02010b41cdec/antenna/tag/e2806894000050038662154f, 91
1652707791.449538, sdrt-health/mac:02010b41cdec/antenna/tag/e2806894000050038661fd4f, 86
1652707791.490966, sdrt-health/mac:02010b41cdec/antenna/tag/e2806894000050038662154f, 88
1652707791.545546, sdrt-health/mac:02010b41cdec/antenna/tag/e2806894000050038662154f, 85
1652707791.546043, sdrt-health/mac:02010b41cdec/antenna/tag/e2806894000050038661fd4f, 83
1652707791.569921, sdrt-health/mac:02010b41cdec/antenna/tag/e2806894000050038661fd4f, 86
1652707791.610218, sdrt-health/mac:02010b41cdec/antenna/tag/e28068940000400386621d4f, 96
1652707791.650313, sdrt-health/mac:02010b41cdec/antenna/tag/e2806894000040038662114f, 88
1652707791.75064, sdrt-health/mac:02010b41cdec/antenna/tag/e2806894000050038661fd4f, 86
1652707791.811174, sdrt-health/mac:02010b41cdec/antenna/tag/e28068940000400386621d4f, 96
1652707791.850676, sdrt-health/mac:02010b41cdec/antenna/tag/e2806894000040038662114f, 85
1652707791.904326, sdrt-health/mac:02010b41cdec/antenna/tag/e28068940000400386621d4f, 77
1652707791.904518, sdrt-health/mac:02010b41cdec/antenna/tag/e2806894000050038662154f, 91
1652707791.921732, sdrt-health/mac:02010b41cdec/antenna/tag/e28068940000400386621d4f, 77
1652707792.164115, sdrt-health/mac:02010b41cdec/antenna/tag/e2806894000050038661fd4f, 83
1652707792.178738, sdrt-health/mac:02010b41cdec/antenna/tag/e2806894000050038661fd4f, 83
1652707792.255442, sdrt-health/mac:02010b41cdec/antenna/tag/e2806894000040038662114f, 88
1652707792.255925, sdrt-health/mac:02010b41cdec/antenna/tag/e28068940000400386621d4f, 77
1652707792.256326, sdrt-health/mac:02010b41cdec/antenna/tag/e2806894000040038662114f, 88
1652707792.256649, sdrt-health/mac:02010b41cdec/antenna/tag/e2806894000040038662114f, 91
1652707792.257048, sdrt-health/mac:02010b41cdec/antenna/tag/e28068940000400386621d4f, 96
1652707792.257511, sdrt-health/mac:02010b41cdec/antenna/tag/e2806894000050038662154f, 91
1652707792.257908, sdrt-health/mac:02010b41cdec/antenna/tag/e2806894000050038661fd4f, 86
1652707792.258345, sdrt-health/mac:02010b41cdec/antenna/tag/e2806894000050038662154f, 91
1652707792.258744, sdrt-health/mac:02010b41cdec/antenna/tag/e2806894000050038661fd4f, 90
1652707792.259113, sdrt-health/mac:02010b41cdec/antenna/tag/e2806894000040038662114f, 88
1652707792.25962, sdrt-health/mac:02010b41cdec/antenna/tag/e2806894000050038661fd4f, 90
1652707792.269345, sdrt-health/mac:02010b41cdec/antenna/tag/e2806894000050038661fd4f, 86
1652707792.290016, sdrt-health/mac:02010b41cdec/antenna/tag/e2806894000040038662114f, 88
1652707792.34607, sdrt-health/mac:02010b41cdec/antenna/tag/e2806894000050038661fd4f, 86
1652707792.346584, sdrt-health/mac:02010b41cdec/antenna/tag/e2806894000040038662114f, 88
1652707792.371373, sdrt-health/mac:02010b41cdec/antenna/tag/e2806894000050038662154f, 85
1652707792.435474, sdrt-health/mac:02010b41cdec/antenna/tag/e2806894000040038662114f, 88
1652707792.435959, sdrt-health/mac:02010b41cdec/antenna/tag/e2806894000040038662114f, 88
1652707792.450353, sdrt-health/mac:02010b41cdec/antenna/tag/e2806894000050038662154f, 85
1652707792.460521, sdrt-health/mac:02010b41cdec/antenna/tag/e2806894000040038661f94f, 81
1652707792.499763, sdrt-health/mac:02010b41cdec/antenna/tag/e2806894000040038662114f, 85
1652707792.565702, sdrt-health/mac:02010b41cdec/antenna/tag/e2806894000040038662114f, 88
1652707792.566175, sdrt-health/mac:02010b41cdec/antenna/tag/e2806894000050038661fd4f, 83
1652707792.611767, sdrt-health/mac:02010b41cdec/antenna/tag/e2806894000050038662154f, 88
1652707792.681353, sdrt-health/mac:02010b41cdec/antenna/tag/e2806894000040038662114f, 97
1652707792.744859, sdrt-health/mac:02010b41cdec/antenna/tag/e2806894000040038662114f, 97
1652707792.745327, sdrt-health/mac:02010b41cdec/antenna/tag/e28068940000400386621d4f, 96
1652707792.779798, sdrt-health/mac:02010b41cdec/antenna/tag/e28068940000400386621d4f, 90
1652707792.834589, sdrt-health/mac:02010b41cdec/antenna/tag/e2806894000040038662114f, 91
1652707792.835051, sdrt-health/mac:02010b41cdec/antenna/tag/e28068940000400386621d4f, 90
1652707792.849117, sdrt-health/mac:02010b41cdec/antenna/tag/e28068940000400386621d4f, 90
1652707792.879185, sdrt-health/mac:02010b41cdec/antenna/tag/e2806894000040038662114f, 91
1652707792.879552, sdrt-health/mac:02010b41cdec/antenna/tag/e2806894000050038662154f, 88
1652707792.899921, sdrt-health/mac:02010b41cdec/antenna/tag/e2806894000040038662114f, 88
1652707792.954263, sdrt-health/mac:02010b41cdec/antenna/tag/e28068940000400386621d4f, 77
1652707792.95468, sdrt-health/mac:02010b41cdec/antenna/tag/e2806894000040038662214f, 88
1652707792.967949, sdrt-health/mac:02010b41cdec/antenna/tag/e28068940000400386621d4f, 96
1652707792.979595, sdrt-health/mac:02010b41cdec/antenna/tag/e2806894000050038662154f, 93
1652707793.019869, sdrt-health/mac:02010b41cdec/antenna/tag/e2806894000040038662114f, 88
1652707793.060513, sdrt-health/mac:02010b41cdec/antenna/tag/e28068940000400386621d4f, 96
1652707793.099732, sdrt-health/mac:02010b41cdec/antenna/tag/e2806894000050038662154f, 91
1652707793.154681, sdrt-health/mac:02010b41cdec/antenna/tag/e2806894000040038662114f, 88
1652707793.155153, sdrt-health/mac:02010b41cdec/antenna/tag/e2806894000050038661fd4f, 86
1652707793.179356, sdrt-health/mac:02010b41cdec/antenna/tag/e2806894000050038662154f, 97
1652707793.179565, sdrt-health/mac:02010b41cdec/antenna/tag/e2806894000040038662114f, 85
1652707793.193465, sdrt-health/mac:02010b41cdec/antenna/tag/e28068940000400386621d4f, 96
1652707793.250299, sdrt-health/mac:02010b41cdec/antenna/tag/e28068940000400386621d4f, 96
1652707793.290074, sdrt-health/mac:02010b41cdec/antenna/tag/e2806894000050038662154f, 85
1652707793.345892, sdrt-health/mac:02010b41cdec/antenna/tag/e2806894000040038662214f, 82
1652707793.346252, sdrt-health/mac:02010b41cdec/antenna/tag/e28068940000500386620d4f, 88
1652707793.346561, sdrt-health/mac:02010b41cdec/antenna/tag/e2806894000050038661fd4f, 83
1652707793.360498, sdrt-health/mac:02010b41cdec/antenna/tag/e28068940000400386621d4f, 96
1652707793.360702, sdrt-health/mac:02010b41cdec/antenna/tag/e2806894000050038662154f, 88
1652707793.369993, sdrt-health/mac:02010b41cdec/antenna/tag/e2806894000050038662154f, 88
1652707793.4103, sdrt-health/mac:02010b41cdec/antenna/tag/e2806894000050038661fd4f, 86
1652707793.465946, sdrt-health/mac:02010b41cdec/antenna/tag/e28068940000400386621d4f, 96
1652707793.466449, sdrt-health/mac:02010b41cdec/antenna/tag/e2806894000050038662194f, 81
1652707793.489744, sdrt-health/mac:02010b41cdec/antenna/tag/e2806894000040038662114f, 88
1652707793.530326, sdrt-health/mac:02010b41cdec/antenna/tag/e2806894000040038662114f, 88
1652707793.531101, sdrt-health/mac:02010b41cdec/antenna/tag/e2806894000050038662154f, 88
1652707793.570212, sdrt-health/mac:02010b41cdec/antenna/tag/e28068940000400386621d4f, 96
1652707793.611072, sdrt-health/mac:02010b41cdec/antenna/tag/e2806894000040038662114f, 88
1652707793.664801, sdrt-health/mac:02010b41cdec/antenna/tag/e2806894000050038661fd4f, 86
1652707793.665319, sdrt-health/mac:02010b41cdec/antenna/tag/e28068940000500386620d4f, 94
1652707793.699803, sdrt-health/mac:02010b41cdec/antenna/tag/e2806894000040038662114f, 88
1652707793.739819, sdrt-health/mac:02010b41cdec/antenna/tag/e2806894000050038662154f, 91
1652707793.799932, sdrt-health/mac:02010b41cdec/antenna/tag/e28068940000500386620d4f, 83
1652707793.84978, sdrt-health/mac:02010b41cdec/antenna/tag/e2806894000050038662194f, 83
1652707793.94079, sdrt-health/mac:02010b41cdec/antenna/tag/e28068940000400386621d4f, 90
1652707793.980651, sdrt-health/mac:02010b41cdec/antenna/tag/e28068940000400386621d4f, 96
1652707794.03429, sdrt-health/mac:02010b41cdec/antenna/tag/e28068940000400386621d4f, 96
1652707794.034795, sdrt-health/mac:02010b41cdec/antenna/tag/e28068940000500386620d4f, 88
1652707794.061485, sdrt-health/mac:02010b41cdec/antenna/tag/e28068940000500386620d4f, 94
1652707794.090151, sdrt-health/mac:02010b41cdec/antenna/tag/e28068940000400386621d4f, 96
1652707794.09052, sdrt-health/mac:02010b41cdec/antenna/tag/e2806894000050038662154f, 91
1652707794.090803, sdrt-health/mac:02010b41cdec/antenna/tag/e28068940000500386620d4f, 81
1652707794.104002, sdrt-health/mac:02010b41cdec/antenna/tag/e2806894000050038661fd4f, 86
1652707794.10424, sdrt-health/mac:02010b41cdec/antenna/tag/e28068940000500386620d4f, 81
1652707794.139848, sdrt-health/mac:02010b41cdec/antenna/tag/e2806894000050038662154f, 88
1652707794.196838, sdrt-health/mac:02010b41cdec/antenna/tag/e2806894000040038662114f, 91
1652707794.197433, sdrt-health/mac:02010b41cdec/antenna/tag/e28068940000400386621d4f, 96
1652707794.210789, sdrt-health/mac:02010b41cdec/antenna/tag/e2806894000040038662114f, 88
1652707794.219443, sdrt-health/mac:02010b41cdec/antenna/tag/e2806894000040038662114f, 88
1652707794.260154, sdrt-health/mac:02010b41cdec/antenna/tag/e28068940000400386621d4f, 77
1652707794.299034, sdrt-health/mac:02010b41cdec/antenna/tag/e2806894000040038662214f, 81
1652707794.341839, sdrt-health/mac:02010b41cdec/antenna/tag/e28068940000500386620d4f, 83
1652707794.396589, sdrt-health/mac:02010b41cdec/antenna/tag/e2806894000050038662194f, 88
1652707794.397255, sdrt-health/mac:02010b41cdec/antenna/tag/e2806894000050038662154f, 85
1652707794.410917, sdrt-health/mac:02010b41cdec/antenna/tag/e2806894000050038662154f, 85
1652707794.44021, sdrt-health/mac:02010b41cdec/antenna/tag/e28068940000400386621d4f, 77
1652707794.479942, sdrt-health/mac:02010b41cdec/antenna/tag/e2806894000050038662154f, 88
1652707794.585856, sdrt-health/mac:02010b41cdec/antenna/tag/e2806894000050038661fd4f, 86
1652707794.586366, sdrt-health/mac:02010b41cdec/antenna/tag/e28068940000400386621d4f, 96
1652707794.601593, sdrt-health/mac:02010b41cdec/antenna/tag/e2806894000050038662154f, 91
1652707794.619337, sdrt-health/mac:02010b41cdec/antenna/tag/e28068940000400386621d4f, 96
1652707794.674559, sdrt-health/mac:02010b41cdec/antenna/tag/e2806894000050038662154f, 88
1652707794.675015, sdrt-health/mac:02010b41cdec/antenna/tag/e2806894000050038661fd4f, 86
1652707794.689859, sdrt-health/mac:02010b41cdec/antenna/tag/e2806894000050038662154f, 88
1652707794.700087, sdrt-health/mac:02010b41cdec/antenna/tag/e2806894000050038661fd4f, 86
1652707794.740806, sdrt-health/mac:02010b41cdec/antenna/tag/e2806894000050038661fd4f, 86
1652707794.794967, sdrt-health/mac:02010b41cdec/antenna/tag/e28068940000500386620d4f, 82
1652707794.795487, sdrt-health/mac:02010b41cdec/antenna/tag/e28068940000400386621d4f, 90
1652707794.820817, sdrt-health/mac:02010b41cdec/antenna/tag/e2806894000050038662194f, 81
1652707794.861124, sdrt-health/mac:02010b41cdec/antenna/tag/e28068940000400386621d4f, 77
1652707794.901112, sdrt-health/mac:02010b41cdec/antenna/tag/e2806894000050038662154f, 93
1652707794.982939, sdrt-health/mac:02010b41cdec/antenna/tag/e2806894000050038661fd4f, 83
1652707794.98343, sdrt-health/mac:02010b41cdec/antenna/tag/e2806894000050038662194f, 94
1652707795.011345, sdrt-health/mac:02010b41cdec/antenna/tag/e2806894000050038662154f, 88
1652707795.050392, sdrt-health/mac:02010b41cdec/antenna/tag/e2806894000050038662154f, 91
1652707795.105922, sdrt-health/mac:02010b41cdec/antenna/tag/e2806894000050038661fd4f, 86
1652707795.106385, sdrt-health/mac:02010b41cdec/antenna/tag/e2806894000050038661fd4f, 86
1652707795.120201, sdrt-health/mac:02010b41cdec/antenna/tag/e2806894000050038661fd4f, 86
1652707795.120836, sdrt-health/mac:02010b41cdec/antenna/tag/e2806894000050038662154f, 88
1652707795.130162, sdrt-health/mac:02010b41cdec/antenna/tag/e2806894000040038662114f, 88
1652707795.135163, sdrt-health/mac:02010b41cdec/antenna/tag/e28068940000400386621d4f, 96
1652707795.170003, sdrt-health/mac:02010b41cdec/antenna/tag/e28068940000400386621d4f, 90
1652707795.225655, sdrt-health/mac:02010b41cdec/antenna/tag/e2806894000050038662154f, 88
1652707795.226128, sdrt-health/mac:02010b41cdec/antenna/tag/e2806894000050038662154f, 88
1652707795.250355, sdrt-health/mac:02010b41cdec/antenna/tag/e2806894000050038662194f, 83
1652707795.291082, sdrt-health/mac:02010b41cdec/antenna/tag/e28068940000500386620d4f, 81
1652707795.381415, sdrt-health/mac:02010b41cdec/antenna/tag/e28068940000500386620d4f, 93
1652707795.460523, sdrt-health/mac:02010b41cdec/antenna/tag/e28068940000500386620d4f, 83
1652707795.499129, sdrt-health/mac:02010b41cdec/antenna/tag/e2806894000040038661f94f, 81
1652707795.540467, sdrt-health/mac:02010b41cdec/antenna/tag/e28068940000500386620d4f, 81
1652707795.594609, sdrt-health/mac:02010b41cdec/antenna/tag/e2806894000050038661fd4f, 83
1652707795.594866, sdrt-health/mac:02010b41cdec/antenna/tag/e28068940000400386621d4f, 77
1652707795.619697, sdrt-health/mac:02010b41cdec/antenna/tag/e2806894000050038662194f, 81
1652707795.650366, sdrt-health/mac:02010b41cdec/antenna/tag/e28068940000500386620d4f, 87
1652707795.65089, sdrt-health/mac:02010b41cdec/antenna/tag/e2806894000050038661fd4f, 83
1652707795.651214, sdrt-health/mac:02010b41cdec/antenna/tag/e2806894000040038662114f, 88
1652707795.666218, sdrt-health/mac:02010b41cdec/antenna/tag/e2806894000050038662194f, 81
1652707795.704011, sdrt-health/mac:02010b41cdec/antenna/tag/e28068940000500386620d4f, 83
1652707795.747859, sdrt-health/mac:02010b41cdec/antenna/tag/e2806894000050038661fd4f, 83
1652707795.793898, sdrt-health/mac:02010b41cdec/antenna/tag/e2806894000050038662154f, 88
1652707795.832284, sdrt-health/mac:02010b41cdec/antenna/tag/e2806894000050038662154f, 85
1652707795.871357, sdrt-health/mac:02010b41cdec/antenna/tag/e2806894000050038662154f, 88
1652707795.909638, sdrt-health/mac:02010b41cdec/antenna/tag/e2806894000050038661fd4f, 86
1652707795.964511, sdrt-health/mac:02010b41cdec/antenna/tag/e2806894000050038662194f, 81
1652707795.965001, sdrt-health/mac:02010b41cdec/antenna/tag/e28068940000500386620d4f, 83
1652707795.989672, sdrt-health/mac:02010b41cdec/antenna/tag/e28068940000400386621d4f, 77
1652707796.030339, sdrt-health/mac:02010b41cdec/antenna/tag/e2806894000050038662154f, 88
1652707796.225318, sdrt-health/mac:02010b41cdec/antenna/tag/scan, scan stopped
