1652707539.936465, sdrt-health/mac:02010b41cdec/antenna/power/set, {"power": 290}
1652707541.074873, sdrt-health/mac:02010b41cdec/antenna/power/set, 
1652707544.958801, sdrt-health/mac:02010b41cdec/antenna/tag/scan, {"time": 20000}
1652707545.342182, sdrt-health/mac:02010b41cdec/antenna/tag/e2806894000050038662154f, 88
1652707545.382095, sdrt-health/mac:02010b41cdec/antenna/tag/e28068940000400386621d4f, 96
1652707545.412425, sdrt-health/mac:02010b41cdec/antenna/tag/e2806894000050038662154f, 91
1652707545.412768, sdrt-health/mac:02010b41cdec/antenna/tag/e2806894000050038662154f, 85
1652707545.413022, sdrt-health/mac:02010b41cdec/antenna/tag/e28068940000400386621d4f, 96
1652707545.470349, sdrt-health/mac:02010b41cdec/antenna/tag/e2806894000050038661fd4f, 86
1652707545.5402, sdrt-health/mac:02010b41cdec/antenna/tag/e2806894000050038662154f, 91
1652707545.581286, sdrt-health/mac:02010b41cdec/antenna/tag/e2806894000050038661fd4f, 83
1652707545.636719, sdrt-health/mac:02010b41cdec/antenna/tag/e28068940000400386621d4f, 96
1652707545.637343, sdrt-health/mac:02010b41cdec/antenna/tag/e2806894000040038662114f, 88
1652707545.650492, sdrt-health/mac:02010b41cdec/antenna/tag/e28068940000400386621d4f, 90
1652707545.661672, sdrt-health/mac:02010b41cdec/antenna/tag/e28068940000400386621d4f, 96
1652707545.701589, sdrt-health/mac:02010b41cdec/antenna/tag/e2806894000040038662114f, 85
1652707545.743862, sdrt-health/mac:02010b41cdec/antenna/tag/e2806894000050038661fd4f, 83
1652707545.804502, sdrt-health/mac:02010b41cdec/antenna/tag/e2806894000040038662114f, 88
1652707545.805039, sdrt-health/mac:02010b41cdec/antenna/tag/e2806894000040038661f94f, 81
1652707545.820602, sdrt-health/mac:02010b41cdec/antenna/tag/e28068940000500386620d4f, 81
1652707545.830919, sdrt-health/mac:02010b41cdec/antenna/tag/e28068940000400386621d4f, 96
1652707545.83489, sdrt-health/mac:02010b41cdec/antenna/tag/e2806894000050038661fd4f, 83
1652707545.872654, sdrt-health/mac:02010b41cdec/antenna/tag/e2806894000050038661fd4f, 86
1652707545.933741, sdrt-health/mac:02010b41cdec/antenna/tag/e2806894000050038662194f, 81
1652707545.934201, sdrt-health/mac:02010b41cdec/antenna/tag/e2806894000050038661fd4f, 83
1652707545.948499, sdrt-health/mac:02010b41cdec/antenna/tag/e28068940000500386620d4f, 87
1652707546.021474, sdrt-health/mac:02010b41cdec/antenna/tag/e2806894000050038661fd4f, 83
1652707546.102719, sdrt-health/mac:02010b41cdec/antenna/tag/e2806894000040038662114f, 88
1652707546.133842, sdrt-health/mac:02010b41cdec/antenna/tag/e2806894000040038662114f, 88
1652707546.134122, sdrt-health/mac:02010b41cdec/antenna/tag/e2806894000040038662114f, 88
1652707546.148563, sdrt-health/mac:02010b41cdec/antenna/tag/e2806894000050038662194f, 87
1652707546.191481, sdrt-health/mac:02010b41cdec/antenna/tag/e28068940000500386620d4f, 81
1652707546.231373, sdrt-health/mac:02010b41cdec/antenna/tag/e28068940000500386620d4f, 83
1652707546.270881, sdrt-health/mac:02010b41cdec/antenna/tag/e2806894000050038662154f, 88
1652707546.324147, sdrt-health/mac:02010b41cdec/antenna/tag/e2806894000040038662114f, 88
1652707546.324626, sdrt-health/mac:02010b41cdec/antenna/tag/e28068940000500386620d4f, 87
1652707546.350099, sdrt-health/mac:02010b41cdec/antenna/tag/e28068940000500386620d4f, 94
1652707546.35126, sdrt-health/mac:02010b41cdec/antenna/tag/e2806894000050038662154f, 88
1652707546.401967, sdrt-health/mac:02010b41cdec/antenna/tag/e28068940000400386621d4f, 90
1652707546.468995, sdrt-health/mac:02010b41cdec/antenna/tag/e2806894000050038662154f, 91
1652707546.469494, sdrt-health/mac:02010b41cdec/antenna/tag/e2806894000040038662114f, 91
1652707546.469875, sdrt-health/mac:02010b41cdec/antenna/tag/e2806894000050038661fd4f, 86
1652707546.483937, sdrt-health/mac:02010b41cdec/antenna/tag/e28068940000400386621d4f, 96
1652707546.519408, sdrt-health/mac:02010b41cdec/antenna/tag/e2806894000050038662194f, 94
1652707546.548536, sdrt-health/mac:02010b41cdec/antenna/tag/e2806894000050038662154f, 88
1652707546.548841, sdrt-health/mac:02010b41cdec/antenna/tag/e28068940000400386621d4f, 96
1652707546.56184, sdrt-health/mac:02010b41cdec/antenna/tag/e2806894000040038662114f, 91
1652707546.602702, sdrt-health/mac:02010b41cdec/antenna/tag/e28068940000500386620d4f, 83
1652707546.641641, sdrt-health/mac:02010b41cdec/antenna/tag/e2806894000050038662194f, 81
1652707546.696922, sdrt-health/mac:02010b41cdec/antenna/tag/e28068940000400386621d4f, 77
1652707546.697446, sdrt-health/mac:02010b41cdec/antenna/tag/e2806894000050038662154f, 88
1652707546.730802, sdrt-health/mac:02010b41cdec/antenna/tag/e2806894000040038662114f, 85
1652707546.784727, sdrt-health/mac:02010b41cdec/antenna/tag/e2806894000040038662114f, 88
1652707546.886074, sdrt-health/mac:02010b41cdec/antenna/tag/e2806894000040038662114f, 88
1652707546.886628, sdrt-health/mac:02010b41cdec/antenna/tag/e2806894000050038661fd4f, 86
1652707546.898866, sdrt-health/mac:02010b41cdec/antenna/tag/e28068940000500386620d4f, 83
1652707546.911568, sdrt-health/mac:02010b41cdec/antenna/tag/e28068940000500386620d4f, 81
1652707546.914698, sdrt-health/mac:02010b41cdec/antenna/tag/e28068940000500386620d4f, 88
1652707546.914996, sdrt-health/mac:02010b41cdec/antenna/tag/e2806894000040038662114f, 91
1652707546.951762, sdrt-health/mac:02010b41cdec/antenna/tag/e28068940000400386621d4f, 96
1652707547.007246, sdrt-health/mac:02010b41cdec/antenna/tag/e2806894000040038662114f, 97
1652707547.007754, sdrt-health/mac:02010b41cdec/antenna/tag/e28068940000500386620d4f, 81
1652707547.008126, sdrt-health/mac:02010b41cdec/antenna/tag/e28068940000500386620d4f, 87
1652707547.031558, sdrt-health/mac:02010b41cdec/antenna/tag/e2806894000040038662114f, 91
1652707547.141349, sdrt-health/mac:02010b41cdec/antenna/tag/e28068940000400386621d4f, 96
1652707547.200801, sdrt-health/mac:02010b41cdec/antenna/tag/e2806894000050038662154f, 88
1652707547.240575, sdrt-health/mac:02010b41cdec/antenna/tag/e2806894000050038662154f, 88
1652707547.280409, sdrt-health/mac:02010b41cdec/antenna/tag/e2806894000040038662114f, 88
1652707547.381629, sdrt-health/mac:02010b41cdec/antenna/tag/e2806894000050038662154f, 91
1652707547.43044, sdrt-health/mac:02010b41cdec/antenna/tag/e2806894000050038661fd4f, 86
1652707547.472916, sdrt-health/mac:02010b41cdec/antenna/tag/e2806894000040038662114f, 88
1652707547.536545, sdrt-health/mac:02010b41cdec/antenna/tag/e28068940000400386621d4f, 96
1652707547.537152, sdrt-health/mac:02010b41cdec/antenna/tag/e2806894000040038662114f, 88
1652707547.562137, sdrt-health/mac:02010b41cdec/antenna/tag/e2806894000050038662154f, 85
1652707547.598033, sdrt-health/mac:02010b41cdec/antenna/tag/e2806894000050038661fd4f, 86
1652707547.598385, sdrt-health/mac:02010b41cdec/antenna/tag/e28068940000400386621d4f, 96
1652707547.598633, sdrt-health/mac:02010b41cdec/antenna/tag/e2806894000050038662154f, 91
1652707547.613544, sdrt-health/mac:02010b41cdec/antenna/tag/e2806894000050038662194f, 94
1652707547.641708, sdrt-health/mac:02010b41cdec/antenna/tag/e2806894000050038662154f, 88
1652707547.682582, sdrt-health/mac:02010b41cdec/antenna/tag/e28068940000400386621d4f, 77
1652707547.73076, sdrt-health/mac:02010b41cdec/antenna/tag/e2806894000050038661fd4f, 86
1652707547.762068, sdrt-health/mac:02010b41cdec/antenna/tag/e28068940000500386620d4f, 94
1652707547.762387, sdrt-health/mac:02010b41cdec/antenna/tag/e28068940000500386620d4f, 87
1652707547.776525, sdrt-health/mac:02010b41cdec/antenna/tag/e28068940000400386621d4f, 96
1652707547.822379, sdrt-health/mac:02010b41cdec/antenna/tag/e2806894000050038661fd4f, 86
1652707547.824292, sdrt-health/mac:02010b41cdec/antenna/tag/e2806894000050038661fd4f, 90
1652707547.83794, sdrt-health/mac:02010b41cdec/antenna/tag/e2806894000050038662154f, 88
1652707547.861096, sdrt-health/mac:02010b41cdec/antenna/tag/e28068940000400386621d4f, 90
1652707547.911947, sdrt-health/mac:02010b41cdec/antenna/tag/e28068940000500386620d4f, 81
1652707547.95503, sdrt-health/mac:02010b41cdec/antenna/tag/e2806894000040038662114f, 91
1652707547.955527, sdrt-health/mac:02010b41cdec/antenna/tag/e28068940000400386621d4f, 96
1652707548.003787, sdrt-health/mac:02010b41cdec/antenna/tag/e2806894000050038661fd4f, 86
1652707548.004342, sdrt-health/mac:02010b41cdec/antenna/tag/e2806894000050038662194f, 81
1652707548.017905, sdrt-health/mac:02010b41cdec/antenna/tag/e28068940000500386620d4f, 94
1652707548.032052, sdrt-health/mac:02010b41cdec/antenna/tag/e2806894000050038662154f, 88
1652707548.071189, sdrt-health/mac:02010b41cdec/antenna/tag/e2806894000050038661fd4f, 86
1652707548.112173, sdrt-health/mac:02010b41cdec/antenna/tag/e28068940000400386621d4f, 77
1652707548.165863, sdrt-health/mac:02010b41cdec/antenna/tag/e2806894000040038662114f, 85
1652707548.166047, sdrt-health/mac:02010b41cdec/antenna/tag/e2806894000050038662154f, 91
1652707548.191231, sdrt-health/mac:02010b41cdec/antenna/tag/e28068940000400386621d4f, 96
1652707548.246384, sdrt-health/mac:02010b41cdec/antenna/tag/e2806894000040038662114f, 85
1652707548.246942, sdrt-health/mac:02010b41cdec/antenna/tag/e28068940000400386621d4f, 96
1652707548.259646, sdrt-health/mac:02010b41cdec/antenna/tag/e2806894000050038662194f, 81
1652707548.260139, sdrt-health/mac:02010b41cdec/antenna/tag/e28068940000400386621d4f, 96
1652707548.28151, sdrt-health/mac:02010b41cdec/antenna/tag/e2806894000050038662194f, 81
1652707548.320543, sdrt-health/mac:02010b41cdec/antenna/tag/e2806894000050038662154f, 91
1652707548.350473, sdrt-health/mac:02010b41cdec/antenna/tag/e2806894000050038662154f, 91
1652707548.350877, sdrt-health/mac:02010b41cdec/antenna/tag/e2806894000050038661fd4f, 86
1652707548.36612, sdrt-health/mac:02010b41cdec/antenna/tag/e2806894000040038662114f, 88
1652707548.366407, sdrt-health/mac:02010b41cdec/antenna/tag/e2806894000050038662154f, 91
1652707548.366628, sdrt-health/mac:02010b41cdec/antenna/tag/e2806894000050038662154f, 91
1652707548.411494, sdrt-health/mac:02010b41cdec/antenna/tag/e28068940000400386621d4f, 96
1652707548.459475, sdrt-health/mac:02010b41cdec/antenna/tag/e2806894000050038662154f, 91
1652707548.51604, sdrt-health/mac:02010b41cdec/antenna/tag/e28068940000400386621d4f, 90
1652707548.516515, sdrt-health/mac:02010b41cdec/antenna/tag/e2806894000040038662114f, 88
1652707548.531869, sdrt-health/mac:02010b41cdec/antenna/tag/e2806894000050038662154f, 91
1652707548.532346, sdrt-health/mac:02010b41cdec/antenna/tag/e28068940000500386620d4f, 81
1652707548.551667, sdrt-health/mac:02010b41cdec/antenna/tag/e2806894000050038661fd4f, 86
1652707548.589858, sdrt-health/mac:02010b41cdec/antenna/tag/e28068940000400386621d4f, 96
1652707548.619244, sdrt-health/mac:02010b41cdec/antenna/tag/e2806894000050038662154f, 91
1652707548.619664, sdrt-health/mac:02010b41cdec/antenna/tag/e2806894000040038662114f, 85
1652707548.619942, sdrt-health/mac:02010b41cdec/antenna/tag/e28068940000400386621d4f, 96
1652707548.633854, sdrt-health/mac:02010b41cdec/antenna/tag/e2806894000040038662114f, 85
1652707548.63422, sdrt-health/mac:02010b41cdec/antenna/tag/e28068940000400386621d4f, 77
1652707548.681781, sdrt-health/mac:02010b41cdec/antenna/tag/e2806894000050038661fd4f, 86
1652707548.737079, sdrt-health/mac:02010b41cdec/antenna/tag/e2806894000040038662114f, 88
1652707548.737341, sdrt-health/mac:02010b41cdec/antenna/tag/e2806894000050038662154f, 88
1652707548.753089, sdrt-health/mac:02010b41cdec/antenna/tag/e28068940000400386621d4f, 96
1652707548.753486, sdrt-health/mac:02010b41cdec/antenna/tag/e2806894000050038662154f, 91
1652707548.760742, sdrt-health/mac:02010b41cdec/antenna/tag/e2806894000050038661fd4f, 86
1652707548.767726, sdrt-health/mac:02010b41cdec/antenna/tag/e2806894000040038662114f, 91
1652707548.801881, sdrt-health/mac:02010b41cdec/antenna/tag/e2806894000050038661fd4f, 86
1652707548.84091, sdrt-health/mac:02010b41cdec/antenna/tag/e2806894000050038661fd4f, 86
1652707548.893643, sdrt-health/mac:02010b41cdec/antenna/tag/e28068940000400386621d4f, 96
1652707548.894171, sdrt-health/mac:02010b41cdec/antenna/tag/e28068940000400386621d4f, 96
1652707548.950109, sdrt-health/mac:02010b41cdec/antenna/tag/e28068940000400386621d4f, 77
1652707548.999094, sdrt-health/mac:02010b41cdec/antenna/tag/e2806894000050038661fd4f, 83
1652707549.055679, sdrt-health/mac:02010b41cdec/antenna/tag/e2806894000040038662114f, 88
1652707549.056165, sdrt-health/mac:02010b41cdec/antenna/tag/e2806894000050038661fd4f, 86
1652707549.082813, sdrt-health/mac:02010b41cdec/antenna/tag/e28068940000500386620d4f, 83
1652707549.121072, sdrt-health/mac:02010b41cdec/antenna/tag/e2806894000040038662214f, 94
1652707549.16354, sdrt-health/mac:02010b41cdec/antenna/tag/e2806894000040038662214f, 94
1652707549.190987, sdrt-health/mac:02010b41cdec/antenna/tag/e2806894000050038661fd4f, 83
1652707549.191241, sdrt-health/mac:02010b41cdec/antenna/tag/e2806894000040038662214f, 81
1652707549.231559, sdrt-health/mac:02010b41cdec/antenna/tag/e2806894000050038662154f, 91
1652707549.272329, sdrt-health/mac:02010b41cdec/antenna/tag/e2806894000040038662114f, 85
1652707549.302946, sdrt-health/mac:02010b41cdec/antenna/tag/e2806894000050038661fd4f, 83
1652707549.30344, sdrt-health/mac:02010b41cdec/antenna/tag/e2806894000040038662114f, 88
1652707549.343468, sdrt-health/mac:02010b41cdec/antenna/tag/e2806894000050038661fd4f, 86
1652707549.388959, sdrt-health/mac:02010b41cdec/antenna/tag/e2806894000050038662194f, 88
1652707549.447923, sdrt-health/mac:02010b41cdec/antenna/tag/e28068940000400386621d4f, 96
1652707549.448382, sdrt-health/mac:02010b41cdec/antenna/tag/e2806894000040038662114f, 91
1652707549.463627, sdrt-health/mac:02010b41cdec/antenna/tag/e28068940000500386620d4f, 81
1652707549.464143, sdrt-health/mac:02010b41cdec/antenna/tag/e28068940000400386621d4f, 90
1652707549.491717, sdrt-health/mac:02010b41cdec/antenna/tag/e2806894000050038662154f, 88
1652707549.532703, sdrt-health/mac:02010b41cdec/antenna/tag/e28068940000400386621d4f, 96
1652707549.591799, sdrt-health/mac:02010b41cdec/antenna/tag/e28068940000500386620d4f, 94
1652707549.632495, sdrt-health/mac:02010b41cdec/antenna/tag/e2806894000040038662214f, 88
1652707549.672473, sdrt-health/mac:02010b41cdec/antenna/tag/e28068940000400386621d4f, 96
1652707549.765309, sdrt-health/mac:02010b41cdec/antenna/tag/e2806894000040038662114f, 88
1652707549.765823, sdrt-health/mac:02010b41cdec/antenna/tag/e2806894000050038661fd4f, 86
1652707549.791897, sdrt-health/mac:02010b41cdec/antenna/tag/e2806894000040038662114f, 85
1652707549.846348, sdrt-health/mac:02010b41cdec/antenna/tag/e2806894000050038662154f, 91
1652707549.846821, sdrt-health/mac:02010b41cdec/antenna/tag/e2806894000040038662114f, 85
1652707549.911074, sdrt-health/mac:02010b41cdec/antenna/tag/e2806894000050038662154f, 97
1652707549.95251, sdrt-health/mac:02010b41cdec/antenna/tag/e2806894000050038661fd4f, 90
1652707549.993351, sdrt-health/mac:02010b41cdec/antenna/tag/e2806894000040038662214f, 88
1652707550.045835, sdrt-health/mac:02010b41cdec/antenna/tag/e2806894000040038662214f, 84
1652707550.046306, sdrt-health/mac:02010b41cdec/antenna/tag/e2806894000050038662154f, 85
1652707550.061955, sdrt-health/mac:02010b41cdec/antenna/tag/e28068940000500386620d4f, 81
1652707550.135231, sdrt-health/mac:02010b41cdec/antenna/tag/e2806894000050038661fd4f, 86
1652707550.191435, sdrt-health/mac:02010b41cdec/antenna/tag/e2806894000050038662154f, 91
1652707550.246748, sdrt-health/mac:02010b41cdec/antenna/tag/e2806894000050038661fd4f, 86
1652707550.247526, sdrt-health/mac:02010b41cdec/antenna/tag/e2806894000050038662154f, 91
1652707550.288849, sdrt-health/mac:02010b41cdec/antenna/tag/e2806894000050038661fd4f, 86
1652707550.362902, sdrt-health/mac:02010b41cdec/antenna/tag/e2806894000050038661fd4f, 86
1652707550.363403, sdrt-health/mac:02010b41cdec/antenna/tag/e28068940000400386621d4f, 96
1652707550.377321, sdrt-health/mac:02010b41cdec/antenna/tag/e2806894000050038662154f, 91
1652707550.377933, sdrt-health/mac:02010b41cdec/antenna/tag/e2806894000050038662154f, 91
1652707550.403574, sdrt-health/mac:02010b41cdec/antenna/tag/e2806894000050038662154f, 88
1652707550.459441, sdrt-health/mac:02010b41cdec/antenna/tag/e28068940000500386620d4f, 81
1652707550.459883, sdrt-health/mac:02010b41cdec/antenna/tag/e28068940000400386621d4f, 96
1652707550.473233, sdrt-health/mac:02010b41cdec/antenna/tag/e2806894000050038661fd4f, 86
1652707550.51188, sdrt-health/mac:02010b41cdec/antenna/tag/e28068940000400386621d4f, 96
1652707550.551856, sdrt-health/mac:02010b41cdec/antenna/tag/e2806894000040038662114f, 88
1652707550.590796, sdrt-health/mac:02010b41cdec/antenna/tag/e28068940000400386621d4f, 96
1652707550.655624, sdrt-health/mac:02010b41cdec/antenna/tag/e2806894000050038662154f, 85
1652707550.656148, sdrt-health/mac:02010b41cdec/antenna/tag/e28068940000500386620d4f, 83
1652707550.680654, sdrt-health/mac:02010b41cdec/antenna/tag/e28068940000400386621d4f, 96
1652707550.68103, sdrt-health/mac:02010b41cdec/antenna/tag/e2806894000050038661fd4f, 90
1652707550.720918, sdrt-health/mac:02010b41cdec/antenna/tag/e2806894000050038661fd4f, 86
1652707550.721545, sdrt-health/mac:02010b41cdec/antenna/state, connected
1652707550.736402, sdrt-health/mac:02010b41cdec/fw, {"version":"1.8.1","model":"200","hash":"2f556501b58f1dad542af428d7928d18","timestamp":1652707547}
1652707550.762491, sdrt-health/mac:02010b41cdec/antenna/tag/e28068940000400386621d4f, 96
1652707550.801188, sdrt-health/mac:02010b41cdec/antenna/tag/e2806894000050038662154f, 91
1652707550.854339, sdrt-health/mac:02010b41cdec/antenna/tag/e2806894000040038662114f, 91
1652707550.854795, sdrt-health/mac:02010b41cdec/antenna/tag/e28068940000500386620d4f, 81
1652707550.870325, sdrt-health/mac:02010b41cdec/antenna/tag/e2806894000050038661fd4f, 86
1652707550.87079, sdrt-health/mac:02010b41cdec/antenna/tag/e28068940000500386620d4f, 88
1652707550.902421, sdrt-health/mac:02010b41cdec/antenna/tag/e2806894000040038662114f, 88
1652707550.940829, sdrt-health/mac:02010b41cdec/antenna/tag/e28068940000500386620d4f, 83
1652707550.996966, sdrt-health/mac:02010b41cdec/antenna/tag/e2806894000050038662194f, 88
1652707550.997465, sdrt-health/mac:02010b41cdec/antenna/tag/e2806894000050038662154f, 85
1652707551.011415, sdrt-health/mac:02010b41cdec/antenna/tag/e28068940000500386620d4f, 81
1652707551.020686, sdrt-health/mac:02010b41cdec/antenna/tag/e2806894000050038662194f, 94
1652707551.06228, sdrt-health/mac:02010b41cdec/antenna/tag/e2806894000040038662114f, 85
1652707551.102541, sdrt-health/mac:02010b41cdec/antenna/tag/e2806894000050038662194f, 94
1652707551.157579, sdrt-health/mac:02010b41cdec/antenna/tag/e28068940000500386620d4f, 83
1652707551.15816, sdrt-health/mac:02010b41cdec/antenna/tag/e2806894000050038662154f, 85
1652707551.172571, sdrt-health/mac:02010b41cdec/antenna/version, 
1652707551.181794, sdrt-health/mac:02010b41cdec/antenna/tag/e2806894000040038662114f, 88
1652707551.188473, sdrt-health/mac:02010b41cdec/antenna/tag/e28068940000400386621d4f, 96
1652707551.189076, sdrt-health/mac:02010b41cdec/antenna/tag/e2806894000040038662114f, 88
1652707551.222366, sdrt-health/mac:02010b41cdec/antenna/tag/e2806894000040038662114f, 88
1652707551.306614, sdrt-health/mac:02010b41cdec/antenna/tag/e28068940000400386621d4f, 96
1652707551.307208, sdrt-health/mac:02010b41cdec/antenna/tag/e2806894000040038662114f, 85
1652707551.331209, sdrt-health/mac:02010b41cdec/antenna/tag/e28068940000400386621d4f, 96
1652707551.373191, sdrt-health/mac:02010b41cdec/antenna/tag/e2806894000050038662154f, 88
1652707551.427287, sdrt-health/mac:02010b41cdec/antenna/tag/e2806894000040038662114f, 88
1652707551.427785, sdrt-health/mac:02010b41cdec/antenna/tag/e2806894000050038662194f, 83
1652707551.450789, sdrt-health/mac:02010b41cdec/antenna/tag/e28068940000500386620d4f, 81
1652707551.49094, sdrt-health/mac:02010b41cdec/antenna/tag/e2806894000050038661fd4f, 86
1652707551.554583, sdrt-health/mac:02010b41cdec/antenna/tag/e2806894000040038662114f, 91
1652707551.555133, sdrt-health/mac:02010b41cdec/antenna/tag/e2806894000050038662154f, 88
1652707551.582494, sdrt-health/mac:02010b41cdec/antenna/tag/e2806894000050038662194f, 81
1652707551.61106, sdrt-health/mac:02010b41cdec/antenna/tag/e2806894000040038662054f, 88
1652707551.611369, sdrt-health/mac:02010b41cdec/antenna/tag/e2806894000050038662154f, 85
1652707551.6844, sdrt-health/mac:02010b41cdec/antenna/tag/e28068940000400386621d4f, 96
1652707551.730948, sdrt-health/mac:02010b41cdec/antenna/tag/e2806894000050038662154f, 91
1652707551.774684, sdrt-health/mac:02010b41cdec/antenna/tag/e2806894000050038661fd4f, 90
1652707551.821898, sdrt-health/mac:02010b41cdec/antenna/tag/e2806894000050038661fd4f, 90
1652707551.877733, sdrt-health/mac:02010b41cdec/antenna/tag/e2806894000050038662154f, 88
1652707551.878188, sdrt-health/mac:02010b41cdec/antenna/tag/e2806894000040038662114f, 88
1652707551.893461, sdrt-health/mac:02010b41cdec/antenna/tag/e2806894000050038662154f, 88
1652707551.900143, sdrt-health/mac:02010b41cdec/antenna/tag/e2806894000050038661fd4f, 86
1652707551.908854, sdrt-health/mac:02010b41cdec/antenna/tag/e2806894000050038662154f, 91
1652707551.941278, sdrt-health/mac:02010b41cdec/antenna/tag/e28068940000400386621d4f, 96
1652707552.102457, sdrt-health/mac:02010b41cdec/antenna/tag/e28068940000500386620d4f, 81
1652707552.142142, sdrt-health/mac:02010b41cdec/antenna/tag/e2806894000050038662154f, 88
1652707552.231673, sdrt-health/mac:02010b41cdec/antenna/tag/e2806894000040038662114f, 85
1652707552.271917, sdrt-health/mac:02010b41cdec/antenna/tag/e2806894000050038662154f, 85
1652707552.315081, sdrt-health/mac:02010b41cdec/antenna/tag/e28068940000400386621d4f, 90
1652707552.360434, sdrt-health/mac:02010b41cdec/antenna/tag/e28068940000500386620d4f, 87
1652707552.361521, sdrt-health/mac:02010b41cdec/antenna/tag/e2806894000040038662114f, 88
1652707552.402233, sdrt-health/mac:02010b41cdec/antenna/tag/e2806894000050038661fd4f, 83
1652707552.456128, sdrt-health/mac:02010b41cdec/antenna/tag/e2806894000050038662154f, 88
1652707552.456628, sdrt-health/mac:02010b41cdec/antenna/tag/e2806894000050038662154f, 88
1652707552.48122, sdrt-health/mac:02010b41cdec/antenna/tag/e2806894000050038662194f, 81
1652707552.520873, sdrt-health/mac:02010b41cdec/antenna/tag/e2806894000050038662154f, 85
1652707552.600903, sdrt-health/mac:02010b41cdec/antenna/tag/e28068940000500386620d4f, 88
1652707552.648763, sdrt-health/mac:02010b41cdec/antenna/tag/e2806894000040038662114f, 88
1652707552.725397, sdrt-health/mac:02010b41cdec/antenna/tag/e2806894000050038662194f, 84
1652707552.725945, sdrt-health/mac:02010b41cdec/antenna/tag/e28068940000500386620d4f, 87
1652707552.761047, sdrt-health/mac:02010b41cdec/antenna/tag/e2806894000040038662114f, 88
1652707552.816282, sdrt-health/mac:02010b41cdec/antenna/tag/e2806894000050038661fd4f, 83
1652707552.816843, sdrt-health/mac:02010b41cdec/antenna/tag/e2806894000050038661fd4f, 83
1652707552.830573, sdrt-health/mac:02010b41cdec/antenna/tag/e2806894000050038662154f, 85
1652707552.851213, sdrt-health/mac:02010b41cdec/antenna/tag/e28068940000500386620d4f, 83
1652707552.89121, sdrt-health/mac:02010b41cdec/antenna/tag/e28068940000400386621d4f, 96
1652707552.999465, sdrt-health/mac:02010b41cdec/antenna/tag/e28068940000500386620d4f, 81
1652707553.031322, sdrt-health/mac:02010b41cdec/antenna/tag/e2806894000050038661fd4f, 86
1652707553.031728, sdrt-health/mac:02010b41cdec/antenna/tag/e2806894000050038662154f, 88
1652707553.045729, sdrt-health/mac:02010b41cdec/antenna/tag/e2806894000050038662154f, 91
1652707553.045953, sdrt-health/mac:02010b41cdec/antenna/tag/e2806894000050038662194f, 81
1652707553.046092, sdrt-health/mac:02010b41cdec/antenna/tag/e28068940000500386620d4f, 94
1652707553.084576, sdrt-health/mac:02010b41cdec/antenna/tag/e28068940000400386621d4f, 96
1652707553.121349, sdrt-health/mac:02010b41cdec/antenna/tag/e28068940000400386621d4f, 96
1652707553.160237, sdrt-health/mac:02010b41cdec/antenna/tag/e2806894000050038662194f, 94
1652707553.214965, sdrt-health/mac:02010b41cdec/antenna/tag/e28068940000400386621d4f, 77
1652707553.215412, sdrt-health/mac:02010b41cdec/antenna/tag/e28068940000500386620d4f, 81
1652707553.229429, sdrt-health/mac:02010b41cdec/antenna/tag/e28068940000400386621d4f, 96
1652707553.240443, sdrt-health/mac:02010b41cdec/antenna/tag/e28068940000400386621d4f, 96
1652707553.281749, sdrt-health/mac:02010b41cdec/antenna/tag/e28068940000400386621d4f, 96
1652707553.322534, sdrt-health/mac:02010b41cdec/antenna/tag/e2806894000050038662154f, 91
1652707553.352546, sdrt-health/mac:02010b41cdec/antenna/tag/e2806894000050038661fd4f, 90
1652707553.353077, sdrt-health/mac:02010b41cdec/antenna/tag/e28068940000400386621d4f, 96
1652707553.354116, sdrt-health/mac:02010b41cdec/antenna/tag/e28068940000400386621d4f, 96
1652707553.382444, sdrt-health/mac:02010b41cdec/antenna/tag/e28068940000500386620d4f, 81
1652707553.431767, sdrt-health/mac:02010b41cdec/antenna/tag/e2806894000050038661fd4f, 90
1652707553.505309, sdrt-health/mac:02010b41cdec/antenna/tag/e28068940000500386620d4f, 81
1652707553.505808, sdrt-health/mac:02010b41cdec/antenna/tag/e2806894000040038662114f, 88
1652707553.531317, sdrt-health/mac:02010b41cdec/antenna/tag/e2806894000050038662154f, 91
1652707553.560151, sdrt-health/mac:02010b41cdec/antenna/tag/e2806894000050038662154f, 85
1652707553.560465, sdrt-health/mac:02010b41cdec/antenna/tag/e2806894000040038662114f, 85
1652707553.574595, sdrt-health/mac:02010b41cdec/antenna/tag/e2806894000050038662194f, 88
1652707553.574914, sdrt-health/mac:02010b41cdec/antenna/tag/e2806894000050038661fd4f, 83
1652707553.575059, sdrt-health/mac:02010b41cdec/antenna/tag/e28068940000400386621d4f, 96
1652707553.611883, sdrt-health/mac:02010b41cdec/antenna/tag/e2806894000050038662154f, 85
1652707553.661673, sdrt-health/mac:02010b41cdec/antenna/tag/e28068940000500386620d4f, 83
1652707553.716932, sdrt-health/mac:02010b41cdec/antenna/tag/e2806894000050038661fd4f, 86
1652707553.717397, sdrt-health/mac:02010b41cdec/antenna/tag/e28068940000400386621d4f, 96
1652707553.73155, sdrt-health/mac:02010b41cdec/antenna/tag/e2806894000050038662194f, 88
1652707553.760908, sdrt-health/mac:02010b41cdec/antenna/tag/e2806894000050038661fd4f, 83
1652707553.802725, sdrt-health/mac:02010b41cdec/antenna/tag/e2806894000040038662114f, 85
1652707553.85795, sdrt-health/mac:02010b41cdec/antenna/tag/e28068940000500386620d4f, 93
1652707553.858512, sdrt-health/mac:02010b41cdec/antenna/tag/e2806894000040038662114f, 88
1652707553.87422, sdrt-health/mac:02010b41cdec/antenna/tag/e2806894000050038661fd4f, 86
1652707553.881447, sdrt-health/mac:02010b41cdec/antenna/tag/e2806894000050038661fd4f, 83
1652707553.923406, sdrt-health/mac:02010b41cdec/antenna/tag/e2806894000050038661fd4f, 86
1652707553.977382, sdrt-health/mac:02010b41cdec/antenna/tag/e2806894000040038662114f, 88
1652707553.977849, sdrt-health/mac:02010b41cdec/antenna/tag/e2806894000050038661fd4f, 83
1652707553.978186, sdrt-health/mac:02010b41cdec/antenna/tag/e2806894000040038662114f, 88
1652707553.99385, sdrt-health/mac:02010b41cdec/antenna/tag/e2806894000050038661fd4f, 86
1652707554.002969, sdrt-health/mac:02010b41cdec/antenna/tag/e2806894000040038662114f, 88
1652707554.042448, sdrt-health/mac:02010b41cdec/antenna/tag/e2806894000050038661fd4f, 86
1652707554.098157, sdrt-health/mac:02010b41cdec/antenna/tag/e28068940000400386621d4f, 96
1652707554.09865, sdrt-health/mac:02010b41cdec/antenna/tag/e2806894000050038661fd4f, 83
1652707554.099066, sdrt-health/mac:02010b41cdec/antenna/tag/e2806894000050038662194f, 94
1652707554.113238, sdrt-health/mac:02010b41cdec/antenna/tag/e2806894000040038662114f, 88
1652707554.131692, sdrt-health/mac:02010b41cdec/antenna/tag/e2806894000050038662154f, 85
1652707554.172037, sdrt-health/mac:02010b41cdec/antenna/tag/e28068940000400386621d4f, 96
1652707554.227222, sdrt-health/mac:02010b41cdec/antenna/tag/e2806894000050038661fd4f, 90
1652707554.227566, sdrt-health/mac:02010b41cdec/antenna/tag/e2806894000050038661fd4f, 86
1652707554.252647, sdrt-health/mac:02010b41cdec/antenna/tag/e28068940000500386620d4f, 81
1652707554.291375, sdrt-health/mac:02010b41cdec/antenna/tag/e28068940000500386620d4f, 83
1652707554.347502, sdrt-health/mac:02010b41cdec/antenna/tag/e2806894000050038661fd4f, 86
1652707554.347946, sdrt-health/mac:02010b41cdec/antenna/tag/e28068940000400386621d4f, 90
1652707554.363396, sdrt-health/mac:02010b41cdec/antenna/tag/e28068940000500386620d4f, 83
1652707554.372709, sdrt-health/mac:02010b41cdec/antenna/tag/e2806894000050038661fd4f, 86
1652707554.378787, sdrt-health/mac:02010b41cdec/antenna/tag/e28068940000400386621d4f, 96
1652707554.423083, sdrt-health/mac:02010b41cdec/antenna/tag/e2806894000050038661fd4f, 86
1652707554.478855, sdrt-health/mac:02010b41cdec/antenna/tag/e2806894000040038662114f, 91
1652707554.479441, sdrt-health/mac:02010b41cdec/antenna/tag/e2806894000050038662194f, 88
1652707554.496211, sdrt-health/mac:02010b41cdec/antenna/tag/e2806894000050038661fd4f, 86
1652707554.540874, sdrt-health/mac:02010b41cdec/antenna/tag/e2806894000050038661fd4f, 86
1652707554.582297, sdrt-health/mac:02010b41cdec/antenna/tag/e28068940000400386621d4f, 77
1652707554.639368, sdrt-health/mac:02010b41cdec/antenna/tag/e28068940000400386621d4f, 77
1652707554.639842, sdrt-health/mac:02010b41cdec/antenna/tag/e2806894000050038662154f, 91
1652707554.663589, sdrt-health/mac:02010b41cdec/antenna/tag/e28068940000400386621d4f, 96
1652707554.703066, sdrt-health/mac:02010b41cdec/antenna/tag/e2806894000050038662154f, 88
1652707554.759096, sdrt-health/mac:02010b41cdec/antenna/tag/e2806894000050038661fd4f, 83
1652707554.759649, sdrt-health/mac:02010b41cdec/antenna/tag/e2806894000050038661fd4f, 83
1652707554.774889, sdrt-health/mac:02010b41cdec/antenna/tag/e2806894000050038662194f, 81
1652707554.821405, sdrt-health/mac:02010b41cdec/antenna/tag/e2806894000050038661fd4f, 86
1652707555.54279, sdrt-health/mac:02010b41cdec/antenna/tag/e2806894000050038661fd4f, 86
1652707555.574915, sdrt-health/mac:02010b41cdec/antenna/tag/e2806894000040038662114f, 88
1652707555.575315, sdrt-health/mac:02010b41cdec/antenna/tag/e28068940000400386621d4f, 96
1652707555.575643, sdrt-health/mac:02010b41cdec/antenna/tag/e2806894000050038662194f, 83
1652707555.576014, sdrt-health/mac:02010b41cdec/antenna/tag/e28068940000400386621d4f, 96
1652707555.576324, sdrt-health/mac:02010b41cdec/antenna/tag/e2806894000050038662154f, 91
1652707555.576631, sdrt-health/mac:02010b41cdec/antenna/tag/e2806894000040038662114f, 85
1652707555.576965, sdrt-health/mac:02010b41cdec/antenna/tag/e2806894000050038662154f, 88
1652707555.577238, sdrt-health/mac:02010b41cdec/antenna/tag/e28068940000400386621d4f, 77
1652707555.577672, sdrt-health/mac:02010b41cdec/antenna/tag/e2806894000050038661fd4f, 83
1652707555.577992, sdrt-health/mac:02010b41cdec/antenna/tag/e2806894000050038661fd4f, 83
1652707555.578384, sdrt-health/mac:02010b41cdec/antenna/tag/e2806894000050038662154f, 88
1652707555.578827, sdrt-health/mac:02010b41cdec/antenna/tag/e2806894000050038661fd4f, 90
1652707555.579254, sdrt-health/mac:02010b41cdec/antenna/tag/e2806894000040038662114f, 88
1652707555.579525, sdrt-health/mac:02010b41cdec/antenna/tag/e2806894000050038662154f, 88
1652707555.579789, sdrt-health/mac:02010b41cdec/antenna/tag/e2806894000040038662114f, 88
1652707555.580066, sdrt-health/mac:02010b41cdec/antenna/tag/e28068940000400386621d4f, 96
1652707555.580294, sdrt-health/mac:02010b41cdec/antenna/tag/e2806894000040038662114f, 88
1652707555.580519, sdrt-health/mac:02010b41cdec/antenna/tag/e28068940000400386621d4f, 96
1652707555.580678, sdrt-health/mac:02010b41cdec/antenna/tag/e2806894000040038662114f, 88
1652707555.581435, sdrt-health/mac:02010b41cdec/antenna/tag/e2806894000050038661fd4f, 86
1652707555.590848, sdrt-health/mac:02010b41cdec/antenna/tag/e2806894000040038662114f, 85
1652707555.599959, sdrt-health/mac:02010b41cdec/antenna/tag/e2806894000050038662154f, 91
1652707555.600151, sdrt-health/mac:02010b41cdec/antenna/tag/e2806894000050038662154f, 88
1652707555.600266, sdrt-health/mac:02010b41cdec/antenna/tag/e2806894000040038662114f, 88
1652707555.600378, sdrt-health/mac:02010b41cdec/antenna/tag/e2806894000050038661fd4f, 86
1652707555.622528, sdrt-health/mac:02010b41cdec/antenna/tag/e2806894000040038662114f, 88
1652707555.740581, sdrt-health/mac:02010b41cdec/antenna/tag/e2806894000050038662154f, 88
1652707555.74112, sdrt-health/mac:02010b41cdec/antenna/tag/e28068940000400386621d4f, 96
1652707555.772791, sdrt-health/mac:02010b41cdec/antenna/tag/e2806894000050038662154f, 88
1652707555.899866, sdrt-health/mac:02010b41cdec/antenna/tag/e2806894000050038662154f, 88
1652707555.960213, sdrt-health/mac:02010b41cdec/antenna/tag/e2806894000050038661fd4f, 90
1652707555.960644, sdrt-health/mac:02010b41cdec/antenna/tag/e2806894000050038661fd4f, 86
1652707555.984317, sdrt-health/mac:02010b41cdec/antenna/tag/e2806894000050038662194f, 81
1652707556.03541, sdrt-health/mac:02010b41cdec/antenna/tag/e2806894000040038662114f, 97
1652707556.035919, sdrt-health/mac:02010b41cdec/antenna/tag/e2806894000050038662154f, 88
1652707556.05961, sdrt-health/mac:02010b41cdec/antenna/tag/e2806894000050038662154f, 88
1652707556.118426, sdrt-health/mac:02010b41cdec/antenna/tag/e2806894000050038662194f, 94
1652707556.118809, sdrt-health/mac:02010b41cdec/antenna/tag/e2806894000050038662154f, 91
1652707556.142302, sdrt-health/mac:02010b41cdec/antenna/tag/e2806894000040038662114f, 85
1652707556.182218, sdrt-health/mac:02010b41cdec/antenna/tag/e2806894000050038661fd4f, 83
1652707556.237693, sdrt-health/mac:02010b41cdec/antenna/tag/e2806894000040038662214f, 81
1652707556.23814, sdrt-health/mac:02010b41cdec/antenna/tag/e2806894000050038662194f, 81
1652707556.263358, sdrt-health/mac:02010b41cdec/antenna/tag/e28068940000400386621d4f, 77
1652707556.31868, sdrt-health/mac:02010b41cdec/antenna/tag/e2806894000040038662114f, 91
1652707556.318999, sdrt-health/mac:02010b41cdec/antenna/tag/e2806894000040038662114f, 88
1652707556.334381, sdrt-health/mac:02010b41cdec/antenna/tag/e28068940000400386621d4f, 96
1652707556.502581, sdrt-health/mac:02010b41cdec/antenna/tag/e28068940000400386621d4f, 96
1652707556.541739, sdrt-health/mac:02010b41cdec/antenna/tag/e2806894000040038662114f, 85
1652707556.584183, sdrt-health/mac:02010b41cdec/antenna/tag/e28068940000400386621d4f, 96
1652707556.623742, sdrt-health/mac:02010b41cdec/antenna/tag/e2806894000040038662114f, 88
1652707556.661122, sdrt-health/mac:02010b41cdec/antenna/tag/e28068940000400386621d4f, 96
1652707556.662116, sdrt-health/mac:02010b41cdec/antenna/tag/e2806894000050038662194f, 88
1652707556.702594, sdrt-health/mac:02010b41cdec/antenna/tag/e28068940000400386621d4f, 96
1652707556.795679, sdrt-health/mac:02010b41cdec/antenna/tag/e2806894000050038662154f, 91
1652707556.796163, sdrt-health/mac:02010b41cdec/antenna/tag/e28068940000500386620d4f, 81
1652707556.822283, sdrt-health/mac:02010b41cdec/antenna/tag/e28068940000500386620d4f, 88
1652707556.822699, sdrt-health/mac:02010b41cdec/antenna/tag/e28068940000400386621d4f, 96
1652707556.822998, sdrt-health/mac:02010b41cdec/antenna/tag/e2806894000050038662154f, 91
1652707556.900394, sdrt-health/mac:02010b41cdec/antenna/tag/e2806894000050038662154f, 91
1652707556.951659, sdrt-health/mac:02010b41cdec/antenna/tag/e2806894000050038661fd4f, 86
1652707557.012526, sdrt-health/mac:02010b41cdec/antenna/tag/e2806894000040038662114f, 85
1652707557.013, sdrt-health/mac:02010b41cdec/antenna/tag/e28068940000500386620d4f, 94
1652707557.013339, sdrt-health/mac:02010b41cdec/antenna/tag/e2806894000050038661fd4f, 90
1652707557.033493, sdrt-health/mac:02010b41cdec/antenna/tag/e2806894000050038661fd4f, 83
1652707557.064067, sdrt-health/mac:02010b41cdec/antenna/tag/e28068940000500386620d4f, 83
1652707557.064319, sdrt-health/mac:02010b41cdec/antenna/tag/e2806894000050038662154f, 88
1652707557.079503, sdrt-health/mac:02010b41cdec/antenna/tag/e2806894000050038662154f, 85
1652707557.133161, sdrt-health/mac:02010b41cdec/antenna/tag/e28068940000400386621d4f, 96
1652707557.172045, sdrt-health/mac:02010b41cdec/antenna/tag/e2806894000050038662154f, 91
1652707557.226954, sdrt-health/mac:02010b41cdec/antenna/tag/e2806894000040038662114f, 91
1652707557.227454, sdrt-health/mac:02010b41cdec/antenna/tag/e2806894000050038661fd4f, 86
1652707557.261125, sdrt-health/mac:02010b41cdec/antenna/tag/e28068940000400386621d4f, 96
1652707557.316292, sdrt-health/mac:02010b41cdec/antenna/tag/e2806894000050038661fd4f, 86
1652707557.316837, sdrt-health/mac:02010b41cdec/antenna/tag/e28068940000400386621d4f, 96
1652707557.333639, sdrt-health/mac:02010b41cdec/antenna/tag/e2806894000050038662154f, 88
1652707557.342425, sdrt-health/mac:02010b41cdec/antenna/tag/e2806894000050038661fd4f, 86
1652707557.348598, sdrt-health/mac:02010b41cdec/antenna/tag/e28068940000500386620d4f, 88
1652707557.392149, sdrt-health/mac:02010b41cdec/antenna/tag/e28068940000500386620d4f, 83
1652707557.432747, sdrt-health/mac:02010b41cdec/antenna/tag/e28068940000500386620d4f, 83
1652707557.471633, sdrt-health/mac:02010b41cdec/antenna/tag/e2806894000050038662154f, 85
1652707557.543542, sdrt-health/mac:02010b41cdec/antenna/tag/e2806894000040038661f94f, 81
1652707557.582576, sdrt-health/mac:02010b41cdec/antenna/tag/e28068940000500386620d4f, 83
1652707557.623117, sdrt-health/mac:02010b41cdec/antenna/tag/e28068940000400386621d4f, 96
1652707557.694695, sdrt-health/mac:02010b41cdec/antenna/tag/e28068940000500386620d4f, 83
1652707557.695271, sdrt-health/mac:02010b41cdec/antenna/tag/e2806894000050038662154f, 88
1652707557.723478, sdrt-health/mac:02010b41cdec/antenna/tag/e2806894000040038662114f, 85
1652707557.796355, sdrt-health/mac:02010b41cdec/antenna/tag/e2806894000050038661fd4f, 83
1652707557.796872, sdrt-health/mac:02010b41cdec/antenna/tag/e2806894000050038662154f, 91
1652707557.883064, sdrt-health/mac:02010b41cdec/antenna/tag/e28068940000400386621d4f, 96
1652707557.916351, sdrt-health/mac:02010b41cdec/antenna/tag/e2806894000050038661fd4f, 86
1652707557.916717, sdrt-health/mac:02010b41cdec/antenna/tag/e28068940000400386621d4f, 96
1652707557.91698, sdrt-health/mac:02010b41cdec/antenna/tag/e2806894000050038661fd4f, 86
1652707557.917216, sdrt-health/mac:02010b41cdec/antenna/tag/e2806894000050038662154f, 91
1652707557.962357, sdrt-health/mac:02010b41cdec/antenna/tag/e28068940000500386620d4f, 88
1652707558.000948, sdrt-health/mac:02010b41cdec/antenna/tag/e2806894000050038661fd4f, 90
1652707558.092654, sdrt-health/mac:02010b41cdec/antenna/tag/e2806894000050038662194f, 83
1652707558.140643, sdrt-health/mac:02010b41cdec/antenna/tag/e2806894000050038661fd4f, 83
1652707558.199537, sdrt-health/mac:02010b41cdec/antenna/tag/e28068940000500386620d4f, 87
1652707558.199942, sdrt-health/mac:02010b41cdec/antenna/tag/e2806894000050038662194f, 81
1652707558.222903, sdrt-health/mac:02010b41cdec/antenna/tag/e28068940000400386621d4f, 96
1652707558.263019, sdrt-health/mac:02010b41cdec/antenna/tag/e2806894000050038662154f, 91
1652707558.322522, sdrt-health/mac:02010b41cdec/antenna/tag/e2806894000050038662154f, 88
1652707558.361912, sdrt-health/mac:02010b41cdec/antenna/tag/e2806894000040038662114f, 88
1652707558.438473, sdrt-health/mac:02010b41cdec/antenna/tag/e2806894000050038661fd4f, 83
1652707558.438967, sdrt-health/mac:02010b41cdec/antenna/tag/e2806894000040038662114f, 88
1652707558.463047, sdrt-health/mac:02010b41cdec/antenna/tag/e2806894000050038662154f, 91
1652707558.498365, sdrt-health/mac:02010b41cdec/antenna/tag/e2806894000050038661fd4f, 86
1652707558.498843, sdrt-health/mac:02010b41cdec/antenna/tag/e28068940000400386621d4f, 96
1652707558.514581, sdrt-health/mac:02010b41cdec/antenna/tag/e28068940000500386620d4f, 83
1652707558.514913, sdrt-health/mac:02010b41cdec/antenna/tag/e2806894000050038661fd4f, 83
1652707558.540946, sdrt-health/mac:02010b41cdec/antenna/tag/e2806894000040038662114f, 88
1652707558.597099, sdrt-health/mac:02010b41cdec/antenna/tag/e2806894000050038662154f, 88
1652707558.597531, sdrt-health/mac:02010b41cdec/antenna/tag/e2806894000050038661fd4f, 83
1652707558.611865, sdrt-health/mac:02010b41cdec/antenna/tag/e28068940000400386621d4f, 96
1652707558.64118, sdrt-health/mac:02010b41cdec/antenna/tag/e2806894000050038661fd4f, 86
1652707558.722463, sdrt-health/mac:02010b41cdec/antenna/tag/e2806894000040038662214f, 84
1652707558.761293, sdrt-health/mac:02010b41cdec/antenna/tag/e2806894000050038662154f, 91
1652707558.812227, sdrt-health/mac:02010b41cdec/antenna/tag/e2806894000050038661fd4f, 86
1652707558.851597, sdrt-health/mac:02010b41cdec/antenna/tag/e2806894000050038662194f, 84
1652707558.881969, sdrt-health/mac:02010b41cdec/antenna/tag/e2806894000050038661fd4f, 83
1652707558.882332, sdrt-health/mac:02010b41cdec/antenna/tag/e28068940000400386621d4f, 96
1652707558.895888, sdrt-health/mac:02010b41cdec/antenna/tag/e2806894000050038662194f, 94
1652707558.931932, sdrt-health/mac:02010b41cdec/antenna/tag/e2806894000050038661fd4f, 83
1652707558.970777, sdrt-health/mac:02010b41cdec/antenna/tag/e2806894000050038661fd4f, 83
1652707559.026124, sdrt-health/mac:02010b41cdec/antenna/tag/e28068940000400386621d4f, 90
1652707559.027562, sdrt-health/mac:02010b41cdec/antenna/tag/e2806894000050038662154f, 85
1652707559.051453, sdrt-health/mac:02010b41cdec/antenna/tag/e28068940000400386621d4f, 96
1652707559.092788, sdrt-health/mac:02010b41cdec/antenna/tag/e2806894000040038662054f, 94
1652707559.132046, sdrt-health/mac:02010b41cdec/antenna/tag/e2806894000050038662194f, 88
1652707559.1854, sdrt-health/mac:02010b41cdec/antenna/tag/e2806894000040038662114f, 88
1652707559.18615, sdrt-health/mac:02010b41cdec/antenna/tag/e2806894000050038661fd4f, 83
1652707559.199519, sdrt-health/mac:02010b41cdec/antenna/tag/e2806894000050038662154f, 91
1652707559.199748, sdrt-health/mac:02010b41cdec/antenna/tag/e28068940000400386621d4f, 96
1652707559.210585, sdrt-health/mac:02010b41cdec/antenna/tag/e2806894000050038661fd4f, 83
1652707559.251472, sdrt-health/mac:02010b41cdec/antenna/tag/e2806894000050038662194f, 94
1652707559.308393, sdrt-health/mac:02010b41cdec/antenna/tag/e2806894000040038662114f, 88
1652707559.308884, sdrt-health/mac:02010b41cdec/antenna/tag/e2806894000050038662194f, 94
1652707559.362703, sdrt-health/mac:02010b41cdec/antenna/tag/e2806894000040038662114f, 88
1652707559.414352, sdrt-health/mac:02010b41cdec/antenna/tag/e28068940000400386621d4f, 96
1652707559.461959, sdrt-health/mac:02010b41cdec/antenna/tag/e28068940000400386621d4f, 96
1652707559.50206, sdrt-health/mac:02010b41cdec/antenna/tag/e28068940000400386621d4f, 96
1652707559.557595, sdrt-health/mac:02010b41cdec/antenna/tag/e2806894000050038662194f, 88
1652707559.558044, sdrt-health/mac:02010b41cdec/antenna/tag/e2806894000040038662114f, 97
1652707559.571464, sdrt-health/mac:02010b41cdec/antenna/tag/e2806894000050038662154f, 88
1652707559.600315, sdrt-health/mac:02010b41cdec/antenna/tag/e2806894000050038662194f, 94
1652707559.641495, sdrt-health/mac:02010b41cdec/antenna/tag/e2806894000050038661fd4f, 83
1652707559.695689, sdrt-health/mac:02010b41cdec/antenna/tag/e2806894000050038662154f, 85
1652707559.696178, sdrt-health/mac:02010b41cdec/antenna/tag/e2806894000050038662154f, 88
1652707559.731818, sdrt-health/mac:02010b41cdec/antenna/tag/e2806894000050038662154f, 91
1652707559.772686, sdrt-health/mac:02010b41cdec/antenna/tag/e28068940000400386621d4f, 96
1652707559.773089, sdrt-health/mac:02010b41cdec/antenna/tag/e28068940000500386620d4f, 94
1652707559.773348, sdrt-health/mac:02010b41cdec/antenna/tag/e28068940000500386620d4f, 81
1652707559.811447, sdrt-health/mac:02010b41cdec/antenna/tag/e28068940000400386621d4f, 96
1652707559.907933, sdrt-health/mac:02010b41cdec/antenna/tag/e2806894000050038661fd4f, 86
1652707559.908375, sdrt-health/mac:02010b41cdec/antenna/tag/e2806894000050038661fd4f, 86
1652707559.932577, sdrt-health/mac:02010b41cdec/antenna/tag/e28068940000400386621d4f, 96
1652707559.987095, sdrt-health/mac:02010b41cdec/antenna/tag/e28068940000500386620d4f, 88
1652707559.987655, sdrt-health/mac:02010b41cdec/antenna/tag/e2806894000050038661fd4f, 86
1652707560.01194, sdrt-health/mac:02010b41cdec/antenna/tag/e2806894000050038662194f, 88
1652707560.166682, sdrt-health/mac:02010b41cdec/antenna/tag/e2806894000050038661fd4f, 83
1652707560.167351, sdrt-health/mac:02010b41cdec/antenna/tag/e2806894000050038662194f, 81
1652707560.192013, sdrt-health/mac:02010b41cdec/antenna/tag/e28068940000500386620d4f, 83
1652707560.233942, sdrt-health/mac:02010b41cdec/antenna/tag/e2806894000050038662194f, 94
1652707560.272837, sdrt-health/mac:02010b41cdec/antenna/tag/e2806894000050038662194f, 81
1652707560.312866, sdrt-health/mac:02010b41cdec/antenna/tag/e28068940000400386621d4f, 96
1652707560.392604, sdrt-health/mac:02010b41cdec/antenna/tag/e2806894000040038662114f, 88
1652707560.433419, sdrt-health/mac:02010b41cdec/antenna/tag/e28068940000400386621d4f, 96
1652707560.490208, sdrt-health/mac:02010b41cdec/antenna/tag/e2806894000050038661fd4f, 86
1652707560.490659, sdrt-health/mac:02010b41cdec/antenna/tag/e28068940000400386621d4f, 96
1652707560.50471, sdrt-health/mac:02010b41cdec/antenna/tag/e2806894000040038662114f, 88
1652707560.512616, sdrt-health/mac:02010b41cdec/antenna/tag/e2806894000050038661fd4f, 83
1652707560.55292, sdrt-health/mac:02010b41cdec/antenna/tag/e2806894000040038662114f, 85
1652707560.60644, sdrt-health/mac:02010b41cdec/antenna/tag/e2806894000050038661fd4f, 83
1652707560.606905, sdrt-health/mac:02010b41cdec/antenna/tag/e2806894000040038662114f, 88
1652707560.662108, sdrt-health/mac:02010b41cdec/antenna/tag/e2806894000050038662154f, 91
1652707560.700803, sdrt-health/mac:02010b41cdec/antenna/tag/e28068940000500386620d4f, 94
1652707560.742496, sdrt-health/mac:02010b41cdec/antenna/tag/e2806894000040038662114f, 88
1652707560.792026, sdrt-health/mac:02010b41cdec/antenna/tag/e28068940000500386620d4f, 81
1652707560.823216, sdrt-health/mac:02010b41cdec/antenna/tag/e28068940000400386621d4f, 96
1652707560.823703, sdrt-health/mac:02010b41cdec/antenna/tag/e2806894000040038662114f, 97
1652707560.838639, sdrt-health/mac:02010b41cdec/antenna/tag/e28068940000500386620d4f, 83
1652707560.880014, sdrt-health/mac:02010b41cdec/antenna/tag/e2806894000040038662114f, 91
1652707560.936809, sdrt-health/mac:02010b41cdec/antenna/tag/e2806894000050038662154f, 88
1652707560.937325, sdrt-health/mac:02010b41cdec/antenna/tag/e2806894000050038662194f, 81
1652707560.951346, sdrt-health/mac:02010b41cdec/antenna/tag/e2806894000050038662154f, 88
1652707560.97121, sdrt-health/mac:02010b41cdec/antenna/tag/e28068940000400386621d4f, 96
1652707561.002832, sdrt-health/mac:02010b41cdec/antenna/tag/e2806894000050038662154f, 91
1652707561.003461, sdrt-health/mac:02010b41cdec/antenna/tag/e2806894000050038662194f, 81
1652707561.01838, sdrt-health/mac:02010b41cdec/antenna/tag/e28068940000400386621d4f, 96
1652707561.061116, sdrt-health/mac:02010b41cdec/antenna/tag/e2806894000050038662154f, 91
1652707561.104249, sdrt-health/mac:02010b41cdec/antenna/tag/e28068940000400386621d4f, 96
1652707561.158434, sdrt-health/mac:02010b41cdec/antenna/tag/e28068940000400386621d4f, 96
1652707561.158824, sdrt-health/mac:02010b41cdec/antenna/tag/e2806894000050038662154f, 91
1652707561.183224, sdrt-health/mac:02010b41cdec/antenna/tag/e28068940000400386621d4f, 96
1652707561.239007, sdrt-health/mac:02010b41cdec/antenna/tag/e2806894000040038662114f, 88
1652707561.239518, sdrt-health/mac:02010b41cdec/antenna/tag/e2806894000050038662194f, 83
1652707561.255205, sdrt-health/mac:02010b41cdec/antenna/tag/e28068940000500386620d4f, 87
1652707561.286582, sdrt-health/mac:02010b41cdec/antenna/tag/e2806894000050038661fd4f, 83
1652707561.287336, sdrt-health/mac:02010b41cdec/antenna/tag/e2806894000040038662114f, 88
1652707561.28782, sdrt-health/mac:02010b41cdec/antenna/tag/e28068940000400386621d4f, 96
1652707561.301727, sdrt-health/mac:02010b41cdec/antenna/tag/e2806894000050038662154f, 88
1652707561.341653, sdrt-health/mac:02010b41cdec/antenna/tag/e28068940000400386621d4f, 77
1652707561.404937, sdrt-health/mac:02010b41cdec/antenna/tag/e2806894000050038662154f, 91
1652707561.405419, sdrt-health/mac:02010b41cdec/antenna/tag/e2806894000040038662114f, 85
1652707561.421043, sdrt-health/mac:02010b41cdec/antenna/tag/e2806894000040038662114f, 97
1652707561.463226, sdrt-health/mac:02010b41cdec/antenna/tag/e2806894000050038662194f, 94
1652707561.502724, sdrt-health/mac:02010b41cdec/antenna/tag/e28068940000500386620d4f, 87
1652707561.503326, sdrt-health/mac:02010b41cdec/antenna/tag/e2806894000050038662154f, 91
1652707561.503771, sdrt-health/mac:02010b41cdec/antenna/tag/e2806894000040038662114f, 88
1652707561.566388, sdrt-health/mac:02010b41cdec/antenna/tag/e28068940000400386621d4f, 96
1652707561.602717, sdrt-health/mac:02010b41cdec/antenna/tag/e2806894000040038662114f, 85
1652707561.641657, sdrt-health/mac:02010b41cdec/antenna/tag/e28068940000400386621d4f, 96
1652707561.674233, sdrt-health/mac:02010b41cdec/antenna/tag/e2806894000050038662154f, 91
1652707561.674565, sdrt-health/mac:02010b41cdec/antenna/tag/e2806894000050038661fd4f, 86
1652707561.674805, sdrt-health/mac:02010b41cdec/antenna/tag/e2806894000040038662114f, 88
1652707561.741137, sdrt-health/mac:02010b41cdec/antenna/tag/e2806894000040038662114f, 88
1652707561.792634, sdrt-health/mac:02010b41cdec/antenna/tag/e2806894000040038662114f, 91
1652707561.850158, sdrt-health/mac:02010b41cdec/antenna/tag/e2806894000050038661fd4f, 86
1652707561.850647, sdrt-health/mac:02010b41cdec/antenna/tag/e2806894000050038661fd4f, 90
1652707561.86581, sdrt-health/mac:02010b41cdec/antenna/tag/e2806894000050038662154f, 91
1652707561.896184, sdrt-health/mac:02010b41cdec/antenna/tag/e2806894000040038662114f, 88
1652707561.896576, sdrt-health/mac:02010b41cdec/antenna/tag/e2806894000040038662114f, 88
1652707561.912636, sdrt-health/mac:02010b41cdec/antenna/tag/e2806894000050038662154f, 91
1652707561.952626, sdrt-health/mac:02010b41cdec/antenna/tag/e2806894000050038661fd4f, 83
1652707562.005381, sdrt-health/mac:02010b41cdec/antenna/tag/e2806894000050038662154f, 91
1652707562.005862, sdrt-health/mac:02010b41cdec/antenna/tag/e2806894000050038662154f, 88
1652707562.019605, sdrt-health/mac:02010b41cdec/antenna/tag/e2806894000040038662114f, 88
1652707562.020126, sdrt-health/mac:02010b41cdec/antenna/tag/e2806894000050038661fd4f, 83
1652707562.031149, sdrt-health/mac:02010b41cdec/antenna/tag/e2806894000040038662114f, 85
1652707562.071645, sdrt-health/mac:02010b41cdec/antenna/tag/e2806894000040038661f94f, 88
1652707562.112163, sdrt-health/mac:02010b41cdec/antenna/tag/e2806894000050038661fd4f, 83
1652707562.153814, sdrt-health/mac:02010b41cdec/antenna/tag/e2806894000050038662154f, 85
1652707562.206356, sdrt-health/mac:02010b41cdec/antenna/tag/e28068940000500386620d4f, 81
1652707562.206819, sdrt-health/mac:02010b41cdec/antenna/tag/e28068940000400386621d4f, 96
1652707562.231125, sdrt-health/mac:02010b41cdec/antenna/tag/e2806894000040038662114f, 85
1652707562.260692, sdrt-health/mac:02010b41cdec/antenna/tag/e28068940000400386621d4f, 96
1652707562.260906, sdrt-health/mac:02010b41cdec/antenna/tag/e2806894000040038662114f, 85
1652707562.277358, sdrt-health/mac:02010b41cdec/antenna/tag/e2806894000040038662114f, 85
1652707562.324151, sdrt-health/mac:02010b41cdec/antenna/tag/e2806894000040038662114f, 88
1652707562.361065, sdrt-health/mac:02010b41cdec/antenna/tag/e2806894000050038661fd4f, 86
1652707562.389222, sdrt-health/mac:02010b41cdec/antenna/tag/e28068940000500386620d4f, 83
1652707562.389587, sdrt-health/mac:02010b41cdec/antenna/tag/e2806894000050038662154f, 88
1652707562.403644, sdrt-health/mac:02010b41cdec/antenna/tag/e28068940000400386621d4f, 96
1652707562.404033, sdrt-health/mac:02010b41cdec/antenna/tag/e2806894000040038662114f, 91
1652707562.404403, sdrt-health/mac:02010b41cdec/antenna/tag/e2806894000050038661fd4f, 86
1652707562.441309, sdrt-health/mac:02010b41cdec/antenna/tag/e2806894000040038662114f, 91
1652707562.502097, sdrt-health/mac:02010b41cdec/antenna/tag/e28068940000500386620d4f, 81
1652707562.541428, sdrt-health/mac:02010b41cdec/antenna/tag/e28068940000400386621d4f, 96
1652707562.596502, sdrt-health/mac:02010b41cdec/antenna/tag/e2806894000050038662154f, 88
1652707562.597133, sdrt-health/mac:02010b41cdec/antenna/tag/e28068940000400386621d4f, 90
1652707562.621947, sdrt-health/mac:02010b41cdec/antenna/tag/e28068940000500386620d4f, 81
1652707562.678065, sdrt-health/mac:02010b41cdec/antenna/tag/e2806894000050038661fd4f, 86
1652707562.678522, sdrt-health/mac:02010b41cdec/antenna/tag/e2806894000050038661fd4f, 83
1652707562.69322, sdrt-health/mac:02010b41cdec/antenna/tag/e28068940000500386620d4f, 83
1652707562.701222, sdrt-health/mac:02010b41cdec/antenna/tag/e2806894000050038661fd4f, 86
1652707562.708203, sdrt-health/mac:02010b41cdec/antenna/tag/e2806894000040038662114f, 88
1652707562.742894, sdrt-health/mac:02010b41cdec/antenna/tag/e28068940000400386621d4f, 96
1652707562.781718, sdrt-health/mac:02010b41cdec/antenna/tag/e2806894000050038662154f, 91
1652707562.837774, sdrt-health/mac:02010b41cdec/antenna/tag/e2806894000040038662114f, 88
1652707562.838303, sdrt-health/mac:02010b41cdec/antenna/tag/e28068940000400386621d4f, 77
1652707562.838642, sdrt-health/mac:02010b41cdec/antenna/tag/e2806894000050038662154f, 91
1652707562.851891, sdrt-health/mac:02010b41cdec/antenna/tag/e2806894000040038662114f, 88
1652707562.86321, sdrt-health/mac:02010b41cdec/antenna/tag/e2806894000040038662114f, 93
1652707562.902565, sdrt-health/mac:02010b41cdec/antenna/tag/e2806894000050038662154f, 91
1652707562.940677, sdrt-health/mac:02010b41cdec/antenna/tag/e28068940000400386621d4f, 96
1652707562.982159, sdrt-health/mac:02010b41cdec/antenna/tag/e2806894000050038662154f, 88
1652707563.022461, sdrt-health/mac:02010b41cdec/antenna/tag/e2806894000040038662114f, 88
1652707563.062095, sdrt-health/mac:02010b41cdec/antenna/tag/e2806894000040038661f94f, 88
1652707563.116314, sdrt-health/mac:02010b41cdec/antenna/tag/e2806894000040038662214f, 82
1652707563.11663, sdrt-health/mac:02010b41cdec/antenna/tag/e2806894000040038662114f, 85
1652707563.116911, sdrt-health/mac:02010b41cdec/antenna/tag/e2806894000050038662194f, 83
1652707563.141178, sdrt-health/mac:02010b41cdec/antenna/tag/e2806894000050038662154f, 97
1652707563.182165, sdrt-health/mac:02010b41cdec/antenna/tag/e2806894000050038662194f, 81
1652707563.220786, sdrt-health/mac:02010b41cdec/antenna/tag/e2806894000050038661fd4f, 86
1652707563.271594, sdrt-health/mac:02010b41cdec/antenna/tag/e28068940000500386620d4f, 84
1652707563.332291, sdrt-health/mac:02010b41cdec/antenna/tag/e2806894000050038661fd4f, 86
1652707563.332737, sdrt-health/mac:02010b41cdec/antenna/tag/e2806894000050038662154f, 91
1652707563.350446, sdrt-health/mac:02010b41cdec/antenna/tag/e2806894000050038661fd4f, 90
1652707563.742582, sdrt-health/mac:02010b41cdec/antenna/tag/e2806894000050038661fd4f, 90
1652707563.771577, sdrt-health/mac:02010b41cdec/antenna/tag/e28068940000500386620d4f, 94
1652707563.771853, sdrt-health/mac:02010b41cdec/antenna/tag/e2806894000050038661fd4f, 90
1652707563.772048, sdrt-health/mac:02010b41cdec/antenna/tag/e2806894000050038662154f, 88
1652707563.772185, sdrt-health/mac:02010b41cdec/antenna/tag/e28068940000400386621d4f, 96
1652707563.772485, sdrt-health/mac:02010b41cdec/antenna/tag/e28068940000500386620d4f, 84
1652707563.77262, sdrt-health/mac:02010b41cdec/antenna/tag/e28068940000400386621d4f, 96
1652707563.77274, sdrt-health/mac:02010b41cdec/antenna/tag/e2806894000050038662154f, 88
1652707563.772856, sdrt-health/mac:02010b41cdec/antenna/tag/e28068940000500386620d4f, 83
1652707563.772991, sdrt-health/mac:02010b41cdec/antenna/tag/e2806894000040038662114f, 88
1652707563.786092, sdrt-health/mac:02010b41cdec/antenna/tag/e2806894000040038662114f, 88
1652707563.786302, sdrt-health/mac:02010b41cdec/antenna/tag/e28068940000500386620d4f, 83
1652707563.786435, sdrt-health/mac:02010b41cdec/antenna/tag/e2806894000050038661fd4f, 86
1652707563.861206, sdrt-health/mac:02010b41cdec/antenna/tag/e2806894000040038662114f, 88
1652707563.894012, sdrt-health/mac:02010b41cdec/antenna/tag/e2806894000050038662154f, 91
1652707563.894363, sdrt-health/mac:02010b41cdec/antenna/tag/e2806894000040038662114f, 91
1652707563.894586, sdrt-health/mac:02010b41cdec/antenna/tag/e2806894000050038662154f, 88
1652707563.894797, sdrt-health/mac:02010b41cdec/antenna/tag/e28068940000500386620d4f, 87
1652707563.931375, sdrt-health/mac:02010b41cdec/antenna/tag/e28068940000500386620d4f, 81
1652707563.971544, sdrt-health/mac:02010b41cdec/antenna/tag/e2806894000050038662154f, 93
1652707564.027683, sdrt-health/mac:02010b41cdec/antenna/tag/e2806894000040038662114f, 88
1652707564.028148, sdrt-health/mac:02010b41cdec/antenna/tag/e2806894000040038662114f, 88
1652707564.053354, sdrt-health/mac:02010b41cdec/antenna/tag/e2806894000040038661f94f, 88
1652707564.156077, sdrt-health/mac:02010b41cdec/antenna/tag/e2806894000040038662114f, 88
1652707564.15653, sdrt-health/mac:02010b41cdec/antenna/tag/e28068940000400386621d4f, 96
1652707564.182072, sdrt-health/mac:02010b41cdec/antenna/tag/e2806894000040038662114f, 88
1652707564.210795, sdrt-health/mac:02010b41cdec/antenna/tag/e2806894000050038662154f, 91
1652707564.211052, sdrt-health/mac:02010b41cdec/antenna/tag/e2806894000050038661fd4f, 83
1652707564.226891, sdrt-health/mac:02010b41cdec/antenna/tag/e2806894000050038662154f, 97
1652707564.227229, sdrt-health/mac:02010b41cdec/antenna/tag/e2806894000050038661fd4f, 86
1652707564.282535, sdrt-health/mac:02010b41cdec/antenna/tag/e28068940000400386621d4f, 96
1652707564.346949, sdrt-health/mac:02010b41cdec/antenna/tag/e28068940000400386621d4f, 96
1652707564.347409, sdrt-health/mac:02010b41cdec/antenna/tag/e2806894000040038662114f, 85
1652707564.371647, sdrt-health/mac:02010b41cdec/antenna/tag/e2806894000050038661fd4f, 86
1652707564.425943, sdrt-health/mac:02010b41cdec/antenna/tag/e28068940000400386621d4f, 90
1652707564.426412, sdrt-health/mac:02010b41cdec/antenna/tag/e28068940000400386621d4f, 90
1652707564.452335, sdrt-health/mac:02010b41cdec/antenna/tag/e2806894000050038661fd4f, 86
1652707564.509333, sdrt-health/mac:02010b41cdec/antenna/tag/e28068940000400386621d4f, 96
1652707564.509644, sdrt-health/mac:02010b41cdec/antenna/tag/e2806894000050038662194f, 84
1652707564.524216, sdrt-health/mac:02010b41cdec/antenna/tag/e2806894000050038662154f, 85
1652707564.572395, sdrt-health/mac:02010b41cdec/antenna/tag/e28068940000500386620d4f, 83
1652707564.612518, sdrt-health/mac:02010b41cdec/antenna/tag/e28068940000500386620d4f, 83
1652707564.703022, sdrt-health/mac:02010b41cdec/antenna/tag/e2806894000050038661fd4f, 83
1652707564.767574, sdrt-health/mac:02010b41cdec/antenna/tag/e28068940000500386620d4f, 83
1652707564.767833, sdrt-health/mac:02010b41cdec/antenna/tag/e2806894000050038661fd4f, 86
1652707564.78391, sdrt-health/mac:02010b41cdec/antenna/tag/e2806894000050038661fd4f, 90
1652707564.784278, sdrt-health/mac:02010b41cdec/antenna/tag/e2806894000040038662114f, 88
1652707564.784564, sdrt-health/mac:02010b41cdec/antenna/tag/e28068940000400386621d4f, 96
1652707564.821224, sdrt-health/mac:02010b41cdec/antenna/tag/e28068940000500386620d4f, 83
1652707564.877251, sdrt-health/mac:02010b41cdec/antenna/tag/e2806894000050038661fd4f, 86
1652707564.877652, sdrt-health/mac:02010b41cdec/antenna/tag/e28068940000400386621d4f, 96
1652707564.878019, sdrt-health/mac:02010b41cdec/antenna/tag/e2806894000040038662114f, 88
1652707564.892112, sdrt-health/mac:02010b41cdec/antenna/tag/e2806894000050038661fd4f, 86
1652707564.892381, sdrt-health/mac:02010b41cdec/antenna/tag/e28068940000400386621d4f, 96
1652707564.902214, sdrt-health/mac:02010b41cdec/antenna/tag/e2806894000050038661fd4f, 86
1652707564.9074, sdrt-health/mac:02010b41cdec/antenna/tag/e2806894000040038662114f, 91
1652707564.941447, sdrt-health/mac:02010b41cdec/antenna/tag/e28068940000400386621d4f, 96
1652707564.98141, sdrt-health/mac:02010b41cdec/antenna/tag/e2806894000050038662154f, 88
1652707565.036444, sdrt-health/mac:02010b41cdec/antenna/tag/e28068940000400386621d4f, 96
1652707565.036822, sdrt-health/mac:02010b41cdec/antenna/tag/e28068940000500386620d4f, 83
1652707565.05392, sdrt-health/mac:02010b41cdec/antenna/tag/e2806894000050038662154f, 88
1652707565.084968, sdrt-health/mac:02010b41cdec/antenna/tag/e2806894000040038662114f, 88
1652707565.08532, sdrt-health/mac:02010b41cdec/antenna/tag/e2806894000050038662194f, 88
1652707565.085542, sdrt-health/mac:02010b41cdec/antenna/tag/e28068940000400386621d4f, 96
1652707565.085768, sdrt-health/mac:02010b41cdec/antenna/tag/e2806894000050038661fd4f, 86
1652707565.111134, sdrt-health/mac:02010b41cdec/antenna/tag/e28068940000400386621d4f, 96
1652707565.152715, sdrt-health/mac:02010b41cdec/antenna/tag/e2806894000040038662114f, 97
1652707565.183805, sdrt-health/mac:02010b41cdec/antenna/tag/e28068940000500386620d4f, 87
1652707565.18417, sdrt-health/mac:02010b41cdec/antenna/tag/e2806894000050038662154f, 93
1652707565.184403, sdrt-health/mac:02010b41cdec/antenna/tag/e2806894000040038662114f, 91
1652707565.211473, sdrt-health/mac:02010b41cdec/antenna/tag/e2806894000040038662214f, 84
1652707565.434547, sdrt-health/mac:02010b41cdec/antenna/tag/scan, scan stopped
