1652707847.456609, sdrt-health/mac:02010b41cdec/antenna/power/set, {"power": 290}
1652707848.544866, sdrt-health/mac:02010b41cdec/antenna/power/set, 
1652707850.747967, sdrt-health/mac:02010b41cdec/antenna/state, connected
1652707850.748323, sdrt-health/mac:02010b41cdec/fw, {"version":"1.8.1","model":"200","hash":"2f556501b58f1dad542af428d7928d18","timestamp":1652707847}
1652707850.931517, sdrt-health/mac:02010b41cdec/antenna/version, J.6.6/V0121-04
1652707851.132727, sdrt-health/mac:02010b41cdec/antenna/power, 29
1652707852.47893, sdrt-health/mac:02010b41cdec/antenna/tag/scan, {"time": 20000}
1652707852.911469, sdrt-health/mac:02010b41cdec/antenna/tag/e28068940000500386620d4f, 83
1652707852.950838, sdrt-health/mac:02010b41cdec/antenna/tag/e28068940000400386621d4f, 77
1652707852.991452, sdrt-health/mac:02010b41cdec/antenna/tag/e28068940000500386620d4f, 83
1652707853.081217, sdrt-health/mac:02010b41cdec/antenna/tag/e2806894000040038662114f, 88
1652707853.120419, sdrt-health/mac:02010b41cdec/antenna/tag/e2806894000040038662114f, 85
1652707853.176215, sdrt-health/mac:02010b41cdec/antenna/tag/e2806894000040038662114f, 85
1652707853.176545, sdrt-health/mac:02010b41cdec/antenna/tag/e2806894000050038661fd4f, 86
1652707853.200621, sdrt-health/mac:02010b41cdec/antenna/tag/e28068940000500386620d4f, 87
1652707853.241437, sdrt-health/mac:02010b41cdec/antenna/tag/e2806894000050038662154f, 88
1652707853.270766, sdrt-health/mac:02010b41cdec/antenna/tag/e2806894000050038661fd4f, 83
1652707853.271024, sdrt-health/mac:02010b41cdec/antenna/tag/e28068940000500386620d4f, 83
1652707853.285014, sdrt-health/mac:02010b41cdec/antenna/tag/e2806894000050038662154f, 88
1652707853.320871, sdrt-health/mac:02010b41cdec/antenna/tag/e2806894000050038661fd4f, 83
1652707853.361992, sdrt-health/mac:02010b41cdec/antenna/tag/e2806894000050038662154f, 88
1652707853.434381, sdrt-health/mac:02010b41cdec/antenna/tag/e28068940000400386621d4f, 96
1652707853.434649, sdrt-health/mac:02010b41cdec/antenna/tag/e2806894000050038662154f, 88
1652707853.448658, sdrt-health/mac:02010b41cdec/antenna/tag/e2806894000050038661fd4f, 86
1652707853.449022, sdrt-health/mac:02010b41cdec/antenna/tag/e28068940000400386621d4f, 96
1652707853.461109, sdrt-health/mac:02010b41cdec/antenna/tag/e2806894000050038662154f, 88
1652707853.465048, sdrt-health/mac:02010b41cdec/antenna/tag/e2806894000050038661fd4f, 86
1652707853.509316, sdrt-health/mac:02010b41cdec/antenna/tag/e28068940000400386621d4f, 96
1652707853.566549, sdrt-health/mac:02010b41cdec/antenna/tag/e2806894000040038662114f, 88
1652707853.566924, sdrt-health/mac:02010b41cdec/antenna/tag/e2806894000040038662114f, 91
1652707853.589877, sdrt-health/mac:02010b41cdec/antenna/tag/e2806894000050038661fd4f, 90
1652707853.655301, sdrt-health/mac:02010b41cdec/antenna/tag/e2806894000050038662154f, 97
1652707853.655822, sdrt-health/mac:02010b41cdec/antenna/tag/e2806894000040038662114f, 88
1652707853.669387, sdrt-health/mac:02010b41cdec/antenna/tag/e2806894000040038662114f, 88
1652707853.681463, sdrt-health/mac:02010b41cdec/antenna/tag/e2806894000040038662114f, 88
1652707853.722776, sdrt-health/mac:02010b41cdec/antenna/tag/e2806894000050038662154f, 88
1652707853.77839, sdrt-health/mac:02010b41cdec/antenna/tag/e28068940000400386621d4f, 96
1652707853.778683, sdrt-health/mac:02010b41cdec/antenna/tag/e2806894000040038662114f, 88
1652707853.794031, sdrt-health/mac:02010b41cdec/antenna/tag/e2806894000050038662154f, 88
1652707853.801427, sdrt-health/mac:02010b41cdec/antenna/tag/e2806894000040038662114f, 88
1652707853.849319, sdrt-health/mac:02010b41cdec/antenna/tag/e2806894000050038662154f, 85
1652707853.896918, sdrt-health/mac:02010b41cdec/antenna/tag/e2806894000050038662154f, 88
1652707853.897554, sdrt-health/mac:02010b41cdec/antenna/tag/e28068940000400386621d4f, 77
1652707853.941358, sdrt-health/mac:02010b41cdec/antenna/tag/e2806894000040038662114f, 88
1652707853.980865, sdrt-health/mac:02010b41cdec/antenna/tag/e2806894000050038661fd4f, 83
1652707854.044749, sdrt-health/mac:02010b41cdec/antenna/tag/e2806894000040038662114f, 88
1652707854.045387, sdrt-health/mac:02010b41cdec/antenna/tag/e2806894000050038661fd4f, 83
1652707854.058869, sdrt-health/mac:02010b41cdec/antenna/tag/e28068940000400386621d4f, 96
1652707854.071074, sdrt-health/mac:02010b41cdec/antenna/tag/e2806894000050038661fd4f, 90
1652707854.141895, sdrt-health/mac:02010b41cdec/antenna/tag/e2806894000040038662114f, 83
1652707854.22177, sdrt-health/mac:02010b41cdec/antenna/tag/e2806894000050038662194f, 94
1652707854.272148, sdrt-health/mac:02010b41cdec/antenna/tag/e2806894000050038662194f, 81
1652707854.311374, sdrt-health/mac:02010b41cdec/antenna/tag/e2806894000050038662194f, 81
1652707854.352168, sdrt-health/mac:02010b41cdec/antenna/tag/e2806894000050038661fd4f, 83
1652707854.407059, sdrt-health/mac:02010b41cdec/antenna/tag/e2806894000040038661f94f, 84
1652707854.407506, sdrt-health/mac:02010b41cdec/antenna/tag/e2806894000040038662114f, 88
1652707854.421325, sdrt-health/mac:02010b41cdec/antenna/tag/e2806894000050038662154f, 85
1652707854.45089, sdrt-health/mac:02010b41cdec/antenna/tag/e28068940000400386621d4f, 77
1652707854.451131, sdrt-health/mac:02010b41cdec/antenna/tag/e2806894000040038662114f, 88
1652707854.469105, sdrt-health/mac:02010b41cdec/antenna/tag/e2806894000050038662194f, 81
1652707854.602264, sdrt-health/mac:02010b41cdec/antenna/tag/e2806894000050038662194f, 81
1652707854.602839, sdrt-health/mac:02010b41cdec/antenna/tag/e2806894000050038662154f, 91
1652707854.649091, sdrt-health/mac:02010b41cdec/antenna/tag/e28068940000400386621d4f, 77
1652707854.692285, sdrt-health/mac:02010b41cdec/antenna/tag/e2806894000050038662154f, 97
1652707854.730518, sdrt-health/mac:02010b41cdec/antenna/tag/e2806894000050038661fd4f, 83
1652707854.787072, sdrt-health/mac:02010b41cdec/antenna/tag/e2806894000040038662114f, 88
1652707854.78742, sdrt-health/mac:02010b41cdec/antenna/tag/e2806894000040038662114f, 85
1652707854.814377, sdrt-health/mac:02010b41cdec/antenna/tag/e28068940000400386621d4f, 96
1652707854.867744, sdrt-health/mac:02010b41cdec/antenna/tag/e2806894000050038661fd4f, 83
1652707854.867942, sdrt-health/mac:02010b41cdec/antenna/tag/e2806894000050038662154f, 91
1652707854.899398, sdrt-health/mac:02010b41cdec/antenna/tag/e2806894000050038662154f, 91
1652707854.978743, sdrt-health/mac:02010b41cdec/antenna/tag/e2806894000050038662154f, 88
1652707854.979249, sdrt-health/mac:02010b41cdec/antenna/tag/e28068940000400386621d4f, 90
1652707855.000912, sdrt-health/mac:02010b41cdec/antenna/tag/e2806894000050038661fd4f, 86
1652707855.032454, sdrt-health/mac:02010b41cdec/antenna/tag/e28068940000400386621d4f, 96
1652707855.032669, sdrt-health/mac:02010b41cdec/antenna/tag/e28068940000500386620d4f, 94
1652707855.047905, sdrt-health/mac:02010b41cdec/antenna/tag/e2806894000050038662154f, 91
1652707855.08062, sdrt-health/mac:02010b41cdec/antenna/tag/e28068940000500386620d4f, 81
1652707855.14195, sdrt-health/mac:02010b41cdec/antenna/tag/e2806894000050038661fd4f, 86
1652707855.18162, sdrt-health/mac:02010b41cdec/antenna/tag/e2806894000040038662114f, 88
1652707855.23616, sdrt-health/mac:02010b41cdec/antenna/tag/e2806894000050038662154f, 91
1652707855.2364, sdrt-health/mac:02010b41cdec/antenna/tag/e2806894000050038662154f, 88
1652707855.309799, sdrt-health/mac:02010b41cdec/antenna/tag/e2806894000050038662154f, 88
1652707855.370209, sdrt-health/mac:02010b41cdec/antenna/tag/e2806894000050038662154f, 91
1652707855.433428, sdrt-health/mac:02010b41cdec/antenna/tag/e28068940000400386621d4f, 96
1652707855.433652, sdrt-health/mac:02010b41cdec/antenna/tag/e2806894000050038661fd4f, 86
1652707855.452171, sdrt-health/mac:02010b41cdec/antenna/tag/e2806894000050038662154f, 88
1652707855.506296, sdrt-health/mac:02010b41cdec/antenna/tag/e2806894000050038661fd4f, 90
1652707855.506499, sdrt-health/mac:02010b41cdec/antenna/tag/e28068940000500386620d4f, 83
1652707855.522029, sdrt-health/mac:02010b41cdec/antenna/tag/e2806894000050038661fd4f, 86
1652707855.530319, sdrt-health/mac:02010b41cdec/antenna/tag/e2806894000050038662154f, 88
1652707855.538438, sdrt-health/mac:02010b41cdec/antenna/tag/e28068940000400386621d4f, 90
1652707855.569717, sdrt-health/mac:02010b41cdec/antenna/tag/e2806894000050038662154f, 88
1652707855.602989, sdrt-health/mac:02010b41cdec/antenna/tag/e2806894000050038662154f, 91
1652707855.603249, sdrt-health/mac:02010b41cdec/antenna/tag/e2806894000050038662154f, 88
1652707855.619693, sdrt-health/mac:02010b41cdec/antenna/tag/e2806894000040038662114f, 91
1652707855.682352, sdrt-health/mac:02010b41cdec/antenna/tag/e2806894000040038662114f, 85
1652707855.710954, sdrt-health/mac:02010b41cdec/antenna/tag/e28068940000500386620d4f, 83
1652707855.711186, sdrt-health/mac:02010b41cdec/antenna/tag/e2806894000040038662114f, 88
1652707855.725498, sdrt-health/mac:02010b41cdec/antenna/tag/e28068940000500386620d4f, 81
1652707855.725723, sdrt-health/mac:02010b41cdec/antenna/tag/e2806894000050038661fd4f, 83
1652707855.761847, sdrt-health/mac:02010b41cdec/antenna/tag/e2806894000050038662154f, 93
1652707855.76243, sdrt-health/mac:02010b41cdec/antenna/tag/e2806894000040038662214f, 110
1652707855.811632, sdrt-health/mac:02010b41cdec/antenna/tag/e2806894000040038661f94f, 110
1652707855.811879, sdrt-health/mac:02010b41cdec/antenna/tag/e2806894000040038662114f, 88
1652707855.851453, sdrt-health/mac:02010b41cdec/antenna/tag/e2806894000050038662154f, 85
1652707855.891615, sdrt-health/mac:02010b41cdec/antenna/tag/e2806894000040038662114f, 85
1652707855.931415, sdrt-health/mac:02010b41cdec/antenna/tag/e2806894000050038661fd4f, 86
1652707855.979812, sdrt-health/mac:02010b41cdec/antenna/tag/e2806894000050038662154f, 97
1652707856.049057, sdrt-health/mac:02010b41cdec/antenna/tag/e2806894000050038661fd4f, 86
1652707856.049576, sdrt-health/mac:02010b41cdec/antenna/tag/e2806894000050038662154f, 91
1652707856.062821, sdrt-health/mac:02010b41cdec/antenna/tag/e2806894000050038661fd4f, 86
1652707856.063456, sdrt-health/mac:02010b41cdec/antenna/tag/e28068940000400386621d4f, 96
1652707856.113044, sdrt-health/mac:02010b41cdec/antenna/tag/e28068940000400386621d4f, 96
1652707856.177272, sdrt-health/mac:02010b41cdec/antenna/tag/e2806894000050038662154f, 91
1652707856.177672, sdrt-health/mac:02010b41cdec/antenna/tag/e2806894000050038662154f, 88
1652707856.212281, sdrt-health/mac:02010b41cdec/antenna/tag/e2806894000040038662114f, 91
1652707856.250374, sdrt-health/mac:02010b41cdec/antenna/tag/e28068940000500386620d4f, 81
1652707856.290882, sdrt-health/mac:02010b41cdec/antenna/tag/e2806894000050038662194f, 83
1652707856.330962, sdrt-health/mac:02010b41cdec/antenna/tag/e2806894000050038662154f, 85
1652707856.37479, sdrt-health/mac:02010b41cdec/antenna/tag/e2806894000050038661fd4f, 83
1652707856.436362, sdrt-health/mac:02010b41cdec/antenna/tag/e28068940000400386621d4f, 77
1652707856.436846, sdrt-health/mac:02010b41cdec/antenna/tag/e28068940000400386621d4f, 90
1652707856.451773, sdrt-health/mac:02010b41cdec/antenna/tag/e2806894000050038661fd4f, 86
1652707856.461633, sdrt-health/mac:02010b41cdec/antenna/tag/e2806894000050038662194f, 83
1652707856.521302, sdrt-health/mac:02010b41cdec/antenna/tag/e2806894000040038662114f, 88
1652707856.591476, sdrt-health/mac:02010b41cdec/antenna/tag/e2806894000050038662154f, 88
1652707856.630882, sdrt-health/mac:02010b41cdec/antenna/tag/e2806894000040038662114f, 88
1652707856.670801, sdrt-health/mac:02010b41cdec/antenna/tag/e28068940000400386621d4f, 96
1652707856.710956, sdrt-health/mac:02010b41cdec/antenna/tag/e2806894000040038662114f, 85
1652707856.765614, sdrt-health/mac:02010b41cdec/antenna/tag/e2806894000050038661fd4f, 83
1652707856.765817, sdrt-health/mac:02010b41cdec/antenna/tag/e28068940000500386620d4f, 81
1652707856.784804, sdrt-health/mac:02010b41cdec/antenna/tag/e2806894000040038662114f, 88
1652707856.791202, sdrt-health/mac:02010b41cdec/antenna/tag/e2806894000040038662114f, 88
1652707856.831013, sdrt-health/mac:02010b41cdec/antenna/tag/e28068940000400386621d4f, 90
1652707856.870566, sdrt-health/mac:02010b41cdec/antenna/tag/e2806894000050038662154f, 93
1652707856.950551, sdrt-health/mac:02010b41cdec/antenna/tag/e2806894000050038662154f, 88
1652707857.000511, sdrt-health/mac:02010b41cdec/antenna/tag/e2806894000040038661f94f, 110
1652707857.039448, sdrt-health/mac:02010b41cdec/antenna/tag/e2806894000040038662114f, 88
1652707857.080476, sdrt-health/mac:02010b41cdec/antenna/tag/e2806894000050038661fd4f, 86
1652707857.138363, sdrt-health/mac:02010b41cdec/antenna/tag/e2806894000050038662194f, 94
1652707857.138562, sdrt-health/mac:02010b41cdec/antenna/tag/e2806894000050038662154f, 85
1652707857.159708, sdrt-health/mac:02010b41cdec/antenna/tag/e2806894000050038662154f, 85
1652707857.202897, sdrt-health/mac:02010b41cdec/antenna/tag/e2806894000050038662154f, 85
1652707857.240274, sdrt-health/mac:02010b41cdec/antenna/tag/e2806894000040038662114f, 85
1652707857.296291, sdrt-health/mac:02010b41cdec/antenna/tag/e2806894000050038662194f, 81
1652707857.296482, sdrt-health/mac:02010b41cdec/antenna/tag/e2806894000050038662194f, 81
1652707857.320737, sdrt-health/mac:02010b41cdec/antenna/tag/e2806894000050038662194f, 83
1652707857.399773, sdrt-health/mac:02010b41cdec/antenna/tag/e2806894000050038662194f, 94
1652707857.400244, sdrt-health/mac:02010b41cdec/antenna/tag/e28068940000500386620d4f, 81
1652707857.437441, sdrt-health/mac:02010b41cdec/antenna/tag/e2806894000050038662194f, 81
1652707857.471026, sdrt-health/mac:02010b41cdec/antenna/tag/e2806894000050038661fd4f, 83
1652707857.51146, sdrt-health/mac:02010b41cdec/antenna/tag/e2806894000050038662194f, 83
1652707857.5665, sdrt-health/mac:02010b41cdec/antenna/tag/e2806894000040038662114f, 85
1652707857.566719, sdrt-health/mac:02010b41cdec/antenna/tag/e28068940000400386621d4f, 96
1652707857.590761, sdrt-health/mac:02010b41cdec/antenna/tag/e28068940000500386620d4f, 81
1652707857.640295, sdrt-health/mac:02010b41cdec/antenna/tag/e28068940000400386621d4f, 90
1652707857.702133, sdrt-health/mac:02010b41cdec/antenna/tag/e28068940000400386621d4f, 96
1652707857.741185, sdrt-health/mac:02010b41cdec/antenna/tag/e2806894000040038662114f, 91
1652707857.781787, sdrt-health/mac:02010b41cdec/antenna/tag/e28068940000500386620d4f, 84
1652707857.819951, sdrt-health/mac:02010b41cdec/antenna/tag/e28068940000500386620d4f, 83
1652707857.861444, sdrt-health/mac:02010b41cdec/antenna/tag/e2806894000050038662194f, 94
1652707857.896334, sdrt-health/mac:02010b41cdec/antenna/tag/e28068940000500386620d4f, 81
1652707857.896917, sdrt-health/mac:02010b41cdec/antenna/tag/e2806894000050038661fd4f, 83
1652707857.912412, sdrt-health/mac:02010b41cdec/antenna/tag/e28068940000500386620d4f, 81
1652707857.941403, sdrt-health/mac:02010b41cdec/antenna/tag/e2806894000050038661fd4f, 83
1652707857.997454, sdrt-health/mac:02010b41cdec/antenna/tag/e28068940000400386621d4f, 77
1652707857.997694, sdrt-health/mac:02010b41cdec/antenna/tag/e28068940000400386621d4f, 90
1652707858.012742, sdrt-health/mac:02010b41cdec/antenna/tag/e2806894000050038661fd4f, 86
1652707858.013424, sdrt-health/mac:02010b41cdec/antenna/tag/e2806894000050038661fd4f, 90
1652707858.020295, sdrt-health/mac:02010b41cdec/antenna/tag/e2806894000050038662154f, 88
1652707858.028482, sdrt-health/mac:02010b41cdec/antenna/tag/e2806894000040038662114f, 91
1652707858.028679, sdrt-health/mac:02010b41cdec/antenna/tag/e2806894000050038662154f, 91
1652707858.061421, sdrt-health/mac:02010b41cdec/antenna/tag/e2806894000040038662114f, 88
1652707858.115656, sdrt-health/mac:02010b41cdec/antenna/tag/e2806894000050038661fd4f, 86
1652707858.1159, sdrt-health/mac:02010b41cdec/antenna/tag/e28068940000500386620d4f, 81
1652707858.130886, sdrt-health/mac:02010b41cdec/antenna/tag/e2806894000050038661fd4f, 86
1652707858.151282, sdrt-health/mac:02010b41cdec/antenna/tag/e2806894000050038662154f, 88
1652707858.207594, sdrt-health/mac:02010b41cdec/antenna/tag/e28068940000400386621d4f, 96
1652707858.207861, sdrt-health/mac:02010b41cdec/antenna/tag/e2806894000050038661fd4f, 86
1652707858.224423, sdrt-health/mac:02010b41cdec/antenna/tag/e28068940000500386620d4f, 87
1652707858.230501, sdrt-health/mac:02010b41cdec/antenna/tag/e28068940000500386620d4f, 83
1652707858.269705, sdrt-health/mac:02010b41cdec/antenna/tag/e28068940000400386621d4f, 96
1652707858.350999, sdrt-health/mac:02010b41cdec/antenna/tag/e28068940000500386620d4f, 81
1652707858.391045, sdrt-health/mac:02010b41cdec/antenna/tag/e2806894000050038661fd4f, 83
1652707858.444626, sdrt-health/mac:02010b41cdec/antenna/tag/e2806894000050038662154f, 88
1652707858.444834, sdrt-health/mac:02010b41cdec/antenna/tag/e2806894000050038661fd4f, 83
1652707858.458219, sdrt-health/mac:02010b41cdec/antenna/tag/e28068940000500386620d4f, 83
1652707858.553748, sdrt-health/mac:02010b41cdec/antenna/tag/e2806894000040038662114f, 85
1652707858.610096, sdrt-health/mac:02010b41cdec/antenna/tag/e2806894000040038662114f, 88
1652707858.650378, sdrt-health/mac:02010b41cdec/antenna/tag/e2806894000040038662114f, 85
1652707858.704893, sdrt-health/mac:02010b41cdec/antenna/tag/e2806894000050038661fd4f, 83
1652707858.705114, sdrt-health/mac:02010b41cdec/antenna/tag/e2806894000050038661fd4f, 83
1652707858.718785, sdrt-health/mac:02010b41cdec/antenna/tag/e28068940000400386621d4f, 77
1652707858.766554, sdrt-health/mac:02010b41cdec/antenna/tag/e28068940000400386621d4f, 96
1652707858.766834, sdrt-health/mac:02010b41cdec/antenna/tag/e2806894000050038661fd4f, 83
1652707858.791189, sdrt-health/mac:02010b41cdec/antenna/tag/e2806894000050038661fd4f, 86
1652707858.832978, sdrt-health/mac:02010b41cdec/antenna/tag/e2806894000050038662194f, 94
1652707858.873732, sdrt-health/mac:02010b41cdec/antenna/tag/e28068940000500386620d4f, 88
1652707858.910009, sdrt-health/mac:02010b41cdec/antenna/tag/e2806894000050038662154f, 91
1652707858.951653, sdrt-health/mac:02010b41cdec/antenna/tag/e2806894000050038661fd4f, 90
1652707858.982217, sdrt-health/mac:02010b41cdec/antenna/tag/e2806894000040038662114f, 88
1652707858.982424, sdrt-health/mac:02010b41cdec/antenna/tag/e2806894000050038662154f, 88
1652707859.01317, sdrt-health/mac:02010b41cdec/antenna/tag/e2806894000040038662114f, 91
1652707859.060461, sdrt-health/mac:02010b41cdec/antenna/tag/e2806894000050038661fd4f, 86
1652707859.104583, sdrt-health/mac:02010b41cdec/antenna/tag/e28068940000400386621d4f, 90
1652707859.151699, sdrt-health/mac:02010b41cdec/antenna/tag/e28068940000400386621d4f, 90
1652707859.207696, sdrt-health/mac:02010b41cdec/antenna/tag/e2806894000050038661fd4f, 86
1652707859.207888, sdrt-health/mac:02010b41cdec/antenna/tag/e2806894000050038662154f, 88
1652707859.23093, sdrt-health/mac:02010b41cdec/antenna/tag/e2806894000050038662154f, 88
1652707859.287632, sdrt-health/mac:02010b41cdec/antenna/tag/e2806894000040038662114f, 88
1652707859.288081, sdrt-health/mac:02010b41cdec/antenna/tag/e2806894000050038662154f, 91
1652707859.311, sdrt-health/mac:02010b41cdec/antenna/tag/e2806894000050038662154f, 97
1652707859.36031, sdrt-health/mac:02010b41cdec/antenna/tag/e2806894000050038661fd4f, 83
1652707859.409768, sdrt-health/mac:02010b41cdec/antenna/tag/e2806894000050038661fd4f, 83
1652707859.410059, sdrt-health/mac:02010b41cdec/antenna/tag/e2806894000050038662154f, 88
1652707859.440152, sdrt-health/mac:02010b41cdec/antenna/tag/e2806894000050038662154f, 88
1652707859.481673, sdrt-health/mac:02010b41cdec/antenna/tag/e28068940000500386620d4f, 83
1652707859.520902, sdrt-health/mac:02010b41cdec/antenna/tag/e28068940000400386621d4f, 96
1652707859.571301, sdrt-health/mac:02010b41cdec/antenna/tag/e2806894000040038662114f, 85
1652707859.610759, sdrt-health/mac:02010b41cdec/antenna/tag/e2806894000040038662114f, 85
1652707859.682196, sdrt-health/mac:02010b41cdec/antenna/tag/e2806894000050038661fd4f, 86
1652707859.682776, sdrt-health/mac:02010b41cdec/antenna/tag/e28068940000400386621d4f, 96
1652707859.706412, sdrt-health/mac:02010b41cdec/antenna/tag/e2806894000050038662194f, 83
1652707859.70683, sdrt-health/mac:02010b41cdec/antenna/tag/e2806894000050038662194f, 83
1652707859.742224, sdrt-health/mac:02010b41cdec/antenna/tag/e2806894000050038662154f, 88
1652707859.795707, sdrt-health/mac:02010b41cdec/antenna/tag/e2806894000040038662114f, 88
1652707859.796143, sdrt-health/mac:02010b41cdec/antenna/tag/e28068940000400386621d4f, 77
1652707859.822946, sdrt-health/mac:02010b41cdec/antenna/tag/e2806894000040038662114f, 85
1652707859.862857, sdrt-health/mac:02010b41cdec/antenna/tag/e2806894000050038661fd4f, 83
1652707859.934382, sdrt-health/mac:02010b41cdec/antenna/tag/e2806894000040038662114f, 88
1652707859.973286, sdrt-health/mac:02010b41cdec/antenna/tag/e2806894000050038662154f, 88
1652707860.031649, sdrt-health/mac:02010b41cdec/antenna/tag/e28068940000400386621d4f, 96
1652707860.031888, sdrt-health/mac:02010b41cdec/antenna/tag/e2806894000050038662154f, 91
1652707860.062311, sdrt-health/mac:02010b41cdec/antenna/tag/e28068940000400386621d4f, 96
1652707860.101996, sdrt-health/mac:02010b41cdec/antenna/tag/e2806894000050038661fd4f, 86
1652707860.104082, sdrt-health/mac:02010b41cdec/antenna/tag/e2806894000040038662114f, 88
1652707860.120254, sdrt-health/mac:02010b41cdec/antenna/tag/e28068940000400386621d4f, 90
1652707860.142005, sdrt-health/mac:02010b41cdec/antenna/tag/e2806894000050038661fd4f, 90
1652707860.196403, sdrt-health/mac:02010b41cdec/antenna/tag/e2806894000050038662154f, 88
1652707860.196745, sdrt-health/mac:02010b41cdec/antenna/tag/e2806894000050038662154f, 88
1652707860.222416, sdrt-health/mac:02010b41cdec/antenna/tag/e2806894000050038661fd4f, 83
1652707860.35014, sdrt-health/mac:02010b41cdec/antenna/tag/e2806894000040038662114f, 91
1652707860.35063, sdrt-health/mac:02010b41cdec/antenna/tag/e2806894000050038661fd4f, 83
1652707860.370981, sdrt-health/mac:02010b41cdec/antenna/tag/e28068940000500386620d4f, 81
1652707860.417112, sdrt-health/mac:02010b41cdec/antenna/tag/e28068940000400386621d4f, 96
1652707860.463697, sdrt-health/mac:02010b41cdec/antenna/tag/e2806894000040038662114f, 88
1652707860.495203, sdrt-health/mac:02010b41cdec/antenna/tag/e2806894000050038661fd4f, 83
1652707860.495404, sdrt-health/mac:02010b41cdec/antenna/tag/e2806894000050038662154f, 88
1652707860.511132, sdrt-health/mac:02010b41cdec/antenna/tag/e2806894000050038661fd4f, 83
1652707860.511374, sdrt-health/mac:02010b41cdec/antenna/tag/e2806894000050038662154f, 88
1652707860.511552, sdrt-health/mac:02010b41cdec/antenna/tag/e28068940000400386621d4f, 96
1652707860.676801, sdrt-health/mac:02010b41cdec/antenna/tag/e2806894000050038661fd4f, 83
1652707860.746744, sdrt-health/mac:02010b41cdec/antenna/tag/e28068940000400386621d4f, 96
1652707860.746951, sdrt-health/mac:02010b41cdec/antenna/tag/e28068940000500386620d4f, 81
1652707860.763985, sdrt-health/mac:02010b41cdec/antenna/tag/e2806894000050038661fd4f, 86
1652707860.76419, sdrt-health/mac:02010b41cdec/antenna/tag/e2806894000050038662154f, 88
1652707860.764357, sdrt-health/mac:02010b41cdec/antenna/tag/e28068940000500386620d4f, 83
1652707860.77992, sdrt-health/mac:02010b41cdec/antenna/tag/e2806894000050038662154f, 88
1652707860.811827, sdrt-health/mac:02010b41cdec/antenna/tag/e2806894000050038662194f, 81
1652707860.812095, sdrt-health/mac:02010b41cdec/antenna/tag/e2806894000050038662154f, 88
1652707860.812252, sdrt-health/mac:02010b41cdec/antenna/tag/e2806894000050038662154f, 91
1652707860.829936, sdrt-health/mac:02010b41cdec/antenna/tag/e2806894000040038662214f, 81
1652707860.861451, sdrt-health/mac:02010b41cdec/antenna/tag/e2806894000050038662154f, 85
1652707860.917947, sdrt-health/mac:02010b41cdec/antenna/tag/e28068940000500386620d4f, 83
1652707860.918177, sdrt-health/mac:02010b41cdec/antenna/tag/e28068940000500386620d4f, 81
1652707860.935335, sdrt-health/mac:02010b41cdec/antenna/tag/e2806894000050038661fd4f, 83
1652707860.970799, sdrt-health/mac:02010b41cdec/antenna/tag/e2806894000050038662154f, 97
1652707861.013703, sdrt-health/mac:02010b41cdec/antenna/tag/e28068940000400386621d4f, 96
1652707861.068552, sdrt-health/mac:02010b41cdec/antenna/tag/e2806894000050038662154f, 91
1652707861.068729, sdrt-health/mac:02010b41cdec/antenna/tag/e2806894000050038661fd4f, 86
1652707861.086102, sdrt-health/mac:02010b41cdec/antenna/tag/e2806894000050038661fd4f, 86
1652707861.091693, sdrt-health/mac:02010b41cdec/antenna/tag/e2806894000050038661fd4f, 90
1652707861.102003, sdrt-health/mac:02010b41cdec/antenna/tag/e28068940000400386621d4f, 77
1652707861.130772, sdrt-health/mac:02010b41cdec/antenna/tag/e2806894000050038661fd4f, 86
1652707861.194241, sdrt-health/mac:02010b41cdec/antenna/tag/e2806894000040038662114f, 85
1652707861.194452, sdrt-health/mac:02010b41cdec/antenna/tag/e2806894000040038662114f, 85
1652707861.232076, sdrt-health/mac:02010b41cdec/antenna/tag/e2806894000040038662114f, 85
1652707861.271887, sdrt-health/mac:02010b41cdec/antenna/tag/e2806894000050038661fd4f, 83
1652707861.332004, sdrt-health/mac:02010b41cdec/antenna/tag/e2806894000050038661fd4f, 86
1652707861.375104, sdrt-health/mac:02010b41cdec/antenna/tag/e2806894000050038662154f, 97
1652707861.429101, sdrt-health/mac:02010b41cdec/antenna/tag/e2806894000040038662114f, 91
1652707861.42937, sdrt-health/mac:02010b41cdec/antenna/tag/e2806894000050038662154f, 91
1652707861.451104, sdrt-health/mac:02010b41cdec/antenna/tag/e2806894000040038662114f, 85
1652707861.501755, sdrt-health/mac:02010b41cdec/antenna/tag/e2806894000050038661fd4f, 86
1652707861.542702, sdrt-health/mac:02010b41cdec/antenna/tag/e28068940000400386621d4f, 96
1652707861.603835, sdrt-health/mac:02010b41cdec/antenna/tag/e28068940000400386621d4f, 96
1652707861.658713, sdrt-health/mac:02010b41cdec/antenna/tag/e2806894000050038661fd4f, 86
1652707861.658898, sdrt-health/mac:02010b41cdec/antenna/tag/e28068940000500386620d4f, 88
1652707861.681482, sdrt-health/mac:02010b41cdec/antenna/tag/e28068940000400386621d4f, 96
1652707861.740178, sdrt-health/mac:02010b41cdec/antenna/tag/e2806894000040038662114f, 88
1652707861.740654, sdrt-health/mac:02010b41cdec/antenna/tag/e28068940000400386621d4f, 96
1652707861.783464, sdrt-health/mac:02010b41cdec/antenna/tag/e2806894000040038662114f, 88
1652707861.821261, sdrt-health/mac:02010b41cdec/antenna/tag/e2806894000050038662154f, 88
1652707861.890293, sdrt-health/mac:02010b41cdec/antenna/tag/e2806894000040038662114f, 91
1652707861.942137, sdrt-health/mac:02010b41cdec/antenna/tag/e2806894000050038662154f, 91
1652707862.003447, sdrt-health/mac:02010b41cdec/antenna/tag/e28068940000400386621d4f, 96
1652707862.003679, sdrt-health/mac:02010b41cdec/antenna/tag/e28068940000400386621d4f, 96
1652707862.023065, sdrt-health/mac:02010b41cdec/antenna/tag/e2806894000050038661fd4f, 90
1652707862.054273, sdrt-health/mac:02010b41cdec/antenna/tag/e28068940000400386621d4f, 90
1652707862.05451, sdrt-health/mac:02010b41cdec/antenna/tag/e2806894000040038662114f, 88
1652707862.054615, sdrt-health/mac:02010b41cdec/antenna/tag/e28068940000500386620d4f, 81
1652707862.070472, sdrt-health/mac:02010b41cdec/antenna/tag/e2806894000050038661fd4f, 86
1652707862.104698, sdrt-health/mac:02010b41cdec/antenna/tag/e2806894000040038662114f, 91
1652707862.164948, sdrt-health/mac:02010b41cdec/antenna/tag/e2806894000050038661fd4f, 86
1652707862.16516, sdrt-health/mac:02010b41cdec/antenna/tag/e2806894000050038661fd4f, 83
1652707862.182899, sdrt-health/mac:02010b41cdec/antenna/tag/e28068940000400386621d4f, 77
1652707862.22154, sdrt-health/mac:02010b41cdec/antenna/tag/e2806894000040038662114f, 88
1652707862.261682, sdrt-health/mac:02010b41cdec/antenna/tag/e28068940000500386620d4f, 81
1652707862.30008, sdrt-health/mac:02010b41cdec/antenna/tag/e2806894000050038661fd4f, 83
1652707862.358729, sdrt-health/mac:02010b41cdec/antenna/tag/e28068940000500386620d4f, 81
1652707862.358931, sdrt-health/mac:02010b41cdec/antenna/tag/e2806894000040038662114f, 88
1652707862.374988, sdrt-health/mac:02010b41cdec/antenna/tag/e2806894000050038662154f, 88
1652707862.375217, sdrt-health/mac:02010b41cdec/antenna/tag/e28068940000400386621d4f, 96
1652707862.382912, sdrt-health/mac:02010b41cdec/antenna/tag/e2806894000050038661fd4f, 86
1652707862.391015, sdrt-health/mac:02010b41cdec/antenna/tag/e2806894000040038662114f, 88
1652707862.42102, sdrt-health/mac:02010b41cdec/antenna/tag/e28068940000400386621d4f, 77
1652707862.483784, sdrt-health/mac:02010b41cdec/antenna/tag/e2806894000040038662114f, 85
1652707862.484118, sdrt-health/mac:02010b41cdec/antenna/tag/e2806894000050038662154f, 91
1652707862.50044, sdrt-health/mac:02010b41cdec/antenna/tag/e28068940000400386621d4f, 96
1652707862.532182, sdrt-health/mac:02010b41cdec/antenna/tag/e28068940000400386621d4f, 77
1652707862.53242, sdrt-health/mac:02010b41cdec/antenna/tag/e2806894000050038661fd4f, 86
1652707862.558992, sdrt-health/mac:02010b41cdec/antenna/tag/e2806894000050038662154f, 91
1652707862.619807, sdrt-health/mac:02010b41cdec/antenna/tag/e28068940000400386621d4f, 96
1652707862.620059, sdrt-health/mac:02010b41cdec/antenna/tag/e2806894000050038662154f, 91
1652707862.639183, sdrt-health/mac:02010b41cdec/antenna/tag/e2806894000050038661fd4f, 90
1652707862.639386, sdrt-health/mac:02010b41cdec/antenna/tag/e2806894000050038662154f, 91
1652707862.64245, sdrt-health/mac:02010b41cdec/antenna/tag/e2806894000050038662194f, 83
1652707862.682087, sdrt-health/mac:02010b41cdec/antenna/tag/e28068940000400386621d4f, 90
1652707862.739, sdrt-health/mac:02010b41cdec/antenna/tag/e28068940000500386620d4f, 83
1652707862.739215, sdrt-health/mac:02010b41cdec/antenna/tag/e2806894000050038661fd4f, 86
1652707862.755737, sdrt-health/mac:02010b41cdec/antenna/tag/e2806894000050038661fd4f, 90
1652707862.775319, sdrt-health/mac:02010b41cdec/antenna/tag/e28068940000500386620d4f, 83
1652707862.81321, sdrt-health/mac:02010b41cdec/antenna/tag/e2806894000040038662114f, 91
1652707862.867471, sdrt-health/mac:02010b41cdec/antenna/tag/e28068940000500386620d4f, 83
1652707862.867767, sdrt-health/mac:02010b41cdec/antenna/tag/e2806894000050038661fd4f, 86
1652707862.901064, sdrt-health/mac:02010b41cdec/antenna/tag/e2806894000050038662154f, 88
1652707862.942389, sdrt-health/mac:02010b41cdec/antenna/tag/e2806894000040038662114f, 91
1652707862.98698, sdrt-health/mac:02010b41cdec/antenna/tag/e28068940000500386620d4f, 81
1652707863.037343, sdrt-health/mac:02010b41cdec/antenna/tag/e28068940000400386621d4f, 90
1652707863.037538, sdrt-health/mac:02010b41cdec/antenna/tag/e2806894000050038662194f, 83
1652707863.092288, sdrt-health/mac:02010b41cdec/antenna/tag/e2806894000050038661fd4f, 83
1652707863.130678, sdrt-health/mac:02010b41cdec/antenna/tag/e2806894000040038662114f, 88
1652707863.170397, sdrt-health/mac:02010b41cdec/antenna/tag/e2806894000050038661fd4f, 86
1652707863.210965, sdrt-health/mac:02010b41cdec/antenna/tag/e2806894000050038662154f, 88
1652707863.26863, sdrt-health/mac:02010b41cdec/antenna/tag/e2806894000050038661fd4f, 86
1652707863.269243, sdrt-health/mac:02010b41cdec/antenna/tag/e28068940000400386621d4f, 96
1652707863.283489, sdrt-health/mac:02010b41cdec/antenna/tag/e2806894000040038662114f, 88
1652707863.335236, sdrt-health/mac:02010b41cdec/antenna/tag/e2806894000040038662114f, 88
1652707863.380885, sdrt-health/mac:02010b41cdec/antenna/tag/e2806894000050038661fd4f, 86
1652707863.441424, sdrt-health/mac:02010b41cdec/antenna/tag/e2806894000050038662154f, 85
1652707863.441927, sdrt-health/mac:02010b41cdec/antenna/tag/e2806894000050038661fd4f, 86
1652707863.463484, sdrt-health/mac:02010b41cdec/antenna/tag/e2806894000040038662214f, 88
1652707863.463958, sdrt-health/mac:02010b41cdec/antenna/tag/e28068940000400386621d4f, 96
1652707863.464312, sdrt-health/mac:02010b41cdec/antenna/tag/e2806894000050038662154f, 85
1652707863.501146, sdrt-health/mac:02010b41cdec/antenna/tag/e28068940000500386620d4f, 88
1652707863.567483, sdrt-health/mac:02010b41cdec/antenna/tag/e2806894000040038662214f, 81
1652707863.567924, sdrt-health/mac:02010b41cdec/antenna/tag/e2806894000040038661f94f, 81
1652707863.568301, sdrt-health/mac:02010b41cdec/antenna/tag/e28068940000500386620d4f, 83
1652707863.591362, sdrt-health/mac:02010b41cdec/antenna/tag/e2806894000050038662194f, 81
1652707863.682014, sdrt-health/mac:02010b41cdec/antenna/tag/e28068940000500386620d4f, 83
1652707863.723275, sdrt-health/mac:02010b41cdec/antenna/tag/e2806894000050038662194f, 88
1652707863.756663, sdrt-health/mac:02010b41cdec/antenna/tag/e2806894000050038662154f, 85
1652707863.757123, sdrt-health/mac:02010b41cdec/antenna/tag/e28068940000400386621d4f, 77
1652707863.770951, sdrt-health/mac:02010b41cdec/antenna/tag/e2806894000050038661fd4f, 86
1652707863.801661, sdrt-health/mac:02010b41cdec/antenna/tag/e2806894000040038662114f, 88
1652707863.842584, sdrt-health/mac:02010b41cdec/antenna/tag/e28068940000500386620d4f, 87
1652707863.92177, sdrt-health/mac:02010b41cdec/antenna/tag/e28068940000500386620d4f, 88
1652707863.922233, sdrt-health/mac:02010b41cdec/antenna/tag/e28068940000400386621d4f, 90
1652707863.941774, sdrt-health/mac:02010b41cdec/antenna/tag/e2806894000050038662194f, 94
1652707863.9846, sdrt-health/mac:02010b41cdec/antenna/tag/e28068940000400386621d4f, 77
1652707864.023645, sdrt-health/mac:02010b41cdec/antenna/tag/e2806894000050038662194f, 81
1652707864.091074, sdrt-health/mac:02010b41cdec/antenna/tag/e28068940000500386620d4f, 83
1652707864.091575, sdrt-health/mac:02010b41cdec/antenna/tag/e28068940000400386621d4f, 90
1652707864.110126, sdrt-health/mac:02010b41cdec/antenna/tag/e28068940000500386620d4f, 81
1652707864.167962, sdrt-health/mac:02010b41cdec/antenna/tag/e2806894000040038662114f, 91
1652707864.168475, sdrt-health/mac:02010b41cdec/antenna/tag/e2806894000050038662154f, 88
1652707864.184229, sdrt-health/mac:02010b41cdec/antenna/tag/e2806894000050038661fd4f, 86
1652707864.202648, sdrt-health/mac:02010b41cdec/antenna/tag/e28068940000400386621d4f, 90
1652707864.260657, sdrt-health/mac:02010b41cdec/antenna/tag/e28068940000400386621d4f, 96
1652707864.261101, sdrt-health/mac:02010b41cdec/antenna/tag/e2806894000050038661fd4f, 86
1652707864.276488, sdrt-health/mac:02010b41cdec/antenna/tag/e2806894000050038661fd4f, 86
1652707864.310946, sdrt-health/mac:02010b41cdec/antenna/tag/e2806894000050038662154f, 88
1652707864.311302, sdrt-health/mac:02010b41cdec/antenna/tag/e28068940000400386621d4f, 90
1652707864.311574, sdrt-health/mac:02010b41cdec/antenna/tag/e2806894000040038662114f, 91
1652707864.311831, sdrt-health/mac:02010b41cdec/antenna/tag/e2806894000040038662114f, 91
1652707864.328025, sdrt-health/mac:02010b41cdec/antenna/tag/e2806894000040038662114f, 88
1652707864.362941, sdrt-health/mac:02010b41cdec/antenna/tag/e2806894000050038662194f, 81
1652707864.401179, sdrt-health/mac:02010b41cdec/antenna/tag/e2806894000050038661fd4f, 86
1652707864.465964, sdrt-health/mac:02010b41cdec/antenna/tag/e2806894000050038662154f, 88
1652707864.466405, sdrt-health/mac:02010b41cdec/antenna/tag/e28068940000500386620d4f, 83
1652707864.482181, sdrt-health/mac:02010b41cdec/antenna/tag/e28068940000400386621d4f, 77
1652707864.499018, sdrt-health/mac:02010b41cdec/antenna/tag/e2806894000050038661fd4f, 86
1652707864.556353, sdrt-health/mac:02010b41cdec/antenna/tag/e2806894000050038662154f, 91
1652707864.556683, sdrt-health/mac:02010b41cdec/antenna/tag/e2806894000040038662114f, 88
1652707864.572274, sdrt-health/mac:02010b41cdec/antenna/tag/e28068940000400386621d4f, 90
1652707864.585162, sdrt-health/mac:02010b41cdec/antenna/tag/e2806894000050038662154f, 85
1652707864.621224, sdrt-health/mac:02010b41cdec/antenna/tag/e28068940000400386621d4f, 96
1652707864.65043, sdrt-health/mac:02010b41cdec/antenna/tag/e2806894000050038661fd4f, 86
1652707864.650741, sdrt-health/mac:02010b41cdec/antenna/tag/e28068940000400386621d4f, 90
1652707864.665387, sdrt-health/mac:02010b41cdec/antenna/tag/e28068940000500386620d4f, 94
1652707864.701412, sdrt-health/mac:02010b41cdec/antenna/tag/e2806894000050038661fd4f, 86
1652707864.742993, sdrt-health/mac:02010b41cdec/antenna/tag/e2806894000050038662194f, 88
1652707864.79624, sdrt-health/mac:02010b41cdec/antenna/tag/e28068940000500386620d4f, 83
1652707864.796817, sdrt-health/mac:02010b41cdec/antenna/tag/e2806894000050038662194f, 88
1652707864.810224, sdrt-health/mac:02010b41cdec/antenna/tag/e28068940000400386621d4f, 96
1652707864.820687, sdrt-health/mac:02010b41cdec/antenna/tag/e2806894000040038662114f, 88
1652707864.861445, sdrt-health/mac:02010b41cdec/antenna/tag/e2806894000050038662154f, 88
1652707864.901063, sdrt-health/mac:02010b41cdec/antenna/tag/e2806894000050038662194f, 88
1652707864.942508, sdrt-health/mac:02010b41cdec/antenna/tag/e28068940000500386620d4f, 81
1652707864.9815, sdrt-health/mac:02010b41cdec/antenna/tag/e2806894000050038662194f, 81
1652707865.021174, sdrt-health/mac:02010b41cdec/antenna/tag/e2806894000050038662194f, 94
1652707865.060884, sdrt-health/mac:02010b41cdec/antenna/tag/e28068940000400386621d4f, 77
1652707865.116542, sdrt-health/mac:02010b41cdec/antenna/tag/e2806894000050038662154f, 88
1652707865.117005, sdrt-health/mac:02010b41cdec/antenna/tag/e2806894000050038662194f, 81
1652707865.117349, sdrt-health/mac:02010b41cdec/antenna/tag/e2806894000050038662154f, 85
1652707865.133017, sdrt-health/mac:02010b41cdec/antenna/tag/e2806894000050038662154f, 91
1652707865.171652, sdrt-health/mac:02010b41cdec/antenna/tag/e2806894000050038662154f, 88
1652707865.211635, sdrt-health/mac:02010b41cdec/antenna/tag/e2806894000050038661fd4f, 86
1652707865.266454, sdrt-health/mac:02010b41cdec/antenna/tag/e2806894000040038662114f, 85
1652707865.266993, sdrt-health/mac:02010b41cdec/antenna/tag/e2806894000040038662114f, 88
1652707865.290479, sdrt-health/mac:02010b41cdec/antenna/tag/e28068940000400386621d4f, 96
1652707865.329965, sdrt-health/mac:02010b41cdec/antenna/tag/e2806894000050038662154f, 88
1652707865.425129, sdrt-health/mac:02010b41cdec/antenna/tag/e2806894000040038662114f, 88
1652707865.425591, sdrt-health/mac:02010b41cdec/antenna/tag/e2806894000050038661fd4f, 86
1652707865.50428, sdrt-health/mac:02010b41cdec/antenna/tag/e28068940000400386621d4f, 90
1652707865.540388, sdrt-health/mac:02010b41cdec/antenna/tag/e2806894000050038662154f, 91
1652707865.581885, sdrt-health/mac:02010b41cdec/antenna/tag/e2806894000050038661fd4f, 86
1652707865.646752, sdrt-health/mac:02010b41cdec/antenna/tag/e2806894000050038662154f, 85
1652707865.647315, sdrt-health/mac:02010b41cdec/antenna/tag/e28068940000500386620d4f, 83
1652707865.670257, sdrt-health/mac:02010b41cdec/antenna/tag/e2806894000050038662194f, 81
1652707865.725884, sdrt-health/mac:02010b41cdec/antenna/tag/e2806894000040038662114f, 91
1652707865.726341, sdrt-health/mac:02010b41cdec/antenna/tag/e2806894000040038662114f, 88
1652707865.750818, sdrt-health/mac:02010b41cdec/antenna/tag/e2806894000040038662054f, 83
1652707865.81192, sdrt-health/mac:02010b41cdec/antenna/tag/e2806894000050038662154f, 91
1652707865.850095, sdrt-health/mac:02010b41cdec/antenna/tag/e2806894000040038662114f, 85
1652707865.878933, sdrt-health/mac:02010b41cdec/antenna/tag/e2806894000040038662114f, 91
1652707865.87932, sdrt-health/mac:02010b41cdec/antenna/tag/e2806894000050038662154f, 88
1652707865.893169, sdrt-health/mac:02010b41cdec/antenna/tag/e2806894000040038662114f, 88
1652707865.932119, sdrt-health/mac:02010b41cdec/antenna/tag/e2806894000050038662154f, 85
1652707865.984057, sdrt-health/mac:02010b41cdec/antenna/tag/e2806894000050038662154f, 85
1652707865.984533, sdrt-health/mac:02010b41cdec/antenna/tag/e28068940000500386620d4f, 83
1652707865.999439, sdrt-health/mac:02010b41cdec/antenna/tag/e2806894000050038661fd4f, 83
1652707866.020206, sdrt-health/mac:02010b41cdec/antenna/tag/e2806894000050038661fd4f, 86
1652707866.061198, sdrt-health/mac:02010b41cdec/antenna/tag/e28068940000400386621d4f, 96
1652707866.121645, sdrt-health/mac:02010b41cdec/antenna/tag/e2806894000050038661fd4f, 86
1652707866.122092, sdrt-health/mac:02010b41cdec/antenna/tag/e2806894000040038662114f, 85
1652707866.136356, sdrt-health/mac:02010b41cdec/antenna/tag/e28068940000400386621d4f, 77
1652707866.152672, sdrt-health/mac:02010b41cdec/antenna/tag/e2806894000040038662114f, 88
1652707866.22036, sdrt-health/mac:02010b41cdec/antenna/tag/e2806894000040038662114f, 91
1652707866.2208, sdrt-health/mac:02010b41cdec/antenna/tag/e2806894000050038662154f, 88
1652707866.235852, sdrt-health/mac:02010b41cdec/antenna/tag/e2806894000050038662154f, 88
1652707866.306922, sdrt-health/mac:02010b41cdec/antenna/tag/e2806894000050038661fd4f, 90
1652707866.307423, sdrt-health/mac:02010b41cdec/antenna/tag/e28068940000400386621d4f, 96
1652707866.331398, sdrt-health/mac:02010b41cdec/antenna/tag/e2806894000050038661fd4f, 86
1652707866.395789, sdrt-health/mac:02010b41cdec/antenna/tag/e2806894000050038662154f, 97
1652707866.396303, sdrt-health/mac:02010b41cdec/antenna/tag/e2806894000040038662114f, 93
1652707866.412243, sdrt-health/mac:02010b41cdec/antenna/tag/e2806894000040038662114f, 85
1652707866.442106, sdrt-health/mac:02010b41cdec/antenna/tag/e28068940000400386621d4f, 96
1652707866.496084, sdrt-health/mac:02010b41cdec/antenna/tag/e2806894000050038661fd4f, 86
1652707866.496433, sdrt-health/mac:02010b41cdec/antenna/tag/e2806894000050038661fd4f, 86
1652707866.580422, sdrt-health/mac:02010b41cdec/antenna/tag/e2806894000050038661fd4f, 90
1652707866.630603, sdrt-health/mac:02010b41cdec/antenna/tag/e2806894000050038661fd4f, 86
1652707866.65911, sdrt-health/mac:02010b41cdec/antenna/tag/e28068940000400386621d4f, 96
1652707866.659462, sdrt-health/mac:02010b41cdec/antenna/tag/e28068940000400386621d4f, 96
1652707866.680126, sdrt-health/mac:02010b41cdec/antenna/tag/e28068940000400386621d4f, 96
1652707866.737051, sdrt-health/mac:02010b41cdec/antenna/tag/e2806894000040038662114f, 88
1652707866.737553, sdrt-health/mac:02010b41cdec/antenna/tag/e28068940000400386621d4f, 96
1652707866.761307, sdrt-health/mac:02010b41cdec/antenna/tag/e2806894000040038662114f, 88
1652707866.836153, sdrt-health/mac:02010b41cdec/antenna/tag/e28068940000400386621d4f, 96
1652707866.836602, sdrt-health/mac:02010b41cdec/antenna/tag/e2806894000040038662214f, 81
1652707866.860353, sdrt-health/mac:02010b41cdec/antenna/tag/e2806894000040038661f94f, 81
1652707866.900083, sdrt-health/mac:02010b41cdec/antenna/tag/e2806894000040038661f94f, 94
1652707866.954438, sdrt-health/mac:02010b41cdec/antenna/tag/e28068940000400386621d4f, 77
1652707866.95493, sdrt-health/mac:02010b41cdec/antenna/tag/e2806894000050038662154f, 88
1652707866.980771, sdrt-health/mac:02010b41cdec/antenna/tag/e28068940000400386621d4f, 96
1652707867.011216, sdrt-health/mac:02010b41cdec/antenna/tag/e2806894000050038662154f, 91
1652707867.011495, sdrt-health/mac:02010b41cdec/antenna/tag/e2806894000040038662114f, 88
1652707867.028146, sdrt-health/mac:02010b41cdec/antenna/tag/e28068940000400386621d4f, 96
1652707867.058936, sdrt-health/mac:02010b41cdec/antenna/tag/e2806894000050038661fd4f, 83
1652707867.059183, sdrt-health/mac:02010b41cdec/antenna/tag/e2806894000040038662114f, 88
1652707867.07961, sdrt-health/mac:02010b41cdec/antenna/tag/e28068940000500386620d4f, 88
1652707867.120535, sdrt-health/mac:02010b41cdec/antenna/tag/e2806894000050038662154f, 88
1652707867.191856, sdrt-health/mac:02010b41cdec/antenna/tag/e28068940000500386620d4f, 81
1652707867.236207, sdrt-health/mac:02010b41cdec/antenna/tag/e2806894000050038661fd4f, 86
1652707867.287665, sdrt-health/mac:02010b41cdec/antenna/tag/e28068940000500386620d4f, 81
1652707867.288103, sdrt-health/mac:02010b41cdec/antenna/tag/e2806894000050038662194f, 94
1652707867.302874, sdrt-health/mac:02010b41cdec/antenna/tag/e28068940000500386620d4f, 81
1652707867.32196, sdrt-health/mac:02010b41cdec/antenna/tag/e2806894000040038662214f, 81
1652707867.36037, sdrt-health/mac:02010b41cdec/antenna/tag/e28068940000500386620d4f, 81
1652707867.412944, sdrt-health/mac:02010b41cdec/antenna/tag/e2806894000050038661fd4f, 83
1652707867.413337, sdrt-health/mac:02010b41cdec/antenna/tag/e2806894000040038662114f, 85
1652707867.440255, sdrt-health/mac:02010b41cdec/antenna/tag/e2806894000040038661f94f, 88
1652707867.486589, sdrt-health/mac:02010b41cdec/antenna/tag/e2806894000040038662114f, 85
1652707867.537219, sdrt-health/mac:02010b41cdec/antenna/tag/e2806894000050038661fd4f, 86
1652707867.53769, sdrt-health/mac:02010b41cdec/antenna/tag/e28068940000400386621d4f, 77
1652707867.551353, sdrt-health/mac:02010b41cdec/antenna/tag/e2806894000040038662114f, 85
1652707867.559486, sdrt-health/mac:02010b41cdec/antenna/tag/e2806894000050038661fd4f, 90
1652707867.601146, sdrt-health/mac:02010b41cdec/antenna/tag/e2806894000040038662114f, 85
1652707867.655988, sdrt-health/mac:02010b41cdec/antenna/tag/e2806894000050038662154f, 91
1652707867.65635, sdrt-health/mac:02010b41cdec/antenna/tag/e2806894000050038662154f, 91
1652707867.679866, sdrt-health/mac:02010b41cdec/antenna/tag/e2806894000040038662114f, 85
1652707867.71138, sdrt-health/mac:02010b41cdec/antenna/tag/e2806894000050038662194f, 81
1652707867.711661, sdrt-health/mac:02010b41cdec/antenna/tag/e2806894000040038662114f, 88
1652707867.726184, sdrt-health/mac:02010b41cdec/antenna/tag/e2806894000040038662114f, 88
1652707867.726516, sdrt-health/mac:02010b41cdec/antenna/tag/e28068940000400386621d4f, 96
1652707867.771237, sdrt-health/mac:02010b41cdec/antenna/tag/e2806894000050038661fd4f, 83
1652707867.810561, sdrt-health/mac:02010b41cdec/antenna/tag/e2806894000040038662214f, 83
1652707867.851142, sdrt-health/mac:02010b41cdec/antenna/tag/e2806894000050038662154f, 91
1652707867.8904, sdrt-health/mac:02010b41cdec/antenna/tag/e2806894000040038662114f, 85
1652707867.945986, sdrt-health/mac:02010b41cdec/antenna/tag/e28068940000400386621d4f, 96
1652707867.946559, sdrt-health/mac:02010b41cdec/antenna/tag/e2806894000050038661fd4f, 90
1652707867.960925, sdrt-health/mac:02010b41cdec/antenna/tag/e2806894000040038662114f, 85
1652707867.969446, sdrt-health/mac:02010b41cdec/antenna/tag/e2806894000050038661fd4f, 90
1652707868.022522, sdrt-health/mac:02010b41cdec/antenna/tag/e2806894000050038662154f, 91
1652707868.075057, sdrt-health/mac:02010b41cdec/antenna/tag/e2806894000050038661fd4f, 90
1652707868.075363, sdrt-health/mac:02010b41cdec/antenna/tag/e2806894000040038662114f, 88
1652707868.090889, sdrt-health/mac:02010b41cdec/antenna/tag/e2806894000040038662114f, 88
1652707868.10084, sdrt-health/mac:02010b41cdec/antenna/tag/e2806894000040038662114f, 88
1652707868.142965, sdrt-health/mac:02010b41cdec/antenna/tag/e2806894000050038661fd4f, 86
1652707868.179261, sdrt-health/mac:02010b41cdec/antenna/tag/e2806894000050038662154f, 88
1652707868.23469, sdrt-health/mac:02010b41cdec/antenna/tag/e28068940000400386621d4f, 90
1652707868.235195, sdrt-health/mac:02010b41cdec/antenna/tag/e28068940000500386620d4f, 87
1652707868.259916, sdrt-health/mac:02010b41cdec/antenna/tag/e2806894000040038662114f, 85
1652707868.317173, sdrt-health/mac:02010b41cdec/antenna/tag/e28068940000500386620d4f, 83
1652707868.317605, sdrt-health/mac:02010b41cdec/antenna/tag/e2806894000050038661fd4f, 83
1652707868.360857, sdrt-health/mac:02010b41cdec/antenna/tag/e28068940000400386621d4f, 96
1652707868.417692, sdrt-health/mac:02010b41cdec/antenna/tag/e2806894000040038662114f, 88
1652707868.41811, sdrt-health/mac:02010b41cdec/antenna/tag/e2806894000050038661fd4f, 86
1652707868.433071, sdrt-health/mac:02010b41cdec/antenna/tag/e28068940000500386620d4f, 87
1652707868.440995, sdrt-health/mac:02010b41cdec/antenna/tag/e2806894000050038662154f, 91
1652707868.450593, sdrt-health/mac:02010b41cdec/antenna/tag/e28068940000400386621d4f, 96
1652707868.450799, sdrt-health/mac:02010b41cdec/antenna/tag/e2806894000050038662154f, 91
1652707868.481419, sdrt-health/mac:02010b41cdec/antenna/tag/e28068940000500386620d4f, 81
1652707868.520419, sdrt-health/mac:02010b41cdec/antenna/tag/e2806894000050038662154f, 91
1652707868.560379, sdrt-health/mac:02010b41cdec/antenna/tag/e2806894000050038661fd4f, 86
1652707868.618184, sdrt-health/mac:02010b41cdec/antenna/tag/e2806894000040038662114f, 91
1652707868.618672, sdrt-health/mac:02010b41cdec/antenna/tag/e2806894000050038662154f, 88
1652707868.641548, sdrt-health/mac:02010b41cdec/antenna/tag/e2806894000040038662114f, 85
1652707868.698329, sdrt-health/mac:02010b41cdec/antenna/tag/e2806894000050038662154f, 85
1652707868.698723, sdrt-health/mac:02010b41cdec/antenna/tag/e2806894000050038662154f, 85
1652707868.722755, sdrt-health/mac:02010b41cdec/antenna/tag/e2806894000050038661fd4f, 83
1652707868.762911, sdrt-health/mac:02010b41cdec/antenna/tag/e28068940000500386620d4f, 81
1652707868.763514, sdrt-health/mac:02010b41cdec/antenna/tag/e2806894000040038662114f, 88
1652707868.777923, sdrt-health/mac:02010b41cdec/antenna/tag/e2806894000050038662154f, 85
1652707868.801586, sdrt-health/mac:02010b41cdec/antenna/tag/e28068940000400386621d4f, 96
1652707868.842262, sdrt-health/mac:02010b41cdec/antenna/tag/e2806894000050038661fd4f, 83
1652707868.881922, sdrt-health/mac:02010b41cdec/antenna/tag/e28068940000400386621d4f, 96
1652707868.921823, sdrt-health/mac:02010b41cdec/antenna/tag/e2806894000040038662114f, 88
1652707868.962164, sdrt-health/mac:02010b41cdec/antenna/tag/e2806894000050038661fd4f, 86
1652707869.027182, sdrt-health/mac:02010b41cdec/antenna/tag/e2806894000040038662114f, 85
1652707869.027693, sdrt-health/mac:02010b41cdec/antenna/tag/e2806894000040038662114f, 88
1652707869.050463, sdrt-health/mac:02010b41cdec/antenna/tag/e28068940000400386621d4f, 96
1652707869.091563, sdrt-health/mac:02010b41cdec/antenna/tag/e2806894000040038662114f, 91
1652707869.149038, sdrt-health/mac:02010b41cdec/antenna/tag/e2806894000050038661fd4f, 86
1652707869.149606, sdrt-health/mac:02010b41cdec/antenna/tag/e2806894000050038662154f, 91
1652707869.173059, sdrt-health/mac:02010b41cdec/antenna/tag/e2806894000050038661fd4f, 86
1652707869.204215, sdrt-health/mac:02010b41cdec/antenna/tag/e2806894000050038662154f, 88
1652707869.204441, sdrt-health/mac:02010b41cdec/antenna/tag/e2806894000040038662114f, 88
1652707869.219696, sdrt-health/mac:02010b41cdec/antenna/tag/e2806894000050038662194f, 81
1652707869.219885, sdrt-health/mac:02010b41cdec/antenna/tag/e2806894000050038662154f, 88
1652707869.220012, sdrt-health/mac:02010b41cdec/antenna/tag/e2806894000040038662114f, 91
1652707869.279929, sdrt-health/mac:02010b41cdec/antenna/tag/e28068940000400386621d4f, 77
1652707869.321977, sdrt-health/mac:02010b41cdec/antenna/tag/e2806894000050038662194f, 83
1652707869.355023, sdrt-health/mac:02010b41cdec/antenna/tag/e28068940000500386620d4f, 93
1652707869.355394, sdrt-health/mac:02010b41cdec/antenna/tag/e2806894000050038661fd4f, 86
1652707869.376471, sdrt-health/mac:02010b41cdec/antenna/tag/e2806894000050038662154f, 93
1652707869.376797, sdrt-health/mac:02010b41cdec/antenna/tag/e2806894000050038662194f, 81
1652707869.421543, sdrt-health/mac:02010b41cdec/antenna/tag/e28068940000400386621d4f, 90
1652707869.461259, sdrt-health/mac:02010b41cdec/antenna/tag/e28068940000500386620d4f, 94
1652707869.581972, sdrt-health/mac:02010b41cdec/antenna/tag/e2806894000050038662154f, 91
1652707869.63097, sdrt-health/mac:02010b41cdec/antenna/tag/e2806894000050038662154f, 88
1652707869.670748, sdrt-health/mac:02010b41cdec/antenna/tag/e2806894000050038661fd4f, 83
1652707869.72491, sdrt-health/mac:02010b41cdec/antenna/tag/e2806894000050038662154f, 91
1652707869.725393, sdrt-health/mac:02010b41cdec/antenna/tag/e28068940000400386621d4f, 90
1652707869.741631, sdrt-health/mac:02010b41cdec/antenna/tag/e2806894000050038662154f, 88
1652707869.752477, sdrt-health/mac:02010b41cdec/antenna/tag/e2806894000050038661fd4f, 83
1652707869.800275, sdrt-health/mac:02010b41cdec/antenna/tag/e2806894000050038661fd4f, 86
1652707869.841419, sdrt-health/mac:02010b41cdec/antenna/tag/e2806894000040038662114f, 91
1652707869.971873, sdrt-health/mac:02010b41cdec/antenna/tag/e2806894000040038661f94f, 88
1652707870.009571, sdrt-health/mac:02010b41cdec/antenna/tag/e2806894000050038662154f, 88
1652707870.050103, sdrt-health/mac:02010b41cdec/antenna/tag/e2806894000050038662194f, 88
1652707870.090766, sdrt-health/mac:02010b41cdec/antenna/tag/e2806894000050038661fd4f, 83
1652707870.130853, sdrt-health/mac:02010b41cdec/antenna/tag/e2806894000040038662114f, 88
1652707870.169149, sdrt-health/mac:02010b41cdec/antenna/tag/e2806894000040038662114f, 88
1652707870.210433, sdrt-health/mac:02010b41cdec/antenna/tag/e2806894000040038662114f, 88
1652707870.250546, sdrt-health/mac:02010b41cdec/antenna/tag/e2806894000050038662154f, 85
1652707870.325708, sdrt-health/mac:02010b41cdec/antenna/tag/e28068940000400386621d4f, 77
1652707870.326156, sdrt-health/mac:02010b41cdec/antenna/tag/e28068940000400386621d4f, 96
1652707870.351334, sdrt-health/mac:02010b41cdec/antenna/tag/e28068940000500386620d4f, 83
1652707870.40561, sdrt-health/mac:02010b41cdec/antenna/tag/e2806894000040038662114f, 88
1652707870.40618, sdrt-health/mac:02010b41cdec/antenna/tag/e2806894000050038661fd4f, 86
1652707870.450065, sdrt-health/mac:02010b41cdec/antenna/tag/e28068940000400386621d4f, 77
1652707870.499747, sdrt-health/mac:02010b41cdec/antenna/tag/e28068940000500386620d4f, 83
1652707870.540473, sdrt-health/mac:02010b41cdec/antenna/tag/e2806894000050038662194f, 94
1652707870.582549, sdrt-health/mac:02010b41cdec/antenna/tag/e2806894000050038661fd4f, 86
1652707870.621007, sdrt-health/mac:02010b41cdec/antenna/tag/e2806894000040038662114f, 88
1652707870.676782, sdrt-health/mac:02010b41cdec/antenna/tag/e28068940000500386620d4f, 81
1652707870.677312, sdrt-health/mac:02010b41cdec/antenna/tag/e2806894000050038662154f, 91
1652707870.690863, sdrt-health/mac:02010b41cdec/antenna/tag/e2806894000050038661fd4f, 86
1652707870.721459, sdrt-health/mac:02010b41cdec/antenna/tag/e2806894000040038662114f, 88
1652707870.721725, sdrt-health/mac:02010b41cdec/antenna/tag/e2806894000050038661fd4f, 86
1652707870.748411, sdrt-health/mac:02010b41cdec/antenna/tag/e2806894000050038662154f, 88
1652707870.81548, sdrt-health/mac:02010b41cdec/antenna/tag/e2806894000040038662114f, 88
1652707870.815931, sdrt-health/mac:02010b41cdec/antenna/tag/e28068940000400386621d4f, 96
1652707870.83079, sdrt-health/mac:02010b41cdec/antenna/tag/e2806894000050038662194f, 83
1652707870.831412, sdrt-health/mac:02010b41cdec/antenna/tag/e28068940000400386621d4f, 96
1652707870.840804, sdrt-health/mac:02010b41cdec/antenna/tag/e28068940000500386620d4f, 87
1652707870.845621, sdrt-health/mac:02010b41cdec/antenna/tag/e2806894000050038661fd4f, 86
1652707870.880995, sdrt-health/mac:02010b41cdec/antenna/tag/e2806894000040038662114f, 88
1652707870.933575, sdrt-health/mac:02010b41cdec/antenna/tag/e28068940000400386621d4f, 77
1652707870.93406, sdrt-health/mac:02010b41cdec/antenna/tag/e2806894000050038661fd4f, 86
1652707870.961922, sdrt-health/mac:02010b41cdec/antenna/tag/e28068940000400386621d4f, 96
1652707871.009923, sdrt-health/mac:02010b41cdec/antenna/tag/e2806894000050038662154f, 88
1652707871.010862, sdrt-health/mac:02010b41cdec/antenna/tag/e2806894000040038662114f, 91
1652707871.091634, sdrt-health/mac:02010b41cdec/antenna/tag/e2806894000050038662154f, 88
1652707871.145458, sdrt-health/mac:02010b41cdec/antenna/tag/e28068940000500386620d4f, 83
1652707871.146123, sdrt-health/mac:02010b41cdec/antenna/tag/e28068940000500386620d4f, 81
1652707871.160359, sdrt-health/mac:02010b41cdec/antenna/tag/e2806894000040038662114f, 91
1652707871.196911, sdrt-health/mac:02010b41cdec/antenna/tag/e2806894000050038662154f, 88
1652707871.19719, sdrt-health/mac:02010b41cdec/antenna/tag/e2806894000040038662114f, 91
1652707871.197414, sdrt-health/mac:02010b41cdec/antenna/tag/e28068940000400386621d4f, 90
1652707871.197627, sdrt-health/mac:02010b41cdec/antenna/tag/e2806894000040038662114f, 91
1652707871.212217, sdrt-health/mac:02010b41cdec/antenna/tag/e2806894000050038662154f, 91
1652707871.269845, sdrt-health/mac:02010b41cdec/antenna/tag/e28068940000400386621d4f, 96
1652707871.311199, sdrt-health/mac:02010b41cdec/antenna/tag/e28068940000500386620d4f, 88
1652707871.349727, sdrt-health/mac:02010b41cdec/antenna/tag/e2806894000050038662194f, 94
1652707871.40288, sdrt-health/mac:02010b41cdec/antenna/tag/e28068940000500386620d4f, 83
1652707871.440455, sdrt-health/mac:02010b41cdec/antenna/tag/e28068940000400386621d4f, 96
1652707871.52133, sdrt-health/mac:02010b41cdec/antenna/tag/e2806894000050038662194f, 81
1652707871.565033, sdrt-health/mac:02010b41cdec/antenna/tag/e2806894000040038662114f, 88
1652707871.600232, sdrt-health/mac:02010b41cdec/antenna/tag/e28068940000400386621d4f, 77
1652707871.639652, sdrt-health/mac:02010b41cdec/antenna/tag/e28068940000400386621d4f, 96
1652707871.667916, sdrt-health/mac:02010b41cdec/antenna/tag/e28068940000400386621d4f, 96
1652707871.668307, sdrt-health/mac:02010b41cdec/antenna/tag/e2806894000050038662154f, 97
1652707871.681989, sdrt-health/mac:02010b41cdec/antenna/tag/e2806894000040038662114f, 85
1652707871.723146, sdrt-health/mac:02010b41cdec/antenna/tag/e2806894000050038662154f, 91
1652707871.763578, sdrt-health/mac:02010b41cdec/antenna/tag/e2806894000040038662114f, 85
1652707871.79693, sdrt-health/mac:02010b41cdec/antenna/tag/e2806894000050038662154f, 88
1652707871.797291, sdrt-health/mac:02010b41cdec/antenna/tag/e2806894000050038661fd4f, 83
1652707871.811447, sdrt-health/mac:02010b41cdec/antenna/tag/e2806894000050038661fd4f, 86
1652707871.811697, sdrt-health/mac:02010b41cdec/antenna/tag/e28068940000400386621d4f, 96
1652707871.870195, sdrt-health/mac:02010b41cdec/antenna/tag/e28068940000500386620d4f, 81
1652707871.991445, sdrt-health/mac:02010b41cdec/antenna/tag/e2806894000050038661fd4f, 90
1652707872.020616, sdrt-health/mac:02010b41cdec/antenna/tag/e28068940000400386621d4f, 96
1652707872.021692, sdrt-health/mac:02010b41cdec/antenna/tag/e28068940000500386620d4f, 81
1652707872.021948, sdrt-health/mac:02010b41cdec/antenna/tag/e2806894000050038662154f, 97
1652707872.03519, sdrt-health/mac:02010b41cdec/antenna/tag/e28068940000400386621d4f, 90
1652707872.070017, sdrt-health/mac:02010b41cdec/antenna/tag/e28068940000400386621d4f, 90
1652707872.155792, sdrt-health/mac:02010b41cdec/antenna/tag/e28068940000500386620d4f, 81
1652707872.156268, sdrt-health/mac:02010b41cdec/antenna/tag/e28068940000500386620d4f, 83
1652707872.181049, sdrt-health/mac:02010b41cdec/antenna/tag/e28068940000400386621d4f, 96
1652707872.22169, sdrt-health/mac:02010b41cdec/antenna/tag/e2806894000050038662154f, 91
1652707872.29471, sdrt-health/mac:02010b41cdec/antenna/tag/e28068940000500386620d4f, 83
1652707872.295279, sdrt-health/mac:02010b41cdec/antenna/tag/e2806894000050038661fd4f, 83
1652707872.320329, sdrt-health/mac:02010b41cdec/antenna/tag/e28068940000400386621d4f, 96
1652707872.37472, sdrt-health/mac:02010b41cdec/antenna/tag/e2806894000040038662114f, 85
1652707872.375167, sdrt-health/mac:02010b41cdec/antenna/tag/e2806894000050038662154f, 91
1652707872.390301, sdrt-health/mac:02010b41cdec/antenna/tag/e2806894000040038662114f, 85
1652707872.400558, sdrt-health/mac:02010b41cdec/antenna/tag/e2806894000050038662154f, 85
1652707872.439647, sdrt-health/mac:02010b41cdec/antenna/tag/e2806894000050038661fd4f, 83
1652707872.470698, sdrt-health/mac:02010b41cdec/antenna/tag/e2806894000050038662154f, 88
1652707872.471011, sdrt-health/mac:02010b41cdec/antenna/tag/e28068940000500386620d4f, 83
1652707872.485855, sdrt-health/mac:02010b41cdec/antenna/tag/e2806894000050038661fd4f, 86
1652707872.486056, sdrt-health/mac:02010b41cdec/antenna/tag/e2806894000050038662154f, 81
1652707872.52017, sdrt-health/mac:02010b41cdec/antenna/tag/e28068940000400386621d4f, 77
1652707872.560591, sdrt-health/mac:02010b41cdec/antenna/tag/e2806894000040038662114f, 85
1652707872.600364, sdrt-health/mac:02010b41cdec/antenna/tag/e2806894000050038661fd4f, 83
1652707872.630175, sdrt-health/mac:02010b41cdec/antenna/tag/e2806894000040038662114f, 88
1652707872.63048, sdrt-health/mac:02010b41cdec/antenna/tag/e28068940000400386621d4f, 77
1652707872.66129, sdrt-health/mac:02010b41cdec/antenna/tag/e2806894000050038662194f, 94
1652707872.70523, sdrt-health/mac:02010b41cdec/antenna/tag/e2806894000050038661fd4f, 83
1652707872.757967, sdrt-health/mac:02010b41cdec/antenna/tag/e28068940000400386621d4f, 96
1652707872.758466, sdrt-health/mac:02010b41cdec/antenna/tag/e28068940000500386620d4f, 83
1652707872.779512, sdrt-health/mac:02010b41cdec/antenna/tag/e2806894000050038662154f, 97
1652707872.821891, sdrt-health/mac:02010b41cdec/antenna/tag/e2806894000050038661fd4f, 86
1652707872.87495, sdrt-health/mac:02010b41cdec/antenna/tag/e2806894000040038662114f, 85
1652707872.875438, sdrt-health/mac:02010b41cdec/antenna/tag/e28068940000400386621d4f, 96
1652707873.041274, sdrt-health/mac:02010b41cdec/antenna/tag/scan, scan stopped
