1652710520.90474, sdrt-health/mac:02010b41cdec/antenna/power/set, {"power": 290}
1652710521.976792, sdrt-health/mac:02010b41cdec/antenna/power/set, 
1652710525.930023, sdrt-health/mac:02010b41cdec/antenna/tag/scan, {"time": 20000}
1652710526.297254, sdrt-health/mac:02010b41cdec/antenna/tag/e2806894000050038662154f, 91
1652710526.364913, sdrt-health/mac:02010b41cdec/antenna/tag/e2806894000050038662194f, 87
1652710526.4001, sdrt-health/mac:02010b41cdec/antenna/tag/e2806894000040038662214f, 94
1652710526.400385, sdrt-health/mac:02010b41cdec/antenna/tag/e2806894000040038662054f, 88
1652710526.413576, sdrt-health/mac:02010b41cdec/antenna/tag/e2806894000050038662194f, 83
1652710526.413809, sdrt-health/mac:02010b41cdec/antenna/tag/e2806894000050038662154f, 88
1652710526.413972, sdrt-health/mac:02010b41cdec/antenna/tag/e2806894000050038662154f, 88
1652710526.467372, sdrt-health/mac:02010b41cdec/antenna/tag/e2806894000040038662114f, 91
1652710526.522673, sdrt-health/mac:02010b41cdec/antenna/tag/e28068940000400386621d4f, 96
1652710526.523156, sdrt-health/mac:02010b41cdec/antenna/tag/e2806894000050038661fd4f, 83
1652710526.53618, sdrt-health/mac:02010b41cdec/antenna/tag/e2806894000050038662154f, 85
1652710526.589639, sdrt-health/mac:02010b41cdec/antenna/tag/e2806894000040038662114f, 88
1652710526.627775, sdrt-health/mac:02010b41cdec/antenna/tag/e2806894000040038662114f, 85
1652710526.668021, sdrt-health/mac:02010b41cdec/antenna/tag/e2806894000050038662154f, 85
1652710526.720728, sdrt-health/mac:02010b41cdec/antenna/tag/e2806894000050038661fd4f, 83
1652710526.721117, sdrt-health/mac:02010b41cdec/antenna/tag/e2806894000050038661fd4f, 83
1652710526.756839, sdrt-health/mac:02010b41cdec/antenna/tag/e2806894000050038661fd4f, 83
1652710526.75885, sdrt-health/mac:02010b41cdec/antenna/tag/e2806894000050038661fd4f, 83
1652710526.805129, sdrt-health/mac:02010b41cdec/antenna/tag/e28068940000400386621d4f, 77
1652710526.864605, sdrt-health/mac:02010b41cdec/antenna/tag/e28068940000400386621d4f, 96
1652710526.865111, sdrt-health/mac:02010b41cdec/antenna/tag/e2806894000040038662114f, 88
1652710526.865436, sdrt-health/mac:02010b41cdec/antenna/tag/e2806894000050038661fd4f, 83
1652710526.907073, sdrt-health/mac:02010b41cdec/antenna/tag/e28068940000400386621d4f, 96
1652710526.960738, sdrt-health/mac:02010b41cdec/antenna/tag/e2806894000050038662154f, 88
1652710526.961229, sdrt-health/mac:02010b41cdec/antenna/tag/e2806894000050038662194f, 83
1652710526.974645, sdrt-health/mac:02010b41cdec/antenna/tag/e28068940000500386620d4f, 88
1652710526.987242, sdrt-health/mac:02010b41cdec/antenna/tag/e28068940000400386621d4f, 96
1652710527.022743, sdrt-health/mac:02010b41cdec/antenna/tag/e2806894000050038662154f, 97
1652710527.081438, sdrt-health/mac:02010b41cdec/antenna/tag/e2806894000050038662194f, 83
1652710527.081979, sdrt-health/mac:02010b41cdec/antenna/tag/e2806894000050038662154f, 91
1652710527.106993, sdrt-health/mac:02010b41cdec/antenna/tag/e2806894000050038661fd4f, 86
1652710527.145662, sdrt-health/mac:02010b41cdec/antenna/tag/e2806894000050038662194f, 83
1652710527.187203, sdrt-health/mac:02010b41cdec/antenna/tag/e2806894000050038662194f, 83
1652710527.245414, sdrt-health/mac:02010b41cdec/antenna/tag/e28068940000400386621d4f, 96
1652710527.245969, sdrt-health/mac:02010b41cdec/antenna/tag/e2806894000040038662114f, 88
1652710527.267691, sdrt-health/mac:02010b41cdec/antenna/tag/e2806894000040038662114f, 91
1652710527.329174, sdrt-health/mac:02010b41cdec/antenna/tag/e28068940000400386621d4f, 90
1652710527.329631, sdrt-health/mac:02010b41cdec/antenna/tag/e2806894000050038662194f, 93
1652710527.348293, sdrt-health/mac:02010b41cdec/antenna/tag/e2806894000040038662114f, 91
1652710527.476748, sdrt-health/mac:02010b41cdec/antenna/tag/e2806894000050038661fd4f, 83
1652710527.477344, sdrt-health/mac:02010b41cdec/antenna/tag/e2806894000050038662154f, 91
1652710527.477778, sdrt-health/mac:02010b41cdec/antenna/tag/e2806894000050038661fd4f, 86
1652710527.478113, sdrt-health/mac:02010b41cdec/antenna/tag/e28068940000400386621d4f, 96
1652710527.553488, sdrt-health/mac:02010b41cdec/antenna/tag/e28068940000400386621d4f, 96
1652710527.557041, sdrt-health/mac:02010b41cdec/antenna/tag/e2806894000040038662114f, 85
1652710527.649636, sdrt-health/mac:02010b41cdec/antenna/tag/e28068940000400386621d4f, 77
1652710527.680499, sdrt-health/mac:02010b41cdec/antenna/tag/e2806894000040038662114f, 88
1652710527.68082, sdrt-health/mac:02010b41cdec/antenna/tag/e2806894000040038662114f, 85
1652710527.681056, sdrt-health/mac:02010b41cdec/antenna/tag/e2806894000040038662114f, 88
1652710527.681271, sdrt-health/mac:02010b41cdec/antenna/tag/e2806894000040038662114f, 88
1652710527.71843, sdrt-health/mac:02010b41cdec/antenna/tag/e28068940000400386621d4f, 77
1652710527.805363, sdrt-health/mac:02010b41cdec/antenna/tag/e28068940000400386621d4f, 77
1652710527.806038, sdrt-health/mac:02010b41cdec/antenna/tag/e2806894000050038662154f, 91
1652710527.819351, sdrt-health/mac:02010b41cdec/antenna/tag/e28068940000400386621d4f, 77
1652710527.834077, sdrt-health/mac:02010b41cdec/antenna/tag/e2806894000040038662114f, 91
1652710527.873428, sdrt-health/mac:02010b41cdec/antenna/tag/e2806894000050038662194f, 87
1652710527.873705, sdrt-health/mac:02010b41cdec/antenna/tag/e28068940000400386621d4f, 96
1652710527.873898, sdrt-health/mac:02010b41cdec/antenna/tag/e2806894000040038662114f, 88
1652710527.946694, sdrt-health/mac:02010b41cdec/antenna/tag/e2806894000050038661fd4f, 83
1652710527.986493, sdrt-health/mac:02010b41cdec/antenna/tag/e2806894000040038662114f, 88
1652710528.032219, sdrt-health/mac:02010b41cdec/antenna/tag/e28068940000400386621d4f, 96
1652710528.066509, sdrt-health/mac:02010b41cdec/antenna/tag/e2806894000040038662114f, 91
1652710528.107715, sdrt-health/mac:02010b41cdec/antenna/tag/e2806894000050038662154f, 97
1652710528.186545, sdrt-health/mac:02010b41cdec/antenna/tag/e2806894000050038661fd4f, 83
1652710528.226997, sdrt-health/mac:02010b41cdec/antenna/tag/e2806894000050038662194f, 83
1652710528.266708, sdrt-health/mac:02010b41cdec/antenna/tag/e2806894000040038662114f, 85
1652710528.329694, sdrt-health/mac:02010b41cdec/antenna/tag/e2806894000050038662154f, 91
1652710528.390383, sdrt-health/mac:02010b41cdec/antenna/tag/e2806894000040038662114f, 88
1652710528.390941, sdrt-health/mac:02010b41cdec/antenna/tag/e2806894000050038661fd4f, 83
1652710528.407616, sdrt-health/mac:02010b41cdec/antenna/tag/e2806894000050038661fd4f, 86
1652710528.441372, sdrt-health/mac:02010b41cdec/antenna/tag/e28068940000400386621d4f, 96
1652710528.441886, sdrt-health/mac:02010b41cdec/antenna/tag/e2806894000040038662114f, 88
1652710528.455288, sdrt-health/mac:02010b41cdec/antenna/tag/e2806894000050038662154f, 85
1652710528.46912, sdrt-health/mac:02010b41cdec/antenna/tag/e28068940000400386621d4f, 96
1652710528.474933, sdrt-health/mac:02010b41cdec/antenna/tag/e2806894000050038662154f, 85
1652710528.51546, sdrt-health/mac:02010b41cdec/antenna/tag/e28068940000400386621d4f, 77
1652710528.54346, sdrt-health/mac:02010b41cdec/antenna/tag/e2806894000040038661f94f, 88
1652710528.543798, sdrt-health/mac:02010b41cdec/antenna/tag/e2806894000040038662114f, 85
1652710528.576441, sdrt-health/mac:02010b41cdec/antenna/tag/e2806894000050038662154f, 91
1652710528.615313, sdrt-health/mac:02010b41cdec/antenna/tag/e2806894000050038661fd4f, 83
1652710528.68373, sdrt-health/mac:02010b41cdec/antenna/tag/e28068940000400386621d4f, 96
1652710528.684248, sdrt-health/mac:02010b41cdec/antenna/tag/e2806894000050038662154f, 91
1652710528.698898, sdrt-health/mac:02010b41cdec/antenna/tag/e2806894000050038661fd4f, 83
1652710528.707585, sdrt-health/mac:02010b41cdec/antenna/tag/e2806894000050038662194f, 83
1652710528.713451, sdrt-health/mac:02010b41cdec/antenna/tag/e2806894000050038661fd4f, 86
1652710528.713667, sdrt-health/mac:02010b41cdec/antenna/tag/e2806894000050038662154f, 88
1652710528.747873, sdrt-health/mac:02010b41cdec/antenna/tag/e2806894000050038661fd4f, 86
1652710528.80524, sdrt-health/mac:02010b41cdec/antenna/tag/e2806894000050038662154f, 91
1652710528.805534, sdrt-health/mac:02010b41cdec/antenna/tag/e2806894000040038662114f, 88
1652710528.827421, sdrt-health/mac:02010b41cdec/antenna/tag/e2806894000050038662154f, 88
1652710528.864744, sdrt-health/mac:02010b41cdec/antenna/tag/e2806894000050038662194f, 87
1652710528.865967, sdrt-health/mac:02010b41cdec/antenna/tag/e2806894000050038662154f, 91
1652710528.926397, sdrt-health/mac:02010b41cdec/antenna/tag/e2806894000050038662154f, 85
1652710528.972748, sdrt-health/mac:02010b41cdec/antenna/tag/e2806894000050038661fd4f, 83
1652710529.017029, sdrt-health/mac:02010b41cdec/antenna/tag/e2806894000050038662154f, 85
1652710529.087331, sdrt-health/mac:02010b41cdec/antenna/tag/e2806894000040038661f94f, 94
1652710529.087842, sdrt-health/mac:02010b41cdec/antenna/tag/e2806894000050038662154f, 91
1652710529.122932, sdrt-health/mac:02010b41cdec/antenna/tag/e28068940000400386621d4f, 96
1652710529.167684, sdrt-health/mac:02010b41cdec/antenna/tag/e28068940000400386621d4f, 96
1652710529.196983, sdrt-health/mac:02010b41cdec/antenna/tag/e2806894000050038661fd4f, 86
1652710529.197318, sdrt-health/mac:02010b41cdec/antenna/tag/e2806894000040038662114f, 85
1652710529.211878, sdrt-health/mac:02010b41cdec/antenna/tag/e2806894000050038661fd4f, 83
1652710529.256569, sdrt-health/mac:02010b41cdec/antenna/tag/e2806894000040038662114f, 85
1652710529.257121, sdrt-health/mac:02010b41cdec/antenna/tag/e2806894000050038662154f, 91
1652710529.313997, sdrt-health/mac:02010b41cdec/antenna/tag/e2806894000040038662114f, 88
1652710529.391058, sdrt-health/mac:02010b41cdec/antenna/tag/e2806894000050038662154f, 91
1652710529.391612, sdrt-health/mac:02010b41cdec/antenna/tag/e2806894000040038661f94f, 93
1652710529.406494, sdrt-health/mac:02010b41cdec/antenna/tag/e2806894000040038661f94f, 84
1652710529.453705, sdrt-health/mac:02010b41cdec/antenna/tag/e2806894000050038662194f, 83
1652710529.502203, sdrt-health/mac:02010b41cdec/antenna/tag/e2806894000040038662114f, 88
1652710529.572937, sdrt-health/mac:02010b41cdec/antenna/tag/e2806894000050038662154f, 91
1652710529.57346, sdrt-health/mac:02010b41cdec/antenna/tag/e2806894000050038662194f, 88
1652710529.593111, sdrt-health/mac:02010b41cdec/antenna/tag/e2806894000050038661fd4f, 83
1652710529.593843, sdrt-health/mac:02010b41cdec/antenna/tag/e2806894000050038662194f, 81
1652710529.594662, sdrt-health/mac:02010b41cdec/antenna/tag/e2806894000050038662194f, 81
1652710529.62692, sdrt-health/mac:02010b41cdec/antenna/tag/e2806894000050038661fd4f, 86
1652710529.666643, sdrt-health/mac:02010b41cdec/antenna/tag/e2806894000040038662114f, 88
1652710529.72003, sdrt-health/mac:02010b41cdec/antenna/tag/e28068940000400386621d4f, 96
1652710529.780689, sdrt-health/mac:02010b41cdec/antenna/tag/e2806894000050038662154f, 91
1652710529.817295, sdrt-health/mac:02010b41cdec/antenna/tag/e2806894000040038662114f, 85
1652710529.85041, sdrt-health/mac:02010b41cdec/antenna/tag/e2806894000040038662114f, 85
1652710529.850697, sdrt-health/mac:02010b41cdec/antenna/tag/e2806894000050038661fd4f, 86
1652710529.867317, sdrt-health/mac:02010b41cdec/antenna/tag/e28068940000500386620d4f, 94
1652710529.924369, sdrt-health/mac:02010b41cdec/antenna/tag/e2806894000050038662154f, 85
1652710529.967119, sdrt-health/mac:02010b41cdec/antenna/tag/e2806894000040038662114f, 88
1652710530.027655, sdrt-health/mac:02010b41cdec/antenna/tag/e28068940000400386621d4f, 96
1652710530.02821, sdrt-health/mac:02010b41cdec/antenna/tag/e2806894000040038662114f, 91
1652710530.04372, sdrt-health/mac:02010b41cdec/antenna/tag/e2806894000050038661fd4f, 86
1652710530.056712, sdrt-health/mac:02010b41cdec/antenna/tag/e2806894000050038662194f, 94
1652710530.059294, sdrt-health/mac:02010b41cdec/antenna/tag/e2806894000050038662154f, 91
1652710530.114906, sdrt-health/mac:02010b41cdec/antenna/tag/e2806894000050038661fd4f, 86
1652710530.115769, sdrt-health/mac:02010b41cdec/antenna/tag/e2806894000050038662194f, 81
1652710530.164954, sdrt-health/mac:02010b41cdec/antenna/tag/e2806894000050038661fd4f, 83
1652710530.196518, sdrt-health/mac:02010b41cdec/antenna/tag/e28068940000400386621d4f, 96
1652710530.197108, sdrt-health/mac:02010b41cdec/antenna/tag/e2806894000050038662194f, 88
1652710530.212833, sdrt-health/mac:02010b41cdec/antenna/tag/e2806894000050038661fd4f, 86
1652710530.213037, sdrt-health/mac:02010b41cdec/antenna/tag/e2806894000040038662114f, 88
1652710530.251586, sdrt-health/mac:02010b41cdec/antenna/tag/e2806894000050038661fd4f, 97
1652710530.305194, sdrt-health/mac:02010b41cdec/antenna/tag/e28068940000400386621d4f, 96
1652710530.388105, sdrt-health/mac:02010b41cdec/antenna/tag/e2806894000050038662194f, 88
1652710530.388781, sdrt-health/mac:02010b41cdec/antenna/tag/e2806894000050038661fd4f, 97
1652710530.389121, sdrt-health/mac:02010b41cdec/antenna/tag/e2806894000050038661fd4f, 97
1652710530.403144, sdrt-health/mac:02010b41cdec/antenna/tag/e28068940000400386621d4f, 96
1652710530.43468, sdrt-health/mac:02010b41cdec/antenna/tag/e2806894000050038661fd4f, 91
1652710530.498397, sdrt-health/mac:02010b41cdec/antenna/tag/e2806894000050038662194f, 81
1652710530.49883, sdrt-health/mac:02010b41cdec/antenna/tag/e2806894000050038661fd4f, 83
1652710530.526616, sdrt-health/mac:02010b41cdec/antenna/tag/e28068940000400386621d4f, 77
1652710530.593771, sdrt-health/mac:02010b41cdec/antenna/tag/e2806894000050038661fd4f, 83
1652710530.594228, sdrt-health/mac:02010b41cdec/antenna/tag/e28068940000400386621d4f, 96
1652710530.616659, sdrt-health/mac:02010b41cdec/antenna/tag/e28068940000400386621d4f, 96
1652710530.666808, sdrt-health/mac:02010b41cdec/antenna/tag/e2806894000050038661fd4f, 86
1652710530.724596, sdrt-health/mac:02010b41cdec/antenna/tag/e2806894000050038662154f, 91
1652710530.766963, sdrt-health/mac:02010b41cdec/antenna/tag/e2806894000050038662154f, 88
1652710530.836773, sdrt-health/mac:02010b41cdec/antenna/tag/e2806894000050038662194f, 93
1652710530.837308, sdrt-health/mac:02010b41cdec/antenna/tag/e2806894000050038662154f, 88
1652710530.852241, sdrt-health/mac:02010b41cdec/antenna/tag/e2806894000040038662114f, 91
1652710530.870941, sdrt-health/mac:02010b41cdec/antenna/tag/e2806894000040038662114f, 91
1652710530.929327, sdrt-health/mac:02010b41cdec/antenna/tag/e2806894000050038661fd4f, 86
1652710530.929827, sdrt-health/mac:02010b41cdec/antenna/tag/e2806894000050038661fd4f, 83
1652710530.94294, sdrt-health/mac:02010b41cdec/antenna/tag/e2806894000040038662114f, 85
1652710530.943251, sdrt-health/mac:02010b41cdec/antenna/tag/e2806894000050038661fd4f, 83
1652710530.965523, sdrt-health/mac:02010b41cdec/antenna/tag/e2806894000050038662194f, 81
1652710531.016942, sdrt-health/mac:02010b41cdec/antenna/tag/e2806894000050038662194f, 87
1652710531.06806, sdrt-health/mac:02010b41cdec/antenna/tag/e2806894000050038662154f, 97
1652710531.100065, sdrt-health/mac:02010b41cdec/antenna/tag/e2806894000050038662154f, 91
1652710531.100289, sdrt-health/mac:02010b41cdec/antenna/tag/e28068940000400386621d4f, 96
1652710531.129783, sdrt-health/mac:02010b41cdec/antenna/tag/e2806894000050038662194f, 87
1652710531.157933, sdrt-health/mac:02010b41cdec/antenna/tag/e2806894000050038662194f, 87
1652710531.158443, sdrt-health/mac:02010b41cdec/antenna/tag/e28068940000400386621d4f, 90
1652710531.171397, sdrt-health/mac:02010b41cdec/antenna/tag/e2806894000050038661fd4f, 83
1652710531.212126, sdrt-health/mac:02010b41cdec/antenna/tag/e2806894000040038662114f, 88
1652710531.273021, sdrt-health/mac:02010b41cdec/antenna/tag/e2806894000040038662114f, 88
1652710531.273523, sdrt-health/mac:02010b41cdec/antenna/tag/e2806894000050038662194f, 94
1652710531.287613, sdrt-health/mac:02010b41cdec/antenna/tag/e2806894000050038662154f, 91
1652710531.306398, sdrt-health/mac:02010b41cdec/antenna/tag/e2806894000040038662114f, 88
1652710531.346467, sdrt-health/mac:02010b41cdec/antenna/tag/e2806894000050038662154f, 88
1652710531.385901, sdrt-health/mac:02010b41cdec/antenna/tag/e28068940000400386621d4f, 90
1652710531.427136, sdrt-health/mac:02010b41cdec/antenna/tag/e2806894000050038661fd4f, 83
1652710531.466825, sdrt-health/mac:02010b41cdec/antenna/tag/e2806894000050038661fd4f, 86
1652710531.46791, sdrt-health/mac:02010b41cdec/antenna/tag/e28068940000400386621d4f, 96
1652710531.481023, sdrt-health/mac:02010b41cdec/antenna/tag/e2806894000050038662154f, 91
1652710531.547245, sdrt-health/mac:02010b41cdec/antenna/tag/e2806894000050038661fd4f, 97
1652710531.586363, sdrt-health/mac:02010b41cdec/antenna/tag/e2806894000050038662194f, 84
1652710531.642055, sdrt-health/mac:02010b41cdec/antenna/tag/e2806894000040038661f94f, 84
1652710531.642545, sdrt-health/mac:02010b41cdec/antenna/tag/e2806894000050038661fd4f, 91
1652710531.655462, sdrt-health/mac:02010b41cdec/antenna/tag/e28068940000400386621d4f, 96
1652710531.726696, sdrt-health/mac:02010b41cdec/antenna/tag/e28068940000500386620d4f, 94
1652710531.787443, sdrt-health/mac:02010b41cdec/antenna/tag/e28068940000400386621d4f, 90
1652710531.866446, sdrt-health/mac:02010b41cdec/antenna/tag/e2806894000050038661fd4f, 97
1652710531.908149, sdrt-health/mac:02010b41cdec/antenna/tag/e2806894000050038662194f, 83
1652710531.962018, sdrt-health/mac:02010b41cdec/antenna/tag/e2806894000050038662154f, 85
1652710531.962483, sdrt-health/mac:02010b41cdec/antenna/tag/e2806894000050038662154f, 91
1652710531.975783, sdrt-health/mac:02010b41cdec/antenna/tag/e28068940000400386621d4f, 90
1652710532.004978, sdrt-health/mac:02010b41cdec/antenna/tag/e2806894000050038662154f, 88
1652710532.062157, sdrt-health/mac:02010b41cdec/antenna/tag/e2806894000040038662114f, 91
1652710532.107126, sdrt-health/mac:02010b41cdec/antenna/tag/e28068940000400386621d4f, 77
1652710532.162443, sdrt-health/mac:02010b41cdec/antenna/tag/e2806894000040038662114f, 85
1652710532.162936, sdrt-health/mac:02010b41cdec/antenna/tag/e2806894000050038662194f, 81
1652710532.178904, sdrt-health/mac:02010b41cdec/antenna/tag/e2806894000050038661fd4f, 83
1652710532.197297, sdrt-health/mac:02010b41cdec/antenna/tag/e2806894000050038662154f, 91
1652710532.244131, sdrt-health/mac:02010b41cdec/antenna/tag/e28068940000400386621d4f, 96
1652710532.297731, sdrt-health/mac:02010b41cdec/antenna/tag/e2806894000050038662194f, 81
1652710532.362869, sdrt-health/mac:02010b41cdec/antenna/tag/e2806894000040038662114f, 91
1652710532.363377, sdrt-health/mac:02010b41cdec/antenna/tag/e2806894000040038662114f, 91
1652710532.379947, sdrt-health/mac:02010b41cdec/antenna/tag/e2806894000050038661fd4f, 86
1652710532.386289, sdrt-health/mac:02010b41cdec/antenna/tag/e2806894000050038662194f, 87
1652710532.43524, sdrt-health/mac:02010b41cdec/antenna/tag/e28068940000400386621d4f, 96
1652710532.50345, sdrt-health/mac:02010b41cdec/antenna/tag/e2806894000050038661fd4f, 86
1652710532.503971, sdrt-health/mac:02010b41cdec/antenna/tag/e2806894000050038661fd4f, 83
1652710532.535299, sdrt-health/mac:02010b41cdec/antenna/tag/e28068940000500386620d4f, 81
1652710532.605899, sdrt-health/mac:02010b41cdec/antenna/tag/e28068940000400386621d4f, 77
1652710532.606446, sdrt-health/mac:02010b41cdec/antenna/tag/e2806894000040038662114f, 85
1652710532.62273, sdrt-health/mac:02010b41cdec/antenna/tag/e2806894000050038661fd4f, 86
1652710532.627224, sdrt-health/mac:02010b41cdec/antenna/tag/e2806894000050038661fd4f, 86
1652710532.636726, sdrt-health/mac:02010b41cdec/antenna/tag/e2806894000040038662114f, 88
1652710532.674022, sdrt-health/mac:02010b41cdec/antenna/tag/e2806894000040038662114f, 88
1652710532.674394, sdrt-health/mac:02010b41cdec/antenna/tag/e2806894000050038661fd4f, 86
1652710532.722976, sdrt-health/mac:02010b41cdec/antenna/tag/e2806894000050038662194f, 83
1652710532.72339, sdrt-health/mac:02010b41cdec/antenna/tag/e2806894000050038661fd4f, 86
1652710532.795018, sdrt-health/mac:02010b41cdec/antenna/tag/e2806894000040038662114f, 97
1652710532.861416, sdrt-health/mac:02010b41cdec/antenna/tag/e28068940000400386621d4f, 96
1652710532.861878, sdrt-health/mac:02010b41cdec/antenna/tag/e2806894000050038662194f, 83
1652710532.862245, sdrt-health/mac:02010b41cdec/antenna/tag/e2806894000050038662154f, 88
1652710532.862564, sdrt-health/mac:02010b41cdec/antenna/tag/e28068940000500386620d4f, 88
1652710532.895529, sdrt-health/mac:02010b41cdec/antenna/tag/e2806894000050038661fd4f, 83
1652710532.992804, sdrt-health/mac:02010b41cdec/antenna/tag/e2806894000040038662114f, 85
1652710532.993319, sdrt-health/mac:02010b41cdec/antenna/tag/e2806894000040038662114f, 88
1652710533.022528, sdrt-health/mac:02010b41cdec/antenna/tag/e28068940000500386620d4f, 81
1652710533.083296, sdrt-health/mac:02010b41cdec/antenna/tag/e2806894000040038662114f, 88
1652710533.083793, sdrt-health/mac:02010b41cdec/antenna/tag/e2806894000050038662194f, 87
1652710533.147821, sdrt-health/mac:02010b41cdec/antenna/tag/e2806894000050038662194f, 94
1652710533.229042, sdrt-health/mac:02010b41cdec/antenna/tag/e2806894000040038662114f, 88
1652710533.268216, sdrt-health/mac:02010b41cdec/antenna/tag/e2806894000050038661fd4f, 83
1652710533.336295, sdrt-health/mac:02010b41cdec/antenna/tag/e2806894000040038662114f, 88
1652710533.336809, sdrt-health/mac:02010b41cdec/antenna/tag/e2806894000050038661fd4f, 83
1652710533.350865, sdrt-health/mac:02010b41cdec/antenna/tag/e2806894000040038662114f, 88
1652710533.351282, sdrt-health/mac:02010b41cdec/antenna/tag/e2806894000050038662154f, 91
1652710533.385575, sdrt-health/mac:02010b41cdec/antenna/tag/e28068940000400386621d4f, 96
1652710533.428525, sdrt-health/mac:02010b41cdec/antenna/tag/e2806894000040038662114f, 88
1652710533.457628, sdrt-health/mac:02010b41cdec/antenna/tag/e2806894000050038661fd4f, 83
1652710533.45794, sdrt-health/mac:02010b41cdec/antenna/tag/e2806894000050038662194f, 81
1652710533.458214, sdrt-health/mac:02010b41cdec/antenna/tag/e2806894000050038662154f, 88
1652710533.47131, sdrt-health/mac:02010b41cdec/antenna/tag/e2806894000050038661fd4f, 83
1652710533.532554, sdrt-health/mac:02010b41cdec/antenna/tag/e28068940000400386621d4f, 96
1652710533.57615, sdrt-health/mac:02010b41cdec/antenna/tag/e2806894000050038662194f, 83
1652710533.642029, sdrt-health/mac:02010b41cdec/antenna/tag/e2806894000050038661fd4f, 86
1652710533.642503, sdrt-health/mac:02010b41cdec/antenna/tag/e2806894000050038661fd4f, 86
1652710533.667205, sdrt-health/mac:02010b41cdec/antenna/tag/e2806894000040038662054f, 94
1652710533.722818, sdrt-health/mac:02010b41cdec/antenna/tag/e28068940000400386621d4f, 90
1652710533.723279, sdrt-health/mac:02010b41cdec/antenna/tag/e2806894000050038662194f, 87
1652710533.74574, sdrt-health/mac:02010b41cdec/antenna/tag/e28068940000400386621d4f, 96
1652710533.786298, sdrt-health/mac:02010b41cdec/antenna/tag/e2806894000050038661fd4f, 86
1652710533.841409, sdrt-health/mac:02010b41cdec/antenna/tag/e2806894000050038662194f, 83
1652710533.841869, sdrt-health/mac:02010b41cdec/antenna/tag/e2806894000050038661fd4f, 86
1652710533.856213, sdrt-health/mac:02010b41cdec/antenna/tag/e2806894000050038662194f, 87
1652710533.856733, sdrt-health/mac:02010b41cdec/antenna/tag/e2806894000050038662194f, 83
1652710533.865974, sdrt-health/mac:02010b41cdec/antenna/tag/e2806894000050038662154f, 91
1652710533.945035, sdrt-health/mac:02010b41cdec/antenna/tag/e2806894000050038662154f, 91
1652710533.975108, sdrt-health/mac:02010b41cdec/antenna/tag/e28068940000400386621d4f, 77
1652710533.975576, sdrt-health/mac:02010b41cdec/antenna/tag/e2806894000040038662114f, 88
1652710533.990541, sdrt-health/mac:02010b41cdec/antenna/tag/e28068940000400386621d4f, 77
1652710533.991069, sdrt-health/mac:02010b41cdec/antenna/tag/e2806894000040038662114f, 88
1652710534.027065, sdrt-health/mac:02010b41cdec/antenna/tag/e2806894000050038662194f, 81
1652710534.068189, sdrt-health/mac:02010b41cdec/antenna/tag/e2806894000050038662194f, 88
1652710534.114204, sdrt-health/mac:02010b41cdec/antenna/tag/e2806894000050038661fd4f, 83
1652710534.181045, sdrt-health/mac:02010b41cdec/antenna/tag/e2806894000040038662114f, 88
1652710534.181527, sdrt-health/mac:02010b41cdec/antenna/tag/e2806894000050038662154f, 91
1652710534.216826, sdrt-health/mac:02010b41cdec/antenna/tag/e2806894000050038661fd4f, 83
1652710534.246685, sdrt-health/mac:02010b41cdec/antenna/tag/e2806894000040038662114f, 88
1652710534.247013, sdrt-health/mac:02010b41cdec/antenna/tag/e2806894000050038661fd4f, 83
1652710534.247228, sdrt-health/mac:02010b41cdec/antenna/tag/e2806894000050038661fd4f, 83
1652710534.274536, sdrt-health/mac:02010b41cdec/antenna/tag/e28068940000400386621d4f, 90
1652710534.324232, sdrt-health/mac:02010b41cdec/antenna/tag/e2806894000050038662154f, 91
1652710534.389496, sdrt-health/mac:02010b41cdec/antenna/tag/e2806894000050038661fd4f, 86
1652710534.390861, sdrt-health/mac:02010b41cdec/antenna/tag/e2806894000050038662194f, 83
1652710534.391249, sdrt-health/mac:02010b41cdec/antenna/tag/e2806894000040038662114f, 88
1652710534.427197, sdrt-health/mac:02010b41cdec/antenna/tag/e28068940000400386621d4f, 96
1652710534.455952, sdrt-health/mac:02010b41cdec/antenna/tag/e2806894000040038662114f, 85
1652710534.456153, sdrt-health/mac:02010b41cdec/antenna/tag/e2806894000050038661fd4f, 83
1652710534.456295, sdrt-health/mac:02010b41cdec/antenna/tag/e28068940000400386621d4f, 96
1652710534.493103, sdrt-health/mac:02010b41cdec/antenna/tag/e2806894000040038662114f, 85
1652710534.524538, sdrt-health/mac:02010b41cdec/antenna/tag/e28068940000400386621d4f, 77
1652710534.524784, sdrt-health/mac:02010b41cdec/antenna/tag/e2806894000050038661fd4f, 83
1652710534.537113, sdrt-health/mac:02010b41cdec/antenna/tag/e2806894000050038661fd4f, 83
1652710534.537326, sdrt-health/mac:02010b41cdec/antenna/tag/e2806894000050038661fd4f, 86
1652710534.586653, sdrt-health/mac:02010b41cdec/antenna/tag/e2806894000050038661fd4f, 86
1652710534.682325, sdrt-health/mac:02010b41cdec/antenna/tag/e2806894000040038662114f, 88
1652710534.682866, sdrt-health/mac:02010b41cdec/antenna/tag/e2806894000050038661fd4f, 83
1652710534.70696, sdrt-health/mac:02010b41cdec/antenna/tag/e2806894000050038661fd4f, 86
1652710534.745344, sdrt-health/mac:02010b41cdec/antenna/tag/e2806894000040038662114f, 88
1652710534.789328, sdrt-health/mac:02010b41cdec/antenna/tag/e2806894000050038661fd4f, 83
1652710534.827742, sdrt-health/mac:02010b41cdec/antenna/tag/e2806894000050038662154f, 91
1652710534.85741, sdrt-health/mac:02010b41cdec/antenna/tag/e2806894000040038662114f, 88
1652710534.857737, sdrt-health/mac:02010b41cdec/antenna/tag/e2806894000050038661fd4f, 83
1652710534.884265, sdrt-health/mac:02010b41cdec/antenna/tag/e28068940000400386621d4f, 77
1652710534.912172, sdrt-health/mac:02010b41cdec/antenna/tag/e2806894000050038662154f, 91
1652710534.912577, sdrt-health/mac:02010b41cdec/antenna/tag/e2806894000040038662114f, 88
1652710534.91282, sdrt-health/mac:02010b41cdec/antenna/tag/e28068940000400386621d4f, 96
1652710534.934439, sdrt-health/mac:02010b41cdec/antenna/tag/e28068940000400386621d4f, 96
1652710534.987374, sdrt-health/mac:02010b41cdec/antenna/tag/e2806894000050038661fd4f, 97
1652710535.016416, sdrt-health/mac:02010b41cdec/antenna/tag/e2806894000050038662154f, 85
1652710535.016646, sdrt-health/mac:02010b41cdec/antenna/tag/e2806894000040038661f94f, 81
1652710535.016792, sdrt-health/mac:02010b41cdec/antenna/tag/e2806894000040038662214f, 84
1652710535.016967, sdrt-health/mac:02010b41cdec/antenna/tag/e2806894000040038662114f, 88
1652710535.032446, sdrt-health/mac:02010b41cdec/antenna/tag/e2806894000050038661fd4f, 83
1652710535.067025, sdrt-health/mac:02010b41cdec/antenna/tag/e28068940000400386621d4f, 96
1652710535.122451, sdrt-health/mac:02010b41cdec/antenna/tag/e28068940000400386621d4f, 96
1652710535.122981, sdrt-health/mac:02010b41cdec/antenna/tag/e2806894000040038662114f, 85
1652710535.154188, sdrt-health/mac:02010b41cdec/antenna/tag/e2806894000050038661fd4f, 83
1652710535.205715, sdrt-health/mac:02010b41cdec/antenna/tag/e2806894000050038661fd4f, 86
1652710535.233683, sdrt-health/mac:02010b41cdec/antenna/tag/e2806894000050038662154f, 91
1652710535.233965, sdrt-health/mac:02010b41cdec/antenna/tag/e28068940000400386621d4f, 96
1652710535.247603, sdrt-health/mac:02010b41cdec/antenna/tag/e2806894000050038662154f, 88
1652710535.293979, sdrt-health/mac:02010b41cdec/antenna/tag/e2806894000050038661fd4f, 86
1652710535.358199, sdrt-health/mac:02010b41cdec/antenna/tag/e2806894000050038662154f, 88
1652710535.358739, sdrt-health/mac:02010b41cdec/antenna/tag/e28068940000400386621d4f, 96
1652710535.35908, sdrt-health/mac:02010b41cdec/antenna/tag/e2806894000050038662194f, 83
1652710535.359455, sdrt-health/mac:02010b41cdec/antenna/tag/e2806894000050038661fd4f, 86
1652710535.387329, sdrt-health/mac:02010b41cdec/antenna/tag/e2806894000050038662194f, 83
1652710535.443569, sdrt-health/mac:02010b41cdec/antenna/tag/e2806894000050038661fd4f, 83
1652710535.444155, sdrt-health/mac:02010b41cdec/antenna/tag/e2806894000050038661fd4f, 86
1652710535.458165, sdrt-health/mac:02010b41cdec/antenna/tag/e2806894000050038662194f, 87
1652710535.474309, sdrt-health/mac:02010b41cdec/antenna/tag/e2806894000050038661fd4f, 83
1652710535.474789, sdrt-health/mac:02010b41cdec/antenna/tag/e2806894000040038661f94f, 110
1652710535.488694, sdrt-health/mac:02010b41cdec/antenna/tag/e2806894000050038661fd4f, 83
1652710535.489108, sdrt-health/mac:02010b41cdec/antenna/tag/e28068940000400386621d4f, 96
1652710535.525602, sdrt-health/mac:02010b41cdec/antenna/tag/e2806894000050038662154f, 88
1652710535.602263, sdrt-health/mac:02010b41cdec/antenna/tag/e2806894000040038662114f, 88
1652710535.602824, sdrt-health/mac:02010b41cdec/antenna/tag/e2806894000050038661fd4f, 83
1652710535.635713, sdrt-health/mac:02010b41cdec/antenna/tag/e28068940000400386621d4f, 96
1652710535.668249, sdrt-health/mac:02010b41cdec/antenna/tag/e2806894000050038661fd4f, 83
1652710535.668593, sdrt-health/mac:02010b41cdec/antenna/tag/e2806894000050038661fd4f, 83
1652710535.684502, sdrt-health/mac:02010b41cdec/antenna/tag/e2806894000050038662154f, 97
1652710535.741102, sdrt-health/mac:02010b41cdec/antenna/tag/e2806894000050038662154f, 83
1652710535.741381, sdrt-health/mac:02010b41cdec/antenna/tag/e2806894000050038662154f, 97
1652710535.773623, sdrt-health/mac:02010b41cdec/antenna/tag/e28068940000400386621d4f, 96
1652710535.852294, sdrt-health/mac:02010b41cdec/antenna/tag/e28068940000400386621d4f, 96
1652710535.852867, sdrt-health/mac:02010b41cdec/antenna/tag/e2806894000040038662114f, 85
1652710535.866796, sdrt-health/mac:02010b41cdec/antenna/tag/e2806894000050038661fd4f, 86
1652710535.877212, sdrt-health/mac:02010b41cdec/antenna/tag/e2806894000040038662114f, 88
1652710535.881932, sdrt-health/mac:02010b41cdec/antenna/tag/e28068940000400386621d4f, 96
1652710535.882152, sdrt-health/mac:02010b41cdec/antenna/tag/e28068940000400386621d4f, 96
1652710536.034617, sdrt-health/mac:02010b41cdec/antenna/tag/e2806894000050038661fd4f, 83
1652710536.035081, sdrt-health/mac:02010b41cdec/antenna/tag/e2806894000040038662114f, 88
1652710536.052376, sdrt-health/mac:02010b41cdec/antenna/tag/e2806894000050038662194f, 81
1652710536.080715, sdrt-health/mac:02010b41cdec/antenna/tag/e2806894000050038662154f, 83
1652710536.081084, sdrt-health/mac:02010b41cdec/antenna/tag/e2806894000050038661fd4f, 86
1652710536.081238, sdrt-health/mac:02010b41cdec/antenna/tag/e2806894000050038662154f, 91
1652710536.126359, sdrt-health/mac:02010b41cdec/antenna/tag/e2806894000050038662154f, 91
1652710536.180502, sdrt-health/mac:02010b41cdec/antenna/tag/e2806894000050038661fd4f, 86
1652710536.237664, sdrt-health/mac:02010b41cdec/antenna/tag/e2806894000050038662154f, 91
1652710536.238273, sdrt-health/mac:02010b41cdec/antenna/tag/e2806894000050038661fd4f, 86
1652710536.251831, sdrt-health/mac:02010b41cdec/antenna/tag/e2806894000040038662114f, 88
1652710536.277883, sdrt-health/mac:02010b41cdec/antenna/tag/e2806894000050038662154f, 91
1652710536.341196, sdrt-health/mac:02010b41cdec/antenna/tag/e2806894000050038662194f, 81
1652710536.341702, sdrt-health/mac:02010b41cdec/antenna/tag/e2806894000050038662154f, 97
1652710536.366818, sdrt-health/mac:02010b41cdec/antenna/tag/e28068940000500386620d4f, 103
1652710536.412544, sdrt-health/mac:02010b41cdec/antenna/tag/e2806894000050038661fd4f, 83
1652710536.499168, sdrt-health/mac:02010b41cdec/antenna/tag/e2806894000050038662194f, 94
1652710536.499679, sdrt-health/mac:02010b41cdec/antenna/tag/e2806894000050038662154f, 91
1652710536.518241, sdrt-health/mac:02010b41cdec/antenna/tag/e2806894000040038662114f, 88
1652710536.56542, sdrt-health/mac:02010b41cdec/antenna/tag/e28068940000400386621d4f, 96
1652710536.6081, sdrt-health/mac:02010b41cdec/antenna/tag/e2806894000040038662114f, 88
1652710536.666724, sdrt-health/mac:02010b41cdec/antenna/tag/e28068940000400386621d4f, 90
1652710536.667354, sdrt-health/mac:02010b41cdec/antenna/tag/e2806894000040038662114f, 91
1652710536.681144, sdrt-health/mac:02010b41cdec/antenna/tag/e28068940000400386621d4f, 90
1652710536.704047, sdrt-health/mac:02010b41cdec/antenna/tag/e2806894000050038662154f, 91
1652710536.733761, sdrt-health/mac:02010b41cdec/antenna/tag/e2806894000050038662154f, 88
1652710536.734012, sdrt-health/mac:02010b41cdec/antenna/tag/e2806894000040038662114f, 88
1652710536.734178, sdrt-health/mac:02010b41cdec/antenna/tag/e28068940000400386621d4f, 90
1652710536.749501, sdrt-health/mac:02010b41cdec/antenna/tag/e2806894000040038662114f, 88
1652710536.809116, sdrt-health/mac:02010b41cdec/antenna/tag/e28068940000400386621d4f, 96
1652710536.848266, sdrt-health/mac:02010b41cdec/antenna/tag/e2806894000050038661fd4f, 83
1652710536.848664, sdrt-health/mac:02010b41cdec/antenna/tag/e2806894000040038662114f, 88
1652710536.848977, sdrt-health/mac:02010b41cdec/antenna/tag/e2806894000040038662114f, 85
1652710536.885216, sdrt-health/mac:02010b41cdec/antenna/tag/e2806894000050038661fd4f, 97
1652710536.935413, sdrt-health/mac:02010b41cdec/antenna/tag/e2806894000050038662154f, 85
1652710537.070136, sdrt-health/mac:02010b41cdec/antenna/tag/e28068940000400386621d4f, 96
1652710537.070697, sdrt-health/mac:02010b41cdec/antenna/tag/e2806894000050038662154f, 97
1652710537.132845, sdrt-health/mac:02010b41cdec/antenna/tag/e28068940000400386621d4f, 77
1652710537.191476, sdrt-health/mac:02010b41cdec/antenna/tag/e2806894000040038662114f, 88
1652710537.192043, sdrt-health/mac:02010b41cdec/antenna/tag/e28068940000400386621d4f, 96
1652710537.207513, sdrt-health/mac:02010b41cdec/antenna/tag/e2806894000050038661fd4f, 83
1652710537.226539, sdrt-health/mac:02010b41cdec/antenna/tag/e2806894000040038662114f, 88
1652710537.294656, sdrt-health/mac:02010b41cdec/antenna/tag/e2806894000040038662114f, 97
1652710537.295815, sdrt-health/mac:02010b41cdec/antenna/tag/e2806894000050038662194f, 93
1652710537.310929, sdrt-health/mac:02010b41cdec/antenna/tag/e2806894000050038662154f, 85
1652710537.335565, sdrt-health/mac:02010b41cdec/antenna/tag/e28068940000400386621d4f, 96
1652710537.41726, sdrt-health/mac:02010b41cdec/antenna/tag/e28068940000400386621d4f, 90
1652710537.417752, sdrt-health/mac:02010b41cdec/antenna/tag/e2806894000050038661fd4f, 83
1652710537.431499, sdrt-health/mac:02010b41cdec/antenna/tag/e28068940000400386621d4f, 96
1652710537.432115, sdrt-health/mac:02010b41cdec/antenna/tag/e2806894000050038661fd4f, 83
1652710537.468175, sdrt-health/mac:02010b41cdec/antenna/tag/e28068940000400386621d4f, 96
1652710537.49658, sdrt-health/mac:02010b41cdec/antenna/tag/e2806894000050038662194f, 81
1652710537.496826, sdrt-health/mac:02010b41cdec/antenna/tag/e2806894000040038662114f, 88
1652710537.523657, sdrt-health/mac:02010b41cdec/antenna/tag/e2806894000040038662114f, 91
1652710537.574103, sdrt-health/mac:02010b41cdec/antenna/tag/e2806894000040038662114f, 91
1652710537.652205, sdrt-health/mac:02010b41cdec/antenna/tag/e2806894000050038661fd4f, 83
1652710537.652868, sdrt-health/mac:02010b41cdec/antenna/tag/e2806894000050038661fd4f, 86
1652710537.665942, sdrt-health/mac:02010b41cdec/antenna/tag/e2806894000050038661fd4f, 86
1652710537.68421, sdrt-health/mac:02010b41cdec/antenna/tag/e2806894000050038661fd4f, 86
1652710537.740748, sdrt-health/mac:02010b41cdec/antenna/tag/e2806894000040038662114f, 91
1652710537.741137, sdrt-health/mac:02010b41cdec/antenna/tag/e2806894000050038662154f, 91
1652710537.755446, sdrt-health/mac:02010b41cdec/antenna/tag/e2806894000050038661fd4f, 83
1652710537.755752, sdrt-health/mac:02010b41cdec/antenna/tag/e2806894000050038662154f, 91
1652710537.772009, sdrt-health/mac:02010b41cdec/antenna/tag/e2806894000050038662194f, 94
1652710537.826992, sdrt-health/mac:02010b41cdec/antenna/tag/e2806894000050038661fd4f, 83
1652710537.881635, sdrt-health/mac:02010b41cdec/antenna/tag/e2806894000050038662194f, 87
1652710537.882127, sdrt-health/mac:02010b41cdec/antenna/tag/e2806894000050038662194f, 83
1652710537.928942, sdrt-health/mac:02010b41cdec/antenna/tag/e2806894000050038662154f, 83
1652710537.977384, sdrt-health/mac:02010b41cdec/antenna/tag/e2806894000040038662114f, 91
1652710537.978247, sdrt-health/mac:02010b41cdec/antenna/tag/e2806894000050038661fd4f, 86
1652710537.991351, sdrt-health/mac:02010b41cdec/antenna/tag/e2806894000040038662114f, 85
1652710538.027261, sdrt-health/mac:02010b41cdec/antenna/tag/e2806894000050038661fd4f, 86
1652710538.092136, sdrt-health/mac:02010b41cdec/antenna/tag/e2806894000050038661fd4f, 83
1652710538.137256, sdrt-health/mac:02010b41cdec/antenna/tag/e2806894000050038661fd4f, 83
1652710538.211408, sdrt-health/mac:02010b41cdec/antenna/tag/e28068940000400386621d4f, 96
1652710538.211933, sdrt-health/mac:02010b41cdec/antenna/tag/e2806894000050038662154f, 85
1652710538.260483, sdrt-health/mac:02010b41cdec/antenna/tag/e2806894000050038662194f, 83
1652710538.347552, sdrt-health/mac:02010b41cdec/antenna/tag/e2806894000050038662154f, 85
1652710538.388429, sdrt-health/mac:02010b41cdec/antenna/tag/e2806894000040038662114f, 93
1652710538.417156, sdrt-health/mac:02010b41cdec/antenna/tag/e2806894000050038662154f, 85
1652710538.417434, sdrt-health/mac:02010b41cdec/antenna/tag/e28068940000400386621d4f, 96
1652710538.431503, sdrt-health/mac:02010b41cdec/antenna/tag/e2806894000050038662154f, 85
1652710538.46662, sdrt-health/mac:02010b41cdec/antenna/tag/e28068940000400386621d4f, 96
1652710538.495851, sdrt-health/mac:02010b41cdec/antenna/tag/e2806894000040038662114f, 85
1652710538.496178, sdrt-health/mac:02010b41cdec/antenna/tag/e2806894000050038661fd4f, 86
1652710538.510861, sdrt-health/mac:02010b41cdec/antenna/tag/e2806894000040038662114f, 91
1652710538.511254, sdrt-health/mac:02010b41cdec/antenna/tag/e2806894000050038662194f, 85
1652710538.5647, sdrt-health/mac:02010b41cdec/antenna/tag/e2806894000050038662154f, 97
1652710538.616205, sdrt-health/mac:02010b41cdec/antenna/tag/e2806894000050038662154f, 85
1652710538.646996, sdrt-health/mac:02010b41cdec/antenna/tag/e2806894000050038662194f, 83
1652710538.647334, sdrt-health/mac:02010b41cdec/antenna/tag/e2806894000050038661fd4f, 83
1652710538.674017, sdrt-health/mac:02010b41cdec/antenna/tag/e2806894000040038662114f, 85
1652710538.755794, sdrt-health/mac:02010b41cdec/antenna/tag/e2806894000050038662194f, 81
1652710538.75634, sdrt-health/mac:02010b41cdec/antenna/tag/e2806894000040038662054f, 94
1652710538.78134, sdrt-health/mac:02010b41cdec/antenna/tag/e2806894000040038662114f, 91
1652710538.817821, sdrt-health/mac:02010b41cdec/antenna/tag/e2806894000050038662154f, 91
1652710538.818085, sdrt-health/mac:02010b41cdec/antenna/tag/e2806894000040038662114f, 91
1652710538.818264, sdrt-health/mac:02010b41cdec/antenna/tag/e2806894000050038661fd4f, 86
1652710538.81846, sdrt-health/mac:02010b41cdec/antenna/tag/e28068940000400386621d4f, 96
1652710538.83342, sdrt-health/mac:02010b41cdec/antenna/tag/e28068940000400386621d4f, 96
1652710538.892892, sdrt-health/mac:02010b41cdec/antenna/tag/e2806894000050038662194f, 93
1652710538.961794, sdrt-health/mac:02010b41cdec/antenna/tag/e28068940000400386621d4f, 96
1652710538.962338, sdrt-health/mac:02010b41cdec/antenna/tag/e2806894000050038662194f, 83
1652710538.98736, sdrt-health/mac:02010b41cdec/antenna/tag/e2806894000040038662114f, 91
1652710538.996885, sdrt-health/mac:02010b41cdec/antenna/tag/e2806894000050038662154f, 85
1652710539.026912, sdrt-health/mac:02010b41cdec/antenna/tag/e2806894000050038662194f, 81
1652710539.053291, sdrt-health/mac:02010b41cdec/antenna/tag/e2806894000050038662194f, 81
1652710539.097492, sdrt-health/mac:02010b41cdec/antenna/tag/e2806894000050038661fd4f, 83
1652710539.09784, sdrt-health/mac:02010b41cdec/antenna/tag/e2806894000050038662154f, 91
1652710539.133258, sdrt-health/mac:02010b41cdec/antenna/tag/e28068940000400386621d4f, 96
1652710539.177319, sdrt-health/mac:02010b41cdec/antenna/tag/e2806894000040038662114f, 91
1652710539.222241, sdrt-health/mac:02010b41cdec/antenna/tag/e2806894000050038661fd4f, 86
1652710539.222815, sdrt-health/mac:02010b41cdec/antenna/tag/e28068940000400386621d4f, 96
1652710539.240184, sdrt-health/mac:02010b41cdec/antenna/tag/e28068940000400386621d4f, 90
1652710539.284676, sdrt-health/mac:02010b41cdec/antenna/tag/e28068940000400386621d4f, 96
1652710539.322311, sdrt-health/mac:02010b41cdec/antenna/tag/e2806894000040038662114f, 97
1652710539.323355, sdrt-health/mac:02010b41cdec/antenna/tag/e2806894000050038662194f, 83
1652710539.323624, sdrt-health/mac:02010b41cdec/antenna/tag/e2806894000050038662154f, 88
1652710539.339971, sdrt-health/mac:02010b41cdec/antenna/tag/e2806894000050038662194f, 93
1652710539.387333, sdrt-health/mac:02010b41cdec/antenna/tag/e2806894000050038662194f, 83
1652710539.443799, sdrt-health/mac:02010b41cdec/antenna/tag/e2806894000050038661fd4f, 97
1652710539.444211, sdrt-health/mac:02010b41cdec/antenna/tag/e2806894000050038661fd4f, 83
1652710539.497102, sdrt-health/mac:02010b41cdec/antenna/tag/e28068940000400386621d4f, 96
1652710539.54798, sdrt-health/mac:02010b41cdec/antenna/tag/e28068940000400386621d4f, 96
1652710539.586936, sdrt-health/mac:02010b41cdec/antenna/tag/e2806894000050038662154f, 93
1652710539.634747, sdrt-health/mac:02010b41cdec/antenna/tag/e2806894000050038662194f, 81
1652710539.707225, sdrt-health/mac:02010b41cdec/antenna/tag/e2806894000050038662194f, 83
1652710539.707718, sdrt-health/mac:02010b41cdec/antenna/tag/e28068940000400386621d4f, 96
1652710539.722596, sdrt-health/mac:02010b41cdec/antenna/tag/e2806894000050038662154f, 87
1652710539.737174, sdrt-health/mac:02010b41cdec/antenna/tag/e2806894000050038662194f, 83
1652710539.802908, sdrt-health/mac:02010b41cdec/antenna/tag/e2806894000040038662114f, 88
1652710539.803409, sdrt-health/mac:02010b41cdec/antenna/tag/e28068940000400386621d4f, 96
1652710539.82641, sdrt-health/mac:02010b41cdec/antenna/tag/e28068940000400386621d4f, 96
1652710539.855593, sdrt-health/mac:02010b41cdec/antenna/tag/e2806894000040038662114f, 88
1652710539.856015, sdrt-health/mac:02010b41cdec/antenna/tag/e2806894000050038661fd4f, 86
1652710539.870579, sdrt-health/mac:02010b41cdec/antenna/tag/e2806894000050038661fd4f, 83
1652710539.906318, sdrt-health/mac:02010b41cdec/antenna/tag/e2806894000040038662114f, 85
1652710539.967257, sdrt-health/mac:02010b41cdec/antenna/tag/e28068940000400386621d4f, 96
1652710539.967705, sdrt-health/mac:02010b41cdec/antenna/tag/e2806894000050038662194f, 81
1652710539.989469, sdrt-health/mac:02010b41cdec/antenna/tag/e28068940000400386621d4f, 90
1652710540.027729, sdrt-health/mac:02010b41cdec/antenna/tag/e2806894000050038662194f, 94
1652710540.068596, sdrt-health/mac:02010b41cdec/antenna/tag/e2806894000050038662154f, 91
1652710540.107556, sdrt-health/mac:02010b41cdec/antenna/tag/e28068940000400386621d4f, 90
1652710540.145717, sdrt-health/mac:02010b41cdec/antenna/tag/e2806894000050038661fd4f, 83
1652710540.209527, sdrt-health/mac:02010b41cdec/antenna/tag/e2806894000050038662154f, 88
1652710540.210047, sdrt-health/mac:02010b41cdec/antenna/tag/e2806894000050038662154f, 88
1652710540.223301, sdrt-health/mac:02010b41cdec/antenna/tag/e2806894000040038662114f, 97
1652710540.280767, sdrt-health/mac:02010b41cdec/antenna/tag/e2806894000050038662194f, 81
1652710540.281282, sdrt-health/mac:02010b41cdec/antenna/tag/e28068940000400386621d4f, 96
1652710540.305813, sdrt-health/mac:02010b41cdec/antenna/tag/e2806894000050038662194f, 87
1652710540.357432, sdrt-health/mac:02010b41cdec/antenna/tag/e2806894000050038661fd4f, 86
1652710540.407405, sdrt-health/mac:02010b41cdec/antenna/tag/e2806894000050038662154f, 91
1652710540.447356, sdrt-health/mac:02010b41cdec/antenna/tag/e2806894000040038662114f, 91
1652710540.514894, sdrt-health/mac:02010b41cdec/antenna/tag/e2806894000050038661fd4f, 97
1652710540.51533, sdrt-health/mac:02010b41cdec/antenna/tag/e28068940000400386621d4f, 96
1652710540.528375, sdrt-health/mac:02010b41cdec/antenna/tag/e2806894000040038662114f, 91
1652710540.545879, sdrt-health/mac:02010b41cdec/antenna/tag/e2806894000040038662114f, 88
1652710540.546133, sdrt-health/mac:02010b41cdec/antenna/tag/e28068940000400386621d4f, 96
1652710540.567576, sdrt-health/mac:02010b41cdec/antenna/tag/e2806894000050038662194f, 81
1652710540.58665, sdrt-health/mac:02010b41cdec/antenna/tag/e28068940000400386621d4f, 96
1652710540.628219, sdrt-health/mac:02010b41cdec/antenna/tag/e2806894000040038662114f, 91
1652710540.666133, sdrt-health/mac:02010b41cdec/antenna/tag/e28068940000400386621d4f, 96
1652710540.706113, sdrt-health/mac:02010b41cdec/antenna/tag/e2806894000040038662114f, 88
1652710540.754861, sdrt-health/mac:02010b41cdec/antenna/tag/e2806894000050038662154f, 91
1652710540.81891, sdrt-health/mac:02010b41cdec/antenna/tag/e2806894000050038661fd4f, 86
1652710540.819412, sdrt-health/mac:02010b41cdec/antenna/tag/e2806894000050038661fd4f, 86
1652710540.857194, sdrt-health/mac:02010b41cdec/antenna/tag/e28068940000400386621d4f, 96
1652710540.995667, sdrt-health/mac:02010b41cdec/antenna/tag/e2806894000040038662114f, 88
1652710540.996157, sdrt-health/mac:02010b41cdec/antenna/tag/e2806894000050038662154f, 97
1652710541.045439, sdrt-health/mac:02010b41cdec/antenna/tag/e2806894000040038662114f, 91
1652710541.076733, sdrt-health/mac:02010b41cdec/antenna/tag/e28068940000400386621d4f, 96
1652710541.077121, sdrt-health/mac:02010b41cdec/antenna/tag/e28068940000400386621d4f, 96
1652710541.094517, sdrt-health/mac:02010b41cdec/antenna/tag/e2806894000050038662194f, 81
1652710541.094891, sdrt-health/mac:02010b41cdec/antenna/tag/e28068940000400386621d4f, 77
1652710541.137997, sdrt-health/mac:02010b41cdec/antenna/tag/e2806894000040038662114f, 88
1652710541.202928, sdrt-health/mac:02010b41cdec/antenna/tag/e2806894000050038662154f, 97
1652710541.203439, sdrt-health/mac:02010b41cdec/antenna/tag/e2806894000050038662154f, 91
1652710541.20381, sdrt-health/mac:02010b41cdec/antenna/tag/e2806894000050038662194f, 83
1652710541.20417, sdrt-health/mac:02010b41cdec/antenna/tag/e2806894000050038661fd4f, 86
1652710541.249349, sdrt-health/mac:02010b41cdec/antenna/tag/e2806894000050038661fd4f, 86
1652710541.283775, sdrt-health/mac:02010b41cdec/antenna/tag/e2806894000050038662154f, 91
1652710541.340514, sdrt-health/mac:02010b41cdec/antenna/tag/e2806894000050038662194f, 83
1652710541.34098, sdrt-health/mac:02010b41cdec/antenna/tag/e28068940000400386621d4f, 77
1652710541.341324, sdrt-health/mac:02010b41cdec/antenna/tag/e2806894000040038662114f, 88
1652710541.357366, sdrt-health/mac:02010b41cdec/antenna/tag/e28068940000400386621d4f, 77
1652710541.374946, sdrt-health/mac:02010b41cdec/antenna/tag/e2806894000040038662114f, 88
1652710541.404213, sdrt-health/mac:02010b41cdec/antenna/tag/e2806894000050038661fd4f, 83
1652710541.404448, sdrt-health/mac:02010b41cdec/antenna/tag/e2806894000050038661fd4f, 83
1652710541.458917, sdrt-health/mac:02010b41cdec/antenna/tag/e28068940000400386621d4f, 96
1652710541.459542, sdrt-health/mac:02010b41cdec/antenna/tag/e2806894000040038662214f, 84
1652710541.474314, sdrt-health/mac:02010b41cdec/antenna/tag/e28068940000400386621d4f, 96
1652710541.475911, sdrt-health/mac:02010b41cdec/antenna/tag/e2806894000040038662214f, 82
1652710541.476102, sdrt-health/mac:02010b41cdec/antenna/tag/e2806894000050038662154f, 88
1652710541.526087, sdrt-health/mac:02010b41cdec/antenna/tag/e2806894000050038662154f, 85
1652710541.624075, sdrt-health/mac:02010b41cdec/antenna/tag/e2806894000040038661f94f, 83
1652710541.624615, sdrt-health/mac:02010b41cdec/antenna/tag/e28068940000400386621d4f, 77
1652710541.663564, sdrt-health/mac:02010b41cdec/antenna/tag/e2806894000040038662114f, 88
1652710541.692695, sdrt-health/mac:02010b41cdec/antenna/tag/e2806894000050038661fd4f, 83
1652710541.692973, sdrt-health/mac:02010b41cdec/antenna/tag/e28068940000400386621d4f, 96
1652710541.738179, sdrt-health/mac:02010b41cdec/antenna/tag/e2806894000050038661fd4f, 86
1652710541.79384, sdrt-health/mac:02010b41cdec/antenna/tag/e2806894000050038662154f, 88
1652710541.87513, sdrt-health/mac:02010b41cdec/antenna/tag/e2806894000050038662194f, 87
1652710541.875639, sdrt-health/mac:02010b41cdec/antenna/tag/e2806894000050038662154f, 85
1652710541.933366, sdrt-health/mac:02010b41cdec/antenna/tag/e2806894000050038662154f, 88
1652710541.978889, sdrt-health/mac:02010b41cdec/antenna/tag/e2806894000050038661fd4f, 97
1652710542.049095, sdrt-health/mac:02010b41cdec/antenna/tag/e28068940000400386621d4f, 96
1652710542.049601, sdrt-health/mac:02010b41cdec/antenna/tag/e2806894000050038661fd4f, 97
1652710542.062716, sdrt-health/mac:02010b41cdec/antenna/tag/e2806894000040038661f94f, 83
1652710542.088194, sdrt-health/mac:02010b41cdec/antenna/tag/e2806894000050038661fd4f, 86
1652710542.129248, sdrt-health/mac:02010b41cdec/antenna/tag/e2806894000050038662194f, 83
1652710542.1707, sdrt-health/mac:02010b41cdec/antenna/tag/e2806894000040038662114f, 88
1652710542.171165, sdrt-health/mac:02010b41cdec/antenna/tag/e2806894000050038662154f, 91
1652710542.184304, sdrt-health/mac:02010b41cdec/antenna/tag/e2806894000040038662114f, 85
1652710542.212167, sdrt-health/mac:02010b41cdec/antenna/tag/e2806894000050038661fd4f, 83
1652710542.257118, sdrt-health/mac:02010b41cdec/antenna/tag/e2806894000050038662194f, 83
1652710542.319361, sdrt-health/mac:02010b41cdec/antenna/tag/e2806894000040038662114f, 88
1652710542.319861, sdrt-health/mac:02010b41cdec/antenna/tag/e2806894000050038662154f, 97
1652710542.367043, sdrt-health/mac:02010b41cdec/antenna/tag/e28068940000400386621d4f, 96
1652710542.412483, sdrt-health/mac:02010b41cdec/antenna/tag/e2806894000050038662154f, 93
1652710542.414955, sdrt-health/mac:02010b41cdec/antenna/tag/e2806894000040038662114f, 85
1652710542.482036, sdrt-health/mac:02010b41cdec/antenna/tag/e2806894000050038661fd4f, 83
1652710542.518606, sdrt-health/mac:02010b41cdec/antenna/tag/e2806894000040038662114f, 88
1652710542.562835, sdrt-health/mac:02010b41cdec/antenna/tag/e2806894000050038662154f, 91
1652710542.563207, sdrt-health/mac:02010b41cdec/antenna/tag/e28068940000400386621d4f, 96
1652710542.60601, sdrt-health/mac:02010b41cdec/antenna/tag/e28068940000400386621d4f, 96
1652710542.60653, sdrt-health/mac:02010b41cdec/antenna/tag/e2806894000050038662154f, 91
1652710542.61011, sdrt-health/mac:02010b41cdec/antenna/tag/e2806894000050038662154f, 97
1652710542.655371, sdrt-health/mac:02010b41cdec/antenna/tag/e28068940000400386621d4f, 96
1652710542.747749, sdrt-health/mac:02010b41cdec/antenna/tag/e2806894000050038661fd4f, 83
1652710542.748244, sdrt-health/mac:02010b41cdec/antenna/tag/e28068940000400386621d4f, 96
1652710542.777322, sdrt-health/mac:02010b41cdec/antenna/tag/e2806894000050038662154f, 91
1652710542.863854, sdrt-health/mac:02010b41cdec/antenna/tag/e2806894000050038662154f, 85
1652710542.908388, sdrt-health/mac:02010b41cdec/antenna/tag/e2806894000050038662154f, 88
1652710542.946695, sdrt-health/mac:02010b41cdec/antenna/tag/e2806894000050038662154f, 85
1652710542.986963, sdrt-health/mac:02010b41cdec/antenna/tag/e2806894000050038662194f, 81
1652710543.035577, sdrt-health/mac:02010b41cdec/antenna/tag/e2806894000050038662194f, 81
1652710543.07575, sdrt-health/mac:02010b41cdec/antenna/tag/e2806894000050038662194f, 81
1652710543.125608, sdrt-health/mac:02010b41cdec/antenna/tag/e2806894000050038662194f, 83
1652710543.199727, sdrt-health/mac:02010b41cdec/antenna/tag/e28068940000400386621d4f, 96
1652710543.200281, sdrt-health/mac:02010b41cdec/antenna/tag/e2806894000040038662114f, 88
1652710543.21953, sdrt-health/mac:02010b41cdec/antenna/tag/e28068940000400386621d4f, 96
1652710543.243752, sdrt-health/mac:02010b41cdec/antenna/tag/e2806894000050038662154f, 91
1652710543.287246, sdrt-health/mac:02010b41cdec/antenna/tag/e2806894000040038661f94f, 88
1652710543.342146, sdrt-health/mac:02010b41cdec/antenna/tag/e28068940000500386620d4f, 88
1652710543.342624, sdrt-health/mac:02010b41cdec/antenna/tag/e2806894000050038661fd4f, 83
1652710543.342961, sdrt-health/mac:02010b41cdec/antenna/tag/e2806894000050038661fd4f, 97
1652710543.356629, sdrt-health/mac:02010b41cdec/antenna/tag/e28068940000400386621d4f, 96
1652710543.372722, sdrt-health/mac:02010b41cdec/antenna/tag/e28068940000500386620d4f, 81
1652710543.425322, sdrt-health/mac:02010b41cdec/antenna/tag/e2806894000050038662194f, 84
1652710543.477956, sdrt-health/mac:02010b41cdec/antenna/tag/e2806894000050038662194f, 84
1652710543.506625, sdrt-health/mac:02010b41cdec/antenna/tag/e2806894000050038661fd4f, 83
1652710543.507041, sdrt-health/mac:02010b41cdec/antenna/tag/e2806894000050038662154f, 85
1652710543.507273, sdrt-health/mac:02010b41cdec/antenna/tag/e2806894000040038662114f, 85
1652710543.557312, sdrt-health/mac:02010b41cdec/antenna/tag/e2806894000050038662154f, 83
1652710543.627618, sdrt-health/mac:02010b41cdec/antenna/tag/e28068940000400386621d4f, 96
1652710543.628108, sdrt-health/mac:02010b41cdec/antenna/tag/e28068940000400386621d4f, 77
1652710543.643137, sdrt-health/mac:02010b41cdec/antenna/tag/e2806894000050038661fd4f, 83
1652710543.65574, sdrt-health/mac:02010b41cdec/antenna/tag/e2806894000040038662114f, 88
1652710543.657149, sdrt-health/mac:02010b41cdec/antenna/tag/e2806894000050038662154f, 91
1652710543.714142, sdrt-health/mac:02010b41cdec/antenna/tag/e28068940000400386621d4f, 96
1652710543.714652, sdrt-health/mac:02010b41cdec/antenna/tag/e28068940000400386621d4f, 96
1652710543.790007, sdrt-health/mac:02010b41cdec/antenna/tag/e2806894000040038662114f, 88
1652710543.790589, sdrt-health/mac:02010b41cdec/antenna/tag/e2806894000050038662154f, 91
1652710543.810687, sdrt-health/mac:02010b41cdec/antenna/tag/e2806894000040038662114f, 91
1652710543.810907, sdrt-health/mac:02010b41cdec/antenna/tag/e2806894000040038662114f, 88
1652710543.847357, sdrt-health/mac:02010b41cdec/antenna/tag/e2806894000050038661fd4f, 86
1652710543.907242, sdrt-health/mac:02010b41cdec/antenna/tag/e2806894000050038662154f, 85
1652710543.954374, sdrt-health/mac:02010b41cdec/antenna/tag/e2806894000040038662114f, 85
1652710543.987447, sdrt-health/mac:02010b41cdec/antenna/tag/e2806894000050038662194f, 84
1652710543.987657, sdrt-health/mac:02010b41cdec/antenna/tag/e2806894000050038662154f, 85
1652710544.003988, sdrt-health/mac:02010b41cdec/antenna/tag/e2806894000050038662154f, 87
1652710544.054413, sdrt-health/mac:02010b41cdec/antenna/tag/e2806894000050038661fd4f, 86
1652710544.106936, sdrt-health/mac:02010b41cdec/antenna/tag/e2806894000040038662114f, 91
1652710544.135335, sdrt-health/mac:02010b41cdec/antenna/tag/e2806894000050038662194f, 87
1652710544.135717, sdrt-health/mac:02010b41cdec/antenna/tag/e2806894000050038662154f, 88
1652710544.148938, sdrt-health/mac:02010b41cdec/antenna/tag/e2806894000050038662194f, 81
1652710544.186596, sdrt-health/mac:02010b41cdec/antenna/tag/e2806894000050038662194f, 94
1652710544.2273, sdrt-health/mac:02010b41cdec/antenna/tag/e2806894000040038662114f, 88
1652710544.267213, sdrt-health/mac:02010b41cdec/antenna/tag/e2806894000040038662114f, 88
1652710544.306475, sdrt-health/mac:02010b41cdec/antenna/tag/e2806894000050038661fd4f, 97
1652710544.334812, sdrt-health/mac:02010b41cdec/antenna/tag/e2806894000040038662114f, 85
1652710544.335159, sdrt-health/mac:02010b41cdec/antenna/tag/e28068940000400386621d4f, 96
1652710544.351596, sdrt-health/mac:02010b41cdec/antenna/tag/e2806894000040038662114f, 88
1652710544.430241, sdrt-health/mac:02010b41cdec/antenna/tag/e2806894000050038661fd4f, 86
1652710544.465981, sdrt-health/mac:02010b41cdec/antenna/tag/e2806894000040038662114f, 85
1652710544.520032, sdrt-health/mac:02010b41cdec/antenna/tag/e28068940000400386621d4f, 96
1652710544.52054, sdrt-health/mac:02010b41cdec/antenna/tag/e2806894000040038662114f, 88
1652710544.534826, sdrt-health/mac:02010b41cdec/antenna/tag/e2806894000050038662194f, 93
1652710544.547061, sdrt-health/mac:02010b41cdec/antenna/tag/e2806894000050038661fd4f, 83
1652710544.603211, sdrt-health/mac:02010b41cdec/antenna/tag/e2806894000040038662114f, 88
1652710544.646337, sdrt-health/mac:02010b41cdec/antenna/tag/e2806894000050038662154f, 85
1652710544.710384, sdrt-health/mac:02010b41cdec/antenna/tag/e2806894000050038662154f, 85
1652710544.71062, sdrt-health/mac:02010b41cdec/antenna/tag/e2806894000050038661fd4f, 97
1652710544.710796, sdrt-health/mac:02010b41cdec/antenna/tag/e28068940000400386621d4f, 96
1652710544.724072, sdrt-health/mac:02010b41cdec/antenna/tag/e2806894000040038662114f, 88
1652710544.724655, sdrt-health/mac:02010b41cdec/antenna/tag/e28068940000500386620d4f, 88
1652710544.748323, sdrt-health/mac:02010b41cdec/antenna/tag/e2806894000040038662114f, 85
1652710544.853685, sdrt-health/mac:02010b41cdec/antenna/tag/e28068940000400386621d4f, 96
1652710544.854149, sdrt-health/mac:02010b41cdec/antenna/tag/e28068940000400386621d4f, 96
1652710544.885329, sdrt-health/mac:02010b41cdec/antenna/tag/e28068940000400386621d4f, 96
1652710544.966004, sdrt-health/mac:02010b41cdec/antenna/tag/e2806894000040038662114f, 88
1652710544.96648, sdrt-health/mac:02010b41cdec/antenna/tag/e28068940000400386621d4f, 96
1652710544.985361, sdrt-health/mac:02010b41cdec/antenna/tag/e2806894000050038661fd4f, 86
1652710544.985719, sdrt-health/mac:02010b41cdec/antenna/tag/e2806894000040038662114f, 91
1652710545.029085, sdrt-health/mac:02010b41cdec/antenna/tag/e2806894000050038662154f, 97
1652710545.099134, sdrt-health/mac:02010b41cdec/antenna/tag/e28068940000400386621d4f, 96
1652710545.09967, sdrt-health/mac:02010b41cdec/antenna/tag/e2806894000050038662154f, 93
1652710545.136622, sdrt-health/mac:02010b41cdec/antenna/tag/e2806894000050038661fd4f, 83
1652710545.223682, sdrt-health/mac:02010b41cdec/antenna/tag/e2806894000050038662194f, 94
1652710545.224184, sdrt-health/mac:02010b41cdec/antenna/tag/e2806894000040038662114f, 91
1652710545.256709, sdrt-health/mac:02010b41cdec/antenna/tag/e2806894000050038662154f, 88
1652710545.257128, sdrt-health/mac:02010b41cdec/antenna/tag/e2806894000050038661fd4f, 86
1652710545.308448, sdrt-health/mac:02010b41cdec/antenna/tag/e2806894000050038661fd4f, 86
1652710545.346813, sdrt-health/mac:02010b41cdec/antenna/tag/e2806894000050038661fd4f, 86
1652710545.347291, sdrt-health/mac:02010b41cdec/antenna/tag/e2806894000050038662194f, 87
1652710545.386222, sdrt-health/mac:02010b41cdec/antenna/tag/e28068940000400386621d4f, 96
1652710545.427632, sdrt-health/mac:02010b41cdec/antenna/tag/e2806894000040038662114f, 91
1652710545.482088, sdrt-health/mac:02010b41cdec/antenna/tag/e2806894000050038662194f, 87
1652710545.482344, sdrt-health/mac:02010b41cdec/antenna/tag/e28068940000400386621d4f, 96
1652710545.495079, sdrt-health/mac:02010b41cdec/antenna/tag/e2806894000050038662154f, 85
1652710545.506756, sdrt-health/mac:02010b41cdec/antenna/tag/e2806894000050038662194f, 81
1652710545.547165, sdrt-health/mac:02010b41cdec/antenna/tag/e2806894000050038662154f, 85
1652710545.604965, sdrt-health/mac:02010b41cdec/antenna/tag/e2806894000050038661fd4f, 86
1652710545.654481, sdrt-health/mac:02010b41cdec/antenna/tag/e2806894000050038662194f, 83
1652710545.708165, sdrt-health/mac:02010b41cdec/antenna/tag/e28068940000400386621d4f, 96
1652710545.796293, sdrt-health/mac:02010b41cdec/antenna/tag/e2806894000040038662114f, 88
1652710545.796772, sdrt-health/mac:02010b41cdec/antenna/tag/e2806894000050038662154f, 88
1652710545.815873, sdrt-health/mac:02010b41cdec/antenna/tag/e28068940000400386621d4f, 96
1652710545.820789, sdrt-health/mac:02010b41cdec/antenna/tag/e2806894000050038662194f, 93
1652710545.887605, sdrt-health/mac:02010b41cdec/antenna/tag/e2806894000040038662054f, 88
1652710545.936399, sdrt-health/mac:02010b41cdec/antenna/tag/e2806894000040038662114f, 85
1652710546.000459, sdrt-health/mac:02010b41cdec/antenna/tag/e2806894000050038662154f, 88
1652710546.00091, sdrt-health/mac:02010b41cdec/antenna/tag/e2806894000050038662194f, 87
1652710546.001263, sdrt-health/mac:02010b41cdec/antenna/tag/e2806894000040038662114f, 88
1652710546.026105, sdrt-health/mac:02010b41cdec/antenna/tag/e2806894000050038662154f, 88
1652710546.069084, sdrt-health/mac:02010b41cdec/antenna/tag/e2806894000050038662194f, 83
1652710546.126815, sdrt-health/mac:02010b41cdec/antenna/tag/e2806894000050038661fd4f, 86
1652710546.127423, sdrt-health/mac:02010b41cdec/antenna/tag/e2806894000050038661fd4f, 97
1652710546.149592, sdrt-health/mac:02010b41cdec/antenna/tag/e2806894000050038662194f, 81
1652710546.149912, sdrt-health/mac:02010b41cdec/antenna/tag/e2806894000050038661fd4f, 83
1652710546.150122, sdrt-health/mac:02010b41cdec/antenna/tag/e28068940000400386621d4f, 96
1652710546.205522, sdrt-health/mac:02010b41cdec/antenna/tag/e2806894000040038662114f, 88
1652710546.272023, sdrt-health/mac:02010b41cdec/antenna/tag/e2806894000050038662194f, 81
1652710546.272644, sdrt-health/mac:02010b41cdec/antenna/tag/e2806894000040038662114f, 88
1652710546.273066, sdrt-health/mac:02010b41cdec/antenna/tag/e2806894000050038662154f, 91
1652710546.326127, sdrt-health/mac:02010b41cdec/antenna/tag/e2806894000050038662154f, 97
1652710546.326603, sdrt-health/mac:02010b41cdec/antenna/tag/e2806894000040038662114f, 88
1652710546.504223, sdrt-health/mac:02010b41cdec/antenna/tag/scan, scan stopped
