1652710546.53658, sdrt-health/mac:02010b41cdec/antenna/power/set, {"power": 300}
1652710547.624484, sdrt-health/mac:02010b41cdec/antenna/power/set, 
1652710550.75099, sdrt-health/mac:02010b41cdec/antenna/state, connected
1652710550.751841, sdrt-health/mac:02010b41cdec/fw, {"version":"1.8.1","model":"200","hash":"2f556501b58f1dad542af428d7928d18","timestamp":1652710547}
1652710550.938328, sdrt-health/mac:02010b41cdec/antenna/version, J.6.6/V0121-04
1652710551.148346, sdrt-health/mac:02010b41cdec/antenna/power, 30
1652710551.557396, sdrt-health/mac:02010b41cdec/antenna/tag/scan, {"time": 20000}
1652710551.908166, sdrt-health/mac:02010b41cdec/antenna/tag/e2806894000050038661fd4f, 86
1652710551.94695, sdrt-health/mac:02010b41cdec/antenna/tag/e2806894000040038662054f, 83
1652710552.018953, sdrt-health/mac:02010b41cdec/antenna/tag/e2806894000040038662054f, 81
1652710552.060521, sdrt-health/mac:02010b41cdec/antenna/tag/e2806894000050038662194f, 93
1652710552.133592, sdrt-health/mac:02010b41cdec/antenna/tag/e2806894000050038662194f, 85
1652710552.13412, sdrt-health/mac:02010b41cdec/antenna/tag/e2806894000040038661f94f, 81
1652710552.148554, sdrt-health/mac:02010b41cdec/antenna/tag/e28068940000400386621d4f, 90
1652710552.164351, sdrt-health/mac:02010b41cdec/antenna/tag/e28068940000500386620d4f, 81
1652710552.2076, sdrt-health/mac:02010b41cdec/antenna/tag/e2806894000050038661fd4f, 83
1652710552.277508, sdrt-health/mac:02010b41cdec/antenna/tag/e2806894000040038662114f, 88
1652710552.278021, sdrt-health/mac:02010b41cdec/antenna/tag/e2806894000050038662154f, 91
1652710552.292537, sdrt-health/mac:02010b41cdec/antenna/tag/e2806894000050038662154f, 91
1652710552.34816, sdrt-health/mac:02010b41cdec/antenna/tag/e28068940000400386621d4f, 96
1652710552.388651, sdrt-health/mac:02010b41cdec/antenna/tag/e2806894000040038662054f, 88
1652710552.440151, sdrt-health/mac:02010b41cdec/antenna/tag/e2806894000050038662194f, 87
1652710552.48598, sdrt-health/mac:02010b41cdec/antenna/tag/e28068940000400386621d4f, 77
1652710552.532679, sdrt-health/mac:02010b41cdec/antenna/tag/e2806894000050038662194f, 88
1652710552.563604, sdrt-health/mac:02010b41cdec/antenna/tag/e2806894000040038662114f, 85
1652710552.563978, sdrt-health/mac:02010b41cdec/antenna/tag/e2806894000050038662154f, 97
1652710552.580422, sdrt-health/mac:02010b41cdec/antenna/tag/e2806894000050038661fd4f, 86
1652710552.621764, sdrt-health/mac:02010b41cdec/antenna/tag/e2806894000050038661fd4f, 86
1652710552.652166, sdrt-health/mac:02010b41cdec/antenna/tag/e2806894000040038662114f, 88
1652710552.652353, sdrt-health/mac:02010b41cdec/antenna/tag/e28068940000400386621d4f, 96
1652710552.652479, sdrt-health/mac:02010b41cdec/antenna/tag/e2806894000040038662114f, 85
1652710552.669716, sdrt-health/mac:02010b41cdec/antenna/tag/e28068940000400386621d4f, 96
1652710552.669927, sdrt-health/mac:02010b41cdec/antenna/tag/e2806894000050038661fd4f, 83
1652710552.724501, sdrt-health/mac:02010b41cdec/antenna/tag/e2806894000050038662194f, 81
1652710552.767829, sdrt-health/mac:02010b41cdec/antenna/tag/e2806894000050038661fd4f, 97
1652710552.820359, sdrt-health/mac:02010b41cdec/antenna/tag/e28068940000400386621d4f, 77
1652710552.820848, sdrt-health/mac:02010b41cdec/antenna/tag/e2806894000050038661fd4f, 83
1652710552.86697, sdrt-health/mac:02010b41cdec/antenna/tag/e2806894000050038661fd4f, 86
1652710552.934258, sdrt-health/mac:02010b41cdec/antenna/tag/e2806894000050038662194f, 83
1652710552.934782, sdrt-health/mac:02010b41cdec/antenna/tag/e28068940000400386621d4f, 77
1652710552.93517, sdrt-health/mac:02010b41cdec/antenna/tag/e2806894000050038662194f, 87
1652710552.977929, sdrt-health/mac:02010b41cdec/antenna/tag/e2806894000040038662114f, 91
1652710552.99472, sdrt-health/mac:02010b41cdec/antenna/tag/e2806894000050038662194f, 87
1652710553.044705, sdrt-health/mac:02010b41cdec/antenna/tag/e28068940000400386621d4f, 96
1652710553.087052, sdrt-health/mac:02010b41cdec/antenna/tag/e2806894000050038662154f, 83
1652710553.148286, sdrt-health/mac:02010b41cdec/antenna/tag/e2806894000050038661fd4f, 83
1652710553.148799, sdrt-health/mac:02010b41cdec/antenna/tag/e2806894000050038661fd4f, 86
1652710553.178979, sdrt-health/mac:02010b41cdec/antenna/tag/e28068940000400386621d4f, 77
1652710553.208149, sdrt-health/mac:02010b41cdec/antenna/tag/e2806894000050038661fd4f, 83
1652710553.208445, sdrt-health/mac:02010b41cdec/antenna/tag/e28068940000400386621d4f, 77
1652710553.227836, sdrt-health/mac:02010b41cdec/antenna/tag/e2806894000050038661fd4f, 83
1652710553.292225, sdrt-health/mac:02010b41cdec/antenna/tag/e2806894000040038661f94f, 94
1652710553.326357, sdrt-health/mac:02010b41cdec/antenna/tag/e2806894000050038661fd4f, 97
1652710553.391704, sdrt-health/mac:02010b41cdec/antenna/tag/e2806894000040038662214f, 88
1652710553.392161, sdrt-health/mac:02010b41cdec/antenna/tag/e2806894000050038662194f, 81
1652710553.407186, sdrt-health/mac:02010b41cdec/antenna/tag/e2806894000050038662154f, 91
1652710553.41706, sdrt-health/mac:02010b41cdec/antenna/tag/e2806894000050038662154f, 88
1652710553.421629, sdrt-health/mac:02010b41cdec/antenna/tag/e28068940000400386621d4f, 96
1652710553.467527, sdrt-health/mac:02010b41cdec/antenna/tag/e2806894000040038662114f, 91
1652710553.508809, sdrt-health/mac:02010b41cdec/antenna/tag/e2806894000050038662194f, 83
1652710553.571387, sdrt-health/mac:02010b41cdec/antenna/tag/e2806894000050038661fd4f, 86
1652710553.571953, sdrt-health/mac:02010b41cdec/antenna/tag/e2806894000050038662194f, 93
1652710553.572326, sdrt-health/mac:02010b41cdec/antenna/tag/e2806894000040038662054f, 81
1652710553.589883, sdrt-health/mac:02010b41cdec/antenna/tag/e2806894000040038662114f, 91
1652710553.654103, sdrt-health/mac:02010b41cdec/antenna/tag/e2806894000050038662194f, 93
1652710553.658149, sdrt-health/mac:02010b41cdec/antenna/tag/e2806894000040038662054f, 88
1652710553.671935, sdrt-health/mac:02010b41cdec/antenna/tag/e2806894000050038661fd4f, 86
1652710553.707748, sdrt-health/mac:02010b41cdec/antenna/tag/e2806894000040038662114f, 88
1652710553.785201, sdrt-health/mac:02010b41cdec/antenna/tag/e28068940000400386621d4f, 90
1652710553.785705, sdrt-health/mac:02010b41cdec/antenna/tag/e2806894000040038662114f, 91
1652710553.800878, sdrt-health/mac:02010b41cdec/antenna/tag/e2806894000050038662194f, 82
1652710553.803398, sdrt-health/mac:02010b41cdec/antenna/tag/e2806894000050038661fd4f, 97
1652710553.815755, sdrt-health/mac:02010b41cdec/antenna/tag/e2806894000040038661f94f, 81
1652710553.85387, sdrt-health/mac:02010b41cdec/antenna/tag/e2806894000050038662194f, 84
1652710553.905618, sdrt-health/mac:02010b41cdec/antenna/tag/e2806894000040038662114f, 88
1652710553.964325, sdrt-health/mac:02010b41cdec/antenna/tag/e2806894000050038662194f, 81
1652710553.964731, sdrt-health/mac:02010b41cdec/antenna/tag/e2806894000050038662194f, 88
1652710553.979636, sdrt-health/mac:02010b41cdec/antenna/tag/e28068940000400386621d4f, 77
1652710554.013018, sdrt-health/mac:02010b41cdec/antenna/tag/e2806894000050038662154f, 97
1652710554.05744, sdrt-health/mac:02010b41cdec/antenna/tag/e28068940000400386621d4f, 77
1652710554.11727, sdrt-health/mac:02010b41cdec/antenna/tag/e2806894000050038661fd4f, 86
1652710554.15945, sdrt-health/mac:02010b41cdec/antenna/tag/e2806894000040038662114f, 85
1652710554.159819, sdrt-health/mac:02010b41cdec/antenna/tag/e28068940000400386621d4f, 77
1652710554.173086, sdrt-health/mac:02010b41cdec/antenna/tag/e2806894000040038662114f, 85
1652710554.238263, sdrt-health/mac:02010b41cdec/antenna/tag/e28068940000500386620d4f, 88
1652710554.238605, sdrt-health/mac:02010b41cdec/antenna/tag/e2806894000040038662214f, 94
1652710554.255478, sdrt-health/mac:02010b41cdec/antenna/tag/e2806894000040038662114f, 88
1652710554.267159, sdrt-health/mac:02010b41cdec/antenna/tag/e28068940000400386621d4f, 77
1652710554.308062, sdrt-health/mac:02010b41cdec/antenna/tag/e28068940000400386621d4f, 77
1652710554.354698, sdrt-health/mac:02010b41cdec/antenna/tag/e2806894000050038661fd4f, 86
1652710554.430221, sdrt-health/mac:02010b41cdec/antenna/tag/e2806894000050038662194f, 83
1652710554.430748, sdrt-health/mac:02010b41cdec/antenna/tag/e2806894000050038662154f, 91
1652710554.460732, sdrt-health/mac:02010b41cdec/antenna/tag/e2806894000050038662194f, 87
1652710554.489382, sdrt-health/mac:02010b41cdec/antenna/tag/e28068940000400386621d4f, 96
1652710554.489787, sdrt-health/mac:02010b41cdec/antenna/tag/e2806894000040038662114f, 88
1652710554.490087, sdrt-health/mac:02010b41cdec/antenna/tag/e2806894000050038662194f, 87
1652710554.50616, sdrt-health/mac:02010b41cdec/antenna/tag/e2806894000040038662114f, 88
1652710554.582742, sdrt-health/mac:02010b41cdec/antenna/tag/e2806894000050038662154f, 91
1652710554.583244, sdrt-health/mac:02010b41cdec/antenna/tag/e2806894000050038662154f, 97
1652710554.597315, sdrt-health/mac:02010b41cdec/antenna/tag/e28068940000400386621d4f, 96
1652710554.634213, sdrt-health/mac:02010b41cdec/antenna/tag/e2806894000050038662154f, 97
1652710554.634613, sdrt-health/mac:02010b41cdec/antenna/tag/e2806894000050038662194f, 83
1652710554.648364, sdrt-health/mac:02010b41cdec/antenna/tag/e28068940000400386621d4f, 96
1652710554.648589, sdrt-health/mac:02010b41cdec/antenna/tag/e2806894000040038662114f, 88
1652710554.685069, sdrt-health/mac:02010b41cdec/antenna/tag/e2806894000040038661f94f, 88
1652710554.74921, sdrt-health/mac:02010b41cdec/antenna/tag/e2806894000050038661fd4f, 83
1652710554.749748, sdrt-health/mac:02010b41cdec/antenna/tag/e2806894000050038662154f, 85
1652710554.765136, sdrt-health/mac:02010b41cdec/antenna/tag/e2806894000040038662054f, 94
1652710554.778448, sdrt-health/mac:02010b41cdec/antenna/tag/e2806894000050038662194f, 83
1652710554.825626, sdrt-health/mac:02010b41cdec/antenna/tag/e28068940000400386621d4f, 96
1652710554.867081, sdrt-health/mac:02010b41cdec/antenna/tag/e28068940000400386621d4f, 96
1652710554.9187, sdrt-health/mac:02010b41cdec/antenna/tag/e2806894000040038662054f, 88
1652710554.964493, sdrt-health/mac:02010b41cdec/antenna/tag/e2806894000040038662054f, 94
1652710555.023139, sdrt-health/mac:02010b41cdec/antenna/tag/e2806894000050038662194f, 83
1652710555.023645, sdrt-health/mac:02010b41cdec/antenna/tag/e2806894000050038662154f, 91
1652710555.035792, sdrt-health/mac:02010b41cdec/antenna/tag/e2806894000050038661fd4f, 83
1652710555.037008, sdrt-health/mac:02010b41cdec/antenna/tag/e2806894000040038662114f, 91
1652710555.037486, sdrt-health/mac:02010b41cdec/antenna/tag/e2806894000050038661fd4f, 86
1652710555.052156, sdrt-health/mac:02010b41cdec/antenna/tag/e28068940000500386620d4f, 82
1652710555.112562, sdrt-health/mac:02010b41cdec/antenna/tag/e2806894000040038661f94f, 110
1652710555.113051, sdrt-health/mac:02010b41cdec/antenna/tag/e28068940000500386620d4f, 94
1652710555.158286, sdrt-health/mac:02010b41cdec/antenna/tag/e2806894000040038661f94f, 83
1652710555.220138, sdrt-health/mac:02010b41cdec/antenna/tag/e28068940000400386621d4f, 96
1652710555.220657, sdrt-health/mac:02010b41cdec/antenna/tag/e2806894000040038661f94f, 94
1652710555.221003, sdrt-health/mac:02010b41cdec/antenna/tag/e2806894000050038662154f, 85
1652710555.237222, sdrt-health/mac:02010b41cdec/antenna/tag/e28068940000500386620d4f, 81
1652710555.255641, sdrt-health/mac:02010b41cdec/antenna/tag/e2806894000050038661fd4f, 97
1652710555.306669, sdrt-health/mac:02010b41cdec/antenna/tag/e2806894000050038662194f, 81
1652710555.349267, sdrt-health/mac:02010b41cdec/antenna/tag/e2806894000040038662114f, 85
1652710555.412033, sdrt-health/mac:02010b41cdec/antenna/tag/e2806894000050038662194f, 81
1652710555.412529, sdrt-health/mac:02010b41cdec/antenna/tag/e28068940000400386621d4f, 77
1652710555.495615, sdrt-health/mac:02010b41cdec/antenna/tag/e2806894000050038662154f, 91
1652710555.56737, sdrt-health/mac:02010b41cdec/antenna/tag/e2806894000050038662194f, 83
1652710555.603515, sdrt-health/mac:02010b41cdec/antenna/tag/e2806894000040038662114f, 88
1652710555.603867, sdrt-health/mac:02010b41cdec/antenna/tag/e2806894000050038662154f, 91
1652710555.619877, sdrt-health/mac:02010b41cdec/antenna/tag/e2806894000050038662154f, 91
1652710555.648903, sdrt-health/mac:02010b41cdec/antenna/tag/e2806894000050038662154f, 97
1652710555.727488, sdrt-health/mac:02010b41cdec/antenna/tag/e28068940000400386621d4f, 96
1652710555.72798, sdrt-health/mac:02010b41cdec/antenna/tag/e2806894000050038662194f, 81
1652710555.766356, sdrt-health/mac:02010b41cdec/antenna/tag/e28068940000400386621d4f, 77
1652710555.766838, sdrt-health/mac:02010b41cdec/antenna/tag/e2806894000050038661fd4f, 83
1652710555.786664, sdrt-health/mac:02010b41cdec/antenna/tag/e28068940000400386621d4f, 77
1652710555.897322, sdrt-health/mac:02010b41cdec/antenna/tag/e2806894000050038662194f, 83
1652710555.897785, sdrt-health/mac:02010b41cdec/antenna/tag/e28068940000500386620d4f, 83
1652710555.926987, sdrt-health/mac:02010b41cdec/antenna/tag/e2806894000040038662054f, 81
1652710555.98696, sdrt-health/mac:02010b41cdec/antenna/tag/e28068940000500386620d4f, 94
1652710555.987514, sdrt-health/mac:02010b41cdec/antenna/tag/e2806894000040038662114f, 91
1652710556.02787, sdrt-health/mac:02010b41cdec/antenna/tag/e2806894000040038662114f, 85
1652710556.143914, sdrt-health/mac:02010b41cdec/antenna/tag/e2806894000040038662114f, 91
1652710556.144392, sdrt-health/mac:02010b41cdec/antenna/tag/e2806894000040038662054f, 94
1652710556.166332, sdrt-health/mac:02010b41cdec/antenna/tag/e28068940000400386621d4f, 96
1652710556.20791, sdrt-health/mac:02010b41cdec/antenna/tag/e2806894000050038662194f, 87
1652710556.268278, sdrt-health/mac:02010b41cdec/antenna/tag/e2806894000040038662054f, 94
1652710556.268761, sdrt-health/mac:02010b41cdec/antenna/tag/e28068940000400386621d4f, 77
1652710556.297261, sdrt-health/mac:02010b41cdec/antenna/tag/e2806894000050038661fd4f, 86
1652710556.328287, sdrt-health/mac:02010b41cdec/antenna/tag/e2806894000050038662194f, 83
1652710556.3287, sdrt-health/mac:02010b41cdec/antenna/tag/e28068940000400386621d4f, 96
1652710556.351484, sdrt-health/mac:02010b41cdec/antenna/tag/e2806894000040038662114f, 85
1652710556.4011, sdrt-health/mac:02010b41cdec/antenna/tag/e2806894000050038662154f, 93
1652710556.401562, sdrt-health/mac:02010b41cdec/antenna/tag/e2806894000040038661f94f, 88
1652710556.426832, sdrt-health/mac:02010b41cdec/antenna/tag/e2806894000050038662154f, 85
1652710556.466623, sdrt-health/mac:02010b41cdec/antenna/tag/e28068940000400386621d4f, 96
1652710556.520109, sdrt-health/mac:02010b41cdec/antenna/tag/e2806894000050038662194f, 83
1652710556.588725, sdrt-health/mac:02010b41cdec/antenna/tag/e2806894000050038662154f, 85
1652710556.589215, sdrt-health/mac:02010b41cdec/antenna/tag/e2806894000050038661fd4f, 83
1652710556.610898, sdrt-health/mac:02010b41cdec/antenna/tag/e2806894000040038662054f, 84
1652710556.626354, sdrt-health/mac:02010b41cdec/antenna/tag/e28068940000400386621d4f, 96
1652710556.68626, sdrt-health/mac:02010b41cdec/antenna/tag/e2806894000050038661fd4f, 83
1652710556.732261, sdrt-health/mac:02010b41cdec/antenna/tag/e2806894000050038662154f, 88
1652710556.775971, sdrt-health/mac:02010b41cdec/antenna/tag/e28068940000500386620d4f, 94
1652710556.836712, sdrt-health/mac:02010b41cdec/antenna/tag/e2806894000050038662154f, 91
1652710556.892328, sdrt-health/mac:02010b41cdec/antenna/tag/e2806894000050038662194f, 81
1652710556.921517, sdrt-health/mac:02010b41cdec/antenna/tag/e28068940000500386620d4f, 94
1652710556.921836, sdrt-health/mac:02010b41cdec/antenna/tag/e2806894000040038662114f, 91
1652710556.945278, sdrt-health/mac:02010b41cdec/antenna/tag/e2806894000040038662114f, 88
1652710556.977386, sdrt-health/mac:02010b41cdec/antenna/tag/e28068940000400386621d4f, 77
1652710556.97783, sdrt-health/mac:02010b41cdec/antenna/tag/e28068940000500386620d4f, 94
1652710557.044551, sdrt-health/mac:02010b41cdec/antenna/tag/e2806894000050038661fd4f, 83
1652710557.096648, sdrt-health/mac:02010b41cdec/antenna/tag/e2806894000050038661fd4f, 86
1652710557.125622, sdrt-health/mac:02010b41cdec/antenna/tag/e2806894000050038662194f, 87
1652710557.125993, sdrt-health/mac:02010b41cdec/antenna/tag/e2806894000040038662054f, 83
1652710557.154861, sdrt-health/mac:02010b41cdec/antenna/tag/e28068940000400386621d4f, 96
1652710557.316694, sdrt-health/mac:02010b41cdec/antenna/tag/e28068940000500386620d4f, 94
1652710557.364842, sdrt-health/mac:02010b41cdec/antenna/tag/e2806894000050038662154f, 85
1652710557.36537, sdrt-health/mac:02010b41cdec/antenna/tag/e2806894000040038662114f, 88
1652710557.385144, sdrt-health/mac:02010b41cdec/antenna/tag/e2806894000050038662194f, 81
1652710557.406561, sdrt-health/mac:02010b41cdec/antenna/tag/e2806894000050038661fd4f, 83
1652710557.469596, sdrt-health/mac:02010b41cdec/antenna/tag/e28068940000400386621d4f, 96
1652710557.470111, sdrt-health/mac:02010b41cdec/antenna/tag/e2806894000040038662114f, 88
1652710557.484381, sdrt-health/mac:02010b41cdec/antenna/tag/e2806894000040038662054f, 94
1652710557.50524, sdrt-health/mac:02010b41cdec/antenna/tag/e28068940000400386621d4f, 96
1652710557.533106, sdrt-health/mac:02010b41cdec/antenna/tag/e28068940000400386621d4f, 96
1652710557.533507, sdrt-health/mac:02010b41cdec/antenna/tag/e2806894000040038662114f, 88
1652710557.555912, sdrt-health/mac:02010b41cdec/antenna/tag/e2806894000040038662054f, 83
1652710557.604286, sdrt-health/mac:02010b41cdec/antenna/tag/e2806894000050038662154f, 91
1652710557.663254, sdrt-health/mac:02010b41cdec/antenna/tag/e2806894000040038662114f, 91
1652710557.663571, sdrt-health/mac:02010b41cdec/antenna/tag/e28068940000500386620d4f, 81
1652710557.699271, sdrt-health/mac:02010b41cdec/antenna/tag/e2806894000040038661f94f, 84
1652710557.823162, sdrt-health/mac:02010b41cdec/antenna/tag/e28068940000400386621d4f, 96
1652710557.823664, sdrt-health/mac:02010b41cdec/antenna/tag/e28068940000500386620d4f, 88
1652710557.823995, sdrt-health/mac:02010b41cdec/antenna/tag/e2806894000040038662054f, 94
1652710557.824332, sdrt-health/mac:02010b41cdec/antenna/tag/e2806894000050038662154f, 88
1652710557.824718, sdrt-health/mac:02010b41cdec/antenna/tag/e2806894000040038662114f, 88
1652710557.880104, sdrt-health/mac:02010b41cdec/antenna/tag/e2806894000040038661f94f, 82
1652710557.912075, sdrt-health/mac:02010b41cdec/antenna/tag/e28068940000400386621d4f, 96
1652710557.912431, sdrt-health/mac:02010b41cdec/antenna/tag/e28068940000500386620d4f, 83
1652710557.912753, sdrt-health/mac:02010b41cdec/antenna/tag/e2806894000040038661f94f, 94
1652710557.913013, sdrt-health/mac:02010b41cdec/antenna/tag/e28068940000400386621d4f, 96
1652710557.92478, sdrt-health/mac:02010b41cdec/antenna/tag/e2806894000040038662114f, 88
1652710557.972954, sdrt-health/mac:02010b41cdec/antenna/tag/e2806894000050038662194f, 83
1652710558.029292, sdrt-health/mac:02010b41cdec/antenna/tag/e28068940000500386620d4f, 81
1652710558.029757, sdrt-health/mac:02010b41cdec/antenna/tag/e2806894000050038662194f, 83
1652710558.044247, sdrt-health/mac:02010b41cdec/antenna/tag/e2806894000050038661fd4f, 86
1652710558.084396, sdrt-health/mac:02010b41cdec/antenna/tag/e28068940000400386621d4f, 96
1652710558.08466, sdrt-health/mac:02010b41cdec/antenna/tag/e2806894000040038662114f, 88
1652710558.126814, sdrt-health/mac:02010b41cdec/antenna/tag/e2806894000050038662194f, 94
1652710558.183779, sdrt-health/mac:02010b41cdec/antenna/tag/e2806894000040038662114f, 88
1652710558.250467, sdrt-health/mac:02010b41cdec/antenna/tag/e2806894000050038662194f, 83
1652710558.298748, sdrt-health/mac:02010b41cdec/antenna/tag/e2806894000050038662194f, 83
1652710558.348189, sdrt-health/mac:02010b41cdec/antenna/tag/e28068940000400386621d4f, 96
1652710558.384816, sdrt-health/mac:02010b41cdec/antenna/tag/e2806894000040038662114f, 88
1652710558.385271, sdrt-health/mac:02010b41cdec/antenna/tag/e2806894000050038662194f, 83
1652710558.385568, sdrt-health/mac:02010b41cdec/antenna/tag/e28068940000400386621d4f, 96
1652710558.398342, sdrt-health/mac:02010b41cdec/antenna/tag/e2806894000050038661fd4f, 86
1652710558.39861, sdrt-health/mac:02010b41cdec/antenna/tag/e2806894000050038662154f, 97
1652710558.471577, sdrt-health/mac:02010b41cdec/antenna/tag/e2806894000050038662194f, 87
1652710558.522833, sdrt-health/mac:02010b41cdec/antenna/tag/e28068940000400386621d4f, 96
1652710558.536817, sdrt-health/mac:02010b41cdec/antenna/tag/e2806894000040038662114f, 97
1652710558.574627, sdrt-health/mac:02010b41cdec/antenna/tag/e2806894000040038662054f, 94
1652710558.587902, sdrt-health/mac:02010b41cdec/antenna/tag/e2806894000040038662114f, 91
1652710558.588354, sdrt-health/mac:02010b41cdec/antenna/tag/e2806894000040038662114f, 91
1652710558.616386, sdrt-health/mac:02010b41cdec/antenna/tag/e28068940000400386621d4f, 77
1652710558.690894, sdrt-health/mac:02010b41cdec/antenna/tag/e28068940000400386621d4f, 96
1652710558.691389, sdrt-health/mac:02010b41cdec/antenna/tag/e2806894000050038662154f, 97
1652710558.691769, sdrt-health/mac:02010b41cdec/antenna/tag/e2806894000050038662154f, 91
1652710558.733283, sdrt-health/mac:02010b41cdec/antenna/tag/e2806894000050038661fd4f, 86
1652710558.807101, sdrt-health/mac:02010b41cdec/antenna/tag/e2806894000040038662114f, 88
1652710558.807552, sdrt-health/mac:02010b41cdec/antenna/tag/e2806894000050038662194f, 88
1652710558.807886, sdrt-health/mac:02010b41cdec/antenna/tag/e2806894000050038662194f, 94
1652710558.808241, sdrt-health/mac:02010b41cdec/antenna/tag/e28068940000400386621d4f, 77
1652710558.836875, sdrt-health/mac:02010b41cdec/antenna/tag/e28068940000500386620d4f, 81
1652710558.891962, sdrt-health/mac:02010b41cdec/antenna/tag/e28068940000400386621d4f, 96
1652710558.947331, sdrt-health/mac:02010b41cdec/antenna/tag/e28068940000400386621d4f, 96
1652710558.987578, sdrt-health/mac:02010b41cdec/antenna/tag/e2806894000040038662114f, 88
1652710559.027648, sdrt-health/mac:02010b41cdec/antenna/tag/e2806894000050038662194f, 94
1652710559.110805, sdrt-health/mac:02010b41cdec/antenna/tag/e28068940000400386621d4f, 77
1652710559.11127, sdrt-health/mac:02010b41cdec/antenna/tag/e28068940000400386621d4f, 96
1652710559.16053, sdrt-health/mac:02010b41cdec/antenna/tag/e28068940000500386620d4f, 94
1652710559.207855, sdrt-health/mac:02010b41cdec/antenna/tag/e28068940000400386621d4f, 96
1652710559.208346, sdrt-health/mac:02010b41cdec/antenna/tag/e28068940000500386620d4f, 81
1652710559.220615, sdrt-health/mac:02010b41cdec/antenna/tag/e28068940000400386621d4f, 96
1652710559.220971, sdrt-health/mac:02010b41cdec/antenna/tag/e2806894000040038662114f, 88
1652710559.26608, sdrt-health/mac:02010b41cdec/antenna/tag/e2806894000050038662194f, 88
1652710559.320276, sdrt-health/mac:02010b41cdec/antenna/tag/e2806894000040038662114f, 88
1652710559.320799, sdrt-health/mac:02010b41cdec/antenna/tag/e28068940000400386621d4f, 77
1652710559.33384, sdrt-health/mac:02010b41cdec/antenna/tag/e2806894000040038662114f, 88
1652710559.346125, sdrt-health/mac:02010b41cdec/antenna/tag/e2806894000040038662114f, 88
1652710559.394667, sdrt-health/mac:02010b41cdec/antenna/tag/e2806894000050038662194f, 81
1652710559.445594, sdrt-health/mac:02010b41cdec/antenna/tag/e28068940000400386621d4f, 96
1652710559.509733, sdrt-health/mac:02010b41cdec/antenna/tag/e2806894000050038661fd4f, 86
1652710559.510141, sdrt-health/mac:02010b41cdec/antenna/tag/e2806894000050038661fd4f, 86
1652710559.510439, sdrt-health/mac:02010b41cdec/antenna/tag/e28068940000400386621d4f, 77
1652710559.51217, sdrt-health/mac:02010b41cdec/antenna/tag/e2806894000040038662114f, 88
1652710559.551502, sdrt-health/mac:02010b41cdec/antenna/tag/e28068940000400386621d4f, 96
1652710559.620175, sdrt-health/mac:02010b41cdec/antenna/tag/e2806894000050038661fd4f, 86
1652710559.620648, sdrt-health/mac:02010b41cdec/antenna/tag/e2806894000050038662194f, 81
1652710559.654551, sdrt-health/mac:02010b41cdec/antenna/tag/e2806894000050038661fd4f, 86
1652710559.720786, sdrt-health/mac:02010b41cdec/antenna/tag/e2806894000050038662194f, 81
1652710559.721462, sdrt-health/mac:02010b41cdec/antenna/tag/e2806894000050038662194f, 81
1652710559.771149, sdrt-health/mac:02010b41cdec/antenna/tag/e2806894000040038662214f, 94
1652710559.800857, sdrt-health/mac:02010b41cdec/antenna/tag/e2806894000050038661fd4f, 83
1652710559.801263, sdrt-health/mac:02010b41cdec/antenna/tag/e28068940000500386620d4f, 88
1652710559.817735, sdrt-health/mac:02010b41cdec/antenna/tag/e2806894000050038662194f, 84
1652710559.846525, sdrt-health/mac:02010b41cdec/antenna/tag/e2806894000050038661fd4f, 83
1652710559.846836, sdrt-health/mac:02010b41cdec/antenna/tag/e2806894000040038662114f, 85
1652710559.847058, sdrt-health/mac:02010b41cdec/antenna/tag/e2806894000040038661f94f, 82
1652710559.866765, sdrt-health/mac:02010b41cdec/antenna/tag/e2806894000050038661fd4f, 83
1652710559.921618, sdrt-health/mac:02010b41cdec/antenna/tag/e2806894000040038662114f, 88
1652710559.922057, sdrt-health/mac:02010b41cdec/antenna/tag/e2806894000050038661fd4f, 86
1652710559.947217, sdrt-health/mac:02010b41cdec/antenna/tag/e2806894000040038662114f, 91
1652710559.978267, sdrt-health/mac:02010b41cdec/antenna/tag/e2806894000050038661fd4f, 86
1652710559.978616, sdrt-health/mac:02010b41cdec/antenna/tag/e2806894000040038662114f, 88
1652710560.012503, sdrt-health/mac:02010b41cdec/antenna/tag/e2806894000050038661fd4f, 86
1652710560.07053, sdrt-health/mac:02010b41cdec/antenna/tag/e2806894000040038662054f, 81
1652710560.104414, sdrt-health/mac:02010b41cdec/antenna/tag/e2806894000050038662194f, 87
1652710560.104766, sdrt-health/mac:02010b41cdec/antenna/tag/e2806894000050038662154f, 91
1652710560.137432, sdrt-health/mac:02010b41cdec/antenna/tag/e28068940000400386621d4f, 96
1652710560.187047, sdrt-health/mac:02010b41cdec/antenna/tag/e2806894000050038662194f, 87
1652710560.268354, sdrt-health/mac:02010b41cdec/antenna/tag/e2806894000050038662154f, 88
1652710560.268852, sdrt-health/mac:02010b41cdec/antenna/tag/e28068940000400386621d4f, 96
1652710560.282739, sdrt-health/mac:02010b41cdec/antenna/tag/e2806894000050038662194f, 93
1652710560.28322, sdrt-health/mac:02010b41cdec/antenna/tag/e2806894000050038662154f, 91
1652710560.302204, sdrt-health/mac:02010b41cdec/antenna/tag/e2806894000050038662154f, 88
1652710560.338432, sdrt-health/mac:02010b41cdec/antenna/tag/e2806894000050038661fd4f, 83
1652710560.346835, sdrt-health/mac:02010b41cdec/antenna/tag/e2806894000040038662114f, 88
1652710560.354383, sdrt-health/mac:02010b41cdec/antenna/tag/e2806894000050038662154f, 85
1652710560.411121, sdrt-health/mac:02010b41cdec/antenna/tag/e2806894000050038662194f, 93
1652710560.465017, sdrt-health/mac:02010b41cdec/antenna/tag/e2806894000050038662154f, 91
1652710560.517536, sdrt-health/mac:02010b41cdec/antenna/tag/e2806894000050038662154f, 83
1652710560.518089, sdrt-health/mac:02010b41cdec/antenna/tag/e2806894000050038661fd4f, 86
1652710560.534886, sdrt-health/mac:02010b41cdec/antenna/tag/e2806894000050038661fd4f, 83
1652710560.535411, sdrt-health/mac:02010b41cdec/antenna/tag/e2806894000050038662154f, 91
1652710560.562837, sdrt-health/mac:02010b41cdec/antenna/tag/e28068940000400386621d4f, 96
1652710560.626041, sdrt-health/mac:02010b41cdec/antenna/tag/e2806894000040038662114f, 88
1652710560.626523, sdrt-health/mac:02010b41cdec/antenna/tag/e28068940000400386621d4f, 96
1652710560.62693, sdrt-health/mac:02010b41cdec/antenna/tag/e2806894000050038662154f, 91
1652710560.654379, sdrt-health/mac:02010b41cdec/antenna/tag/e2806894000050038662154f, 85
1652710560.705608, sdrt-health/mac:02010b41cdec/antenna/tag/e2806894000040038661f94f, 81
1652710560.767788, sdrt-health/mac:02010b41cdec/antenna/tag/e28068940000500386620d4f, 94
1652710560.7685, sdrt-health/mac:02010b41cdec/antenna/tag/e2806894000040038661f94f, 88
1652710561.135511, sdrt-health/mac:02010b41cdec/antenna/tag/e2806894000040038662114f, 91
1652710561.164467, sdrt-health/mac:02010b41cdec/antenna/tag/e2806894000050038662194f, 83
1652710561.164866, sdrt-health/mac:02010b41cdec/antenna/tag/e28068940000400386621d4f, 96
1652710561.17839, sdrt-health/mac:02010b41cdec/antenna/tag/e2806894000050038662154f, 91
1652710561.178587, sdrt-health/mac:02010b41cdec/antenna/tag/e2806894000050038661fd4f, 86
1652710561.178713, sdrt-health/mac:02010b41cdec/antenna/tag/e2806894000040038662114f, 88
1652710561.178834, sdrt-health/mac:02010b41cdec/antenna/tag/e2806894000040038662114f, 88
1652710561.178919, sdrt-health/mac:02010b41cdec/antenna/tag/e28068940000400386621d4f, 96
1652710561.179035, sdrt-health/mac:02010b41cdec/antenna/tag/e2806894000040038662114f, 91
1652710561.179142, sdrt-health/mac:02010b41cdec/antenna/tag/e2806894000050038662194f, 87
1652710561.179249, sdrt-health/mac:02010b41cdec/antenna/tag/e2806894000050038662194f, 81
1652710561.179358, sdrt-health/mac:02010b41cdec/antenna/tag/e28068940000400386621d4f, 96
1652710561.179533, sdrt-health/mac:02010b41cdec/antenna/tag/e2806894000050038662154f, 91
1652710561.179657, sdrt-health/mac:02010b41cdec/antenna/tag/e2806894000050038662154f, 91
1652710561.228774, sdrt-health/mac:02010b41cdec/antenna/tag/e2806894000050038662194f, 87
1652710561.257356, sdrt-health/mac:02010b41cdec/antenna/tag/e28068940000400386621d4f, 96
1652710561.257869, sdrt-health/mac:02010b41cdec/antenna/tag/e2806894000050038662194f, 85
1652710561.258178, sdrt-health/mac:02010b41cdec/antenna/tag/e2806894000050038661fd4f, 86
1652710561.258435, sdrt-health/mac:02010b41cdec/antenna/tag/e28068940000400386621d4f, 96
1652710561.258688, sdrt-health/mac:02010b41cdec/antenna/tag/e28068940000500386620d4f, 81
1652710561.258942, sdrt-health/mac:02010b41cdec/antenna/tag/e2806894000040038662114f, 85
1652710561.286569, sdrt-health/mac:02010b41cdec/antenna/tag/e28068940000500386620d4f, 81
1652710561.317159, sdrt-health/mac:02010b41cdec/antenna/tag/e2806894000040038662054f, 94
1652710561.317495, sdrt-health/mac:02010b41cdec/antenna/tag/e2806894000050038662154f, 88
1652710561.330663, sdrt-health/mac:02010b41cdec/antenna/tag/e2806894000050038662194f, 83
1652710561.330868, sdrt-health/mac:02010b41cdec/antenna/tag/e2806894000040038662114f, 88
1652710561.372971, sdrt-health/mac:02010b41cdec/antenna/tag/e2806894000050038662154f, 91
1652710561.467605, sdrt-health/mac:02010b41cdec/antenna/tag/e2806894000050038662154f, 91
1652710561.549469, sdrt-health/mac:02010b41cdec/antenna/tag/e2806894000050038662194f, 83
1652710561.614107, sdrt-health/mac:02010b41cdec/antenna/tag/e2806894000040038662054f, 84
1652710561.614575, sdrt-health/mac:02010b41cdec/antenna/tag/e2806894000040038661f94f, 84
1652710561.628921, sdrt-health/mac:02010b41cdec/antenna/tag/e2806894000050038661fd4f, 91
1652710561.629365, sdrt-health/mac:02010b41cdec/antenna/tag/e28068940000400386621d4f, 96
1652710561.69343, sdrt-health/mac:02010b41cdec/antenna/tag/e28068940000500386620d4f, 88
1652710561.761176, sdrt-health/mac:02010b41cdec/antenna/tag/e2806894000050038662194f, 83
1652710561.79094, sdrt-health/mac:02010b41cdec/antenna/tag/e2806894000050038661fd4f, 83
1652710561.830915, sdrt-health/mac:02010b41cdec/antenna/tag/e2806894000050038662194f, 83
1652710561.884565, sdrt-health/mac:02010b41cdec/antenna/tag/e2806894000050038662154f, 97
1652710561.885035, sdrt-health/mac:02010b41cdec/antenna/tag/e2806894000050038662194f, 94
1652710561.908423, sdrt-health/mac:02010b41cdec/antenna/tag/e2806894000050038662194f, 83
1652710561.909053, sdrt-health/mac:02010b41cdec/antenna/tag/e28068940000400386621d4f, 77
1652710561.963583, sdrt-health/mac:02010b41cdec/antenna/tag/e2806894000050038661fd4f, 86
1652710562.006111, sdrt-health/mac:02010b41cdec/antenna/tag/e2806894000050038662154f, 91
1652710562.056575, sdrt-health/mac:02010b41cdec/antenna/tag/e2806894000050038662194f, 88
1652710562.153114, sdrt-health/mac:02010b41cdec/antenna/tag/e2806894000040038662114f, 88
1652710562.153595, sdrt-health/mac:02010b41cdec/antenna/tag/e2806894000050038661fd4f, 90
1652710562.167857, sdrt-health/mac:02010b41cdec/antenna/tag/e2806894000040038662114f, 91
1652710562.168448, sdrt-health/mac:02010b41cdec/antenna/tag/e2806894000050038662194f, 87
1652710562.168742, sdrt-health/mac:02010b41cdec/antenna/tag/e2806894000050038662194f, 93
1652710562.16898, sdrt-health/mac:02010b41cdec/antenna/tag/e2806894000040038662114f, 97
1652710562.186387, sdrt-health/mac:02010b41cdec/antenna/tag/e2806894000050038661fd4f, 86
1652710562.231186, sdrt-health/mac:02010b41cdec/antenna/tag/e28068940000500386620d4f, 103
1652710562.231572, sdrt-health/mac:02010b41cdec/antenna/tag/e2806894000050038662194f, 81
1652710562.270069, sdrt-health/mac:02010b41cdec/antenna/tag/e28068940000500386620d4f, 81
1652710562.309397, sdrt-health/mac:02010b41cdec/antenna/tag/e2806894000050038662194f, 83
1652710562.35655, sdrt-health/mac:02010b41cdec/antenna/tag/e28068940000400386621d4f, 96
1652710562.425536, sdrt-health/mac:02010b41cdec/antenna/tag/e2806894000050038662194f, 87
1652710562.425993, sdrt-health/mac:02010b41cdec/antenna/tag/e2806894000040038662114f, 88
1652710562.455918, sdrt-health/mac:02010b41cdec/antenna/tag/e28068940000400386621d4f, 96
1652710562.525933, sdrt-health/mac:02010b41cdec/antenna/tag/e2806894000050038661fd4f, 86
1652710562.526446, sdrt-health/mac:02010b41cdec/antenna/tag/e2806894000050038662154f, 91
1652710562.54804, sdrt-health/mac:02010b41cdec/antenna/tag/e28068940000400386621d4f, 96
1652710562.586587, sdrt-health/mac:02010b41cdec/antenna/tag/e28068940000400386621d4f, 96
1652710562.586913, sdrt-health/mac:02010b41cdec/antenna/tag/e2806894000050038662154f, 97
1652710562.587259, sdrt-health/mac:02010b41cdec/antenna/tag/e28068940000400386621d4f, 96
1652710562.612592, sdrt-health/mac:02010b41cdec/antenna/tag/e2806894000050038662154f, 88
1652710562.649406, sdrt-health/mac:02010b41cdec/antenna/tag/e28068940000400386621d4f, 96
1652710562.707373, sdrt-health/mac:02010b41cdec/antenna/tag/e2806894000040038662054f, 88
1652710562.707948, sdrt-health/mac:02010b41cdec/antenna/tag/e28068940000400386621d4f, 96
1652710562.741209, sdrt-health/mac:02010b41cdec/antenna/tag/e2806894000050038662154f, 83
1652710562.778958, sdrt-health/mac:02010b41cdec/antenna/tag/e2806894000040038662114f, 85
1652710562.820812, sdrt-health/mac:02010b41cdec/antenna/tag/e28068940000400386621d4f, 77
1652710562.821458, sdrt-health/mac:02010b41cdec/antenna/tag/e2806894000040038662114f, 91
1652710562.838996, sdrt-health/mac:02010b41cdec/antenna/tag/e28068940000400386621d4f, 90
1652710562.873502, sdrt-health/mac:02010b41cdec/antenna/tag/e28068940000500386620d4f, 94
1652710562.909736, sdrt-health/mac:02010b41cdec/antenna/tag/e2806894000050038662194f, 94
1652710562.980282, sdrt-health/mac:02010b41cdec/antenna/tag/e2806894000050038662154f, 85
1652710562.980795, sdrt-health/mac:02010b41cdec/antenna/tag/e2806894000050038662194f, 82
1652710563.044297, sdrt-health/mac:02010b41cdec/antenna/tag/e2806894000050038661fd4f, 83
1652710563.044832, sdrt-health/mac:02010b41cdec/antenna/tag/e2806894000040038662054f, 88
1652710563.067514, sdrt-health/mac:02010b41cdec/antenna/tag/e2806894000050038661fd4f, 83
1652710563.099809, sdrt-health/mac:02010b41cdec/antenna/tag/e2806894000050038662154f, 85
1652710563.100156, sdrt-health/mac:02010b41cdec/antenna/tag/e28068940000400386621d4f, 96
1652710563.10039, sdrt-health/mac:02010b41cdec/antenna/tag/e2806894000040038662054f, 94
1652710563.119236, sdrt-health/mac:02010b41cdec/antenna/tag/e28068940000400386621d4f, 96
1652710563.119569, sdrt-health/mac:02010b41cdec/antenna/tag/e2806894000050038662154f, 88
1652710563.161278, sdrt-health/mac:02010b41cdec/antenna/tag/e2806894000040038662114f, 88
1652710563.22584, sdrt-health/mac:02010b41cdec/antenna/tag/e2806894000050038662194f, 88
1652710563.226294, sdrt-health/mac:02010b41cdec/antenna/tag/e2806894000040038662114f, 88
1652710563.22671, sdrt-health/mac:02010b41cdec/antenna/tag/e2806894000040038661f94f, 88
1652710563.243035, sdrt-health/mac:02010b41cdec/antenna/tag/e2806894000040038661f94f, 88
1652710563.266211, sdrt-health/mac:02010b41cdec/antenna/tag/e2806894000050038662194f, 85
1652710563.310091, sdrt-health/mac:02010b41cdec/antenna/tag/e28068940000500386620d4f, 81
1652710563.370703, sdrt-health/mac:02010b41cdec/antenna/tag/e2806894000050038662154f, 85
1652710563.371393, sdrt-health/mac:02010b41cdec/antenna/tag/e2806894000050038662194f, 87
1652710563.371829, sdrt-health/mac:02010b41cdec/antenna/tag/e2806894000050038661fd4f, 86
1652710563.372165, sdrt-health/mac:02010b41cdec/antenna/tag/e2806894000050038662154f, 88
1652710563.372578, sdrt-health/mac:02010b41cdec/antenna/tag/e2806894000050038661fd4f, 86
1652710563.399855, sdrt-health/mac:02010b41cdec/antenna/tag/e2806894000050038662194f, 81
1652710563.482483, sdrt-health/mac:02010b41cdec/antenna/tag/e28068940000400386621d4f, 77
1652710563.482949, sdrt-health/mac:02010b41cdec/antenna/tag/e2806894000050038662194f, 81
1652710563.505656, sdrt-health/mac:02010b41cdec/antenna/tag/e2806894000040038662054f, 94
1652710563.562743, sdrt-health/mac:02010b41cdec/antenna/tag/e28068940000400386621d4f, 96
1652710563.6253, sdrt-health/mac:02010b41cdec/antenna/tag/e2806894000040038662054f, 94
1652710563.625767, sdrt-health/mac:02010b41cdec/antenna/tag/e28068940000400386621d4f, 96
1652710563.638617, sdrt-health/mac:02010b41cdec/antenna/tag/e2806894000050038662154f, 91
1652710563.669128, sdrt-health/mac:02010b41cdec/antenna/tag/e2806894000040038662114f, 88
1652710563.669463, sdrt-health/mac:02010b41cdec/antenna/tag/e2806894000050038662194f, 93
1652710563.715884, sdrt-health/mac:02010b41cdec/antenna/tag/e2806894000050038661fd4f, 86
1652710563.754105, sdrt-health/mac:02010b41cdec/antenna/tag/e2806894000040038662054f, 88
1652710563.754589, sdrt-health/mac:02010b41cdec/antenna/tag/e2806894000050038662194f, 83
1652710563.75488, sdrt-health/mac:02010b41cdec/antenna/tag/e2806894000050038661fd4f, 86
1652710563.775787, sdrt-health/mac:02010b41cdec/antenna/tag/e2806894000050038662154f, 91
1652710563.808139, sdrt-health/mac:02010b41cdec/antenna/tag/e2806894000040038662114f, 85
1652710563.905314, sdrt-health/mac:02010b41cdec/antenna/tag/e2806894000040038662054f, 83
1652710563.967589, sdrt-health/mac:02010b41cdec/antenna/tag/e2806894000050038662154f, 91
1652710563.967958, sdrt-health/mac:02010b41cdec/antenna/tag/e2806894000050038662154f, 97
1652710563.983283, sdrt-health/mac:02010b41cdec/antenna/tag/e2806894000050038662194f, 83
1652710564.011572, sdrt-health/mac:02010b41cdec/antenna/tag/e2806894000040038662054f, 81
1652710564.06602, sdrt-health/mac:02010b41cdec/antenna/tag/e2806894000040038662114f, 97
1652710564.193895, sdrt-health/mac:02010b41cdec/antenna/tag/e2806894000050038662154f, 91
1652710564.194373, sdrt-health/mac:02010b41cdec/antenna/tag/e2806894000040038662114f, 91
1652710564.194712, sdrt-health/mac:02010b41cdec/antenna/tag/e2806894000040038662114f, 88
1652710564.195062, sdrt-health/mac:02010b41cdec/antenna/tag/e28068940000400386621d4f, 96
1652710564.225418, sdrt-health/mac:02010b41cdec/antenna/tag/e28068940000500386620d4f, 81
1652710564.27273, sdrt-health/mac:02010b41cdec/antenna/tag/e2806894000040038662054f, 94
1652710564.325892, sdrt-health/mac:02010b41cdec/antenna/tag/e2806894000050038662194f, 83
1652710564.391601, sdrt-health/mac:02010b41cdec/antenna/tag/e2806894000040038662114f, 88
1652710564.392106, sdrt-health/mac:02010b41cdec/antenna/tag/e2806894000050038662154f, 88
1652710564.392444, sdrt-health/mac:02010b41cdec/antenna/tag/e2806894000040038662054f, 82
1652710564.468828, sdrt-health/mac:02010b41cdec/antenna/tag/e2806894000050038662154f, 85
1652710564.615616, sdrt-health/mac:02010b41cdec/antenna/tag/e2806894000050038662194f, 83
1652710564.616106, sdrt-health/mac:02010b41cdec/antenna/tag/e2806894000040038661f94f, 110
1652710564.616526, sdrt-health/mac:02010b41cdec/antenna/tag/e2806894000040038662114f, 88
1652710564.61698, sdrt-health/mac:02010b41cdec/antenna/tag/e2806894000050038662194f, 81
1652710564.626792, sdrt-health/mac:02010b41cdec/antenna/tag/e28068940000400386621d4f, 77
1652710564.667016, sdrt-health/mac:02010b41cdec/antenna/tag/e2806894000040038662114f, 88
1652710564.706814, sdrt-health/mac:02010b41cdec/antenna/tag/e2806894000050038662194f, 87
1652710564.748284, sdrt-health/mac:02010b41cdec/antenna/tag/e2806894000050038662154f, 85
1652710564.806306, sdrt-health/mac:02010b41cdec/antenna/tag/e2806894000050038661fd4f, 86
1652710564.806703, sdrt-health/mac:02010b41cdec/antenna/tag/e28068940000500386620d4f, 88
1652710564.833646, sdrt-health/mac:02010b41cdec/antenna/tag/e2806894000050038662154f, 85
1652710564.833953, sdrt-health/mac:02010b41cdec/antenna/tag/e28068940000400386621d4f, 96
1652710564.834179, sdrt-health/mac:02010b41cdec/antenna/tag/e2806894000050038662194f, 87
1652710564.885859, sdrt-health/mac:02010b41cdec/antenna/tag/e2806894000050038662194f, 83
1652710564.926629, sdrt-health/mac:02010b41cdec/antenna/tag/e2806894000040038662114f, 91
1652710564.984666, sdrt-health/mac:02010b41cdec/antenna/tag/e2806894000040038662114f, 91
1652710565.067949, sdrt-health/mac:02010b41cdec/antenna/tag/e28068940000500386620d4f, 81
1652710565.137287, sdrt-health/mac:02010b41cdec/antenna/tag/e28068940000400386621d4f, 77
1652710565.180816, sdrt-health/mac:02010b41cdec/antenna/tag/e2806894000050038661fd4f, 86
1652710565.252132, sdrt-health/mac:02010b41cdec/antenna/tag/e2806894000050038662194f, 93
1652710565.253582, sdrt-health/mac:02010b41cdec/antenna/tag/e2806894000040038662114f, 88
1652710565.326385, sdrt-health/mac:02010b41cdec/antenna/tag/e2806894000050038661fd4f, 86
1652710565.361042, sdrt-health/mac:02010b41cdec/antenna/tag/e2806894000040038662114f, 88
1652710565.361355, sdrt-health/mac:02010b41cdec/antenna/tag/e2806894000050038661fd4f, 83
1652710565.374437, sdrt-health/mac:02010b41cdec/antenna/tag/e28068940000400386621d4f, 96
1652710565.424859, sdrt-health/mac:02010b41cdec/antenna/tag/e2806894000050038661fd4f, 83
1652710565.484313, sdrt-health/mac:02010b41cdec/antenna/tag/e2806894000040038662114f, 88
1652710565.484538, sdrt-health/mac:02010b41cdec/antenna/tag/e2806894000050038661fd4f, 83
1652710565.50636, sdrt-health/mac:02010b41cdec/antenna/tag/e2806894000050038661fd4f, 86
1652710565.562049, sdrt-health/mac:02010b41cdec/antenna/tag/e28068940000400386621d4f, 96
1652710565.562507, sdrt-health/mac:02010b41cdec/antenna/tag/e2806894000050038662194f, 88
1652710565.576625, sdrt-health/mac:02010b41cdec/antenna/tag/e2806894000040038662114f, 88
1652710565.576846, sdrt-health/mac:02010b41cdec/antenna/tag/e2806894000050038662154f, 91
1652710565.589944, sdrt-health/mac:02010b41cdec/antenna/tag/e2806894000040038662114f, 91
1652710565.629657, sdrt-health/mac:02010b41cdec/antenna/tag/e2806894000050038662154f, 88
1652710565.692998, sdrt-health/mac:02010b41cdec/antenna/tag/e28068940000400386621d4f, 96
1652710565.69358, sdrt-health/mac:02010b41cdec/antenna/tag/e2806894000050038662194f, 87
1652710565.729197, sdrt-health/mac:02010b41cdec/antenna/tag/e2806894000040038662114f, 97
1652710565.784006, sdrt-health/mac:02010b41cdec/antenna/tag/e28068940000400386621d4f, 77
1652710565.844892, sdrt-health/mac:02010b41cdec/antenna/tag/e2806894000050038662154f, 91
1652710565.845419, sdrt-health/mac:02010b41cdec/antenna/tag/e28068940000400386621d4f, 96
1652710565.865575, sdrt-health/mac:02010b41cdec/antenna/tag/e2806894000050038662154f, 91
1652710565.905443, sdrt-health/mac:02010b41cdec/antenna/tag/e2806894000050038662194f, 83
1652710565.907205, sdrt-health/mac:02010b41cdec/antenna/tag/e28068940000400386621d4f, 96
1652710565.946147, sdrt-health/mac:02010b41cdec/antenna/tag/e2806894000040038662114f, 91
1652710565.987035, sdrt-health/mac:02010b41cdec/antenna/tag/e2806894000050038662154f, 88
1652710566.026818, sdrt-health/mac:02010b41cdec/antenna/tag/e2806894000050038661fd4f, 86
1652710566.085476, sdrt-health/mac:02010b41cdec/antenna/tag/e2806894000040038662114f, 88
1652710566.116007, sdrt-health/mac:02010b41cdec/antenna/tag/e2806894000050038661fd4f, 86
1652710566.116469, sdrt-health/mac:02010b41cdec/antenna/tag/e2806894000050038662194f, 81
1652710566.131139, sdrt-health/mac:02010b41cdec/antenna/tag/e2806894000050038662194f, 88
1652710566.131673, sdrt-health/mac:02010b41cdec/antenna/tag/e28068940000400386621d4f, 77
1652710566.172863, sdrt-health/mac:02010b41cdec/antenna/tag/e2806894000050038662194f, 83
1652710566.224556, sdrt-health/mac:02010b41cdec/antenna/tag/e2806894000050038662194f, 94
1652710566.288191, sdrt-health/mac:02010b41cdec/antenna/tag/e2806894000040038661f94f, 83
1652710566.321772, sdrt-health/mac:02010b41cdec/antenna/tag/e2806894000040038662214f, 83
1652710566.322547, sdrt-health/mac:02010b41cdec/antenna/tag/e28068940000400386621d4f, 96
1652710566.335823, sdrt-health/mac:02010b41cdec/antenna/tag/e2806894000050038662154f, 88
1652710566.336116, sdrt-health/mac:02010b41cdec/antenna/tag/e2806894000050038661fd4f, 97
1652710566.36665, sdrt-health/mac:02010b41cdec/antenna/tag/e2806894000050038662194f, 88
1652710566.414061, sdrt-health/mac:02010b41cdec/antenna/tag/e2806894000050038662154f, 91
1652710566.457437, sdrt-health/mac:02010b41cdec/antenna/tag/e2806894000040038662114f, 88
1652710566.534434, sdrt-health/mac:02010b41cdec/antenna/tag/e2806894000050038662194f, 81
1652710566.5349, sdrt-health/mac:02010b41cdec/antenna/tag/e2806894000050038662194f, 85
1652710566.549437, sdrt-health/mac:02010b41cdec/antenna/tag/e2806894000040038662114f, 91
1652710566.701682, sdrt-health/mac:02010b41cdec/antenna/tag/e2806894000050038661fd4f, 86
1652710566.702242, sdrt-health/mac:02010b41cdec/antenna/tag/e2806894000050038662194f, 93
1652710566.739043, sdrt-health/mac:02010b41cdec/antenna/tag/e2806894000040038662114f, 97
1652710566.786122, sdrt-health/mac:02010b41cdec/antenna/tag/e2806894000040038662114f, 88
1652710566.837063, sdrt-health/mac:02010b41cdec/antenna/tag/e28068940000400386621d4f, 96
1652710566.902782, sdrt-health/mac:02010b41cdec/antenna/tag/e2806894000040038661f94f, 94
1652710566.903293, sdrt-health/mac:02010b41cdec/antenna/tag/e2806894000040038662114f, 85
1652710566.929781, sdrt-health/mac:02010b41cdec/antenna/tag/e2806894000050038662154f, 97
1652710567.017619, sdrt-health/mac:02010b41cdec/antenna/tag/e28068940000400386621d4f, 96
1652710567.018135, sdrt-health/mac:02010b41cdec/antenna/tag/e2806894000050038661fd4f, 83
1652710567.036219, sdrt-health/mac:02010b41cdec/antenna/tag/e2806894000050038662154f, 97
1652710567.057311, sdrt-health/mac:02010b41cdec/antenna/tag/e28068940000400386621d4f, 96
1652710567.074532, sdrt-health/mac:02010b41cdec/antenna/tag/e2806894000040038662114f, 91
1652710567.087202, sdrt-health/mac:02010b41cdec/antenna/tag/e2806894000050038661fd4f, 86
1652710567.087815, sdrt-health/mac:02010b41cdec/antenna/tag/e28068940000400386621d4f, 96
1652710567.088178, sdrt-health/mac:02010b41cdec/antenna/tag/e2806894000050038662194f, 81
1652710567.136625, sdrt-health/mac:02010b41cdec/antenna/tag/e2806894000050038661fd4f, 83
1652710567.184641, sdrt-health/mac:02010b41cdec/antenna/tag/e28068940000500386620d4f, 110
1652710567.228359, sdrt-health/mac:02010b41cdec/antenna/tag/e2806894000050038662154f, 85
1652710567.281047, sdrt-health/mac:02010b41cdec/antenna/tag/e28068940000400386621d4f, 96
1652710567.28159, sdrt-health/mac:02010b41cdec/antenna/tag/e2806894000050038662194f, 84
1652710567.28204, sdrt-health/mac:02010b41cdec/antenna/tag/e2806894000050038661fd4f, 86
1652710567.30696, sdrt-health/mac:02010b41cdec/antenna/tag/e2806894000050038662154f, 83
1652710567.336885, sdrt-health/mac:02010b41cdec/antenna/tag/e2806894000050038662154f, 97
1652710567.337321, sdrt-health/mac:02010b41cdec/antenna/tag/e2806894000040038662114f, 91
1652710567.33783, sdrt-health/mac:02010b41cdec/antenna/tag/e28068940000400386621d4f, 96
1652710567.364245, sdrt-health/mac:02010b41cdec/antenna/tag/e2806894000040038662114f, 88
1652710567.39782, sdrt-health/mac:02010b41cdec/antenna/tag/e2806894000050038662154f, 97
1652710567.398137, sdrt-health/mac:02010b41cdec/antenna/tag/e2806894000050038662194f, 81
1652710567.420425, sdrt-health/mac:02010b41cdec/antenna/tag/e2806894000050038661fd4f, 86
1652710567.420994, sdrt-health/mac:02010b41cdec/antenna/tag/e28068940000400386621d4f, 96
1652710567.484793, sdrt-health/mac:02010b41cdec/antenna/tag/e2806894000050038661fd4f, 86
1652710567.578581, sdrt-health/mac:02010b41cdec/antenna/tag/e28068940000400386621d4f, 96
1652710567.579133, sdrt-health/mac:02010b41cdec/antenna/tag/e2806894000040038662114f, 91
1652710567.614046, sdrt-health/mac:02010b41cdec/antenna/tag/e28068940000400386621d4f, 96
1652710567.647181, sdrt-health/mac:02010b41cdec/antenna/tag/e2806894000050038661fd4f, 90
1652710567.647502, sdrt-health/mac:02010b41cdec/antenna/tag/e2806894000040038662114f, 97
1652710567.647739, sdrt-health/mac:02010b41cdec/antenna/tag/e28068940000400386621d4f, 96
1652710567.66163, sdrt-health/mac:02010b41cdec/antenna/tag/e2806894000050038662154f, 97
1652710567.706781, sdrt-health/mac:02010b41cdec/antenna/tag/e2806894000040038662114f, 91
1652710567.746751, sdrt-health/mac:02010b41cdec/antenna/tag/e2806894000040038662114f, 88
1652710567.798057, sdrt-health/mac:02010b41cdec/antenna/tag/e28068940000400386621d4f, 96
1652710567.86212, sdrt-health/mac:02010b41cdec/antenna/tag/e2806894000040038662114f, 97
1652710567.919269, sdrt-health/mac:02010b41cdec/antenna/tag/e2806894000050038661fd4f, 86
1652710567.919818, sdrt-health/mac:02010b41cdec/antenna/tag/e2806894000040038662114f, 97
1652710567.955344, sdrt-health/mac:02010b41cdec/antenna/tag/e2806894000040038662114f, 97
1652710568.027834, sdrt-health/mac:02010b41cdec/antenna/tag/e2806894000040038662114f, 91
1652710568.029279, sdrt-health/mac:02010b41cdec/antenna/tag/e28068940000400386621d4f, 96
1652710568.042852, sdrt-health/mac:02010b41cdec/antenna/tag/e28068940000400386621d4f, 96
1652710568.043211, sdrt-health/mac:02010b41cdec/antenna/tag/e2806894000040038662114f, 83
1652710568.057269, sdrt-health/mac:02010b41cdec/antenna/tag/e2806894000050038662194f, 87
1652710568.12203, sdrt-health/mac:02010b41cdec/antenna/tag/e2806894000050038662194f, 88
1652710568.1225, sdrt-health/mac:02010b41cdec/antenna/tag/e28068940000400386621d4f, 96
1652710568.13677, sdrt-health/mac:02010b41cdec/antenna/tag/e2806894000050038662154f, 93
1652710568.137273, sdrt-health/mac:02010b41cdec/antenna/tag/e2806894000050038661fd4f, 97
1652710568.146577, sdrt-health/mac:02010b41cdec/antenna/tag/e2806894000040038662114f, 88
1652710568.186455, sdrt-health/mac:02010b41cdec/antenna/tag/e2806894000050038662194f, 84
1652710568.228712, sdrt-health/mac:02010b41cdec/antenna/tag/e2806894000040038662214f, 84
1652710568.27141, sdrt-health/mac:02010b41cdec/antenna/tag/e28068940000500386620d4f, 82
1652710568.362726, sdrt-health/mac:02010b41cdec/antenna/tag/e2806894000040038661f94f, 81
1652710568.363185, sdrt-health/mac:02010b41cdec/antenna/tag/e2806894000040038662114f, 91
1652710568.390285, sdrt-health/mac:02010b41cdec/antenna/tag/e2806894000040038662114f, 91
1652710568.448246, sdrt-health/mac:02010b41cdec/antenna/tag/e2806894000050038662154f, 91
1652710568.448737, sdrt-health/mac:02010b41cdec/antenna/tag/e28068940000400386621d4f, 96
1652710568.484301, sdrt-health/mac:02010b41cdec/antenna/tag/e2806894000050038662194f, 87
1652710568.528037, sdrt-health/mac:02010b41cdec/antenna/tag/e2806894000050038662194f, 88
1652710568.559157, sdrt-health/mac:02010b41cdec/antenna/tag/e2806894000050038662194f, 81
1652710568.559459, sdrt-health/mac:02010b41cdec/antenna/tag/e2806894000050038662154f, 88
1652710568.580171, sdrt-health/mac:02010b41cdec/antenna/tag/e2806894000040038662114f, 97
1652710568.644478, sdrt-health/mac:02010b41cdec/antenna/tag/e2806894000040038662114f, 97
1652710568.696394, sdrt-health/mac:02010b41cdec/antenna/tag/e2806894000050038662194f, 85
1652710568.76418, sdrt-health/mac:02010b41cdec/antenna/tag/e2806894000040038662114f, 91
1652710568.764655, sdrt-health/mac:02010b41cdec/antenna/tag/e2806894000050038661fd4f, 83
1652710568.787309, sdrt-health/mac:02010b41cdec/antenna/tag/e28068940000400386621d4f, 77
1652710568.826078, sdrt-health/mac:02010b41cdec/antenna/tag/e2806894000040038662114f, 91
1652710568.866066, sdrt-health/mac:02010b41cdec/antenna/tag/e2806894000050038661fd4f, 86
1652710568.866952, sdrt-health/mac:02010b41cdec/antenna/tag/e2806894000050038662154f, 88
1652710568.906274, sdrt-health/mac:02010b41cdec/antenna/tag/e28068940000400386621d4f, 96
1652710569.03091, sdrt-health/mac:02010b41cdec/antenna/tag/e2806894000040038662114f, 91
1652710569.031473, sdrt-health/mac:02010b41cdec/antenna/tag/e2806894000050038662154f, 88
1652710569.031879, sdrt-health/mac:02010b41cdec/antenna/tag/e2806894000040038662114f, 91
1652710569.066352, sdrt-health/mac:02010b41cdec/antenna/tag/e2806894000050038662194f, 81
1652710569.066718, sdrt-health/mac:02010b41cdec/antenna/tag/e2806894000050038661fd4f, 86
1652710569.124872, sdrt-health/mac:02010b41cdec/antenna/tag/e28068940000500386620d4f, 81
1652710569.167241, sdrt-health/mac:02010b41cdec/antenna/tag/e28068940000400386621d4f, 77
1652710569.213293, sdrt-health/mac:02010b41cdec/antenna/tag/e2806894000040038662114f, 97
1652710569.291242, sdrt-health/mac:02010b41cdec/antenna/tag/e2806894000050038661fd4f, 86
1652710569.33633, sdrt-health/mac:02010b41cdec/antenna/tag/e28068940000400386621d4f, 96
1652710569.416717, sdrt-health/mac:02010b41cdec/antenna/tag/e2806894000040038662114f, 91
1652710569.417458, sdrt-health/mac:02010b41cdec/antenna/tag/e2806894000050038662194f, 81
1652710569.430463, sdrt-health/mac:02010b41cdec/antenna/tag/e2806894000040038662114f, 88
1652710569.454041, sdrt-health/mac:02010b41cdec/antenna/tag/e2806894000040038662214f, 82
1652710569.502974, sdrt-health/mac:02010b41cdec/antenna/tag/e2806894000040038662114f, 88
1652710569.503349, sdrt-health/mac:02010b41cdec/antenna/tag/e2806894000040038661f94f, 81
1652710569.518935, sdrt-health/mac:02010b41cdec/antenna/tag/e2806894000050038662154f, 93
1652710569.560947, sdrt-health/mac:02010b41cdec/antenna/tag/e2806894000040038662114f, 91
1652710569.613477, sdrt-health/mac:02010b41cdec/antenna/tag/e28068940000400386621d4f, 77
1652710569.656358, sdrt-health/mac:02010b41cdec/antenna/tag/e28068940000400386621d4f, 77
1652710569.741784, sdrt-health/mac:02010b41cdec/antenna/tag/e28068940000400386621d4f, 77
1652710569.742307, sdrt-health/mac:02010b41cdec/antenna/tag/e2806894000050038662154f, 93
1652710569.75698, sdrt-health/mac:02010b41cdec/antenna/tag/e2806894000040038661f94f, 84
1652710569.775223, sdrt-health/mac:02010b41cdec/antenna/tag/e2806894000050038662194f, 93
1652710569.822821, sdrt-health/mac:02010b41cdec/antenna/tag/e2806894000040038662114f, 91
1652710569.881633, sdrt-health/mac:02010b41cdec/antenna/tag/e28068940000400386621d4f, 77
1652710569.882124, sdrt-health/mac:02010b41cdec/antenna/tag/e2806894000040038662114f, 97
1652710569.924793, sdrt-health/mac:02010b41cdec/antenna/tag/e2806894000040038662114f, 88
1652710569.982447, sdrt-health/mac:02010b41cdec/antenna/tag/e2806894000040038662114f, 88
1652710569.982911, sdrt-health/mac:02010b41cdec/antenna/tag/e2806894000050038662154f, 88
1652710569.997823, sdrt-health/mac:02010b41cdec/antenna/tag/e2806894000050038661fd4f, 83
1652710570.027633, sdrt-health/mac:02010b41cdec/antenna/tag/e2806894000050038661fd4f, 83
1652710570.028004, sdrt-health/mac:02010b41cdec/antenna/tag/e2806894000050038661fd4f, 83
1652710570.056528, sdrt-health/mac:02010b41cdec/antenna/tag/e2806894000050038662194f, 83
1652710570.105534, sdrt-health/mac:02010b41cdec/antenna/tag/e28068940000400386621d4f, 96
1652710570.135356, sdrt-health/mac:02010b41cdec/antenna/tag/e2806894000050038661fd4f, 86
1652710570.135762, sdrt-health/mac:02010b41cdec/antenna/tag/e2806894000050038661fd4f, 86
1652710570.149817, sdrt-health/mac:02010b41cdec/antenna/tag/e2806894000050038661fd4f, 86
1652710570.186074, sdrt-health/mac:02010b41cdec/antenna/tag/e28068940000400386621d4f, 96
1652710570.271491, sdrt-health/mac:02010b41cdec/antenna/tag/e28068940000400386621d4f, 77
1652710570.271943, sdrt-health/mac:02010b41cdec/antenna/tag/e2806894000040038662114f, 83
1652710570.294777, sdrt-health/mac:02010b41cdec/antenna/tag/e2806894000040038662114f, 91
1652710570.369186, sdrt-health/mac:02010b41cdec/antenna/tag/e2806894000040038662114f, 91
1652710570.369659, sdrt-health/mac:02010b41cdec/antenna/tag/e2806894000040038662114f, 97
1652710570.392517, sdrt-health/mac:02010b41cdec/antenna/tag/e28068940000400386621d4f, 77
1652710570.392996, sdrt-health/mac:02010b41cdec/antenna/tag/e2806894000040038661f94f, 88
1652710570.437225, sdrt-health/mac:02010b41cdec/antenna/tag/e28068940000400386621d4f, 96
1652710570.484446, sdrt-health/mac:02010b41cdec/antenna/tag/e28068940000400386621d4f, 96
1652710570.525855, sdrt-health/mac:02010b41cdec/antenna/tag/e28068940000400386621d4f, 96
1652710570.572081, sdrt-health/mac:02010b41cdec/antenna/tag/e2806894000040038662114f, 97
1652710570.625825, sdrt-health/mac:02010b41cdec/antenna/tag/e2806894000050038662194f, 93
1652710570.721901, sdrt-health/mac:02010b41cdec/antenna/tag/e2806894000050038661fd4f, 90
1652710570.722462, sdrt-health/mac:02010b41cdec/antenna/tag/e2806894000040038662114f, 97
1652710570.72285, sdrt-health/mac:02010b41cdec/antenna/tag/e2806894000050038662154f, 88
1652710570.740183, sdrt-health/mac:02010b41cdec/antenna/tag/e28068940000400386621d4f, 96
1652710570.747081, sdrt-health/mac:02010b41cdec/antenna/tag/e2806894000050038662154f, 85
1652710570.763782, sdrt-health/mac:02010b41cdec/antenna/tag/e2806894000040038662114f, 91
1652710570.786581, sdrt-health/mac:02010b41cdec/antenna/tag/e2806894000050038662194f, 93
1652710570.847101, sdrt-health/mac:02010b41cdec/antenna/tag/e2806894000050038661fd4f, 83
1652710570.896389, sdrt-health/mac:02010b41cdec/antenna/tag/e2806894000050038662154f, 85
1652710570.94604, sdrt-health/mac:02010b41cdec/antenna/tag/e2806894000050038661fd4f, 83
1652710570.993788, sdrt-health/mac:02010b41cdec/antenna/tag/e2806894000050038662194f, 87
1652710570.99431, sdrt-health/mac:02010b41cdec/antenna/tag/e2806894000040038661f94f, 84
1652710570.994636, sdrt-health/mac:02010b41cdec/antenna/tag/e28068940000400386621d4f, 96
1652710571.00761, sdrt-health/mac:02010b41cdec/antenna/tag/e2806894000050038662194f, 87
1652710571.044417, sdrt-health/mac:02010b41cdec/antenna/tag/e2806894000050038661fd4f, 97
1652710571.088153, sdrt-health/mac:02010b41cdec/antenna/tag/e2806894000050038662194f, 81
1652710571.119589, sdrt-health/mac:02010b41cdec/antenna/tag/e28068940000400386621d4f, 96
1652710571.119895, sdrt-health/mac:02010b41cdec/antenna/tag/e2806894000050038661fd4f, 83
1652710571.120116, sdrt-health/mac:02010b41cdec/antenna/tag/e2806894000050038662154f, 91
1652710571.14221, sdrt-health/mac:02010b41cdec/antenna/tag/e2806894000050038662194f, 81
1652710571.172584, sdrt-health/mac:02010b41cdec/antenna/tag/e2806894000040038662114f, 91
1652710571.173092, sdrt-health/mac:02010b41cdec/antenna/tag/e2806894000050038662154f, 97
1652710571.188466, sdrt-health/mac:02010b41cdec/antenna/tag/e2806894000040038662114f, 88
1652710571.188942, sdrt-health/mac:02010b41cdec/antenna/tag/e2806894000050038662194f, 87
1652710571.237295, sdrt-health/mac:02010b41cdec/antenna/tag/e2806894000040038662114f, 88
1652710571.286049, sdrt-health/mac:02010b41cdec/antenna/tag/e2806894000040038661f94f, 88
1652710571.327616, sdrt-health/mac:02010b41cdec/antenna/tag/e28068940000400386621d4f, 77
1652710571.397231, sdrt-health/mac:02010b41cdec/antenna/tag/e2806894000050038662154f, 91
1652710571.397695, sdrt-health/mac:02010b41cdec/antenna/tag/e2806894000050038662194f, 81
1652710571.413489, sdrt-health/mac:02010b41cdec/antenna/tag/e2806894000040038662114f, 91
1652710571.445122, sdrt-health/mac:02010b41cdec/antenna/tag/e28068940000400386621d4f, 96
1652710571.445418, sdrt-health/mac:02010b41cdec/antenna/tag/e2806894000040038662114f, 91
1652710571.469029, sdrt-health/mac:02010b41cdec/antenna/tag/e2806894000050038661fd4f, 83
1652710571.541849, sdrt-health/mac:02010b41cdec/antenna/tag/e2806894000050038662194f, 87
1652710571.542332, sdrt-health/mac:02010b41cdec/antenna/tag/e28068940000400386621d4f, 96
1652710571.59609, sdrt-health/mac:02010b41cdec/antenna/tag/e2806894000050038662154f, 91
1652710571.596601, sdrt-health/mac:02010b41cdec/antenna/tag/e2806894000050038662194f, 83
1652710571.608002, sdrt-health/mac:02010b41cdec/antenna/tag/e2806894000050038662154f, 91
1652710571.660819, sdrt-health/mac:02010b41cdec/antenna/tag/e2806894000050038661fd4f, 83
1652710571.721971, sdrt-health/mac:02010b41cdec/antenna/tag/e2806894000050038662194f, 85
1652710571.722514, sdrt-health/mac:02010b41cdec/antenna/tag/e28068940000400386621d4f, 77
1652710571.722903, sdrt-health/mac:02010b41cdec/antenna/tag/e2806894000050038662194f, 93
1652710571.723271, sdrt-health/mac:02010b41cdec/antenna/tag/e2806894000040038662114f, 91
1652710571.723678, sdrt-health/mac:02010b41cdec/antenna/tag/e2806894000040038662114f, 88
1652710571.772848, sdrt-health/mac:02010b41cdec/antenna/tag/e2806894000050038661fd4f, 83
1652710571.838526, sdrt-health/mac:02010b41cdec/antenna/tag/e28068940000400386621d4f, 77
1652710571.838997, sdrt-health/mac:02010b41cdec/antenna/tag/e2806894000050038661fd4f, 83
1652710571.867828, sdrt-health/mac:02010b41cdec/antenna/tag/e2806894000050038662154f, 88
1652710572.123824, sdrt-health/mac:02010b41cdec/antenna/tag/e28068940000400386621d4f, 77
1652710572.124289, sdrt-health/mac:02010b41cdec/antenna/tag/scan, scan stopped
