1652710495.347646, sdrt-health/mac:02010b41cdec/antenna/power/set, {"power": 280}
1652710496.416057, sdrt-health/mac:02010b41cdec/antenna/power/set, 
1652710500.370693, sdrt-health/mac:02010b41cdec/antenna/tag/scan, {"time": 20000}
1652710500.686923, sdrt-health/mac:02010b41cdec/antenna/tag/e2806894000050038661fd4f, 86
1652710500.74759, sdrt-health/mac:02010b41cdec/antenna/tag/e2806894000050038662194f, 81
1652710500.804773, sdrt-health/mac:02010b41cdec/antenna/tag/e2806894000040038662114f, 88
1652710500.847431, sdrt-health/mac:02010b41cdec/antenna/tag/e28068940000400386621d4f, 96
1652710500.848267, sdrt-health/mac:02010b41cdec/antenna/tag/e2806894000050038661fd4f, 83
1652710500.894368, sdrt-health/mac:02010b41cdec/antenna/tag/e2806894000050038661fd4f, 86
1652710500.952833, sdrt-health/mac:02010b41cdec/antenna/tag/e28068940000400386621d4f, 90
1652710500.953304, sdrt-health/mac:02010b41cdec/antenna/tag/e2806894000050038662194f, 85
1652710500.985825, sdrt-health/mac:02010b41cdec/antenna/tag/e2806894000050038661fd4f, 86
1652710501.027751, sdrt-health/mac:02010b41cdec/antenna/tag/e28068940000400386621d4f, 96
1652710501.080679, sdrt-health/mac:02010b41cdec/antenna/tag/e2806894000050038661fd4f, 83
1652710501.080942, sdrt-health/mac:02010b41cdec/antenna/tag/e2806894000040038662114f, 91
1652710501.167593, sdrt-health/mac:02010b41cdec/antenna/tag/e2806894000040038662114f, 88
1652710501.230736, sdrt-health/mac:02010b41cdec/antenna/tag/e2806894000050038662194f, 94
1652710501.290159, sdrt-health/mac:02010b41cdec/antenna/tag/e28068940000400386621d4f, 96
1652710501.290623, sdrt-health/mac:02010b41cdec/antenna/tag/e2806894000040038662114f, 88
1652710501.332851, sdrt-health/mac:02010b41cdec/antenna/tag/e2806894000040038662114f, 88
1652710501.436991, sdrt-health/mac:02010b41cdec/antenna/tag/e2806894000050038662194f, 81
1652710501.490272, sdrt-health/mac:02010b41cdec/antenna/tag/e28068940000400386621d4f, 90
1652710501.552948, sdrt-health/mac:02010b41cdec/antenna/tag/e2806894000050038661fd4f, 86
1652710501.553411, sdrt-health/mac:02010b41cdec/antenna/tag/e2806894000050038661fd4f, 83
1652710501.570411, sdrt-health/mac:02010b41cdec/antenna/tag/e28068940000400386621d4f, 96
1652710501.585223, sdrt-health/mac:02010b41cdec/antenna/tag/e2806894000050038661fd4f, 83
1652710501.592236, sdrt-health/mac:02010b41cdec/antenna/tag/e2806894000050038662194f, 81
1652710501.62716, sdrt-health/mac:02010b41cdec/antenna/tag/e28068940000400386621d4f, 90
1652710501.685231, sdrt-health/mac:02010b41cdec/antenna/tag/e2806894000050038662194f, 94
1652710501.685704, sdrt-health/mac:02010b41cdec/antenna/tag/e2806894000050038661fd4f, 83
1652710501.686064, sdrt-health/mac:02010b41cdec/antenna/tag/e28068940000400386621d4f, 96
1652710501.719964, sdrt-health/mac:02010b41cdec/antenna/tag/e2806894000050038662154f, 85
1652710501.76637, sdrt-health/mac:02010b41cdec/antenna/tag/e2806894000040038662114f, 88
1652710501.766767, sdrt-health/mac:02010b41cdec/antenna/tag/e2806894000050038662194f, 81
1652710501.781278, sdrt-health/mac:02010b41cdec/antenna/tag/e2806894000050038662154f, 88
1652710501.786568, sdrt-health/mac:02010b41cdec/antenna/tag/e2806894000050038662154f, 93
1652710501.825879, sdrt-health/mac:02010b41cdec/antenna/tag/e2806894000050038661fd4f, 83
1652710501.866793, sdrt-health/mac:02010b41cdec/antenna/tag/e2806894000050038661fd4f, 83
1652710501.868936, sdrt-health/mac:02010b41cdec/antenna/tag/e2806894000040038662114f, 88
1652710501.92495, sdrt-health/mac:02010b41cdec/antenna/tag/e28068940000400386621d4f, 96
1652710501.925314, sdrt-health/mac:02010b41cdec/antenna/tag/e28068940000400386621d4f, 96
1652710501.972066, sdrt-health/mac:02010b41cdec/antenna/tag/e2806894000050038662154f, 91
1652710502.049531, sdrt-health/mac:02010b41cdec/antenna/tag/e2806894000050038661fd4f, 83
1652710502.049956, sdrt-health/mac:02010b41cdec/antenna/tag/e2806894000050038662154f, 88
1652710502.063802, sdrt-health/mac:02010b41cdec/antenna/tag/e28068940000400386621d4f, 96
1652710502.064347, sdrt-health/mac:02010b41cdec/antenna/tag/e2806894000050038662154f, 91
1652710502.064619, sdrt-health/mac:02010b41cdec/antenna/tag/e28068940000400386621d4f, 96
1652710502.123375, sdrt-health/mac:02010b41cdec/antenna/tag/e2806894000050038661fd4f, 83
1652710502.179166, sdrt-health/mac:02010b41cdec/antenna/tag/e2806894000050038662154f, 85
1652710502.179677, sdrt-health/mac:02010b41cdec/antenna/tag/e28068940000400386621d4f, 96
1652710502.180019, sdrt-health/mac:02010b41cdec/antenna/tag/e2806894000050038661fd4f, 83
1652710502.207815, sdrt-health/mac:02010b41cdec/antenna/tag/e28068940000400386621d4f, 96
1652710502.238159, sdrt-health/mac:02010b41cdec/antenna/tag/e2806894000050038661fd4f, 86
1652710502.238574, sdrt-health/mac:02010b41cdec/antenna/tag/e2806894000050038662154f, 88
1652710502.253119, sdrt-health/mac:02010b41cdec/antenna/tag/e2806894000050038662194f, 94
1652710502.253649, sdrt-health/mac:02010b41cdec/antenna/tag/e2806894000040038662114f, 91
1652710502.317388, sdrt-health/mac:02010b41cdec/antenna/tag/e2806894000050038661fd4f, 86
1652710502.346431, sdrt-health/mac:02010b41cdec/antenna/tag/e2806894000050038662194f, 81
1652710502.406082, sdrt-health/mac:02010b41cdec/antenna/tag/e28068940000400386621d4f, 90
1652710502.447726, sdrt-health/mac:02010b41cdec/antenna/tag/e2806894000050038662194f, 81
1652710502.500617, sdrt-health/mac:02010b41cdec/antenna/tag/e2806894000050038661fd4f, 83
1652710502.540519, sdrt-health/mac:02010b41cdec/antenna/tag/e28068940000400386621d4f, 90
1652710502.544766, sdrt-health/mac:02010b41cdec/antenna/tag/e2806894000050038662154f, 91
1652710502.559518, sdrt-health/mac:02010b41cdec/antenna/tag/e2806894000050038661fd4f, 86
1652710502.586629, sdrt-health/mac:02010b41cdec/antenna/tag/e2806894000050038661fd4f, 83
1652710502.664297, sdrt-health/mac:02010b41cdec/antenna/tag/e28068940000400386621d4f, 96
1652710502.664923, sdrt-health/mac:02010b41cdec/antenna/tag/e2806894000050038661fd4f, 97
1652710502.678355, sdrt-health/mac:02010b41cdec/antenna/tag/e2806894000050038662154f, 88
1652710502.742141, sdrt-health/mac:02010b41cdec/antenna/tag/e28068940000400386621d4f, 96
1652710502.742606, sdrt-health/mac:02010b41cdec/antenna/tag/e28068940000400386621d4f, 96
1652710502.757877, sdrt-health/mac:02010b41cdec/antenna/tag/e28068940000400386621d4f, 96
1652710502.758383, sdrt-health/mac:02010b41cdec/antenna/tag/e28068940000400386621d4f, 96
1652710502.758858, sdrt-health/mac:02010b41cdec/antenna/tag/e2806894000050038662154f, 85
1652710502.759331, sdrt-health/mac:02010b41cdec/antenna/tag/e2806894000040038662114f, 88
1652710502.812221, sdrt-health/mac:02010b41cdec/antenna/tag/e2806894000050038662194f, 81
1652710502.891, sdrt-health/mac:02010b41cdec/antenna/tag/e2806894000040038662114f, 85
1652710502.891589, sdrt-health/mac:02010b41cdec/antenna/tag/e2806894000040038662114f, 85
1652710502.908427, sdrt-health/mac:02010b41cdec/antenna/tag/e28068940000500386620d4f, 82
1652710502.908888, sdrt-health/mac:02010b41cdec/antenna/tag/e2806894000050038661fd4f, 83
1652710502.926106, sdrt-health/mac:02010b41cdec/antenna/tag/e2806894000050038662154f, 91
1652710502.926415, sdrt-health/mac:02010b41cdec/antenna/tag/e2806894000050038662154f, 88
1652710502.976607, sdrt-health/mac:02010b41cdec/antenna/tag/e2806894000050038662154f, 88
1652710503.018828, sdrt-health/mac:02010b41cdec/antenna/tag/e2806894000050038662154f, 88
1652710503.096994, sdrt-health/mac:02010b41cdec/antenna/tag/e2806894000050038662194f, 83
1652710503.097546, sdrt-health/mac:02010b41cdec/antenna/tag/e2806894000040038662114f, 85
1652710503.11429, sdrt-health/mac:02010b41cdec/antenna/tag/e28068940000400386621d4f, 96
1652710503.114584, sdrt-health/mac:02010b41cdec/antenna/tag/e28068940000400386621d4f, 96
1652710503.114795, sdrt-health/mac:02010b41cdec/antenna/tag/e2806894000050038661fd4f, 83
1652710503.14952, sdrt-health/mac:02010b41cdec/antenna/tag/e2806894000050038662154f, 91
1652710503.182264, sdrt-health/mac:02010b41cdec/antenna/tag/e2806894000040038662114f, 93
1652710503.182508, sdrt-health/mac:02010b41cdec/antenna/tag/e2806894000050038661fd4f, 83
1652710503.215059, sdrt-health/mac:02010b41cdec/antenna/tag/e2806894000050038661fd4f, 86
1652710503.26431, sdrt-health/mac:02010b41cdec/antenna/tag/e2806894000040038662114f, 88
1652710503.31672, sdrt-health/mac:02010b41cdec/antenna/tag/e2806894000050038662154f, 88
1652710503.347245, sdrt-health/mac:02010b41cdec/antenna/tag/e2806894000050038661fd4f, 86
1652710503.413126, sdrt-health/mac:02010b41cdec/antenna/tag/e2806894000050038662194f, 88
1652710503.413574, sdrt-health/mac:02010b41cdec/antenna/tag/e2806894000050038662154f, 91
1652710503.41396, sdrt-health/mac:02010b41cdec/antenna/tag/e2806894000040038662114f, 88
1652710503.414474, sdrt-health/mac:02010b41cdec/antenna/tag/e28068940000400386621d4f, 96
1652710503.452764, sdrt-health/mac:02010b41cdec/antenna/tag/e2806894000050038661fd4f, 86
1652710503.523165, sdrt-health/mac:02010b41cdec/antenna/tag/e2806894000050038661fd4f, 86
1652710503.52369, sdrt-health/mac:02010b41cdec/antenna/tag/e2806894000050038661fd4f, 83
1652710503.566801, sdrt-health/mac:02010b41cdec/antenna/tag/e2806894000040038662114f, 88
1652710503.597187, sdrt-health/mac:02010b41cdec/antenna/tag/e2806894000050038661fd4f, 83
1652710503.597457, sdrt-health/mac:02010b41cdec/antenna/tag/e28068940000400386621d4f, 96
1652710503.624757, sdrt-health/mac:02010b41cdec/antenna/tag/e2806894000050038661fd4f, 83
1652710503.625142, sdrt-health/mac:02010b41cdec/antenna/tag/e2806894000050038661fd4f, 83
1652710503.62547, sdrt-health/mac:02010b41cdec/antenna/tag/e28068940000400386621d4f, 96
1652710503.69264, sdrt-health/mac:02010b41cdec/antenna/tag/e28068940000400386621d4f, 96
1652710503.723423, sdrt-health/mac:02010b41cdec/antenna/tag/e2806894000040038662114f, 85
1652710503.724046, sdrt-health/mac:02010b41cdec/antenna/tag/e2806894000050038662154f, 85
1652710503.750769, sdrt-health/mac:02010b41cdec/antenna/tag/e2806894000050038661fd4f, 83
1652710503.805833, sdrt-health/mac:02010b41cdec/antenna/tag/e2806894000050038661fd4f, 83
1652710503.806305, sdrt-health/mac:02010b41cdec/antenna/tag/e28068940000400386621d4f, 96
1652710503.821125, sdrt-health/mac:02010b41cdec/antenna/tag/e2806894000040038662114f, 85
1652710503.821583, sdrt-health/mac:02010b41cdec/antenna/tag/e28068940000400386621d4f, 90
1652710503.821994, sdrt-health/mac:02010b41cdec/antenna/tag/e2806894000050038661fd4f, 83
1652710503.835636, sdrt-health/mac:02010b41cdec/antenna/tag/e2806894000050038662154f, 88
1652710503.875952, sdrt-health/mac:02010b41cdec/antenna/tag/e28068940000400386621d4f, 90
1652710503.947204, sdrt-health/mac:02010b41cdec/antenna/tag/e2806894000040038662114f, 91
1652710503.94772, sdrt-health/mac:02010b41cdec/antenna/tag/e28068940000400386621d4f, 90
1652710503.961509, sdrt-health/mac:02010b41cdec/antenna/tag/e2806894000040038662114f, 88
1652710503.98557, sdrt-health/mac:02010b41cdec/antenna/tag/e2806894000050038662194f, 81
1652710504.040912, sdrt-health/mac:02010b41cdec/antenna/tag/e2806894000050038661fd4f, 86
1652710504.041519, sdrt-health/mac:02010b41cdec/antenna/tag/e2806894000040038662114f, 97
1652710504.054984, sdrt-health/mac:02010b41cdec/antenna/tag/e2806894000050038662154f, 85
1652710504.065927, sdrt-health/mac:02010b41cdec/antenna/tag/e2806894000050038661fd4f, 86
1652710504.13308, sdrt-health/mac:02010b41cdec/antenna/tag/e28068940000400386621d4f, 96
1652710504.173231, sdrt-health/mac:02010b41cdec/antenna/tag/e2806894000050038661fd4f, 83
1652710504.233572, sdrt-health/mac:02010b41cdec/antenna/tag/e2806894000050038662154f, 85
1652710504.234061, sdrt-health/mac:02010b41cdec/antenna/tag/e28068940000400386621d4f, 96
1652710504.290076, sdrt-health/mac:02010b41cdec/antenna/tag/e28068940000400386621d4f, 96
1652710504.346825, sdrt-health/mac:02010b41cdec/antenna/tag/e28068940000400386621d4f, 96
1652710504.347341, sdrt-health/mac:02010b41cdec/antenna/tag/e2806894000050038662154f, 88
1652710504.347679, sdrt-health/mac:02010b41cdec/antenna/tag/e2806894000040038662114f, 85
1652710504.374749, sdrt-health/mac:02010b41cdec/antenna/tag/e2806894000040038662114f, 85
1652710504.441238, sdrt-health/mac:02010b41cdec/antenna/tag/e2806894000050038662154f, 91
1652710504.484269, sdrt-health/mac:02010b41cdec/antenna/tag/e28068940000400386621d4f, 96
1652710504.484625, sdrt-health/mac:02010b41cdec/antenna/tag/e2806894000040038662114f, 85
1652710504.499319, sdrt-health/mac:02010b41cdec/antenna/tag/e2806894000050038662154f, 91
1652710504.499696, sdrt-health/mac:02010b41cdec/antenna/tag/e2806894000050038661fd4f, 83
1652710504.544205, sdrt-health/mac:02010b41cdec/antenna/tag/e2806894000050038661fd4f, 97
1652710504.586828, sdrt-health/mac:02010b41cdec/antenna/tag/e2806894000050038662154f, 85
1652710504.587256, sdrt-health/mac:02010b41cdec/antenna/tag/e2806894000050038662154f, 85
1652710504.601356, sdrt-health/mac:02010b41cdec/antenna/tag/e2806894000040038662114f, 88
1652710504.601593, sdrt-health/mac:02010b41cdec/antenna/tag/e28068940000400386621d4f, 90
1652710504.601749, sdrt-health/mac:02010b41cdec/antenna/tag/e2806894000050038661fd4f, 83
1652710504.666516, sdrt-health/mac:02010b41cdec/antenna/tag/e2806894000050038661fd4f, 97
1652710504.701554, sdrt-health/mac:02010b41cdec/antenna/tag/e2806894000040038662114f, 85
1652710504.702517, sdrt-health/mac:02010b41cdec/antenna/tag/e28068940000400386621d4f, 96
1652710504.714716, sdrt-health/mac:02010b41cdec/antenna/tag/e2806894000050038661fd4f, 83
1652710504.746622, sdrt-health/mac:02010b41cdec/antenna/tag/e2806894000050038662154f, 85
1652710504.814194, sdrt-health/mac:02010b41cdec/antenna/tag/e2806894000050038662154f, 85
1652710504.873182, sdrt-health/mac:02010b41cdec/antenna/tag/e2806894000050038662154f, 88
1652710504.873764, sdrt-health/mac:02010b41cdec/antenna/tag/e2806894000040038662114f, 88
1652710504.885831, sdrt-health/mac:02010b41cdec/antenna/tag/e2806894000050038662154f, 88
1652710504.88635, sdrt-health/mac:02010b41cdec/antenna/tag/e2806894000050038662154f, 88
1652710504.886742, sdrt-health/mac:02010b41cdec/antenna/tag/e2806894000050038662194f, 81
1652710504.915995, sdrt-health/mac:02010b41cdec/antenna/tag/e2806894000050038662154f, 88
1652710504.976303, sdrt-health/mac:02010b41cdec/antenna/tag/e28068940000400386621d4f, 77
1652710505.025658, sdrt-health/mac:02010b41cdec/antenna/tag/e2806894000050038661fd4f, 86
1652710505.026166, sdrt-health/mac:02010b41cdec/antenna/tag/e2806894000040038662114f, 88
1652710505.026507, sdrt-health/mac:02010b41cdec/antenna/tag/e2806894000050038662154f, 88
1652710505.088407, sdrt-health/mac:02010b41cdec/antenna/tag/e2806894000050038661fd4f, 83
1652710505.144745, sdrt-health/mac:02010b41cdec/antenna/tag/e2806894000050038662194f, 93
1652710505.176604, sdrt-health/mac:02010b41cdec/antenna/tag/e2806894000050038662194f, 87
1652710505.233219, sdrt-health/mac:02010b41cdec/antenna/tag/e2806894000050038662194f, 83
1652710505.284464, sdrt-health/mac:02010b41cdec/antenna/tag/e2806894000050038662194f, 87
1652710505.284855, sdrt-health/mac:02010b41cdec/antenna/tag/e2806894000040038662114f, 88
1652710505.316045, sdrt-health/mac:02010b41cdec/antenna/tag/e2806894000050038662194f, 87
1652710505.350944, sdrt-health/mac:02010b41cdec/antenna/tag/e2806894000050038662154f, 85
1652710505.38075, sdrt-health/mac:02010b41cdec/antenna/tag/e2806894000040038662114f, 85
1652710505.380985, sdrt-health/mac:02010b41cdec/antenna/tag/e2806894000050038662194f, 87
1652710505.394169, sdrt-health/mac:02010b41cdec/antenna/tag/e28068940000400386621d4f, 90
1652710505.394565, sdrt-health/mac:02010b41cdec/antenna/tag/e2806894000050038662154f, 85
1652710505.427671, sdrt-health/mac:02010b41cdec/antenna/tag/e28068940000400386621d4f, 96
1652710505.495387, sdrt-health/mac:02010b41cdec/antenna/tag/e2806894000050038662154f, 87
1652710505.495874, sdrt-health/mac:02010b41cdec/antenna/tag/e28068940000400386621d4f, 90
1652710505.540988, sdrt-health/mac:02010b41cdec/antenna/tag/e2806894000040038662114f, 93
1652710505.604385, sdrt-health/mac:02010b41cdec/antenna/tag/e28068940000400386621d4f, 96
1652710505.604869, sdrt-health/mac:02010b41cdec/antenna/tag/e2806894000050038662154f, 85
1652710505.62025, sdrt-health/mac:02010b41cdec/antenna/tag/e2806894000050038661fd4f, 83
1652710505.658028, sdrt-health/mac:02010b41cdec/antenna/tag/e2806894000050038662154f, 88
1652710505.658377, sdrt-health/mac:02010b41cdec/antenna/tag/e2806894000050038662194f, 85
1652710505.658627, sdrt-health/mac:02010b41cdec/antenna/tag/e2806894000050038662154f, 88
1652710505.733981, sdrt-health/mac:02010b41cdec/antenna/tag/e2806894000050038661fd4f, 83
1652710505.818519, sdrt-health/mac:02010b41cdec/antenna/tag/e2806894000040038662114f, 87
1652710505.863561, sdrt-health/mac:02010b41cdec/antenna/tag/e28068940000400386621d4f, 96
1652710505.864069, sdrt-health/mac:02010b41cdec/antenna/tag/e2806894000050038661fd4f, 83
1652710505.878355, sdrt-health/mac:02010b41cdec/antenna/tag/e2806894000040038662114f, 87
1652710505.878827, sdrt-health/mac:02010b41cdec/antenna/tag/e2806894000050038662194f, 81
1652710505.879201, sdrt-health/mac:02010b41cdec/antenna/tag/e2806894000050038661fd4f, 97
1652710505.907211, sdrt-health/mac:02010b41cdec/antenna/tag/e2806894000050038661fd4f, 86
1652710505.948846, sdrt-health/mac:02010b41cdec/antenna/tag/e2806894000050038662194f, 88
1652710506.002542, sdrt-health/mac:02010b41cdec/antenna/tag/e2806894000050038661fd4f, 86
1652710506.002843, sdrt-health/mac:02010b41cdec/antenna/tag/e2806894000040038662114f, 87
1652710506.018032, sdrt-health/mac:02010b41cdec/antenna/tag/e28068940000400386621d4f, 90
1652710506.032008, sdrt-health/mac:02010b41cdec/antenna/tag/e2806894000040038662114f, 83
1652710506.036682, sdrt-health/mac:02010b41cdec/antenna/tag/e2806894000050038661fd4f, 86
1652710506.065193, sdrt-health/mac:02010b41cdec/antenna/tag/e2806894000040038662114f, 81
1652710506.123281, sdrt-health/mac:02010b41cdec/antenna/tag/e2806894000050038661fd4f, 83
1652710506.186221, sdrt-health/mac:02010b41cdec/antenna/tag/e28068940000400386621d4f, 90
1652710506.18669, sdrt-health/mac:02010b41cdec/antenna/tag/e2806894000040038662114f, 81
1652710506.187104, sdrt-health/mac:02010b41cdec/antenna/tag/e2806894000040038662114f, 81
1652710506.188025, sdrt-health/mac:02010b41cdec/antenna/tag/e28068940000400386621d4f, 96
1652710506.216273, sdrt-health/mac:02010b41cdec/antenna/tag/e2806894000040038662114f, 85
1652710506.281471, sdrt-health/mac:02010b41cdec/antenna/tag/e28068940000400386621d4f, 90
1652710506.282019, sdrt-health/mac:02010b41cdec/antenna/tag/e2806894000040038662114f, 85
1652710506.296079, sdrt-health/mac:02010b41cdec/antenna/tag/e28068940000400386621d4f, 90
1652710506.29673, sdrt-health/mac:02010b41cdec/antenna/tag/e2806894000050038661fd4f, 83
1652710506.297197, sdrt-health/mac:02010b41cdec/antenna/tag/e2806894000050038662154f, 91
1652710506.324827, sdrt-health/mac:02010b41cdec/antenna/tag/e2806894000050038662154f, 91
1652710506.366755, sdrt-health/mac:02010b41cdec/antenna/tag/e2806894000050038662154f, 85
1652710506.427459, sdrt-health/mac:02010b41cdec/antenna/tag/e28068940000400386621d4f, 96
1652710506.428029, sdrt-health/mac:02010b41cdec/antenna/tag/e2806894000050038662194f, 83
1652710506.456239, sdrt-health/mac:02010b41cdec/antenna/tag/e2806894000040038662114f, 85
1652710506.515343, sdrt-health/mac:02010b41cdec/antenna/tag/e2806894000040038662114f, 88
1652710506.553181, sdrt-health/mac:02010b41cdec/antenna/tag/e2806894000040038662114f, 85
1652710506.553692, sdrt-health/mac:02010b41cdec/antenna/tag/e2806894000050038662194f, 83
1652710506.566819, sdrt-health/mac:02010b41cdec/antenna/tag/e2806894000050038662194f, 83
1652710506.613061, sdrt-health/mac:02010b41cdec/antenna/tag/e28068940000400386621d4f, 96
1652710506.674004, sdrt-health/mac:02010b41cdec/antenna/tag/e2806894000040038662114f, 88
1652710506.701504, sdrt-health/mac:02010b41cdec/antenna/tag/e2806894000050038661fd4f, 97
1652710506.701786, sdrt-health/mac:02010b41cdec/antenna/tag/e28068940000400386621d4f, 90
1652710506.723656, sdrt-health/mac:02010b41cdec/antenna/tag/e2806894000050038662154f, 85
1652710506.767786, sdrt-health/mac:02010b41cdec/antenna/tag/e2806894000040038662114f, 85
1652710506.825574, sdrt-health/mac:02010b41cdec/antenna/tag/e2806894000050038662154f, 88
1652710506.826038, sdrt-health/mac:02010b41cdec/antenna/tag/e28068940000400386621d4f, 96
1652710506.839783, sdrt-health/mac:02010b41cdec/antenna/tag/e2806894000050038662154f, 91
1652710506.840351, sdrt-health/mac:02010b41cdec/antenna/tag/e2806894000050038662194f, 81
1652710506.856033, sdrt-health/mac:02010b41cdec/antenna/tag/e28068940000400386621d4f, 96
1652710506.911532, sdrt-health/mac:02010b41cdec/antenna/tag/e2806894000050038662194f, 81
1652710506.949994, sdrt-health/mac:02010b41cdec/antenna/tag/e2806894000050038661fd4f, 83
1652710506.987721, sdrt-health/mac:02010b41cdec/antenna/tag/e2806894000050038661fd4f, 86
1652710507.017346, sdrt-health/mac:02010b41cdec/antenna/tag/e2806894000050038662194f, 81
1652710507.017597, sdrt-health/mac:02010b41cdec/antenna/tag/e2806894000050038661fd4f, 83
1652710507.045058, sdrt-health/mac:02010b41cdec/antenna/tag/e28068940000400386621d4f, 77
1652710507.087083, sdrt-health/mac:02010b41cdec/antenna/tag/e28068940000400386621d4f, 96
1652710507.157605, sdrt-health/mac:02010b41cdec/antenna/tag/e2806894000050038662154f, 93
1652710507.158119, sdrt-health/mac:02010b41cdec/antenna/tag/e28068940000400386621d4f, 96
1652710507.171585, sdrt-health/mac:02010b41cdec/antenna/tag/e28068940000400386621d4f, 90
1652710507.210235, sdrt-health/mac:02010b41cdec/antenna/tag/e2806894000040038662114f, 88
1652710507.210649, sdrt-health/mac:02010b41cdec/antenna/tag/e28068940000400386621d4f, 96
1652710507.224786, sdrt-health/mac:02010b41cdec/antenna/tag/e2806894000050038662154f, 88
1652710507.260064, sdrt-health/mac:02010b41cdec/antenna/tag/e2806894000050038661fd4f, 83
1652710507.323897, sdrt-health/mac:02010b41cdec/antenna/tag/e2806894000040038662054f, 88
1652710507.324375, sdrt-health/mac:02010b41cdec/antenna/tag/e2806894000040038662054f, 81
1652710507.33743, sdrt-health/mac:02010b41cdec/antenna/tag/e2806894000040038662114f, 91
1652710507.372888, sdrt-health/mac:02010b41cdec/antenna/tag/e2806894000050038662194f, 83
1652710507.430239, sdrt-health/mac:02010b41cdec/antenna/tag/e2806894000040038662114f, 91
1652710507.430714, sdrt-health/mac:02010b41cdec/antenna/tag/e2806894000040038662114f, 97
1652710507.445695, sdrt-health/mac:02010b41cdec/antenna/tag/e2806894000050038661fd4f, 86
1652710507.446027, sdrt-health/mac:02010b41cdec/antenna/tag/e2806894000050038662194f, 83
1652710507.446265, sdrt-health/mac:02010b41cdec/antenna/tag/e2806894000050038662154f, 88
1652710507.466953, sdrt-health/mac:02010b41cdec/antenna/tag/e28068940000400386621d4f, 90
1652710507.524837, sdrt-health/mac:02010b41cdec/antenna/tag/e2806894000050038661fd4f, 83
1652710507.525392, sdrt-health/mac:02010b41cdec/antenna/tag/e2806894000050038662154f, 88
1652710507.552326, sdrt-health/mac:02010b41cdec/antenna/tag/e2806894000050038662194f, 87
1652710507.611906, sdrt-health/mac:02010b41cdec/antenna/tag/e28068940000400386621d4f, 90
1652710507.671595, sdrt-health/mac:02010b41cdec/antenna/tag/e2806894000050038662194f, 88
1652710507.672238, sdrt-health/mac:02010b41cdec/antenna/tag/e2806894000040038662214f, 84
1652710507.692316, sdrt-health/mac:02010b41cdec/antenna/tag/e2806894000040038661f94f, 88
1652710507.722534, sdrt-health/mac:02010b41cdec/antenna/tag/e2806894000040038662114f, 88
1652710507.787333, sdrt-health/mac:02010b41cdec/antenna/tag/e2806894000050038662194f, 81
1652710507.78785, sdrt-health/mac:02010b41cdec/antenna/tag/e2806894000040038662114f, 91
1652710507.817588, sdrt-health/mac:02010b41cdec/antenna/tag/e2806894000050038661fd4f, 83
1652710507.874584, sdrt-health/mac:02010b41cdec/antenna/tag/e28068940000400386621d4f, 96
1652710507.877183, sdrt-health/mac:02010b41cdec/antenna/tag/e28068940000400386621d4f, 96
1652710507.909745, sdrt-health/mac:02010b41cdec/antenna/tag/e2806894000050038662194f, 81
1652710507.925429, sdrt-health/mac:02010b41cdec/antenna/tag/e2806894000050038662194f, 81
1652710507.977832, sdrt-health/mac:02010b41cdec/antenna/tag/e2806894000050038662194f, 94
1652710507.980553, sdrt-health/mac:02010b41cdec/antenna/tag/e28068940000400386621d4f, 90
1652710507.98097, sdrt-health/mac:02010b41cdec/antenna/tag/e2806894000050038661fd4f, 83
1652710507.981326, sdrt-health/mac:02010b41cdec/antenna/tag/e2806894000050038662154f, 85
1652710508.028626, sdrt-health/mac:02010b41cdec/antenna/tag/e2806894000050038661fd4f, 86
1652710508.085945, sdrt-health/mac:02010b41cdec/antenna/tag/e2806894000040038662114f, 88
1652710508.145783, sdrt-health/mac:02010b41cdec/antenna/tag/e2806894000050038662154f, 91
1652710508.147185, sdrt-health/mac:02010b41cdec/antenna/tag/e2806894000040038662114f, 93
1652710508.160248, sdrt-health/mac:02010b41cdec/antenna/tag/e2806894000050038662154f, 85
1652710508.184673, sdrt-health/mac:02010b41cdec/antenna/tag/e2806894000050038661fd4f, 86
1652710508.239743, sdrt-health/mac:02010b41cdec/antenna/tag/e2806894000050038662154f, 85
1652710508.240557, sdrt-health/mac:02010b41cdec/antenna/tag/e2806894000050038662194f, 94
1652710508.267285, sdrt-health/mac:02010b41cdec/antenna/tag/e2806894000050038662194f, 81
1652710508.331228, sdrt-health/mac:02010b41cdec/antenna/tag/e2806894000050038662154f, 85
1652710508.400333, sdrt-health/mac:02010b41cdec/antenna/tag/e28068940000400386621d4f, 96
1652710508.400825, sdrt-health/mac:02010b41cdec/antenna/tag/e2806894000050038661fd4f, 86
1652710508.415196, sdrt-health/mac:02010b41cdec/antenna/tag/e2806894000050038662194f, 85
1652710508.443543, sdrt-health/mac:02010b41cdec/antenna/tag/e2806894000050038662154f, 93
1652710508.44386, sdrt-health/mac:02010b41cdec/antenna/tag/e2806894000050038661fd4f, 86
1652710508.4441, sdrt-health/mac:02010b41cdec/antenna/tag/e2806894000040038662114f, 88
1652710508.483196, sdrt-health/mac:02010b41cdec/antenna/tag/e2806894000040038662114f, 85
1652710508.520318, sdrt-health/mac:02010b41cdec/antenna/tag/e2806894000050038662154f, 91
1652710508.52086, sdrt-health/mac:02010b41cdec/antenna/tag/e28068940000400386621d4f, 96
1652710508.547548, sdrt-health/mac:02010b41cdec/antenna/tag/e2806894000050038662154f, 85
1652710508.59738, sdrt-health/mac:02010b41cdec/antenna/tag/e28068940000400386621d4f, 96
1652710508.662828, sdrt-health/mac:02010b41cdec/antenna/tag/e2806894000050038661fd4f, 83
1652710508.726436, sdrt-health/mac:02010b41cdec/antenna/tag/e28068940000400386621d4f, 96
1652710508.726842, sdrt-health/mac:02010b41cdec/antenna/tag/e2806894000050038662194f, 94
1652710508.740224, sdrt-health/mac:02010b41cdec/antenna/tag/e2806894000050038662194f, 81
1652710508.748675, sdrt-health/mac:02010b41cdec/antenna/tag/e2806894000050038662154f, 97
1652710508.768904, sdrt-health/mac:02010b41cdec/antenna/tag/e2806894000040038662114f, 85
1652710508.769236, sdrt-health/mac:02010b41cdec/antenna/tag/e2806894000050038662194f, 83
1652710508.826172, sdrt-health/mac:02010b41cdec/antenna/tag/e2806894000050038661fd4f, 86
1652710508.890248, sdrt-health/mac:02010b41cdec/antenna/tag/e28068940000400386621d4f, 90
1652710508.957314, sdrt-health/mac:02010b41cdec/antenna/tag/e2806894000050038661fd4f, 83
1652710508.957898, sdrt-health/mac:02010b41cdec/antenna/tag/e2806894000050038662154f, 88
1652710508.987025, sdrt-health/mac:02010b41cdec/antenna/tag/e2806894000050038662154f, 88
1652710509.043796, sdrt-health/mac:02010b41cdec/antenna/tag/e28068940000400386621d4f, 96
1652710509.044266, sdrt-health/mac:02010b41cdec/antenna/tag/e2806894000050038661fd4f, 86
1652710509.065668, sdrt-health/mac:02010b41cdec/antenna/tag/e2806894000050038661fd4f, 83
1652710509.122723, sdrt-health/mac:02010b41cdec/antenna/tag/e2806894000050038661fd4f, 83
1652710509.12313, sdrt-health/mac:02010b41cdec/antenna/tag/e28068940000400386621d4f, 96
1652710509.150148, sdrt-health/mac:02010b41cdec/antenna/tag/e2806894000050038661fd4f, 83
1652710509.150468, sdrt-health/mac:02010b41cdec/antenna/tag/e2806894000050038662154f, 91
1652710509.189575, sdrt-health/mac:02010b41cdec/antenna/tag/e2806894000050038661fd4f, 83
1652710509.22247, sdrt-health/mac:02010b41cdec/antenna/tag/e2806894000040038662114f, 88
1652710509.252663, sdrt-health/mac:02010b41cdec/antenna/tag/e28068940000400386621d4f, 96
1652710509.253009, sdrt-health/mac:02010b41cdec/antenna/tag/e2806894000040038662114f, 88
1652710509.27204, sdrt-health/mac:02010b41cdec/antenna/tag/e2806894000050038662154f, 85
1652710509.272396, sdrt-health/mac:02010b41cdec/antenna/tag/e2806894000050038662194f, 94
1652710509.310196, sdrt-health/mac:02010b41cdec/antenna/tag/e2806894000050038662154f, 85
1652710509.377676, sdrt-health/mac:02010b41cdec/antenna/tag/e2806894000040038662114f, 88
1652710509.429256, sdrt-health/mac:02010b41cdec/antenna/tag/e2806894000050038661fd4f, 83
1652710509.429762, sdrt-health/mac:02010b41cdec/antenna/tag/e2806894000040038662114f, 85
1652710509.444544, sdrt-health/mac:02010b41cdec/antenna/tag/e2806894000050038661fd4f, 97
1652710509.445061, sdrt-health/mac:02010b41cdec/antenna/tag/e28068940000400386621d4f, 96
1652710509.445601, sdrt-health/mac:02010b41cdec/antenna/tag/e2806894000040038662114f, 85
1652710509.464734, sdrt-health/mac:02010b41cdec/antenna/tag/e2806894000050038661fd4f, 83
1652710509.465233, sdrt-health/mac:02010b41cdec/antenna/tag/e28068940000400386621d4f, 90
1652710509.510448, sdrt-health/mac:02010b41cdec/antenna/tag/e2806894000040038662114f, 85
1652710509.567634, sdrt-health/mac:02010b41cdec/antenna/tag/e2806894000050038661fd4f, 83
1652710509.568056, sdrt-health/mac:02010b41cdec/antenna/tag/e2806894000050038662154f, 88
1652710509.606181, sdrt-health/mac:02010b41cdec/antenna/tag/e28068940000400386621d4f, 96
1652710509.667552, sdrt-health/mac:02010b41cdec/antenna/tag/e2806894000050038662154f, 91
1652710509.667944, sdrt-health/mac:02010b41cdec/antenna/tag/e2806894000040038662114f, 85
1652710509.668289, sdrt-health/mac:02010b41cdec/antenna/tag/e2806894000050038661fd4f, 83
1652710509.683126, sdrt-health/mac:02010b41cdec/antenna/tag/e2806894000050038662154f, 91
1652710509.683483, sdrt-health/mac:02010b41cdec/antenna/tag/e28068940000400386621d4f, 96
1652710509.712005, sdrt-health/mac:02010b41cdec/antenna/tag/e2806894000050038662194f, 81
1652710509.768916, sdrt-health/mac:02010b41cdec/antenna/tag/e2806894000050038662154f, 88
1652710509.769414, sdrt-health/mac:02010b41cdec/antenna/tag/e2806894000050038662154f, 91
1652710509.790221, sdrt-health/mac:02010b41cdec/antenna/tag/e28068940000400386621d4f, 96
1652710509.848028, sdrt-health/mac:02010b41cdec/antenna/tag/e28068940000400386621d4f, 96
1652710509.848524, sdrt-health/mac:02010b41cdec/antenna/tag/e2806894000050038662154f, 91
1652710509.874871, sdrt-health/mac:02010b41cdec/antenna/tag/e28068940000400386621d4f, 96
1652710509.905676, sdrt-health/mac:02010b41cdec/antenna/tag/e2806894000050038662154f, 91
1652710509.906076, sdrt-health/mac:02010b41cdec/antenna/tag/e2806894000040038662114f, 85
1652710509.941003, sdrt-health/mac:02010b41cdec/antenna/tag/e2806894000050038662154f, 91
1652710510.03601, sdrt-health/mac:02010b41cdec/antenna/tag/e2806894000050038662194f, 83
1652710510.036472, sdrt-health/mac:02010b41cdec/antenna/tag/e2806894000050038661fd4f, 83
1652710510.076417, sdrt-health/mac:02010b41cdec/antenna/tag/e2806894000040038662114f, 85
1652710510.162575, sdrt-health/mac:02010b41cdec/antenna/tag/e2806894000040038662114f, 85
1652710510.163115, sdrt-health/mac:02010b41cdec/antenna/tag/e2806894000050038661fd4f, 97
1652710510.179007, sdrt-health/mac:02010b41cdec/antenna/tag/e2806894000040038662114f, 88
1652710510.179468, sdrt-health/mac:02010b41cdec/antenna/tag/e2806894000050038662154f, 85
1652710510.179825, sdrt-health/mac:02010b41cdec/antenna/tag/e28068940000400386621d4f, 96
1652710510.196427, sdrt-health/mac:02010b41cdec/antenna/tag/e2806894000050038661fd4f, 83
1652710510.19683, sdrt-health/mac:02010b41cdec/antenna/tag/e28068940000400386621d4f, 96
1652710510.197219, sdrt-health/mac:02010b41cdec/antenna/tag/e2806894000050038662154f, 85
1652710510.197559, sdrt-health/mac:02010b41cdec/antenna/tag/e2806894000040038662114f, 85
1652710510.245547, sdrt-health/mac:02010b41cdec/antenna/tag/e2806894000050038662154f, 91
1652710510.306117, sdrt-health/mac:02010b41cdec/antenna/tag/e2806894000040038662114f, 88
1652710510.307165, sdrt-health/mac:02010b41cdec/antenna/tag/e2806894000050038662154f, 88
1652710510.321314, sdrt-health/mac:02010b41cdec/antenna/tag/e2806894000050038661fd4f, 83
1652710510.321589, sdrt-health/mac:02010b41cdec/antenna/tag/e2806894000040038662114f, 85
1652710510.34587, sdrt-health/mac:02010b41cdec/antenna/tag/e2806894000050038662154f, 91
1652710510.428549, sdrt-health/mac:02010b41cdec/antenna/tag/e2806894000040038662114f, 85
1652710510.429152, sdrt-health/mac:02010b41cdec/antenna/tag/e2806894000050038662194f, 81
1652710510.480568, sdrt-health/mac:02010b41cdec/antenna/tag/e28068940000400386621d4f, 90
1652710510.520552, sdrt-health/mac:02010b41cdec/antenna/tag/e2806894000050038662194f, 87
1652710510.566662, sdrt-health/mac:02010b41cdec/antenna/tag/e28068940000400386621d4f, 90
1652710510.651579, sdrt-health/mac:02010b41cdec/antenna/tag/e2806894000050038661fd4f, 86
1652710510.656074, sdrt-health/mac:02010b41cdec/antenna/tag/e2806894000050038661fd4f, 83
1652710510.685477, sdrt-health/mac:02010b41cdec/antenna/tag/e2806894000040038661f94f, 94
1652710510.727157, sdrt-health/mac:02010b41cdec/antenna/tag/e2806894000040038662114f, 85
1652710510.825561, sdrt-health/mac:02010b41cdec/antenna/tag/e28068940000400386621d4f, 96
1652710510.826089, sdrt-health/mac:02010b41cdec/antenna/tag/e2806894000040038662114f, 85
1652710510.84601, sdrt-health/mac:02010b41cdec/antenna/tag/e28068940000400386621d4f, 96
1652710510.846218, sdrt-health/mac:02010b41cdec/antenna/tag/e2806894000050038661fd4f, 83
1652710510.84636, sdrt-health/mac:02010b41cdec/antenna/tag/e2806894000050038662154f, 91
1652710510.89716, sdrt-health/mac:02010b41cdec/antenna/tag/e2806894000050038662154f, 91
1652710510.945743, sdrt-health/mac:02010b41cdec/antenna/tag/e2806894000050038661fd4f, 83
1652710511.002266, sdrt-health/mac:02010b41cdec/antenna/tag/e28068940000400386621d4f, 96
1652710511.002777, sdrt-health/mac:02010b41cdec/antenna/tag/e2806894000050038661fd4f, 83
1652710511.038328, sdrt-health/mac:02010b41cdec/antenna/tag/e2806894000040038662114f, 88
1652710511.082279, sdrt-health/mac:02010b41cdec/antenna/tag/e2806894000050038662154f, 91
1652710511.082658, sdrt-health/mac:02010b41cdec/antenna/tag/e2806894000050038661fd4f, 97
1652710511.107246, sdrt-health/mac:02010b41cdec/antenna/tag/e2806894000050038662154f, 85
1652710511.107543, sdrt-health/mac:02010b41cdec/antenna/tag/e2806894000050038662154f, 85
1652710511.107766, sdrt-health/mac:02010b41cdec/antenna/tag/e2806894000040038662114f, 88
1652710511.146173, sdrt-health/mac:02010b41cdec/antenna/tag/e2806894000050038661fd4f, 83
1652710511.18673, sdrt-health/mac:02010b41cdec/antenna/tag/e28068940000400386621d4f, 96
1652710511.249793, sdrt-health/mac:02010b41cdec/antenna/tag/e2806894000050038662154f, 91
1652710511.250265, sdrt-health/mac:02010b41cdec/antenna/tag/e2806894000050038661fd4f, 83
1652710511.250665, sdrt-health/mac:02010b41cdec/antenna/tag/e28068940000400386621d4f, 96
1652710511.284448, sdrt-health/mac:02010b41cdec/antenna/tag/e2806894000050038661fd4f, 86
1652710511.335752, sdrt-health/mac:02010b41cdec/antenna/tag/e28068940000400386621d4f, 96
1652710511.386783, sdrt-health/mac:02010b41cdec/antenna/tag/e2806894000040038662114f, 88
1652710511.441493, sdrt-health/mac:02010b41cdec/antenna/tag/e2806894000050038662194f, 81
1652710511.441965, sdrt-health/mac:02010b41cdec/antenna/tag/e2806894000050038662194f, 94
1652710511.486763, sdrt-health/mac:02010b41cdec/antenna/tag/e2806894000050038662154f, 91
1652710511.528134, sdrt-health/mac:02010b41cdec/antenna/tag/e2806894000050038661fd4f, 86
1652710511.571067, sdrt-health/mac:02010b41cdec/antenna/tag/e2806894000050038661fd4f, 83
1652710511.672616, sdrt-health/mac:02010b41cdec/antenna/tag/e2806894000040038662114f, 88
1652710511.67308, sdrt-health/mac:02010b41cdec/antenna/tag/e2806894000050038661fd4f, 83
1652710511.69238, sdrt-health/mac:02010b41cdec/antenna/tag/e2806894000040038662114f, 91
1652710511.738782, sdrt-health/mac:02010b41cdec/antenna/tag/e28068940000400386621d4f, 90
1652710511.787324, sdrt-health/mac:02010b41cdec/antenna/tag/e2806894000050038662154f, 91
1652710511.843923, sdrt-health/mac:02010b41cdec/antenna/tag/e2806894000050038662154f, 91
1652710511.84441, sdrt-health/mac:02010b41cdec/antenna/tag/e28068940000400386621d4f, 96
1652710511.859208, sdrt-health/mac:02010b41cdec/antenna/tag/e2806894000050038661fd4f, 83
1652710511.869186, sdrt-health/mac:02010b41cdec/antenna/tag/e2806894000050038662154f, 91
1652710511.92381, sdrt-health/mac:02010b41cdec/antenna/tag/e2806894000050038662194f, 81
1652710511.968876, sdrt-health/mac:02010b41cdec/antenna/tag/e28068940000400386621d4f, 96
1652710511.99533, sdrt-health/mac:02010b41cdec/antenna/tag/e2806894000050038662154f, 85
1652710511.995812, sdrt-health/mac:02010b41cdec/antenna/tag/e2806894000050038661fd4f, 83
1652710511.996108, sdrt-health/mac:02010b41cdec/antenna/tag/e28068940000400386621d4f, 90
1652710512.028923, sdrt-health/mac:02010b41cdec/antenna/tag/e2806894000040038662114f, 85
1652710512.058576, sdrt-health/mac:02010b41cdec/antenna/tag/e2806894000050038662154f, 88
1652710512.059167, sdrt-health/mac:02010b41cdec/antenna/tag/e28068940000400386621d4f, 96
1652710512.074578, sdrt-health/mac:02010b41cdec/antenna/tag/e28068940000400386621d4f, 96
1652710512.074788, sdrt-health/mac:02010b41cdec/antenna/tag/e2806894000050038662154f, 85
1652710512.074977, sdrt-health/mac:02010b41cdec/antenna/tag/e2806894000040038662114f, 85
1652710512.127613, sdrt-health/mac:02010b41cdec/antenna/tag/e2806894000050038661fd4f, 97
1652710512.181143, sdrt-health/mac:02010b41cdec/antenna/tag/e2806894000040038662114f, 88
1652710512.228608, sdrt-health/mac:02010b41cdec/antenna/tag/e2806894000040038662114f, 88
1652710512.267106, sdrt-health/mac:02010b41cdec/antenna/tag/e2806894000050038662154f, 88
1652710512.34819, sdrt-health/mac:02010b41cdec/antenna/tag/e2806894000050038661fd4f, 83
1652710512.34876, sdrt-health/mac:02010b41cdec/antenna/tag/e2806894000050038661fd4f, 83
1652710512.377287, sdrt-health/mac:02010b41cdec/antenna/tag/e2806894000040038662114f, 88
1652710512.455167, sdrt-health/mac:02010b41cdec/antenna/tag/e28068940000400386621d4f, 96
1652710512.455845, sdrt-health/mac:02010b41cdec/antenna/tag/e2806894000050038662154f, 91
1652710512.476149, sdrt-health/mac:02010b41cdec/antenna/tag/e28068940000400386621d4f, 96
1652710512.485006, sdrt-health/mac:02010b41cdec/antenna/tag/e2806894000040038662114f, 91
1652710512.498525, sdrt-health/mac:02010b41cdec/antenna/tag/e2806894000050038662154f, 88
1652710512.498723, sdrt-health/mac:02010b41cdec/antenna/tag/e2806894000050038662154f, 88
1652710512.526986, sdrt-health/mac:02010b41cdec/antenna/tag/e2806894000040038662114f, 88
1652710512.590775, sdrt-health/mac:02010b41cdec/antenna/tag/e2806894000050038661fd4f, 83
1652710512.65854, sdrt-health/mac:02010b41cdec/antenna/tag/e2806894000050038661fd4f, 83
1652710512.69684, sdrt-health/mac:02010b41cdec/antenna/tag/e2806894000050038661fd4f, 83
1652710512.769674, sdrt-health/mac:02010b41cdec/antenna/tag/e28068940000400386621d4f, 96
1652710512.770195, sdrt-health/mac:02010b41cdec/antenna/tag/e28068940000400386621d4f, 90
1652710512.792107, sdrt-health/mac:02010b41cdec/antenna/tag/e2806894000050038661fd4f, 86
1652710512.804161, sdrt-health/mac:02010b41cdec/antenna/tag/e28068940000400386621d4f, 96
1652710512.858131, sdrt-health/mac:02010b41cdec/antenna/tag/e28068940000400386621d4f, 90
1652710512.922208, sdrt-health/mac:02010b41cdec/antenna/tag/e2806894000050038662154f, 91
1652710512.922679, sdrt-health/mac:02010b41cdec/antenna/tag/e2806894000050038662154f, 91
1652710512.981418, sdrt-health/mac:02010b41cdec/antenna/tag/e2806894000040038662114f, 85
1652710513.053329, sdrt-health/mac:02010b41cdec/antenna/tag/e2806894000040038662214f, 94
1652710513.054016, sdrt-health/mac:02010b41cdec/antenna/tag/e2806894000050038662154f, 88
1652710513.067585, sdrt-health/mac:02010b41cdec/antenna/tag/e2806894000050038661fd4f, 83
1652710513.075262, sdrt-health/mac:02010b41cdec/antenna/tag/e28068940000400386621d4f, 90
1652710513.084438, sdrt-health/mac:02010b41cdec/antenna/tag/e2806894000050038662194f, 87
1652710513.12468, sdrt-health/mac:02010b41cdec/antenna/tag/e2806894000050038662154f, 85
1652710513.187136, sdrt-health/mac:02010b41cdec/antenna/tag/e28068940000400386621d4f, 90
1652710513.216168, sdrt-health/mac:02010b41cdec/antenna/tag/e2806894000050038661fd4f, 83
1652710513.216468, sdrt-health/mac:02010b41cdec/antenna/tag/e2806894000050038662154f, 85
1652710513.216688, sdrt-health/mac:02010b41cdec/antenna/tag/e28068940000400386621d4f, 96
1652710513.230874, sdrt-health/mac:02010b41cdec/antenna/tag/e28068940000400386621d4f, 96
1652710513.231089, sdrt-health/mac:02010b41cdec/antenna/tag/e2806894000040038662114f, 88
1652710513.29087, sdrt-health/mac:02010b41cdec/antenna/tag/e2806894000050038662154f, 93
1652710513.320135, sdrt-health/mac:02010b41cdec/antenna/tag/e28068940000400386621d4f, 96
1652710513.320625, sdrt-health/mac:02010b41cdec/antenna/tag/e2806894000050038662154f, 85
1652710513.337355, sdrt-health/mac:02010b41cdec/antenna/tag/e2806894000050038661fd4f, 83
1652710513.43443, sdrt-health/mac:02010b41cdec/antenna/tag/e2806894000040038662114f, 85
1652710513.43499, sdrt-health/mac:02010b41cdec/antenna/tag/e28068940000400386621d4f, 90
1652710513.448336, sdrt-health/mac:02010b41cdec/antenna/tag/e2806894000050038661fd4f, 97
1652710513.467125, sdrt-health/mac:02010b41cdec/antenna/tag/e28068940000400386621d4f, 90
1652710513.550632, sdrt-health/mac:02010b41cdec/antenna/tag/e28068940000400386621d4f, 90
1652710513.636099, sdrt-health/mac:02010b41cdec/antenna/tag/e2806894000040038662114f, 88
1652710513.690858, sdrt-health/mac:02010b41cdec/antenna/tag/e2806894000050038662194f, 93
1652710513.731172, sdrt-health/mac:02010b41cdec/antenna/tag/e2806894000050038662154f, 88
1652710513.805538, sdrt-health/mac:02010b41cdec/antenna/tag/e28068940000400386621d4f, 90
1652710513.806103, sdrt-health/mac:02010b41cdec/antenna/tag/e2806894000040038662114f, 85
1652710513.821171, sdrt-health/mac:02010b41cdec/antenna/tag/e2806894000050038662154f, 93
1652710513.829509, sdrt-health/mac:02010b41cdec/antenna/tag/e2806894000040038662114f, 85
1652710513.866514, sdrt-health/mac:02010b41cdec/antenna/tag/e2806894000050038661fd4f, 83
1652710513.907603, sdrt-health/mac:02010b41cdec/antenna/tag/e2806894000050038662194f, 81
1652710513.961906, sdrt-health/mac:02010b41cdec/antenna/tag/e2806894000050038661fd4f, 83
1652710513.962404, sdrt-health/mac:02010b41cdec/antenna/tag/e2806894000050038662154f, 91
1652710513.976565, sdrt-health/mac:02010b41cdec/antenna/tag/e2806894000040038662054f, 83
1652710514.040392, sdrt-health/mac:02010b41cdec/antenna/tag/e2806894000040038662114f, 88
1652710514.085208, sdrt-health/mac:02010b41cdec/antenna/tag/e2806894000040038662054f, 88
1652710514.127068, sdrt-health/mac:02010b41cdec/antenna/tag/e28068940000400386621d4f, 96
1652710514.173372, sdrt-health/mac:02010b41cdec/antenna/tag/e2806894000050038661fd4f, 83
1652710514.216375, sdrt-health/mac:02010b41cdec/antenna/tag/e2806894000050038662194f, 88
1652710514.266723, sdrt-health/mac:02010b41cdec/antenna/tag/e2806894000040038662114f, 91
1652710514.347444, sdrt-health/mac:02010b41cdec/antenna/tag/e2806894000050038661fd4f, 86
1652710514.386535, sdrt-health/mac:02010b41cdec/antenna/tag/e2806894000050038662154f, 85
1652710514.427594, sdrt-health/mac:02010b41cdec/antenna/tag/e2806894000040038662114f, 88
1652710514.466754, sdrt-health/mac:02010b41cdec/antenna/tag/e2806894000050038661fd4f, 83
1652710514.506404, sdrt-health/mac:02010b41cdec/antenna/tag/e2806894000050038661fd4f, 83
1652710514.549796, sdrt-health/mac:02010b41cdec/antenna/tag/e2806894000040038662114f, 88
1652710514.582954, sdrt-health/mac:02010b41cdec/antenna/tag/e2806894000050038661fd4f, 83
1652710514.614289, sdrt-health/mac:02010b41cdec/antenna/tag/e28068940000400386621d4f, 90
1652710514.614583, sdrt-health/mac:02010b41cdec/antenna/tag/e2806894000050038662194f, 87
1652710514.651553, sdrt-health/mac:02010b41cdec/antenna/tag/e2806894000040038662114f, 85
1652710514.695387, sdrt-health/mac:02010b41cdec/antenna/tag/e2806894000040038662114f, 88
1652710514.763314, sdrt-health/mac:02010b41cdec/antenna/tag/e28068940000500386620d4f, 88
1652710514.763781, sdrt-health/mac:02010b41cdec/antenna/tag/e2806894000040038662114f, 88
1652710514.804514, sdrt-health/mac:02010b41cdec/antenna/tag/e28068940000400386621d4f, 90
1652710514.849382, sdrt-health/mac:02010b41cdec/antenna/tag/e2806894000050038662194f, 81
1652710514.878707, sdrt-health/mac:02010b41cdec/antenna/tag/e2806894000050038661fd4f, 83
1652710514.879453, sdrt-health/mac:02010b41cdec/antenna/tag/e2806894000040038662114f, 85
1652710514.879891, sdrt-health/mac:02010b41cdec/antenna/tag/e28068940000400386621d4f, 90
1652710514.924082, sdrt-health/mac:02010b41cdec/antenna/tag/e2806894000050038662154f, 97
1652710514.973435, sdrt-health/mac:02010b41cdec/antenna/tag/e2806894000050038661fd4f, 83
1652710515.008929, sdrt-health/mac:02010b41cdec/antenna/tag/e28068940000400386621d4f, 96
1652710515.009559, sdrt-health/mac:02010b41cdec/antenna/tag/e2806894000050038661fd4f, 83
1652710515.024033, sdrt-health/mac:02010b41cdec/antenna/tag/e2806894000050038662154f, 88
1652710515.067557, sdrt-health/mac:02010b41cdec/antenna/tag/e2806894000040038662114f, 88
1652710515.107634, sdrt-health/mac:02010b41cdec/antenna/tag/e2806894000050038662194f, 81
1652710515.223028, sdrt-health/mac:02010b41cdec/antenna/tag/e2806894000050038661fd4f, 83
1652710515.223517, sdrt-health/mac:02010b41cdec/antenna/tag/e2806894000050038662194f, 94
1652710515.265235, sdrt-health/mac:02010b41cdec/antenna/tag/e28068940000400386621d4f, 96
1652710515.319329, sdrt-health/mac:02010b41cdec/antenna/tag/e28068940000400386621d4f, 90
1652710515.366241, sdrt-health/mac:02010b41cdec/antenna/tag/e2806894000050038662154f, 88
1652710515.450054, sdrt-health/mac:02010b41cdec/antenna/tag/e2806894000050038662154f, 91
1652710515.450538, sdrt-health/mac:02010b41cdec/antenna/tag/e2806894000050038662194f, 87
1652710515.485654, sdrt-health/mac:02010b41cdec/antenna/tag/e2806894000040038662114f, 88
1652710515.485894, sdrt-health/mac:02010b41cdec/antenna/tag/e2806894000050038661fd4f, 86
1652710515.486132, sdrt-health/mac:02010b41cdec/antenna/tag/e2806894000040038662114f, 88
1652710515.511428, sdrt-health/mac:02010b41cdec/antenna/tag/e2806894000040038662114f, 88
1652710515.511675, sdrt-health/mac:02010b41cdec/antenna/tag/e2806894000050038662194f, 93
1652710515.550731, sdrt-health/mac:02010b41cdec/antenna/tag/e2806894000050038661fd4f, 86
1652710515.647252, sdrt-health/mac:02010b41cdec/antenna/tag/e2806894000050038662154f, 88
1652710515.647792, sdrt-health/mac:02010b41cdec/antenna/tag/e28068940000400386621d4f, 96
1652710515.677749, sdrt-health/mac:02010b41cdec/antenna/tag/e2806894000050038662154f, 88
1652710515.678231, sdrt-health/mac:02010b41cdec/antenna/tag/e2806894000050038661fd4f, 83
1652710515.678569, sdrt-health/mac:02010b41cdec/antenna/tag/e28068940000400386621d4f, 96
1652710515.716648, sdrt-health/mac:02010b41cdec/antenna/tag/e2806894000050038662154f, 87
1652710515.781679, sdrt-health/mac:02010b41cdec/antenna/tag/e2806894000040038662114f, 85
1652710515.782211, sdrt-health/mac:02010b41cdec/antenna/tag/e28068940000400386621d4f, 90
1652710515.803987, sdrt-health/mac:02010b41cdec/antenna/tag/e28068940000400386621d4f, 90
1652710515.832214, sdrt-health/mac:02010b41cdec/antenna/tag/e2806894000050038661fd4f, 83
1652710515.881398, sdrt-health/mac:02010b41cdec/antenna/tag/e28068940000400386621d4f, 96
1652710515.962724, sdrt-health/mac:02010b41cdec/antenna/tag/e28068940000400386621d4f, 96
1652710515.963271, sdrt-health/mac:02010b41cdec/antenna/tag/e2806894000040038662114f, 85
1652710515.963614, sdrt-health/mac:02010b41cdec/antenna/tag/e28068940000400386621d4f, 96
1652710515.987473, sdrt-health/mac:02010b41cdec/antenna/tag/e2806894000040038662114f, 85
1652710515.996714, sdrt-health/mac:02010b41cdec/antenna/tag/e28068940000400386621d4f, 90
1652710516.027756, sdrt-health/mac:02010b41cdec/antenna/tag/e2806894000040038662114f, 85
1652710516.03833, sdrt-health/mac:02010b41cdec/antenna/tag/e2806894000050038661fd4f, 83
1652710516.20489, sdrt-health/mac:02010b41cdec/antenna/tag/e2806894000050038661fd4f, 83
1652710516.205546, sdrt-health/mac:02010b41cdec/antenna/tag/e2806894000040038662114f, 88
1652710516.250393, sdrt-health/mac:02010b41cdec/antenna/tag/e2806894000050038661fd4f, 83
1652710516.275242, sdrt-health/mac:02010b41cdec/antenna/tag/e2806894000040038662114f, 88
1652710516.292039, sdrt-health/mac:02010b41cdec/antenna/tag/e2806894000050038661fd4f, 86
1652710516.328864, sdrt-health/mac:02010b41cdec/antenna/tag/e28068940000400386621d4f, 96
1652710516.370253, sdrt-health/mac:02010b41cdec/antenna/tag/e2806894000050038662154f, 97
1652710516.370706, sdrt-health/mac:02010b41cdec/antenna/tag/e2806894000050038662154f, 91
1652710516.408195, sdrt-health/mac:02010b41cdec/antenna/tag/e2806894000050038661fd4f, 86
1652710516.464306, sdrt-health/mac:02010b41cdec/antenna/tag/e2806894000050038661fd4f, 86
1652710516.465675, sdrt-health/mac:02010b41cdec/antenna/tag/e28068940000400386621d4f, 96
1652710516.493383, sdrt-health/mac:02010b41cdec/antenna/tag/e2806894000040038662114f, 85
1652710516.524507, sdrt-health/mac:02010b41cdec/antenna/tag/e2806894000050038661fd4f, 86
1652710516.524848, sdrt-health/mac:02010b41cdec/antenna/tag/e28068940000400386621d4f, 96
1652710516.525124, sdrt-health/mac:02010b41cdec/antenna/tag/e2806894000050038661fd4f, 83
1652710516.540235, sdrt-health/mac:02010b41cdec/antenna/tag/e2806894000040038662114f, 88
1652710516.540554, sdrt-health/mac:02010b41cdec/antenna/tag/e2806894000040038662114f, 88
1652710516.540911, sdrt-health/mac:02010b41cdec/antenna/tag/e28068940000400386621d4f, 96
1652710516.589127, sdrt-health/mac:02010b41cdec/antenna/tag/e2806894000050038662154f, 91
1652710516.64632, sdrt-health/mac:02010b41cdec/antenna/tag/e2806894000050038662154f, 85
1652710516.680788, sdrt-health/mac:02010b41cdec/antenna/tag/e28068940000400386621d4f, 96
1652710516.681152, sdrt-health/mac:02010b41cdec/antenna/tag/e2806894000050038662154f, 85
1652710516.695952, sdrt-health/mac:02010b41cdec/antenna/tag/e2806894000040038662114f, 85
1652710516.696249, sdrt-health/mac:02010b41cdec/antenna/tag/e28068940000400386621d4f, 96
1652710516.731861, sdrt-health/mac:02010b41cdec/antenna/tag/e2806894000040038662114f, 88
1652710516.787016, sdrt-health/mac:02010b41cdec/antenna/tag/e28068940000400386621d4f, 96
1652710516.814911, sdrt-health/mac:02010b41cdec/antenna/tag/e28068940000400386621d4f, 96
1652710516.815308, sdrt-health/mac:02010b41cdec/antenna/tag/e2806894000050038661fd4f, 83
1652710516.815555, sdrt-health/mac:02010b41cdec/antenna/tag/e2806894000050038661fd4f, 83
1652710516.829859, sdrt-health/mac:02010b41cdec/antenna/tag/e28068940000400386621d4f, 96
1652710516.830138, sdrt-health/mac:02010b41cdec/antenna/tag/e2806894000050038662154f, 91
1652710516.866286, sdrt-health/mac:02010b41cdec/antenna/tag/e2806894000050038662154f, 88
1652710516.906382, sdrt-health/mac:02010b41cdec/antenna/tag/e2806894000050038662194f, 87
1652710516.964903, sdrt-health/mac:02010b41cdec/antenna/tag/e2806894000050038662154f, 88
1652710517.022654, sdrt-health/mac:02010b41cdec/antenna/tag/e2806894000050038662194f, 83
1652710517.023178, sdrt-health/mac:02010b41cdec/antenna/tag/e28068940000400386621d4f, 96
1652710517.035326, sdrt-health/mac:02010b41cdec/antenna/tag/e2806894000050038662154f, 88
1652710517.052834, sdrt-health/mac:02010b41cdec/antenna/tag/e28068940000400386621d4f, 96
1652710517.095911, sdrt-health/mac:02010b41cdec/antenna/tag/e2806894000050038662154f, 91
1652710517.146979, sdrt-health/mac:02010b41cdec/antenna/tag/e2806894000050038662154f, 85
1652710517.174724, sdrt-health/mac:02010b41cdec/antenna/tag/e2806894000040038662114f, 85
1652710517.175269, sdrt-health/mac:02010b41cdec/antenna/tag/e2806894000050038662154f, 85
1652710517.211454, sdrt-health/mac:02010b41cdec/antenna/tag/e2806894000050038662154f, 85
1652710517.256187, sdrt-health/mac:02010b41cdec/antenna/tag/e2806894000050038661fd4f, 83
1652710517.256741, sdrt-health/mac:02010b41cdec/antenna/tag/e2806894000040038662114f, 85
1652710517.272513, sdrt-health/mac:02010b41cdec/antenna/tag/e2806894000050038661fd4f, 83
1652710517.33998, sdrt-health/mac:02010b41cdec/antenna/tag/e2806894000040038662114f, 88
1652710517.340496, sdrt-health/mac:02010b41cdec/antenna/tag/e28068940000400386621d4f, 77
1652710517.360121, sdrt-health/mac:02010b41cdec/antenna/tag/e2806894000050038662154f, 91
1652710517.360596, sdrt-health/mac:02010b41cdec/antenna/tag/e2806894000050038661fd4f, 83
1652710517.462578, sdrt-health/mac:02010b41cdec/antenna/tag/e2806894000050038662154f, 91
1652710517.517243, sdrt-health/mac:02010b41cdec/antenna/tag/e2806894000040038662114f, 85
1652710517.546552, sdrt-health/mac:02010b41cdec/antenna/tag/e2806894000040038662114f, 85
1652710517.603896, sdrt-health/mac:02010b41cdec/antenna/tag/e2806894000050038662154f, 85
1652710517.648667, sdrt-health/mac:02010b41cdec/antenna/tag/e28068940000400386621d4f, 90
1652710517.675405, sdrt-health/mac:02010b41cdec/antenna/tag/e28068940000400386621d4f, 96
1652710517.675762, sdrt-health/mac:02010b41cdec/antenna/tag/e2806894000050038661fd4f, 86
1652710517.712096, sdrt-health/mac:02010b41cdec/antenna/tag/e2806894000040038662114f, 88
1652710517.79835, sdrt-health/mac:02010b41cdec/antenna/tag/e2806894000040038662114f, 85
1652710517.798827, sdrt-health/mac:02010b41cdec/antenna/tag/e2806894000050038661fd4f, 83
1652710517.822327, sdrt-health/mac:02010b41cdec/antenna/tag/e28068940000400386621d4f, 96
1652710517.826288, sdrt-health/mac:02010b41cdec/antenna/tag/e2806894000050038662154f, 91
1652710517.844492, sdrt-health/mac:02010b41cdec/antenna/tag/e2806894000040038662114f, 85
1652710517.844881, sdrt-health/mac:02010b41cdec/antenna/tag/e28068940000400386621d4f, 96
1652710517.845089, sdrt-health/mac:02010b41cdec/antenna/tag/e2806894000050038661fd4f, 86
1652710517.845271, sdrt-health/mac:02010b41cdec/antenna/tag/e28068940000400386621d4f, 96
1652710517.925321, sdrt-health/mac:02010b41cdec/antenna/tag/e2806894000050038662154f, 91
1652710518.088812, sdrt-health/mac:02010b41cdec/antenna/tag/e28068940000400386621d4f, 90
1652710518.117022, sdrt-health/mac:02010b41cdec/antenna/tag/e2806894000050038661fd4f, 86
1652710518.117329, sdrt-health/mac:02010b41cdec/antenna/tag/e2806894000050038662154f, 91
1652710518.117562, sdrt-health/mac:02010b41cdec/antenna/tag/e2806894000050038662154f, 91
1652710518.117766, sdrt-health/mac:02010b41cdec/antenna/tag/e2806894000040038662114f, 88
1652710518.117959, sdrt-health/mac:02010b41cdec/antenna/tag/e28068940000400386621d4f, 90
1652710518.118154, sdrt-health/mac:02010b41cdec/antenna/tag/e2806894000040038662214f, 81
1652710518.118347, sdrt-health/mac:02010b41cdec/antenna/tag/e2806894000040038662054f, 88
1652710518.130224, sdrt-health/mac:02010b41cdec/antenna/tag/e2806894000040038662114f, 85
1652710518.181464, sdrt-health/mac:02010b41cdec/antenna/tag/e28068940000400386621d4f, 96
1652710518.218855, sdrt-health/mac:02010b41cdec/antenna/tag/e28068940000400386621d4f, 96
1652710518.283301, sdrt-health/mac:02010b41cdec/antenna/tag/e2806894000050038662154f, 91
1652710518.283702, sdrt-health/mac:02010b41cdec/antenna/tag/e2806894000040038662114f, 88
1652710518.306926, sdrt-health/mac:02010b41cdec/antenna/tag/e2806894000040038662114f, 91
1652710518.374085, sdrt-health/mac:02010b41cdec/antenna/tag/e2806894000040038662114f, 91
1652710518.374576, sdrt-health/mac:02010b41cdec/antenna/tag/e28068940000400386621d4f, 90
1652710518.412245, sdrt-health/mac:02010b41cdec/antenna/tag/e2806894000050038661fd4f, 86
1652710518.480432, sdrt-health/mac:02010b41cdec/antenna/tag/e2806894000040038662114f, 88
1652710518.480905, sdrt-health/mac:02010b41cdec/antenna/tag/e2806894000050038662154f, 85
1652710518.503721, sdrt-health/mac:02010b41cdec/antenna/tag/e2806894000050038661fd4f, 83
1652710518.555055, sdrt-health/mac:02010b41cdec/antenna/tag/e2806894000050038662154f, 85
1652710518.598513, sdrt-health/mac:02010b41cdec/antenna/tag/e28068940000400386621d4f, 96
1652710518.633922, sdrt-health/mac:02010b41cdec/antenna/tag/e2806894000050038662154f, 93
1652710518.681256, sdrt-health/mac:02010b41cdec/antenna/tag/e28068940000400386621d4f, 96
1652710518.730819, sdrt-health/mac:02010b41cdec/antenna/tag/e28068940000400386621d4f, 96
1652710518.773981, sdrt-health/mac:02010b41cdec/antenna/tag/e2806894000050038661fd4f, 83
1652710518.774411, sdrt-health/mac:02010b41cdec/antenna/tag/e2806894000050038662154f, 88
1652710518.774736, sdrt-health/mac:02010b41cdec/antenna/tag/e2806894000040038662114f, 85
1652710518.775009, sdrt-health/mac:02010b41cdec/antenna/tag/e28068940000400386621d4f, 77
1652710518.784887, sdrt-health/mac:02010b41cdec/antenna/tag/e28068940000400386621d4f, 96
1652710518.823869, sdrt-health/mac:02010b41cdec/antenna/tag/e2806894000050038662154f, 91
1652710518.870272, sdrt-health/mac:02010b41cdec/antenna/tag/e2806894000040038662114f, 85
1652710518.870618, sdrt-health/mac:02010b41cdec/antenna/tag/e2806894000040038662114f, 93
1652710518.870841, sdrt-health/mac:02010b41cdec/antenna/tag/e2806894000050038662154f, 91
1652710518.885313, sdrt-health/mac:02010b41cdec/antenna/tag/e2806894000050038661fd4f, 86
1652710518.886164, sdrt-health/mac:02010b41cdec/antenna/tag/e2806894000050038662154f, 91
1652710518.906589, sdrt-health/mac:02010b41cdec/antenna/tag/e2806894000050038661fd4f, 83
1652710519.01158, sdrt-health/mac:02010b41cdec/antenna/tag/e2806894000040038662114f, 85
1652710519.012043, sdrt-health/mac:02010b41cdec/antenna/tag/e28068940000400386621d4f, 90
1652710519.030485, sdrt-health/mac:02010b41cdec/antenna/tag/e2806894000050038662194f, 83
1652710519.06185, sdrt-health/mac:02010b41cdec/antenna/tag/e2806894000050038661fd4f, 86
1652710519.062165, sdrt-health/mac:02010b41cdec/antenna/tag/e2806894000050038662194f, 83
1652710519.083799, sdrt-health/mac:02010b41cdec/antenna/tag/e2806894000050038662194f, 94
1652710519.139545, sdrt-health/mac:02010b41cdec/antenna/tag/e2806894000040038662114f, 85
1652710519.207943, sdrt-health/mac:02010b41cdec/antenna/tag/e2806894000050038662154f, 93
1652710519.208409, sdrt-health/mac:02010b41cdec/antenna/tag/e2806894000050038661fd4f, 83
1652710519.237287, sdrt-health/mac:02010b41cdec/antenna/tag/e2806894000050038661fd4f, 97
1652710519.281797, sdrt-health/mac:02010b41cdec/antenna/tag/e2806894000050038662194f, 83
1652710519.281989, sdrt-health/mac:02010b41cdec/antenna/tag/e2806894000050038661fd4f, 86
1652710519.282118, sdrt-health/mac:02010b41cdec/antenna/tag/e2806894000050038662194f, 83
1652710519.303683, sdrt-health/mac:02010b41cdec/antenna/tag/e2806894000050038662154f, 88
1652710519.303914, sdrt-health/mac:02010b41cdec/antenna/tag/e2806894000050038661fd4f, 83
1652710519.304066, sdrt-health/mac:02010b41cdec/antenna/tag/e2806894000040038662114f, 88
1652710519.344185, sdrt-health/mac:02010b41cdec/antenna/tag/e2806894000040038662114f, 85
1652710519.423968, sdrt-health/mac:02010b41cdec/antenna/tag/e2806894000040038662114f, 88
1652710519.424465, sdrt-health/mac:02010b41cdec/antenna/tag/e2806894000040038662114f, 85
1652710519.442324, sdrt-health/mac:02010b41cdec/antenna/tag/e2806894000050038662154f, 91
1652710519.442793, sdrt-health/mac:02010b41cdec/antenna/tag/e28068940000400386621d4f, 96
1652710519.443134, sdrt-health/mac:02010b41cdec/antenna/tag/e2806894000050038662154f, 91
1652710519.464169, sdrt-health/mac:02010b41cdec/antenna/tag/e28068940000400386621d4f, 96
1652710519.502444, sdrt-health/mac:02010b41cdec/antenna/tag/e2806894000050038661fd4f, 83
1652710519.550559, sdrt-health/mac:02010b41cdec/antenna/tag/e2806894000040038662114f, 88
1652710519.551014, sdrt-health/mac:02010b41cdec/antenna/tag/e28068940000400386621d4f, 96
1652710519.573933, sdrt-health/mac:02010b41cdec/antenna/tag/e2806894000050038662154f, 85
1652710519.574479, sdrt-health/mac:02010b41cdec/antenna/tag/e2806894000040038662114f, 88
1652710519.574887, sdrt-health/mac:02010b41cdec/antenna/tag/e2806894000050038662194f, 83
1652710519.605052, sdrt-health/mac:02010b41cdec/antenna/tag/e2806894000040038662114f, 85
1652710519.704851, sdrt-health/mac:02010b41cdec/antenna/tag/e28068940000400386621d4f, 90
1652710519.705446, sdrt-health/mac:02010b41cdec/antenna/tag/e2806894000050038662154f, 91
1652710519.728256, sdrt-health/mac:02010b41cdec/antenna/tag/e2806894000050038662194f, 94
1652710519.728645, sdrt-health/mac:02010b41cdec/antenna/tag/e2806894000040038662114f, 88
1652710519.728887, sdrt-health/mac:02010b41cdec/antenna/tag/e28068940000400386621d4f, 90
1652710519.786034, sdrt-health/mac:02010b41cdec/antenna/tag/e2806894000050038662154f, 85
1652710519.870477, sdrt-health/mac:02010b41cdec/antenna/tag/e28068940000400386621d4f, 96
1652710519.870991, sdrt-health/mac:02010b41cdec/antenna/tag/e2806894000050038662194f, 81
1652710519.897311, sdrt-health/mac:02010b41cdec/antenna/tag/e2806894000040038662114f, 85
1652710519.92777, sdrt-health/mac:02010b41cdec/antenna/tag/e2806894000050038662194f, 81
1652710519.928081, sdrt-health/mac:02010b41cdec/antenna/tag/e2806894000040038662114f, 85
1652710519.946996, sdrt-health/mac:02010b41cdec/antenna/tag/e2806894000050038662154f, 93
1652710520.002689, sdrt-health/mac:02010b41cdec/antenna/tag/e2806894000040038662114f, 85
1652710520.0032, sdrt-health/mac:02010b41cdec/antenna/tag/e2806894000040038662114f, 88
1652710520.016432, sdrt-health/mac:02010b41cdec/antenna/tag/e2806894000050038662154f, 85
1652710520.028581, sdrt-health/mac:02010b41cdec/antenna/tag/e2806894000050038662154f, 93
1652710520.031361, sdrt-health/mac:02010b41cdec/antenna/tag/e2806894000050038662154f, 85
1652710520.065485, sdrt-health/mac:02010b41cdec/antenna/tag/e2806894000040038662114f, 88
1652710520.16243, sdrt-health/mac:02010b41cdec/antenna/tag/e2806894000050038662154f, 87
1652710520.162934, sdrt-health/mac:02010b41cdec/antenna/tag/e2806894000050038662194f, 93
1652710520.186442, sdrt-health/mac:02010b41cdec/antenna/tag/e28068940000400386621d4f, 90
1652710520.260441, sdrt-health/mac:02010b41cdec/antenna/tag/e2806894000050038661fd4f, 83
1652710520.260945, sdrt-health/mac:02010b41cdec/antenna/tag/e2806894000050038661fd4f, 83
1652710520.293906, sdrt-health/mac:02010b41cdec/antenna/tag/e28068940000400386621d4f, 96
1652710520.323925, sdrt-health/mac:02010b41cdec/antenna/tag/e2806894000040038662114f, 85
1652710520.324317, sdrt-health/mac:02010b41cdec/antenna/tag/e2806894000040038662114f, 93
1652710520.349188, sdrt-health/mac:02010b41cdec/antenna/tag/e2806894000050038662154f, 87
1652710520.38104, sdrt-health/mac:02010b41cdec/antenna/tag/e2806894000050038661fd4f, 83
1652710520.381531, sdrt-health/mac:02010b41cdec/antenna/tag/e2806894000050038662154f, 93
1652710520.41599, sdrt-health/mac:02010b41cdec/antenna/tag/e2806894000050038661fd4f, 86
1652710520.446406, sdrt-health/mac:02010b41cdec/antenna/tag/e2806894000050038662154f, 88
1652710520.514827, sdrt-health/mac:02010b41cdec/antenna/tag/e2806894000050038661fd4f, 86
1652710520.515187, sdrt-health/mac:02010b41cdec/antenna/tag/e2806894000050038662154f, 88
1652710520.544656, sdrt-health/mac:02010b41cdec/antenna/tag/e28068940000400386621d4f, 90
1652710520.594926, sdrt-health/mac:02010b41cdec/antenna/tag/e2806894000040038662114f, 91
1652710520.595345, sdrt-health/mac:02010b41cdec/antenna/tag/e2806894000050038662194f, 83
1652710520.59567, sdrt-health/mac:02010b41cdec/antenna/tag/e2806894000050038662154f, 85
1652710520.645167, sdrt-health/mac:02010b41cdec/antenna/tag/e2806894000050038662154f, 85
1652710520.700797, sdrt-health/mac:02010b41cdec/antenna/tag/e2806894000050038662194f, 88
1652710520.701318, sdrt-health/mac:02010b41cdec/antenna/tag/e2806894000050038662154f, 93
1652710520.873206, sdrt-health/mac:02010b41cdec/antenna/tag/scan, scan stopped
