1652709957.002444, sdrt-health/mac:02010b41cdec/state, online
1652709957.003336, sdrt-health/mac:02010b41cdec/antenna/power/set, {"power": 280}
1652709958.119768, sdrt-health/mac:02010b41cdec/antenna/power/set, 
1652709962.02412, sdrt-health/mac:02010b41cdec/antenna/tag/scan, {"time": 20000}
1652709962.511198, sdrt-health/mac:02010b41cdec/antenna/tag/e2806894000040038662114f, 91
1652709962.580246, sdrt-health/mac:02010b41cdec/antenna/tag/e28068940000400386621d4f, 90
1652709962.592105, sdrt-health/mac:02010b41cdec/antenna/tag/e2806894000050038662154f, 85
1652709962.678086, sdrt-health/mac:02010b41cdec/antenna/tag/e2806894000040038662114f, 91
1652709962.678587, sdrt-health/mac:02010b41cdec/antenna/tag/e28068940000400386621d4f, 90
1652709962.679014, sdrt-health/mac:02010b41cdec/antenna/tag/e28068940000400386621d4f, 90
1652709962.70319, sdrt-health/mac:02010b41cdec/antenna/tag/e28068940000400386621d4f, 90
1652709962.758066, sdrt-health/mac:02010b41cdec/antenna/tag/e2806894000040038662114f, 97
1652709962.758451, sdrt-health/mac:02010b41cdec/antenna/tag/e2806894000050038662154f, 88
1652709962.758725, sdrt-health/mac:02010b41cdec/antenna/tag/e2806894000040038662114f, 97
1652709962.775216, sdrt-health/mac:02010b41cdec/antenna/tag/e28068940000400386621d4f, 96
1652709962.821987, sdrt-health/mac:02010b41cdec/antenna/tag/e2806894000040038661f94f, 88
1652709962.878402, sdrt-health/mac:02010b41cdec/antenna/tag/e2806894000050038662154f, 88
1652709962.87891, sdrt-health/mac:02010b41cdec/antenna/tag/e2806894000040038662214f, 84
1652709962.879258, sdrt-health/mac:02010b41cdec/antenna/tag/e2806894000050038662154f, 85
1652709962.924483, sdrt-health/mac:02010b41cdec/antenna/tag/e28068940000400386621d4f, 96
1652709962.953728, sdrt-health/mac:02010b41cdec/antenna/tag/e2806894000040038662114f, 88
1652709962.954269, sdrt-health/mac:02010b41cdec/antenna/tag/e2806894000050038662154f, 88
1652709962.989685, sdrt-health/mac:02010b41cdec/antenna/tag/e2806894000050038662154f, 88
1652709962.992477, sdrt-health/mac:02010b41cdec/antenna/tag/e2806894000050038662154f, 88
1652709963.004465, sdrt-health/mac:02010b41cdec/antenna/tag/e28068940000400386621d4f, 96
1652709963.004861, sdrt-health/mac:02010b41cdec/antenna/tag/e2806894000040038662114f, 88
1652709963.105164, sdrt-health/mac:02010b41cdec/antenna/tag/e28068940000400386621d4f, 96
1652709963.106256, sdrt-health/mac:02010b41cdec/antenna/tag/e28068940000400386621d4f, 96
1652709963.119873, sdrt-health/mac:02010b41cdec/antenna/tag/e2806894000050038662194f, 84
1652709963.176964, sdrt-health/mac:02010b41cdec/antenna/tag/e28068940000400386621d4f, 96
1652709963.210065, sdrt-health/mac:02010b41cdec/antenna/tag/e2806894000050038662154f, 88
1652709963.210358, sdrt-health/mac:02010b41cdec/antenna/tag/e2806894000040038662114f, 88
1652709963.210562, sdrt-health/mac:02010b41cdec/antenna/tag/e2806894000040038662114f, 88
1652709963.210755, sdrt-health/mac:02010b41cdec/antenna/tag/e2806894000050038662154f, 88
1652709963.240344, sdrt-health/mac:02010b41cdec/antenna/tag/e2806894000050038662154f, 88
1652709963.271592, sdrt-health/mac:02010b41cdec/antenna/tag/e28068940000400386621d4f, 96
1652709963.27181, sdrt-health/mac:02010b41cdec/antenna/tag/e2806894000050038662154f, 85
1652709963.271973, sdrt-health/mac:02010b41cdec/antenna/tag/e2806894000040038662114f, 88
1652709963.306499, sdrt-health/mac:02010b41cdec/antenna/tag/e2806894000050038662154f, 91
1652709963.372102, sdrt-health/mac:02010b41cdec/antenna/tag/e28068940000400386621d4f, 96
1652709963.446522, sdrt-health/mac:02010b41cdec/antenna/tag/e2806894000050038662194f, 83
1652709963.446893, sdrt-health/mac:02010b41cdec/antenna/tag/e2806894000040038662114f, 88
1652709963.469681, sdrt-health/mac:02010b41cdec/antenna/tag/e28068940000400386621d4f, 96
1652709963.470081, sdrt-health/mac:02010b41cdec/antenna/tag/e2806894000050038662154f, 91
1652709963.484606, sdrt-health/mac:02010b41cdec/antenna/tag/e2806894000040038662114f, 91
1652709963.484938, sdrt-health/mac:02010b41cdec/antenna/tag/e2806894000050038662154f, 88
1652709963.485191, sdrt-health/mac:02010b41cdec/antenna/tag/e28068940000400386621d4f, 96
1652709963.505046, sdrt-health/mac:02010b41cdec/antenna/tag/e2806894000040038662114f, 88
1652709963.505395, sdrt-health/mac:02010b41cdec/antenna/tag/e2806894000040038662114f, 88
1652709963.537981, sdrt-health/mac:02010b41cdec/antenna/tag/e2806894000040038662114f, 88
1652709963.582623, sdrt-health/mac:02010b41cdec/antenna/tag/e28068940000400386621d4f, 96
1652709963.886123, sdrt-health/mac:02010b41cdec/antenna/tag/e28068940000400386621d4f, 90
1652709963.886435, sdrt-health/mac:02010b41cdec/antenna/tag/e2806894000050038662154f, 91
1652709963.886658, sdrt-health/mac:02010b41cdec/antenna/tag/e2806894000050038662154f, 91
1652709963.899795, sdrt-health/mac:02010b41cdec/antenna/tag/e28068940000500386620d4f, 81
1652709963.899992, sdrt-health/mac:02010b41cdec/antenna/tag/e2806894000050038662154f, 88
1652709963.900133, sdrt-health/mac:02010b41cdec/antenna/tag/e2806894000050038662194f, 94
1652709963.900298, sdrt-health/mac:02010b41cdec/antenna/tag/e28068940000400386621d4f, 96
1652709963.900476, sdrt-health/mac:02010b41cdec/antenna/tag/e2806894000050038662154f, 85
1652709963.900628, sdrt-health/mac:02010b41cdec/antenna/tag/e2806894000040038662114f, 88
1652709963.900779, sdrt-health/mac:02010b41cdec/antenna/tag/e2806894000050038662154f, 85
1652709963.900927, sdrt-health/mac:02010b41cdec/antenna/tag/e2806894000050038662154f, 91
1652709963.901073, sdrt-health/mac:02010b41cdec/antenna/tag/e2806894000040038662114f, 91
1652709963.901247, sdrt-health/mac:02010b41cdec/antenna/tag/e2806894000050038662154f, 91
1652709963.936509, sdrt-health/mac:02010b41cdec/antenna/tag/e2806894000040038662114f, 91
1652709964.012379, sdrt-health/mac:02010b41cdec/antenna/tag/e2806894000040038662114f, 88
1652709964.012592, sdrt-health/mac:02010b41cdec/antenna/tag/e28068940000400386621d4f, 96
1652709964.027131, sdrt-health/mac:02010b41cdec/antenna/tag/e2806894000050038662154f, 91
1652709964.043714, sdrt-health/mac:02010b41cdec/antenna/tag/e2806894000040038662114f, 91
1652709964.117209, sdrt-health/mac:02010b41cdec/antenna/tag/e2806894000040038662114f, 91
1652709964.11746, sdrt-health/mac:02010b41cdec/antenna/tag/e2806894000040038662114f, 88
1652709964.142036, sdrt-health/mac:02010b41cdec/antenna/tag/e2806894000050038662154f, 88
1652709964.169757, sdrt-health/mac:02010b41cdec/antenna/tag/e28068940000400386621d4f, 96
1652709964.170075, sdrt-health/mac:02010b41cdec/antenna/tag/e2806894000040038662114f, 85
1652709964.170336, sdrt-health/mac:02010b41cdec/antenna/tag/e2806894000040038662114f, 88
1652709964.170526, sdrt-health/mac:02010b41cdec/antenna/tag/e28068940000400386621d4f, 96
1652709964.187913, sdrt-health/mac:02010b41cdec/antenna/tag/e2806894000040038662114f, 88
1652709964.255159, sdrt-health/mac:02010b41cdec/antenna/tag/e28068940000400386621d4f, 77
1652709964.300241, sdrt-health/mac:02010b41cdec/antenna/tag/e28068940000400386621d4f, 96
1652709964.36804, sdrt-health/mac:02010b41cdec/antenna/tag/e2806894000050038662154f, 85
1652709964.368348, sdrt-health/mac:02010b41cdec/antenna/tag/e2806894000040038662114f, 88
1652709964.38634, sdrt-health/mac:02010b41cdec/antenna/tag/e2806894000050038662154f, 91
1652709964.431106, sdrt-health/mac:02010b41cdec/antenna/tag/e28068940000400386621d4f, 96
1652709964.465123, sdrt-health/mac:02010b41cdec/antenna/tag/e2806894000050038662154f, 88
1652709964.46559, sdrt-health/mac:02010b41cdec/antenna/tag/e2806894000040038662114f, 88
1652709964.465933, sdrt-health/mac:02010b41cdec/antenna/tag/e28068940000400386621d4f, 96
1652709964.480102, sdrt-health/mac:02010b41cdec/antenna/tag/e28068940000400386621d4f, 96
1652709964.48055, sdrt-health/mac:02010b41cdec/antenna/tag/e2806894000050038662154f, 91
1652709964.519932, sdrt-health/mac:02010b41cdec/antenna/tag/e28068940000400386621d4f, 90
1652709964.549325, sdrt-health/mac:02010b41cdec/antenna/tag/e2806894000050038662154f, 88
1652709964.549539, sdrt-health/mac:02010b41cdec/antenna/tag/e2806894000040038662114f, 88
1652709964.549658, sdrt-health/mac:02010b41cdec/antenna/tag/e2806894000050038662154f, 88
1652709964.568098, sdrt-health/mac:02010b41cdec/antenna/tag/e2806894000040038662114f, 88
1652709964.617368, sdrt-health/mac:02010b41cdec/antenna/tag/e2806894000050038662154f, 88
1652709964.684048, sdrt-health/mac:02010b41cdec/antenna/tag/e28068940000400386621d4f, 90
1652709964.684255, sdrt-health/mac:02010b41cdec/antenna/tag/e28068940000400386621d4f, 96
1652709964.702328, sdrt-health/mac:02010b41cdec/antenna/tag/e2806894000040038662114f, 97
1652709964.702585, sdrt-health/mac:02010b41cdec/antenna/tag/e2806894000040038662114f, 91
1652709964.702761, sdrt-health/mac:02010b41cdec/antenna/tag/e2806894000050038662194f, 81
1652709964.734439, sdrt-health/mac:02010b41cdec/antenna/tag/e2806894000040038662114f, 88
1652709964.781146, sdrt-health/mac:02010b41cdec/antenna/tag/e2806894000050038662194f, 94
1652709964.781428, sdrt-health/mac:02010b41cdec/antenna/tag/e2806894000050038662154f, 85
1652709964.837387, sdrt-health/mac:02010b41cdec/antenna/tag/e28068940000400386621d4f, 77
1652709964.92428, sdrt-health/mac:02010b41cdec/antenna/tag/e2806894000050038662154f, 85
1652709964.924563, sdrt-health/mac:02010b41cdec/antenna/tag/e2806894000050038662154f, 88
1652709964.937635, sdrt-health/mac:02010b41cdec/antenna/tag/e2806894000040038662114f, 91
1652709964.937853, sdrt-health/mac:02010b41cdec/antenna/tag/e28068940000400386621d4f, 90
1652709964.938007, sdrt-health/mac:02010b41cdec/antenna/tag/e2806894000050038662154f, 88
1652709964.958414, sdrt-health/mac:02010b41cdec/antenna/tag/e28068940000400386621d4f, 90
1652709964.95862, sdrt-health/mac:02010b41cdec/antenna/tag/e2806894000050038662194f, 83
1652709964.958775, sdrt-health/mac:02010b41cdec/antenna/tag/e2806894000050038662154f, 88
1652709965.001028, sdrt-health/mac:02010b41cdec/antenna/tag/e28068940000400386621d4f, 96
1652709965.078808, sdrt-health/mac:02010b41cdec/antenna/tag/e2806894000050038662154f, 88
1652709965.079118, sdrt-health/mac:02010b41cdec/antenna/tag/e2806894000050038662154f, 88
1652709965.092717, sdrt-health/mac:02010b41cdec/antenna/tag/e28068940000400386621d4f, 96
1652709965.099472, sdrt-health/mac:02010b41cdec/antenna/tag/e2806894000050038662154f, 88
1652709965.156223, sdrt-health/mac:02010b41cdec/antenna/tag/e2806894000050038661fd4f, 84
1652709965.215284, sdrt-health/mac:02010b41cdec/antenna/tag/e28068940000400386621d4f, 96
1652709965.215555, sdrt-health/mac:02010b41cdec/antenna/tag/e2806894000040038662114f, 91
1652709965.275068, sdrt-health/mac:02010b41cdec/antenna/tag/e28068940000400386621d4f, 96
1652709965.332554, sdrt-health/mac:02010b41cdec/antenna/tag/e28068940000400386621d4f, 77
1652709965.368154, sdrt-health/mac:02010b41cdec/antenna/tag/e2806894000040038662114f, 91
1652709965.368384, sdrt-health/mac:02010b41cdec/antenna/tag/e28068940000400386621d4f, 90
1652709965.368533, sdrt-health/mac:02010b41cdec/antenna/tag/e2806894000040038662114f, 88
1652709965.386363, sdrt-health/mac:02010b41cdec/antenna/tag/e2806894000040038662114f, 85
1652709965.386687, sdrt-health/mac:02010b41cdec/antenna/tag/e2806894000050038662154f, 85
1652709965.387058, sdrt-health/mac:02010b41cdec/antenna/tag/e28068940000400386621d4f, 96
1652709965.420215, sdrt-health/mac:02010b41cdec/antenna/tag/e28068940000400386621d4f, 96
1652709965.475769, sdrt-health/mac:02010b41cdec/antenna/tag/e28068940000400386621d4f, 96
1652709965.534587, sdrt-health/mac:02010b41cdec/antenna/tag/e28068940000400386621d4f, 96
1652709965.615122, sdrt-health/mac:02010b41cdec/antenna/tag/e28068940000400386621d4f, 77
1652709965.615332, sdrt-health/mac:02010b41cdec/antenna/tag/e2806894000050038662194f, 88
1652709965.658671, sdrt-health/mac:02010b41cdec/antenna/tag/e2806894000050038662194f, 81
1652709965.659181, sdrt-health/mac:02010b41cdec/antenna/tag/e2806894000050038662154f, 85
1652709965.659792, sdrt-health/mac:02010b41cdec/antenna/tag/e2806894000050038662154f, 85
1652709965.710175, sdrt-health/mac:02010b41cdec/antenna/tag/e28068940000400386621d4f, 77
1652709965.740455, sdrt-health/mac:02010b41cdec/antenna/tag/e2806894000050038662154f, 85
1652709965.741037, sdrt-health/mac:02010b41cdec/antenna/tag/e2806894000040038662114f, 88
1652709965.741599, sdrt-health/mac:02010b41cdec/antenna/tag/e28068940000400386621d4f, 77
1652709965.742141, sdrt-health/mac:02010b41cdec/antenna/tag/e2806894000050038662194f, 87
1652709965.755202, sdrt-health/mac:02010b41cdec/antenna/tag/e2806894000040038662114f, 88
1652709965.807338, sdrt-health/mac:02010b41cdec/antenna/tag/e2806894000050038662154f, 85
1652709965.838703, sdrt-health/mac:02010b41cdec/antenna/tag/e2806894000040038662114f, 88
1652709965.838996, sdrt-health/mac:02010b41cdec/antenna/tag/e2806894000040038662114f, 88
1652709965.839202, sdrt-health/mac:02010b41cdec/antenna/tag/e2806894000050038662154f, 85
1652709965.855779, sdrt-health/mac:02010b41cdec/antenna/tag/e2806894000040038662114f, 91
1652709965.899693, sdrt-health/mac:02010b41cdec/antenna/tag/e28068940000400386621d4f, 77
1652709965.965915, sdrt-health/mac:02010b41cdec/antenna/tag/e2806894000050038662194f, 94
1652709965.997422, sdrt-health/mac:02010b41cdec/antenna/tag/e2806894000050038662194f, 88
1652709965.997976, sdrt-health/mac:02010b41cdec/antenna/tag/e2806894000050038662154f, 93
1652709966.016009, sdrt-health/mac:02010b41cdec/antenna/tag/e28068940000400386621d4f, 90
1652709966.070434, sdrt-health/mac:02010b41cdec/antenna/tag/e2806894000050038662154f, 85
1652709966.131889, sdrt-health/mac:02010b41cdec/antenna/tag/e28068940000400386621d4f, 90
1652709966.132412, sdrt-health/mac:02010b41cdec/antenna/tag/e28068940000400386621d4f, 90
1652709966.194766, sdrt-health/mac:02010b41cdec/antenna/tag/e28068940000400386621d4f, 96
1652709966.27097, sdrt-health/mac:02010b41cdec/antenna/tag/e2806894000050038662194f, 81
1652709966.271692, sdrt-health/mac:02010b41cdec/antenna/tag/e2806894000040038662114f, 83
1652709966.285415, sdrt-health/mac:02010b41cdec/antenna/tag/e2806894000040038662114f, 97
1652709966.321422, sdrt-health/mac:02010b41cdec/antenna/tag/e28068940000400386621d4f, 90
1652709966.32183, sdrt-health/mac:02010b41cdec/antenna/tag/e28068940000400386621d4f, 96
1652709966.322094, sdrt-health/mac:02010b41cdec/antenna/tag/e28068940000400386621d4f, 96
1652709966.322561, sdrt-health/mac:02010b41cdec/antenna/tag/e2806894000050038662154f, 85
1652709966.350328, sdrt-health/mac:02010b41cdec/antenna/tag/e28068940000400386621d4f, 96
1652709966.385285, sdrt-health/mac:02010b41cdec/antenna/tag/e2806894000050038662194f, 83
1652709966.385884, sdrt-health/mac:02010b41cdec/antenna/tag/e2806894000050038662154f, 85
1652709966.399865, sdrt-health/mac:02010b41cdec/antenna/tag/e28068940000400386621d4f, 96
1652709966.443723, sdrt-health/mac:02010b41cdec/antenna/tag/e2806894000050038662154f, 88
1652709966.478899, sdrt-health/mac:02010b41cdec/antenna/tag/e2806894000040038662114f, 91
1652709966.47952, sdrt-health/mac:02010b41cdec/antenna/tag/e2806894000050038662154f, 88
1652709966.509092, sdrt-health/mac:02010b41cdec/antenna/tag/e28068940000400386621d4f, 90
1652709966.544458, sdrt-health/mac:02010b41cdec/antenna/tag/e2806894000040038662114f, 91
1652709966.545092, sdrt-health/mac:02010b41cdec/antenna/tag/e28068940000400386621d4f, 90
1652709966.545533, sdrt-health/mac:02010b41cdec/antenna/tag/e2806894000050038662154f, 91
1652709966.559201, sdrt-health/mac:02010b41cdec/antenna/tag/e2806894000050038662154f, 88
1652709966.559429, sdrt-health/mac:02010b41cdec/antenna/tag/e2806894000050038662194f, 81
1652709966.611608, sdrt-health/mac:02010b41cdec/antenna/tag/e2806894000050038662154f, 88
1652709966.662472, sdrt-health/mac:02010b41cdec/antenna/tag/e2806894000050038662194f, 88
1652709966.662783, sdrt-health/mac:02010b41cdec/antenna/tag/e2806894000040038662114f, 91
1652709966.676675, sdrt-health/mac:02010b41cdec/antenna/tag/e28068940000400386621d4f, 90
1652709966.676992, sdrt-health/mac:02010b41cdec/antenna/tag/e2806894000050038662154f, 88
1652709966.709439, sdrt-health/mac:02010b41cdec/antenna/tag/e2806894000050038662154f, 85
1652709966.741536, sdrt-health/mac:02010b41cdec/antenna/tag/e2806894000050038662194f, 83
1652709966.741898, sdrt-health/mac:02010b41cdec/antenna/tag/e2806894000040038662114f, 91
1652709966.754936, sdrt-health/mac:02010b41cdec/antenna/tag/e28068940000400386621d4f, 96
1652709966.829854, sdrt-health/mac:02010b41cdec/antenna/tag/e2806894000040038662114f, 91
1652709966.870247, sdrt-health/mac:02010b41cdec/antenna/tag/e28068940000400386621d4f, 96
1652709966.904728, sdrt-health/mac:02010b41cdec/antenna/tag/e2806894000040038662114f, 91
1652709966.905165, sdrt-health/mac:02010b41cdec/antenna/tag/e28068940000400386621d4f, 90
1652709966.919224, sdrt-health/mac:02010b41cdec/antenna/tag/e2806894000050038662194f, 83
1652709966.94884, sdrt-health/mac:02010b41cdec/antenna/tag/e28068940000400386621d4f, 96
1652709967.012289, sdrt-health/mac:02010b41cdec/antenna/tag/e2806894000050038662194f, 81
1652709967.012795, sdrt-health/mac:02010b41cdec/antenna/tag/e2806894000050038662154f, 93
1652709967.04886, sdrt-health/mac:02010b41cdec/antenna/tag/e28068940000400386621d4f, 96
1652709967.12703, sdrt-health/mac:02010b41cdec/antenna/tag/e2806894000040038662114f, 85
1652709967.127433, sdrt-health/mac:02010b41cdec/antenna/tag/e28068940000400386621d4f, 96
1652709967.141375, sdrt-health/mac:02010b41cdec/antenna/tag/e28068940000400386621d4f, 96
1652709967.141954, sdrt-health/mac:02010b41cdec/antenna/tag/e28068940000400386621d4f, 96
1652709967.160294, sdrt-health/mac:02010b41cdec/antenna/tag/e28068940000400386621d4f, 96
1652709967.212015, sdrt-health/mac:02010b41cdec/antenna/tag/e2806894000050038662154f, 93
1652709967.304236, sdrt-health/mac:02010b41cdec/antenna/tag/e2806894000040038662114f, 88
1652709967.304591, sdrt-health/mac:02010b41cdec/antenna/tag/e2806894000040038662114f, 88
1652709967.321381, sdrt-health/mac:02010b41cdec/antenna/tag/e2806894000050038662194f, 83
1652709967.321839, sdrt-health/mac:02010b41cdec/antenna/tag/e2806894000040038662114f, 91
1652709967.322215, sdrt-health/mac:02010b41cdec/antenna/tag/e2806894000050038662154f, 88
1652709967.322556, sdrt-health/mac:02010b41cdec/antenna/tag/e28068940000400386621d4f, 96
1652709967.322903, sdrt-health/mac:02010b41cdec/antenna/tag/e28068940000400386621d4f, 96
1652709967.378057, sdrt-health/mac:02010b41cdec/antenna/tag/e2806894000050038662154f, 91
1652709967.423279, sdrt-health/mac:02010b41cdec/antenna/tag/e2806894000050038662154f, 88
1652709967.423877, sdrt-health/mac:02010b41cdec/antenna/tag/e2806894000040038662114f, 88
1652709967.437685, sdrt-health/mac:02010b41cdec/antenna/tag/e28068940000400386621d4f, 96
1652709967.479418, sdrt-health/mac:02010b41cdec/antenna/tag/e2806894000040038662114f, 91
1652709967.553867, sdrt-health/mac:02010b41cdec/antenna/tag/e2806894000050038662154f, 88
1652709967.554966, sdrt-health/mac:02010b41cdec/antenna/tag/e28068940000400386621d4f, 90
1652709967.607081, sdrt-health/mac:02010b41cdec/antenna/tag/e2806894000040038662114f, 97
1652709967.607624, sdrt-health/mac:02010b41cdec/antenna/tag/e2806894000040038662114f, 97
1652709967.632366, sdrt-health/mac:02010b41cdec/antenna/tag/e2806894000050038662194f, 81
1652709967.640937, sdrt-health/mac:02010b41cdec/antenna/tag/e2806894000050038662154f, 88
1652709967.641187, sdrt-health/mac:02010b41cdec/antenna/tag/e2806894000040038662114f, 91
1652709967.641326, sdrt-health/mac:02010b41cdec/antenna/tag/e2806894000050038662194f, 83
1652709967.70002, sdrt-health/mac:02010b41cdec/antenna/tag/e28068940000400386621d4f, 90
1652709967.748199, sdrt-health/mac:02010b41cdec/antenna/tag/e28068940000400386621d4f, 96
1652709967.843559, sdrt-health/mac:02010b41cdec/antenna/tag/e2806894000040038662114f, 88
1652709967.844042, sdrt-health/mac:02010b41cdec/antenna/tag/e2806894000040038662114f, 88
1652709967.857115, sdrt-health/mac:02010b41cdec/antenna/tag/e2806894000050038662154f, 88
1652709967.857585, sdrt-health/mac:02010b41cdec/antenna/tag/e28068940000400386621d4f, 90
1652709967.857983, sdrt-health/mac:02010b41cdec/antenna/tag/e2806894000050038662154f, 88
1652709967.88652, sdrt-health/mac:02010b41cdec/antenna/tag/e28068940000500386620d4f, 84
1652709967.963113, sdrt-health/mac:02010b41cdec/antenna/tag/e2806894000050038662194f, 83
1652709967.963672, sdrt-health/mac:02010b41cdec/antenna/tag/e2806894000050038662154f, 88
1652709967.963786, sdrt-health/mac:02010b41cdec/antenna/tag/e2806894000050038662194f, 83
1652709968.005787, sdrt-health/mac:02010b41cdec/antenna/tag/e28068940000400386621d4f, 96
1652709968.056927, sdrt-health/mac:02010b41cdec/antenna/tag/e28068940000400386621d4f, 96
1652709968.124582, sdrt-health/mac:02010b41cdec/antenna/tag/e2806894000040038662114f, 85
1652709968.125036, sdrt-health/mac:02010b41cdec/antenna/tag/e2806894000040038662114f, 97
1652709968.166286, sdrt-health/mac:02010b41cdec/antenna/tag/e2806894000050038662194f, 83
1652709968.216548, sdrt-health/mac:02010b41cdec/antenna/tag/e2806894000040038662114f, 88
1652709968.254906, sdrt-health/mac:02010b41cdec/antenna/tag/e2806894000050038662154f, 85
1652709968.255468, sdrt-health/mac:02010b41cdec/antenna/tag/e2806894000050038662154f, 88
1652709968.269644, sdrt-health/mac:02010b41cdec/antenna/tag/e2806894000040038662114f, 88
1652709968.327213, sdrt-health/mac:02010b41cdec/antenna/tag/e2806894000050038662154f, 91
1652709968.379951, sdrt-health/mac:02010b41cdec/antenna/tag/e28068940000400386621d4f, 90
1652709968.450768, sdrt-health/mac:02010b41cdec/antenna/tag/e2806894000050038662154f, 88
1652709968.450962, sdrt-health/mac:02010b41cdec/antenna/tag/e28068940000400386621d4f, 90
1652709968.464917, sdrt-health/mac:02010b41cdec/antenna/tag/e2806894000040038662114f, 88
1652709968.496262, sdrt-health/mac:02010b41cdec/antenna/tag/e2806894000040038662114f, 88
1652709968.497124, sdrt-health/mac:02010b41cdec/antenna/tag/e2806894000040038662054f, 84
1652709968.520688, sdrt-health/mac:02010b41cdec/antenna/tag/e28068940000400386621d4f, 96
1652709968.580236, sdrt-health/mac:02010b41cdec/antenna/tag/e2806894000050038662154f, 91
1652709968.580427, sdrt-health/mac:02010b41cdec/antenna/tag/e2806894000050038662154f, 88
1652709968.596977, sdrt-health/mac:02010b41cdec/antenna/tag/e28068940000400386621d4f, 90
1652709968.597721, sdrt-health/mac:02010b41cdec/antenna/tag/e2806894000050038662154f, 88
1652709968.598047, sdrt-health/mac:02010b41cdec/antenna/tag/e2806894000040038662114f, 88
1652709968.611537, sdrt-health/mac:02010b41cdec/antenna/tag/e2806894000050038662154f, 88
1652709968.662901, sdrt-health/mac:02010b41cdec/antenna/tag/e2806894000050038662154f, 88
1652709968.723963, sdrt-health/mac:02010b41cdec/antenna/tag/e28068940000400386621d4f, 96
1652709968.724166, sdrt-health/mac:02010b41cdec/antenna/tag/e2806894000050038662154f, 85
1652709968.739077, sdrt-health/mac:02010b41cdec/antenna/tag/e2806894000040038662114f, 88
1652709968.739481, sdrt-health/mac:02010b41cdec/antenna/tag/e28068940000400386621d4f, 96
1652709968.739743, sdrt-health/mac:02010b41cdec/antenna/tag/e2806894000040038662114f, 91
1652709968.757772, sdrt-health/mac:02010b41cdec/antenna/tag/e2806894000040038662214f, 94
1652709968.825384, sdrt-health/mac:02010b41cdec/antenna/tag/e2806894000040038662114f, 85
1652709968.877987, sdrt-health/mac:02010b41cdec/antenna/tag/e2806894000040038662114f, 88
1652709968.878501, sdrt-health/mac:02010b41cdec/antenna/tag/e2806894000050038662154f, 85
1652709968.87888, sdrt-health/mac:02010b41cdec/antenna/tag/e2806894000040038662214f, 88
1652709968.892347, sdrt-health/mac:02010b41cdec/antenna/tag/e2806894000040038662114f, 88
1652709968.892815, sdrt-health/mac:02010b41cdec/antenna/tag/e2806894000040038662214f, 88
1652709968.918951, sdrt-health/mac:02010b41cdec/antenna/tag/e28068940000400386621d4f, 96
1652709968.983948, sdrt-health/mac:02010b41cdec/antenna/tag/e28068940000400386621d4f, 90
1652709968.98461, sdrt-health/mac:02010b41cdec/antenna/tag/e28068940000400386621d4f, 96
1652709968.999548, sdrt-health/mac:02010b41cdec/antenna/tag/e28068940000400386621d4f, 96
1652709969.023029, sdrt-health/mac:02010b41cdec/antenna/tag/e2806894000040038662114f, 97
1652709969.055128, sdrt-health/mac:02010b41cdec/antenna/tag/e2806894000050038662154f, 88
1652709969.055579, sdrt-health/mac:02010b41cdec/antenna/tag/e2806894000050038662154f, 88
1652709969.127012, sdrt-health/mac:02010b41cdec/antenna/tag/e2806894000040038662114f, 97
1652709969.158977, sdrt-health/mac:02010b41cdec/antenna/tag/e2806894000050038662194f, 81
1652709969.15944, sdrt-health/mac:02010b41cdec/antenna/tag/e2806894000050038662154f, 85
1652709969.159749, sdrt-health/mac:02010b41cdec/antenna/tag/e28068940000400386621d4f, 96
1652709969.160825, sdrt-health/mac:02010b41cdec/antenna/tag/e2806894000040038662114f, 97
1652709969.183678, sdrt-health/mac:02010b41cdec/antenna/tag/e2806894000050038662194f, 87
1652709969.250973, sdrt-health/mac:02010b41cdec/antenna/tag/e2806894000050038662154f, 88
1652709969.331905, sdrt-health/mac:02010b41cdec/antenna/tag/e28068940000400386621d4f, 77
1652709969.332213, sdrt-health/mac:02010b41cdec/antenna/tag/e2806894000040038662214f, 94
1652709969.347709, sdrt-health/mac:02010b41cdec/antenna/tag/e2806894000040038662114f, 88
1652709969.370008, sdrt-health/mac:02010b41cdec/antenna/tag/e28068940000400386621d4f, 77
1652709969.404279, sdrt-health/mac:02010b41cdec/antenna/tag/e2806894000050038662154f, 85
1652709969.404535, sdrt-health/mac:02010b41cdec/antenna/tag/e2806894000040038662114f, 88
1652709969.429628, sdrt-health/mac:02010b41cdec/antenna/tag/e28068940000400386621d4f, 96
1652709969.471322, sdrt-health/mac:02010b41cdec/antenna/tag/e28068940000400386621d4f, 96
1652709969.528591, sdrt-health/mac:02010b41cdec/antenna/tag/e28068940000400386621d4f, 96
1652709969.572189, sdrt-health/mac:02010b41cdec/antenna/tag/e2806894000050038662154f, 88
1652709969.624196, sdrt-health/mac:02010b41cdec/antenna/tag/e2806894000050038662154f, 91
1652709969.684719, sdrt-health/mac:02010b41cdec/antenna/tag/e28068940000400386621d4f, 96
1652709969.685115, sdrt-health/mac:02010b41cdec/antenna/tag/e28068940000400386621d4f, 77
1652709969.697644, sdrt-health/mac:02010b41cdec/antenna/tag/e2806894000040038662114f, 91
1652709969.719346, sdrt-health/mac:02010b41cdec/antenna/tag/e2806894000040038662214f, 84
1652709969.793858, sdrt-health/mac:02010b41cdec/antenna/tag/e28068940000400386621d4f, 77
1652709969.794056, sdrt-health/mac:02010b41cdec/antenna/tag/e2806894000040038662214f, 81
1652709969.8759, sdrt-health/mac:02010b41cdec/antenna/tag/e2806894000040038662114f, 88
1652709969.907924, sdrt-health/mac:02010b41cdec/antenna/tag/e28068940000400386621d4f, 96
1652709969.908191, sdrt-health/mac:02010b41cdec/antenna/tag/e2806894000040038662114f, 88
1652709969.908383, sdrt-health/mac:02010b41cdec/antenna/tag/e28068940000400386621d4f, 96
1652709969.908598, sdrt-health/mac:02010b41cdec/antenna/tag/e2806894000040038662114f, 88
1652709969.944412, sdrt-health/mac:02010b41cdec/antenna/tag/e28068940000400386621d4f, 96
1652709970.012142, sdrt-health/mac:02010b41cdec/antenna/tag/e28068940000400386621d4f, 96
1652709970.012666, sdrt-health/mac:02010b41cdec/antenna/tag/e2806894000040038662114f, 91
1652709970.027966, sdrt-health/mac:02010b41cdec/antenna/tag/e2806894000040038662114f, 91
1652709970.029011, sdrt-health/mac:02010b41cdec/antenna/tag/e2806894000050038662154f, 88
1652709970.094736, sdrt-health/mac:02010b41cdec/antenna/tag/e2806894000040038662114f, 91
1652709970.171747, sdrt-health/mac:02010b41cdec/antenna/tag/e28068940000400386621d4f, 90
1652709970.171969, sdrt-health/mac:02010b41cdec/antenna/tag/e2806894000050038662154f, 88
1652709970.186398, sdrt-health/mac:02010b41cdec/antenna/tag/e28068940000400386621d4f, 96
1652709970.186846, sdrt-health/mac:02010b41cdec/antenna/tag/e2806894000040038662114f, 88
1652709970.226593, sdrt-health/mac:02010b41cdec/antenna/tag/e2806894000040038662114f, 91
1652709970.260503, sdrt-health/mac:02010b41cdec/antenna/tag/e2806894000050038662154f, 85
1652709970.260743, sdrt-health/mac:02010b41cdec/antenna/tag/e28068940000400386621d4f, 96
1652709970.274867, sdrt-health/mac:02010b41cdec/antenna/tag/e2806894000050038662194f, 81
1652709970.275164, sdrt-health/mac:02010b41cdec/antenna/tag/e2806894000050038662154f, 85
1652709970.275331, sdrt-health/mac:02010b41cdec/antenna/tag/e28068940000400386621d4f, 96
1652709970.351956, sdrt-health/mac:02010b41cdec/antenna/tag/e2806894000050038662154f, 91
1652709970.434697, sdrt-health/mac:02010b41cdec/antenna/tag/e28068940000400386621d4f, 90
1652709970.435152, sdrt-health/mac:02010b41cdec/antenna/tag/e28068940000400386621d4f, 90
1652709970.474206, sdrt-health/mac:02010b41cdec/antenna/tag/e28068940000400386621d4f, 96
1652709970.474414, sdrt-health/mac:02010b41cdec/antenna/tag/e2806894000040038662114f, 88
1652709970.474574, sdrt-health/mac:02010b41cdec/antenna/tag/e28068940000400386621d4f, 96
1652709970.489424, sdrt-health/mac:02010b41cdec/antenna/tag/e2806894000050038662154f, 88
1652709970.519398, sdrt-health/mac:02010b41cdec/antenna/tag/e2806894000040038662114f, 91
1652709970.519991, sdrt-health/mac:02010b41cdec/antenna/tag/e28068940000400386621d4f, 96
1652709970.520341, sdrt-health/mac:02010b41cdec/antenna/tag/e2806894000050038662154f, 88
1652709970.540125, sdrt-health/mac:02010b41cdec/antenna/tag/e28068940000400386621d4f, 90
1652709970.602338, sdrt-health/mac:02010b41cdec/antenna/tag/e2806894000050038662154f, 91
1652709970.602601, sdrt-health/mac:02010b41cdec/antenna/tag/e2806894000050038662154f, 91
1652709970.602776, sdrt-health/mac:02010b41cdec/antenna/tag/e2806894000040038662114f, 88
1652709970.615831, sdrt-health/mac:02010b41cdec/antenna/tag/e2806894000050038662154f, 85
1652709970.616126, sdrt-health/mac:02010b41cdec/antenna/tag/e2806894000040038662114f, 88
1652709970.657302, sdrt-health/mac:02010b41cdec/antenna/tag/e2806894000040038662114f, 88
1652709970.689651, sdrt-health/mac:02010b41cdec/antenna/tag/e2806894000050038662194f, 94
1652709970.690191, sdrt-health/mac:02010b41cdec/antenna/tag/e28068940000400386621d4f, 77
1652709970.690784, sdrt-health/mac:02010b41cdec/antenna/tag/e2806894000050038662154f, 85
1652709970.705644, sdrt-health/mac:02010b41cdec/antenna/tag/e28068940000400386621d4f, 77
1652709970.752565, sdrt-health/mac:02010b41cdec/antenna/tag/e2806894000050038662154f, 85
1652709970.787214, sdrt-health/mac:02010b41cdec/antenna/tag/e2806894000050038662194f, 81
1652709970.787833, sdrt-health/mac:02010b41cdec/antenna/tag/e2806894000050038662154f, 85
1652709970.788307, sdrt-health/mac:02010b41cdec/antenna/tag/e2806894000040038662114f, 88
1652709970.813811, sdrt-health/mac:02010b41cdec/antenna/tag/e28068940000400386621d4f, 77
1652709970.867669, sdrt-health/mac:02010b41cdec/antenna/tag/e2806894000050038662154f, 85
1652709970.867874, sdrt-health/mac:02010b41cdec/antenna/tag/e2806894000040038662114f, 91
1652709970.867999, sdrt-health/mac:02010b41cdec/antenna/tag/e2806894000040038662114f, 88
1652709970.943252, sdrt-health/mac:02010b41cdec/antenna/tag/e2806894000040038662114f, 88
1652709970.991547, sdrt-health/mac:02010b41cdec/antenna/tag/e2806894000050038662154f, 88
1652709970.991892, sdrt-health/mac:02010b41cdec/antenna/tag/e2806894000050038662154f, 88
1652709970.992123, sdrt-health/mac:02010b41cdec/antenna/tag/e2806894000040038662114f, 88
1652709971.033144, sdrt-health/mac:02010b41cdec/antenna/tag/e2806894000040038662114f, 88
1652709971.068525, sdrt-health/mac:02010b41cdec/antenna/tag/e2806894000050038662154f, 88
1652709971.068897, sdrt-health/mac:02010b41cdec/antenna/tag/e2806894000040038662114f, 91
1652709971.069444, sdrt-health/mac:02010b41cdec/antenna/tag/e28068940000400386621d4f, 96
1652709971.093554, sdrt-health/mac:02010b41cdec/antenna/tag/e2806894000050038662154f, 85
1652709971.094038, sdrt-health/mac:02010b41cdec/antenna/tag/e2806894000040038662114f, 88
1652709971.123354, sdrt-health/mac:02010b41cdec/antenna/tag/e2806894000050038662194f, 87
1652709971.183426, sdrt-health/mac:02010b41cdec/antenna/tag/e2806894000050038662154f, 88
1652709971.183981, sdrt-health/mac:02010b41cdec/antenna/tag/e2806894000040038662114f, 91
1652709971.199075, sdrt-health/mac:02010b41cdec/antenna/tag/e2806894000050038662194f, 87
1652709971.218137, sdrt-health/mac:02010b41cdec/antenna/tag/e28068940000400386621d4f, 90
1652709971.28321, sdrt-health/mac:02010b41cdec/antenna/tag/e28068940000400386621d4f, 77
1652709971.283541, sdrt-health/mac:02010b41cdec/antenna/tag/e2806894000050038662194f, 81
1652709971.310191, sdrt-health/mac:02010b41cdec/antenna/tag/e2806894000040038662114f, 97
1652709971.340247, sdrt-health/mac:02010b41cdec/antenna/tag/e2806894000050038662194f, 81
1652709971.340712, sdrt-health/mac:02010b41cdec/antenna/tag/e2806894000050038662194f, 84
1652709971.341127, sdrt-health/mac:02010b41cdec/antenna/tag/e28068940000400386621d4f, 77
1652709971.341454, sdrt-health/mac:02010b41cdec/antenna/tag/e2806894000050038662154f, 85
1652709971.397534, sdrt-health/mac:02010b41cdec/antenna/tag/e2806894000040038662114f, 91
1652709971.428929, sdrt-health/mac:02010b41cdec/antenna/tag/e2806894000050038662154f, 88
1652709971.49165, sdrt-health/mac:02010b41cdec/antenna/tag/e28068940000400386621d4f, 96
1652709971.492193, sdrt-health/mac:02010b41cdec/antenna/tag/e28068940000400386621d4f, 90
1652709971.590221, sdrt-health/mac:02010b41cdec/antenna/tag/e28068940000400386621d4f, 90
1652709971.619116, sdrt-health/mac:02010b41cdec/antenna/tag/e2806894000040038662114f, 91
1652709971.619763, sdrt-health/mac:02010b41cdec/antenna/tag/e2806894000050038662154f, 88
1652709971.620505, sdrt-health/mac:02010b41cdec/antenna/tag/e28068940000400386621d4f, 90
1652709971.640835, sdrt-health/mac:02010b41cdec/antenna/tag/e2806894000040038662114f, 88
1652709971.669598, sdrt-health/mac:02010b41cdec/antenna/tag/e2806894000050038662154f, 88
1652709971.669948, sdrt-health/mac:02010b41cdec/antenna/tag/e28068940000400386621d4f, 96
1652709971.670228, sdrt-health/mac:02010b41cdec/antenna/tag/e2806894000050038662154f, 85
1652709971.688456, sdrt-health/mac:02010b41cdec/antenna/tag/e28068940000400386621d4f, 96
1652709971.717877, sdrt-health/mac:02010b41cdec/antenna/tag/e2806894000040038662114f, 91
1652709971.71836, sdrt-health/mac:02010b41cdec/antenna/tag/e2806894000050038662154f, 85
1652709971.736343, sdrt-health/mac:02010b41cdec/antenna/tag/e2806894000050038662154f, 85
1652709971.939005, sdrt-health/mac:02010b41cdec/antenna/tag/e2806894000050038662154f, 85
1652709971.990248, sdrt-health/mac:02010b41cdec/antenna/tag/e2806894000050038662154f, 85
1652709972.032761, sdrt-health/mac:02010b41cdec/antenna/tag/e2806894000050038662194f, 83
1652709972.070248, sdrt-health/mac:02010b41cdec/antenna/tag/e2806894000040038662114f, 91
1652709972.147455, sdrt-health/mac:02010b41cdec/antenna/tag/e2806894000040038662114f, 88
1652709972.19596, sdrt-health/mac:02010b41cdec/antenna/tag/e2806894000050038662154f, 88
1652709972.253815, sdrt-health/mac:02010b41cdec/antenna/tag/e28068940000400386621d4f, 96
1652709972.30802, sdrt-health/mac:02010b41cdec/antenna/tag/e2806894000050038662154f, 91
1652709972.549764, sdrt-health/mac:02010b41cdec/antenna/tag/e2806894000050038662194f, 83
1652709972.587662, sdrt-health/mac:02010b41cdec/antenna/tag/e2806894000040038662114f, 97
1652709972.588296, sdrt-health/mac:02010b41cdec/antenna/tag/e2806894000050038662194f, 83
1652709972.601998, sdrt-health/mac:02010b41cdec/antenna/tag/e2806894000050038662154f, 85
1652709972.60225, sdrt-health/mac:02010b41cdec/antenna/tag/e2806894000050038662194f, 94
1652709972.602471, sdrt-health/mac:02010b41cdec/antenna/tag/e2806894000050038662194f, 81
1652709972.602693, sdrt-health/mac:02010b41cdec/antenna/tag/e2806894000050038662154f, 85
1652709972.602905, sdrt-health/mac:02010b41cdec/antenna/tag/e2806894000050038662154f, 88
1652709972.603081, sdrt-health/mac:02010b41cdec/antenna/tag/e2806894000040038662114f, 91
1652709972.60328, sdrt-health/mac:02010b41cdec/antenna/tag/e2806894000050038662154f, 88
1652709972.603996, sdrt-health/mac:02010b41cdec/antenna/tag/e28068940000400386621d4f, 90
1652709972.604236, sdrt-health/mac:02010b41cdec/antenna/tag/e2806894000040038662114f, 91
1652709972.647884, sdrt-health/mac:02010b41cdec/antenna/tag/e28068940000400386621d4f, 96
1652709972.718253, sdrt-health/mac:02010b41cdec/antenna/tag/e2806894000050038662194f, 81
1652709972.749726, sdrt-health/mac:02010b41cdec/antenna/tag/e2806894000040038662114f, 91
1652709972.74992, sdrt-health/mac:02010b41cdec/antenna/tag/e2806894000040038662114f, 97
1652709972.765001, sdrt-health/mac:02010b41cdec/antenna/tag/e2806894000050038662194f, 81
1652709972.813268, sdrt-health/mac:02010b41cdec/antenna/tag/e28068940000400386621d4f, 77
1652709972.873651, sdrt-health/mac:02010b41cdec/antenna/tag/e2806894000040038662114f, 91
1652709972.911702, sdrt-health/mac:02010b41cdec/antenna/tag/e2806894000040038662114f, 88
1652709972.912085, sdrt-health/mac:02010b41cdec/antenna/tag/e2806894000050038662194f, 83
1652709972.946122, sdrt-health/mac:02010b41cdec/antenna/tag/e28068940000400386621d4f, 96
1652709972.975072, sdrt-health/mac:02010b41cdec/antenna/tag/e2806894000040038662114f, 91
1652709972.975708, sdrt-health/mac:02010b41cdec/antenna/tag/e28068940000400386621d4f, 90
1652709972.996447, sdrt-health/mac:02010b41cdec/antenna/tag/e28068940000400386621d4f, 90
1652709973.03212, sdrt-health/mac:02010b41cdec/antenna/tag/e2806894000040038662114f, 88
1652709973.032439, sdrt-health/mac:02010b41cdec/antenna/tag/e2806894000050038662154f, 88
1652709973.032637, sdrt-health/mac:02010b41cdec/antenna/tag/e28068940000400386621d4f, 96
1652709973.049317, sdrt-health/mac:02010b41cdec/antenna/tag/e2806894000040038662114f, 97
1652709973.098618, sdrt-health/mac:02010b41cdec/antenna/tag/e2806894000050038662194f, 88
1652709973.129351, sdrt-health/mac:02010b41cdec/antenna/tag/e28068940000400386621d4f, 96
1652709973.129972, sdrt-health/mac:02010b41cdec/antenna/tag/e28068940000400386621d4f, 90
1652709973.130322, sdrt-health/mac:02010b41cdec/antenna/tag/e2806894000050038662154f, 88
1652709973.151175, sdrt-health/mac:02010b41cdec/antenna/tag/e2806894000040038662114f, 97
1652709973.206841, sdrt-health/mac:02010b41cdec/antenna/tag/e28068940000400386621d4f, 90
1652709973.20744, sdrt-health/mac:02010b41cdec/antenna/tag/e2806894000050038662194f, 88
1652709973.220862, sdrt-health/mac:02010b41cdec/antenna/tag/e2806894000040038662114f, 88
1652709973.236844, sdrt-health/mac:02010b41cdec/antenna/tag/e2806894000040038662114f, 91
1652709973.310585, sdrt-health/mac:02010b41cdec/antenna/tag/e2806894000040038662114f, 88
1652709973.310934, sdrt-health/mac:02010b41cdec/antenna/tag/e28068940000400386621d4f, 96
1652709973.355757, sdrt-health/mac:02010b41cdec/antenna/tag/e28068940000400386621d4f, 96
1652709973.412651, sdrt-health/mac:02010b41cdec/antenna/tag/e2806894000040038662114f, 88
1652709973.412964, sdrt-health/mac:02010b41cdec/antenna/tag/e2806894000050038662154f, 88
1652709973.413153, sdrt-health/mac:02010b41cdec/antenna/tag/e2806894000050038662194f, 81
1652709973.413326, sdrt-health/mac:02010b41cdec/antenna/tag/e28068940000400386621d4f, 90
1652709973.413505, sdrt-health/mac:02010b41cdec/antenna/tag/e2806894000050038662194f, 81
1652709973.446532, sdrt-health/mac:02010b41cdec/antenna/tag/e2806894000050038662194f, 81
1652709973.447588, sdrt-health/mac:02010b41cdec/antenna/tag/e2806894000050038662154f, 93
1652709973.503382, sdrt-health/mac:02010b41cdec/antenna/tag/e2806894000040038662114f, 88
1652709973.503849, sdrt-health/mac:02010b41cdec/antenna/tag/e2806894000040038662114f, 88
1652709973.560046, sdrt-health/mac:02010b41cdec/antenna/tag/e2806894000040038662114f, 88
1652709973.614627, sdrt-health/mac:02010b41cdec/antenna/tag/e28068940000400386621d4f, 96
1652709973.643249, sdrt-health/mac:02010b41cdec/antenna/tag/e2806894000050038662154f, 88
1652709973.644074, sdrt-health/mac:02010b41cdec/antenna/tag/e2806894000040038662114f, 88
1652709973.670659, sdrt-health/mac:02010b41cdec/antenna/tag/e2806894000040038662114f, 88
1652709973.698685, sdrt-health/mac:02010b41cdec/antenna/tag/e2806894000050038662154f, 88
1652709973.698885, sdrt-health/mac:02010b41cdec/antenna/tag/e28068940000400386621d4f, 96
1652709973.699015, sdrt-health/mac:02010b41cdec/antenna/tag/e2806894000050038662154f, 88
1652709973.722496, sdrt-health/mac:02010b41cdec/antenna/tag/e2806894000040038662114f, 91
1652709973.749231, sdrt-health/mac:02010b41cdec/antenna/tag/e28068940000400386621d4f, 96
1652709973.749665, sdrt-health/mac:02010b41cdec/antenna/tag/e2806894000040038662054f, 84
1652709973.779045, sdrt-health/mac:02010b41cdec/antenna/tag/e28068940000400386621d4f, 96
1652709973.780008, sdrt-health/mac:02010b41cdec/antenna/tag/e2806894000050038662154f, 85
1652709973.795055, sdrt-health/mac:02010b41cdec/antenna/tag/e28068940000400386621d4f, 96
1652709973.795534, sdrt-health/mac:02010b41cdec/antenna/tag/e2806894000050038662194f, 83
1652709973.832713, sdrt-health/mac:02010b41cdec/antenna/tag/e28068940000400386621d4f, 96
1652709973.87637, sdrt-health/mac:02010b41cdec/antenna/tag/e28068940000400386621d4f, 90
1652709973.904013, sdrt-health/mac:02010b41cdec/antenna/tag/e2806894000040038662114f, 88
1652709973.905057, sdrt-health/mac:02010b41cdec/antenna/tag/e2806894000050038662154f, 85
1652709973.905348, sdrt-health/mac:02010b41cdec/antenna/tag/e28068940000400386621d4f, 96
1652709973.90562, sdrt-health/mac:02010b41cdec/antenna/tag/e2806894000040038662114f, 88
1652709973.92936, sdrt-health/mac:02010b41cdec/antenna/tag/e28068940000400386621d4f, 96
1652709973.986685, sdrt-health/mac:02010b41cdec/antenna/tag/e2806894000050038662154f, 91
1652709973.987361, sdrt-health/mac:02010b41cdec/antenna/tag/e28068940000400386621d4f, 90
1652709974.000305, sdrt-health/mac:02010b41cdec/antenna/tag/e2806894000050038662194f, 94
1652709974.031151, sdrt-health/mac:02010b41cdec/antenna/tag/e2806894000040038662114f, 91
1652709974.031627, sdrt-health/mac:02010b41cdec/antenna/tag/e2806894000040038662114f, 97
1652709974.047524, sdrt-health/mac:02010b41cdec/antenna/tag/e28068940000400386621d4f, 90
1652709974.059882, sdrt-health/mac:02010b41cdec/antenna/tag/e2806894000040038662114f, 91
1652709974.114484, sdrt-health/mac:02010b41cdec/antenna/tag/e2806894000040038662114f, 91
1652709974.143069, sdrt-health/mac:02010b41cdec/antenna/tag/e2806894000050038662194f, 81
1652709974.143539, sdrt-health/mac:02010b41cdec/antenna/tag/e2806894000040038662114f, 88
1652709974.143911, sdrt-health/mac:02010b41cdec/antenna/tag/e2806894000040038662114f, 91
1652709974.171791, sdrt-health/mac:02010b41cdec/antenna/tag/e2806894000050038662194f, 83
1652709974.202708, sdrt-health/mac:02010b41cdec/antenna/tag/e2806894000040038662114f, 91
1652709974.203221, sdrt-health/mac:02010b41cdec/antenna/tag/e28068940000400386621d4f, 96
1652709974.216216, sdrt-health/mac:02010b41cdec/antenna/tag/e2806894000040038662114f, 88
1652709974.216593, sdrt-health/mac:02010b41cdec/antenna/tag/e2806894000050038662154f, 88
1652709974.216966, sdrt-health/mac:02010b41cdec/antenna/tag/e28068940000400386621d4f, 96
1652709974.278093, sdrt-health/mac:02010b41cdec/antenna/tag/e2806894000050038662154f, 88
1652709974.348821, sdrt-health/mac:02010b41cdec/antenna/tag/e2806894000040038662114f, 88
1652709974.349174, sdrt-health/mac:02010b41cdec/antenna/tag/e2806894000050038662154f, 88
1652709974.384365, sdrt-health/mac:02010b41cdec/antenna/tag/e2806894000050038662194f, 81
1652709974.483833, sdrt-health/mac:02010b41cdec/antenna/tag/e2806894000050038662154f, 88
1652709974.518784, sdrt-health/mac:02010b41cdec/antenna/tag/e2806894000040038662114f, 88
1652709974.570631, sdrt-health/mac:02010b41cdec/antenna/tag/e28068940000400386621d4f, 96
1652709974.571576, sdrt-health/mac:02010b41cdec/antenna/tag/e28068940000400386621d4f, 96
1652709974.571931, sdrt-health/mac:02010b41cdec/antenna/tag/e28068940000400386621d4f, 96
1652709974.586964, sdrt-health/mac:02010b41cdec/antenna/tag/e2806894000040038662114f, 85
1652709974.587413, sdrt-health/mac:02010b41cdec/antenna/tag/e2806894000050038662154f, 88
1652709974.58782, sdrt-health/mac:02010b41cdec/antenna/tag/e28068940000400386621d4f, 96
1652709974.625929, sdrt-health/mac:02010b41cdec/antenna/tag/e2806894000050038662154f, 85
1652709974.631364, sdrt-health/mac:02010b41cdec/antenna/tag/e2806894000040038662114f, 91
1652709974.631588, sdrt-health/mac:02010b41cdec/antenna/tag/e2806894000050038662154f, 91
1652709974.679142, sdrt-health/mac:02010b41cdec/antenna/tag/e28068940000400386621d4f, 96
1652709974.755602, sdrt-health/mac:02010b41cdec/antenna/tag/e28068940000400386621d4f, 96
1652709974.755885, sdrt-health/mac:02010b41cdec/antenna/tag/e2806894000040038662114f, 88
1652709974.75612, sdrt-health/mac:02010b41cdec/antenna/tag/e2806894000050038662194f, 83
1652709974.771218, sdrt-health/mac:02010b41cdec/antenna/tag/e28068940000400386621d4f, 90
1652709974.804799, sdrt-health/mac:02010b41cdec/antenna/tag/e2806894000040038662114f, 88
1652709974.842437, sdrt-health/mac:02010b41cdec/antenna/tag/e28068940000400386621d4f, 96
1652709974.922542, sdrt-health/mac:02010b41cdec/antenna/tag/e2806894000050038662154f, 91
1652709974.922906, sdrt-health/mac:02010b41cdec/antenna/tag/e2806894000040038662114f, 88
1652709974.923218, sdrt-health/mac:02010b41cdec/antenna/tag/e2806894000050038662154f, 88
1652709974.937588, sdrt-health/mac:02010b41cdec/antenna/tag/e2806894000050038662154f, 88
1652709974.940043, sdrt-health/mac:02010b41cdec/antenna/tag/e2806894000050038662154f, 88
1652709974.953302, sdrt-health/mac:02010b41cdec/antenna/tag/e28068940000400386621d4f, 96
1652709974.953684, sdrt-health/mac:02010b41cdec/antenna/tag/e2806894000040038662114f, 88
1652709974.954095, sdrt-health/mac:02010b41cdec/antenna/tag/e2806894000050038662154f, 88
1652709974.989356, sdrt-health/mac:02010b41cdec/antenna/tag/e2806894000040038662114f, 88
1652709975.0543, sdrt-health/mac:02010b41cdec/antenna/tag/e28068940000400386621d4f, 96
1652709975.114564, sdrt-health/mac:02010b41cdec/antenna/tag/e2806894000040038662114f, 88
1652709975.114784, sdrt-health/mac:02010b41cdec/antenna/tag/e2806894000050038662154f, 91
1652709975.114903, sdrt-health/mac:02010b41cdec/antenna/tag/e2806894000040038662114f, 88
1652709975.128668, sdrt-health/mac:02010b41cdec/antenna/tag/e28068940000400386621d4f, 90
1652709975.128907, sdrt-health/mac:02010b41cdec/antenna/tag/e2806894000040038662114f, 88
1652709975.168656, sdrt-health/mac:02010b41cdec/antenna/tag/e28068940000400386621d4f, 90
1652709975.198669, sdrt-health/mac:02010b41cdec/antenna/tag/e2806894000040038662114f, 91
1652709975.199224, sdrt-health/mac:02010b41cdec/antenna/tag/e2806894000050038662154f, 85
1652709975.218059, sdrt-health/mac:02010b41cdec/antenna/tag/e2806894000050038662154f, 88
1652709975.315501, sdrt-health/mac:02010b41cdec/antenna/tag/e2806894000040038662114f, 88
1652709975.315811, sdrt-health/mac:02010b41cdec/antenna/tag/e2806894000040038662214f, 94
1652709975.373074, sdrt-health/mac:02010b41cdec/antenna/tag/e28068940000400386621d4f, 77
1652709975.445302, sdrt-health/mac:02010b41cdec/antenna/tag/e2806894000040038662114f, 85
1652709975.445647, sdrt-health/mac:02010b41cdec/antenna/tag/e28068940000400386621d4f, 90
1652709975.461, sdrt-health/mac:02010b41cdec/antenna/tag/e28068940000400386621d4f, 90
1652709975.497631, sdrt-health/mac:02010b41cdec/antenna/tag/e2806894000040038662114f, 88
1652709975.498079, sdrt-health/mac:02010b41cdec/antenna/tag/e2806894000050038662154f, 85
1652709975.512768, sdrt-health/mac:02010b41cdec/antenna/tag/e2806894000050038662154f, 88
1652709975.555738, sdrt-health/mac:02010b41cdec/antenna/tag/e2806894000050038662154f, 85
1652709975.583821, sdrt-health/mac:02010b41cdec/antenna/tag/e2806894000050038662194f, 81
1652709975.584131, sdrt-health/mac:02010b41cdec/antenna/tag/e2806894000040038662114f, 91
1652709975.608464, sdrt-health/mac:02010b41cdec/antenna/tag/e28068940000400386621d4f, 90
1652709975.650899, sdrt-health/mac:02010b41cdec/antenna/tag/e2806894000040038662114f, 97
1652709975.68332, sdrt-health/mac:02010b41cdec/antenna/tag/e28068940000400386621d4f, 90
1652709975.683871, sdrt-health/mac:02010b41cdec/antenna/tag/e2806894000050038662194f, 81
1652709975.714843, sdrt-health/mac:02010b41cdec/antenna/tag/e2806894000040038662114f, 91
1652709975.745273, sdrt-health/mac:02010b41cdec/antenna/tag/e28068940000400386621d4f, 90
1652709975.745714, sdrt-health/mac:02010b41cdec/antenna/tag/e2806894000050038662194f, 87
1652709975.790258, sdrt-health/mac:02010b41cdec/antenna/tag/e2806894000050038662194f, 83
1652709975.848389, sdrt-health/mac:02010b41cdec/antenna/tag/e2806894000040038662214f, 94
1652709975.89921, sdrt-health/mac:02010b41cdec/antenna/tag/e28068940000400386621d4f, 77
1652709975.973342, sdrt-health/mac:02010b41cdec/antenna/tag/e28068940000400386621d4f, 96
1652709975.973698, sdrt-health/mac:02010b41cdec/antenna/tag/e2806894000050038662154f, 88
1652709975.98753, sdrt-health/mac:02010b41cdec/antenna/tag/e28068940000400386621d4f, 96
1652709975.987947, sdrt-health/mac:02010b41cdec/antenna/tag/e2806894000040038662114f, 88
1652709975.988238, sdrt-health/mac:02010b41cdec/antenna/tag/e2806894000050038662154f, 88
1652709975.988535, sdrt-health/mac:02010b41cdec/antenna/tag/e28068940000400386621d4f, 96
1652709976.062103, sdrt-health/mac:02010b41cdec/antenna/tag/e2806894000040038662114f, 85
1652709976.122633, sdrt-health/mac:02010b41cdec/antenna/tag/e2806894000040038661f94f, 88
1652709976.155855, sdrt-health/mac:02010b41cdec/antenna/tag/e2806894000040038662114f, 91
1652709976.156354, sdrt-health/mac:02010b41cdec/antenna/tag/e2806894000050038662154f, 91
1652709976.15669, sdrt-health/mac:02010b41cdec/antenna/tag/e28068940000400386621d4f, 96
1652709976.19496, sdrt-health/mac:02010b41cdec/antenna/tag/e28068940000400386621d4f, 77
1652709976.195428, sdrt-health/mac:02010b41cdec/antenna/tag/e2806894000050038662154f, 88
1652709976.253113, sdrt-health/mac:02010b41cdec/antenna/tag/e28068940000400386621d4f, 77
1652709976.285975, sdrt-health/mac:02010b41cdec/antenna/tag/e2806894000050038662154f, 88
1652709976.286512, sdrt-health/mac:02010b41cdec/antenna/tag/e2806894000040038662114f, 88
1652709976.286979, sdrt-health/mac:02010b41cdec/antenna/tag/e28068940000400386621d4f, 96
1652709976.300442, sdrt-health/mac:02010b41cdec/antenna/tag/e28068940000400386621d4f, 96
1652709976.300843, sdrt-health/mac:02010b41cdec/antenna/tag/e2806894000040038662114f, 91
1652709976.356714, sdrt-health/mac:02010b41cdec/antenna/tag/e2806894000050038662154f, 91
1652709976.453441, sdrt-health/mac:02010b41cdec/antenna/tag/e28068940000400386621d4f, 96
1652709976.453961, sdrt-health/mac:02010b41cdec/antenna/tag/e28068940000400386621d4f, 96
1652709976.518326, sdrt-health/mac:02010b41cdec/antenna/tag/e2806894000050038662154f, 88
1652709976.518705, sdrt-health/mac:02010b41cdec/antenna/tag/e2806894000040038662114f, 88
1652709976.533428, sdrt-health/mac:02010b41cdec/antenna/tag/e28068940000400386621d4f, 96
1652709976.567785, sdrt-health/mac:02010b41cdec/antenna/tag/e2806894000050038662154f, 91
1652709976.664716, sdrt-health/mac:02010b41cdec/antenna/tag/e28068940000400386621d4f, 90
1652709976.665227, sdrt-health/mac:02010b41cdec/antenna/tag/e2806894000050038662154f, 91
1652709976.678666, sdrt-health/mac:02010b41cdec/antenna/tag/e2806894000040038662114f, 88
1652709976.697902, sdrt-health/mac:02010b41cdec/antenna/tag/e28068940000500386620d4f, 88
1652709976.73909, sdrt-health/mac:02010b41cdec/antenna/tag/e2806894000050038662154f, 85
1652709976.740132, sdrt-health/mac:02010b41cdec/antenna/tag/e2806894000040038662114f, 85
1652709976.781754, sdrt-health/mac:02010b41cdec/antenna/tag/e2806894000050038662194f, 81
1652709977.188095, sdrt-health/mac:02010b41cdec/antenna/tag/e28068940000400386621d4f, 90
1652709977.262815, sdrt-health/mac:02010b41cdec/antenna/tag/e2806894000050038662154f, 88
1652709977.263336, sdrt-health/mac:02010b41cdec/antenna/tag/e28068940000400386621d4f, 90
1652709977.278821, sdrt-health/mac:02010b41cdec/antenna/tag/e2806894000040038662114f, 91
1652709977.279288, sdrt-health/mac:02010b41cdec/antenna/tag/e2806894000050038662154f, 88
1652709977.279709, sdrt-health/mac:02010b41cdec/antenna/tag/e2806894000040038662114f, 91
1652709977.308554, sdrt-health/mac:02010b41cdec/antenna/tag/e28068940000400386621d4f, 90
1652709977.33734, sdrt-health/mac:02010b41cdec/antenna/tag/e2806894000050038662154f, 88
1652709977.337866, sdrt-health/mac:02010b41cdec/antenna/tag/e2806894000050038662154f, 88
1652709977.338136, sdrt-health/mac:02010b41cdec/antenna/tag/e2806894000040038662114f, 88
1652709977.338386, sdrt-health/mac:02010b41cdec/antenna/tag/e28068940000400386621d4f, 77
1652709977.353137, sdrt-health/mac:02010b41cdec/antenna/tag/e2806894000050038662154f, 85
1652709977.393993, sdrt-health/mac:02010b41cdec/antenna/tag/e2806894000050038662154f, 85
1652709977.394735, sdrt-health/mac:02010b41cdec/antenna/tag/e2806894000050038662154f, 85
1652709977.395094, sdrt-health/mac:02010b41cdec/antenna/tag/e2806894000040038662114f, 88
1652709977.395451, sdrt-health/mac:02010b41cdec/antenna/tag/e2806894000050038662154f, 88
1652709977.395914, sdrt-health/mac:02010b41cdec/antenna/tag/e2806894000040038662114f, 91
1652709977.396458, sdrt-health/mac:02010b41cdec/antenna/tag/e2806894000040038662114f, 85
1652709977.397091, sdrt-health/mac:02010b41cdec/antenna/tag/e2806894000040038662114f, 85
1652709977.397604, sdrt-health/mac:02010b41cdec/antenna/tag/e2806894000050038662154f, 85
1652709977.398183, sdrt-health/mac:02010b41cdec/antenna/tag/e2806894000050038662154f, 91
1652709977.422468, sdrt-health/mac:02010b41cdec/antenna/tag/e28068940000400386621d4f, 96
1652709977.459176, sdrt-health/mac:02010b41cdec/antenna/tag/e2806894000040038662114f, 88
1652709977.459373, sdrt-health/mac:02010b41cdec/antenna/tag/e28068940000400386621d4f, 96
1652709977.474884, sdrt-health/mac:02010b41cdec/antenna/tag/e2806894000040038662114f, 88
1652709977.475167, sdrt-health/mac:02010b41cdec/antenna/tag/e2806894000040038662114f, 88
1652709977.475385, sdrt-health/mac:02010b41cdec/antenna/tag/e2806894000050038662154f, 88
1652709977.509405, sdrt-health/mac:02010b41cdec/antenna/tag/e28068940000400386621d4f, 90
1652709977.557436, sdrt-health/mac:02010b41cdec/antenna/tag/e2806894000040038662114f, 88
1652709977.615949, sdrt-health/mac:02010b41cdec/antenna/tag/e28068940000400386621d4f, 90
1652709977.648929, sdrt-health/mac:02010b41cdec/antenna/tag/e2806894000050038662194f, 87
1652709977.649387, sdrt-health/mac:02010b41cdec/antenna/tag/e2806894000040038662114f, 91
1652709977.665892, sdrt-health/mac:02010b41cdec/antenna/tag/e2806894000050038662194f, 83
1652709977.666479, sdrt-health/mac:02010b41cdec/antenna/tag/e28068940000400386621d4f, 90
1652709977.720265, sdrt-health/mac:02010b41cdec/antenna/tag/e2806894000050038662154f, 93
1652709977.789876, sdrt-health/mac:02010b41cdec/antenna/tag/e28068940000400386621d4f, 77
1652709977.8364, sdrt-health/mac:02010b41cdec/antenna/tag/e2806894000050038662194f, 84
1652709977.915112, sdrt-health/mac:02010b41cdec/antenna/tag/e28068940000400386621d4f, 77
1652709977.915494, sdrt-health/mac:02010b41cdec/antenna/tag/e2806894000050038662154f, 88
1652709977.935813, sdrt-health/mac:02010b41cdec/antenna/tag/e2806894000040038662114f, 91
1652709977.936059, sdrt-health/mac:02010b41cdec/antenna/tag/e2806894000050038662194f, 81
1652709977.966431, sdrt-health/mac:02010b41cdec/antenna/tag/e28068940000400386621d4f, 90
1652709978.006432, sdrt-health/mac:02010b41cdec/antenna/tag/e2806894000040038662114f, 91
1652709978.006719, sdrt-health/mac:02010b41cdec/antenna/tag/e28068940000400386621d4f, 90
1652709978.021121, sdrt-health/mac:02010b41cdec/antenna/tag/e28068940000400386621d4f, 90
1652709978.021466, sdrt-health/mac:02010b41cdec/antenna/tag/e2806894000050038662154f, 88
1652709978.066124, sdrt-health/mac:02010b41cdec/antenna/tag/e2806894000040038662114f, 85
1652709978.146897, sdrt-health/mac:02010b41cdec/antenna/tag/e2806894000040038662114f, 91
1652709978.147121, sdrt-health/mac:02010b41cdec/antenna/tag/e28068940000400386621d4f, 96
1652709978.160709, sdrt-health/mac:02010b41cdec/antenna/tag/e2806894000050038662154f, 85
1652709978.161029, sdrt-health/mac:02010b41cdec/antenna/tag/e2806894000040038662114f, 88
1652709978.175584, sdrt-health/mac:02010b41cdec/antenna/tag/e2806894000040038662114f, 88
1652709978.234174, sdrt-health/mac:02010b41cdec/antenna/tag/e2806894000050038662194f, 83
1652709978.234658, sdrt-health/mac:02010b41cdec/antenna/tag/e28068940000400386621d4f, 90
1652709978.282465, sdrt-health/mac:02010b41cdec/antenna/tag/e28068940000400386621d4f, 96
1652709978.345385, sdrt-health/mac:02010b41cdec/antenna/tag/e2806894000050038662154f, 93
1652709978.345975, sdrt-health/mac:02010b41cdec/antenna/tag/e2806894000050038662194f, 83
1652709978.359012, sdrt-health/mac:02010b41cdec/antenna/tag/e2806894000040038662114f, 88
1652709978.372823, sdrt-health/mac:02010b41cdec/antenna/tag/e2806894000050038662154f, 85
1652709978.386877, sdrt-health/mac:02010b41cdec/antenna/tag/e2806894000040038662114f, 88
1652709978.441198, sdrt-health/mac:02010b41cdec/antenna/tag/e2806894000040038662214f, 94
1652709978.469856, sdrt-health/mac:02010b41cdec/antenna/tag/e28068940000400386621d4f, 96
1652709978.470388, sdrt-health/mac:02010b41cdec/antenna/tag/e2806894000050038662154f, 85
1652709978.470723, sdrt-health/mac:02010b41cdec/antenna/tag/e2806894000040038662214f, 94
1652709978.49572, sdrt-health/mac:02010b41cdec/antenna/tag/e28068940000400386621d4f, 96
1652709978.529951, sdrt-health/mac:02010b41cdec/antenna/tag/e2806894000040038662114f, 88
1652709978.559417, sdrt-health/mac:02010b41cdec/antenna/tag/e2806894000050038662154f, 85
1652709978.560894, sdrt-health/mac:02010b41cdec/antenna/tag/e2806894000050038662194f, 94
1652709978.595846, sdrt-health/mac:02010b41cdec/antenna/tag/e2806894000050038662154f, 85
1652709978.644664, sdrt-health/mac:02010b41cdec/antenna/tag/e2806894000050038662194f, 83
1652709978.645195, sdrt-health/mac:02010b41cdec/antenna/tag/e2806894000040038662114f, 88
1652709978.660365, sdrt-health/mac:02010b41cdec/antenna/tag/e28068940000400386621d4f, 96
1652709978.687562, sdrt-health/mac:02010b41cdec/antenna/tag/e2806894000050038662154f, 85
1652709978.754412, sdrt-health/mac:02010b41cdec/antenna/tag/e2806894000040038662114f, 85
1652709978.817134, sdrt-health/mac:02010b41cdec/antenna/tag/e28068940000400386621d4f, 96
1652709978.862353, sdrt-health/mac:02010b41cdec/antenna/tag/e2806894000050038662194f, 87
1652709978.928134, sdrt-health/mac:02010b41cdec/antenna/tag/e28068940000400386621d4f, 96
1652709978.928434, sdrt-health/mac:02010b41cdec/antenna/tag/e28068940000400386621d4f, 77
1652709978.942692, sdrt-health/mac:02010b41cdec/antenna/tag/e2806894000050038662154f, 87
1652709978.97754, sdrt-health/mac:02010b41cdec/antenna/tag/e28068940000400386621d4f, 77
1652709979.006646, sdrt-health/mac:02010b41cdec/antenna/tag/e2806894000050038662154f, 85
1652709979.007062, sdrt-health/mac:02010b41cdec/antenna/tag/e2806894000050038662194f, 84
1652709979.024764, sdrt-health/mac:02010b41cdec/antenna/tag/e2806894000040038662114f, 91
1652709979.077801, sdrt-health/mac:02010b41cdec/antenna/tag/e2806894000050038662154f, 85
1652709979.161689, sdrt-health/mac:02010b41cdec/antenna/tag/e28068940000400386621d4f, 90
1652709979.162165, sdrt-health/mac:02010b41cdec/antenna/tag/e2806894000040038662114f, 97
1652709979.176771, sdrt-health/mac:02010b41cdec/antenna/tag/e2806894000040038662114f, 91
1652709979.177393, sdrt-health/mac:02010b41cdec/antenna/tag/e28068940000400386621d4f, 90
1652709979.177795, sdrt-health/mac:02010b41cdec/antenna/tag/e2806894000050038662154f, 85
1652709979.214318, sdrt-health/mac:02010b41cdec/antenna/tag/e2806894000040038662114f, 97
1652709979.294968, sdrt-health/mac:02010b41cdec/antenna/tag/e28068940000400386621d4f, 96
1652709979.333978, sdrt-health/mac:02010b41cdec/antenna/tag/e2806894000050038662154f, 85
1652709979.425229, sdrt-health/mac:02010b41cdec/antenna/tag/e2806894000050038662194f, 81
1652709979.425457, sdrt-health/mac:02010b41cdec/antenna/tag/e28068940000400386621d4f, 77
1652709979.425674, sdrt-health/mac:02010b41cdec/antenna/tag/e2806894000050038662194f, 83
1652709979.445287, sdrt-health/mac:02010b41cdec/antenna/tag/e2806894000050038662154f, 88
1652709979.465178, sdrt-health/mac:02010b41cdec/antenna/tag/e2806894000040038662114f, 88
1652709979.496789, sdrt-health/mac:02010b41cdec/antenna/tag/e2806894000050038662154f, 91
1652709979.497208, sdrt-health/mac:02010b41cdec/antenna/tag/e2806894000040038662114f, 88
1652709979.536508, sdrt-health/mac:02010b41cdec/antenna/tag/e2806894000050038662194f, 94
1652709979.610617, sdrt-health/mac:02010b41cdec/antenna/tag/e28068940000400386621d4f, 90
1652709979.670215, sdrt-health/mac:02010b41cdec/antenna/tag/e2806894000040038662114f, 91
1652709979.6707, sdrt-health/mac:02010b41cdec/antenna/tag/e2806894000050038662154f, 88
1652709979.671019, sdrt-health/mac:02010b41cdec/antenna/tag/e28068940000400386621d4f, 90
1652709979.671362, sdrt-health/mac:02010b41cdec/antenna/tag/e2806894000050038662154f, 85
1652709979.678932, sdrt-health/mac:02010b41cdec/antenna/tag/e2806894000050038662154f, 85
1652709979.726793, sdrt-health/mac:02010b41cdec/antenna/tag/e2806894000050038662194f, 83
1652709979.825001, sdrt-health/mac:02010b41cdec/antenna/tag/e28068940000400386621d4f, 96
1652709979.825466, sdrt-health/mac:02010b41cdec/antenna/tag/e2806894000050038662194f, 81
1652709979.840559, sdrt-health/mac:02010b41cdec/antenna/tag/e28068940000400386621d4f, 96
1652709979.868642, sdrt-health/mac:02010b41cdec/antenna/tag/e2806894000050038662194f, 81
1652709979.92562, sdrt-health/mac:02010b41cdec/antenna/tag/e2806894000050038662194f, 83
1652709979.926113, sdrt-health/mac:02010b41cdec/antenna/tag/e2806894000050038662194f, 81
1652709979.954942, sdrt-health/mac:02010b41cdec/antenna/tag/e2806894000040038662054f, 88
1652709979.987732, sdrt-health/mac:02010b41cdec/antenna/tag/e2806894000040038662114f, 88
1652709979.988122, sdrt-health/mac:02010b41cdec/antenna/tag/e2806894000050038662154f, 85
1652709980.013034, sdrt-health/mac:02010b41cdec/antenna/tag/e2806894000040038662114f, 88
1652709980.093722, sdrt-health/mac:02010b41cdec/antenna/tag/e28068940000400386621d4f, 96
1652709980.094181, sdrt-health/mac:02010b41cdec/antenna/tag/e28068940000400386621d4f, 96
1652709980.11944, sdrt-health/mac:02010b41cdec/antenna/tag/e2806894000050038662154f, 91
1652709980.149725, sdrt-health/mac:02010b41cdec/antenna/tag/e2806894000040038662114f, 88
1652709980.150257, sdrt-health/mac:02010b41cdec/antenna/tag/e28068940000400386621d4f, 96
1652709980.177382, sdrt-health/mac:02010b41cdec/antenna/tag/e2806894000040038662114f, 88
1652709980.250765, sdrt-health/mac:02010b41cdec/antenna/tag/e28068940000400386621d4f, 90
1652709980.251268, sdrt-health/mac:02010b41cdec/antenna/tag/e2806894000040038662114f, 88
1652709980.264543, sdrt-health/mac:02010b41cdec/antenna/tag/e2806894000050038662154f, 93
1652709980.269475, sdrt-health/mac:02010b41cdec/antenna/tag/e2806894000040038662114f, 91
1652709980.278294, sdrt-health/mac:02010b41cdec/antenna/tag/e2806894000050038662194f, 83
1652709980.278509, sdrt-health/mac:02010b41cdec/antenna/tag/e2806894000050038662154f, 85
1652709980.309724, sdrt-health/mac:02010b41cdec/antenna/tag/e2806894000050038662154f, 88
1652709980.350261, sdrt-health/mac:02010b41cdec/antenna/tag/e2806894000040038661f94f, 88
1652709980.424924, sdrt-health/mac:02010b41cdec/antenna/tag/e2806894000040038662114f, 88
1652709980.425124, sdrt-health/mac:02010b41cdec/antenna/tag/e2806894000040038662114f, 88
1652709980.425243, sdrt-health/mac:02010b41cdec/antenna/tag/e28068940000400386621d4f, 96
1652709980.488091, sdrt-health/mac:02010b41cdec/antenna/tag/e2806894000040038662114f, 97
1652709980.516987, sdrt-health/mac:02010b41cdec/antenna/tag/e28068940000400386621d4f, 90
1652709980.517602, sdrt-health/mac:02010b41cdec/antenna/tag/e2806894000050038662154f, 88
1652709980.532116, sdrt-health/mac:02010b41cdec/antenna/tag/e2806894000050038662154f, 88
1652709980.532378, sdrt-health/mac:02010b41cdec/antenna/tag/e28068940000400386621d4f, 90
1652709980.532539, sdrt-health/mac:02010b41cdec/antenna/tag/e28068940000400386621d4f, 90
1652709980.592051, sdrt-health/mac:02010b41cdec/antenna/tag/e2806894000040038662114f, 91
1652709980.654017, sdrt-health/mac:02010b41cdec/antenna/tag/e28068940000400386621d4f, 96
1652709980.719878, sdrt-health/mac:02010b41cdec/antenna/tag/e2806894000040038662114f, 91
1652709980.720427, sdrt-health/mac:02010b41cdec/antenna/tag/e28068940000400386621d4f, 96
1652709980.775323, sdrt-health/mac:02010b41cdec/antenna/tag/e28068940000400386621d4f, 90
1652709980.823189, sdrt-health/mac:02010b41cdec/antenna/tag/e28068940000400386621d4f, 96
1652709980.823566, sdrt-health/mac:02010b41cdec/antenna/tag/e2806894000040038662114f, 85
1652709980.841768, sdrt-health/mac:02010b41cdec/antenna/tag/e2806894000050038662154f, 88
1652709980.842251, sdrt-health/mac:02010b41cdec/antenna/tag/e2806894000040038662114f, 88
1652709980.893769, sdrt-health/mac:02010b41cdec/antenna/tag/e2806894000050038662154f, 88
1652709980.894693, sdrt-health/mac:02010b41cdec/antenna/tag/e28068940000400386621d4f, 77
1652709980.908869, sdrt-health/mac:02010b41cdec/antenna/tag/e28068940000400386621d4f, 96
1652709980.909374, sdrt-health/mac:02010b41cdec/antenna/tag/e2806894000050038662154f, 85
1652709980.909742, sdrt-health/mac:02010b41cdec/antenna/tag/e28068940000400386621d4f, 96
1652709981.157767, sdrt-health/mac:02010b41cdec/antenna/tag/e2806894000050038662154f, 88
1652709981.248016, sdrt-health/mac:02010b41cdec/antenna/tag/e28068940000400386621d4f, 77
1652709981.248495, sdrt-health/mac:02010b41cdec/antenna/tag/e2806894000040038662114f, 88
1652709981.268039, sdrt-health/mac:02010b41cdec/antenna/tag/e2806894000040038662114f, 85
1652709981.268505, sdrt-health/mac:02010b41cdec/antenna/tag/e2806894000040038662114f, 88
1652709981.269857, sdrt-health/mac:02010b41cdec/antenna/tag/e2806894000050038662154f, 91
1652709981.319949, sdrt-health/mac:02010b41cdec/antenna/tag/e28068940000400386621d4f, 96
1652709981.34437, sdrt-health/mac:02010b41cdec/antenna/tag/e2806894000040038662114f, 88
1652709981.344613, sdrt-health/mac:02010b41cdec/antenna/tag/e2806894000040038662114f, 88
1652709981.344761, sdrt-health/mac:02010b41cdec/antenna/tag/e2806894000040038662114f, 88
1652709981.344897, sdrt-health/mac:02010b41cdec/antenna/tag/e2806894000050038662194f, 83
1652709981.359059, sdrt-health/mac:02010b41cdec/antenna/tag/e2806894000050038662154f, 91
1652709981.387949, sdrt-health/mac:02010b41cdec/antenna/tag/e28068940000400386621d4f, 96
1652709981.388488, sdrt-health/mac:02010b41cdec/antenna/tag/e28068940000400386621d4f, 96
1652709981.388915, sdrt-health/mac:02010b41cdec/antenna/tag/e2806894000040038662114f, 88
1652709981.389288, sdrt-health/mac:02010b41cdec/antenna/tag/e2806894000050038662154f, 88
1652709981.389782, sdrt-health/mac:02010b41cdec/antenna/tag/e2806894000040038662114f, 88
1652709981.402532, sdrt-health/mac:02010b41cdec/antenna/tag/e2806894000040038662114f, 88
1652709981.402779, sdrt-health/mac:02010b41cdec/antenna/tag/e2806894000040038662114f, 88
1652709981.403003, sdrt-health/mac:02010b41cdec/antenna/tag/e28068940000400386621d4f, 90
1652709981.40326, sdrt-health/mac:02010b41cdec/antenna/tag/e2806894000050038662154f, 88
1652709981.431325, sdrt-health/mac:02010b41cdec/antenna/tag/e28068940000400386621d4f, 96
1652709981.461313, sdrt-health/mac:02010b41cdec/antenna/tag/e2806894000040038662114f, 88
1652709981.461877, sdrt-health/mac:02010b41cdec/antenna/tag/e28068940000400386621d4f, 90
1652709981.462226, sdrt-health/mac:02010b41cdec/antenna/tag/e2806894000040038662114f, 88
1652709981.48673, sdrt-health/mac:02010b41cdec/antenna/tag/e2806894000050038662154f, 88
1652709981.550848, sdrt-health/mac:02010b41cdec/antenna/tag/e28068940000500386620d4f, 84
1652709981.589603, sdrt-health/mac:02010b41cdec/antenna/tag/e2806894000040038662114f, 88
1652709981.590116, sdrt-health/mac:02010b41cdec/antenna/tag/e28068940000400386621d4f, 96
1652709981.604339, sdrt-health/mac:02010b41cdec/antenna/tag/e2806894000050038662154f, 88
1652709981.630871, sdrt-health/mac:02010b41cdec/antenna/tag/e2806894000040038662114f, 88
1652709981.664225, sdrt-health/mac:02010b41cdec/antenna/tag/e2806894000050038662154f, 88
1652709981.664738, sdrt-health/mac:02010b41cdec/antenna/tag/e28068940000400386621d4f, 90
1652709981.665092, sdrt-health/mac:02010b41cdec/antenna/tag/e2806894000040038662114f, 88
1652709981.678067, sdrt-health/mac:02010b41cdec/antenna/tag/e2806894000050038662154f, 88
1652709981.678443, sdrt-health/mac:02010b41cdec/antenna/tag/e2806894000050038662154f, 88
1652709981.678771, sdrt-health/mac:02010b41cdec/antenna/tag/e2806894000050038662154f, 88
1652709981.754622, sdrt-health/mac:02010b41cdec/antenna/tag/e2806894000050038662154f, 88
1652709981.823291, sdrt-health/mac:02010b41cdec/antenna/tag/e2806894000040038662214f, 88
1652709981.892377, sdrt-health/mac:02010b41cdec/antenna/tag/e28068940000400386621d4f, 77
1652709981.89272, sdrt-health/mac:02010b41cdec/antenna/tag/e2806894000050038662154f, 88
1652709981.909223, sdrt-health/mac:02010b41cdec/antenna/tag/e2806894000040038662114f, 88
1652709981.909632, sdrt-health/mac:02010b41cdec/antenna/tag/e2806894000040038662114f, 88
1652709981.933706, sdrt-health/mac:02010b41cdec/antenna/tag/e2806894000040038662114f, 88
1652709981.999726, sdrt-health/mac:02010b41cdec/antenna/tag/e2806894000050038662154f, 88
1652709982.000226, sdrt-health/mac:02010b41cdec/antenna/tag/e2806894000040038662114f, 91
1652709982.046785, sdrt-health/mac:02010b41cdec/antenna/tag/e28068940000400386621d4f, 90
1652709982.138929, sdrt-health/mac:02010b41cdec/antenna/tag/e2806894000050038662154f, 85
1652709982.139759, sdrt-health/mac:02010b41cdec/antenna/tag/e2806894000050038662194f, 81
1652709982.154029, sdrt-health/mac:02010b41cdec/antenna/tag/e2806894000050038662154f, 88
1652709982.154325, sdrt-health/mac:02010b41cdec/antenna/tag/e28068940000400386621d4f, 90
1652709982.192759, sdrt-health/mac:02010b41cdec/antenna/tag/e2806894000040038662114f, 91
1652709982.227492, sdrt-health/mac:02010b41cdec/antenna/tag/e2806894000050038662194f, 81
1652709982.228014, sdrt-health/mac:02010b41cdec/antenna/tag/e28068940000400386621d4f, 90
1652709982.274148, sdrt-health/mac:02010b41cdec/antenna/tag/e2806894000040038662114f, 91
1652709982.309983, sdrt-health/mac:02010b41cdec/antenna/tag/e28068940000400386621d4f, 90
1652709982.310292, sdrt-health/mac:02010b41cdec/antenna/tag/e2806894000040038662114f, 97
1652709982.310511, sdrt-health/mac:02010b41cdec/antenna/tag/e2806894000050038662154f, 85
1652709982.343927, sdrt-health/mac:02010b41cdec/antenna/tag/e28068940000400386621d4f, 77
1652709982.374136, sdrt-health/mac:02010b41cdec/antenna/tag/e28068940000400386621d4f, 77
1652709982.374584, sdrt-health/mac:02010b41cdec/antenna/tag/e2806894000040038662214f, 82
1652709982.418851, sdrt-health/mac:02010b41cdec/antenna/tag/e2806894000040038662214f, 81
1652709982.449088, sdrt-health/mac:02010b41cdec/antenna/tag/e2806894000040038662114f, 88
1652709982.449427, sdrt-health/mac:02010b41cdec/antenna/tag/e2806894000040038662114f, 88
1652709982.474383, sdrt-health/mac:02010b41cdec/antenna/tag/e2806894000050038662154f, 91
1652709982.650633, sdrt-health/mac:02010b41cdec/antenna/tag/scan, scan stopped
