1652710367.311591, sdrt-health/mac:02010b41cdec/antenna/power/set, {"power": 290}
1652710368.384335, sdrt-health/mac:02010b41cdec/antenna/power/set, 
1652710370.783265, sdrt-health/mac:02010b41cdec/antenna/state, connected
1652710370.783862, sdrt-health/mac:02010b41cdec/fw, {"version":"1.8.1","model":"200","hash":"2f556501b58f1dad542af428d7928d18","timestamp":1652710367}
1652710370.945537, sdrt-health/mac:02010b41cdec/antenna/version, J.6.6/V0121-04
1652710371.147507, sdrt-health/mac:02010b41cdec/antenna/power, 29
1652710372.332602, sdrt-health/mac:02010b41cdec/antenna/tag/scan, {"time": 20000}
1652710372.692697, sdrt-health/mac:02010b41cdec/antenna/tag/e2806894000050038662154f, 88
1652710372.737497, sdrt-health/mac:02010b41cdec/antenna/tag/e2806894000050038662194f, 81
1652710372.781241, sdrt-health/mac:02010b41cdec/antenna/tag/e2806894000040038662114f, 91
1652710372.847468, sdrt-health/mac:02010b41cdec/antenna/tag/e28068940000400386621d4f, 90
1652710372.847984, sdrt-health/mac:02010b41cdec/antenna/tag/e2806894000050038662154f, 88
1652710372.848319, sdrt-health/mac:02010b41cdec/antenna/tag/e28068940000400386621d4f, 96
1652710372.848638, sdrt-health/mac:02010b41cdec/antenna/tag/e2806894000040038662114f, 91
1652710372.896489, sdrt-health/mac:02010b41cdec/antenna/tag/e2806894000050038662154f, 88
1652710372.950602, sdrt-health/mac:02010b41cdec/antenna/tag/e28068940000400386621d4f, 96
1652710372.95109, sdrt-health/mac:02010b41cdec/antenna/tag/e2806894000050038661fd4f, 83
1652710372.970849, sdrt-health/mac:02010b41cdec/antenna/tag/e28068940000400386621d4f, 96
1652710373.016249, sdrt-health/mac:02010b41cdec/antenna/tag/e2806894000050038662154f, 88
1652710373.064734, sdrt-health/mac:02010b41cdec/antenna/tag/e28068940000400386621d4f, 77
1652710373.065199, sdrt-health/mac:02010b41cdec/antenna/tag/e2806894000040038662214f, 81
1652710373.103671, sdrt-health/mac:02010b41cdec/antenna/tag/e2806894000040038662114f, 88
1652710373.103971, sdrt-health/mac:02010b41cdec/antenna/tag/e2806894000040038662214f, 81
1652710373.104245, sdrt-health/mac:02010b41cdec/antenna/tag/e2806894000050038662154f, 85
1652710373.187835, sdrt-health/mac:02010b41cdec/antenna/tag/e2806894000040038661f94f, 94
1652710373.188382, sdrt-health/mac:02010b41cdec/antenna/tag/e2806894000040038662114f, 91
1652710373.188764, sdrt-health/mac:02010b41cdec/antenna/tag/e28068940000400386621d4f, 96
1652710373.18915, sdrt-health/mac:02010b41cdec/antenna/tag/e2806894000050038662154f, 88
1652710373.267352, sdrt-health/mac:02010b41cdec/antenna/tag/e28068940000400386621d4f, 96
1652710373.26787, sdrt-health/mac:02010b41cdec/antenna/tag/e2806894000050038661fd4f, 86
1652710373.297764, sdrt-health/mac:02010b41cdec/antenna/tag/e2806894000050038662154f, 88
1652710373.351365, sdrt-health/mac:02010b41cdec/antenna/tag/e2806894000050038662194f, 81
1652710373.386905, sdrt-health/mac:02010b41cdec/antenna/tag/e2806894000050038661fd4f, 83
1652710373.387233, sdrt-health/mac:02010b41cdec/antenna/tag/e28068940000400386621d4f, 96
1652710373.408775, sdrt-health/mac:02010b41cdec/antenna/tag/e2806894000040038662114f, 91
1652710373.432897, sdrt-health/mac:02010b41cdec/antenna/tag/e2806894000050038661fd4f, 86
1652710373.467789, sdrt-health/mac:02010b41cdec/antenna/tag/e2806894000050038662154f, 88
1652710373.523933, sdrt-health/mac:02010b41cdec/antenna/tag/e2806894000040038662114f, 97
1652710373.524401, sdrt-health/mac:02010b41cdec/antenna/tag/e2806894000050038662154f, 88
1652710373.547688, sdrt-health/mac:02010b41cdec/antenna/tag/e2806894000040038661f94f, 88
1652710373.588127, sdrt-health/mac:02010b41cdec/antenna/tag/e2806894000040038662114f, 88
1652710373.701011, sdrt-health/mac:02010b41cdec/antenna/tag/e28068940000400386621d4f, 77
1652710373.701581, sdrt-health/mac:02010b41cdec/antenna/tag/e2806894000040038662114f, 88
1652710373.741014, sdrt-health/mac:02010b41cdec/antenna/tag/e28068940000400386621d4f, 77
1652710373.850836, sdrt-health/mac:02010b41cdec/antenna/tag/e2806894000050038662194f, 81
1652710373.851364, sdrt-health/mac:02010b41cdec/antenna/tag/e2806894000050038662154f, 91
1652710373.879216, sdrt-health/mac:02010b41cdec/antenna/tag/e28068940000400386621d4f, 77
1652710373.879645, sdrt-health/mac:02010b41cdec/antenna/tag/e2806894000050038661fd4f, 83
1652710373.901613, sdrt-health/mac:02010b41cdec/antenna/tag/e28068940000400386621d4f, 77
1652710373.948311, sdrt-health/mac:02010b41cdec/antenna/tag/e2806894000040038661f94f, 88
1652710374.01447, sdrt-health/mac:02010b41cdec/antenna/tag/e2806894000040038662214f, 94
1652710374.014975, sdrt-health/mac:02010b41cdec/antenna/tag/e2806894000050038661fd4f, 83
1652710374.049917, sdrt-health/mac:02010b41cdec/antenna/tag/e2806894000050038661fd4f, 86
1652710374.068486, sdrt-health/mac:02010b41cdec/antenna/tag/e28068940000400386621d4f, 77
1652710374.069471, sdrt-health/mac:02010b41cdec/antenna/tag/e2806894000050038662154f, 91
1652710374.106979, sdrt-health/mac:02010b41cdec/antenna/tag/e2806894000040038662114f, 91
1652710374.167319, sdrt-health/mac:02010b41cdec/antenna/tag/e2806894000040038662114f, 91
1652710374.167847, sdrt-health/mac:02010b41cdec/antenna/tag/e2806894000050038662194f, 84
1652710374.204926, sdrt-health/mac:02010b41cdec/antenna/tag/e2806894000050038662154f, 91
1652710374.27222, sdrt-health/mac:02010b41cdec/antenna/tag/e2806894000050038662194f, 81
1652710374.272747, sdrt-health/mac:02010b41cdec/antenna/tag/e2806894000050038662154f, 88
1652710374.287161, sdrt-health/mac:02010b41cdec/antenna/tag/e2806894000040038662114f, 91
1652710374.296966, sdrt-health/mac:02010b41cdec/antenna/tag/e2806894000040038662114f, 91
1652710374.301492, sdrt-health/mac:02010b41cdec/antenna/tag/e2806894000040038662114f, 91
1652710374.301815, sdrt-health/mac:02010b41cdec/antenna/tag/e2806894000050038662194f, 81
1652710374.35909, sdrt-health/mac:02010b41cdec/antenna/tag/e28068940000400386621d4f, 96
1652710374.515823, sdrt-health/mac:02010b41cdec/antenna/tag/e28068940000400386621d4f, 96
1652710374.516362, sdrt-health/mac:02010b41cdec/antenna/tag/e2806894000050038662154f, 91
1652710374.533057, sdrt-health/mac:02010b41cdec/antenna/tag/e2806894000050038662154f, 85
1652710374.533334, sdrt-health/mac:02010b41cdec/antenna/tag/e28068940000400386621d4f, 77
1652710374.533525, sdrt-health/mac:02010b41cdec/antenna/tag/e2806894000050038662154f, 85
1652710374.565519, sdrt-health/mac:02010b41cdec/antenna/tag/e2806894000050038661fd4f, 83
1652710374.650875, sdrt-health/mac:02010b41cdec/antenna/tag/e28068940000400386621d4f, 77
1652710374.651344, sdrt-health/mac:02010b41cdec/antenna/tag/e28068940000400386621d4f, 90
1652710374.651695, sdrt-health/mac:02010b41cdec/antenna/tag/e2806894000050038661fd4f, 86
1652710374.682375, sdrt-health/mac:02010b41cdec/antenna/tag/e2806894000050038662154f, 91
1652710374.682806, sdrt-health/mac:02010b41cdec/antenna/tag/e2806894000050038661fd4f, 86
1652710374.683082, sdrt-health/mac:02010b41cdec/antenna/tag/e2806894000040038662114f, 91
1652710374.683342, sdrt-health/mac:02010b41cdec/antenna/tag/e2806894000050038662154f, 91
1652710374.683603, sdrt-health/mac:02010b41cdec/antenna/tag/e28068940000400386621d4f, 96
1652710374.683873, sdrt-health/mac:02010b41cdec/antenna/tag/e2806894000040038662114f, 91
1652710374.700384, sdrt-health/mac:02010b41cdec/antenna/tag/e28068940000400386621d4f, 90
1652710374.703825, sdrt-health/mac:02010b41cdec/antenna/tag/e2806894000040038662114f, 88
1652710374.74866, sdrt-health/mac:02010b41cdec/antenna/tag/e2806894000050038661fd4f, 86
1652710374.807517, sdrt-health/mac:02010b41cdec/antenna/tag/e28068940000400386621d4f, 90
1652710374.808015, sdrt-health/mac:02010b41cdec/antenna/tag/e2806894000050038661fd4f, 86
1652710374.808648, sdrt-health/mac:02010b41cdec/antenna/tag/e2806894000040038662114f, 97
1652710374.809063, sdrt-health/mac:02010b41cdec/antenna/tag/e2806894000050038661fd4f, 86
1652710374.843862, sdrt-health/mac:02010b41cdec/antenna/tag/e2806894000050038661fd4f, 83
1652710374.887382, sdrt-health/mac:02010b41cdec/antenna/tag/e2806894000040038662114f, 88
1652710374.887805, sdrt-health/mac:02010b41cdec/antenna/tag/e2806894000040038662114f, 88
1652710374.888146, sdrt-health/mac:02010b41cdec/antenna/tag/e2806894000040038662114f, 88
1652710374.926166, sdrt-health/mac:02010b41cdec/antenna/tag/e28068940000400386621d4f, 96
1652710374.980877, sdrt-health/mac:02010b41cdec/antenna/tag/e2806894000050038661fd4f, 83
1652710375.019537, sdrt-health/mac:02010b41cdec/antenna/tag/e2806894000050038662154f, 88
1652710375.047527, sdrt-health/mac:02010b41cdec/antenna/tag/e2806894000050038662194f, 84
1652710375.047892, sdrt-health/mac:02010b41cdec/antenna/tag/e2806894000050038662154f, 85
1652710375.075894, sdrt-health/mac:02010b41cdec/antenna/tag/e2806894000050038661fd4f, 83
1652710375.128101, sdrt-health/mac:02010b41cdec/antenna/tag/e2806894000050038662154f, 88
1652710375.194144, sdrt-health/mac:02010b41cdec/antenna/tag/e2806894000050038662154f, 91
1652710375.194612, sdrt-health/mac:02010b41cdec/antenna/tag/e2806894000040038662114f, 88
1652710375.209167, sdrt-health/mac:02010b41cdec/antenna/tag/e2806894000040038662114f, 91
1652710375.229363, sdrt-health/mac:02010b41cdec/antenna/tag/e28068940000400386621d4f, 96
1652710375.229677, sdrt-health/mac:02010b41cdec/antenna/tag/e2806894000040038662114f, 91
1652710375.229888, sdrt-health/mac:02010b41cdec/antenna/tag/e2806894000050038661fd4f, 86
1652710375.293222, sdrt-health/mac:02010b41cdec/antenna/tag/e2806894000040038662114f, 91
1652710375.370469, sdrt-health/mac:02010b41cdec/antenna/tag/e2806894000050038661fd4f, 86
1652710375.37097, sdrt-health/mac:02010b41cdec/antenna/tag/e2806894000040038662114f, 91
1652710375.371318, sdrt-health/mac:02010b41cdec/antenna/tag/e2806894000050038662154f, 88
1652710375.392454, sdrt-health/mac:02010b41cdec/antenna/tag/e2806894000050038661fd4f, 86
1652710375.392946, sdrt-health/mac:02010b41cdec/antenna/tag/e2806894000050038661fd4f, 86
1652710375.491571, sdrt-health/mac:02010b41cdec/antenna/tag/e28068940000400386621d4f, 77
1652710375.547003, sdrt-health/mac:02010b41cdec/antenna/tag/e2806894000050038662194f, 94
1652710375.586542, sdrt-health/mac:02010b41cdec/antenna/tag/e2806894000040038662114f, 88
1652710375.628567, sdrt-health/mac:02010b41cdec/antenna/tag/e2806894000040038662114f, 91
1652710375.738024, sdrt-health/mac:02010b41cdec/antenna/tag/e2806894000050038662194f, 83
1652710375.738542, sdrt-health/mac:02010b41cdec/antenna/tag/e28068940000400386621d4f, 96
1652710375.755217, sdrt-health/mac:02010b41cdec/antenna/tag/e28068940000400386621d4f, 90
1652710375.755539, sdrt-health/mac:02010b41cdec/antenna/tag/e28068940000400386621d4f, 96
1652710375.755796, sdrt-health/mac:02010b41cdec/antenna/tag/e2806894000050038661fd4f, 86
1652710375.756029, sdrt-health/mac:02010b41cdec/antenna/tag/e28068940000400386621d4f, 96
1652710375.773519, sdrt-health/mac:02010b41cdec/antenna/tag/e2806894000040038662114f, 88
1652710375.83259, sdrt-health/mac:02010b41cdec/antenna/tag/e28068940000400386621d4f, 96
1652710375.885845, sdrt-health/mac:02010b41cdec/antenna/tag/e2806894000040038662114f, 91
1652710375.886229, sdrt-health/mac:02010b41cdec/antenna/tag/e2806894000050038661fd4f, 83
1652710375.8866, sdrt-health/mac:02010b41cdec/antenna/tag/e2806894000050038662194f, 81
1652710375.934036, sdrt-health/mac:02010b41cdec/antenna/tag/e28068940000400386621d4f, 96
1652710376.000663, sdrt-health/mac:02010b41cdec/antenna/tag/e28068940000400386621d4f, 96
1652710376.001197, sdrt-health/mac:02010b41cdec/antenna/tag/e2806894000050038661fd4f, 86
1652710376.029922, sdrt-health/mac:02010b41cdec/antenna/tag/e28068940000400386621d4f, 96
1652710376.123152, sdrt-health/mac:02010b41cdec/antenna/tag/e28068940000400386621d4f, 96
1652710376.123637, sdrt-health/mac:02010b41cdec/antenna/tag/e2806894000040038662114f, 88
1652710376.143671, sdrt-health/mac:02010b41cdec/antenna/tag/e2806894000040038662114f, 91
1652710376.143941, sdrt-health/mac:02010b41cdec/antenna/tag/e28068940000400386621d4f, 96
1652710376.144159, sdrt-health/mac:02010b41cdec/antenna/tag/e28068940000400386621d4f, 96
1652710376.189123, sdrt-health/mac:02010b41cdec/antenna/tag/e2806894000040038662214f, 88
1652710376.233179, sdrt-health/mac:02010b41cdec/antenna/tag/e28068940000400386621d4f, 96
1652710376.277141, sdrt-health/mac:02010b41cdec/antenna/tag/e2806894000050038662194f, 88
1652710376.353569, sdrt-health/mac:02010b41cdec/antenna/tag/e2806894000050038661fd4f, 83
1652710376.354082, sdrt-health/mac:02010b41cdec/antenna/tag/e2806894000050038662194f, 81
1652710376.35442, sdrt-health/mac:02010b41cdec/antenna/tag/e2806894000050038662194f, 94
1652710376.367455, sdrt-health/mac:02010b41cdec/antenna/tag/e28068940000400386621d4f, 96
1652710376.367834, sdrt-health/mac:02010b41cdec/antenna/tag/e2806894000050038662154f, 85
1652710376.368159, sdrt-health/mac:02010b41cdec/antenna/tag/e2806894000050038662154f, 93
1652710376.424527, sdrt-health/mac:02010b41cdec/antenna/tag/e28068940000400386621d4f, 77
1652710376.463734, sdrt-health/mac:02010b41cdec/antenna/tag/e2806894000050038662154f, 85
1652710376.464229, sdrt-health/mac:02010b41cdec/antenna/tag/e2806894000050038662194f, 88
1652710376.478268, sdrt-health/mac:02010b41cdec/antenna/tag/e2806894000050038661fd4f, 83
1652710376.528235, sdrt-health/mac:02010b41cdec/antenna/tag/e2806894000050038662154f, 93
1652710376.528695, sdrt-health/mac:02010b41cdec/antenna/tag/e28068940000400386621d4f, 90
1652710376.565167, sdrt-health/mac:02010b41cdec/antenna/tag/e2806894000050038661fd4f, 86
1652710376.621968, sdrt-health/mac:02010b41cdec/antenna/tag/e28068940000400386621d4f, 96
1652710376.622565, sdrt-health/mac:02010b41cdec/antenna/tag/e2806894000050038662194f, 93
1652710376.635733, sdrt-health/mac:02010b41cdec/antenna/tag/e2806894000050038661fd4f, 86
1652710376.6446, sdrt-health/mac:02010b41cdec/antenna/tag/e2806894000050038661fd4f, 83
1652710376.68639, sdrt-health/mac:02010b41cdec/antenna/tag/e2806894000050038662194f, 94
1652710376.735053, sdrt-health/mac:02010b41cdec/antenna/tag/e2806894000050038662154f, 85
1652710376.794958, sdrt-health/mac:02010b41cdec/antenna/tag/e28068940000400386621d4f, 77
1652710376.795452, sdrt-health/mac:02010b41cdec/antenna/tag/e2806894000040038662114f, 97
1652710376.844248, sdrt-health/mac:02010b41cdec/antenna/tag/e28068940000400386621d4f, 90
1652710376.844798, sdrt-health/mac:02010b41cdec/antenna/tag/e2806894000050038662194f, 110
1652710376.892923, sdrt-health/mac:02010b41cdec/antenna/tag/e2806894000040038662114f, 88
1652710376.964091, sdrt-health/mac:02010b41cdec/antenna/tag/e2806894000040038662114f, 91
1652710376.964687, sdrt-health/mac:02010b41cdec/antenna/tag/e2806894000040038662114f, 91
1652710376.982946, sdrt-health/mac:02010b41cdec/antenna/tag/e2806894000050038661fd4f, 86
1652710377.030436, sdrt-health/mac:02010b41cdec/antenna/tag/e2806894000050038662194f, 81
1652710377.030897, sdrt-health/mac:02010b41cdec/antenna/tag/e2806894000050038662154f, 91
1652710377.045431, sdrt-health/mac:02010b41cdec/antenna/tag/e2806894000050038661fd4f, 83
1652710377.087355, sdrt-health/mac:02010b41cdec/antenna/tag/e28068940000400386621d4f, 77
1652710377.226434, sdrt-health/mac:02010b41cdec/antenna/tag/e28068940000400386621d4f, 96
1652710377.226999, sdrt-health/mac:02010b41cdec/antenna/tag/e28068940000400386621d4f, 96
1652710377.227362, sdrt-health/mac:02010b41cdec/antenna/tag/e2806894000050038661fd4f, 86
1652710377.245745, sdrt-health/mac:02010b41cdec/antenna/tag/e2806894000050038661fd4f, 86
1652710377.24646, sdrt-health/mac:02010b41cdec/antenna/tag/e28068940000400386621d4f, 96
1652710377.25913, sdrt-health/mac:02010b41cdec/antenna/tag/e2806894000050038662154f, 85
1652710377.302084, sdrt-health/mac:02010b41cdec/antenna/tag/e2806894000050038661fd4f, 86
1652710377.335733, sdrt-health/mac:02010b41cdec/antenna/tag/e2806894000050038662194f, 81
1652710377.41419, sdrt-health/mac:02010b41cdec/antenna/tag/e2806894000040038662114f, 91
1652710377.414673, sdrt-health/mac:02010b41cdec/antenna/tag/e2806894000050038661fd4f, 86
1652710377.415051, sdrt-health/mac:02010b41cdec/antenna/tag/e2806894000040038662114f, 91
1652710377.432292, sdrt-health/mac:02010b41cdec/antenna/tag/e28068940000400386621d4f, 96
1652710377.467493, sdrt-health/mac:02010b41cdec/antenna/tag/e2806894000050038662154f, 88
1652710377.536131, sdrt-health/mac:02010b41cdec/antenna/tag/e2806894000040038662114f, 88
1652710377.536681, sdrt-health/mac:02010b41cdec/antenna/tag/e2806894000050038661fd4f, 86
1652710377.571148, sdrt-health/mac:02010b41cdec/antenna/tag/e2806894000050038661fd4f, 83
1652710377.605064, sdrt-health/mac:02010b41cdec/antenna/tag/e2806894000050038662194f, 81
1652710377.663402, sdrt-health/mac:02010b41cdec/antenna/tag/e2806894000040038662114f, 88
1652710377.663911, sdrt-health/mac:02010b41cdec/antenna/tag/e2806894000050038661fd4f, 83
1652710377.701547, sdrt-health/mac:02010b41cdec/antenna/tag/e2806894000050038661fd4f, 83
1652710377.78658, sdrt-health/mac:02010b41cdec/antenna/tag/e2806894000040038662114f, 88
1652710377.787183, sdrt-health/mac:02010b41cdec/antenna/tag/e2806894000050038662154f, 85
1652710377.81076, sdrt-health/mac:02010b41cdec/antenna/tag/e2806894000050038662154f, 85
1652710377.856006, sdrt-health/mac:02010b41cdec/antenna/tag/e28068940000400386621d4f, 96
1652710377.925526, sdrt-health/mac:02010b41cdec/antenna/tag/e2806894000040038662114f, 91
1652710377.926001, sdrt-health/mac:02010b41cdec/antenna/tag/e2806894000040038662114f, 85
1652710377.942808, sdrt-health/mac:02010b41cdec/antenna/tag/e28068940000400386621d4f, 96
1652710377.948768, sdrt-health/mac:02010b41cdec/antenna/tag/e2806894000050038661fd4f, 83
1652710377.95625, sdrt-health/mac:02010b41cdec/antenna/tag/e28068940000400386621d4f, 96
1652710378.016711, sdrt-health/mac:02010b41cdec/antenna/tag/e2806894000040038662114f, 91
1652710378.04717, sdrt-health/mac:02010b41cdec/antenna/tag/e28068940000400386621d4f, 96
1652710378.093695, sdrt-health/mac:02010b41cdec/antenna/tag/e2806894000050038661fd4f, 86
1652710378.213374, sdrt-health/mac:02010b41cdec/antenna/tag/e2806894000050038662154f, 91
1652710378.213948, sdrt-health/mac:02010b41cdec/antenna/tag/e2806894000050038662194f, 88
1652710378.251392, sdrt-health/mac:02010b41cdec/antenna/tag/e28068940000400386621d4f, 90
1652710378.296508, sdrt-health/mac:02010b41cdec/antenna/tag/e2806894000040038662114f, 97
1652710378.349248, sdrt-health/mac:02010b41cdec/antenna/tag/e2806894000040038662114f, 91
1652710378.424054, sdrt-health/mac:02010b41cdec/antenna/tag/e2806894000050038661fd4f, 86
1652710378.424573, sdrt-health/mac:02010b41cdec/antenna/tag/e2806894000040038662114f, 91
1652710378.437942, sdrt-health/mac:02010b41cdec/antenna/tag/e2806894000050038662154f, 85
1652710378.456371, sdrt-health/mac:02010b41cdec/antenna/tag/e2806894000050038661fd4f, 86
1652710378.530824, sdrt-health/mac:02010b41cdec/antenna/tag/e2806894000050038661fd4f, 83
1652710378.53131, sdrt-health/mac:02010b41cdec/antenna/tag/e2806894000050038662154f, 88
1652710378.552347, sdrt-health/mac:02010b41cdec/antenna/tag/e28068940000400386621d4f, 96
1652710378.586363, sdrt-health/mac:02010b41cdec/antenna/tag/e2806894000040038662114f, 97
1652710378.586647, sdrt-health/mac:02010b41cdec/antenna/tag/e28068940000400386621d4f, 96
1652710378.608649, sdrt-health/mac:02010b41cdec/antenna/tag/e28068940000400386621d4f, 77
1652710378.65671, sdrt-health/mac:02010b41cdec/antenna/tag/e2806894000050038662154f, 85
1652710378.70498, sdrt-health/mac:02010b41cdec/antenna/tag/e2806894000050038662194f, 83
1652710378.757328, sdrt-health/mac:02010b41cdec/antenna/tag/e2806894000040038662114f, 88
1652710378.808423, sdrt-health/mac:02010b41cdec/antenna/tag/e2806894000050038662194f, 83
1652710378.856558, sdrt-health/mac:02010b41cdec/antenna/tag/e2806894000040038662114f, 91
1652710378.908567, sdrt-health/mac:02010b41cdec/antenna/tag/e2806894000050038662154f, 88
1652710378.909218, sdrt-health/mac:02010b41cdec/antenna/tag/e2806894000040038662114f, 91
1652710378.942442, sdrt-health/mac:02010b41cdec/antenna/tag/e2806894000050038662194f, 81
1652710379.007845, sdrt-health/mac:02010b41cdec/antenna/tag/e2806894000050038661fd4f, 86
1652710379.008353, sdrt-health/mac:02010b41cdec/antenna/tag/e2806894000050038661fd4f, 83
1652710379.048309, sdrt-health/mac:02010b41cdec/antenna/tag/e2806894000050038661fd4f, 83
1652710379.092028, sdrt-health/mac:02010b41cdec/antenna/tag/e28068940000400386621d4f, 96
1652710379.134943, sdrt-health/mac:02010b41cdec/antenna/tag/e2806894000050038662154f, 88
1652710379.210187, sdrt-health/mac:02010b41cdec/antenna/tag/e2806894000050038661fd4f, 86
1652710379.21076, sdrt-health/mac:02010b41cdec/antenna/tag/e2806894000050038662154f, 88
1652710379.22408, sdrt-health/mac:02010b41cdec/antenna/tag/e2806894000040038662114f, 88
1652710379.224522, sdrt-health/mac:02010b41cdec/antenna/tag/e2806894000050038662154f, 88
1652710379.246392, sdrt-health/mac:02010b41cdec/antenna/tag/e2806894000040038662114f, 88
1652710379.282927, sdrt-health/mac:02010b41cdec/antenna/tag/e2806894000050038662154f, 88
1652710379.28326, sdrt-health/mac:02010b41cdec/antenna/tag/e2806894000050038662154f, 91
1652710379.300039, sdrt-health/mac:02010b41cdec/antenna/tag/e2806894000040038662114f, 91
1652710379.300306, sdrt-health/mac:02010b41cdec/antenna/tag/e2806894000050038661fd4f, 86
1652710379.335041, sdrt-health/mac:02010b41cdec/antenna/tag/e2806894000040038662114f, 91
1652710379.405263, sdrt-health/mac:02010b41cdec/antenna/tag/e2806894000050038662194f, 94
1652710379.405823, sdrt-health/mac:02010b41cdec/antenna/tag/e2806894000040038662114f, 91
1652710379.420327, sdrt-health/mac:02010b41cdec/antenna/tag/e2806894000050038662154f, 91
1652710379.453292, sdrt-health/mac:02010b41cdec/antenna/tag/e2806894000050038662154f, 88
1652710379.453527, sdrt-health/mac:02010b41cdec/antenna/tag/e28068940000400386621d4f, 96
1652710379.487605, sdrt-health/mac:02010b41cdec/antenna/tag/e2806894000040038662114f, 88
1652710379.487929, sdrt-health/mac:02010b41cdec/antenna/tag/e2806894000050038662154f, 88
1652710379.536289, sdrt-health/mac:02010b41cdec/antenna/tag/e2806894000050038661fd4f, 83
1652710379.578825, sdrt-health/mac:02010b41cdec/antenna/tag/e2806894000040038662214f, 88
1652710379.648967, sdrt-health/mac:02010b41cdec/antenna/tag/e2806894000050038661fd4f, 83
1652710379.649382, sdrt-health/mac:02010b41cdec/antenna/tag/e28068940000400386621d4f, 96
1652710379.693616, sdrt-health/mac:02010b41cdec/antenna/tag/e2806894000050038662154f, 88
1652710379.721119, sdrt-health/mac:02010b41cdec/antenna/tag/e2806894000040038662114f, 91
1652710379.721488, sdrt-health/mac:02010b41cdec/antenna/tag/e28068940000400386621d4f, 96
1652710379.745175, sdrt-health/mac:02010b41cdec/antenna/tag/e2806894000040038662114f, 88
1652710379.789735, sdrt-health/mac:02010b41cdec/antenna/tag/e28068940000400386621d4f, 96
1652710379.827596, sdrt-health/mac:02010b41cdec/antenna/tag/e2806894000050038661fd4f, 86
1652710379.857488, sdrt-health/mac:02010b41cdec/antenna/tag/e28068940000400386621d4f, 90
1652710379.857813, sdrt-health/mac:02010b41cdec/antenna/tag/e2806894000050038661fd4f, 86
1652710379.873566, sdrt-health/mac:02010b41cdec/antenna/tag/e2806894000050038662154f, 91
1652710379.907384, sdrt-health/mac:02010b41cdec/antenna/tag/e2806894000050038661fd4f, 86
1652710379.975295, sdrt-health/mac:02010b41cdec/antenna/tag/e2806894000050038662154f, 88
1652710379.975806, sdrt-health/mac:02010b41cdec/antenna/tag/e2806894000040038662114f, 91
1652710380.01272, sdrt-health/mac:02010b41cdec/antenna/tag/e2806894000040038661f94f, 94
1652710380.069602, sdrt-health/mac:02010b41cdec/antenna/tag/e2806894000040038662214f, 94
1652710380.112247, sdrt-health/mac:02010b41cdec/antenna/tag/e28068940000400386621d4f, 77
1652710380.147385, sdrt-health/mac:02010b41cdec/antenna/tag/e2806894000040038662114f, 88
1652710380.147757, sdrt-health/mac:02010b41cdec/antenna/tag/e2806894000050038662154f, 85
1652710380.167995, sdrt-health/mac:02010b41cdec/antenna/tag/e2806894000050038661fd4f, 83
1652710380.238286, sdrt-health/mac:02010b41cdec/antenna/tag/e28068940000400386621d4f, 90
1652710380.238793, sdrt-health/mac:02010b41cdec/antenna/tag/e2806894000050038662194f, 83
1652710380.252603, sdrt-health/mac:02010b41cdec/antenna/tag/e2806894000050038662154f, 97
1652710380.276656, sdrt-health/mac:02010b41cdec/antenna/tag/e2806894000050038661fd4f, 83
1652710380.282427, sdrt-health/mac:02010b41cdec/antenna/tag/e2806894000050038662194f, 87
1652710380.324556, sdrt-health/mac:02010b41cdec/antenna/tag/e2806894000050038662194f, 94
1652710380.55341, sdrt-health/mac:02010b41cdec/antenna/tag/e28068940000400386621d4f, 96
1652710380.553886, sdrt-health/mac:02010b41cdec/antenna/tag/e2806894000040038662114f, 88
1652710380.554249, sdrt-health/mac:02010b41cdec/antenna/tag/e2806894000040038662114f, 91
1652710380.604908, sdrt-health/mac:02010b41cdec/antenna/tag/e2806894000040038662114f, 88
1652710380.605373, sdrt-health/mac:02010b41cdec/antenna/tag/e2806894000050038661fd4f, 83
1652710380.605728, sdrt-health/mac:02010b41cdec/antenna/tag/e2806894000040038661f94f, 84
1652710380.619762, sdrt-health/mac:02010b41cdec/antenna/tag/e28068940000400386621d4f, 96
1652710380.620214, sdrt-health/mac:02010b41cdec/antenna/tag/e2806894000050038662154f, 97
1652710380.629513, sdrt-health/mac:02010b41cdec/antenna/tag/e2806894000050038662154f, 91
1652710380.634467, sdrt-health/mac:02010b41cdec/antenna/tag/e2806894000050038662194f, 83
1652710380.634714, sdrt-health/mac:02010b41cdec/antenna/tag/e28068940000400386621d4f, 96
1652710380.669348, sdrt-health/mac:02010b41cdec/antenna/tag/e2806894000050038662154f, 91
1652710380.708287, sdrt-health/mac:02010b41cdec/antenna/tag/e2806894000040038662114f, 91
1652710380.844822, sdrt-health/mac:02010b41cdec/antenna/tag/e28068940000400386621d4f, 96
1652710380.845278, sdrt-health/mac:02010b41cdec/antenna/tag/e2806894000050038661fd4f, 86
1652710380.845657, sdrt-health/mac:02010b41cdec/antenna/tag/e28068940000400386621d4f, 90
1652710380.865864, sdrt-health/mac:02010b41cdec/antenna/tag/e28068940000400386621d4f, 96
1652710380.90148, sdrt-health/mac:02010b41cdec/antenna/tag/e2806894000050038662154f, 91
1652710380.901805, sdrt-health/mac:02010b41cdec/antenna/tag/e28068940000400386621d4f, 96
1652710380.915186, sdrt-health/mac:02010b41cdec/antenna/tag/e2806894000050038662154f, 91
1652710380.915414, sdrt-health/mac:02010b41cdec/antenna/tag/e2806894000040038662114f, 88
1652710380.915555, sdrt-health/mac:02010b41cdec/antenna/tag/e2806894000050038662154f, 91
1652710380.915666, sdrt-health/mac:02010b41cdec/antenna/tag/e2806894000040038662114f, 91
1652710380.927142, sdrt-health/mac:02010b41cdec/antenna/tag/e2806894000040038662114f, 88
1652710380.978145, sdrt-health/mac:02010b41cdec/antenna/tag/e2806894000050038661fd4f, 83
1652710381.054998, sdrt-health/mac:02010b41cdec/antenna/tag/e2806894000050038661fd4f, 83
1652710381.106664, sdrt-health/mac:02010b41cdec/antenna/tag/e2806894000040038662114f, 91
1652710381.147797, sdrt-health/mac:02010b41cdec/antenna/tag/e2806894000050038662154f, 91
1652710381.21581, sdrt-health/mac:02010b41cdec/antenna/tag/e2806894000050038662194f, 84
1652710381.28403, sdrt-health/mac:02010b41cdec/antenna/tag/e2806894000050038661fd4f, 86
1652710381.284501, sdrt-health/mac:02010b41cdec/antenna/tag/e2806894000050038662154f, 88
1652710381.302327, sdrt-health/mac:02010b41cdec/antenna/tag/e2806894000050038661fd4f, 86
1652710381.302648, sdrt-health/mac:02010b41cdec/antenna/tag/e2806894000050038661fd4f, 86
1652710381.302914, sdrt-health/mac:02010b41cdec/antenna/tag/e2806894000050038662154f, 88
1652710381.371787, sdrt-health/mac:02010b41cdec/antenna/tag/e2806894000040038662114f, 97
1652710381.37232, sdrt-health/mac:02010b41cdec/antenna/tag/e28068940000500386620d4f, 103
1652710381.372661, sdrt-health/mac:02010b41cdec/antenna/tag/e2806894000040038662114f, 91
1652710381.373023, sdrt-health/mac:02010b41cdec/antenna/tag/e2806894000040038662114f, 88
1652710381.420222, sdrt-health/mac:02010b41cdec/antenna/tag/e2806894000040038662114f, 88
1652710381.456881, sdrt-health/mac:02010b41cdec/antenna/tag/e2806894000050038662194f, 81
1652710381.511722, sdrt-health/mac:02010b41cdec/antenna/tag/e2806894000040038662114f, 88
1652710381.512837, sdrt-health/mac:02010b41cdec/antenna/tag/e28068940000400386621d4f, 77
1652710381.553553, sdrt-health/mac:02010b41cdec/antenna/tag/e2806894000040038662114f, 85
1652710381.609067, sdrt-health/mac:02010b41cdec/antenna/tag/e2806894000040038662214f, 94
1652710381.609558, sdrt-health/mac:02010b41cdec/antenna/tag/e28068940000400386621d4f, 96
1652710381.631248, sdrt-health/mac:02010b41cdec/antenna/tag/e2806894000050038662194f, 81
1652710381.7084, sdrt-health/mac:02010b41cdec/antenna/tag/e28068940000400386621d4f, 96
1652710381.708896, sdrt-health/mac:02010b41cdec/antenna/tag/e2806894000050038661fd4f, 86
1652710381.727267, sdrt-health/mac:02010b41cdec/antenna/tag/e2806894000050038662154f, 91
1652710381.736619, sdrt-health/mac:02010b41cdec/antenna/tag/e28068940000400386621d4f, 96
1652710381.813862, sdrt-health/mac:02010b41cdec/antenna/tag/e28068940000400386621d4f, 96
1652710381.850315, sdrt-health/mac:02010b41cdec/antenna/tag/e2806894000050038662154f, 88
1652710381.850724, sdrt-health/mac:02010b41cdec/antenna/tag/e2806894000040038662114f, 91
1652710381.851009, sdrt-health/mac:02010b41cdec/antenna/tag/e28068940000400386621d4f, 90
1652710381.851257, sdrt-health/mac:02010b41cdec/antenna/tag/e2806894000050038661fd4f, 86
1652710381.865018, sdrt-health/mac:02010b41cdec/antenna/tag/e2806894000050038661fd4f, 86
1652710381.865226, sdrt-health/mac:02010b41cdec/antenna/tag/e2806894000040038662114f, 97
1652710381.865353, sdrt-health/mac:02010b41cdec/antenna/tag/e28068940000400386621d4f, 96
1652710381.931749, sdrt-health/mac:02010b41cdec/antenna/tag/e28068940000400386621d4f, 90
1652710381.998146, sdrt-health/mac:02010b41cdec/antenna/tag/e28068940000400386621d4f, 96
1652710381.998594, sdrt-health/mac:02010b41cdec/antenna/tag/e2806894000040038662114f, 91
1652710382.026635, sdrt-health/mac:02010b41cdec/antenna/tag/e2806894000050038661fd4f, 83
1652710382.099947, sdrt-health/mac:02010b41cdec/antenna/tag/e2806894000040038662114f, 88
1652710382.141809, sdrt-health/mac:02010b41cdec/antenna/tag/e28068940000400386621d4f, 77
1652710382.142276, sdrt-health/mac:02010b41cdec/antenna/tag/e2806894000050038661fd4f, 83
1652710382.157149, sdrt-health/mac:02010b41cdec/antenna/tag/e28068940000400386621d4f, 96
1652710382.157483, sdrt-health/mac:02010b41cdec/antenna/tag/e28068940000400386621d4f, 90
1652710382.186863, sdrt-health/mac:02010b41cdec/antenna/tag/e2806894000050038662194f, 87
1652710382.231109, sdrt-health/mac:02010b41cdec/antenna/tag/e2806894000040038662114f, 91
1652710382.27204, sdrt-health/mac:02010b41cdec/antenna/tag/e2806894000050038661fd4f, 86
1652710382.352457, sdrt-health/mac:02010b41cdec/antenna/tag/e2806894000040038662114f, 88
1652710382.352926, sdrt-health/mac:02010b41cdec/antenna/tag/e2806894000050038662154f, 91
1652710382.375351, sdrt-health/mac:02010b41cdec/antenna/tag/e2806894000050038662154f, 88
1652710382.411908, sdrt-health/mac:02010b41cdec/antenna/tag/e28068940000400386621d4f, 96
1652710382.4125, sdrt-health/mac:02010b41cdec/antenna/tag/e2806894000040038662114f, 88
1652710382.426685, sdrt-health/mac:02010b41cdec/antenna/tag/e2806894000050038661fd4f, 83
1652710382.443662, sdrt-health/mac:02010b41cdec/antenna/tag/e2806894000050038662194f, 88
1652710382.462658, sdrt-health/mac:02010b41cdec/antenna/tag/e28068940000400386621d4f, 96
1652710382.462916, sdrt-health/mac:02010b41cdec/antenna/tag/e2806894000050038662154f, 88
1652710382.493595, sdrt-health/mac:02010b41cdec/antenna/tag/e2806894000050038661fd4f, 86
1652710382.536461, sdrt-health/mac:02010b41cdec/antenna/tag/e28068940000400386621d4f, 96
1652710382.59863, sdrt-health/mac:02010b41cdec/antenna/tag/e2806894000040038662114f, 91
1652710382.677887, sdrt-health/mac:02010b41cdec/antenna/tag/e2806894000050038662154f, 93
1652710382.678248, sdrt-health/mac:02010b41cdec/antenna/tag/e2806894000050038662154f, 88
1652710382.691822, sdrt-health/mac:02010b41cdec/antenna/tag/e2806894000040038662114f, 85
1652710382.729276, sdrt-health/mac:02010b41cdec/antenna/tag/e2806894000050038661fd4f, 83
1652710382.729621, sdrt-health/mac:02010b41cdec/antenna/tag/e2806894000050038662154f, 85
1652710382.729808, sdrt-health/mac:02010b41cdec/antenna/tag/e2806894000040038662214f, 84
1652710382.729988, sdrt-health/mac:02010b41cdec/antenna/tag/e2806894000050038662154f, 85
1652710382.730163, sdrt-health/mac:02010b41cdec/antenna/tag/e2806894000040038662114f, 88
1652710382.756604, sdrt-health/mac:02010b41cdec/antenna/tag/e2806894000050038662194f, 87
1652710382.828776, sdrt-health/mac:02010b41cdec/antenna/tag/e28068940000400386621d4f, 96
1652710382.869367, sdrt-health/mac:02010b41cdec/antenna/tag/e2806894000050038662154f, 85
1652710382.915851, sdrt-health/mac:02010b41cdec/antenna/tag/e28068940000400386621d4f, 77
1652710382.980873, sdrt-health/mac:02010b41cdec/antenna/tag/e2806894000050038662154f, 85
1652710383.007481, sdrt-health/mac:02010b41cdec/antenna/tag/e2806894000040038662114f, 97
1652710383.078052, sdrt-health/mac:02010b41cdec/antenna/tag/e2806894000050038662154f, 85
1652710383.129142, sdrt-health/mac:02010b41cdec/antenna/tag/e2806894000050038662194f, 83
1652710383.129607, sdrt-health/mac:02010b41cdec/antenna/tag/e2806894000050038661fd4f, 86
1652710383.1611, sdrt-health/mac:02010b41cdec/antenna/tag/e2806894000050038662154f, 85
1652710383.194182, sdrt-health/mac:02010b41cdec/antenna/tag/e2806894000050038662154f, 85
1652710383.232241, sdrt-health/mac:02010b41cdec/antenna/tag/e2806894000050038662194f, 81
1652710383.342741, sdrt-health/mac:02010b41cdec/antenna/tag/e2806894000050038661fd4f, 86
1652710383.343249, sdrt-health/mac:02010b41cdec/antenna/tag/e2806894000040038662114f, 88
1652710383.343636, sdrt-health/mac:02010b41cdec/antenna/tag/e2806894000040038662114f, 91
1652710383.57066, sdrt-health/mac:02010b41cdec/antenna/tag/e2806894000050038662154f, 91
1652710383.571126, sdrt-health/mac:02010b41cdec/antenna/tag/e2806894000050038662194f, 94
1652710383.57153, sdrt-health/mac:02010b41cdec/antenna/tag/e2806894000050038662194f, 94
1652710383.571856, sdrt-health/mac:02010b41cdec/antenna/tag/e2806894000050038662194f, 81
1652710383.572221, sdrt-health/mac:02010b41cdec/antenna/tag/e28068940000400386621d4f, 96
1652710383.572557, sdrt-health/mac:02010b41cdec/antenna/tag/e2806894000040038662114f, 91
1652710383.573002, sdrt-health/mac:02010b41cdec/antenna/tag/e2806894000050038662194f, 83
1652710383.573438, sdrt-health/mac:02010b41cdec/antenna/tag/e2806894000050038662194f, 93
1652710383.573867, sdrt-health/mac:02010b41cdec/antenna/tag/e28068940000400386621d4f, 96
1652710383.607384, sdrt-health/mac:02010b41cdec/antenna/tag/e2806894000050038662194f, 83
1652710383.647967, sdrt-health/mac:02010b41cdec/antenna/tag/e28068940000400386621d4f, 77
1652710383.703, sdrt-health/mac:02010b41cdec/antenna/tag/e28068940000400386621d4f, 90
1652710383.788173, sdrt-health/mac:02010b41cdec/antenna/tag/e28068940000400386621d4f, 90
1652710383.788682, sdrt-health/mac:02010b41cdec/antenna/tag/e2806894000040038662114f, 97
1652710383.803672, sdrt-health/mac:02010b41cdec/antenna/tag/e2806894000050038661fd4f, 86
1652710383.803909, sdrt-health/mac:02010b41cdec/antenna/tag/e28068940000400386621d4f, 90
1652710383.804066, sdrt-health/mac:02010b41cdec/antenna/tag/e2806894000050038661fd4f, 86
1652710383.828438, sdrt-health/mac:02010b41cdec/antenna/tag/e2806894000050038662154f, 88
1652710383.882588, sdrt-health/mac:02010b41cdec/antenna/tag/e2806894000050038661fd4f, 86
1652710383.883059, sdrt-health/mac:02010b41cdec/antenna/tag/e2806894000050038662194f, 81
1652710383.89733, sdrt-health/mac:02010b41cdec/antenna/tag/e2806894000050038662194f, 81
1652710383.953664, sdrt-health/mac:02010b41cdec/antenna/tag/e2806894000050038662154f, 88
1652710383.954096, sdrt-health/mac:02010b41cdec/antenna/tag/e2806894000050038662154f, 87
1652710383.96717, sdrt-health/mac:02010b41cdec/antenna/tag/e2806894000050038661fd4f, 86
1652710383.96764, sdrt-health/mac:02010b41cdec/antenna/tag/e2806894000050038662154f, 87
1652710383.96782, sdrt-health/mac:02010b41cdec/antenna/tag/e2806894000050038662194f, 81
1652710384.011923, sdrt-health/mac:02010b41cdec/antenna/tag/e28068940000400386621d4f, 96
1652710384.075151, sdrt-health/mac:02010b41cdec/antenna/tag/e2806894000050038661fd4f, 83
1652710384.163472, sdrt-health/mac:02010b41cdec/antenna/tag/e28068940000400386621d4f, 96
1652710384.163971, sdrt-health/mac:02010b41cdec/antenna/tag/e2806894000050038662154f, 88
1652710384.164338, sdrt-health/mac:02010b41cdec/antenna/tag/e2806894000050038662194f, 83
1652710384.164682, sdrt-health/mac:02010b41cdec/antenna/tag/e2806894000050038661fd4f, 86
1652710384.165057, sdrt-health/mac:02010b41cdec/antenna/tag/e2806894000040038662114f, 88
1652710384.185186, sdrt-health/mac:02010b41cdec/antenna/tag/e2806894000050038662154f, 88
1652710384.185435, sdrt-health/mac:02010b41cdec/antenna/tag/e2806894000050038662154f, 88
1652710384.227356, sdrt-health/mac:02010b41cdec/antenna/tag/e2806894000050038662154f, 85
1652710384.310409, sdrt-health/mac:02010b41cdec/antenna/tag/e2806894000040038662114f, 88
1652710384.310918, sdrt-health/mac:02010b41cdec/antenna/tag/e28068940000400386621d4f, 77
1652710384.34964, sdrt-health/mac:02010b41cdec/antenna/tag/e28068940000400386621d4f, 77
1652710384.350133, sdrt-health/mac:02010b41cdec/antenna/tag/e2806894000050038661fd4f, 83
1652710384.350466, sdrt-health/mac:02010b41cdec/antenna/tag/e28068940000400386621d4f, 96
1652710384.380863, sdrt-health/mac:02010b41cdec/antenna/tag/e2806894000050038662154f, 97
1652710384.431882, sdrt-health/mac:02010b41cdec/antenna/tag/e2806894000040038662114f, 85
1652710384.432202, sdrt-health/mac:02010b41cdec/antenna/tag/e2806894000040038662114f, 91
1652710384.448481, sdrt-health/mac:02010b41cdec/antenna/tag/e2806894000050038661fd4f, 83
1652710384.469666, sdrt-health/mac:02010b41cdec/antenna/tag/e2806894000050038662154f, 88
1652710384.503727, sdrt-health/mac:02010b41cdec/antenna/tag/e2806894000040038662114f, 85
1652710384.503995, sdrt-health/mac:02010b41cdec/antenna/tag/e2806894000050038661fd4f, 83
1652710384.520106, sdrt-health/mac:02010b41cdec/antenna/tag/e2806894000040038662114f, 88
1652710384.579377, sdrt-health/mac:02010b41cdec/antenna/tag/e2806894000050038661fd4f, 86
1652710384.626507, sdrt-health/mac:02010b41cdec/antenna/tag/e2806894000050038661fd4f, 90
1652710384.643663, sdrt-health/mac:02010b41cdec/antenna/tag/e2806894000040038662114f, 88
1652710384.690747, sdrt-health/mac:02010b41cdec/antenna/tag/e2806894000050038662154f, 88
1652710384.773844, sdrt-health/mac:02010b41cdec/antenna/tag/e28068940000400386621d4f, 96
1652710384.774316, sdrt-health/mac:02010b41cdec/antenna/tag/e2806894000050038661fd4f, 86
1652710384.798755, sdrt-health/mac:02010b41cdec/antenna/tag/e2806894000050038661fd4f, 86
1652710384.799081, sdrt-health/mac:02010b41cdec/antenna/tag/e2806894000050038661fd4f, 86
1652710384.799328, sdrt-health/mac:02010b41cdec/antenna/tag/e2806894000050038662154f, 88
1652710384.818333, sdrt-health/mac:02010b41cdec/antenna/tag/e2806894000050038661fd4f, 86
1652710384.818597, sdrt-health/mac:02010b41cdec/antenna/tag/e28068940000400386621d4f, 90
1652710384.818809, sdrt-health/mac:02010b41cdec/antenna/tag/e2806894000050038662194f, 88
1652710384.853534, sdrt-health/mac:02010b41cdec/antenna/tag/e28068940000400386621d4f, 96
1652710384.902697, sdrt-health/mac:02010b41cdec/antenna/tag/e2806894000040038662114f, 91
1652710384.967032, sdrt-health/mac:02010b41cdec/antenna/tag/e2806894000050038661fd4f, 83
1652710384.967557, sdrt-health/mac:02010b41cdec/antenna/tag/e2806894000050038662194f, 87
1652710384.990604, sdrt-health/mac:02010b41cdec/antenna/tag/e28068940000400386621d4f, 96
1652710385.030615, sdrt-health/mac:02010b41cdec/antenna/tag/e2806894000050038662154f, 88
1652710385.030887, sdrt-health/mac:02010b41cdec/antenna/tag/e2806894000050038662154f, 91
1652710385.031067, sdrt-health/mac:02010b41cdec/antenna/tag/e2806894000040038662114f, 91
1652710385.045297, sdrt-health/mac:02010b41cdec/antenna/tag/e2806894000050038661fd4f, 83
1652710385.125316, sdrt-health/mac:02010b41cdec/antenna/tag/e2806894000050038661fd4f, 83
1652710385.175078, sdrt-health/mac:02010b41cdec/antenna/tag/e2806894000040038662114f, 88
1652710385.22568, sdrt-health/mac:02010b41cdec/antenna/tag/e28068940000400386621d4f, 77
1652710385.259053, sdrt-health/mac:02010b41cdec/antenna/tag/e28068940000400386621d4f, 96
1652710385.328424, sdrt-health/mac:02010b41cdec/antenna/tag/e2806894000050038662194f, 83
1652710385.328915, sdrt-health/mac:02010b41cdec/antenna/tag/e2806894000050038662154f, 91
1652710385.383401, sdrt-health/mac:02010b41cdec/antenna/tag/e2806894000040038662114f, 91
1652710385.414732, sdrt-health/mac:02010b41cdec/antenna/tag/e2806894000050038662154f, 91
1652710385.415133, sdrt-health/mac:02010b41cdec/antenna/tag/e28068940000400386621d4f, 96
1652710385.429575, sdrt-health/mac:02010b41cdec/antenna/tag/e2806894000050038662194f, 81
1652710385.523055, sdrt-health/mac:02010b41cdec/antenna/tag/e28068940000400386621d4f, 96
1652710385.705314, sdrt-health/mac:02010b41cdec/antenna/tag/e28068940000400386621d4f, 96
1652710385.706822, sdrt-health/mac:02010b41cdec/antenna/tag/e2806894000050038661fd4f, 83
1652710385.744508, sdrt-health/mac:02010b41cdec/antenna/tag/e2806894000040038662114f, 88
1652710385.745008, sdrt-health/mac:02010b41cdec/antenna/tag/e28068940000400386621d4f, 96
1652710385.745444, sdrt-health/mac:02010b41cdec/antenna/tag/e2806894000040038662114f, 88
1652710385.745816, sdrt-health/mac:02010b41cdec/antenna/tag/e2806894000050038661fd4f, 83
1652710385.746177, sdrt-health/mac:02010b41cdec/antenna/tag/e28068940000400386621d4f, 96
1652710385.746589, sdrt-health/mac:02010b41cdec/antenna/tag/e28068940000400386621d4f, 90
1652710385.747029, sdrt-health/mac:02010b41cdec/antenna/tag/e2806894000050038661fd4f, 86
1652710385.747385, sdrt-health/mac:02010b41cdec/antenna/tag/e2806894000050038661fd4f, 86
1652710385.747723, sdrt-health/mac:02010b41cdec/antenna/tag/e28068940000400386621d4f, 96
1652710385.748034, sdrt-health/mac:02010b41cdec/antenna/tag/e2806894000050038662154f, 91
1652710385.748387, sdrt-health/mac:02010b41cdec/antenna/tag/e2806894000040038662114f, 91
1652710385.753687, sdrt-health/mac:02010b41cdec/antenna/tag/e2806894000050038661fd4f, 86
1652710385.840408, sdrt-health/mac:02010b41cdec/antenna/tag/e2806894000050038661fd4f, 86
1652710385.852094, sdrt-health/mac:02010b41cdec/antenna/tag/e2806894000040038662114f, 88
1652710385.857482, sdrt-health/mac:02010b41cdec/antenna/tag/e2806894000050038662154f, 91
1652710385.892009, sdrt-health/mac:02010b41cdec/antenna/tag/e28068940000400386621d4f, 96
1652710385.951603, sdrt-health/mac:02010b41cdec/antenna/tag/e2806894000040038662114f, 88
1652710386.215832, sdrt-health/mac:02010b41cdec/antenna/tag/e28068940000400386621d4f, 96
1652710386.216287, sdrt-health/mac:02010b41cdec/antenna/tag/e28068940000500386620d4f, 82
1652710386.272894, sdrt-health/mac:02010b41cdec/antenna/tag/e2806894000040038662214f, 94
1652710386.273451, sdrt-health/mac:02010b41cdec/antenna/tag/e2806894000040038661f94f, 84
1652710386.273923, sdrt-health/mac:02010b41cdec/antenna/tag/e2806894000050038662154f, 85
1652710386.274299, sdrt-health/mac:02010b41cdec/antenna/tag/e2806894000040038662214f, 84
1652710386.275046, sdrt-health/mac:02010b41cdec/antenna/tag/e2806894000040038662114f, 85
1652710386.275642, sdrt-health/mac:02010b41cdec/antenna/tag/e2806894000050038662154f, 88
1652710386.276124, sdrt-health/mac:02010b41cdec/antenna/tag/e28068940000400386621d4f, 96
1652710386.279578, sdrt-health/mac:02010b41cdec/antenna/tag/e28068940000400386621d4f, 90
1652710386.298594, sdrt-health/mac:02010b41cdec/antenna/tag/e2806894000050038662154f, 85
1652710386.298809, sdrt-health/mac:02010b41cdec/antenna/tag/e2806894000050038661fd4f, 86
1652710386.346032, sdrt-health/mac:02010b41cdec/antenna/tag/e28068940000400386621d4f, 90
1652710386.381387, sdrt-health/mac:02010b41cdec/antenna/tag/e2806894000050038662194f, 83
1652710386.381726, sdrt-health/mac:02010b41cdec/antenna/tag/e2806894000050038661fd4f, 86
1652710386.467369, sdrt-health/mac:02010b41cdec/antenna/tag/e2806894000050038661fd4f, 86
1652710386.467876, sdrt-health/mac:02010b41cdec/antenna/tag/e2806894000040038662114f, 91
1652710386.468252, sdrt-health/mac:02010b41cdec/antenna/tag/e2806894000050038662194f, 83
1652710386.468599, sdrt-health/mac:02010b41cdec/antenna/tag/e2806894000050038662194f, 87
1652710386.506974, sdrt-health/mac:02010b41cdec/antenna/tag/e2806894000050038661fd4f, 86
1652710386.558234, sdrt-health/mac:02010b41cdec/antenna/tag/e28068940000400386621d4f, 90
1652710386.558796, sdrt-health/mac:02010b41cdec/antenna/tag/e2806894000050038661fd4f, 86
1652710386.601424, sdrt-health/mac:02010b41cdec/antenna/tag/e2806894000050038661fd4f, 83
1652710386.653727, sdrt-health/mac:02010b41cdec/antenna/tag/e2806894000040038661f94f, 94
1652710386.65411, sdrt-health/mac:02010b41cdec/antenna/tag/e28068940000400386621d4f, 77
1652710386.654503, sdrt-health/mac:02010b41cdec/antenna/tag/e2806894000050038661fd4f, 86
1652710386.68404, sdrt-health/mac:02010b41cdec/antenna/tag/e2806894000040038662114f, 85
1652710386.684279, sdrt-health/mac:02010b41cdec/antenna/tag/e2806894000050038662154f, 91
1652710386.728624, sdrt-health/mac:02010b41cdec/antenna/tag/e2806894000050038662154f, 91
1652710386.769558, sdrt-health/mac:02010b41cdec/antenna/tag/e28068940000400386621d4f, 96
1652710386.770018, sdrt-health/mac:02010b41cdec/antenna/tag/e2806894000050038662194f, 94
1652710386.820671, sdrt-health/mac:02010b41cdec/antenna/tag/e2806894000050038661fd4f, 86
1652710386.83091, sdrt-health/mac:02010b41cdec/antenna/tag/e2806894000050038662194f, 81
1652710386.835983, sdrt-health/mac:02010b41cdec/antenna/tag/e2806894000050038662154f, 91
1652710386.918986, sdrt-health/mac:02010b41cdec/antenna/tag/e2806894000050038662154f, 91
1652710386.975717, sdrt-health/mac:02010b41cdec/antenna/tag/e28068940000400386621d4f, 77
1652710386.976223, sdrt-health/mac:02010b41cdec/antenna/tag/e2806894000050038662194f, 88
1652710386.99963, sdrt-health/mac:02010b41cdec/antenna/tag/e2806894000050038662154f, 85
1652710387.019045, sdrt-health/mac:02010b41cdec/antenna/tag/e2806894000040038662114f, 88
1652710387.06698, sdrt-health/mac:02010b41cdec/antenna/tag/e2806894000050038662194f, 94
1652710387.072316, sdrt-health/mac:02010b41cdec/antenna/tag/e2806894000050038662194f, 94
1652710387.204856, sdrt-health/mac:02010b41cdec/antenna/tag/e2806894000040038662114f, 88
1652710387.272159, sdrt-health/mac:02010b41cdec/antenna/tag/e2806894000050038661fd4f, 86
1652710387.272626, sdrt-health/mac:02010b41cdec/antenna/tag/e2806894000040038662114f, 88
1652710387.273021, sdrt-health/mac:02010b41cdec/antenna/tag/e28068940000400386621d4f, 96
1652710387.273358, sdrt-health/mac:02010b41cdec/antenna/tag/e2806894000040038662114f, 91
1652710387.307117, sdrt-health/mac:02010b41cdec/antenna/tag/e2806894000050038662154f, 91
1652710387.347825, sdrt-health/mac:02010b41cdec/antenna/tag/e2806894000040038662114f, 88
1652710387.400659, sdrt-health/mac:02010b41cdec/antenna/tag/e2806894000040038662114f, 88
1652710387.401113, sdrt-health/mac:02010b41cdec/antenna/tag/e2806894000050038662154f, 91
1652710387.401549, sdrt-health/mac:02010b41cdec/antenna/tag/e28068940000400386621d4f, 90
1652710387.439893, sdrt-health/mac:02010b41cdec/antenna/tag/e28068940000400386621d4f, 96
1652710387.499891, sdrt-health/mac:02010b41cdec/antenna/tag/e2806894000050038661fd4f, 83
1652710387.500388, sdrt-health/mac:02010b41cdec/antenna/tag/e2806894000040038662114f, 88
1652710387.538207, sdrt-health/mac:02010b41cdec/antenna/tag/e2806894000050038662194f, 94
1652710387.597855, sdrt-health/mac:02010b41cdec/antenna/tag/e28068940000400386621d4f, 96
1652710387.598218, sdrt-health/mac:02010b41cdec/antenna/tag/e28068940000400386621d4f, 96
1652710387.679555, sdrt-health/mac:02010b41cdec/antenna/tag/e28068940000400386621d4f, 96
1652710387.720988, sdrt-health/mac:02010b41cdec/antenna/tag/e28068940000400386621d4f, 96
1652710387.721436, sdrt-health/mac:02010b41cdec/antenna/tag/e2806894000040038662114f, 97
1652710387.792336, sdrt-health/mac:02010b41cdec/antenna/tag/e2806894000050038661fd4f, 83
1652710387.844647, sdrt-health/mac:02010b41cdec/antenna/tag/e2806894000040038662114f, 91
1652710387.845127, sdrt-health/mac:02010b41cdec/antenna/tag/e28068940000400386621d4f, 90
1652710387.882426, sdrt-health/mac:02010b41cdec/antenna/tag/e2806894000050038662194f, 81
1652710387.88272, sdrt-health/mac:02010b41cdec/antenna/tag/e2806894000040038662214f, 81
1652710387.882929, sdrt-health/mac:02010b41cdec/antenna/tag/e2806894000040038662114f, 88
1652710387.883139, sdrt-health/mac:02010b41cdec/antenna/tag/e2806894000040038662114f, 88
1652710387.917449, sdrt-health/mac:02010b41cdec/antenna/tag/e2806894000050038662154f, 85
1652710388.062067, sdrt-health/mac:02010b41cdec/antenna/tag/e28068940000400386621d4f, 96
1652710388.062526, sdrt-health/mac:02010b41cdec/antenna/tag/e2806894000040038662114f, 88
1652710388.108285, sdrt-health/mac:02010b41cdec/antenna/tag/e2806894000050038662154f, 93
1652710388.1088, sdrt-health/mac:02010b41cdec/antenna/tag/e2806894000050038661fd4f, 83
1652710388.207265, sdrt-health/mac:02010b41cdec/antenna/tag/e2806894000050038661fd4f, 83
1652710388.25939, sdrt-health/mac:02010b41cdec/antenna/tag/e28068940000400386621d4f, 96
1652710388.3045, sdrt-health/mac:02010b41cdec/antenna/tag/e2806894000050038662154f, 88
1652710388.497101, sdrt-health/mac:02010b41cdec/antenna/tag/e2806894000050038662154f, 91
1652710388.49755, sdrt-health/mac:02010b41cdec/antenna/tag/e2806894000050038662154f, 88
1652710388.497883, sdrt-health/mac:02010b41cdec/antenna/tag/e2806894000050038661fd4f, 86
1652710388.49824, sdrt-health/mac:02010b41cdec/antenna/tag/e2806894000040038662114f, 91
1652710388.498557, sdrt-health/mac:02010b41cdec/antenna/tag/e2806894000040038662114f, 91
1652710388.498894, sdrt-health/mac:02010b41cdec/antenna/tag/e28068940000400386621d4f, 90
1652710388.532908, sdrt-health/mac:02010b41cdec/antenna/tag/e2806894000040038662114f, 91
1652710388.618193, sdrt-health/mac:02010b41cdec/antenna/tag/e28068940000400386621d4f, 77
1652710388.653756, sdrt-health/mac:02010b41cdec/antenna/tag/e28068940000400386621d4f, 96
1652710388.654108, sdrt-health/mac:02010b41cdec/antenna/tag/e2806894000050038662194f, 94
1652710388.654377, sdrt-health/mac:02010b41cdec/antenna/tag/e2806894000050038662194f, 81
1652710388.654608, sdrt-health/mac:02010b41cdec/antenna/tag/e2806894000050038662154f, 88
1652710388.675152, sdrt-health/mac:02010b41cdec/antenna/tag/e2806894000050038662194f, 87
1652710388.753296, sdrt-health/mac:02010b41cdec/antenna/tag/e2806894000050038661fd4f, 86
1652710388.753802, sdrt-health/mac:02010b41cdec/antenna/tag/e2806894000050038662194f, 81
1652710388.776726, sdrt-health/mac:02010b41cdec/antenna/tag/e2806894000050038661fd4f, 83
1652710388.785852, sdrt-health/mac:02010b41cdec/antenna/tag/e2806894000050038662154f, 91
1652710388.79246, sdrt-health/mac:02010b41cdec/antenna/tag/e2806894000040038662114f, 91
1652710388.79272, sdrt-health/mac:02010b41cdec/antenna/tag/e28068940000400386621d4f, 96
1652710388.792907, sdrt-health/mac:02010b41cdec/antenna/tag/e2806894000050038661fd4f, 83
1652710388.822326, sdrt-health/mac:02010b41cdec/antenna/tag/e2806894000050038662154f, 91
1652710388.858394, sdrt-health/mac:02010b41cdec/antenna/tag/e28068940000400386621d4f, 96
1652710388.858838, sdrt-health/mac:02010b41cdec/antenna/tag/e2806894000050038661fd4f, 86
1652710388.8802, sdrt-health/mac:02010b41cdec/antenna/tag/e2806894000050038661fd4f, 83
1652710388.910525, sdrt-health/mac:02010b41cdec/antenna/tag/e2806894000040038662114f, 88
1652710388.963035, sdrt-health/mac:02010b41cdec/antenna/tag/e2806894000050038662194f, 83
1652710388.963258, sdrt-health/mac:02010b41cdec/antenna/tag/e2806894000050038661fd4f, 83
1652710389.025915, sdrt-health/mac:02010b41cdec/antenna/tag/e28068940000400386621d4f, 77
1652710389.075579, sdrt-health/mac:02010b41cdec/antenna/tag/e2806894000050038661fd4f, 86
1652710389.103802, sdrt-health/mac:02010b41cdec/antenna/tag/e2806894000050038662154f, 97
1652710389.104095, sdrt-health/mac:02010b41cdec/antenna/tag/e2806894000040038662114f, 97
1652710389.104294, sdrt-health/mac:02010b41cdec/antenna/tag/e28068940000400386621d4f, 90
1652710389.118917, sdrt-health/mac:02010b41cdec/antenna/tag/e2806894000040038662214f, 88
1652710389.147543, sdrt-health/mac:02010b41cdec/antenna/tag/e28068940000400386621d4f, 96
1652710389.180293, sdrt-health/mac:02010b41cdec/antenna/tag/e2806894000050038662194f, 94
1652710389.180655, sdrt-health/mac:02010b41cdec/antenna/tag/e2806894000040038662114f, 88
1652710389.194688, sdrt-health/mac:02010b41cdec/antenna/tag/e2806894000040038662114f, 88
1652710389.194942, sdrt-health/mac:02010b41cdec/antenna/tag/e28068940000400386621d4f, 96
1652710389.226486, sdrt-health/mac:02010b41cdec/antenna/tag/e2806894000040038662214f, 84
1652710389.269166, sdrt-health/mac:02010b41cdec/antenna/tag/e2806894000050038662194f, 88
1652710389.328557, sdrt-health/mac:02010b41cdec/antenna/tag/e2806894000050038661fd4f, 83
1652710389.329022, sdrt-health/mac:02010b41cdec/antenna/tag/e2806894000050038661fd4f, 86
1652710389.364307, sdrt-health/mac:02010b41cdec/antenna/tag/e2806894000050038662154f, 85
1652710389.42931, sdrt-health/mac:02010b41cdec/antenna/tag/e2806894000050038661fd4f, 83
1652710389.429793, sdrt-health/mac:02010b41cdec/antenna/tag/e2806894000050038661fd4f, 86
1652710389.466136, sdrt-health/mac:02010b41cdec/antenna/tag/e2806894000050038662154f, 85
1652710389.466332, sdrt-health/mac:02010b41cdec/antenna/tag/e28068940000400386621d4f, 96
1652710389.466465, sdrt-health/mac:02010b41cdec/antenna/tag/e28068940000400386621d4f, 77
1652710389.509787, sdrt-health/mac:02010b41cdec/antenna/tag/e28068940000400386621d4f, 96
1652710389.561813, sdrt-health/mac:02010b41cdec/antenna/tag/e2806894000050038661fd4f, 90
1652710389.56302, sdrt-health/mac:02010b41cdec/antenna/tag/e2806894000050038662194f, 87
1652710389.578341, sdrt-health/mac:02010b41cdec/antenna/tag/e2806894000050038661fd4f, 83
1652710389.606301, sdrt-health/mac:02010b41cdec/antenna/tag/e2806894000040038662114f, 88
1652710389.647517, sdrt-health/mac:02010b41cdec/antenna/tag/e2806894000050038662194f, 81
1652710389.785417, sdrt-health/mac:02010b41cdec/antenna/tag/e2806894000050038662154f, 85
1652710389.785968, sdrt-health/mac:02010b41cdec/antenna/tag/e2806894000050038662154f, 85
1652710389.828912, sdrt-health/mac:02010b41cdec/antenna/tag/e2806894000050038662154f, 85
1652710389.9492, sdrt-health/mac:02010b41cdec/antenna/tag/e2806894000050038661fd4f, 86
1652710389.949708, sdrt-health/mac:02010b41cdec/antenna/tag/e28068940000400386621d4f, 90
1652710389.950047, sdrt-health/mac:02010b41cdec/antenna/tag/e2806894000050038661fd4f, 86
1652710389.9504, sdrt-health/mac:02010b41cdec/antenna/tag/e2806894000040038662114f, 97
1652710389.950712, sdrt-health/mac:02010b41cdec/antenna/tag/e28068940000500386620d4f, 94
1652710389.951025, sdrt-health/mac:02010b41cdec/antenna/tag/e2806894000040038662114f, 91
1652710389.970323, sdrt-health/mac:02010b41cdec/antenna/tag/e2806894000050038662154f, 88
1652710390.029202, sdrt-health/mac:02010b41cdec/antenna/tag/e2806894000040038662114f, 97
1652710390.059956, sdrt-health/mac:02010b41cdec/antenna/tag/e2806894000040038662114f, 88
1652710390.100861, sdrt-health/mac:02010b41cdec/antenna/tag/e28068940000400386621d4f, 96
1652710390.101308, sdrt-health/mac:02010b41cdec/antenna/tag/e2806894000050038662194f, 94
1652710390.115804, sdrt-health/mac:02010b41cdec/antenna/tag/e2806894000050038662154f, 85
1652710390.116234, sdrt-health/mac:02010b41cdec/antenna/tag/e28068940000400386621d4f, 77
1652710390.165307, sdrt-health/mac:02010b41cdec/antenna/tag/e28068940000400386621d4f, 96
1652710390.215512, sdrt-health/mac:02010b41cdec/antenna/tag/e2806894000050038661fd4f, 86
1652710390.230562, sdrt-health/mac:02010b41cdec/antenna/tag/e28068940000400386621d4f, 90
1652710390.273345, sdrt-health/mac:02010b41cdec/antenna/tag/e2806894000050038661fd4f, 86
1652710390.305998, sdrt-health/mac:02010b41cdec/antenna/tag/e2806894000040038662054f, 81
1652710390.370519, sdrt-health/mac:02010b41cdec/antenna/tag/e2806894000050038661fd4f, 86
1652710390.370977, sdrt-health/mac:02010b41cdec/antenna/tag/e2806894000050038662154f, 88
1652710390.384355, sdrt-health/mac:02010b41cdec/antenna/tag/e2806894000050038662154f, 88
1652710390.38668, sdrt-health/mac:02010b41cdec/antenna/tag/e2806894000050038661fd4f, 86
1652710390.430536, sdrt-health/mac:02010b41cdec/antenna/tag/e2806894000050038661fd4f, 86
1652710390.469821, sdrt-health/mac:02010b41cdec/antenna/tag/e2806894000040038662114f, 88
1652710390.506842, sdrt-health/mac:02010b41cdec/antenna/tag/e2806894000050038662194f, 81
1652710390.575245, sdrt-health/mac:02010b41cdec/antenna/tag/e2806894000050038661fd4f, 86
1652710390.575724, sdrt-health/mac:02010b41cdec/antenna/tag/e28068940000400386621d4f, 96
1652710390.589883, sdrt-health/mac:02010b41cdec/antenna/tag/e2806894000040038662114f, 88
1652710390.590354, sdrt-health/mac:02010b41cdec/antenna/tag/e2806894000040038662114f, 88
1652710390.590816, sdrt-health/mac:02010b41cdec/antenna/tag/e2806894000050038662154f, 88
1652710390.627443, sdrt-health/mac:02010b41cdec/antenna/tag/e28068940000400386621d4f, 96
1652710390.678226, sdrt-health/mac:02010b41cdec/antenna/tag/e2806894000050038661fd4f, 83
1652710390.725801, sdrt-health/mac:02010b41cdec/antenna/tag/e2806894000050038661fd4f, 83
1652710390.727567, sdrt-health/mac:02010b41cdec/antenna/tag/e2806894000050038662194f, 83
1652710390.767531, sdrt-health/mac:02010b41cdec/antenna/tag/e2806894000050038662154f, 93
1652710390.848995, sdrt-health/mac:02010b41cdec/antenna/tag/e2806894000050038662194f, 94
1652710390.84948, sdrt-health/mac:02010b41cdec/antenna/tag/e2806894000050038661fd4f, 83
1652710390.849824, sdrt-health/mac:02010b41cdec/antenna/tag/e2806894000050038661fd4f, 83
1652710390.975844, sdrt-health/mac:02010b41cdec/antenna/tag/e2806894000040038662114f, 91
1652710391.04123, sdrt-health/mac:02010b41cdec/antenna/tag/e2806894000040038662114f, 91
1652710391.041806, sdrt-health/mac:02010b41cdec/antenna/tag/e2806894000050038661fd4f, 83
1652710391.042216, sdrt-health/mac:02010b41cdec/antenna/tag/e2806894000050038662154f, 85
1652710391.042564, sdrt-health/mac:02010b41cdec/antenna/tag/e2806894000040038662114f, 88
1652710391.042899, sdrt-health/mac:02010b41cdec/antenna/tag/e2806894000050038662154f, 88
1652710391.067321, sdrt-health/mac:02010b41cdec/antenna/tag/e2806894000050038661fd4f, 86
1652710391.137497, sdrt-health/mac:02010b41cdec/antenna/tag/e2806894000040038662114f, 91
1652710391.171877, sdrt-health/mac:02010b41cdec/antenna/tag/e28068940000400386621d4f, 96
1652710391.172244, sdrt-health/mac:02010b41cdec/antenna/tag/e2806894000050038662154f, 91
1652710391.196598, sdrt-health/mac:02010b41cdec/antenna/tag/e2806894000040038662114f, 91
1652710391.204989, sdrt-health/mac:02010b41cdec/antenna/tag/e2806894000040038662114f, 97
1652710391.247001, sdrt-health/mac:02010b41cdec/antenna/tag/e2806894000050038662154f, 88
1652710391.256677, sdrt-health/mac:02010b41cdec/antenna/tag/e2806894000050038661fd4f, 86
1652710391.293752, sdrt-health/mac:02010b41cdec/antenna/tag/e28068940000400386621d4f, 90
1652710391.358312, sdrt-health/mac:02010b41cdec/antenna/tag/e2806894000050038662194f, 83
1652710391.358889, sdrt-health/mac:02010b41cdec/antenna/tag/e28068940000400386621d4f, 90
1652710391.398439, sdrt-health/mac:02010b41cdec/antenna/tag/e2806894000050038661fd4f, 83
1652710391.431573, sdrt-health/mac:02010b41cdec/antenna/tag/e2806894000050038662154f, 85
1652710391.43184, sdrt-health/mac:02010b41cdec/antenna/tag/e2806894000050038662194f, 83
1652710391.432026, sdrt-health/mac:02010b41cdec/antenna/tag/e2806894000050038661fd4f, 86
1652710391.463219, sdrt-health/mac:02010b41cdec/antenna/tag/e28068940000400386621d4f, 96
1652710391.544386, sdrt-health/mac:02010b41cdec/antenna/tag/e2806894000050038661fd4f, 83
1652710391.544893, sdrt-health/mac:02010b41cdec/antenna/tag/e2806894000050038661fd4f, 83
1652710391.560633, sdrt-health/mac:02010b41cdec/antenna/tag/e2806894000050038662154f, 88
1652710391.579763, sdrt-health/mac:02010b41cdec/antenna/tag/e28068940000400386621d4f, 90
1652710391.64084, sdrt-health/mac:02010b41cdec/antenna/tag/e28068940000400386621d4f, 96
1652710391.641595, sdrt-health/mac:02010b41cdec/antenna/tag/e2806894000040038662114f, 88
1652710391.655865, sdrt-health/mac:02010b41cdec/antenna/tag/e2806894000050038662194f, 94
1652710391.65635, sdrt-health/mac:02010b41cdec/antenna/tag/e2806894000050038662154f, 85
1652710391.71808, sdrt-health/mac:02010b41cdec/antenna/tag/e2806894000050038661fd4f, 83
1652710391.789373, sdrt-health/mac:02010b41cdec/antenna/tag/e2806894000050038661fd4f, 83
1652710391.868563, sdrt-health/mac:02010b41cdec/antenna/tag/e28068940000400386621d4f, 90
1652710391.925415, sdrt-health/mac:02010b41cdec/antenna/tag/e2806894000050038662154f, 88
1652710391.994555, sdrt-health/mac:02010b41cdec/antenna/tag/e28068940000400386621d4f, 96
1652710392.037386, sdrt-health/mac:02010b41cdec/antenna/tag/e2806894000050038661fd4f, 83
1652710392.076613, sdrt-health/mac:02010b41cdec/antenna/tag/e2806894000050038662154f, 91
1652710392.077084, sdrt-health/mac:02010b41cdec/antenna/tag/e2806894000040038662114f, 91
1652710392.111341, sdrt-health/mac:02010b41cdec/antenna/tag/e2806894000050038661fd4f, 83
1652710392.169083, sdrt-health/mac:02010b41cdec/antenna/tag/e2806894000040038662114f, 91
1652710392.169559, sdrt-health/mac:02010b41cdec/antenna/tag/e2806894000050038662154f, 91
1652710392.191618, sdrt-health/mac:02010b41cdec/antenna/tag/e28068940000400386621d4f, 96
1652710392.192158, sdrt-health/mac:02010b41cdec/antenna/tag/e2806894000050038662154f, 88
1652710392.192546, sdrt-health/mac:02010b41cdec/antenna/tag/e2806894000050038661fd4f, 83
1652710392.277335, sdrt-health/mac:02010b41cdec/antenna/tag/e2806894000040038662114f, 91
1652710392.313717, sdrt-health/mac:02010b41cdec/antenna/tag/e2806894000050038662154f, 91
1652710392.407432, sdrt-health/mac:02010b41cdec/antenna/tag/e2806894000040038662114f, 91
1652710392.408088, sdrt-health/mac:02010b41cdec/antenna/tag/e28068940000400386621d4f, 96
1652710392.408443, sdrt-health/mac:02010b41cdec/antenna/tag/e2806894000050038661fd4f, 83
1652710392.408767, sdrt-health/mac:02010b41cdec/antenna/tag/e2806894000050038662154f, 88
1652710392.436632, sdrt-health/mac:02010b41cdec/antenna/tag/e2806894000040038662114f, 97
1652710392.489239, sdrt-health/mac:02010b41cdec/antenna/tag/e2806894000050038662154f, 88
1652710392.558408, sdrt-health/mac:02010b41cdec/antenna/tag/e2806894000040038662114f, 88
1652710392.559096, sdrt-health/mac:02010b41cdec/antenna/tag/e2806894000040038662114f, 88
1652710392.577023, sdrt-health/mac:02010b41cdec/antenna/tag/e2806894000050038662154f, 88
1652710392.577534, sdrt-health/mac:02010b41cdec/antenna/tag/e2806894000040038662214f, 83
1652710392.577882, sdrt-health/mac:02010b41cdec/antenna/tag/e2806894000040038661f94f, 84
1652710392.57825, sdrt-health/mac:02010b41cdec/antenna/tag/e2806894000050038661fd4f, 83
1652710392.600658, sdrt-health/mac:02010b41cdec/antenna/tag/e2806894000050038662154f, 85
1652710392.652953, sdrt-health/mac:02010b41cdec/antenna/tag/e28068940000400386621d4f, 96
1652710392.889969, sdrt-health/mac:02010b41cdec/antenna/tag/scan, scan stopped
