1652710187.667112, sdrt-health/mac:02010b41cdec/antenna/power/set, {"power": 280}
1652710188.757229, sdrt-health/mac:02010b41cdec/antenna/power/set, 
1652710190.754155, sdrt-health/mac:02010b41cdec/antenna/state, connected
1652710190.754766, sdrt-health/mac:02010b41cdec/fw, {"version":"1.8.1","model":"200","hash":"2f556501b58f1dad542af428d7928d18","timestamp":1652710187}
1652710190.946527, sdrt-health/mac:02010b41cdec/antenna/version, J.6.6/V0121-04
1652710191.157286, sdrt-health/mac:02010b41cdec/antenna/power, 28
1652710192.709311, sdrt-health/mac:02010b41cdec/antenna/tag/scan, {"time": 20000}
1652710193.216966, sdrt-health/mac:02010b41cdec/antenna/tag/e2806894000050038662154f, 91
1652710193.26849, sdrt-health/mac:02010b41cdec/antenna/tag/e2806894000050038662154f, 91
1652710193.318995, sdrt-health/mac:02010b41cdec/antenna/tag/e2806894000050038661fd4f, 83
1652710193.373962, sdrt-health/mac:02010b41cdec/antenna/tag/e28068940000400386621d4f, 96
1652710193.374628, sdrt-health/mac:02010b41cdec/antenna/tag/e2806894000040038662114f, 85
1652710193.421632, sdrt-health/mac:02010b41cdec/antenna/tag/e2806894000050038661fd4f, 97
1652710193.494255, sdrt-health/mac:02010b41cdec/antenna/tag/e28068940000400386621d4f, 96
1652710193.494749, sdrt-health/mac:02010b41cdec/antenna/tag/e28068940000400386621d4f, 96
1652710193.49526, sdrt-health/mac:02010b41cdec/antenna/tag/e2806894000040038662114f, 85
1652710193.497304, sdrt-health/mac:02010b41cdec/antenna/tag/e2806894000040038662114f, 88
1652710193.748352, sdrt-health/mac:02010b41cdec/antenna/tag/e28068940000400386621d4f, 96
1652710193.748824, sdrt-health/mac:02010b41cdec/antenna/tag/e2806894000050038661fd4f, 86
1652710193.841195, sdrt-health/mac:02010b41cdec/antenna/tag/e2806894000050038662154f, 91
1652710193.841425, sdrt-health/mac:02010b41cdec/antenna/tag/e2806894000050038661fd4f, 83
1652710193.855185, sdrt-health/mac:02010b41cdec/antenna/tag/e2806894000050038661fd4f, 86
1652710193.855439, sdrt-health/mac:02010b41cdec/antenna/tag/e2806894000050038662154f, 91
1652710193.855566, sdrt-health/mac:02010b41cdec/antenna/tag/e28068940000400386621d4f, 96
1652710193.894376, sdrt-health/mac:02010b41cdec/antenna/tag/e2806894000040038662114f, 88
1652710193.921785, sdrt-health/mac:02010b41cdec/antenna/tag/e28068940000400386621d4f, 90
1652710193.922038, sdrt-health/mac:02010b41cdec/antenna/tag/e2806894000040038662114f, 88
1652710193.922158, sdrt-health/mac:02010b41cdec/antenna/tag/e28068940000400386621d4f, 90
1652710193.922285, sdrt-health/mac:02010b41cdec/antenna/tag/e28068940000400386621d4f, 96
1652710193.983228, sdrt-health/mac:02010b41cdec/antenna/tag/e2806894000040038662114f, 88
1652710194.010609, sdrt-health/mac:02010b41cdec/antenna/tag/e2806894000050038662154f, 85
1652710194.010944, sdrt-health/mac:02010b41cdec/antenna/tag/e2806894000050038661fd4f, 83
1652710194.011085, sdrt-health/mac:02010b41cdec/antenna/tag/e2806894000050038662154f, 85
1652710194.040526, sdrt-health/mac:02010b41cdec/antenna/tag/e2806894000050038662154f, 85
1652710194.069901, sdrt-health/mac:02010b41cdec/antenna/tag/e2806894000050038662194f, 81
1652710194.070217, sdrt-health/mac:02010b41cdec/antenna/tag/e2806894000050038662154f, 88
1652710194.095471, sdrt-health/mac:02010b41cdec/antenna/tag/e28068940000400386621d4f, 90
1652710194.120993, sdrt-health/mac:02010b41cdec/antenna/tag/e2806894000050038661fd4f, 86
1652710194.121206, sdrt-health/mac:02010b41cdec/antenna/tag/e2806894000050038662154f, 91
1652710194.138442, sdrt-health/mac:02010b41cdec/antenna/tag/e2806894000050038662154f, 88
1652710194.138617, sdrt-health/mac:02010b41cdec/antenna/tag/e2806894000040038662114f, 91
1652710194.19028, sdrt-health/mac:02010b41cdec/antenna/tag/e2806894000050038662154f, 88
1652710194.263099, sdrt-health/mac:02010b41cdec/antenna/tag/e2806894000050038662154f, 88
1652710194.263594, sdrt-health/mac:02010b41cdec/antenna/tag/e28068940000400386621d4f, 90
1652710194.27676, sdrt-health/mac:02010b41cdec/antenna/tag/e2806894000050038661fd4f, 86
1652710194.290147, sdrt-health/mac:02010b41cdec/antenna/tag/e28068940000400386621d4f, 96
1652710194.361137, sdrt-health/mac:02010b41cdec/antenna/tag/e28068940000400386621d4f, 96
1652710194.361629, sdrt-health/mac:02010b41cdec/antenna/tag/e28068940000400386621d4f, 77
1652710194.413602, sdrt-health/mac:02010b41cdec/antenna/tag/e28068940000400386621d4f, 96
1652710194.4653, sdrt-health/mac:02010b41cdec/antenna/tag/e28068940000400386621d4f, 96
1652710194.465792, sdrt-health/mac:02010b41cdec/antenna/tag/e2806894000040038662114f, 85
1652710194.522874, sdrt-health/mac:02010b41cdec/antenna/tag/e2806894000050038662154f, 88
1652710194.60427, sdrt-health/mac:02010b41cdec/antenna/tag/e2806894000040038662114f, 85
1652710194.604839, sdrt-health/mac:02010b41cdec/antenna/tag/e2806894000050038661fd4f, 86
1652710194.61727, sdrt-health/mac:02010b41cdec/antenna/tag/e2806894000040038662114f, 85
1652710194.650415, sdrt-health/mac:02010b41cdec/antenna/tag/e28068940000400386621d4f, 96
1652710194.650739, sdrt-health/mac:02010b41cdec/antenna/tag/e2806894000050038662154f, 91
1652710194.664052, sdrt-health/mac:02010b41cdec/antenna/tag/e28068940000400386621d4f, 96
1652710194.68697, sdrt-health/mac:02010b41cdec/antenna/tag/e28068940000400386621d4f, 96
1652710194.687167, sdrt-health/mac:02010b41cdec/antenna/tag/e2806894000050038662154f, 85
1652710194.7445, sdrt-health/mac:02010b41cdec/antenna/tag/e2806894000040038662114f, 88
1652710194.794481, sdrt-health/mac:02010b41cdec/antenna/tag/e28068940000400386621d4f, 90
1652710194.794692, sdrt-health/mac:02010b41cdec/antenna/tag/e2806894000050038662154f, 85
1652710194.807815, sdrt-health/mac:02010b41cdec/antenna/tag/e2806894000040038662114f, 91
1652710194.871219, sdrt-health/mac:02010b41cdec/antenna/tag/e28068940000400386621d4f, 90
1652710194.871423, sdrt-health/mac:02010b41cdec/antenna/tag/e2806894000050038661fd4f, 86
1652710194.88817, sdrt-health/mac:02010b41cdec/antenna/tag/e2806894000050038662194f, 83
1652710194.915264, sdrt-health/mac:02010b41cdec/antenna/tag/e28068940000400386621d4f, 90
1652710194.951175, sdrt-health/mac:02010b41cdec/antenna/tag/e2806894000050038661fd4f, 83
1652710194.951812, sdrt-health/mac:02010b41cdec/antenna/tag/e2806894000050038662194f, 83
1652710195.086028, sdrt-health/mac:02010b41cdec/antenna/tag/e2806894000040038662114f, 97
1652710195.157284, sdrt-health/mac:02010b41cdec/antenna/tag/e2806894000050038661fd4f, 86
1652710195.186519, sdrt-health/mac:02010b41cdec/antenna/tag/e28068940000400386621d4f, 96
1652710195.186833, sdrt-health/mac:02010b41cdec/antenna/tag/e2806894000040038662114f, 91
1652710195.187152, sdrt-health/mac:02010b41cdec/antenna/tag/e2806894000050038661fd4f, 86
1652710195.187412, sdrt-health/mac:02010b41cdec/antenna/tag/e2806894000040038662114f, 91
1652710195.231761, sdrt-health/mac:02010b41cdec/antenna/tag/e2806894000040038661f94f, 81
1652710195.266171, sdrt-health/mac:02010b41cdec/antenna/tag/e28068940000400386621d4f, 96
1652710195.266659, sdrt-health/mac:02010b41cdec/antenna/tag/e28068940000400386621d4f, 90
1652710195.294764, sdrt-health/mac:02010b41cdec/antenna/tag/e2806894000050038662154f, 85
1652710195.324543, sdrt-health/mac:02010b41cdec/antenna/tag/e2806894000040038662114f, 91
1652710195.324762, sdrt-health/mac:02010b41cdec/antenna/tag/e2806894000050038661fd4f, 83
1652710195.324912, sdrt-health/mac:02010b41cdec/antenna/tag/e2806894000040038662114f, 88
1652710195.341799, sdrt-health/mac:02010b41cdec/antenna/tag/e2806894000050038661fd4f, 86
1652710195.372311, sdrt-health/mac:02010b41cdec/antenna/tag/e28068940000400386621d4f, 96
1652710195.372575, sdrt-health/mac:02010b41cdec/antenna/tag/e28068940000400386621d4f, 96
1652710195.504067, sdrt-health/mac:02010b41cdec/antenna/tag/e2806894000050038661fd4f, 83
1652710195.55056, sdrt-health/mac:02010b41cdec/antenna/tag/e2806894000040038662214f, 88
1652710195.612809, sdrt-health/mac:02010b41cdec/antenna/tag/e2806894000050038662154f, 85
1652710195.61361, sdrt-health/mac:02010b41cdec/antenna/tag/e28068940000400386621d4f, 77
1652710195.675356, sdrt-health/mac:02010b41cdec/antenna/tag/e28068940000400386621d4f, 96
1652710195.750168, sdrt-health/mac:02010b41cdec/antenna/tag/e2806894000040038662114f, 85
1652710195.750515, sdrt-health/mac:02010b41cdec/antenna/tag/e2806894000050038661fd4f, 83
1652710195.751695, sdrt-health/mac:02010b41cdec/antenna/tag/e2806894000050038661fd4f, 83
1652710195.763397, sdrt-health/mac:02010b41cdec/antenna/tag/e2806894000050038661fd4f, 83
1652710195.774172, sdrt-health/mac:02010b41cdec/antenna/tag/e2806894000050038662154f, 85
1652710195.777187, sdrt-health/mac:02010b41cdec/antenna/tag/e2806894000050038661fd4f, 83
1652710195.777472, sdrt-health/mac:02010b41cdec/antenna/tag/e2806894000040038662114f, 85
1652710195.828032, sdrt-health/mac:02010b41cdec/antenna/tag/e2806894000050038661fd4f, 83
1652710195.890144, sdrt-health/mac:02010b41cdec/antenna/tag/e28068940000400386621d4f, 77
1652710195.890501, sdrt-health/mac:02010b41cdec/antenna/tag/e2806894000050038662154f, 93
1652710195.90562, sdrt-health/mac:02010b41cdec/antenna/tag/e2806894000050038662154f, 85
1652710195.93144, sdrt-health/mac:02010b41cdec/antenna/tag/e2806894000050038661fd4f, 83
1652710195.9809, sdrt-health/mac:02010b41cdec/antenna/tag/e28068940000400386621d4f, 96
1652710195.981262, sdrt-health/mac:02010b41cdec/antenna/tag/e2806894000050038662154f, 91
1652710195.995529, sdrt-health/mac:02010b41cdec/antenna/tag/e2806894000040038662114f, 97
1652710196.03783, sdrt-health/mac:02010b41cdec/antenna/tag/e2806894000040038662114f, 91
1652710196.102334, sdrt-health/mac:02010b41cdec/antenna/tag/e2806894000050038662154f, 85
1652710196.102606, sdrt-health/mac:02010b41cdec/antenna/tag/e2806894000040038662114f, 88
1652710196.146601, sdrt-health/mac:02010b41cdec/antenna/tag/e2806894000050038662154f, 93
1652710196.147221, sdrt-health/mac:02010b41cdec/antenna/tag/e2806894000050038661fd4f, 83
1652710196.160318, sdrt-health/mac:02010b41cdec/antenna/tag/e2806894000050038661fd4f, 83
1652710196.246129, sdrt-health/mac:02010b41cdec/antenna/tag/e2806894000050038661fd4f, 83
1652710196.296539, sdrt-health/mac:02010b41cdec/antenna/tag/e28068940000400386621d4f, 90
1652710196.299016, sdrt-health/mac:02010b41cdec/antenna/tag/e2806894000050038661fd4f, 83
1652710196.363386, sdrt-health/mac:02010b41cdec/antenna/tag/e28068940000400386621d4f, 90
1652710196.363698, sdrt-health/mac:02010b41cdec/antenna/tag/e2806894000040038662114f, 97
1652710196.378144, sdrt-health/mac:02010b41cdec/antenna/tag/e28068940000400386621d4f, 90
1652710196.431331, sdrt-health/mac:02010b41cdec/antenna/tag/e2806894000050038662154f, 85
1652710196.461615, sdrt-health/mac:02010b41cdec/antenna/tag/e2806894000040038662114f, 88
1652710196.462232, sdrt-health/mac:02010b41cdec/antenna/tag/e28068940000400386621d4f, 96
1652710196.52004, sdrt-health/mac:02010b41cdec/antenna/tag/e2806894000050038662154f, 88
1652710196.56208, sdrt-health/mac:02010b41cdec/antenna/tag/e2806894000040038662114f, 88
1652710196.562696, sdrt-health/mac:02010b41cdec/antenna/tag/e28068940000400386621d4f, 77
1652710196.581657, sdrt-health/mac:02010b41cdec/antenna/tag/e2806894000050038662194f, 94
1652710196.610617, sdrt-health/mac:02010b41cdec/antenna/tag/e28068940000400386621d4f, 96
1652710196.610834, sdrt-health/mac:02010b41cdec/antenna/tag/e2806894000050038662154f, 85
1652710196.837735, sdrt-health/mac:02010b41cdec/antenna/tag/e2806894000050038661fd4f, 86
1652710196.911006, sdrt-health/mac:02010b41cdec/antenna/tag/e2806894000040038662114f, 91
1652710196.91156, sdrt-health/mac:02010b41cdec/antenna/tag/e28068940000400386621d4f, 90
1652710196.925361, sdrt-health/mac:02010b41cdec/antenna/tag/e2806894000050038661fd4f, 86
1652710196.92583, sdrt-health/mac:02010b41cdec/antenna/tag/e2806894000040038662114f, 88
1652710196.926188, sdrt-health/mac:02010b41cdec/antenna/tag/e2806894000050038661fd4f, 86
1652710196.955304, sdrt-health/mac:02010b41cdec/antenna/tag/e28068940000400386621d4f, 90
1652710196.955642, sdrt-health/mac:02010b41cdec/antenna/tag/e2806894000040038662114f, 97
1652710196.987603, sdrt-health/mac:02010b41cdec/antenna/tag/e2806894000050038661fd4f, 86
1652710196.987799, sdrt-health/mac:02010b41cdec/antenna/tag/e2806894000050038662154f, 85
1652710196.987925, sdrt-health/mac:02010b41cdec/antenna/tag/e2806894000050038661fd4f, 83
1652710196.988078, sdrt-health/mac:02010b41cdec/antenna/tag/e2806894000050038661fd4f, 97
1652710196.988242, sdrt-health/mac:02010b41cdec/antenna/tag/e2806894000050038661fd4f, 83
1652710197.00268, sdrt-health/mac:02010b41cdec/antenna/tag/e2806894000050038661fd4f, 83
1652710197.029536, sdrt-health/mac:02010b41cdec/antenna/tag/e28068940000400386621d4f, 96
1652710197.029904, sdrt-health/mac:02010b41cdec/antenna/tag/e2806894000040038662114f, 88
1652710197.030187, sdrt-health/mac:02010b41cdec/antenna/tag/e2806894000050038662154f, 85
1652710197.063493, sdrt-health/mac:02010b41cdec/antenna/tag/e2806894000050038662194f, 88
1652710197.091927, sdrt-health/mac:02010b41cdec/antenna/tag/e2806894000050038662194f, 83
1652710197.092198, sdrt-health/mac:02010b41cdec/antenna/tag/e28068940000400386621d4f, 96
1652710197.12746, sdrt-health/mac:02010b41cdec/antenna/tag/e2806894000050038662194f, 83
1652710197.169418, sdrt-health/mac:02010b41cdec/antenna/tag/e2806894000040038662114f, 88
1652710197.169983, sdrt-health/mac:02010b41cdec/antenna/tag/e2806894000050038662194f, 94
1652710197.21541, sdrt-health/mac:02010b41cdec/antenna/tag/e2806894000040038662114f, 88
1652710197.270342, sdrt-health/mac:02010b41cdec/antenna/tag/e2806894000050038661fd4f, 83
1652710197.33935, sdrt-health/mac:02010b41cdec/antenna/tag/e28068940000400386621d4f, 90
1652710197.372382, sdrt-health/mac:02010b41cdec/antenna/tag/e2806894000050038661fd4f, 86
1652710197.397276, sdrt-health/mac:02010b41cdec/antenna/tag/e2806894000050038662154f, 85
1652710197.432878, sdrt-health/mac:02010b41cdec/antenna/tag/e2806894000040038662114f, 88
1652710197.511059, sdrt-health/mac:02010b41cdec/antenna/tag/e2806894000050038662154f, 85
1652710197.555872, sdrt-health/mac:02010b41cdec/antenna/tag/e2806894000050038662154f, 88
1652710197.666147, sdrt-health/mac:02010b41cdec/antenna/tag/e2806894000050038661fd4f, 90
1652710197.666656, sdrt-health/mac:02010b41cdec/antenna/tag/e2806894000050038661fd4f, 83
1652710197.682252, sdrt-health/mac:02010b41cdec/antenna/tag/e28068940000400386621d4f, 96
1652710197.776887, sdrt-health/mac:02010b41cdec/antenna/tag/e2806894000040038662114f, 97
1652710197.777464, sdrt-health/mac:02010b41cdec/antenna/tag/e2806894000050038661fd4f, 86
1652710197.777844, sdrt-health/mac:02010b41cdec/antenna/tag/e28068940000400386621d4f, 90
1652710197.790645, sdrt-health/mac:02010b41cdec/antenna/tag/e28068940000400386621d4f, 96
1652710197.83268, sdrt-health/mac:02010b41cdec/antenna/tag/e2806894000050038662194f, 81
1652710197.879455, sdrt-health/mac:02010b41cdec/antenna/tag/e2806894000050038662194f, 81
1652710197.879858, sdrt-health/mac:02010b41cdec/antenna/tag/e2806894000040038662114f, 91
1652710197.929353, sdrt-health/mac:02010b41cdec/antenna/tag/e2806894000040038662114f, 88
1652710197.971955, sdrt-health/mac:02010b41cdec/antenna/tag/e28068940000400386621d4f, 96
1652710198.014576, sdrt-health/mac:02010b41cdec/antenna/tag/e2806894000050038662154f, 85
1652710198.065627, sdrt-health/mac:02010b41cdec/antenna/tag/e28068940000400386621d4f, 77
1652710198.131462, sdrt-health/mac:02010b41cdec/antenna/tag/e28068940000400386621d4f, 77
1652710198.131961, sdrt-health/mac:02010b41cdec/antenna/tag/e2806894000050038662194f, 81
1652710198.183166, sdrt-health/mac:02010b41cdec/antenna/tag/e2806894000050038661fd4f, 86
1652710198.230751, sdrt-health/mac:02010b41cdec/antenna/tag/e2806894000040038662114f, 85
1652710198.297203, sdrt-health/mac:02010b41cdec/antenna/tag/e2806894000050038662154f, 88
1652710198.36025, sdrt-health/mac:02010b41cdec/antenna/tag/e28068940000400386621d4f, 90
1652710198.387441, sdrt-health/mac:02010b41cdec/antenna/tag/e28068940000400386621d4f, 90
1652710198.387748, sdrt-health/mac:02010b41cdec/antenna/tag/e2806894000050038662194f, 83
1652710198.417259, sdrt-health/mac:02010b41cdec/antenna/tag/e28068940000400386621d4f, 90
1652710198.461037, sdrt-health/mac:02010b41cdec/antenna/tag/e2806894000040038662114f, 88
1652710198.491701, sdrt-health/mac:02010b41cdec/antenna/tag/e2806894000050038662154f, 97
1652710198.491951, sdrt-health/mac:02010b41cdec/antenna/tag/e2806894000040038662114f, 88
1652710198.519849, sdrt-health/mac:02010b41cdec/antenna/tag/e2806894000050038662154f, 91
1652710198.551527, sdrt-health/mac:02010b41cdec/antenna/tag/e2806894000050038661fd4f, 83
1652710198.551719, sdrt-health/mac:02010b41cdec/antenna/tag/e2806894000040038662114f, 88
1652710198.56901, sdrt-health/mac:02010b41cdec/antenna/tag/e2806894000040038662114f, 88
1652710198.645631, sdrt-health/mac:02010b41cdec/antenna/tag/e2806894000050038662154f, 91
1652710198.645944, sdrt-health/mac:02010b41cdec/antenna/tag/e2806894000040038662114f, 91
1652710198.659597, sdrt-health/mac:02010b41cdec/antenna/tag/e28068940000400386621d4f, 90
1652710198.702359, sdrt-health/mac:02010b41cdec/antenna/tag/e2806894000050038662154f, 91
1652710198.702696, sdrt-health/mac:02010b41cdec/antenna/tag/e2806894000050038662154f, 91
1652710198.759534, sdrt-health/mac:02010b41cdec/antenna/tag/e2806894000050038661fd4f, 86
1652710198.792584, sdrt-health/mac:02010b41cdec/antenna/tag/e28068940000400386621d4f, 90
1652710198.792935, sdrt-health/mac:02010b41cdec/antenna/tag/e2806894000050038661fd4f, 86
1652710198.826758, sdrt-health/mac:02010b41cdec/antenna/tag/e2806894000050038662154f, 88
1652710198.869799, sdrt-health/mac:02010b41cdec/antenna/tag/e2806894000050038661fd4f, 83
1652710198.925148, sdrt-health/mac:02010b41cdec/antenna/tag/e2806894000050038661fd4f, 83
1652710198.92558, sdrt-health/mac:02010b41cdec/antenna/tag/e2806894000050038662154f, 91
1652710198.985905, sdrt-health/mac:02010b41cdec/antenna/tag/e2806894000040038662114f, 85
1652710199.06233, sdrt-health/mac:02010b41cdec/antenna/tag/e2806894000050038662154f, 85
1652710199.062823, sdrt-health/mac:02010b41cdec/antenna/tag/e2806894000040038662214f, 103
1652710199.076189, sdrt-health/mac:02010b41cdec/antenna/tag/e28068940000400386621d4f, 77
1652710199.076646, sdrt-health/mac:02010b41cdec/antenna/tag/e2806894000040038662114f, 85
1652710199.077082, sdrt-health/mac:02010b41cdec/antenna/tag/e2806894000040038662214f, 81
1652710199.100639, sdrt-health/mac:02010b41cdec/antenna/tag/e2806894000050038661fd4f, 83
1652710199.174574, sdrt-health/mac:02010b41cdec/antenna/tag/e2806894000050038661fd4f, 83
1652710199.175203, sdrt-health/mac:02010b41cdec/antenna/tag/e28068940000400386621d4f, 90
1652710199.189604, sdrt-health/mac:02010b41cdec/antenna/tag/e2806894000040038662114f, 88
1652710199.190211, sdrt-health/mac:02010b41cdec/antenna/tag/e2806894000050038662154f, 88
1652710199.224281, sdrt-health/mac:02010b41cdec/antenna/tag/e2806894000040038662114f, 97
1652710199.327046, sdrt-health/mac:02010b41cdec/antenna/tag/e2806894000050038661fd4f, 86
1652710199.355903, sdrt-health/mac:02010b41cdec/antenna/tag/e2806894000050038662194f, 88
1652710199.356175, sdrt-health/mac:02010b41cdec/antenna/tag/e2806894000050038662154f, 88
1652710199.385677, sdrt-health/mac:02010b41cdec/antenna/tag/e2806894000040038662114f, 97
1652710199.412486, sdrt-health/mac:02010b41cdec/antenna/tag/e2806894000040038662114f, 91
1652710199.412999, sdrt-health/mac:02010b41cdec/antenna/tag/e2806894000040038662114f, 97
1652710199.413418, sdrt-health/mac:02010b41cdec/antenna/tag/e28068940000400386621d4f, 90
1652710199.41384, sdrt-health/mac:02010b41cdec/antenna/tag/e2806894000050038662194f, 88
1652710199.455886, sdrt-health/mac:02010b41cdec/antenna/tag/e2806894000040038662114f, 91
1652710199.517767, sdrt-health/mac:02010b41cdec/antenna/tag/e2806894000050038662154f, 88
1652710199.518271, sdrt-health/mac:02010b41cdec/antenna/tag/e2806894000050038662154f, 88
1652710199.53211, sdrt-health/mac:02010b41cdec/antenna/tag/e2806894000040038662114f, 88
1652710199.53255, sdrt-health/mac:02010b41cdec/antenna/tag/e2806894000040038662114f, 88
1652710199.543509, sdrt-health/mac:02010b41cdec/antenna/tag/e2806894000040038662214f, 84
1652710199.587954, sdrt-health/mac:02010b41cdec/antenna/tag/e2806894000040038661f94f, 94
1652710199.634116, sdrt-health/mac:02010b41cdec/antenna/tag/e28068940000400386621d4f, 96
1652710199.72663, sdrt-health/mac:02010b41cdec/antenna/tag/e2806894000040038662114f, 88
1652710199.72682, sdrt-health/mac:02010b41cdec/antenna/tag/e2806894000050038662154f, 88
1652710199.739671, sdrt-health/mac:02010b41cdec/antenna/tag/e2806894000050038661fd4f, 83
1652710199.780377, sdrt-health/mac:02010b41cdec/antenna/tag/e28068940000400386621d4f, 96
1652710199.780853, sdrt-health/mac:02010b41cdec/antenna/tag/e2806894000050038662154f, 88
1652710199.794103, sdrt-health/mac:02010b41cdec/antenna/tag/e2806894000050038662154f, 88
1652710199.808554, sdrt-health/mac:02010b41cdec/antenna/tag/e2806894000050038661fd4f, 86
1652710199.838496, sdrt-health/mac:02010b41cdec/antenna/tag/e2806894000050038662154f, 91
1652710199.838726, sdrt-health/mac:02010b41cdec/antenna/tag/e2806894000050038661fd4f, 86
1652710199.8626, sdrt-health/mac:02010b41cdec/antenna/tag/e2806894000040038662054f, 84
1652710199.948005, sdrt-health/mac:02010b41cdec/antenna/tag/e2806894000050038661fd4f, 83
1652710200.020619, sdrt-health/mac:02010b41cdec/antenna/tag/e2806894000050038662154f, 85
1652710200.021238, sdrt-health/mac:02010b41cdec/antenna/tag/e2806894000050038662154f, 93
1652710200.033916, sdrt-health/mac:02010b41cdec/antenna/tag/e2806894000040038662114f, 88
1652710200.034245, sdrt-health/mac:02010b41cdec/antenna/tag/e2806894000050038662154f, 91
1652710200.034467, sdrt-health/mac:02010b41cdec/antenna/tag/e2806894000040038662114f, 85
1652710200.034639, sdrt-health/mac:02010b41cdec/antenna/tag/e2806894000040038662114f, 88
1652710200.055953, sdrt-health/mac:02010b41cdec/antenna/tag/e2806894000050038661fd4f, 83
1652710200.083205, sdrt-health/mac:02010b41cdec/antenna/tag/e2806894000040038662114f, 88
1652710200.083452, sdrt-health/mac:02010b41cdec/antenna/tag/e2806894000050038662154f, 91
1652710200.111142, sdrt-health/mac:02010b41cdec/antenna/tag/e2806894000040038662114f, 91
1652710200.172497, sdrt-health/mac:02010b41cdec/antenna/tag/e2806894000050038662154f, 88
1652710200.200244, sdrt-health/mac:02010b41cdec/antenna/tag/e2806894000050038661fd4f, 86
1652710200.200719, sdrt-health/mac:02010b41cdec/antenna/tag/e2806894000050038662154f, 88
1652710200.225573, sdrt-health/mac:02010b41cdec/antenna/tag/e2806894000050038662154f, 88
1652710200.254542, sdrt-health/mac:02010b41cdec/antenna/tag/e2806894000040038662114f, 88
1652710200.254771, sdrt-health/mac:02010b41cdec/antenna/tag/e28068940000400386621d4f, 96
1652710200.284083, sdrt-health/mac:02010b41cdec/antenna/tag/e28068940000400386621d4f, 90
1652710200.335354, sdrt-health/mac:02010b41cdec/antenna/tag/e28068940000400386621d4f, 90
1652710200.365194, sdrt-health/mac:02010b41cdec/antenna/tag/e2806894000050038661fd4f, 86
1652710200.365595, sdrt-health/mac:02010b41cdec/antenna/tag/e2806894000050038662154f, 88
1652710200.378944, sdrt-health/mac:02010b41cdec/antenna/tag/e2806894000050038662154f, 93
1652710200.441332, sdrt-health/mac:02010b41cdec/antenna/tag/e28068940000400386621d4f, 96
1652710200.486181, sdrt-health/mac:02010b41cdec/antenna/tag/e2806894000040038662114f, 88
1652710200.555594, sdrt-health/mac:02010b41cdec/antenna/tag/e2806894000050038662154f, 93
1652710200.555809, sdrt-health/mac:02010b41cdec/antenna/tag/e28068940000400386621d4f, 90
1652710200.596925, sdrt-health/mac:02010b41cdec/antenna/tag/e28068940000400386621d4f, 90
1652710200.597233, sdrt-health/mac:02010b41cdec/antenna/tag/e2806894000040038662114f, 88
1652710200.647724, sdrt-health/mac:02010b41cdec/antenna/tag/e2806894000050038661fd4f, 86
1652710200.647983, sdrt-health/mac:02010b41cdec/antenna/tag/e28068940000400386621d4f, 90
1652710200.69084, sdrt-health/mac:02010b41cdec/antenna/tag/e2806894000050038661fd4f, 86
1652710200.764822, sdrt-health/mac:02010b41cdec/antenna/tag/e2806894000050038661fd4f, 86
1652710200.765286, sdrt-health/mac:02010b41cdec/antenna/tag/e28068940000400386621d4f, 90
1652710200.765657, sdrt-health/mac:02010b41cdec/antenna/tag/e28068940000400386621d4f, 90
1652710200.831175, sdrt-health/mac:02010b41cdec/antenna/tag/e2806894000050038661fd4f, 83
1652710200.903833, sdrt-health/mac:02010b41cdec/antenna/tag/e2806894000040038662114f, 88
1652710200.904299, sdrt-health/mac:02010b41cdec/antenna/tag/e2806894000050038662154f, 85
1652710200.917947, sdrt-health/mac:02010b41cdec/antenna/tag/e2806894000040038662114f, 85
1652710200.974761, sdrt-health/mac:02010b41cdec/antenna/tag/e2806894000050038662154f, 85
1652710201.005865, sdrt-health/mac:02010b41cdec/antenna/tag/e2806894000040038662114f, 88
1652710201.00623, sdrt-health/mac:02010b41cdec/antenna/tag/e2806894000050038661fd4f, 97
1652710201.006489, sdrt-health/mac:02010b41cdec/antenna/tag/e2806894000040038662114f, 88
1652710201.032436, sdrt-health/mac:02010b41cdec/antenna/tag/e2806894000050038661fd4f, 83
1652710201.061396, sdrt-health/mac:02010b41cdec/antenna/tag/e28068940000400386621d4f, 96
1652710201.061629, sdrt-health/mac:02010b41cdec/antenna/tag/e28068940000400386621d4f, 96
1652710201.061887, sdrt-health/mac:02010b41cdec/antenna/tag/e2806894000050038661fd4f, 83
1652710201.074566, sdrt-health/mac:02010b41cdec/antenna/tag/e28068940000400386621d4f, 96
1652710201.074803, sdrt-health/mac:02010b41cdec/antenna/tag/e2806894000050038661fd4f, 86
1652710201.074975, sdrt-health/mac:02010b41cdec/antenna/tag/e28068940000400386621d4f, 96
1652710201.126052, sdrt-health/mac:02010b41cdec/antenna/tag/e2806894000050038661fd4f, 86
1652710201.160796, sdrt-health/mac:02010b41cdec/antenna/tag/e2806894000050038661fd4f, 83
1652710201.161221, sdrt-health/mac:02010b41cdec/antenna/tag/e28068940000400386621d4f, 96
1652710201.18828, sdrt-health/mac:02010b41cdec/antenna/tag/e2806894000050038662154f, 88
1652710201.240983, sdrt-health/mac:02010b41cdec/antenna/tag/e28068940000400386621d4f, 90
1652710201.302824, sdrt-health/mac:02010b41cdec/antenna/tag/e28068940000400386621d4f, 96
1652710201.382552, sdrt-health/mac:02010b41cdec/antenna/tag/e2806894000050038661fd4f, 86
1652710201.383082, sdrt-health/mac:02010b41cdec/antenna/tag/e2806894000040038662114f, 91
1652710201.411117, sdrt-health/mac:02010b41cdec/antenna/tag/e2806894000050038661fd4f, 86
1652710201.411525, sdrt-health/mac:02010b41cdec/antenna/tag/e2806894000050038661fd4f, 86
1652710201.411842, sdrt-health/mac:02010b41cdec/antenna/tag/e28068940000400386621d4f, 90
1652710201.464186, sdrt-health/mac:02010b41cdec/antenna/tag/e28068940000400386621d4f, 77
1652710201.528144, sdrt-health/mac:02010b41cdec/antenna/tag/e2806894000050038662194f, 81
1652710201.528799, sdrt-health/mac:02010b41cdec/antenna/tag/e2806894000050038661fd4f, 86
1652710201.559152, sdrt-health/mac:02010b41cdec/antenna/tag/e2806894000050038662194f, 81
1652710201.627918, sdrt-health/mac:02010b41cdec/antenna/tag/e2806894000050038662154f, 85
1652710201.628415, sdrt-health/mac:02010b41cdec/antenna/tag/e2806894000050038662154f, 88
1652710201.628691, sdrt-health/mac:02010b41cdec/antenna/tag/e2806894000050038662194f, 81
1652710201.628916, sdrt-health/mac:02010b41cdec/antenna/tag/e2806894000050038662194f, 94
1652710201.653686, sdrt-health/mac:02010b41cdec/antenna/tag/e2806894000050038661fd4f, 86
1652710201.653899, sdrt-health/mac:02010b41cdec/antenna/tag/e2806894000050038662194f, 83
1652710201.671586, sdrt-health/mac:02010b41cdec/antenna/tag/e2806894000050038661fd4f, 83
1652710201.732947, sdrt-health/mac:02010b41cdec/antenna/tag/e28068940000400386621d4f, 96
1652710201.761847, sdrt-health/mac:02010b41cdec/antenna/tag/e2806894000050038662154f, 88
1652710201.762278, sdrt-health/mac:02010b41cdec/antenna/tag/e28068940000400386621d4f, 96
1652710201.795822, sdrt-health/mac:02010b41cdec/antenna/tag/e28068940000400386621d4f, 90
1652710201.864811, sdrt-health/mac:02010b41cdec/antenna/tag/e28068940000400386621d4f, 96
1652710201.927178, sdrt-health/mac:02010b41cdec/antenna/tag/e2806894000050038661fd4f, 86
1652710201.9275, sdrt-health/mac:02010b41cdec/antenna/tag/e2806894000050038662154f, 85
1652710201.927814, sdrt-health/mac:02010b41cdec/antenna/tag/e28068940000400386621d4f, 96
1652710201.928159, sdrt-health/mac:02010b41cdec/antenna/tag/e2806894000050038662194f, 81
1652710201.996316, sdrt-health/mac:02010b41cdec/antenna/tag/e2806894000040038662114f, 88
1652710202.038806, sdrt-health/mac:02010b41cdec/antenna/tag/e2806894000050038662154f, 91
1652710202.039223, sdrt-health/mac:02010b41cdec/antenna/tag/e2806894000050038661fd4f, 83
1652710202.067326, sdrt-health/mac:02010b41cdec/antenna/tag/e28068940000400386621d4f, 96
1652710202.131092, sdrt-health/mac:02010b41cdec/antenna/tag/e2806894000050038661fd4f, 83
1652710202.131526, sdrt-health/mac:02010b41cdec/antenna/tag/e2806894000040038662114f, 88
1652710202.145038, sdrt-health/mac:02010b41cdec/antenna/tag/e28068940000400386621d4f, 96
1652710202.195874, sdrt-health/mac:02010b41cdec/antenna/tag/e2806894000050038661fd4f, 83
1652710202.24754, sdrt-health/mac:02010b41cdec/antenna/tag/e2806894000040038662114f, 91
1652710202.247803, sdrt-health/mac:02010b41cdec/antenna/tag/e2806894000050038661fd4f, 83
1652710202.335387, sdrt-health/mac:02010b41cdec/antenna/tag/e28068940000400386621d4f, 96
1652710202.389276, sdrt-health/mac:02010b41cdec/antenna/tag/e2806894000050038662154f, 85
1652710202.471531, sdrt-health/mac:02010b41cdec/antenna/tag/e2806894000040038662114f, 88
1652710202.472045, sdrt-health/mac:02010b41cdec/antenna/tag/e2806894000050038662154f, 93
1652710202.518872, sdrt-health/mac:02010b41cdec/antenna/tag/e2806894000050038662194f, 83
1652710202.54711, sdrt-health/mac:02010b41cdec/antenna/tag/e2806894000050038662154f, 85
1652710202.547368, sdrt-health/mac:02010b41cdec/antenna/tag/e2806894000040038662114f, 88
1652710202.575129, sdrt-health/mac:02010b41cdec/antenna/tag/e2806894000040038662114f, 91
1652710202.650106, sdrt-health/mac:02010b41cdec/antenna/tag/e2806894000050038662154f, 88
1652710202.650611, sdrt-health/mac:02010b41cdec/antenna/tag/e2806894000050038662194f, 81
1652710202.665679, sdrt-health/mac:02010b41cdec/antenna/tag/e2806894000040038662114f, 88
1652710202.66624, sdrt-health/mac:02010b41cdec/antenna/tag/e2806894000050038661fd4f, 86
1652710202.701764, sdrt-health/mac:02010b41cdec/antenna/tag/e2806894000050038662194f, 81
1652710202.765418, sdrt-health/mac:02010b41cdec/antenna/tag/e28068940000400386621d4f, 77
1652710202.765864, sdrt-health/mac:02010b41cdec/antenna/tag/e2806894000040038662114f, 91
1652710202.826201, sdrt-health/mac:02010b41cdec/antenna/tag/e28068940000400386621d4f, 90
1652710202.864749, sdrt-health/mac:02010b41cdec/antenna/tag/e2806894000050038661fd4f, 86
1652710202.865289, sdrt-health/mac:02010b41cdec/antenna/tag/e28068940000400386621d4f, 90
1652710202.865772, sdrt-health/mac:02010b41cdec/antenna/tag/e2806894000050038662154f, 88
1652710202.866198, sdrt-health/mac:02010b41cdec/antenna/tag/e2806894000050038662154f, 85
1652710202.866621, sdrt-health/mac:02010b41cdec/antenna/tag/e28068940000400386621d4f, 90
1652710202.909761, sdrt-health/mac:02010b41cdec/antenna/tag/e2806894000050038661fd4f, 83
1652710202.97256, sdrt-health/mac:02010b41cdec/antenna/tag/e2806894000050038662154f, 88
1652710202.973067, sdrt-health/mac:02010b41cdec/antenna/tag/e28068940000400386621d4f, 96
1652710202.990747, sdrt-health/mac:02010b41cdec/antenna/tag/e2806894000050038662194f, 88
1652710203.010874, sdrt-health/mac:02010b41cdec/antenna/tag/e28068940000400386621d4f, 77
1652710203.060638, sdrt-health/mac:02010b41cdec/antenna/tag/e2806894000050038662194f, 81
1652710203.119346, sdrt-health/mac:02010b41cdec/antenna/tag/e28068940000400386621d4f, 96
1652710203.119954, sdrt-health/mac:02010b41cdec/antenna/tag/e2806894000040038662114f, 88
1652710203.159099, sdrt-health/mac:02010b41cdec/antenna/tag/e2806894000050038661fd4f, 86
1652710203.159478, sdrt-health/mac:02010b41cdec/antenna/tag/e2806894000050038662154f, 88
1652710203.17961, sdrt-health/mac:02010b41cdec/antenna/tag/e2806894000050038661fd4f, 86
1652710203.179817, sdrt-health/mac:02010b41cdec/antenna/tag/e2806894000040038662114f, 91
1652710203.217983, sdrt-health/mac:02010b41cdec/antenna/tag/e28068940000400386621d4f, 90
1652710203.288742, sdrt-health/mac:02010b41cdec/antenna/tag/e2806894000040038662114f, 91
1652710203.289223, sdrt-health/mac:02010b41cdec/antenna/tag/e28068940000400386621d4f, 90
1652710203.322588, sdrt-health/mac:02010b41cdec/antenna/tag/e2806894000050038662154f, 85
1652710203.322956, sdrt-health/mac:02010b41cdec/antenna/tag/e2806894000050038661fd4f, 83
1652710203.375732, sdrt-health/mac:02010b41cdec/antenna/tag/e2806894000040038662114f, 97
1652710203.429273, sdrt-health/mac:02010b41cdec/antenna/tag/e2806894000050038662154f, 85
1652710203.429684, sdrt-health/mac:02010b41cdec/antenna/tag/e2806894000050038661fd4f, 83
1652710203.430972, sdrt-health/mac:02010b41cdec/antenna/tag/e2806894000050038661fd4f, 83
1652710203.431271, sdrt-health/mac:02010b41cdec/antenna/tag/e2806894000050038662194f, 94
1652710203.431535, sdrt-health/mac:02010b41cdec/antenna/tag/e2806894000050038662154f, 88
1652710203.474454, sdrt-health/mac:02010b41cdec/antenna/tag/e2806894000040038662114f, 91
1652710203.555924, sdrt-health/mac:02010b41cdec/antenna/tag/e2806894000050038661fd4f, 83
1652710203.556367, sdrt-health/mac:02010b41cdec/antenna/tag/e2806894000050038661fd4f, 83
1652710203.557052, sdrt-health/mac:02010b41cdec/antenna/tag/e2806894000050038662154f, 85
1652710203.569309, sdrt-health/mac:02010b41cdec/antenna/tag/e2806894000050038662194f, 81
1652710203.619385, sdrt-health/mac:02010b41cdec/antenna/tag/e2806894000050038662154f, 85
1652710203.673734, sdrt-health/mac:02010b41cdec/antenna/tag/e2806894000040038662114f, 88
1652710203.67424, sdrt-health/mac:02010b41cdec/antenna/tag/e2806894000050038661fd4f, 83
1652710203.674568, sdrt-health/mac:02010b41cdec/antenna/tag/e2806894000050038662154f, 88
1652710203.675703, sdrt-health/mac:02010b41cdec/antenna/tag/e2806894000040038662114f, 88
1652710203.697688, sdrt-health/mac:02010b41cdec/antenna/tag/e2806894000050038661fd4f, 83
1652710203.698272, sdrt-health/mac:02010b41cdec/antenna/tag/e2806894000050038662154f, 85
1652710203.698723, sdrt-health/mac:02010b41cdec/antenna/tag/e2806894000050038661fd4f, 83
1652710203.749241, sdrt-health/mac:02010b41cdec/antenna/tag/e28068940000400386621d4f, 77
1652710203.828517, sdrt-health/mac:02010b41cdec/antenna/tag/e2806894000050038661fd4f, 83
1652710203.82897, sdrt-health/mac:02010b41cdec/antenna/tag/e2806894000050038662194f, 81
1652710203.829362, sdrt-health/mac:02010b41cdec/antenna/tag/e28068940000400386621d4f, 96
1652710203.843351, sdrt-health/mac:02010b41cdec/antenna/tag/e2806894000040038662114f, 85
1652710203.843611, sdrt-health/mac:02010b41cdec/antenna/tag/e28068940000400386621d4f, 96
1652710203.868371, sdrt-health/mac:02010b41cdec/antenna/tag/e28068940000400386621d4f, 96
1652710203.955879, sdrt-health/mac:02010b41cdec/antenna/tag/e2806894000050038662154f, 88
1652710203.956449, sdrt-health/mac:02010b41cdec/antenna/tag/e2806894000050038661fd4f, 83
1652710203.980439, sdrt-health/mac:02010b41cdec/antenna/tag/e2806894000050038662154f, 85
1652710203.986936, sdrt-health/mac:02010b41cdec/antenna/tag/e2806894000040038662114f, 88
1652710203.993668, sdrt-health/mac:02010b41cdec/antenna/tag/e2806894000050038662154f, 85
1652710204.038483, sdrt-health/mac:02010b41cdec/antenna/tag/e2806894000050038661fd4f, 86
1652710204.325965, sdrt-health/mac:02010b41cdec/antenna/tag/e2806894000050038661fd4f, 86
1652710204.372836, sdrt-health/mac:02010b41cdec/antenna/tag/e2806894000050038661fd4f, 86
1652710204.373152, sdrt-health/mac:02010b41cdec/antenna/tag/e2806894000050038662154f, 88
1652710204.373386, sdrt-health/mac:02010b41cdec/antenna/tag/e28068940000400386621d4f, 90
1652710204.393478, sdrt-health/mac:02010b41cdec/antenna/tag/e2806894000050038661fd4f, 86
1652710204.393683, sdrt-health/mac:02010b41cdec/antenna/tag/e2806894000040038662114f, 91
1652710204.490654, sdrt-health/mac:02010b41cdec/antenna/tag/e2806894000050038662154f, 88
1652710204.540019, sdrt-health/mac:02010b41cdec/antenna/tag/e28068940000400386621d4f, 90
1652710204.540198, sdrt-health/mac:02010b41cdec/antenna/tag/e2806894000050038662154f, 88
1652710204.54031, sdrt-health/mac:02010b41cdec/antenna/tag/e2806894000040038662114f, 97
1652710204.54043, sdrt-health/mac:02010b41cdec/antenna/tag/e2806894000050038662154f, 88
1652710204.540539, sdrt-health/mac:02010b41cdec/antenna/tag/e2806894000050038661fd4f, 83
1652710204.540646, sdrt-health/mac:02010b41cdec/antenna/tag/e28068940000400386621d4f, 90
1652710204.540753, sdrt-health/mac:02010b41cdec/antenna/tag/e2806894000050038661fd4f, 86
1652710204.54086, sdrt-health/mac:02010b41cdec/antenna/tag/e28068940000400386621d4f, 96
1652710204.60692, sdrt-health/mac:02010b41cdec/antenna/tag/e2806894000050038661fd4f, 86
1652710204.607348, sdrt-health/mac:02010b41cdec/antenna/tag/e2806894000050038662154f, 88
1652710204.607571, sdrt-health/mac:02010b41cdec/antenna/tag/e2806894000050038662154f, 93
1652710204.607709, sdrt-health/mac:02010b41cdec/antenna/tag/e2806894000050038661fd4f, 83
1652710204.631789, sdrt-health/mac:02010b41cdec/antenna/tag/e2806894000040038662114f, 88
1652710204.664896, sdrt-health/mac:02010b41cdec/antenna/tag/e2806894000050038661fd4f, 83
1652710204.732324, sdrt-health/mac:02010b41cdec/antenna/tag/e2806894000050038662154f, 85
1652710204.732521, sdrt-health/mac:02010b41cdec/antenna/tag/e2806894000050038661fd4f, 83
1652710204.732638, sdrt-health/mac:02010b41cdec/antenna/tag/e2806894000050038662154f, 88
1652710204.771053, sdrt-health/mac:02010b41cdec/antenna/tag/e2806894000050038662154f, 88
1652710204.825462, sdrt-health/mac:02010b41cdec/antenna/tag/e2806894000050038661fd4f, 83
1652710204.825871, sdrt-health/mac:02010b41cdec/antenna/tag/e2806894000050038661fd4f, 83
1652710204.855783, sdrt-health/mac:02010b41cdec/antenna/tag/e2806894000040038662114f, 88
1652710204.905522, sdrt-health/mac:02010b41cdec/antenna/tag/e28068940000400386621d4f, 96
1652710204.998933, sdrt-health/mac:02010b41cdec/antenna/tag/e28068940000400386621d4f, 96
1652710205.093395, sdrt-health/mac:02010b41cdec/antenna/tag/e2806894000050038662154f, 88
1652710205.093601, sdrt-health/mac:02010b41cdec/antenna/tag/e28068940000400386621d4f, 90
1652710205.215272, sdrt-health/mac:02010b41cdec/antenna/tag/e2806894000050038661fd4f, 86
1652710205.244643, sdrt-health/mac:02010b41cdec/antenna/tag/e28068940000400386621d4f, 90
1652710205.244838, sdrt-health/mac:02010b41cdec/antenna/tag/e2806894000050038662154f, 88
1652710205.244963, sdrt-health/mac:02010b41cdec/antenna/tag/e2806894000050038661fd4f, 83
1652710205.245143, sdrt-health/mac:02010b41cdec/antenna/tag/e2806894000040038662114f, 88
1652710205.291577, sdrt-health/mac:02010b41cdec/antenna/tag/e2806894000050038661fd4f, 83
1652710205.291782, sdrt-health/mac:02010b41cdec/antenna/tag/e28068940000400386621d4f, 90
1652710205.314281, sdrt-health/mac:02010b41cdec/antenna/tag/e2806894000050038661fd4f, 86
1652710205.314498, sdrt-health/mac:02010b41cdec/antenna/tag/e28068940000400386621d4f, 96
1652710205.314637, sdrt-health/mac:02010b41cdec/antenna/tag/e28068940000400386621d4f, 96
1652710205.314765, sdrt-health/mac:02010b41cdec/antenna/tag/e2806894000040038662114f, 88
1652710205.314891, sdrt-health/mac:02010b41cdec/antenna/tag/e28068940000400386621d4f, 96
1652710205.315032, sdrt-health/mac:02010b41cdec/antenna/tag/e2806894000050038662154f, 88
1652710205.341124, sdrt-health/mac:02010b41cdec/antenna/tag/e2806894000050038661fd4f, 83
1652710205.371312, sdrt-health/mac:02010b41cdec/antenna/tag/e2806894000050038662154f, 88
1652710205.371533, sdrt-health/mac:02010b41cdec/antenna/tag/e2806894000040038662114f, 88
1652710205.371691, sdrt-health/mac:02010b41cdec/antenna/tag/e28068940000400386621d4f, 90
1652710205.397463, sdrt-health/mac:02010b41cdec/antenna/tag/e2806894000040038662114f, 88
1652710205.423105, sdrt-health/mac:02010b41cdec/antenna/tag/e2806894000050038661fd4f, 83
1652710205.423312, sdrt-health/mac:02010b41cdec/antenna/tag/e28068940000400386621d4f, 96
1652710205.455711, sdrt-health/mac:02010b41cdec/antenna/tag/e2806894000050038661fd4f, 83
1652710205.517755, sdrt-health/mac:02010b41cdec/antenna/tag/e2806894000040038662214f, 82
1652710205.517993, sdrt-health/mac:02010b41cdec/antenna/tag/e28068940000400386621d4f, 96
1652710205.548016, sdrt-health/mac:02010b41cdec/antenna/tag/e2806894000050038662154f, 85
1652710205.559707, sdrt-health/mac:02010b41cdec/antenna/tag/e2806894000050038662154f, 88
1652710205.62126, sdrt-health/mac:02010b41cdec/antenna/tag/e2806894000040038662114f, 91
1652710205.621477, sdrt-health/mac:02010b41cdec/antenna/tag/e2806894000050038661fd4f, 83
1652710205.673779, sdrt-health/mac:02010b41cdec/antenna/tag/e28068940000400386621d4f, 96
1652710205.675804, sdrt-health/mac:02010b41cdec/antenna/tag/e28068940000400386621d4f, 96
1652710205.745699, sdrt-health/mac:02010b41cdec/antenna/tag/e28068940000400386621d4f, 90
1652710205.812568, sdrt-health/mac:02010b41cdec/antenna/tag/e2806894000050038662194f, 94
1652710205.888194, sdrt-health/mac:02010b41cdec/antenna/tag/e2806894000040038662114f, 91
1652710205.977891, sdrt-health/mac:02010b41cdec/antenna/tag/e2806894000050038662154f, 85
1652710205.978382, sdrt-health/mac:02010b41cdec/antenna/tag/e2806894000050038662194f, 83
1652710205.994876, sdrt-health/mac:02010b41cdec/antenna/tag/e28068940000400386621d4f, 90
1652710206.046876, sdrt-health/mac:02010b41cdec/antenna/tag/e2806894000050038662154f, 85
1652710206.077959, sdrt-health/mac:02010b41cdec/antenna/tag/e28068940000400386621d4f, 96
1652710206.078567, sdrt-health/mac:02010b41cdec/antenna/tag/e28068940000400386621d4f, 77
1652710206.112076, sdrt-health/mac:02010b41cdec/antenna/tag/e2806894000050038662154f, 85
1652710206.165022, sdrt-health/mac:02010b41cdec/antenna/tag/e28068940000400386621d4f, 96
1652710206.208772, sdrt-health/mac:02010b41cdec/antenna/tag/e2806894000050038662154f, 88
1652710206.209021, sdrt-health/mac:02010b41cdec/antenna/tag/e2806894000050038662154f, 91
1652710206.256957, sdrt-health/mac:02010b41cdec/antenna/tag/e2806894000040038662114f, 88
1652710206.332531, sdrt-health/mac:02010b41cdec/antenna/tag/e2806894000050038662154f, 91
1652710206.333006, sdrt-health/mac:02010b41cdec/antenna/tag/e2806894000050038661fd4f, 86
1652710206.360292, sdrt-health/mac:02010b41cdec/antenna/tag/e28068940000400386621d4f, 96
1652710206.406353, sdrt-health/mac:02010b41cdec/antenna/tag/e2806894000050038661fd4f, 83
1652710206.406808, sdrt-health/mac:02010b41cdec/antenna/tag/e2806894000050038661fd4f, 83
1652710206.407265, sdrt-health/mac:02010b41cdec/antenna/tag/e2806894000050038661fd4f, 83
1652710206.454217, sdrt-health/mac:02010b41cdec/antenna/tag/e2806894000050038662154f, 93
1652710206.486581, sdrt-health/mac:02010b41cdec/antenna/tag/e2806894000040038662114f, 85
1652710206.48684, sdrt-health/mac:02010b41cdec/antenna/tag/e28068940000400386621d4f, 96
1652710206.530606, sdrt-health/mac:02010b41cdec/antenna/tag/e2806894000050038662154f, 85
1652710206.609941, sdrt-health/mac:02010b41cdec/antenna/tag/e2806894000050038662154f, 91
1652710206.610229, sdrt-health/mac:02010b41cdec/antenna/tag/e2806894000050038661fd4f, 86
1652710206.638509, sdrt-health/mac:02010b41cdec/antenna/tag/e2806894000040038662114f, 91
1652710206.638822, sdrt-health/mac:02010b41cdec/antenna/tag/e2806894000050038661fd4f, 86
1652710206.639027, sdrt-health/mac:02010b41cdec/antenna/tag/e28068940000400386621d4f, 96
1652710206.712136, sdrt-health/mac:02010b41cdec/antenna/tag/e2806894000050038662154f, 91
1652710206.742604, sdrt-health/mac:02010b41cdec/antenna/tag/e2806894000040038662114f, 88
1652710206.742894, sdrt-health/mac:02010b41cdec/antenna/tag/e2806894000050038662154f, 91
1652710206.758666, sdrt-health/mac:02010b41cdec/antenna/tag/e2806894000050038661fd4f, 86
1652710206.759013, sdrt-health/mac:02010b41cdec/antenna/tag/e2806894000050038662154f, 91
1652710206.811242, sdrt-health/mac:02010b41cdec/antenna/tag/e2806894000040038662114f, 91
1652710206.878289, sdrt-health/mac:02010b41cdec/antenna/tag/e2806894000040038662114f, 88
1652710206.878652, sdrt-health/mac:02010b41cdec/antenna/tag/e2806894000050038661fd4f, 86
1652710206.930139, sdrt-health/mac:02010b41cdec/antenna/tag/e28068940000500386620d4f, 94
1652710206.956229, sdrt-health/mac:02010b41cdec/antenna/tag/e2806894000050038661fd4f, 83
1652710206.956517, sdrt-health/mac:02010b41cdec/antenna/tag/e2806894000040038662114f, 88
1652710206.956714, sdrt-health/mac:02010b41cdec/antenna/tag/e28068940000400386621d4f, 96
1652710206.956915, sdrt-health/mac:02010b41cdec/antenna/tag/e28068940000400386621d4f, 90
1652710207.00315, sdrt-health/mac:02010b41cdec/antenna/tag/e2806894000040038662114f, 88
1652710207.084923, sdrt-health/mac:02010b41cdec/antenna/tag/e2806894000050038661fd4f, 83
1652710207.085207, sdrt-health/mac:02010b41cdec/antenna/tag/e2806894000050038661fd4f, 86
1652710207.124599, sdrt-health/mac:02010b41cdec/antenna/tag/e2806894000050038662154f, 88
1652710207.124878, sdrt-health/mac:02010b41cdec/antenna/tag/e28068940000400386621d4f, 90
1652710207.125097, sdrt-health/mac:02010b41cdec/antenna/tag/e28068940000400386621d4f, 96
1652710207.130292, sdrt-health/mac:02010b41cdec/antenna/tag/e2806894000050038662154f, 91
1652710207.145493, sdrt-health/mac:02010b41cdec/antenna/tag/e2806894000040038662114f, 91
1652710207.146062, sdrt-health/mac:02010b41cdec/antenna/tag/e2806894000050038661fd4f, 86
1652710207.181567, sdrt-health/mac:02010b41cdec/antenna/tag/e2806894000050038662154f, 91
1652710207.183498, sdrt-health/mac:02010b41cdec/antenna/tag/e2806894000040038662114f, 91
1652710207.19497, sdrt-health/mac:02010b41cdec/antenna/tag/e2806894000050038661fd4f, 86
1652710207.246965, sdrt-health/mac:02010b41cdec/antenna/tag/e2806894000050038661fd4f, 83
1652710207.36299, sdrt-health/mac:02010b41cdec/antenna/tag/e2806894000050038662154f, 85
1652710207.417539, sdrt-health/mac:02010b41cdec/antenna/tag/e2806894000040038662114f, 85
1652710207.44817, sdrt-health/mac:02010b41cdec/antenna/tag/e28068940000400386621d4f, 96
1652710207.448405, sdrt-health/mac:02010b41cdec/antenna/tag/e28068940000400386621d4f, 96
1652710207.448605, sdrt-health/mac:02010b41cdec/antenna/tag/e2806894000040038662114f, 88
1652710207.461401, sdrt-health/mac:02010b41cdec/antenna/tag/e2806894000040038662114f, 88
1652710207.461653, sdrt-health/mac:02010b41cdec/antenna/tag/e2806894000040038662114f, 88
1652710207.46181, sdrt-health/mac:02010b41cdec/antenna/tag/e2806894000040038662114f, 88
1652710207.462026, sdrt-health/mac:02010b41cdec/antenna/tag/e28068940000400386621d4f, 96
1652710207.49177, sdrt-health/mac:02010b41cdec/antenna/tag/e2806894000040038662114f, 88
1652710207.492053, sdrt-health/mac:02010b41cdec/antenna/tag/e2806894000050038662154f, 93
1652710207.56602, sdrt-health/mac:02010b41cdec/antenna/tag/e2806894000040038662114f, 88
1652710207.634887, sdrt-health/mac:02010b41cdec/antenna/tag/e2806894000050038662154f, 91
1652710207.635444, sdrt-health/mac:02010b41cdec/antenna/tag/e2806894000050038662154f, 91
1652710207.635685, sdrt-health/mac:02010b41cdec/antenna/tag/e28068940000400386621d4f, 96
1652710207.664799, sdrt-health/mac:02010b41cdec/antenna/tag/e2806894000050038662154f, 88
1652710207.665117, sdrt-health/mac:02010b41cdec/antenna/tag/e2806894000040038662114f, 88
1652710207.669512, sdrt-health/mac:02010b41cdec/antenna/tag/e28068940000400386621d4f, 90
1652710207.714436, sdrt-health/mac:02010b41cdec/antenna/tag/e2806894000050038662154f, 88
1652710207.714994, sdrt-health/mac:02010b41cdec/antenna/tag/e28068940000400386621d4f, 90
1652710207.774782, sdrt-health/mac:02010b41cdec/antenna/tag/e2806894000040038662114f, 88
1652710207.8275, sdrt-health/mac:02010b41cdec/antenna/tag/e28068940000400386621d4f, 90
1652710207.909982, sdrt-health/mac:02010b41cdec/antenna/tag/e2806894000050038661fd4f, 86
1652710207.910345, sdrt-health/mac:02010b41cdec/antenna/tag/e2806894000050038661fd4f, 86
1652710207.92824, sdrt-health/mac:02010b41cdec/antenna/tag/e2806894000040038662114f, 97
1652710207.974042, sdrt-health/mac:02010b41cdec/antenna/tag/e28068940000400386621d4f, 90
1652710207.974557, sdrt-health/mac:02010b41cdec/antenna/tag/e28068940000400386621d4f, 77
1652710208.03363, sdrt-health/mac:02010b41cdec/antenna/tag/e2806894000050038662154f, 85
1652710208.062892, sdrt-health/mac:02010b41cdec/antenna/tag/e2806894000050038662194f, 83
1652710208.063206, sdrt-health/mac:02010b41cdec/antenna/tag/e2806894000040038662114f, 88
1652710208.078235, sdrt-health/mac:02010b41cdec/antenna/tag/e2806894000040038662114f, 91
1652710208.078627, sdrt-health/mac:02010b41cdec/antenna/tag/e2806894000050038662194f, 83
1652710208.117639, sdrt-health/mac:02010b41cdec/antenna/tag/e2806894000040038662114f, 91
1652710208.181458, sdrt-health/mac:02010b41cdec/antenna/tag/e2806894000050038662194f, 81
1652710208.18176, sdrt-health/mac:02010b41cdec/antenna/tag/e28068940000400386621d4f, 96
1652710208.249455, sdrt-health/mac:02010b41cdec/antenna/tag/e28068940000400386621d4f, 90
1652710208.329914, sdrt-health/mac:02010b41cdec/antenna/tag/e2806894000050038662154f, 88
1652710208.330282, sdrt-health/mac:02010b41cdec/antenna/tag/e2806894000050038661fd4f, 83
1652710208.330531, sdrt-health/mac:02010b41cdec/antenna/tag/e2806894000050038661fd4f, 83
1652710208.342816, sdrt-health/mac:02010b41cdec/antenna/tag/e2806894000050038662154f, 88
1652710208.347725, sdrt-health/mac:02010b41cdec/antenna/tag/e2806894000050038662154f, 88
1652710208.360416, sdrt-health/mac:02010b41cdec/antenna/tag/e2806894000050038661fd4f, 83
1652710208.360713, sdrt-health/mac:02010b41cdec/antenna/tag/e2806894000040038662114f, 91
1652710208.360942, sdrt-health/mac:02010b41cdec/antenna/tag/e2806894000050038661fd4f, 83
1652710208.425002, sdrt-health/mac:02010b41cdec/antenna/tag/e2806894000050038662154f, 85
1652710208.480625, sdrt-health/mac:02010b41cdec/antenna/tag/e2806894000050038661fd4f, 83
1652710208.481528, sdrt-health/mac:02010b41cdec/antenna/tag/e2806894000050038661fd4f, 83
1652710208.525628, sdrt-health/mac:02010b41cdec/antenna/tag/e28068940000400386621d4f, 90
1652710208.552887, sdrt-health/mac:02010b41cdec/antenna/tag/e2806894000040038662114f, 88
1652710208.553198, sdrt-health/mac:02010b41cdec/antenna/tag/e2806894000040038662114f, 91
1652710208.596603, sdrt-health/mac:02010b41cdec/antenna/tag/e2806894000040038662114f, 85
1652710208.67944, sdrt-health/mac:02010b41cdec/antenna/tag/e2806894000040038662114f, 85
1652710208.679709, sdrt-health/mac:02010b41cdec/antenna/tag/e28068940000400386621d4f, 96
1652710208.692012, sdrt-health/mac:02010b41cdec/antenna/tag/e2806894000050038661fd4f, 97
1652710208.692208, sdrt-health/mac:02010b41cdec/antenna/tag/e2806894000050038662154f, 88
1652710208.69234, sdrt-health/mac:02010b41cdec/antenna/tag/e2806894000050038661fd4f, 83
1652710208.705228, sdrt-health/mac:02010b41cdec/antenna/tag/e28068940000400386621d4f, 96
1652710208.705423, sdrt-health/mac:02010b41cdec/antenna/tag/e28068940000400386621d4f, 96
1652710208.767229, sdrt-health/mac:02010b41cdec/antenna/tag/e28068940000400386621d4f, 96
1652710208.8392, sdrt-health/mac:02010b41cdec/antenna/tag/e2806894000040038662114f, 88
1652710208.839414, sdrt-health/mac:02010b41cdec/antenna/tag/e2806894000040038662114f, 88
1652710208.886347, sdrt-health/mac:02010b41cdec/antenna/tag/e2806894000050038662154f, 93
1652710208.942487, sdrt-health/mac:02010b41cdec/antenna/tag/e2806894000050038661fd4f, 86
1652710208.942703, sdrt-health/mac:02010b41cdec/antenna/tag/e28068940000400386621d4f, 96
1652710208.956568, sdrt-health/mac:02010b41cdec/antenna/tag/e2806894000050038662194f, 81
1652710209.142746, sdrt-health/mac:02010b41cdec/antenna/tag/e2806894000050038662154f, 93
1652710209.178965, sdrt-health/mac:02010b41cdec/antenna/tag/e2806894000040038662114f, 88
1652710209.245103, sdrt-health/mac:02010b41cdec/antenna/tag/e2806894000050038662154f, 88
1652710209.245375, sdrt-health/mac:02010b41cdec/antenna/tag/e2806894000050038661fd4f, 86
1652710209.259081, sdrt-health/mac:02010b41cdec/antenna/tag/e28068940000400386621d4f, 90
1652710209.303105, sdrt-health/mac:02010b41cdec/antenna/tag/e28068940000400386621d4f, 90
1652710209.350991, sdrt-health/mac:02010b41cdec/antenna/tag/e2806894000050038661fd4f, 86
1652710209.405832, sdrt-health/mac:02010b41cdec/antenna/tag/e28068940000400386621d4f, 90
1652710209.406153, sdrt-health/mac:02010b41cdec/antenna/tag/e2806894000050038661fd4f, 86
1652710209.406386, sdrt-health/mac:02010b41cdec/antenna/tag/e2806894000050038662194f, 81
1652710209.462037, sdrt-health/mac:02010b41cdec/antenna/tag/e2806894000050038661fd4f, 86
1652710209.534919, sdrt-health/mac:02010b41cdec/antenna/tag/e2806894000050038662194f, 88
1652710209.567096, sdrt-health/mac:02010b41cdec/antenna/tag/e2806894000050038661fd4f, 83
1652710209.567522, sdrt-health/mac:02010b41cdec/antenna/tag/e28068940000400386621d4f, 96
1652710209.610917, sdrt-health/mac:02010b41cdec/antenna/tag/e2806894000050038662154f, 85
1652710209.640551, sdrt-health/mac:02010b41cdec/antenna/tag/e2806894000050038661fd4f, 83
1652710209.640847, sdrt-health/mac:02010b41cdec/antenna/tag/e28068940000400386621d4f, 96
1652710209.687405, sdrt-health/mac:02010b41cdec/antenna/tag/e2806894000050038661fd4f, 83
1652710209.716444, sdrt-health/mac:02010b41cdec/antenna/tag/e28068940000400386621d4f, 96
1652710209.717087, sdrt-health/mac:02010b41cdec/antenna/tag/e2806894000040038662114f, 91
1652710209.717513, sdrt-health/mac:02010b41cdec/antenna/tag/e2806894000050038662154f, 88
1652710209.717981, sdrt-health/mac:02010b41cdec/antenna/tag/e28068940000400386621d4f, 90
1652710209.728755, sdrt-health/mac:02010b41cdec/antenna/tag/e2806894000040038662114f, 97
1652710209.780256, sdrt-health/mac:02010b41cdec/antenna/tag/e2806894000050038661fd4f, 86
1652710209.780816, sdrt-health/mac:02010b41cdec/antenna/tag/e28068940000400386621d4f, 90
1652710209.823454, sdrt-health/mac:02010b41cdec/antenna/tag/e2806894000050038661fd4f, 83
1652710209.872244, sdrt-health/mac:02010b41cdec/antenna/tag/e2806894000050038662154f, 85
1652710209.94132, sdrt-health/mac:02010b41cdec/antenna/tag/e28068940000400386621d4f, 96
1652710209.995802, sdrt-health/mac:02010b41cdec/antenna/tag/e2806894000050038661fd4f, 83
1652710209.996164, sdrt-health/mac:02010b41cdec/antenna/tag/e28068940000400386621d4f, 96
1652710210.04675, sdrt-health/mac:02010b41cdec/antenna/tag/e28068940000400386621d4f, 96
1652710210.112526, sdrt-health/mac:02010b41cdec/antenna/tag/e2806894000050038661fd4f, 83
1652710210.113047, sdrt-health/mac:02010b41cdec/antenna/tag/e28068940000400386621d4f, 96
1652710210.12671, sdrt-health/mac:02010b41cdec/antenna/tag/e2806894000050038662194f, 81
1652710210.141641, sdrt-health/mac:02010b41cdec/antenna/tag/e2806894000050038662194f, 94
1652710210.196867, sdrt-health/mac:02010b41cdec/antenna/tag/e2806894000040038662114f, 91
1652710210.248889, sdrt-health/mac:02010b41cdec/antenna/tag/e2806894000050038662154f, 88
1652710210.313056, sdrt-health/mac:02010b41cdec/antenna/tag/e2806894000050038661fd4f, 97
1652710210.436638, sdrt-health/mac:02010b41cdec/antenna/tag/e2806894000050038662154f, 91
1652710210.467371, sdrt-health/mac:02010b41cdec/antenna/tag/e2806894000050038661fd4f, 83
1652710210.467852, sdrt-health/mac:02010b41cdec/antenna/tag/e2806894000040038662114f, 88
1652710210.487626, sdrt-health/mac:02010b41cdec/antenna/tag/e2806894000040038662114f, 88
1652710210.551269, sdrt-health/mac:02010b41cdec/antenna/tag/e2806894000050038662154f, 85
1652710210.551787, sdrt-health/mac:02010b41cdec/antenna/tag/e2806894000040038662114f, 91
1652710210.565378, sdrt-health/mac:02010b41cdec/antenna/tag/e2806894000050038662154f, 91
1652710210.611273, sdrt-health/mac:02010b41cdec/antenna/tag/e2806894000050038661fd4f, 86
1652710210.611851, sdrt-health/mac:02010b41cdec/antenna/tag/e28068940000400386621d4f, 90
1652710210.62727, sdrt-health/mac:02010b41cdec/antenna/tag/e2806894000050038662154f, 91
1652710210.627513, sdrt-health/mac:02010b41cdec/antenna/tag/e2806894000040038662114f, 91
1652710210.627686, sdrt-health/mac:02010b41cdec/antenna/tag/e2806894000040038662114f, 88
1652710210.66449, sdrt-health/mac:02010b41cdec/antenna/tag/e28068940000400386621d4f, 90
1652710210.732376, sdrt-health/mac:02010b41cdec/antenna/tag/e2806894000040038662114f, 91
1652710210.76048, sdrt-health/mac:02010b41cdec/antenna/tag/e28068940000400386621d4f, 90
1652710210.760817, sdrt-health/mac:02010b41cdec/antenna/tag/e2806894000040038662114f, 91
1652710210.761063, sdrt-health/mac:02010b41cdec/antenna/tag/e2806894000050038662154f, 85
1652710210.787132, sdrt-health/mac:02010b41cdec/antenna/tag/e2806894000050038662154f, 88
1652710210.863022, sdrt-health/mac:02010b41cdec/antenna/tag/e2806894000040038662114f, 97
1652710210.863479, sdrt-health/mac:02010b41cdec/antenna/tag/e2806894000050038662154f, 85
1652710210.892815, sdrt-health/mac:02010b41cdec/antenna/tag/e2806894000050038662154f, 88
1652710210.938093, sdrt-health/mac:02010b41cdec/antenna/tag/e2806894000040038662114f, 88
1652710210.975172, sdrt-health/mac:02010b41cdec/antenna/tag/e28068940000400386621d4f, 96
1652710210.975378, sdrt-health/mac:02010b41cdec/antenna/tag/e28068940000400386621d4f, 96
1652710210.990348, sdrt-health/mac:02010b41cdec/antenna/tag/e2806894000050038662154f, 88
1652710211.042234, sdrt-health/mac:02010b41cdec/antenna/tag/e28068940000400386621d4f, 90
1652710211.042575, sdrt-health/mac:02010b41cdec/antenna/tag/e2806894000040038662114f, 88
1652710211.082088, sdrt-health/mac:02010b41cdec/antenna/tag/e2806894000050038662154f, 85
1652710211.112069, sdrt-health/mac:02010b41cdec/antenna/tag/e2806894000050038661fd4f, 86
1652710211.112484, sdrt-health/mac:02010b41cdec/antenna/tag/e2806894000040038662114f, 88
1652710211.143869, sdrt-health/mac:02010b41cdec/antenna/tag/e2806894000040038662054f, 94
1652710211.225325, sdrt-health/mac:02010b41cdec/antenna/tag/e2806894000050038661fd4f, 83
1652710211.225648, sdrt-health/mac:02010b41cdec/antenna/tag/e28068940000400386621d4f, 96
1652710211.239303, sdrt-health/mac:02010b41cdec/antenna/tag/e28068940000400386621d4f, 96
1652710211.239665, sdrt-health/mac:02010b41cdec/antenna/tag/e2806894000050038661fd4f, 83
1652710211.268258, sdrt-health/mac:02010b41cdec/antenna/tag/e2806894000040038662114f, 88
1652710211.298211, sdrt-health/mac:02010b41cdec/antenna/tag/e2806894000050038662154f, 88
1652710211.298404, sdrt-health/mac:02010b41cdec/antenna/tag/e2806894000040038662114f, 85
1652710211.316329, sdrt-health/mac:02010b41cdec/antenna/tag/e2806894000040038662114f, 97
1652710211.317427, sdrt-health/mac:02010b41cdec/antenna/tag/e28068940000400386621d4f, 90
1652710211.332983, sdrt-health/mac:02010b41cdec/antenna/tag/e2806894000050038661fd4f, 83
1652710211.376498, sdrt-health/mac:02010b41cdec/antenna/tag/e2806894000040038662114f, 88
1652710211.423698, sdrt-health/mac:02010b41cdec/antenna/tag/e28068940000400386621d4f, 90
1652710211.423898, sdrt-health/mac:02010b41cdec/antenna/tag/e2806894000050038661fd4f, 86
1652710211.478492, sdrt-health/mac:02010b41cdec/antenna/tag/e28068940000400386621d4f, 90
1652710211.478753, sdrt-health/mac:02010b41cdec/antenna/tag/e2806894000040038662114f, 91
1652710211.493093, sdrt-health/mac:02010b41cdec/antenna/tag/e28068940000400386621d4f, 96
1652710211.531657, sdrt-health/mac:02010b41cdec/antenna/tag/e2806894000050038662154f, 88
1652710211.595574, sdrt-health/mac:02010b41cdec/antenna/tag/e2806894000040038662114f, 88
1652710211.596076, sdrt-health/mac:02010b41cdec/antenna/tag/e2806894000050038661fd4f, 83
1652710211.59657, sdrt-health/mac:02010b41cdec/antenna/tag/e2806894000050038662154f, 88
1652710211.609447, sdrt-health/mac:02010b41cdec/antenna/tag/e2806894000040038662114f, 88
1652710211.641143, sdrt-health/mac:02010b41cdec/antenna/tag/e28068940000400386621d4f, 96
1652710211.710844, sdrt-health/mac:02010b41cdec/antenna/tag/e28068940000400386621d4f, 96
1652710211.711373, sdrt-health/mac:02010b41cdec/antenna/tag/e28068940000400386621d4f, 90
1652710211.748147, sdrt-health/mac:02010b41cdec/antenna/tag/e2806894000050038662154f, 88
1652710211.775894, sdrt-health/mac:02010b41cdec/antenna/tag/e2806894000040038662114f, 88
1652710211.776328, sdrt-health/mac:02010b41cdec/antenna/tag/e28068940000400386621d4f, 96
1652710211.793271, sdrt-health/mac:02010b41cdec/antenna/tag/e2806894000040038662114f, 91
1652710211.912841, sdrt-health/mac:02010b41cdec/antenna/tag/e2806894000050038661fd4f, 86
1652710211.913353, sdrt-health/mac:02010b41cdec/antenna/tag/e2806894000040038662114f, 85
1652710211.95926, sdrt-health/mac:02010b41cdec/antenna/tag/e28068940000400386621d4f, 90
1652710211.98988, sdrt-health/mac:02010b41cdec/antenna/tag/e2806894000040038662114f, 91
1652710211.990247, sdrt-health/mac:02010b41cdec/antenna/tag/e2806894000050038662154f, 88
1652710211.990658, sdrt-health/mac:02010b41cdec/antenna/tag/e2806894000040038662114f, 88
1652710211.990896, sdrt-health/mac:02010b41cdec/antenna/tag/e2806894000040038662214f, 94
1652710211.991126, sdrt-health/mac:02010b41cdec/antenna/tag/e2806894000040038662114f, 91
1652710212.010241, sdrt-health/mac:02010b41cdec/antenna/tag/e2806894000050038662154f, 88
1652710212.03723, sdrt-health/mac:02010b41cdec/antenna/tag/e2806894000050038661fd4f, 83
1652710212.037514, sdrt-health/mac:02010b41cdec/antenna/tag/e2806894000040038662114f, 88
1652710212.095825, sdrt-health/mac:02010b41cdec/antenna/tag/e2806894000050038661fd4f, 83
1652710212.143128, sdrt-health/mac:02010b41cdec/antenna/tag/e2806894000040038662114f, 88
1652710212.170857, sdrt-health/mac:02010b41cdec/antenna/tag/e2806894000050038661fd4f, 83
1652710212.171112, sdrt-health/mac:02010b41cdec/antenna/tag/e2806894000040038662114f, 88
1652710212.197753, sdrt-health/mac:02010b41cdec/antenna/tag/e2806894000050038662154f, 88
1652710212.24824, sdrt-health/mac:02010b41cdec/antenna/tag/e2806894000050038662154f, 88
1652710212.24867, sdrt-health/mac:02010b41cdec/antenna/tag/e28068940000400386621d4f, 90
1652710212.293036, sdrt-health/mac:02010b41cdec/antenna/tag/e2806894000050038661fd4f, 86
1652710212.296888, sdrt-health/mac:02010b41cdec/antenna/tag/e2806894000040038662114f, 97
1652710212.338948, sdrt-health/mac:02010b41cdec/antenna/tag/e2806894000050038662194f, 83
1652710212.339215, sdrt-health/mac:02010b41cdec/antenna/tag/e2806894000040038662114f, 91
1652710212.384308, sdrt-health/mac:02010b41cdec/antenna/tag/e2806894000050038661fd4f, 86
1652710212.463846, sdrt-health/mac:02010b41cdec/antenna/tag/e28068940000400386621d4f, 90
1652710212.464296, sdrt-health/mac:02010b41cdec/antenna/tag/e2806894000050038661fd4f, 86
1652710212.464666, sdrt-health/mac:02010b41cdec/antenna/tag/e2806894000040038662114f, 91
1652710212.466514, sdrt-health/mac:02010b41cdec/antenna/tag/e2806894000050038662154f, 88
1652710212.467021, sdrt-health/mac:02010b41cdec/antenna/tag/e2806894000050038662154f, 85
1652710212.511883, sdrt-health/mac:02010b41cdec/antenna/tag/e2806894000050038662154f, 85
1652710212.58875, sdrt-health/mac:02010b41cdec/antenna/tag/e2806894000050038662154f, 85
1652710212.589215, sdrt-health/mac:02010b41cdec/antenna/tag/e2806894000050038661fd4f, 97
1652710212.604534, sdrt-health/mac:02010b41cdec/antenna/tag/e2806894000050038662154f, 85
1652710212.604994, sdrt-health/mac:02010b41cdec/antenna/tag/e2806894000040038662114f, 88
1652710212.60532, sdrt-health/mac:02010b41cdec/antenna/tag/e28068940000400386621d4f, 77
1652710212.647154, sdrt-health/mac:02010b41cdec/antenna/tag/e28068940000400386621d4f, 96
1652710212.678632, sdrt-health/mac:02010b41cdec/antenna/tag/e2806894000040038662114f, 88
1652710212.679388, sdrt-health/mac:02010b41cdec/antenna/tag/e2806894000040038662114f, 88
1652710212.679838, sdrt-health/mac:02010b41cdec/antenna/tag/e2806894000050038661fd4f, 83
1652710212.692472, sdrt-health/mac:02010b41cdec/antenna/tag/e2806894000050038661fd4f, 86
1652710212.692806, sdrt-health/mac:02010b41cdec/antenna/tag/e28068940000400386621d4f, 96
1652710212.742816, sdrt-health/mac:02010b41cdec/antenna/tag/e28068940000400386621d4f, 96
1652710212.820279, sdrt-health/mac:02010b41cdec/antenna/tag/e2806894000050038661fd4f, 83
1652710212.850834, sdrt-health/mac:02010b41cdec/antenna/tag/e2806894000040038662114f, 88
1652710212.851311, sdrt-health/mac:02010b41cdec/antenna/tag/e2806894000040038662114f, 88
1652710212.871601, sdrt-health/mac:02010b41cdec/antenna/tag/e28068940000400386621d4f, 96
1652710212.955867, sdrt-health/mac:02010b41cdec/antenna/tag/e2806894000050038661fd4f, 83
1652710212.956354, sdrt-health/mac:02010b41cdec/antenna/tag/e28068940000400386621d4f, 96
1652710212.956699, sdrt-health/mac:02010b41cdec/antenna/tag/e2806894000040038662114f, 88
1652710212.957617, sdrt-health/mac:02010b41cdec/antenna/tag/e2806894000050038662154f, 85
1652710212.958114, sdrt-health/mac:02010b41cdec/antenna/tag/e2806894000050038662154f, 85
1652710213.004026, sdrt-health/mac:02010b41cdec/antenna/tag/e28068940000400386621d4f, 77
1652710213.034244, sdrt-health/mac:02010b41cdec/antenna/tag/e2806894000050038661fd4f, 83
1652710213.034485, sdrt-health/mac:02010b41cdec/antenna/tag/e2806894000050038661fd4f, 86
1652710213.034641, sdrt-health/mac:02010b41cdec/antenna/tag/e28068940000400386621d4f, 96
1652710213.03479, sdrt-health/mac:02010b41cdec/antenna/tag/e2806894000050038662154f, 91
1652710213.058099, sdrt-health/mac:02010b41cdec/antenna/tag/e28068940000400386621d4f, 96
1652710213.088929, sdrt-health/mac:02010b41cdec/antenna/tag/e2806894000050038661fd4f, 83
1652710213.089175, sdrt-health/mac:02010b41cdec/antenna/tag/e2806894000050038662154f, 88
1652710213.089336, sdrt-health/mac:02010b41cdec/antenna/tag/e2806894000050038662154f, 88
1652710213.116536, sdrt-health/mac:02010b41cdec/antenna/tag/e2806894000050038661fd4f, 86
1652710213.169877, sdrt-health/mac:02010b41cdec/antenna/tag/e2806894000050038662154f, 88
1652710213.17074, sdrt-health/mac:02010b41cdec/antenna/tag/e2806894000050038662154f, 88
1652710213.368502, sdrt-health/mac:02010b41cdec/antenna/tag/scan, scan stopped
