1652710674.511738, sdrt-health/mac:02010b41cdec/antenna/power/set, {"power": 290}
1652710675.697154, sdrt-health/mac:02010b41cdec/antenna/power/set, 
1652710679.595686, sdrt-health/mac:02010b41cdec/antenna/tag/scan, {"time": 20000}
1652710679.947867, sdrt-health/mac:02010b41cdec/antenna/tag/e2806894000050038662154f, 88
1652710680.0033, sdrt-health/mac:02010b41cdec/antenna/tag/e28068940000400386621d4f, 96
1652710680.055632, sdrt-health/mac:02010b41cdec/antenna/tag/e2806894000050038662194f, 81
1652710680.110986, sdrt-health/mac:02010b41cdec/antenna/tag/e2806894000050038662154f, 91
1652710680.145785, sdrt-health/mac:02010b41cdec/antenna/tag/e2806894000050038662154f, 88
1652710680.146177, sdrt-health/mac:02010b41cdec/antenna/tag/e28068940000400386621d4f, 90
1652710680.14651, sdrt-health/mac:02010b41cdec/antenna/tag/e2806894000040038662114f, 97
1652710680.186633, sdrt-health/mac:02010b41cdec/antenna/tag/e2806894000050038661fd4f, 83
1652710680.227831, sdrt-health/mac:02010b41cdec/antenna/tag/e2806894000050038661fd4f, 83
1652710680.267515, sdrt-health/mac:02010b41cdec/antenna/tag/e2806894000040038662114f, 88
1652710680.310039, sdrt-health/mac:02010b41cdec/antenna/tag/e2806894000050038662194f, 81
1652710680.433188, sdrt-health/mac:02010b41cdec/antenna/tag/e2806894000050038661fd4f, 86
1652710680.433695, sdrt-health/mac:02010b41cdec/antenna/tag/e2806894000050038661fd4f, 86
1652710680.442228, sdrt-health/mac:02010b41cdec/antenna/tag/e2806894000050038662194f, 87
1652710680.442732, sdrt-health/mac:02010b41cdec/antenna/tag/e2806894000050038661fd4f, 86
1652710680.44324, sdrt-health/mac:02010b41cdec/antenna/tag/e2806894000040038662114f, 97
1652710680.467306, sdrt-health/mac:02010b41cdec/antenna/tag/e2806894000050038662194f, 87
1652710680.547738, sdrt-health/mac:02010b41cdec/antenna/tag/e28068940000400386621d4f, 96
1652710680.548233, sdrt-health/mac:02010b41cdec/antenna/tag/e2806894000050038661fd4f, 83
1652710680.548577, sdrt-health/mac:02010b41cdec/antenna/tag/e28068940000400386621d4f, 77
1652710680.67724, sdrt-health/mac:02010b41cdec/antenna/tag/e2806894000040038662214f, 88
1652710680.722144, sdrt-health/mac:02010b41cdec/antenna/tag/e2806894000040038662114f, 88
1652710680.72261, sdrt-health/mac:02010b41cdec/antenna/tag/e28068940000400386621d4f, 96
1652710680.72298, sdrt-health/mac:02010b41cdec/antenna/tag/e2806894000040038662114f, 88
1652710680.736912, sdrt-health/mac:02010b41cdec/antenna/tag/e2806894000050038661fd4f, 83
1652710680.75624, sdrt-health/mac:02010b41cdec/antenna/tag/e2806894000050038661fd4f, 83
1652710680.868814, sdrt-health/mac:02010b41cdec/antenna/tag/e2806894000050038662194f, 94
1652710680.869339, sdrt-health/mac:02010b41cdec/antenna/tag/e2806894000040038662114f, 88
1652710680.869781, sdrt-health/mac:02010b41cdec/antenna/tag/e2806894000050038662194f, 88
1652710680.872278, sdrt-health/mac:02010b41cdec/antenna/tag/e28068940000400386621d4f, 90
1652710680.918229, sdrt-health/mac:02010b41cdec/antenna/tag/e28068940000400386621d4f, 96
1652710681.001224, sdrt-health/mac:02010b41cdec/antenna/tag/e2806894000050038662194f, 81
1652710681.001718, sdrt-health/mac:02010b41cdec/antenna/tag/e28068940000400386621d4f, 96
1652710681.034501, sdrt-health/mac:02010b41cdec/antenna/tag/e2806894000050038662154f, 88
1652710681.112951, sdrt-health/mac:02010b41cdec/antenna/tag/e2806894000050038661fd4f, 86
1652710681.113523, sdrt-health/mac:02010b41cdec/antenna/tag/e2806894000050038662154f, 93
1652710681.13495, sdrt-health/mac:02010b41cdec/antenna/tag/e2806894000050038661fd4f, 83
1652710681.135357, sdrt-health/mac:02010b41cdec/antenna/tag/e2806894000050038662194f, 94
1652710681.135789, sdrt-health/mac:02010b41cdec/antenna/tag/e28068940000400386621d4f, 90
1652710681.158692, sdrt-health/mac:02010b41cdec/antenna/tag/e2806894000040038662114f, 97
1652710681.159078, sdrt-health/mac:02010b41cdec/antenna/tag/e28068940000400386621d4f, 90
1652710681.159276, sdrt-health/mac:02010b41cdec/antenna/tag/e2806894000040038662114f, 97
1652710681.193601, sdrt-health/mac:02010b41cdec/antenna/tag/e2806894000050038662154f, 91
1652710681.27519, sdrt-health/mac:02010b41cdec/antenna/tag/e28068940000400386621d4f, 90
1652710681.275735, sdrt-health/mac:02010b41cdec/antenna/tag/e2806894000050038662154f, 88
1652710681.276152, sdrt-health/mac:02010b41cdec/antenna/tag/e2806894000050038662154f, 85
1652710681.322296, sdrt-health/mac:02010b41cdec/antenna/tag/e28068940000400386621d4f, 90
1652710681.366042, sdrt-health/mac:02010b41cdec/antenna/tag/e2806894000040038662114f, 91
1652710681.416179, sdrt-health/mac:02010b41cdec/antenna/tag/e28068940000400386621d4f, 77
1652710681.452877, sdrt-health/mac:02010b41cdec/antenna/tag/e2806894000040038662114f, 88
1652710681.453236, sdrt-health/mac:02010b41cdec/antenna/tag/e28068940000400386621d4f, 77
1652710681.495465, sdrt-health/mac:02010b41cdec/antenna/tag/e2806894000050038662154f, 85
1652710681.539744, sdrt-health/mac:02010b41cdec/antenna/tag/e28068940000400386621d4f, 90
1652710681.605223, sdrt-health/mac:02010b41cdec/antenna/tag/e2806894000040038662114f, 88
1652710681.605546, sdrt-health/mac:02010b41cdec/antenna/tag/e2806894000050038661fd4f, 86
1652710681.63194, sdrt-health/mac:02010b41cdec/antenna/tag/e28068940000400386621d4f, 90
1652710681.632296, sdrt-health/mac:02010b41cdec/antenna/tag/e2806894000040038662114f, 88
1652710681.632581, sdrt-health/mac:02010b41cdec/antenna/tag/e28068940000400386621d4f, 90
1652710681.692398, sdrt-health/mac:02010b41cdec/antenna/tag/e2806894000050038662194f, 81
1652710681.746367, sdrt-health/mac:02010b41cdec/antenna/tag/e2806894000050038661fd4f, 86
1652710681.758539, sdrt-health/mac:02010b41cdec/antenna/tag/e2806894000040038662114f, 91
1652710681.794389, sdrt-health/mac:02010b41cdec/antenna/tag/e2806894000050038662194f, 81
1652710681.855389, sdrt-health/mac:02010b41cdec/antenna/tag/e28068940000400386621d4f, 96
1652710682.023262, sdrt-health/mac:02010b41cdec/antenna/tag/e2806894000050038661fd4f, 83
1652710682.023723, sdrt-health/mac:02010b41cdec/antenna/tag/e2806894000050038661fd4f, 83
1652710682.029006, sdrt-health/mac:02010b41cdec/antenna/tag/e2806894000040038662114f, 91
1652710682.029706, sdrt-health/mac:02010b41cdec/antenna/tag/e2806894000050038662154f, 88
1652710682.0302, sdrt-health/mac:02010b41cdec/antenna/tag/e28068940000400386621d4f, 96
1652710682.088531, sdrt-health/mac:02010b41cdec/antenna/tag/e2806894000050038661fd4f, 83
1652710682.122089, sdrt-health/mac:02010b41cdec/antenna/tag/e2806894000050038662194f, 88
1652710682.122613, sdrt-health/mac:02010b41cdec/antenna/tag/e28068940000400386621d4f, 96
1652710682.122987, sdrt-health/mac:02010b41cdec/antenna/tag/e28068940000400386621d4f, 77
1652710682.13692, sdrt-health/mac:02010b41cdec/antenna/tag/e2806894000050038662194f, 81
1652710682.137291, sdrt-health/mac:02010b41cdec/antenna/tag/e2806894000050038662154f, 88
1652710682.175403, sdrt-health/mac:02010b41cdec/antenna/tag/e2806894000050038662154f, 88
1652710682.233327, sdrt-health/mac:02010b41cdec/antenna/tag/e28068940000400386621d4f, 96
1652710682.233803, sdrt-health/mac:02010b41cdec/antenna/tag/e2806894000050038661fd4f, 83
1652710682.247245, sdrt-health/mac:02010b41cdec/antenna/tag/e2806894000040038662114f, 93
1652710682.247688, sdrt-health/mac:02010b41cdec/antenna/tag/e2806894000050038661fd4f, 83
1652710682.248087, sdrt-health/mac:02010b41cdec/antenna/tag/e2806894000050038661fd4f, 83
1652710682.266799, sdrt-health/mac:02010b41cdec/antenna/tag/e2806894000040038662114f, 88
1652710682.33802, sdrt-health/mac:02010b41cdec/antenna/tag/e28068940000400386621d4f, 96
1652710682.338504, sdrt-health/mac:02010b41cdec/antenna/tag/e2806894000050038661fd4f, 83
1652710682.380672, sdrt-health/mac:02010b41cdec/antenna/tag/e28068940000400386621d4f, 96
1652710682.410331, sdrt-health/mac:02010b41cdec/antenna/tag/e2806894000050038662194f, 88
1652710682.410682, sdrt-health/mac:02010b41cdec/antenna/tag/e2806894000050038661fd4f, 83
1652710682.410918, sdrt-health/mac:02010b41cdec/antenna/tag/e28068940000400386621d4f, 96
1652710682.456722, sdrt-health/mac:02010b41cdec/antenna/tag/e2806894000050038661fd4f, 86
1652710682.518167, sdrt-health/mac:02010b41cdec/antenna/tag/e28068940000400386621d4f, 96
1652710682.586352, sdrt-health/mac:02010b41cdec/antenna/tag/e28068940000400386621d4f, 96
1652710682.588106, sdrt-health/mac:02010b41cdec/antenna/tag/e2806894000050038661fd4f, 86
1652710682.600124, sdrt-health/mac:02010b41cdec/antenna/tag/e2806894000040038662114f, 91
1652710682.616849, sdrt-health/mac:02010b41cdec/antenna/tag/e28068940000400386621d4f, 90
1652710682.714221, sdrt-health/mac:02010b41cdec/antenna/tag/e2806894000040038662114f, 97
1652710682.714703, sdrt-health/mac:02010b41cdec/antenna/tag/e2806894000050038662154f, 88
1652710682.74814, sdrt-health/mac:02010b41cdec/antenna/tag/e2806894000050038662194f, 94
1652710682.799375, sdrt-health/mac:02010b41cdec/antenna/tag/e2806894000050038662154f, 88
1652710682.799885, sdrt-health/mac:02010b41cdec/antenna/tag/e2806894000050038662194f, 81
1652710682.814714, sdrt-health/mac:02010b41cdec/antenna/tag/e2806894000050038662154f, 91
1652710682.855025, sdrt-health/mac:02010b41cdec/antenna/tag/e2806894000050038661fd4f, 83
1652710682.928193, sdrt-health/mac:02010b41cdec/antenna/tag/e2806894000050038661fd4f, 83
1652710682.981616, sdrt-health/mac:02010b41cdec/antenna/tag/e2806894000050038661fd4f, 83
1652710683.091695, sdrt-health/mac:02010b41cdec/antenna/tag/e28068940000400386621d4f, 77
1652710683.092165, sdrt-health/mac:02010b41cdec/antenna/tag/e2806894000050038661fd4f, 83
1652710683.105433, sdrt-health/mac:02010b41cdec/antenna/tag/e2806894000050038662154f, 85
1652710683.105826, sdrt-health/mac:02010b41cdec/antenna/tag/e2806894000050038662154f, 85
1652710683.106057, sdrt-health/mac:02010b41cdec/antenna/tag/e2806894000050038662154f, 91
1652710683.106273, sdrt-health/mac:02010b41cdec/antenna/tag/e28068940000400386621d4f, 96
1652710683.106541, sdrt-health/mac:02010b41cdec/antenna/tag/e2806894000040038662114f, 88
1652710683.155413, sdrt-health/mac:02010b41cdec/antenna/tag/e2806894000050038661fd4f, 83
1652710683.193282, sdrt-health/mac:02010b41cdec/antenna/tag/e2806894000050038662154f, 97
1652710683.193625, sdrt-health/mac:02010b41cdec/antenna/tag/e2806894000040038662114f, 88
1652710683.210935, sdrt-health/mac:02010b41cdec/antenna/tag/e2806894000040038662114f, 91
1652710683.211157, sdrt-health/mac:02010b41cdec/antenna/tag/e2806894000050038662194f, 83
1652710683.248001, sdrt-health/mac:02010b41cdec/antenna/tag/e28068940000400386621d4f, 96
1652710683.303962, sdrt-health/mac:02010b41cdec/antenna/tag/e2806894000050038662154f, 88
1652710683.304508, sdrt-health/mac:02010b41cdec/antenna/tag/e2806894000050038662194f, 83
1652710683.337349, sdrt-health/mac:02010b41cdec/antenna/tag/e2806894000050038661fd4f, 83
1652710683.41105, sdrt-health/mac:02010b41cdec/antenna/tag/e2806894000050038661fd4f, 83
1652710683.425979, sdrt-health/mac:02010b41cdec/antenna/tag/e2806894000050038662154f, 85
1652710683.426464, sdrt-health/mac:02010b41cdec/antenna/tag/e2806894000050038661fd4f, 83
1652710683.467484, sdrt-health/mac:02010b41cdec/antenna/tag/e28068940000400386621d4f, 96
1652710683.496575, sdrt-health/mac:02010b41cdec/antenna/tag/e2806894000050038662154f, 88
1652710683.496833, sdrt-health/mac:02010b41cdec/antenna/tag/e2806894000050038661fd4f, 83
1652710683.514203, sdrt-health/mac:02010b41cdec/antenna/tag/e2806894000050038662154f, 88
1652710683.514435, sdrt-health/mac:02010b41cdec/antenna/tag/e28068940000400386621d4f, 96
1652710683.514586, sdrt-health/mac:02010b41cdec/antenna/tag/e2806894000050038661fd4f, 86
1652710683.514732, sdrt-health/mac:02010b41cdec/antenna/tag/e2806894000050038662154f, 88
1652710683.556948, sdrt-health/mac:02010b41cdec/antenna/tag/e2806894000050038661fd4f, 86
1652710683.619099, sdrt-health/mac:02010b41cdec/antenna/tag/e2806894000050038662154f, 88
1652710683.61964, sdrt-health/mac:02010b41cdec/antenna/tag/e2806894000050038661fd4f, 86
1652710683.620037, sdrt-health/mac:02010b41cdec/antenna/tag/e2806894000050038662154f, 91
1652710683.620465, sdrt-health/mac:02010b41cdec/antenna/tag/e2806894000050038661fd4f, 86
1652710683.647088, sdrt-health/mac:02010b41cdec/antenna/tag/e2806894000050038661fd4f, 86
1652710683.738991, sdrt-health/mac:02010b41cdec/antenna/tag/e2806894000050038661fd4f, 86
1652710683.739553, sdrt-health/mac:02010b41cdec/antenna/tag/e2806894000050038661fd4f, 83
1652710683.773964, sdrt-health/mac:02010b41cdec/antenna/tag/e28068940000400386621d4f, 96
1652710683.819301, sdrt-health/mac:02010b41cdec/antenna/tag/e28068940000400386621d4f, 96
1652710683.875156, sdrt-health/mac:02010b41cdec/antenna/tag/e2806894000040038661f94f, 82
1652710683.939123, sdrt-health/mac:02010b41cdec/antenna/tag/e2806894000040038661f94f, 94
1652710683.939632, sdrt-health/mac:02010b41cdec/antenna/tag/e28068940000400386621d4f, 77
1652710683.971471, sdrt-health/mac:02010b41cdec/antenna/tag/e2806894000050038662154f, 88
1652710684.01351, sdrt-health/mac:02010b41cdec/antenna/tag/e2806894000040038662114f, 88
1652710684.056255, sdrt-health/mac:02010b41cdec/antenna/tag/e2806894000050038661fd4f, 83
1652710684.115467, sdrt-health/mac:02010b41cdec/antenna/tag/e28068940000400386621d4f, 90
1652710684.174093, sdrt-health/mac:02010b41cdec/antenna/tag/e28068940000400386621d4f, 90
1652710684.174616, sdrt-health/mac:02010b41cdec/antenna/tag/e2806894000050038661fd4f, 86
1652710684.218108, sdrt-health/mac:02010b41cdec/antenna/tag/e2806894000050038661fd4f, 86
1652710684.290709, sdrt-health/mac:02010b41cdec/antenna/tag/e28068940000400386621d4f, 90
1652710684.291236, sdrt-health/mac:02010b41cdec/antenna/tag/e28068940000400386621d4f, 90
1652710684.309263, sdrt-health/mac:02010b41cdec/antenna/tag/e2806894000050038662154f, 88
1652710684.347297, sdrt-health/mac:02010b41cdec/antenna/tag/e2806894000040038662114f, 97
1652710684.418803, sdrt-health/mac:02010b41cdec/antenna/tag/e2806894000050038662154f, 85
1652710684.419276, sdrt-health/mac:02010b41cdec/antenna/tag/e28068940000400386621d4f, 96
1652710684.419648, sdrt-health/mac:02010b41cdec/antenna/tag/e28068940000400386621d4f, 77
1652710684.434214, sdrt-health/mac:02010b41cdec/antenna/tag/e2806894000040038661f94f, 81
1652710684.434762, sdrt-health/mac:02010b41cdec/antenna/tag/e28068940000400386621d4f, 77
1652710684.447543, sdrt-health/mac:02010b41cdec/antenna/tag/e28068940000400386621d4f, 77
1652710684.490662, sdrt-health/mac:02010b41cdec/antenna/tag/e2806894000040038662114f, 88
1652710684.536302, sdrt-health/mac:02010b41cdec/antenna/tag/e28068940000400386621d4f, 77
1652710684.58953, sdrt-health/mac:02010b41cdec/antenna/tag/e2806894000050038662154f, 91
1652710684.657301, sdrt-health/mac:02010b41cdec/antenna/tag/e2806894000050038661fd4f, 86
1652710684.657895, sdrt-health/mac:02010b41cdec/antenna/tag/e28068940000400386621d4f, 96
1652710684.658312, sdrt-health/mac:02010b41cdec/antenna/tag/e28068940000400386621d4f, 77
1652710684.686906, sdrt-health/mac:02010b41cdec/antenna/tag/e2806894000050038662194f, 81
1652710684.755589, sdrt-health/mac:02010b41cdec/antenna/tag/e2806894000050038662194f, 83
1652710684.756091, sdrt-health/mac:02010b41cdec/antenna/tag/e2806894000050038662154f, 91
1652710684.770704, sdrt-health/mac:02010b41cdec/antenna/tag/e2806894000040038662114f, 88
1652710684.786452, sdrt-health/mac:02010b41cdec/antenna/tag/e2806894000040038662114f, 88
1652710684.813083, sdrt-health/mac:02010b41cdec/antenna/tag/e2806894000050038662154f, 85
1652710684.813341, sdrt-health/mac:02010b41cdec/antenna/tag/e28068940000400386621d4f, 77
1652710684.843226, sdrt-health/mac:02010b41cdec/antenna/tag/e2806894000040038662114f, 88
1652710684.937129, sdrt-health/mac:02010b41cdec/antenna/tag/e2806894000040038661f94f, 88
1652710684.937628, sdrt-health/mac:02010b41cdec/antenna/tag/e2806894000040038662114f, 88
1652710684.971224, sdrt-health/mac:02010b41cdec/antenna/tag/e2806894000050038662154f, 97
1652710685.015925, sdrt-health/mac:02010b41cdec/antenna/tag/e2806894000050038662154f, 91
1652710685.06698, sdrt-health/mac:02010b41cdec/antenna/tag/e2806894000040038662114f, 88
1652710685.096728, sdrt-health/mac:02010b41cdec/antenna/tag/e2806894000050038662154f, 91
1652710685.097537, sdrt-health/mac:02010b41cdec/antenna/tag/e2806894000050038661fd4f, 86
1652710685.12286, sdrt-health/mac:02010b41cdec/antenna/tag/e2806894000050038661fd4f, 86
1652710685.165908, sdrt-health/mac:02010b41cdec/antenna/tag/e2806894000050038661fd4f, 86
1652710685.235982, sdrt-health/mac:02010b41cdec/antenna/tag/e28068940000400386621d4f, 96
1652710685.237612, sdrt-health/mac:02010b41cdec/antenna/tag/e2806894000050038662154f, 91
1652710685.249614, sdrt-health/mac:02010b41cdec/antenna/tag/e2806894000040038662114f, 88
1652710685.284223, sdrt-health/mac:02010b41cdec/antenna/tag/e2806894000050038662154f, 91
1652710685.326784, sdrt-health/mac:02010b41cdec/antenna/tag/e2806894000050038662154f, 85
1652710685.386109, sdrt-health/mac:02010b41cdec/antenna/tag/e2806894000050038662154f, 88
1652710685.386873, sdrt-health/mac:02010b41cdec/antenna/tag/e28068940000400386621d4f, 96
1652710685.423573, sdrt-health/mac:02010b41cdec/antenna/tag/e28068940000400386621d4f, 96
1652710685.452736, sdrt-health/mac:02010b41cdec/antenna/tag/e28068940000400386621d4f, 96
1652710685.453145, sdrt-health/mac:02010b41cdec/antenna/tag/e2806894000050038661fd4f, 86
1652710685.46624, sdrt-health/mac:02010b41cdec/antenna/tag/e2806894000050038662154f, 91
1652710685.46661, sdrt-health/mac:02010b41cdec/antenna/tag/e2806894000040038662114f, 91
1652710685.507113, sdrt-health/mac:02010b41cdec/antenna/tag/e2806894000050038662154f, 88
1652710685.550525, sdrt-health/mac:02010b41cdec/antenna/tag/e2806894000050038662154f, 88
1652710685.60595, sdrt-health/mac:02010b41cdec/antenna/tag/e2806894000050038661fd4f, 86
1652710685.606413, sdrt-health/mac:02010b41cdec/antenna/tag/e28068940000400386621d4f, 90
1652710685.619474, sdrt-health/mac:02010b41cdec/antenna/tag/e2806894000050038662154f, 88
1652710685.619994, sdrt-health/mac:02010b41cdec/antenna/tag/e2806894000040038662114f, 91
1652710685.664797, sdrt-health/mac:02010b41cdec/antenna/tag/e2806894000050038662194f, 88
1652710685.71672, sdrt-health/mac:02010b41cdec/antenna/tag/e2806894000040038662054f, 88
1652710685.717271, sdrt-health/mac:02010b41cdec/antenna/tag/e2806894000040038662114f, 88
1652710685.732724, sdrt-health/mac:02010b41cdec/antenna/tag/e2806894000050038661fd4f, 83
1652710685.733217, sdrt-health/mac:02010b41cdec/antenna/tag/e2806894000050038662194f, 88
1652710685.764251, sdrt-health/mac:02010b41cdec/antenna/tag/e2806894000050038662194f, 88
1652710685.814551, sdrt-health/mac:02010b41cdec/antenna/tag/e28068940000400386621d4f, 96
1652710685.875114, sdrt-health/mac:02010b41cdec/antenna/tag/e2806894000040038662214f, 81
1652710685.903757, sdrt-health/mac:02010b41cdec/antenna/tag/e2806894000040038661f94f, 88
1652710685.904146, sdrt-health/mac:02010b41cdec/antenna/tag/e28068940000400386621d4f, 77
1652710685.923928, sdrt-health/mac:02010b41cdec/antenna/tag/e2806894000050038662154f, 88
1652710685.976139, sdrt-health/mac:02010b41cdec/antenna/tag/e2806894000040038662114f, 88
1652710686.004208, sdrt-health/mac:02010b41cdec/antenna/tag/e28068940000400386621d4f, 96
1652710686.004736, sdrt-health/mac:02010b41cdec/antenna/tag/e28068940000400386621d4f, 96
1652710686.005011, sdrt-health/mac:02010b41cdec/antenna/tag/e2806894000050038661fd4f, 86
1652710686.033064, sdrt-health/mac:02010b41cdec/antenna/tag/e2806894000040038662114f, 88
1652710686.065198, sdrt-health/mac:02010b41cdec/antenna/tag/e2806894000050038661fd4f, 83
1652710686.123187, sdrt-health/mac:02010b41cdec/antenna/tag/e2806894000050038662154f, 91
1652710686.123625, sdrt-health/mac:02010b41cdec/antenna/tag/e2806894000050038661fd4f, 83
1652710686.147364, sdrt-health/mac:02010b41cdec/antenna/tag/e2806894000050038662154f, 88
1652710686.180523, sdrt-health/mac:02010b41cdec/antenna/tag/e2806894000050038661fd4f, 83
1652710686.180854, sdrt-health/mac:02010b41cdec/antenna/tag/e28068940000400386621d4f, 96
1652710686.194205, sdrt-health/mac:02010b41cdec/antenna/tag/e28068940000400386621d4f, 90
1652710686.194451, sdrt-health/mac:02010b41cdec/antenna/tag/e2806894000050038661fd4f, 86
1652710686.221638, sdrt-health/mac:02010b41cdec/antenna/tag/e2806894000050038661fd4f, 86
1652710686.297817, sdrt-health/mac:02010b41cdec/antenna/tag/e2806894000050038661fd4f, 86
1652710686.298318, sdrt-health/mac:02010b41cdec/antenna/tag/e2806894000040038662114f, 97
1652710686.312435, sdrt-health/mac:02010b41cdec/antenna/tag/e2806894000050038662154f, 88
1652710686.331846, sdrt-health/mac:02010b41cdec/antenna/tag/e2806894000050038662154f, 85
1652710686.389446, sdrt-health/mac:02010b41cdec/antenna/tag/e28068940000400386621d4f, 77
1652710686.389942, sdrt-health/mac:02010b41cdec/antenna/tag/e2806894000050038662154f, 93
1652710686.39024, sdrt-health/mac:02010b41cdec/antenna/tag/e28068940000400386621d4f, 77
1652710686.433999, sdrt-health/mac:02010b41cdec/antenna/tag/e2806894000040038662114f, 88
1652710686.434442, sdrt-health/mac:02010b41cdec/antenna/tag/e2806894000050038662194f, 81
1652710686.485653, sdrt-health/mac:02010b41cdec/antenna/tag/e2806894000050038662194f, 83
1652710686.518191, sdrt-health/mac:02010b41cdec/antenna/tag/e2806894000050038662194f, 83
1652710686.518566, sdrt-health/mac:02010b41cdec/antenna/tag/e2806894000050038662154f, 88
1652710686.53548, sdrt-health/mac:02010b41cdec/antenna/tag/e2806894000050038662194f, 83
1652710686.563693, sdrt-health/mac:02010b41cdec/antenna/tag/e2806894000050038661fd4f, 86
1652710686.563948, sdrt-health/mac:02010b41cdec/antenna/tag/e28068940000400386621d4f, 96
1652710686.586898, sdrt-health/mac:02010b41cdec/antenna/tag/e2806894000050038662154f, 88
1652710686.636246, sdrt-health/mac:02010b41cdec/antenna/tag/e28068940000400386621d4f, 96
1652710686.636744, sdrt-health/mac:02010b41cdec/antenna/tag/e2806894000040038662114f, 88
1652710686.676894, sdrt-health/mac:02010b41cdec/antenna/tag/e2806894000040038662114f, 88
1652710686.749707, sdrt-health/mac:02010b41cdec/antenna/tag/e2806894000050038662154f, 91
1652710686.750242, sdrt-health/mac:02010b41cdec/antenna/tag/e2806894000050038662154f, 85
1652710686.767677, sdrt-health/mac:02010b41cdec/antenna/tag/e2806894000040038662114f, 88
1652710686.770029, sdrt-health/mac:02010b41cdec/antenna/tag/e28068940000400386621d4f, 96
1652710686.783171, sdrt-health/mac:02010b41cdec/antenna/tag/e2806894000040038662114f, 91
1652710686.825714, sdrt-health/mac:02010b41cdec/antenna/tag/e2806894000050038661fd4f, 83
1652710686.826346, sdrt-health/mac:02010b41cdec/antenna/tag/e2806894000040038662114f, 91
1652710686.866661, sdrt-health/mac:02010b41cdec/antenna/tag/e2806894000040038662114f, 97
1652710686.907812, sdrt-health/mac:02010b41cdec/antenna/tag/e2806894000040038662114f, 91
1652710686.978763, sdrt-health/mac:02010b41cdec/antenna/tag/e2806894000050038661fd4f, 86
1652710686.979256, sdrt-health/mac:02010b41cdec/antenna/tag/e2806894000050038662154f, 85
1652710686.979595, sdrt-health/mac:02010b41cdec/antenna/tag/e2806894000050038661fd4f, 86
1652710687.015895, sdrt-health/mac:02010b41cdec/antenna/tag/e2806894000050038661fd4f, 83
1652710687.087392, sdrt-health/mac:02010b41cdec/antenna/tag/e2806894000040038662214f, 94
1652710687.087901, sdrt-health/mac:02010b41cdec/antenna/tag/e2806894000050038662154f, 88
1652710687.126807, sdrt-health/mac:02010b41cdec/antenna/tag/e2806894000050038662154f, 93
1652710687.181969, sdrt-health/mac:02010b41cdec/antenna/tag/e28068940000400386621d4f, 96
1652710687.182433, sdrt-health/mac:02010b41cdec/antenna/tag/e2806894000050038662194f, 88
1652710687.19913, sdrt-health/mac:02010b41cdec/antenna/tag/e2806894000050038661fd4f, 86
1652710687.235991, sdrt-health/mac:02010b41cdec/antenna/tag/e2806894000040038662114f, 88
1652710687.236412, sdrt-health/mac:02010b41cdec/antenna/tag/e2806894000050038661fd4f, 83
1652710687.3149, sdrt-health/mac:02010b41cdec/antenna/tag/e2806894000040038662114f, 88
1652710687.367935, sdrt-health/mac:02010b41cdec/antenna/tag/e2806894000050038661fd4f, 83
1652710687.399863, sdrt-health/mac:02010b41cdec/antenna/tag/e2806894000050038661fd4f, 86
1652710687.40046, sdrt-health/mac:02010b41cdec/antenna/tag/e2806894000040038662114f, 88
1652710687.415469, sdrt-health/mac:02010b41cdec/antenna/tag/e28068940000400386621d4f, 90
1652710687.465398, sdrt-health/mac:02010b41cdec/antenna/tag/e2806894000050038662154f, 88
1652710687.508492, sdrt-health/mac:02010b41cdec/antenna/tag/e2806894000050038662154f, 85
1652710687.535483, sdrt-health/mac:02010b41cdec/antenna/tag/e2806894000040038662114f, 85
1652710687.535825, sdrt-health/mac:02010b41cdec/antenna/tag/e2806894000050038662194f, 84
1652710687.536167, sdrt-health/mac:02010b41cdec/antenna/tag/e2806894000050038662154f, 85
1652710687.563866, sdrt-health/mac:02010b41cdec/antenna/tag/e28068940000400386621d4f, 77
1652710687.611993, sdrt-health/mac:02010b41cdec/antenna/tag/e2806894000040038662114f, 88
1652710687.657914, sdrt-health/mac:02010b41cdec/antenna/tag/e2806894000050038661fd4f, 86
1652710687.687829, sdrt-health/mac:02010b41cdec/antenna/tag/e2806894000040038662114f, 91
1652710687.688234, sdrt-health/mac:02010b41cdec/antenna/tag/e2806894000050038662154f, 88
1652710687.713122, sdrt-health/mac:02010b41cdec/antenna/tag/e2806894000050038661fd4f, 86
1652710687.763961, sdrt-health/mac:02010b41cdec/antenna/tag/e2806894000050038661fd4f, 86
1652710687.821522, sdrt-health/mac:02010b41cdec/antenna/tag/e28068940000400386621d4f, 90
1652710687.822059, sdrt-health/mac:02010b41cdec/antenna/tag/e2806894000040038662114f, 97
1652710687.842297, sdrt-health/mac:02010b41cdec/antenna/tag/e2806894000050038662154f, 88
1652710687.875523, sdrt-health/mac:02010b41cdec/antenna/tag/e2806894000040038662114f, 91
1652710687.941877, sdrt-health/mac:02010b41cdec/antenna/tag/e2806894000050038661fd4f, 83
1652710687.969545, sdrt-health/mac:02010b41cdec/antenna/tag/e2806894000050038662194f, 94
1652710687.970114, sdrt-health/mac:02010b41cdec/antenna/tag/e2806894000050038662154f, 85
1652710688.019441, sdrt-health/mac:02010b41cdec/antenna/tag/e2806894000040038662114f, 91
1652710688.069007, sdrt-health/mac:02010b41cdec/antenna/tag/e28068940000400386621d4f, 90
1652710688.12343, sdrt-health/mac:02010b41cdec/antenna/tag/e2806894000040038662114f, 91
1652710688.123892, sdrt-health/mac:02010b41cdec/antenna/tag/e28068940000400386621d4f, 90
1652710688.137775, sdrt-health/mac:02010b41cdec/antenna/tag/e2806894000050038661fd4f, 86
1652710688.146092, sdrt-health/mac:02010b41cdec/antenna/tag/e2806894000050038661fd4f, 86
1652710688.186476, sdrt-health/mac:02010b41cdec/antenna/tag/e2806894000040038662114f, 91
1652710688.187275, sdrt-health/mac:02010b41cdec/antenna/tag/e2806894000040038662114f, 83
1652710688.246496, sdrt-health/mac:02010b41cdec/antenna/tag/e2806894000050038661fd4f, 86
1652710688.303558, sdrt-health/mac:02010b41cdec/antenna/tag/e2806894000040038662114f, 91
1652710688.303935, sdrt-health/mac:02010b41cdec/antenna/tag/e28068940000500386620d4f, 84
1652710688.316544, sdrt-health/mac:02010b41cdec/antenna/tag/e2806894000040038662114f, 88
1652710688.316908, sdrt-health/mac:02010b41cdec/antenna/tag/e2806894000050038661fd4f, 83
1652710688.354535, sdrt-health/mac:02010b41cdec/antenna/tag/e2806894000050038661fd4f, 83
1652710688.41857, sdrt-health/mac:02010b41cdec/antenna/tag/e2806894000050038661fd4f, 86
1652710688.419081, sdrt-health/mac:02010b41cdec/antenna/tag/e2806894000050038661fd4f, 83
1652710688.462658, sdrt-health/mac:02010b41cdec/antenna/tag/e2806894000040038662114f, 91
1652710688.493856, sdrt-health/mac:02010b41cdec/antenna/tag/e2806894000050038662154f, 85
1652710688.494147, sdrt-health/mac:02010b41cdec/antenna/tag/e2806894000050038661fd4f, 83
1652710688.507753, sdrt-health/mac:02010b41cdec/antenna/tag/e2806894000040038662114f, 88
1652710688.544161, sdrt-health/mac:02010b41cdec/antenna/tag/e2806894000040038662114f, 88
1652710688.587021, sdrt-health/mac:02010b41cdec/antenna/tag/e2806894000050038662154f, 88
1652710688.641844, sdrt-health/mac:02010b41cdec/antenna/tag/e28068940000400386621d4f, 77
1652710688.64233, sdrt-health/mac:02010b41cdec/antenna/tag/e2806894000040038662114f, 91
1652710688.673926, sdrt-health/mac:02010b41cdec/antenna/tag/e2806894000040038662114f, 88
1652710688.730125, sdrt-health/mac:02010b41cdec/antenna/tag/e2806894000040038662114f, 88
1652710688.767466, sdrt-health/mac:02010b41cdec/antenna/tag/e2806894000050038661fd4f, 83
1652710688.82815, sdrt-health/mac:02010b41cdec/antenna/tag/e28068940000400386621d4f, 96
1652710688.828638, sdrt-health/mac:02010b41cdec/antenna/tag/e2806894000050038661fd4f, 83
1652710688.855836, sdrt-health/mac:02010b41cdec/antenna/tag/e2806894000050038661fd4f, 83
1652710688.907147, sdrt-health/mac:02010b41cdec/antenna/tag/e28068940000400386621d4f, 96
1652710688.947373, sdrt-health/mac:02010b41cdec/antenna/tag/e2806894000050038662154f, 88
1652710688.977015, sdrt-health/mac:02010b41cdec/antenna/tag/e2806894000040038662114f, 88
1652710688.977358, sdrt-health/mac:02010b41cdec/antenna/tag/e2806894000050038661fd4f, 86
1652710688.995877, sdrt-health/mac:02010b41cdec/antenna/tag/e2806894000050038661fd4f, 86
1652710689.025322, sdrt-health/mac:02010b41cdec/antenna/tag/e2806894000040038662114f, 91
1652710689.025623, sdrt-health/mac:02010b41cdec/antenna/tag/e28068940000400386621d4f, 96
1652710689.044057, sdrt-health/mac:02010b41cdec/antenna/tag/e28068940000400386621d4f, 90
1652710689.08634, sdrt-health/mac:02010b41cdec/antenna/tag/e2806894000050038661fd4f, 86
1652710689.168968, sdrt-health/mac:02010b41cdec/antenna/tag/e2806894000050038662154f, 85
1652710689.169501, sdrt-health/mac:02010b41cdec/antenna/tag/e28068940000400386621d4f, 90
1652710689.182579, sdrt-health/mac:02010b41cdec/antenna/tag/e2806894000050038661fd4f, 86
1652710689.192343, sdrt-health/mac:02010b41cdec/antenna/tag/e28068940000400386621d4f, 96
1652710689.195668, sdrt-health/mac:02010b41cdec/antenna/tag/e2806894000050038661fd4f, 86
1652710689.195942, sdrt-health/mac:02010b41cdec/antenna/tag/e2806894000050038662154f, 85
1652710689.236005, sdrt-health/mac:02010b41cdec/antenna/tag/e2806894000040038662114f, 97
1652710689.299206, sdrt-health/mac:02010b41cdec/antenna/tag/e2806894000050038662154f, 91
1652710689.299751, sdrt-health/mac:02010b41cdec/antenna/tag/e28068940000400386621d4f, 90
1652710689.314257, sdrt-health/mac:02010b41cdec/antenna/tag/e2806894000050038662194f, 83
1652710689.343342, sdrt-health/mac:02010b41cdec/antenna/tag/e28068940000400386621d4f, 96
1652710689.343702, sdrt-health/mac:02010b41cdec/antenna/tag/e2806894000050038662154f, 91
1652710689.39428, sdrt-health/mac:02010b41cdec/antenna/tag/e2806894000050038662154f, 88
1652710689.466137, sdrt-health/mac:02010b41cdec/antenna/tag/e28068940000400386621d4f, 96
1652710689.466483, sdrt-health/mac:02010b41cdec/antenna/tag/e28068940000400386621d4f, 96
1652710689.466704, sdrt-health/mac:02010b41cdec/antenna/tag/e2806894000050038662194f, 81
1652710689.487008, sdrt-health/mac:02010b41cdec/antenna/tag/e2806894000040038662114f, 88
1652710689.547868, sdrt-health/mac:02010b41cdec/antenna/tag/e2806894000050038662154f, 88
1652710689.548264, sdrt-health/mac:02010b41cdec/antenna/tag/e2806894000050038661fd4f, 86
1652710689.596383, sdrt-health/mac:02010b41cdec/antenna/tag/e2806894000040038662114f, 85
1652710689.666281, sdrt-health/mac:02010b41cdec/antenna/tag/e28068940000400386621d4f, 77
1652710689.666742, sdrt-health/mac:02010b41cdec/antenna/tag/e28068940000400386621d4f, 77
1652710689.679347, sdrt-health/mac:02010b41cdec/antenna/tag/e2806894000040038662114f, 88
1652710689.706708, sdrt-health/mac:02010b41cdec/antenna/tag/e2806894000050038661fd4f, 83
1652710689.707087, sdrt-health/mac:02010b41cdec/antenna/tag/e2806894000050038662154f, 91
1652710689.746417, sdrt-health/mac:02010b41cdec/antenna/tag/e28068940000400386621d4f, 96
1652710689.773915, sdrt-health/mac:02010b41cdec/antenna/tag/e2806894000050038662154f, 88
1652710689.77421, sdrt-health/mac:02010b41cdec/antenna/tag/e2806894000050038662194f, 83
1652710689.790123, sdrt-health/mac:02010b41cdec/antenna/tag/e2806894000050038662194f, 83
1652710689.822049, sdrt-health/mac:02010b41cdec/antenna/tag/e2806894000050038661fd4f, 86
1652710689.822387, sdrt-health/mac:02010b41cdec/antenna/tag/e28068940000400386621d4f, 96
1652710689.859144, sdrt-health/mac:02010b41cdec/antenna/tag/e2806894000050038662154f, 88
1652710689.91152, sdrt-health/mac:02010b41cdec/antenna/tag/e2806894000040038662114f, 88
1652710689.939187, sdrt-health/mac:02010b41cdec/antenna/tag/e2806894000050038661fd4f, 83
1652710689.939663, sdrt-health/mac:02010b41cdec/antenna/tag/e2806894000050038662154f, 88
1652710689.953364, sdrt-health/mac:02010b41cdec/antenna/tag/e2806894000050038661fd4f, 83
1652710690.012072, sdrt-health/mac:02010b41cdec/antenna/tag/e2806894000040038662114f, 91
1652710690.069643, sdrt-health/mac:02010b41cdec/antenna/tag/e28068940000400386621d4f, 96
1652710690.070122, sdrt-health/mac:02010b41cdec/antenna/tag/e2806894000040038662114f, 88
1652710690.083694, sdrt-health/mac:02010b41cdec/antenna/tag/e2806894000050038662154f, 88
1652710690.08391, sdrt-health/mac:02010b41cdec/antenna/tag/e2806894000040038662114f, 88
1652710690.116913, sdrt-health/mac:02010b41cdec/antenna/tag/e2806894000050038661fd4f, 86
1652710690.184809, sdrt-health/mac:02010b41cdec/antenna/tag/e2806894000050038662154f, 91
1652710690.185619, sdrt-health/mac:02010b41cdec/antenna/tag/e2806894000050038661fd4f, 86
1652710690.206444, sdrt-health/mac:02010b41cdec/antenna/tag/e2806894000050038662154f, 88
1652710690.207188, sdrt-health/mac:02010b41cdec/antenna/tag/e2806894000050038661fd4f, 86
1652710690.213073, sdrt-health/mac:02010b41cdec/antenna/tag/e2806894000050038662154f, 91
1652710690.221645, sdrt-health/mac:02010b41cdec/antenna/tag/e2806894000050038661fd4f, 83
1652710690.270972, sdrt-health/mac:02010b41cdec/antenna/tag/e28068940000400386621d4f, 96
1652710690.300775, sdrt-health/mac:02010b41cdec/antenna/tag/e2806894000040038662114f, 88
1652710690.301173, sdrt-health/mac:02010b41cdec/antenna/tag/e2806894000050038661fd4f, 86
1652710690.301436, sdrt-health/mac:02010b41cdec/antenna/tag/e28068940000400386621d4f, 96
1652710690.331665, sdrt-health/mac:02010b41cdec/antenna/tag/e2806894000050038661fd4f, 83
1652710690.388769, sdrt-health/mac:02010b41cdec/antenna/tag/e2806894000050038661fd4f, 83
1652710690.389355, sdrt-health/mac:02010b41cdec/antenna/tag/e2806894000040038661f94f, 84
1652710690.434585, sdrt-health/mac:02010b41cdec/antenna/tag/e28068940000400386621d4f, 77
1652710690.434901, sdrt-health/mac:02010b41cdec/antenna/tag/e2806894000050038662154f, 88
1652710690.449006, sdrt-health/mac:02010b41cdec/antenna/tag/e2806894000050038661fd4f, 83
1652710690.505002, sdrt-health/mac:02010b41cdec/antenna/tag/e2806894000040038662114f, 88
1652710690.584268, sdrt-health/mac:02010b41cdec/antenna/tag/e2806894000040038662114f, 91
1652710690.584731, sdrt-health/mac:02010b41cdec/antenna/tag/e28068940000400386621d4f, 96
1652710690.598916, sdrt-health/mac:02010b41cdec/antenna/tag/e2806894000050038662154f, 88
1652710690.599418, sdrt-health/mac:02010b41cdec/antenna/tag/e2806894000040038662114f, 88
1652710690.599782, sdrt-health/mac:02010b41cdec/antenna/tag/e2806894000050038661fd4f, 83
1652710690.6166, sdrt-health/mac:02010b41cdec/antenna/tag/e2806894000040038662114f, 97
1652710690.68801, sdrt-health/mac:02010b41cdec/antenna/tag/e2806894000050038662154f, 85
1652710690.68851, sdrt-health/mac:02010b41cdec/antenna/tag/e2806894000050038661fd4f, 86
1652710690.702242, sdrt-health/mac:02010b41cdec/antenna/tag/e2806894000040038662114f, 91
1652710690.723792, sdrt-health/mac:02010b41cdec/antenna/tag/e2806894000050038662194f, 88
1652710690.766649, sdrt-health/mac:02010b41cdec/antenna/tag/e2806894000050038662194f, 83
1652710690.821803, sdrt-health/mac:02010b41cdec/antenna/tag/e2806894000050038662154f, 88
1652710690.892629, sdrt-health/mac:02010b41cdec/antenna/tag/e2806894000040038662114f, 91
1652710690.922694, sdrt-health/mac:02010b41cdec/antenna/tag/e2806894000040038662114f, 88
1652710690.923094, sdrt-health/mac:02010b41cdec/antenna/tag/e2806894000040038662214f, 81
1652710690.957126, sdrt-health/mac:02010b41cdec/antenna/tag/e2806894000040038661f94f, 88
1652710690.988713, sdrt-health/mac:02010b41cdec/antenna/tag/e2806894000050038661fd4f, 83
1652710690.989149, sdrt-health/mac:02010b41cdec/antenna/tag/e2806894000050038661fd4f, 83
1652710691.024232, sdrt-health/mac:02010b41cdec/antenna/tag/e28068940000400386621d4f, 96
1652710691.066812, sdrt-health/mac:02010b41cdec/antenna/tag/e2806894000050038662154f, 97
1652710691.120485, sdrt-health/mac:02010b41cdec/antenna/tag/e28068940000400386621d4f, 96
1652710691.120935, sdrt-health/mac:02010b41cdec/antenna/tag/e2806894000040038662114f, 88
1652710691.152728, sdrt-health/mac:02010b41cdec/antenna/tag/e28068940000400386621d4f, 96
1652710691.183961, sdrt-health/mac:02010b41cdec/antenna/tag/e2806894000050038662194f, 81
1652710691.184243, sdrt-health/mac:02010b41cdec/antenna/tag/e2806894000050038662194f, 94
1652710691.210605, sdrt-health/mac:02010b41cdec/antenna/tag/e2806894000040038662114f, 85
1652710691.272916, sdrt-health/mac:02010b41cdec/antenna/tag/e2806894000050038661fd4f, 83
1652710691.273382, sdrt-health/mac:02010b41cdec/antenna/tag/e2806894000040038662114f, 88
1652710691.290896, sdrt-health/mac:02010b41cdec/antenna/tag/e2806894000040038662054f, 88
1652710691.312547, sdrt-health/mac:02010b41cdec/antenna/tag/e2806894000040038662214f, 84
1652710691.359024, sdrt-health/mac:02010b41cdec/antenna/tag/e2806894000050038662154f, 85
1652710691.359318, sdrt-health/mac:02010b41cdec/antenna/tag/e2806894000050038661fd4f, 83
1652710691.359521, sdrt-health/mac:02010b41cdec/antenna/tag/e2806894000040038661f94f, 84
1652710691.366655, sdrt-health/mac:02010b41cdec/antenna/tag/e2806894000040038662114f, 88
1652710691.396184, sdrt-health/mac:02010b41cdec/antenna/tag/e28068940000400386621d4f, 96
1652710691.465571, sdrt-health/mac:02010b41cdec/antenna/tag/e2806894000050038662194f, 94
1652710691.466062, sdrt-health/mac:02010b41cdec/antenna/tag/e2806894000050038662154f, 91
1652710691.495667, sdrt-health/mac:02010b41cdec/antenna/tag/e2806894000040038662114f, 88
1652710691.553743, sdrt-health/mac:02010b41cdec/antenna/tag/e2806894000040038662114f, 91
1652710691.581936, sdrt-health/mac:02010b41cdec/antenna/tag/e2806894000050038661fd4f, 86
1652710691.582242, sdrt-health/mac:02010b41cdec/antenna/tag/e2806894000040038662114f, 88
1652710691.582456, sdrt-health/mac:02010b41cdec/antenna/tag/e2806894000050038662154f, 91
1652710691.614098, sdrt-health/mac:02010b41cdec/antenna/tag/e28068940000400386621d4f, 96
1652710691.669143, sdrt-health/mac:02010b41cdec/antenna/tag/e2806894000050038661fd4f, 86
1652710691.670082, sdrt-health/mac:02010b41cdec/antenna/tag/e28068940000400386621d4f, 96
1652710691.682918, sdrt-health/mac:02010b41cdec/antenna/tag/e2806894000050038661fd4f, 86
1652710691.714872, sdrt-health/mac:02010b41cdec/antenna/tag/e2806894000050038661fd4f, 86
1652710691.71549, sdrt-health/mac:02010b41cdec/antenna/tag/e2806894000050038662154f, 91
1652710691.786365, sdrt-health/mac:02010b41cdec/antenna/tag/e28068940000400386621d4f, 96
1652710691.825798, sdrt-health/mac:02010b41cdec/antenna/tag/e28068940000400386621d4f, 96
1652710691.87521, sdrt-health/mac:02010b41cdec/antenna/tag/e2806894000050038661fd4f, 83
1652710691.938607, sdrt-health/mac:02010b41cdec/antenna/tag/e2806894000050038662154f, 85
1652710691.939096, sdrt-health/mac:02010b41cdec/antenna/tag/e2806894000050038662154f, 91
1652710691.966633, sdrt-health/mac:02010b41cdec/antenna/tag/e2806894000040038662114f, 91
1652710692.030626, sdrt-health/mac:02010b41cdec/antenna/tag/e2806894000050038661fd4f, 86
1652710692.03108, sdrt-health/mac:02010b41cdec/antenna/tag/e28068940000400386621d4f, 90
1652710692.107267, sdrt-health/mac:02010b41cdec/antenna/tag/e2806894000040038662114f, 91
1652710692.194431, sdrt-health/mac:02010b41cdec/antenna/tag/e2806894000040038662114f, 88
1652710692.252344, sdrt-health/mac:02010b41cdec/antenna/tag/e2806894000050038662154f, 85
1652710692.322121, sdrt-health/mac:02010b41cdec/antenna/tag/e2806894000050038662194f, 88
1652710692.322651, sdrt-health/mac:02010b41cdec/antenna/tag/e2806894000050038662154f, 88
1652710692.347944, sdrt-health/mac:02010b41cdec/antenna/tag/e2806894000040038661f94f, 94
1652710692.386066, sdrt-health/mac:02010b41cdec/antenna/tag/e2806894000050038662154f, 85
1652710692.42641, sdrt-health/mac:02010b41cdec/antenna/tag/e28068940000400386621d4f, 96
1652710692.490718, sdrt-health/mac:02010b41cdec/antenna/tag/e2806894000050038661fd4f, 83
1652710692.557982, sdrt-health/mac:02010b41cdec/antenna/tag/e28068940000400386621d4f, 77
1652710692.558565, sdrt-health/mac:02010b41cdec/antenna/tag/e2806894000050038662154f, 91
1652710692.558953, sdrt-health/mac:02010b41cdec/antenna/tag/e28068940000400386621d4f, 96
1652710692.559335, sdrt-health/mac:02010b41cdec/antenna/tag/e2806894000040038662114f, 88
1652710692.586075, sdrt-health/mac:02010b41cdec/antenna/tag/e2806894000040038662114f, 85
1652710692.620275, sdrt-health/mac:02010b41cdec/antenna/tag/e2806894000050038661fd4f, 86
1652710692.690057, sdrt-health/mac:02010b41cdec/antenna/tag/e2806894000050038661fd4f, 83
1652710692.691543, sdrt-health/mac:02010b41cdec/antenna/tag/e28068940000400386621d4f, 96
1652710692.691942, sdrt-health/mac:02010b41cdec/antenna/tag/e2806894000050038662154f, 88
1652710692.736006, sdrt-health/mac:02010b41cdec/antenna/tag/e2806894000050038662154f, 88
1652710692.764867, sdrt-health/mac:02010b41cdec/antenna/tag/e2806894000050038662154f, 88
1652710692.765109, sdrt-health/mac:02010b41cdec/antenna/tag/e2806894000050038662194f, 87
1652710692.785342, sdrt-health/mac:02010b41cdec/antenna/tag/e2806894000040038662114f, 91
1652710692.870251, sdrt-health/mac:02010b41cdec/antenna/tag/e28068940000400386621d4f, 90
1652710692.870756, sdrt-health/mac:02010b41cdec/antenna/tag/e2806894000050038662194f, 81
1652710692.900798, sdrt-health/mac:02010b41cdec/antenna/tag/e2806894000040038662114f, 91
1652710692.980795, sdrt-health/mac:02010b41cdec/antenna/tag/e2806894000040038662114f, 91
1652710692.981293, sdrt-health/mac:02010b41cdec/antenna/tag/e2806894000050038661fd4f, 83
1652710693.001066, sdrt-health/mac:02010b41cdec/antenna/tag/e28068940000400386621d4f, 90
1652710693.001366, sdrt-health/mac:02010b41cdec/antenna/tag/e2806894000050038662194f, 81
1652710693.001636, sdrt-health/mac:02010b41cdec/antenna/tag/e2806894000050038662154f, 97
1652710693.047325, sdrt-health/mac:02010b41cdec/antenna/tag/e2806894000040038662114f, 91
1652710693.110021, sdrt-health/mac:02010b41cdec/antenna/tag/e2806894000050038662154f, 88
1652710693.110569, sdrt-health/mac:02010b41cdec/antenna/tag/e2806894000050038662154f, 88
1652710693.147592, sdrt-health/mac:02010b41cdec/antenna/tag/e2806894000040038662114f, 88
1652710693.200054, sdrt-health/mac:02010b41cdec/antenna/tag/e2806894000050038662154f, 88
1652710693.200575, sdrt-health/mac:02010b41cdec/antenna/tag/e2806894000040038662114f, 88
1652710693.228237, sdrt-health/mac:02010b41cdec/antenna/tag/e2806894000050038662194f, 83
1652710693.305113, sdrt-health/mac:02010b41cdec/antenna/tag/e2806894000050038661fd4f, 83
1652710693.305603, sdrt-health/mac:02010b41cdec/antenna/tag/e2806894000050038662154f, 88
1652710693.343907, sdrt-health/mac:02010b41cdec/antenna/tag/e2806894000040038662114f, 91
1652710693.413198, sdrt-health/mac:02010b41cdec/antenna/tag/e2806894000050038662154f, 93
1652710693.41367, sdrt-health/mac:02010b41cdec/antenna/tag/e2806894000040038662114f, 88
1652710693.428098, sdrt-health/mac:02010b41cdec/antenna/tag/e2806894000050038661fd4f, 83
1652710693.460488, sdrt-health/mac:02010b41cdec/antenna/tag/e2806894000050038662154f, 91
1652710693.52607, sdrt-health/mac:02010b41cdec/antenna/tag/e2806894000040038662214f, 81
1652710693.619459, sdrt-health/mac:02010b41cdec/antenna/tag/e2806894000040038662214f, 81
1652710693.619954, sdrt-health/mac:02010b41cdec/antenna/tag/e28068940000400386621d4f, 96
1652710693.640737, sdrt-health/mac:02010b41cdec/antenna/tag/e2806894000050038662194f, 94
1652710693.717695, sdrt-health/mac:02010b41cdec/antenna/tag/e2806894000050038661fd4f, 83
1652710693.750023, sdrt-health/mac:02010b41cdec/antenna/tag/e2806894000040038662114f, 88
1652710693.75044, sdrt-health/mac:02010b41cdec/antenna/tag/e2806894000050038661fd4f, 83
1652710693.767455, sdrt-health/mac:02010b41cdec/antenna/tag/e2806894000050038661fd4f, 86
1652710693.844794, sdrt-health/mac:02010b41cdec/antenna/tag/e2806894000040038662114f, 88
1652710693.845368, sdrt-health/mac:02010b41cdec/antenna/tag/e2806894000050038662194f, 88
1652710693.858274, sdrt-health/mac:02010b41cdec/antenna/tag/e2806894000050038662154f, 85
1652710693.875049, sdrt-health/mac:02010b41cdec/antenna/tag/e2806894000050038662154f, 88
1652710693.875512, sdrt-health/mac:02010b41cdec/antenna/tag/e28068940000500386620d4f, 88
1652710693.875678, sdrt-health/mac:02010b41cdec/antenna/tag/e28068940000400386621d4f, 96
1652710693.932741, sdrt-health/mac:02010b41cdec/antenna/tag/e2806894000040038662114f, 88
1652710693.986531, sdrt-health/mac:02010b41cdec/antenna/tag/e2806894000040038662114f, 88
1652710694.0274, sdrt-health/mac:02010b41cdec/antenna/tag/e2806894000050038662154f, 93
1652710694.091054, sdrt-health/mac:02010b41cdec/antenna/tag/e2806894000050038662154f, 93
1652710694.150818, sdrt-health/mac:02010b41cdec/antenna/tag/e2806894000050038662194f, 88
1652710694.151283, sdrt-health/mac:02010b41cdec/antenna/tag/e28068940000400386621d4f, 77
1652710694.151849, sdrt-health/mac:02010b41cdec/antenna/tag/e28068940000400386621d4f, 90
1652710694.206054, sdrt-health/mac:02010b41cdec/antenna/tag/e2806894000050038662154f, 85
1652710694.234823, sdrt-health/mac:02010b41cdec/antenna/tag/e2806894000050038662194f, 94
1652710694.235266, sdrt-health/mac:02010b41cdec/antenna/tag/e28068940000400386621d4f, 90
1652710694.235564, sdrt-health/mac:02010b41cdec/antenna/tag/e2806894000040038662114f, 97
1652710694.269386, sdrt-health/mac:02010b41cdec/antenna/tag/e2806894000050038662194f, 88
1652710694.345179, sdrt-health/mac:02010b41cdec/antenna/tag/e2806894000050038662194f, 83
1652710694.345513, sdrt-health/mac:02010b41cdec/antenna/tag/e28068940000400386621d4f, 96
1652710694.359106, sdrt-health/mac:02010b41cdec/antenna/tag/e2806894000040038662114f, 91
1652710694.385961, sdrt-health/mac:02010b41cdec/antenna/tag/e28068940000400386621d4f, 90
1652710694.456796, sdrt-health/mac:02010b41cdec/antenna/tag/e28068940000400386621d4f, 77
1652710694.457282, sdrt-health/mac:02010b41cdec/antenna/tag/e2806894000040038662114f, 88
1652710694.457517, sdrt-health/mac:02010b41cdec/antenna/tag/e2806894000050038662154f, 88
1652710694.457771, sdrt-health/mac:02010b41cdec/antenna/tag/e2806894000040038662114f, 85
1652710694.510201, sdrt-health/mac:02010b41cdec/antenna/tag/e2806894000040038662114f, 88
1652710694.566838, sdrt-health/mac:02010b41cdec/antenna/tag/e2806894000040038662114f, 91
1652710694.621489, sdrt-health/mac:02010b41cdec/antenna/tag/e28068940000400386621d4f, 96
1652710694.621916, sdrt-health/mac:02010b41cdec/antenna/tag/e2806894000040038662114f, 91
1652710694.62226, sdrt-health/mac:02010b41cdec/antenna/tag/e28068940000400386621d4f, 96
1652710694.635857, sdrt-health/mac:02010b41cdec/antenna/tag/e2806894000040038662114f, 91
1652710694.65391, sdrt-health/mac:02010b41cdec/antenna/tag/e2806894000050038662154f, 88
1652710694.681381, sdrt-health/mac:02010b41cdec/antenna/tag/e2806894000040038662114f, 83
1652710694.681839, sdrt-health/mac:02010b41cdec/antenna/tag/e2806894000050038661fd4f, 86
1652710694.682012, sdrt-health/mac:02010b41cdec/antenna/tag/e2806894000050038662194f, 83
1652710694.706455, sdrt-health/mac:02010b41cdec/antenna/tag/e28068940000400386621d4f, 90
1652710694.739558, sdrt-health/mac:02010b41cdec/antenna/tag/e2806894000040038662114f, 97
1652710694.739811, sdrt-health/mac:02010b41cdec/antenna/tag/e2806894000050038661fd4f, 86
1652710694.753485, sdrt-health/mac:02010b41cdec/antenna/tag/e2806894000050038661fd4f, 83
1652710694.806172, sdrt-health/mac:02010b41cdec/antenna/tag/e2806894000050038662194f, 81
1652710694.84694, sdrt-health/mac:02010b41cdec/antenna/tag/e28068940000400386621d4f, 96
1652710694.928496, sdrt-health/mac:02010b41cdec/antenna/tag/e2806894000040038662114f, 97
1652710694.972725, sdrt-health/mac:02010b41cdec/antenna/tag/e2806894000050038661fd4f, 83
1652710694.999323, sdrt-health/mac:02010b41cdec/antenna/tag/e28068940000400386621d4f, 96
1652710694.999565, sdrt-health/mac:02010b41cdec/antenna/tag/e2806894000050038662194f, 83
1652710695.025462, sdrt-health/mac:02010b41cdec/antenna/tag/e2806894000050038662194f, 81
1652710695.113154, sdrt-health/mac:02010b41cdec/antenna/tag/e2806894000050038662194f, 81
1652710695.142825, sdrt-health/mac:02010b41cdec/antenna/tag/e28068940000400386621d4f, 96
1652710695.143187, sdrt-health/mac:02010b41cdec/antenna/tag/e2806894000040038662114f, 91
1652710695.165186, sdrt-health/mac:02010b41cdec/antenna/tag/e2806894000050038661fd4f, 83
1652710695.245842, sdrt-health/mac:02010b41cdec/antenna/tag/e28068940000400386621d4f, 77
1652710695.246227, sdrt-health/mac:02010b41cdec/antenna/tag/e2806894000050038662154f, 91
1652710695.26071, sdrt-health/mac:02010b41cdec/antenna/tag/e28068940000400386621d4f, 96
1652710695.305065, sdrt-health/mac:02010b41cdec/antenna/tag/e2806894000050038661fd4f, 83
1652710695.305561, sdrt-health/mac:02010b41cdec/antenna/tag/e2806894000050038661fd4f, 83
1652710695.352338, sdrt-health/mac:02010b41cdec/antenna/tag/e2806894000040038662114f, 88
1652710695.352938, sdrt-health/mac:02010b41cdec/antenna/tag/e2806894000040038662114f, 88
1652710695.353563, sdrt-health/mac:02010b41cdec/antenna/tag/e2806894000050038662154f, 85
1652710695.389542, sdrt-health/mac:02010b41cdec/antenna/tag/e2806894000040038662114f, 88
1652710695.444714, sdrt-health/mac:02010b41cdec/antenna/tag/e2806894000050038661fd4f, 86
1652710695.489563, sdrt-health/mac:02010b41cdec/antenna/tag/e28068940000400386621d4f, 96
1652710695.525933, sdrt-health/mac:02010b41cdec/antenna/tag/e2806894000050038662154f, 91
1652710695.526197, sdrt-health/mac:02010b41cdec/antenna/tag/e2806894000040038662114f, 91
1652710695.526423, sdrt-health/mac:02010b41cdec/antenna/tag/e28068940000400386621d4f, 96
1652710695.553173, sdrt-health/mac:02010b41cdec/antenna/tag/e2806894000050038661fd4f, 86
1652710695.620621, sdrt-health/mac:02010b41cdec/antenna/tag/e28068940000400386621d4f, 96
1652710695.621198, sdrt-health/mac:02010b41cdec/antenna/tag/e28068940000400386621d4f, 90
1652710695.621554, sdrt-health/mac:02010b41cdec/antenna/tag/e2806894000040038662114f, 97
1652710695.621889, sdrt-health/mac:02010b41cdec/antenna/tag/e2806894000050038661fd4f, 86
1652710695.668064, sdrt-health/mac:02010b41cdec/antenna/tag/e2806894000050038662194f, 81
1652710695.713858, sdrt-health/mac:02010b41cdec/antenna/tag/e28068940000400386621d4f, 96
1652710695.764611, sdrt-health/mac:02010b41cdec/antenna/tag/e2806894000050038661fd4f, 86
1652710695.814053, sdrt-health/mac:02010b41cdec/antenna/tag/e2806894000050038661fd4f, 97
1652710695.878742, sdrt-health/mac:02010b41cdec/antenna/tag/e2806894000050038662154f, 97
1652710695.947352, sdrt-health/mac:02010b41cdec/antenna/tag/e2806894000050038661fd4f, 83
1652710695.947868, sdrt-health/mac:02010b41cdec/antenna/tag/e28068940000400386621d4f, 96
1652710695.948307, sdrt-health/mac:02010b41cdec/antenna/tag/e2806894000050038661fd4f, 83
1652710696.010622, sdrt-health/mac:02010b41cdec/antenna/tag/e28068940000400386621d4f, 96
1652710696.038704, sdrt-health/mac:02010b41cdec/antenna/tag/e28068940000400386621d4f, 96
1652710696.039031, sdrt-health/mac:02010b41cdec/antenna/tag/e2806894000050038662194f, 83
1652710696.039234, sdrt-health/mac:02010b41cdec/antenna/tag/e2806894000050038662154f, 85
1652710696.05892, sdrt-health/mac:02010b41cdec/antenna/tag/e2806894000050038662194f, 81
1652710696.085841, sdrt-health/mac:02010b41cdec/antenna/tag/e2806894000050038661fd4f, 86
1652710696.086276, sdrt-health/mac:02010b41cdec/antenna/tag/e2806894000050038661fd4f, 83
1652710696.117297, sdrt-health/mac:02010b41cdec/antenna/tag/e2806894000040038662114f, 88
1652710696.145769, sdrt-health/mac:02010b41cdec/antenna/tag/e2806894000050038661fd4f, 83
1652710696.14623, sdrt-health/mac:02010b41cdec/antenna/tag/e2806894000050038662154f, 91
1652710696.164008, sdrt-health/mac:02010b41cdec/antenna/tag/e28068940000400386621d4f, 96
1652710696.223924, sdrt-health/mac:02010b41cdec/antenna/tag/e2806894000050038662154f, 91
1652710696.22439, sdrt-health/mac:02010b41cdec/antenna/tag/e2806894000050038661fd4f, 86
1652710696.239411, sdrt-health/mac:02010b41cdec/antenna/tag/e2806894000040038662114f, 91
1652710696.253887, sdrt-health/mac:02010b41cdec/antenna/tag/e28068940000400386621d4f, 90
1652710696.304102, sdrt-health/mac:02010b41cdec/antenna/tag/e28068940000400386621d4f, 96
1652710696.362756, sdrt-health/mac:02010b41cdec/antenna/tag/e2806894000050038662194f, 83
1652710696.363218, sdrt-health/mac:02010b41cdec/antenna/tag/e2806894000040038662114f, 88
1652710696.377577, sdrt-health/mac:02010b41cdec/antenna/tag/e2806894000050038662154f, 88
1652710696.4116, sdrt-health/mac:02010b41cdec/antenna/tag/e2806894000050038662154f, 88
1652710696.457347, sdrt-health/mac:02010b41cdec/antenna/tag/e2806894000050038661fd4f, 83
1652710696.517006, sdrt-health/mac:02010b41cdec/antenna/tag/e2806894000050038661fd4f, 83
1652710696.554107, sdrt-health/mac:02010b41cdec/antenna/tag/e2806894000040038662114f, 88
1652710696.554606, sdrt-health/mac:02010b41cdec/antenna/tag/e28068940000400386621d4f, 96
1652710696.573605, sdrt-health/mac:02010b41cdec/antenna/tag/e2806894000050038662154f, 88
1652710696.637278, sdrt-health/mac:02010b41cdec/antenna/tag/e28068940000400386621d4f, 96
1652710696.637742, sdrt-health/mac:02010b41cdec/antenna/tag/e28068940000400386621d4f, 96
1652710696.638123, sdrt-health/mac:02010b41cdec/antenna/tag/e2806894000040038662114f, 88
1652710696.63849, sdrt-health/mac:02010b41cdec/antenna/tag/e28068940000400386621d4f, 96
1652710696.670645, sdrt-health/mac:02010b41cdec/antenna/tag/e2806894000050038662154f, 88
1652710696.741608, sdrt-health/mac:02010b41cdec/antenna/tag/e28068940000400386621d4f, 96
1652710696.74209, sdrt-health/mac:02010b41cdec/antenna/tag/e2806894000050038662154f, 88
1652710696.742431, sdrt-health/mac:02010b41cdec/antenna/tag/e28068940000400386621d4f, 96
1652710696.804167, sdrt-health/mac:02010b41cdec/antenna/tag/e2806894000050038662154f, 91
1652710696.805225, sdrt-health/mac:02010b41cdec/antenna/tag/e28068940000400386621d4f, 96
1652710696.850394, sdrt-health/mac:02010b41cdec/antenna/tag/e28068940000400386621d4f, 90
1652710696.880545, sdrt-health/mac:02010b41cdec/antenna/tag/e2806894000050038662154f, 88
1652710696.880822, sdrt-health/mac:02010b41cdec/antenna/tag/e28068940000400386621d4f, 77
1652710696.881009, sdrt-health/mac:02010b41cdec/antenna/tag/e2806894000040038661f94f, 81
1652710696.90675, sdrt-health/mac:02010b41cdec/antenna/tag/e2806894000050038662154f, 88
1652710696.959711, sdrt-health/mac:02010b41cdec/antenna/tag/e2806894000040038661f94f, 94
1652710696.960215, sdrt-health/mac:02010b41cdec/antenna/tag/e2806894000040038662214f, 94
1652710696.996981, sdrt-health/mac:02010b41cdec/antenna/tag/e2806894000050038661fd4f, 83
1652710697.059038, sdrt-health/mac:02010b41cdec/antenna/tag/e2806894000040038662114f, 91
1652710697.059589, sdrt-health/mac:02010b41cdec/antenna/tag/e28068940000400386621d4f, 96
1652710697.095551, sdrt-health/mac:02010b41cdec/antenna/tag/e2806894000040038662114f, 91
1652710697.161918, sdrt-health/mac:02010b41cdec/antenna/tag/e28068940000400386621d4f, 96
1652710697.162383, sdrt-health/mac:02010b41cdec/antenna/tag/e2806894000050038662194f, 83
1652710697.179122, sdrt-health/mac:02010b41cdec/antenna/tag/e28068940000400386621d4f, 90
1652710697.225661, sdrt-health/mac:02010b41cdec/antenna/tag/e28068940000400386621d4f, 90
1652710697.226116, sdrt-health/mac:02010b41cdec/antenna/tag/e28068940000400386621d4f, 90
1652710697.267822, sdrt-health/mac:02010b41cdec/antenna/tag/e28068940000400386621d4f, 96
1652710697.32118, sdrt-health/mac:02010b41cdec/antenna/tag/e2806894000050038662194f, 83
1652710697.321657, sdrt-health/mac:02010b41cdec/antenna/tag/e28068940000400386621d4f, 96
1652710697.336641, sdrt-health/mac:02010b41cdec/antenna/tag/e2806894000050038662154f, 85
1652710697.368432, sdrt-health/mac:02010b41cdec/antenna/tag/e28068940000400386621d4f, 77
1652710697.40467, sdrt-health/mac:02010b41cdec/antenna/tag/e2806894000040038662214f, 82
1652710697.406292, sdrt-health/mac:02010b41cdec/antenna/tag/e2806894000040038662214f, 84
1652710697.454333, sdrt-health/mac:02010b41cdec/antenna/tag/e2806894000040038662114f, 88
1652710697.510793, sdrt-health/mac:02010b41cdec/antenna/tag/e2806894000050038662154f, 85
1652710697.51101, sdrt-health/mac:02010b41cdec/antenna/tag/e2806894000050038661fd4f, 83
1652710697.554555, sdrt-health/mac:02010b41cdec/antenna/tag/e2806894000040038662114f, 88
1652710697.55482, sdrt-health/mac:02010b41cdec/antenna/tag/e2806894000050038662154f, 88
1652710697.570393, sdrt-health/mac:02010b41cdec/antenna/tag/e2806894000050038661fd4f, 83
1652710697.603843, sdrt-health/mac:02010b41cdec/antenna/tag/e2806894000050038662154f, 91
1652710697.645265, sdrt-health/mac:02010b41cdec/antenna/tag/e28068940000400386621d4f, 90
1652710697.69662, sdrt-health/mac:02010b41cdec/antenna/tag/e2806894000040038662114f, 88
1652710697.766728, sdrt-health/mac:02010b41cdec/antenna/tag/e28068940000400386621d4f, 77
1652710697.76718, sdrt-health/mac:02010b41cdec/antenna/tag/e2806894000050038662194f, 81
1652710697.795244, sdrt-health/mac:02010b41cdec/antenna/tag/e2806894000040038662214f, 88
1652710697.846289, sdrt-health/mac:02010b41cdec/antenna/tag/e2806894000050038662154f, 85
1652710697.89607, sdrt-health/mac:02010b41cdec/antenna/tag/e2806894000050038661fd4f, 86
1652710697.945724, sdrt-health/mac:02010b41cdec/antenna/tag/e2806894000050038662194f, 94
1652710697.9462, sdrt-health/mac:02010b41cdec/antenna/tag/e2806894000040038662114f, 88
1652710697.98675, sdrt-health/mac:02010b41cdec/antenna/tag/e2806894000050038661fd4f, 86
1652710698.051152, sdrt-health/mac:02010b41cdec/antenna/tag/e2806894000050038662194f, 83
1652710698.051868, sdrt-health/mac:02010b41cdec/antenna/tag/e28068940000500386620d4f, 88
1652710698.064532, sdrt-health/mac:02010b41cdec/antenna/tag/e2806894000050038661fd4f, 86
1652710698.084114, sdrt-health/mac:02010b41cdec/antenna/tag/e2806894000050038661fd4f, 86
1652710698.117096, sdrt-health/mac:02010b41cdec/antenna/tag/e2806894000040038662114f, 88
1652710698.117399, sdrt-health/mac:02010b41cdec/antenna/tag/e2806894000040038662114f, 88
1652710698.131477, sdrt-health/mac:02010b41cdec/antenna/tag/e28068940000400386621d4f, 96
1652710698.131837, sdrt-health/mac:02010b41cdec/antenna/tag/e2806894000050038662154f, 91
1652710698.185677, sdrt-health/mac:02010b41cdec/antenna/tag/e28068940000400386621d4f, 96
1652710698.232349, sdrt-health/mac:02010b41cdec/antenna/tag/e2806894000050038661fd4f, 86
1652710698.232815, sdrt-health/mac:02010b41cdec/antenna/tag/e2806894000050038662154f, 88
1652710698.233184, sdrt-health/mac:02010b41cdec/antenna/tag/e28068940000400386621d4f, 96
1652710698.233557, sdrt-health/mac:02010b41cdec/antenna/tag/e2806894000050038661fd4f, 86
1652710698.233914, sdrt-health/mac:02010b41cdec/antenna/tag/e2806894000050038661fd4f, 86
1652710698.26574, sdrt-health/mac:02010b41cdec/antenna/tag/e28068940000400386621d4f, 96
1652710698.322282, sdrt-health/mac:02010b41cdec/antenna/tag/e2806894000050038662154f, 85
1652710698.322778, sdrt-health/mac:02010b41cdec/antenna/tag/e28068940000400386621d4f, 96
1652710698.337183, sdrt-health/mac:02010b41cdec/antenna/tag/e2806894000050038662194f, 94
1652710698.364427, sdrt-health/mac:02010b41cdec/antenna/tag/e28068940000400386621d4f, 90
1652710698.364637, sdrt-health/mac:02010b41cdec/antenna/tag/e2806894000050038662194f, 83
1652710698.364769, sdrt-health/mac:02010b41cdec/antenna/tag/e28068940000400386621d4f, 96
1652710698.436741, sdrt-health/mac:02010b41cdec/antenna/tag/e2806894000040038662114f, 97
1652710698.483899, sdrt-health/mac:02010b41cdec/antenna/tag/e2806894000050038662154f, 91
1652710698.538664, sdrt-health/mac:02010b41cdec/antenna/tag/e28068940000400386621d4f, 96
1652710698.539135, sdrt-health/mac:02010b41cdec/antenna/tag/e2806894000050038662154f, 88
1652710698.564936, sdrt-health/mac:02010b41cdec/antenna/tag/e2806894000040038662114f, 91
1652710698.594339, sdrt-health/mac:02010b41cdec/antenna/tag/e2806894000050038662154f, 88
1652710698.594606, sdrt-health/mac:02010b41cdec/antenna/tag/e2806894000050038662154f, 88
1652710698.609951, sdrt-health/mac:02010b41cdec/antenna/tag/e2806894000050038662154f, 88
1652710698.66707, sdrt-health/mac:02010b41cdec/antenna/tag/e2806894000050038661fd4f, 86
1652710698.710044, sdrt-health/mac:02010b41cdec/antenna/tag/e28068940000400386621d4f, 77
1652710698.745469, sdrt-health/mac:02010b41cdec/antenna/tag/e28068940000400386621d4f, 77
1652710698.805205, sdrt-health/mac:02010b41cdec/antenna/tag/e2806894000040038661f94f, 88
1652710698.853809, sdrt-health/mac:02010b41cdec/antenna/tag/e2806894000040038661f94f, 94
1652710698.914521, sdrt-health/mac:02010b41cdec/antenna/tag/e2806894000050038661fd4f, 83
1652710698.987811, sdrt-health/mac:02010b41cdec/antenna/tag/e2806894000050038661fd4f, 83
1652710699.018875, sdrt-health/mac:02010b41cdec/antenna/tag/e2806894000050038662154f, 91
1652710699.019727, sdrt-health/mac:02010b41cdec/antenna/tag/e2806894000050038662154f, 88
1652710699.05111, sdrt-health/mac:02010b41cdec/antenna/tag/e2806894000050038661fd4f, 86
1652710699.079818, sdrt-health/mac:02010b41cdec/antenna/tag/e2806894000040038662114f, 88
1652710699.080102, sdrt-health/mac:02010b41cdec/antenna/tag/e2806894000050038661fd4f, 83
1652710699.094244, sdrt-health/mac:02010b41cdec/antenna/tag/e28068940000400386621d4f, 96
1652710699.094486, sdrt-health/mac:02010b41cdec/antenna/tag/e2806894000050038662154f, 88
1652710699.094619, sdrt-health/mac:02010b41cdec/antenna/tag/e2806894000040038662114f, 88
1652710699.15817, sdrt-health/mac:02010b41cdec/antenna/tag/e2806894000050038661fd4f, 86
1652710699.18583, sdrt-health/mac:02010b41cdec/antenna/tag/e2806894000040038662114f, 91
1652710699.186331, sdrt-health/mac:02010b41cdec/antenna/tag/e28068940000400386621d4f, 90
1652710699.212621, sdrt-health/mac:02010b41cdec/antenna/tag/e2806894000040038662114f, 97
1652710699.247733, sdrt-health/mac:02010b41cdec/antenna/tag/e28068940000400386621d4f, 90
1652710699.249586, sdrt-health/mac:02010b41cdec/antenna/tag/e2806894000040038662114f, 97
1652710699.336156, sdrt-health/mac:02010b41cdec/antenna/tag/e2806894000040038662114f, 91
1652710699.386605, sdrt-health/mac:02010b41cdec/antenna/tag/e28068940000400386621d4f, 77
1652710699.569048, sdrt-health/mac:02010b41cdec/antenna/tag/e2806894000050038661fd4f, 86
1652710699.569535, sdrt-health/mac:02010b41cdec/antenna/tag/e2806894000050038661fd4f, 83
1652710699.620262, sdrt-health/mac:02010b41cdec/antenna/tag/e2806894000040038662114f, 91
1652710699.649831, sdrt-health/mac:02010b41cdec/antenna/tag/e28068940000400386621d4f, 96
1652710699.650153, sdrt-health/mac:02010b41cdec/antenna/tag/e2806894000040038662114f, 91
1652710699.650375, sdrt-health/mac:02010b41cdec/antenna/tag/e2806894000050038661fd4f, 86
1652710699.650599, sdrt-health/mac:02010b41cdec/antenna/tag/e2806894000040038662114f, 91
1652710699.650838, sdrt-health/mac:02010b41cdec/antenna/tag/e28068940000400386621d4f, 96
1652710699.651044, sdrt-health/mac:02010b41cdec/antenna/tag/e2806894000040038662114f, 88
1652710699.651249, sdrt-health/mac:02010b41cdec/antenna/tag/e28068940000400386621d4f, 96
1652710699.669811, sdrt-health/mac:02010b41cdec/antenna/tag/e28068940000400386621d4f, 96
1652710699.698183, sdrt-health/mac:02010b41cdec/antenna/tag/e2806894000050038662154f, 88
1652710699.698424, sdrt-health/mac:02010b41cdec/antenna/tag/e28068940000400386621d4f, 96
1652710699.698578, sdrt-health/mac:02010b41cdec/antenna/tag/e2806894000050038661fd4f, 83
1652710699.731797, sdrt-health/mac:02010b41cdec/antenna/tag/e2806894000050038661fd4f, 83
1652710699.787808, sdrt-health/mac:02010b41cdec/antenna/tag/e28068940000400386621d4f, 96
1652710699.788295, sdrt-health/mac:02010b41cdec/antenna/tag/e2806894000050038662154f, 88
1652710699.824754, sdrt-health/mac:02010b41cdec/antenna/tag/e2806894000050038662194f, 88
1652710699.879515, sdrt-health/mac:02010b41cdec/antenna/tag/e2806894000040038662114f, 91
1652710699.880483, sdrt-health/mac:02010b41cdec/antenna/tag/e28068940000400386621d4f, 90
1652710699.896299, sdrt-health/mac:02010b41cdec/antenna/tag/e2806894000050038661fd4f, 86
1652710700.083584, sdrt-health/mac:02010b41cdec/antenna/tag/scan, scan stopped
