1652710213.39363, sdrt-health/mac:02010b41cdec/antenna/power/set, {"power": 290}
1652710214.48749, sdrt-health/mac:02010b41cdec/antenna/power/set, 
1652710218.416904, sdrt-health/mac:02010b41cdec/antenna/tag/scan, {"time": 20000}
1652710218.837347, sdrt-health/mac:02010b41cdec/antenna/tag/e2806894000050038662154f, 88
1652710218.889748, sdrt-health/mac:02010b41cdec/antenna/tag/e2806894000050038661fd4f, 86
1652710218.919286, sdrt-health/mac:02010b41cdec/antenna/tag/e2806894000040038662114f, 91
1652710218.919579, sdrt-health/mac:02010b41cdec/antenna/tag/e2806894000050038661fd4f, 86
1652710218.932486, sdrt-health/mac:02010b41cdec/antenna/tag/e28068940000400386621d4f, 90
1652710218.999503, sdrt-health/mac:02010b41cdec/antenna/tag/e2806894000050038661fd4f, 86
1652710219.031003, sdrt-health/mac:02010b41cdec/antenna/tag/e2806894000040038662114f, 97
1652710219.031335, sdrt-health/mac:02010b41cdec/antenna/tag/e2806894000050038662154f, 91
1652710219.031668, sdrt-health/mac:02010b41cdec/antenna/tag/e2806894000040038662114f, 97
1652710219.045496, sdrt-health/mac:02010b41cdec/antenna/tag/e2806894000050038661fd4f, 83
1652710219.099316, sdrt-health/mac:02010b41cdec/antenna/tag/e2806894000050038661fd4f, 83
1652710219.163599, sdrt-health/mac:02010b41cdec/antenna/tag/e2806894000050038662154f, 88
1652710219.16418, sdrt-health/mac:02010b41cdec/antenna/tag/e2806894000050038662154f, 85
1652710219.177547, sdrt-health/mac:02010b41cdec/antenna/tag/e28068940000400386621d4f, 77
1652710219.207899, sdrt-health/mac:02010b41cdec/antenna/tag/e2806894000040038662114f, 88
1652710219.261682, sdrt-health/mac:02010b41cdec/antenna/tag/e2806894000050038662194f, 81
1652710219.262226, sdrt-health/mac:02010b41cdec/antenna/tag/e2806894000040038662214f, 88
1652710219.392429, sdrt-health/mac:02010b41cdec/antenna/tag/e2806894000040038662114f, 91
1652710219.458027, sdrt-health/mac:02010b41cdec/antenna/tag/e2806894000050038662154f, 91
1652710219.512101, sdrt-health/mac:02010b41cdec/antenna/tag/e2806894000050038662154f, 91
1652710219.512607, sdrt-health/mac:02010b41cdec/antenna/tag/e28068940000400386621d4f, 96
1652710219.525238, sdrt-health/mac:02010b41cdec/antenna/tag/e2806894000050038662154f, 88
1652710219.567871, sdrt-health/mac:02010b41cdec/antenna/tag/e2806894000040038662114f, 91
1652710219.56814, sdrt-health/mac:02010b41cdec/antenna/tag/e2806894000040038662114f, 91
1652710219.582395, sdrt-health/mac:02010b41cdec/antenna/tag/e2806894000050038662154f, 88
1652710219.58271, sdrt-health/mac:02010b41cdec/antenna/tag/e28068940000400386621d4f, 96
1652710219.608138, sdrt-health/mac:02010b41cdec/antenna/tag/e28068940000400386621d4f, 90
1652710219.669924, sdrt-health/mac:02010b41cdec/antenna/tag/e2806894000050038662194f, 81
1652710219.729373, sdrt-health/mac:02010b41cdec/antenna/tag/e2806894000050038662194f, 93
1652710219.729841, sdrt-health/mac:02010b41cdec/antenna/tag/e2806894000040038662114f, 97
1652710219.749524, sdrt-health/mac:02010b41cdec/antenna/tag/e28068940000400386621d4f, 96
1652710219.775579, sdrt-health/mac:02010b41cdec/antenna/tag/e28068940000400386621d4f, 77
1652710219.80744, sdrt-health/mac:02010b41cdec/antenna/tag/e28068940000400386621d4f, 77
1652710219.807732, sdrt-health/mac:02010b41cdec/antenna/tag/e2806894000050038662154f, 85
1652710219.823977, sdrt-health/mac:02010b41cdec/antenna/tag/e2806894000050038661fd4f, 86
1652710219.857511, sdrt-health/mac:02010b41cdec/antenna/tag/e2806894000050038662154f, 85
1652710219.857747, sdrt-health/mac:02010b41cdec/antenna/tag/e2806894000050038661fd4f, 86
1652710219.894556, sdrt-health/mac:02010b41cdec/antenna/tag/e2806894000050038661fd4f, 86
1652710219.894968, sdrt-health/mac:02010b41cdec/antenna/tag/e2806894000050038662154f, 88
1652710219.963786, sdrt-health/mac:02010b41cdec/antenna/tag/e28068940000400386621d4f, 96
1652710220.037464, sdrt-health/mac:02010b41cdec/antenna/tag/e28068940000400386621d4f, 90
1652710220.037958, sdrt-health/mac:02010b41cdec/antenna/tag/e2806894000040038662114f, 91
1652710220.091621, sdrt-health/mac:02010b41cdec/antenna/tag/e2806894000040038662114f, 88
1652710220.125386, sdrt-health/mac:02010b41cdec/antenna/tag/e2806894000050038662154f, 91
1652710220.125731, sdrt-health/mac:02010b41cdec/antenna/tag/e2806894000050038661fd4f, 83
1652710220.172996, sdrt-health/mac:02010b41cdec/antenna/tag/e28068940000400386621d4f, 96
1652710220.254462, sdrt-health/mac:02010b41cdec/antenna/tag/e2806894000040038662114f, 91
1652710220.307125, sdrt-health/mac:02010b41cdec/antenna/tag/e28068940000400386621d4f, 96
1652710220.376, sdrt-health/mac:02010b41cdec/antenna/tag/e2806894000050038662154f, 91
1652710220.376334, sdrt-health/mac:02010b41cdec/antenna/tag/e28068940000400386621d4f, 96
1652710220.38975, sdrt-health/mac:02010b41cdec/antenna/tag/e2806894000050038662154f, 91
1652710220.425056, sdrt-health/mac:02010b41cdec/antenna/tag/e2806894000050038662154f, 91
1652710220.425522, sdrt-health/mac:02010b41cdec/antenna/tag/e2806894000050038662154f, 88
1652710220.442289, sdrt-health/mac:02010b41cdec/antenna/tag/e2806894000050038661fd4f, 83
1652710220.46561, sdrt-health/mac:02010b41cdec/antenna/tag/e2806894000040038662114f, 85
1652710220.540495, sdrt-health/mac:02010b41cdec/antenna/tag/e2806894000050038662154f, 85
1652710220.541007, sdrt-health/mac:02010b41cdec/antenna/tag/e2806894000050038662154f, 85
1652710220.55397, sdrt-health/mac:02010b41cdec/antenna/tag/e2806894000050038662154f, 85
1652710220.576224, sdrt-health/mac:02010b41cdec/antenna/tag/e2806894000040038662114f, 88
1652710220.645962, sdrt-health/mac:02010b41cdec/antenna/tag/e28068940000400386621d4f, 96
1652710220.646475, sdrt-health/mac:02010b41cdec/antenna/tag/e2806894000050038662194f, 83
1652710220.659611, sdrt-health/mac:02010b41cdec/antenna/tag/e28068940000400386621d4f, 96
1652710220.696113, sdrt-health/mac:02010b41cdec/antenna/tag/e28068940000400386621d4f, 77
1652710220.739436, sdrt-health/mac:02010b41cdec/antenna/tag/e2806894000050038662194f, 81
1652710220.739755, sdrt-health/mac:02010b41cdec/antenna/tag/e2806894000040038662114f, 88
1652710220.739992, sdrt-health/mac:02010b41cdec/antenna/tag/e28068940000400386621d4f, 77
1652710220.753728, sdrt-health/mac:02010b41cdec/antenna/tag/e2806894000050038661fd4f, 86
1652710220.753952, sdrt-health/mac:02010b41cdec/antenna/tag/e2806894000050038661fd4f, 83
1652710220.754099, sdrt-health/mac:02010b41cdec/antenna/tag/e2806894000040038662114f, 88
1652710220.806847, sdrt-health/mac:02010b41cdec/antenna/tag/e2806894000050038661fd4f, 83
1652710220.887432, sdrt-health/mac:02010b41cdec/antenna/tag/e2806894000040038662114f, 85
1652710220.887903, sdrt-health/mac:02010b41cdec/antenna/tag/e2806894000050038661fd4f, 86
1652710220.902614, sdrt-health/mac:02010b41cdec/antenna/tag/e28068940000400386621d4f, 77
1652710220.903284, sdrt-health/mac:02010b41cdec/antenna/tag/e2806894000040038662114f, 91
1652710220.903763, sdrt-health/mac:02010b41cdec/antenna/tag/e2806894000040038662114f, 91
1652710220.934169, sdrt-health/mac:02010b41cdec/antenna/tag/e2806894000040038662114f, 91
1652710220.962121, sdrt-health/mac:02010b41cdec/antenna/tag/e2806894000050038662194f, 88
1652710220.962504, sdrt-health/mac:02010b41cdec/antenna/tag/e28068940000400386621d4f, 77
1652710220.994146, sdrt-health/mac:02010b41cdec/antenna/tag/e2806894000040038662114f, 91
1652710221.024277, sdrt-health/mac:02010b41cdec/antenna/tag/e2806894000050038662194f, 94
1652710221.024528, sdrt-health/mac:02010b41cdec/antenna/tag/e2806894000050038662154f, 85
1652710221.055068, sdrt-health/mac:02010b41cdec/antenna/tag/e2806894000040038662114f, 91
1652710221.125293, sdrt-health/mac:02010b41cdec/antenna/tag/e2806894000050038662154f, 88
1652710221.12584, sdrt-health/mac:02010b41cdec/antenna/tag/e2806894000050038662154f, 88
1652710221.167789, sdrt-health/mac:02010b41cdec/antenna/tag/e2806894000050038662154f, 88
1652710221.216216, sdrt-health/mac:02010b41cdec/antenna/tag/e2806894000040038662114f, 91
1652710221.246638, sdrt-health/mac:02010b41cdec/antenna/tag/e2806894000050038661fd4f, 86
1652710221.247329, sdrt-health/mac:02010b41cdec/antenna/tag/e2806894000050038661fd4f, 86
1652710221.294034, sdrt-health/mac:02010b41cdec/antenna/tag/e2806894000040038662114f, 91
1652710221.412091, sdrt-health/mac:02010b41cdec/antenna/tag/e2806894000040038662114f, 91
1652710221.413793, sdrt-health/mac:02010b41cdec/antenna/tag/e2806894000040038662114f, 88
1652710221.425733, sdrt-health/mac:02010b41cdec/antenna/tag/e2806894000050038661fd4f, 83
1652710221.42612, sdrt-health/mac:02010b41cdec/antenna/tag/e28068940000400386621d4f, 96
1652710221.452057, sdrt-health/mac:02010b41cdec/antenna/tag/e2806894000040038662114f, 91
1652710221.535642, sdrt-health/mac:02010b41cdec/antenna/tag/e2806894000050038661fd4f, 86
1652710221.5362, sdrt-health/mac:02010b41cdec/antenna/tag/e28068940000400386621d4f, 96
1652710221.550254, sdrt-health/mac:02010b41cdec/antenna/tag/e2806894000040038662114f, 91
1652710221.551065, sdrt-health/mac:02010b41cdec/antenna/tag/e2806894000050038662154f, 91
1652710221.564339, sdrt-health/mac:02010b41cdec/antenna/tag/e2806894000050038661fd4f, 86
1652710221.638937, sdrt-health/mac:02010b41cdec/antenna/tag/e2806894000050038661fd4f, 86
1652710221.66788, sdrt-health/mac:02010b41cdec/antenna/tag/e2806894000050038662154f, 88
1652710221.668358, sdrt-health/mac:02010b41cdec/antenna/tag/e2806894000040038662114f, 91
1652710221.722054, sdrt-health/mac:02010b41cdec/antenna/tag/e2806894000040038662114f, 97
1652710221.753118, sdrt-health/mac:02010b41cdec/antenna/tag/e2806894000050038662194f, 81
1652710221.753553, sdrt-health/mac:02010b41cdec/antenna/tag/e2806894000040038662114f, 97
1652710221.753886, sdrt-health/mac:02010b41cdec/antenna/tag/e2806894000040038662114f, 88
1652710221.802846, sdrt-health/mac:02010b41cdec/antenna/tag/e2806894000040038662114f, 91
1652710221.833119, sdrt-health/mac:02010b41cdec/antenna/tag/e2806894000050038661fd4f, 83
1652710221.833421, sdrt-health/mac:02010b41cdec/antenna/tag/e28068940000400386621d4f, 96
1652710221.833657, sdrt-health/mac:02010b41cdec/antenna/tag/e2806894000050038662154f, 85
1652710221.874769, sdrt-health/mac:02010b41cdec/antenna/tag/e2806894000050038661fd4f, 83
1652710221.901298, sdrt-health/mac:02010b41cdec/antenna/tag/e2806894000050038662154f, 85
1652710221.901555, sdrt-health/mac:02010b41cdec/antenna/tag/e2806894000050038662194f, 94
1652710221.934609, sdrt-health/mac:02010b41cdec/antenna/tag/e28068940000400386621d4f, 96
1652710222.038121, sdrt-health/mac:02010b41cdec/antenna/tag/e2806894000040038662114f, 88
1652710222.038331, sdrt-health/mac:02010b41cdec/antenna/tag/e2806894000040038662114f, 91
1652710222.051293, sdrt-health/mac:02010b41cdec/antenna/tag/e2806894000050038662154f, 85
1652710222.291627, sdrt-health/mac:02010b41cdec/antenna/tag/e2806894000040038662114f, 88
1652710222.292119, sdrt-health/mac:02010b41cdec/antenna/tag/e28068940000400386621d4f, 96
1652710222.305954, sdrt-health/mac:02010b41cdec/antenna/tag/e28068940000400386621d4f, 77
1652710222.306516, sdrt-health/mac:02010b41cdec/antenna/tag/e2806894000040038662114f, 91
1652710222.352706, sdrt-health/mac:02010b41cdec/antenna/tag/e2806894000050038662154f, 91
1652710222.38521, sdrt-health/mac:02010b41cdec/antenna/tag/e2806894000050038661fd4f, 86
1652710222.3855, sdrt-health/mac:02010b41cdec/antenna/tag/e2806894000050038662154f, 88
1652710222.385753, sdrt-health/mac:02010b41cdec/antenna/tag/e2806894000050038661fd4f, 83
1652710222.386053, sdrt-health/mac:02010b41cdec/antenna/tag/e2806894000040038662114f, 91
1652710222.386337, sdrt-health/mac:02010b41cdec/antenna/tag/e2806894000050038662154f, 88
1652710222.386583, sdrt-health/mac:02010b41cdec/antenna/tag/e2806894000050038662154f, 85
1652710222.38681, sdrt-health/mac:02010b41cdec/antenna/tag/e2806894000050038662154f, 93
1652710222.38707, sdrt-health/mac:02010b41cdec/antenna/tag/e28068940000400386621d4f, 96
1652710222.387293, sdrt-health/mac:02010b41cdec/antenna/tag/e2806894000040038662114f, 91
1652710222.387558, sdrt-health/mac:02010b41cdec/antenna/tag/e28068940000400386621d4f, 96
1652710222.387805, sdrt-health/mac:02010b41cdec/antenna/tag/e28068940000400386621d4f, 96
1652710222.425531, sdrt-health/mac:02010b41cdec/antenna/tag/e2806894000040038662114f, 88
1652710222.453654, sdrt-health/mac:02010b41cdec/antenna/tag/e28068940000400386621d4f, 90
1652710222.453892, sdrt-health/mac:02010b41cdec/antenna/tag/e2806894000050038662154f, 88
1652710222.454053, sdrt-health/mac:02010b41cdec/antenna/tag/e2806894000050038661fd4f, 86
1652710222.489851, sdrt-health/mac:02010b41cdec/antenna/tag/e2806894000040038662114f, 88
1652710222.516812, sdrt-health/mac:02010b41cdec/antenna/tag/e28068940000400386621d4f, 90
1652710222.517174, sdrt-health/mac:02010b41cdec/antenna/tag/e2806894000040038662114f, 97
1652710222.546317, sdrt-health/mac:02010b41cdec/antenna/tag/e2806894000050038661fd4f, 83
1652710222.574079, sdrt-health/mac:02010b41cdec/antenna/tag/e2806894000050038662154f, 88
1652710222.574578, sdrt-health/mac:02010b41cdec/antenna/tag/e2806894000040038662114f, 97
1652710222.606352, sdrt-health/mac:02010b41cdec/antenna/tag/e2806894000050038662154f, 91
1652710222.656928, sdrt-health/mac:02010b41cdec/antenna/tag/e2806894000040038662114f, 88
1652710222.701626, sdrt-health/mac:02010b41cdec/antenna/tag/e28068940000400386621d4f, 90
1652710222.753134, sdrt-health/mac:02010b41cdec/antenna/tag/e28068940000400386621d4f, 96
1652710222.829994, sdrt-health/mac:02010b41cdec/antenna/tag/e2806894000050038662154f, 91
1652710222.830495, sdrt-health/mac:02010b41cdec/antenna/tag/e2806894000040038662114f, 91
1652710222.848258, sdrt-health/mac:02010b41cdec/antenna/tag/e2806894000040038662114f, 97
1652710222.848517, sdrt-health/mac:02010b41cdec/antenna/tag/e2806894000050038661fd4f, 83
1652710222.873587, sdrt-health/mac:02010b41cdec/antenna/tag/e2806894000050038661fd4f, 83
1652710222.957634, sdrt-health/mac:02010b41cdec/antenna/tag/e28068940000400386621d4f, 96
1652710222.957898, sdrt-health/mac:02010b41cdec/antenna/tag/e2806894000050038661fd4f, 83
1652710222.971855, sdrt-health/mac:02010b41cdec/antenna/tag/e2806894000050038661fd4f, 83
1652710222.972152, sdrt-health/mac:02010b41cdec/antenna/tag/e2806894000050038662154f, 85
1652710222.991333, sdrt-health/mac:02010b41cdec/antenna/tag/e2806894000050038661fd4f, 86
1652710223.049694, sdrt-health/mac:02010b41cdec/antenna/tag/e2806894000050038661fd4f, 86
1652710223.050237, sdrt-health/mac:02010b41cdec/antenna/tag/e2806894000050038662194f, 81
1652710223.063678, sdrt-health/mac:02010b41cdec/antenna/tag/e2806894000050038661fd4f, 83
1652710223.089596, sdrt-health/mac:02010b41cdec/antenna/tag/e28068940000400386621d4f, 77
1652710223.143099, sdrt-health/mac:02010b41cdec/antenna/tag/e2806894000050038662154f, 88
1652710223.14328, sdrt-health/mac:02010b41cdec/antenna/tag/e2806894000050038661fd4f, 86
1652710223.212, sdrt-health/mac:02010b41cdec/antenna/tag/e2806894000050038662194f, 83
1652710223.212535, sdrt-health/mac:02010b41cdec/antenna/tag/e2806894000050038662154f, 88
1652710223.225965, sdrt-health/mac:02010b41cdec/antenna/tag/e2806894000050038662154f, 85
1652710223.253367, sdrt-health/mac:02010b41cdec/antenna/tag/e2806894000050038662154f, 91
1652710223.330592, sdrt-health/mac:02010b41cdec/antenna/tag/e2806894000050038662154f, 91
1652710223.331101, sdrt-health/mac:02010b41cdec/antenna/tag/e28068940000400386621d4f, 96
1652710223.34441, sdrt-health/mac:02010b41cdec/antenna/tag/e2806894000040038662114f, 88
1652710223.390483, sdrt-health/mac:02010b41cdec/antenna/tag/e2806894000050038662154f, 91
1652710223.459513, sdrt-health/mac:02010b41cdec/antenna/tag/e28068940000400386621d4f, 96
1652710223.539372, sdrt-health/mac:02010b41cdec/antenna/tag/e2806894000040038662114f, 88
1652710223.539561, sdrt-health/mac:02010b41cdec/antenna/tag/e28068940000400386621d4f, 96
1652710223.539679, sdrt-health/mac:02010b41cdec/antenna/tag/e2806894000050038662154f, 91
1652710223.569418, sdrt-health/mac:02010b41cdec/antenna/tag/e28068940000400386621d4f, 96
1652710223.569641, sdrt-health/mac:02010b41cdec/antenna/tag/e2806894000050038661fd4f, 86
1652710223.569816, sdrt-health/mac:02010b41cdec/antenna/tag/e2806894000050038661fd4f, 86
1652710223.595524, sdrt-health/mac:02010b41cdec/antenna/tag/e2806894000050038661fd4f, 86
1652710223.698977, sdrt-health/mac:02010b41cdec/antenna/tag/e28068940000400386621d4f, 90
1652710223.699188, sdrt-health/mac:02010b41cdec/antenna/tag/e2806894000050038661fd4f, 86
1652710223.736576, sdrt-health/mac:02010b41cdec/antenna/tag/e2806894000040038662114f, 88
1652710223.804032, sdrt-health/mac:02010b41cdec/antenna/tag/e2806894000040038662114f, 88
1652710223.874449, sdrt-health/mac:02010b41cdec/antenna/tag/e2806894000040038662214f, 88
1652710223.906965, sdrt-health/mac:02010b41cdec/antenna/tag/e28068940000400386621d4f, 77
1652710223.907193, sdrt-health/mac:02010b41cdec/antenna/tag/e2806894000050038662154f, 85
1652710223.921418, sdrt-health/mac:02010b41cdec/antenna/tag/e2806894000040038662114f, 91
1652710223.972678, sdrt-health/mac:02010b41cdec/antenna/tag/e2806894000050038662154f, 88
1652710224.018893, sdrt-health/mac:02010b41cdec/antenna/tag/e28068940000400386621d4f, 96
1652710224.079822, sdrt-health/mac:02010b41cdec/antenna/tag/e2806894000040038662114f, 88
1652710224.080403, sdrt-health/mac:02010b41cdec/antenna/tag/e28068940000400386621d4f, 96
1652710224.095836, sdrt-health/mac:02010b41cdec/antenna/tag/e2806894000050038661fd4f, 86
1652710224.199872, sdrt-health/mac:02010b41cdec/antenna/tag/e2806894000050038662194f, 81
1652710224.266029, sdrt-health/mac:02010b41cdec/antenna/tag/e28068940000400386621d4f, 90
1652710224.266521, sdrt-health/mac:02010b41cdec/antenna/tag/e2806894000050038661fd4f, 86
1652710224.280179, sdrt-health/mac:02010b41cdec/antenna/tag/e2806894000040038662114f, 97
1652710224.280641, sdrt-health/mac:02010b41cdec/antenna/tag/e2806894000040038662114f, 97
1652710224.281025, sdrt-health/mac:02010b41cdec/antenna/tag/e2806894000050038662194f, 81
1652710224.306602, sdrt-health/mac:02010b41cdec/antenna/tag/e2806894000040038661f94f, 88
1652710224.3644, sdrt-health/mac:02010b41cdec/antenna/tag/e2806894000050038661fd4f, 83
1652710224.415989, sdrt-health/mac:02010b41cdec/antenna/tag/e28068940000400386621d4f, 96
1652710224.470622, sdrt-health/mac:02010b41cdec/antenna/tag/e2806894000050038662194f, 83
1652710224.498069, sdrt-health/mac:02010b41cdec/antenna/tag/e28068940000400386621d4f, 96
1652710224.498403, sdrt-health/mac:02010b41cdec/antenna/tag/e2806894000050038662194f, 83
1652710224.498681, sdrt-health/mac:02010b41cdec/antenna/tag/e2806894000050038662194f, 94
1652710224.537279, sdrt-health/mac:02010b41cdec/antenna/tag/e28068940000400386621d4f, 96
1652710224.606836, sdrt-health/mac:02010b41cdec/antenna/tag/e2806894000040038662114f, 88
1652710224.657254, sdrt-health/mac:02010b41cdec/antenna/tag/e28068940000400386621d4f, 77
1652710224.69841, sdrt-health/mac:02010b41cdec/antenna/tag/e2806894000040038662114f, 88
1652710224.771257, sdrt-health/mac:02010b41cdec/antenna/tag/e2806894000050038662154f, 85
1652710224.771786, sdrt-health/mac:02010b41cdec/antenna/tag/e2806894000040038662214f, 81
1652710224.784435, sdrt-health/mac:02010b41cdec/antenna/tag/e2806894000050038661fd4f, 83
1652710224.805249, sdrt-health/mac:02010b41cdec/antenna/tag/e2806894000050038662194f, 81
1652710224.850607, sdrt-health/mac:02010b41cdec/antenna/tag/e2806894000050038661fd4f, 83
1652710224.915404, sdrt-health/mac:02010b41cdec/antenna/tag/e2806894000050038662194f, 81
1652710224.915911, sdrt-health/mac:02010b41cdec/antenna/tag/e2806894000050038661fd4f, 86
1652710224.977875, sdrt-health/mac:02010b41cdec/antenna/tag/e2806894000050038661fd4f, 86
1652710225.043481, sdrt-health/mac:02010b41cdec/antenna/tag/e2806894000050038661fd4f, 86
1652710225.0437, sdrt-health/mac:02010b41cdec/antenna/tag/e28068940000400386621d4f, 96
1652710225.063102, sdrt-health/mac:02010b41cdec/antenna/tag/e2806894000050038661fd4f, 86
1652710225.063341, sdrt-health/mac:02010b41cdec/antenna/tag/e28068940000400386621d4f, 96
1652710225.063522, sdrt-health/mac:02010b41cdec/antenna/tag/e2806894000040038662114f, 91
1652710225.096387, sdrt-health/mac:02010b41cdec/antenna/tag/e28068940000400386621d4f, 96
1652710225.187254, sdrt-health/mac:02010b41cdec/antenna/tag/e28068940000400386621d4f, 96
1652710225.187656, sdrt-health/mac:02010b41cdec/antenna/tag/e2806894000050038662154f, 91
1652710225.204262, sdrt-health/mac:02010b41cdec/antenna/tag/e2806894000050038662154f, 91
1652710225.240912, sdrt-health/mac:02010b41cdec/antenna/tag/e2806894000040038662114f, 91
1652710225.241131, sdrt-health/mac:02010b41cdec/antenna/tag/e2806894000040038662114f, 88
1652710225.312708, sdrt-health/mac:02010b41cdec/antenna/tag/e2806894000050038662154f, 93
1652710225.554009, sdrt-health/mac:02010b41cdec/antenna/tag/e2806894000050038662154f, 91
1652710225.582822, sdrt-health/mac:02010b41cdec/antenna/tag/e2806894000050038661fd4f, 86
1652710225.583018, sdrt-health/mac:02010b41cdec/antenna/tag/e2806894000050038662154f, 91
1652710225.637289, sdrt-health/mac:02010b41cdec/antenna/tag/e2806894000050038661fd4f, 86
1652710225.665211, sdrt-health/mac:02010b41cdec/antenna/tag/e2806894000050038662154f, 91
1652710225.665583, sdrt-health/mac:02010b41cdec/antenna/tag/e28068940000400386621d4f, 96
1652710225.665809, sdrt-health/mac:02010b41cdec/antenna/tag/e28068940000400386621d4f, 90
1652710225.666029, sdrt-health/mac:02010b41cdec/antenna/tag/e2806894000050038661fd4f, 86
1652710225.666244, sdrt-health/mac:02010b41cdec/antenna/tag/e2806894000050038662154f, 91
1652710225.666461, sdrt-health/mac:02010b41cdec/antenna/tag/e2806894000040038662114f, 91
1652710225.666748, sdrt-health/mac:02010b41cdec/antenna/tag/e2806894000050038661fd4f, 86
1652710225.667149, sdrt-health/mac:02010b41cdec/antenna/tag/e28068940000400386621d4f, 96
1652710225.667364, sdrt-health/mac:02010b41cdec/antenna/tag/e2806894000040038662114f, 97
1652710225.667607, sdrt-health/mac:02010b41cdec/antenna/tag/e28068940000400386621d4f, 77
1652710225.667885, sdrt-health/mac:02010b41cdec/antenna/tag/e2806894000040038662114f, 88
1652710225.705942, sdrt-health/mac:02010b41cdec/antenna/tag/e2806894000050038662194f, 82
1652710225.735897, sdrt-health/mac:02010b41cdec/antenna/tag/e2806894000050038661fd4f, 83
1652710225.736177, sdrt-health/mac:02010b41cdec/antenna/tag/e2806894000040038662114f, 88
1652710225.73641, sdrt-health/mac:02010b41cdec/antenna/tag/e2806894000050038662194f, 83
1652710225.736612, sdrt-health/mac:02010b41cdec/antenna/tag/e2806894000050038662154f, 85
1652710225.767251, sdrt-health/mac:02010b41cdec/antenna/tag/e2806894000050038662154f, 85
1652710225.807, sdrt-health/mac:02010b41cdec/antenna/tag/e2806894000040038662214f, 88
1652710225.807266, sdrt-health/mac:02010b41cdec/antenna/tag/e28068940000400386621d4f, 77
1652710225.85031, sdrt-health/mac:02010b41cdec/antenna/tag/e2806894000050038661fd4f, 83
1652710225.882283, sdrt-health/mac:02010b41cdec/antenna/tag/e2806894000050038661fd4f, 86
1652710225.953231, sdrt-health/mac:02010b41cdec/antenna/tag/e2806894000040038662114f, 88
1652710225.953739, sdrt-health/mac:02010b41cdec/antenna/tag/e2806894000050038661fd4f, 83
1652710225.966495, sdrt-health/mac:02010b41cdec/antenna/tag/e2806894000050038661fd4f, 83
1652710225.978779, sdrt-health/mac:02010b41cdec/antenna/tag/e2806894000050038661fd4f, 86
1652710226.053634, sdrt-health/mac:02010b41cdec/antenna/tag/e28068940000400386621d4f, 90
1652710226.05418, sdrt-health/mac:02010b41cdec/antenna/tag/e2806894000050038661fd4f, 86
1652710226.132913, sdrt-health/mac:02010b41cdec/antenna/tag/e28068940000400386621d4f, 96
1652710226.163776, sdrt-health/mac:02010b41cdec/antenna/tag/e2806894000050038661fd4f, 86
1652710226.164104, sdrt-health/mac:02010b41cdec/antenna/tag/e28068940000400386621d4f, 96
1652710226.16436, sdrt-health/mac:02010b41cdec/antenna/tag/e2806894000050038661fd4f, 86
1652710226.201928, sdrt-health/mac:02010b41cdec/antenna/tag/e2806894000050038661fd4f, 90
1652710226.229317, sdrt-health/mac:02010b41cdec/antenna/tag/e2806894000050038661fd4f, 86
1652710226.230247, sdrt-health/mac:02010b41cdec/antenna/tag/e28068940000400386621d4f, 90
1652710226.230869, sdrt-health/mac:02010b41cdec/antenna/tag/e2806894000050038662194f, 81
1652710226.259774, sdrt-health/mac:02010b41cdec/antenna/tag/e2806894000050038662194f, 81
1652710226.28779, sdrt-health/mac:02010b41cdec/antenna/tag/e2806894000050038662194f, 81
1652710226.288292, sdrt-health/mac:02010b41cdec/antenna/tag/e2806894000050038661fd4f, 86
1652710226.313738, sdrt-health/mac:02010b41cdec/antenna/tag/e2806894000050038662154f, 85
1652710226.374123, sdrt-health/mac:02010b41cdec/antenna/tag/e28068940000400386621d4f, 77
1652710226.374455, sdrt-health/mac:02010b41cdec/antenna/tag/e28068940000400386621d4f, 77
1652710226.38813, sdrt-health/mac:02010b41cdec/antenna/tag/e2806894000040038662114f, 91
1652710226.388516, sdrt-health/mac:02010b41cdec/antenna/tag/e28068940000400386621d4f, 96
1652710226.438837, sdrt-health/mac:02010b41cdec/antenna/tag/e2806894000050038661fd4f, 86
1652710226.492379, sdrt-health/mac:02010b41cdec/antenna/tag/e2806894000050038662194f, 81
1652710226.555646, sdrt-health/mac:02010b41cdec/antenna/tag/e28068940000400386621d4f, 90
1652710226.556149, sdrt-health/mac:02010b41cdec/antenna/tag/e28068940000400386621d4f, 90
1652710226.569382, sdrt-health/mac:02010b41cdec/antenna/tag/e28068940000400386621d4f, 96
1652710226.569794, sdrt-health/mac:02010b41cdec/antenna/tag/e2806894000040038662114f, 88
1652710226.57019, sdrt-health/mac:02010b41cdec/antenna/tag/e2806894000050038662154f, 91
1652710226.570484, sdrt-health/mac:02010b41cdec/antenna/tag/e28068940000400386621d4f, 96
1652710226.599363, sdrt-health/mac:02010b41cdec/antenna/tag/e28068940000400386621d4f, 90
1652710226.674257, sdrt-health/mac:02010b41cdec/antenna/tag/e2806894000050038661fd4f, 86
1652710226.674752, sdrt-health/mac:02010b41cdec/antenna/tag/e28068940000500386620d4f, 94
1652710226.687357, sdrt-health/mac:02010b41cdec/antenna/tag/e2806894000040038662114f, 88
1652710226.726743, sdrt-health/mac:02010b41cdec/antenna/tag/e2806894000050038662194f, 81
1652710226.80225, sdrt-health/mac:02010b41cdec/antenna/tag/e2806894000050038662154f, 85
1652710226.802767, sdrt-health/mac:02010b41cdec/antenna/tag/e28068940000400386621d4f, 96
1652710226.818566, sdrt-health/mac:02010b41cdec/antenna/tag/e2806894000040038662114f, 88
1652710226.846154, sdrt-health/mac:02010b41cdec/antenna/tag/e2806894000040038662114f, 91
1652710226.846552, sdrt-health/mac:02010b41cdec/antenna/tag/e2806894000050038661fd4f, 86
1652710226.941187, sdrt-health/mac:02010b41cdec/antenna/tag/e2806894000040038662114f, 88
1652710226.975002, sdrt-health/mac:02010b41cdec/antenna/tag/e28068940000400386621d4f, 77
1652710226.975387, sdrt-health/mac:02010b41cdec/antenna/tag/e2806894000040038662214f, 94
1652710226.975696, sdrt-health/mac:02010b41cdec/antenna/tag/e2806894000050038661fd4f, 83
1652710226.996095, sdrt-health/mac:02010b41cdec/antenna/tag/e28068940000400386621d4f, 96
1652710227.027852, sdrt-health/mac:02010b41cdec/antenna/tag/e2806894000040038662114f, 85
1652710227.028221, sdrt-health/mac:02010b41cdec/antenna/tag/e2806894000050038661fd4f, 83
1652710227.048167, sdrt-health/mac:02010b41cdec/antenna/tag/e2806894000050038661fd4f, 83
1652710227.090761, sdrt-health/mac:02010b41cdec/antenna/tag/e2806894000050038661fd4f, 83
1652710227.120947, sdrt-health/mac:02010b41cdec/antenna/tag/e2806894000050038662154f, 85
1652710227.121254, sdrt-health/mac:02010b41cdec/antenna/tag/e28068940000400386621d4f, 96
1652710227.121433, sdrt-health/mac:02010b41cdec/antenna/tag/e2806894000050038662154f, 85
1652710227.133665, sdrt-health/mac:02010b41cdec/antenna/tag/e2806894000050038662154f, 93
1652710227.168901, sdrt-health/mac:02010b41cdec/antenna/tag/e28068940000400386621d4f, 77
1652710227.294221, sdrt-health/mac:02010b41cdec/antenna/tag/e2806894000040038662114f, 88
1652710227.294684, sdrt-health/mac:02010b41cdec/antenna/tag/e2806894000050038661fd4f, 90
1652710227.340425, sdrt-health/mac:02010b41cdec/antenna/tag/e2806894000050038661fd4f, 86
1652710227.370794, sdrt-health/mac:02010b41cdec/antenna/tag/e2806894000040038662114f, 97
1652710227.371061, sdrt-health/mac:02010b41cdec/antenna/tag/e2806894000050038661fd4f, 86
1652710227.37125, sdrt-health/mac:02010b41cdec/antenna/tag/e2806894000040038662114f, 91
1652710227.402848, sdrt-health/mac:02010b41cdec/antenna/tag/e28068940000400386621d4f, 90
1652710227.476382, sdrt-health/mac:02010b41cdec/antenna/tag/e2806894000050038662154f, 85
1652710227.477008, sdrt-health/mac:02010b41cdec/antenna/tag/e2806894000040038662114f, 88
1652710227.493204, sdrt-health/mac:02010b41cdec/antenna/tag/e2806894000050038662154f, 85
1652710227.503619, sdrt-health/mac:02010b41cdec/antenna/tag/e2806894000050038662154f, 85
1652710227.507175, sdrt-health/mac:02010b41cdec/antenna/tag/e28068940000400386621d4f, 77
1652710227.50737, sdrt-health/mac:02010b41cdec/antenna/tag/e2806894000050038662154f, 85
1652710227.555457, sdrt-health/mac:02010b41cdec/antenna/tag/e2806894000040038662114f, 91
1652710227.606697, sdrt-health/mac:02010b41cdec/antenna/tag/e2806894000050038662154f, 91
1652710227.647382, sdrt-health/mac:02010b41cdec/antenna/tag/e28068940000400386621d4f, 90
1652710227.695284, sdrt-health/mac:02010b41cdec/antenna/tag/e28068940000400386621d4f, 96
1652710227.753528, sdrt-health/mac:02010b41cdec/antenna/tag/e2806894000050038661fd4f, 86
1652710227.753954, sdrt-health/mac:02010b41cdec/antenna/tag/e2806894000040038662114f, 97
1652710227.766282, sdrt-health/mac:02010b41cdec/antenna/tag/e2806894000050038661fd4f, 86
1652710227.792897, sdrt-health/mac:02010b41cdec/antenna/tag/e2806894000050038661fd4f, 83
1652710227.848305, sdrt-health/mac:02010b41cdec/antenna/tag/e28068940000400386621d4f, 77
1652710227.8894, sdrt-health/mac:02010b41cdec/antenna/tag/e28068940000400386621d4f, 77
1652710227.956167, sdrt-health/mac:02010b41cdec/antenna/tag/e2806894000040038662114f, 88
1652710227.956657, sdrt-health/mac:02010b41cdec/antenna/tag/e28068940000400386621d4f, 96
1652710227.988599, sdrt-health/mac:02010b41cdec/antenna/tag/e2806894000040038662114f, 91
1652710228.020118, sdrt-health/mac:02010b41cdec/antenna/tag/e2806894000050038661fd4f, 86
1652710228.020452, sdrt-health/mac:02010b41cdec/antenna/tag/e2806894000040038662114f, 97
1652710228.035336, sdrt-health/mac:02010b41cdec/antenna/tag/e28068940000400386621d4f, 90
1652710228.035553, sdrt-health/mac:02010b41cdec/antenna/tag/e2806894000050038661fd4f, 86
1652710228.07513, sdrt-health/mac:02010b41cdec/antenna/tag/e28068940000400386621d4f, 96
1652710228.105258, sdrt-health/mac:02010b41cdec/antenna/tag/e2806894000050038661fd4f, 86
1652710228.105475, sdrt-health/mac:02010b41cdec/antenna/tag/e2806894000050038662194f, 81
1652710228.118912, sdrt-health/mac:02010b41cdec/antenna/tag/e2806894000050038662194f, 94
1652710228.169507, sdrt-health/mac:02010b41cdec/antenna/tag/e28068940000400386621d4f, 90
1652710228.217547, sdrt-health/mac:02010b41cdec/antenna/tag/e28068940000400386621d4f, 96
1652710228.293766, sdrt-health/mac:02010b41cdec/antenna/tag/e2806894000050038662154f, 85
1652710228.322395, sdrt-health/mac:02010b41cdec/antenna/tag/e2806894000050038662194f, 83
1652710228.322783, sdrt-health/mac:02010b41cdec/antenna/tag/e2806894000050038661fd4f, 86
1652710228.323053, sdrt-health/mac:02010b41cdec/antenna/tag/e2806894000040038662114f, 91
1652710228.359399, sdrt-health/mac:02010b41cdec/antenna/tag/e2806894000040038662114f, 88
1652710228.431157, sdrt-health/mac:02010b41cdec/antenna/tag/e2806894000050038661fd4f, 83
1652710228.434447, sdrt-health/mac:02010b41cdec/antenna/tag/e28068940000400386621d4f, 90
1652710228.448585, sdrt-health/mac:02010b41cdec/antenna/tag/e2806894000050038662194f, 81
1652710228.448908, sdrt-health/mac:02010b41cdec/antenna/tag/e28068940000400386621d4f, 96
1652710228.470458, sdrt-health/mac:02010b41cdec/antenna/tag/e28068940000400386621d4f, 77
1652710228.524074, sdrt-health/mac:02010b41cdec/antenna/tag/e2806894000040038662114f, 85
1652710228.52429, sdrt-health/mac:02010b41cdec/antenna/tag/e28068940000400386621d4f, 77
1652710228.539293, sdrt-health/mac:02010b41cdec/antenna/tag/e2806894000050038661fd4f, 83
1652710228.548809, sdrt-health/mac:02010b41cdec/antenna/tag/e2806894000050038661fd4f, 86
1652710228.599426, sdrt-health/mac:02010b41cdec/antenna/tag/e2806894000050038662154f, 88
1652710228.68372, sdrt-health/mac:02010b41cdec/antenna/tag/e2806894000050038661fd4f, 86
1652710228.684309, sdrt-health/mac:02010b41cdec/antenna/tag/e2806894000050038662154f, 91
1652710228.697731, sdrt-health/mac:02010b41cdec/antenna/tag/e2806894000050038661fd4f, 83
1652710228.709591, sdrt-health/mac:02010b41cdec/antenna/tag/e2806894000050038661fd4f, 83
1652710228.748748, sdrt-health/mac:02010b41cdec/antenna/tag/e2806894000050038662194f, 81
1652710228.808623, sdrt-health/mac:02010b41cdec/antenna/tag/e28068940000400386621d4f, 96
1652710228.864457, sdrt-health/mac:02010b41cdec/antenna/tag/e28068940000400386621d4f, 90
1652710228.92459, sdrt-health/mac:02010b41cdec/antenna/tag/e2806894000050038661fd4f, 90
1652710228.925063, sdrt-health/mac:02010b41cdec/antenna/tag/e28068940000400386621d4f, 96
1652710228.925402, sdrt-health/mac:02010b41cdec/antenna/tag/e2806894000050038662154f, 91
1652710228.964101, sdrt-health/mac:02010b41cdec/antenna/tag/e2806894000040038662114f, 97
1652710229.017619, sdrt-health/mac:02010b41cdec/antenna/tag/e2806894000050038661fd4f, 86
1652710229.070403, sdrt-health/mac:02010b41cdec/antenna/tag/e2806894000040038662114f, 97
1652710229.070905, sdrt-health/mac:02010b41cdec/antenna/tag/e2806894000050038661fd4f, 86
1652710229.12607, sdrt-health/mac:02010b41cdec/antenna/tag/e2806894000050038662194f, 83
1652710229.178256, sdrt-health/mac:02010b41cdec/antenna/tag/e2806894000050038661fd4f, 86
1652710229.178694, sdrt-health/mac:02010b41cdec/antenna/tag/e2806894000050038661fd4f, 86
1652710229.240467, sdrt-health/mac:02010b41cdec/antenna/tag/e2806894000050038661fd4f, 83
1652710229.298451, sdrt-health/mac:02010b41cdec/antenna/tag/e2806894000050038662154f, 88
1652710229.371773, sdrt-health/mac:02010b41cdec/antenna/tag/e28068940000400386621d4f, 96
1652710229.372233, sdrt-health/mac:02010b41cdec/antenna/tag/e2806894000050038661fd4f, 83
1652710229.372608, sdrt-health/mac:02010b41cdec/antenna/tag/e2806894000050038662154f, 88
1652710229.384841, sdrt-health/mac:02010b41cdec/antenna/tag/e2806894000050038661fd4f, 83
1652710229.38527, sdrt-health/mac:02010b41cdec/antenna/tag/e2806894000050038662154f, 85
1652710229.425152, sdrt-health/mac:02010b41cdec/antenna/tag/e28068940000400386621d4f, 77
1652710229.494583, sdrt-health/mac:02010b41cdec/antenna/tag/e28068940000400386621d4f, 96
1652710229.55643, sdrt-health/mac:02010b41cdec/antenna/tag/e2806894000040038662114f, 88
1652710229.55704, sdrt-health/mac:02010b41cdec/antenna/tag/e2806894000050038662154f, 88
1652710229.572835, sdrt-health/mac:02010b41cdec/antenna/tag/e28068940000400386621d4f, 77
1652710229.637343, sdrt-health/mac:02010b41cdec/antenna/tag/e2806894000050038661fd4f, 83
1652710229.697152, sdrt-health/mac:02010b41cdec/antenna/tag/e2806894000050038662194f, 83
1652710229.752465, sdrt-health/mac:02010b41cdec/antenna/tag/e2806894000040038662114f, 91
1652710229.752985, sdrt-health/mac:02010b41cdec/antenna/tag/e2806894000050038661fd4f, 86
1652710229.794996, sdrt-health/mac:02010b41cdec/antenna/tag/e2806894000050038661fd4f, 83
1652710229.854003, sdrt-health/mac:02010b41cdec/antenna/tag/e2806894000050038661fd4f, 83
1652710229.900361, sdrt-health/mac:02010b41cdec/antenna/tag/e2806894000050038661fd4f, 86
1652710229.9746, sdrt-health/mac:02010b41cdec/antenna/tag/e28068940000400386621d4f, 96
1652710229.97512, sdrt-health/mac:02010b41cdec/antenna/tag/e2806894000050038661fd4f, 86
1652710229.988299, sdrt-health/mac:02010b41cdec/antenna/tag/e2806894000050038662154f, 91
1652710229.988758, sdrt-health/mac:02010b41cdec/antenna/tag/e2806894000040038662114f, 91
1652710230.036561, sdrt-health/mac:02010b41cdec/antenna/tag/e2806894000050038662154f, 97
1652710230.116231, sdrt-health/mac:02010b41cdec/antenna/tag/e2806894000050038662154f, 88
1652710230.169932, sdrt-health/mac:02010b41cdec/antenna/tag/e2806894000040038662114f, 88
1652710230.246577, sdrt-health/mac:02010b41cdec/antenna/tag/e28068940000400386621d4f, 96
1652710230.247069, sdrt-health/mac:02010b41cdec/antenna/tag/e2806894000050038662154f, 85
1652710230.261155, sdrt-health/mac:02010b41cdec/antenna/tag/e28068940000400386621d4f, 96
1652710230.261646, sdrt-health/mac:02010b41cdec/antenna/tag/e2806894000050038661fd4f, 83
1652710230.26198, sdrt-health/mac:02010b41cdec/antenna/tag/e28068940000400386621d4f, 90
1652710230.27709, sdrt-health/mac:02010b41cdec/antenna/tag/e28068940000400386621d4f, 77
1652710230.334719, sdrt-health/mac:02010b41cdec/antenna/tag/e2806894000050038661fd4f, 83
1652710230.386256, sdrt-health/mac:02010b41cdec/antenna/tag/e2806894000050038662154f, 85
1652710230.459868, sdrt-health/mac:02010b41cdec/antenna/tag/e28068940000400386621d4f, 96
1652710230.460346, sdrt-health/mac:02010b41cdec/antenna/tag/e2806894000050038661fd4f, 83
1652710230.48612, sdrt-health/mac:02010b41cdec/antenna/tag/e2806894000050038662154f, 91
1652710230.537126, sdrt-health/mac:02010b41cdec/antenna/tag/e28068940000400386621d4f, 90
1652710230.572743, sdrt-health/mac:02010b41cdec/antenna/tag/e2806894000040038662114f, 97
1652710230.585307, sdrt-health/mac:02010b41cdec/antenna/tag/e2806894000040038662114f, 97
1652710230.620575, sdrt-health/mac:02010b41cdec/antenna/tag/e2806894000050038661fd4f, 86
1652710230.677469, sdrt-health/mac:02010b41cdec/antenna/tag/e2806894000050038662154f, 88
1652710230.728591, sdrt-health/mac:02010b41cdec/antenna/tag/e28068940000400386621d4f, 90
1652710230.764906, sdrt-health/mac:02010b41cdec/antenna/tag/e2806894000050038662154f, 85
1652710230.765409, sdrt-health/mac:02010b41cdec/antenna/tag/e2806894000050038662194f, 83
1652710230.765767, sdrt-health/mac:02010b41cdec/antenna/tag/e2806894000040038662114f, 91
1652710230.777762, sdrt-health/mac:02010b41cdec/antenna/tag/e28068940000400386621d4f, 96
1652710230.836982, sdrt-health/mac:02010b41cdec/antenna/tag/e2806894000040038661f94f, 94
1652710230.837482, sdrt-health/mac:02010b41cdec/antenna/tag/e2806894000040038661f94f, 94
1652710230.906288, sdrt-health/mac:02010b41cdec/antenna/tag/e28068940000400386621d4f, 77
1652710230.934158, sdrt-health/mac:02010b41cdec/antenna/tag/e2806894000040038662214f, 81
1652710230.934466, sdrt-health/mac:02010b41cdec/antenna/tag/e2806894000040038662114f, 88
1652710230.974177, sdrt-health/mac:02010b41cdec/antenna/tag/e2806894000050038662194f, 94
1652710231.019985, sdrt-health/mac:02010b41cdec/antenna/tag/e28068940000500386620d4f, 94
1652710231.02021, sdrt-health/mac:02010b41cdec/antenna/tag/e2806894000040038662114f, 88
1652710231.037666, sdrt-health/mac:02010b41cdec/antenna/tag/e2806894000050038662194f, 94
1652710231.037876, sdrt-health/mac:02010b41cdec/antenna/tag/e28068940000400386621d4f, 96
1652710231.038032, sdrt-health/mac:02010b41cdec/antenna/tag/e2806894000050038662194f, 83
1652710231.03829, sdrt-health/mac:02010b41cdec/antenna/tag/e28068940000400386621d4f, 96
1652710231.071238, sdrt-health/mac:02010b41cdec/antenna/tag/e28068940000400386621d4f, 96
1652710231.145794, sdrt-health/mac:02010b41cdec/antenna/tag/e2806894000050038661fd4f, 83
1652710231.146299, sdrt-health/mac:02010b41cdec/antenna/tag/e2806894000040038662114f, 88
1652710231.15974, sdrt-health/mac:02010b41cdec/antenna/tag/e2806894000050038662154f, 91
1652710231.19392, sdrt-health/mac:02010b41cdec/antenna/tag/e2806894000050038662154f, 91
1652710231.265664, sdrt-health/mac:02010b41cdec/antenna/tag/e28068940000400386621d4f, 96
1652710231.324546, sdrt-health/mac:02010b41cdec/antenna/tag/e2806894000050038661fd4f, 83
1652710231.325104, sdrt-health/mac:02010b41cdec/antenna/tag/e28068940000400386621d4f, 77
1652710231.338657, sdrt-health/mac:02010b41cdec/antenna/tag/e2806894000050038662194f, 94
1652710231.370608, sdrt-health/mac:02010b41cdec/antenna/tag/e2806894000040038662114f, 91
1652710231.370904, sdrt-health/mac:02010b41cdec/antenna/tag/e28068940000400386621d4f, 96
1652710231.371091, sdrt-health/mac:02010b41cdec/antenna/tag/e2806894000050038662194f, 83
1652710231.40376, sdrt-health/mac:02010b41cdec/antenna/tag/e2806894000050038662154f, 88
1652710231.470949, sdrt-health/mac:02010b41cdec/antenna/tag/e2806894000040038662114f, 88
1652710231.471537, sdrt-health/mac:02010b41cdec/antenna/tag/e28068940000400386621d4f, 96
1652710231.486536, sdrt-health/mac:02010b41cdec/antenna/tag/e28068940000400386621d4f, 96
1652710231.533416, sdrt-health/mac:02010b41cdec/antenna/tag/e2806894000050038662154f, 88
1652710231.596532, sdrt-health/mac:02010b41cdec/antenna/tag/e28068940000400386621d4f, 96
1652710231.597149, sdrt-health/mac:02010b41cdec/antenna/tag/e2806894000040038662114f, 88
1652710231.610855, sdrt-health/mac:02010b41cdec/antenna/tag/e2806894000040038662054f, 94
1652710231.611861, sdrt-health/mac:02010b41cdec/antenna/tag/e2806894000040038662114f, 91
1652710231.612349, sdrt-health/mac:02010b41cdec/antenna/tag/e28068940000400386621d4f, 90
1652710231.63637, sdrt-health/mac:02010b41cdec/antenna/tag/e2806894000040038662114f, 88
1652710231.71808, sdrt-health/mac:02010b41cdec/antenna/tag/e2806894000050038662154f, 91
1652710231.718567, sdrt-health/mac:02010b41cdec/antenna/tag/e2806894000040038662114f, 88
1652710231.746655, sdrt-health/mac:02010b41cdec/antenna/tag/e2806894000050038662154f, 85
1652710231.796481, sdrt-health/mac:02010b41cdec/antenna/tag/e2806894000050038661fd4f, 83
1652710231.846419, sdrt-health/mac:02010b41cdec/antenna/tag/e2806894000050038662154f, 88
1652710231.847364, sdrt-health/mac:02010b41cdec/antenna/tag/e2806894000050038661fd4f, 86
1652710231.898634, sdrt-health/mac:02010b41cdec/antenna/tag/e2806894000050038661fd4f, 90
1652710231.958154, sdrt-health/mac:02010b41cdec/antenna/tag/e2806894000050038661fd4f, 86
1652710232.014745, sdrt-health/mac:02010b41cdec/antenna/tag/e2806894000050038662154f, 88
1652710232.073135, sdrt-health/mac:02010b41cdec/antenna/tag/e28068940000400386621d4f, 96
1652710232.073438, sdrt-health/mac:02010b41cdec/antenna/tag/e2806894000050038662154f, 88
1652710232.089302, sdrt-health/mac:02010b41cdec/antenna/tag/e2806894000050038661fd4f, 86
1652710232.114713, sdrt-health/mac:02010b41cdec/antenna/tag/e2806894000050038662154f, 85
1652710232.145482, sdrt-health/mac:02010b41cdec/antenna/tag/e2806894000050038661fd4f, 83
1652710232.145839, sdrt-health/mac:02010b41cdec/antenna/tag/e2806894000050038662194f, 88
1652710232.176168, sdrt-health/mac:02010b41cdec/antenna/tag/e2806894000050038661fd4f, 83
1652710232.236988, sdrt-health/mac:02010b41cdec/antenna/tag/e2806894000050038662154f, 85
1652710232.237431, sdrt-health/mac:02010b41cdec/antenna/tag/e2806894000040038662214f, 81
1652710232.268578, sdrt-health/mac:02010b41cdec/antenna/tag/e2806894000050038662194f, 88
1652710232.345561, sdrt-health/mac:02010b41cdec/antenna/tag/e2806894000040038662214f, 88
1652710232.346081, sdrt-health/mac:02010b41cdec/antenna/tag/e2806894000040038662214f, 82
1652710232.382824, sdrt-health/mac:02010b41cdec/antenna/tag/e2806894000050038662154f, 88
1652710232.431958, sdrt-health/mac:02010b41cdec/antenna/tag/e28068940000400386621d4f, 96
1652710232.459747, sdrt-health/mac:02010b41cdec/antenna/tag/e2806894000050038662154f, 91
1652710232.460102, sdrt-health/mac:02010b41cdec/antenna/tag/e2806894000050038661fd4f, 83
1652710232.494513, sdrt-health/mac:02010b41cdec/antenna/tag/e28068940000400386621d4f, 90
1652710232.540501, sdrt-health/mac:02010b41cdec/antenna/tag/e2806894000040038662114f, 88
1652710232.607857, sdrt-health/mac:02010b41cdec/antenna/tag/e2806894000050038662154f, 88
1652710232.608313, sdrt-health/mac:02010b41cdec/antenna/tag/e2806894000050038662154f, 91
1652710232.622643, sdrt-health/mac:02010b41cdec/antenna/tag/e28068940000400386621d4f, 96
1652710232.661764, sdrt-health/mac:02010b41cdec/antenna/tag/e2806894000050038662194f, 81
1652710232.662349, sdrt-health/mac:02010b41cdec/antenna/tag/e2806894000050038662194f, 87
1652710232.674809, sdrt-health/mac:02010b41cdec/antenna/tag/e2806894000050038662154f, 85
1652710232.690088, sdrt-health/mac:02010b41cdec/antenna/tag/e28068940000400386621d4f, 96
1652710232.717636, sdrt-health/mac:02010b41cdec/antenna/tag/e2806894000050038662194f, 83
1652710232.717858, sdrt-health/mac:02010b41cdec/antenna/tag/e28068940000400386621d4f, 90
1652710232.748641, sdrt-health/mac:02010b41cdec/antenna/tag/e28068940000400386621d4f, 77
1652710232.80426, sdrt-health/mac:02010b41cdec/antenna/tag/e28068940000400386621d4f, 77
1652710232.804866, sdrt-health/mac:02010b41cdec/antenna/tag/e2806894000040038662114f, 88
1652710232.818011, sdrt-health/mac:02010b41cdec/antenna/tag/e2806894000050038661fd4f, 86
1652710232.818292, sdrt-health/mac:02010b41cdec/antenna/tag/e2806894000050038661fd4f, 83
1652710232.818561, sdrt-health/mac:02010b41cdec/antenna/tag/e2806894000040038662114f, 88
1652710232.897487, sdrt-health/mac:02010b41cdec/antenna/tag/e2806894000040038662114f, 91
1652710232.977293, sdrt-health/mac:02010b41cdec/antenna/tag/e2806894000040038662114f, 91
1652710233.04763, sdrt-health/mac:02010b41cdec/antenna/tag/e28068940000400386621d4f, 90
1652710233.048132, sdrt-health/mac:02010b41cdec/antenna/tag/e28068940000400386621d4f, 96
1652710233.061475, sdrt-health/mac:02010b41cdec/antenna/tag/e2806894000050038661fd4f, 83
1652710233.077017, sdrt-health/mac:02010b41cdec/antenna/tag/e2806894000040038662114f, 88
1652710233.135471, sdrt-health/mac:02010b41cdec/antenna/tag/e2806894000050038662154f, 88
1652710233.182035, sdrt-health/mac:02010b41cdec/antenna/tag/e28068940000400386621d4f, 90
1652710233.182474, sdrt-health/mac:02010b41cdec/antenna/tag/e2806894000040038662114f, 88
1652710233.220287, sdrt-health/mac:02010b41cdec/antenna/tag/e28068940000400386621d4f, 96
1652710233.262132, sdrt-health/mac:02010b41cdec/antenna/tag/e2806894000050038662154f, 97
1652710233.308875, sdrt-health/mac:02010b41cdec/antenna/tag/e2806894000050038662194f, 81
1652710233.381573, sdrt-health/mac:02010b41cdec/antenna/tag/e28068940000400386621d4f, 90
1652710233.381892, sdrt-health/mac:02010b41cdec/antenna/tag/e2806894000050038662154f, 85
1652710233.417314, sdrt-health/mac:02010b41cdec/antenna/tag/e2806894000040038661f94f, 81
1652710233.493627, sdrt-health/mac:02010b41cdec/antenna/tag/e2806894000050038661fd4f, 83
1652710233.494139, sdrt-health/mac:02010b41cdec/antenna/tag/e2806894000040038662114f, 88
1652710233.508967, sdrt-health/mac:02010b41cdec/antenna/tag/e2806894000050038662154f, 85
1652710233.509573, sdrt-health/mac:02010b41cdec/antenna/tag/e2806894000050038661fd4f, 83
1652710233.535302, sdrt-health/mac:02010b41cdec/antenna/tag/e2806894000050038662194f, 81
1652710233.583586, sdrt-health/mac:02010b41cdec/antenna/tag/e28068940000400386621d4f, 77
1652710233.631024, sdrt-health/mac:02010b41cdec/antenna/tag/e2806894000040038662114f, 88
1652710233.673029, sdrt-health/mac:02010b41cdec/antenna/tag/e28068940000400386621d4f, 77
1652710233.733204, sdrt-health/mac:02010b41cdec/antenna/tag/e2806894000040038662114f, 88
1652710233.733691, sdrt-health/mac:02010b41cdec/antenna/tag/e2806894000050038661fd4f, 83
1652710233.747027, sdrt-health/mac:02010b41cdec/antenna/tag/e2806894000040038662114f, 88
1652710233.764987, sdrt-health/mac:02010b41cdec/antenna/tag/e2806894000050038661fd4f, 86
1652710233.808419, sdrt-health/mac:02010b41cdec/antenna/tag/e2806894000050038662154f, 85
1652710233.839192, sdrt-health/mac:02010b41cdec/antenna/tag/e2806894000050038661fd4f, 83
1652710233.839479, sdrt-health/mac:02010b41cdec/antenna/tag/e2806894000050038662154f, 88
1652710233.861938, sdrt-health/mac:02010b41cdec/antenna/tag/e2806894000050038661fd4f, 86
1652710233.908341, sdrt-health/mac:02010b41cdec/antenna/tag/e2806894000050038661fd4f, 86
1652710233.963798, sdrt-health/mac:02010b41cdec/antenna/tag/e2806894000050038662194f, 94
1652710233.964301, sdrt-health/mac:02010b41cdec/antenna/tag/e2806894000050038662194f, 88
1652710233.977831, sdrt-health/mac:02010b41cdec/antenna/tag/e2806894000050038662194f, 88
1652710233.98758, sdrt-health/mac:02010b41cdec/antenna/tag/e28068940000400386621d4f, 77
1652710234.036681, sdrt-health/mac:02010b41cdec/antenna/tag/e28068940000400386621d4f, 90
1652710234.101923, sdrt-health/mac:02010b41cdec/antenna/tag/e28068940000400386621d4f, 90
1652710234.102391, sdrt-health/mac:02010b41cdec/antenna/tag/e2806894000050038661fd4f, 86
1652710234.127448, sdrt-health/mac:02010b41cdec/antenna/tag/e2806894000050038661fd4f, 86
1652710234.174862, sdrt-health/mac:02010b41cdec/antenna/tag/e2806894000050038661fd4f, 86
1652710234.224052, sdrt-health/mac:02010b41cdec/antenna/tag/e2806894000050038662154f, 85
1652710234.270673, sdrt-health/mac:02010b41cdec/antenna/tag/e2806894000050038662154f, 88
1652710234.326564, sdrt-health/mac:02010b41cdec/antenna/tag/e2806894000050038662154f, 88
1652710234.327195, sdrt-health/mac:02010b41cdec/antenna/tag/e2806894000050038662154f, 85
1652710234.35036, sdrt-health/mac:02010b41cdec/antenna/tag/e2806894000040038662114f, 91
1652710234.350857, sdrt-health/mac:02010b41cdec/antenna/tag/e2806894000050038662154f, 88
1652710234.466583, sdrt-health/mac:02010b41cdec/antenna/tag/e2806894000050038661fd4f, 86
1652710234.521747, sdrt-health/mac:02010b41cdec/antenna/tag/e28068940000400386621d4f, 90
1652710234.580689, sdrt-health/mac:02010b41cdec/antenna/tag/e2806894000040038662114f, 91
1652710234.582194, sdrt-health/mac:02010b41cdec/antenna/tag/e2806894000050038661fd4f, 86
1652710234.594385, sdrt-health/mac:02010b41cdec/antenna/tag/e2806894000050038661fd4f, 86
1652710234.616297, sdrt-health/mac:02010b41cdec/antenna/tag/e28068940000400386621d4f, 90
1652710234.705622, sdrt-health/mac:02010b41cdec/antenna/tag/e2806894000050038662194f, 83
1652710234.706112, sdrt-health/mac:02010b41cdec/antenna/tag/e2806894000050038662154f, 88
1652710234.722166, sdrt-health/mac:02010b41cdec/antenna/tag/e2806894000050038661fd4f, 86
1652710234.750282, sdrt-health/mac:02010b41cdec/antenna/tag/e28068940000400386621d4f, 96
1652710234.799955, sdrt-health/mac:02010b41cdec/antenna/tag/e2806894000050038662154f, 85
1652710234.800333, sdrt-health/mac:02010b41cdec/antenna/tag/e2806894000050038662154f, 88
1652710234.800615, sdrt-health/mac:02010b41cdec/antenna/tag/e2806894000050038661fd4f, 83
1652710234.829875, sdrt-health/mac:02010b41cdec/antenna/tag/e2806894000050038661fd4f, 86
1652710234.901049, sdrt-health/mac:02010b41cdec/antenna/tag/e28068940000400386621d4f, 90
1652710234.901555, sdrt-health/mac:02010b41cdec/antenna/tag/e2806894000050038662194f, 93
1652710234.929068, sdrt-health/mac:02010b41cdec/antenna/tag/e2806894000050038662154f, 88
1652710234.997807, sdrt-health/mac:02010b41cdec/antenna/tag/e2806894000050038662154f, 85
1652710234.998255, sdrt-health/mac:02010b41cdec/antenna/tag/e2806894000040038662114f, 88
1652710235.01792, sdrt-health/mac:02010b41cdec/antenna/tag/e2806894000050038662154f, 85
1652710235.084633, sdrt-health/mac:02010b41cdec/antenna/tag/e2806894000050038661fd4f, 86
1652710235.085144, sdrt-health/mac:02010b41cdec/antenna/tag/e2806894000040038662114f, 88
1652710235.098867, sdrt-health/mac:02010b41cdec/antenna/tag/e2806894000040038662114f, 88
1652710235.126453, sdrt-health/mac:02010b41cdec/antenna/tag/e2806894000050038662154f, 91
1652710235.169985, sdrt-health/mac:02010b41cdec/antenna/tag/e2806894000050038662154f, 88
1652710235.170217, sdrt-health/mac:02010b41cdec/antenna/tag/e2806894000040038662114f, 88
1652710235.214862, sdrt-health/mac:02010b41cdec/antenna/tag/e28068940000400386621d4f, 96
1652710235.262471, sdrt-health/mac:02010b41cdec/antenna/tag/e2806894000040038662114f, 88
1652710235.321155, sdrt-health/mac:02010b41cdec/antenna/tag/e2806894000050038661fd4f, 83
1652710235.321705, sdrt-health/mac:02010b41cdec/antenna/tag/e2806894000050038661fd4f, 86
1652710235.34712, sdrt-health/mac:02010b41cdec/antenna/tag/e2806894000050038661fd4f, 86
1652710235.397258, sdrt-health/mac:02010b41cdec/antenna/tag/e2806894000040038662114f, 91
1652710235.474217, sdrt-health/mac:02010b41cdec/antenna/tag/e2806894000040038662114f, 91
1652710235.474483, sdrt-health/mac:02010b41cdec/antenna/tag/e2806894000050038662194f, 83
1652710235.507385, sdrt-health/mac:02010b41cdec/antenna/tag/e2806894000040038662114f, 97
1652710235.534443, sdrt-health/mac:02010b41cdec/antenna/tag/e2806894000050038661fd4f, 83
1652710235.534658, sdrt-health/mac:02010b41cdec/antenna/tag/e2806894000050038662154f, 88
1652710235.547142, sdrt-health/mac:02010b41cdec/antenna/tag/e28068940000400386621d4f, 90
1652710235.54745, sdrt-health/mac:02010b41cdec/antenna/tag/e2806894000040038662114f, 97
1652710235.637504, sdrt-health/mac:02010b41cdec/antenna/tag/e28068940000400386621d4f, 90
1652710235.687562, sdrt-health/mac:02010b41cdec/antenna/tag/e2806894000050038661fd4f, 86
1652710235.754868, sdrt-health/mac:02010b41cdec/antenna/tag/e2806894000050038662154f, 85
1652710235.7552, sdrt-health/mac:02010b41cdec/antenna/tag/e2806894000050038662154f, 91
1652710235.797253, sdrt-health/mac:02010b41cdec/antenna/tag/e2806894000040038662114f, 91
1652710235.797649, sdrt-health/mac:02010b41cdec/antenna/tag/e2806894000040038662114f, 88
1652710235.810659, sdrt-health/mac:02010b41cdec/antenna/tag/e2806894000050038662154f, 88
1652710235.845142, sdrt-health/mac:02010b41cdec/antenna/tag/e28068940000400386621d4f, 77
1652710235.887122, sdrt-health/mac:02010b41cdec/antenna/tag/e2806894000050038662154f, 88
1652710235.95159, sdrt-health/mac:02010b41cdec/antenna/tag/e2806894000040038662114f, 88
1652710235.952138, sdrt-health/mac:02010b41cdec/antenna/tag/e2806894000050038661fd4f, 86
1652710235.986783, sdrt-health/mac:02010b41cdec/antenna/tag/e28068940000400386621d4f, 96
1652710236.027716, sdrt-health/mac:02010b41cdec/antenna/tag/e28068940000400386621d4f, 96
1652710236.091273, sdrt-health/mac:02010b41cdec/antenna/tag/e2806894000040038662114f, 88
1652710236.128872, sdrt-health/mac:02010b41cdec/antenna/tag/e2806894000040038662114f, 88
1652710236.190972, sdrt-health/mac:02010b41cdec/antenna/tag/e2806894000050038662194f, 81
1652710236.191448, sdrt-health/mac:02010b41cdec/antenna/tag/e2806894000040038662114f, 88
1652710236.210452, sdrt-health/mac:02010b41cdec/antenna/tag/e2806894000040038662114f, 91
1652710236.277267, sdrt-health/mac:02010b41cdec/antenna/tag/e2806894000040038662114f, 88
1652710236.313189, sdrt-health/mac:02010b41cdec/antenna/tag/e2806894000050038661fd4f, 83
1652710236.313684, sdrt-health/mac:02010b41cdec/antenna/tag/e2806894000040038662114f, 85
1652710236.328156, sdrt-health/mac:02010b41cdec/antenna/tag/e2806894000040038662114f, 88
1652710236.358111, sdrt-health/mac:02010b41cdec/antenna/tag/e2806894000050038662154f, 91
1652710236.358384, sdrt-health/mac:02010b41cdec/antenna/tag/e2806894000050038661fd4f, 83
1652710236.358577, sdrt-health/mac:02010b41cdec/antenna/tag/e2806894000050038662154f, 88
1652710236.377324, sdrt-health/mac:02010b41cdec/antenna/tag/e2806894000050038661fd4f, 86
1652710236.450578, sdrt-health/mac:02010b41cdec/antenna/tag/e2806894000050038662154f, 91
1652710236.451138, sdrt-health/mac:02010b41cdec/antenna/tag/e28068940000400386621d4f, 96
1652710236.464602, sdrt-health/mac:02010b41cdec/antenna/tag/e2806894000050038661fd4f, 83
1652710236.501093, sdrt-health/mac:02010b41cdec/antenna/tag/e2806894000050038661fd4f, 86
1652710236.501398, sdrt-health/mac:02010b41cdec/antenna/tag/e2806894000050038662154f, 88
1652710236.51483, sdrt-health/mac:02010b41cdec/antenna/tag/e28068940000400386621d4f, 96
1652710236.52937, sdrt-health/mac:02010b41cdec/antenna/tag/e2806894000050038661fd4f, 86
1652710236.529762, sdrt-health/mac:02010b41cdec/antenna/tag/e2806894000050038662154f, 91
1652710236.530046, sdrt-health/mac:02010b41cdec/antenna/tag/e28068940000400386621d4f, 96
1652710236.545197, sdrt-health/mac:02010b41cdec/antenna/tag/e2806894000050038662154f, 88
1652710236.581107, sdrt-health/mac:02010b41cdec/antenna/tag/e2806894000050038661fd4f, 86
1652710236.668206, sdrt-health/mac:02010b41cdec/antenna/tag/e2806894000050038662154f, 88
1652710236.735602, sdrt-health/mac:02010b41cdec/antenna/tag/e2806894000050038661fd4f, 83
1652710236.800882, sdrt-health/mac:02010b41cdec/antenna/tag/e28068940000400386621d4f, 96
1652710236.801382, sdrt-health/mac:02010b41cdec/antenna/tag/e28068940000400386621d4f, 77
1652710236.818384, sdrt-health/mac:02010b41cdec/antenna/tag/e2806894000040038661f94f, 94
1652710236.818814, sdrt-health/mac:02010b41cdec/antenna/tag/e2806894000040038662214f, 81
1652710236.819075, sdrt-health/mac:02010b41cdec/antenna/tag/e28068940000400386621d4f, 77
1652710236.836754, sdrt-health/mac:02010b41cdec/antenna/tag/e2806894000040038662114f, 91
1652710236.909476, sdrt-health/mac:02010b41cdec/antenna/tag/e28068940000400386621d4f, 96
1652710236.948233, sdrt-health/mac:02010b41cdec/antenna/tag/e2806894000040038662114f, 91
1652710236.948658, sdrt-health/mac:02010b41cdec/antenna/tag/e2806894000050038662154f, 88
1652710236.99655, sdrt-health/mac:02010b41cdec/antenna/tag/e2806894000050038662154f, 85
1652710237.045269, sdrt-health/mac:02010b41cdec/antenna/tag/e28068940000400386621d4f, 90
1652710237.045747, sdrt-health/mac:02010b41cdec/antenna/tag/e2806894000050038662194f, 81
1652710237.096079, sdrt-health/mac:02010b41cdec/antenna/tag/e2806894000050038662194f, 83
1652710237.147214, sdrt-health/mac:02010b41cdec/antenna/tag/e2806894000040038662054f, 88
1652710237.221177, sdrt-health/mac:02010b41cdec/antenna/tag/e2806894000050038661fd4f, 86
1652710237.291092, sdrt-health/mac:02010b41cdec/antenna/tag/e28068940000400386621d4f, 90
1652710237.29165, sdrt-health/mac:02010b41cdec/antenna/tag/e2806894000040038662114f, 97
1652710237.305368, sdrt-health/mac:02010b41cdec/antenna/tag/e2806894000050038662154f, 85
1652710237.329803, sdrt-health/mac:02010b41cdec/antenna/tag/e2806894000050038662194f, 110
1652710237.398141, sdrt-health/mac:02010b41cdec/antenna/tag/e2806894000040038661f94f, 88
1652710237.398656, sdrt-health/mac:02010b41cdec/antenna/tag/e2806894000040038662214f, 94
1652710237.447856, sdrt-health/mac:02010b41cdec/antenna/tag/e2806894000050038662194f, 81
1652710237.448369, sdrt-health/mac:02010b41cdec/antenna/tag/e2806894000040038662114f, 88
1652710237.509642, sdrt-health/mac:02010b41cdec/antenna/tag/e2806894000050038662154f, 91
1652710237.510196, sdrt-health/mac:02010b41cdec/antenna/tag/e2806894000050038662154f, 91
1652710237.523622, sdrt-health/mac:02010b41cdec/antenna/tag/e28068940000400386621d4f, 96
1652710237.568745, sdrt-health/mac:02010b41cdec/antenna/tag/e2806894000050038662154f, 91
1652710237.569089, sdrt-health/mac:02010b41cdec/antenna/tag/e2806894000050038662154f, 91
1652710237.585736, sdrt-health/mac:02010b41cdec/antenna/tag/e28068940000400386621d4f, 96
1652710237.624919, sdrt-health/mac:02010b41cdec/antenna/tag/e2806894000050038662194f, 83
1652710237.705177, sdrt-health/mac:02010b41cdec/antenna/tag/e2806894000050038662194f, 81
1652710237.705686, sdrt-health/mac:02010b41cdec/antenna/tag/e2806894000050038662154f, 91
1652710237.719312, sdrt-health/mac:02010b41cdec/antenna/tag/e28068940000400386621d4f, 77
1652710237.719864, sdrt-health/mac:02010b41cdec/antenna/tag/e2806894000040038662114f, 88
1652710237.729298, sdrt-health/mac:02010b41cdec/antenna/tag/e2806894000050038662154f, 85
1652710237.733478, sdrt-health/mac:02010b41cdec/antenna/tag/e2806894000050038661fd4f, 83
1652710237.796458, sdrt-health/mac:02010b41cdec/antenna/tag/e2806894000040038662114f, 88
1652710237.797118, sdrt-health/mac:02010b41cdec/antenna/tag/e2806894000050038662194f, 83
1652710237.855167, sdrt-health/mac:02010b41cdec/antenna/tag/e2806894000040038662114f, 88
1652710237.91073, sdrt-health/mac:02010b41cdec/antenna/tag/e2806894000050038662154f, 88
1652710237.911135, sdrt-health/mac:02010b41cdec/antenna/tag/e2806894000040038662114f, 91
1652710237.948485, sdrt-health/mac:02010b41cdec/antenna/tag/e2806894000050038661fd4f, 83
1652710238.003069, sdrt-health/mac:02010b41cdec/antenna/tag/e2806894000050038661fd4f, 86
1652710238.003582, sdrt-health/mac:02010b41cdec/antenna/tag/e28068940000400386621d4f, 90
1652710238.028265, sdrt-health/mac:02010b41cdec/antenna/tag/e2806894000050038662154f, 88
1652710238.028828, sdrt-health/mac:02010b41cdec/antenna/tag/e2806894000040038662114f, 88
1652710238.185648, sdrt-health/mac:02010b41cdec/antenna/tag/e2806894000040038662114f, 91
1652710238.219528, sdrt-health/mac:02010b41cdec/antenna/tag/e2806894000050038662154f, 85
1652710238.297371, sdrt-health/mac:02010b41cdec/antenna/tag/e2806894000050038662154f, 88
1652710238.297893, sdrt-health/mac:02010b41cdec/antenna/tag/e2806894000040038662114f, 88
1652710238.310251, sdrt-health/mac:02010b41cdec/antenna/tag/e2806894000050038661fd4f, 83
1652710238.310799, sdrt-health/mac:02010b41cdec/antenna/tag/e2806894000050038661fd4f, 83
1652710238.311272, sdrt-health/mac:02010b41cdec/antenna/tag/e2806894000040038662114f, 88
1652710238.380587, sdrt-health/mac:02010b41cdec/antenna/tag/e28068940000400386621d4f, 96
1652710238.427843, sdrt-health/mac:02010b41cdec/antenna/tag/e28068940000400386621d4f, 90
1652710238.428382, sdrt-health/mac:02010b41cdec/antenna/tag/e2806894000050038662154f, 88
1652710238.428808, sdrt-health/mac:02010b41cdec/antenna/tag/e2806894000050038661fd4f, 86
1652710238.445167, sdrt-health/mac:02010b41cdec/antenna/tag/e2806894000050038662154f, 91
1652710238.448456, sdrt-health/mac:02010b41cdec/antenna/tag/e28068940000400386621d4f, 90
1652710238.516977, sdrt-health/mac:02010b41cdec/antenna/tag/e2806894000050038662194f, 81
1652710238.582951, sdrt-health/mac:02010b41cdec/antenna/tag/e28068940000400386621d4f, 90
1652710238.667429, sdrt-health/mac:02010b41cdec/antenna/tag/e2806894000050038662154f, 88
1652710238.667905, sdrt-health/mac:02010b41cdec/antenna/tag/e28068940000400386621d4f, 96
1652710238.681103, sdrt-health/mac:02010b41cdec/antenna/tag/e2806894000050038662194f, 88
1652710238.68915, sdrt-health/mac:02010b41cdec/antenna/tag/e2806894000050038661fd4f, 83
1652710238.694666, sdrt-health/mac:02010b41cdec/antenna/tag/e28068940000400386621d4f, 77
1652710238.733794, sdrt-health/mac:02010b41cdec/antenna/tag/e2806894000050038662154f, 85
1652710238.79222, sdrt-health/mac:02010b41cdec/antenna/tag/e2806894000040038662214f, 88
1652710238.792677, sdrt-health/mac:02010b41cdec/antenna/tag/e28068940000400386621d4f, 96
1652710238.972941, sdrt-health/mac:02010b41cdec/antenna/tag/scan, scan stopped
