1652710110.687012, sdrt-health/mac:02010b41cdec/antenna/power/set, {"power": 280}
1652710111.805853, sdrt-health/mac:02010b41cdec/antenna/power/set, 
1652710115.715179, sdrt-health/mac:02010b41cdec/antenna/tag/scan, {"time": 20000}
1652710116.117311, sdrt-health/mac:02010b41cdec/antenna/tag/e2806894000050038661fd4f, 83
1652710116.17444, sdrt-health/mac:02010b41cdec/antenna/tag/e28068940000400386621d4f, 96
1652710116.219594, sdrt-health/mac:02010b41cdec/antenna/tag/e2806894000050038662194f, 94
1652710116.235665, sdrt-health/mac:02010b41cdec/antenna/tag/e2806894000050038662194f, 83
1652710116.270881, sdrt-health/mac:02010b41cdec/antenna/tag/e2806894000050038661fd4f, 86
1652710116.299295, sdrt-health/mac:02010b41cdec/antenna/tag/e28068940000400386621d4f, 90
1652710116.299738, sdrt-health/mac:02010b41cdec/antenna/tag/e28068940000400386621d4f, 96
1652710116.332141, sdrt-health/mac:02010b41cdec/antenna/tag/e2806894000050038662154f, 88
1652710116.362581, sdrt-health/mac:02010b41cdec/antenna/tag/e2806894000050038662154f, 88
1652710116.362829, sdrt-health/mac:02010b41cdec/antenna/tag/e2806894000050038661fd4f, 86
1652710116.363047, sdrt-health/mac:02010b41cdec/antenna/tag/e28068940000400386621d4f, 90
1652710116.386222, sdrt-health/mac:02010b41cdec/antenna/tag/e2806894000050038661fd4f, 86
1652710116.440155, sdrt-health/mac:02010b41cdec/antenna/tag/e2806894000050038661fd4f, 86
1652710116.440403, sdrt-health/mac:02010b41cdec/antenna/tag/e2806894000040038662114f, 91
1652710116.510598, sdrt-health/mac:02010b41cdec/antenna/tag/e28068940000400386621d4f, 96
1652710116.573276, sdrt-health/mac:02010b41cdec/antenna/tag/e28068940000400386621d4f, 90
1652710116.601986, sdrt-health/mac:02010b41cdec/antenna/tag/e2806894000050038662154f, 88
1652710116.602385, sdrt-health/mac:02010b41cdec/antenna/tag/e28068940000400386621d4f, 90
1652710116.602677, sdrt-health/mac:02010b41cdec/antenna/tag/e2806894000050038661fd4f, 86
1652710116.621301, sdrt-health/mac:02010b41cdec/antenna/tag/e2806894000050038662154f, 88
1652710116.70187, sdrt-health/mac:02010b41cdec/antenna/tag/e2806894000050038662194f, 83
1652710116.70237, sdrt-health/mac:02010b41cdec/antenna/tag/e28068940000400386621d4f, 96
1652710116.719623, sdrt-health/mac:02010b41cdec/antenna/tag/e2806894000040038662114f, 88
1652710116.769763, sdrt-health/mac:02010b41cdec/antenna/tag/e2806894000050038662154f, 88
1652710116.770187, sdrt-health/mac:02010b41cdec/antenna/tag/e28068940000400386621d4f, 96
1652710116.800673, sdrt-health/mac:02010b41cdec/antenna/tag/e28068940000400386621d4f, 96
1652710116.801172, sdrt-health/mac:02010b41cdec/antenna/tag/e2806894000050038662154f, 88
1652710116.82974, sdrt-health/mac:02010b41cdec/antenna/tag/e2806894000050038662154f, 85
1652710116.873405, sdrt-health/mac:02010b41cdec/antenna/tag/e2806894000050038661fd4f, 83
1652710116.873811, sdrt-health/mac:02010b41cdec/antenna/tag/e2806894000050038661fd4f, 83
1652710116.898829, sdrt-health/mac:02010b41cdec/antenna/tag/e2806894000050038662154f, 93
1652710116.954727, sdrt-health/mac:02010b41cdec/antenna/tag/e28068940000400386621d4f, 96
1652710116.955239, sdrt-health/mac:02010b41cdec/antenna/tag/e2806894000040038662114f, 88
1652710116.96923, sdrt-health/mac:02010b41cdec/antenna/tag/e2806894000040038662114f, 85
1652710116.969494, sdrt-health/mac:02010b41cdec/antenna/tag/e2806894000050038662154f, 91
1652710116.969648, sdrt-health/mac:02010b41cdec/antenna/tag/e2806894000050038662154f, 88
1652710116.969786, sdrt-health/mac:02010b41cdec/antenna/tag/e2806894000040038662114f, 88
1652710116.998883, sdrt-health/mac:02010b41cdec/antenna/tag/e2806894000040038662114f, 91
1652710117.0341, sdrt-health/mac:02010b41cdec/antenna/tag/e2806894000050038662154f, 88
1652710117.10812, sdrt-health/mac:02010b41cdec/antenna/tag/e28068940000400386621d4f, 90
1652710117.108611, sdrt-health/mac:02010b41cdec/antenna/tag/e28068940000400386621d4f, 96
1652710117.147543, sdrt-health/mac:02010b41cdec/antenna/tag/e2806894000040038662114f, 91
1652710117.179228, sdrt-health/mac:02010b41cdec/antenna/tag/e2806894000040038662114f, 88
1652710117.243557, sdrt-health/mac:02010b41cdec/antenna/tag/e2806894000050038661fd4f, 83
1652710117.243939, sdrt-health/mac:02010b41cdec/antenna/tag/e28068940000400386621d4f, 96
1652710117.257308, sdrt-health/mac:02010b41cdec/antenna/tag/e2806894000040038662114f, 85
1652710117.269101, sdrt-health/mac:02010b41cdec/antenna/tag/e2806894000050038661fd4f, 83
1652710117.271107, sdrt-health/mac:02010b41cdec/antenna/tag/e28068940000400386621d4f, 96
1652710117.319592, sdrt-health/mac:02010b41cdec/antenna/tag/e2806894000050038661fd4f, 86
1652710117.380095, sdrt-health/mac:02010b41cdec/antenna/tag/e2806894000050038662154f, 88
1652710117.380694, sdrt-health/mac:02010b41cdec/antenna/tag/e2806894000050038661fd4f, 83
1652710117.381133, sdrt-health/mac:02010b41cdec/antenna/tag/e2806894000050038661fd4f, 83
1652710117.411816, sdrt-health/mac:02010b41cdec/antenna/tag/e2806894000050038661fd4f, 86
1652710117.496483, sdrt-health/mac:02010b41cdec/antenna/tag/e2806894000040038662114f, 88
1652710117.497168, sdrt-health/mac:02010b41cdec/antenna/tag/e2806894000050038661fd4f, 86
1652710117.523257, sdrt-health/mac:02010b41cdec/antenna/tag/e28068940000400386621d4f, 90
1652710117.609142, sdrt-health/mac:02010b41cdec/antenna/tag/e2806894000040038662114f, 91
1652710117.609639, sdrt-health/mac:02010b41cdec/antenna/tag/e28068940000400386621d4f, 96
1652710117.609982, sdrt-health/mac:02010b41cdec/antenna/tag/e28068940000400386621d4f, 90
1652710117.610303, sdrt-health/mac:02010b41cdec/antenna/tag/e2806894000040038662114f, 88
1652710117.624176, sdrt-health/mac:02010b41cdec/antenna/tag/e28068940000400386621d4f, 90
1652710117.624711, sdrt-health/mac:02010b41cdec/antenna/tag/e2806894000050038662154f, 88
1652710117.625074, sdrt-health/mac:02010b41cdec/antenna/tag/e2806894000050038661fd4f, 83
1652710117.638734, sdrt-health/mac:02010b41cdec/antenna/tag/e2806894000040038662214f, 84
1652710117.652423, sdrt-health/mac:02010b41cdec/antenna/tag/e2806894000050038662154f, 91
1652710117.694892, sdrt-health/mac:02010b41cdec/antenna/tag/e28068940000400386621d4f, 96
1652710117.747743, sdrt-health/mac:02010b41cdec/antenna/tag/e2806894000050038662154f, 85
1652710117.78159, sdrt-health/mac:02010b41cdec/antenna/tag/e28068940000400386621d4f, 77
1652710117.782113, sdrt-health/mac:02010b41cdec/antenna/tag/e2806894000050038661fd4f, 83
1652710117.796253, sdrt-health/mac:02010b41cdec/antenna/tag/e2806894000040038662114f, 88
1652710117.796566, sdrt-health/mac:02010b41cdec/antenna/tag/e28068940000400386621d4f, 96
1652710117.85252, sdrt-health/mac:02010b41cdec/antenna/tag/e2806894000050038661fd4f, 83
1652710117.883772, sdrt-health/mac:02010b41cdec/antenna/tag/e2806894000040038662114f, 91
1652710117.884148, sdrt-health/mac:02010b41cdec/antenna/tag/e2806894000050038661fd4f, 83
1652710117.903107, sdrt-health/mac:02010b41cdec/antenna/tag/e2806894000040038662114f, 88
1652710117.903348, sdrt-health/mac:02010b41cdec/antenna/tag/e28068940000400386621d4f, 96
1652710117.937139, sdrt-health/mac:02010b41cdec/antenna/tag/e28068940000400386621d4f, 90
1652710117.993854, sdrt-health/mac:02010b41cdec/antenna/tag/e28068940000400386621d4f, 90
1652710118.039276, sdrt-health/mac:02010b41cdec/antenna/tag/e2806894000050038662154f, 85
1652710118.088331, sdrt-health/mac:02010b41cdec/antenna/tag/e2806894000050038662154f, 88
1652710118.119103, sdrt-health/mac:02010b41cdec/antenna/tag/e2806894000050038662194f, 87
1652710118.119553, sdrt-health/mac:02010b41cdec/antenna/tag/e2806894000050038661fd4f, 86
1652710118.149113, sdrt-health/mac:02010b41cdec/antenna/tag/e28068940000400386621d4f, 90
1652710118.386191, sdrt-health/mac:02010b41cdec/antenna/tag/e2806894000050038662154f, 85
1652710118.415799, sdrt-health/mac:02010b41cdec/antenna/tag/e2806894000050038661fd4f, 83
1652710118.514669, sdrt-health/mac:02010b41cdec/antenna/tag/e28068940000400386621d4f, 77
1652710118.515261, sdrt-health/mac:02010b41cdec/antenna/tag/e2806894000040038662114f, 85
1652710118.529016, sdrt-health/mac:02010b41cdec/antenna/tag/e2806894000040038661f94f, 82
1652710118.529274, sdrt-health/mac:02010b41cdec/antenna/tag/e28068940000400386621d4f, 96
1652710118.529466, sdrt-health/mac:02010b41cdec/antenna/tag/e28068940000400386621d4f, 96
1652710118.530343, sdrt-health/mac:02010b41cdec/antenna/tag/e2806894000050038661fd4f, 86
1652710118.530649, sdrt-health/mac:02010b41cdec/antenna/tag/e2806894000040038662114f, 88
1652710118.530934, sdrt-health/mac:02010b41cdec/antenna/tag/e28068940000400386621d4f, 96
1652710118.531138, sdrt-health/mac:02010b41cdec/antenna/tag/e28068940000400386621d4f, 96
1652710118.531365, sdrt-health/mac:02010b41cdec/antenna/tag/e2806894000050038662154f, 91
1652710118.531586, sdrt-health/mac:02010b41cdec/antenna/tag/e28068940000400386621d4f, 96
1652710118.53176, sdrt-health/mac:02010b41cdec/antenna/tag/e28068940000400386621d4f, 96
1652710118.531939, sdrt-health/mac:02010b41cdec/antenna/tag/e2806894000050038661fd4f, 86
1652710118.532129, sdrt-health/mac:02010b41cdec/antenna/tag/e28068940000400386621d4f, 96
1652710118.589054, sdrt-health/mac:02010b41cdec/antenna/tag/e2806894000050038661fd4f, 83
1652710118.59286, sdrt-health/mac:02010b41cdec/antenna/tag/e2806894000040038662114f, 88
1652710118.670393, sdrt-health/mac:02010b41cdec/antenna/tag/e2806894000040038662114f, 88
1652710118.699114, sdrt-health/mac:02010b41cdec/antenna/tag/e28068940000400386621d4f, 77
1652710118.699526, sdrt-health/mac:02010b41cdec/antenna/tag/e2806894000040038662114f, 91
1652710118.767687, sdrt-health/mac:02010b41cdec/antenna/tag/e2806894000040038662114f, 88
1652710118.840708, sdrt-health/mac:02010b41cdec/antenna/tag/e28068940000400386621d4f, 96
1652710118.898459, sdrt-health/mac:02010b41cdec/antenna/tag/e2806894000050038662194f, 83
1652710118.89896, sdrt-health/mac:02010b41cdec/antenna/tag/e2806894000050038662194f, 94
1652710118.899299, sdrt-health/mac:02010b41cdec/antenna/tag/e2806894000050038662154f, 88
1652710118.899613, sdrt-health/mac:02010b41cdec/antenna/tag/e28068940000400386621d4f, 96
1652710118.918911, sdrt-health/mac:02010b41cdec/antenna/tag/e2806894000050038662154f, 88
1652710118.941699, sdrt-health/mac:02010b41cdec/antenna/tag/e2806894000040038662114f, 88
1652710119.231487, sdrt-health/mac:02010b41cdec/antenna/tag/e2806894000050038661fd4f, 86
1652710119.269468, sdrt-health/mac:02010b41cdec/antenna/tag/e2806894000050038662154f, 88
1652710119.269969, sdrt-health/mac:02010b41cdec/antenna/tag/e2806894000040038662114f, 91
1652710119.270396, sdrt-health/mac:02010b41cdec/antenna/tag/e2806894000040038662114f, 88
1652710119.288051, sdrt-health/mac:02010b41cdec/antenna/tag/e2806894000050038661fd4f, 86
1652710119.319213, sdrt-health/mac:02010b41cdec/antenna/tag/e2806894000050038661fd4f, 86
1652710119.319501, sdrt-health/mac:02010b41cdec/antenna/tag/e2806894000050038661fd4f, 83
1652710119.319702, sdrt-health/mac:02010b41cdec/antenna/tag/e28068940000400386621d4f, 96
1652710119.319918, sdrt-health/mac:02010b41cdec/antenna/tag/e2806894000050038661fd4f, 83
1652710119.320107, sdrt-health/mac:02010b41cdec/antenna/tag/e2806894000050038662154f, 85
1652710119.3203, sdrt-health/mac:02010b41cdec/antenna/tag/e28068940000400386621d4f, 96
1652710119.320489, sdrt-health/mac:02010b41cdec/antenna/tag/e2806894000050038662154f, 85
1652710119.320672, sdrt-health/mac:02010b41cdec/antenna/tag/e2806894000050038662154f, 88
1652710119.320879, sdrt-health/mac:02010b41cdec/antenna/tag/e28068940000400386621d4f, 90
1652710119.321051, sdrt-health/mac:02010b41cdec/antenna/tag/e2806894000050038662154f, 88
1652710119.445102, sdrt-health/mac:02010b41cdec/antenna/tag/e28068940000400386621d4f, 90
1652710119.445342, sdrt-health/mac:02010b41cdec/antenna/tag/e2806894000050038662154f, 88
1652710119.445505, sdrt-health/mac:02010b41cdec/antenna/tag/e2806894000050038661fd4f, 83
1652710119.445747, sdrt-health/mac:02010b41cdec/antenna/tag/e2806894000050038661fd4f, 86
1652710119.489346, sdrt-health/mac:02010b41cdec/antenna/tag/e28068940000400386621d4f, 77
1652710119.63652, sdrt-health/mac:02010b41cdec/antenna/tag/e2806894000040038662114f, 88
1652710119.654684, sdrt-health/mac:02010b41cdec/antenna/tag/e2806894000050038662194f, 84
1652710119.655071, sdrt-health/mac:02010b41cdec/antenna/tag/e28068940000400386621d4f, 77
1652710119.65536, sdrt-health/mac:02010b41cdec/antenna/tag/e2806894000050038662154f, 85
1652710119.655667, sdrt-health/mac:02010b41cdec/antenna/tag/e2806894000050038662154f, 85
1652710119.655947, sdrt-health/mac:02010b41cdec/antenna/tag/e2806894000050038662154f, 93
1652710119.696953, sdrt-health/mac:02010b41cdec/antenna/tag/e2806894000050038662154f, 85
1652710119.911968, sdrt-health/mac:02010b41cdec/antenna/tag/e2806894000050038662154f, 85
1652710119.912493, sdrt-health/mac:02010b41cdec/antenna/tag/e28068940000400386621d4f, 96
1652710119.930013, sdrt-health/mac:02010b41cdec/antenna/tag/e2806894000040038662114f, 88
1652710119.930513, sdrt-health/mac:02010b41cdec/antenna/tag/e2806894000050038662154f, 97
1652710119.930921, sdrt-health/mac:02010b41cdec/antenna/tag/e2806894000050038662154f, 91
1652710120.046673, sdrt-health/mac:02010b41cdec/antenna/tag/e2806894000050038662154f, 88
1652710120.069627, sdrt-health/mac:02010b41cdec/antenna/tag/e2806894000040038662114f, 88
1652710120.069906, sdrt-health/mac:02010b41cdec/antenna/tag/e2806894000040038662114f, 88
1652710120.070084, sdrt-health/mac:02010b41cdec/antenna/tag/e2806894000050038661fd4f, 86
1652710120.070258, sdrt-health/mac:02010b41cdec/antenna/tag/e2806894000040038662114f, 88
1652710120.085482, sdrt-health/mac:02010b41cdec/antenna/tag/e2806894000050038662194f, 83
1652710120.109767, sdrt-health/mac:02010b41cdec/antenna/tag/e2806894000050038661fd4f, 86
1652710120.129268, sdrt-health/mac:02010b41cdec/antenna/tag/e2806894000040038662114f, 97
1652710120.129678, sdrt-health/mac:02010b41cdec/antenna/tag/e28068940000400386621d4f, 90
1652710120.250525, sdrt-health/mac:02010b41cdec/antenna/tag/e2806894000050038662154f, 85
1652710120.333464, sdrt-health/mac:02010b41cdec/antenna/tag/e2806894000050038662194f, 83
1652710120.334012, sdrt-health/mac:02010b41cdec/antenna/tag/e2806894000050038661fd4f, 86
1652710120.334393, sdrt-health/mac:02010b41cdec/antenna/tag/e2806894000050038662194f, 94
1652710120.456193, sdrt-health/mac:02010b41cdec/antenna/tag/e2806894000040038662114f, 91
1652710120.495374, sdrt-health/mac:02010b41cdec/antenna/tag/e28068940000400386621d4f, 90
1652710120.495778, sdrt-health/mac:02010b41cdec/antenna/tag/e2806894000050038661fd4f, 86
1652710120.496058, sdrt-health/mac:02010b41cdec/antenna/tag/e2806894000050038662194f, 81
1652710120.496383, sdrt-health/mac:02010b41cdec/antenna/tag/e28068940000400386621d4f, 90
1652710120.51116, sdrt-health/mac:02010b41cdec/antenna/tag/e2806894000050038662154f, 88
1652710120.511446, sdrt-health/mac:02010b41cdec/antenna/tag/e28068940000400386621d4f, 96
1652710120.511681, sdrt-health/mac:02010b41cdec/antenna/tag/e2806894000040038662114f, 88
1652710120.546222, sdrt-health/mac:02010b41cdec/antenna/tag/e2806894000040038662114f, 88
1652710120.674797, sdrt-health/mac:02010b41cdec/antenna/tag/e28068940000400386621d4f, 96
1652710120.675272, sdrt-health/mac:02010b41cdec/antenna/tag/e2806894000050038662154f, 91
1652710120.675655, sdrt-health/mac:02010b41cdec/antenna/tag/e2806894000040038662114f, 91
1652710120.675974, sdrt-health/mac:02010b41cdec/antenna/tag/e2806894000050038662154f, 85
1652710120.676287, sdrt-health/mac:02010b41cdec/antenna/tag/e2806894000050038661fd4f, 83
1652710120.676757, sdrt-health/mac:02010b41cdec/antenna/tag/e28068940000400386621d4f, 96
1652710120.709173, sdrt-health/mac:02010b41cdec/antenna/tag/e28068940000400386621d4f, 96
1652710120.879896, sdrt-health/mac:02010b41cdec/antenna/tag/e2806894000050038662154f, 87
1652710120.880384, sdrt-health/mac:02010b41cdec/antenna/tag/e2806894000040038662114f, 91
1652710120.880771, sdrt-health/mac:02010b41cdec/antenna/tag/e2806894000050038661fd4f, 86
1652710120.881092, sdrt-health/mac:02010b41cdec/antenna/tag/e2806894000040038662114f, 88
1652710120.88141, sdrt-health/mac:02010b41cdec/antenna/tag/e2806894000050038661fd4f, 83
1652710120.931734, sdrt-health/mac:02010b41cdec/antenna/tag/e2806894000040038662114f, 88
1652710121.107457, sdrt-health/mac:02010b41cdec/antenna/tag/e2806894000050038662154f, 88
1652710121.107926, sdrt-health/mac:02010b41cdec/antenna/tag/e28068940000500386620d4f, 88
1652710121.1085, sdrt-health/mac:02010b41cdec/antenna/tag/e2806894000050038662154f, 93
1652710121.110035, sdrt-health/mac:02010b41cdec/antenna/tag/e2806894000050038661fd4f, 86
1652710121.126819, sdrt-health/mac:02010b41cdec/antenna/tag/e2806894000040038662114f, 85
1652710121.127045, sdrt-health/mac:02010b41cdec/antenna/tag/e2806894000050038662154f, 88
1652710121.127176, sdrt-health/mac:02010b41cdec/antenna/tag/e28068940000400386621d4f, 96
1652710121.127294, sdrt-health/mac:02010b41cdec/antenna/tag/e2806894000050038661fd4f, 86
1652710121.127426, sdrt-health/mac:02010b41cdec/antenna/tag/e2806894000050038662154f, 93
1652710121.127558, sdrt-health/mac:02010b41cdec/antenna/tag/e2806894000040038661f94f, 81
1652710121.274659, sdrt-health/mac:02010b41cdec/antenna/tag/e2806894000050038662154f, 85
1652710121.305019, sdrt-health/mac:02010b41cdec/antenna/tag/e2806894000050038662194f, 81
1652710121.305245, sdrt-health/mac:02010b41cdec/antenna/tag/e28068940000400386621d4f, 96
1652710121.305379, sdrt-health/mac:02010b41cdec/antenna/tag/e2806894000050038662194f, 87
1652710121.338843, sdrt-health/mac:02010b41cdec/antenna/tag/e2806894000050038662194f, 88
1652710121.481341, sdrt-health/mac:02010b41cdec/antenna/tag/e2806894000050038662154f, 85
1652710121.481775, sdrt-health/mac:02010b41cdec/antenna/tag/e28068940000400386621d4f, 96
1652710121.482141, sdrt-health/mac:02010b41cdec/antenna/tag/e28068940000400386621d4f, 90
1652710121.50934, sdrt-health/mac:02010b41cdec/antenna/tag/e2806894000040038662114f, 91
1652710121.686567, sdrt-health/mac:02010b41cdec/antenna/tag/e2806894000050038662154f, 88
1652710121.687134, sdrt-health/mac:02010b41cdec/antenna/tag/e2806894000040038662114f, 88
1652710121.762911, sdrt-health/mac:02010b41cdec/antenna/tag/e2806894000040038662114f, 91
1652710121.763538, sdrt-health/mac:02010b41cdec/antenna/tag/e2806894000050038662154f, 88
1652710121.763891, sdrt-health/mac:02010b41cdec/antenna/tag/e2806894000040038662114f, 97
1652710121.764265, sdrt-health/mac:02010b41cdec/antenna/tag/e2806894000050038662154f, 88
1652710121.764582, sdrt-health/mac:02010b41cdec/antenna/tag/e28068940000400386621d4f, 96
1652710121.764936, sdrt-health/mac:02010b41cdec/antenna/tag/e2806894000040038662114f, 88
1652710121.765347, sdrt-health/mac:02010b41cdec/antenna/tag/e2806894000050038661fd4f, 83
1652710121.889805, sdrt-health/mac:02010b41cdec/antenna/tag/e2806894000050038662194f, 83
1652710121.951328, sdrt-health/mac:02010b41cdec/antenna/tag/e28068940000400386621d4f, 96
1652710121.951816, sdrt-health/mac:02010b41cdec/antenna/tag/e2806894000040038662114f, 88
1652710121.952153, sdrt-health/mac:02010b41cdec/antenna/tag/e28068940000400386621d4f, 90
1652710121.952464, sdrt-health/mac:02010b41cdec/antenna/tag/e2806894000050038662154f, 88
1652710121.96706, sdrt-health/mac:02010b41cdec/antenna/tag/e28068940000400386621d4f, 90
1652710121.967967, sdrt-health/mac:02010b41cdec/antenna/tag/e2806894000050038662154f, 88
1652710121.979723, sdrt-health/mac:02010b41cdec/antenna/tag/e2806894000040038662114f, 97
1652710122.149554, sdrt-health/mac:02010b41cdec/antenna/tag/e28068940000400386621d4f, 86
1652710122.150165, sdrt-health/mac:02010b41cdec/antenna/tag/e2806894000050038662194f, 81
1652710122.150562, sdrt-health/mac:02010b41cdec/antenna/tag/e2806894000050038662194f, 81
1652710122.204533, sdrt-health/mac:02010b41cdec/antenna/tag/e2806894000050038662194f, 81
1652710122.211304, sdrt-health/mac:02010b41cdec/antenna/tag/e2806894000050038662194f, 87
1652710122.354238, sdrt-health/mac:02010b41cdec/antenna/tag/e2806894000050038662194f, 81
1652710122.354768, sdrt-health/mac:02010b41cdec/antenna/tag/e28068940000400386621d4f, 96
1652710122.355126, sdrt-health/mac:02010b41cdec/antenna/tag/e28068940000400386621d4f, 96
1652710122.355449, sdrt-health/mac:02010b41cdec/antenna/tag/e2806894000050038662194f, 83
1652710122.365714, sdrt-health/mac:02010b41cdec/antenna/tag/e2806894000050038661fd4f, 86
1652710122.369965, sdrt-health/mac:02010b41cdec/antenna/tag/e2806894000050038662154f, 85
1652710122.380951, sdrt-health/mac:02010b41cdec/antenna/tag/e2806894000050038662194f, 81
1652710122.381402, sdrt-health/mac:02010b41cdec/antenna/tag/e2806894000050038662154f, 85
1652710122.407694, sdrt-health/mac:02010b41cdec/antenna/tag/e2806894000050038661fd4f, 86
1652710122.438648, sdrt-health/mac:02010b41cdec/antenna/tag/e2806894000050038661fd4f, 86
1652710122.438922, sdrt-health/mac:02010b41cdec/antenna/tag/e2806894000050038662194f, 83
1652710122.439175, sdrt-health/mac:02010b41cdec/antenna/tag/e28068940000400386621d4f, 96
1652710122.509611, sdrt-health/mac:02010b41cdec/antenna/tag/e2806894000050038661fd4f, 97
1652710122.599383, sdrt-health/mac:02010b41cdec/antenna/tag/e28068940000400386621d4f, 77
1652710122.631306, sdrt-health/mac:02010b41cdec/antenna/tag/e2806894000040038662114f, 85
1652710122.631693, sdrt-health/mac:02010b41cdec/antenna/tag/e28068940000400386621d4f, 96
1652710122.632055, sdrt-health/mac:02010b41cdec/antenna/tag/e2806894000050038661fd4f, 97
1652710122.632387, sdrt-health/mac:02010b41cdec/antenna/tag/e2806894000040038662114f, 88
1652710122.676251, sdrt-health/mac:02010b41cdec/antenna/tag/e2806894000040038662114f, 91
1652710122.747379, sdrt-health/mac:02010b41cdec/antenna/tag/e2806894000050038661fd4f, 83
1652710122.747831, sdrt-health/mac:02010b41cdec/antenna/tag/e28068940000400386621d4f, 96
1652710122.826558, sdrt-health/mac:02010b41cdec/antenna/tag/e2806894000050038661fd4f, 86
1652710122.855139, sdrt-health/mac:02010b41cdec/antenna/tag/e2806894000050038662154f, 88
1652710122.855412, sdrt-health/mac:02010b41cdec/antenna/tag/e2806894000050038661fd4f, 86
1652710122.855608, sdrt-health/mac:02010b41cdec/antenna/tag/e2806894000040038662114f, 91
1652710122.870542, sdrt-health/mac:02010b41cdec/antenna/tag/e2806894000050038661fd4f, 86
1652710122.870748, sdrt-health/mac:02010b41cdec/antenna/tag/e2806894000040038662114f, 97
1652710122.87092, sdrt-health/mac:02010b41cdec/antenna/tag/e28068940000400386621d4f, 90
1652710122.941436, sdrt-health/mac:02010b41cdec/antenna/tag/e2806894000040038662114f, 97
1652710123.018007, sdrt-health/mac:02010b41cdec/antenna/tag/e2806894000050038662194f, 81
1652710123.018461, sdrt-health/mac:02010b41cdec/antenna/tag/e28068940000400386621d4f, 90
1652710123.084516, sdrt-health/mac:02010b41cdec/antenna/tag/e2806894000050038661fd4f, 86
1652710123.117192, sdrt-health/mac:02010b41cdec/antenna/tag/e28068940000400386621d4f, 90
1652710123.117798, sdrt-health/mac:02010b41cdec/antenna/tag/e2806894000050038661fd4f, 86
1652710123.175109, sdrt-health/mac:02010b41cdec/antenna/tag/e2806894000050038662154f, 93
1652710123.209084, sdrt-health/mac:02010b41cdec/antenna/tag/e2806894000050038661fd4f, 86
1652710123.209411, sdrt-health/mac:02010b41cdec/antenna/tag/e2806894000050038662154f, 88
1652710123.248008, sdrt-health/mac:02010b41cdec/antenna/tag/e2806894000040038662114f, 91
1652710123.278383, sdrt-health/mac:02010b41cdec/antenna/tag/e28068940000400386621d4f, 96
1652710123.278647, sdrt-health/mac:02010b41cdec/antenna/tag/e28068940000400386621d4f, 96
1652710123.27882, sdrt-health/mac:02010b41cdec/antenna/tag/e2806894000050038662154f, 88
1652710123.311886, sdrt-health/mac:02010b41cdec/antenna/tag/e28068940000400386621d4f, 90
1652710123.386975, sdrt-health/mac:02010b41cdec/antenna/tag/e2806894000050038661fd4f, 83
1652710123.387539, sdrt-health/mac:02010b41cdec/antenna/tag/e2806894000050038662194f, 83
1652710123.402477, sdrt-health/mac:02010b41cdec/antenna/tag/e2806894000040038662114f, 88
1652710123.410308, sdrt-health/mac:02010b41cdec/antenna/tag/e2806894000050038661fd4f, 86
1652710123.417964, sdrt-health/mac:02010b41cdec/antenna/tag/e2806894000040038662114f, 85
1652710123.490365, sdrt-health/mac:02010b41cdec/antenna/tag/e2806894000040038662114f, 88
1652710123.591368, sdrt-health/mac:02010b41cdec/antenna/tag/e2806894000040038662114f, 88
1652710123.591833, sdrt-health/mac:02010b41cdec/antenna/tag/e28068940000400386621d4f, 96
1652710123.604911, sdrt-health/mac:02010b41cdec/antenna/tag/e28068940000400386621d4f, 90
1652710123.669862, sdrt-health/mac:02010b41cdec/antenna/tag/e2806894000050038661fd4f, 86
1652710123.670342, sdrt-health/mac:02010b41cdec/antenna/tag/e2806894000050038661fd4f, 83
1652710123.688247, sdrt-health/mac:02010b41cdec/antenna/tag/e2806894000050038662154f, 93
1652710123.732208, sdrt-health/mac:02010b41cdec/antenna/tag/e28068940000400386621d4f, 96
1652710123.732428, sdrt-health/mac:02010b41cdec/antenna/tag/e2806894000040038662114f, 88
1652710123.746222, sdrt-health/mac:02010b41cdec/antenna/tag/e28068940000400386621d4f, 96
1652710123.746486, sdrt-health/mac:02010b41cdec/antenna/tag/e2806894000050038662154f, 85
1652710123.797137, sdrt-health/mac:02010b41cdec/antenna/tag/e2806894000040038662114f, 88
1652710123.872438, sdrt-health/mac:02010b41cdec/antenna/tag/e2806894000050038661fd4f, 83
1652710123.874375, sdrt-health/mac:02010b41cdec/antenna/tag/e2806894000050038661fd4f, 83
1652710123.887568, sdrt-health/mac:02010b41cdec/antenna/tag/e2806894000050038661fd4f, 83
1652710123.936752, sdrt-health/mac:02010b41cdec/antenna/tag/e2806894000040038662114f, 88
1652710124.0134, sdrt-health/mac:02010b41cdec/antenna/tag/e2806894000050038661fd4f, 86
1652710124.013948, sdrt-health/mac:02010b41cdec/antenna/tag/e2806894000040038662114f, 88
1652710124.014365, sdrt-health/mac:02010b41cdec/antenna/tag/e28068940000400386621d4f, 96
1652710124.02816, sdrt-health/mac:02010b41cdec/antenna/tag/e2806894000050038661fd4f, 83
1652710124.068955, sdrt-health/mac:02010b41cdec/antenna/tag/e28068940000400386621d4f, 90
1652710124.069188, sdrt-health/mac:02010b41cdec/antenna/tag/e2806894000040038662114f, 85
1652710124.069329, sdrt-health/mac:02010b41cdec/antenna/tag/e2806894000040038662114f, 88
1652710124.09248, sdrt-health/mac:02010b41cdec/antenna/tag/e2806894000050038662154f, 88
1652710124.156466, sdrt-health/mac:02010b41cdec/antenna/tag/e2806894000040038662114f, 88
1652710124.156951, sdrt-health/mac:02010b41cdec/antenna/tag/e2806894000050038662154f, 85
1652710124.169396, sdrt-health/mac:02010b41cdec/antenna/tag/e2806894000050038662154f, 85
1652710124.215437, sdrt-health/mac:02010b41cdec/antenna/tag/e2806894000040038662214f, 94
1652710124.285401, sdrt-health/mac:02010b41cdec/antenna/tag/e2806894000050038662154f, 85
1652710124.285956, sdrt-health/mac:02010b41cdec/antenna/tag/e2806894000050038662154f, 85
1652710124.300374, sdrt-health/mac:02010b41cdec/antenna/tag/e2806894000050038661fd4f, 83
1652710124.326708, sdrt-health/mac:02010b41cdec/antenna/tag/e2806894000050038661fd4f, 86
1652710124.413214, sdrt-health/mac:02010b41cdec/antenna/tag/e2806894000040038662114f, 88
1652710124.441657, sdrt-health/mac:02010b41cdec/antenna/tag/e2806894000050038661fd4f, 83
1652710124.441898, sdrt-health/mac:02010b41cdec/antenna/tag/e2806894000040038662114f, 88
1652710124.442039, sdrt-health/mac:02010b41cdec/antenna/tag/e2806894000040038662114f, 88
1652710124.488547, sdrt-health/mac:02010b41cdec/antenna/tag/e2806894000040038662114f, 97
1652710124.517338, sdrt-health/mac:02010b41cdec/antenna/tag/e2806894000050038661fd4f, 86
1652710124.517647, sdrt-health/mac:02010b41cdec/antenna/tag/e2806894000050038662154f, 85
1652710124.535402, sdrt-health/mac:02010b41cdec/antenna/tag/e2806894000040038662114f, 97
1652710124.535639, sdrt-health/mac:02010b41cdec/antenna/tag/e2806894000050038662154f, 88
1652710124.591601, sdrt-health/mac:02010b41cdec/antenna/tag/e2806894000050038662154f, 88
1652710124.670091, sdrt-health/mac:02010b41cdec/antenna/tag/e2806894000050038662194f, 94
1652710124.700145, sdrt-health/mac:02010b41cdec/antenna/tag/e2806894000050038662194f, 81
1652710124.70066, sdrt-health/mac:02010b41cdec/antenna/tag/e2806894000050038662154f, 85
1652710124.700995, sdrt-health/mac:02010b41cdec/antenna/tag/e2806894000050038662154f, 88
1652710124.752039, sdrt-health/mac:02010b41cdec/antenna/tag/e2806894000050038661fd4f, 83
1652710125.010357, sdrt-health/mac:02010b41cdec/antenna/tag/e2806894000040038662114f, 88
1652710125.088521, sdrt-health/mac:02010b41cdec/antenna/tag/e2806894000050038661fd4f, 86
1652710125.122348, sdrt-health/mac:02010b41cdec/antenna/tag/e2806894000050038661fd4f, 86
1652710125.122791, sdrt-health/mac:02010b41cdec/antenna/tag/e2806894000050038661fd4f, 83
1652710125.123136, sdrt-health/mac:02010b41cdec/antenna/tag/e2806894000050038662154f, 91
1652710125.123495, sdrt-health/mac:02010b41cdec/antenna/tag/e2806894000050038661fd4f, 86
1652710125.123809, sdrt-health/mac:02010b41cdec/antenna/tag/e2806894000040038662114f, 88
1652710125.124125, sdrt-health/mac:02010b41cdec/antenna/tag/e2806894000050038661fd4f, 83
1652710125.124478, sdrt-health/mac:02010b41cdec/antenna/tag/e2806894000040038662114f, 88
1652710125.124791, sdrt-health/mac:02010b41cdec/antenna/tag/e28068940000400386621d4f, 96
1652710125.125213, sdrt-health/mac:02010b41cdec/antenna/tag/e2806894000050038662154f, 88
1652710125.125682, sdrt-health/mac:02010b41cdec/antenna/tag/e2806894000040038662114f, 88
1652710125.126053, sdrt-health/mac:02010b41cdec/antenna/tag/e2806894000040038662114f, 88
1652710125.143102, sdrt-health/mac:02010b41cdec/antenna/tag/e2806894000050038661fd4f, 83
1652710125.22143, sdrt-health/mac:02010b41cdec/antenna/tag/e28068940000400386621d4f, 96
1652710125.287427, sdrt-health/mac:02010b41cdec/antenna/tag/e2806894000050038661fd4f, 83
1652710125.287986, sdrt-health/mac:02010b41cdec/antenna/tag/e2806894000050038661fd4f, 86
1652710125.301677, sdrt-health/mac:02010b41cdec/antenna/tag/e28068940000400386621d4f, 96
1652710125.302124, sdrt-health/mac:02010b41cdec/antenna/tag/e2806894000050038661fd4f, 86
1652710125.302447, sdrt-health/mac:02010b41cdec/antenna/tag/e2806894000050038661fd4f, 83
1652710125.302722, sdrt-health/mac:02010b41cdec/antenna/tag/e2806894000040038662114f, 88
1652710125.339007, sdrt-health/mac:02010b41cdec/antenna/tag/e28068940000400386621d4f, 90
1652710125.420552, sdrt-health/mac:02010b41cdec/antenna/tag/e2806894000050038661fd4f, 86
1652710125.421006, sdrt-health/mac:02010b41cdec/antenna/tag/e2806894000050038661fd4f, 86
1652710125.437887, sdrt-health/mac:02010b41cdec/antenna/tag/e28068940000400386621d4f, 90
1652710125.438445, sdrt-health/mac:02010b41cdec/antenna/tag/e2806894000050038662154f, 88
1652710125.438852, sdrt-health/mac:02010b41cdec/antenna/tag/e2806894000040038662114f, 88
1652710125.43926, sdrt-health/mac:02010b41cdec/antenna/tag/e28068940000400386621d4f, 96
1652710125.469948, sdrt-health/mac:02010b41cdec/antenna/tag/e2806894000040038662114f, 88
1652710125.54648, sdrt-health/mac:02010b41cdec/antenna/tag/e28068940000400386621d4f, 96
1652710125.547194, sdrt-health/mac:02010b41cdec/antenna/tag/e2806894000050038661fd4f, 90
1652710125.560314, sdrt-health/mac:02010b41cdec/antenna/tag/e2806894000040038662114f, 88
1652710125.560684, sdrt-health/mac:02010b41cdec/antenna/tag/e28068940000400386621d4f, 90
1652710125.560964, sdrt-health/mac:02010b41cdec/antenna/tag/e28068940000400386621d4f, 96
1652710125.561239, sdrt-health/mac:02010b41cdec/antenna/tag/e2806894000050038662154f, 91
1652710125.576777, sdrt-health/mac:02010b41cdec/antenna/tag/e2806894000050038662154f, 88
1652710125.65773, sdrt-health/mac:02010b41cdec/antenna/tag/e2806894000050038662194f, 94
1652710125.736985, sdrt-health/mac:02010b41cdec/antenna/tag/e2806894000050038662194f, 81
1652710125.815422, sdrt-health/mac:02010b41cdec/antenna/tag/e2806894000050038662154f, 85
1652710125.860511, sdrt-health/mac:02010b41cdec/antenna/tag/e28068940000400386621d4f, 96
1652710125.861017, sdrt-health/mac:02010b41cdec/antenna/tag/e2806894000050038661fd4f, 86
1652710125.881602, sdrt-health/mac:02010b41cdec/antenna/tag/e28068940000400386621d4f, 90
1652710125.911151, sdrt-health/mac:02010b41cdec/antenna/tag/e2806894000050038662154f, 88
1652710125.911398, sdrt-health/mac:02010b41cdec/antenna/tag/e28068940000400386621d4f, 90
1652710125.967829, sdrt-health/mac:02010b41cdec/antenna/tag/e2806894000050038662154f, 88
1652710126.039848, sdrt-health/mac:02010b41cdec/antenna/tag/e2806894000050038661fd4f, 86
1652710126.040357, sdrt-health/mac:02010b41cdec/antenna/tag/e28068940000400386621d4f, 77
1652710126.054672, sdrt-health/mac:02010b41cdec/antenna/tag/e2806894000040038662114f, 85
1652710126.055184, sdrt-health/mac:02010b41cdec/antenna/tag/e28068940000400386621d4f, 77
1652710126.055548, sdrt-health/mac:02010b41cdec/antenna/tag/e2806894000040038662114f, 88
1652710126.091692, sdrt-health/mac:02010b41cdec/antenna/tag/e2806894000040038662114f, 88
1652710126.121109, sdrt-health/mac:02010b41cdec/antenna/tag/e2806894000050038662154f, 85
1652710126.12218, sdrt-health/mac:02010b41cdec/antenna/tag/e2806894000050038662154f, 85
1652710126.181264, sdrt-health/mac:02010b41cdec/antenna/tag/e2806894000050038662154f, 85
1652710126.214327, sdrt-health/mac:02010b41cdec/antenna/tag/e2806894000050038662154f, 85
1652710126.214815, sdrt-health/mac:02010b41cdec/antenna/tag/e2806894000040038662114f, 85
1652710126.249191, sdrt-health/mac:02010b41cdec/antenna/tag/e28068940000400386621d4f, 96
1652710126.280579, sdrt-health/mac:02010b41cdec/antenna/tag/e2806894000050038661fd4f, 83
1652710126.281131, sdrt-health/mac:02010b41cdec/antenna/tag/e28068940000400386621d4f, 77
1652710126.281724, sdrt-health/mac:02010b41cdec/antenna/tag/e2806894000040038662114f, 85
1652710126.293678, sdrt-health/mac:02010b41cdec/antenna/tag/e2806894000040038662114f, 91
1652710126.294011, sdrt-health/mac:02010b41cdec/antenna/tag/e2806894000040038662114f, 85
1652710126.358863, sdrt-health/mac:02010b41cdec/antenna/tag/e2806894000050038662154f, 88
1652710126.418178, sdrt-health/mac:02010b41cdec/antenna/tag/e2806894000050038661fd4f, 86
1652710126.487273, sdrt-health/mac:02010b41cdec/antenna/tag/e2806894000050038662154f, 85
1652710126.569462, sdrt-health/mac:02010b41cdec/antenna/tag/e28068940000400386621d4f, 90
1652710126.569955, sdrt-health/mac:02010b41cdec/antenna/tag/e28068940000400386621d4f, 90
1652710126.600353, sdrt-health/mac:02010b41cdec/antenna/tag/e2806894000050038662154f, 88
1652710126.648387, sdrt-health/mac:02010b41cdec/antenna/tag/e2806894000040038662114f, 91
1652710126.695258, sdrt-health/mac:02010b41cdec/antenna/tag/e2806894000050038662194f, 87
1652710126.69572, sdrt-health/mac:02010b41cdec/antenna/tag/e28068940000400386621d4f, 90
1652710126.709873, sdrt-health/mac:02010b41cdec/antenna/tag/e2806894000050038662194f, 81
1652710126.710328, sdrt-health/mac:02010b41cdec/antenna/tag/e28068940000400386621d4f, 77
1652710126.710709, sdrt-health/mac:02010b41cdec/antenna/tag/e2806894000050038661fd4f, 86
1652710126.711023, sdrt-health/mac:02010b41cdec/antenna/tag/e2806894000050038662194f, 94
1652710126.711345, sdrt-health/mac:02010b41cdec/antenna/tag/e2806894000050038661fd4f, 83
1652710126.766685, sdrt-health/mac:02010b41cdec/antenna/tag/e2806894000050038662194f, 88
1652710126.794743, sdrt-health/mac:02010b41cdec/antenna/tag/e28068940000400386621d4f, 77
1652710126.794933, sdrt-health/mac:02010b41cdec/antenna/tag/e28068940000400386621d4f, 90
1652710126.849187, sdrt-health/mac:02010b41cdec/antenna/tag/e2806894000040038662114f, 91
1652710126.917838, sdrt-health/mac:02010b41cdec/antenna/tag/e2806894000040038662114f, 91
1652710126.918339, sdrt-health/mac:02010b41cdec/antenna/tag/e2806894000050038662194f, 83
1652710126.932742, sdrt-health/mac:02010b41cdec/antenna/tag/e28068940000400386621d4f, 90
1652710126.933304, sdrt-health/mac:02010b41cdec/antenna/tag/e28068940000400386621d4f, 90
1652710126.971252, sdrt-health/mac:02010b41cdec/antenna/tag/e28068940000400386621d4f, 90
1652710127.03326, sdrt-health/mac:02010b41cdec/antenna/tag/e2806894000040038662114f, 88
1652710127.033576, sdrt-health/mac:02010b41cdec/antenna/tag/e2806894000050038661fd4f, 83
1652710127.09356, sdrt-health/mac:02010b41cdec/antenna/tag/e2806894000040038662114f, 88
1652710127.094062, sdrt-health/mac:02010b41cdec/antenna/tag/e2806894000050038661fd4f, 83
1652710127.157446, sdrt-health/mac:02010b41cdec/antenna/tag/e28068940000400386621d4f, 96
1652710127.160808, sdrt-health/mac:02010b41cdec/antenna/tag/e28068940000400386621d4f, 90
1652710127.237277, sdrt-health/mac:02010b41cdec/antenna/tag/e28068940000400386621d4f, 96
1652710127.311621, sdrt-health/mac:02010b41cdec/antenna/tag/e28068940000400386621d4f, 90
1652710127.312078, sdrt-health/mac:02010b41cdec/antenna/tag/e2806894000050038661fd4f, 86
1652710127.312424, sdrt-health/mac:02010b41cdec/antenna/tag/e2806894000050038661fd4f, 86
1652710127.312745, sdrt-health/mac:02010b41cdec/antenna/tag/e28068940000400386621d4f, 96
1652710127.32541, sdrt-health/mac:02010b41cdec/antenna/tag/e2806894000050038662154f, 93
1652710127.325723, sdrt-health/mac:02010b41cdec/antenna/tag/e28068940000400386621d4f, 96
1652710127.325969, sdrt-health/mac:02010b41cdec/antenna/tag/e2806894000040038662114f, 85
1652710127.398646, sdrt-health/mac:02010b41cdec/antenna/tag/e2806894000040038662114f, 88
1652710127.485192, sdrt-health/mac:02010b41cdec/antenna/tag/e2806894000050038662154f, 85
1652710127.485659, sdrt-health/mac:02010b41cdec/antenna/tag/e2806894000040038662114f, 91
1652710127.48604, sdrt-health/mac:02010b41cdec/antenna/tag/e2806894000050038662154f, 85
1652710127.486363, sdrt-health/mac:02010b41cdec/antenna/tag/e2806894000050038662154f, 93
1652710127.486689, sdrt-health/mac:02010b41cdec/antenna/tag/e2806894000040038662114f, 88
1652710127.505652, sdrt-health/mac:02010b41cdec/antenna/tag/e2806894000040038662114f, 88
1652710127.586111, sdrt-health/mac:02010b41cdec/antenna/tag/e2806894000050038661fd4f, 83
1652710127.6236, sdrt-health/mac:02010b41cdec/antenna/tag/e28068940000400386621d4f, 77
1652710127.623968, sdrt-health/mac:02010b41cdec/antenna/tag/e2806894000050038661fd4f, 83
1652710127.649129, sdrt-health/mac:02010b41cdec/antenna/tag/e28068940000400386621d4f, 77
1652710127.676841, sdrt-health/mac:02010b41cdec/antenna/tag/e28068940000400386621d4f, 77
1652710127.67725, sdrt-health/mac:02010b41cdec/antenna/tag/e2806894000050038661fd4f, 83
1652710127.69513, sdrt-health/mac:02010b41cdec/antenna/tag/e2806894000050038662154f, 87
1652710127.767109, sdrt-health/mac:02010b41cdec/antenna/tag/e2806894000050038662194f, 83
1652710127.7676, sdrt-health/mac:02010b41cdec/antenna/tag/e28068940000400386621d4f, 77
1652710127.799459, sdrt-health/mac:02010b41cdec/antenna/tag/e28068940000400386621d4f, 96
1652710127.886225, sdrt-health/mac:02010b41cdec/antenna/tag/e2806894000040038662114f, 91
1652710127.886727, sdrt-health/mac:02010b41cdec/antenna/tag/e28068940000400386621d4f, 77
1652710127.899943, sdrt-health/mac:02010b41cdec/antenna/tag/e2806894000050038661fd4f, 83
1652710127.900668, sdrt-health/mac:02010b41cdec/antenna/tag/e2806894000050038662154f, 93
1652710127.929984, sdrt-health/mac:02010b41cdec/antenna/tag/e28068940000400386621d4f, 77
1652710127.957425, sdrt-health/mac:02010b41cdec/antenna/tag/e2806894000050038661fd4f, 83
1652710127.957727, sdrt-health/mac:02010b41cdec/antenna/tag/e2806894000050038662154f, 85
1652710127.957959, sdrt-health/mac:02010b41cdec/antenna/tag/e2806894000050038661fd4f, 86
1652710127.987537, sdrt-health/mac:02010b41cdec/antenna/tag/e28068940000400386621d4f, 90
1652710128.036821, sdrt-health/mac:02010b41cdec/antenna/tag/e2806894000050038661fd4f, 86
1652710128.091268, sdrt-health/mac:02010b41cdec/antenna/tag/e2806894000050038662194f, 81
1652710128.12902, sdrt-health/mac:02010b41cdec/antenna/tag/e2806894000050038661fd4f, 86
1652710128.196284, sdrt-health/mac:02010b41cdec/antenna/tag/e2806894000040038662114f, 91
1652710128.196922, sdrt-health/mac:02010b41cdec/antenna/tag/e2806894000050038661fd4f, 83
1652710128.226041, sdrt-health/mac:02010b41cdec/antenna/tag/e28068940000400386621d4f, 96
1652710128.227529, sdrt-health/mac:02010b41cdec/antenna/tag/e2806894000040038662114f, 91
1652710128.272206, sdrt-health/mac:02010b41cdec/antenna/tag/e2806894000050038661fd4f, 83
1652710128.325983, sdrt-health/mac:02010b41cdec/antenna/tag/e2806894000050038661fd4f, 86
1652710128.369924, sdrt-health/mac:02010b41cdec/antenna/tag/e28068940000400386621d4f, 90
1652710128.427919, sdrt-health/mac:02010b41cdec/antenna/tag/e2806894000050038662154f, 88
1652710128.494026, sdrt-health/mac:02010b41cdec/antenna/tag/e2806894000050038662154f, 91
1652710128.494572, sdrt-health/mac:02010b41cdec/antenna/tag/e2806894000050038662154f, 85
1652710128.508788, sdrt-health/mac:02010b41cdec/antenna/tag/e2806894000040038662114f, 97
1652710128.520422, sdrt-health/mac:02010b41cdec/antenna/tag/e28068940000400386621d4f, 90
1652710128.574957, sdrt-health/mac:02010b41cdec/antenna/tag/e2806894000050038661fd4f, 83
1652710128.629404, sdrt-health/mac:02010b41cdec/antenna/tag/e2806894000050038661fd4f, 83
1652710128.696917, sdrt-health/mac:02010b41cdec/antenna/tag/e2806894000050038661fd4f, 83
1652710128.697484, sdrt-health/mac:02010b41cdec/antenna/tag/e28068940000400386621d4f, 96
1652710128.698816, sdrt-health/mac:02010b41cdec/antenna/tag/e2806894000050038662194f, 88
1652710128.713167, sdrt-health/mac:02010b41cdec/antenna/tag/e2806894000050038662154f, 85
1652710128.733642, sdrt-health/mac:02010b41cdec/antenna/tag/e2806894000050038662154f, 85
1652710128.813793, sdrt-health/mac:02010b41cdec/antenna/tag/e28068940000400386621d4f, 96
1652710128.889254, sdrt-health/mac:02010b41cdec/antenna/tag/e2806894000050038662154f, 85
1652710128.889765, sdrt-health/mac:02010b41cdec/antenna/tag/e2806894000050038662194f, 94
1652710128.921163, sdrt-health/mac:02010b41cdec/antenna/tag/e2806894000050038662154f, 85
1652710128.921494, sdrt-health/mac:02010b41cdec/antenna/tag/e2806894000040038662114f, 88
1652710128.978797, sdrt-health/mac:02010b41cdec/antenna/tag/e2806894000050038662194f, 81
1652710129.013724, sdrt-health/mac:02010b41cdec/antenna/tag/e28068940000400386621d4f, 96
1652710129.097214, sdrt-health/mac:02010b41cdec/antenna/tag/e2806894000050038661fd4f, 83
1652710129.097749, sdrt-health/mac:02010b41cdec/antenna/tag/e28068940000400386621d4f, 96
1652710129.098197, sdrt-health/mac:02010b41cdec/antenna/tag/e2806894000050038662154f, 88
1652710129.136225, sdrt-health/mac:02010b41cdec/antenna/tag/e28068940000400386621d4f, 96
1652710129.199785, sdrt-health/mac:02010b41cdec/antenna/tag/e2806894000040038662114f, 88
1652710129.200272, sdrt-health/mac:02010b41cdec/antenna/tag/e2806894000050038662154f, 85
1652710129.216398, sdrt-health/mac:02010b41cdec/antenna/tag/e28068940000400386621d4f, 96
1652710129.251442, sdrt-health/mac:02010b41cdec/antenna/tag/e2806894000050038661fd4f, 83
1652710129.251796, sdrt-health/mac:02010b41cdec/antenna/tag/e2806894000050038662154f, 85
1652710129.319681, sdrt-health/mac:02010b41cdec/antenna/tag/e2806894000040038662054f, 82
1652710129.354699, sdrt-health/mac:02010b41cdec/antenna/tag/e2806894000050038662154f, 88
1652710129.355071, sdrt-health/mac:02010b41cdec/antenna/tag/e2806894000040038662114f, 91
1652710129.375517, sdrt-health/mac:02010b41cdec/antenna/tag/e2806894000040038662114f, 91
1652710129.421028, sdrt-health/mac:02010b41cdec/antenna/tag/e2806894000050038662154f, 85
1652710129.477528, sdrt-health/mac:02010b41cdec/antenna/tag/e28068940000400386621d4f, 90
1652710129.507688, sdrt-health/mac:02010b41cdec/antenna/tag/e2806894000040038662114f, 91
1652710129.508132, sdrt-health/mac:02010b41cdec/antenna/tag/e28068940000400386621d4f, 90
1652710129.543921, sdrt-health/mac:02010b41cdec/antenna/tag/e2806894000040038662114f, 91
1652710129.608932, sdrt-health/mac:02010b41cdec/antenna/tag/e2806894000050038662194f, 81
1652710129.609536, sdrt-health/mac:02010b41cdec/antenna/tag/e2806894000040038662114f, 91
1652710129.622486, sdrt-health/mac:02010b41cdec/antenna/tag/e2806894000050038662194f, 94
1652710129.622906, sdrt-health/mac:02010b41cdec/antenna/tag/e2806894000050038662154f, 88
1652710129.623255, sdrt-health/mac:02010b41cdec/antenna/tag/e2806894000040038662114f, 88
1652710129.663017, sdrt-health/mac:02010b41cdec/antenna/tag/e2806894000040038662114f, 88
1652710129.694787, sdrt-health/mac:02010b41cdec/antenna/tag/e28068940000400386621d4f, 96
1652710129.695221, sdrt-health/mac:02010b41cdec/antenna/tag/e2806894000050038661fd4f, 83
1652710129.720337, sdrt-health/mac:02010b41cdec/antenna/tag/e2806894000050038662154f, 88
1652710129.750833, sdrt-health/mac:02010b41cdec/antenna/tag/e28068940000400386621d4f, 96
1652710129.75113, sdrt-health/mac:02010b41cdec/antenna/tag/e2806894000040038662114f, 88
1652710129.763758, sdrt-health/mac:02010b41cdec/antenna/tag/e28068940000400386621d4f, 96
1652710129.806139, sdrt-health/mac:02010b41cdec/antenna/tag/e2806894000050038661fd4f, 83
1652710129.880442, sdrt-health/mac:02010b41cdec/antenna/tag/e2806894000050038662154f, 91
1652710129.937407, sdrt-health/mac:02010b41cdec/antenna/tag/e2806894000040038662114f, 88
1652710129.937871, sdrt-health/mac:02010b41cdec/antenna/tag/e28068940000400386621d4f, 96
1652710130.01058, sdrt-health/mac:02010b41cdec/antenna/tag/e2806894000050038661fd4f, 86
1652710130.040038, sdrt-health/mac:02010b41cdec/antenna/tag/e2806894000050038662154f, 91
1652710130.040435, sdrt-health/mac:02010b41cdec/antenna/tag/e2806894000050038661fd4f, 83
1652710130.065589, sdrt-health/mac:02010b41cdec/antenna/tag/e28068940000400386621d4f, 90
1652710130.118504, sdrt-health/mac:02010b41cdec/antenna/tag/e2806894000050038662194f, 83
1652710130.19338, sdrt-health/mac:02010b41cdec/antenna/tag/e2806894000050038662194f, 94
1652710130.193885, sdrt-health/mac:02010b41cdec/antenna/tag/e2806894000050038661fd4f, 83
1652710130.227984, sdrt-health/mac:02010b41cdec/antenna/tag/e28068940000400386621d4f, 96
1652710130.269186, sdrt-health/mac:02010b41cdec/antenna/tag/e2806894000040038662114f, 88
1652710130.26971, sdrt-health/mac:02010b41cdec/antenna/tag/e2806894000050038661fd4f, 83
1652710130.270179, sdrt-health/mac:02010b41cdec/antenna/tag/e2806894000050038662154f, 91
1652710130.313251, sdrt-health/mac:02010b41cdec/antenna/tag/e28068940000400386621d4f, 90
1652710130.376503, sdrt-health/mac:02010b41cdec/antenna/tag/e28068940000400386621d4f, 90
1652710130.406112, sdrt-health/mac:02010b41cdec/antenna/tag/e2806894000040038662114f, 91
1652710130.406471, sdrt-health/mac:02010b41cdec/antenna/tag/e28068940000400386621d4f, 96
1652710130.406695, sdrt-health/mac:02010b41cdec/antenna/tag/e2806894000040038662114f, 91
1652710130.436712, sdrt-health/mac:02010b41cdec/antenna/tag/e2806894000040038662114f, 88
1652710130.49695, sdrt-health/mac:02010b41cdec/antenna/tag/e2806894000040038662114f, 85
1652710130.566966, sdrt-health/mac:02010b41cdec/antenna/tag/e2806894000050038662154f, 88
1652710130.597541, sdrt-health/mac:02010b41cdec/antenna/tag/e2806894000050038662154f, 88
1652710130.598203, sdrt-health/mac:02010b41cdec/antenna/tag/e2806894000040038662114f, 88
1652710130.619183, sdrt-health/mac:02010b41cdec/antenna/tag/e2806894000040038662114f, 88
1652710130.619655, sdrt-health/mac:02010b41cdec/antenna/tag/e28068940000400386621d4f, 90
1652710130.61989, sdrt-health/mac:02010b41cdec/antenna/tag/e2806894000050038661fd4f, 86
1652710130.6201, sdrt-health/mac:02010b41cdec/antenna/tag/e28068940000400386621d4f, 96
1652710130.676786, sdrt-health/mac:02010b41cdec/antenna/tag/e2806894000050038661fd4f, 83
1652710130.737008, sdrt-health/mac:02010b41cdec/antenna/tag/e2806894000040038662214f, 84
1652710130.765482, sdrt-health/mac:02010b41cdec/antenna/tag/e2806894000040038662114f, 88
1652710130.766047, sdrt-health/mac:02010b41cdec/antenna/tag/e2806894000050038662154f, 85
1652710130.778582, sdrt-health/mac:02010b41cdec/antenna/state, connected
1652710130.77904, sdrt-health/mac:02010b41cdec/fw, {"version":"1.8.1","model":"200","hash":"2f556501b58f1dad542af428d7928d18","timestamp":1652710127}
1652710130.835858, sdrt-health/mac:02010b41cdec/antenna/tag/e2806894000050038661fd4f, 97
1652710130.912975, sdrt-health/mac:02010b41cdec/antenna/tag/e2806894000050038662154f, 88
1652710130.913695, sdrt-health/mac:02010b41cdec/antenna/tag/e2806894000050038661fd4f, 83
1652710131.0005, sdrt-health/mac:02010b41cdec/antenna/tag/e2806894000040038662114f, 91
1652710131.028406, sdrt-health/mac:02010b41cdec/antenna/tag/e2806894000050038662154f, 88
1652710131.028645, sdrt-health/mac:02010b41cdec/antenna/tag/e2806894000050038661fd4f, 83
1652710131.028761, sdrt-health/mac:02010b41cdec/antenna/tag/e2806894000040038662114f, 83
1652710131.028885, sdrt-health/mac:02010b41cdec/antenna/tag/e2806894000050038662194f, 94
1652710131.054604, sdrt-health/mac:02010b41cdec/antenna/tag/e2806894000050038661fd4f, 86
1652710131.088124, sdrt-health/mac:02010b41cdec/antenna/tag/e2806894000050038662154f, 88
1652710131.088362, sdrt-health/mac:02010b41cdec/antenna/tag/e2806894000050038662154f, 85
1652710131.107605, sdrt-health/mac:02010b41cdec/antenna/tag/e2806894000050038662194f, 87
1652710131.109092, sdrt-health/mac:02010b41cdec/antenna/tag/e2806894000040038662114f, 97
1652710131.156963, sdrt-health/mac:02010b41cdec/antenna/tag/e2806894000050038662194f, 83
1652710131.185741, sdrt-health/mac:02010b41cdec/antenna/tag/e2806894000050038661fd4f, 86
1652710131.18607, sdrt-health/mac:02010b41cdec/antenna/tag/e2806894000050038662154f, 88
1652710131.186997, sdrt-health/mac:02010b41cdec/antenna/version, 
1652710131.209215, sdrt-health/mac:02010b41cdec/antenna/tag/e28068940000400386621d4f, 77
1652710131.286399, sdrt-health/mac:02010b41cdec/antenna/tag/e2806894000050038662154f, 85
1652710131.286972, sdrt-health/mac:02010b41cdec/antenna/tag/e28068940000400386621d4f, 77
1652710131.300371, sdrt-health/mac:02010b41cdec/antenna/tag/e2806894000040038662214f, 84
1652710131.383476, sdrt-health/mac:02010b41cdec/antenna/tag/e2806894000040038662114f, 88
1652710131.383943, sdrt-health/mac:02010b41cdec/antenna/tag/e2806894000050038661fd4f, 83
1652710131.414195, sdrt-health/mac:02010b41cdec/antenna/tag/e2806894000050038661fd4f, 83
1652710131.497825, sdrt-health/mac:02010b41cdec/antenna/tag/e2806894000040038662114f, 88
1652710131.498285, sdrt-health/mac:02010b41cdec/antenna/tag/e2806894000050038662154f, 88
1652710131.5112, sdrt-health/mac:02010b41cdec/antenna/tag/e28068940000400386621d4f, 96
1652710131.530901, sdrt-health/mac:02010b41cdec/antenna/tag/e28068940000400386621d4f, 96
1652710131.558755, sdrt-health/mac:02010b41cdec/antenna/tag/e2806894000040038662114f, 88
1652710131.559002, sdrt-health/mac:02010b41cdec/antenna/tag/e2806894000050038662154f, 91
1652710131.578975, sdrt-health/mac:02010b41cdec/antenna/tag/e28068940000400386621d4f, 96
1652710131.642801, sdrt-health/mac:02010b41cdec/antenna/tag/e28068940000400386621d4f, 77
1652710131.643263, sdrt-health/mac:02010b41cdec/antenna/tag/e2806894000050038662154f, 85
1652710131.657738, sdrt-health/mac:02010b41cdec/antenna/tag/e2806894000050038662154f, 85
1652710131.658228, sdrt-health/mac:02010b41cdec/antenna/tag/e2806894000040038662114f, 85
1652710131.713972, sdrt-health/mac:02010b41cdec/antenna/tag/e2806894000050038662154f, 88
1652710131.772386, sdrt-health/mac:02010b41cdec/antenna/tag/e2806894000040038662114f, 88
1652710131.805885, sdrt-health/mac:02010b41cdec/antenna/tag/e2806894000040038662114f, 88
1652710131.806129, sdrt-health/mac:02010b41cdec/antenna/tag/e2806894000050038662154f, 91
1652710131.847432, sdrt-health/mac:02010b41cdec/antenna/tag/e28068940000400386621d4f, 96
1652710131.898203, sdrt-health/mac:02010b41cdec/antenna/tag/e2806894000050038662154f, 91
1652710131.951965, sdrt-health/mac:02010b41cdec/antenna/tag/e2806894000040038662114f, 91
1652710132.021696, sdrt-health/mac:02010b41cdec/antenna/tag/e28068940000400386621d4f, 96
1652710132.056214, sdrt-health/mac:02010b41cdec/antenna/tag/e2806894000040038662114f, 88
1652710132.056558, sdrt-health/mac:02010b41cdec/antenna/tag/e2806894000050038662154f, 88
1652710132.069957, sdrt-health/mac:02010b41cdec/antenna/tag/e28068940000400386621d4f, 90
1652710132.070184, sdrt-health/mac:02010b41cdec/antenna/tag/e28068940000400386621d4f, 90
1652710132.132981, sdrt-health/mac:02010b41cdec/antenna/tag/e28068940000400386621d4f, 96
1652710132.220044, sdrt-health/mac:02010b41cdec/antenna/tag/e28068940000400386621d4f, 96
1652710132.220556, sdrt-health/mac:02010b41cdec/antenna/tag/e2806894000040038662114f, 88
1652710132.235722, sdrt-health/mac:02010b41cdec/antenna/tag/e2806894000050038662194f, 81
1652710132.236249, sdrt-health/mac:02010b41cdec/antenna/tag/e2806894000040038662114f, 88
1652710132.254989, sdrt-health/mac:02010b41cdec/antenna/tag/e2806894000040038662114f, 88
1652710132.307325, sdrt-health/mac:02010b41cdec/antenna/tag/e2806894000050038662154f, 88
1652710132.361515, sdrt-health/mac:02010b41cdec/antenna/tag/e28068940000400386621d4f, 90
1652710132.424702, sdrt-health/mac:02010b41cdec/antenna/tag/e2806894000040038662114f, 91
1652710132.48792, sdrt-health/mac:02010b41cdec/antenna/tag/e2806894000050038662154f, 88
1652710132.515492, sdrt-health/mac:02010b41cdec/antenna/tag/e2806894000050038662154f, 85
1652710132.516023, sdrt-health/mac:02010b41cdec/antenna/tag/e28068940000400386621d4f, 90
1652710132.537641, sdrt-health/mac:02010b41cdec/antenna/tag/e2806894000050038662154f, 85
1652710132.566748, sdrt-health/mac:02010b41cdec/antenna/tag/e28068940000400386621d4f, 96
1652710132.567122, sdrt-health/mac:02010b41cdec/antenna/tag/e2806894000050038662154f, 85
1652710132.567405, sdrt-health/mac:02010b41cdec/antenna/tag/e2806894000040038662114f, 88
1652710132.594608, sdrt-health/mac:02010b41cdec/antenna/tag/e2806894000050038662154f, 85
1652710132.667195, sdrt-health/mac:02010b41cdec/antenna/tag/e28068940000400386621d4f, 96
1652710132.731793, sdrt-health/mac:02010b41cdec/antenna/tag/e2806894000050038662154f, 85
1652710132.777234, sdrt-health/mac:02010b41cdec/antenna/tag/e2806894000050038661fd4f, 83
1652710132.827746, sdrt-health/mac:02010b41cdec/antenna/tag/e2806894000040038662114f, 88
1652710132.912519, sdrt-health/mac:02010b41cdec/antenna/tag/e2806894000050038661fd4f, 83
1652710132.913152, sdrt-health/mac:02010b41cdec/antenna/tag/e28068940000400386621d4f, 90
1652710132.950049, sdrt-health/mac:02010b41cdec/antenna/tag/e2806894000050038662154f, 85
1652710132.950524, sdrt-health/mac:02010b41cdec/antenna/tag/e2806894000050038661fd4f, 83
1652710132.964834, sdrt-health/mac:02010b41cdec/antenna/tag/e2806894000050038662154f, 88
1652710132.987564, sdrt-health/mac:02010b41cdec/antenna/tag/e2806894000050038661fd4f, 86
1652710133.062534, sdrt-health/mac:02010b41cdec/antenna/tag/e2806894000050038661fd4f, 86
1652710133.094278, sdrt-health/mac:02010b41cdec/antenna/tag/e2806894000050038662194f, 81
1652710133.094571, sdrt-health/mac:02010b41cdec/antenna/tag/e28068940000400386621d4f, 90
1652710133.109845, sdrt-health/mac:02010b41cdec/antenna/tag/e2806894000050038662154f, 85
1652710133.177867, sdrt-health/mac:02010b41cdec/antenna/tag/e2806894000040038662114f, 91
1652710133.178161, sdrt-health/mac:02010b41cdec/antenna/tag/e2806894000040038662114f, 91
1652710133.178354, sdrt-health/mac:02010b41cdec/antenna/tag/e28068940000500386620d4f, 103
1652710133.178544, sdrt-health/mac:02010b41cdec/antenna/tag/e2806894000050038662194f, 94
1652710133.224325, sdrt-health/mac:02010b41cdec/antenna/tag/e2806894000050038662194f, 88
1652710133.28909, sdrt-health/mac:02010b41cdec/antenna/tag/e2806894000050038662154f, 85
1652710133.289652, sdrt-health/mac:02010b41cdec/antenna/tag/e2806894000040038662114f, 91
1652710133.304639, sdrt-health/mac:02010b41cdec/antenna/tag/e2806894000050038662154f, 85
1652710133.317035, sdrt-health/mac:02010b41cdec/antenna/tag/e2806894000050038661fd4f, 86
1652710133.3173, sdrt-health/mac:02010b41cdec/antenna/tag/e28068940000400386621d4f, 90
1652710133.369719, sdrt-health/mac:02010b41cdec/antenna/tag/e2806894000050038662194f, 81
1652710133.410795, sdrt-health/mac:02010b41cdec/antenna/tag/e2806894000050038661fd4f, 86
1652710133.478045, sdrt-health/mac:02010b41cdec/antenna/tag/e2806894000040038662114f, 88
1652710133.478524, sdrt-health/mac:02010b41cdec/antenna/tag/e2806894000050038661fd4f, 86
1652710133.493856, sdrt-health/mac:02010b41cdec/antenna/tag/e2806894000050038662154f, 85
1652710133.566322, sdrt-health/mac:02010b41cdec/antenna/tag/e2806894000050038662194f, 83
1652710133.616798, sdrt-health/mac:02010b41cdec/antenna/tag/e2806894000050038661fd4f, 83
1652710133.645081, sdrt-health/mac:02010b41cdec/antenna/tag/e2806894000050038662194f, 81
1652710133.645342, sdrt-health/mac:02010b41cdec/antenna/tag/e28068940000400386621d4f, 90
1652710133.660006, sdrt-health/mac:02010b41cdec/antenna/tag/e2806894000050038662154f, 88
1652710133.713935, sdrt-health/mac:02010b41cdec/antenna/tag/e2806894000050038662194f, 83
1652710133.785357, sdrt-health/mac:02010b41cdec/antenna/tag/e2806894000040038662114f, 91
1652710133.78586, sdrt-health/mac:02010b41cdec/antenna/tag/e2806894000050038662154f, 85
1652710133.804648, sdrt-health/mac:02010b41cdec/antenna/tag/e2806894000040038662114f, 88
1652710133.808341, sdrt-health/mac:02010b41cdec/antenna/tag/e2806894000050038661fd4f, 83
1652710133.862782, sdrt-health/mac:02010b41cdec/antenna/tag/e28068940000400386621d4f, 96
1652710133.93913, sdrt-health/mac:02010b41cdec/antenna/tag/e2806894000050038662154f, 88
1652710133.939586, sdrt-health/mac:02010b41cdec/antenna/tag/e2806894000050038661fd4f, 83
1652710133.953386, sdrt-health/mac:02010b41cdec/antenna/tag/e2806894000050038661fd4f, 97
1652710133.960466, sdrt-health/mac:02010b41cdec/antenna/tag/e28068940000400386621d4f, 96
1652710133.96757, sdrt-health/mac:02010b41cdec/antenna/tag/e2806894000050038662194f, 81
1652710134.015188, sdrt-health/mac:02010b41cdec/antenna/tag/e2806894000050038662194f, 81
1652710134.016621, sdrt-health/mac:02010b41cdec/antenna/tag/e2806894000040038662114f, 88
1652710134.063401, sdrt-health/mac:02010b41cdec/antenna/tag/e2806894000040038662114f, 88
1652710134.142578, sdrt-health/mac:02010b41cdec/antenna/tag/e28068940000400386621d4f, 77
1652710134.143085, sdrt-health/mac:02010b41cdec/antenna/tag/e2806894000040038662114f, 88
1652710134.157742, sdrt-health/mac:02010b41cdec/antenna/tag/e2806894000050038662194f, 88
1652710134.183644, sdrt-health/mac:02010b41cdec/antenna/tag/e28068940000400386621d4f, 90
1652710134.256365, sdrt-health/mac:02010b41cdec/antenna/tag/e2806894000050038662154f, 91
1652710134.288701, sdrt-health/mac:02010b41cdec/antenna/tag/e2806894000050038661fd4f, 83
1652710134.289114, sdrt-health/mac:02010b41cdec/antenna/tag/e2806894000040038662114f, 85
1652710134.319802, sdrt-health/mac:02010b41cdec/antenna/tag/e2806894000050038662194f, 93
1652710134.384237, sdrt-health/mac:02010b41cdec/antenna/tag/e2806894000040038661f94f, 81
1652710134.384683, sdrt-health/mac:02010b41cdec/antenna/tag/e2806894000050038661fd4f, 83
1652710134.418826, sdrt-health/mac:02010b41cdec/antenna/tag/e2806894000050038661fd4f, 83
1652710134.419327, sdrt-health/mac:02010b41cdec/antenna/tag/e2806894000050038662194f, 83
1652710134.466377, sdrt-health/mac:02010b41cdec/antenna/tag/e2806894000040038662114f, 91
1652710134.467188, sdrt-health/mac:02010b41cdec/antenna/tag/e28068940000400386621d4f, 90
1652710134.545432, sdrt-health/mac:02010b41cdec/antenna/tag/e2806894000050038662154f, 91
1652710134.545963, sdrt-health/mac:02010b41cdec/antenna/tag/e28068940000400386621d4f, 90
1652710134.611393, sdrt-health/mac:02010b41cdec/antenna/tag/e28068940000400386621d4f, 90
1652710134.611928, sdrt-health/mac:02010b41cdec/antenna/tag/e28068940000400386621d4f, 90
1652710134.62618, sdrt-health/mac:02010b41cdec/antenna/tag/e2806894000050038661fd4f, 86
1652710134.626684, sdrt-health/mac:02010b41cdec/antenna/tag/e2806894000050038662194f, 87
1652710134.627241, sdrt-health/mac:02010b41cdec/antenna/tag/e2806894000050038662194f, 81
1652710134.655848, sdrt-health/mac:02010b41cdec/antenna/tag/e2806894000050038661fd4f, 86
1652710134.735521, sdrt-health/mac:02010b41cdec/antenna/tag/e28068940000400386621d4f, 90
1652710134.73598, sdrt-health/mac:02010b41cdec/antenna/tag/e2806894000050038661fd4f, 86
1652710134.736319, sdrt-health/mac:02010b41cdec/antenna/tag/e2806894000050038662154f, 93
1652710134.769232, sdrt-health/mac:02010b41cdec/antenna/tag/e2806894000050038662154f, 85
1652710134.81475, sdrt-health/mac:02010b41cdec/antenna/tag/e28068940000400386621d4f, 96
1652710134.815584, sdrt-health/mac:02010b41cdec/antenna/tag/e2806894000050038662154f, 85
1652710134.921469, sdrt-health/mac:02010b41cdec/antenna/tag/e2806894000040038662114f, 88
1652710134.952359, sdrt-health/mac:02010b41cdec/antenna/tag/e2806894000050038661fd4f, 86
1652710134.990183, sdrt-health/mac:02010b41cdec/antenna/tag/e2806894000040038662114f, 91
1652710135.046616, sdrt-health/mac:02010b41cdec/antenna/tag/e2806894000050038661fd4f, 86
1652710135.048406, sdrt-health/mac:02010b41cdec/antenna/tag/e28068940000400386621d4f, 90
1652710135.113642, sdrt-health/mac:02010b41cdec/antenna/tag/e2806894000040038662114f, 97
1652710135.114299, sdrt-health/mac:02010b41cdec/antenna/tag/e2806894000050038662154f, 85
1652710135.135808, sdrt-health/mac:02010b41cdec/antenna/tag/e2806894000040038662054f, 94
1652710135.150134, sdrt-health/mac:02010b41cdec/antenna/tag/e2806894000050038662154f, 85
1652710135.156787, sdrt-health/mac:02010b41cdec/antenna/tag/e2806894000040038662114f, 88
1652710135.157132, sdrt-health/mac:02010b41cdec/antenna/tag/e2806894000050038662154f, 85
1652710135.21843, sdrt-health/mac:02010b41cdec/antenna/tag/e2806894000040038662114f, 88
1652710135.302413, sdrt-health/mac:02010b41cdec/antenna/tag/e2806894000050038661fd4f, 86
1652710135.384957, sdrt-health/mac:02010b41cdec/antenna/tag/e28068940000400386621d4f, 96
1652710135.385418, sdrt-health/mac:02010b41cdec/antenna/tag/e2806894000050038661fd4f, 86
1652710135.385777, sdrt-health/mac:02010b41cdec/antenna/tag/e2806894000050038661fd4f, 83
1652710135.386139, sdrt-health/mac:02010b41cdec/antenna/tag/e28068940000400386621d4f, 96
1652710135.386515, sdrt-health/mac:02010b41cdec/antenna/tag/e2806894000050038662194f, 81
1652710135.461227, sdrt-health/mac:02010b41cdec/antenna/tag/e28068940000400386621d4f, 96
1652710135.49057, sdrt-health/mac:02010b41cdec/antenna/tag/e2806894000050038662194f, 94
1652710135.490814, sdrt-health/mac:02010b41cdec/antenna/tag/e2806894000050038661fd4f, 83
1652710135.49103, sdrt-health/mac:02010b41cdec/antenna/tag/e2806894000050038662154f, 93
1652710135.49121, sdrt-health/mac:02010b41cdec/antenna/tag/e2806894000040038662114f, 85
1652710135.533104, sdrt-health/mac:02010b41cdec/antenna/tag/e2806894000050038661fd4f, 83
1652710135.563395, sdrt-health/mac:02010b41cdec/antenna/tag/e2806894000050038661fd4f, 83
1652710135.563717, sdrt-health/mac:02010b41cdec/antenna/tag/e2806894000050038662154f, 88
1652710135.579977, sdrt-health/mac:02010b41cdec/antenna/tag/e2806894000050038661fd4f, 83
1652710135.645689, sdrt-health/mac:02010b41cdec/antenna/tag/e2806894000050038661fd4f, 83
1652710135.736615, sdrt-health/mac:02010b41cdec/antenna/tag/e2806894000040038662114f, 88
1652710135.737149, sdrt-health/mac:02010b41cdec/antenna/tag/e2806894000050038662154f, 85
1652710135.750626, sdrt-health/mac:02010b41cdec/antenna/tag/e28068940000400386621d4f, 96
1652710135.751189, sdrt-health/mac:02010b41cdec/antenna/tag/e2806894000050038662154f, 85
1652710135.751547, sdrt-health/mac:02010b41cdec/antenna/tag/e28068940000400386621d4f, 96
1652710135.794289, sdrt-health/mac:02010b41cdec/antenna/tag/e2806894000050038662154f, 88
1652710135.85885, sdrt-health/mac:02010b41cdec/antenna/tag/e2806894000050038661fd4f, 86
1652710135.859322, sdrt-health/mac:02010b41cdec/antenna/tag/e28068940000400386621d4f, 90
1652710135.913973, sdrt-health/mac:02010b41cdec/antenna/tag/e2806894000050038662154f, 88
1652710135.914473, sdrt-health/mac:02010b41cdec/antenna/tag/e2806894000040038662114f, 91
1652710135.961523, sdrt-health/mac:02010b41cdec/antenna/tag/e28068940000400386621d4f, 90
1652710136.034586, sdrt-health/mac:02010b41cdec/antenna/tag/e2806894000050038661fd4f, 86
1652710136.0353, sdrt-health/mac:02010b41cdec/antenna/tag/e2806894000050038661fd4f, 86
1652710136.059851, sdrt-health/mac:02010b41cdec/antenna/tag/e28068940000400386621d4f, 90
1652710136.26673, sdrt-health/mac:02010b41cdec/antenna/tag/e2806894000050038662154f, 91
1652710136.26725, sdrt-health/mac:02010b41cdec/antenna/tag/scan, scan stopped
