1652710008.341838, sdrt-health/mac:02010b41cdec/antenna/power/set, {"power": 300}
1652710009.490876, sdrt-health/mac:02010b41cdec/antenna/power/set, 
1652710010.759959, sdrt-health/mac:02010b41cdec/antenna/state, connected
1652710010.760378, sdrt-health/mac:02010b41cdec/fw, {"version":"1.8.1","model":"200","hash":"2f556501b58f1dad542af428d7928d18","timestamp":1652710007}
1652710010.940732, sdrt-health/mac:02010b41cdec/antenna/version, J.6.6/V0121-04
1652710011.148966, sdrt-health/mac:02010b41cdec/antenna/power, 30
1652710013.363136, sdrt-health/mac:02010b41cdec/antenna/tag/scan, {"time": 20000}
1652710013.670922, sdrt-health/mac:02010b41cdec/antenna/tag/e2806894000040038662114f, 91
1652710013.711031, sdrt-health/mac:02010b41cdec/antenna/tag/e2806894000040038662214f, 94
1652710013.77381, sdrt-health/mac:02010b41cdec/antenna/tag/e2806894000050038662194f, 88
1652710013.807147, sdrt-health/mac:02010b41cdec/antenna/tag/e2806894000040038662214f, 81
1652710013.807608, sdrt-health/mac:02010b41cdec/antenna/tag/e28068940000400386621d4f, 77
1652710013.820369, sdrt-health/mac:02010b41cdec/antenna/tag/e2806894000050038662194f, 94
1652710013.820747, sdrt-health/mac:02010b41cdec/antenna/tag/e2806894000040038662214f, 88
1652710013.8717, sdrt-health/mac:02010b41cdec/antenna/tag/e2806894000050038662154f, 85
1652710013.9434, sdrt-health/mac:02010b41cdec/antenna/tag/e2806894000040038662214f, 94
1652710013.943756, sdrt-health/mac:02010b41cdec/antenna/tag/e2806894000050038662194f, 88
1652710013.964383, sdrt-health/mac:02010b41cdec/antenna/tag/e2806894000040038662114f, 88
1652710013.994476, sdrt-health/mac:02010b41cdec/antenna/tag/e2806894000040038661f94f, 94
1652710013.994857, sdrt-health/mac:02010b41cdec/antenna/tag/e2806894000050038662194f, 82
1652710014.015349, sdrt-health/mac:02010b41cdec/antenna/tag/e28068940000400386621d4f, 96
1652710014.059427, sdrt-health/mac:02010b41cdec/antenna/tag/e2806894000040038662114f, 88
1652710014.126176, sdrt-health/mac:02010b41cdec/antenna/tag/e2806894000050038662154f, 97
1652710014.126618, sdrt-health/mac:02010b41cdec/antenna/tag/e2806894000040038662114f, 91
1652710014.140701, sdrt-health/mac:02010b41cdec/antenna/tag/e2806894000050038662194f, 94
1652710014.148525, sdrt-health/mac:02010b41cdec/antenna/tag/e2806894000040038661f94f, 81
1652710014.190655, sdrt-health/mac:02010b41cdec/antenna/tag/e2806894000040038661f94f, 81
1652710014.221609, sdrt-health/mac:02010b41cdec/antenna/tag/e2806894000050038662154f, 85
1652710014.222008, sdrt-health/mac:02010b41cdec/antenna/tag/e28068940000400386621d4f, 96
1652710014.235205, sdrt-health/mac:02010b41cdec/antenna/tag/e2806894000050038662154f, 85
1652710014.235618, sdrt-health/mac:02010b41cdec/antenna/tag/e28068940000400386621d4f, 90
1652710014.279713, sdrt-health/mac:02010b41cdec/antenna/tag/e28068940000400386621d4f, 96
1652710014.280367, sdrt-health/mac:02010b41cdec/antenna/tag/e2806894000040038662114f, 91
1652710014.335279, sdrt-health/mac:02010b41cdec/antenna/tag/e2806894000040038662114f, 91
1652710014.407231, sdrt-health/mac:02010b41cdec/antenna/tag/e28068940000400386621d4f, 96
1652710014.407501, sdrt-health/mac:02010b41cdec/antenna/tag/e28068940000400386621d4f, 77
1652710014.427536, sdrt-health/mac:02010b41cdec/antenna/tag/e2806894000040038662114f, 91
1652710014.455908, sdrt-health/mac:02010b41cdec/antenna/tag/e2806894000050038662194f, 87
1652710014.456156, sdrt-health/mac:02010b41cdec/antenna/tag/e2806894000050038662154f, 85
1652710014.456274, sdrt-health/mac:02010b41cdec/antenna/tag/e28068940000400386621d4f, 77
1652710014.456385, sdrt-health/mac:02010b41cdec/antenna/tag/e2806894000050038662154f, 88
1652710014.53602, sdrt-health/mac:02010b41cdec/antenna/tag/e2806894000050038662194f, 87
1652710014.575193, sdrt-health/mac:02010b41cdec/antenna/tag/e28068940000400386621d4f, 96
1652710014.647347, sdrt-health/mac:02010b41cdec/antenna/tag/e2806894000050038662154f, 91
1652710014.718134, sdrt-health/mac:02010b41cdec/antenna/tag/e28068940000400386621d4f, 96
1652710014.718368, sdrt-health/mac:02010b41cdec/antenna/tag/e28068940000400386621d4f, 96
1652710014.732901, sdrt-health/mac:02010b41cdec/antenna/tag/e2806894000040038662114f, 91
1652710014.733132, sdrt-health/mac:02010b41cdec/antenna/tag/e28068940000400386621d4f, 96
1652710014.753118, sdrt-health/mac:02010b41cdec/antenna/tag/e2806894000040038662114f, 88
1652710014.781365, sdrt-health/mac:02010b41cdec/antenna/tag/e28068940000400386621d4f, 96
1652710014.781595, sdrt-health/mac:02010b41cdec/antenna/tag/e2806894000040038662114f, 91
1652710014.812708, sdrt-health/mac:02010b41cdec/antenna/tag/e2806894000050038662194f, 87
1652710014.842226, sdrt-health/mac:02010b41cdec/antenna/tag/e28068940000400386621d4f, 77
1652710014.842523, sdrt-health/mac:02010b41cdec/antenna/tag/e2806894000040038662114f, 91
1652710014.842684, sdrt-health/mac:02010b41cdec/antenna/tag/e2806894000050038662194f, 87
1652710014.868744, sdrt-health/mac:02010b41cdec/antenna/tag/e2806894000050038662154f, 88
1652710014.911255, sdrt-health/mac:02010b41cdec/antenna/tag/e2806894000050038662154f, 91
1652710014.911637, sdrt-health/mac:02010b41cdec/antenna/tag/e28068940000400386621d4f, 90
1652710014.977221, sdrt-health/mac:02010b41cdec/antenna/tag/e2806894000040038662114f, 91
1652710015.024678, sdrt-health/mac:02010b41cdec/antenna/tag/e28068940000400386621d4f, 96
1652710015.025103, sdrt-health/mac:02010b41cdec/antenna/tag/e2806894000050038662154f, 88
1652710015.084938, sdrt-health/mac:02010b41cdec/antenna/tag/e2806894000040038661f94f, 94
1652710015.146638, sdrt-health/mac:02010b41cdec/antenna/tag/e28068940000400386621d4f, 77
1652710015.147269, sdrt-health/mac:02010b41cdec/antenna/tag/e2806894000040038662214f, 83
1652710015.212883, sdrt-health/mac:02010b41cdec/antenna/tag/e2806894000050038662194f, 81
1652710015.241174, sdrt-health/mac:02010b41cdec/antenna/tag/e2806894000040038662054f, 82
1652710015.241576, sdrt-health/mac:02010b41cdec/antenna/tag/e2806894000040038662214f, 84
1652710015.47899, sdrt-health/mac:02010b41cdec/antenna/tag/e2806894000040038662214f, 81
1652710015.53172, sdrt-health/mac:02010b41cdec/antenna/tag/e2806894000040038662214f, 88
1652710015.560295, sdrt-health/mac:02010b41cdec/antenna/tag/e2806894000040038662214f, 88
1652710015.560714, sdrt-health/mac:02010b41cdec/antenna/tag/e28068940000400386621d4f, 96
1652710015.561001, sdrt-health/mac:02010b41cdec/antenna/tag/e28068940000400386621d4f, 90
1652710015.561265, sdrt-health/mac:02010b41cdec/antenna/tag/e2806894000050038662154f, 85
1652710015.646596, sdrt-health/mac:02010b41cdec/antenna/tag/e2806894000040038662114f, 88
1652710015.726217, sdrt-health/mac:02010b41cdec/antenna/tag/e2806894000040038662114f, 91
1652710015.758468, sdrt-health/mac:02010b41cdec/antenna/tag/e2806894000050038662154f, 88
1652710015.758918, sdrt-health/mac:02010b41cdec/antenna/tag/e28068940000400386621d4f, 96
1652710015.79424, sdrt-health/mac:02010b41cdec/antenna/tag/e2806894000050038662194f, 83
1652710015.826525, sdrt-health/mac:02010b41cdec/antenna/tag/e2806894000050038662154f, 88
1652710015.826989, sdrt-health/mac:02010b41cdec/antenna/tag/e2806894000040038662114f, 91
1652710015.827251, sdrt-health/mac:02010b41cdec/antenna/tag/e2806894000050038662194f, 94
1652710015.855478, sdrt-health/mac:02010b41cdec/antenna/tag/e2806894000050038662194f, 83
1652710015.884868, sdrt-health/mac:02010b41cdec/antenna/tag/e2806894000040038662114f, 97
1652710015.885269, sdrt-health/mac:02010b41cdec/antenna/tag/e28068940000400386621d4f, 96
1652710015.885474, sdrt-health/mac:02010b41cdec/antenna/tag/e28068940000400386621d4f, 96
1652710015.950221, sdrt-health/mac:02010b41cdec/antenna/tag/e2806894000050038662194f, 87
1652710016.035699, sdrt-health/mac:02010b41cdec/antenna/tag/e28068940000400386621d4f, 77
1652710016.036514, sdrt-health/mac:02010b41cdec/antenna/tag/e2806894000040038662114f, 88
1652710016.104776, sdrt-health/mac:02010b41cdec/antenna/tag/e2806894000040038662114f, 91
1652710016.158466, sdrt-health/mac:02010b41cdec/antenna/tag/e2806894000040038662114f, 88
1652710016.158866, sdrt-health/mac:02010b41cdec/antenna/tag/e2806894000040038661f94f, 81
1652710016.1853, sdrt-health/mac:02010b41cdec/antenna/tag/e2806894000050038662154f, 91
1652710016.267218, sdrt-health/mac:02010b41cdec/antenna/tag/e2806894000040038662114f, 91
1652710016.268467, sdrt-health/mac:02010b41cdec/antenna/tag/e2806894000040038662054f, 94
1652710016.299689, sdrt-health/mac:02010b41cdec/antenna/tag/e2806894000040038662114f, 97
1652710016.358248, sdrt-health/mac:02010b41cdec/antenna/tag/e2806894000040038662114f, 88
1652710016.427155, sdrt-health/mac:02010b41cdec/antenna/tag/e28068940000400386621d4f, 77
1652710016.427376, sdrt-health/mac:02010b41cdec/antenna/tag/e2806894000040038662114f, 91
1652710016.458887, sdrt-health/mac:02010b41cdec/antenna/tag/e28068940000400386621d4f, 96
1652710016.533482, sdrt-health/mac:02010b41cdec/antenna/tag/e2806894000040038661f94f, 84
1652710016.615109, sdrt-health/mac:02010b41cdec/antenna/tag/e2806894000050038662154f, 88
1652710016.705153, sdrt-health/mac:02010b41cdec/antenna/tag/e28068940000400386621d4f, 77
1652710016.705921, sdrt-health/mac:02010b41cdec/antenna/tag/e2806894000050038662194f, 83
1652710016.71997, sdrt-health/mac:02010b41cdec/antenna/tag/e28068940000400386621d4f, 77
1652710016.743887, sdrt-health/mac:02010b41cdec/antenna/tag/e28068940000400386621d4f, 96
1652710016.809757, sdrt-health/mac:02010b41cdec/antenna/tag/e2806894000050038662154f, 83
1652710016.810114, sdrt-health/mac:02010b41cdec/antenna/tag/e28068940000400386621d4f, 77
1652710016.825161, sdrt-health/mac:02010b41cdec/antenna/tag/e2806894000040038662114f, 97
1652710016.82536, sdrt-health/mac:02010b41cdec/antenna/tag/e2806894000050038662194f, 88
1652710016.825476, sdrt-health/mac:02010b41cdec/antenna/tag/e2806894000050038662154f, 91
1652710016.825596, sdrt-health/mac:02010b41cdec/antenna/tag/e28068940000400386621d4f, 96
1652710016.825723, sdrt-health/mac:02010b41cdec/antenna/tag/e28068940000400386621d4f, 77
1652710016.867309, sdrt-health/mac:02010b41cdec/antenna/tag/e28068940000400386621d4f, 77
1652710016.899861, sdrt-health/mac:02010b41cdec/antenna/tag/e2806894000050038662194f, 87
1652710016.900279, sdrt-health/mac:02010b41cdec/antenna/tag/e2806894000050038662154f, 85
1652710016.91727, sdrt-health/mac:02010b41cdec/antenna/tag/e2806894000050038662154f, 85
1652710016.968284, sdrt-health/mac:02010b41cdec/antenna/tag/e2806894000040038661f94f, 81
1652710017.01073, sdrt-health/mac:02010b41cdec/antenna/tag/e2806894000040038662114f, 91
1652710017.011471, sdrt-health/mac:02010b41cdec/antenna/tag/e28068940000400386621d4f, 96
1652710017.024731, sdrt-health/mac:02010b41cdec/antenna/tag/e28068940000400386621d4f, 96
1652710017.086935, sdrt-health/mac:02010b41cdec/antenna/tag/e2806894000050038662154f, 88
1652710017.150763, sdrt-health/mac:02010b41cdec/antenna/tag/e2806894000040038662114f, 97
1652710017.183248, sdrt-health/mac:02010b41cdec/antenna/tag/e28068940000400386621d4f, 90
1652710017.183689, sdrt-health/mac:02010b41cdec/antenna/tag/e2806894000050038662154f, 88
1652710017.183983, sdrt-health/mac:02010b41cdec/antenna/tag/e2806894000040038662114f, 83
1652710017.19895, sdrt-health/mac:02010b41cdec/antenna/tag/e2806894000040038662054f, 88
1652710017.199366, sdrt-health/mac:02010b41cdec/antenna/tag/e2806894000050038662194f, 81
1652710017.262379, sdrt-health/mac:02010b41cdec/antenna/tag/e2806894000050038662194f, 93
1652710017.328934, sdrt-health/mac:02010b41cdec/antenna/tag/e28068940000400386621d4f, 96
1652710017.329301, sdrt-health/mac:02010b41cdec/antenna/tag/e2806894000050038662154f, 88
1652710017.347853, sdrt-health/mac:02010b41cdec/antenna/tag/e2806894000050038662154f, 88
1652710017.456025, sdrt-health/mac:02010b41cdec/antenna/tag/e2806894000050038662154f, 88
1652710017.456252, sdrt-health/mac:02010b41cdec/antenna/tag/e2806894000050038662194f, 83
1652710017.4564, sdrt-health/mac:02010b41cdec/antenna/tag/e2806894000040038662114f, 88
1652710017.456598, sdrt-health/mac:02010b41cdec/antenna/tag/e2806894000050038662154f, 97
1652710017.456749, sdrt-health/mac:02010b41cdec/antenna/tag/e2806894000040038662114f, 88
1652710017.456957, sdrt-health/mac:02010b41cdec/antenna/tag/e28068940000400386621d4f, 96
1652710017.464973, sdrt-health/mac:02010b41cdec/antenna/tag/e2806894000040038662114f, 91
1652710017.504057, sdrt-health/mac:02010b41cdec/antenna/tag/e2806894000050038662154f, 97
1652710017.533845, sdrt-health/mac:02010b41cdec/antenna/tag/e2806894000050038662194f, 83
1652710017.534188, sdrt-health/mac:02010b41cdec/antenna/tag/e28068940000400386621d4f, 96
1652710017.54747, sdrt-health/mac:02010b41cdec/antenna/tag/e2806894000050038662194f, 83
1652710017.547715, sdrt-health/mac:02010b41cdec/antenna/tag/e28068940000400386621d4f, 96
1652710017.547872, sdrt-health/mac:02010b41cdec/antenna/tag/e28068940000400386621d4f, 77
1652710017.710639, sdrt-health/mac:02010b41cdec/antenna/tag/e2806894000050038662194f, 83
1652710017.739447, sdrt-health/mac:02010b41cdec/antenna/tag/e28068940000400386621d4f, 77
1652710017.739906, sdrt-health/mac:02010b41cdec/antenna/tag/e2806894000040038662114f, 88
1652710017.740566, sdrt-health/mac:02010b41cdec/antenna/tag/e2806894000050038662154f, 97
1652710017.771724, sdrt-health/mac:02010b41cdec/antenna/tag/e2806894000050038662194f, 87
1652710017.800835, sdrt-health/mac:02010b41cdec/antenna/tag/e28068940000400386621d4f, 96
1652710017.801279, sdrt-health/mac:02010b41cdec/antenna/tag/e2806894000050038662154f, 88
1652710017.822197, sdrt-health/mac:02010b41cdec/antenna/tag/e2806894000040038662114f, 91
1652710017.902599, sdrt-health/mac:02010b41cdec/antenna/tag/e28068940000500386620d4f, 84
1652710017.902822, sdrt-health/mac:02010b41cdec/antenna/tag/e2806894000050038662154f, 88
1652710017.917125, sdrt-health/mac:02010b41cdec/antenna/tag/e2806894000050038662154f, 88
1652710017.941144, sdrt-health/mac:02010b41cdec/antenna/tag/e2806894000040038662114f, 88
1652710017.976714, sdrt-health/mac:02010b41cdec/antenna/tag/e28068940000400386621d4f, 96
1652710017.977088, sdrt-health/mac:02010b41cdec/antenna/tag/e2806894000040038662114f, 91
1652710017.977236, sdrt-health/mac:02010b41cdec/antenna/tag/e28068940000400386621d4f, 96
1652710017.989433, sdrt-health/mac:02010b41cdec/antenna/tag/e2806894000050038662154f, 91
1652710018.028973, sdrt-health/mac:02010b41cdec/antenna/tag/e28068940000400386621d4f, 96
1652710018.103964, sdrt-health/mac:02010b41cdec/antenna/tag/e2806894000040038661f94f, 93
1652710018.104194, sdrt-health/mac:02010b41cdec/antenna/tag/e2806894000040038662114f, 88
1652710018.139927, sdrt-health/mac:02010b41cdec/antenna/tag/e28068940000400386621d4f, 96
1652710018.201663, sdrt-health/mac:02010b41cdec/antenna/tag/e2806894000040038662114f, 91
1652710018.230798, sdrt-health/mac:02010b41cdec/antenna/tag/e2806894000050038662154f, 91
1652710018.231277, sdrt-health/mac:02010b41cdec/antenna/tag/e2806894000040038662114f, 91
1652710018.248621, sdrt-health/mac:02010b41cdec/antenna/tag/e28068940000400386621d4f, 96
1652710018.284095, sdrt-health/mac:02010b41cdec/antenna/tag/e28068940000400386621d4f, 96
1652710018.315341, sdrt-health/mac:02010b41cdec/antenna/tag/e2806894000040038662114f, 88
1652710018.315836, sdrt-health/mac:02010b41cdec/antenna/tag/e2806894000040038662114f, 88
1652710018.335634, sdrt-health/mac:02010b41cdec/antenna/tag/e2806894000040038662114f, 88
1652710018.380375, sdrt-health/mac:02010b41cdec/antenna/tag/e2806894000050038661fd4f, 84
1652710018.437034, sdrt-health/mac:02010b41cdec/antenna/tag/e2806894000040038662114f, 85
1652710018.467102, sdrt-health/mac:02010b41cdec/antenna/tag/e2806894000040038661f94f, 94
1652710018.467328, sdrt-health/mac:02010b41cdec/antenna/tag/e2806894000040038662214f, 88
1652710018.46747, sdrt-health/mac:02010b41cdec/antenna/tag/e28068940000400386621d4f, 77
1652710018.537192, sdrt-health/mac:02010b41cdec/antenna/tag/e2806894000050038662154f, 97
1652710018.607947, sdrt-health/mac:02010b41cdec/antenna/tag/e2806894000040038661f94f, 103
1652710018.608269, sdrt-health/mac:02010b41cdec/antenna/tag/e2806894000050038662154f, 91
1652710018.624059, sdrt-health/mac:02010b41cdec/antenna/tag/e2806894000040038661f94f, 81
1652710018.624262, sdrt-health/mac:02010b41cdec/antenna/tag/e2806894000050038662154f, 88
1652710018.624394, sdrt-health/mac:02010b41cdec/antenna/tag/e2806894000040038662114f, 91
1652710018.663709, sdrt-health/mac:02010b41cdec/antenna/tag/e2806894000050038662154f, 88
1652710018.734032, sdrt-health/mac:02010b41cdec/antenna/tag/e2806894000040038662054f, 88
1652710018.788066, sdrt-health/mac:02010b41cdec/antenna/tag/e2806894000040038662114f, 91
1652710018.845094, sdrt-health/mac:02010b41cdec/antenna/tag/e28068940000400386621d4f, 96
1652710018.914285, sdrt-health/mac:02010b41cdec/antenna/tag/e2806894000040038662114f, 97
1652710018.91452, sdrt-health/mac:02010b41cdec/antenna/tag/e2806894000050038662194f, 83
1652710018.928103, sdrt-health/mac:02010b41cdec/antenna/tag/e2806894000040038662114f, 83
1652710018.943679, sdrt-health/mac:02010b41cdec/antenna/tag/e2806894000050038662154f, 85
1652710019.007048, sdrt-health/mac:02010b41cdec/antenna/tag/e28068940000400386621d4f, 77
1652710019.007402, sdrt-health/mac:02010b41cdec/antenna/tag/e2806894000040038661f94f, 84
1652710019.02174, sdrt-health/mac:02010b41cdec/antenna/tag/e28068940000400386621d4f, 77
1652710019.022197, sdrt-health/mac:02010b41cdec/antenna/tag/e2806894000050038662154f, 85
1652710019.028653, sdrt-health/mac:02010b41cdec/antenna/tag/e28068940000400386621d4f, 77
1652710019.07737, sdrt-health/mac:02010b41cdec/antenna/tag/e2806894000050038662154f, 97
1652710019.146983, sdrt-health/mac:02010b41cdec/antenna/tag/e2806894000050038662154f, 91
1652710019.183647, sdrt-health/mac:02010b41cdec/antenna/tag/e2806894000040038662114f, 88
1652710019.184047, sdrt-health/mac:02010b41cdec/antenna/tag/e2806894000050038662154f, 97
1652710019.21495, sdrt-health/mac:02010b41cdec/antenna/tag/e28068940000400386621d4f, 77
1652710019.27529, sdrt-health/mac:02010b41cdec/antenna/tag/e28068940000400386621d4f, 77
1652710019.275645, sdrt-health/mac:02010b41cdec/antenna/tag/e2806894000050038662194f, 83
1652710019.288439, sdrt-health/mac:02010b41cdec/antenna/tag/e28068940000400386621d4f, 96
1652710019.29008, sdrt-health/mac:02010b41cdec/antenna/tag/e2806894000040038662114f, 88
1652710019.290292, sdrt-health/mac:02010b41cdec/antenna/tag/e28068940000400386621d4f, 96
1652710019.309454, sdrt-health/mac:02010b41cdec/antenna/tag/e28068940000400386621d4f, 77
1652710019.368156, sdrt-health/mac:02010b41cdec/antenna/tag/e2806894000040038662214f, 88
1652710019.435743, sdrt-health/mac:02010b41cdec/antenna/tag/e2806894000050038662194f, 88
1652710019.436007, sdrt-health/mac:02010b41cdec/antenna/tag/e2806894000040038662214f, 82
1652710019.477355, sdrt-health/mac:02010b41cdec/antenna/tag/e2806894000040038662114f, 91
1652710019.506633, sdrt-health/mac:02010b41cdec/antenna/tag/e28068940000400386621d4f, 77
1652710019.506893, sdrt-health/mac:02010b41cdec/antenna/tag/e2806894000040038662114f, 88
1652710019.532407, sdrt-health/mac:02010b41cdec/antenna/tag/e2806894000050038662194f, 94
1652710019.563541, sdrt-health/mac:02010b41cdec/antenna/tag/e2806894000050038662194f, 83
1652710019.563751, sdrt-health/mac:02010b41cdec/antenna/tag/e28068940000400386621d4f, 96
1652710019.58974, sdrt-health/mac:02010b41cdec/antenna/tag/e2806894000050038662154f, 91
1652710019.634976, sdrt-health/mac:02010b41cdec/antenna/tag/e28068940000400386621d4f, 96
1652710019.694132, sdrt-health/mac:02010b41cdec/antenna/tag/e2806894000040038662114f, 91
1652710019.742763, sdrt-health/mac:02010b41cdec/antenna/tag/e2806894000050038662154f, 91
1652710019.771107, sdrt-health/mac:02010b41cdec/antenna/tag/e2806894000050038662154f, 88
1652710019.771374, sdrt-health/mac:02010b41cdec/antenna/tag/e28068940000400386621d4f, 96
1652710019.798365, sdrt-health/mac:02010b41cdec/antenna/tag/e2806894000040038662114f, 91
1652710019.798783, sdrt-health/mac:02010b41cdec/antenna/tag/e2806894000040038661f94f, 88
1652710019.799076, sdrt-health/mac:02010b41cdec/antenna/tag/e2806894000050038662194f, 88
1652710019.855101, sdrt-health/mac:02010b41cdec/antenna/tag/e2806894000050038662194f, 84
1652710019.900761, sdrt-health/mac:02010b41cdec/antenna/tag/e2806894000040038662054f, 88
1652710019.901134, sdrt-health/mac:02010b41cdec/antenna/tag/e2806894000050038662154f, 85
1652710019.914287, sdrt-health/mac:02010b41cdec/antenna/tag/e2806894000040038662214f, 81
1652710019.914648, sdrt-health/mac:02010b41cdec/antenna/tag/e2806894000040038662054f, 94
1652710019.934331, sdrt-health/mac:02010b41cdec/antenna/tag/e28068940000400386621d4f, 96
1652710019.978881, sdrt-health/mac:02010b41cdec/antenna/tag/e2806894000050038662194f, 83
1652710020.035459, sdrt-health/mac:02010b41cdec/antenna/tag/e2806894000040038662114f, 88
1652710020.069832, sdrt-health/mac:02010b41cdec/antenna/tag/e2806894000040038661f94f, 88
1652710020.070197, sdrt-health/mac:02010b41cdec/antenna/tag/e2806894000050038662154f, 91
1652710020.086968, sdrt-health/mac:02010b41cdec/antenna/tag/e2806894000050038662154f, 85
1652710020.129356, sdrt-health/mac:02010b41cdec/antenna/tag/e2806894000040038662114f, 97
1652710020.182027, sdrt-health/mac:02010b41cdec/antenna/tag/e2806894000050038662194f, 84
1652710020.21992, sdrt-health/mac:02010b41cdec/antenna/tag/e2806894000050038662154f, 91
1652710020.220123, sdrt-health/mac:02010b41cdec/antenna/tag/e2806894000040038662114f, 97
1652710020.233678, sdrt-health/mac:02010b41cdec/antenna/tag/e2806894000040038661f94f, 84
1652710020.262414, sdrt-health/mac:02010b41cdec/antenna/tag/e2806894000040038661f94f, 110
1652710020.262677, sdrt-health/mac:02010b41cdec/antenna/tag/e2806894000050038662194f, 81
1652710020.343111, sdrt-health/mac:02010b41cdec/antenna/tag/e2806894000040038662214f, 84
1652710020.411532, sdrt-health/mac:02010b41cdec/antenna/tag/e2806894000050038662194f, 94
1652710020.41194, sdrt-health/mac:02010b41cdec/antenna/tag/e2806894000040038661f94f, 81
1652710020.437823, sdrt-health/mac:02010b41cdec/antenna/tag/e2806894000050038662154f, 88
1652710020.438061, sdrt-health/mac:02010b41cdec/antenna/tag/e28068940000400386621d4f, 77
1652710020.438188, sdrt-health/mac:02010b41cdec/antenna/tag/e2806894000040038662114f, 88
1652710020.452331, sdrt-health/mac:02010b41cdec/antenna/tag/e2806894000050038662194f, 94
1652710020.452636, sdrt-health/mac:02010b41cdec/antenna/tag/e2806894000040038661f94f, 88
1652710020.512313, sdrt-health/mac:02010b41cdec/antenna/tag/e2806894000050038662154f, 91
1652710020.573801, sdrt-health/mac:02010b41cdec/antenna/tag/e28068940000400386621d4f, 77
1652710020.574169, sdrt-health/mac:02010b41cdec/antenna/tag/e2806894000040038662114f, 88
1652710020.574508, sdrt-health/mac:02010b41cdec/antenna/tag/e2806894000040038662114f, 91
1652710020.587363, sdrt-health/mac:02010b41cdec/antenna/tag/e2806894000050038662194f, 81
1652710020.587607, sdrt-health/mac:02010b41cdec/antenna/tag/e2806894000040038662114f, 88
1652710020.618495, sdrt-health/mac:02010b41cdec/antenna/tag/e2806894000040038662114f, 91
1652710020.689019, sdrt-health/mac:02010b41cdec/antenna/tag/e2806894000050038662154f, 88
1652710020.720201, sdrt-health/mac:02010b41cdec/antenna/tag/e28068940000400386621d4f, 96
1652710020.720617, sdrt-health/mac:02010b41cdec/antenna/tag/e2806894000050038662154f, 97
1652710020.74171, sdrt-health/mac:02010b41cdec/antenna/tag/e2806894000040038661f94f, 83
1652710020.809741, sdrt-health/mac:02010b41cdec/antenna/tag/e2806894000050038662194f, 87
1652710020.810024, sdrt-health/mac:02010b41cdec/antenna/tag/e2806894000040038662114f, 97
1652710020.82944, sdrt-health/mac:02010b41cdec/antenna/tag/e28068940000400386621d4f, 96
1652710020.887502, sdrt-health/mac:02010b41cdec/antenna/tag/e2806894000040038662114f, 91
1652710020.915364, sdrt-health/mac:02010b41cdec/antenna/tag/e28068940000400386621d4f, 77
1652710020.915787, sdrt-health/mac:02010b41cdec/antenna/tag/e2806894000050038662154f, 85
1652710020.948163, sdrt-health/mac:02010b41cdec/antenna/tag/e28068940000400386621d4f, 77
1652710021.02696, sdrt-health/mac:02010b41cdec/antenna/tag/e28068940000400386621d4f, 77
1652710021.02741, sdrt-health/mac:02010b41cdec/antenna/tag/e28068940000400386621d4f, 90
1652710021.066355, sdrt-health/mac:02010b41cdec/antenna/tag/e2806894000050038662154f, 88
1652710021.094161, sdrt-health/mac:02010b41cdec/antenna/tag/e2806894000050038662194f, 81
1652710021.094535, sdrt-health/mac:02010b41cdec/antenna/tag/e2806894000050038662194f, 83
1652710021.094844, sdrt-health/mac:02010b41cdec/antenna/tag/e2806894000040038662114f, 91
1652710021.115812, sdrt-health/mac:02010b41cdec/antenna/tag/e28068940000400386621d4f, 90
1652710021.144317, sdrt-health/mac:02010b41cdec/antenna/tag/e2806894000050038662154f, 85
1652710021.145395, sdrt-health/mac:02010b41cdec/antenna/tag/e2806894000050038662154f, 88
1652710021.1796, sdrt-health/mac:02010b41cdec/antenna/tag/e2806894000040038662114f, 85
1652710021.209491, sdrt-health/mac:02010b41cdec/antenna/tag/e2806894000040038661f94f, 88
1652710021.209881, sdrt-health/mac:02010b41cdec/antenna/tag/e28068940000400386621d4f, 96
1652710021.210139, sdrt-health/mac:02010b41cdec/antenna/tag/e2806894000050038662154f, 88
1652710021.229493, sdrt-health/mac:02010b41cdec/antenna/tag/e28068940000400386621d4f, 96
1652710021.288694, sdrt-health/mac:02010b41cdec/antenna/tag/e2806894000040038662114f, 91
1652710021.355911, sdrt-health/mac:02010b41cdec/antenna/tag/e2806894000050038662154f, 85
1652710021.384726, sdrt-health/mac:02010b41cdec/antenna/tag/e2806894000040038662114f, 97
1652710021.385083, sdrt-health/mac:02010b41cdec/antenna/tag/e2806894000050038662154f, 85
1652710021.385415, sdrt-health/mac:02010b41cdec/antenna/tag/e2806894000040038662114f, 88
1652710021.402736, sdrt-health/mac:02010b41cdec/antenna/tag/e28068940000400386621d4f, 96
1652710021.464476, sdrt-health/mac:02010b41cdec/antenna/tag/e28068940000400386621d4f, 77
1652710021.514276, sdrt-health/mac:02010b41cdec/antenna/tag/e2806894000040038662114f, 97
1652710021.540519, sdrt-health/mac:02010b41cdec/antenna/tag/e2806894000050038662154f, 91
1652710021.540751, sdrt-health/mac:02010b41cdec/antenna/tag/e2806894000050038662194f, 94
1652710021.562624, sdrt-health/mac:02010b41cdec/antenna/tag/e2806894000050038662154f, 91
1652710021.590219, sdrt-health/mac:02010b41cdec/antenna/tag/e2806894000040038662214f, 83
1652710021.590585, sdrt-health/mac:02010b41cdec/antenna/tag/e28068940000400386621d4f, 96
1652710021.618261, sdrt-health/mac:02010b41cdec/antenna/tag/e28068940000400386621d4f, 77
1652710021.648734, sdrt-health/mac:02010b41cdec/antenna/tag/e28068940000400386621d4f, 77
1652710021.73145, sdrt-health/mac:02010b41cdec/antenna/tag/e28068940000400386621d4f, 96
1652710021.795786, sdrt-health/mac:02010b41cdec/antenna/tag/e2806894000050038662194f, 81
1652710021.796218, sdrt-health/mac:02010b41cdec/antenna/tag/e2806894000040038661f94f, 100
1652710021.796492, sdrt-health/mac:02010b41cdec/antenna/tag/e2806894000040038662214f, 94
1652710021.796763, sdrt-health/mac:02010b41cdec/antenna/tag/e2806894000040038662114f, 91
1652710021.853517, sdrt-health/mac:02010b41cdec/antenna/tag/e2806894000040038662214f, 84
1652710021.893316, sdrt-health/mac:02010b41cdec/antenna/tag/e2806894000040038661f94f, 110
1652710021.893773, sdrt-health/mac:02010b41cdec/antenna/tag/e28068940000400386621d4f, 96
1652710021.942342, sdrt-health/mac:02010b41cdec/antenna/tag/e2806894000050038662154f, 85
1652710022.032804, sdrt-health/mac:02010b41cdec/antenna/tag/e28068940000400386621d4f, 96
1652710022.112359, sdrt-health/mac:02010b41cdec/antenna/tag/e2806894000040038662114f, 97
1652710022.112751, sdrt-health/mac:02010b41cdec/antenna/tag/e2806894000040038662114f, 97
1652710022.12612, sdrt-health/mac:02010b41cdec/antenna/tag/e2806894000040038662114f, 88
1652710022.126517, sdrt-health/mac:02010b41cdec/antenna/tag/e28068940000400386621d4f, 96
1652710022.126799, sdrt-health/mac:02010b41cdec/antenna/tag/e2806894000040038662114f, 88
1652710022.200341, sdrt-health/mac:02010b41cdec/antenna/tag/e2806894000050038662154f, 85
1652710022.229565, sdrt-health/mac:02010b41cdec/antenna/tag/e28068940000400386621d4f, 77
1652710022.230019, sdrt-health/mac:02010b41cdec/antenna/tag/e2806894000050038662154f, 88
1652710022.268813, sdrt-health/mac:02010b41cdec/antenna/tag/e28068940000400386621d4f, 96
1652710022.297758, sdrt-health/mac:02010b41cdec/antenna/tag/e2806894000040038662114f, 91
1652710022.298153, sdrt-health/mac:02010b41cdec/antenna/tag/e2806894000040038662114f, 91
1652710022.312809, sdrt-health/mac:02010b41cdec/antenna/tag/e2806894000050038662154f, 85
1652710022.359804, sdrt-health/mac:02010b41cdec/antenna/tag/e2806894000050038662194f, 83
1652710022.406174, sdrt-health/mac:02010b41cdec/antenna/tag/e28068940000400386621d4f, 96
1652710022.489655, sdrt-health/mac:02010b41cdec/antenna/tag/e28068940000400386621d4f, 77
1652710022.569966, sdrt-health/mac:02010b41cdec/antenna/tag/e2806894000040038662214f, 81
1652710022.570166, sdrt-health/mac:02010b41cdec/antenna/tag/e2806894000050038662154f, 85
1652710022.587768, sdrt-health/mac:02010b41cdec/antenna/tag/e2806894000040038662114f, 91
1652710022.588085, sdrt-health/mac:02010b41cdec/antenna/tag/e2806894000050038662194f, 81
1652710022.588214, sdrt-health/mac:02010b41cdec/antenna/tag/e2806894000040038662114f, 97
1652710022.603364, sdrt-health/mac:02010b41cdec/antenna/tag/e2806894000040038661f94f, 82
1652710022.603614, sdrt-health/mac:02010b41cdec/antenna/tag/e2806894000040038662114f, 88
1652710022.603778, sdrt-health/mac:02010b41cdec/antenna/tag/e2806894000050038662154f, 91
1652710022.603949, sdrt-health/mac:02010b41cdec/antenna/tag/e28068940000400386621d4f, 96
1652710022.657005, sdrt-health/mac:02010b41cdec/antenna/tag/e2806894000040038662114f, 88
1652710022.723291, sdrt-health/mac:02010b41cdec/antenna/tag/e2806894000050038662154f, 91
1652710022.723577, sdrt-health/mac:02010b41cdec/antenna/tag/e2806894000050038662154f, 91
1652710022.767, sdrt-health/mac:02010b41cdec/antenna/tag/e2806894000050038662194f, 81
1652710022.767449, sdrt-health/mac:02010b41cdec/antenna/tag/e28068940000400386621d4f, 90
1652710022.815507, sdrt-health/mac:02010b41cdec/antenna/tag/e2806894000040038662114f, 88
1652710022.869423, sdrt-health/mac:02010b41cdec/antenna/tag/e2806894000050038662194f, 81
1652710022.869814, sdrt-health/mac:02010b41cdec/antenna/tag/e2806894000040038661f94f, 88
1652710022.942224, sdrt-health/mac:02010b41cdec/antenna/tag/e2806894000040038662054f, 84
1652710022.969238, sdrt-health/mac:02010b41cdec/antenna/tag/e28068940000400386621d4f, 96
1652710022.96945, sdrt-health/mac:02010b41cdec/antenna/tag/e2806894000040038661f94f, 94
1652710022.989233, sdrt-health/mac:02010b41cdec/antenna/tag/e2806894000040038662114f, 91
1652710023.048843, sdrt-health/mac:02010b41cdec/antenna/tag/e2806894000040038662114f, 83
1652710023.077406, sdrt-health/mac:02010b41cdec/antenna/tag/e2806894000040038662214f, 94
1652710023.077923, sdrt-health/mac:02010b41cdec/antenna/tag/e2806894000050038662194f, 87
1652710023.098301, sdrt-health/mac:02010b41cdec/antenna/tag/e2806894000040038662114f, 91
1652710023.164206, sdrt-health/mac:02010b41cdec/antenna/tag/e28068940000400386621d4f, 96
1652710023.164445, sdrt-health/mac:02010b41cdec/antenna/tag/e2806894000040038662214f, 84
1652710023.179684, sdrt-health/mac:02010b41cdec/antenna/tag/e28068940000400386621d4f, 77
1652710023.188042, sdrt-health/mac:02010b41cdec/antenna/tag/e28068940000400386621d4f, 96
1652710023.230638, sdrt-health/mac:02010b41cdec/antenna/tag/e2806894000040038662114f, 88
1652710023.309119, sdrt-health/mac:02010b41cdec/antenna/tag/e2806894000050038662154f, 88
1652710023.309501, sdrt-health/mac:02010b41cdec/antenna/tag/e2806894000040038662114f, 85
1652710023.326486, sdrt-health/mac:02010b41cdec/antenna/tag/e2806894000050038662154f, 91
1652710023.361042, sdrt-health/mac:02010b41cdec/antenna/tag/e2806894000050038662154f, 91
1652710023.36127, sdrt-health/mac:02010b41cdec/antenna/tag/e2806894000040038662114f, 91
1652710023.384917, sdrt-health/mac:02010b41cdec/antenna/tag/e28068940000400386621d4f, 96
1652710023.407433, sdrt-health/mac:02010b41cdec/antenna/tag/e2806894000050038662154f, 88
1652710023.41187, sdrt-health/mac:02010b41cdec/antenna/tag/e2806894000040038662114f, 91
1652710023.412067, sdrt-health/mac:02010b41cdec/antenna/tag/e2806894000050038662194f, 85
1652710023.412185, sdrt-health/mac:02010b41cdec/antenna/tag/e2806894000050038662154f, 88
1652710023.412302, sdrt-health/mac:02010b41cdec/antenna/tag/e28068940000400386621d4f, 96
1652710023.477372, sdrt-health/mac:02010b41cdec/antenna/tag/e28068940000400386621d4f, 96
1652710023.515914, sdrt-health/mac:02010b41cdec/antenna/tag/e2806894000050038662154f, 97
1652710023.603215, sdrt-health/mac:02010b41cdec/antenna/tag/e2806894000040038661f94f, 81
1652710023.603581, sdrt-health/mac:02010b41cdec/antenna/tag/e2806894000040038662114f, 97
1652710023.640969, sdrt-health/mac:02010b41cdec/antenna/tag/e2806894000050038662154f, 88
1652710023.688275, sdrt-health/mac:02010b41cdec/antenna/tag/e2806894000040038661f94f, 81
1652710023.688646, sdrt-health/mac:02010b41cdec/antenna/tag/e2806894000050038662194f, 83
1652710023.729624, sdrt-health/mac:02010b41cdec/antenna/tag/e2806894000050038662154f, 88
1652710023.79396, sdrt-health/mac:02010b41cdec/antenna/tag/e2806894000050038662154f, 91
1652710023.794359, sdrt-health/mac:02010b41cdec/antenna/tag/e2806894000040038662114f, 97
1652710023.81996, sdrt-health/mac:02010b41cdec/antenna/tag/e2806894000050038662154f, 88
1652710023.937161, sdrt-health/mac:02010b41cdec/antenna/tag/e2806894000050038662194f, 93
1652710023.937394, sdrt-health/mac:02010b41cdec/antenna/tag/e2806894000050038662154f, 91
1652710023.937509, sdrt-health/mac:02010b41cdec/antenna/tag/e2806894000040038661f94f, 88
1652710023.937619, sdrt-health/mac:02010b41cdec/antenna/tag/e28068940000400386621d4f, 96
1652710023.937729, sdrt-health/mac:02010b41cdec/antenna/tag/e2806894000040038662114f, 88
1652710023.950179, sdrt-health/mac:02010b41cdec/antenna/tag/e2806894000040038662114f, 85
1652710024.011575, sdrt-health/mac:02010b41cdec/antenna/tag/e28068940000400386621d4f, 77
1652710024.044392, sdrt-health/mac:02010b41cdec/antenna/tag/e2806894000050038662154f, 88
1652710024.044814, sdrt-health/mac:02010b41cdec/antenna/tag/e2806894000040038662054f, 88
1652710024.075716, sdrt-health/mac:02010b41cdec/antenna/tag/e2806894000050038662194f, 83
1652710024.104181, sdrt-health/mac:02010b41cdec/antenna/tag/e28068940000400386621d4f, 96
1652710024.104382, sdrt-health/mac:02010b41cdec/antenna/tag/e2806894000050038662194f, 83
1652710024.343446, sdrt-health/mac:02010b41cdec/antenna/tag/e2806894000050038662154f, 88
1652710024.372301, sdrt-health/mac:02010b41cdec/antenna/tag/e28068940000400386621d4f, 96
1652710024.372748, sdrt-health/mac:02010b41cdec/antenna/tag/e2806894000040038662114f, 88
1652710024.428049, sdrt-health/mac:02010b41cdec/antenna/tag/e2806894000040038661f94f, 81
1652710024.458147, sdrt-health/mac:02010b41cdec/antenna/tag/e2806894000050038662154f, 91
1652710024.458381, sdrt-health/mac:02010b41cdec/antenna/tag/e2806894000040038661f94f, 88
1652710024.458626, sdrt-health/mac:02010b41cdec/antenna/tag/e2806894000040038662114f, 91
1652710024.458913, sdrt-health/mac:02010b41cdec/antenna/tag/e28068940000400386621d4f, 96
1652710024.459211, sdrt-health/mac:02010b41cdec/antenna/tag/e2806894000050038662194f, 87
1652710024.459533, sdrt-health/mac:02010b41cdec/antenna/tag/e2806894000050038662194f, 85
1652710024.459793, sdrt-health/mac:02010b41cdec/antenna/tag/e28068940000400386621d4f, 96
1652710024.459977, sdrt-health/mac:02010b41cdec/antenna/tag/e2806894000040038662114f, 91
1652710024.460143, sdrt-health/mac:02010b41cdec/antenna/tag/e28068940000400386621d4f, 96
1652710024.473447, sdrt-health/mac:02010b41cdec/antenna/tag/e2806894000050038662154f, 91
1652710024.473665, sdrt-health/mac:02010b41cdec/antenna/tag/e2806894000040038661f94f, 84
1652710024.536607, sdrt-health/mac:02010b41cdec/antenna/tag/e2806894000050038662154f, 88
1652710024.571312, sdrt-health/mac:02010b41cdec/antenna/tag/e2806894000040038661f94f, 81
1652710024.571743, sdrt-health/mac:02010b41cdec/antenna/tag/e2806894000040038661f94f, 81
1652710024.590937, sdrt-health/mac:02010b41cdec/antenna/tag/e2806894000050038662154f, 91
1652710024.659056, sdrt-health/mac:02010b41cdec/antenna/tag/e28068940000400386621d4f, 96
1652710024.703352, sdrt-health/mac:02010b41cdec/antenna/tag/e2806894000040038662114f, 91
1652710024.703733, sdrt-health/mac:02010b41cdec/antenna/tag/e28068940000400386621d4f, 96
1652710024.716808, sdrt-health/mac:02010b41cdec/antenna/tag/e2806894000040038662114f, 91
1652710024.717037, sdrt-health/mac:02010b41cdec/antenna/tag/e2806894000050038662154f, 91
1652710024.764954, sdrt-health/mac:02010b41cdec/antenna/tag/e2806894000040038661f94f, 81
1652710024.828087, sdrt-health/mac:02010b41cdec/antenna/tag/e2806894000040038662114f, 88
1652710024.862639, sdrt-health/mac:02010b41cdec/antenna/tag/e28068940000400386621d4f, 77
1652710024.863015, sdrt-health/mac:02010b41cdec/antenna/tag/e2806894000040038661f94f, 94
1652710024.863277, sdrt-health/mac:02010b41cdec/antenna/tag/e28068940000400386621d4f, 96
1652710024.877106, sdrt-health/mac:02010b41cdec/antenna/tag/e2806894000040038662214f, 81
1652710024.919349, sdrt-health/mac:02010b41cdec/antenna/tag/e2806894000040038662114f, 91
1652710024.97506, sdrt-health/mac:02010b41cdec/antenna/tag/e2806894000040038662214f, 94
1652710025.020306, sdrt-health/mac:02010b41cdec/antenna/tag/e28068940000400386621d4f, 96
1652710025.086654, sdrt-health/mac:02010b41cdec/antenna/tag/e2806894000040038662114f, 97
1652710025.115277, sdrt-health/mac:02010b41cdec/antenna/tag/e2806894000050038662154f, 97
1652710025.115619, sdrt-health/mac:02010b41cdec/antenna/tag/e2806894000050038662154f, 88
1652710025.161328, sdrt-health/mac:02010b41cdec/antenna/tag/e2806894000050038662194f, 83
1652710025.190719, sdrt-health/mac:02010b41cdec/antenna/tag/e28068940000400386621d4f, 90
1652710025.191075, sdrt-health/mac:02010b41cdec/antenna/tag/e2806894000040038662114f, 91
1652710025.33042, sdrt-health/mac:02010b41cdec/antenna/tag/e2806894000050038662154f, 88
1652710025.417115, sdrt-health/mac:02010b41cdec/antenna/tag/e28068940000400386621d4f, 77
1652710025.417448, sdrt-health/mac:02010b41cdec/antenna/tag/e2806894000040038662054f, 88
1652710025.430731, sdrt-health/mac:02010b41cdec/antenna/tag/e2806894000040038662114f, 97
1652710025.431087, sdrt-health/mac:02010b41cdec/antenna/tag/e2806894000050038662194f, 93
1652710025.431326, sdrt-health/mac:02010b41cdec/antenna/tag/e2806894000040038662114f, 83
1652710025.465947, sdrt-health/mac:02010b41cdec/antenna/tag/e28068940000400386621d4f, 90
1652710025.467105, sdrt-health/mac:02010b41cdec/antenna/tag/e2806894000040038662054f, 88
1652710025.494113, sdrt-health/mac:02010b41cdec/antenna/tag/e2806894000040038661f94f, 94
1652710025.494448, sdrt-health/mac:02010b41cdec/antenna/tag/e2806894000040038661f94f, 82
1652710025.494599, sdrt-health/mac:02010b41cdec/antenna/tag/e2806894000050038662154f, 87
1652710025.526812, sdrt-health/mac:02010b41cdec/antenna/tag/e2806894000040038661f94f, 81
1652710025.559569, sdrt-health/mac:02010b41cdec/antenna/tag/e2806894000050038662154f, 87
1652710025.559942, sdrt-health/mac:02010b41cdec/antenna/tag/e2806894000040038662114f, 97
1652710025.589456, sdrt-health/mac:02010b41cdec/antenna/tag/e2806894000050038662154f, 93
1652710025.637322, sdrt-health/mac:02010b41cdec/antenna/tag/e2806894000040038662114f, 91
1652710025.71688, sdrt-health/mac:02010b41cdec/antenna/tag/e2806894000040038662114f, 91
1652710025.717172, sdrt-health/mac:02010b41cdec/antenna/tag/e2806894000040038662114f, 91
1652710025.735817, sdrt-health/mac:02010b41cdec/antenna/tag/e2806894000040038662114f, 88
1652710025.798701, sdrt-health/mac:02010b41cdec/antenna/tag/e2806894000050038661fd4f, 90
1652710025.864629, sdrt-health/mac:02010b41cdec/antenna/tag/e2806894000050038662154f, 83
1652710025.949511, sdrt-health/mac:02010b41cdec/antenna/tag/e2806894000050038661fd4f, 86
1652710025.949723, sdrt-health/mac:02010b41cdec/antenna/tag/e2806894000040038662114f, 88
1652710025.971885, sdrt-health/mac:02010b41cdec/antenna/tag/e28068940000400386621d4f, 77
1652710025.972356, sdrt-health/mac:02010b41cdec/antenna/tag/e2806894000050038661fd4f, 83
1652710025.972695, sdrt-health/mac:02010b41cdec/antenna/tag/e2806894000040038662114f, 88
1652710025.988985, sdrt-health/mac:02010b41cdec/antenna/tag/e2806894000050038661fd4f, 83
1652710025.989251, sdrt-health/mac:02010b41cdec/antenna/tag/e2806894000040038662114f, 91
1652710025.989381, sdrt-health/mac:02010b41cdec/antenna/tag/e2806894000050038662154f, 87
1652710025.989506, sdrt-health/mac:02010b41cdec/antenna/tag/e2806894000050038662154f, 83
1652710026.045253, sdrt-health/mac:02010b41cdec/antenna/tag/e2806894000050038662194f, 83
1652710026.098325, sdrt-health/mac:02010b41cdec/antenna/tag/e2806894000050038662194f, 87
1652710026.169434, sdrt-health/mac:02010b41cdec/antenna/tag/e28068940000500386620d4f, 94
1652710026.169831, sdrt-health/mac:02010b41cdec/antenna/tag/e2806894000050038662154f, 81
1652710026.186743, sdrt-health/mac:02010b41cdec/antenna/tag/e28068940000400386621d4f, 90
1652710026.223147, sdrt-health/mac:02010b41cdec/antenna/tag/e28068940000500386620d4f, 94
1652710026.270841, sdrt-health/mac:02010b41cdec/antenna/tag/e2806894000050038662154f, 87
1652710026.333635, sdrt-health/mac:02010b41cdec/antenna/tag/e28068940000500386620d4f, 88
1652710026.38166, sdrt-health/mac:02010b41cdec/antenna/tag/e28068940000400386621d4f, 96
1652710026.415885, sdrt-health/mac:02010b41cdec/antenna/tag/e28068940000400386621d4f, 96
1652710026.416129, sdrt-health/mac:02010b41cdec/antenna/tag/e2806894000050038662194f, 85
1652710026.430508, sdrt-health/mac:02010b41cdec/antenna/tag/e2806894000050038662154f, 83
1652710026.471154, sdrt-health/mac:02010b41cdec/antenna/tag/e28068940000500386620d4f, 88
1652710026.471804, sdrt-health/mac:02010b41cdec/antenna/tag/e2806894000050038661fd4f, 83
1652710026.507924, sdrt-health/mac:02010b41cdec/antenna/tag/e2806894000040038662114f, 91
1652710026.626352, sdrt-health/mac:02010b41cdec/antenna/tag/e2806894000050038661fd4f, 83
1652710026.671747, sdrt-health/mac:02010b41cdec/antenna/tag/e2806894000050038662194f, 87
1652710026.724975, sdrt-health/mac:02010b41cdec/antenna/tag/e2806894000050038661fd4f, 83
1652710026.725384, sdrt-health/mac:02010b41cdec/antenna/tag/e2806894000050038661fd4f, 86
1652710026.7557, sdrt-health/mac:02010b41cdec/antenna/tag/e2806894000050038661fd4f, 83
1652710026.815299, sdrt-health/mac:02010b41cdec/antenna/tag/e2806894000050038662194f, 93
1652710026.843824, sdrt-health/mac:02010b41cdec/antenna/tag/e28068940000500386620d4f, 88
1652710026.84418, sdrt-health/mac:02010b41cdec/antenna/tag/e28068940000400386621d4f, 77
1652710026.868367, sdrt-health/mac:02010b41cdec/antenna/tag/e28068940000400386621d4f, 77
1652710026.868801, sdrt-health/mac:02010b41cdec/antenna/tag/e28068940000500386620d4f, 82
1652710026.910825, sdrt-health/mac:02010b41cdec/antenna/tag/e2806894000040038662114f, 91
1652710027.006193, sdrt-health/mac:02010b41cdec/antenna/tag/e2806894000050038662194f, 87
1652710027.006583, sdrt-health/mac:02010b41cdec/antenna/tag/e28068940000400386621d4f, 90
1652710027.094785, sdrt-health/mac:02010b41cdec/antenna/tag/e2806894000040038662114f, 91
1652710027.139456, sdrt-health/mac:02010b41cdec/antenna/tag/e28068940000500386620d4f, 81
1652710027.206864, sdrt-health/mac:02010b41cdec/antenna/tag/e28068940000500386620d4f, 94
1652710027.207185, sdrt-health/mac:02010b41cdec/antenna/tag/e2806894000050038662154f, 93
1652710027.22522, sdrt-health/mac:02010b41cdec/antenna/tag/e28068940000400386621d4f, 90
1652710027.225641, sdrt-health/mac:02010b41cdec/antenna/tag/e28068940000500386620d4f, 83
1652710027.237394, sdrt-health/mac:02010b41cdec/antenna/tag/e28068940000400386621d4f, 90
1652710027.294967, sdrt-health/mac:02010b41cdec/antenna/tag/e2806894000040038662114f, 97
1652710027.361991, sdrt-health/mac:02010b41cdec/antenna/tag/e28068940000400386621d4f, 90
1652710027.362362, sdrt-health/mac:02010b41cdec/antenna/tag/e2806894000050038662154f, 93
1652710027.376703, sdrt-health/mac:02010b41cdec/antenna/tag/e2806894000040038662114f, 88
1652710027.406632, sdrt-health/mac:02010b41cdec/antenna/tag/e2806894000050038662154f, 81
1652710027.436162, sdrt-health/mac:02010b41cdec/antenna/tag/e2806894000040038662114f, 88
1652710027.436574, sdrt-health/mac:02010b41cdec/antenna/tag/e28068940000400386621d4f, 77
1652710027.470348, sdrt-health/mac:02010b41cdec/antenna/tag/e2806894000040038662114f, 88
1652710027.500546, sdrt-health/mac:02010b41cdec/antenna/tag/e2806894000050038662194f, 87
1652710027.500887, sdrt-health/mac:02010b41cdec/antenna/tag/e2806894000050038662154f, 85
1652710027.501009, sdrt-health/mac:02010b41cdec/antenna/tag/e2806894000050038662154f, 87
1652710027.515339, sdrt-health/mac:02010b41cdec/antenna/tag/e2806894000050038662154f, 93
1652710027.515671, sdrt-health/mac:02010b41cdec/antenna/tag/e2806894000040038662114f, 91
1652710027.515912, sdrt-health/mac:02010b41cdec/antenna/tag/e28068940000400386621d4f, 90
1652710027.560993, sdrt-health/mac:02010b41cdec/antenna/tag/e2806894000050038662194f, 87
1652710027.64889, sdrt-health/mac:02010b41cdec/antenna/tag/e2806894000050038662154f, 87
1652710027.649329, sdrt-health/mac:02010b41cdec/antenna/tag/e28068940000500386620d4f, 87
1652710027.687053, sdrt-health/mac:02010b41cdec/antenna/tag/e2806894000050038661fd4f, 83
1652710027.739614, sdrt-health/mac:02010b41cdec/antenna/tag/e2806894000050038661fd4f, 83
1652710027.796921, sdrt-health/mac:02010b41cdec/antenna/tag/e28068940000400386621d4f, 96
1652710027.84723, sdrt-health/mac:02010b41cdec/antenna/tag/e28068940000400386621d4f, 77
1652710027.84755, sdrt-health/mac:02010b41cdec/antenna/tag/e28068940000500386620d4f, 81
1652710027.90977, sdrt-health/mac:02010b41cdec/antenna/tag/e2806894000050038661fd4f, 90
1652710027.957821, sdrt-health/mac:02010b41cdec/antenna/tag/e2806894000040038662114f, 91
1652710027.988973, sdrt-health/mac:02010b41cdec/antenna/tag/e2806894000050038662194f, 85
1652710027.989266, sdrt-health/mac:02010b41cdec/antenna/tag/e2806894000050038662154f, 87
1652710027.989659, sdrt-health/mac:02010b41cdec/antenna/tag/e28068940000400386621d4f, 96
1652710028.015458, sdrt-health/mac:02010b41cdec/antenna/tag/e2806894000040038662114f, 88
1652710028.060154, sdrt-health/mac:02010b41cdec/antenna/tag/e2806894000050038662194f, 81
1652710028.097096, sdrt-health/mac:02010b41cdec/antenna/tag/e28068940000400386621d4f, 77
1652710028.097496, sdrt-health/mac:02010b41cdec/antenna/tag/e2806894000040038661f94f, 84
1652710028.114224, sdrt-health/mac:02010b41cdec/antenna/tag/e2806894000050038661fd4f, 86
1652710028.114607, sdrt-health/mac:02010b41cdec/antenna/tag/e28068940000400386621d4f, 77
1652710028.192281, sdrt-health/mac:02010b41cdec/antenna/tag/e2806894000040038662114f, 91
1652710028.269713, sdrt-health/mac:02010b41cdec/antenna/tag/e2806894000040038662054f, 88
1652710028.269948, sdrt-health/mac:02010b41cdec/antenna/tag/e28068940000400386621d4f, 77
1652710028.283514, sdrt-health/mac:02010b41cdec/antenna/tag/e2806894000050038661fd4f, 86
1652710028.312385, sdrt-health/mac:02010b41cdec/antenna/tag/e2806894000050038662154f, 81
1652710028.312829, sdrt-health/mac:02010b41cdec/antenna/tag/e2806894000050038661fd4f, 83
1652710028.344186, sdrt-health/mac:02010b41cdec/antenna/tag/e2806894000040038662054f, 81
1652710028.437353, sdrt-health/mac:02010b41cdec/antenna/tag/e2806894000050038662154f, 85
1652710028.437691, sdrt-health/mac:02010b41cdec/antenna/tag/e2806894000040038662114f, 88
1652710028.504635, sdrt-health/mac:02010b41cdec/antenna/tag/e2806894000050038662194f, 88
1652710028.59421, sdrt-health/mac:02010b41cdec/antenna/tag/e28068940000400386621d4f, 90
1652710028.594584, sdrt-health/mac:02010b41cdec/antenna/tag/e2806894000050038662194f, 93
1652710028.609268, sdrt-health/mac:02010b41cdec/antenna/tag/e2806894000050038661fd4f, 83
1652710028.618315, sdrt-health/mac:02010b41cdec/antenna/tag/e2806894000040038662214f, 94
1652710028.62664, sdrt-health/mac:02010b41cdec/antenna/tag/e2806894000050038662194f, 93
1652710028.678393, sdrt-health/mac:02010b41cdec/antenna/tag/e28068940000400386621d4f, 96
1652710028.755331, sdrt-health/mac:02010b41cdec/antenna/tag/e2806894000040038662114f, 97
1652710028.846482, sdrt-health/mac:02010b41cdec/antenna/tag/e2806894000040038662054f, 84
1652710028.846886, sdrt-health/mac:02010b41cdec/antenna/tag/e28068940000400386621d4f, 77
1652710028.886567, sdrt-health/mac:02010b41cdec/antenna/tag/e28068940000400386621d4f, 96
1652710028.945072, sdrt-health/mac:02010b41cdec/antenna/tag/e2806894000040038662054f, 84
1652710029.02411, sdrt-health/mac:02010b41cdec/antenna/tag/e2806894000050038662194f, 87
1652710029.024469, sdrt-health/mac:02010b41cdec/antenna/tag/e2806894000050038662194f, 85
1652710029.044749, sdrt-health/mac:02010b41cdec/antenna/tag/e2806894000050038662154f, 85
1652710029.045068, sdrt-health/mac:02010b41cdec/antenna/tag/e2806894000040038662054f, 82
1652710029.0453, sdrt-health/mac:02010b41cdec/antenna/tag/e2806894000040038662114f, 91
1652710029.054547, sdrt-health/mac:02010b41cdec/antenna/tag/e2806894000050038662194f, 87
1652710029.09987, sdrt-health/mac:02010b41cdec/antenna/tag/e2806894000040038661f94f, 81
1652710029.119119, sdrt-health/mac:02010b41cdec/antenna/tag/e2806894000050038662154f, 91
1652710029.215296, sdrt-health/mac:02010b41cdec/antenna/tag/e2806894000050038662194f, 93
1652710029.253724, sdrt-health/mac:02010b41cdec/antenna/tag/e2806894000050038662154f, 91
1652710029.254124, sdrt-health/mac:02010b41cdec/antenna/tag/e2806894000040038661f94f, 100
1652710029.279146, sdrt-health/mac:02010b41cdec/antenna/tag/e2806894000050038662194f, 87
1652710029.279533, sdrt-health/mac:02010b41cdec/antenna/tag/e28068940000400386621d4f, 96
1652710029.309453, sdrt-health/mac:02010b41cdec/antenna/tag/e2806894000040038661f94f, 94
1652710029.372574, sdrt-health/mac:02010b41cdec/antenna/tag/e2806894000040038662114f, 88
1652710029.429209, sdrt-health/mac:02010b41cdec/antenna/tag/e2806894000040038662214f, 88
1652710029.429402, sdrt-health/mac:02010b41cdec/antenna/tag/e2806894000050038662194f, 87
1652710029.429532, sdrt-health/mac:02010b41cdec/antenna/tag/e2806894000040038661f94f, 81
1652710029.44556, sdrt-health/mac:02010b41cdec/antenna/tag/e2806894000050038661fd4f, 83
1652710029.53562, sdrt-health/mac:02010b41cdec/antenna/tag/e28068940000400386621d4f, 96
1652710029.576804, sdrt-health/mac:02010b41cdec/antenna/tag/e2806894000040038662114f, 91
1652710029.577131, sdrt-health/mac:02010b41cdec/antenna/tag/e2806894000050038662154f, 85
1652710029.592496, sdrt-health/mac:02010b41cdec/antenna/tag/e2806894000050038662194f, 83
1652710029.746207, sdrt-health/mac:02010b41cdec/antenna/tag/e2806894000050038661fd4f, 83
1652710029.746613, sdrt-health/mac:02010b41cdec/antenna/tag/e2806894000050038662154f, 85
1652710029.746985, sdrt-health/mac:02010b41cdec/antenna/tag/e2806894000040038662114f, 88
1652710029.747353, sdrt-health/mac:02010b41cdec/antenna/tag/e2806894000050038662194f, 81
1652710029.747724, sdrt-health/mac:02010b41cdec/antenna/tag/e2806894000050038662154f, 85
1652710029.74803, sdrt-health/mac:02010b41cdec/antenna/tag/e2806894000050038662194f, 84
1652710029.748344, sdrt-health/mac:02010b41cdec/antenna/tag/e28068940000400386621d4f, 77
1652710029.748973, sdrt-health/mac:02010b41cdec/antenna/tag/e2806894000050038662154f, 88
1652710029.766552, sdrt-health/mac:02010b41cdec/antenna/tag/e2806894000040038662114f, 88
1652710029.821313, sdrt-health/mac:02010b41cdec/antenna/tag/e2806894000050038662154f, 91
1652710029.822827, sdrt-health/mac:02010b41cdec/antenna/tag/e28068940000400386621d4f, 96
1652710029.93954, sdrt-health/mac:02010b41cdec/antenna/tag/e2806894000040038662114f, 97
1652710029.939908, sdrt-health/mac:02010b41cdec/antenna/tag/e28068940000400386621d4f, 96
1652710029.940183, sdrt-health/mac:02010b41cdec/antenna/tag/e2806894000050038662194f, 88
1652710029.952149, sdrt-health/mac:02010b41cdec/antenna/tag/e2806894000040038662114f, 88
1652710030.017188, sdrt-health/mac:02010b41cdec/antenna/tag/e2806894000050038661fd4f, 86
1652710030.122384, sdrt-health/mac:02010b41cdec/antenna/tag/e2806894000050038661fd4f, 86
1652710030.122596, sdrt-health/mac:02010b41cdec/antenna/tag/e2806894000040038661f94f, 81
1652710030.194758, sdrt-health/mac:02010b41cdec/antenna/tag/e28068940000400386621d4f, 90
1652710030.19518, sdrt-health/mac:02010b41cdec/antenna/tag/e2806894000050038662194f, 93
1652710030.195477, sdrt-health/mac:02010b41cdec/antenna/tag/e2806894000050038661fd4f, 86
1652710030.282352, sdrt-health/mac:02010b41cdec/antenna/tag/e2806894000040038662114f, 88
1652710030.308376, sdrt-health/mac:02010b41cdec/antenna/tag/e2806894000050038662154f, 91
1652710030.308717, sdrt-health/mac:02010b41cdec/antenna/tag/e2806894000050038662154f, 91
1652710030.308955, sdrt-health/mac:02010b41cdec/antenna/tag/e2806894000050038661fd4f, 90
1652710030.358015, sdrt-health/mac:02010b41cdec/antenna/tag/e2806894000050038661fd4f, 90
1652710030.358382, sdrt-health/mac:02010b41cdec/antenna/tag/e2806894000050038662154f, 88
1652710030.35876, sdrt-health/mac:02010b41cdec/antenna/tag/e2806894000050038661fd4f, 86
1652710030.392247, sdrt-health/mac:02010b41cdec/antenna/tag/e2806894000050038662154f, 88
1652710030.420949, sdrt-health/mac:02010b41cdec/antenna/tag/e2806894000050038661fd4f, 86
1652710030.421341, sdrt-health/mac:02010b41cdec/antenna/tag/e2806894000040038662114f, 97
1652710030.421521, sdrt-health/mac:02010b41cdec/antenna/tag/e2806894000050038662154f, 91
1652710030.434679, sdrt-health/mac:02010b41cdec/antenna/tag/e28068940000400386621d4f, 96
1652710030.434914, sdrt-health/mac:02010b41cdec/antenna/tag/e2806894000050038662154f, 91
1652710030.554769, sdrt-health/mac:02010b41cdec/antenna/tag/e28068940000400386621d4f, 96
1652710030.566787, sdrt-health/mac:02010b41cdec/antenna/tag/e2806894000050038662194f, 83
1652710030.619591, sdrt-health/mac:02010b41cdec/antenna/tag/e2806894000050038662154f, 91
1652710030.725664, sdrt-health/mac:02010b41cdec/antenna/tag/e28068940000400386621d4f, 77
1652710030.725937, sdrt-health/mac:02010b41cdec/antenna/tag/e2806894000050038661fd4f, 83
1652710030.755311, sdrt-health/mac:02010b41cdec/antenna/tag/e2806894000040038662114f, 88
1652710030.822814, sdrt-health/mac:02010b41cdec/antenna/tag/e2806894000050038661fd4f, 86
1652710030.823227, sdrt-health/mac:02010b41cdec/antenna/tag/e28068940000400386621d4f, 77
1652710030.972147, sdrt-health/mac:02010b41cdec/antenna/tag/e2806894000050038661fd4f, 90
1652710031.010593, sdrt-health/mac:02010b41cdec/antenna/tag/e2806894000050038662154f, 88
1652710031.010863, sdrt-health/mac:02010b41cdec/antenna/tag/e2806894000050038662154f, 91
1652710031.011006, sdrt-health/mac:02010b41cdec/antenna/tag/e2806894000040038662114f, 91
1652710031.011175, sdrt-health/mac:02010b41cdec/antenna/tag/e2806894000050038662154f, 91
1652710031.024288, sdrt-health/mac:02010b41cdec/antenna/tag/e2806894000050038662154f, 91
1652710031.028898, sdrt-health/mac:02010b41cdec/antenna/tag/e2806894000040038661f94f, 94
1652710031.037396, sdrt-health/mac:02010b41cdec/antenna/tag/e2806894000040038662114f, 91
1652710031.068314, sdrt-health/mac:02010b41cdec/antenna/tag/e2806894000040038662114f, 91
1652710031.203601, sdrt-health/mac:02010b41cdec/antenna/tag/e2806894000050038662194f, 88
1652710031.253451, sdrt-health/mac:02010b41cdec/antenna/tag/e2806894000040038661f94f, 88
1652710031.253814, sdrt-health/mac:02010b41cdec/antenna/tag/e2806894000040038661f94f, 82
1652710031.379438, sdrt-health/mac:02010b41cdec/antenna/tag/e2806894000040038661f94f, 84
1652710031.379675, sdrt-health/mac:02010b41cdec/antenna/tag/e28068940000400386621d4f, 96
1652710031.379941, sdrt-health/mac:02010b41cdec/antenna/tag/e2806894000040038662114f, 91
1652710031.38007, sdrt-health/mac:02010b41cdec/antenna/tag/e2806894000050038662194f, 81
1652710031.418592, sdrt-health/mac:02010b41cdec/antenna/tag/e2806894000050038662154f, 85
1652710031.572066, sdrt-health/mac:02010b41cdec/antenna/tag/e2806894000040038662214f, 81
1652710031.601641, sdrt-health/mac:02010b41cdec/antenna/tag/e2806894000050038662194f, 94
1652710031.602078, sdrt-health/mac:02010b41cdec/antenna/tag/e2806894000050038661fd4f, 83
1652710031.617255, sdrt-health/mac:02010b41cdec/antenna/tag/e28068940000400386621d4f, 77
1652710031.617634, sdrt-health/mac:02010b41cdec/antenna/tag/e2806894000040038662114f, 91
1652710031.618031, sdrt-health/mac:02010b41cdec/antenna/tag/e2806894000050038662194f, 94
1652710031.618369, sdrt-health/mac:02010b41cdec/antenna/tag/e2806894000050038662154f, 88
1652710031.618702, sdrt-health/mac:02010b41cdec/antenna/tag/e28068940000400386621d4f, 96
1652710031.65884, sdrt-health/mac:02010b41cdec/antenna/tag/e28068940000400386621d4f, 96
1652710031.776681, sdrt-health/mac:02010b41cdec/antenna/tag/e2806894000050038661fd4f, 86
1652710031.804147, sdrt-health/mac:02010b41cdec/antenna/tag/e2806894000050038662194f, 93
1652710031.804395, sdrt-health/mac:02010b41cdec/antenna/tag/e2806894000040038662114f, 97
1652710031.804556, sdrt-health/mac:02010b41cdec/antenna/tag/e2806894000040038662114f, 97
1652710031.819367, sdrt-health/mac:02010b41cdec/antenna/tag/e28068940000400386621d4f, 90
1652710031.852717, sdrt-health/mac:02010b41cdec/antenna/tag/e2806894000050038662194f, 81
1652710031.981972, sdrt-health/mac:02010b41cdec/antenna/tag/e2806894000050038661fd4f, 86
1652710032.009649, sdrt-health/mac:02010b41cdec/antenna/tag/e2806894000050038662194f, 81
1652710032.010157, sdrt-health/mac:02010b41cdec/antenna/tag/e28068940000400386621d4f, 96
1652710032.011205, sdrt-health/mac:02010b41cdec/antenna/tag/e2806894000050038661fd4f, 86
1652710032.011515, sdrt-health/mac:02010b41cdec/antenna/tag/e28068940000400386621d4f, 77
1652710032.037742, sdrt-health/mac:02010b41cdec/antenna/tag/e2806894000050038662194f, 82
1652710032.038, sdrt-health/mac:02010b41cdec/antenna/tag/e2806894000050038662154f, 85
1652710032.038136, sdrt-health/mac:02010b41cdec/antenna/tag/e2806894000050038662194f, 84
1652710032.038286, sdrt-health/mac:02010b41cdec/antenna/tag/e2806894000040038661f94f, 94
1652710032.219614, sdrt-health/mac:02010b41cdec/antenna/tag/e28068940000400386621d4f, 96
1652710032.254399, sdrt-health/mac:02010b41cdec/antenna/tag/e2806894000050038662154f, 97
1652710032.254804, sdrt-health/mac:02010b41cdec/antenna/tag/e2806894000040038662114f, 91
1652710032.255133, sdrt-health/mac:02010b41cdec/antenna/tag/e2806894000040038662114f, 91
1652710032.255412, sdrt-health/mac:02010b41cdec/antenna/tag/e2806894000040038662114f, 88
1652710032.277437, sdrt-health/mac:02010b41cdec/antenna/tag/e28068940000400386621d4f, 77
1652710032.30589, sdrt-health/mac:02010b41cdec/antenna/tag/e2806894000040038662114f, 91
1652710032.306248, sdrt-health/mac:02010b41cdec/antenna/tag/e2806894000050038662194f, 83
1652710032.306509, sdrt-health/mac:02010b41cdec/antenna/tag/e2806894000050038662154f, 91
1652710032.306825, sdrt-health/mac:02010b41cdec/antenna/tag/e28068940000400386621d4f, 77
1652710032.351554, sdrt-health/mac:02010b41cdec/antenna/tag/e2806894000040038662114f, 91
1652710032.48214, sdrt-health/mac:02010b41cdec/antenna/tag/e2806894000040038662114f, 88
1652710032.482451, sdrt-health/mac:02010b41cdec/antenna/tag/e2806894000050038662194f, 94
1652710032.495686, sdrt-health/mac:02010b41cdec/antenna/tag/e2806894000040038662214f, 88
1652710032.549138, sdrt-health/mac:02010b41cdec/antenna/tag/e2806894000050038662194f, 94
1652710032.549383, sdrt-health/mac:02010b41cdec/antenna/tag/e2806894000040038662114f, 97
1652710032.562991, sdrt-health/mac:02010b41cdec/antenna/tag/e2806894000040038662114f, 91
1652710032.563392, sdrt-health/mac:02010b41cdec/antenna/tag/e2806894000040038662114f, 91
1652710032.563792, sdrt-health/mac:02010b41cdec/antenna/tag/e2806894000040038662114f, 91
1652710032.564021, sdrt-health/mac:02010b41cdec/antenna/tag/e2806894000050038662154f, 97
1652710032.584547, sdrt-health/mac:02010b41cdec/antenna/tag/e2806894000040038662114f, 97
1652710032.647237, sdrt-health/mac:02010b41cdec/antenna/tag/e2806894000050038662154f, 91
1652710032.647631, sdrt-health/mac:02010b41cdec/antenna/tag/e2806894000040038662114f, 97
1652710032.670865, sdrt-health/mac:02010b41cdec/antenna/tag/e2806894000050038661fd4f, 86
1652710032.734401, sdrt-health/mac:02010b41cdec/antenna/tag/e2806894000050038661fd4f, 86
1652710032.781273, sdrt-health/mac:02010b41cdec/antenna/tag/e2806894000050038662194f, 83
1652710032.782552, sdrt-health/mac:02010b41cdec/antenna/tag/e2806894000040038661f94f, 94
1652710032.832309, sdrt-health/mac:02010b41cdec/antenna/tag/e2806894000050038661fd4f, 83
1652710032.873754, sdrt-health/mac:02010b41cdec/antenna/tag/e28068940000400386621d4f, 96
1652710032.92027, sdrt-health/mac:02010b41cdec/antenna/tag/e2806894000040038662214f, 88
1652710032.975638, sdrt-health/mac:02010b41cdec/antenna/tag/e2806894000050038661fd4f, 86
1652710033.034403, sdrt-health/mac:02010b41cdec/antenna/tag/e2806894000040038662114f, 91
1652710033.034881, sdrt-health/mac:02010b41cdec/antenna/tag/e2806894000050038661fd4f, 86
1652710033.058674, sdrt-health/mac:02010b41cdec/antenna/tag/e28068940000400386621d4f, 96
1652710033.078104, sdrt-health/mac:02010b41cdec/antenna/tag/e2806894000050038662154f, 88
1652710033.134375, sdrt-health/mac:02010b41cdec/antenna/tag/e2806894000050038661fd4f, 86
1652710033.181098, sdrt-health/mac:02010b41cdec/antenna/tag/e2806894000050038662194f, 83
1652710033.229559, sdrt-health/mac:02010b41cdec/antenna/tag/e2806894000040038661f94f, 94
1652710033.229915, sdrt-health/mac:02010b41cdec/antenna/tag/e28068940000400386621d4f, 77
1652710033.290361, sdrt-health/mac:02010b41cdec/antenna/tag/e2806894000050038662194f, 94
1652710033.361752, sdrt-health/mac:02010b41cdec/antenna/tag/e2806894000040038662114f, 88
1652710033.361956, sdrt-health/mac:02010b41cdec/antenna/tag/e2806894000040038662054f, 84
1652710033.376604, sdrt-health/mac:02010b41cdec/antenna/tag/e28068940000400386621d4f, 77
1652710033.396399, sdrt-health/mac:02010b41cdec/antenna/tag/e2806894000040038662114f, 88
1652710033.42937, sdrt-health/mac:02010b41cdec/antenna/tag/e2806894000040038662054f, 84
1652710033.429795, sdrt-health/mac:02010b41cdec/antenna/tag/e2806894000050038662154f, 85
1652710033.491434, sdrt-health/mac:02010b41cdec/antenna/tag/e2806894000040038662114f, 88
1652710033.531174, sdrt-health/mac:02010b41cdec/antenna/tag/e2806894000050038661fd4f, 86
1652710033.580361, sdrt-health/mac:02010b41cdec/antenna/tag/e28068940000400386621d4f, 77
1652710033.580783, sdrt-health/mac:02010b41cdec/antenna/tag/e2806894000050038662154f, 97
1652710033.602036, sdrt-health/mac:02010b41cdec/antenna/tag/e2806894000050038661fd4f, 83
1652710033.645824, sdrt-health/mac:02010b41cdec/antenna/tag/e2806894000050038662154f, 88
1652710033.864315, sdrt-health/mac:02010b41cdec/antenna/tag/scan, scan stopped
