1652710648.917387, sdrt-health/mac:02010b41cdec/antenna/power/set, {"power": 280}
1652710650.023982, sdrt-health/mac:02010b41cdec/antenna/power/set, 
1652710653.93885, sdrt-health/mac:02010b41cdec/antenna/tag/scan, {"time": 20000}
1652710654.387012, sdrt-health/mac:02010b41cdec/antenna/tag/e28068940000400386621d4f, 77
1652710654.531177, sdrt-health/mac:02010b41cdec/antenna/tag/e2806894000040038662114f, 88
1652710654.588665, sdrt-health/mac:02010b41cdec/antenna/tag/e28068940000400386621d4f, 96
1652710654.677097, sdrt-health/mac:02010b41cdec/antenna/tag/e2806894000040038662114f, 88
1652710654.851425, sdrt-health/mac:02010b41cdec/antenna/tag/e2806894000050038661fd4f, 83
1652710654.851947, sdrt-health/mac:02010b41cdec/antenna/tag/e2806894000040038662114f, 88
1652710654.873932, sdrt-health/mac:02010b41cdec/antenna/tag/e2806894000040038662114f, 88
1652710654.924063, sdrt-health/mac:02010b41cdec/antenna/tag/e2806894000050038661fd4f, 83
1652710655.001635, sdrt-health/mac:02010b41cdec/antenna/tag/e2806894000040038662114f, 88
1652710655.002087, sdrt-health/mac:02010b41cdec/antenna/tag/e2806894000050038661fd4f, 86
1652710655.002662, sdrt-health/mac:02010b41cdec/antenna/tag/e2806894000050038661fd4f, 86
1652710655.003003, sdrt-health/mac:02010b41cdec/antenna/tag/e2806894000040038662114f, 91
1652710655.003383, sdrt-health/mac:02010b41cdec/antenna/tag/e2806894000050038662194f, 83
1652710655.015773, sdrt-health/mac:02010b41cdec/antenna/tag/e28068940000400386621d4f, 90
1652710655.016017, sdrt-health/mac:02010b41cdec/antenna/tag/e2806894000040038662114f, 91
1652710655.058976, sdrt-health/mac:02010b41cdec/antenna/tag/e28068940000400386621d4f, 77
1652710655.123642, sdrt-health/mac:02010b41cdec/antenna/tag/e2806894000050038662194f, 88
1652710655.220264, sdrt-health/mac:02010b41cdec/antenna/tag/e2806894000050038662154f, 85
1652710655.220857, sdrt-health/mac:02010b41cdec/antenna/tag/e2806894000050038662154f, 88
1652710655.240116, sdrt-health/mac:02010b41cdec/antenna/tag/e28068940000400386621d4f, 96
1652710655.240365, sdrt-health/mac:02010b41cdec/antenna/tag/e2806894000050038662154f, 88
1652710655.240537, sdrt-health/mac:02010b41cdec/antenna/tag/e2806894000050038662194f, 83
1652710655.258574, sdrt-health/mac:02010b41cdec/antenna/tag/e2806894000040038662114f, 88
1652710655.30316, sdrt-health/mac:02010b41cdec/antenna/tag/e2806894000050038662154f, 88
1652710655.343633, sdrt-health/mac:02010b41cdec/antenna/tag/e28068940000400386621d4f, 96
1652710655.344067, sdrt-health/mac:02010b41cdec/antenna/tag/e2806894000040038662114f, 91
1652710655.344362, sdrt-health/mac:02010b41cdec/antenna/tag/e2806894000050038661fd4f, 83
1652710655.367273, sdrt-health/mac:02010b41cdec/antenna/tag/e2806894000040038662114f, 88
1652710655.439442, sdrt-health/mac:02010b41cdec/antenna/tag/e2806894000050038661fd4f, 83
1652710655.43991, sdrt-health/mac:02010b41cdec/antenna/tag/e2806894000050038662194f, 81
1652710655.46023, sdrt-health/mac:02010b41cdec/antenna/tag/e2806894000050038661fd4f, 83
1652710655.496443, sdrt-health/mac:02010b41cdec/antenna/tag/e2806894000050038662194f, 83
1652710655.549491, sdrt-health/mac:02010b41cdec/antenna/tag/e28068940000400386621d4f, 96
1652710655.605874, sdrt-health/mac:02010b41cdec/antenna/tag/e2806894000050038661fd4f, 86
1652710655.606371, sdrt-health/mac:02010b41cdec/antenna/tag/e2806894000050038662154f, 97
1652710655.634286, sdrt-health/mac:02010b41cdec/antenna/tag/e2806894000040038662114f, 88
1652710655.639402, sdrt-health/mac:02010b41cdec/antenna/tag/e2806894000050038661fd4f, 97
1652710655.694996, sdrt-health/mac:02010b41cdec/antenna/tag/e2806894000040038662114f, 88
1652710655.747468, sdrt-health/mac:02010b41cdec/antenna/tag/e2806894000050038661fd4f, 83
1652710655.806745, sdrt-health/mac:02010b41cdec/antenna/tag/e2806894000050038662154f, 85
1652710655.80731, sdrt-health/mac:02010b41cdec/antenna/tag/e2806894000050038662154f, 85
1652710655.826569, sdrt-health/mac:02010b41cdec/antenna/tag/e2806894000050038661fd4f, 83
1652710655.868148, sdrt-health/mac:02010b41cdec/antenna/tag/e2806894000040038662114f, 88
1652710655.921714, sdrt-health/mac:02010b41cdec/antenna/tag/e2806894000050038662194f, 81
1652710655.922182, sdrt-health/mac:02010b41cdec/antenna/tag/e2806894000050038662194f, 81
1652710655.95571, sdrt-health/mac:02010b41cdec/antenna/tag/e2806894000050038662154f, 85
1652710656.019882, sdrt-health/mac:02010b41cdec/antenna/tag/e2806894000050038662194f, 88
1652710656.06377, sdrt-health/mac:02010b41cdec/antenna/tag/e2806894000050038662194f, 87
1652710656.119881, sdrt-health/mac:02010b41cdec/antenna/tag/e2806894000050038662154f, 88
1652710656.181418, sdrt-health/mac:02010b41cdec/antenna/tag/e2806894000050038662154f, 93
1652710656.275578, sdrt-health/mac:02010b41cdec/antenna/tag/e2806894000040038662214f, 94
1652710656.276054, sdrt-health/mac:02010b41cdec/antenna/tag/e2806894000050038662194f, 81
1652710656.290868, sdrt-health/mac:02010b41cdec/antenna/tag/e2806894000040038662114f, 85
1652710656.291338, sdrt-health/mac:02010b41cdec/antenna/tag/e2806894000050038662194f, 84
1652710656.291854, sdrt-health/mac:02010b41cdec/antenna/tag/e2806894000050038662194f, 81
1652710656.306326, sdrt-health/mac:02010b41cdec/antenna/tag/e28068940000400386621d4f, 77
1652710656.38117, sdrt-health/mac:02010b41cdec/antenna/tag/e2806894000050038661fd4f, 86
1652710656.381629, sdrt-health/mac:02010b41cdec/antenna/tag/e2806894000040038662114f, 97
1652710656.40007, sdrt-health/mac:02010b41cdec/antenna/tag/e2806894000050038662154f, 91
1652710656.40059, sdrt-health/mac:02010b41cdec/antenna/tag/e28068940000400386621d4f, 90
1652710656.400978, sdrt-health/mac:02010b41cdec/antenna/tag/e2806894000040038662114f, 91
1652710656.466677, sdrt-health/mac:02010b41cdec/antenna/tag/e2806894000040038662114f, 91
1652710656.599982, sdrt-health/mac:02010b41cdec/antenna/tag/e2806894000050038662154f, 88
1652710656.642164, sdrt-health/mac:02010b41cdec/antenna/tag/e2806894000050038662194f, 87
1652710656.64262, sdrt-health/mac:02010b41cdec/antenna/tag/e28068940000400386621d4f, 90
1652710656.643046, sdrt-health/mac:02010b41cdec/antenna/tag/e2806894000050038662194f, 81
1652710656.643368, sdrt-health/mac:02010b41cdec/antenna/tag/e2806894000040038661f94f, 84
1652710656.643678, sdrt-health/mac:02010b41cdec/antenna/tag/e2806894000050038662194f, 94
1652710656.644035, sdrt-health/mac:02010b41cdec/antenna/tag/e28068940000400386621d4f, 96
1652710656.661106, sdrt-health/mac:02010b41cdec/antenna/tag/e2806894000050038662194f, 83
1652710656.692755, sdrt-health/mac:02010b41cdec/antenna/tag/e2806894000040038662114f, 88
1652710656.69303, sdrt-health/mac:02010b41cdec/antenna/tag/e2806894000050038662154f, 85
1652710656.725071, sdrt-health/mac:02010b41cdec/antenna/tag/e2806894000050038662154f, 88
1652710656.784522, sdrt-health/mac:02010b41cdec/antenna/tag/e28068940000400386621d4f, 90
1652710656.850306, sdrt-health/mac:02010b41cdec/antenna/tag/e2806894000050038662154f, 88
1652710656.850777, sdrt-health/mac:02010b41cdec/antenna/tag/e2806894000050038662154f, 88
1652710656.885613, sdrt-health/mac:02010b41cdec/antenna/tag/e2806894000050038661fd4f, 86
1652710656.927767, sdrt-health/mac:02010b41cdec/antenna/tag/e2806894000050038661fd4f, 86
1652710656.993037, sdrt-health/mac:02010b41cdec/antenna/tag/e2806894000050038662154f, 88
1652710656.99366, sdrt-health/mac:02010b41cdec/antenna/tag/e2806894000050038661fd4f, 83
1652710657.009273, sdrt-health/mac:02010b41cdec/antenna/tag/e28068940000400386621d4f, 96
1652710657.009685, sdrt-health/mac:02010b41cdec/antenna/tag/e2806894000050038662154f, 85
1652710657.021943, sdrt-health/mac:02010b41cdec/antenna/tag/e2806894000040038662114f, 88
1652710657.027418, sdrt-health/mac:02010b41cdec/antenna/tag/e2806894000050038662154f, 88
1652710657.027625, sdrt-health/mac:02010b41cdec/antenna/tag/e2806894000050038662194f, 94
1652710657.068317, sdrt-health/mac:02010b41cdec/antenna/tag/e28068940000400386621d4f, 96
1652710657.132264, sdrt-health/mac:02010b41cdec/antenna/tag/e2806894000050038662154f, 93
1652710657.371264, sdrt-health/mac:02010b41cdec/antenna/tag/e2806894000040038662114f, 88
1652710657.398981, sdrt-health/mac:02010b41cdec/antenna/tag/e2806894000050038661fd4f, 83
1652710657.474753, sdrt-health/mac:02010b41cdec/antenna/tag/e2806894000050038661fd4f, 83
1652710657.476473, sdrt-health/mac:02010b41cdec/antenna/tag/e28068940000400386621d4f, 96
1652710657.476889, sdrt-health/mac:02010b41cdec/antenna/tag/e28068940000400386621d4f, 96
1652710657.477283, sdrt-health/mac:02010b41cdec/antenna/tag/e2806894000050038662194f, 94
1652710657.477669, sdrt-health/mac:02010b41cdec/antenna/tag/e28068940000400386621d4f, 96
1652710657.47799, sdrt-health/mac:02010b41cdec/antenna/tag/e28068940000400386621d4f, 96
1652710657.478585, sdrt-health/mac:02010b41cdec/antenna/tag/e2806894000050038661fd4f, 83
1652710657.536923, sdrt-health/mac:02010b41cdec/antenna/tag/e2806894000050038662154f, 85
1652710657.56516, sdrt-health/mac:02010b41cdec/antenna/tag/e28068940000400386621d4f, 96
1652710657.565581, sdrt-health/mac:02010b41cdec/antenna/tag/e2806894000040038662114f, 88
1652710657.565878, sdrt-health/mac:02010b41cdec/antenna/tag/e2806894000040038662114f, 88
1652710657.580465, sdrt-health/mac:02010b41cdec/antenna/tag/e2806894000050038661fd4f, 83
1652710657.629552, sdrt-health/mac:02010b41cdec/antenna/tag/e2806894000050038662154f, 88
1652710657.681604, sdrt-health/mac:02010b41cdec/antenna/tag/e2806894000040038662114f, 88
1652710657.682067, sdrt-health/mac:02010b41cdec/antenna/tag/e2806894000050038662154f, 88
1652710657.717966, sdrt-health/mac:02010b41cdec/antenna/tag/e28068940000400386621d4f, 86
1652710657.786973, sdrt-health/mac:02010b41cdec/antenna/tag/e2806894000050038662154f, 85
1652710657.827593, sdrt-health/mac:02010b41cdec/antenna/tag/e2806894000050038662154f, 85
1652710657.876031, sdrt-health/mac:02010b41cdec/antenna/tag/e2806894000050038661fd4f, 86
1652710657.927376, sdrt-health/mac:02010b41cdec/antenna/tag/e2806894000050038662194f, 83
1652710658.003295, sdrt-health/mac:02010b41cdec/antenna/tag/e2806894000050038661fd4f, 86
1652710658.003745, sdrt-health/mac:02010b41cdec/antenna/tag/e28068940000400386621d4f, 96
1652710658.028633, sdrt-health/mac:02010b41cdec/antenna/tag/e2806894000040038662114f, 88
1652710658.269565, sdrt-health/mac:02010b41cdec/antenna/tag/e28068940000400386621d4f, 96
1652710658.288406, sdrt-health/mac:02010b41cdec/antenna/tag/e2806894000050038662154f, 91
1652710658.290476, sdrt-health/mac:02010b41cdec/antenna/tag/e2806894000040038662114f, 85
1652710658.73248, sdrt-health/mac:02010b41cdec/antenna/tag/e2806894000050038661fd4f, 83
1652710658.763175, sdrt-health/mac:02010b41cdec/antenna/tag/e28068940000400386621d4f, 77
1652710658.76353, sdrt-health/mac:02010b41cdec/antenna/tag/e2806894000040038662114f, 88
1652710658.763658, sdrt-health/mac:02010b41cdec/antenna/tag/e2806894000050038661fd4f, 83
1652710658.763779, sdrt-health/mac:02010b41cdec/antenna/tag/e2806894000050038661fd4f, 83
1652710658.763898, sdrt-health/mac:02010b41cdec/antenna/tag/e28068940000400386621d4f, 96
1652710658.764016, sdrt-health/mac:02010b41cdec/antenna/tag/e2806894000050038661fd4f, 83
1652710658.764151, sdrt-health/mac:02010b41cdec/antenna/tag/e2806894000050038661fd4f, 83
1652710658.764266, sdrt-health/mac:02010b41cdec/antenna/tag/e2806894000050038662154f, 88
1652710658.764416, sdrt-health/mac:02010b41cdec/antenna/tag/e2806894000050038662154f, 91
1652710658.764532, sdrt-health/mac:02010b41cdec/antenna/tag/e2806894000050038662194f, 83
1652710658.764648, sdrt-health/mac:02010b41cdec/antenna/tag/e2806894000050038662154f, 88
1652710658.764765, sdrt-health/mac:02010b41cdec/antenna/tag/e2806894000040038662114f, 88
1652710658.764881, sdrt-health/mac:02010b41cdec/antenna/tag/e28068940000400386621d4f, 96
1652710658.764994, sdrt-health/mac:02010b41cdec/antenna/tag/e2806894000040038662114f, 88
1652710658.765112, sdrt-health/mac:02010b41cdec/antenna/tag/e28068940000400386621d4f, 90
1652710658.765233, sdrt-health/mac:02010b41cdec/antenna/tag/e2806894000040038662114f, 88
1652710658.765394, sdrt-health/mac:02010b41cdec/antenna/tag/e28068940000400386621d4f, 96
1652710658.765536, sdrt-health/mac:02010b41cdec/antenna/tag/e2806894000050038662154f, 88
1652710658.778175, sdrt-health/mac:02010b41cdec/antenna/tag/e28068940000400386621d4f, 96
1652710658.783175, sdrt-health/mac:02010b41cdec/antenna/tag/e28068940000400386621d4f, 90
1652710658.792841, sdrt-health/mac:02010b41cdec/antenna/tag/e2806894000050038662154f, 88
1652710658.79302, sdrt-health/mac:02010b41cdec/antenna/tag/e2806894000050038662154f, 88
1652710658.793139, sdrt-health/mac:02010b41cdec/antenna/tag/e28068940000400386621d4f, 90
1652710658.793251, sdrt-health/mac:02010b41cdec/antenna/tag/e2806894000050038661fd4f, 86
1652710658.793372, sdrt-health/mac:02010b41cdec/antenna/tag/e2806894000050038661fd4f, 86
1652710658.79348, sdrt-health/mac:02010b41cdec/antenna/tag/e2806894000050038661fd4f, 86
1652710658.79359, sdrt-health/mac:02010b41cdec/antenna/tag/e28068940000400386621d4f, 96
1652710658.86938, sdrt-health/mac:02010b41cdec/antenna/tag/e2806894000040038662114f, 88
1652710658.920751, sdrt-health/mac:02010b41cdec/antenna/tag/e2806894000040038662114f, 88
1652710658.921213, sdrt-health/mac:02010b41cdec/antenna/tag/e2806894000050038661fd4f, 83
1652710658.921581, sdrt-health/mac:02010b41cdec/antenna/tag/e2806894000050038662154f, 88
1652710658.936261, sdrt-health/mac:02010b41cdec/antenna/tag/e2806894000040038662114f, 88
1652710658.967355, sdrt-health/mac:02010b41cdec/antenna/tag/e2806894000050038662154f, 85
1652710659.027781, sdrt-health/mac:02010b41cdec/antenna/tag/e2806894000050038662154f, 88
1652710659.028356, sdrt-health/mac:02010b41cdec/antenna/tag/e2806894000050038661fd4f, 83
1652710659.063329, sdrt-health/mac:02010b41cdec/antenna/tag/e2806894000040038662114f, 88
1652710659.165974, sdrt-health/mac:02010b41cdec/antenna/tag/e2806894000040038662214f, 84
1652710659.16649, sdrt-health/mac:02010b41cdec/antenna/tag/e2806894000040038662214f, 84
1652710659.182091, sdrt-health/mac:02010b41cdec/antenna/tag/e2806894000050038661fd4f, 83
1652710659.182424, sdrt-health/mac:02010b41cdec/antenna/tag/e2806894000040038662114f, 85
1652710659.182667, sdrt-health/mac:02010b41cdec/antenna/tag/e2806894000050038662154f, 85
1652710659.242871, sdrt-health/mac:02010b41cdec/antenna/tag/e28068940000400386621d4f, 77
1652710659.277319, sdrt-health/mac:02010b41cdec/antenna/tag/e28068940000400386621d4f, 96
1652710659.277757, sdrt-health/mac:02010b41cdec/antenna/tag/e2806894000050038662154f, 88
1652710659.278081, sdrt-health/mac:02010b41cdec/antenna/tag/e2806894000050038662154f, 88
1652710659.278354, sdrt-health/mac:02010b41cdec/antenna/tag/e2806894000040038662114f, 85
1652710659.278687, sdrt-health/mac:02010b41cdec/antenna/tag/e2806894000050038661fd4f, 83
1652710659.306584, sdrt-health/mac:02010b41cdec/antenna/tag/e28068940000400386621d4f, 90
1652710659.337015, sdrt-health/mac:02010b41cdec/antenna/tag/e2806894000050038662154f, 88
1652710659.337423, sdrt-health/mac:02010b41cdec/antenna/tag/e28068940000400386621d4f, 90
1652710659.369916, sdrt-health/mac:02010b41cdec/antenna/tag/e28068940000400386621d4f, 90
1652710659.430895, sdrt-health/mac:02010b41cdec/antenna/tag/e28068940000400386621d4f, 90
1652710659.431418, sdrt-health/mac:02010b41cdec/antenna/tag/e2806894000040038662114f, 97
1652710659.456121, sdrt-health/mac:02010b41cdec/antenna/tag/e2806894000050038661fd4f, 86
1652710659.492164, sdrt-health/mac:02010b41cdec/antenna/tag/e2806894000050038662194f, 81
1652710659.492433, sdrt-health/mac:02010b41cdec/antenna/tag/e2806894000050038661fd4f, 86
1652710659.492525, sdrt-health/mac:02010b41cdec/antenna/tag/e28068940000400386621d4f, 90
1652710659.49265, sdrt-health/mac:02010b41cdec/antenna/tag/e2806894000040038662114f, 97
1652710659.514588, sdrt-health/mac:02010b41cdec/antenna/tag/e2806894000050038662194f, 88
1652710659.514811, sdrt-health/mac:02010b41cdec/antenna/tag/e2806894000050038661fd4f, 86
1652710659.565012, sdrt-health/mac:02010b41cdec/antenna/tag/e2806894000040038662214f, 88
1652710659.607241, sdrt-health/mac:02010b41cdec/antenna/tag/e2806894000040038661f94f, 88
1652710659.607715, sdrt-health/mac:02010b41cdec/antenna/tag/e2806894000040038662114f, 85
1652710659.624619, sdrt-health/mac:02010b41cdec/antenna/tag/e2806894000040038661f94f, 84
1652710659.624832, sdrt-health/mac:02010b41cdec/antenna/tag/e2806894000050038661fd4f, 83
1652710659.701232, sdrt-health/mac:02010b41cdec/antenna/tag/e2806894000050038662154f, 91
1652710659.749785, sdrt-health/mac:02010b41cdec/antenna/tag/e2806894000040038662114f, 85
1652710659.82247, sdrt-health/mac:02010b41cdec/antenna/tag/e2806894000040038662114f, 88
1652710659.822936, sdrt-health/mac:02010b41cdec/antenna/tag/e28068940000400386621d4f, 96
1652710659.864275, sdrt-health/mac:02010b41cdec/antenna/tag/e2806894000050038662154f, 88
1652710659.906741, sdrt-health/mac:02010b41cdec/antenna/tag/e2806894000050038662154f, 88
1652710659.983971, sdrt-health/mac:02010b41cdec/antenna/tag/e2806894000050038662154f, 88
1652710659.984462, sdrt-health/mac:02010b41cdec/antenna/tag/e2806894000050038661fd4f, 83
1652710660.017877, sdrt-health/mac:02010b41cdec/antenna/tag/e28068940000400386621d4f, 77
1652710660.052992, sdrt-health/mac:02010b41cdec/antenna/tag/e2806894000050038662154f, 85
1652710660.05338, sdrt-health/mac:02010b41cdec/antenna/tag/e2806894000040038662114f, 85
1652710660.053678, sdrt-health/mac:02010b41cdec/antenna/tag/e2806894000050038661fd4f, 97
1652710660.054078, sdrt-health/mac:02010b41cdec/antenna/tag/e2806894000040038662114f, 85
1652710660.067164, sdrt-health/mac:02010b41cdec/antenna/tag/e2806894000050038661fd4f, 86
1652710660.110543, sdrt-health/mac:02010b41cdec/antenna/tag/e28068940000400386621d4f, 96
1652710660.148371, sdrt-health/mac:02010b41cdec/antenna/tag/e2806894000040038662114f, 88
1652710660.191964, sdrt-health/mac:02010b41cdec/antenna/tag/e2806894000050038661fd4f, 86
1652710660.36283, sdrt-health/mac:02010b41cdec/antenna/tag/e28068940000400386621d4f, 96
1652710660.363374, sdrt-health/mac:02010b41cdec/antenna/tag/e2806894000050038661fd4f, 86
1652710660.404628, sdrt-health/mac:02010b41cdec/antenna/tag/e2806894000040038662114f, 91
1652710660.449306, sdrt-health/mac:02010b41cdec/antenna/tag/e2806894000050038662154f, 91
1652710660.480025, sdrt-health/mac:02010b41cdec/antenna/tag/e28068940000400386621d4f, 90
1652710660.480222, sdrt-health/mac:02010b41cdec/antenna/tag/e28068940000400386621d4f, 96
1652710660.502746, sdrt-health/mac:02010b41cdec/antenna/tag/e2806894000050038662154f, 85
1652710660.584591, sdrt-health/mac:02010b41cdec/antenna/tag/e2806894000050038661fd4f, 83
1652710660.585115, sdrt-health/mac:02010b41cdec/antenna/tag/e28068940000400386621d4f, 96
1652710660.599215, sdrt-health/mac:02010b41cdec/antenna/tag/e2806894000050038661fd4f, 83
1652710660.617237, sdrt-health/mac:02010b41cdec/antenna/tag/e2806894000040038662114f, 88
1652710660.61833, sdrt-health/mac:02010b41cdec/antenna/tag/e28068940000400386621d4f, 90
1652710660.675833, sdrt-health/mac:02010b41cdec/antenna/tag/e2806894000040038662114f, 88
1652710660.74119, sdrt-health/mac:02010b41cdec/antenna/tag/e2806894000050038662154f, 88
1652710660.741762, sdrt-health/mac:02010b41cdec/antenna/tag/e28068940000400386621d4f, 90
1652710660.767787, sdrt-health/mac:02010b41cdec/antenna/tag/e2806894000050038661fd4f, 86
1652710660.838799, sdrt-health/mac:02010b41cdec/antenna/tag/e2806894000040038662114f, 88
1652710660.889595, sdrt-health/mac:02010b41cdec/antenna/tag/e28068940000400386621d4f, 96
1652710660.949736, sdrt-health/mac:02010b41cdec/antenna/tag/e2806894000040038662114f, 85
1652710660.950201, sdrt-health/mac:02010b41cdec/antenna/tag/e28068940000400386621d4f, 77
1652710660.964543, sdrt-health/mac:02010b41cdec/antenna/tag/e28068940000400386621d4f, 96
1652710660.98752, sdrt-health/mac:02010b41cdec/antenna/tag/e28068940000400386621d4f, 77
1652710661.017509, sdrt-health/mac:02010b41cdec/antenna/tag/e2806894000050038662154f, 85
1652710661.017862, sdrt-health/mac:02010b41cdec/antenna/tag/e2806894000050038661fd4f, 97
1652710661.033028, sdrt-health/mac:02010b41cdec/antenna/tag/e2806894000040038662114f, 88
1652710661.033323, sdrt-health/mac:02010b41cdec/antenna/tag/e28068940000400386621d4f, 77
1652710661.09221, sdrt-health/mac:02010b41cdec/antenna/tag/e28068940000400386621d4f, 77
1652710661.164961, sdrt-health/mac:02010b41cdec/antenna/tag/e28068940000400386621d4f, 96
1652710661.20469, sdrt-health/mac:02010b41cdec/antenna/tag/e28068940000400386621d4f, 96
1652710661.205239, sdrt-health/mac:02010b41cdec/antenna/tag/e2806894000050038661fd4f, 83
1652710661.250741, sdrt-health/mac:02010b41cdec/antenna/tag/e2806894000040038662114f, 88
1652710661.308935, sdrt-health/mac:02010b41cdec/antenna/tag/e2806894000050038661fd4f, 83
1652710661.336725, sdrt-health/mac:02010b41cdec/antenna/tag/e2806894000050038662154f, 88
1652710661.337247, sdrt-health/mac:02010b41cdec/antenna/tag/e2806894000040038662114f, 88
1652710661.337649, sdrt-health/mac:02010b41cdec/antenna/tag/e2806894000050038662154f, 88
1652710661.337984, sdrt-health/mac:02010b41cdec/antenna/tag/e2806894000040038662114f, 91
1652710661.376673, sdrt-health/mac:02010b41cdec/antenna/tag/e2806894000050038662154f, 88
1652710661.431085, sdrt-health/mac:02010b41cdec/antenna/tag/e28068940000400386621d4f, 90
1652710661.431553, sdrt-health/mac:02010b41cdec/antenna/tag/e2806894000040038662114f, 97
1652710661.445442, sdrt-health/mac:02010b41cdec/antenna/tag/e2806894000040038662114f, 97
1652710661.486892, sdrt-health/mac:02010b41cdec/antenna/tag/e2806894000050038661fd4f, 86
1652710661.487444, sdrt-health/mac:02010b41cdec/antenna/tag/e28068940000400386621d4f, 90
1652710661.537034, sdrt-health/mac:02010b41cdec/antenna/tag/e28068940000400386621d4f, 77
1652710661.624482, sdrt-health/mac:02010b41cdec/antenna/tag/e2806894000040038662114f, 88
1652710661.624928, sdrt-health/mac:02010b41cdec/antenna/tag/e2806894000050038661fd4f, 83
1652710661.6429, sdrt-health/mac:02010b41cdec/antenna/tag/e28068940000400386621d4f, 77
1652710661.643149, sdrt-health/mac:02010b41cdec/antenna/tag/e2806894000050038662154f, 93
1652710661.643356, sdrt-health/mac:02010b41cdec/antenna/tag/e28068940000400386621d4f, 77
1652710661.672582, sdrt-health/mac:02010b41cdec/antenna/tag/e28068940000400386621d4f, 96
1652710661.704406, sdrt-health/mac:02010b41cdec/antenna/tag/e2806894000050038662154f, 85
1652710661.704893, sdrt-health/mac:02010b41cdec/antenna/tag/e2806894000050038661fd4f, 83
1652710661.731751, sdrt-health/mac:02010b41cdec/antenna/tag/e2806894000040038662114f, 91
1652710661.758702, sdrt-health/mac:02010b41cdec/antenna/tag/e28068940000400386621d4f, 90
1652710661.759303, sdrt-health/mac:02010b41cdec/antenna/tag/e2806894000050038662154f, 85
1652710661.759535, sdrt-health/mac:02010b41cdec/antenna/tag/e28068940000400386621d4f, 90
1652710661.789552, sdrt-health/mac:02010b41cdec/antenna/tag/e2806894000050038662154f, 88
1652710661.862144, sdrt-health/mac:02010b41cdec/antenna/tag/e28068940000400386621d4f, 90
1652710661.862608, sdrt-health/mac:02010b41cdec/antenna/tag/e2806894000050038661fd4f, 83
1652710661.87693, sdrt-health/mac:02010b41cdec/antenna/tag/e2806894000050038662154f, 88
1652710661.877388, sdrt-health/mac:02010b41cdec/antenna/tag/e2806894000040038662114f, 88
1652710661.886557, sdrt-health/mac:02010b41cdec/antenna/tag/e2806894000050038662194f, 81
1652710661.935504, sdrt-health/mac:02010b41cdec/antenna/tag/e2806894000050038661fd4f, 83
1652710661.979724, sdrt-health/mac:02010b41cdec/antenna/tag/e2806894000040038662114f, 91
1652710662.027784, sdrt-health/mac:02010b41cdec/antenna/tag/e2806894000050038662154f, 91
1652710662.068263, sdrt-health/mac:02010b41cdec/antenna/tag/e2806894000050038661fd4f, 83
1652710662.109699, sdrt-health/mac:02010b41cdec/antenna/tag/e28068940000400386621d4f, 96
1652710662.1108, sdrt-health/mac:02010b41cdec/antenna/tag/e2806894000050038662154f, 85
1652710662.166618, sdrt-health/mac:02010b41cdec/antenna/tag/e2806894000040038662114f, 88
1652710662.220758, sdrt-health/mac:02010b41cdec/antenna/tag/e2806894000040038662114f, 88
1652710662.221202, sdrt-health/mac:02010b41cdec/antenna/tag/e28068940000400386621d4f, 96
1652710662.221589, sdrt-health/mac:02010b41cdec/antenna/tag/e2806894000050038661fd4f, 83
1652710662.236318, sdrt-health/mac:02010b41cdec/antenna/tag/e2806894000050038662154f, 85
1652710662.266975, sdrt-health/mac:02010b41cdec/antenna/tag/e2806894000050038662194f, 84
1652710662.307688, sdrt-health/mac:02010b41cdec/antenna/tag/e2806894000050038662154f, 85
1652710662.365124, sdrt-health/mac:02010b41cdec/antenna/tag/e2806894000050038662154f, 88
1652710662.436622, sdrt-health/mac:02010b41cdec/antenna/tag/e2806894000050038661fd4f, 83
1652710662.438079, sdrt-health/mac:02010b41cdec/antenna/tag/e2806894000050038662154f, 85
1652710662.450597, sdrt-health/mac:02010b41cdec/antenna/tag/e2806894000050038662154f, 85
1652710662.484716, sdrt-health/mac:02010b41cdec/antenna/tag/e2806894000050038661fd4f, 83
1652710662.485252, sdrt-health/mac:02010b41cdec/antenna/tag/e2806894000050038662154f, 85
1652710662.498486, sdrt-health/mac:02010b41cdec/antenna/tag/e2806894000050038661fd4f, 83
1652710662.498764, sdrt-health/mac:02010b41cdec/antenna/tag/e2806894000050038662154f, 85
1652710662.498987, sdrt-health/mac:02010b41cdec/antenna/tag/e2806894000040038662114f, 88
1652710662.518784, sdrt-health/mac:02010b41cdec/antenna/tag/e28068940000400386621d4f, 77
1652710662.576166, sdrt-health/mac:02010b41cdec/antenna/tag/e2806894000050038662194f, 88
1652710662.576375, sdrt-health/mac:02010b41cdec/antenna/tag/e28068940000400386621d4f, 96
1652710662.616591, sdrt-health/mac:02010b41cdec/antenna/tag/e2806894000050038662194f, 94
1652710662.643788, sdrt-health/mac:02010b41cdec/antenna/tag/e28068940000400386621d4f, 96
1652710662.644302, sdrt-health/mac:02010b41cdec/antenna/tag/e2806894000050038661fd4f, 91
1652710662.674553, sdrt-health/mac:02010b41cdec/antenna/tag/e2806894000040038662114f, 88
1652710662.74648, sdrt-health/mac:02010b41cdec/antenna/tag/e2806894000050038662154f, 85
1652710662.747045, sdrt-health/mac:02010b41cdec/antenna/tag/e28068940000400386621d4f, 77
1652710662.771274, sdrt-health/mac:02010b41cdec/antenna/tag/e2806894000050038662194f, 94
1652710662.784683, sdrt-health/mac:02010b41cdec/antenna/tag/e2806894000050038662154f, 85
1652710662.827121, sdrt-health/mac:02010b41cdec/antenna/tag/e2806894000050038661fd4f, 86
1652710662.827877, sdrt-health/mac:02010b41cdec/antenna/tag/e2806894000040038662114f, 97
1652710662.867001, sdrt-health/mac:02010b41cdec/antenna/tag/e2806894000050038661fd4f, 83
1652710662.91482, sdrt-health/mac:02010b41cdec/antenna/tag/e2806894000040038662114f, 88
1652710662.968725, sdrt-health/mac:02010b41cdec/antenna/tag/e2806894000050038662194f, 94
1652710663.032969, sdrt-health/mac:02010b41cdec/antenna/tag/e2806894000050038661fd4f, 86
1652710663.033503, sdrt-health/mac:02010b41cdec/antenna/tag/e28068940000400386621d4f, 90
1652710663.045828, sdrt-health/mac:02010b41cdec/antenna/tag/e2806894000040038662114f, 91
1652710663.046236, sdrt-health/mac:02010b41cdec/antenna/tag/e2806894000050038662154f, 88
1652710663.047448, sdrt-health/mac:02010b41cdec/antenna/tag/e28068940000400386621d4f, 90
1652710663.064624, sdrt-health/mac:02010b41cdec/antenna/tag/e2806894000050038662154f, 85
1652710663.12238, sdrt-health/mac:02010b41cdec/antenna/tag/e28068940000400386621d4f, 77
1652710663.122782, sdrt-health/mac:02010b41cdec/antenna/tag/e28068940000400386621d4f, 77
1652710663.135182, sdrt-health/mac:02010b41cdec/antenna/tag/e2806894000050038661fd4f, 83
1652710663.143924, sdrt-health/mac:02010b41cdec/antenna/tag/e2806894000050038662194f, 81
1652710663.148854, sdrt-health/mac:02010b41cdec/antenna/tag/e28068940000400386621d4f, 77
1652710663.1877, sdrt-health/mac:02010b41cdec/antenna/tag/e28068940000400386621d4f, 90
1652710663.237117, sdrt-health/mac:02010b41cdec/antenna/tag/e2806894000040038662114f, 88
1652710663.405555, sdrt-health/mac:02010b41cdec/antenna/tag/e2806894000050038661fd4f, 86
1652710663.406028, sdrt-health/mac:02010b41cdec/antenna/tag/e28068940000400386621d4f, 90
1652710663.419369, sdrt-health/mac:02010b41cdec/antenna/tag/e2806894000050038662154f, 88
1652710663.419798, sdrt-health/mac:02010b41cdec/antenna/tag/e2806894000050038662194f, 81
1652710663.42044, sdrt-health/mac:02010b41cdec/antenna/tag/e2806894000040038662114f, 97
1652710663.463501, sdrt-health/mac:02010b41cdec/antenna/tag/e2806894000050038662154f, 88
1652710663.602896, sdrt-health/mac:02010b41cdec/antenna/tag/e2806894000050038661fd4f, 97
1652710663.603385, sdrt-health/mac:02010b41cdec/antenna/tag/e2806894000050038661fd4f, 83
1652710663.616293, sdrt-health/mac:02010b41cdec/antenna/tag/e28068940000400386621d4f, 96
1652710663.616743, sdrt-health/mac:02010b41cdec/antenna/tag/e28068940000400386621d4f, 90
1652710663.663462, sdrt-health/mac:02010b41cdec/antenna/tag/e2806894000040038662114f, 91
1652710663.779682, sdrt-health/mac:02010b41cdec/antenna/tag/e28068940000400386621d4f, 90
1652710663.780255, sdrt-health/mac:02010b41cdec/antenna/tag/e2806894000050038662194f, 81
1652710663.78061, sdrt-health/mac:02010b41cdec/antenna/tag/e2806894000050038662194f, 88
1652710663.795819, sdrt-health/mac:02010b41cdec/antenna/tag/e2806894000050038661fd4f, 83
1652710663.796194, sdrt-health/mac:02010b41cdec/antenna/tag/e2806894000050038661fd4f, 83
1652710663.850156, sdrt-health/mac:02010b41cdec/antenna/tag/e28068940000400386621d4f, 96
1652710663.927029, sdrt-health/mac:02010b41cdec/antenna/tag/e2806894000050038661fd4f, 83
1652710663.927507, sdrt-health/mac:02010b41cdec/antenna/tag/e28068940000400386621d4f, 96
1652710663.927912, sdrt-health/mac:02010b41cdec/antenna/tag/e2806894000050038661fd4f, 83
1652710663.928229, sdrt-health/mac:02010b41cdec/antenna/tag/e2806894000050038661fd4f, 83
1652710663.943024, sdrt-health/mac:02010b41cdec/antenna/tag/e2806894000040038662114f, 85
1652710664.083375, sdrt-health/mac:02010b41cdec/antenna/tag/e2806894000050038661fd4f, 83
1652710664.177632, sdrt-health/mac:02010b41cdec/antenna/tag/e2806894000050038662154f, 91
1652710664.178187, sdrt-health/mac:02010b41cdec/antenna/tag/e28068940000400386621d4f, 96
1652710664.178624, sdrt-health/mac:02010b41cdec/antenna/tag/e2806894000050038661fd4f, 83
1652710664.179025, sdrt-health/mac:02010b41cdec/antenna/tag/e28068940000400386621d4f, 96
1652710664.179452, sdrt-health/mac:02010b41cdec/antenna/tag/e2806894000050038662154f, 85
1652710664.179908, sdrt-health/mac:02010b41cdec/antenna/tag/e28068940000400386621d4f, 96
1652710664.191942, sdrt-health/mac:02010b41cdec/antenna/tag/e2806894000050038662154f, 91
1652710664.231347, sdrt-health/mac:02010b41cdec/antenna/tag/e28068940000400386621d4f, 96
1652710664.23167, sdrt-health/mac:02010b41cdec/antenna/tag/e2806894000050038661fd4f, 83
1652710664.231911, sdrt-health/mac:02010b41cdec/antenna/tag/e28068940000400386621d4f, 96
1652710664.232165, sdrt-health/mac:02010b41cdec/antenna/tag/e2806894000040038662114f, 88
1652710664.232408, sdrt-health/mac:02010b41cdec/antenna/tag/e28068940000400386621d4f, 90
1652710664.273021, sdrt-health/mac:02010b41cdec/antenna/tag/e2806894000040038662114f, 97
1652710664.273908, sdrt-health/mac:02010b41cdec/antenna/tag/e2806894000050038661fd4f, 83
1652710664.394487, sdrt-health/mac:02010b41cdec/antenna/tag/e28068940000400386621d4f, 90
1652710664.395039, sdrt-health/mac:02010b41cdec/antenna/tag/e2806894000040038662114f, 97
1652710664.408315, sdrt-health/mac:02010b41cdec/antenna/tag/e2806894000040038662114f, 91
1652710664.408707, sdrt-health/mac:02010b41cdec/antenna/tag/e28068940000400386621d4f, 90
1652710664.445315, sdrt-health/mac:02010b41cdec/antenna/tag/e28068940000400386621d4f, 96
1652710664.480091, sdrt-health/mac:02010b41cdec/antenna/tag/e2806894000050038661fd4f, 86
1652710664.480314, sdrt-health/mac:02010b41cdec/antenna/tag/e2806894000040038662114f, 91
1652710664.55998, sdrt-health/mac:02010b41cdec/antenna/tag/e28068940000400386621d4f, 90
1652710664.587018, sdrt-health/mac:02010b41cdec/antenna/tag/e2806894000050038662154f, 91
1652710664.640919, sdrt-health/mac:02010b41cdec/antenna/tag/e2806894000050038661fd4f, 83
1652710664.64141, sdrt-health/mac:02010b41cdec/antenna/tag/e28068940000500386620d4f, 82
1652710664.674184, sdrt-health/mac:02010b41cdec/antenna/tag/e2806894000050038661fd4f, 83
1652710664.67454, sdrt-health/mac:02010b41cdec/antenna/tag/e2806894000040038662114f, 88
1652710664.674787, sdrt-health/mac:02010b41cdec/antenna/tag/e2806894000040038662114f, 88
1652710664.815107, sdrt-health/mac:02010b41cdec/antenna/tag/e2806894000050038661fd4f, 83
1652710664.815672, sdrt-health/mac:02010b41cdec/antenna/tag/e2806894000050038661fd4f, 83
1652710664.84822, sdrt-health/mac:02010b41cdec/antenna/tag/e2806894000050038662154f, 88
1652710664.848533, sdrt-health/mac:02010b41cdec/antenna/tag/e2806894000050038661fd4f, 83
1652710664.862888, sdrt-health/mac:02010b41cdec/antenna/tag/e28068940000400386621d4f, 96
1652710664.945211, sdrt-health/mac:02010b41cdec/antenna/tag/e2806894000040038662114f, 88
1652710665.039142, sdrt-health/mac:02010b41cdec/antenna/tag/e28068940000400386621d4f, 90
1652710665.039677, sdrt-health/mac:02010b41cdec/antenna/tag/e2806894000050038662154f, 85
1652710665.040063, sdrt-health/mac:02010b41cdec/antenna/tag/e2806894000050038662194f, 81
1652710665.040409, sdrt-health/mac:02010b41cdec/antenna/tag/e2806894000050038662154f, 88
1652710665.053214, sdrt-health/mac:02010b41cdec/antenna/tag/e2806894000040038662114f, 88
1652710665.101339, sdrt-health/mac:02010b41cdec/antenna/tag/e2806894000050038662154f, 88
1652710665.228172, sdrt-health/mac:02010b41cdec/antenna/tag/e2806894000050038662154f, 88
1652710665.26701, sdrt-health/mac:02010b41cdec/antenna/tag/e28068940000400386621d4f, 90
1652710665.267244, sdrt-health/mac:02010b41cdec/antenna/tag/e2806894000040038662114f, 88
1652710665.267361, sdrt-health/mac:02010b41cdec/antenna/tag/e2806894000040038662114f, 91
1652710665.324812, sdrt-health/mac:02010b41cdec/antenna/tag/e2806894000040038662114f, 91
1652710665.366222, sdrt-health/mac:02010b41cdec/antenna/tag/e28068940000400386621d4f, 96
1652710665.366802, sdrt-health/mac:02010b41cdec/antenna/tag/e2806894000050038662154f, 91
1652710665.367325, sdrt-health/mac:02010b41cdec/antenna/tag/e28068940000400386621d4f, 90
1652710665.381541, sdrt-health/mac:02010b41cdec/antenna/tag/e2806894000040038662114f, 88
1652710665.425899, sdrt-health/mac:02010b41cdec/antenna/tag/e2806894000050038661fd4f, 86
1652710665.426252, sdrt-health/mac:02010b41cdec/antenna/tag/e2806894000050038662154f, 91
1652710665.439593, sdrt-health/mac:02010b41cdec/antenna/tag/e2806894000050038661fd4f, 83
1652710665.44003, sdrt-health/mac:02010b41cdec/antenna/tag/e2806894000040038662114f, 88
1652710665.48711, sdrt-health/mac:02010b41cdec/antenna/tag/e2806894000050038661fd4f, 83
1652710665.531863, sdrt-health/mac:02010b41cdec/antenna/tag/e2806894000050038661fd4f, 83
1652710665.576388, sdrt-health/mac:02010b41cdec/antenna/tag/e2806894000050038662154f, 85
1652710665.633365, sdrt-health/mac:02010b41cdec/antenna/tag/e2806894000040038661f94f, 88
1652710665.687783, sdrt-health/mac:02010b41cdec/antenna/tag/e2806894000050038662154f, 88
1652710665.730971, sdrt-health/mac:02010b41cdec/antenna/tag/e2806894000040038662114f, 88
1652710665.731431, sdrt-health/mac:02010b41cdec/antenna/tag/e2806894000050038661fd4f, 83
1652710665.731771, sdrt-health/mac:02010b41cdec/antenna/tag/e28068940000400386621d4f, 90
1652710665.767336, sdrt-health/mac:02010b41cdec/antenna/tag/e2806894000040038662114f, 85
1652710665.767657, sdrt-health/mac:02010b41cdec/antenna/tag/e28068940000400386621d4f, 96
1652710665.786495, sdrt-health/mac:02010b41cdec/antenna/tag/e2806894000050038662194f, 84
1652710665.826468, sdrt-health/mac:02010b41cdec/antenna/tag/e2806894000040038662114f, 97
1652710665.88003, sdrt-health/mac:02010b41cdec/antenna/tag/e28068940000400386621d4f, 90
1652710665.880543, sdrt-health/mac:02010b41cdec/antenna/tag/e28068940000400386621d4f, 90
1652710665.905903, sdrt-health/mac:02010b41cdec/antenna/tag/e2806894000040038662054f, 94
1652710665.947775, sdrt-health/mac:02010b41cdec/antenna/tag/e2806894000050038662154f, 85
1652710666.045095, sdrt-health/mac:02010b41cdec/antenna/tag/e28068940000400386621d4f, 96
1652710666.094404, sdrt-health/mac:02010b41cdec/antenna/tag/e2806894000040038662114f, 85
1652710666.125029, sdrt-health/mac:02010b41cdec/antenna/tag/e2806894000050038662154f, 85
1652710666.125379, sdrt-health/mac:02010b41cdec/antenna/tag/e2806894000040038661f94f, 84
1652710666.153051, sdrt-health/mac:02010b41cdec/antenna/tag/e2806894000050038661fd4f, 83
1652710666.198948, sdrt-health/mac:02010b41cdec/antenna/tag/e2806894000050038662154f, 85
1652710666.199456, sdrt-health/mac:02010b41cdec/antenna/tag/e2806894000040038662114f, 88
1652710666.199941, sdrt-health/mac:02010b41cdec/antenna/tag/e2806894000050038662154f, 91
1652710666.239689, sdrt-health/mac:02010b41cdec/antenna/tag/e28068940000400386621d4f, 96
1652710666.245755, sdrt-health/mac:02010b41cdec/antenna/tag/e28068940000400386621d4f, 96
1652710666.254362, sdrt-health/mac:02010b41cdec/antenna/tag/e2806894000040038662114f, 88
1652710666.254586, sdrt-health/mac:02010b41cdec/antenna/tag/e2806894000050038662154f, 91
1652710666.297412, sdrt-health/mac:02010b41cdec/antenna/tag/e2806894000050038661fd4f, 83
1652710666.353794, sdrt-health/mac:02010b41cdec/antenna/tag/e2806894000050038662154f, 91
1652710666.396342, sdrt-health/mac:02010b41cdec/antenna/tag/e28068940000400386621d4f, 96
1652710666.396732, sdrt-health/mac:02010b41cdec/antenna/tag/e28068940000400386621d4f, 96
1652710666.397114, sdrt-health/mac:02010b41cdec/antenna/tag/e2806894000050038661fd4f, 83
1652710666.414868, sdrt-health/mac:02010b41cdec/antenna/tag/e28068940000400386621d4f, 96
1652710666.470002, sdrt-health/mac:02010b41cdec/antenna/tag/e2806894000050038661fd4f, 83
1652710666.470616, sdrt-health/mac:02010b41cdec/antenna/tag/e2806894000050038661fd4f, 83
1652710666.49869, sdrt-health/mac:02010b41cdec/antenna/tag/e28068940000400386621d4f, 77
1652710666.515456, sdrt-health/mac:02010b41cdec/antenna/tag/e2806894000050038661fd4f, 83
1652710666.619602, sdrt-health/mac:02010b41cdec/antenna/tag/e28068940000400386621d4f, 96
1652710666.620226, sdrt-health/mac:02010b41cdec/antenna/tag/e2806894000040038662114f, 88
1652710666.665331, sdrt-health/mac:02010b41cdec/antenna/tag/e2806894000040038662114f, 88
1652710666.694735, sdrt-health/mac:02010b41cdec/antenna/tag/e28068940000400386621d4f, 96
1652710666.69521, sdrt-health/mac:02010b41cdec/antenna/tag/e2806894000040038662114f, 88
1652710666.727149, sdrt-health/mac:02010b41cdec/antenna/tag/e2806894000050038661fd4f, 83
1652710666.756102, sdrt-health/mac:02010b41cdec/antenna/tag/e2806894000050038662154f, 88
1652710666.75642, sdrt-health/mac:02010b41cdec/antenna/tag/e2806894000050038661fd4f, 86
1652710666.776548, sdrt-health/mac:02010b41cdec/antenna/tag/e2806894000050038661fd4f, 83
1652710666.839866, sdrt-health/mac:02010b41cdec/antenna/tag/e2806894000050038662154f, 88
1652710666.840431, sdrt-health/mac:02010b41cdec/antenna/tag/e2806894000050038662154f, 91
1652710666.871236, sdrt-health/mac:02010b41cdec/antenna/tag/e2806894000050038661fd4f, 86
1652710666.929476, sdrt-health/mac:02010b41cdec/antenna/tag/e2806894000040038662114f, 88
1652710666.929804, sdrt-health/mac:02010b41cdec/antenna/tag/e28068940000400386621d4f, 96
1652710666.942102, sdrt-health/mac:02010b41cdec/antenna/tag/e28068940000400386621d4f, 90
1652710666.986358, sdrt-health/mac:02010b41cdec/antenna/tag/e2806894000040038662114f, 88
1652710667.026776, sdrt-health/mac:02010b41cdec/antenna/tag/e2806894000050038662194f, 94
1652710667.027246, sdrt-health/mac:02010b41cdec/antenna/tag/e2806894000050038662194f, 88
1652710667.066461, sdrt-health/mac:02010b41cdec/antenna/tag/e28068940000400386621d4f, 96
1652710667.105588, sdrt-health/mac:02010b41cdec/antenna/tag/e28068940000400386621d4f, 90
1652710667.146212, sdrt-health/mac:02010b41cdec/antenna/tag/e2806894000050038661fd4f, 86
1652710667.203037, sdrt-health/mac:02010b41cdec/antenna/tag/e2806894000040038662114f, 91
1652710667.203509, sdrt-health/mac:02010b41cdec/antenna/tag/e2806894000050038662154f, 91
1652710667.219211, sdrt-health/mac:02010b41cdec/antenna/tag/e28068940000400386621d4f, 96
1652710667.226446, sdrt-health/mac:02010b41cdec/antenna/tag/e28068940000400386621d4f, 90
1652710667.267178, sdrt-health/mac:02010b41cdec/antenna/tag/e2806894000050038661fd4f, 83
1652710667.320962, sdrt-health/mac:02010b41cdec/antenna/tag/e2806894000050038661fd4f, 83
1652710667.321427, sdrt-health/mac:02010b41cdec/antenna/tag/e28068940000400386621d4f, 90
1652710667.335524, sdrt-health/mac:02010b41cdec/antenna/tag/e2806894000050038661fd4f, 86
1652710667.340653, sdrt-health/mac:02010b41cdec/antenna/tag/e2806894000050038661fd4f, 83
1652710667.397384, sdrt-health/mac:02010b41cdec/antenna/tag/e2806894000040038662114f, 88
1652710667.446055, sdrt-health/mac:02010b41cdec/antenna/tag/e28068940000400386621d4f, 77
1652710667.496087, sdrt-health/mac:02010b41cdec/antenna/tag/e2806894000040038662114f, 88
1652710667.576787, sdrt-health/mac:02010b41cdec/antenna/tag/e28068940000400386621d4f, 77
1652710667.578217, sdrt-health/mac:02010b41cdec/antenna/tag/e2806894000050038662154f, 85
1652710667.592226, sdrt-health/mac:02010b41cdec/antenna/tag/e2806894000050038662154f, 85
1652710667.592555, sdrt-health/mac:02010b41cdec/antenna/tag/e2806894000050038661fd4f, 83
1652710667.592798, sdrt-health/mac:02010b41cdec/antenna/tag/e28068940000400386621d4f, 96
1652710667.607866, sdrt-health/mac:02010b41cdec/antenna/tag/e2806894000040038662114f, 88
1652710667.608104, sdrt-health/mac:02010b41cdec/antenna/tag/e28068940000400386621d4f, 96
1652710667.658262, sdrt-health/mac:02010b41cdec/antenna/tag/e2806894000050038661fd4f, 86
1652710667.743457, sdrt-health/mac:02010b41cdec/antenna/tag/e2806894000050038662154f, 91
1652710667.744026, sdrt-health/mac:02010b41cdec/antenna/tag/e28068940000400386621d4f, 96
1652710667.756453, sdrt-health/mac:02010b41cdec/antenna/tag/e2806894000050038661fd4f, 83
1652710667.756776, sdrt-health/mac:02010b41cdec/antenna/tag/e2806894000050038662154f, 91
1652710667.757094, sdrt-health/mac:02010b41cdec/antenna/tag/e28068940000400386621d4f, 96
1652710667.77251, sdrt-health/mac:02010b41cdec/antenna/tag/e28068940000400386621d4f, 90
1652710667.80886, sdrt-health/mac:02010b41cdec/antenna/tag/e28068940000400386621d4f, 90
1652710667.867579, sdrt-health/mac:02010b41cdec/antenna/tag/e28068940000400386621d4f, 90
1652710667.86809, sdrt-health/mac:02010b41cdec/antenna/tag/e2806894000050038662154f, 88
1652710667.868526, sdrt-health/mac:02010b41cdec/antenna/tag/e2806894000040038662114f, 88
1652710667.930916, sdrt-health/mac:02010b41cdec/antenna/tag/e2806894000040038662114f, 91
1652710667.963085, sdrt-health/mac:02010b41cdec/antenna/tag/e2806894000050038661fd4f, 86
1652710667.963437, sdrt-health/mac:02010b41cdec/antenna/tag/e2806894000040038662114f, 91
1652710667.963685, sdrt-health/mac:02010b41cdec/antenna/tag/e2806894000050038662154f, 85
1652710667.97748, sdrt-health/mac:02010b41cdec/antenna/tag/e2806894000050038662154f, 85
1652710668.034126, sdrt-health/mac:02010b41cdec/antenna/tag/e2806894000050038661fd4f, 83
1652710668.065667, sdrt-health/mac:02010b41cdec/antenna/tag/e2806894000050038662154f, 85
1652710668.065959, sdrt-health/mac:02010b41cdec/antenna/tag/e2806894000050038661fd4f, 83
1652710668.084527, sdrt-health/mac:02010b41cdec/antenna/tag/e2806894000040038662114f, 88
1652710668.147921, sdrt-health/mac:02010b41cdec/antenna/tag/e2806894000050038662154f, 85
1652710668.148421, sdrt-health/mac:02010b41cdec/antenna/tag/e2806894000050038661fd4f, 86
1652710668.204032, sdrt-health/mac:02010b41cdec/antenna/tag/e28068940000400386621d4f, 96
1652710668.234583, sdrt-health/mac:02010b41cdec/antenna/tag/e28068940000400386621d4f, 96
1652710668.234935, sdrt-health/mac:02010b41cdec/antenna/tag/e2806894000050038662194f, 83
1652710668.258575, sdrt-health/mac:02010b41cdec/antenna/tag/e2806894000050038662194f, 87
1652710668.330796, sdrt-health/mac:02010b41cdec/antenna/tag/e2806894000050038661fd4f, 83
1652710668.40141, sdrt-health/mac:02010b41cdec/antenna/tag/e2806894000040038662114f, 88
1652710668.401899, sdrt-health/mac:02010b41cdec/antenna/tag/e28068940000400386621d4f, 90
1652710668.4142, sdrt-health/mac:02010b41cdec/antenna/tag/e2806894000040038662114f, 88
1652710668.4281, sdrt-health/mac:02010b41cdec/antenna/tag/e2806894000050038662154f, 85
1652710668.492507, sdrt-health/mac:02010b41cdec/antenna/tag/e2806894000050038662154f, 88
1652710668.493027, sdrt-health/mac:02010b41cdec/antenna/tag/e28068940000400386621d4f, 90
1652710668.507762, sdrt-health/mac:02010b41cdec/antenna/tag/e2806894000050038662194f, 81
1652710668.540918, sdrt-health/mac:02010b41cdec/antenna/tag/e2806894000050038662154f, 85
1652710668.541305, sdrt-health/mac:02010b41cdec/antenna/tag/e2806894000040038662114f, 88
1652710668.572258, sdrt-health/mac:02010b41cdec/antenna/tag/e2806894000050038661fd4f, 83
1652710668.603734, sdrt-health/mac:02010b41cdec/antenna/tag/e28068940000400386621d4f, 90
1652710668.604237, sdrt-health/mac:02010b41cdec/antenna/tag/e2806894000050038662154f, 85
1652710668.626951, sdrt-health/mac:02010b41cdec/antenna/tag/e2806894000040038662114f, 85
1652710668.676748, sdrt-health/mac:02010b41cdec/antenna/tag/e2806894000050038661fd4f, 83
1652710668.746979, sdrt-health/mac:02010b41cdec/antenna/tag/e2806894000050038662154f, 85
1652710668.747439, sdrt-health/mac:02010b41cdec/antenna/tag/e2806894000040038662114f, 88
1652710668.760599, sdrt-health/mac:02010b41cdec/antenna/tag/e2806894000050038662154f, 85
1652710668.761041, sdrt-health/mac:02010b41cdec/antenna/tag/e28068940000400386621d4f, 77
1652710668.787896, sdrt-health/mac:02010b41cdec/antenna/tag/e2806894000050038662154f, 85
1652710668.827596, sdrt-health/mac:02010b41cdec/antenna/tag/e28068940000500386620d4f, 88
1652710668.827927, sdrt-health/mac:02010b41cdec/antenna/tag/e2806894000050038662154f, 93
1652710668.841546, sdrt-health/mac:02010b41cdec/antenna/tag/e2806894000050038662154f, 85
1652710668.841882, sdrt-health/mac:02010b41cdec/antenna/tag/e2806894000040038662114f, 91
1652710668.842102, sdrt-health/mac:02010b41cdec/antenna/tag/e2806894000040038662114f, 88
1652710668.885985, sdrt-health/mac:02010b41cdec/antenna/tag/e2806894000050038661fd4f, 83
1652710668.982815, sdrt-health/mac:02010b41cdec/antenna/tag/e28068940000400386621d4f, 96
1652710668.983373, sdrt-health/mac:02010b41cdec/antenna/tag/e28068940000400386621d4f, 96
1652710668.996459, sdrt-health/mac:02010b41cdec/antenna/tag/e2806894000050038661fd4f, 83
1652710669.024153, sdrt-health/mac:02010b41cdec/antenna/tag/e28068940000400386621d4f, 77
1652710669.024549, sdrt-health/mac:02010b41cdec/antenna/tag/e28068940000400386621d4f, 77
1652710669.057307, sdrt-health/mac:02010b41cdec/antenna/tag/e28068940000400386621d4f, 96
1652710669.1365, sdrt-health/mac:02010b41cdec/antenna/tag/e2806894000040038662114f, 85
1652710669.137147, sdrt-health/mac:02010b41cdec/antenna/tag/e2806894000040038662114f, 88
1652710669.151802, sdrt-health/mac:02010b41cdec/antenna/tag/e2806894000050038661fd4f, 83
1652710669.155037, sdrt-health/mac:02010b41cdec/antenna/tag/e2806894000050038662194f, 83
1652710669.191764, sdrt-health/mac:02010b41cdec/antenna/tag/e2806894000050038661fd4f, 83
1652710669.251517, sdrt-health/mac:02010b41cdec/antenna/tag/e2806894000050038662194f, 94
1652710669.252009, sdrt-health/mac:02010b41cdec/antenna/tag/e2806894000050038661fd4f, 83
1652710669.252527, sdrt-health/mac:02010b41cdec/antenna/tag/e2806894000050038662194f, 88
1652710669.26794, sdrt-health/mac:02010b41cdec/antenna/tag/e2806894000050038662154f, 85
1652710669.27125, sdrt-health/mac:02010b41cdec/antenna/tag/e2806894000050038662154f, 88
1652710669.317335, sdrt-health/mac:02010b41cdec/antenna/tag/e2806894000040038662114f, 91
1652710669.372701, sdrt-health/mac:02010b41cdec/antenna/tag/e2806894000050038661fd4f, 83
1652710669.373295, sdrt-health/mac:02010b41cdec/antenna/tag/e28068940000400386621d4f, 90
1652710669.417588, sdrt-health/mac:02010b41cdec/antenna/tag/e28068940000400386621d4f, 90
1652710669.461127, sdrt-health/mac:02010b41cdec/antenna/tag/e2806894000050038661fd4f, 83
1652710669.53361, sdrt-health/mac:02010b41cdec/antenna/tag/e2806894000050038662194f, 83
1652710669.534084, sdrt-health/mac:02010b41cdec/antenna/tag/e2806894000040038662114f, 91
1652710669.546623, sdrt-health/mac:02010b41cdec/antenna/tag/e2806894000050038662154f, 85
1652710669.58706, sdrt-health/mac:02010b41cdec/antenna/tag/e2806894000050038661fd4f, 83
1652710669.650675, sdrt-health/mac:02010b41cdec/antenna/tag/e2806894000050038662154f, 85
1652710669.651235, sdrt-health/mac:02010b41cdec/antenna/tag/e28068940000400386621d4f, 77
1652710669.665535, sdrt-health/mac:02010b41cdec/antenna/tag/e2806894000050038662194f, 88
1652710669.699871, sdrt-health/mac:02010b41cdec/antenna/tag/e2806894000050038662154f, 91
1652710669.770944, sdrt-health/mac:02010b41cdec/antenna/tag/e28068940000400386621d4f, 90
1652710669.80302, sdrt-health/mac:02010b41cdec/antenna/tag/e2806894000050038661fd4f, 86
1652710669.803477, sdrt-health/mac:02010b41cdec/antenna/tag/e2806894000040038662114f, 91
1652710669.853488, sdrt-health/mac:02010b41cdec/antenna/tag/e28068940000400386621d4f, 90
1652710669.884528, sdrt-health/mac:02010b41cdec/antenna/tag/e2806894000050038661fd4f, 86
1652710669.885614, sdrt-health/mac:02010b41cdec/antenna/tag/e2806894000050038662194f, 94
1652710669.886038, sdrt-health/mac:02010b41cdec/antenna/tag/e2806894000050038661fd4f, 86
1652710669.898633, sdrt-health/mac:02010b41cdec/antenna/tag/e28068940000400386621d4f, 90
1652710669.898806, sdrt-health/mac:02010b41cdec/antenna/tag/e2806894000050038661fd4f, 86
1652710669.898972, sdrt-health/mac:02010b41cdec/antenna/tag/e2806894000040038662114f, 91
1652710669.89922, sdrt-health/mac:02010b41cdec/antenna/tag/e2806894000050038661fd4f, 83
1652710669.899358, sdrt-health/mac:02010b41cdec/antenna/tag/e28068940000400386621d4f, 90
1652710669.941208, sdrt-health/mac:02010b41cdec/antenna/tag/e2806894000050038662194f, 83
1652710670.000383, sdrt-health/mac:02010b41cdec/antenna/tag/e28068940000400386621d4f, 96
1652710670.000888, sdrt-health/mac:02010b41cdec/antenna/tag/e2806894000050038662194f, 81
1652710670.048776, sdrt-health/mac:02010b41cdec/antenna/tag/e28068940000400386621d4f, 96
1652710670.0914, sdrt-health/mac:02010b41cdec/antenna/tag/e28068940000400386621d4f, 96
1652710670.136836, sdrt-health/mac:02010b41cdec/antenna/tag/e2806894000050038661fd4f, 83
1652710670.275064, sdrt-health/mac:02010b41cdec/antenna/tag/e28068940000400386621d4f, 90
1652710670.275558, sdrt-health/mac:02010b41cdec/antenna/tag/e2806894000050038661fd4f, 83
1652710670.275897, sdrt-health/mac:02010b41cdec/antenna/tag/e2806894000050038661fd4f, 83
1652710670.310484, sdrt-health/mac:02010b41cdec/antenna/tag/e2806894000050038662194f, 84
1652710670.357781, sdrt-health/mac:02010b41cdec/antenna/tag/e2806894000040038662114f, 85
1652710670.358079, sdrt-health/mac:02010b41cdec/antenna/tag/e2806894000040038662114f, 88
1652710670.358296, sdrt-health/mac:02010b41cdec/antenna/tag/e2806894000050038662194f, 94
1652710670.387461, sdrt-health/mac:02010b41cdec/antenna/tag/e2806894000040038662114f, 88
1652710670.387829, sdrt-health/mac:02010b41cdec/antenna/tag/e2806894000050038662154f, 91
1652710670.409506, sdrt-health/mac:02010b41cdec/antenna/tag/e2806894000040038662114f, 88
1652710670.437376, sdrt-health/mac:02010b41cdec/antenna/tag/e2806894000050038661fd4f, 83
1652710670.43769, sdrt-health/mac:02010b41cdec/antenna/tag/e2806894000040038662114f, 88
1652710670.490907, sdrt-health/mac:02010b41cdec/antenna/tag/e2806894000050038662154f, 88
1652710670.559683, sdrt-health/mac:02010b41cdec/antenna/tag/e2806894000050038662154f, 85
1652710670.56018, sdrt-health/mac:02010b41cdec/antenna/tag/e2806894000040038662114f, 85
1652710670.574701, sdrt-health/mac:02010b41cdec/antenna/tag/e2806894000050038662194f, 81
1652710670.57524, sdrt-health/mac:02010b41cdec/antenna/tag/e2806894000050038662194f, 81
1652710670.59391, sdrt-health/mac:02010b41cdec/antenna/tag/e2806894000040038662114f, 85
1652710670.660644, sdrt-health/mac:02010b41cdec/antenna/tag/e2806894000050038662154f, 93
1652710670.661163, sdrt-health/mac:02010b41cdec/antenna/tag/e28068940000400386621d4f, 90
1652710670.693247, sdrt-health/mac:02010b41cdec/antenna/tag/e2806894000040038662114f, 88
1652710670.768395, sdrt-health/mac:02010b41cdec/antenna/tag/e2806894000050038662154f, 91
1652710670.768933, sdrt-health/mac:02010b41cdec/antenna/state, connected
1652710670.782941, sdrt-health/mac:02010b41cdec/fw, {"version":"1.8.1","model":"200","hash":"2f556501b58f1dad542af428d7928d18","timestamp":1652710667}
1652710670.783285, sdrt-health/mac:02010b41cdec/antenna/tag/e2806894000040038662114f, 97
1652710670.812259, sdrt-health/mac:02010b41cdec/antenna/tag/e2806894000050038662154f, 91
1652710670.840365, sdrt-health/mac:02010b41cdec/antenna/tag/e28068940000400386621d4f, 90
1652710670.840659, sdrt-health/mac:02010b41cdec/antenna/tag/e2806894000050038661fd4f, 86
1652710670.857202, sdrt-health/mac:02010b41cdec/antenna/tag/e2806894000040038662114f, 91
1652710670.923759, sdrt-health/mac:02010b41cdec/antenna/tag/e2806894000050038662154f, 85
1652710671.013992, sdrt-health/mac:02010b41cdec/antenna/tag/e2806894000050038662154f, 88
1652710671.014459, sdrt-health/mac:02010b41cdec/antenna/tag/e2806894000050038661fd4f, 83
1652710671.065271, sdrt-health/mac:02010b41cdec/antenna/tag/e2806894000050038662154f, 88
1652710671.094041, sdrt-health/mac:02010b41cdec/antenna/tag/e2806894000050038661fd4f, 83
1652710671.094511, sdrt-health/mac:02010b41cdec/antenna/tag/e2806894000040038662114f, 88
1652710671.094874, sdrt-health/mac:02010b41cdec/antenna/tag/e2806894000050038661fd4f, 83
1652710671.131613, sdrt-health/mac:02010b41cdec/antenna/tag/e2806894000040038662114f, 88
1652710671.225115, sdrt-health/mac:02010b41cdec/antenna/tag/e2806894000050038661fd4f, 97
1652710671.225616, sdrt-health/mac:02010b41cdec/antenna/tag/e2806894000050038661fd4f, 83
1652710671.239401, sdrt-health/mac:02010b41cdec/antenna/tag/e2806894000040038662114f, 85
1652710671.240059, sdrt-health/mac:02010b41cdec/antenna/version, hPbO
1652710671.245749, sdrt-health/mac:02010b41cdec/antenna/tag/e28068940000400386621d4f, 96
1652710671.294188, sdrt-health/mac:02010b41cdec/antenna/tag/e2806894000040038662114f, 85
1652710671.336369, sdrt-health/mac:02010b41cdec/antenna/tag/e28068940000400386621d4f, 96
1652710671.406257, sdrt-health/mac:02010b41cdec/antenna/tag/e2806894000040038662114f, 88
1652710671.40672, sdrt-health/mac:02010b41cdec/antenna/tag/e2806894000040038662114f, 91
1652710671.420325, sdrt-health/mac:02010b41cdec/antenna/tag/e28068940000400386621d4f, 96
1652710671.653547, sdrt-health/mac:02010b41cdec/antenna/tag/e2806894000050038661fd4f, 86
1652710671.683511, sdrt-health/mac:02010b41cdec/antenna/tag/e2806894000050038662154f, 88
1652710671.68391, sdrt-health/mac:02010b41cdec/antenna/tag/e2806894000050038661fd4f, 86
1652710671.684183, sdrt-health/mac:02010b41cdec/antenna/tag/e2806894000050038662194f, 83
1652710671.747815, sdrt-health/mac:02010b41cdec/antenna/tag/e2806894000040038662114f, 88
1652710671.78091, sdrt-health/mac:02010b41cdec/antenna/tag/e2806894000040038662114f, 85
1652710671.781302, sdrt-health/mac:02010b41cdec/antenna/tag/e2806894000040038662114f, 88
1652710671.781572, sdrt-health/mac:02010b41cdec/antenna/tag/e2806894000050038662154f, 88
1652710671.78183, sdrt-health/mac:02010b41cdec/antenna/tag/e28068940000400386621d4f, 96
1652710671.782105, sdrt-health/mac:02010b41cdec/antenna/tag/e2806894000050038662154f, 88
1652710671.782413, sdrt-health/mac:02010b41cdec/antenna/tag/e28068940000400386621d4f, 96
1652710671.782723, sdrt-health/mac:02010b41cdec/antenna/tag/e28068940000400386621d4f, 90
1652710671.783027, sdrt-health/mac:02010b41cdec/antenna/tag/e2806894000050038662154f, 91
1652710671.783335, sdrt-health/mac:02010b41cdec/antenna/tag/e28068940000400386621d4f, 96
1652710671.783641, sdrt-health/mac:02010b41cdec/antenna/tag/e2806894000050038661fd4f, 86
1652710671.881406, sdrt-health/mac:02010b41cdec/antenna/tag/e2806894000040038662114f, 88
1652710671.916422, sdrt-health/mac:02010b41cdec/antenna/tag/e2806894000050038662154f, 91
1652710671.916886, sdrt-health/mac:02010b41cdec/antenna/tag/e2806894000050038662154f, 91
1652710671.91729, sdrt-health/mac:02010b41cdec/antenna/tag/e2806894000040038662114f, 91
1652710671.917606, sdrt-health/mac:02010b41cdec/antenna/tag/e2806894000040038662114f, 88
1652710671.917945, sdrt-health/mac:02010b41cdec/antenna/tag/e28068940000400386621d4f, 90
1652710671.91831, sdrt-health/mac:02010b41cdec/antenna/tag/e2806894000050038661fd4f, 83
1652710671.93979, sdrt-health/mac:02010b41cdec/antenna/tag/e2806894000040038662114f, 88
1652710671.993893, sdrt-health/mac:02010b41cdec/antenna/tag/e28068940000400386621d4f, 90
1652710672.025079, sdrt-health/mac:02010b41cdec/antenna/tag/e2806894000040038662114f, 88
1652710672.025468, sdrt-health/mac:02010b41cdec/antenna/tag/e28068940000400386621d4f, 96
1652710672.052807, sdrt-health/mac:02010b41cdec/antenna/tag/e28068940000400386621d4f, 77
1652710672.09128, sdrt-health/mac:02010b41cdec/antenna/tag/e2806894000040038662114f, 88
1652710672.091708, sdrt-health/mac:02010b41cdec/antenna/tag/e2806894000040038662214f, 88
1652710672.116064, sdrt-health/mac:02010b41cdec/antenna/tag/e2806894000050038661fd4f, 83
1652710672.146241, sdrt-health/mac:02010b41cdec/antenna/tag/e28068940000400386621d4f, 96
1652710672.147581, sdrt-health/mac:02010b41cdec/antenna/tag/e2806894000050038662154f, 88
1652710672.147858, sdrt-health/mac:02010b41cdec/antenna/tag/e2806894000050038661fd4f, 83
1652710672.148088, sdrt-health/mac:02010b41cdec/antenna/tag/e2806894000040038662214f, 88
1652710672.167247, sdrt-health/mac:02010b41cdec/antenna/tag/e28068940000400386621d4f, 96
1652710672.209592, sdrt-health/mac:02010b41cdec/antenna/tag/e2806894000040038662114f, 88
1652710672.267265, sdrt-health/mac:02010b41cdec/antenna/tag/e2806894000050038662154f, 88
1652710672.26775, sdrt-health/mac:02010b41cdec/antenna/tag/e2806894000040038662114f, 88
1652710672.324951, sdrt-health/mac:02010b41cdec/antenna/tag/e2806894000040038662114f, 97
1652710672.3812, sdrt-health/mac:02010b41cdec/antenna/tag/e2806894000040038662114f, 91
1652710672.420929, sdrt-health/mac:02010b41cdec/antenna/tag/e28068940000400386621d4f, 90
1652710672.467388, sdrt-health/mac:02010b41cdec/antenna/tag/e2806894000050038662154f, 88
1652710672.520743, sdrt-health/mac:02010b41cdec/antenna/tag/e2806894000050038662194f, 81
1652710672.521211, sdrt-health/mac:02010b41cdec/antenna/tag/e2806894000050038662154f, 85
1652710672.547723, sdrt-health/mac:02010b41cdec/antenna/tag/e2806894000050038661fd4f, 83
1652710672.594855, sdrt-health/mac:02010b41cdec/antenna/tag/e2806894000050038662154f, 88
1652710672.676504, sdrt-health/mac:02010b41cdec/antenna/tag/e28068940000400386621d4f, 96
1652710672.676995, sdrt-health/mac:02010b41cdec/antenna/tag/e2806894000040038662114f, 88
1652710672.708074, sdrt-health/mac:02010b41cdec/antenna/tag/e2806894000050038661fd4f, 83
1652710672.737364, sdrt-health/mac:02010b41cdec/antenna/tag/e28068940000400386621d4f, 96
1652710672.737913, sdrt-health/mac:02010b41cdec/antenna/tag/e2806894000040038662114f, 88
1652710672.751806, sdrt-health/mac:02010b41cdec/antenna/tag/e28068940000400386621d4f, 96
1652710672.752434, sdrt-health/mac:02010b41cdec/antenna/tag/e2806894000050038661fd4f, 83
1652710672.807072, sdrt-health/mac:02010b41cdec/antenna/tag/e2806894000050038661fd4f, 83
1652710672.901307, sdrt-health/mac:02010b41cdec/antenna/tag/e2806894000050038661fd4f, 83
1652710672.901638, sdrt-health/mac:02010b41cdec/antenna/tag/e2806894000050038661fd4f, 83
1652710672.928158, sdrt-health/mac:02010b41cdec/antenna/tag/e28068940000400386621d4f, 96
1652710672.928856, sdrt-health/mac:02010b41cdec/antenna/tag/e28068940000400386621d4f, 77
1652710672.97579, sdrt-health/mac:02010b41cdec/antenna/tag/e2806894000050038661fd4f, 83
1652710672.976309, sdrt-health/mac:02010b41cdec/antenna/tag/e28068940000400386621d4f, 96
1652710673.030034, sdrt-health/mac:02010b41cdec/antenna/tag/e2806894000050038661fd4f, 83
1652710673.0305, sdrt-health/mac:02010b41cdec/antenna/tag/e2806894000050038661fd4f, 83
1652710673.045784, sdrt-health/mac:02010b41cdec/antenna/tag/e28068940000400386621d4f, 96
1652710673.097272, sdrt-health/mac:02010b41cdec/antenna/tag/e2806894000040038662114f, 85
1652710673.097659, sdrt-health/mac:02010b41cdec/antenna/tag/e2806894000040038662114f, 88
1652710673.134289, sdrt-health/mac:02010b41cdec/antenna/tag/e2806894000040038662114f, 88
1652710673.169513, sdrt-health/mac:02010b41cdec/antenna/tag/e28068940000400386621d4f, 90
1652710673.169815, sdrt-health/mac:02010b41cdec/antenna/tag/e28068940000400386621d4f, 96
1652710673.170015, sdrt-health/mac:02010b41cdec/antenna/tag/e2806894000050038662154f, 91
1652710673.186135, sdrt-health/mac:02010b41cdec/antenna/tag/e2806894000050038661fd4f, 83
1652710673.225995, sdrt-health/mac:02010b41cdec/antenna/tag/e2806894000040038662114f, 88
1652710673.286326, sdrt-health/mac:02010b41cdec/antenna/tag/e2806894000050038662154f, 91
1652710673.353854, sdrt-health/mac:02010b41cdec/antenna/tag/e28068940000400386621d4f, 90
1652710673.354358, sdrt-health/mac:02010b41cdec/antenna/tag/e2806894000050038661fd4f, 86
1652710673.397522, sdrt-health/mac:02010b41cdec/antenna/tag/e2806894000040038662114f, 88
1652710673.466416, sdrt-health/mac:02010b41cdec/antenna/tag/e28068940000400386621d4f, 90
1652710673.467015, sdrt-health/mac:02010b41cdec/antenna/tag/e2806894000040038662114f, 88
1652710673.479748, sdrt-health/mac:02010b41cdec/antenna/tag/e28068940000400386621d4f, 90
1652710673.48017, sdrt-health/mac:02010b41cdec/antenna/tag/e28068940000500386620d4f, 81
1652710673.498769, sdrt-health/mac:02010b41cdec/antenna/tag/e28068940000400386621d4f, 96
1652710673.527254, sdrt-health/mac:02010b41cdec/antenna/tag/e2806894000050038662154f, 85
1652710673.527489, sdrt-health/mac:02010b41cdec/antenna/tag/e28068940000400386621d4f, 96
1652710673.549775, sdrt-health/mac:02010b41cdec/antenna/tag/e2806894000040038662114f, 88
1652710673.583091, sdrt-health/mac:02010b41cdec/antenna/tag/e2806894000040038662114f, 88
1652710673.583474, sdrt-health/mac:02010b41cdec/antenna/tag/e28068940000400386621d4f, 96
1652710673.598158, sdrt-health/mac:02010b41cdec/antenna/tag/e2806894000050038661fd4f, 86
1652710673.636565, sdrt-health/mac:02010b41cdec/antenna/tag/e2806894000040038662114f, 88
1652710673.701374, sdrt-health/mac:02010b41cdec/antenna/tag/e2806894000050038662154f, 91
1652710673.701952, sdrt-health/mac:02010b41cdec/antenna/tag/e28068940000400386621d4f, 90
1652710673.715539, sdrt-health/mac:02010b41cdec/antenna/tag/e2806894000050038662154f, 91
1652710673.716018, sdrt-health/mac:02010b41cdec/antenna/tag/e2806894000040038662114f, 88
1652710673.736591, sdrt-health/mac:02010b41cdec/antenna/tag/e2806894000050038662154f, 91
1652710673.78109, sdrt-health/mac:02010b41cdec/antenna/tag/e28068940000400386621d4f, 90
1652710673.810449, sdrt-health/mac:02010b41cdec/antenna/tag/e2806894000050038662154f, 88
1652710673.810725, sdrt-health/mac:02010b41cdec/antenna/tag/e2806894000040038662114f, 91
1652710673.810909, sdrt-health/mac:02010b41cdec/antenna/tag/e2806894000040038662114f, 91
1652710673.844145, sdrt-health/mac:02010b41cdec/antenna/tag/e2806894000050038662154f, 88
1652710673.898805, sdrt-health/mac:02010b41cdec/antenna/tag/e2806894000050038662154f, 85
1652710673.928866, sdrt-health/mac:02010b41cdec/antenna/tag/e2806894000040038662114f, 88
1652710673.929374, sdrt-health/mac:02010b41cdec/antenna/tag/e2806894000040038662114f, 88
1652710673.929714, sdrt-health/mac:02010b41cdec/antenna/tag/e2806894000050038662154f, 85
1652710673.930033, sdrt-health/mac:02010b41cdec/antenna/tag/e2806894000050038661fd4f, 83
1652710673.967075, sdrt-health/mac:02010b41cdec/antenna/tag/e2806894000040038662114f, 88
1652710673.996069, sdrt-health/mac:02010b41cdec/antenna/tag/e2806894000040038662114f, 88
1652710673.996418, sdrt-health/mac:02010b41cdec/antenna/tag/e2806894000050038661fd4f, 83
1652710674.034423, sdrt-health/mac:02010b41cdec/antenna/tag/e2806894000050038662154f, 85
1652710674.092198, sdrt-health/mac:02010b41cdec/antenna/tag/e28068940000400386621d4f, 77
1652710674.146175, sdrt-health/mac:02010b41cdec/antenna/tag/e2806894000050038662154f, 91
1652710674.207858, sdrt-health/mac:02010b41cdec/antenna/tag/e2806894000040038662114f, 88
1652710674.208324, sdrt-health/mac:02010b41cdec/antenna/tag/e2806894000050038662154f, 88
1652710674.246633, sdrt-health/mac:02010b41cdec/antenna/tag/e2806894000040038662114f, 91
1652710674.300549, sdrt-health/mac:02010b41cdec/antenna/tag/e2806894000050038662154f, 88
1652710674.300993, sdrt-health/mac:02010b41cdec/antenna/tag/e2806894000040038662114f, 91
1652710674.484674, sdrt-health/mac:02010b41cdec/antenna/tag/scan, scan stopped
