1652710085.109255, sdrt-health/mac:02010b41cdec/antenna/power/set, {"power": 300}
1652710086.224318, sdrt-health/mac:02010b41cdec/antenna/power/set, 
1652710090.129611, sdrt-health/mac:02010b41cdec/antenna/tag/scan, {"time": 20000}
1652710090.450057, sdrt-health/mac:02010b41cdec/antenna/tag/e2806894000040038662114f, 88
1652710090.510476, sdrt-health/mac:02010b41cdec/antenna/tag/e2806894000050038662154f, 91
1652710090.551633, sdrt-health/mac:02010b41cdec/antenna/tag/e2806894000050038662194f, 81
1652710090.585087, sdrt-health/mac:02010b41cdec/antenna/tag/e2806894000050038662194f, 82
1652710090.585504, sdrt-health/mac:02010b41cdec/antenna/tag/e28068940000400386621d4f, 96
1652710090.58577, sdrt-health/mac:02010b41cdec/antenna/tag/e2806894000040038662114f, 97
1652710090.650789, sdrt-health/mac:02010b41cdec/antenna/tag/e2806894000050038662154f, 88
1652710090.735101, sdrt-health/mac:02010b41cdec/antenna/tag/e2806894000050038661fd4f, 90
1652710090.779009, sdrt-health/mac:02010b41cdec/antenna/tag/e2806894000040038662214f, 88
1652710090.830006, sdrt-health/mac:02010b41cdec/antenna/tag/e2806894000040038662054f, 110
1652710090.903325, sdrt-health/mac:02010b41cdec/antenna/tag/e2806894000040038662214f, 84
1652710090.952676, sdrt-health/mac:02010b41cdec/antenna/tag/e2806894000040038662114f, 88
1652710091.016121, sdrt-health/mac:02010b41cdec/antenna/tag/e2806894000050038662154f, 88
1652710091.070719, sdrt-health/mac:02010b41cdec/antenna/tag/e2806894000040038662114f, 88
1652710091.109864, sdrt-health/mac:02010b41cdec/antenna/tag/e2806894000050038662194f, 83
1652710091.147655, sdrt-health/mac:02010b41cdec/antenna/tag/e2806894000050038661fd4f, 83
1652710091.193249, sdrt-health/mac:02010b41cdec/antenna/tag/e28068940000400386621d4f, 96
1652710091.245073, sdrt-health/mac:02010b41cdec/antenna/tag/e2806894000050038661fd4f, 83
1652710091.321132, sdrt-health/mac:02010b41cdec/antenna/tag/e28068940000400386621d4f, 77
1652710091.321565, sdrt-health/mac:02010b41cdec/antenna/tag/e2806894000050038662194f, 83
1652710091.35834, sdrt-health/mac:02010b41cdec/antenna/tag/e2806894000050038662154f, 85
1652710091.397297, sdrt-health/mac:02010b41cdec/antenna/tag/e28068940000400386621d4f, 96
1652710091.397699, sdrt-health/mac:02010b41cdec/antenna/tag/e2806894000040038662114f, 88
1652710091.39809, sdrt-health/mac:02010b41cdec/antenna/tag/e2806894000050038661fd4f, 83
1652710091.398471, sdrt-health/mac:02010b41cdec/antenna/tag/e28068940000400386621d4f, 96
1652710091.41238, sdrt-health/mac:02010b41cdec/antenna/tag/e2806894000050038661fd4f, 83
1652710091.412788, sdrt-health/mac:02010b41cdec/antenna/tag/e2806894000050038662194f, 83
1652710091.45083, sdrt-health/mac:02010b41cdec/antenna/tag/e2806894000040038662114f, 91
1652710091.480034, sdrt-health/mac:02010b41cdec/antenna/tag/e2806894000050038662154f, 91
1652710091.480358, sdrt-health/mac:02010b41cdec/antenna/tag/e2806894000050038661fd4f, 90
1652710091.501784, sdrt-health/mac:02010b41cdec/antenna/tag/e28068940000400386621d4f, 96
1652710091.552349, sdrt-health/mac:02010b41cdec/antenna/tag/e2806894000050038662194f, 94
1652710091.588297, sdrt-health/mac:02010b41cdec/antenna/tag/e2806894000050038662154f, 88
1652710091.643053, sdrt-health/mac:02010b41cdec/antenna/tag/e2806894000050038661fd4f, 86
1652710091.643291, sdrt-health/mac:02010b41cdec/antenna/tag/e2806894000050038662194f, 93
1652710091.660607, sdrt-health/mac:02010b41cdec/antenna/tag/e2806894000040038662114f, 91
1652710091.661059, sdrt-health/mac:02010b41cdec/antenna/tag/e28068940000400386621d4f, 96
1652710091.663996, sdrt-health/mac:02010b41cdec/antenna/tag/e28068940000400386621d4f, 96
1652710091.704615, sdrt-health/mac:02010b41cdec/antenna/tag/e2806894000050038662194f, 83
1652710091.768199, sdrt-health/mac:02010b41cdec/antenna/tag/e28068940000400386621d4f, 96
1652710091.768583, sdrt-health/mac:02010b41cdec/antenna/tag/e2806894000050038662194f, 93
1652710091.786146, sdrt-health/mac:02010b41cdec/antenna/tag/e2806894000050038661fd4f, 86
1652710091.814205, sdrt-health/mac:02010b41cdec/antenna/tag/e2806894000040038662114f, 91
1652710091.814591, sdrt-health/mac:02010b41cdec/antenna/tag/e2806894000050038661fd4f, 86
1652710091.828199, sdrt-health/mac:02010b41cdec/antenna/tag/e28068940000400386621d4f, 96
1652710091.885857, sdrt-health/mac:02010b41cdec/antenna/tag/e2806894000050038661fd4f, 83
1652710091.939412, sdrt-health/mac:02010b41cdec/antenna/tag/e28068940000400386621d4f, 96
1652710091.939645, sdrt-health/mac:02010b41cdec/antenna/tag/e2806894000050038661fd4f, 86
1652710091.972201, sdrt-health/mac:02010b41cdec/antenna/tag/e28068940000400386621d4f, 77
1652710092.080492, sdrt-health/mac:02010b41cdec/antenna/tag/e2806894000050038662154f, 85
1652710092.080868, sdrt-health/mac:02010b41cdec/antenna/tag/e2806894000050038661fd4f, 86
1652710092.110399, sdrt-health/mac:02010b41cdec/antenna/tag/e2806894000040038662114f, 88
1652710092.183107, sdrt-health/mac:02010b41cdec/antenna/tag/e2806894000050038661fd4f, 86
1652710092.183384, sdrt-health/mac:02010b41cdec/antenna/tag/e2806894000050038662194f, 83
1652710092.19635, sdrt-health/mac:02010b41cdec/antenna/tag/e28068940000400386621d4f, 77
1652710092.233433, sdrt-health/mac:02010b41cdec/antenna/tag/e2806894000050038662194f, 83
1652710092.261436, sdrt-health/mac:02010b41cdec/antenna/tag/e2806894000050038662154f, 88
1652710092.261699, sdrt-health/mac:02010b41cdec/antenna/tag/e2806894000050038661fd4f, 86
1652710092.334187, sdrt-health/mac:02010b41cdec/antenna/tag/e28068940000400386621d4f, 96
1652710092.438236, sdrt-health/mac:02010b41cdec/antenna/tag/e2806894000050038661fd4f, 83
1652710092.438976, sdrt-health/mac:02010b41cdec/antenna/tag/e28068940000400386621d4f, 96
1652710092.452672, sdrt-health/mac:02010b41cdec/antenna/tag/e28068940000400386621d4f, 96
1652710092.491488, sdrt-health/mac:02010b41cdec/antenna/tag/e28068940000400386621d4f, 96
1652710092.528931, sdrt-health/mac:02010b41cdec/antenna/tag/e2806894000040038661f94f, 83
1652710092.581865, sdrt-health/mac:02010b41cdec/antenna/tag/e2806894000050038662154f, 91
1652710092.646955, sdrt-health/mac:02010b41cdec/antenna/tag/e2806894000050038661fd4f, 83
1652710092.710011, sdrt-health/mac:02010b41cdec/antenna/tag/e2806894000040038661f94f, 81
1652710092.710229, sdrt-health/mac:02010b41cdec/antenna/tag/e2806894000050038662154f, 91
1652710092.729784, sdrt-health/mac:02010b41cdec/antenna/tag/e2806894000040038662114f, 91
1652710092.754112, sdrt-health/mac:02010b41cdec/antenna/tag/e2806894000050038661fd4f, 86
1652710092.842189, sdrt-health/mac:02010b41cdec/antenna/tag/e2806894000050038662154f, 88
1652710092.842545, sdrt-health/mac:02010b41cdec/antenna/tag/e2806894000040038662114f, 88
1652710092.863833, sdrt-health/mac:02010b41cdec/antenna/tag/e28068940000400386621d4f, 96
1652710092.893148, sdrt-health/mac:02010b41cdec/antenna/tag/e2806894000040038662114f, 88
1652710092.89359, sdrt-health/mac:02010b41cdec/antenna/tag/e2806894000040038662114f, 91
1652710092.893974, sdrt-health/mac:02010b41cdec/antenna/tag/e2806894000050038661fd4f, 83
1652710092.894339, sdrt-health/mac:02010b41cdec/antenna/tag/e2806894000040038662114f, 91
1652710092.913396, sdrt-health/mac:02010b41cdec/antenna/tag/e2806894000040038662214f, 94
1652710092.98053, sdrt-health/mac:02010b41cdec/antenna/tag/e2806894000050038662194f, 81
1652710092.980894, sdrt-health/mac:02010b41cdec/antenna/tag/e2806894000040038662114f, 88
1652710093.050095, sdrt-health/mac:02010b41cdec/antenna/tag/e2806894000040038662114f, 91
1652710093.105479, sdrt-health/mac:02010b41cdec/antenna/tag/e2806894000050038661fd4f, 83
1652710093.173488, sdrt-health/mac:02010b41cdec/antenna/tag/e2806894000040038662054f, 81
1652710093.246617, sdrt-health/mac:02010b41cdec/antenna/tag/e2806894000050038662154f, 88
1652710093.247101, sdrt-health/mac:02010b41cdec/antenna/tag/e2806894000050038662194f, 81
1652710093.286835, sdrt-health/mac:02010b41cdec/antenna/tag/e2806894000050038662194f, 81
1652710093.329233, sdrt-health/mac:02010b41cdec/antenna/tag/e2806894000050038662154f, 91
1652710093.388751, sdrt-health/mac:02010b41cdec/antenna/tag/e2806894000040038662114f, 97
1652710093.388983, sdrt-health/mac:02010b41cdec/antenna/tag/e2806894000040038661f94f, 88
1652710093.419377, sdrt-health/mac:02010b41cdec/antenna/tag/e2806894000040038662114f, 88
1652710093.500684, sdrt-health/mac:02010b41cdec/antenna/tag/e2806894000040038661f94f, 88
1652710093.501061, sdrt-health/mac:02010b41cdec/antenna/tag/e2806894000050038662194f, 94
1652710093.515473, sdrt-health/mac:02010b41cdec/antenna/tag/e2806894000050038662154f, 88
1652710093.515882, sdrt-health/mac:02010b41cdec/antenna/tag/e2806894000050038661fd4f, 86
1652710093.548069, sdrt-health/mac:02010b41cdec/antenna/tag/e2806894000040038662114f, 91
1652710093.577445, sdrt-health/mac:02010b41cdec/antenna/tag/e28068940000400386621d4f, 77
1652710093.577886, sdrt-health/mac:02010b41cdec/antenna/tag/e2806894000050038661fd4f, 86
1652710093.640782, sdrt-health/mac:02010b41cdec/antenna/tag/e2806894000040038662114f, 91
1652710093.689314, sdrt-health/mac:02010b41cdec/antenna/tag/e2806894000050038661fd4f, 83
1652710093.753885, sdrt-health/mac:02010b41cdec/antenna/tag/e2806894000050038662154f, 91
1652710093.754285, sdrt-health/mac:02010b41cdec/antenna/tag/e2806894000050038661fd4f, 83
1652710093.769258, sdrt-health/mac:02010b41cdec/antenna/tag/e2806894000050038662154f, 97
1652710093.788903, sdrt-health/mac:02010b41cdec/antenna/tag/e2806894000050038661fd4f, 83
1652710093.841032, sdrt-health/mac:02010b41cdec/antenna/tag/e2806894000040038662214f, 81
1652710093.841444, sdrt-health/mac:02010b41cdec/antenna/tag/e28068940000400386621d4f, 96
1652710093.868311, sdrt-health/mac:02010b41cdec/antenna/tag/e2806894000050038662154f, 91
1652710093.976231, sdrt-health/mac:02010b41cdec/antenna/tag/e2806894000050038662194f, 83
1652710093.976619, sdrt-health/mac:02010b41cdec/antenna/tag/e2806894000050038661fd4f, 86
1652710093.990644, sdrt-health/mac:02010b41cdec/antenna/tag/e2806894000050038662154f, 91
1652710093.991057, sdrt-health/mac:02010b41cdec/antenna/tag/e28068940000400386621d4f, 96
1652710093.991456, sdrt-health/mac:02010b41cdec/antenna/tag/e2806894000050038661fd4f, 86
1652710094.03461, sdrt-health/mac:02010b41cdec/antenna/tag/e2806894000050038662194f, 81
1652710094.092025, sdrt-health/mac:02010b41cdec/antenna/tag/e2806894000040038661f94f, 84
1652710094.257504, sdrt-health/mac:02010b41cdec/antenna/tag/e2806894000050038662154f, 97
1652710094.316829, sdrt-health/mac:02010b41cdec/antenna/tag/e28068940000400386621d4f, 96
1652710094.348058, sdrt-health/mac:02010b41cdec/antenna/tag/e2806894000050038662194f, 93
1652710094.348457, sdrt-health/mac:02010b41cdec/antenna/tag/e2806894000050038661fd4f, 86
1652710094.348859, sdrt-health/mac:02010b41cdec/antenna/tag/e28068940000400386621d4f, 96
1652710094.371338, sdrt-health/mac:02010b41cdec/antenna/tag/e2806894000040038662114f, 91
1652710094.399024, sdrt-health/mac:02010b41cdec/antenna/tag/e2806894000050038662154f, 85
1652710094.399455, sdrt-health/mac:02010b41cdec/antenna/tag/e2806894000050038662154f, 88
1652710094.399721, sdrt-health/mac:02010b41cdec/antenna/tag/e2806894000050038661fd4f, 83
1652710094.459829, sdrt-health/mac:02010b41cdec/antenna/tag/e28068940000400386621d4f, 96
1652710094.572183, sdrt-health/mac:02010b41cdec/antenna/tag/e2806894000050038661fd4f, 86
1652710094.572587, sdrt-health/mac:02010b41cdec/antenna/tag/e2806894000050038662154f, 91
1652710094.588156, sdrt-health/mac:02010b41cdec/antenna/tag/e28068940000400386621d4f, 96
1652710094.602188, sdrt-health/mac:02010b41cdec/antenna/tag/e2806894000050038661fd4f, 86
1652710094.603113, sdrt-health/mac:02010b41cdec/antenna/tag/e28068940000400386621d4f, 96
1652710094.603481, sdrt-health/mac:02010b41cdec/antenna/tag/e2806894000050038662154f, 88
1652710094.603884, sdrt-health/mac:02010b41cdec/antenna/tag/e28068940000400386621d4f, 90
1652710094.678479, sdrt-health/mac:02010b41cdec/antenna/tag/e2806894000050038661fd4f, 86
1652710094.731122, sdrt-health/mac:02010b41cdec/antenna/tag/e2806894000050038661fd4f, 83
1652710094.836776, sdrt-health/mac:02010b41cdec/antenna/tag/e2806894000050038662194f, 83
1652710094.837299, sdrt-health/mac:02010b41cdec/antenna/tag/e2806894000040038662114f, 88
1652710094.83758, sdrt-health/mac:02010b41cdec/antenna/tag/e2806894000040038661f94f, 84
1652710094.92965, sdrt-health/mac:02010b41cdec/antenna/tag/e2806894000050038661fd4f, 83
1652710094.992361, sdrt-health/mac:02010b41cdec/antenna/tag/e2806894000050038662194f, 81
1652710095.067302, sdrt-health/mac:02010b41cdec/antenna/tag/e2806894000050038662154f, 88
1652710095.06775, sdrt-health/mac:02010b41cdec/antenna/tag/e2806894000050038662154f, 97
1652710095.093076, sdrt-health/mac:02010b41cdec/antenna/tag/e2806894000050038662154f, 88
1652710095.122817, sdrt-health/mac:02010b41cdec/antenna/tag/e2806894000040038661f94f, 94
1652710095.123231, sdrt-health/mac:02010b41cdec/antenna/tag/e2806894000040038662114f, 91
1652710095.151057, sdrt-health/mac:02010b41cdec/antenna/tag/e2806894000050038662194f, 81
1652710095.227769, sdrt-health/mac:02010b41cdec/antenna/tag/e2806894000040038662114f, 88
1652710095.228171, sdrt-health/mac:02010b41cdec/antenna/tag/e2806894000050038662194f, 83
1652710095.243116, sdrt-health/mac:02010b41cdec/antenna/tag/e2806894000050038661fd4f, 86
1652710095.295801, sdrt-health/mac:02010b41cdec/antenna/tag/e2806894000050038661fd4f, 90
1652710095.350959, sdrt-health/mac:02010b41cdec/antenna/tag/e2806894000050038662154f, 88
1652710095.351335, sdrt-health/mac:02010b41cdec/antenna/tag/e2806894000050038662194f, 81
1652710095.364772, sdrt-health/mac:02010b41cdec/antenna/tag/e2806894000050038661fd4f, 86
1652710095.365163, sdrt-health/mac:02010b41cdec/antenna/tag/e2806894000050038661fd4f, 86
1652710095.365559, sdrt-health/mac:02010b41cdec/antenna/tag/e2806894000050038662194f, 83
1652710095.407662, sdrt-health/mac:02010b41cdec/antenna/tag/e2806894000040038662114f, 91
1652710095.477284, sdrt-health/mac:02010b41cdec/antenna/tag/e28068940000400386621d4f, 77
1652710095.477645, sdrt-health/mac:02010b41cdec/antenna/tag/e2806894000050038661fd4f, 83
1652710095.47816, sdrt-health/mac:02010b41cdec/antenna/tag/e28068940000400386621d4f, 96
1652710095.50608, sdrt-health/mac:02010b41cdec/antenna/tag/e2806894000050038662194f, 83
1652710095.582362, sdrt-health/mac:02010b41cdec/antenna/tag/e2806894000040038662114f, 97
1652710095.582745, sdrt-health/mac:02010b41cdec/antenna/tag/e2806894000050038662194f, 83
1652710095.598713, sdrt-health/mac:02010b41cdec/antenna/tag/e2806894000050038661fd4f, 90
1652710095.622871, sdrt-health/mac:02010b41cdec/antenna/tag/e2806894000050038661fd4f, 83
1652710095.685714, sdrt-health/mac:02010b41cdec/antenna/tag/e28068940000400386621d4f, 96
1652710095.686105, sdrt-health/mac:02010b41cdec/antenna/tag/e2806894000040038662114f, 91
1652710095.699532, sdrt-health/mac:02010b41cdec/antenna/tag/e2806894000040038661f94f, 94
1652710095.728124, sdrt-health/mac:02010b41cdec/antenna/tag/e2806894000040038662114f, 91
1652710095.728405, sdrt-health/mac:02010b41cdec/antenna/tag/e2806894000050038662194f, 83
1652710095.765861, sdrt-health/mac:02010b41cdec/antenna/tag/e2806894000040038662114f, 91
1652710095.839989, sdrt-health/mac:02010b41cdec/antenna/tag/e2806894000040038662114f, 91
1652710095.840427, sdrt-health/mac:02010b41cdec/antenna/tag/e2806894000050038662194f, 83
1652710095.855731, sdrt-health/mac:02010b41cdec/antenna/tag/e2806894000050038662154f, 85
1652710095.879027, sdrt-health/mac:02010b41cdec/antenna/tag/e2806894000050038662154f, 85
1652710095.911633, sdrt-health/mac:02010b41cdec/antenna/tag/e2806894000050038662154f, 88
1652710095.992217, sdrt-health/mac:02010b41cdec/antenna/tag/e2806894000040038662114f, 88
1652710095.992644, sdrt-health/mac:02010b41cdec/antenna/tag/e2806894000050038662194f, 88
1652710096.033506, sdrt-health/mac:02010b41cdec/antenna/tag/e2806894000040038661f94f, 84
1652710096.104411, sdrt-health/mac:02010b41cdec/antenna/tag/e28068940000400386621d4f, 77
1652710096.104838, sdrt-health/mac:02010b41cdec/antenna/tag/e2806894000040038662214f, 94
1652710096.140635, sdrt-health/mac:02010b41cdec/antenna/tag/e2806894000040038662114f, 91
1652710096.212339, sdrt-health/mac:02010b41cdec/antenna/tag/e2806894000040038662114f, 91
1652710096.21275, sdrt-health/mac:02010b41cdec/antenna/tag/e2806894000050038661fd4f, 83
1652710096.250786, sdrt-health/mac:02010b41cdec/antenna/tag/e28068940000400386621d4f, 77
1652710096.290827, sdrt-health/mac:02010b41cdec/antenna/tag/e2806894000050038661fd4f, 86
1652710096.32089, sdrt-health/mac:02010b41cdec/antenna/tag/e2806894000040038662214f, 88
1652710096.321296, sdrt-health/mac:02010b41cdec/antenna/tag/e2806894000050038662194f, 83
1652710096.355755, sdrt-health/mac:02010b41cdec/antenna/tag/e2806894000050038662194f, 87
1652710096.415048, sdrt-health/mac:02010b41cdec/antenna/tag/e2806894000050038662194f, 81
1652710096.415334, sdrt-health/mac:02010b41cdec/antenna/tag/e2806894000040038662114f, 91
1652710096.467735, sdrt-health/mac:02010b41cdec/antenna/tag/e28068940000400386621d4f, 96
1652710096.521118, sdrt-health/mac:02010b41cdec/antenna/tag/e2806894000040038662214f, 84
1652710096.551977, sdrt-health/mac:02010b41cdec/antenna/tag/e28068940000400386621d4f, 77
1652710096.552248, sdrt-health/mac:02010b41cdec/antenna/tag/e2806894000050038661fd4f, 83
1652710096.552421, sdrt-health/mac:02010b41cdec/antenna/tag/e2806894000050038662154f, 93
1652710096.585656, sdrt-health/mac:02010b41cdec/antenna/tag/e2806894000040038662114f, 88
1652710096.645089, sdrt-health/mac:02010b41cdec/antenna/tag/e2806894000050038662154f, 85
1652710096.645462, sdrt-health/mac:02010b41cdec/antenna/tag/e2806894000040038662054f, 84
1652710096.66095, sdrt-health/mac:02010b41cdec/antenna/tag/e28068940000400386621d4f, 96
1652710096.667323, sdrt-health/mac:02010b41cdec/antenna/tag/e2806894000050038662154f, 88
1652710096.678722, sdrt-health/mac:02010b41cdec/antenna/tag/e28068940000400386621d4f, 90
1652710096.757426, sdrt-health/mac:02010b41cdec/antenna/tag/e28068940000400386621d4f, 90
1652710096.810603, sdrt-health/mac:02010b41cdec/antenna/tag/e2806894000040038662114f, 97
1652710096.865283, sdrt-health/mac:02010b41cdec/antenna/tag/e2806894000050038662154f, 88
1652710096.86571, sdrt-health/mac:02010b41cdec/antenna/tag/e2806894000050038662194f, 83
1652710096.866008, sdrt-health/mac:02010b41cdec/antenna/tag/e2806894000050038661fd4f, 86
1652710096.879803, sdrt-health/mac:02010b41cdec/antenna/tag/e2806894000050038662154f, 88
1652710096.895949, sdrt-health/mac:02010b41cdec/antenna/tag/e2806894000050038662194f, 83
1652710096.953609, sdrt-health/mac:02010b41cdec/antenna/tag/e2806894000050038662194f, 87
1652710096.953947, sdrt-health/mac:02010b41cdec/antenna/tag/e28068940000400386621d4f, 77
1652710096.989357, sdrt-health/mac:02010b41cdec/antenna/tag/e2806894000050038662154f, 85
1652710097.056125, sdrt-health/mac:02010b41cdec/antenna/tag/e2806894000050038662154f, 91
1652710097.084124, sdrt-health/mac:02010b41cdec/antenna/tag/e28068940000400386621d4f, 96
1652710097.084522, sdrt-health/mac:02010b41cdec/antenna/tag/e2806894000040038662114f, 97
1652710097.099166, sdrt-health/mac:02010b41cdec/antenna/tag/e2806894000050038661fd4f, 86
1652710097.176167, sdrt-health/mac:02010b41cdec/antenna/tag/e28068940000400386621d4f, 90
1652710097.17659, sdrt-health/mac:02010b41cdec/antenna/tag/e2806894000040038662054f, 82
1652710097.190172, sdrt-health/mac:02010b41cdec/antenna/tag/e28068940000400386621d4f, 90
1652710097.273498, sdrt-health/mac:02010b41cdec/antenna/tag/e28068940000400386621d4f, 96
1652710097.273821, sdrt-health/mac:02010b41cdec/antenna/tag/e2806894000050038662194f, 81
1652710097.373982, sdrt-health/mac:02010b41cdec/antenna/tag/e28068940000400386621d4f, 96
1652710097.428459, sdrt-health/mac:02010b41cdec/antenna/tag/e2806894000050038661fd4f, 83
1652710097.428857, sdrt-health/mac:02010b41cdec/antenna/tag/e2806894000040038662114f, 88
1652710097.429156, sdrt-health/mac:02010b41cdec/antenna/tag/e2806894000050038662154f, 85
1652710097.442267, sdrt-health/mac:02010b41cdec/antenna/tag/e2806894000050038662194f, 94
1652710097.442493, sdrt-health/mac:02010b41cdec/antenna/tag/e2806894000040038661f94f, 88
1652710097.4893, sdrt-health/mac:02010b41cdec/antenna/tag/e2806894000050038662154f, 88
1652710097.526695, sdrt-health/mac:02010b41cdec/antenna/tag/e28068940000400386621d4f, 96
1652710097.526922, sdrt-health/mac:02010b41cdec/antenna/tag/e2806894000050038662154f, 88
1652710097.527045, sdrt-health/mac:02010b41cdec/antenna/tag/e2806894000040038661f94f, 81
1652710097.551417, sdrt-health/mac:02010b41cdec/antenna/tag/e2806894000040038662114f, 91
1652710097.552153, sdrt-health/mac:02010b41cdec/antenna/tag/e2806894000050038662194f, 87
1652710097.577919, sdrt-health/mac:02010b41cdec/antenna/tag/e28068940000400386621d4f, 77
1652710097.608699, sdrt-health/mac:02010b41cdec/antenna/tag/e2806894000050038662154f, 85
1652710097.638423, sdrt-health/mac:02010b41cdec/antenna/tag/e2806894000040038662114f, 91
1652710097.638711, sdrt-health/mac:02010b41cdec/antenna/tag/e2806894000050038661fd4f, 83
1652710097.656209, sdrt-health/mac:02010b41cdec/antenna/tag/e2806894000040038662114f, 88
1652710097.656665, sdrt-health/mac:02010b41cdec/antenna/tag/e2806894000040038662114f, 85
1652710097.710988, sdrt-health/mac:02010b41cdec/antenna/tag/e2806894000050038661fd4f, 86
1652710097.749744, sdrt-health/mac:02010b41cdec/antenna/tag/e2806894000040038662114f, 85
1652710097.81324, sdrt-health/mac:02010b41cdec/antenna/tag/e2806894000050038662154f, 97
1652710097.813598, sdrt-health/mac:02010b41cdec/antenna/tag/e2806894000050038662154f, 88
1652710097.829422, sdrt-health/mac:02010b41cdec/antenna/tag/e2806894000040038662114f, 91
1652710097.850325, sdrt-health/mac:02010b41cdec/antenna/tag/e2806894000040038662214f, 82
1652710097.86787, sdrt-health/mac:02010b41cdec/antenna/tag/e2806894000040038662114f, 88
1652710097.890124, sdrt-health/mac:02010b41cdec/antenna/tag/e2806894000050038661fd4f, 83
1652710097.990438, sdrt-health/mac:02010b41cdec/antenna/tag/e2806894000040038662214f, 84
1652710097.990831, sdrt-health/mac:02010b41cdec/antenna/tag/e2806894000050038662194f, 94
1652710098.003645, sdrt-health/mac:02010b41cdec/antenna/tag/e2806894000040038662114f, 91
1652710098.039913, sdrt-health/mac:02010b41cdec/antenna/tag/e2806894000050038662194f, 87
1652710098.112538, sdrt-health/mac:02010b41cdec/antenna/tag/e2806894000050038662154f, 88
1652710098.112974, sdrt-health/mac:02010b41cdec/antenna/tag/e2806894000050038662154f, 91
1652710098.139116, sdrt-health/mac:02010b41cdec/antenna/tag/e2806894000050038662154f, 91
1652710098.139793, sdrt-health/mac:02010b41cdec/antenna/tag/e2806894000040038662114f, 91
1652710098.328663, sdrt-health/mac:02010b41cdec/antenna/tag/e28068940000400386621d4f, 96
1652710098.419532, sdrt-health/mac:02010b41cdec/antenna/tag/e2806894000050038662194f, 87
1652710098.4472, sdrt-health/mac:02010b41cdec/antenna/tag/e2806894000040038662114f, 91
1652710098.44762, sdrt-health/mac:02010b41cdec/antenna/tag/e2806894000050038662154f, 85
1652710098.447894, sdrt-health/mac:02010b41cdec/antenna/tag/e2806894000050038661fd4f, 90
1652710098.448193, sdrt-health/mac:02010b41cdec/antenna/tag/e2806894000040038662114f, 88
1652710098.471433, sdrt-health/mac:02010b41cdec/antenna/tag/e2806894000050038662154f, 88
1652710098.502725, sdrt-health/mac:02010b41cdec/antenna/tag/e28068940000400386621d4f, 96
1652710098.503165, sdrt-health/mac:02010b41cdec/antenna/tag/e2806894000050038661fd4f, 86
1652710098.503468, sdrt-health/mac:02010b41cdec/antenna/tag/e2806894000050038662194f, 83
1652710098.503723, sdrt-health/mac:02010b41cdec/antenna/tag/e2806894000050038661fd4f, 83
1652710098.503983, sdrt-health/mac:02010b41cdec/antenna/tag/e28068940000400386621d4f, 77
1652710098.504433, sdrt-health/mac:02010b41cdec/antenna/tag/e28068940000400386621d4f, 96
1652710098.504956, sdrt-health/mac:02010b41cdec/antenna/tag/e2806894000050038662154f, 88
1652710098.530282, sdrt-health/mac:02010b41cdec/antenna/tag/e2806894000050038661fd4f, 83
1652710098.632459, sdrt-health/mac:02010b41cdec/antenna/tag/e2806894000050038662194f, 81
1652710098.632734, sdrt-health/mac:02010b41cdec/antenna/tag/e2806894000050038662154f, 83
1652710098.693255, sdrt-health/mac:02010b41cdec/antenna/tag/e2806894000050038661fd4f, 86
1652710098.779251, sdrt-health/mac:02010b41cdec/antenna/tag/e2806894000050038662154f, 97
1652710098.779647, sdrt-health/mac:02010b41cdec/antenna/tag/e2806894000050038662154f, 97
1652710098.795465, sdrt-health/mac:02010b41cdec/antenna/tag/e2806894000040038662114f, 91
1652710098.795895, sdrt-health/mac:02010b41cdec/antenna/tag/e2806894000050038661fd4f, 83
1652710098.796308, sdrt-health/mac:02010b41cdec/antenna/tag/e2806894000050038662194f, 81
1652710098.82485, sdrt-health/mac:02010b41cdec/antenna/tag/e2806894000050038662154f, 91
1652710098.900562, sdrt-health/mac:02010b41cdec/antenna/tag/e28068940000400386621d4f, 96
1652710098.900949, sdrt-health/mac:02010b41cdec/antenna/tag/e28068940000400386621d4f, 96
1652710098.954251, sdrt-health/mac:02010b41cdec/antenna/tag/e2806894000040038662114f, 88
1652710099.02409, sdrt-health/mac:02010b41cdec/antenna/tag/e2806894000050038662154f, 88
1652710099.024537, sdrt-health/mac:02010b41cdec/antenna/tag/e2806894000050038662154f, 88
1652710099.039126, sdrt-health/mac:02010b41cdec/antenna/tag/e2806894000050038661fd4f, 86
1652710099.039538, sdrt-health/mac:02010b41cdec/antenna/tag/e28068940000400386621d4f, 96
1652710099.078632, sdrt-health/mac:02010b41cdec/antenna/tag/e2806894000050038661fd4f, 90
1652710099.17342, sdrt-health/mac:02010b41cdec/antenna/tag/e28068940000400386621d4f, 96
1652710099.173656, sdrt-health/mac:02010b41cdec/antenna/tag/e28068940000500386620d4f, 84
1652710099.188059, sdrt-health/mac:02010b41cdec/antenna/tag/e2806894000040038661f94f, 94
1652710099.188373, sdrt-health/mac:02010b41cdec/antenna/tag/e2806894000050038662154f, 88
1652710099.226799, sdrt-health/mac:02010b41cdec/antenna/tag/e2806894000040038661f94f, 84
1652710099.315423, sdrt-health/mac:02010b41cdec/antenna/tag/e2806894000050038662194f, 82
1652710099.315906, sdrt-health/mac:02010b41cdec/antenna/tag/e28068940000400386621d4f, 96
1652710099.329728, sdrt-health/mac:02010b41cdec/antenna/tag/e2806894000050038661fd4f, 83
1652710099.330169, sdrt-health/mac:02010b41cdec/antenna/tag/e28068940000400386621d4f, 96
1652710099.3305, sdrt-health/mac:02010b41cdec/antenna/tag/e2806894000050038661fd4f, 83
1652710099.349435, sdrt-health/mac:02010b41cdec/antenna/tag/e28068940000400386621d4f, 96
1652710099.404321, sdrt-health/mac:02010b41cdec/antenna/tag/e28068940000400386621d4f, 77
1652710099.404693, sdrt-health/mac:02010b41cdec/antenna/tag/e2806894000040038662214f, 81
1652710099.418259, sdrt-health/mac:02010b41cdec/antenna/tag/e2806894000040038662214f, 81
1652710099.473862, sdrt-health/mac:02010b41cdec/antenna/tag/e2806894000050038662154f, 91
1652710099.527504, sdrt-health/mac:02010b41cdec/antenna/tag/e28068940000400386621d4f, 96
1652710099.699817, sdrt-health/mac:02010b41cdec/antenna/tag/e2806894000050038662154f, 91
1652710099.700579, sdrt-health/mac:02010b41cdec/antenna/tag/e28068940000400386621d4f, 96
1652710099.775244, sdrt-health/mac:02010b41cdec/antenna/tag/e2806894000050038661fd4f, 90
1652710099.805139, sdrt-health/mac:02010b41cdec/antenna/tag/e2806894000050038662154f, 88
1652710099.805515, sdrt-health/mac:02010b41cdec/antenna/tag/e2806894000050038662194f, 81
1652710099.805838, sdrt-health/mac:02010b41cdec/antenna/tag/e28068940000400386621d4f, 90
1652710099.909588, sdrt-health/mac:02010b41cdec/antenna/tag/e2806894000050038662194f, 83
1652710099.938563, sdrt-health/mac:02010b41cdec/antenna/tag/e28068940000400386621d4f, 90
1652710099.938936, sdrt-health/mac:02010b41cdec/antenna/tag/e2806894000040038662114f, 97
1652710099.939194, sdrt-health/mac:02010b41cdec/antenna/tag/e2806894000050038661fd4f, 86
1652710099.965268, sdrt-health/mac:02010b41cdec/antenna/tag/e2806894000050038661fd4f, 83
1652710099.994044, sdrt-health/mac:02010b41cdec/antenna/tag/e2806894000040038662114f, 88
1652710099.994461, sdrt-health/mac:02010b41cdec/antenna/tag/e2806894000040038662214f, 81
1652710099.994808, sdrt-health/mac:02010b41cdec/antenna/tag/e2806894000040038661f94f, 81
1652710100.009041, sdrt-health/mac:02010b41cdec/antenna/tag/e2806894000040038662114f, 88
1652710100.06626, sdrt-health/mac:02010b41cdec/antenna/tag/e2806894000050038661fd4f, 86
1652710100.148753, sdrt-health/mac:02010b41cdec/antenna/tag/e2806894000050038662154f, 91
1652710100.148981, sdrt-health/mac:02010b41cdec/antenna/tag/e2806894000050038662194f, 87
1652710100.20539, sdrt-health/mac:02010b41cdec/antenna/tag/e2806894000050038661fd4f, 86
1652710100.253573, sdrt-health/mac:02010b41cdec/antenna/tag/e2806894000050038661fd4f, 86
1652710100.306608, sdrt-health/mac:02010b41cdec/antenna/tag/e2806894000050038662154f, 88
1652710100.365246, sdrt-health/mac:02010b41cdec/antenna/tag/e2806894000040038662214f, 88
1652710100.36544, sdrt-health/mac:02010b41cdec/antenna/tag/e2806894000040038662114f, 88
1652710100.379206, sdrt-health/mac:02010b41cdec/antenna/tag/e28068940000400386621d4f, 77
1652710100.422697, sdrt-health/mac:02010b41cdec/antenna/tag/e2806894000040038661f94f, 82
1652710100.423047, sdrt-health/mac:02010b41cdec/antenna/tag/e2806894000050038662154f, 91
1652710100.445047, sdrt-health/mac:02010b41cdec/antenna/tag/e2806894000050038662194f, 83
1652710100.472606, sdrt-health/mac:02010b41cdec/antenna/tag/e2806894000050038661fd4f, 86
1652710100.472843, sdrt-health/mac:02010b41cdec/antenna/tag/e28068940000400386621d4f, 96
1652710100.494375, sdrt-health/mac:02010b41cdec/antenna/tag/e2806894000050038662154f, 88
1652710100.540964, sdrt-health/mac:02010b41cdec/antenna/tag/e2806894000040038662114f, 88
1652710100.609319, sdrt-health/mac:02010b41cdec/antenna/tag/e2806894000050038662154f, 88
1652710100.60974, sdrt-health/mac:02010b41cdec/antenna/tag/e28068940000400386621d4f, 96
1652710100.626834, sdrt-health/mac:02010b41cdec/antenna/tag/e2806894000050038662194f, 81
1652710100.656335, sdrt-health/mac:02010b41cdec/antenna/tag/e2806894000040038662114f, 88
1652710100.712757, sdrt-health/mac:02010b41cdec/antenna/tag/e2806894000040038661f94f, 84
1652710100.713246, sdrt-health/mac:02010b41cdec/antenna/tag/e2806894000050038661fd4f, 86
1652710100.819905, sdrt-health/mac:02010b41cdec/antenna/tag/e2806894000050038662194f, 94
1652710100.915027, sdrt-health/mac:02010b41cdec/antenna/tag/e2806894000050038661fd4f, 86
1652710100.915402, sdrt-health/mac:02010b41cdec/antenna/tag/e2806894000050038662154f, 85
1652710100.940135, sdrt-health/mac:02010b41cdec/antenna/tag/e2806894000040038662214f, 84
1652710100.940343, sdrt-health/mac:02010b41cdec/antenna/tag/e2806894000040038662214f, 84
1652710100.940458, sdrt-health/mac:02010b41cdec/antenna/tag/e2806894000050038662154f, 88
1652710100.940577, sdrt-health/mac:02010b41cdec/antenna/tag/e2806894000050038662154f, 85
1652710101.023365, sdrt-health/mac:02010b41cdec/antenna/tag/e2806894000050038662194f, 94
1652710101.064747, sdrt-health/mac:02010b41cdec/antenna/tag/e28068940000400386621d4f, 96
1652710101.065128, sdrt-health/mac:02010b41cdec/antenna/tag/e28068940000400386621d4f, 96
1652710101.06539, sdrt-health/mac:02010b41cdec/antenna/tag/e2806894000050038662194f, 83
1652710101.09427, sdrt-health/mac:02010b41cdec/antenna/tag/e2806894000050038661fd4f, 86
1652710101.127413, sdrt-health/mac:02010b41cdec/antenna/tag/e2806894000050038662194f, 83
1652710101.127928, sdrt-health/mac:02010b41cdec/antenna/tag/e28068940000400386621d4f, 96
1652710101.128215, sdrt-health/mac:02010b41cdec/antenna/tag/e2806894000050038662194f, 81
1652710101.128478, sdrt-health/mac:02010b41cdec/antenna/tag/e28068940000400386621d4f, 96
1652710101.128793, sdrt-health/mac:02010b41cdec/antenna/tag/e2806894000040038662114f, 91
1652710101.143359, sdrt-health/mac:02010b41cdec/antenna/tag/e2806894000040038662114f, 91
1652710101.229332, sdrt-health/mac:02010b41cdec/antenna/tag/e2806894000050038662194f, 81
1652710101.269759, sdrt-health/mac:02010b41cdec/antenna/tag/e2806894000040038662114f, 85
1652710101.320745, sdrt-health/mac:02010b41cdec/antenna/tag/e2806894000040038662114f, 88
1652710101.37102, sdrt-health/mac:02010b41cdec/antenna/tag/e28068940000400386621d4f, 77
1652710101.434195, sdrt-health/mac:02010b41cdec/antenna/tag/e2806894000040038661f94f, 84
1652710101.434577, sdrt-health/mac:02010b41cdec/antenna/tag/e2806894000040038662114f, 91
1652710101.484272, sdrt-health/mac:02010b41cdec/antenna/tag/e2806894000050038662154f, 91
1652710101.536387, sdrt-health/mac:02010b41cdec/antenna/tag/e2806894000050038662154f, 91
1652710101.537184, sdrt-health/mac:02010b41cdec/antenna/tag/e2806894000050038662194f, 83
1652710101.590644, sdrt-health/mac:02010b41cdec/antenna/tag/e2806894000050038662154f, 88
1652710101.619851, sdrt-health/mac:02010b41cdec/antenna/tag/e2806894000050038662194f, 81
1652710101.620135, sdrt-health/mac:02010b41cdec/antenna/tag/e2806894000050038662154f, 91
1652710101.637436, sdrt-health/mac:02010b41cdec/antenna/tag/e28068940000400386621d4f, 96
1652710101.638062, sdrt-health/mac:02010b41cdec/antenna/tag/e2806894000040038661f94f, 81
1652710101.685987, sdrt-health/mac:02010b41cdec/antenna/tag/e2806894000050038662194f, 83
1652710101.856864, sdrt-health/mac:02010b41cdec/antenna/tag/e2806894000050038662194f, 81
1652710101.910158, sdrt-health/mac:02010b41cdec/antenna/tag/e2806894000050038662154f, 85
1652710101.974539, sdrt-health/mac:02010b41cdec/antenna/tag/e2806894000050038662154f, 85
1652710101.974924, sdrt-health/mac:02010b41cdec/antenna/tag/e2806894000050038661fd4f, 86
1652710102.012843, sdrt-health/mac:02010b41cdec/antenna/tag/e2806894000040038662114f, 91
1652710102.076793, sdrt-health/mac:02010b41cdec/antenna/tag/e28068940000400386621d4f, 96
1652710102.077206, sdrt-health/mac:02010b41cdec/antenna/tag/e2806894000040038662114f, 88
1652710102.124555, sdrt-health/mac:02010b41cdec/antenna/tag/e2806894000050038661fd4f, 86
1652710102.125113, sdrt-health/mac:02010b41cdec/antenna/tag/e2806894000050038662154f, 88
1652710102.14049, sdrt-health/mac:02010b41cdec/antenna/tag/e2806894000050038662154f, 88
1652710102.177015, sdrt-health/mac:02010b41cdec/antenna/tag/e2806894000050038662194f, 88
1652710102.255708, sdrt-health/mac:02010b41cdec/antenna/tag/e2806894000040038662114f, 88
1652710102.256134, sdrt-health/mac:02010b41cdec/antenna/tag/e2806894000050038662154f, 88
1652710102.285879, sdrt-health/mac:02010b41cdec/antenna/tag/e28068940000400386621d4f, 96
1652710102.325525, sdrt-health/mac:02010b41cdec/antenna/tag/e2806894000040038662114f, 88
1652710102.326006, sdrt-health/mac:02010b41cdec/antenna/tag/e2806894000050038662154f, 88
1652710102.344209, sdrt-health/mac:02010b41cdec/antenna/tag/e2806894000050038661fd4f, 86
1652710102.599191, sdrt-health/mac:02010b41cdec/antenna/tag/e2806894000050038662154f, 87
1652710102.627914, sdrt-health/mac:02010b41cdec/antenna/tag/e2806894000050038661fd4f, 86
1652710102.628332, sdrt-health/mac:02010b41cdec/antenna/tag/e28068940000400386621d4f, 96
1652710102.628576, sdrt-health/mac:02010b41cdec/antenna/tag/e2806894000050038662154f, 97
1652710102.628768, sdrt-health/mac:02010b41cdec/antenna/tag/e2806894000040038662114f, 91
1652710102.698061, sdrt-health/mac:02010b41cdec/antenna/tag/e28068940000400386621d4f, 96
1652710102.732097, sdrt-health/mac:02010b41cdec/antenna/tag/e2806894000040038662114f, 88
1652710102.732504, sdrt-health/mac:02010b41cdec/antenna/tag/e2806894000050038662154f, 88
1652710102.732794, sdrt-health/mac:02010b41cdec/antenna/tag/e2806894000050038662154f, 85
1652710102.733084, sdrt-health/mac:02010b41cdec/antenna/tag/e2806894000040038662214f, 81
1652710102.733417, sdrt-health/mac:02010b41cdec/antenna/tag/e2806894000050038662154f, 85
1652710102.733779, sdrt-health/mac:02010b41cdec/antenna/tag/e2806894000050038662194f, 81
1652710102.869113, sdrt-health/mac:02010b41cdec/antenna/tag/e28068940000400386621d4f, 77
1652710102.907163, sdrt-health/mac:02010b41cdec/antenna/tag/e2806894000040038662114f, 91
1652710102.90739, sdrt-health/mac:02010b41cdec/antenna/tag/e2806894000050038661fd4f, 86
1652710102.907512, sdrt-health/mac:02010b41cdec/antenna/tag/e2806894000050038662194f, 81
1652710102.907635, sdrt-health/mac:02010b41cdec/antenna/tag/e2806894000040038662114f, 91
1652710102.907745, sdrt-health/mac:02010b41cdec/antenna/tag/e2806894000040038662214f, 83
1652710102.933093, sdrt-health/mac:02010b41cdec/antenna/tag/e28068940000400386621d4f, 96
1652710103.017893, sdrt-health/mac:02010b41cdec/antenna/tag/e2806894000050038661fd4f, 83
1652710103.018135, sdrt-health/mac:02010b41cdec/antenna/tag/e2806894000050038662194f, 94
1652710103.093137, sdrt-health/mac:02010b41cdec/antenna/tag/e2806894000050038662154f, 85
1652710103.130099, sdrt-health/mac:02010b41cdec/antenna/tag/e2806894000050038661fd4f, 86
1652710103.130382, sdrt-health/mac:02010b41cdec/antenna/tag/e2806894000050038662194f, 81
1652710103.130505, sdrt-health/mac:02010b41cdec/antenna/tag/e2806894000050038662154f, 88
1652710103.152529, sdrt-health/mac:02010b41cdec/antenna/tag/e2806894000050038661fd4f, 86
1652710103.222684, sdrt-health/mac:02010b41cdec/antenna/tag/e28068940000400386621d4f, 96
1652710103.254393, sdrt-health/mac:02010b41cdec/antenna/tag/e28068940000400386621d4f, 96
1652710103.254749, sdrt-health/mac:02010b41cdec/antenna/tag/e2806894000050038662194f, 81
1652710103.255022, sdrt-health/mac:02010b41cdec/antenna/tag/e2806894000050038661fd4f, 86
1652710103.255329, sdrt-health/mac:02010b41cdec/antenna/tag/e2806894000050038661fd4f, 86
1652710103.270382, sdrt-health/mac:02010b41cdec/antenna/tag/e2806894000050038661fd4f, 86
1652710103.310841, sdrt-health/mac:02010b41cdec/antenna/tag/e2806894000050038661fd4f, 86
1652710103.311276, sdrt-health/mac:02010b41cdec/antenna/tag/e2806894000050038662154f, 91
1652710103.326417, sdrt-health/mac:02010b41cdec/antenna/tag/e2806894000040038662114f, 91
1652710103.326821, sdrt-health/mac:02010b41cdec/antenna/tag/e2806894000050038662194f, 83
1652710103.369492, sdrt-health/mac:02010b41cdec/antenna/tag/e2806894000040038662114f, 88
1652710103.409281, sdrt-health/mac:02010b41cdec/antenna/tag/e28068940000400386621d4f, 77
1652710103.473899, sdrt-health/mac:02010b41cdec/antenna/tag/e2806894000050038662154f, 85
1652710103.474262, sdrt-health/mac:02010b41cdec/antenna/tag/e2806894000050038662154f, 88
1652710103.488821, sdrt-health/mac:02010b41cdec/antenna/tag/e2806894000050038661fd4f, 83
1652710103.726979, sdrt-health/mac:02010b41cdec/antenna/tag/e2806894000050038661fd4f, 90
1652710103.838518, sdrt-health/mac:02010b41cdec/antenna/tag/e2806894000050038662154f, 91
1652710103.899064, sdrt-health/mac:02010b41cdec/antenna/tag/e2806894000050038661fd4f, 86
1652710103.899528, sdrt-health/mac:02010b41cdec/antenna/tag/e28068940000400386621d4f, 90
1652710103.899828, sdrt-health/mac:02010b41cdec/antenna/tag/e2806894000040038662114f, 91
1652710103.900104, sdrt-health/mac:02010b41cdec/antenna/tag/e2806894000050038662154f, 88
1652710103.900415, sdrt-health/mac:02010b41cdec/antenna/tag/e2806894000040038662054f, 81
1652710103.900697, sdrt-health/mac:02010b41cdec/antenna/tag/e2806894000050038662194f, 88
1652710103.900969, sdrt-health/mac:02010b41cdec/antenna/tag/e2806894000050038662154f, 88
1652710103.901279, sdrt-health/mac:02010b41cdec/antenna/tag/e2806894000040038662114f, 83
1652710103.901563, sdrt-health/mac:02010b41cdec/antenna/tag/e2806894000050038662154f, 88
1652710104.112242, sdrt-health/mac:02010b41cdec/antenna/tag/e28068940000500386620d4f, 82
1652710104.1125, sdrt-health/mac:02010b41cdec/antenna/tag/e2806894000040038662214f, 100
1652710104.132581, sdrt-health/mac:02010b41cdec/antenna/tag/e2806894000050038661fd4f, 83
1652710104.132809, sdrt-health/mac:02010b41cdec/antenna/tag/e28068940000400386621d4f, 96
1652710104.132996, sdrt-health/mac:02010b41cdec/antenna/tag/e2806894000050038662154f, 97
1652710104.230407, sdrt-health/mac:02010b41cdec/antenna/tag/e2806894000040038662114f, 88
1652710104.259054, sdrt-health/mac:02010b41cdec/antenna/tag/e2806894000050038662194f, 81
1652710104.259298, sdrt-health/mac:02010b41cdec/antenna/tag/e2806894000040038662114f, 88
1652710104.259443, sdrt-health/mac:02010b41cdec/antenna/tag/e2806894000050038661fd4f, 86
1652710104.259579, sdrt-health/mac:02010b41cdec/antenna/tag/e2806894000050038662194f, 83
1652710104.315874, sdrt-health/mac:02010b41cdec/antenna/tag/e2806894000050038662194f, 87
1652710104.344881, sdrt-health/mac:02010b41cdec/antenna/tag/e2806894000050038661fd4f, 83
1652710104.345173, sdrt-health/mac:02010b41cdec/antenna/tag/e2806894000050038662194f, 87
1652710104.345527, sdrt-health/mac:02010b41cdec/antenna/tag/e2806894000040038662114f, 91
1652710104.345708, sdrt-health/mac:02010b41cdec/antenna/tag/e28068940000400386621d4f, 77
1652710104.345891, sdrt-health/mac:02010b41cdec/antenna/tag/e2806894000050038662154f, 88
1652710104.346064, sdrt-health/mac:02010b41cdec/antenna/tag/e2806894000050038661fd4f, 86
1652710104.346249, sdrt-health/mac:02010b41cdec/antenna/tag/e28068940000400386621d4f, 96
1652710104.346419, sdrt-health/mac:02010b41cdec/antenna/tag/e28068940000400386621d4f, 96
1652710104.346608, sdrt-health/mac:02010b41cdec/antenna/tag/e2806894000050038662154f, 88
1652710104.347275, sdrt-health/mac:02010b41cdec/antenna/tag/e28068940000400386621d4f, 96
1652710104.385536, sdrt-health/mac:02010b41cdec/antenna/tag/e2806894000050038662154f, 88
1652710104.423255, sdrt-health/mac:02010b41cdec/antenna/tag/e2806894000040038662114f, 88
1652710104.423526, sdrt-health/mac:02010b41cdec/antenna/tag/e2806894000050038662194f, 85
1652710104.447565, sdrt-health/mac:02010b41cdec/antenna/tag/e28068940000400386621d4f, 96
1652710104.476449, sdrt-health/mac:02010b41cdec/antenna/tag/e2806894000050038662154f, 91
1652710104.476752, sdrt-health/mac:02010b41cdec/antenna/tag/e2806894000050038662194f, 81
1652710104.498396, sdrt-health/mac:02010b41cdec/antenna/tag/e2806894000050038661fd4f, 90
1652710104.550756, sdrt-health/mac:02010b41cdec/antenna/tag/e28068940000400386621d4f, 90
1652710104.616088, sdrt-health/mac:02010b41cdec/antenna/tag/e2806894000050038662194f, 93
1652710104.616444, sdrt-health/mac:02010b41cdec/antenna/tag/e28068940000400386621d4f, 90
1652710104.632877, sdrt-health/mac:02010b41cdec/antenna/tag/e2806894000050038662154f, 91
1652710104.70063, sdrt-health/mac:02010b41cdec/antenna/tag/e2806894000040038662114f, 97
1652710104.816117, sdrt-health/mac:02010b41cdec/antenna/tag/e2806894000050038661fd4f, 90
1652710104.893066, sdrt-health/mac:02010b41cdec/antenna/tag/e2806894000050038662194f, 87
1652710104.893387, sdrt-health/mac:02010b41cdec/antenna/tag/e2806894000050038662154f, 88
1652710104.908455, sdrt-health/mac:02010b41cdec/antenna/tag/e2806894000050038662154f, 88
1652710104.908751, sdrt-health/mac:02010b41cdec/antenna/tag/e2806894000040038662114f, 97
1652710104.909009, sdrt-health/mac:02010b41cdec/antenna/tag/e2806894000050038662154f, 97
1652710104.970951, sdrt-health/mac:02010b41cdec/antenna/tag/e2806894000050038661fd4f, 83
1652710104.999634, sdrt-health/mac:02010b41cdec/antenna/tag/e28068940000400386621d4f, 96
1652710105.000235, sdrt-health/mac:02010b41cdec/antenna/tag/e2806894000040038662114f, 91
1652710105.000631, sdrt-health/mac:02010b41cdec/antenna/tag/e28068940000400386621d4f, 77
1652710105.018892, sdrt-health/mac:02010b41cdec/antenna/tag/e2806894000050038662154f, 85
1652710105.083665, sdrt-health/mac:02010b41cdec/antenna/tag/e2806894000050038662154f, 91
1652710105.162032, sdrt-health/mac:02010b41cdec/antenna/tag/e2806894000050038661fd4f, 83
1652710105.162305, sdrt-health/mac:02010b41cdec/antenna/tag/e2806894000050038661fd4f, 86
1652710105.180151, sdrt-health/mac:02010b41cdec/antenna/tag/e2806894000050038662154f, 91
1652710105.191335, sdrt-health/mac:02010b41cdec/antenna/tag/e2806894000040038662114f, 85
1652710105.197345, sdrt-health/mac:02010b41cdec/antenna/tag/e28068940000400386621d4f, 96
1652710105.241904, sdrt-health/mac:02010b41cdec/antenna/tag/e28068940000400386621d4f, 96
1652710105.316109, sdrt-health/mac:02010b41cdec/antenna/tag/e2806894000050038662154f, 85
1652710105.316372, sdrt-health/mac:02010b41cdec/antenna/tag/e2806894000050038661fd4f, 90
1652710105.316498, sdrt-health/mac:02010b41cdec/antenna/tag/e2806894000040038662114f, 91
1652710105.329958, sdrt-health/mac:02010b41cdec/antenna/tag/e2806894000050038662194f, 93
1652710105.379612, sdrt-health/mac:02010b41cdec/antenna/tag/e2806894000050038662154f, 88
1652710105.442679, sdrt-health/mac:02010b41cdec/antenna/tag/e2806894000050038662154f, 88
1652710105.442903, sdrt-health/mac:02010b41cdec/antenna/tag/e2806894000050038661fd4f, 83
1652710105.443129, sdrt-health/mac:02010b41cdec/antenna/tag/e28068940000400386621d4f, 96
1652710105.468545, sdrt-health/mac:02010b41cdec/antenna/tag/e2806894000050038662154f, 88
1652710105.508769, sdrt-health/mac:02010b41cdec/antenna/tag/e2806894000040038661f94f, 81
1652710105.54868, sdrt-health/mac:02010b41cdec/antenna/tag/e2806894000050038662194f, 84
1652710105.59123, sdrt-health/mac:02010b41cdec/antenna/tag/e2806894000050038661fd4f, 86
1652710105.634933, sdrt-health/mac:02010b41cdec/antenna/tag/e2806894000040038662114f, 88
1652710105.63514, sdrt-health/mac:02010b41cdec/antenna/tag/e28068940000400386621d4f, 96
1652710105.662623, sdrt-health/mac:02010b41cdec/antenna/tag/e2806894000050038661fd4f, 86
1652710105.734068, sdrt-health/mac:02010b41cdec/antenna/tag/e2806894000050038662194f, 81
1652710105.762143, sdrt-health/mac:02010b41cdec/antenna/tag/e2806894000050038661fd4f, 86
1652710105.762347, sdrt-health/mac:02010b41cdec/antenna/tag/e2806894000040038662114f, 91
1652710105.762482, sdrt-health/mac:02010b41cdec/antenna/tag/e2806894000040038662114f, 91
1652710105.762608, sdrt-health/mac:02010b41cdec/antenna/tag/e2806894000050038661fd4f, 86
1652710105.806256, sdrt-health/mac:02010b41cdec/antenna/tag/e2806894000040038662114f, 91
1652710105.836084, sdrt-health/mac:02010b41cdec/antenna/tag/e28068940000400386621d4f, 96
1652710105.836312, sdrt-health/mac:02010b41cdec/antenna/tag/e2806894000040038661f94f, 88
1652710105.836462, sdrt-health/mac:02010b41cdec/antenna/tag/e28068940000400386621d4f, 96
1652710105.836589, sdrt-health/mac:02010b41cdec/antenna/tag/e2806894000050038661fd4f, 83
1652710105.861246, sdrt-health/mac:02010b41cdec/antenna/tag/e2806894000040038662214f, 88
1652710105.923856, sdrt-health/mac:02010b41cdec/antenna/tag/e2806894000050038662154f, 85
1652710105.924071, sdrt-health/mac:02010b41cdec/antenna/tag/e2806894000050038661fd4f, 86
1652710105.939228, sdrt-health/mac:02010b41cdec/antenna/tag/e2806894000050038662154f, 93
1652710106.006621, sdrt-health/mac:02010b41cdec/antenna/tag/e2806894000040038662114f, 91
1652710106.006835, sdrt-health/mac:02010b41cdec/antenna/tag/e2806894000050038661fd4f, 83
1652710106.039731, sdrt-health/mac:02010b41cdec/antenna/tag/e2806894000050038662154f, 88
1652710106.101466, sdrt-health/mac:02010b41cdec/antenna/tag/e2806894000050038661fd4f, 83
1652710106.101792, sdrt-health/mac:02010b41cdec/antenna/tag/e28068940000400386621d4f, 96
1652710106.125643, sdrt-health/mac:02010b41cdec/antenna/tag/e28068940000400386621d4f, 96
1652710106.198283, sdrt-health/mac:02010b41cdec/antenna/tag/e2806894000050038662154f, 88
1652710106.225564, sdrt-health/mac:02010b41cdec/antenna/tag/e2806894000050038661fd4f, 86
1652710106.225777, sdrt-health/mac:02010b41cdec/antenna/tag/e2806894000050038662194f, 87
1652710106.248626, sdrt-health/mac:02010b41cdec/antenna/tag/e2806894000050038662194f, 83
1652710106.295434, sdrt-health/mac:02010b41cdec/antenna/tag/e2806894000050038662154f, 88
1652710106.357027, sdrt-health/mac:02010b41cdec/antenna/tag/e2806894000050038661fd4f, 83
1652710106.406609, sdrt-health/mac:02010b41cdec/antenna/tag/e2806894000040038662114f, 88
1652710106.450594, sdrt-health/mac:02010b41cdec/antenna/tag/e2806894000050038661fd4f, 83
1652710106.517296, sdrt-health/mac:02010b41cdec/antenna/tag/e2806894000040038662214f, 81
1652710106.517524, sdrt-health/mac:02010b41cdec/antenna/tag/e2806894000050038662194f, 83
1652710106.530924, sdrt-health/mac:02010b41cdec/antenna/tag/e28068940000400386621d4f, 96
1652710106.544012, sdrt-health/mac:02010b41cdec/antenna/tag/e28068940000400386621d4f, 96
1652710106.544212, sdrt-health/mac:02010b41cdec/antenna/tag/e2806894000050038662154f, 97
1652710106.544362, sdrt-health/mac:02010b41cdec/antenna/tag/e2806894000050038661fd4f, 86
1652710106.5892, sdrt-health/mac:02010b41cdec/antenna/tag/e2806894000040038662114f, 88
1652710106.61636, sdrt-health/mac:02010b41cdec/antenna/tag/e28068940000400386621d4f, 77
1652710106.616588, sdrt-health/mac:02010b41cdec/antenna/tag/e2806894000050038661fd4f, 83
1652710106.646523, sdrt-health/mac:02010b41cdec/antenna/tag/e2806894000050038661fd4f, 86
1652710106.711233, sdrt-health/mac:02010b41cdec/antenna/tag/e2806894000040038662114f, 91
1652710106.711507, sdrt-health/mac:02010b41cdec/antenna/tag/e2806894000050038662154f, 91
1652710106.725267, sdrt-health/mac:02010b41cdec/antenna/tag/e2806894000050038662194f, 83
1652710106.757178, sdrt-health/mac:02010b41cdec/antenna/tag/e28068940000400386621d4f, 96
1652710106.757429, sdrt-health/mac:02010b41cdec/antenna/tag/e2806894000050038662194f, 81
1652710106.771234, sdrt-health/mac:02010b41cdec/antenna/tag/e2806894000040038661f94f, 94
1652710106.792258, sdrt-health/mac:02010b41cdec/antenna/tag/e2806894000040038661f94f, 84
1652710106.851113, sdrt-health/mac:02010b41cdec/antenna/tag/e2806894000050038661fd4f, 97
1652710106.851967, sdrt-health/mac:02010b41cdec/antenna/tag/e2806894000040038661f94f, 84
1652710106.886682, sdrt-health/mac:02010b41cdec/antenna/tag/e2806894000050038662154f, 88
1652710106.917237, sdrt-health/mac:02010b41cdec/antenna/tag/e2806894000040038662114f, 88
1652710106.938486, sdrt-health/mac:02010b41cdec/antenna/tag/e2806894000050038662154f, 88
1652710106.9814, sdrt-health/mac:02010b41cdec/antenna/tag/e2806894000050038661fd4f, 86
1652710107.040107, sdrt-health/mac:02010b41cdec/antenna/tag/e2806894000050038661fd4f, 90
1652710107.067175, sdrt-health/mac:02010b41cdec/antenna/tag/e28068940000400386621d4f, 96
1652710107.068265, sdrt-health/mac:02010b41cdec/antenna/tag/e28068940000400386621d4f, 96
1652710107.128035, sdrt-health/mac:02010b41cdec/antenna/tag/e2806894000050038661fd4f, 86
1652710107.184272, sdrt-health/mac:02010b41cdec/antenna/tag/e2806894000050038662194f, 83
1652710107.184477, sdrt-health/mac:02010b41cdec/antenna/tag/e2806894000050038662194f, 88
1652710107.198159, sdrt-health/mac:02010b41cdec/antenna/tag/e2806894000050038662194f, 88
1652710107.229022, sdrt-health/mac:02010b41cdec/antenna/tag/e2806894000050038662194f, 94
1652710107.256051, sdrt-health/mac:02010b41cdec/antenna/tag/e2806894000040038661f94f, 81
1652710107.256267, sdrt-health/mac:02010b41cdec/antenna/tag/e2806894000040038662114f, 83
1652710107.296629, sdrt-health/mac:02010b41cdec/antenna/tag/e2806894000050038661fd4f, 83
1652710107.354569, sdrt-health/mac:02010b41cdec/antenna/tag/e2806894000050038662194f, 81
1652710107.382612, sdrt-health/mac:02010b41cdec/antenna/tag/e2806894000050038661fd4f, 86
1652710107.382835, sdrt-health/mac:02010b41cdec/antenna/tag/e2806894000040038662114f, 88
1652710107.382976, sdrt-health/mac:02010b41cdec/antenna/tag/e2806894000040038662114f, 91
1652710107.383103, sdrt-health/mac:02010b41cdec/antenna/tag/e2806894000050038662154f, 85
1652710107.398574, sdrt-health/mac:02010b41cdec/antenna/tag/e28068940000400386621d4f, 96
1652710107.46297, sdrt-health/mac:02010b41cdec/antenna/tag/e28068940000400386621d4f, 96
1652710107.510262, sdrt-health/mac:02010b41cdec/antenna/tag/e2806894000050038662194f, 88
1652710107.537717, sdrt-health/mac:02010b41cdec/antenna/tag/e2806894000040038662114f, 97
1652710107.537926, sdrt-health/mac:02010b41cdec/antenna/tag/e2806894000050038662154f, 91
1652710107.561115, sdrt-health/mac:02010b41cdec/antenna/tag/e2806894000050038661fd4f, 86
1652710107.561319, sdrt-health/mac:02010b41cdec/antenna/tag/e28068940000400386621d4f, 90
1652710107.584567, sdrt-health/mac:02010b41cdec/antenna/tag/e2806894000040038662114f, 91
1652710107.67898, sdrt-health/mac:02010b41cdec/antenna/tag/e28068940000400386621d4f, 96
1652710107.679183, sdrt-health/mac:02010b41cdec/antenna/tag/e2806894000040038662114f, 88
1652710107.710088, sdrt-health/mac:02010b41cdec/antenna/tag/e2806894000040038662214f, 88
1652710107.828924, sdrt-health/mac:02010b41cdec/antenna/tag/e2806894000050038662194f, 88
1652710107.897491, sdrt-health/mac:02010b41cdec/antenna/tag/e2806894000050038661fd4f, 83
1652710107.96657, sdrt-health/mac:02010b41cdec/antenna/tag/e2806894000040038662114f, 88
1652710107.96679, sdrt-health/mac:02010b41cdec/antenna/tag/e2806894000050038661fd4f, 86
1652710108.015538, sdrt-health/mac:02010b41cdec/antenna/tag/e2806894000040038662114f, 88
1652710108.05985, sdrt-health/mac:02010b41cdec/antenna/tag/e2806894000040038662114f, 88
1652710108.122154, sdrt-health/mac:02010b41cdec/antenna/tag/e28068940000400386621d4f, 96
1652710108.122363, sdrt-health/mac:02010b41cdec/antenna/tag/e2806894000050038662154f, 97
1652710108.122515, sdrt-health/mac:02010b41cdec/antenna/tag/e2806894000040038662114f, 88
1652710108.135334, sdrt-health/mac:02010b41cdec/antenna/tag/e2806894000040038661f94f, 81
1652710108.169933, sdrt-health/mac:02010b41cdec/antenna/tag/e2806894000050038661fd4f, 86
1652710108.237964, sdrt-health/mac:02010b41cdec/antenna/tag/e28068940000400386621d4f, 96
1652710108.238271, sdrt-health/mac:02010b41cdec/antenna/tag/e2806894000040038662114f, 97
1652710108.253136, sdrt-health/mac:02010b41cdec/antenna/tag/e28068940000400386621d4f, 90
1652710108.300044, sdrt-health/mac:02010b41cdec/antenna/tag/e2806894000050038662194f, 87
1652710108.300373, sdrt-health/mac:02010b41cdec/antenna/tag/e2806894000040038662114f, 83
1652710108.315211, sdrt-health/mac:02010b41cdec/antenna/tag/e2806894000050038662154f, 85
1652710108.33003, sdrt-health/mac:02010b41cdec/antenna/tag/e2806894000050038662154f, 88
1652710108.371137, sdrt-health/mac:02010b41cdec/antenna/tag/e2806894000040038662114f, 88
1652710108.409024, sdrt-health/mac:02010b41cdec/antenna/tag/e2806894000050038661fd4f, 83
1652710108.409333, sdrt-health/mac:02010b41cdec/antenna/tag/e2806894000050038662154f, 85
1652710108.423312, sdrt-health/mac:02010b41cdec/antenna/tag/e2806894000040038662114f, 91
1652710108.458327, sdrt-health/mac:02010b41cdec/antenna/tag/e28068940000400386621d4f, 96
1652710108.510315, sdrt-health/mac:02010b41cdec/antenna/tag/e2806894000050038662194f, 81
1652710108.510658, sdrt-health/mac:02010b41cdec/antenna/tag/e28068940000400386621d4f, 96
1652710108.523219, sdrt-health/mac:02010b41cdec/antenna/tag/e28068940000400386621d4f, 96
1652710108.549815, sdrt-health/mac:02010b41cdec/antenna/tag/e2806894000050038662154f, 88
1652710108.609786, sdrt-health/mac:02010b41cdec/antenna/tag/e2806894000050038662154f, 88
1652710108.675355, sdrt-health/mac:02010b41cdec/antenna/tag/e28068940000400386621d4f, 96
1652710108.675876, sdrt-health/mac:02010b41cdec/antenna/tag/e2806894000050038662154f, 88
1652710108.697885, sdrt-health/mac:02010b41cdec/antenna/tag/e2806894000040038662114f, 91
1652710108.701452, sdrt-health/mac:02010b41cdec/antenna/tag/e2806894000040038662114f, 88
1652710108.750825, sdrt-health/mac:02010b41cdec/antenna/tag/e2806894000040038662114f, 91
1652710108.851359, sdrt-health/mac:02010b41cdec/antenna/tag/e2806894000050038662154f, 85
1652710108.851583, sdrt-health/mac:02010b41cdec/antenna/tag/e2806894000050038662194f, 81
1652710108.851731, sdrt-health/mac:02010b41cdec/antenna/tag/e28068940000400386621d4f, 96
1652710108.865345, sdrt-health/mac:02010b41cdec/antenna/tag/e2806894000050038662154f, 88
1652710108.910901, sdrt-health/mac:02010b41cdec/antenna/tag/e2806894000050038662194f, 81
1652710108.981072, sdrt-health/mac:02010b41cdec/antenna/tag/e2806894000050038661fd4f, 83
1652710108.981277, sdrt-health/mac:02010b41cdec/antenna/tag/e2806894000040038662114f, 88
1652710109.007369, sdrt-health/mac:02010b41cdec/antenna/tag/e28068940000400386621d4f, 77
1652710109.0584, sdrt-health/mac:02010b41cdec/antenna/tag/e2806894000040038662114f, 88
1652710109.098731, sdrt-health/mac:02010b41cdec/antenna/tag/e2806894000040038662114f, 88
1652710109.155893, sdrt-health/mac:02010b41cdec/antenna/tag/e2806894000050038661fd4f, 86
1652710109.15616, sdrt-health/mac:02010b41cdec/antenna/tag/e28068940000400386621d4f, 77
1652710109.169393, sdrt-health/mac:02010b41cdec/antenna/tag/e2806894000050038662154f, 85
1652710109.420679, sdrt-health/mac:02010b41cdec/antenna/tag/e28068940000400386621d4f, 96
1652710109.494566, sdrt-health/mac:02010b41cdec/antenna/tag/e2806894000040038662114f, 88
1652710109.494796, sdrt-health/mac:02010b41cdec/antenna/tag/e2806894000040038662114f, 88
1652710109.509076, sdrt-health/mac:02010b41cdec/antenna/tag/e28068940000400386621d4f, 77
1652710109.509324, sdrt-health/mac:02010b41cdec/antenna/tag/e2806894000040038662114f, 91
1652710109.509457, sdrt-health/mac:02010b41cdec/antenna/tag/e2806894000050038662154f, 85
1652710109.544468, sdrt-health/mac:02010b41cdec/antenna/tag/e2806894000050038661fd4f, 86
1652710109.575277, sdrt-health/mac:02010b41cdec/antenna/tag/e2806894000040038662114f, 91
1652710109.5755, sdrt-health/mac:02010b41cdec/antenna/tag/e28068940000400386621d4f, 77
1652710109.575635, sdrt-health/mac:02010b41cdec/antenna/tag/e2806894000050038662194f, 83
1652710109.575805, sdrt-health/mac:02010b41cdec/antenna/tag/e2806894000040038662114f, 88
1652710109.593132, sdrt-health/mac:02010b41cdec/antenna/tag/e2806894000040038662214f, 88
1652710109.593389, sdrt-health/mac:02010b41cdec/antenna/tag/e2806894000040038662114f, 88
1652710109.593533, sdrt-health/mac:02010b41cdec/antenna/tag/e2806894000050038661fd4f, 86
1652710109.594213, sdrt-health/mac:02010b41cdec/antenna/tag/e28068940000400386621d4f, 77
1652710109.594349, sdrt-health/mac:02010b41cdec/antenna/tag/e2806894000050038662154f, 85
1652710109.607178, sdrt-health/mac:02010b41cdec/antenna/tag/e2806894000050038662194f, 81
1652710109.660737, sdrt-health/mac:02010b41cdec/antenna/tag/e28068940000400386621d4f, 96
1652710109.73012, sdrt-health/mac:02010b41cdec/antenna/tag/e28068940000400386621d4f, 90
1652710109.730493, sdrt-health/mac:02010b41cdec/antenna/tag/e2806894000040038662114f, 91
1652710109.743213, sdrt-health/mac:02010b41cdec/antenna/tag/e2806894000050038661fd4f, 86
1652710109.783148, sdrt-health/mac:02010b41cdec/antenna/tag/e2806894000050038662194f, 87
1652710109.868156, sdrt-health/mac:02010b41cdec/antenna/tag/e2806894000040038662114f, 97
1652710109.868378, sdrt-health/mac:02010b41cdec/antenna/tag/e28068940000400386621d4f, 90
1652710109.882698, sdrt-health/mac:02010b41cdec/antenna/tag/e2806894000050038662154f, 88
1652710109.91457, sdrt-health/mac:02010b41cdec/antenna/tag/e2806894000050038661fd4f, 86
1652710109.914786, sdrt-health/mac:02010b41cdec/antenna/tag/e2806894000040038662114f, 91
1652710109.932359, sdrt-health/mac:02010b41cdec/antenna/tag/e2806894000050038661fd4f, 86
1652710109.932605, sdrt-health/mac:02010b41cdec/antenna/tag/e2806894000050038662194f, 83
1652710109.941649, sdrt-health/mac:02010b41cdec/antenna/tag/e28068940000400386621d4f, 77
1652710109.947725, sdrt-health/mac:02010b41cdec/antenna/tag/e2806894000050038662154f, 88
1652710109.987632, sdrt-health/mac:02010b41cdec/antenna/tag/e2806894000050038662154f, 88
1652710110.023182, sdrt-health/mac:02010b41cdec/antenna/tag/e2806894000050038661fd4f, 90
1652710110.08193, sdrt-health/mac:02010b41cdec/antenna/tag/e28068940000400386621d4f, 96
1652710110.082162, sdrt-health/mac:02010b41cdec/antenna/tag/e2806894000050038662194f, 81
1652710110.123019, sdrt-health/mac:02010b41cdec/antenna/tag/e2806894000050038662154f, 91
1652710110.183329, sdrt-health/mac:02010b41cdec/antenna/tag/e2806894000050038661fd4f, 90
1652710110.183654, sdrt-health/mac:02010b41cdec/antenna/tag/e2806894000050038661fd4f, 86
1652710110.210963, sdrt-health/mac:02010b41cdec/antenna/tag/e2806894000050038661fd4f, 86
1652710110.217234, sdrt-health/mac:02010b41cdec/antenna/tag/e2806894000050038661fd4f, 86
1652710110.225401, sdrt-health/mac:02010b41cdec/antenna/tag/e2806894000050038662194f, 87
1652710110.225617, sdrt-health/mac:02010b41cdec/antenna/tag/e28068940000400386621d4f, 90
1652710110.279454, sdrt-health/mac:02010b41cdec/antenna/tag/e2806894000040038661f94f, 110
1652710110.328962, sdrt-health/mac:02010b41cdec/antenna/tag/e2806894000050038661fd4f, 86
1652710110.377491, sdrt-health/mac:02010b41cdec/antenna/tag/e2806894000050038662194f, 83
1652710110.451935, sdrt-health/mac:02010b41cdec/antenna/tag/e2806894000040038662114f, 88
1652710110.452207, sdrt-health/mac:02010b41cdec/antenna/tag/e28068940000400386621d4f, 77
1652710110.465662, sdrt-health/mac:02010b41cdec/antenna/tag/e2806894000050038661fd4f, 86
1652710110.65508, sdrt-health/mac:02010b41cdec/antenna/tag/scan, scan stopped
