1652710418.525741, sdrt-health/mac:02010b41cdec/antenna/power/set, {"power": 280}
1652710419.671098, sdrt-health/mac:02010b41cdec/antenna/power/set, 
1652710423.547914, sdrt-health/mac:02010b41cdec/antenna/tag/scan, {"time": 20000}
1652710423.887204, sdrt-health/mac:02010b41cdec/antenna/tag/e2806894000050038661fd4f, 86
1652710423.932467, sdrt-health/mac:02010b41cdec/antenna/tag/e28068940000400386621d4f, 90
1652710423.976763, sdrt-health/mac:02010b41cdec/antenna/tag/e2806894000050038661fd4f, 86
1652710424.042014, sdrt-health/mac:02010b41cdec/antenna/tag/e2806894000040038662114f, 91
1652710424.042553, sdrt-health/mac:02010b41cdec/antenna/tag/e2806894000050038662154f, 88
1652710424.055496, sdrt-health/mac:02010b41cdec/antenna/tag/e2806894000040038662114f, 88
1652710424.056032, sdrt-health/mac:02010b41cdec/antenna/tag/e28068940000400386621d4f, 96
1652710424.066632, sdrt-health/mac:02010b41cdec/antenna/tag/e2806894000050038662194f, 81
1652710424.10664, sdrt-health/mac:02010b41cdec/antenna/tag/e28068940000500386620d4f, 94
1652710424.106975, sdrt-health/mac:02010b41cdec/antenna/tag/e2806894000040038662114f, 88
1652710424.120504, sdrt-health/mac:02010b41cdec/antenna/tag/e2806894000050038662154f, 85
1652710424.233913, sdrt-health/mac:02010b41cdec/antenna/tag/e2806894000050038662194f, 94
1652710424.289804, sdrt-health/mac:02010b41cdec/antenna/tag/e2806894000050038661fd4f, 86
1652710424.346363, sdrt-health/mac:02010b41cdec/antenna/tag/e2806894000040038662114f, 91
1652710424.346927, sdrt-health/mac:02010b41cdec/antenna/tag/e2806894000040038662114f, 91
1652710424.347366, sdrt-health/mac:02010b41cdec/antenna/tag/e2806894000040038662114f, 88
1652710424.367788, sdrt-health/mac:02010b41cdec/antenna/tag/e2806894000050038661fd4f, 86
1652710424.396135, sdrt-health/mac:02010b41cdec/antenna/tag/e28068940000400386621d4f, 90
1652710424.396531, sdrt-health/mac:02010b41cdec/antenna/tag/e2806894000050038662194f, 81
1652710424.41211, sdrt-health/mac:02010b41cdec/antenna/tag/e2806894000050038661fd4f, 86
1652710424.456707, sdrt-health/mac:02010b41cdec/antenna/tag/e2806894000050038661fd4f, 83
1652710424.517052, sdrt-health/mac:02010b41cdec/antenna/tag/e28068940000400386621d4f, 77
1652710424.587658, sdrt-health/mac:02010b41cdec/antenna/tag/e28068940000400386621d4f, 77
1652710424.588138, sdrt-health/mac:02010b41cdec/antenna/tag/e2806894000050038662154f, 85
1652710424.601832, sdrt-health/mac:02010b41cdec/antenna/tag/e28068940000400386621d4f, 77
1652710424.61615, sdrt-health/mac:02010b41cdec/antenna/tag/e2806894000040038662114f, 88
1652710424.675511, sdrt-health/mac:02010b41cdec/antenna/tag/e2806894000050038662154f, 93
1652710424.795508, sdrt-health/mac:02010b41cdec/antenna/tag/e28068940000400386621d4f, 77
1652710424.796105, sdrt-health/mac:02010b41cdec/antenna/tag/e2806894000040038662114f, 85
1652710424.838033, sdrt-health/mac:02010b41cdec/antenna/tag/e2806894000050038662154f, 91
1652710424.866747, sdrt-health/mac:02010b41cdec/antenna/tag/e28068940000400386621d4f, 96
1652710424.86706, sdrt-health/mac:02010b41cdec/antenna/tag/e2806894000040038662114f, 88
1652710424.892962, sdrt-health/mac:02010b41cdec/antenna/tag/e2806894000050038662154f, 88
1652710424.958062, sdrt-health/mac:02010b41cdec/antenna/tag/e2806894000050038661fd4f, 83
1652710424.958528, sdrt-health/mac:02010b41cdec/antenna/tag/e2806894000040038662114f, 88
1652710424.986845, sdrt-health/mac:02010b41cdec/antenna/tag/e28068940000400386621d4f, 90
1652710425.058001, sdrt-health/mac:02010b41cdec/antenna/tag/e2806894000050038661fd4f, 86
1652710425.08611, sdrt-health/mac:02010b41cdec/antenna/tag/e28068940000400386621d4f, 90
1652710425.086524, sdrt-health/mac:02010b41cdec/antenna/tag/e2806894000040038662114f, 97
1652710425.09984, sdrt-health/mac:02010b41cdec/antenna/tag/e2806894000050038662194f, 81
1652710425.100128, sdrt-health/mac:02010b41cdec/antenna/tag/e28068940000400386621d4f, 77
1652710425.14166, sdrt-health/mac:02010b41cdec/antenna/tag/e2806894000050038661fd4f, 83
1652710425.187551, sdrt-health/mac:02010b41cdec/antenna/tag/e2806894000040038662114f, 85
1652710425.188085, sdrt-health/mac:02010b41cdec/antenna/tag/e2806894000050038662154f, 85
1652710425.206315, sdrt-health/mac:02010b41cdec/antenna/tag/e2806894000050038662194f, 94
1652710425.229439, sdrt-health/mac:02010b41cdec/antenna/tag/e28068940000400386621d4f, 77
1652710425.267072, sdrt-health/mac:02010b41cdec/antenna/tag/e28068940000400386621d4f, 90
1652710425.322607, sdrt-health/mac:02010b41cdec/antenna/tag/e2806894000050038661fd4f, 83
1652710425.323092, sdrt-health/mac:02010b41cdec/antenna/tag/e2806894000050038662154f, 88
1652710425.336838, sdrt-health/mac:02010b41cdec/antenna/tag/e2806894000050038661fd4f, 86
1652710425.337345, sdrt-health/mac:02010b41cdec/antenna/tag/e28068940000400386621d4f, 96
1652710425.415188, sdrt-health/mac:02010b41cdec/antenna/tag/e2806894000050038662154f, 88
1652710425.486977, sdrt-health/mac:02010b41cdec/antenna/tag/e2806894000040038662114f, 88
1652710425.549443, sdrt-health/mac:02010b41cdec/antenna/tag/e2806894000050038661fd4f, 83
1652710425.549915, sdrt-health/mac:02010b41cdec/antenna/tag/e2806894000040038662114f, 88
1652710425.566345, sdrt-health/mac:02010b41cdec/antenna/tag/e2806894000050038662154f, 85
1652710425.586793, sdrt-health/mac:02010b41cdec/antenna/tag/e2806894000050038661fd4f, 83
1652710425.587237, sdrt-health/mac:02010b41cdec/antenna/tag/e28068940000400386621d4f, 96
1652710425.641004, sdrt-health/mac:02010b41cdec/antenna/tag/e2806894000050038661fd4f, 83
1652710425.694973, sdrt-health/mac:02010b41cdec/antenna/tag/e2806894000050038661fd4f, 83
1652710425.746595, sdrt-health/mac:02010b41cdec/antenna/tag/e2806894000040038662114f, 88
1652710425.803182, sdrt-health/mac:02010b41cdec/antenna/tag/e28068940000400386621d4f, 96
1652710425.803647, sdrt-health/mac:02010b41cdec/antenna/tag/e28068940000400386621d4f, 96
1652710425.818114, sdrt-health/mac:02010b41cdec/antenna/tag/e2806894000050038662154f, 85
1652710425.844394, sdrt-health/mac:02010b41cdec/antenna/tag/e28068940000400386621d4f, 77
1652710425.906436, sdrt-health/mac:02010b41cdec/antenna/tag/e2806894000050038662154f, 85
1652710425.946384, sdrt-health/mac:02010b41cdec/antenna/tag/e2806894000040038662114f, 88
1652710425.948195, sdrt-health/mac:02010b41cdec/antenna/tag/e2806894000050038662154f, 85
1652710426.011781, sdrt-health/mac:02010b41cdec/antenna/tag/e28068940000400386621d4f, 77
1652710426.070955, sdrt-health/mac:02010b41cdec/antenna/tag/e2806894000050038661fd4f, 83
1652710426.071411, sdrt-health/mac:02010b41cdec/antenna/tag/e28068940000400386621d4f, 96
1652710426.071824, sdrt-health/mac:02010b41cdec/antenna/tag/e2806894000040038662114f, 88
1652710426.085035, sdrt-health/mac:02010b41cdec/antenna/tag/e2806894000050038662154f, 93
1652710426.107644, sdrt-health/mac:02010b41cdec/antenna/tag/e2806894000040038662114f, 88
1652710426.159952, sdrt-health/mac:02010b41cdec/antenna/tag/e2806894000050038662154f, 85
1652710426.16034, sdrt-health/mac:02010b41cdec/antenna/tag/e28068940000400386621d4f, 96
1652710426.186975, sdrt-health/mac:02010b41cdec/antenna/tag/e2806894000040038662114f, 91
1652710426.227382, sdrt-health/mac:02010b41cdec/antenna/tag/e2806894000050038662154f, 93
1652710426.289265, sdrt-health/mac:02010b41cdec/antenna/tag/e28068940000400386621d4f, 96
1652710426.289842, sdrt-health/mac:02010b41cdec/antenna/tag/e2806894000040038662114f, 91
1652710426.339422, sdrt-health/mac:02010b41cdec/antenna/tag/e28068940000400386621d4f, 77
1652710426.391613, sdrt-health/mac:02010b41cdec/antenna/tag/e2806894000050038661fd4f, 83
1652710426.392076, sdrt-health/mac:02010b41cdec/antenna/tag/e2806894000040038662114f, 91
1652710426.40545, sdrt-health/mac:02010b41cdec/antenna/tag/e2806894000050038662154f, 85
1652710426.427524, sdrt-health/mac:02010b41cdec/antenna/tag/e2806894000050038662154f, 85
1652710426.493019, sdrt-health/mac:02010b41cdec/antenna/tag/e28068940000400386621d4f, 90
1652710426.52286, sdrt-health/mac:02010b41cdec/antenna/tag/e2806894000050038661fd4f, 83
1652710426.523179, sdrt-health/mac:02010b41cdec/antenna/tag/e2806894000040038662114f, 97
1652710426.523393, sdrt-health/mac:02010b41cdec/antenna/tag/e2806894000050038662154f, 88
1652710426.53709, sdrt-health/mac:02010b41cdec/antenna/tag/e2806894000040038662114f, 91
1652710426.586736, sdrt-health/mac:02010b41cdec/antenna/tag/e2806894000040038662114f, 91
1652710426.660877, sdrt-health/mac:02010b41cdec/antenna/tag/e2806894000050038662154f, 88
1652710426.698261, sdrt-health/mac:02010b41cdec/antenna/tag/e2806894000040038662114f, 91
1652710426.69884, sdrt-health/mac:02010b41cdec/antenna/tag/e28068940000400386621d4f, 96
1652710426.712168, sdrt-health/mac:02010b41cdec/antenna/tag/e2806894000040038662114f, 91
1652710426.712471, sdrt-health/mac:02010b41cdec/antenna/tag/e28068940000400386621d4f, 96
1652710426.712786, sdrt-health/mac:02010b41cdec/antenna/tag/e2806894000050038661fd4f, 83
1652710426.747857, sdrt-health/mac:02010b41cdec/antenna/tag/e2806894000050038662194f, 83
1652710426.795825, sdrt-health/mac:02010b41cdec/antenna/tag/e28068940000400386621d4f, 77
1652710426.796203, sdrt-health/mac:02010b41cdec/antenna/tag/e28068940000400386621d4f, 90
1652710426.82836, sdrt-health/mac:02010b41cdec/antenna/tag/e2806894000050038662154f, 88
1652710426.869227, sdrt-health/mac:02010b41cdec/antenna/tag/e2806894000050038661fd4f, 83
1652710426.899415, sdrt-health/mac:02010b41cdec/antenna/tag/e2806894000040038662114f, 91
1652710426.89969, sdrt-health/mac:02010b41cdec/antenna/tag/e2806894000050038661fd4f, 83
1652710426.913136, sdrt-health/mac:02010b41cdec/antenna/tag/e2806894000040038662114f, 97
1652710426.974806, sdrt-health/mac:02010b41cdec/antenna/tag/e2806894000040038662114f, 83
1652710427.013118, sdrt-health/mac:02010b41cdec/antenna/tag/e2806894000050038662154f, 88
1652710427.013462, sdrt-health/mac:02010b41cdec/antenna/tag/e2806894000040038662114f, 91
1652710427.026118, sdrt-health/mac:02010b41cdec/antenna/tag/e2806894000050038661fd4f, 86
1652710427.026643, sdrt-health/mac:02010b41cdec/antenna/tag/e28068940000400386621d4f, 96
1652710427.02706, sdrt-health/mac:02010b41cdec/antenna/tag/e2806894000050038661fd4f, 90
1652710427.06769, sdrt-health/mac:02010b41cdec/antenna/tag/e2806894000040038662114f, 88
1652710427.150206, sdrt-health/mac:02010b41cdec/antenna/tag/e28068940000400386621d4f, 90
1652710427.150717, sdrt-health/mac:02010b41cdec/antenna/tag/e2806894000050038661fd4f, 83
1652710427.173359, sdrt-health/mac:02010b41cdec/antenna/tag/e28068940000400386621d4f, 96
1652710427.173772, sdrt-health/mac:02010b41cdec/antenna/tag/e2806894000050038662154f, 85
1652710427.216481, sdrt-health/mac:02010b41cdec/antenna/tag/e28068940000400386621d4f, 90
1652710427.257689, sdrt-health/mac:02010b41cdec/antenna/tag/e28068940000400386621d4f, 96
1652710427.307331, sdrt-health/mac:02010b41cdec/antenna/tag/e28068940000400386621d4f, 77
1652710427.371172, sdrt-health/mac:02010b41cdec/antenna/tag/e2806894000040038661f94f, 94
1652710427.445265, sdrt-health/mac:02010b41cdec/antenna/tag/e28068940000400386621d4f, 96
1652710427.489106, sdrt-health/mac:02010b41cdec/antenna/tag/e28068940000400386621d4f, 96
1652710427.548997, sdrt-health/mac:02010b41cdec/antenna/tag/e2806894000050038661fd4f, 83
1652710427.549545, sdrt-health/mac:02010b41cdec/antenna/tag/e28068940000400386621d4f, 96
1652710427.564692, sdrt-health/mac:02010b41cdec/antenna/tag/e2806894000050038661fd4f, 83
1652710427.565001, sdrt-health/mac:02010b41cdec/antenna/tag/e2806894000040038662114f, 88
1652710427.565174, sdrt-health/mac:02010b41cdec/antenna/tag/e2806894000050038662154f, 91
1652710427.565365, sdrt-health/mac:02010b41cdec/antenna/tag/e2806894000050038661fd4f, 83
1652710427.584416, sdrt-health/mac:02010b41cdec/antenna/tag/e2806894000050038661fd4f, 83
1652710427.628475, sdrt-health/mac:02010b41cdec/antenna/tag/e2806894000050038661fd4f, 83
1652710427.681766, sdrt-health/mac:02010b41cdec/antenna/tag/e28068940000400386621d4f, 96
1652710427.682294, sdrt-health/mac:02010b41cdec/antenna/tag/e28068940000400386621d4f, 96
1652710427.726153, sdrt-health/mac:02010b41cdec/antenna/tag/e2806894000050038662154f, 88
1652710427.781995, sdrt-health/mac:02010b41cdec/antenna/tag/e2806894000050038661fd4f, 86
1652710427.812232, sdrt-health/mac:02010b41cdec/antenna/tag/e28068940000400386621d4f, 90
1652710427.812693, sdrt-health/mac:02010b41cdec/antenna/tag/e28068940000400386621d4f, 96
1652710427.853782, sdrt-health/mac:02010b41cdec/antenna/tag/e2806894000050038662154f, 91
1652710427.890051, sdrt-health/mac:02010b41cdec/antenna/tag/e2806894000050038661fd4f, 86
1652710427.89083, sdrt-health/mac:02010b41cdec/antenna/tag/e2806894000040038662114f, 91
1652710427.905826, sdrt-health/mac:02010b41cdec/antenna/tag/e2806894000050038661fd4f, 83
1652710427.906017, sdrt-health/mac:02010b41cdec/antenna/tag/e2806894000040038662114f, 88
1652710427.906154, sdrt-health/mac:02010b41cdec/antenna/tag/e2806894000050038661fd4f, 86
1652710427.906295, sdrt-health/mac:02010b41cdec/antenna/tag/e2806894000040038662114f, 91
1652710427.940831, sdrt-health/mac:02010b41cdec/antenna/tag/e2806894000050038662154f, 93
1652710427.988688, sdrt-health/mac:02010b41cdec/antenna/tag/e28068940000400386621d4f, 90
1652710428.027767, sdrt-health/mac:02010b41cdec/antenna/tag/e2806894000050038661fd4f, 83
1652710428.028673, sdrt-health/mac:02010b41cdec/antenna/tag/e2806894000040038662114f, 88
1652710428.068023, sdrt-health/mac:02010b41cdec/antenna/tag/e2806894000050038662154f, 85
1652710428.122515, sdrt-health/mac:02010b41cdec/antenna/tag/e2806894000050038662194f, 88
1652710428.122974, sdrt-health/mac:02010b41cdec/antenna/tag/e2806894000050038662194f, 87
1652710428.138763, sdrt-health/mac:02010b41cdec/antenna/tag/e28068940000400386621d4f, 96
1652710428.175047, sdrt-health/mac:02010b41cdec/antenna/tag/e2806894000050038662194f, 83
1652710428.203252, sdrt-health/mac:02010b41cdec/antenna/tag/e2806894000050038662154f, 91
1652710428.203523, sdrt-health/mac:02010b41cdec/antenna/tag/e2806894000050038662154f, 88
1652710428.217536, sdrt-health/mac:02010b41cdec/antenna/tag/e2806894000050038661fd4f, 86
1652710428.217765, sdrt-health/mac:02010b41cdec/antenna/tag/e28068940000400386621d4f, 90
1652710428.254339, sdrt-health/mac:02010b41cdec/antenna/tag/e2806894000050038662194f, 81
1652710428.311406, sdrt-health/mac:02010b41cdec/antenna/tag/e28068940000400386621d4f, 96
1652710428.311872, sdrt-health/mac:02010b41cdec/antenna/tag/e2806894000040038662114f, 88
1652710428.331487, sdrt-health/mac:02010b41cdec/antenna/tag/e2806894000040038662114f, 88
1652710428.346765, sdrt-health/mac:02010b41cdec/antenna/tag/e2806894000050038662154f, 88
1652710428.406303, sdrt-health/mac:02010b41cdec/antenna/tag/e28068940000400386621d4f, 96
1652710428.464046, sdrt-health/mac:02010b41cdec/antenna/tag/e2806894000040038662114f, 88
1652710428.464552, sdrt-health/mac:02010b41cdec/antenna/tag/e28068940000400386621d4f, 96
1652710428.464897, sdrt-health/mac:02010b41cdec/antenna/tag/e2806894000040038662114f, 85
1652710428.465272, sdrt-health/mac:02010b41cdec/antenna/tag/e2806894000050038661fd4f, 83
1652710428.526593, sdrt-health/mac:02010b41cdec/antenna/tag/e2806894000040038662114f, 88
1652710428.626936, sdrt-health/mac:02010b41cdec/antenna/tag/e2806894000040038662114f, 91
1652710428.734426, sdrt-health/mac:02010b41cdec/antenna/tag/e2806894000050038662154f, 88
1652710428.794314, sdrt-health/mac:02010b41cdec/antenna/tag/e2806894000040038662114f, 91
1652710428.794786, sdrt-health/mac:02010b41cdec/antenna/tag/e28068940000400386621d4f, 96
1652710428.795186, sdrt-health/mac:02010b41cdec/antenna/tag/e28068940000400386621d4f, 90
1652710428.807883, sdrt-health/mac:02010b41cdec/antenna/tag/e2806894000050038662154f, 91
1652710428.827075, sdrt-health/mac:02010b41cdec/antenna/tag/e2806894000040038662114f, 85
1652710428.886645, sdrt-health/mac:02010b41cdec/antenna/tag/e2806894000050038662154f, 88
1652710428.937502, sdrt-health/mac:02010b41cdec/antenna/tag/e28068940000400386621d4f, 96
1652710428.983257, sdrt-health/mac:02010b41cdec/antenna/tag/e2806894000050038661fd4f, 86
1652710428.983771, sdrt-health/mac:02010b41cdec/antenna/tag/e2806894000040038662114f, 88
1652710429.009965, sdrt-health/mac:02010b41cdec/antenna/tag/e28068940000400386621d4f, 96
1652710429.045668, sdrt-health/mac:02010b41cdec/antenna/tag/e2806894000040038662114f, 88
1652710429.082423, sdrt-health/mac:02010b41cdec/antenna/tag/e2806894000050038662154f, 91
1652710429.10982, sdrt-health/mac:02010b41cdec/antenna/tag/e28068940000400386621d4f, 96
1652710429.172225, sdrt-health/mac:02010b41cdec/antenna/tag/e2806894000050038662154f, 85
1652710429.172676, sdrt-health/mac:02010b41cdec/antenna/tag/e28068940000400386621d4f, 96
1652710429.173055, sdrt-health/mac:02010b41cdec/antenna/tag/e28068940000400386621d4f, 77
1652710429.185642, sdrt-health/mac:02010b41cdec/antenna/tag/e2806894000040038661f94f, 83
1652710429.186092, sdrt-health/mac:02010b41cdec/antenna/tag/e2806894000050038662154f, 88
1652710429.243336, sdrt-health/mac:02010b41cdec/antenna/tag/e2806894000040038662114f, 88
1652710429.286822, sdrt-health/mac:02010b41cdec/antenna/tag/e28068940000400386621d4f, 96
1652710429.338314, sdrt-health/mac:02010b41cdec/antenna/tag/e2806894000050038661fd4f, 86
1652710429.33874, sdrt-health/mac:02010b41cdec/antenna/tag/e2806894000050038662154f, 85
1652710429.367331, sdrt-health/mac:02010b41cdec/antenna/tag/e2806894000050038661fd4f, 83
1652710429.455667, sdrt-health/mac:02010b41cdec/antenna/tag/e2806894000040038662114f, 91
1652710429.535292, sdrt-health/mac:02010b41cdec/antenna/tag/e28068940000400386621d4f, 90
1652710429.535797, sdrt-health/mac:02010b41cdec/antenna/tag/e2806894000040038662114f, 91
1652710429.536142, sdrt-health/mac:02010b41cdec/antenna/tag/e2806894000050038661fd4f, 86
1652710429.536486, sdrt-health/mac:02010b41cdec/antenna/tag/e28068940000400386621d4f, 90
1652710429.58344, sdrt-health/mac:02010b41cdec/antenna/tag/e2806894000050038661fd4f, 86
1652710429.668766, sdrt-health/mac:02010b41cdec/antenna/tag/e2806894000050038662194f, 87
1652710429.669288, sdrt-health/mac:02010b41cdec/antenna/tag/e2806894000050038662194f, 83
1652710429.669627, sdrt-health/mac:02010b41cdec/antenna/tag/e2806894000050038662194f, 81
1652710429.669992, sdrt-health/mac:02010b41cdec/antenna/tag/e2806894000050038662194f, 94
1652710429.670326, sdrt-health/mac:02010b41cdec/antenna/tag/e2806894000040038662114f, 91
1652710429.694664, sdrt-health/mac:02010b41cdec/antenna/tag/e2806894000040038662114f, 88
1652710429.797733, sdrt-health/mac:02010b41cdec/antenna/tag/e28068940000400386621d4f, 96
1652710429.85234, sdrt-health/mac:02010b41cdec/antenna/tag/e2806894000050038662154f, 91
1652710429.920521, sdrt-health/mac:02010b41cdec/antenna/tag/e2806894000050038661fd4f, 83
1652710429.920995, sdrt-health/mac:02010b41cdec/antenna/tag/e2806894000050038661fd4f, 86
1652710429.932609, sdrt-health/mac:02010b41cdec/antenna/tag/e2806894000050038662154f, 91
1652710429.99117, sdrt-health/mac:02010b41cdec/antenna/tag/e28068940000400386621d4f, 96
1652710430.056276, sdrt-health/mac:02010b41cdec/antenna/tag/e2806894000050038661fd4f, 97
1652710430.056733, sdrt-health/mac:02010b41cdec/antenna/tag/e2806894000050038661fd4f, 97
1652710430.057358, sdrt-health/mac:02010b41cdec/antenna/tag/e2806894000040038662114f, 85
1652710430.121064, sdrt-health/mac:02010b41cdec/antenna/tag/e2806894000050038662154f, 91
1652710430.121557, sdrt-health/mac:02010b41cdec/antenna/tag/e2806894000050038662154f, 93
1652710430.1219, sdrt-health/mac:02010b41cdec/antenna/tag/e2806894000050038661fd4f, 83
1652710430.12229, sdrt-health/mac:02010b41cdec/antenna/tag/e28068940000400386621d4f, 77
1652710430.122653, sdrt-health/mac:02010b41cdec/antenna/tag/e28068940000400386621d4f, 77
1652710430.141933, sdrt-health/mac:02010b41cdec/antenna/tag/e2806894000040038662114f, 91
1652710430.222874, sdrt-health/mac:02010b41cdec/antenna/tag/e28068940000400386621d4f, 96
1652710430.253555, sdrt-health/mac:02010b41cdec/antenna/tag/e28068940000400386621d4f, 96
1652710430.324009, sdrt-health/mac:02010b41cdec/antenna/tag/e2806894000050038662154f, 91
1652710430.324468, sdrt-health/mac:02010b41cdec/antenna/tag/e2806894000040038662114f, 88
1652710430.347908, sdrt-health/mac:02010b41cdec/antenna/tag/e2806894000050038661fd4f, 86
1652710430.432668, sdrt-health/mac:02010b41cdec/antenna/tag/e2806894000040038662114f, 88
1652710430.433135, sdrt-health/mac:02010b41cdec/antenna/tag/e2806894000050038662194f, 83
1652710430.482005, sdrt-health/mac:02010b41cdec/antenna/tag/e2806894000040038662114f, 88
1652710430.482213, sdrt-health/mac:02010b41cdec/antenna/tag/e2806894000050038662194f, 87
1652710430.482359, sdrt-health/mac:02010b41cdec/antenna/tag/e2806894000050038662154f, 88
1652710430.517331, sdrt-health/mac:02010b41cdec/antenna/tag/e2806894000040038662114f, 88
1652710430.630565, sdrt-health/mac:02010b41cdec/antenna/tag/e2806894000050038662194f, 93
1652710430.631028, sdrt-health/mac:02010b41cdec/antenna/tag/e2806894000050038662194f, 81
1652710430.631406, sdrt-health/mac:02010b41cdec/antenna/tag/e2806894000050038661fd4f, 83
1652710430.653383, sdrt-health/mac:02010b41cdec/antenna/tag/e28068940000400386621d4f, 96
1652710430.69184, sdrt-health/mac:02010b41cdec/antenna/tag/e2806894000050038662154f, 85
1652710430.69259, sdrt-health/mac:02010b41cdec/antenna/tag/e2806894000050038661fd4f, 97
1652710430.705769, sdrt-health/mac:02010b41cdec/antenna/tag/e2806894000050038661fd4f, 86
1652710430.844432, sdrt-health/mac:02010b41cdec/antenna/tag/e2806894000050038662154f, 88
1652710430.844887, sdrt-health/mac:02010b41cdec/antenna/state, connected
1652710430.845317, sdrt-health/mac:02010b41cdec/fw, {"version":"1.8.1","model":"200","hash":"2f556501b58f1dad542af428d7928d18","timestamp":1652710427}
1652710430.845671, sdrt-health/mac:02010b41cdec/antenna/tag/e2806894000050038661fd4f, 86
1652710430.956098, sdrt-health/mac:02010b41cdec/antenna/tag/e28068940000400386621d4f, 90
1652710430.989437, sdrt-health/mac:02010b41cdec/antenna/tag/e2806894000050038661fd4f, 86
1652710431.042916, sdrt-health/mac:02010b41cdec/antenna/tag/e2806894000040038662114f, 91
1652710431.043425, sdrt-health/mac:02010b41cdec/antenna/tag/e2806894000050038661fd4f, 86
1652710431.04386, sdrt-health/mac:02010b41cdec/antenna/tag/e2806894000050038662194f, 81
1652710431.044397, sdrt-health/mac:02010b41cdec/antenna/tag/e2806894000050038661fd4f, 83
1652710431.044886, sdrt-health/mac:02010b41cdec/antenna/tag/e2806894000050038661fd4f, 83
1652710431.056752, sdrt-health/mac:02010b41cdec/antenna/tag/e2806894000040038661f94f, 81
1652710431.109894, sdrt-health/mac:02010b41cdec/antenna/tag/e2806894000040038661f94f, 83
1652710431.15956, sdrt-health/mac:02010b41cdec/antenna/tag/e28068940000400386621d4f, 96
1652710431.16001, sdrt-health/mac:02010b41cdec/antenna/tag/e2806894000040038662214f, 84
1652710431.160364, sdrt-health/mac:02010b41cdec/antenna/tag/e2806894000050038662154f, 93
1652710431.17541, sdrt-health/mac:02010b41cdec/antenna/tag/e2806894000040038661f94f, 83
1652710431.175938, sdrt-health/mac:02010b41cdec/antenna/tag/e28068940000400386621d4f, 77
1652710431.213151, sdrt-health/mac:02010b41cdec/antenna/version, 
1652710431.213456, sdrt-health/mac:02010b41cdec/antenna/tag/e2806894000050038662154f, 85
1652710431.232942, sdrt-health/mac:02010b41cdec/antenna/tag/e2806894000050038662014f, 94
1652710431.257656, sdrt-health/mac:02010b41cdec/antenna/tag/e2806894000040038662114f, 88
1652710431.315352, sdrt-health/mac:02010b41cdec/antenna/tag/e2806894000050038661fd4f, 83
1652710431.381472, sdrt-health/mac:02010b41cdec/antenna/tag/e28068940000400386621d4f, 96
1652710431.382012, sdrt-health/mac:02010b41cdec/antenna/tag/e2806894000040038662114f, 88
1652710431.382352, sdrt-health/mac:02010b41cdec/antenna/tag/e28068940000400386621d4f, 90
1652710431.433478, sdrt-health/mac:02010b41cdec/antenna/tag/e28068940000400386621d4f, 96
1652710431.512185, sdrt-health/mac:02010b41cdec/antenna/tag/e2806894000040038662114f, 91
1652710431.512654, sdrt-health/mac:02010b41cdec/antenna/tag/e2806894000050038662154f, 91
1652710431.532217, sdrt-health/mac:02010b41cdec/antenna/tag/e2806894000050038662154f, 87
1652710431.532564, sdrt-health/mac:02010b41cdec/antenna/tag/e2806894000040038662114f, 83
1652710431.532846, sdrt-health/mac:02010b41cdec/antenna/tag/e2806894000050038662154f, 85
1652710431.555731, sdrt-health/mac:02010b41cdec/antenna/tag/e28068940000400386621d4f, 90
1652710431.563241, sdrt-health/mac:02010b41cdec/antenna/tag/e28068940000400386621d4f, 86
1652710431.683937, sdrt-health/mac:02010b41cdec/antenna/tag/e2806894000040038662114f, 97
1652710431.684393, sdrt-health/mac:02010b41cdec/antenna/tag/e2806894000040038662114f, 88
1652710431.685823, sdrt-health/mac:02010b41cdec/antenna/tag/e28068940000400386621d4f, 77
1652710431.803006, sdrt-health/mac:02010b41cdec/antenna/tag/e2806894000040038661f94f, 81
1652710431.940162, sdrt-health/mac:02010b41cdec/antenna/tag/e2806894000040038662114f, 91
1652710431.940782, sdrt-health/mac:02010b41cdec/antenna/tag/e2806894000050038662154f, 88
1652710431.941176, sdrt-health/mac:02010b41cdec/antenna/tag/e2806894000040038662114f, 97
1652710431.941495, sdrt-health/mac:02010b41cdec/antenna/tag/e2806894000040038662114f, 91
1652710432.144674, sdrt-health/mac:02010b41cdec/antenna/tag/e2806894000040038662114f, 91
1652710432.495599, sdrt-health/mac:02010b41cdec/antenna/tag/e28068940000400386621d4f, 90
1652710432.496093, sdrt-health/mac:02010b41cdec/antenna/tag/e2806894000040038662114f, 91
1652710432.496462, sdrt-health/mac:02010b41cdec/antenna/tag/e28068940000400386621d4f, 96
1652710432.496836, sdrt-health/mac:02010b41cdec/antenna/tag/e2806894000040038662114f, 91
1652710432.497421, sdrt-health/mac:02010b41cdec/antenna/tag/e28068940000400386621d4f, 96
1652710432.497921, sdrt-health/mac:02010b41cdec/antenna/tag/e2806894000050038661fd4f, 83
1652710432.49835, sdrt-health/mac:02010b41cdec/antenna/tag/e2806894000050038662194f, 83
1652710432.498875, sdrt-health/mac:02010b41cdec/antenna/tag/e28068940000400386621d4f, 96
1652710432.499349, sdrt-health/mac:02010b41cdec/antenna/tag/e2806894000050038661fd4f, 83
1652710432.500007, sdrt-health/mac:02010b41cdec/antenna/tag/e2806894000050038661fd4f, 86
1652710432.596203, sdrt-health/mac:02010b41cdec/antenna/tag/e2806894000050038661fd4f, 83
1652710432.821786, sdrt-health/mac:02010b41cdec/antenna/tag/e2806894000040038662114f, 91
1652710432.822279, sdrt-health/mac:02010b41cdec/antenna/tag/e2806894000050038662154f, 88
1652710432.822682, sdrt-health/mac:02010b41cdec/antenna/tag/e28068940000400386621d4f, 77
1652710432.823033, sdrt-health/mac:02010b41cdec/antenna/tag/e2806894000040038661f94f, 81
1652710432.840632, sdrt-health/mac:02010b41cdec/antenna/tag/e28068940000400386621d4f, 96
1652710432.840924, sdrt-health/mac:02010b41cdec/antenna/tag/e2806894000050038661fd4f, 83
1652710432.841247, sdrt-health/mac:02010b41cdec/antenna/tag/e2806894000050038661fd4f, 83
1652710432.841649, sdrt-health/mac:02010b41cdec/antenna/tag/e2806894000050038662154f, 93
1652710432.841853, sdrt-health/mac:02010b41cdec/antenna/tag/e2806894000040038662114f, 91
1652710432.842137, sdrt-health/mac:02010b41cdec/antenna/tag/e28068940000400386621d4f, 77
1652710432.842345, sdrt-health/mac:02010b41cdec/antenna/tag/e28068940000400386621d4f, 77
1652710432.842654, sdrt-health/mac:02010b41cdec/antenna/tag/e2806894000050038661fd4f, 83
1652710432.842913, sdrt-health/mac:02010b41cdec/antenna/tag/e28068940000400386621d4f, 77
1652710432.843451, sdrt-health/mac:02010b41cdec/antenna/tag/e2806894000050038661fd4f, 97
1652710432.843778, sdrt-health/mac:02010b41cdec/antenna/tag/e28068940000400386621d4f, 77
1652710432.844066, sdrt-health/mac:02010b41cdec/antenna/tag/e28068940000400386621d4f, 77
1652710432.844402, sdrt-health/mac:02010b41cdec/antenna/tag/e2806894000050038661fd4f, 97
1652710432.844565, sdrt-health/mac:02010b41cdec/antenna/tag/e2806894000040038662114f, 97
1652710432.844728, sdrt-health/mac:02010b41cdec/antenna/tag/e2806894000040038661f94f, 81
1652710432.844894, sdrt-health/mac:02010b41cdec/antenna/tag/e2806894000050038662154f, 85
1652710432.845055, sdrt-health/mac:02010b41cdec/antenna/tag/e2806894000050038661fd4f, 83
1652710432.845324, sdrt-health/mac:02010b41cdec/antenna/tag/e2806894000050038661fd4f, 83
1652710432.845477, sdrt-health/mac:02010b41cdec/antenna/tag/e2806894000040038662114f, 83
1652710432.845633, sdrt-health/mac:02010b41cdec/antenna/tag/e28068940000400386621d4f, 86
1652710432.866636, sdrt-health/mac:02010b41cdec/antenna/tag/e2806894000040038662114f, 83
1652710432.86683, sdrt-health/mac:02010b41cdec/antenna/tag/e28068940000400386621d4f, 96
1652710432.866981, sdrt-health/mac:02010b41cdec/antenna/tag/e28068940000400386621d4f, 96
1652710432.867101, sdrt-health/mac:02010b41cdec/antenna/tag/e2806894000050038661fd4f, 86
1652710432.890047, sdrt-health/mac:02010b41cdec/antenna/tag/e28068940000400386621d4f, 96
1652710432.935332, sdrt-health/mac:02010b41cdec/antenna/tag/e28068940000400386621d4f, 90
1652710432.989202, sdrt-health/mac:02010b41cdec/antenna/tag/e2806894000050038661fd4f, 86
1652710433.021304, sdrt-health/mac:02010b41cdec/antenna/tag/e28068940000400386621d4f, 90
1652710433.021711, sdrt-health/mac:02010b41cdec/antenna/tag/e2806894000040038662114f, 86
1652710433.021971, sdrt-health/mac:02010b41cdec/antenna/tag/e2806894000040038662114f, 83
1652710433.02222, sdrt-health/mac:02010b41cdec/antenna/tag/e2806894000050038662154f, 88
1652710433.128453, sdrt-health/mac:02010b41cdec/antenna/tag/e2806894000050038661fd4f, 86
1652710433.245307, sdrt-health/mac:02010b41cdec/antenna/tag/e28068940000400386621d4f, 77
1652710433.276547, sdrt-health/mac:02010b41cdec/antenna/tag/e28068940000400386621d4f, 96
1652710433.277544, sdrt-health/mac:02010b41cdec/antenna/tag/e2806894000040038662114f, 83
1652710433.278111, sdrt-health/mac:02010b41cdec/antenna/tag/e2806894000050038661fd4f, 86
1652710433.320317, sdrt-health/mac:02010b41cdec/antenna/tag/e2806894000040038662114f, 83
1652710433.373219, sdrt-health/mac:02010b41cdec/antenna/tag/e2806894000040038662114f, 83
1652710433.454199, sdrt-health/mac:02010b41cdec/antenna/tag/e2806894000040038662114f, 83
1652710433.454732, sdrt-health/mac:02010b41cdec/antenna/tag/e2806894000050038661fd4f, 83
1652710433.492746, sdrt-health/mac:02010b41cdec/antenna/tag/e2806894000050038662154f, 88
1652710433.493251, sdrt-health/mac:02010b41cdec/antenna/tag/e28068940000400386621d4f, 96
1652710433.493616, sdrt-health/mac:02010b41cdec/antenna/tag/e2806894000040038662114f, 83
1652710433.596394, sdrt-health/mac:02010b41cdec/antenna/tag/e2806894000040038662114f, 83
1652710433.596928, sdrt-health/mac:02010b41cdec/antenna/tag/e2806894000050038661fd4f, 83
1652710433.597461, sdrt-health/mac:02010b41cdec/antenna/tag/e2806894000040038662054f, 94
1652710433.627266, sdrt-health/mac:02010b41cdec/antenna/tag/e28068940000400386621d4f, 96
1652710433.720696, sdrt-health/mac:02010b41cdec/antenna/tag/e2806894000050038662154f, 93
1652710433.721161, sdrt-health/mac:02010b41cdec/antenna/tag/e2806894000050038661fd4f, 83
1652710433.753679, sdrt-health/mac:02010b41cdec/antenna/tag/e2806894000040038662114f, 83
1652710433.753956, sdrt-health/mac:02010b41cdec/antenna/tag/e2806894000040038662114f, 83
1652710433.754235, sdrt-health/mac:02010b41cdec/antenna/tag/e2806894000050038662154f, 88
1652710433.787984, sdrt-health/mac:02010b41cdec/antenna/tag/e28068940000400386621d4f, 96
1652710433.815345, sdrt-health/mac:02010b41cdec/antenna/tag/e2806894000040038662114f, 83
1652710433.81561, sdrt-health/mac:02010b41cdec/antenna/tag/e2806894000050038662154f, 85
1652710433.815751, sdrt-health/mac:02010b41cdec/antenna/tag/e2806894000050038661fd4f, 83
1652710433.937832, sdrt-health/mac:02010b41cdec/antenna/tag/e28068940000400386621d4f, 77
1652710433.938313, sdrt-health/mac:02010b41cdec/antenna/tag/e28068940000500386620d4f, 82
1652710433.938708, sdrt-health/mac:02010b41cdec/antenna/tag/e2806894000050038662154f, 85
1652710433.939058, sdrt-health/mac:02010b41cdec/antenna/tag/e2806894000040038662114f, 83
1652710433.93958, sdrt-health/mac:02010b41cdec/antenna/tag/e2806894000050038662154f, 88
1652710433.999201, sdrt-health/mac:02010b41cdec/antenna/tag/e2806894000050038662154f, 91
1652710434.023181, sdrt-health/mac:02010b41cdec/antenna/tag/e2806894000040038662114f, 83
1652710434.087533, sdrt-health/mac:02010b41cdec/antenna/tag/e2806894000050038661fd4f, 86
1652710434.117475, sdrt-health/mac:02010b41cdec/antenna/tag/e2806894000050038662154f, 85
1652710434.165663, sdrt-health/mac:02010b41cdec/antenna/tag/e2806894000040038662114f, 83
1652710434.168182, sdrt-health/mac:02010b41cdec/antenna/tag/e28068940000400386621d4f, 77
1652710434.209667, sdrt-health/mac:02010b41cdec/antenna/tag/e28068940000400386621d4f, 96
1652710434.275769, sdrt-health/mac:02010b41cdec/antenna/tag/e2806894000050038662194f, 81
1652710434.317068, sdrt-health/mac:02010b41cdec/antenna/tag/e2806894000040038662114f, 97
1652710434.326272, sdrt-health/mac:02010b41cdec/antenna/tag/e2806894000050038661fd4f, 83
1652710434.374628, sdrt-health/mac:02010b41cdec/antenna/tag/e2806894000050038661fd4f, 86
1652710434.486547, sdrt-health/mac:02010b41cdec/antenna/tag/e2806894000050038662194f, 81
1652710434.487198, sdrt-health/mac:02010b41cdec/antenna/tag/e2806894000050038662154f, 88
1652710434.487616, sdrt-health/mac:02010b41cdec/antenna/tag/e2806894000050038662194f, 83
1652710434.487948, sdrt-health/mac:02010b41cdec/antenna/tag/e28068940000400386621d4f, 90
1652710434.511034, sdrt-health/mac:02010b41cdec/antenna/tag/e2806894000050038662154f, 88
1652710434.511303, sdrt-health/mac:02010b41cdec/antenna/tag/e2806894000050038662194f, 81
1652710434.523049, sdrt-health/mac:02010b41cdec/antenna/tag/e2806894000050038661fd4f, 86
1652710434.579701, sdrt-health/mac:02010b41cdec/antenna/tag/e2806894000050038662154f, 88
1652710434.580192, sdrt-health/mac:02010b41cdec/antenna/tag/e2806894000040038662114f, 97
1652710434.580547, sdrt-health/mac:02010b41cdec/antenna/tag/e2806894000040038662114f, 97
1652710434.632444, sdrt-health/mac:02010b41cdec/antenna/tag/e2806894000040038662114f, 91
1652710434.71217, sdrt-health/mac:02010b41cdec/antenna/tag/e2806894000040038662114f, 91
1652710434.712666, sdrt-health/mac:02010b41cdec/antenna/tag/e2806894000050038661fd4f, 83
1652710434.713007, sdrt-health/mac:02010b41cdec/antenna/tag/e2806894000040038662114f, 91
1652710434.747016, sdrt-health/mac:02010b41cdec/antenna/tag/e2806894000050038661fd4f, 86
1652710434.925752, sdrt-health/mac:02010b41cdec/antenna/tag/e2806894000040038662054f, 94
1652710434.926262, sdrt-health/mac:02010b41cdec/antenna/tag/e2806894000050038662194f, 83
1652710434.926603, sdrt-health/mac:02010b41cdec/antenna/tag/e2806894000040038662114f, 88
1652710434.94529, sdrt-health/mac:02010b41cdec/antenna/tag/e28068940000400386621d4f, 96
1652710434.991375, sdrt-health/mac:02010b41cdec/antenna/tag/e2806894000050038662154f, 91
1652710435.038816, sdrt-health/mac:02010b41cdec/antenna/tag/e2806894000050038662154f, 91
1652710435.039295, sdrt-health/mac:02010b41cdec/antenna/tag/e2806894000050038662154f, 91
1652710435.039705, sdrt-health/mac:02010b41cdec/antenna/tag/e2806894000050038661fd4f, 83
1652710435.055611, sdrt-health/mac:02010b41cdec/antenna/tag/e2806894000050038661fd4f, 86
1652710435.056136, sdrt-health/mac:02010b41cdec/antenna/tag/e2806894000050038662154f, 88
1652710435.082687, sdrt-health/mac:02010b41cdec/antenna/tag/e2806894000050038662194f, 87
1652710435.144221, sdrt-health/mac:02010b41cdec/antenna/tag/e2806894000040038662114f, 91
1652710435.144712, sdrt-health/mac:02010b41cdec/antenna/tag/e28068940000400386621d4f, 96
1652710435.191555, sdrt-health/mac:02010b41cdec/antenna/tag/e2806894000050038662154f, 88
1652710435.192071, sdrt-health/mac:02010b41cdec/antenna/tag/e2806894000040038662114f, 88
1652710435.192604, sdrt-health/mac:02010b41cdec/antenna/tag/e2806894000050038662154f, 88
1652710435.192979, sdrt-health/mac:02010b41cdec/antenna/tag/e28068940000400386621d4f, 96
1652710435.213891, sdrt-health/mac:02010b41cdec/antenna/tag/e28068940000400386621d4f, 96
1652710435.285386, sdrt-health/mac:02010b41cdec/antenna/tag/e2806894000040038662114f, 91
1652710435.285855, sdrt-health/mac:02010b41cdec/antenna/tag/e2806894000050038661fd4f, 83
1652710435.340774, sdrt-health/mac:02010b41cdec/antenna/tag/e28068940000400386621d4f, 90
1652710435.34135, sdrt-health/mac:02010b41cdec/antenna/tag/e2806894000050038662154f, 88
1652710435.36692, sdrt-health/mac:02010b41cdec/antenna/tag/e28068940000400386621d4f, 90
1652710435.406687, sdrt-health/mac:02010b41cdec/antenna/tag/e2806894000050038661fd4f, 86
1652710435.597162, sdrt-health/mac:02010b41cdec/antenna/tag/e2806894000050038662154f, 85
1652710435.597662, sdrt-health/mac:02010b41cdec/antenna/tag/e2806894000050038661fd4f, 86
1652710435.597999, sdrt-health/mac:02010b41cdec/antenna/tag/e28068940000400386621d4f, 96
1652710435.598333, sdrt-health/mac:02010b41cdec/antenna/tag/e2806894000050038661fd4f, 86
1652710435.598722, sdrt-health/mac:02010b41cdec/antenna/tag/e2806894000040038662114f, 85
1652710435.665463, sdrt-health/mac:02010b41cdec/antenna/tag/e28068940000400386621d4f, 77
1652710435.911053, sdrt-health/mac:02010b41cdec/antenna/tag/e2806894000050038661fd4f, 83
1652710435.911571, sdrt-health/mac:02010b41cdec/antenna/tag/e2806894000050038661fd4f, 83
1652710435.911945, sdrt-health/mac:02010b41cdec/antenna/tag/e2806894000040038662114f, 85
1652710435.912365, sdrt-health/mac:02010b41cdec/antenna/tag/e2806894000050038661fd4f, 97
1652710435.912709, sdrt-health/mac:02010b41cdec/antenna/tag/e2806894000050038662154f, 85
1652710435.91305, sdrt-health/mac:02010b41cdec/antenna/tag/e2806894000050038661fd4f, 97
1652710435.91344, sdrt-health/mac:02010b41cdec/antenna/tag/e28068940000400386621d4f, 96
1652710435.91384, sdrt-health/mac:02010b41cdec/antenna/tag/e2806894000050038662154f, 85
1652710435.91418, sdrt-health/mac:02010b41cdec/antenna/tag/e2806894000050038661fd4f, 83
1652710435.914551, sdrt-health/mac:02010b41cdec/antenna/tag/e2806894000050038662154f, 88
1652710435.941362, sdrt-health/mac:02010b41cdec/antenna/tag/e28068940000400386621d4f, 96
1652710436.125729, sdrt-health/mac:02010b41cdec/antenna/tag/e28068940000400386621d4f, 96
1652710436.126446, sdrt-health/mac:02010b41cdec/antenna/tag/e2806894000050038661fd4f, 86
1652710436.127112, sdrt-health/mac:02010b41cdec/antenna/tag/e2806894000040038662114f, 91
1652710436.127588, sdrt-health/mac:02010b41cdec/antenna/tag/e2806894000050038662194f, 81
1652710436.128125, sdrt-health/mac:02010b41cdec/antenna/tag/e2806894000040038662114f, 91
1652710436.258975, sdrt-health/mac:02010b41cdec/antenna/tag/e2806894000050038662194f, 83
1652710436.378497, sdrt-health/mac:02010b41cdec/antenna/tag/e2806894000050038662154f, 88
1652710436.378955, sdrt-health/mac:02010b41cdec/antenna/tag/e2806894000050038662194f, 87
1652710436.379327, sdrt-health/mac:02010b41cdec/antenna/tag/e2806894000050038662194f, 83
1652710436.379646, sdrt-health/mac:02010b41cdec/antenna/tag/e2806894000050038662154f, 91
1652710436.404982, sdrt-health/mac:02010b41cdec/antenna/tag/e2806894000040038662114f, 85
1652710436.519915, sdrt-health/mac:02010b41cdec/antenna/tag/e2806894000040038661f94f, 88
1652710436.520504, sdrt-health/mac:02010b41cdec/antenna/tag/e2806894000050038661fd4f, 83
1652710436.520879, sdrt-health/mac:02010b41cdec/antenna/tag/e28068940000400386621d4f, 96
1652710436.521261, sdrt-health/mac:02010b41cdec/antenna/tag/e2806894000050038662154f, 97
1652710436.521599, sdrt-health/mac:02010b41cdec/antenna/tag/e28068940000400386621d4f, 96
1652710436.542044, sdrt-health/mac:02010b41cdec/antenna/tag/e2806894000050038662154f, 91
1652710436.542444, sdrt-health/mac:02010b41cdec/antenna/tag/e2806894000050038661fd4f, 83
1652710436.542804, sdrt-health/mac:02010b41cdec/antenna/tag/e28068940000400386621d4f, 96
1652710436.596669, sdrt-health/mac:02010b41cdec/antenna/tag/e2806894000050038661fd4f, 83
1652710436.624932, sdrt-health/mac:02010b41cdec/antenna/tag/e28068940000400386621d4f, 96
1652710436.625423, sdrt-health/mac:02010b41cdec/antenna/tag/e2806894000050038662154f, 85
1652710436.651461, sdrt-health/mac:02010b41cdec/antenna/tag/e28068940000400386621d4f, 96
1652710436.687856, sdrt-health/mac:02010b41cdec/antenna/tag/e2806894000040038662114f, 85
1652710436.784932, sdrt-health/mac:02010b41cdec/antenna/tag/e28068940000400386621d4f, 96
1652710436.785504, sdrt-health/mac:02010b41cdec/antenna/tag/e2806894000050038662154f, 88
1652710436.833649, sdrt-health/mac:02010b41cdec/antenna/tag/e2806894000040038662114f, 88
1652710436.870553, sdrt-health/mac:02010b41cdec/antenna/tag/e28068940000400386621d4f, 96
1652710437.104729, sdrt-health/mac:02010b41cdec/antenna/tag/e2806894000050038661fd4f, 86
1652710437.105225, sdrt-health/mac:02010b41cdec/antenna/tag/e28068940000400386621d4f, 96
1652710437.10556, sdrt-health/mac:02010b41cdec/antenna/tag/e2806894000040038662114f, 88
1652710437.105878, sdrt-health/mac:02010b41cdec/antenna/tag/e2806894000050038661fd4f, 86
1652710437.12541, sdrt-health/mac:02010b41cdec/antenna/tag/e2806894000050038662194f, 81
1652710437.125858, sdrt-health/mac:02010b41cdec/antenna/tag/e2806894000040038662114f, 88
1652710437.127161, sdrt-health/mac:02010b41cdec/antenna/tag/e2806894000050038662154f, 85
1652710437.127489, sdrt-health/mac:02010b41cdec/antenna/tag/e2806894000050038661fd4f, 83
1652710437.150204, sdrt-health/mac:02010b41cdec/antenna/tag/e2806894000040038662114f, 88
1652710437.185641, sdrt-health/mac:02010b41cdec/antenna/tag/e2806894000040038662114f, 85
1652710437.231098, sdrt-health/mac:02010b41cdec/antenna/tag/e2806894000050038662154f, 91
1652710437.331004, sdrt-health/mac:02010b41cdec/antenna/tag/e2806894000050038661fd4f, 86
1652710437.377311, sdrt-health/mac:02010b41cdec/antenna/tag/e2806894000050038662154f, 91
1652710437.453089, sdrt-health/mac:02010b41cdec/antenna/tag/e2806894000050038662194f, 81
1652710437.453569, sdrt-health/mac:02010b41cdec/antenna/tag/e2806894000040038662114f, 91
1652710437.453939, sdrt-health/mac:02010b41cdec/antenna/tag/e2806894000050038662194f, 81
1652710437.476743, sdrt-health/mac:02010b41cdec/antenna/tag/e2806894000050038661fd4f, 83
1652710437.528194, sdrt-health/mac:02010b41cdec/antenna/tag/e2806894000040038662114f, 85
1652710437.570401, sdrt-health/mac:02010b41cdec/antenna/tag/e2806894000050038661fd4f, 83
1652710437.65708, sdrt-health/mac:02010b41cdec/antenna/tag/e28068940000400386621d4f, 96
1652710437.65754, sdrt-health/mac:02010b41cdec/antenna/tag/e28068940000400386621d4f, 96
1652710437.678823, sdrt-health/mac:02010b41cdec/antenna/tag/e2806894000050038661fd4f, 97
1652710437.73469, sdrt-health/mac:02010b41cdec/antenna/tag/e28068940000400386621d4f, 90
1652710437.735166, sdrt-health/mac:02010b41cdec/antenna/tag/e2806894000050038661fd4f, 97
1652710437.73548, sdrt-health/mac:02010b41cdec/antenna/tag/e28068940000400386621d4f, 96
1652710437.735781, sdrt-health/mac:02010b41cdec/antenna/tag/e2806894000050038661fd4f, 97
1652710437.736146, sdrt-health/mac:02010b41cdec/antenna/tag/e2806894000040038662114f, 85
1652710437.749857, sdrt-health/mac:02010b41cdec/antenna/tag/e2806894000040038662114f, 85
1652710437.787201, sdrt-health/mac:02010b41cdec/antenna/tag/e28068940000400386621d4f, 96
1652710437.856774, sdrt-health/mac:02010b41cdec/antenna/tag/e2806894000050038661fd4f, 83
1652710437.89032, sdrt-health/mac:02010b41cdec/antenna/tag/e2806894000040038662114f, 88
1652710437.890948, sdrt-health/mac:02010b41cdec/antenna/tag/e2806894000050038662154f, 91
1652710437.922009, sdrt-health/mac:02010b41cdec/antenna/tag/e2806894000050038662154f, 91
1652710437.953237, sdrt-health/mac:02010b41cdec/antenna/tag/e2806894000050038662154f, 91
1652710437.953594, sdrt-health/mac:02010b41cdec/antenna/tag/e2806894000040038662114f, 88
1652710437.976823, sdrt-health/mac:02010b41cdec/antenna/tag/e28068940000400386621d4f, 96
1652710438.014783, sdrt-health/mac:02010b41cdec/antenna/tag/e2806894000050038662154f, 91
1652710438.015118, sdrt-health/mac:02010b41cdec/antenna/tag/e28068940000400386621d4f, 90
1652710438.047552, sdrt-health/mac:02010b41cdec/antenna/tag/e2806894000040038662114f, 88
1652710438.131906, sdrt-health/mac:02010b41cdec/antenna/tag/e2806894000040038662114f, 91
1652710438.132414, sdrt-health/mac:02010b41cdec/antenna/tag/e2806894000050038662154f, 88
1652710438.149541, sdrt-health/mac:02010b41cdec/antenna/tag/e2806894000050038661fd4f, 86
1652710438.149899, sdrt-health/mac:02010b41cdec/antenna/tag/e2806894000050038662194f, 83
1652710438.207349, sdrt-health/mac:02010b41cdec/antenna/tag/e28068940000400386621d4f, 96
1652710438.279566, sdrt-health/mac:02010b41cdec/antenna/tag/e2806894000050038662194f, 83
1652710438.343341, sdrt-health/mac:02010b41cdec/antenna/tag/e2806894000040038662114f, 88
1652710438.378636, sdrt-health/mac:02010b41cdec/antenna/tag/e2806894000050038662154f, 88
1652710438.456706, sdrt-health/mac:02010b41cdec/antenna/tag/e2806894000050038662154f, 88
1652710438.45742, sdrt-health/mac:02010b41cdec/antenna/tag/e2806894000050038662154f, 88
1652710438.457762, sdrt-health/mac:02010b41cdec/antenna/tag/e2806894000050038661fd4f, 83
1652710438.458082, sdrt-health/mac:02010b41cdec/antenna/tag/e2806894000050038662154f, 91
1652710438.471768, sdrt-health/mac:02010b41cdec/antenna/tag/e28068940000400386621d4f, 96
1652710438.472107, sdrt-health/mac:02010b41cdec/antenna/tag/e2806894000040038662114f, 85
1652710438.508012, sdrt-health/mac:02010b41cdec/antenna/tag/e2806894000050038661fd4f, 83
1652710438.547735, sdrt-health/mac:02010b41cdec/antenna/tag/e28068940000400386621d4f, 96
1652710438.587098, sdrt-health/mac:02010b41cdec/antenna/tag/e2806894000050038661fd4f, 83
1652710438.647998, sdrt-health/mac:02010b41cdec/antenna/tag/e2806894000050038661fd4f, 83
1652710438.648556, sdrt-health/mac:02010b41cdec/antenna/tag/e2806894000050038661fd4f, 83
1652710438.666428, sdrt-health/mac:02010b41cdec/antenna/tag/e2806894000040038662114f, 88
1652710438.732869, sdrt-health/mac:02010b41cdec/antenna/tag/e2806894000050038661fd4f, 86
1652710438.733414, sdrt-health/mac:02010b41cdec/antenna/tag/e2806894000040038662114f, 85
1652710438.752595, sdrt-health/mac:02010b41cdec/antenna/tag/e2806894000050038662194f, 81
1652710438.807237, sdrt-health/mac:02010b41cdec/antenna/tag/e28068940000400386621d4f, 96
1652710438.836765, sdrt-health/mac:02010b41cdec/antenna/tag/e28068940000400386621d4f, 90
1652710438.837172, sdrt-health/mac:02010b41cdec/antenna/tag/e2806894000050038661fd4f, 83
1652710438.837427, sdrt-health/mac:02010b41cdec/antenna/tag/e2806894000040038662114f, 85
1652710438.871881, sdrt-health/mac:02010b41cdec/antenna/tag/e2806894000050038662154f, 85
1652710438.898647, sdrt-health/mac:02010b41cdec/antenna/tag/e2806894000050038661fd4f, 97
1652710438.898894, sdrt-health/mac:02010b41cdec/antenna/tag/e2806894000050038662154f, 85
1652710438.934035, sdrt-health/mac:02010b41cdec/antenna/tag/e28068940000400386621d4f, 90
1652710438.934365, sdrt-health/mac:02010b41cdec/antenna/tag/e2806894000050038662154f, 85
1652710438.973872, sdrt-health/mac:02010b41cdec/antenna/tag/e2806894000040038662114f, 88
1652710439.034185, sdrt-health/mac:02010b41cdec/antenna/tag/e2806894000050038662194f, 81
1652710439.034652, sdrt-health/mac:02010b41cdec/antenna/tag/e2806894000040038662114f, 85
1652710439.035019, sdrt-health/mac:02010b41cdec/antenna/tag/e2806894000040038662114f, 88
1652710439.083834, sdrt-health/mac:02010b41cdec/antenna/tag/e2806894000050038662154f, 93
1652710439.113272, sdrt-health/mac:02010b41cdec/antenna/tag/e2806894000050038662194f, 84
1652710439.113575, sdrt-health/mac:02010b41cdec/antenna/tag/e2806894000050038661fd4f, 83
1652710439.148133, sdrt-health/mac:02010b41cdec/antenna/tag/e2806894000050038662154f, 85
1652710439.178004, sdrt-health/mac:02010b41cdec/antenna/tag/e2806894000050038662154f, 88
1652710439.277422, sdrt-health/mac:02010b41cdec/antenna/tag/e28068940000400386621d4f, 96
1652710439.277958, sdrt-health/mac:02010b41cdec/antenna/tag/e28068940000400386621d4f, 90
1652710439.293608, sdrt-health/mac:02010b41cdec/antenna/tag/e2806894000050038662154f, 88
1652710439.322028, sdrt-health/mac:02010b41cdec/antenna/tag/e2806894000050038661fd4f, 83
1652710439.322234, sdrt-health/mac:02010b41cdec/antenna/tag/e28068940000400386621d4f, 96
1652710439.424601, sdrt-health/mac:02010b41cdec/antenna/tag/e2806894000050038662154f, 93
1652710439.425216, sdrt-health/mac:02010b41cdec/antenna/tag/e2806894000050038661fd4f, 83
1652710439.431099, sdrt-health/mac:02010b41cdec/antenna/tag/e2806894000050038661fd4f, 83
1652710439.443096, sdrt-health/mac:02010b41cdec/antenna/tag/e28068940000400386621d4f, 90
1652710439.443352, sdrt-health/mac:02010b41cdec/antenna/tag/e2806894000050038661fd4f, 86
1652710439.46936, sdrt-health/mac:02010b41cdec/antenna/tag/e2806894000050038662194f, 81
1652710439.507142, sdrt-health/mac:02010b41cdec/antenna/tag/e28068940000400386621d4f, 96
1652710439.546886, sdrt-health/mac:02010b41cdec/antenna/tag/e28068940000400386621d4f, 90
1652710439.602359, sdrt-health/mac:02010b41cdec/antenna/tag/e2806894000040038662114f, 97
1652710439.602874, sdrt-health/mac:02010b41cdec/antenna/tag/e28068940000400386621d4f, 90
1652710439.617429, sdrt-health/mac:02010b41cdec/antenna/tag/e2806894000050038661fd4f, 86
1652710439.628428, sdrt-health/mac:02010b41cdec/antenna/tag/e2806894000050038662194f, 83
1652710439.690829, sdrt-health/mac:02010b41cdec/antenna/tag/e2806894000050038662194f, 83
1652710439.692248, sdrt-health/mac:02010b41cdec/antenna/tag/e28068940000400386621d4f, 90
1652710439.692655, sdrt-health/mac:02010b41cdec/antenna/tag/e2806894000050038662194f, 94
1652710439.717876, sdrt-health/mac:02010b41cdec/antenna/tag/e28068940000400386621d4f, 96
1652710439.7525, sdrt-health/mac:02010b41cdec/antenna/tag/e2806894000050038662154f, 85
1652710439.752816, sdrt-health/mac:02010b41cdec/antenna/tag/e2806894000050038662194f, 84
1652710439.766084, sdrt-health/mac:02010b41cdec/antenna/tag/e2806894000050038661fd4f, 97
1652710439.76633, sdrt-health/mac:02010b41cdec/antenna/tag/e2806894000040038662114f, 88
1652710439.819217, sdrt-health/mac:02010b41cdec/antenna/tag/e2806894000050038662194f, 94
1652710439.875235, sdrt-health/mac:02010b41cdec/antenna/tag/e2806894000050038662154f, 91
1652710439.876195, sdrt-health/mac:02010b41cdec/antenna/tag/e2806894000050038661fd4f, 86
1652710439.890231, sdrt-health/mac:02010b41cdec/antenna/tag/e28068940000400386621d4f, 96
1652710439.957412, sdrt-health/mac:02010b41cdec/antenna/tag/e2806894000040038662114f, 91
1652710440.00596, sdrt-health/mac:02010b41cdec/antenna/tag/e2806894000050038662154f, 85
1652710440.056411, sdrt-health/mac:02010b41cdec/antenna/tag/e2806894000050038662154f, 85
1652710440.108881, sdrt-health/mac:02010b41cdec/antenna/tag/e2806894000040038662114f, 88
1652710440.184707, sdrt-health/mac:02010b41cdec/antenna/tag/e2806894000050038662194f, 87
1652710440.185241, sdrt-health/mac:02010b41cdec/antenna/tag/e2806894000050038661fd4f, 83
1652710440.199693, sdrt-health/mac:02010b41cdec/antenna/tag/e2806894000050038662154f, 85
1652710440.252614, sdrt-health/mac:02010b41cdec/antenna/tag/e2806894000050038662194f, 81
1652710440.281523, sdrt-health/mac:02010b41cdec/antenna/tag/e2806894000050038662154f, 85
1652710440.282139, sdrt-health/mac:02010b41cdec/antenna/tag/e2806894000050038661fd4f, 83
1652710440.296178, sdrt-health/mac:02010b41cdec/antenna/tag/e2806894000040038662114f, 88
1652710440.348937, sdrt-health/mac:02010b41cdec/antenna/tag/e2806894000040038662114f, 85
1652710440.425902, sdrt-health/mac:02010b41cdec/antenna/tag/e2806894000050038662194f, 94
1652710440.426373, sdrt-health/mac:02010b41cdec/antenna/tag/e2806894000050038662194f, 81
1652710440.426809, sdrt-health/mac:02010b41cdec/antenna/tag/e2806894000040038662114f, 85
1652710440.445654, sdrt-health/mac:02010b41cdec/antenna/tag/e2806894000040038662114f, 85
1652710440.445895, sdrt-health/mac:02010b41cdec/antenna/tag/e2806894000040038662114f, 85
1652710440.492294, sdrt-health/mac:02010b41cdec/antenna/tag/e2806894000050038662154f, 88
1652710440.563448, sdrt-health/mac:02010b41cdec/antenna/tag/e2806894000050038661fd4f, 83
1652710440.563924, sdrt-health/mac:02010b41cdec/antenna/tag/e2806894000040038662114f, 88
1652710440.577375, sdrt-health/mac:02010b41cdec/antenna/tag/e28068940000400386621d4f, 96
1652710440.586824, sdrt-health/mac:02010b41cdec/antenna/tag/e28068940000400386621d4f, 96
1652710440.592093, sdrt-health/mac:02010b41cdec/antenna/tag/e2806894000040038662114f, 85
1652710440.627837, sdrt-health/mac:02010b41cdec/antenna/tag/e2806894000040038662114f, 85
1652710440.701056, sdrt-health/mac:02010b41cdec/antenna/tag/e28068940000400386621d4f, 90
1652710440.701568, sdrt-health/mac:02010b41cdec/antenna/tag/e2806894000050038661fd4f, 83
1652710440.701962, sdrt-health/mac:02010b41cdec/antenna/tag/e28068940000400386621d4f, 96
1652710440.761759, sdrt-health/mac:02010b41cdec/antenna/tag/e2806894000050038662194f, 81
1652710440.80718, sdrt-health/mac:02010b41cdec/antenna/tag/e2806894000040038662114f, 88
1652710440.847369, sdrt-health/mac:02010b41cdec/antenna/tag/e2806894000050038661fd4f, 83
1652710440.906653, sdrt-health/mac:02010b41cdec/antenna/tag/e28068940000400386621d4f, 90
1652710440.907424, sdrt-health/mac:02010b41cdec/antenna/tag/e2806894000050038662194f, 83
1652710440.92323, sdrt-health/mac:02010b41cdec/antenna/tag/e28068940000400386621d4f, 90
1652710440.937262, sdrt-health/mac:02010b41cdec/antenna/tag/e2806894000040038662114f, 88
1652710440.94231, sdrt-health/mac:02010b41cdec/antenna/tag/e2806894000050038662154f, 88
1652710440.989878, sdrt-health/mac:02010b41cdec/antenna/tag/e2806894000050038662154f, 88
1652710441.047188, sdrt-health/mac:02010b41cdec/antenna/tag/e2806894000050038661fd4f, 86
1652710441.096564, sdrt-health/mac:02010b41cdec/antenna/tag/e28068940000400386621d4f, 96
1652710441.148046, sdrt-health/mac:02010b41cdec/antenna/tag/e28068940000400386621d4f, 96
1652710441.224469, sdrt-health/mac:02010b41cdec/antenna/tag/e2806894000040038662114f, 91
1652710441.224952, sdrt-health/mac:02010b41cdec/antenna/tag/e2806894000040038662114f, 88
1652710441.2378, sdrt-health/mac:02010b41cdec/antenna/tag/e2806894000050038662154f, 88
1652710441.248658, sdrt-health/mac:02010b41cdec/antenna/tag/e2806894000040038661f94f, 88
1652710441.301748, sdrt-health/mac:02010b41cdec/antenna/tag/e2806894000040038662114f, 88
1652710441.351898, sdrt-health/mac:02010b41cdec/antenna/tag/e2806894000050038661fd4f, 83
1652710441.352216, sdrt-health/mac:02010b41cdec/antenna/tag/e2806894000050038662194f, 81
1652710441.352441, sdrt-health/mac:02010b41cdec/antenna/tag/e2806894000050038662154f, 85
1652710441.371459, sdrt-health/mac:02010b41cdec/antenna/tag/e28068940000400386621d4f, 90
1652710441.389819, sdrt-health/mac:02010b41cdec/antenna/tag/e28068940000400386621d4f, 90
1652710441.420243, sdrt-health/mac:02010b41cdec/antenna/tag/e2806894000040038662114f, 93
1652710441.420559, sdrt-health/mac:02010b41cdec/antenna/tag/e2806894000050038662154f, 91
1652710441.44397, sdrt-health/mac:02010b41cdec/antenna/tag/e2806894000050038662154f, 91
1652710441.445214, sdrt-health/mac:02010b41cdec/antenna/tag/e2806894000050038662154f, 91
1652710441.48709, sdrt-health/mac:02010b41cdec/antenna/tag/e2806894000050038661fd4f, 86
1652710441.536602, sdrt-health/mac:02010b41cdec/antenna/tag/e2806894000050038662154f, 88
1652710441.592107, sdrt-health/mac:02010b41cdec/antenna/tag/e28068940000400386621d4f, 90
1652710441.592548, sdrt-health/mac:02010b41cdec/antenna/tag/e28068940000400386621d4f, 90
1652710441.592952, sdrt-health/mac:02010b41cdec/antenna/tag/e2806894000050038661fd4f, 86
1652710441.593272, sdrt-health/mac:02010b41cdec/antenna/tag/e2806894000050038662154f, 88
1652710441.636989, sdrt-health/mac:02010b41cdec/antenna/tag/e2806894000040038662114f, 88
1652710441.704559, sdrt-health/mac:02010b41cdec/antenna/tag/e2806894000050038662154f, 91
1652710441.705084, sdrt-health/mac:02010b41cdec/antenna/tag/e2806894000050038661fd4f, 97
1652710441.717937, sdrt-health/mac:02010b41cdec/antenna/tag/e2806894000050038662154f, 88
1652710441.769523, sdrt-health/mac:02010b41cdec/antenna/tag/e28068940000400386621d4f, 96
1652710441.769885, sdrt-health/mac:02010b41cdec/antenna/tag/e28068940000400386621d4f, 96
1652710441.797964, sdrt-health/mac:02010b41cdec/antenna/tag/e28068940000400386621d4f, 96
1652710441.852699, sdrt-health/mac:02010b41cdec/antenna/tag/e2806894000040038662114f, 88
1652710441.906335, sdrt-health/mac:02010b41cdec/antenna/tag/e2806894000050038662154f, 91
1652710441.971493, sdrt-health/mac:02010b41cdec/antenna/tag/e2806894000050038662154f, 91
1652710441.97205, sdrt-health/mac:02010b41cdec/antenna/tag/e28068940000400386621d4f, 96
1652710441.984987, sdrt-health/mac:02010b41cdec/antenna/tag/e2806894000050038662194f, 83
1652710441.98539, sdrt-health/mac:02010b41cdec/antenna/tag/e2806894000050038661fd4f, 83
1652710442.012878, sdrt-health/mac:02010b41cdec/antenna/tag/e2806894000050038661fd4f, 83
1652710442.067858, sdrt-health/mac:02010b41cdec/antenna/tag/e2806894000050038662154f, 88
1652710442.105618, sdrt-health/mac:02010b41cdec/antenna/tag/e28068940000400386621d4f, 96
1652710442.106031, sdrt-health/mac:02010b41cdec/antenna/tag/e2806894000050038662154f, 91
1652710442.121934, sdrt-health/mac:02010b41cdec/antenna/tag/e2806894000040038662114f, 88
1652710442.122299, sdrt-health/mac:02010b41cdec/antenna/tag/e2806894000050038661fd4f, 83
1652710442.147316, sdrt-health/mac:02010b41cdec/antenna/tag/e2806894000050038661fd4f, 83
1652710442.196181, sdrt-health/mac:02010b41cdec/antenna/tag/e28068940000400386621d4f, 96
1652710442.267808, sdrt-health/mac:02010b41cdec/antenna/tag/e2806894000050038661fd4f, 83
1652710442.268811, sdrt-health/mac:02010b41cdec/antenna/tag/e2806894000050038661fd4f, 83
1652710442.282864, sdrt-health/mac:02010b41cdec/antenna/tag/e28068940000400386621d4f, 96
1652710442.303461, sdrt-health/mac:02010b41cdec/antenna/tag/e2806894000050038661fd4f, 97
1652710442.340954, sdrt-health/mac:02010b41cdec/antenna/tag/e28068940000400386621d4f, 96
1652710442.370257, sdrt-health/mac:02010b41cdec/antenna/tag/e2806894000050038661fd4f, 83
1652710442.370588, sdrt-health/mac:02010b41cdec/antenna/tag/e28068940000400386621d4f, 96
1652710442.386532, sdrt-health/mac:02010b41cdec/antenna/tag/e2806894000040038662114f, 88
1652710442.472583, sdrt-health/mac:02010b41cdec/antenna/tag/e2806894000050038662194f, 94
1652710442.527472, sdrt-health/mac:02010b41cdec/antenna/tag/e28068940000400386621d4f, 90
1652710442.57259, sdrt-health/mac:02010b41cdec/antenna/tag/e2806894000050038662194f, 83
1652710442.600938, sdrt-health/mac:02010b41cdec/antenna/tag/e2806894000040038662114f, 88
1652710442.601265, sdrt-health/mac:02010b41cdec/antenna/tag/e2806894000050038662154f, 88
1652710442.674686, sdrt-health/mac:02010b41cdec/antenna/tag/e28068940000400386621d4f, 96
1652710442.725625, sdrt-health/mac:02010b41cdec/antenna/tag/e2806894000040038662114f, 88
1652710442.789063, sdrt-health/mac:02010b41cdec/antenna/tag/e2806894000040038662114f, 88
1652710442.789527, sdrt-health/mac:02010b41cdec/antenna/tag/e2806894000050038662154f, 85
1652710442.802962, sdrt-health/mac:02010b41cdec/antenna/tag/e2806894000040038662114f, 85
1652710442.803998, sdrt-health/mac:02010b41cdec/antenna/tag/e2806894000040038661f94f, 94
1652710442.827476, sdrt-health/mac:02010b41cdec/antenna/tag/e2806894000050038662154f, 88
1652710442.903192, sdrt-health/mac:02010b41cdec/antenna/tag/e2806894000040038662114f, 88
1652710442.903694, sdrt-health/mac:02010b41cdec/antenna/tag/e2806894000040038662114f, 88
1652710442.904029, sdrt-health/mac:02010b41cdec/antenna/tag/e28068940000400386621d4f, 96
1652710442.90487, sdrt-health/mac:02010b41cdec/antenna/tag/e2806894000050038662154f, 91
1652710442.949151, sdrt-health/mac:02010b41cdec/antenna/tag/e28068940000400386621d4f, 96
1652710442.981411, sdrt-health/mac:02010b41cdec/antenna/tag/e2806894000050038661fd4f, 83
1652710443.030976, sdrt-health/mac:02010b41cdec/antenna/tag/e28068940000400386621d4f, 96
1652710443.0315, sdrt-health/mac:02010b41cdec/antenna/tag/e2806894000050038662154f, 91
1652710443.031918, sdrt-health/mac:02010b41cdec/antenna/tag/e28068940000400386621d4f, 96
1652710443.066841, sdrt-health/mac:02010b41cdec/antenna/tag/e28068940000400386621d4f, 96
1652710443.10758, sdrt-health/mac:02010b41cdec/antenna/tag/e28068940000400386621d4f, 96
1652710443.16742, sdrt-health/mac:02010b41cdec/antenna/tag/e2806894000040038662114f, 85
1652710443.214244, sdrt-health/mac:02010b41cdec/antenna/tag/e2806894000040038662114f, 85
1652710443.242517, sdrt-health/mac:02010b41cdec/antenna/tag/e28068940000400386621d4f, 96
1652710443.242884, sdrt-health/mac:02010b41cdec/antenna/tag/e28068940000400386621d4f, 96
1652710443.270712, sdrt-health/mac:02010b41cdec/antenna/tag/e2806894000040038662114f, 85
1652710443.331376, sdrt-health/mac:02010b41cdec/antenna/tag/e2806894000040038662114f, 85
1652710443.331953, sdrt-health/mac:02010b41cdec/antenna/tag/e2806894000050038662154f, 88
1652710443.377029, sdrt-health/mac:02010b41cdec/antenna/tag/e2806894000050038662194f, 83
1652710443.434462, sdrt-health/mac:02010b41cdec/antenna/tag/e2806894000050038662194f, 81
1652710443.434958, sdrt-health/mac:02010b41cdec/antenna/tag/e2806894000050038662154f, 88
1652710443.449768, sdrt-health/mac:02010b41cdec/antenna/tag/e2806894000050038661fd4f, 86
1652710443.467599, sdrt-health/mac:02010b41cdec/antenna/tag/e2806894000050038661fd4f, 86
1652710443.496167, sdrt-health/mac:02010b41cdec/antenna/tag/e2806894000050038662194f, 81
1652710443.496403, sdrt-health/mac:02010b41cdec/antenna/tag/e28068940000400386621d4f, 90
1652710443.510797, sdrt-health/mac:02010b41cdec/antenna/tag/e28068940000400386621d4f, 90
1652710443.56683, sdrt-health/mac:02010b41cdec/antenna/tag/e2806894000040038662114f, 85
1652710443.612693, sdrt-health/mac:02010b41cdec/antenna/tag/e28068940000400386621d4f, 96
1652710443.681696, sdrt-health/mac:02010b41cdec/antenna/tag/e2806894000050038661fd4f, 83
1652710443.682166, sdrt-health/mac:02010b41cdec/antenna/tag/e2806894000040038662114f, 85
1652710443.694812, sdrt-health/mac:02010b41cdec/antenna/tag/e2806894000050038661fd4f, 83
1652710443.714751, sdrt-health/mac:02010b41cdec/antenna/tag/e2806894000050038661fd4f, 86
1652710443.7151, sdrt-health/mac:02010b41cdec/antenna/tag/e2806894000040038662114f, 88
1652710443.765667, sdrt-health/mac:02010b41cdec/antenna/tag/e2806894000050038661fd4f, 86
1652710443.830476, sdrt-health/mac:02010b41cdec/antenna/tag/e2806894000040038662114f, 88
1652710443.830973, sdrt-health/mac:02010b41cdec/antenna/tag/e2806894000050038662154f, 88
1652710443.867225, sdrt-health/mac:02010b41cdec/antenna/tag/e28068940000400386621d4f, 96
1652710443.898812, sdrt-health/mac:02010b41cdec/antenna/tag/e2806894000040038662054f, 81
1652710443.899161, sdrt-health/mac:02010b41cdec/antenna/tag/e2806894000050038661fd4f, 83
1652710443.899422, sdrt-health/mac:02010b41cdec/antenna/tag/e2806894000050038661fd4f, 86
1652710444.085391, sdrt-health/mac:02010b41cdec/antenna/tag/scan, scan stopped
