1652710290.197387, sdrt-health/mac:02010b41cdec/antenna/power/set, {"power": 290}
1652710291.285593, sdrt-health/mac:02010b41cdec/antenna/power/set, 
1652710295.219056, sdrt-health/mac:02010b41cdec/antenna/tag/scan, {"time": 20000}
1652710295.650343, sdrt-health/mac:02010b41cdec/antenna/tag/e2806894000050038661fd4f, 86
1652710295.695297, sdrt-health/mac:02010b41cdec/antenna/tag/e2806894000050038662154f, 85
1652710295.755289, sdrt-health/mac:02010b41cdec/antenna/tag/e2806894000050038661fd4f, 86
1652710295.755794, sdrt-health/mac:02010b41cdec/antenna/tag/e2806894000050038662154f, 85
1652710295.807776, sdrt-health/mac:02010b41cdec/antenna/tag/e28068940000400386621d4f, 77
1652710295.862726, sdrt-health/mac:02010b41cdec/antenna/tag/e2806894000040038662114f, 88
1652710295.862939, sdrt-health/mac:02010b41cdec/antenna/tag/e2806894000050038661fd4f, 83
1652710295.876848, sdrt-health/mac:02010b41cdec/antenna/tag/e28068940000400386621d4f, 77
1652710295.877192, sdrt-health/mac:02010b41cdec/antenna/tag/e2806894000040038662114f, 88
1652710295.87744, sdrt-health/mac:02010b41cdec/antenna/tag/e28068940000400386621d4f, 77
1652710295.905902, sdrt-health/mac:02010b41cdec/antenna/tag/e28068940000400386621d4f, 90
1652710295.949519, sdrt-health/mac:02010b41cdec/antenna/tag/e28068940000400386621d4f, 96
1652710296.002259, sdrt-health/mac:02010b41cdec/antenna/tag/e2806894000050038662154f, 88
1652710296.002798, sdrt-health/mac:02010b41cdec/antenna/tag/e2806894000040038662114f, 97
1652710296.023555, sdrt-health/mac:02010b41cdec/antenna/tag/e2806894000050038661fd4f, 86
1652710296.024367, sdrt-health/mac:02010b41cdec/antenna/tag/e2806894000040038662114f, 97
1652710296.067382, sdrt-health/mac:02010b41cdec/antenna/tag/e2806894000050038661fd4f, 86
1652710296.140015, sdrt-health/mac:02010b41cdec/antenna/tag/e2806894000050038662154f, 88
1652710296.205592, sdrt-health/mac:02010b41cdec/antenna/tag/e2806894000040038662114f, 88
1652710296.234996, sdrt-health/mac:02010b41cdec/antenna/tag/e28068940000400386621d4f, 96
1652710296.23532, sdrt-health/mac:02010b41cdec/antenna/tag/e2806894000040038662114f, 88
1652710296.235532, sdrt-health/mac:02010b41cdec/antenna/tag/e28068940000400386621d4f, 96
1652710296.25587, sdrt-health/mac:02010b41cdec/antenna/tag/e28068940000400386621d4f, 96
1652710296.330201, sdrt-health/mac:02010b41cdec/antenna/tag/e2806894000050038661fd4f, 83
1652710296.33051, sdrt-health/mac:02010b41cdec/antenna/tag/e28068940000400386621d4f, 96
1652710296.345093, sdrt-health/mac:02010b41cdec/antenna/tag/e2806894000050038661fd4f, 91
1652710296.345466, sdrt-health/mac:02010b41cdec/antenna/tag/e2806894000040038662114f, 91
1652710296.345755, sdrt-health/mac:02010b41cdec/antenna/tag/e2806894000050038662194f, 81
1652710296.366932, sdrt-health/mac:02010b41cdec/antenna/tag/e28068940000400386621d4f, 96
1652710296.434714, sdrt-health/mac:02010b41cdec/antenna/tag/e28068940000400386621d4f, 96
1652710296.435298, sdrt-health/mac:02010b41cdec/antenna/tag/e28068940000400386621d4f, 77
1652710296.473153, sdrt-health/mac:02010b41cdec/antenna/tag/e2806894000050038661fd4f, 83
1652710296.510268, sdrt-health/mac:02010b41cdec/antenna/tag/e2806894000050038662194f, 81
1652710296.58627, sdrt-health/mac:02010b41cdec/antenna/tag/e2806894000050038662154f, 85
1652710296.586756, sdrt-health/mac:02010b41cdec/antenna/tag/e2806894000050038662154f, 91
1652710296.657686, sdrt-health/mac:02010b41cdec/antenna/tag/e28068940000400386621d4f, 96
1652710296.68953, sdrt-health/mac:02010b41cdec/antenna/tag/e2806894000050038661fd4f, 83
1652710296.689819, sdrt-health/mac:02010b41cdec/antenna/tag/e2806894000050038662154f, 91
1652710296.710286, sdrt-health/mac:02010b41cdec/antenna/tag/e2806894000050038662194f, 81
1652710296.738801, sdrt-health/mac:02010b41cdec/antenna/tag/e2806894000050038662154f, 93
1652710296.739076, sdrt-health/mac:02010b41cdec/antenna/tag/e2806894000050038661fd4f, 83
1652710296.758982, sdrt-health/mac:02010b41cdec/antenna/tag/e2806894000050038662154f, 88
1652710296.812176, sdrt-health/mac:02010b41cdec/antenna/tag/e2806894000050038662194f, 94
1652710296.843475, sdrt-health/mac:02010b41cdec/antenna/tag/e2806894000050038661fd4f, 83
1652710296.843975, sdrt-health/mac:02010b41cdec/antenna/tag/e2806894000050038662154f, 91
1652710296.858832, sdrt-health/mac:02010b41cdec/antenna/tag/e28068940000400386621d4f, 90
1652710296.907672, sdrt-health/mac:02010b41cdec/antenna/tag/e2806894000040038662114f, 91
1652710296.997518, sdrt-health/mac:02010b41cdec/antenna/tag/e28068940000400386621d4f, 96
1652710296.997996, sdrt-health/mac:02010b41cdec/antenna/tag/e2806894000040038662114f, 97
1652710297.011509, sdrt-health/mac:02010b41cdec/antenna/tag/e28068940000400386621d4f, 90
1652710297.012049, sdrt-health/mac:02010b41cdec/antenna/tag/e2806894000050038661fd4f, 86
1652710297.052919, sdrt-health/mac:02010b41cdec/antenna/tag/e28068940000400386621d4f, 90
1652710297.078872, sdrt-health/mac:02010b41cdec/antenna/tag/e2806894000050038662194f, 83
1652710297.079178, sdrt-health/mac:02010b41cdec/antenna/tag/e2806894000040038662114f, 91
1652710297.079359, sdrt-health/mac:02010b41cdec/antenna/tag/e2806894000050038662194f, 83
1652710297.09948, sdrt-health/mac:02010b41cdec/antenna/tag/e2806894000050038662194f, 81
1652710297.133699, sdrt-health/mac:02010b41cdec/antenna/tag/e2806894000040038662114f, 97
1652710297.134025, sdrt-health/mac:02010b41cdec/antenna/tag/e2806894000050038661fd4f, 86
1652710297.147509, sdrt-health/mac:02010b41cdec/antenna/tag/e2806894000050038662154f, 88
1652710297.204485, sdrt-health/mac:02010b41cdec/antenna/tag/e28068940000400386621d4f, 96
1652710297.205011, sdrt-health/mac:02010b41cdec/antenna/tag/e28068940000400386621d4f, 96
1652710297.227783, sdrt-health/mac:02010b41cdec/antenna/tag/e2806894000050038662154f, 91
1652710297.228516, sdrt-health/mac:02010b41cdec/antenna/tag/e2806894000050038662154f, 91
1652710297.268599, sdrt-health/mac:02010b41cdec/antenna/tag/e2806894000050038661fd4f, 83
1652710297.379694, sdrt-health/mac:02010b41cdec/antenna/tag/e28068940000400386621d4f, 90
1652710297.380154, sdrt-health/mac:02010b41cdec/antenna/tag/e2806894000050038661fd4f, 83
1652710297.40741, sdrt-health/mac:02010b41cdec/antenna/tag/e28068940000400386621d4f, 77
1652710297.452701, sdrt-health/mac:02010b41cdec/antenna/tag/e28068940000400386621d4f, 96
1652710297.497388, sdrt-health/mac:02010b41cdec/antenna/tag/e2806894000040038662114f, 88
1652710297.547651, sdrt-health/mac:02010b41cdec/antenna/tag/e2806894000050038661fd4f, 86
1652710297.611809, sdrt-health/mac:02010b41cdec/antenna/tag/e2806894000040038662114f, 91
1652710297.647967, sdrt-health/mac:02010b41cdec/antenna/tag/e2806894000050038661fd4f, 86
1652710297.648358, sdrt-health/mac:02010b41cdec/antenna/tag/e28068940000400386621d4f, 96
1652710297.691901, sdrt-health/mac:02010b41cdec/antenna/tag/e2806894000050038662194f, 83
1652710297.719435, sdrt-health/mac:02010b41cdec/antenna/tag/e2806894000040038662114f, 91
1652710297.719654, sdrt-health/mac:02010b41cdec/antenna/tag/e2806894000050038662154f, 88
1652710297.719801, sdrt-health/mac:02010b41cdec/antenna/tag/e2806894000050038662194f, 81
1652710297.719935, sdrt-health/mac:02010b41cdec/antenna/tag/e2806894000040038662114f, 91
1652710297.744503, sdrt-health/mac:02010b41cdec/antenna/tag/e2806894000050038661fd4f, 83
1652710297.814713, sdrt-health/mac:02010b41cdec/antenna/tag/e28068940000400386621d4f, 90
1652710297.815171, sdrt-health/mac:02010b41cdec/antenna/tag/e2806894000050038662154f, 91
1652710297.838127, sdrt-health/mac:02010b41cdec/antenna/tag/e28068940000400386621d4f, 96
1652710297.852453, sdrt-health/mac:02010b41cdec/antenna/tag/e28068940000400386621d4f, 90
1652710297.912509, sdrt-health/mac:02010b41cdec/antenna/tag/e2806894000050038662154f, 91
1652710297.941012, sdrt-health/mac:02010b41cdec/antenna/tag/e2806894000040038662114f, 88
1652710297.941389, sdrt-health/mac:02010b41cdec/antenna/tag/e2806894000040038662114f, 91
1652710297.941637, sdrt-health/mac:02010b41cdec/antenna/tag/e2806894000050038662154f, 88
1652710297.960735, sdrt-health/mac:02010b41cdec/antenna/tag/e28068940000400386621d4f, 96
1652710298.029209, sdrt-health/mac:02010b41cdec/antenna/tag/e28068940000400386621d4f, 90
1652710298.058001, sdrt-health/mac:02010b41cdec/antenna/tag/e2806894000050038662154f, 91
1652710298.059714, sdrt-health/mac:02010b41cdec/antenna/tag/e2806894000050038662154f, 91
1652710298.091333, sdrt-health/mac:02010b41cdec/antenna/tag/e2806894000040038662114f, 91
1652710298.142258, sdrt-health/mac:02010b41cdec/antenna/tag/e2806894000040038662114f, 91
1652710298.170138, sdrt-health/mac:02010b41cdec/antenna/tag/e28068940000400386621d4f, 96
1652710298.17037, sdrt-health/mac:02010b41cdec/antenna/tag/e2806894000040038662114f, 88
1652710298.170507, sdrt-health/mac:02010b41cdec/antenna/tag/e28068940000400386621d4f, 96
1652710298.187467, sdrt-health/mac:02010b41cdec/antenna/tag/e28068940000400386621d4f, 90
1652710298.245316, sdrt-health/mac:02010b41cdec/antenna/tag/e2806894000050038661fd4f, 83
1652710298.29884, sdrt-health/mac:02010b41cdec/antenna/tag/e28068940000400386621d4f, 77
1652710298.332836, sdrt-health/mac:02010b41cdec/antenna/tag/e2806894000050038661fd4f, 83
1652710298.333259, sdrt-health/mac:02010b41cdec/antenna/tag/e2806894000040038662114f, 91
1652710298.333554, sdrt-health/mac:02010b41cdec/antenna/tag/e2806894000050038662154f, 85
1652710298.350578, sdrt-health/mac:02010b41cdec/antenna/tag/e2806894000040038662214f, 84
1652710298.463341, sdrt-health/mac:02010b41cdec/antenna/tag/e2806894000050038661fd4f, 83
1652710298.46381, sdrt-health/mac:02010b41cdec/antenna/tag/e2806894000050038661fd4f, 83
1652710298.48654, sdrt-health/mac:02010b41cdec/antenna/tag/e28068940000400386621d4f, 90
1652710298.536316, sdrt-health/mac:02010b41cdec/antenna/tag/e2806894000050038662194f, 81
1652710298.619982, sdrt-health/mac:02010b41cdec/antenna/tag/e2806894000050038661fd4f, 86
1652710298.620501, sdrt-health/mac:02010b41cdec/antenna/tag/e28068940000400386621d4f, 90
1652710298.656054, sdrt-health/mac:02010b41cdec/antenna/tag/e2806894000050038662194f, 83
1652710298.683879, sdrt-health/mac:02010b41cdec/antenna/tag/e28068940000400386621d4f, 90
1652710298.684082, sdrt-health/mac:02010b41cdec/antenna/tag/e2806894000040038662114f, 97
1652710298.699397, sdrt-health/mac:02010b41cdec/antenna/tag/e2806894000050038661fd4f, 86
1652710298.725705, sdrt-health/mac:02010b41cdec/antenna/tag/e2806894000050038662154f, 88
1652710298.725939, sdrt-health/mac:02010b41cdec/antenna/tag/e28068940000400386621d4f, 96
1652710298.745153, sdrt-health/mac:02010b41cdec/antenna/tag/e28068940000400386621d4f, 77
1652710298.819801, sdrt-health/mac:02010b41cdec/antenna/tag/e2806894000040038662214f, 84
1652710298.82026, sdrt-health/mac:02010b41cdec/antenna/tag/e2806894000040038661f94f, 88
1652710298.837037, sdrt-health/mac:02010b41cdec/antenna/tag/e2806894000050038662154f, 85
1652710298.848875, sdrt-health/mac:02010b41cdec/antenna/tag/e2806894000040038662114f, 88
1652710298.851764, sdrt-health/mac:02010b41cdec/antenna/tag/e2806894000040038661f94f, 88
1652710298.89207, sdrt-health/mac:02010b41cdec/antenna/tag/e2806894000050038662194f, 83
1652710298.963196, sdrt-health/mac:02010b41cdec/antenna/tag/e2806894000050038661fd4f, 83
1652710298.96369, sdrt-health/mac:02010b41cdec/antenna/tag/e2806894000050038662154f, 97
1652710298.977014, sdrt-health/mac:02010b41cdec/antenna/tag/e2806894000050038662154f, 97
1652710299.003958, sdrt-health/mac:02010b41cdec/antenna/tag/e2806894000050038662194f, 83
1652710299.157559, sdrt-health/mac:02010b41cdec/antenna/tag/e2806894000040038662214f, 84
1652710299.254336, sdrt-health/mac:02010b41cdec/antenna/tag/e2806894000040038661f94f, 81
1652710299.284213, sdrt-health/mac:02010b41cdec/antenna/tag/e2806894000040038662114f, 88
1652710299.284478, sdrt-health/mac:02010b41cdec/antenna/tag/e2806894000050038661fd4f, 83
1652710299.284676, sdrt-health/mac:02010b41cdec/antenna/tag/e2806894000040038662214f, 82
1652710299.284845, sdrt-health/mac:02010b41cdec/antenna/tag/e2806894000050038661fd4f, 83
1652710299.312127, sdrt-health/mac:02010b41cdec/antenna/tag/e28068940000400386621d4f, 96
1652710299.340414, sdrt-health/mac:02010b41cdec/antenna/tag/e2806894000050038662154f, 88
1652710299.340823, sdrt-health/mac:02010b41cdec/antenna/tag/e2806894000040038662114f, 91
1652710299.341099, sdrt-health/mac:02010b41cdec/antenna/tag/e2806894000050038661fd4f, 83
1652710299.364945, sdrt-health/mac:02010b41cdec/antenna/tag/e2806894000050038662194f, 81
1652710299.41488, sdrt-health/mac:02010b41cdec/antenna/tag/e2806894000050038662194f, 81
1652710299.46789, sdrt-health/mac:02010b41cdec/antenna/tag/e2806894000050038662194f, 81
1652710299.531341, sdrt-health/mac:02010b41cdec/antenna/tag/e2806894000040038662114f, 91
1652710299.589185, sdrt-health/mac:02010b41cdec/antenna/tag/e2806894000050038662154f, 88
1652710299.657639, sdrt-health/mac:02010b41cdec/antenna/tag/e2806894000050038662194f, 82
1652710299.65814, sdrt-health/mac:02010b41cdec/antenna/tag/e2806894000050038661fd4f, 86
1652710299.678375, sdrt-health/mac:02010b41cdec/antenna/tag/e2806894000050038661fd4f, 86
1652710299.70993, sdrt-health/mac:02010b41cdec/antenna/tag/e2806894000050038661fd4f, 83
1652710299.736129, sdrt-health/mac:02010b41cdec/antenna/tag/e2806894000050038661fd4f, 83
1652710299.736403, sdrt-health/mac:02010b41cdec/antenna/tag/e2806894000050038661fd4f, 83
1652710299.774207, sdrt-health/mac:02010b41cdec/antenna/tag/e28068940000400386621d4f, 96
1652710299.838698, sdrt-health/mac:02010b41cdec/antenna/tag/e2806894000050038662194f, 83
1652710299.839242, sdrt-health/mac:02010b41cdec/antenna/tag/e28068940000400386621d4f, 96
1652710299.852649, sdrt-health/mac:02010b41cdec/antenna/tag/e2806894000050038661fd4f, 86
1652710299.860885, sdrt-health/mac:02010b41cdec/antenna/tag/e2806894000040038662114f, 88
1652710299.86515, sdrt-health/mac:02010b41cdec/antenna/tag/e2806894000050038661fd4f, 86
1652710299.909125, sdrt-health/mac:02010b41cdec/antenna/tag/e2806894000050038661fd4f, 86
1652710299.951356, sdrt-health/mac:02010b41cdec/antenna/tag/e2806894000040038662114f, 91
1652710300.033897, sdrt-health/mac:02010b41cdec/antenna/tag/e2806894000050038662154f, 91
1652710300.034362, sdrt-health/mac:02010b41cdec/antenna/tag/e28068940000400386621d4f, 96
1652710300.034734, sdrt-health/mac:02010b41cdec/antenna/tag/e2806894000050038662194f, 94
1652710300.035102, sdrt-health/mac:02010b41cdec/antenna/tag/e2806894000050038661fd4f, 86
1652710300.088272, sdrt-health/mac:02010b41cdec/antenna/tag/e2806894000050038661fd4f, 83
1652710300.142007, sdrt-health/mac:02010b41cdec/antenna/tag/e28068940000400386621d4f, 77
1652710300.142221, sdrt-health/mac:02010b41cdec/antenna/tag/e2806894000050038661fd4f, 83
1652710300.197281, sdrt-health/mac:02010b41cdec/antenna/tag/e2806894000040038661f94f, 88
1652710300.257932, sdrt-health/mac:02010b41cdec/antenna/tag/e28068940000400386621d4f, 96
1652710300.258617, sdrt-health/mac:02010b41cdec/antenna/tag/e2806894000050038661fd4f, 86
1652710300.27165, sdrt-health/mac:02010b41cdec/antenna/tag/e2806894000040038662114f, 85
1652710300.27213, sdrt-health/mac:02010b41cdec/antenna/tag/e2806894000050038662154f, 85
1652710300.332843, sdrt-health/mac:02010b41cdec/antenna/tag/e28068940000500386620d4f, 82
1652710300.378393, sdrt-health/mac:02010b41cdec/antenna/tag/e2806894000050038662154f, 91
1652710300.449982, sdrt-health/mac:02010b41cdec/antenna/tag/e2806894000040038662114f, 88
1652710300.450233, sdrt-health/mac:02010b41cdec/antenna/tag/e28068940000400386621d4f, 96
1652710300.492391, sdrt-health/mac:02010b41cdec/antenna/tag/e2806894000050038662154f, 88
1652710300.539385, sdrt-health/mac:02010b41cdec/antenna/tag/e28068940000400386621d4f, 96
1652710300.587654, sdrt-health/mac:02010b41cdec/antenna/tag/e2806894000050038661fd4f, 86
1652710300.667679, sdrt-health/mac:02010b41cdec/antenna/tag/e28068940000400386621d4f, 90
1652710300.668167, sdrt-health/mac:02010b41cdec/antenna/tag/e28068940000400386621d4f, 90
1652710300.681583, sdrt-health/mac:02010b41cdec/antenna/tag/e28068940000400386621d4f, 90
1652710300.698806, sdrt-health/mac:02010b41cdec/antenna/tag/e2806894000050038662194f, 83
1652710300.760199, sdrt-health/mac:02010b41cdec/antenna/tag/e28068940000400386621d4f, 77
1652710300.821027, sdrt-health/mac:02010b41cdec/antenna/tag/e28068940000400386621d4f, 77
1652710300.821571, sdrt-health/mac:02010b41cdec/antenna/tag/e2806894000050038661fd4f, 83
1652710300.857809, sdrt-health/mac:02010b41cdec/antenna/tag/e2806894000050038661fd4f, 86
1652710300.858929, sdrt-health/mac:02010b41cdec/antenna/tag/e28068940000400386621d4f, 96
1652710300.872809, sdrt-health/mac:02010b41cdec/antenna/tag/e2806894000050038661fd4f, 86
1652710300.910072, sdrt-health/mac:02010b41cdec/antenna/tag/e2806894000050038662194f, 83
1652710300.980705, sdrt-health/mac:02010b41cdec/antenna/tag/e28068940000400386621d4f, 96
1652710300.980919, sdrt-health/mac:02010b41cdec/antenna/tag/e2806894000050038662154f, 88
1652710301.013895, sdrt-health/mac:02010b41cdec/antenna/tag/e28068940000400386621d4f, 96
1652710301.043567, sdrt-health/mac:02010b41cdec/antenna/tag/e2806894000040038662114f, 91
1652710301.043912, sdrt-health/mac:02010b41cdec/antenna/tag/e2806894000050038661fd4f, 83
1652710301.076966, sdrt-health/mac:02010b41cdec/antenna/tag/e2806894000050038662154f, 91
1652710301.143563, sdrt-health/mac:02010b41cdec/antenna/tag/e2806894000040038662114f, 88
1652710301.202252, sdrt-health/mac:02010b41cdec/antenna/tag/e2806894000050038661fd4f, 86
1652710301.202687, sdrt-health/mac:02010b41cdec/antenna/tag/e2806894000040038662114f, 88
1652710301.202984, sdrt-health/mac:02010b41cdec/antenna/tag/e28068940000400386621d4f, 96
1652710301.223972, sdrt-health/mac:02010b41cdec/antenna/tag/e28068940000400386621d4f, 96
1652710301.224869, sdrt-health/mac:02010b41cdec/antenna/tag/e2806894000050038661fd4f, 83
1652710301.292515, sdrt-health/mac:02010b41cdec/antenna/tag/e2806894000040038662114f, 91
1652710301.360689, sdrt-health/mac:02010b41cdec/antenna/tag/e2806894000050038662154f, 97
1652710301.36104, sdrt-health/mac:02010b41cdec/antenna/tag/e2806894000040038662114f, 91
1652710301.404133, sdrt-health/mac:02010b41cdec/antenna/tag/e2806894000040038661f94f, 88
1652710301.454273, sdrt-health/mac:02010b41cdec/antenna/tag/e2806894000050038662154f, 85
1652710301.498489, sdrt-health/mac:02010b41cdec/antenna/tag/e2806894000050038662194f, 83
1652710301.562326, sdrt-health/mac:02010b41cdec/antenna/tag/e28068940000400386621d4f, 96
1652710301.5628, sdrt-health/mac:02010b41cdec/antenna/tag/e2806894000050038662154f, 85
1652710301.576386, sdrt-health/mac:02010b41cdec/antenna/tag/e2806894000050038661fd4f, 83
1652710301.577063, sdrt-health/mac:02010b41cdec/antenna/tag/e2806894000040038662114f, 88
1652710301.577453, sdrt-health/mac:02010b41cdec/antenna/tag/e2806894000050038662194f, 83
1652710301.605526, sdrt-health/mac:02010b41cdec/antenna/tag/e2806894000050038662194f, 94
1652710301.651395, sdrt-health/mac:02010b41cdec/antenna/tag/e2806894000050038661fd4f, 86
1652710301.678935, sdrt-health/mac:02010b41cdec/antenna/tag/e2806894000050038662194f, 81
1652710301.679249, sdrt-health/mac:02010b41cdec/antenna/tag/e2806894000050038662154f, 93
1652710301.693392, sdrt-health/mac:02010b41cdec/antenna/tag/e2806894000050038661fd4f, 83
1652710301.74731, sdrt-health/mac:02010b41cdec/antenna/tag/e2806894000050038661fd4f, 86
1652710301.816767, sdrt-health/mac:02010b41cdec/antenna/tag/e2806894000040038662114f, 91
1652710301.817429, sdrt-health/mac:02010b41cdec/antenna/tag/e28068940000400386621d4f, 96
1652710301.830698, sdrt-health/mac:02010b41cdec/antenna/tag/e2806894000050038661fd4f, 86
1652710301.831211, sdrt-health/mac:02010b41cdec/antenna/tag/e28068940000400386621d4f, 96
1652710301.831622, sdrt-health/mac:02010b41cdec/antenna/tag/e2806894000040038662114f, 91
1652710301.832123, sdrt-health/mac:02010b41cdec/antenna/tag/e2806894000050038662194f, 81
1652710301.86743, sdrt-health/mac:02010b41cdec/antenna/tag/e2806894000050038661fd4f, 83
1652710301.934085, sdrt-health/mac:02010b41cdec/antenna/tag/e28068940000400386621d4f, 77
1652710302.001275, sdrt-health/mac:02010b41cdec/antenna/tag/e2806894000050038662194f, 81
1652710302.001673, sdrt-health/mac:02010b41cdec/antenna/tag/e2806894000040038662114f, 88
1652710302.014808, sdrt-health/mac:02010b41cdec/antenna/tag/e2806894000050038661fd4f, 86
1652710302.037075, sdrt-health/mac:02010b41cdec/antenna/tag/e28068940000400386621d4f, 90
1652710302.064978, sdrt-health/mac:02010b41cdec/antenna/tag/e2806894000040038662114f, 91
1652710302.065228, sdrt-health/mac:02010b41cdec/antenna/tag/e2806894000050038662154f, 85
1652710302.086876, sdrt-health/mac:02010b41cdec/antenna/tag/e2806894000050038662194f, 81
1652710302.150124, sdrt-health/mac:02010b41cdec/antenna/tag/e28068940000400386621d4f, 96
1652710302.197074, sdrt-health/mac:02010b41cdec/antenna/tag/e2806894000040038662114f, 91
1652710302.266514, sdrt-health/mac:02010b41cdec/antenna/tag/e2806894000050038662154f, 88
1652710302.26705, sdrt-health/mac:02010b41cdec/antenna/tag/e2806894000050038661fd4f, 86
1652710302.280057, sdrt-health/mac:02010b41cdec/antenna/tag/e2806894000050038662154f, 85
1652710302.306808, sdrt-health/mac:02010b41cdec/antenna/tag/e2806894000050038661fd4f, 86
1652710302.333845, sdrt-health/mac:02010b41cdec/antenna/tag/e2806894000040038662114f, 88
1652710302.334061, sdrt-health/mac:02010b41cdec/antenna/tag/e2806894000050038662154f, 85
1652710302.348183, sdrt-health/mac:02010b41cdec/antenna/tag/e2806894000040038662114f, 91
1652710302.387025, sdrt-health/mac:02010b41cdec/antenna/tag/e2806894000040038662114f, 91
1652710302.427468, sdrt-health/mac:02010b41cdec/antenna/tag/e28068940000400386621d4f, 90
1652710302.469249, sdrt-health/mac:02010b41cdec/antenna/tag/e2806894000040038662114f, 91
1652710302.527651, sdrt-health/mac:02010b41cdec/antenna/tag/e2806894000040038662114f, 91
1652710302.528183, sdrt-health/mac:02010b41cdec/antenna/tag/e28068940000400386621d4f, 90
1652710302.566626, sdrt-health/mac:02010b41cdec/antenna/tag/e2806894000050038661fd4f, 86
1652710302.607967, sdrt-health/mac:02010b41cdec/antenna/tag/e2806894000050038661fd4f, 86
1652710302.669959, sdrt-health/mac:02010b41cdec/antenna/tag/e2806894000050038662154f, 91
1652710302.670462, sdrt-health/mac:02010b41cdec/antenna/tag/e2806894000050038662154f, 85
1652710302.69628, sdrt-health/mac:02010b41cdec/antenna/tag/e2806894000050038661fd4f, 83
1652710302.696704, sdrt-health/mac:02010b41cdec/antenna/tag/e2806894000050038662194f, 81
1652710302.697151, sdrt-health/mac:02010b41cdec/antenna/tag/e2806894000040038662114f, 88
1652710302.697578, sdrt-health/mac:02010b41cdec/antenna/tag/e2806894000050038662154f, 88
1652710302.734308, sdrt-health/mac:02010b41cdec/antenna/tag/e2806894000050038662154f, 87
1652710302.781297, sdrt-health/mac:02010b41cdec/antenna/tag/e2806894000050038661fd4f, 86
1652710302.84236, sdrt-health/mac:02010b41cdec/antenna/tag/e2806894000050038662154f, 93
1652710302.84298, sdrt-health/mac:02010b41cdec/antenna/tag/e2806894000040038662114f, 91
1652710302.856227, sdrt-health/mac:02010b41cdec/antenna/tag/e2806894000050038662194f, 81
1652710302.886135, sdrt-health/mac:02010b41cdec/antenna/tag/e2806894000040038662114f, 85
1652710302.886496, sdrt-health/mac:02010b41cdec/antenna/tag/e2806894000050038662194f, 81
1652710302.944324, sdrt-health/mac:02010b41cdec/antenna/tag/e2806894000050038662194f, 81
1652710302.972775, sdrt-health/mac:02010b41cdec/antenna/tag/e2806894000050038661fd4f, 86
1652710302.972986, sdrt-health/mac:02010b41cdec/antenna/tag/e28068940000400386621d4f, 77
1652710302.990715, sdrt-health/mac:02010b41cdec/antenna/tag/e2806894000050038662194f, 94
1652710303.019026, sdrt-health/mac:02010b41cdec/antenna/tag/e2806894000040038662114f, 88
1652710303.019256, sdrt-health/mac:02010b41cdec/antenna/tag/e2806894000050038662154f, 85
1652710303.019425, sdrt-health/mac:02010b41cdec/antenna/tag/e28068940000400386621d4f, 77
1652710303.044914, sdrt-health/mac:02010b41cdec/antenna/tag/e28068940000400386621d4f, 96
1652710303.0965, sdrt-health/mac:02010b41cdec/antenna/tag/e28068940000400386621d4f, 96
1652710303.163207, sdrt-health/mac:02010b41cdec/antenna/tag/e2806894000040038662114f, 88
1652710303.163738, sdrt-health/mac:02010b41cdec/antenna/tag/e2806894000050038661fd4f, 83
1652710303.179685, sdrt-health/mac:02010b41cdec/antenna/tag/e28068940000400386621d4f, 90
1652710303.220736, sdrt-health/mac:02010b41cdec/antenna/tag/e2806894000050038662154f, 88
1652710303.221046, sdrt-health/mac:02010b41cdec/antenna/tag/e2806894000050038662154f, 88
1652710303.233848, sdrt-health/mac:02010b41cdec/antenna/tag/e2806894000050038662194f, 81
1652710303.250842, sdrt-health/mac:02010b41cdec/antenna/tag/e28068940000400386621d4f, 77
1652710303.320708, sdrt-health/mac:02010b41cdec/antenna/tag/e2806894000040038662114f, 85
1652710303.321211, sdrt-health/mac:02010b41cdec/antenna/tag/e2806894000050038662154f, 91
1652710303.34035, sdrt-health/mac:02010b41cdec/antenna/tag/e2806894000040038662114f, 91
1652710303.395337, sdrt-health/mac:02010b41cdec/antenna/tag/e2806894000040038662114f, 91
1652710303.476814, sdrt-health/mac:02010b41cdec/antenna/tag/e2806894000050038662194f, 81
1652710303.536055, sdrt-health/mac:02010b41cdec/antenna/tag/e2806894000040038662114f, 97
1652710303.5805, sdrt-health/mac:02010b41cdec/antenna/tag/e2806894000040038662114f, 97
1652710303.609888, sdrt-health/mac:02010b41cdec/antenna/tag/e2806894000050038661fd4f, 86
1652710303.610349, sdrt-health/mac:02010b41cdec/antenna/tag/e2806894000050038662154f, 88
1652710303.610767, sdrt-health/mac:02010b41cdec/antenna/tag/e28068940000400386621d4f, 96
1652710303.631955, sdrt-health/mac:02010b41cdec/antenna/tag/e2806894000040038662114f, 91
1652710303.701165, sdrt-health/mac:02010b41cdec/antenna/tag/e2806894000050038661fd4f, 83
1652710303.795362, sdrt-health/mac:02010b41cdec/antenna/tag/e2806894000040038662114f, 91
1652710303.822563, sdrt-health/mac:02010b41cdec/antenna/tag/e2806894000040038662114f, 88
1652710303.822829, sdrt-health/mac:02010b41cdec/antenna/tag/e2806894000050038661fd4f, 83
1652710303.846212, sdrt-health/mac:02010b41cdec/antenna/tag/e2806894000050038662154f, 85
1652710303.903264, sdrt-health/mac:02010b41cdec/antenna/tag/e2806894000050038662154f, 85
1652710303.903727, sdrt-health/mac:02010b41cdec/antenna/tag/e2806894000050038662194f, 81
1652710303.916311, sdrt-health/mac:02010b41cdec/antenna/tag/e2806894000050038662194f, 81
1652710303.964671, sdrt-health/mac:02010b41cdec/antenna/tag/e28068940000400386621d4f, 96
1652710304.042256, sdrt-health/mac:02010b41cdec/antenna/tag/e28068940000400386621d4f, 96
1652710304.042768, sdrt-health/mac:02010b41cdec/antenna/tag/e2806894000050038661fd4f, 83
1652710304.058384, sdrt-health/mac:02010b41cdec/antenna/tag/e2806894000040038662114f, 88
1652710304.058745, sdrt-health/mac:02010b41cdec/antenna/tag/e2806894000050038662154f, 88
1652710304.092482, sdrt-health/mac:02010b41cdec/antenna/tag/e2806894000040038662114f, 88
1652710304.145648, sdrt-health/mac:02010b41cdec/antenna/tag/e2806894000040038662114f, 91
1652710304.146096, sdrt-health/mac:02010b41cdec/antenna/tag/e2806894000050038662154f, 85
1652710304.161669, sdrt-health/mac:02010b41cdec/antenna/tag/e2806894000040038662114f, 91
1652710304.181284, sdrt-health/mac:02010b41cdec/antenna/tag/e2806894000040038662114f, 88
1652710304.2417, sdrt-health/mac:02010b41cdec/antenna/tag/e2806894000050038661fd4f, 86
1652710304.242006, sdrt-health/mac:02010b41cdec/antenna/tag/e2806894000050038661fd4f, 83
1652710304.256519, sdrt-health/mac:02010b41cdec/antenna/tag/e28068940000500386620d4f, 81
1652710304.257048, sdrt-health/mac:02010b41cdec/antenna/tag/e2806894000040038662114f, 88
1652710304.286784, sdrt-health/mac:02010b41cdec/antenna/tag/e28068940000400386621d4f, 90
1652710304.346603, sdrt-health/mac:02010b41cdec/antenna/tag/e2806894000050038661fd4f, 83
1652710304.347215, sdrt-health/mac:02010b41cdec/antenna/tag/e28068940000400386621d4f, 96
1652710304.36039, sdrt-health/mac:02010b41cdec/antenna/tag/e28068940000400386621d4f, 96
1652710304.379967, sdrt-health/mac:02010b41cdec/antenna/tag/e2806894000040038662114f, 97
1652710304.434211, sdrt-health/mac:02010b41cdec/antenna/tag/e2806894000040038662114f, 91
1652710304.43448, sdrt-health/mac:02010b41cdec/antenna/tag/e2806894000050038662154f, 88
1652710304.446929, sdrt-health/mac:02010b41cdec/antenna/tag/e2806894000050038662154f, 88
1652710304.467012, sdrt-health/mac:02010b41cdec/antenna/tag/e2806894000050038661fd4f, 83
1652710304.500729, sdrt-health/mac:02010b41cdec/antenna/tag/e2806894000050038662154f, 88
1652710304.501183, sdrt-health/mac:02010b41cdec/antenna/tag/e28068940000400386621d4f, 96
1652710304.517009, sdrt-health/mac:02010b41cdec/antenna/tag/e2806894000040038662114f, 88
1652710304.545249, sdrt-health/mac:02010b41cdec/antenna/tag/e2806894000040038662114f, 91
1652710304.587416, sdrt-health/mac:02010b41cdec/antenna/tag/e28068940000400386621d4f, 96
1652710304.662341, sdrt-health/mac:02010b41cdec/antenna/tag/e28068940000400386621d4f, 96
1652710304.662951, sdrt-health/mac:02010b41cdec/antenna/tag/e28068940000400386621d4f, 96
1652710304.677292, sdrt-health/mac:02010b41cdec/antenna/tag/e2806894000040038662114f, 91
1652710304.710311, sdrt-health/mac:02010b41cdec/antenna/tag/e2806894000040038662114f, 91
1652710304.710888, sdrt-health/mac:02010b41cdec/antenna/tag/e28068940000400386621d4f, 96
1652710304.755603, sdrt-health/mac:02010b41cdec/antenna/tag/e2806894000040038662114f, 85
1652710304.805326, sdrt-health/mac:02010b41cdec/antenna/tag/e2806894000040038661f94f, 88
1652710304.862575, sdrt-health/mac:02010b41cdec/antenna/tag/e28068940000400386621d4f, 96
1652710304.910959, sdrt-health/mac:02010b41cdec/antenna/tag/e2806894000040038662114f, 88
1652710304.940113, sdrt-health/mac:02010b41cdec/antenna/tag/e2806894000040038662114f, 91
1652710304.940445, sdrt-health/mac:02010b41cdec/antenna/tag/e2806894000050038662154f, 88
1652710304.974057, sdrt-health/mac:02010b41cdec/antenna/tag/e2806894000050038661fd4f, 86
1652710305.010548, sdrt-health/mac:02010b41cdec/antenna/tag/e2806894000040038662114f, 97
1652710305.067488, sdrt-health/mac:02010b41cdec/antenna/tag/e2806894000050038661fd4f, 86
1652710305.068015, sdrt-health/mac:02010b41cdec/antenna/tag/e2806894000050038662194f, 83
1652710305.082777, sdrt-health/mac:02010b41cdec/antenna/tag/e2806894000050038662154f, 88
1652710305.107223, sdrt-health/mac:02010b41cdec/antenna/tag/e2806894000050038662154f, 88
1652710305.149508, sdrt-health/mac:02010b41cdec/antenna/tag/e2806894000050038662154f, 85
1652710305.17876, sdrt-health/mac:02010b41cdec/antenna/tag/e2806894000040038662114f, 97
1652710305.179132, sdrt-health/mac:02010b41cdec/antenna/tag/e2806894000050038662194f, 83
1652710305.193284, sdrt-health/mac:02010b41cdec/antenna/tag/e2806894000050038662194f, 81
1652710305.235023, sdrt-health/mac:02010b41cdec/antenna/tag/e2806894000050038661fd4f, 86
1652710305.303961, sdrt-health/mac:02010b41cdec/antenna/tag/e2806894000040038662114f, 88
1652710305.335955, sdrt-health/mac:02010b41cdec/antenna/tag/e2806894000050038661fd4f, 83
1652710305.336188, sdrt-health/mac:02010b41cdec/antenna/tag/e2806894000040038662114f, 88
1652710305.348921, sdrt-health/mac:02010b41cdec/antenna/tag/e2806894000050038661fd4f, 83
1652710305.349153, sdrt-health/mac:02010b41cdec/antenna/tag/e2806894000040038662214f, 84
1652710305.385183, sdrt-health/mac:02010b41cdec/antenna/tag/e2806894000050038661fd4f, 83
1652710305.445222, sdrt-health/mac:02010b41cdec/antenna/tag/e2806894000050038661fd4f, 83
1652710305.486451, sdrt-health/mac:02010b41cdec/antenna/tag/e28068940000400386621d4f, 96
1652710305.534173, sdrt-health/mac:02010b41cdec/antenna/tag/e2806894000050038662154f, 91
1652710305.577354, sdrt-health/mac:02010b41cdec/antenna/tag/e2806894000050038661fd4f, 83
1652710305.629541, sdrt-health/mac:02010b41cdec/antenna/tag/e28068940000400386621d4f, 96
1652710305.685677, sdrt-health/mac:02010b41cdec/antenna/tag/e28068940000400386621d4f, 96
1652710305.686191, sdrt-health/mac:02010b41cdec/antenna/tag/e2806894000040038662214f, 94
1652710305.69889, sdrt-health/mac:02010b41cdec/antenna/tag/e2806894000040038662114f, 88
1652710305.706723, sdrt-health/mac:02010b41cdec/antenna/tag/e2806894000040038662214f, 88
1652710305.794814, sdrt-health/mac:02010b41cdec/antenna/tag/e28068940000400386621d4f, 96
1652710305.853864, sdrt-health/mac:02010b41cdec/antenna/tag/e28068940000400386621d4f, 96
1652710305.897895, sdrt-health/mac:02010b41cdec/antenna/tag/e2806894000050038662194f, 81
1652710305.963187, sdrt-health/mac:02010b41cdec/antenna/tag/e2806894000040038662114f, 91
1652710305.963654, sdrt-health/mac:02010b41cdec/antenna/tag/e2806894000050038662154f, 91
1652710305.988166, sdrt-health/mac:02010b41cdec/antenna/tag/e2806894000050038662194f, 81
1652710306.100889, sdrt-health/mac:02010b41cdec/antenna/tag/e2806894000040038662114f, 91
1652710306.149824, sdrt-health/mac:02010b41cdec/antenna/tag/e2806894000040038662114f, 91
1652710306.203967, sdrt-health/mac:02010b41cdec/antenna/tag/e2806894000040038662114f, 91
1652710306.204447, sdrt-health/mac:02010b41cdec/antenna/tag/e2806894000050038661fd4f, 83
1652710306.221617, sdrt-health/mac:02010b41cdec/antenna/tag/e2806894000050038662154f, 88
1652710306.248015, sdrt-health/mac:02010b41cdec/antenna/tag/e2806894000040038662114f, 88
1652710306.248358, sdrt-health/mac:02010b41cdec/antenna/tag/e2806894000040038662114f, 88
1652710306.262642, sdrt-health/mac:02010b41cdec/antenna/tag/e2806894000050038662154f, 85
1652710306.327408, sdrt-health/mac:02010b41cdec/antenna/tag/e28068940000400386621d4f, 90
1652710306.374869, sdrt-health/mac:02010b41cdec/antenna/tag/e2806894000040038662114f, 91
1652710306.446259, sdrt-health/mac:02010b41cdec/antenna/tag/e2806894000050038662154f, 88
1652710306.446811, sdrt-health/mac:02010b41cdec/antenna/tag/e2806894000050038662154f, 91
1652710306.447237, sdrt-health/mac:02010b41cdec/antenna/tag/e2806894000050038662194f, 94
1652710306.451319, sdrt-health/mac:02010b41cdec/antenna/tag/e2806894000050038662154f, 88
1652710306.485413, sdrt-health/mac:02010b41cdec/antenna/tag/e2806894000050038661fd4f, 83
1652710306.543826, sdrt-health/mac:02010b41cdec/antenna/tag/e28068940000400386621d4f, 96
1652710306.544439, sdrt-health/mac:02010b41cdec/antenna/tag/e2806894000040038662114f, 91
1652710306.579622, sdrt-health/mac:02010b41cdec/antenna/tag/e2806894000050038662194f, 81
1652710306.630042, sdrt-health/mac:02010b41cdec/antenna/tag/e2806894000040038662114f, 88
1652710306.661424, sdrt-health/mac:02010b41cdec/antenna/tag/e2806894000050038661fd4f, 83
1652710306.661748, sdrt-health/mac:02010b41cdec/antenna/tag/e2806894000040038662114f, 88
1652710306.709853, sdrt-health/mac:02010b41cdec/antenna/tag/e2806894000050038662194f, 103
1652710306.747541, sdrt-health/mac:02010b41cdec/antenna/tag/e2806894000040038662214f, 81
1652710306.788521, sdrt-health/mac:02010b41cdec/antenna/tag/e2806894000050038662154f, 91
1652710306.82805, sdrt-health/mac:02010b41cdec/antenna/tag/e28068940000400386621d4f, 77
1652710306.854961, sdrt-health/mac:02010b41cdec/antenna/tag/e2806894000040038662114f, 88
1652710306.855282, sdrt-health/mac:02010b41cdec/antenna/tag/e2806894000050038662154f, 91
1652710306.884594, sdrt-health/mac:02010b41cdec/antenna/tag/e2806894000040038662114f, 88
1652710306.951533, sdrt-health/mac:02010b41cdec/antenna/tag/e2806894000050038661fd4f, 86
1652710306.996518, sdrt-health/mac:02010b41cdec/antenna/tag/e28068940000400386621d4f, 96
1652710307.067638, sdrt-health/mac:02010b41cdec/antenna/tag/e2806894000050038661fd4f, 86
1652710307.068256, sdrt-health/mac:02010b41cdec/antenna/tag/e2806894000050038661fd4f, 83
1652710307.081927, sdrt-health/mac:02010b41cdec/antenna/tag/e28068940000400386621d4f, 96
1652710307.096331, sdrt-health/mac:02010b41cdec/antenna/tag/e28068940000400386621d4f, 90
1652710307.183242, sdrt-health/mac:02010b41cdec/antenna/tag/e2806894000050038661fd4f, 83
1652710307.183795, sdrt-health/mac:02010b41cdec/antenna/tag/e2806894000050038662194f, 81
1652710307.196761, sdrt-health/mac:02010b41cdec/antenna/tag/e2806894000040038662054f, 88
1652710307.197222, sdrt-health/mac:02010b41cdec/antenna/tag/e2806894000050038662154f, 88
1652710307.224918, sdrt-health/mac:02010b41cdec/antenna/tag/e2806894000040038662114f, 88
1652710307.272876, sdrt-health/mac:02010b41cdec/antenna/tag/e2806894000040038662114f, 91
1652710307.30302, sdrt-health/mac:02010b41cdec/antenna/tag/e2806894000050038662194f, 81
1652710307.303318, sdrt-health/mac:02010b41cdec/antenna/tag/e2806894000050038662154f, 93
1652710307.326907, sdrt-health/mac:02010b41cdec/antenna/tag/e2806894000050038661fd4f, 86
1652710307.387453, sdrt-health/mac:02010b41cdec/antenna/tag/e2806894000050038662154f, 85
1652710307.415146, sdrt-health/mac:02010b41cdec/antenna/tag/e2806894000050038662194f, 83
1652710307.415628, sdrt-health/mac:02010b41cdec/antenna/tag/e2806894000050038661fd4f, 86
1652710307.430721, sdrt-health/mac:02010b41cdec/antenna/tag/e28068940000400386621d4f, 96
1652710307.487226, sdrt-health/mac:02010b41cdec/antenna/tag/e2806894000050038662194f, 83
1652710307.487679, sdrt-health/mac:02010b41cdec/antenna/tag/e2806894000050038661fd4f, 83
1652710307.501341, sdrt-health/mac:02010b41cdec/antenna/tag/e28068940000400386621d4f, 96
1652710307.528261, sdrt-health/mac:02010b41cdec/antenna/tag/e2806894000050038661fd4f, 86
1652710307.555103, sdrt-health/mac:02010b41cdec/antenna/tag/e2806894000050038662154f, 88
1652710307.55534, sdrt-health/mac:02010b41cdec/antenna/tag/e2806894000040038662114f, 91
1652710307.578745, sdrt-health/mac:02010b41cdec/antenna/tag/e2806894000040038662114f, 91
1652710307.646287, sdrt-health/mac:02010b41cdec/antenna/tag/e2806894000050038661fd4f, 86
1652710307.706579, sdrt-health/mac:02010b41cdec/antenna/tag/e2806894000050038662154f, 88
1652710307.707104, sdrt-health/mac:02010b41cdec/antenna/tag/e2806894000050038662194f, 87
1652710307.745278, sdrt-health/mac:02010b41cdec/antenna/tag/e2806894000040038662114f, 91
1652710307.789468, sdrt-health/mac:02010b41cdec/antenna/tag/e2806894000040038662114f, 88
1652710307.852249, sdrt-health/mac:02010b41cdec/antenna/tag/e2806894000040038661f94f, 88
1652710307.901364, sdrt-health/mac:02010b41cdec/antenna/tag/e2806894000050038661fd4f, 83
1652710307.957206, sdrt-health/mac:02010b41cdec/antenna/tag/e2806894000050038662154f, 85
1652710308.030002, sdrt-health/mac:02010b41cdec/antenna/tag/e28068940000400386621d4f, 96
1652710308.03062, sdrt-health/mac:02010b41cdec/antenna/tag/e2806894000050038662194f, 87
1652710308.044913, sdrt-health/mac:02010b41cdec/antenna/tag/e2806894000050038662154f, 85
1652710308.045348, sdrt-health/mac:02010b41cdec/antenna/tag/e2806894000040038662114f, 88
1652710308.06057, sdrt-health/mac:02010b41cdec/antenna/tag/e2806894000040038662114f, 88
1652710308.088868, sdrt-health/mac:02010b41cdec/antenna/tag/e28068940000400386621d4f, 96
1652710308.089123, sdrt-health/mac:02010b41cdec/antenna/tag/e2806894000050038661fd4f, 83
1652710308.123331, sdrt-health/mac:02010b41cdec/antenna/tag/e28068940000500386620d4f, 110
1652710308.181745, sdrt-health/mac:02010b41cdec/antenna/tag/e2806894000040038662114f, 88
1652710308.240102, sdrt-health/mac:02010b41cdec/antenna/tag/e2806894000050038661fd4f, 83
1652710308.240554, sdrt-health/mac:02010b41cdec/antenna/tag/e28068940000400386621d4f, 96
1652710308.30259, sdrt-health/mac:02010b41cdec/antenna/tag/e2806894000040038662114f, 97
1652710308.355439, sdrt-health/mac:02010b41cdec/antenna/tag/e2806894000050038662154f, 91
1652710308.355944, sdrt-health/mac:02010b41cdec/antenna/tag/e2806894000050038661fd4f, 86
1652710308.372232, sdrt-health/mac:02010b41cdec/antenna/tag/e28068940000400386621d4f, 96
1652710308.372735, sdrt-health/mac:02010b41cdec/antenna/tag/e2806894000040038662114f, 91
1652710308.373167, sdrt-health/mac:02010b41cdec/antenna/tag/e2806894000050038662154f, 85
1652710308.373555, sdrt-health/mac:02010b41cdec/antenna/tag/e2806894000040038662114f, 91
1652710308.385339, sdrt-health/mac:02010b41cdec/antenna/tag/e2806894000040038662114f, 88
1652710308.388223, sdrt-health/mac:02010b41cdec/antenna/tag/e2806894000050038661fd4f, 86
1652710308.388469, sdrt-health/mac:02010b41cdec/antenna/tag/e2806894000050038662194f, 94
1652710308.446958, sdrt-health/mac:02010b41cdec/antenna/tag/e2806894000040038662114f, 88
1652710308.501, sdrt-health/mac:02010b41cdec/antenna/tag/e2806894000050038661fd4f, 86
1652710308.50154, sdrt-health/mac:02010b41cdec/antenna/tag/e2806894000040038662114f, 91
1652710308.541831, sdrt-health/mac:02010b41cdec/antenna/tag/e2806894000050038662194f, 94
1652710308.574107, sdrt-health/mac:02010b41cdec/antenna/tag/e28068940000400386621d4f, 90
1652710308.574334, sdrt-health/mac:02010b41cdec/antenna/tag/e2806894000050038662194f, 84
1652710308.574435, sdrt-health/mac:02010b41cdec/antenna/tag/e2806894000050038661fd4f, 83
1652710308.603321, sdrt-health/mac:02010b41cdec/antenna/tag/e2806894000050038661fd4f, 86
1652710308.650417, sdrt-health/mac:02010b41cdec/antenna/tag/e2806894000040038662114f, 97
1652710308.65098, sdrt-health/mac:02010b41cdec/antenna/tag/e2806894000050038662194f, 81
1652710308.699103, sdrt-health/mac:02010b41cdec/antenna/tag/e2806894000050038662194f, 83
1652710308.748072, sdrt-health/mac:02010b41cdec/antenna/tag/e2806894000050038662194f, 83
1652710308.795118, sdrt-health/mac:02010b41cdec/antenna/tag/e2806894000050038662154f, 85
1652710308.902039, sdrt-health/mac:02010b41cdec/antenna/tag/e2806894000050038662194f, 83
1652710308.902507, sdrt-health/mac:02010b41cdec/antenna/tag/e2806894000050038661fd4f, 83
1652710308.945122, sdrt-health/mac:02010b41cdec/antenna/tag/e2806894000050038661fd4f, 86
1652710309.010717, sdrt-health/mac:02010b41cdec/antenna/tag/e28068940000400386621d4f, 96
1652710309.011184, sdrt-health/mac:02010b41cdec/antenna/tag/e2806894000050038661fd4f, 86
1652710309.024598, sdrt-health/mac:02010b41cdec/antenna/tag/e2806894000040038662114f, 91
1652710309.025213, sdrt-health/mac:02010b41cdec/antenna/tag/e2806894000050038661fd4f, 86
1652710309.030689, sdrt-health/mac:02010b41cdec/antenna/tag/e2806894000050038661fd4f, 90
1652710309.039744, sdrt-health/mac:02010b41cdec/antenna/tag/e2806894000050038662194f, 81
1652710309.040221, sdrt-health/mac:02010b41cdec/antenna/tag/e2806894000050038661fd4f, 86
1652710309.10997, sdrt-health/mac:02010b41cdec/antenna/tag/e28068940000400386621d4f, 90
1652710309.137605, sdrt-health/mac:02010b41cdec/antenna/tag/e2806894000040038662114f, 91
1652710309.137971, sdrt-health/mac:02010b41cdec/antenna/tag/e2806894000050038661fd4f, 86
1652710309.167934, sdrt-health/mac:02010b41cdec/antenna/tag/e2806894000050038662154f, 85
1652710309.236595, sdrt-health/mac:02010b41cdec/antenna/tag/e2806894000050038662194f, 81
1652710309.237087, sdrt-health/mac:02010b41cdec/antenna/tag/e2806894000050038662194f, 94
1652710309.260376, sdrt-health/mac:02010b41cdec/antenna/tag/e2806894000050038662154f, 85
1652710309.304765, sdrt-health/mac:02010b41cdec/antenna/tag/e2806894000040038662114f, 88
1652710309.305169, sdrt-health/mac:02010b41cdec/antenna/tag/e2806894000050038662154f, 85
1652710309.319191, sdrt-health/mac:02010b41cdec/antenna/tag/e2806894000050038661fd4f, 83
1652710309.319446, sdrt-health/mac:02010b41cdec/antenna/tag/e2806894000050038662194f, 83
1652710309.365119, sdrt-health/mac:02010b41cdec/antenna/tag/e28068940000400386621d4f, 96
1652710309.427011, sdrt-health/mac:02010b41cdec/antenna/tag/e2806894000050038661fd4f, 86
1652710309.48168, sdrt-health/mac:02010b41cdec/antenna/tag/e2806894000050038662154f, 85
1652710309.55554, sdrt-health/mac:02010b41cdec/antenna/tag/e2806894000050038662194f, 83
1652710309.55605, sdrt-health/mac:02010b41cdec/antenna/tag/e28068940000400386621d4f, 96
1652710309.58166, sdrt-health/mac:02010b41cdec/antenna/tag/e2806894000050038661fd4f, 86
1652710309.611364, sdrt-health/mac:02010b41cdec/antenna/tag/e28068940000400386621d4f, 96
1652710309.611846, sdrt-health/mac:02010b41cdec/antenna/tag/e2806894000050038662154f, 88
1652710309.627292, sdrt-health/mac:02010b41cdec/antenna/tag/e2806894000050038661fd4f, 83
1652710309.688156, sdrt-health/mac:02010b41cdec/antenna/tag/e2806894000050038662154f, 85
1652710309.726759, sdrt-health/mac:02010b41cdec/antenna/tag/e2806894000050038661fd4f, 83
1652710309.827257, sdrt-health/mac:02010b41cdec/antenna/tag/e2806894000040038662114f, 88
1652710310.013436, sdrt-health/mac:02010b41cdec/antenna/tag/e2806894000050038661fd4f, 86
1652710310.042064, sdrt-health/mac:02010b41cdec/antenna/tag/e2806894000050038661fd4f, 86
1652710310.042458, sdrt-health/mac:02010b41cdec/antenna/tag/e28068940000400386621d4f, 96
1652710310.061525, sdrt-health/mac:02010b41cdec/antenna/tag/e2806894000050038662154f, 91
1652710310.090563, sdrt-health/mac:02010b41cdec/antenna/tag/e2806894000040038662114f, 88
1652710310.091068, sdrt-health/mac:02010b41cdec/antenna/tag/e2806894000050038662194f, 81
1652710310.091301, sdrt-health/mac:02010b41cdec/antenna/tag/e28068940000400386621d4f, 90
1652710310.091555, sdrt-health/mac:02010b41cdec/antenna/tag/e28068940000400386621d4f, 96
1652710310.091768, sdrt-health/mac:02010b41cdec/antenna/tag/e2806894000050038662194f, 87
1652710310.108299, sdrt-health/mac:02010b41cdec/antenna/tag/e2806894000050038662154f, 88
1652710310.174737, sdrt-health/mac:02010b41cdec/antenna/tag/e2806894000050038662154f, 88
1652710310.204756, sdrt-health/mac:02010b41cdec/antenna/tag/e2806894000050038661fd4f, 86
1652710310.204986, sdrt-health/mac:02010b41cdec/antenna/tag/e28068940000400386621d4f, 96
1652710310.218435, sdrt-health/mac:02010b41cdec/antenna/tag/e28068940000400386621d4f, 96
1652710310.218688, sdrt-health/mac:02010b41cdec/antenna/tag/e2806894000050038661fd4f, 83
1652710310.218855, sdrt-health/mac:02010b41cdec/antenna/tag/e28068940000400386621d4f, 96
1652710310.219072, sdrt-health/mac:02010b41cdec/antenna/tag/e2806894000040038662114f, 88
1652710310.275356, sdrt-health/mac:02010b41cdec/antenna/tag/e2806894000050038661fd4f, 97
1652710310.303126, sdrt-health/mac:02010b41cdec/antenna/tag/e2806894000040038662114f, 91
1652710310.303451, sdrt-health/mac:02010b41cdec/antenna/tag/e28068940000400386621d4f, 96
1652710310.3037, sdrt-health/mac:02010b41cdec/antenna/tag/e2806894000050038661fd4f, 83
1652710310.336182, sdrt-health/mac:02010b41cdec/antenna/tag/e28068940000400386621d4f, 77
1652710310.374489, sdrt-health/mac:02010b41cdec/antenna/tag/e2806894000040038662114f, 88
1652710310.447318, sdrt-health/mac:02010b41cdec/antenna/tag/e28068940000400386621d4f, 96
1652710310.494118, sdrt-health/mac:02010b41cdec/antenna/tag/e2806894000050038661fd4f, 83
1652710310.494764, sdrt-health/mac:02010b41cdec/antenna/tag/e2806894000050038662154f, 91
1652710310.56718, sdrt-health/mac:02010b41cdec/antenna/tag/e2806894000050038661fd4f, 83
1652710310.625233, sdrt-health/mac:02010b41cdec/antenna/tag/e28068940000400386621d4f, 96
1652710310.625679, sdrt-health/mac:02010b41cdec/antenna/tag/e2806894000050038661fd4f, 90
1652710310.639108, sdrt-health/mac:02010b41cdec/antenna/tag/e28068940000400386621d4f, 96
1652710310.639608, sdrt-health/mac:02010b41cdec/antenna/tag/e2806894000050038662154f, 88
1652710310.677254, sdrt-health/mac:02010b41cdec/antenna/tag/e2806894000050038662194f, 87
1652710310.71756, sdrt-health/mac:02010b41cdec/antenna/tag/e28068940000400386621d4f, 96
1652710310.718031, sdrt-health/mac:02010b41cdec/antenna/tag/e2806894000050038661fd4f, 86
1652710310.742221, sdrt-health/mac:02010b41cdec/antenna/tag/e2806894000050038661fd4f, 83
1652710310.82546, sdrt-health/mac:02010b41cdec/antenna/tag/e28068940000400386621d4f, 96
1652710310.825964, sdrt-health/mac:02010b41cdec/antenna/state, connected
1652710310.840057, sdrt-health/mac:02010b41cdec/fw, {"version":"1.8.1","model":"200","hash":"2f556501b58f1dad542af428d7928d18","timestamp":1652710307}
1652710310.840382, sdrt-health/mac:02010b41cdec/antenna/tag/e2806894000040038662114f, 91
1652710310.840599, sdrt-health/mac:02010b41cdec/antenna/tag/e2806894000050038662154f, 91
1652710310.857083, sdrt-health/mac:02010b41cdec/antenna/tag/e28068940000400386621d4f, 96
1652710310.917227, sdrt-health/mac:02010b41cdec/antenna/tag/e2806894000040038662114f, 88
1652710310.918095, sdrt-health/mac:02010b41cdec/antenna/tag/e2806894000050038662154f, 88
1652710310.973341, sdrt-health/mac:02010b41cdec/antenna/tag/e28068940000400386621d4f, 90
1652710311.034605, sdrt-health/mac:02010b41cdec/antenna/tag/e2806894000050038662154f, 91
1652710311.09996, sdrt-health/mac:02010b41cdec/antenna/tag/e2806894000050038661fd4f, 86
1652710311.100544, sdrt-health/mac:02010b41cdec/antenna/tag/e2806894000050038662154f, 91
1652710311.113793, sdrt-health/mac:02010b41cdec/antenna/tag/e28068940000400386621d4f, 96
1652710311.12617, sdrt-health/mac:02010b41cdec/antenna/tag/e2806894000050038662154f, 88
1652710311.127682, sdrt-health/mac:02010b41cdec/antenna/tag/e2806894000050038661fd4f, 83
1652710311.175094, sdrt-health/mac:02010b41cdec/antenna/version, 
1652710311.175575, sdrt-health/mac:02010b41cdec/antenna/tag/e2806894000040038662114f, 91
1652710311.227586, sdrt-health/mac:02010b41cdec/antenna/tag/e2806894000040038662214f, 81
1652710311.266999, sdrt-health/mac:02010b41cdec/antenna/tag/e2806894000040038662114f, 88
1652710311.308525, sdrt-health/mac:02010b41cdec/antenna/tag/e2806894000040038661f94f, 88
1652710311.361231, sdrt-health/mac:02010b41cdec/antenna/tag/e2806894000050038662154f, 85
1652710311.362504, sdrt-health/mac:02010b41cdec/antenna/tag/e28068940000400386621d4f, 77
1652710311.362924, sdrt-health/mac:02010b41cdec/antenna/tag/e2806894000040038662114f, 88
1652710311.38749, sdrt-health/mac:02010b41cdec/antenna/tag/e28068940000400386621d4f, 96
1652710311.444572, sdrt-health/mac:02010b41cdec/antenna/tag/e2806894000050038662154f, 91
1652710311.487686, sdrt-health/mac:02010b41cdec/antenna/tag/e28068940000400386621d4f, 96
1652710311.546571, sdrt-health/mac:02010b41cdec/antenna/tag/e28068940000400386621d4f, 96
1652710311.547172, sdrt-health/mac:02010b41cdec/antenna/tag/e2806894000050038662154f, 88
1652710311.560625, sdrt-health/mac:02010b41cdec/antenna/tag/e2806894000040038662114f, 97
1652710311.57774, sdrt-health/mac:02010b41cdec/antenna/tag/e2806894000040038662114f, 91
1652710311.637235, sdrt-health/mac:02010b41cdec/antenna/tag/e2806894000040038662114f, 91
1652710311.693873, sdrt-health/mac:02010b41cdec/antenna/tag/e2806894000050038662154f, 91
1652710311.746837, sdrt-health/mac:02010b41cdec/antenna/tag/e2806894000050038662154f, 88
1652710311.801749, sdrt-health/mac:02010b41cdec/antenna/tag/e2806894000040038661f94f, 94
1652710311.802146, sdrt-health/mac:02010b41cdec/antenna/tag/e2806894000050038662154f, 85
1652710311.815455, sdrt-health/mac:02010b41cdec/antenna/tag/e2806894000040038661f94f, 81
1652710311.825902, sdrt-health/mac:02010b41cdec/antenna/tag/e2806894000050038661fd4f, 83
1652710311.857544, sdrt-health/mac:02010b41cdec/antenna/tag/e2806894000040038662114f, 88
1652710311.898628, sdrt-health/mac:02010b41cdec/antenna/tag/e2806894000040038662114f, 88
1652710311.969371, sdrt-health/mac:02010b41cdec/antenna/tag/e28068940000400386621d4f, 90
1652710311.969864, sdrt-health/mac:02010b41cdec/antenna/tag/e2806894000050038662194f, 94
1652710311.983804, sdrt-health/mac:02010b41cdec/antenna/tag/e2806894000040038662114f, 91
1652710312.059711, sdrt-health/mac:02010b41cdec/antenna/tag/e28068940000400386621d4f, 96
1652710312.060229, sdrt-health/mac:02010b41cdec/antenna/tag/e28068940000400386621d4f, 96
1652710312.101568, sdrt-health/mac:02010b41cdec/antenna/tag/e2806894000050038661fd4f, 86
1652710312.141245, sdrt-health/mac:02010b41cdec/antenna/tag/e2806894000040038662214f, 94
1652710312.191909, sdrt-health/mac:02010b41cdec/antenna/tag/e2806894000050038662154f, 88
1652710312.217878, sdrt-health/mac:02010b41cdec/antenna/tag/e2806894000050038662194f, 84
1652710312.218081, sdrt-health/mac:02010b41cdec/antenna/tag/e2806894000050038662154f, 85
1652710312.218206, sdrt-health/mac:02010b41cdec/antenna/tag/e2806894000050038661fd4f, 83
1652710312.232882, sdrt-health/mac:02010b41cdec/antenna/tag/e2806894000040038662114f, 85
1652710312.289557, sdrt-health/mac:02010b41cdec/antenna/tag/e28068940000500386620d4f, 88
1652710312.351825, sdrt-health/mac:02010b41cdec/antenna/tag/e2806894000040038662114f, 88
1652710312.352306, sdrt-health/mac:02010b41cdec/antenna/tag/e2806894000050038662154f, 88
1652710312.367539, sdrt-health/mac:02010b41cdec/antenna/tag/e28068940000400386621d4f, 90
1652710312.367814, sdrt-health/mac:02010b41cdec/antenna/tag/e2806894000040038662114f, 88
1652710312.378621, sdrt-health/mac:02010b41cdec/antenna/tag/e28068940000400386621d4f, 96
1652710312.438318, sdrt-health/mac:02010b41cdec/antenna/tag/e2806894000040038662114f, 88
1652710312.507694, sdrt-health/mac:02010b41cdec/antenna/tag/e28068940000400386621d4f, 96
1652710312.50821, sdrt-health/mac:02010b41cdec/antenna/tag/e28068940000400386621d4f, 96
1652710312.521166, sdrt-health/mac:02010b41cdec/antenna/tag/e2806894000050038661fd4f, 86
1652710312.55172, sdrt-health/mac:02010b41cdec/antenna/tag/e28068940000400386621d4f, 96
1652710312.55199, sdrt-health/mac:02010b41cdec/antenna/tag/e28068940000400386621d4f, 96
1652710312.565369, sdrt-health/mac:02010b41cdec/antenna/tag/e2806894000050038662154f, 91
1652710312.612177, sdrt-health/mac:02010b41cdec/antenna/tag/e28068940000400386621d4f, 96
1652710312.641509, sdrt-health/mac:02010b41cdec/antenna/tag/e2806894000050038662154f, 91
1652710312.641865, sdrt-health/mac:02010b41cdec/antenna/tag/e2806894000040038662114f, 91
1652710312.642085, sdrt-health/mac:02010b41cdec/antenna/tag/e28068940000400386621d4f, 90
1652710312.673308, sdrt-health/mac:02010b41cdec/antenna/tag/e2806894000040038662054f, 81
1652710312.714615, sdrt-health/mac:02010b41cdec/antenna/tag/e28068940000400386621d4f, 96
1652710312.768052, sdrt-health/mac:02010b41cdec/antenna/tag/e28068940000400386621d4f, 96
1652710312.827659, sdrt-health/mac:02010b41cdec/antenna/tag/e2806894000050038662194f, 94
1652710312.828078, sdrt-health/mac:02010b41cdec/antenna/tag/e2806894000050038662194f, 81
1652710312.841259, sdrt-health/mac:02010b41cdec/antenna/tag/e2806894000050038662154f, 88
1652710312.857009, sdrt-health/mac:02010b41cdec/antenna/tag/e28068940000400386621d4f, 96
1652710312.905983, sdrt-health/mac:02010b41cdec/antenna/tag/e2806894000040038662114f, 91
1652710312.947609, sdrt-health/mac:02010b41cdec/antenna/tag/e28068940000400386621d4f, 96
1652710312.99856, sdrt-health/mac:02010b41cdec/antenna/tag/e2806894000050038661fd4f, 86
1652710313.025623, sdrt-health/mac:02010b41cdec/antenna/tag/e28068940000400386621d4f, 90
1652710313.02594, sdrt-health/mac:02010b41cdec/antenna/tag/e2806894000050038662154f, 91
1652710313.041414, sdrt-health/mac:02010b41cdec/antenna/tag/e28068940000400386621d4f, 96
1652710313.080549, sdrt-health/mac:02010b41cdec/antenna/tag/e28068940000400386621d4f, 77
1652710313.125526, sdrt-health/mac:02010b41cdec/antenna/tag/e2806894000040038662114f, 88
1652710313.126128, sdrt-health/mac:02010b41cdec/antenna/tag/e2806894000050038661fd4f, 83
1652710313.174594, sdrt-health/mac:02010b41cdec/antenna/tag/e2806894000050038661fd4f, 83
1652710313.236281, sdrt-health/mac:02010b41cdec/antenna/tag/e28068940000400386621d4f, 77
1652710313.302826, sdrt-health/mac:02010b41cdec/antenna/tag/e2806894000040038662114f, 88
1652710313.303282, sdrt-health/mac:02010b41cdec/antenna/tag/e2806894000050038661fd4f, 83
1652710313.31949, sdrt-health/mac:02010b41cdec/antenna/tag/e28068940000400386621d4f, 96
1652710313.36635, sdrt-health/mac:02010b41cdec/antenna/tag/e2806894000050038661fd4f, 83
1652710313.366897, sdrt-health/mac:02010b41cdec/antenna/tag/e28068940000400386621d4f, 96
1652710313.381224, sdrt-health/mac:02010b41cdec/antenna/tag/e2806894000050038662154f, 91
1652710313.426796, sdrt-health/mac:02010b41cdec/antenna/tag/e2806894000050038661fd4f, 86
1652710313.467529, sdrt-health/mac:02010b41cdec/antenna/tag/e2806894000050038662154f, 85
1652710313.496131, sdrt-health/mac:02010b41cdec/antenna/tag/e2806894000050038662154f, 91
1652710313.49648, sdrt-health/mac:02010b41cdec/antenna/tag/e28068940000400386621d4f, 96
1652710313.528016, sdrt-health/mac:02010b41cdec/antenna/tag/e2806894000050038662154f, 88
1652710313.570547, sdrt-health/mac:02010b41cdec/antenna/tag/e2806894000050038662154f, 85
1652710313.733319, sdrt-health/mac:02010b41cdec/antenna/tag/e2806894000050038662194f, 81
1652710313.733864, sdrt-health/mac:02010b41cdec/antenna/tag/e2806894000040038662114f, 88
1652710313.774947, sdrt-health/mac:02010b41cdec/antenna/tag/e28068940000400386621d4f, 77
1652710313.838952, sdrt-health/mac:02010b41cdec/antenna/tag/e2806894000050038661fd4f, 83
1652710313.839371, sdrt-health/mac:02010b41cdec/antenna/tag/e2806894000050038662194f, 83
1652710313.852993, sdrt-health/mac:02010b41cdec/antenna/tag/e2806894000040038662114f, 85
1652710313.882314, sdrt-health/mac:02010b41cdec/antenna/tag/e2806894000040038662114f, 91
1652710313.882539, sdrt-health/mac:02010b41cdec/antenna/tag/e2806894000050038662194f, 83
1652710313.896215, sdrt-health/mac:02010b41cdec/antenna/tag/e2806894000050038662194f, 81
1652710313.896481, sdrt-health/mac:02010b41cdec/antenna/tag/e2806894000050038661fd4f, 86
1652710313.912582, sdrt-health/mac:02010b41cdec/antenna/tag/e2806894000040038662114f, 91
1652710313.972688, sdrt-health/mac:02010b41cdec/antenna/tag/e28068940000400386621d4f, 96
1652710313.973199, sdrt-health/mac:02010b41cdec/antenna/tag/e28068940000400386621d4f, 96
1652710314.015543, sdrt-health/mac:02010b41cdec/antenna/tag/e2806894000050038662154f, 88
1652710314.099218, sdrt-health/mac:02010b41cdec/antenna/tag/e2806894000050038661fd4f, 83
1652710314.100626, sdrt-health/mac:02010b41cdec/antenna/tag/e2806894000040038662114f, 91
1652710314.143599, sdrt-health/mac:02010b41cdec/antenna/tag/e2806894000050038662154f, 88
1652710314.171083, sdrt-health/mac:02010b41cdec/antenna/tag/e2806894000040038662114f, 91
1652710314.171385, sdrt-health/mac:02010b41cdec/antenna/tag/e28068940000400386621d4f, 96
1652710314.171556, sdrt-health/mac:02010b41cdec/antenna/tag/e2806894000050038662194f, 93
1652710314.184872, sdrt-health/mac:02010b41cdec/antenna/tag/e28068940000400386621d4f, 96
1652710314.227187, sdrt-health/mac:02010b41cdec/antenna/tag/e28068940000400386621d4f, 96
1652710314.267698, sdrt-health/mac:02010b41cdec/antenna/tag/e2806894000050038662154f, 87
1652710314.322979, sdrt-health/mac:02010b41cdec/antenna/tag/e28068940000400386621d4f, 96
1652710314.323551, sdrt-health/mac:02010b41cdec/antenna/tag/e28068940000400386621d4f, 96
1652710314.342161, sdrt-health/mac:02010b41cdec/antenna/tag/e2806894000050038661fd4f, 83
1652710314.370006, sdrt-health/mac:02010b41cdec/antenna/tag/e28068940000400386621d4f, 77
1652710314.370286, sdrt-health/mac:02010b41cdec/antenna/tag/e2806894000050038662154f, 88
1652710314.411809, sdrt-health/mac:02010b41cdec/antenna/tag/e2806894000040038661f94f, 81
1652710314.487467, sdrt-health/mac:02010b41cdec/antenna/tag/e2806894000040038662214f, 81
1652710314.552449, sdrt-health/mac:02010b41cdec/antenna/tag/e2806894000040038662114f, 88
1652710314.552964, sdrt-health/mac:02010b41cdec/antenna/tag/e2806894000040038662114f, 88
1652710314.566443, sdrt-health/mac:02010b41cdec/antenna/tag/e2806894000050038662194f, 83
1652710314.590357, sdrt-health/mac:02010b41cdec/antenna/tag/e2806894000050038661fd4f, 83
1652710314.657525, sdrt-health/mac:02010b41cdec/antenna/tag/e2806894000050038662154f, 85
1652710314.705769, sdrt-health/mac:02010b41cdec/antenna/tag/e2806894000050038662154f, 85
1652710314.741818, sdrt-health/mac:02010b41cdec/antenna/tag/e2806894000040038662114f, 85
1652710314.742092, sdrt-health/mac:02010b41cdec/antenna/tag/e2806894000040038662114f, 88
1652710314.755763, sdrt-health/mac:02010b41cdec/antenna/tag/e2806894000050038661fd4f, 86
1652710314.755987, sdrt-health/mac:02010b41cdec/antenna/tag/e2806894000040038662114f, 91
1652710314.780983, sdrt-health/mac:02010b41cdec/antenna/tag/e2806894000040038662114f, 91
1652710314.849464, sdrt-health/mac:02010b41cdec/antenna/tag/e2806894000050038662154f, 85
1652710314.849716, sdrt-health/mac:02010b41cdec/antenna/tag/e2806894000050038661fd4f, 86
1652710314.894438, sdrt-health/mac:02010b41cdec/antenna/tag/e2806894000050038662194f, 81
1652710314.962343, sdrt-health/mac:02010b41cdec/antenna/tag/e2806894000040038662114f, 88
1652710314.962611, sdrt-health/mac:02010b41cdec/antenna/tag/e2806894000050038662154f, 85
1652710314.975901, sdrt-health/mac:02010b41cdec/antenna/tag/e2806894000050038662194f, 83
1652710314.976294, sdrt-health/mac:02010b41cdec/antenna/tag/e2806894000040038662114f, 88
1652710315.000378, sdrt-health/mac:02010b41cdec/antenna/tag/e2806894000050038662194f, 83
1652710315.003317, sdrt-health/mac:02010b41cdec/antenna/tag/e2806894000040038662114f, 97
1652710315.054958, sdrt-health/mac:02010b41cdec/antenna/tag/e2806894000050038662154f, 91
1652710315.098796, sdrt-health/mac:02010b41cdec/antenna/tag/e2806894000050038661fd4f, 86
1652710315.150386, sdrt-health/mac:02010b41cdec/antenna/tag/e2806894000050038661fd4f, 90
1652710315.186982, sdrt-health/mac:02010b41cdec/antenna/tag/e2806894000040038662114f, 91
1652710315.229223, sdrt-health/mac:02010b41cdec/antenna/tag/e28068940000400386621d4f, 90
1652710315.27691, sdrt-health/mac:02010b41cdec/antenna/tag/e28068940000400386621d4f, 77
1652710315.305084, sdrt-health/mac:02010b41cdec/antenna/tag/e2806894000050038661fd4f, 83
1652710315.305353, sdrt-health/mac:02010b41cdec/antenna/tag/e2806894000050038662194f, 81
1652710315.318392, sdrt-health/mac:02010b41cdec/antenna/tag/e28068940000400386621d4f, 96
1652710315.31863, sdrt-health/mac:02010b41cdec/antenna/tag/e2806894000050038662154f, 85
1652710315.367585, sdrt-health/mac:02010b41cdec/antenna/tag/e28068940000400386621d4f, 77
1652710315.407645, sdrt-health/mac:02010b41cdec/antenna/tag/e28068940000400386621d4f, 90
1652710315.453008, sdrt-health/mac:02010b41cdec/antenna/tag/e2806894000050038662154f, 88
1652710315.515706, sdrt-health/mac:02010b41cdec/antenna/tag/e2806894000050038662194f, 88
1652710315.516018, sdrt-health/mac:02010b41cdec/antenna/tag/e2806894000040038662114f, 97
1652710315.560129, sdrt-health/mac:02010b41cdec/antenna/tag/e2806894000040038662114f, 88
1652710315.99729, sdrt-health/mac:02010b41cdec/antenna/tag/e2806894000050038662194f, 83
1652710315.997761, sdrt-health/mac:02010b41cdec/antenna/tag/scan, scan stopped
