1652710239.004775, sdrt-health/mac:02010b41cdec/antenna/power/set, {"power": 300}
1652710240.097859, sdrt-health/mac:02010b41cdec/antenna/power/set, 
1652710244.030883, sdrt-health/mac:02010b41cdec/antenna/tag/scan, {"time": 20000}
1652710244.49326, sdrt-health/mac:02010b41cdec/antenna/tag/e2806894000050038662154f, 88
1652710244.553296, sdrt-health/mac:02010b41cdec/antenna/tag/e2806894000050038661fd4f, 86
1652710244.624934, sdrt-health/mac:02010b41cdec/antenna/tag/e2806894000050038662194f, 87
1652710244.625385, sdrt-health/mac:02010b41cdec/antenna/tag/e2806894000050038662154f, 88
1652710244.640367, sdrt-health/mac:02010b41cdec/antenna/tag/e28068940000400386621d4f, 77
1652710244.664283, sdrt-health/mac:02010b41cdec/antenna/tag/e2806894000050038661fd4f, 86
1652710244.710917, sdrt-health/mac:02010b41cdec/antenna/tag/e28068940000400386621d4f, 96
1652710244.762912, sdrt-health/mac:02010b41cdec/antenna/tag/e2806894000050038661fd4f, 86
1652710244.763367, sdrt-health/mac:02010b41cdec/antenna/tag/e2806894000040038662114f, 97
1652710244.775958, sdrt-health/mac:02010b41cdec/antenna/tag/e28068940000400386621d4f, 90
1652710244.819827, sdrt-health/mac:02010b41cdec/antenna/tag/e2806894000050038662154f, 88
1652710244.896173, sdrt-health/mac:02010b41cdec/antenna/tag/e2806894000050038662154f, 91
1652710244.924051, sdrt-health/mac:02010b41cdec/antenna/tag/e2806894000050038662154f, 88
1652710244.924482, sdrt-health/mac:02010b41cdec/antenna/tag/e2806894000050038662194f, 81
1652710244.9248, sdrt-health/mac:02010b41cdec/antenna/tag/e2806894000050038662194f, 82
1652710244.942575, sdrt-health/mac:02010b41cdec/antenna/tag/e2806894000040038661f94f, 81
1652710244.987532, sdrt-health/mac:02010b41cdec/antenna/tag/e2806894000050038662194f, 87
1652710245.028685, sdrt-health/mac:02010b41cdec/antenna/tag/e2806894000050038661fd4f, 86
1652710245.091506, sdrt-health/mac:02010b41cdec/antenna/tag/e2806894000050038661fd4f, 86
1652710245.091732, sdrt-health/mac:02010b41cdec/antenna/tag/e2806894000050038661fd4f, 83
1652710245.106569, sdrt-health/mac:02010b41cdec/antenna/tag/e2806894000040038662114f, 88
1652710245.127364, sdrt-health/mac:02010b41cdec/antenna/tag/e2806894000050038662154f, 85
1652710245.202868, sdrt-health/mac:02010b41cdec/antenna/tag/e2806894000050038662154f, 85
1652710245.203381, sdrt-health/mac:02010b41cdec/antenna/tag/e2806894000040038662114f, 97
1652710245.21744, sdrt-health/mac:02010b41cdec/antenna/tag/e2806894000040038662114f, 91
1652710245.228212, sdrt-health/mac:02010b41cdec/antenna/tag/e28068940000400386621d4f, 77
1652710245.269796, sdrt-health/mac:02010b41cdec/antenna/tag/e2806894000050038662194f, 94
1652710245.331441, sdrt-health/mac:02010b41cdec/antenna/tag/e28068940000400386621d4f, 77
1652710245.332049, sdrt-health/mac:02010b41cdec/antenna/tag/e2806894000050038662194f, 84
1652710245.37191, sdrt-health/mac:02010b41cdec/antenna/tag/e2806894000050038662154f, 85
1652710245.399822, sdrt-health/mac:02010b41cdec/antenna/tag/e28068940000400386621d4f, 77
1652710245.400112, sdrt-health/mac:02010b41cdec/antenna/tag/e2806894000040038662114f, 88
1652710245.41326, sdrt-health/mac:02010b41cdec/antenna/tag/e2806894000050038662154f, 88
1652710245.413581, sdrt-health/mac:02010b41cdec/antenna/tag/e2806894000050038662194f, 83
1652710245.413871, sdrt-health/mac:02010b41cdec/antenna/tag/e2806894000050038662154f, 85
1652710245.467884, sdrt-health/mac:02010b41cdec/antenna/tag/e2806894000050038662154f, 85
1652710245.535089, sdrt-health/mac:02010b41cdec/antenna/tag/e2806894000040038662214f, 84
1652710245.602244, sdrt-health/mac:02010b41cdec/antenna/tag/e28068940000400386621d4f, 77
1652710245.602703, sdrt-health/mac:02010b41cdec/antenna/tag/e28068940000400386621d4f, 77
1652710245.622179, sdrt-health/mac:02010b41cdec/antenna/tag/e2806894000040038662114f, 88
1652710245.622498, sdrt-health/mac:02010b41cdec/antenna/tag/e2806894000050038662154f, 91
1652710245.690269, sdrt-health/mac:02010b41cdec/antenna/tag/e28068940000400386621d4f, 96
1652710245.760103, sdrt-health/mac:02010b41cdec/antenna/tag/e2806894000040038662114f, 91
1652710245.760646, sdrt-health/mac:02010b41cdec/antenna/tag/e2806894000050038662154f, 88
1652710245.7737, sdrt-health/mac:02010b41cdec/antenna/tag/e2806894000050038662154f, 93
1652710245.802147, sdrt-health/mac:02010b41cdec/antenna/tag/e28068940000400386621d4f, 77
1652710245.802469, sdrt-health/mac:02010b41cdec/antenna/tag/e2806894000050038662194f, 88
1652710245.802656, sdrt-health/mac:02010b41cdec/antenna/tag/e2806894000050038661fd4f, 86
1652710245.868611, sdrt-health/mac:02010b41cdec/antenna/tag/e2806894000040038662054f, 94
1652710245.908695, sdrt-health/mac:02010b41cdec/antenna/tag/e2806894000050038662194f, 81
1652710245.93658, sdrt-health/mac:02010b41cdec/antenna/tag/e2806894000050038662194f, 81
1652710245.936803, sdrt-health/mac:02010b41cdec/antenna/tag/e2806894000050038662154f, 91
1652710245.950282, sdrt-health/mac:02010b41cdec/antenna/tag/e2806894000040038662114f, 97
1652710245.950509, sdrt-health/mac:02010b41cdec/antenna/tag/e28068940000400386621d4f, 96
1652710246.011279, sdrt-health/mac:02010b41cdec/antenna/tag/e28068940000400386621d4f, 96
1652710246.069551, sdrt-health/mac:02010b41cdec/antenna/tag/e2806894000040038662114f, 91
1652710246.070069, sdrt-health/mac:02010b41cdec/antenna/tag/e2806894000050038662194f, 83
1652710246.11307, sdrt-health/mac:02010b41cdec/antenna/tag/e28068940000400386621d4f, 96
1652710246.183593, sdrt-health/mac:02010b41cdec/antenna/tag/e2806894000040038662114f, 91
1652710246.184049, sdrt-health/mac:02010b41cdec/antenna/tag/e2806894000050038662154f, 85
1652710246.198363, sdrt-health/mac:02010b41cdec/antenna/tag/e28068940000400386621d4f, 77
1652710246.198776, sdrt-health/mac:02010b41cdec/antenna/tag/e2806894000040038662114f, 91
1652710246.199122, sdrt-health/mac:02010b41cdec/antenna/tag/e2806894000040038662114f, 88
1652710246.215015, sdrt-health/mac:02010b41cdec/antenna/tag/e28068940000400386621d4f, 77
1652710246.269919, sdrt-health/mac:02010b41cdec/antenna/tag/e2806894000040038662054f, 88
1652710246.337777, sdrt-health/mac:02010b41cdec/antenna/tag/e2806894000050038661fd4f, 86
1652710246.395668, sdrt-health/mac:02010b41cdec/antenna/tag/e28068940000400386621d4f, 90
1652710246.395964, sdrt-health/mac:02010b41cdec/antenna/tag/e28068940000400386621d4f, 90
1652710246.445471, sdrt-health/mac:02010b41cdec/antenna/tag/e2806894000050038661fd4f, 86
1652710246.490854, sdrt-health/mac:02010b41cdec/antenna/tag/e2806894000050038662194f, 94
1652710246.491288, sdrt-health/mac:02010b41cdec/antenna/tag/e2806894000040038662114f, 97
1652710246.514775, sdrt-health/mac:02010b41cdec/antenna/tag/e2806894000040038662114f, 91
1652710246.588121, sdrt-health/mac:02010b41cdec/antenna/tag/e2806894000050038662154f, 88
1652710246.588577, sdrt-health/mac:02010b41cdec/antenna/tag/e2806894000050038661fd4f, 83
1652710246.600687, sdrt-health/mac:02010b41cdec/antenna/tag/e2806894000050038662194f, 83
1652710246.601044, sdrt-health/mac:02010b41cdec/antenna/tag/e2806894000050038662194f, 83
1652710246.655634, sdrt-health/mac:02010b41cdec/antenna/tag/e2806894000050038662194f, 83
1652710246.739507, sdrt-health/mac:02010b41cdec/antenna/tag/e28068940000400386621d4f, 96
1652710246.767308, sdrt-health/mac:02010b41cdec/antenna/tag/e2806894000050038661fd4f, 86
1652710246.767608, sdrt-health/mac:02010b41cdec/antenna/tag/e2806894000050038662154f, 88
1652710246.767849, sdrt-health/mac:02010b41cdec/antenna/tag/e28068940000400386621d4f, 96
1652710246.808801, sdrt-health/mac:02010b41cdec/antenna/tag/e2806894000050038662194f, 81
1652710246.836542, sdrt-health/mac:02010b41cdec/antenna/tag/e28068940000400386621d4f, 77
1652710246.836822, sdrt-health/mac:02010b41cdec/antenna/tag/e2806894000050038662194f, 87
1652710246.837079, sdrt-health/mac:02010b41cdec/antenna/tag/e2806894000050038661fd4f, 83
1652710246.866751, sdrt-health/mac:02010b41cdec/antenna/tag/e2806894000050038661fd4f, 86
1652710246.894087, sdrt-health/mac:02010b41cdec/antenna/tag/e2806894000050038662154f, 85
1652710246.894385, sdrt-health/mac:02010b41cdec/antenna/tag/e2806894000050038662194f, 87
1652710246.894653, sdrt-health/mac:02010b41cdec/antenna/tag/e28068940000400386621d4f, 77
1652710246.919862, sdrt-health/mac:02010b41cdec/antenna/tag/e28068940000400386621d4f, 96
1652710246.990951, sdrt-health/mac:02010b41cdec/antenna/tag/e28068940000400386621d4f, 77
1652710246.991465, sdrt-health/mac:02010b41cdec/antenna/tag/e2806894000050038662154f, 91
1652710247.004799, sdrt-health/mac:02010b41cdec/antenna/tag/e2806894000050038662194f, 87
1652710247.005192, sdrt-health/mac:02010b41cdec/antenna/tag/e28068940000400386621d4f, 96
1652710247.005447, sdrt-health/mac:02010b41cdec/antenna/tag/e2806894000050038661fd4f, 83
1652710247.028156, sdrt-health/mac:02010b41cdec/antenna/tag/e2806894000050038662194f, 87
1652710247.076813, sdrt-health/mac:02010b41cdec/antenna/tag/e2806894000040038662114f, 91
1652710247.104805, sdrt-health/mac:02010b41cdec/antenna/tag/e2806894000050038661fd4f, 83
1652710247.105012, sdrt-health/mac:02010b41cdec/antenna/tag/e28068940000400386621d4f, 96
1652710247.133231, sdrt-health/mac:02010b41cdec/antenna/tag/e2806894000050038662194f, 83
1652710247.133518, sdrt-health/mac:02010b41cdec/antenna/tag/e2806894000040038662114f, 91
1652710247.186519, sdrt-health/mac:02010b41cdec/antenna/tag/e28068940000400386621d4f, 96
1652710247.23004, sdrt-health/mac:02010b41cdec/antenna/tag/e2806894000040038662114f, 91
1652710247.258027, sdrt-health/mac:02010b41cdec/antenna/tag/e2806894000040038661f94f, 81
1652710247.258349, sdrt-health/mac:02010b41cdec/antenna/tag/e2806894000040038661f94f, 84
1652710247.258562, sdrt-health/mac:02010b41cdec/antenna/tag/e2806894000040038662114f, 91
1652710247.270854, sdrt-health/mac:02010b41cdec/antenna/tag/e28068940000400386621d4f, 96
1652710247.333584, sdrt-health/mac:02010b41cdec/antenna/tag/e2806894000050038662154f, 85
1652710247.411386, sdrt-health/mac:02010b41cdec/antenna/tag/e2806894000050038662194f, 94
1652710247.438386, sdrt-health/mac:02010b41cdec/antenna/tag/e2806894000040038662114f, 91
1652710247.438634, sdrt-health/mac:02010b41cdec/antenna/tag/e2806894000040038662054f, 94
1652710247.438799, sdrt-health/mac:02010b41cdec/antenna/tag/e28068940000400386621d4f, 90
1652710247.470359, sdrt-health/mac:02010b41cdec/antenna/tag/e2806894000050038662154f, 88
1652710247.497826, sdrt-health/mac:02010b41cdec/antenna/tag/e2806894000040038662114f, 97
1652710247.498248, sdrt-health/mac:02010b41cdec/antenna/tag/e2806894000040038662114f, 97
1652710247.526188, sdrt-health/mac:02010b41cdec/antenna/tag/e2806894000050038662154f, 88
1652710247.578462, sdrt-health/mac:02010b41cdec/antenna/tag/e2806894000040038662114f, 91
1652710247.612081, sdrt-health/mac:02010b41cdec/antenna/tag/e28068940000400386621d4f, 96
1652710247.612456, sdrt-health/mac:02010b41cdec/antenna/tag/e28068940000400386621d4f, 96
1652710247.612729, sdrt-health/mac:02010b41cdec/antenna/tag/e2806894000040038662114f, 91
1652710247.613021, sdrt-health/mac:02010b41cdec/antenna/tag/e2806894000050038662154f, 91
1652710247.654337, sdrt-health/mac:02010b41cdec/antenna/tag/e28068940000400386621d4f, 96
1652710247.723611, sdrt-health/mac:02010b41cdec/antenna/tag/e2806894000040038662114f, 88
1652710247.77752, sdrt-health/mac:02010b41cdec/antenna/tag/e2806894000050038662154f, 88
1652710247.847358, sdrt-health/mac:02010b41cdec/antenna/tag/e2806894000050038661fd4f, 83
1652710247.847856, sdrt-health/mac:02010b41cdec/antenna/tag/e2806894000050038662194f, 87
1652710247.891304, sdrt-health/mac:02010b41cdec/antenna/tag/e2806894000050038662194f, 81
1652710247.919677, sdrt-health/mac:02010b41cdec/antenna/tag/e2806894000050038662154f, 97
1652710247.91997, sdrt-health/mac:02010b41cdec/antenna/tag/e2806894000040038662114f, 88
1652710247.920203, sdrt-health/mac:02010b41cdec/antenna/tag/e2806894000050038662194f, 81
1652710247.936312, sdrt-health/mac:02010b41cdec/antenna/tag/e2806894000050038662194f, 87
1652710247.987481, sdrt-health/mac:02010b41cdec/antenna/tag/e2806894000050038662154f, 88
1652710248.015229, sdrt-health/mac:02010b41cdec/antenna/tag/e28068940000400386621d4f, 96
1652710248.015622, sdrt-health/mac:02010b41cdec/antenna/tag/e2806894000050038662194f, 87
1652710248.03047, sdrt-health/mac:02010b41cdec/antenna/tag/e28068940000400386621d4f, 96
1652710248.091154, sdrt-health/mac:02010b41cdec/antenna/tag/e28068940000400386621d4f, 96
1652710248.150837, sdrt-health/mac:02010b41cdec/antenna/tag/e2806894000050038661fd4f, 83
1652710248.151324, sdrt-health/mac:02010b41cdec/antenna/tag/e28068940000400386621d4f, 96
1652710248.191331, sdrt-health/mac:02010b41cdec/antenna/tag/e2806894000040038662114f, 91
1652710248.218835, sdrt-health/mac:02010b41cdec/antenna/tag/e28068940000400386621d4f, 96
1652710248.219258, sdrt-health/mac:02010b41cdec/antenna/tag/e2806894000050038661fd4f, 86
1652710248.244033, sdrt-health/mac:02010b41cdec/antenna/tag/e2806894000040038661f94f, 88
1652710248.307579, sdrt-health/mac:02010b41cdec/antenna/tag/e2806894000050038662194f, 94
1652710248.366137, sdrt-health/mac:02010b41cdec/antenna/tag/e2806894000040038662114f, 88
1652710248.366566, sdrt-health/mac:02010b41cdec/antenna/tag/e28068940000400386621d4f, 96
1652710248.380993, sdrt-health/mac:02010b41cdec/antenna/tag/e28068940000400386621d4f, 96
1652710248.418279, sdrt-health/mac:02010b41cdec/antenna/tag/e2806894000050038661fd4f, 90
1652710248.475444, sdrt-health/mac:02010b41cdec/antenna/tag/e28068940000400386621d4f, 96
1652710248.475961, sdrt-health/mac:02010b41cdec/antenna/tag/e2806894000050038662154f, 91
1652710248.490249, sdrt-health/mac:02010b41cdec/antenna/tag/e2806894000050038662194f, 81
1652710248.512025, sdrt-health/mac:02010b41cdec/antenna/tag/e2806894000050038662154f, 91
1652710248.546628, sdrt-health/mac:02010b41cdec/antenna/tag/e2806894000040038662114f, 91
1652710248.547261, sdrt-health/mac:02010b41cdec/antenna/tag/e2806894000050038662154f, 88
1652710248.574561, sdrt-health/mac:02010b41cdec/antenna/tag/e2806894000040038662114f, 91
1652710248.627558, sdrt-health/mac:02010b41cdec/antenna/tag/e2806894000050038662194f, 88
1652710248.684962, sdrt-health/mac:02010b41cdec/antenna/tag/e2806894000040038662214f, 94
1652710248.685524, sdrt-health/mac:02010b41cdec/antenna/tag/e2806894000040038662114f, 88
1652710248.698885, sdrt-health/mac:02010b41cdec/antenna/tag/e28068940000400386621d4f, 77
1652710248.699165, sdrt-health/mac:02010b41cdec/antenna/tag/e28068940000400386621d4f, 77
1652710248.699388, sdrt-health/mac:02010b41cdec/antenna/tag/e2806894000050038661fd4f, 86
1652710248.70971, sdrt-health/mac:02010b41cdec/antenna/tag/e2806894000050038662194f, 88
1652710248.714147, sdrt-health/mac:02010b41cdec/antenna/tag/e2806894000050038661fd4f, 83
1652710248.751229, sdrt-health/mac:02010b41cdec/antenna/tag/e28068940000400386621d4f, 96
1652710248.751589, sdrt-health/mac:02010b41cdec/antenna/tag/e2806894000040038662114f, 91
1652710248.766164, sdrt-health/mac:02010b41cdec/antenna/tag/e2806894000050038662154f, 88
1652710248.808394, sdrt-health/mac:02010b41cdec/antenna/tag/e2806894000050038662154f, 88
1652710248.856151, sdrt-health/mac:02010b41cdec/antenna/tag/e2806894000050038661fd4f, 86
1652710248.908879, sdrt-health/mac:02010b41cdec/antenna/tag/e2806894000050038661fd4f, 86
1652710248.96751, sdrt-health/mac:02010b41cdec/antenna/tag/e28068940000400386621d4f, 90
1652710249.017105, sdrt-health/mac:02010b41cdec/antenna/tag/e2806894000040038662114f, 97
1652710249.082931, sdrt-health/mac:02010b41cdec/antenna/tag/e2806894000040038662114f, 97
1652710249.083391, sdrt-health/mac:02010b41cdec/antenna/tag/e2806894000050038662154f, 88
1652710249.083777, sdrt-health/mac:02010b41cdec/antenna/tag/e2806894000050038661fd4f, 90
1652710249.128122, sdrt-health/mac:02010b41cdec/antenna/tag/e2806894000050038661fd4f, 83
1652710249.175462, sdrt-health/mac:02010b41cdec/antenna/tag/e2806894000050038661fd4f, 86
1652710249.230499, sdrt-health/mac:02010b41cdec/antenna/tag/e2806894000050038662154f, 85
1652710249.301884, sdrt-health/mac:02010b41cdec/antenna/tag/e2806894000040038662114f, 91
1652710249.302369, sdrt-health/mac:02010b41cdec/antenna/tag/e28068940000400386621d4f, 77
1652710249.31871, sdrt-health/mac:02010b41cdec/antenna/tag/e2806894000050038662154f, 91
1652710249.323593, sdrt-health/mac:02010b41cdec/antenna/tag/e2806894000050038662194f, 87
1652710249.333325, sdrt-health/mac:02010b41cdec/antenna/tag/e28068940000400386621d4f, 96
1652710249.391276, sdrt-health/mac:02010b41cdec/antenna/tag/e2806894000050038661fd4f, 83
1652710249.461896, sdrt-health/mac:02010b41cdec/antenna/tag/e2806894000040038662114f, 88
1652710249.541643, sdrt-health/mac:02010b41cdec/antenna/tag/e2806894000050038661fd4f, 83
1652710249.60032, sdrt-health/mac:02010b41cdec/antenna/tag/e2806894000050038662194f, 84
1652710249.600639, sdrt-health/mac:02010b41cdec/antenna/tag/e2806894000040038662114f, 91
1652710249.600878, sdrt-health/mac:02010b41cdec/antenna/tag/e2806894000040038662214f, 84
1652710249.614359, sdrt-health/mac:02010b41cdec/antenna/tag/e2806894000040038662114f, 88
1652710249.629812, sdrt-health/mac:02010b41cdec/antenna/tag/e28068940000400386621d4f, 77
1652710249.702027, sdrt-health/mac:02010b41cdec/antenna/tag/e2806894000050038661fd4f, 83
1652710249.702485, sdrt-health/mac:02010b41cdec/antenna/tag/e2806894000040038662114f, 88
1652710249.716658, sdrt-health/mac:02010b41cdec/antenna/tag/e2806894000050038661fd4f, 86
1652710249.724418, sdrt-health/mac:02010b41cdec/antenna/tag/e2806894000050038662154f, 91
1652710249.732833, sdrt-health/mac:02010b41cdec/antenna/tag/e2806894000050038662154f, 91
1652710249.789513, sdrt-health/mac:02010b41cdec/antenna/tag/e2806894000050038661fd4f, 86
1652710249.871796, sdrt-health/mac:02010b41cdec/antenna/tag/e28068940000400386621d4f, 96
1652710249.872259, sdrt-health/mac:02010b41cdec/antenna/tag/e2806894000050038662194f, 81
1652710249.885544, sdrt-health/mac:02010b41cdec/antenna/tag/e2806894000050038662154f, 91
1652710249.949267, sdrt-health/mac:02010b41cdec/antenna/tag/e2806894000050038662194f, 81
1652710250.015318, sdrt-health/mac:02010b41cdec/antenna/tag/e28068940000400386621d4f, 96
1652710250.07105, sdrt-health/mac:02010b41cdec/antenna/tag/e2806894000040038662114f, 88
1652710250.071505, sdrt-health/mac:02010b41cdec/antenna/tag/e2806894000040038661f94f, 84
1652710250.071803, sdrt-health/mac:02010b41cdec/antenna/tag/e2806894000050038662154f, 85
1652710250.072079, sdrt-health/mac:02010b41cdec/antenna/tag/e2806894000050038662194f, 81
1652710250.072423, sdrt-health/mac:02010b41cdec/antenna/tag/e2806894000040038662114f, 88
1652710250.107976, sdrt-health/mac:02010b41cdec/antenna/tag/e28068940000400386621d4f, 77
1652710250.184745, sdrt-health/mac:02010b41cdec/antenna/tag/e2806894000050038661fd4f, 83
1652710250.185227, sdrt-health/mac:02010b41cdec/antenna/tag/e28068940000400386621d4f, 77
1652710250.185564, sdrt-health/mac:02010b41cdec/antenna/tag/e28068940000400386621d4f, 96
1652710250.258785, sdrt-health/mac:02010b41cdec/antenna/tag/e2806894000050038661fd4f, 90
1652710250.25932, sdrt-health/mac:02010b41cdec/antenna/tag/e2806894000050038662154f, 91
1652710250.274994, sdrt-health/mac:02010b41cdec/antenna/tag/e2806894000050038662194f, 81
1652710250.275359, sdrt-health/mac:02010b41cdec/antenna/tag/e2806894000040038662114f, 91
1652710250.302609, sdrt-health/mac:02010b41cdec/antenna/tag/e2806894000040038662114f, 91
1652710250.378369, sdrt-health/mac:02010b41cdec/antenna/tag/e2806894000050038661fd4f, 86
1652710250.378882, sdrt-health/mac:02010b41cdec/antenna/tag/e2806894000040038662054f, 88
1652710250.428363, sdrt-health/mac:02010b41cdec/antenna/tag/e2806894000050038662154f, 85
1652710250.467861, sdrt-health/mac:02010b41cdec/antenna/tag/e2806894000040038661f94f, 103
1652710250.517322, sdrt-health/mac:02010b41cdec/antenna/tag/e2806894000050038662154f, 85
1652710250.567911, sdrt-health/mac:02010b41cdec/antenna/tag/e2806894000040038662214f, 88
1652710250.607513, sdrt-health/mac:02010b41cdec/antenna/tag/e2806894000040038661f94f, 88
1652710250.678723, sdrt-health/mac:02010b41cdec/antenna/tag/e2806894000040038662114f, 88
1652710250.733563, sdrt-health/mac:02010b41cdec/antenna/tag/e2806894000050038662194f, 83
1652710250.793606, sdrt-health/mac:02010b41cdec/antenna/tag/e28068940000400386621d4f, 77
1652710250.794113, sdrt-health/mac:02010b41cdec/antenna/tag/e2806894000050038662154f, 97
1652710250.809426, sdrt-health/mac:02010b41cdec/antenna/state, connected
1652710250.809966, sdrt-health/mac:02010b41cdec/fw, {"version":"1.8.1","model":"200","hash":"2f556501b58f1dad542af428d7928d18","timestamp":1652710247}
1652710250.810333, sdrt-health/mac:02010b41cdec/antenna/tag/e2806894000040038662114f, 88
1652710250.840094, sdrt-health/mac:02010b41cdec/antenna/tag/e28068940000400386621d4f, 96
1652710250.86842, sdrt-health/mac:02010b41cdec/antenna/tag/e2806894000040038662114f, 91
1652710250.868696, sdrt-health/mac:02010b41cdec/antenna/tag/e2806894000040038662114f, 91
1652710250.920884, sdrt-health/mac:02010b41cdec/antenna/tag/e2806894000050038662194f, 83
1652710250.982427, sdrt-health/mac:02010b41cdec/antenna/tag/e2806894000050038661fd4f, 90
1652710250.982931, sdrt-health/mac:02010b41cdec/antenna/version, 
1652710251.061687, sdrt-health/mac:02010b41cdec/antenna/tag/e2806894000050038661fd4f, 86
1652710251.135872, sdrt-health/mac:02010b41cdec/antenna/tag/e2806894000040038662114f, 88
1652710251.167165, sdrt-health/mac:02010b41cdec/antenna/tag/e28068940000400386621d4f, 96
1652710251.167521, sdrt-health/mac:02010b41cdec/antenna/tag/e2806894000050038662154f, 85
1652710251.167855, sdrt-health/mac:02010b41cdec/antenna/tag/e2806894000040038662114f, 88
1652710251.184921, sdrt-health/mac:02010b41cdec/antenna/tag/e2806894000040038662114f, 88
1652710251.22848, sdrt-health/mac:02010b41cdec/antenna/tag/e2806894000050038662154f, 88
1652710251.269271, sdrt-health/mac:02010b41cdec/antenna/tag/e2806894000050038662194f, 87
1652710251.324125, sdrt-health/mac:02010b41cdec/antenna/tag/e2806894000050038662194f, 83
1652710251.32464, sdrt-health/mac:02010b41cdec/antenna/tag/e2806894000050038662154f, 88
1652710251.366041, sdrt-health/mac:02010b41cdec/antenna/tag/e2806894000050038661fd4f, 86
1652710251.424137, sdrt-health/mac:02010b41cdec/antenna/tag/e2806894000050038662154f, 97
1652710251.485965, sdrt-health/mac:02010b41cdec/antenna/tag/e2806894000050038661fd4f, 90
1652710251.486444, sdrt-health/mac:02010b41cdec/antenna/tag/e2806894000050038661fd4f, 86
1652710251.51009, sdrt-health/mac:02010b41cdec/antenna/tag/e2806894000050038662154f, 88
1652710251.54112, sdrt-health/mac:02010b41cdec/antenna/tag/e28068940000400386621d4f, 96
1652710251.541637, sdrt-health/mac:02010b41cdec/antenna/tag/e2806894000050038661fd4f, 86
1652710251.557395, sdrt-health/mac:02010b41cdec/antenna/tag/e2806894000050038662194f, 81
1652710251.605432, sdrt-health/mac:02010b41cdec/antenna/tag/e28068940000400386621d4f, 96
1652710251.648052, sdrt-health/mac:02010b41cdec/antenna/tag/e2806894000050038662194f, 81
1652710251.694636, sdrt-health/mac:02010b41cdec/antenna/tag/e2806894000040038662214f, 81
1652710251.746234, sdrt-health/mac:02010b41cdec/antenna/tag/e2806894000050038662154f, 88
1652710251.792918, sdrt-health/mac:02010b41cdec/antenna/tag/e28068940000400386621d4f, 77
1652710251.86164, sdrt-health/mac:02010b41cdec/antenna/tag/e2806894000040038662114f, 88
1652710251.862163, sdrt-health/mac:02010b41cdec/antenna/tag/e28068940000400386621d4f, 77
1652710251.880545, sdrt-health/mac:02010b41cdec/antenna/tag/e2806894000050038662194f, 81
1652710251.934565, sdrt-health/mac:02010b41cdec/antenna/tag/e2806894000050038661fd4f, 86
1652710252.028303, sdrt-health/mac:02010b41cdec/antenna/tag/e2806894000050038662194f, 83
1652710252.028775, sdrt-health/mac:02010b41cdec/antenna/tag/e2806894000040038662114f, 91
1652710252.058125, sdrt-health/mac:02010b41cdec/antenna/tag/e2806894000050038661fd4f, 86
1652710252.088219, sdrt-health/mac:02010b41cdec/antenna/tag/e2806894000050038662194f, 94
1652710252.088551, sdrt-health/mac:02010b41cdec/antenna/tag/e2806894000040038662214f, 82
1652710252.108656, sdrt-health/mac:02010b41cdec/antenna/tag/e2806894000050038662154f, 91
1652710252.166479, sdrt-health/mac:02010b41cdec/antenna/tag/e28068940000400386621d4f, 96
1652710252.210633, sdrt-health/mac:02010b41cdec/antenna/tag/e2806894000050038662194f, 85
1652710252.27123, sdrt-health/mac:02010b41cdec/antenna/tag/e2806894000050038662194f, 88
1652710252.271923, sdrt-health/mac:02010b41cdec/antenna/tag/e2806894000050038662154f, 93
1652710252.297425, sdrt-health/mac:02010b41cdec/antenna/tag/e2806894000040038662114f, 88
1652710252.364029, sdrt-health/mac:02010b41cdec/antenna/tag/e28068940000400386621d4f, 77
1652710252.365484, sdrt-health/mac:02010b41cdec/antenna/tag/e28068940000400386621d4f, 96
1652710252.486142, sdrt-health/mac:02010b41cdec/antenna/tag/e2806894000050038662154f, 88
1652710252.576034, sdrt-health/mac:02010b41cdec/antenna/tag/e2806894000050038662154f, 88
1652710252.635601, sdrt-health/mac:02010b41cdec/antenna/tag/e2806894000050038662194f, 93
1652710252.636089, sdrt-health/mac:02010b41cdec/antenna/tag/e2806894000040038662114f, 91
1652710252.648795, sdrt-health/mac:02010b41cdec/antenna/tag/e28068940000400386621d4f, 77
1652710252.649305, sdrt-health/mac:02010b41cdec/antenna/tag/e2806894000050038661fd4f, 83
1652710252.676691, sdrt-health/mac:02010b41cdec/antenna/tag/e2806894000050038661fd4f, 83
1652710252.740756, sdrt-health/mac:02010b41cdec/antenna/tag/e2806894000050038661fd4f, 86
1652710252.741269, sdrt-health/mac:02010b41cdec/antenna/tag/e2806894000050038662194f, 83
1652710252.779687, sdrt-health/mac:02010b41cdec/antenna/tag/e2806894000050038662194f, 94
1652710252.841202, sdrt-health/mac:02010b41cdec/antenna/tag/e2806894000050038662154f, 91
1652710252.841538, sdrt-health/mac:02010b41cdec/antenna/tag/e2806894000050038661fd4f, 86
1652710252.854943, sdrt-health/mac:02010b41cdec/antenna/tag/e2806894000050038662194f, 88
1652710252.885056, sdrt-health/mac:02010b41cdec/antenna/tag/e2806894000040038662054f, 81
1652710252.936172, sdrt-health/mac:02010b41cdec/antenna/tag/e2806894000050038662154f, 88
1652710253.006293, sdrt-health/mac:02010b41cdec/antenna/tag/e28068940000400386621d4f, 96
1652710253.054874, sdrt-health/mac:02010b41cdec/antenna/tag/e2806894000050038662154f, 85
1652710253.147936, sdrt-health/mac:02010b41cdec/antenna/tag/e2806894000040038662114f, 91
1652710253.211568, sdrt-health/mac:02010b41cdec/antenna/tag/e2806894000050038661fd4f, 86
1652710253.242051, sdrt-health/mac:02010b41cdec/antenna/tag/e2806894000050038662154f, 88
1652710253.242473, sdrt-health/mac:02010b41cdec/antenna/tag/e28068940000400386621d4f, 96
1652710253.242785, sdrt-health/mac:02010b41cdec/antenna/tag/e28068940000400386621d4f, 96
1652710253.256686, sdrt-health/mac:02010b41cdec/antenna/tag/e2806894000040038662114f, 88
1652710253.307093, sdrt-health/mac:02010b41cdec/antenna/tag/e2806894000050038662194f, 81
1652710253.380162, sdrt-health/mac:02010b41cdec/antenna/tag/e2806894000050038661fd4f, 86
1652710253.412182, sdrt-health/mac:02010b41cdec/antenna/tag/e2806894000040038662114f, 91
1652710253.412652, sdrt-health/mac:02010b41cdec/antenna/tag/e2806894000050038661fd4f, 83
1652710253.412979, sdrt-health/mac:02010b41cdec/antenna/tag/e28068940000400386621d4f, 77
1652710253.45579, sdrt-health/mac:02010b41cdec/antenna/tag/e28068940000400386621d4f, 96
1652710253.484484, sdrt-health/mac:02010b41cdec/antenna/tag/e2806894000050038661fd4f, 83
1652710253.485021, sdrt-health/mac:02010b41cdec/antenna/tag/e2806894000050038661fd4f, 83
1652710253.485484, sdrt-health/mac:02010b41cdec/antenna/tag/e2806894000050038662154f, 91
1652710253.48576, sdrt-health/mac:02010b41cdec/antenna/tag/e28068940000400386621d4f, 96
1652710253.528304, sdrt-health/mac:02010b41cdec/antenna/tag/e2806894000050038662154f, 88
1652710253.58519, sdrt-health/mac:02010b41cdec/antenna/tag/e2806894000040038662114f, 88
1652710253.652164, sdrt-health/mac:02010b41cdec/antenna/tag/e2806894000050038661fd4f, 86
1652710253.652707, sdrt-health/mac:02010b41cdec/antenna/tag/e2806894000050038662154f, 88
1652710253.695294, sdrt-health/mac:02010b41cdec/antenna/tag/e2806894000050038662194f, 81
1652710253.724365, sdrt-health/mac:02010b41cdec/antenna/tag/e2806894000050038661fd4f, 86
1652710253.724707, sdrt-health/mac:02010b41cdec/antenna/tag/e28068940000400386621d4f, 96
1652710253.724955, sdrt-health/mac:02010b41cdec/antenna/tag/e2806894000050038662194f, 83
1652710253.741689, sdrt-health/mac:02010b41cdec/antenna/tag/e2806894000050038662154f, 91
1652710253.741958, sdrt-health/mac:02010b41cdec/antenna/tag/e2806894000040038662114f, 97
1652710253.758095, sdrt-health/mac:02010b41cdec/antenna/tag/e2806894000050038662194f, 94
1652710253.804892, sdrt-health/mac:02010b41cdec/antenna/tag/e2806894000050038661fd4f, 86
1652710253.863014, sdrt-health/mac:02010b41cdec/antenna/tag/e2806894000050038662194f, 88
1652710253.90002, sdrt-health/mac:02010b41cdec/antenna/tag/e2806894000040038662114f, 91
1652710253.900591, sdrt-health/mac:02010b41cdec/antenna/tag/e2806894000050038662154f, 91
1652710253.914283, sdrt-health/mac:02010b41cdec/antenna/tag/e2806894000050038662154f, 88
1652710253.914786, sdrt-health/mac:02010b41cdec/antenna/tag/e2806894000050038662154f, 91
1652710253.953478, sdrt-health/mac:02010b41cdec/antenna/tag/e2806894000050038662194f, 93
1652710253.981576, sdrt-health/mac:02010b41cdec/antenna/tag/e2806894000050038661fd4f, 86
1652710253.981955, sdrt-health/mac:02010b41cdec/antenna/tag/e28068940000400386621d4f, 77
1652710254.004967, sdrt-health/mac:02010b41cdec/antenna/tag/e2806894000050038662154f, 88
1652710254.076808, sdrt-health/mac:02010b41cdec/antenna/tag/e2806894000050038662154f, 91
1652710254.156561, sdrt-health/mac:02010b41cdec/antenna/tag/e28068940000400386621d4f, 77
1652710254.157071, sdrt-health/mac:02010b41cdec/antenna/tag/e2806894000050038661fd4f, 83
1652710254.170838, sdrt-health/mac:02010b41cdec/antenna/tag/e2806894000040038662114f, 97
1652710254.171312, sdrt-health/mac:02010b41cdec/antenna/tag/e2806894000050038662154f, 88
1652710254.194126, sdrt-health/mac:02010b41cdec/antenna/tag/e2806894000040038662114f, 88
1652710254.222369, sdrt-health/mac:02010b41cdec/antenna/tag/e2806894000040038662114f, 88
1652710254.2226, sdrt-health/mac:02010b41cdec/antenna/tag/e2806894000050038661fd4f, 86
1652710254.250917, sdrt-health/mac:02010b41cdec/antenna/tag/e2806894000040038662114f, 88
1652710254.345142, sdrt-health/mac:02010b41cdec/antenna/tag/e2806894000050038661fd4f, 83
1652710254.345662, sdrt-health/mac:02010b41cdec/antenna/tag/e28068940000400386621d4f, 77
1652710254.38699, sdrt-health/mac:02010b41cdec/antenna/tag/e28068940000400386621d4f, 77
1652710254.419066, sdrt-health/mac:02010b41cdec/antenna/tag/e2806894000050038662154f, 97
1652710254.41931, sdrt-health/mac:02010b41cdec/antenna/tag/e2806894000040038662114f, 88
1652710254.419462, sdrt-health/mac:02010b41cdec/antenna/tag/e28068940000400386621d4f, 77
1652710254.419651, sdrt-health/mac:02010b41cdec/antenna/tag/e2806894000050038661fd4f, 86
1652710254.433337, sdrt-health/mac:02010b41cdec/antenna/tag/e2806894000050038661fd4f, 90
1652710254.486923, sdrt-health/mac:02010b41cdec/antenna/tag/e28068940000400386621d4f, 96
1652710254.565167, sdrt-health/mac:02010b41cdec/antenna/tag/e2806894000050038662194f, 83
1652710254.565654, sdrt-health/mac:02010b41cdec/antenna/tag/e28068940000400386621d4f, 96
1652710254.581809, sdrt-health/mac:02010b41cdec/antenna/tag/e2806894000040038662114f, 91
1652710254.582168, sdrt-health/mac:02010b41cdec/antenna/tag/e2806894000050038662154f, 88
1652710254.613728, sdrt-health/mac:02010b41cdec/antenna/tag/e2806894000050038662154f, 91
1652710254.639689, sdrt-health/mac:02010b41cdec/antenna/tag/e28068940000400386621d4f, 96
1652710254.639927, sdrt-health/mac:02010b41cdec/antenna/tag/e2806894000040038662114f, 91
1652710254.677573, sdrt-health/mac:02010b41cdec/antenna/tag/e2806894000050038662194f, 81
1652710254.756382, sdrt-health/mac:02010b41cdec/antenna/tag/e2806894000040038662114f, 88
1652710254.757091, sdrt-health/mac:02010b41cdec/antenna/tag/e2806894000050038662194f, 81
1652710254.769947, sdrt-health/mac:02010b41cdec/antenna/tag/e2806894000050038661fd4f, 83
1652710254.814032, sdrt-health/mac:02010b41cdec/antenna/tag/e2806894000050038662154f, 88
1652710254.871135, sdrt-health/mac:02010b41cdec/antenna/tag/e2806894000040038662114f, 91
1652710254.871557, sdrt-health/mac:02010b41cdec/antenna/tag/e28068940000400386621d4f, 96
1652710254.886774, sdrt-health/mac:02010b41cdec/antenna/tag/e2806894000050038661fd4f, 90
1652710254.925083, sdrt-health/mac:02010b41cdec/antenna/tag/e28068940000400386621d4f, 96
1652710254.975338, sdrt-health/mac:02010b41cdec/antenna/tag/e28068940000400386621d4f, 96
1652710255.038796, sdrt-health/mac:02010b41cdec/antenna/tag/e2806894000050038661fd4f, 86
1652710255.039238, sdrt-health/mac:02010b41cdec/antenna/tag/e2806894000050038662154f, 88
1652710255.040647, sdrt-health/mac:02010b41cdec/antenna/tag/e28068940000400386621d4f, 96
1652710255.041054, sdrt-health/mac:02010b41cdec/antenna/tag/e2806894000040038662114f, 91
1652710255.075117, sdrt-health/mac:02010b41cdec/antenna/tag/e28068940000400386621d4f, 96
1652710255.075366, sdrt-health/mac:02010b41cdec/antenna/tag/e2806894000050038661fd4f, 83
1652710255.150816, sdrt-health/mac:02010b41cdec/antenna/tag/e28068940000400386621d4f, 77
1652710255.188418, sdrt-health/mac:02010b41cdec/antenna/tag/e2806894000040038662214f, 94
1652710255.188715, sdrt-health/mac:02010b41cdec/antenna/tag/e2806894000040038661f94f, 87
1652710255.189009, sdrt-health/mac:02010b41cdec/antenna/tag/e28068940000400386621d4f, 77
1652710255.206617, sdrt-health/mac:02010b41cdec/antenna/tag/e2806894000050038661fd4f, 83
1652710255.268588, sdrt-health/mac:02010b41cdec/antenna/tag/e2806894000050038662154f, 85
1652710255.269052, sdrt-health/mac:02010b41cdec/antenna/tag/e2806894000050038661fd4f, 83
1652710255.282256, sdrt-health/mac:02010b41cdec/antenna/tag/e2806894000040038662114f, 88
1652710255.28261, sdrt-health/mac:02010b41cdec/antenna/tag/e28068940000400386621d4f, 96
1652710255.282889, sdrt-health/mac:02010b41cdec/antenna/tag/e2806894000050038661fd4f, 83
1652710255.311593, sdrt-health/mac:02010b41cdec/antenna/tag/e2806894000050038662154f, 88
1652710255.340414, sdrt-health/mac:02010b41cdec/antenna/tag/e2806894000050038662154f, 88
1652710255.34071, sdrt-health/mac:02010b41cdec/antenna/tag/e28068940000400386621d4f, 90
1652710255.340925, sdrt-health/mac:02010b41cdec/antenna/tag/e2806894000050038661fd4f, 83
1652710255.390181, sdrt-health/mac:02010b41cdec/antenna/tag/e28068940000400386621d4f, 96
1652710255.429467, sdrt-health/mac:02010b41cdec/antenna/tag/e2806894000050038662154f, 85
1652710255.457167, sdrt-health/mac:02010b41cdec/antenna/tag/e2806894000050038662154f, 88
1652710255.457367, sdrt-health/mac:02010b41cdec/antenna/tag/e2806894000050038662194f, 83
1652710255.509539, sdrt-health/mac:02010b41cdec/antenna/tag/e28068940000400386621d4f, 96
1652710255.556276, sdrt-health/mac:02010b41cdec/antenna/tag/e28068940000400386621d4f, 96
1652710255.607324, sdrt-health/mac:02010b41cdec/antenna/tag/e2806894000040038661f94f, 88
1652710255.648642, sdrt-health/mac:02010b41cdec/antenna/tag/e2806894000040038662114f, 88
1652710255.797388, sdrt-health/mac:02010b41cdec/antenna/tag/e2806894000040038661f94f, 81
1652710255.79795, sdrt-health/mac:02010b41cdec/antenna/tag/e2806894000050038661fd4f, 83
1652710255.811364, sdrt-health/mac:02010b41cdec/antenna/tag/e2806894000050038662154f, 85
1652710255.863838, sdrt-health/mac:02010b41cdec/antenna/tag/e28068940000400386621d4f, 96
1652710255.891252, sdrt-health/mac:02010b41cdec/antenna/tag/e2806894000040038662114f, 88
1652710255.891673, sdrt-health/mac:02010b41cdec/antenna/tag/e2806894000050038662194f, 81
1652710255.891949, sdrt-health/mac:02010b41cdec/antenna/tag/e2806894000040038662114f, 88
1652710255.892269, sdrt-health/mac:02010b41cdec/antenna/tag/e2806894000040038662114f, 88
1652710255.892521, sdrt-health/mac:02010b41cdec/antenna/tag/e28068940000400386621d4f, 96
1652710255.892773, sdrt-health/mac:02010b41cdec/antenna/tag/e28068940000400386621d4f, 77
1652710255.945179, sdrt-health/mac:02010b41cdec/antenna/tag/e28068940000400386621d4f, 77
1652710256.021551, sdrt-health/mac:02010b41cdec/antenna/tag/e2806894000050038662194f, 83
1652710256.022026, sdrt-health/mac:02010b41cdec/antenna/tag/e2806894000050038662194f, 81
1652710256.056292, sdrt-health/mac:02010b41cdec/antenna/tag/e28068940000400386621d4f, 77
1652710256.082906, sdrt-health/mac:02010b41cdec/antenna/tag/e2806894000040038661f94f, 94
1652710256.083333, sdrt-health/mac:02010b41cdec/antenna/tag/e2806894000040038662114f, 85
1652710256.109245, sdrt-health/mac:02010b41cdec/antenna/tag/e2806894000050038662154f, 85
1652710256.148126, sdrt-health/mac:02010b41cdec/antenna/tag/e28068940000400386621d4f, 77
1652710256.17634, sdrt-health/mac:02010b41cdec/antenna/tag/e2806894000050038662154f, 91
1652710256.176596, sdrt-health/mac:02010b41cdec/antenna/tag/e2806894000050038661fd4f, 86
1652710256.212306, sdrt-health/mac:02010b41cdec/antenna/tag/e2806894000040038662114f, 85
1652710256.212653, sdrt-health/mac:02010b41cdec/antenna/tag/e2806894000040038662114f, 88
1652710256.276711, sdrt-health/mac:02010b41cdec/antenna/tag/e2806894000050038661fd4f, 83
1652710256.328609, sdrt-health/mac:02010b41cdec/antenna/tag/e2806894000050038661fd4f, 86
1652710256.417057, sdrt-health/mac:02010b41cdec/antenna/tag/e2806894000050038662154f, 91
1652710256.459546, sdrt-health/mac:02010b41cdec/antenna/tag/e28068940000400386621d4f, 96
1652710256.487032, sdrt-health/mac:02010b41cdec/antenna/tag/e2806894000050038661fd4f, 86
1652710256.487278, sdrt-health/mac:02010b41cdec/antenna/tag/e2806894000050038662154f, 91
1652710256.487442, sdrt-health/mac:02010b41cdec/antenna/tag/e2806894000050038662154f, 91
1652710256.511583, sdrt-health/mac:02010b41cdec/antenna/tag/e2806894000050038662154f, 88
1652710256.574838, sdrt-health/mac:02010b41cdec/antenna/tag/e2806894000050038662154f, 88
1652710256.632438, sdrt-health/mac:02010b41cdec/antenna/tag/e2806894000040038662114f, 88
1652710256.632908, sdrt-health/mac:02010b41cdec/antenna/tag/e2806894000050038662194f, 83
1652710256.670721, sdrt-health/mac:02010b41cdec/antenna/tag/e2806894000050038661fd4f, 86
1652710256.698956, sdrt-health/mac:02010b41cdec/antenna/tag/e2806894000050038662154f, 91
1652710256.69951, sdrt-health/mac:02010b41cdec/antenna/tag/e2806894000050038661fd4f, 86
1652710256.712768, sdrt-health/mac:02010b41cdec/antenna/tag/e2806894000040038662114f, 91
1652710256.713057, sdrt-health/mac:02010b41cdec/antenna/tag/e2806894000050038661fd4f, 86
1652710256.713272, sdrt-health/mac:02010b41cdec/antenna/tag/e28068940000400386621d4f, 96
1652710256.773001, sdrt-health/mac:02010b41cdec/antenna/tag/e2806894000050038662194f, 87
1652710256.887322, sdrt-health/mac:02010b41cdec/antenna/tag/e2806894000050038661fd4f, 86
1652710256.97203, sdrt-health/mac:02010b41cdec/antenna/tag/e2806894000050038662194f, 94
1652710256.998442, sdrt-health/mac:02010b41cdec/antenna/tag/e2806894000050038661fd4f, 86
1652710256.998901, sdrt-health/mac:02010b41cdec/antenna/tag/e2806894000050038662154f, 88
1652710256.999092, sdrt-health/mac:02010b41cdec/antenna/tag/e2806894000040038661f94f, 88
1652710256.999274, sdrt-health/mac:02010b41cdec/antenna/tag/e2806894000040038661f94f, 82
1652710257.025416, sdrt-health/mac:02010b41cdec/antenna/tag/e2806894000050038662194f, 83
1652710257.071711, sdrt-health/mac:02010b41cdec/antenna/tag/e2806894000050038661fd4f, 83
1652710257.164855, sdrt-health/mac:02010b41cdec/antenna/tag/e28068940000400386621d4f, 77
1652710257.165314, sdrt-health/mac:02010b41cdec/antenna/tag/e2806894000040038662114f, 88
1652710257.165798, sdrt-health/mac:02010b41cdec/antenna/tag/e2806894000050038662194f, 83
1652710257.209895, sdrt-health/mac:02010b41cdec/antenna/tag/e2806894000040038662114f, 88
1652710257.278378, sdrt-health/mac:02010b41cdec/antenna/tag/e2806894000040038662114f, 88
1652710257.278831, sdrt-health/mac:02010b41cdec/antenna/tag/e2806894000050038662154f, 97
1652710257.317974, sdrt-health/mac:02010b41cdec/antenna/tag/e2806894000050038661fd4f, 83
1652710257.318414, sdrt-health/mac:02010b41cdec/antenna/tag/e2806894000050038661fd4f, 83
1652710257.318819, sdrt-health/mac:02010b41cdec/antenna/tag/e2806894000050038661fd4f, 86
1652710257.35525, sdrt-health/mac:02010b41cdec/antenna/tag/e28068940000400386621d4f, 96
1652710257.384754, sdrt-health/mac:02010b41cdec/antenna/tag/e2806894000050038662194f, 84
1652710257.417359, sdrt-health/mac:02010b41cdec/antenna/tag/e28068940000400386621d4f, 90
1652710257.477814, sdrt-health/mac:02010b41cdec/antenna/tag/e2806894000050038661fd4f, 86
1652710257.515676, sdrt-health/mac:02010b41cdec/antenna/tag/e2806894000050038662194f, 83
1652710257.592826, sdrt-health/mac:02010b41cdec/antenna/tag/e2806894000050038662194f, 81
1652710257.593316, sdrt-health/mac:02010b41cdec/antenna/tag/e2806894000050038662154f, 85
1652710257.685091, sdrt-health/mac:02010b41cdec/antenna/tag/e28068940000400386621d4f, 77
1652710257.768372, sdrt-health/mac:02010b41cdec/antenna/tag/e2806894000040038662114f, 91
1652710257.769935, sdrt-health/mac:02010b41cdec/antenna/tag/e2806894000050038662194f, 83
1652710257.783307, sdrt-health/mac:02010b41cdec/antenna/tag/e2806894000050038662154f, 88
1652710257.823781, sdrt-health/mac:02010b41cdec/antenna/tag/e2806894000050038661fd4f, 90
1652710257.82416, sdrt-health/mac:02010b41cdec/antenna/tag/e28068940000400386621d4f, 96
1652710257.844589, sdrt-health/mac:02010b41cdec/antenna/tag/e28068940000400386621d4f, 96
1652710257.874886, sdrt-health/mac:02010b41cdec/antenna/tag/e28068940000400386621d4f, 96
1652710257.921205, sdrt-health/mac:02010b41cdec/antenna/tag/e2806894000050038661fd4f, 83
1652710258.059347, sdrt-health/mac:02010b41cdec/antenna/tag/e2806894000050038662154f, 91
1652710258.059842, sdrt-health/mac:02010b41cdec/antenna/tag/e2806894000050038662154f, 88
1652710258.094466, sdrt-health/mac:02010b41cdec/antenna/tag/e2806894000050038661fd4f, 83
1652710258.130869, sdrt-health/mac:02010b41cdec/antenna/tag/e2806894000050038661fd4f, 83
1652710258.131356, sdrt-health/mac:02010b41cdec/antenna/tag/e28068940000400386621d4f, 77
1652710258.131689, sdrt-health/mac:02010b41cdec/antenna/tag/e2806894000050038662154f, 91
1652710258.145362, sdrt-health/mac:02010b41cdec/antenna/tag/e2806894000050038662194f, 83
1652710258.199866, sdrt-health/mac:02010b41cdec/antenna/tag/e2806894000050038661fd4f, 86
1652710258.288149, sdrt-health/mac:02010b41cdec/antenna/tag/e2806894000050038662154f, 88
1652710258.288609, sdrt-health/mac:02010b41cdec/antenna/tag/e2806894000050038662154f, 85
1652710258.288979, sdrt-health/mac:02010b41cdec/antenna/tag/e2806894000050038661fd4f, 86
1652710258.289308, sdrt-health/mac:02010b41cdec/antenna/tag/e2806894000040038662114f, 88
1652710258.311418, sdrt-health/mac:02010b41cdec/antenna/tag/e2806894000050038662154f, 85
1652710258.344662, sdrt-health/mac:02010b41cdec/antenna/tag/e2806894000040038661f94f, 94
1652710258.451053, sdrt-health/mac:02010b41cdec/antenna/tag/e2806894000040038662114f, 91
1652710258.451562, sdrt-health/mac:02010b41cdec/antenna/tag/e2806894000050038662154f, 85
1652710258.491067, sdrt-health/mac:02010b41cdec/antenna/tag/e2806894000050038662194f, 81
1652710258.537983, sdrt-health/mac:02010b41cdec/antenna/tag/e2806894000050038662154f, 88
1652710258.53841, sdrt-health/mac:02010b41cdec/antenna/tag/e2806894000050038662154f, 85
1652710258.538761, sdrt-health/mac:02010b41cdec/antenna/tag/e2806894000050038661fd4f, 83
1652710258.561208, sdrt-health/mac:02010b41cdec/antenna/tag/e2806894000040038662114f, 91
1652710258.595462, sdrt-health/mac:02010b41cdec/antenna/tag/e2806894000040038661f94f, 88
1652710258.646036, sdrt-health/mac:02010b41cdec/antenna/tag/e28068940000400386621d4f, 77
1652710258.678669, sdrt-health/mac:02010b41cdec/antenna/tag/e2806894000040038662114f, 91
1652710258.67909, sdrt-health/mac:02010b41cdec/antenna/tag/e2806894000050038662154f, 85
1652710258.69569, sdrt-health/mac:02010b41cdec/antenna/tag/e2806894000050038662194f, 87
1652710258.769697, sdrt-health/mac:02010b41cdec/antenna/tag/e2806894000040038662114f, 88
1652710258.824077, sdrt-health/mac:02010b41cdec/antenna/tag/e2806894000050038662154f, 85
1652710259.094702, sdrt-health/mac:02010b41cdec/antenna/tag/e2806894000040038662214f, 82
1652710259.095241, sdrt-health/mac:02010b41cdec/antenna/tag/e2806894000050038662194f, 83
1652710259.107584, sdrt-health/mac:02010b41cdec/antenna/tag/e28068940000400386621d4f, 77
1652710259.108077, sdrt-health/mac:02010b41cdec/antenna/tag/e28068940000400386621d4f, 90
1652710259.108448, sdrt-health/mac:02010b41cdec/antenna/tag/e2806894000050038662194f, 81
1652710259.108651, sdrt-health/mac:02010b41cdec/antenna/tag/e2806894000050038662194f, 83
1652710259.108794, sdrt-health/mac:02010b41cdec/antenna/tag/e2806894000040038662114f, 97
1652710259.108941, sdrt-health/mac:02010b41cdec/antenna/tag/e2806894000050038662154f, 91
1652710259.109092, sdrt-health/mac:02010b41cdec/antenna/tag/e2806894000050038661fd4f, 86
1652710259.109284, sdrt-health/mac:02010b41cdec/antenna/tag/e28068940000400386621d4f, 96
1652710259.109479, sdrt-health/mac:02010b41cdec/antenna/tag/e2806894000040038662114f, 83
1652710259.109657, sdrt-health/mac:02010b41cdec/antenna/tag/e2806894000040038662114f, 97
1652710259.109818, sdrt-health/mac:02010b41cdec/antenna/tag/e2806894000050038661fd4f, 86
1652710259.109991, sdrt-health/mac:02010b41cdec/antenna/tag/e28068940000400386621d4f, 96
1652710259.164927, sdrt-health/mac:02010b41cdec/antenna/tag/e2806894000050038661fd4f, 83
1652710259.220276, sdrt-health/mac:02010b41cdec/antenna/tag/e28068940000400386621d4f, 77
1652710259.220705, sdrt-health/mac:02010b41cdec/antenna/tag/e2806894000050038662154f, 85
1652710259.241853, sdrt-health/mac:02010b41cdec/antenna/tag/e2806894000050038662194f, 83
1652710259.242211, sdrt-health/mac:02010b41cdec/antenna/tag/e28068940000400386621d4f, 77
1652710259.242465, sdrt-health/mac:02010b41cdec/antenna/tag/e2806894000040038662114f, 88
1652710259.284254, sdrt-health/mac:02010b41cdec/antenna/tag/e28068940000400386621d4f, 96
1652710259.324302, sdrt-health/mac:02010b41cdec/antenna/tag/e2806894000050038662154f, 88
1652710259.32467, sdrt-health/mac:02010b41cdec/antenna/tag/e2806894000040038662114f, 91
1652710259.340177, sdrt-health/mac:02010b41cdec/antenna/tag/e2806894000040038662054f, 88
1652710259.3404, sdrt-health/mac:02010b41cdec/antenna/tag/e2806894000050038661fd4f, 86
1652710259.403936, sdrt-health/mac:02010b41cdec/antenna/tag/e2806894000040038662054f, 82
1652710259.464636, sdrt-health/mac:02010b41cdec/antenna/tag/e2806894000050038661fd4f, 86
1652710259.46498, sdrt-health/mac:02010b41cdec/antenna/tag/e28068940000400386621d4f, 90
1652710259.501589, sdrt-health/mac:02010b41cdec/antenna/tag/e2806894000050038662154f, 85
1652710259.545738, sdrt-health/mac:02010b41cdec/antenna/tag/e2806894000040038662114f, 91
1652710259.635727, sdrt-health/mac:02010b41cdec/antenna/tag/e2806894000050038662194f, 87
1652710259.636187, sdrt-health/mac:02010b41cdec/antenna/tag/e2806894000050038661fd4f, 83
1652710259.659869, sdrt-health/mac:02010b41cdec/antenna/tag/e2806894000050038662154f, 88
1652710259.660485, sdrt-health/mac:02010b41cdec/antenna/tag/e28068940000400386621d4f, 77
1652710259.711964, sdrt-health/mac:02010b41cdec/antenna/tag/e28068940000400386621d4f, 96
1652710259.813964, sdrt-health/mac:02010b41cdec/antenna/tag/e2806894000050038662154f, 88
1652710259.814466, sdrt-health/mac:02010b41cdec/antenna/tag/e2806894000040038662114f, 88
1652710259.849291, sdrt-health/mac:02010b41cdec/antenna/tag/e28068940000400386621d4f, 77
1652710259.940751, sdrt-health/mac:02010b41cdec/antenna/tag/e2806894000040038662114f, 88
1652710259.941226, sdrt-health/mac:02010b41cdec/antenna/tag/e2806894000050038661fd4f, 83
1652710259.968363, sdrt-health/mac:02010b41cdec/antenna/tag/e2806894000040038662114f, 91
1652710259.968694, sdrt-health/mac:02010b41cdec/antenna/tag/e2806894000050038661fd4f, 86
1652710259.969057, sdrt-health/mac:02010b41cdec/antenna/tag/e2806894000040038662114f, 88
1652710259.988437, sdrt-health/mac:02010b41cdec/antenna/tag/e2806894000050038662154f, 91
1652710259.988706, sdrt-health/mac:02010b41cdec/antenna/tag/e28068940000400386621d4f, 96
1652710259.988924, sdrt-health/mac:02010b41cdec/antenna/tag/e2806894000050038661fd4f, 83
1652710260.023618, sdrt-health/mac:02010b41cdec/antenna/tag/e2806894000040038662114f, 85
1652710260.05287, sdrt-health/mac:02010b41cdec/antenna/tag/e2806894000050038662194f, 87
1652710260.080149, sdrt-health/mac:02010b41cdec/antenna/tag/e2806894000050038662194f, 81
1652710260.080446, sdrt-health/mac:02010b41cdec/antenna/tag/e2806894000040038662114f, 91
1652710260.080683, sdrt-health/mac:02010b41cdec/antenna/tag/e28068940000400386621d4f, 96
1652710260.175445, sdrt-health/mac:02010b41cdec/antenna/tag/e2806894000050038662194f, 94
1652710260.232528, sdrt-health/mac:02010b41cdec/antenna/tag/e2806894000050038662154f, 88
1652710260.233579, sdrt-health/mac:02010b41cdec/antenna/tag/e2806894000050038662154f, 91
1652710260.249502, sdrt-health/mac:02010b41cdec/antenna/tag/e2806894000050038661fd4f, 86
1652710260.679032, sdrt-health/mac:02010b41cdec/antenna/tag/e2806894000050038661fd4f, 90
1652710260.707285, sdrt-health/mac:02010b41cdec/antenna/tag/e2806894000050038661fd4f, 86
1652710260.708342, sdrt-health/mac:02010b41cdec/antenna/tag/e2806894000050038662194f, 83
1652710260.708588, sdrt-health/mac:02010b41cdec/antenna/tag/e2806894000050038662154f, 88
1652710260.708814, sdrt-health/mac:02010b41cdec/antenna/tag/e28068940000400386621d4f, 96
1652710260.734201, sdrt-health/mac:02010b41cdec/antenna/tag/e2806894000040038662114f, 97
1652710260.804803, sdrt-health/mac:02010b41cdec/antenna/tag/e2806894000040038662114f, 91
1652710260.805261, sdrt-health/mac:02010b41cdec/antenna/tag/e2806894000050038662194f, 87
1652710260.805688, sdrt-health/mac:02010b41cdec/antenna/tag/e2806894000050038662154f, 91
1652710260.806033, sdrt-health/mac:02010b41cdec/antenna/tag/e2806894000050038662194f, 87
1652710260.80635, sdrt-health/mac:02010b41cdec/antenna/tag/e28068940000400386621d4f, 96
1652710260.806693, sdrt-health/mac:02010b41cdec/antenna/tag/e2806894000050038661fd4f, 83
1652710260.807111, sdrt-health/mac:02010b41cdec/antenna/tag/e2806894000050038662154f, 91
1652710260.80744, sdrt-health/mac:02010b41cdec/antenna/tag/e28068940000400386621d4f, 96
1652710260.807877, sdrt-health/mac:02010b41cdec/antenna/tag/e2806894000050038661fd4f, 83
1652710260.808304, sdrt-health/mac:02010b41cdec/antenna/tag/e2806894000040038662114f, 88
1652710260.808753, sdrt-health/mac:02010b41cdec/antenna/tag/e2806894000050038662154f, 88
1652710260.809182, sdrt-health/mac:02010b41cdec/antenna/tag/e2806894000050038662194f, 83
1652710260.80968, sdrt-health/mac:02010b41cdec/antenna/tag/e2806894000050038662194f, 81
1652710260.895252, sdrt-health/mac:02010b41cdec/antenna/tag/e28068940000400386621d4f, 77
1652710260.937867, sdrt-health/mac:02010b41cdec/antenna/tag/e2806894000050038661fd4f, 83
1652710260.938383, sdrt-health/mac:02010b41cdec/antenna/tag/e2806894000050038661fd4f, 86
1652710260.954088, sdrt-health/mac:02010b41cdec/antenna/tag/e2806894000050038661fd4f, 83
1652710260.954555, sdrt-health/mac:02010b41cdec/antenna/tag/e2806894000050038662154f, 91
1652710260.954926, sdrt-health/mac:02010b41cdec/antenna/tag/e2806894000050038661fd4f, 83
1652710260.955243, sdrt-health/mac:02010b41cdec/antenna/tag/e2806894000040038662114f, 88
1652710260.955557, sdrt-health/mac:02010b41cdec/antenna/tag/e2806894000050038662194f, 83
1652710260.95589, sdrt-health/mac:02010b41cdec/antenna/tag/e2806894000050038662194f, 81
1652710260.956191, sdrt-health/mac:02010b41cdec/antenna/tag/e2806894000040038662114f, 91
1652710261.014646, sdrt-health/mac:02010b41cdec/antenna/tag/e28068940000400386621d4f, 96
1652710261.042896, sdrt-health/mac:02010b41cdec/antenna/tag/e2806894000050038661fd4f, 86
1652710261.043295, sdrt-health/mac:02010b41cdec/antenna/tag/e2806894000050038662154f, 91
1652710261.070327, sdrt-health/mac:02010b41cdec/antenna/tag/e2806894000050038662194f, 93
1652710261.160861, sdrt-health/mac:02010b41cdec/antenna/tag/e2806894000050038662194f, 81
1652710261.161315, sdrt-health/mac:02010b41cdec/antenna/tag/e2806894000040038662114f, 91
1652710261.161696, sdrt-health/mac:02010b41cdec/antenna/tag/e2806894000050038661fd4f, 83
1652710261.177739, sdrt-health/mac:02010b41cdec/antenna/tag/e2806894000040038661f94f, 88
1652710261.237347, sdrt-health/mac:02010b41cdec/antenna/tag/e2806894000050038662194f, 94
1652710261.285843, sdrt-health/mac:02010b41cdec/antenna/tag/e2806894000040038661f94f, 81
1652710261.385852, sdrt-health/mac:02010b41cdec/antenna/tag/e2806894000050038661fd4f, 86
1652710261.386318, sdrt-health/mac:02010b41cdec/antenna/tag/e2806894000040038662114f, 88
1652710261.418988, sdrt-health/mac:02010b41cdec/antenna/tag/e2806894000050038662194f, 88
1652710261.453887, sdrt-health/mac:02010b41cdec/antenna/tag/e2806894000040038661f94f, 94
1652710261.454295, sdrt-health/mac:02010b41cdec/antenna/tag/e2806894000050038662154f, 91
1652710261.468793, sdrt-health/mac:02010b41cdec/antenna/tag/e2806894000050038662154f, 91
1652710261.509279, sdrt-health/mac:02010b41cdec/antenna/tag/e2806894000040038662114f, 88
1652710261.570224, sdrt-health/mac:02010b41cdec/antenna/tag/e2806894000050038662194f, 94
1652710261.570689, sdrt-health/mac:02010b41cdec/antenna/tag/e2806894000050038661fd4f, 83
1652710261.617009, sdrt-health/mac:02010b41cdec/antenna/tag/e2806894000050038662154f, 85
1652710261.693668, sdrt-health/mac:02010b41cdec/antenna/tag/e2806894000050038661fd4f, 83
1652710261.749622, sdrt-health/mac:02010b41cdec/antenna/tag/e2806894000050038661fd4f, 83
1652710261.750007, sdrt-health/mac:02010b41cdec/antenna/tag/e28068940000400386621d4f, 77
1652710261.750439, sdrt-health/mac:02010b41cdec/antenna/tag/e2806894000050038661fd4f, 83
1652710261.806456, sdrt-health/mac:02010b41cdec/antenna/tag/e28068940000400386621d4f, 96
1652710261.83383, sdrt-health/mac:02010b41cdec/antenna/tag/e2806894000050038661fd4f, 86
1652710261.834246, sdrt-health/mac:02010b41cdec/antenna/tag/e2806894000050038662154f, 88
1652710261.834616, sdrt-health/mac:02010b41cdec/antenna/tag/e2806894000050038661fd4f, 83
1652710261.834882, sdrt-health/mac:02010b41cdec/antenna/tag/e2806894000040038662114f, 91
1652710261.852459, sdrt-health/mac:02010b41cdec/antenna/tag/e2806894000050038661fd4f, 86
1652710261.923489, sdrt-health/mac:02010b41cdec/antenna/tag/e2806894000050038662154f, 88
1652710261.961451, sdrt-health/mac:02010b41cdec/antenna/tag/e2806894000050038662194f, 81
1652710262.031528, sdrt-health/mac:02010b41cdec/antenna/tag/e2806894000040038662114f, 97
1652710262.063331, sdrt-health/mac:02010b41cdec/antenna/tag/e2806894000050038662154f, 88
1652710262.063861, sdrt-health/mac:02010b41cdec/antenna/tag/e28068940000400386621d4f, 96
1652710262.101437, sdrt-health/mac:02010b41cdec/antenna/tag/e2806894000040038662114f, 91
1652710262.164497, sdrt-health/mac:02010b41cdec/antenna/tag/e2806894000050038662154f, 85
1652710262.165009, sdrt-health/mac:02010b41cdec/antenna/tag/e2806894000040038661f94f, 84
1652710262.182978, sdrt-health/mac:02010b41cdec/antenna/tag/e2806894000040038662214f, 81
1652710262.221994, sdrt-health/mac:02010b41cdec/antenna/tag/e2806894000050038662154f, 85
1652710262.222374, sdrt-health/mac:02010b41cdec/antenna/tag/e2806894000040038661f94f, 94
1652710262.25365, sdrt-health/mac:02010b41cdec/antenna/tag/e2806894000050038662194f, 81
1652710262.297944, sdrt-health/mac:02010b41cdec/antenna/tag/e2806894000050038662154f, 91
1652710262.298895, sdrt-health/mac:02010b41cdec/antenna/tag/e2806894000050038662194f, 81
1652710262.35482, sdrt-health/mac:02010b41cdec/antenna/tag/e2806894000050038661fd4f, 86
1652710262.411191, sdrt-health/mac:02010b41cdec/antenna/tag/e28068940000400386621d4f, 96
1652710262.43909, sdrt-health/mac:02010b41cdec/antenna/tag/e2806894000050038661fd4f, 86
1652710262.439467, sdrt-health/mac:02010b41cdec/antenna/tag/e2806894000050038662194f, 81
1652710262.453915, sdrt-health/mac:02010b41cdec/antenna/tag/e2806894000050038661fd4f, 86
1652710262.511005, sdrt-health/mac:02010b41cdec/antenna/tag/e2806894000040038662214f, 88
1652710262.563249, sdrt-health/mac:02010b41cdec/antenna/tag/e2806894000050038661fd4f, 83
1652710262.56375, sdrt-health/mac:02010b41cdec/antenna/tag/e2806894000040038662114f, 88
1652710262.56423, sdrt-health/mac:02010b41cdec/antenna/tag/e2806894000040038661f94f, 81
1652710262.564612, sdrt-health/mac:02010b41cdec/antenna/tag/e2806894000050038661fd4f, 83
1652710262.606564, sdrt-health/mac:02010b41cdec/antenna/tag/e2806894000040038661f94f, 84
1652710262.667883, sdrt-health/mac:02010b41cdec/antenna/tag/e2806894000040038662114f, 85
1652710262.668265, sdrt-health/mac:02010b41cdec/antenna/tag/e2806894000050038662154f, 91
1652710262.668677, sdrt-health/mac:02010b41cdec/antenna/tag/e2806894000050038661fd4f, 83
1652710262.714121, sdrt-health/mac:02010b41cdec/antenna/tag/e28068940000400386621d4f, 77
1652710262.779848, sdrt-health/mac:02010b41cdec/antenna/tag/e28068940000400386621d4f, 77
1652710262.780241, sdrt-health/mac:02010b41cdec/antenna/tag/e28068940000400386621d4f, 96
1652710262.815369, sdrt-health/mac:02010b41cdec/antenna/tag/e2806894000040038661f94f, 81
1652710262.815975, sdrt-health/mac:02010b41cdec/antenna/tag/e2806894000050038661fd4f, 86
1652710262.858914, sdrt-health/mac:02010b41cdec/antenna/tag/e2806894000040038662114f, 91
1652710262.932707, sdrt-health/mac:02010b41cdec/antenna/tag/e2806894000050038662154f, 91
1652710262.934192, sdrt-health/mac:02010b41cdec/antenna/tag/e2806894000050038662154f, 91
1652710262.948518, sdrt-health/mac:02010b41cdec/antenna/tag/e28068940000400386621d4f, 96
1652710262.990163, sdrt-health/mac:02010b41cdec/antenna/tag/e2806894000040038662114f, 97
1652710263.064539, sdrt-health/mac:02010b41cdec/antenna/tag/e2806894000040038662114f, 91
1652710263.065043, sdrt-health/mac:02010b41cdec/antenna/tag/e2806894000040038662114f, 91
1652710263.077756, sdrt-health/mac:02010b41cdec/antenna/tag/e2806894000050038662154f, 85
1652710263.106129, sdrt-health/mac:02010b41cdec/antenna/tag/e2806894000050038661fd4f, 83
1652710263.106628, sdrt-health/mac:02010b41cdec/antenna/tag/e2806894000050038662154f, 88
1652710263.10689, sdrt-health/mac:02010b41cdec/antenna/tag/e28068940000400386621d4f, 96
1652710263.107119, sdrt-health/mac:02010b41cdec/antenna/tag/e2806894000050038661fd4f, 83
1652710263.147477, sdrt-health/mac:02010b41cdec/antenna/tag/e2806894000050038662154f, 91
1652710263.21636, sdrt-health/mac:02010b41cdec/antenna/tag/e2806894000050038661fd4f, 90
1652710263.273438, sdrt-health/mac:02010b41cdec/antenna/tag/e2806894000040038662114f, 97
1652710263.273927, sdrt-health/mac:02010b41cdec/antenna/tag/e2806894000050038662194f, 88
1652710263.287093, sdrt-health/mac:02010b41cdec/antenna/tag/e2806894000040038662114f, 91
1652710263.287302, sdrt-health/mac:02010b41cdec/antenna/tag/e2806894000050038661fd4f, 86
1652710263.326934, sdrt-health/mac:02010b41cdec/antenna/tag/e2806894000040038662054f, 94
1652710263.374079, sdrt-health/mac:02010b41cdec/antenna/tag/e2806894000040038662114f, 91
1652710263.406399, sdrt-health/mac:02010b41cdec/antenna/tag/e2806894000050038662194f, 94
1652710263.406938, sdrt-health/mac:02010b41cdec/antenna/tag/e28068940000400386621d4f, 96
1652710263.422354, sdrt-health/mac:02010b41cdec/antenna/tag/e2806894000050038662154f, 85
1652710263.463751, sdrt-health/mac:02010b41cdec/antenna/tag/e2806894000040038662114f, 88
1652710263.464188, sdrt-health/mac:02010b41cdec/antenna/tag/e2806894000050038662194f, 81
1652710263.482418, sdrt-health/mac:02010b41cdec/antenna/tag/e2806894000040038662114f, 88
1652710263.531663, sdrt-health/mac:02010b41cdec/antenna/tag/e2806894000050038661fd4f, 83
1652710263.532028, sdrt-health/mac:02010b41cdec/antenna/tag/e2806894000050038662194f, 94
1652710263.546624, sdrt-health/mac:02010b41cdec/antenna/tag/e2806894000040038661f94f, 82
1652710263.546916, sdrt-health/mac:02010b41cdec/antenna/tag/e2806894000040038662214f, 84
1652710263.583541, sdrt-health/mac:02010b41cdec/antenna/tag/e2806894000040038662214f, 88
1652710263.612019, sdrt-health/mac:02010b41cdec/antenna/tag/e28068940000400386621d4f, 77
1652710263.612261, sdrt-health/mac:02010b41cdec/antenna/tag/e2806894000050038662154f, 85
1652710263.649953, sdrt-health/mac:02010b41cdec/antenna/tag/e2806894000040038662114f, 91
1652710263.71221, sdrt-health/mac:02010b41cdec/antenna/tag/e2806894000050038662194f, 81
1652710263.777877, sdrt-health/mac:02010b41cdec/antenna/tag/e2806894000050038662194f, 81
1652710263.81406, sdrt-health/mac:02010b41cdec/antenna/tag/e2806894000050038662154f, 91
1652710263.843236, sdrt-health/mac:02010b41cdec/antenna/tag/e2806894000050038662194f, 83
1652710263.843494, sdrt-health/mac:02010b41cdec/antenna/tag/e2806894000040038662114f, 91
1652710263.86731, sdrt-health/mac:02010b41cdec/antenna/tag/e28068940000400386621d4f, 96
1652710263.926908, sdrt-health/mac:02010b41cdec/antenna/tag/e2806894000040038662114f, 97
1652710263.968482, sdrt-health/mac:02010b41cdec/antenna/tag/e28068940000400386621d4f, 96
1652710263.968852, sdrt-health/mac:02010b41cdec/antenna/tag/e2806894000050038661fd4f, 86
1652710264.013458, sdrt-health/mac:02010b41cdec/antenna/tag/e2806894000040038662114f, 97
1652710264.057432, sdrt-health/mac:02010b41cdec/antenna/tag/e2806894000050038662154f, 85
1652710264.125515, sdrt-health/mac:02010b41cdec/antenna/tag/e28068940000400386621d4f, 77
1652710264.173964, sdrt-health/mac:02010b41cdec/antenna/tag/e2806894000050038661fd4f, 86
1652710264.220025, sdrt-health/mac:02010b41cdec/antenna/tag/e28068940000400386621d4f, 96
1652710264.276437, sdrt-health/mac:02010b41cdec/antenna/tag/e2806894000050038661fd4f, 86
1652710264.363804, sdrt-health/mac:02010b41cdec/antenna/tag/e2806894000050038662194f, 83
1652710264.364272, sdrt-health/mac:02010b41cdec/antenna/tag/e28068940000400386621d4f, 77
1652710264.3781, sdrt-health/mac:02010b41cdec/antenna/tag/e2806894000050038662194f, 81
1652710264.378512, sdrt-health/mac:02010b41cdec/antenna/tag/e2806894000050038661fd4f, 86
1652710264.389621, sdrt-health/mac:02010b41cdec/antenna/tag/e2806894000050038662194f, 94
1652710264.574199, sdrt-health/mac:02010b41cdec/antenna/tag/scan, scan stopped
