1652710572.158691, sdrt-health/mac:02010b41cdec/antenna/power/set, {"power": 280}
1652710573.22712, sdrt-health/mac:02010b41cdec/antenna/power/set, 
1652710577.18894, sdrt-health/mac:02010b41cdec/antenna/tag/scan, {"time": 20000}
1652710577.497869, sdrt-health/mac:02010b41cdec/antenna/tag/e2806894000040038662114f, 91
1652710577.558229, sdrt-health/mac:02010b41cdec/antenna/tag/e28068940000400386621d4f, 96
1652710577.640314, sdrt-health/mac:02010b41cdec/antenna/tag/e2806894000050038662154f, 88
1652710577.640786, sdrt-health/mac:02010b41cdec/antenna/tag/e2806894000050038662154f, 91
1652710577.671782, sdrt-health/mac:02010b41cdec/antenna/tag/e2806894000050038662154f, 97
1652710577.707326, sdrt-health/mac:02010b41cdec/antenna/tag/e2806894000050038662154f, 91
1652710577.764138, sdrt-health/mac:02010b41cdec/antenna/tag/e2806894000050038661fd4f, 83
1652710577.764599, sdrt-health/mac:02010b41cdec/antenna/tag/e28068940000400386621d4f, 96
1652710577.784333, sdrt-health/mac:02010b41cdec/antenna/tag/e2806894000050038662154f, 88
1652710577.786642, sdrt-health/mac:02010b41cdec/antenna/tag/e2806894000040038662114f, 88
1652710577.828937, sdrt-health/mac:02010b41cdec/antenna/tag/e2806894000050038662154f, 91
1652710577.873408, sdrt-health/mac:02010b41cdec/antenna/tag/e2806894000050038661fd4f, 83
1652710577.874027, sdrt-health/mac:02010b41cdec/antenna/tag/e2806894000040038662114f, 88
1652710577.874478, sdrt-health/mac:02010b41cdec/antenna/tag/e28068940000400386621d4f, 90
1652710577.89634, sdrt-health/mac:02010b41cdec/antenna/tag/e2806894000050038662154f, 91
1652710577.930648, sdrt-health/mac:02010b41cdec/antenna/tag/e2806894000050038661fd4f, 83
1652710577.967804, sdrt-health/mac:02010b41cdec/antenna/tag/e2806894000040038662114f, 88
1652710578.021522, sdrt-health/mac:02010b41cdec/antenna/tag/e2806894000050038662154f, 85
1652710578.112445, sdrt-health/mac:02010b41cdec/antenna/tag/e2806894000050038661fd4f, 83
1652710578.112908, sdrt-health/mac:02010b41cdec/antenna/tag/e2806894000040038662214f, 81
1652710578.135892, sdrt-health/mac:02010b41cdec/antenna/tag/e2806894000050038662154f, 85
1652710578.16698, sdrt-health/mac:02010b41cdec/antenna/tag/e2806894000050038661fd4f, 83
1652710578.167347, sdrt-health/mac:02010b41cdec/antenna/tag/e2806894000050038661fd4f, 97
1652710578.167604, sdrt-health/mac:02010b41cdec/antenna/tag/e2806894000050038662154f, 85
1652710578.217785, sdrt-health/mac:02010b41cdec/antenna/tag/e2806894000040038662114f, 88
1652710578.275541, sdrt-health/mac:02010b41cdec/antenna/tag/e2806894000050038661fd4f, 83
1652710578.377573, sdrt-health/mac:02010b41cdec/antenna/tag/e2806894000050038661fd4f, 83
1652710578.378124, sdrt-health/mac:02010b41cdec/antenna/tag/e28068940000400386621d4f, 96
1652710578.378461, sdrt-health/mac:02010b41cdec/antenna/tag/e2806894000050038662154f, 85
1652710578.45058, sdrt-health/mac:02010b41cdec/antenna/tag/e28068940000500386620d4f, 84
1652710578.501044, sdrt-health/mac:02010b41cdec/antenna/tag/e2806894000040038662114f, 91
1652710578.554202, sdrt-health/mac:02010b41cdec/antenna/tag/e2806894000050038661fd4f, 83
1652710578.591539, sdrt-health/mac:02010b41cdec/antenna/tag/e2806894000040038662114f, 91
1652710578.591871, sdrt-health/mac:02010b41cdec/antenna/tag/e2806894000050038662194f, 87
1652710578.609556, sdrt-health/mac:02010b41cdec/antenna/tag/e2806894000040038662114f, 85
1652710578.609976, sdrt-health/mac:02010b41cdec/antenna/tag/e2806894000040038661f94f, 94
1652710578.653059, sdrt-health/mac:02010b41cdec/antenna/tag/e2806894000040038662114f, 88
1652710578.701309, sdrt-health/mac:02010b41cdec/antenna/tag/e2806894000050038662154f, 88
1652710578.74715, sdrt-health/mac:02010b41cdec/antenna/tag/e2806894000040038662114f, 88
1652710578.77616, sdrt-health/mac:02010b41cdec/antenna/tag/e2806894000050038662154f, 85
1652710578.77646, sdrt-health/mac:02010b41cdec/antenna/tag/e2806894000050038661fd4f, 83
1652710578.776628, sdrt-health/mac:02010b41cdec/antenna/tag/e2806894000050038662154f, 88
1652710578.810165, sdrt-health/mac:02010b41cdec/antenna/tag/e2806894000050038661fd4f, 83
1652710578.861036, sdrt-health/mac:02010b41cdec/antenna/tag/e2806894000050038662154f, 88
1652710578.861563, sdrt-health/mac:02010b41cdec/antenna/tag/e2806894000050038661fd4f, 83
1652710578.87564, sdrt-health/mac:02010b41cdec/antenna/tag/e2806894000050038662154f, 88
1652710578.876006, sdrt-health/mac:02010b41cdec/antenna/tag/e2806894000050038661fd4f, 83
1652710578.906762, sdrt-health/mac:02010b41cdec/antenna/tag/e2806894000040038662114f, 85
1652710578.969898, sdrt-health/mac:02010b41cdec/antenna/tag/e2806894000050038662154f, 88
1652710578.970511, sdrt-health/mac:02010b41cdec/antenna/tag/e28068940000400386621d4f, 96
1652710578.986967, sdrt-health/mac:02010b41cdec/antenna/tag/e28068940000400386621d4f, 96
1652710579.026318, sdrt-health/mac:02010b41cdec/antenna/tag/e2806894000050038661fd4f, 97
1652710579.0815, sdrt-health/mac:02010b41cdec/antenna/tag/e2806894000050038662154f, 85
1652710579.081916, sdrt-health/mac:02010b41cdec/antenna/tag/e2806894000050038661fd4f, 83
1652710579.132221, sdrt-health/mac:02010b41cdec/antenna/tag/e2806894000040038662114f, 85
1652710579.17721, sdrt-health/mac:02010b41cdec/antenna/tag/e28068940000400386621d4f, 96
1652710579.239852, sdrt-health/mac:02010b41cdec/antenna/tag/e2806894000050038662154f, 88
1652710579.24015, sdrt-health/mac:02010b41cdec/antenna/tag/e2806894000050038661fd4f, 83
1652710579.259337, sdrt-health/mac:02010b41cdec/antenna/tag/e2806894000050038662154f, 88
1652710579.290555, sdrt-health/mac:02010b41cdec/antenna/tag/e2806894000050038661fd4f, 83
1652710579.290936, sdrt-health/mac:02010b41cdec/antenna/tag/e28068940000400386621d4f, 96
1652710579.3451, sdrt-health/mac:02010b41cdec/antenna/tag/e28068940000400386621d4f, 96
1652710579.387098, sdrt-health/mac:02010b41cdec/antenna/tag/e2806894000050038662154f, 91
1652710579.443167, sdrt-health/mac:02010b41cdec/antenna/tag/e2806894000050038662194f, 81
1652710579.443628, sdrt-health/mac:02010b41cdec/antenna/tag/e2806894000050038662194f, 81
1652710579.456381, sdrt-health/mac:02010b41cdec/antenna/tag/e2806894000050038661fd4f, 83
1652710579.476998, sdrt-health/mac:02010b41cdec/antenna/tag/e2806894000050038661fd4f, 83
1652710579.532933, sdrt-health/mac:02010b41cdec/antenna/tag/e28068940000400386621d4f, 96
1652710579.592102, sdrt-health/mac:02010b41cdec/antenna/tag/e2806894000050038662154f, 88
1652710579.592511, sdrt-health/mac:02010b41cdec/antenna/tag/e2806894000050038661fd4f, 83
1652710579.625889, sdrt-health/mac:02010b41cdec/antenna/tag/e2806894000050038662154f, 88
1652710579.721987, sdrt-health/mac:02010b41cdec/antenna/tag/e2806894000050038662154f, 91
1652710579.722452, sdrt-health/mac:02010b41cdec/antenna/tag/e2806894000050038661fd4f, 86
1652710579.74585, sdrt-health/mac:02010b41cdec/antenna/tag/e2806894000050038661fd4f, 83
1652710579.786184, sdrt-health/mac:02010b41cdec/antenna/tag/e2806894000050038662154f, 91
1652710579.84124, sdrt-health/mac:02010b41cdec/antenna/tag/e2806894000050038662194f, 87
1652710579.841748, sdrt-health/mac:02010b41cdec/antenna/tag/e2806894000050038662154f, 88
1652710579.938861, sdrt-health/mac:02010b41cdec/antenna/tag/e28068940000400386621d4f, 90
1652710579.93933, sdrt-health/mac:02010b41cdec/antenna/tag/e2806894000050038661fd4f, 83
1652710579.980706, sdrt-health/mac:02010b41cdec/antenna/tag/e2806894000040038662114f, 85
1652710579.981251, sdrt-health/mac:02010b41cdec/antenna/tag/e28068940000400386621d4f, 96
1652710579.981658, sdrt-health/mac:02010b41cdec/antenna/tag/e2806894000040038662114f, 88
1652710580.021991, sdrt-health/mac:02010b41cdec/antenna/tag/e2806894000040038662114f, 85
1652710580.067102, sdrt-health/mac:02010b41cdec/antenna/tag/e2806894000050038661fd4f, 97
1652710580.097446, sdrt-health/mac:02010b41cdec/antenna/tag/e28068940000400386621d4f, 96
1652710580.097816, sdrt-health/mac:02010b41cdec/antenna/tag/e28068940000400386621d4f, 90
1652710580.146544, sdrt-health/mac:02010b41cdec/antenna/tag/e2806894000050038662154f, 91
1652710580.186634, sdrt-health/mac:02010b41cdec/antenna/tag/e2806894000050038661fd4f, 83
1652710580.238937, sdrt-health/mac:02010b41cdec/antenna/tag/e2806894000050038662154f, 88
1652710580.239401, sdrt-health/mac:02010b41cdec/antenna/tag/e2806894000040038662114f, 85
1652710580.274887, sdrt-health/mac:02010b41cdec/antenna/tag/e2806894000050038661fd4f, 83
1652710580.340039, sdrt-health/mac:02010b41cdec/antenna/tag/e2806894000050038662154f, 91
1652710580.340509, sdrt-health/mac:02010b41cdec/antenna/tag/e2806894000050038662194f, 81
1652710580.362713, sdrt-health/mac:02010b41cdec/antenna/tag/e28068940000400386621d4f, 96
1652710580.366655, sdrt-health/mac:02010b41cdec/antenna/tag/e2806894000050038661fd4f, 83
1652710580.385636, sdrt-health/mac:02010b41cdec/antenna/tag/e2806894000050038661fd4f, 83
1652710580.421876, sdrt-health/mac:02010b41cdec/antenna/tag/e2806894000050038662194f, 87
1652710580.481849, sdrt-health/mac:02010b41cdec/antenna/tag/e2806894000050038661fd4f, 86
1652710580.48213, sdrt-health/mac:02010b41cdec/antenna/tag/e2806894000040038662114f, 91
1652710580.498162, sdrt-health/mac:02010b41cdec/antenna/tag/e2806894000050038661fd4f, 83
1652710580.581397, sdrt-health/mac:02010b41cdec/antenna/tag/e2806894000050038662194f, 83
1652710580.581857, sdrt-health/mac:02010b41cdec/antenna/tag/e2806894000040038662114f, 85
1652710580.614296, sdrt-health/mac:02010b41cdec/antenna/tag/e2806894000050038662154f, 85
1652710580.682083, sdrt-health/mac:02010b41cdec/antenna/tag/e2806894000050038661fd4f, 83
1652710580.682567, sdrt-health/mac:02010b41cdec/antenna/tag/e2806894000040038662114f, 91
1652710580.706396, sdrt-health/mac:02010b41cdec/antenna/tag/e2806894000050038662154f, 88
1652710580.748431, sdrt-health/mac:02010b41cdec/antenna/tag/e2806894000050038662194f, 87
1652710580.805661, sdrt-health/mac:02010b41cdec/antenna/tag/e2806894000050038661fd4f, 83
1652710580.859471, sdrt-health/mac:02010b41cdec/antenna/tag/e28068940000400386621d4f, 96
1652710580.895164, sdrt-health/mac:02010b41cdec/antenna/tag/e2806894000050038662154f, 91
1652710580.895556, sdrt-health/mac:02010b41cdec/antenna/tag/e2806894000050038662154f, 91
1652710580.911657, sdrt-health/mac:02010b41cdec/antenna/tag/e2806894000050038661fd4f, 83
1652710580.911908, sdrt-health/mac:02010b41cdec/antenna/tag/e28068940000400386621d4f, 96
1652710580.912067, sdrt-health/mac:02010b41cdec/antenna/tag/e28068940000400386621d4f, 96
1652710580.968455, sdrt-health/mac:02010b41cdec/antenna/tag/e2806894000050038661fd4f, 83
1652710581.034522, sdrt-health/mac:02010b41cdec/antenna/tag/e2806894000040038662114f, 88
1652710581.034981, sdrt-health/mac:02010b41cdec/antenna/tag/e2806894000050038662194f, 83
1652710581.051517, sdrt-health/mac:02010b41cdec/antenna/tag/e2806894000050038662154f, 88
1652710581.05204, sdrt-health/mac:02010b41cdec/antenna/tag/e2806894000050038662194f, 85
1652710581.104853, sdrt-health/mac:02010b41cdec/antenna/tag/e2806894000050038661fd4f, 83
1652710581.147201, sdrt-health/mac:02010b41cdec/antenna/tag/e28068940000400386621d4f, 96
1652710581.18986, sdrt-health/mac:02010b41cdec/antenna/tag/e2806894000050038661fd4f, 97
1652710581.228041, sdrt-health/mac:02010b41cdec/antenna/tag/e2806894000050038662154f, 85
1652710581.267094, sdrt-health/mac:02010b41cdec/antenna/tag/e28068940000400386621d4f, 96
1652710581.330695, sdrt-health/mac:02010b41cdec/antenna/tag/e2806894000050038661fd4f, 97
1652710581.331185, sdrt-health/mac:02010b41cdec/antenna/tag/e2806894000050038662154f, 85
1652710581.331605, sdrt-health/mac:02010b41cdec/antenna/tag/e2806894000050038661fd4f, 83
1652710581.346492, sdrt-health/mac:02010b41cdec/antenna/tag/e28068940000400386621d4f, 96
1652710581.347381, sdrt-health/mac:02010b41cdec/antenna/tag/e2806894000050038662154f, 85
1652710581.360621, sdrt-health/mac:02010b41cdec/antenna/tag/e2806894000040038662114f, 91
1652710581.396642, sdrt-health/mac:02010b41cdec/antenna/tag/e2806894000050038662154f, 85
1652710581.461484, sdrt-health/mac:02010b41cdec/antenna/tag/e2806894000050038661fd4f, 83
1652710581.461994, sdrt-health/mac:02010b41cdec/antenna/tag/e2806894000050038661fd4f, 83
1652710581.48984, sdrt-health/mac:02010b41cdec/antenna/tag/e28068940000400386621d4f, 96
1652710581.542968, sdrt-health/mac:02010b41cdec/antenna/tag/e2806894000040038662114f, 85
1652710581.577514, sdrt-health/mac:02010b41cdec/antenna/tag/e2806894000050038662154f, 85
1652710581.649525, sdrt-health/mac:02010b41cdec/antenna/tag/e2806894000050038662154f, 97
1652710581.650078, sdrt-health/mac:02010b41cdec/antenna/tag/e2806894000040038662114f, 91
1652710581.707753, sdrt-health/mac:02010b41cdec/antenna/tag/e28068940000400386621d4f, 96
1652710581.747638, sdrt-health/mac:02010b41cdec/antenna/tag/e2806894000050038661fd4f, 83
1652710581.786647, sdrt-health/mac:02010b41cdec/antenna/tag/e2806894000050038661fd4f, 83
1652710581.826417, sdrt-health/mac:02010b41cdec/antenna/tag/e2806894000050038661fd4f, 83
1652710581.881839, sdrt-health/mac:02010b41cdec/antenna/tag/e28068940000400386621d4f, 96
1652710581.910269, sdrt-health/mac:02010b41cdec/antenna/tag/e2806894000040038662114f, 91
1652710581.910681, sdrt-health/mac:02010b41cdec/antenna/tag/e2806894000050038661fd4f, 86
1652710581.926296, sdrt-health/mac:02010b41cdec/antenna/tag/e2806894000050038662194f, 83
1652710582.012706, sdrt-health/mac:02010b41cdec/antenna/tag/e28068940000400386621d4f, 90
1652710582.05627, sdrt-health/mac:02010b41cdec/antenna/tag/e28068940000400386621d4f, 96
1652710582.057433, sdrt-health/mac:02010b41cdec/antenna/tag/e2806894000040038662114f, 91
1652710582.106506, sdrt-health/mac:02010b41cdec/antenna/tag/e28068940000400386621d4f, 96
1652710582.146607, sdrt-health/mac:02010b41cdec/antenna/tag/e2806894000050038661fd4f, 83
1652710582.147224, sdrt-health/mac:02010b41cdec/antenna/tag/e2806894000050038662154f, 85
1652710582.196106, sdrt-health/mac:02010b41cdec/antenna/tag/e2806894000050038662154f, 93
1652710582.26459, sdrt-health/mac:02010b41cdec/antenna/tag/e28068940000400386621d4f, 96
1652710582.265055, sdrt-health/mac:02010b41cdec/antenna/tag/e28068940000400386621d4f, 96
1652710582.280524, sdrt-health/mac:02010b41cdec/antenna/tag/e2806894000050038662154f, 88
1652710582.308647, sdrt-health/mac:02010b41cdec/antenna/tag/e2806894000050038661fd4f, 86
1652710582.343602, sdrt-health/mac:02010b41cdec/antenna/tag/e2806894000050038661fd4f, 83
1652710582.343973, sdrt-health/mac:02010b41cdec/antenna/tag/e2806894000050038662194f, 81
1652710582.344197, sdrt-health/mac:02010b41cdec/antenna/tag/e2806894000050038662194f, 83
1652710582.357757, sdrt-health/mac:02010b41cdec/antenna/tag/e2806894000050038662194f, 83
1652710582.405858, sdrt-health/mac:02010b41cdec/antenna/tag/e2806894000040038662114f, 91
1652710582.434113, sdrt-health/mac:02010b41cdec/antenna/tag/e2806894000050038662194f, 83
1652710582.434329, sdrt-health/mac:02010b41cdec/antenna/tag/e28068940000500386620d4f, 94
1652710582.454639, sdrt-health/mac:02010b41cdec/antenna/tag/e2806894000050038661fd4f, 86
1652710582.4914, sdrt-health/mac:02010b41cdec/antenna/tag/e2806894000050038662194f, 81
1652710582.53678, sdrt-health/mac:02010b41cdec/antenna/tag/e28068940000400386621d4f, 96
1652710582.600152, sdrt-health/mac:02010b41cdec/antenna/tag/e2806894000050038662194f, 88
1652710582.60061, sdrt-health/mac:02010b41cdec/antenna/tag/e2806894000050038662194f, 83
1652710582.600986, sdrt-health/mac:02010b41cdec/antenna/tag/e2806894000050038662154f, 88
1652710582.643857, sdrt-health/mac:02010b41cdec/antenna/tag/e2806894000050038662194f, 83
1652710582.69279, sdrt-health/mac:02010b41cdec/antenna/tag/e2806894000050038661fd4f, 83
1652710582.726024, sdrt-health/mac:02010b41cdec/antenna/tag/e2806894000050038661fd4f, 83
1652710582.726495, sdrt-health/mac:02010b41cdec/antenna/tag/e2806894000050038661fd4f, 83
1652710582.752234, sdrt-health/mac:02010b41cdec/antenna/tag/e2806894000050038661fd4f, 83
1652710582.811493, sdrt-health/mac:02010b41cdec/antenna/tag/e2806894000050038662154f, 85
1652710582.848313, sdrt-health/mac:02010b41cdec/antenna/tag/e2806894000050038662194f, 83
1652710582.848779, sdrt-health/mac:02010b41cdec/antenna/tag/e28068940000400386621d4f, 96
1652710582.862633, sdrt-health/mac:02010b41cdec/antenna/tag/e2806894000040038662114f, 88
1652710582.862937, sdrt-health/mac:02010b41cdec/antenna/tag/e2806894000050038662154f, 88
1652710582.908092, sdrt-health/mac:02010b41cdec/antenna/tag/e2806894000040038662114f, 85
1652710582.937581, sdrt-health/mac:02010b41cdec/antenna/tag/e28068940000400386621d4f, 96
1652710582.939328, sdrt-health/mac:02010b41cdec/antenna/tag/e2806894000050038661fd4f, 83
1652710582.939648, sdrt-health/mac:02010b41cdec/antenna/tag/e2806894000040038662114f, 91
1652710582.951299, sdrt-health/mac:02010b41cdec/antenna/tag/e2806894000040038662114f, 88
1652710582.951525, sdrt-health/mac:02010b41cdec/antenna/tag/e2806894000050038662154f, 88
1652710582.99572, sdrt-health/mac:02010b41cdec/antenna/tag/e2806894000040038662114f, 88
1652710583.046155, sdrt-health/mac:02010b41cdec/antenna/tag/e2806894000040038662114f, 88
1652710583.102354, sdrt-health/mac:02010b41cdec/antenna/tag/e28068940000400386621d4f, 96
1652710583.102848, sdrt-health/mac:02010b41cdec/antenna/tag/e2806894000040038662114f, 85
1652710583.167128, sdrt-health/mac:02010b41cdec/antenna/tag/e2806894000050038661fd4f, 86
1652710583.213951, sdrt-health/mac:02010b41cdec/antenna/tag/e28068940000400386621d4f, 96
1652710583.300517, sdrt-health/mac:02010b41cdec/antenna/tag/e2806894000050038662194f, 81
1652710583.300983, sdrt-health/mac:02010b41cdec/antenna/tag/e2806894000050038662194f, 83
1652710583.327002, sdrt-health/mac:02010b41cdec/antenna/tag/e28068940000400386621d4f, 96
1652710583.373357, sdrt-health/mac:02010b41cdec/antenna/tag/e2806894000040038662114f, 88
1652710583.417121, sdrt-health/mac:02010b41cdec/antenna/tag/e2806894000050038662154f, 88
1652710583.46654, sdrt-health/mac:02010b41cdec/antenna/tag/e28068940000400386621d4f, 96
1652710583.524022, sdrt-health/mac:02010b41cdec/antenna/tag/e2806894000050038661fd4f, 83
1652710583.585854, sdrt-health/mac:02010b41cdec/antenna/tag/e2806894000050038662154f, 91
1652710583.617624, sdrt-health/mac:02010b41cdec/antenna/tag/e28068940000400386621d4f, 96
1652710583.618066, sdrt-health/mac:02010b41cdec/antenna/tag/e2806894000050038661fd4f, 83
1652710583.631735, sdrt-health/mac:02010b41cdec/antenna/tag/e2806894000040038662114f, 88
1652710583.665707, sdrt-health/mac:02010b41cdec/antenna/tag/e28068940000400386621d4f, 96
1652710583.705713, sdrt-health/mac:02010b41cdec/antenna/tag/e2806894000050038661fd4f, 83
1652710583.762666, sdrt-health/mac:02010b41cdec/antenna/tag/e2806894000050038662194f, 81
1652710583.763134, sdrt-health/mac:02010b41cdec/antenna/tag/e28068940000400386621d4f, 96
1652710583.786716, sdrt-health/mac:02010b41cdec/antenna/tag/e2806894000050038662154f, 91
1652710583.839586, sdrt-health/mac:02010b41cdec/antenna/tag/e28068940000400386621d4f, 96
1652710583.839839, sdrt-health/mac:02010b41cdec/antenna/tag/e2806894000050038662154f, 91
1652710583.866825, sdrt-health/mac:02010b41cdec/antenna/tag/e2806894000050038661fd4f, 83
1652710583.896211, sdrt-health/mac:02010b41cdec/antenna/tag/e2806894000050038662154f, 91
1652710583.896475, sdrt-health/mac:02010b41cdec/antenna/tag/e2806894000050038661fd4f, 83
1652710583.931114, sdrt-health/mac:02010b41cdec/antenna/tag/e2806894000050038661fd4f, 83
1652710583.983297, sdrt-health/mac:02010b41cdec/antenna/tag/e2806894000040038662114f, 91
1652710584.016206, sdrt-health/mac:02010b41cdec/antenna/tag/e2806894000040038662114f, 91
1652710584.016497, sdrt-health/mac:02010b41cdec/antenna/tag/e28068940000400386621d4f, 96
1652710584.016716, sdrt-health/mac:02010b41cdec/antenna/tag/e2806894000050038662154f, 91
1652710584.045356, sdrt-health/mac:02010b41cdec/antenna/tag/e28068940000400386621d4f, 96
1652710584.107761, sdrt-health/mac:02010b41cdec/antenna/tag/e2806894000050038662154f, 88
1652710584.142988, sdrt-health/mac:02010b41cdec/antenna/tag/e2806894000050038661fd4f, 97
1652710584.143342, sdrt-health/mac:02010b41cdec/antenna/tag/e28068940000400386621d4f, 96
1652710584.143623, sdrt-health/mac:02010b41cdec/antenna/tag/e2806894000040038662114f, 88
1652710584.196161, sdrt-health/mac:02010b41cdec/antenna/tag/e2806894000040038662114f, 91
1652710584.265399, sdrt-health/mac:02010b41cdec/antenna/tag/e2806894000050038662154f, 88
1652710584.321764, sdrt-health/mac:02010b41cdec/antenna/tag/e2806894000050038662154f, 91
1652710584.322483, sdrt-health/mac:02010b41cdec/antenna/tag/e2806894000050038662194f, 81
1652710584.346822, sdrt-health/mac:02010b41cdec/antenna/tag/e2806894000050038662154f, 88
1652710584.40045, sdrt-health/mac:02010b41cdec/antenna/tag/e28068940000400386621d4f, 96
1652710584.400959, sdrt-health/mac:02010b41cdec/antenna/tag/e2806894000050038661fd4f, 86
1652710584.424298, sdrt-health/mac:02010b41cdec/antenna/tag/e2806894000050038662154f, 88
1652710584.42777, sdrt-health/mac:02010b41cdec/antenna/tag/e2806894000050038661fd4f, 83
1652710584.439406, sdrt-health/mac:02010b41cdec/antenna/tag/e28068940000400386621d4f, 96
1652710584.466027, sdrt-health/mac:02010b41cdec/antenna/tag/e2806894000040038662114f, 88
1652710584.521501, sdrt-health/mac:02010b41cdec/antenna/tag/e28068940000400386621d4f, 96
1652710584.521814, sdrt-health/mac:02010b41cdec/antenna/tag/e2806894000040038662114f, 91
1652710584.535851, sdrt-health/mac:02010b41cdec/antenna/tag/e2806894000050038662154f, 88
1652710584.567405, sdrt-health/mac:02010b41cdec/antenna/tag/e2806894000040038661f94f, 88
1652710584.615166, sdrt-health/mac:02010b41cdec/antenna/tag/e2806894000050038661fd4f, 97
1652710584.650214, sdrt-health/mac:02010b41cdec/antenna/tag/e2806894000050038662154f, 85
1652710584.65058, sdrt-health/mac:02010b41cdec/antenna/tag/e2806894000050038662154f, 88
1652710584.6672, sdrt-health/mac:02010b41cdec/antenna/tag/e28068940000400386621d4f, 96
1652710584.703869, sdrt-health/mac:02010b41cdec/antenna/tag/e28068940000400386621d4f, 90
1652710584.704282, sdrt-health/mac:02010b41cdec/antenna/tag/e2806894000050038662154f, 85
1652710584.718286, sdrt-health/mac:02010b41cdec/antenna/tag/e2806894000050038662154f, 88
1652710584.718565, sdrt-health/mac:02010b41cdec/antenna/tag/e28068940000400386621d4f, 96
1652710584.752969, sdrt-health/mac:02010b41cdec/antenna/tag/e2806894000050038661fd4f, 83
1652710584.804501, sdrt-health/mac:02010b41cdec/antenna/tag/e28068940000400386621d4f, 96
1652710584.804939, sdrt-health/mac:02010b41cdec/antenna/tag/e28068940000400386621d4f, 90
1652710584.834693, sdrt-health/mac:02010b41cdec/antenna/tag/e2806894000050038662194f, 87
1652710584.885258, sdrt-health/mac:02010b41cdec/antenna/tag/e2806894000040038662114f, 91
1652710585.00447, sdrt-health/mac:02010b41cdec/antenna/tag/e2806894000050038662154f, 88
1652710585.004988, sdrt-health/mac:02010b41cdec/antenna/tag/e2806894000050038662154f, 88
1652710585.026603, sdrt-health/mac:02010b41cdec/antenna/tag/e28068940000400386621d4f, 90
1652710585.066927, sdrt-health/mac:02010b41cdec/antenna/tag/e28068940000400386621d4f, 90
1652710585.105896, sdrt-health/mac:02010b41cdec/antenna/tag/e2806894000040038662114f, 88
1652710585.160838, sdrt-health/mac:02010b41cdec/antenna/tag/e2806894000040038662114f, 88
1652710585.199128, sdrt-health/mac:02010b41cdec/antenna/tag/e2806894000050038661fd4f, 97
1652710585.199568, sdrt-health/mac:02010b41cdec/antenna/tag/e2806894000050038662154f, 88
1652710585.199858, sdrt-health/mac:02010b41cdec/antenna/tag/e2806894000040038662114f, 88
1652710585.212378, sdrt-health/mac:02010b41cdec/antenna/tag/e28068940000400386621d4f, 90
1652710585.212595, sdrt-health/mac:02010b41cdec/antenna/tag/e28068940000400386621d4f, 96
1652710585.258356, sdrt-health/mac:02010b41cdec/antenna/tag/e2806894000050038661fd4f, 83
1652710585.293057, sdrt-health/mac:02010b41cdec/antenna/tag/e2806894000050038662154f, 88
1652710585.293427, sdrt-health/mac:02010b41cdec/antenna/tag/e2806894000050038661fd4f, 83
1652710585.324599, sdrt-health/mac:02010b41cdec/antenna/tag/e2806894000050038662154f, 88
1652710585.324946, sdrt-health/mac:02010b41cdec/antenna/tag/e2806894000050038661fd4f, 83
1652710585.346654, sdrt-health/mac:02010b41cdec/antenna/tag/e2806894000050038661fd4f, 83
1652710585.472253, sdrt-health/mac:02010b41cdec/antenna/tag/e2806894000050038662154f, 88
1652710585.4727, sdrt-health/mac:02010b41cdec/antenna/tag/e2806894000040038662214f, 88
1652710585.525591, sdrt-health/mac:02010b41cdec/antenna/tag/e2806894000040038662114f, 88
1652710585.554304, sdrt-health/mac:02010b41cdec/antenna/tag/e2806894000050038662154f, 85
1652710585.554729, sdrt-health/mac:02010b41cdec/antenna/tag/e2806894000050038661fd4f, 97
1652710585.568107, sdrt-health/mac:02010b41cdec/antenna/tag/e2806894000050038662154f, 85
1652710585.569241, sdrt-health/mac:02010b41cdec/antenna/tag/e28068940000400386621d4f, 90
1652710585.625616, sdrt-health/mac:02010b41cdec/antenna/tag/e2806894000050038662154f, 88
1652710585.666875, sdrt-health/mac:02010b41cdec/antenna/tag/e28068940000400386621d4f, 96
1652710585.708437, sdrt-health/mac:02010b41cdec/antenna/tag/e28068940000400386621d4f, 96
1652710585.764719, sdrt-health/mac:02010b41cdec/antenna/tag/e2806894000050038662154f, 91
1652710585.834031, sdrt-health/mac:02010b41cdec/antenna/tag/e2806894000040038662114f, 88
1652710585.834481, sdrt-health/mac:02010b41cdec/antenna/tag/e2806894000050038661fd4f, 83
1652710585.849624, sdrt-health/mac:02010b41cdec/antenna/tag/e2806894000050038662154f, 91
1652710585.92291, sdrt-health/mac:02010b41cdec/antenna/tag/e28068940000400386621d4f, 96
1652710585.923422, sdrt-health/mac:02010b41cdec/antenna/tag/e2806894000050038662154f, 88
1652710585.942961, sdrt-health/mac:02010b41cdec/antenna/tag/e2806894000050038661fd4f, 86
1652710585.94336, sdrt-health/mac:02010b41cdec/antenna/tag/e2806894000050038662154f, 91
1652710585.943694, sdrt-health/mac:02010b41cdec/antenna/tag/e28068940000400386621d4f, 96
1652710586.004697, sdrt-health/mac:02010b41cdec/antenna/tag/e2806894000040038662114f, 91
1652710586.005207, sdrt-health/mac:02010b41cdec/antenna/tag/e28068940000400386621d4f, 96
1652710586.029907, sdrt-health/mac:02010b41cdec/antenna/tag/e2806894000050038662194f, 81
1652710586.117282, sdrt-health/mac:02010b41cdec/antenna/tag/e2806894000050038661fd4f, 97
1652710586.117614, sdrt-health/mac:02010b41cdec/antenna/tag/e2806894000050038662194f, 81
1652710586.117827, sdrt-health/mac:02010b41cdec/antenna/tag/e2806894000040038662114f, 85
1652710586.135237, sdrt-health/mac:02010b41cdec/antenna/tag/e2806894000050038661fd4f, 83
1652710586.189292, sdrt-health/mac:02010b41cdec/antenna/tag/e28068940000400386621d4f, 90
1652710586.261938, sdrt-health/mac:02010b41cdec/antenna/tag/e2806894000040038662114f, 88
1652710586.262565, sdrt-health/mac:02010b41cdec/antenna/tag/e2806894000040038662114f, 91
1652710586.283212, sdrt-health/mac:02010b41cdec/antenna/tag/e2806894000050038661fd4f, 83
1652710586.283732, sdrt-health/mac:02010b41cdec/antenna/tag/e2806894000050038662194f, 81
1652710586.284121, sdrt-health/mac:02010b41cdec/antenna/tag/e2806894000050038662194f, 81
1652710586.310496, sdrt-health/mac:02010b41cdec/antenna/tag/e28068940000400386621d4f, 96
1652710586.347953, sdrt-health/mac:02010b41cdec/antenna/tag/e2806894000050038661fd4f, 83
1652710586.348392, sdrt-health/mac:02010b41cdec/antenna/tag/e2806894000050038662194f, 81
1652710586.348691, sdrt-health/mac:02010b41cdec/antenna/tag/e2806894000040038662114f, 91
1652710586.365891, sdrt-health/mac:02010b41cdec/antenna/tag/e2806894000050038662154f, 91
1652710586.414581, sdrt-health/mac:02010b41cdec/antenna/tag/e2806894000050038662154f, 85
1652710586.457034, sdrt-health/mac:02010b41cdec/antenna/tag/e2806894000040038662114f, 85
1652710586.519605, sdrt-health/mac:02010b41cdec/antenna/tag/e2806894000050038662154f, 85
1652710586.52016, sdrt-health/mac:02010b41cdec/antenna/tag/e2806894000050038662194f, 94
1652710586.564227, sdrt-health/mac:02010b41cdec/antenna/tag/e28068940000400386621d4f, 96
1652710586.634203, sdrt-health/mac:02010b41cdec/antenna/tag/e2806894000050038661fd4f, 97
1652710586.634662, sdrt-health/mac:02010b41cdec/antenna/tag/e2806894000040038662114f, 88
1652710586.649399, sdrt-health/mac:02010b41cdec/antenna/tag/e2806894000050038662154f, 85
1652710586.65981, sdrt-health/mac:02010b41cdec/antenna/tag/e2806894000050038662154f, 91
1652710586.666832, sdrt-health/mac:02010b41cdec/antenna/tag/e2806894000050038661fd4f, 83
1652710586.667043, sdrt-health/mac:02010b41cdec/antenna/tag/e2806894000050038661fd4f, 83
1652710586.667185, sdrt-health/mac:02010b41cdec/antenna/tag/e2806894000040038662114f, 88
1652710586.70981, sdrt-health/mac:02010b41cdec/antenna/tag/e28068940000400386621d4f, 96
1652710586.763088, sdrt-health/mac:02010b41cdec/antenna/tag/e2806894000050038661fd4f, 83
1652710586.763553, sdrt-health/mac:02010b41cdec/antenna/tag/e2806894000050038662154f, 91
1652710586.830485, sdrt-health/mac:02010b41cdec/antenna/tag/e2806894000050038661fd4f, 83
1652710586.881985, sdrt-health/mac:02010b41cdec/antenna/tag/e2806894000050038662154f, 85
1652710586.882488, sdrt-health/mac:02010b41cdec/antenna/tag/e2806894000040038662114f, 91
1652710586.896646, sdrt-health/mac:02010b41cdec/antenna/tag/e2806894000040038662114f, 88
1652710586.90571, sdrt-health/mac:02010b41cdec/antenna/tag/e2806894000040038662114f, 91
1652710586.947457, sdrt-health/mac:02010b41cdec/antenna/tag/e28068940000400386621d4f, 96
1652710586.98852, sdrt-health/mac:02010b41cdec/antenna/tag/e2806894000040038662114f, 97
1652710587.040357, sdrt-health/mac:02010b41cdec/antenna/tag/e2806894000050038662154f, 85
1652710587.040808, sdrt-health/mac:02010b41cdec/antenna/tag/e2806894000040038662114f, 88
1652710587.057112, sdrt-health/mac:02010b41cdec/antenna/tag/e2806894000050038662154f, 88
1652710587.066001, sdrt-health/mac:02010b41cdec/antenna/tag/e2806894000040038662114f, 88
1652710587.070938, sdrt-health/mac:02010b41cdec/antenna/tag/e2806894000050038662194f, 81
1652710587.130197, sdrt-health/mac:02010b41cdec/antenna/tag/e2806894000050038662194f, 83
1652710587.200573, sdrt-health/mac:02010b41cdec/antenna/tag/e2806894000050038661fd4f, 83
1652710587.201178, sdrt-health/mac:02010b41cdec/antenna/tag/e2806894000050038661fd4f, 83
1652710587.214922, sdrt-health/mac:02010b41cdec/antenna/tag/e2806894000050038662194f, 83
1652710587.25784, sdrt-health/mac:02010b41cdec/antenna/tag/e2806894000050038661fd4f, 83
1652710587.258244, sdrt-health/mac:02010b41cdec/antenna/tag/e2806894000050038662194f, 93
1652710587.272388, sdrt-health/mac:02010b41cdec/antenna/tag/e2806894000040038662114f, 91
1652710587.286573, sdrt-health/mac:02010b41cdec/antenna/tag/e2806894000040038662114f, 91
1652710587.336404, sdrt-health/mac:02010b41cdec/antenna/tag/e2806894000050038661fd4f, 83
1652710587.369016, sdrt-health/mac:02010b41cdec/antenna/tag/e28068940000400386621d4f, 96
1652710587.369551, sdrt-health/mac:02010b41cdec/antenna/tag/e2806894000050038661fd4f, 83
1652710587.369891, sdrt-health/mac:02010b41cdec/antenna/tag/e28068940000400386621d4f, 96
1652710587.388027, sdrt-health/mac:02010b41cdec/antenna/tag/e2806894000050038661fd4f, 83
1652710587.454799, sdrt-health/mac:02010b41cdec/antenna/tag/e2806894000050038662154f, 88
1652710587.455247, sdrt-health/mac:02010b41cdec/antenna/tag/e28068940000400386621d4f, 96
1652710587.468123, sdrt-health/mac:02010b41cdec/antenna/tag/e2806894000050038661fd4f, 83
1652710587.468594, sdrt-health/mac:02010b41cdec/antenna/tag/e2806894000050038661fd4f, 83
1652710587.507177, sdrt-health/mac:02010b41cdec/antenna/tag/e2806894000050038662154f, 91
1652710587.536298, sdrt-health/mac:02010b41cdec/antenna/tag/e28068940000400386621d4f, 96
1652710587.536572, sdrt-health/mac:02010b41cdec/antenna/tag/e2806894000040038662114f, 88
1652710587.555803, sdrt-health/mac:02010b41cdec/antenna/tag/e2806894000040038662114f, 91
1652710587.618284, sdrt-health/mac:02010b41cdec/antenna/tag/e2806894000040038662114f, 88
1652710587.618823, sdrt-health/mac:02010b41cdec/antenna/tag/e2806894000050038661fd4f, 83
1652710587.619265, sdrt-health/mac:02010b41cdec/antenna/tag/e2806894000040038662114f, 91
1652710587.67515, sdrt-health/mac:02010b41cdec/antenna/tag/e2806894000050038662154f, 85
1652710587.70591, sdrt-health/mac:02010b41cdec/antenna/tag/e2806894000050038662194f, 94
1652710587.78102, sdrt-health/mac:02010b41cdec/antenna/tag/e28068940000400386621d4f, 96
1652710587.781461, sdrt-health/mac:02010b41cdec/antenna/tag/e2806894000050038662154f, 85
1652710587.814598, sdrt-health/mac:02010b41cdec/antenna/tag/e2806894000050038661fd4f, 83
1652710587.868518, sdrt-health/mac:02010b41cdec/antenna/tag/e2806894000050038662194f, 83
1652710587.901486, sdrt-health/mac:02010b41cdec/antenna/tag/e2806894000050038662194f, 94
1652710587.901948, sdrt-health/mac:02010b41cdec/antenna/tag/e2806894000050038662154f, 88
1652710587.9169, sdrt-health/mac:02010b41cdec/antenna/tag/e2806894000050038661fd4f, 83
1652710587.917248, sdrt-health/mac:02010b41cdec/antenna/tag/e2806894000050038662194f, 88
1652710587.977718, sdrt-health/mac:02010b41cdec/antenna/tag/e2806894000040038662114f, 85
1652710588.100669, sdrt-health/mac:02010b41cdec/antenna/tag/e2806894000040038662114f, 88
1652710588.167957, sdrt-health/mac:02010b41cdec/antenna/tag/e2806894000050038662194f, 93
1652710588.262178, sdrt-health/mac:02010b41cdec/antenna/tag/e2806894000050038661fd4f, 83
1652710588.262647, sdrt-health/mac:02010b41cdec/antenna/tag/e2806894000050038662194f, 81
1652710588.295585, sdrt-health/mac:02010b41cdec/antenna/tag/e2806894000040038662114f, 85
1652710588.340074, sdrt-health/mac:02010b41cdec/antenna/tag/e2806894000050038661fd4f, 86
1652710588.412084, sdrt-health/mac:02010b41cdec/antenna/tag/e2806894000050038661fd4f, 83
1652710588.489144, sdrt-health/mac:02010b41cdec/antenna/tag/e2806894000050038662154f, 88
1652710588.489438, sdrt-health/mac:02010b41cdec/antenna/tag/e2806894000040038662114f, 91
1652710588.546946, sdrt-health/mac:02010b41cdec/antenna/tag/e2806894000050038661fd4f, 86
1652710588.5551, sdrt-health/mac:02010b41cdec/antenna/tag/e2806894000050038662154f, 88
1652710588.605739, sdrt-health/mac:02010b41cdec/antenna/tag/e2806894000050038661fd4f, 83
1652710588.63995, sdrt-health/mac:02010b41cdec/antenna/tag/e2806894000050038662154f, 85
1652710588.680895, sdrt-health/mac:02010b41cdec/antenna/tag/e2806894000050038662154f, 85
1652710588.681229, sdrt-health/mac:02010b41cdec/antenna/tag/e2806894000050038661fd4f, 97
1652710588.697793, sdrt-health/mac:02010b41cdec/antenna/tag/e2806894000040038662114f, 88
1652710588.70675, sdrt-health/mac:02010b41cdec/antenna/tag/e2806894000050038662154f, 88
1652710588.758266, sdrt-health/mac:02010b41cdec/antenna/tag/e28068940000400386621d4f, 96
1652710588.845931, sdrt-health/mac:02010b41cdec/antenna/tag/e2806894000040038662114f, 91
1652710588.846284, sdrt-health/mac:02010b41cdec/antenna/tag/e2806894000040038662114f, 88
1652710588.865408, sdrt-health/mac:02010b41cdec/antenna/tag/e2806894000050038661fd4f, 83
1652710588.900593, sdrt-health/mac:02010b41cdec/antenna/tag/e2806894000050038662194f, 81
1652710588.900931, sdrt-health/mac:02010b41cdec/antenna/tag/e2806894000050038661fd4f, 86
1652710588.986938, sdrt-health/mac:02010b41cdec/antenna/tag/e2806894000050038661fd4f, 83
1652710588.987615, sdrt-health/mac:02010b41cdec/antenna/tag/e2806894000050038662194f, 87
1652710588.987987, sdrt-health/mac:02010b41cdec/antenna/tag/e2806894000050038662154f, 91
1652710588.988336, sdrt-health/mac:02010b41cdec/antenna/tag/e2806894000050038662154f, 91
1652710588.98876, sdrt-health/mac:02010b41cdec/antenna/tag/e2806894000050038662154f, 88
1652710588.994268, sdrt-health/mac:02010b41cdec/antenna/tag/e2806894000050038662154f, 85
1652710589.047101, sdrt-health/mac:02010b41cdec/antenna/tag/e2806894000050038661fd4f, 97
1652710589.104451, sdrt-health/mac:02010b41cdec/antenna/tag/e28068940000400386621d4f, 96
1652710589.104997, sdrt-health/mac:02010b41cdec/antenna/tag/e2806894000050038661fd4f, 97
1652710589.133988, sdrt-health/mac:02010b41cdec/antenna/tag/e2806894000050038661fd4f, 83
1652710589.242734, sdrt-health/mac:02010b41cdec/antenna/tag/e2806894000040038662114f, 91
1652710589.243261, sdrt-health/mac:02010b41cdec/antenna/tag/e2806894000050038662154f, 85
1652710589.243604, sdrt-health/mac:02010b41cdec/antenna/tag/e2806894000050038661fd4f, 83
1652710589.243949, sdrt-health/mac:02010b41cdec/antenna/tag/e2806894000050038662194f, 83
1652710589.267193, sdrt-health/mac:02010b41cdec/antenna/tag/e2806894000040038662114f, 88
1652710589.308545, sdrt-health/mac:02010b41cdec/antenna/tag/e2806894000040038662114f, 88
1652710589.339298, sdrt-health/mac:02010b41cdec/antenna/tag/e2806894000050038661fd4f, 83
1652710589.33982, sdrt-health/mac:02010b41cdec/antenna/tag/e2806894000040038662114f, 85
1652710589.340102, sdrt-health/mac:02010b41cdec/antenna/tag/e28068940000400386621d4f, 96
1652710589.364542, sdrt-health/mac:02010b41cdec/antenna/tag/e2806894000040038662114f, 85
1652710589.407058, sdrt-health/mac:02010b41cdec/antenna/tag/e2806894000040038662114f, 88
1652710589.490306, sdrt-health/mac:02010b41cdec/antenna/tag/e28068940000400386621d4f, 96
1652710589.490811, sdrt-health/mac:02010b41cdec/antenna/tag/e2806894000050038661fd4f, 97
1652710589.506562, sdrt-health/mac:02010b41cdec/antenna/tag/e2806894000050038662154f, 85
1652710589.569235, sdrt-health/mac:02010b41cdec/antenna/tag/e2806894000050038662154f, 85
1652710589.586143, sdrt-health/mac:02010b41cdec/antenna/tag/e2806894000050038661fd4f, 83
1652710589.587928, sdrt-health/mac:02010b41cdec/antenna/tag/e2806894000050038661fd4f, 97
1652710589.626561, sdrt-health/mac:02010b41cdec/antenna/tag/e2806894000050038661fd4f, 86
1652710589.667247, sdrt-health/mac:02010b41cdec/antenna/tag/e2806894000050038661fd4f, 86
1652710589.66822, sdrt-health/mac:02010b41cdec/antenna/tag/e2806894000050038662154f, 88
1652710589.73461, sdrt-health/mac:02010b41cdec/antenna/tag/e2806894000050038662154f, 91
1652710589.762318, sdrt-health/mac:02010b41cdec/antenna/tag/e2806894000050038662194f, 83
1652710589.762614, sdrt-health/mac:02010b41cdec/antenna/tag/e28068940000400386621d4f, 90
1652710589.762818, sdrt-health/mac:02010b41cdec/antenna/tag/e2806894000040038662114f, 91
1652710589.763011, sdrt-health/mac:02010b41cdec/antenna/tag/e28068940000400386621d4f, 96
1652710589.796459, sdrt-health/mac:02010b41cdec/antenna/tag/e2806894000040038662114f, 91
1652710589.871003, sdrt-health/mac:02010b41cdec/antenna/tag/e2806894000050038662154f, 88
1652710589.871458, sdrt-health/mac:02010b41cdec/antenna/tag/e28068940000400386621d4f, 90
1652710589.889669, sdrt-health/mac:02010b41cdec/antenna/tag/e2806894000050038662154f, 88
1652710589.890038, sdrt-health/mac:02010b41cdec/antenna/tag/e2806894000040038662114f, 97
1652710589.890362, sdrt-health/mac:02010b41cdec/antenna/tag/e2806894000050038662154f, 88
1652710589.947619, sdrt-health/mac:02010b41cdec/antenna/tag/e2806894000050038662154f, 88
1652710590.032874, sdrt-health/mac:02010b41cdec/antenna/tag/e2806894000050038662154f, 88
1652710590.033439, sdrt-health/mac:02010b41cdec/antenna/tag/e2806894000050038662154f, 88
1652710590.076276, sdrt-health/mac:02010b41cdec/antenna/tag/e2806894000050038662194f, 87
1652710590.076667, sdrt-health/mac:02010b41cdec/antenna/tag/e2806894000050038661fd4f, 83
1652710590.077038, sdrt-health/mac:02010b41cdec/antenna/tag/e28068940000400386621d4f, 96
1652710590.077312, sdrt-health/mac:02010b41cdec/antenna/tag/e2806894000040038662114f, 88
1652710590.141769, sdrt-health/mac:02010b41cdec/antenna/tag/e2806894000040038662114f, 88
1652710590.142254, sdrt-health/mac:02010b41cdec/antenna/tag/e2806894000050038662154f, 88
1652710590.192429, sdrt-health/mac:02010b41cdec/antenna/tag/e28068940000400386621d4f, 96
1652710590.233364, sdrt-health/mac:02010b41cdec/antenna/tag/e2806894000050038662154f, 93
1652710590.233623, sdrt-health/mac:02010b41cdec/antenna/tag/e2806894000040038662114f, 88
1652710590.233763, sdrt-health/mac:02010b41cdec/antenna/tag/e2806894000040038662114f, 85
1652710590.346052, sdrt-health/mac:02010b41cdec/antenna/tag/e28068940000400386621d4f, 96
1652710590.412135, sdrt-health/mac:02010b41cdec/antenna/tag/e2806894000050038661fd4f, 83
1652710590.487153, sdrt-health/mac:02010b41cdec/antenna/tag/e28068940000400386621d4f, 96
1652710590.487496, sdrt-health/mac:02010b41cdec/antenna/tag/e2806894000050038661fd4f, 86
1652710590.507309, sdrt-health/mac:02010b41cdec/antenna/tag/e2806894000040038662114f, 88
1652710590.559328, sdrt-health/mac:02010b41cdec/antenna/tag/e2806894000050038662154f, 88
1652710590.5598, sdrt-health/mac:02010b41cdec/antenna/tag/e28068940000500386620d4f, 88
1652710590.59989, sdrt-health/mac:02010b41cdec/antenna/tag/e2806894000050038661fd4f, 83
1652710590.600282, sdrt-health/mac:02010b41cdec/antenna/tag/e2806894000040038662114f, 88
1652710590.616599, sdrt-health/mac:02010b41cdec/antenna/tag/e2806894000050038662154f, 91
1652710590.647162, sdrt-health/mac:02010b41cdec/antenna/tag/e28068940000400386621d4f, 96
1652710590.817942, sdrt-health/mac:02010b41cdec/antenna/tag/e2806894000050038662154f, 88
1652710590.818501, sdrt-health/mac:02010b41cdec/antenna/tag/e2806894000040038662114f, 88
1652710590.818869, sdrt-health/mac:02010b41cdec/antenna/tag/e2806894000050038661fd4f, 83
1652710590.820237, sdrt-health/mac:02010b41cdec/antenna/tag/e28068940000400386621d4f, 90
1652710590.867377, sdrt-health/mac:02010b41cdec/antenna/tag/e2806894000050038662194f, 88
1652710590.944699, sdrt-health/mac:02010b41cdec/antenna/tag/e2806894000050038661fd4f, 86
1652710590.945162, sdrt-health/mac:02010b41cdec/antenna/tag/e2806894000050038662154f, 91
1652710590.945533, sdrt-health/mac:02010b41cdec/antenna/tag/e28068940000400386621d4f, 96
1652710590.945841, sdrt-health/mac:02010b41cdec/antenna/tag/e28068940000400386621d4f, 96
1652710590.962461, sdrt-health/mac:02010b41cdec/antenna/tag/e2806894000050038662154f, 88
1652710590.962787, sdrt-health/mac:02010b41cdec/antenna/tag/e2806894000040038662114f, 88
1652710590.96301, sdrt-health/mac:02010b41cdec/antenna/tag/e28068940000400386621d4f, 96
1652710591.005801, sdrt-health/mac:02010b41cdec/antenna/tag/e2806894000050038662154f, 88
1652710591.040292, sdrt-health/mac:02010b41cdec/antenna/tag/e2806894000050038661fd4f, 97
1652710591.040647, sdrt-health/mac:02010b41cdec/antenna/tag/e2806894000040038662114f, 88
1652710591.0545, sdrt-health/mac:02010b41cdec/antenna/tag/e28068940000400386621d4f, 96
1652710591.121213, sdrt-health/mac:02010b41cdec/antenna/tag/e2806894000040038662214f, 88
1652710591.184501, sdrt-health/mac:02010b41cdec/antenna/tag/e2806894000050038661fd4f, 83
1652710591.184989, sdrt-health/mac:02010b41cdec/antenna/tag/e2806894000040038662114f, 85
1652710591.185345, sdrt-health/mac:02010b41cdec/antenna/tag/e28068940000400386621d4f, 96
1652710591.185667, sdrt-health/mac:02010b41cdec/antenna/tag/e2806894000050038661fd4f, 83
1652710591.237504, sdrt-health/mac:02010b41cdec/antenna/tag/e2806894000050038661fd4f, 83
1652710591.288735, sdrt-health/mac:02010b41cdec/antenna/tag/e28068940000400386621d4f, 96
1652710591.38201, sdrt-health/mac:02010b41cdec/antenna/tag/e2806894000050038662154f, 91
1652710591.382461, sdrt-health/mac:02010b41cdec/antenna/tag/e28068940000400386621d4f, 96
1652710591.404654, sdrt-health/mac:02010b41cdec/antenna/tag/e2806894000050038662194f, 87
1652710591.467494, sdrt-health/mac:02010b41cdec/antenna/tag/e28068940000400386621d4f, 90
1652710591.467962, sdrt-health/mac:02010b41cdec/antenna/tag/e2806894000040038662054f, 110
1652710591.46833, sdrt-health/mac:02010b41cdec/antenna/tag/e2806894000050038661fd4f, 86
1652710591.496408, sdrt-health/mac:02010b41cdec/antenna/tag/e2806894000050038662154f, 88
1652710591.535333, sdrt-health/mac:02010b41cdec/antenna/tag/e2806894000050038662154f, 88
1652710591.571047, sdrt-health/mac:02010b41cdec/antenna/tag/e2806894000050038661fd4f, 83
1652710591.571439, sdrt-health/mac:02010b41cdec/antenna/tag/e28068940000400386621d4f, 90
1652710591.58614, sdrt-health/mac:02010b41cdec/antenna/tag/e2806894000050038661fd4f, 86
1652710591.58637, sdrt-health/mac:02010b41cdec/antenna/tag/e28068940000400386621d4f, 90
1652710591.658566, sdrt-health/mac:02010b41cdec/antenna/tag/e2806894000050038661fd4f, 83
1652710591.694139, sdrt-health/mac:02010b41cdec/antenna/tag/e2806894000050038661fd4f, 83
1652710591.69443, sdrt-health/mac:02010b41cdec/antenna/tag/e2806894000050038661fd4f, 83
1652710591.694622, sdrt-health/mac:02010b41cdec/antenna/tag/e28068940000400386621d4f, 96
1652710591.694848, sdrt-health/mac:02010b41cdec/antenna/tag/e2806894000040038662114f, 85
1652710591.733199, sdrt-health/mac:02010b41cdec/antenna/tag/e2806894000050038661fd4f, 97
1652710591.736653, sdrt-health/mac:02010b41cdec/antenna/tag/e2806894000050038662154f, 88
1652710591.785002, sdrt-health/mac:02010b41cdec/antenna/tag/e2806894000050038661fd4f, 83
1652710592.033742, sdrt-health/mac:02010b41cdec/antenna/tag/e28068940000400386621d4f, 96
1652710592.034253, sdrt-health/mac:02010b41cdec/antenna/tag/e2806894000050038661fd4f, 83
1652710592.034595, sdrt-health/mac:02010b41cdec/antenna/tag/e28068940000400386621d4f, 96
1652710592.034962, sdrt-health/mac:02010b41cdec/antenna/tag/e2806894000040038662114f, 85
1652710592.165242, sdrt-health/mac:02010b41cdec/antenna/tag/e2806894000050038662154f, 88
1652710592.202325, sdrt-health/mac:02010b41cdec/antenna/tag/e2806894000050038661fd4f, 97
1652710592.202645, sdrt-health/mac:02010b41cdec/antenna/tag/e28068940000400386621d4f, 96
1652710592.202869, sdrt-health/mac:02010b41cdec/antenna/tag/e2806894000050038662154f, 93
1652710592.203137, sdrt-health/mac:02010b41cdec/antenna/tag/e28068940000400386621d4f, 96
1652710592.203342, sdrt-health/mac:02010b41cdec/antenna/tag/e28068940000400386621d4f, 96
1652710592.203565, sdrt-health/mac:02010b41cdec/antenna/tag/e2806894000050038662154f, 88
1652710592.204093, sdrt-health/mac:02010b41cdec/antenna/tag/e28068940000400386621d4f, 96
1652710592.20448, sdrt-health/mac:02010b41cdec/antenna/tag/e2806894000040038662114f, 88
1652710592.204723, sdrt-health/mac:02010b41cdec/antenna/tag/e2806894000050038661fd4f, 83
1652710592.251424, sdrt-health/mac:02010b41cdec/antenna/tag/e2806894000050038662154f, 91
1652710592.319914, sdrt-health/mac:02010b41cdec/antenna/tag/e2806894000050038661fd4f, 83
1652710592.320563, sdrt-health/mac:02010b41cdec/antenna/tag/e2806894000050038661fd4f, 83
1652710592.342803, sdrt-health/mac:02010b41cdec/antenna/tag/e28068940000400386621d4f, 96
1652710592.38612, sdrt-health/mac:02010b41cdec/antenna/tag/e28068940000400386621d4f, 96
1652710592.415672, sdrt-health/mac:02010b41cdec/antenna/tag/e2806894000050038661fd4f, 86
1652710592.484125, sdrt-health/mac:02010b41cdec/antenna/tag/e2806894000050038661fd4f, 86
1652710592.484592, sdrt-health/mac:02010b41cdec/antenna/tag/e2806894000040038662114f, 88
1652710592.508557, sdrt-health/mac:02010b41cdec/antenna/tag/e2806894000050038662154f, 85
1652710592.578992, sdrt-health/mac:02010b41cdec/antenna/tag/e28068940000400386621d4f, 96
1652710592.579567, sdrt-health/mac:02010b41cdec/antenna/tag/e2806894000040038662114f, 85
1652710592.610771, sdrt-health/mac:02010b41cdec/antenna/tag/e28068940000400386621d4f, 96
1652710592.70493, sdrt-health/mac:02010b41cdec/antenna/tag/e2806894000050038662194f, 81
1652710592.705444, sdrt-health/mac:02010b41cdec/antenna/tag/e2806894000040038662114f, 88
1652710592.724705, sdrt-health/mac:02010b41cdec/antenna/tag/e2806894000050038662194f, 94
1652710592.725075, sdrt-health/mac:02010b41cdec/antenna/tag/e2806894000050038662154f, 91
1652710592.725286, sdrt-health/mac:02010b41cdec/antenna/tag/e2806894000050038662194f, 83
1652710592.767107, sdrt-health/mac:02010b41cdec/antenna/tag/e2806894000050038662154f, 91
1652710592.815656, sdrt-health/mac:02010b41cdec/antenna/tag/e2806894000050038661fd4f, 83
1652710592.911616, sdrt-health/mac:02010b41cdec/antenna/tag/e2806894000040038662114f, 88
1652710592.912193, sdrt-health/mac:02010b41cdec/antenna/tag/e28068940000400386621d4f, 90
1652710592.977152, sdrt-health/mac:02010b41cdec/antenna/tag/e2806894000050038662154f, 91
1652710592.977655, sdrt-health/mac:02010b41cdec/antenna/tag/e2806894000050038661fd4f, 83
1652710592.977996, sdrt-health/mac:02010b41cdec/antenna/tag/e2806894000040038662114f, 85
1652710592.978329, sdrt-health/mac:02010b41cdec/antenna/tag/e28068940000400386621d4f, 96
1652710593.008094, sdrt-health/mac:02010b41cdec/antenna/tag/e2806894000040038662114f, 88
1652710593.016269, sdrt-health/mac:02010b41cdec/antenna/tag/e2806894000050038662194f, 81
1652710593.082103, sdrt-health/mac:02010b41cdec/antenna/tag/e28068940000400386621d4f, 96
1652710593.155429, sdrt-health/mac:02010b41cdec/antenna/tag/e28068940000400386621d4f, 96
1652710593.155913, sdrt-health/mac:02010b41cdec/antenna/tag/e2806894000050038662194f, 81
1652710593.212883, sdrt-health/mac:02010b41cdec/antenna/tag/e2806894000040038662114f, 91
1652710593.213385, sdrt-health/mac:02010b41cdec/antenna/tag/e2806894000050038661fd4f, 83
1652710593.213819, sdrt-health/mac:02010b41cdec/antenna/tag/e2806894000050038661fd4f, 97
1652710593.236777, sdrt-health/mac:02010b41cdec/antenna/tag/e2806894000040038662114f, 85
1652710593.237338, sdrt-health/mac:02010b41cdec/antenna/tag/e2806894000050038662154f, 88
1652710593.269616, sdrt-health/mac:02010b41cdec/antenna/tag/e2806894000050038662154f, 88
1652710593.331096, sdrt-health/mac:02010b41cdec/antenna/tag/e2806894000050038662154f, 88
1652710593.410311, sdrt-health/mac:02010b41cdec/antenna/tag/e2806894000050038662194f, 87
1652710593.45675, sdrt-health/mac:02010b41cdec/antenna/tag/e28068940000400386621d4f, 90
1652710593.519551, sdrt-health/mac:02010b41cdec/antenna/tag/e28068940000400386621d4f, 90
1652710593.520107, sdrt-health/mac:02010b41cdec/antenna/tag/e28068940000400386621d4f, 90
1652710593.574142, sdrt-health/mac:02010b41cdec/antenna/tag/e2806894000050038661fd4f, 83
1652710593.574663, sdrt-health/mac:02010b41cdec/antenna/tag/e2806894000050038662194f, 83
1652710593.575026, sdrt-health/mac:02010b41cdec/antenna/tag/e2806894000050038662154f, 88
1652710593.612225, sdrt-health/mac:02010b41cdec/antenna/tag/e2806894000050038661fd4f, 83
1652710593.704878, sdrt-health/mac:02010b41cdec/antenna/tag/e2806894000050038662194f, 81
1652710593.771521, sdrt-health/mac:02010b41cdec/antenna/tag/e28068940000400386621d4f, 96
1652710593.772073, sdrt-health/mac:02010b41cdec/antenna/tag/e2806894000050038661fd4f, 83
1652710593.887318, sdrt-health/mac:02010b41cdec/antenna/tag/e2806894000050038661fd4f, 83
1652710593.887827, sdrt-health/mac:02010b41cdec/antenna/tag/e2806894000050038661fd4f, 83
1652710593.888271, sdrt-health/mac:02010b41cdec/antenna/tag/e2806894000040038662114f, 85
1652710593.888673, sdrt-health/mac:02010b41cdec/antenna/tag/e2806894000050038662154f, 88
1652710593.889145, sdrt-health/mac:02010b41cdec/antenna/tag/e28068940000400386621d4f, 90
1652710593.952834, sdrt-health/mac:02010b41cdec/antenna/tag/e2806894000050038661fd4f, 83
1652710593.980175, sdrt-health/mac:02010b41cdec/antenna/tag/e2806894000050038662154f, 88
1652710594.015958, sdrt-health/mac:02010b41cdec/antenna/tag/e2806894000040038662114f, 88
1652710594.057662, sdrt-health/mac:02010b41cdec/antenna/tag/e2806894000050038662194f, 87
1652710594.142391, sdrt-health/mac:02010b41cdec/antenna/tag/e2806894000040038662114f, 91
1652710594.142891, sdrt-health/mac:02010b41cdec/antenna/tag/e2806894000050038661fd4f, 97
1652710594.166447, sdrt-health/mac:02010b41cdec/antenna/tag/e28068940000400386621d4f, 96
1652710594.208128, sdrt-health/mac:02010b41cdec/antenna/tag/e2806894000050038662154f, 88
1652710594.208678, sdrt-health/mac:02010b41cdec/antenna/tag/e28068940000400386621d4f, 96
1652710594.228286, sdrt-health/mac:02010b41cdec/antenna/tag/e28068940000400386621d4f, 90
1652710594.22853, sdrt-health/mac:02010b41cdec/antenna/tag/e2806894000040038661f94f, 81
1652710594.228718, sdrt-health/mac:02010b41cdec/antenna/tag/e2806894000040038662114f, 88
1652710594.291277, sdrt-health/mac:02010b41cdec/antenna/tag/e2806894000050038662154f, 85
1652710594.343871, sdrt-health/mac:02010b41cdec/antenna/tag/e2806894000050038662154f, 93
1652710594.344394, sdrt-health/mac:02010b41cdec/antenna/tag/e2806894000040038662114f, 85
1652710594.344739, sdrt-health/mac:02010b41cdec/antenna/tag/e2806894000040038661f94f, 94
1652710594.386624, sdrt-health/mac:02010b41cdec/antenna/tag/e2806894000050038661fd4f, 97
1652710594.3971, sdrt-health/mac:02010b41cdec/antenna/tag/e28068940000400386621d4f, 96
1652710594.446717, sdrt-health/mac:02010b41cdec/antenna/tag/e2806894000050038662194f, 81
1652710594.447053, sdrt-health/mac:02010b41cdec/antenna/tag/e2806894000050038662154f, 85
1652710594.538803, sdrt-health/mac:02010b41cdec/antenna/tag/e28068940000400386621d4f, 96
1652710594.56459, sdrt-health/mac:02010b41cdec/antenna/tag/e2806894000050038661fd4f, 83
1652710594.643172, sdrt-health/mac:02010b41cdec/antenna/tag/e28068940000400386621d4f, 90
1652710594.730316, sdrt-health/mac:02010b41cdec/antenna/tag/e2806894000050038661fd4f, 86
1652710594.730762, sdrt-health/mac:02010b41cdec/antenna/tag/e2806894000050038662154f, 85
1652710594.731142, sdrt-health/mac:02010b41cdec/antenna/tag/e28068940000400386621d4f, 90
1652710594.760472, sdrt-health/mac:02010b41cdec/antenna/tag/e28068940000400386621d4f, 90
1652710594.855849, sdrt-health/mac:02010b41cdec/antenna/tag/e28068940000400386621d4f, 96
1652710594.856368, sdrt-health/mac:02010b41cdec/antenna/tag/e2806894000050038662194f, 94
1652710594.856749, sdrt-health/mac:02010b41cdec/antenna/tag/e2806894000050038661fd4f, 97
1652710594.857132, sdrt-health/mac:02010b41cdec/antenna/tag/e28068940000400386621d4f, 90
1652710594.949073, sdrt-health/mac:02010b41cdec/antenna/tag/e2806894000050038662194f, 83
1652710595.010608, sdrt-health/mac:02010b41cdec/antenna/tag/e2806894000050038662194f, 83
1652710595.011117, sdrt-health/mac:02010b41cdec/antenna/tag/e2806894000040038662114f, 91
1652710595.082057, sdrt-health/mac:02010b41cdec/antenna/tag/e28068940000400386621d4f, 96
1652710595.082526, sdrt-health/mac:02010b41cdec/antenna/tag/e2806894000040038662114f, 97
1652710595.082905, sdrt-health/mac:02010b41cdec/antenna/tag/e28068940000400386621d4f, 96
1652710595.143713, sdrt-health/mac:02010b41cdec/antenna/tag/e2806894000040038662114f, 91
1652710595.143909, sdrt-health/mac:02010b41cdec/antenna/tag/e2806894000050038662154f, 88
1652710595.144029, sdrt-health/mac:02010b41cdec/antenna/tag/e2806894000040038662114f, 97
1652710595.144154, sdrt-health/mac:02010b41cdec/antenna/tag/e28068940000500386620d4f, 88
1652710595.21931, sdrt-health/mac:02010b41cdec/antenna/tag/e2806894000040038662114f, 88
1652710595.276544, sdrt-health/mac:02010b41cdec/antenna/tag/e28068940000400386621d4f, 96
1652710595.277122, sdrt-health/mac:02010b41cdec/antenna/tag/e2806894000050038662194f, 83
1652710595.277461, sdrt-health/mac:02010b41cdec/antenna/tag/e2806894000040038662114f, 97
1652710595.296703, sdrt-health/mac:02010b41cdec/antenna/tag/e28068940000400386621d4f, 96
1652710595.297047, sdrt-health/mac:02010b41cdec/antenna/tag/e2806894000050038662194f, 87
1652710595.337971, sdrt-health/mac:02010b41cdec/antenna/tag/e2806894000040038662114f, 91
1652710595.392936, sdrt-health/mac:02010b41cdec/antenna/tag/e28068940000400386621d4f, 96
1652710595.441969, sdrt-health/mac:02010b41cdec/antenna/tag/e2806894000040038662114f, 91
1652710595.44245, sdrt-health/mac:02010b41cdec/antenna/tag/e2806894000050038662194f, 87
1652710595.442816, sdrt-health/mac:02010b41cdec/antenna/tag/e2806894000050038662154f, 88
1652710595.443149, sdrt-health/mac:02010b41cdec/antenna/tag/e28068940000400386621d4f, 96
1652710595.481094, sdrt-health/mac:02010b41cdec/antenna/tag/e2806894000040038662114f, 83
1652710595.567719, sdrt-health/mac:02010b41cdec/antenna/tag/e2806894000050038662154f, 85
1652710595.568231, sdrt-health/mac:02010b41cdec/antenna/tag/e2806894000050038662154f, 93
1652710595.611163, sdrt-health/mac:02010b41cdec/antenna/tag/e28068940000400386621d4f, 96
1652710595.611667, sdrt-health/mac:02010b41cdec/antenna/tag/e28068940000400386621d4f, 96
1652710595.612014, sdrt-health/mac:02010b41cdec/antenna/tag/e2806894000040038662114f, 91
1652710595.629713, sdrt-health/mac:02010b41cdec/antenna/tag/e2806894000040038662114f, 88
1652710595.655564, sdrt-health/mac:02010b41cdec/antenna/tag/e2806894000050038661fd4f, 83
1652710595.721252, sdrt-health/mac:02010b41cdec/antenna/tag/e28068940000400386621d4f, 90
1652710595.721772, sdrt-health/mac:02010b41cdec/antenna/tag/e28068940000400386621d4f, 90
1652710595.75551, sdrt-health/mac:02010b41cdec/antenna/tag/e28068940000400386621d4f, 96
1652710595.792165, sdrt-health/mac:02010b41cdec/antenna/tag/e2806894000050038662194f, 81
1652710595.855413, sdrt-health/mac:02010b41cdec/antenna/tag/e2806894000050038662154f, 93
1652710595.855879, sdrt-health/mac:02010b41cdec/antenna/tag/e2806894000050038661fd4f, 83
1652710595.896323, sdrt-health/mac:02010b41cdec/antenna/tag/e2806894000050038662154f, 88
1652710595.925854, sdrt-health/mac:02010b41cdec/antenna/tag/e28068940000400386621d4f, 96
1652710596.004744, sdrt-health/mac:02010b41cdec/antenna/tag/e2806894000040038662114f, 91
1652710596.005236, sdrt-health/mac:02010b41cdec/antenna/tag/e2806894000050038661fd4f, 83
1652710596.052455, sdrt-health/mac:02010b41cdec/antenna/tag/e2806894000050038662194f, 81
1652710596.066597, sdrt-health/mac:02010b41cdec/antenna/tag/e2806894000050038662154f, 85
1652710596.117464, sdrt-health/mac:02010b41cdec/antenna/tag/e2806894000040038662114f, 88
1652710596.17344, sdrt-health/mac:02010b41cdec/antenna/tag/e2806894000040038662114f, 91
1652710596.277056, sdrt-health/mac:02010b41cdec/antenna/tag/e2806894000050038661fd4f, 86
1652710596.277556, sdrt-health/mac:02010b41cdec/antenna/tag/e2806894000040038662114f, 91
1652710596.278918, sdrt-health/mac:02010b41cdec/antenna/tag/e2806894000050038662154f, 91
1652710596.301419, sdrt-health/mac:02010b41cdec/antenna/tag/e2806894000040038662114f, 91
1652710596.301765, sdrt-health/mac:02010b41cdec/antenna/tag/e2806894000050038661fd4f, 86
1652710596.302074, sdrt-health/mac:02010b41cdec/antenna/tag/e28068940000400386621d4f, 96
1652710596.321512, sdrt-health/mac:02010b41cdec/antenna/tag/e2806894000050038662194f, 81
1652710596.363861, sdrt-health/mac:02010b41cdec/antenna/tag/e2806894000050038662154f, 88
1652710596.432866, sdrt-health/mac:02010b41cdec/antenna/tag/e28068940000400386621d4f, 96
1652710596.433327, sdrt-health/mac:02010b41cdec/antenna/tag/e28068940000400386621d4f, 96
1652710596.461426, sdrt-health/mac:02010b41cdec/antenna/tag/e2806894000040038662114f, 91
1652710596.491313, sdrt-health/mac:02010b41cdec/antenna/tag/e28068940000400386621d4f, 96
1652710596.491762, sdrt-health/mac:02010b41cdec/antenna/tag/e28068940000400386621d4f, 96
1652710596.521895, sdrt-health/mac:02010b41cdec/antenna/tag/e2806894000050038662154f, 88
1652710596.52238, sdrt-health/mac:02010b41cdec/antenna/tag/e2806894000040038662114f, 88
1652710596.567134, sdrt-health/mac:02010b41cdec/antenna/tag/e2806894000050038661fd4f, 97
1652710596.621723, sdrt-health/mac:02010b41cdec/antenna/tag/e2806894000050038662154f, 88
1652710596.622235, sdrt-health/mac:02010b41cdec/antenna/tag/e2806894000050038661fd4f, 97
1652710596.636391, sdrt-health/mac:02010b41cdec/antenna/tag/e2806894000040038662114f, 88
1652710596.637218, sdrt-health/mac:02010b41cdec/antenna/tag/e2806894000050038662154f, 88
1652710596.68622, sdrt-health/mac:02010b41cdec/antenna/tag/e28068940000400386621d4f, 96
1652710596.732663, sdrt-health/mac:02010b41cdec/antenna/tag/e2806894000050038662154f, 93
1652710596.779558, sdrt-health/mac:02010b41cdec/antenna/tag/e28068940000400386621d4f, 96
1652710596.828398, sdrt-health/mac:02010b41cdec/antenna/tag/e2806894000050038661fd4f, 83
1652710596.885222, sdrt-health/mac:02010b41cdec/antenna/tag/e2806894000050038661fd4f, 83
1652710596.941559, sdrt-health/mac:02010b41cdec/antenna/tag/e2806894000040038662114f, 85
1652710596.942081, sdrt-health/mac:02010b41cdec/antenna/tag/e28068940000400386621d4f, 96
1652710596.960464, sdrt-health/mac:02010b41cdec/antenna/tag/e2806894000050038662154f, 85
1652710596.989785, sdrt-health/mac:02010b41cdec/antenna/tag/e28068940000400386621d4f, 96
1652710597.048934, sdrt-health/mac:02010b41cdec/antenna/tag/e2806894000040038662114f, 91
1652710597.049425, sdrt-health/mac:02010b41cdec/antenna/tag/e28068940000400386621d4f, 96
1652710597.079942, sdrt-health/mac:02010b41cdec/antenna/tag/e28068940000400386621d4f, 96
1652710597.125734, sdrt-health/mac:02010b41cdec/antenna/tag/e2806894000040038662114f, 88
1652710597.170805, sdrt-health/mac:02010b41cdec/antenna/tag/e2806894000050038661fd4f, 83
1652710597.171423, sdrt-health/mac:02010b41cdec/antenna/tag/e28068940000400386621d4f, 96
1652710597.185819, sdrt-health/mac:02010b41cdec/antenna/tag/e28068940000400386621d4f, 96
1652710597.18633, sdrt-health/mac:02010b41cdec/antenna/tag/e2806894000050038661fd4f, 83
1652710597.236632, sdrt-health/mac:02010b41cdec/antenna/tag/e28068940000400386621d4f, 96
1652710597.330391, sdrt-health/mac:02010b41cdec/antenna/tag/e2806894000040038662114f, 91
1652710597.330902, sdrt-health/mac:02010b41cdec/antenna/tag/e2806894000050038661fd4f, 86
1652710597.361273, sdrt-health/mac:02010b41cdec/antenna/tag/e2806894000050038661fd4f, 83
1652710597.361593, sdrt-health/mac:02010b41cdec/antenna/tag/e2806894000040038662114f, 88
1652710597.389512, sdrt-health/mac:02010b41cdec/antenna/tag/e2806894000050038662154f, 91
1652710597.457308, sdrt-health/mac:02010b41cdec/antenna/tag/e28068940000400386621d4f, 96
1652710597.457774, sdrt-health/mac:02010b41cdec/antenna/tag/e2806894000050038661fd4f, 86
1652710597.485325, sdrt-health/mac:02010b41cdec/antenna/tag/e2806894000050038661fd4f, 83
1652710597.709509, sdrt-health/mac:02010b41cdec/antenna/tag/e2806894000050038661fd4f, 97
1652710597.710001, sdrt-health/mac:02010b41cdec/antenna/tag/scan, scan stopped
