1652710597.759613, sdrt-health/mac:02010b41cdec/antenna/power/set, {"power": 290}
1652710600.713635, sdrt-health/mac:02010b41cdec/antenna/power/set, 
1652710602.78322, sdrt-health/mac:02010b41cdec/antenna/tag/scan, {"time": 20000}
1652710603.076799, sdrt-health/mac:02010b41cdec/antenna/tag/e2806894000050038661fd4f, 97
1652710603.126084, sdrt-health/mac:02010b41cdec/antenna/tag/e2806894000040038662054f, 84
1652710603.16865, sdrt-health/mac:02010b41cdec/antenna/tag/e28068940000400386621d4f, 96
1652710603.229049, sdrt-health/mac:02010b41cdec/antenna/tag/e2806894000050038662154f, 88
1652710603.229506, sdrt-health/mac:02010b41cdec/antenna/tag/e2806894000040038662114f, 97
1652710603.244873, sdrt-health/mac:02010b41cdec/antenna/tag/e2806894000050038661fd4f, 83
1652710603.24519, sdrt-health/mac:02010b41cdec/antenna/tag/e2806894000050038661fd4f, 86
1652710603.256363, sdrt-health/mac:02010b41cdec/antenna/tag/e2806894000050038661fd4f, 86
1652710603.310035, sdrt-health/mac:02010b41cdec/antenna/tag/e2806894000040038662114f, 97
1652710603.337131, sdrt-health/mac:02010b41cdec/antenna/tag/e2806894000050038661fd4f, 86
1652710603.337456, sdrt-health/mac:02010b41cdec/antenna/tag/e2806894000050038661fd4f, 83
1652710603.366454, sdrt-health/mac:02010b41cdec/antenna/tag/e2806894000050038662154f, 88
1652710603.471053, sdrt-health/mac:02010b41cdec/antenna/tag/e2806894000040038662114f, 97
1652710603.471593, sdrt-health/mac:02010b41cdec/antenna/tag/e2806894000040038661f94f, 82
1652710603.485937, sdrt-health/mac:02010b41cdec/antenna/tag/e2806894000050038662154f, 85
1652710603.552308, sdrt-health/mac:02010b41cdec/antenna/tag/e28068940000400386621d4f, 96
1652710603.552824, sdrt-health/mac:02010b41cdec/antenna/tag/e2806894000040038662114f, 88
1652710603.568422, sdrt-health/mac:02010b41cdec/antenna/tag/e2806894000050038662194f, 87
1652710603.578392, sdrt-health/mac:02010b41cdec/antenna/tag/e2806894000050038662154f, 91
1652710603.585382, sdrt-health/mac:02010b41cdec/antenna/tag/e2806894000040038662114f, 88
1652710603.630293, sdrt-health/mac:02010b41cdec/antenna/tag/e2806894000050038662194f, 83
1652710603.671012, sdrt-health/mac:02010b41cdec/antenna/tag/e2806894000050038662194f, 94
1652710603.67142, sdrt-health/mac:02010b41cdec/antenna/tag/e2806894000050038661fd4f, 86
1652710603.671692, sdrt-health/mac:02010b41cdec/antenna/tag/e2806894000050038662154f, 88
1652710603.707329, sdrt-health/mac:02010b41cdec/antenna/tag/e28068940000400386621d4f, 96
1652710603.775904, sdrt-health/mac:02010b41cdec/antenna/tag/e28068940000400386621d4f, 96
1652710603.822279, sdrt-health/mac:02010b41cdec/antenna/tag/e2806894000050038662194f, 84
1652710603.870694, sdrt-health/mac:02010b41cdec/antenna/tag/e2806894000050038661fd4f, 83
1652710603.906394, sdrt-health/mac:02010b41cdec/antenna/tag/e2806894000040038662114f, 88
1652710603.950286, sdrt-health/mac:02010b41cdec/antenna/tag/e2806894000050038661fd4f, 83
1652710603.950688, sdrt-health/mac:02010b41cdec/antenna/tag/e2806894000050038662194f, 81
1652710603.988365, sdrt-health/mac:02010b41cdec/antenna/tag/e2806894000050038662194f, 81
1652710603.988651, sdrt-health/mac:02010b41cdec/antenna/tag/e2806894000050038662154f, 91
1652710604.025632, sdrt-health/mac:02010b41cdec/antenna/tag/e2806894000050038662154f, 91
1652710604.067441, sdrt-health/mac:02010b41cdec/antenna/tag/e2806894000050038662194f, 83
1652710604.121291, sdrt-health/mac:02010b41cdec/antenna/tag/e2806894000050038661fd4f, 90
1652710604.122135, sdrt-health/mac:02010b41cdec/antenna/tag/e2806894000050038662194f, 93
1652710604.147264, sdrt-health/mac:02010b41cdec/antenna/tag/e2806894000050038662194f, 83
1652710604.204807, sdrt-health/mac:02010b41cdec/antenna/tag/e2806894000040038662114f, 91
1652710604.205277, sdrt-health/mac:02010b41cdec/antenna/tag/e2806894000040038662114f, 91
1652710604.220941, sdrt-health/mac:02010b41cdec/antenna/tag/e28068940000400386621d4f, 96
1652710604.255983, sdrt-health/mac:02010b41cdec/antenna/tag/e2806894000050038661fd4f, 86
1652710604.256403, sdrt-health/mac:02010b41cdec/antenna/tag/e28068940000400386621d4f, 96
1652710604.300302, sdrt-health/mac:02010b41cdec/antenna/tag/e2806894000050038662194f, 87
1652710604.301547, sdrt-health/mac:02010b41cdec/antenna/tag/e2806894000050038662154f, 85
1652710604.317857, sdrt-health/mac:02010b41cdec/antenna/tag/e2806894000050038661fd4f, 83
1652710604.351491, sdrt-health/mac:02010b41cdec/antenna/tag/e2806894000050038662154f, 88
1652710604.420516, sdrt-health/mac:02010b41cdec/antenna/tag/e2806894000040038662114f, 88
1652710604.421042, sdrt-health/mac:02010b41cdec/antenna/tag/e2806894000050038662194f, 93
1652710604.421474, sdrt-health/mac:02010b41cdec/antenna/tag/e2806894000050038662194f, 83
1652710604.448817, sdrt-health/mac:02010b41cdec/antenna/tag/e2806894000050038662154f, 91
1652710604.487588, sdrt-health/mac:02010b41cdec/antenna/tag/e2806894000040038662114f, 91
1652710604.488301, sdrt-health/mac:02010b41cdec/antenna/tag/e2806894000050038662154f, 91
1652710604.504084, sdrt-health/mac:02010b41cdec/antenna/tag/e2806894000050038662194f, 81
1652710604.504389, sdrt-health/mac:02010b41cdec/antenna/tag/e2806894000040038662114f, 88
1652710604.504653, sdrt-health/mac:02010b41cdec/antenna/tag/e2806894000050038662194f, 87
1652710604.58977, sdrt-health/mac:02010b41cdec/antenna/tag/e2806894000050038662154f, 91
1652710604.628553, sdrt-health/mac:02010b41cdec/antenna/tag/e2806894000040038662114f, 91
1652710604.628951, sdrt-health/mac:02010b41cdec/antenna/tag/e28068940000400386621d4f, 96
1652710604.677988, sdrt-health/mac:02010b41cdec/antenna/tag/e2806894000040038662114f, 91
1652710604.771346, sdrt-health/mac:02010b41cdec/antenna/tag/e2806894000050038662154f, 88
1652710604.771921, sdrt-health/mac:02010b41cdec/antenna/tag/e2806894000050038662154f, 85
1652710604.786308, sdrt-health/mac:02010b41cdec/antenna/tag/e2806894000050038662194f, 81
1652710604.830213, sdrt-health/mac:02010b41cdec/antenna/tag/e2806894000050038662194f, 81
1652710604.887241, sdrt-health/mac:02010b41cdec/antenna/tag/e2806894000040038661f94f, 88
1652710604.95078, sdrt-health/mac:02010b41cdec/antenna/tag/e2806894000040038661f94f, 81
1652710604.951296, sdrt-health/mac:02010b41cdec/antenna/tag/e2806894000050038662154f, 85
1652710604.981668, sdrt-health/mac:02010b41cdec/antenna/tag/e2806894000050038662154f, 91
1652710604.982088, sdrt-health/mac:02010b41cdec/antenna/tag/e2806894000040038662114f, 88
1652710605.033999, sdrt-health/mac:02010b41cdec/antenna/tag/e2806894000050038662194f, 94
1652710605.034231, sdrt-health/mac:02010b41cdec/antenna/tag/e2806894000050038661fd4f, 83
1652710605.06161, sdrt-health/mac:02010b41cdec/antenna/tag/e2806894000040038662114f, 91
1652710605.109157, sdrt-health/mac:02010b41cdec/antenna/tag/e2806894000050038662194f, 87
1652710605.109661, sdrt-health/mac:02010b41cdec/antenna/tag/e2806894000050038662154f, 88
1652710605.147129, sdrt-health/mac:02010b41cdec/antenna/tag/e2806894000040038662114f, 88
1652710605.229523, sdrt-health/mac:02010b41cdec/antenna/tag/e2806894000050038661fd4f, 83
1652710605.230055, sdrt-health/mac:02010b41cdec/antenna/tag/e2806894000050038662194f, 87
1652710605.230512, sdrt-health/mac:02010b41cdec/antenna/tag/e2806894000050038662194f, 81
1652710605.250231, sdrt-health/mac:02010b41cdec/antenna/tag/e2806894000050038662194f, 93
1652710605.325446, sdrt-health/mac:02010b41cdec/antenna/tag/e2806894000040038662114f, 88
1652710605.353459, sdrt-health/mac:02010b41cdec/antenna/tag/e2806894000050038661fd4f, 86
1652710605.353967, sdrt-health/mac:02010b41cdec/antenna/tag/e28068940000400386621d4f, 96
1652710605.354432, sdrt-health/mac:02010b41cdec/antenna/tag/e2806894000050038662194f, 93
1652710605.371086, sdrt-health/mac:02010b41cdec/antenna/tag/e2806894000040038662114f, 88
1652710605.371421, sdrt-health/mac:02010b41cdec/antenna/tag/e2806894000050038661fd4f, 83
1652710605.391774, sdrt-health/mac:02010b41cdec/antenna/tag/e2806894000050038662194f, 81
1652710605.392237, sdrt-health/mac:02010b41cdec/antenna/tag/e2806894000050038662154f, 85
1652710605.392507, sdrt-health/mac:02010b41cdec/antenna/tag/e28068940000400386621d4f, 96
1652710605.45049, sdrt-health/mac:02010b41cdec/antenna/tag/e2806894000050038662194f, 83
1652710605.4509, sdrt-health/mac:02010b41cdec/antenna/tag/e2806894000040038662114f, 88
1652710605.45271, sdrt-health/mac:02010b41cdec/antenna/tag/e2806894000040038662114f, 88
1652710605.499517, sdrt-health/mac:02010b41cdec/antenna/tag/e2806894000040038662114f, 91
1652710605.49993, sdrt-health/mac:02010b41cdec/antenna/tag/e2806894000050038662154f, 91
1652710605.500229, sdrt-health/mac:02010b41cdec/antenna/tag/e2806894000050038661fd4f, 86
1652710605.551466, sdrt-health/mac:02010b41cdec/antenna/tag/e2806894000050038662154f, 88
1652710605.551925, sdrt-health/mac:02010b41cdec/antenna/tag/e2806894000050038662194f, 87
1652710605.552262, sdrt-health/mac:02010b41cdec/antenna/tag/e2806894000050038662154f, 97
1652710605.552745, sdrt-health/mac:02010b41cdec/antenna/tag/e2806894000040038662114f, 91
1652710605.589091, sdrt-health/mac:02010b41cdec/antenna/tag/e2806894000050038661fd4f, 86
1652710605.636355, sdrt-health/mac:02010b41cdec/antenna/tag/e2806894000050038662154f, 88
1652710605.63711, sdrt-health/mac:02010b41cdec/antenna/tag/e2806894000050038661fd4f, 86
1652710605.688662, sdrt-health/mac:02010b41cdec/antenna/tag/e28068940000400386621d4f, 96
1652710605.742242, sdrt-health/mac:02010b41cdec/antenna/tag/e28068940000400386621d4f, 96
1652710605.874369, sdrt-health/mac:02010b41cdec/antenna/tag/e2806894000050038661fd4f, 83
1652710605.915631, sdrt-health/mac:02010b41cdec/antenna/tag/e2806894000040038662114f, 91
1652710605.916128, sdrt-health/mac:02010b41cdec/antenna/tag/e28068940000400386621d4f, 96
1652710605.916469, sdrt-health/mac:02010b41cdec/antenna/tag/e2806894000050038662154f, 88
1652710605.916969, sdrt-health/mac:02010b41cdec/antenna/tag/e2806894000050038662154f, 85
1652710605.969935, sdrt-health/mac:02010b41cdec/antenna/tag/e2806894000050038661fd4f, 83
1652710605.970609, sdrt-health/mac:02010b41cdec/antenna/tag/e2806894000050038662194f, 87
1652710605.971179, sdrt-health/mac:02010b41cdec/antenna/tag/e2806894000050038662154f, 91
1652710606.013319, sdrt-health/mac:02010b41cdec/antenna/tag/e2806894000050038662154f, 85
1652710606.07735, sdrt-health/mac:02010b41cdec/antenna/tag/e28068940000400386621d4f, 90
1652710606.077794, sdrt-health/mac:02010b41cdec/antenna/tag/e2806894000050038662194f, 83
1652710606.078095, sdrt-health/mac:02010b41cdec/antenna/tag/e2806894000040038662214f, 94
1652710606.108341, sdrt-health/mac:02010b41cdec/antenna/tag/e2806894000040038661f94f, 88
1652710606.171413, sdrt-health/mac:02010b41cdec/antenna/tag/e28068940000400386621d4f, 90
1652710606.171928, sdrt-health/mac:02010b41cdec/antenna/tag/e2806894000050038662194f, 93
1652710606.172323, sdrt-health/mac:02010b41cdec/antenna/tag/e2806894000050038662154f, 85
1652710606.198678, sdrt-health/mac:02010b41cdec/antenna/tag/e2806894000040038662114f, 91
1652710606.256334, sdrt-health/mac:02010b41cdec/antenna/tag/e2806894000050038662154f, 85
1652710606.302398, sdrt-health/mac:02010b41cdec/antenna/tag/e2806894000050038661fd4f, 83
1652710606.302919, sdrt-health/mac:02010b41cdec/antenna/tag/e28068940000400386621d4f, 96
1652710606.357442, sdrt-health/mac:02010b41cdec/antenna/tag/e2806894000050038662194f, 81
1652710606.357925, sdrt-health/mac:02010b41cdec/antenna/tag/e2806894000050038662194f, 81
1652710606.405481, sdrt-health/mac:02010b41cdec/antenna/tag/e2806894000050038662194f, 83
1652710606.405971, sdrt-health/mac:02010b41cdec/antenna/tag/e28068940000400386621d4f, 90
1652710606.447229, sdrt-health/mac:02010b41cdec/antenna/tag/e2806894000050038662194f, 83
1652710606.447641, sdrt-health/mac:02010b41cdec/antenna/tag/e2806894000050038661fd4f, 83
1652710606.447908, sdrt-health/mac:02010b41cdec/antenna/tag/e2806894000050038662154f, 88
1652710606.448178, sdrt-health/mac:02010b41cdec/antenna/tag/e28068940000400386621d4f, 96
1652710606.546379, sdrt-health/mac:02010b41cdec/antenna/tag/e2806894000050038662194f, 81
1652710606.591417, sdrt-health/mac:02010b41cdec/antenna/tag/e2806894000050038662154f, 88
1652710606.654407, sdrt-health/mac:02010b41cdec/antenna/tag/e2806894000050038662154f, 88
1652710606.700749, sdrt-health/mac:02010b41cdec/antenna/tag/e2806894000050038661fd4f, 83
1652710606.701232, sdrt-health/mac:02010b41cdec/antenna/tag/e2806894000040038662114f, 97
1652710606.751596, sdrt-health/mac:02010b41cdec/antenna/tag/e2806894000040038662114f, 91
1652710606.794951, sdrt-health/mac:02010b41cdec/antenna/tag/e2806894000040038662114f, 97
1652710606.795276, sdrt-health/mac:02010b41cdec/antenna/tag/e2806894000040038662114f, 91
1652710606.795504, sdrt-health/mac:02010b41cdec/antenna/tag/e2806894000050038661fd4f, 86
1652710606.831913, sdrt-health/mac:02010b41cdec/antenna/tag/e2806894000050038662194f, 83
1652710606.832276, sdrt-health/mac:02010b41cdec/antenna/tag/e2806894000040038662114f, 97
1652710606.869248, sdrt-health/mac:02010b41cdec/antenna/tag/e28068940000400386621d4f, 96
1652710606.908374, sdrt-health/mac:02010b41cdec/antenna/tag/e28068940000500386620d4f, 88
1652710606.94668, sdrt-health/mac:02010b41cdec/antenna/tag/e28068940000400386621d4f, 96
1652710607.038987, sdrt-health/mac:02010b41cdec/antenna/tag/e2806894000050038662154f, 85
1652710607.039442, sdrt-health/mac:02010b41cdec/antenna/tag/e28068940000500386620d4f, 81
1652710607.054453, sdrt-health/mac:02010b41cdec/antenna/tag/e2806894000040038662114f, 88
1652710607.127622, sdrt-health/mac:02010b41cdec/antenna/tag/e2806894000050038662154f, 91
1652710607.128997, sdrt-health/mac:02010b41cdec/antenna/tag/e2806894000050038662194f, 83
1652710607.143867, sdrt-health/mac:02010b41cdec/antenna/tag/e2806894000050038661fd4f, 86
1652710607.166255, sdrt-health/mac:02010b41cdec/antenna/tag/e2806894000050038661fd4f, 86
1652710607.16654, sdrt-health/mac:02010b41cdec/antenna/tag/e28068940000400386621d4f, 96
1652710607.21998, sdrt-health/mac:02010b41cdec/antenna/tag/e28068940000400386621d4f, 96
1652710607.271649, sdrt-health/mac:02010b41cdec/antenna/tag/e2806894000050038661fd4f, 86
1652710607.272102, sdrt-health/mac:02010b41cdec/antenna/tag/e2806894000050038661fd4f, 86
1652710607.272497, sdrt-health/mac:02010b41cdec/antenna/tag/e2806894000050038662154f, 88
1652710607.306794, sdrt-health/mac:02010b41cdec/antenna/tag/e2806894000050038661fd4f, 86
1652710607.362836, sdrt-health/mac:02010b41cdec/antenna/tag/e2806894000050038662154f, 85
1652710607.363303, sdrt-health/mac:02010b41cdec/antenna/tag/e2806894000050038662154f, 87
1652710607.363669, sdrt-health/mac:02010b41cdec/antenna/tag/e2806894000040038662114f, 88
1652710607.387708, sdrt-health/mac:02010b41cdec/antenna/tag/e2806894000050038662154f, 87
1652710607.388199, sdrt-health/mac:02010b41cdec/antenna/tag/e2806894000050038662154f, 85
1652710607.426673, sdrt-health/mac:02010b41cdec/antenna/tag/e2806894000050038662154f, 85
1652710607.487727, sdrt-health/mac:02010b41cdec/antenna/tag/e2806894000040038662114f, 88
1652710607.488325, sdrt-health/mac:02010b41cdec/antenna/tag/e2806894000050038662194f, 83
1652710607.48871, sdrt-health/mac:02010b41cdec/antenna/tag/e2806894000040038662114f, 88
1652710607.489188, sdrt-health/mac:02010b41cdec/antenna/tag/e2806894000040038662114f, 91
1652710607.507353, sdrt-health/mac:02010b41cdec/antenna/tag/e2806894000050038662194f, 87
1652710607.608196, sdrt-health/mac:02010b41cdec/antenna/tag/e2806894000050038662154f, 88
1652710607.608707, sdrt-health/mac:02010b41cdec/antenna/tag/e2806894000050038662194f, 94
1652710607.628036, sdrt-health/mac:02010b41cdec/antenna/tag/e2806894000040038661f94f, 84
1652710607.628344, sdrt-health/mac:02010b41cdec/antenna/tag/e28068940000400386621d4f, 96
1652710607.657246, sdrt-health/mac:02010b41cdec/antenna/tag/e2806894000040038662114f, 85
1652710607.666032, sdrt-health/mac:02010b41cdec/antenna/tag/e2806894000050038662154f, 91
1652710607.708252, sdrt-health/mac:02010b41cdec/antenna/tag/e2806894000050038661fd4f, 83
1652710607.710495, sdrt-health/mac:02010b41cdec/antenna/tag/e2806894000040038661f94f, 88
1652710607.771965, sdrt-health/mac:02010b41cdec/antenna/tag/e2806894000050038661fd4f, 83
1652710607.772477, sdrt-health/mac:02010b41cdec/antenna/tag/e28068940000400386621d4f, 96
1652710607.817885, sdrt-health/mac:02010b41cdec/antenna/tag/e2806894000050038661fd4f, 83
1652710607.885055, sdrt-health/mac:02010b41cdec/antenna/tag/e28068940000400386621d4f, 77
1652710607.885513, sdrt-health/mac:02010b41cdec/antenna/tag/e2806894000050038661fd4f, 83
1652710607.887118, sdrt-health/mac:02010b41cdec/antenna/tag/e2806894000050038661fd4f, 83
1652710607.899163, sdrt-health/mac:02010b41cdec/antenna/tag/e2806894000050038662194f, 88
1652710607.906263, sdrt-health/mac:02010b41cdec/antenna/tag/e2806894000040038662114f, 91
1652710607.947276, sdrt-health/mac:02010b41cdec/antenna/tag/e2806894000040038661f94f, 87
1652710608.004315, sdrt-health/mac:02010b41cdec/antenna/tag/e28068940000400386621d4f, 96
1652710608.005253, sdrt-health/mac:02010b41cdec/antenna/tag/e2806894000050038661fd4f, 86
1652710608.03715, sdrt-health/mac:02010b41cdec/antenna/tag/e2806894000050038662154f, 91
1652710608.037719, sdrt-health/mac:02010b41cdec/antenna/tag/e28068940000400386621d4f, 96
1652710608.053859, sdrt-health/mac:02010b41cdec/antenna/tag/e2806894000050038661fd4f, 86
1652710608.094451, sdrt-health/mac:02010b41cdec/antenna/tag/e2806894000040038662114f, 97
1652710608.148895, sdrt-health/mac:02010b41cdec/antenna/tag/e2806894000050038661fd4f, 83
1652710608.208209, sdrt-health/mac:02010b41cdec/antenna/tag/e2806894000050038661fd4f, 83
1652710608.208558, sdrt-health/mac:02010b41cdec/antenna/tag/e28068940000400386621d4f, 96
1652710608.208837, sdrt-health/mac:02010b41cdec/antenna/tag/e2806894000040038662114f, 91
1652710608.221832, sdrt-health/mac:02010b41cdec/antenna/tag/e2806894000050038662154f, 88
1652710608.244224, sdrt-health/mac:02010b41cdec/antenna/tag/e2806894000040038662114f, 88
1652710608.273194, sdrt-health/mac:02010b41cdec/antenna/tag/e2806894000050038662154f, 85
1652710608.273491, sdrt-health/mac:02010b41cdec/antenna/tag/e2806894000050038662194f, 82
1652710608.293458, sdrt-health/mac:02010b41cdec/antenna/tag/e2806894000050038661fd4f, 86
1652710608.293668, sdrt-health/mac:02010b41cdec/antenna/tag/e2806894000050038662194f, 94
1652710608.293789, sdrt-health/mac:02010b41cdec/antenna/tag/e2806894000040038662114f, 88
1652710608.293913, sdrt-health/mac:02010b41cdec/antenna/tag/e2806894000050038662154f, 88
1652710608.347383, sdrt-health/mac:02010b41cdec/antenna/tag/e2806894000050038662014f, 88
1652710608.415747, sdrt-health/mac:02010b41cdec/antenna/tag/e28068940000400386621d4f, 96
1652710608.474285, sdrt-health/mac:02010b41cdec/antenna/tag/e2806894000050038661fd4f, 83
1652710608.474732, sdrt-health/mac:02010b41cdec/antenna/tag/e2806894000040038662114f, 88
1652710608.497171, sdrt-health/mac:02010b41cdec/antenna/tag/e2806894000050038662154f, 91
1652710608.497789, sdrt-health/mac:02010b41cdec/antenna/tag/e2806894000040038662214f, 84
1652710608.516204, sdrt-health/mac:02010b41cdec/antenna/tag/e2806894000040038662214f, 81
1652710608.563989, sdrt-health/mac:02010b41cdec/antenna/tag/e28068940000400386621d4f, 96
1652710608.626678, sdrt-health/mac:02010b41cdec/antenna/tag/e2806894000050038662154f, 85
1652710608.627207, sdrt-health/mac:02010b41cdec/antenna/tag/e2806894000050038661fd4f, 83
1652710608.654287, sdrt-health/mac:02010b41cdec/antenna/tag/e2806894000040038662114f, 85
1652710608.654886, sdrt-health/mac:02010b41cdec/antenna/tag/e2806894000050038661fd4f, 83
1652710608.69674, sdrt-health/mac:02010b41cdec/antenna/tag/e28068940000400386621d4f, 96
1652710608.750756, sdrt-health/mac:02010b41cdec/antenna/tag/e2806894000050038661fd4f, 83
1652710608.782111, sdrt-health/mac:02010b41cdec/antenna/tag/e2806894000040038662114f, 91
1652710608.782504, sdrt-health/mac:02010b41cdec/antenna/tag/e28068940000400386621d4f, 90
1652710608.782739, sdrt-health/mac:02010b41cdec/antenna/tag/e28068940000400386621d4f, 96
1652710608.827905, sdrt-health/mac:02010b41cdec/antenna/tag/e2806894000040038662114f, 88
1652710608.867074, sdrt-health/mac:02010b41cdec/antenna/tag/e2806894000050038662154f, 91
1652710608.923397, sdrt-health/mac:02010b41cdec/antenna/tag/e2806894000040038662114f, 88
1652710608.923911, sdrt-health/mac:02010b41cdec/antenna/tag/e28068940000400386621d4f, 96
1652710608.937676, sdrt-health/mac:02010b41cdec/antenna/tag/e2806894000050038661fd4f, 86
1652710608.946507, sdrt-health/mac:02010b41cdec/antenna/tag/e2806894000040038662114f, 88
1652710608.994834, sdrt-health/mac:02010b41cdec/antenna/tag/e28068940000400386621d4f, 96
1652710609.047208, sdrt-health/mac:02010b41cdec/antenna/tag/e2806894000040038661f94f, 94
1652710609.090373, sdrt-health/mac:02010b41cdec/antenna/tag/e2806894000040038662114f, 88
1652710609.090904, sdrt-health/mac:02010b41cdec/antenna/tag/e2806894000050038662154f, 88
1652710609.091324, sdrt-health/mac:02010b41cdec/antenna/tag/e28068940000400386621d4f, 96
1652710609.141535, sdrt-health/mac:02010b41cdec/antenna/tag/e28068940000400386621d4f, 90
1652710609.187606, sdrt-health/mac:02010b41cdec/antenna/tag/e2806894000040038662114f, 88
1652710609.245299, sdrt-health/mac:02010b41cdec/antenna/tag/e2806894000040038661f94f, 94
1652710609.245753, sdrt-health/mac:02010b41cdec/antenna/tag/e2806894000050038662154f, 88
1652710609.246134, sdrt-health/mac:02010b41cdec/antenna/tag/e2806894000050038661fd4f, 86
1652710609.306209, sdrt-health/mac:02010b41cdec/antenna/tag/e2806894000040038662114f, 91
1652710609.367854, sdrt-health/mac:02010b41cdec/antenna/tag/e2806894000040038662114f, 91
1652710609.368385, sdrt-health/mac:02010b41cdec/antenna/tag/e28068940000400386621d4f, 96
1652710609.36873, sdrt-health/mac:02010b41cdec/antenna/tag/e2806894000050038662154f, 88
1652710609.394882, sdrt-health/mac:02010b41cdec/antenna/tag/e2806894000050038662194f, 82
1652710609.4453, sdrt-health/mac:02010b41cdec/antenna/tag/e2806894000040038662214f, 83
1652710609.487837, sdrt-health/mac:02010b41cdec/antenna/tag/e2806894000040038661f94f, 87
1652710609.540906, sdrt-health/mac:02010b41cdec/antenna/tag/e2806894000040038661f94f, 81
1652710609.541378, sdrt-health/mac:02010b41cdec/antenna/tag/e2806894000050038662154f, 88
1652710609.587113, sdrt-health/mac:02010b41cdec/antenna/tag/e2806894000040038661f94f, 81
1652710609.587532, sdrt-health/mac:02010b41cdec/antenna/tag/e2806894000040038662114f, 88
1652710609.628864, sdrt-health/mac:02010b41cdec/antenna/tag/e2806894000040038662114f, 88
1652710609.667979, sdrt-health/mac:02010b41cdec/antenna/tag/e28068940000400386621d4f, 90
1652710609.70534, sdrt-health/mac:02010b41cdec/antenna/tag/e2806894000040038662114f, 91
1652710609.765045, sdrt-health/mac:02010b41cdec/antenna/tag/e2806894000040038662114f, 91
1652710609.765502, sdrt-health/mac:02010b41cdec/antenna/tag/e2806894000050038662154f, 85
1652710609.765892, sdrt-health/mac:02010b41cdec/antenna/tag/e2806894000050038661fd4f, 86
1652710609.786315, sdrt-health/mac:02010b41cdec/antenna/tag/e28068940000400386621d4f, 90
1652710609.828596, sdrt-health/mac:02010b41cdec/antenna/tag/e2806894000050038662154f, 85
1652710609.859428, sdrt-health/mac:02010b41cdec/antenna/tag/e28068940000400386621d4f, 90
1652710609.859782, sdrt-health/mac:02010b41cdec/antenna/tag/e2806894000050038662154f, 93
1652710609.877089, sdrt-health/mac:02010b41cdec/antenna/tag/e2806894000050038661fd4f, 86
1652710609.93569, sdrt-health/mac:02010b41cdec/antenna/tag/e2806894000050038661fd4f, 83
1652710609.966164, sdrt-health/mac:02010b41cdec/antenna/tag/e2806894000050038662154f, 85
1652710609.966486, sdrt-health/mac:02010b41cdec/antenna/tag/e2806894000050038661fd4f, 83
1652710609.987168, sdrt-health/mac:02010b41cdec/antenna/tag/e28068940000400386621d4f, 90
1652710610.018859, sdrt-health/mac:02010b41cdec/antenna/tag/e2806894000050038661fd4f, 83
1652710610.019109, sdrt-health/mac:02010b41cdec/antenna/tag/e2806894000040038661f94f, 81
1652710610.035249, sdrt-health/mac:02010b41cdec/antenna/tag/e2806894000050038662154f, 97
1652710610.086739, sdrt-health/mac:02010b41cdec/antenna/tag/e28068940000400386621d4f, 77
1652710610.152272, sdrt-health/mac:02010b41cdec/antenna/tag/e2806894000050038661fd4f, 86
1652710610.152739, sdrt-health/mac:02010b41cdec/antenna/tag/e2806894000040038662114f, 88
1652710610.167631, sdrt-health/mac:02010b41cdec/antenna/tag/e2806894000050038661fd4f, 86
1652710610.186282, sdrt-health/mac:02010b41cdec/antenna/tag/e2806894000040038662114f, 85
1652710610.242574, sdrt-health/mac:02010b41cdec/antenna/tag/e28068940000400386621d4f, 96
1652710610.243047, sdrt-health/mac:02010b41cdec/antenna/tag/e28068940000400386621d4f, 96
1652710610.258819, sdrt-health/mac:02010b41cdec/antenna/tag/e2806894000050038661fd4f, 83
1652710610.289369, sdrt-health/mac:02010b41cdec/antenna/tag/e2806894000040038662214f, 81
1652710610.332347, sdrt-health/mac:02010b41cdec/antenna/tag/e2806894000050038661fd4f, 83
1652710610.334058, sdrt-health/mac:02010b41cdec/antenna/tag/e2806894000040038662114f, 88
1652710610.377408, sdrt-health/mac:02010b41cdec/antenna/tag/e2806894000040038662214f, 81
1652710610.430469, sdrt-health/mac:02010b41cdec/antenna/tag/e2806894000050038661fd4f, 86
1652710610.489592, sdrt-health/mac:02010b41cdec/antenna/tag/e28068940000400386621d4f, 96
1652710610.553475, sdrt-health/mac:02010b41cdec/antenna/tag/e28068940000400386621d4f, 96
1652710610.553937, sdrt-health/mac:02010b41cdec/antenna/tag/e2806894000050038661fd4f, 86
1652710610.596622, sdrt-health/mac:02010b41cdec/antenna/tag/e2806894000050038662154f, 91
1652710610.670472, sdrt-health/mac:02010b41cdec/antenna/tag/e2806894000050038661fd4f, 86
1652710610.671138, sdrt-health/mac:02010b41cdec/antenna/tag/e2806894000050038661fd4f, 86
1652710610.694474, sdrt-health/mac:02010b41cdec/antenna/tag/e2806894000040038662114f, 85
1652710610.694963, sdrt-health/mac:02010b41cdec/antenna/tag/e28068940000400386621d4f, 90
1652710610.737263, sdrt-health/mac:02010b41cdec/antenna/tag/e2806894000040038662114f, 88
1652710610.77831, sdrt-health/mac:02010b41cdec/antenna/state, connected
1652710610.778834, sdrt-health/mac:02010b41cdec/fw, {"version":"1.8.1","model":"200","hash":"2f556501b58f1dad542af428d7928d18","timestamp":1652710607}
1652710610.792874, sdrt-health/mac:02010b41cdec/antenna/tag/e2806894000050038661fd4f, 86
1652710610.847195, sdrt-health/mac:02010b41cdec/antenna/tag/e28068940000400386621d4f, 90
1652710610.84762, sdrt-health/mac:02010b41cdec/antenna/tag/e2806894000040038662114f, 88
1652710610.86297, sdrt-health/mac:02010b41cdec/antenna/tag/e2806894000050038662154f, 85
1652710610.863186, sdrt-health/mac:02010b41cdec/antenna/tag/e2806894000040038661f94f, 88
1652710610.893538, sdrt-health/mac:02010b41cdec/antenna/tag/e2806894000040038662214f, 81
1652710610.96232, sdrt-health/mac:02010b41cdec/antenna/tag/e28068940000400386621d4f, 96
1652710610.962877, sdrt-health/mac:02010b41cdec/antenna/tag/e2806894000050038661fd4f, 86
1652710610.963245, sdrt-health/mac:02010b41cdec/antenna/tag/e2806894000050038662154f, 91
1652710610.985924, sdrt-health/mac:02010b41cdec/antenna/version, h@bO
1652710610.986187, sdrt-health/mac:02010b41cdec/antenna/tag/e28068940000400386621d4f, 96
1652710611.015756, sdrt-health/mac:02010b41cdec/antenna/tag/e2806894000050038662154f, 91
1652710611.02693, sdrt-health/mac:02010b41cdec/antenna/tag/e2806894000050038662154f, 91
1652710611.047357, sdrt-health/mac:02010b41cdec/antenna/tag/e2806894000050038661fd4f, 86
1652710611.047585, sdrt-health/mac:02010b41cdec/antenna/tag/e2806894000040038662114f, 88
1652710611.07691, sdrt-health/mac:02010b41cdec/antenna/tag/e2806894000040038662114f, 91
1652710611.141682, sdrt-health/mac:02010b41cdec/antenna/tag/e2806894000050038662154f, 88
1652710611.142158, sdrt-health/mac:02010b41cdec/antenna/tag/e28068940000400386621d4f, 90
1652710611.163853, sdrt-health/mac:02010b41cdec/antenna/tag/e2806894000050038661fd4f, 90
1652710611.164127, sdrt-health/mac:02010b41cdec/antenna/tag/e2806894000040038662114f, 91
1652710611.174111, sdrt-health/mac:02010b41cdec/antenna/tag/e28068940000400386621d4f, 90
1652710611.213403, sdrt-health/mac:02010b41cdec/antenna/tag/e28068940000400386621d4f, 96
1652710611.284725, sdrt-health/mac:02010b41cdec/antenna/tag/e2806894000040038662214f, 81
1652710611.285228, sdrt-health/mac:02010b41cdec/antenna/tag/e2806894000050038661fd4f, 83
1652710611.299191, sdrt-health/mac:02010b41cdec/antenna/tag/e2806894000050038662154f, 85
1652710611.337747, sdrt-health/mac:02010b41cdec/antenna/tag/e2806894000050038661fd4f, 83
1652710611.379087, sdrt-health/mac:02010b41cdec/antenna/tag/e28068940000400386621d4f, 96
1652710611.462753, sdrt-health/mac:02010b41cdec/antenna/tag/e2806894000040038662114f, 88
1652710611.524561, sdrt-health/mac:02010b41cdec/antenna/tag/e2806894000040038661f94f, 83
1652710611.52502, sdrt-health/mac:02010b41cdec/antenna/tag/e2806894000050038662154f, 97
1652710611.540425, sdrt-health/mac:02010b41cdec/antenna/tag/e28068940000400386621d4f, 96
1652710611.540976, sdrt-health/mac:02010b41cdec/antenna/tag/e2806894000050038661fd4f, 83
1652710611.541351, sdrt-health/mac:02010b41cdec/antenna/tag/e2806894000040038662114f, 85
1652710611.566798, sdrt-health/mac:02010b41cdec/antenna/tag/e2806894000050038662154f, 88
1652710611.626496, sdrt-health/mac:02010b41cdec/antenna/tag/e2806894000050038661fd4f, 86
1652710611.702774, sdrt-health/mac:02010b41cdec/antenna/tag/e2806894000050038662014f, 94
1652710611.703006, sdrt-health/mac:02010b41cdec/antenna/tag/e2806894000050038662154f, 88
1652710611.718066, sdrt-health/mac:02010b41cdec/antenna/tag/e2806894000050038661fd4f, 86
1652710611.748859, sdrt-health/mac:02010b41cdec/antenna/tag/e2806894000040038662114f, 88
1652710611.749141, sdrt-health/mac:02010b41cdec/antenna/tag/e2806894000050038662154f, 88
1652710611.749315, sdrt-health/mac:02010b41cdec/antenna/tag/e28068940000400386621d4f, 96
1652710611.780055, sdrt-health/mac:02010b41cdec/antenna/tag/e2806894000050038662154f, 88
1652710611.826938, sdrt-health/mac:02010b41cdec/antenna/tag/e2806894000040038662114f, 88
1652710611.887965, sdrt-health/mac:02010b41cdec/antenna/tag/e2806894000040038662114f, 91
1652710611.88855, sdrt-health/mac:02010b41cdec/antenna/tag/e2806894000050038662154f, 85
1652710611.930759, sdrt-health/mac:02010b41cdec/antenna/tag/e2806894000040038661f94f, 81
1652710611.998565, sdrt-health/mac:02010b41cdec/antenna/tag/e2806894000040038662114f, 85
1652710611.999066, sdrt-health/mac:02010b41cdec/antenna/tag/e28068940000400386621d4f, 96
1652710612.029581, sdrt-health/mac:02010b41cdec/antenna/tag/e2806894000050038662194f, 81
1652710612.068569, sdrt-health/mac:02010b41cdec/antenna/tag/e2806894000050038662194f, 81
1652710612.069148, sdrt-health/mac:02010b41cdec/antenna/tag/e2806894000050038661fd4f, 86
1652710612.109133, sdrt-health/mac:02010b41cdec/antenna/tag/e2806894000050038661fd4f, 83
1652710612.163491, sdrt-health/mac:02010b41cdec/antenna/tag/e2806894000040038662114f, 88
1652710612.164007, sdrt-health/mac:02010b41cdec/antenna/tag/e2806894000050038661fd4f, 83
1652710612.17858, sdrt-health/mac:02010b41cdec/antenna/tag/e28068940000400386621d4f, 96
1652710612.187147, sdrt-health/mac:02010b41cdec/antenna/tag/e2806894000040038662114f, 88
1652710612.198796, sdrt-health/mac:02010b41cdec/antenna/tag/e28068940000400386621d4f, 96
1652710612.199254, sdrt-health/mac:02010b41cdec/antenna/tag/e2806894000050038662154f, 88
1652710612.230526, sdrt-health/mac:02010b41cdec/antenna/tag/e2806894000050038662194f, 88
1652710612.269085, sdrt-health/mac:02010b41cdec/antenna/tag/e28068940000400386621d4f, 90
1652710612.334172, sdrt-health/mac:02010b41cdec/antenna/tag/e2806894000050038662154f, 91
1652710612.392438, sdrt-health/mac:02010b41cdec/antenna/tag/e2806894000050038662154f, 88
1652710612.392923, sdrt-health/mac:02010b41cdec/antenna/tag/e2806894000050038661fd4f, 86
1652710612.427978, sdrt-health/mac:02010b41cdec/antenna/tag/e2806894000040038662114f, 85
1652710612.48344, sdrt-health/mac:02010b41cdec/antenna/tag/e28068940000400386621d4f, 96
1652710612.483899, sdrt-health/mac:02010b41cdec/antenna/tag/e2806894000050038661fd4f, 90
1652710612.497287, sdrt-health/mac:02010b41cdec/antenna/tag/e2806894000050038662154f, 97
1652710612.507047, sdrt-health/mac:02010b41cdec/antenna/tag/e2806894000050038661fd4f, 83
1652710612.513736, sdrt-health/mac:02010b41cdec/antenna/tag/e2806894000050038662154f, 85
1652710612.513985, sdrt-health/mac:02010b41cdec/antenna/tag/e2806894000040038661f94f, 87
1652710612.564601, sdrt-health/mac:02010b41cdec/antenna/tag/e2806894000040038662114f, 85
1652710612.606998, sdrt-health/mac:02010b41cdec/antenna/tag/e2806894000040038662214f, 81
1652710612.670644, sdrt-health/mac:02010b41cdec/antenna/tag/e2806894000040038662214f, 94
1652710612.671202, sdrt-health/mac:02010b41cdec/antenna/tag/e28068940000400386621d4f, 96
1652710612.685159, sdrt-health/mac:02010b41cdec/antenna/tag/e28068940000400386621d4f, 96
1652710612.695854, sdrt-health/mac:02010b41cdec/antenna/tag/e2806894000050038661fd4f, 83
1652710612.749609, sdrt-health/mac:02010b41cdec/antenna/tag/e2806894000040038662114f, 85
1652710612.811267, sdrt-health/mac:02010b41cdec/antenna/tag/e2806894000040038661f94f, 94
1652710612.880086, sdrt-health/mac:02010b41cdec/antenna/tag/e2806894000040038662114f, 88
1652710612.880596, sdrt-health/mac:02010b41cdec/antenna/tag/e2806894000050038661fd4f, 83
1652710612.880937, sdrt-health/mac:02010b41cdec/antenna/tag/e2806894000050038662154f, 93
1652710612.917698, sdrt-health/mac:02010b41cdec/antenna/tag/e2806894000040038662114f, 91
1652710612.91824, sdrt-health/mac:02010b41cdec/antenna/tag/e2806894000050038662154f, 85
1652710612.934757, sdrt-health/mac:02010b41cdec/antenna/tag/e2806894000040038662114f, 85
1652710612.973912, sdrt-health/mac:02010b41cdec/antenna/tag/e2806894000040038662114f, 91
1652710612.974392, sdrt-health/mac:02010b41cdec/antenna/tag/e28068940000400386621d4f, 86
1652710613.017821, sdrt-health/mac:02010b41cdec/antenna/tag/e2806894000050038661fd4f, 83
1652710613.067873, sdrt-health/mac:02010b41cdec/antenna/tag/e2806894000050038661fd4f, 83
1652710613.218615, sdrt-health/mac:02010b41cdec/antenna/tag/e2806894000040038662114f, 85
1652710613.219124, sdrt-health/mac:02010b41cdec/antenna/tag/e2806894000050038661fd4f, 86
1652710613.248724, sdrt-health/mac:02010b41cdec/antenna/tag/e2806894000040038662114f, 91
1652710613.320626, sdrt-health/mac:02010b41cdec/antenna/tag/e2806894000050038661fd4f, 86
1652710613.32112, sdrt-health/mac:02010b41cdec/antenna/tag/e28068940000400386621d4f, 90
1652710613.335124, sdrt-health/mac:02010b41cdec/antenna/tag/e2806894000040038662114f, 97
1652710613.375242, sdrt-health/mac:02010b41cdec/antenna/tag/e2806894000050038662154f, 88
1652710613.375591, sdrt-health/mac:02010b41cdec/antenna/tag/e2806894000050038662194f, 81
1652710613.392046, sdrt-health/mac:02010b41cdec/antenna/tag/e2806894000050038662154f, 85
1652710613.416446, sdrt-health/mac:02010b41cdec/antenna/tag/e2806894000040038662114f, 88
1652710613.452313, sdrt-health/mac:02010b41cdec/antenna/tag/e2806894000040038661f94f, 81
1652710613.452695, sdrt-health/mac:02010b41cdec/antenna/tag/e2806894000050038662154f, 93
1652710613.468793, sdrt-health/mac:02010b41cdec/antenna/tag/e2806894000050038661fd4f, 86
1652710613.469045, sdrt-health/mac:02010b41cdec/antenna/tag/e2806894000050038661fd4f, 86
1652710613.533823, sdrt-health/mac:02010b41cdec/antenna/tag/e28068940000400386621d4f, 96
1652710613.587455, sdrt-health/mac:02010b41cdec/antenna/tag/e2806894000050038662154f, 88
1652710613.641099, sdrt-health/mac:02010b41cdec/antenna/tag/e2806894000040038661f94f, 94
1652710613.641598, sdrt-health/mac:02010b41cdec/antenna/tag/e2806894000040038661f94f, 84
1652710613.641937, sdrt-health/mac:02010b41cdec/antenna/tag/e2806894000050038662154f, 97
1652710613.684629, sdrt-health/mac:02010b41cdec/antenna/tag/e2806894000050038662154f, 88
1652710613.726197, sdrt-health/mac:02010b41cdec/antenna/tag/e2806894000050038661fd4f, 86
1652710613.799349, sdrt-health/mac:02010b41cdec/antenna/tag/e2806894000050038662154f, 88
1652710613.799814, sdrt-health/mac:02010b41cdec/antenna/tag/e28068940000400386621d4f, 90
1652710613.817242, sdrt-health/mac:02010b41cdec/antenna/tag/e2806894000050038662154f, 85
1652710613.817587, sdrt-health/mac:02010b41cdec/antenna/tag/e2806894000050038662154f, 85
1652710613.872052, sdrt-health/mac:02010b41cdec/antenna/tag/e2806894000040038661f94f, 94
1652710613.933205, sdrt-health/mac:02010b41cdec/antenna/tag/e2806894000040038661f94f, 83
1652710613.97928, sdrt-health/mac:02010b41cdec/antenna/tag/e2806894000040038662214f, 81
1652710614.043984, sdrt-health/mac:02010b41cdec/antenna/tag/e2806894000050038662154f, 88
1652710614.044439, sdrt-health/mac:02010b41cdec/antenna/tag/e2806894000050038661fd4f, 86
1652710614.092406, sdrt-health/mac:02010b41cdec/antenna/tag/e2806894000040038661f94f, 81
1652710614.164982, sdrt-health/mac:02010b41cdec/antenna/tag/e28068940000400386621d4f, 96
1652710614.165459, sdrt-health/mac:02010b41cdec/antenna/tag/e2806894000050038662154f, 85
1652710614.184649, sdrt-health/mac:02010b41cdec/antenna/tag/e2806894000040038661f94f, 83
1652710614.184954, sdrt-health/mac:02010b41cdec/antenna/tag/e28068940000400386621d4f, 96
1652710614.185196, sdrt-health/mac:02010b41cdec/antenna/tag/e2806894000040038662114f, 91
1652710614.203657, sdrt-health/mac:02010b41cdec/antenna/tag/e28068940000500386620d4f, 87
1652710614.282107, sdrt-health/mac:02010b41cdec/antenna/tag/e2806894000040038662114f, 88
1652710614.282566, sdrt-health/mac:02010b41cdec/antenna/tag/e2806894000050038661fd4f, 86
1652710614.296746, sdrt-health/mac:02010b41cdec/antenna/tag/e2806894000050038661fd4f, 83
1652710614.356091, sdrt-health/mac:02010b41cdec/antenna/tag/e2806894000050038661fd4f, 83
1652710614.356608, sdrt-health/mac:02010b41cdec/antenna/tag/e2806894000040038661f94f, 81
1652710614.372871, sdrt-health/mac:02010b41cdec/antenna/tag/e2806894000050038662154f, 88
1652710614.4377, sdrt-health/mac:02010b41cdec/antenna/tag/e2806894000050038662194f, 81
1652710614.509038, sdrt-health/mac:02010b41cdec/antenna/tag/e2806894000050038661fd4f, 90
1652710614.547311, sdrt-health/mac:02010b41cdec/antenna/tag/e2806894000050038662154f, 91
1652710614.54759, sdrt-health/mac:02010b41cdec/antenna/tag/e2806894000040038662114f, 97
1652710614.589973, sdrt-health/mac:02010b41cdec/antenna/tag/e28068940000400386621d4f, 90
1652710614.590448, sdrt-health/mac:02010b41cdec/antenna/tag/e2806894000040038662114f, 83
1652710614.628217, sdrt-health/mac:02010b41cdec/antenna/tag/e2806894000050038662154f, 88
1652710614.666456, sdrt-health/mac:02010b41cdec/antenna/tag/e2806894000050038662154f, 88
1652710614.709655, sdrt-health/mac:02010b41cdec/antenna/tag/e2806894000050038662194f, 87
1652710614.762342, sdrt-health/mac:02010b41cdec/antenna/tag/e2806894000050038662154f, 91
1652710614.762782, sdrt-health/mac:02010b41cdec/antenna/tag/e2806894000050038662194f, 87
1652710614.791901, sdrt-health/mac:02010b41cdec/antenna/tag/e2806894000050038662154f, 85
1652710614.792291, sdrt-health/mac:02010b41cdec/antenna/tag/e2806894000040038662114f, 88
1652710614.82823, sdrt-health/mac:02010b41cdec/antenna/tag/e2806894000040038662114f, 88
1652710614.867744, sdrt-health/mac:02010b41cdec/antenna/tag/e28068940000400386621d4f, 96
1652710614.924586, sdrt-health/mac:02010b41cdec/antenna/tag/e2806894000050038662194f, 84
1652710614.925083, sdrt-health/mac:02010b41cdec/antenna/tag/e2806894000040038662114f, 87
1652710614.925423, sdrt-health/mac:02010b41cdec/antenna/tag/e2806894000040038662114f, 85
1652710614.948306, sdrt-health/mac:02010b41cdec/antenna/tag/e28068940000400386621d4f, 90
1652710614.990373, sdrt-health/mac:02010b41cdec/antenna/tag/e28068940000400386621d4f, 77
1652710614.991462, sdrt-health/mac:02010b41cdec/antenna/tag/e2806894000040038662114f, 93
1652710615.007393, sdrt-health/mac:02010b41cdec/antenna/tag/e28068940000400386621d4f, 77
1652710615.044128, sdrt-health/mac:02010b41cdec/antenna/tag/e28068940000400386621d4f, 77
1652710615.12282, sdrt-health/mac:02010b41cdec/antenna/tag/e2806894000050038662154f, 91
1652710615.123323, sdrt-health/mac:02010b41cdec/antenna/tag/e2806894000040038662114f, 85
1652710615.160304, sdrt-health/mac:02010b41cdec/antenna/tag/e2806894000050038662154f, 83
1652710615.190661, sdrt-health/mac:02010b41cdec/antenna/tag/e2806894000040038662114f, 88
1652710615.191, sdrt-health/mac:02010b41cdec/antenna/tag/e2806894000050038662154f, 83
1652710615.207464, sdrt-health/mac:02010b41cdec/antenna/tag/e2806894000040038662114f, 85
1652710615.246691, sdrt-health/mac:02010b41cdec/antenna/tag/e2806894000050038662154f, 91
1652710615.302413, sdrt-health/mac:02010b41cdec/antenna/tag/e2806894000040038662114f, 88
1652710615.333723, sdrt-health/mac:02010b41cdec/antenna/tag/e2806894000050038662154f, 91
1652710615.334064, sdrt-health/mac:02010b41cdec/antenna/tag/e2806894000050038661fd4f, 86
1652710615.348946, sdrt-health/mac:02010b41cdec/antenna/tag/e2806894000040038662114f, 91
1652710615.349275, sdrt-health/mac:02010b41cdec/antenna/tag/e2806894000040038662114f, 88
1652710615.390029, sdrt-health/mac:02010b41cdec/antenna/tag/e2806894000050038662154f, 97
1652710615.426745, sdrt-health/mac:02010b41cdec/antenna/tag/e28068940000400386621d4f, 96
1652710615.480356, sdrt-health/mac:02010b41cdec/antenna/tag/e2806894000050038661fd4f, 83
1652710615.480628, sdrt-health/mac:02010b41cdec/antenna/tag/e2806894000050038661fd4f, 83
1652710615.508227, sdrt-health/mac:02010b41cdec/antenna/tag/e2806894000050038662154f, 97
1652710615.557275, sdrt-health/mac:02010b41cdec/antenna/tag/e2806894000050038661fd4f, 83
1652710615.623012, sdrt-health/mac:02010b41cdec/antenna/tag/e2806894000050038662154f, 97
1652710615.623473, sdrt-health/mac:02010b41cdec/antenna/tag/e2806894000050038661fd4f, 86
1652710615.646935, sdrt-health/mac:02010b41cdec/antenna/tag/e2806894000050038661fd4f, 83
1652710615.653037, sdrt-health/mac:02010b41cdec/antenna/tag/e2806894000040038662114f, 85
1652710615.701349, sdrt-health/mac:02010b41cdec/antenna/tag/e2806894000040038662114f, 85
1652710615.821287, sdrt-health/mac:02010b41cdec/antenna/tag/e2806894000050038662154f, 97
1652710615.821807, sdrt-health/mac:02010b41cdec/antenna/tag/e2806894000050038661fd4f, 83
1652710615.867356, sdrt-health/mac:02010b41cdec/antenna/tag/e2806894000050038662154f, 83
1652710615.907354, sdrt-health/mac:02010b41cdec/antenna/tag/e2806894000050038662154f, 88
1652710615.971963, sdrt-health/mac:02010b41cdec/antenna/tag/e28068940000400386621d4f, 96
1652710615.972439, sdrt-health/mac:02010b41cdec/antenna/tag/e28068940000400386621d4f, 90
1652710615.987833, sdrt-health/mac:02010b41cdec/antenna/tag/e2806894000050038662154f, 88
1652710616.011733, sdrt-health/mac:02010b41cdec/antenna/tag/e28068940000400386621d4f, 90
1652710616.062135, sdrt-health/mac:02010b41cdec/antenna/tag/e2806894000050038662154f, 97
1652710616.154784, sdrt-health/mac:02010b41cdec/antenna/tag/e2806894000050038662154f, 97
1652710616.155261, sdrt-health/mac:02010b41cdec/antenna/tag/e2806894000040038662114f, 93
1652710616.18737, sdrt-health/mac:02010b41cdec/antenna/tag/e2806894000050038661fd4f, 83
1652710616.285911, sdrt-health/mac:02010b41cdec/antenna/tag/e2806894000040038662114f, 85
1652710616.286579, sdrt-health/mac:02010b41cdec/antenna/tag/e28068940000400386621d4f, 96
1652710616.334277, sdrt-health/mac:02010b41cdec/antenna/tag/e2806894000050038662154f, 88
1652710616.369367, sdrt-health/mac:02010b41cdec/antenna/tag/e28068940000400386621d4f, 96
1652710616.370053, sdrt-health/mac:02010b41cdec/antenna/tag/e2806894000040038662114f, 85
1652710616.385544, sdrt-health/mac:02010b41cdec/antenna/tag/e28068940000400386621d4f, 96
1652710616.386014, sdrt-health/mac:02010b41cdec/antenna/tag/e2806894000050038661fd4f, 86
1652710616.429745, sdrt-health/mac:02010b41cdec/antenna/tag/e2806894000040038662114f, 93
1652710616.485216, sdrt-health/mac:02010b41cdec/antenna/tag/e2806894000050038661fd4f, 83
1652710616.485707, sdrt-health/mac:02010b41cdec/antenna/tag/e2806894000040038662114f, 88
1652710616.500848, sdrt-health/mac:02010b41cdec/antenna/tag/e2806894000050038661fd4f, 83
1652710616.533662, sdrt-health/mac:02010b41cdec/antenna/tag/e2806894000050038662154f, 88
1652710616.534132, sdrt-health/mac:02010b41cdec/antenna/tag/e2806894000050038662194f, 87
1652710616.56748, sdrt-health/mac:02010b41cdec/antenna/tag/e2806894000040038662114f, 97
1652710616.621781, sdrt-health/mac:02010b41cdec/antenna/tag/e2806894000050038661fd4f, 86
1652710616.622345, sdrt-health/mac:02010b41cdec/antenna/tag/e2806894000040038662114f, 83
1652710616.635717, sdrt-health/mac:02010b41cdec/antenna/tag/e2806894000040038662114f, 83
1652710616.635963, sdrt-health/mac:02010b41cdec/antenna/tag/e2806894000050038661fd4f, 86
1652710616.65292, sdrt-health/mac:02010b41cdec/antenna/tag/e2806894000050038662154f, 91
1652710616.719133, sdrt-health/mac:02010b41cdec/antenna/tag/e2806894000050038661fd4f, 86
1652710616.719634, sdrt-health/mac:02010b41cdec/antenna/tag/e2806894000050038662154f, 88
1652710616.756094, sdrt-health/mac:02010b41cdec/antenna/tag/e2806894000050038662154f, 88
1652710616.784071, sdrt-health/mac:02010b41cdec/antenna/tag/e2806894000040038662114f, 97
1652710616.784269, sdrt-health/mac:02010b41cdec/antenna/tag/e2806894000040038662114f, 91
1652710616.804344, sdrt-health/mac:02010b41cdec/antenna/tag/e2806894000050038662194f, 83
1652710616.86323, sdrt-health/mac:02010b41cdec/antenna/tag/e2806894000040038662114f, 97
1652710616.863702, sdrt-health/mac:02010b41cdec/antenna/tag/e2806894000040038662114f, 88
1652710616.893051, sdrt-health/mac:02010b41cdec/antenna/tag/e28068940000400386621d4f, 96
1652710616.963158, sdrt-health/mac:02010b41cdec/antenna/tag/e2806894000040038662114f, 88
1652710616.963691, sdrt-health/mac:02010b41cdec/antenna/tag/e2806894000050038662154f, 91
1652710616.996551, sdrt-health/mac:02010b41cdec/antenna/tag/e28068940000400386621d4f, 96
1652710616.997093, sdrt-health/mac:02010b41cdec/antenna/tag/e2806894000040038662114f, 91
1652710617.010474, sdrt-health/mac:02010b41cdec/antenna/tag/e28068940000400386621d4f, 96
1652710617.010702, sdrt-health/mac:02010b41cdec/antenna/tag/e2806894000050038661fd4f, 86
1652710617.044234, sdrt-health/mac:02010b41cdec/antenna/tag/e2806894000050038662154f, 97
1652710617.087424, sdrt-health/mac:02010b41cdec/antenna/tag/e2806894000050038662154f, 91
1652710617.120786, sdrt-health/mac:02010b41cdec/antenna/tag/e28068940000400386621d4f, 96
1652710617.121166, sdrt-health/mac:02010b41cdec/antenna/tag/e28068940000400386621d4f, 96
1652710617.136489, sdrt-health/mac:02010b41cdec/antenna/tag/e2806894000050038661fd4f, 86
1652710617.136762, sdrt-health/mac:02010b41cdec/antenna/tag/e2806894000040038662114f, 88
1652710617.187159, sdrt-health/mac:02010b41cdec/antenna/tag/e2806894000040038662114f, 91
1652710617.249612, sdrt-health/mac:02010b41cdec/antenna/tag/e2806894000050038661fd4f, 86
1652710617.250115, sdrt-health/mac:02010b41cdec/antenna/tag/e28068940000400386621d4f, 96
1652710617.264068, sdrt-health/mac:02010b41cdec/antenna/tag/e2806894000050038661fd4f, 86
1652710617.264494, sdrt-health/mac:02010b41cdec/antenna/tag/e2806894000050038662154f, 88
1652710617.264745, sdrt-health/mac:02010b41cdec/antenna/tag/e2806894000050038661fd4f, 86
1652710617.280475, sdrt-health/mac:02010b41cdec/antenna/tag/e2806894000050038662154f, 91
1652710617.306155, sdrt-health/mac:02010b41cdec/antenna/tag/e2806894000050038662194f, 81
1652710617.386013, sdrt-health/mac:02010b41cdec/antenna/tag/e2806894000050038662154f, 88
1652710617.427517, sdrt-health/mac:02010b41cdec/antenna/tag/e28068940000400386621d4f, 96
1652710617.466221, sdrt-health/mac:02010b41cdec/antenna/tag/e28068940000400386621d4f, 96
1652710617.506591, sdrt-health/mac:02010b41cdec/antenna/tag/e28068940000400386621d4f, 96
1652710617.565772, sdrt-health/mac:02010b41cdec/antenna/tag/e2806894000050038662154f, 91
1652710617.612314, sdrt-health/mac:02010b41cdec/antenna/tag/e28068940000400386621d4f, 96
1652710617.665998, sdrt-health/mac:02010b41cdec/antenna/tag/e2806894000040038662114f, 88
1652710617.739558, sdrt-health/mac:02010b41cdec/antenna/tag/e2806894000050038662194f, 94
1652710617.740028, sdrt-health/mac:02010b41cdec/antenna/tag/e2806894000050038662194f, 110
1652710617.74039, sdrt-health/mac:02010b41cdec/antenna/tag/e28068940000400386621d4f, 77
1652710617.7655, sdrt-health/mac:02010b41cdec/antenna/tag/e2806894000050038662194f, 88
1652710617.821932, sdrt-health/mac:02010b41cdec/antenna/tag/e2806894000050038661fd4f, 83
1652710617.822341, sdrt-health/mac:02010b41cdec/antenna/tag/e2806894000050038662194f, 94
1652710617.84542, sdrt-health/mac:02010b41cdec/antenna/tag/e28068940000400386621d4f, 77
1652710617.854585, sdrt-health/mac:02010b41cdec/antenna/tag/e2806894000040038661f94f, 88
1652710617.864847, sdrt-health/mac:02010b41cdec/antenna/tag/e2806894000040038662214f, 81
1652710617.865072, sdrt-health/mac:02010b41cdec/antenna/tag/e2806894000050038662154f, 85
1652710617.916243, sdrt-health/mac:02010b41cdec/antenna/tag/e2806894000040038662214f, 82
1652710617.971123, sdrt-health/mac:02010b41cdec/antenna/tag/e2806894000050038661fd4f, 83
1652710617.971688, sdrt-health/mac:02010b41cdec/antenna/tag/e2806894000040038661f94f, 94
1652710617.972095, sdrt-health/mac:02010b41cdec/antenna/tag/e2806894000040038662114f, 88
1652710617.985064, sdrt-health/mac:02010b41cdec/antenna/tag/e2806894000050038662154f, 88
1652710618.006014, sdrt-health/mac:02010b41cdec/antenna/tag/e2806894000050038661fd4f, 83
1652710618.066968, sdrt-health/mac:02010b41cdec/antenna/tag/e28068940000400386621d4f, 96
1652710618.067648, sdrt-health/mac:02010b41cdec/antenna/tag/e2806894000050038662154f, 91
1652710618.114474, sdrt-health/mac:02010b41cdec/antenna/tag/e2806894000040038662114f, 88
1652710618.14811, sdrt-health/mac:02010b41cdec/antenna/tag/e2806894000050038661fd4f, 86
1652710618.187748, sdrt-health/mac:02010b41cdec/antenna/tag/e2806894000050038661fd4f, 83
1652710618.251266, sdrt-health/mac:02010b41cdec/antenna/tag/e2806894000050038662154f, 88
1652710618.285481, sdrt-health/mac:02010b41cdec/antenna/tag/e2806894000040038662114f, 91
1652710618.346429, sdrt-health/mac:02010b41cdec/antenna/tag/e2806894000050038662154f, 85
1652710618.346996, sdrt-health/mac:02010b41cdec/antenna/tag/e2806894000040038662114f, 88
1652710618.376689, sdrt-health/mac:02010b41cdec/antenna/tag/e2806894000050038661fd4f, 83
1652710618.452903, sdrt-health/mac:02010b41cdec/antenna/tag/e2806894000050038661fd4f, 83
1652710618.453625, sdrt-health/mac:02010b41cdec/antenna/tag/e2806894000040038662114f, 88
1652710618.471982, sdrt-health/mac:02010b41cdec/antenna/tag/e2806894000050038661fd4f, 83
1652710618.484763, sdrt-health/mac:02010b41cdec/antenna/tag/e2806894000040038662054f, 94
1652710618.526679, sdrt-health/mac:02010b41cdec/antenna/tag/e2806894000050038662194f, 87
1652710618.57175, sdrt-health/mac:02010b41cdec/antenna/tag/e2806894000050038661fd4f, 86
1652710618.572729, sdrt-health/mac:02010b41cdec/antenna/tag/e2806894000050038662194f, 87
1652710618.580938, sdrt-health/mac:02010b41cdec/antenna/tag/e2806894000040038662114f, 91
1652710618.618591, sdrt-health/mac:02010b41cdec/antenna/tag/e2806894000040038662114f, 91
1652710618.689203, sdrt-health/mac:02010b41cdec/antenna/tag/e2806894000050038661fd4f, 83
1652710618.689682, sdrt-health/mac:02010b41cdec/antenna/tag/e28068940000400386621d4f, 96
1652710618.70415, sdrt-health/mac:02010b41cdec/antenna/tag/e2806894000050038661fd4f, 83
1652710618.724083, sdrt-health/mac:02010b41cdec/antenna/tag/e28068940000400386621d4f, 96
1652710618.770979, sdrt-health/mac:02010b41cdec/antenna/tag/e2806894000050038661fd4f, 83
1652710618.771723, sdrt-health/mac:02010b41cdec/antenna/tag/e28068940000400386621d4f, 96
1652710618.785227, sdrt-health/mac:02010b41cdec/antenna/tag/e28068940000400386621d4f, 96
1652710618.785517, sdrt-health/mac:02010b41cdec/antenna/tag/e2806894000050038662194f, 83
1652710618.785737, sdrt-health/mac:02010b41cdec/antenna/tag/e28068940000400386621d4f, 96
1652710618.805701, sdrt-health/mac:02010b41cdec/antenna/tag/e2806894000050038662194f, 93
1652710618.846546, sdrt-health/mac:02010b41cdec/antenna/tag/e2806894000040038662114f, 91
1652710618.893957, sdrt-health/mac:02010b41cdec/antenna/tag/e28068940000400386621d4f, 96
1652710618.961741, sdrt-health/mac:02010b41cdec/antenna/tag/e28068940000400386621d4f, 77
1652710618.962198, sdrt-health/mac:02010b41cdec/antenna/tag/e2806894000040038662114f, 91
1652710618.977009, sdrt-health/mac:02010b41cdec/antenna/tag/e2806894000040038662114f, 91
1652710619.005545, sdrt-health/mac:02010b41cdec/antenna/tag/e2806894000050038662154f, 87
1652710619.005909, sdrt-health/mac:02010b41cdec/antenna/tag/e2806894000040038662214f, 88
1652710619.020539, sdrt-health/mac:02010b41cdec/antenna/tag/e2806894000040038661f94f, 81
1652710619.076881, sdrt-health/mac:02010b41cdec/antenna/tag/e2806894000040038662114f, 88
1652710619.106718, sdrt-health/mac:02010b41cdec/antenna/tag/e2806894000040038661f94f, 84
1652710619.107322, sdrt-health/mac:02010b41cdec/antenna/tag/e28068940000400386621d4f, 96
1652710619.132033, sdrt-health/mac:02010b41cdec/antenna/tag/e28068940000500386620d4f, 88
1652710619.177056, sdrt-health/mac:02010b41cdec/antenna/tag/e2806894000040038662114f, 88
1652710619.234857, sdrt-health/mac:02010b41cdec/antenna/tag/e2806894000050038662154f, 88
1652710619.286053, sdrt-health/mac:02010b41cdec/antenna/tag/e2806894000050038662154f, 85
1652710619.326135, sdrt-health/mac:02010b41cdec/antenna/tag/e2806894000050038662194f, 81
1652710619.353247, sdrt-health/mac:02010b41cdec/antenna/tag/e2806894000050038662194f, 94
1652710619.353607, sdrt-health/mac:02010b41cdec/antenna/tag/e2806894000050038661fd4f, 83
1652710619.372818, sdrt-health/mac:02010b41cdec/antenna/tag/e2806894000040038662114f, 88
1652710619.417045, sdrt-health/mac:02010b41cdec/antenna/tag/e2806894000050038661fd4f, 83
1652710619.44384, sdrt-health/mac:02010b41cdec/antenna/tag/e2806894000040038662114f, 85
1652710619.444038, sdrt-health/mac:02010b41cdec/antenna/tag/e2806894000050038662154f, 88
1652710619.444184, sdrt-health/mac:02010b41cdec/antenna/tag/e2806894000050038661fd4f, 86
1652710619.474569, sdrt-health/mac:02010b41cdec/antenna/tag/e2806894000050038661fd4f, 83
1652710619.506148, sdrt-health/mac:02010b41cdec/antenna/tag/e2806894000050038662194f, 81
1652710619.506453, sdrt-health/mac:02010b41cdec/antenna/tag/e2806894000040038662114f, 91
1652710619.506664, sdrt-health/mac:02010b41cdec/antenna/tag/e2806894000050038662154f, 85
1652710619.524308, sdrt-health/mac:02010b41cdec/antenna/tag/e2806894000050038662154f, 85
1652710619.582891, sdrt-health/mac:02010b41cdec/antenna/tag/e2806894000040038662114f, 88
1652710619.583355, sdrt-health/mac:02010b41cdec/antenna/tag/e2806894000050038662154f, 85
1652710619.596788, sdrt-health/mac:02010b41cdec/antenna/tag/e2806894000040038662114f, 91
1652710619.625939, sdrt-health/mac:02010b41cdec/antenna/tag/e2806894000040038662114f, 91
1652710619.667783, sdrt-health/mac:02010b41cdec/antenna/tag/e28068940000400386621d4f, 96
1652710619.717839, sdrt-health/mac:02010b41cdec/antenna/tag/e2806894000050038662154f, 91
1652710619.781078, sdrt-health/mac:02010b41cdec/antenna/tag/e2806894000040038662114f, 91
1652710619.781628, sdrt-health/mac:02010b41cdec/antenna/tag/e28068940000400386621d4f, 90
1652710619.808514, sdrt-health/mac:02010b41cdec/antenna/tag/e2806894000040038662114f, 91
1652710619.874943, sdrt-health/mac:02010b41cdec/antenna/tag/e2806894000050038661fd4f, 86
1652710619.875389, sdrt-health/mac:02010b41cdec/antenna/tag/e2806894000050038662194f, 83
1652710619.889209, sdrt-health/mac:02010b41cdec/antenna/tag/e2806894000050038662154f, 88
1652710619.932089, sdrt-health/mac:02010b41cdec/antenna/tag/e2806894000050038662194f, 83
1652710619.992384, sdrt-health/mac:02010b41cdec/antenna/tag/e2806894000050038662154f, 85
1652710619.992847, sdrt-health/mac:02010b41cdec/antenna/tag/e2806894000050038662194f, 81
1652710620.007383, sdrt-health/mac:02010b41cdec/antenna/tag/e2806894000050038662154f, 85
1652710620.007847, sdrt-health/mac:02010b41cdec/antenna/tag/e2806894000040038662114f, 88
1652710620.008215, sdrt-health/mac:02010b41cdec/antenna/tag/e2806894000050038661fd4f, 83
1652710620.072232, sdrt-health/mac:02010b41cdec/antenna/tag/e2806894000040038662114f, 91
1652710620.106761, sdrt-health/mac:02010b41cdec/antenna/tag/e2806894000040038662114f, 91
1652710620.135153, sdrt-health/mac:02010b41cdec/antenna/tag/e2806894000040038662114f, 91
1652710620.13535, sdrt-health/mac:02010b41cdec/antenna/tag/e28068940000400386621d4f, 96
1652710620.150032, sdrt-health/mac:02010b41cdec/antenna/tag/e2806894000050038662194f, 81
1652710620.196322, sdrt-health/mac:02010b41cdec/antenna/tag/e2806894000050038662194f, 94
1652710620.267483, sdrt-health/mac:02010b41cdec/antenna/tag/e28068940000400386621d4f, 96
1652710620.268042, sdrt-health/mac:02010b41cdec/antenna/tag/e28068940000400386621d4f, 90
1652710620.305306, sdrt-health/mac:02010b41cdec/antenna/tag/e2806894000050038661fd4f, 86
1652710620.34706, sdrt-health/mac:02010b41cdec/antenna/tag/e2806894000050038661fd4f, 83
1652710620.347483, sdrt-health/mac:02010b41cdec/antenna/tag/e2806894000050038662154f, 85
1652710620.361766, sdrt-health/mac:02010b41cdec/antenna/tag/e2806894000040038662114f, 88
1652710620.404309, sdrt-health/mac:02010b41cdec/antenna/tag/e2806894000050038662154f, 85
1652710620.447538, sdrt-health/mac:02010b41cdec/antenna/tag/e2806894000050038662154f, 85
1652710620.476685, sdrt-health/mac:02010b41cdec/antenna/tag/e2806894000050038662194f, 85
1652710620.476925, sdrt-health/mac:02010b41cdec/antenna/tag/e2806894000040038662114f, 91
1652710620.477455, sdrt-health/mac:02010b41cdec/antenna/tag/e2806894000050038661fd4f, 83
1652710620.493202, sdrt-health/mac:02010b41cdec/antenna/tag/e2806894000040038662114f, 88
1652710620.557494, sdrt-health/mac:02010b41cdec/antenna/tag/e28068940000400386621d4f, 96
1652710620.558063, sdrt-health/mac:02010b41cdec/antenna/tag/e2806894000050038662154f, 85
1652710620.597204, sdrt-health/mac:02010b41cdec/antenna/tag/e2806894000050038662154f, 85
1652710620.626758, sdrt-health/mac:02010b41cdec/antenna/tag/e2806894000050038662194f, 81
1652710620.627136, sdrt-health/mac:02010b41cdec/antenna/tag/e2806894000040038662114f, 88
1652710620.647649, sdrt-health/mac:02010b41cdec/antenna/tag/e2806894000050038662154f, 85
1652710620.676963, sdrt-health/mac:02010b41cdec/antenna/tag/e2806894000050038662154f, 85
1652710620.677168, sdrt-health/mac:02010b41cdec/antenna/tag/e2806894000050038662194f, 83
1652710620.677311, sdrt-health/mac:02010b41cdec/antenna/tag/e2806894000050038662154f, 85
1652710620.693335, sdrt-health/mac:02010b41cdec/antenna/tag/e2806894000050038662154f, 91
1652710620.763457, sdrt-health/mac:02010b41cdec/antenna/tag/e2806894000050038661fd4f, 83
1652710620.76393, sdrt-health/mac:02010b41cdec/antenna/tag/e2806894000050038662154f, 91
1652710620.785809, sdrt-health/mac:02010b41cdec/antenna/tag/e2806894000050038661fd4f, 97
1652710620.786116, sdrt-health/mac:02010b41cdec/antenna/tag/e2806894000040038662114f, 88
1652710620.786531, sdrt-health/mac:02010b41cdec/antenna/tag/e2806894000050038661fd4f, 83
1652710620.81263, sdrt-health/mac:02010b41cdec/antenna/tag/e2806894000050038662154f, 91
1652710620.812859, sdrt-health/mac:02010b41cdec/antenna/tag/e2806894000040038662114f, 91
1652710620.867515, sdrt-health/mac:02010b41cdec/antenna/tag/e2806894000050038661fd4f, 83
1652710620.951042, sdrt-health/mac:02010b41cdec/antenna/tag/e2806894000040038662114f, 88
1652710620.95154, sdrt-health/mac:02010b41cdec/antenna/tag/e2806894000050038661fd4f, 86
1652710620.988248, sdrt-health/mac:02010b41cdec/antenna/tag/e2806894000050038661fd4f, 86
1652710620.988653, sdrt-health/mac:02010b41cdec/antenna/tag/e28068940000400386621d4f, 96
1652710621.002152, sdrt-health/mac:02010b41cdec/antenna/tag/e2806894000040038662114f, 88
1652710621.00254, sdrt-health/mac:02010b41cdec/antenna/tag/e2806894000050038662154f, 91
1652710621.029664, sdrt-health/mac:02010b41cdec/antenna/tag/e2806894000040038662114f, 88
1652710621.093259, sdrt-health/mac:02010b41cdec/antenna/tag/e2806894000050038662154f, 91
1652710621.093733, sdrt-health/mac:02010b41cdec/antenna/tag/e2806894000040038662114f, 91
1652710621.094117, sdrt-health/mac:02010b41cdec/antenna/tag/e2806894000050038662154f, 88
1652710621.107753, sdrt-health/mac:02010b41cdec/antenna/tag/e2806894000040038662114f, 83
1652710621.125957, sdrt-health/mac:02010b41cdec/antenna/tag/e2806894000050038661fd4f, 83
1652710621.175441, sdrt-health/mac:02010b41cdec/antenna/tag/e2806894000050038662194f, 94
1652710621.175985, sdrt-health/mac:02010b41cdec/antenna/tag/e2806894000040038662114f, 97
1652710621.189766, sdrt-health/mac:02010b41cdec/antenna/tag/e2806894000050038662194f, 94
1652710621.227121, sdrt-health/mac:02010b41cdec/antenna/tag/e2806894000040038662114f, 97
1652710621.227441, sdrt-health/mac:02010b41cdec/antenna/tag/e2806894000040038662114f, 91
1652710621.265455, sdrt-health/mac:02010b41cdec/antenna/tag/e28068940000400386621d4f, 90
1652710621.296263, sdrt-health/mac:02010b41cdec/antenna/tag/e2806894000050038661fd4f, 86
1652710621.29658, sdrt-health/mac:02010b41cdec/antenna/tag/e2806894000050038662194f, 83
1652710621.315771, sdrt-health/mac:02010b41cdec/antenna/tag/e2806894000050038662194f, 87
1652710621.380246, sdrt-health/mac:02010b41cdec/antenna/tag/e28068940000400386621d4f, 96
1652710621.380597, sdrt-health/mac:02010b41cdec/antenna/tag/e28068940000400386621d4f, 96
1652710621.396346, sdrt-health/mac:02010b41cdec/antenna/tag/e2806894000040038662114f, 88
1652710621.405751, sdrt-health/mac:02010b41cdec/antenna/tag/e2806894000050038662154f, 88
1652710621.467046, sdrt-health/mac:02010b41cdec/antenna/tag/e2806894000040038662114f, 88
1652710621.508865, sdrt-health/mac:02010b41cdec/antenna/tag/e2806894000050038661fd4f, 83
1652710621.537203, sdrt-health/mac:02010b41cdec/antenna/tag/e2806894000050038662154f, 85
1652710621.537553, sdrt-health/mac:02010b41cdec/antenna/tag/e2806894000050038662194f, 81
1652710621.537866, sdrt-health/mac:02010b41cdec/antenna/tag/e28068940000400386621d4f, 96
1652710621.554103, sdrt-health/mac:02010b41cdec/antenna/tag/e2806894000050038661fd4f, 83
1652710621.655311, sdrt-health/mac:02010b41cdec/antenna/tag/e2806894000040038662114f, 85
1652710621.730413, sdrt-health/mac:02010b41cdec/antenna/tag/e2806894000040038662114f, 88
1652710621.797206, sdrt-health/mac:02010b41cdec/antenna/tag/e28068940000400386621d4f, 90
1652710621.797809, sdrt-health/mac:02010b41cdec/antenna/tag/e2806894000040038662114f, 91
1652710621.819965, sdrt-health/mac:02010b41cdec/antenna/tag/e2806894000050038662154f, 88
1652710621.866846, sdrt-health/mac:02010b41cdec/antenna/tag/e2806894000050038662154f, 91
1652710621.931219, sdrt-health/mac:02010b41cdec/antenna/tag/e28068940000400386621d4f, 96
1652710621.931735, sdrt-health/mac:02010b41cdec/antenna/tag/e2806894000050038662154f, 88
1652710621.946876, sdrt-health/mac:02010b41cdec/antenna/tag/e28068940000400386621d4f, 96
1652710621.976496, sdrt-health/mac:02010b41cdec/antenna/tag/e2806894000050038661fd4f, 83
1652710621.976881, sdrt-health/mac:02010b41cdec/antenna/tag/e2806894000040038662114f, 88
1652710621.977103, sdrt-health/mac:02010b41cdec/antenna/tag/e2806894000050038661fd4f, 97
1652710622.009651, sdrt-health/mac:02010b41cdec/antenna/tag/e2806894000050038661fd4f, 86
1652710622.01007, sdrt-health/mac:02010b41cdec/antenna/tag/e2806894000040038662114f, 91
1652710622.024319, sdrt-health/mac:02010b41cdec/antenna/tag/e2806894000050038662154f, 91
1652710622.055212, sdrt-health/mac:02010b41cdec/antenna/tag/e28068940000400386621d4f, 96
1652710622.085174, sdrt-health/mac:02010b41cdec/antenna/tag/e2806894000050038661fd4f, 86
1652710622.085378, sdrt-health/mac:02010b41cdec/antenna/tag/e2806894000050038662154f, 88
1652710622.107395, sdrt-health/mac:02010b41cdec/antenna/tag/e2806894000040038662114f, 88
1652710622.184943, sdrt-health/mac:02010b41cdec/antenna/tag/e28068940000400386621d4f, 96
1652710622.185401, sdrt-health/mac:02010b41cdec/antenna/tag/e2806894000050038662154f, 88
1652710622.200488, sdrt-health/mac:02010b41cdec/antenna/tag/e2806894000050038661fd4f, 86
1652710622.216695, sdrt-health/mac:02010b41cdec/antenna/tag/e2806894000040038662114f, 88
1652710622.290426, sdrt-health/mac:02010b41cdec/antenna/tag/e28068940000400386621d4f, 96
1652710622.290891, sdrt-health/mac:02010b41cdec/antenna/tag/e2806894000040038662114f, 88
1652710622.307943, sdrt-health/mac:02010b41cdec/antenna/tag/e2806894000050038661fd4f, 83
1652710622.326077, sdrt-health/mac:02010b41cdec/antenna/tag/e28068940000400386621d4f, 90
1652710622.354185, sdrt-health/mac:02010b41cdec/antenna/tag/e2806894000040038662114f, 91
1652710622.354551, sdrt-health/mac:02010b41cdec/antenna/tag/e2806894000050038662154f, 88
1652710622.354778, sdrt-health/mac:02010b41cdec/antenna/tag/e2806894000040038662114f, 88
1652710622.439299, sdrt-health/mac:02010b41cdec/antenna/tag/e2806894000040038662114f, 88
1652710622.501693, sdrt-health/mac:02010b41cdec/antenna/tag/e2806894000040038662114f, 88
1652710622.54692, sdrt-health/mac:02010b41cdec/antenna/tag/e2806894000050038662154f, 88
1652710622.601885, sdrt-health/mac:02010b41cdec/antenna/tag/e2806894000050038662154f, 88
1652710622.602347, sdrt-health/mac:02010b41cdec/antenna/tag/e2806894000040038662114f, 91
1652710622.615981, sdrt-health/mac:02010b41cdec/antenna/tag/e2806894000050038661fd4f, 86
1652710622.625568, sdrt-health/mac:02010b41cdec/antenna/tag/e28068940000400386621d4f, 90
1652710622.675386, sdrt-health/mac:02010b41cdec/antenna/tag/e2806894000050038661fd4f, 86
1652710622.757711, sdrt-health/mac:02010b41cdec/antenna/tag/e2806894000050038662154f, 85
1652710622.758234, sdrt-health/mac:02010b41cdec/antenna/tag/e2806894000040038662114f, 91
1652710622.771996, sdrt-health/mac:02010b41cdec/antenna/tag/e2806894000050038662154f, 85
1652710622.806484, sdrt-health/mac:02010b41cdec/antenna/tag/e2806894000050038662154f, 88
1652710622.806834, sdrt-health/mac:02010b41cdec/antenna/tag/e2806894000050038662154f, 88
1652710622.807117, sdrt-health/mac:02010b41cdec/antenna/tag/e2806894000050038662154f, 88
1652710622.826101, sdrt-health/mac:02010b41cdec/antenna/tag/e2806894000040038662114f, 91
1652710622.892641, sdrt-health/mac:02010b41cdec/antenna/tag/e28068940000400386621d4f, 96
1652710622.937634, sdrt-health/mac:02010b41cdec/antenna/tag/e28068940000400386621d4f, 77
1652710623.011357, sdrt-health/mac:02010b41cdec/antenna/tag/e2806894000040038661f94f, 88
1652710623.01191, sdrt-health/mac:02010b41cdec/antenna/tag/e2806894000040038661f94f, 94
1652710623.02579, sdrt-health/mac:02010b41cdec/antenna/tag/e28068940000400386621d4f, 77
1652710623.04605, sdrt-health/mac:02010b41cdec/antenna/tag/e2806894000050038662194f, 81
1652710623.267802, sdrt-health/mac:02010b41cdec/antenna/tag/scan, scan stopped
