1652710059.53523, sdrt-health/mac:02010b41cdec/antenna/power/set, {"power": 290}
1652710060.61882, sdrt-health/mac:02010b41cdec/antenna/power/set, 
1652710064.559852, sdrt-health/mac:02010b41cdec/antenna/tag/scan, {"time": 20000}
1652710064.98205, sdrt-health/mac:02010b41cdec/antenna/tag/e2806894000040038662114f, 88
1652710065.032263, sdrt-health/mac:02010b41cdec/antenna/tag/e2806894000050038662154f, 88
1652710065.05998, sdrt-health/mac:02010b41cdec/antenna/tag/e2806894000050038661fd4f, 86
1652710065.060258, sdrt-health/mac:02010b41cdec/antenna/tag/e2806894000050038661fd4f, 83
1652710065.06042, sdrt-health/mac:02010b41cdec/antenna/tag/e2806894000040038662114f, 91
1652710065.07608, sdrt-health/mac:02010b41cdec/antenna/tag/e28068940000400386621d4f, 96
1652710065.160163, sdrt-health/mac:02010b41cdec/antenna/tag/e2806894000050038662194f, 83
1652710065.160544, sdrt-health/mac:02010b41cdec/antenna/tag/e2806894000050038662194f, 81
1652710065.173614, sdrt-health/mac:02010b41cdec/antenna/tag/e2806894000050038661fd4f, 86
1652710065.174058, sdrt-health/mac:02010b41cdec/antenna/tag/e2806894000050038662154f, 88
1652710065.18884, sdrt-health/mac:02010b41cdec/antenna/tag/e2806894000050038661fd4f, 86
1652710065.232507, sdrt-health/mac:02010b41cdec/antenna/tag/e2806894000050038661fd4f, 86
1652710065.301236, sdrt-health/mac:02010b41cdec/antenna/tag/e2806894000050038662154f, 85
1652710065.301469, sdrt-health/mac:02010b41cdec/antenna/tag/e2806894000050038661fd4f, 83
1652710065.346986, sdrt-health/mac:02010b41cdec/antenna/tag/e28068940000400386621d4f, 90
1652710065.404776, sdrt-health/mac:02010b41cdec/antenna/tag/e2806894000050038661fd4f, 86
1652710065.405052, sdrt-health/mac:02010b41cdec/antenna/tag/e2806894000050038662154f, 88
1652710065.471365, sdrt-health/mac:02010b41cdec/antenna/tag/e2806894000050038662194f, 82
1652710065.526999, sdrt-health/mac:02010b41cdec/antenna/tag/e2806894000050038662154f, 85
1652710065.527474, sdrt-health/mac:02010b41cdec/antenna/tag/e2806894000040038662114f, 91
1652710065.540697, sdrt-health/mac:02010b41cdec/antenna/tag/e28068940000400386621d4f, 90
1652710065.540899, sdrt-health/mac:02010b41cdec/antenna/tag/e2806894000050038661fd4f, 86
1652710065.577399, sdrt-health/mac:02010b41cdec/antenna/tag/e2806894000050038661fd4f, 86
1652710065.608491, sdrt-health/mac:02010b41cdec/antenna/tag/e28068940000400386621d4f, 77
1652710065.608889, sdrt-health/mac:02010b41cdec/antenna/tag/e2806894000050038662194f, 83
1652710065.609199, sdrt-health/mac:02010b41cdec/antenna/tag/e28068940000400386621d4f, 77
1652710065.644478, sdrt-health/mac:02010b41cdec/antenna/tag/e2806894000040038662114f, 88
1652710065.734525, sdrt-health/mac:02010b41cdec/antenna/tag/e2806894000050038661fd4f, 86
1652710065.734833, sdrt-health/mac:02010b41cdec/antenna/tag/e2806894000050038662154f, 88
1652710065.771911, sdrt-health/mac:02010b41cdec/antenna/tag/e2806894000050038661fd4f, 83
1652710065.772221, sdrt-health/mac:02010b41cdec/antenna/tag/e28068940000400386621d4f, 90
1652710065.823136, sdrt-health/mac:02010b41cdec/antenna/tag/e2806894000050038661fd4f, 86
1652710065.872653, sdrt-health/mac:02010b41cdec/antenna/tag/e28068940000400386621d4f, 90
1652710065.941055, sdrt-health/mac:02010b41cdec/antenna/tag/e2806894000040038662054f, 94
1652710065.941443, sdrt-health/mac:02010b41cdec/antenna/tag/e2806894000050038662154f, 85
1652710065.969138, sdrt-health/mac:02010b41cdec/antenna/tag/e2806894000040038662114f, 91
1652710065.969534, sdrt-health/mac:02010b41cdec/antenna/tag/e2806894000050038662154f, 88
1652710066.012987, sdrt-health/mac:02010b41cdec/antenna/tag/e2806894000050038662154f, 85
1652710066.044635, sdrt-health/mac:02010b41cdec/antenna/tag/e28068940000400386621d4f, 96
1652710066.045086, sdrt-health/mac:02010b41cdec/antenna/tag/e2806894000050038662194f, 88
1652710066.058536, sdrt-health/mac:02010b41cdec/antenna/tag/e2806894000050038661fd4f, 83
1652710066.05901, sdrt-health/mac:02010b41cdec/antenna/tag/e2806894000040038662114f, 91
1652710066.059345, sdrt-health/mac:02010b41cdec/antenna/tag/e2806894000050038661fd4f, 83
1652710066.119071, sdrt-health/mac:02010b41cdec/antenna/tag/e2806894000050038661fd4f, 83
1652710066.167005, sdrt-health/mac:02010b41cdec/antenna/tag/e2806894000050038661fd4f, 83
1652710066.254274, sdrt-health/mac:02010b41cdec/antenna/tag/e28068940000400386621d4f, 77
1652710066.309543, sdrt-health/mac:02010b41cdec/antenna/tag/e2806894000040038662114f, 91
1652710066.365923, sdrt-health/mac:02010b41cdec/antenna/tag/e2806894000040038662114f, 91
1652710066.366326, sdrt-health/mac:02010b41cdec/antenna/tag/e28068940000400386621d4f, 96
1652710066.366629, sdrt-health/mac:02010b41cdec/antenna/tag/e2806894000040038662114f, 88
1652710066.41432, sdrt-health/mac:02010b41cdec/antenna/tag/e2806894000050038661fd4f, 83
1652710066.466384, sdrt-health/mac:02010b41cdec/antenna/tag/e28068940000400386621d4f, 96
1652710066.535327, sdrt-health/mac:02010b41cdec/antenna/tag/e28068940000400386621d4f, 96
1652710066.535859, sdrt-health/mac:02010b41cdec/antenna/tag/e2806894000050038662194f, 81
1652710066.553343, sdrt-health/mac:02010b41cdec/antenna/tag/e2806894000040038662114f, 91
1652710066.553766, sdrt-health/mac:02010b41cdec/antenna/tag/e2806894000050038662154f, 88
1652710066.61692, sdrt-health/mac:02010b41cdec/antenna/tag/e2806894000050038662154f, 85
1652710066.723079, sdrt-health/mac:02010b41cdec/antenna/tag/e2806894000050038662194f, 81
1652710066.723477, sdrt-health/mac:02010b41cdec/antenna/tag/e2806894000050038662154f, 91
1652710066.737005, sdrt-health/mac:02010b41cdec/antenna/tag/e28068940000400386621d4f, 96
1652710066.737401, sdrt-health/mac:02010b41cdec/antenna/tag/e2806894000050038661fd4f, 86
1652710066.7377, sdrt-health/mac:02010b41cdec/antenna/tag/e2806894000050038662154f, 91
1652710066.764348, sdrt-health/mac:02010b41cdec/antenna/tag/e28068940000400386621d4f, 90
1652710066.837581, sdrt-health/mac:02010b41cdec/antenna/tag/e2806894000050038662154f, 88
1652710066.838009, sdrt-health/mac:02010b41cdec/antenna/tag/e28068940000400386621d4f, 90
1652710066.838314, sdrt-health/mac:02010b41cdec/antenna/tag/e2806894000050038662154f, 88
1652710066.838591, sdrt-health/mac:02010b41cdec/antenna/tag/e28068940000400386621d4f, 96
1652710066.838825, sdrt-health/mac:02010b41cdec/antenna/tag/e2806894000050038662154f, 88
1652710066.923935, sdrt-health/mac:02010b41cdec/antenna/tag/e28068940000400386621d4f, 90
1652710066.924328, sdrt-health/mac:02010b41cdec/antenna/tag/e2806894000040038662114f, 91
1652710067.003332, sdrt-health/mac:02010b41cdec/antenna/tag/e2806894000050038662194f, 83
1652710067.003536, sdrt-health/mac:02010b41cdec/antenna/tag/e2806894000050038662194f, 94
1652710067.017821, sdrt-health/mac:02010b41cdec/antenna/tag/e28068940000400386621d4f, 96
1652710067.144714, sdrt-health/mac:02010b41cdec/antenna/tag/e2806894000050038661fd4f, 83
1652710067.145158, sdrt-health/mac:02010b41cdec/antenna/tag/e2806894000050038661fd4f, 86
1652710067.179949, sdrt-health/mac:02010b41cdec/antenna/tag/e2806894000040038662114f, 88
1652710067.180321, sdrt-health/mac:02010b41cdec/antenna/tag/e2806894000050038662154f, 88
1652710067.195706, sdrt-health/mac:02010b41cdec/antenna/tag/e2806894000040038662114f, 88
1652710067.19613, sdrt-health/mac:02010b41cdec/antenna/tag/e2806894000050038661fd4f, 86
1652710067.23093, sdrt-health/mac:02010b41cdec/antenna/tag/e2806894000040038662114f, 88
1652710067.300395, sdrt-health/mac:02010b41cdec/antenna/tag/e2806894000050038662194f, 94
1652710067.300819, sdrt-health/mac:02010b41cdec/antenna/tag/e28068940000400386621d4f, 96
1652710067.3439, sdrt-health/mac:02010b41cdec/antenna/tag/e2806894000050038661fd4f, 83
1652710067.374373, sdrt-health/mac:02010b41cdec/antenna/tag/e2806894000050038661fd4f, 86
1652710067.374801, sdrt-health/mac:02010b41cdec/antenna/tag/e2806894000040038662114f, 88
1652710067.375062, sdrt-health/mac:02010b41cdec/antenna/tag/e2806894000050038661fd4f, 86
1652710067.400517, sdrt-health/mac:02010b41cdec/antenna/tag/e2806894000050038661fd4f, 86
1652710067.466365, sdrt-health/mac:02010b41cdec/antenna/tag/e2806894000040038662114f, 88
1652710067.466779, sdrt-health/mac:02010b41cdec/antenna/tag/e28068940000400386621d4f, 96
1652710067.484781, sdrt-health/mac:02010b41cdec/antenna/tag/e2806894000050038662154f, 85
1652710067.499026, sdrt-health/mac:02010b41cdec/antenna/tag/e2806894000050038662194f, 81
1652710067.549695, sdrt-health/mac:02010b41cdec/antenna/tag/e2806894000040038662114f, 88
1652710067.589911, sdrt-health/mac:02010b41cdec/antenna/tag/e28068940000400386621d4f, 90
1652710067.658233, sdrt-health/mac:02010b41cdec/antenna/tag/e2806894000050038662154f, 91
1652710067.658626, sdrt-health/mac:02010b41cdec/antenna/tag/e28068940000400386621d4f, 96
1652710067.658887, sdrt-health/mac:02010b41cdec/antenna/tag/e28068940000400386621d4f, 96
1652710067.708966, sdrt-health/mac:02010b41cdec/antenna/tag/e2806894000050038661fd4f, 86
1652710067.80532, sdrt-health/mac:02010b41cdec/antenna/tag/e2806894000040038662114f, 85
1652710067.836085, sdrt-health/mac:02010b41cdec/antenna/tag/e28068940000400386621d4f, 96
1652710067.836525, sdrt-health/mac:02010b41cdec/antenna/tag/e2806894000050038662154f, 91
1652710067.85478, sdrt-health/mac:02010b41cdec/antenna/tag/e2806894000050038661fd4f, 83
1652710067.930004, sdrt-health/mac:02010b41cdec/antenna/tag/e2806894000050038661fd4f, 86
1652710068.006268, sdrt-health/mac:02010b41cdec/antenna/tag/e2806894000050038661fd4f, 86
1652710068.006653, sdrt-health/mac:02010b41cdec/antenna/tag/e28068940000400386621d4f, 90
1652710068.019382, sdrt-health/mac:02010b41cdec/antenna/tag/e28068940000400386621d4f, 96
1652710068.046625, sdrt-health/mac:02010b41cdec/antenna/tag/e2806894000050038662154f, 85
1652710068.10289, sdrt-health/mac:02010b41cdec/antenna/tag/e2806894000040038662214f, 88
1652710068.103245, sdrt-health/mac:02010b41cdec/antenna/tag/e2806894000050038662194f, 81
1652710068.1174, sdrt-health/mac:02010b41cdec/antenna/tag/e2806894000040038662114f, 85
1652710068.182062, sdrt-health/mac:02010b41cdec/antenna/tag/e28068940000400386621d4f, 96
1652710068.219883, sdrt-health/mac:02010b41cdec/antenna/tag/e2806894000050038662154f, 88
1652710068.24841, sdrt-health/mac:02010b41cdec/antenna/tag/e2806894000050038661fd4f, 83
1652710068.248826, sdrt-health/mac:02010b41cdec/antenna/tag/e2806894000050038661fd4f, 83
1652710068.249109, sdrt-health/mac:02010b41cdec/antenna/tag/e2806894000050038662154f, 85
1652710068.249371, sdrt-health/mac:02010b41cdec/antenna/tag/e28068940000400386621d4f, 90
1652710068.292555, sdrt-health/mac:02010b41cdec/antenna/tag/e28068940000400386621d4f, 96
1652710068.35207, sdrt-health/mac:02010b41cdec/antenna/tag/e2806894000050038661fd4f, 86
1652710068.383577, sdrt-health/mac:02010b41cdec/antenna/tag/e2806894000040038662114f, 88
1652710068.384014, sdrt-health/mac:02010b41cdec/antenna/tag/e2806894000050038662154f, 85
1652710068.384297, sdrt-health/mac:02010b41cdec/antenna/tag/e2806894000050038661fd4f, 86
1652710068.401353, sdrt-health/mac:02010b41cdec/antenna/tag/e2806894000050038662154f, 88
1652710068.424529, sdrt-health/mac:02010b41cdec/antenna/tag/e28068940000400386621d4f, 90
1652710068.473113, sdrt-health/mac:02010b41cdec/antenna/tag/e2806894000050038661fd4f, 83
1652710068.528361, sdrt-health/mac:02010b41cdec/antenna/tag/e2806894000040038662114f, 88
1652710068.528713, sdrt-health/mac:02010b41cdec/antenna/tag/e2806894000040038662114f, 88
1652710068.543744, sdrt-health/mac:02010b41cdec/antenna/tag/e2806894000050038661fd4f, 86
1652710068.567056, sdrt-health/mac:02010b41cdec/antenna/tag/e2806894000040038662214f, 94
1652710068.607629, sdrt-health/mac:02010b41cdec/antenna/tag/e2806894000050038662154f, 85
1652710068.665, sdrt-health/mac:02010b41cdec/antenna/tag/e2806894000050038662154f, 88
1652710068.710418, sdrt-health/mac:02010b41cdec/antenna/tag/e2806894000040038662114f, 91
1652710068.757426, sdrt-health/mac:02010b41cdec/antenna/tag/e28068940000400386621d4f, 77
1652710068.834088, sdrt-health/mac:02010b41cdec/antenna/tag/e2806894000050038662194f, 83
1652710068.834441, sdrt-health/mac:02010b41cdec/antenna/tag/e2806894000040038662114f, 88
1652710068.871046, sdrt-health/mac:02010b41cdec/antenna/tag/e2806894000040038662114f, 88
1652710068.900609, sdrt-health/mac:02010b41cdec/antenna/tag/e28068940000400386621d4f, 96
1652710068.901042, sdrt-health/mac:02010b41cdec/antenna/tag/e28068940000400386621d4f, 96
1652710068.901326, sdrt-health/mac:02010b41cdec/antenna/tag/e2806894000050038662194f, 83
1652710068.916132, sdrt-health/mac:02010b41cdec/antenna/tag/e2806894000050038662194f, 87
1652710068.953357, sdrt-health/mac:02010b41cdec/antenna/tag/e2806894000040038662114f, 88
1652710068.988979, sdrt-health/mac:02010b41cdec/antenna/tag/e2806894000050038662194f, 81
1652710068.989284, sdrt-health/mac:02010b41cdec/antenna/tag/e2806894000040038662214f, 82
1652710069.008615, sdrt-health/mac:02010b41cdec/antenna/tag/e2806894000050038662194f, 81
1652710069.074512, sdrt-health/mac:02010b41cdec/antenna/tag/e2806894000050038661fd4f, 83
1652710069.074933, sdrt-health/mac:02010b41cdec/antenna/tag/e2806894000050038661fd4f, 83
1652710069.075184, sdrt-health/mac:02010b41cdec/antenna/tag/e2806894000050038662154f, 85
1652710069.075459, sdrt-health/mac:02010b41cdec/antenna/tag/e2806894000050038662194f, 83
1652710069.109046, sdrt-health/mac:02010b41cdec/antenna/tag/e2806894000040038662114f, 88
1652710069.162681, sdrt-health/mac:02010b41cdec/antenna/tag/e2806894000050038662194f, 87
1652710069.163108, sdrt-health/mac:02010b41cdec/antenna/tag/e2806894000050038662154f, 91
1652710069.238374, sdrt-health/mac:02010b41cdec/antenna/tag/e2806894000050038661fd4f, 86
1652710069.287895, sdrt-health/mac:02010b41cdec/antenna/tag/e2806894000040038662114f, 88
1652710069.318086, sdrt-health/mac:02010b41cdec/antenna/tag/e2806894000050038662154f, 88
1652710069.318465, sdrt-health/mac:02010b41cdec/antenna/tag/e28068940000400386621d4f, 96
1652710069.346263, sdrt-health/mac:02010b41cdec/antenna/tag/e2806894000040038662114f, 91
1652710069.415824, sdrt-health/mac:02010b41cdec/antenna/tag/e2806894000050038661fd4f, 86
1652710069.416215, sdrt-health/mac:02010b41cdec/antenna/tag/e28068940000400386621d4f, 96
1652710069.429763, sdrt-health/mac:02010b41cdec/antenna/tag/e2806894000050038662154f, 91
1652710069.43, sdrt-health/mac:02010b41cdec/antenna/tag/e2806894000050038661fd4f, 86
1652710069.46286, sdrt-health/mac:02010b41cdec/antenna/tag/e2806894000050038662154f, 88
1652710069.55101, sdrt-health/mac:02010b41cdec/antenna/tag/e2806894000050038662154f, 85
1652710069.62508, sdrt-health/mac:02010b41cdec/antenna/tag/e2806894000040038662114f, 91
1652710069.62551, sdrt-health/mac:02010b41cdec/antenna/tag/e2806894000050038661fd4f, 83
1652710069.63868, sdrt-health/mac:02010b41cdec/antenna/tag/e2806894000040038662114f, 91
1652710069.639095, sdrt-health/mac:02010b41cdec/antenna/tag/e2806894000040038662114f, 91
1652710069.639406, sdrt-health/mac:02010b41cdec/antenna/tag/e2806894000050038661fd4f, 86
1652710069.688897, sdrt-health/mac:02010b41cdec/antenna/tag/e2806894000040038662114f, 91
1652710069.721933, sdrt-health/mac:02010b41cdec/antenna/tag/e28068940000400386621d4f, 96
1652710069.722364, sdrt-health/mac:02010b41cdec/antenna/tag/e2806894000050038661fd4f, 86
1652710069.72268, sdrt-health/mac:02010b41cdec/antenna/tag/e28068940000400386621d4f, 96
1652710069.744863, sdrt-health/mac:02010b41cdec/antenna/tag/e28068940000400386621d4f, 96
1652710069.773021, sdrt-health/mac:02010b41cdec/antenna/tag/e2806894000040038662114f, 91
1652710069.773247, sdrt-health/mac:02010b41cdec/antenna/tag/e28068940000400386621d4f, 90
1652710069.773384, sdrt-health/mac:02010b41cdec/antenna/tag/e2806894000040038662114f, 91
1652710069.822211, sdrt-health/mac:02010b41cdec/antenna/tag/e2806894000040038662114f, 88
1652710069.853493, sdrt-health/mac:02010b41cdec/antenna/tag/e2806894000040038662114f, 91
1652710069.853938, sdrt-health/mac:02010b41cdec/antenna/tag/e2806894000050038662154f, 88
1652710069.854286, sdrt-health/mac:02010b41cdec/antenna/tag/e28068940000400386621d4f, 90
1652710069.882366, sdrt-health/mac:02010b41cdec/antenna/tag/e28068940000400386621d4f, 77
1652710069.981093, sdrt-health/mac:02010b41cdec/antenna/tag/e2806894000040038662114f, 88
1652710069.981469, sdrt-health/mac:02010b41cdec/antenna/tag/e2806894000050038662194f, 81
1652710069.996223, sdrt-health/mac:02010b41cdec/antenna/tag/e2806894000050038662194f, 81
1652710069.996716, sdrt-health/mac:02010b41cdec/antenna/tag/e2806894000050038662154f, 88
1652710070.025379, sdrt-health/mac:02010b41cdec/antenna/tag/e2806894000050038661fd4f, 83
1652710070.081021, sdrt-health/mac:02010b41cdec/antenna/tag/e2806894000050038662154f, 88
1652710070.081449, sdrt-health/mac:02010b41cdec/antenna/tag/e2806894000050038661fd4f, 86
1652710070.101572, sdrt-health/mac:02010b41cdec/antenna/tag/e2806894000050038662194f, 83
1652710070.10206, sdrt-health/mac:02010b41cdec/antenna/tag/e2806894000040038662114f, 88
1652710070.124036, sdrt-health/mac:02010b41cdec/antenna/tag/e2806894000040038662114f, 88
1652710070.226009, sdrt-health/mac:02010b41cdec/antenna/tag/e2806894000050038662194f, 83
1652710070.226448, sdrt-health/mac:02010b41cdec/antenna/tag/e2806894000050038661fd4f, 83
1652710070.240689, sdrt-health/mac:02010b41cdec/antenna/tag/e28068940000400386621d4f, 96
1652710070.244734, sdrt-health/mac:02010b41cdec/antenna/tag/e2806894000050038662194f, 94
1652710070.255611, sdrt-health/mac:02010b41cdec/antenna/tag/e2806894000050038662194f, 88
1652710070.255835, sdrt-health/mac:02010b41cdec/antenna/tag/e2806894000050038661fd4f, 86
1652710070.299133, sdrt-health/mac:02010b41cdec/antenna/tag/e2806894000050038661fd4f, 86
1652710070.371158, sdrt-health/mac:02010b41cdec/antenna/tag/e28068940000400386621d4f, 96
1652710070.37157, sdrt-health/mac:02010b41cdec/antenna/tag/e2806894000050038662154f, 91
1652710070.384756, sdrt-health/mac:02010b41cdec/antenna/tag/e2806894000040038662114f, 88
1652710070.384982, sdrt-health/mac:02010b41cdec/antenna/tag/e2806894000050038661fd4f, 86
1652710070.385086, sdrt-health/mac:02010b41cdec/antenna/tag/e28068940000400386621d4f, 96
1652710070.456254, sdrt-health/mac:02010b41cdec/antenna/tag/e28068940000400386621d4f, 90
1652710070.498347, sdrt-health/mac:02010b41cdec/antenna/tag/e2806894000050038661fd4f, 83
1652710070.498749, sdrt-health/mac:02010b41cdec/antenna/tag/e2806894000050038662194f, 84
1652710070.499052, sdrt-health/mac:02010b41cdec/antenna/tag/e28068940000400386621d4f, 90
1652710070.528905, sdrt-health/mac:02010b41cdec/antenna/tag/e2806894000050038662194f, 81
1652710070.529367, sdrt-health/mac:02010b41cdec/antenna/tag/e2806894000050038661fd4f, 86
1652710070.547166, sdrt-health/mac:02010b41cdec/antenna/tag/e2806894000050038661fd4f, 86
1652710070.597703, sdrt-health/mac:02010b41cdec/antenna/tag/e2806894000050038661fd4f, 86
1652710070.671077, sdrt-health/mac:02010b41cdec/antenna/tag/e28068940000400386621d4f, 77
1652710070.671513, sdrt-health/mac:02010b41cdec/antenna/tag/e2806894000050038662194f, 83
1652710070.684664, sdrt-health/mac:02010b41cdec/antenna/tag/e2806894000040038662114f, 88
1652710070.685026, sdrt-health/mac:02010b41cdec/antenna/tag/e2806894000040038662114f, 91
1652710070.685154, sdrt-health/mac:02010b41cdec/antenna/tag/e2806894000050038662154f, 85
1652710070.728611, sdrt-health/mac:02010b41cdec/antenna/tag/e2806894000050038661fd4f, 86
1652710070.780868, sdrt-health/mac:02010b41cdec/antenna/state, connected
1652710070.781545, sdrt-health/mac:02010b41cdec/fw, {"version":"1.8.1","model":"200","hash":"2f556501b58f1dad542af428d7928d18","timestamp":1652710067}
1652710070.81509, sdrt-health/mac:02010b41cdec/antenna/tag/e28068940000400386621d4f, 96
1652710070.815483, sdrt-health/mac:02010b41cdec/antenna/tag/e28068940000400386621d4f, 96
1652710070.84224, sdrt-health/mac:02010b41cdec/antenna/tag/e2806894000050038661fd4f, 83
1652710070.908698, sdrt-health/mac:02010b41cdec/antenna/tag/e2806894000040038662114f, 85
1652710070.909068, sdrt-health/mac:02010b41cdec/antenna/tag/e2806894000050038661fd4f, 86
1652710070.909346, sdrt-health/mac:02010b41cdec/antenna/tag/e2806894000050038661fd4f, 83
1652710070.947246, sdrt-health/mac:02010b41cdec/antenna/tag/e2806894000040038662114f, 91
1652710070.947467, sdrt-health/mac:02010b41cdec/antenna/tag/e2806894000040038662114f, 88
1652710070.961161, sdrt-health/mac:02010b41cdec/antenna/version, h@bO
1652710070.988835, sdrt-health/mac:02010b41cdec/antenna/tag/e2806894000040038662114f, 88
1652710071.029571, sdrt-health/mac:02010b41cdec/antenna/tag/e2806894000040038662114f, 88
1652710071.10186, sdrt-health/mac:02010b41cdec/antenna/tag/e2806894000050038662154f, 85
1652710071.102132, sdrt-health/mac:02010b41cdec/antenna/tag/e2806894000040038662114f, 88
1652710071.150044, sdrt-health/mac:02010b41cdec/antenna/tag/e28068940000400386621d4f, 96
1652710071.150484, sdrt-health/mac:02010b41cdec/antenna/tag/e2806894000040038662114f, 91
1652710071.20748, sdrt-health/mac:02010b41cdec/antenna/tag/e2806894000050038662194f, 87
1652710071.270663, sdrt-health/mac:02010b41cdec/antenna/tag/e2806894000040038662114f, 88
1652710071.271048, sdrt-health/mac:02010b41cdec/antenna/tag/e2806894000050038661fd4f, 83
1652710071.271311, sdrt-health/mac:02010b41cdec/antenna/tag/e28068940000400386621d4f, 77
1652710071.317319, sdrt-health/mac:02010b41cdec/antenna/tag/e2806894000040038662114f, 88
1652710071.577314, sdrt-health/mac:02010b41cdec/antenna/tag/e2806894000050038661fd4f, 83
1652710071.643353, sdrt-health/mac:02010b41cdec/antenna/tag/e2806894000040038662114f, 88
1652710071.676915, sdrt-health/mac:02010b41cdec/antenna/tag/e2806894000050038662154f, 85
1652710071.677356, sdrt-health/mac:02010b41cdec/antenna/tag/e2806894000050038662154f, 85
1652710071.67763, sdrt-health/mac:02010b41cdec/antenna/tag/e2806894000050038662154f, 88
1652710071.677888, sdrt-health/mac:02010b41cdec/antenna/tag/e2806894000050038662154f, 88
1652710071.678121, sdrt-health/mac:02010b41cdec/antenna/tag/e2806894000050038661fd4f, 86
1652710071.792948, sdrt-health/mac:02010b41cdec/antenna/tag/e2806894000040038661f94f, 83
1652710071.820739, sdrt-health/mac:02010b41cdec/antenna/tag/e2806894000040038662114f, 88
1652710071.821137, sdrt-health/mac:02010b41cdec/antenna/tag/e2806894000040038662114f, 91
1652710071.846208, sdrt-health/mac:02010b41cdec/antenna/tag/e2806894000040038662114f, 91
1652710071.899905, sdrt-health/mac:02010b41cdec/antenna/tag/e28068940000400386621d4f, 90
1652710071.900289, sdrt-health/mac:02010b41cdec/antenna/tag/e2806894000050038662154f, 88
1652710071.900585, sdrt-health/mac:02010b41cdec/antenna/tag/e28068940000400386621d4f, 90
1652710071.900834, sdrt-health/mac:02010b41cdec/antenna/tag/e2806894000050038661fd4f, 83
1652710071.943037, sdrt-health/mac:02010b41cdec/antenna/tag/e2806894000050038661fd4f, 86
1652710071.987626, sdrt-health/mac:02010b41cdec/antenna/tag/e2806894000040038662114f, 91
1652710072.038962, sdrt-health/mac:02010b41cdec/antenna/tag/e2806894000050038662154f, 91
1652710072.106942, sdrt-health/mac:02010b41cdec/antenna/tag/e2806894000050038662194f, 88
1652710072.107364, sdrt-health/mac:02010b41cdec/antenna/tag/e2806894000050038662154f, 88
1652710072.107918, sdrt-health/mac:02010b41cdec/antenna/tag/e2806894000040038662114f, 91
1652710072.154953, sdrt-health/mac:02010b41cdec/antenna/tag/e2806894000050038662154f, 85
1652710072.189307, sdrt-health/mac:02010b41cdec/antenna/tag/e28068940000400386621d4f, 90
1652710072.229503, sdrt-health/mac:02010b41cdec/antenna/tag/e2806894000050038662154f, 91
1652710072.229903, sdrt-health/mac:02010b41cdec/antenna/tag/e2806894000050038662154f, 91
1652710072.276313, sdrt-health/mac:02010b41cdec/antenna/tag/e2806894000040038662114f, 88
1652710072.351328, sdrt-health/mac:02010b41cdec/antenna/tag/e2806894000050038661fd4f, 86
1652710072.351592, sdrt-health/mac:02010b41cdec/antenna/tag/e2806894000050038662154f, 88
1652710072.380457, sdrt-health/mac:02010b41cdec/antenna/tag/e28068940000400386621d4f, 90
1652710072.407941, sdrt-health/mac:02010b41cdec/antenna/tag/e2806894000050038661fd4f, 86
1652710072.408411, sdrt-health/mac:02010b41cdec/antenna/tag/e28068940000400386621d4f, 90
1652710072.439365, sdrt-health/mac:02010b41cdec/antenna/tag/e2806894000050038662194f, 83
1652710072.503178, sdrt-health/mac:02010b41cdec/antenna/tag/e2806894000050038661fd4f, 86
1652710072.533048, sdrt-health/mac:02010b41cdec/antenna/tag/e2806894000050038662194f, 81
1652710072.533498, sdrt-health/mac:02010b41cdec/antenna/tag/e2806894000050038662154f, 88
1652710072.554213, sdrt-health/mac:02010b41cdec/antenna/tag/e2806894000040038662114f, 88
1652710072.600049, sdrt-health/mac:02010b41cdec/antenna/tag/e28068940000400386621d4f, 96
1652710072.627779, sdrt-health/mac:02010b41cdec/antenna/tag/e2806894000050038661fd4f, 86
1652710072.628215, sdrt-health/mac:02010b41cdec/antenna/tag/e2806894000050038662194f, 81
1652710072.662345, sdrt-health/mac:02010b41cdec/antenna/tag/e2806894000050038662154f, 85
1652710072.762502, sdrt-health/mac:02010b41cdec/antenna/tag/e2806894000040038662114f, 88
1652710072.762933, sdrt-health/mac:02010b41cdec/antenna/tag/e28068940000400386621d4f, 96
1652710072.786277, sdrt-health/mac:02010b41cdec/antenna/tag/e2806894000050038662154f, 88
1652710072.786729, sdrt-health/mac:02010b41cdec/antenna/tag/e2806894000050038662154f, 88
1652710072.787232, sdrt-health/mac:02010b41cdec/antenna/tag/e2806894000050038662194f, 83
1652710072.845716, sdrt-health/mac:02010b41cdec/antenna/tag/e2806894000050038662154f, 85
1652710072.896139, sdrt-health/mac:02010b41cdec/antenna/tag/e2806894000050038662154f, 88
1652710072.954978, sdrt-health/mac:02010b41cdec/antenna/tag/e2806894000050038662194f, 81
1652710072.955416, sdrt-health/mac:02010b41cdec/antenna/tag/e2806894000040038662114f, 88
1652710073.004369, sdrt-health/mac:02010b41cdec/antenna/tag/e2806894000040038662114f, 88
1652710073.084225, sdrt-health/mac:02010b41cdec/antenna/tag/e2806894000050038662154f, 85
1652710073.084625, sdrt-health/mac:02010b41cdec/antenna/tag/e28068940000400386621d4f, 96
1652710073.08492, sdrt-health/mac:02010b41cdec/antenna/tag/e28068940000400386621d4f, 96
1652710073.085206, sdrt-health/mac:02010b41cdec/antenna/tag/e2806894000050038662154f, 93
1652710073.085459, sdrt-health/mac:02010b41cdec/antenna/tag/e2806894000040038662114f, 91
1652710073.256745, sdrt-health/mac:02010b41cdec/antenna/tag/e2806894000040038662114f, 88
1652710073.339702, sdrt-health/mac:02010b41cdec/antenna/tag/e2806894000050038661fd4f, 86
1652710073.340101, sdrt-health/mac:02010b41cdec/antenna/tag/e2806894000040038662114f, 91
1652710073.340396, sdrt-health/mac:02010b41cdec/antenna/tag/e2806894000050038662154f, 88
1652710073.340778, sdrt-health/mac:02010b41cdec/antenna/tag/e2806894000050038661fd4f, 83
1652710073.341173, sdrt-health/mac:02010b41cdec/antenna/tag/e28068940000400386621d4f, 90
1652710073.405786, sdrt-health/mac:02010b41cdec/antenna/tag/e2806894000050038662154f, 91
1652710073.406246, sdrt-health/mac:02010b41cdec/antenna/tag/e2806894000050038661fd4f, 83
1652710073.437069, sdrt-health/mac:02010b41cdec/antenna/tag/e28068940000400386621d4f, 90
1652710073.437493, sdrt-health/mac:02010b41cdec/antenna/tag/e2806894000050038661fd4f, 86
1652710073.437792, sdrt-health/mac:02010b41cdec/antenna/tag/e28068940000400386621d4f, 90
1652710073.43812, sdrt-health/mac:02010b41cdec/antenna/tag/e2806894000040038662114f, 91
1652710073.438493, sdrt-health/mac:02010b41cdec/antenna/tag/e2806894000050038661fd4f, 83
1652710073.450822, sdrt-health/mac:02010b41cdec/antenna/tag/e2806894000050038661fd4f, 86
1652710073.480561, sdrt-health/mac:02010b41cdec/antenna/tag/e28068940000400386621d4f, 90
1652710073.480981, sdrt-health/mac:02010b41cdec/antenna/tag/e2806894000050038662194f, 81
1652710073.557915, sdrt-health/mac:02010b41cdec/antenna/tag/e2806894000050038662154f, 88
1652710073.558343, sdrt-health/mac:02010b41cdec/antenna/tag/e28068940000400386621d4f, 96
1652710073.606667, sdrt-health/mac:02010b41cdec/antenna/tag/e2806894000050038661fd4f, 83
1652710073.837023, sdrt-health/mac:02010b41cdec/antenna/tag/e2806894000050038661fd4f, 83
1652710073.865032, sdrt-health/mac:02010b41cdec/antenna/tag/e2806894000050038661fd4f, 86
1652710073.993644, sdrt-health/mac:02010b41cdec/antenna/tag/e2806894000050038662154f, 85
1652710073.993868, sdrt-health/mac:02010b41cdec/antenna/tag/e2806894000050038662194f, 83
1652710074.01731, sdrt-health/mac:02010b41cdec/antenna/tag/e2806894000050038661fd4f, 86
1652710074.017728, sdrt-health/mac:02010b41cdec/antenna/tag/e28068940000400386621d4f, 96
1652710074.017975, sdrt-health/mac:02010b41cdec/antenna/tag/e2806894000050038662154f, 91
1652710074.018224, sdrt-health/mac:02010b41cdec/antenna/tag/e2806894000040038662114f, 88
1652710074.018441, sdrt-health/mac:02010b41cdec/antenna/tag/e2806894000040038662114f, 88
1652710074.018659, sdrt-health/mac:02010b41cdec/antenna/tag/e2806894000050038662194f, 83
1652710074.018882, sdrt-health/mac:02010b41cdec/antenna/tag/e2806894000040038662114f, 88
1652710074.019024, sdrt-health/mac:02010b41cdec/antenna/tag/e2806894000040038662114f, 97
1652710074.019174, sdrt-health/mac:02010b41cdec/antenna/tag/e2806894000050038662194f, 94
1652710074.037965, sdrt-health/mac:02010b41cdec/antenna/tag/e2806894000050038662154f, 91
1652710074.069475, sdrt-health/mac:02010b41cdec/antenna/tag/e2806894000050038661fd4f, 83
1652710074.069981, sdrt-health/mac:02010b41cdec/antenna/tag/e2806894000050038662194f, 88
1652710074.070432, sdrt-health/mac:02010b41cdec/antenna/tag/e2806894000050038661fd4f, 83
1652710074.070779, sdrt-health/mac:02010b41cdec/antenna/tag/e2806894000040038662114f, 88
1652710074.07103, sdrt-health/mac:02010b41cdec/antenna/tag/e2806894000050038662154f, 91
1652710074.103582, sdrt-health/mac:02010b41cdec/antenna/tag/e2806894000050038661fd4f, 86
1652710074.130849, sdrt-health/mac:02010b41cdec/antenna/tag/e28068940000400386621d4f, 96
1652710074.131179, sdrt-health/mac:02010b41cdec/antenna/tag/e2806894000040038662114f, 88
1652710074.1314, sdrt-health/mac:02010b41cdec/antenna/tag/e2806894000050038661fd4f, 83
1652710074.170394, sdrt-health/mac:02010b41cdec/antenna/tag/e2806894000050038661fd4f, 83
1652710074.235284, sdrt-health/mac:02010b41cdec/antenna/tag/e2806894000050038662154f, 88
1652710074.266423, sdrt-health/mac:02010b41cdec/antenna/tag/e28068940000400386621d4f, 96
1652710074.266938, sdrt-health/mac:02010b41cdec/antenna/tag/e2806894000050038661fd4f, 86
1652710074.26727, sdrt-health/mac:02010b41cdec/antenna/tag/e2806894000050038662154f, 91
1652710074.280049, sdrt-health/mac:02010b41cdec/antenna/tag/e2806894000050038662154f, 88
1652710074.330692, sdrt-health/mac:02010b41cdec/antenna/tag/e2806894000050038662154f, 91
1652710074.4009, sdrt-health/mac:02010b41cdec/antenna/tag/e28068940000400386621d4f, 96
1652710074.40129, sdrt-health/mac:02010b41cdec/antenna/tag/e2806894000050038662154f, 91
1652710074.445191, sdrt-health/mac:02010b41cdec/antenna/tag/e2806894000050038662154f, 88
1652710074.474087, sdrt-health/mac:02010b41cdec/antenna/tag/e2806894000050038661fd4f, 83
1652710074.474329, sdrt-health/mac:02010b41cdec/antenna/tag/e2806894000040038662114f, 88
1652710074.496296, sdrt-health/mac:02010b41cdec/antenna/tag/e28068940000400386621d4f, 90
1652710074.551296, sdrt-health/mac:02010b41cdec/antenna/tag/e2806894000050038661fd4f, 83
1652710074.551722, sdrt-health/mac:02010b41cdec/antenna/tag/e2806894000050038662194f, 88
1652710074.605115, sdrt-health/mac:02010b41cdec/antenna/tag/e28068940000400386621d4f, 77
1652710074.661475, sdrt-health/mac:02010b41cdec/antenna/tag/e2806894000050038662154f, 85
1652710074.661711, sdrt-health/mac:02010b41cdec/antenna/tag/e2806894000050038661fd4f, 83
1652710074.693237, sdrt-health/mac:02010b41cdec/antenna/tag/e2806894000040038662114f, 88
1652710074.693652, sdrt-health/mac:02010b41cdec/antenna/tag/e2806894000050038661fd4f, 83
1652710074.711139, sdrt-health/mac:02010b41cdec/antenna/tag/e2806894000040038662114f, 85
1652710074.7601, sdrt-health/mac:02010b41cdec/antenna/tag/e2806894000040038662114f, 88
1652710074.803368, sdrt-health/mac:02010b41cdec/antenna/tag/e2806894000050038662154f, 88
1652710074.803778, sdrt-health/mac:02010b41cdec/antenna/tag/e2806894000050038662154f, 91
1652710074.804072, sdrt-health/mac:02010b41cdec/antenna/tag/e2806894000050038661fd4f, 83
1652710074.819575, sdrt-health/mac:02010b41cdec/antenna/tag/e2806894000050038662154f, 85
1652710074.820011, sdrt-health/mac:02010b41cdec/antenna/tag/e2806894000050038661fd4f, 86
1652710074.820371, sdrt-health/mac:02010b41cdec/antenna/tag/e2806894000050038661fd4f, 86
1652710074.868942, sdrt-health/mac:02010b41cdec/antenna/tag/e2806894000040038662114f, 97
1652710074.897445, sdrt-health/mac:02010b41cdec/antenna/tag/e2806894000040038662114f, 97
1652710074.897871, sdrt-health/mac:02010b41cdec/antenna/tag/e2806894000050038661fd4f, 86
1652710074.898281, sdrt-health/mac:02010b41cdec/antenna/tag/e2806894000050038662154f, 88
1652710074.912197, sdrt-health/mac:02010b41cdec/antenna/tag/e2806894000050038662154f, 85
1652710074.989419, sdrt-health/mac:02010b41cdec/antenna/tag/e2806894000050038661fd4f, 83
1652710075.03138, sdrt-health/mac:02010b41cdec/antenna/tag/e28068940000400386621d4f, 90
1652710075.061695, sdrt-health/mac:02010b41cdec/antenna/tag/e2806894000050038661fd4f, 86
1652710075.062161, sdrt-health/mac:02010b41cdec/antenna/tag/e2806894000050038662194f, 103
1652710075.080611, sdrt-health/mac:02010b41cdec/antenna/tag/e2806894000050038662154f, 88
1652710075.166174, sdrt-health/mac:02010b41cdec/antenna/tag/e2806894000050038662194f, 81
1652710075.222127, sdrt-health/mac:02010b41cdec/antenna/tag/e28068940000400386621d4f, 96
1652710075.313688, sdrt-health/mac:02010b41cdec/antenna/tag/e2806894000050038662154f, 88
1652710075.314077, sdrt-health/mac:02010b41cdec/antenna/tag/e2806894000040038662114f, 88
1652710075.327588, sdrt-health/mac:02010b41cdec/antenna/tag/e2806894000050038661fd4f, 90
1652710075.349436, sdrt-health/mac:02010b41cdec/antenna/tag/e2806894000050038661fd4f, 90
1652710075.349836, sdrt-health/mac:02010b41cdec/antenna/tag/e28068940000400386621d4f, 96
1652710075.350109, sdrt-health/mac:02010b41cdec/antenna/tag/e2806894000050038662194f, 87
1652710075.416983, sdrt-health/mac:02010b41cdec/antenna/tag/e2806894000040038662114f, 88
1652710075.491956, sdrt-health/mac:02010b41cdec/antenna/tag/e2806894000040038662114f, 88
1652710075.492201, sdrt-health/mac:02010b41cdec/antenna/tag/e2806894000040038662114f, 85
1652710075.505438, sdrt-health/mac:02010b41cdec/antenna/tag/e2806894000050038661fd4f, 83
1652710075.532378, sdrt-health/mac:02010b41cdec/antenna/tag/e2806894000040038662114f, 88
1652710075.629755, sdrt-health/mac:02010b41cdec/antenna/tag/e2806894000050038662194f, 83
1652710075.63014, sdrt-health/mac:02010b41cdec/antenna/tag/e2806894000040038662114f, 88
1652710075.667511, sdrt-health/mac:02010b41cdec/antenna/tag/e28068940000400386621d4f, 96
1652710075.695209, sdrt-health/mac:02010b41cdec/antenna/tag/e2806894000050038661fd4f, 90
1652710075.695599, sdrt-health/mac:02010b41cdec/antenna/tag/e2806894000040038662114f, 91
1652710075.695862, sdrt-health/mac:02010b41cdec/antenna/tag/e2806894000050038661fd4f, 86
1652710075.730617, sdrt-health/mac:02010b41cdec/antenna/tag/e28068940000400386621d4f, 96
1652710075.827965, sdrt-health/mac:02010b41cdec/antenna/tag/e2806894000050038661fd4f, 86
1652710075.854027, sdrt-health/mac:02010b41cdec/antenna/tag/e2806894000040038662114f, 88
1652710075.85452, sdrt-health/mac:02010b41cdec/antenna/tag/e2806894000050038661fd4f, 86
1652710075.854834, sdrt-health/mac:02010b41cdec/antenna/tag/e2806894000040038662114f, 91
1652710075.87863, sdrt-health/mac:02010b41cdec/antenna/tag/e2806894000040038662114f, 88
1652710075.908217, sdrt-health/mac:02010b41cdec/antenna/tag/e2806894000050038661fd4f, 86
1652710075.908637, sdrt-health/mac:02010b41cdec/antenna/tag/e2806894000050038662154f, 88
1652710075.908941, sdrt-health/mac:02010b41cdec/antenna/tag/e2806894000040038662114f, 88
1652710075.936768, sdrt-health/mac:02010b41cdec/antenna/tag/e2806894000050038662154f, 88
1652710075.964523, sdrt-health/mac:02010b41cdec/antenna/tag/e2806894000050038661fd4f, 83
1652710075.964926, sdrt-health/mac:02010b41cdec/antenna/tag/e2806894000040038662114f, 91
1652710075.989626, sdrt-health/mac:02010b41cdec/antenna/tag/e2806894000050038661fd4f, 83
1652710076.062549, sdrt-health/mac:02010b41cdec/antenna/tag/e2806894000040038662114f, 91
1652710076.06299, sdrt-health/mac:02010b41cdec/antenna/tag/e2806894000050038661fd4f, 86
1652710076.075892, sdrt-health/mac:02010b41cdec/antenna/tag/e2806894000050038662154f, 85
1652710076.105768, sdrt-health/mac:02010b41cdec/antenna/tag/e28068940000400386621d4f, 90
1652710076.150772, sdrt-health/mac:02010b41cdec/antenna/tag/e2806894000040038662114f, 88
1652710076.151229, sdrt-health/mac:02010b41cdec/antenna/tag/e2806894000050038662154f, 91
1652710076.16517, sdrt-health/mac:02010b41cdec/antenna/tag/e2806894000040038662114f, 85
1652710076.165602, sdrt-health/mac:02010b41cdec/antenna/tag/e2806894000050038662154f, 88
1652710076.193947, sdrt-health/mac:02010b41cdec/antenna/tag/e2806894000040038662114f, 91
1652710076.267321, sdrt-health/mac:02010b41cdec/antenna/tag/e2806894000040038662114f, 91
1652710076.420467, sdrt-health/mac:02010b41cdec/antenna/tag/e2806894000040038662114f, 91
1652710076.42081, sdrt-health/mac:02010b41cdec/antenna/tag/e28068940000400386621d4f, 90
1652710076.450467, sdrt-health/mac:02010b41cdec/antenna/tag/e2806894000050038662154f, 88
1652710076.450886, sdrt-health/mac:02010b41cdec/antenna/tag/e2806894000050038661fd4f, 83
1652710076.472297, sdrt-health/mac:02010b41cdec/antenna/tag/e2806894000050038662194f, 81
1652710076.501481, sdrt-health/mac:02010b41cdec/antenna/tag/e2806894000040038662114f, 88
1652710076.501918, sdrt-health/mac:02010b41cdec/antenna/tag/e2806894000050038661fd4f, 83
1652710076.502238, sdrt-health/mac:02010b41cdec/antenna/tag/e2806894000040038662114f, 88
1652710076.502568, sdrt-health/mac:02010b41cdec/antenna/tag/e28068940000400386621d4f, 77
1652710076.534115, sdrt-health/mac:02010b41cdec/antenna/tag/e2806894000040038662114f, 88
1652710076.565545, sdrt-health/mac:02010b41cdec/antenna/tag/e28068940000400386621d4f, 77
1652710076.565948, sdrt-health/mac:02010b41cdec/antenna/tag/e28068940000400386621d4f, 77
1652710076.598048, sdrt-health/mac:02010b41cdec/antenna/tag/e2806894000050038662194f, 81
1652710076.62907, sdrt-health/mac:02010b41cdec/antenna/tag/e2806894000050038662154f, 85
1652710076.62945, sdrt-health/mac:02010b41cdec/antenna/tag/e2806894000040038662114f, 88
1652710076.656802, sdrt-health/mac:02010b41cdec/antenna/tag/e2806894000050038661fd4f, 86
1652710076.685018, sdrt-health/mac:02010b41cdec/antenna/tag/e28068940000400386621d4f, 96
1652710076.685446, sdrt-health/mac:02010b41cdec/antenna/tag/e2806894000050038661fd4f, 86
1652710076.713666, sdrt-health/mac:02010b41cdec/antenna/tag/e28068940000400386621d4f, 96
1652710076.741562, sdrt-health/mac:02010b41cdec/antenna/tag/e2806894000040038662114f, 88
1652710076.741953, sdrt-health/mac:02010b41cdec/antenna/tag/e2806894000050038662194f, 81
1652710077.098897, sdrt-health/mac:02010b41cdec/antenna/tag/e2806894000050038661fd4f, 86
1652710077.102663, sdrt-health/mac:02010b41cdec/antenna/tag/e2806894000050038661fd4f, 86
1652710077.117128, sdrt-health/mac:02010b41cdec/antenna/tag/e28068940000400386621d4f, 90
1652710077.117445, sdrt-health/mac:02010b41cdec/antenna/tag/e2806894000050038662194f, 88
1652710077.117654, sdrt-health/mac:02010b41cdec/antenna/tag/e28068940000400386621d4f, 90
1652710077.117854, sdrt-health/mac:02010b41cdec/antenna/tag/e2806894000050038662154f, 88
1652710077.118052, sdrt-health/mac:02010b41cdec/antenna/tag/e2806894000050038661fd4f, 86
1652710077.118265, sdrt-health/mac:02010b41cdec/antenna/tag/e2806894000050038661fd4f, 83
1652710077.118465, sdrt-health/mac:02010b41cdec/antenna/tag/e2806894000050038662194f, 81
1652710077.188969, sdrt-health/mac:02010b41cdec/antenna/tag/e2806894000040038662114f, 91
1652710077.216968, sdrt-health/mac:02010b41cdec/antenna/tag/e2806894000040038662114f, 88
1652710077.217361, sdrt-health/mac:02010b41cdec/antenna/tag/e2806894000040038662114f, 97
1652710077.217643, sdrt-health/mac:02010b41cdec/antenna/tag/e2806894000050038661fd4f, 86
1652710077.237883, sdrt-health/mac:02010b41cdec/antenna/tag/e2806894000050038662154f, 88
1652710077.267818, sdrt-health/mac:02010b41cdec/antenna/tag/e28068940000400386621d4f, 90
1652710077.268288, sdrt-health/mac:02010b41cdec/antenna/tag/e2806894000050038661fd4f, 83
1652710077.268603, sdrt-health/mac:02010b41cdec/antenna/tag/e28068940000400386621d4f, 96
1652710077.2689, sdrt-health/mac:02010b41cdec/antenna/tag/e2806894000050038661fd4f, 86
1652710077.29586, sdrt-health/mac:02010b41cdec/antenna/tag/e28068940000400386621d4f, 96
1652710077.374691, sdrt-health/mac:02010b41cdec/antenna/tag/e28068940000400386621d4f, 90
1652710077.401502, sdrt-health/mac:02010b41cdec/antenna/tag/e28068940000400386621d4f, 90
1652710077.401988, sdrt-health/mac:02010b41cdec/antenna/tag/e28068940000400386621d4f, 90
1652710077.457664, sdrt-health/mac:02010b41cdec/antenna/tag/e28068940000400386621d4f, 96
1652710077.487233, sdrt-health/mac:02010b41cdec/antenna/tag/e2806894000050038661fd4f, 86
1652710077.487687, sdrt-health/mac:02010b41cdec/antenna/tag/e2806894000040038662114f, 91
1652710077.510518, sdrt-health/mac:02010b41cdec/antenna/tag/e28068940000400386621d4f, 96
1652710077.542621, sdrt-health/mac:02010b41cdec/antenna/tag/e28068940000400386621d4f, 96
1652710077.542899, sdrt-health/mac:02010b41cdec/antenna/tag/e2806894000050038662194f, 87
1652710077.543096, sdrt-health/mac:02010b41cdec/antenna/tag/e28068940000400386621d4f, 96
1652710077.567628, sdrt-health/mac:02010b41cdec/antenna/tag/e28068940000400386621d4f, 96
1652710077.640965, sdrt-health/mac:02010b41cdec/antenna/tag/e28068940000400386621d4f, 96
1652710077.641174, sdrt-health/mac:02010b41cdec/antenna/tag/e2806894000040038662114f, 91
1652710077.68584, sdrt-health/mac:02010b41cdec/antenna/tag/e2806894000050038662154f, 88
1652710077.74801, sdrt-health/mac:02010b41cdec/antenna/tag/e2806894000050038661fd4f, 83
1652710077.835899, sdrt-health/mac:02010b41cdec/antenna/tag/e2806894000050038662194f, 81
1652710077.836288, sdrt-health/mac:02010b41cdec/antenna/tag/e2806894000050038661fd4f, 83
1652710077.84976, sdrt-health/mac:02010b41cdec/antenna/tag/e2806894000040038662114f, 88
1652710077.894548, sdrt-health/mac:02010b41cdec/antenna/tag/e2806894000040038662114f, 88
1652710077.895011, sdrt-health/mac:02010b41cdec/antenna/tag/e2806894000040038662114f, 91
1652710077.907768, sdrt-health/mac:02010b41cdec/antenna/tag/e28068940000400386621d4f, 96
1652710077.907999, sdrt-health/mac:02010b41cdec/antenna/tag/e2806894000050038662154f, 85
1652710077.935262, sdrt-health/mac:02010b41cdec/antenna/tag/e2806894000050038662154f, 85
1652710077.962683, sdrt-health/mac:02010b41cdec/antenna/tag/e28068940000400386621d4f, 77
1652710077.962986, sdrt-health/mac:02010b41cdec/antenna/tag/e2806894000050038662194f, 83
1652710077.99304, sdrt-health/mac:02010b41cdec/antenna/tag/e2806894000050038661fd4f, 83
1652710078.051982, sdrt-health/mac:02010b41cdec/antenna/tag/e28068940000400386621d4f, 77
1652710078.052486, sdrt-health/mac:02010b41cdec/antenna/tag/e2806894000050038662194f, 81
1652710078.066129, sdrt-health/mac:02010b41cdec/antenna/tag/e2806894000050038661fd4f, 86
1652710078.103332, sdrt-health/mac:02010b41cdec/antenna/tag/e2806894000040038662114f, 91
1652710078.187984, sdrt-health/mac:02010b41cdec/antenna/tag/e28068940000400386621d4f, 96
1652710078.188411, sdrt-health/mac:02010b41cdec/antenna/tag/e2806894000050038662194f, 83
1652710078.204582, sdrt-health/mac:02010b41cdec/antenna/tag/e2806894000050038662154f, 88
1652710078.218928, sdrt-health/mac:02010b41cdec/antenna/tag/e2806894000050038662154f, 85
1652710078.246915, sdrt-health/mac:02010b41cdec/antenna/tag/e2806894000050038661fd4f, 83
1652710078.247323, sdrt-health/mac:02010b41cdec/antenna/tag/e28068940000400386621d4f, 77
1652710078.267141, sdrt-health/mac:02010b41cdec/antenna/tag/e2806894000050038662194f, 83
1652710078.328885, sdrt-health/mac:02010b41cdec/antenna/tag/e2806894000040038662114f, 88
1652710078.329183, sdrt-health/mac:02010b41cdec/antenna/tag/e2806894000040038662114f, 88
1652710078.343069, sdrt-health/mac:02010b41cdec/antenna/tag/e28068940000500386620d4f, 81
1652710078.34353, sdrt-health/mac:02010b41cdec/antenna/tag/e2806894000040038662114f, 88
1652710078.358878, sdrt-health/mac:02010b41cdec/antenna/tag/e2806894000050038661fd4f, 86
1652710078.426929, sdrt-health/mac:02010b41cdec/antenna/tag/e2806894000040038662114f, 91
1652710078.427204, sdrt-health/mac:02010b41cdec/antenna/tag/e2806894000050038661fd4f, 86
1652710078.471418, sdrt-health/mac:02010b41cdec/antenna/tag/e2806894000040038662114f, 97
1652710078.575862, sdrt-health/mac:02010b41cdec/antenna/tag/e2806894000040038662114f, 88
1652710078.700527, sdrt-health/mac:02010b41cdec/antenna/tag/e2806894000050038662154f, 88
1652710078.728621, sdrt-health/mac:02010b41cdec/antenna/tag/e2806894000050038662194f, 83
1652710078.728997, sdrt-health/mac:02010b41cdec/antenna/tag/e2806894000050038662154f, 85
1652710078.729318, sdrt-health/mac:02010b41cdec/antenna/tag/e2806894000050038662194f, 81
1652710078.761729, sdrt-health/mac:02010b41cdec/antenna/tag/e28068940000400386621d4f, 96
1652710078.789211, sdrt-health/mac:02010b41cdec/antenna/tag/e2806894000040038662114f, 91
1652710078.789451, sdrt-health/mac:02010b41cdec/antenna/tag/e28068940000400386621d4f, 90
1652710078.789634, sdrt-health/mac:02010b41cdec/antenna/tag/e2806894000040038662114f, 91
1652710078.869427, sdrt-health/mac:02010b41cdec/antenna/tag/e2806894000050038661fd4f, 86
1652710078.900596, sdrt-health/mac:02010b41cdec/antenna/tag/e2806894000050038662154f, 88
1652710078.901064, sdrt-health/mac:02010b41cdec/antenna/tag/e28068940000400386621d4f, 90
1652710078.913869, sdrt-health/mac:02010b41cdec/antenna/tag/e2806894000040038661f94f, 87
1652710078.914058, sdrt-health/mac:02010b41cdec/antenna/tag/e2806894000040038662114f, 97
1652710078.914178, sdrt-health/mac:02010b41cdec/antenna/tag/e28068940000400386621d4f, 90
1652710078.914296, sdrt-health/mac:02010b41cdec/antenna/tag/e2806894000040038662114f, 91
1652710078.976958, sdrt-health/mac:02010b41cdec/antenna/tag/e2806894000040038662114f, 88
1652710079.027223, sdrt-health/mac:02010b41cdec/antenna/tag/e2806894000050038662154f, 88
1652710079.058886, sdrt-health/mac:02010b41cdec/antenna/tag/e2806894000050038661fd4f, 83
1652710079.0593, sdrt-health/mac:02010b41cdec/antenna/tag/e28068940000400386621d4f, 96
1652710079.088167, sdrt-health/mac:02010b41cdec/antenna/tag/e2806894000050038662154f, 88
1652710079.159459, sdrt-health/mac:02010b41cdec/antenna/tag/e2806894000050038662194f, 81
1652710079.237162, sdrt-health/mac:02010b41cdec/antenna/tag/e2806894000050038662154f, 88
1652710079.237551, sdrt-health/mac:02010b41cdec/antenna/tag/e2806894000050038661fd4f, 83
1652710079.250994, sdrt-health/mac:02010b41cdec/antenna/tag/e2806894000050038661fd4f, 83
1652710079.268631, sdrt-health/mac:02010b41cdec/antenna/tag/e2806894000050038662154f, 85
1652710079.353575, sdrt-health/mac:02010b41cdec/antenna/tag/e2806894000050038661fd4f, 86
1652710079.353938, sdrt-health/mac:02010b41cdec/antenna/tag/e2806894000050038661fd4f, 86
1652710079.422169, sdrt-health/mac:02010b41cdec/antenna/tag/e2806894000050038661fd4f, 86
1652710079.456761, sdrt-health/mac:02010b41cdec/antenna/tag/e2806894000040038662114f, 88
1652710079.457282, sdrt-health/mac:02010b41cdec/antenna/tag/e28068940000400386621d4f, 90
1652710079.457648, sdrt-health/mac:02010b41cdec/antenna/tag/e2806894000050038662154f, 91
1652710079.457779, sdrt-health/mac:02010b41cdec/antenna/tag/e28068940000400386621d4f, 96
1652710079.490068, sdrt-health/mac:02010b41cdec/antenna/tag/e2806894000050038662194f, 94
1652710079.581061, sdrt-health/mac:02010b41cdec/antenna/tag/e28068940000400386621d4f, 77
1652710079.581312, sdrt-health/mac:02010b41cdec/antenna/tag/e2806894000050038662194f, 83
1652710079.594528, sdrt-health/mac:02010b41cdec/antenna/tag/e28068940000400386621d4f, 96
1652710079.62891, sdrt-health/mac:02010b41cdec/antenna/tag/e2806894000050038661fd4f, 86
1652710079.659905, sdrt-health/mac:02010b41cdec/antenna/tag/e28068940000400386621d4f, 96
1652710079.660368, sdrt-health/mac:02010b41cdec/antenna/tag/e2806894000040038662114f, 88
1652710079.706471, sdrt-health/mac:02010b41cdec/antenna/tag/e2806894000050038661fd4f, 83
1652710079.73799, sdrt-health/mac:02010b41cdec/antenna/tag/e28068940000400386621d4f, 96
1652710079.738368, sdrt-health/mac:02010b41cdec/antenna/tag/e2806894000050038661fd4f, 86
1652710079.77222, sdrt-health/mac:02010b41cdec/antenna/tag/e28068940000400386621d4f, 90
1652710079.799941, sdrt-health/mac:02010b41cdec/antenna/tag/e28068940000400386621d4f, 90
1652710079.800371, sdrt-health/mac:02010b41cdec/antenna/tag/e2806894000050038661fd4f, 83
1652710079.800635, sdrt-health/mac:02010b41cdec/antenna/tag/e28068940000400386621d4f, 90
1652710079.8266, sdrt-health/mac:02010b41cdec/antenna/tag/e2806894000050038661fd4f, 86
1652710079.853834, sdrt-health/mac:02010b41cdec/antenna/tag/e2806894000050038661fd4f, 86
1652710079.854274, sdrt-health/mac:02010b41cdec/antenna/tag/e2806894000050038662154f, 85
1652710079.867954, sdrt-health/mac:02010b41cdec/antenna/tag/e2806894000050038662154f, 88
1652710079.869473, sdrt-health/mac:02010b41cdec/antenna/tag/e2806894000040038662114f, 97
1652710079.935168, sdrt-health/mac:02010b41cdec/antenna/tag/e2806894000050038662154f, 91
1652710079.986248, sdrt-health/mac:02010b41cdec/antenna/tag/e2806894000050038661fd4f, 83
1652710080.040454, sdrt-health/mac:02010b41cdec/antenna/tag/e2806894000050038661fd4f, 83
1652710080.118373, sdrt-health/mac:02010b41cdec/antenna/tag/e2806894000050038661fd4f, 86
1652710080.118597, sdrt-health/mac:02010b41cdec/antenna/tag/e2806894000050038662154f, 91
1652710080.134069, sdrt-health/mac:02010b41cdec/antenna/tag/e28068940000400386621d4f, 96
1652710080.16657, sdrt-health/mac:02010b41cdec/antenna/tag/e2806894000050038662154f, 88
1652710080.209221, sdrt-health/mac:02010b41cdec/antenna/tag/e2806894000050038661fd4f, 83
1652710080.284057, sdrt-health/mac:02010b41cdec/antenna/tag/e2806894000050038662154f, 85
1652710080.284434, sdrt-health/mac:02010b41cdec/antenna/tag/e2806894000050038662154f, 97
1652710080.334217, sdrt-health/mac:02010b41cdec/antenna/tag/e28068940000400386621d4f, 96
1652710080.40071, sdrt-health/mac:02010b41cdec/antenna/tag/e2806894000050038662154f, 88
1652710080.401211, sdrt-health/mac:02010b41cdec/antenna/tag/e2806894000050038662194f, 81
1652710080.435054, sdrt-health/mac:02010b41cdec/antenna/tag/e28068940000400386621d4f, 96
1652710080.46829, sdrt-health/mac:02010b41cdec/antenna/tag/e2806894000050038661fd4f, 83
1652710080.468703, sdrt-health/mac:02010b41cdec/antenna/tag/e2806894000050038662194f, 81
1652710080.492633, sdrt-health/mac:02010b41cdec/antenna/tag/e2806894000040038662114f, 91
1652710080.556793, sdrt-health/mac:02010b41cdec/antenna/tag/e28068940000400386621d4f, 96
1652710080.59894, sdrt-health/mac:02010b41cdec/antenna/tag/e2806894000040038662114f, 91
1652710080.659027, sdrt-health/mac:02010b41cdec/antenna/tag/e2806894000050038661fd4f, 83
1652710080.659232, sdrt-health/mac:02010b41cdec/antenna/tag/e2806894000050038662154f, 88
1652710080.737853, sdrt-health/mac:02010b41cdec/antenna/tag/e2806894000050038661fd4f, 83
1652710080.738295, sdrt-health/mac:02010b41cdec/antenna/tag/e2806894000050038662154f, 88
1652710080.75835, sdrt-health/mac:02010b41cdec/antenna/tag/e2806894000050038661fd4f, 83
1652710080.824864, sdrt-health/mac:02010b41cdec/antenna/tag/e2806894000050038662154f, 88
1652710080.82526, sdrt-health/mac:02010b41cdec/antenna/tag/e2806894000050038662154f, 88
1652710080.960592, sdrt-health/mac:02010b41cdec/antenna/tag/e2806894000050038661fd4f, 86
1652710080.960878, sdrt-health/mac:02010b41cdec/antenna/tag/e2806894000050038662154f, 88
1652710081.023406, sdrt-health/mac:02010b41cdec/antenna/tag/e28068940000400386621d4f, 96
1652710081.071557, sdrt-health/mac:02010b41cdec/antenna/tag/e2806894000040038662114f, 88
1652710081.177753, sdrt-health/mac:02010b41cdec/antenna/tag/e2806894000050038662154f, 88
1652710081.178094, sdrt-health/mac:02010b41cdec/antenna/tag/e2806894000050038661fd4f, 83
1652710081.202088, sdrt-health/mac:02010b41cdec/antenna/tag/e2806894000050038662154f, 85
1652710081.20252, sdrt-health/mac:02010b41cdec/antenna/tag/e2806894000040038662214f, 94
1652710081.229564, sdrt-health/mac:02010b41cdec/antenna/tag/e2806894000050038662154f, 88
1652710081.321946, sdrt-health/mac:02010b41cdec/antenna/tag/e28068940000400386621d4f, 90
1652710081.355276, sdrt-health/mac:02010b41cdec/antenna/tag/e2806894000050038662194f, 83
1652710081.412071, sdrt-health/mac:02010b41cdec/antenna/tag/e28068940000400386621d4f, 90
1652710081.412448, sdrt-health/mac:02010b41cdec/antenna/tag/e2806894000050038662194f, 94
1652710081.428367, sdrt-health/mac:02010b41cdec/antenna/tag/e2806894000050038661fd4f, 86
1652710081.428755, sdrt-health/mac:02010b41cdec/antenna/tag/e2806894000050038662154f, 88
1652710081.486029, sdrt-health/mac:02010b41cdec/antenna/tag/e2806894000050038662194f, 81
1652710081.549039, sdrt-health/mac:02010b41cdec/antenna/tag/e28068940000400386621d4f, 90
1652710081.549434, sdrt-health/mac:02010b41cdec/antenna/tag/e2806894000050038662154f, 88
1652710081.549808, sdrt-health/mac:02010b41cdec/antenna/tag/e2806894000050038662194f, 94
1652710081.55024, sdrt-health/mac:02010b41cdec/antenna/tag/e28068940000400386621d4f, 90
1652710081.550589, sdrt-health/mac:02010b41cdec/antenna/tag/e2806894000050038662154f, 88
1652710081.570371, sdrt-health/mac:02010b41cdec/antenna/tag/e28068940000400386621d4f, 77
1652710081.570749, sdrt-health/mac:02010b41cdec/antenna/tag/e2806894000050038661fd4f, 83
1652710081.587467, sdrt-health/mac:02010b41cdec/antenna/tag/e2806894000050038662154f, 85
1652710081.653432, sdrt-health/mac:02010b41cdec/antenna/tag/e2806894000050038662194f, 81
1652710081.653874, sdrt-health/mac:02010b41cdec/antenna/tag/e28068940000400386621d4f, 77
1652710081.690428, sdrt-health/mac:02010b41cdec/antenna/tag/e2806894000050038662154f, 85
1652710081.690835, sdrt-health/mac:02010b41cdec/antenna/tag/e2806894000040038662214f, 81
1652710081.691092, sdrt-health/mac:02010b41cdec/antenna/tag/e2806894000040038662114f, 88
1652710081.721427, sdrt-health/mac:02010b41cdec/antenna/tag/e2806894000050038662194f, 81
1652710081.721901, sdrt-health/mac:02010b41cdec/antenna/tag/e28068940000400386621d4f, 96
1652710081.787842, sdrt-health/mac:02010b41cdec/antenna/tag/e2806894000050038661fd4f, 86
1652710081.81207, sdrt-health/mac:02010b41cdec/antenna/tag/e2806894000050038662154f, 91
1652710081.876985, sdrt-health/mac:02010b41cdec/antenna/tag/e2806894000050038662194f, 83
1652710081.936142, sdrt-health/mac:02010b41cdec/antenna/tag/e2806894000050038662154f, 91
1652710081.990772, sdrt-health/mac:02010b41cdec/antenna/tag/e2806894000050038662154f, 88
1652710082.105399, sdrt-health/mac:02010b41cdec/antenna/tag/e2806894000050038662194f, 81
1652710082.105821, sdrt-health/mac:02010b41cdec/antenna/tag/e2806894000050038661fd4f, 97
1652710082.106049, sdrt-health/mac:02010b41cdec/antenna/tag/e28068940000400386621d4f, 96
1652710082.133124, sdrt-health/mac:02010b41cdec/antenna/tag/e2806894000040038662114f, 85
1652710082.317363, sdrt-health/mac:02010b41cdec/antenna/tag/e28068940000400386621d4f, 96
1652710082.317767, sdrt-health/mac:02010b41cdec/antenna/tag/e2806894000050038662194f, 82
1652710082.343827, sdrt-health/mac:02010b41cdec/antenna/tag/e2806894000050038661fd4f, 86
1652710082.344031, sdrt-health/mac:02010b41cdec/antenna/tag/e2806894000040038662114f, 88
1652710082.34415, sdrt-health/mac:02010b41cdec/antenna/tag/e28068940000400386621d4f, 96
1652710082.344279, sdrt-health/mac:02010b41cdec/antenna/tag/e2806894000050038662154f, 91
1652710082.493488, sdrt-health/mac:02010b41cdec/antenna/tag/e2806894000050038661fd4f, 83
1652710082.551331, sdrt-health/mac:02010b41cdec/antenna/tag/e28068940000400386621d4f, 90
1652710082.551683, sdrt-health/mac:02010b41cdec/antenna/tag/e2806894000050038661fd4f, 86
1652710082.599414, sdrt-health/mac:02010b41cdec/antenna/tag/e28068940000400386621d4f, 90
1652710082.599668, sdrt-health/mac:02010b41cdec/antenna/tag/e2806894000050038661fd4f, 86
1652710082.599827, sdrt-health/mac:02010b41cdec/antenna/tag/e28068940000400386621d4f, 96
1652710082.629238, sdrt-health/mac:02010b41cdec/antenna/tag/e28068940000400386621d4f, 77
1652710082.629607, sdrt-health/mac:02010b41cdec/antenna/tag/e2806894000050038662194f, 83
1652710082.629916, sdrt-health/mac:02010b41cdec/antenna/tag/e2806894000050038661fd4f, 83
1652710082.630181, sdrt-health/mac:02010b41cdec/antenna/tag/e2806894000050038662154f, 93
1652710082.630455, sdrt-health/mac:02010b41cdec/antenna/tag/e28068940000400386621d4f, 96
1652710082.654227, sdrt-health/mac:02010b41cdec/antenna/tag/e2806894000050038662194f, 94
1652710082.740788, sdrt-health/mac:02010b41cdec/antenna/tag/e2806894000050038661fd4f, 86
1652710082.807786, sdrt-health/mac:02010b41cdec/antenna/tag/e2806894000050038661fd4f, 86
1652710082.850878, sdrt-health/mac:02010b41cdec/antenna/tag/e2806894000050038662154f, 88
1652710082.925779, sdrt-health/mac:02010b41cdec/antenna/tag/e2806894000050038661fd4f, 83
1652710082.995634, sdrt-health/mac:02010b41cdec/antenna/tag/e28068940000400386621d4f, 77
1652710082.995862, sdrt-health/mac:02010b41cdec/antenna/tag/e2806894000040038662114f, 88
1652710083.013755, sdrt-health/mac:02010b41cdec/antenna/tag/e28068940000400386621d4f, 96
1652710083.115448, sdrt-health/mac:02010b41cdec/antenna/tag/e2806894000050038661fd4f, 83
1652710083.115942, sdrt-health/mac:02010b41cdec/antenna/tag/e2806894000040038662114f, 88
1652710083.116221, sdrt-health/mac:02010b41cdec/antenna/tag/e2806894000050038662194f, 81
1652710083.116484, sdrt-health/mac:02010b41cdec/antenna/tag/e28068940000400386621d4f, 77
1652710083.116817, sdrt-health/mac:02010b41cdec/antenna/tag/e2806894000050038662154f, 85
1652710083.144387, sdrt-health/mac:02010b41cdec/antenna/tag/e2806894000040038662114f, 88
1652710083.196029, sdrt-health/mac:02010b41cdec/antenna/tag/e2806894000040038662114f, 91
1652710083.253026, sdrt-health/mac:02010b41cdec/antenna/tag/e2806894000050038661fd4f, 86
1652710083.25342, sdrt-health/mac:02010b41cdec/antenna/tag/e28068940000400386621d4f, 77
1652710083.297698, sdrt-health/mac:02010b41cdec/antenna/tag/e2806894000050038662154f, 88
1652710083.298135, sdrt-health/mac:02010b41cdec/antenna/tag/e2806894000040038661f94f, 88
1652710083.29841, sdrt-health/mac:02010b41cdec/antenna/tag/e2806894000040038661f94f, 84
1652710083.371189, sdrt-health/mac:02010b41cdec/antenna/tag/e2806894000050038661fd4f, 86
1652710083.459914, sdrt-health/mac:02010b41cdec/antenna/tag/e28068940000400386621d4f, 90
1652710083.460307, sdrt-health/mac:02010b41cdec/antenna/tag/e28068940000400386621d4f, 90
1652710083.479364, sdrt-health/mac:02010b41cdec/antenna/tag/e2806894000040038662114f, 97
1652710083.531327, sdrt-health/mac:02010b41cdec/antenna/tag/e2806894000050038661fd4f, 86
1652710083.722664, sdrt-health/mac:02010b41cdec/antenna/tag/e2806894000050038662154f, 88
1652710083.723051, sdrt-health/mac:02010b41cdec/antenna/tag/e2806894000050038662154f, 88
1652710083.723503, sdrt-health/mac:02010b41cdec/antenna/tag/e2806894000050038662154f, 85
1652710083.72382, sdrt-health/mac:02010b41cdec/antenna/tag/e2806894000050038662194f, 83
1652710083.738633, sdrt-health/mac:02010b41cdec/antenna/tag/e2806894000040038662114f, 91
1652710083.739018, sdrt-health/mac:02010b41cdec/antenna/tag/e2806894000050038662154f, 93
1652710083.739288, sdrt-health/mac:02010b41cdec/antenna/tag/e2806894000050038661fd4f, 86
1652710083.739583, sdrt-health/mac:02010b41cdec/antenna/tag/e2806894000050038662194f, 87
1652710083.73984, sdrt-health/mac:02010b41cdec/antenna/tag/e2806894000050038662154f, 88
1652710083.740092, sdrt-health/mac:02010b41cdec/antenna/tag/e2806894000050038662194f, 81
1652710083.740363, sdrt-health/mac:02010b41cdec/antenna/tag/e2806894000050038661fd4f, 86
1652710083.822888, sdrt-health/mac:02010b41cdec/antenna/tag/e28068940000400386621d4f, 96
1652710083.823265, sdrt-health/mac:02010b41cdec/antenna/tag/e2806894000050038662154f, 88
1652710083.82354, sdrt-health/mac:02010b41cdec/antenna/tag/e2806894000040038662114f, 88
1652710083.823862, sdrt-health/mac:02010b41cdec/antenna/tag/e2806894000050038662154f, 91
1652710083.968119, sdrt-health/mac:02010b41cdec/antenna/tag/e2806894000050038662154f, 91
1652710084.038712, sdrt-health/mac:02010b41cdec/antenna/tag/e2806894000050038662154f, 85
1652710084.039124, sdrt-health/mac:02010b41cdec/antenna/tag/e2806894000040038662114f, 91
1652710084.039397, sdrt-health/mac:02010b41cdec/antenna/tag/e2806894000040038662114f, 91
1652710084.039658, sdrt-health/mac:02010b41cdec/antenna/tag/e2806894000050038661fd4f, 83
1652710084.039784, sdrt-health/mac:02010b41cdec/antenna/tag/e2806894000050038662154f, 85
1652710084.039923, sdrt-health/mac:02010b41cdec/antenna/tag/e2806894000050038662194f, 87
1652710084.075338, sdrt-health/mac:02010b41cdec/antenna/tag/e28068940000400386621d4f, 96
1652710084.163159, sdrt-health/mac:02010b41cdec/antenna/tag/e2806894000050038662194f, 87
1652710084.163607, sdrt-health/mac:02010b41cdec/antenna/tag/e28068940000400386621d4f, 90
1652710084.163878, sdrt-health/mac:02010b41cdec/antenna/tag/e2806894000050038661fd4f, 86
1652710084.183118, sdrt-health/mac:02010b41cdec/antenna/tag/e2806894000050038662154f, 85
1652710084.215471, sdrt-health/mac:02010b41cdec/antenna/tag/e28068940000400386621d4f, 77
1652710084.292364, sdrt-health/mac:02010b41cdec/antenna/tag/e2806894000050038662194f, 94
1652710084.292874, sdrt-health/mac:02010b41cdec/antenna/tag/e2806894000050038662154f, 91
1652710084.310685, sdrt-health/mac:02010b41cdec/antenna/tag/e2806894000040038662114f, 85
1652710084.387858, sdrt-health/mac:02010b41cdec/antenna/tag/e2806894000040038662114f, 88
1652710084.388226, sdrt-health/mac:02010b41cdec/antenna/tag/e2806894000040038662114f, 97
1652710084.404891, sdrt-health/mac:02010b41cdec/antenna/tag/e2806894000050038661fd4f, 86
1652710084.471844, sdrt-health/mac:02010b41cdec/antenna/tag/e28068940000400386621d4f, 77
1652710084.66794, sdrt-health/mac:02010b41cdec/antenna/tag/e2806894000040038662114f, 88
1652710084.668393, sdrt-health/mac:02010b41cdec/antenna/tag/e28068940000400386621d4f, 96
1652710084.668653, sdrt-health/mac:02010b41cdec/antenna/tag/e2806894000040038662114f, 97
1652710084.668946, sdrt-health/mac:02010b41cdec/antenna/tag/e2806894000040038662054f, 84
1652710084.669232, sdrt-health/mac:02010b41cdec/antenna/tag/e2806894000050038662194f, 83
1652710084.669487, sdrt-health/mac:02010b41cdec/antenna/tag/e2806894000050038661fd4f, 83
1652710084.669792, sdrt-health/mac:02010b41cdec/antenna/tag/e28068940000400386621d4f, 96
1652710084.768354, sdrt-health/mac:02010b41cdec/antenna/tag/e2806894000050038662154f, 85
1652710084.800957, sdrt-health/mac:02010b41cdec/antenna/tag/e2806894000050038662194f, 87
1652710084.801563, sdrt-health/mac:02010b41cdec/antenna/tag/e2806894000050038661fd4f, 83
1652710084.801849, sdrt-health/mac:02010b41cdec/antenna/tag/e28068940000400386621d4f, 77
1652710084.82976, sdrt-health/mac:02010b41cdec/antenna/tag/e28068940000400386621d4f, 90
1652710084.870664, sdrt-health/mac:02010b41cdec/antenna/tag/e2806894000050038661fd4f, 83
1652710085.06729, sdrt-health/mac:02010b41cdec/antenna/tag/scan, scan stopped
