1652710264.603456, sdrt-health/mac:02010b41cdec/antenna/power/set, {"power": 280}
1652710265.737122, sdrt-health/mac:02010b41cdec/antenna/power/set, 
1652710269.624932, sdrt-health/mac:02010b41cdec/antenna/tag/scan, {"time": 20000}
1652710270.030907, sdrt-health/mac:02010b41cdec/antenna/tag/e28068940000400386621d4f, 77
1652710270.086234, sdrt-health/mac:02010b41cdec/antenna/tag/e2806894000040038662114f, 88
1652710270.148986, sdrt-health/mac:02010b41cdec/antenna/tag/e2806894000050038661fd4f, 83
1652710270.149334, sdrt-health/mac:02010b41cdec/antenna/tag/e2806894000050038662154f, 93
1652710270.167973, sdrt-health/mac:02010b41cdec/antenna/tag/e28068940000400386621d4f, 96
1652710270.204583, sdrt-health/mac:02010b41cdec/antenna/tag/e2806894000050038662154f, 85
1652710270.205004, sdrt-health/mac:02010b41cdec/antenna/tag/e2806894000050038662194f, 81
1652710270.25693, sdrt-health/mac:02010b41cdec/antenna/tag/e2806894000040038662114f, 88
1652710270.290034, sdrt-health/mac:02010b41cdec/antenna/tag/e28068940000400386621d4f, 96
1652710270.290469, sdrt-health/mac:02010b41cdec/antenna/tag/e2806894000050038661fd4f, 83
1652710270.304765, sdrt-health/mac:02010b41cdec/antenna/tag/e28068940000400386621d4f, 77
1652710270.305065, sdrt-health/mac:02010b41cdec/antenna/tag/e2806894000050038661fd4f, 83
1652710270.348187, sdrt-health/mac:02010b41cdec/antenna/tag/e2806894000040038662114f, 88
1652710270.43018, sdrt-health/mac:02010b41cdec/antenna/tag/e28068940000400386621d4f, 77
1652710270.430768, sdrt-health/mac:02010b41cdec/antenna/tag/e28068940000400386621d4f, 77
1652710270.461176, sdrt-health/mac:02010b41cdec/antenna/tag/e28068940000400386621d4f, 96
1652710270.524192, sdrt-health/mac:02010b41cdec/antenna/tag/e2806894000050038661fd4f, 83
1652710270.524664, sdrt-health/mac:02010b41cdec/antenna/tag/e28068940000400386621d4f, 90
1652710270.539005, sdrt-health/mac:02010b41cdec/antenna/tag/e2806894000050038662154f, 93
1652710270.539372, sdrt-health/mac:02010b41cdec/antenna/tag/e2806894000050038661fd4f, 86
1652710270.572497, sdrt-health/mac:02010b41cdec/antenna/tag/e2806894000050038662154f, 85
1652710270.635306, sdrt-health/mac:02010b41cdec/antenna/tag/e28068940000400386621d4f, 77
1652710270.635775, sdrt-health/mac:02010b41cdec/antenna/tag/e2806894000050038662154f, 85
1652710270.65228, sdrt-health/mac:02010b41cdec/antenna/tag/e2806894000050038662194f, 81
1652710270.652557, sdrt-health/mac:02010b41cdec/antenna/tag/e2806894000040038662114f, 88
1652710270.671879, sdrt-health/mac:02010b41cdec/antenna/tag/e28068940000400386621d4f, 77
1652710270.753614, sdrt-health/mac:02010b41cdec/antenna/tag/e28068940000400386621d4f, 90
1652710270.754075, sdrt-health/mac:02010b41cdec/antenna/tag/e28068940000400386621d4f, 90
1652710270.767952, sdrt-health/mac:02010b41cdec/antenna/tag/e2806894000050038661fd4f, 86
1652710270.809689, sdrt-health/mac:02010b41cdec/antenna/tag/e2806894000050038661fd4f, 86
1652710270.86207, sdrt-health/mac:02010b41cdec/antenna/tag/e2806894000040038662114f, 91
1652710270.862564, sdrt-health/mac:02010b41cdec/antenna/tag/e2806894000050038661fd4f, 86
1652710270.875161, sdrt-health/mac:02010b41cdec/antenna/tag/e28068940000400386621d4f, 90
1652710270.908168, sdrt-health/mac:02010b41cdec/antenna/tag/e2806894000040038662114f, 91
1652710270.947261, sdrt-health/mac:02010b41cdec/antenna/tag/e2806894000050038662154f, 85
1652710270.98988, sdrt-health/mac:02010b41cdec/antenna/tag/e2806894000040038662114f, 88
1652710271.045672, sdrt-health/mac:02010b41cdec/antenna/tag/e2806894000050038661fd4f, 83
1652710271.046356, sdrt-health/mac:02010b41cdec/antenna/tag/e28068940000400386621d4f, 96
1652710271.061387, sdrt-health/mac:02010b41cdec/antenna/tag/e2806894000050038662154f, 85
1652710271.085244, sdrt-health/mac:02010b41cdec/antenna/tag/e2806894000040038662114f, 88
1652710271.137353, sdrt-health/mac:02010b41cdec/antenna/tag/e2806894000050038662154f, 88
1652710271.170315, sdrt-health/mac:02010b41cdec/antenna/tag/e2806894000050038661fd4f, 83
1652710271.170584, sdrt-health/mac:02010b41cdec/antenna/tag/e2806894000050038662154f, 88
1652710271.185489, sdrt-health/mac:02010b41cdec/antenna/tag/e2806894000040038662114f, 91
1652710271.243851, sdrt-health/mac:02010b41cdec/antenna/tag/e2806894000050038662154f, 91
1652710271.244335, sdrt-health/mac:02010b41cdec/antenna/tag/e2806894000040038662114f, 91
1652710271.258832, sdrt-health/mac:02010b41cdec/antenna/tag/e2806894000050038662154f, 88
1652710271.28613, sdrt-health/mac:02010b41cdec/antenna/tag/e2806894000050038662194f, 81
1652710271.327537, sdrt-health/mac:02010b41cdec/antenna/tag/e2806894000050038662194f, 81
1652710271.373944, sdrt-health/mac:02010b41cdec/antenna/tag/e2806894000040038662114f, 91
1652710271.435666, sdrt-health/mac:02010b41cdec/antenna/tag/e28068940000400386621d4f, 96
1652710271.499991, sdrt-health/mac:02010b41cdec/antenna/tag/e2806894000050038662194f, 83
1652710271.50044, sdrt-health/mac:02010b41cdec/antenna/tag/e28068940000400386621d4f, 96
1652710271.53465, sdrt-health/mac:02010b41cdec/antenna/tag/e28068940000400386621d4f, 96
1652710271.600698, sdrt-health/mac:02010b41cdec/antenna/tag/e28068940000400386621d4f, 96
1652710271.60121, sdrt-health/mac:02010b41cdec/antenna/tag/e2806894000050038662154f, 85
1652710271.614874, sdrt-health/mac:02010b41cdec/antenna/tag/e2806894000040038662114f, 88
1652710271.627125, sdrt-health/mac:02010b41cdec/antenna/tag/e28068940000400386621d4f, 96
1652710271.628685, sdrt-health/mac:02010b41cdec/antenna/tag/e28068940000400386621d4f, 77
1652710271.691764, sdrt-health/mac:02010b41cdec/antenna/tag/e2806894000050038662154f, 85
1652710271.755323, sdrt-health/mac:02010b41cdec/antenna/tag/e2806894000050038662154f, 88
1652710271.782475, sdrt-health/mac:02010b41cdec/antenna/tag/e2806894000050038662154f, 88
1652710271.782926, sdrt-health/mac:02010b41cdec/antenna/tag/e2806894000040038662114f, 91
1652710271.800011, sdrt-health/mac:02010b41cdec/antenna/tag/e28068940000400386621d4f, 96
1652710271.827829, sdrt-health/mac:02010b41cdec/antenna/tag/e28068940000400386621d4f, 96
1652710271.828179, sdrt-health/mac:02010b41cdec/antenna/tag/e2806894000050038661fd4f, 83
1652710271.828423, sdrt-health/mac:02010b41cdec/antenna/tag/e2806894000040038662114f, 88
1652710271.854391, sdrt-health/mac:02010b41cdec/antenna/tag/e2806894000050038662154f, 85
1652710271.893326, sdrt-health/mac:02010b41cdec/antenna/tag/e2806894000050038661fd4f, 83
1652710271.966243, sdrt-health/mac:02010b41cdec/antenna/tag/e2806894000050038661fd4f, 83
1652710271.966979, sdrt-health/mac:02010b41cdec/antenna/tag/e2806894000040038662114f, 91
1652710271.979831, sdrt-health/mac:02010b41cdec/antenna/tag/e2806894000050038662194f, 83
1652710272.005271, sdrt-health/mac:02010b41cdec/antenna/tag/e2806894000050038662154f, 88
1652710272.0506, sdrt-health/mac:02010b41cdec/antenna/tag/e28068940000400386621d4f, 90
1652710272.134068, sdrt-health/mac:02010b41cdec/antenna/tag/e2806894000050038661fd4f, 86
1652710272.134465, sdrt-health/mac:02010b41cdec/antenna/tag/e28068940000400386621d4f, 96
1652710272.17601, sdrt-health/mac:02010b41cdec/antenna/tag/e2806894000040038662114f, 91
1652710272.208934, sdrt-health/mac:02010b41cdec/antenna/tag/e2806894000050038662154f, 85
1652710272.20936, sdrt-health/mac:02010b41cdec/antenna/tag/e2806894000050038662154f, 88
1652710272.222602, sdrt-health/mac:02010b41cdec/antenna/tag/e2806894000040038662114f, 91
1652710272.299269, sdrt-health/mac:02010b41cdec/antenna/tag/e2806894000050038662194f, 83
1652710272.338194, sdrt-health/mac:02010b41cdec/antenna/tag/e2806894000050038661fd4f, 83
1652710272.338431, sdrt-health/mac:02010b41cdec/antenna/tag/e2806894000040038662114f, 88
1652710272.3386, sdrt-health/mac:02010b41cdec/antenna/tag/e28068940000400386621d4f, 90
1652710272.354923, sdrt-health/mac:02010b41cdec/antenna/tag/e2806894000050038661fd4f, 86
1652710272.388825, sdrt-health/mac:02010b41cdec/antenna/tag/e2806894000040038662114f, 91
1652710272.389143, sdrt-health/mac:02010b41cdec/antenna/tag/e28068940000400386621d4f, 96
1652710272.414866, sdrt-health/mac:02010b41cdec/antenna/tag/e28068940000400386621d4f, 90
1652710272.473038, sdrt-health/mac:02010b41cdec/antenna/tag/e2806894000040038662114f, 88
1652710272.473593, sdrt-health/mac:02010b41cdec/antenna/tag/e2806894000050038661fd4f, 83
1652710272.487506, sdrt-health/mac:02010b41cdec/antenna/tag/e28068940000400386621d4f, 96
1652710272.544382, sdrt-health/mac:02010b41cdec/antenna/tag/e2806894000050038661fd4f, 83
1652710272.544717, sdrt-health/mac:02010b41cdec/antenna/tag/e2806894000040038662054f, 110
1652710272.557711, sdrt-health/mac:02010b41cdec/antenna/tag/e2806894000040038662114f, 91
1652710272.596915, sdrt-health/mac:02010b41cdec/antenna/tag/e2806894000050038662154f, 91
1652710272.597439, sdrt-health/mac:02010b41cdec/antenna/tag/e2806894000050038661fd4f, 83
1652710272.663854, sdrt-health/mac:02010b41cdec/antenna/tag/e28068940000400386621d4f, 96
1652710272.743112, sdrt-health/mac:02010b41cdec/antenna/tag/e2806894000050038662154f, 88
1652710272.743947, sdrt-health/mac:02010b41cdec/antenna/tag/e2806894000040038662114f, 88
1652710272.758798, sdrt-health/mac:02010b41cdec/antenna/tag/e2806894000050038661fd4f, 83
1652710272.759009, sdrt-health/mac:02010b41cdec/antenna/tag/e2806894000040038662114f, 88
1652710272.759145, sdrt-health/mac:02010b41cdec/antenna/tag/e28068940000400386621d4f, 96
1652710272.810726, sdrt-health/mac:02010b41cdec/antenna/tag/e28068940000400386621d4f, 96
1652710272.884182, sdrt-health/mac:02010b41cdec/antenna/tag/e2806894000050038661fd4f, 86
1652710272.884665, sdrt-health/mac:02010b41cdec/antenna/tag/e2806894000050038662194f, 81
1652710272.898544, sdrt-health/mac:02010b41cdec/antenna/tag/e2806894000050038661fd4f, 86
1652710272.899001, sdrt-health/mac:02010b41cdec/antenna/tag/e2806894000050038661fd4f, 86
1652710272.899286, sdrt-health/mac:02010b41cdec/antenna/tag/e2806894000050038662194f, 81
1652710272.899596, sdrt-health/mac:02010b41cdec/antenna/tag/e28068940000400386621d4f, 96
1652710272.93889, sdrt-health/mac:02010b41cdec/antenna/tag/e28068940000400386621d4f, 96
1652710272.968155, sdrt-health/mac:02010b41cdec/antenna/tag/e2806894000040038662114f, 91
1652710272.968502, sdrt-health/mac:02010b41cdec/antenna/tag/e2806894000050038661fd4f, 83
1652710272.991828, sdrt-health/mac:02010b41cdec/antenna/tag/e28068940000400386621d4f, 96
1652710273.071207, sdrt-health/mac:02010b41cdec/antenna/tag/e2806894000050038662154f, 85
1652710273.071729, sdrt-health/mac:02010b41cdec/antenna/tag/e2806894000040038662114f, 88
1652710273.084757, sdrt-health/mac:02010b41cdec/antenna/tag/e2806894000050038661fd4f, 83
1652710273.10964, sdrt-health/mac:02010b41cdec/antenna/tag/e2806894000050038661fd4f, 83
1652710273.165899, sdrt-health/mac:02010b41cdec/antenna/tag/e2806894000040038662114f, 91
1652710273.166376, sdrt-health/mac:02010b41cdec/antenna/tag/e2806894000050038661fd4f, 86
1652710273.182676, sdrt-health/mac:02010b41cdec/antenna/tag/e2806894000040038662114f, 91
1652710273.230275, sdrt-health/mac:02010b41cdec/antenna/tag/e2806894000050038661fd4f, 83
1652710273.313542, sdrt-health/mac:02010b41cdec/antenna/tag/e28068940000400386621d4f, 96
1652710273.31403, sdrt-health/mac:02010b41cdec/antenna/tag/e2806894000050038661fd4f, 86
1652710273.331594, sdrt-health/mac:02010b41cdec/antenna/tag/e28068940000400386621d4f, 90
1652710273.331857, sdrt-health/mac:02010b41cdec/antenna/tag/e2806894000050038662154f, 88
1652710273.332039, sdrt-health/mac:02010b41cdec/antenna/tag/e28068940000400386621d4f, 90
1652710273.365371, sdrt-health/mac:02010b41cdec/antenna/tag/e2806894000050038662154f, 88
1652710273.394074, sdrt-health/mac:02010b41cdec/antenna/tag/e2806894000040038662114f, 88
1652710273.394449, sdrt-health/mac:02010b41cdec/antenna/tag/e2806894000040038662114f, 91
1652710273.394757, sdrt-health/mac:02010b41cdec/antenna/tag/e2806894000050038662154f, 88
1652710273.419926, sdrt-health/mac:02010b41cdec/antenna/tag/e2806894000040038662114f, 88
1652710273.420628, sdrt-health/mac:02010b41cdec/antenna/tag/e2806894000040038662214f, 94
1652710273.434036, sdrt-health/mac:02010b41cdec/antenna/tag/e28068940000400386621d4f, 77
1652710273.503785, sdrt-health/mac:02010b41cdec/antenna/tag/e28068940000400386621d4f, 77
1652710273.553475, sdrt-health/mac:02010b41cdec/antenna/tag/e2806894000040038662114f, 88
1652710273.647104, sdrt-health/mac:02010b41cdec/antenna/tag/e2806894000050038662154f, 91
1652710273.647869, sdrt-health/mac:02010b41cdec/antenna/tag/e2806894000040038662114f, 88
1652710273.661294, sdrt-health/mac:02010b41cdec/antenna/tag/e2806894000050038661fd4f, 83
1652710273.689737, sdrt-health/mac:02010b41cdec/antenna/tag/e2806894000040038662114f, 91
1652710273.689932, sdrt-health/mac:02010b41cdec/antenna/tag/e2806894000050038662154f, 85
1652710273.690029, sdrt-health/mac:02010b41cdec/antenna/tag/e28068940000400386621d4f, 96
1652710273.722091, sdrt-health/mac:02010b41cdec/antenna/tag/e28068940000400386621d4f, 90
1652710273.793328, sdrt-health/mac:02010b41cdec/antenna/tag/e2806894000040038662114f, 97
1652710273.793898, sdrt-health/mac:02010b41cdec/antenna/tag/e2806894000050038662154f, 88
1652710273.80993, sdrt-health/mac:02010b41cdec/antenna/tag/e2806894000050038662194f, 94
1652710273.818678, sdrt-health/mac:02010b41cdec/antenna/tag/e28068940000400386621d4f, 90
1652710273.824106, sdrt-health/mac:02010b41cdec/antenna/tag/e2806894000050038662194f, 83
1652710273.824337, sdrt-health/mac:02010b41cdec/antenna/tag/e2806894000040038662114f, 97
1652710273.824516, sdrt-health/mac:02010b41cdec/antenna/tag/e2806894000050038662154f, 88
1652710273.875171, sdrt-health/mac:02010b41cdec/antenna/tag/e2806894000050038662154f, 88
1652710273.926675, sdrt-health/mac:02010b41cdec/antenna/tag/e2806894000050038662154f, 85
1652710273.976147, sdrt-health/mac:02010b41cdec/antenna/tag/e2806894000040038662114f, 88
1652710274.044105, sdrt-health/mac:02010b41cdec/antenna/tag/e2806894000040038662214f, 88
1652710274.044587, sdrt-health/mac:02010b41cdec/antenna/tag/e2806894000050038662154f, 93
1652710274.05735, sdrt-health/mac:02010b41cdec/antenna/tag/e28068940000400386621d4f, 77
1652710274.068154, sdrt-health/mac:02010b41cdec/antenna/tag/e28068940000400386621d4f, 96
1652710274.127513, sdrt-health/mac:02010b41cdec/antenna/tag/e2806894000050038661fd4f, 83
1652710274.202761, sdrt-health/mac:02010b41cdec/antenna/tag/e2806894000050038662154f, 91
1652710274.203274, sdrt-health/mac:02010b41cdec/antenna/tag/e2806894000050038661fd4f, 83
1652710274.2489, sdrt-health/mac:02010b41cdec/antenna/tag/e28068940000400386621d4f, 96
1652710274.277424, sdrt-health/mac:02010b41cdec/antenna/tag/e28068940000400386621d4f, 96
1652710274.277899, sdrt-health/mac:02010b41cdec/antenna/tag/e2806894000040038662114f, 88
1652710274.278272, sdrt-health/mac:02010b41cdec/antenna/tag/e2806894000050038662154f, 88
1652710274.298544, sdrt-health/mac:02010b41cdec/antenna/tag/e2806894000050038662154f, 85
1652710274.357322, sdrt-health/mac:02010b41cdec/antenna/tag/e2806894000050038661fd4f, 83
1652710274.425446, sdrt-health/mac:02010b41cdec/antenna/tag/e28068940000400386621d4f, 96
1652710274.42585, sdrt-health/mac:02010b41cdec/antenna/tag/e2806894000050038662154f, 85
1652710274.438419, sdrt-health/mac:02010b41cdec/antenna/tag/e2806894000050038661fd4f, 83
1652710274.438622, sdrt-health/mac:02010b41cdec/antenna/tag/e2806894000050038661fd4f, 83
1652710274.457765, sdrt-health/mac:02010b41cdec/antenna/tag/e2806894000050038661fd4f, 83
1652710274.517737, sdrt-health/mac:02010b41cdec/antenna/tag/e2806894000050038661fd4f, 83
1652710274.565112, sdrt-health/mac:02010b41cdec/antenna/tag/e2806894000050038661fd4f, 86
1652710274.618871, sdrt-health/mac:02010b41cdec/antenna/tag/e2806894000040038662114f, 88
1652710274.694099, sdrt-health/mac:02010b41cdec/antenna/tag/e2806894000050038662154f, 88
1652710274.69464, sdrt-health/mac:02010b41cdec/antenna/tag/e2806894000050038662154f, 91
1652710274.708718, sdrt-health/mac:02010b41cdec/antenna/tag/e28068940000400386621d4f, 90
1652710274.75671, sdrt-health/mac:02010b41cdec/antenna/tag/e2806894000050038661fd4f, 86
1652710274.80905, sdrt-health/mac:02010b41cdec/antenna/tag/e2806894000040038662114f, 88
1652710274.863607, sdrt-health/mac:02010b41cdec/antenna/tag/e28068940000400386621d4f, 90
1652710274.863985, sdrt-health/mac:02010b41cdec/antenna/tag/e28068940000400386621d4f, 96
1652710274.879092, sdrt-health/mac:02010b41cdec/antenna/tag/e2806894000050038662194f, 81
1652710274.87944, sdrt-health/mac:02010b41cdec/antenna/tag/e2806894000050038661fd4f, 83
1652710274.907769, sdrt-health/mac:02010b41cdec/antenna/tag/e28068940000400386621d4f, 96
1652710274.987526, sdrt-health/mac:02010b41cdec/antenna/tag/e2806894000050038662194f, 88
1652710274.988072, sdrt-health/mac:02010b41cdec/antenna/tag/e28068940000400386621d4f, 90
1652710275.027279, sdrt-health/mac:02010b41cdec/antenna/tag/e28068940000400386621d4f, 90
1652710275.070675, sdrt-health/mac:02010b41cdec/antenna/tag/e2806894000050038661fd4f, 83
1652710275.144659, sdrt-health/mac:02010b41cdec/antenna/tag/e2806894000040038662114f, 91
1652710275.14521, sdrt-health/mac:02010b41cdec/antenna/tag/e2806894000050038662154f, 88
1652710275.158818, sdrt-health/mac:02010b41cdec/antenna/tag/e28068940000400386621d4f, 90
1652710275.169925, sdrt-health/mac:02010b41cdec/antenna/tag/e28068940000400386621d4f, 90
1652710275.172716, sdrt-health/mac:02010b41cdec/antenna/tag/e2806894000050038661fd4f, 83
1652710275.173009, sdrt-health/mac:02010b41cdec/antenna/tag/e28068940000400386621d4f, 90
1652710275.215005, sdrt-health/mac:02010b41cdec/antenna/tag/e28068940000400386621d4f, 77
1652710275.259917, sdrt-health/mac:02010b41cdec/antenna/tag/e2806894000050038661fd4f, 83
1652710275.286926, sdrt-health/mac:02010b41cdec/antenna/tag/e2806894000040038662114f, 85
1652710275.28716, sdrt-health/mac:02010b41cdec/antenna/tag/e28068940000400386621d4f, 96
1652710275.316803, sdrt-health/mac:02010b41cdec/antenna/tag/e2806894000050038662154f, 85
1652710275.352242, sdrt-health/mac:02010b41cdec/antenna/tag/e2806894000050038661fd4f, 83
1652710275.352594, sdrt-health/mac:02010b41cdec/antenna/tag/e2806894000050038662154f, 85
1652710275.417989, sdrt-health/mac:02010b41cdec/antenna/tag/e2806894000050038662154f, 85
1652710275.49047, sdrt-health/mac:02010b41cdec/antenna/tag/e2806894000050038661fd4f, 86
1652710275.518801, sdrt-health/mac:02010b41cdec/antenna/tag/e2806894000050038661fd4f, 86
1652710275.519112, sdrt-health/mac:02010b41cdec/antenna/tag/e2806894000050038662154f, 91
1652710275.533991, sdrt-health/mac:02010b41cdec/antenna/tag/e2806894000050038662154f, 88
1652710275.605716, sdrt-health/mac:02010b41cdec/antenna/tag/e28068940000400386621d4f, 96
1652710275.666671, sdrt-health/mac:02010b41cdec/antenna/tag/e2806894000040038662114f, 91
1652710275.667161, sdrt-health/mac:02010b41cdec/antenna/tag/e28068940000400386621d4f, 90
1652710275.683563, sdrt-health/mac:02010b41cdec/antenna/tag/e2806894000050038662154f, 88
1652710275.684013, sdrt-health/mac:02010b41cdec/antenna/tag/e2806894000040038662114f, 88
1652710275.684312, sdrt-health/mac:02010b41cdec/antenna/tag/e2806894000040038662114f, 88
1652710275.720485, sdrt-health/mac:02010b41cdec/antenna/tag/e2806894000050038662154f, 88
1652710275.787931, sdrt-health/mac:02010b41cdec/antenna/tag/e2806894000040038662114f, 91
1652710275.788399, sdrt-health/mac:02010b41cdec/antenna/tag/e28068940000400386621d4f, 90
1652710275.788803, sdrt-health/mac:02010b41cdec/antenna/tag/e2806894000050038662194f, 83
1652710275.800249, sdrt-health/mac:02010b41cdec/antenna/tag/e2806894000050038661fd4f, 86
1652710275.800551, sdrt-health/mac:02010b41cdec/antenna/tag/e28068940000400386621d4f, 90
1652710275.800764, sdrt-health/mac:02010b41cdec/antenna/tag/e2806894000050038662194f, 81
1652710275.862475, sdrt-health/mac:02010b41cdec/antenna/tag/e2806894000050038661fd4f, 86
1652710275.914455, sdrt-health/mac:02010b41cdec/antenna/tag/e2806894000050038661fd4f, 83
1652710275.968681, sdrt-health/mac:02010b41cdec/antenna/tag/e28068940000400386621d4f, 77
1652710275.969522, sdrt-health/mac:02010b41cdec/antenna/tag/e2806894000050038661fd4f, 83
1652710275.982301, sdrt-health/mac:02010b41cdec/antenna/tag/e2806894000050038661fd4f, 83
1652710276.019444, sdrt-health/mac:02010b41cdec/antenna/tag/e28068940000400386621d4f, 96
1652710276.019755, sdrt-health/mac:02010b41cdec/antenna/tag/e2806894000050038661fd4f, 86
1652710276.040161, sdrt-health/mac:02010b41cdec/antenna/tag/e28068940000400386621d4f, 96
1652710276.041254, sdrt-health/mac:02010b41cdec/antenna/tag/e2806894000050038662194f, 83
1652710276.05606, sdrt-health/mac:02010b41cdec/antenna/tag/e2806894000050038661fd4f, 90
1652710276.084964, sdrt-health/mac:02010b41cdec/antenna/tag/e2806894000050038661fd4f, 83
1652710276.12803, sdrt-health/mac:02010b41cdec/antenna/tag/e2806894000050038661fd4f, 83
1652710276.181331, sdrt-health/mac:02010b41cdec/antenna/tag/e2806894000050038661fd4f, 83
1652710276.181913, sdrt-health/mac:02010b41cdec/antenna/tag/e28068940000400386621d4f, 90
1652710276.232284, sdrt-health/mac:02010b41cdec/antenna/tag/e2806894000040038662114f, 88
1652710276.232756, sdrt-health/mac:02010b41cdec/antenna/tag/e2806894000050038662154f, 88
1652710276.245984, sdrt-health/mac:02010b41cdec/antenna/tag/e2806894000050038661fd4f, 83
1652710276.283914, sdrt-health/mac:02010b41cdec/antenna/tag/e28068940000400386621d4f, 96
1652710276.284205, sdrt-health/mac:02010b41cdec/antenna/tag/e28068940000400386621d4f, 90
1652710276.297783, sdrt-health/mac:02010b41cdec/antenna/tag/e2806894000050038661fd4f, 83
1652710276.298168, sdrt-health/mac:02010b41cdec/antenna/tag/e2806894000050038662154f, 85
1652710276.32587, sdrt-health/mac:02010b41cdec/antenna/tag/e2806894000050038662194f, 81
1652710276.390906, sdrt-health/mac:02010b41cdec/antenna/tag/e28068940000400386621d4f, 96
1652710276.391391, sdrt-health/mac:02010b41cdec/antenna/tag/e2806894000040038662114f, 88
1652710276.405119, sdrt-health/mac:02010b41cdec/antenna/tag/e2806894000050038662194f, 81
1652710276.428724, sdrt-health/mac:02010b41cdec/antenna/tag/e2806894000050038662194f, 93
1652710276.42933, sdrt-health/mac:02010b41cdec/antenna/tag/e28068940000400386621d4f, 96
1652710276.443577, sdrt-health/mac:02010b41cdec/antenna/tag/e28068940000400386621d4f, 86
1652710276.44392, sdrt-health/mac:02010b41cdec/antenna/tag/e2806894000040038662114f, 91
1652710276.487073, sdrt-health/mac:02010b41cdec/antenna/tag/e28068940000400386621d4f, 90
1652710276.551695, sdrt-health/mac:02010b41cdec/antenna/tag/e2806894000040038662114f, 88
1652710276.552194, sdrt-health/mac:02010b41cdec/antenna/tag/e28068940000400386621d4f, 77
1652710276.597286, sdrt-health/mac:02010b41cdec/antenna/tag/e2806894000050038661fd4f, 83
1652710276.63382, sdrt-health/mac:02010b41cdec/antenna/tag/e28068940000400386621d4f, 96
1652710276.634344, sdrt-health/mac:02010b41cdec/antenna/tag/e2806894000040038662114f, 88
1652710276.634689, sdrt-health/mac:02010b41cdec/antenna/tag/e28068940000400386621d4f, 77
1652710276.657751, sdrt-health/mac:02010b41cdec/antenna/tag/e2806894000050038662194f, 94
1652710276.68994, sdrt-health/mac:02010b41cdec/antenna/tag/e2806894000040038662114f, 85
1652710276.725162, sdrt-health/mac:02010b41cdec/antenna/tag/e2806894000050038662154f, 85
1652710276.725448, sdrt-health/mac:02010b41cdec/antenna/tag/e2806894000050038662154f, 85
1652710276.756605, sdrt-health/mac:02010b41cdec/antenna/tag/e2806894000050038662154f, 85
1652710276.783998, sdrt-health/mac:02010b41cdec/antenna/tag/e2806894000050038662194f, 83
1652710276.784315, sdrt-health/mac:02010b41cdec/antenna/tag/e2806894000040038662114f, 88
1652710276.835834, sdrt-health/mac:02010b41cdec/antenna/tag/e2806894000040038661f94f, 88
1652710276.869524, sdrt-health/mac:02010b41cdec/antenna/tag/e2806894000050038662154f, 85
1652710276.95147, sdrt-health/mac:02010b41cdec/antenna/tag/e2806894000050038662194f, 88
1652710276.951992, sdrt-health/mac:02010b41cdec/antenna/tag/e2806894000050038661fd4f, 86
1652710276.998087, sdrt-health/mac:02010b41cdec/antenna/tag/e2806894000040038662114f, 88
1652710277.038359, sdrt-health/mac:02010b41cdec/antenna/tag/e28068940000400386621d4f, 96
1652710277.038765, sdrt-health/mac:02010b41cdec/antenna/tag/e2806894000050038661fd4f, 86
1652710277.052905, sdrt-health/mac:02010b41cdec/antenna/tag/e28068940000400386621d4f, 77
1652710277.098514, sdrt-health/mac:02010b41cdec/antenna/tag/e2806894000050038662154f, 85
1652710277.098947, sdrt-health/mac:02010b41cdec/antenna/tag/e28068940000400386621d4f, 96
1652710277.119911, sdrt-health/mac:02010b41cdec/antenna/tag/e2806894000050038662194f, 81
1652710277.15254, sdrt-health/mac:02010b41cdec/antenna/tag/e2806894000050038662154f, 93
1652710277.201543, sdrt-health/mac:02010b41cdec/antenna/tag/e2806894000050038661fd4f, 86
1652710277.202871, sdrt-health/mac:02010b41cdec/antenna/tag/e2806894000050038661fd4f, 83
1652710277.228545, sdrt-health/mac:02010b41cdec/antenna/tag/e28068940000400386621d4f, 90
1652710277.282304, sdrt-health/mac:02010b41cdec/antenna/tag/e2806894000050038662154f, 88
1652710277.282668, sdrt-health/mac:02010b41cdec/antenna/tag/e2806894000040038662114f, 91
1652710277.295881, sdrt-health/mac:02010b41cdec/antenna/tag/e28068940000400386621d4f, 90
1652710277.31577, sdrt-health/mac:02010b41cdec/antenna/tag/e2806894000040038662114f, 91
1652710277.364679, sdrt-health/mac:02010b41cdec/antenna/tag/e2806894000050038662154f, 88
1652710277.429831, sdrt-health/mac:02010b41cdec/antenna/tag/e28068940000400386621d4f, 90
1652710277.430359, sdrt-health/mac:02010b41cdec/antenna/tag/e2806894000040038662114f, 97
1652710277.444184, sdrt-health/mac:02010b41cdec/antenna/tag/e2806894000050038662154f, 88
1652710277.472034, sdrt-health/mac:02010b41cdec/antenna/tag/e2806894000050038662154f, 85
1652710277.561555, sdrt-health/mac:02010b41cdec/antenna/tag/e2806894000040038662114f, 88
1652710277.562089, sdrt-health/mac:02010b41cdec/antenna/tag/e28068940000400386621d4f, 90
1652710277.595345, sdrt-health/mac:02010b41cdec/antenna/tag/e2806894000040038662114f, 91
1652710277.649444, sdrt-health/mac:02010b41cdec/antenna/tag/e2806894000040038662114f, 91
1652710277.649995, sdrt-health/mac:02010b41cdec/antenna/tag/e2806894000050038662154f, 88
1652710277.6843, sdrt-health/mac:02010b41cdec/antenna/tag/e2806894000050038662194f, 81
1652710277.730463, sdrt-health/mac:02010b41cdec/antenna/tag/e2806894000050038662194f, 81
1652710277.757611, sdrt-health/mac:02010b41cdec/antenna/tag/e28068940000400386621d4f, 86
1652710277.757836, sdrt-health/mac:02010b41cdec/antenna/tag/e2806894000050038662154f, 85
1652710277.781341, sdrt-health/mac:02010b41cdec/antenna/tag/e2806894000050038662194f, 81
1652710277.851744, sdrt-health/mac:02010b41cdec/antenna/tag/e2806894000040038662114f, 88
1652710277.901014, sdrt-health/mac:02010b41cdec/antenna/tag/e2806894000040038662114f, 88
1652710277.92854, sdrt-health/mac:02010b41cdec/antenna/tag/e2806894000050038661fd4f, 83
1652710277.928885, sdrt-health/mac:02010b41cdec/antenna/tag/e2806894000050038662194f, 83
1652710277.929119, sdrt-health/mac:02010b41cdec/antenna/tag/e2806894000040038662114f, 88
1652710277.956259, sdrt-health/mac:02010b41cdec/antenna/tag/e2806894000050038662194f, 81
1652710278.028074, sdrt-health/mac:02010b41cdec/antenna/tag/e2806894000050038662194f, 84
1652710278.028576, sdrt-health/mac:02010b41cdec/antenna/tag/e2806894000040038662114f, 91
1652710278.052331, sdrt-health/mac:02010b41cdec/antenna/tag/e2806894000050038662154f, 88
1652710278.052684, sdrt-health/mac:02010b41cdec/antenna/tag/e2806894000040038662114f, 88
1652710278.074161, sdrt-health/mac:02010b41cdec/antenna/tag/e2806894000040038662114f, 88
1652710278.123412, sdrt-health/mac:02010b41cdec/antenna/tag/e2806894000040038662114f, 91
1652710278.123848, sdrt-health/mac:02010b41cdec/antenna/tag/e2806894000050038661fd4f, 83
1652710278.177368, sdrt-health/mac:02010b41cdec/antenna/tag/e2806894000050038661fd4f, 83
1652710278.234682, sdrt-health/mac:02010b41cdec/antenna/tag/e28068940000400386621d4f, 96
1652710278.315808, sdrt-health/mac:02010b41cdec/antenna/tag/e2806894000040038662114f, 88
1652710278.316359, sdrt-health/mac:02010b41cdec/antenna/tag/e2806894000050038662154f, 91
1652710278.332324, sdrt-health/mac:02010b41cdec/antenna/tag/e2806894000040038662114f, 88
1652710278.332581, sdrt-health/mac:02010b41cdec/antenna/tag/e2806894000040038662114f, 91
1652710278.332766, sdrt-health/mac:02010b41cdec/antenna/tag/e28068940000400386621d4f, 96
1652710278.365555, sdrt-health/mac:02010b41cdec/antenna/tag/e28068940000400386621d4f, 96
1652710278.451074, sdrt-health/mac:02010b41cdec/antenna/tag/e2806894000050038662154f, 85
1652710278.451535, sdrt-health/mac:02010b41cdec/antenna/tag/e2806894000050038662194f, 81
1652710278.466601, sdrt-health/mac:02010b41cdec/antenna/tag/e2806894000040038662114f, 88
1652710278.509369, sdrt-health/mac:02010b41cdec/antenna/tag/e2806894000040038662114f, 85
1652710278.50983, sdrt-health/mac:02010b41cdec/antenna/tag/e2806894000040038662054f, 88
1652710278.553706, sdrt-health/mac:02010b41cdec/antenna/tag/e2806894000050038662154f, 88
1652710278.585487, sdrt-health/mac:02010b41cdec/antenna/tag/e2806894000040038662114f, 91
1652710278.585942, sdrt-health/mac:02010b41cdec/antenna/tag/e2806894000050038661fd4f, 86
1652710278.626485, sdrt-health/mac:02010b41cdec/antenna/tag/e28068940000400386621d4f, 96
1652710278.677342, sdrt-health/mac:02010b41cdec/antenna/tag/e2806894000050038661fd4f, 86
1652710278.67801, sdrt-health/mac:02010b41cdec/antenna/tag/e2806894000050038661fd4f, 86
1652710278.748741, sdrt-health/mac:02010b41cdec/antenna/tag/e2806894000050038662154f, 85
1652710278.778457, sdrt-health/mac:02010b41cdec/antenna/tag/e28068940000400386621d4f, 90
1652710278.779007, sdrt-health/mac:02010b41cdec/antenna/tag/e2806894000050038662154f, 88
1652710278.77946, sdrt-health/mac:02010b41cdec/antenna/tag/e2806894000040038662114f, 97
1652710278.779892, sdrt-health/mac:02010b41cdec/antenna/tag/e2806894000050038661fd4f, 86
1652710278.828485, sdrt-health/mac:02010b41cdec/antenna/tag/e2806894000040038662114f, 91
1652710278.829199, sdrt-health/mac:02010b41cdec/antenna/tag/e2806894000040038662114f, 97
1652710278.841833, sdrt-health/mac:02010b41cdec/antenna/tag/e2806894000040038662114f, 88
1652710278.842047, sdrt-health/mac:02010b41cdec/antenna/tag/e2806894000050038662194f, 83
1652710278.842187, sdrt-health/mac:02010b41cdec/antenna/tag/e2806894000050038662194f, 81
1652710278.885484, sdrt-health/mac:02010b41cdec/antenna/tag/e28068940000400386621d4f, 96
1652710278.942903, sdrt-health/mac:02010b41cdec/antenna/tag/e2806894000040038662114f, 88
1652710278.973757, sdrt-health/mac:02010b41cdec/antenna/tag/e2806894000040038662114f, 88
1652710278.974141, sdrt-health/mac:02010b41cdec/antenna/tag/e28068940000400386621d4f, 96
1652710278.988187, sdrt-health/mac:02010b41cdec/antenna/tag/e2806894000050038661fd4f, 97
1652710279.061404, sdrt-health/mac:02010b41cdec/antenna/tag/e2806894000050038662154f, 85
1652710279.147428, sdrt-health/mac:02010b41cdec/antenna/tag/e28068940000400386621d4f, 96
1652710279.147985, sdrt-health/mac:02010b41cdec/antenna/tag/e2806894000040038662114f, 88
1652710279.163606, sdrt-health/mac:02010b41cdec/antenna/tag/e2806894000050038662154f, 85
1652710279.164148, sdrt-health/mac:02010b41cdec/antenna/tag/e2806894000050038662194f, 81
1652710279.16459, sdrt-health/mac:02010b41cdec/antenna/tag/e28068940000400386621d4f, 96
1652710279.213948, sdrt-health/mac:02010b41cdec/antenna/tag/e28068940000400386621d4f, 96
1652710279.245501, sdrt-health/mac:02010b41cdec/antenna/tag/e2806894000050038662154f, 88
1652710279.245956, sdrt-health/mac:02010b41cdec/antenna/tag/e28068940000400386621d4f, 96
1652710279.246264, sdrt-health/mac:02010b41cdec/antenna/tag/e2806894000050038661fd4f, 83
1652710279.258878, sdrt-health/mac:02010b41cdec/antenna/tag/e2806894000050038662154f, 91
1652710279.259183, sdrt-health/mac:02010b41cdec/antenna/tag/e28068940000400386621d4f, 96
1652710279.259372, sdrt-health/mac:02010b41cdec/antenna/tag/e2806894000050038662154f, 85
1652710279.312277, sdrt-health/mac:02010b41cdec/antenna/tag/e2806894000050038662154f, 88
1652710279.349294, sdrt-health/mac:02010b41cdec/antenna/tag/e2806894000050038662194f, 83
1652710279.425186, sdrt-health/mac:02010b41cdec/antenna/tag/e2806894000050038661fd4f, 83
1652710279.454828, sdrt-health/mac:02010b41cdec/antenna/tag/e2806894000050038662154f, 91
1652710279.455127, sdrt-health/mac:02010b41cdec/antenna/tag/e2806894000040038662114f, 88
1652710279.470999, sdrt-health/mac:02010b41cdec/antenna/tag/e2806894000050038661fd4f, 83
1652710279.510234, sdrt-health/mac:02010b41cdec/antenna/tag/e2806894000050038661fd4f, 83
1652710279.510633, sdrt-health/mac:02010b41cdec/antenna/tag/e28068940000400386621d4f, 96
1652710279.54779, sdrt-health/mac:02010b41cdec/antenna/tag/e2806894000050038661fd4f, 86
1652710279.592609, sdrt-health/mac:02010b41cdec/antenna/tag/e2806894000040038662114f, 88
1652710279.64255, sdrt-health/mac:02010b41cdec/antenna/tag/e2806894000050038662154f, 88
1652710279.643924, sdrt-health/mac:02010b41cdec/antenna/tag/e2806894000040038662114f, 91
1652710279.64431, sdrt-health/mac:02010b41cdec/antenna/tag/e28068940000400386621d4f, 96
1652710279.692275, sdrt-health/mac:02010b41cdec/antenna/tag/e2806894000040038662114f, 88
1652710279.692784, sdrt-health/mac:02010b41cdec/antenna/tag/e28068940000400386621d4f, 96
1652710279.740333, sdrt-health/mac:02010b41cdec/antenna/tag/e2806894000050038661fd4f, 86
1652710279.76808, sdrt-health/mac:02010b41cdec/antenna/tag/e2806894000050038662154f, 88
1652710279.768272, sdrt-health/mac:02010b41cdec/antenna/tag/e2806894000040038662114f, 91
1652710279.768389, sdrt-health/mac:02010b41cdec/antenna/tag/e2806894000050038662154f, 88
1652710279.787261, sdrt-health/mac:02010b41cdec/antenna/tag/e2806894000050038662154f, 88
1652710279.79061, sdrt-health/mac:02010b41cdec/antenna/tag/e2806894000040038662114f, 88
1652710279.84751, sdrt-health/mac:02010b41cdec/antenna/tag/e2806894000050038661fd4f, 83
1652710279.87412, sdrt-health/mac:02010b41cdec/antenna/tag/e2806894000050038661fd4f, 83
1652710279.874497, sdrt-health/mac:02010b41cdec/antenna/tag/e28068940000400386621d4f, 90
1652710279.874738, sdrt-health/mac:02010b41cdec/antenna/tag/e2806894000040038662114f, 91
1652710279.896545, sdrt-health/mac:02010b41cdec/antenna/tag/e2806894000050038661fd4f, 83
1652710279.896894, sdrt-health/mac:02010b41cdec/antenna/tag/e2806894000040038662214f, 94
1652710279.957666, sdrt-health/mac:02010b41cdec/antenna/tag/e2806894000040038662214f, 94
1652710280.01386, sdrt-health/mac:02010b41cdec/antenna/tag/e28068940000400386621d4f, 96
1652710280.014355, sdrt-health/mac:02010b41cdec/antenna/tag/e2806894000040038662114f, 88
1652710280.068721, sdrt-health/mac:02010b41cdec/antenna/tag/e2806894000050038662154f, 88
1652710280.133874, sdrt-health/mac:02010b41cdec/antenna/tag/e2806894000050038662154f, 88
1652710280.134452, sdrt-health/mac:02010b41cdec/antenna/tag/e2806894000050038661fd4f, 83
1652710280.148521, sdrt-health/mac:02010b41cdec/antenna/tag/e2806894000040038662114f, 88
1652710280.164696, sdrt-health/mac:02010b41cdec/antenna/tag/e2806894000050038662154f, 88
1652710280.167179, sdrt-health/mac:02010b41cdec/antenna/tag/e28068940000400386621d4f, 90
1652710280.214846, sdrt-health/mac:02010b41cdec/antenna/tag/e2806894000050038661fd4f, 86
1652710280.215224, sdrt-health/mac:02010b41cdec/antenna/tag/e2806894000050038662154f, 88
1652710280.307208, sdrt-health/mac:02010b41cdec/antenna/tag/e2806894000050038661fd4f, 86
1652710280.307684, sdrt-health/mac:02010b41cdec/antenna/tag/e2806894000050038662194f, 81
1652710280.355052, sdrt-health/mac:02010b41cdec/antenna/tag/e2806894000050038661fd4f, 83
1652710280.421321, sdrt-health/mac:02010b41cdec/antenna/tag/e2806894000050038662154f, 88
1652710280.421773, sdrt-health/mac:02010b41cdec/antenna/tag/e2806894000050038662194f, 94
1652710280.422111, sdrt-health/mac:02010b41cdec/antenna/tag/e2806894000040038662114f, 91
1652710280.47076, sdrt-health/mac:02010b41cdec/antenna/tag/e28068940000400386621d4f, 96
1652710280.519036, sdrt-health/mac:02010b41cdec/antenna/tag/e2806894000050038661fd4f, 83
1652710280.581171, sdrt-health/mac:02010b41cdec/antenna/tag/e2806894000050038661fd4f, 83
1652710280.581708, sdrt-health/mac:02010b41cdec/antenna/tag/e2806894000050038661fd4f, 83
1652710280.611663, sdrt-health/mac:02010b41cdec/antenna/tag/e2806894000050038661fd4f, 86
1652710280.652288, sdrt-health/mac:02010b41cdec/antenna/tag/e28068940000400386621d4f, 90
1652710280.652653, sdrt-health/mac:02010b41cdec/antenna/tag/e28068940000400386621d4f, 96
1652710280.671294, sdrt-health/mac:02010b41cdec/antenna/tag/e2806894000040038662114f, 88
1652710280.671585, sdrt-health/mac:02010b41cdec/antenna/tag/e2806894000050038662154f, 88
1652710280.671823, sdrt-health/mac:02010b41cdec/antenna/tag/e2806894000050038661fd4f, 83
1652710280.729596, sdrt-health/mac:02010b41cdec/antenna/tag/e2806894000050038661fd4f, 83
1652710280.790428, sdrt-health/mac:02010b41cdec/antenna/tag/e28068940000400386621d4f, 96
1652710280.790979, sdrt-health/mac:02010b41cdec/antenna/tag/e2806894000040038662114f, 88
1652710280.827092, sdrt-health/mac:02010b41cdec/antenna/tag/e2806894000050038662154f, 88
1652710280.865818, sdrt-health/mac:02010b41cdec/antenna/tag/e2806894000050038662154f, 85
1652710280.866237, sdrt-health/mac:02010b41cdec/antenna/tag/e2806894000050038662154f, 85
1652710280.9047, sdrt-health/mac:02010b41cdec/antenna/tag/e2806894000040038662114f, 85
1652710280.948231, sdrt-health/mac:02010b41cdec/antenna/tag/e2806894000040038662114f, 85
1652710280.948838, sdrt-health/mac:02010b41cdec/antenna/tag/e2806894000050038661fd4f, 83
1652710280.961993, sdrt-health/mac:02010b41cdec/antenna/tag/e2806894000050038662154f, 88
1652710280.962472, sdrt-health/mac:02010b41cdec/antenna/tag/e2806894000050038662154f, 91
1652710280.962796, sdrt-health/mac:02010b41cdec/antenna/tag/e2806894000050038661fd4f, 83
1652710280.994344, sdrt-health/mac:02010b41cdec/antenna/tag/e28068940000400386621d4f, 96
1652710281.058399, sdrt-health/mac:02010b41cdec/antenna/tag/e2806894000050038661fd4f, 86
1652710281.058898, sdrt-health/mac:02010b41cdec/antenna/tag/e2806894000040038662114f, 88
1652710281.073269, sdrt-health/mac:02010b41cdec/antenna/tag/e2806894000050038661fd4f, 83
1652710281.092898, sdrt-health/mac:02010b41cdec/antenna/tag/e2806894000050038661fd4f, 86
1652710281.134953, sdrt-health/mac:02010b41cdec/antenna/tag/e2806894000040038662114f, 88
1652710281.135309, sdrt-health/mac:02010b41cdec/antenna/tag/e2806894000050038662154f, 88
1652710281.149346, sdrt-health/mac:02010b41cdec/antenna/tag/e28068940000400386621d4f, 96
1652710281.18197, sdrt-health/mac:02010b41cdec/antenna/tag/e2806894000050038661fd4f, 83
1652710281.254415, sdrt-health/mac:02010b41cdec/antenna/tag/e2806894000050038661fd4f, 86
1652710281.254893, sdrt-health/mac:02010b41cdec/antenna/tag/e2806894000050038661fd4f, 86
1652710281.272228, sdrt-health/mac:02010b41cdec/antenna/tag/e2806894000040038662114f, 85
1652710281.27253, sdrt-health/mac:02010b41cdec/antenna/tag/e2806894000050038662154f, 91
1652710281.287385, sdrt-health/mac:02010b41cdec/antenna/tag/e2806894000050038662154f, 88
1652710281.348962, sdrt-health/mac:02010b41cdec/antenna/tag/e2806894000050038661fd4f, 86
1652710281.349474, sdrt-health/mac:02010b41cdec/antenna/tag/e28068940000400386621d4f, 90
1652710281.383366, sdrt-health/mac:02010b41cdec/antenna/tag/e2806894000040038662114f, 88
1652710281.430097, sdrt-health/mac:02010b41cdec/antenna/tag/e28068940000400386621d4f, 96
1652710281.430598, sdrt-health/mac:02010b41cdec/antenna/tag/e2806894000050038662154f, 85
1652710281.470871, sdrt-health/mac:02010b41cdec/antenna/tag/e2806894000050038661fd4f, 86
1652710281.526585, sdrt-health/mac:02010b41cdec/antenna/tag/e2806894000050038662154f, 91
1652710281.58344, sdrt-health/mac:02010b41cdec/antenna/tag/e28068940000400386621d4f, 90
1652710281.583899, sdrt-health/mac:02010b41cdec/antenna/tag/e2806894000050038662154f, 88
1652710281.597572, sdrt-health/mac:02010b41cdec/antenna/tag/e2806894000040038662114f, 91
1652710281.62289, sdrt-health/mac:02010b41cdec/antenna/tag/e28068940000400386621d4f, 90
1652710281.623161, sdrt-health/mac:02010b41cdec/antenna/tag/e2806894000050038661fd4f, 86
1652710281.657222, sdrt-health/mac:02010b41cdec/antenna/tag/e2806894000050038662154f, 88
1652710281.738044, sdrt-health/mac:02010b41cdec/antenna/tag/e2806894000050038662154f, 91
1652710281.738604, sdrt-health/mac:02010b41cdec/antenna/tag/e2806894000050038661fd4f, 83
1652710281.773882, sdrt-health/mac:02010b41cdec/antenna/tag/e28068940000400386621d4f, 96
1652710281.842659, sdrt-health/mac:02010b41cdec/antenna/tag/e2806894000040038662114f, 88
1652710281.843126, sdrt-health/mac:02010b41cdec/antenna/tag/e28068940000400386621d4f, 96
1652710281.856358, sdrt-health/mac:02010b41cdec/antenna/tag/e2806894000050038661fd4f, 97
1652710281.878082, sdrt-health/mac:02010b41cdec/antenna/tag/e28068940000400386621d4f, 96
1652710281.94867, sdrt-health/mac:02010b41cdec/antenna/tag/e2806894000050038661fd4f, 83
1652710281.949169, sdrt-health/mac:02010b41cdec/antenna/tag/e2806894000050038661fd4f, 97
1652710281.966082, sdrt-health/mac:02010b41cdec/antenna/tag/e2806894000050038662154f, 85
1652710281.967163, sdrt-health/mac:02010b41cdec/antenna/tag/e28068940000400386621d4f, 96
1652710281.967926, sdrt-health/mac:02010b41cdec/antenna/tag/e2806894000040038662114f, 85
1652710282.027987, sdrt-health/mac:02010b41cdec/antenna/tag/e2806894000040038662114f, 91
1652710282.06892, sdrt-health/mac:02010b41cdec/antenna/tag/e2806894000050038661fd4f, 83
1652710282.122027, sdrt-health/mac:02010b41cdec/antenna/tag/e2806894000050038661fd4f, 83
1652710282.122524, sdrt-health/mac:02010b41cdec/antenna/tag/e2806894000050038661fd4f, 83
1652710282.147678, sdrt-health/mac:02010b41cdec/antenna/tag/e2806894000050038661fd4f, 83
1652710282.190597, sdrt-health/mac:02010b41cdec/antenna/tag/e2806894000050038661fd4f, 83
1652710282.226129, sdrt-health/mac:02010b41cdec/antenna/tag/e2806894000050038662154f, 88
1652710282.274046, sdrt-health/mac:02010b41cdec/antenna/tag/e2806894000040038662114f, 91
1652710282.341255, sdrt-health/mac:02010b41cdec/antenna/tag/e2806894000050038661fd4f, 83
1652710282.341766, sdrt-health/mac:02010b41cdec/antenna/tag/e2806894000050038662194f, 83
1652710282.394353, sdrt-health/mac:02010b41cdec/antenna/tag/e28068940000400386621d4f, 77
1652710282.442691, sdrt-health/mac:02010b41cdec/antenna/tag/e2806894000050038662154f, 93
1652710282.471514, sdrt-health/mac:02010b41cdec/antenna/tag/e2806894000050038661fd4f, 83
1652710282.472001, sdrt-health/mac:02010b41cdec/antenna/tag/e28068940000400386621d4f, 96
1652710282.503226, sdrt-health/mac:02010b41cdec/antenna/tag/e2806894000040038662114f, 88
1652710282.567318, sdrt-health/mac:02010b41cdec/antenna/tag/e2806894000050038662194f, 83
1652710282.595211, sdrt-health/mac:02010b41cdec/antenna/tag/e2806894000050038662154f, 85
1652710282.595605, sdrt-health/mac:02010b41cdec/antenna/tag/e2806894000040038662114f, 91
1652710282.595979, sdrt-health/mac:02010b41cdec/antenna/tag/e2806894000050038662194f, 81
1652710282.608831, sdrt-health/mac:02010b41cdec/antenna/tag/e2806894000050038662154f, 88
1652710282.609143, sdrt-health/mac:02010b41cdec/antenna/tag/e2806894000050038662154f, 85
1652710282.653001, sdrt-health/mac:02010b41cdec/antenna/tag/e2806894000040038661f94f, 88
1652710282.691098, sdrt-health/mac:02010b41cdec/antenna/tag/e2806894000050038661fd4f, 83
1652710282.723919, sdrt-health/mac:02010b41cdec/antenna/tag/e28068940000400386621d4f, 96
1652710282.724172, sdrt-health/mac:02010b41cdec/antenna/tag/e2806894000050038661fd4f, 83
1652710282.747839, sdrt-health/mac:02010b41cdec/antenna/tag/e28068940000400386621d4f, 90
1652710282.820836, sdrt-health/mac:02010b41cdec/antenna/tag/e2806894000040038662114f, 88
1652710282.821336, sdrt-health/mac:02010b41cdec/antenna/tag/e2806894000040038662114f, 88
1652710282.834003, sdrt-health/mac:02010b41cdec/antenna/tag/e2806894000050038662154f, 85
1652710282.855703, sdrt-health/mac:02010b41cdec/antenna/tag/e28068940000400386621d4f, 96
1652710282.884875, sdrt-health/mac:02010b41cdec/antenna/tag/e2806894000050038662194f, 83
1652710282.885152, sdrt-health/mac:02010b41cdec/antenna/tag/e28068940000400386621d4f, 96
1652710282.885326, sdrt-health/mac:02010b41cdec/antenna/tag/e2806894000050038661fd4f, 83
1652710282.96636, sdrt-health/mac:02010b41cdec/antenna/tag/e2806894000050038662154f, 91
1652710283.02748, sdrt-health/mac:02010b41cdec/antenna/tag/e2806894000050038662154f, 85
1652710283.070129, sdrt-health/mac:02010b41cdec/antenna/tag/e2806894000050038661fd4f, 83
1652710283.070715, sdrt-health/mac:02010b41cdec/antenna/tag/e28068940000400386621d4f, 77
1652710283.083414, sdrt-health/mac:02010b41cdec/antenna/tag/e2806894000050038661fd4f, 83
1652710283.083664, sdrt-health/mac:02010b41cdec/antenna/tag/e28068940000400386621d4f, 77
1652710283.083844, sdrt-health/mac:02010b41cdec/antenna/tag/e2806894000040038662214f, 94
1652710283.107779, sdrt-health/mac:02010b41cdec/antenna/tag/e2806894000040038662114f, 85
1652710283.172267, sdrt-health/mac:02010b41cdec/antenna/tag/e2806894000050038662154f, 85
1652710283.172735, sdrt-health/mac:02010b41cdec/antenna/tag/e2806894000040038662114f, 88
1652710283.205174, sdrt-health/mac:02010b41cdec/antenna/tag/e2806894000050038662194f, 83
1652710283.260775, sdrt-health/mac:02010b41cdec/antenna/tag/e2806894000050038661fd4f, 83
1652710283.261193, sdrt-health/mac:02010b41cdec/antenna/tag/e28068940000400386621d4f, 96
1652710283.303104, sdrt-health/mac:02010b41cdec/antenna/tag/e2806894000050038662154f, 85
1652710283.348515, sdrt-health/mac:02010b41cdec/antenna/tag/e28068940000400386621d4f, 96
1652710283.406705, sdrt-health/mac:02010b41cdec/antenna/tag/e2806894000050038662154f, 85
1652710283.45504, sdrt-health/mac:02010b41cdec/antenna/tag/e28068940000400386621d4f, 96
1652710283.509019, sdrt-health/mac:02010b41cdec/antenna/tag/e2806894000050038662154f, 88
1652710283.566968, sdrt-health/mac:02010b41cdec/antenna/tag/e2806894000040038662114f, 97
1652710283.56747, sdrt-health/mac:02010b41cdec/antenna/tag/e2806894000050038661fd4f, 83
1652710283.583511, sdrt-health/mac:02010b41cdec/antenna/tag/e2806894000050038661fd4f, 86
1652710283.583705, sdrt-health/mac:02010b41cdec/antenna/tag/e2806894000040038662114f, 91
1652710283.583857, sdrt-health/mac:02010b41cdec/antenna/tag/e28068940000400386621d4f, 77
1652710283.612792, sdrt-health/mac:02010b41cdec/antenna/tag/e2806894000040038662114f, 91
1652710283.66233, sdrt-health/mac:02010b41cdec/antenna/tag/e2806894000040038662114f, 91
1652710283.663286, sdrt-health/mac:02010b41cdec/antenna/tag/e2806894000050038661fd4f, 83
1652710283.698642, sdrt-health/mac:02010b41cdec/antenna/tag/e2806894000040038662114f, 91
1652710283.738249, sdrt-health/mac:02010b41cdec/antenna/tag/e28068940000400386621d4f, 90
1652710283.810611, sdrt-health/mac:02010b41cdec/antenna/tag/e2806894000040038662114f, 91
1652710283.811185, sdrt-health/mac:02010b41cdec/antenna/tag/e28068940000400386621d4f, 90
1652710283.824699, sdrt-health/mac:02010b41cdec/antenna/tag/e28068940000400386621d4f, 96
1652710283.845591, sdrt-health/mac:02010b41cdec/antenna/tag/e2806894000050038661fd4f, 83
1652710283.9035, sdrt-health/mac:02010b41cdec/antenna/tag/e28068940000400386621d4f, 90
1652710283.904007, sdrt-health/mac:02010b41cdec/antenna/tag/e28068940000400386621d4f, 90
1652710283.98269, sdrt-health/mac:02010b41cdec/antenna/tag/e2806894000050038661fd4f, 83
1652710283.982989, sdrt-health/mac:02010b41cdec/antenna/tag/e2806894000040038662114f, 88
1652710283.996994, sdrt-health/mac:02010b41cdec/antenna/tag/e28068940000400386621d4f, 96
1652710283.997272, sdrt-health/mac:02010b41cdec/antenna/tag/e2806894000040038662114f, 91
1652710284.047228, sdrt-health/mac:02010b41cdec/antenna/tag/e28068940000400386621d4f, 77
1652710284.110189, sdrt-health/mac:02010b41cdec/antenna/tag/e2806894000050038662194f, 83
1652710284.110444, sdrt-health/mac:02010b41cdec/antenna/tag/e2806894000050038662194f, 81
1652710284.110729, sdrt-health/mac:02010b41cdec/antenna/tag/e28068940000400386621d4f, 90
1652710284.123605, sdrt-health/mac:02010b41cdec/antenna/tag/e2806894000050038661fd4f, 86
1652710284.147293, sdrt-health/mac:02010b41cdec/antenna/tag/e28068940000400386621d4f, 90
1652710284.174199, sdrt-health/mac:02010b41cdec/antenna/tag/e2806894000050038662154f, 88
1652710284.17449, sdrt-health/mac:02010b41cdec/antenna/tag/e2806894000050038662154f, 88
1652710284.18796, sdrt-health/mac:02010b41cdec/antenna/tag/e28068940000400386621d4f, 90
1652710284.263077, sdrt-health/mac:02010b41cdec/antenna/tag/e2806894000050038661fd4f, 86
1652710284.290919, sdrt-health/mac:02010b41cdec/antenna/tag/e2806894000050038662154f, 88
1652710284.291243, sdrt-health/mac:02010b41cdec/antenna/tag/e2806894000040038662114f, 91
1652710284.307133, sdrt-health/mac:02010b41cdec/antenna/tag/e2806894000050038662154f, 88
1652710284.381095, sdrt-health/mac:02010b41cdec/antenna/tag/e2806894000050038661fd4f, 86
1652710284.381347, sdrt-health/mac:02010b41cdec/antenna/tag/e2806894000050038662194f, 83
1652710284.399941, sdrt-health/mac:02010b41cdec/antenna/tag/e2806894000040038662114f, 88
1652710284.400175, sdrt-health/mac:02010b41cdec/antenna/tag/e2806894000050038662194f, 81
1652710284.400347, sdrt-health/mac:02010b41cdec/antenna/tag/e2806894000050038662154f, 85
1652710284.400505, sdrt-health/mac:02010b41cdec/antenna/tag/e2806894000040038662114f, 97
1652710284.401108, sdrt-health/mac:02010b41cdec/antenna/tag/e2806894000040038662114f, 88
1652710284.441147, sdrt-health/mac:02010b41cdec/antenna/tag/e2806894000040038662114f, 88
1652710284.493995, sdrt-health/mac:02010b41cdec/antenna/tag/e2806894000050038662154f, 85
1652710284.552059, sdrt-health/mac:02010b41cdec/antenna/tag/e2806894000040038662114f, 91
1652710284.552267, sdrt-health/mac:02010b41cdec/antenna/tag/e2806894000050038662154f, 85
1652710284.565589, sdrt-health/mac:02010b41cdec/antenna/tag/e2806894000040038662114f, 88
1652710284.56582, sdrt-health/mac:02010b41cdec/antenna/tag/e2806894000050038662194f, 94
1652710284.590504, sdrt-health/mac:02010b41cdec/antenna/tag/e2806894000050038661fd4f, 83
1652710284.82359, sdrt-health/mac:02010b41cdec/antenna/tag/e2806894000050038662194f, 81
1652710284.999117, sdrt-health/mac:02010b41cdec/antenna/tag/e2806894000050038662154f, 85
1652710285.027169, sdrt-health/mac:02010b41cdec/antenna/tag/e2806894000050038662194f, 83
1652710285.027521, sdrt-health/mac:02010b41cdec/antenna/tag/e28068940000400386621d4f, 96
1652710285.027889, sdrt-health/mac:02010b41cdec/antenna/tag/e2806894000040038662114f, 88
1652710285.028095, sdrt-health/mac:02010b41cdec/antenna/tag/e2806894000050038662194f, 83
1652710285.028392, sdrt-health/mac:02010b41cdec/antenna/tag/e2806894000050038662154f, 88
1652710285.028589, sdrt-health/mac:02010b41cdec/antenna/tag/e2806894000050038661fd4f, 83
1652710285.028825, sdrt-health/mac:02010b41cdec/antenna/tag/e28068940000400386621d4f, 96
1652710285.029069, sdrt-health/mac:02010b41cdec/antenna/tag/e2806894000050038661fd4f, 83
1652710285.029252, sdrt-health/mac:02010b41cdec/antenna/tag/e2806894000050038662154f, 91
1652710285.029424, sdrt-health/mac:02010b41cdec/antenna/tag/e2806894000040038662114f, 85
1652710285.029587, sdrt-health/mac:02010b41cdec/antenna/tag/e2806894000040038662114f, 88
1652710285.06448, sdrt-health/mac:02010b41cdec/antenna/tag/e2806894000040038662114f, 88
1652710285.122965, sdrt-health/mac:02010b41cdec/antenna/tag/e2806894000050038661fd4f, 83
1652710285.123182, sdrt-health/mac:02010b41cdec/antenna/tag/e2806894000050038661fd4f, 86
1652710285.138449, sdrt-health/mac:02010b41cdec/antenna/tag/e28068940000400386621d4f, 90
1652710285.145495, sdrt-health/mac:02010b41cdec/antenna/tag/e2806894000050038661fd4f, 86
1652710285.186209, sdrt-health/mac:02010b41cdec/antenna/tag/e2806894000050038662154f, 88
1652710285.285187, sdrt-health/mac:02010b41cdec/antenna/tag/e2806894000050038661fd4f, 90
1652710285.352464, sdrt-health/mac:02010b41cdec/antenna/tag/e2806894000040038662114f, 91
1652710285.412662, sdrt-health/mac:02010b41cdec/antenna/tag/e2806894000050038662194f, 87
1652710285.413167, sdrt-health/mac:02010b41cdec/antenna/tag/e28068940000400386621d4f, 90
1652710285.426902, sdrt-health/mac:02010b41cdec/antenna/tag/e2806894000040038662114f, 88
1652710285.446577, sdrt-health/mac:02010b41cdec/antenna/tag/e2806894000050038662154f, 88
1652710285.45091, sdrt-health/mac:02010b41cdec/antenna/tag/e2806894000050038661fd4f, 83
1652710285.451113, sdrt-health/mac:02010b41cdec/antenna/tag/e2806894000040038662114f, 88
1652710285.508282, sdrt-health/mac:02010b41cdec/antenna/tag/e2806894000050038662194f, 87
1652710285.557723, sdrt-health/mac:02010b41cdec/antenna/tag/e28068940000400386621d4f, 96
1652710285.558663, sdrt-health/mac:02010b41cdec/antenna/tag/e28068940000400386621d4f, 96
1652710285.636375, sdrt-health/mac:02010b41cdec/antenna/tag/e2806894000040038662114f, 85
1652710285.696832, sdrt-health/mac:02010b41cdec/antenna/tag/e28068940000400386621d4f, 96
1652710285.724152, sdrt-health/mac:02010b41cdec/antenna/tag/e2806894000040038662114f, 88
1652710285.724618, sdrt-health/mac:02010b41cdec/antenna/tag/e28068940000400386621d4f, 96
1652710285.725004, sdrt-health/mac:02010b41cdec/antenna/tag/e2806894000050038661fd4f, 83
1652710285.738607, sdrt-health/mac:02010b41cdec/antenna/tag/e2806894000040038662114f, 85
1652710285.802312, sdrt-health/mac:02010b41cdec/antenna/tag/e28068940000400386621d4f, 96
1652710285.802846, sdrt-health/mac:02010b41cdec/antenna/tag/e2806894000050038662154f, 85
1652710285.831166, sdrt-health/mac:02010b41cdec/antenna/tag/e2806894000050038662194f, 87
1652710285.857143, sdrt-health/mac:02010b41cdec/antenna/tag/e2806894000050038662154f, 88
1652710285.857383, sdrt-health/mac:02010b41cdec/antenna/tag/e28068940000400386621d4f, 96
1652710285.894097, sdrt-health/mac:02010b41cdec/antenna/tag/e2806894000050038662154f, 88
1652710285.949896, sdrt-health/mac:02010b41cdec/antenna/tag/e2806894000040038662114f, 91
1652710286.001749, sdrt-health/mac:02010b41cdec/antenna/tag/e2806894000050038661fd4f, 83
1652710286.002281, sdrt-health/mac:02010b41cdec/antenna/tag/e2806894000040038662114f, 88
1652710286.015424, sdrt-health/mac:02010b41cdec/antenna/tag/e2806894000050038661fd4f, 83
1652710286.036699, sdrt-health/mac:02010b41cdec/antenna/tag/e2806894000050038662154f, 88
1652710286.093976, sdrt-health/mac:02010b41cdec/antenna/tag/e28068940000400386621d4f, 96
1652710286.094307, sdrt-health/mac:02010b41cdec/antenna/tag/e2806894000040038662114f, 88
1652710286.107379, sdrt-health/mac:02010b41cdec/antenna/tag/e2806894000050038661fd4f, 83
1652710286.135941, sdrt-health/mac:02010b41cdec/antenna/tag/e2806894000050038662154f, 91
1652710286.136196, sdrt-health/mac:02010b41cdec/antenna/tag/e28068940000400386621d4f, 90
1652710286.176893, sdrt-health/mac:02010b41cdec/antenna/tag/e28068940000400386621d4f, 96
1652710286.2312, sdrt-health/mac:02010b41cdec/antenna/tag/e2806894000050038661fd4f, 86
1652710286.259729, sdrt-health/mac:02010b41cdec/antenna/tag/e2806894000050038661fd4f, 86
1652710286.260344, sdrt-health/mac:02010b41cdec/antenna/tag/e2806894000050038662154f, 88
1652710286.26079, sdrt-health/mac:02010b41cdec/antenna/tag/e28068940000400386621d4f, 96
1652710286.26118, sdrt-health/mac:02010b41cdec/antenna/tag/e2806894000040038662114f, 88
1652710286.279712, sdrt-health/mac:02010b41cdec/antenna/tag/e2806894000040038662114f, 88
1652710286.355513, sdrt-health/mac:02010b41cdec/antenna/tag/e28068940000400386621d4f, 90
1652710286.356076, sdrt-health/mac:02010b41cdec/antenna/tag/e2806894000050038662154f, 88
1652710286.388526, sdrt-health/mac:02010b41cdec/antenna/tag/e2806894000050038662154f, 88
1652710286.462482, sdrt-health/mac:02010b41cdec/antenna/tag/e2806894000040038662114f, 88
1652710286.462946, sdrt-health/mac:02010b41cdec/antenna/tag/e2806894000050038661fd4f, 83
1652710286.480697, sdrt-health/mac:02010b41cdec/antenna/tag/e28068940000400386621d4f, 77
1652710286.49518, sdrt-health/mac:02010b41cdec/antenna/tag/e2806894000050038662154f, 85
1652710286.495813, sdrt-health/mac:02010b41cdec/antenna/tag/e28068940000400386621d4f, 77
1652710286.597426, sdrt-health/mac:02010b41cdec/antenna/tag/e2806894000050038662154f, 88
1652710286.644951, sdrt-health/mac:02010b41cdec/antenna/tag/e2806894000040038662114f, 97
1652710286.689765, sdrt-health/mac:02010b41cdec/antenna/tag/e2806894000050038662154f, 88
1652710286.690201, sdrt-health/mac:02010b41cdec/antenna/tag/e28068940000400386621d4f, 90
1652710286.756698, sdrt-health/mac:02010b41cdec/antenna/tag/e2806894000050038662194f, 84
1652710286.819721, sdrt-health/mac:02010b41cdec/antenna/tag/e2806894000050038661fd4f, 86
1652710286.820241, sdrt-health/mac:02010b41cdec/antenna/tag/e2806894000040038662114f, 91
1652710286.833235, sdrt-health/mac:02010b41cdec/antenna/tag/e2806894000040038662114f, 91
1652710286.854106, sdrt-health/mac:02010b41cdec/antenna/tag/e2806894000050038662194f, 83
1652710286.90798, sdrt-health/mac:02010b41cdec/antenna/tag/e2806894000050038662154f, 85
1652710286.940745, sdrt-health/mac:02010b41cdec/antenna/tag/e2806894000050038662194f, 81
1652710286.941136, sdrt-health/mac:02010b41cdec/antenna/tag/e28068940000400386621d4f, 90
1652710286.966757, sdrt-health/mac:02010b41cdec/antenna/tag/e28068940000400386621d4f, 77
1652710286.967087, sdrt-health/mac:02010b41cdec/antenna/tag/e28068940000400386621d4f, 77
1652710287.018324, sdrt-health/mac:02010b41cdec/antenna/tag/e2806894000040038662114f, 85
1652710287.045387, sdrt-health/mac:02010b41cdec/antenna/tag/e2806894000040038662214f, 84
1652710287.045713, sdrt-health/mac:02010b41cdec/antenna/tag/e2806894000050038662154f, 85
1652710287.046672, sdrt-health/mac:02010b41cdec/antenna/tag/e2806894000050038661fd4f, 83
1652710287.067793, sdrt-health/mac:02010b41cdec/antenna/tag/e2806894000050038661fd4f, 83
1652710287.134169, sdrt-health/mac:02010b41cdec/antenna/tag/e2806894000040038662114f, 88
1652710287.166383, sdrt-health/mac:02010b41cdec/antenna/tag/e2806894000050038662154f, 91
1652710287.166801, sdrt-health/mac:02010b41cdec/antenna/tag/e2806894000050038662154f, 88
1652710287.179778, sdrt-health/mac:02010b41cdec/antenna/tag/e2806894000040038662114f, 88
1652710287.180275, sdrt-health/mac:02010b41cdec/antenna/tag/e28068940000400386621d4f, 96
1652710287.229999, sdrt-health/mac:02010b41cdec/antenna/tag/e2806894000050038661fd4f, 83
1652710287.257545, sdrt-health/mac:02010b41cdec/antenna/tag/e2806894000040038662114f, 88
1652710287.257942, sdrt-health/mac:02010b41cdec/antenna/tag/e2806894000040038662114f, 88
1652710287.291783, sdrt-health/mac:02010b41cdec/antenna/tag/e2806894000050038662154f, 88
1652710287.336371, sdrt-health/mac:02010b41cdec/antenna/tag/e2806894000040038662114f, 88
1652710287.336812, sdrt-health/mac:02010b41cdec/antenna/tag/e2806894000050038662154f, 85
1652710287.404477, sdrt-health/mac:02010b41cdec/antenna/tag/e2806894000040038662114f, 85
1652710287.405617, sdrt-health/mac:02010b41cdec/antenna/tag/e2806894000050038662154f, 88
1652710287.482455, sdrt-health/mac:02010b41cdec/antenna/tag/e2806894000050038661fd4f, 83
1652710287.482686, sdrt-health/mac:02010b41cdec/antenna/tag/e2806894000050038661fd4f, 83
1652710287.483031, sdrt-health/mac:02010b41cdec/antenna/tag/e28068940000400386621d4f, 96
1652710287.511464, sdrt-health/mac:02010b41cdec/antenna/tag/e28068940000400386621d4f, 96
1652710287.539908, sdrt-health/mac:02010b41cdec/antenna/tag/e2806894000040038662114f, 88
1652710287.540137, sdrt-health/mac:02010b41cdec/antenna/tag/e2806894000050038661fd4f, 83
1652710287.540233, sdrt-health/mac:02010b41cdec/antenna/tag/e28068940000400386621d4f, 96
1652710287.553532, sdrt-health/mac:02010b41cdec/antenna/tag/e2806894000040038662114f, 88
1652710287.606237, sdrt-health/mac:02010b41cdec/antenna/tag/e28068940000400386621d4f, 96
1652710287.648804, sdrt-health/mac:02010b41cdec/antenna/tag/e2806894000050038662154f, 88
1652710287.728558, sdrt-health/mac:02010b41cdec/antenna/tag/e2806894000050038661fd4f, 86
1652710287.728811, sdrt-health/mac:02010b41cdec/antenna/tag/e2806894000040038662114f, 88
1652710287.765305, sdrt-health/mac:02010b41cdec/antenna/tag/e2806894000040038662114f, 88
1652710287.815271, sdrt-health/mac:02010b41cdec/antenna/tag/e2806894000040038662114f, 91
1652710287.815768, sdrt-health/mac:02010b41cdec/antenna/tag/e2806894000040038662114f, 88
1652710287.876115, sdrt-health/mac:02010b41cdec/antenna/tag/e2806894000050038662154f, 85
1652710287.876359, sdrt-health/mac:02010b41cdec/antenna/tag/e28068940000400386621d4f, 96
1652710287.949273, sdrt-health/mac:02010b41cdec/antenna/tag/e2806894000050038662194f, 83
1652710287.949556, sdrt-health/mac:02010b41cdec/antenna/tag/e2806894000050038661fd4f, 83
1652710287.963415, sdrt-health/mac:02010b41cdec/antenna/tag/e2806894000050038662154f, 93
1652710287.991645, sdrt-health/mac:02010b41cdec/antenna/tag/e2806894000040038662114f, 88
1652710288.031077, sdrt-health/mac:02010b41cdec/antenna/tag/e2806894000050038662154f, 91
1652710288.057731, sdrt-health/mac:02010b41cdec/antenna/tag/e2806894000050038662154f, 88
1652710288.058001, sdrt-health/mac:02010b41cdec/antenna/tag/e2806894000050038662154f, 88
1652710288.097075, sdrt-health/mac:02010b41cdec/antenna/tag/e2806894000050038662154f, 88
1652710288.155399, sdrt-health/mac:02010b41cdec/antenna/tag/e2806894000040038662114f, 91
1652710288.183536, sdrt-health/mac:02010b41cdec/antenna/tag/e28068940000400386621d4f, 90
1652710288.18414, sdrt-health/mac:02010b41cdec/antenna/tag/e2806894000050038661fd4f, 83
1652710288.184455, sdrt-health/mac:02010b41cdec/antenna/tag/e2806894000050038661fd4f, 86
1652710288.198828, sdrt-health/mac:02010b41cdec/antenna/tag/e28068940000400386621d4f, 96
1652710288.270193, sdrt-health/mac:02010b41cdec/antenna/tag/e2806894000050038662154f, 88
1652710288.270685, sdrt-health/mac:02010b41cdec/antenna/tag/e2806894000050038661fd4f, 83
1652710288.271023, sdrt-health/mac:02010b41cdec/antenna/tag/e2806894000050038662154f, 85
1652710288.271347, sdrt-health/mac:02010b41cdec/antenna/tag/e2806894000050038661fd4f, 83
1652710288.309002, sdrt-health/mac:02010b41cdec/antenna/tag/e2806894000040038662114f, 88
1652710288.371311, sdrt-health/mac:02010b41cdec/antenna/tag/e2806894000050038662154f, 88
1652710288.371774, sdrt-health/mac:02010b41cdec/antenna/tag/e2806894000050038662154f, 93
1652710288.421589, sdrt-health/mac:02010b41cdec/antenna/tag/e2806894000040038662114f, 85
1652710288.485195, sdrt-health/mac:02010b41cdec/antenna/tag/e28068940000400386621d4f, 96
1652710288.528065, sdrt-health/mac:02010b41cdec/antenna/tag/e2806894000050038661fd4f, 83
1652710288.556508, sdrt-health/mac:02010b41cdec/antenna/tag/e2806894000050038662154f, 91
1652710288.556927, sdrt-health/mac:02010b41cdec/antenna/tag/e28068940000400386621d4f, 96
1652710288.580191, sdrt-health/mac:02010b41cdec/antenna/tag/e28068940000400386621d4f, 96
1652710288.654247, sdrt-health/mac:02010b41cdec/antenna/tag/e2806894000050038662154f, 88
1652710288.706453, sdrt-health/mac:02010b41cdec/antenna/tag/e2806894000050038661fd4f, 83
1652710288.706913, sdrt-health/mac:02010b41cdec/antenna/tag/e2806894000040038662114f, 88
1652710288.767158, sdrt-health/mac:02010b41cdec/antenna/tag/e28068940000400386621d4f, 90
1652710288.828323, sdrt-health/mac:02010b41cdec/antenna/tag/e2806894000050038662154f, 88
1652710288.870637, sdrt-health/mac:02010b41cdec/antenna/tag/e2806894000040038662114f, 97
1652710288.871225, sdrt-health/mac:02010b41cdec/antenna/tag/e2806894000050038661fd4f, 86
1652710288.883633, sdrt-health/mac:02010b41cdec/antenna/tag/e2806894000040038662114f, 91
1652710288.915934, sdrt-health/mac:02010b41cdec/antenna/tag/e2806894000050038661fd4f, 86
1652710288.916205, sdrt-health/mac:02010b41cdec/antenna/tag/e28068940000400386621d4f, 77
1652710288.928987, sdrt-health/mac:02010b41cdec/antenna/tag/e2806894000050038662154f, 85
1652710288.974906, sdrt-health/mac:02010b41cdec/antenna/tag/e28068940000400386621d4f, 77
1652710289.00142, sdrt-health/mac:02010b41cdec/antenna/tag/e2806894000050038661fd4f, 86
1652710289.001626, sdrt-health/mac:02010b41cdec/antenna/tag/e2806894000040038662114f, 88
1652710289.001742, sdrt-health/mac:02010b41cdec/antenna/tag/e2806894000050038662154f, 93
1652710289.019546, sdrt-health/mac:02010b41cdec/antenna/tag/e2806894000050038662154f, 88
1652710289.089723, sdrt-health/mac:02010b41cdec/antenna/tag/e2806894000040038662114f, 91
1652710289.090189, sdrt-health/mac:02010b41cdec/antenna/tag/e2806894000050038662154f, 85
1652710289.10348, sdrt-health/mac:02010b41cdec/antenna/tag/e2806894000040038662114f, 88
1652710289.126208, sdrt-health/mac:02010b41cdec/antenna/tag/e28068940000400386621d4f, 96
1652710289.162033, sdrt-health/mac:02010b41cdec/antenna/tag/e2806894000050038661fd4f, 83
1652710289.163093, sdrt-health/mac:02010b41cdec/antenna/tag/e2806894000050038661fd4f, 83
1652710289.177536, sdrt-health/mac:02010b41cdec/antenna/tag/e2806894000050038662154f, 88
1652710289.214836, sdrt-health/mac:02010b41cdec/antenna/tag/e2806894000050038662154f, 88
1652710289.269729, sdrt-health/mac:02010b41cdec/antenna/tag/e28068940000400386621d4f, 96
1652710289.270025, sdrt-health/mac:02010b41cdec/antenna/tag/e2806894000040038662114f, 88
1652710289.270226, sdrt-health/mac:02010b41cdec/antenna/tag/e2806894000050038662154f, 91
1652710289.28433, sdrt-health/mac:02010b41cdec/antenna/tag/e2806894000050038662154f, 88
1652710289.315424, sdrt-health/mac:02010b41cdec/antenna/tag/e2806894000050038661fd4f, 83
1652710289.373475, sdrt-health/mac:02010b41cdec/antenna/tag/e28068940000400386621d4f, 96
1652710289.427243, sdrt-health/mac:02010b41cdec/antenna/tag/e2806894000050038661fd4f, 83
1652710289.470024, sdrt-health/mac:02010b41cdec/antenna/tag/e2806894000050038662154f, 91
1652710289.52424, sdrt-health/mac:02010b41cdec/antenna/tag/e2806894000040038662114f, 91
1652710289.524712, sdrt-health/mac:02010b41cdec/antenna/tag/e2806894000050038662154f, 85
1652710289.550068, sdrt-health/mac:02010b41cdec/antenna/tag/e2806894000040038662114f, 88
1652710289.550531, sdrt-health/mac:02010b41cdec/antenna/tag/e28068940000400386621d4f, 96
1652710289.605659, sdrt-health/mac:02010b41cdec/antenna/tag/e2806894000050038661fd4f, 83
1652710289.646989, sdrt-health/mac:02010b41cdec/antenna/tag/e2806894000040038662114f, 85
1652710289.70768, sdrt-health/mac:02010b41cdec/antenna/tag/e2806894000050038662194f, 83
1652710289.762623, sdrt-health/mac:02010b41cdec/antenna/tag/e2806894000050038662154f, 85
1652710289.763187, sdrt-health/mac:02010b41cdec/antenna/tag/e28068940000400386621d4f, 96
1652710289.763616, sdrt-health/mac:02010b41cdec/antenna/tag/e2806894000050038661fd4f, 83
1652710289.818382, sdrt-health/mac:02010b41cdec/antenna/tag/e2806894000050038662154f, 85
1652710289.869915, sdrt-health/mac:02010b41cdec/antenna/tag/e2806894000040038662114f, 88
1652710289.950562, sdrt-health/mac:02010b41cdec/antenna/tag/e2806894000050038662194f, 84
1652710289.951113, sdrt-health/mac:02010b41cdec/antenna/tag/e2806894000050038661fd4f, 86
1652710289.95146, sdrt-health/mac:02010b41cdec/antenna/tag/e2806894000040038662114f, 88
1652710290.173107, sdrt-health/mac:02010b41cdec/antenna/tag/scan, scan stopped
