1652710444.117634, sdrt-health/mac:02010b41cdec/antenna/power/set, {"power": 290}
1652710445.188645, sdrt-health/mac:02010b41cdec/antenna/power/set, 
1652710449.138654, sdrt-health/mac:02010b41cdec/antenna/tag/scan, {"time": 20000}
1652710449.50701, sdrt-health/mac:02010b41cdec/antenna/tag/e28068940000500386620d4f, 88
1652710449.547955, sdrt-health/mac:02010b41cdec/antenna/tag/e2806894000050038661fd4f, 83
1652710449.605211, sdrt-health/mac:02010b41cdec/antenna/tag/e2806894000040038662114f, 88
1652710449.606401, sdrt-health/mac:02010b41cdec/antenna/tag/e28068940000400386621d4f, 90
1652710449.646836, sdrt-health/mac:02010b41cdec/antenna/tag/e28068940000400386621d4f, 96
1652710449.707711, sdrt-health/mac:02010b41cdec/antenna/tag/e2806894000050038661fd4f, 83
1652710449.708237, sdrt-health/mac:02010b41cdec/antenna/tag/e2806894000050038661fd4f, 83
1652710449.708623, sdrt-health/mac:02010b41cdec/antenna/tag/e2806894000050038661fd4f, 83
1652710449.736767, sdrt-health/mac:02010b41cdec/antenna/tag/e2806894000050038661fd4f, 83
1652710449.786559, sdrt-health/mac:02010b41cdec/antenna/tag/e2806894000040038662114f, 91
1652710449.826235, sdrt-health/mac:02010b41cdec/antenna/tag/e2806894000040038662114f, 97
1652710449.888458, sdrt-health/mac:02010b41cdec/antenna/tag/e2806894000040038662114f, 91
1652710449.88891, sdrt-health/mac:02010b41cdec/antenna/tag/e2806894000050038661fd4f, 86
1652710449.908976, sdrt-health/mac:02010b41cdec/antenna/tag/e28068940000400386621d4f, 90
1652710449.941182, sdrt-health/mac:02010b41cdec/antenna/tag/e28068940000400386621d4f, 90
1652710449.941701, sdrt-health/mac:02010b41cdec/antenna/tag/e2806894000040038662114f, 91
1652710450.005663, sdrt-health/mac:02010b41cdec/antenna/tag/e28068940000500386620d4f, 88
1652710450.046435, sdrt-health/mac:02010b41cdec/antenna/tag/e2806894000050038661fd4f, 83
1652710450.093505, sdrt-health/mac:02010b41cdec/antenna/tag/e28068940000400386621d4f, 90
1652710450.150605, sdrt-health/mac:02010b41cdec/antenna/tag/e2806894000050038662154f, 88
1652710450.151102, sdrt-health/mac:02010b41cdec/antenna/tag/e2806894000050038662194f, 91
1652710450.164315, sdrt-health/mac:02010b41cdec/antenna/tag/e2806894000050038662194f, 93
1652710450.188022, sdrt-health/mac:02010b41cdec/antenna/tag/e2806894000050038661fd4f, 86
1652710450.265483, sdrt-health/mac:02010b41cdec/antenna/tag/e2806894000050038661fd4f, 86
1652710450.266051, sdrt-health/mac:02010b41cdec/antenna/tag/e28068940000400386621d4f, 96
1652710450.27996, sdrt-health/mac:02010b41cdec/antenna/tag/e2806894000050038661fd4f, 83
1652710450.280301, sdrt-health/mac:02010b41cdec/antenna/tag/e2806894000050038662154f, 91
1652710450.280587, sdrt-health/mac:02010b41cdec/antenna/tag/e2806894000040038662114f, 91
1652710450.280821, sdrt-health/mac:02010b41cdec/antenna/tag/e2806894000050038661fd4f, 83
1652710450.308591, sdrt-health/mac:02010b41cdec/antenna/tag/e2806894000050038662154f, 91
1652710450.34854, sdrt-health/mac:02010b41cdec/antenna/tag/e2806894000040038662114f, 88
1652710450.441189, sdrt-health/mac:02010b41cdec/antenna/tag/e2806894000040038662114f, 91
1652710450.518631, sdrt-health/mac:02010b41cdec/antenna/tag/e2806894000050038662154f, 88
1652710450.588789, sdrt-health/mac:02010b41cdec/antenna/tag/e2806894000050038661fd4f, 83
1652710450.589319, sdrt-health/mac:02010b41cdec/antenna/tag/e2806894000050038661fd4f, 86
1652710450.61781, sdrt-health/mac:02010b41cdec/antenna/tag/e2806894000050038662154f, 85
1652710450.618407, sdrt-health/mac:02010b41cdec/antenna/tag/e2806894000050038661fd4f, 83
1652710450.631628, sdrt-health/mac:02010b41cdec/antenna/tag/e2806894000050038661fd4f, 83
1652710450.675369, sdrt-health/mac:02010b41cdec/antenna/tag/e2806894000040038662214f, 88
1652710450.724403, sdrt-health/mac:02010b41cdec/antenna/tag/e2806894000040038662114f, 88
1652710450.780208, sdrt-health/mac:02010b41cdec/antenna/tag/e2806894000050038662194f, 83
1652710450.780667, sdrt-health/mac:02010b41cdec/antenna/tag/e2806894000050038662154f, 85
1652710450.812603, sdrt-health/mac:02010b41cdec/antenna/tag/e2806894000050038662194f, 81
1652710450.857884, sdrt-health/mac:02010b41cdec/antenna/tag/e2806894000040038662114f, 88
1652710450.916613, sdrt-health/mac:02010b41cdec/antenna/tag/e2806894000050038662154f, 88
1652710450.944606, sdrt-health/mac:02010b41cdec/antenna/tag/e2806894000050038661fd4f, 83
1652710450.94514, sdrt-health/mac:02010b41cdec/antenna/tag/e2806894000050038662194f, 88
1652710450.997932, sdrt-health/mac:02010b41cdec/antenna/tag/e2806894000040038662114f, 91
1652710451.054214, sdrt-health/mac:02010b41cdec/antenna/tag/e2806894000050038661fd4f, 83
1652710451.107322, sdrt-health/mac:02010b41cdec/antenna/tag/e2806894000040038662114f, 88
1652710451.14924, sdrt-health/mac:02010b41cdec/antenna/tag/e2806894000040038662114f, 88
1652710451.227392, sdrt-health/mac:02010b41cdec/antenna/tag/e28068940000400386621d4f, 96
1652710451.227847, sdrt-health/mac:02010b41cdec/antenna/tag/e2806894000050038661fd4f, 97
1652710451.241918, sdrt-health/mac:02010b41cdec/antenna/tag/e2806894000040038662114f, 88
1652710451.2475, sdrt-health/mac:02010b41cdec/antenna/tag/e2806894000040038662114f, 91
1652710451.289548, sdrt-health/mac:02010b41cdec/antenna/tag/e2806894000050038661fd4f, 86
1652710451.341269, sdrt-health/mac:02010b41cdec/antenna/tag/e28068940000400386621d4f, 90
1652710451.3419, sdrt-health/mac:02010b41cdec/antenna/tag/e2806894000050038662194f, 83
1652710451.405716, sdrt-health/mac:02010b41cdec/antenna/tag/e2806894000050038661fd4f, 86
1652710451.462885, sdrt-health/mac:02010b41cdec/antenna/tag/e28068940000400386621d4f, 90
1652710451.542226, sdrt-health/mac:02010b41cdec/antenna/tag/e2806894000050038662194f, 83
1652710451.542688, sdrt-health/mac:02010b41cdec/antenna/tag/e2806894000050038662194f, 87
1652710451.555966, sdrt-health/mac:02010b41cdec/antenna/tag/e28068940000400386621d4f, 96
1652710451.556359, sdrt-health/mac:02010b41cdec/antenna/tag/e28068940000400386621d4f, 96
1652710451.568208, sdrt-health/mac:02010b41cdec/antenna/tag/e28068940000400386621d4f, 96
1652710451.569939, sdrt-health/mac:02010b41cdec/antenna/tag/e2806894000050038661fd4f, 83
1652710451.570119, sdrt-health/mac:02010b41cdec/antenna/tag/e2806894000040038662114f, 88
1652710451.62609, sdrt-health/mac:02010b41cdec/antenna/tag/e2806894000040038662114f, 88
1652710451.667516, sdrt-health/mac:02010b41cdec/antenna/tag/e2806894000050038662194f, 81
1652710451.717024, sdrt-health/mac:02010b41cdec/antenna/tag/e28068940000400386621d4f, 90
1652710451.769007, sdrt-health/mac:02010b41cdec/antenna/tag/e2806894000050038662194f, 83
1652710451.806503, sdrt-health/mac:02010b41cdec/antenna/tag/e28068940000400386621d4f, 90
1652710451.807153, sdrt-health/mac:02010b41cdec/antenna/tag/e2806894000050038661fd4f, 86
1652710451.822935, sdrt-health/mac:02010b41cdec/antenna/tag/e2806894000040038662114f, 97
1652710451.860643, sdrt-health/mac:02010b41cdec/antenna/tag/e2806894000050038662154f, 88
1652710451.932439, sdrt-health/mac:02010b41cdec/antenna/tag/e2806894000050038661fd4f, 86
1652710451.932935, sdrt-health/mac:02010b41cdec/antenna/tag/e2806894000050038662154f, 88
1652710451.933276, sdrt-health/mac:02010b41cdec/antenna/tag/e2806894000050038661fd4f, 83
1652710451.946806, sdrt-health/mac:02010b41cdec/antenna/tag/e2806894000050038662194f, 81
1652710451.974189, sdrt-health/mac:02010b41cdec/antenna/tag/e2806894000040038662114f, 88
1652710451.974653, sdrt-health/mac:02010b41cdec/antenna/tag/e2806894000050038662154f, 88
1652710452.015679, sdrt-health/mac:02010b41cdec/antenna/tag/e2806894000050038662154f, 85
1652710452.059895, sdrt-health/mac:02010b41cdec/antenna/tag/e2806894000050038661fd4f, 83
1652710452.121121, sdrt-health/mac:02010b41cdec/antenna/tag/e2806894000050038661fd4f, 86
1652710452.12159, sdrt-health/mac:02010b41cdec/antenna/tag/e2806894000050038661fd4f, 83
1652710452.146272, sdrt-health/mac:02010b41cdec/antenna/tag/e28068940000400386621d4f, 90
1652710452.207083, sdrt-health/mac:02010b41cdec/antenna/tag/e2806894000050038662154f, 85
1652710452.235484, sdrt-health/mac:02010b41cdec/antenna/tag/e28068940000400386621d4f, 90
1652710452.235726, sdrt-health/mac:02010b41cdec/antenna/tag/e2806894000050038662194f, 83
1652710452.262574, sdrt-health/mac:02010b41cdec/antenna/tag/e2806894000050038661fd4f, 83
1652710452.32343, sdrt-health/mac:02010b41cdec/antenna/tag/e28068940000400386621d4f, 90
1652710452.324112, sdrt-health/mac:02010b41cdec/antenna/tag/e2806894000050038661fd4f, 83
1652710452.337339, sdrt-health/mac:02010b41cdec/antenna/tag/e28068940000400386621d4f, 77
1652710452.337872, sdrt-health/mac:02010b41cdec/antenna/tag/e2806894000040038662114f, 85
1652710452.338231, sdrt-health/mac:02010b41cdec/antenna/tag/e28068940000400386621d4f, 77
1652710452.347268, sdrt-health/mac:02010b41cdec/antenna/tag/e28068940000400386621d4f, 77
1652710452.351282, sdrt-health/mac:02010b41cdec/antenna/tag/e2806894000040038662114f, 88
1652710452.413354, sdrt-health/mac:02010b41cdec/antenna/tag/e2806894000040038662114f, 88
1652710452.457704, sdrt-health/mac:02010b41cdec/antenna/tag/e2806894000050038661fd4f, 83
1652710452.507254, sdrt-health/mac:02010b41cdec/antenna/tag/e2806894000050038662154f, 88
1652710452.546206, sdrt-health/mac:02010b41cdec/antenna/tag/e28068940000400386621d4f, 96
1652710452.589083, sdrt-health/mac:02010b41cdec/antenna/tag/e2806894000050038661fd4f, 86
1652710452.636482, sdrt-health/mac:02010b41cdec/antenna/tag/e28068940000400386621d4f, 96
1652710452.666101, sdrt-health/mac:02010b41cdec/antenna/tag/e28068940000400386621d4f, 90
1652710452.721159, sdrt-health/mac:02010b41cdec/antenna/tag/e2806894000050038662154f, 88
1652710452.721665, sdrt-health/mac:02010b41cdec/antenna/tag/e2806894000050038662154f, 88
1652710452.760398, sdrt-health/mac:02010b41cdec/antenna/tag/e2806894000050038662194f, 83
1652710452.787129, sdrt-health/mac:02010b41cdec/antenna/tag/e2806894000040038662114f, 91
1652710452.787433, sdrt-health/mac:02010b41cdec/antenna/tag/e28068940000400386621d4f, 96
1652710452.811523, sdrt-health/mac:02010b41cdec/antenna/tag/e28068940000400386621d4f, 96
1652710452.838959, sdrt-health/mac:02010b41cdec/antenna/tag/e2806894000040038662114f, 91
1652710452.839302, sdrt-health/mac:02010b41cdec/antenna/tag/e2806894000050038662154f, 91
1652710452.885872, sdrt-health/mac:02010b41cdec/antenna/tag/e2806894000040038662114f, 91
1652710452.928162, sdrt-health/mac:02010b41cdec/antenna/tag/e2806894000050038662194f, 93
1652710452.939263, sdrt-health/mac:02010b41cdec/antenna/tag/e2806894000050038662194f, 87
1652710452.939661, sdrt-health/mac:02010b41cdec/antenna/tag/e2806894000040038662114f, 88
1652710452.940039, sdrt-health/mac:02010b41cdec/antenna/tag/e2806894000040038662114f, 91
1652710452.940393, sdrt-health/mac:02010b41cdec/antenna/tag/e2806894000050038662154f, 91
1652710452.987866, sdrt-health/mac:02010b41cdec/antenna/tag/e2806894000050038661fd4f, 83
1652710453.066398, sdrt-health/mac:02010b41cdec/antenna/tag/e2806894000050038662154f, 97
1652710453.066964, sdrt-health/mac:02010b41cdec/antenna/tag/e2806894000040038662114f, 85
1652710453.080391, sdrt-health/mac:02010b41cdec/antenna/tag/e2806894000040038662114f, 88
1652710453.09695, sdrt-health/mac:02010b41cdec/antenna/tag/e28068940000500386620d4f, 82
1652710453.138335, sdrt-health/mac:02010b41cdec/antenna/tag/e2806894000050038662154f, 85
1652710453.138774, sdrt-health/mac:02010b41cdec/antenna/tag/e2806894000050038662154f, 85
1652710453.153575, sdrt-health/mac:02010b41cdec/antenna/tag/e2806894000050038661fd4f, 83
1652710453.153783, sdrt-health/mac:02010b41cdec/antenna/tag/e2806894000050038662194f, 81
1652710453.187146, sdrt-health/mac:02010b41cdec/antenna/tag/e2806894000050038662154f, 91
1652710453.227316, sdrt-health/mac:02010b41cdec/antenna/tag/e28068940000400386621d4f, 77
1652710453.3014, sdrt-health/mac:02010b41cdec/antenna/tag/e28068940000400386621d4f, 77
1652710453.301914, sdrt-health/mac:02010b41cdec/antenna/tag/e28068940000400386621d4f, 77
1652710453.326842, sdrt-health/mac:02010b41cdec/antenna/tag/e28068940000400386621d4f, 90
1652710453.372053, sdrt-health/mac:02010b41cdec/antenna/tag/e2806894000040038662114f, 88
1652710453.372579, sdrt-health/mac:02010b41cdec/antenna/tag/e2806894000040038662114f, 91
1652710453.417426, sdrt-health/mac:02010b41cdec/antenna/tag/e28068940000400386621d4f, 96
1652710453.480784, sdrt-health/mac:02010b41cdec/antenna/tag/e2806894000050038662194f, 85
1652710453.481314, sdrt-health/mac:02010b41cdec/antenna/tag/e28068940000400386621d4f, 77
1652710453.495997, sdrt-health/mac:02010b41cdec/antenna/tag/e2806894000050038662154f, 91
1652710453.50968, sdrt-health/mac:02010b41cdec/antenna/tag/e2806894000050038661fd4f, 83
1652710453.511074, sdrt-health/mac:02010b41cdec/antenna/tag/e2806894000050038662154f, 91
1652710453.511343, sdrt-health/mac:02010b41cdec/antenna/tag/e2806894000050038661fd4f, 83
1652710453.575303, sdrt-health/mac:02010b41cdec/antenna/tag/e28068940000400386621d4f, 96
1652710453.620779, sdrt-health/mac:02010b41cdec/antenna/tag/e2806894000040038662114f, 88
1652710453.621249, sdrt-health/mac:02010b41cdec/antenna/tag/e2806894000050038661fd4f, 86
1652710453.679934, sdrt-health/mac:02010b41cdec/antenna/tag/e28068940000400386621d4f, 96
1652710453.680395, sdrt-health/mac:02010b41cdec/antenna/tag/e2806894000050038662154f, 91
1652710453.693711, sdrt-health/mac:02010b41cdec/antenna/tag/e2806894000050038661fd4f, 86
1652710453.708285, sdrt-health/mac:02010b41cdec/antenna/tag/e2806894000050038662154f, 91
1652710453.708843, sdrt-health/mac:02010b41cdec/antenna/tag/e2806894000050038661fd4f, 86
1652710453.72451, sdrt-health/mac:02010b41cdec/antenna/tag/e28068940000400386621d4f, 96
1652710453.746451, sdrt-health/mac:02010b41cdec/antenna/tag/e28068940000400386621d4f, 96
1652710453.786816, sdrt-health/mac:02010b41cdec/antenna/tag/e2806894000050038662154f, 91
1652710453.827157, sdrt-health/mac:02010b41cdec/antenna/tag/e2806894000040038662114f, 88
1652710453.866391, sdrt-health/mac:02010b41cdec/antenna/tag/e28068940000400386621d4f, 96
1652710453.908773, sdrt-health/mac:02010b41cdec/antenna/tag/e28068940000400386621d4f, 96
1652710453.962196, sdrt-health/mac:02010b41cdec/antenna/tag/e28068940000400386621d4f, 96
1652710454.008452, sdrt-health/mac:02010b41cdec/antenna/tag/e2806894000040038661f94f, 82
1652710454.065989, sdrt-health/mac:02010b41cdec/antenna/tag/e2806894000040038662214f, 88
1652710454.066495, sdrt-health/mac:02010b41cdec/antenna/tag/e2806894000050038661fd4f, 83
1652710454.066833, sdrt-health/mac:02010b41cdec/antenna/tag/e2806894000050038662154f, 85
1652710454.100376, sdrt-health/mac:02010b41cdec/antenna/tag/e2806894000040038662114f, 85
1652710454.148126, sdrt-health/mac:02010b41cdec/antenna/tag/e28068940000400386621d4f, 96
1652710454.201137, sdrt-health/mac:02010b41cdec/antenna/tag/e2806894000050038661fd4f, 83
1652710454.201584, sdrt-health/mac:02010b41cdec/antenna/tag/e2806894000040038662114f, 88
1652710454.245888, sdrt-health/mac:02010b41cdec/antenna/tag/e2806894000040038662114f, 91
1652710454.286138, sdrt-health/mac:02010b41cdec/antenna/tag/e2806894000050038661fd4f, 86
1652710454.35742, sdrt-health/mac:02010b41cdec/antenna/tag/e2806894000050038662154f, 88
1652710454.406249, sdrt-health/mac:02010b41cdec/antenna/tag/e2806894000050038662194f, 93
1652710454.459086, sdrt-health/mac:02010b41cdec/antenna/tag/e2806894000040038662114f, 91
1652710454.459288, sdrt-health/mac:02010b41cdec/antenna/tag/e2806894000050038662194f, 87
1652710454.479156, sdrt-health/mac:02010b41cdec/antenna/tag/e28068940000400386621d4f, 96
1652710454.491726, sdrt-health/mac:02010b41cdec/antenna/tag/e2806894000040038661f94f, 81
1652710454.53723, sdrt-health/mac:02010b41cdec/antenna/tag/e2806894000040038662214f, 110
1652710454.537598, sdrt-health/mac:02010b41cdec/antenna/tag/e2806894000040038662114f, 85
1652710454.588242, sdrt-health/mac:02010b41cdec/antenna/tag/e2806894000040038662114f, 85
1652710454.632828, sdrt-health/mac:02010b41cdec/antenna/tag/e2806894000050038662194f, 83
1652710454.685391, sdrt-health/mac:02010b41cdec/antenna/tag/e2806894000050038661fd4f, 83
1652710454.685864, sdrt-health/mac:02010b41cdec/antenna/tag/e2806894000050038662194f, 83
1652710454.699927, sdrt-health/mac:02010b41cdec/antenna/tag/e2806894000050038661fd4f, 83
1652710454.72856, sdrt-health/mac:02010b41cdec/antenna/tag/e2806894000050038662154f, 97
1652710454.728961, sdrt-health/mac:02010b41cdec/antenna/tag/e28068940000400386621d4f, 96
1652710454.729194, sdrt-health/mac:02010b41cdec/antenna/tag/e28068940000400386621d4f, 96
1652710454.757232, sdrt-health/mac:02010b41cdec/antenna/tag/e28068940000400386621d4f, 96
1652710454.819926, sdrt-health/mac:02010b41cdec/antenna/tag/e2806894000040038662114f, 88
1652710454.820528, sdrt-health/mac:02010b41cdec/antenna/tag/e2806894000050038661fd4f, 83
1652710454.864528, sdrt-health/mac:02010b41cdec/antenna/tag/e2806894000050038662194f, 94
1652710454.908814, sdrt-health/mac:02010b41cdec/antenna/tag/e28068940000400386621d4f, 96
1652710454.96644, sdrt-health/mac:02010b41cdec/antenna/tag/e2806894000050038661fd4f, 97
1652710455.022443, sdrt-health/mac:02010b41cdec/antenna/tag/e28068940000400386621d4f, 90
1652710455.022764, sdrt-health/mac:02010b41cdec/antenna/tag/e2806894000040038662114f, 85
1652710455.060898, sdrt-health/mac:02010b41cdec/antenna/tag/e28068940000400386621d4f, 96
1652710455.061745, sdrt-health/mac:02010b41cdec/antenna/tag/e2806894000040038662114f, 85
1652710455.107257, sdrt-health/mac:02010b41cdec/antenna/tag/e2806894000050038662154f, 91
1652710455.166965, sdrt-health/mac:02010b41cdec/antenna/tag/e2806894000050038662154f, 91
1652710455.217146, sdrt-health/mac:02010b41cdec/antenna/tag/e2806894000050038662194f, 83
1652710455.26953, sdrt-health/mac:02010b41cdec/antenna/tag/e2806894000050038662154f, 91
1652710455.270082, sdrt-health/mac:02010b41cdec/antenna/tag/e2806894000040038662114f, 88
1652710455.30722, sdrt-health/mac:02010b41cdec/antenna/tag/e2806894000040038662114f, 91
1652710455.363306, sdrt-health/mac:02010b41cdec/antenna/tag/e2806894000050038662154f, 91
1652710455.431336, sdrt-health/mac:02010b41cdec/antenna/tag/e2806894000050038661fd4f, 86
1652710455.431823, sdrt-health/mac:02010b41cdec/antenna/tag/e28068940000400386621d4f, 96
1652710455.454552, sdrt-health/mac:02010b41cdec/antenna/tag/e2806894000050038662194f, 81
1652710455.467429, sdrt-health/mac:02010b41cdec/antenna/tag/e2806894000050038661fd4f, 86
1652710455.482522, sdrt-health/mac:02010b41cdec/antenna/tag/e2806894000040038662054f, 94
1652710455.482775, sdrt-health/mac:02010b41cdec/antenna/tag/e2806894000050038661fd4f, 86
1652710455.482971, sdrt-health/mac:02010b41cdec/antenna/tag/e2806894000040038662114f, 88
1652710455.514714, sdrt-health/mac:02010b41cdec/antenna/tag/e2806894000050038662194f, 83
1652710455.589954, sdrt-health/mac:02010b41cdec/antenna/tag/e2806894000040038662114f, 88
1652710455.590398, sdrt-health/mac:02010b41cdec/antenna/tag/e2806894000050038661fd4f, 86
1652710455.608674, sdrt-health/mac:02010b41cdec/antenna/tag/e2806894000050038661fd4f, 86
1652710455.60908, sdrt-health/mac:02010b41cdec/antenna/tag/e2806894000040038662114f, 88
1652710455.609399, sdrt-health/mac:02010b41cdec/antenna/tag/e2806894000050038662154f, 91
1652710455.665785, sdrt-health/mac:02010b41cdec/antenna/tag/e28068940000400386621d4f, 90
1652710455.722547, sdrt-health/mac:02010b41cdec/antenna/tag/e28068940000400386621d4f, 96
1652710455.723196, sdrt-health/mac:02010b41cdec/antenna/tag/e2806894000050038661fd4f, 86
1652710455.750742, sdrt-health/mac:02010b41cdec/antenna/tag/e2806894000040038662054f, 88
1652710455.789176, sdrt-health/mac:02010b41cdec/antenna/tag/e2806894000050038662194f, 81
1652710455.789576, sdrt-health/mac:02010b41cdec/antenna/tag/e2806894000050038662154f, 88
1652710455.807579, sdrt-health/mac:02010b41cdec/antenna/tag/e2806894000050038661fd4f, 83
1652710455.82864, sdrt-health/mac:02010b41cdec/antenna/tag/e2806894000050038662194f, 88
1652710455.929654, sdrt-health/mac:02010b41cdec/antenna/tag/e2806894000050038662154f, 85
1652710455.930182, sdrt-health/mac:02010b41cdec/antenna/tag/e2806894000040038661f94f, 84
1652710455.959843, sdrt-health/mac:02010b41cdec/antenna/tag/e28068940000400386621d4f, 96
1652710456.038733, sdrt-health/mac:02010b41cdec/antenna/tag/e2806894000050038662154f, 85
1652710456.039317, sdrt-health/mac:02010b41cdec/antenna/tag/e2806894000040038661f94f, 88
1652710456.065603, sdrt-health/mac:02010b41cdec/antenna/tag/e2806894000050038661fd4f, 83
1652710456.065882, sdrt-health/mac:02010b41cdec/antenna/tag/e2806894000040038662114f, 85
1652710456.066091, sdrt-health/mac:02010b41cdec/antenna/tag/e28068940000400386621d4f, 77
1652710456.125121, sdrt-health/mac:02010b41cdec/antenna/tag/e2806894000050038662154f, 97
1652710456.17951, sdrt-health/mac:02010b41cdec/antenna/tag/e2806894000050038661fd4f, 86
1652710456.248852, sdrt-health/mac:02010b41cdec/antenna/tag/e2806894000050038661fd4f, 86
1652710456.249438, sdrt-health/mac:02010b41cdec/antenna/tag/e2806894000050038662154f, 91
1652710456.268084, sdrt-health/mac:02010b41cdec/antenna/tag/e2806894000050038661fd4f, 83
1652710456.327551, sdrt-health/mac:02010b41cdec/antenna/tag/e2806894000050038662154f, 91
1652710456.32804, sdrt-health/mac:02010b41cdec/antenna/tag/e2806894000050038661fd4f, 86
1652710456.357446, sdrt-health/mac:02010b41cdec/antenna/tag/e28068940000400386621d4f, 90
1652710456.407357, sdrt-health/mac:02010b41cdec/antenna/tag/e28068940000400386621d4f, 96
1652710456.44655, sdrt-health/mac:02010b41cdec/antenna/tag/e2806894000050038661fd4f, 83
1652710456.447304, sdrt-health/mac:02010b41cdec/antenna/tag/e28068940000400386621d4f, 90
1652710456.461309, sdrt-health/mac:02010b41cdec/antenna/tag/e2806894000050038662154f, 93
1652710456.493563, sdrt-health/mac:02010b41cdec/antenna/tag/e2806894000050038661fd4f, 83
1652710456.55724, sdrt-health/mac:02010b41cdec/antenna/tag/e2806894000040038662114f, 88
1652710456.557875, sdrt-health/mac:02010b41cdec/antenna/tag/e2806894000040038662114f, 85
1652710456.597617, sdrt-health/mac:02010b41cdec/antenna/tag/e2806894000040038662114f, 91
1652710456.688185, sdrt-health/mac:02010b41cdec/antenna/tag/e2806894000050038662194f, 87
1652710456.688646, sdrt-health/mac:02010b41cdec/antenna/tag/e2806894000040038662114f, 88
1652710456.708244, sdrt-health/mac:02010b41cdec/antenna/tag/e2806894000050038662194f, 87
1652710456.760621, sdrt-health/mac:02010b41cdec/antenna/tag/e2806894000040038662114f, 88
1652710456.761147, sdrt-health/mac:02010b41cdec/antenna/tag/e2806894000050038662154f, 88
1652710456.784133, sdrt-health/mac:02010b41cdec/antenna/tag/e2806894000050038662154f, 91
1652710456.784381, sdrt-health/mac:02010b41cdec/antenna/tag/e28068940000400386621d4f, 96
1652710456.812013, sdrt-health/mac:02010b41cdec/antenna/tag/e2806894000050038662154f, 91
1652710456.863305, sdrt-health/mac:02010b41cdec/antenna/tag/e2806894000050038662194f, 87
1652710456.927445, sdrt-health/mac:02010b41cdec/antenna/tag/e2806894000040038662114f, 88
1652710456.927956, sdrt-health/mac:02010b41cdec/antenna/tag/e2806894000050038662194f, 83
1652710456.949558, sdrt-health/mac:02010b41cdec/antenna/tag/e2806894000040038662114f, 88
1652710456.993022, sdrt-health/mac:02010b41cdec/antenna/tag/e2806894000050038662194f, 83
1652710457.027445, sdrt-health/mac:02010b41cdec/antenna/tag/e2806894000050038661fd4f, 83
1652710457.077335, sdrt-health/mac:02010b41cdec/antenna/tag/e2806894000050038662154f, 85
1652710457.142423, sdrt-health/mac:02010b41cdec/antenna/tag/e2806894000050038661fd4f, 83
1652710457.196757, sdrt-health/mac:02010b41cdec/antenna/tag/e2806894000040038662114f, 88
1652710457.197425, sdrt-health/mac:02010b41cdec/antenna/tag/e2806894000040038661f94f, 84
1652710457.21083, sdrt-health/mac:02010b41cdec/antenna/tag/e2806894000050038662154f, 85
1652710457.226017, sdrt-health/mac:02010b41cdec/antenna/tag/e2806894000040038662114f, 91
1652710457.279537, sdrt-health/mac:02010b41cdec/antenna/tag/e28068940000500386620d4f, 94
1652710457.279951, sdrt-health/mac:02010b41cdec/antenna/tag/e28068940000500386620d4f, 88
1652710457.307655, sdrt-health/mac:02010b41cdec/antenna/tag/e28068940000500386620d4f, 82
1652710457.317944, sdrt-health/mac:02010b41cdec/antenna/tag/e2806894000040038662114f, 88
1652710457.367337, sdrt-health/mac:02010b41cdec/antenna/tag/e28068940000400386621d4f, 77
1652710457.395719, sdrt-health/mac:02010b41cdec/antenna/tag/e2806894000050038662154f, 85
1652710457.396312, sdrt-health/mac:02010b41cdec/antenna/tag/e2806894000040038662114f, 88
1652710457.396722, sdrt-health/mac:02010b41cdec/antenna/tag/e28068940000400386621d4f, 96
1652710457.409173, sdrt-health/mac:02010b41cdec/antenna/tag/e2806894000050038662194f, 88
1652710457.409489, sdrt-health/mac:02010b41cdec/antenna/tag/e28068940000400386621d4f, 96
1652710457.474924, sdrt-health/mac:02010b41cdec/antenna/tag/e2806894000050038662194f, 93
1652710457.526706, sdrt-health/mac:02010b41cdec/antenna/tag/e28068940000400386621d4f, 96
1652710457.582257, sdrt-health/mac:02010b41cdec/antenna/tag/e2806894000040038662114f, 88
1652710457.58272, sdrt-health/mac:02010b41cdec/antenna/tag/e2806894000050038662154f, 88
1652710457.614658, sdrt-health/mac:02010b41cdec/antenna/tag/e2806894000050038661fd4f, 83
1652710457.642794, sdrt-health/mac:02010b41cdec/antenna/tag/e28068940000400386621d4f, 96
1652710457.643249, sdrt-health/mac:02010b41cdec/antenna/tag/e28068940000400386621d4f, 96
1652710457.660546, sdrt-health/mac:02010b41cdec/antenna/tag/e2806894000050038662194f, 94
1652710457.70787, sdrt-health/mac:02010b41cdec/antenna/tag/e2806894000050038662154f, 85
1652710457.75044, sdrt-health/mac:02010b41cdec/antenna/tag/e28068940000400386621d4f, 90
1652710457.783075, sdrt-health/mac:02010b41cdec/antenna/tag/e28068940000400386621d4f, 90
1652710457.783445, sdrt-health/mac:02010b41cdec/antenna/tag/e2806894000050038661fd4f, 86
1652710457.7996, sdrt-health/mac:02010b41cdec/antenna/tag/e2806894000050038662194f, 81
1652710457.799809, sdrt-health/mac:02010b41cdec/antenna/tag/e28068940000400386621d4f, 90
1652710457.866714, sdrt-health/mac:02010b41cdec/antenna/tag/e2806894000050038662154f, 88
1652710457.930774, sdrt-health/mac:02010b41cdec/antenna/tag/e28068940000400386621d4f, 96
1652710457.963217, sdrt-health/mac:02010b41cdec/antenna/tag/e2806894000050038662154f, 91
1652710457.963575, sdrt-health/mac:02010b41cdec/antenna/tag/e28068940000400386621d4f, 96
1652710457.978036, sdrt-health/mac:02010b41cdec/antenna/tag/e2806894000040038662114f, 91
1652710458.026371, sdrt-health/mac:02010b41cdec/antenna/tag/e2806894000040038662114f, 85
1652710458.099316, sdrt-health/mac:02010b41cdec/antenna/tag/e2806894000050038661fd4f, 83
1652710458.099791, sdrt-health/mac:02010b41cdec/antenna/tag/e2806894000050038662194f, 94
1652710458.100313, sdrt-health/mac:02010b41cdec/antenna/tag/e2806894000050038662194f, 94
1652710458.126642, sdrt-health/mac:02010b41cdec/antenna/tag/e2806894000050038662194f, 81
1652710458.197951, sdrt-health/mac:02010b41cdec/antenna/tag/e2806894000050038662154f, 91
1652710458.198405, sdrt-health/mac:02010b41cdec/antenna/tag/e2806894000050038661fd4f, 83
1652710458.21541, sdrt-health/mac:02010b41cdec/antenna/tag/e2806894000050038662154f, 88
1652710458.224297, sdrt-health/mac:02010b41cdec/antenna/tag/e2806894000050038662194f, 81
1652710458.261604, sdrt-health/mac:02010b41cdec/antenna/tag/e2806894000050038662194f, 81
1652710458.349413, sdrt-health/mac:02010b41cdec/antenna/tag/e2806894000050038661fd4f, 86
1652710458.349877, sdrt-health/mac:02010b41cdec/antenna/tag/e28068940000400386621d4f, 90
1652710458.372947, sdrt-health/mac:02010b41cdec/antenna/tag/e2806894000050038662194f, 83
1652710458.383181, sdrt-health/mac:02010b41cdec/antenna/tag/e2806894000050038661fd4f, 86
1652710458.440979, sdrt-health/mac:02010b41cdec/antenna/tag/e2806894000040038662114f, 88
1652710458.510944, sdrt-health/mac:02010b41cdec/antenna/tag/e28068940000500386620d4f, 81
1652710458.511446, sdrt-health/mac:02010b41cdec/antenna/tag/e2806894000050038661fd4f, 83
1652710458.511816, sdrt-health/mac:02010b41cdec/antenna/tag/e28068940000400386621d4f, 96
1652710458.529912, sdrt-health/mac:02010b41cdec/antenna/tag/e2806894000050038662154f, 88
1652710458.558767, sdrt-health/mac:02010b41cdec/antenna/tag/e2806894000050038662194f, 81
1652710458.559162, sdrt-health/mac:02010b41cdec/antenna/tag/e2806894000050038662154f, 88
1652710458.573999, sdrt-health/mac:02010b41cdec/antenna/tag/e2806894000040038662114f, 88
1652710458.604963, sdrt-health/mac:02010b41cdec/antenna/tag/e28068940000500386620d4f, 94
1652710458.605288, sdrt-health/mac:02010b41cdec/antenna/tag/e2806894000050038662194f, 94
1652710458.631747, sdrt-health/mac:02010b41cdec/antenna/tag/e2806894000050038661fd4f, 83
1652710458.690754, sdrt-health/mac:02010b41cdec/antenna/tag/e28068940000400386621d4f, 96
1652710458.691268, sdrt-health/mac:02010b41cdec/antenna/tag/e2806894000050038662194f, 83
1652710458.705785, sdrt-health/mac:02010b41cdec/antenna/tag/e28068940000400386621d4f, 96
1652710458.732023, sdrt-health/mac:02010b41cdec/antenna/tag/e2806894000040038662114f, 88
1652710458.784749, sdrt-health/mac:02010b41cdec/antenna/tag/e28068940000400386621d4f, 96
1652710458.786122, sdrt-health/mac:02010b41cdec/antenna/tag/e2806894000040038662114f, 85
1652710458.856607, sdrt-health/mac:02010b41cdec/antenna/tag/e2806894000040038662114f, 88
1652710458.907494, sdrt-health/mac:02010b41cdec/antenna/tag/e2806894000050038662154f, 88
1652710458.946466, sdrt-health/mac:02010b41cdec/antenna/tag/e2806894000040038662114f, 85
1652710459.021979, sdrt-health/mac:02010b41cdec/antenna/tag/e28068940000400386621d4f, 96
1652710459.022458, sdrt-health/mac:02010b41cdec/antenna/tag/e2806894000050038661fd4f, 83
1652710459.045091, sdrt-health/mac:02010b41cdec/antenna/tag/e2806894000050038661fd4f, 86
1652710459.086784, sdrt-health/mac:02010b41cdec/antenna/tag/e2806894000050038662154f, 91
1652710459.13298, sdrt-health/mac:02010b41cdec/antenna/tag/e2806894000040038662114f, 88
1652710459.191616, sdrt-health/mac:02010b41cdec/antenna/tag/e2806894000050038661fd4f, 86
1652710459.192107, sdrt-health/mac:02010b41cdec/antenna/tag/e2806894000050038662154f, 88
1652710459.226958, sdrt-health/mac:02010b41cdec/antenna/tag/e2806894000050038661fd4f, 86
1652710459.22729, sdrt-health/mac:02010b41cdec/antenna/tag/e2806894000050038662194f, 81
1652710459.287165, sdrt-health/mac:02010b41cdec/antenna/tag/e2806894000050038662194f, 83
1652710459.327647, sdrt-health/mac:02010b41cdec/antenna/tag/e28068940000400386621d4f, 96
1652710459.328059, sdrt-health/mac:02010b41cdec/antenna/tag/e2806894000050038662194f, 83
1652710459.372515, sdrt-health/mac:02010b41cdec/antenna/tag/e2806894000050038662194f, 87
1652710459.430863, sdrt-health/mac:02010b41cdec/antenna/tag/e28068940000400386621d4f, 96
1652710459.431223, sdrt-health/mac:02010b41cdec/antenna/tag/e2806894000050038661fd4f, 83
1652710459.465346, sdrt-health/mac:02010b41cdec/antenna/tag/e28068940000400386621d4f, 96
1652710459.465724, sdrt-health/mac:02010b41cdec/antenna/tag/e2806894000050038661fd4f, 86
1652710459.507124, sdrt-health/mac:02010b41cdec/antenna/tag/e28068940000400386621d4f, 96
1652710459.507581, sdrt-health/mac:02010b41cdec/antenna/tag/e2806894000040038662114f, 88
1652710459.561527, sdrt-health/mac:02010b41cdec/antenna/tag/e2806894000050038661fd4f, 86
1652710459.562143, sdrt-health/mac:02010b41cdec/antenna/tag/e28068940000500386620d4f, 88
1652710459.60404, sdrt-health/mac:02010b41cdec/antenna/tag/e2806894000050038661fd4f, 83
1652710459.660991, sdrt-health/mac:02010b41cdec/antenna/tag/e28068940000500386620d4f, 84
1652710459.661579, sdrt-health/mac:02010b41cdec/antenna/tag/e2806894000050038662194f, 83
1652710459.71526, sdrt-health/mac:02010b41cdec/antenna/tag/e28068940000400386621d4f, 77
1652710459.74558, sdrt-health/mac:02010b41cdec/antenna/tag/e2806894000050038662154f, 91
1652710459.746001, sdrt-health/mac:02010b41cdec/antenna/tag/e2806894000040038662114f, 88
1652710459.76586, sdrt-health/mac:02010b41cdec/antenna/tag/e28068940000400386621d4f, 77
1652710459.797408, sdrt-health/mac:02010b41cdec/antenna/tag/e28068940000400386621d4f, 77
1652710459.797777, sdrt-health/mac:02010b41cdec/antenna/tag/e2806894000050038661fd4f, 83
1652710459.811732, sdrt-health/mac:02010b41cdec/antenna/tag/e28068940000400386621d4f, 96
1652710459.812114, sdrt-health/mac:02010b41cdec/antenna/tag/e28068940000400386621d4f, 96
1652710459.853023, sdrt-health/mac:02010b41cdec/antenna/tag/e2806894000050038662154f, 91
1652710459.919687, sdrt-health/mac:02010b41cdec/antenna/tag/e2806894000050038662194f, 83
1652710459.92016, sdrt-health/mac:02010b41cdec/antenna/tag/e2806894000050038662194f, 81
1652710459.920541, sdrt-health/mac:02010b41cdec/antenna/tag/e2806894000050038662154f, 97
1652710459.921546, sdrt-health/mac:02010b41cdec/antenna/tag/e28068940000400386621d4f, 96
1652710459.963834, sdrt-health/mac:02010b41cdec/antenna/tag/e28068940000400386621d4f, 96
1652710460.07139, sdrt-health/mac:02010b41cdec/antenna/tag/e2806894000050038662154f, 91
1652710460.072941, sdrt-health/mac:02010b41cdec/antenna/tag/e28068940000400386621d4f, 90
1652710460.107147, sdrt-health/mac:02010b41cdec/antenna/tag/e28068940000400386621d4f, 96
1652710460.14741, sdrt-health/mac:02010b41cdec/antenna/tag/e2806894000050038662194f, 81
1652710460.177985, sdrt-health/mac:02010b41cdec/antenna/tag/e2806894000040038662114f, 88
1652710460.178332, sdrt-health/mac:02010b41cdec/antenna/tag/e2806894000050038662154f, 97
1652710460.216758, sdrt-health/mac:02010b41cdec/antenna/tag/e2806894000050038661fd4f, 86
1652710460.268612, sdrt-health/mac:02010b41cdec/antenna/tag/e2806894000050038662154f, 91
1652710460.309568, sdrt-health/mac:02010b41cdec/antenna/tag/e2806894000050038661fd4f, 86
1652710460.348704, sdrt-health/mac:02010b41cdec/antenna/tag/e2806894000050038662154f, 91
1652710460.400259, sdrt-health/mac:02010b41cdec/antenna/tag/e2806894000050038661fd4f, 83
1652710460.400721, sdrt-health/mac:02010b41cdec/antenna/tag/e2806894000050038661fd4f, 83
1652710460.414404, sdrt-health/mac:02010b41cdec/antenna/tag/e2806894000050038661fd4f, 83
1652710460.457024, sdrt-health/mac:02010b41cdec/antenna/tag/e2806894000040038662214f, 88
1652710460.522866, sdrt-health/mac:02010b41cdec/antenna/tag/e2806894000040038661f94f, 88
1652710460.562312, sdrt-health/mac:02010b41cdec/antenna/tag/e2806894000040038662214f, 81
1652710460.562775, sdrt-health/mac:02010b41cdec/antenna/tag/e2806894000050038661fd4f, 83
1652710460.577452, sdrt-health/mac:02010b41cdec/antenna/tag/e2806894000040038662214f, 82
1652710460.586248, sdrt-health/mac:02010b41cdec/antenna/tag/e28068940000400386621d4f, 96
1652710460.627277, sdrt-health/mac:02010b41cdec/antenna/tag/e28068940000400386621d4f, 96
1652710460.627753, sdrt-health/mac:02010b41cdec/antenna/tag/e2806894000040038662114f, 88
1652710460.685168, sdrt-health/mac:02010b41cdec/antenna/tag/e2806894000050038661fd4f, 83
1652710460.746654, sdrt-health/mac:02010b41cdec/antenna/tag/e28068940000400386621d4f, 77
1652710460.747206, sdrt-health/mac:02010b41cdec/antenna/tag/e28068940000400386621d4f, 90
1652710460.780534, sdrt-health/mac:02010b41cdec/antenna/tag/e2806894000050038661fd4f, 86
1652710460.842924, sdrt-health/mac:02010b41cdec/antenna/tag/e28068940000400386621d4f, 90
1652710460.843398, sdrt-health/mac:02010b41cdec/antenna/tag/e2806894000050038662194f, 87
1652710460.867513, sdrt-health/mac:02010b41cdec/antenna/tag/e2806894000050038661fd4f, 86
1652710460.909077, sdrt-health/mac:02010b41cdec/antenna/tag/e2806894000050038661fd4f, 86
1652710460.995148, sdrt-health/mac:02010b41cdec/antenna/tag/e2806894000040038662214f, 81
1652710461.044762, sdrt-health/mac:02010b41cdec/antenna/tag/e2806894000050038661fd4f, 83
1652710461.087443, sdrt-health/mac:02010b41cdec/antenna/tag/e2806894000050038662194f, 94
1652710461.154903, sdrt-health/mac:02010b41cdec/antenna/tag/e28068940000400386621d4f, 96
1652710461.155362, sdrt-health/mac:02010b41cdec/antenna/tag/e2806894000040038662114f, 88
1652710461.170809, sdrt-health/mac:02010b41cdec/antenna/tag/e2806894000050038661fd4f, 83
1652710461.20452, sdrt-health/mac:02010b41cdec/antenna/tag/e2806894000050038662154f, 97
1652710461.204808, sdrt-health/mac:02010b41cdec/antenna/tag/e28068940000400386621d4f, 96
1652710461.236762, sdrt-health/mac:02010b41cdec/antenna/tag/e2806894000050038662194f, 84
1652710461.285473, sdrt-health/mac:02010b41cdec/antenna/tag/e2806894000050038662154f, 97
1652710461.327165, sdrt-health/mac:02010b41cdec/antenna/tag/e2806894000050038662154f, 97
1652710461.418579, sdrt-health/mac:02010b41cdec/antenna/tag/e2806894000050038661fd4f, 83
1652710461.419286, sdrt-health/mac:02010b41cdec/antenna/tag/e2806894000050038662154f, 85
1652710461.447211, sdrt-health/mac:02010b41cdec/antenna/tag/e2806894000040038661f94f, 81
1652710461.50382, sdrt-health/mac:02010b41cdec/antenna/tag/e2806894000050038662194f, 94
1652710461.504284, sdrt-health/mac:02010b41cdec/antenna/tag/e2806894000050038662154f, 91
1652710461.53276, sdrt-health/mac:02010b41cdec/antenna/tag/e2806894000050038662154f, 91
1652710461.618776, sdrt-health/mac:02010b41cdec/antenna/tag/e28068940000400386621d4f, 96
1652710461.619276, sdrt-health/mac:02010b41cdec/antenna/tag/e2806894000050038662154f, 91
1652710461.705474, sdrt-health/mac:02010b41cdec/antenna/tag/e2806894000050038661fd4f, 86
1652710461.705963, sdrt-health/mac:02010b41cdec/antenna/tag/e28068940000400386621d4f, 96
1652710461.709349, sdrt-health/mac:02010b41cdec/antenna/tag/e2806894000050038661fd4f, 86
1652710461.735769, sdrt-health/mac:02010b41cdec/antenna/tag/e28068940000400386621d4f, 96
1652710461.736001, sdrt-health/mac:02010b41cdec/antenna/tag/e2806894000050038662194f, 94
1652710461.736176, sdrt-health/mac:02010b41cdec/antenna/tag/e2806894000050038661fd4f, 86
1652710461.736342, sdrt-health/mac:02010b41cdec/antenna/tag/e2806894000050038662194f, 87
1652710461.774618, sdrt-health/mac:02010b41cdec/antenna/tag/e2806894000040038662114f, 88
1652710461.815389, sdrt-health/mac:02010b41cdec/antenna/tag/e2806894000050038662194f, 81
1652710461.885872, sdrt-health/mac:02010b41cdec/antenna/tag/e2806894000040038662114f, 88
1652710461.886354, sdrt-health/mac:02010b41cdec/antenna/tag/e28068940000400386621d4f, 96
1652710461.886698, sdrt-health/mac:02010b41cdec/antenna/tag/e2806894000050038661fd4f, 86
1652710461.900296, sdrt-health/mac:02010b41cdec/antenna/tag/e2806894000050038662154f, 91
1652710461.90964, sdrt-health/mac:02010b41cdec/antenna/tag/e2806894000050038662154f, 85
1652710461.958174, sdrt-health/mac:02010b41cdec/antenna/tag/e2806894000050038662194f, 81
1652710462.019955, sdrt-health/mac:02010b41cdec/antenna/tag/e28068940000500386620d4f, 88
1652710462.020419, sdrt-health/mac:02010b41cdec/antenna/tag/e28068940000400386621d4f, 96
1652710462.051102, sdrt-health/mac:02010b41cdec/antenna/tag/e2806894000050038661fd4f, 83
1652710462.096315, sdrt-health/mac:02010b41cdec/antenna/tag/e2806894000050038662194f, 81
1652710462.14799, sdrt-health/mac:02010b41cdec/antenna/tag/e28068940000400386621d4f, 96
1652710462.148551, sdrt-health/mac:02010b41cdec/antenna/tag/e2806894000050038662194f, 81
1652710462.165384, sdrt-health/mac:02010b41cdec/antenna/tag/e2806894000050038661fd4f, 86
1652710462.20638, sdrt-health/mac:02010b41cdec/antenna/tag/e28068940000400386621d4f, 96
1652710462.236918, sdrt-health/mac:02010b41cdec/antenna/tag/e2806894000040038662114f, 88
1652710462.23725, sdrt-health/mac:02010b41cdec/antenna/tag/e2806894000050038661fd4f, 86
1652710462.308253, sdrt-health/mac:02010b41cdec/antenna/tag/e28068940000400386621d4f, 96
1652710462.308741, sdrt-health/mac:02010b41cdec/antenna/tag/e28068940000400386621d4f, 96
1652710462.309113, sdrt-health/mac:02010b41cdec/antenna/tag/e2806894000050038662154f, 91
1652710462.309503, sdrt-health/mac:02010b41cdec/antenna/tag/e2806894000050038662154f, 85
1652710462.309841, sdrt-health/mac:02010b41cdec/antenna/tag/e28068940000400386621d4f, 96
1652710462.310261, sdrt-health/mac:02010b41cdec/antenna/tag/e2806894000050038662154f, 85
1652710462.347426, sdrt-health/mac:02010b41cdec/antenna/tag/e2806894000050038661fd4f, 97
1652710462.422328, sdrt-health/mac:02010b41cdec/antenna/tag/e2806894000040038662114f, 88
1652710462.422902, sdrt-health/mac:02010b41cdec/antenna/tag/e2806894000050038662154f, 85
1652710462.471122, sdrt-health/mac:02010b41cdec/antenna/tag/e2806894000050038661fd4f, 83
1652710462.507513, sdrt-health/mac:02010b41cdec/antenna/tag/e2806894000040038661f94f, 94
1652710462.562999, sdrt-health/mac:02010b41cdec/antenna/tag/e2806894000040038661f94f, 88
1652710462.563515, sdrt-health/mac:02010b41cdec/antenna/tag/e2806894000040038662114f, 85
1652710462.577527, sdrt-health/mac:02010b41cdec/antenna/tag/e2806894000040038662114f, 85
1652710462.594951, sdrt-health/mac:02010b41cdec/antenna/tag/e2806894000050038662154f, 97
1652710462.595637, sdrt-health/mac:02010b41cdec/antenna/tag/e2806894000050038661fd4f, 83
1652710462.646305, sdrt-health/mac:02010b41cdec/antenna/tag/e2806894000050038662154f, 91
1652710462.696779, sdrt-health/mac:02010b41cdec/antenna/tag/e2806894000050038661fd4f, 86
1652710462.747617, sdrt-health/mac:02010b41cdec/antenna/tag/e28068940000400386621d4f, 90
1652710462.804759, sdrt-health/mac:02010b41cdec/antenna/tag/e28068940000400386621d4f, 96
1652710462.858384, sdrt-health/mac:02010b41cdec/antenna/tag/e2806894000050038662194f, 81
1652710462.858901, sdrt-health/mac:02010b41cdec/antenna/tag/e2806894000040038662114f, 97
1652710462.875074, sdrt-health/mac:02010b41cdec/antenna/tag/e2806894000050038661fd4f, 86
1652710462.92202, sdrt-health/mac:02010b41cdec/antenna/tag/e2806894000050038662154f, 91
1652710462.992253, sdrt-health/mac:02010b41cdec/antenna/tag/e2806894000050038662194f, 87
1652710462.99275, sdrt-health/mac:02010b41cdec/antenna/tag/e2806894000050038662194f, 88
1652710463.007299, sdrt-health/mac:02010b41cdec/antenna/tag/e28068940000400386621d4f, 96
1652710463.036774, sdrt-health/mac:02010b41cdec/antenna/tag/e2806894000050038661fd4f, 83
1652710463.037101, sdrt-health/mac:02010b41cdec/antenna/tag/e2806894000050038661fd4f, 83
1652710463.051456, sdrt-health/mac:02010b41cdec/antenna/tag/e28068940000400386621d4f, 77
1652710463.103237, sdrt-health/mac:02010b41cdec/antenna/tag/e28068940000400386621d4f, 96
1652710463.131856, sdrt-health/mac:02010b41cdec/antenna/tag/e2806894000050038661fd4f, 86
1652710463.132068, sdrt-health/mac:02010b41cdec/antenna/tag/e2806894000040038662114f, 91
1652710463.155399, sdrt-health/mac:02010b41cdec/antenna/tag/e2806894000050038662194f, 87
1652710463.204696, sdrt-health/mac:02010b41cdec/antenna/tag/e2806894000050038662194f, 94
1652710463.246718, sdrt-health/mac:02010b41cdec/antenna/tag/e2806894000050038662194f, 82
1652710463.305735, sdrt-health/mac:02010b41cdec/antenna/tag/e2806894000040038662114f, 88
1652710463.306483, sdrt-health/mac:02010b41cdec/antenna/tag/e2806894000050038662194f, 94
1652710463.321486, sdrt-health/mac:02010b41cdec/antenna/tag/e2806894000050038662194f, 81
1652710463.336804, sdrt-health/mac:02010b41cdec/antenna/tag/e2806894000050038662194f, 83
1652710463.364814, sdrt-health/mac:02010b41cdec/antenna/tag/e28068940000400386621d4f, 90
1652710463.387211, sdrt-health/mac:02010b41cdec/antenna/tag/e2806894000050038661fd4f, 83
1652710463.459394, sdrt-health/mac:02010b41cdec/antenna/tag/e2806894000050038662154f, 88
1652710463.459927, sdrt-health/mac:02010b41cdec/antenna/tag/e2806894000050038661fd4f, 86
1652710463.493053, sdrt-health/mac:02010b41cdec/antenna/tag/e2806894000050038662194f, 83
1652710463.539757, sdrt-health/mac:02010b41cdec/antenna/tag/e2806894000050038662194f, 94
1652710463.580528, sdrt-health/mac:02010b41cdec/antenna/tag/e28068940000400386621d4f, 96
1652710463.581062, sdrt-health/mac:02010b41cdec/antenna/tag/e2806894000040038662114f, 85
1652710463.609498, sdrt-health/mac:02010b41cdec/antenna/tag/e2806894000050038662154f, 97
1652710463.610232, sdrt-health/mac:02010b41cdec/antenna/tag/e2806894000050038661fd4f, 97
1652710463.637694, sdrt-health/mac:02010b41cdec/antenna/tag/e2806894000050038662154f, 88
1652710463.698536, sdrt-health/mac:02010b41cdec/antenna/tag/e28068940000400386621d4f, 96
1652710463.745934, sdrt-health/mac:02010b41cdec/antenna/tag/e28068940000400386621d4f, 96
1652710463.800527, sdrt-health/mac:02010b41cdec/antenna/tag/e28068940000500386620d4f, 94
1652710463.858812, sdrt-health/mac:02010b41cdec/antenna/tag/e2806894000050038662154f, 85
1652710463.859259, sdrt-health/mac:02010b41cdec/antenna/tag/e28068940000400386621d4f, 96
1652710463.85964, sdrt-health/mac:02010b41cdec/antenna/tag/e28068940000500386620d4f, 84
1652710463.879113, sdrt-health/mac:02010b41cdec/antenna/tag/e2806894000050038662194f, 84
1652710463.879312, sdrt-health/mac:02010b41cdec/antenna/tag/e28068940000400386621d4f, 96
1652710463.929211, sdrt-health/mac:02010b41cdec/antenna/tag/e2806894000050038661fd4f, 97
1652710463.979198, sdrt-health/mac:02010b41cdec/antenna/tag/e2806894000050038662154f, 85
1652710464.021402, sdrt-health/mac:02010b41cdec/antenna/tag/e2806894000040038662114f, 85
1652710464.021861, sdrt-health/mac:02010b41cdec/antenna/tag/e2806894000050038662154f, 88
1652710464.037391, sdrt-health/mac:02010b41cdec/antenna/tag/e2806894000040038662114f, 85
1652710464.037608, sdrt-health/mac:02010b41cdec/antenna/tag/e2806894000050038661fd4f, 86
1652710464.037762, sdrt-health/mac:02010b41cdec/antenna/tag/e28068940000400386621d4f, 96
1652710464.087135, sdrt-health/mac:02010b41cdec/antenna/tag/e2806894000050038662194f, 93
1652710464.155432, sdrt-health/mac:02010b41cdec/antenna/tag/e2806894000050038662194f, 94
1652710464.222193, sdrt-health/mac:02010b41cdec/antenna/tag/e2806894000050038661fd4f, 86
1652710464.222827, sdrt-health/mac:02010b41cdec/antenna/tag/e2806894000050038662194f, 81
1652710464.223394, sdrt-health/mac:02010b41cdec/antenna/tag/e28068940000400386621d4f, 96
1652710464.236332, sdrt-health/mac:02010b41cdec/antenna/tag/e2806894000050038662194f, 88
1652710464.29779, sdrt-health/mac:02010b41cdec/antenna/tag/e28068940000400386621d4f, 96
1652710464.362492, sdrt-health/mac:02010b41cdec/antenna/tag/e2806894000050038662154f, 97
1652710464.36295, sdrt-health/mac:02010b41cdec/antenna/tag/e2806894000050038661fd4f, 86
1652710464.363344, sdrt-health/mac:02010b41cdec/antenna/tag/e2806894000050038662194f, 81
1652710464.363664, sdrt-health/mac:02010b41cdec/antenna/tag/e2806894000050038662194f, 81
1652710464.37807, sdrt-health/mac:02010b41cdec/antenna/tag/e2806894000050038661fd4f, 90
1652710464.432115, sdrt-health/mac:02010b41cdec/antenna/tag/e2806894000050038661fd4f, 86
1652710464.499712, sdrt-health/mac:02010b41cdec/antenna/tag/e2806894000050038662154f, 91
1652710464.57058, sdrt-health/mac:02010b41cdec/antenna/tag/e2806894000040038662114f, 91
1652710464.571048, sdrt-health/mac:02010b41cdec/antenna/tag/e28068940000400386621d4f, 96
1652710464.571441, sdrt-health/mac:02010b41cdec/antenna/tag/e28068940000400386621d4f, 96
1652710464.571814, sdrt-health/mac:02010b41cdec/antenna/tag/e28068940000400386621d4f, 96
1652710464.572167, sdrt-health/mac:02010b41cdec/antenna/tag/e2806894000050038662154f, 85
1652710464.585602, sdrt-health/mac:02010b41cdec/antenna/tag/e2806894000050038662194f, 81
1652710464.58594, sdrt-health/mac:02010b41cdec/antenna/tag/e2806894000050038662154f, 88
1652710464.586502, sdrt-health/mac:02010b41cdec/antenna/tag/e2806894000040038662114f, 88
1652710464.645135, sdrt-health/mac:02010b41cdec/antenna/tag/e2806894000040038662114f, 88
1652710464.645635, sdrt-health/mac:02010b41cdec/antenna/tag/e28068940000400386621d4f, 96
1652710464.700353, sdrt-health/mac:02010b41cdec/antenna/tag/e2806894000050038661fd4f, 86
1652710464.783861, sdrt-health/mac:02010b41cdec/antenna/tag/e2806894000050038662154f, 91
1652710464.784332, sdrt-health/mac:02010b41cdec/antenna/tag/e2806894000050038661fd4f, 86
1652710464.784705, sdrt-health/mac:02010b41cdec/antenna/tag/e2806894000050038662154f, 88
1652710464.83267, sdrt-health/mac:02010b41cdec/antenna/tag/e2806894000050038662154f, 88
1652710464.83318, sdrt-health/mac:02010b41cdec/antenna/tag/e2806894000050038662194f, 83
1652710464.837347, sdrt-health/mac:02010b41cdec/antenna/tag/e2806894000050038661fd4f, 86
1652710464.848715, sdrt-health/mac:02010b41cdec/antenna/tag/e2806894000040038662114f, 91
1652710464.849143, sdrt-health/mac:02010b41cdec/antenna/tag/e2806894000040038662114f, 88
1652710464.849503, sdrt-health/mac:02010b41cdec/antenna/tag/e28068940000400386621d4f, 96
1652710464.901186, sdrt-health/mac:02010b41cdec/antenna/tag/e2806894000050038662154f, 88
1652710464.971, sdrt-health/mac:02010b41cdec/antenna/tag/e2806894000040038662114f, 88
1652710464.987621, sdrt-health/mac:02010b41cdec/antenna/tag/e2806894000050038662194f, 84
1652710465.060836, sdrt-health/mac:02010b41cdec/antenna/tag/e28068940000500386620d4f, 94
1652710465.061337, sdrt-health/mac:02010b41cdec/antenna/tag/e2806894000050038662154f, 88
1652710465.105689, sdrt-health/mac:02010b41cdec/antenna/tag/e2806894000040038662114f, 88
1652710465.150835, sdrt-health/mac:02010b41cdec/antenna/tag/e28068940000400386621d4f, 96
1652710465.151338, sdrt-health/mac:02010b41cdec/antenna/tag/e2806894000050038661fd4f, 97
1652710465.167011, sdrt-health/mac:02010b41cdec/antenna/tag/e28068940000400386621d4f, 96
1652710465.187218, sdrt-health/mac:02010b41cdec/antenna/tag/e2806894000040038662114f, 88
1652710465.261365, sdrt-health/mac:02010b41cdec/antenna/tag/e2806894000050038662154f, 85
1652710465.261946, sdrt-health/mac:02010b41cdec/antenna/tag/e2806894000050038662194f, 83
1652710465.320896, sdrt-health/mac:02010b41cdec/antenna/tag/e2806894000040038662114f, 85
1652710465.321447, sdrt-health/mac:02010b41cdec/antenna/tag/e2806894000050038662154f, 88
1652710465.321993, sdrt-health/mac:02010b41cdec/antenna/tag/e2806894000050038661fd4f, 83
1652710465.390257, sdrt-health/mac:02010b41cdec/antenna/tag/e2806894000050038661fd4f, 97
1652710465.390763, sdrt-health/mac:02010b41cdec/antenna/tag/e2806894000050038662154f, 91
1652710465.391125, sdrt-health/mac:02010b41cdec/antenna/tag/e28068940000400386621d4f, 96
1652710465.439273, sdrt-health/mac:02010b41cdec/antenna/tag/e2806894000050038661fd4f, 83
1652710465.481364, sdrt-health/mac:02010b41cdec/antenna/tag/e2806894000050038662194f, 88
1652710465.481968, sdrt-health/mac:02010b41cdec/antenna/tag/e2806894000050038662154f, 88
1652710465.482215, sdrt-health/mac:02010b41cdec/antenna/tag/e28068940000400386621d4f, 96
1652710465.50515, sdrt-health/mac:02010b41cdec/antenna/tag/e2806894000050038662154f, 88
1652710465.616693, sdrt-health/mac:02010b41cdec/antenna/tag/e2806894000050038661fd4f, 83
1652710465.617305, sdrt-health/mac:02010b41cdec/antenna/tag/e2806894000050038662194f, 83
1652710465.643239, sdrt-health/mac:02010b41cdec/antenna/tag/e2806894000050038662194f, 81
1652710465.666569, sdrt-health/mac:02010b41cdec/antenna/tag/e2806894000050038662194f, 83
1652710465.723726, sdrt-health/mac:02010b41cdec/antenna/tag/e28068940000400386621d4f, 96
1652710465.724284, sdrt-health/mac:02010b41cdec/antenna/tag/e2806894000050038662154f, 88
1652710465.738692, sdrt-health/mac:02010b41cdec/antenna/tag/e2806894000050038662154f, 91
1652710465.747632, sdrt-health/mac:02010b41cdec/antenna/tag/e28068940000400386621d4f, 96
1652710465.753475, sdrt-health/mac:02010b41cdec/antenna/tag/e2806894000050038661fd4f, 86
1652710465.753756, sdrt-health/mac:02010b41cdec/antenna/tag/e2806894000050038662194f, 83
1652710465.787893, sdrt-health/mac:02010b41cdec/antenna/tag/e2806894000050038662194f, 83
1652710465.85143, sdrt-health/mac:02010b41cdec/antenna/tag/e2806894000050038661fd4f, 86
1652710465.888808, sdrt-health/mac:02010b41cdec/antenna/tag/e2806894000050038662154f, 88
1652710465.917564, sdrt-health/mac:02010b41cdec/antenna/tag/e2806894000040038662114f, 88
1652710465.918052, sdrt-health/mac:02010b41cdec/antenna/tag/e28068940000400386621d4f, 96
1652710465.918296, sdrt-health/mac:02010b41cdec/antenna/tag/e2806894000050038661fd4f, 86
1652710465.932371, sdrt-health/mac:02010b41cdec/antenna/tag/e2806894000050038662194f, 83
1652710465.977368, sdrt-health/mac:02010b41cdec/antenna/tag/e2806894000050038661fd4f, 83
1652710466.010618, sdrt-health/mac:02010b41cdec/antenna/tag/e2806894000050038661fd4f, 83
1652710466.010916, sdrt-health/mac:02010b41cdec/antenna/tag/e2806894000050038662154f, 88
1652710466.036518, sdrt-health/mac:02010b41cdec/antenna/tag/e2806894000050038662194f, 87
1652710466.08453, sdrt-health/mac:02010b41cdec/antenna/tag/e28068940000400386621d4f, 96
1652710466.141276, sdrt-health/mac:02010b41cdec/antenna/tag/e2806894000050038661fd4f, 83
1652710466.14153, sdrt-health/mac:02010b41cdec/antenna/tag/e2806894000040038662114f, 85
1652710466.14173, sdrt-health/mac:02010b41cdec/antenna/tag/e2806894000050038661fd4f, 97
1652710466.173715, sdrt-health/mac:02010b41cdec/antenna/tag/e28068940000400386621d4f, 77
1652710466.250331, sdrt-health/mac:02010b41cdec/antenna/tag/e2806894000050038661fd4f, 83
1652710466.302736, sdrt-health/mac:02010b41cdec/antenna/tag/e2806894000040038662114f, 85
1652710466.303225, sdrt-health/mac:02010b41cdec/antenna/tag/e2806894000050038662154f, 91
1652710466.303562, sdrt-health/mac:02010b41cdec/antenna/tag/e28068940000400386621d4f, 77
1652710466.303936, sdrt-health/mac:02010b41cdec/antenna/tag/e2806894000050038662154f, 91
1652710466.341654, sdrt-health/mac:02010b41cdec/antenna/tag/e2806894000050038662154f, 91
1652710466.401362, sdrt-health/mac:02010b41cdec/antenna/tag/e28068940000400386621d4f, 96
1652710466.401853, sdrt-health/mac:02010b41cdec/antenna/tag/e2806894000050038661fd4f, 90
1652710466.402205, sdrt-health/mac:02010b41cdec/antenna/tag/e2806894000050038662194f, 83
1652710466.415755, sdrt-health/mac:02010b41cdec/antenna/tag/e2806894000050038662154f, 91
1652710466.484241, sdrt-health/mac:02010b41cdec/antenna/tag/e2806894000050038661fd4f, 83
1652710466.535759, sdrt-health/mac:02010b41cdec/antenna/tag/e2806894000040038662114f, 88
1652710466.56377, sdrt-health/mac:02010b41cdec/antenna/tag/e2806894000040038662114f, 88
1652710466.564201, sdrt-health/mac:02010b41cdec/antenna/tag/e2806894000050038661fd4f, 83
1652710466.595128, sdrt-health/mac:02010b41cdec/antenna/tag/e2806894000050038662154f, 91
1652710466.652672, sdrt-health/mac:02010b41cdec/antenna/tag/e28068940000400386621d4f, 96
1652710466.696608, sdrt-health/mac:02010b41cdec/antenna/tag/e2806894000050038661fd4f, 86
1652710466.760922, sdrt-health/mac:02010b41cdec/antenna/tag/e2806894000050038661fd4f, 86
1652710466.761386, sdrt-health/mac:02010b41cdec/antenna/tag/e2806894000040038662114f, 88
1652710466.812063, sdrt-health/mac:02010b41cdec/antenna/tag/e2806894000050038662194f, 81
1652710466.841858, sdrt-health/mac:02010b41cdec/antenna/tag/e2806894000050038662154f, 91
1652710466.842369, sdrt-health/mac:02010b41cdec/antenna/tag/e2806894000050038661fd4f, 86
1652710466.856522, sdrt-health/mac:02010b41cdec/antenna/tag/e2806894000050038661fd4f, 83
1652710466.886236, sdrt-health/mac:02010b41cdec/antenna/tag/e2806894000050038662154f, 88
1652710466.88661, sdrt-health/mac:02010b41cdec/antenna/tag/e2806894000040038662114f, 88
1652710466.906831, sdrt-health/mac:02010b41cdec/antenna/tag/e28068940000400386621d4f, 96
1652710466.946964, sdrt-health/mac:02010b41cdec/antenna/tag/e2806894000050038662194f, 84
1652710466.987545, sdrt-health/mac:02010b41cdec/antenna/tag/e2806894000040038661f94f, 94
1652710467.016249, sdrt-health/mac:02010b41cdec/antenna/tag/e2806894000040038662214f, 88
1652710467.016585, sdrt-health/mac:02010b41cdec/antenna/tag/e2806894000050038662154f, 85
1652710467.030277, sdrt-health/mac:02010b41cdec/antenna/tag/e2806894000040038662214f, 88
1652710467.030521, sdrt-health/mac:02010b41cdec/antenna/tag/e2806894000040038661f94f, 88
1652710467.074458, sdrt-health/mac:02010b41cdec/antenna/tag/e2806894000040038662214f, 88
1652710467.131513, sdrt-health/mac:02010b41cdec/antenna/tag/e2806894000050038661fd4f, 83
1652710467.177537, sdrt-health/mac:02010b41cdec/antenna/tag/e2806894000050038662154f, 91
1652710467.205717, sdrt-health/mac:02010b41cdec/antenna/tag/e28068940000400386621d4f, 96
1652710467.205959, sdrt-health/mac:02010b41cdec/antenna/tag/e2806894000040038662114f, 88
1652710467.206054, sdrt-health/mac:02010b41cdec/antenna/tag/e28068940000400386621d4f, 96
1652710467.236526, sdrt-health/mac:02010b41cdec/antenna/tag/e2806894000050038662194f, 87
1652710467.292454, sdrt-health/mac:02010b41cdec/antenna/tag/e28068940000400386621d4f, 96
1652710467.353795, sdrt-health/mac:02010b41cdec/antenna/tag/e2806894000050038662194f, 83
1652710467.354267, sdrt-health/mac:02010b41cdec/antenna/tag/e2806894000050038662154f, 91
1652710467.375997, sdrt-health/mac:02010b41cdec/antenna/tag/e2806894000040038662114f, 91
1652710467.386783, sdrt-health/mac:02010b41cdec/antenna/tag/e2806894000050038661fd4f, 86
1652710467.440411, sdrt-health/mac:02010b41cdec/antenna/tag/e2806894000050038662194f, 87
1652710467.506813, sdrt-health/mac:02010b41cdec/antenna/tag/e2806894000050038661fd4f, 86
1652710467.507301, sdrt-health/mac:02010b41cdec/antenna/tag/e2806894000050038661fd4f, 83
1652710467.532339, sdrt-health/mac:02010b41cdec/antenna/tag/e2806894000050038661fd4f, 97
1652710467.595275, sdrt-health/mac:02010b41cdec/antenna/tag/e2806894000050038662194f, 84
1652710467.59577, sdrt-health/mac:02010b41cdec/antenna/tag/e2806894000040038661f94f, 88
1652710467.614115, sdrt-health/mac:02010b41cdec/antenna/tag/e28068940000400386621d4f, 96
1652710467.623851, sdrt-health/mac:02010b41cdec/antenna/tag/e2806894000050038661fd4f, 83
1652710467.668477, sdrt-health/mac:02010b41cdec/antenna/tag/e2806894000050038661fd4f, 83
1652710467.707285, sdrt-health/mac:02010b41cdec/antenna/tag/e2806894000050038662154f, 88
1652710467.745639, sdrt-health/mac:02010b41cdec/antenna/tag/e2806894000040038662114f, 88
1652710467.747076, sdrt-health/mac:02010b41cdec/antenna/tag/e2806894000050038662154f, 91
1652710467.759143, sdrt-health/mac:02010b41cdec/antenna/tag/e28068940000400386621d4f, 96
1652710467.797257, sdrt-health/mac:02010b41cdec/antenna/tag/e2806894000050038662154f, 91
1652710467.847258, sdrt-health/mac:02010b41cdec/antenna/tag/e2806894000050038662154f, 91
1652710467.90269, sdrt-health/mac:02010b41cdec/antenna/tag/e28068940000400386621d4f, 77
1652710467.903226, sdrt-health/mac:02010b41cdec/antenna/tag/e28068940000400386621d4f, 96
1652710467.93432, sdrt-health/mac:02010b41cdec/antenna/tag/e2806894000040038662054f, 82
1652710467.990604, sdrt-health/mac:02010b41cdec/antenna/tag/e2806894000050038661fd4f, 97
1652710467.991162, sdrt-health/mac:02010b41cdec/antenna/tag/e2806894000040038662114f, 85
1652710468.026562, sdrt-health/mac:02010b41cdec/antenna/tag/e2806894000040038662114f, 88
1652710468.027298, sdrt-health/mac:02010b41cdec/antenna/tag/e28068940000400386621d4f, 96
1652710468.065993, sdrt-health/mac:02010b41cdec/antenna/tag/e2806894000050038662154f, 88
1652710468.128203, sdrt-health/mac:02010b41cdec/antenna/tag/e2806894000040038662114f, 88
1652710468.128716, sdrt-health/mac:02010b41cdec/antenna/tag/e28068940000400386621d4f, 96
1652710468.166135, sdrt-health/mac:02010b41cdec/antenna/tag/e28068940000400386621d4f, 96
1652710468.220781, sdrt-health/mac:02010b41cdec/antenna/tag/e2806894000050038662154f, 91
1652710468.221205, sdrt-health/mac:02010b41cdec/antenna/tag/e2806894000050038662154f, 91
1652710468.252057, sdrt-health/mac:02010b41cdec/antenna/tag/e2806894000050038662194f, 83
1652710468.296681, sdrt-health/mac:02010b41cdec/antenna/tag/e28068940000400386621d4f, 96
1652710468.297261, sdrt-health/mac:02010b41cdec/antenna/tag/e2806894000050038662154f, 91
1652710468.363418, sdrt-health/mac:02010b41cdec/antenna/tag/e2806894000040038662114f, 85
1652710468.425692, sdrt-health/mac:02010b41cdec/antenna/tag/e2806894000050038662154f, 88
1652710468.426189, sdrt-health/mac:02010b41cdec/antenna/tag/e28068940000400386621d4f, 96
1652710468.46406, sdrt-health/mac:02010b41cdec/antenna/tag/e28068940000500386620d4f, 84
1652710468.507111, sdrt-health/mac:02010b41cdec/antenna/tag/e2806894000050038662194f, 88
1652710468.547114, sdrt-health/mac:02010b41cdec/antenna/tag/e2806894000040038662114f, 85
1652710468.605225, sdrt-health/mac:02010b41cdec/antenna/tag/e2806894000050038661fd4f, 86
1652710468.605784, sdrt-health/mac:02010b41cdec/antenna/tag/e2806894000050038662154f, 88
1652710468.632894, sdrt-health/mac:02010b41cdec/antenna/tag/e28068940000400386621d4f, 96
1652710468.667018, sdrt-health/mac:02010b41cdec/antenna/tag/e2806894000050038662154f, 88
1652710468.722401, sdrt-health/mac:02010b41cdec/antenna/tag/e28068940000400386621d4f, 90
1652710468.723047, sdrt-health/mac:02010b41cdec/antenna/tag/e2806894000040038662114f, 91
1652710468.74625, sdrt-health/mac:02010b41cdec/antenna/tag/e2806894000050038662194f, 81
1652710468.812741, sdrt-health/mac:02010b41cdec/antenna/tag/e28068940000500386620d4f, 94
1652710468.851588, sdrt-health/mac:02010b41cdec/antenna/tag/e2806894000040038661f94f, 94
1652710468.865795, sdrt-health/mac:02010b41cdec/antenna/tag/e2806894000050038662194f, 82
1652710468.866039, sdrt-health/mac:02010b41cdec/antenna/tag/e2806894000040038662114f, 88
1652710468.907883, sdrt-health/mac:02010b41cdec/antenna/tag/e2806894000050038662154f, 85
1652710468.964325, sdrt-health/mac:02010b41cdec/antenna/tag/e2806894000040038661f94f, 94
1652710469.021537, sdrt-health/mac:02010b41cdec/antenna/tag/e2806894000050038662154f, 85
1652710469.022003, sdrt-health/mac:02010b41cdec/antenna/tag/e28068940000500386620d4f, 88
1652710469.061494, sdrt-health/mac:02010b41cdec/antenna/tag/e28068940000400386621d4f, 96
1652710469.110626, sdrt-health/mac:02010b41cdec/antenna/tag/e2806894000050038661fd4f, 83
1652710469.111086, sdrt-health/mac:02010b41cdec/antenna/tag/e2806894000050038662154f, 91
1652710469.125039, sdrt-health/mac:02010b41cdec/antenna/tag/e2806894000050038661fd4f, 83
1652710469.145829, sdrt-health/mac:02010b41cdec/antenna/tag/e2806894000040038662114f, 85
1652710469.146356, sdrt-health/mac:02010b41cdec/antenna/tag/e2806894000050038662154f, 88
1652710469.185625, sdrt-health/mac:02010b41cdec/antenna/tag/e28068940000400386621d4f, 96
1652710469.226216, sdrt-health/mac:02010b41cdec/antenna/tag/e2806894000040038662114f, 88
1652710469.28703, sdrt-health/mac:02010b41cdec/antenna/tag/e28068940000400386621d4f, 96
1652710469.287506, sdrt-health/mac:02010b41cdec/antenna/tag/e2806894000050038661fd4f, 86
1652710469.301005, sdrt-health/mac:02010b41cdec/antenna/tag/e2806894000050038662154f, 91
1652710469.335915, sdrt-health/mac:02010b41cdec/antenna/tag/e2806894000050038661fd4f, 86
1652710469.386699, sdrt-health/mac:02010b41cdec/antenna/tag/e28068940000400386621d4f, 96
1652710469.417542, sdrt-health/mac:02010b41cdec/antenna/tag/e2806894000050038661fd4f, 86
1652710469.417892, sdrt-health/mac:02010b41cdec/antenna/tag/e28068940000400386621d4f, 90
1652710469.443983, sdrt-health/mac:02010b41cdec/antenna/tag/e2806894000050038661fd4f, 83
1652710469.490466, sdrt-health/mac:02010b41cdec/antenna/tag/e28068940000400386621d4f, 96
1652710469.703273, sdrt-health/mac:02010b41cdec/antenna/tag/e28068940000400386621d4f, 96
1652710469.703812, sdrt-health/mac:02010b41cdec/antenna/tag/scan, scan stopped
