1652703926.377782, sdrt-health/mac:02010b41cdec/antenna/power/set, {"power": 290}
1652703927.441292, sdrt-health/mac:02010b41cdec/antenna/power/set, 
1652703931.404981, sdrt-health/mac:02010b41cdec/antenna/tag/scan, {"time": 20000}
1652703931.79073, sdrt-health/mac:02010b41cdec/antenna/tag/e2806894000040038662114f, 85
1652703931.829549, sdrt-health/mac:02010b41cdec/antenna/tag/e2806894000040038662114f, 85
1652703931.895294, sdrt-health/mac:02010b41cdec/antenna/tag/e2806894000050038662154f, 85
1652703931.895764, sdrt-health/mac:02010b41cdec/antenna/tag/e28068940000500386620d4f, 97
1652703931.911287, sdrt-health/mac:02010b41cdec/antenna/tag/e2806894000040038662114f, 85
1652703931.955612, sdrt-health/mac:02010b41cdec/antenna/tag/e2806894000050038661fd4f, 91
1652703931.955917, sdrt-health/mac:02010b41cdec/antenna/tag/e2806894000050038661fd4f, 97
1652703931.989628, sdrt-health/mac:02010b41cdec/antenna/tag/e28068940000500386620d4f, 83
1652703932.02294, sdrt-health/mac:02010b41cdec/antenna/tag/e2806894000050038662154f, 88
1652703932.023225, sdrt-health/mac:02010b41cdec/antenna/tag/e2806894000040038662114f, 85
1652703932.023419, sdrt-health/mac:02010b41cdec/antenna/tag/e2806894000040038662114f, 93
1652703932.043454, sdrt-health/mac:02010b41cdec/antenna/tag/e2806894000040038662114f, 85
1652703932.096326, sdrt-health/mac:02010b41cdec/antenna/tag/e28068940000400386621d4f, 96
1652703932.141925, sdrt-health/mac:02010b41cdec/antenna/tag/e2806894000050038661fd4f, 83
1652703932.178115, sdrt-health/mac:02010b41cdec/antenna/tag/e28068940000500386620d4f, 97
1652703932.178578, sdrt-health/mac:02010b41cdec/antenna/tag/e2806894000040038662114f, 85
1652703932.194673, sdrt-health/mac:02010b41cdec/antenna/tag/e2806894000040038662114f, 85
1652703932.195073, sdrt-health/mac:02010b41cdec/antenna/tag/e2806894000050038661fd4f, 91
1652703932.229314, sdrt-health/mac:02010b41cdec/antenna/tag/e28068940000500386620d4f, 83
1652703932.294654, sdrt-health/mac:02010b41cdec/antenna/tag/e2806894000050038662154f, 88
1652703932.295123, sdrt-health/mac:02010b41cdec/antenna/tag/e2806894000050038662154f, 88
1652703932.311626, sdrt-health/mac:02010b41cdec/antenna/tag/e28068940000400386621d4f, 96
1652703932.319015, sdrt-health/mac:02010b41cdec/antenna/tag/e28068940000400386621d4f, 77
1652703932.367897, sdrt-health/mac:02010b41cdec/antenna/tag/e28068940000500386620d4f, 91
1652703932.422577, sdrt-health/mac:02010b41cdec/antenna/tag/e2806894000050038662154f, 85
1652703932.460056, sdrt-health/mac:02010b41cdec/antenna/tag/e2806894000050038661fd4f, 91
1652703932.52068, sdrt-health/mac:02010b41cdec/antenna/tag/e2806894000050038661fd4f, 97
1652703932.521181, sdrt-health/mac:02010b41cdec/antenna/tag/e2806894000040038662114f, 85
1652703932.560753, sdrt-health/mac:02010b41cdec/antenna/tag/e2806894000050038661fd4f, 97
1652703932.679702, sdrt-health/mac:02010b41cdec/antenna/tag/e2806894000050038661fd4f, 83
1652703932.711924, sdrt-health/mac:02010b41cdec/antenna/tag/e28068940000400386621d4f, 96
1652703932.712307, sdrt-health/mac:02010b41cdec/antenna/tag/e2806894000050038662154f, 88
1652703932.712562, sdrt-health/mac:02010b41cdec/antenna/tag/e2806894000050038662194f, 81
1652703932.71281, sdrt-health/mac:02010b41cdec/antenna/tag/e28068940000500386620d4f, 83
1652703932.713055, sdrt-health/mac:02010b41cdec/antenna/tag/e28068940000400386621d4f, 96
1652703932.727297, sdrt-health/mac:02010b41cdec/antenna/tag/e2806894000050038661fd4f, 83
1652703932.727616, sdrt-health/mac:02010b41cdec/antenna/tag/e2806894000050038661fd4f, 97
1652703932.76001, sdrt-health/mac:02010b41cdec/antenna/tag/e28068940000500386620d4f, 83
1652703932.823291, sdrt-health/mac:02010b41cdec/antenna/tag/e2806894000040038662214f, 88
1652703932.859753, sdrt-health/mac:02010b41cdec/antenna/tag/e2806894000040038662114f, 85
1652703932.91985, sdrt-health/mac:02010b41cdec/antenna/tag/e2806894000050038661fd4f, 88
1652703932.920314, sdrt-health/mac:02010b41cdec/antenna/tag/e28068940000400386621d4f, 77
1652703932.936223, sdrt-health/mac:02010b41cdec/antenna/tag/e28068940000500386620d4f, 97
1652703932.983082, sdrt-health/mac:02010b41cdec/antenna/tag/e2806894000050038661fd4f, 83
1652703933.031113, sdrt-health/mac:02010b41cdec/antenna/tag/e28068940000400386621d4f, 96
1652703933.094473, sdrt-health/mac:02010b41cdec/antenna/tag/e2806894000050038661fd4f, 97
1652703933.094988, sdrt-health/mac:02010b41cdec/antenna/tag/e28068940000400386621d4f, 96
1652703933.117482, sdrt-health/mac:02010b41cdec/antenna/tag/e2806894000050038662154f, 88
1652703933.15817, sdrt-health/mac:02010b41cdec/antenna/tag/e28068940000500386620d4f, 97
1652703933.214777, sdrt-health/mac:02010b41cdec/antenna/tag/e2806894000050038662154f, 93
1652703933.259048, sdrt-health/mac:02010b41cdec/antenna/tag/e2806894000050038662154f, 83
1652703933.322513, sdrt-health/mac:02010b41cdec/antenna/tag/e2806894000040038662114f, 88
1652703933.322765, sdrt-health/mac:02010b41cdec/antenna/tag/e28068940000400386621d4f, 77
1652703933.352433, sdrt-health/mac:02010b41cdec/antenna/tag/e28068940000400386621d4f, 77
1652703933.398709, sdrt-health/mac:02010b41cdec/antenna/tag/e2806894000050038662194f, 81
1652703933.434073, sdrt-health/mac:02010b41cdec/antenna/tag/e2806894000050038662154f, 88
1652703933.4343, sdrt-health/mac:02010b41cdec/antenna/tag/e2806894000050038661fd4f, 97
1652703933.449074, sdrt-health/mac:02010b41cdec/antenna/tag/e2806894000050038661fd4f, 97
1652703933.488175, sdrt-health/mac:02010b41cdec/antenna/tag/e2806894000050038661fd4f, 83
1652703933.542584, sdrt-health/mac:02010b41cdec/antenna/tag/e28068940000500386620d4f, 83
1652703933.614264, sdrt-health/mac:02010b41cdec/antenna/tag/e2806894000050038661fd4f, 83
1652703933.614751, sdrt-health/mac:02010b41cdec/antenna/tag/e2806894000050038661fd4f, 97
1652703933.630594, sdrt-health/mac:02010b41cdec/antenna/tag/e28068940000400386621d4f, 96
1652703933.665395, sdrt-health/mac:02010b41cdec/antenna/tag/e2806894000050038661fd4f, 83
1652703933.665746, sdrt-health/mac:02010b41cdec/antenna/tag/e28068940000400386621d4f, 96
1652703933.680546, sdrt-health/mac:02010b41cdec/antenna/tag/e2806894000050038662154f, 88
1652703933.680899, sdrt-health/mac:02010b41cdec/antenna/tag/e2806894000050038662154f, 88
1652703933.694779, sdrt-health/mac:02010b41cdec/antenna/tag/e2806894000050038661fd4f, 83
1652703933.695949, sdrt-health/mac:02010b41cdec/antenna/tag/e2806894000040038662114f, 85
1652703933.696224, sdrt-health/mac:02010b41cdec/antenna/tag/e28068940000500386620d4f, 83
1652703933.73928, sdrt-health/mac:02010b41cdec/antenna/tag/e2806894000050038662194f, 88
1652703933.807051, sdrt-health/mac:02010b41cdec/antenna/tag/e28068940000500386620d4f, 83
1652703933.807517, sdrt-health/mac:02010b41cdec/antenna/tag/e2806894000050038661fd4f, 91
1652703933.827777, sdrt-health/mac:02010b41cdec/antenna/tag/e2806894000050038662194f, 81
1652703933.879042, sdrt-health/mac:02010b41cdec/antenna/tag/e2806894000050038662154f, 88
1652703933.919172, sdrt-health/mac:02010b41cdec/antenna/tag/e2806894000050038662154f, 88
1652703933.967418, sdrt-health/mac:02010b41cdec/antenna/tag/e28068940000500386620d4f, 97
1652703934.031199, sdrt-health/mac:02010b41cdec/antenna/tag/e2806894000050038662154f, 85
1652703934.079424, sdrt-health/mac:02010b41cdec/antenna/tag/e2806894000050038662154f, 88
1652703934.127217, sdrt-health/mac:02010b41cdec/antenna/tag/e28068940000500386620d4f, 83
1652703934.183128, sdrt-health/mac:02010b41cdec/antenna/tag/e2806894000050038661fd4f, 88
1652703934.212925, sdrt-health/mac:02010b41cdec/antenna/tag/e2806894000040038662114f, 85
1652703934.213286, sdrt-health/mac:02010b41cdec/antenna/tag/e28068940000400386621d4f, 77
1652703934.213537, sdrt-health/mac:02010b41cdec/antenna/tag/e28068940000500386620d4f, 83
1652703934.21381, sdrt-health/mac:02010b41cdec/antenna/tag/e2806894000050038662154f, 87
1652703934.255407, sdrt-health/mac:02010b41cdec/antenna/tag/e2806894000050038661fd4f, 91
1652703934.29944, sdrt-health/mac:02010b41cdec/antenna/tag/e28068940000400386621d4f, 77
1652703934.357405, sdrt-health/mac:02010b41cdec/antenna/tag/e28068940000500386620d4f, 83
1652703934.357903, sdrt-health/mac:02010b41cdec/antenna/tag/e28068940000400386621d4f, 77
1652703934.373348, sdrt-health/mac:02010b41cdec/antenna/tag/e2806894000050038661fd4f, 91
1652703934.404901, sdrt-health/mac:02010b41cdec/antenna/tag/e28068940000500386620d4f, 83
1652703934.405182, sdrt-health/mac:02010b41cdec/antenna/tag/e2806894000040038662114f, 85
1652703934.438416, sdrt-health/mac:02010b41cdec/antenna/tag/e2806894000050038662154f, 88
1652703934.478844, sdrt-health/mac:02010b41cdec/antenna/tag/e2806894000050038662154f, 88
1652703934.565988, sdrt-health/mac:02010b41cdec/antenna/tag/e2806894000050038661fd4f, 83
1652703934.566465, sdrt-health/mac:02010b41cdec/antenna/tag/e2806894000050038662154f, 88
1652703934.598437, sdrt-health/mac:02010b41cdec/antenna/tag/e28068940000500386620d4f, 83
1652703934.654033, sdrt-health/mac:02010b41cdec/antenna/tag/e2806894000050038661fd4f, 83
1652703934.654523, sdrt-health/mac:02010b41cdec/antenna/tag/e2806894000050038661fd4f, 83
1652703934.68826, sdrt-health/mac:02010b41cdec/antenna/tag/e2806894000050038662194f, 83
1652703934.75385, sdrt-health/mac:02010b41cdec/antenna/tag/e2806894000050038662154f, 85
1652703934.754347, sdrt-health/mac:02010b41cdec/antenna/tag/e28068940000400386621d4f, 96
1652703934.770159, sdrt-health/mac:02010b41cdec/antenna/tag/e2806894000050038662154f, 88
1652703934.797541, sdrt-health/mac:02010b41cdec/antenna/tag/e2806894000040038662114f, 85
1652703934.876358, sdrt-health/mac:02010b41cdec/antenna/tag/e2806894000050038662154f, 87
1652703934.876645, sdrt-health/mac:02010b41cdec/antenna/tag/e28068940000500386620d4f, 83
1652703934.891016, sdrt-health/mac:02010b41cdec/antenna/tag/e2806894000050038661fd4f, 91
1652703934.901565, sdrt-health/mac:02010b41cdec/antenna/tag/e2806894000040038662114f, 85
1652703934.906613, sdrt-health/mac:02010b41cdec/antenna/tag/e28068940000400386621d4f, 77
1652703934.95223, sdrt-health/mac:02010b41cdec/antenna/tag/e28068940000400386621d4f, 77
1652703935.032813, sdrt-health/mac:02010b41cdec/antenna/tag/e28068940000500386620d4f, 83
1652703935.033238, sdrt-health/mac:02010b41cdec/antenna/tag/e2806894000050038662154f, 85
1652703935.033604, sdrt-health/mac:02010b41cdec/antenna/tag/e28068940000400386621d4f, 96
1652703935.080162, sdrt-health/mac:02010b41cdec/antenna/tag/e2806894000050038662154f, 88
1652703935.118563, sdrt-health/mac:02010b41cdec/antenna/tag/e2806894000050038661fd4f, 97
1652703935.148878, sdrt-health/mac:02010b41cdec/antenna/tag/e28068940000500386620d4f, 97
1652703935.149272, sdrt-health/mac:02010b41cdec/antenna/tag/e2806894000050038661fd4f, 97
1652703935.164047, sdrt-health/mac:02010b41cdec/antenna/tag/e28068940000500386620d4f, 83
1652703935.214923, sdrt-health/mac:02010b41cdec/antenna/tag/e2806894000050038661fd4f, 91
1652703935.246446, sdrt-health/mac:02010b41cdec/antenna/tag/e2806894000040038662114f, 88
1652703935.246846, sdrt-health/mac:02010b41cdec/antenna/tag/e2806894000050038662154f, 85
1652703935.261359, sdrt-health/mac:02010b41cdec/antenna/tag/e2806894000050038662194f, 83
1652703935.261686, sdrt-health/mac:02010b41cdec/antenna/tag/e2806894000040038662114f, 85
1652703935.261896, sdrt-health/mac:02010b41cdec/antenna/tag/e2806894000050038662154f, 93
1652703935.303102, sdrt-health/mac:02010b41cdec/antenna/tag/e2806894000050038662154f, 93
1652703935.373537, sdrt-health/mac:02010b41cdec/antenna/tag/e28068940000400386621d4f, 77
1652703935.374047, sdrt-health/mac:02010b41cdec/antenna/tag/e2806894000050038662154f, 93
1652703935.39003, sdrt-health/mac:02010b41cdec/antenna/tag/e2806894000050038661fd4f, 91
1652703935.423586, sdrt-health/mac:02010b41cdec/antenna/tag/e2806894000050038662194f, 87
1652703935.424208, sdrt-health/mac:02010b41cdec/antenna/tag/e2806894000050038662154f, 93
1652703935.439437, sdrt-health/mac:02010b41cdec/antenna/tag/e28068940000400386621d4f, 96
1652703935.454934, sdrt-health/mac:02010b41cdec/antenna/tag/e28068940000500386620d4f, 97
1652703935.524663, sdrt-health/mac:02010b41cdec/antenna/tag/e2806894000050038662154f, 93
1652703935.525128, sdrt-health/mac:02010b41cdec/antenna/tag/e28068940000500386620d4f, 83
1652703935.540008, sdrt-health/mac:02010b41cdec/antenna/tag/e2806894000040038662114f, 85
1652703935.55996, sdrt-health/mac:02010b41cdec/antenna/tag/e2806894000040038662214f, 94
1652703935.593521, sdrt-health/mac:02010b41cdec/antenna/tag/e2806894000050038662194f, 81
1652703935.594034, sdrt-health/mac:02010b41cdec/antenna/tag/e2806894000050038661fd4f, 91
1652703935.614937, sdrt-health/mac:02010b41cdec/antenna/tag/e2806894000050038662154f, 87
1652703935.684005, sdrt-health/mac:02010b41cdec/antenna/tag/e28068940000500386620d4f, 83
1652703935.684582, sdrt-health/mac:02010b41cdec/antenna/tag/e2806894000040038662114f, 85
1652703935.699605, sdrt-health/mac:02010b41cdec/antenna/tag/e2806894000050038662154f, 93
1652703935.719839, sdrt-health/mac:02010b41cdec/antenna/tag/e28068940000500386620d4f, 83
1652703935.775007, sdrt-health/mac:02010b41cdec/antenna/tag/e28068940000400386621d4f, 77
1652703935.775337, sdrt-health/mac:02010b41cdec/antenna/tag/e2806894000050038662154f, 93
1652703935.79763, sdrt-health/mac:02010b41cdec/antenna/tag/e2806894000040038662114f, 85
1652703935.838811, sdrt-health/mac:02010b41cdec/antenna/tag/e2806894000050038662154f, 85
1652703935.869701, sdrt-health/mac:02010b41cdec/antenna/tag/e2806894000040038662114f, 85
1652703935.869888, sdrt-health/mac:02010b41cdec/antenna/tag/e28068940000500386620d4f, 83
1652703935.888046, sdrt-health/mac:02010b41cdec/antenna/tag/e2806894000050038661fd4f, 97
1652703935.942173, sdrt-health/mac:02010b41cdec/antenna/tag/e28068940000400386621d4f, 96
1652703936.045086, sdrt-health/mac:02010b41cdec/antenna/tag/e28068940000400386621d4f, 77
1652703936.045571, sdrt-health/mac:02010b41cdec/antenna/tag/e2806894000050038662194f, 84
1652703936.078277, sdrt-health/mac:02010b41cdec/antenna/tag/e2806894000050038661fd4f, 97
1652703936.118845, sdrt-health/mac:02010b41cdec/antenna/tag/e2806894000040038662114f, 88
1652703936.173218, sdrt-health/mac:02010b41cdec/antenna/tag/e28068940000400386621d4f, 90
1652703936.173697, sdrt-health/mac:02010b41cdec/antenna/tag/e2806894000050038661fd4f, 83
1652703936.209356, sdrt-health/mac:02010b41cdec/antenna/tag/e2806894000040038662114f, 88
1652703936.254673, sdrt-health/mac:02010b41cdec/antenna/tag/e28068940000400386621d4f, 96
1652703936.341856, sdrt-health/mac:02010b41cdec/antenna/tag/e2806894000050038661fd4f, 97
1652703936.37866, sdrt-health/mac:02010b41cdec/antenna/tag/e2806894000050038662154f, 83
1652703936.422491, sdrt-health/mac:02010b41cdec/antenna/tag/e2806894000050038662154f, 87
1652703936.473577, sdrt-health/mac:02010b41cdec/antenna/tag/e28068940000400386621d4f, 77
1652703936.474059, sdrt-health/mac:02010b41cdec/antenna/tag/e2806894000050038661fd4f, 83
1652703936.502717, sdrt-health/mac:02010b41cdec/antenna/tag/e28068940000400386621d4f, 96
1652703936.563436, sdrt-health/mac:02010b41cdec/antenna/tag/e28068940000500386620d4f, 83
1652703936.563873, sdrt-health/mac:02010b41cdec/antenna/tag/e28068940000400386621d4f, 96
1652703936.619021, sdrt-health/mac:02010b41cdec/antenna/tag/e2806894000040038662114f, 88
1652703936.663517, sdrt-health/mac:02010b41cdec/antenna/tag/e28068940000500386620d4f, 97
1652703936.722227, sdrt-health/mac:02010b41cdec/antenna/tag/e28068940000400386621d4f, 96
1652703936.722687, sdrt-health/mac:02010b41cdec/antenna/tag/e2806894000040038662114f, 88
1652703936.757868, sdrt-health/mac:02010b41cdec/antenna/tag/e28068940000500386620d4f, 83
1652703936.849044, sdrt-health/mac:02010b41cdec/antenna/tag/e2806894000040038662054f, 81
1652703936.903332, sdrt-health/mac:02010b41cdec/antenna/tag/e2806894000040038661f94f, 84
1652703936.972007, sdrt-health/mac:02010b41cdec/antenna/tag/e2806894000050038661fd4f, 91
1652703936.97246, sdrt-health/mac:02010b41cdec/antenna/tag/e28068940000500386620d4f, 97
1652703936.986887, sdrt-health/mac:02010b41cdec/antenna/tag/e2806894000050038662154f, 85
1652703936.997069, sdrt-health/mac:02010b41cdec/antenna/tag/e28068940000400386621d4f, 96
1652703937.055666, sdrt-health/mac:02010b41cdec/antenna/tag/e2806894000040038662114f, 85
1652703937.098931, sdrt-health/mac:02010b41cdec/antenna/tag/e28068940000500386620d4f, 83
1652703937.133162, sdrt-health/mac:02010b41cdec/antenna/tag/e2806894000050038661fd4f, 91
1652703937.133451, sdrt-health/mac:02010b41cdec/antenna/tag/e2806894000050038662194f, 83
1652703937.147875, sdrt-health/mac:02010b41cdec/antenna/tag/e2806894000050038661fd4f, 97
1652703937.14811, sdrt-health/mac:02010b41cdec/antenna/tag/e28068940000500386620d4f, 97
1652703937.188868, sdrt-health/mac:02010b41cdec/antenna/tag/e2806894000050038661fd4f, 91
1652703937.248776, sdrt-health/mac:02010b41cdec/antenna/tag/e2806894000050038662154f, 88
1652703937.249287, sdrt-health/mac:02010b41cdec/antenna/tag/e2806894000050038662154f, 85
1652703937.305947, sdrt-health/mac:02010b41cdec/antenna/tag/e2806894000050038662194f, 81
1652703937.362448, sdrt-health/mac:02010b41cdec/antenna/tag/e2806894000050038662194f, 94
1652703937.362909, sdrt-health/mac:02010b41cdec/antenna/tag/e2806894000050038661fd4f, 91
1652703937.363286, sdrt-health/mac:02010b41cdec/antenna/tag/e2806894000050038662194f, 88
1652703937.399533, sdrt-health/mac:02010b41cdec/antenna/tag/e2806894000050038662154f, 88
1652703937.454819, sdrt-health/mac:02010b41cdec/antenna/tag/e2806894000050038661fd4f, 97
1652703937.455306, sdrt-health/mac:02010b41cdec/antenna/tag/e28068940000400386621d4f, 96
1652703937.489383, sdrt-health/mac:02010b41cdec/antenna/tag/e2806894000040038662114f, 85
1652703937.534982, sdrt-health/mac:02010b41cdec/antenna/tag/e28068940000400386621d4f, 96
1652703937.53627, sdrt-health/mac:02010b41cdec/antenna/tag/e2806894000040038662114f, 88
1652703937.577957, sdrt-health/mac:02010b41cdec/antenna/tag/e28068940000500386620d4f, 83
1652703937.625003, sdrt-health/mac:02010b41cdec/antenna/tag/e2806894000050038661fd4f, 97
1652703937.742848, sdrt-health/mac:02010b41cdec/antenna/tag/e28068940000500386620d4f, 83
1652703937.8088, sdrt-health/mac:02010b41cdec/antenna/tag/e2806894000040038662114f, 88
1652703937.869077, sdrt-health/mac:02010b41cdec/antenna/tag/e2806894000050038662154f, 93
1652703937.869521, sdrt-health/mac:02010b41cdec/antenna/tag/e28068940000400386621d4f, 77
1652703937.869908, sdrt-health/mac:02010b41cdec/antenna/tag/e28068940000400386621d4f, 96
1652703937.885441, sdrt-health/mac:02010b41cdec/antenna/tag/e2806894000040038662114f, 85
1652703937.885656, sdrt-health/mac:02010b41cdec/antenna/tag/e2806894000050038661fd4f, 91
1652703937.885795, sdrt-health/mac:02010b41cdec/antenna/tag/e2806894000040038662114f, 85
1652703937.885967, sdrt-health/mac:02010b41cdec/antenna/tag/e28068940000500386620d4f, 97
1652703937.934907, sdrt-health/mac:02010b41cdec/antenna/tag/e2806894000050038662194f, 81
1652703937.978736, sdrt-health/mac:02010b41cdec/antenna/tag/e2806894000050038661fd4f, 88
1652703938.080734, sdrt-health/mac:02010b41cdec/antenna/tag/e28068940000400386621d4f, 77
1652703938.081281, sdrt-health/mac:02010b41cdec/antenna/tag/e2806894000040038662114f, 93
1652703938.104407, sdrt-health/mac:02010b41cdec/antenna/tag/e2806894000040038662114f, 85
1652703938.136496, sdrt-health/mac:02010b41cdec/antenna/tag/e28068940000500386620d4f, 97
1652703938.136843, sdrt-health/mac:02010b41cdec/antenna/tag/e28068940000400386621d4f, 96
1652703938.152855, sdrt-health/mac:02010b41cdec/antenna/tag/e2806894000040038662114f, 85
1652703938.182544, sdrt-health/mac:02010b41cdec/antenna/tag/e2806894000040038662114f, 88
1652703938.245171, sdrt-health/mac:02010b41cdec/antenna/tag/e28068940000400386621d4f, 77
1652703938.245705, sdrt-health/mac:02010b41cdec/antenna/tag/e2806894000050038661fd4f, 97
1652703938.308121, sdrt-health/mac:02010b41cdec/antenna/tag/e2806894000050038662154f, 88
1652703938.359774, sdrt-health/mac:02010b41cdec/antenna/tag/e28068940000400386621d4f, 90
1652703938.432426, sdrt-health/mac:02010b41cdec/antenna/tag/e2806894000050038661fd4f, 91
1652703938.432866, sdrt-health/mac:02010b41cdec/antenna/tag/e28068940000400386621d4f, 96
1652703938.460255, sdrt-health/mac:02010b41cdec/antenna/tag/e2806894000050038661fd4f, 83
1652703938.493307, sdrt-health/mac:02010b41cdec/antenna/tag/e28068940000500386620d4f, 83
1652703938.493713, sdrt-health/mac:02010b41cdec/antenna/tag/e2806894000040038662114f, 85
1652703938.510434, sdrt-health/mac:02010b41cdec/antenna/tag/e2806894000050038662154f, 85
1652703938.558175, sdrt-health/mac:02010b41cdec/antenna/tag/e28068940000400386621d4f, 96
1652703938.60053, sdrt-health/mac:02010b41cdec/antenna/tag/e2806894000050038661fd4f, 97
1652703938.656415, sdrt-health/mac:02010b41cdec/antenna/tag/e2806894000050038662154f, 88
1652703938.656958, sdrt-health/mac:02010b41cdec/antenna/tag/e2806894000040038662114f, 85
1652703938.672127, sdrt-health/mac:02010b41cdec/antenna/tag/e2806894000040038662114f, 85
1652703938.679615, sdrt-health/mac:02010b41cdec/antenna/tag/e2806894000050038662154f, 88
1652703938.718865, sdrt-health/mac:02010b41cdec/antenna/tag/e28068940000400386621d4f, 96
1652703938.816027, sdrt-health/mac:02010b41cdec/antenna/tag/e2806894000050038661fd4f, 97
1652703938.816553, sdrt-health/mac:02010b41cdec/antenna/tag/e2806894000040038662214f, 88
1652703938.840959, sdrt-health/mac:02010b41cdec/antenna/tag/e2806894000040038662114f, 85
1652703938.875194, sdrt-health/mac:02010b41cdec/antenna/tag/e2806894000050038661fd4f, 91
1652703938.87555, sdrt-health/mac:02010b41cdec/antenna/tag/e2806894000050038662154f, 93
1652703938.892594, sdrt-health/mac:02010b41cdec/antenna/tag/e2806894000050038662154f, 93
1652703938.981259, sdrt-health/mac:02010b41cdec/antenna/tag/e2806894000050038661fd4f, 91
1652703939.072073, sdrt-health/mac:02010b41cdec/antenna/tag/e28068940000500386620d4f, 83
1652703939.104516, sdrt-health/mac:02010b41cdec/antenna/tag/e28068940000500386620d4f, 83
1652703939.104877, sdrt-health/mac:02010b41cdec/antenna/tag/e28068940000400386621d4f, 96
1652703939.12126, sdrt-health/mac:02010b41cdec/antenna/tag/e28068940000400386621d4f, 96
1652703939.121513, sdrt-health/mac:02010b41cdec/antenna/tag/e28068940000500386620d4f, 97
1652703939.121702, sdrt-health/mac:02010b41cdec/antenna/tag/e2806894000050038662194f, 94
1652703939.12186, sdrt-health/mac:02010b41cdec/antenna/tag/e2806894000050038661fd4f, 83
1652703939.170585, sdrt-health/mac:02010b41cdec/antenna/tag/e28068940000500386620d4f, 97
1652703939.20163, sdrt-health/mac:02010b41cdec/antenna/tag/e2806894000050038662194f, 83
1652703939.25067, sdrt-health/mac:02010b41cdec/antenna/tag/e2806894000050038661fd4f, 97
1652703939.295332, sdrt-health/mac:02010b41cdec/antenna/tag/e2806894000050038662154f, 85
1652703939.340553, sdrt-health/mac:02010b41cdec/antenna/tag/e2806894000050038662154f, 85
1652703939.384861, sdrt-health/mac:02010b41cdec/antenna/tag/e2806894000040038662214f, 94
1652703939.417564, sdrt-health/mac:02010b41cdec/antenna/tag/e28068940000400386621d4f, 77
1652703939.418024, sdrt-health/mac:02010b41cdec/antenna/tag/e2806894000050038661fd4f, 97
1652703939.433285, sdrt-health/mac:02010b41cdec/antenna/tag/e2806894000040038662214f, 81
1652703939.464165, sdrt-health/mac:02010b41cdec/antenna/tag/e2806894000050038661fd4f, 97
1652703939.510772, sdrt-health/mac:02010b41cdec/antenna/tag/e2806894000040038662114f, 85
1652703939.575759, sdrt-health/mac:02010b41cdec/antenna/tag/e2806894000050038662154f, 88
1652703939.576228, sdrt-health/mac:02010b41cdec/antenna/tag/e28068940000500386620d4f, 91
1652703939.659919, sdrt-health/mac:02010b41cdec/antenna/tag/e2806894000040038662114f, 85
1652703939.72855, sdrt-health/mac:02010b41cdec/antenna/tag/e2806894000040038662114f, 88
1652703939.774858, sdrt-health/mac:02010b41cdec/antenna/tag/e2806894000050038662154f, 85
1652703939.83901, sdrt-health/mac:02010b41cdec/antenna/tag/e2806894000050038662154f, 87
1652703939.839519, sdrt-health/mac:02010b41cdec/antenna/tag/e2806894000050038661fd4f, 91
1652703939.864752, sdrt-health/mac:02010b41cdec/antenna/tag/e28068940000400386621d4f, 96
1652703939.918321, sdrt-health/mac:02010b41cdec/antenna/tag/e2806894000050038662154f, 88
1652703939.993992, sdrt-health/mac:02010b41cdec/antenna/tag/e2806894000040038662114f, 85
1652703939.994196, sdrt-health/mac:02010b41cdec/antenna/tag/e2806894000050038661fd4f, 97
1652703940.012386, sdrt-health/mac:02010b41cdec/antenna/tag/e2806894000050038661fd4f, 97
1652703940.014314, sdrt-health/mac:02010b41cdec/antenna/tag/e2806894000050038661fd4f, 83
1652703940.033289, sdrt-health/mac:02010b41cdec/antenna/tag/e2806894000040038662114f, 85
1652703940.061825, sdrt-health/mac:02010b41cdec/antenna/tag/e2806894000050038661fd4f, 83
1652703940.146964, sdrt-health/mac:02010b41cdec/antenna/tag/e28068940000500386620d4f, 83
1652703940.147441, sdrt-health/mac:02010b41cdec/antenna/tag/e28068940000500386620d4f, 83
1652703940.162941, sdrt-health/mac:02010b41cdec/antenna/tag/e2806894000050038661fd4f, 83
1652703940.205151, sdrt-health/mac:02010b41cdec/antenna/tag/e2806894000040038662114f, 93
1652703940.205463, sdrt-health/mac:02010b41cdec/antenna/tag/e28068940000500386620d4f, 97
1652703940.220756, sdrt-health/mac:02010b41cdec/antenna/tag/e2806894000050038661fd4f, 97
1652703940.221043, sdrt-health/mac:02010b41cdec/antenna/tag/e2806894000050038662154f, 88
1652703940.221224, sdrt-health/mac:02010b41cdec/antenna/tag/e28068940000500386620d4f, 97
1652703940.231718, sdrt-health/mac:02010b41cdec/antenna/tag/e28068940000500386620d4f, 83
1652703940.279365, sdrt-health/mac:02010b41cdec/antenna/tag/e2806894000040038662114f, 85
1652703940.335749, sdrt-health/mac:02010b41cdec/antenna/tag/e28068940000500386620d4f, 83
1652703940.336261, sdrt-health/mac:02010b41cdec/antenna/tag/e2806894000050038662154f, 93
1652703940.35203, sdrt-health/mac:02010b41cdec/antenna/tag/e28068940000500386620d4f, 83
1652703940.375638, sdrt-health/mac:02010b41cdec/antenna/tag/e28068940000500386620d4f, 97
1652703940.424495, sdrt-health/mac:02010b41cdec/antenna/tag/e28068940000400386621d4f, 96
1652703940.457098, sdrt-health/mac:02010b41cdec/antenna/tag/e2806894000040038662114f, 88
1652703940.457369, sdrt-health/mac:02010b41cdec/antenna/tag/e28068940000500386620d4f, 97
1652703940.47723, sdrt-health/mac:02010b41cdec/antenna/tag/e2806894000050038661fd4f, 97
1652703940.520231, sdrt-health/mac:02010b41cdec/antenna/tag/e2806894000050038661fd4f, 83
1652703940.576156, sdrt-health/mac:02010b41cdec/antenna/tag/e2806894000040038662114f, 88
1652703940.576631, sdrt-health/mac:02010b41cdec/antenna/tag/e2806894000050038661fd4f, 97
1652703940.591691, sdrt-health/mac:02010b41cdec/antenna/tag/e28068940000500386620d4f, 97
1652703940.628551, sdrt-health/mac:02010b41cdec/antenna/tag/e28068940000400386621d4f, 96
1652703940.628922, sdrt-health/mac:02010b41cdec/antenna/tag/e2806894000040038662114f, 85
1652703940.648079, sdrt-health/mac:02010b41cdec/antenna/tag/e2806894000050038662154f, 85
1652703940.654919, sdrt-health/mac:02010b41cdec/antenna/tag/e2806894000050038662154f, 87
1652703940.664603, sdrt-health/mac:02010b41cdec/antenna/tag/e2806894000050038662154f, 85
1652703940.699992, sdrt-health/mac:02010b41cdec/antenna/tag/e2806894000040038662114f, 85
1652703940.760149, sdrt-health/mac:02010b41cdec/antenna/tag/e28068940000400386621d4f, 77
1652703940.760679, sdrt-health/mac:02010b41cdec/antenna/tag/e2806894000050038661fd4f, 97
1652703940.761022, sdrt-health/mac:02010b41cdec/antenna/tag/e2806894000040038662114f, 88
1652703940.788809, sdrt-health/mac:02010b41cdec/antenna/tag/e2806894000040038662114f, 85
1652703940.855245, sdrt-health/mac:02010b41cdec/antenna/tag/e28068940000500386620d4f, 83
1652703940.85571, sdrt-health/mac:02010b41cdec/antenna/tag/e28068940000400386621d4f, 77
1652703940.871267, sdrt-health/mac:02010b41cdec/antenna/tag/e2806894000050038661fd4f, 91
1652703940.895001, sdrt-health/mac:02010b41cdec/antenna/tag/e28068940000500386620d4f, 83
1652703940.938837, sdrt-health/mac:02010b41cdec/antenna/tag/e28068940000400386621d4f, 77
1652703940.971962, sdrt-health/mac:02010b41cdec/antenna/tag/e2806894000040038662114f, 85
1652703940.972343, sdrt-health/mac:02010b41cdec/antenna/tag/e2806894000050038662154f, 88
1652703940.992952, sdrt-health/mac:02010b41cdec/antenna/tag/e2806894000050038661fd4f, 97
1652703941.080052, sdrt-health/mac:02010b41cdec/antenna/tag/e2806894000040038662114f, 85
1652703941.118613, sdrt-health/mac:02010b41cdec/antenna/tag/e2806894000050038661fd4f, 83
1652703941.196734, sdrt-health/mac:02010b41cdec/antenna/tag/e28068940000500386620d4f, 97
1652703941.197446, sdrt-health/mac:02010b41cdec/antenna/tag/e28068940000500386620d4f, 83
1652703941.223455, sdrt-health/mac:02010b41cdec/antenna/tag/e2806894000050038661fd4f, 83
1652703941.303324, sdrt-health/mac:02010b41cdec/antenna/tag/e2806894000040038662114f, 85
1652703941.349605, sdrt-health/mac:02010b41cdec/antenna/tag/e2806894000050038662154f, 93
1652703941.384506, sdrt-health/mac:02010b41cdec/antenna/tag/e28068940000500386620d4f, 83
1652703941.384814, sdrt-health/mac:02010b41cdec/antenna/tag/e2806894000050038662194f, 81
1652703941.41886, sdrt-health/mac:02010b41cdec/antenna/tag/e2806894000050038662154f, 85
1652703941.545528, sdrt-health/mac:02010b41cdec/antenna/tag/e28068940000400386621d4f, 96
1652703941.588878, sdrt-health/mac:02010b41cdec/antenna/tag/e2806894000050038661fd4f, 91
1652703941.655274, sdrt-health/mac:02010b41cdec/antenna/tag/e2806894000050038662154f, 85
1652703941.655746, sdrt-health/mac:02010b41cdec/antenna/tag/e28068940000400386621d4f, 96
1652703941.672721, sdrt-health/mac:02010b41cdec/antenna/tag/e28068940000400386621d4f, 96
1652703941.726118, sdrt-health/mac:02010b41cdec/antenna/tag/e2806894000040038662114f, 85
1652703941.72658, sdrt-health/mac:02010b41cdec/antenna/tag/e2806894000040038662114f, 85
1652703941.750092, sdrt-health/mac:02010b41cdec/antenna/tag/e2806894000050038662194f, 81
1652703941.856443, sdrt-health/mac:02010b41cdec/antenna/tag/e2806894000050038661fd4f, 97
1652703941.920426, sdrt-health/mac:02010b41cdec/antenna/tag/e2806894000050038662154f, 93
1652703941.976174, sdrt-health/mac:02010b41cdec/antenna/tag/e2806894000050038662154f, 93
1652703941.976696, sdrt-health/mac:02010b41cdec/antenna/tag/e2806894000050038661fd4f, 91
1652703941.993022, sdrt-health/mac:02010b41cdec/antenna/tag/e28068940000500386620d4f, 97
1652703942.002244, sdrt-health/mac:02010b41cdec/antenna/tag/e2806894000050038661fd4f, 91
1652703942.014764, sdrt-health/mac:02010b41cdec/antenna/tag/e2806894000040038662214f, 94
1652703942.06908, sdrt-health/mac:02010b41cdec/antenna/tag/e2806894000040038662114f, 85
1652703942.120078, sdrt-health/mac:02010b41cdec/antenna/tag/e2806894000050038662194f, 88
1652703942.159707, sdrt-health/mac:02010b41cdec/antenna/tag/e2806894000050038662194f, 81
1652703942.219798, sdrt-health/mac:02010b41cdec/antenna/tag/e2806894000050038662194f, 81
1652703942.220262, sdrt-health/mac:02010b41cdec/antenna/tag/e2806894000050038662194f, 84
1652703942.268703, sdrt-health/mac:02010b41cdec/antenna/tag/e2806894000050038662154f, 93
1652703942.308892, sdrt-health/mac:02010b41cdec/antenna/tag/e2806894000050038662154f, 85
1652703942.358856, sdrt-health/mac:02010b41cdec/antenna/tag/e28068940000500386620d4f, 83
1652703942.399501, sdrt-health/mac:02010b41cdec/antenna/tag/e2806894000050038662154f, 93
1652703942.432514, sdrt-health/mac:02010b41cdec/antenna/tag/e2806894000040038662114f, 85
1652703942.432855, sdrt-health/mac:02010b41cdec/antenna/tag/e2806894000050038662194f, 88
1652703942.448877, sdrt-health/mac:02010b41cdec/antenna/tag/e2806894000040038661f94f, 82
1652703942.478923, sdrt-health/mac:02010b41cdec/antenna/tag/e28068940000400386621d4f, 77
1652703942.527974, sdrt-health/mac:02010b41cdec/antenna/tag/e2806894000050038661fd4f, 91
1652703942.618122, sdrt-health/mac:02010b41cdec/antenna/tag/e28068940000400386621d4f, 77
1652703942.618641, sdrt-health/mac:02010b41cdec/antenna/tag/e2806894000040038662114f, 88
1652703942.638879, sdrt-health/mac:02010b41cdec/antenna/tag/e28068940000400386621d4f, 96
1652703942.757511, sdrt-health/mac:02010b41cdec/antenna/tag/e28068940000400386621d4f, 90
1652703942.757967, sdrt-health/mac:02010b41cdec/antenna/tag/e2806894000050038661fd4f, 97
1652703942.788894, sdrt-health/mac:02010b41cdec/antenna/tag/e28068940000400386621d4f, 77
1652703942.854955, sdrt-health/mac:02010b41cdec/antenna/tag/e2806894000040038662114f, 88
1652703942.855526, sdrt-health/mac:02010b41cdec/antenna/tag/e28068940000400386621d4f, 77
1652703942.882184, sdrt-health/mac:02010b41cdec/antenna/tag/e2806894000050038662194f, 81
1652703942.950281, sdrt-health/mac:02010b41cdec/antenna/tag/e28068940000500386620d4f, 83
1652703942.950681, sdrt-health/mac:02010b41cdec/antenna/tag/e28068940000400386621d4f, 77
1652703942.96605, sdrt-health/mac:02010b41cdec/antenna/tag/e2806894000040038662114f, 85
1652703942.966494, sdrt-health/mac:02010b41cdec/antenna/tag/e28068940000400386621d4f, 77
1652703942.990131, sdrt-health/mac:02010b41cdec/antenna/tag/e28068940000400386621d4f, 96
1652703943.061049, sdrt-health/mac:02010b41cdec/antenna/tag/e2806894000040038662114f, 85
1652703943.092124, sdrt-health/mac:02010b41cdec/antenna/tag/e2806894000040038662114f, 85
1652703943.092724, sdrt-health/mac:02010b41cdec/antenna/tag/e2806894000050038662154f, 85
1652703943.108555, sdrt-health/mac:02010b41cdec/antenna/tag/e2806894000050038662154f, 85
1652703943.168558, sdrt-health/mac:02010b41cdec/antenna/tag/e28068940000500386620d4f, 83
1652703943.19803, sdrt-health/mac:02010b41cdec/antenna/tag/e2806894000050038661fd4f, 97
1652703943.198473, sdrt-health/mac:02010b41cdec/antenna/tag/e2806894000040038662114f, 88
1652703943.214279, sdrt-health/mac:02010b41cdec/antenna/tag/e2806894000050038661fd4f, 97
1652703943.259074, sdrt-health/mac:02010b41cdec/antenna/tag/e28068940000500386620d4f, 83
1652703943.30243, sdrt-health/mac:02010b41cdec/antenna/tag/e2806894000040038662114f, 85
1652703943.375882, sdrt-health/mac:02010b41cdec/antenna/tag/e2806894000050038661fd4f, 91
1652703943.376345, sdrt-health/mac:02010b41cdec/antenna/tag/e28068940000500386620d4f, 83
1652703943.397587, sdrt-health/mac:02010b41cdec/antenna/tag/e28068940000500386620d4f, 83
1652703943.456652, sdrt-health/mac:02010b41cdec/antenna/tag/e2806894000040038662114f, 88
1652703943.457222, sdrt-health/mac:02010b41cdec/antenna/tag/e2806894000050038661fd4f, 88
1652703943.47826, sdrt-health/mac:02010b41cdec/antenna/tag/e2806894000050038662194f, 88
1652703943.532616, sdrt-health/mac:02010b41cdec/antenna/tag/e2806894000050038662194f, 94
1652703943.558674, sdrt-health/mac:02010b41cdec/antenna/tag/e28068940000500386620d4f, 83
1652703943.613779, sdrt-health/mac:02010b41cdec/antenna/tag/e2806894000050038662154f, 87
1652703943.614284, sdrt-health/mac:02010b41cdec/antenna/tag/e2806894000050038662154f, 87
1652703943.638851, sdrt-health/mac:02010b41cdec/antenna/tag/e2806894000050038662154f, 88
1652703943.693167, sdrt-health/mac:02010b41cdec/antenna/tag/e28068940000400386621d4f, 96
1652703943.69367, sdrt-health/mac:02010b41cdec/antenna/tag/e28068940000400386621d4f, 96
1652703943.709368, sdrt-health/mac:02010b41cdec/antenna/tag/e2806894000050038661fd4f, 83
1652703943.717984, sdrt-health/mac:02010b41cdec/antenna/tag/e2806894000040038662114f, 85
1652703943.759048, sdrt-health/mac:02010b41cdec/antenna/tag/e2806894000050038662194f, 88
1652703943.797762, sdrt-health/mac:02010b41cdec/antenna/tag/e28068940000500386620d4f, 83
1652703943.838749, sdrt-health/mac:02010b41cdec/antenna/tag/e2806894000050038662194f, 81
1652703943.903825, sdrt-health/mac:02010b41cdec/antenna/tag/e2806894000050038662194f, 81
1652703943.904348, sdrt-health/mac:02010b41cdec/antenna/tag/e2806894000040038662114f, 85
1652703943.933895, sdrt-health/mac:02010b41cdec/antenna/tag/e2806894000050038662154f, 88
1652703943.979247, sdrt-health/mac:02010b41cdec/antenna/tag/e2806894000050038662154f, 88
1652703944.022519, sdrt-health/mac:02010b41cdec/antenna/tag/e28068940000400386621d4f, 90
1652703944.02299, sdrt-health/mac:02010b41cdec/antenna/tag/e2806894000050038662154f, 88
1652703944.039206, sdrt-health/mac:02010b41cdec/antenna/tag/e2806894000050038661fd4f, 97
1652703944.068735, sdrt-health/mac:02010b41cdec/antenna/tag/e2806894000050038662154f, 93
1652703944.140529, sdrt-health/mac:02010b41cdec/antenna/tag/e2806894000040038662114f, 85
1652703944.140765, sdrt-health/mac:02010b41cdec/antenna/tag/e2806894000050038661fd4f, 97
1652703944.140899, sdrt-health/mac:02010b41cdec/antenna/tag/e2806894000050038661fd4f, 97
1652703944.176138, sdrt-health/mac:02010b41cdec/antenna/tag/e2806894000050038662154f, 88
1652703944.206565, sdrt-health/mac:02010b41cdec/antenna/tag/e2806894000050038662194f, 88
1652703944.207042, sdrt-health/mac:02010b41cdec/antenna/tag/e2806894000050038661fd4f, 91
1652703944.225994, sdrt-health/mac:02010b41cdec/antenna/tag/e28068940000500386620d4f, 83
1652703944.294253, sdrt-health/mac:02010b41cdec/antenna/tag/e28068940000400386621d4f, 96
1652703944.294753, sdrt-health/mac:02010b41cdec/antenna/tag/e2806894000040038662114f, 88
1652703944.317345, sdrt-health/mac:02010b41cdec/antenna/tag/e28068940000400386621d4f, 96
1652703944.415316, sdrt-health/mac:02010b41cdec/antenna/tag/e2806894000050038662154f, 85
1652703944.415672, sdrt-health/mac:02010b41cdec/antenna/tag/e2806894000040038662114f, 93
1652703944.446318, sdrt-health/mac:02010b41cdec/antenna/tag/e2806894000040038662114f, 85
1652703944.529506, sdrt-health/mac:02010b41cdec/antenna/tag/e2806894000050038661fd4f, 83
1652703944.583306, sdrt-health/mac:02010b41cdec/antenna/tag/e28068940000500386620d4f, 97
1652703944.6443, sdrt-health/mac:02010b41cdec/antenna/tag/e28068940000500386620d4f, 97
1652703944.644806, sdrt-health/mac:02010b41cdec/antenna/tag/e2806894000050038661fd4f, 83
1652703944.645154, sdrt-health/mac:02010b41cdec/antenna/tag/e28068940000500386620d4f, 97
1652703944.645539, sdrt-health/mac:02010b41cdec/antenna/tag/e2806894000050038661fd4f, 97
1652703944.678563, sdrt-health/mac:02010b41cdec/antenna/tag/e28068940000500386620d4f, 83
1652703944.749592, sdrt-health/mac:02010b41cdec/antenna/tag/e2806894000040038662114f, 85
1652703944.750053, sdrt-health/mac:02010b41cdec/antenna/tag/e2806894000050038661fd4f, 83
1652703944.800724, sdrt-health/mac:02010b41cdec/antenna/tag/e28068940000500386620d4f, 83
1652703944.837679, sdrt-health/mac:02010b41cdec/antenna/tag/e2806894000050038662154f, 85
1652703944.89411, sdrt-health/mac:02010b41cdec/antenna/tag/e2806894000050038662154f, 91
1652703944.924421, sdrt-health/mac:02010b41cdec/antenna/tag/e28068940000500386620d4f, 97
1652703944.924719, sdrt-health/mac:02010b41cdec/antenna/tag/e2806894000040038662114f, 85
1652703944.939331, sdrt-health/mac:02010b41cdec/antenna/tag/e2806894000040038662114f, 85
1652703944.939696, sdrt-health/mac:02010b41cdec/antenna/tag/e28068940000500386620d4f, 83
1652703944.974869, sdrt-health/mac:02010b41cdec/antenna/tag/e2806894000040038662114f, 85
1652703945.041113, sdrt-health/mac:02010b41cdec/antenna/tag/e2806894000050038661fd4f, 83
1652703945.041639, sdrt-health/mac:02010b41cdec/antenna/tag/e2806894000050038662154f, 88
1652703945.078552, sdrt-health/mac:02010b41cdec/antenna/tag/e28068940000500386620d4f, 83
1652703945.118243, sdrt-health/mac:02010b41cdec/antenna/tag/e28068940000500386620d4f, 97
1652703945.174594, sdrt-health/mac:02010b41cdec/antenna/tag/e28068940000400386621d4f, 96
1652703945.175245, sdrt-health/mac:02010b41cdec/antenna/tag/e2806894000050038661fd4f, 83
1652703945.198609, sdrt-health/mac:02010b41cdec/antenna/tag/e28068940000400386621d4f, 96
1652703945.228863, sdrt-health/mac:02010b41cdec/antenna/tag/e2806894000050038661fd4f, 91
1652703945.229383, sdrt-health/mac:02010b41cdec/antenna/tag/e2806894000050038662154f, 88
1652703945.248206, sdrt-health/mac:02010b41cdec/antenna/tag/e28068940000500386620d4f, 83
1652703945.277499, sdrt-health/mac:02010b41cdec/antenna/tag/e2806894000050038661fd4f, 97
1652703945.277818, sdrt-health/mac:02010b41cdec/antenna/tag/e28068940000500386620d4f, 83
1652703945.278017, sdrt-health/mac:02010b41cdec/antenna/tag/e28068940000400386621d4f, 96
1652703945.294506, sdrt-health/mac:02010b41cdec/antenna/tag/e28068940000500386620d4f, 83
1652703945.337714, sdrt-health/mac:02010b41cdec/antenna/tag/e2806894000040038662214f, 83
1652703945.369598, sdrt-health/mac:02010b41cdec/antenna/tag/e28068940000500386620d4f, 97
1652703945.369896, sdrt-health/mac:02010b41cdec/antenna/tag/e28068940000400386621d4f, 77
1652703945.370276, sdrt-health/mac:02010b41cdec/antenna/tag/e2806894000040038662114f, 85
1652703945.383423, sdrt-health/mac:02010b41cdec/antenna/tag/e2806894000050038662154f, 93
1652703945.451174, sdrt-health/mac:02010b41cdec/antenna/tag/e28068940000400386621d4f, 77
1652703945.451664, sdrt-health/mac:02010b41cdec/antenna/tag/e2806894000050038662154f, 93
1652703945.478412, sdrt-health/mac:02010b41cdec/antenna/tag/e28068940000400386621d4f, 90
1652703945.535241, sdrt-health/mac:02010b41cdec/antenna/tag/e28068940000500386620d4f, 97
1652703945.535693, sdrt-health/mac:02010b41cdec/antenna/tag/e2806894000050038662154f, 85
1652703945.550808, sdrt-health/mac:02010b41cdec/antenna/tag/e2806894000040038662114f, 85
1652703945.55214, sdrt-health/mac:02010b41cdec/antenna/tag/e2806894000050038662154f, 85
1652703945.552581, sdrt-health/mac:02010b41cdec/antenna/tag/e28068940000500386620d4f, 97
1652703945.579408, sdrt-health/mac:02010b41cdec/antenna/tag/e2806894000040038662054f, 81
1652703945.637993, sdrt-health/mac:02010b41cdec/antenna/tag/e28068940000500386620d4f, 83
1652703945.668688, sdrt-health/mac:02010b41cdec/antenna/tag/e2806894000040038662114f, 88
1652703945.669033, sdrt-health/mac:02010b41cdec/antenna/tag/e2806894000050038662154f, 85
1652703945.728137, sdrt-health/mac:02010b41cdec/antenna/tag/e2806894000050038661fd4f, 83
1652703945.783729, sdrt-health/mac:02010b41cdec/antenna/tag/e28068940000400386621d4f, 90
1652703945.81365, sdrt-health/mac:02010b41cdec/antenna/tag/e2806894000050038661fd4f, 97
1652703945.81396, sdrt-health/mac:02010b41cdec/antenna/tag/e2806894000050038662154f, 85
1652703945.828189, sdrt-health/mac:02010b41cdec/antenna/tag/e28068940000400386621d4f, 77
1652703945.877795, sdrt-health/mac:02010b41cdec/antenna/tag/e28068940000500386620d4f, 97
1652703945.918157, sdrt-health/mac:02010b41cdec/antenna/tag/e28068940000400386621d4f, 77
1652703945.974483, sdrt-health/mac:02010b41cdec/antenna/tag/e2806894000050038662154f, 93
1652703945.974909, sdrt-health/mac:02010b41cdec/antenna/tag/e28068940000500386620d4f, 97
1652703945.997846, sdrt-health/mac:02010b41cdec/antenna/tag/e28068940000400386621d4f, 96
1652703946.039306, sdrt-health/mac:02010b41cdec/antenna/tag/e2806894000040038662114f, 85
1652703946.071556, sdrt-health/mac:02010b41cdec/antenna/tag/e28068940000400386621d4f, 96
1652703946.071807, sdrt-health/mac:02010b41cdec/antenna/tag/e2806894000040038662114f, 88
1652703946.07207, sdrt-health/mac:02010b41cdec/antenna/tag/e28068940000500386620d4f, 97
1652703946.087447, sdrt-health/mac:02010b41cdec/antenna/tag/e2806894000040038662114f, 85
1652703946.126072, sdrt-health/mac:02010b41cdec/antenna/tag/e28068940000500386620d4f, 97
1652703946.191757, sdrt-health/mac:02010b41cdec/antenna/tag/e2806894000040038662114f, 93
1652703946.192234, sdrt-health/mac:02010b41cdec/antenna/tag/e28068940000400386621d4f, 96
1652703946.21831, sdrt-health/mac:02010b41cdec/antenna/tag/e2806894000050038662154f, 91
1652703946.218658, sdrt-health/mac:02010b41cdec/antenna/tag/e2806894000050038662154f, 93
1652703946.263235, sdrt-health/mac:02010b41cdec/antenna/tag/e2806894000050038662154f, 93
1652703946.309284, sdrt-health/mac:02010b41cdec/antenna/tag/e2806894000050038661fd4f, 91
1652703946.373893, sdrt-health/mac:02010b41cdec/antenna/tag/e2806894000040038662114f, 85
1652703946.374374, sdrt-health/mac:02010b41cdec/antenna/tag/e2806894000040038662114f, 85
1652703946.400986, sdrt-health/mac:02010b41cdec/antenna/tag/e28068940000400386621d4f, 96
1652703946.454014, sdrt-health/mac:02010b41cdec/antenna/tag/e2806894000050038661fd4f, 83
1652703946.45451, sdrt-health/mac:02010b41cdec/antenna/tag/e28068940000400386621d4f, 96
1652703946.478523, sdrt-health/mac:02010b41cdec/antenna/tag/e28068940000500386620d4f, 97
1652703946.518059, sdrt-health/mac:02010b41cdec/antenna/tag/e2806894000040038662114f, 85
1652703946.557394, sdrt-health/mac:02010b41cdec/antenna/tag/e2806894000050038662154f, 85
1652703946.618535, sdrt-health/mac:02010b41cdec/antenna/tag/e2806894000050038662154f, 88
1652703946.662746, sdrt-health/mac:02010b41cdec/antenna/tag/e2806894000050038662154f, 91
1652703946.725944, sdrt-health/mac:02010b41cdec/antenna/tag/e28068940000400386621d4f, 96
1652703946.726409, sdrt-health/mac:02010b41cdec/antenna/tag/e2806894000040038662114f, 85
1652703946.768897, sdrt-health/mac:02010b41cdec/antenna/tag/e2806894000040038662114f, 85
1652703946.801352, sdrt-health/mac:02010b41cdec/antenna/tag/e2806894000050038661fd4f, 91
1652703946.801573, sdrt-health/mac:02010b41cdec/antenna/tag/e2806894000040038662114f, 85
1652703946.816318, sdrt-health/mac:02010b41cdec/antenna/tag/e2806894000050038662154f, 93
1652703946.816563, sdrt-health/mac:02010b41cdec/antenna/tag/e2806894000040038662114f, 88
1652703946.816711, sdrt-health/mac:02010b41cdec/antenna/tag/e28068940000500386620d4f, 83
1652703946.858517, sdrt-health/mac:02010b41cdec/antenna/tag/e2806894000040038662114f, 85
1652703946.902522, sdrt-health/mac:02010b41cdec/antenna/tag/e2806894000040038662114f, 85
1652703946.903435, sdrt-health/mac:02010b41cdec/antenna/tag/e28068940000500386620d4f, 83
1652703946.918157, sdrt-health/mac:02010b41cdec/antenna/tag/e2806894000050038662154f, 88
1652703947.062729, sdrt-health/mac:02010b41cdec/antenna/tag/e2806894000050038662154f, 88
1652703947.119205, sdrt-health/mac:02010b41cdec/antenna/tag/e28068940000400386621d4f, 77
1652703947.157867, sdrt-health/mac:02010b41cdec/antenna/tag/e2806894000040038662114f, 85
1652703947.213236, sdrt-health/mac:02010b41cdec/antenna/tag/e28068940000500386620d4f, 83
1652703947.213762, sdrt-health/mac:02010b41cdec/antenna/tag/e28068940000400386621d4f, 77
1652703947.294257, sdrt-health/mac:02010b41cdec/antenna/tag/e2806894000040038662214f, 88
1652703947.360108, sdrt-health/mac:02010b41cdec/antenna/tag/e28068940000400386621d4f, 77
1652703947.398935, sdrt-health/mac:02010b41cdec/antenna/tag/e2806894000040038662114f, 85
1652703947.429735, sdrt-health/mac:02010b41cdec/antenna/tag/e2806894000040038662114f, 85
1652703947.430205, sdrt-health/mac:02010b41cdec/antenna/tag/e28068940000500386620d4f, 97
1652703947.445981, sdrt-health/mac:02010b41cdec/antenna/tag/e2806894000050038662154f, 88
1652703947.479252, sdrt-health/mac:02010b41cdec/antenna/tag/e2806894000050038662154f, 85
1652703947.509251, sdrt-health/mac:02010b41cdec/antenna/tag/e2806894000050038661fd4f, 97
1652703947.509689, sdrt-health/mac:02010b41cdec/antenna/tag/e28068940000400386621d4f, 96
1652703947.524092, sdrt-health/mac:02010b41cdec/antenna/tag/e2806894000040038661f94f, 81
1652703947.524482, sdrt-health/mac:02010b41cdec/antenna/tag/e28068940000400386621d4f, 96
1652703947.524746, sdrt-health/mac:02010b41cdec/antenna/tag/e2806894000050038661fd4f, 83
1652703947.575205, sdrt-health/mac:02010b41cdec/antenna/tag/e2806894000050038662154f, 88
1652703947.60628, sdrt-health/mac:02010b41cdec/antenna/tag/e2806894000040038662114f, 93
1652703947.606541, sdrt-health/mac:02010b41cdec/antenna/tag/e2806894000050038662154f, 88
1652703947.622905, sdrt-health/mac:02010b41cdec/antenna/tag/e2806894000050038661fd4f, 97
1652703947.668497, sdrt-health/mac:02010b41cdec/antenna/tag/e28068940000500386620d4f, 83
1652703947.735838, sdrt-health/mac:02010b41cdec/antenna/tag/e2806894000050038661fd4f, 83
1652703947.736353, sdrt-health/mac:02010b41cdec/antenna/tag/e2806894000050038661fd4f, 97
1652703947.76617, sdrt-health/mac:02010b41cdec/antenna/tag/e2806894000050038661fd4f, 97
1652703947.820077, sdrt-health/mac:02010b41cdec/antenna/tag/e2806894000050038662194f, 87
1652703947.820353, sdrt-health/mac:02010b41cdec/antenna/tag/e2806894000040038662114f, 93
1652703947.841668, sdrt-health/mac:02010b41cdec/antenna/tag/e28068940000400386621d4f, 77
1652703947.906954, sdrt-health/mac:02010b41cdec/antenna/tag/e2806894000040038662114f, 85
1652703947.954854, sdrt-health/mac:02010b41cdec/antenna/tag/e2806894000040038662114f, 91
1652703948.001862, sdrt-health/mac:02010b41cdec/antenna/tag/e2806894000040038662114f, 88
1652703948.002133, sdrt-health/mac:02010b41cdec/antenna/tag/e2806894000050038662154f, 88
1652703948.019074, sdrt-health/mac:02010b41cdec/antenna/tag/e28068940000500386620d4f, 83
1652703948.041435, sdrt-health/mac:02010b41cdec/antenna/tag/e28068940000500386620d4f, 83
1652703948.094495, sdrt-health/mac:02010b41cdec/antenna/tag/e2806894000050038661fd4f, 97
1652703948.094916, sdrt-health/mac:02010b41cdec/antenna/tag/e2806894000050038662154f, 88
1652703948.111135, sdrt-health/mac:02010b41cdec/antenna/tag/e2806894000050038662154f, 85
1652703948.128898, sdrt-health/mac:02010b41cdec/antenna/tag/e28068940000400386621d4f, 96
1652703948.19758, sdrt-health/mac:02010b41cdec/antenna/tag/e2806894000040038662114f, 87
1652703948.198095, sdrt-health/mac:02010b41cdec/antenna/tag/e2806894000050038661fd4f, 97
1652703948.227507, sdrt-health/mac:02010b41cdec/antenna/tag/e2806894000050038662154f, 93
1652703948.277386, sdrt-health/mac:02010b41cdec/antenna/tag/e2806894000050038662194f, 81
1652703948.317543, sdrt-health/mac:02010b41cdec/antenna/tag/e2806894000050038662194f, 81
1652703948.357657, sdrt-health/mac:02010b41cdec/antenna/tag/e2806894000050038662194f, 84
1652703948.398237, sdrt-health/mac:02010b41cdec/antenna/tag/e2806894000050038662154f, 93
1652703948.439664, sdrt-health/mac:02010b41cdec/antenna/tag/e28068940000400386621d4f, 77
1652703948.479579, sdrt-health/mac:02010b41cdec/antenna/tag/e2806894000040038662214f, 81
1652703948.527934, sdrt-health/mac:02010b41cdec/antenna/tag/e2806894000050038662154f, 93
1652703948.574408, sdrt-health/mac:02010b41cdec/antenna/tag/e2806894000050038662154f, 93
1652703948.636535, sdrt-health/mac:02010b41cdec/antenna/tag/e28068940000400386621d4f, 77
1652703948.637115, sdrt-health/mac:02010b41cdec/antenna/tag/e2806894000050038662194f, 81
1652703948.663494, sdrt-health/mac:02010b41cdec/antenna/tag/e28068940000400386621d4f, 96
1652703948.698284, sdrt-health/mac:02010b41cdec/antenna/tag/e28068940000400386621d4f, 77
1652703948.753043, sdrt-health/mac:02010b41cdec/antenna/tag/e2806894000050038662194f, 82
1652703948.753503, sdrt-health/mac:02010b41cdec/antenna/tag/e28068940000400386621d4f, 77
1652703948.79852, sdrt-health/mac:02010b41cdec/antenna/tag/e2806894000050038661fd4f, 91
1652703948.846834, sdrt-health/mac:02010b41cdec/antenna/tag/e28068940000400386621d4f, 77
1652703948.893828, sdrt-health/mac:02010b41cdec/antenna/tag/e2806894000040038662114f, 88
1652703948.894349, sdrt-health/mac:02010b41cdec/antenna/tag/e2806894000050038662154f, 88
1652703948.939502, sdrt-health/mac:02010b41cdec/antenna/tag/e28068940000500386620d4f, 83
1652703948.985202, sdrt-health/mac:02010b41cdec/antenna/tag/e2806894000050038662154f, 85
1652703949.029646, sdrt-health/mac:02010b41cdec/antenna/tag/e2806894000050038662194f, 88
1652703949.092633, sdrt-health/mac:02010b41cdec/antenna/tag/e28068940000500386620d4f, 83
1652703949.093165, sdrt-health/mac:02010b41cdec/antenna/tag/e2806894000040038662114f, 88
1652703949.118348, sdrt-health/mac:02010b41cdec/antenna/tag/e2806894000050038662154f, 85
1652703949.158487, sdrt-health/mac:02010b41cdec/antenna/tag/e2806894000050038661fd4f, 83
1652703949.213112, sdrt-health/mac:02010b41cdec/antenna/tag/e28068940000400386621d4f, 96
1652703949.213627, sdrt-health/mac:02010b41cdec/antenna/tag/e28068940000400386621d4f, 90
1652703949.246286, sdrt-health/mac:02010b41cdec/antenna/tag/e2806894000040038662114f, 88
1652703949.295272, sdrt-health/mac:02010b41cdec/antenna/tag/e28068940000500386620d4f, 83
1652703949.375283, sdrt-health/mac:02010b41cdec/antenna/tag/e28068940000400386621d4f, 96
1652703949.375769, sdrt-health/mac:02010b41cdec/antenna/tag/e2806894000050038662194f, 83
1652703949.39764, sdrt-health/mac:02010b41cdec/antenna/tag/e2806894000050038662154f, 85
1652703949.438467, sdrt-health/mac:02010b41cdec/antenna/tag/e28068940000500386620d4f, 83
1652703949.494296, sdrt-health/mac:02010b41cdec/antenna/tag/e2806894000050038662194f, 84
1652703949.49481, sdrt-health/mac:02010b41cdec/antenna/tag/e28068940000500386620d4f, 91
1652703949.508784, sdrt-health/mac:02010b41cdec/antenna/tag/e2806894000050038661fd4f, 97
1652703949.518873, sdrt-health/mac:02010b41cdec/antenna/tag/e2806894000050038662154f, 88
1652703949.558895, sdrt-health/mac:02010b41cdec/antenna/tag/e2806894000040038662114f, 85
1652703949.630383, sdrt-health/mac:02010b41cdec/antenna/tag/e28068940000500386620d4f, 97
1652703949.631008, sdrt-health/mac:02010b41cdec/antenna/tag/e2806894000050038662154f, 85
1652703949.6456, sdrt-health/mac:02010b41cdec/antenna/tag/e28068940000400386621d4f, 96
1652703949.659625, sdrt-health/mac:02010b41cdec/antenna/tag/e2806894000050038661fd4f, 83
1652703949.662434, sdrt-health/mac:02010b41cdec/antenna/tag/e2806894000050038661fd4f, 83
1652703949.718359, sdrt-health/mac:02010b41cdec/antenna/tag/e2806894000050038662194f, 88
1652703949.758239, sdrt-health/mac:02010b41cdec/antenna/tag/e28068940000500386620d4f, 83
1652703949.758649, sdrt-health/mac:02010b41cdec/antenna/tag/e2806894000050038661fd4f, 97
1652703949.813998, sdrt-health/mac:02010b41cdec/antenna/tag/e28068940000400386621d4f, 77
1652703949.814434, sdrt-health/mac:02010b41cdec/antenna/tag/e28068940000500386620d4f, 83
1652703949.862453, sdrt-health/mac:02010b41cdec/antenna/tag/e28068940000500386620d4f, 83
1652703949.906323, sdrt-health/mac:02010b41cdec/antenna/tag/e2806894000050038662154f, 85
1652703949.974406, sdrt-health/mac:02010b41cdec/antenna/tag/e2806894000050038661fd4f, 91
1652703949.974903, sdrt-health/mac:02010b41cdec/antenna/tag/e28068940000400386621d4f, 77
1652703949.997914, sdrt-health/mac:02010b41cdec/antenna/tag/e2806894000050038661fd4f, 91
1652703949.998164, sdrt-health/mac:02010b41cdec/antenna/tag/e2806894000050038662154f, 93
1652703950.038396, sdrt-health/mac:02010b41cdec/antenna/tag/e28068940000400386621d4f, 77
1652703950.09602, sdrt-health/mac:02010b41cdec/antenna/tag/e28068940000400386621d4f, 77
1652703950.096577, sdrt-health/mac:02010b41cdec/antenna/tag/e2806894000050038662194f, 84
1652703950.118894, sdrt-health/mac:02010b41cdec/antenna/tag/e2806894000050038661fd4f, 91
1652703950.15889, sdrt-health/mac:02010b41cdec/antenna/tag/e2806894000040038662114f, 93
1652703950.215984, sdrt-health/mac:02010b41cdec/antenna/tag/e2806894000050038661fd4f, 97
1652703950.216431, sdrt-health/mac:02010b41cdec/antenna/tag/e28068940000400386621d4f, 96
1652703950.232414, sdrt-health/mac:02010b41cdec/antenna/tag/e2806894000050038662154f, 88
1652703950.277445, sdrt-health/mac:02010b41cdec/antenna/tag/e2806894000050038661fd4f, 91
1652703950.318531, sdrt-health/mac:02010b41cdec/antenna/tag/e2806894000050038662194f, 88
1652703950.369717, sdrt-health/mac:02010b41cdec/antenna/tag/e2806894000040038662114f, 85
1652703950.423084, sdrt-health/mac:02010b41cdec/antenna/tag/e2806894000040038662114f, 88
1652703950.477167, sdrt-health/mac:02010b41cdec/antenna/tag/e2806894000050038661fd4f, 97
1652703950.477604, sdrt-health/mac:02010b41cdec/antenna/tag/e28068940000400386621d4f, 96
1652703950.494333, sdrt-health/mac:02010b41cdec/antenna/tag/e2806894000050038662154f, 88
1652703950.559849, sdrt-health/mac:02010b41cdec/antenna/tag/e2806894000040038662114f, 88
1652703950.599559, sdrt-health/mac:02010b41cdec/antenna/tag/e2806894000050038661fd4f, 83
1652703950.640127, sdrt-health/mac:02010b41cdec/antenna/tag/e2806894000040038662114f, 88
1652703950.679722, sdrt-health/mac:02010b41cdec/antenna/tag/e2806894000050038662154f, 85
1652703950.736335, sdrt-health/mac:02010b41cdec/antenna/tag/e2806894000040038662114f, 88
1652703950.736784, sdrt-health/mac:02010b41cdec/antenna/state, connected
1652703950.753418, sdrt-health/mac:02010b41cdec/fw, {"version":"1.8.1","model":"200","hash":"2f556501b58f1dad542af428d7928d18","timestamp":1652703947}
1652703950.75934, sdrt-health/mac:02010b41cdec/antenna/tag/e28068940000500386620d4f, 83
1652703950.799153, sdrt-health/mac:02010b41cdec/antenna/tag/e2806894000050038662154f, 85
1652703950.856447, sdrt-health/mac:02010b41cdec/antenna/tag/e2806894000050038662154f, 85
1652703950.856993, sdrt-health/mac:02010b41cdec/antenna/tag/e2806894000050038661fd4f, 91
1652703950.873633, sdrt-health/mac:02010b41cdec/antenna/tag/e28068940000500386620d4f, 83
1652703950.902708, sdrt-health/mac:02010b41cdec/antenna/tag/e28068940000400386621d4f, 77
1652703950.949368, sdrt-health/mac:02010b41cdec/antenna/tag/e2806894000050038662154f, 87
1652703950.981206, sdrt-health/mac:02010b41cdec/antenna/tag/e28068940000500386620d4f, 83
1652703950.981547, sdrt-health/mac:02010b41cdec/antenna/tag/e2806894000050038661fd4f, 97
1652703951.028366, sdrt-health/mac:02010b41cdec/antenna/tag/e2806894000050038661fd4f, 97
1652703951.078973, sdrt-health/mac:02010b41cdec/antenna/tag/e2806894000040038662114f, 85
1652703951.134941, sdrt-health/mac:02010b41cdec/antenna/tag/e2806894000050038662154f, 91
1652703951.135389, sdrt-health/mac:02010b41cdec/antenna/tag/e2806894000050038661fd4f, 97
1652703951.135762, sdrt-health/mac:02010b41cdec/antenna/version, 
1652703951.136219, sdrt-health/mac:02010b41cdec/antenna/tag/e2806894000040038662114f, 85
1652703951.159974, sdrt-health/mac:02010b41cdec/antenna/tag/e2806894000040038662114f, 85
1652703951.215048, sdrt-health/mac:02010b41cdec/antenna/tag/e2806894000040038662114f, 85
1652703951.215451, sdrt-health/mac:02010b41cdec/antenna/tag/e2806894000050038662194f, 81
1652703951.24947, sdrt-health/mac:02010b41cdec/antenna/tag/e28068940000500386620d4f, 97
1652703951.297372, sdrt-health/mac:02010b41cdec/antenna/tag/e28068940000500386620d4f, 97
1652703951.354504, sdrt-health/mac:02010b41cdec/antenna/tag/e2806894000040038662114f, 87
1652703951.35507, sdrt-health/mac:02010b41cdec/antenna/tag/e2806894000050038661fd4f, 91
1652703951.37071, sdrt-health/mac:02010b41cdec/antenna/tag/e28068940000500386620d4f, 91
1652703951.371161, sdrt-health/mac:02010b41cdec/antenna/tag/e2806894000050038662154f, 88
1652703951.38298, sdrt-health/mac:02010b41cdec/antenna/tag/e28068940000500386620d4f, 83
1652703951.386185, sdrt-health/mac:02010b41cdec/antenna/tag/e2806894000050038662154f, 88
1652703951.386472, sdrt-health/mac:02010b41cdec/antenna/tag/e28068940000400386621d4f, 77
1652703951.428843, sdrt-health/mac:02010b41cdec/antenna/tag/e28068940000400386621d4f, 96
1652703951.525908, sdrt-health/mac:02010b41cdec/antenna/tag/e2806894000040038662114f, 85
1652703951.526471, sdrt-health/mac:02010b41cdec/antenna/tag/e28068940000400386621d4f, 96
1652703951.542224, sdrt-health/mac:02010b41cdec/antenna/tag/e2806894000040038662114f, 93
1652703951.542567, sdrt-health/mac:02010b41cdec/antenna/tag/e2806894000040038662114f, 85
1652703951.542788, sdrt-health/mac:02010b41cdec/antenna/tag/e2806894000050038661fd4f, 83
1652703951.559731, sdrt-health/mac:02010b41cdec/antenna/tag/e2806894000050038661fd4f, 83
1652703951.614825, sdrt-health/mac:02010b41cdec/antenna/tag/e28068940000400386621d4f, 77
1652703951.615156, sdrt-health/mac:02010b41cdec/antenna/tag/e2806894000040038662114f, 85
1652703951.615376, sdrt-health/mac:02010b41cdec/antenna/tag/e2806894000040038662114f, 85
1652703951.639663, sdrt-health/mac:02010b41cdec/antenna/tag/e2806894000050038661fd4f, 83
1652703951.679366, sdrt-health/mac:02010b41cdec/antenna/tag/e2806894000040038662114f, 85
1652703951.72967, sdrt-health/mac:02010b41cdec/antenna/tag/e28068940000500386620d4f, 83
1652703951.935689, sdrt-health/mac:02010b41cdec/antenna/tag/scan, scan stopped
