1652704362.192343, sdrt-health/mac:02010b41cdec/antenna/power/set, {"power": 280}
1652704363.259698, sdrt-health/mac:02010b41cdec/antenna/power/set, 
1652704367.215024, sdrt-health/mac:02010b41cdec/antenna/tag/scan, {"time": 20000}
1652704367.647531, sdrt-health/mac:02010b41cdec/antenna/tag/e28068940000400386621d4f, 96
1652704367.692869, sdrt-health/mac:02010b41cdec/antenna/tag/e2806894000040038662114f, 93
1652704367.75186, sdrt-health/mac:02010b41cdec/antenna/tag/e2806894000050038661fd4f, 83
1652704367.75264, sdrt-health/mac:02010b41cdec/antenna/tag/e28068940000500386620d4f, 97
1652704367.766165, sdrt-health/mac:02010b41cdec/antenna/tag/e2806894000050038661fd4f, 97
1652704367.780859, sdrt-health/mac:02010b41cdec/antenna/tag/e2806894000050038661fd4f, 97
1652704367.841396, sdrt-health/mac:02010b41cdec/antenna/tag/e2806894000040038662114f, 85
1652704367.841773, sdrt-health/mac:02010b41cdec/antenna/tag/e2806894000040038662114f, 85
1652704367.876444, sdrt-health/mac:02010b41cdec/antenna/tag/e28068940000500386620d4f, 97
1652704367.932007, sdrt-health/mac:02010b41cdec/antenna/tag/e28068940000500386620d4f, 97
1652704367.932454, sdrt-health/mac:02010b41cdec/antenna/tag/e2806894000040038662214f, 87
1652704367.957053, sdrt-health/mac:02010b41cdec/antenna/tag/e2806894000040038662114f, 85
1652704368.010413, sdrt-health/mac:02010b41cdec/antenna/tag/e2806894000050038661fd4f, 88
1652704368.010969, sdrt-health/mac:02010b41cdec/antenna/tag/e2806894000050038662154f, 93
1652704368.036717, sdrt-health/mac:02010b41cdec/antenna/tag/e2806894000050038662154f, 85
1652704368.092581, sdrt-health/mac:02010b41cdec/antenna/tag/e2806894000040038662114f, 85
1652704368.124824, sdrt-health/mac:02010b41cdec/antenna/tag/e2806894000050038661fd4f, 91
1652704368.125126, sdrt-health/mac:02010b41cdec/antenna/tag/e28068940000400386621d4f, 90
1652704368.125341, sdrt-health/mac:02010b41cdec/antenna/tag/e2806894000050038662154f, 85
1652704368.189818, sdrt-health/mac:02010b41cdec/antenna/tag/e2806894000040038662114f, 88
1652704368.226997, sdrt-health/mac:02010b41cdec/antenna/tag/e28068940000400386621d4f, 96
1652704368.29214, sdrt-health/mac:02010b41cdec/antenna/tag/e2806894000050038661fd4f, 97
1652704368.292464, sdrt-health/mac:02010b41cdec/antenna/tag/e2806894000050038662154f, 85
1652704368.332172, sdrt-health/mac:02010b41cdec/antenna/tag/e2806894000040038662114f, 85
1652704368.376783, sdrt-health/mac:02010b41cdec/antenna/tag/e28068940000500386620d4f, 83
1652704368.421006, sdrt-health/mac:02010b41cdec/antenna/tag/e2806894000050038661fd4f, 88
1652704368.466173, sdrt-health/mac:02010b41cdec/antenna/tag/e2806894000040038662214f, 81
1652704368.517839, sdrt-health/mac:02010b41cdec/antenna/tag/e2806894000050038662154f, 85
1652704368.555687, sdrt-health/mac:02010b41cdec/antenna/tag/e2806894000050038662154f, 88
1652704368.610562, sdrt-health/mac:02010b41cdec/antenna/tag/e2806894000050038661fd4f, 97
1652704368.610832, sdrt-health/mac:02010b41cdec/antenna/tag/e28068940000500386620d4f, 91
1652704368.626269, sdrt-health/mac:02010b41cdec/antenna/tag/e2806894000050038661fd4f, 83
1652704368.637153, sdrt-health/mac:02010b41cdec/antenna/tag/e2806894000040038662114f, 85
1652704368.676955, sdrt-health/mac:02010b41cdec/antenna/tag/e2806894000040038662114f, 85
1652704368.733429, sdrt-health/mac:02010b41cdec/antenna/tag/e28068940000500386620d4f, 97
1652704368.734044, sdrt-health/mac:02010b41cdec/antenna/tag/e2806894000040038662114f, 93
1652704368.748334, sdrt-health/mac:02010b41cdec/antenna/tag/e28068940000400386621d4f, 96
1652704368.755745, sdrt-health/mac:02010b41cdec/antenna/tag/e2806894000050038662154f, 88
1652704368.795512, sdrt-health/mac:02010b41cdec/antenna/tag/e28068940000500386620d4f, 83
1652704368.795903, sdrt-health/mac:02010b41cdec/antenna/tag/e2806894000050038662154f, 87
1652704368.836477, sdrt-health/mac:02010b41cdec/antenna/tag/e2806894000040038662114f, 85
1652704368.877938, sdrt-health/mac:02010b41cdec/antenna/tag/e28068940000500386620d4f, 97
1652704368.939095, sdrt-health/mac:02010b41cdec/antenna/tag/e2806894000050038662154f, 85
1652704368.939552, sdrt-health/mac:02010b41cdec/antenna/tag/e2806894000050038661fd4f, 83
1652704368.991942, sdrt-health/mac:02010b41cdec/antenna/tag/e28068940000500386620d4f, 91
1652704369.025124, sdrt-health/mac:02010b41cdec/antenna/tag/e2806894000040038662114f, 85
1652704369.025383, sdrt-health/mac:02010b41cdec/antenna/tag/e2806894000050038661fd4f, 97
1652704369.039862, sdrt-health/mac:02010b41cdec/antenna/tag/e2806894000050038662154f, 85
1652704369.072758, sdrt-health/mac:02010b41cdec/antenna/tag/e28068940000500386620d4f, 91
1652704369.103247, sdrt-health/mac:02010b41cdec/antenna/tag/e2806894000040038662114f, 87
1652704369.103619, sdrt-health/mac:02010b41cdec/antenna/tag/e28068940000500386620d4f, 97
1652704369.117914, sdrt-health/mac:02010b41cdec/antenna/tag/e2806894000050038661fd4f, 83
1652704369.118305, sdrt-health/mac:02010b41cdec/antenna/tag/e28068940000400386621d4f, 96
1652704369.156361, sdrt-health/mac:02010b41cdec/antenna/tag/e28068940000500386620d4f, 97
1652704369.212308, sdrt-health/mac:02010b41cdec/antenna/tag/e2806894000050038662154f, 85
1652704369.270707, sdrt-health/mac:02010b41cdec/antenna/tag/e2806894000050038661fd4f, 83
1652704369.271129, sdrt-health/mac:02010b41cdec/antenna/tag/e28068940000400386621d4f, 96
1652704369.285956, sdrt-health/mac:02010b41cdec/antenna/tag/e2806894000050038662154f, 85
1652704369.317643, sdrt-health/mac:02010b41cdec/antenna/tag/e28068940000400386621d4f, 77
1652704369.356395, sdrt-health/mac:02010b41cdec/antenna/tag/e28068940000500386620d4f, 83
1652704369.356881, sdrt-health/mac:02010b41cdec/antenna/tag/e28068940000400386621d4f, 77
1652704369.370813, sdrt-health/mac:02010b41cdec/antenna/tag/e28068940000500386620d4f, 83
1652704369.397506, sdrt-health/mac:02010b41cdec/antenna/tag/e28068940000500386620d4f, 83
1652704369.427054, sdrt-health/mac:02010b41cdec/antenna/tag/e2806894000050038662154f, 93
1652704369.42725, sdrt-health/mac:02010b41cdec/antenna/tag/e28068940000400386621d4f, 77
1652704369.441987, sdrt-health/mac:02010b41cdec/antenna/tag/e28068940000400386621d4f, 90
1652704369.476232, sdrt-health/mac:02010b41cdec/antenna/tag/e28068940000500386620d4f, 97
1652704369.515643, sdrt-health/mac:02010b41cdec/antenna/tag/e2806894000050038661fd4f, 97
1652704369.620311, sdrt-health/mac:02010b41cdec/antenna/tag/e2806894000050038662154f, 85
1652704369.666379, sdrt-health/mac:02010b41cdec/antenna/tag/e28068940000400386621d4f, 96
1652704369.737019, sdrt-health/mac:02010b41cdec/antenna/tag/e28068940000500386620d4f, 83
1652704369.78048, sdrt-health/mac:02010b41cdec/antenna/tag/e2806894000050038661fd4f, 91
1652704369.827081, sdrt-health/mac:02010b41cdec/antenna/tag/e2806894000050038661fd4f, 88
1652704369.887037, sdrt-health/mac:02010b41cdec/antenna/tag/e2806894000050038661fd4f, 91
1652704369.91774, sdrt-health/mac:02010b41cdec/antenna/tag/e2806894000050038662154f, 87
1652704369.918119, sdrt-health/mac:02010b41cdec/antenna/tag/e28068940000500386620d4f, 97
1652704369.932294, sdrt-health/mac:02010b41cdec/antenna/tag/e28068940000500386620d4f, 97
1652704369.932676, sdrt-health/mac:02010b41cdec/antenna/tag/e2806894000040038662114f, 85
1652704369.932992, sdrt-health/mac:02010b41cdec/antenna/tag/e28068940000400386621d4f, 77
1652704369.976463, sdrt-health/mac:02010b41cdec/antenna/tag/e28068940000400386621d4f, 96
1652704370.040412, sdrt-health/mac:02010b41cdec/antenna/tag/e28068940000400386621d4f, 96
1652704370.040909, sdrt-health/mac:02010b41cdec/antenna/tag/e2806894000040038662114f, 87
1652704370.136623, sdrt-health/mac:02010b41cdec/antenna/tag/e2806894000050038661fd4f, 97
1652704370.196989, sdrt-health/mac:02010b41cdec/antenna/tag/e2806894000050038662154f, 88
1652704370.251875, sdrt-health/mac:02010b41cdec/antenna/tag/e2806894000050038661fd4f, 83
1652704370.252182, sdrt-health/mac:02010b41cdec/antenna/tag/e2806894000050038661fd4f, 97
1652704370.266327, sdrt-health/mac:02010b41cdec/antenna/tag/e2806894000050038661fd4f, 97
1652704370.286918, sdrt-health/mac:02010b41cdec/antenna/tag/e2806894000050038661fd4f, 97
1652704370.366746, sdrt-health/mac:02010b41cdec/antenna/tag/e2806894000050038662154f, 93
1652704370.413226, sdrt-health/mac:02010b41cdec/antenna/tag/e2806894000050038661fd4f, 85
1652704370.501108, sdrt-health/mac:02010b41cdec/antenna/tag/e28068940000500386620d4f, 83
1652704370.581088, sdrt-health/mac:02010b41cdec/antenna/tag/e2806894000050038662154f, 85
1652704370.659803, sdrt-health/mac:02010b41cdec/antenna/tag/e2806894000040038662114f, 85
1652704370.707667, sdrt-health/mac:02010b41cdec/antenna/tag/e2806894000040038662114f, 85
1652704370.708124, sdrt-health/mac:02010b41cdec/antenna/state, connected
1652704370.722665, sdrt-health/mac:02010b41cdec/fw, {"version":"1.8.1","model":"200","hash":"2f556501b58f1dad542af428d7928d18","timestamp":1652704367}
1652704370.722939, sdrt-health/mac:02010b41cdec/antenna/tag/e28068940000400386621d4f, 96
1652704370.765183, sdrt-health/mac:02010b41cdec/antenna/tag/e28068940000400386621d4f, 96
1652704370.828187, sdrt-health/mac:02010b41cdec/antenna/tag/e2806894000050038661fd4f, 88
1652704370.828668, sdrt-health/mac:02010b41cdec/antenna/tag/e28068940000400386621d4f, 77
1652704370.856125, sdrt-health/mac:02010b41cdec/antenna/tag/e28068940000400386621d4f, 96
1652704370.900656, sdrt-health/mac:02010b41cdec/antenna/tag/e28068940000400386621d4f, 77
1652704370.962288, sdrt-health/mac:02010b41cdec/antenna/tag/e2806894000050038662154f, 85
1652704370.9627, sdrt-health/mac:02010b41cdec/antenna/tag/e2806894000050038662154f, 85
1652704370.996885, sdrt-health/mac:02010b41cdec/antenna/tag/e28068940000500386620d4f, 83
1652704371.051677, sdrt-health/mac:02010b41cdec/antenna/tag/e28068940000500386620d4f, 97
1652704371.11858, sdrt-health/mac:02010b41cdec/antenna/tag/e2806894000040038662214f, 88
1652704371.119016, sdrt-health/mac:02010b41cdec/antenna/tag/e2806894000040038662114f, 85
1652704371.164532, sdrt-health/mac:02010b41cdec/antenna/version, 
1652704371.164712, sdrt-health/mac:02010b41cdec/antenna/tag/e2806894000040038662114f, 87
1652704371.220149, sdrt-health/mac:02010b41cdec/antenna/tag/e28068940000500386620d4f, 83
1652704371.25187, sdrt-health/mac:02010b41cdec/antenna/tag/e2806894000050038661fd4f, 88
1652704371.25222, sdrt-health/mac:02010b41cdec/antenna/tag/e28068940000500386620d4f, 83
1652704371.268855, sdrt-health/mac:02010b41cdec/antenna/tag/e2806894000040038662114f, 85
1652704371.300304, sdrt-health/mac:02010b41cdec/antenna/tag/e2806894000050038661fd4f, 88
1652704371.300955, sdrt-health/mac:02010b41cdec/antenna/tag/e2806894000050038661fd4f, 88
1652704371.317198, sdrt-health/mac:02010b41cdec/antenna/tag/e2806894000050038662154f, 87
1652704371.371485, sdrt-health/mac:02010b41cdec/antenna/tag/e28068940000400386621d4f, 77
1652704371.371878, sdrt-health/mac:02010b41cdec/antenna/tag/e2806894000050038661fd4f, 91
1652704371.404013, sdrt-health/mac:02010b41cdec/antenna/tag/e2806894000050038661fd4f, 91
1652704371.452638, sdrt-health/mac:02010b41cdec/antenna/tag/e28068940000400386621d4f, 96
1652704371.482132, sdrt-health/mac:02010b41cdec/antenna/tag/e2806894000050038662154f, 85
1652704371.48235, sdrt-health/mac:02010b41cdec/antenna/tag/e28068940000400386621d4f, 77
1652704371.496674, sdrt-health/mac:02010b41cdec/antenna/tag/e2806894000050038662194f, 94
1652704371.541552, sdrt-health/mac:02010b41cdec/antenna/tag/e28068940000500386620d4f, 83
1652704371.593779, sdrt-health/mac:02010b41cdec/antenna/tag/e28068940000500386620d4f, 83
1652704371.636358, sdrt-health/mac:02010b41cdec/antenna/tag/e28068940000400386621d4f, 77
1652704371.692282, sdrt-health/mac:02010b41cdec/antenna/tag/e28068940000400386621d4f, 96
1652704371.723086, sdrt-health/mac:02010b41cdec/antenna/tag/e2806894000040038661f94f, 88
1652704371.723421, sdrt-health/mac:02010b41cdec/antenna/tag/e2806894000050038661fd4f, 97
1652704371.738745, sdrt-health/mac:02010b41cdec/antenna/tag/e2806894000050038662154f, 85
1652704371.739063, sdrt-health/mac:02010b41cdec/antenna/tag/e2806894000050038661fd4f, 97
1652704371.73929, sdrt-health/mac:02010b41cdec/antenna/tag/e2806894000040038662114f, 88
1652704371.798526, sdrt-health/mac:02010b41cdec/antenna/tag/e2806894000050038662154f, 93
1652704371.835792, sdrt-health/mac:02010b41cdec/antenna/tag/e28068940000500386620d4f, 83
1652704371.931667, sdrt-health/mac:02010b41cdec/antenna/tag/e28068940000400386621d4f, 96
1652704371.932141, sdrt-health/mac:02010b41cdec/antenna/tag/e28068940000400386621d4f, 77
1652704371.956593, sdrt-health/mac:02010b41cdec/antenna/tag/e2806894000050038662194f, 94
1652704371.995769, sdrt-health/mac:02010b41cdec/antenna/tag/e2806894000050038661fd4f, 91
1652704372.036635, sdrt-health/mac:02010b41cdec/antenna/tag/e2806894000050038661fd4f, 91
1652704372.077438, sdrt-health/mac:02010b41cdec/antenna/tag/e2806894000050038661fd4f, 97
1652704372.109758, sdrt-health/mac:02010b41cdec/antenna/tag/e2806894000050038661fd4f, 97
1652704372.109943, sdrt-health/mac:02010b41cdec/antenna/tag/e2806894000040038662114f, 85
1652704372.127578, sdrt-health/mac:02010b41cdec/antenna/tag/e2806894000050038661fd4f, 83
1652704372.156811, sdrt-health/mac:02010b41cdec/antenna/tag/e28068940000500386620d4f, 97
1652704372.301814, sdrt-health/mac:02010b41cdec/antenna/tag/e2806894000040038662114f, 85
1652704372.302326, sdrt-health/mac:02010b41cdec/antenna/tag/e2806894000050038662154f, 85
1652704372.303164, sdrt-health/mac:02010b41cdec/antenna/tag/e2806894000040038662114f, 88
1652704372.303624, sdrt-health/mac:02010b41cdec/antenna/tag/e2806894000040038662114f, 88
1652704372.304043, sdrt-health/mac:02010b41cdec/antenna/tag/e28068940000500386620d4f, 97
1652704372.346423, sdrt-health/mac:02010b41cdec/antenna/tag/e2806894000040038662114f, 85
1652704372.410907, sdrt-health/mac:02010b41cdec/antenna/tag/e2806894000050038662154f, 85
1652704372.411326, sdrt-health/mac:02010b41cdec/antenna/tag/e2806894000040038662114f, 85
1652704372.411712, sdrt-health/mac:02010b41cdec/antenna/tag/e2806894000050038661fd4f, 91
1652704372.436656, sdrt-health/mac:02010b41cdec/antenna/tag/e28068940000400386621d4f, 96
1652704372.477437, sdrt-health/mac:02010b41cdec/antenna/tag/e2806894000050038661fd4f, 88
1652704372.532168, sdrt-health/mac:02010b41cdec/antenna/tag/e2806894000040038662114f, 85
1652704372.532381, sdrt-health/mac:02010b41cdec/antenna/tag/e28068940000400386621d4f, 96
1652704372.556796, sdrt-health/mac:02010b41cdec/antenna/tag/e28068940000400386621d4f, 77
1652704372.605915, sdrt-health/mac:02010b41cdec/antenna/tag/e2806894000040038662114f, 85
1652704372.635605, sdrt-health/mac:02010b41cdec/antenna/tag/e2806894000050038662194f, 84
1652704372.635838, sdrt-health/mac:02010b41cdec/antenna/tag/e28068940000400386621d4f, 77
1652704372.66352, sdrt-health/mac:02010b41cdec/antenna/tag/e2806894000040038662114f, 85
1652704372.746556, sdrt-health/mac:02010b41cdec/antenna/tag/e28068940000400386621d4f, 77
1652704372.747157, sdrt-health/mac:02010b41cdec/antenna/tag/e2806894000040038662114f, 93
1652704372.776613, sdrt-health/mac:02010b41cdec/antenna/tag/e28068940000400386621d4f, 96
1652704372.806179, sdrt-health/mac:02010b41cdec/antenna/tag/e2806894000040038662114f, 85
1652704372.806432, sdrt-health/mac:02010b41cdec/antenna/tag/e2806894000050038662154f, 85
1652704372.820562, sdrt-health/mac:02010b41cdec/antenna/tag/e28068940000400386621d4f, 96
1652704372.821228, sdrt-health/mac:02010b41cdec/antenna/tag/e2806894000050038662154f, 93
1652704372.8665, sdrt-health/mac:02010b41cdec/antenna/tag/e28068940000400386621d4f, 96
1652704372.895521, sdrt-health/mac:02010b41cdec/antenna/tag/e2806894000040038662114f, 85
1652704372.895842, sdrt-health/mac:02010b41cdec/antenna/tag/e28068940000400386621d4f, 77
1652704372.89613, sdrt-health/mac:02010b41cdec/antenna/tag/e2806894000050038662154f, 85
1652704372.916129, sdrt-health/mac:02010b41cdec/antenna/tag/e2806894000050038661fd4f, 88
1652704372.971125, sdrt-health/mac:02010b41cdec/antenna/tag/e2806894000050038661fd4f, 88
1652704372.971578, sdrt-health/mac:02010b41cdec/antenna/tag/e28068940000500386620d4f, 83
1652704372.99594, sdrt-health/mac:02010b41cdec/antenna/tag/e2806894000040038662114f, 93
1652704373.03631, sdrt-health/mac:02010b41cdec/antenna/tag/e2806894000050038662154f, 88
1652704373.036773, sdrt-health/mac:02010b41cdec/antenna/tag/e2806894000050038661fd4f, 83
1652704373.075604, sdrt-health/mac:02010b41cdec/antenna/tag/e28068940000500386620d4f, 83
1652704373.117047, sdrt-health/mac:02010b41cdec/antenna/tag/e2806894000050038661fd4f, 97
1652704373.17314, sdrt-health/mac:02010b41cdec/antenna/tag/e28068940000500386620d4f, 83
1652704373.173604, sdrt-health/mac:02010b41cdec/antenna/tag/e2806894000040038662114f, 88
1652704373.173995, sdrt-health/mac:02010b41cdec/antenna/tag/e28068940000500386620d4f, 97
1652704373.188814, sdrt-health/mac:02010b41cdec/antenna/tag/e2806894000040038662114f, 88
1652704373.196203, sdrt-health/mac:02010b41cdec/antenna/tag/e28068940000400386621d4f, 96
1652704373.20399, sdrt-health/mac:02010b41cdec/antenna/tag/e2806894000050038661fd4f, 91
1652704373.235955, sdrt-health/mac:02010b41cdec/antenna/tag/e28068940000400386621d4f, 96
1652704373.236552, sdrt-health/mac:02010b41cdec/antenna/tag/e28068940000500386620d4f, 83
1652704373.277359, sdrt-health/mac:02010b41cdec/antenna/tag/e28068940000500386620d4f, 83
1652704373.316127, sdrt-health/mac:02010b41cdec/antenna/tag/e2806894000050038662154f, 85
1652704373.356265, sdrt-health/mac:02010b41cdec/antenna/tag/e2806894000050038662154f, 85
1652704373.396999, sdrt-health/mac:02010b41cdec/antenna/tag/e2806894000050038661fd4f, 91
1652704373.452833, sdrt-health/mac:02010b41cdec/antenna/tag/e28068940000500386620d4f, 83
1652704373.510896, sdrt-health/mac:02010b41cdec/antenna/tag/e28068940000500386620d4f, 97
1652704373.51141, sdrt-health/mac:02010b41cdec/antenna/tag/e2806894000040038662114f, 93
1652704373.539459, sdrt-health/mac:02010b41cdec/antenna/tag/e2806894000040038662114f, 93
1652704373.576263, sdrt-health/mac:02010b41cdec/antenna/tag/e2806894000050038661fd4f, 88
1652704373.621594, sdrt-health/mac:02010b41cdec/antenna/tag/e2806894000040038662114f, 85
1652704373.68387, sdrt-health/mac:02010b41cdec/antenna/tag/e28068940000500386620d4f, 83
1652704373.684332, sdrt-health/mac:02010b41cdec/antenna/tag/e2806894000050038661fd4f, 97
1652704373.717421, sdrt-health/mac:02010b41cdec/antenna/tag/e2806894000040038662114f, 93
1652704373.756823, sdrt-health/mac:02010b41cdec/antenna/tag/e2806894000050038662194f, 83
1652704373.787485, sdrt-health/mac:02010b41cdec/antenna/tag/e28068940000400386621d4f, 96
1652704373.787885, sdrt-health/mac:02010b41cdec/antenna/tag/e2806894000050038661fd4f, 83
1652704373.859482, sdrt-health/mac:02010b41cdec/antenna/tag/e28068940000400386621d4f, 96
1652704373.933171, sdrt-health/mac:02010b41cdec/antenna/tag/e28068940000500386620d4f, 97
1652704373.965626, sdrt-health/mac:02010b41cdec/antenna/tag/e2806894000050038662154f, 85
1652704373.965874, sdrt-health/mac:02010b41cdec/antenna/tag/e28068940000500386620d4f, 91
1652704373.981268, sdrt-health/mac:02010b41cdec/antenna/tag/e2806894000040038662114f, 93
1652704373.981509, sdrt-health/mac:02010b41cdec/antenna/tag/e2806894000050038662154f, 85
1652704374.020671, sdrt-health/mac:02010b41cdec/antenna/tag/e2806894000050038662154f, 85
1652704374.065917, sdrt-health/mac:02010b41cdec/antenna/tag/e28068940000500386620d4f, 83
1652704374.069811, sdrt-health/mac:02010b41cdec/antenna/tag/e2806894000050038661fd4f, 97
1652704374.1151, sdrt-health/mac:02010b41cdec/antenna/tag/e2806894000050038662154f, 85
1652704374.156632, sdrt-health/mac:02010b41cdec/antenna/tag/e28068940000500386620d4f, 97
1652704374.157669, sdrt-health/mac:02010b41cdec/antenna/tag/e2806894000050038662154f, 88
1652704374.17177, sdrt-health/mac:02010b41cdec/antenna/tag/e28068940000500386620d4f, 97
1652704374.205653, sdrt-health/mac:02010b41cdec/antenna/tag/e2806894000050038662154f, 88
1652704374.266291, sdrt-health/mac:02010b41cdec/antenna/tag/e2806894000040038662114f, 93
1652704374.266503, sdrt-health/mac:02010b41cdec/antenna/tag/e28068940000400386621d4f, 90
1652704374.266654, sdrt-health/mac:02010b41cdec/antenna/tag/e2806894000040038662114f, 85
1652704374.304652, sdrt-health/mac:02010b41cdec/antenna/tag/e28068940000500386620d4f, 97
1652704374.304871, sdrt-health/mac:02010b41cdec/antenna/tag/e28068940000500386620d4f, 83
1652704374.305036, sdrt-health/mac:02010b41cdec/antenna/tag/e28068940000400386621d4f, 90
1652704374.386312, sdrt-health/mac:02010b41cdec/antenna/tag/e2806894000040038662214f, 81
1652704374.43572, sdrt-health/mac:02010b41cdec/antenna/tag/e2806894000050038662154f, 93
1652704374.494353, sdrt-health/mac:02010b41cdec/antenna/tag/e2806894000040038662114f, 85
1652704374.494593, sdrt-health/mac:02010b41cdec/antenna/tag/e2806894000040038662214f, 94
1652704374.515174, sdrt-health/mac:02010b41cdec/antenna/tag/e2806894000040038662114f, 85
1652704374.555811, sdrt-health/mac:02010b41cdec/antenna/tag/e28068940000500386620d4f, 97
1652704374.604785, sdrt-health/mac:02010b41cdec/antenna/tag/e28068940000500386620d4f, 97
1652704374.749319, sdrt-health/mac:02010b41cdec/antenna/tag/e2806894000050038662154f, 85
1652704374.749862, sdrt-health/mac:02010b41cdec/antenna/tag/e28068940000400386621d4f, 90
1652704374.765326, sdrt-health/mac:02010b41cdec/antenna/tag/e28068940000400386621d4f, 96
1652704374.765831, sdrt-health/mac:02010b41cdec/antenna/tag/e28068940000400386621d4f, 96
1652704374.766222, sdrt-health/mac:02010b41cdec/antenna/tag/e28068940000500386620d4f, 83
1652704374.766548, sdrt-health/mac:02010b41cdec/antenna/tag/e2806894000050038661fd4f, 97
1652704374.775985, sdrt-health/mac:02010b41cdec/antenna/tag/e2806894000040038662114f, 88
1652704374.780908, sdrt-health/mac:02010b41cdec/antenna/tag/e2806894000040038662114f, 85
1652704374.828009, sdrt-health/mac:02010b41cdec/antenna/tag/e2806894000040038662114f, 88
1652704374.859184, sdrt-health/mac:02010b41cdec/antenna/tag/e2806894000050038662154f, 85
1652704374.859495, sdrt-health/mac:02010b41cdec/antenna/tag/e2806894000050038661fd4f, 97
1652704374.875082, sdrt-health/mac:02010b41cdec/antenna/tag/e2806894000040038662114f, 88
1652704374.916609, sdrt-health/mac:02010b41cdec/antenna/tag/e2806894000050038661fd4f, 88
1652704374.956459, sdrt-health/mac:02010b41cdec/antenna/tag/e2806894000050038661fd4f, 91
1652704375.088337, sdrt-health/mac:02010b41cdec/antenna/tag/e28068940000500386620d4f, 97
1652704375.140276, sdrt-health/mac:02010b41cdec/antenna/tag/e2806894000050038662154f, 85
1652704375.172052, sdrt-health/mac:02010b41cdec/antenna/tag/e2806894000040038662114f, 93
1652704375.172322, sdrt-health/mac:02010b41cdec/antenna/tag/e2806894000050038661fd4f, 97
1652704375.188788, sdrt-health/mac:02010b41cdec/antenna/tag/e28068940000500386620d4f, 91
1652704375.189042, sdrt-health/mac:02010b41cdec/antenna/tag/e28068940000400386621d4f, 96
1652704375.189206, sdrt-health/mac:02010b41cdec/antenna/tag/e28068940000400386621d4f, 96
1652704375.237457, sdrt-health/mac:02010b41cdec/antenna/tag/e2806894000050038662154f, 88
1652704375.2781, sdrt-health/mac:02010b41cdec/antenna/tag/e2806894000050038661fd4f, 91
1652704375.316189, sdrt-health/mac:02010b41cdec/antenna/tag/e2806894000050038661fd4f, 88
1652704375.31666, sdrt-health/mac:02010b41cdec/antenna/tag/e28068940000400386621d4f, 77
1652704375.373505, sdrt-health/mac:02010b41cdec/antenna/tag/e2806894000040038662114f, 93
1652704375.437387, sdrt-health/mac:02010b41cdec/antenna/tag/e2806894000050038662154f, 87
1652704375.437939, sdrt-health/mac:02010b41cdec/antenna/tag/e2806894000050038662154f, 87
1652704375.438327, sdrt-health/mac:02010b41cdec/antenna/tag/e28068940000400386621d4f, 77
1652704375.459845, sdrt-health/mac:02010b41cdec/antenna/tag/e28068940000400386621d4f, 96
1652704375.511657, sdrt-health/mac:02010b41cdec/antenna/tag/e28068940000500386620d4f, 91
1652704375.512155, sdrt-health/mac:02010b41cdec/antenna/tag/e28068940000500386620d4f, 97
1652704375.555533, sdrt-health/mac:02010b41cdec/antenna/tag/e2806894000050038661fd4f, 97
1652704375.596336, sdrt-health/mac:02010b41cdec/antenna/tag/e28068940000400386621d4f, 96
1652704375.628812, sdrt-health/mac:02010b41cdec/antenna/tag/e28068940000400386621d4f, 96
1652704375.629145, sdrt-health/mac:02010b41cdec/antenna/tag/e2806894000050038661fd4f, 97
1652704375.644254, sdrt-health/mac:02010b41cdec/antenna/tag/e2806894000050038662154f, 85
1652704375.644516, sdrt-health/mac:02010b41cdec/antenna/tag/e2806894000040038662114f, 85
1652704375.644705, sdrt-health/mac:02010b41cdec/antenna/tag/e2806894000050038661fd4f, 83
1652704375.70101, sdrt-health/mac:02010b41cdec/antenna/tag/e28068940000500386620d4f, 97
1652704375.747329, sdrt-health/mac:02010b41cdec/antenna/tag/e2806894000050038662154f, 88
1652704375.747872, sdrt-health/mac:02010b41cdec/antenna/tag/e2806894000050038661fd4f, 83
1652704375.797016, sdrt-health/mac:02010b41cdec/antenna/tag/e28068940000500386620d4f, 83
1652704375.851709, sdrt-health/mac:02010b41cdec/antenna/tag/e28068940000500386620d4f, 97
1652704375.852158, sdrt-health/mac:02010b41cdec/antenna/tag/e28068940000500386620d4f, 83
1652704375.86672, sdrt-health/mac:02010b41cdec/antenna/tag/e28068940000400386621d4f, 77
1652704375.897137, sdrt-health/mac:02010b41cdec/antenna/tag/e28068940000400386621d4f, 77
1652704375.897384, sdrt-health/mac:02010b41cdec/antenna/tag/e28068940000500386620d4f, 83
1652704375.89759, sdrt-health/mac:02010b41cdec/antenna/tag/e2806894000050038662154f, 85
1652704375.932767, sdrt-health/mac:02010b41cdec/antenna/tag/e2806894000050038661fd4f, 91
1652704375.999289, sdrt-health/mac:02010b41cdec/antenna/tag/e2806894000040038662114f, 85
1652704375.999756, sdrt-health/mac:02010b41cdec/antenna/tag/e2806894000040038662114f, 85
1652704376.040337, sdrt-health/mac:02010b41cdec/antenna/tag/e2806894000050038662154f, 85
1652704376.092047, sdrt-health/mac:02010b41cdec/antenna/tag/e2806894000050038662154f, 85
1652704376.150866, sdrt-health/mac:02010b41cdec/antenna/tag/e2806894000040038662114f, 88
1652704376.151229, sdrt-health/mac:02010b41cdec/antenna/tag/e2806894000050038661fd4f, 97
1652704376.165686, sdrt-health/mac:02010b41cdec/antenna/tag/e2806894000040038662114f, 88
1652704376.180732, sdrt-health/mac:02010b41cdec/antenna/tag/e2806894000050038662154f, 85
1652704376.241597, sdrt-health/mac:02010b41cdec/antenna/tag/e2806894000050038661fd4f, 91
1652704376.241986, sdrt-health/mac:02010b41cdec/antenna/tag/e28068940000400386621d4f, 77
1652704376.256129, sdrt-health/mac:02010b41cdec/antenna/tag/e28068940000500386620d4f, 83
1652704376.276215, sdrt-health/mac:02010b41cdec/antenna/tag/e28068940000400386621d4f, 77
1652704376.383659, sdrt-health/mac:02010b41cdec/antenna/tag/e2806894000050038661fd4f, 85
1652704376.384196, sdrt-health/mac:02010b41cdec/antenna/tag/e2806894000050038662154f, 87
1652704376.456415, sdrt-health/mac:02010b41cdec/antenna/tag/e28068940000400386621d4f, 77
1652704376.485929, sdrt-health/mac:02010b41cdec/antenna/tag/e28068940000400386621d4f, 77
1652704376.486603, sdrt-health/mac:02010b41cdec/antenna/tag/e28068940000400386621d4f, 96
1652704376.501131, sdrt-health/mac:02010b41cdec/antenna/tag/e28068940000500386620d4f, 83
1652704376.501836, sdrt-health/mac:02010b41cdec/antenna/tag/e2806894000050038661fd4f, 91
1652704376.545369, sdrt-health/mac:02010b41cdec/antenna/tag/e2806894000050038662154f, 85
1652704376.611133, sdrt-health/mac:02010b41cdec/antenna/tag/e28068940000400386621d4f, 96
1652704376.611371, sdrt-health/mac:02010b41cdec/antenna/tag/e2806894000050038662154f, 93
1652704376.651805, sdrt-health/mac:02010b41cdec/antenna/tag/e28068940000500386620d4f, 97
1652704376.652304, sdrt-health/mac:02010b41cdec/antenna/tag/e2806894000050038661fd4f, 97
1652704376.697254, sdrt-health/mac:02010b41cdec/antenna/tag/e2806894000040038662114f, 85
1652704376.75533, sdrt-health/mac:02010b41cdec/antenna/tag/e2806894000050038661fd4f, 97
1652704376.755781, sdrt-health/mac:02010b41cdec/antenna/tag/e2806894000050038662194f, 84
1652704376.785618, sdrt-health/mac:02010b41cdec/antenna/tag/e2806894000050038661fd4f, 97
1652704376.836519, sdrt-health/mac:02010b41cdec/antenna/tag/e2806894000050038662154f, 93
1652704376.876666, sdrt-health/mac:02010b41cdec/antenna/tag/e28068940000500386620d4f, 83
1652704376.916273, sdrt-health/mac:02010b41cdec/antenna/tag/e2806894000040038662114f, 93
1652704376.97316, sdrt-health/mac:02010b41cdec/antenna/tag/e2806894000050038661fd4f, 91
1652704377.016476, sdrt-health/mac:02010b41cdec/antenna/tag/e28068940000500386620d4f, 83
1652704377.083764, sdrt-health/mac:02010b41cdec/antenna/tag/e2806894000040038662114f, 88
1652704377.084237, sdrt-health/mac:02010b41cdec/antenna/tag/e28068940000500386620d4f, 83
1652704377.098549, sdrt-health/mac:02010b41cdec/antenna/tag/e2806894000050038662154f, 88
1652704377.116384, sdrt-health/mac:02010b41cdec/antenna/tag/e28068940000400386621d4f, 96
1652704377.11885, sdrt-health/mac:02010b41cdec/antenna/tag/e2806894000050038661fd4f, 83
1652704377.156045, sdrt-health/mac:02010b41cdec/antenna/tag/e2806894000040038662054f, 81
1652704377.184641, sdrt-health/mac:02010b41cdec/antenna/tag/e2806894000050038661fd4f, 97
1652704377.184974, sdrt-health/mac:02010b41cdec/antenna/tag/e2806894000050038662154f, 85
1652704377.185172, sdrt-health/mac:02010b41cdec/antenna/tag/e2806894000040038662114f, 93
1652704377.199648, sdrt-health/mac:02010b41cdec/antenna/tag/e2806894000050038661fd4f, 91
1652704377.199964, sdrt-health/mac:02010b41cdec/antenna/tag/e2806894000040038662114f, 85
1652704377.256251, sdrt-health/mac:02010b41cdec/antenna/tag/e28068940000500386620d4f, 83
1652704377.300501, sdrt-health/mac:02010b41cdec/antenna/tag/e28068940000400386621d4f, 77
1652704377.39578, sdrt-health/mac:02010b41cdec/antenna/tag/e28068940000400386621d4f, 96
1652704377.396272, sdrt-health/mac:02010b41cdec/antenna/tag/e2806894000040038662114f, 85
1652704377.426145, sdrt-health/mac:02010b41cdec/antenna/tag/e28068940000400386621d4f, 96
1652704377.541782, sdrt-health/mac:02010b41cdec/antenna/tag/e2806894000050038662154f, 87
1652704377.612412, sdrt-health/mac:02010b41cdec/antenna/tag/e28068940000500386620d4f, 97
1652704377.656782, sdrt-health/mac:02010b41cdec/antenna/tag/e28068940000500386620d4f, 83
1652704377.701442, sdrt-health/mac:02010b41cdec/antenna/tag/e28068940000500386620d4f, 83
1652704377.754309, sdrt-health/mac:02010b41cdec/antenna/tag/e28068940000500386620d4f, 83
1652704377.811357, sdrt-health/mac:02010b41cdec/antenna/tag/e2806894000050038661fd4f, 88
1652704377.811839, sdrt-health/mac:02010b41cdec/antenna/tag/e2806894000050038662154f, 85
1652704377.826424, sdrt-health/mac:02010b41cdec/antenna/tag/e2806894000050038662154f, 93
1652704377.837087, sdrt-health/mac:02010b41cdec/antenna/tag/e28068940000400386621d4f, 77
1652704377.875958, sdrt-health/mac:02010b41cdec/antenna/tag/e2806894000050038661fd4f, 91
1652704377.916132, sdrt-health/mac:02010b41cdec/antenna/tag/e2806894000050038661fd4f, 88
1652704377.957642, sdrt-health/mac:02010b41cdec/antenna/tag/e28068940000500386620d4f, 97
1652704378.01398, sdrt-health/mac:02010b41cdec/antenna/tag/e2806894000040038662114f, 85
1652704378.01445, sdrt-health/mac:02010b41cdec/antenna/tag/e2806894000050038661fd4f, 91
1652704378.030336, sdrt-health/mac:02010b41cdec/antenna/tag/e28068940000500386620d4f, 83
1652704378.037195, sdrt-health/mac:02010b41cdec/antenna/tag/e2806894000050038662194f, 88
1652704378.04648, sdrt-health/mac:02010b41cdec/antenna/tag/e2806894000050038662154f, 87
1652704378.076114, sdrt-health/mac:02010b41cdec/antenna/tag/e28068940000500386620d4f, 83
1652704378.131131, sdrt-health/mac:02010b41cdec/antenna/tag/e2806894000050038661fd4f, 91
1652704378.131571, sdrt-health/mac:02010b41cdec/antenna/tag/e2806894000050038662154f, 87
1652704378.131871, sdrt-health/mac:02010b41cdec/antenna/tag/e2806894000040038662114f, 85
1652704378.173357, sdrt-health/mac:02010b41cdec/antenna/tag/e2806894000040038662114f, 85
1652704378.216907, sdrt-health/mac:02010b41cdec/antenna/tag/e2806894000050038662154f, 85
1652704378.246837, sdrt-health/mac:02010b41cdec/antenna/tag/e28068940000500386620d4f, 97
1652704378.247132, sdrt-health/mac:02010b41cdec/antenna/tag/e2806894000040038662114f, 88
1652704378.268208, sdrt-health/mac:02010b41cdec/antenna/tag/e2806894000050038662154f, 85
1652704378.33223, sdrt-health/mac:02010b41cdec/antenna/tag/e2806894000040038662114f, 88
1652704378.332661, sdrt-health/mac:02010b41cdec/antenna/tag/e2806894000040038662114f, 85
1652704378.350458, sdrt-health/mac:02010b41cdec/antenna/tag/e2806894000050038661fd4f, 97
1652704378.356678, sdrt-health/mac:02010b41cdec/antenna/tag/e28068940000500386620d4f, 83
1652704378.396998, sdrt-health/mac:02010b41cdec/antenna/tag/e2806894000050038662154f, 85
1652704378.436032, sdrt-health/mac:02010b41cdec/antenna/tag/e2806894000040038662114f, 93
1652704378.476157, sdrt-health/mac:02010b41cdec/antenna/tag/e2806894000050038662154f, 87
1652704378.532796, sdrt-health/mac:02010b41cdec/antenna/tag/e2806894000050038661fd4f, 91
1652704378.533231, sdrt-health/mac:02010b41cdec/antenna/tag/e28068940000400386621d4f, 77
1652704378.548294, sdrt-health/mac:02010b41cdec/antenna/tag/e28068940000500386620d4f, 83
1652704378.580213, sdrt-health/mac:02010b41cdec/antenna/tag/e28068940000400386621d4f, 90
1652704378.625826, sdrt-health/mac:02010b41cdec/antenna/tag/e28068940000400386621d4f, 96
1652704378.679352, sdrt-health/mac:02010b41cdec/antenna/tag/e28068940000400386621d4f, 90
1652704378.734256, sdrt-health/mac:02010b41cdec/antenna/tag/e28068940000400386621d4f, 96
1652704378.768674, sdrt-health/mac:02010b41cdec/antenna/tag/e2806894000050038661fd4f, 97
1652704378.821857, sdrt-health/mac:02010b41cdec/antenna/tag/e2806894000050038661fd4f, 91
1652704378.866355, sdrt-health/mac:02010b41cdec/antenna/tag/e2806894000040038662114f, 85
1652704378.972517, sdrt-health/mac:02010b41cdec/antenna/tag/e28068940000500386620d4f, 83
1652704378.973037, sdrt-health/mac:02010b41cdec/antenna/tag/e28068940000500386620d4f, 83
1652704379.054289, sdrt-health/mac:02010b41cdec/antenna/tag/e2806894000050038661fd4f, 88
1652704379.110812, sdrt-health/mac:02010b41cdec/antenna/tag/e2806894000050038662154f, 85
1652704379.111317, sdrt-health/mac:02010b41cdec/antenna/tag/e2806894000040038662114f, 85
1652704379.21312, sdrt-health/mac:02010b41cdec/antenna/tag/e28068940000500386620d4f, 91
1652704379.266496, sdrt-health/mac:02010b41cdec/antenna/tag/e2806894000050038661fd4f, 91
1652704379.299148, sdrt-health/mac:02010b41cdec/antenna/tag/e2806894000040038662114f, 85
1652704379.299497, sdrt-health/mac:02010b41cdec/antenna/tag/e28068940000500386620d4f, 97
1652704379.321145, sdrt-health/mac:02010b41cdec/antenna/tag/e28068940000400386621d4f, 96
1652704379.356354, sdrt-health/mac:02010b41cdec/antenna/tag/e2806894000050038661fd4f, 88
1652704379.387091, sdrt-health/mac:02010b41cdec/antenna/tag/e28068940000400386621d4f, 77
1652704379.38734, sdrt-health/mac:02010b41cdec/antenna/tag/e2806894000040038662114f, 85
1652704379.387569, sdrt-health/mac:02010b41cdec/antenna/tag/e2806894000040038662114f, 93
1652704379.402601, sdrt-health/mac:02010b41cdec/antenna/tag/e2806894000050038661fd4f, 91
1652704379.403001, sdrt-health/mac:02010b41cdec/antenna/tag/e2806894000040038662114f, 85
1652704379.436629, sdrt-health/mac:02010b41cdec/antenna/tag/e2806894000050038662154f, 87
1652704379.476207, sdrt-health/mac:02010b41cdec/antenna/tag/e28068940000500386620d4f, 97
1652704379.531847, sdrt-health/mac:02010b41cdec/antenna/tag/e28068940000400386621d4f, 96
1652704379.532374, sdrt-health/mac:02010b41cdec/antenna/tag/e2806894000040038662114f, 85
1652704379.547755, sdrt-health/mac:02010b41cdec/antenna/tag/e2806894000050038661fd4f, 97
1652704379.557003, sdrt-health/mac:02010b41cdec/antenna/tag/e28068940000400386621d4f, 90
1652704379.626271, sdrt-health/mac:02010b41cdec/antenna/tag/e2806894000040038662114f, 88
1652704379.667105, sdrt-health/mac:02010b41cdec/antenna/tag/e2806894000050038661fd4f, 91
1652704379.772059, sdrt-health/mac:02010b41cdec/antenna/tag/e2806894000050038661fd4f, 97
1652704379.772504, sdrt-health/mac:02010b41cdec/antenna/tag/e28068940000500386620d4f, 83
1652704379.798579, sdrt-health/mac:02010b41cdec/antenna/tag/e28068940000500386620d4f, 97
1652704379.868062, sdrt-health/mac:02010b41cdec/antenna/tag/e2806894000040038662114f, 93
1652704379.907246, sdrt-health/mac:02010b41cdec/antenna/tag/e2806894000040038662114f, 93
1652704379.936509, sdrt-health/mac:02010b41cdec/antenna/tag/e2806894000050038662154f, 85
1652704379.936843, sdrt-health/mac:02010b41cdec/antenna/tag/e28068940000500386620d4f, 91
1652704379.976279, sdrt-health/mac:02010b41cdec/antenna/tag/e28068940000400386621d4f, 77
1652704380.019576, sdrt-health/mac:02010b41cdec/antenna/tag/e2806894000050038662194f, 88
1652704380.066488, sdrt-health/mac:02010b41cdec/antenna/tag/e2806894000050038661fd4f, 91
1652704380.096181, sdrt-health/mac:02010b41cdec/antenna/tag/e2806894000040038662114f, 85
1652704380.096486, sdrt-health/mac:02010b41cdec/antenna/tag/e28068940000500386620d4f, 83
1652704380.117285, sdrt-health/mac:02010b41cdec/antenna/tag/e2806894000050038661fd4f, 97
1652704380.170969, sdrt-health/mac:02010b41cdec/antenna/tag/e28068940000500386620d4f, 91
1652704380.171424, sdrt-health/mac:02010b41cdec/antenna/tag/e2806894000040038662114f, 93
1652704380.195989, sdrt-health/mac:02010b41cdec/antenna/tag/e2806894000050038662154f, 85
1652704380.236251, sdrt-health/mac:02010b41cdec/antenna/tag/e28068940000400386621d4f, 96
1652704380.277077, sdrt-health/mac:02010b41cdec/antenna/tag/e2806894000050038662194f, 81
1652704380.317091, sdrt-health/mac:02010b41cdec/antenna/tag/e2806894000050038661fd4f, 97
1652704380.37709, sdrt-health/mac:02010b41cdec/antenna/tag/e2806894000040038662114f, 93
1652704380.421651, sdrt-health/mac:02010b41cdec/antenna/tag/e2806894000050038661fd4f, 91
1652704380.45621, sdrt-health/mac:02010b41cdec/antenna/tag/e2806894000050038661fd4f, 91
1652704380.486923, sdrt-health/mac:02010b41cdec/antenna/tag/e2806894000040038662114f, 93
1652704380.487421, sdrt-health/mac:02010b41cdec/antenna/tag/e28068940000400386621d4f, 96
1652704380.517079, sdrt-health/mac:02010b41cdec/antenna/tag/e2806894000040038662114f, 93
1652704380.572075, sdrt-health/mac:02010b41cdec/antenna/tag/e2806894000040038662114f, 85
1652704380.572551, sdrt-health/mac:02010b41cdec/antenna/tag/e2806894000050038662154f, 91
1652704380.587587, sdrt-health/mac:02010b41cdec/antenna/tag/e2806894000050038661fd4f, 97
1652704380.604865, sdrt-health/mac:02010b41cdec/antenna/tag/e28068940000500386620d4f, 91
1652704380.653787, sdrt-health/mac:02010b41cdec/antenna/tag/e28068940000500386620d4f, 97
1652704380.71471, sdrt-health/mac:02010b41cdec/antenna/tag/e2806894000040038662114f, 93
1652704380.7152, sdrt-health/mac:02010b41cdec/antenna/tag/e28068940000400386621d4f, 96
1652704380.73064, sdrt-health/mac:02010b41cdec/antenna/tag/e2806894000050038661fd4f, 97
1652704380.731094, sdrt-health/mac:02010b41cdec/antenna/tag/e28068940000400386621d4f, 96
1652704380.741328, sdrt-health/mac:02010b41cdec/antenna/tag/e28068940000400386621d4f, 96
1652704380.789083, sdrt-health/mac:02010b41cdec/antenna/tag/e28068940000400386621d4f, 96
1652704380.837607, sdrt-health/mac:02010b41cdec/antenna/tag/e2806894000050038661fd4f, 91
1652704380.86839, sdrt-health/mac:02010b41cdec/antenna/tag/e2806894000050038661fd4f, 97
1652704380.868577, sdrt-health/mac:02010b41cdec/antenna/tag/e28068940000400386621d4f, 96
1652704380.883764, sdrt-health/mac:02010b41cdec/antenna/tag/e2806894000040038662114f, 85
1652704380.884078, sdrt-health/mac:02010b41cdec/antenna/tag/e2806894000040038662214f, 88
1652704380.918426, sdrt-health/mac:02010b41cdec/antenna/tag/e28068940000400386621d4f, 77
1652704380.957058, sdrt-health/mac:02010b41cdec/antenna/tag/e2806894000040038661f94f, 84
1652704381.053156, sdrt-health/mac:02010b41cdec/antenna/tag/e2806894000050038662154f, 85
1652704381.097548, sdrt-health/mac:02010b41cdec/antenna/tag/e28068940000400386621d4f, 96
1652704381.174826, sdrt-health/mac:02010b41cdec/antenna/tag/e2806894000040038662114f, 85
1652704381.175317, sdrt-health/mac:02010b41cdec/antenna/tag/e2806894000040038662114f, 88
1652704381.192105, sdrt-health/mac:02010b41cdec/antenna/tag/e28068940000400386621d4f, 96
1652704381.230812, sdrt-health/mac:02010b41cdec/antenna/tag/e28068940000500386620d4f, 97
1652704381.231201, sdrt-health/mac:02010b41cdec/antenna/tag/e2806894000050038661fd4f, 97
1652704381.23151, sdrt-health/mac:02010b41cdec/antenna/tag/e28068940000500386620d4f, 83
1652704381.245776, sdrt-health/mac:02010b41cdec/antenna/tag/e2806894000050038661fd4f, 97
1652704381.29255, sdrt-health/mac:02010b41cdec/antenna/tag/e2806894000050038661fd4f, 91
1652704381.337472, sdrt-health/mac:02010b41cdec/antenna/tag/e28068940000400386621d4f, 96
1652704381.397103, sdrt-health/mac:02010b41cdec/antenna/tag/e2806894000050038662154f, 85
1652704381.39758, sdrt-health/mac:02010b41cdec/antenna/tag/e28068940000400386621d4f, 96
1652704381.427053, sdrt-health/mac:02010b41cdec/antenna/tag/e28068940000400386621d4f, 77
1652704381.477727, sdrt-health/mac:02010b41cdec/antenna/tag/e28068940000400386621d4f, 77
1652704381.541462, sdrt-health/mac:02010b41cdec/antenna/tag/e2806894000040038662114f, 85
1652704381.58731, sdrt-health/mac:02010b41cdec/antenna/tag/e28068940000400386621d4f, 90
1652704381.623497, sdrt-health/mac:02010b41cdec/antenna/tag/e2806894000050038662154f, 85
1652704381.623723, sdrt-health/mac:02010b41cdec/antenna/tag/e2806894000040038662114f, 93
1652704381.639625, sdrt-health/mac:02010b41cdec/antenna/tag/e2806894000050038661fd4f, 97
1652704381.676664, sdrt-health/mac:02010b41cdec/antenna/tag/e2806894000050038661fd4f, 97
1652704381.7361, sdrt-health/mac:02010b41cdec/antenna/tag/e28068940000500386620d4f, 91
1652704381.736546, sdrt-health/mac:02010b41cdec/antenna/tag/e2806894000050038661fd4f, 97
1652704381.751507, sdrt-health/mac:02010b41cdec/antenna/tag/e2806894000050038662154f, 88
1652704381.757839, sdrt-health/mac:02010b41cdec/antenna/tag/e28068940000500386620d4f, 97
1652704381.768278, sdrt-health/mac:02010b41cdec/antenna/tag/e2806894000040038662114f, 85
1652704381.797037, sdrt-health/mac:02010b41cdec/antenna/tag/e28068940000400386621d4f, 77
1652704381.83779, sdrt-health/mac:02010b41cdec/antenna/tag/e2806894000050038661fd4f, 91
1652704381.877417, sdrt-health/mac:02010b41cdec/antenna/tag/e2806894000050038662154f, 87
1652704381.966614, sdrt-health/mac:02010b41cdec/antenna/tag/e2806894000040038662114f, 85
1652704382.012436, sdrt-health/mac:02010b41cdec/antenna/tag/e2806894000040038662114f, 85
1652704382.057797, sdrt-health/mac:02010b41cdec/antenna/tag/e2806894000040038662114f, 93
1652704382.100606, sdrt-health/mac:02010b41cdec/antenna/tag/e28068940000400386621d4f, 96
1652704382.147404, sdrt-health/mac:02010b41cdec/antenna/tag/e28068940000400386621d4f, 96
1652704382.203948, sdrt-health/mac:02010b41cdec/antenna/tag/e2806894000040038662114f, 85
1652704382.261717, sdrt-health/mac:02010b41cdec/antenna/tag/e2806894000050038661fd4f, 97
1652704382.293193, sdrt-health/mac:02010b41cdec/antenna/tag/e28068940000400386621d4f, 96
1652704382.293569, sdrt-health/mac:02010b41cdec/antenna/tag/e2806894000050038661fd4f, 97
1652704382.293899, sdrt-health/mac:02010b41cdec/antenna/tag/e28068940000400386621d4f, 96
1652704382.294174, sdrt-health/mac:02010b41cdec/antenna/tag/e2806894000050038662154f, 88
1652704382.307533, sdrt-health/mac:02010b41cdec/antenna/tag/e28068940000500386620d4f, 83
1652704382.307833, sdrt-health/mac:02010b41cdec/antenna/tag/e28068940000400386621d4f, 96
1652704382.35874, sdrt-health/mac:02010b41cdec/antenna/tag/e2806894000040038662114f, 88
1652704382.413119, sdrt-health/mac:02010b41cdec/antenna/tag/e2806894000050038661fd4f, 88
1652704382.413644, sdrt-health/mac:02010b41cdec/antenna/tag/e2806894000050038661fd4f, 88
1652704382.41399, sdrt-health/mac:02010b41cdec/antenna/tag/e28068940000400386621d4f, 77
1652704382.444048, sdrt-health/mac:02010b41cdec/antenna/tag/e2806894000040038662054f, 88
1652704382.507139, sdrt-health/mac:02010b41cdec/antenna/tag/e2806894000050038662154f, 85
1652704382.538414, sdrt-health/mac:02010b41cdec/antenna/tag/e28068940000500386620d4f, 91
1652704382.538794, sdrt-health/mac:02010b41cdec/antenna/tag/e2806894000040038662114f, 93
1652704382.539064, sdrt-health/mac:02010b41cdec/antenna/tag/e2806894000040038662114f, 85
1652704382.554467, sdrt-health/mac:02010b41cdec/antenna/tag/e2806894000050038661fd4f, 97
1652704382.554962, sdrt-health/mac:02010b41cdec/antenna/tag/e28068940000500386620d4f, 97
1652704382.595737, sdrt-health/mac:02010b41cdec/antenna/tag/e2806894000050038662154f, 85
1652704382.63739, sdrt-health/mac:02010b41cdec/antenna/tag/e2806894000040038662114f, 85
1652704382.739936, sdrt-health/mac:02010b41cdec/antenna/tag/e2806894000050038662154f, 87
1652704382.786375, sdrt-health/mac:02010b41cdec/antenna/tag/e2806894000050038662154f, 87
1652704382.836378, sdrt-health/mac:02010b41cdec/antenna/tag/e28068940000400386621d4f, 77
1652704382.875743, sdrt-health/mac:02010b41cdec/antenna/tag/e28068940000500386620d4f, 83
1652704382.929922, sdrt-health/mac:02010b41cdec/antenna/tag/e2806894000040038662114f, 85
1652704382.930456, sdrt-health/mac:02010b41cdec/antenna/tag/e28068940000400386621d4f, 77
1652704382.944914, sdrt-health/mac:02010b41cdec/antenna/tag/e2806894000050038661fd4f, 91
1652704382.956435, sdrt-health/mac:02010b41cdec/antenna/tag/e2806894000050038662154f, 85
1652704382.996624, sdrt-health/mac:02010b41cdec/antenna/tag/e2806894000050038662154f, 85
1652704383.051144, sdrt-health/mac:02010b41cdec/antenna/tag/e2806894000050038661fd4f, 97
1652704383.051631, sdrt-health/mac:02010b41cdec/antenna/tag/e2806894000050038661fd4f, 97
1652704383.051975, sdrt-health/mac:02010b41cdec/antenna/tag/e28068940000400386621d4f, 96
1652704383.077353, sdrt-health/mac:02010b41cdec/antenna/tag/e2806894000040038662114f, 83
1652704383.115784, sdrt-health/mac:02010b41cdec/antenna/tag/e28068940000500386620d4f, 97
1652704383.157242, sdrt-health/mac:02010b41cdec/antenna/tag/e28068940000400386621d4f, 96
1652704383.22173, sdrt-health/mac:02010b41cdec/antenna/tag/e28068940000400386621d4f, 96
1652704383.267059, sdrt-health/mac:02010b41cdec/antenna/tag/e2806894000040038662114f, 88
1652704383.332086, sdrt-health/mac:02010b41cdec/antenna/tag/e28068940000500386620d4f, 97
1652704383.332346, sdrt-health/mac:02010b41cdec/antenna/tag/e28068940000500386620d4f, 83
1652704383.356757, sdrt-health/mac:02010b41cdec/antenna/tag/e2806894000040038661f94f, 88
1652704383.400847, sdrt-health/mac:02010b41cdec/antenna/tag/e2806894000050038661fd4f, 91
1652704383.438135, sdrt-health/mac:02010b41cdec/antenna/tag/e2806894000050038662154f, 87
1652704383.487086, sdrt-health/mac:02010b41cdec/antenna/tag/e2806894000040038662114f, 85
1652704383.541765, sdrt-health/mac:02010b41cdec/antenna/tag/e28068940000400386621d4f, 96
1652704383.603285, sdrt-health/mac:02010b41cdec/antenna/tag/e28068940000500386620d4f, 83
1652704383.603616, sdrt-health/mac:02010b41cdec/antenna/tag/e2806894000050038661fd4f, 91
1652704383.617692, sdrt-health/mac:02010b41cdec/antenna/tag/e2806894000040038662114f, 85
1652704383.654169, sdrt-health/mac:02010b41cdec/antenna/tag/e2806894000040038662114f, 85
1652704383.654498, sdrt-health/mac:02010b41cdec/antenna/tag/e2806894000040038662114f, 93
1652704383.677072, sdrt-health/mac:02010b41cdec/antenna/tag/e28068940000500386620d4f, 83
1652704383.725151, sdrt-health/mac:02010b41cdec/antenna/tag/e2806894000050038661fd4f, 91
1652704383.789015, sdrt-health/mac:02010b41cdec/antenna/tag/e28068940000400386621d4f, 90
1652704383.78951, sdrt-health/mac:02010b41cdec/antenna/tag/e28068940000400386621d4f, 77
1652704383.804703, sdrt-health/mac:02010b41cdec/antenna/tag/e28068940000500386620d4f, 86
1652704383.817662, sdrt-health/mac:02010b41cdec/antenna/tag/e2806894000050038662154f, 85
1652704383.861201, sdrt-health/mac:02010b41cdec/antenna/tag/e2806894000050038662154f, 93
1652704383.907025, sdrt-health/mac:02010b41cdec/antenna/tag/e2806894000050038662154f, 83
1652704383.974113, sdrt-health/mac:02010b41cdec/antenna/tag/e28068940000400386621d4f, 96
1652704383.974564, sdrt-health/mac:02010b41cdec/antenna/tag/e2806894000050038662154f, 87
1652704383.990445, sdrt-health/mac:02010b41cdec/antenna/tag/e28068940000400386621d4f, 96
1652704384.024961, sdrt-health/mac:02010b41cdec/antenna/tag/e28068940000500386620d4f, 86
1652704384.025343, sdrt-health/mac:02010b41cdec/antenna/tag/e2806894000050038662194f, 83
1652704384.043185, sdrt-health/mac:02010b41cdec/antenna/tag/e2806894000040038662114f, 85
1652704384.043422, sdrt-health/mac:02010b41cdec/antenna/tag/e28068940000500386620d4f, 91
1652704384.043603, sdrt-health/mac:02010b41cdec/antenna/tag/e2806894000050038662154f, 87
1652704384.07741, sdrt-health/mac:02010b41cdec/antenna/tag/e2806894000040038661f94f, 88
1652704384.13275, sdrt-health/mac:02010b41cdec/antenna/tag/e28068940000500386620d4f, 97
1652704384.133036, sdrt-health/mac:02010b41cdec/antenna/tag/e2806894000040038662114f, 85
1652704384.1574, sdrt-health/mac:02010b41cdec/antenna/tag/e2806894000050038661fd4f, 88
1652704384.196713, sdrt-health/mac:02010b41cdec/antenna/tag/e28068940000500386620d4f, 83
1652704384.253191, sdrt-health/mac:02010b41cdec/antenna/tag/e2806894000040038662114f, 87
1652704384.25367, sdrt-health/mac:02010b41cdec/antenna/tag/e28068940000400386621d4f, 77
1652704384.308582, sdrt-health/mac:02010b41cdec/antenna/tag/e28068940000400386621d4f, 77
1652704384.357541, sdrt-health/mac:02010b41cdec/antenna/tag/e2806894000040038662114f, 85
1652704384.427748, sdrt-health/mac:02010b41cdec/antenna/tag/e2806894000040038662114f, 93
1652704384.470592, sdrt-health/mac:02010b41cdec/antenna/tag/e2806894000050038662154f, 87
1652704384.51869, sdrt-health/mac:02010b41cdec/antenna/tag/e2806894000050038661fd4f, 91
1652704384.556929, sdrt-health/mac:02010b41cdec/antenna/tag/e28068940000500386620d4f, 97
1652704384.592536, sdrt-health/mac:02010b41cdec/antenna/tag/e28068940000400386621d4f, 77
1652704384.59282, sdrt-health/mac:02010b41cdec/antenna/tag/e28068940000500386620d4f, 83
1652704384.609364, sdrt-health/mac:02010b41cdec/antenna/tag/e2806894000040038662114f, 85
1652704384.63731, sdrt-health/mac:02010b41cdec/antenna/tag/e2806894000050038662194f, 94
1652704384.676595, sdrt-health/mac:02010b41cdec/antenna/tag/e2806894000040038662114f, 88
1652704384.718081, sdrt-health/mac:02010b41cdec/antenna/tag/e28068940000400386621d4f, 90
1652704384.772451, sdrt-health/mac:02010b41cdec/antenna/tag/e2806894000050038661fd4f, 97
1652704384.772925, sdrt-health/mac:02010b41cdec/antenna/tag/e28068940000400386621d4f, 90
1652704384.798034, sdrt-health/mac:02010b41cdec/antenna/tag/e2806894000050038662194f, 87
1652704384.837527, sdrt-health/mac:02010b41cdec/antenna/tag/e28068940000500386620d4f, 83
1652704384.87664, sdrt-health/mac:02010b41cdec/antenna/tag/e28068940000400386621d4f, 96
1652704384.957044, sdrt-health/mac:02010b41cdec/antenna/tag/e28068940000500386620d4f, 83
1652704384.997058, sdrt-health/mac:02010b41cdec/antenna/tag/e2806894000050038661fd4f, 88
1652704385.037937, sdrt-health/mac:02010b41cdec/antenna/tag/e2806894000050038662194f, 81
1652704385.078594, sdrt-health/mac:02010b41cdec/antenna/tag/e2806894000050038662154f, 85
1652704385.179283, sdrt-health/mac:02010b41cdec/antenna/tag/e28068940000500386620d4f, 83
1652704385.221607, sdrt-health/mac:02010b41cdec/antenna/tag/e28068940000400386621d4f, 90
1652704385.285139, sdrt-health/mac:02010b41cdec/antenna/tag/e28068940000400386621d4f, 90
1652704385.285641, sdrt-health/mac:02010b41cdec/antenna/tag/e2806894000050038662154f, 85
1652704385.317238, sdrt-health/mac:02010b41cdec/antenna/tag/e28068940000500386620d4f, 83
1652704385.356722, sdrt-health/mac:02010b41cdec/antenna/tag/e2806894000040038662114f, 93
1652704385.39768, sdrt-health/mac:02010b41cdec/antenna/tag/e2806894000050038661fd4f, 91
1652704385.453384, sdrt-health/mac:02010b41cdec/antenna/tag/e2806894000040038662114f, 93
1652704385.453827, sdrt-health/mac:02010b41cdec/antenna/tag/e2806894000040038662114f, 85
1652704385.468215, sdrt-health/mac:02010b41cdec/antenna/tag/e28068940000500386620d4f, 83
1652704385.486232, sdrt-health/mac:02010b41cdec/antenna/tag/e28068940000400386621d4f, 96
1652704385.517783, sdrt-health/mac:02010b41cdec/antenna/tag/e2806894000050038661fd4f, 91
1652704385.518203, sdrt-health/mac:02010b41cdec/antenna/tag/e28068940000500386620d4f, 83
1652704385.534378, sdrt-health/mac:02010b41cdec/antenna/tag/e2806894000050038661fd4f, 91
1652704385.534681, sdrt-health/mac:02010b41cdec/antenna/tag/e28068940000400386621d4f, 96
1652704385.534879, sdrt-health/mac:02010b41cdec/antenna/tag/e2806894000050038661fd4f, 97
1652704385.5777, sdrt-health/mac:02010b41cdec/antenna/tag/e2806894000050038661fd4f, 91
1652704385.637897, sdrt-health/mac:02010b41cdec/antenna/tag/e2806894000040038662114f, 85
1652704385.693473, sdrt-health/mac:02010b41cdec/antenna/tag/e2806894000040038662114f, 88
1652704385.693895, sdrt-health/mac:02010b41cdec/antenna/tag/e2806894000050038662154f, 93
1652704385.717772, sdrt-health/mac:02010b41cdec/antenna/tag/e2806894000050038662154f, 85
1652704385.774323, sdrt-health/mac:02010b41cdec/antenna/tag/e2806894000050038661fd4f, 91
1652704385.836707, sdrt-health/mac:02010b41cdec/antenna/tag/e2806894000050038662154f, 85
1652704385.837213, sdrt-health/mac:02010b41cdec/antenna/tag/e2806894000050038662154f, 93
1652704385.860055, sdrt-health/mac:02010b41cdec/antenna/tag/e28068940000400386621d4f, 96
1652704385.914754, sdrt-health/mac:02010b41cdec/antenna/tag/e2806894000050038662154f, 85
1652704385.915169, sdrt-health/mac:02010b41cdec/antenna/tag/e2806894000050038662154f, 93
1652704385.915465, sdrt-health/mac:02010b41cdec/antenna/tag/e2806894000040038662114f, 88
1652704385.950153, sdrt-health/mac:02010b41cdec/antenna/tag/e28068940000500386620d4f, 83
1652704385.950631, sdrt-health/mac:02010b41cdec/antenna/tag/e2806894000050038661fd4f, 85
1652704385.968869, sdrt-health/mac:02010b41cdec/antenna/tag/e2806894000050038661fd4f, 97
1652704386.016319, sdrt-health/mac:02010b41cdec/antenna/tag/e2806894000050038661fd4f, 97
1652704386.06564, sdrt-health/mac:02010b41cdec/antenna/tag/e28068940000400386621d4f, 96
1652704386.12713, sdrt-health/mac:02010b41cdec/antenna/tag/e28068940000500386620d4f, 97
1652704386.203946, sdrt-health/mac:02010b41cdec/antenna/tag/e2806894000050038661fd4f, 91
1652704386.204445, sdrt-health/mac:02010b41cdec/antenna/tag/e2806894000050038662154f, 87
1652704386.225223, sdrt-health/mac:02010b41cdec/antenna/tag/e2806894000040038662114f, 88
1652704386.225572, sdrt-health/mac:02010b41cdec/antenna/tag/e2806894000050038661fd4f, 97
1652704386.225828, sdrt-health/mac:02010b41cdec/antenna/tag/e2806894000050038662154f, 93
1652704386.263229, sdrt-health/mac:02010b41cdec/antenna/tag/e28068940000400386621d4f, 96
1652704386.327044, sdrt-health/mac:02010b41cdec/antenna/tag/e2806894000040038662114f, 85
1652704386.327539, sdrt-health/mac:02010b41cdec/antenna/tag/e2806894000050038662154f, 87
1652704386.358259, sdrt-health/mac:02010b41cdec/antenna/tag/e28068940000400386621d4f, 96
1652704386.398059, sdrt-health/mac:02010b41cdec/antenna/tag/e2806894000050038661fd4f, 83
1652704386.438264, sdrt-health/mac:02010b41cdec/antenna/tag/e28068940000500386620d4f, 91
1652704386.478608, sdrt-health/mac:02010b41cdec/antenna/tag/e2806894000050038662194f, 94
1652704386.518866, sdrt-health/mac:02010b41cdec/antenna/tag/e2806894000040038662114f, 93
1652704386.623456, sdrt-health/mac:02010b41cdec/antenna/tag/e2806894000050038662154f, 91
1652704386.669004, sdrt-health/mac:02010b41cdec/antenna/tag/e28068940000400386621d4f, 90
1652704386.72493, sdrt-health/mac:02010b41cdec/antenna/tag/e2806894000050038661fd4f, 97
1652704386.725426, sdrt-health/mac:02010b41cdec/antenna/tag/e2806894000050038662154f, 88
1652704386.778955, sdrt-health/mac:02010b41cdec/antenna/tag/e28068940000400386621d4f, 96
1652704386.821573, sdrt-health/mac:02010b41cdec/antenna/tag/e2806894000050038661fd4f, 83
1652704386.884308, sdrt-health/mac:02010b41cdec/antenna/tag/e2806894000050038662154f, 93
1652704386.884831, sdrt-health/mac:02010b41cdec/antenna/tag/e2806894000050038662154f, 93
1652704386.927529, sdrt-health/mac:02010b41cdec/antenna/tag/e2806894000050038662154f, 85
1652704386.975065, sdrt-health/mac:02010b41cdec/antenna/tag/e28068940000500386620d4f, 91
1652704387.02602, sdrt-health/mac:02010b41cdec/antenna/tag/e2806894000050038661fd4f, 85
1652704387.07803, sdrt-health/mac:02010b41cdec/antenna/tag/e28068940000400386621d4f, 96
1652704387.11235, sdrt-health/mac:02010b41cdec/antenna/tag/e2806894000040038662114f, 88
1652704387.112551, sdrt-health/mac:02010b41cdec/antenna/tag/e28068940000400386621d4f, 90
1652704387.127327, sdrt-health/mac:02010b41cdec/antenna/tag/e2806894000040038662114f, 91
1652704387.157472, sdrt-health/mac:02010b41cdec/antenna/tag/e28068940000400386621d4f, 96
1652704387.198131, sdrt-health/mac:02010b41cdec/antenna/tag/e2806894000040038662114f, 88
1652704387.25522, sdrt-health/mac:02010b41cdec/antenna/tag/e28068940000400386621d4f, 77
1652704387.255714, sdrt-health/mac:02010b41cdec/antenna/tag/e2806894000050038661fd4f, 97
1652704387.293373, sdrt-health/mac:02010b41cdec/antenna/tag/e2806894000050038661fd4f, 91
1652704387.328388, sdrt-health/mac:02010b41cdec/antenna/tag/e2806894000050038661fd4f, 88
1652704387.328748, sdrt-health/mac:02010b41cdec/antenna/tag/e28068940000500386620d4f, 83
1652704387.344239, sdrt-health/mac:02010b41cdec/antenna/tag/e2806894000050038662154f, 85
1652704387.34444, sdrt-health/mac:02010b41cdec/antenna/tag/e2806894000050038661fd4f, 97
1652704387.381071, sdrt-health/mac:02010b41cdec/antenna/tag/e28068940000500386620d4f, 97
1652704387.446693, sdrt-health/mac:02010b41cdec/antenna/tag/e2806894000040038661f94f, 88
1652704387.447213, sdrt-health/mac:02010b41cdec/antenna/tag/e28068940000500386620d4f, 97
1652704387.465845, sdrt-health/mac:02010b41cdec/antenna/tag/e28068940000400386621d4f, 77
1652704387.478296, sdrt-health/mac:02010b41cdec/antenna/tag/e2806894000050038661fd4f, 97
1652704387.542125, sdrt-health/mac:02010b41cdec/antenna/tag/e2806894000050038662154f, 88
1652704387.587381, sdrt-health/mac:02010b41cdec/antenna/tag/e28068940000500386620d4f, 91
1652704387.758633, sdrt-health/mac:02010b41cdec/antenna/tag/scan, scan stopped
