1652704054.351292, sdrt-health/mac:02010b41cdec/antenna/power/set, {"power": 280}
1652704055.421528, sdrt-health/mac:02010b41cdec/antenna/power/set, 
1652704059.373466, sdrt-health/mac:02010b41cdec/antenna/tag/scan, {"time": 20000}
1652704059.788744, sdrt-health/mac:02010b41cdec/antenna/tag/e2806894000050038661fd4f, 91
1652704059.828099, sdrt-health/mac:02010b41cdec/antenna/tag/e2806894000050038661fd4f, 91
1652704059.902001, sdrt-health/mac:02010b41cdec/antenna/tag/e2806894000050038662154f, 87
1652704059.902543, sdrt-health/mac:02010b41cdec/antenna/tag/e2806894000050038661fd4f, 91
1652704059.93361, sdrt-health/mac:02010b41cdec/antenna/tag/e28068940000500386620d4f, 83
1652704059.934394, sdrt-health/mac:02010b41cdec/antenna/tag/e2806894000050038661fd4f, 91
1652704059.977644, sdrt-health/mac:02010b41cdec/antenna/tag/e2806894000040038662114f, 88
1652704060.022252, sdrt-health/mac:02010b41cdec/antenna/tag/e28068940000400386621d4f, 77
1652704060.083962, sdrt-health/mac:02010b41cdec/antenna/tag/e2806894000050038661fd4f, 91
1652704060.084424, sdrt-health/mac:02010b41cdec/antenna/tag/e2806894000050038662154f, 87
1652704060.11846, sdrt-health/mac:02010b41cdec/antenna/tag/e28068940000400386621d4f, 77
1652704060.150361, sdrt-health/mac:02010b41cdec/antenna/tag/e2806894000050038661fd4f, 91
1652704060.15062, sdrt-health/mac:02010b41cdec/antenna/tag/e28068940000500386620d4f, 83
1652704060.174002, sdrt-health/mac:02010b41cdec/antenna/tag/e28068940000500386620d4f, 83
1652704060.218414, sdrt-health/mac:02010b41cdec/antenna/tag/e2806894000040038662114f, 88
1652704060.262527, sdrt-health/mac:02010b41cdec/antenna/tag/e2806894000050038661fd4f, 97
1652704060.333563, sdrt-health/mac:02010b41cdec/antenna/tag/e28068940000400386621d4f, 90
1652704060.334188, sdrt-health/mac:02010b41cdec/antenna/tag/e28068940000400386621d4f, 96
1652704060.368145, sdrt-health/mac:02010b41cdec/antenna/tag/e2806894000050038662194f, 94
1652704060.399215, sdrt-health/mac:02010b41cdec/antenna/tag/e2806894000050038662154f, 85
1652704060.399571, sdrt-health/mac:02010b41cdec/antenna/tag/e2806894000040038662114f, 88
1652704060.399806, sdrt-health/mac:02010b41cdec/antenna/tag/e28068940000400386621d4f, 96
1652704060.421806, sdrt-health/mac:02010b41cdec/antenna/tag/e2806894000040038662114f, 88
1652704060.468775, sdrt-health/mac:02010b41cdec/antenna/tag/e2806894000050038662154f, 87
1652704060.519548, sdrt-health/mac:02010b41cdec/antenna/tag/e2806894000040038662114f, 85
1652704060.605024, sdrt-health/mac:02010b41cdec/antenna/tag/e2806894000050038661fd4f, 91
1652704060.605277, sdrt-health/mac:02010b41cdec/antenna/tag/e2806894000040038662114f, 85
1652704060.627551, sdrt-health/mac:02010b41cdec/antenna/tag/e28068940000500386620d4f, 97
1652704060.658741, sdrt-health/mac:02010b41cdec/antenna/tag/e2806894000050038662154f, 85
1652704060.659017, sdrt-health/mac:02010b41cdec/antenna/tag/e2806894000040038662114f, 85
1652704060.678729, sdrt-health/mac:02010b41cdec/antenna/tag/e28068940000500386620d4f, 97
1652704060.719147, sdrt-health/mac:02010b41cdec/antenna/tag/e28068940000500386620d4f, 97
1652704060.751777, sdrt-health/mac:02010b41cdec/antenna/tag/e2806894000040038662114f, 88
1652704060.752062, sdrt-health/mac:02010b41cdec/antenna/tag/e28068940000500386620d4f, 83
1652704060.767175, sdrt-health/mac:02010b41cdec/antenna/tag/e2806894000040038662114f, 88
1652704060.797475, sdrt-health/mac:02010b41cdec/antenna/tag/e28068940000500386620d4f, 83
1652704060.839999, sdrt-health/mac:02010b41cdec/antenna/tag/e28068940000500386620d4f, 83
1652704060.878849, sdrt-health/mac:02010b41cdec/antenna/tag/e28068940000400386621d4f, 96
1652704060.932006, sdrt-health/mac:02010b41cdec/antenna/tag/e28068940000500386620d4f, 83
1652704060.932507, sdrt-health/mac:02010b41cdec/antenna/tag/e2806894000050038662154f, 87
1652704060.932847, sdrt-health/mac:02010b41cdec/antenna/tag/e28068940000400386621d4f, 96
1652704060.957624, sdrt-health/mac:02010b41cdec/antenna/tag/e2806894000050038662154f, 93
1652704060.998017, sdrt-health/mac:02010b41cdec/antenna/tag/e28068940000400386621d4f, 96
1652704060.998359, sdrt-health/mac:02010b41cdec/antenna/tag/e2806894000040038662114f, 85
1652704061.03823, sdrt-health/mac:02010b41cdec/antenna/tag/e2806894000040038662114f, 85
1652704061.102877, sdrt-health/mac:02010b41cdec/antenna/tag/e28068940000400386621d4f, 96
1652704061.10312, sdrt-health/mac:02010b41cdec/antenna/tag/e2806894000050038661fd4f, 91
1652704061.103309, sdrt-health/mac:02010b41cdec/antenna/tag/e2806894000040038662214f, 88
1652704061.118065, sdrt-health/mac:02010b41cdec/antenna/tag/e2806894000050038661fd4f, 91
1652704061.133953, sdrt-health/mac:02010b41cdec/antenna/tag/e2806894000050038662194f, 88
1652704061.193245, sdrt-health/mac:02010b41cdec/antenna/tag/e2806894000040038662114f, 85
1652704061.193751, sdrt-health/mac:02010b41cdec/antenna/tag/e28068940000500386620d4f, 83
1652704061.209373, sdrt-health/mac:02010b41cdec/antenna/tag/e28068940000400386621d4f, 77
1652704061.223995, sdrt-health/mac:02010b41cdec/antenna/tag/e2806894000050038661fd4f, 83
1652704061.267275, sdrt-health/mac:02010b41cdec/antenna/tag/e2806894000050038662154f, 85
1652704061.31821, sdrt-health/mac:02010b41cdec/antenna/tag/e2806894000050038661fd4f, 91
1652704061.373513, sdrt-health/mac:02010b41cdec/antenna/tag/e28068940000400386621d4f, 96
1652704061.374036, sdrt-health/mac:02010b41cdec/antenna/tag/e28068940000400386621d4f, 77
1652704061.388011, sdrt-health/mac:02010b41cdec/antenna/tag/e28068940000500386620d4f, 83
1652704061.433831, sdrt-health/mac:02010b41cdec/antenna/tag/e2806894000050038662154f, 87
1652704061.434054, sdrt-health/mac:02010b41cdec/antenna/tag/e2806894000050038662154f, 93
1652704061.478278, sdrt-health/mac:02010b41cdec/antenna/tag/e2806894000050038662154f, 88
1652704061.533719, sdrt-health/mac:02010b41cdec/antenna/tag/e2806894000050038661fd4f, 83
1652704061.534178, sdrt-health/mac:02010b41cdec/antenna/tag/e28068940000500386620d4f, 97
1652704061.534568, sdrt-health/mac:02010b41cdec/antenna/tag/e2806894000050038661fd4f, 83
1652704061.613841, sdrt-health/mac:02010b41cdec/antenna/tag/e28068940000500386620d4f, 97
1652704061.657984, sdrt-health/mac:02010b41cdec/antenna/tag/e28068940000400386621d4f, 90
1652704061.717887, sdrt-health/mac:02010b41cdec/antenna/tag/e2806894000040038662114f, 88
1652704061.718336, sdrt-health/mac:02010b41cdec/antenna/tag/e2806894000040038662114f, 88
1652704061.747663, sdrt-health/mac:02010b41cdec/antenna/tag/e2806894000050038662194f, 94
1652704061.811744, sdrt-health/mac:02010b41cdec/antenna/tag/e2806894000050038661fd4f, 91
1652704061.812114, sdrt-health/mac:02010b41cdec/antenna/tag/e28068940000400386621d4f, 96
1652704061.838663, sdrt-health/mac:02010b41cdec/antenna/tag/e2806894000040038662114f, 88
1652704061.839116, sdrt-health/mac:02010b41cdec/antenna/tag/e28068940000500386620d4f, 83
1652704061.878233, sdrt-health/mac:02010b41cdec/antenna/tag/e2806894000040038661f94f, 81
1652704061.934245, sdrt-health/mac:02010b41cdec/antenna/tag/e2806894000050038662154f, 85
1652704061.934745, sdrt-health/mac:02010b41cdec/antenna/tag/e2806894000050038662154f, 85
1652704061.958402, sdrt-health/mac:02010b41cdec/antenna/tag/e2806894000040038662114f, 85
1652704062.012354, sdrt-health/mac:02010b41cdec/antenna/tag/e2806894000050038661fd4f, 91
1652704062.012794, sdrt-health/mac:02010b41cdec/antenna/tag/e2806894000050038661fd4f, 97
1652704062.027599, sdrt-health/mac:02010b41cdec/antenna/tag/e2806894000040038662114f, 85
1652704062.038865, sdrt-health/mac:02010b41cdec/antenna/tag/e28068940000500386620d4f, 83
1652704062.092874, sdrt-health/mac:02010b41cdec/antenna/tag/e2806894000050038662154f, 87
1652704062.196663, sdrt-health/mac:02010b41cdec/antenna/tag/e2806894000050038661fd4f, 97
1652704062.197178, sdrt-health/mac:02010b41cdec/antenna/tag/e28068940000400386621d4f, 96
1652704062.228573, sdrt-health/mac:02010b41cdec/antenna/tag/e28068940000400386621d4f, 96
1652704062.294194, sdrt-health/mac:02010b41cdec/antenna/tag/e28068940000500386620d4f, 91
1652704062.294685, sdrt-health/mac:02010b41cdec/antenna/tag/e2806894000050038662154f, 85
1652704062.309709, sdrt-health/mac:02010b41cdec/antenna/tag/e28068940000500386620d4f, 83
1652704062.320093, sdrt-health/mac:02010b41cdec/antenna/tag/e2806894000040038662114f, 88
1652704062.324091, sdrt-health/mac:02010b41cdec/antenna/tag/e28068940000400386621d4f, 96
1652704062.324323, sdrt-health/mac:02010b41cdec/antenna/tag/e2806894000040038662114f, 85
1652704062.357509, sdrt-health/mac:02010b41cdec/antenna/tag/e28068940000500386620d4f, 83
1652704062.51879, sdrt-health/mac:02010b41cdec/antenna/tag/e2806894000040038662114f, 85
1652704062.574293, sdrt-health/mac:02010b41cdec/antenna/tag/e28068940000400386621d4f, 96
1652704062.635523, sdrt-health/mac:02010b41cdec/antenna/tag/e2806894000050038661fd4f, 97
1652704062.635946, sdrt-health/mac:02010b41cdec/antenna/tag/e2806894000050038661fd4f, 97
1652704062.66284, sdrt-health/mac:02010b41cdec/antenna/tag/e2806894000050038661fd4f, 83
1652704062.73444, sdrt-health/mac:02010b41cdec/antenna/tag/e2806894000050038662154f, 88
1652704062.735049, sdrt-health/mac:02010b41cdec/antenna/tag/e2806894000050038662154f, 85
1652704062.749539, sdrt-health/mac:02010b41cdec/antenna/tag/e2806894000050038662154f, 88
1652704062.749969, sdrt-health/mac:02010b41cdec/antenna/tag/e2806894000050038661fd4f, 97
1652704062.769724, sdrt-health/mac:02010b41cdec/antenna/tag/e2806894000050038661fd4f, 91
1652704062.814019, sdrt-health/mac:02010b41cdec/antenna/tag/e28068940000500386620d4f, 97
1652704062.889601, sdrt-health/mac:02010b41cdec/antenna/tag/e28068940000400386621d4f, 96
1652704062.890187, sdrt-health/mac:02010b41cdec/antenna/tag/e2806894000050038662154f, 85
1652704062.905783, sdrt-health/mac:02010b41cdec/antenna/tag/e2806894000050038661fd4f, 91
1652704062.906109, sdrt-health/mac:02010b41cdec/antenna/tag/e2806894000040038662114f, 93
1652704062.906293, sdrt-health/mac:02010b41cdec/antenna/tag/e2806894000050038661fd4f, 97
1652704062.917888, sdrt-health/mac:02010b41cdec/antenna/tag/e2806894000040038662114f, 88
1652704062.957352, sdrt-health/mac:02010b41cdec/antenna/tag/e2806894000050038661fd4f, 91
1652704063.038421, sdrt-health/mac:02010b41cdec/antenna/tag/e2806894000050038661fd4f, 91
1652704063.078235, sdrt-health/mac:02010b41cdec/antenna/tag/e28068940000400386621d4f, 96
1652704063.118003, sdrt-health/mac:02010b41cdec/antenna/tag/e2806894000050038662154f, 85
1652704063.118377, sdrt-health/mac:02010b41cdec/antenna/tag/e28068940000400386621d4f, 96
1652704063.133383, sdrt-health/mac:02010b41cdec/antenna/tag/e2806894000050038662154f, 85
1652704063.190322, sdrt-health/mac:02010b41cdec/antenna/tag/e28068940000400386621d4f, 90
1652704063.253309, sdrt-health/mac:02010b41cdec/antenna/tag/e2806894000040038662114f, 88
1652704063.253774, sdrt-health/mac:02010b41cdec/antenna/tag/e28068940000500386620d4f, 83
1652704063.254111, sdrt-health/mac:02010b41cdec/antenna/tag/e2806894000050038661fd4f, 97
1652704063.254438, sdrt-health/mac:02010b41cdec/antenna/tag/e28068940000400386621d4f, 90
1652704063.278216, sdrt-health/mac:02010b41cdec/antenna/tag/e2806894000050038662154f, 85
1652704063.363927, sdrt-health/mac:02010b41cdec/antenna/tag/e2806894000050038662154f, 93
1652704063.364485, sdrt-health/mac:02010b41cdec/antenna/tag/e2806894000040038662114f, 88
1652704063.397589, sdrt-health/mac:02010b41cdec/antenna/tag/e2806894000050038661fd4f, 91
1652704063.455581, sdrt-health/mac:02010b41cdec/antenna/tag/e28068940000400386621d4f, 77
1652704063.497531, sdrt-health/mac:02010b41cdec/antenna/tag/e2806894000040038662214f, 94
1652704063.528897, sdrt-health/mac:02010b41cdec/antenna/tag/e2806894000040038662114f, 85
1652704063.529232, sdrt-health/mac:02010b41cdec/antenna/tag/e2806894000050038662154f, 93
1652704063.54443, sdrt-health/mac:02010b41cdec/antenna/tag/e28068940000400386621d4f, 77
1652704063.589492, sdrt-health/mac:02010b41cdec/antenna/tag/e28068940000400386621d4f, 96
1652704063.653518, sdrt-health/mac:02010b41cdec/antenna/tag/e28068940000500386620d4f, 97
1652704063.654042, sdrt-health/mac:02010b41cdec/antenna/tag/e28068940000400386621d4f, 96
1652704063.67023, sdrt-health/mac:02010b41cdec/antenna/tag/e2806894000050038661fd4f, 83
1652704063.670751, sdrt-health/mac:02010b41cdec/antenna/tag/e28068940000500386620d4f, 91
1652704063.678067, sdrt-health/mac:02010b41cdec/antenna/tag/e2806894000040038662114f, 93
1652704063.685376, sdrt-health/mac:02010b41cdec/antenna/tag/e2806894000050038662154f, 85
1652704063.735623, sdrt-health/mac:02010b41cdec/antenna/tag/e28068940000400386621d4f, 96
1652704063.801215, sdrt-health/mac:02010b41cdec/antenna/tag/e28068940000500386620d4f, 97
1652704063.801502, sdrt-health/mac:02010b41cdec/antenna/tag/e2806894000050038661fd4f, 83
1652704063.816307, sdrt-health/mac:02010b41cdec/antenna/tag/e2806894000040038662114f, 85
1652704063.837835, sdrt-health/mac:02010b41cdec/antenna/tag/e2806894000040038662114f, 85
1652704063.869322, sdrt-health/mac:02010b41cdec/antenna/tag/e28068940000500386620d4f, 83
1652704063.869601, sdrt-health/mac:02010b41cdec/antenna/tag/e28068940000400386621d4f, 77
1652704063.894123, sdrt-health/mac:02010b41cdec/antenna/tag/e2806894000050038661fd4f, 88
1652704063.942258, sdrt-health/mac:02010b41cdec/antenna/tag/e28068940000400386621d4f, 77
1652704064.004905, sdrt-health/mac:02010b41cdec/antenna/tag/e2806894000040038662114f, 85
1652704064.005397, sdrt-health/mac:02010b41cdec/antenna/tag/e28068940000400386621d4f, 96
1652704064.021454, sdrt-health/mac:02010b41cdec/antenna/tag/e2806894000050038662154f, 88
1652704064.038179, sdrt-health/mac:02010b41cdec/antenna/tag/e2806894000050038661fd4f, 97
1652704064.038601, sdrt-health/mac:02010b41cdec/antenna/tag/e2806894000050038662154f, 88
1652704064.054948, sdrt-health/mac:02010b41cdec/antenna/tag/e2806894000050038661fd4f, 83
1652704064.055284, sdrt-health/mac:02010b41cdec/antenna/tag/e2806894000040038662114f, 85
1652704064.079319, sdrt-health/mac:02010b41cdec/antenna/tag/e2806894000050038661fd4f, 97
1652704064.117587, sdrt-health/mac:02010b41cdec/antenna/tag/e2806894000040038662114f, 85
1652704064.157297, sdrt-health/mac:02010b41cdec/antenna/tag/e2806894000050038662154f, 85
1652704064.207575, sdrt-health/mac:02010b41cdec/antenna/tag/e2806894000050038661fd4f, 91
1652704064.25545, sdrt-health/mac:02010b41cdec/antenna/tag/e2806894000050038661fd4f, 97
1652704064.349181, sdrt-health/mac:02010b41cdec/antenna/tag/e28068940000500386620d4f, 91
1652704064.349669, sdrt-health/mac:02010b41cdec/antenna/tag/e2806894000050038662194f, 81
1652704064.377829, sdrt-health/mac:02010b41cdec/antenna/tag/e2806894000050038662154f, 83
1652704064.458703, sdrt-health/mac:02010b41cdec/antenna/tag/e2806894000050038662154f, 88
1652704064.519074, sdrt-health/mac:02010b41cdec/antenna/tag/e28068940000500386620d4f, 91
1652704064.573208, sdrt-health/mac:02010b41cdec/antenna/tag/e28068940000400386621d4f, 96
1652704064.573676, sdrt-health/mac:02010b41cdec/antenna/tag/e28068940000400386621d4f, 96
1652704064.590205, sdrt-health/mac:02010b41cdec/antenna/tag/e2806894000050038661fd4f, 97
1652704064.597016, sdrt-health/mac:02010b41cdec/antenna/tag/e2806894000040038662114f, 85
1652704064.63924, sdrt-health/mac:02010b41cdec/antenna/tag/e2806894000050038661fd4f, 97
1652704064.692821, sdrt-health/mac:02010b41cdec/antenna/tag/e2806894000040038662114f, 85
1652704064.693335, sdrt-health/mac:02010b41cdec/antenna/tag/e2806894000050038661fd4f, 97
1652704064.717917, sdrt-health/mac:02010b41cdec/antenna/tag/e2806894000040038662114f, 85
1652704064.757409, sdrt-health/mac:02010b41cdec/antenna/tag/e28068940000500386620d4f, 83
1652704064.798863, sdrt-health/mac:02010b41cdec/antenna/tag/e2806894000050038661fd4f, 88
1652704064.8375, sdrt-health/mac:02010b41cdec/antenna/tag/e2806894000050038662154f, 93
1652704064.87811, sdrt-health/mac:02010b41cdec/antenna/tag/e28068940000500386620d4f, 97
1652704064.919052, sdrt-health/mac:02010b41cdec/antenna/tag/e2806894000050038662154f, 87
1652704064.954652, sdrt-health/mac:02010b41cdec/antenna/tag/e28068940000500386620d4f, 97
1652704064.955049, sdrt-health/mac:02010b41cdec/antenna/tag/e2806894000050038662154f, 93
1652704064.987366, sdrt-health/mac:02010b41cdec/antenna/tag/e2806894000040038662114f, 85
1652704065.028155, sdrt-health/mac:02010b41cdec/antenna/tag/e2806894000050038661fd4f, 97
1652704065.086577, sdrt-health/mac:02010b41cdec/antenna/tag/e2806894000050038661fd4f, 97
1652704065.13397, sdrt-health/mac:02010b41cdec/antenna/tag/e28068940000400386621d4f, 96
1652704065.179766, sdrt-health/mac:02010b41cdec/antenna/tag/e28068940000500386620d4f, 97
1652704065.238943, sdrt-health/mac:02010b41cdec/antenna/tag/e28068940000400386621d4f, 96
1652704065.239471, sdrt-health/mac:02010b41cdec/antenna/tag/e28068940000500386620d4f, 83
1652704065.256601, sdrt-health/mac:02010b41cdec/antenna/tag/e28068940000400386621d4f, 90
1652704065.269561, sdrt-health/mac:02010b41cdec/antenna/tag/e28068940000400386621d4f, 96
1652704065.272669, sdrt-health/mac:02010b41cdec/antenna/tag/e28068940000500386620d4f, 97
1652704065.325987, sdrt-health/mac:02010b41cdec/antenna/tag/e28068940000400386621d4f, 96
1652704065.390513, sdrt-health/mac:02010b41cdec/antenna/tag/e28068940000500386620d4f, 97
1652704065.391057, sdrt-health/mac:02010b41cdec/antenna/tag/e2806894000050038662194f, 82
1652704065.420712, sdrt-health/mac:02010b41cdec/antenna/tag/e2806894000050038662154f, 93
1652704065.485378, sdrt-health/mac:02010b41cdec/antenna/tag/e2806894000050038661fd4f, 91
1652704065.485894, sdrt-health/mac:02010b41cdec/antenna/tag/e2806894000050038662194f, 88
1652704065.503961, sdrt-health/mac:02010b41cdec/antenna/tag/e28068940000500386620d4f, 83
1652704065.504481, sdrt-health/mac:02010b41cdec/antenna/tag/e2806894000050038661fd4f, 91
1652704065.507942, sdrt-health/mac:02010b41cdec/antenna/tag/e28068940000400386621d4f, 96
1652704065.565916, sdrt-health/mac:02010b41cdec/antenna/tag/e2806894000050038662194f, 88
1652704065.629267, sdrt-health/mac:02010b41cdec/antenna/tag/e2806894000040038662114f, 88
1652704065.62978, sdrt-health/mac:02010b41cdec/antenna/tag/e28068940000500386620d4f, 83
1652704065.658526, sdrt-health/mac:02010b41cdec/antenna/tag/e28068940000500386620d4f, 83
1652704065.736796, sdrt-health/mac:02010b41cdec/antenna/tag/e2806894000040038662114f, 93
1652704065.737367, sdrt-health/mac:02010b41cdec/antenna/tag/e2806894000050038662154f, 85
1652704065.752096, sdrt-health/mac:02010b41cdec/antenna/tag/e2806894000050038662154f, 85
1652704065.773922, sdrt-health/mac:02010b41cdec/antenna/tag/e2806894000050038661fd4f, 91
1652704065.827641, sdrt-health/mac:02010b41cdec/antenna/tag/e28068940000400386621d4f, 77
1652704065.858279, sdrt-health/mac:02010b41cdec/antenna/tag/e2806894000050038662154f, 93
1652704065.858562, sdrt-health/mac:02010b41cdec/antenna/tag/e2806894000040038662114f, 93
1652704065.877436, sdrt-health/mac:02010b41cdec/antenna/tag/e28068940000500386620d4f, 83
1652704065.917753, sdrt-health/mac:02010b41cdec/antenna/tag/e2806894000050038662194f, 82
1652704065.95782, sdrt-health/mac:02010b41cdec/antenna/tag/e28068940000400386621d4f, 77
1652704066.01415, sdrt-health/mac:02010b41cdec/antenna/tag/e2806894000050038661fd4f, 91
1652704066.014674, sdrt-health/mac:02010b41cdec/antenna/tag/e28068940000500386620d4f, 83
1652704066.039035, sdrt-health/mac:02010b41cdec/antenna/tag/e2806894000040038662114f, 85
1652704066.07891, sdrt-health/mac:02010b41cdec/antenna/tag/e2806894000050038661fd4f, 88
1652704066.165556, sdrt-health/mac:02010b41cdec/antenna/tag/e28068940000500386620d4f, 91
1652704066.166052, sdrt-health/mac:02010b41cdec/antenna/tag/e28068940000400386621d4f, 96
1652704066.198333, sdrt-health/mac:02010b41cdec/antenna/tag/e2806894000050038661fd4f, 91
1652704066.241798, sdrt-health/mac:02010b41cdec/antenna/tag/e2806894000050038662154f, 87
1652704066.276307, sdrt-health/mac:02010b41cdec/antenna/tag/e2806894000050038661fd4f, 88
1652704066.276715, sdrt-health/mac:02010b41cdec/antenna/tag/e2806894000050038661fd4f, 88
1652704066.292364, sdrt-health/mac:02010b41cdec/antenna/tag/e2806894000050038661fd4f, 91
1652704066.333799, sdrt-health/mac:02010b41cdec/antenna/tag/e28068940000400386621d4f, 96
1652704066.394001, sdrt-health/mac:02010b41cdec/antenna/tag/e2806894000050038662154f, 87
1652704066.39473, sdrt-health/mac:02010b41cdec/antenna/tag/e2806894000040038662114f, 85
1652704066.430176, sdrt-health/mac:02010b41cdec/antenna/tag/e2806894000050038662194f, 94
1652704066.468503, sdrt-health/mac:02010b41cdec/antenna/tag/e2806894000040038662114f, 85
1652704066.534059, sdrt-health/mac:02010b41cdec/antenna/tag/e2806894000050038661fd4f, 88
1652704066.534527, sdrt-health/mac:02010b41cdec/antenna/tag/e2806894000050038662154f, 85
1652704066.582401, sdrt-health/mac:02010b41cdec/antenna/tag/e2806894000040038662114f, 85
1652704066.628959, sdrt-health/mac:02010b41cdec/antenna/tag/e2806894000050038661fd4f, 97
1652704066.679379, sdrt-health/mac:02010b41cdec/antenna/tag/e2806894000050038662154f, 88
1652704066.717988, sdrt-health/mac:02010b41cdec/antenna/tag/e2806894000040038662114f, 85
1652704066.789921, sdrt-health/mac:02010b41cdec/antenna/tag/e2806894000050038661fd4f, 83
1652704066.79044, sdrt-health/mac:02010b41cdec/antenna/tag/e2806894000050038662154f, 88
1652704066.805878, sdrt-health/mac:02010b41cdec/antenna/tag/e2806894000040038662114f, 88
1652704066.847431, sdrt-health/mac:02010b41cdec/antenna/tag/e28068940000500386620d4f, 83
1652704066.847761, sdrt-health/mac:02010b41cdec/antenna/tag/e2806894000050038662154f, 85
1652704066.879181, sdrt-health/mac:02010b41cdec/antenna/tag/e2806894000050038661fd4f, 97
1652704066.913329, sdrt-health/mac:02010b41cdec/antenna/tag/e2806894000050038661fd4f, 97
1652704066.913682, sdrt-health/mac:02010b41cdec/antenna/tag/e2806894000040038662114f, 88
1652704066.974605, sdrt-health/mac:02010b41cdec/antenna/tag/e2806894000050038661fd4f, 91
1652704067.01923, sdrt-health/mac:02010b41cdec/antenna/tag/e28068940000500386620d4f, 83
1652704067.051077, sdrt-health/mac:02010b41cdec/antenna/tag/e28068940000400386621d4f, 77
1652704067.051325, sdrt-health/mac:02010b41cdec/antenna/tag/e28068940000400386621d4f, 77
1652704067.080163, sdrt-health/mac:02010b41cdec/antenna/tag/e28068940000500386620d4f, 97
1652704067.120648, sdrt-health/mac:02010b41cdec/antenna/tag/e2806894000050038662154f, 85
1652704067.205402, sdrt-health/mac:02010b41cdec/antenna/tag/e2806894000050038661fd4f, 83
1652704067.205893, sdrt-health/mac:02010b41cdec/antenna/tag/e28068940000500386620d4f, 97
1652704067.268635, sdrt-health/mac:02010b41cdec/antenna/tag/e2806894000050038662154f, 85
1652704067.327881, sdrt-health/mac:02010b41cdec/antenna/tag/e28068940000400386621d4f, 90
1652704067.359334, sdrt-health/mac:02010b41cdec/antenna/tag/e2806894000050038662154f, 85
1652704067.359792, sdrt-health/mac:02010b41cdec/antenna/tag/e28068940000400386621d4f, 77
1652704067.382889, sdrt-health/mac:02010b41cdec/antenna/tag/e28068940000500386620d4f, 83
1652704067.445321, sdrt-health/mac:02010b41cdec/antenna/tag/e2806894000040038662114f, 85
1652704067.445785, sdrt-health/mac:02010b41cdec/antenna/tag/e2806894000050038662154f, 93
1652704067.479207, sdrt-health/mac:02010b41cdec/antenna/tag/e28068940000500386620d4f, 83
1652704067.519668, sdrt-health/mac:02010b41cdec/antenna/tag/e2806894000050038661fd4f, 91
1652704067.575688, sdrt-health/mac:02010b41cdec/antenna/tag/e28068940000500386620d4f, 83
1652704067.576147, sdrt-health/mac:02010b41cdec/antenna/tag/e2806894000050038661fd4f, 88
1652704067.614253, sdrt-health/mac:02010b41cdec/antenna/tag/e28068940000500386620d4f, 83
1652704067.645552, sdrt-health/mac:02010b41cdec/antenna/tag/e2806894000050038661fd4f, 91
1652704067.645864, sdrt-health/mac:02010b41cdec/antenna/tag/e2806894000040038662114f, 85
1652704067.6612, sdrt-health/mac:02010b41cdec/antenna/tag/e2806894000040038662114f, 85
1652704067.661559, sdrt-health/mac:02010b41cdec/antenna/tag/e28068940000400386621d4f, 77
1652704067.702974, sdrt-health/mac:02010b41cdec/antenna/tag/e2806894000050038662154f, 87
1652704067.74864, sdrt-health/mac:02010b41cdec/antenna/tag/e28068940000400386621d4f, 96
1652704067.814061, sdrt-health/mac:02010b41cdec/antenna/tag/e28068940000500386620d4f, 97
1652704067.814478, sdrt-health/mac:02010b41cdec/antenna/tag/e28068940000500386620d4f, 91
1652704067.830085, sdrt-health/mac:02010b41cdec/antenna/tag/e2806894000050038661fd4f, 91
1652704067.830378, sdrt-health/mac:02010b41cdec/antenna/tag/e2806894000050038662154f, 85
1652704067.862273, sdrt-health/mac:02010b41cdec/antenna/tag/e2806894000040038662114f, 88
1652704067.908395, sdrt-health/mac:02010b41cdec/antenna/tag/e2806894000050038662154f, 85
1652704067.978819, sdrt-health/mac:02010b41cdec/antenna/tag/e2806894000040038662114f, 85
1652704068.02287, sdrt-health/mac:02010b41cdec/antenna/tag/e28068940000400386621d4f, 96
1652704068.069467, sdrt-health/mac:02010b41cdec/antenna/tag/e2806894000050038662154f, 85
1652704068.145493, sdrt-health/mac:02010b41cdec/antenna/tag/e2806894000040038662114f, 85
1652704068.145962, sdrt-health/mac:02010b41cdec/antenna/tag/e28068940000500386620d4f, 83
1652704068.174403, sdrt-health/mac:02010b41cdec/antenna/tag/e2806894000050038661fd4f, 97
1652704068.205954, sdrt-health/mac:02010b41cdec/antenna/tag/e2806894000040038662114f, 88
1652704068.206341, sdrt-health/mac:02010b41cdec/antenna/tag/e2806894000050038662154f, 85
1652704068.238552, sdrt-health/mac:02010b41cdec/antenna/tag/e2806894000050038662194f, 94
1652704068.316043, sdrt-health/mac:02010b41cdec/antenna/tag/e2806894000050038662194f, 81
1652704068.358762, sdrt-health/mac:02010b41cdec/antenna/tag/e28068940000400386621d4f, 96
1652704068.398853, sdrt-health/mac:02010b41cdec/antenna/tag/e2806894000040038662114f, 93
1652704068.446053, sdrt-health/mac:02010b41cdec/antenna/tag/e28068940000400386621d4f, 96
1652704068.511681, sdrt-health/mac:02010b41cdec/antenna/tag/e28068940000400386621d4f, 96
1652704068.512138, sdrt-health/mac:02010b41cdec/antenna/tag/e2806894000050038662154f, 93
1652704068.538339, sdrt-health/mac:02010b41cdec/antenna/tag/e28068940000400386621d4f, 77
1652704068.581381, sdrt-health/mac:02010b41cdec/antenna/tag/e28068940000400386621d4f, 77
1652704068.644259, sdrt-health/mac:02010b41cdec/antenna/tag/e2806894000050038662154f, 93
1652704068.644722, sdrt-health/mac:02010b41cdec/antenna/tag/e2806894000040038662054f, 88
1652704068.660942, sdrt-health/mac:02010b41cdec/antenna/tag/e2806894000040038662114f, 85
1652704068.679229, sdrt-health/mac:02010b41cdec/antenna/tag/e28068940000400386621d4f, 96
1652704068.798749, sdrt-health/mac:02010b41cdec/antenna/tag/e2806894000040038662114f, 85
1652704068.839477, sdrt-health/mac:02010b41cdec/antenna/tag/e2806894000050038662154f, 88
1652704068.89593, sdrt-health/mac:02010b41cdec/antenna/tag/e2806894000050038662194f, 81
1652704068.89639, sdrt-health/mac:02010b41cdec/antenna/tag/e2806894000040038662114f, 93
1652704068.917857, sdrt-health/mac:02010b41cdec/antenna/tag/e2806894000040038662114f, 85
1652704068.959313, sdrt-health/mac:02010b41cdec/antenna/tag/e2806894000050038662154f, 85
1652704069.019415, sdrt-health/mac:02010b41cdec/antenna/tag/e2806894000050038661fd4f, 91
1652704069.019913, sdrt-health/mac:02010b41cdec/antenna/tag/e2806894000050038662154f, 88
1652704069.03934, sdrt-health/mac:02010b41cdec/antenna/tag/e28068940000500386620d4f, 83
1652704069.106228, sdrt-health/mac:02010b41cdec/antenna/tag/e28068940000500386620d4f, 83
1652704069.106538, sdrt-health/mac:02010b41cdec/antenna/tag/e28068940000400386621d4f, 90
1652704069.135532, sdrt-health/mac:02010b41cdec/antenna/tag/e2806894000040038662114f, 85
1652704069.179529, sdrt-health/mac:02010b41cdec/antenna/tag/e28068940000400386621d4f, 90
1652704069.213761, sdrt-health/mac:02010b41cdec/antenna/tag/e2806894000040038662114f, 85
1652704069.214006, sdrt-health/mac:02010b41cdec/antenna/tag/e2806894000040038662114f, 85
1652704069.230303, sdrt-health/mac:02010b41cdec/antenna/tag/e2806894000050038662154f, 88
1652704069.230536, sdrt-health/mac:02010b41cdec/antenna/tag/e28068940000400386621d4f, 96
1652704069.230686, sdrt-health/mac:02010b41cdec/antenna/tag/e2806894000050038661fd4f, 97
1652704069.268819, sdrt-health/mac:02010b41cdec/antenna/tag/e2806894000050038661fd4f, 91
1652704069.319949, sdrt-health/mac:02010b41cdec/antenna/tag/e28068940000400386621d4f, 96
1652704069.350533, sdrt-health/mac:02010b41cdec/antenna/tag/e28068940000400386621d4f, 90
1652704069.350828, sdrt-health/mac:02010b41cdec/antenna/tag/e2806894000040038662114f, 93
1652704069.374637, sdrt-health/mac:02010b41cdec/antenna/tag/e2806894000050038661fd4f, 91
1652704069.405454, sdrt-health/mac:02010b41cdec/antenna/tag/e28068940000500386620d4f, 83
1652704069.405686, sdrt-health/mac:02010b41cdec/antenna/tag/e2806894000050038662154f, 85
1652704069.421313, sdrt-health/mac:02010b41cdec/antenna/tag/e2806894000050038662154f, 93
1652704069.46345, sdrt-health/mac:02010b41cdec/antenna/tag/e2806894000040038662114f, 85
1652704069.533818, sdrt-health/mac:02010b41cdec/antenna/tag/e28068940000500386620d4f, 97
1652704069.579631, sdrt-health/mac:02010b41cdec/antenna/tag/e2806894000040038662114f, 85
1652704069.639508, sdrt-health/mac:02010b41cdec/antenna/tag/e2806894000050038662154f, 85
1652704069.640102, sdrt-health/mac:02010b41cdec/antenna/tag/e2806894000050038661fd4f, 91
1652704069.655557, sdrt-health/mac:02010b41cdec/antenna/tag/e28068940000500386620d4f, 83
1652704069.655807, sdrt-health/mac:02010b41cdec/antenna/tag/e2806894000040038662114f, 85
1652704069.669274, sdrt-health/mac:02010b41cdec/antenna/tag/e2806894000040038662114f, 88
1652704069.735445, sdrt-health/mac:02010b41cdec/antenna/tag/e28068940000500386620d4f, 83
1652704069.735867, sdrt-health/mac:02010b41cdec/antenna/tag/e28068940000400386621d4f, 96
1652704069.750692, sdrt-health/mac:02010b41cdec/antenna/tag/e2806894000040038662114f, 91
1652704069.751178, sdrt-health/mac:02010b41cdec/antenna/tag/e2806894000050038662154f, 85
1652704069.7578, sdrt-health/mac:02010b41cdec/antenna/tag/e2806894000050038661fd4f, 97
1652704069.869991, sdrt-health/mac:02010b41cdec/antenna/tag/e2806894000040038662114f, 88
1652704069.919543, sdrt-health/mac:02010b41cdec/antenna/tag/e2806894000050038662154f, 93
1652704069.988922, sdrt-health/mac:02010b41cdec/antenna/tag/e2806894000050038661fd4f, 88
1652704070.045954, sdrt-health/mac:02010b41cdec/antenna/tag/e28068940000500386620d4f, 97
1652704070.046979, sdrt-health/mac:02010b41cdec/antenna/tag/e2806894000040038662214f, 94
1652704070.095121, sdrt-health/mac:02010b41cdec/antenna/tag/e28068940000500386620d4f, 97
1652704070.09603, sdrt-health/mac:02010b41cdec/antenna/tag/e2806894000050038661fd4f, 83
1652704070.156656, sdrt-health/mac:02010b41cdec/antenna/tag/e28068940000500386620d4f, 97
1652704070.157228, sdrt-health/mac:02010b41cdec/antenna/tag/e2806894000040038662114f, 93
1652704070.17253, sdrt-health/mac:02010b41cdec/antenna/tag/e2806894000040038662114f, 85
1652704070.205358, sdrt-health/mac:02010b41cdec/antenna/tag/e28068940000500386620d4f, 91
1652704070.205676, sdrt-health/mac:02010b41cdec/antenna/tag/e28068940000500386620d4f, 97
1652704070.228267, sdrt-health/mac:02010b41cdec/antenna/tag/e2806894000050038661fd4f, 83
1652704070.294251, sdrt-health/mac:02010b41cdec/antenna/tag/e28068940000500386620d4f, 91
1652704070.294618, sdrt-health/mac:02010b41cdec/antenna/tag/e2806894000050038661fd4f, 97
1652704070.310859, sdrt-health/mac:02010b41cdec/antenna/tag/e2806894000050038662154f, 85
1652704070.318919, sdrt-health/mac:02010b41cdec/antenna/tag/e28068940000500386620d4f, 97
1652704070.35907, sdrt-health/mac:02010b41cdec/antenna/tag/e28068940000400386621d4f, 77
1652704070.416839, sdrt-health/mac:02010b41cdec/antenna/tag/e28068940000500386620d4f, 83
1652704070.417284, sdrt-health/mac:02010b41cdec/antenna/tag/e28068940000400386621d4f, 77
1652704070.432028, sdrt-health/mac:02010b41cdec/antenna/tag/e2806894000050038661fd4f, 91
1652704070.43961, sdrt-health/mac:02010b41cdec/antenna/tag/e2806894000050038662154f, 85
1652704070.478554, sdrt-health/mac:02010b41cdec/antenna/tag/e2806894000050038661fd4f, 83
1652704070.534081, sdrt-health/mac:02010b41cdec/antenna/tag/e28068940000500386620d4f, 91
1652704070.534547, sdrt-health/mac:02010b41cdec/antenna/tag/e28068940000500386620d4f, 91
1652704070.558436, sdrt-health/mac:02010b41cdec/antenna/tag/e2806894000050038662154f, 88
1652704070.597639, sdrt-health/mac:02010b41cdec/antenna/tag/e28068940000500386620d4f, 97
1652704070.628562, sdrt-health/mac:02010b41cdec/antenna/tag/e2806894000050038662154f, 88
1652704070.628846, sdrt-health/mac:02010b41cdec/antenna/tag/e2806894000050038662154f, 88
1652704070.644518, sdrt-health/mac:02010b41cdec/antenna/tag/e2806894000050038661fd4f, 83
1652704070.644778, sdrt-health/mac:02010b41cdec/antenna/tag/e2806894000050038662154f, 85
1652704070.679058, sdrt-health/mac:02010b41cdec/antenna/tag/e2806894000050038662154f, 88
1652704070.758529, sdrt-health/mac:02010b41cdec/antenna/state, connected
1652704070.760046, sdrt-health/mac:02010b41cdec/fw, {"version":"1.8.1","model":"200","hash":"2f556501b58f1dad542af428d7928d18","timestamp":1652704067}
1652704070.77418, sdrt-health/mac:02010b41cdec/antenna/tag/e28068940000500386620d4f, 97
1652704070.798735, sdrt-health/mac:02010b41cdec/antenna/tag/e2806894000050038662154f, 85
1652704070.855382, sdrt-health/mac:02010b41cdec/antenna/tag/e28068940000500386620d4f, 97
1652704070.855828, sdrt-health/mac:02010b41cdec/antenna/tag/e2806894000050038662154f, 87
1652704070.878809, sdrt-health/mac:02010b41cdec/antenna/tag/e28068940000400386621d4f, 96
1652704070.912041, sdrt-health/mac:02010b41cdec/antenna/tag/e2806894000050038661fd4f, 91
1652704070.912375, sdrt-health/mac:02010b41cdec/antenna/tag/e2806894000050038662154f, 93
1652704070.931165, sdrt-health/mac:02010b41cdec/antenna/version, hPaO
1652704070.931473, sdrt-health/mac:02010b41cdec/antenna/tag/e28068940000400386621d4f, 77
1652704070.960786, sdrt-health/mac:02010b41cdec/antenna/tag/e28068940000400386621d4f, 90
1652704071.008533, sdrt-health/mac:02010b41cdec/antenna/tag/e2806894000050038661fd4f, 91
1652704071.062449, sdrt-health/mac:02010b41cdec/antenna/tag/e28068940000500386620d4f, 83
1652704071.093619, sdrt-health/mac:02010b41cdec/antenna/tag/e2806894000050038662154f, 85
1652704071.093978, sdrt-health/mac:02010b41cdec/antenna/tag/e2806894000050038661fd4f, 91
1652704071.109547, sdrt-health/mac:02010b41cdec/antenna/tag/e2806894000050038662154f, 85
1652704071.109762, sdrt-health/mac:02010b41cdec/antenna/tag/e2806894000050038661fd4f, 97
1652704071.10988, sdrt-health/mac:02010b41cdec/antenna/tag/e2806894000040038662114f, 85
1652704071.147833, sdrt-health/mac:02010b41cdec/antenna/tag/e2806894000050038662154f, 85
1652704071.188251, sdrt-health/mac:02010b41cdec/antenna/tag/e2806894000050038661fd4f, 91
1652704071.219759, sdrt-health/mac:02010b41cdec/antenna/tag/e2806894000050038661fd4f, 97
1652704071.219966, sdrt-health/mac:02010b41cdec/antenna/tag/e28068940000400386621d4f, 90
1652704071.239427, sdrt-health/mac:02010b41cdec/antenna/tag/e2806894000050038662154f, 93
1652704071.278107, sdrt-health/mac:02010b41cdec/antenna/tag/e2806894000040038662114f, 85
1652704071.318671, sdrt-health/mac:02010b41cdec/antenna/tag/e28068940000500386620d4f, 97
1652704071.35745, sdrt-health/mac:02010b41cdec/antenna/tag/e28068940000500386620d4f, 83
1652704071.418464, sdrt-health/mac:02010b41cdec/antenna/tag/e28068940000400386621d4f, 77
1652704071.418972, sdrt-health/mac:02010b41cdec/antenna/tag/e28068940000400386621d4f, 77
1652704071.438263, sdrt-health/mac:02010b41cdec/antenna/tag/e28068940000400386621d4f, 77
1652704071.504074, sdrt-health/mac:02010b41cdec/antenna/tag/e2806894000050038662154f, 87
1652704071.504476, sdrt-health/mac:02010b41cdec/antenna/tag/e2806894000050038662154f, 88
1652704071.542353, sdrt-health/mac:02010b41cdec/antenna/tag/e2806894000050038662154f, 85
1652704071.63908, sdrt-health/mac:02010b41cdec/antenna/tag/e28068940000400386621d4f, 96
1652704071.707657, sdrt-health/mac:02010b41cdec/antenna/tag/e2806894000050038661fd4f, 97
1652704071.7644, sdrt-health/mac:02010b41cdec/antenna/tag/e28068940000500386620d4f, 97
1652704071.764898, sdrt-health/mac:02010b41cdec/antenna/tag/e2806894000050038662194f, 84
1652704071.798215, sdrt-health/mac:02010b41cdec/antenna/tag/e28068940000500386620d4f, 83
1652704071.839681, sdrt-health/mac:02010b41cdec/antenna/tag/e28068940000400386621d4f, 96
1652704071.896763, sdrt-health/mac:02010b41cdec/antenna/tag/e2806894000050038662154f, 93
1652704071.897312, sdrt-health/mac:02010b41cdec/antenna/tag/e2806894000040038662114f, 85
1652704071.913418, sdrt-health/mac:02010b41cdec/antenna/tag/e2806894000050038662154f, 83
1652704071.918584, sdrt-health/mac:02010b41cdec/antenna/tag/e2806894000050038662194f, 83
1652704071.960955, sdrt-health/mac:02010b41cdec/antenna/tag/e2806894000040038662114f, 93
1652704072.048421, sdrt-health/mac:02010b41cdec/antenna/tag/e28068940000500386620d4f, 83
1652704072.094653, sdrt-health/mac:02010b41cdec/antenna/tag/e2806894000050038662154f, 85
1652704072.159785, sdrt-health/mac:02010b41cdec/antenna/tag/e2806894000050038662154f, 85
1652704072.160315, sdrt-health/mac:02010b41cdec/antenna/tag/e2806894000050038662154f, 85
1652704072.182282, sdrt-health/mac:02010b41cdec/antenna/tag/e28068940000500386620d4f, 97
1652704072.245796, sdrt-health/mac:02010b41cdec/antenna/tag/e2806894000050038662154f, 85
1652704072.246377, sdrt-health/mac:02010b41cdec/antenna/tag/e2806894000050038661fd4f, 97
1652704072.265384, sdrt-health/mac:02010b41cdec/antenna/tag/e2806894000050038662154f, 85
1652704072.27819, sdrt-health/mac:02010b41cdec/antenna/tag/e2806894000040038662114f, 93
1652704072.281249, sdrt-health/mac:02010b41cdec/antenna/tag/e2806894000050038662154f, 85
1652704072.320317, sdrt-health/mac:02010b41cdec/antenna/tag/e28068940000400386621d4f, 96
1652704072.433344, sdrt-health/mac:02010b41cdec/antenna/tag/e2806894000050038661fd4f, 88
1652704072.433864, sdrt-health/mac:02010b41cdec/antenna/tag/e2806894000040038662114f, 85
1652704072.470807, sdrt-health/mac:02010b41cdec/antenna/tag/e28068940000500386620d4f, 83
1652704072.505417, sdrt-health/mac:02010b41cdec/antenna/tag/e2806894000040038662114f, 85
1652704072.505724, sdrt-health/mac:02010b41cdec/antenna/tag/e2806894000050038661fd4f, 88
1652704072.526354, sdrt-health/mac:02010b41cdec/antenna/tag/e28068940000400386621d4f, 96
1652704072.599523, sdrt-health/mac:02010b41cdec/antenna/tag/e2806894000040038662214f, 88
1652704072.599707, sdrt-health/mac:02010b41cdec/antenna/tag/e2806894000050038661fd4f, 88
1652704072.615294, sdrt-health/mac:02010b41cdec/antenna/tag/e2806894000040038662114f, 85
1652704072.656646, sdrt-health/mac:02010b41cdec/antenna/tag/e28068940000400386621d4f, 77
1652704072.657059, sdrt-health/mac:02010b41cdec/antenna/tag/e2806894000050038662154f, 93
1652704072.679394, sdrt-health/mac:02010b41cdec/antenna/tag/e28068940000500386620d4f, 83
1652704072.713482, sdrt-health/mac:02010b41cdec/antenna/tag/e28068940000500386620d4f, 97
1652704072.713773, sdrt-health/mac:02010b41cdec/antenna/tag/e2806894000050038661fd4f, 88
1652704072.730716, sdrt-health/mac:02010b41cdec/antenna/tag/e28068940000500386620d4f, 83
1652704072.757945, sdrt-health/mac:02010b41cdec/antenna/tag/e28068940000400386621d4f, 77
1652704072.799239, sdrt-health/mac:02010b41cdec/antenna/tag/e2806894000050038661fd4f, 88
1652704072.831481, sdrt-health/mac:02010b41cdec/antenna/tag/e28068940000500386620d4f, 83
1652704072.83187, sdrt-health/mac:02010b41cdec/antenna/tag/e28068940000400386621d4f, 77
1652704072.846514, sdrt-health/mac:02010b41cdec/antenna/tag/e2806894000040038662114f, 93
1652704072.846777, sdrt-health/mac:02010b41cdec/antenna/tag/e28068940000500386620d4f, 83
1652704072.878158, sdrt-health/mac:02010b41cdec/antenna/tag/e2806894000050038662154f, 87
1652704072.936244, sdrt-health/mac:02010b41cdec/antenna/tag/e28068940000400386621d4f, 77
1652704072.936627, sdrt-health/mac:02010b41cdec/antenna/tag/e28068940000400386621d4f, 96
1652704072.951933, sdrt-health/mac:02010b41cdec/antenna/tag/e2806894000050038662194f, 94
1652704072.95874, sdrt-health/mac:02010b41cdec/antenna/tag/e2806894000050038661fd4f, 91
1652704072.999586, sdrt-health/mac:02010b41cdec/antenna/tag/e2806894000050038662154f, 85
1652704073.095145, sdrt-health/mac:02010b41cdec/antenna/tag/e28068940000400386621d4f, 96
1652704073.09554, sdrt-health/mac:02010b41cdec/antenna/tag/e2806894000050038662154f, 93
1652704073.118505, sdrt-health/mac:02010b41cdec/antenna/tag/e2806894000040038662114f, 93
1652704073.184568, sdrt-health/mac:02010b41cdec/antenna/tag/e2806894000050038661fd4f, 91
1652704073.185031, sdrt-health/mac:02010b41cdec/antenna/tag/e2806894000040038662114f, 85
1652704073.214503, sdrt-health/mac:02010b41cdec/antenna/tag/e2806894000050038661fd4f, 97
1652704073.338417, sdrt-health/mac:02010b41cdec/antenna/tag/e28068940000400386621d4f, 90
1652704073.430007, sdrt-health/mac:02010b41cdec/antenna/tag/e28068940000500386620d4f, 83
1652704073.480525, sdrt-health/mac:02010b41cdec/antenna/tag/e2806894000040038662114f, 87
1652704073.519754, sdrt-health/mac:02010b41cdec/antenna/tag/e2806894000040038662114f, 85
1652704073.614378, sdrt-health/mac:02010b41cdec/antenna/tag/e2806894000040038662114f, 88
1652704073.663708, sdrt-health/mac:02010b41cdec/antenna/tag/e2806894000050038661fd4f, 97
1652704073.774671, sdrt-health/mac:02010b41cdec/antenna/tag/e2806894000040038662114f, 88
1652704073.775121, sdrt-health/mac:02010b41cdec/antenna/tag/e28068940000500386620d4f, 83
1652704073.798389, sdrt-health/mac:02010b41cdec/antenna/tag/e2806894000040038662114f, 88
1652704073.829594, sdrt-health/mac:02010b41cdec/antenna/tag/e2806894000050038661fd4f, 97
1652704073.829765, sdrt-health/mac:02010b41cdec/antenna/tag/e28068940000500386620d4f, 97
1652704073.829894, sdrt-health/mac:02010b41cdec/antenna/tag/e28068940000500386620d4f, 83
1652704073.845414, sdrt-health/mac:02010b41cdec/antenna/tag/e28068940000500386620d4f, 83
1652704073.845629, sdrt-health/mac:02010b41cdec/antenna/tag/e2806894000050038662154f, 93
1652704073.878655, sdrt-health/mac:02010b41cdec/antenna/tag/e28068940000400386621d4f, 96
1652704073.936808, sdrt-health/mac:02010b41cdec/antenna/tag/e2806894000040038662114f, 85
1652704073.937306, sdrt-health/mac:02010b41cdec/antenna/tag/e2806894000050038661fd4f, 83
1652704073.988324, sdrt-health/mac:02010b41cdec/antenna/tag/e28068940000400386621d4f, 96
1652704074.039157, sdrt-health/mac:02010b41cdec/antenna/tag/e2806894000050038661fd4f, 88
1652704074.073585, sdrt-health/mac:02010b41cdec/antenna/tag/e2806894000040038662114f, 85
1652704074.073984, sdrt-health/mac:02010b41cdec/antenna/tag/e2806894000040038662114f, 85
1652704074.09604, sdrt-health/mac:02010b41cdec/antenna/tag/e28068940000400386621d4f, 77
1652704074.139262, sdrt-health/mac:02010b41cdec/antenna/tag/e2806894000050038662154f, 93
1652704074.198463, sdrt-health/mac:02010b41cdec/antenna/tag/e2806894000050038661fd4f, 91
1652704074.198868, sdrt-health/mac:02010b41cdec/antenna/tag/e28068940000400386621d4f, 77
1652704074.229737, sdrt-health/mac:02010b41cdec/antenna/tag/e2806894000040038662054f, 81
1652704074.278623, sdrt-health/mac:02010b41cdec/antenna/tag/e28068940000500386620d4f, 91
1652704074.317747, sdrt-health/mac:02010b41cdec/antenna/tag/e28068940000400386621d4f, 96
1652704074.358521, sdrt-health/mac:02010b41cdec/antenna/tag/e28068940000400386621d4f, 77
1652704074.392607, sdrt-health/mac:02010b41cdec/antenna/tag/e28068940000500386620d4f, 97
1652704074.393026, sdrt-health/mac:02010b41cdec/antenna/tag/e2806894000040038662114f, 93
1652704074.41467, sdrt-health/mac:02010b41cdec/antenna/tag/e2806894000050038662154f, 93
1652704074.447503, sdrt-health/mac:02010b41cdec/antenna/tag/e2806894000050038661fd4f, 88
1652704074.447795, sdrt-health/mac:02010b41cdec/antenna/tag/e2806894000050038662154f, 93
1652704074.448033, sdrt-health/mac:02010b41cdec/antenna/tag/e28068940000400386621d4f, 96
1652704074.464394, sdrt-health/mac:02010b41cdec/antenna/tag/e2806894000050038661fd4f, 91
1652704074.502531, sdrt-health/mac:02010b41cdec/antenna/tag/e2806894000040038662114f, 85
1652704074.547621, sdrt-health/mac:02010b41cdec/antenna/tag/e2806894000050038662154f, 85
1652704074.579259, sdrt-health/mac:02010b41cdec/antenna/tag/e28068940000500386620d4f, 97
1652704074.579683, sdrt-health/mac:02010b41cdec/antenna/tag/e2806894000050038662154f, 88
1652704074.600682, sdrt-health/mac:02010b41cdec/antenna/tag/e2806894000040038662114f, 85
1652704074.640235, sdrt-health/mac:02010b41cdec/antenna/tag/e2806894000040038662114f, 88
1652704074.678371, sdrt-health/mac:02010b41cdec/antenna/tag/e2806894000050038662154f, 93
1652704074.709968, sdrt-health/mac:02010b41cdec/antenna/tag/e2806894000050038661fd4f, 97
1652704074.710321, sdrt-health/mac:02010b41cdec/antenna/tag/e28068940000400386621d4f, 96
1652704074.725502, sdrt-health/mac:02010b41cdec/antenna/tag/e2806894000040038662114f, 85
1652704074.768279, sdrt-health/mac:02010b41cdec/antenna/tag/e28068940000400386621d4f, 96
1652704074.814977, sdrt-health/mac:02010b41cdec/antenna/tag/e2806894000050038662154f, 88
1652704074.874306, sdrt-health/mac:02010b41cdec/antenna/tag/e28068940000400386621d4f, 96
1652704074.874746, sdrt-health/mac:02010b41cdec/antenna/tag/e2806894000050038662154f, 85
1652704074.90562, sdrt-health/mac:02010b41cdec/antenna/tag/e28068940000500386620d4f, 97
1652704074.940105, sdrt-health/mac:02010b41cdec/antenna/tag/e2806894000050038661fd4f, 91
1652704074.997732, sdrt-health/mac:02010b41cdec/antenna/tag/e2806894000040038662114f, 85
1652704074.998178, sdrt-health/mac:02010b41cdec/antenna/tag/e2806894000040038662114f, 85
1652704075.028769, sdrt-health/mac:02010b41cdec/antenna/tag/e2806894000040038662114f, 88
1652704075.143054, sdrt-health/mac:02010b41cdec/antenna/tag/e28068940000400386621d4f, 96
1652704075.189423, sdrt-health/mac:02010b41cdec/antenna/tag/e2806894000050038661fd4f, 91
1652704075.220835, sdrt-health/mac:02010b41cdec/antenna/tag/e28068940000500386620d4f, 97
1652704075.22112, sdrt-health/mac:02010b41cdec/antenna/tag/e2806894000040038662114f, 93
1652704075.279578, sdrt-health/mac:02010b41cdec/antenna/tag/e28068940000400386621d4f, 96
1652704075.319266, sdrt-health/mac:02010b41cdec/antenna/tag/e2806894000040038662114f, 85
1652704075.358083, sdrt-health/mac:02010b41cdec/antenna/tag/e2806894000050038662154f, 93
1652704075.416033, sdrt-health/mac:02010b41cdec/antenna/tag/e28068940000400386621d4f, 77
1652704075.416541, sdrt-health/mac:02010b41cdec/antenna/tag/e28068940000400386621d4f, 96
1652704075.438582, sdrt-health/mac:02010b41cdec/antenna/tag/e2806894000040038662114f, 85
1652704075.493759, sdrt-health/mac:02010b41cdec/antenna/tag/e2806894000050038662154f, 85
1652704075.494165, sdrt-health/mac:02010b41cdec/antenna/tag/e28068940000500386620d4f, 97
1652704075.509331, sdrt-health/mac:02010b41cdec/antenna/tag/e2806894000050038661fd4f, 91
1652704075.54365, sdrt-health/mac:02010b41cdec/antenna/tag/e2806894000050038662154f, 85
1652704075.543912, sdrt-health/mac:02010b41cdec/antenna/tag/e2806894000050038662154f, 85
1652704075.559296, sdrt-health/mac:02010b41cdec/antenna/tag/e2806894000050038662154f, 88
1652704075.598059, sdrt-health/mac:02010b41cdec/antenna/tag/e2806894000050038661fd4f, 91
1652704075.633674, sdrt-health/mac:02010b41cdec/antenna/tag/e2806894000050038662154f, 85
1652704075.633907, sdrt-health/mac:02010b41cdec/antenna/tag/e28068940000500386620d4f, 97
1652704075.634065, sdrt-health/mac:02010b41cdec/antenna/tag/e2806894000050038662154f, 85
1652704075.650609, sdrt-health/mac:02010b41cdec/antenna/tag/e28068940000500386620d4f, 83
1652704075.694545, sdrt-health/mac:02010b41cdec/antenna/tag/e2806894000050038661fd4f, 97
1652704075.762969, sdrt-health/mac:02010b41cdec/antenna/tag/e2806894000040038662114f, 85
1652704075.76345, sdrt-health/mac:02010b41cdec/antenna/tag/e2806894000040038662114f, 93
1652704075.778921, sdrt-health/mac:02010b41cdec/antenna/tag/e28068940000500386620d4f, 83
1652704075.806362, sdrt-health/mac:02010b41cdec/antenna/tag/e28068940000400386621d4f, 96
1652704075.878392, sdrt-health/mac:02010b41cdec/antenna/tag/e2806894000050038661fd4f, 91
1652704075.87888, sdrt-health/mac:02010b41cdec/antenna/tag/e28068940000500386620d4f, 97
1652704075.903406, sdrt-health/mac:02010b41cdec/antenna/tag/e2806894000050038662154f, 85
1652704075.903813, sdrt-health/mac:02010b41cdec/antenna/tag/e2806894000050038662154f, 85
1652704075.904087, sdrt-health/mac:02010b41cdec/antenna/tag/e2806894000040038662214f, 88
1652704075.942467, sdrt-health/mac:02010b41cdec/antenna/tag/e28068940000400386621d4f, 77
1652704075.979289, sdrt-health/mac:02010b41cdec/antenna/tag/e28068940000500386620d4f, 97
1652704076.039071, sdrt-health/mac:02010b41cdec/antenna/tag/e2806894000040038662214f, 81
1652704076.039552, sdrt-health/mac:02010b41cdec/antenna/tag/e28068940000500386620d4f, 97
1652704076.06848, sdrt-health/mac:02010b41cdec/antenna/tag/e28068940000500386620d4f, 97
1652704076.118553, sdrt-health/mac:02010b41cdec/antenna/tag/e2806894000050038661fd4f, 91
1652704076.150358, sdrt-health/mac:02010b41cdec/antenna/tag/e28068940000400386621d4f, 90
1652704076.150618, sdrt-health/mac:02010b41cdec/antenna/tag/e2806894000050038662154f, 85
1652704076.183088, sdrt-health/mac:02010b41cdec/antenna/tag/e2806894000050038662154f, 85
1652704076.254089, sdrt-health/mac:02010b41cdec/antenna/tag/e2806894000050038662154f, 85
1652704076.304493, sdrt-health/mac:02010b41cdec/antenna/tag/e2806894000050038662154f, 85
1652704076.30487, sdrt-health/mac:02010b41cdec/antenna/tag/e2806894000040038662114f, 88
1652704076.343389, sdrt-health/mac:02010b41cdec/antenna/tag/e28068940000500386620d4f, 97
1652704076.389036, sdrt-health/mac:02010b41cdec/antenna/tag/e2806894000040038662114f, 88
1652704076.456031, sdrt-health/mac:02010b41cdec/antenna/tag/e2806894000040038662114f, 88
1652704076.456693, sdrt-health/mac:02010b41cdec/antenna/tag/e2806894000040038661f94f, 81
1652704076.475926, sdrt-health/mac:02010b41cdec/antenna/tag/e2806894000040038662114f, 88
1652704076.476299, sdrt-health/mac:02010b41cdec/antenna/tag/e2806894000040038662214f, 88
1652704076.478288, sdrt-health/mac:02010b41cdec/antenna/tag/e2806894000050038661fd4f, 88
1652704076.51886, sdrt-health/mac:02010b41cdec/antenna/tag/e2806894000050038662154f, 93
1652704076.583578, sdrt-health/mac:02010b41cdec/antenna/tag/e28068940000500386620d4f, 91
1652704076.620032, sdrt-health/mac:02010b41cdec/antenna/tag/e28068940000400386621d4f, 90
1652704076.652821, sdrt-health/mac:02010b41cdec/antenna/tag/e2806894000040038662114f, 93
1652704076.653406, sdrt-health/mac:02010b41cdec/antenna/tag/e2806894000040038662114f, 85
1652704076.678658, sdrt-health/mac:02010b41cdec/antenna/tag/e2806894000050038662154f, 85
1652704076.735144, sdrt-health/mac:02010b41cdec/antenna/tag/e2806894000050038662154f, 85
1652704076.735624, sdrt-health/mac:02010b41cdec/antenna/tag/e2806894000040038662114f, 85
1652704076.759632, sdrt-health/mac:02010b41cdec/antenna/tag/e28068940000400386621d4f, 96
1652704076.798199, sdrt-health/mac:02010b41cdec/antenna/tag/e28068940000400386621d4f, 77
1652704076.838408, sdrt-health/mac:02010b41cdec/antenna/tag/e2806894000040038662114f, 85
1652704076.87948, sdrt-health/mac:02010b41cdec/antenna/tag/e2806894000040038662114f, 85
1652704076.918172, sdrt-health/mac:02010b41cdec/antenna/tag/e28068940000400386621d4f, 77
1652704076.973993, sdrt-health/mac:02010b41cdec/antenna/tag/e28068940000500386620d4f, 83
1652704076.974473, sdrt-health/mac:02010b41cdec/antenna/tag/e2806894000050038661fd4f, 83
1652704076.999674, sdrt-health/mac:02010b41cdec/antenna/tag/e28068940000400386621d4f, 96
1652704077.039206, sdrt-health/mac:02010b41cdec/antenna/tag/e2806894000040038662114f, 85
1652704077.071073, sdrt-health/mac:02010b41cdec/antenna/tag/e28068940000500386620d4f, 91
1652704077.071436, sdrt-health/mac:02010b41cdec/antenna/tag/e2806894000050038661fd4f, 83
1652704077.08604, sdrt-health/mac:02010b41cdec/antenna/tag/e2806894000040038662114f, 85
1652704077.086265, sdrt-health/mac:02010b41cdec/antenna/tag/e28068940000500386620d4f, 97
1652704077.086415, sdrt-health/mac:02010b41cdec/antenna/tag/e2806894000050038661fd4f, 83
1652704077.118578, sdrt-health/mac:02010b41cdec/antenna/tag/e2806894000050038661fd4f, 83
1652704077.215248, sdrt-health/mac:02010b41cdec/antenna/tag/e2806894000050038661fd4f, 97
1652704077.25893, sdrt-health/mac:02010b41cdec/antenna/tag/e28068940000400386621d4f, 96
1652704077.32106, sdrt-health/mac:02010b41cdec/antenna/tag/e2806894000040038662114f, 93
1652704077.321515, sdrt-health/mac:02010b41cdec/antenna/tag/e2806894000050038661fd4f, 83
1652704077.336765, sdrt-health/mac:02010b41cdec/antenna/tag/e2806894000040038662114f, 88
1652704077.350053, sdrt-health/mac:02010b41cdec/antenna/tag/e28068940000400386621d4f, 77
1652704077.403513, sdrt-health/mac:02010b41cdec/antenna/tag/e28068940000400386621d4f, 77
1652704077.438919, sdrt-health/mac:02010b41cdec/antenna/tag/e2806894000050038662154f, 93
1652704077.477683, sdrt-health/mac:02010b41cdec/antenna/tag/e28068940000400386621d4f, 90
1652704077.518782, sdrt-health/mac:02010b41cdec/antenna/tag/e28068940000400386621d4f, 90
1652704077.588585, sdrt-health/mac:02010b41cdec/antenna/tag/e28068940000500386620d4f, 83
1652704077.646249, sdrt-health/mac:02010b41cdec/antenna/tag/e28068940000500386620d4f, 97
1652704077.710692, sdrt-health/mac:02010b41cdec/antenna/tag/e2806894000050038661fd4f, 97
1652704077.711268, sdrt-health/mac:02010b41cdec/antenna/tag/e2806894000040038662114f, 85
1652704077.726734, sdrt-health/mac:02010b41cdec/antenna/tag/e2806894000040038662114f, 85
1652704077.739467, sdrt-health/mac:02010b41cdec/antenna/tag/e2806894000040038662114f, 85
1652704077.781193, sdrt-health/mac:02010b41cdec/antenna/tag/e28068940000500386620d4f, 83
1652704077.834642, sdrt-health/mac:02010b41cdec/antenna/tag/e28068940000500386620d4f, 97
1652704077.835087, sdrt-health/mac:02010b41cdec/antenna/tag/e2806894000050038661fd4f, 91
1652704077.862513, sdrt-health/mac:02010b41cdec/antenna/tag/e28068940000400386621d4f, 77
1652704077.915992, sdrt-health/mac:02010b41cdec/antenna/tag/e28068940000400386621d4f, 77
1652704077.916456, sdrt-health/mac:02010b41cdec/antenna/tag/e2806894000050038661fd4f, 91
1652704077.931663, sdrt-health/mac:02010b41cdec/antenna/tag/e2806894000050038662154f, 83
1652704077.942643, sdrt-health/mac:02010b41cdec/antenna/tag/e2806894000050038661fd4f, 88
1652704077.946916, sdrt-health/mac:02010b41cdec/antenna/tag/e2806894000050038662154f, 87
1652704077.988661, sdrt-health/mac:02010b41cdec/antenna/tag/e28068940000400386621d4f, 96
1652704078.065353, sdrt-health/mac:02010b41cdec/antenna/tag/e2806894000050038662154f, 88
1652704078.065931, sdrt-health/mac:02010b41cdec/antenna/tag/e28068940000500386620d4f, 97
1652704078.066446, sdrt-health/mac:02010b41cdec/antenna/tag/e28068940000500386620d4f, 91
1652704078.067012, sdrt-health/mac:02010b41cdec/antenna/tag/e2806894000040038662114f, 93
1652704078.09449, sdrt-health/mac:02010b41cdec/antenna/tag/e2806894000050038661fd4f, 97
1652704078.155123, sdrt-health/mac:02010b41cdec/antenna/tag/e28068940000400386621d4f, 96
1652704078.155598, sdrt-health/mac:02010b41cdec/antenna/tag/e28068940000400386621d4f, 96
1652704078.172016, sdrt-health/mac:02010b41cdec/antenna/tag/e28068940000500386620d4f, 83
1652704078.182548, sdrt-health/mac:02010b41cdec/antenna/tag/e2806894000050038661fd4f, 97
1652704078.230245, sdrt-health/mac:02010b41cdec/antenna/tag/e28068940000500386620d4f, 83
1652704078.278068, sdrt-health/mac:02010b41cdec/antenna/tag/e2806894000050038661fd4f, 91
1652704078.334327, sdrt-health/mac:02010b41cdec/antenna/tag/e28068940000500386620d4f, 83
1652704078.334563, sdrt-health/mac:02010b41cdec/antenna/tag/e28068940000500386620d4f, 97
1652704078.357455, sdrt-health/mac:02010b41cdec/antenna/tag/e28068940000400386621d4f, 90
1652704078.414948, sdrt-health/mac:02010b41cdec/antenna/tag/e28068940000500386620d4f, 83
1652704078.475519, sdrt-health/mac:02010b41cdec/antenna/tag/e28068940000400386621d4f, 77
1652704078.47607, sdrt-health/mac:02010b41cdec/antenna/tag/e2806894000050038662154f, 93
1652704078.491915, sdrt-health/mac:02010b41cdec/antenna/tag/e2806894000040038662114f, 85
1652704078.492484, sdrt-health/mac:02010b41cdec/antenna/tag/e28068940000400386621d4f, 77
1652704078.518817, sdrt-health/mac:02010b41cdec/antenna/tag/e28068940000400386621d4f, 96
1652704078.551313, sdrt-health/mac:02010b41cdec/antenna/tag/e2806894000050038662194f, 94
1652704078.551586, sdrt-health/mac:02010b41cdec/antenna/tag/e28068940000500386620d4f, 83
1652704078.567392, sdrt-health/mac:02010b41cdec/antenna/tag/e2806894000040038662114f, 88
1652704078.56774, sdrt-health/mac:02010b41cdec/antenna/tag/e2806894000050038661fd4f, 97
1652704078.598877, sdrt-health/mac:02010b41cdec/antenna/tag/e2806894000040038662114f, 88
1652704078.653478, sdrt-health/mac:02010b41cdec/antenna/tag/e2806894000050038662154f, 85
1652704078.654018, sdrt-health/mac:02010b41cdec/antenna/tag/e2806894000050038662154f, 93
1652704078.680882, sdrt-health/mac:02010b41cdec/antenna/tag/e28068940000500386620d4f, 97
1652704078.718794, sdrt-health/mac:02010b41cdec/antenna/tag/e2806894000050038661fd4f, 97
1652704078.760783, sdrt-health/mac:02010b41cdec/antenna/tag/e2806894000050038662154f, 85
1652704078.823954, sdrt-health/mac:02010b41cdec/antenna/tag/e28068940000500386620d4f, 83
1652704078.883857, sdrt-health/mac:02010b41cdec/antenna/tag/e28068940000400386621d4f, 77
1652704078.884325, sdrt-health/mac:02010b41cdec/antenna/tag/e2806894000040038662114f, 85
1652704078.901464, sdrt-health/mac:02010b41cdec/antenna/tag/e28068940000400386621d4f, 96
1652704078.918534, sdrt-health/mac:02010b41cdec/antenna/tag/e2806894000050038661fd4f, 83
1652704078.957992, sdrt-health/mac:02010b41cdec/antenna/tag/e2806894000040038662114f, 85
1652704079.016681, sdrt-health/mac:02010b41cdec/antenna/tag/e2806894000050038661fd4f, 91
1652704079.01718, sdrt-health/mac:02010b41cdec/antenna/tag/e2806894000050038662154f, 88
1652704079.038942, sdrt-health/mac:02010b41cdec/antenna/tag/e2806894000050038662154f, 93
1652704079.072925, sdrt-health/mac:02010b41cdec/antenna/tag/e2806894000040038662214f, 88
1652704079.07339, sdrt-health/mac:02010b41cdec/antenna/tag/e28068940000400386621d4f, 77
1652704079.089347, sdrt-health/mac:02010b41cdec/antenna/tag/e2806894000050038662154f, 87
1652704079.118172, sdrt-health/mac:02010b41cdec/antenna/tag/e2806894000040038662114f, 85
1652704079.159953, sdrt-health/mac:02010b41cdec/antenna/tag/e28068940000500386620d4f, 83
1652704079.199451, sdrt-health/mac:02010b41cdec/antenna/tag/e2806894000050038662154f, 87
1652704079.23887, sdrt-health/mac:02010b41cdec/antenna/tag/e28068940000500386620d4f, 83
1652704079.312256, sdrt-health/mac:02010b41cdec/antenna/tag/e28068940000400386621d4f, 77
1652704079.312698, sdrt-health/mac:02010b41cdec/antenna/tag/e28068940000500386620d4f, 97
1652704079.338144, sdrt-health/mac:02010b41cdec/antenna/tag/e2806894000040038662114f, 93
1652704079.373232, sdrt-health/mac:02010b41cdec/antenna/tag/e28068940000500386620d4f, 83
1652704079.373731, sdrt-health/mac:02010b41cdec/antenna/tag/e2806894000040038662114f, 85
1652704079.388786, sdrt-health/mac:02010b41cdec/antenna/tag/e2806894000040038662114f, 85
1652704079.468432, sdrt-health/mac:02010b41cdec/antenna/tag/e2806894000040038662114f, 85
1652704079.508548, sdrt-health/mac:02010b41cdec/antenna/tag/e2806894000050038662194f, 87
1652704079.557858, sdrt-health/mac:02010b41cdec/antenna/tag/e2806894000040038662114f, 93
1652704079.59845, sdrt-health/mac:02010b41cdec/antenna/tag/e2806894000040038662114f, 93
1652704079.70394, sdrt-health/mac:02010b41cdec/antenna/tag/e2806894000050038662154f, 85
1652704079.951333, sdrt-health/mac:02010b41cdec/antenna/tag/scan, scan stopped
