1652704465.182586, sdrt-health/mac:02010b41cdec/antenna/power/set, {"power": 290}
1652704466.260197, sdrt-health/mac:02010b41cdec/antenna/power/set, 
1652704470.206499, sdrt-health/mac:02010b41cdec/antenna/tag/scan, {"time": 20000}
1652704470.66151, sdrt-health/mac:02010b41cdec/antenna/tag/e2806894000050038662194f, 83
1652704470.707307, sdrt-health/mac:02010b41cdec/antenna/tag/e28068940000400386621d4f, 77
1652704470.771515, sdrt-health/mac:02010b41cdec/antenna/tag/e2806894000040038662114f, 85
1652704470.771933, sdrt-health/mac:02010b41cdec/antenna/tag/e28068940000500386620d4f, 83
1652704470.788034, sdrt-health/mac:02010b41cdec/antenna/tag/e2806894000040038662214f, 94
1652704470.846871, sdrt-health/mac:02010b41cdec/antenna/tag/e2806894000050038662194f, 94
1652704470.89471, sdrt-health/mac:02010b41cdec/antenna/tag/e28068940000500386620d4f, 91
1652704470.936988, sdrt-health/mac:02010b41cdec/antenna/tag/e2806894000040038662214f, 94
1652704470.981155, sdrt-health/mac:02010b41cdec/antenna/tag/e2806894000050038662154f, 85
1652704471.042219, sdrt-health/mac:02010b41cdec/antenna/tag/e2806894000050038661fd4f, 91
1652704471.042724, sdrt-health/mac:02010b41cdec/antenna/tag/e2806894000040038662214f, 88
1652704471.077321, sdrt-health/mac:02010b41cdec/antenna/tag/e2806894000050038661fd4f, 91
1652704471.117861, sdrt-health/mac:02010b41cdec/antenna/tag/e28068940000500386620d4f, 86
1652704471.149681, sdrt-health/mac:02010b41cdec/antenna/tag/e2806894000050038661fd4f, 91
1652704471.15009, sdrt-health/mac:02010b41cdec/antenna/tag/e2806894000050038662194f, 88
1652704471.198215, sdrt-health/mac:02010b41cdec/antenna/tag/e2806894000050038662194f, 82
1652704471.236816, sdrt-health/mac:02010b41cdec/antenna/tag/e2806894000050038662154f, 87
1652704471.31728, sdrt-health/mac:02010b41cdec/antenna/tag/e2806894000050038662194f, 87
1652704471.357763, sdrt-health/mac:02010b41cdec/antenna/tag/e2806894000050038661fd4f, 97
1652704471.395937, sdrt-health/mac:02010b41cdec/antenna/tag/e2806894000050038662194f, 83
1652704471.478249, sdrt-health/mac:02010b41cdec/antenna/tag/e2806894000050038661fd4f, 91
1652704471.517094, sdrt-health/mac:02010b41cdec/antenna/tag/e2806894000050038661fd4f, 97
1652704471.592226, sdrt-health/mac:02010b41cdec/antenna/tag/e2806894000040038662114f, 85
1652704471.592665, sdrt-health/mac:02010b41cdec/antenna/tag/e2806894000040038662114f, 88
1652704471.620859, sdrt-health/mac:02010b41cdec/antenna/tag/e28068940000400386621d4f, 96
1652704471.6667, sdrt-health/mac:02010b41cdec/antenna/tag/e2806894000050038661fd4f, 97
1652704471.746254, sdrt-health/mac:02010b41cdec/antenna/tag/e2806894000050038662154f, 88
1652704471.79676, sdrt-health/mac:02010b41cdec/antenna/tag/e28068940000400386621d4f, 96
1652704471.837311, sdrt-health/mac:02010b41cdec/antenna/tag/e2806894000050038662194f, 81
1652704471.893007, sdrt-health/mac:02010b41cdec/antenna/tag/e2806894000040038662114f, 85
1652704471.893439, sdrt-health/mac:02010b41cdec/antenna/tag/e2806894000040038662114f, 85
1652704471.916164, sdrt-health/mac:02010b41cdec/antenna/tag/e2806894000050038662154f, 93
1652704471.975608, sdrt-health/mac:02010b41cdec/antenna/tag/e28068940000400386621d4f, 77
1652704471.976067, sdrt-health/mac:02010b41cdec/antenna/tag/e2806894000050038662154f, 88
1652704471.997041, sdrt-health/mac:02010b41cdec/antenna/tag/e2806894000040038662114f, 88
1652704472.052871, sdrt-health/mac:02010b41cdec/antenna/tag/e2806894000050038662154f, 85
1652704472.053335, sdrt-health/mac:02010b41cdec/antenna/tag/e2806894000050038661fd4f, 83
1652704472.092304, sdrt-health/mac:02010b41cdec/antenna/tag/e2806894000050038661fd4f, 83
1652704472.13801, sdrt-health/mac:02010b41cdec/antenna/tag/e2806894000050038661fd4f, 97
1652704472.19655, sdrt-health/mac:02010b41cdec/antenna/tag/e2806894000040038662114f, 88
1652704472.197101, sdrt-health/mac:02010b41cdec/antenna/tag/e28068940000400386621d4f, 96
1652704472.213144, sdrt-health/mac:02010b41cdec/antenna/tag/e2806894000040038662114f, 88
1652704472.227308, sdrt-health/mac:02010b41cdec/antenna/tag/e2806894000050038662154f, 93
1652704472.293903, sdrt-health/mac:02010b41cdec/antenna/tag/e2806894000040038662114f, 85
1652704472.294389, sdrt-health/mac:02010b41cdec/antenna/tag/e28068940000400386621d4f, 77
1652704472.310172, sdrt-health/mac:02010b41cdec/antenna/tag/e2806894000050038662194f, 84
1652704472.317384, sdrt-health/mac:02010b41cdec/antenna/tag/e2806894000050038662154f, 93
1652704472.412981, sdrt-health/mac:02010b41cdec/antenna/tag/e2806894000050038661fd4f, 91
1652704472.457478, sdrt-health/mac:02010b41cdec/antenna/tag/e2806894000050038662154f, 85
1652704472.500661, sdrt-health/mac:02010b41cdec/antenna/tag/e2806894000040038662114f, 85
1652704472.556099, sdrt-health/mac:02010b41cdec/antenna/tag/e2806894000050038662194f, 94
1652704472.622349, sdrt-health/mac:02010b41cdec/antenna/tag/e2806894000050038661fd4f, 88
1652704472.622719, sdrt-health/mac:02010b41cdec/antenna/tag/e2806894000050038661fd4f, 91
1652704472.653432, sdrt-health/mac:02010b41cdec/antenna/tag/e28068940000500386620d4f, 97
1652704472.685853, sdrt-health/mac:02010b41cdec/antenna/tag/e2806894000050038661fd4f, 91
1652704472.686322, sdrt-health/mac:02010b41cdec/antenna/tag/e28068940000400386621d4f, 77
1652704472.705453, sdrt-health/mac:02010b41cdec/antenna/tag/e28068940000400386621d4f, 96
1652704472.772233, sdrt-health/mac:02010b41cdec/antenna/tag/e2806894000050038661fd4f, 91
1652704472.772701, sdrt-health/mac:02010b41cdec/antenna/tag/e28068940000500386620d4f, 83
1652704472.796933, sdrt-health/mac:02010b41cdec/antenna/tag/e2806894000050038662154f, 85
1652704472.837249, sdrt-health/mac:02010b41cdec/antenna/tag/e2806894000050038662154f, 93
1652704472.894119, sdrt-health/mac:02010b41cdec/antenna/tag/e2806894000050038662194f, 81
1652704472.894573, sdrt-health/mac:02010b41cdec/antenna/tag/e28068940000400386621d4f, 96
1652704472.916372, sdrt-health/mac:02010b41cdec/antenna/tag/e28068940000500386620d4f, 97
1652704472.918473, sdrt-health/mac:02010b41cdec/antenna/tag/e2806894000050038661fd4f, 97
1652704472.933414, sdrt-health/mac:02010b41cdec/antenna/tag/e2806894000040038662114f, 93
1652704472.95724, sdrt-health/mac:02010b41cdec/antenna/tag/e28068940000500386620d4f, 83
1652704473.025777, sdrt-health/mac:02010b41cdec/antenna/tag/e28068940000400386621d4f, 90
1652704473.026275, sdrt-health/mac:02010b41cdec/antenna/tag/e2806894000050038661fd4f, 83
1652704473.026619, sdrt-health/mac:02010b41cdec/antenna/tag/e2806894000040038662114f, 88
1652704473.052338, sdrt-health/mac:02010b41cdec/antenna/tag/e2806894000050038661fd4f, 97
1652704473.132359, sdrt-health/mac:02010b41cdec/antenna/tag/e28068940000400386621d4f, 96
1652704473.177338, sdrt-health/mac:02010b41cdec/antenna/tag/e2806894000050038661fd4f, 91
1652704473.236152, sdrt-health/mac:02010b41cdec/antenna/tag/e2806894000040038662114f, 88
1652704473.236517, sdrt-health/mac:02010b41cdec/antenna/tag/e28068940000500386620d4f, 83
1652704473.251755, sdrt-health/mac:02010b41cdec/antenna/tag/e2806894000050038662194f, 81
1652704473.266617, sdrt-health/mac:02010b41cdec/antenna/tag/e28068940000500386620d4f, 97
1652704473.317244, sdrt-health/mac:02010b41cdec/antenna/tag/e28068940000500386620d4f, 83
1652704473.371968, sdrt-health/mac:02010b41cdec/antenna/tag/e28068940000400386621d4f, 96
1652704473.372386, sdrt-health/mac:02010b41cdec/antenna/tag/e28068940000500386620d4f, 83
1652704473.372656, sdrt-health/mac:02010b41cdec/antenna/tag/e2806894000050038661fd4f, 91
1652704473.404958, sdrt-health/mac:02010b41cdec/antenna/tag/e2806894000050038662194f, 84
1652704473.477533, sdrt-health/mac:02010b41cdec/antenna/tag/e28068940000400386621d4f, 77
1652704473.478092, sdrt-health/mac:02010b41cdec/antenna/tag/e2806894000050038662154f, 87
1652704473.495271, sdrt-health/mac:02010b41cdec/antenna/tag/e2806894000050038662154f, 85
1652704473.543159, sdrt-health/mac:02010b41cdec/antenna/tag/e28068940000400386621d4f, 96
1652704473.586954, sdrt-health/mac:02010b41cdec/antenna/tag/e2806894000050038661fd4f, 97
1652704473.655484, sdrt-health/mac:02010b41cdec/antenna/tag/e2806894000040038662114f, 85
1652704473.655972, sdrt-health/mac:02010b41cdec/antenna/tag/e28068940000500386620d4f, 83
1652704473.678692, sdrt-health/mac:02010b41cdec/antenna/tag/e28068940000500386620d4f, 83
1652704473.734148, sdrt-health/mac:02010b41cdec/antenna/tag/e2806894000050038661fd4f, 83
1652704473.734828, sdrt-health/mac:02010b41cdec/antenna/tag/e28068940000400386621d4f, 77
1652704473.750652, sdrt-health/mac:02010b41cdec/antenna/tag/e2806894000040038662114f, 85
1652704473.824694, sdrt-health/mac:02010b41cdec/antenna/tag/e2806894000050038662154f, 85
1652704473.893592, sdrt-health/mac:02010b41cdec/antenna/tag/e28068940000500386620d4f, 97
1652704473.894225, sdrt-health/mac:02010b41cdec/antenna/tag/e28068940000500386620d4f, 97
1652704473.909577, sdrt-health/mac:02010b41cdec/antenna/tag/e28068940000400386621d4f, 90
1652704473.949903, sdrt-health/mac:02010b41cdec/antenna/tag/e28068940000500386620d4f, 83
1652704473.984268, sdrt-health/mac:02010b41cdec/antenna/tag/e28068940000400386621d4f, 96
1652704473.984798, sdrt-health/mac:02010b41cdec/antenna/tag/e28068940000400386621d4f, 96
1652704473.985194, sdrt-health/mac:02010b41cdec/antenna/tag/e2806894000050038662154f, 85
1652704474.020669, sdrt-health/mac:02010b41cdec/antenna/tag/e28068940000500386620d4f, 83
1652704474.083215, sdrt-health/mac:02010b41cdec/antenna/tag/e2806894000050038662154f, 88
1652704474.083713, sdrt-health/mac:02010b41cdec/antenna/tag/e2806894000050038662154f, 88
1652704474.098988, sdrt-health/mac:02010b41cdec/antenna/tag/e28068940000400386621d4f, 96
1652704474.195941, sdrt-health/mac:02010b41cdec/antenna/tag/e2806894000040038662114f, 85
1652704474.196405, sdrt-health/mac:02010b41cdec/antenna/tag/e28068940000400386621d4f, 96
1652704474.261067, sdrt-health/mac:02010b41cdec/antenna/tag/e2806894000050038662154f, 85
1652704474.291947, sdrt-health/mac:02010b41cdec/antenna/tag/e2806894000040038662114f, 85
1652704474.292241, sdrt-health/mac:02010b41cdec/antenna/tag/e28068940000400386621d4f, 90
1652704474.307063, sdrt-health/mac:02010b41cdec/antenna/tag/e28068940000400386621d4f, 77
1652704474.307354, sdrt-health/mac:02010b41cdec/antenna/tag/e2806894000040038662214f, 94
1652704474.356828, sdrt-health/mac:02010b41cdec/antenna/tag/e2806894000050038661fd4f, 91
1652704474.41351, sdrt-health/mac:02010b41cdec/antenna/tag/e2806894000050038661fd4f, 91
1652704474.413965, sdrt-health/mac:02010b41cdec/antenna/tag/e2806894000050038661fd4f, 91
1652704474.429666, sdrt-health/mac:02010b41cdec/antenna/tag/e2806894000050038662154f, 93
1652704474.435978, sdrt-health/mac:02010b41cdec/antenna/tag/e2806894000050038662154f, 88
1652704474.476432, sdrt-health/mac:02010b41cdec/antenna/tag/e28068940000400386621d4f, 96
1652704474.516708, sdrt-health/mac:02010b41cdec/antenna/tag/e2806894000050038661fd4f, 91
1652704474.588732, sdrt-health/mac:02010b41cdec/antenna/tag/e28068940000400386621d4f, 96
1652704474.589237, sdrt-health/mac:02010b41cdec/antenna/tag/e28068940000400386621d4f, 96
1652704474.733082, sdrt-health/mac:02010b41cdec/antenna/tag/e2806894000040038662114f, 88
1652704474.777476, sdrt-health/mac:02010b41cdec/antenna/tag/e2806894000040038662114f, 88
1652704474.83737, sdrt-health/mac:02010b41cdec/antenna/tag/e2806894000050038662154f, 93
1652704474.878113, sdrt-health/mac:02010b41cdec/antenna/tag/e2806894000050038661fd4f, 91
1652704474.933977, sdrt-health/mac:02010b41cdec/antenna/tag/e2806894000040038662114f, 85
1652704474.934489, sdrt-health/mac:02010b41cdec/antenna/tag/e2806894000050038662154f, 87
1652704474.95689, sdrt-health/mac:02010b41cdec/antenna/tag/e2806894000050038661fd4f, 97
1652704474.996773, sdrt-health/mac:02010b41cdec/antenna/tag/e28068940000400386621d4f, 96
1652704475.028583, sdrt-health/mac:02010b41cdec/antenna/tag/e2806894000050038662154f, 88
1652704475.028911, sdrt-health/mac:02010b41cdec/antenna/tag/e2806894000050038662154f, 88
1652704475.044749, sdrt-health/mac:02010b41cdec/antenna/tag/e28068940000500386620d4f, 97
1652704475.07736, sdrt-health/mac:02010b41cdec/antenna/tag/e28068940000500386620d4f, 91
1652704475.116367, sdrt-health/mac:02010b41cdec/antenna/tag/e2806894000040038662114f, 85
1652704475.164472, sdrt-health/mac:02010b41cdec/antenna/tag/e2806894000040038662114f, 85
1652704475.195801, sdrt-health/mac:02010b41cdec/antenna/tag/e28068940000500386620d4f, 97
1652704475.195974, sdrt-health/mac:02010b41cdec/antenna/tag/e2806894000050038661fd4f, 83
1652704475.220281, sdrt-health/mac:02010b41cdec/antenna/tag/e2806894000050038662154f, 85
1652704475.267256, sdrt-health/mac:02010b41cdec/antenna/tag/e2806894000040038662214f, 81
1652704475.390536, sdrt-health/mac:02010b41cdec/antenna/tag/e2806894000040038662114f, 88
1652704475.390989, sdrt-health/mac:02010b41cdec/antenna/tag/e28068940000500386620d4f, 91
1652704475.438047, sdrt-health/mac:02010b41cdec/antenna/tag/e2806894000050038661fd4f, 97
1652704475.470448, sdrt-health/mac:02010b41cdec/antenna/tag/e28068940000400386621d4f, 96
1652704475.470868, sdrt-health/mac:02010b41cdec/antenna/tag/e2806894000050038661fd4f, 97
1652704475.485767, sdrt-health/mac:02010b41cdec/antenna/tag/e2806894000050038661fd4f, 97
1652704475.486146, sdrt-health/mac:02010b41cdec/antenna/tag/e28068940000400386621d4f, 96
1652704475.517197, sdrt-health/mac:02010b41cdec/antenna/tag/e28068940000400386621d4f, 96
1652704475.628559, sdrt-health/mac:02010b41cdec/antenna/tag/e2806894000050038662154f, 85
1652704475.629034, sdrt-health/mac:02010b41cdec/antenna/tag/e28068940000500386620d4f, 97
1652704475.694002, sdrt-health/mac:02010b41cdec/antenna/tag/e2806894000050038662154f, 88
1652704475.72781, sdrt-health/mac:02010b41cdec/antenna/tag/e2806894000040038662114f, 85
1652704475.728224, sdrt-health/mac:02010b41cdec/antenna/tag/e2806894000050038661fd4f, 83
1652704475.744893, sdrt-health/mac:02010b41cdec/antenna/tag/e2806894000050038661fd4f, 97
1652704475.780941, sdrt-health/mac:02010b41cdec/antenna/tag/e28068940000400386621d4f, 77
1652704475.87165, sdrt-health/mac:02010b41cdec/antenna/tag/e28068940000500386620d4f, 83
1652704475.871907, sdrt-health/mac:02010b41cdec/antenna/tag/e2806894000040038662114f, 85
1652704475.896581, sdrt-health/mac:02010b41cdec/antenna/tag/e28068940000500386620d4f, 83
1652704475.940942, sdrt-health/mac:02010b41cdec/antenna/tag/e2806894000040038662114f, 85
1652704476.004489, sdrt-health/mac:02010b41cdec/antenna/tag/e28068940000500386620d4f, 83
1652704476.005023, sdrt-health/mac:02010b41cdec/antenna/tag/e2806894000050038661fd4f, 91
1652704476.020923, sdrt-health/mac:02010b41cdec/antenna/tag/e2806894000050038661fd4f, 97
1652704476.036246, sdrt-health/mac:02010b41cdec/antenna/tag/e2806894000050038662154f, 88
1652704476.07042, sdrt-health/mac:02010b41cdec/antenna/tag/e2806894000050038661fd4f, 97
1652704476.070751, sdrt-health/mac:02010b41cdec/antenna/tag/e2806894000040038662114f, 88
1652704476.086331, sdrt-health/mac:02010b41cdec/antenna/tag/e2806894000050038662154f, 85
1652704476.146768, sdrt-health/mac:02010b41cdec/antenna/tag/e2806894000050038662154f, 93
1652704476.196571, sdrt-health/mac:02010b41cdec/antenna/tag/e28068940000400386621d4f, 77
1652704476.252893, sdrt-health/mac:02010b41cdec/antenna/tag/e28068940000500386620d4f, 83
1652704476.253332, sdrt-health/mac:02010b41cdec/antenna/tag/e2806894000050038661fd4f, 88
1652704476.276536, sdrt-health/mac:02010b41cdec/antenna/tag/e28068940000400386621d4f, 77
1652704476.332094, sdrt-health/mac:02010b41cdec/antenna/tag/e2806894000040038662114f, 85
1652704476.332488, sdrt-health/mac:02010b41cdec/antenna/tag/e2806894000040038662214f, 88
1652704476.356633, sdrt-health/mac:02010b41cdec/antenna/tag/e2806894000040038662214f, 88
1652704476.412911, sdrt-health/mac:02010b41cdec/antenna/tag/e28068940000400386621d4f, 77
1652704476.413283, sdrt-health/mac:02010b41cdec/antenna/tag/e2806894000040038662114f, 85
1652704476.428606, sdrt-health/mac:02010b41cdec/antenna/tag/e2806894000050038661fd4f, 97
1652704476.43708, sdrt-health/mac:02010b41cdec/antenna/tag/e28068940000400386621d4f, 77
1652704476.477073, sdrt-health/mac:02010b41cdec/antenna/tag/e2806894000050038661fd4f, 97
1652704476.552615, sdrt-health/mac:02010b41cdec/antenna/tag/e28068940000400386621d4f, 96
1652704476.553067, sdrt-health/mac:02010b41cdec/antenna/tag/e28068940000500386620d4f, 83
1652704476.568614, sdrt-health/mac:02010b41cdec/antenna/tag/e2806894000050038662154f, 88
1652704476.580255, sdrt-health/mac:02010b41cdec/antenna/tag/e2806894000040038662114f, 85
1652704476.584245, sdrt-health/mac:02010b41cdec/antenna/tag/e28068940000500386620d4f, 97
1652704476.626614, sdrt-health/mac:02010b41cdec/antenna/tag/e28068940000500386620d4f, 97
1652704476.68462, sdrt-health/mac:02010b41cdec/antenna/tag/e2806894000040038662114f, 88
1652704476.733116, sdrt-health/mac:02010b41cdec/antenna/tag/e2806894000050038661fd4f, 97
1652704476.835476, sdrt-health/mac:02010b41cdec/antenna/tag/e28068940000500386620d4f, 83
1652704476.835967, sdrt-health/mac:02010b41cdec/antenna/tag/e28068940000400386621d4f, 77
1652704476.907814, sdrt-health/mac:02010b41cdec/antenna/tag/e28068940000400386621d4f, 96
1652704476.956972, sdrt-health/mac:02010b41cdec/antenna/tag/e28068940000400386621d4f, 96
1652704477.053482, sdrt-health/mac:02010b41cdec/antenna/tag/e2806894000050038661fd4f, 97
1652704477.132555, sdrt-health/mac:02010b41cdec/antenna/tag/e2806894000050038661fd4f, 91
1652704477.169846, sdrt-health/mac:02010b41cdec/antenna/tag/e28068940000400386621d4f, 96
1652704477.170048, sdrt-health/mac:02010b41cdec/antenna/tag/e2806894000050038661fd4f, 91
1652704477.189308, sdrt-health/mac:02010b41cdec/antenna/tag/e2806894000050038662154f, 85
1652704477.189519, sdrt-health/mac:02010b41cdec/antenna/tag/e28068940000400386621d4f, 77
1652704477.223814, sdrt-health/mac:02010b41cdec/antenna/tag/e2806894000050038661fd4f, 91
1652704477.282059, sdrt-health/mac:02010b41cdec/antenna/tag/e28068940000500386620d4f, 83
1652704477.282644, sdrt-health/mac:02010b41cdec/antenna/tag/e28068940000400386621d4f, 77
1652704477.337548, sdrt-health/mac:02010b41cdec/antenna/tag/e2806894000050038662154f, 85
1652704477.396128, sdrt-health/mac:02010b41cdec/antenna/tag/e2806894000040038662114f, 85
1652704477.45444, sdrt-health/mac:02010b41cdec/antenna/tag/e2806894000050038662154f, 85
1652704477.454876, sdrt-health/mac:02010b41cdec/antenna/tag/e2806894000050038661fd4f, 91
1652704477.469624, sdrt-health/mac:02010b41cdec/antenna/tag/e2806894000050038662154f, 93
1652704477.47628, sdrt-health/mac:02010b41cdec/antenna/tag/e2806894000050038662154f, 93
1652704477.485552, sdrt-health/mac:02010b41cdec/antenna/tag/e2806894000050038661fd4f, 91
1652704477.516357, sdrt-health/mac:02010b41cdec/antenna/tag/e2806894000040038662214f, 94
1652704477.573439, sdrt-health/mac:02010b41cdec/antenna/tag/e2806894000050038662154f, 87
1652704477.573883, sdrt-health/mac:02010b41cdec/antenna/tag/e2806894000050038662154f, 87
1652704477.597292, sdrt-health/mac:02010b41cdec/antenna/tag/e28068940000400386621d4f, 77
1652704477.653084, sdrt-health/mac:02010b41cdec/antenna/tag/e2806894000050038662194f, 84
1652704477.653405, sdrt-health/mac:02010b41cdec/antenna/tag/e28068940000400386621d4f, 77
1652704477.669292, sdrt-health/mac:02010b41cdec/antenna/tag/e2806894000050038662194f, 81
1652704477.676476, sdrt-health/mac:02010b41cdec/antenna/tag/e2806894000050038662194f, 84
1652704477.716298, sdrt-health/mac:02010b41cdec/antenna/tag/e2806894000050038662154f, 85
1652704477.756144, sdrt-health/mac:02010b41cdec/antenna/tag/e2806894000050038662194f, 84
1652704477.814272, sdrt-health/mac:02010b41cdec/antenna/tag/e2806894000050038661fd4f, 91
1652704477.814737, sdrt-health/mac:02010b41cdec/antenna/tag/e2806894000050038662194f, 84
1652704477.836811, sdrt-health/mac:02010b41cdec/antenna/tag/e28068940000500386620d4f, 97
1652704477.876761, sdrt-health/mac:02010b41cdec/antenna/tag/e2806894000050038662194f, 83
1652704477.916929, sdrt-health/mac:02010b41cdec/antenna/tag/e2806894000050038662154f, 87
1652704477.991886, sdrt-health/mac:02010b41cdec/antenna/tag/e2806894000050038661fd4f, 91
1652704477.992119, sdrt-health/mac:02010b41cdec/antenna/tag/e2806894000050038662194f, 94
1652704478.020307, sdrt-health/mac:02010b41cdec/antenna/tag/e28068940000500386620d4f, 83
1652704478.077271, sdrt-health/mac:02010b41cdec/antenna/tag/e2806894000040038662114f, 88
1652704478.116208, sdrt-health/mac:02010b41cdec/antenna/tag/e28068940000500386620d4f, 97
1652704478.170382, sdrt-health/mac:02010b41cdec/antenna/tag/e2806894000050038661fd4f, 97
1652704478.170583, sdrt-health/mac:02010b41cdec/antenna/tag/e2806894000050038662154f, 85
1652704478.18619, sdrt-health/mac:02010b41cdec/antenna/tag/e2806894000050038662154f, 85
1652704478.217061, sdrt-health/mac:02010b41cdec/antenna/tag/e28068940000400386621d4f, 96
1652704478.217252, sdrt-health/mac:02010b41cdec/antenna/tag/e2806894000050038661fd4f, 97
1652704478.217369, sdrt-health/mac:02010b41cdec/antenna/tag/e28068940000400386621d4f, 77
1652704478.237263, sdrt-health/mac:02010b41cdec/antenna/tag/e2806894000040038662114f, 88
1652704478.267665, sdrt-health/mac:02010b41cdec/antenna/tag/e2806894000050038662154f, 85
1652704478.268015, sdrt-health/mac:02010b41cdec/antenna/tag/e2806894000040038662114f, 88
1652704478.282501, sdrt-health/mac:02010b41cdec/antenna/tag/e28068940000500386620d4f, 83
1652704478.31646, sdrt-health/mac:02010b41cdec/antenna/tag/e2806894000050038661fd4f, 97
1652704478.359491, sdrt-health/mac:02010b41cdec/antenna/tag/e2806894000040038662114f, 85
1652704478.39751, sdrt-health/mac:02010b41cdec/antenna/tag/e2806894000050038662154f, 87
1652704478.437211, sdrt-health/mac:02010b41cdec/antenna/tag/e2806894000050038661fd4f, 97
1652704478.478584, sdrt-health/mac:02010b41cdec/antenna/tag/e28068940000500386620d4f, 83
1652704478.532449, sdrt-health/mac:02010b41cdec/antenna/tag/e2806894000050038661fd4f, 97
1652704478.532699, sdrt-health/mac:02010b41cdec/antenna/tag/e2806894000040038662114f, 88
1652704478.574672, sdrt-health/mac:02010b41cdec/antenna/tag/e2806894000040038662114f, 88
1652704478.634744, sdrt-health/mac:02010b41cdec/antenna/tag/e2806894000050038662154f, 88
1652704478.635252, sdrt-health/mac:02010b41cdec/antenna/tag/e2806894000050038662154f, 85
1652704478.660658, sdrt-health/mac:02010b41cdec/antenna/tag/e28068940000500386620d4f, 83
1652704478.693593, sdrt-health/mac:02010b41cdec/antenna/tag/e2806894000050038661fd4f, 91
1652704478.693895, sdrt-health/mac:02010b41cdec/antenna/tag/e28068940000400386621d4f, 96
1652704478.710365, sdrt-health/mac:02010b41cdec/antenna/tag/e28068940000500386620d4f, 83
1652704478.758731, sdrt-health/mac:02010b41cdec/antenna/tag/e2806894000050038661fd4f, 91
1652704478.814524, sdrt-health/mac:02010b41cdec/antenna/tag/e28068940000400386621d4f, 77
1652704478.814824, sdrt-health/mac:02010b41cdec/antenna/tag/e2806894000050038662154f, 85
1652704478.83049, sdrt-health/mac:02010b41cdec/antenna/tag/e28068940000500386620d4f, 83
1652704478.837303, sdrt-health/mac:02010b41cdec/antenna/tag/e2806894000050038661fd4f, 91
1652704478.877209, sdrt-health/mac:02010b41cdec/antenna/tag/e2806894000050038662154f, 85
1652704478.917444, sdrt-health/mac:02010b41cdec/antenna/tag/e2806894000050038661fd4f, 91
1652704478.958194, sdrt-health/mac:02010b41cdec/antenna/tag/e2806894000050038661fd4f, 91
1652704479.01356, sdrt-health/mac:02010b41cdec/antenna/tag/e28068940000400386621d4f, 77
1652704479.04575, sdrt-health/mac:02010b41cdec/antenna/tag/e28068940000500386620d4f, 83
1652704479.045985, sdrt-health/mac:02010b41cdec/antenna/tag/e2806894000050038661fd4f, 88
1652704479.068269, sdrt-health/mac:02010b41cdec/antenna/tag/e2806894000050038662154f, 93
1652704479.163072, sdrt-health/mac:02010b41cdec/antenna/tag/e2806894000040038662114f, 85
1652704479.163392, sdrt-health/mac:02010b41cdec/antenna/tag/e28068940000500386620d4f, 83
1652704479.187043, sdrt-health/mac:02010b41cdec/antenna/tag/e2806894000040038662114f, 93
1652704479.221045, sdrt-health/mac:02010b41cdec/antenna/tag/e28068940000500386620d4f, 97
1652704479.221342, sdrt-health/mac:02010b41cdec/antenna/tag/e2806894000050038661fd4f, 97
1652704479.237264, sdrt-health/mac:02010b41cdec/antenna/tag/e28068940000400386621d4f, 90
1652704479.277254, sdrt-health/mac:02010b41cdec/antenna/tag/e28068940000400386621d4f, 77
1652704479.310775, sdrt-health/mac:02010b41cdec/antenna/tag/e28068940000500386620d4f, 83
1652704479.311214, sdrt-health/mac:02010b41cdec/antenna/tag/e2806894000050038662154f, 85
1652704479.311555, sdrt-health/mac:02010b41cdec/antenna/tag/e2806894000040038662114f, 85
1652704479.325599, sdrt-health/mac:02010b41cdec/antenna/tag/e2806894000050038662194f, 94
1652704479.382157, sdrt-health/mac:02010b41cdec/antenna/tag/e2806894000040038662114f, 85
1652704479.417335, sdrt-health/mac:02010b41cdec/antenna/tag/e28068940000400386621d4f, 96
1652704479.461984, sdrt-health/mac:02010b41cdec/antenna/tag/e28068940000400386621d4f, 96
1652704479.507389, sdrt-health/mac:02010b41cdec/antenna/tag/e28068940000500386620d4f, 83
1652704479.574914, sdrt-health/mac:02010b41cdec/antenna/tag/e2806894000040038662114f, 85
1652704479.5755, sdrt-health/mac:02010b41cdec/antenna/tag/e2806894000050038661fd4f, 91
1652704479.591335, sdrt-health/mac:02010b41cdec/antenna/tag/e2806894000040038662114f, 91
1652704479.651898, sdrt-health/mac:02010b41cdec/antenna/tag/e2806894000050038661fd4f, 97
1652704479.652446, sdrt-health/mac:02010b41cdec/antenna/tag/e28068940000400386621d4f, 96
1652704479.677587, sdrt-health/mac:02010b41cdec/antenna/tag/e2806894000050038662194f, 81
1652704479.717093, sdrt-health/mac:02010b41cdec/antenna/tag/e2806894000050038661fd4f, 97
1652704479.748768, sdrt-health/mac:02010b41cdec/antenna/tag/e2806894000050038661fd4f, 83
1652704479.749276, sdrt-health/mac:02010b41cdec/antenna/tag/e2806894000040038662114f, 88
1652704479.786997, sdrt-health/mac:02010b41cdec/antenna/tag/e2806894000050038661fd4f, 97
1652704479.836926, sdrt-health/mac:02010b41cdec/antenna/tag/e28068940000400386621d4f, 77
1652704479.892793, sdrt-health/mac:02010b41cdec/antenna/tag/e2806894000040038662114f, 85
1652704479.893307, sdrt-health/mac:02010b41cdec/antenna/tag/e28068940000400386621d4f, 96
1652704479.916797, sdrt-health/mac:02010b41cdec/antenna/tag/e28068940000400386621d4f, 77
1652704479.948404, sdrt-health/mac:02010b41cdec/antenna/tag/e2806894000050038662194f, 84
1652704479.948859, sdrt-health/mac:02010b41cdec/antenna/tag/e2806894000050038661fd4f, 97
1652704479.96342, sdrt-health/mac:02010b41cdec/antenna/tag/e28068940000500386620d4f, 83
1652704479.96371, sdrt-health/mac:02010b41cdec/antenna/tag/e2806894000050038662154f, 88
1652704480.012257, sdrt-health/mac:02010b41cdec/antenna/tag/e2806894000050038661fd4f, 91
1652704480.084367, sdrt-health/mac:02010b41cdec/antenna/tag/e2806894000050038662194f, 94
1652704480.084688, sdrt-health/mac:02010b41cdec/antenna/tag/e2806894000050038661fd4f, 97
1652704480.10034, sdrt-health/mac:02010b41cdec/antenna/tag/e28068940000500386620d4f, 97
1652704480.116729, sdrt-health/mac:02010b41cdec/antenna/tag/e2806894000050038661fd4f, 97
1652704480.172935, sdrt-health/mac:02010b41cdec/antenna/tag/e2806894000040038662114f, 88
1652704480.217056, sdrt-health/mac:02010b41cdec/antenna/tag/e28068940000500386620d4f, 83
1652704480.292833, sdrt-health/mac:02010b41cdec/antenna/tag/e2806894000040038662114f, 85
1652704480.293371, sdrt-health/mac:02010b41cdec/antenna/tag/e28068940000500386620d4f, 83
1652704480.31647, sdrt-health/mac:02010b41cdec/antenna/tag/e2806894000050038661fd4f, 97
1652704480.370842, sdrt-health/mac:02010b41cdec/antenna/tag/e2806894000040038662114f, 93
1652704480.371276, sdrt-health/mac:02010b41cdec/antenna/tag/e2806894000050038662154f, 88
1652704480.387161, sdrt-health/mac:02010b41cdec/antenna/tag/e2806894000050038661fd4f, 97
1652704480.413062, sdrt-health/mac:02010b41cdec/antenna/tag/e28068940000400386621d4f, 96
1652704480.472886, sdrt-health/mac:02010b41cdec/antenna/tag/e28068940000400386621d4f, 96
1652704480.473357, sdrt-health/mac:02010b41cdec/antenna/tag/e2806894000050038662154f, 88
1652704480.48895, sdrt-health/mac:02010b41cdec/antenna/tag/e2806894000040038662114f, 85
1652704480.489269, sdrt-health/mac:02010b41cdec/antenna/tag/e28068940000400386621d4f, 96
1652704480.500344, sdrt-health/mac:02010b41cdec/antenna/tag/e28068940000400386621d4f, 96
1652704480.505849, sdrt-health/mac:02010b41cdec/antenna/tag/e2806894000050038662154f, 88
1652704480.548765, sdrt-health/mac:02010b41cdec/antenna/tag/e2806894000050038662154f, 91
1652704480.59655, sdrt-health/mac:02010b41cdec/antenna/tag/e28068940000500386620d4f, 83
1652704480.637031, sdrt-health/mac:02010b41cdec/antenna/tag/e2806894000050038662154f, 88
1652704480.701837, sdrt-health/mac:02010b41cdec/antenna/tag/e28068940000500386620d4f, 83
1652704480.702425, sdrt-health/mac:02010b41cdec/antenna/tag/e28068940000500386620d4f, 83
1652704480.743627, sdrt-health/mac:02010b41cdec/antenna/tag/e2806894000040038662114f, 93
1652704480.787962, sdrt-health/mac:02010b41cdec/antenna/tag/e2806894000050038661fd4f, 91
1652704480.837152, sdrt-health/mac:02010b41cdec/antenna/tag/e2806894000040038662214f, 81
1652704480.870085, sdrt-health/mac:02010b41cdec/antenna/tag/e28068940000400386621d4f, 77
1652704480.870471, sdrt-health/mac:02010b41cdec/antenna/tag/e2806894000050038662154f, 87
1652704480.870748, sdrt-health/mac:02010b41cdec/antenna/tag/e2806894000040038662214f, 88
1652704480.885829, sdrt-health/mac:02010b41cdec/antenna/tag/e28068940000500386620d4f, 91
1652704480.917459, sdrt-health/mac:02010b41cdec/antenna/tag/e2806894000040038662214f, 81
1652704480.956196, sdrt-health/mac:02010b41cdec/antenna/tag/e2806894000050038661fd4f, 91
1652704480.997683, sdrt-health/mac:02010b41cdec/antenna/tag/e2806894000040038662114f, 93
1652704481.071115, sdrt-health/mac:02010b41cdec/antenna/tag/e2806894000050038662154f, 85
1652704481.071569, sdrt-health/mac:02010b41cdec/antenna/tag/e28068940000400386621d4f, 96
1652704481.087122, sdrt-health/mac:02010b41cdec/antenna/tag/e28068940000500386620d4f, 83
1652704481.096519, sdrt-health/mac:02010b41cdec/antenna/tag/e2806894000050038662194f, 84
1652704481.104033, sdrt-health/mac:02010b41cdec/antenna/tag/e28068940000400386621d4f, 96
1652704481.104234, sdrt-health/mac:02010b41cdec/antenna/tag/e2806894000050038661fd4f, 83
1652704481.141531, sdrt-health/mac:02010b41cdec/antenna/tag/e2806894000040038662114f, 88
1652704481.197148, sdrt-health/mac:02010b41cdec/antenna/tag/e2806894000050038662194f, 83
1652704481.237332, sdrt-health/mac:02010b41cdec/antenna/tag/e2806894000050038661fd4f, 97
1652704481.293599, sdrt-health/mac:02010b41cdec/antenna/tag/e2806894000050038662154f, 85
1652704481.294065, sdrt-health/mac:02010b41cdec/antenna/tag/e2806894000050038661fd4f, 83
1652704481.346791, sdrt-health/mac:02010b41cdec/antenna/tag/e2806894000050038661fd4f, 97
1652704481.398118, sdrt-health/mac:02010b41cdec/antenna/tag/e2806894000040038662214f, 94
1652704481.438561, sdrt-health/mac:02010b41cdec/antenna/tag/e2806894000050038662154f, 93
1652704481.477788, sdrt-health/mac:02010b41cdec/antenna/tag/e28068940000400386621d4f, 96
1652704481.517725, sdrt-health/mac:02010b41cdec/antenna/tag/e2806894000050038662154f, 88
1652704481.558444, sdrt-health/mac:02010b41cdec/antenna/tag/e2806894000050038661fd4f, 97
1652704481.596704, sdrt-health/mac:02010b41cdec/antenna/tag/e2806894000050038661fd4f, 83
1652704481.672736, sdrt-health/mac:02010b41cdec/antenna/tag/e2806894000050038662154f, 85
1652704481.673194, sdrt-health/mac:02010b41cdec/antenna/tag/e2806894000050038662154f, 88
1652704481.700684, sdrt-health/mac:02010b41cdec/antenna/tag/e2806894000050038662154f, 93
1652704481.74756, sdrt-health/mac:02010b41cdec/antenna/tag/e28068940000500386620d4f, 83
1652704481.812661, sdrt-health/mac:02010b41cdec/antenna/tag/e2806894000050038662154f, 93
1652704481.813137, sdrt-health/mac:02010b41cdec/antenna/tag/e28068940000500386620d4f, 83
1652704481.854015, sdrt-health/mac:02010b41cdec/antenna/tag/e2806894000050038661fd4f, 97
1652704481.896665, sdrt-health/mac:02010b41cdec/antenna/tag/e2806894000050038662154f, 88
1652704481.959669, sdrt-health/mac:02010b41cdec/antenna/tag/e28068940000500386620d4f, 97
1652704481.960261, sdrt-health/mac:02010b41cdec/antenna/tag/e2806894000050038661fd4f, 83
1652704481.976196, sdrt-health/mac:02010b41cdec/antenna/tag/e28068940000400386621d4f, 96
1652704481.976617, sdrt-health/mac:02010b41cdec/antenna/tag/e28068940000400386621d4f, 96
1652704481.986916, sdrt-health/mac:02010b41cdec/antenna/tag/e28068940000400386621d4f, 77
1652704481.993761, sdrt-health/mac:02010b41cdec/antenna/tag/e28068940000400386621d4f, 96
1652704482.03851, sdrt-health/mac:02010b41cdec/antenna/tag/e2806894000050038661fd4f, 97
1652704482.107806, sdrt-health/mac:02010b41cdec/antenna/tag/e2806894000040038662114f, 85
1652704482.108039, sdrt-health/mac:02010b41cdec/antenna/tag/e28068940000400386621d4f, 96
1652704482.108257, sdrt-health/mac:02010b41cdec/antenna/tag/e28068940000400386621d4f, 96
1652704482.148429, sdrt-health/mac:02010b41cdec/antenna/tag/e28068940000400386621d4f, 96
1652704482.212105, sdrt-health/mac:02010b41cdec/antenna/tag/e2806894000040038662114f, 85
1652704482.212551, sdrt-health/mac:02010b41cdec/antenna/tag/e2806894000050038661fd4f, 83
1652704482.228564, sdrt-health/mac:02010b41cdec/antenna/tag/e2806894000040038662114f, 85
1652704482.260756, sdrt-health/mac:02010b41cdec/antenna/tag/e28068940000500386620d4f, 83
1652704482.260974, sdrt-health/mac:02010b41cdec/antenna/tag/e2806894000050038662194f, 84
1652704482.286645, sdrt-health/mac:02010b41cdec/antenna/tag/e2806894000050038661fd4f, 91
1652704482.368654, sdrt-health/mac:02010b41cdec/antenna/tag/e28068940000500386620d4f, 97
1652704482.421594, sdrt-health/mac:02010b41cdec/antenna/tag/e28068940000400386621d4f, 96
1652704482.466696, sdrt-health/mac:02010b41cdec/antenna/tag/e2806894000040038662114f, 85
1652704482.517751, sdrt-health/mac:02010b41cdec/antenna/tag/e28068940000400386621d4f, 96
1652704482.573973, sdrt-health/mac:02010b41cdec/antenna/tag/e2806894000050038662154f, 85
1652704482.574443, sdrt-health/mac:02010b41cdec/antenna/tag/e2806894000050038662154f, 85
1652704482.59134, sdrt-health/mac:02010b41cdec/antenna/tag/e2806894000050038661fd4f, 97
1652704482.598005, sdrt-health/mac:02010b41cdec/antenna/tag/e2806894000040038662114f, 88
1652704482.637231, sdrt-health/mac:02010b41cdec/antenna/tag/e28068940000400386621d4f, 77
1652704482.67682, sdrt-health/mac:02010b41cdec/antenna/tag/e2806894000050038661fd4f, 91
1652704482.708835, sdrt-health/mac:02010b41cdec/antenna/tag/e2806894000050038662154f, 93
1652704482.709156, sdrt-health/mac:02010b41cdec/antenna/tag/e28068940000500386620d4f, 83
1652704482.725342, sdrt-health/mac:02010b41cdec/antenna/tag/e2806894000050038661fd4f, 88
1652704482.756709, sdrt-health/mac:02010b41cdec/antenna/tag/e2806894000050038661fd4f, 91
1652704482.796396, sdrt-health/mac:02010b41cdec/antenna/tag/e2806894000050038662154f, 87
1652704482.837621, sdrt-health/mac:02010b41cdec/antenna/tag/e2806894000040038662114f, 85
1652704482.893625, sdrt-health/mac:02010b41cdec/antenna/tag/e2806894000040038662214f, 88
1652704482.894117, sdrt-health/mac:02010b41cdec/antenna/tag/e28068940000500386620d4f, 97
1652704482.916919, sdrt-health/mac:02010b41cdec/antenna/tag/e28068940000400386621d4f, 77
1652704482.956751, sdrt-health/mac:02010b41cdec/antenna/tag/e28068940000500386620d4f, 97
1652704482.989556, sdrt-health/mac:02010b41cdec/antenna/tag/e2806894000040038662114f, 85
1652704482.989751, sdrt-health/mac:02010b41cdec/antenna/tag/e2806894000040038662114f, 93
1652704483.006659, sdrt-health/mac:02010b41cdec/antenna/tag/e28068940000400386621d4f, 90
1652704483.053546, sdrt-health/mac:02010b41cdec/antenna/tag/e2806894000040038662114f, 85
1652704483.083715, sdrt-health/mac:02010b41cdec/antenna/tag/e28068940000400386621d4f, 96
1652704483.083933, sdrt-health/mac:02010b41cdec/antenna/tag/e2806894000050038661fd4f, 83
1652704483.099159, sdrt-health/mac:02010b41cdec/antenna/tag/e2806894000040038662114f, 85
1652704483.099378, sdrt-health/mac:02010b41cdec/antenna/tag/e2806894000040038662114f, 85
1652704483.145968, sdrt-health/mac:02010b41cdec/antenna/tag/e2806894000040038662114f, 88
1652704483.187514, sdrt-health/mac:02010b41cdec/antenna/tag/e2806894000040038662114f, 91
1652704483.252743, sdrt-health/mac:02010b41cdec/antenna/tag/e2806894000040038662114f, 85
1652704483.253191, sdrt-health/mac:02010b41cdec/antenna/tag/e2806894000050038661fd4f, 97
1652704483.269603, sdrt-health/mac:02010b41cdec/antenna/tag/e2806894000050038662154f, 85
1652704483.301242, sdrt-health/mac:02010b41cdec/antenna/tag/e28068940000500386620d4f, 83
1652704483.30151, sdrt-health/mac:02010b41cdec/antenna/tag/e28068940000500386620d4f, 83
1652704483.317008, sdrt-health/mac:02010b41cdec/antenna/tag/e28068940000500386620d4f, 83
1652704483.317278, sdrt-health/mac:02010b41cdec/antenna/tag/e2806894000050038661fd4f, 91
1652704483.35633, sdrt-health/mac:02010b41cdec/antenna/tag/e28068940000500386620d4f, 83
1652704483.387493, sdrt-health/mac:02010b41cdec/antenna/tag/e2806894000050038662154f, 87
1652704483.387716, sdrt-health/mac:02010b41cdec/antenna/tag/e2806894000050038662194f, 81
1652704483.40418, sdrt-health/mac:02010b41cdec/antenna/tag/e2806894000050038662194f, 81
1652704483.452743, sdrt-health/mac:02010b41cdec/antenna/tag/e28068940000400386621d4f, 77
1652704483.521888, sdrt-health/mac:02010b41cdec/antenna/tag/e2806894000050038662154f, 88
1652704483.522402, sdrt-health/mac:02010b41cdec/antenna/tag/e2806894000040038662114f, 91
1652704483.541424, sdrt-health/mac:02010b41cdec/antenna/tag/e2806894000040038662114f, 85
1652704483.586687, sdrt-health/mac:02010b41cdec/antenna/tag/e28068940000400386621d4f, 96
1652704483.654486, sdrt-health/mac:02010b41cdec/antenna/tag/e2806894000040038662114f, 85
1652704483.655045, sdrt-health/mac:02010b41cdec/antenna/tag/e2806894000050038662154f, 85
1652704483.67064, sdrt-health/mac:02010b41cdec/antenna/tag/e28068940000500386620d4f, 97
1652704483.671117, sdrt-health/mac:02010b41cdec/antenna/tag/e2806894000050038662154f, 88
1652704483.676685, sdrt-health/mac:02010b41cdec/antenna/tag/e2806894000050038662154f, 85
1652704483.716995, sdrt-health/mac:02010b41cdec/antenna/tag/e28068940000500386620d4f, 83
1652704483.75698, sdrt-health/mac:02010b41cdec/antenna/tag/e28068940000400386621d4f, 77
1652704483.805259, sdrt-health/mac:02010b41cdec/antenna/tag/e28068940000400386621d4f, 77
1652704483.867479, sdrt-health/mac:02010b41cdec/antenna/tag/e2806894000050038662194f, 83
1652704483.867998, sdrt-health/mac:02010b41cdec/antenna/tag/e2806894000050038662154f, 93
1652704483.882898, sdrt-health/mac:02010b41cdec/antenna/tag/e2806894000050038662194f, 81
1652704483.916756, sdrt-health/mac:02010b41cdec/antenna/tag/e2806894000040038662214f, 81
1652704483.956728, sdrt-health/mac:02010b41cdec/antenna/tag/e28068940000400386621d4f, 77
1652704484.013622, sdrt-health/mac:02010b41cdec/antenna/tag/e2806894000050038662154f, 93
1652704484.013941, sdrt-health/mac:02010b41cdec/antenna/tag/e28068940000500386620d4f, 97
1652704484.03725, sdrt-health/mac:02010b41cdec/antenna/tag/e2806894000040038662214f, 88
1652704484.10041, sdrt-health/mac:02010b41cdec/antenna/tag/e2806894000040038662114f, 85
1652704484.147694, sdrt-health/mac:02010b41cdec/antenna/tag/e2806894000050038661fd4f, 91
1652704484.197338, sdrt-health/mac:02010b41cdec/antenna/tag/e2806894000050038662194f, 88
1652704484.253512, sdrt-health/mac:02010b41cdec/antenna/tag/e28068940000500386620d4f, 83
1652704484.253987, sdrt-health/mac:02010b41cdec/antenna/tag/e2806894000040038662114f, 85
1652704484.276244, sdrt-health/mac:02010b41cdec/antenna/tag/e28068940000500386620d4f, 83
1652704484.372396, sdrt-health/mac:02010b41cdec/antenna/tag/e2806894000050038662194f, 84
1652704484.372675, sdrt-health/mac:02010b41cdec/antenna/tag/e2806894000050038662154f, 88
1652704484.437286, sdrt-health/mac:02010b41cdec/antenna/tag/e2806894000050038662194f, 84
1652704484.476477, sdrt-health/mac:02010b41cdec/antenna/tag/e2806894000040038662054f, 82
1652704484.51656, sdrt-health/mac:02010b41cdec/antenna/tag/e2806894000050038661fd4f, 97
1652704484.59797, sdrt-health/mac:02010b41cdec/antenna/tag/e2806894000050038662194f, 88
1652704484.598299, sdrt-health/mac:02010b41cdec/antenna/tag/e2806894000050038662154f, 88
1652704484.626768, sdrt-health/mac:02010b41cdec/antenna/tag/e2806894000050038661fd4f, 97
1652704484.676763, sdrt-health/mac:02010b41cdec/antenna/tag/e2806894000040038662114f, 88
1652704484.734, sdrt-health/mac:02010b41cdec/antenna/tag/e28068940000500386620d4f, 83
1652704484.7344, sdrt-health/mac:02010b41cdec/antenna/tag/e28068940000500386620d4f, 83
1652704484.759357, sdrt-health/mac:02010b41cdec/antenna/tag/e2806894000040038662114f, 85
1652704484.85317, sdrt-health/mac:02010b41cdec/antenna/tag/e2806894000040038662114f, 85
1652704484.853614, sdrt-health/mac:02010b41cdec/antenna/tag/e2806894000050038662194f, 81
1652704484.877837, sdrt-health/mac:02010b41cdec/antenna/tag/e2806894000050038662154f, 87
1652704484.933987, sdrt-health/mac:02010b41cdec/antenna/tag/e2806894000040038662114f, 85
1652704484.934555, sdrt-health/mac:02010b41cdec/antenna/tag/e28068940000400386621d4f, 77
1652704484.987213, sdrt-health/mac:02010b41cdec/antenna/tag/e2806894000050038661fd4f, 97
1652704485.026373, sdrt-health/mac:02010b41cdec/antenna/tag/e2806894000050038661fd4f, 97
1652704485.088241, sdrt-health/mac:02010b41cdec/antenna/tag/e2806894000050038662154f, 88
1652704485.149865, sdrt-health/mac:02010b41cdec/antenna/tag/e28068940000500386620d4f, 83
1652704485.229215, sdrt-health/mac:02010b41cdec/antenna/tag/e2806894000040038662114f, 88
1652704485.229673, sdrt-health/mac:02010b41cdec/antenna/tag/e2806894000050038662154f, 85
1652704485.246545, sdrt-health/mac:02010b41cdec/antenna/tag/e28068940000500386620d4f, 83
1652704485.283829, sdrt-health/mac:02010b41cdec/antenna/tag/e2806894000050038661fd4f, 91
1652704485.284189, sdrt-health/mac:02010b41cdec/antenna/tag/e2806894000050038662194f, 88
1652704485.29949, sdrt-health/mac:02010b41cdec/antenna/tag/e28068940000400386621d4f, 77
1652704485.316527, sdrt-health/mac:02010b41cdec/antenna/tag/e2806894000050038661fd4f, 91
1652704485.37333, sdrt-health/mac:02010b41cdec/antenna/tag/e28068940000500386620d4f, 83
1652704485.373824, sdrt-health/mac:02010b41cdec/antenna/tag/e28068940000500386620d4f, 97
1652704485.407189, sdrt-health/mac:02010b41cdec/antenna/tag/e2806894000050038662154f, 93
1652704485.468615, sdrt-health/mac:02010b41cdec/antenna/tag/e2806894000040038662114f, 85
1652704485.469112, sdrt-health/mac:02010b41cdec/antenna/tag/e2806894000050038662154f, 85
1652704485.484469, sdrt-health/mac:02010b41cdec/antenna/tag/e2806894000050038662194f, 94
1652704485.495981, sdrt-health/mac:02010b41cdec/antenna/tag/e2806894000050038661fd4f, 91
1652704485.541009, sdrt-health/mac:02010b41cdec/antenna/tag/e28068940000500386620d4f, 83
1652704485.575179, sdrt-health/mac:02010b41cdec/antenna/tag/e2806894000050038661fd4f, 91
1652704485.620994, sdrt-health/mac:02010b41cdec/antenna/tag/e2806894000050038661fd4f, 88
1652704485.66732, sdrt-health/mac:02010b41cdec/antenna/tag/e2806894000050038661fd4f, 97
1652704485.734051, sdrt-health/mac:02010b41cdec/antenna/tag/e2806894000040038662114f, 85
1652704485.734576, sdrt-health/mac:02010b41cdec/antenna/tag/e2806894000050038661fd4f, 91
1652704485.757691, sdrt-health/mac:02010b41cdec/antenna/tag/e2806894000050038662154f, 93
1652704485.788679, sdrt-health/mac:02010b41cdec/antenna/tag/e2806894000040038662114f, 85
1652704485.789155, sdrt-health/mac:02010b41cdec/antenna/tag/e28068940000400386621d4f, 77
1652704485.803773, sdrt-health/mac:02010b41cdec/antenna/tag/e2806894000050038662194f, 94
1652704485.837061, sdrt-health/mac:02010b41cdec/antenna/tag/e2806894000040038662114f, 85
1652704485.906755, sdrt-health/mac:02010b41cdec/antenna/tag/e2806894000040038662114f, 88
1652704485.957345, sdrt-health/mac:02010b41cdec/antenna/tag/e2806894000040038662114f, 85
1652704485.988941, sdrt-health/mac:02010b41cdec/antenna/tag/e2806894000050038662154f, 88
1652704485.989287, sdrt-health/mac:02010b41cdec/antenna/tag/e2806894000050038661fd4f, 83
1652704486.004515, sdrt-health/mac:02010b41cdec/antenna/tag/e2806894000050038661fd4f, 97
1652704486.036284, sdrt-health/mac:02010b41cdec/antenna/tag/e2806894000050038662154f, 88
1652704486.107999, sdrt-health/mac:02010b41cdec/antenna/tag/e2806894000050038661fd4f, 97
1652704486.108305, sdrt-health/mac:02010b41cdec/antenna/tag/e2806894000040038662114f, 85
1652704486.137225, sdrt-health/mac:02010b41cdec/antenna/tag/e28068940000400386621d4f, 96
1652704486.180373, sdrt-health/mac:02010b41cdec/antenna/tag/e2806894000050038662154f, 85
1652704486.22578, sdrt-health/mac:02010b41cdec/antenna/tag/e2806894000040038662114f, 88
1652704486.258871, sdrt-health/mac:02010b41cdec/antenna/tag/e28068940000500386620d4f, 83
1652704486.259208, sdrt-health/mac:02010b41cdec/antenna/tag/e2806894000050038661fd4f, 97
1652704486.276333, sdrt-health/mac:02010b41cdec/antenna/tag/e2806894000050038661fd4f, 91
1652704486.334495, sdrt-health/mac:02010b41cdec/antenna/tag/e2806894000050038661fd4f, 97
1652704486.335054, sdrt-health/mac:02010b41cdec/antenna/tag/e2806894000040038662114f, 85
1652704486.35296, sdrt-health/mac:02010b41cdec/antenna/tag/e28068940000500386620d4f, 97
1652704486.387021, sdrt-health/mac:02010b41cdec/antenna/tag/e2806894000040038662114f, 93
1652704486.387272, sdrt-health/mac:02010b41cdec/antenna/tag/e2806894000050038662154f, 85
1652704486.412933, sdrt-health/mac:02010b41cdec/antenna/tag/e2806894000040038662114f, 85
1652704486.471912, sdrt-health/mac:02010b41cdec/antenna/tag/e2806894000050038662154f, 85
1652704486.472258, sdrt-health/mac:02010b41cdec/antenna/tag/e2806894000050038661fd4f, 88
1652704486.487218, sdrt-health/mac:02010b41cdec/antenna/tag/e28068940000400386621d4f, 77
1652704486.527, sdrt-health/mac:02010b41cdec/antenna/tag/e28068940000500386620d4f, 97
1652704486.573543, sdrt-health/mac:02010b41cdec/antenna/tag/e2806894000050038661fd4f, 97
1652704486.632209, sdrt-health/mac:02010b41cdec/antenna/tag/e28068940000400386621d4f, 96
1652704486.632532, sdrt-health/mac:02010b41cdec/antenna/tag/e2806894000050038662154f, 88
1652704486.648291, sdrt-health/mac:02010b41cdec/antenna/tag/e28068940000500386620d4f, 97
1652704486.648514, sdrt-health/mac:02010b41cdec/antenna/tag/e2806894000050038661fd4f, 91
1652704486.732748, sdrt-health/mac:02010b41cdec/antenna/tag/e2806894000050038662154f, 85
1652704486.797039, sdrt-health/mac:02010b41cdec/antenna/tag/e2806894000050038662154f, 85
1652704486.837128, sdrt-health/mac:02010b41cdec/antenna/tag/e28068940000400386621d4f, 96
1652704486.909397, sdrt-health/mac:02010b41cdec/antenna/tag/e2806894000050038661fd4f, 91
1652704486.909867, sdrt-health/mac:02010b41cdec/antenna/tag/e2806894000040038662114f, 85
1652704486.955869, sdrt-health/mac:02010b41cdec/antenna/tag/e2806894000050038661fd4f, 97
1652704487.014904, sdrt-health/mac:02010b41cdec/antenna/tag/e2806894000050038661fd4f, 97
1652704487.015327, sdrt-health/mac:02010b41cdec/antenna/tag/e28068940000400386621d4f, 96
1652704487.031285, sdrt-health/mac:02010b41cdec/antenna/tag/e2806894000040038662114f, 85
1652704487.031555, sdrt-health/mac:02010b41cdec/antenna/tag/e2806894000040038662114f, 85
1652704487.031739, sdrt-health/mac:02010b41cdec/antenna/tag/e2806894000040038662114f, 85
1652704487.036812, sdrt-health/mac:02010b41cdec/antenna/tag/e2806894000040038662114f, 93
1652704487.085858, sdrt-health/mac:02010b41cdec/antenna/tag/e2806894000050038661fd4f, 97
1652704487.153682, sdrt-health/mac:02010b41cdec/antenna/tag/e2806894000040038662114f, 85
1652704487.154089, sdrt-health/mac:02010b41cdec/antenna/tag/e28068940000400386621d4f, 96
1652704487.169473, sdrt-health/mac:02010b41cdec/antenna/tag/e2806894000050038662154f, 88
1652704487.20174, sdrt-health/mac:02010b41cdec/antenna/tag/e2806894000050038661fd4f, 97
1652704487.202202, sdrt-health/mac:02010b41cdec/antenna/tag/e2806894000040038662114f, 93
1652704487.220892, sdrt-health/mac:02010b41cdec/antenna/tag/e2806894000050038662154f, 88
1652704487.282742, sdrt-health/mac:02010b41cdec/antenna/tag/e2806894000040038662114f, 85
1652704487.283229, sdrt-health/mac:02010b41cdec/antenna/tag/e2806894000040038662114f, 85
1652704487.298599, sdrt-health/mac:02010b41cdec/antenna/tag/e2806894000050038661fd4f, 91
1652704487.318732, sdrt-health/mac:02010b41cdec/antenna/tag/e2806894000050038661fd4f, 91
1652704487.389287, sdrt-health/mac:02010b41cdec/antenna/tag/e2806894000040038662214f, 83
1652704487.389741, sdrt-health/mac:02010b41cdec/antenna/tag/e2806894000050038661fd4f, 88
1652704487.405855, sdrt-health/mac:02010b41cdec/antenna/tag/e2806894000040038662214f, 94
1652704487.417032, sdrt-health/mac:02010b41cdec/antenna/tag/e2806894000040038662214f, 81
1652704487.460888, sdrt-health/mac:02010b41cdec/antenna/tag/e28068940000500386620d4f, 97
1652704487.521201, sdrt-health/mac:02010b41cdec/antenna/tag/e28068940000500386620d4f, 83
1652704487.521706, sdrt-health/mac:02010b41cdec/antenna/tag/e2806894000050038662154f, 85
1652704487.635935, sdrt-health/mac:02010b41cdec/antenna/tag/e2806894000050038662154f, 85
1652704487.694663, sdrt-health/mac:02010b41cdec/antenna/tag/e2806894000050038662154f, 85
1652704487.729064, sdrt-health/mac:02010b41cdec/antenna/tag/e2806894000050038662194f, 84
1652704487.729584, sdrt-health/mac:02010b41cdec/antenna/tag/e2806894000040038662114f, 88
1652704487.731047, sdrt-health/mac:02010b41cdec/antenna/tag/e28068940000500386620d4f, 97
1652704487.731666, sdrt-health/mac:02010b41cdec/antenna/tag/e28068940000400386621d4f, 96
1652704487.732246, sdrt-health/mac:02010b41cdec/antenna/tag/e28068940000400386621d4f, 96
1652704487.745565, sdrt-health/mac:02010b41cdec/antenna/tag/e28068940000500386620d4f, 97
1652704487.745847, sdrt-health/mac:02010b41cdec/antenna/tag/e2806894000050038662154f, 93
1652704487.781953, sdrt-health/mac:02010b41cdec/antenna/tag/e2806894000050038662154f, 85
1652704487.81415, sdrt-health/mac:02010b41cdec/antenna/tag/e28068940000500386620d4f, 83
1652704487.814731, sdrt-health/mac:02010b41cdec/antenna/tag/e2806894000050038662154f, 85
1652704487.867612, sdrt-health/mac:02010b41cdec/antenna/tag/e28068940000500386620d4f, 83
1652704487.976681, sdrt-health/mac:02010b41cdec/antenna/tag/e28068940000500386620d4f, 97
1652704488.020843, sdrt-health/mac:02010b41cdec/antenna/tag/e28068940000400386621d4f, 96
1652704488.092788, sdrt-health/mac:02010b41cdec/antenna/tag/e28068940000400386621d4f, 77
1652704488.137881, sdrt-health/mac:02010b41cdec/antenna/tag/e2806894000040038662114f, 85
1652704488.18133, sdrt-health/mac:02010b41cdec/antenna/tag/e2806894000050038661fd4f, 97
1652704488.226458, sdrt-health/mac:02010b41cdec/antenna/tag/e2806894000050038661fd4f, 88
1652704488.276628, sdrt-health/mac:02010b41cdec/antenna/tag/e28068940000500386620d4f, 83
1652704488.318834, sdrt-health/mac:02010b41cdec/antenna/tag/e28068940000500386620d4f, 83
1652704488.357139, sdrt-health/mac:02010b41cdec/antenna/tag/e2806894000040038662114f, 85
1652704488.421634, sdrt-health/mac:02010b41cdec/antenna/tag/e28068940000500386620d4f, 91
1652704488.467393, sdrt-health/mac:02010b41cdec/antenna/tag/e2806894000040038662114f, 85
1652704488.517989, sdrt-health/mac:02010b41cdec/antenna/tag/e2806894000040038662114f, 85
1652704488.574182, sdrt-health/mac:02010b41cdec/antenna/tag/e2806894000050038661fd4f, 83
1652704488.574692, sdrt-health/mac:02010b41cdec/antenna/tag/e2806894000050038662154f, 85
1652704488.617791, sdrt-health/mac:02010b41cdec/antenna/tag/e28068940000400386621d4f, 96
1652704488.734319, sdrt-health/mac:02010b41cdec/antenna/tag/e28068940000400386621d4f, 77
1652704488.799197, sdrt-health/mac:02010b41cdec/antenna/tag/e2806894000050038662194f, 88
1652704488.851752, sdrt-health/mac:02010b41cdec/antenna/tag/e2806894000050038662194f, 83
1652704488.852209, sdrt-health/mac:02010b41cdec/antenna/tag/e28068940000400386621d4f, 77
1652704488.89345, sdrt-health/mac:02010b41cdec/antenna/tag/e28068940000400386621d4f, 96
1652704488.936464, sdrt-health/mac:02010b41cdec/antenna/tag/e28068940000500386620d4f, 97
1652704489.02287, sdrt-health/mac:02010b41cdec/antenna/tag/e2806894000050038662154f, 85
1652704489.023418, sdrt-health/mac:02010b41cdec/antenna/tag/e2806894000040038661f94f, 82
1652704489.053277, sdrt-health/mac:02010b41cdec/antenna/tag/e28068940000500386620d4f, 83
1652704489.11236, sdrt-health/mac:02010b41cdec/antenna/tag/e2806894000040038662114f, 88
1652704489.112563, sdrt-health/mac:02010b41cdec/antenna/tag/e2806894000050038662154f, 85
1652704489.157603, sdrt-health/mac:02010b41cdec/antenna/tag/e2806894000050038662154f, 87
1652704489.213225, sdrt-health/mac:02010b41cdec/antenna/tag/e28068940000400386621d4f, 77
1652704489.213783, sdrt-health/mac:02010b41cdec/antenna/tag/e2806894000040038662114f, 85
1652704489.236935, sdrt-health/mac:02010b41cdec/antenna/tag/e2806894000050038662154f, 83
1652704489.277308, sdrt-health/mac:02010b41cdec/antenna/tag/e28068940000400386621d4f, 77
1652704489.33471, sdrt-health/mac:02010b41cdec/antenna/tag/e2806894000050038661fd4f, 88
1652704489.334935, sdrt-health/mac:02010b41cdec/antenna/tag/e28068940000500386620d4f, 83
1652704489.350651, sdrt-health/mac:02010b41cdec/antenna/tag/e2806894000050038662154f, 87
1652704489.38565, sdrt-health/mac:02010b41cdec/antenna/tag/e28068940000500386620d4f, 91
1652704489.429749, sdrt-health/mac:02010b41cdec/antenna/tag/e2806894000050038662154f, 91
1652704489.495497, sdrt-health/mac:02010b41cdec/antenna/tag/e2806894000050038661fd4f, 91
1652704489.495829, sdrt-health/mac:02010b41cdec/antenna/tag/e2806894000050038661fd4f, 91
1652704489.564814, sdrt-health/mac:02010b41cdec/antenna/tag/e2806894000050038662154f, 85
1652704489.59823, sdrt-health/mac:02010b41cdec/antenna/tag/e2806894000050038661fd4f, 83
1652704489.598557, sdrt-health/mac:02010b41cdec/antenna/tag/e2806894000050038661fd4f, 97
1652704489.598773, sdrt-health/mac:02010b41cdec/antenna/tag/e2806894000040038662114f, 85
1652704489.598949, sdrt-health/mac:02010b41cdec/antenna/tag/e28068940000500386620d4f, 83
1652704489.614601, sdrt-health/mac:02010b41cdec/antenna/tag/e2806894000050038661fd4f, 97
1652704489.638488, sdrt-health/mac:02010b41cdec/antenna/tag/e28068940000500386620d4f, 83
1652704489.701188, sdrt-health/mac:02010b41cdec/antenna/tag/e2806894000050038662154f, 88
1652704489.701479, sdrt-health/mac:02010b41cdec/antenna/tag/e2806894000040038662114f, 88
1652704489.71702, sdrt-health/mac:02010b41cdec/antenna/tag/e28068940000400386621d4f, 77
1652704489.717343, sdrt-health/mac:02010b41cdec/antenna/tag/e2806894000050038661fd4f, 97
1652704489.780892, sdrt-health/mac:02010b41cdec/antenna/tag/e28068940000400386621d4f, 77
1652704489.831587, sdrt-health/mac:02010b41cdec/antenna/tag/e2806894000050038662154f, 87
1652704489.886916, sdrt-health/mac:02010b41cdec/antenna/tag/e2806894000040038662114f, 93
1652704489.919119, sdrt-health/mac:02010b41cdec/antenna/tag/e2806894000050038662194f, 81
1652704489.919326, sdrt-health/mac:02010b41cdec/antenna/tag/e28068940000400386621d4f, 77
1652704489.936716, sdrt-health/mac:02010b41cdec/antenna/tag/e28068940000400386621d4f, 96
1652704489.978379, sdrt-health/mac:02010b41cdec/antenna/tag/e2806894000040038662114f, 88
1652704490.038879, sdrt-health/mac:02010b41cdec/antenna/tag/e2806894000050038662194f, 83
1652704490.039169, sdrt-health/mac:02010b41cdec/antenna/tag/e28068940000500386620d4f, 83
1652704490.066733, sdrt-health/mac:02010b41cdec/antenna/tag/e2806894000050038661fd4f, 91
1652704490.138055, sdrt-health/mac:02010b41cdec/antenna/tag/e2806894000040038662114f, 85
1652704490.138311, sdrt-health/mac:02010b41cdec/antenna/tag/e28068940000400386621d4f, 96
1652704490.155685, sdrt-health/mac:02010b41cdec/antenna/tag/e2806894000050038661fd4f, 91
1652704490.187695, sdrt-health/mac:02010b41cdec/antenna/tag/e28068940000500386620d4f, 97
1652704490.187889, sdrt-health/mac:02010b41cdec/antenna/tag/e28068940000500386620d4f, 83
1652704490.224002, sdrt-health/mac:02010b41cdec/antenna/tag/e28068940000400386621d4f, 77
1652704490.303465, sdrt-health/mac:02010b41cdec/antenna/tag/e28068940000400386621d4f, 96
1652704490.340288, sdrt-health/mac:02010b41cdec/antenna/tag/e2806894000040038662114f, 85
1652704490.373663, sdrt-health/mac:02010b41cdec/antenna/tag/e2806894000050038661fd4f, 83
1652704490.373873, sdrt-health/mac:02010b41cdec/antenna/tag/e2806894000050038662154f, 85
1652704490.37401, sdrt-health/mac:02010b41cdec/antenna/tag/e28068940000500386620d4f, 83
1652704490.388819, sdrt-health/mac:02010b41cdec/antenna/tag/e2806894000050038662154f, 85
1652704490.389046, sdrt-health/mac:02010b41cdec/antenna/tag/e2806894000050038661fd4f, 97
1652704490.438512, sdrt-health/mac:02010b41cdec/antenna/tag/e2806894000050038661fd4f, 88
1652704490.481097, sdrt-health/mac:02010b41cdec/antenna/tag/e28068940000400386621d4f, 77
1652704490.557165, sdrt-health/mac:02010b41cdec/antenna/tag/e28068940000400386621d4f, 77
1652704490.596331, sdrt-health/mac:02010b41cdec/antenna/tag/e2806894000050038661fd4f, 88
1652704490.712897, sdrt-health/mac:02010b41cdec/antenna/tag/e2806894000040038662114f, 85
1652704490.713119, sdrt-health/mac:02010b41cdec/antenna/state, connected
1652704490.728806, sdrt-health/mac:02010b41cdec/fw, {"version":"1.8.1","model":"200","hash":"2f556501b58f1dad542af428d7928d18","timestamp":1652704487}
1652704490.800947, sdrt-health/mac:02010b41cdec/antenna/tag/scan, scan stopped
