1652704336.605243, sdrt-health/mac:02010b41cdec/antenna/power/set, {"power": 300}
1652704337.679282, sdrt-health/mac:02010b41cdec/antenna/power/set, 
1652704341.627298, sdrt-health/mac:02010b41cdec/antenna/tag/scan, {"time": 20000}
1652704342.047549, sdrt-health/mac:02010b41cdec/antenna/tag/e28068940000500386620d4f, 83
1652704342.093157, sdrt-health/mac:02010b41cdec/antenna/tag/e28068940000500386620d4f, 97
1652704342.152717, sdrt-health/mac:02010b41cdec/antenna/tag/e28068940000400386621d4f, 77
1652704342.153233, sdrt-health/mac:02010b41cdec/antenna/tag/e2806894000050038662154f, 88
1652704342.181113, sdrt-health/mac:02010b41cdec/antenna/tag/e2806894000040038662214f, 88
1652704342.232711, sdrt-health/mac:02010b41cdec/antenna/tag/e2806894000050038661fd4f, 97
1652704342.233226, sdrt-health/mac:02010b41cdec/antenna/tag/e2806894000050038662154f, 85
1652704342.261222, sdrt-health/mac:02010b41cdec/antenna/tag/e2806894000050038661fd4f, 97
1652704342.306734, sdrt-health/mac:02010b41cdec/antenna/tag/e2806894000050038662194f, 81
1652704342.356565, sdrt-health/mac:02010b41cdec/antenna/tag/e28068940000500386620d4f, 83
1652704342.421259, sdrt-health/mac:02010b41cdec/antenna/tag/e2806894000050038662154f, 85
1652704342.466094, sdrt-health/mac:02010b41cdec/antenna/tag/e2806894000050038661fd4f, 91
1652704342.532975, sdrt-health/mac:02010b41cdec/antenna/tag/e2806894000050038662194f, 81
1652704342.533465, sdrt-health/mac:02010b41cdec/antenna/tag/e2806894000050038662154f, 88
1652704342.549687, sdrt-health/mac:02010b41cdec/antenna/tag/e2806894000050038662194f, 87
1652704342.550123, sdrt-health/mac:02010b41cdec/antenna/tag/e28068940000400386621d4f, 77
1652704342.555984, sdrt-health/mac:02010b41cdec/antenna/tag/e28068940000400386621d4f, 96
1652704342.616015, sdrt-health/mac:02010b41cdec/antenna/tag/e2806894000050038662154f, 85
1652704342.677458, sdrt-health/mac:02010b41cdec/antenna/tag/e2806894000050038662154f, 91
1652704342.759519, sdrt-health/mac:02010b41cdec/antenna/tag/e2806894000050038662154f, 88
1652704342.75997, sdrt-health/mac:02010b41cdec/antenna/tag/e2806894000040038661f94f, 81
1652704342.775742, sdrt-health/mac:02010b41cdec/antenna/tag/e28068940000500386620d4f, 83
1652704342.811846, sdrt-health/mac:02010b41cdec/antenna/tag/e2806894000050038661fd4f, 83
1652704342.812253, sdrt-health/mac:02010b41cdec/antenna/tag/e28068940000400386621d4f, 96
1652704342.844845, sdrt-health/mac:02010b41cdec/antenna/tag/e2806894000050038662154f, 88
1652704342.90765, sdrt-health/mac:02010b41cdec/antenna/tag/e2806894000050038661fd4f, 83
1652704342.908112, sdrt-health/mac:02010b41cdec/antenna/tag/e28068940000500386620d4f, 83
1652704342.922359, sdrt-health/mac:02010b41cdec/antenna/tag/e28068940000500386620d4f, 97
1652704342.936784, sdrt-health/mac:02010b41cdec/antenna/tag/e2806894000040038662114f, 85
1652704342.980867, sdrt-health/mac:02010b41cdec/antenna/tag/e2806894000050038661fd4f, 91
1652704343.043976, sdrt-health/mac:02010b41cdec/antenna/tag/e2806894000050038661fd4f, 97
1652704343.044493, sdrt-health/mac:02010b41cdec/antenna/tag/e28068940000500386620d4f, 83
1652704343.058042, sdrt-health/mac:02010b41cdec/antenna/tag/e28068940000400386621d4f, 96
1652704343.091569, sdrt-health/mac:02010b41cdec/antenna/tag/e2806894000040038662114f, 88
1652704343.091821, sdrt-health/mac:02010b41cdec/antenna/tag/e2806894000040038661f94f, 94
1652704343.116284, sdrt-health/mac:02010b41cdec/antenna/tag/e2806894000040038661f94f, 88
1652704343.171728, sdrt-health/mac:02010b41cdec/antenna/tag/e28068940000400386621d4f, 77
1652704343.172142, sdrt-health/mac:02010b41cdec/antenna/tag/e28068940000400386621d4f, 77
1652704343.186163, sdrt-health/mac:02010b41cdec/antenna/tag/e28068940000500386620d4f, 83
1652704343.211619, sdrt-health/mac:02010b41cdec/antenna/tag/e2806894000040038662114f, 85
1652704343.268121, sdrt-health/mac:02010b41cdec/antenna/tag/e2806894000040038662114f, 85
1652704343.318119, sdrt-health/mac:02010b41cdec/antenna/tag/e2806894000040038662114f, 88
1652704343.387643, sdrt-health/mac:02010b41cdec/antenna/tag/e2806894000040038662054f, 88
1652704343.388132, sdrt-health/mac:02010b41cdec/antenna/tag/e28068940000500386620d4f, 83
1652704343.403771, sdrt-health/mac:02010b41cdec/antenna/tag/e2806894000050038662154f, 88
1652704343.41647, sdrt-health/mac:02010b41cdec/antenna/tag/e2806894000050038662154f, 88
1652704343.419214, sdrt-health/mac:02010b41cdec/antenna/tag/e2806894000050038662194f, 83
1652704343.419552, sdrt-health/mac:02010b41cdec/antenna/tag/e28068940000400386621d4f, 96
1652704343.419793, sdrt-health/mac:02010b41cdec/antenna/tag/e2806894000050038661fd4f, 97
1652704343.46045, sdrt-health/mac:02010b41cdec/antenna/tag/e28068940000500386620d4f, 83
1652704343.506776, sdrt-health/mac:02010b41cdec/antenna/tag/e2806894000050038662154f, 85
1652704343.570526, sdrt-health/mac:02010b41cdec/antenna/tag/e2806894000040038662054f, 81
1652704343.571038, sdrt-health/mac:02010b41cdec/antenna/tag/e2806894000050038661fd4f, 91
1652704343.596462, sdrt-health/mac:02010b41cdec/antenna/tag/e2806894000040038661f94f, 94
1652704343.646246, sdrt-health/mac:02010b41cdec/antenna/tag/e2806894000050038661fd4f, 97
1652704343.694963, sdrt-health/mac:02010b41cdec/antenna/tag/e2806894000040038662214f, 94
1652704343.736094, sdrt-health/mac:02010b41cdec/antenna/tag/e2806894000050038662194f, 81
1652704343.78097, sdrt-health/mac:02010b41cdec/antenna/tag/e2806894000050038661fd4f, 97
1652704343.814388, sdrt-health/mac:02010b41cdec/antenna/tag/e28068940000500386620d4f, 97
1652704343.814808, sdrt-health/mac:02010b41cdec/antenna/tag/e28068940000500386620d4f, 83
1652704343.83668, sdrt-health/mac:02010b41cdec/antenna/tag/e2806894000050038661fd4f, 83
1652704343.876397, sdrt-health/mac:02010b41cdec/antenna/tag/e28068940000400386621d4f, 96
1652704343.91583, sdrt-health/mac:02010b41cdec/antenna/tag/e28068940000500386620d4f, 91
1652704343.958668, sdrt-health/mac:02010b41cdec/antenna/tag/e2806894000050038662154f, 91
1652704344.012259, sdrt-health/mac:02010b41cdec/antenna/tag/e2806894000050038662154f, 83
1652704344.01276, sdrt-health/mac:02010b41cdec/antenna/tag/e2806894000050038662154f, 93
1652704344.056846, sdrt-health/mac:02010b41cdec/antenna/tag/e2806894000040038662114f, 88
1652704344.107928, sdrt-health/mac:02010b41cdec/antenna/tag/e2806894000050038662154f, 93
1652704344.108207, sdrt-health/mac:02010b41cdec/antenna/tag/e28068940000500386620d4f, 97
1652704344.227478, sdrt-health/mac:02010b41cdec/antenna/tag/e2806894000040038662054f, 81
1652704344.277142, sdrt-health/mac:02010b41cdec/antenna/tag/e2806894000050038662154f, 88
1652704344.31785, sdrt-health/mac:02010b41cdec/antenna/tag/e28068940000400386621d4f, 77
1652704344.38519, sdrt-health/mac:02010b41cdec/antenna/tag/e2806894000050038661fd4f, 83
1652704344.4464, sdrt-health/mac:02010b41cdec/antenna/tag/e2806894000050038662154f, 88
1652704344.476738, sdrt-health/mac:02010b41cdec/antenna/tag/e2806894000040038662054f, 88
1652704344.477005, sdrt-health/mac:02010b41cdec/antenna/tag/e2806894000040038662114f, 88
1652704344.477143, sdrt-health/mac:02010b41cdec/antenna/tag/e2806894000050038662154f, 88
1652704344.502525, sdrt-health/mac:02010b41cdec/antenna/tag/e28068940000400386621d4f, 96
1652704344.547652, sdrt-health/mac:02010b41cdec/antenna/tag/e2806894000050038661fd4f, 91
1652704344.578635, sdrt-health/mac:02010b41cdec/antenna/tag/e2806894000040038662114f, 85
1652704344.578907, sdrt-health/mac:02010b41cdec/antenna/tag/e28068940000500386620d4f, 86
1652704344.596318, sdrt-health/mac:02010b41cdec/antenna/tag/e2806894000050038662154f, 87
1652704344.675728, sdrt-health/mac:02010b41cdec/antenna/tag/e28068940000400386621d4f, 77
1652704344.676211, sdrt-health/mac:02010b41cdec/antenna/tag/e28068940000400386621d4f, 96
1652704344.707558, sdrt-health/mac:02010b41cdec/antenna/tag/e2806894000040038662054f, 87
1652704344.738706, sdrt-health/mac:02010b41cdec/antenna/tag/e2806894000040038662114f, 88
1652704344.739063, sdrt-health/mac:02010b41cdec/antenna/tag/e28068940000400386621d4f, 96
1652704344.75565, sdrt-health/mac:02010b41cdec/antenna/tag/e2806894000050038661fd4f, 97
1652704344.796271, sdrt-health/mac:02010b41cdec/antenna/tag/e28068940000500386620d4f, 83
1652704344.851987, sdrt-health/mac:02010b41cdec/antenna/tag/e2806894000050038661fd4f, 97
1652704344.853693, sdrt-health/mac:02010b41cdec/antenna/tag/e2806894000050038661fd4f, 97
1652704344.867215, sdrt-health/mac:02010b41cdec/antenna/tag/e28068940000400386621d4f, 96
1652704344.897547, sdrt-health/mac:02010b41cdec/antenna/tag/e28068940000500386620d4f, 83
1652704344.897826, sdrt-health/mac:02010b41cdec/antenna/tag/e2806894000050038662154f, 88
1652704344.916511, sdrt-health/mac:02010b41cdec/antenna/tag/e2806894000040038662114f, 85
1652704344.956025, sdrt-health/mac:02010b41cdec/antenna/tag/e2806894000050038662154f, 83
1652704345.016038, sdrt-health/mac:02010b41cdec/antenna/tag/e2806894000050038662154f, 93
1652704345.060402, sdrt-health/mac:02010b41cdec/antenna/tag/e2806894000050038661fd4f, 91
1652704345.096583, sdrt-health/mac:02010b41cdec/antenna/tag/e2806894000050038662154f, 85
1652704345.202102, sdrt-health/mac:02010b41cdec/antenna/tag/e28068940000500386620d4f, 97
1652704345.202549, sdrt-health/mac:02010b41cdec/antenna/tag/e2806894000040038662114f, 85
1652704345.23667, sdrt-health/mac:02010b41cdec/antenna/tag/e28068940000500386620d4f, 83
1652704345.270551, sdrt-health/mac:02010b41cdec/antenna/tag/e2806894000050038662154f, 88
1652704345.27121, sdrt-health/mac:02010b41cdec/antenna/tag/e2806894000050038661fd4f, 97
1652704345.317014, sdrt-health/mac:02010b41cdec/antenna/tag/e2806894000050038661fd4f, 97
1652704345.356554, sdrt-health/mac:02010b41cdec/antenna/tag/e28068940000400386621d4f, 77
1652704345.387328, sdrt-health/mac:02010b41cdec/antenna/tag/e2806894000050038662154f, 88
1652704345.387682, sdrt-health/mac:02010b41cdec/antenna/tag/e28068940000500386620d4f, 83
1652704345.40269, sdrt-health/mac:02010b41cdec/antenna/tag/e28068940000400386621d4f, 96
1652704345.454945, sdrt-health/mac:02010b41cdec/antenna/tag/e2806894000050038662194f, 81
1652704345.513991, sdrt-health/mac:02010b41cdec/antenna/tag/e28068940000500386620d4f, 83
1652704345.51436, sdrt-health/mac:02010b41cdec/antenna/tag/e2806894000050038662154f, 85
1652704345.540368, sdrt-health/mac:02010b41cdec/antenna/tag/e2806894000040038662114f, 93
1652704345.587275, sdrt-health/mac:02010b41cdec/antenna/tag/e28068940000400386621d4f, 77
1652704345.587756, sdrt-health/mac:02010b41cdec/antenna/tag/e28068940000500386620d4f, 83
1652704345.637129, sdrt-health/mac:02010b41cdec/antenna/tag/e28068940000400386621d4f, 77
1652704345.706674, sdrt-health/mac:02010b41cdec/antenna/tag/e2806894000040038662114f, 85
1652704345.707202, sdrt-health/mac:02010b41cdec/antenna/tag/e2806894000050038661fd4f, 83
1652704345.746144, sdrt-health/mac:02010b41cdec/antenna/tag/e28068940000400386621d4f, 77
1652704345.81516, sdrt-health/mac:02010b41cdec/antenna/tag/e28068940000500386620d4f, 83
1652704345.815654, sdrt-health/mac:02010b41cdec/antenna/tag/e2806894000040038661f94f, 94
1652704345.83717, sdrt-health/mac:02010b41cdec/antenna/tag/e2806894000040038662114f, 85
1652704345.866054, sdrt-health/mac:02010b41cdec/antenna/tag/e28068940000500386620d4f, 83
1652704345.866285, sdrt-health/mac:02010b41cdec/antenna/tag/e2806894000040038662114f, 85
1652704345.88085, sdrt-health/mac:02010b41cdec/antenna/tag/e2806894000050038662154f, 88
1652704345.915907, sdrt-health/mac:02010b41cdec/antenna/tag/e2806894000040038662114f, 88
1652704345.95653, sdrt-health/mac:02010b41cdec/antenna/tag/e2806894000040038662054f, 94
1652704346.011321, sdrt-health/mac:02010b41cdec/antenna/tag/e28068940000400386621d4f, 77
1652704346.011772, sdrt-health/mac:02010b41cdec/antenna/tag/e2806894000050038662154f, 85
1652704346.027028, sdrt-health/mac:02010b41cdec/antenna/tag/e2806894000040038662054f, 88
1652704346.036422, sdrt-health/mac:02010b41cdec/antenna/tag/e28068940000400386621d4f, 77
1652704346.076414, sdrt-health/mac:02010b41cdec/antenna/tag/e2806894000040038662114f, 88
1652704346.147537, sdrt-health/mac:02010b41cdec/antenna/tag/e28068940000500386620d4f, 83
1652704346.147863, sdrt-health/mac:02010b41cdec/antenna/tag/e2806894000050038661fd4f, 83
1652704346.162503, sdrt-health/mac:02010b41cdec/antenna/tag/e2806894000050038662154f, 93
1652704346.212266, sdrt-health/mac:02010b41cdec/antenna/tag/e28068940000400386621d4f, 77
1652704346.212481, sdrt-health/mac:02010b41cdec/antenna/tag/e2806894000040038662054f, 94
1652704346.236319, sdrt-health/mac:02010b41cdec/antenna/tag/e2806894000040038662114f, 85
1652704346.277255, sdrt-health/mac:02010b41cdec/antenna/tag/e2806894000040038662214f, 82
1652704346.332766, sdrt-health/mac:02010b41cdec/antenna/tag/e2806894000050038661fd4f, 88
1652704346.333233, sdrt-health/mac:02010b41cdec/antenna/tag/e28068940000400386621d4f, 77
1652704346.356707, sdrt-health/mac:02010b41cdec/antenna/tag/e2806894000050038661fd4f, 91
1652704346.398301, sdrt-health/mac:02010b41cdec/antenna/tag/e2806894000050038662154f, 93
1652704346.452527, sdrt-health/mac:02010b41cdec/antenna/tag/e2806894000050038661fd4f, 88
1652704346.452976, sdrt-health/mac:02010b41cdec/antenna/tag/e2806894000050038662154f, 93
1652704346.476895, sdrt-health/mac:02010b41cdec/antenna/tag/e2806894000050038662154f, 93
1652704346.477506, sdrt-health/mac:02010b41cdec/antenna/tag/e2806894000050038661fd4f, 91
1652704346.51713, sdrt-health/mac:02010b41cdec/antenna/tag/e2806894000040038662114f, 88
1652704346.611292, sdrt-health/mac:02010b41cdec/antenna/tag/e2806894000040038662214f, 94
1652704346.611539, sdrt-health/mac:02010b41cdec/antenna/tag/e28068940000400386621d4f, 77
1652704346.652359, sdrt-health/mac:02010b41cdec/antenna/tag/e2806894000050038661fd4f, 91
1652704346.713145, sdrt-health/mac:02010b41cdec/antenna/tag/e2806894000050038661fd4f, 97
1652704346.713639, sdrt-health/mac:02010b41cdec/antenna/tag/e2806894000050038662194f, 88
1652704346.742413, sdrt-health/mac:02010b41cdec/antenna/tag/e2806894000040038662114f, 85
1652704346.801466, sdrt-health/mac:02010b41cdec/antenna/tag/e2806894000050038662194f, 81
1652704346.802052, sdrt-health/mac:02010b41cdec/antenna/tag/e28068940000400386621d4f, 80
1652704346.817193, sdrt-health/mac:02010b41cdec/antenna/tag/e28068940000500386620d4f, 83
1652704346.836687, sdrt-health/mac:02010b41cdec/antenna/tag/e2806894000050038661fd4f, 91
1652704346.907484, sdrt-health/mac:02010b41cdec/antenna/tag/e2806894000050038662154f, 88
1652704346.972167, sdrt-health/mac:02010b41cdec/antenna/tag/e28068940000400386621d4f, 96
1652704347.016578, sdrt-health/mac:02010b41cdec/antenna/tag/e2806894000040038662114f, 91
1652704347.060948, sdrt-health/mac:02010b41cdec/antenna/tag/e2806894000050038662194f, 81
1652704347.11205, sdrt-health/mac:02010b41cdec/antenna/tag/e28068940000400386621d4f, 96
1652704347.112304, sdrt-health/mac:02010b41cdec/antenna/tag/e28068940000400386621d4f, 77
1652704347.140013, sdrt-health/mac:02010b41cdec/antenna/tag/e2806894000040038662114f, 88
1652704347.177039, sdrt-health/mac:02010b41cdec/antenna/tag/e2806894000050038662154f, 85
1652704347.221394, sdrt-health/mac:02010b41cdec/antenna/tag/e2806894000050038661fd4f, 97
1652704347.267667, sdrt-health/mac:02010b41cdec/antenna/tag/e2806894000040038662054f, 84
1652704347.317979, sdrt-health/mac:02010b41cdec/antenna/tag/e28068940000500386620d4f, 83
1652704347.35025, sdrt-health/mac:02010b41cdec/antenna/tag/e2806894000050038662154f, 85
1652704347.350506, sdrt-health/mac:02010b41cdec/antenna/tag/e2806894000040038662114f, 85
1652704347.37199, sdrt-health/mac:02010b41cdec/antenna/tag/e28068940000500386620d4f, 83
1652704347.425039, sdrt-health/mac:02010b41cdec/antenna/tag/e2806894000050038662154f, 85
1652704347.492276, sdrt-health/mac:02010b41cdec/antenna/tag/e2806894000040038662114f, 88
1652704347.492853, sdrt-health/mac:02010b41cdec/antenna/tag/e2806894000050038662154f, 88
1652704347.518369, sdrt-health/mac:02010b41cdec/antenna/tag/e28068940000400386621d4f, 77
1652704347.572571, sdrt-health/mac:02010b41cdec/antenna/tag/e2806894000050038661fd4f, 91
1652704347.573041, sdrt-health/mac:02010b41cdec/antenna/tag/e2806894000040038662114f, 85
1652704347.588309, sdrt-health/mac:02010b41cdec/antenna/tag/e28068940000500386620d4f, 83
1652704347.618389, sdrt-health/mac:02010b41cdec/antenna/tag/e2806894000050038661fd4f, 97
1652704347.618755, sdrt-health/mac:02010b41cdec/antenna/tag/e28068940000400386621d4f, 77
1652704347.636583, sdrt-health/mac:02010b41cdec/antenna/tag/e2806894000050038662154f, 85
1652704347.677696, sdrt-health/mac:02010b41cdec/antenna/tag/e2806894000050038661fd4f, 91
1652704347.737502, sdrt-health/mac:02010b41cdec/antenna/tag/e2806894000050038662194f, 81
1652704347.781234, sdrt-health/mac:02010b41cdec/antenna/tag/e2806894000050038662154f, 85
1652704347.844378, sdrt-health/mac:02010b41cdec/antenna/tag/e2806894000050038662194f, 94
1652704347.844891, sdrt-health/mac:02010b41cdec/antenna/tag/e2806894000050038661fd4f, 91
1652704347.860494, sdrt-health/mac:02010b41cdec/antenna/tag/e2806894000050038661fd4f, 91
1652704347.860786, sdrt-health/mac:02010b41cdec/antenna/tag/e2806894000040038662114f, 93
1652704347.87581, sdrt-health/mac:02010b41cdec/antenna/tag/e2806894000050038662154f, 91
1652704347.916647, sdrt-health/mac:02010b41cdec/antenna/tag/e2806894000050038661fd4f, 97
1652704347.917156, sdrt-health/mac:02010b41cdec/antenna/tag/e28068940000500386620d4f, 97
1652704347.95647, sdrt-health/mac:02010b41cdec/antenna/tag/e28068940000400386621d4f, 96
1652704347.996738, sdrt-health/mac:02010b41cdec/antenna/tag/e2806894000040038662114f, 85
1652704348.036515, sdrt-health/mac:02010b41cdec/antenna/tag/e2806894000050038661fd4f, 91
1652704348.091409, sdrt-health/mac:02010b41cdec/antenna/tag/e2806894000040038662114f, 88
1652704348.091781, sdrt-health/mac:02010b41cdec/antenna/tag/e2806894000050038662194f, 83
1652704348.106466, sdrt-health/mac:02010b41cdec/antenna/tag/e28068940000400386621d4f, 77
1652704348.117632, sdrt-health/mac:02010b41cdec/antenna/tag/e2806894000050038661fd4f, 88
1652704348.157013, sdrt-health/mac:02010b41cdec/antenna/tag/e2806894000040038662114f, 85
1652704348.187839, sdrt-health/mac:02010b41cdec/antenna/tag/e2806894000050038662154f, 97
1652704348.188266, sdrt-health/mac:02010b41cdec/antenna/tag/e2806894000040038662054f, 94
1652704348.188675, sdrt-health/mac:02010b41cdec/antenna/tag/e28068940000400386621d4f, 96
1652704348.202563, sdrt-health/mac:02010b41cdec/antenna/tag/e2806894000040038662054f, 81
1652704348.261997, sdrt-health/mac:02010b41cdec/antenna/tag/e2806894000050038661fd4f, 97
1652704348.314526, sdrt-health/mac:02010b41cdec/antenna/tag/e2806894000050038662154f, 88
1652704348.315435, sdrt-health/mac:02010b41cdec/antenna/tag/e2806894000050038662154f, 85
1652704348.329886, sdrt-health/mac:02010b41cdec/antenna/tag/e2806894000050038662194f, 82
1652704348.357454, sdrt-health/mac:02010b41cdec/antenna/tag/e2806894000040038662054f, 88
1652704348.427803, sdrt-health/mac:02010b41cdec/antenna/tag/e2806894000050038662194f, 82
1652704348.428329, sdrt-health/mac:02010b41cdec/antenna/tag/e2806894000040038662114f, 88
1652704348.428674, sdrt-health/mac:02010b41cdec/antenna/tag/e28068940000500386620d4f, 83
1652704348.443314, sdrt-health/mac:02010b41cdec/antenna/tag/e2806894000050038661fd4f, 97
1652704348.456076, sdrt-health/mac:02010b41cdec/antenna/tag/e2806894000050038662154f, 85
1652704348.457965, sdrt-health/mac:02010b41cdec/antenna/tag/e28068940000500386620d4f, 83
1652704348.501431, sdrt-health/mac:02010b41cdec/antenna/tag/e2806894000040038662114f, 88
1652704348.5617, sdrt-health/mac:02010b41cdec/antenna/tag/e2806894000050038662154f, 88
1652704348.562214, sdrt-health/mac:02010b41cdec/antenna/tag/e2806894000040038662114f, 85
1652704348.596608, sdrt-health/mac:02010b41cdec/antenna/tag/e28068940000400386621d4f, 96
1652704348.626367, sdrt-health/mac:02010b41cdec/antenna/tag/e28068940000400386621d4f, 96
1652704348.62659, sdrt-health/mac:02010b41cdec/antenna/tag/e28068940000500386620d4f, 97
1652704348.643104, sdrt-health/mac:02010b41cdec/antenna/tag/e2806894000050038662154f, 85
1652704348.676372, sdrt-health/mac:02010b41cdec/antenna/tag/e2806894000040038662114f, 85
1652704348.716633, sdrt-health/mac:02010b41cdec/antenna/tag/e2806894000050038662154f, 85
1652704348.757335, sdrt-health/mac:02010b41cdec/antenna/tag/e2806894000040038662114f, 88
1652704348.795953, sdrt-health/mac:02010b41cdec/antenna/tag/e2806894000040038662114f, 88
1652704348.797205, sdrt-health/mac:02010b41cdec/antenna/tag/e2806894000050038662154f, 88
1652704348.836964, sdrt-health/mac:02010b41cdec/antenna/tag/e28068940000500386620d4f, 83
1652704348.876484, sdrt-health/mac:02010b41cdec/antenna/tag/e2806894000050038662154f, 88
1652704348.907727, sdrt-health/mac:02010b41cdec/antenna/tag/e28068940000400386621d4f, 77
1652704348.908228, sdrt-health/mac:02010b41cdec/antenna/tag/e28068940000500386620d4f, 91
1652704348.926539, sdrt-health/mac:02010b41cdec/antenna/tag/e28068940000500386620d4f, 83
1652704348.989527, sdrt-health/mac:02010b41cdec/antenna/tag/e2806894000050038662194f, 81
1652704348.98999, sdrt-health/mac:02010b41cdec/antenna/tag/e28068940000400386621d4f, 77
1652704349.005855, sdrt-health/mac:02010b41cdec/antenna/tag/e2806894000050038662154f, 85
1652704349.016445, sdrt-health/mac:02010b41cdec/antenna/tag/e2806894000050038661fd4f, 91
1652704349.021006, sdrt-health/mac:02010b41cdec/antenna/tag/e2806894000050038662194f, 81
1652704349.077071, sdrt-health/mac:02010b41cdec/antenna/tag/e2806894000050038661fd4f, 91
1652704349.115819, sdrt-health/mac:02010b41cdec/antenna/tag/e2806894000050038662154f, 85
1652704349.157288, sdrt-health/mac:02010b41cdec/antenna/tag/e28068940000400386621d4f, 77
1652704349.197235, sdrt-health/mac:02010b41cdec/antenna/tag/e2806894000040038661f94f, 94
1652704349.273443, sdrt-health/mac:02010b41cdec/antenna/tag/e28068940000400386621d4f, 77
1652704349.273907, sdrt-health/mac:02010b41cdec/antenna/tag/e2806894000050038662154f, 88
1652704349.27427, sdrt-health/mac:02010b41cdec/antenna/tag/e2806894000050038661fd4f, 83
1652704349.294947, sdrt-health/mac:02010b41cdec/antenna/tag/e2806894000040038662114f, 85
1652704349.343871, sdrt-health/mac:02010b41cdec/antenna/tag/e2806894000050038661fd4f, 83
1652704349.397795, sdrt-health/mac:02010b41cdec/antenna/tag/e2806894000040038662114f, 88
1652704349.489059, sdrt-health/mac:02010b41cdec/antenna/tag/e28068940000400386621d4f, 96
1652704349.489764, sdrt-health/mac:02010b41cdec/antenna/tag/e2806894000050038661fd4f, 97
1652704349.518719, sdrt-health/mac:02010b41cdec/antenna/tag/e2806894000050038662154f, 88
1652704349.557708, sdrt-health/mac:02010b41cdec/antenna/tag/e2806894000040038662214f, 94
1652704349.596352, sdrt-health/mac:02010b41cdec/antenna/tag/e28068940000400386621d4f, 77
1652704349.645311, sdrt-health/mac:02010b41cdec/antenna/tag/e2806894000050038662154f, 93
1652704349.645647, sdrt-health/mac:02010b41cdec/antenna/tag/e2806894000040038661f94f, 110
1652704349.694022, sdrt-health/mac:02010b41cdec/antenna/tag/e2806894000050038661fd4f, 91
1652704349.751489, sdrt-health/mac:02010b41cdec/antenna/tag/e28068940000500386620d4f, 97
1652704349.751898, sdrt-health/mac:02010b41cdec/antenna/tag/e28068940000400386621d4f, 77
1652704349.768895, sdrt-health/mac:02010b41cdec/antenna/tag/e2806894000040038662114f, 85
1652704349.81136, sdrt-health/mac:02010b41cdec/antenna/tag/e2806894000050038662154f, 85
1652704349.811841, sdrt-health/mac:02010b41cdec/antenna/tag/e2806894000050038661fd4f, 91
1652704349.812152, sdrt-health/mac:02010b41cdec/antenna/tag/e2806894000040038662114f, 85
1652704349.827548, sdrt-health/mac:02010b41cdec/antenna/tag/e2806894000040038662054f, 84
1652704349.897846, sdrt-health/mac:02010b41cdec/antenna/tag/e2806894000040038662114f, 91
1652704349.986828, sdrt-health/mac:02010b41cdec/antenna/tag/e28068940000400386621d4f, 96
1652704350.037213, sdrt-health/mac:02010b41cdec/antenna/tag/e28068940000500386620d4f, 83
1652704350.077553, sdrt-health/mac:02010b41cdec/antenna/tag/e2806894000040038662214f, 83
1652704350.115949, sdrt-health/mac:02010b41cdec/antenna/tag/e2806894000050038661fd4f, 91
1652704350.11616, sdrt-health/mac:02010b41cdec/antenna/tag/e28068940000400386621d4f, 77
1652704350.156584, sdrt-health/mac:02010b41cdec/antenna/tag/e2806894000040038662114f, 85
1652704350.22089, sdrt-health/mac:02010b41cdec/antenna/tag/e2806894000050038662154f, 93
1652704350.221342, sdrt-health/mac:02010b41cdec/antenna/tag/e2806894000040038661f94f, 94
1652704350.236806, sdrt-health/mac:02010b41cdec/antenna/tag/e2806894000050038661fd4f, 91
1652704350.25265, sdrt-health/mac:02010b41cdec/antenna/tag/e28068940000400386621d4f, 96
1652704350.31383, sdrt-health/mac:02010b41cdec/antenna/tag/e28068940000500386620d4f, 83
1652704350.31518, sdrt-health/mac:02010b41cdec/antenna/tag/e2806894000050038662154f, 88
1652704350.340674, sdrt-health/mac:02010b41cdec/antenna/tag/e28068940000500386620d4f, 91
1652704350.377239, sdrt-health/mac:02010b41cdec/antenna/tag/e2806894000040038662114f, 85
1652704350.421314, sdrt-health/mac:02010b41cdec/antenna/tag/e2806894000040038662114f, 85
1652704350.47285, sdrt-health/mac:02010b41cdec/antenna/tag/e2806894000050038662154f, 88
1652704350.473317, sdrt-health/mac:02010b41cdec/antenna/tag/e28068940000500386620d4f, 83
1652704350.500131, sdrt-health/mac:02010b41cdec/antenna/tag/e28068940000500386620d4f, 97
1652704350.529998, sdrt-health/mac:02010b41cdec/antenna/tag/e2806894000040038662214f, 88
1652704350.530267, sdrt-health/mac:02010b41cdec/antenna/tag/e2806894000040038661f94f, 94
1652704350.547557, sdrt-health/mac:02010b41cdec/antenna/tag/e2806894000050038662154f, 87
1652704350.547833, sdrt-health/mac:02010b41cdec/antenna/tag/e2806894000040038661f94f, 82
1652704350.580414, sdrt-health/mac:02010b41cdec/antenna/tag/e2806894000040038662114f, 85
1652704350.627637, sdrt-health/mac:02010b41cdec/antenna/tag/e28068940000400386621d4f, 77
1652704350.657978, sdrt-health/mac:02010b41cdec/antenna/tag/e2806894000050038661fd4f, 97
1652704350.65826, sdrt-health/mac:02010b41cdec/antenna/tag/e2806894000040038662114f, 88
1652704350.676004, sdrt-health/mac:02010b41cdec/antenna/tag/e2806894000050038661fd4f, 83
1652704350.708604, sdrt-health/mac:02010b41cdec/antenna/tag/e2806894000050038662154f, 88
1652704350.708862, sdrt-health/mac:02010b41cdec/antenna/tag/e28068940000400386621d4f, 77
1652704350.72318, sdrt-health/mac:02010b41cdec/antenna/tag/e2806894000050038661fd4f, 97
1652704350.72348, sdrt-health/mac:02010b41cdec/antenna/tag/e2806894000050038661fd4f, 83
1652704350.755596, sdrt-health/mac:02010b41cdec/antenna/tag/e2806894000040038662114f, 85
1652704350.7967, sdrt-health/mac:02010b41cdec/antenna/tag/e2806894000050038662154f, 91
1652704350.856633, sdrt-health/mac:02010b41cdec/antenna/tag/e28068940000500386620d4f, 83
1652704350.903011, sdrt-health/mac:02010b41cdec/antenna/tag/e2806894000040038662114f, 88
1652704350.947048, sdrt-health/mac:02010b41cdec/antenna/tag/e2806894000040038662054f, 84
1652704350.995801, sdrt-health/mac:02010b41cdec/antenna/tag/e2806894000050038662154f, 88
1652704351.02835, sdrt-health/mac:02010b41cdec/antenna/tag/e2806894000050038662154f, 87
1652704351.028664, sdrt-health/mac:02010b41cdec/antenna/tag/e2806894000050038662194f, 81
1652704351.043539, sdrt-health/mac:02010b41cdec/antenna/tag/e28068940000500386620d4f, 83
1652704351.076755, sdrt-health/mac:02010b41cdec/antenna/tag/e28068940000400386621d4f, 77
1652704351.156363, sdrt-health/mac:02010b41cdec/antenna/tag/e2806894000040038662114f, 85
1652704351.15713, sdrt-health/mac:02010b41cdec/antenna/tag/e2806894000050038662154f, 88
1652704351.186893, sdrt-health/mac:02010b41cdec/antenna/tag/e2806894000050038662154f, 88
1652704351.264991, sdrt-health/mac:02010b41cdec/antenna/tag/e28068940000500386620d4f, 83
1652704351.332366, sdrt-health/mac:02010b41cdec/antenna/tag/e28068940000500386620d4f, 83
1652704351.332819, sdrt-health/mac:02010b41cdec/antenna/tag/e2806894000050038661fd4f, 97
1652704351.333189, sdrt-health/mac:02010b41cdec/antenna/tag/e28068940000400386621d4f, 96
1652704351.374667, sdrt-health/mac:02010b41cdec/antenna/tag/e2806894000050038662154f, 88
1652704351.431637, sdrt-health/mac:02010b41cdec/antenna/tag/e2806894000050038662154f, 88
1652704351.432103, sdrt-health/mac:02010b41cdec/antenna/tag/e2806894000040038662214f, 81
1652704351.44711, sdrt-health/mac:02010b41cdec/antenna/tag/e2806894000050038662154f, 85
1652704351.460523, sdrt-health/mac:02010b41cdec/antenna/tag/e28068940000400386621d4f, 77
1652704351.505945, sdrt-health/mac:02010b41cdec/antenna/tag/e2806894000040038662214f, 84
1652704351.55702, sdrt-health/mac:02010b41cdec/antenna/tag/e2806894000040038662114f, 85
1652704351.61165, sdrt-health/mac:02010b41cdec/antenna/tag/e2806894000050038662154f, 85
1652704351.61184, sdrt-health/mac:02010b41cdec/antenna/tag/e28068940000500386620d4f, 91
1652704351.611938, sdrt-health/mac:02010b41cdec/antenna/tag/e28068940000400386621d4f, 77
1652704351.668185, sdrt-health/mac:02010b41cdec/antenna/tag/e2806894000040038662114f, 93
1652704351.716182, sdrt-health/mac:02010b41cdec/antenna/tag/e2806894000040038662114f, 85
1652704351.773555, sdrt-health/mac:02010b41cdec/antenna/tag/e2806894000040038662114f, 85
1652704351.816747, sdrt-health/mac:02010b41cdec/antenna/tag/e2806894000040038662114f, 88
1652704351.874968, sdrt-health/mac:02010b41cdec/antenna/tag/e2806894000050038661fd4f, 83
1652704351.875418, sdrt-health/mac:02010b41cdec/antenna/tag/e2806894000040038662114f, 85
1652704351.916828, sdrt-health/mac:02010b41cdec/antenna/tag/e2806894000050038662194f, 83
1652704351.966196, sdrt-health/mac:02010b41cdec/antenna/tag/e2806894000040038662114f, 88
1652704352.013961, sdrt-health/mac:02010b41cdec/antenna/tag/e28068940000400386621d4f, 96
1652704352.072847, sdrt-health/mac:02010b41cdec/antenna/tag/e2806894000050038661fd4f, 83
1652704352.073307, sdrt-health/mac:02010b41cdec/antenna/tag/e28068940000500386620d4f, 83
1652704352.100094, sdrt-health/mac:02010b41cdec/antenna/tag/e28068940000400386621d4f, 77
1652704352.136482, sdrt-health/mac:02010b41cdec/antenna/tag/e2806894000050038661fd4f, 91
1652704352.137249, sdrt-health/mac:02010b41cdec/antenna/tag/e2806894000050038662154f, 93
1652704352.189023, sdrt-health/mac:02010b41cdec/antenna/tag/e2806894000050038662154f, 88
1652704352.246196, sdrt-health/mac:02010b41cdec/antenna/tag/e2806894000050038662194f, 83
1652704352.246639, sdrt-health/mac:02010b41cdec/antenna/tag/e28068940000400386621d4f, 96
1652704352.26155, sdrt-health/mac:02010b41cdec/antenna/tag/e2806894000050038662154f, 85
1652704352.292744, sdrt-health/mac:02010b41cdec/antenna/tag/e28068940000400386621d4f, 96
1652704352.292955, sdrt-health/mac:02010b41cdec/antenna/tag/e2806894000040038662114f, 88
1652704352.333297, sdrt-health/mac:02010b41cdec/antenna/tag/e28068940000400386621d4f, 96
1652704352.393749, sdrt-health/mac:02010b41cdec/antenna/tag/e28068940000500386620d4f, 83
1652704352.394139, sdrt-health/mac:02010b41cdec/antenna/tag/e2806894000050038661fd4f, 97
1652704352.409282, sdrt-health/mac:02010b41cdec/antenna/tag/e2806894000040038662114f, 85
1652704352.420485, sdrt-health/mac:02010b41cdec/antenna/tag/e2806894000050038661fd4f, 91
1652704352.467764, sdrt-health/mac:02010b41cdec/antenna/tag/e28068940000500386620d4f, 83
1652704352.516592, sdrt-health/mac:02010b41cdec/antenna/tag/e2806894000050038662194f, 81
1652704352.5803, sdrt-health/mac:02010b41cdec/antenna/tag/e2806894000050038661fd4f, 97
1652704352.615981, sdrt-health/mac:02010b41cdec/antenna/tag/e2806894000040038662114f, 85
1652704352.676154, sdrt-health/mac:02010b41cdec/antenna/tag/e28068940000400386621d4f, 77
1652704352.676639, sdrt-health/mac:02010b41cdec/antenna/tag/e2806894000050038662154f, 93
1652704352.707296, sdrt-health/mac:02010b41cdec/antenna/tag/e2806894000050038662154f, 87
1652704352.772387, sdrt-health/mac:02010b41cdec/antenna/tag/e2806894000040038662114f, 85
1652704352.772859, sdrt-health/mac:02010b41cdec/antenna/tag/e28068940000400386621d4f, 77
1652704352.820643, sdrt-health/mac:02010b41cdec/antenna/tag/e2806894000050038662194f, 83
1652704352.855723, sdrt-health/mac:02010b41cdec/antenna/tag/e28068940000400386621d4f, 77
1652704352.923917, sdrt-health/mac:02010b41cdec/antenna/tag/e2806894000050038662154f, 85
1652704352.924424, sdrt-health/mac:02010b41cdec/antenna/tag/e2806894000050038661fd4f, 88
1652704352.946845, sdrt-health/mac:02010b41cdec/antenna/tag/e2806894000040038662114f, 85
1652704352.947142, sdrt-health/mac:02010b41cdec/antenna/tag/e2806894000040038662114f, 88
1652704352.962434, sdrt-health/mac:02010b41cdec/antenna/tag/e28068940000500386620d4f, 97
1652704353.006315, sdrt-health/mac:02010b41cdec/antenna/tag/e2806894000050038661fd4f, 97
1652704353.053005, sdrt-health/mac:02010b41cdec/antenna/tag/e2806894000050038662194f, 94
1652704353.096696, sdrt-health/mac:02010b41cdec/antenna/tag/e2806894000050038662154f, 85
1652704353.141489, sdrt-health/mac:02010b41cdec/antenna/tag/e2806894000050038662194f, 93
1652704353.186451, sdrt-health/mac:02010b41cdec/antenna/tag/e2806894000040038662114f, 88
1652704353.23768, sdrt-health/mac:02010b41cdec/antenna/tag/e28068940000400386621d4f, 80
1652704353.238436, sdrt-health/mac:02010b41cdec/antenna/tag/e2806894000040038662214f, 82
1652704353.310741, sdrt-health/mac:02010b41cdec/antenna/tag/e2806894000040038662114f, 85
1652704353.311276, sdrt-health/mac:02010b41cdec/antenna/tag/e2806894000050038662194f, 81
1652704353.328534, sdrt-health/mac:02010b41cdec/antenna/tag/e2806894000050038661fd4f, 97
1652704353.355088, sdrt-health/mac:02010b41cdec/antenna/tag/e2806894000050038662194f, 84
1652704353.412907, sdrt-health/mac:02010b41cdec/antenna/tag/e28068940000500386620d4f, 83
1652704353.41344, sdrt-health/mac:02010b41cdec/antenna/tag/e2806894000040038662114f, 88
1652704353.428186, sdrt-health/mac:02010b41cdec/antenna/tag/e28068940000400386621d4f, 96
1652704353.428564, sdrt-health/mac:02010b41cdec/antenna/tag/e2806894000050038662154f, 88
1652704353.428855, sdrt-health/mac:02010b41cdec/antenna/tag/e2806894000050038662154f, 85
1652704353.506945, sdrt-health/mac:02010b41cdec/antenna/tag/e2806894000050038661fd4f, 83
1652704353.58755, sdrt-health/mac:02010b41cdec/antenna/tag/e28068940000500386620d4f, 83
1652704353.646291, sdrt-health/mac:02010b41cdec/antenna/tag/e2806894000040038662114f, 88
1652704353.724843, sdrt-health/mac:02010b41cdec/antenna/tag/e2806894000040038662114f, 85
1652704353.725317, sdrt-health/mac:02010b41cdec/antenna/tag/e2806894000040038662114f, 88
1652704353.740521, sdrt-health/mac:02010b41cdec/antenna/tag/e2806894000050038661fd4f, 97
1652704353.772338, sdrt-health/mac:02010b41cdec/antenna/tag/e2806894000050038662194f, 81
1652704353.772701, sdrt-health/mac:02010b41cdec/antenna/tag/e2806894000050038661fd4f, 83
1652704353.787018, sdrt-health/mac:02010b41cdec/antenna/tag/e2806894000040038662114f, 85
1652704353.797008, sdrt-health/mac:02010b41cdec/antenna/tag/e28068940000500386620d4f, 97
1652704353.869427, sdrt-health/mac:02010b41cdec/antenna/tag/e28068940000500386620d4f, 83
1652704353.933779, sdrt-health/mac:02010b41cdec/antenna/tag/e28068940000400386621d4f, 96
1652704353.965729, sdrt-health/mac:02010b41cdec/antenna/tag/e2806894000040038662054f, 84
1652704353.966246, sdrt-health/mac:02010b41cdec/antenna/tag/e2806894000050038661fd4f, 97
1652704353.999481, sdrt-health/mac:02010b41cdec/antenna/tag/e2806894000050038662194f, 81
1652704354.044825, sdrt-health/mac:02010b41cdec/antenna/tag/e2806894000040038662114f, 85
1652704354.093371, sdrt-health/mac:02010b41cdec/antenna/tag/e2806894000040038662114f, 85
1652704354.151428, sdrt-health/mac:02010b41cdec/antenna/tag/e2806894000050038662194f, 81
1652704354.151879, sdrt-health/mac:02010b41cdec/antenna/tag/e2806894000040038662054f, 94
1652704354.167619, sdrt-health/mac:02010b41cdec/antenna/tag/e2806894000050038661fd4f, 91
1652704354.181297, sdrt-health/mac:02010b41cdec/antenna/tag/e28068940000400386621d4f, 77
1652704354.260501, sdrt-health/mac:02010b41cdec/antenna/tag/e2806894000050038662154f, 93
1652704354.297336, sdrt-health/mac:02010b41cdec/antenna/tag/e28068940000500386620d4f, 83
1652704354.339835, sdrt-health/mac:02010b41cdec/antenna/tag/e28068940000400386621d4f, 77
1652704354.376602, sdrt-health/mac:02010b41cdec/antenna/tag/e28068940000400386621d4f, 96
1652704354.421293, sdrt-health/mac:02010b41cdec/antenna/tag/e2806894000040038662114f, 87
1652704354.471903, sdrt-health/mac:02010b41cdec/antenna/tag/e28068940000400386621d4f, 96
1652704354.472424, sdrt-health/mac:02010b41cdec/antenna/tag/e2806894000040038662114f, 85
1652704354.487628, sdrt-health/mac:02010b41cdec/antenna/tag/e28068940000500386620d4f, 83
1652704354.517969, sdrt-health/mac:02010b41cdec/antenna/tag/e28068940000500386620d4f, 83
1652704354.518355, sdrt-health/mac:02010b41cdec/antenna/tag/e28068940000500386620d4f, 83
1652704354.556898, sdrt-health/mac:02010b41cdec/antenna/tag/e2806894000050038661fd4f, 88
1652704354.596488, sdrt-health/mac:02010b41cdec/antenna/tag/e2806894000040038662114f, 85
1652704354.596947, sdrt-health/mac:02010b41cdec/antenna/tag/e2806894000050038662154f, 93
1652704354.652752, sdrt-health/mac:02010b41cdec/antenna/tag/e2806894000040038662054f, 94
1652704354.69735, sdrt-health/mac:02010b41cdec/antenna/tag/e2806894000050038661fd4f, 83
1652704354.740451, sdrt-health/mac:02010b41cdec/antenna/tag/e28068940000400386621d4f, 77
1652704354.776296, sdrt-health/mac:02010b41cdec/antenna/tag/e2806894000050038662194f, 84
1652704354.821324, sdrt-health/mac:02010b41cdec/antenna/tag/e2806894000050038662154f, 88
1652704354.915556, sdrt-health/mac:02010b41cdec/antenna/tag/e2806894000050038661fd4f, 83
1652704355.036041, sdrt-health/mac:02010b41cdec/antenna/tag/e2806894000050038662154f, 88
1652704355.077561, sdrt-health/mac:02010b41cdec/antenna/tag/e2806894000040038662114f, 85
1652704355.132978, sdrt-health/mac:02010b41cdec/antenna/tag/e28068940000500386620d4f, 83
1652704355.13347, sdrt-health/mac:02010b41cdec/antenna/tag/e2806894000050038661fd4f, 97
1652704355.156127, sdrt-health/mac:02010b41cdec/antenna/tag/e2806894000050038662194f, 88
1652704355.212739, sdrt-health/mac:02010b41cdec/antenna/tag/e2806894000040038662114f, 88
1652704355.27315, sdrt-health/mac:02010b41cdec/antenna/tag/e28068940000400386621d4f, 77
1652704355.273611, sdrt-health/mac:02010b41cdec/antenna/tag/e2806894000050038662154f, 93
1652704355.288528, sdrt-health/mac:02010b41cdec/antenna/tag/e28068940000500386620d4f, 86
1652704355.323086, sdrt-health/mac:02010b41cdec/antenna/tag/e28068940000400386621d4f, 77
1652704355.323417, sdrt-health/mac:02010b41cdec/antenna/tag/e28068940000400386621d4f, 96
1652704355.338354, sdrt-health/mac:02010b41cdec/antenna/tag/e2806894000050038662154f, 88
1652704355.338667, sdrt-health/mac:02010b41cdec/antenna/tag/e2806894000040038662114f, 85
1652704355.347494, sdrt-health/mac:02010b41cdec/antenna/tag/e2806894000050038661fd4f, 83
1652704355.416723, sdrt-health/mac:02010b41cdec/antenna/tag/e2806894000040038662114f, 88
1652704355.462135, sdrt-health/mac:02010b41cdec/antenna/tag/e2806894000050038662194f, 83
1652704355.506298, sdrt-health/mac:02010b41cdec/antenna/tag/e28068940000400386621d4f, 96
1652704355.572108, sdrt-health/mac:02010b41cdec/antenna/tag/e2806894000040038662114f, 88
1652704355.572455, sdrt-health/mac:02010b41cdec/antenna/tag/e2806894000040038662114f, 85
1652704355.597888, sdrt-health/mac:02010b41cdec/antenna/tag/e28068940000400386621d4f, 77
1652704355.62892, sdrt-health/mac:02010b41cdec/antenna/tag/e2806894000050038661fd4f, 97
1652704355.629185, sdrt-health/mac:02010b41cdec/antenna/tag/e2806894000050038662154f, 88
1652704355.643843, sdrt-health/mac:02010b41cdec/antenna/tag/e28068940000500386620d4f, 83
1652704355.64412, sdrt-health/mac:02010b41cdec/antenna/tag/e2806894000050038661fd4f, 97
1652704355.691341, sdrt-health/mac:02010b41cdec/antenna/tag/e2806894000040038661f94f, 81
1652704355.752007, sdrt-health/mac:02010b41cdec/antenna/tag/e2806894000050038661fd4f, 83
1652704355.752494, sdrt-health/mac:02010b41cdec/antenna/tag/e2806894000050038662154f, 85
1652704355.75283, sdrt-health/mac:02010b41cdec/antenna/tag/e28068940000400386621d4f, 96
1652704355.781278, sdrt-health/mac:02010b41cdec/antenna/tag/e28068940000500386620d4f, 83
1652704355.827422, sdrt-health/mac:02010b41cdec/antenna/tag/e28068940000500386620d4f, 83
1652704355.877346, sdrt-health/mac:02010b41cdec/antenna/tag/e2806894000050038661fd4f, 83
1652704355.916298, sdrt-health/mac:02010b41cdec/antenna/tag/e2806894000050038662154f, 91
1652704356.014061, sdrt-health/mac:02010b41cdec/antenna/tag/e28068940000400386621d4f, 96
1652704356.05545, sdrt-health/mac:02010b41cdec/antenna/tag/e2806894000050038661fd4f, 97
1652704356.102175, sdrt-health/mac:02010b41cdec/antenna/tag/e2806894000040038662214f, 88
1652704356.144788, sdrt-health/mac:02010b41cdec/antenna/tag/e28068940000400386621d4f, 77
1652704356.197402, sdrt-health/mac:02010b41cdec/antenna/tag/e2806894000050038662154f, 88
1652704356.2372, sdrt-health/mac:02010b41cdec/antenna/tag/e2806894000050038661fd4f, 91
1652704356.276881, sdrt-health/mac:02010b41cdec/antenna/tag/e2806894000040038662114f, 85
1652704356.351801, sdrt-health/mac:02010b41cdec/antenna/tag/e28068940000400386621d4f, 96
1652704356.386935, sdrt-health/mac:02010b41cdec/antenna/tag/e28068940000500386620d4f, 83
1652704356.453157, sdrt-health/mac:02010b41cdec/antenna/tag/e28068940000400386621d4f, 77
1652704356.453609, sdrt-health/mac:02010b41cdec/antenna/tag/e2806894000050038662154f, 85
1652704356.45399, sdrt-health/mac:02010b41cdec/antenna/tag/e2806894000040038662054f, 94
1652704356.476364, sdrt-health/mac:02010b41cdec/antenna/tag/e2806894000050038661fd4f, 83
1652704356.516752, sdrt-health/mac:02010b41cdec/antenna/tag/e2806894000050038661fd4f, 83
1652704356.571726, sdrt-health/mac:02010b41cdec/antenna/tag/e28068940000400386621d4f, 77
1652704356.572227, sdrt-health/mac:02010b41cdec/antenna/tag/e2806894000050038662154f, 88
1652704356.587265, sdrt-health/mac:02010b41cdec/antenna/tag/e28068940000500386620d4f, 83
1652704356.596929, sdrt-health/mac:02010b41cdec/antenna/tag/e2806894000040038662114f, 85
1652704356.602787, sdrt-health/mac:02010b41cdec/antenna/tag/e2806894000040038661f94f, 82
1652704356.652462, sdrt-health/mac:02010b41cdec/antenna/tag/e2806894000040038662114f, 85
1652704356.704776, sdrt-health/mac:02010b41cdec/antenna/tag/e2806894000040038661f94f, 88
1652704356.705259, sdrt-health/mac:02010b41cdec/antenna/tag/e2806894000050038661fd4f, 91
1652704356.783063, sdrt-health/mac:02010b41cdec/antenna/tag/e2806894000050038662154f, 93
1652704356.783512, sdrt-health/mac:02010b41cdec/antenna/tag/e28068940000500386620d4f, 97
1652704356.799404, sdrt-health/mac:02010b41cdec/antenna/tag/e2806894000050038662154f, 85
1652704356.872531, sdrt-health/mac:02010b41cdec/antenna/tag/e28068940000500386620d4f, 97
1652704356.873022, sdrt-health/mac:02010b41cdec/antenna/tag/e2806894000040038662114f, 85
1652704356.900973, sdrt-health/mac:02010b41cdec/antenna/tag/e2806894000050038662154f, 88
1652704356.948068, sdrt-health/mac:02010b41cdec/antenna/tag/e28068940000400386621d4f, 77
1652704356.996558, sdrt-health/mac:02010b41cdec/antenna/tag/e2806894000040038662214f, 94
1652704357.053508, sdrt-health/mac:02010b41cdec/antenna/tag/e28068940000400386621d4f, 77
1652704357.053916, sdrt-health/mac:02010b41cdec/antenna/tag/e2806894000050038661fd4f, 91
1652704357.071281, sdrt-health/mac:02010b41cdec/antenna/tag/e2806894000040038662214f, 81
1652704357.076632, sdrt-health/mac:02010b41cdec/antenna/tag/e2806894000040038662114f, 85
1652704357.133123, sdrt-health/mac:02010b41cdec/antenna/tag/e2806894000050038662154f, 88
1652704357.212489, sdrt-health/mac:02010b41cdec/antenna/tag/e2806894000050038662154f, 88
1652704357.213006, sdrt-health/mac:02010b41cdec/antenna/tag/e2806894000050038662194f, 81
1652704357.236974, sdrt-health/mac:02010b41cdec/antenna/tag/e2806894000040038661f94f, 94
1652704357.275992, sdrt-health/mac:02010b41cdec/antenna/tag/e2806894000040038662054f, 81
1652704357.31965, sdrt-health/mac:02010b41cdec/antenna/tag/e2806894000050038661fd4f, 83
1652704357.389721, sdrt-health/mac:02010b41cdec/antenna/tag/e2806894000040038662114f, 88
1652704357.390167, sdrt-health/mac:02010b41cdec/antenna/tag/e2806894000040038662054f, 88
1652704357.41642, sdrt-health/mac:02010b41cdec/antenna/tag/e2806894000050038661fd4f, 97
1652704357.416745, sdrt-health/mac:02010b41cdec/antenna/tag/e2806894000040038662114f, 88
1652704357.461248, sdrt-health/mac:02010b41cdec/antenna/tag/e2806894000040038662114f, 93
1652704357.50673, sdrt-health/mac:02010b41cdec/antenna/tag/e28068940000500386620d4f, 86
1652704357.56581, sdrt-health/mac:02010b41cdec/antenna/tag/e2806894000050038662154f, 93
1652704357.63055, sdrt-health/mac:02010b41cdec/antenna/tag/e2806894000050038661fd4f, 91
1652704357.631061, sdrt-health/mac:02010b41cdec/antenna/tag/e2806894000040038662114f, 85
1652704357.631396, sdrt-health/mac:02010b41cdec/antenna/tag/e2806894000040038662114f, 88
1652704357.646753, sdrt-health/mac:02010b41cdec/antenna/tag/e28068940000500386620d4f, 86
1652704357.677172, sdrt-health/mac:02010b41cdec/antenna/tag/e2806894000050038662154f, 88
1652704357.710802, sdrt-health/mac:02010b41cdec/antenna/tag/e2806894000050038661fd4f, 83
1652704357.711032, sdrt-health/mac:02010b41cdec/antenna/tag/e28068940000500386620d4f, 83
1652704357.711189, sdrt-health/mac:02010b41cdec/antenna/tag/e2806894000050038661fd4f, 83
1652704357.727861, sdrt-health/mac:02010b41cdec/antenna/tag/e2806894000040038662114f, 85
1652704357.774255, sdrt-health/mac:02010b41cdec/antenna/tag/e28068940000500386620d4f, 97
1652704357.817845, sdrt-health/mac:02010b41cdec/antenna/tag/e2806894000050038662154f, 88
1652704357.862463, sdrt-health/mac:02010b41cdec/antenna/tag/e2806894000040038662114f, 88
1652704357.907216, sdrt-health/mac:02010b41cdec/antenna/tag/e2806894000040038662114f, 85
1652704357.974174, sdrt-health/mac:02010b41cdec/antenna/tag/e2806894000050038662194f, 81
1652704357.974476, sdrt-health/mac:02010b41cdec/antenna/tag/e2806894000050038662194f, 94
1652704357.997024, sdrt-health/mac:02010b41cdec/antenna/tag/e2806894000040038662114f, 85
1652704358.036177, sdrt-health/mac:02010b41cdec/antenna/tag/e28068940000500386620d4f, 83
1652704358.098347, sdrt-health/mac:02010b41cdec/antenna/tag/e28068940000400386621d4f, 77
1652704358.098581, sdrt-health/mac:02010b41cdec/antenna/tag/e28068940000500386620d4f, 83
1652704358.114984, sdrt-health/mac:02010b41cdec/antenna/tag/e2806894000040038662114f, 85
1652704358.115196, sdrt-health/mac:02010b41cdec/antenna/tag/e28068940000500386620d4f, 83
1652704358.115337, sdrt-health/mac:02010b41cdec/antenna/tag/e2806894000040038662114f, 88
1652704358.130436, sdrt-health/mac:02010b41cdec/antenna/tag/e2806894000050038662154f, 87
1652704358.173682, sdrt-health/mac:02010b41cdec/antenna/tag/e2806894000050038662154f, 88
1652704358.217574, sdrt-health/mac:02010b41cdec/antenna/tag/e28068940000400386621d4f, 77
1652704358.316163, sdrt-health/mac:02010b41cdec/antenna/tag/e28068940000500386620d4f, 83
1652704358.357145, sdrt-health/mac:02010b41cdec/antenna/tag/e2806894000040038662114f, 85
1652704358.412157, sdrt-health/mac:02010b41cdec/antenna/tag/e2806894000050038662154f, 85
1652704358.412615, sdrt-health/mac:02010b41cdec/antenna/tag/e2806894000050038662154f, 88
1652704358.436725, sdrt-health/mac:02010b41cdec/antenna/tag/e2806894000040038662114f, 91
1652704358.476585, sdrt-health/mac:02010b41cdec/antenna/tag/e28068940000500386620d4f, 97
1652704358.533627, sdrt-health/mac:02010b41cdec/antenna/tag/e2806894000040038662114f, 88
1652704358.534375, sdrt-health/mac:02010b41cdec/antenna/tag/e2806894000050038661fd4f, 83
1652704358.5562, sdrt-health/mac:02010b41cdec/antenna/tag/e2806894000050038661fd4f, 97
1652704358.612093, sdrt-health/mac:02010b41cdec/antenna/tag/e2806894000050038662154f, 93
1652704358.612317, sdrt-health/mac:02010b41cdec/antenna/tag/e2806894000050038661fd4f, 91
1652704358.627039, sdrt-health/mac:02010b41cdec/antenna/tag/e2806894000040038662114f, 85
1652704358.63619, sdrt-health/mac:02010b41cdec/antenna/tag/e2806894000050038662154f, 93
1652704358.64282, sdrt-health/mac:02010b41cdec/antenna/tag/e2806894000050038662194f, 94
1652704358.704912, sdrt-health/mac:02010b41cdec/antenna/tag/e2806894000050038661fd4f, 83
1652704358.7717, sdrt-health/mac:02010b41cdec/antenna/tag/e2806894000050038661fd4f, 97
1652704358.7723, sdrt-health/mac:02010b41cdec/antenna/tag/e2806894000050038662194f, 83
1652704358.772636, sdrt-health/mac:02010b41cdec/antenna/tag/e2806894000050038662194f, 81
1652704358.791042, sdrt-health/mac:02010b41cdec/antenna/tag/e2806894000050038661fd4f, 83
1652704358.791262, sdrt-health/mac:02010b41cdec/antenna/tag/e28068940000400386621d4f, 96
1652704358.813431, sdrt-health/mac:02010b41cdec/antenna/tag/e28068940000400386621d4f, 96
1652704358.856427, sdrt-health/mac:02010b41cdec/antenna/tag/e28068940000400386621d4f, 96
1652704358.900697, sdrt-health/mac:02010b41cdec/antenna/tag/e2806894000050038662154f, 85
1652704358.954625, sdrt-health/mac:02010b41cdec/antenna/tag/e2806894000050038662154f, 85
1652704358.996309, sdrt-health/mac:02010b41cdec/antenna/tag/e2806894000050038662154f, 85
1652704359.02583, sdrt-health/mac:02010b41cdec/antenna/tag/e2806894000050038662194f, 88
1652704359.026079, sdrt-health/mac:02010b41cdec/antenna/tag/e28068940000400386621d4f, 77
1652704359.059889, sdrt-health/mac:02010b41cdec/antenna/tag/e2806894000050038662154f, 85
1652704359.106652, sdrt-health/mac:02010b41cdec/antenna/tag/e28068940000500386620d4f, 83
1652704359.172465, sdrt-health/mac:02010b41cdec/antenna/tag/e28068940000500386620d4f, 83
1652704359.17304, sdrt-health/mac:02010b41cdec/antenna/tag/e2806894000050038662154f, 88
1652704359.19627, sdrt-health/mac:02010b41cdec/antenna/tag/e2806894000040038662214f, 83
1652704359.196742, sdrt-health/mac:02010b41cdec/antenna/tag/e2806894000040038662214f, 84
1652704359.337253, sdrt-health/mac:02010b41cdec/antenna/tag/e28068940000400386621d4f, 77
1652704359.387155, sdrt-health/mac:02010b41cdec/antenna/tag/e2806894000050038662154f, 87
1652704359.477681, sdrt-health/mac:02010b41cdec/antenna/tag/e2806894000050038661fd4f, 97
1652704359.518033, sdrt-health/mac:02010b41cdec/antenna/tag/e2806894000050038662194f, 94
1652704359.569995, sdrt-health/mac:02010b41cdec/antenna/tag/e2806894000040038662114f, 85
1652704359.570446, sdrt-health/mac:02010b41cdec/antenna/tag/e2806894000040038662214f, 81
1652704359.647115, sdrt-health/mac:02010b41cdec/antenna/tag/e2806894000050038662194f, 94
1652704359.717212, sdrt-health/mac:02010b41cdec/antenna/tag/e2806894000050038661fd4f, 83
1652704359.80132, sdrt-health/mac:02010b41cdec/antenna/tag/e2806894000050038661fd4f, 97
1652704359.801791, sdrt-health/mac:02010b41cdec/antenna/tag/e2806894000050038661fd4f, 97
1652704359.827052, sdrt-health/mac:02010b41cdec/antenna/tag/e2806894000040038662054f, 81
1652704359.877461, sdrt-health/mac:02010b41cdec/antenna/tag/e28068940000400386621d4f, 96
1652704359.933071, sdrt-health/mac:02010b41cdec/antenna/tag/e2806894000050038662154f, 88
1652704359.933442, sdrt-health/mac:02010b41cdec/antenna/tag/e2806894000050038661fd4f, 83
1652704359.94796, sdrt-health/mac:02010b41cdec/antenna/tag/e2806894000040038662114f, 91
1652704360.012518, sdrt-health/mac:02010b41cdec/antenna/tag/e2806894000040038662114f, 88
1652704360.056739, sdrt-health/mac:02010b41cdec/antenna/tag/e2806894000050038662194f, 83
1652704360.115517, sdrt-health/mac:02010b41cdec/antenna/tag/e2806894000050038661fd4f, 97
1652704360.115748, sdrt-health/mac:02010b41cdec/antenna/tag/e2806894000050038661fd4f, 88
1652704360.129522, sdrt-health/mac:02010b41cdec/antenna/tag/e2806894000040038662114f, 85
1652704360.253009, sdrt-health/mac:02010b41cdec/antenna/tag/e28068940000400386621d4f, 96
1652704360.298674, sdrt-health/mac:02010b41cdec/antenna/tag/e2806894000040038662114f, 88
1652704360.327791, sdrt-health/mac:02010b41cdec/antenna/tag/e28068940000400386621d4f, 90
1652704360.32809, sdrt-health/mac:02010b41cdec/antenna/tag/e2806894000050038662154f, 88
1652704360.356337, sdrt-health/mac:02010b41cdec/antenna/tag/e2806894000050038662154f, 88
1652704360.397113, sdrt-health/mac:02010b41cdec/antenna/tag/e2806894000050038662194f, 81
1652704360.436808, sdrt-health/mac:02010b41cdec/antenna/tag/e2806894000040038662114f, 88
1652704360.494082, sdrt-health/mac:02010b41cdec/antenna/tag/e28068940000400386621d4f, 77
1652704360.536634, sdrt-health/mac:02010b41cdec/antenna/tag/e2806894000050038662154f, 85
1652704360.595947, sdrt-health/mac:02010b41cdec/antenna/tag/e2806894000040038662114f, 85
1652704360.59618, sdrt-health/mac:02010b41cdec/antenna/tag/e2806894000040038662114f, 85
1652704360.614153, sdrt-health/mac:02010b41cdec/antenna/tag/e2806894000040038662054f, 81
1652704360.626016, sdrt-health/mac:02010b41cdec/antenna/tag/e28068940000500386620d4f, 83
1652704360.677094, sdrt-health/mac:02010b41cdec/antenna/tag/e28068940000400386621d4f, 77
1652704360.746823, sdrt-health/mac:02010b41cdec/antenna/tag/e2806894000050038662154f, 93
1652704360.786165, sdrt-health/mac:02010b41cdec/antenna/tag/e28068940000400386621d4f, 77
1652704360.851593, sdrt-health/mac:02010b41cdec/antenna/tag/e2806894000050038662154f, 85
1652704360.85204, sdrt-health/mac:02010b41cdec/antenna/tag/e2806894000050038662194f, 87
1652704360.90622, sdrt-health/mac:02010b41cdec/antenna/tag/e28068940000400386621d4f, 96
1652704360.94608, sdrt-health/mac:02010b41cdec/antenna/tag/e28068940000400386621d4f, 96
1652704361.012832, sdrt-health/mac:02010b41cdec/antenna/tag/e2806894000050038662154f, 88
1652704361.013354, sdrt-health/mac:02010b41cdec/antenna/tag/e28068940000500386620d4f, 86
1652704361.036701, sdrt-health/mac:02010b41cdec/antenna/tag/e2806894000040038662054f, 94
1652704361.037269, sdrt-health/mac:02010b41cdec/antenna/tag/e2806894000040038662114f, 85
1652704361.076644, sdrt-health/mac:02010b41cdec/antenna/tag/e2806894000050038662194f, 81
1652704361.117463, sdrt-health/mac:02010b41cdec/antenna/tag/e28068940000400386621d4f, 77
1652704361.156833, sdrt-health/mac:02010b41cdec/antenna/tag/e2806894000050038661fd4f, 83
1652704361.157338, sdrt-health/mac:02010b41cdec/antenna/tag/e2806894000040038662114f, 88
1652704361.221062, sdrt-health/mac:02010b41cdec/antenna/tag/e28068940000500386620d4f, 83
1652704361.265674, sdrt-health/mac:02010b41cdec/antenna/tag/e2806894000040038662054f, 94
1652704361.317513, sdrt-health/mac:02010b41cdec/antenna/tag/e2806894000050038661fd4f, 83
1652704361.375366, sdrt-health/mac:02010b41cdec/antenna/tag/e2806894000040038662054f, 94
1652704361.375848, sdrt-health/mac:02010b41cdec/antenna/tag/e28068940000500386620d4f, 83
1652704361.376186, sdrt-health/mac:02010b41cdec/antenna/tag/e2806894000050038661fd4f, 97
1652704361.416744, sdrt-health/mac:02010b41cdec/antenna/tag/e28068940000500386620d4f, 83
1652704361.490958, sdrt-health/mac:02010b41cdec/antenna/tag/e28068940000500386620d4f, 83
1652704361.491474, sdrt-health/mac:02010b41cdec/antenna/tag/e2806894000050038661fd4f, 97
1652704361.506066, sdrt-health/mac:02010b41cdec/antenna/tag/e2806894000040038662114f, 88
1652704361.540009, sdrt-health/mac:02010b41cdec/antenna/tag/e2806894000050038662154f, 91
1652704361.576702, sdrt-health/mac:02010b41cdec/antenna/tag/e2806894000050038661fd4f, 97
1652704361.577049, sdrt-health/mac:02010b41cdec/antenna/tag/e28068940000500386620d4f, 83
1652704361.591578, sdrt-health/mac:02010b41cdec/antenna/tag/e2806894000050038661fd4f, 97
1652704361.620591, sdrt-health/mac:02010b41cdec/antenna/tag/e2806894000050038662154f, 88
1652704361.682206, sdrt-health/mac:02010b41cdec/antenna/tag/e28068940000500386620d4f, 97
1652704361.682703, sdrt-health/mac:02010b41cdec/antenna/tag/e28068940000500386620d4f, 86
1652704361.726144, sdrt-health/mac:02010b41cdec/antenna/tag/e2806894000050038661fd4f, 91
1652704361.843196, sdrt-health/mac:02010b41cdec/antenna/tag/e2806894000050038662194f, 81
1652704361.84365, sdrt-health/mac:02010b41cdec/antenna/tag/e2806894000050038662194f, 94
1652704361.887287, sdrt-health/mac:02010b41cdec/antenna/tag/e28068940000500386620d4f, 97
1652704361.932325, sdrt-health/mac:02010b41cdec/antenna/tag/e2806894000050038662194f, 83
1652704361.986288, sdrt-health/mac:02010b41cdec/antenna/tag/e28068940000400386621d4f, 96
1652704362.160487, sdrt-health/mac:02010b41cdec/antenna/tag/scan, scan stopped
