1652704644.763255, sdrt-health/mac:02010b41cdec/antenna/power/set, {"power": 300}
1652704645.860777, sdrt-health/mac:02010b41cdec/antenna/power/set, 
1652704649.786116, sdrt-health/mac:02010b41cdec/antenna/tag/scan, {"time": 20000}
1652704650.126281, sdrt-health/mac:02010b41cdec/antenna/tag/e2806894000040038662054f, 81
1652704650.195941, sdrt-health/mac:02010b41cdec/antenna/tag/e2806894000040038662214f, 88
1652704650.236543, sdrt-health/mac:02010b41cdec/antenna/tag/e28068940000500386620d4f, 83
1652704650.276615, sdrt-health/mac:02010b41cdec/antenna/tag/e2806894000040038662214f, 94
1652704650.316625, sdrt-health/mac:02010b41cdec/antenna/tag/e28068940000500386620d4f, 83
1652704650.355361, sdrt-health/mac:02010b41cdec/antenna/tag/e2806894000040038662214f, 84
1652704650.412926, sdrt-health/mac:02010b41cdec/antenna/tag/e28068940000500386620d4f, 97
1652704650.413509, sdrt-health/mac:02010b41cdec/antenna/tag/e2806894000050038661fd4f, 91
1652704650.428151, sdrt-health/mac:02010b41cdec/antenna/tag/e28068940000400386621d4f, 77
1652704650.428677, sdrt-health/mac:02010b41cdec/antenna/tag/e28068940000400386621d4f, 77
1652704650.437176, sdrt-health/mac:02010b41cdec/antenna/tag/e2806894000050038661fd4f, 83
1652704650.476823, sdrt-health/mac:02010b41cdec/antenna/tag/e28068940000500386620d4f, 91
1652704650.542538, sdrt-health/mac:02010b41cdec/antenna/tag/e2806894000040038662114f, 88
1652704650.543083, sdrt-health/mac:02010b41cdec/antenna/tag/e2806894000050038661fd4f, 91
1652704650.543465, sdrt-health/mac:02010b41cdec/antenna/tag/e2806894000040038662114f, 85
1652704650.543844, sdrt-health/mac:02010b41cdec/antenna/tag/e28068940000500386620d4f, 97
1652704650.572029, sdrt-health/mac:02010b41cdec/antenna/tag/e28068940000500386620d4f, 97
1652704650.616059, sdrt-health/mac:02010b41cdec/antenna/tag/e28068940000400386621d4f, 96
1652704650.677067, sdrt-health/mac:02010b41cdec/antenna/tag/e2806894000040038662114f, 85
1652704650.677714, sdrt-health/mac:02010b41cdec/antenna/tag/e2806894000050038662154f, 88
1652704650.678207, sdrt-health/mac:02010b41cdec/antenna/tag/e28068940000400386621d4f, 77
1652704650.691641, sdrt-health/mac:02010b41cdec/antenna/tag/e28068940000500386620d4f, 83
1652704650.692058, sdrt-health/mac:02010b41cdec/antenna/tag/e2806894000050038661fd4f, 97
1652704650.740409, sdrt-health/mac:02010b41cdec/antenna/tag/e2806894000040038662114f, 88
1652704650.785148, sdrt-health/mac:02010b41cdec/antenna/tag/e2806894000040038662114f, 88
1652704650.836887, sdrt-health/mac:02010b41cdec/antenna/tag/e2806894000040038662114f, 85
1652704650.878306, sdrt-health/mac:02010b41cdec/antenna/tag/e2806894000050038661fd4f, 91
1652704650.915068, sdrt-health/mac:02010b41cdec/antenna/tag/e2806894000040038662114f, 85
1652704650.970899, sdrt-health/mac:02010b41cdec/antenna/tag/e2806894000050038662154f, 93
1652704650.971348, sdrt-health/mac:02010b41cdec/antenna/tag/e28068940000500386620d4f, 83
1652704650.995978, sdrt-health/mac:02010b41cdec/antenna/tag/e28068940000500386620d4f, 97
1652704651.035099, sdrt-health/mac:02010b41cdec/antenna/tag/e2806894000050038661fd4f, 83
1652704651.075929, sdrt-health/mac:02010b41cdec/antenna/tag/e2806894000050038661fd4f, 97
1652704651.113942, sdrt-health/mac:02010b41cdec/antenna/tag/e2806894000050038661fd4f, 97
1652704651.155612, sdrt-health/mac:02010b41cdec/antenna/tag/e2806894000050038662154f, 85
1652704651.212165, sdrt-health/mac:02010b41cdec/antenna/tag/e28068940000400386621d4f, 96
1652704651.212645, sdrt-health/mac:02010b41cdec/antenna/tag/e2806894000040038662114f, 85
1652704651.226616, sdrt-health/mac:02010b41cdec/antenna/tag/e2806894000050038661fd4f, 97
1652704651.234975, sdrt-health/mac:02010b41cdec/antenna/tag/e2806894000040038661f94f, 94
1652704651.242357, sdrt-health/mac:02010b41cdec/antenna/tag/e2806894000050038661fd4f, 97
1652704651.24258, sdrt-health/mac:02010b41cdec/antenna/tag/e28068940000400386621d4f, 96
1652704651.276083, sdrt-health/mac:02010b41cdec/antenna/tag/e2806894000050038661fd4f, 91
1652704651.315479, sdrt-health/mac:02010b41cdec/antenna/tag/e2806894000050038662194f, 81
1652704651.356181, sdrt-health/mac:02010b41cdec/antenna/tag/e2806894000050038661fd4f, 83
1652704651.421167, sdrt-health/mac:02010b41cdec/antenna/tag/e2806894000040038662114f, 93
1652704651.421668, sdrt-health/mac:02010b41cdec/antenna/tag/e2806894000050038662154f, 85
1652704651.450548, sdrt-health/mac:02010b41cdec/antenna/tag/e28068940000400386621d4f, 96
1652704651.509914, sdrt-health/mac:02010b41cdec/antenna/tag/e28068940000500386620d4f, 97
1652704651.510412, sdrt-health/mac:02010b41cdec/antenna/tag/e28068940000500386620d4f, 97
1652704651.538308, sdrt-health/mac:02010b41cdec/antenna/tag/e2806894000040038662054f, 84
1652704651.585636, sdrt-health/mac:02010b41cdec/antenna/tag/e2806894000050038662154f, 93
1652704651.637064, sdrt-health/mac:02010b41cdec/antenna/tag/e28068940000500386620d4f, 83
1652704651.666649, sdrt-health/mac:02010b41cdec/antenna/tag/e28068940000400386621d4f, 77
1652704651.666956, sdrt-health/mac:02010b41cdec/antenna/tag/e28068940000500386620d4f, 83
1652704651.680907, sdrt-health/mac:02010b41cdec/antenna/tag/e2806894000040038662114f, 88
1652704651.714908, sdrt-health/mac:02010b41cdec/antenna/tag/e2806894000050038661fd4f, 91
1652704651.754848, sdrt-health/mac:02010b41cdec/antenna/tag/e2806894000050038662154f, 85
1652704651.785636, sdrt-health/mac:02010b41cdec/antenna/tag/e2806894000040038662214f, 84
1652704651.785984, sdrt-health/mac:02010b41cdec/antenna/tag/e28068940000400386621d4f, 77
1652704651.800929, sdrt-health/mac:02010b41cdec/antenna/tag/e2806894000050038662154f, 87
1652704651.838074, sdrt-health/mac:02010b41cdec/antenna/tag/e2806894000040038662114f, 85
1652704651.891479, sdrt-health/mac:02010b41cdec/antenna/tag/e28068940000500386620d4f, 83
1652704651.891926, sdrt-health/mac:02010b41cdec/antenna/tag/e2806894000050038661fd4f, 91
1652704651.906465, sdrt-health/mac:02010b41cdec/antenna/tag/e2806894000050038662154f, 91
1652704651.91515, sdrt-health/mac:02010b41cdec/antenna/tag/e2806894000050038661fd4f, 91
1652704651.922029, sdrt-health/mac:02010b41cdec/antenna/tag/e2806894000050038662154f, 85
1652704651.957755, sdrt-health/mac:02010b41cdec/antenna/tag/e2806894000050038662194f, 81
1652704652.036681, sdrt-health/mac:02010b41cdec/antenna/tag/e28068940000500386620d4f, 83
1652704652.0372, sdrt-health/mac:02010b41cdec/antenna/tag/e2806894000050038661fd4f, 97
1652704652.065508, sdrt-health/mac:02010b41cdec/antenna/tag/e28068940000400386621d4f, 77
1652704652.115398, sdrt-health/mac:02010b41cdec/antenna/tag/e2806894000040038662114f, 85
1652704652.155425, sdrt-health/mac:02010b41cdec/antenna/tag/e2806894000050038662154f, 85
1652704652.219148, sdrt-health/mac:02010b41cdec/antenna/tag/e2806894000040038662054f, 88
1652704652.219673, sdrt-health/mac:02010b41cdec/antenna/tag/e28068940000500386620d4f, 83
1652704652.235139, sdrt-health/mac:02010b41cdec/antenna/tag/e2806894000050038662154f, 85
1652704652.266299, sdrt-health/mac:02010b41cdec/antenna/tag/e2806894000040038662114f, 88
1652704652.332406, sdrt-health/mac:02010b41cdec/antenna/tag/e2806894000040038662114f, 91
1652704652.364033, sdrt-health/mac:02010b41cdec/antenna/tag/e2806894000050038662154f, 85
1652704652.364312, sdrt-health/mac:02010b41cdec/antenna/tag/e28068940000400386621d4f, 77
1652704652.36451, sdrt-health/mac:02010b41cdec/antenna/tag/e28068940000500386620d4f, 83
1652704652.364699, sdrt-health/mac:02010b41cdec/antenna/tag/e2806894000050038661fd4f, 83
1652704652.36491, sdrt-health/mac:02010b41cdec/antenna/tag/e2806894000040038662114f, 91
1652704652.379074, sdrt-health/mac:02010b41cdec/antenna/tag/e2806894000050038662154f, 85
1652704652.427382, sdrt-health/mac:02010b41cdec/antenna/tag/e2806894000050038661fd4f, 97
1652704652.465259, sdrt-health/mac:02010b41cdec/antenna/tag/e2806894000050038661fd4f, 97
1652704652.516207, sdrt-health/mac:02010b41cdec/antenna/tag/e28068940000400386621d4f, 77
1652704652.571367, sdrt-health/mac:02010b41cdec/antenna/tag/e28068940000400386621d4f, 96
1652704652.571829, sdrt-health/mac:02010b41cdec/antenna/tag/e2806894000040038662114f, 85
1652704652.585916, sdrt-health/mac:02010b41cdec/antenna/tag/e28068940000400386621d4f, 96
1652704652.595411, sdrt-health/mac:02010b41cdec/antenna/tag/e2806894000050038662154f, 88
1652704652.601036, sdrt-health/mac:02010b41cdec/antenna/tag/e28068940000500386620d4f, 97
1652704652.601295, sdrt-health/mac:02010b41cdec/antenna/tag/e2806894000040038662114f, 88
1652704652.666494, sdrt-health/mac:02010b41cdec/antenna/tag/e2806894000040038662114f, 88
1652704652.705554, sdrt-health/mac:02010b41cdec/antenna/tag/e2806894000050038662194f, 94
1652704652.739996, sdrt-health/mac:02010b41cdec/antenna/tag/e28068940000500386620d4f, 83
1652704652.740367, sdrt-health/mac:02010b41cdec/antenna/tag/e2806894000050038661fd4f, 97
1652704652.756416, sdrt-health/mac:02010b41cdec/antenna/tag/e2806894000040038662054f, 84
1652704652.795444, sdrt-health/mac:02010b41cdec/antenna/tag/e28068940000500386620d4f, 83
1652704652.836784, sdrt-health/mac:02010b41cdec/antenna/tag/e2806894000050038662194f, 81
1652704652.913702, sdrt-health/mac:02010b41cdec/antenna/tag/e2806894000050038662154f, 85
1652704652.955995, sdrt-health/mac:02010b41cdec/antenna/tag/e28068940000500386620d4f, 83
1652704652.996935, sdrt-health/mac:02010b41cdec/antenna/tag/e28068940000500386620d4f, 83
1652704653.052395, sdrt-health/mac:02010b41cdec/antenna/tag/e28068940000500386620d4f, 86
1652704653.09651, sdrt-health/mac:02010b41cdec/antenna/tag/e2806894000050038661fd4f, 91
1652704653.191728, sdrt-health/mac:02010b41cdec/antenna/tag/e28068940000400386621d4f, 77
1652704653.192321, sdrt-health/mac:02010b41cdec/antenna/tag/e28068940000400386621d4f, 77
1652704653.227524, sdrt-health/mac:02010b41cdec/antenna/tag/e28068940000500386620d4f, 83
1652704653.265223, sdrt-health/mac:02010b41cdec/antenna/tag/e2806894000040038662114f, 93
1652704653.296945, sdrt-health/mac:02010b41cdec/antenna/tag/e2806894000050038662154f, 85
1652704653.297297, sdrt-health/mac:02010b41cdec/antenna/tag/e2806894000050038661fd4f, 91
1652704653.316837, sdrt-health/mac:02010b41cdec/antenna/tag/e28068940000400386621d4f, 77
1652704653.371599, sdrt-health/mac:02010b41cdec/antenna/tag/e2806894000050038661fd4f, 91
1652704653.371839, sdrt-health/mac:02010b41cdec/antenna/tag/e28068940000500386620d4f, 83
1652704653.371972, sdrt-health/mac:02010b41cdec/antenna/tag/e2806894000050038661fd4f, 91
1652704653.39655, sdrt-health/mac:02010b41cdec/antenna/tag/e2806894000040038662114f, 93
1652704653.435868, sdrt-health/mac:02010b41cdec/antenna/tag/e2806894000040038662054f, 81
1652704653.475124, sdrt-health/mac:02010b41cdec/antenna/tag/e28068940000400386621d4f, 96
1652704653.505236, sdrt-health/mac:02010b41cdec/antenna/tag/e2806894000050038661fd4f, 97
1652704653.505505, sdrt-health/mac:02010b41cdec/antenna/tag/e2806894000050038662154f, 88
1652704653.51899, sdrt-health/mac:02010b41cdec/antenna/tag/e28068940000500386620d4f, 83
1652704653.519219, sdrt-health/mac:02010b41cdec/antenna/tag/e2806894000040038662054f, 94
1652704653.555417, sdrt-health/mac:02010b41cdec/antenna/tag/e2806894000040038662114f, 88
1652704653.595232, sdrt-health/mac:02010b41cdec/antenna/tag/e2806894000050038661fd4f, 83
1652704653.650589, sdrt-health/mac:02010b41cdec/antenna/tag/e28068940000400386621d4f, 90
1652704653.651091, sdrt-health/mac:02010b41cdec/antenna/tag/e2806894000040038662114f, 88
1652704653.676801, sdrt-health/mac:02010b41cdec/antenna/tag/e28068940000400386621d4f, 96
1652704653.729907, sdrt-health/mac:02010b41cdec/antenna/tag/e2806894000050038661fd4f, 97
1652704653.730362, sdrt-health/mac:02010b41cdec/antenna/tag/e2806894000050038662194f, 88
1652704653.746297, sdrt-health/mac:02010b41cdec/antenna/tag/e2806894000050038662154f, 85
1652704653.754617, sdrt-health/mac:02010b41cdec/antenna/tag/e2806894000040038662114f, 88
1652704653.761757, sdrt-health/mac:02010b41cdec/antenna/tag/e2806894000050038662194f, 81
1652704653.76214, sdrt-health/mac:02010b41cdec/antenna/tag/e2806894000050038661fd4f, 97
1652704653.79598, sdrt-health/mac:02010b41cdec/antenna/tag/e28068940000400386621d4f, 77
1652704653.835856, sdrt-health/mac:02010b41cdec/antenna/tag/e28068940000400386621d4f, 77
1652704653.875481, sdrt-health/mac:02010b41cdec/antenna/tag/e2806894000050038661fd4f, 88
1652704653.931086, sdrt-health/mac:02010b41cdec/antenna/tag/e2806894000050038662154f, 88
1652704653.931694, sdrt-health/mac:02010b41cdec/antenna/tag/e2806894000050038661fd4f, 97
1652704653.93208, sdrt-health/mac:02010b41cdec/antenna/tag/e2806894000050038662154f, 88
1652704653.985253, sdrt-health/mac:02010b41cdec/antenna/tag/e2806894000050038661fd4f, 88
1652704654.035657, sdrt-health/mac:02010b41cdec/antenna/tag/e28068940000500386620d4f, 86
1652704654.130799, sdrt-health/mac:02010b41cdec/antenna/tag/e2806894000040038662114f, 88
1652704654.131333, sdrt-health/mac:02010b41cdec/antenna/tag/e2806894000050038662154f, 88
1652704654.155951, sdrt-health/mac:02010b41cdec/antenna/tag/e28068940000500386620d4f, 97
1652704654.194893, sdrt-health/mac:02010b41cdec/antenna/tag/e2806894000050038662154f, 88
1652704654.235662, sdrt-health/mac:02010b41cdec/antenna/tag/e2806894000050038662154f, 85
1652704654.275517, sdrt-health/mac:02010b41cdec/antenna/tag/e2806894000050038662194f, 83
1652704654.306928, sdrt-health/mac:02010b41cdec/antenna/tag/e2806894000050038662154f, 88
1652704654.307276, sdrt-health/mac:02010b41cdec/antenna/tag/e2806894000040038662114f, 91
1652704654.322048, sdrt-health/mac:02010b41cdec/antenna/tag/e28068940000500386620d4f, 83
1652704654.376559, sdrt-health/mac:02010b41cdec/antenna/tag/e28068940000500386620d4f, 97
1652704654.420816, sdrt-health/mac:02010b41cdec/antenna/tag/e28068940000400386621d4f, 77
1652704654.465563, sdrt-health/mac:02010b41cdec/antenna/tag/e2806894000040038662114f, 85
1652704654.525857, sdrt-health/mac:02010b41cdec/antenna/tag/e2806894000050038662154f, 85
1652704654.588432, sdrt-health/mac:02010b41cdec/antenna/tag/e28068940000400386621d4f, 96
1652704654.589023, sdrt-health/mac:02010b41cdec/antenna/tag/e2806894000040038661f94f, 81
1652704654.61524, sdrt-health/mac:02010b41cdec/antenna/tag/e2806894000040038662054f, 88
1652704654.659461, sdrt-health/mac:02010b41cdec/antenna/tag/e2806894000040038662114f, 85
1652704654.741577, sdrt-health/mac:02010b41cdec/antenna/tag/e2806894000050038662154f, 88
1652704654.776003, sdrt-health/mac:02010b41cdec/antenna/tag/e2806894000040038662114f, 85
1652704654.843597, sdrt-health/mac:02010b41cdec/antenna/tag/e28068940000400386621d4f, 96
1652704654.84411, sdrt-health/mac:02010b41cdec/antenna/tag/e2806894000050038662154f, 88
1652704654.858946, sdrt-health/mac:02010b41cdec/antenna/tag/e28068940000500386620d4f, 97
1652704654.876204, sdrt-health/mac:02010b41cdec/antenna/tag/e28068940000500386620d4f, 97
1652704654.915562, sdrt-health/mac:02010b41cdec/antenna/tag/e28068940000400386621d4f, 77
1652704654.971995, sdrt-health/mac:02010b41cdec/antenna/tag/e2806894000040038662054f, 84
1652704654.972459, sdrt-health/mac:02010b41cdec/antenna/tag/e2806894000050038662154f, 93
1652704654.987107, sdrt-health/mac:02010b41cdec/antenna/tag/e28068940000500386620d4f, 97
1652704654.99494, sdrt-health/mac:02010b41cdec/antenna/tag/e2806894000050038662154f, 91
1652704655.035061, sdrt-health/mac:02010b41cdec/antenna/tag/e2806894000050038661fd4f, 91
1652704655.035387, sdrt-health/mac:02010b41cdec/antenna/tag/e2806894000040038662114f, 88
1652704655.091657, sdrt-health/mac:02010b41cdec/antenna/tag/e2806894000050038661fd4f, 91
1652704655.091992, sdrt-health/mac:02010b41cdec/antenna/tag/e2806894000040038662114f, 85
1652704655.140356, sdrt-health/mac:02010b41cdec/antenna/tag/e2806894000040038662114f, 88
1652704655.227246, sdrt-health/mac:02010b41cdec/antenna/tag/e2806894000050038661fd4f, 97
1652704655.258314, sdrt-health/mac:02010b41cdec/antenna/tag/e28068940000500386620d4f, 83
1652704655.258655, sdrt-health/mac:02010b41cdec/antenna/tag/e2806894000050038662154f, 85
1652704655.272566, sdrt-health/mac:02010b41cdec/antenna/tag/e2806894000050038662154f, 85
1652704655.272822, sdrt-health/mac:02010b41cdec/antenna/tag/e2806894000050038662154f, 85
1652704655.315662, sdrt-health/mac:02010b41cdec/antenna/tag/e2806894000040038662114f, 88
1652704655.346284, sdrt-health/mac:02010b41cdec/antenna/tag/e2806894000050038662194f, 94
1652704655.346579, sdrt-health/mac:02010b41cdec/antenna/tag/e28068940000400386621d4f, 96
1652704655.361242, sdrt-health/mac:02010b41cdec/antenna/tag/e28068940000500386620d4f, 83
1652704655.397022, sdrt-health/mac:02010b41cdec/antenna/tag/e2806894000040038662214f, 94
1652704655.397439, sdrt-health/mac:02010b41cdec/antenna/tag/e2806894000040038662114f, 88
1652704655.412273, sdrt-health/mac:02010b41cdec/antenna/tag/e2806894000040038662114f, 88
1652704655.436084, sdrt-health/mac:02010b41cdec/antenna/tag/e2806894000040038662054f, 94
1652704655.47533, sdrt-health/mac:02010b41cdec/antenna/tag/e2806894000050038662154f, 93
1652704655.531212, sdrt-health/mac:02010b41cdec/antenna/tag/e2806894000050038661fd4f, 91
1652704655.531658, sdrt-health/mac:02010b41cdec/antenna/tag/e2806894000040038662214f, 88
1652704655.532035, sdrt-health/mac:02010b41cdec/antenna/tag/e28068940000500386620d4f, 97
1652704655.555874, sdrt-health/mac:02010b41cdec/antenna/tag/e2806894000040038662114f, 85
1652704655.595829, sdrt-health/mac:02010b41cdec/antenna/tag/e28068940000500386620d4f, 97
1652704655.626962, sdrt-health/mac:02010b41cdec/antenna/tag/e28068940000400386621d4f, 96
1652704655.627314, sdrt-health/mac:02010b41cdec/antenna/tag/e2806894000040038662114f, 85
1652704655.674033, sdrt-health/mac:02010b41cdec/antenna/tag/e2806894000050038662154f, 91
1652704655.715396, sdrt-health/mac:02010b41cdec/antenna/tag/e28068940000400386621d4f, 77
1652704655.796274, sdrt-health/mac:02010b41cdec/antenna/tag/e28068940000500386620d4f, 97
1652704655.796778, sdrt-health/mac:02010b41cdec/antenna/tag/e28068940000400386621d4f, 77
1652704655.825734, sdrt-health/mac:02010b41cdec/antenna/tag/e2806894000040038662214f, 94
1652704655.875365, sdrt-health/mac:02010b41cdec/antenna/tag/e2806894000050038662154f, 83
1652704655.875622, sdrt-health/mac:02010b41cdec/antenna/tag/e28068940000500386620d4f, 97
1652704655.932334, sdrt-health/mac:02010b41cdec/antenna/tag/e2806894000050038661fd4f, 97
1652704655.992568, sdrt-health/mac:02010b41cdec/antenna/tag/e2806894000050038662194f, 81
1652704655.993019, sdrt-health/mac:02010b41cdec/antenna/tag/e2806894000050038661fd4f, 83
1652704655.993327, sdrt-health/mac:02010b41cdec/antenna/tag/e2806894000040038662114f, 85
1652704656.008229, sdrt-health/mac:02010b41cdec/antenna/tag/e28068940000500386620d4f, 83
1652704656.0217, sdrt-health/mac:02010b41cdec/antenna/tag/e2806894000050038661fd4f, 83
1652704656.024651, sdrt-health/mac:02010b41cdec/antenna/tag/e2806894000050038661fd4f, 97
1652704656.077817, sdrt-health/mac:02010b41cdec/antenna/tag/e2806894000050038662154f, 88
1652704656.187654, sdrt-health/mac:02010b41cdec/antenna/tag/e2806894000040038662114f, 88
1652704656.188263, sdrt-health/mac:02010b41cdec/antenna/tag/e28068940000500386620d4f, 97
1652704656.224148, sdrt-health/mac:02010b41cdec/antenna/tag/e2806894000040038662054f, 83
1652704656.255908, sdrt-health/mac:02010b41cdec/antenna/tag/e2806894000050038662154f, 91
1652704656.256152, sdrt-health/mac:02010b41cdec/antenna/tag/e2806894000050038661fd4f, 83
1652704656.278807, sdrt-health/mac:02010b41cdec/antenna/tag/e28068940000500386620d4f, 97
1652704656.33199, sdrt-health/mac:02010b41cdec/antenna/tag/e2806894000040038662114f, 88
1652704656.332458, sdrt-health/mac:02010b41cdec/antenna/tag/e2806894000050038661fd4f, 91
1652704656.348158, sdrt-health/mac:02010b41cdec/antenna/tag/e2806894000050038662194f, 88
1652704656.357229, sdrt-health/mac:02010b41cdec/antenna/tag/e2806894000050038662154f, 93
1652704656.428327, sdrt-health/mac:02010b41cdec/antenna/tag/e2806894000050038661fd4f, 97
1652704656.469332, sdrt-health/mac:02010b41cdec/antenna/tag/e28068940000500386620d4f, 97
1652704656.501497, sdrt-health/mac:02010b41cdec/antenna/tag/e2806894000040038662114f, 88
1652704656.501744, sdrt-health/mac:02010b41cdec/antenna/tag/e2806894000050038662154f, 88
1652704656.501925, sdrt-health/mac:02010b41cdec/antenna/tag/e2806894000050038662154f, 88
1652704656.517026, sdrt-health/mac:02010b41cdec/antenna/tag/e2806894000040038662054f, 88
1652704656.517357, sdrt-health/mac:02010b41cdec/antenna/tag/e28068940000400386621d4f, 96
1652704656.555833, sdrt-health/mac:02010b41cdec/antenna/tag/e2806894000050038662154f, 88
1652704656.5963, sdrt-health/mac:02010b41cdec/antenna/tag/e2806894000050038662154f, 88
1652704656.652896, sdrt-health/mac:02010b41cdec/antenna/tag/e2806894000050038661fd4f, 97
1652704656.653345, sdrt-health/mac:02010b41cdec/antenna/tag/e2806894000050038662154f, 85
1652704656.706525, sdrt-health/mac:02010b41cdec/antenna/tag/e2806894000040038662214f, 81
1652704656.755875, sdrt-health/mac:02010b41cdec/antenna/tag/e28068940000500386620d4f, 97
1652704656.821371, sdrt-health/mac:02010b41cdec/antenna/tag/e2806894000040038662214f, 81
1652704656.874533, sdrt-health/mac:02010b41cdec/antenna/tag/e2806894000050038661fd4f, 88
1652704656.936556, sdrt-health/mac:02010b41cdec/antenna/tag/e2806894000040038662114f, 85
1652704656.980016, sdrt-health/mac:02010b41cdec/antenna/tag/e28068940000500386620d4f, 97
1652704657.042028, sdrt-health/mac:02010b41cdec/antenna/tag/e2806894000050038662154f, 88
1652704657.042571, sdrt-health/mac:02010b41cdec/antenna/tag/e2806894000050038662154f, 88
1652704657.056579, sdrt-health/mac:02010b41cdec/antenna/tag/e2806894000040038662114f, 85
1652704657.075457, sdrt-health/mac:02010b41cdec/antenna/tag/e2806894000050038662154f, 88
1652704657.115592, sdrt-health/mac:02010b41cdec/antenna/tag/e2806894000040038661f94f, 94
1652704657.177384, sdrt-health/mac:02010b41cdec/antenna/tag/e28068940000400386621d4f, 96
1652704657.220933, sdrt-health/mac:02010b41cdec/antenna/tag/e2806894000050038662194f, 83
1652704657.265729, sdrt-health/mac:02010b41cdec/antenna/tag/e2806894000050038662154f, 85
1652704657.297384, sdrt-health/mac:02010b41cdec/antenna/tag/e2806894000040038662114f, 88
1652704657.297787, sdrt-health/mac:02010b41cdec/antenna/tag/e28068940000400386621d4f, 77
1652704657.374028, sdrt-health/mac:02010b41cdec/antenna/tag/e28068940000400386621d4f, 77
1652704657.438959, sdrt-health/mac:02010b41cdec/antenna/tag/e28068940000500386620d4f, 83
1652704657.494992, sdrt-health/mac:02010b41cdec/antenna/tag/e2806894000050038662154f, 85
1652704657.54095, sdrt-health/mac:02010b41cdec/antenna/tag/e2806894000040038662114f, 91
1652704657.572113, sdrt-health/mac:02010b41cdec/antenna/tag/e2806894000050038662194f, 81
1652704657.572443, sdrt-health/mac:02010b41cdec/antenna/tag/e2806894000050038661fd4f, 97
1652704657.626969, sdrt-health/mac:02010b41cdec/antenna/tag/e28068940000500386620d4f, 83
1652704657.666725, sdrt-health/mac:02010b41cdec/antenna/tag/e2806894000050038661fd4f, 91
1652704657.771068, sdrt-health/mac:02010b41cdec/antenna/tag/e28068940000400386621d4f, 96
1652704657.771578, sdrt-health/mac:02010b41cdec/antenna/tag/e28068940000400386621d4f, 77
1652704657.803221, sdrt-health/mac:02010b41cdec/antenna/tag/e2806894000050038662154f, 85
1652704657.85319, sdrt-health/mac:02010b41cdec/antenna/tag/e28068940000500386620d4f, 83
1652704657.895674, sdrt-health/mac:02010b41cdec/antenna/tag/e28068940000400386621d4f, 77
1652704657.940946, sdrt-health/mac:02010b41cdec/antenna/tag/e2806894000050038662194f, 88
1652704657.970061, sdrt-health/mac:02010b41cdec/antenna/tag/e28068940000400386621d4f, 96
1652704657.97036, sdrt-health/mac:02010b41cdec/antenna/tag/e2806894000050038662194f, 81
1652704658.031514, sdrt-health/mac:02010b41cdec/antenna/tag/e28068940000400386621d4f, 77
1652704658.106403, sdrt-health/mac:02010b41cdec/antenna/tag/e2806894000040038662114f, 85
1652704658.145501, sdrt-health/mac:02010b41cdec/antenna/tag/e2806894000050038661fd4f, 91
1652704658.19589, sdrt-health/mac:02010b41cdec/antenna/tag/e2806894000050038661fd4f, 88
1652704658.251686, sdrt-health/mac:02010b41cdec/antenna/tag/e2806894000050038661fd4f, 91
1652704658.252284, sdrt-health/mac:02010b41cdec/antenna/tag/e28068940000500386620d4f, 83
1652704658.29674, sdrt-health/mac:02010b41cdec/antenna/tag/e28068940000500386620d4f, 97
1652704658.339816, sdrt-health/mac:02010b41cdec/antenna/tag/e2806894000040038662114f, 85
1652704658.410612, sdrt-health/mac:02010b41cdec/antenna/tag/e28068940000400386621d4f, 77
1652704658.411185, sdrt-health/mac:02010b41cdec/antenna/tag/e2806894000050038661fd4f, 91
1652704658.425496, sdrt-health/mac:02010b41cdec/antenna/tag/e2806894000040038662114f, 85
1652704658.455278, sdrt-health/mac:02010b41cdec/antenna/tag/e2806894000050038662194f, 83
1652704658.456322, sdrt-health/mac:02010b41cdec/antenna/tag/e2806894000050038661fd4f, 91
1652704658.505738, sdrt-health/mac:02010b41cdec/antenna/tag/e2806894000050038662194f, 81
1652704658.572811, sdrt-health/mac:02010b41cdec/antenna/tag/e2806894000040038662214f, 81
1652704658.630635, sdrt-health/mac:02010b41cdec/antenna/tag/e28068940000500386620d4f, 97
1652704658.631037, sdrt-health/mac:02010b41cdec/antenna/tag/e28068940000400386621d4f, 77
1652704658.654085, sdrt-health/mac:02010b41cdec/antenna/tag/e2806894000050038662194f, 94
1652704658.659986, sdrt-health/mac:02010b41cdec/antenna/tag/e2806894000040038662114f, 88
1652704658.669228, sdrt-health/mac:02010b41cdec/antenna/tag/e2806894000050038662154f, 88
1652704658.714127, sdrt-health/mac:02010b41cdec/antenna/tag/e28068940000400386621d4f, 96
1652704658.765063, sdrt-health/mac:02010b41cdec/antenna/tag/e2806894000040038662114f, 91
1652704658.811237, sdrt-health/mac:02010b41cdec/antenna/tag/e2806894000050038661fd4f, 97
1652704658.854822, sdrt-health/mac:02010b41cdec/antenna/tag/e28068940000500386620d4f, 83
1652704658.855219, sdrt-health/mac:02010b41cdec/antenna/tag/e2806894000050038662194f, 81
1652704658.916059, sdrt-health/mac:02010b41cdec/antenna/tag/e2806894000050038662154f, 88
1652704658.916633, sdrt-health/mac:02010b41cdec/antenna/tag/e2806894000040038662114f, 85
1652704658.945924, sdrt-health/mac:02010b41cdec/antenna/tag/e2806894000050038661fd4f, 91
1652704658.978715, sdrt-health/mac:02010b41cdec/antenna/tag/e28068940000400386621d4f, 77
1652704658.979225, sdrt-health/mac:02010b41cdec/antenna/tag/e2806894000040038662114f, 85
1652704658.995168, sdrt-health/mac:02010b41cdec/antenna/tag/e2806894000050038662154f, 93
1652704659.082593, sdrt-health/mac:02010b41cdec/antenna/tag/e2806894000050038662154f, 85
1652704659.083098, sdrt-health/mac:02010b41cdec/antenna/tag/e2806894000040038662114f, 88
1652704659.105486, sdrt-health/mac:02010b41cdec/antenna/tag/e2806894000050038661fd4f, 83
1652704659.171387, sdrt-health/mac:02010b41cdec/antenna/tag/e28068940000500386620d4f, 97
1652704659.171951, sdrt-health/mac:02010b41cdec/antenna/tag/e28068940000400386621d4f, 96
1652704659.186491, sdrt-health/mac:02010b41cdec/antenna/tag/e2806894000050038662194f, 88
1652704659.195634, sdrt-health/mac:02010b41cdec/antenna/tag/e28068940000400386621d4f, 77
1652704659.234923, sdrt-health/mac:02010b41cdec/antenna/tag/e2806894000050038662194f, 94
1652704659.267757, sdrt-health/mac:02010b41cdec/antenna/tag/e28068940000500386620d4f, 83
1652704659.268029, sdrt-health/mac:02010b41cdec/antenna/tag/e2806894000050038661fd4f, 83
1652704659.299552, sdrt-health/mac:02010b41cdec/antenna/tag/e2806894000040038662054f, 110
1652704659.345901, sdrt-health/mac:02010b41cdec/antenna/tag/e28068940000400386621d4f, 77
1652704659.347474, sdrt-health/mac:02010b41cdec/antenna/tag/e2806894000050038662154f, 93
1652704659.395244, sdrt-health/mac:02010b41cdec/antenna/tag/e2806894000050038662154f, 88
1652704659.459474, sdrt-health/mac:02010b41cdec/antenna/tag/e28068940000400386621d4f, 77
1652704659.50695, sdrt-health/mac:02010b41cdec/antenna/tag/e2806894000040038662114f, 85
1652704659.572399, sdrt-health/mac:02010b41cdec/antenna/tag/e28068940000400386621d4f, 77
1652704659.572881, sdrt-health/mac:02010b41cdec/antenna/tag/e2806894000050038661fd4f, 83
1652704659.589059, sdrt-health/mac:02010b41cdec/antenna/tag/e2806894000050038662194f, 81
1652704659.59608, sdrt-health/mac:02010b41cdec/antenna/tag/e2806894000040038662114f, 85
1652704659.604675, sdrt-health/mac:02010b41cdec/antenna/tag/e28068940000500386620d4f, 83
1652704659.636277, sdrt-health/mac:02010b41cdec/antenna/tag/e2806894000050038661fd4f, 91
1652704659.69223, sdrt-health/mac:02010b41cdec/antenna/tag/e2806894000040038662114f, 85
1652704659.736018, sdrt-health/mac:02010b41cdec/antenna/tag/e28068940000500386620d4f, 97
1652704659.811708, sdrt-health/mac:02010b41cdec/antenna/tag/e2806894000050038662154f, 85
1652704659.812172, sdrt-health/mac:02010b41cdec/antenna/tag/e28068940000500386620d4f, 83
1652704659.827423, sdrt-health/mac:02010b41cdec/antenna/tag/e2806894000050038662194f, 94
1652704659.836483, sdrt-health/mac:02010b41cdec/antenna/tag/e2806894000040038662114f, 85
1652704659.842988, sdrt-health/mac:02010b41cdec/antenna/tag/e2806894000050038662194f, 88
1652704659.933669, sdrt-health/mac:02010b41cdec/antenna/tag/e28068940000400386621d4f, 96
1652704659.996475, sdrt-health/mac:02010b41cdec/antenna/tag/e2806894000050038661fd4f, 83
1652704660.072078, sdrt-health/mac:02010b41cdec/antenna/tag/e2806894000040038662114f, 88
1652704660.072288, sdrt-health/mac:02010b41cdec/antenna/tag/e2806894000040038662114f, 85
1652704660.146528, sdrt-health/mac:02010b41cdec/antenna/tag/e2806894000040038662054f, 94
1652704660.206544, sdrt-health/mac:02010b41cdec/antenna/tag/e28068940000400386621d4f, 77
1652704660.251837, sdrt-health/mac:02010b41cdec/antenna/tag/e2806894000050038661fd4f, 97
1652704660.311768, sdrt-health/mac:02010b41cdec/antenna/tag/e28068940000400386621d4f, 96
1652704660.312263, sdrt-health/mac:02010b41cdec/antenna/tag/e2806894000050038662154f, 88
1652704660.327776, sdrt-health/mac:02010b41cdec/antenna/tag/e28068940000500386620d4f, 83
1652704660.340977, sdrt-health/mac:02010b41cdec/antenna/tag/e28068940000500386620d4f, 83
1652704660.343779, sdrt-health/mac:02010b41cdec/antenna/tag/e2806894000050038661fd4f, 97
1652704660.344156, sdrt-health/mac:02010b41cdec/antenna/tag/e2806894000050038661fd4f, 91
1652704660.386327, sdrt-health/mac:02010b41cdec/antenna/tag/e28068940000500386620d4f, 97
1652704660.452337, sdrt-health/mac:02010b41cdec/antenna/tag/e2806894000050038661fd4f, 88
1652704660.452835, sdrt-health/mac:02010b41cdec/antenna/tag/e28068940000500386620d4f, 83
1652704660.477, sdrt-health/mac:02010b41cdec/antenna/tag/e2806894000040038662114f, 85
1652704660.508932, sdrt-health/mac:02010b41cdec/antenna/tag/e28068940000500386620d4f, 86
1652704660.509386, sdrt-health/mac:02010b41cdec/antenna/tag/e28068940000500386620d4f, 83
1652704660.525062, sdrt-health/mac:02010b41cdec/antenna/tag/e28068940000400386621d4f, 77
1652704660.555892, sdrt-health/mac:02010b41cdec/antenna/tag/e28068940000500386620d4f, 83
1652704660.596263, sdrt-health/mac:02010b41cdec/antenna/tag/e2806894000040038662114f, 85
1652704660.65246, sdrt-health/mac:02010b41cdec/antenna/tag/e2806894000050038661fd4f, 97
1652704660.696268, sdrt-health/mac:02010b41cdec/antenna/tag/e2806894000040038662114f, 85
1652704660.75597, sdrt-health/mac:02010b41cdec/antenna/tag/e28068940000400386621d4f, 77
1652704660.756422, sdrt-health/mac:02010b41cdec/antenna/tag/e28068940000400386621d4f, 77
1652704660.771867, sdrt-health/mac:02010b41cdec/antenna/tag/e2806894000040038662114f, 85
1652704660.772325, sdrt-health/mac:02010b41cdec/antenna/tag/e28068940000500386620d4f, 86
1652704660.772733, sdrt-health/mac:02010b41cdec/antenna/tag/e28068940000400386621d4f, 96
1652704660.789302, sdrt-health/mac:02010b41cdec/antenna/tag/e2806894000050038661fd4f, 91
1652704660.78967, sdrt-health/mac:02010b41cdec/antenna/tag/e28068940000400386621d4f, 77
1652704660.789955, sdrt-health/mac:02010b41cdec/antenna/tag/e28068940000500386620d4f, 83
1652704660.836847, sdrt-health/mac:02010b41cdec/antenna/tag/e2806894000050038662154f, 85
1652704660.875934, sdrt-health/mac:02010b41cdec/antenna/tag/e2806894000050038661fd4f, 91
1652704660.916075, sdrt-health/mac:02010b41cdec/antenna/tag/e2806894000050038661fd4f, 91
1652704660.97219, sdrt-health/mac:02010b41cdec/antenna/tag/e2806894000050038662154f, 88
1652704661.015553, sdrt-health/mac:02010b41cdec/antenna/tag/e2806894000050038661fd4f, 83
1652704661.048276, sdrt-health/mac:02010b41cdec/antenna/tag/e2806894000040038662114f, 88
1652704661.048876, sdrt-health/mac:02010b41cdec/antenna/tag/e28068940000400386621d4f, 96
1652704661.049314, sdrt-health/mac:02010b41cdec/antenna/tag/e28068940000500386620d4f, 83
1652704661.064359, sdrt-health/mac:02010b41cdec/antenna/tag/e28068940000500386620d4f, 97
1652704661.064836, sdrt-health/mac:02010b41cdec/antenna/tag/e2806894000050038662154f, 88
1652704661.065167, sdrt-health/mac:02010b41cdec/antenna/tag/e2806894000050038661fd4f, 97
1652704661.105706, sdrt-health/mac:02010b41cdec/antenna/tag/e28068940000400386621d4f, 77
1652704661.1366, sdrt-health/mac:02010b41cdec/antenna/tag/e2806894000040038661f94f, 94
1652704661.136877, sdrt-health/mac:02010b41cdec/antenna/tag/e2806894000040038662114f, 88
1652704661.15623, sdrt-health/mac:02010b41cdec/antenna/tag/e2806894000050038662154f, 88
1652704661.188773, sdrt-health/mac:02010b41cdec/antenna/tag/e2806894000040038662054f, 94
1652704661.189048, sdrt-health/mac:02010b41cdec/antenna/tag/e2806894000040038662114f, 85
1652704661.24728, sdrt-health/mac:02010b41cdec/antenna/tag/e2806894000040038662114f, 85
1652704661.315466, sdrt-health/mac:02010b41cdec/antenna/tag/e28068940000400386621d4f, 96
1652704661.355828, sdrt-health/mac:02010b41cdec/antenna/tag/e2806894000040038662214f, 81
1652704661.395088, sdrt-health/mac:02010b41cdec/antenna/tag/e2806894000050038661fd4f, 91
1652704661.437307, sdrt-health/mac:02010b41cdec/antenna/tag/e2806894000040038662214f, 94
1652704661.476529, sdrt-health/mac:02010b41cdec/antenna/tag/e2806894000050038661fd4f, 91
1652704661.516095, sdrt-health/mac:02010b41cdec/antenna/tag/e28068940000400386621d4f, 96
1652704661.572265, sdrt-health/mac:02010b41cdec/antenna/tag/e2806894000050038661fd4f, 97
1652704661.572789, sdrt-health/mac:02010b41cdec/antenna/tag/e2806894000040038662114f, 88
1652704661.613549, sdrt-health/mac:02010b41cdec/antenna/tag/e28068940000400386621d4f, 96
1652704661.734263, sdrt-health/mac:02010b41cdec/antenna/tag/e2806894000050038661fd4f, 91
1652704661.734829, sdrt-health/mac:02010b41cdec/antenna/tag/e28068940000400386621d4f, 77
1652704661.735243, sdrt-health/mac:02010b41cdec/antenna/tag/e2806894000050038661fd4f, 83
1652704661.735658, sdrt-health/mac:02010b41cdec/antenna/tag/e28068940000500386620d4f, 83
1652704661.736133, sdrt-health/mac:02010b41cdec/antenna/tag/e2806894000050038661fd4f, 97
1652704661.772229, sdrt-health/mac:02010b41cdec/antenna/tag/e2806894000050038661fd4f, 91
1652704661.832889, sdrt-health/mac:02010b41cdec/antenna/tag/e2806894000050038662154f, 85
1652704661.83339, sdrt-health/mac:02010b41cdec/antenna/tag/e2806894000040038662114f, 88
1652704661.84846, sdrt-health/mac:02010b41cdec/antenna/tag/e28068940000400386621d4f, 77
1652704661.916744, sdrt-health/mac:02010b41cdec/antenna/tag/e2806894000050038661fd4f, 91
1652704662.012953, sdrt-health/mac:02010b41cdec/antenna/tag/e2806894000050038662154f, 91
1652704662.056486, sdrt-health/mac:02010b41cdec/antenna/tag/e2806894000040038662114f, 85
1652704662.116112, sdrt-health/mac:02010b41cdec/antenna/tag/e2806894000050038662154f, 91
1652704662.116476, sdrt-health/mac:02010b41cdec/antenna/tag/e2806894000050038661fd4f, 83
1652704662.131628, sdrt-health/mac:02010b41cdec/antenna/tag/e28068940000500386620d4f, 97
1652704662.145954, sdrt-health/mac:02010b41cdec/antenna/tag/e2806894000050038662194f, 81
1652704662.197085, sdrt-health/mac:02010b41cdec/antenna/tag/e2806894000050038661fd4f, 97
1652704662.236922, sdrt-health/mac:02010b41cdec/antenna/tag/e28068940000500386620d4f, 97
1652704662.292536, sdrt-health/mac:02010b41cdec/antenna/tag/e2806894000050038662194f, 88
1652704662.293106, sdrt-health/mac:02010b41cdec/antenna/tag/e2806894000040038662114f, 85
1652704662.317149, sdrt-health/mac:02010b41cdec/antenna/tag/e28068940000500386620d4f, 97
1652704662.372178, sdrt-health/mac:02010b41cdec/antenna/tag/e2806894000050038661fd4f, 91
1652704662.372577, sdrt-health/mac:02010b41cdec/antenna/tag/e28068940000500386620d4f, 97
1652704662.387788, sdrt-health/mac:02010b41cdec/antenna/tag/e2806894000040038662214f, 94
1652704662.388151, sdrt-health/mac:02010b41cdec/antenna/tag/e2806894000040038662114f, 88
1652704662.397159, sdrt-health/mac:02010b41cdec/antenna/tag/e2806894000050038662194f, 81
1652704662.435966, sdrt-health/mac:02010b41cdec/antenna/tag/e2806894000050038662154f, 85
1652704662.475848, sdrt-health/mac:02010b41cdec/antenna/tag/e2806894000050038661fd4f, 83
1652704662.54247, sdrt-health/mac:02010b41cdec/antenna/tag/e2806894000050038662154f, 88
1652704662.543074, sdrt-health/mac:02010b41cdec/antenna/tag/e2806894000040038662054f, 81
1652704662.572494, sdrt-health/mac:02010b41cdec/antenna/tag/e28068940000400386621d4f, 77
1652704662.633412, sdrt-health/mac:02010b41cdec/antenna/tag/e2806894000040038662054f, 83
1652704662.633989, sdrt-health/mac:02010b41cdec/antenna/tag/e2806894000050038661fd4f, 83
1652704662.649671, sdrt-health/mac:02010b41cdec/antenna/tag/e2806894000050038662154f, 88
1652704662.696454, sdrt-health/mac:02010b41cdec/antenna/tag/e28068940000500386620d4f, 83
1652704662.757724, sdrt-health/mac:02010b41cdec/antenna/tag/e2806894000040038662114f, 85
1652704662.812391, sdrt-health/mac:02010b41cdec/antenna/tag/e2806894000040038662054f, 88
1652704662.812845, sdrt-health/mac:02010b41cdec/antenna/tag/e28068940000500386620d4f, 86
1652704662.836705, sdrt-health/mac:02010b41cdec/antenna/tag/e28068940000400386621d4f, 77
1652704662.894747, sdrt-health/mac:02010b41cdec/antenna/tag/e2806894000050038662154f, 93
1652704662.89534, sdrt-health/mac:02010b41cdec/antenna/tag/e2806894000040038662114f, 88
1652704662.910396, sdrt-health/mac:02010b41cdec/antenna/tag/e28068940000500386620d4f, 83
1652704662.942836, sdrt-health/mac:02010b41cdec/antenna/tag/e2806894000050038661fd4f, 88
1652704662.943066, sdrt-health/mac:02010b41cdec/antenna/tag/e2806894000040038662054f, 88
1652704662.972229, sdrt-health/mac:02010b41cdec/antenna/tag/e2806894000040038662114f, 85
1652704663.111099, sdrt-health/mac:02010b41cdec/antenna/tag/e2806894000040038662054f, 81
1652704663.11142, sdrt-health/mac:02010b41cdec/antenna/tag/e2806894000040038662054f, 88
1652704663.126465, sdrt-health/mac:02010b41cdec/antenna/tag/e2806894000050038661fd4f, 97
1652704663.126706, sdrt-health/mac:02010b41cdec/antenna/tag/e2806894000040038662054f, 94
1652704663.140521, sdrt-health/mac:02010b41cdec/antenna/tag/e2806894000040038662114f, 88
1652704663.19678, sdrt-health/mac:02010b41cdec/antenna/tag/e2806894000050038662194f, 84
1652704663.236326, sdrt-health/mac:02010b41cdec/antenna/tag/e2806894000040038662214f, 81
1652704663.276416, sdrt-health/mac:02010b41cdec/antenna/tag/e2806894000050038662194f, 84
1652704663.334056, sdrt-health/mac:02010b41cdec/antenna/tag/e2806894000050038661fd4f, 88
1652704663.334553, sdrt-health/mac:02010b41cdec/antenna/tag/e2806894000050038662154f, 93
1652704663.355901, sdrt-health/mac:02010b41cdec/antenna/tag/e2806894000040038662214f, 88
1652704663.454867, sdrt-health/mac:02010b41cdec/antenna/tag/e2806894000050038661fd4f, 91
1652704663.455337, sdrt-health/mac:02010b41cdec/antenna/tag/e28068940000400386621d4f, 77
1652704663.476579, sdrt-health/mac:02010b41cdec/antenna/tag/e28068940000400386621d4f, 96
1652704663.53323, sdrt-health/mac:02010b41cdec/antenna/tag/e2806894000050038662154f, 91
1652704663.5337, sdrt-health/mac:02010b41cdec/antenna/tag/e28068940000500386620d4f, 97
1652704663.549645, sdrt-health/mac:02010b41cdec/antenna/tag/e28068940000500386620d4f, 83
1652704663.564488, sdrt-health/mac:02010b41cdec/antenna/tag/e28068940000400386621d4f, 96
1652704663.612547, sdrt-health/mac:02010b41cdec/antenna/tag/e28068940000500386620d4f, 83
1652704663.672568, sdrt-health/mac:02010b41cdec/antenna/tag/e2806894000050038661fd4f, 83
1652704663.673194, sdrt-health/mac:02010b41cdec/antenna/tag/e28068940000400386621d4f, 96
1652704663.6885, sdrt-health/mac:02010b41cdec/antenna/tag/e2806894000050038661fd4f, 83
1652704663.700284, sdrt-health/mac:02010b41cdec/antenna/tag/e28068940000400386621d4f, 77
1652704663.746369, sdrt-health/mac:02010b41cdec/antenna/tag/e2806894000050038662194f, 94
1652704663.797216, sdrt-health/mac:02010b41cdec/antenna/tag/e28068940000500386620d4f, 83
1652704663.852219, sdrt-health/mac:02010b41cdec/antenna/tag/e2806894000050038662154f, 85
1652704663.852726, sdrt-health/mac:02010b41cdec/antenna/tag/e2806894000050038662154f, 87
1652704663.875695, sdrt-health/mac:02010b41cdec/antenna/tag/e2806894000040038662114f, 85
1652704663.933028, sdrt-health/mac:02010b41cdec/antenna/tag/e2806894000050038661fd4f, 88
1652704663.933534, sdrt-health/mac:02010b41cdec/antenna/tag/e2806894000050038661fd4f, 91
1652704663.958142, sdrt-health/mac:02010b41cdec/antenna/tag/e28068940000500386620d4f, 83
1652704664.012991, sdrt-health/mac:02010b41cdec/antenna/tag/e28068940000500386620d4f, 83
1652704664.074336, sdrt-health/mac:02010b41cdec/antenna/tag/e2806894000040038662114f, 88
1652704664.074788, sdrt-health/mac:02010b41cdec/antenna/tag/e2806894000050038662154f, 88
1652704664.090661, sdrt-health/mac:02010b41cdec/antenna/tag/e2806894000040038662114f, 88
1652704664.101012, sdrt-health/mac:02010b41cdec/antenna/tag/e28068940000400386621d4f, 96
1652704664.150082, sdrt-health/mac:02010b41cdec/antenna/tag/e2806894000050038661fd4f, 97
1652704664.196145, sdrt-health/mac:02010b41cdec/antenna/tag/e2806894000050038661fd4f, 97
1652704664.203458, sdrt-health/mac:02010b41cdec/antenna/tag/e2806894000050038662154f, 88
1652704664.212411, sdrt-health/mac:02010b41cdec/antenna/tag/e28068940000400386621d4f, 96
1652704664.236934, sdrt-health/mac:02010b41cdec/antenna/tag/e28068940000400386621d4f, 77
1652704664.32538, sdrt-health/mac:02010b41cdec/antenna/tag/e2806894000050038662194f, 81
1652704664.32592, sdrt-health/mac:02010b41cdec/antenna/tag/e2806894000050038661fd4f, 88
1652704664.365747, sdrt-health/mac:02010b41cdec/antenna/tag/e2806894000050038661fd4f, 91
1652704664.420065, sdrt-health/mac:02010b41cdec/antenna/tag/e2806894000050038662154f, 91
1652704664.501707, sdrt-health/mac:02010b41cdec/antenna/tag/e28068940000500386620d4f, 83
1652704664.548492, sdrt-health/mac:02010b41cdec/antenna/tag/e28068940000400386621d4f, 77
1652704664.548999, sdrt-health/mac:02010b41cdec/antenna/tag/e2806894000040038661f94f, 110
1652704664.605963, sdrt-health/mac:02010b41cdec/antenna/tag/e2806894000050038662154f, 93
1652704664.653062, sdrt-health/mac:02010b41cdec/antenna/tag/e28068940000400386621d4f, 77
1652704664.695899, sdrt-health/mac:02010b41cdec/antenna/tag/e2806894000050038662194f, 94
1652704664.782508, sdrt-health/mac:02010b41cdec/antenna/tag/e2806894000050038662154f, 85
1652704664.782958, sdrt-health/mac:02010b41cdec/antenna/tag/e2806894000050038662194f, 88
1652704664.815986, sdrt-health/mac:02010b41cdec/antenna/tag/e2806894000040038662114f, 93
1652704664.876123, sdrt-health/mac:02010b41cdec/antenna/tag/e2806894000050038662154f, 85
1652704664.916239, sdrt-health/mac:02010b41cdec/antenna/tag/e2806894000050038662194f, 81
1652704664.956646, sdrt-health/mac:02010b41cdec/antenna/tag/e2806894000050038662154f, 85
1652704665.017105, sdrt-health/mac:02010b41cdec/antenna/tag/e28068940000400386621d4f, 77
1652704665.017541, sdrt-health/mac:02010b41cdec/antenna/tag/e28068940000400386621d4f, 80
1652704665.036278, sdrt-health/mac:02010b41cdec/antenna/tag/e2806894000050038662194f, 94
1652704665.06995, sdrt-health/mac:02010b41cdec/antenna/tag/e28068940000500386620d4f, 83
1652704665.070184, sdrt-health/mac:02010b41cdec/antenna/tag/e28068940000400386621d4f, 77
1652704665.085996, sdrt-health/mac:02010b41cdec/antenna/tag/e2806894000050038661fd4f, 91
1652704665.086278, sdrt-health/mac:02010b41cdec/antenna/tag/e2806894000050038662154f, 85
1652704665.140405, sdrt-health/mac:02010b41cdec/antenna/tag/e28068940000500386620d4f, 83
1652704665.184737, sdrt-health/mac:02010b41cdec/antenna/tag/e2806894000040038662054f, 81
1652704665.186776, sdrt-health/mac:02010b41cdec/antenna/tag/e28068940000500386620d4f, 83
1652704665.200633, sdrt-health/mac:02010b41cdec/antenna/tag/e28068940000400386621d4f, 96
1652704665.255116, sdrt-health/mac:02010b41cdec/antenna/tag/e2806894000040038662114f, 88
1652704665.300103, sdrt-health/mac:02010b41cdec/antenna/tag/e2806894000050038662194f, 83
1652704665.47775, sdrt-health/mac:02010b41cdec/antenna/tag/e2806894000050038661fd4f, 83
1652704665.513021, sdrt-health/mac:02010b41cdec/antenna/tag/e28068940000500386620d4f, 83
1652704665.513225, sdrt-health/mac:02010b41cdec/antenna/tag/e2806894000050038661fd4f, 91
1652704665.513358, sdrt-health/mac:02010b41cdec/antenna/tag/e2806894000050038662154f, 85
1652704665.513467, sdrt-health/mac:02010b41cdec/antenna/tag/e2806894000050038661fd4f, 88
1652704665.513577, sdrt-health/mac:02010b41cdec/antenna/tag/e2806894000040038662114f, 85
1652704665.532058, sdrt-health/mac:02010b41cdec/antenna/tag/e2806894000040038662054f, 81
1652704665.581485, sdrt-health/mac:02010b41cdec/antenna/tag/e2806894000050038662154f, 91
1652704665.625457, sdrt-health/mac:02010b41cdec/antenna/tag/e28068940000400386621d4f, 96
1652704665.626349, sdrt-health/mac:02010b41cdec/antenna/tag/e2806894000050038661fd4f, 97
1652704665.707566, sdrt-health/mac:02010b41cdec/antenna/tag/e2806894000040038662054f, 81
1652704665.748158, sdrt-health/mac:02010b41cdec/antenna/tag/e28068940000500386620d4f, 83
1652704665.799511, sdrt-health/mac:02010b41cdec/antenna/tag/e28068940000500386620d4f, 83
1652704665.875272, sdrt-health/mac:02010b41cdec/antenna/tag/e2806894000050038662194f, 82
1652704665.875723, sdrt-health/mac:02010b41cdec/antenna/tag/e2806894000050038662154f, 93
1652704665.87606, sdrt-health/mac:02010b41cdec/antenna/tag/e2806894000040038662054f, 81
1652704665.891727, sdrt-health/mac:02010b41cdec/antenna/tag/e28068940000400386621d4f, 77
1652704665.89203, sdrt-health/mac:02010b41cdec/antenna/tag/e2806894000050038662194f, 87
1652704665.904145, sdrt-health/mac:02010b41cdec/antenna/tag/e2806894000050038662194f, 81
1652704665.958599, sdrt-health/mac:02010b41cdec/antenna/tag/e28068940000500386620d4f, 83
1652704665.99301, sdrt-health/mac:02010b41cdec/antenna/tag/e2806894000040038662114f, 85
1652704665.993345, sdrt-health/mac:02010b41cdec/antenna/tag/e2806894000050038661fd4f, 91
1652704665.993602, sdrt-health/mac:02010b41cdec/antenna/tag/e2806894000050038662194f, 94
1652704666.011447, sdrt-health/mac:02010b41cdec/antenna/tag/e2806894000040038662114f, 85
1652704666.011821, sdrt-health/mac:02010b41cdec/antenna/tag/e28068940000400386621d4f, 77
1652704666.012095, sdrt-health/mac:02010b41cdec/antenna/tag/e2806894000050038661fd4f, 97
1652704666.09915, sdrt-health/mac:02010b41cdec/antenna/tag/e28068940000400386621d4f, 77
1652704666.148105, sdrt-health/mac:02010b41cdec/antenna/tag/e2806894000050038662154f, 93
1652704666.182331, sdrt-health/mac:02010b41cdec/antenna/tag/e2806894000040038662114f, 88
1652704666.182548, sdrt-health/mac:02010b41cdec/antenna/tag/e2806894000050038662194f, 83
1652704666.199653, sdrt-health/mac:02010b41cdec/antenna/tag/e28068940000500386620d4f, 83
1652704666.254624, sdrt-health/mac:02010b41cdec/antenna/tag/e2806894000040038662114f, 93
1652704666.255893, sdrt-health/mac:02010b41cdec/antenna/tag/e2806894000040038662114f, 85
1652704666.296289, sdrt-health/mac:02010b41cdec/antenna/tag/e2806894000050038661fd4f, 97
1652704666.361957, sdrt-health/mac:02010b41cdec/antenna/tag/e2806894000050038661fd4f, 97
1652704666.362459, sdrt-health/mac:02010b41cdec/antenna/tag/e2806894000040038662114f, 85
1652704666.380145, sdrt-health/mac:02010b41cdec/antenna/tag/e2806894000040038662054f, 81
1652704666.386581, sdrt-health/mac:02010b41cdec/antenna/tag/e2806894000050038662194f, 88
1652704666.439085, sdrt-health/mac:02010b41cdec/antenna/tag/e2806894000050038662194f, 94
1652704666.507465, sdrt-health/mac:02010b41cdec/antenna/tag/e28068940000500386620d4f, 83
1652704666.507902, sdrt-health/mac:02010b41cdec/antenna/tag/e2806894000050038661fd4f, 83
1652704666.557335, sdrt-health/mac:02010b41cdec/antenna/tag/e28068940000400386621d4f, 96
1652704666.596773, sdrt-health/mac:02010b41cdec/antenna/tag/e2806894000040038662054f, 94
1652704666.651414, sdrt-health/mac:02010b41cdec/antenna/tag/e2806894000050038662194f, 84
1652704666.651853, sdrt-health/mac:02010b41cdec/antenna/tag/e2806894000050038662154f, 85
1652704666.666831, sdrt-health/mac:02010b41cdec/antenna/tag/e2806894000050038661fd4f, 97
1652704666.677545, sdrt-health/mac:02010b41cdec/antenna/tag/e2806894000050038662194f, 94
1652704666.715876, sdrt-health/mac:02010b41cdec/antenna/tag/e28068940000400386621d4f, 77
1652704666.781628, sdrt-health/mac:02010b41cdec/antenna/tag/e2806894000040038662114f, 88
1652704666.78207, sdrt-health/mac:02010b41cdec/antenna/tag/e2806894000050038662194f, 94
1652704666.811867, sdrt-health/mac:02010b41cdec/antenna/tag/e28068940000400386621d4f, 96
1652704666.856458, sdrt-health/mac:02010b41cdec/antenna/tag/e28068940000400386621d4f, 96
1652704666.888054, sdrt-health/mac:02010b41cdec/antenna/tag/e28068940000500386620d4f, 83
1652704666.8884, sdrt-health/mac:02010b41cdec/antenna/tag/e2806894000040038662114f, 85
1652704666.889511, sdrt-health/mac:02010b41cdec/antenna/tag/e2806894000050038662154f, 88
1652704666.903425, sdrt-health/mac:02010b41cdec/antenna/tag/e2806894000050038661fd4f, 97
1652704666.90373, sdrt-health/mac:02010b41cdec/antenna/tag/e2806894000040038662114f, 85
1652704666.903944, sdrt-health/mac:02010b41cdec/antenna/tag/e2806894000040038662114f, 85
1652704666.945933, sdrt-health/mac:02010b41cdec/antenna/tag/e2806894000050038661fd4f, 97
1652704667.004783, sdrt-health/mac:02010b41cdec/antenna/tag/e2806894000050038661fd4f, 97
1652704667.036936, sdrt-health/mac:02010b41cdec/antenna/tag/e2806894000040038662114f, 85
1652704667.037263, sdrt-health/mac:02010b41cdec/antenna/tag/e2806894000050038661fd4f, 97
1652704667.107276, sdrt-health/mac:02010b41cdec/antenna/tag/e2806894000050038661fd4f, 97
1652704667.166269, sdrt-health/mac:02010b41cdec/antenna/tag/e2806894000040038662114f, 93
1652704667.218927, sdrt-health/mac:02010b41cdec/antenna/tag/e28068940000400386621d4f, 77
1652704667.256605, sdrt-health/mac:02010b41cdec/antenna/tag/e2806894000050038662194f, 94
1652704667.301011, sdrt-health/mac:02010b41cdec/antenna/tag/e2806894000050038662194f, 94
1652704667.361191, sdrt-health/mac:02010b41cdec/antenna/tag/e28068940000500386620d4f, 86
1652704667.361682, sdrt-health/mac:02010b41cdec/antenna/tag/e28068940000500386620d4f, 83
1652704667.39579, sdrt-health/mac:02010b41cdec/antenna/tag/e2806894000040038662114f, 88
1652704667.429667, sdrt-health/mac:02010b41cdec/antenna/tag/e28068940000400386621d4f, 96
1652704667.430077, sdrt-health/mac:02010b41cdec/antenna/tag/e2806894000050038662154f, 88
1652704667.452132, sdrt-health/mac:02010b41cdec/antenna/tag/e28068940000400386621d4f, 96
1652704667.540146, sdrt-health/mac:02010b41cdec/antenna/tag/e2806894000040038662114f, 88
1652704667.726278, sdrt-health/mac:02010b41cdec/antenna/tag/e28068940000400386621d4f, 96
1652704667.726813, sdrt-health/mac:02010b41cdec/antenna/tag/e28068940000500386620d4f, 83
1652704667.741272, sdrt-health/mac:02010b41cdec/antenna/tag/e2806894000050038661fd4f, 83
1652704667.741499, sdrt-health/mac:02010b41cdec/antenna/tag/e2806894000040038661f94f, 88
1652704667.74167, sdrt-health/mac:02010b41cdec/antenna/tag/e2806894000050038661fd4f, 83
1652704667.756614, sdrt-health/mac:02010b41cdec/antenna/tag/e2806894000050038662154f, 88
1652704667.756883, sdrt-health/mac:02010b41cdec/antenna/tag/e2806894000040038662114f, 85
1652704667.79663, sdrt-health/mac:02010b41cdec/antenna/tag/e2806894000050038661fd4f, 91
1652704667.798222, sdrt-health/mac:02010b41cdec/antenna/tag/e2806894000050038661fd4f, 91
1652704667.836025, sdrt-health/mac:02010b41cdec/antenna/tag/e28068940000500386620d4f, 97
1652704667.894984, sdrt-health/mac:02010b41cdec/antenna/tag/e28068940000500386620d4f, 83
1652704667.895509, sdrt-health/mac:02010b41cdec/antenna/tag/e28068940000500386620d4f, 97
1652704667.916067, sdrt-health/mac:02010b41cdec/antenna/tag/e2806894000050038661fd4f, 91
1652704667.955724, sdrt-health/mac:02010b41cdec/antenna/tag/e28068940000400386621d4f, 77
1652704667.99674, sdrt-health/mac:02010b41cdec/antenna/tag/e28068940000500386620d4f, 83
1652704668.036532, sdrt-health/mac:02010b41cdec/antenna/tag/e2806894000050038662154f, 85
1652704668.09178, sdrt-health/mac:02010b41cdec/antenna/tag/e2806894000050038661fd4f, 91
1652704668.092222, sdrt-health/mac:02010b41cdec/antenna/tag/e28068940000400386621d4f, 96
1652704668.206758, sdrt-health/mac:02010b41cdec/antenna/tag/e28068940000500386620d4f, 83
1652704668.239482, sdrt-health/mac:02010b41cdec/antenna/tag/e28068940000400386621d4f, 96
1652704668.239912, sdrt-health/mac:02010b41cdec/antenna/tag/e28068940000500386620d4f, 83
1652704668.240282, sdrt-health/mac:02010b41cdec/antenna/tag/e2806894000050038661fd4f, 97
1652704668.240608, sdrt-health/mac:02010b41cdec/antenna/tag/e2806894000050038662154f, 85
1652704668.276845, sdrt-health/mac:02010b41cdec/antenna/tag/e2806894000050038661fd4f, 97
1652704668.350551, sdrt-health/mac:02010b41cdec/antenna/tag/e2806894000050038662154f, 85
1652704668.350804, sdrt-health/mac:02010b41cdec/antenna/tag/e2806894000050038661fd4f, 97
1652704668.366087, sdrt-health/mac:02010b41cdec/antenna/tag/e28068940000400386621d4f, 96
1652704668.376763, sdrt-health/mac:02010b41cdec/antenna/tag/e2806894000050038662154f, 85
1652704668.429388, sdrt-health/mac:02010b41cdec/antenna/tag/e2806894000040038662214f, 81
1652704668.460394, sdrt-health/mac:02010b41cdec/antenna/tag/e2806894000040038662214f, 88
1652704668.460602, sdrt-health/mac:02010b41cdec/antenna/tag/e2806894000040038661f94f, 84
1652704668.476794, sdrt-health/mac:02010b41cdec/antenna/tag/e2806894000040038662114f, 85
1652704668.47703, sdrt-health/mac:02010b41cdec/antenna/tag/e2806894000040038662114f, 88
1652704668.477179, sdrt-health/mac:02010b41cdec/antenna/tag/e2806894000050038661fd4f, 91
1652704668.54651, sdrt-health/mac:02010b41cdec/antenna/tag/e28068940000400386621d4f, 77
1652704668.606366, sdrt-health/mac:02010b41cdec/antenna/tag/e2806894000050038661fd4f, 83
1652704668.663244, sdrt-health/mac:02010b41cdec/antenna/tag/e28068940000500386620d4f, 97
1652704668.695388, sdrt-health/mac:02010b41cdec/antenna/tag/e28068940000500386620d4f, 97
1652704668.696038, sdrt-health/mac:02010b41cdec/antenna/tag/e28068940000400386621d4f, 77
1652704668.711627, sdrt-health/mac:02010b41cdec/antenna/tag/e28068940000500386620d4f, 97
1652704668.712232, sdrt-health/mac:02010b41cdec/antenna/tag/e2806894000040038662114f, 85
1652704668.767122, sdrt-health/mac:02010b41cdec/antenna/tag/e2806894000050038662154f, 88
1652704668.799411, sdrt-health/mac:02010b41cdec/antenna/tag/e2806894000040038662114f, 85
1652704668.799877, sdrt-health/mac:02010b41cdec/antenna/tag/e28068940000500386620d4f, 97
1652704668.815308, sdrt-health/mac:02010b41cdec/antenna/tag/e28068940000500386620d4f, 83
1652704668.815594, sdrt-health/mac:02010b41cdec/antenna/tag/e2806894000050038662154f, 85
1652704668.856391, sdrt-health/mac:02010b41cdec/antenna/tag/e2806894000050038662154f, 93
1652704668.917598, sdrt-health/mac:02010b41cdec/antenna/tag/e28068940000500386620d4f, 97
1652704668.918217, sdrt-health/mac:02010b41cdec/antenna/tag/e2806894000050038662154f, 88
1652704668.945622, sdrt-health/mac:02010b41cdec/antenna/tag/e2806894000050038662194f, 83
1652704669.06644, sdrt-health/mac:02010b41cdec/antenna/tag/e2806894000050038662154f, 88
1652704669.115736, sdrt-health/mac:02010b41cdec/antenna/tag/e2806894000050038661fd4f, 83
1652704669.190941, sdrt-health/mac:02010b41cdec/antenna/tag/e28068940000500386620d4f, 83
1652704669.191408, sdrt-health/mac:02010b41cdec/antenna/tag/e2806894000040038662054f, 81
1652704669.21924, sdrt-health/mac:02010b41cdec/antenna/tag/e2806894000040038662114f, 88
1652704669.265442, sdrt-health/mac:02010b41cdec/antenna/tag/e2806894000040038662054f, 88
1652704669.316017, sdrt-health/mac:02010b41cdec/antenna/tag/e2806894000050038662154f, 93
1652704669.389106, sdrt-health/mac:02010b41cdec/antenna/tag/e28068940000500386620d4f, 86
1652704669.389436, sdrt-health/mac:02010b41cdec/antenna/tag/e2806894000050038661fd4f, 91
1652704669.404168, sdrt-health/mac:02010b41cdec/antenna/tag/e28068940000500386620d4f, 86
1652704669.404413, sdrt-health/mac:02010b41cdec/antenna/tag/e2806894000050038662194f, 81
1652704669.404592, sdrt-health/mac:02010b41cdec/antenna/tag/e28068940000400386621d4f, 77
1652704669.427485, sdrt-health/mac:02010b41cdec/antenna/tag/e2806894000040038662054f, 82
1652704669.491467, sdrt-health/mac:02010b41cdec/antenna/tag/e2806894000050038661fd4f, 97
1652704669.49197, sdrt-health/mac:02010b41cdec/antenna/tag/e2806894000040038662114f, 88
1652704669.506489, sdrt-health/mac:02010b41cdec/antenna/tag/e2806894000040038662054f, 88
1652704669.515353, sdrt-health/mac:02010b41cdec/antenna/tag/e2806894000050038661fd4f, 97
1652704669.556311, sdrt-health/mac:02010b41cdec/antenna/tag/e28068940000500386620d4f, 83
1652704669.611649, sdrt-health/mac:02010b41cdec/antenna/tag/e28068940000500386620d4f, 91
1652704669.669903, sdrt-health/mac:02010b41cdec/antenna/tag/e2806894000050038662154f, 88
1652704669.670391, sdrt-health/mac:02010b41cdec/antenna/tag/e2806894000050038662154f, 85
1652704669.685085, sdrt-health/mac:02010b41cdec/antenna/tag/e2806894000040038662114f, 88
1652704669.699688, sdrt-health/mac:02010b41cdec/antenna/tag/e2806894000050038662194f, 88
1652704669.74571, sdrt-health/mac:02010b41cdec/antenna/tag/e2806894000040038662114f, 88
1652704669.811327, sdrt-health/mac:02010b41cdec/antenna/tag/e2806894000050038661fd4f, 91
1652704669.811909, sdrt-health/mac:02010b41cdec/antenna/tag/e2806894000050038662154f, 85
1652704669.835215, sdrt-health/mac:02010b41cdec/antenna/tag/e2806894000040038662114f, 88
1652704669.883638, sdrt-health/mac:02010b41cdec/antenna/tag/e28068940000500386620d4f, 83
1652704669.943374, sdrt-health/mac:02010b41cdec/antenna/tag/e2806894000040038662214f, 81
1652704670.001817, sdrt-health/mac:02010b41cdec/antenna/tag/e2806894000050038662154f, 87
1652704670.002177, sdrt-health/mac:02010b41cdec/antenna/tag/e2806894000050038662154f, 88
1652704670.017284, sdrt-health/mac:02010b41cdec/antenna/tag/e28068940000400386621d4f, 77
1652704670.017585, sdrt-health/mac:02010b41cdec/antenna/tag/e28068940000500386620d4f, 83
1652704670.036173, sdrt-health/mac:02010b41cdec/antenna/tag/e28068940000500386620d4f, 97
1652704670.172038, sdrt-health/mac:02010b41cdec/antenna/tag/e28068940000500386620d4f, 83
1652704670.202432, sdrt-health/mac:02010b41cdec/antenna/tag/e2806894000050038662154f, 88
1652704670.202796, sdrt-health/mac:02010b41cdec/antenna/tag/e2806894000040038662114f, 85
1652704670.319966, sdrt-health/mac:02010b41cdec/antenna/tag/scan, scan stopped
