1652703900.766166, sdrt-health/mac:02010b41cdec/state, online
1652703900.767086, sdrt-health/mac:02010b41cdec/antenna/power/set, {"power": 280}
1652703902.11106, sdrt-health/mac:02010b41cdec/antenna/power/set, 
1652703905.790743, sdrt-health/mac:02010b41cdec/antenna/tag/scan, {"time": 20000}
1652703906.184449, sdrt-health/mac:02010b41cdec/antenna/tag/e28068940000400386621d4f, 96
1652703906.237551, sdrt-health/mac:02010b41cdec/antenna/tag/e2806894000050038662154f, 85
1652703906.310667, sdrt-health/mac:02010b41cdec/antenna/tag/e2806894000050038662154f, 85
1652703906.311269, sdrt-health/mac:02010b41cdec/antenna/tag/e2806894000040038662114f, 88
1652703906.328854, sdrt-health/mac:02010b41cdec/antenna/tag/e2806894000050038661fd4f, 97
1652703906.329467, sdrt-health/mac:02010b41cdec/antenna/tag/e2806894000050038662154f, 85
1652703906.334291, sdrt-health/mac:02010b41cdec/antenna/tag/e2806894000050038662154f, 88
1652703906.388729, sdrt-health/mac:02010b41cdec/antenna/tag/e2806894000050038661fd4f, 91
1652703906.457007, sdrt-health/mac:02010b41cdec/antenna/tag/e2806894000050038662154f, 88
1652703906.457464, sdrt-health/mac:02010b41cdec/antenna/tag/e28068940000500386620d4f, 83
1652703906.458088, sdrt-health/mac:02010b41cdec/antenna/tag/e28068940000400386621d4f, 96
1652703906.459512, sdrt-health/mac:02010b41cdec/antenna/tag/e28068940000400386621d4f, 96
1652703906.473012, sdrt-health/mac:02010b41cdec/antenna/tag/e28068940000400386621d4f, 96
1652703906.478662, sdrt-health/mac:02010b41cdec/antenna/tag/e2806894000040038662114f, 85
1652703906.489358, sdrt-health/mac:02010b41cdec/antenna/tag/e2806894000050038661fd4f, 97
1652703906.489568, sdrt-health/mac:02010b41cdec/antenna/tag/e28068940000400386621d4f, 90
1652703906.520081, sdrt-health/mac:02010b41cdec/antenna/tag/e2806894000050038661fd4f, 97
1652703906.575955, sdrt-health/mac:02010b41cdec/antenna/tag/e28068940000400386621d4f, 96
1652703906.576187, sdrt-health/mac:02010b41cdec/antenna/tag/e2806894000040038662114f, 85
1652703906.600806, sdrt-health/mac:02010b41cdec/antenna/tag/e28068940000400386621d4f, 77
1652703906.661264, sdrt-health/mac:02010b41cdec/antenna/tag/e2806894000050038662154f, 93
1652703906.661813, sdrt-health/mac:02010b41cdec/antenna/tag/e2806894000050038661fd4f, 91
1652703906.691324, sdrt-health/mac:02010b41cdec/antenna/tag/e2806894000050038661fd4f, 91
1652703906.735616, sdrt-health/mac:02010b41cdec/antenna/tag/e2806894000050038661fd4f, 91
1652703906.768617, sdrt-health/mac:02010b41cdec/antenna/tag/e2806894000040038662114f, 93
1652703906.768899, sdrt-health/mac:02010b41cdec/antenna/tag/e2806894000050038662154f, 88
1652703906.783748, sdrt-health/mac:02010b41cdec/antenna/tag/e2806894000050038661fd4f, 97
1652703906.783973, sdrt-health/mac:02010b41cdec/antenna/tag/e2806894000040038662114f, 85
1652703906.784143, sdrt-health/mac:02010b41cdec/antenna/tag/e2806894000040038662114f, 85
1652703906.821579, sdrt-health/mac:02010b41cdec/antenna/tag/e2806894000040038662114f, 85
1652703906.86906, sdrt-health/mac:02010b41cdec/antenna/tag/e28068940000400386621d4f, 77
1652703906.918429, sdrt-health/mac:02010b41cdec/antenna/tag/e2806894000050038661fd4f, 91
1652703906.918897, sdrt-health/mac:02010b41cdec/antenna/tag/e28068940000500386620d4f, 97
1652703906.934056, sdrt-health/mac:02010b41cdec/antenna/tag/e28068940000400386621d4f, 77
1652703906.934412, sdrt-health/mac:02010b41cdec/antenna/tag/e28068940000500386620d4f, 83
1652703906.975226, sdrt-health/mac:02010b41cdec/antenna/tag/e28068940000500386620d4f, 97
1652703907.035859, sdrt-health/mac:02010b41cdec/antenna/tag/e28068940000400386621d4f, 96
1652703907.036442, sdrt-health/mac:02010b41cdec/antenna/tag/e28068940000400386621d4f, 96
1652703907.051255, sdrt-health/mac:02010b41cdec/antenna/tag/e28068940000400386621d4f, 96
1652703907.063391, sdrt-health/mac:02010b41cdec/antenna/tag/e28068940000500386620d4f, 97
1652703907.067041, sdrt-health/mac:02010b41cdec/antenna/tag/e2806894000050038662154f, 85
1652703907.110508, sdrt-health/mac:02010b41cdec/antenna/tag/e2806894000050038662154f, 88
1652703907.187946, sdrt-health/mac:02010b41cdec/antenna/tag/e2806894000040038662114f, 85
1652703907.188266, sdrt-health/mac:02010b41cdec/antenna/tag/e2806894000050038661fd4f, 97
1652703907.188513, sdrt-health/mac:02010b41cdec/antenna/tag/e28068940000400386621d4f, 96
1652703907.208379, sdrt-health/mac:02010b41cdec/antenna/tag/e2806894000050038661fd4f, 83
1652703907.208653, sdrt-health/mac:02010b41cdec/antenna/tag/e2806894000040038662114f, 85
1652703907.214462, sdrt-health/mac:02010b41cdec/antenna/tag/e28068940000500386620d4f, 83
1652703907.228071, sdrt-health/mac:02010b41cdec/antenna/tag/e2806894000050038662154f, 85
1652703907.25931, sdrt-health/mac:02010b41cdec/antenna/tag/e2806894000050038662154f, 85
1652703907.318563, sdrt-health/mac:02010b41cdec/antenna/tag/e28068940000500386620d4f, 97
1652703907.31914, sdrt-health/mac:02010b41cdec/antenna/tag/e28068940000500386620d4f, 97
1652703907.3195, sdrt-health/mac:02010b41cdec/antenna/tag/e2806894000040038662114f, 85
1652703907.357096, sdrt-health/mac:02010b41cdec/antenna/tag/e2806894000040038662114f, 85
1652703907.414281, sdrt-health/mac:02010b41cdec/antenna/tag/e2806894000040038662114f, 85
1652703907.41482, sdrt-health/mac:02010b41cdec/antenna/tag/e2806894000050038661fd4f, 91
1652703907.429854, sdrt-health/mac:02010b41cdec/antenna/tag/e28068940000400386621d4f, 96
1652703907.437433, sdrt-health/mac:02010b41cdec/antenna/tag/e2806894000050038661fd4f, 97
1652703907.443708, sdrt-health/mac:02010b41cdec/antenna/tag/e2806894000050038662154f, 85
1652703907.479983, sdrt-health/mac:02010b41cdec/antenna/tag/e2806894000040038662114f, 85
1652703907.518332, sdrt-health/mac:02010b41cdec/antenna/tag/e2806894000040038662214f, 81
1652703907.559773, sdrt-health/mac:02010b41cdec/antenna/tag/e2806894000050038662154f, 93
1652703907.598431, sdrt-health/mac:02010b41cdec/antenna/tag/e28068940000400386621d4f, 77
1652703907.648475, sdrt-health/mac:02010b41cdec/antenna/tag/e28068940000500386620d4f, 97
1652703907.695968, sdrt-health/mac:02010b41cdec/antenna/tag/e28068940000500386620d4f, 97
1652703907.737858, sdrt-health/mac:02010b41cdec/antenna/tag/e28068940000400386621d4f, 90
1652703907.738844, sdrt-health/mac:02010b41cdec/antenna/tag/e2806894000050038662154f, 85
1652703907.782153, sdrt-health/mac:02010b41cdec/antenna/tag/e28068940000400386621d4f, 96
1652703907.844198, sdrt-health/mac:02010b41cdec/antenna/tag/e2806894000040038662114f, 88
1652703907.844674, sdrt-health/mac:02010b41cdec/antenna/tag/e28068940000500386620d4f, 83
1652703907.84504, sdrt-health/mac:02010b41cdec/antenna/tag/e28068940000400386621d4f, 96
1652703907.860248, sdrt-health/mac:02010b41cdec/antenna/tag/e28068940000500386620d4f, 83
1652703907.860787, sdrt-health/mac:02010b41cdec/antenna/tag/e2806894000050038661fd4f, 97
1652703907.91814, sdrt-health/mac:02010b41cdec/antenna/tag/e2806894000040038662114f, 88
1652703907.975198, sdrt-health/mac:02010b41cdec/antenna/tag/e2806894000050038661fd4f, 97
1652703907.975729, sdrt-health/mac:02010b41cdec/antenna/tag/e2806894000050038662154f, 85
1652703907.998179, sdrt-health/mac:02010b41cdec/antenna/tag/e2806894000050038662154f, 87
1652703908.038367, sdrt-health/mac:02010b41cdec/antenna/tag/e2806894000050038661fd4f, 88
1652703908.094778, sdrt-health/mac:02010b41cdec/antenna/tag/e2806894000040038662214f, 88
1652703908.095276, sdrt-health/mac:02010b41cdec/antenna/tag/e2806894000040038662214f, 84
1652703908.110562, sdrt-health/mac:02010b41cdec/antenna/tag/e28068940000500386620d4f, 97
1652703908.160327, sdrt-health/mac:02010b41cdec/antenna/tag/e2806894000040038662114f, 85
1652703908.199094, sdrt-health/mac:02010b41cdec/antenna/tag/e2806894000050038661fd4f, 83
1652703908.238916, sdrt-health/mac:02010b41cdec/antenna/tag/e28068940000400386621d4f, 90
1652703908.277768, sdrt-health/mac:02010b41cdec/antenna/tag/e28068940000400386621d4f, 96
1652703908.318324, sdrt-health/mac:02010b41cdec/antenna/tag/e2806894000050038662154f, 88
1652703908.415149, sdrt-health/mac:02010b41cdec/antenna/tag/e2806894000040038662114f, 85
1652703908.415729, sdrt-health/mac:02010b41cdec/antenna/tag/e2806894000050038661fd4f, 91
1652703908.439646, sdrt-health/mac:02010b41cdec/antenna/tag/e2806894000040038662114f, 85
1652703908.494033, sdrt-health/mac:02010b41cdec/antenna/tag/e28068940000400386621d4f, 77
1652703908.494721, sdrt-health/mac:02010b41cdec/antenna/tag/e2806894000050038662154f, 93
1652703908.518185, sdrt-health/mac:02010b41cdec/antenna/tag/e2806894000040038662114f, 85
1652703908.574097, sdrt-health/mac:02010b41cdec/antenna/tag/e28068940000400386621d4f, 96
1652703908.574526, sdrt-health/mac:02010b41cdec/antenna/tag/e2806894000050038662154f, 88
1652703908.655127, sdrt-health/mac:02010b41cdec/antenna/tag/e2806894000040038662114f, 85
1652703908.69905, sdrt-health/mac:02010b41cdec/antenna/tag/e2806894000050038662154f, 88
1652703908.699608, sdrt-health/mac:02010b41cdec/antenna/tag/e2806894000040038662114f, 85
1652703908.799748, sdrt-health/mac:02010b41cdec/antenna/tag/e2806894000050038662154f, 85
1652703908.895137, sdrt-health/mac:02010b41cdec/antenna/tag/e28068940000500386620d4f, 97
1652703908.954132, sdrt-health/mac:02010b41cdec/antenna/tag/e2806894000050038662154f, 88
1652703908.954647, sdrt-health/mac:02010b41cdec/antenna/tag/e2806894000050038661fd4f, 97
1652703908.955012, sdrt-health/mac:02010b41cdec/antenna/tag/e2806894000040038662114f, 85
1652703908.969, sdrt-health/mac:02010b41cdec/antenna/tag/e28068940000500386620d4f, 83
1652703908.981647, sdrt-health/mac:02010b41cdec/antenna/tag/e2806894000040038662114f, 85
1652703909.028971, sdrt-health/mac:02010b41cdec/antenna/tag/e2806894000040038662114f, 93
1652703909.0802, sdrt-health/mac:02010b41cdec/antenna/tag/e2806894000040038662114f, 85
1652703909.124299, sdrt-health/mac:02010b41cdec/antenna/tag/e2806894000050038662154f, 88
1652703909.173737, sdrt-health/mac:02010b41cdec/antenna/tag/e28068940000400386621d4f, 90
1652703909.174192, sdrt-health/mac:02010b41cdec/antenna/tag/e2806894000050038661fd4f, 97
1652703909.198201, sdrt-health/mac:02010b41cdec/antenna/tag/e2806894000050038662154f, 85
1652703909.238305, sdrt-health/mac:02010b41cdec/antenna/tag/e2806894000050038662154f, 85
1652703909.291426, sdrt-health/mac:02010b41cdec/antenna/tag/e28068940000400386621d4f, 90
1652703909.347852, sdrt-health/mac:02010b41cdec/antenna/tag/e28068940000400386621d4f, 77
1652703909.379197, sdrt-health/mac:02010b41cdec/antenna/tag/e2806894000050038662154f, 87
1652703909.379564, sdrt-health/mac:02010b41cdec/antenna/tag/e2806894000040038662114f, 88
1652703909.398917, sdrt-health/mac:02010b41cdec/antenna/tag/e2806894000040038662114f, 85
1652703909.40098, sdrt-health/mac:02010b41cdec/antenna/tag/e2806894000050038662154f, 93
1652703909.414081, sdrt-health/mac:02010b41cdec/antenna/tag/e28068940000500386620d4f, 83
1652703909.462805, sdrt-health/mac:02010b41cdec/antenna/tag/e2806894000050038662154f, 87
1652703909.508561, sdrt-health/mac:02010b41cdec/antenna/tag/e2806894000040038662114f, 85
1652703909.541227, sdrt-health/mac:02010b41cdec/antenna/tag/e2806894000040038662114f, 93
1652703909.541685, sdrt-health/mac:02010b41cdec/antenna/tag/e2806894000040038662114f, 85
1652703909.561802, sdrt-health/mac:02010b41cdec/antenna/tag/e2806894000050038661fd4f, 91
1652703909.629969, sdrt-health/mac:02010b41cdec/antenna/tag/e2806894000050038661fd4f, 97
1652703909.630274, sdrt-health/mac:02010b41cdec/antenna/tag/e2806894000040038662114f, 85
1652703909.645314, sdrt-health/mac:02010b41cdec/antenna/tag/e2806894000040038662114f, 87
1652703909.679365, sdrt-health/mac:02010b41cdec/antenna/tag/e2806894000050038662154f, 88
1652703909.67972, sdrt-health/mac:02010b41cdec/antenna/tag/e28068940000500386620d4f, 97
1652703909.728417, sdrt-health/mac:02010b41cdec/antenna/tag/e2806894000040038662114f, 85
1652703909.779491, sdrt-health/mac:02010b41cdec/antenna/tag/e28068940000500386620d4f, 83
1652703909.844759, sdrt-health/mac:02010b41cdec/antenna/tag/e28068940000400386621d4f, 96
1652703909.8453, sdrt-health/mac:02010b41cdec/antenna/tag/e2806894000050038661fd4f, 97
1652703909.882237, sdrt-health/mac:02010b41cdec/antenna/tag/e28068940000400386621d4f, 96
1652703909.912846, sdrt-health/mac:02010b41cdec/antenna/tag/e2806894000040038662114f, 88
1652703909.913104, sdrt-health/mac:02010b41cdec/antenna/tag/e2806894000040038662114f, 85
1652703909.927777, sdrt-health/mac:02010b41cdec/antenna/tag/e2806894000050038662154f, 85
1652703909.92811, sdrt-health/mac:02010b41cdec/antenna/tag/e2806894000050038661fd4f, 97
1652703909.960176, sdrt-health/mac:02010b41cdec/antenna/tag/e2806894000050038662154f, 85
1652703910.015382, sdrt-health/mac:02010b41cdec/antenna/tag/e2806894000050038661fd4f, 91
1652703910.015789, sdrt-health/mac:02010b41cdec/antenna/tag/e2806894000050038661fd4f, 91
1652703910.032993, sdrt-health/mac:02010b41cdec/antenna/tag/e28068940000400386621d4f, 77
1652703910.038595, sdrt-health/mac:02010b41cdec/antenna/tag/e2806894000050038661fd4f, 97
1652703910.049692, sdrt-health/mac:02010b41cdec/antenna/tag/e28068940000500386620d4f, 83
1652703910.094843, sdrt-health/mac:02010b41cdec/antenna/tag/e28068940000500386620d4f, 97
1652703910.139985, sdrt-health/mac:02010b41cdec/antenna/tag/e2806894000040038662114f, 85
1652703910.199247, sdrt-health/mac:02010b41cdec/antenna/tag/e2806894000050038662194f, 81
1652703910.19975, sdrt-health/mac:02010b41cdec/antenna/tag/e2806894000040038662114f, 88
1652703910.214247, sdrt-health/mac:02010b41cdec/antenna/tag/e28068940000500386620d4f, 83
1652703910.22952, sdrt-health/mac:02010b41cdec/antenna/tag/e28068940000400386621d4f, 96
1652703910.294978, sdrt-health/mac:02010b41cdec/antenna/tag/e28068940000500386620d4f, 83
1652703910.295517, sdrt-health/mac:02010b41cdec/antenna/tag/e2806894000050038662154f, 85
1652703910.318764, sdrt-health/mac:02010b41cdec/antenna/tag/e28068940000400386621d4f, 96
1652703910.375172, sdrt-health/mac:02010b41cdec/antenna/tag/e2806894000050038661fd4f, 97
1652703910.375695, sdrt-health/mac:02010b41cdec/antenna/tag/e2806894000040038662114f, 85
1652703910.398758, sdrt-health/mac:02010b41cdec/antenna/tag/e28068940000500386620d4f, 83
1652703910.440004, sdrt-health/mac:02010b41cdec/antenna/tag/e2806894000050038662154f, 85
1652703910.479518, sdrt-health/mac:02010b41cdec/antenna/tag/e2806894000050038662194f, 84
1652703910.536149, sdrt-health/mac:02010b41cdec/antenna/tag/e28068940000400386621d4f, 96
1652703910.536616, sdrt-health/mac:02010b41cdec/antenna/tag/e2806894000040038662114f, 85
1652703910.53704, sdrt-health/mac:02010b41cdec/antenna/tag/e28068940000400386621d4f, 96
1652703910.575585, sdrt-health/mac:02010b41cdec/antenna/tag/e28068940000500386620d4f, 83
1652703910.61933, sdrt-health/mac:02010b41cdec/antenna/tag/e2806894000040038662214f, 81
1652703910.663549, sdrt-health/mac:02010b41cdec/antenna/tag/e28068940000500386620d4f, 97
1652703910.774512, sdrt-health/mac:02010b41cdec/antenna/tag/e2806894000040038662114f, 85
1652703910.774981, sdrt-health/mac:02010b41cdec/antenna/tag/e2806894000040038662114f, 88
1652703910.833411, sdrt-health/mac:02010b41cdec/antenna/tag/e28068940000500386620d4f, 83
1652703910.890415, sdrt-health/mac:02010b41cdec/antenna/tag/e28068940000500386620d4f, 97
1652703910.890853, sdrt-health/mac:02010b41cdec/antenna/tag/e28068940000400386621d4f, 77
1652703910.918792, sdrt-health/mac:02010b41cdec/antenna/tag/e2806894000050038661fd4f, 91
1652703910.995198, sdrt-health/mac:02010b41cdec/antenna/tag/e2806894000050038662154f, 93
1652703910.995732, sdrt-health/mac:02010b41cdec/antenna/tag/e28068940000500386620d4f, 83
1652703911.012565, sdrt-health/mac:02010b41cdec/antenna/tag/e28068940000400386621d4f, 77
1652703911.159255, sdrt-health/mac:02010b41cdec/antenna/tag/e2806894000040038662114f, 85
1652703911.229713, sdrt-health/mac:02010b41cdec/antenna/tag/e28068940000500386620d4f, 97
1652703911.268964, sdrt-health/mac:02010b41cdec/antenna/tag/e2806894000040038661f94f, 94
1652703911.336276, sdrt-health/mac:02010b41cdec/antenna/tag/e28068940000500386620d4f, 83
1652703911.336785, sdrt-health/mac:02010b41cdec/antenna/tag/e28068940000400386621d4f, 90
1652703911.360601, sdrt-health/mac:02010b41cdec/antenna/tag/e2806894000050038662154f, 85
1652703911.412445, sdrt-health/mac:02010b41cdec/antenna/tag/e28068940000400386621d4f, 96
1652703911.444319, sdrt-health/mac:02010b41cdec/antenna/tag/e28068940000500386620d4f, 83
1652703911.444602, sdrt-health/mac:02010b41cdec/antenna/tag/e2806894000050038662194f, 88
1652703911.47982, sdrt-health/mac:02010b41cdec/antenna/tag/e2806894000050038662154f, 85
1652703911.551308, sdrt-health/mac:02010b41cdec/antenna/tag/e28068940000500386620d4f, 97
1652703911.551563, sdrt-health/mac:02010b41cdec/antenna/tag/e28068940000500386620d4f, 83
1652703911.579326, sdrt-health/mac:02010b41cdec/antenna/tag/e2806894000050038661fd4f, 91
1652703911.638931, sdrt-health/mac:02010b41cdec/antenna/tag/e2806894000050038661fd4f, 91
1652703911.639128, sdrt-health/mac:02010b41cdec/antenna/tag/e28068940000500386620d4f, 83
1652703911.668981, sdrt-health/mac:02010b41cdec/antenna/tag/e28068940000500386620d4f, 91
1652703911.736172, sdrt-health/mac:02010b41cdec/antenna/tag/e2806894000050038662154f, 88
1652703911.736739, sdrt-health/mac:02010b41cdec/antenna/tag/e2806894000040038662114f, 85
1652703911.751483, sdrt-health/mac:02010b41cdec/antenna/tag/e28068940000400386621d4f, 96
1652703911.774338, sdrt-health/mac:02010b41cdec/antenna/tag/e28068940000400386621d4f, 96
1652703911.819083, sdrt-health/mac:02010b41cdec/antenna/tag/e2806894000040038662114f, 88
1652703911.850657, sdrt-health/mac:02010b41cdec/antenna/tag/e2806894000050038662154f, 85
1652703911.850981, sdrt-health/mac:02010b41cdec/antenna/tag/e2806894000040038662114f, 88
1652703911.868062, sdrt-health/mac:02010b41cdec/antenna/tag/e2806894000040038662114f, 88
1652703911.868319, sdrt-health/mac:02010b41cdec/antenna/tag/e28068940000500386620d4f, 83
1652703911.868528, sdrt-health/mac:02010b41cdec/antenna/tag/e2806894000050038661fd4f, 97
1652703911.921068, sdrt-health/mac:02010b41cdec/antenna/tag/e2806894000050038662154f, 93
1652703911.976311, sdrt-health/mac:02010b41cdec/antenna/tag/e28068940000500386620d4f, 83
1652703912.041758, sdrt-health/mac:02010b41cdec/antenna/tag/e28068940000400386621d4f, 96
1652703912.041968, sdrt-health/mac:02010b41cdec/antenna/tag/e28068940000400386621d4f, 96
1652703912.058802, sdrt-health/mac:02010b41cdec/antenna/tag/e2806894000050038661fd4f, 88
1652703912.104282, sdrt-health/mac:02010b41cdec/antenna/tag/e2806894000040038662114f, 85
1652703912.157947, sdrt-health/mac:02010b41cdec/antenna/tag/e28068940000500386620d4f, 97
1652703912.200326, sdrt-health/mac:02010b41cdec/antenna/tag/e28068940000500386620d4f, 83
1652703912.239147, sdrt-health/mac:02010b41cdec/antenna/tag/e2806894000050038662154f, 93
1652703912.294896, sdrt-health/mac:02010b41cdec/antenna/tag/e2806894000040038662114f, 85
1652703912.29529, sdrt-health/mac:02010b41cdec/antenna/tag/e28068940000500386620d4f, 83
1652703912.325586, sdrt-health/mac:02010b41cdec/antenna/tag/e28068940000500386620d4f, 91
1652703912.369861, sdrt-health/mac:02010b41cdec/antenna/tag/e2806894000050038661fd4f, 91
1652703912.412352, sdrt-health/mac:02010b41cdec/antenna/tag/e2806894000050038662154f, 88
1652703912.412816, sdrt-health/mac:02010b41cdec/antenna/tag/e2806894000050038661fd4f, 91
1652703912.429137, sdrt-health/mac:02010b41cdec/antenna/tag/e2806894000050038662154f, 88
1652703912.459081, sdrt-health/mac:02010b41cdec/antenna/tag/e2806894000050038661fd4f, 91
1652703912.503715, sdrt-health/mac:02010b41cdec/antenna/tag/e28068940000400386621d4f, 96
1652703912.535884, sdrt-health/mac:02010b41cdec/antenna/tag/e2806894000050038662154f, 85
1652703912.536174, sdrt-health/mac:02010b41cdec/antenna/tag/e28068940000400386621d4f, 77
1652703912.55614, sdrt-health/mac:02010b41cdec/antenna/tag/e2806894000050038661fd4f, 88
1652703912.60702, sdrt-health/mac:02010b41cdec/antenna/tag/e28068940000500386620d4f, 97
1652703912.689105, sdrt-health/mac:02010b41cdec/antenna/tag/e2806894000040038662114f, 88
1652703912.758687, sdrt-health/mac:02010b41cdec/antenna/tag/e28068940000500386620d4f, 97
1652703912.7985, sdrt-health/mac:02010b41cdec/antenna/tag/e2806894000050038662194f, 88
1652703912.838752, sdrt-health/mac:02010b41cdec/antenna/tag/e2806894000050038662154f, 85
1652703912.878564, sdrt-health/mac:02010b41cdec/antenna/tag/e2806894000050038661fd4f, 83
1652703912.983618, sdrt-health/mac:02010b41cdec/antenna/tag/e2806894000040038662114f, 85
1652703913.028709, sdrt-health/mac:02010b41cdec/antenna/tag/e2806894000040038662114f, 85
1652703913.078652, sdrt-health/mac:02010b41cdec/antenna/tag/e28068940000500386620d4f, 97
1652703913.137897, sdrt-health/mac:02010b41cdec/antenna/tag/e2806894000040038662114f, 93
1652703913.138357, sdrt-health/mac:02010b41cdec/antenna/tag/e28068940000400386621d4f, 77
1652703913.158328, sdrt-health/mac:02010b41cdec/antenna/tag/e2806894000040038662114f, 85
1652703913.15906, sdrt-health/mac:02010b41cdec/antenna/tag/e2806894000050038661fd4f, 91
1652703913.171995, sdrt-health/mac:02010b41cdec/antenna/tag/e28068940000500386620d4f, 83
1652703913.327548, sdrt-health/mac:02010b41cdec/antenna/tag/e2806894000040038662114f, 88
1652703913.375737, sdrt-health/mac:02010b41cdec/antenna/tag/e28068940000400386621d4f, 96
1652703913.418968, sdrt-health/mac:02010b41cdec/antenna/tag/e2806894000040038662114f, 85
1652703913.46208, sdrt-health/mac:02010b41cdec/antenna/tag/e28068940000400386621d4f, 90
1652703913.537447, sdrt-health/mac:02010b41cdec/antenna/tag/e2806894000040038662114f, 85
1652703913.58245, sdrt-health/mac:02010b41cdec/antenna/tag/e2806894000050038661fd4f, 91
1652703913.638046, sdrt-health/mac:02010b41cdec/antenna/tag/e2806894000050038661fd4f, 83
1652703913.69631, sdrt-health/mac:02010b41cdec/antenna/tag/e28068940000400386621d4f, 96
1652703913.696577, sdrt-health/mac:02010b41cdec/antenna/tag/e2806894000040038662114f, 93
1652703913.719835, sdrt-health/mac:02010b41cdec/antenna/tag/e28068940000400386621d4f, 96
1652703913.720055, sdrt-health/mac:02010b41cdec/antenna/tag/e2806894000040038662114f, 85
1652703913.720214, sdrt-health/mac:02010b41cdec/antenna/tag/e28068940000400386621d4f, 90
1652703913.735523, sdrt-health/mac:02010b41cdec/antenna/tag/e2806894000050038662154f, 88
1652703913.775143, sdrt-health/mac:02010b41cdec/antenna/tag/e28068940000400386621d4f, 96
1652703913.836417, sdrt-health/mac:02010b41cdec/antenna/tag/e2806894000040038662114f, 93
1652703913.836636, sdrt-health/mac:02010b41cdec/antenna/tag/e28068940000400386621d4f, 96
1652703913.878028, sdrt-health/mac:02010b41cdec/antenna/tag/e28068940000500386620d4f, 97
1652703913.921247, sdrt-health/mac:02010b41cdec/antenna/tag/e28068940000400386621d4f, 96
1652703913.982282, sdrt-health/mac:02010b41cdec/antenna/tag/e2806894000050038661fd4f, 91
1652703913.982476, sdrt-health/mac:02010b41cdec/antenna/tag/e28068940000400386621d4f, 77
1652703914.013625, sdrt-health/mac:02010b41cdec/antenna/tag/e2806894000050038661fd4f, 88
1652703914.057875, sdrt-health/mac:02010b41cdec/antenna/tag/e2806894000050038662154f, 85
1652703914.116258, sdrt-health/mac:02010b41cdec/antenna/tag/e2806894000040038662214f, 94
1652703914.116505, sdrt-health/mac:02010b41cdec/antenna/tag/e2806894000050038661fd4f, 97
1652703914.147118, sdrt-health/mac:02010b41cdec/antenna/tag/e28068940000400386621d4f, 96
1652703914.176758, sdrt-health/mac:02010b41cdec/antenna/tag/e2806894000050038662154f, 85
1652703914.177002, sdrt-health/mac:02010b41cdec/antenna/tag/e28068940000500386620d4f, 97
1652703914.254182, sdrt-health/mac:02010b41cdec/antenna/tag/e2806894000050038662154f, 85
1652703914.323178, sdrt-health/mac:02010b41cdec/antenna/tag/e2806894000050038662154f, 85
1652703914.323426, sdrt-health/mac:02010b41cdec/antenna/tag/e28068940000400386621d4f, 96
1652703914.338649, sdrt-health/mac:02010b41cdec/antenna/tag/e2806894000040038662114f, 85
1652703914.33893, sdrt-health/mac:02010b41cdec/antenna/tag/e2806894000050038662154f, 93
1652703914.339141, sdrt-health/mac:02010b41cdec/antenna/tag/e28068940000500386620d4f, 97
1652703914.370784, sdrt-health/mac:02010b41cdec/antenna/tag/e2806894000040038662114f, 85
1652703914.414681, sdrt-health/mac:02010b41cdec/antenna/tag/e28068940000400386621d4f, 96
1652703914.478018, sdrt-health/mac:02010b41cdec/antenna/tag/e2806894000040038662114f, 88
1652703914.478509, sdrt-health/mac:02010b41cdec/antenna/tag/e28068940000500386620d4f, 83
1652703914.493806, sdrt-health/mac:02010b41cdec/antenna/tag/e2806894000050038662154f, 85
1652703914.494166, sdrt-health/mac:02010b41cdec/antenna/tag/e28068940000400386621d4f, 96
1652703914.50211, sdrt-health/mac:02010b41cdec/antenna/tag/e28068940000400386621d4f, 77
1652703914.547371, sdrt-health/mac:02010b41cdec/antenna/tag/e2806894000040038662114f, 85
1652703914.599078, sdrt-health/mac:02010b41cdec/antenna/tag/e2806894000050038662154f, 87
1652703914.656996, sdrt-health/mac:02010b41cdec/antenna/tag/e2806894000050038661fd4f, 91
1652703914.657428, sdrt-health/mac:02010b41cdec/antenna/tag/e2806894000050038661fd4f, 83
1652703914.678822, sdrt-health/mac:02010b41cdec/antenna/tag/e2806894000050038662154f, 85
1652703914.732393, sdrt-health/mac:02010b41cdec/antenna/tag/e2806894000040038662114f, 85
1652703914.732623, sdrt-health/mac:02010b41cdec/antenna/tag/e2806894000040038662114f, 88
1652703914.746764, sdrt-health/mac:02010b41cdec/antenna/tag/e28068940000400386621d4f, 96
1652703914.757852, sdrt-health/mac:02010b41cdec/antenna/tag/e28068940000400386621d4f, 96
1652703914.79784, sdrt-health/mac:02010b41cdec/antenna/tag/e2806894000040038662114f, 85
1652703914.852264, sdrt-health/mac:02010b41cdec/antenna/tag/e2806894000050038661fd4f, 83
1652703914.852526, sdrt-health/mac:02010b41cdec/antenna/tag/e28068940000500386620d4f, 97
1652703914.87756, sdrt-health/mac:02010b41cdec/antenna/tag/e2806894000050038661fd4f, 97
1652703914.917673, sdrt-health/mac:02010b41cdec/antenna/tag/e28068940000500386620d4f, 97
1652703914.958768, sdrt-health/mac:02010b41cdec/antenna/tag/e2806894000050038662154f, 87
1652703915.000238, sdrt-health/mac:02010b41cdec/antenna/tag/e2806894000050038662154f, 85
1652703915.040058, sdrt-health/mac:02010b41cdec/antenna/tag/e2806894000050038662154f, 85
1652703915.093419, sdrt-health/mac:02010b41cdec/antenna/tag/e28068940000400386621d4f, 96
1652703915.093866, sdrt-health/mac:02010b41cdec/antenna/tag/e28068940000500386620d4f, 97
1652703915.134368, sdrt-health/mac:02010b41cdec/antenna/tag/e2806894000040038662114f, 93
1652703915.193095, sdrt-health/mac:02010b41cdec/antenna/tag/e28068940000400386621d4f, 90
1652703915.193399, sdrt-health/mac:02010b41cdec/antenna/tag/e28068940000500386620d4f, 83
1652703915.229981, sdrt-health/mac:02010b41cdec/antenna/tag/e2806894000050038662154f, 85
1652703915.23123, sdrt-health/mac:02010b41cdec/antenna/tag/e2806894000050038661fd4f, 83
1652703915.268568, sdrt-health/mac:02010b41cdec/antenna/tag/e28068940000500386620d4f, 97
1652703915.325675, sdrt-health/mac:02010b41cdec/antenna/tag/e2806894000040038662114f, 85
1652703915.393766, sdrt-health/mac:02010b41cdec/antenna/tag/e2806894000040038662114f, 85
1652703915.425659, sdrt-health/mac:02010b41cdec/antenna/tag/e28068940000400386621d4f, 96
1652703915.425876, sdrt-health/mac:02010b41cdec/antenna/tag/e2806894000050038662154f, 88
1652703915.443097, sdrt-health/mac:02010b41cdec/antenna/tag/e28068940000500386620d4f, 83
1652703915.486404, sdrt-health/mac:02010b41cdec/antenna/tag/e28068940000400386621d4f, 77
1652703915.536282, sdrt-health/mac:02010b41cdec/antenna/tag/e28068940000500386620d4f, 83
1652703915.592763, sdrt-health/mac:02010b41cdec/antenna/tag/e2806894000050038661fd4f, 91
1652703915.592975, sdrt-health/mac:02010b41cdec/antenna/tag/e28068940000500386620d4f, 83
1652703915.622337, sdrt-health/mac:02010b41cdec/antenna/tag/e2806894000050038661fd4f, 97
1652703915.676652, sdrt-health/mac:02010b41cdec/antenna/tag/e28068940000500386620d4f, 97
1652703915.677016, sdrt-health/mac:02010b41cdec/antenna/tag/e28068940000500386620d4f, 97
1652703915.71782, sdrt-health/mac:02010b41cdec/antenna/tag/e28068940000400386621d4f, 96
1652703915.759208, sdrt-health/mac:02010b41cdec/antenna/tag/e28068940000400386621d4f, 96
1652703915.797935, sdrt-health/mac:02010b41cdec/antenna/tag/e28068940000500386620d4f, 83
1652703915.838416, sdrt-health/mac:02010b41cdec/antenna/tag/e2806894000050038662154f, 87
1652703915.912774, sdrt-health/mac:02010b41cdec/antenna/tag/e2806894000050038662154f, 87
1652703915.91301, sdrt-health/mac:02010b41cdec/antenna/tag/e28068940000500386620d4f, 97
1652703915.927778, sdrt-health/mac:02010b41cdec/antenna/tag/e28068940000500386620d4f, 97
1652703915.958507, sdrt-health/mac:02010b41cdec/antenna/tag/e28068940000400386621d4f, 77
1652703915.958695, sdrt-health/mac:02010b41cdec/antenna/tag/e28068940000400386621d4f, 77
1652703915.989234, sdrt-health/mac:02010b41cdec/antenna/tag/e2806894000050038661fd4f, 91
1652703916.021026, sdrt-health/mac:02010b41cdec/antenna/tag/e28068940000500386620d4f, 97
1652703916.021236, sdrt-health/mac:02010b41cdec/antenna/tag/e28068940000400386621d4f, 77
1652703916.038227, sdrt-health/mac:02010b41cdec/antenna/tag/e2806894000050038662154f, 93
1652703916.096342, sdrt-health/mac:02010b41cdec/antenna/tag/e28068940000500386620d4f, 97
1652703916.096788, sdrt-health/mac:02010b41cdec/antenna/tag/e28068940000500386620d4f, 97
1652703916.110886, sdrt-health/mac:02010b41cdec/antenna/tag/e2806894000050038662154f, 88
1652703916.118134, sdrt-health/mac:02010b41cdec/antenna/tag/e2806894000050038662154f, 85
1652703916.190118, sdrt-health/mac:02010b41cdec/antenna/tag/e2806894000040038661f94f, 88
1652703916.227749, sdrt-health/mac:02010b41cdec/antenna/tag/e28068940000400386621d4f, 96
1652703916.296346, sdrt-health/mac:02010b41cdec/antenna/tag/e2806894000050038662154f, 88
1652703916.29675, sdrt-health/mac:02010b41cdec/antenna/tag/e2806894000050038662154f, 85
1652703916.31475, sdrt-health/mac:02010b41cdec/antenna/tag/e2806894000050038661fd4f, 97
1652703916.355828, sdrt-health/mac:02010b41cdec/antenna/tag/e28068940000500386620d4f, 97
1652703916.356075, sdrt-health/mac:02010b41cdec/antenna/tag/e2806894000050038662194f, 83
1652703916.372443, sdrt-health/mac:02010b41cdec/antenna/tag/e2806894000050038661fd4f, 97
1652703916.417268, sdrt-health/mac:02010b41cdec/antenna/tag/e2806894000050038662194f, 83
1652703916.47455, sdrt-health/mac:02010b41cdec/antenna/tag/e2806894000050038661fd4f, 97
1652703916.474795, sdrt-health/mac:02010b41cdec/antenna/tag/e2806894000050038661fd4f, 97
1652703916.502745, sdrt-health/mac:02010b41cdec/antenna/tag/e28068940000500386620d4f, 83
1652703916.538264, sdrt-health/mac:02010b41cdec/antenna/tag/e28068940000500386620d4f, 83
1652703916.636171, sdrt-health/mac:02010b41cdec/antenna/tag/e2806894000050038661fd4f, 97
1652703916.636641, sdrt-health/mac:02010b41cdec/antenna/tag/e28068940000500386620d4f, 83
1652703916.663196, sdrt-health/mac:02010b41cdec/antenna/tag/e28068940000400386621d4f, 96
1652703916.695985, sdrt-health/mac:02010b41cdec/antenna/tag/e2806894000050038661fd4f, 97
1652703916.696319, sdrt-health/mac:02010b41cdec/antenna/tag/e2806894000040038662114f, 85
1652703916.768623, sdrt-health/mac:02010b41cdec/antenna/tag/e2806894000040038662114f, 85
1652703916.814863, sdrt-health/mac:02010b41cdec/antenna/tag/e28068940000500386620d4f, 97
1652703916.815344, sdrt-health/mac:02010b41cdec/antenna/tag/e28068940000500386620d4f, 83
1652703916.858906, sdrt-health/mac:02010b41cdec/antenna/tag/e2806894000040038662114f, 85
1652703916.902546, sdrt-health/mac:02010b41cdec/antenna/tag/e28068940000400386621d4f, 96
1652703916.949945, sdrt-health/mac:02010b41cdec/antenna/tag/e2806894000050038661fd4f, 91
1652703916.998573, sdrt-health/mac:02010b41cdec/antenna/tag/e2806894000050038661fd4f, 91
1652703917.030129, sdrt-health/mac:02010b41cdec/antenna/tag/e28068940000500386620d4f, 83
1652703917.030501, sdrt-health/mac:02010b41cdec/antenna/tag/e2806894000050038662194f, 94
1652703917.030806, sdrt-health/mac:02010b41cdec/antenna/tag/e28068940000500386620d4f, 83
1652703917.045609, sdrt-health/mac:02010b41cdec/antenna/tag/e28068940000400386621d4f, 77
1652703917.045956, sdrt-health/mac:02010b41cdec/antenna/tag/e2806894000040038662114f, 85
1652703917.098913, sdrt-health/mac:02010b41cdec/antenna/tag/e2806894000050038662154f, 81
1652703917.148765, sdrt-health/mac:02010b41cdec/antenna/tag/e2806894000050038662154f, 93
1652703917.188406, sdrt-health/mac:02010b41cdec/antenna/tag/e2806894000050038662154f, 93
1652703917.26909, sdrt-health/mac:02010b41cdec/antenna/tag/e28068940000500386620d4f, 83
1652703917.323225, sdrt-health/mac:02010b41cdec/antenna/tag/e28068940000500386620d4f, 83
1652703917.357081, sdrt-health/mac:02010b41cdec/antenna/tag/e2806894000050038662154f, 93
1652703917.357288, sdrt-health/mac:02010b41cdec/antenna/tag/e2806894000050038661fd4f, 91
1652703917.372075, sdrt-health/mac:02010b41cdec/antenna/tag/e2806894000050038661fd4f, 91
1652703917.401961, sdrt-health/mac:02010b41cdec/antenna/tag/e2806894000040038662114f, 93
1652703917.438305, sdrt-health/mac:02010b41cdec/antenna/tag/e2806894000050038661fd4f, 91
1652703917.478178, sdrt-health/mac:02010b41cdec/antenna/tag/e28068940000400386621d4f, 96
1652703917.518809, sdrt-health/mac:02010b41cdec/antenna/tag/e2806894000050038661fd4f, 97
1652703917.558034, sdrt-health/mac:02010b41cdec/antenna/tag/e2806894000040038662114f, 85
1652703917.614993, sdrt-health/mac:02010b41cdec/antenna/tag/e28068940000500386620d4f, 97
1652703917.615506, sdrt-health/mac:02010b41cdec/antenna/tag/e2806894000050038661fd4f, 91
1652703917.629678, sdrt-health/mac:02010b41cdec/antenna/tag/e28068940000400386621d4f, 96
1652703917.638766, sdrt-health/mac:02010b41cdec/antenna/tag/e2806894000040038662114f, 93
1652703917.678246, sdrt-health/mac:02010b41cdec/antenna/tag/e2806894000050038662154f, 93
1652703917.790208, sdrt-health/mac:02010b41cdec/antenna/tag/e28068940000400386621d4f, 96
1652703917.834405, sdrt-health/mac:02010b41cdec/antenna/tag/e2806894000050038662154f, 85
1652703917.90442, sdrt-health/mac:02010b41cdec/antenna/tag/e2806894000050038661fd4f, 91
1652703917.904927, sdrt-health/mac:02010b41cdec/antenna/tag/e28068940000400386621d4f, 96
1652703917.90547, sdrt-health/mac:02010b41cdec/antenna/tag/e2806894000050038662154f, 85
1652703917.934741, sdrt-health/mac:02010b41cdec/antenna/tag/e28068940000500386620d4f, 97
1652703917.977594, sdrt-health/mac:02010b41cdec/antenna/tag/e2806894000050038662194f, 88
1652703917.978052, sdrt-health/mac:02010b41cdec/antenna/tag/e28068940000400386621d4f, 96
1652703917.993088, sdrt-health/mac:02010b41cdec/antenna/tag/e28068940000500386620d4f, 97
1652703918.038385, sdrt-health/mac:02010b41cdec/antenna/tag/e28068940000400386621d4f, 77
1652703918.077727, sdrt-health/mac:02010b41cdec/antenna/tag/e2806894000050038661fd4f, 88
1652703918.127892, sdrt-health/mac:02010b41cdec/antenna/tag/e2806894000050038661fd4f, 91
1652703918.174397, sdrt-health/mac:02010b41cdec/antenna/tag/e28068940000500386620d4f, 97
1652703918.217317, sdrt-health/mac:02010b41cdec/antenna/tag/e2806894000040038662114f, 85
1652703918.217554, sdrt-health/mac:02010b41cdec/antenna/tag/e2806894000050038661fd4f, 97
1652703918.278078, sdrt-health/mac:02010b41cdec/antenna/tag/e28068940000500386620d4f, 83
1652703918.318627, sdrt-health/mac:02010b41cdec/antenna/tag/e2806894000050038661fd4f, 97
1652703918.359357, sdrt-health/mac:02010b41cdec/antenna/tag/e2806894000040038662114f, 88
1652703918.413091, sdrt-health/mac:02010b41cdec/antenna/tag/e28068940000400386621d4f, 96
1652703918.413477, sdrt-health/mac:02010b41cdec/antenna/tag/e2806894000040038662114f, 88
1652703918.413728, sdrt-health/mac:02010b41cdec/antenna/tag/e28068940000400386621d4f, 77
1652703918.438588, sdrt-health/mac:02010b41cdec/antenna/tag/e28068940000500386620d4f, 97
1652703918.4937, sdrt-health/mac:02010b41cdec/antenna/tag/e2806894000050038661fd4f, 88
1652703918.494187, sdrt-health/mac:02010b41cdec/antenna/tag/e28068940000400386621d4f, 77
1652703918.512138, sdrt-health/mac:02010b41cdec/antenna/tag/e2806894000050038662154f, 87
1652703918.51842, sdrt-health/mac:02010b41cdec/antenna/tag/e2806894000050038662154f, 85
1652703918.574086, sdrt-health/mac:02010b41cdec/antenna/tag/e2806894000050038662154f, 93
1652703918.634319, sdrt-health/mac:02010b41cdec/antenna/tag/e2806894000040038662114f, 93
1652703918.634569, sdrt-health/mac:02010b41cdec/antenna/tag/e2806894000040038662114f, 85
1652703918.64904, sdrt-health/mac:02010b41cdec/antenna/tag/e2806894000050038662154f, 85
1652703918.68571, sdrt-health/mac:02010b41cdec/antenna/tag/e28068940000500386620d4f, 83
1652703918.685919, sdrt-health/mac:02010b41cdec/antenna/tag/e2806894000050038662194f, 88
1652703918.708555, sdrt-health/mac:02010b41cdec/antenna/tag/e28068940000400386621d4f, 77
1652703918.773654, sdrt-health/mac:02010b41cdec/antenna/tag/e2806894000040038662114f, 93
1652703918.774014, sdrt-health/mac:02010b41cdec/antenna/tag/e28068940000500386620d4f, 83
1652703918.788646, sdrt-health/mac:02010b41cdec/antenna/tag/e2806894000040038662114f, 85
1652703918.82235, sdrt-health/mac:02010b41cdec/antenna/tag/e2806894000050038661fd4f, 91
1652703918.908289, sdrt-health/mac:02010b41cdec/antenna/tag/e28068940000400386621d4f, 96
1652703918.950324, sdrt-health/mac:02010b41cdec/antenna/tag/e2806894000050038661fd4f, 91
1652703918.980885, sdrt-health/mac:02010b41cdec/antenna/tag/e2806894000050038662154f, 87
1652703918.98112, sdrt-health/mac:02010b41cdec/antenna/tag/e2806894000050038662154f, 85
1652703919.000243, sdrt-health/mac:02010b41cdec/antenna/tag/e2806894000050038662154f, 87
1652703919.039709, sdrt-health/mac:02010b41cdec/antenna/tag/e28068940000400386621d4f, 96
1652703919.078811, sdrt-health/mac:02010b41cdec/antenna/tag/e28068940000400386621d4f, 96
1652703919.1347, sdrt-health/mac:02010b41cdec/antenna/tag/e28068940000500386620d4f, 97
1652703919.135095, sdrt-health/mac:02010b41cdec/antenna/tag/e28068940000400386621d4f, 90
1652703919.15035, sdrt-health/mac:02010b41cdec/antenna/tag/e2806894000050038662154f, 88
1652703919.15889, sdrt-health/mac:02010b41cdec/antenna/tag/e2806894000050038661fd4f, 83
1652703919.166549, sdrt-health/mac:02010b41cdec/antenna/tag/e2806894000050038662154f, 85
1652703919.199016, sdrt-health/mac:02010b41cdec/antenna/tag/e2806894000050038662154f, 88
1652703919.238948, sdrt-health/mac:02010b41cdec/antenna/tag/e2806894000050038662154f, 88
1652703919.299188, sdrt-health/mac:02010b41cdec/antenna/tag/e28068940000400386621d4f, 96
1652703919.299447, sdrt-health/mac:02010b41cdec/antenna/tag/e2806894000050038661fd4f, 97
1652703919.322004, sdrt-health/mac:02010b41cdec/antenna/tag/e28068940000500386620d4f, 97
1652703919.395193, sdrt-health/mac:02010b41cdec/antenna/tag/e28068940000500386620d4f, 83
1652703919.395659, sdrt-health/mac:02010b41cdec/antenna/tag/e2806894000050038662154f, 85
1652703919.412309, sdrt-health/mac:02010b41cdec/antenna/tag/e2806894000040038662114f, 85
1652703919.420339, sdrt-health/mac:02010b41cdec/antenna/tag/e2806894000050038662154f, 88
1652703919.428292, sdrt-health/mac:02010b41cdec/antenna/tag/e2806894000050038662194f, 81
1652703919.46286, sdrt-health/mac:02010b41cdec/antenna/tag/e28068940000500386620d4f, 91
1652703919.509374, sdrt-health/mac:02010b41cdec/antenna/tag/e2806894000040038662114f, 85
1652703919.558701, sdrt-health/mac:02010b41cdec/antenna/tag/e2806894000050038661fd4f, 91
1652703919.599328, sdrt-health/mac:02010b41cdec/antenna/tag/e28068940000400386621d4f, 77
1652703919.654028, sdrt-health/mac:02010b41cdec/antenna/tag/e28068940000500386620d4f, 83
1652703919.654257, sdrt-health/mac:02010b41cdec/antenna/tag/e2806894000040038662114f, 85
1652703919.719245, sdrt-health/mac:02010b41cdec/antenna/tag/e28068940000400386621d4f, 96
1652703919.759157, sdrt-health/mac:02010b41cdec/antenna/tag/e28068940000500386620d4f, 91
1652703919.813162, sdrt-health/mac:02010b41cdec/antenna/tag/e28068940000400386621d4f, 96
1652703919.813642, sdrt-health/mac:02010b41cdec/antenna/tag/e28068940000400386621d4f, 96
1652703919.830071, sdrt-health/mac:02010b41cdec/antenna/tag/e2806894000050038662154f, 88
1652703919.838595, sdrt-health/mac:02010b41cdec/antenna/tag/e2806894000040038662114f, 88
1652703919.883981, sdrt-health/mac:02010b41cdec/antenna/tag/e28068940000400386621d4f, 96
1652703919.918613, sdrt-health/mac:02010b41cdec/antenna/tag/e2806894000050038662194f, 88
1652703919.974287, sdrt-health/mac:02010b41cdec/antenna/tag/e28068940000500386620d4f, 97
1652703919.974674, sdrt-health/mac:02010b41cdec/antenna/tag/e28068940000500386620d4f, 97
1652703919.999018, sdrt-health/mac:02010b41cdec/antenna/tag/e2806894000050038662154f, 85
1652703920.041608, sdrt-health/mac:02010b41cdec/antenna/tag/e2806894000050038662154f, 85
1652703920.120338, sdrt-health/mac:02010b41cdec/antenna/tag/e28068940000500386620d4f, 97
1652703920.120756, sdrt-health/mac:02010b41cdec/antenna/tag/e28068940000500386620d4f, 97
1652703920.148996, sdrt-health/mac:02010b41cdec/antenna/tag/e2806894000050038661fd4f, 83
1652703920.180143, sdrt-health/mac:02010b41cdec/antenna/tag/e28068940000400386621d4f, 90
1652703920.180458, sdrt-health/mac:02010b41cdec/antenna/tag/e2806894000050038662154f, 85
1652703920.199903, sdrt-health/mac:02010b41cdec/antenna/tag/e28068940000500386620d4f, 97
1652703920.256481, sdrt-health/mac:02010b41cdec/antenna/tag/e2806894000050038662154f, 85
1652703920.257003, sdrt-health/mac:02010b41cdec/antenna/tag/e28068940000400386621d4f, 96
1652703920.288631, sdrt-health/mac:02010b41cdec/antenna/tag/e2806894000040038662114f, 85
1652703920.342497, sdrt-health/mac:02010b41cdec/antenna/tag/e2806894000050038662154f, 88
1652703920.379202, sdrt-health/mac:02010b41cdec/antenna/tag/e2806894000050038661fd4f, 97
1652703920.440357, sdrt-health/mac:02010b41cdec/antenna/tag/e2806894000040038662114f, 85
1652703920.44075, sdrt-health/mac:02010b41cdec/antenna/tag/e28068940000400386621d4f, 90
1652703920.45469, sdrt-health/mac:02010b41cdec/antenna/tag/e2806894000050038661fd4f, 91
1652703920.469124, sdrt-health/mac:02010b41cdec/antenna/tag/e2806894000050038661fd4f, 97
1652703920.519951, sdrt-health/mac:02010b41cdec/antenna/tag/e2806894000050038661fd4f, 91
1652703920.60056, sdrt-health/mac:02010b41cdec/antenna/tag/e2806894000040038662214f, 84
1652703920.601006, sdrt-health/mac:02010b41cdec/antenna/tag/e28068940000500386620d4f, 97
1652703920.60138, sdrt-health/mac:02010b41cdec/antenna/tag/e2806894000050038661fd4f, 97
1652703920.618008, sdrt-health/mac:02010b41cdec/antenna/tag/e2806894000050038661fd4f, 91
1652703920.628961, sdrt-health/mac:02010b41cdec/antenna/tag/e2806894000050038661fd4f, 91
1652703920.685795, sdrt-health/mac:02010b41cdec/antenna/tag/e28068940000400386621d4f, 96
1652703920.762813, sdrt-health/mac:02010b41cdec/antenna/tag/e28068940000500386620d4f, 97
1652703920.763043, sdrt-health/mac:02010b41cdec/antenna/tag/e2806894000040038662114f, 85
1652703920.763166, sdrt-health/mac:02010b41cdec/antenna/tag/e2806894000050038662154f, 85
1652703920.782935, sdrt-health/mac:02010b41cdec/antenna/tag/e28068940000400386621d4f, 96
1652703920.783196, sdrt-health/mac:02010b41cdec/antenna/tag/e28068940000400386621d4f, 96
1652703920.789125, sdrt-health/mac:02010b41cdec/antenna/tag/e28068940000500386620d4f, 97
1652703920.804489, sdrt-health/mac:02010b41cdec/antenna/tag/e2806894000040038662114f, 88
1652703920.840202, sdrt-health/mac:02010b41cdec/antenna/tag/e2806894000050038661fd4f, 97
1652703920.89337, sdrt-health/mac:02010b41cdec/antenna/tag/e28068940000500386620d4f, 91
1652703920.89369, sdrt-health/mac:02010b41cdec/antenna/tag/e2806894000050038662194f, 88
1652703920.919748, sdrt-health/mac:02010b41cdec/antenna/tag/e28068940000500386620d4f, 97
1652703920.960667, sdrt-health/mac:02010b41cdec/antenna/tag/e2806894000050038662154f, 85
1652703921.02984, sdrt-health/mac:02010b41cdec/antenna/tag/e28068940000500386620d4f, 83
1652703921.030068, sdrt-health/mac:02010b41cdec/antenna/tag/e2806894000050038661fd4f, 91
1652703921.078974, sdrt-health/mac:02010b41cdec/antenna/tag/e2806894000040038662214f, 88
1652703921.134973, sdrt-health/mac:02010b41cdec/antenna/tag/e2806894000040038662114f, 85
1652703921.178688, sdrt-health/mac:02010b41cdec/antenna/tag/e2806894000050038661fd4f, 97
1652703921.214742, sdrt-health/mac:02010b41cdec/antenna/tag/e2806894000040038662114f, 85
1652703921.21498, sdrt-health/mac:02010b41cdec/antenna/tag/e2806894000050038662154f, 88
1652703921.29624, sdrt-health/mac:02010b41cdec/antenna/tag/e28068940000400386621d4f, 96
1652703921.358059, sdrt-health/mac:02010b41cdec/antenna/tag/e28068940000500386620d4f, 97
1652703921.438686, sdrt-health/mac:02010b41cdec/antenna/tag/e28068940000400386621d4f, 77
1652703921.480361, sdrt-health/mac:02010b41cdec/antenna/tag/e2806894000040038662114f, 85
1652703921.518613, sdrt-health/mac:02010b41cdec/antenna/tag/e28068940000400386621d4f, 96
1652703921.56005, sdrt-health/mac:02010b41cdec/antenna/tag/e28068940000500386620d4f, 91
1652703921.599366, sdrt-health/mac:02010b41cdec/antenna/tag/e28068940000500386620d4f, 91
1652703921.665171, sdrt-health/mac:02010b41cdec/antenna/tag/e28068940000500386620d4f, 91
1652703921.665423, sdrt-health/mac:02010b41cdec/antenna/tag/e2806894000040038662114f, 85
1652703921.695333, sdrt-health/mac:02010b41cdec/antenna/tag/e28068940000400386621d4f, 96
1652703921.75593, sdrt-health/mac:02010b41cdec/antenna/tag/e2806894000040038662114f, 93
1652703921.756427, sdrt-health/mac:02010b41cdec/antenna/tag/e2806894000040038662114f, 85
1652703921.77298, sdrt-health/mac:02010b41cdec/antenna/tag/e28068940000500386620d4f, 83
1652703921.799126, sdrt-health/mac:02010b41cdec/antenna/tag/e28068940000400386621d4f, 96
1652703921.83894, sdrt-health/mac:02010b41cdec/antenna/tag/e28068940000400386621d4f, 96
1652703921.894731, sdrt-health/mac:02010b41cdec/antenna/tag/e2806894000050038662154f, 88
1652703921.895025, sdrt-health/mac:02010b41cdec/antenna/tag/e2806894000040038662114f, 88
1652703921.918539, sdrt-health/mac:02010b41cdec/antenna/tag/e28068940000400386621d4f, 77
1652703921.950017, sdrt-health/mac:02010b41cdec/antenna/tag/e2806894000050038661fd4f, 91
1652703921.950229, sdrt-health/mac:02010b41cdec/antenna/tag/e2806894000050038661fd4f, 91
1652703921.965479, sdrt-health/mac:02010b41cdec/antenna/tag/e28068940000400386621d4f, 77
1652703921.965678, sdrt-health/mac:02010b41cdec/antenna/tag/e28068940000500386620d4f, 83
1652703922.000556, sdrt-health/mac:02010b41cdec/antenna/tag/e28068940000400386621d4f, 77
1652703922.050636, sdrt-health/mac:02010b41cdec/antenna/tag/e28068940000400386621d4f, 96
1652703922.097137, sdrt-health/mac:02010b41cdec/antenna/tag/e2806894000050038662154f, 88
1652703922.128852, sdrt-health/mac:02010b41cdec/antenna/tag/e2806894000050038661fd4f, 83
1652703922.129233, sdrt-health/mac:02010b41cdec/antenna/tag/e28068940000500386620d4f, 97
1652703922.146106, sdrt-health/mac:02010b41cdec/antenna/tag/e2806894000040038662114f, 85
1652703922.146496, sdrt-health/mac:02010b41cdec/antenna/tag/e2806894000050038661fd4f, 83
1652703922.182653, sdrt-health/mac:02010b41cdec/antenna/tag/e2806894000050038661fd4f, 97
1652703922.244677, sdrt-health/mac:02010b41cdec/antenna/tag/e2806894000040038662114f, 85
1652703922.245096, sdrt-health/mac:02010b41cdec/antenna/tag/e28068940000500386620d4f, 83
1652703922.278879, sdrt-health/mac:02010b41cdec/antenna/tag/e28068940000500386620d4f, 97
1652703922.318575, sdrt-health/mac:02010b41cdec/antenna/tag/e2806894000050038662154f, 87
1652703922.374586, sdrt-health/mac:02010b41cdec/antenna/tag/e2806894000040038662114f, 85
1652703922.375048, sdrt-health/mac:02010b41cdec/antenna/tag/e2806894000050038661fd4f, 91
1652703922.390631, sdrt-health/mac:02010b41cdec/antenna/tag/e28068940000400386621d4f, 77
1652703922.399095, sdrt-health/mac:02010b41cdec/antenna/tag/e2806894000050038661fd4f, 91
1652703922.440295, sdrt-health/mac:02010b41cdec/antenna/tag/e28068940000500386620d4f, 83
1652703922.495642, sdrt-health/mac:02010b41cdec/antenna/tag/e2806894000050038661fd4f, 88
1652703922.496136, sdrt-health/mac:02010b41cdec/antenna/tag/e2806894000050038662154f, 93
1652703922.51115, sdrt-health/mac:02010b41cdec/antenna/tag/e28068940000500386620d4f, 83
1652703922.51924, sdrt-health/mac:02010b41cdec/antenna/tag/e2806894000040038662114f, 85
1652703922.525727, sdrt-health/mac:02010b41cdec/antenna/tag/e28068940000500386620d4f, 97
1652703922.55884, sdrt-health/mac:02010b41cdec/antenna/tag/e28068940000400386621d4f, 96
1652703922.598794, sdrt-health/mac:02010b41cdec/antenna/tag/e2806894000040038662114f, 87
1652703922.639684, sdrt-health/mac:02010b41cdec/antenna/tag/e2806894000040038662114f, 85
1652703922.695681, sdrt-health/mac:02010b41cdec/antenna/tag/e2806894000050038661fd4f, 97
1652703922.696126, sdrt-health/mac:02010b41cdec/antenna/tag/e28068940000500386620d4f, 97
1652703922.696495, sdrt-health/mac:02010b41cdec/antenna/tag/e28068940000400386621d4f, 90
1652703922.73546, sdrt-health/mac:02010b41cdec/antenna/tag/e2806894000040038662114f, 85
1652703922.893542, sdrt-health/mac:02010b41cdec/antenna/tag/e2806894000040038662114f, 93
1652703922.894053, sdrt-health/mac:02010b41cdec/antenna/tag/e2806894000050038662154f, 85
1652703922.909249, sdrt-health/mac:02010b41cdec/antenna/tag/e2806894000040038662114f, 85
1652703922.918994, sdrt-health/mac:02010b41cdec/antenna/tag/e2806894000040038662114f, 88
1652703922.924531, sdrt-health/mac:02010b41cdec/antenna/tag/e2806894000050038662154f, 85
1652703922.925095, sdrt-health/mac:02010b41cdec/antenna/tag/e2806894000050038662194f, 94
1652703922.92527, sdrt-health/mac:02010b41cdec/antenna/tag/e2806894000050038662154f, 85
1652703922.95912, sdrt-health/mac:02010b41cdec/antenna/tag/e2806894000050038662154f, 93
1652703923.011787, sdrt-health/mac:02010b41cdec/antenna/tag/e2806894000050038662154f, 87
1652703923.011992, sdrt-health/mac:02010b41cdec/antenna/tag/e28068940000400386621d4f, 77
1652703923.027062, sdrt-health/mac:02010b41cdec/antenna/tag/e28068940000500386620d4f, 83
1652703923.039056, sdrt-health/mac:02010b41cdec/antenna/tag/e2806894000050038661fd4f, 97
1652703923.088076, sdrt-health/mac:02010b41cdec/antenna/tag/e28068940000500386620d4f, 83
1652703923.151746, sdrt-health/mac:02010b41cdec/antenna/tag/e2806894000040038662114f, 88
1652703923.152045, sdrt-health/mac:02010b41cdec/antenna/tag/e2806894000050038662154f, 85
1652703923.178336, sdrt-health/mac:02010b41cdec/antenna/tag/e2806894000050038661fd4f, 97
1652703923.243944, sdrt-health/mac:02010b41cdec/antenna/tag/e2806894000040038662114f, 88
1652703923.244257, sdrt-health/mac:02010b41cdec/antenna/tag/e2806894000040038662114f, 85
1652703923.268638, sdrt-health/mac:02010b41cdec/antenna/tag/e28068940000500386620d4f, 97
1652703923.336122, sdrt-health/mac:02010b41cdec/antenna/tag/e2806894000040038662114f, 93
1652703923.336433, sdrt-health/mac:02010b41cdec/antenna/tag/e2806894000050038662154f, 88
1652703923.354335, sdrt-health/mac:02010b41cdec/antenna/tag/e28068940000400386621d4f, 90
1652703923.354556, sdrt-health/mac:02010b41cdec/antenna/tag/e28068940000500386620d4f, 83
1652703923.375635, sdrt-health/mac:02010b41cdec/antenna/tag/e28068940000500386620d4f, 83
1652703923.418685, sdrt-health/mac:02010b41cdec/antenna/tag/e2806894000050038661fd4f, 91
1652703923.47977, sdrt-health/mac:02010b41cdec/antenna/tag/e28068940000400386621d4f, 96
1652703923.480297, sdrt-health/mac:02010b41cdec/antenna/tag/e2806894000050038662154f, 85
1652703923.509624, sdrt-health/mac:02010b41cdec/antenna/tag/e2806894000040038662054f, 83
1652703923.574852, sdrt-health/mac:02010b41cdec/antenna/tag/e2806894000050038662154f, 85
1652703923.575231, sdrt-health/mac:02010b41cdec/antenna/tag/e2806894000040038662114f, 85
1652703923.590312, sdrt-health/mac:02010b41cdec/antenna/tag/e2806894000050038662194f, 88
1652703923.590558, sdrt-health/mac:02010b41cdec/antenna/tag/e28068940000500386620d4f, 83
1652703923.598528, sdrt-health/mac:02010b41cdec/antenna/tag/e2806894000040038662114f, 85
1652703923.659123, sdrt-health/mac:02010b41cdec/antenna/tag/e2806894000040038662114f, 85
1652703923.710521, sdrt-health/mac:02010b41cdec/antenna/tag/e28068940000400386621d4f, 77
1652703923.764666, sdrt-health/mac:02010b41cdec/antenna/tag/e2806894000040038662214f, 88
1652703923.765003, sdrt-health/mac:02010b41cdec/antenna/tag/e2806894000040038662114f, 85
1652703923.780172, sdrt-health/mac:02010b41cdec/antenna/tag/e2806894000050038661fd4f, 91
1652703923.799973, sdrt-health/mac:02010b41cdec/antenna/tag/e28068940000500386620d4f, 83
1652703923.831804, sdrt-health/mac:02010b41cdec/antenna/tag/e2806894000050038661fd4f, 91
1652703923.832097, sdrt-health/mac:02010b41cdec/antenna/tag/e28068940000400386621d4f, 77
1652703923.847923, sdrt-health/mac:02010b41cdec/antenna/tag/e28068940000500386620d4f, 83
1652703923.879332, sdrt-health/mac:02010b41cdec/antenna/tag/e28068940000500386620d4f, 83
1652703923.919888, sdrt-health/mac:02010b41cdec/antenna/tag/e2806894000050038662154f, 87
1652703923.958932, sdrt-health/mac:02010b41cdec/antenna/tag/e2806894000040038662114f, 93
1652703924.019964, sdrt-health/mac:02010b41cdec/antenna/tag/e2806894000050038661fd4f, 97
1652703924.020485, sdrt-health/mac:02010b41cdec/antenna/tag/e2806894000050038661fd4f, 97
1652703924.041255, sdrt-health/mac:02010b41cdec/antenna/tag/e2806894000040038662114f, 85
1652703924.081058, sdrt-health/mac:02010b41cdec/antenna/tag/e2806894000050038662154f, 85
1652703924.119742, sdrt-health/mac:02010b41cdec/antenna/tag/e28068940000400386621d4f, 77
1652703924.158967, sdrt-health/mac:02010b41cdec/antenna/tag/e28068940000500386620d4f, 83
1652703924.214777, sdrt-health/mac:02010b41cdec/antenna/tag/e2806894000050038662154f, 87
1652703924.21535, sdrt-health/mac:02010b41cdec/antenna/tag/e2806894000040038662114f, 85
1652703924.230337, sdrt-health/mac:02010b41cdec/antenna/tag/e28068940000400386621d4f, 77
1652703924.295414, sdrt-health/mac:02010b41cdec/antenna/tag/e2806894000050038661fd4f, 97
1652703924.295928, sdrt-health/mac:02010b41cdec/antenna/tag/e28068940000500386620d4f, 83
1652703924.31876, sdrt-health/mac:02010b41cdec/antenna/tag/e28068940000400386621d4f, 96
1652703924.394122, sdrt-health/mac:02010b41cdec/antenna/tag/e28068940000400386621d4f, 77
1652703924.439653, sdrt-health/mac:02010b41cdec/antenna/tag/e2806894000050038662194f, 84
1652703924.4956, sdrt-health/mac:02010b41cdec/antenna/tag/e2806894000050038662154f, 85
1652703924.496134, sdrt-health/mac:02010b41cdec/antenna/tag/e2806894000050038662194f, 94
1652703924.561866, sdrt-health/mac:02010b41cdec/antenna/tag/e2806894000050038662154f, 87
1652703924.599456, sdrt-health/mac:02010b41cdec/antenna/tag/e2806894000050038661fd4f, 88
1652703924.657191, sdrt-health/mac:02010b41cdec/antenna/tag/e28068940000400386621d4f, 77
1652703924.657672, sdrt-health/mac:02010b41cdec/antenna/tag/e28068940000400386621d4f, 96
1652703924.679211, sdrt-health/mac:02010b41cdec/antenna/tag/e2806894000050038662154f, 85
1652703924.719094, sdrt-health/mac:02010b41cdec/antenna/tag/e2806894000050038662154f, 88
1652703924.751895, sdrt-health/mac:02010b41cdec/antenna/tag/e28068940000400386621d4f, 96
1652703924.752221, sdrt-health/mac:02010b41cdec/antenna/tag/e2806894000050038661fd4f, 97
1652703924.769313, sdrt-health/mac:02010b41cdec/antenna/tag/e2806894000050038661fd4f, 97
1652703924.831206, sdrt-health/mac:02010b41cdec/antenna/tag/e2806894000050038661fd4f, 97
1652703924.831715, sdrt-health/mac:02010b41cdec/antenna/tag/e2806894000050038661fd4f, 83
1652703924.85926, sdrt-health/mac:02010b41cdec/antenna/tag/e2806894000050038662154f, 85
1652703924.92039, sdrt-health/mac:02010b41cdec/antenna/tag/e28068940000500386620d4f, 97
1652703924.920896, sdrt-health/mac:02010b41cdec/antenna/tag/e2806894000040038662114f, 85
1652703924.936051, sdrt-health/mac:02010b41cdec/antenna/tag/e28068940000500386620d4f, 83
1652703924.949016, sdrt-health/mac:02010b41cdec/antenna/tag/e2806894000050038661fd4f, 88
1652703924.999018, sdrt-health/mac:02010b41cdec/antenna/tag/e28068940000400386621d4f, 77
1652703925.039313, sdrt-health/mac:02010b41cdec/antenna/tag/e28068940000400386621d4f, 96
1652703925.041382, sdrt-health/mac:02010b41cdec/antenna/tag/e2806894000040038662114f, 85
1652703925.090396, sdrt-health/mac:02010b41cdec/antenna/tag/e28068940000400386621d4f, 77
1652703925.150708, sdrt-health/mac:02010b41cdec/antenna/tag/e2806894000050038661fd4f, 91
1652703925.151316, sdrt-health/mac:02010b41cdec/antenna/tag/e28068940000400386621d4f, 96
1652703925.151705, sdrt-health/mac:02010b41cdec/antenna/tag/e2806894000050038661fd4f, 91
1652703925.179017, sdrt-health/mac:02010b41cdec/antenna/tag/e28068940000400386621d4f, 77
1652703925.224931, sdrt-health/mac:02010b41cdec/antenna/tag/e2806894000050038661fd4f, 91
1652703925.284922, sdrt-health/mac:02010b41cdec/antenna/tag/e28068940000400386621d4f, 77
1652703925.285188, sdrt-health/mac:02010b41cdec/antenna/tag/e28068940000400386621d4f, 96
1652703925.318523, sdrt-health/mac:02010b41cdec/antenna/tag/e2806894000040038662114f, 93
1652703925.348936, sdrt-health/mac:02010b41cdec/antenna/tag/e2806894000050038661fd4f, 97
1652703925.349288, sdrt-health/mac:02010b41cdec/antenna/tag/e28068940000400386621d4f, 90
1652703925.364349, sdrt-health/mac:02010b41cdec/antenna/tag/e2806894000040038662114f, 93
1652703925.364695, sdrt-health/mac:02010b41cdec/antenna/tag/e2806894000050038662154f, 85
1652703925.399559, sdrt-health/mac:02010b41cdec/antenna/tag/e2806894000040038662114f, 85
1652703925.455141, sdrt-health/mac:02010b41cdec/antenna/tag/e2806894000050038662154f, 85
1652703925.455603, sdrt-health/mac:02010b41cdec/antenna/tag/e28068940000500386620d4f, 83
1652703925.471585, sdrt-health/mac:02010b41cdec/antenna/tag/e2806894000050038662154f, 85
1652703925.472918, sdrt-health/mac:02010b41cdec/antenna/tag/e28068940000400386621d4f, 96
1652703925.481117, sdrt-health/mac:02010b41cdec/antenna/tag/e28068940000500386620d4f, 83
1652703925.518852, sdrt-health/mac:02010b41cdec/antenna/tag/e2806894000050038661fd4f, 88
1652703925.600028, sdrt-health/mac:02010b41cdec/antenna/tag/e28068940000400386621d4f, 96
1652703925.639507, sdrt-health/mac:02010b41cdec/antenna/tag/e2806894000050038662154f, 88
1652703925.679253, sdrt-health/mac:02010b41cdec/antenna/tag/e2806894000050038662154f, 85
1652703925.719113, sdrt-health/mac:02010b41cdec/antenna/tag/e2806894000040038662114f, 88
1652703925.760024, sdrt-health/mac:02010b41cdec/antenna/tag/e28068940000400386621d4f, 96
1652703925.814692, sdrt-health/mac:02010b41cdec/antenna/tag/e28068940000400386621d4f, 96
1652703925.815166, sdrt-health/mac:02010b41cdec/antenna/tag/e28068940000400386621d4f, 96
1652703925.840002, sdrt-health/mac:02010b41cdec/antenna/tag/e28068940000400386621d4f, 96
1652703925.879213, sdrt-health/mac:02010b41cdec/antenna/tag/e2806894000040038662114f, 85
1652703925.935869, sdrt-health/mac:02010b41cdec/antenna/tag/e28068940000500386620d4f, 83
1652703925.936549, sdrt-health/mac:02010b41cdec/antenna/tag/e28068940000400386621d4f, 96
1652703925.979092, sdrt-health/mac:02010b41cdec/antenna/tag/e28068940000500386620d4f, 83
1652703926.010423, sdrt-health/mac:02010b41cdec/antenna/tag/e2806894000050038661fd4f, 91
1652703926.010742, sdrt-health/mac:02010b41cdec/antenna/tag/e28068940000500386620d4f, 97
1652703926.025623, sdrt-health/mac:02010b41cdec/antenna/tag/e2806894000040038662114f, 87
1652703926.025849, sdrt-health/mac:02010b41cdec/antenna/tag/e28068940000400386621d4f, 96
1652703926.026053, sdrt-health/mac:02010b41cdec/antenna/tag/e2806894000050038661fd4f, 91
1652703926.111307, sdrt-health/mac:02010b41cdec/antenna/tag/e2806894000050038662194f, 94
1652703926.339266, sdrt-health/mac:02010b41cdec/antenna/tag/scan, scan stopped
