1652704259.713283, sdrt-health/mac:02010b41cdec/antenna/power/set, {"power": 300}
1652704260.787312, sdrt-health/mac:02010b41cdec/antenna/power/set, 
1652704264.735844, sdrt-health/mac:02010b41cdec/antenna/tag/scan, {"time": 20000}
1652704265.221441, sdrt-health/mac:02010b41cdec/antenna/tag/e2806894000040038662214f, 87
1652704265.258203, sdrt-health/mac:02010b41cdec/antenna/tag/e2806894000050038662154f, 85
1652704265.30996, sdrt-health/mac:02010b41cdec/antenna/tag/e2806894000040038661f94f, 82
1652704265.312581, sdrt-health/mac:02010b41cdec/antenna/tag/e2806894000040038662054f, 88
1652704265.358657, sdrt-health/mac:02010b41cdec/antenna/tag/e2806894000050038662154f, 93
1652704265.41314, sdrt-health/mac:02010b41cdec/antenna/tag/e2806894000040038662114f, 85
1652704265.413639, sdrt-health/mac:02010b41cdec/antenna/tag/e28068940000500386620d4f, 83
1652704265.413977, sdrt-health/mac:02010b41cdec/antenna/tag/e2806894000050038661fd4f, 88
1652704265.433318, sdrt-health/mac:02010b41cdec/antenna/tag/e28068940000500386620d4f, 83
1652704265.49243, sdrt-health/mac:02010b41cdec/antenna/tag/e2806894000040038662214f, 81
1652704265.534394, sdrt-health/mac:02010b41cdec/antenna/tag/e2806894000040038662214f, 88
1652704265.615584, sdrt-health/mac:02010b41cdec/antenna/tag/e28068940000500386620d4f, 83
1652704265.657391, sdrt-health/mac:02010b41cdec/antenna/tag/e28068940000400386621d4f, 77
1652704265.718257, sdrt-health/mac:02010b41cdec/antenna/tag/e28068940000500386620d4f, 86
1652704265.718799, sdrt-health/mac:02010b41cdec/antenna/tag/e2806894000040038662114f, 91
1652704265.734046, sdrt-health/mac:02010b41cdec/antenna/tag/e2806894000040038662114f, 85
1652704265.764455, sdrt-health/mac:02010b41cdec/antenna/tag/e28068940000500386620d4f, 86
1652704265.764727, sdrt-health/mac:02010b41cdec/antenna/tag/e2806894000050038662154f, 93
1652704265.764898, sdrt-health/mac:02010b41cdec/antenna/tag/e2806894000040038662114f, 88
1652704265.797939, sdrt-health/mac:02010b41cdec/antenna/tag/e2806894000050038661fd4f, 91
1652704265.852175, sdrt-health/mac:02010b41cdec/antenna/tag/e2806894000050038662154f, 93
1652704265.85271, sdrt-health/mac:02010b41cdec/antenna/tag/e2806894000040038662114f, 88
1652704265.897547, sdrt-health/mac:02010b41cdec/antenna/tag/e2806894000050038662154f, 88
1652704265.940678, sdrt-health/mac:02010b41cdec/antenna/tag/e2806894000040038662054f, 83
1652704265.989694, sdrt-health/mac:02010b41cdec/antenna/tag/e28068940000400386621d4f, 96
1652704266.061228, sdrt-health/mac:02010b41cdec/antenna/tag/e28068940000400386621d4f, 96
1652704266.061676, sdrt-health/mac:02010b41cdec/antenna/tag/e2806894000050038662154f, 88
1652704266.076211, sdrt-health/mac:02010b41cdec/antenna/tag/e2806894000040038662114f, 88
1652704266.094111, sdrt-health/mac:02010b41cdec/antenna/tag/e2806894000050038661fd4f, 97
1652704266.153517, sdrt-health/mac:02010b41cdec/antenna/tag/e28068940000400386621d4f, 77
1652704266.154062, sdrt-health/mac:02010b41cdec/antenna/tag/e28068940000500386620d4f, 83
1652704266.169706, sdrt-health/mac:02010b41cdec/antenna/tag/e2806894000050038662154f, 85
1652704266.180282, sdrt-health/mac:02010b41cdec/antenna/tag/e2806894000050038662154f, 85
1652704266.18495, sdrt-health/mac:02010b41cdec/antenna/tag/e2806894000050038662194f, 81
1652704266.228367, sdrt-health/mac:02010b41cdec/antenna/tag/e2806894000040038662114f, 85
1652704266.277784, sdrt-health/mac:02010b41cdec/antenna/tag/e2806894000050038662154f, 88
1652704266.362937, sdrt-health/mac:02010b41cdec/antenna/tag/e28068940000500386620d4f, 83
1652704266.363478, sdrt-health/mac:02010b41cdec/antenna/tag/e28068940000500386620d4f, 83
1652704266.387824, sdrt-health/mac:02010b41cdec/antenna/tag/e28068940000500386620d4f, 97
1652704266.528621, sdrt-health/mac:02010b41cdec/antenna/tag/e28068940000400386621d4f, 77
1652704266.581096, sdrt-health/mac:02010b41cdec/antenna/tag/e2806894000040038662114f, 85
1652704266.613102, sdrt-health/mac:02010b41cdec/antenna/tag/e2806894000050038662154f, 85
1652704266.613513, sdrt-health/mac:02010b41cdec/antenna/tag/e2806894000050038661fd4f, 88
1652704266.628068, sdrt-health/mac:02010b41cdec/antenna/tag/e28068940000500386620d4f, 83
1652704266.628271, sdrt-health/mac:02010b41cdec/antenna/tag/e2806894000050038662154f, 88
1652704266.628434, sdrt-health/mac:02010b41cdec/antenna/tag/e28068940000500386620d4f, 83
1652704266.661527, sdrt-health/mac:02010b41cdec/antenna/tag/e28068940000500386620d4f, 86
1652704266.69282, sdrt-health/mac:02010b41cdec/antenna/tag/e2806894000050038662154f, 88
1652704266.693089, sdrt-health/mac:02010b41cdec/antenna/tag/e2806894000050038662194f, 83
1652704266.70776, sdrt-health/mac:02010b41cdec/antenna/tag/e2806894000040038662114f, 85
1652704266.7571, sdrt-health/mac:02010b41cdec/antenna/tag/e2806894000050038662154f, 85
1652704266.797927, sdrt-health/mac:02010b41cdec/antenna/tag/e28068940000400386621d4f, 77
1652704266.838768, sdrt-health/mac:02010b41cdec/antenna/tag/e28068940000500386620d4f, 83
1652704266.8938, sdrt-health/mac:02010b41cdec/antenna/tag/e2806894000040038662114f, 85
1652704266.894266, sdrt-health/mac:02010b41cdec/antenna/tag/e2806894000040038662114f, 85
1652704266.917903, sdrt-health/mac:02010b41cdec/antenna/tag/e2806894000050038662154f, 88
1652704266.972575, sdrt-health/mac:02010b41cdec/antenna/tag/e28068940000400386621d4f, 77
1652704266.973016, sdrt-health/mac:02010b41cdec/antenna/tag/e2806894000040038662114f, 85
1652704267.007887, sdrt-health/mac:02010b41cdec/antenna/tag/e2806894000050038661fd4f, 83
1652704267.053509, sdrt-health/mac:02010b41cdec/antenna/tag/e28068940000500386620d4f, 86
1652704267.097606, sdrt-health/mac:02010b41cdec/antenna/tag/e2806894000050038661fd4f, 91
1652704267.141718, sdrt-health/mac:02010b41cdec/antenna/tag/e28068940000400386621d4f, 77
1652704267.204332, sdrt-health/mac:02010b41cdec/antenna/tag/e28068940000400386621d4f, 77
1652704267.204933, sdrt-health/mac:02010b41cdec/antenna/tag/e2806894000040038661f94f, 94
1652704267.220552, sdrt-health/mac:02010b41cdec/antenna/tag/e28068940000400386621d4f, 96
1652704267.237144, sdrt-health/mac:02010b41cdec/antenna/tag/e2806894000040038662114f, 85
1652704267.277142, sdrt-health/mac:02010b41cdec/antenna/tag/e28068940000400386621d4f, 96
1652704267.318416, sdrt-health/mac:02010b41cdec/antenna/tag/e2806894000040038662054f, 84
1652704267.403357, sdrt-health/mac:02010b41cdec/antenna/tag/e2806894000040038662114f, 91
1652704267.403987, sdrt-health/mac:02010b41cdec/antenna/tag/e2806894000050038661fd4f, 97
1652704267.427779, sdrt-health/mac:02010b41cdec/antenna/tag/e2806894000040038662114f, 88
1652704267.476948, sdrt-health/mac:02010b41cdec/antenna/tag/e2806894000050038662154f, 88
1652704267.517857, sdrt-health/mac:02010b41cdec/antenna/tag/e2806894000050038661fd4f, 97
1652704267.575239, sdrt-health/mac:02010b41cdec/antenna/tag/e2806894000040038662114f, 91
1652704267.575595, sdrt-health/mac:02010b41cdec/antenna/tag/e2806894000040038662114f, 88
1652704267.59992, sdrt-health/mac:02010b41cdec/antenna/tag/e28068940000500386620d4f, 83
1652704267.638951, sdrt-health/mac:02010b41cdec/antenna/tag/e2806894000040038662114f, 88
1652704267.678065, sdrt-health/mac:02010b41cdec/antenna/tag/e2806894000050038661fd4f, 97
1652704267.718417, sdrt-health/mac:02010b41cdec/antenna/tag/e2806894000050038661fd4f, 91
1652704267.775678, sdrt-health/mac:02010b41cdec/antenna/tag/e2806894000040038662114f, 85
1652704267.776274, sdrt-health/mac:02010b41cdec/antenna/tag/e2806894000050038662154f, 85
1652704267.792525, sdrt-health/mac:02010b41cdec/antenna/tag/e2806894000050038661fd4f, 97
1652704267.820591, sdrt-health/mac:02010b41cdec/antenna/tag/e2806894000050038662194f, 81
1652704267.868002, sdrt-health/mac:02010b41cdec/antenna/tag/e2806894000050038662154f, 91
1652704267.9235, sdrt-health/mac:02010b41cdec/antenna/tag/e2806894000050038662194f, 88
1652704267.92408, sdrt-health/mac:02010b41cdec/antenna/tag/e2806894000050038662194f, 81
1652704267.939388, sdrt-health/mac:02010b41cdec/antenna/tag/e2806894000050038661fd4f, 83
1652704267.988502, sdrt-health/mac:02010b41cdec/antenna/tag/e28068940000500386620d4f, 83
1652704268.037334, sdrt-health/mac:02010b41cdec/antenna/tag/e2806894000050038662194f, 83
1652704268.093504, sdrt-health/mac:02010b41cdec/antenna/tag/e2806894000050038661fd4f, 91
1652704268.138212, sdrt-health/mac:02010b41cdec/antenna/tag/e2806894000050038662154f, 93
1652704268.218411, sdrt-health/mac:02010b41cdec/antenna/tag/e2806894000050038662154f, 88
1652704268.262725, sdrt-health/mac:02010b41cdec/antenna/tag/e2806894000040038661f94f, 94
1652704268.29453, sdrt-health/mac:02010b41cdec/antenna/tag/e28068940000500386620d4f, 83
1652704268.294937, sdrt-health/mac:02010b41cdec/antenna/tag/e28068940000400386621d4f, 96
1652704268.309496, sdrt-health/mac:02010b41cdec/antenna/tag/e2806894000050038661fd4f, 83
1652704268.359733, sdrt-health/mac:02010b41cdec/antenna/tag/e2806894000040038661f94f, 94
1652704268.413739, sdrt-health/mac:02010b41cdec/antenna/tag/e2806894000050038661fd4f, 83
1652704268.414192, sdrt-health/mac:02010b41cdec/antenna/tag/e2806894000050038661fd4f, 83
1652704268.440047, sdrt-health/mac:02010b41cdec/antenna/tag/e2806894000050038662154f, 91
1652704268.478573, sdrt-health/mac:02010b41cdec/antenna/tag/e2806894000050038661fd4f, 83
1652704268.518737, sdrt-health/mac:02010b41cdec/antenna/tag/e2806894000050038662154f, 88
1652704268.572082, sdrt-health/mac:02010b41cdec/antenna/tag/e2806894000040038662114f, 85
1652704268.572535, sdrt-health/mac:02010b41cdec/antenna/tag/e28068940000400386621d4f, 96
1652704268.58733, sdrt-health/mac:02010b41cdec/antenna/tag/e28068940000400386621d4f, 96
1652704268.59815, sdrt-health/mac:02010b41cdec/antenna/tag/e28068940000400386621d4f, 77
1652704268.638288, sdrt-health/mac:02010b41cdec/antenna/tag/e2806894000040038662214f, 81
1652704268.677361, sdrt-health/mac:02010b41cdec/antenna/tag/e2806894000040038661f94f, 82
1652704268.67759, sdrt-health/mac:02010b41cdec/antenna/tag/e2806894000050038661fd4f, 91
1652704268.677745, sdrt-health/mac:02010b41cdec/antenna/tag/e2806894000040038661f94f, 81
1652704268.692331, sdrt-health/mac:02010b41cdec/antenna/tag/e28068940000400386621d4f, 77
1652704268.719702, sdrt-health/mac:02010b41cdec/antenna/tag/e2806894000040038662214f, 94
1652704268.757063, sdrt-health/mac:02010b41cdec/antenna/tag/e2806894000040038662114f, 85
1652704268.817505, sdrt-health/mac:02010b41cdec/antenna/tag/e2806894000050038662154f, 88
1652704268.817955, sdrt-health/mac:02010b41cdec/antenna/tag/e2806894000050038661fd4f, 91
1652704268.818289, sdrt-health/mac:02010b41cdec/antenna/tag/e2806894000050038662154f, 88
1652704268.833705, sdrt-health/mac:02010b41cdec/antenna/tag/e2806894000040038662114f, 85
1652704268.867196, sdrt-health/mac:02010b41cdec/antenna/tag/e2806894000050038662194f, 94
1652704268.927276, sdrt-health/mac:02010b41cdec/antenna/tag/e28068940000500386620d4f, 83
1652704268.987829, sdrt-health/mac:02010b41cdec/antenna/tag/e2806894000050038662154f, 85
1652704268.988327, sdrt-health/mac:02010b41cdec/antenna/tag/e2806894000050038661fd4f, 97
1652704269.017089, sdrt-health/mac:02010b41cdec/antenna/tag/e2806894000040038662114f, 91
1652704269.017996, sdrt-health/mac:02010b41cdec/antenna/tag/e2806894000040038662054f, 110
1652704269.061839, sdrt-health/mac:02010b41cdec/antenna/tag/e2806894000040038662114f, 88
1652704269.123061, sdrt-health/mac:02010b41cdec/antenna/tag/e2806894000050038661fd4f, 97
1652704269.123577, sdrt-health/mac:02010b41cdec/antenna/tag/e2806894000050038662194f, 81
1652704269.156493, sdrt-health/mac:02010b41cdec/antenna/tag/e28068940000500386620d4f, 97
1652704269.213982, sdrt-health/mac:02010b41cdec/antenna/tag/e28068940000400386621d4f, 77
1652704269.214501, sdrt-health/mac:02010b41cdec/antenna/tag/e2806894000040038662214f, 94
1652704269.229561, sdrt-health/mac:02010b41cdec/antenna/tag/e2806894000040038661f94f, 88
1652704269.237318, sdrt-health/mac:02010b41cdec/antenna/tag/e28068940000500386620d4f, 83
1652704269.27654, sdrt-health/mac:02010b41cdec/antenna/tag/e2806894000050038661fd4f, 83
1652704269.276938, sdrt-health/mac:02010b41cdec/antenna/tag/e28068940000400386621d4f, 96
1652704269.324387, sdrt-health/mac:02010b41cdec/antenna/tag/e2806894000050038662194f, 81
1652704269.387656, sdrt-health/mac:02010b41cdec/antenna/tag/e2806894000050038661fd4f, 83
1652704269.387871, sdrt-health/mac:02010b41cdec/antenna/tag/e2806894000050038662154f, 85
1652704269.416506, sdrt-health/mac:02010b41cdec/antenna/tag/e28068940000500386620d4f, 97
1652704269.476316, sdrt-health/mac:02010b41cdec/antenna/tag/e2806894000050038662194f, 94
1652704269.476677, sdrt-health/mac:02010b41cdec/antenna/tag/e28068940000500386620d4f, 91
1652704269.491404, sdrt-health/mac:02010b41cdec/antenna/tag/e28068940000400386621d4f, 77
1652704269.50695, sdrt-health/mac:02010b41cdec/antenna/tag/e2806894000040038662114f, 85
1652704269.556994, sdrt-health/mac:02010b41cdec/antenna/tag/e2806894000040038662114f, 85
1652704269.589997, sdrt-health/mac:02010b41cdec/antenna/tag/e2806894000040038661f94f, 84
1652704269.590352, sdrt-health/mac:02010b41cdec/antenna/tag/e28068940000500386620d4f, 97
1652704269.590495, sdrt-health/mac:02010b41cdec/antenna/tag/e2806894000040038662114f, 85
1652704269.612102, sdrt-health/mac:02010b41cdec/antenna/tag/e28068940000400386621d4f, 77
1652704269.676265, sdrt-health/mac:02010b41cdec/antenna/tag/e2806894000050038662154f, 83
1652704269.676621, sdrt-health/mac:02010b41cdec/antenna/tag/e2806894000050038661fd4f, 97
1652704269.690994, sdrt-health/mac:02010b41cdec/antenna/tag/e2806894000040038662114f, 88
1652704269.691223, sdrt-health/mac:02010b41cdec/antenna/tag/e2806894000050038661fd4f, 97
1652704269.702501, sdrt-health/mac:02010b41cdec/antenna/tag/e2806894000040038662114f, 85
1652704269.708045, sdrt-health/mac:02010b41cdec/antenna/tag/e28068940000500386620d4f, 97
1652704269.773517, sdrt-health/mac:02010b41cdec/antenna/tag/e2806894000040038661f94f, 81
1652704269.817517, sdrt-health/mac:02010b41cdec/antenna/tag/e2806894000050038662154f, 88
1652704269.861988, sdrt-health/mac:02010b41cdec/antenna/tag/e28068940000500386620d4f, 97
1652704269.980756, sdrt-health/mac:02010b41cdec/antenna/tag/e2806894000040038662114f, 85
1652704269.981226, sdrt-health/mac:02010b41cdec/antenna/tag/e28068940000500386620d4f, 83
1652704269.998649, sdrt-health/mac:02010b41cdec/antenna/tag/e2806894000050038661fd4f, 97
1652704269.998998, sdrt-health/mac:02010b41cdec/antenna/tag/e28068940000500386620d4f, 97
1652704270.037429, sdrt-health/mac:02010b41cdec/antenna/tag/e2806894000050038662194f, 83
1652704270.076961, sdrt-health/mac:02010b41cdec/antenna/tag/e28068940000400386621d4f, 77
1652704270.109881, sdrt-health/mac:02010b41cdec/antenna/tag/e2806894000040038662054f, 94
1652704270.110114, sdrt-health/mac:02010b41cdec/antenna/tag/e2806894000050038662194f, 81
1652704270.127301, sdrt-health/mac:02010b41cdec/antenna/tag/e2806894000040038662114f, 88
1652704270.12751, sdrt-health/mac:02010b41cdec/antenna/tag/e2806894000050038661fd4f, 97
1652704270.183383, sdrt-health/mac:02010b41cdec/antenna/tag/e28068940000400386621d4f, 96
1652704270.226493, sdrt-health/mac:02010b41cdec/antenna/tag/e2806894000040038662114f, 88
1652704270.258087, sdrt-health/mac:02010b41cdec/antenna/tag/e2806894000050038662154f, 88
1652704270.258383, sdrt-health/mac:02010b41cdec/antenna/tag/e2806894000050038661fd4f, 83
1652704270.285859, sdrt-health/mac:02010b41cdec/antenna/tag/e28068940000500386620d4f, 83
1652704270.35033, sdrt-health/mac:02010b41cdec/antenna/tag/e2806894000050038662154f, 88
1652704270.350705, sdrt-health/mac:02010b41cdec/antenna/tag/e2806894000050038661fd4f, 83
1652704270.351119, sdrt-health/mac:02010b41cdec/antenna/tag/e2806894000050038662154f, 88
1652704270.376683, sdrt-health/mac:02010b41cdec/antenna/tag/e2806894000050038661fd4f, 97
1652704270.420955, sdrt-health/mac:02010b41cdec/antenna/tag/e28068940000500386620d4f, 83
1652704270.457285, sdrt-health/mac:02010b41cdec/antenna/tag/e2806894000050038661fd4f, 91
1652704270.501161, sdrt-health/mac:02010b41cdec/antenna/tag/e2806894000050038661fd4f, 88
1652704270.602536, sdrt-health/mac:02010b41cdec/antenna/tag/e2806894000040038662214f, 81
1652704270.602958, sdrt-health/mac:02010b41cdec/antenna/tag/e2806894000050038662194f, 84
1652704270.6293, sdrt-health/mac:02010b41cdec/antenna/tag/e2806894000040038662214f, 81
1652704270.660052, sdrt-health/mac:02010b41cdec/antenna/tag/e28068940000500386620d4f, 97
1652704270.660453, sdrt-health/mac:02010b41cdec/antenna/tag/e2806894000040038662114f, 85
1652704270.686114, sdrt-health/mac:02010b41cdec/antenna/tag/e28068940000400386621d4f, 77
1652704270.733193, sdrt-health/mac:02010b41cdec/antenna/tag/e2806894000050038661fd4f, 97
1652704270.837133, sdrt-health/mac:02010b41cdec/antenna/tag/e28068940000400386621d4f, 77
1652704270.837671, sdrt-health/mac:02010b41cdec/antenna/tag/e2806894000040038662114f, 85
1652704270.870532, sdrt-health/mac:02010b41cdec/antenna/tag/e2806894000050038661fd4f, 83
1652704270.932974, sdrt-health/mac:02010b41cdec/antenna/tag/e28068940000500386620d4f, 83
1652704270.933494, sdrt-health/mac:02010b41cdec/antenna/tag/e28068940000500386620d4f, 97
1652704270.947803, sdrt-health/mac:02010b41cdec/antenna/tag/e28068940000400386621d4f, 96
1652704270.972635, sdrt-health/mac:02010b41cdec/antenna/tag/e2806894000050038662194f, 81
1652704271.017166, sdrt-health/mac:02010b41cdec/antenna/tag/e2806894000050038662194f, 87
1652704271.01753, sdrt-health/mac:02010b41cdec/antenna/tag/e2806894000050038661fd4f, 97
1652704271.109067, sdrt-health/mac:02010b41cdec/antenna/tag/e28068940000500386620d4f, 83
1652704271.156659, sdrt-health/mac:02010b41cdec/antenna/tag/e28068940000400386621d4f, 77
1652704271.25206, sdrt-health/mac:02010b41cdec/antenna/tag/e2806894000050038662194f, 83
1652704271.252548, sdrt-health/mac:02010b41cdec/antenna/tag/e2806894000050038662194f, 87
1652704271.293506, sdrt-health/mac:02010b41cdec/antenna/tag/e2806894000050038661fd4f, 97
1652704271.353558, sdrt-health/mac:02010b41cdec/antenna/tag/e2806894000050038662194f, 83
1652704271.354057, sdrt-health/mac:02010b41cdec/antenna/tag/e2806894000050038661fd4f, 91
1652704271.380146, sdrt-health/mac:02010b41cdec/antenna/tag/e2806894000040038662114f, 88
1652704271.380903, sdrt-health/mac:02010b41cdec/antenna/tag/e28068940000400386621d4f, 96
1652704271.395482, sdrt-health/mac:02010b41cdec/antenna/tag/e2806894000050038662154f, 88
1652704271.42636, sdrt-health/mac:02010b41cdec/antenna/tag/e2806894000040038662114f, 88
1652704271.477365, sdrt-health/mac:02010b41cdec/antenna/tag/e2806894000040038662114f, 85
1652704271.517244, sdrt-health/mac:02010b41cdec/antenna/tag/e28068940000400386621d4f, 77
1652704271.639439, sdrt-health/mac:02010b41cdec/antenna/tag/e2806894000050038661fd4f, 91
1652704271.639988, sdrt-health/mac:02010b41cdec/antenna/tag/e2806894000050038661fd4f, 91
1652704271.667497, sdrt-health/mac:02010b41cdec/antenna/tag/e2806894000040038662114f, 85
1652704271.69814, sdrt-health/mac:02010b41cdec/antenna/tag/e28068940000500386620d4f, 86
1652704271.698475, sdrt-health/mac:02010b41cdec/antenna/tag/e28068940000400386621d4f, 77
1652704271.717094, sdrt-health/mac:02010b41cdec/antenna/tag/e2806894000040038662114f, 88
1652704271.789255, sdrt-health/mac:02010b41cdec/antenna/tag/e2806894000040038662214f, 88
1652704271.789763, sdrt-health/mac:02010b41cdec/antenna/tag/e2806894000050038662154f, 85
1652704271.804677, sdrt-health/mac:02010b41cdec/antenna/tag/e2806894000040038661f94f, 88
1652704271.816826, sdrt-health/mac:02010b41cdec/antenna/tag/e2806894000040038662114f, 85
1652704271.819826, sdrt-health/mac:02010b41cdec/antenna/tag/e2806894000050038661fd4f, 91
1652704271.820431, sdrt-health/mac:02010b41cdec/antenna/tag/e2806894000040038662114f, 88
1652704271.820875, sdrt-health/mac:02010b41cdec/antenna/tag/e2806894000040038662214f, 81
1652704271.860999, sdrt-health/mac:02010b41cdec/antenna/tag/e2806894000050038662154f, 87
1652704271.917134, sdrt-health/mac:02010b41cdec/antenna/tag/e2806894000050038662154f, 93
1652704271.978156, sdrt-health/mac:02010b41cdec/antenna/tag/e2806894000040038662114f, 88
1652704272.020138, sdrt-health/mac:02010b41cdec/antenna/tag/e28068940000400386621d4f, 77
1652704272.082111, sdrt-health/mac:02010b41cdec/antenna/tag/e28068940000500386620d4f, 97
1652704272.082684, sdrt-health/mac:02010b41cdec/antenna/tag/e2806894000050038661fd4f, 91
1652704272.117759, sdrt-health/mac:02010b41cdec/antenna/tag/e2806894000040038662114f, 88
1652704272.149017, sdrt-health/mac:02010b41cdec/antenna/tag/e28068940000500386620d4f, 83
1652704272.149367, sdrt-health/mac:02010b41cdec/antenna/tag/e2806894000050038662154f, 88
1652704272.163783, sdrt-health/mac:02010b41cdec/antenna/tag/e2806894000050038662194f, 87
1652704272.164082, sdrt-health/mac:02010b41cdec/antenna/tag/e2806894000050038662154f, 88
1652704272.196936, sdrt-health/mac:02010b41cdec/antenna/tag/e28068940000400386621d4f, 77
1652704272.238185, sdrt-health/mac:02010b41cdec/antenna/tag/e2806894000050038662194f, 94
1652704272.278155, sdrt-health/mac:02010b41cdec/antenna/tag/e2806894000050038662194f, 94
1652704272.317503, sdrt-health/mac:02010b41cdec/antenna/tag/e28068940000500386620d4f, 83
1652704272.366926, sdrt-health/mac:02010b41cdec/antenna/tag/e2806894000040038662054f, 81
1652704272.412614, sdrt-health/mac:02010b41cdec/antenna/tag/e28068940000400386621d4f, 96
1652704272.472461, sdrt-health/mac:02010b41cdec/antenna/tag/e2806894000040038662054f, 82
1652704272.472959, sdrt-health/mac:02010b41cdec/antenna/tag/e2806894000050038661fd4f, 97
1652704272.488778, sdrt-health/mac:02010b41cdec/antenna/tag/e28068940000500386620d4f, 83
1652704272.517674, sdrt-health/mac:02010b41cdec/antenna/tag/e2806894000050038661fd4f, 97
1652704272.586887, sdrt-health/mac:02010b41cdec/antenna/tag/e2806894000050038661fd4f, 97
1652704272.58758, sdrt-health/mac:02010b41cdec/antenna/tag/e2806894000040038662114f, 88
1652704272.602762, sdrt-health/mac:02010b41cdec/antenna/tag/e2806894000050038662194f, 81
1652704272.603305, sdrt-health/mac:02010b41cdec/antenna/tag/e2806894000050038662194f, 81
1652704272.626507, sdrt-health/mac:02010b41cdec/antenna/tag/e2806894000050038662154f, 83
1652704272.676431, sdrt-health/mac:02010b41cdec/antenna/tag/e28068940000500386620d4f, 83
1652704272.735504, sdrt-health/mac:02010b41cdec/antenna/tag/e28068940000400386621d4f, 77
1652704272.736321, sdrt-health/mac:02010b41cdec/antenna/tag/e2806894000050038662154f, 85
1652704272.757309, sdrt-health/mac:02010b41cdec/antenna/tag/e2806894000050038662154f, 85
1652704272.796831, sdrt-health/mac:02010b41cdec/antenna/tag/e2806894000050038661fd4f, 83
1652704272.797488, sdrt-health/mac:02010b41cdec/antenna/tag/e28068940000500386620d4f, 83
1652704272.837174, sdrt-health/mac:02010b41cdec/antenna/tag/e28068940000500386620d4f, 83
1652704272.868424, sdrt-health/mac:02010b41cdec/antenna/tag/e2806894000040038662114f, 88
1652704272.868778, sdrt-health/mac:02010b41cdec/antenna/tag/e2806894000050038661fd4f, 83
1652704272.902056, sdrt-health/mac:02010b41cdec/antenna/tag/e2806894000050038662154f, 85
1652704272.946974, sdrt-health/mac:02010b41cdec/antenna/tag/e28068940000400386621d4f, 96
1652704273.013251, sdrt-health/mac:02010b41cdec/antenna/tag/e2806894000050038662194f, 94
1652704273.013766, sdrt-health/mac:02010b41cdec/antenna/tag/e2806894000040038662114f, 88
1652704273.03206, sdrt-health/mac:02010b41cdec/antenna/tag/e28068940000400386621d4f, 96
1652704273.036558, sdrt-health/mac:02010b41cdec/antenna/tag/e2806894000050038662154f, 88
1652704273.048765, sdrt-health/mac:02010b41cdec/antenna/tag/e2806894000040038662054f, 94
1652704273.077682, sdrt-health/mac:02010b41cdec/antenna/tag/e2806894000050038662154f, 85
1652704273.157357, sdrt-health/mac:02010b41cdec/antenna/tag/e28068940000500386620d4f, 86
1652704273.157816, sdrt-health/mac:02010b41cdec/antenna/tag/e2806894000040038662114f, 88
1652704273.187208, sdrt-health/mac:02010b41cdec/antenna/tag/e2806894000040038662114f, 88
1652704273.239544, sdrt-health/mac:02010b41cdec/antenna/tag/e2806894000050038662194f, 84
1652704273.271777, sdrt-health/mac:02010b41cdec/antenna/tag/e2806894000050038662194f, 88
1652704273.272187, sdrt-health/mac:02010b41cdec/antenna/tag/e2806894000050038662154f, 85
1652704273.301386, sdrt-health/mac:02010b41cdec/antenna/tag/e28068940000400386621d4f, 77
1652704273.355348, sdrt-health/mac:02010b41cdec/antenna/tag/e28068940000500386620d4f, 83
1652704273.386611, sdrt-health/mac:02010b41cdec/antenna/tag/e2806894000050038662154f, 85
1652704273.387443, sdrt-health/mac:02010b41cdec/antenna/tag/e2806894000050038662194f, 94
1652704273.401992, sdrt-health/mac:02010b41cdec/antenna/tag/e2806894000050038662194f, 81
1652704273.402539, sdrt-health/mac:02010b41cdec/antenna/tag/e2806894000050038661fd4f, 91
1652704273.436986, sdrt-health/mac:02010b41cdec/antenna/tag/e28068940000500386620d4f, 97
1652704273.466663, sdrt-health/mac:02010b41cdec/antenna/tag/e28068940000400386621d4f, 96
1652704273.467029, sdrt-health/mac:02010b41cdec/antenna/tag/e2806894000040038662114f, 85
1652704273.482363, sdrt-health/mac:02010b41cdec/antenna/tag/e28068940000500386620d4f, 83
1652704273.48279, sdrt-health/mac:02010b41cdec/antenna/tag/e2806894000050038662154f, 88
1652704273.51602, sdrt-health/mac:02010b41cdec/antenna/tag/e28068940000400386621d4f, 77
1652704273.516351, sdrt-health/mac:02010b41cdec/antenna/tag/e28068940000500386620d4f, 91
1652704273.556805, sdrt-health/mac:02010b41cdec/antenna/tag/e2806894000040038662114f, 85
1652704273.597982, sdrt-health/mac:02010b41cdec/antenna/tag/e28068940000400386621d4f, 77
1652704273.628805, sdrt-health/mac:02010b41cdec/antenna/tag/e28068940000500386620d4f, 86
1652704273.629064, sdrt-health/mac:02010b41cdec/antenna/tag/e2806894000050038662194f, 82
1652704273.64297, sdrt-health/mac:02010b41cdec/antenna/tag/e2806894000040038662054f, 84
1652704273.643195, sdrt-health/mac:02010b41cdec/antenna/tag/e28068940000400386621d4f, 77
1652704273.692683, sdrt-health/mac:02010b41cdec/antenna/tag/e2806894000040038662054f, 94
1652704273.752712, sdrt-health/mac:02010b41cdec/antenna/tag/e2806894000050038661fd4f, 83
1652704273.753214, sdrt-health/mac:02010b41cdec/antenna/tag/e2806894000050038662154f, 88
1652704273.817247, sdrt-health/mac:02010b41cdec/antenna/tag/e2806894000050038661fd4f, 97
1652704273.860885, sdrt-health/mac:02010b41cdec/antenna/tag/e2806894000050038662154f, 93
1652704273.897072, sdrt-health/mac:02010b41cdec/antenna/tag/e2806894000050038662154f, 85
1652704273.942621, sdrt-health/mac:02010b41cdec/antenna/tag/e2806894000050038662194f, 81
1652704274.003323, sdrt-health/mac:02010b41cdec/antenna/tag/e2806894000050038662194f, 81
1652704274.00378, sdrt-health/mac:02010b41cdec/antenna/tag/e2806894000050038661fd4f, 91
1652704274.038158, sdrt-health/mac:02010b41cdec/antenna/tag/e2806894000040038662114f, 88
1652704274.092868, sdrt-health/mac:02010b41cdec/antenna/tag/e28068940000500386620d4f, 83
1652704274.093192, sdrt-health/mac:02010b41cdec/antenna/tag/e2806894000050038661fd4f, 88
1652704274.116647, sdrt-health/mac:02010b41cdec/antenna/tag/e2806894000050038661fd4f, 97
1652704274.157206, sdrt-health/mac:02010b41cdec/antenna/tag/e28068940000500386620d4f, 83
1652704274.197302, sdrt-health/mac:02010b41cdec/antenna/tag/e28068940000400386621d4f, 77
1652704274.254336, sdrt-health/mac:02010b41cdec/antenna/tag/e2806894000050038662194f, 88
1652704274.254778, sdrt-health/mac:02010b41cdec/antenna/tag/e28068940000500386620d4f, 83
1652704274.277317, sdrt-health/mac:02010b41cdec/antenna/tag/e2806894000050038662194f, 94
1652704274.34858, sdrt-health/mac:02010b41cdec/antenna/tag/e2806894000050038661fd4f, 97
1652704274.348924, sdrt-health/mac:02010b41cdec/antenna/tag/e2806894000050038661fd4f, 97
1652704274.376832, sdrt-health/mac:02010b41cdec/antenna/tag/e2806894000050038662154f, 88
1652704274.42369, sdrt-health/mac:02010b41cdec/antenna/tag/e28068940000400386621d4f, 96
1652704274.457777, sdrt-health/mac:02010b41cdec/antenna/tag/e28068940000400386621d4f, 77
1652704274.501417, sdrt-health/mac:02010b41cdec/antenna/tag/e2806894000050038662154f, 85
1652704274.546484, sdrt-health/mac:02010b41cdec/antenna/tag/e28068940000500386620d4f, 83
1652704274.613488, sdrt-health/mac:02010b41cdec/antenna/tag/e2806894000050038662194f, 83
1652704274.613758, sdrt-health/mac:02010b41cdec/antenna/tag/e2806894000040038662114f, 93
1652704274.652134, sdrt-health/mac:02010b41cdec/antenna/tag/e2806894000050038662154f, 88
1652704274.705387, sdrt-health/mac:02010b41cdec/antenna/tag/e2806894000050038662154f, 85
1652704274.794174, sdrt-health/mac:02010b41cdec/antenna/tag/e28068940000500386620d4f, 97
1652704274.794852, sdrt-health/mac:02010b41cdec/antenna/tag/e28068940000500386620d4f, 83
1652704274.810697, sdrt-health/mac:02010b41cdec/antenna/tag/e28068940000500386620d4f, 97
1652704274.845743, sdrt-health/mac:02010b41cdec/antenna/tag/e28068940000400386621d4f, 96
1652704274.846082, sdrt-health/mac:02010b41cdec/antenna/tag/e28068940000500386620d4f, 83
1652704274.846339, sdrt-health/mac:02010b41cdec/antenna/tag/e2806894000050038662154f, 88
1652704274.867535, sdrt-health/mac:02010b41cdec/antenna/tag/e2806894000040038661f94f, 88
1652704274.933185, sdrt-health/mac:02010b41cdec/antenna/tag/e2806894000050038661fd4f, 83
1652704274.93372, sdrt-health/mac:02010b41cdec/antenna/tag/e28068940000500386620d4f, 83
1652704274.949009, sdrt-health/mac:02010b41cdec/antenna/tag/e28068940000400386621d4f, 96
1652704274.957087, sdrt-health/mac:02010b41cdec/antenna/tag/e28068940000500386620d4f, 83
1652704275.017791, sdrt-health/mac:02010b41cdec/antenna/tag/e2806894000050038661fd4f, 97
1652704275.06258, sdrt-health/mac:02010b41cdec/antenna/tag/e2806894000050038662154f, 88
1652704275.107341, sdrt-health/mac:02010b41cdec/antenna/tag/e2806894000050038661fd4f, 91
1652704275.15895, sdrt-health/mac:02010b41cdec/antenna/tag/e2806894000050038662154f, 85
1652704275.211355, sdrt-health/mac:02010b41cdec/antenna/tag/e2806894000050038662154f, 93
1652704275.211818, sdrt-health/mac:02010b41cdec/antenna/tag/e2806894000040038662054f, 84
1652704275.22662, sdrt-health/mac:02010b41cdec/antenna/tag/e2806894000040038662114f, 88
1652704275.257413, sdrt-health/mac:02010b41cdec/antenna/tag/e28068940000400386621d4f, 77
1652704275.257764, sdrt-health/mac:02010b41cdec/antenna/tag/e2806894000040038662054f, 94
1652704275.277177, sdrt-health/mac:02010b41cdec/antenna/tag/e2806894000050038662154f, 88
1652704275.308512, sdrt-health/mac:02010b41cdec/antenna/tag/e28068940000500386620d4f, 83
1652704275.308827, sdrt-health/mac:02010b41cdec/antenna/tag/e28068940000400386621d4f, 96
1652704275.325682, sdrt-health/mac:02010b41cdec/antenna/tag/e2806894000050038662154f, 85
1652704275.388211, sdrt-health/mac:02010b41cdec/antenna/tag/e28068940000400386621d4f, 96
1652704275.388542, sdrt-health/mac:02010b41cdec/antenna/tag/e2806894000050038662154f, 85
1652704275.417193, sdrt-health/mac:02010b41cdec/antenna/tag/e28068940000400386621d4f, 96
1652704275.461841, sdrt-health/mac:02010b41cdec/antenna/tag/e2806894000050038662194f, 81
1652704275.462268, sdrt-health/mac:02010b41cdec/antenna/tag/e2806894000050038661fd4f, 83
1652704275.506979, sdrt-health/mac:02010b41cdec/antenna/tag/e28068940000500386620d4f, 83
1652704275.583346, sdrt-health/mac:02010b41cdec/antenna/tag/e2806894000040038662054f, 88
1652704275.583792, sdrt-health/mac:02010b41cdec/antenna/tag/e28068940000500386620d4f, 83
1652704275.598521, sdrt-health/mac:02010b41cdec/antenna/tag/e2806894000050038662154f, 85
1652704275.636264, sdrt-health/mac:02010b41cdec/antenna/tag/e2806894000050038662154f, 88
1652704275.636817, sdrt-health/mac:02010b41cdec/antenna/tag/e2806894000040038662214f, 84
1652704275.667226, sdrt-health/mac:02010b41cdec/antenna/tag/e2806894000040038661f94f, 82
1652704275.667699, sdrt-health/mac:02010b41cdec/antenna/tag/e2806894000040038662214f, 83
1652704275.68524, sdrt-health/mac:02010b41cdec/antenna/tag/e28068940000400386621d4f, 77
1652704275.724766, sdrt-health/mac:02010b41cdec/antenna/tag/e2806894000040038662214f, 81
1652704275.773451, sdrt-health/mac:02010b41cdec/antenna/tag/e28068940000400386621d4f, 96
1652704275.817435, sdrt-health/mac:02010b41cdec/antenna/tag/e28068940000500386620d4f, 83
1652704275.879863, sdrt-health/mac:02010b41cdec/antenna/tag/e2806894000040038662114f, 88
1652704275.880316, sdrt-health/mac:02010b41cdec/antenna/tag/e2806894000050038662154f, 88
1652704275.917512, sdrt-health/mac:02010b41cdec/antenna/tag/e2806894000050038662194f, 81
1652704275.950896, sdrt-health/mac:02010b41cdec/antenna/tag/e28068940000500386620d4f, 97
1652704275.951168, sdrt-health/mac:02010b41cdec/antenna/tag/e2806894000050038662194f, 81
1652704275.967689, sdrt-health/mac:02010b41cdec/antenna/tag/e2806894000050038661fd4f, 83
1652704275.967899, sdrt-health/mac:02010b41cdec/antenna/tag/e28068940000400386621d4f, 77
1652704275.968024, sdrt-health/mac:02010b41cdec/antenna/tag/e2806894000050038662194f, 81
1652704276.028806, sdrt-health/mac:02010b41cdec/antenna/tag/e28068940000500386620d4f, 83
1652704276.057419, sdrt-health/mac:02010b41cdec/antenna/tag/e2806894000040038662114f, 85
1652704276.05938, sdrt-health/mac:02010b41cdec/antenna/tag/e2806894000040038662114f, 85
1652704276.101439, sdrt-health/mac:02010b41cdec/antenna/tag/e28068940000500386620d4f, 83
1652704276.154974, sdrt-health/mac:02010b41cdec/antenna/tag/e2806894000050038662154f, 88
1652704276.206283, sdrt-health/mac:02010b41cdec/antenna/tag/e28068940000400386621d4f, 77
1652704276.271769, sdrt-health/mac:02010b41cdec/antenna/tag/e2806894000050038662154f, 88
1652704276.272299, sdrt-health/mac:02010b41cdec/antenna/tag/e28068940000500386620d4f, 91
1652704276.272687, sdrt-health/mac:02010b41cdec/antenna/tag/e2806894000050038662194f, 81
1652704276.297021, sdrt-health/mac:02010b41cdec/antenna/tag/e2806894000040038661f94f, 81
1652704276.356748, sdrt-health/mac:02010b41cdec/antenna/tag/e28068940000500386620d4f, 97
1652704276.391335, sdrt-health/mac:02010b41cdec/antenna/tag/e2806894000040038662114f, 88
1652704276.391807, sdrt-health/mac:02010b41cdec/antenna/tag/e28068940000400386621d4f, 77
1652704276.413904, sdrt-health/mac:02010b41cdec/antenna/tag/e2806894000050038662154f, 85
1652704276.456675, sdrt-health/mac:02010b41cdec/antenna/tag/e2806894000040038662114f, 88
1652704276.45713, sdrt-health/mac:02010b41cdec/antenna/tag/e2806894000050038661fd4f, 83
1652704276.500953, sdrt-health/mac:02010b41cdec/antenna/tag/e2806894000050038662154f, 85
1652704276.547911, sdrt-health/mac:02010b41cdec/antenna/tag/e2806894000040038662054f, 94
1652704276.611947, sdrt-health/mac:02010b41cdec/antenna/tag/e2806894000050038662154f, 88
1652704276.612232, sdrt-health/mac:02010b41cdec/antenna/tag/e2806894000040038662114f, 88
1652704276.626627, sdrt-health/mac:02010b41cdec/antenna/tag/e2806894000050038662194f, 94
1652704276.636873, sdrt-health/mac:02010b41cdec/antenna/tag/e2806894000050038662194f, 81
1652704276.675884, sdrt-health/mac:02010b41cdec/antenna/tag/e2806894000050038661fd4f, 97
1652704276.733506, sdrt-health/mac:02010b41cdec/antenna/tag/e2806894000040038662054f, 81
1652704276.80155, sdrt-health/mac:02010b41cdec/antenna/tag/e2806894000040038662054f, 94
1652704276.802404, sdrt-health/mac:02010b41cdec/antenna/tag/e2806894000050038661fd4f, 83
1652704276.816387, sdrt-health/mac:02010b41cdec/antenna/tag/e2806894000040038662054f, 81
1652704276.837515, sdrt-health/mac:02010b41cdec/antenna/tag/e2806894000040038662114f, 88
1652704276.866089, sdrt-health/mac:02010b41cdec/antenna/tag/e2806894000050038661fd4f, 97
1652704276.866416, sdrt-health/mac:02010b41cdec/antenna/tag/e28068940000500386620d4f, 97
1652704276.880532, sdrt-health/mac:02010b41cdec/antenna/tag/e2806894000040038662054f, 94
1652704276.880821, sdrt-health/mac:02010b41cdec/antenna/tag/e2806894000050038661fd4f, 97
1652704276.918597, sdrt-health/mac:02010b41cdec/antenna/tag/e28068940000400386621d4f, 77
1652704276.957516, sdrt-health/mac:02010b41cdec/antenna/tag/e2806894000050038662154f, 87
1652704276.996836, sdrt-health/mac:02010b41cdec/antenna/tag/e28068940000500386620d4f, 83
1652704277.036674, sdrt-health/mac:02010b41cdec/antenna/tag/e2806894000050038661fd4f, 91
1652704277.077403, sdrt-health/mac:02010b41cdec/antenna/tag/e2806894000050038662194f, 88
1652704277.109517, sdrt-health/mac:02010b41cdec/antenna/tag/e2806894000040038662214f, 94
1652704277.109861, sdrt-health/mac:02010b41cdec/antenna/tag/e2806894000040038662114f, 88
1652704277.124393, sdrt-health/mac:02010b41cdec/antenna/tag/e2806894000040038662214f, 83
1652704277.124653, sdrt-health/mac:02010b41cdec/antenna/tag/e2806894000040038662214f, 94
1652704277.179684, sdrt-health/mac:02010b41cdec/antenna/tag/e2806894000050038661fd4f, 91
1652704277.227748, sdrt-health/mac:02010b41cdec/antenna/tag/e28068940000400386621d4f, 77
1652704277.267047, sdrt-health/mac:02010b41cdec/antenna/tag/e2806894000040038662114f, 93
1652704277.299077, sdrt-health/mac:02010b41cdec/antenna/tag/e2806894000050038662154f, 88
1652704277.299365, sdrt-health/mac:02010b41cdec/antenna/tag/e2806894000050038661fd4f, 97
1652704277.318056, sdrt-health/mac:02010b41cdec/antenna/tag/e2806894000040038661f94f, 81
1652704277.381083, sdrt-health/mac:02010b41cdec/antenna/tag/e2806894000040038662114f, 88
1652704277.427273, sdrt-health/mac:02010b41cdec/antenna/tag/e2806894000050038662154f, 85
1652704277.477955, sdrt-health/mac:02010b41cdec/antenna/tag/e2806894000050038662154f, 88
1652704277.532044, sdrt-health/mac:02010b41cdec/antenna/tag/e28068940000500386620d4f, 83
1652704277.532637, sdrt-health/mac:02010b41cdec/antenna/tag/e28068940000400386621d4f, 96
1652704277.547344, sdrt-health/mac:02010b41cdec/antenna/tag/e2806894000040038662114f, 88
1652704277.577785, sdrt-health/mac:02010b41cdec/antenna/tag/e2806894000050038661fd4f, 83
1652704277.578087, sdrt-health/mac:02010b41cdec/antenna/tag/e28068940000400386621d4f, 77
1652704277.59606, sdrt-health/mac:02010b41cdec/antenna/tag/e2806894000050038661fd4f, 97
1652704277.651833, sdrt-health/mac:02010b41cdec/antenna/tag/e2806894000040038662114f, 85
1652704277.652509, sdrt-health/mac:02010b41cdec/antenna/tag/e2806894000050038662194f, 83
1652704277.69404, sdrt-health/mac:02010b41cdec/antenna/tag/e2806894000050038661fd4f, 88
1652704277.736416, sdrt-health/mac:02010b41cdec/antenna/tag/e2806894000050038662154f, 88
1652704277.79636, sdrt-health/mac:02010b41cdec/antenna/tag/e2806894000040038662114f, 97
1652704277.796954, sdrt-health/mac:02010b41cdec/antenna/tag/e2806894000040038662114f, 85
1652704277.810155, sdrt-health/mac:02010b41cdec/antenna/tag/e2806894000050038662194f, 81
1652704277.826562, sdrt-health/mac:02010b41cdec/antenna/tag/e2806894000050038662194f, 83
1652704277.877421, sdrt-health/mac:02010b41cdec/antenna/tag/e2806894000040038661f94f, 94
1652704277.933155, sdrt-health/mac:02010b41cdec/antenna/tag/e2806894000040038662114f, 91
1652704277.933655, sdrt-health/mac:02010b41cdec/antenna/tag/e28068940000500386620d4f, 83
1652704277.957017, sdrt-health/mac:02010b41cdec/antenna/tag/e2806894000050038662194f, 88
1652704278.01606, sdrt-health/mac:02010b41cdec/antenna/tag/e2806894000050038662194f, 83
1652704278.100722, sdrt-health/mac:02010b41cdec/antenna/tag/e28068940000400386621d4f, 77
1652704278.138181, sdrt-health/mac:02010b41cdec/antenna/tag/e28068940000400386621d4f, 77
1652704278.18123, sdrt-health/mac:02010b41cdec/antenna/tag/e2806894000050038661fd4f, 97
1652704278.231643, sdrt-health/mac:02010b41cdec/antenna/tag/e28068940000400386621d4f, 77
1652704278.232017, sdrt-health/mac:02010b41cdec/antenna/tag/e28068940000500386620d4f, 91
1652704278.261659, sdrt-health/mac:02010b41cdec/antenna/tag/e2806894000040038662054f, 84
1652704278.31763, sdrt-health/mac:02010b41cdec/antenna/tag/e2806894000050038662154f, 85
1652704278.347702, sdrt-health/mac:02010b41cdec/antenna/tag/e2806894000050038661fd4f, 91
1652704278.347988, sdrt-health/mac:02010b41cdec/antenna/tag/e2806894000040038661f94f, 84
1652704278.348217, sdrt-health/mac:02010b41cdec/antenna/tag/e2806894000040038661f94f, 88
1652704278.364774, sdrt-health/mac:02010b41cdec/antenna/tag/e2806894000040038662114f, 85
1652704278.364947, sdrt-health/mac:02010b41cdec/antenna/tag/e2806894000050038662154f, 85
1652704278.365075, sdrt-health/mac:02010b41cdec/antenna/tag/e28068940000400386621d4f, 77
1652704278.412987, sdrt-health/mac:02010b41cdec/antenna/tag/e28068940000500386620d4f, 83
1652704278.481569, sdrt-health/mac:02010b41cdec/antenna/tag/e2806894000050038661fd4f, 97
1652704278.482133, sdrt-health/mac:02010b41cdec/antenna/tag/e28068940000400386621d4f, 77
1652704278.499393, sdrt-health/mac:02010b41cdec/antenna/tag/e2806894000040038662114f, 85
1652704278.518091, sdrt-health/mac:02010b41cdec/antenna/tag/e2806894000040038662214f, 82
1652704278.548756, sdrt-health/mac:02010b41cdec/antenna/tag/e2806894000050038662194f, 94
1652704278.549144, sdrt-health/mac:02010b41cdec/antenna/tag/e2806894000050038661fd4f, 97
1652704278.565541, sdrt-health/mac:02010b41cdec/antenna/tag/e2806894000040038662114f, 85
1652704278.59859, sdrt-health/mac:02010b41cdec/antenna/tag/e2806894000050038661fd4f, 91
1652704278.637152, sdrt-health/mac:02010b41cdec/antenna/tag/e28068940000400386621d4f, 77
1652704278.637524, sdrt-health/mac:02010b41cdec/antenna/tag/e28068940000400386621d4f, 77
1652704278.65272, sdrt-health/mac:02010b41cdec/antenna/tag/e2806894000050038661fd4f, 88
1652704278.678597, sdrt-health/mac:02010b41cdec/antenna/tag/e2806894000050038662154f, 91
1652704278.719197, sdrt-health/mac:02010b41cdec/antenna/tag/e2806894000050038662154f, 91
1652704278.776661, sdrt-health/mac:02010b41cdec/antenna/tag/e28068940000400386621d4f, 77
1652704278.822013, sdrt-health/mac:02010b41cdec/antenna/tag/e2806894000050038662194f, 81
1652704278.893365, sdrt-health/mac:02010b41cdec/antenna/tag/e28068940000400386621d4f, 77
1652704278.893875, sdrt-health/mac:02010b41cdec/antenna/tag/e2806894000050038662154f, 85
1652704278.909353, sdrt-health/mac:02010b41cdec/antenna/tag/e2806894000040038662054f, 84
1652704278.917242, sdrt-health/mac:02010b41cdec/antenna/tag/e2806894000050038661fd4f, 83
1652704278.958354, sdrt-health/mac:02010b41cdec/antenna/tag/e28068940000500386620d4f, 83
1652704278.997036, sdrt-health/mac:02010b41cdec/antenna/tag/e28068940000500386620d4f, 83
1652704279.038361, sdrt-health/mac:02010b41cdec/antenna/tag/e2806894000040038662114f, 88
1652704279.077485, sdrt-health/mac:02010b41cdec/antenna/tag/e2806894000040038662114f, 88
1652704279.133426, sdrt-health/mac:02010b41cdec/antenna/tag/e2806894000050038662154f, 85
1652704279.177757, sdrt-health/mac:02010b41cdec/antenna/tag/e2806894000050038662154f, 93
1652704279.230445, sdrt-health/mac:02010b41cdec/antenna/tag/e28068940000500386620d4f, 83
1652704279.283277, sdrt-health/mac:02010b41cdec/antenna/tag/e2806894000050038662154f, 93
1652704279.283615, sdrt-health/mac:02010b41cdec/antenna/tag/e2806894000050038661fd4f, 97
1652704279.317488, sdrt-health/mac:02010b41cdec/antenna/tag/e28068940000400386621d4f, 96
1652704279.45573, sdrt-health/mac:02010b41cdec/antenna/tag/e2806894000050038661fd4f, 97
1652704279.51747, sdrt-health/mac:02010b41cdec/antenna/tag/e2806894000050038662194f, 81
1652704279.556619, sdrt-health/mac:02010b41cdec/antenna/tag/e2806894000050038662154f, 93
1652704279.59726, sdrt-health/mac:02010b41cdec/antenna/tag/e2806894000050038662154f, 88
1652704279.677585, sdrt-health/mac:02010b41cdec/antenna/tag/e28068940000400386621d4f, 77
1652704279.727126, sdrt-health/mac:02010b41cdec/antenna/tag/e28068940000400386621d4f, 77
1652704279.773407, sdrt-health/mac:02010b41cdec/antenna/tag/e28068940000400386621d4f, 77
1652704279.819171, sdrt-health/mac:02010b41cdec/antenna/tag/e28068940000500386620d4f, 83
1652704279.861371, sdrt-health/mac:02010b41cdec/antenna/tag/e2806894000050038662194f, 94
1652704279.963923, sdrt-health/mac:02010b41cdec/antenna/tag/e2806894000040038662114f, 85
1652704279.964445, sdrt-health/mac:02010b41cdec/antenna/tag/e2806894000050038662154f, 88
1652704279.986606, sdrt-health/mac:02010b41cdec/antenna/tag/e2806894000040038662114f, 93
1652704279.987223, sdrt-health/mac:02010b41cdec/antenna/tag/e28068940000500386620d4f, 83
1652704280.037225, sdrt-health/mac:02010b41cdec/antenna/tag/e2806894000050038661fd4f, 91
1652704280.077019, sdrt-health/mac:02010b41cdec/antenna/tag/e2806894000050038662194f, 81
1652704280.117908, sdrt-health/mac:02010b41cdec/antenna/tag/e2806894000050038661fd4f, 91
1652704280.180917, sdrt-health/mac:02010b41cdec/antenna/tag/e2806894000050038662154f, 88
1652704280.224528, sdrt-health/mac:02010b41cdec/antenna/tag/e28068940000400386621d4f, 96
1652704280.225046, sdrt-health/mac:02010b41cdec/antenna/tag/e2806894000040038662054f, 94
1652704280.240333, sdrt-health/mac:02010b41cdec/antenna/tag/e28068940000500386620d4f, 83
1652704280.276077, sdrt-health/mac:02010b41cdec/antenna/tag/e2806894000050038662154f, 88
1652704280.316158, sdrt-health/mac:02010b41cdec/antenna/tag/e2806894000040038662054f, 81
1652704280.385754, sdrt-health/mac:02010b41cdec/antenna/tag/e2806894000050038662194f, 84
1652704280.386259, sdrt-health/mac:02010b41cdec/antenna/tag/e2806894000050038661fd4f, 97
1652704280.40089, sdrt-health/mac:02010b41cdec/antenna/tag/e2806894000050038662154f, 88
1652704280.422667, sdrt-health/mac:02010b41cdec/antenna/tag/e2806894000050038662194f, 82
1652704280.492186, sdrt-health/mac:02010b41cdec/antenna/tag/e2806894000050038662154f, 85
1652704280.492651, sdrt-health/mac:02010b41cdec/antenna/tag/e2806894000050038662154f, 85
1652704280.507451, sdrt-health/mac:02010b41cdec/antenna/tag/e2806894000040038662114f, 91
1652704280.507877, sdrt-health/mac:02010b41cdec/antenna/tag/e2806894000050038662154f, 91
1652704280.581846, sdrt-health/mac:02010b41cdec/antenna/tag/e28068940000500386620d4f, 97
1652704280.618722, sdrt-health/mac:02010b41cdec/antenna/tag/e2806894000050038661fd4f, 97
1652704280.677697, sdrt-health/mac:02010b41cdec/antenna/tag/e2806894000040038662114f, 85
1652704280.678242, sdrt-health/mac:02010b41cdec/antenna/tag/e28068940000500386620d4f, 97
1652704280.706397, sdrt-health/mac:02010b41cdec/antenna/tag/e28068940000500386620d4f, 83
1652704280.758138, sdrt-health/mac:02010b41cdec/antenna/tag/e2806894000050038662194f, 94
1652704280.798034, sdrt-health/mac:02010b41cdec/antenna/tag/e2806894000050038662154f, 93
1652704280.855772, sdrt-health/mac:02010b41cdec/antenna/tag/e2806894000040038662114f, 85
1652704280.923011, sdrt-health/mac:02010b41cdec/antenna/tag/e2806894000050038662194f, 94
1652704280.923525, sdrt-health/mac:02010b41cdec/antenna/tag/e28068940000500386620d4f, 83
1652704280.937835, sdrt-health/mac:02010b41cdec/antenna/tag/e28068940000500386620d4f, 97
1652704280.96758, sdrt-health/mac:02010b41cdec/antenna/tag/e2806894000050038661fd4f, 91
1652704280.967917, sdrt-health/mac:02010b41cdec/antenna/tag/e28068940000500386620d4f, 97
1652704280.96812, sdrt-health/mac:02010b41cdec/antenna/tag/e2806894000050038662194f, 93
1652704281.010469, sdrt-health/mac:02010b41cdec/antenna/tag/e28068940000500386620d4f, 83
1652704281.068837, sdrt-health/mac:02010b41cdec/antenna/tag/e28068940000400386621d4f, 77
1652704281.069502, sdrt-health/mac:02010b41cdec/antenna/tag/e2806894000040038662114f, 85
1652704281.083621, sdrt-health/mac:02010b41cdec/antenna/tag/e28068940000500386620d4f, 86
1652704281.08413, sdrt-health/mac:02010b41cdec/antenna/tag/e28068940000500386620d4f, 83
1652704281.09713, sdrt-health/mac:02010b41cdec/antenna/tag/e28068940000500386620d4f, 83
1652704281.099695, sdrt-health/mac:02010b41cdec/antenna/tag/e28068940000500386620d4f, 97
1652704281.139494, sdrt-health/mac:02010b41cdec/antenna/tag/e2806894000040038662114f, 85
1652704281.196978, sdrt-health/mac:02010b41cdec/antenna/tag/e2806894000040038661f94f, 81
1652704281.257495, sdrt-health/mac:02010b41cdec/antenna/tag/e28068940000400386621d4f, 96
1652704281.301586, sdrt-health/mac:02010b41cdec/antenna/tag/e28068940000400386621d4f, 96
1652704281.34843, sdrt-health/mac:02010b41cdec/antenna/tag/e2806894000040038662114f, 88
1652704281.397722, sdrt-health/mac:02010b41cdec/antenna/tag/e2806894000040038661f94f, 81
1652704281.454284, sdrt-health/mac:02010b41cdec/antenna/tag/e28068940000500386620d4f, 83
1652704281.454815, sdrt-health/mac:02010b41cdec/antenna/tag/e2806894000050038662154f, 88
1652704281.455183, sdrt-health/mac:02010b41cdec/antenna/tag/e28068940000400386621d4f, 96
1652704281.477047, sdrt-health/mac:02010b41cdec/antenna/tag/e2806894000040038662114f, 85
1652704281.53337, sdrt-health/mac:02010b41cdec/antenna/tag/e2806894000040038662114f, 85
1652704281.612238, sdrt-health/mac:02010b41cdec/antenna/tag/e2806894000040038662214f, 94
1652704281.657501, sdrt-health/mac:02010b41cdec/antenna/tag/e28068940000400386621d4f, 77
1652704281.732456, sdrt-health/mac:02010b41cdec/antenna/tag/e28068940000500386620d4f, 97
1652704281.732914, sdrt-health/mac:02010b41cdec/antenna/tag/e2806894000040038662114f, 88
1652704281.753643, sdrt-health/mac:02010b41cdec/antenna/tag/e2806894000040038662114f, 85
1652704281.797554, sdrt-health/mac:02010b41cdec/antenna/tag/e28068940000500386620d4f, 83
1652704281.862757, sdrt-health/mac:02010b41cdec/antenna/tag/e28068940000400386621d4f, 96
1652704281.906845, sdrt-health/mac:02010b41cdec/antenna/tag/e28068940000400386621d4f, 96
1652704281.957142, sdrt-health/mac:02010b41cdec/antenna/tag/e2806894000050038661fd4f, 83
1652704281.995892, sdrt-health/mac:02010b41cdec/antenna/tag/e2806894000040038662054f, 81
1652704281.996301, sdrt-health/mac:02010b41cdec/antenna/tag/e2806894000050038661fd4f, 83
1652704282.010029, sdrt-health/mac:02010b41cdec/antenna/tag/e2806894000040038662114f, 88
1652704282.03733, sdrt-health/mac:02010b41cdec/antenna/tag/e2806894000050038661fd4f, 97
1652704282.080192, sdrt-health/mac:02010b41cdec/antenna/tag/e28068940000500386620d4f, 83
1652704282.132632, sdrt-health/mac:02010b41cdec/antenna/tag/e28068940000400386621d4f, 96
1652704282.132977, sdrt-health/mac:02010b41cdec/antenna/tag/e2806894000040038662054f, 82
1652704282.198057, sdrt-health/mac:02010b41cdec/antenna/tag/e2806894000050038662154f, 93
1652704282.237212, sdrt-health/mac:02010b41cdec/antenna/tag/e2806894000050038661fd4f, 97
1652704282.277763, sdrt-health/mac:02010b41cdec/antenna/tag/e2806894000050038662194f, 84
1652704282.316744, sdrt-health/mac:02010b41cdec/antenna/tag/e28068940000400386621d4f, 77
1652704282.357305, sdrt-health/mac:02010b41cdec/antenna/tag/e28068940000400386621d4f, 96
1652704282.398048, sdrt-health/mac:02010b41cdec/antenna/tag/e28068940000400386621d4f, 96
1652704282.452524, sdrt-health/mac:02010b41cdec/antenna/tag/e28068940000500386620d4f, 97
1652704282.452918, sdrt-health/mac:02010b41cdec/antenna/tag/e2806894000050038662154f, 91
1652704282.476911, sdrt-health/mac:02010b41cdec/antenna/tag/e2806894000050038662194f, 81
1652704282.516926, sdrt-health/mac:02010b41cdec/antenna/tag/e2806894000040038662214f, 81
1652704282.55812, sdrt-health/mac:02010b41cdec/antenna/tag/e28068940000500386620d4f, 83
1652704282.62304, sdrt-health/mac:02010b41cdec/antenna/tag/e2806894000040038662214f, 84
1652704282.623455, sdrt-health/mac:02010b41cdec/antenna/tag/e2806894000040038662214f, 94
1652704282.652683, sdrt-health/mac:02010b41cdec/antenna/tag/e2806894000050038662154f, 88
1652704282.711878, sdrt-health/mac:02010b41cdec/antenna/tag/e2806894000050038662194f, 81
1652704282.712392, sdrt-health/mac:02010b41cdec/antenna/tag/e2806894000050038662154f, 88
1652704282.726982, sdrt-health/mac:02010b41cdec/antenna/tag/e2806894000050038661fd4f, 83
1652704282.787335, sdrt-health/mac:02010b41cdec/antenna/tag/e28068940000400386621d4f, 77
1652704282.837074, sdrt-health/mac:02010b41cdec/antenna/tag/e2806894000050038662154f, 88
1652704282.917394, sdrt-health/mac:02010b41cdec/antenna/tag/e2806894000040038662114f, 88
1652704282.917948, sdrt-health/mac:02010b41cdec/antenna/tag/e2806894000040038662114f, 93
1652704282.932525, sdrt-health/mac:02010b41cdec/antenna/tag/e2806894000040038662054f, 88
1652704282.95599, sdrt-health/mac:02010b41cdec/antenna/tag/e28068940000500386620d4f, 83
1652704283.012222, sdrt-health/mac:02010b41cdec/antenna/tag/e28068940000400386621d4f, 96
1652704283.012602, sdrt-health/mac:02010b41cdec/antenna/tag/e2806894000050038661fd4f, 83
1652704283.029391, sdrt-health/mac:02010b41cdec/antenna/tag/e2806894000050038661fd4f, 97
1652704283.060196, sdrt-health/mac:02010b41cdec/antenna/tag/e28068940000500386620d4f, 83
1652704283.060633, sdrt-health/mac:02010b41cdec/antenna/tag/e2806894000050038661fd4f, 91
1652704283.060917, sdrt-health/mac:02010b41cdec/antenna/tag/e28068940000500386620d4f, 83
1652704283.077128, sdrt-health/mac:02010b41cdec/antenna/tag/e2806894000050038662194f, 94
1652704283.132367, sdrt-health/mac:02010b41cdec/antenna/tag/e2806894000050038662154f, 85
1652704283.132829, sdrt-health/mac:02010b41cdec/antenna/tag/e2806894000040038662114f, 85
1652704283.14684, sdrt-health/mac:02010b41cdec/antenna/tag/e2806894000050038661fd4f, 88
1652704283.156734, sdrt-health/mac:02010b41cdec/antenna/tag/e2806894000040038662054f, 84
1652704283.197892, sdrt-health/mac:02010b41cdec/antenna/tag/e28068940000400386621d4f, 96
1652704283.252342, sdrt-health/mac:02010b41cdec/antenna/tag/e2806894000040038662114f, 85
1652704283.252906, sdrt-health/mac:02010b41cdec/antenna/tag/e28068940000500386620d4f, 83
1652704283.26765, sdrt-health/mac:02010b41cdec/antenna/tag/e2806894000050038662154f, 88
1652704283.30222, sdrt-health/mac:02010b41cdec/antenna/tag/e28068940000500386620d4f, 83
1652704283.346366, sdrt-health/mac:02010b41cdec/antenna/tag/e2806894000040038662114f, 88
1652704283.37914, sdrt-health/mac:02010b41cdec/antenna/tag/e2806894000050038661fd4f, 83
1652704283.379466, sdrt-health/mac:02010b41cdec/antenna/tag/e28068940000500386620d4f, 97
1652704283.379668, sdrt-health/mac:02010b41cdec/antenna/tag/e2806894000050038662154f, 88
1652704283.397113, sdrt-health/mac:02010b41cdec/antenna/tag/e2806894000040038662054f, 84
1652704283.454663, sdrt-health/mac:02010b41cdec/antenna/tag/e2806894000050038662194f, 103
1652704283.455206, sdrt-health/mac:02010b41cdec/antenna/tag/e2806894000050038662194f, 82
1652704283.470192, sdrt-health/mac:02010b41cdec/antenna/tag/e2806894000040038662214f, 82
1652704283.497228, sdrt-health/mac:02010b41cdec/antenna/tag/e2806894000050038662194f, 88
1652704283.540588, sdrt-health/mac:02010b41cdec/antenna/tag/e2806894000040038662114f, 85
1652704283.58784, sdrt-health/mac:02010b41cdec/antenna/tag/e2806894000050038662154f, 93
1652704283.653593, sdrt-health/mac:02010b41cdec/antenna/tag/e2806894000050038661fd4f, 88
1652704283.654076, sdrt-health/mac:02010b41cdec/antenna/tag/e2806894000040038662114f, 85
1652704283.668374, sdrt-health/mac:02010b41cdec/antenna/tag/e2806894000040038662214f, 94
1652704283.676769, sdrt-health/mac:02010b41cdec/antenna/tag/e28068940000400386621d4f, 77
1652704283.782525, sdrt-health/mac:02010b41cdec/antenna/tag/e28068940000400386621d4f, 77
1652704283.82808, sdrt-health/mac:02010b41cdec/antenna/tag/e28068940000400386621d4f, 96
1652704283.892955, sdrt-health/mac:02010b41cdec/antenna/tag/e2806894000040038661f94f, 84
1652704283.893501, sdrt-health/mac:02010b41cdec/antenna/tag/e2806894000050038662154f, 88
1652704283.909178, sdrt-health/mac:02010b41cdec/antenna/tag/e28068940000500386620d4f, 83
1652704283.940177, sdrt-health/mac:02010b41cdec/antenna/tag/e2806894000050038661fd4f, 83
1652704283.940598, sdrt-health/mac:02010b41cdec/antenna/tag/e2806894000040038662114f, 85
1652704283.940871, sdrt-health/mac:02010b41cdec/antenna/tag/e2806894000040038662114f, 88
1652704283.956875, sdrt-health/mac:02010b41cdec/antenna/tag/e2806894000040038662114f, 91
1652704283.996444, sdrt-health/mac:02010b41cdec/antenna/tag/e28068940000400386621d4f, 77
1652704284.107514, sdrt-health/mac:02010b41cdec/antenna/tag/e2806894000050038662194f, 81
1652704284.107967, sdrt-health/mac:02010b41cdec/antenna/tag/e2806894000050038661fd4f, 91
1652704284.145501, sdrt-health/mac:02010b41cdec/antenna/tag/e2806894000050038662194f, 94
1652704284.236724, sdrt-health/mac:02010b41cdec/antenna/tag/e28068940000500386620d4f, 97
1652704284.277777, sdrt-health/mac:02010b41cdec/antenna/tag/e2806894000050038662194f, 81
1652704284.308884, sdrt-health/mac:02010b41cdec/antenna/tag/e2806894000050038661fd4f, 83
1652704284.309256, sdrt-health/mac:02010b41cdec/antenna/tag/e2806894000040038662114f, 91
1652704284.324534, sdrt-health/mac:02010b41cdec/antenna/tag/e2806894000050038661fd4f, 97
1652704284.377434, sdrt-health/mac:02010b41cdec/antenna/tag/e28068940000400386621d4f, 96
1652704284.421405, sdrt-health/mac:02010b41cdec/antenna/tag/e28068940000500386620d4f, 83
1652704284.474599, sdrt-health/mac:02010b41cdec/antenna/tag/e2806894000040038662114f, 88
1652704284.475138, sdrt-health/mac:02010b41cdec/antenna/tag/e2806894000050038662154f, 85
1652704284.501415, sdrt-health/mac:02010b41cdec/antenna/tag/e2806894000050038661fd4f, 91
1652704284.537513, sdrt-health/mac:02010b41cdec/antenna/tag/e2806894000040038662114f, 85
1652704284.634082, sdrt-health/mac:02010b41cdec/antenna/tag/e28068940000400386621d4f, 77
1652704284.634614, sdrt-health/mac:02010b41cdec/antenna/tag/e2806894000040038662114f, 91
1652704284.663061, sdrt-health/mac:02010b41cdec/antenna/tag/e2806894000050038662154f, 88
1652704284.716408, sdrt-health/mac:02010b41cdec/antenna/tag/e2806894000050038661fd4f, 83
1652704284.716972, sdrt-health/mac:02010b41cdec/antenna/tag/e2806894000050038662154f, 85
1652704284.741688, sdrt-health/mac:02010b41cdec/antenna/tag/e28068940000500386620d4f, 97
1652704284.787351, sdrt-health/mac:02010b41cdec/antenna/tag/e2806894000050038661fd4f, 97
1652704284.840267, sdrt-health/mac:02010b41cdec/antenna/tag/e2806894000040038662214f, 81
1652704284.894376, sdrt-health/mac:02010b41cdec/antenna/tag/e28068940000400386621d4f, 77
1652704284.928458, sdrt-health/mac:02010b41cdec/antenna/tag/e2806894000040038662054f, 84
1652704284.928693, sdrt-health/mac:02010b41cdec/antenna/tag/e2806894000050038662154f, 88
1652704284.944686, sdrt-health/mac:02010b41cdec/antenna/tag/e2806894000050038662194f, 81
1652704284.981176, sdrt-health/mac:02010b41cdec/antenna/tag/e2806894000050038662194f, 84
1652704285.01781, sdrt-health/mac:02010b41cdec/antenna/tag/e2806894000040038662114f, 85
1652704285.078348, sdrt-health/mac:02010b41cdec/antenna/tag/e2806894000050038661fd4f, 88
1652704285.07902, sdrt-health/mac:02010b41cdec/antenna/tag/e2806894000050038662154f, 85
1652704285.133405, sdrt-health/mac:02010b41cdec/antenna/tag/e28068940000500386620d4f, 83
1652704285.357308, sdrt-health/mac:02010b41cdec/antenna/tag/scan, scan stopped
