1652703951.972864, sdrt-health/mac:02010b41cdec/antenna/power/set, {"power": 300}
1652703953.042352, sdrt-health/mac:02010b41cdec/antenna/power/set, 
1652703956.994053, sdrt-health/mac:02010b41cdec/antenna/tag/scan, {"time": 20000}
1652703957.439077, sdrt-health/mac:02010b41cdec/antenna/tag/e2806894000050038662194f, 88
1652703957.479108, sdrt-health/mac:02010b41cdec/antenna/tag/e2806894000040038662054f, 88
1652703957.509208, sdrt-health/mac:02010b41cdec/antenna/tag/e2806894000040038662114f, 88
1652703957.50944, sdrt-health/mac:02010b41cdec/antenna/tag/e28068940000400386621d4f, 96
1652703957.5096, sdrt-health/mac:02010b41cdec/antenna/tag/e2806894000050038662194f, 84
1652703957.509782, sdrt-health/mac:02010b41cdec/antenna/tag/e2806894000040038662114f, 88
1652703957.525653, sdrt-health/mac:02010b41cdec/antenna/tag/e2806894000040038662054f, 88
1652703957.559385, sdrt-health/mac:02010b41cdec/antenna/tag/e28068940000500386620d4f, 83
1652703957.628875, sdrt-health/mac:02010b41cdec/antenna/tag/e2806894000050038661fd4f, 91
1652703957.669362, sdrt-health/mac:02010b41cdec/antenna/tag/e28068940000500386620d4f, 91
1652703957.728528, sdrt-health/mac:02010b41cdec/antenna/tag/e2806894000040038662114f, 88
1652703957.790657, sdrt-health/mac:02010b41cdec/antenna/tag/e2806894000040038662214f, 81
1652703957.791044, sdrt-health/mac:02010b41cdec/antenna/tag/e2806894000040038662114f, 85
1652703957.805337, sdrt-health/mac:02010b41cdec/antenna/tag/e2806894000050038661fd4f, 83
1652703957.818089, sdrt-health/mac:02010b41cdec/antenna/tag/e28068940000400386621d4f, 96
1652703957.820166, sdrt-health/mac:02010b41cdec/antenna/tag/e2806894000040038662114f, 85
1652703957.862558, sdrt-health/mac:02010b41cdec/antenna/tag/e28068940000500386620d4f, 97
1652703957.908975, sdrt-health/mac:02010b41cdec/antenna/tag/e2806894000050038662194f, 94
1652703957.958823, sdrt-health/mac:02010b41cdec/antenna/tag/e28068940000400386621d4f, 96
1652703957.998511, sdrt-health/mac:02010b41cdec/antenna/tag/e2806894000050038661fd4f, 97
1652703958.060447, sdrt-health/mac:02010b41cdec/antenna/tag/e2806894000050038662154f, 91
1652703958.060666, sdrt-health/mac:02010b41cdec/antenna/tag/e2806894000040038661f94f, 84
1652703958.078903, sdrt-health/mac:02010b41cdec/antenna/tag/e2806894000050038662154f, 85
1652703958.109852, sdrt-health/mac:02010b41cdec/antenna/tag/e28068940000500386620d4f, 97
1652703958.110266, sdrt-health/mac:02010b41cdec/antenna/tag/e2806894000050038661fd4f, 83
1652703958.110611, sdrt-health/mac:02010b41cdec/antenna/tag/e2806894000040038662114f, 88
1652703958.128887, sdrt-health/mac:02010b41cdec/antenna/tag/e2806894000050038661fd4f, 91
1652703958.129216, sdrt-health/mac:02010b41cdec/antenna/tag/e2806894000040038662114f, 88
1652703958.209723, sdrt-health/mac:02010b41cdec/antenna/tag/e2806894000040038662114f, 85
1652703958.318651, sdrt-health/mac:02010b41cdec/antenna/tag/e2806894000050038662154f, 85
1652703958.379613, sdrt-health/mac:02010b41cdec/antenna/tag/e28068940000500386620d4f, 97
1652703958.410595, sdrt-health/mac:02010b41cdec/antenna/tag/e2806894000050038661fd4f, 83
1652703958.410941, sdrt-health/mac:02010b41cdec/antenna/tag/e2806894000040038662114f, 85
1652703958.411194, sdrt-health/mac:02010b41cdec/antenna/tag/e28068940000400386621d4f, 96
1652703958.441628, sdrt-health/mac:02010b41cdec/antenna/tag/e28068940000400386621d4f, 96
1652703958.494974, sdrt-health/mac:02010b41cdec/antenna/tag/e28068940000500386620d4f, 83
1652703958.554307, sdrt-health/mac:02010b41cdec/antenna/tag/e2806894000050038662154f, 88
1652703958.554788, sdrt-health/mac:02010b41cdec/antenna/tag/e2806894000050038661fd4f, 83
1652703958.582827, sdrt-health/mac:02010b41cdec/antenna/tag/e28068940000500386620d4f, 83
1652703958.615118, sdrt-health/mac:02010b41cdec/antenna/tag/e28068940000400386621d4f, 77
1652703958.615323, sdrt-health/mac:02010b41cdec/antenna/tag/e2806894000050038662154f, 93
1652703958.629995, sdrt-health/mac:02010b41cdec/antenna/tag/e28068940000500386620d4f, 86
1652703958.630211, sdrt-health/mac:02010b41cdec/antenna/tag/e2806894000050038662154f, 85
1652703958.678723, sdrt-health/mac:02010b41cdec/antenna/tag/e2806894000050038662154f, 85
1652703958.711243, sdrt-health/mac:02010b41cdec/antenna/tag/e28068940000500386620d4f, 83
1652703958.711493, sdrt-health/mac:02010b41cdec/antenna/tag/e2806894000040038662114f, 85
1652703958.735646, sdrt-health/mac:02010b41cdec/antenna/tag/e2806894000050038662154f, 91
1652703958.794106, sdrt-health/mac:02010b41cdec/antenna/tag/e28068940000400386621d4f, 96
1652703958.794307, sdrt-health/mac:02010b41cdec/antenna/tag/e28068940000500386620d4f, 97
1652703958.810878, sdrt-health/mac:02010b41cdec/antenna/tag/e28068940000500386620d4f, 97
1652703958.83826, sdrt-health/mac:02010b41cdec/antenna/tag/e2806894000050038661fd4f, 97
1652703958.894183, sdrt-health/mac:02010b41cdec/antenna/tag/e28068940000400386621d4f, 96
1652703958.894615, sdrt-health/mac:02010b41cdec/antenna/tag/e2806894000050038661fd4f, 83
1652703958.910349, sdrt-health/mac:02010b41cdec/antenna/tag/e2806894000050038662154f, 88
1652703958.918889, sdrt-health/mac:02010b41cdec/antenna/tag/e28068940000500386620d4f, 97
1652703958.958944, sdrt-health/mac:02010b41cdec/antenna/tag/e2806894000050038662194f, 94
1652703958.998918, sdrt-health/mac:02010b41cdec/antenna/tag/e28068940000400386621d4f, 77
1652703959.038923, sdrt-health/mac:02010b41cdec/antenna/tag/e2806894000050038662154f, 87
1652703959.079842, sdrt-health/mac:02010b41cdec/antenna/tag/e28068940000500386620d4f, 97
1652703959.119568, sdrt-health/mac:02010b41cdec/antenna/tag/e2806894000050038661fd4f, 97
1652703959.158769, sdrt-health/mac:02010b41cdec/antenna/tag/e28068940000500386620d4f, 83
1652703959.238952, sdrt-health/mac:02010b41cdec/antenna/tag/e2806894000040038662214f, 94
1652703959.239495, sdrt-health/mac:02010b41cdec/antenna/tag/e2806894000050038661fd4f, 83
1652703959.268053, sdrt-health/mac:02010b41cdec/antenna/tag/e28068940000400386621d4f, 77
1652703959.322826, sdrt-health/mac:02010b41cdec/antenna/tag/e2806894000050038661fd4f, 83
1652703959.375915, sdrt-health/mac:02010b41cdec/antenna/tag/e2806894000050038661fd4f, 97
1652703959.407326, sdrt-health/mac:02010b41cdec/antenna/tag/e28068940000400386621d4f, 96
1652703959.407719, sdrt-health/mac:02010b41cdec/antenna/tag/e2806894000040038662114f, 85
1652703959.429686, sdrt-health/mac:02010b41cdec/antenna/tag/e2806894000040038661f94f, 81
1652703959.479055, sdrt-health/mac:02010b41cdec/antenna/tag/e2806894000050038661fd4f, 83
1652703959.615534, sdrt-health/mac:02010b41cdec/antenna/tag/e28068940000400386621d4f, 77
1652703959.657975, sdrt-health/mac:02010b41cdec/antenna/tag/e28068940000500386620d4f, 83
1652703959.689818, sdrt-health/mac:02010b41cdec/antenna/tag/e2806894000050038662194f, 82
1652703959.690087, sdrt-health/mac:02010b41cdec/antenna/tag/e2806894000050038661fd4f, 97
1652703959.690308, sdrt-health/mac:02010b41cdec/antenna/tag/e28068940000400386621d4f, 77
1652703959.770502, sdrt-health/mac:02010b41cdec/antenna/tag/e2806894000050038662154f, 93
1652703959.820268, sdrt-health/mac:02010b41cdec/antenna/tag/e28068940000500386620d4f, 83
1652703959.877828, sdrt-health/mac:02010b41cdec/antenna/tag/e2806894000050038661fd4f, 83
1652703959.878109, sdrt-health/mac:02010b41cdec/antenna/tag/e28068940000500386620d4f, 83
1652703959.898834, sdrt-health/mac:02010b41cdec/antenna/tag/e28068940000500386620d4f, 83
1652703959.957834, sdrt-health/mac:02010b41cdec/antenna/tag/e2806894000050038662154f, 85
1652703959.958143, sdrt-health/mac:02010b41cdec/antenna/tag/e2806894000040038662114f, 88
1652703960.028945, sdrt-health/mac:02010b41cdec/antenna/tag/e2806894000050038662194f, 81
1652703960.068262, sdrt-health/mac:02010b41cdec/antenna/tag/e28068940000500386620d4f, 83
1652703960.117196, sdrt-health/mac:02010b41cdec/antenna/tag/e28068940000400386621d4f, 77
1652703960.15812, sdrt-health/mac:02010b41cdec/antenna/tag/e2806894000050038662154f, 88
1652703960.197854, sdrt-health/mac:02010b41cdec/antenna/tag/e2806894000040038662114f, 88
1652703960.227691, sdrt-health/mac:02010b41cdec/antenna/tag/e28068940000500386620d4f, 83
1652703960.227955, sdrt-health/mac:02010b41cdec/antenna/tag/e2806894000050038661fd4f, 83
1652703960.243054, sdrt-health/mac:02010b41cdec/antenna/tag/e2806894000040038661f94f, 84
1652703960.288881, sdrt-health/mac:02010b41cdec/antenna/tag/e2806894000040038662054f, 82
1652703960.357191, sdrt-health/mac:02010b41cdec/antenna/tag/e2806894000050038661fd4f, 91
1652703960.357553, sdrt-health/mac:02010b41cdec/antenna/tag/e2806894000040038661f94f, 84
1652703960.371639, sdrt-health/mac:02010b41cdec/antenna/tag/e28068940000500386620d4f, 83
1652703960.371954, sdrt-health/mac:02010b41cdec/antenna/tag/e2806894000040038662114f, 88
1652703960.372129, sdrt-health/mac:02010b41cdec/antenna/tag/e2806894000050038661fd4f, 91
1652703960.387228, sdrt-health/mac:02010b41cdec/antenna/tag/e2806894000050038662154f, 85
1652703960.422375, sdrt-health/mac:02010b41cdec/antenna/tag/e2806894000050038662154f, 85
1652703960.457712, sdrt-health/mac:02010b41cdec/antenna/tag/e28068940000400386621d4f, 77
1652703960.501603, sdrt-health/mac:02010b41cdec/antenna/tag/e2806894000050038661fd4f, 91
1652703960.538505, sdrt-health/mac:02010b41cdec/antenna/tag/e2806894000040038662214f, 84
1652703960.595921, sdrt-health/mac:02010b41cdec/antenna/tag/e2806894000040038662114f, 85
1652703960.596207, sdrt-health/mac:02010b41cdec/antenna/tag/e2806894000040038662214f, 84
1652703960.596412, sdrt-health/mac:02010b41cdec/antenna/tag/e2806894000050038662194f, 88
1652703960.667921, sdrt-health/mac:02010b41cdec/antenna/tag/e2806894000050038662154f, 93
1652703960.708823, sdrt-health/mac:02010b41cdec/antenna/tag/e2806894000050038662154f, 85
1652703960.757735, sdrt-health/mac:02010b41cdec/antenna/tag/e2806894000040038662114f, 88
1652703960.758029, sdrt-health/mac:02010b41cdec/antenna/tag/e2806894000050038662194f, 94
1652703960.798452, sdrt-health/mac:02010b41cdec/antenna/tag/e28068940000500386620d4f, 83
1652703960.83757, sdrt-health/mac:02010b41cdec/antenna/tag/e28068940000400386621d4f, 77
1652703960.837915, sdrt-health/mac:02010b41cdec/antenna/tag/e2806894000050038662154f, 93
1652703960.892537, sdrt-health/mac:02010b41cdec/antenna/tag/e2806894000050038661fd4f, 91
1652703960.892879, sdrt-health/mac:02010b41cdec/antenna/tag/e2806894000040038662114f, 85
1652703960.91859, sdrt-health/mac:02010b41cdec/antenna/tag/e28068940000500386620d4f, 97
1652703960.947931, sdrt-health/mac:02010b41cdec/antenna/tag/e2806894000040038662054f, 94
1652703960.948194, sdrt-health/mac:02010b41cdec/antenna/tag/e2806894000040038662114f, 88
1652703960.973818, sdrt-health/mac:02010b41cdec/antenna/tag/e28068940000500386620d4f, 83
1652703961.003629, sdrt-health/mac:02010b41cdec/antenna/tag/e28068940000500386620d4f, 83
1652703961.003926, sdrt-health/mac:02010b41cdec/antenna/tag/e2806894000040038662054f, 94
1652703961.054581, sdrt-health/mac:02010b41cdec/antenna/tag/e2806894000050038662194f, 83
1652703961.098013, sdrt-health/mac:02010b41cdec/antenna/tag/e2806894000040038662114f, 88
1652703961.158125, sdrt-health/mac:02010b41cdec/antenna/tag/e2806894000050038662154f, 87
1652703961.199091, sdrt-health/mac:02010b41cdec/antenna/tag/e2806894000050038662194f, 88
1652703961.240126, sdrt-health/mac:02010b41cdec/antenna/tag/e28068940000400386621d4f, 77
1652703961.269573, sdrt-health/mac:02010b41cdec/antenna/tag/e2806894000050038662154f, 87
1652703961.269861, sdrt-health/mac:02010b41cdec/antenna/tag/e2806894000050038661fd4f, 91
1652703961.28415, sdrt-health/mac:02010b41cdec/antenna/tag/e28068940000500386620d4f, 83
1652703961.327502, sdrt-health/mac:02010b41cdec/antenna/tag/e28068940000500386620d4f, 83
1652703961.47068, sdrt-health/mac:02010b41cdec/antenna/tag/e28068940000400386621d4f, 96
1652703961.471051, sdrt-health/mac:02010b41cdec/antenna/tag/e2806894000050038662194f, 94
1652703961.534152, sdrt-health/mac:02010b41cdec/antenna/tag/e28068940000400386621d4f, 96
1652703961.535625, sdrt-health/mac:02010b41cdec/antenna/tag/e2806894000040038662114f, 91
1652703961.577893, sdrt-health/mac:02010b41cdec/antenna/tag/e2806894000050038662194f, 94
1652703961.637563, sdrt-health/mac:02010b41cdec/antenna/tag/e2806894000050038661fd4f, 91
1652703961.637859, sdrt-health/mac:02010b41cdec/antenna/tag/e2806894000050038662154f, 85
1652703961.653671, sdrt-health/mac:02010b41cdec/antenna/tag/e2806894000050038662154f, 85
1652703961.683439, sdrt-health/mac:02010b41cdec/antenna/tag/e2806894000040038662114f, 85
1652703961.683716, sdrt-health/mac:02010b41cdec/antenna/tag/e28068940000500386620d4f, 86
1652703961.717932, sdrt-health/mac:02010b41cdec/antenna/tag/e2806894000040038662054f, 81
1652703961.71816, sdrt-health/mac:02010b41cdec/antenna/tag/e28068940000400386621d4f, 96
1652703961.757497, sdrt-health/mac:02010b41cdec/antenna/tag/e2806894000050038661fd4f, 91
1652703961.807962, sdrt-health/mac:02010b41cdec/antenna/tag/e2806894000040038662114f, 85
1652703961.861004, sdrt-health/mac:02010b41cdec/antenna/tag/e2806894000040038662114f, 88
1652703961.908572, sdrt-health/mac:02010b41cdec/antenna/tag/e28068940000500386620d4f, 83
1652703961.972946, sdrt-health/mac:02010b41cdec/antenna/tag/e2806894000050038662154f, 93
1652703961.97315, sdrt-health/mac:02010b41cdec/antenna/tag/e2806894000050038662154f, 88
1652703961.989724, sdrt-health/mac:02010b41cdec/antenna/tag/e28068940000500386620d4f, 97
1652703961.997472, sdrt-health/mac:02010b41cdec/antenna/tag/e2806894000050038662154f, 88
1652703962.037773, sdrt-health/mac:02010b41cdec/antenna/tag/e2806894000050038661fd4f, 83
1652703962.079284, sdrt-health/mac:02010b41cdec/antenna/tag/e2806894000050038661fd4f, 91
1652703962.132965, sdrt-health/mac:02010b41cdec/antenna/tag/e28068940000400386621d4f, 77
1652703962.133208, sdrt-health/mac:02010b41cdec/antenna/tag/e2806894000050038661fd4f, 97
1652703962.14811, sdrt-health/mac:02010b41cdec/antenna/tag/e2806894000040038662114f, 85
1652703962.158552, sdrt-health/mac:02010b41cdec/antenna/tag/e2806894000040038662114f, 85
1652703962.205654, sdrt-health/mac:02010b41cdec/antenna/tag/e2806894000040038661f94f, 81
1652703962.253588, sdrt-health/mac:02010b41cdec/antenna/tag/e28068940000400386621d4f, 96
1652703962.319019, sdrt-health/mac:02010b41cdec/antenna/tag/e28068940000400386621d4f, 96
1652703962.357872, sdrt-health/mac:02010b41cdec/antenna/tag/e2806894000040038662054f, 94
1652703962.397756, sdrt-health/mac:02010b41cdec/antenna/tag/e2806894000050038661fd4f, 97
1652703962.437953, sdrt-health/mac:02010b41cdec/antenna/tag/e2806894000050038662194f, 84
1652703962.478875, sdrt-health/mac:02010b41cdec/antenna/tag/e2806894000050038662154f, 88
1652703962.533464, sdrt-health/mac:02010b41cdec/antenna/tag/e28068940000400386621d4f, 77
1652703962.533962, sdrt-health/mac:02010b41cdec/antenna/tag/e2806894000040038662114f, 88
1652703962.534304, sdrt-health/mac:02010b41cdec/antenna/tag/e2806894000050038662154f, 93
1652703962.55763, sdrt-health/mac:02010b41cdec/antenna/tag/e2806894000040038662114f, 91
1652703962.598904, sdrt-health/mac:02010b41cdec/antenna/tag/e2806894000050038662154f, 91
1652703962.638406, sdrt-health/mac:02010b41cdec/antenna/tag/e2806894000050038661fd4f, 88
1652703962.66876, sdrt-health/mac:02010b41cdec/antenna/tag/e28068940000500386620d4f, 83
1652703962.669125, sdrt-health/mac:02010b41cdec/antenna/tag/e2806894000050038662154f, 88
1652703962.684478, sdrt-health/mac:02010b41cdec/antenna/tag/e2806894000050038661fd4f, 97
1652703962.718031, sdrt-health/mac:02010b41cdec/antenna/tag/e2806894000050038661fd4f, 88
1652703962.75801, sdrt-health/mac:02010b41cdec/antenna/tag/e28068940000500386620d4f, 83
1652703962.814743, sdrt-health/mac:02010b41cdec/antenna/tag/e28068940000400386621d4f, 77
1652703962.859097, sdrt-health/mac:02010b41cdec/antenna/tag/e28068940000500386620d4f, 97
1652703962.901743, sdrt-health/mac:02010b41cdec/antenna/tag/e2806894000050038661fd4f, 83
1652703962.903374, sdrt-health/mac:02010b41cdec/antenna/tag/e2806894000050038662194f, 81
1652703962.938381, sdrt-health/mac:02010b41cdec/antenna/tag/e28068940000500386620d4f, 97
1652703962.982077, sdrt-health/mac:02010b41cdec/antenna/tag/e2806894000050038661fd4f, 83
1652703963.017992, sdrt-health/mac:02010b41cdec/antenna/tag/e28068940000500386620d4f, 83
1652703963.077237, sdrt-health/mac:02010b41cdec/antenna/tag/e2806894000040038662114f, 88
1652703963.077692, sdrt-health/mac:02010b41cdec/antenna/tag/e2806894000050038662154f, 85
1652703963.078049, sdrt-health/mac:02010b41cdec/antenna/tag/e28068940000400386621d4f, 77
1652703963.142552, sdrt-health/mac:02010b41cdec/antenna/tag/e28068940000400386621d4f, 96
1652703963.187823, sdrt-health/mac:02010b41cdec/antenna/tag/e2806894000040038662114f, 88
1652703963.255126, sdrt-health/mac:02010b41cdec/antenna/tag/e2806894000050038661fd4f, 97
1652703963.255642, sdrt-health/mac:02010b41cdec/antenna/tag/e2806894000040038662114f, 85
1652703963.293434, sdrt-health/mac:02010b41cdec/antenna/tag/e2806894000050038661fd4f, 83
1652703963.322818, sdrt-health/mac:02010b41cdec/antenna/tag/e2806894000050038662154f, 88
1652703963.323061, sdrt-health/mac:02010b41cdec/antenna/tag/e2806894000040038662114f, 85
1652703963.338643, sdrt-health/mac:02010b41cdec/antenna/tag/e2806894000040038661f94f, 94
1652703963.399058, sdrt-health/mac:02010b41cdec/antenna/tag/e2806894000050038661fd4f, 83
1652703963.399483, sdrt-health/mac:02010b41cdec/antenna/tag/e28068940000500386620d4f, 83
1652703963.42896, sdrt-health/mac:02010b41cdec/antenna/tag/e2806894000050038662154f, 88
1652703963.494603, sdrt-health/mac:02010b41cdec/antenna/tag/e2806894000040038661f94f, 94
1652703963.495049, sdrt-health/mac:02010b41cdec/antenna/tag/e2806894000050038661fd4f, 83
1652703963.519128, sdrt-health/mac:02010b41cdec/antenna/tag/e2806894000050038661fd4f, 97
1652703963.558361, sdrt-health/mac:02010b41cdec/antenna/tag/e2806894000050038662154f, 85
1652703963.597822, sdrt-health/mac:02010b41cdec/antenna/tag/e28068940000500386620d4f, 97
1652703963.638334, sdrt-health/mac:02010b41cdec/antenna/tag/e2806894000040038662214f, 81
1652703963.679691, sdrt-health/mac:02010b41cdec/antenna/tag/e2806894000040038662114f, 88
1652703963.758771, sdrt-health/mac:02010b41cdec/antenna/tag/e2806894000040038662114f, 85
1652703963.797579, sdrt-health/mac:02010b41cdec/antenna/tag/e28068940000500386620d4f, 83
1652703963.853854, sdrt-health/mac:02010b41cdec/antenna/tag/e2806894000050038662154f, 91
1652703963.85432, sdrt-health/mac:02010b41cdec/antenna/tag/e28068940000400386621d4f, 96
1652703963.900366, sdrt-health/mac:02010b41cdec/antenna/tag/e2806894000050038662194f, 81
1652703963.958301, sdrt-health/mac:02010b41cdec/antenna/tag/e2806894000050038661fd4f, 97
1652703964.014994, sdrt-health/mac:02010b41cdec/antenna/tag/e2806894000050038662154f, 85
1652703964.06106, sdrt-health/mac:02010b41cdec/antenna/tag/e28068940000500386620d4f, 83
1652703964.163726, sdrt-health/mac:02010b41cdec/antenna/tag/e2806894000050038661fd4f, 97
1652703964.164184, sdrt-health/mac:02010b41cdec/antenna/tag/e2806894000040038662214f, 94
1652703964.19969, sdrt-health/mac:02010b41cdec/antenna/tag/e28068940000400386621d4f, 77
1652703964.238383, sdrt-health/mac:02010b41cdec/antenna/tag/e28068940000500386620d4f, 97
1652703964.295391, sdrt-health/mac:02010b41cdec/antenna/tag/e2806894000050038662154f, 93
1652703964.295839, sdrt-health/mac:02010b41cdec/antenna/tag/e2806894000050038662194f, 83
1652703964.317627, sdrt-health/mac:02010b41cdec/antenna/tag/e28068940000500386620d4f, 83
1652703964.381165, sdrt-health/mac:02010b41cdec/antenna/tag/e2806894000050038662154f, 88
1652703964.381632, sdrt-health/mac:02010b41cdec/antenna/tag/e2806894000050038662154f, 91
1652703964.39516, sdrt-health/mac:02010b41cdec/antenna/tag/e2806894000040038662114f, 85
1652703964.41523, sdrt-health/mac:02010b41cdec/antenna/tag/e2806894000050038662194f, 88
1652703964.458286, sdrt-health/mac:02010b41cdec/antenna/tag/e28068940000500386620d4f, 91
1652703964.503079, sdrt-health/mac:02010b41cdec/antenna/tag/e2806894000040038662114f, 88
1652703964.549663, sdrt-health/mac:02010b41cdec/antenna/tag/e2806894000040038662114f, 85
1652703964.599186, sdrt-health/mac:02010b41cdec/antenna/tag/e2806894000050038662154f, 87
1652703964.688258, sdrt-health/mac:02010b41cdec/antenna/tag/e28068940000400386621d4f, 96
1652703964.7345, sdrt-health/mac:02010b41cdec/antenna/tag/e2806894000050038661fd4f, 97
1652703964.788939, sdrt-health/mac:02010b41cdec/antenna/tag/e2806894000040038662054f, 81
1652703964.849603, sdrt-health/mac:02010b41cdec/antenna/tag/e2806894000050038662154f, 91
1652703964.908758, sdrt-health/mac:02010b41cdec/antenna/tag/e2806894000040038662054f, 81
1652703964.909361, sdrt-health/mac:02010b41cdec/antenna/tag/e2806894000040038662114f, 85
1652703964.937844, sdrt-health/mac:02010b41cdec/antenna/tag/e2806894000040038662054f, 94
1652703964.982496, sdrt-health/mac:02010b41cdec/antenna/tag/e28068940000500386620d4f, 97
1652703965.028836, sdrt-health/mac:02010b41cdec/antenna/tag/e2806894000050038662154f, 91
1652703965.059983, sdrt-health/mac:02010b41cdec/antenna/tag/e28068940000500386620d4f, 83
1652703965.060442, sdrt-health/mac:02010b41cdec/antenna/tag/e28068940000400386621d4f, 96
1652703965.077773, sdrt-health/mac:02010b41cdec/antenna/tag/e28068940000400386621d4f, 77
1652703965.117817, sdrt-health/mac:02010b41cdec/antenna/tag/e28068940000400386621d4f, 77
1652703965.183239, sdrt-health/mac:02010b41cdec/antenna/tag/e2806894000050038662194f, 84
1652703965.183514, sdrt-health/mac:02010b41cdec/antenna/tag/e2806894000040038662114f, 85
1652703965.213587, sdrt-health/mac:02010b41cdec/antenna/tag/e2806894000050038661fd4f, 83
1652703965.213997, sdrt-health/mac:02010b41cdec/antenna/tag/e28068940000400386621d4f, 77
1652703965.258643, sdrt-health/mac:02010b41cdec/antenna/tag/e2806894000050038661fd4f, 97
1652703965.304442, sdrt-health/mac:02010b41cdec/antenna/tag/e2806894000040038662054f, 81
1652703965.356153, sdrt-health/mac:02010b41cdec/antenna/tag/e28068940000500386620d4f, 83
1652703965.387919, sdrt-health/mac:02010b41cdec/antenna/tag/e28068940000500386620d4f, 97
1652703965.388233, sdrt-health/mac:02010b41cdec/antenna/tag/e2806894000050038661fd4f, 97
1652703965.439057, sdrt-health/mac:02010b41cdec/antenna/tag/e2806894000040038662214f, 88
1652703965.479571, sdrt-health/mac:02010b41cdec/antenna/tag/e28068940000400386621d4f, 77
1652703965.518289, sdrt-health/mac:02010b41cdec/antenna/tag/e2806894000050038662154f, 87
1652703965.6314, sdrt-health/mac:02010b41cdec/antenna/tag/e2806894000050038661fd4f, 91
1652703965.632108, sdrt-health/mac:02010b41cdec/antenna/tag/e2806894000050038662194f, 84
1652703965.659612, sdrt-health/mac:02010b41cdec/antenna/tag/e2806894000040038662114f, 85
1652703965.691106, sdrt-health/mac:02010b41cdec/antenna/tag/e2806894000050038662154f, 83
1652703965.691437, sdrt-health/mac:02010b41cdec/antenna/tag/e28068940000500386620d4f, 97
1652703965.706965, sdrt-health/mac:02010b41cdec/antenna/tag/e2806894000050038661fd4f, 83
1652703965.748316, sdrt-health/mac:02010b41cdec/antenna/tag/e28068940000400386621d4f, 96
1652703965.81622, sdrt-health/mac:02010b41cdec/antenna/tag/e2806894000050038662154f, 91
1652703965.816679, sdrt-health/mac:02010b41cdec/antenna/tag/e2806894000050038661fd4f, 83
1652703965.837987, sdrt-health/mac:02010b41cdec/antenna/tag/e2806894000040038661f94f, 84
1652703965.898925, sdrt-health/mac:02010b41cdec/antenna/tag/e2806894000050038662154f, 88
1652703965.929966, sdrt-health/mac:02010b41cdec/antenna/tag/e2806894000040038661f94f, 88
1652703965.930167, sdrt-health/mac:02010b41cdec/antenna/tag/e28068940000400386621d4f, 96
1652703965.93026, sdrt-health/mac:02010b41cdec/antenna/tag/e2806894000050038661fd4f, 97
1652703965.946547, sdrt-health/mac:02010b41cdec/antenna/tag/e2806894000040038662114f, 85
1652703965.946815, sdrt-health/mac:02010b41cdec/antenna/tag/e2806894000040038662114f, 88
1652703965.989606, sdrt-health/mac:02010b41cdec/antenna/tag/e2806894000040038662114f, 88
1652703966.05348, sdrt-health/mac:02010b41cdec/antenna/tag/e2806894000050038662154f, 85
1652703966.053894, sdrt-health/mac:02010b41cdec/antenna/tag/e2806894000050038662194f, 94
1652703966.068825, sdrt-health/mac:02010b41cdec/antenna/tag/e28068940000400386621d4f, 77
1652703966.09786, sdrt-health/mac:02010b41cdec/antenna/tag/e2806894000050038662154f, 88
1652703966.098135, sdrt-health/mac:02010b41cdec/antenna/tag/e28068940000400386621d4f, 96
1652703966.118375, sdrt-health/mac:02010b41cdec/antenna/tag/e28068940000400386621d4f, 77
1652703966.232988, sdrt-health/mac:02010b41cdec/antenna/tag/e28068940000500386620d4f, 83
1652703966.233444, sdrt-health/mac:02010b41cdec/antenna/tag/e28068940000400386621d4f, 96
1652703966.288878, sdrt-health/mac:02010b41cdec/antenna/tag/e2806894000050038662154f, 85
1652703966.335029, sdrt-health/mac:02010b41cdec/antenna/tag/e2806894000050038662194f, 81
1652703966.393409, sdrt-health/mac:02010b41cdec/antenna/tag/e28068940000500386620d4f, 83
1652703966.393884, sdrt-health/mac:02010b41cdec/antenna/tag/e28068940000500386620d4f, 83
1652703966.422307, sdrt-health/mac:02010b41cdec/antenna/tag/e28068940000400386621d4f, 96
1652703966.469425, sdrt-health/mac:02010b41cdec/antenna/tag/e28068940000500386620d4f, 83
1652703966.518918, sdrt-health/mac:02010b41cdec/antenna/tag/e28068940000500386620d4f, 83
1652703966.574433, sdrt-health/mac:02010b41cdec/antenna/tag/e2806894000050038661fd4f, 97
1652703966.57471, sdrt-health/mac:02010b41cdec/antenna/tag/e28068940000500386620d4f, 83
1652703966.618135, sdrt-health/mac:02010b41cdec/antenna/tag/e2806894000050038662154f, 97
1652703966.662682, sdrt-health/mac:02010b41cdec/antenna/tag/e2806894000050038661fd4f, 88
1652703966.693875, sdrt-health/mac:02010b41cdec/antenna/tag/e2806894000040038662114f, 88
1652703966.694295, sdrt-health/mac:02010b41cdec/antenna/tag/e2806894000050038661fd4f, 91
1652703966.709136, sdrt-health/mac:02010b41cdec/antenna/tag/e2806894000040038662114f, 88
1652703966.709497, sdrt-health/mac:02010b41cdec/antenna/tag/e28068940000400386621d4f, 96
1652703966.709805, sdrt-health/mac:02010b41cdec/antenna/tag/e2806894000050038662154f, 85
1652703966.759271, sdrt-health/mac:02010b41cdec/antenna/tag/e2806894000040038662214f, 88
1652703966.798127, sdrt-health/mac:02010b41cdec/antenna/tag/e2806894000040038662114f, 88
1652703966.837721, sdrt-health/mac:02010b41cdec/antenna/tag/e2806894000040038661f94f, 110
1652703966.83801, sdrt-health/mac:02010b41cdec/antenna/tag/e2806894000040038662114f, 85
1652703966.877077, sdrt-health/mac:02010b41cdec/antenna/tag/e28068940000400386621d4f, 77
1652703966.921129, sdrt-health/mac:02010b41cdec/antenna/tag/e2806894000040038662114f, 85
1652703966.973374, sdrt-health/mac:02010b41cdec/antenna/tag/e2806894000050038662154f, 87
1652703966.973819, sdrt-health/mac:02010b41cdec/antenna/tag/e2806894000050038661fd4f, 88
1652703966.989109, sdrt-health/mac:02010b41cdec/antenna/tag/e2806894000050038662154f, 93
1652703966.989358, sdrt-health/mac:02010b41cdec/antenna/tag/e28068940000500386620d4f, 86
1652703966.998484, sdrt-health/mac:02010b41cdec/antenna/tag/e2806894000050038662194f, 94
1652703967.038275, sdrt-health/mac:02010b41cdec/antenna/tag/e2806894000050038661fd4f, 91
1652703967.094227, sdrt-health/mac:02010b41cdec/antenna/tag/e2806894000040038662114f, 85
1652703967.094543, sdrt-health/mac:02010b41cdec/antenna/tag/e2806894000050038662154f, 85
1652703967.118478, sdrt-health/mac:02010b41cdec/antenna/tag/e28068940000500386620d4f, 83
1652703967.15792, sdrt-health/mac:02010b41cdec/antenna/tag/e2806894000040038662114f, 88
1652703967.198059, sdrt-health/mac:02010b41cdec/antenna/tag/e28068940000400386621d4f, 77
1652703967.238632, sdrt-health/mac:02010b41cdec/antenna/tag/e28068940000500386620d4f, 97
1652703967.278471, sdrt-health/mac:02010b41cdec/antenna/tag/e28068940000500386620d4f, 83
1652703967.278904, sdrt-health/mac:02010b41cdec/antenna/tag/e28068940000400386621d4f, 80
1652703967.337555, sdrt-health/mac:02010b41cdec/antenna/tag/e2806894000050038662154f, 85
1652703967.411994, sdrt-health/mac:02010b41cdec/antenna/tag/e2806894000050038662154f, 88
1652703967.462716, sdrt-health/mac:02010b41cdec/antenna/tag/e2806894000050038662154f, 88
1652703967.519178, sdrt-health/mac:02010b41cdec/antenna/tag/e2806894000050038661fd4f, 83
1652703967.557736, sdrt-health/mac:02010b41cdec/antenna/tag/e2806894000040038662114f, 91
1652703967.628349, sdrt-health/mac:02010b41cdec/antenna/tag/e2806894000050038662194f, 81
1652703967.628703, sdrt-health/mac:02010b41cdec/antenna/tag/e2806894000040038662114f, 88
1652703967.658867, sdrt-health/mac:02010b41cdec/antenna/tag/e2806894000050038662194f, 94
1652703967.703469, sdrt-health/mac:02010b41cdec/antenna/tag/e28068940000500386620d4f, 83
1652703967.749678, sdrt-health/mac:02010b41cdec/antenna/tag/e2806894000050038662154f, 83
1652703967.797683, sdrt-health/mac:02010b41cdec/antenna/tag/e2806894000040038662114f, 85
1652703967.85448, sdrt-health/mac:02010b41cdec/antenna/tag/e2806894000050038662154f, 88
1652703967.97844, sdrt-health/mac:02010b41cdec/antenna/tag/e2806894000040038662114f, 85
1652703968.007834, sdrt-health/mac:02010b41cdec/antenna/tag/e2806894000050038661fd4f, 97
1652703968.008221, sdrt-health/mac:02010b41cdec/antenna/tag/e2806894000050038662154f, 85
1652703968.008725, sdrt-health/mac:02010b41cdec/antenna/tag/e2806894000050038661fd4f, 83
1652703968.024191, sdrt-health/mac:02010b41cdec/antenna/tag/e28068940000500386620d4f, 83
1652703968.067921, sdrt-health/mac:02010b41cdec/antenna/tag/e2806894000050038662194f, 83
1652703968.120003, sdrt-health/mac:02010b41cdec/antenna/tag/e2806894000050038662194f, 81
1652703968.158998, sdrt-health/mac:02010b41cdec/antenna/tag/e28068940000400386621d4f, 77
1652703968.19799, sdrt-health/mac:02010b41cdec/antenna/tag/e2806894000040038662054f, 94
1652703968.255126, sdrt-health/mac:02010b41cdec/antenna/tag/e2806894000040038662114f, 85
1652703968.255597, sdrt-health/mac:02010b41cdec/antenna/tag/e2806894000050038661fd4f, 91
1652703968.270358, sdrt-health/mac:02010b41cdec/antenna/tag/e28068940000500386620d4f, 83
1652703968.29771, sdrt-health/mac:02010b41cdec/antenna/tag/e28068940000400386621d4f, 77
1652703968.342936, sdrt-health/mac:02010b41cdec/antenna/tag/e2806894000050038662194f, 88
1652703968.403254, sdrt-health/mac:02010b41cdec/antenna/tag/e2806894000050038662194f, 81
1652703968.403468, sdrt-health/mac:02010b41cdec/antenna/tag/e2806894000050038662154f, 85
1652703968.417571, sdrt-health/mac:02010b41cdec/antenna/tag/e2806894000040038662114f, 85
1652703968.439707, sdrt-health/mac:02010b41cdec/antenna/tag/e28068940000500386620d4f, 83
1652703968.477221, sdrt-health/mac:02010b41cdec/antenna/tag/e2806894000050038662154f, 85
1652703968.532737, sdrt-health/mac:02010b41cdec/antenna/tag/e2806894000040038662114f, 85
1652703968.532953, sdrt-health/mac:02010b41cdec/antenna/tag/e2806894000040038662114f, 85
1652703968.547211, sdrt-health/mac:02010b41cdec/antenna/tag/e2806894000050038661fd4f, 97
1652703968.557666, sdrt-health/mac:02010b41cdec/antenna/tag/e2806894000050038661fd4f, 91
1652703968.59865, sdrt-health/mac:02010b41cdec/antenna/tag/e28068940000400386621d4f, 77
1652703968.638217, sdrt-health/mac:02010b41cdec/antenna/tag/e2806894000040038662114f, 88
1652703968.693487, sdrt-health/mac:02010b41cdec/antenna/tag/e28068940000400386621d4f, 77
1652703968.693741, sdrt-health/mac:02010b41cdec/antenna/tag/e28068940000500386620d4f, 86
1652703968.719062, sdrt-health/mac:02010b41cdec/antenna/tag/e2806894000050038661fd4f, 97
1652703968.759434, sdrt-health/mac:02010b41cdec/antenna/tag/e2806894000040038662114f, 85
1652703968.834521, sdrt-health/mac:02010b41cdec/antenna/tag/e2806894000040038662114f, 85
1652703968.834759, sdrt-health/mac:02010b41cdec/antenna/tag/e2806894000040038662054f, 94
1652703968.859141, sdrt-health/mac:02010b41cdec/antenna/tag/e2806894000040038662114f, 88
1652703968.902435, sdrt-health/mac:02010b41cdec/antenna/tag/e2806894000050038662154f, 85
1652703968.947221, sdrt-health/mac:02010b41cdec/antenna/tag/e2806894000040038662114f, 85
1652703968.998226, sdrt-health/mac:02010b41cdec/antenna/tag/e2806894000050038662154f, 88
1652703969.038696, sdrt-health/mac:02010b41cdec/antenna/tag/e2806894000040038662114f, 91
1652703969.097969, sdrt-health/mac:02010b41cdec/antenna/tag/e28068940000400386621d4f, 96
1652703969.142526, sdrt-health/mac:02010b41cdec/antenna/tag/e2806894000040038662114f, 85
1652703969.178173, sdrt-health/mac:02010b41cdec/antenna/tag/e2806894000050038661fd4f, 91
1652703969.239361, sdrt-health/mac:02010b41cdec/antenna/tag/e28068940000500386620d4f, 97
1652703969.24063, sdrt-health/mac:02010b41cdec/antenna/tag/e2806894000050038661fd4f, 97
1652703969.254903, sdrt-health/mac:02010b41cdec/antenna/tag/e28068940000500386620d4f, 83
1652703969.268274, sdrt-health/mac:02010b41cdec/antenna/tag/e2806894000050038662154f, 93
1652703969.271377, sdrt-health/mac:02010b41cdec/antenna/tag/e28068940000500386620d4f, 83
1652703969.31916, sdrt-health/mac:02010b41cdec/antenna/tag/e28068940000400386621d4f, 77
1652703969.383103, sdrt-health/mac:02010b41cdec/antenna/tag/e2806894000050038662154f, 88
1652703969.428704, sdrt-health/mac:02010b41cdec/antenna/tag/e2806894000050038661fd4f, 97
1652703969.493737, sdrt-health/mac:02010b41cdec/antenna/tag/e2806894000050038661fd4f, 83
1652703969.494257, sdrt-health/mac:02010b41cdec/antenna/tag/e2806894000040038662114f, 85
1652703969.494602, sdrt-health/mac:02010b41cdec/antenna/tag/e2806894000040038662114f, 88
1652703969.518427, sdrt-health/mac:02010b41cdec/antenna/tag/e2806894000050038662194f, 94
1652703969.576652, sdrt-health/mac:02010b41cdec/antenna/tag/e28068940000500386620d4f, 91
1652703969.577045, sdrt-health/mac:02010b41cdec/antenna/tag/e2806894000040038662114f, 88
1652703969.593008, sdrt-health/mac:02010b41cdec/antenna/tag/e2806894000050038662194f, 81
1652703969.599101, sdrt-health/mac:02010b41cdec/antenna/tag/e2806894000050038662154f, 88
1652703969.638551, sdrt-health/mac:02010b41cdec/antenna/tag/e28068940000400386621d4f, 77
1652703969.69422, sdrt-health/mac:02010b41cdec/antenna/tag/e28068940000500386620d4f, 83
1652703969.69473, sdrt-health/mac:02010b41cdec/antenna/tag/e28068940000500386620d4f, 97
1652703969.710108, sdrt-health/mac:02010b41cdec/antenna/tag/e2806894000050038661fd4f, 97
1652703969.720916, sdrt-health/mac:02010b41cdec/antenna/tag/e2806894000040038661f94f, 81
1652703969.77524, sdrt-health/mac:02010b41cdec/antenna/tag/e28068940000400386621d4f, 96
1652703969.818849, sdrt-health/mac:02010b41cdec/antenna/tag/e2806894000040038661f94f, 81
1652703969.909545, sdrt-health/mac:02010b41cdec/antenna/tag/e28068940000400386621d4f, 96
1652703970.014128, sdrt-health/mac:02010b41cdec/antenna/tag/e2806894000050038661fd4f, 97
1652703970.073435, sdrt-health/mac:02010b41cdec/antenna/tag/e2806894000050038661fd4f, 97
1652703970.143187, sdrt-health/mac:02010b41cdec/antenna/tag/e2806894000050038661fd4f, 91
1652703970.143696, sdrt-health/mac:02010b41cdec/antenna/tag/e2806894000040038662214f, 81
1652703970.181926, sdrt-health/mac:02010b41cdec/antenna/tag/e2806894000040038662054f, 81
1652703970.254198, sdrt-health/mac:02010b41cdec/antenna/tag/e2806894000050038662154f, 93
1652703970.254663, sdrt-health/mac:02010b41cdec/antenna/tag/e2806894000040038661f94f, 84
1652703970.278571, sdrt-health/mac:02010b41cdec/antenna/tag/e2806894000040038662114f, 88
1652703970.30804, sdrt-health/mac:02010b41cdec/antenna/tag/e2806894000050038662154f, 85
1652703970.30835, sdrt-health/mac:02010b41cdec/antenna/tag/e2806894000040038662114f, 88
1652703970.323452, sdrt-health/mac:02010b41cdec/antenna/tag/e28068940000400386621d4f, 96
1652703970.323714, sdrt-health/mac:02010b41cdec/antenna/tag/e2806894000050038662154f, 88
1652703970.433494, sdrt-health/mac:02010b41cdec/antenna/tag/e28068940000500386620d4f, 83
1652703970.477537, sdrt-health/mac:02010b41cdec/antenna/tag/e2806894000050038661fd4f, 83
1652703970.534491, sdrt-health/mac:02010b41cdec/antenna/tag/e28068940000500386620d4f, 83
1652703970.535002, sdrt-health/mac:02010b41cdec/antenna/tag/e2806894000040038662054f, 81
1652703970.549714, sdrt-health/mac:02010b41cdec/antenna/tag/e2806894000050038662194f, 94
1652703970.558613, sdrt-health/mac:02010b41cdec/antenna/tag/e28068940000400386621d4f, 96
1652703970.565114, sdrt-health/mac:02010b41cdec/antenna/tag/e2806894000040038662114f, 88
1652703970.599619, sdrt-health/mac:02010b41cdec/antenna/tag/e2806894000040038662114f, 88
1652703970.629701, sdrt-health/mac:02010b41cdec/antenna/tag/e2806894000050038662154f, 85
1652703970.629942, sdrt-health/mac:02010b41cdec/antenna/tag/e2806894000050038662194f, 81
1652703970.630061, sdrt-health/mac:02010b41cdec/antenna/tag/e28068940000400386621d4f, 96
1652703970.688781, sdrt-health/mac:02010b41cdec/antenna/tag/e2806894000040038662054f, 81
1652703970.741963, sdrt-health/mac:02010b41cdec/antenna/tag/e28068940000500386620d4f, 97
1652703970.788701, sdrt-health/mac:02010b41cdec/antenna/tag/e2806894000050038662154f, 91
1652703970.854931, sdrt-health/mac:02010b41cdec/antenna/tag/e28068940000400386621d4f, 77
1652703970.855436, sdrt-health/mac:02010b41cdec/antenna/tag/e2806894000050038661fd4f, 83
1652703970.878243, sdrt-health/mac:02010b41cdec/antenna/tag/e2806894000040038662114f, 85
1652703970.957952, sdrt-health/mac:02010b41cdec/antenna/tag/e28068940000500386620d4f, 97
1652703970.998783, sdrt-health/mac:02010b41cdec/antenna/tag/e28068940000400386621d4f, 96
1652703971.037643, sdrt-health/mac:02010b41cdec/antenna/tag/e28068940000400386621d4f, 77
1652703971.108988, sdrt-health/mac:02010b41cdec/antenna/tag/e28068940000500386620d4f, 97
1652703971.158339, sdrt-health/mac:02010b41cdec/antenna/tag/e2806894000050038662194f, 81
1652703971.198384, sdrt-health/mac:02010b41cdec/antenna/tag/e2806894000040038662114f, 88
1652703971.228407, sdrt-health/mac:02010b41cdec/antenna/tag/e2806894000050038662154f, 88
1652703971.22881, sdrt-health/mac:02010b41cdec/antenna/tag/e2806894000050038661fd4f, 83
1652703971.242285, sdrt-health/mac:02010b41cdec/antenna/tag/e28068940000500386620d4f, 91
1652703971.294109, sdrt-health/mac:02010b41cdec/antenna/tag/e2806894000050038662154f, 85
1652703971.338193, sdrt-health/mac:02010b41cdec/antenna/tag/e2806894000040038662054f, 94
1652703971.397548, sdrt-health/mac:02010b41cdec/antenna/tag/e2806894000050038662154f, 88
1652703971.39801, sdrt-health/mac:02010b41cdec/antenna/tag/e28068940000400386621d4f, 77
1652703971.413077, sdrt-health/mac:02010b41cdec/antenna/tag/e2806894000050038662154f, 91
1652703971.442795, sdrt-health/mac:02010b41cdec/antenna/tag/e2806894000040038662114f, 85
1652703971.44311, sdrt-health/mac:02010b41cdec/antenna/tag/e2806894000040038662054f, 81
1652703971.478484, sdrt-health/mac:02010b41cdec/antenna/tag/e2806894000050038662154f, 91
1652703971.533869, sdrt-health/mac:02010b41cdec/antenna/tag/e2806894000040038662054f, 88
1652703971.534397, sdrt-health/mac:02010b41cdec/antenna/tag/e2806894000040038662054f, 81
1652703971.549828, sdrt-health/mac:02010b41cdec/antenna/tag/e2806894000050038662154f, 88
1652703971.558387, sdrt-health/mac:02010b41cdec/antenna/tag/e2806894000050038662154f, 91
1652703971.614816, sdrt-health/mac:02010b41cdec/antenna/tag/e2806894000040038662114f, 85
1652703971.67542, sdrt-health/mac:02010b41cdec/antenna/tag/e28068940000400386621d4f, 77
1652703971.675958, sdrt-health/mac:02010b41cdec/antenna/tag/e28068940000400386621d4f, 77
1652703971.708318, sdrt-health/mac:02010b41cdec/antenna/tag/e2806894000050038661fd4f, 83
1652703971.747297, sdrt-health/mac:02010b41cdec/antenna/tag/e2806894000050038662154f, 85
1652703971.775646, sdrt-health/mac:02010b41cdec/antenna/tag/e2806894000050038661fd4f, 97
1652703971.77589, sdrt-health/mac:02010b41cdec/antenna/tag/e2806894000050038662154f, 88
1652703971.797967, sdrt-health/mac:02010b41cdec/antenna/tag/e28068940000400386621d4f, 96
1652703971.854231, sdrt-health/mac:02010b41cdec/antenna/tag/e2806894000050038661fd4f, 83
1652703971.854578, sdrt-health/mac:02010b41cdec/antenna/tag/e2806894000050038661fd4f, 83
1652703971.879193, sdrt-health/mac:02010b41cdec/antenna/tag/e2806894000050038662154f, 88
1652703971.948222, sdrt-health/mac:02010b41cdec/antenna/tag/e2806894000040038662214f, 88
1652703972.120119, sdrt-health/mac:02010b41cdec/antenna/tag/e2806894000050038661fd4f, 91
1652703972.173853, sdrt-health/mac:02010b41cdec/antenna/tag/e28068940000500386620d4f, 83
1652703972.241353, sdrt-health/mac:02010b41cdec/antenna/tag/e2806894000040038662114f, 85
1652703972.241933, sdrt-health/mac:02010b41cdec/antenna/tag/e2806894000050038661fd4f, 83
1652703972.278266, sdrt-health/mac:02010b41cdec/antenna/tag/e2806894000040038662114f, 85
1652703972.352061, sdrt-health/mac:02010b41cdec/antenna/tag/e2806894000050038661fd4f, 97
1652703972.352535, sdrt-health/mac:02010b41cdec/antenna/tag/e2806894000040038662114f, 85
1652703972.380094, sdrt-health/mac:02010b41cdec/antenna/tag/e28068940000400386621d4f, 96
1652703972.430232, sdrt-health/mac:02010b41cdec/antenna/tag/e2806894000040038662114f, 85
1652703972.460809, sdrt-health/mac:02010b41cdec/antenna/tag/e2806894000050038662154f, 88
1652703972.46123, sdrt-health/mac:02010b41cdec/antenna/tag/e2806894000050038661fd4f, 97
1652703972.47624, sdrt-health/mac:02010b41cdec/antenna/tag/e28068940000500386620d4f, 83
1652703972.477357, sdrt-health/mac:02010b41cdec/antenna/tag/e2806894000050038661fd4f, 97
1652703972.526439, sdrt-health/mac:02010b41cdec/antenna/tag/e2806894000040038662114f, 88
1652703972.59016, sdrt-health/mac:02010b41cdec/antenna/tag/e2806894000050038662194f, 81
1652703972.590626, sdrt-health/mac:02010b41cdec/antenna/tag/e28068940000400386621d4f, 77
1652703972.617435, sdrt-health/mac:02010b41cdec/antenna/tag/e2806894000050038662154f, 85
1652703972.69651, sdrt-health/mac:02010b41cdec/antenna/tag/e28068940000400386621d4f, 77
1652703972.697101, sdrt-health/mac:02010b41cdec/antenna/tag/e2806894000050038662154f, 87
1652703972.713559, sdrt-health/mac:02010b41cdec/antenna/tag/e2806894000040038662114f, 85
1652703972.718877, sdrt-health/mac:02010b41cdec/antenna/tag/e28068940000400386621d4f, 77
1652703972.728959, sdrt-health/mac:02010b41cdec/antenna/tag/e28068940000500386620d4f, 83
1652703972.760233, sdrt-health/mac:02010b41cdec/antenna/tag/e2806894000050038662194f, 81
1652703972.811995, sdrt-health/mac:02010b41cdec/antenna/tag/e2806894000040038662114f, 85
1652703972.812434, sdrt-health/mac:02010b41cdec/antenna/tag/e2806894000050038661fd4f, 97
1652703972.858086, sdrt-health/mac:02010b41cdec/antenna/tag/e2806894000050038662154f, 85
1652703972.9283, sdrt-health/mac:02010b41cdec/antenna/tag/e28068940000400386621d4f, 96
1652703972.989133, sdrt-health/mac:02010b41cdec/antenna/tag/e2806894000050038662154f, 85
1652703973.029165, sdrt-health/mac:02010b41cdec/antenna/tag/e2806894000050038662154f, 93
1652703973.089398, sdrt-health/mac:02010b41cdec/antenna/tag/e2806894000050038661fd4f, 97
1652703973.133816, sdrt-health/mac:02010b41cdec/antenna/tag/e28068940000500386620d4f, 86
1652703973.17803, sdrt-health/mac:02010b41cdec/antenna/tag/e2806894000040038662114f, 88
1652703973.236571, sdrt-health/mac:02010b41cdec/antenna/tag/e28068940000400386621d4f, 77
1652703973.237031, sdrt-health/mac:02010b41cdec/antenna/tag/e2806894000050038661fd4f, 97
1652703973.26746, sdrt-health/mac:02010b41cdec/antenna/tag/e2806894000040038662214f, 88
1652703973.31673, sdrt-health/mac:02010b41cdec/antenna/tag/e28068940000400386621d4f, 77
1652703973.373771, sdrt-health/mac:02010b41cdec/antenna/tag/e2806894000050038662154f, 87
1652703973.374219, sdrt-health/mac:02010b41cdec/antenna/tag/e28068940000400386621d4f, 77
1652703973.398482, sdrt-health/mac:02010b41cdec/antenna/tag/e28068940000500386620d4f, 83
1652703973.438542, sdrt-health/mac:02010b41cdec/antenna/tag/e2806894000050038662154f, 88
1652703973.474673, sdrt-health/mac:02010b41cdec/antenna/tag/e28068940000400386621d4f, 77
1652703973.475025, sdrt-health/mac:02010b41cdec/antenna/tag/e2806894000050038662194f, 85
1652703973.491274, sdrt-health/mac:02010b41cdec/antenna/tag/e28068940000500386620d4f, 86
1652703973.518528, sdrt-health/mac:02010b41cdec/antenna/tag/e2806894000050038662194f, 94
1652703973.59512, sdrt-health/mac:02010b41cdec/antenna/tag/e2806894000040038662214f, 82
1652703973.595575, sdrt-health/mac:02010b41cdec/antenna/tag/e2806894000050038661fd4f, 91
1652703973.630505, sdrt-health/mac:02010b41cdec/antenna/tag/e28068940000500386620d4f, 97
1652703973.679566, sdrt-health/mac:02010b41cdec/antenna/tag/e2806894000050038661fd4f, 83
1652703973.735806, sdrt-health/mac:02010b41cdec/antenna/tag/e2806894000050038662154f, 88
1652703973.736376, sdrt-health/mac:02010b41cdec/antenna/tag/e2806894000040038662114f, 88
1652703973.759644, sdrt-health/mac:02010b41cdec/antenna/tag/e2806894000050038662194f, 88
1652703973.819656, sdrt-health/mac:02010b41cdec/antenna/tag/e28068940000400386621d4f, 77
1652703973.862682, sdrt-health/mac:02010b41cdec/antenna/tag/e2806894000050038661fd4f, 97
1652703973.932472, sdrt-health/mac:02010b41cdec/antenna/tag/e28068940000500386620d4f, 83
1652703973.932941, sdrt-health/mac:02010b41cdec/antenna/tag/e2806894000040038662114f, 91
1652703973.970595, sdrt-health/mac:02010b41cdec/antenna/tag/e2806894000040038662114f, 88
1652703974.038333, sdrt-health/mac:02010b41cdec/antenna/tag/e2806894000040038662054f, 81
1652703974.038722, sdrt-health/mac:02010b41cdec/antenna/tag/e2806894000040038662114f, 97
1652703974.069329, sdrt-health/mac:02010b41cdec/antenna/tag/e28068940000500386620d4f, 83
1652703974.14726, sdrt-health/mac:02010b41cdec/antenna/tag/e2806894000050038661fd4f, 97
1652703974.147773, sdrt-health/mac:02010b41cdec/antenna/tag/e2806894000050038662154f, 85
1652703974.163709, sdrt-health/mac:02010b41cdec/antenna/tag/e2806894000050038662194f, 83
1652703974.189187, sdrt-health/mac:02010b41cdec/antenna/tag/e2806894000050038661fd4f, 91
1652703974.237067, sdrt-health/mac:02010b41cdec/antenna/tag/e28068940000500386620d4f, 83
1652703974.268468, sdrt-health/mac:02010b41cdec/antenna/tag/e28068940000400386621d4f, 77
1652703974.268685, sdrt-health/mac:02010b41cdec/antenna/tag/e2806894000050038661fd4f, 91
1652703974.285075, sdrt-health/mac:02010b41cdec/antenna/tag/e2806894000050038661fd4f, 97
1652703974.318387, sdrt-health/mac:02010b41cdec/antenna/tag/e28068940000500386620d4f, 83
1652703974.375811, sdrt-health/mac:02010b41cdec/antenna/tag/e2806894000050038661fd4f, 83
1652703974.376382, sdrt-health/mac:02010b41cdec/antenna/tag/e2806894000050038662154f, 88
1652703974.391249, sdrt-health/mac:02010b41cdec/antenna/tag/e2806894000040038662054f, 82
1652703974.413867, sdrt-health/mac:02010b41cdec/antenna/tag/e2806894000040038662054f, 81
1652703974.470241, sdrt-health/mac:02010b41cdec/antenna/tag/e2806894000050038662154f, 88
1652703974.553905, sdrt-health/mac:02010b41cdec/antenna/tag/e28068940000400386621d4f, 96
1652703974.554131, sdrt-health/mac:02010b41cdec/antenna/tag/e28068940000400386621d4f, 96
1652703974.575204, sdrt-health/mac:02010b41cdec/antenna/tag/e2806894000050038662154f, 85
1652703974.619255, sdrt-health/mac:02010b41cdec/antenna/tag/e2806894000050038662194f, 81
1652703974.689547, sdrt-health/mac:02010b41cdec/antenna/tag/e2806894000050038662194f, 83
1652703974.735483, sdrt-health/mac:02010b41cdec/antenna/tag/e2806894000040038662114f, 85
1652703974.78721, sdrt-health/mac:02010b41cdec/antenna/tag/e2806894000040038662114f, 85
1652703974.817989, sdrt-health/mac:02010b41cdec/antenna/tag/e28068940000400386621d4f, 77
1652703974.818281, sdrt-health/mac:02010b41cdec/antenna/tag/e2806894000040038662054f, 88
1652703974.838878, sdrt-health/mac:02010b41cdec/antenna/tag/e2806894000050038661fd4f, 91
1652703974.871403, sdrt-health/mac:02010b41cdec/antenna/tag/e28068940000400386621d4f, 77
1652703974.927063, sdrt-health/mac:02010b41cdec/antenna/tag/e2806894000050038661fd4f, 97
1652703974.975188, sdrt-health/mac:02010b41cdec/antenna/tag/e28068940000500386620d4f, 97
1652703975.018882, sdrt-health/mac:02010b41cdec/antenna/tag/e2806894000040038662114f, 85
1652703975.051234, sdrt-health/mac:02010b41cdec/antenna/tag/e2806894000050038661fd4f, 97
1652703975.051507, sdrt-health/mac:02010b41cdec/antenna/tag/e2806894000050038661fd4f, 83
1652703975.066521, sdrt-health/mac:02010b41cdec/antenna/tag/e2806894000050038661fd4f, 91
1652703975.108748, sdrt-health/mac:02010b41cdec/antenna/tag/e2806894000050038662194f, 83
1652703975.158566, sdrt-health/mac:02010b41cdec/antenna/tag/e28068940000500386620d4f, 83
1652703975.190444, sdrt-health/mac:02010b41cdec/antenna/tag/e28068940000400386621d4f, 77
1652703975.190724, sdrt-health/mac:02010b41cdec/antenna/tag/e2806894000040038662114f, 85
1652703975.206602, sdrt-health/mac:02010b41cdec/antenna/tag/e2806894000050038662154f, 88
1652703975.237962, sdrt-health/mac:02010b41cdec/antenna/tag/e28068940000500386620d4f, 83
1652703975.335537, sdrt-health/mac:02010b41cdec/antenna/tag/e2806894000040038662114f, 85
1652703975.33603, sdrt-health/mac:02010b41cdec/antenna/tag/e2806894000050038662194f, 84
1652703975.360109, sdrt-health/mac:02010b41cdec/antenna/tag/e2806894000050038661fd4f, 97
1652703975.399059, sdrt-health/mac:02010b41cdec/antenna/tag/e2806894000040038662054f, 81
1652703975.480173, sdrt-health/mac:02010b41cdec/antenna/tag/e28068940000400386621d4f, 96
1652703975.480878, sdrt-health/mac:02010b41cdec/antenna/tag/e28068940000400386621d4f, 96
1652703975.49631, sdrt-health/mac:02010b41cdec/antenna/tag/e28068940000400386621d4f, 96
1652703975.50926, sdrt-health/mac:02010b41cdec/antenna/tag/e2806894000050038662154f, 88
1652703975.512648, sdrt-health/mac:02010b41cdec/antenna/tag/e2806894000050038662154f, 88
1652703975.513024, sdrt-health/mac:02010b41cdec/antenna/tag/e2806894000050038662154f, 91
1652703975.559315, sdrt-health/mac:02010b41cdec/antenna/tag/e28068940000500386620d4f, 83
1652703975.600002, sdrt-health/mac:02010b41cdec/antenna/tag/e2806894000050038661fd4f, 97
1652703975.639964, sdrt-health/mac:02010b41cdec/antenna/tag/e28068940000500386620d4f, 83
1652703975.672302, sdrt-health/mac:02010b41cdec/antenna/tag/e28068940000400386621d4f, 96
1652703975.672641, sdrt-health/mac:02010b41cdec/antenna/tag/e28068940000500386620d4f, 83
1652703975.672867, sdrt-health/mac:02010b41cdec/antenna/tag/e2806894000040038662114f, 85
1652703975.688711, sdrt-health/mac:02010b41cdec/antenna/tag/e2806894000040038662114f, 85
1652703975.761093, sdrt-health/mac:02010b41cdec/antenna/tag/e2806894000050038662194f, 83
1652703975.799548, sdrt-health/mac:02010b41cdec/antenna/tag/e2806894000040038662114f, 88
1652703975.855154, sdrt-health/mac:02010b41cdec/antenna/tag/e2806894000050038662154f, 85
1652703975.855604, sdrt-health/mac:02010b41cdec/antenna/tag/e2806894000040038662114f, 85
1652703975.879601, sdrt-health/mac:02010b41cdec/antenna/tag/e28068940000500386620d4f, 97
1652703975.880571, sdrt-health/mac:02010b41cdec/antenna/tag/e28068940000400386621d4f, 77
1652703975.919093, sdrt-health/mac:02010b41cdec/antenna/tag/e2806894000050038661fd4f, 97
1652703975.958938, sdrt-health/mac:02010b41cdec/antenna/tag/e2806894000050038662194f, 88
1652703975.999315, sdrt-health/mac:02010b41cdec/antenna/tag/e2806894000040038662114f, 88
1652703976.039408, sdrt-health/mac:02010b41cdec/antenna/tag/e2806894000050038662194f, 81
1652703976.097562, sdrt-health/mac:02010b41cdec/antenna/tag/e28068940000500386620d4f, 83
1652703976.097834, sdrt-health/mac:02010b41cdec/antenna/tag/e2806894000050038662154f, 91
1652703976.097959, sdrt-health/mac:02010b41cdec/antenna/tag/e2806894000040038662114f, 88
1652703976.118037, sdrt-health/mac:02010b41cdec/antenna/tag/e2806894000040038662114f, 85
1652703976.158851, sdrt-health/mac:02010b41cdec/antenna/tag/e28068940000400386621d4f, 77
1652703976.207811, sdrt-health/mac:02010b41cdec/antenna/tag/e28068940000400386621d4f, 77
1652703976.257683, sdrt-health/mac:02010b41cdec/antenna/tag/e28068940000400386621d4f, 96
1652703976.31455, sdrt-health/mac:02010b41cdec/antenna/tag/e2806894000040038661f94f, 94
1652703976.315016, sdrt-health/mac:02010b41cdec/antenna/tag/e2806894000050038662154f, 91
1652703976.34337, sdrt-health/mac:02010b41cdec/antenna/tag/e2806894000040038661f94f, 94
1652703976.406988, sdrt-health/mac:02010b41cdec/antenna/tag/e2806894000050038662154f, 88
1652703976.407524, sdrt-health/mac:02010b41cdec/antenna/tag/e28068940000500386620d4f, 83
1652703976.425868, sdrt-health/mac:02010b41cdec/antenna/tag/e2806894000050038662154f, 91
1652703976.426377, sdrt-health/mac:02010b41cdec/antenna/tag/e2806894000050038662154f, 91
1652703976.426801, sdrt-health/mac:02010b41cdec/antenna/tag/e28068940000400386621d4f, 96
1652703976.442886, sdrt-health/mac:02010b41cdec/antenna/tag/e2806894000040038662114f, 88
1652703976.44319, sdrt-health/mac:02010b41cdec/antenna/tag/e28068940000400386621d4f, 96
1652703976.520552, sdrt-health/mac:02010b41cdec/antenna/tag/e28068940000400386621d4f, 96
1652703976.55941, sdrt-health/mac:02010b41cdec/antenna/tag/e28068940000400386621d4f, 96
1652703976.613625, sdrt-health/mac:02010b41cdec/antenna/tag/e2806894000050038662154f, 88
1652703976.613854, sdrt-health/mac:02010b41cdec/antenna/tag/e2806894000050038661fd4f, 91
1652703976.638671, sdrt-health/mac:02010b41cdec/antenna/tag/e28068940000400386621d4f, 77
1652703976.679565, sdrt-health/mac:02010b41cdec/antenna/tag/e2806894000040038662114f, 85
1652703976.734888, sdrt-health/mac:02010b41cdec/antenna/tag/e2806894000040038661f94f, 84
1652703976.735409, sdrt-health/mac:02010b41cdec/antenna/tag/e28068940000400386621d4f, 77
1652703976.780095, sdrt-health/mac:02010b41cdec/antenna/tag/e2806894000050038661fd4f, 97
1652703976.823932, sdrt-health/mac:02010b41cdec/antenna/tag/e2806894000040038662114f, 88
1652703976.879117, sdrt-health/mac:02010b41cdec/antenna/tag/e28068940000500386620d4f, 83
1652703976.944643, sdrt-health/mac:02010b41cdec/antenna/tag/e2806894000040038662054f, 84
1652703976.945037, sdrt-health/mac:02010b41cdec/antenna/tag/e2806894000050038662154f, 88
1652703976.960932, sdrt-health/mac:02010b41cdec/antenna/tag/e2806894000050038662194f, 81
1652703976.983139, sdrt-health/mac:02010b41cdec/antenna/tag/e2806894000040038662054f, 83
1652703977.016646, sdrt-health/mac:02010b41cdec/antenna/tag/e2806894000050038662194f, 84
1652703977.016959, sdrt-health/mac:02010b41cdec/antenna/tag/e2806894000050038662154f, 88
1652703977.034431, sdrt-health/mac:02010b41cdec/antenna/tag/e28068940000400386621d4f, 96
1652703977.078661, sdrt-health/mac:02010b41cdec/antenna/tag/e28068940000400386621d4f, 96
1652703977.162397, sdrt-health/mac:02010b41cdec/antenna/tag/e2806894000050038662194f, 93
1652703977.162599, sdrt-health/mac:02010b41cdec/antenna/tag/e2806894000040038662214f, 84
1652703977.188964, sdrt-health/mac:02010b41cdec/antenna/tag/e2806894000040038661f94f, 88
1652703977.256806, sdrt-health/mac:02010b41cdec/antenna/tag/e2806894000040038661f94f, 82
1652703977.25736, sdrt-health/mac:02010b41cdec/antenna/tag/e2806894000040038662214f, 81
1652703977.272612, sdrt-health/mac:02010b41cdec/antenna/tag/e28068940000500386620d4f, 91
1652703977.272862, sdrt-health/mac:02010b41cdec/antenna/tag/e2806894000040038662214f, 88
1652703977.278638, sdrt-health/mac:02010b41cdec/antenna/tag/e28068940000500386620d4f, 83
1652703977.289154, sdrt-health/mac:02010b41cdec/antenna/tag/e2806894000050038662154f, 91
1652703977.31857, sdrt-health/mac:02010b41cdec/antenna/tag/e28068940000400386621d4f, 77
1652703977.394595, sdrt-health/mac:02010b41cdec/antenna/tag/e28068940000500386620d4f, 97
1652703977.395062, sdrt-health/mac:02010b41cdec/antenna/tag/e2806894000050038661fd4f, 83
1652703977.535457, sdrt-health/mac:02010b41cdec/antenna/tag/scan, scan stopped
