1652704516.429271, sdrt-health/mac:02010b41cdec/antenna/power/set, {"power": 280}
1652704517.560011, sdrt-health/mac:02010b41cdec/antenna/power/set, 
1652704521.451975, sdrt-health/mac:02010b41cdec/antenna/tag/scan, {"time": 20000}
1652704521.816815, sdrt-health/mac:02010b41cdec/antenna/tag/e2806894000050038662154f, 85
1652704521.862055, sdrt-health/mac:02010b41cdec/antenna/tag/e2806894000050038662154f, 93
1652704521.906401, sdrt-health/mac:02010b41cdec/antenna/tag/e2806894000050038661fd4f, 91
1652704521.96462, sdrt-health/mac:02010b41cdec/antenna/tag/e2806894000040038662114f, 85
1652704521.997721, sdrt-health/mac:02010b41cdec/antenna/tag/e28068940000400386621d4f, 77
1652704521.998048, sdrt-health/mac:02010b41cdec/antenna/tag/e2806894000050038662154f, 85
1652704522.020579, sdrt-health/mac:02010b41cdec/antenna/tag/e2806894000040038662114f, 85
1652704522.077211, sdrt-health/mac:02010b41cdec/antenna/tag/e2806894000050038662154f, 85
1652704522.184019, sdrt-health/mac:02010b41cdec/antenna/tag/e28068940000400386621d4f, 77
1652704522.229543, sdrt-health/mac:02010b41cdec/antenna/tag/e28068940000400386621d4f, 77
1652704522.277396, sdrt-health/mac:02010b41cdec/antenna/tag/e28068940000500386620d4f, 97
1652704522.317579, sdrt-health/mac:02010b41cdec/antenna/tag/e28068940000500386620d4f, 83
1652704522.37517, sdrt-health/mac:02010b41cdec/antenna/tag/e2806894000050038661fd4f, 97
1652704522.375376, sdrt-health/mac:02010b41cdec/antenna/tag/e2806894000050038662154f, 85
1652704522.413216, sdrt-health/mac:02010b41cdec/antenna/tag/e2806894000040038662114f, 85
1652704522.46572, sdrt-health/mac:02010b41cdec/antenna/tag/e2806894000050038662154f, 85
1652704522.499113, sdrt-health/mac:02010b41cdec/antenna/tag/e28068940000400386621d4f, 77
1652704522.499446, sdrt-health/mac:02010b41cdec/antenna/tag/e2806894000050038662154f, 93
1652704522.527009, sdrt-health/mac:02010b41cdec/antenna/tag/e28068940000400386621d4f, 96
1652704522.572844, sdrt-health/mac:02010b41cdec/antenna/tag/e28068940000400386621d4f, 96
1652704522.617138, sdrt-health/mac:02010b41cdec/antenna/tag/e28068940000500386620d4f, 97
1652704522.651106, sdrt-health/mac:02010b41cdec/antenna/tag/e2806894000040038662114f, 85
1652704522.651306, sdrt-health/mac:02010b41cdec/antenna/tag/e2806894000050038661fd4f, 83
1652704522.669768, sdrt-health/mac:02010b41cdec/antenna/tag/e28068940000400386621d4f, 90
1652704522.735273, sdrt-health/mac:02010b41cdec/antenna/tag/e2806894000050038662154f, 85
1652704522.735481, sdrt-health/mac:02010b41cdec/antenna/tag/e28068940000400386621d4f, 90
1652704522.75086, sdrt-health/mac:02010b41cdec/antenna/tag/e2806894000040038662114f, 91
1652704522.751477, sdrt-health/mac:02010b41cdec/antenna/tag/e28068940000500386620d4f, 83
1652704522.767088, sdrt-health/mac:02010b41cdec/antenna/tag/e2806894000050038662194f, 83
1652704522.817109, sdrt-health/mac:02010b41cdec/antenna/tag/e2806894000040038662114f, 85
1652704522.875031, sdrt-health/mac:02010b41cdec/antenna/tag/e2806894000050038662194f, 81
1652704522.87552, sdrt-health/mac:02010b41cdec/antenna/tag/e28068940000400386621d4f, 96
1652704522.891135, sdrt-health/mac:02010b41cdec/antenna/tag/e2806894000050038662194f, 81
1652704522.902501, sdrt-health/mac:02010b41cdec/antenna/tag/e2806894000050038661fd4f, 97
1652704522.951115, sdrt-health/mac:02010b41cdec/antenna/tag/e2806894000050038661fd4f, 91
1652704522.997449, sdrt-health/mac:02010b41cdec/antenna/tag/e28068940000500386620d4f, 83
1652704523.03744, sdrt-health/mac:02010b41cdec/antenna/tag/e2806894000050038661fd4f, 88
1652704523.07667, sdrt-health/mac:02010b41cdec/antenna/tag/e28068940000500386620d4f, 83
1652704523.134447, sdrt-health/mac:02010b41cdec/antenna/tag/e28068940000500386620d4f, 86
1652704523.134713, sdrt-health/mac:02010b41cdec/antenna/tag/e28068940000400386621d4f, 77
1652704523.135119, sdrt-health/mac:02010b41cdec/antenna/tag/e2806894000050038662154f, 93
1652704523.150691, sdrt-health/mac:02010b41cdec/antenna/tag/e28068940000400386621d4f, 77
1652704523.177808, sdrt-health/mac:02010b41cdec/antenna/tag/e2806894000040038662114f, 85
1652704523.223291, sdrt-health/mac:02010b41cdec/antenna/tag/e2806894000050038662154f, 85
1652704523.266798, sdrt-health/mac:02010b41cdec/antenna/tag/e28068940000500386620d4f, 91
1652704523.336611, sdrt-health/mac:02010b41cdec/antenna/tag/e2806894000050038662154f, 85
1652704523.336842, sdrt-health/mac:02010b41cdec/antenna/tag/e2806894000050038662154f, 85
1652704523.352371, sdrt-health/mac:02010b41cdec/antenna/tag/e28068940000400386621d4f, 77
1652704523.387924, sdrt-health/mac:02010b41cdec/antenna/tag/e2806894000050038662194f, 83
1652704523.388155, sdrt-health/mac:02010b41cdec/antenna/tag/e2806894000050038662154f, 93
1652704523.388287, sdrt-health/mac:02010b41cdec/antenna/tag/e2806894000050038661fd4f, 91
1652704523.417272, sdrt-health/mac:02010b41cdec/antenna/tag/e2806894000050038662154f, 85
1652704523.462116, sdrt-health/mac:02010b41cdec/antenna/tag/e28068940000500386620d4f, 97
1652704523.524394, sdrt-health/mac:02010b41cdec/antenna/tag/e2806894000050038662154f, 88
1652704523.524693, sdrt-health/mac:02010b41cdec/antenna/tag/e28068940000500386620d4f, 91
1652704523.542034, sdrt-health/mac:02010b41cdec/antenna/tag/e2806894000040038662114f, 85
1652704523.542284, sdrt-health/mac:02010b41cdec/antenna/tag/e2806894000050038662154f, 85
1652704523.558048, sdrt-health/mac:02010b41cdec/antenna/tag/e2806894000040038662114f, 85
1652704523.629809, sdrt-health/mac:02010b41cdec/antenna/tag/e2806894000050038662154f, 85
1652704523.630195, sdrt-health/mac:02010b41cdec/antenna/tag/e2806894000040038662114f, 85
1652704523.645689, sdrt-health/mac:02010b41cdec/antenna/tag/e2806894000040038662114f, 85
1652704523.645928, sdrt-health/mac:02010b41cdec/antenna/tag/e2806894000050038661fd4f, 97
1652704523.657586, sdrt-health/mac:02010b41cdec/antenna/tag/e2806894000050038662154f, 88
1652704523.701089, sdrt-health/mac:02010b41cdec/antenna/tag/e28068940000500386620d4f, 97
1652704523.753695, sdrt-health/mac:02010b41cdec/antenna/tag/e2806894000050038661fd4f, 97
1652704523.753917, sdrt-health/mac:02010b41cdec/antenna/tag/e28068940000400386621d4f, 90
1652704523.780834, sdrt-health/mac:02010b41cdec/antenna/tag/e28068940000400386621d4f, 96
1652704523.833576, sdrt-health/mac:02010b41cdec/antenna/tag/e2806894000040038662114f, 85
1652704523.833797, sdrt-health/mac:02010b41cdec/antenna/tag/e2806894000040038662114f, 85
1652704523.861123, sdrt-health/mac:02010b41cdec/antenna/tag/e2806894000050038661fd4f, 88
1652704523.90937, sdrt-health/mac:02010b41cdec/antenna/tag/e2806894000050038662154f, 93
1652704523.963392, sdrt-health/mac:02010b41cdec/antenna/tag/e2806894000050038661fd4f, 97
1652704523.963853, sdrt-health/mac:02010b41cdec/antenna/tag/e2806894000050038661fd4f, 91
1652704523.979496, sdrt-health/mac:02010b41cdec/antenna/tag/e2806894000040038662214f, 81
1652704523.986446, sdrt-health/mac:02010b41cdec/antenna/tag/e28068940000400386621d4f, 77
1652704524.03746, sdrt-health/mac:02010b41cdec/antenna/tag/e2806894000040038662214f, 84
1652704524.107576, sdrt-health/mac:02010b41cdec/antenna/tag/e28068940000500386620d4f, 91
1652704524.147291, sdrt-health/mac:02010b41cdec/antenna/tag/e2806894000050038661fd4f, 91
1652704524.213955, sdrt-health/mac:02010b41cdec/antenna/tag/e2806894000050038661fd4f, 91
1652704524.214179, sdrt-health/mac:02010b41cdec/antenna/tag/e28068940000500386620d4f, 97
1652704524.230911, sdrt-health/mac:02010b41cdec/antenna/tag/e28068940000500386620d4f, 97
1652704524.236883, sdrt-health/mac:02010b41cdec/antenna/tag/e2806894000050038661fd4f, 97
1652704524.248962, sdrt-health/mac:02010b41cdec/antenna/tag/e2806894000050038662154f, 88
1652704524.249216, sdrt-health/mac:02010b41cdec/antenna/tag/e2806894000040038662114f, 88
1652704524.278671, sdrt-health/mac:02010b41cdec/antenna/tag/e2806894000050038661fd4f, 97
1652704524.359747, sdrt-health/mac:02010b41cdec/antenna/tag/e2806894000040038662114f, 88
1652704524.35995, sdrt-health/mac:02010b41cdec/antenna/tag/e2806894000050038662154f, 85
1652704524.387372, sdrt-health/mac:02010b41cdec/antenna/tag/e2806894000040038662114f, 88
1652704524.419747, sdrt-health/mac:02010b41cdec/antenna/tag/e28068940000400386621d4f, 96
1652704524.419959, sdrt-health/mac:02010b41cdec/antenna/tag/e2806894000050038662154f, 85
1652704524.436993, sdrt-health/mac:02010b41cdec/antenna/tag/e28068940000400386621d4f, 96
1652704524.477418, sdrt-health/mac:02010b41cdec/antenna/tag/e28068940000400386621d4f, 77
1652704524.51725, sdrt-health/mac:02010b41cdec/antenna/tag/e28068940000400386621d4f, 77
1652704524.573964, sdrt-health/mac:02010b41cdec/antenna/tag/e2806894000040038662114f, 93
1652704524.632076, sdrt-health/mac:02010b41cdec/antenna/tag/e2806894000050038662154f, 93
1652704524.63231, sdrt-health/mac:02010b41cdec/antenna/tag/e2806894000050038662154f, 88
1652704524.661794, sdrt-health/mac:02010b41cdec/antenna/tag/e2806894000050038661fd4f, 97
1652704524.694645, sdrt-health/mac:02010b41cdec/antenna/tag/e2806894000040038662114f, 85
1652704524.69486, sdrt-health/mac:02010b41cdec/antenna/tag/e28068940000500386620d4f, 97
1652704524.713415, sdrt-health/mac:02010b41cdec/antenna/tag/e2806894000040038662114f, 85
1652704524.713711, sdrt-health/mac:02010b41cdec/antenna/tag/e2806894000050038661fd4f, 83
1652704524.765834, sdrt-health/mac:02010b41cdec/antenna/tag/e2806894000040038662114f, 85
1652704524.798084, sdrt-health/mac:02010b41cdec/antenna/tag/e2806894000050038661fd4f, 97
1652704524.798537, sdrt-health/mac:02010b41cdec/antenna/tag/e2806894000050038662154f, 85
1652704524.798783, sdrt-health/mac:02010b41cdec/antenna/tag/e28068940000400386621d4f, 96
1652704524.814521, sdrt-health/mac:02010b41cdec/antenna/tag/e2806894000040038662114f, 85
1652704524.815019, sdrt-health/mac:02010b41cdec/antenna/tag/e2806894000040038662114f, 85
1652704524.857398, sdrt-health/mac:02010b41cdec/antenna/tag/e2806894000050038662154f, 85
1652704524.916772, sdrt-health/mac:02010b41cdec/antenna/tag/e28068940000400386621d4f, 77
1652704524.917012, sdrt-health/mac:02010b41cdec/antenna/tag/e28068940000400386621d4f, 77
1652704524.935732, sdrt-health/mac:02010b41cdec/antenna/tag/e2806894000050038661fd4f, 88
1652704524.947844, sdrt-health/mac:02010b41cdec/antenna/tag/e28068940000500386620d4f, 83
1652704524.952374, sdrt-health/mac:02010b41cdec/antenna/tag/e28068940000500386620d4f, 97
1652704524.998476, sdrt-health/mac:02010b41cdec/antenna/tag/e28068940000500386620d4f, 97
1652704525.053513, sdrt-health/mac:02010b41cdec/antenna/tag/e2806894000050038662154f, 88
1652704525.053774, sdrt-health/mac:02010b41cdec/antenna/tag/e2806894000050038662154f, 85
1652704525.071015, sdrt-health/mac:02010b41cdec/antenna/tag/e28068940000400386621d4f, 96
1652704525.077891, sdrt-health/mac:02010b41cdec/antenna/tag/e28068940000500386620d4f, 91
1652704525.08968, sdrt-health/mac:02010b41cdec/antenna/tag/e2806894000040038662114f, 85
1652704525.117567, sdrt-health/mac:02010b41cdec/antenna/tag/e2806894000040038662054f, 81
1652704525.157706, sdrt-health/mac:02010b41cdec/antenna/tag/e2806894000040038662114f, 85
1652704525.215387, sdrt-health/mac:02010b41cdec/antenna/tag/e28068940000500386620d4f, 83
1652704525.215742, sdrt-health/mac:02010b41cdec/antenna/tag/e2806894000050038662154f, 88
1652704525.231223, sdrt-health/mac:02010b41cdec/antenna/tag/e28068940000500386620d4f, 97
1652704525.247378, sdrt-health/mac:02010b41cdec/antenna/tag/e28068940000400386621d4f, 90
1652704525.293676, sdrt-health/mac:02010b41cdec/antenna/tag/e28068940000500386620d4f, 83
1652704525.337243, sdrt-health/mac:02010b41cdec/antenna/tag/e28068940000500386620d4f, 83
1652704525.401489, sdrt-health/mac:02010b41cdec/antenna/tag/e2806894000040038662114f, 85
1652704525.401871, sdrt-health/mac:02010b41cdec/antenna/tag/e28068940000400386621d4f, 77
1652704525.455276, sdrt-health/mac:02010b41cdec/antenna/tag/e28068940000500386620d4f, 83
1652704525.498018, sdrt-health/mac:02010b41cdec/antenna/tag/e2806894000040038662114f, 85
1652704525.557987, sdrt-health/mac:02010b41cdec/antenna/tag/e28068940000500386620d4f, 97
1652704525.558486, sdrt-health/mac:02010b41cdec/antenna/tag/e2806894000040038662114f, 85
1652704525.574055, sdrt-health/mac:02010b41cdec/antenna/tag/e2806894000050038661fd4f, 97
1652704525.586702, sdrt-health/mac:02010b41cdec/antenna/tag/e2806894000040038662114f, 88
1652704525.59177, sdrt-health/mac:02010b41cdec/antenna/tag/e2806894000050038661fd4f, 97
1652704525.591988, sdrt-health/mac:02010b41cdec/antenna/tag/e28068940000400386621d4f, 96
1652704525.637607, sdrt-health/mac:02010b41cdec/antenna/tag/e28068940000400386621d4f, 90
1652704525.6768, sdrt-health/mac:02010b41cdec/antenna/tag/e2806894000050038662154f, 85
1652704525.734092, sdrt-health/mac:02010b41cdec/antenna/tag/e28068940000400386621d4f, 96
1652704525.734476, sdrt-health/mac:02010b41cdec/antenna/tag/e28068940000400386621d4f, 96
1652704525.750465, sdrt-health/mac:02010b41cdec/antenna/tag/e2806894000050038661fd4f, 91
1652704525.757855, sdrt-health/mac:02010b41cdec/antenna/tag/e28068940000500386620d4f, 97
1652704525.797763, sdrt-health/mac:02010b41cdec/antenna/tag/e2806894000050038661fd4f, 91
1652704525.8714, sdrt-health/mac:02010b41cdec/antenna/tag/e28068940000400386621d4f, 77
1652704525.871847, sdrt-health/mac:02010b41cdec/antenna/tag/e2806894000050038661fd4f, 88
1652704525.917251, sdrt-health/mac:02010b41cdec/antenna/tag/e2806894000040038662114f, 88
1652704525.957293, sdrt-health/mac:02010b41cdec/antenna/tag/e2806894000050038662154f, 83
1652704526.015054, sdrt-health/mac:02010b41cdec/antenna/tag/e2806894000040038662114f, 85
1652704526.015307, sdrt-health/mac:02010b41cdec/antenna/tag/e28068940000500386620d4f, 83
1652704526.031824, sdrt-health/mac:02010b41cdec/antenna/tag/e2806894000050038661fd4f, 91
1652704526.037548, sdrt-health/mac:02010b41cdec/antenna/tag/e28068940000500386620d4f, 91
1652704526.049135, sdrt-health/mac:02010b41cdec/antenna/tag/e2806894000050038661fd4f, 97
1652704526.078086, sdrt-health/mac:02010b41cdec/antenna/tag/e28068940000500386620d4f, 97
1652704526.144327, sdrt-health/mac:02010b41cdec/antenna/tag/e28068940000400386621d4f, 96
1652704526.144542, sdrt-health/mac:02010b41cdec/antenna/tag/e2806894000040038662114f, 87
1652704526.20016, sdrt-health/mac:02010b41cdec/antenna/tag/e28068940000400386621d4f, 90
1652704526.251959, sdrt-health/mac:02010b41cdec/antenna/tag/e28068940000500386620d4f, 97
1652704526.311422, sdrt-health/mac:02010b41cdec/antenna/tag/e2806894000040038662114f, 93
1652704526.311646, sdrt-health/mac:02010b41cdec/antenna/tag/e2806894000050038662194f, 88
1652704526.347327, sdrt-health/mac:02010b41cdec/antenna/tag/e2806894000050038661fd4f, 97
1652704526.385825, sdrt-health/mac:02010b41cdec/antenna/tag/e2806894000050038661fd4f, 91
1652704526.437363, sdrt-health/mac:02010b41cdec/antenna/tag/e2806894000050038661fd4f, 91
1652704526.437773, sdrt-health/mac:02010b41cdec/antenna/tag/e2806894000050038662194f, 110
1652704526.454661, sdrt-health/mac:02010b41cdec/antenna/tag/e28068940000400386621d4f, 77
1652704526.478132, sdrt-health/mac:02010b41cdec/antenna/tag/e2806894000050038662154f, 83
1652704526.531871, sdrt-health/mac:02010b41cdec/antenna/tag/e2806894000050038661fd4f, 88
1652704526.532075, sdrt-health/mac:02010b41cdec/antenna/tag/e28068940000500386620d4f, 83
1652704526.594803, sdrt-health/mac:02010b41cdec/antenna/tag/e2806894000040038662114f, 88
1652704526.636597, sdrt-health/mac:02010b41cdec/antenna/tag/e2806894000050038662154f, 85
1652704526.691529, sdrt-health/mac:02010b41cdec/antenna/tag/e2806894000040038662114f, 93
1652704526.732672, sdrt-health/mac:02010b41cdec/antenna/tag/e28068940000500386620d4f, 83
1652704526.791758, sdrt-health/mac:02010b41cdec/antenna/tag/e28068940000500386620d4f, 97
1652704526.791992, sdrt-health/mac:02010b41cdec/antenna/tag/e2806894000050038662154f, 88
1652704526.837404, sdrt-health/mac:02010b41cdec/antenna/tag/e2806894000050038662154f, 85
1652704526.876261, sdrt-health/mac:02010b41cdec/antenna/tag/e2806894000050038662154f, 85
1652704526.907364, sdrt-health/mac:02010b41cdec/antenna/tag/e28068940000500386620d4f, 83
1652704526.907659, sdrt-health/mac:02010b41cdec/antenna/tag/e28068940000400386621d4f, 77
1652704526.90779, sdrt-health/mac:02010b41cdec/antenna/tag/e28068940000500386620d4f, 83
1652704526.922976, sdrt-health/mac:02010b41cdec/antenna/tag/e28068940000400386621d4f, 96
1652704526.974149, sdrt-health/mac:02010b41cdec/antenna/tag/e2806894000050038662194f, 94
1652704527.018977, sdrt-health/mac:02010b41cdec/antenna/tag/e2806894000050038662154f, 85
1652704527.077195, sdrt-health/mac:02010b41cdec/antenna/tag/e28068940000400386621d4f, 77
1652704527.1169, sdrt-health/mac:02010b41cdec/antenna/tag/e28068940000500386620d4f, 97
1652704527.172869, sdrt-health/mac:02010b41cdec/antenna/tag/e28068940000400386621d4f, 77
1652704527.173319, sdrt-health/mac:02010b41cdec/antenna/tag/e2806894000050038661fd4f, 88
1652704527.188483, sdrt-health/mac:02010b41cdec/antenna/tag/e2806894000050038662154f, 93
1652704527.19687, sdrt-health/mac:02010b41cdec/antenna/tag/e28068940000400386621d4f, 77
1652704527.204338, sdrt-health/mac:02010b41cdec/antenna/tag/e2806894000050038662154f, 85
1652704527.235772, sdrt-health/mac:02010b41cdec/antenna/tag/e2806894000050038661fd4f, 91
1652704527.294723, sdrt-health/mac:02010b41cdec/antenna/tag/e28068940000400386621d4f, 77
1652704527.295055, sdrt-health/mac:02010b41cdec/antenna/tag/e28068940000500386620d4f, 83
1652704527.311804, sdrt-health/mac:02010b41cdec/antenna/tag/e28068940000400386621d4f, 77
1652704527.337516, sdrt-health/mac:02010b41cdec/antenna/tag/e2806894000050038661fd4f, 91
1652704527.381669, sdrt-health/mac:02010b41cdec/antenna/tag/e28068940000500386620d4f, 97
1652704527.44483, sdrt-health/mac:02010b41cdec/antenna/tag/e2806894000050038661fd4f, 91
1652704527.445229, sdrt-health/mac:02010b41cdec/antenna/tag/e28068940000500386620d4f, 83
1652704527.461657, sdrt-health/mac:02010b41cdec/antenna/tag/e2806894000050038661fd4f, 88
1652704527.493183, sdrt-health/mac:02010b41cdec/antenna/tag/e2806894000040038662114f, 85
1652704527.493428, sdrt-health/mac:02010b41cdec/antenna/tag/e2806894000050038662194f, 83
1652704527.517022, sdrt-health/mac:02010b41cdec/antenna/tag/e2806894000050038661fd4f, 91
1652704527.550711, sdrt-health/mac:02010b41cdec/antenna/tag/e28068940000500386620d4f, 83
1652704527.551001, sdrt-health/mac:02010b41cdec/antenna/tag/e28068940000400386621d4f, 77
1652704527.577101, sdrt-health/mac:02010b41cdec/antenna/tag/e2806894000040038662114f, 85
1652704527.6226, sdrt-health/mac:02010b41cdec/antenna/tag/e28068940000500386620d4f, 83
1652704527.684835, sdrt-health/mac:02010b41cdec/antenna/tag/e2806894000050038662154f, 93
1652704527.685027, sdrt-health/mac:02010b41cdec/antenna/tag/e2806894000050038662154f, 83
1652704527.701887, sdrt-health/mac:02010b41cdec/antenna/tag/e28068940000400386621d4f, 77
1652704527.702262, sdrt-health/mac:02010b41cdec/antenna/tag/e2806894000040038662114f, 85
1652704527.716439, sdrt-health/mac:02010b41cdec/antenna/tag/e2806894000050038662154f, 87
1652704527.759238, sdrt-health/mac:02010b41cdec/antenna/tag/e2806894000050038662154f, 85
1652704527.814266, sdrt-health/mac:02010b41cdec/antenna/tag/e28068940000400386621d4f, 96
1652704527.814661, sdrt-health/mac:02010b41cdec/antenna/tag/e2806894000040038662114f, 88
1652704527.830844, sdrt-health/mac:02010b41cdec/antenna/tag/e2806894000050038662154f, 93
1652704527.853505, sdrt-health/mac:02010b41cdec/antenna/tag/e28068940000400386621d4f, 96
1652704527.898221, sdrt-health/mac:02010b41cdec/antenna/tag/e2806894000050038662194f, 81
1652704527.994476, sdrt-health/mac:02010b41cdec/antenna/tag/e2806894000040038662114f, 88
1652704527.994853, sdrt-health/mac:02010b41cdec/antenna/tag/e2806894000050038662194f, 94
1652704528.020982, sdrt-health/mac:02010b41cdec/antenna/tag/e2806894000040038662114f, 85
1652704528.066647, sdrt-health/mac:02010b41cdec/antenna/tag/e2806894000040038662114f, 93
1652704528.123256, sdrt-health/mac:02010b41cdec/antenna/tag/e28068940000500386620d4f, 83
1652704528.123477, sdrt-health/mac:02010b41cdec/antenna/tag/e28068940000500386620d4f, 97
1652704528.146279, sdrt-health/mac:02010b41cdec/antenna/tag/e2806894000050038661fd4f, 97
1652704528.197642, sdrt-health/mac:02010b41cdec/antenna/tag/e2806894000050038661fd4f, 97
1652704528.230116, sdrt-health/mac:02010b41cdec/antenna/tag/e2806894000050038662154f, 85
1652704528.230601, sdrt-health/mac:02010b41cdec/antenna/tag/e2806894000040038662114f, 85
1652704528.261354, sdrt-health/mac:02010b41cdec/antenna/tag/e28068940000400386621d4f, 96
1652704528.308251, sdrt-health/mac:02010b41cdec/antenna/tag/e28068940000500386620d4f, 83
1652704528.343417, sdrt-health/mac:02010b41cdec/antenna/tag/e2806894000050038661fd4f, 97
1652704528.343623, sdrt-health/mac:02010b41cdec/antenna/tag/e2806894000050038662154f, 85
1652704528.359015, sdrt-health/mac:02010b41cdec/antenna/tag/e2806894000050038661fd4f, 88
1652704528.396484, sdrt-health/mac:02010b41cdec/antenna/tag/e28068940000500386620d4f, 83
1652704528.436478, sdrt-health/mac:02010b41cdec/antenna/tag/e28068940000400386621d4f, 96
1652704528.467962, sdrt-health/mac:02010b41cdec/antenna/tag/e28068940000400386621d4f, 77
1652704528.468178, sdrt-health/mac:02010b41cdec/antenna/tag/e2806894000050038662154f, 93
1652704528.483509, sdrt-health/mac:02010b41cdec/antenna/tag/e28068940000400386621d4f, 77
1652704528.516726, sdrt-health/mac:02010b41cdec/antenna/tag/e28068940000400386621d4f, 96
1652704528.63452, sdrt-health/mac:02010b41cdec/antenna/tag/e28068940000500386620d4f, 83
1652704528.634892, sdrt-health/mac:02010b41cdec/antenna/tag/e28068940000400386621d4f, 77
1652704528.677253, sdrt-health/mac:02010b41cdec/antenna/tag/e2806894000040038662114f, 85
1652704528.712606, sdrt-health/mac:02010b41cdec/antenna/tag/e2806894000050038662154f, 93
1652704528.712994, sdrt-health/mac:02010b41cdec/antenna/tag/e28068940000500386620d4f, 83
1652704528.729625, sdrt-health/mac:02010b41cdec/antenna/tag/e2806894000040038662114f, 85
1652704528.729848, sdrt-health/mac:02010b41cdec/antenna/tag/e28068940000400386621d4f, 77
1652704528.729941, sdrt-health/mac:02010b41cdec/antenna/tag/e28068940000500386620d4f, 83
1652704528.756678, sdrt-health/mac:02010b41cdec/antenna/tag/e2806894000050038661fd4f, 91
1652704528.797253, sdrt-health/mac:02010b41cdec/antenna/tag/e28068940000500386620d4f, 91
1652704528.852547, sdrt-health/mac:02010b41cdec/antenna/tag/e28068940000400386621d4f, 96
1652704528.85277, sdrt-health/mac:02010b41cdec/antenna/tag/e28068940000500386620d4f, 97
1652704528.868639, sdrt-health/mac:02010b41cdec/antenna/tag/e28068940000400386621d4f, 96
1652704528.908672, sdrt-health/mac:02010b41cdec/antenna/tag/e28068940000500386620d4f, 97
1652704528.909049, sdrt-health/mac:02010b41cdec/antenna/tag/e2806894000050038662154f, 93
1652704528.936442, sdrt-health/mac:02010b41cdec/antenna/tag/e2806894000040038662114f, 93
1652704528.997321, sdrt-health/mac:02010b41cdec/antenna/tag/e2806894000050038662154f, 87
1652704528.997557, sdrt-health/mac:02010b41cdec/antenna/tag/e28068940000500386620d4f, 86
1652704529.026439, sdrt-health/mac:02010b41cdec/antenna/tag/e28068940000400386621d4f, 96
1652704529.076949, sdrt-health/mac:02010b41cdec/antenna/tag/e2806894000050038662154f, 88
1652704529.115938, sdrt-health/mac:02010b41cdec/antenna/tag/e28068940000400386621d4f, 96
1652704529.157019, sdrt-health/mac:02010b41cdec/antenna/tag/e28068940000400386621d4f, 96
1652704529.196525, sdrt-health/mac:02010b41cdec/antenna/tag/e28068940000500386620d4f, 97
1652704529.23628, sdrt-health/mac:02010b41cdec/antenna/tag/e28068940000500386620d4f, 97
1652704529.292631, sdrt-health/mac:02010b41cdec/antenna/tag/e2806894000050038662154f, 93
1652704529.292861, sdrt-health/mac:02010b41cdec/antenna/tag/e2806894000050038662154f, 87
1652704529.316507, sdrt-health/mac:02010b41cdec/antenna/tag/e28068940000500386620d4f, 83
1652704529.372373, sdrt-health/mac:02010b41cdec/antenna/tag/e2806894000040038662114f, 88
1652704529.372585, sdrt-health/mac:02010b41cdec/antenna/tag/e2806894000050038661fd4f, 83
1652704529.392016, sdrt-health/mac:02010b41cdec/antenna/tag/e2806894000040038662114f, 85
1652704529.396612, sdrt-health/mac:02010b41cdec/antenna/tag/e2806894000040038662114f, 85
1652704529.408106, sdrt-health/mac:02010b41cdec/antenna/tag/e2806894000040038662114f, 93
1652704529.456826, sdrt-health/mac:02010b41cdec/antenna/tag/e2806894000040038662114f, 87
1652704529.514043, sdrt-health/mac:02010b41cdec/antenna/tag/e2806894000050038662154f, 85
1652704529.514391, sdrt-health/mac:02010b41cdec/antenna/tag/e2806894000050038661fd4f, 91
1652704529.514648, sdrt-health/mac:02010b41cdec/antenna/tag/e28068940000500386620d4f, 97
1652704529.568828, sdrt-health/mac:02010b41cdec/antenna/tag/e2806894000040038662114f, 93
1652704529.612168, sdrt-health/mac:02010b41cdec/antenna/tag/e28068940000500386620d4f, 83
1652704529.672211, sdrt-health/mac:02010b41cdec/antenna/tag/e28068940000500386620d4f, 83
1652704529.672442, sdrt-health/mac:02010b41cdec/antenna/tag/e28068940000500386620d4f, 83
1652704529.700588, sdrt-health/mac:02010b41cdec/antenna/tag/e28068940000500386620d4f, 97
1652704529.761916, sdrt-health/mac:02010b41cdec/antenna/tag/e28068940000500386620d4f, 91
1652704529.762556, sdrt-health/mac:02010b41cdec/antenna/tag/e2806894000040038662114f, 85
1652704529.777063, sdrt-health/mac:02010b41cdec/antenna/tag/e2806894000050038661fd4f, 97
1652704529.806652, sdrt-health/mac:02010b41cdec/antenna/tag/e28068940000500386620d4f, 83
1652704529.860415, sdrt-health/mac:02010b41cdec/antenna/tag/e2806894000050038662154f, 88
1652704529.923499, sdrt-health/mac:02010b41cdec/antenna/tag/e28068940000400386621d4f, 96
1652704529.923935, sdrt-health/mac:02010b41cdec/antenna/tag/e2806894000040038662114f, 85
1652704529.95674, sdrt-health/mac:02010b41cdec/antenna/tag/e2806894000050038661fd4f, 91
1652704530.012847, sdrt-health/mac:02010b41cdec/antenna/tag/e2806894000040038662114f, 85
1652704530.013029, sdrt-health/mac:02010b41cdec/antenna/tag/e2806894000040038662114f, 85
1652704530.027683, sdrt-health/mac:02010b41cdec/antenna/tag/e2806894000050038661fd4f, 91
1652704530.094337, sdrt-health/mac:02010b41cdec/antenna/tag/e2806894000050038662154f, 85
1652704530.137906, sdrt-health/mac:02010b41cdec/antenna/tag/e28068940000500386620d4f, 97
1652704530.199641, sdrt-health/mac:02010b41cdec/antenna/tag/e2806894000050038662154f, 88
1652704530.199868, sdrt-health/mac:02010b41cdec/antenna/tag/e28068940000400386621d4f, 96
1652704530.226693, sdrt-health/mac:02010b41cdec/antenna/tag/e28068940000400386621d4f, 96
1652704530.293072, sdrt-health/mac:02010b41cdec/antenna/tag/e28068940000500386620d4f, 83
1652704530.293455, sdrt-health/mac:02010b41cdec/antenna/tag/e2806894000050038662154f, 88
1652704530.309228, sdrt-health/mac:02010b41cdec/antenna/tag/e2806894000040038662114f, 93
1652704530.309462, sdrt-health/mac:02010b41cdec/antenna/tag/e28068940000500386620d4f, 97
1652704530.309594, sdrt-health/mac:02010b41cdec/antenna/tag/e2806894000050038662154f, 85
1652704530.324648, sdrt-health/mac:02010b41cdec/antenna/tag/e28068940000500386620d4f, 83
1652704530.324888, sdrt-health/mac:02010b41cdec/antenna/tag/e2806894000050038662154f, 85
1652704530.36618, sdrt-health/mac:02010b41cdec/antenna/tag/e28068940000500386620d4f, 83
1652704530.428637, sdrt-health/mac:02010b41cdec/antenna/tag/e2806894000050038661fd4f, 91
1652704530.428923, sdrt-health/mac:02010b41cdec/antenna/tag/e2806894000040038662114f, 93
1652704530.445116, sdrt-health/mac:02010b41cdec/antenna/tag/e2806894000050038661fd4f, 91
1652704530.45639, sdrt-health/mac:02010b41cdec/antenna/tag/e28068940000500386620d4f, 91
1652704530.500064, sdrt-health/mac:02010b41cdec/antenna/tag/e2806894000050038661fd4f, 91
1652704530.561418, sdrt-health/mac:02010b41cdec/antenna/tag/e2806894000050038662154f, 87
1652704530.561685, sdrt-health/mac:02010b41cdec/antenna/tag/e2806894000050038662154f, 85
1652704530.596561, sdrt-health/mac:02010b41cdec/antenna/tag/e2806894000050038662154f, 93
1652704530.651837, sdrt-health/mac:02010b41cdec/antenna/tag/e2806894000050038662154f, 85
1652704530.652067, sdrt-health/mac:02010b41cdec/antenna/tag/e28068940000400386621d4f, 96
1652704530.68501, sdrt-health/mac:02010b41cdec/antenna/tag/e2806894000040038662114f, 93
1652704530.781854, sdrt-health/mac:02010b41cdec/antenna/tag/e2806894000050038661fd4f, 91
1652704530.782234, sdrt-health/mac:02010b41cdec/antenna/tag/e2806894000040038662114f, 91
1652704530.813286, sdrt-health/mac:02010b41cdec/antenna/tag/e2806894000050038662154f, 93
1652704530.883207, sdrt-health/mac:02010b41cdec/antenna/tag/e28068940000500386620d4f, 83
1652704530.883408, sdrt-health/mac:02010b41cdec/antenna/tag/e28068940000500386620d4f, 83
1652704530.915992, sdrt-health/mac:02010b41cdec/antenna/tag/e2806894000040038662114f, 88
1652704530.972806, sdrt-health/mac:02010b41cdec/antenna/tag/e2806894000050038662154f, 85
1652704530.973035, sdrt-health/mac:02010b41cdec/antenna/tag/e28068940000500386620d4f, 97
1652704531.004975, sdrt-health/mac:02010b41cdec/antenna/tag/e2806894000050038661fd4f, 91
1652704531.132242, sdrt-health/mac:02010b41cdec/antenna/tag/e2806894000050038661fd4f, 97
1652704531.186603, sdrt-health/mac:02010b41cdec/antenna/tag/e2806894000050038661fd4f, 97
1652704531.251264, sdrt-health/mac:02010b41cdec/antenna/tag/e28068940000400386621d4f, 96
1652704531.251631, sdrt-health/mac:02010b41cdec/antenna/tag/e28068940000400386621d4f, 96
1652704531.291507, sdrt-health/mac:02010b41cdec/antenna/tag/e28068940000500386620d4f, 91
1652704531.352499, sdrt-health/mac:02010b41cdec/antenna/tag/e2806894000050038661fd4f, 97
1652704531.352741, sdrt-health/mac:02010b41cdec/antenna/tag/e2806894000050038662154f, 88
1652704531.381644, sdrt-health/mac:02010b41cdec/antenna/tag/e2806894000050038662154f, 83
1652704531.444939, sdrt-health/mac:02010b41cdec/antenna/tag/e28068940000500386620d4f, 97
1652704531.445364, sdrt-health/mac:02010b41cdec/antenna/tag/e2806894000050038662154f, 93
1652704531.485232, sdrt-health/mac:02010b41cdec/antenna/tag/e28068940000400386621d4f, 90
1652704531.53226, sdrt-health/mac:02010b41cdec/antenna/tag/e28068940000500386620d4f, 91
1652704531.593844, sdrt-health/mac:02010b41cdec/antenna/tag/e2806894000040038662114f, 93
1652704531.594097, sdrt-health/mac:02010b41cdec/antenna/tag/e2806894000050038662154f, 88
1652704531.61003, sdrt-health/mac:02010b41cdec/antenna/tag/e2806894000050038661fd4f, 97
1652704531.610258, sdrt-health/mac:02010b41cdec/antenna/tag/e28068940000500386620d4f, 91
1652704531.610374, sdrt-health/mac:02010b41cdec/antenna/tag/e28068940000400386621d4f, 96
1652704531.620585, sdrt-health/mac:02010b41cdec/antenna/tag/e28068940000400386621d4f, 96
1652704531.665843, sdrt-health/mac:02010b41cdec/antenna/tag/e28068940000500386620d4f, 97
1652704531.695966, sdrt-health/mac:02010b41cdec/antenna/tag/e2806894000050038661fd4f, 83
1652704531.696182, sdrt-health/mac:02010b41cdec/antenna/tag/e2806894000040038662114f, 85
1652704531.696315, sdrt-health/mac:02010b41cdec/antenna/tag/e28068940000400386621d4f, 96
1652704531.71599, sdrt-health/mac:02010b41cdec/antenna/tag/e2806894000050038661fd4f, 83
1652704531.756167, sdrt-health/mac:02010b41cdec/antenna/tag/e2806894000050038661fd4f, 83
1652704531.833099, sdrt-health/mac:02010b41cdec/antenna/tag/e2806894000040038662114f, 93
1652704531.83348, sdrt-health/mac:02010b41cdec/antenna/tag/e2806894000050038662154f, 88
1652704531.848651, sdrt-health/mac:02010b41cdec/antenna/tag/e28068940000400386621d4f, 90
1652704531.858977, sdrt-health/mac:02010b41cdec/antenna/tag/e2806894000040038662114f, 85
1652704531.906388, sdrt-health/mac:02010b41cdec/antenna/tag/e28068940000400386621d4f, 77
1652704531.972313, sdrt-health/mac:02010b41cdec/antenna/tag/e2806894000040038662114f, 85
1652704531.972561, sdrt-health/mac:02010b41cdec/antenna/tag/e28068940000400386621d4f, 77
1652704531.98759, sdrt-health/mac:02010b41cdec/antenna/tag/e2806894000050038661fd4f, 88
1652704532.045798, sdrt-health/mac:02010b41cdec/antenna/tag/e2806894000050038661fd4f, 88
1652704532.046186, sdrt-health/mac:02010b41cdec/antenna/tag/e2806894000040038662114f, 85
1652704532.076207, sdrt-health/mac:02010b41cdec/antenna/tag/e2806894000040038662114f, 88
1652704532.136355, sdrt-health/mac:02010b41cdec/antenna/tag/e28068940000500386620d4f, 97
1652704532.179967, sdrt-health/mac:02010b41cdec/antenna/tag/e28068940000400386621d4f, 96
1652704532.242093, sdrt-health/mac:02010b41cdec/antenna/tag/e28068940000400386621d4f, 90
1652704532.24245, sdrt-health/mac:02010b41cdec/antenna/tag/e2806894000050038662154f, 85
1652704532.257204, sdrt-health/mac:02010b41cdec/antenna/tag/e2806894000040038662114f, 88
1652704532.277188, sdrt-health/mac:02010b41cdec/antenna/tag/e2806894000040038662114f, 85
1652704532.330762, sdrt-health/mac:02010b41cdec/antenna/tag/e2806894000050038662154f, 87
1652704532.331017, sdrt-health/mac:02010b41cdec/antenna/tag/e28068940000500386620d4f, 83
1652704532.366255, sdrt-health/mac:02010b41cdec/antenna/tag/e2806894000040038662114f, 85
1652704532.42753, sdrt-health/mac:02010b41cdec/antenna/tag/e28068940000500386620d4f, 83
1652704532.427793, sdrt-health/mac:02010b41cdec/antenna/tag/e2806894000050038661fd4f, 88
1652704532.457036, sdrt-health/mac:02010b41cdec/antenna/tag/e28068940000500386620d4f, 83
1652704532.499875, sdrt-health/mac:02010b41cdec/antenna/tag/e2806894000050038661fd4f, 88
1652704532.546634, sdrt-health/mac:02010b41cdec/antenna/tag/e28068940000500386620d4f, 91
1652704532.607348, sdrt-health/mac:02010b41cdec/antenna/tag/e2806894000040038662114f, 93
1652704532.661204, sdrt-health/mac:02010b41cdec/antenna/tag/e2806894000040038662114f, 93
1652704532.720431, sdrt-health/mac:02010b41cdec/antenna/tag/e28068940000500386620d4f, 97
1652704532.72064, sdrt-health/mac:02010b41cdec/antenna/tag/e2806894000040038662114f, 85
1652704532.736188, sdrt-health/mac:02010b41cdec/antenna/tag/e2806894000050038662154f, 85
1652704532.756534, sdrt-health/mac:02010b41cdec/antenna/tag/e28068940000500386620d4f, 83
1652704532.812341, sdrt-health/mac:02010b41cdec/antenna/tag/e28068940000400386621d4f, 96
1652704532.812648, sdrt-health/mac:02010b41cdec/antenna/tag/e2806894000050038662194f, 94
1652704532.828441, sdrt-health/mac:02010b41cdec/antenna/tag/e28068940000500386620d4f, 97
1652704532.836605, sdrt-health/mac:02010b41cdec/antenna/tag/e2806894000050038661fd4f, 83
1652704532.876999, sdrt-health/mac:02010b41cdec/antenna/tag/e2806894000050038661fd4f, 83
1652704532.932501, sdrt-health/mac:02010b41cdec/antenna/tag/e28068940000400386621d4f, 96
1652704532.93271, sdrt-health/mac:02010b41cdec/antenna/tag/e28068940000400386621d4f, 77
1652704532.956501, sdrt-health/mac:02010b41cdec/antenna/tag/e2806894000050038662154f, 93
1652704532.997181, sdrt-health/mac:02010b41cdec/antenna/tag/e2806894000050038661fd4f, 88
1652704533.103706, sdrt-health/mac:02010b41cdec/antenna/tag/e28068940000500386620d4f, 83
1652704533.103925, sdrt-health/mac:02010b41cdec/antenna/tag/e2806894000040038662114f, 88
1652704533.132621, sdrt-health/mac:02010b41cdec/antenna/tag/e2806894000050038662154f, 85
1652704533.228268, sdrt-health/mac:02010b41cdec/antenna/tag/e28068940000500386620d4f, 83
1652704533.228573, sdrt-health/mac:02010b41cdec/antenna/tag/e28068940000400386621d4f, 96
1652704533.256816, sdrt-health/mac:02010b41cdec/antenna/tag/e28068940000500386620d4f, 97
1652704533.28888, sdrt-health/mac:02010b41cdec/antenna/tag/e28068940000400386621d4f, 96
1652704533.289088, sdrt-health/mac:02010b41cdec/antenna/tag/e2806894000040038662114f, 85
1652704533.304375, sdrt-health/mac:02010b41cdec/antenna/tag/e2806894000040038662114f, 93
1652704533.347268, sdrt-health/mac:02010b41cdec/antenna/tag/e28068940000400386621d4f, 96
1652704533.413001, sdrt-health/mac:02010b41cdec/antenna/tag/e28068940000400386621d4f, 96
1652704533.413393, sdrt-health/mac:02010b41cdec/antenna/tag/e28068940000500386620d4f, 83
1652704533.428621, sdrt-health/mac:02010b41cdec/antenna/tag/e28068940000500386620d4f, 83
1652704533.42882, sdrt-health/mac:02010b41cdec/antenna/tag/e2806894000050038661fd4f, 88
1652704533.428943, sdrt-health/mac:02010b41cdec/antenna/tag/e28068940000400386621d4f, 96
1652704533.44479, sdrt-health/mac:02010b41cdec/antenna/tag/e28068940000400386621d4f, 96
1652704533.476004, sdrt-health/mac:02010b41cdec/antenna/tag/e28068940000400386621d4f, 90
1652704533.532364, sdrt-health/mac:02010b41cdec/antenna/tag/e2806894000050038662194f, 94
1652704533.532551, sdrt-health/mac:02010b41cdec/antenna/tag/e28068940000400386621d4f, 96
1652704533.548482, sdrt-health/mac:02010b41cdec/antenna/tag/e2806894000050038662154f, 87
1652704533.581269, sdrt-health/mac:02010b41cdec/antenna/tag/e28068940000500386620d4f, 83
1652704533.581579, sdrt-health/mac:02010b41cdec/antenna/tag/e2806894000050038662154f, 93
1652704533.596586, sdrt-health/mac:02010b41cdec/antenna/tag/e2806894000040038662214f, 81
1652704533.597044, sdrt-health/mac:02010b41cdec/antenna/tag/e2806894000050038662154f, 93
1652704533.597416, sdrt-health/mac:02010b41cdec/antenna/tag/e2806894000050038661fd4f, 91
1652704533.636503, sdrt-health/mac:02010b41cdec/antenna/tag/e2806894000040038662214f, 88
1652704533.733498, sdrt-health/mac:02010b41cdec/antenna/tag/e28068940000500386620d4f, 83
1652704533.733873, sdrt-health/mac:02010b41cdec/antenna/tag/e2806894000050038661fd4f, 88
1652704533.756131, sdrt-health/mac:02010b41cdec/antenna/tag/e28068940000400386621d4f, 77
1652704533.81152, sdrt-health/mac:02010b41cdec/antenna/tag/e2806894000050038662154f, 87
1652704533.8117, sdrt-health/mac:02010b41cdec/antenna/tag/e2806894000040038662114f, 93
1652704533.826969, sdrt-health/mac:02010b41cdec/antenna/tag/e2806894000050038661fd4f, 88
1652704533.835952, sdrt-health/mac:02010b41cdec/antenna/tag/e2806894000050038661fd4f, 91
1652704533.876765, sdrt-health/mac:02010b41cdec/antenna/tag/e2806894000040038662114f, 85
1652704533.916658, sdrt-health/mac:02010b41cdec/antenna/tag/e2806894000040038662114f, 85
1652704533.972738, sdrt-health/mac:02010b41cdec/antenna/tag/e2806894000050038661fd4f, 88
1652704533.972942, sdrt-health/mac:02010b41cdec/antenna/tag/e2806894000050038662154f, 88
1652704533.997245, sdrt-health/mac:02010b41cdec/antenna/tag/e2806894000050038662194f, 94
1652704534.065369, sdrt-health/mac:02010b41cdec/antenna/tag/e28068940000500386620d4f, 83
1652704534.065723, sdrt-health/mac:02010b41cdec/antenna/tag/e28068940000500386620d4f, 83
1652704534.087915, sdrt-health/mac:02010b41cdec/antenna/tag/e2806894000050038662154f, 85
1652704534.11657, sdrt-health/mac:02010b41cdec/antenna/tag/e2806894000050038661fd4f, 91
1652704534.174969, sdrt-health/mac:02010b41cdec/antenna/tag/e28068940000500386620d4f, 83
1652704534.175223, sdrt-health/mac:02010b41cdec/antenna/tag/e2806894000050038662154f, 83
1652704534.197682, sdrt-health/mac:02010b41cdec/antenna/tag/e28068940000400386621d4f, 77
1652704534.236859, sdrt-health/mac:02010b41cdec/antenna/tag/e28068940000400386621d4f, 96
1652704534.294457, sdrt-health/mac:02010b41cdec/antenna/tag/e28068940000400386621d4f, 90
1652704534.294745, sdrt-health/mac:02010b41cdec/antenna/tag/e2806894000050038661fd4f, 97
1652704534.311491, sdrt-health/mac:02010b41cdec/antenna/tag/e28068940000500386620d4f, 97
1652704534.344414, sdrt-health/mac:02010b41cdec/antenna/tag/e28068940000500386620d4f, 97
1652704534.34469, sdrt-health/mac:02010b41cdec/antenna/tag/e2806894000040038662114f, 88
1652704534.386615, sdrt-health/mac:02010b41cdec/antenna/tag/e2806894000050038662194f, 88
1652704534.436198, sdrt-health/mac:02010b41cdec/antenna/tag/e2806894000040038662114f, 88
1652704534.517126, sdrt-health/mac:02010b41cdec/antenna/tag/e28068940000500386620d4f, 97
1652704534.556233, sdrt-health/mac:02010b41cdec/antenna/tag/e2806894000050038662154f, 87
1652704534.613721, sdrt-health/mac:02010b41cdec/antenna/tag/e2806894000040038662114f, 93
1652704534.614175, sdrt-health/mac:02010b41cdec/antenna/tag/e2806894000040038662114f, 88
1652704534.636618, sdrt-health/mac:02010b41cdec/antenna/tag/e28068940000400386621d4f, 96
1652704534.693151, sdrt-health/mac:02010b41cdec/antenna/tag/e2806894000050038661fd4f, 83
1652704534.693531, sdrt-health/mac:02010b41cdec/antenna/tag/e28068940000400386621d4f, 96
1652704534.73549, sdrt-health/mac:02010b41cdec/antenna/tag/e28068940000400386621d4f, 96
1652704534.781013, sdrt-health/mac:02010b41cdec/antenna/tag/e2806894000040038662114f, 88
1652704534.820328, sdrt-health/mac:02010b41cdec/antenna/tag/e2806894000050038661fd4f, 97
1652704534.863914, sdrt-health/mac:02010b41cdec/antenna/tag/e28068940000400386621d4f, 90
1652704534.864245, sdrt-health/mac:02010b41cdec/antenna/tag/e2806894000050038661fd4f, 97
1652704534.891995, sdrt-health/mac:02010b41cdec/antenna/tag/e2806894000050038661fd4f, 88
1652704534.945122, sdrt-health/mac:02010b41cdec/antenna/tag/e28068940000400386621d4f, 96
1652704535.034962, sdrt-health/mac:02010b41cdec/antenna/tag/e2806894000050038661fd4f, 88
1652704535.035338, sdrt-health/mac:02010b41cdec/antenna/tag/e2806894000050038662154f, 85
1652704535.06049, sdrt-health/mac:02010b41cdec/antenna/tag/e28068940000400386621d4f, 96
1652704535.112979, sdrt-health/mac:02010b41cdec/antenna/tag/e2806894000050038662154f, 85
1652704535.156074, sdrt-health/mac:02010b41cdec/antenna/tag/e2806894000050038662154f, 93
1652704535.212892, sdrt-health/mac:02010b41cdec/antenna/tag/e2806894000040038662114f, 85
1652704535.213107, sdrt-health/mac:02010b41cdec/antenna/tag/e2806894000050038661fd4f, 88
1652704535.230772, sdrt-health/mac:02010b41cdec/antenna/tag/e2806894000040038662114f, 85
1652704535.235924, sdrt-health/mac:02010b41cdec/antenna/tag/e28068940000500386620d4f, 97
1652704535.276589, sdrt-health/mac:02010b41cdec/antenna/tag/e28068940000500386620d4f, 97
1652704535.309586, sdrt-health/mac:02010b41cdec/antenna/tag/e28068940000500386620d4f, 97
1652704535.309792, sdrt-health/mac:02010b41cdec/antenna/tag/e2806894000050038661fd4f, 97
1652704535.331816, sdrt-health/mac:02010b41cdec/antenna/tag/e2806894000040038662114f, 85
1652704535.356207, sdrt-health/mac:02010b41cdec/antenna/tag/e28068940000500386620d4f, 91
1652704535.412963, sdrt-health/mac:02010b41cdec/antenna/tag/e28068940000400386621d4f, 90
1652704535.413342, sdrt-health/mac:02010b41cdec/antenna/tag/e2806894000040038662114f, 88
1652704535.441037, sdrt-health/mac:02010b41cdec/antenna/tag/e2806894000050038661fd4f, 88
1652704535.476641, sdrt-health/mac:02010b41cdec/antenna/tag/e2806894000040038662114f, 85
1652704535.508924, sdrt-health/mac:02010b41cdec/antenna/tag/e2806894000050038662154f, 87
1652704535.509123, sdrt-health/mac:02010b41cdec/antenna/tag/e28068940000400386621d4f, 77
1652704535.525648, sdrt-health/mac:02010b41cdec/antenna/tag/e28068940000400386621d4f, 96
1652704535.555894, sdrt-health/mac:02010b41cdec/antenna/tag/e2806894000040038661f94f, 81
1652704535.597455, sdrt-health/mac:02010b41cdec/antenna/tag/e2806894000050038662154f, 88
1652704535.693021, sdrt-health/mac:02010b41cdec/antenna/tag/e2806894000050038662154f, 85
1652704535.693427, sdrt-health/mac:02010b41cdec/antenna/tag/e2806894000050038661fd4f, 97
1652704535.717088, sdrt-health/mac:02010b41cdec/antenna/tag/e2806894000050038661fd4f, 97
1652704535.789449, sdrt-health/mac:02010b41cdec/antenna/tag/e2806894000040038662114f, 85
1652704535.789645, sdrt-health/mac:02010b41cdec/antenna/tag/e2806894000050038662154f, 85
1652704535.813938, sdrt-health/mac:02010b41cdec/antenna/tag/e2806894000050038661fd4f, 97
1652704535.816389, sdrt-health/mac:02010b41cdec/antenna/tag/e2806894000050038662154f, 93
1652704535.832669, sdrt-health/mac:02010b41cdec/antenna/tag/e2806894000040038662114f, 88
1652704535.860695, sdrt-health/mac:02010b41cdec/antenna/tag/e2806894000040038662114f, 85
1652704535.96276, sdrt-health/mac:02010b41cdec/antenna/tag/e2806894000050038662194f, 81
1652704535.963025, sdrt-health/mac:02010b41cdec/antenna/tag/e28068940000400386621d4f, 96
1652704535.989094, sdrt-health/mac:02010b41cdec/antenna/tag/e2806894000050038662154f, 85
1652704536.036261, sdrt-health/mac:02010b41cdec/antenna/tag/e2806894000050038662194f, 88
1652704536.113923, sdrt-health/mac:02010b41cdec/antenna/tag/e2806894000050038661fd4f, 88
1652704536.14722, sdrt-health/mac:02010b41cdec/antenna/tag/e28068940000500386620d4f, 83
1652704536.196733, sdrt-health/mac:02010b41cdec/antenna/tag/e28068940000400386621d4f, 96
1652704536.227879, sdrt-health/mac:02010b41cdec/antenna/tag/e28068940000500386620d4f, 97
1652704536.228099, sdrt-health/mac:02010b41cdec/antenna/tag/e2806894000050038661fd4f, 97
1652704536.243784, sdrt-health/mac:02010b41cdec/antenna/tag/e28068940000400386621d4f, 96
1652704536.295893, sdrt-health/mac:02010b41cdec/antenna/tag/e2806894000050038662194f, 81
1652704536.340944, sdrt-health/mac:02010b41cdec/antenna/tag/e2806894000050038661fd4f, 91
1652704536.396008, sdrt-health/mac:02010b41cdec/antenna/tag/e2806894000050038661fd4f, 97
1652704536.428996, sdrt-health/mac:02010b41cdec/antenna/tag/e28068940000500386620d4f, 83
1652704536.429194, sdrt-health/mac:02010b41cdec/antenna/tag/e2806894000040038662114f, 85
1652704536.429311, sdrt-health/mac:02010b41cdec/antenna/tag/e28068940000400386621d4f, 77
1652704536.445738, sdrt-health/mac:02010b41cdec/antenna/tag/e2806894000050038662154f, 88
1652704536.492431, sdrt-health/mac:02010b41cdec/antenna/tag/e28068940000500386620d4f, 91
1652704536.533212, sdrt-health/mac:02010b41cdec/antenna/tag/e2806894000050038661fd4f, 91
1652704536.533472, sdrt-health/mac:02010b41cdec/antenna/tag/e2806894000050038662154f, 88
1652704536.533679, sdrt-health/mac:02010b41cdec/antenna/tag/e2806894000050038662154f, 85
1652704536.556448, sdrt-health/mac:02010b41cdec/antenna/tag/e28068940000500386620d4f, 97
1652704536.6148, sdrt-health/mac:02010b41cdec/antenna/tag/e28068940000500386620d4f, 83
1652704536.615094, sdrt-health/mac:02010b41cdec/antenna/tag/e2806894000040038662114f, 85
1652704536.692788, sdrt-health/mac:02010b41cdec/antenna/tag/e28068940000400386621d4f, 96
1652704536.777304, sdrt-health/mac:02010b41cdec/antenna/tag/e2806894000040038662114f, 85
1652704536.777761, sdrt-health/mac:02010b41cdec/antenna/tag/e28068940000400386621d4f, 90
1652704536.795387, sdrt-health/mac:02010b41cdec/antenna/tag/e2806894000040038662114f, 85
1652704536.795722, sdrt-health/mac:02010b41cdec/antenna/tag/e2806894000050038661fd4f, 83
1652704536.79594, sdrt-health/mac:02010b41cdec/antenna/tag/e2806894000050038662154f, 88
1652704536.813111, sdrt-health/mac:02010b41cdec/antenna/tag/e2806894000040038662114f, 85
1652704536.855996, sdrt-health/mac:02010b41cdec/antenna/tag/e28068940000400386621d4f, 96
1652704536.889608, sdrt-health/mac:02010b41cdec/antenna/tag/e28068940000400386621d4f, 96
1652704536.889859, sdrt-health/mac:02010b41cdec/antenna/tag/e2806894000050038661fd4f, 91
1652704536.90592, sdrt-health/mac:02010b41cdec/antenna/tag/e2806894000050038662154f, 85
1652704536.94665, sdrt-health/mac:02010b41cdec/antenna/tag/e2806894000040038662214f, 88
1652704536.997759, sdrt-health/mac:02010b41cdec/antenna/tag/e2806894000050038662154f, 87
1652704537.052468, sdrt-health/mac:02010b41cdec/antenna/tag/e2806894000040038662214f, 94
1652704537.052951, sdrt-health/mac:02010b41cdec/antenna/tag/e2806894000040038662114f, 85
1652704537.067821, sdrt-health/mac:02010b41cdec/antenna/tag/e28068940000500386620d4f, 91
1652704537.075469, sdrt-health/mac:02010b41cdec/antenna/tag/e2806894000050038661fd4f, 88
1652704537.115295, sdrt-health/mac:02010b41cdec/antenna/tag/e2806894000050038661fd4f, 91
1652704537.181157, sdrt-health/mac:02010b41cdec/antenna/tag/e28068940000500386620d4f, 97
1652704537.181682, sdrt-health/mac:02010b41cdec/antenna/tag/e2806894000050038661fd4f, 91
1652704537.197237, sdrt-health/mac:02010b41cdec/antenna/tag/e28068940000400386621d4f, 90
1652704537.213356, sdrt-health/mac:02010b41cdec/antenna/tag/e28068940000400386621d4f, 96
1652704537.264449, sdrt-health/mac:02010b41cdec/antenna/tag/e2806894000050038661fd4f, 91
1652704537.333068, sdrt-health/mac:02010b41cdec/antenna/tag/e2806894000050038661fd4f, 97
1652704537.333555, sdrt-health/mac:02010b41cdec/antenna/tag/e28068940000400386621d4f, 96
1652704537.333883, sdrt-health/mac:02010b41cdec/antenna/tag/e28068940000500386620d4f, 83
1652704537.357835, sdrt-health/mac:02010b41cdec/antenna/tag/e2806894000050038662154f, 85
1652704537.3969, sdrt-health/mac:02010b41cdec/antenna/tag/e28068940000500386620d4f, 83
1652704537.483673, sdrt-health/mac:02010b41cdec/antenna/tag/e2806894000040038662114f, 88
1652704537.484161, sdrt-health/mac:02010b41cdec/antenna/tag/e2806894000040038662214f, 88
1652704537.506771, sdrt-health/mac:02010b41cdec/antenna/tag/e2806894000040038662114f, 93
1652704537.572249, sdrt-health/mac:02010b41cdec/antenna/tag/e2806894000050038661fd4f, 91
1652704537.572688, sdrt-health/mac:02010b41cdec/antenna/tag/e28068940000500386620d4f, 97
1652704537.597618, sdrt-health/mac:02010b41cdec/antenna/tag/e28068940000500386620d4f, 97
1652704537.636769, sdrt-health/mac:02010b41cdec/antenna/tag/e2806894000050038661fd4f, 97
1652704537.695214, sdrt-health/mac:02010b41cdec/antenna/tag/e28068940000400386621d4f, 96
1652704537.695763, sdrt-health/mac:02010b41cdec/antenna/tag/e2806894000050038662154f, 88
1652704537.711566, sdrt-health/mac:02010b41cdec/antenna/tag/e2806894000050038662154f, 88
1652704537.763726, sdrt-health/mac:02010b41cdec/antenna/tag/e2806894000040038662114f, 85
1652704537.764104, sdrt-health/mac:02010b41cdec/antenna/tag/e28068940000400386621d4f, 96
1652704537.795966, sdrt-health/mac:02010b41cdec/antenna/tag/e2806894000040038662114f, 85
1652704537.861997, sdrt-health/mac:02010b41cdec/antenna/tag/e2806894000050038662154f, 83
1652704537.911792, sdrt-health/mac:02010b41cdec/antenna/tag/e28068940000400386621d4f, 77
1652704537.989276, sdrt-health/mac:02010b41cdec/antenna/tag/e28068940000500386620d4f, 97
1652704538.036709, sdrt-health/mac:02010b41cdec/antenna/tag/e28068940000400386621d4f, 96
1652704538.069053, sdrt-health/mac:02010b41cdec/antenna/tag/e2806894000040038662114f, 85
1652704538.069355, sdrt-health/mac:02010b41cdec/antenna/tag/e28068940000500386620d4f, 91
1652704538.085329, sdrt-health/mac:02010b41cdec/antenna/tag/e2806894000040038662114f, 93
1652704538.0856, sdrt-health/mac:02010b41cdec/antenna/tag/e28068940000400386621d4f, 96
1652704538.146345, sdrt-health/mac:02010b41cdec/antenna/tag/e2806894000050038662154f, 88
1652704538.196083, sdrt-health/mac:02010b41cdec/antenna/tag/e28068940000500386620d4f, 91
1652704538.228845, sdrt-health/mac:02010b41cdec/antenna/tag/e2806894000050038661fd4f, 97
1652704538.229146, sdrt-health/mac:02010b41cdec/antenna/tag/e2806894000040038662114f, 85
1652704538.261612, sdrt-health/mac:02010b41cdec/antenna/tag/e28068940000500386620d4f, 97
1652704538.296876, sdrt-health/mac:02010b41cdec/antenna/tag/e28068940000400386621d4f, 96
1652704538.345075, sdrt-health/mac:02010b41cdec/antenna/tag/e2806894000050038662154f, 88
1652704538.430288, sdrt-health/mac:02010b41cdec/antenna/tag/e28068940000500386620d4f, 83
1652704538.43076, sdrt-health/mac:02010b41cdec/antenna/tag/e2806894000040038662114f, 85
1652704538.458757, sdrt-health/mac:02010b41cdec/antenna/tag/e28068940000400386621d4f, 77
1652704538.490543, sdrt-health/mac:02010b41cdec/antenna/tag/e2806894000040038662114f, 85
1652704538.490793, sdrt-health/mac:02010b41cdec/antenna/tag/e2806894000050038662154f, 87
1652704538.537767, sdrt-health/mac:02010b41cdec/antenna/tag/e2806894000050038661fd4f, 97
1652704538.580799, sdrt-health/mac:02010b41cdec/antenna/tag/e2806894000050038661fd4f, 97
1652704538.612565, sdrt-health/mac:02010b41cdec/antenna/tag/e28068940000400386621d4f, 96
1652704538.612825, sdrt-health/mac:02010b41cdec/antenna/tag/e2806894000050038661fd4f, 83
1652704538.627922, sdrt-health/mac:02010b41cdec/antenna/tag/e28068940000400386621d4f, 96
1652704538.683842, sdrt-health/mac:02010b41cdec/antenna/tag/e28068940000400386621d4f, 96
1652704538.748439, sdrt-health/mac:02010b41cdec/antenna/tag/e28068940000500386620d4f, 83
1652704538.748956, sdrt-health/mac:02010b41cdec/antenna/tag/e2806894000050038661fd4f, 97
1652704538.764932, sdrt-health/mac:02010b41cdec/antenna/tag/e2806894000050038661fd4f, 91
1652704538.76539, sdrt-health/mac:02010b41cdec/antenna/tag/e2806894000040038662114f, 85
1652704538.776606, sdrt-health/mac:02010b41cdec/antenna/tag/e2806894000050038661fd4f, 91
1652704538.826229, sdrt-health/mac:02010b41cdec/antenna/tag/e28068940000400386621d4f, 77
1652704538.877838, sdrt-health/mac:02010b41cdec/antenna/tag/e2806894000040038662114f, 85
1652704538.932758, sdrt-health/mac:02010b41cdec/antenna/tag/e28068940000400386621d4f, 77
1652704538.9332, sdrt-health/mac:02010b41cdec/antenna/tag/e28068940000400386621d4f, 77
1652704538.956551, sdrt-health/mac:02010b41cdec/antenna/tag/e28068940000400386621d4f, 77
1652704539.013767, sdrt-health/mac:02010b41cdec/antenna/tag/e2806894000050038662154f, 87
1652704539.014228, sdrt-health/mac:02010b41cdec/antenna/tag/e28068940000400386621d4f, 77
1652704539.030352, sdrt-health/mac:02010b41cdec/antenna/tag/e28068940000500386620d4f, 83
1652704539.060597, sdrt-health/mac:02010b41cdec/antenna/tag/e2806894000040038662114f, 93
1652704539.108152, sdrt-health/mac:02010b41cdec/antenna/tag/e2806894000050038662154f, 88
1652704539.142553, sdrt-health/mac:02010b41cdec/antenna/tag/e2806894000040038662114f, 87
1652704539.142857, sdrt-health/mac:02010b41cdec/antenna/tag/e28068940000400386621d4f, 96
1652704539.160868, sdrt-health/mac:02010b41cdec/antenna/tag/e2806894000050038662154f, 88
1652704539.197325, sdrt-health/mac:02010b41cdec/antenna/tag/e2806894000050038662154f, 85
1652704539.25231, sdrt-health/mac:02010b41cdec/antenna/tag/e28068940000400386621d4f, 96
1652704539.252752, sdrt-health/mac:02010b41cdec/antenna/tag/e28068940000500386620d4f, 97
1652704539.292738, sdrt-health/mac:02010b41cdec/antenna/tag/e2806894000050038662194f, 94
1652704539.33746, sdrt-health/mac:02010b41cdec/antenna/tag/e2806894000050038662194f, 84
1652704539.380566, sdrt-health/mac:02010b41cdec/antenna/tag/e28068940000400386621d4f, 96
1652704539.412623, sdrt-health/mac:02010b41cdec/antenna/tag/e2806894000050038662194f, 81
1652704539.412964, sdrt-health/mac:02010b41cdec/antenna/tag/e2806894000050038662154f, 85
1652704539.426726, sdrt-health/mac:02010b41cdec/antenna/tag/e2806894000050038662154f, 87
1652704539.477364, sdrt-health/mac:02010b41cdec/antenna/tag/e2806894000050038661fd4f, 91
1652704539.515485, sdrt-health/mac:02010b41cdec/antenna/tag/e28068940000400386621d4f, 77
1652704539.576373, sdrt-health/mac:02010b41cdec/antenna/tag/e28068940000500386620d4f, 83
1652704539.619736, sdrt-health/mac:02010b41cdec/antenna/tag/e2806894000050038661fd4f, 97
1652704539.667804, sdrt-health/mac:02010b41cdec/antenna/tag/e2806894000050038662154f, 93
1652704539.717252, sdrt-health/mac:02010b41cdec/antenna/tag/e2806894000050038662154f, 85
1652704539.773349, sdrt-health/mac:02010b41cdec/antenna/tag/e28068940000500386620d4f, 97
1652704539.773851, sdrt-health/mac:02010b41cdec/antenna/tag/e2806894000040038662114f, 85
1652704539.796124, sdrt-health/mac:02010b41cdec/antenna/tag/e2806894000050038661fd4f, 88
1652704539.836433, sdrt-health/mac:02010b41cdec/antenna/tag/e2806894000050038662154f, 93
1652704539.875849, sdrt-health/mac:02010b41cdec/antenna/tag/e2806894000040038662114f, 93
1652704539.918942, sdrt-health/mac:02010b41cdec/antenna/tag/e2806894000050038661fd4f, 91
1652704539.95724, sdrt-health/mac:02010b41cdec/antenna/tag/e2806894000040038662114f, 88
1652704540.012311, sdrt-health/mac:02010b41cdec/antenna/tag/e2806894000050038661fd4f, 91
1652704540.012646, sdrt-health/mac:02010b41cdec/antenna/tag/e28068940000500386620d4f, 83
1652704540.027508, sdrt-health/mac:02010b41cdec/antenna/tag/e2806894000040038662114f, 85
1652704540.05664, sdrt-health/mac:02010b41cdec/antenna/tag/e2806894000040038661f94f, 94
1652704540.108587, sdrt-health/mac:02010b41cdec/antenna/tag/e2806894000040038662214f, 84
1652704540.162312, sdrt-health/mac:02010b41cdec/antenna/tag/e28068940000400386621d4f, 77
1652704540.162801, sdrt-health/mac:02010b41cdec/antenna/tag/e2806894000050038662154f, 85
1652704540.226482, sdrt-health/mac:02010b41cdec/antenna/tag/e2806894000050038662154f, 85
1652704540.276537, sdrt-health/mac:02010b41cdec/antenna/tag/e2806894000050038662154f, 93
1652704540.332934, sdrt-health/mac:02010b41cdec/antenna/tag/e2806894000050038662154f, 87
1652704540.333384, sdrt-health/mac:02010b41cdec/antenna/tag/e2806894000050038661fd4f, 91
1652704540.356422, sdrt-health/mac:02010b41cdec/antenna/tag/e2806894000050038661fd4f, 88
1652704540.389167, sdrt-health/mac:02010b41cdec/antenna/tag/e2806894000050038662154f, 93
1652704540.389477, sdrt-health/mac:02010b41cdec/antenna/tag/e28068940000500386620d4f, 97
1652704540.405088, sdrt-health/mac:02010b41cdec/antenna/tag/e2806894000040038662114f, 85
1652704540.405302, sdrt-health/mac:02010b41cdec/antenna/tag/e28068940000400386621d4f, 77
1652704540.438069, sdrt-health/mac:02010b41cdec/antenna/tag/e2806894000050038661fd4f, 91
1652704540.498498, sdrt-health/mac:02010b41cdec/antenna/tag/e28068940000400386621d4f, 77
1652704540.498937, sdrt-health/mac:02010b41cdec/antenna/tag/e2806894000050038661fd4f, 91
1652704540.526673, sdrt-health/mac:02010b41cdec/antenna/tag/e2806894000050038662154f, 93
1652704540.573531, sdrt-health/mac:02010b41cdec/antenna/tag/e28068940000400386621d4f, 96
1652704540.635448, sdrt-health/mac:02010b41cdec/antenna/tag/e2806894000050038661fd4f, 97
1652704540.635926, sdrt-health/mac:02010b41cdec/antenna/tag/e2806894000050038661fd4f, 91
1652704540.653107, sdrt-health/mac:02010b41cdec/antenna/tag/e28068940000500386620d4f, 83
1652704540.660515, sdrt-health/mac:02010b41cdec/antenna/tag/e28068940000400386621d4f, 77
1652704540.669016, sdrt-health/mac:02010b41cdec/antenna/tag/e2806894000050038662154f, 87
1652704540.71694, sdrt-health/mac:02010b41cdec/antenna/tag/e2806894000040038662114f, 88
1652704540.756324, sdrt-health/mac:02010b41cdec/antenna/tag/e28068940000400386621d4f, 96
1652704540.757481, sdrt-health/mac:02010b41cdec/antenna/tag/e2806894000050038662154f, 85
1652704540.796443, sdrt-health/mac:02010b41cdec/antenna/tag/e2806894000040038662114f, 88
1652704540.853914, sdrt-health/mac:02010b41cdec/antenna/tag/e28068940000500386620d4f, 83
1652704540.854354, sdrt-health/mac:02010b41cdec/antenna/tag/e2806894000050038662154f, 85
1652704540.876352, sdrt-health/mac:02010b41cdec/antenna/tag/e28068940000500386620d4f, 83
1652704540.916717, sdrt-health/mac:02010b41cdec/antenna/tag/e28068940000500386620d4f, 83
1652704541.006593, sdrt-health/mac:02010b41cdec/antenna/tag/e2806894000050038661fd4f, 91
1652704541.053943, sdrt-health/mac:02010b41cdec/antenna/tag/e28068940000400386621d4f, 77
1652704541.111024, sdrt-health/mac:02010b41cdec/antenna/tag/e2806894000050038661fd4f, 91
1652704541.111254, sdrt-health/mac:02010b41cdec/antenna/tag/e28068940000500386620d4f, 83
1652704541.140984, sdrt-health/mac:02010b41cdec/antenna/tag/e28068940000500386620d4f, 83
1652704541.241334, sdrt-health/mac:02010b41cdec/antenna/tag/e2806894000050038661fd4f, 91
1652704541.241808, sdrt-health/mac:02010b41cdec/antenna/tag/e28068940000400386621d4f, 90
1652704541.317114, sdrt-health/mac:02010b41cdec/antenna/tag/e28068940000500386620d4f, 97
1652704541.350658, sdrt-health/mac:02010b41cdec/antenna/tag/e28068940000500386620d4f, 83
1652704541.351021, sdrt-health/mac:02010b41cdec/antenna/tag/e2806894000040038662114f, 88
1652704541.351319, sdrt-health/mac:02010b41cdec/antenna/tag/e2806894000040038662114f, 88
1652704541.382101, sdrt-health/mac:02010b41cdec/antenna/tag/e28068940000500386620d4f, 83
1652704541.426929, sdrt-health/mac:02010b41cdec/antenna/tag/e2806894000050038661fd4f, 91
1652704541.492368, sdrt-health/mac:02010b41cdec/antenna/tag/e2806894000050038661fd4f, 88
1652704541.492821, sdrt-health/mac:02010b41cdec/antenna/tag/e28068940000500386620d4f, 83
1652704541.510467, sdrt-health/mac:02010b41cdec/antenna/tag/e2806894000050038661fd4f, 85
1652704541.516294, sdrt-health/mac:02010b41cdec/antenna/tag/e2806894000050038661fd4f, 88
1652704541.528426, sdrt-health/mac:02010b41cdec/antenna/tag/e28068940000400386621d4f, 77
1652704541.559799, sdrt-health/mac:02010b41cdec/antenna/tag/e28068940000500386620d4f, 83
1652704541.611492, sdrt-health/mac:02010b41cdec/antenna/tag/e2806894000050038662154f, 93
1652704541.611692, sdrt-health/mac:02010b41cdec/antenna/tag/e2806894000050038661fd4f, 88
1652704541.611823, sdrt-health/mac:02010b41cdec/antenna/tag/e28068940000400386621d4f, 77
1652704541.637033, sdrt-health/mac:02010b41cdec/antenna/tag/e2806894000050038662154f, 93
1652704541.67649, sdrt-health/mac:02010b41cdec/antenna/tag/e2806894000040038662114f, 85
1652704541.733248, sdrt-health/mac:02010b41cdec/antenna/tag/e28068940000400386621d4f, 77
1652704541.73375, sdrt-health/mac:02010b41cdec/antenna/tag/e2806894000050038662154f, 93
1652704541.747753, sdrt-health/mac:02010b41cdec/antenna/tag/e2806894000050038662154f, 87
1652704541.755817, sdrt-health/mac:02010b41cdec/antenna/tag/e2806894000050038662154f, 93
1652704541.796592, sdrt-health/mac:02010b41cdec/antenna/tag/e2806894000050038661fd4f, 91
1652704542.248846, sdrt-health/mac:02010b41cdec/antenna/tag/e2806894000050038662154f, 85
1652704542.249632, sdrt-health/mac:02010b41cdec/antenna/tag/scan, scan stopped
