1652704619.149095, sdrt-health/mac:02010b41cdec/antenna/power/set, {"power": 290}
1652704620.235063, sdrt-health/mac:02010b41cdec/antenna/power/set, 
1652704624.18475, sdrt-health/mac:02010b41cdec/antenna/tag/scan, {"time": 20000}
1652704624.540975, sdrt-health/mac:02010b41cdec/antenna/tag/e28068940000400386621d4f, 77
1652704624.584112, sdrt-health/mac:02010b41cdec/antenna/tag/e2806894000050038662154f, 88
1652704624.631487, sdrt-health/mac:02010b41cdec/antenna/tag/e2806894000040038662114f, 85
1652704624.703704, sdrt-health/mac:02010b41cdec/antenna/tag/e2806894000050038661fd4f, 97
1652704624.704063, sdrt-health/mac:02010b41cdec/antenna/tag/e28068940000400386621d4f, 96
1652704624.731463, sdrt-health/mac:02010b41cdec/antenna/tag/e28068940000400386621d4f, 96
1652704624.811823, sdrt-health/mac:02010b41cdec/antenna/tag/e28068940000500386620d4f, 97
1652704624.812389, sdrt-health/mac:02010b41cdec/antenna/tag/e28068940000400386621d4f, 77
1652704624.842312, sdrt-health/mac:02010b41cdec/antenna/tag/e2806894000040038662114f, 85
1652704624.84257, sdrt-health/mac:02010b41cdec/antenna/tag/e2806894000050038661fd4f, 97
1652704624.842866, sdrt-health/mac:02010b41cdec/antenna/tag/e28068940000500386620d4f, 83
1652704624.861663, sdrt-health/mac:02010b41cdec/antenna/tag/e2806894000050038661fd4f, 83
1652704624.8619, sdrt-health/mac:02010b41cdec/antenna/tag/e28068940000500386620d4f, 97
1652704624.862068, sdrt-health/mac:02010b41cdec/antenna/tag/e28068940000500386620d4f, 83
1652704624.93635, sdrt-health/mac:02010b41cdec/antenna/tag/e2806894000050038661fd4f, 83
1652704625.007963, sdrt-health/mac:02010b41cdec/antenna/tag/e2806894000050038661fd4f, 83
1652704625.008403, sdrt-health/mac:02010b41cdec/antenna/tag/e2806894000050038661fd4f, 91
1652704625.114242, sdrt-health/mac:02010b41cdec/antenna/tag/e28068940000400386621d4f, 96
1652704625.162361, sdrt-health/mac:02010b41cdec/antenna/tag/e28068940000500386620d4f, 83
1652704625.195951, sdrt-health/mac:02010b41cdec/antenna/tag/e28068940000400386621d4f, 96
1652704625.197402, sdrt-health/mac:02010b41cdec/antenna/tag/e28068940000400386621d4f, 96
1652704625.241914, sdrt-health/mac:02010b41cdec/antenna/tag/e28068940000500386620d4f, 83
1652704625.281836, sdrt-health/mac:02010b41cdec/antenna/tag/e28068940000500386620d4f, 83
1652704625.416274, sdrt-health/mac:02010b41cdec/antenna/tag/e2806894000050038662154f, 88
1652704625.416956, sdrt-health/mac:02010b41cdec/antenna/tag/e28068940000500386620d4f, 83
1652704625.4368, sdrt-health/mac:02010b41cdec/antenna/tag/e2806894000040038662114f, 85
1652704625.482093, sdrt-health/mac:02010b41cdec/antenna/tag/e2806894000050038662154f, 87
1652704625.48241, sdrt-health/mac:02010b41cdec/antenna/tag/e2806894000050038662154f, 93
1652704625.497318, sdrt-health/mac:02010b41cdec/antenna/tag/e28068940000500386620d4f, 83
1652704625.511991, sdrt-health/mac:02010b41cdec/antenna/tag/e2806894000050038661fd4f, 91
1652704625.560016, sdrt-health/mac:02010b41cdec/antenna/tag/e2806894000040038662114f, 85
1652704625.62607, sdrt-health/mac:02010b41cdec/antenna/tag/e2806894000050038662154f, 93
1652704625.626469, sdrt-health/mac:02010b41cdec/antenna/tag/e28068940000500386620d4f, 97
1652704625.641514, sdrt-health/mac:02010b41cdec/antenna/tag/e2806894000050038662154f, 85
1652704625.641902, sdrt-health/mac:02010b41cdec/antenna/tag/e2806894000050038661fd4f, 97
1652704625.675587, sdrt-health/mac:02010b41cdec/antenna/tag/e2806894000050038662154f, 88
1652704625.720536, sdrt-health/mac:02010b41cdec/antenna/tag/e2806894000050038661fd4f, 91
1652704625.785538, sdrt-health/mac:02010b41cdec/antenna/tag/e28068940000500386620d4f, 83
1652704625.833254, sdrt-health/mac:02010b41cdec/antenna/tag/e2806894000040038662114f, 85
1652704625.883295, sdrt-health/mac:02010b41cdec/antenna/tag/e2806894000050038661fd4f, 97
1652704625.946186, sdrt-health/mac:02010b41cdec/antenna/tag/e2806894000050038662154f, 85
1652704625.946606, sdrt-health/mac:02010b41cdec/antenna/tag/e2806894000050038662154f, 85
1652704625.963775, sdrt-health/mac:02010b41cdec/antenna/tag/e28068940000400386621d4f, 96
1652704626.042935, sdrt-health/mac:02010b41cdec/antenna/tag/e28068940000500386620d4f, 83
1652704626.043422, sdrt-health/mac:02010b41cdec/antenna/tag/e2806894000050038661fd4f, 97
1652704626.070797, sdrt-health/mac:02010b41cdec/antenna/tag/e2806894000040038662114f, 93
1652704626.07104, sdrt-health/mac:02010b41cdec/antenna/tag/e2806894000050038662194f, 81
1652704626.071179, sdrt-health/mac:02010b41cdec/antenna/tag/e2806894000050038662194f, 84
1652704626.10421, sdrt-health/mac:02010b41cdec/antenna/tag/e28068940000500386620d4f, 83
1652704626.160622, sdrt-health/mac:02010b41cdec/antenna/tag/e28068940000400386621d4f, 96
1652704626.201052, sdrt-health/mac:02010b41cdec/antenna/tag/e28068940000500386620d4f, 83
1652704626.277979, sdrt-health/mac:02010b41cdec/antenna/tag/e2806894000040038662114f, 88
1652704626.27848, sdrt-health/mac:02010b41cdec/antenna/tag/e28068940000500386620d4f, 83
1652704626.305841, sdrt-health/mac:02010b41cdec/antenna/tag/e28068940000400386621d4f, 96
1652704626.346605, sdrt-health/mac:02010b41cdec/antenna/tag/e28068940000400386621d4f, 96
1652704626.410509, sdrt-health/mac:02010b41cdec/antenna/tag/e28068940000500386620d4f, 83
1652704626.411017, sdrt-health/mac:02010b41cdec/antenna/tag/e28068940000400386621d4f, 77
1652704626.441991, sdrt-health/mac:02010b41cdec/antenna/tag/e28068940000500386620d4f, 83
1652704626.508936, sdrt-health/mac:02010b41cdec/antenna/tag/e2806894000050038661fd4f, 97
1652704626.50947, sdrt-health/mac:02010b41cdec/antenna/tag/e2806894000050038662154f, 85
1652704626.585619, sdrt-health/mac:02010b41cdec/antenna/tag/e28068940000400386621d4f, 77
1652704626.658189, sdrt-health/mac:02010b41cdec/antenna/tag/e2806894000050038661fd4f, 88
1652704626.69875, sdrt-health/mac:02010b41cdec/antenna/tag/e2806894000040038662214f, 88
1652704626.745007, sdrt-health/mac:02010b41cdec/antenna/tag/e2806894000050038661fd4f, 91
1652704626.794144, sdrt-health/mac:02010b41cdec/antenna/tag/e2806894000050038662154f, 85
1652704626.794435, sdrt-health/mac:02010b41cdec/antenna/tag/e28068940000400386621d4f, 77
1652704626.825034, sdrt-health/mac:02010b41cdec/antenna/tag/e2806894000050038662154f, 87
1652704626.856262, sdrt-health/mac:02010b41cdec/antenna/tag/e2806894000050038662194f, 81
1652704626.904472, sdrt-health/mac:02010b41cdec/antenna/tag/e2806894000050038662194f, 94
1652704626.96939, sdrt-health/mac:02010b41cdec/antenna/tag/e2806894000040038662114f, 85
1652704626.969867, sdrt-health/mac:02010b41cdec/antenna/tag/e2806894000050038662194f, 81
1652704627.001481, sdrt-health/mac:02010b41cdec/antenna/tag/e2806894000050038661fd4f, 91
1652704627.035239, sdrt-health/mac:02010b41cdec/antenna/tag/e2806894000050038661fd4f, 91
1652704627.035537, sdrt-health/mac:02010b41cdec/antenna/tag/e2806894000050038662194f, 84
1652704627.053177, sdrt-health/mac:02010b41cdec/antenna/tag/e2806894000050038662154f, 83
1652704627.082556, sdrt-health/mac:02010b41cdec/antenna/tag/e2806894000050038662154f, 88
1652704627.14708, sdrt-health/mac:02010b41cdec/antenna/tag/e2806894000050038662154f, 93
1652704627.147539, sdrt-health/mac:02010b41cdec/antenna/tag/e28068940000400386621d4f, 96
1652704627.172763, sdrt-health/mac:02010b41cdec/antenna/tag/e28068940000500386620d4f, 97
1652704627.180382, sdrt-health/mac:02010b41cdec/antenna/tag/e2806894000050038662154f, 85
1652704627.226816, sdrt-health/mac:02010b41cdec/antenna/tag/e2806894000050038662154f, 85
1652704627.259418, sdrt-health/mac:02010b41cdec/antenna/tag/e28068940000500386620d4f, 83
1652704627.356106, sdrt-health/mac:02010b41cdec/antenna/tag/e2806894000050038661fd4f, 88
1652704627.356661, sdrt-health/mac:02010b41cdec/antenna/tag/e28068940000400386621d4f, 96
1652704627.403851, sdrt-health/mac:02010b41cdec/antenna/tag/e2806894000050038662154f, 88
1652704627.404124, sdrt-health/mac:02010b41cdec/antenna/tag/e2806894000040038662114f, 88
1652704627.429528, sdrt-health/mac:02010b41cdec/antenna/tag/e2806894000050038661fd4f, 97
1652704627.452646, sdrt-health/mac:02010b41cdec/antenna/tag/e28068940000500386620d4f, 83
1652704627.465195, sdrt-health/mac:02010b41cdec/antenna/tag/e28068940000500386620d4f, 83
1652704627.523255, sdrt-health/mac:02010b41cdec/antenna/tag/e28068940000400386621d4f, 96
1652704627.56197, sdrt-health/mac:02010b41cdec/antenna/tag/e28068940000400386621d4f, 96
1652704627.596494, sdrt-health/mac:02010b41cdec/antenna/tag/e28068940000500386620d4f, 83
1652704627.640848, sdrt-health/mac:02010b41cdec/antenna/tag/e2806894000040038662114f, 85
1652704627.711653, sdrt-health/mac:02010b41cdec/antenna/tag/e28068940000500386620d4f, 83
1652704627.712246, sdrt-health/mac:02010b41cdec/antenna/tag/e28068940000400386621d4f, 77
1652704627.739095, sdrt-health/mac:02010b41cdec/antenna/tag/e28068940000400386621d4f, 96
1652704627.73935, sdrt-health/mac:02010b41cdec/antenna/tag/e2806894000050038661fd4f, 91
1652704627.772947, sdrt-health/mac:02010b41cdec/antenna/tag/e28068940000400386621d4f, 96
1652704627.834154, sdrt-health/mac:02010b41cdec/antenna/tag/e2806894000050038662154f, 85
1652704627.887835, sdrt-health/mac:02010b41cdec/antenna/tag/e2806894000040038662114f, 88
1652704627.946243, sdrt-health/mac:02010b41cdec/antenna/tag/e28068940000400386621d4f, 96
1652704627.94669, sdrt-health/mac:02010b41cdec/antenna/tag/e2806894000050038661fd4f, 97
1652704627.963014, sdrt-health/mac:02010b41cdec/antenna/tag/e28068940000400386621d4f, 96
1652704628.013635, sdrt-health/mac:02010b41cdec/antenna/tag/e28068940000500386620d4f, 83
1652704628.01405, sdrt-health/mac:02010b41cdec/antenna/tag/e28068940000400386621d4f, 77
1652704628.042625, sdrt-health/mac:02010b41cdec/antenna/tag/e2806894000040038662114f, 85
1652704628.058889, sdrt-health/mac:02010b41cdec/antenna/tag/e2806894000050038662194f, 88
1652704628.061782, sdrt-health/mac:02010b41cdec/antenna/tag/e2806894000050038661fd4f, 88
1652704628.104533, sdrt-health/mac:02010b41cdec/antenna/tag/e2806894000050038661fd4f, 91
1652704628.154119, sdrt-health/mac:02010b41cdec/antenna/tag/e2806894000050038662154f, 85
1652704628.253408, sdrt-health/mac:02010b41cdec/antenna/tag/e2806894000050038662194f, 94
1652704628.300609, sdrt-health/mac:02010b41cdec/antenna/tag/e2806894000050038662154f, 87
1652704628.3441, sdrt-health/mac:02010b41cdec/antenna/tag/e2806894000050038662194f, 81
1652704628.344283, sdrt-health/mac:02010b41cdec/antenna/tag/e2806894000050038661fd4f, 91
1652704628.344399, sdrt-health/mac:02010b41cdec/antenna/tag/e2806894000050038661fd4f, 97
1652704628.392425, sdrt-health/mac:02010b41cdec/antenna/tag/e2806894000050038662154f, 88
1652704628.444622, sdrt-health/mac:02010b41cdec/antenna/tag/e28068940000400386621d4f, 96
1652704628.570982, sdrt-health/mac:02010b41cdec/antenna/tag/e28068940000500386620d4f, 97
1652704628.571492, sdrt-health/mac:02010b41cdec/antenna/tag/e2806894000050038661fd4f, 91
1652704628.617918, sdrt-health/mac:02010b41cdec/antenna/tag/e2806894000050038661fd4f, 91
1652704628.698079, sdrt-health/mac:02010b41cdec/antenna/tag/e2806894000050038661fd4f, 83
1652704628.698543, sdrt-health/mac:02010b41cdec/antenna/tag/e2806894000050038662154f, 91
1652704628.729521, sdrt-health/mac:02010b41cdec/antenna/tag/e28068940000400386621d4f, 96
1652704628.730164, sdrt-health/mac:02010b41cdec/antenna/tag/e28068940000500386620d4f, 83
1652704628.730556, sdrt-health/mac:02010b41cdec/antenna/tag/e2806894000040038662114f, 85
1652704628.763684, sdrt-health/mac:02010b41cdec/antenna/tag/e28068940000400386621d4f, 90
1652704628.830003, sdrt-health/mac:02010b41cdec/antenna/tag/e2806894000040038662114f, 88
1652704628.830497, sdrt-health/mac:02010b41cdec/antenna/tag/e28068940000400386621d4f, 96
1652704628.830833, sdrt-health/mac:02010b41cdec/antenna/tag/e2806894000050038662154f, 85
1652704628.859607, sdrt-health/mac:02010b41cdec/antenna/tag/e28068940000500386620d4f, 83
1652704628.924264, sdrt-health/mac:02010b41cdec/antenna/tag/e2806894000040038662114f, 88
1652704628.924825, sdrt-health/mac:02010b41cdec/antenna/tag/e2806894000040038662114f, 91
1652704628.954527, sdrt-health/mac:02010b41cdec/antenna/tag/e28068940000400386621d4f, 77
1652704629.001258, sdrt-health/mac:02010b41cdec/antenna/tag/e2806894000050038661fd4f, 91
1652704629.036235, sdrt-health/mac:02010b41cdec/antenna/tag/e2806894000050038661fd4f, 97
1652704629.085953, sdrt-health/mac:02010b41cdec/antenna/tag/e28068940000400386621d4f, 96
1652704629.086176, sdrt-health/mac:02010b41cdec/antenna/tag/e2806894000050038661fd4f, 97
1652704629.086318, sdrt-health/mac:02010b41cdec/antenna/tag/e28068940000500386620d4f, 83
1652704629.116775, sdrt-health/mac:02010b41cdec/antenna/tag/e2806894000040038662114f, 93
1652704629.161801, sdrt-health/mac:02010b41cdec/antenna/tag/e2806894000040038662114f, 85
1652704629.19629, sdrt-health/mac:02010b41cdec/antenna/tag/e2806894000050038662194f, 81
1652704629.243264, sdrt-health/mac:02010b41cdec/antenna/tag/e2806894000050038662194f, 94
1652704629.243757, sdrt-health/mac:02010b41cdec/antenna/tag/e2806894000050038661fd4f, 91
1652704629.278675, sdrt-health/mac:02010b41cdec/antenna/tag/e28068940000400386621d4f, 96
1652704629.322167, sdrt-health/mac:02010b41cdec/antenna/tag/e2806894000040038662114f, 85
1652704629.371739, sdrt-health/mac:02010b41cdec/antenna/tag/e2806894000050038661fd4f, 83
1652704629.371974, sdrt-health/mac:02010b41cdec/antenna/tag/e28068940000500386620d4f, 97
1652704629.402689, sdrt-health/mac:02010b41cdec/antenna/tag/e28068940000400386621d4f, 77
1652704629.465558, sdrt-health/mac:02010b41cdec/antenna/tag/e2806894000050038661fd4f, 91
1652704629.466099, sdrt-health/mac:02010b41cdec/antenna/tag/e28068940000500386620d4f, 83
1652704629.483172, sdrt-health/mac:02010b41cdec/antenna/tag/e2806894000050038662154f, 85
1652704629.483888, sdrt-health/mac:02010b41cdec/antenna/tag/e2806894000050038662194f, 94
1652704629.484373, sdrt-health/mac:02010b41cdec/antenna/tag/e28068940000500386620d4f, 83
1652704629.518059, sdrt-health/mac:02010b41cdec/antenna/tag/e2806894000050038661fd4f, 91
1652704629.566408, sdrt-health/mac:02010b41cdec/antenna/tag/e2806894000040038662114f, 85
1652704629.613864, sdrt-health/mac:02010b41cdec/antenna/tag/e28068940000400386621d4f, 96
1652704629.69206, sdrt-health/mac:02010b41cdec/antenna/tag/e28068940000500386620d4f, 97
1652704629.692565, sdrt-health/mac:02010b41cdec/antenna/tag/e28068940000500386620d4f, 97
1652704629.7104, sdrt-health/mac:02010b41cdec/antenna/tag/e28068940000500386620d4f, 83
1652704629.71071, sdrt-health/mac:02010b41cdec/antenna/tag/e2806894000040038662114f, 85
1652704629.71092, sdrt-health/mac:02010b41cdec/antenna/tag/e28068940000400386621d4f, 96
1652704629.748843, sdrt-health/mac:02010b41cdec/antenna/tag/e28068940000500386620d4f, 97
1652704629.81605, sdrt-health/mac:02010b41cdec/antenna/tag/e2806894000040038662114f, 85
1652704629.862677, sdrt-health/mac:02010b41cdec/antenna/tag/e28068940000400386621d4f, 96
1652704629.863302, sdrt-health/mac:02010b41cdec/antenna/tag/e2806894000040038662114f, 93
1652704629.883231, sdrt-health/mac:02010b41cdec/antenna/tag/e2806894000050038661fd4f, 83
1652704629.883432, sdrt-health/mac:02010b41cdec/antenna/tag/e28068940000500386620d4f, 83
1652704629.948179, sdrt-health/mac:02010b41cdec/antenna/tag/e2806894000050038661fd4f, 97
1652704629.992397, sdrt-health/mac:02010b41cdec/antenna/tag/e2806894000040038662114f, 85
1652704630.046125, sdrt-health/mac:02010b41cdec/antenna/tag/e2806894000050038662154f, 85
1652704630.077316, sdrt-health/mac:02010b41cdec/antenna/tag/e2806894000050038661fd4f, 97
1652704630.123889, sdrt-health/mac:02010b41cdec/antenna/tag/e2806894000050038662154f, 87
1652704630.186065, sdrt-health/mac:02010b41cdec/antenna/tag/e28068940000500386620d4f, 97
1652704630.236996, sdrt-health/mac:02010b41cdec/antenna/tag/e2806894000050038661fd4f, 97
1652704630.316331, sdrt-health/mac:02010b41cdec/antenna/tag/e2806894000040038662114f, 93
1652704630.31678, sdrt-health/mac:02010b41cdec/antenna/tag/e28068940000500386620d4f, 97
1652704630.331355, sdrt-health/mac:02010b41cdec/antenna/tag/e28068940000500386620d4f, 83
1652704630.36494, sdrt-health/mac:02010b41cdec/antenna/tag/e2806894000050038661fd4f, 97
1652704630.447824, sdrt-health/mac:02010b41cdec/antenna/tag/e28068940000400386621d4f, 96
1652704630.47596, sdrt-health/mac:02010b41cdec/antenna/tag/e2806894000050038661fd4f, 97
1652704630.524829, sdrt-health/mac:02010b41cdec/antenna/tag/e28068940000500386620d4f, 83
1652704630.66252, sdrt-health/mac:02010b41cdec/antenna/tag/e2806894000050038661fd4f, 97
1652704630.663695, sdrt-health/mac:02010b41cdec/antenna/tag/e28068940000400386621d4f, 77
1652704630.664005, sdrt-health/mac:02010b41cdec/antenna/tag/e28068940000500386620d4f, 97
1652704630.738051, sdrt-health/mac:02010b41cdec/antenna/tag/e28068940000500386620d4f, 97
1652704630.831106, sdrt-health/mac:02010b41cdec/antenna/tag/e28068940000500386620d4f, 91
1652704630.831703, sdrt-health/mac:02010b41cdec/antenna/tag/e28068940000400386621d4f, 96
1652704630.832127, sdrt-health/mac:02010b41cdec/antenna/tag/e2806894000050038661fd4f, 83
1652704630.842932, sdrt-health/mac:02010b41cdec/antenna/tag/e2806894000040038662114f, 85
1652704630.858581, sdrt-health/mac:02010b41cdec/antenna/tag/e2806894000050038661fd4f, 83
1652704630.875569, sdrt-health/mac:02010b41cdec/antenna/tag/e28068940000400386621d4f, 96
1652704630.921409, sdrt-health/mac:02010b41cdec/antenna/tag/e28068940000400386621d4f, 96
1652704630.955473, sdrt-health/mac:02010b41cdec/antenna/tag/e2806894000050038662154f, 85
1652704630.955697, sdrt-health/mac:02010b41cdec/antenna/tag/e28068940000500386620d4f, 97
1652704631.001661, sdrt-health/mac:02010b41cdec/antenna/tag/e2806894000040038662214f, 94
1652704631.035758, sdrt-health/mac:02010b41cdec/antenna/tag/e2806894000040038662114f, 85
1652704631.130218, sdrt-health/mac:02010b41cdec/antenna/tag/e28068940000500386620d4f, 97
1652704631.130723, sdrt-health/mac:02010b41cdec/antenna/tag/e28068940000500386620d4f, 97
1652704631.163096, sdrt-health/mac:02010b41cdec/antenna/tag/e2806894000050038661fd4f, 97
1652704631.19626, sdrt-health/mac:02010b41cdec/antenna/tag/e28068940000400386621d4f, 96
1652704631.242818, sdrt-health/mac:02010b41cdec/antenna/tag/e2806894000050038661fd4f, 83
1652704631.275301, sdrt-health/mac:02010b41cdec/antenna/tag/e2806894000050038662154f, 88
1652704631.338861, sdrt-health/mac:02010b41cdec/antenna/tag/e2806894000050038662154f, 91
1652704631.33932, sdrt-health/mac:02010b41cdec/antenna/tag/e28068940000400386621d4f, 96
1652704631.386904, sdrt-health/mac:02010b41cdec/antenna/tag/e28068940000400386621d4f, 96
1652704631.419789, sdrt-health/mac:02010b41cdec/antenna/tag/e2806894000050038662154f, 88
1652704631.420048, sdrt-health/mac:02010b41cdec/antenna/tag/e2806894000040038662114f, 85
1652704631.420234, sdrt-health/mac:02010b41cdec/antenna/tag/e28068940000400386621d4f, 96
1652704631.448754, sdrt-health/mac:02010b41cdec/antenna/tag/e28068940000500386620d4f, 83
1652704631.449192, sdrt-health/mac:02010b41cdec/antenna/tag/e2806894000050038661fd4f, 97
1652704631.485099, sdrt-health/mac:02010b41cdec/antenna/tag/e2806894000050038661fd4f, 88
1652704631.562314, sdrt-health/mac:02010b41cdec/antenna/tag/e28068940000500386620d4f, 83
1652704631.562986, sdrt-health/mac:02010b41cdec/antenna/tag/e2806894000050038661fd4f, 91
1652704631.578548, sdrt-health/mac:02010b41cdec/antenna/tag/e28068940000500386620d4f, 83
1652704631.61203, sdrt-health/mac:02010b41cdec/antenna/tag/e28068940000500386620d4f, 97
1652704631.657935, sdrt-health/mac:02010b41cdec/antenna/tag/e2806894000040038662114f, 85
1652704631.722393, sdrt-health/mac:02010b41cdec/antenna/tag/e2806894000050038662154f, 85
1652704631.72262, sdrt-health/mac:02010b41cdec/antenna/tag/e28068940000400386621d4f, 77
1652704631.736132, sdrt-health/mac:02010b41cdec/antenna/tag/e28068940000500386620d4f, 83
1652704631.754884, sdrt-health/mac:02010b41cdec/antenna/tag/e28068940000500386620d4f, 97
1652704631.803165, sdrt-health/mac:02010b41cdec/antenna/tag/e2806894000050038662154f, 88
1652704631.836155, sdrt-health/mac:02010b41cdec/antenna/tag/e2806894000040038662114f, 88
1652704631.88131, sdrt-health/mac:02010b41cdec/antenna/tag/e2806894000040038662114f, 85
1652704631.916447, sdrt-health/mac:02010b41cdec/antenna/tag/e2806894000050038661fd4f, 88
1652704631.981426, sdrt-health/mac:02010b41cdec/antenna/tag/e2806894000050038661fd4f, 88
1652704631.981904, sdrt-health/mac:02010b41cdec/antenna/tag/e28068940000500386620d4f, 83
1652704632.008332, sdrt-health/mac:02010b41cdec/antenna/tag/e28068940000500386620d4f, 83
1652704632.040231, sdrt-health/mac:02010b41cdec/antenna/tag/e28068940000500386620d4f, 83
1652704632.10705, sdrt-health/mac:02010b41cdec/antenna/tag/e28068940000500386620d4f, 97
1652704632.107289, sdrt-health/mac:02010b41cdec/antenna/tag/e2806894000050038662154f, 87
1652704632.138079, sdrt-health/mac:02010b41cdec/antenna/tag/e2806894000050038662154f, 88
1652704632.204253, sdrt-health/mac:02010b41cdec/antenna/tag/e28068940000500386620d4f, 97
1652704632.204786, sdrt-health/mac:02010b41cdec/antenna/tag/e2806894000040038662114f, 85
1652704632.235574, sdrt-health/mac:02010b41cdec/antenna/tag/e2806894000040038662114f, 93
1652704632.23588, sdrt-health/mac:02010b41cdec/antenna/tag/e2806894000050038661fd4f, 97
1652704632.285487, sdrt-health/mac:02010b41cdec/antenna/tag/e2806894000050038661fd4f, 97
1652704632.285948, sdrt-health/mac:02010b41cdec/antenna/tag/e2806894000040038662114f, 93
1652704632.286333, sdrt-health/mac:02010b41cdec/antenna/tag/e28068940000500386620d4f, 83
1652704632.332071, sdrt-health/mac:02010b41cdec/antenna/tag/e2806894000040038662114f, 85
1652704632.378159, sdrt-health/mac:02010b41cdec/antenna/tag/e2806894000050038661fd4f, 97
1652704632.433554, sdrt-health/mac:02010b41cdec/antenna/tag/e28068940000400386621d4f, 96
1652704632.490958, sdrt-health/mac:02010b41cdec/antenna/tag/e2806894000050038662194f, 81
1652704632.491459, sdrt-health/mac:02010b41cdec/antenna/tag/e2806894000050038662154f, 85
1652704632.491822, sdrt-health/mac:02010b41cdec/antenna/tag/e2806894000040038662114f, 88
1652704632.492208, sdrt-health/mac:02010b41cdec/antenna/tag/e2806894000050038662194f, 81
1652704632.508028, sdrt-health/mac:02010b41cdec/antenna/tag/e28068940000400386621d4f, 96
1652704632.553398, sdrt-health/mac:02010b41cdec/antenna/tag/e28068940000400386621d4f, 77
1652704632.619764, sdrt-health/mac:02010b41cdec/antenna/tag/e2806894000050038662154f, 93
1652704632.620147, sdrt-health/mac:02010b41cdec/antenna/tag/e2806894000050038661fd4f, 91
1652704632.643971, sdrt-health/mac:02010b41cdec/antenna/tag/e2806894000050038662154f, 93
1652704632.68597, sdrt-health/mac:02010b41cdec/antenna/tag/e2806894000050038662154f, 88
1652704632.730921, sdrt-health/mac:02010b41cdec/antenna/tag/e2806894000050038662194f, 81
1652704632.796443, sdrt-health/mac:02010b41cdec/antenna/tag/e2806894000050038662154f, 85
1652704632.860414, sdrt-health/mac:02010b41cdec/antenna/tag/e2806894000050038662154f, 88
1652704632.905323, sdrt-health/mac:02010b41cdec/antenna/tag/e28068940000400386621d4f, 77
1652704632.956482, sdrt-health/mac:02010b41cdec/antenna/tag/e28068940000400386621d4f, 96
1652704633.02073, sdrt-health/mac:02010b41cdec/antenna/tag/e2806894000050038662194f, 81
1652704633.17245, sdrt-health/mac:02010b41cdec/antenna/tag/e28068940000500386620d4f, 83
1652704633.172689, sdrt-health/mac:02010b41cdec/antenna/tag/e2806894000050038661fd4f, 91
1652704633.172812, sdrt-health/mac:02010b41cdec/antenna/tag/e2806894000050038662154f, 93
1652704633.248127, sdrt-health/mac:02010b41cdec/antenna/tag/e28068940000500386620d4f, 83
1652704633.248659, sdrt-health/mac:02010b41cdec/antenna/tag/e2806894000050038662154f, 85
1652704633.249044, sdrt-health/mac:02010b41cdec/antenna/tag/e2806894000050038662194f, 81
1652704633.249454, sdrt-health/mac:02010b41cdec/antenna/tag/e2806894000050038662154f, 85
1652704633.249824, sdrt-health/mac:02010b41cdec/antenna/tag/e2806894000050038662154f, 93
1652704633.250187, sdrt-health/mac:02010b41cdec/antenna/tag/e2806894000040038662214f, 81
1652704633.250578, sdrt-health/mac:02010b41cdec/antenna/tag/e2806894000040038662114f, 85
1652704633.250945, sdrt-health/mac:02010b41cdec/antenna/tag/e2806894000050038661fd4f, 97
1652704633.285041, sdrt-health/mac:02010b41cdec/antenna/tag/e28068940000400386621d4f, 77
1652704633.296908, sdrt-health/mac:02010b41cdec/antenna/tag/e2806894000040038662214f, 94
1652704633.321251, sdrt-health/mac:02010b41cdec/antenna/tag/e2806894000050038662154f, 87
1652704633.355675, sdrt-health/mac:02010b41cdec/antenna/tag/e2806894000050038661fd4f, 91
1652704633.423413, sdrt-health/mac:02010b41cdec/antenna/tag/e28068940000500386620d4f, 83
1652704633.423927, sdrt-health/mac:02010b41cdec/antenna/tag/e2806894000050038662154f, 93
1652704633.466826, sdrt-health/mac:02010b41cdec/antenna/tag/e28068940000400386621d4f, 77
1652704633.515566, sdrt-health/mac:02010b41cdec/antenna/tag/e28068940000500386620d4f, 91
1652704633.559936, sdrt-health/mac:02010b41cdec/antenna/tag/e2806894000050038662154f, 93
1652704633.560259, sdrt-health/mac:02010b41cdec/antenna/tag/e2806894000040038662114f, 85
1652704633.576474, sdrt-health/mac:02010b41cdec/antenna/tag/e2806894000040038662114f, 85
1652704633.601799, sdrt-health/mac:02010b41cdec/antenna/tag/e2806894000050038661fd4f, 97
1652704633.730255, sdrt-health/mac:02010b41cdec/antenna/tag/e2806894000050038662194f, 88
1652704633.730757, sdrt-health/mac:02010b41cdec/antenna/tag/e2806894000040038662114f, 88
1652704633.780297, sdrt-health/mac:02010b41cdec/antenna/tag/e28068940000400386621d4f, 77
1652704633.831619, sdrt-health/mac:02010b41cdec/antenna/tag/e2806894000040038662114f, 93
1652704633.831949, sdrt-health/mac:02010b41cdec/antenna/tag/e28068940000500386620d4f, 97
1652704633.845963, sdrt-health/mac:02010b41cdec/antenna/tag/e2806894000040038661f94f, 88
1652704633.868814, sdrt-health/mac:02010b41cdec/antenna/tag/e2806894000050038662154f, 85
1652704633.916352, sdrt-health/mac:02010b41cdec/antenna/tag/e2806894000040038662114f, 88
1652704633.971649, sdrt-health/mac:02010b41cdec/antenna/tag/e28068940000500386620d4f, 83
1652704633.9721, sdrt-health/mac:02010b41cdec/antenna/tag/e28068940000500386620d4f, 83
1652704633.986649, sdrt-health/mac:02010b41cdec/antenna/tag/e2806894000050038662154f, 85
1652704633.995863, sdrt-health/mac:02010b41cdec/antenna/tag/e2806894000050038662154f, 85
1652704634.035576, sdrt-health/mac:02010b41cdec/antenna/tag/e2806894000050038662194f, 88
1652704634.075056, sdrt-health/mac:02010b41cdec/antenna/tag/e2806894000050038661fd4f, 91
1652704634.115169, sdrt-health/mac:02010b41cdec/antenna/tag/e28068940000500386620d4f, 83
1652704634.171461, sdrt-health/mac:02010b41cdec/antenna/tag/e2806894000040038662114f, 88
1652704634.172018, sdrt-health/mac:02010b41cdec/antenna/tag/e28068940000500386620d4f, 83
1652704634.23584, sdrt-health/mac:02010b41cdec/antenna/tag/e2806894000040038662114f, 88
1652704634.275213, sdrt-health/mac:02010b41cdec/antenna/tag/e2806894000040038662114f, 85
1652704634.276158, sdrt-health/mac:02010b41cdec/antenna/tag/e2806894000050038662154f, 85
1652704634.331235, sdrt-health/mac:02010b41cdec/antenna/tag/e28068940000400386621d4f, 96
1652704634.390658, sdrt-health/mac:02010b41cdec/antenna/tag/e2806894000050038662154f, 85
1652704634.391085, sdrt-health/mac:02010b41cdec/antenna/tag/e28068940000400386621d4f, 96
1652704634.405964, sdrt-health/mac:02010b41cdec/antenna/tag/e28068940000500386620d4f, 83
1652704634.418896, sdrt-health/mac:02010b41cdec/antenna/tag/e28068940000400386621d4f, 96
1652704634.420984, sdrt-health/mac:02010b41cdec/antenna/tag/e2806894000050038661fd4f, 97
1652704634.476326, sdrt-health/mac:02010b41cdec/antenna/tag/e2806894000050038662154f, 93
1652704634.515642, sdrt-health/mac:02010b41cdec/antenna/tag/e2806894000050038661fd4f, 91
1652704634.571388, sdrt-health/mac:02010b41cdec/antenna/tag/e2806894000050038662154f, 85
1652704634.571901, sdrt-health/mac:02010b41cdec/antenna/tag/e2806894000040038662114f, 85
1652704634.615978, sdrt-health/mac:02010b41cdec/antenna/tag/e2806894000050038662194f, 81
1652704634.673447, sdrt-health/mac:02010b41cdec/antenna/tag/e28068940000500386620d4f, 86
1652704634.673908, sdrt-health/mac:02010b41cdec/antenna/tag/e2806894000050038662194f, 94
1652704634.688243, sdrt-health/mac:02010b41cdec/antenna/tag/e2806894000040038662114f, 85
1652704634.70467, sdrt-health/mac:02010b41cdec/antenna/tag/e2806894000050038661fd4f, 88
1652704634.77247, sdrt-health/mac:02010b41cdec/antenna/tag/e2806894000050038662194f, 88
1652704634.773004, sdrt-health/mac:02010b41cdec/antenna/tag/e2806894000040038662114f, 85
1652704634.795349, sdrt-health/mac:02010b41cdec/antenna/tag/e2806894000050038661fd4f, 91
1652704634.856124, sdrt-health/mac:02010b41cdec/antenna/tag/e2806894000040038662114f, 85
1652704634.899811, sdrt-health/mac:02010b41cdec/antenna/tag/e28068940000500386620d4f, 97
1652704634.979388, sdrt-health/mac:02010b41cdec/antenna/tag/e28068940000500386620d4f, 83
1652704635.015404, sdrt-health/mac:02010b41cdec/antenna/tag/e2806894000050038662154f, 93
1652704635.07558, sdrt-health/mac:02010b41cdec/antenna/tag/e2806894000040038662114f, 85
1652704635.076135, sdrt-health/mac:02010b41cdec/antenna/tag/e2806894000050038662154f, 87
1652704635.132539, sdrt-health/mac:02010b41cdec/antenna/tag/e2806894000050038661fd4f, 97
1652704635.177296, sdrt-health/mac:02010b41cdec/antenna/tag/e2806894000040038662114f, 85
1652704635.207702, sdrt-health/mac:02010b41cdec/antenna/tag/e28068940000400386621d4f, 96
1652704635.20818, sdrt-health/mac:02010b41cdec/antenna/tag/e28068940000500386620d4f, 97
1652704635.222145, sdrt-health/mac:02010b41cdec/antenna/tag/e2806894000040038662114f, 88
1652704635.251071, sdrt-health/mac:02010b41cdec/antenna/tag/e2806894000040038662114f, 85
1652704635.30727, sdrt-health/mac:02010b41cdec/antenna/tag/e2806894000050038662154f, 85
1652704635.345273, sdrt-health/mac:02010b41cdec/antenna/tag/e28068940000400386621d4f, 96
1652704635.417249, sdrt-health/mac:02010b41cdec/antenna/tag/e2806894000050038661fd4f, 97
1652704635.417664, sdrt-health/mac:02010b41cdec/antenna/tag/e2806894000050038662154f, 88
1652704635.431864, sdrt-health/mac:02010b41cdec/antenna/tag/e2806894000050038661fd4f, 97
1652704635.476487, sdrt-health/mac:02010b41cdec/antenna/tag/e28068940000400386621d4f, 77
1652704635.530587, sdrt-health/mac:02010b41cdec/antenna/tag/e2806894000050038662194f, 83
1652704635.531089, sdrt-health/mac:02010b41cdec/antenna/tag/e28068940000400386621d4f, 96
1652704635.531473, sdrt-health/mac:02010b41cdec/antenna/tag/e2806894000050038662154f, 88
1652704635.575822, sdrt-health/mac:02010b41cdec/antenna/tag/e28068940000500386620d4f, 83
1652704635.63599, sdrt-health/mac:02010b41cdec/antenna/tag/e2806894000050038662194f, 81
1652704635.675629, sdrt-health/mac:02010b41cdec/antenna/tag/e2806894000040038662114f, 85
1652704635.715972, sdrt-health/mac:02010b41cdec/antenna/tag/e2806894000040038662114f, 85
1652704635.71636, sdrt-health/mac:02010b41cdec/antenna/tag/e2806894000050038662194f, 81
1652704635.771361, sdrt-health/mac:02010b41cdec/antenna/tag/e2806894000040038662114f, 85
1652704635.815339, sdrt-health/mac:02010b41cdec/antenna/tag/e2806894000050038662154f, 88
1652704635.905858, sdrt-health/mac:02010b41cdec/antenna/tag/e2806894000050038661fd4f, 88
1652704635.955424, sdrt-health/mac:02010b41cdec/antenna/tag/e28068940000500386620d4f, 83
1652704636.046327, sdrt-health/mac:02010b41cdec/antenna/tag/e2806894000050038661fd4f, 91
1652704636.046826, sdrt-health/mac:02010b41cdec/antenna/tag/e28068940000500386620d4f, 83
1652704636.06614, sdrt-health/mac:02010b41cdec/antenna/tag/e2806894000050038662154f, 88
1652704636.179788, sdrt-health/mac:02010b41cdec/antenna/tag/e2806894000050038662154f, 85
1652704636.210195, sdrt-health/mac:02010b41cdec/antenna/tag/e28068940000400386621d4f, 96
1652704636.210723, sdrt-health/mac:02010b41cdec/antenna/tag/e2806894000050038661fd4f, 83
1652704636.211087, sdrt-health/mac:02010b41cdec/antenna/tag/e2806894000040038662114f, 85
1652704636.223876, sdrt-health/mac:02010b41cdec/antenna/tag/e2806894000040038662114f, 88
1652704636.224109, sdrt-health/mac:02010b41cdec/antenna/tag/e2806894000050038661fd4f, 97
1652704636.224255, sdrt-health/mac:02010b41cdec/antenna/tag/e2806894000040038662114f, 85
1652704636.224392, sdrt-health/mac:02010b41cdec/antenna/tag/e2806894000040038662114f, 85
1652704636.276474, sdrt-health/mac:02010b41cdec/antenna/tag/e28068940000400386621d4f, 96
1652704636.315338, sdrt-health/mac:02010b41cdec/antenna/tag/e28068940000400386621d4f, 96
1652704636.346579, sdrt-health/mac:02010b41cdec/antenna/tag/e28068940000400386621d4f, 96
1652704636.346892, sdrt-health/mac:02010b41cdec/antenna/tag/e28068940000500386620d4f, 97
1652704636.36094, sdrt-health/mac:02010b41cdec/antenna/tag/e2806894000050038662154f, 88
1652704636.361278, sdrt-health/mac:02010b41cdec/antenna/tag/e2806894000040038662114f, 85
1652704636.395151, sdrt-health/mac:02010b41cdec/antenna/tag/e2806894000050038662154f, 88
1652704636.451085, sdrt-health/mac:02010b41cdec/antenna/tag/e28068940000500386620d4f, 83
1652704636.451493, sdrt-health/mac:02010b41cdec/antenna/tag/e2806894000050038661fd4f, 91
1652704636.475431, sdrt-health/mac:02010b41cdec/antenna/tag/e28068940000400386621d4f, 90
1652704636.515106, sdrt-health/mac:02010b41cdec/antenna/tag/e2806894000050038661fd4f, 97
1652704636.571487, sdrt-health/mac:02010b41cdec/antenna/tag/e28068940000400386621d4f, 96
1652704636.571996, sdrt-health/mac:02010b41cdec/antenna/tag/e28068940000400386621d4f, 77
1652704636.586112, sdrt-health/mac:02010b41cdec/antenna/tag/e2806894000040038662214f, 94
1652704636.595998, sdrt-health/mac:02010b41cdec/antenna/tag/e2806894000050038661fd4f, 97
1652704636.600581, sdrt-health/mac:02010b41cdec/antenna/tag/e2806894000050038661fd4f, 91
1652704636.666068, sdrt-health/mac:02010b41cdec/antenna/tag/e2806894000040038662114f, 85
1652704636.704897, sdrt-health/mac:02010b41cdec/antenna/tag/e28068940000400386621d4f, 96
1652704636.778488, sdrt-health/mac:02010b41cdec/antenna/tag/e2806894000040038662114f, 85
1652704636.779059, sdrt-health/mac:02010b41cdec/antenna/tag/e2806894000050038662154f, 88
1652704636.779424, sdrt-health/mac:02010b41cdec/antenna/tag/e2806894000040038662114f, 85
1652704636.835045, sdrt-health/mac:02010b41cdec/antenna/tag/e28068940000500386620d4f, 83
1652704636.875333, sdrt-health/mac:02010b41cdec/antenna/tag/e2806894000050038662154f, 85
1652704636.91453, sdrt-health/mac:02010b41cdec/antenna/tag/e2806894000050038661fd4f, 97
1652704636.995871, sdrt-health/mac:02010b41cdec/antenna/tag/e28068940000400386621d4f, 96
1652704637.034954, sdrt-health/mac:02010b41cdec/antenna/tag/e2806894000050038662194f, 81
1652704637.075383, sdrt-health/mac:02010b41cdec/antenna/tag/e2806894000050038662154f, 93
1652704637.114567, sdrt-health/mac:02010b41cdec/antenna/tag/e2806894000040038662114f, 85
1652704637.173865, sdrt-health/mac:02010b41cdec/antenna/tag/e28068940000500386620d4f, 91
1652704637.174387, sdrt-health/mac:02010b41cdec/antenna/tag/e28068940000500386620d4f, 97
1652704637.188917, sdrt-health/mac:02010b41cdec/antenna/tag/e28068940000400386621d4f, 77
1652704637.198122, sdrt-health/mac:02010b41cdec/antenna/tag/e28068940000400386621d4f, 96
1652704637.254185, sdrt-health/mac:02010b41cdec/antenna/tag/e2806894000040038662114f, 85
1652704637.316011, sdrt-health/mac:02010b41cdec/antenna/tag/e2806894000050038662154f, 88
1652704637.316515, sdrt-health/mac:02010b41cdec/antenna/tag/e2806894000050038661fd4f, 83
1652704637.331317, sdrt-health/mac:02010b41cdec/antenna/tag/e2806894000050038662154f, 88
1652704637.345461, sdrt-health/mac:02010b41cdec/antenna/tag/e2806894000040038662054f, 88
1652704637.347093, sdrt-health/mac:02010b41cdec/antenna/tag/e2806894000050038662154f, 88
1652704637.347484, sdrt-health/mac:02010b41cdec/antenna/tag/e28068940000400386621d4f, 96
1652704637.395754, sdrt-health/mac:02010b41cdec/antenna/tag/e28068940000500386620d4f, 97
1652704637.467464, sdrt-health/mac:02010b41cdec/antenna/tag/e2806894000050038661fd4f, 83
1652704637.467969, sdrt-health/mac:02010b41cdec/antenna/tag/e28068940000500386620d4f, 97
1652704637.496222, sdrt-health/mac:02010b41cdec/antenna/tag/e2806894000050038662154f, 87
1652704637.539097, sdrt-health/mac:02010b41cdec/antenna/tag/e2806894000040038662214f, 88
1652704637.611391, sdrt-health/mac:02010b41cdec/antenna/tag/e28068940000500386620d4f, 97
1652704637.655394, sdrt-health/mac:02010b41cdec/antenna/tag/e2806894000040038662114f, 85
1652704637.724341, sdrt-health/mac:02010b41cdec/antenna/tag/e2806894000050038662154f, 85
1652704637.724836, sdrt-health/mac:02010b41cdec/antenna/tag/e2806894000050038661fd4f, 83
1652704637.755613, sdrt-health/mac:02010b41cdec/antenna/tag/e2806894000050038661fd4f, 97
1652704637.756045, sdrt-health/mac:02010b41cdec/antenna/tag/e2806894000050038662154f, 88
1652704637.756362, sdrt-health/mac:02010b41cdec/antenna/tag/e28068940000500386620d4f, 97
1652704637.887583, sdrt-health/mac:02010b41cdec/antenna/tag/e2806894000050038661fd4f, 97
1652704637.959938, sdrt-health/mac:02010b41cdec/antenna/tag/e2806894000050038662154f, 85
1652704637.960477, sdrt-health/mac:02010b41cdec/antenna/tag/e2806894000050038662154f, 88
1652704637.974291, sdrt-health/mac:02010b41cdec/antenna/tag/e2806894000040038662114f, 88
1652704637.97472, sdrt-health/mac:02010b41cdec/antenna/tag/e28068940000400386621d4f, 96
1652704637.975147, sdrt-health/mac:02010b41cdec/antenna/tag/e28068940000500386620d4f, 97
1652704637.991958, sdrt-health/mac:02010b41cdec/antenna/tag/e2806894000050038661fd4f, 83
1652704637.992283, sdrt-health/mac:02010b41cdec/antenna/tag/e2806894000050038661fd4f, 91
1652704637.992542, sdrt-health/mac:02010b41cdec/antenna/tag/e2806894000040038662114f, 85
1652704638.045724, sdrt-health/mac:02010b41cdec/antenna/tag/e2806894000050038661fd4f, 91
1652704638.091108, sdrt-health/mac:02010b41cdec/antenna/tag/e2806894000050038662194f, 81
1652704638.150992, sdrt-health/mac:02010b41cdec/antenna/tag/e28068940000500386620d4f, 83
1652704638.151442, sdrt-health/mac:02010b41cdec/antenna/tag/e2806894000050038662154f, 85
1652704638.181052, sdrt-health/mac:02010b41cdec/antenna/tag/e28068940000500386620d4f, 97
1652704638.211902, sdrt-health/mac:02010b41cdec/antenna/tag/e2806894000040038662114f, 88
1652704638.212211, sdrt-health/mac:02010b41cdec/antenna/tag/e28068940000400386621d4f, 96
1652704638.235532, sdrt-health/mac:02010b41cdec/antenna/tag/e2806894000050038661fd4f, 91
1652704638.275602, sdrt-health/mac:02010b41cdec/antenna/tag/e2806894000050038661fd4f, 97
1652704638.316557, sdrt-health/mac:02010b41cdec/antenna/tag/e2806894000050038661fd4f, 97
1652704638.371987, sdrt-health/mac:02010b41cdec/antenna/tag/e2806894000050038662154f, 85
1652704638.372328, sdrt-health/mac:02010b41cdec/antenna/tag/e2806894000050038662154f, 93
1652704638.395664, sdrt-health/mac:02010b41cdec/antenna/tag/e2806894000050038662154f, 87
1652704638.436187, sdrt-health/mac:02010b41cdec/antenna/tag/e28068940000400386621d4f, 77
1652704638.436544, sdrt-health/mac:02010b41cdec/antenna/tag/e2806894000040038661f94f, 84
1652704638.475765, sdrt-health/mac:02010b41cdec/antenna/tag/e2806894000050038661fd4f, 88
1652704638.515665, sdrt-health/mac:02010b41cdec/antenna/tag/e2806894000050038661fd4f, 88
1652704638.558777, sdrt-health/mac:02010b41cdec/antenna/tag/e2806894000040038662214f, 81
1652704638.614747, sdrt-health/mac:02010b41cdec/antenna/tag/e2806894000050038661fd4f, 91
1652704638.676056, sdrt-health/mac:02010b41cdec/antenna/tag/e2806894000050038662154f, 83
1652704638.676612, sdrt-health/mac:02010b41cdec/antenna/tag/e2806894000050038662154f, 88
1652704638.690861, sdrt-health/mac:02010b41cdec/antenna/tag/e28068940000500386620d4f, 97
1652704638.70482, sdrt-health/mac:02010b41cdec/antenna/tag/e2806894000050038661fd4f, 97
1652704638.707035, sdrt-health/mac:02010b41cdec/antenna/tag/e28068940000500386620d4f, 97
1652704638.75571, sdrt-health/mac:02010b41cdec/antenna/tag/e28068940000500386620d4f, 97
1652704638.798472, sdrt-health/mac:02010b41cdec/antenna/tag/e2806894000050038662154f, 88
1652704638.855287, sdrt-health/mac:02010b41cdec/antenna/tag/e2806894000050038661fd4f, 97
1652704638.855752, sdrt-health/mac:02010b41cdec/antenna/tag/e2806894000040038662114f, 85
1652704638.856114, sdrt-health/mac:02010b41cdec/antenna/tag/e28068940000500386620d4f, 97
1652704638.900277, sdrt-health/mac:02010b41cdec/antenna/tag/e28068940000400386621d4f, 96
1652704638.936464, sdrt-health/mac:02010b41cdec/antenna/tag/e28068940000500386620d4f, 83
1652704638.965572, sdrt-health/mac:02010b41cdec/antenna/tag/e28068940000500386620d4f, 83
1652704638.966073, sdrt-health/mac:02010b41cdec/antenna/tag/e2806894000040038662114f, 88
1652704638.979315, sdrt-health/mac:02010b41cdec/antenna/tag/e28068940000500386620d4f, 83
1652704639.02527, sdrt-health/mac:02010b41cdec/antenna/tag/e2806894000050038662194f, 81
1652704639.076047, sdrt-health/mac:02010b41cdec/antenna/tag/e2806894000050038662154f, 83
1652704639.117201, sdrt-health/mac:02010b41cdec/antenna/tag/e2806894000050038661fd4f, 88
1652704639.171554, sdrt-health/mac:02010b41cdec/antenna/tag/e2806894000040038662114f, 85
1652704639.172044, sdrt-health/mac:02010b41cdec/antenna/tag/e28068940000400386621d4f, 96
1652704639.195655, sdrt-health/mac:02010b41cdec/antenna/tag/e2806894000040038662114f, 85
1652704639.2449, sdrt-health/mac:02010b41cdec/antenna/tag/e2806894000050038662154f, 85
1652704639.292349, sdrt-health/mac:02010b41cdec/antenna/tag/e28068940000400386621d4f, 96
1652704639.351126, sdrt-health/mac:02010b41cdec/antenna/tag/e2806894000050038662154f, 85
1652704639.351461, sdrt-health/mac:02010b41cdec/antenna/tag/e28068940000500386620d4f, 83
1652704639.364949, sdrt-health/mac:02010b41cdec/antenna/tag/e2806894000050038661fd4f, 91
1652704639.379615, sdrt-health/mac:02010b41cdec/antenna/tag/e2806894000050038662154f, 88
1652704639.380172, sdrt-health/mac:02010b41cdec/antenna/tag/e28068940000500386620d4f, 83
1652704639.427034, sdrt-health/mac:02010b41cdec/antenna/tag/e28068940000400386621d4f, 77
1652704639.476174, sdrt-health/mac:02010b41cdec/antenna/tag/e2806894000040038662114f, 88
1652704639.566789, sdrt-health/mac:02010b41cdec/antenna/tag/e2806894000050038661fd4f, 91
1652704639.567298, sdrt-health/mac:02010b41cdec/antenna/tag/e2806894000050038661fd4f, 97
1652704639.595295, sdrt-health/mac:02010b41cdec/antenna/tag/e2806894000040038662114f, 85
1652704639.671613, sdrt-health/mac:02010b41cdec/antenna/tag/e2806894000050038661fd4f, 91
1652704639.671893, sdrt-health/mac:02010b41cdec/antenna/tag/e2806894000040038662214f, 84
1652704639.69971, sdrt-health/mac:02010b41cdec/antenna/tag/e2806894000040038662214f, 88
1652704639.762088, sdrt-health/mac:02010b41cdec/antenna/tag/e28068940000400386621d4f, 77
1652704639.762649, sdrt-health/mac:02010b41cdec/antenna/tag/e2806894000050038661fd4f, 91
1652704639.777678, sdrt-health/mac:02010b41cdec/antenna/tag/e2806894000050038662154f, 93
1652704639.796299, sdrt-health/mac:02010b41cdec/antenna/tag/e2806894000050038662154f, 93
1652704639.835835, sdrt-health/mac:02010b41cdec/antenna/tag/e28068940000500386620d4f, 83
1652704639.892677, sdrt-health/mac:02010b41cdec/antenna/tag/e2806894000050038662154f, 93
1652704639.89325, sdrt-health/mac:02010b41cdec/antenna/tag/e2806894000050038661fd4f, 88
1652704639.90811, sdrt-health/mac:02010b41cdec/antenna/tag/e2806894000050038661fd4f, 91
1652704639.908578, sdrt-health/mac:02010b41cdec/antenna/tag/e28068940000500386620d4f, 83
1652704639.915766, sdrt-health/mac:02010b41cdec/antenna/tag/e28068940000500386620d4f, 97
1652704639.954165, sdrt-health/mac:02010b41cdec/antenna/tag/e2806894000050038662154f, 93
1652704639.995627, sdrt-health/mac:02010b41cdec/antenna/tag/e2806894000050038662154f, 93
1652704640.071693, sdrt-health/mac:02010b41cdec/antenna/tag/e2806894000050038662194f, 81
1652704640.07217, sdrt-health/mac:02010b41cdec/antenna/tag/e2806894000050038662154f, 88
1652704640.115041, sdrt-health/mac:02010b41cdec/antenna/tag/e28068940000500386620d4f, 83
1652704640.15552, sdrt-health/mac:02010b41cdec/antenna/tag/e2806894000050038662154f, 88
1652704640.195637, sdrt-health/mac:02010b41cdec/antenna/tag/e2806894000050038662154f, 87
1652704640.260744, sdrt-health/mac:02010b41cdec/antenna/tag/e2806894000040038662114f, 85
1652704640.297239, sdrt-health/mac:02010b41cdec/antenna/tag/e2806894000050038662154f, 93
1652704640.340126, sdrt-health/mac:02010b41cdec/antenna/tag/e2806894000040038662114f, 88
1652704640.386191, sdrt-health/mac:02010b41cdec/antenna/tag/e2806894000050038662154f, 85
1652704640.38669, sdrt-health/mac:02010b41cdec/antenna/tag/e28068940000400386621d4f, 96
1652704640.445445, sdrt-health/mac:02010b41cdec/antenna/tag/e28068940000400386621d4f, 96
1652704640.493394, sdrt-health/mac:02010b41cdec/antenna/tag/e2806894000040038662114f, 88
1652704640.58587, sdrt-health/mac:02010b41cdec/antenna/tag/e28068940000400386621d4f, 77
1652704640.676415, sdrt-health/mac:02010b41cdec/antenna/tag/e2806894000050038662194f, 84
1652704640.746278, sdrt-health/mac:02010b41cdec/antenna/tag/e28068940000500386620d4f, 83
1652704640.746826, sdrt-health/mac:02010b41cdec/antenna/tag/e2806894000050038662194f, 88
1652704640.747272, sdrt-health/mac:02010b41cdec/antenna/tag/e28068940000500386620d4f, 97
1652704640.760704, sdrt-health/mac:02010b41cdec/antenna/tag/e2806894000050038661fd4f, 97
1652704640.783435, sdrt-health/mac:02010b41cdec/antenna/tag/e28068940000500386620d4f, 97
1652704640.783899, sdrt-health/mac:02010b41cdec/antenna/tag/e2806894000050038661fd4f, 97
1652704640.847425, sdrt-health/mac:02010b41cdec/antenna/tag/e2806894000050038662154f, 88
1652704640.911935, sdrt-health/mac:02010b41cdec/antenna/tag/e2806894000050038662154f, 88
1652704640.91242, sdrt-health/mac:02010b41cdec/antenna/tag/e2806894000050038661fd4f, 97
1652704640.935928, sdrt-health/mac:02010b41cdec/antenna/tag/e28068940000400386621d4f, 96
1652704641.004993, sdrt-health/mac:02010b41cdec/antenna/tag/e2806894000050038662154f, 85
1652704641.005502, sdrt-health/mac:02010b41cdec/antenna/tag/e28068940000500386620d4f, 86
1652704641.019476, sdrt-health/mac:02010b41cdec/antenna/tag/e2806894000050038662194f, 81
1652704641.020056, sdrt-health/mac:02010b41cdec/antenna/tag/e2806894000050038662194f, 81
1652704641.03516, sdrt-health/mac:02010b41cdec/antenna/tag/e2806894000050038662154f, 85
1652704641.075949, sdrt-health/mac:02010b41cdec/antenna/tag/e2806894000050038662194f, 94
1652704641.146996, sdrt-health/mac:02010b41cdec/antenna/tag/e2806894000040038662114f, 85
1652704641.1475, sdrt-health/mac:02010b41cdec/antenna/tag/e28068940000500386620d4f, 97
1652704641.176079, sdrt-health/mac:02010b41cdec/antenna/tag/e2806894000040038662114f, 93
1652704641.219136, sdrt-health/mac:02010b41cdec/antenna/tag/e28068940000500386620d4f, 83
1652704641.267426, sdrt-health/mac:02010b41cdec/antenna/tag/e2806894000050038662194f, 94
1652704641.331615, sdrt-health/mac:02010b41cdec/antenna/tag/e2806894000040038662114f, 85
1652704641.332104, sdrt-health/mac:02010b41cdec/antenna/tag/e28068940000400386621d4f, 77
1652704641.346022, sdrt-health/mac:02010b41cdec/antenna/tag/e28068940000500386620d4f, 83
1652704641.376845, sdrt-health/mac:02010b41cdec/antenna/tag/e28068940000400386621d4f, 77
1652704641.37729, sdrt-health/mac:02010b41cdec/antenna/tag/e28068940000400386621d4f, 96
1652704641.377556, sdrt-health/mac:02010b41cdec/antenna/tag/e2806894000050038661fd4f, 91
1652704641.396367, sdrt-health/mac:02010b41cdec/antenna/tag/e28068940000500386620d4f, 83
1652704641.452394, sdrt-health/mac:02010b41cdec/antenna/tag/e2806894000050038661fd4f, 91
1652704641.511023, sdrt-health/mac:02010b41cdec/antenna/tag/e28068940000400386621d4f, 96
1652704641.511698, sdrt-health/mac:02010b41cdec/antenna/tag/e28068940000400386621d4f, 77
1652704641.539262, sdrt-health/mac:02010b41cdec/antenna/tag/e2806894000050038662194f, 81
1652704641.575588, sdrt-health/mac:02010b41cdec/antenna/tag/e28068940000400386621d4f, 77
1652704641.626021, sdrt-health/mac:02010b41cdec/antenna/tag/e28068940000400386621d4f, 96
1652704641.674039, sdrt-health/mac:02010b41cdec/antenna/tag/e2806894000050038662154f, 91
1652704641.731519, sdrt-health/mac:02010b41cdec/antenna/tag/e28068940000400386621d4f, 96
1652704641.732024, sdrt-health/mac:02010b41cdec/antenna/tag/e28068940000500386620d4f, 97
1652704641.75606, sdrt-health/mac:02010b41cdec/antenna/tag/e2806894000040038662114f, 88
1652704641.795825, sdrt-health/mac:02010b41cdec/antenna/tag/e28068940000500386620d4f, 83
1652704641.835753, sdrt-health/mac:02010b41cdec/antenna/tag/e28068940000500386620d4f, 83
1652704641.875253, sdrt-health/mac:02010b41cdec/antenna/tag/e28068940000500386620d4f, 83
1652704641.914867, sdrt-health/mac:02010b41cdec/antenna/tag/e2806894000040038662114f, 85
1652704641.955717, sdrt-health/mac:02010b41cdec/antenna/tag/e2806894000040038662114f, 88
1652704641.996606, sdrt-health/mac:02010b41cdec/antenna/tag/e2806894000050038661fd4f, 91
1652704642.076668, sdrt-health/mac:02010b41cdec/antenna/tag/e2806894000050038661fd4f, 97
1652704642.117174, sdrt-health/mac:02010b41cdec/antenna/tag/e2806894000050038662194f, 94
1652704642.156668, sdrt-health/mac:02010b41cdec/antenna/tag/e28068940000500386620d4f, 83
1652704642.195237, sdrt-health/mac:02010b41cdec/antenna/tag/e2806894000050038661fd4f, 91
1652704642.276167, sdrt-health/mac:02010b41cdec/antenna/tag/e28068940000500386620d4f, 83
1652704642.276754, sdrt-health/mac:02010b41cdec/antenna/tag/e28068940000500386620d4f, 97
1652704642.305189, sdrt-health/mac:02010b41cdec/antenna/tag/e28068940000500386620d4f, 97
1652704642.371401, sdrt-health/mac:02010b41cdec/antenna/tag/e2806894000040038662114f, 85
1652704642.371852, sdrt-health/mac:02010b41cdec/antenna/tag/e2806894000050038662154f, 91
1652704642.386198, sdrt-health/mac:02010b41cdec/antenna/tag/e28068940000500386620d4f, 91
1652704642.395834, sdrt-health/mac:02010b41cdec/antenna/tag/e2806894000050038661fd4f, 91
1652704642.401666, sdrt-health/mac:02010b41cdec/antenna/tag/e28068940000500386620d4f, 83
1652704642.435078, sdrt-health/mac:02010b41cdec/antenna/tag/e28068940000500386620d4f, 83
1652704642.494624, sdrt-health/mac:02010b41cdec/antenna/tag/e28068940000400386621d4f, 77
1652704642.495171, sdrt-health/mac:02010b41cdec/antenna/tag/e2806894000050038662154f, 88
1652704642.495674, sdrt-health/mac:02010b41cdec/antenna/tag/e28068940000500386620d4f, 83
1652704642.511023, sdrt-health/mac:02010b41cdec/antenna/tag/e2806894000040038662114f, 85
1652704642.515577, sdrt-health/mac:02010b41cdec/antenna/tag/e2806894000040038662114f, 85
1652704642.571364, sdrt-health/mac:02010b41cdec/antenna/tag/e2806894000050038662154f, 88
1652704642.614526, sdrt-health/mac:02010b41cdec/antenna/tag/e28068940000400386621d4f, 96
1652704642.686611, sdrt-health/mac:02010b41cdec/antenna/tag/e28068940000500386620d4f, 97
1652704642.687185, sdrt-health/mac:02010b41cdec/antenna/tag/e2806894000050038661fd4f, 97
1652704642.687617, sdrt-health/mac:02010b41cdec/antenna/tag/e2806894000050038661fd4f, 97
1652704642.69339, sdrt-health/mac:02010b41cdec/antenna/tag/e28068940000500386620d4f, 83
1652704642.739551, sdrt-health/mac:02010b41cdec/antenna/tag/e2806894000050038661fd4f, 83
1652704642.772089, sdrt-health/mac:02010b41cdec/antenna/tag/e2806894000040038662114f, 85
1652704642.77249, sdrt-health/mac:02010b41cdec/antenna/tag/e2806894000040038662114f, 85
1652704642.786339, sdrt-health/mac:02010b41cdec/antenna/tag/e2806894000040038662114f, 88
1652704642.83478, sdrt-health/mac:02010b41cdec/antenna/tag/e28068940000500386620d4f, 83
1652704642.83566, sdrt-health/mac:02010b41cdec/antenna/tag/e28068940000400386621d4f, 96
1652704642.852032, sdrt-health/mac:02010b41cdec/antenna/tag/e28068940000400386621d4f, 96
1652704642.875514, sdrt-health/mac:02010b41cdec/antenna/tag/e28068940000400386621d4f, 96
1652704642.915127, sdrt-health/mac:02010b41cdec/antenna/tag/e2806894000050038661fd4f, 97
1652704642.955656, sdrt-health/mac:02010b41cdec/antenna/tag/e2806894000040038662114f, 85
1652704642.956632, sdrt-health/mac:02010b41cdec/antenna/tag/e2806894000050038662154f, 85
1652704642.995032, sdrt-health/mac:02010b41cdec/antenna/tag/e28068940000400386621d4f, 96
1652704642.996036, sdrt-health/mac:02010b41cdec/antenna/tag/e2806894000050038661fd4f, 91
1652704643.035968, sdrt-health/mac:02010b41cdec/antenna/tag/e2806894000040038662214f, 81
1652704643.075943, sdrt-health/mac:02010b41cdec/antenna/tag/e28068940000400386621d4f, 77
1652704643.132829, sdrt-health/mac:02010b41cdec/antenna/tag/e2806894000050038662154f, 87
1652704643.133176, sdrt-health/mac:02010b41cdec/antenna/tag/e2806894000050038661fd4f, 88
1652704643.15486, sdrt-health/mac:02010b41cdec/antenna/tag/e2806894000040038662214f, 81
1652704643.211737, sdrt-health/mac:02010b41cdec/antenna/tag/e28068940000500386620d4f, 83
1652704643.255783, sdrt-health/mac:02010b41cdec/antenna/tag/e28068940000500386620d4f, 97
1652704643.28701, sdrt-health/mac:02010b41cdec/antenna/tag/e2806894000050038661fd4f, 91
1652704643.287309, sdrt-health/mac:02010b41cdec/antenna/tag/e2806894000050038662154f, 85
1652704643.325334, sdrt-health/mac:02010b41cdec/antenna/tag/e2806894000040038662054f, 81
1652704643.355893, sdrt-health/mac:02010b41cdec/antenna/tag/e2806894000050038662154f, 85
1652704643.35613, sdrt-health/mac:02010b41cdec/antenna/tag/e2806894000050038661fd4f, 97
1652704643.372205, sdrt-health/mac:02010b41cdec/antenna/tag/e28068940000500386620d4f, 83
1652704643.407375, sdrt-health/mac:02010b41cdec/antenna/tag/e2806894000050038662154f, 85
1652704643.407661, sdrt-health/mac:02010b41cdec/antenna/tag/e2806894000050038661fd4f, 91
1652704643.407881, sdrt-health/mac:02010b41cdec/antenna/tag/e28068940000400386621d4f, 96
1652704643.423038, sdrt-health/mac:02010b41cdec/antenna/tag/e28068940000500386620d4f, 83
1652704643.460426, sdrt-health/mac:02010b41cdec/antenna/tag/e2806894000040038662114f, 91
1652704643.497271, sdrt-health/mac:02010b41cdec/antenna/tag/e28068940000500386620d4f, 83
1652704643.541267, sdrt-health/mac:02010b41cdec/antenna/tag/e2806894000050038662154f, 88
1652704643.600612, sdrt-health/mac:02010b41cdec/antenna/tag/e2806894000040038662114f, 88
1652704643.601042, sdrt-health/mac:02010b41cdec/antenna/tag/e2806894000040038662114f, 85
1652704643.640274, sdrt-health/mac:02010b41cdec/antenna/tag/e2806894000040038662114f, 85
1652704643.676353, sdrt-health/mac:02010b41cdec/antenna/tag/e2806894000040038662214f, 94
1652704643.71647, sdrt-health/mac:02010b41cdec/antenna/tag/e2806894000040038662114f, 85
1652704643.756146, sdrt-health/mac:02010b41cdec/antenna/tag/e2806894000050038662154f, 88
1652704643.796651, sdrt-health/mac:02010b41cdec/antenna/tag/e2806894000050038661fd4f, 97
1652704643.835274, sdrt-health/mac:02010b41cdec/antenna/tag/e2806894000050038662154f, 88
1652704643.875958, sdrt-health/mac:02010b41cdec/antenna/tag/e2806894000050038661fd4f, 97
1652704643.907677, sdrt-health/mac:02010b41cdec/antenna/tag/e2806894000050038662154f, 88
1652704643.907991, sdrt-health/mac:02010b41cdec/antenna/tag/e28068940000500386620d4f, 97
1652704643.923855, sdrt-health/mac:02010b41cdec/antenna/tag/e2806894000050038661fd4f, 97
1652704643.958085, sdrt-health/mac:02010b41cdec/antenna/tag/e2806894000040038662214f, 84
1652704643.995837, sdrt-health/mac:02010b41cdec/antenna/tag/e2806894000050038662154f, 87
1652704644.053088, sdrt-health/mac:02010b41cdec/antenna/tag/e28068940000500386620d4f, 83
1652704644.053636, sdrt-health/mac:02010b41cdec/antenna/tag/e2806894000040038662114f, 85
1652704644.067681, sdrt-health/mac:02010b41cdec/antenna/tag/e2806894000050038662154f, 85
1652704644.099266, sdrt-health/mac:02010b41cdec/antenna/tag/e2806894000050038662194f, 94
1652704644.146231, sdrt-health/mac:02010b41cdec/antenna/tag/e28068940000400386621d4f, 90
1652704644.211449, sdrt-health/mac:02010b41cdec/antenna/tag/e28068940000500386620d4f, 91
1652704644.212099, sdrt-health/mac:02010b41cdec/antenna/tag/e28068940000500386620d4f, 91
1652704644.235322, sdrt-health/mac:02010b41cdec/antenna/tag/e28068940000500386620d4f, 83
1652704644.26713, sdrt-health/mac:02010b41cdec/antenna/tag/e2806894000050038661fd4f, 83
1652704644.267413, sdrt-health/mac:02010b41cdec/antenna/tag/e2806894000050038662154f, 88
1652704644.281825, sdrt-health/mac:02010b41cdec/antenna/tag/e2806894000050038661fd4f, 97
1652704644.28221, sdrt-health/mac:02010b41cdec/antenna/tag/e2806894000050038661fd4f, 83
1652704644.365288, sdrt-health/mac:02010b41cdec/antenna/tag/e28068940000500386620d4f, 83
1652704644.428088, sdrt-health/mac:02010b41cdec/antenna/tag/e2806894000040038662114f, 88
1652704644.428603, sdrt-health/mac:02010b41cdec/antenna/tag/e2806894000050038662154f, 91
1652704644.456202, sdrt-health/mac:02010b41cdec/antenna/tag/e2806894000050038661fd4f, 91
1652704644.513956, sdrt-health/mac:02010b41cdec/antenna/tag/e2806894000040038662114f, 85
1652704644.51441, sdrt-health/mac:02010b41cdec/antenna/tag/e2806894000050038662194f, 81
1652704644.528396, sdrt-health/mac:02010b41cdec/antenna/tag/e28068940000400386621d4f, 77
1652704644.734831, sdrt-health/mac:02010b41cdec/antenna/tag/scan, scan stopped
