1652704079.982511, sdrt-health/mac:02010b41cdec/antenna/power/set, {"power": 290}
1652704081.068888, sdrt-health/mac:02010b41cdec/antenna/power/set, 
1652704085.019308, sdrt-health/mac:02010b41cdec/antenna/tag/scan, {"time": 20000}
1652704085.382248, sdrt-health/mac:02010b41cdec/antenna/tag/e28068940000400386621d4f, 96
1652704085.430473, sdrt-health/mac:02010b41cdec/antenna/tag/e2806894000050038661fd4f, 97
1652704085.465131, sdrt-health/mac:02010b41cdec/antenna/tag/e28068940000400386621d4f, 96
1652704085.465365, sdrt-health/mac:02010b41cdec/antenna/tag/e2806894000040038662114f, 85
1652704085.465491, sdrt-health/mac:02010b41cdec/antenna/tag/e28068940000500386620d4f, 83
1652704085.489173, sdrt-health/mac:02010b41cdec/antenna/tag/e2806894000050038661fd4f, 83
1652704085.543909, sdrt-health/mac:02010b41cdec/antenna/tag/e28068940000400386621d4f, 96
1652704085.587561, sdrt-health/mac:02010b41cdec/antenna/tag/e2806894000050038661fd4f, 91
1652704085.588084, sdrt-health/mac:02010b41cdec/antenna/tag/e2806894000050038661fd4f, 83
1652704085.60719, sdrt-health/mac:02010b41cdec/antenna/tag/e28068940000500386620d4f, 97
1652704085.607761, sdrt-health/mac:02010b41cdec/antenna/tag/e2806894000050038662154f, 85
1652704085.608161, sdrt-health/mac:02010b41cdec/antenna/tag/e2806894000050038662154f, 85
1652704085.649143, sdrt-health/mac:02010b41cdec/antenna/tag/e28068940000500386620d4f, 83
1652704085.696585, sdrt-health/mac:02010b41cdec/antenna/tag/e2806894000050038662194f, 81
1652704085.756797, sdrt-health/mac:02010b41cdec/antenna/tag/e2806894000040038662114f, 85
1652704085.75731, sdrt-health/mac:02010b41cdec/antenna/tag/e2806894000050038661fd4f, 91
1652704085.771717, sdrt-health/mac:02010b41cdec/antenna/tag/e2806894000050038662154f, 85
1652704085.783858, sdrt-health/mac:02010b41cdec/antenna/tag/e2806894000050038662194f, 88
1652704085.790117, sdrt-health/mac:02010b41cdec/antenna/tag/e2806894000040038662114f, 93
1652704085.843579, sdrt-health/mac:02010b41cdec/antenna/tag/e28068940000500386620d4f, 83
1652704086.014408, sdrt-health/mac:02010b41cdec/antenna/tag/e2806894000050038661fd4f, 91
1652704086.014949, sdrt-health/mac:02010b41cdec/antenna/tag/e2806894000040038662114f, 85
1652704086.112781, sdrt-health/mac:02010b41cdec/antenna/tag/e2806894000050038662154f, 85
1652704086.113371, sdrt-health/mac:02010b41cdec/antenna/tag/e2806894000050038662194f, 81
1652704086.113974, sdrt-health/mac:02010b41cdec/antenna/tag/e28068940000500386620d4f, 83
1652704086.114314, sdrt-health/mac:02010b41cdec/antenna/tag/e28068940000500386620d4f, 97
1652704086.114666, sdrt-health/mac:02010b41cdec/antenna/tag/e28068940000500386620d4f, 83
1652704086.115023, sdrt-health/mac:02010b41cdec/antenna/tag/e2806894000050038661fd4f, 97
1652704086.153446, sdrt-health/mac:02010b41cdec/antenna/tag/e2806894000050038662154f, 88
1652704086.153891, sdrt-health/mac:02010b41cdec/antenna/tag/e2806894000050038662154f, 85
1652704086.17517, sdrt-health/mac:02010b41cdec/antenna/tag/e2806894000040038662114f, 85
1652704086.237219, sdrt-health/mac:02010b41cdec/antenna/tag/e28068940000400386621d4f, 77
1652704086.237679, sdrt-health/mac:02010b41cdec/antenna/tag/e2806894000040038662114f, 85
1652704086.254962, sdrt-health/mac:02010b41cdec/antenna/tag/e28068940000400386621d4f, 77
1652704086.263587, sdrt-health/mac:02010b41cdec/antenna/tag/e2806894000050038661fd4f, 91
1652704086.272225, sdrt-health/mac:02010b41cdec/antenna/tag/e2806894000050038662154f, 93
1652704086.309252, sdrt-health/mac:02010b41cdec/antenna/tag/e2806894000040038662114f, 85
1652704086.383223, sdrt-health/mac:02010b41cdec/antenna/tag/e2806894000050038662154f, 88
1652704086.383747, sdrt-health/mac:02010b41cdec/antenna/tag/e28068940000400386621d4f, 90
1652704086.399826, sdrt-health/mac:02010b41cdec/antenna/tag/e2806894000050038661fd4f, 83
1652704086.422197, sdrt-health/mac:02010b41cdec/antenna/tag/e28068940000400386621d4f, 96
1652704086.468448, sdrt-health/mac:02010b41cdec/antenna/tag/e2806894000050038662154f, 85
1652704086.519498, sdrt-health/mac:02010b41cdec/antenna/tag/e2806894000050038661fd4f, 97
1652704086.574356, sdrt-health/mac:02010b41cdec/antenna/tag/e28068940000500386620d4f, 97
1652704086.619074, sdrt-health/mac:02010b41cdec/antenna/tag/e2806894000050038662194f, 94
1652704086.662471, sdrt-health/mac:02010b41cdec/antenna/tag/e2806894000050038661fd4f, 97
1652704086.709291, sdrt-health/mac:02010b41cdec/antenna/tag/e2806894000040038662214f, 81
1652704086.774468, sdrt-health/mac:02010b41cdec/antenna/tag/e2806894000050038661fd4f, 97
1652704086.774973, sdrt-health/mac:02010b41cdec/antenna/tag/e2806894000050038661fd4f, 97
1652704086.790931, sdrt-health/mac:02010b41cdec/antenna/tag/e2806894000040038662114f, 85
1652704086.798353, sdrt-health/mac:02010b41cdec/antenna/tag/e28068940000500386620d4f, 91
1652704086.807782, sdrt-health/mac:02010b41cdec/antenna/tag/e2806894000040038662114f, 85
1652704086.838732, sdrt-health/mac:02010b41cdec/antenna/tag/e28068940000500386620d4f, 83
1652704086.897582, sdrt-health/mac:02010b41cdec/antenna/tag/e28068940000500386620d4f, 83
1652704086.89805, sdrt-health/mac:02010b41cdec/antenna/tag/e2806894000040038662114f, 85
1652704086.940926, sdrt-health/mac:02010b41cdec/antenna/tag/e2806894000050038661fd4f, 97
1652704086.981246, sdrt-health/mac:02010b41cdec/antenna/tag/e28068940000400386621d4f, 77
1652704087.045029, sdrt-health/mac:02010b41cdec/antenna/tag/e2806894000050038661fd4f, 97
1652704087.045484, sdrt-health/mac:02010b41cdec/antenna/tag/e2806894000040038662114f, 93
1652704087.06042, sdrt-health/mac:02010b41cdec/antenna/tag/e2806894000050038661fd4f, 83
1652704087.061039, sdrt-health/mac:02010b41cdec/antenna/tag/e28068940000500386620d4f, 91
1652704087.079201, sdrt-health/mac:02010b41cdec/antenna/tag/e28068940000400386621d4f, 77
1652704087.109536, sdrt-health/mac:02010b41cdec/antenna/tag/e2806894000050038661fd4f, 97
1652704087.109855, sdrt-health/mac:02010b41cdec/antenna/tag/e28068940000400386621d4f, 96
1652704087.12494, sdrt-health/mac:02010b41cdec/antenna/tag/e28068940000500386620d4f, 83
1652704087.125304, sdrt-health/mac:02010b41cdec/antenna/tag/e28068940000400386621d4f, 77
1652704087.125564, sdrt-health/mac:02010b41cdec/antenna/tag/e2806894000050038661fd4f, 91
1652704087.157957, sdrt-health/mac:02010b41cdec/antenna/tag/e28068940000400386621d4f, 96
1652704087.214687, sdrt-health/mac:02010b41cdec/antenna/tag/e28068940000500386620d4f, 83
1652704087.215097, sdrt-health/mac:02010b41cdec/antenna/tag/e2806894000050038662154f, 88
1652704087.238788, sdrt-health/mac:02010b41cdec/antenna/tag/e28068940000500386620d4f, 83
1652704087.279079, sdrt-health/mac:02010b41cdec/antenna/tag/e2806894000050038661fd4f, 91
1652704087.352345, sdrt-health/mac:02010b41cdec/antenna/tag/e28068940000500386620d4f, 91
1652704087.352816, sdrt-health/mac:02010b41cdec/antenna/tag/e2806894000050038662154f, 85
1652704087.37554, sdrt-health/mac:02010b41cdec/antenna/tag/e2806894000050038661fd4f, 83
1652704087.409462, sdrt-health/mac:02010b41cdec/antenna/tag/e28068940000400386621d4f, 96
1652704087.409895, sdrt-health/mac:02010b41cdec/antenna/tag/e28068940000500386620d4f, 83
1652704087.424785, sdrt-health/mac:02010b41cdec/antenna/tag/e2806894000050038662154f, 88
1652704087.462258, sdrt-health/mac:02010b41cdec/antenna/tag/e2806894000050038661fd4f, 97
1652704087.508012, sdrt-health/mac:02010b41cdec/antenna/tag/e2806894000050038661fd4f, 83
1652704087.541428, sdrt-health/mac:02010b41cdec/antenna/tag/e28068940000400386621d4f, 96
1652704087.541826, sdrt-health/mac:02010b41cdec/antenna/tag/e2806894000050038661fd4f, 83
1652704087.558448, sdrt-health/mac:02010b41cdec/antenna/tag/e2806894000050038662154f, 88
1652704087.590098, sdrt-health/mac:02010b41cdec/antenna/tag/e28068940000500386620d4f, 83
1652704087.590548, sdrt-health/mac:02010b41cdec/antenna/tag/e2806894000040038662114f, 93
1652704087.628408, sdrt-health/mac:02010b41cdec/antenna/tag/e2806894000050038662154f, 88
1652704087.6804, sdrt-health/mac:02010b41cdec/antenna/tag/e28068940000400386621d4f, 96
1652704087.736243, sdrt-health/mac:02010b41cdec/antenna/tag/e2806894000050038661fd4f, 97
1652704087.736479, sdrt-health/mac:02010b41cdec/antenna/tag/e2806894000050038662154f, 85
1652704087.759144, sdrt-health/mac:02010b41cdec/antenna/tag/e2806894000040038662114f, 88
1652704087.798201, sdrt-health/mac:02010b41cdec/antenna/tag/e28068940000400386621d4f, 77
1652704087.894626, sdrt-health/mac:02010b41cdec/antenna/tag/e2806894000040038662114f, 85
1652704087.895092, sdrt-health/mac:02010b41cdec/antenna/tag/e28068940000500386620d4f, 97
1652704087.919401, sdrt-health/mac:02010b41cdec/antenna/tag/e2806894000040038662114f, 85
1652704087.978601, sdrt-health/mac:02010b41cdec/antenna/tag/e2806894000040038662114f, 85
1652704088.040473, sdrt-health/mac:02010b41cdec/antenna/tag/e28068940000500386620d4f, 83
1652704088.071742, sdrt-health/mac:02010b41cdec/antenna/tag/e2806894000050038662194f, 81
1652704088.072356, sdrt-health/mac:02010b41cdec/antenna/tag/e2806894000050038662154f, 85
1652704088.072628, sdrt-health/mac:02010b41cdec/antenna/tag/e28068940000500386620d4f, 83
1652704088.087251, sdrt-health/mac:02010b41cdec/antenna/tag/e2806894000050038662154f, 85
1652704088.087456, sdrt-health/mac:02010b41cdec/antenna/tag/e2806894000050038662194f, 84
1652704088.12175, sdrt-health/mac:02010b41cdec/antenna/tag/e28068940000500386620d4f, 83
1652704088.159214, sdrt-health/mac:02010b41cdec/antenna/tag/e2806894000040038662114f, 91
1652704088.198611, sdrt-health/mac:02010b41cdec/antenna/tag/e2806894000040038662114f, 88
1652704088.240247, sdrt-health/mac:02010b41cdec/antenna/tag/e28068940000500386620d4f, 91
1652704088.279702, sdrt-health/mac:02010b41cdec/antenna/tag/e28068940000500386620d4f, 97
1652704088.317916, sdrt-health/mac:02010b41cdec/antenna/tag/e2806894000040038662214f, 88
1652704088.399852, sdrt-health/mac:02010b41cdec/antenna/tag/e28068940000500386620d4f, 91
1652704088.451303, sdrt-health/mac:02010b41cdec/antenna/tag/e2806894000050038661fd4f, 83
1652704088.510291, sdrt-health/mac:02010b41cdec/antenna/tag/e28068940000400386621d4f, 77
1652704088.510864, sdrt-health/mac:02010b41cdec/antenna/tag/e2806894000040038662114f, 85
1652704088.539791, sdrt-health/mac:02010b41cdec/antenna/tag/e28068940000400386621d4f, 96
1652704088.571952, sdrt-health/mac:02010b41cdec/antenna/tag/e2806894000040038662114f, 88
1652704088.572246, sdrt-health/mac:02010b41cdec/antenna/tag/e28068940000500386620d4f, 91
1652704088.572478, sdrt-health/mac:02010b41cdec/antenna/tag/e28068940000400386621d4f, 96
1652704088.588651, sdrt-health/mac:02010b41cdec/antenna/tag/e28068940000500386620d4f, 97
1652704088.589009, sdrt-health/mac:02010b41cdec/antenna/tag/e28068940000500386620d4f, 97
1652704088.628041, sdrt-health/mac:02010b41cdec/antenna/tag/e28068940000400386621d4f, 96
1652704088.679248, sdrt-health/mac:02010b41cdec/antenna/tag/e28068940000500386620d4f, 97
1652704088.742511, sdrt-health/mac:02010b41cdec/antenna/tag/e2806894000050038661fd4f, 88
1652704088.742972, sdrt-health/mac:02010b41cdec/antenna/tag/e2806894000050038662154f, 93
1652704088.758661, sdrt-health/mac:02010b41cdec/antenna/tag/e2806894000050038662154f, 85
1652704088.788019, sdrt-health/mac:02010b41cdec/antenna/tag/e2806894000040038662114f, 85
1652704088.849808, sdrt-health/mac:02010b41cdec/antenna/tag/e2806894000040038662114f, 85
1652704088.910085, sdrt-health/mac:02010b41cdec/antenna/tag/e28068940000400386621d4f, 96
1652704088.910534, sdrt-health/mac:02010b41cdec/antenna/tag/e28068940000400386621d4f, 96
1652704088.940333, sdrt-health/mac:02010b41cdec/antenna/tag/e2806894000040038662114f, 88
1652704089.047083, sdrt-health/mac:02010b41cdec/antenna/tag/e2806894000050038661fd4f, 83
1652704089.047548, sdrt-health/mac:02010b41cdec/antenna/tag/e2806894000050038662154f, 88
1652704089.062266, sdrt-health/mac:02010b41cdec/antenna/tag/e2806894000040038662114f, 85
1652704089.062687, sdrt-health/mac:02010b41cdec/antenna/tag/e28068940000500386620d4f, 83
1652704089.081419, sdrt-health/mac:02010b41cdec/antenna/tag/e28068940000500386620d4f, 97
1652704089.11265, sdrt-health/mac:02010b41cdec/antenna/tag/e2806894000050038662154f, 85
1652704089.112882, sdrt-health/mac:02010b41cdec/antenna/tag/e28068940000400386621d4f, 96
1652704089.113044, sdrt-health/mac:02010b41cdec/antenna/tag/e28068940000400386621d4f, 96
1652704089.113197, sdrt-health/mac:02010b41cdec/antenna/tag/e2806894000040038662114f, 85
1652704089.133978, sdrt-health/mac:02010b41cdec/antenna/tag/e2806894000050038661fd4f, 83
1652704089.195952, sdrt-health/mac:02010b41cdec/antenna/tag/e28068940000500386620d4f, 83
1652704089.19653, sdrt-health/mac:02010b41cdec/antenna/tag/e28068940000500386620d4f, 83
1652704089.222842, sdrt-health/mac:02010b41cdec/antenna/tag/e2806894000050038661fd4f, 97
1652704089.311566, sdrt-health/mac:02010b41cdec/antenna/tag/e2806894000050038662194f, 81
1652704089.312042, sdrt-health/mac:02010b41cdec/antenna/tag/e28068940000400386621d4f, 96
1652704089.337499, sdrt-health/mac:02010b41cdec/antenna/tag/e2806894000050038661fd4f, 97
1652704089.386313, sdrt-health/mac:02010b41cdec/antenna/tag/e2806894000050038662154f, 88
1652704089.454741, sdrt-health/mac:02010b41cdec/antenna/tag/e2806894000040038662114f, 85
1652704089.499276, sdrt-health/mac:02010b41cdec/antenna/tag/e28068940000500386620d4f, 83
1652704089.574527, sdrt-health/mac:02010b41cdec/antenna/tag/e2806894000050038661fd4f, 97
1652704089.575038, sdrt-health/mac:02010b41cdec/antenna/tag/e28068940000500386620d4f, 83
1652704089.597857, sdrt-health/mac:02010b41cdec/antenna/tag/e2806894000040038662114f, 85
1652704089.631677, sdrt-health/mac:02010b41cdec/antenna/tag/e28068940000400386621d4f, 77
1652704089.63192, sdrt-health/mac:02010b41cdec/antenna/tag/e2806894000040038662114f, 85
1652704089.649155, sdrt-health/mac:02010b41cdec/antenna/tag/e28068940000400386621d4f, 77
1652704089.649389, sdrt-health/mac:02010b41cdec/antenna/tag/e2806894000050038662154f, 93
1652704089.67983, sdrt-health/mac:02010b41cdec/antenna/tag/e2806894000040038662214f, 81
1652704089.726076, sdrt-health/mac:02010b41cdec/antenna/tag/e2806894000050038662154f, 87
1652704089.792706, sdrt-health/mac:02010b41cdec/antenna/tag/e28068940000400386621d4f, 77
1652704089.793183, sdrt-health/mac:02010b41cdec/antenna/tag/e28068940000500386620d4f, 83
1652704089.818076, sdrt-health/mac:02010b41cdec/antenna/tag/e28068940000500386620d4f, 97
1652704089.8786, sdrt-health/mac:02010b41cdec/antenna/tag/e28068940000500386620d4f, 91
1652704089.878977, sdrt-health/mac:02010b41cdec/antenna/tag/e2806894000050038662154f, 88
1652704089.893535, sdrt-health/mac:02010b41cdec/antenna/tag/e2806894000040038662114f, 88
1652704089.908932, sdrt-health/mac:02010b41cdec/antenna/tag/e2806894000050038661fd4f, 97
1652704089.974858, sdrt-health/mac:02010b41cdec/antenna/tag/e2806894000040038662114f, 85
1652704089.97531, sdrt-health/mac:02010b41cdec/antenna/tag/e2806894000040038662114f, 85
1652704090.015272, sdrt-health/mac:02010b41cdec/antenna/tag/e2806894000050038661fd4f, 83
1652704090.300807, sdrt-health/mac:02010b41cdec/antenna/tag/e2806894000040038662114f, 88
1652704090.301288, sdrt-health/mac:02010b41cdec/antenna/tag/e2806894000050038662154f, 85
1652704090.316722, sdrt-health/mac:02010b41cdec/antenna/tag/e2806894000050038662154f, 85
1652704090.317198, sdrt-health/mac:02010b41cdec/antenna/tag/e2806894000040038662114f, 88
1652704090.317508, sdrt-health/mac:02010b41cdec/antenna/tag/e28068940000500386620d4f, 83
1652704090.317768, sdrt-health/mac:02010b41cdec/antenna/tag/e2806894000050038662194f, 88
1652704090.318023, sdrt-health/mac:02010b41cdec/antenna/tag/e28068940000400386621d4f, 77
1652704090.318236, sdrt-health/mac:02010b41cdec/antenna/tag/e2806894000050038662194f, 94
1652704090.343032, sdrt-health/mac:02010b41cdec/antenna/tag/e28068940000500386620d4f, 83
1652704090.478886, sdrt-health/mac:02010b41cdec/antenna/tag/e2806894000040038662114f, 93
1652704090.518708, sdrt-health/mac:02010b41cdec/antenna/tag/e28068940000500386620d4f, 97
1652704090.520177, sdrt-health/mac:02010b41cdec/antenna/tag/e2806894000050038662154f, 91
1652704090.558598, sdrt-health/mac:02010b41cdec/antenna/tag/e2806894000040038662114f, 88
1652704090.59831, sdrt-health/mac:02010b41cdec/antenna/tag/e2806894000040038662114f, 85
1652704090.679189, sdrt-health/mac:02010b41cdec/antenna/tag/e2806894000050038662154f, 85
1652704090.679645, sdrt-health/mac:02010b41cdec/antenna/tag/e2806894000040038662114f, 85
1652704090.708258, sdrt-health/mac:02010b41cdec/antenna/tag/e2806894000040038662114f, 88
1652704090.757394, sdrt-health/mac:02010b41cdec/antenna/tag/e2806894000040038662114f, 85
1652704090.799563, sdrt-health/mac:02010b41cdec/antenna/tag/e2806894000050038662194f, 81
1652704090.831552, sdrt-health/mac:02010b41cdec/antenna/tag/e28068940000400386621d4f, 96
1652704090.831914, sdrt-health/mac:02010b41cdec/antenna/tag/e2806894000050038661fd4f, 91
1652704090.84675, sdrt-health/mac:02010b41cdec/antenna/tag/e2806894000040038662114f, 85
1652704090.878409, sdrt-health/mac:02010b41cdec/antenna/tag/e2806894000050038661fd4f, 97
1652704090.934255, sdrt-health/mac:02010b41cdec/antenna/tag/e2806894000050038662154f, 93
1652704090.934751, sdrt-health/mac:02010b41cdec/antenna/tag/e2806894000050038661fd4f, 91
1652704090.959201, sdrt-health/mac:02010b41cdec/antenna/tag/e2806894000050038661fd4f, 97
1652704091.0068, sdrt-health/mac:02010b41cdec/antenna/tag/e2806894000050038662194f, 88
1652704091.062909, sdrt-health/mac:02010b41cdec/antenna/tag/e2806894000050038662154f, 85
1652704091.094244, sdrt-health/mac:02010b41cdec/antenna/tag/e28068940000500386620d4f, 83
1652704091.094528, sdrt-health/mac:02010b41cdec/antenna/tag/e2806894000040038662114f, 85
1652704091.109203, sdrt-health/mac:02010b41cdec/antenna/tag/e2806894000050038662194f, 88
1652704091.109533, sdrt-health/mac:02010b41cdec/antenna/tag/e28068940000400386621d4f, 77
1652704091.142221, sdrt-health/mac:02010b41cdec/antenna/tag/e28068940000500386620d4f, 83
1652704091.205079, sdrt-health/mac:02010b41cdec/antenna/tag/e28068940000400386621d4f, 77
1652704091.205829, sdrt-health/mac:02010b41cdec/antenna/tag/e2806894000040038662114f, 88
1652704091.238645, sdrt-health/mac:02010b41cdec/antenna/tag/e2806894000050038661fd4f, 91
1652704091.239358, sdrt-health/mac:02010b41cdec/antenna/tag/e2806894000050038661fd4f, 88
1652704091.278721, sdrt-health/mac:02010b41cdec/antenna/tag/e2806894000050038661fd4f, 88
1652704091.335315, sdrt-health/mac:02010b41cdec/antenna/tag/e2806894000050038662194f, 94
1652704091.335859, sdrt-health/mac:02010b41cdec/antenna/tag/e28068940000400386621d4f, 77
1652704091.360369, sdrt-health/mac:02010b41cdec/antenna/tag/e2806894000040038662114f, 85
1652704091.399387, sdrt-health/mac:02010b41cdec/antenna/tag/e2806894000050038662154f, 93
1652704091.440138, sdrt-health/mac:02010b41cdec/antenna/tag/e2806894000050038662154f, 87
1652704091.47938, sdrt-health/mac:02010b41cdec/antenna/tag/e28068940000400386621d4f, 77
1652704091.535939, sdrt-health/mac:02010b41cdec/antenna/tag/e28068940000400386621d4f, 96
1652704091.594904, sdrt-health/mac:02010b41cdec/antenna/tag/e2806894000050038662154f, 85
1652704091.595256, sdrt-health/mac:02010b41cdec/antenna/tag/e2806894000050038661fd4f, 83
1652704091.611773, sdrt-health/mac:02010b41cdec/antenna/tag/e28068940000500386620d4f, 83
1652704091.631375, sdrt-health/mac:02010b41cdec/antenna/tag/e2806894000040038662054f, 81
1652704091.681257, sdrt-health/mac:02010b41cdec/antenna/tag/e2806894000050038662194f, 83
1652704091.735698, sdrt-health/mac:02010b41cdec/antenna/tag/e2806894000040038662114f, 88
1652704091.736376, sdrt-health/mac:02010b41cdec/antenna/tag/e2806894000040038662114f, 88
1652704091.758523, sdrt-health/mac:02010b41cdec/antenna/tag/e2806894000040038662114f, 88
1652704091.80659, sdrt-health/mac:02010b41cdec/antenna/tag/e28068940000400386621d4f, 77
1652704091.870217, sdrt-health/mac:02010b41cdec/antenna/tag/e2806894000040038662114f, 85
1652704091.870711, sdrt-health/mac:02010b41cdec/antenna/tag/e2806894000050038662194f, 84
1652704091.91921, sdrt-health/mac:02010b41cdec/antenna/tag/e28068940000400386621d4f, 96
1652704091.966639, sdrt-health/mac:02010b41cdec/antenna/tag/e28068940000500386620d4f, 97
1652704092.081295, sdrt-health/mac:02010b41cdec/antenna/tag/e2806894000050038661fd4f, 91
1652704092.08176, sdrt-health/mac:02010b41cdec/antenna/tag/e2806894000050038662154f, 85
1652704092.101929, sdrt-health/mac:02010b41cdec/antenna/tag/e28068940000500386620d4f, 97
1652704092.13349, sdrt-health/mac:02010b41cdec/antenna/tag/e2806894000050038661fd4f, 97
1652704092.133772, sdrt-health/mac:02010b41cdec/antenna/tag/e2806894000040038662114f, 88
1652704092.133971, sdrt-health/mac:02010b41cdec/antenna/tag/e2806894000050038661fd4f, 91
1652704092.149091, sdrt-health/mac:02010b41cdec/antenna/tag/e2806894000050038661fd4f, 91
1652704092.184298, sdrt-health/mac:02010b41cdec/antenna/tag/e2806894000050038661fd4f, 91
1652704092.25473, sdrt-health/mac:02010b41cdec/antenna/tag/e2806894000050038662154f, 93
1652704092.255176, sdrt-health/mac:02010b41cdec/antenna/tag/e2806894000040038662114f, 85
1652704092.27107, sdrt-health/mac:02010b41cdec/antenna/tag/e28068940000400386621d4f, 77
1652704092.309757, sdrt-health/mac:02010b41cdec/antenna/tag/e2806894000040038662114f, 88
1652704092.366444, sdrt-health/mac:02010b41cdec/antenna/tag/e2806894000050038661fd4f, 91
1652704092.42318, sdrt-health/mac:02010b41cdec/antenna/tag/e28068940000400386621d4f, 77
1652704092.457976, sdrt-health/mac:02010b41cdec/antenna/tag/e2806894000050038662154f, 87
1652704092.556159, sdrt-health/mac:02010b41cdec/antenna/tag/e2806894000040038662114f, 85
1652704092.556683, sdrt-health/mac:02010b41cdec/antenna/tag/e2806894000040038662114f, 85
1652704092.582577, sdrt-health/mac:02010b41cdec/antenna/tag/e28068940000400386621d4f, 96
1652704092.652547, sdrt-health/mac:02010b41cdec/antenna/tag/e2806894000050038661fd4f, 97
1652704092.653004, sdrt-health/mac:02010b41cdec/antenna/tag/e28068940000400386621d4f, 96
1652704092.668927, sdrt-health/mac:02010b41cdec/antenna/tag/e2806894000040038662114f, 85
1652704092.669386, sdrt-health/mac:02010b41cdec/antenna/tag/e28068940000400386621d4f, 96
1652704092.669761, sdrt-health/mac:02010b41cdec/antenna/tag/e28068940000500386620d4f, 97
1652704092.685795, sdrt-health/mac:02010b41cdec/antenna/tag/e28068940000500386620d4f, 83
1652704092.744079, sdrt-health/mac:02010b41cdec/antenna/tag/e2806894000050038662194f, 94
1652704092.814557, sdrt-health/mac:02010b41cdec/antenna/tag/e28068940000400386621d4f, 96
1652704092.858686, sdrt-health/mac:02010b41cdec/antenna/tag/e2806894000050038662154f, 88
1652704092.917577, sdrt-health/mac:02010b41cdec/antenna/tag/e2806894000040038662114f, 85
1652704092.918052, sdrt-health/mac:02010b41cdec/antenna/tag/e2806894000050038662154f, 88
1652704092.948357, sdrt-health/mac:02010b41cdec/antenna/tag/e28068940000500386620d4f, 83
1652704093.013504, sdrt-health/mac:02010b41cdec/antenna/tag/e28068940000500386620d4f, 97
1652704093.013982, sdrt-health/mac:02010b41cdec/antenna/tag/e2806894000040038662114f, 88
1652704093.029392, sdrt-health/mac:02010b41cdec/antenna/tag/e2806894000050038662154f, 85
1652704093.054831, sdrt-health/mac:02010b41cdec/antenna/tag/e28068940000500386620d4f, 83
1652704093.099137, sdrt-health/mac:02010b41cdec/antenna/tag/e2806894000050038661fd4f, 97
1652704093.157707, sdrt-health/mac:02010b41cdec/antenna/tag/e28068940000500386620d4f, 83
1652704093.158188, sdrt-health/mac:02010b41cdec/antenna/tag/e2806894000040038662114f, 85
1652704093.18962, sdrt-health/mac:02010b41cdec/antenna/tag/e2806894000040038662114f, 93
1652704093.238302, sdrt-health/mac:02010b41cdec/antenna/tag/e28068940000500386620d4f, 97
1652704093.271504, sdrt-health/mac:02010b41cdec/antenna/tag/e2806894000040038662114f, 88
1652704093.271864, sdrt-health/mac:02010b41cdec/antenna/tag/e28068940000500386620d4f, 91
1652704093.286841, sdrt-health/mac:02010b41cdec/antenna/tag/e2806894000040038662114f, 93
1652704093.287135, sdrt-health/mac:02010b41cdec/antenna/tag/e28068940000500386620d4f, 97
1652704093.318356, sdrt-health/mac:02010b41cdec/antenna/tag/e2806894000040038662114f, 85
1652704093.376049, sdrt-health/mac:02010b41cdec/antenna/tag/e28068940000500386620d4f, 83
1652704093.376617, sdrt-health/mac:02010b41cdec/antenna/tag/e28068940000500386620d4f, 83
1652704093.392057, sdrt-health/mac:02010b41cdec/antenna/tag/e2806894000050038661fd4f, 91
1652704093.39789, sdrt-health/mac:02010b41cdec/antenna/tag/e28068940000400386621d4f, 77
1652704093.454775, sdrt-health/mac:02010b41cdec/antenna/tag/e28068940000400386621d4f, 96
1652704093.498963, sdrt-health/mac:02010b41cdec/antenna/tag/e28068940000500386620d4f, 97
1652704093.542495, sdrt-health/mac:02010b41cdec/antenna/tag/e2806894000040038662114f, 85
1652704093.573321, sdrt-health/mac:02010b41cdec/antenna/tag/e2806894000050038661fd4f, 83
1652704093.57385, sdrt-health/mac:02010b41cdec/antenna/tag/e28068940000500386620d4f, 97
1652704093.624765, sdrt-health/mac:02010b41cdec/antenna/tag/e2806894000050038662194f, 94
1652704093.668821, sdrt-health/mac:02010b41cdec/antenna/tag/e28068940000500386620d4f, 83
1652704093.718683, sdrt-health/mac:02010b41cdec/antenna/tag/e28068940000400386621d4f, 96
1652704093.767062, sdrt-health/mac:02010b41cdec/antenna/tag/e2806894000040038662114f, 85
1652704093.883735, sdrt-health/mac:02010b41cdec/antenna/tag/e28068940000500386620d4f, 83
1652704093.884284, sdrt-health/mac:02010b41cdec/antenna/tag/e2806894000050038661fd4f, 97
1652704093.899272, sdrt-health/mac:02010b41cdec/antenna/tag/e28068940000400386621d4f, 96
1652704093.907754, sdrt-health/mac:02010b41cdec/antenna/tag/e28068940000400386621d4f, 96
1652704093.915081, sdrt-health/mac:02010b41cdec/antenna/tag/e28068940000500386620d4f, 83
1652704093.915303, sdrt-health/mac:02010b41cdec/antenna/tag/e28068940000400386621d4f, 96
1652704093.915436, sdrt-health/mac:02010b41cdec/antenna/tag/e2806894000050038661fd4f, 97
1652704093.915564, sdrt-health/mac:02010b41cdec/antenna/tag/e28068940000500386620d4f, 83
1652704093.915705, sdrt-health/mac:02010b41cdec/antenna/tag/e28068940000400386621d4f, 96
1652704093.959601, sdrt-health/mac:02010b41cdec/antenna/tag/e28068940000500386620d4f, 83
1652704094.021005, sdrt-health/mac:02010b41cdec/antenna/tag/e28068940000500386620d4f, 97
1652704094.021398, sdrt-health/mac:02010b41cdec/antenna/tag/e28068940000400386621d4f, 96
1652704094.036359, sdrt-health/mac:02010b41cdec/antenna/tag/e2806894000050038661fd4f, 83
1652704094.070527, sdrt-health/mac:02010b41cdec/antenna/tag/e2806894000050038662154f, 85
1652704094.070975, sdrt-health/mac:02010b41cdec/antenna/tag/e28068940000400386621d4f, 96
1652704094.071269, sdrt-health/mac:02010b41cdec/antenna/tag/e2806894000050038662154f, 88
1652704094.085689, sdrt-health/mac:02010b41cdec/antenna/tag/e28068940000500386620d4f, 83
1652704094.120039, sdrt-health/mac:02010b41cdec/antenna/tag/e2806894000050038662154f, 85
1652704094.174531, sdrt-health/mac:02010b41cdec/antenna/tag/e28068940000400386621d4f, 96
1652704094.23588, sdrt-health/mac:02010b41cdec/antenna/tag/e2806894000050038661fd4f, 91
1652704094.236342, sdrt-health/mac:02010b41cdec/antenna/tag/e2806894000040038662114f, 85
1652704094.252221, sdrt-health/mac:02010b41cdec/antenna/tag/e2806894000050038662154f, 88
1652704094.26211, sdrt-health/mac:02010b41cdec/antenna/tag/e2806894000040038662214f, 84
1652704094.349951, sdrt-health/mac:02010b41cdec/antenna/tag/e28068940000400386621d4f, 96
1652704094.415734, sdrt-health/mac:02010b41cdec/antenna/tag/e2806894000040038662114f, 88
1652704094.511234, sdrt-health/mac:02010b41cdec/antenna/tag/e28068940000400386621d4f, 90
1652704094.546757, sdrt-health/mac:02010b41cdec/antenna/tag/e2806894000040038662114f, 85
1652704094.547253, sdrt-health/mac:02010b41cdec/antenna/tag/e2806894000050038662154f, 88
1652704094.561917, sdrt-health/mac:02010b41cdec/antenna/tag/e2806894000050038662154f, 85
1652704094.562109, sdrt-health/mac:02010b41cdec/antenna/tag/e28068940000400386621d4f, 96
1652704094.562225, sdrt-health/mac:02010b41cdec/antenna/tag/e2806894000050038662194f, 84
1652704094.562335, sdrt-health/mac:02010b41cdec/antenna/tag/e28068940000400386621d4f, 96
1652704094.598574, sdrt-health/mac:02010b41cdec/antenna/tag/e2806894000050038662194f, 88
1652704094.65542, sdrt-health/mac:02010b41cdec/antenna/tag/e2806894000040038662114f, 88
1652704094.656042, sdrt-health/mac:02010b41cdec/antenna/tag/e2806894000040038662114f, 91
1652704094.671595, sdrt-health/mac:02010b41cdec/antenna/tag/e2806894000050038661fd4f, 97
1652704094.678725, sdrt-health/mac:02010b41cdec/antenna/tag/e2806894000040038662114f, 91
1652704094.719042, sdrt-health/mac:02010b41cdec/antenna/tag/e28068940000400386621d4f, 96
1652704094.757964, sdrt-health/mac:02010b41cdec/antenna/tag/e28068940000400386621d4f, 77
1652704094.815673, sdrt-health/mac:02010b41cdec/antenna/tag/e28068940000400386621d4f, 77
1652704094.81601, sdrt-health/mac:02010b41cdec/antenna/tag/e2806894000050038661fd4f, 91
1652704094.831596, sdrt-health/mac:02010b41cdec/antenna/tag/e28068940000400386621d4f, 77
1652704094.838447, sdrt-health/mac:02010b41cdec/antenna/tag/e2806894000040038662214f, 81
1652704094.877237, sdrt-health/mac:02010b41cdec/antenna/tag/e2806894000050038662154f, 88
1652704094.919584, sdrt-health/mac:02010b41cdec/antenna/tag/e28068940000500386620d4f, 97
1652704094.974656, sdrt-health/mac:02010b41cdec/antenna/tag/e2806894000050038662154f, 85
1652704094.975158, sdrt-health/mac:02010b41cdec/antenna/tag/e28068940000400386621d4f, 77
1652704094.975575, sdrt-health/mac:02010b41cdec/antenna/tag/e2806894000050038662154f, 91
1652704095.018903, sdrt-health/mac:02010b41cdec/antenna/tag/e2806894000050038661fd4f, 97
1652704095.062552, sdrt-health/mac:02010b41cdec/antenna/tag/e28068940000500386620d4f, 91
1652704095.107807, sdrt-health/mac:02010b41cdec/antenna/tag/e2806894000050038661fd4f, 83
1652704095.159005, sdrt-health/mac:02010b41cdec/antenna/tag/e2806894000040038662114f, 85
1652704095.198857, sdrt-health/mac:02010b41cdec/antenna/tag/e2806894000040038662214f, 81
1652704095.261996, sdrt-health/mac:02010b41cdec/antenna/tag/e28068940000400386621d4f, 77
1652704095.262501, sdrt-health/mac:02010b41cdec/antenna/tag/e2806894000040038662214f, 81
1652704095.294828, sdrt-health/mac:02010b41cdec/antenna/tag/e2806894000050038661fd4f, 83
1652704095.338219, sdrt-health/mac:02010b41cdec/antenna/tag/e2806894000050038662154f, 88
1652704095.398978, sdrt-health/mac:02010b41cdec/antenna/tag/e2806894000050038662154f, 88
1652704095.399483, sdrt-health/mac:02010b41cdec/antenna/tag/e28068940000500386620d4f, 97
1652704095.427209, sdrt-health/mac:02010b41cdec/antenna/tag/e2806894000050038662154f, 85
1652704095.498107, sdrt-health/mac:02010b41cdec/antenna/tag/e28068940000400386621d4f, 96
1652704095.498566, sdrt-health/mac:02010b41cdec/antenna/tag/e28068940000400386621d4f, 96
1652704095.498947, sdrt-health/mac:02010b41cdec/antenna/tag/e28068940000500386620d4f, 97
1652704095.538547, sdrt-health/mac:02010b41cdec/antenna/tag/e28068940000500386620d4f, 97
1652704095.588356, sdrt-health/mac:02010b41cdec/antenna/tag/e2806894000050038662154f, 85
1652704095.658392, sdrt-health/mac:02010b41cdec/antenna/tag/e28068940000400386621d4f, 96
1652704095.659618, sdrt-health/mac:02010b41cdec/antenna/tag/e28068940000500386620d4f, 83
1652704095.704418, sdrt-health/mac:02010b41cdec/antenna/tag/e2806894000050038661fd4f, 88
1652704095.771859, sdrt-health/mac:02010b41cdec/antenna/tag/e2806894000050038662194f, 84
1652704095.772349, sdrt-health/mac:02010b41cdec/antenna/tag/e2806894000040038662114f, 88
1652704095.78722, sdrt-health/mac:02010b41cdec/antenna/tag/e2806894000050038662154f, 85
1652704095.809955, sdrt-health/mac:02010b41cdec/antenna/tag/e2806894000050038662154f, 88
1652704095.847772, sdrt-health/mac:02010b41cdec/antenna/tag/e28068940000500386620d4f, 97
1652704095.848089, sdrt-health/mac:02010b41cdec/antenna/tag/e28068940000400386621d4f, 90
1652704095.865954, sdrt-health/mac:02010b41cdec/antenna/tag/e2806894000050038662154f, 88
1652704095.866147, sdrt-health/mac:02010b41cdec/antenna/tag/e2806894000040038662114f, 85
1652704095.909744, sdrt-health/mac:02010b41cdec/antenna/tag/e28068940000400386621d4f, 96
1652704095.974163, sdrt-health/mac:02010b41cdec/antenna/tag/e2806894000050038661fd4f, 83
1652704095.974642, sdrt-health/mac:02010b41cdec/antenna/tag/e2806894000050038662154f, 88
1652704096.015591, sdrt-health/mac:02010b41cdec/antenna/tag/e28068940000500386620d4f, 97
1652704096.076305, sdrt-health/mac:02010b41cdec/antenna/tag/e2806894000040038662114f, 88
1652704096.076769, sdrt-health/mac:02010b41cdec/antenna/tag/e28068940000400386621d4f, 77
1652704096.092007, sdrt-health/mac:02010b41cdec/antenna/tag/e2806894000040038662114f, 85
1652704096.114124, sdrt-health/mac:02010b41cdec/antenna/tag/e2806894000040038662114f, 85
1652704096.154226, sdrt-health/mac:02010b41cdec/antenna/tag/e28068940000400386621d4f, 77
1652704096.154823, sdrt-health/mac:02010b41cdec/antenna/tag/e2806894000050038661fd4f, 88
1652704096.156265, sdrt-health/mac:02010b41cdec/antenna/tag/e28068940000400386621d4f, 77
1652704096.175239, sdrt-health/mac:02010b41cdec/antenna/tag/e2806894000050038662154f, 83
1652704096.219579, sdrt-health/mac:02010b41cdec/antenna/tag/e2806894000040038662214f, 88
1652704096.273003, sdrt-health/mac:02010b41cdec/antenna/tag/e2806894000040038662114f, 85
1652704096.334254, sdrt-health/mac:02010b41cdec/antenna/tag/e2806894000050038662154f, 83
1652704096.334752, sdrt-health/mac:02010b41cdec/antenna/tag/e2806894000050038661fd4f, 91
1652704096.349666, sdrt-health/mac:02010b41cdec/antenna/tag/e2806894000050038662154f, 85
1652704096.350118, sdrt-health/mac:02010b41cdec/antenna/tag/e28068940000400386621d4f, 96
1652704096.35042, sdrt-health/mac:02010b41cdec/antenna/tag/e2806894000050038661fd4f, 83
1652704096.36502, sdrt-health/mac:02010b41cdec/antenna/tag/e2806894000050038661fd4f, 97
1652704096.365247, sdrt-health/mac:02010b41cdec/antenna/tag/e2806894000050038662154f, 88
1652704096.398347, sdrt-health/mac:02010b41cdec/antenna/tag/e28068940000400386621d4f, 96
1652704096.454782, sdrt-health/mac:02010b41cdec/antenna/tag/e28068940000500386620d4f, 91
1652704096.455219, sdrt-health/mac:02010b41cdec/antenna/tag/e28068940000500386620d4f, 83
1652704096.495142, sdrt-health/mac:02010b41cdec/antenna/tag/e2806894000050038662154f, 85
1652704096.556006, sdrt-health/mac:02010b41cdec/antenna/tag/e2806894000050038661fd4f, 83
1652704096.55651, sdrt-health/mac:02010b41cdec/antenna/tag/e28068940000500386620d4f, 83
1652704096.571369, sdrt-health/mac:02010b41cdec/antenna/tag/e2806894000040038662114f, 85
1652704096.590247, sdrt-health/mac:02010b41cdec/antenna/tag/e28068940000500386620d4f, 83
1652704096.63904, sdrt-health/mac:02010b41cdec/antenna/tag/e2806894000050038662194f, 83
1652704096.677089, sdrt-health/mac:02010b41cdec/antenna/tag/e28068940000500386620d4f, 83
1652704096.677451, sdrt-health/mac:02010b41cdec/antenna/tag/e28068940000500386620d4f, 83
1652704096.69603, sdrt-health/mac:02010b41cdec/antenna/tag/e2806894000040038662114f, 88
1652704096.696252, sdrt-health/mac:02010b41cdec/antenna/tag/e2806894000050038661fd4f, 83
1652704096.71978, sdrt-health/mac:02010b41cdec/antenna/tag/e28068940000400386621d4f, 77
1652704096.72073, sdrt-health/mac:02010b41cdec/antenna/tag/e2806894000040038662114f, 85
1652704096.759263, sdrt-health/mac:02010b41cdec/antenna/tag/e2806894000050038662154f, 85
1652704096.832281, sdrt-health/mac:02010b41cdec/antenna/tag/e2806894000050038661fd4f, 97
1652704096.83276, sdrt-health/mac:02010b41cdec/antenna/tag/e2806894000040038662114f, 85
1652704096.864106, sdrt-health/mac:02010b41cdec/antenna/tag/e28068940000400386621d4f, 96
1652704096.9016, sdrt-health/mac:02010b41cdec/antenna/tag/e2806894000040038662114f, 88
1652704096.901961, sdrt-health/mac:02010b41cdec/antenna/tag/e2806894000050038661fd4f, 83
1652704096.917326, sdrt-health/mac:02010b41cdec/antenna/tag/e28068940000500386620d4f, 83
1652704096.917525, sdrt-health/mac:02010b41cdec/antenna/tag/e28068940000400386621d4f, 96
1652704096.948094, sdrt-health/mac:02010b41cdec/antenna/tag/e2806894000050038661fd4f, 97
1652704097.017024, sdrt-health/mac:02010b41cdec/antenna/tag/e2806894000050038662154f, 88
1652704097.017492, sdrt-health/mac:02010b41cdec/antenna/tag/e2806894000050038661fd4f, 83
1652704097.03316, sdrt-health/mac:02010b41cdec/antenna/tag/e2806894000050038662154f, 88
1652704097.065728, sdrt-health/mac:02010b41cdec/antenna/tag/e2806894000040038662114f, 85
1652704097.065995, sdrt-health/mac:02010b41cdec/antenna/tag/e2806894000040038662114f, 85
1652704097.100683, sdrt-health/mac:02010b41cdec/antenna/tag/e28068940000500386620d4f, 83
1652704097.143493, sdrt-health/mac:02010b41cdec/antenna/tag/e28068940000400386621d4f, 96
1652704097.210338, sdrt-health/mac:02010b41cdec/antenna/tag/e28068940000400386621d4f, 77
1652704097.210879, sdrt-health/mac:02010b41cdec/antenna/tag/e28068940000500386620d4f, 83
1652704097.247667, sdrt-health/mac:02010b41cdec/antenna/tag/e2806894000050038662194f, 84
1652704097.295264, sdrt-health/mac:02010b41cdec/antenna/tag/e28068940000400386621d4f, 96
1652704097.331911, sdrt-health/mac:02010b41cdec/antenna/tag/e2806894000050038662154f, 88
1652704097.332338, sdrt-health/mac:02010b41cdec/antenna/tag/e28068940000400386621d4f, 77
1652704097.349131, sdrt-health/mac:02010b41cdec/antenna/tag/e2806894000040038662214f, 81
1652704097.382651, sdrt-health/mac:02010b41cdec/antenna/tag/e2806894000050038662154f, 87
1652704097.428385, sdrt-health/mac:02010b41cdec/antenna/tag/e2806894000040038662214f, 81
1652704097.478915, sdrt-health/mac:02010b41cdec/antenna/tag/e2806894000050038662194f, 83
1652704097.518976, sdrt-health/mac:02010b41cdec/antenna/tag/e2806894000050038662154f, 85
1652704097.558401, sdrt-health/mac:02010b41cdec/antenna/tag/e28068940000400386621d4f, 77
1652704097.611731, sdrt-health/mac:02010b41cdec/antenna/tag/e2806894000050038662154f, 85
1652704097.612018, sdrt-health/mac:02010b41cdec/antenna/tag/e2806894000050038662194f, 84
1652704097.637957, sdrt-health/mac:02010b41cdec/antenna/tag/e2806894000050038662194f, 82
1652704097.67847, sdrt-health/mac:02010b41cdec/antenna/tag/e2806894000050038662154f, 85
1652704097.717937, sdrt-health/mac:02010b41cdec/antenna/tag/e2806894000040038662114f, 88
1652704097.757426, sdrt-health/mac:02010b41cdec/antenna/tag/e2806894000050038661fd4f, 97
1652704097.79768, sdrt-health/mac:02010b41cdec/antenna/tag/e2806894000050038662194f, 81
1652704097.828583, sdrt-health/mac:02010b41cdec/antenna/tag/e2806894000050038662194f, 83
1652704097.828919, sdrt-health/mac:02010b41cdec/antenna/tag/e28068940000400386621d4f, 96
1652704097.843514, sdrt-health/mac:02010b41cdec/antenna/tag/e2806894000050038662154f, 88
1652704097.87959, sdrt-health/mac:02010b41cdec/antenna/tag/e2806894000040038662054f, 88
1652704097.944226, sdrt-health/mac:02010b41cdec/antenna/tag/e2806894000050038662194f, 81
1652704097.944702, sdrt-health/mac:02010b41cdec/antenna/tag/e2806894000050038661fd4f, 91
1652704097.997944, sdrt-health/mac:02010b41cdec/antenna/tag/e2806894000040038662114f, 88
1652704098.046568, sdrt-health/mac:02010b41cdec/antenna/tag/e28068940000400386621d4f, 96
1652704098.11695, sdrt-health/mac:02010b41cdec/antenna/tag/e2806894000050038661fd4f, 97
1652704098.11741, sdrt-health/mac:02010b41cdec/antenna/tag/e2806894000040038662114f, 88
1652704098.133, sdrt-health/mac:02010b41cdec/antenna/tag/e28068940000400386621d4f, 96
1652704098.157017, sdrt-health/mac:02010b41cdec/antenna/tag/e28068940000400386621d4f, 96
1652704098.197364, sdrt-health/mac:02010b41cdec/antenna/tag/e28068940000500386620d4f, 83
1652704098.252471, sdrt-health/mac:02010b41cdec/antenna/tag/e2806894000040038662114f, 85
1652704098.252932, sdrt-health/mac:02010b41cdec/antenna/tag/e28068940000500386620d4f, 97
1652704098.278102, sdrt-health/mac:02010b41cdec/antenna/tag/e28068940000500386620d4f, 83
1652704098.332957, sdrt-health/mac:02010b41cdec/antenna/tag/e28068940000500386620d4f, 83
1652704098.333224, sdrt-health/mac:02010b41cdec/antenna/tag/e2806894000050038661fd4f, 91
1652704098.348826, sdrt-health/mac:02010b41cdec/antenna/tag/e2806894000050038662154f, 85
1652704098.357471, sdrt-health/mac:02010b41cdec/antenna/tag/e28068940000500386620d4f, 83
1652704098.36392, sdrt-health/mac:02010b41cdec/antenna/tag/e2806894000050038662194f, 94
1652704098.399017, sdrt-health/mac:02010b41cdec/antenna/tag/e2806894000050038662154f, 85
1652704098.437954, sdrt-health/mac:02010b41cdec/antenna/tag/e2806894000040038662114f, 85
1652704098.537296, sdrt-health/mac:02010b41cdec/antenna/tag/e28068940000400386621d4f, 96
1652704098.619512, sdrt-health/mac:02010b41cdec/antenna/tag/e2806894000050038662154f, 93
1652704098.693437, sdrt-health/mac:02010b41cdec/antenna/tag/e28068940000400386621d4f, 96
1652704098.693953, sdrt-health/mac:02010b41cdec/antenna/tag/e2806894000040038662114f, 91
1652704098.694289, sdrt-health/mac:02010b41cdec/antenna/tag/e2806894000050038662194f, 84
1652704098.70861, sdrt-health/mac:02010b41cdec/antenna/tag/e2806894000050038661fd4f, 88
1652704098.717676, sdrt-health/mac:02010b41cdec/antenna/tag/e2806894000050038661fd4f, 85
1652704098.723004, sdrt-health/mac:02010b41cdec/antenna/tag/e2806894000040038662114f, 85
1652704098.775429, sdrt-health/mac:02010b41cdec/antenna/tag/e2806894000040038662114f, 85
1652704098.822044, sdrt-health/mac:02010b41cdec/antenna/tag/e28068940000400386621d4f, 96
1652704098.884186, sdrt-health/mac:02010b41cdec/antenna/tag/e2806894000050038661fd4f, 88
1652704098.884701, sdrt-health/mac:02010b41cdec/antenna/tag/e28068940000500386620d4f, 83
1652704098.917848, sdrt-health/mac:02010b41cdec/antenna/tag/e28068940000500386620d4f, 83
1652704098.958928, sdrt-health/mac:02010b41cdec/antenna/tag/e2806894000050038661fd4f, 91
1652704098.959712, sdrt-health/mac:02010b41cdec/antenna/tag/e2806894000040038662114f, 85
1652704098.998701, sdrt-health/mac:02010b41cdec/antenna/tag/e28068940000500386620d4f, 83
1652704099.082626, sdrt-health/mac:02010b41cdec/antenna/tag/e28068940000500386620d4f, 83
1652704099.128667, sdrt-health/mac:02010b41cdec/antenna/tag/e28068940000400386621d4f, 96
1652704099.142491, sdrt-health/mac:02010b41cdec/antenna/tag/e2806894000050038662154f, 88
1652704099.14742, sdrt-health/mac:02010b41cdec/antenna/tag/e2806894000040038662114f, 93
1652704099.157997, sdrt-health/mac:02010b41cdec/antenna/tag/e2806894000040038662114f, 85
1652704099.198151, sdrt-health/mac:02010b41cdec/antenna/tag/e2806894000050038661fd4f, 91
1652704099.261173, sdrt-health/mac:02010b41cdec/antenna/tag/e2806894000050038662194f, 81
1652704099.261656, sdrt-health/mac:02010b41cdec/antenna/tag/e28068940000500386620d4f, 83
1652704099.285069, sdrt-health/mac:02010b41cdec/antenna/tag/e2806894000040038662114f, 85
1652704099.332959, sdrt-health/mac:02010b41cdec/antenna/tag/e28068940000400386621d4f, 77
1652704099.333401, sdrt-health/mac:02010b41cdec/antenna/tag/e28068940000400386621d4f, 96
1652704099.347972, sdrt-health/mac:02010b41cdec/antenna/tag/e28068940000400386621d4f, 96
1652704099.357551, sdrt-health/mac:02010b41cdec/antenna/tag/e2806894000050038662154f, 88
1652704099.363032, sdrt-health/mac:02010b41cdec/antenna/tag/e28068940000500386620d4f, 83
1652704099.363223, sdrt-health/mac:02010b41cdec/antenna/tag/e2806894000040038662114f, 87
1652704099.397367, sdrt-health/mac:02010b41cdec/antenna/tag/e2806894000050038662154f, 88
1652704099.438434, sdrt-health/mac:02010b41cdec/antenna/tag/e2806894000050038662154f, 85
1652704099.477996, sdrt-health/mac:02010b41cdec/antenna/tag/e28068940000500386620d4f, 83
1652704099.517368, sdrt-health/mac:02010b41cdec/antenna/tag/e2806894000050038662154f, 85
1652704099.559486, sdrt-health/mac:02010b41cdec/antenna/tag/e28068940000500386620d4f, 97
1652704099.612046, sdrt-health/mac:02010b41cdec/antenna/tag/e2806894000050038662154f, 93
1652704099.612252, sdrt-health/mac:02010b41cdec/antenna/tag/e28068940000400386621d4f, 96
1652704099.612394, sdrt-health/mac:02010b41cdec/antenna/tag/e2806894000050038661fd4f, 97
1652704099.627523, sdrt-health/mac:02010b41cdec/antenna/tag/e2806894000040038662114f, 85
1652704099.63673, sdrt-health/mac:02010b41cdec/antenna/tag/e2806894000050038662154f, 85
1652704099.6435, sdrt-health/mac:02010b41cdec/antenna/tag/e2806894000050038662154f, 85
1652704099.677645, sdrt-health/mac:02010b41cdec/antenna/tag/e2806894000040038662114f, 85
1652704099.718777, sdrt-health/mac:02010b41cdec/antenna/tag/e28068940000500386620d4f, 83
1652704099.773105, sdrt-health/mac:02010b41cdec/antenna/tag/e28068940000500386620d4f, 83
1652704099.773902, sdrt-health/mac:02010b41cdec/antenna/tag/e2806894000050038662154f, 85
1652704099.789471, sdrt-health/mac:02010b41cdec/antenna/tag/e28068940000500386620d4f, 97
1652704099.7983, sdrt-health/mac:02010b41cdec/antenna/tag/e2806894000040038662114f, 85
1652704099.837888, sdrt-health/mac:02010b41cdec/antenna/tag/e2806894000040038662114f, 85
1652704099.894427, sdrt-health/mac:02010b41cdec/antenna/tag/e2806894000050038662194f, 81
1652704099.894882, sdrt-health/mac:02010b41cdec/antenna/tag/e28068940000400386621d4f, 77
1652704099.919523, sdrt-health/mac:02010b41cdec/antenna/tag/e2806894000050038662154f, 85
1652704099.920349, sdrt-health/mac:02010b41cdec/antenna/tag/e2806894000050038662194f, 81
1652704099.959698, sdrt-health/mac:02010b41cdec/antenna/tag/e2806894000050038662154f, 91
1652704099.998288, sdrt-health/mac:02010b41cdec/antenna/tag/e28068940000500386620d4f, 97
1652704100.058554, sdrt-health/mac:02010b41cdec/antenna/tag/e2806894000050038661fd4f, 97
1652704100.059021, sdrt-health/mac:02010b41cdec/antenna/tag/e28068940000500386620d4f, 97
1652704100.059381, sdrt-health/mac:02010b41cdec/antenna/tag/e2806894000050038662154f, 88
1652704100.075044, sdrt-health/mac:02010b41cdec/antenna/tag/e28068940000500386620d4f, 97
1652704100.078265, sdrt-health/mac:02010b41cdec/antenna/tag/e28068940000500386620d4f, 97
1652704100.091886, sdrt-health/mac:02010b41cdec/antenna/tag/e2806894000040038662114f, 88
1652704100.11754, sdrt-health/mac:02010b41cdec/antenna/tag/e28068940000400386621d4f, 96
1652704100.15775, sdrt-health/mac:02010b41cdec/antenna/tag/e2806894000050038661fd4f, 91
1652704100.247687, sdrt-health/mac:02010b41cdec/antenna/tag/e2806894000050038662154f, 88
1652704100.24814, sdrt-health/mac:02010b41cdec/antenna/tag/e2806894000050038662154f, 88
1652704100.278366, sdrt-health/mac:02010b41cdec/antenna/tag/e2806894000050038661fd4f, 91
1652704100.353902, sdrt-health/mac:02010b41cdec/antenna/tag/e2806894000040038662114f, 85
1652704100.354351, sdrt-health/mac:02010b41cdec/antenna/tag/e2806894000050038661fd4f, 83
1652704100.376712, sdrt-health/mac:02010b41cdec/antenna/tag/e2806894000050038661fd4f, 83
1652704100.455613, sdrt-health/mac:02010b41cdec/antenna/tag/e28068940000400386621d4f, 96
1652704100.456103, sdrt-health/mac:02010b41cdec/antenna/tag/e28068940000500386620d4f, 97
1652704100.471766, sdrt-health/mac:02010b41cdec/antenna/tag/e2806894000050038661fd4f, 83
1652704100.472105, sdrt-health/mac:02010b41cdec/antenna/tag/e28068940000400386621d4f, 96
1652704100.497554, sdrt-health/mac:02010b41cdec/antenna/tag/e2806894000040038662114f, 87
1652704100.537136, sdrt-health/mac:02010b41cdec/antenna/tag/e2806894000050038661fd4f, 97
1652704100.599669, sdrt-health/mac:02010b41cdec/antenna/tag/e28068940000400386621d4f, 96
1652704100.600047, sdrt-health/mac:02010b41cdec/antenna/tag/e2806894000040038662114f, 85
1652704100.628664, sdrt-health/mac:02010b41cdec/antenna/tag/e2806894000050038661fd4f, 97
1652704100.678137, sdrt-health/mac:02010b41cdec/antenna/tag/e28068940000500386620d4f, 83
1652704100.708886, sdrt-health/mac:02010b41cdec/antenna/tag/e2806894000040038662114f, 85
1652704100.709247, sdrt-health/mac:02010b41cdec/antenna/tag/e2806894000040038662114f, 85
1652704100.7242, sdrt-health/mac:02010b41cdec/antenna/tag/e28068940000400386621d4f, 77
1652704100.797443, sdrt-health/mac:02010b41cdec/antenna/tag/e2806894000050038661fd4f, 91
1652704100.83719, sdrt-health/mac:02010b41cdec/antenna/tag/e28068940000400386621d4f, 77
1652704100.87788, sdrt-health/mac:02010b41cdec/antenna/tag/e28068940000500386620d4f, 83
1652704100.933157, sdrt-health/mac:02010b41cdec/antenna/tag/e2806894000050038661fd4f, 91
1652704100.933633, sdrt-health/mac:02010b41cdec/antenna/tag/e2806894000050038661fd4f, 91
1652704100.989746, sdrt-health/mac:02010b41cdec/antenna/tag/e2806894000050038662154f, 85
1652704101.038526, sdrt-health/mac:02010b41cdec/antenna/tag/e2806894000040038662114f, 88
1652704101.07817, sdrt-health/mac:02010b41cdec/antenna/tag/e28068940000400386621d4f, 96
1652704101.147905, sdrt-health/mac:02010b41cdec/antenna/tag/e2806894000050038661fd4f, 97
1652704101.186623, sdrt-health/mac:02010b41cdec/antenna/tag/e28068940000500386620d4f, 97
1652704101.257613, sdrt-health/mac:02010b41cdec/antenna/tag/e2806894000040038662114f, 88
1652704101.258109, sdrt-health/mac:02010b41cdec/antenna/tag/e2806894000040038661f94f, 82
1652704101.277835, sdrt-health/mac:02010b41cdec/antenna/tag/e2806894000040038662214f, 94
1652704101.319429, sdrt-health/mac:02010b41cdec/antenna/tag/e2806894000040038662114f, 85
1652704101.397459, sdrt-health/mac:02010b41cdec/antenna/tag/e2806894000050038661fd4f, 97
1652704101.397961, sdrt-health/mac:02010b41cdec/antenna/tag/e28068940000400386621d4f, 96
1652704101.427828, sdrt-health/mac:02010b41cdec/antenna/tag/e2806894000040038662114f, 85
1652704101.428774, sdrt-health/mac:02010b41cdec/antenna/tag/e2806894000050038662154f, 88
1652704101.477832, sdrt-health/mac:02010b41cdec/antenna/tag/e28068940000500386620d4f, 91
1652704101.518489, sdrt-health/mac:02010b41cdec/antenna/tag/e28068940000500386620d4f, 83
1652704101.571631, sdrt-health/mac:02010b41cdec/antenna/tag/e2806894000050038662154f, 91
1652704101.572107, sdrt-health/mac:02010b41cdec/antenna/tag/e28068940000400386621d4f, 96
1652704101.614938, sdrt-health/mac:02010b41cdec/antenna/tag/e2806894000050038661fd4f, 97
1652704101.646707, sdrt-health/mac:02010b41cdec/antenna/tag/e2806894000050038662154f, 88
1652704101.64708, sdrt-health/mac:02010b41cdec/antenna/tag/e2806894000040038662114f, 85
1652704101.663621, sdrt-health/mac:02010b41cdec/antenna/tag/e2806894000050038662154f, 87
1652704101.703519, sdrt-health/mac:02010b41cdec/antenna/tag/e2806894000040038662214f, 94
1652704101.752596, sdrt-health/mac:02010b41cdec/antenna/tag/e28068940000500386620d4f, 97
1652704101.753076, sdrt-health/mac:02010b41cdec/antenna/tag/e2806894000040038662214f, 84
1652704101.767746, sdrt-health/mac:02010b41cdec/antenna/tag/e28068940000400386621d4f, 77
1652704101.817289, sdrt-health/mac:02010b41cdec/antenna/tag/e28068940000500386620d4f, 91
1652704101.861417, sdrt-health/mac:02010b41cdec/antenna/tag/e2806894000040038662114f, 85
1652704101.90808, sdrt-health/mac:02010b41cdec/antenna/tag/e2806894000050038661fd4f, 97
1652704101.972975, sdrt-health/mac:02010b41cdec/antenna/tag/e28068940000500386620d4f, 91
1652704101.973444, sdrt-health/mac:02010b41cdec/antenna/tag/e2806894000050038662154f, 88
1652704101.988167, sdrt-health/mac:02010b41cdec/antenna/tag/e28068940000400386621d4f, 96
1652704102.013251, sdrt-health/mac:02010b41cdec/antenna/tag/e2806894000040038662114f, 88
1652704102.068106, sdrt-health/mac:02010b41cdec/antenna/tag/e2806894000050038661fd4f, 97
1652704102.099442, sdrt-health/mac:02010b41cdec/antenna/tag/e28068940000500386620d4f, 83
1652704102.099872, sdrt-health/mac:02010b41cdec/antenna/tag/e28068940000400386621d4f, 96
1652704102.100185, sdrt-health/mac:02010b41cdec/antenna/tag/e2806894000050038661fd4f, 83
1652704102.125363, sdrt-health/mac:02010b41cdec/antenna/tag/e28068940000500386620d4f, 97
1652704102.174219, sdrt-health/mac:02010b41cdec/antenna/tag/e28068940000500386620d4f, 86
1652704102.23855, sdrt-health/mac:02010b41cdec/antenna/tag/e2806894000050038661fd4f, 88
1652704102.239121, sdrt-health/mac:02010b41cdec/antenna/tag/e2806894000040038662114f, 85
1652704102.262137, sdrt-health/mac:02010b41cdec/antenna/tag/e28068940000500386620d4f, 83
1652704102.334183, sdrt-health/mac:02010b41cdec/antenna/tag/e2806894000050038661fd4f, 91
1652704102.334812, sdrt-health/mac:02010b41cdec/antenna/tag/e28068940000400386621d4f, 96
1652704102.357565, sdrt-health/mac:02010b41cdec/antenna/tag/e2806894000050038661fd4f, 97
1652704102.428854, sdrt-health/mac:02010b41cdec/antenna/tag/e28068940000400386621d4f, 96
1652704102.429317, sdrt-health/mac:02010b41cdec/antenna/tag/e28068940000400386621d4f, 96
1652704102.457886, sdrt-health/mac:02010b41cdec/antenna/tag/e28068940000500386620d4f, 83
1652704102.501774, sdrt-health/mac:02010b41cdec/antenna/tag/e2806894000040038662114f, 88
1652704102.502112, sdrt-health/mac:02010b41cdec/antenna/tag/e2806894000050038661fd4f, 97
1652704102.517048, sdrt-health/mac:02010b41cdec/antenna/tag/e28068940000400386621d4f, 96
1652704102.548098, sdrt-health/mac:02010b41cdec/antenna/tag/e2806894000040038662114f, 88
1652704102.615639, sdrt-health/mac:02010b41cdec/antenna/tag/e28068940000500386620d4f, 83
1652704102.616141, sdrt-health/mac:02010b41cdec/antenna/tag/e28068940000400386621d4f, 77
1652704102.639798, sdrt-health/mac:02010b41cdec/antenna/tag/e28068940000500386620d4f, 97
1652704102.686831, sdrt-health/mac:02010b41cdec/antenna/tag/e28068940000500386620d4f, 97
1652704102.753368, sdrt-health/mac:02010b41cdec/antenna/tag/e28068940000500386620d4f, 97
1652704102.753826, sdrt-health/mac:02010b41cdec/antenna/tag/e2806894000040038662114f, 85
1652704102.769101, sdrt-health/mac:02010b41cdec/antenna/tag/e2806894000050038662154f, 93
1652704102.78101, sdrt-health/mac:02010b41cdec/antenna/tag/e2806894000050038662154f, 93
1652704102.82229, sdrt-health/mac:02010b41cdec/antenna/tag/e2806894000040038662114f, 93
1652704102.884487, sdrt-health/mac:02010b41cdec/antenna/tag/e28068940000400386621d4f, 77
1652704102.885028, sdrt-health/mac:02010b41cdec/antenna/tag/e2806894000050038661fd4f, 83
1652704102.917892, sdrt-health/mac:02010b41cdec/antenna/tag/e2806894000050038662154f, 88
1652704102.958353, sdrt-health/mac:02010b41cdec/antenna/tag/e2806894000050038662154f, 88
1652704102.958731, sdrt-health/mac:02010b41cdec/antenna/tag/e2806894000050038662154f, 85
1652704102.973708, sdrt-health/mac:02010b41cdec/antenna/tag/e2806894000040038662114f, 85
1652704102.973969, sdrt-health/mac:02010b41cdec/antenna/tag/e2806894000050038661fd4f, 97
1652704102.99726, sdrt-health/mac:02010b41cdec/antenna/tag/e2806894000050038661fd4f, 91
1652704103.037418, sdrt-health/mac:02010b41cdec/antenna/tag/e28068940000500386620d4f, 97
1652704103.078111, sdrt-health/mac:02010b41cdec/antenna/tag/e2806894000050038661fd4f, 83
1652704103.148339, sdrt-health/mac:02010b41cdec/antenna/tag/e28068940000400386621d4f, 96
1652704103.148809, sdrt-health/mac:02010b41cdec/antenna/tag/e2806894000040038662114f, 88
1652704103.227353, sdrt-health/mac:02010b41cdec/antenna/tag/e2806894000050038661fd4f, 91
1652704103.317591, sdrt-health/mac:02010b41cdec/antenna/tag/e2806894000050038662154f, 93
1652704103.317922, sdrt-health/mac:02010b41cdec/antenna/tag/e28068940000400386621d4f, 77
1652704103.332865, sdrt-health/mac:02010b41cdec/antenna/tag/e2806894000050038661fd4f, 91
1652704103.357623, sdrt-health/mac:02010b41cdec/antenna/tag/e28068940000500386620d4f, 83
1652704103.358006, sdrt-health/mac:02010b41cdec/antenna/tag/e2806894000050038661fd4f, 83
1652704103.405236, sdrt-health/mac:02010b41cdec/antenna/tag/e2806894000050038662154f, 88
1652704103.470888, sdrt-health/mac:02010b41cdec/antenna/tag/e2806894000050038661fd4f, 97
1652704103.471334, sdrt-health/mac:02010b41cdec/antenna/tag/e28068940000400386621d4f, 77
1652704103.498155, sdrt-health/mac:02010b41cdec/antenna/tag/e28068940000400386621d4f, 96
1652704103.529668, sdrt-health/mac:02010b41cdec/antenna/tag/e2806894000040038662114f, 85
1652704103.529869, sdrt-health/mac:02010b41cdec/antenna/tag/e28068940000500386620d4f, 91
1652704103.544855, sdrt-health/mac:02010b41cdec/antenna/tag/e2806894000050038662154f, 85
1652704103.587419, sdrt-health/mac:02010b41cdec/antenna/tag/e28068940000400386621d4f, 77
1652704103.637388, sdrt-health/mac:02010b41cdec/antenna/tag/e2806894000050038662154f, 88
1652704103.637882, sdrt-health/mac:02010b41cdec/antenna/tag/e2806894000040038662114f, 93
1652704103.717951, sdrt-health/mac:02010b41cdec/antenna/tag/e2806894000050038661fd4f, 91
1652704103.757756, sdrt-health/mac:02010b41cdec/antenna/tag/e28068940000400386621d4f, 96
1652704103.813459, sdrt-health/mac:02010b41cdec/antenna/tag/e28068940000500386620d4f, 83
1652704103.813919, sdrt-health/mac:02010b41cdec/antenna/tag/e2806894000050038662154f, 87
1652704103.838115, sdrt-health/mac:02010b41cdec/antenna/tag/e2806894000050038662154f, 87
1652704103.877994, sdrt-health/mac:02010b41cdec/antenna/tag/e2806894000050038662154f, 87
1652704103.918178, sdrt-health/mac:02010b41cdec/antenna/tag/e2806894000040038662114f, 85
1652704104.018359, sdrt-health/mac:02010b41cdec/antenna/tag/e28068940000500386620d4f, 83
1652704104.077925, sdrt-health/mac:02010b41cdec/antenna/tag/e2806894000040038662114f, 85
1652704104.117385, sdrt-health/mac:02010b41cdec/antenna/tag/e2806894000050038662154f, 87
1652704104.173307, sdrt-health/mac:02010b41cdec/antenna/tag/e2806894000040038662114f, 85
1652704104.173781, sdrt-health/mac:02010b41cdec/antenna/tag/e2806894000050038662194f, 94
1652704104.187677, sdrt-health/mac:02010b41cdec/antenna/tag/e2806894000050038662154f, 93
1652704104.197666, sdrt-health/mac:02010b41cdec/antenna/tag/e2806894000050038662154f, 87
1652704104.236918, sdrt-health/mac:02010b41cdec/antenna/tag/e28068940000400386621d4f, 77
1652704104.279419, sdrt-health/mac:02010b41cdec/antenna/tag/e2806894000050038662154f, 93
1652704104.405824, sdrt-health/mac:02010b41cdec/antenna/tag/e2806894000050038661fd4f, 88
1652704104.407187, sdrt-health/mac:02010b41cdec/antenna/tag/e28068940000500386620d4f, 86
1652704104.448495, sdrt-health/mac:02010b41cdec/antenna/tag/e2806894000050038661fd4f, 91
1652704104.49401, sdrt-health/mac:02010b41cdec/antenna/tag/e2806894000050038662194f, 82
1652704104.553356, sdrt-health/mac:02010b41cdec/antenna/tag/e2806894000050038661fd4f, 97
1652704104.553885, sdrt-health/mac:02010b41cdec/antenna/tag/e2806894000050038662154f, 85
1652704104.570363, sdrt-health/mac:02010b41cdec/antenna/tag/e2806894000050038661fd4f, 97
1652704104.570831, sdrt-health/mac:02010b41cdec/antenna/tag/e2806894000040038662114f, 85
1652704104.581366, sdrt-health/mac:02010b41cdec/antenna/tag/e2806894000050038661fd4f, 91
1652704104.587425, sdrt-health/mac:02010b41cdec/antenna/tag/e2806894000040038662114f, 88
1652704104.587679, sdrt-health/mac:02010b41cdec/antenna/tag/e2806894000050038661fd4f, 97
1652704104.627279, sdrt-health/mac:02010b41cdec/antenna/tag/e2806894000040038662054f, 94
1652704104.687595, sdrt-health/mac:02010b41cdec/antenna/tag/e2806894000050038662194f, 94
1652704104.735402, sdrt-health/mac:02010b41cdec/antenna/tag/e28068940000400386621d4f, 96
1652704104.791536, sdrt-health/mac:02010b41cdec/antenna/tag/e2806894000050038662154f, 88
1652704104.791794, sdrt-health/mac:02010b41cdec/antenna/tag/e2806894000050038662154f, 85
1652704104.821985, sdrt-health/mac:02010b41cdec/antenna/tag/e28068940000400386621d4f, 77
1652704104.877358, sdrt-health/mac:02010b41cdec/antenna/tag/e28068940000400386621d4f, 77
1652704104.918304, sdrt-health/mac:02010b41cdec/antenna/tag/e28068940000400386621d4f, 96
1652704104.949753, sdrt-health/mac:02010b41cdec/antenna/tag/e2806894000050038661fd4f, 91
1652704104.950089, sdrt-health/mac:02010b41cdec/antenna/tag/e28068940000400386621d4f, 96
1652704104.950304, sdrt-health/mac:02010b41cdec/antenna/tag/e28068940000500386620d4f, 97
1652704104.965335, sdrt-health/mac:02010b41cdec/antenna/tag/e2806894000050038662154f, 88
1652704105.037902, sdrt-health/mac:02010b41cdec/antenna/tag/e2806894000050038662154f, 88
1652704105.077572, sdrt-health/mac:02010b41cdec/antenna/tag/e2806894000050038661fd4f, 97
1652704105.148775, sdrt-health/mac:02010b41cdec/antenna/tag/e28068940000400386621d4f, 96
1652704105.149293, sdrt-health/mac:02010b41cdec/antenna/tag/e2806894000040038662114f, 91
1652704105.185509, sdrt-health/mac:02010b41cdec/antenna/tag/e28068940000400386621d4f, 96
1652704105.185861, sdrt-health/mac:02010b41cdec/antenna/tag/e2806894000040038662114f, 85
1652704105.248938, sdrt-health/mac:02010b41cdec/antenna/tag/e2806894000050038661fd4f, 88
1652704105.279041, sdrt-health/mac:02010b41cdec/antenna/tag/e2806894000040038662114f, 85
1652704105.279487, sdrt-health/mac:02010b41cdec/antenna/tag/e2806894000050038662154f, 85
1652704105.316981, sdrt-health/mac:02010b41cdec/antenna/tag/e2806894000040038662114f, 85
1652704105.541967, sdrt-health/mac:02010b41cdec/antenna/tag/scan, scan stopped
