1652704593.566679, sdrt-health/mac:02010b41cdec/antenna/power/set, {"power": 280}
1652704594.652656, sdrt-health/mac:02010b41cdec/antenna/power/set, 
1652704598.588947, sdrt-health/mac:02010b41cdec/antenna/tag/scan, {"time": 20000}
1652704598.998837, sdrt-health/mac:02010b41cdec/antenna/tag/e28068940000500386620d4f, 83
1652704599.038126, sdrt-health/mac:02010b41cdec/antenna/tag/e2806894000050038662154f, 85
1652704599.13251, sdrt-health/mac:02010b41cdec/antenna/tag/e2806894000040038662114f, 88
1652704599.133022, sdrt-health/mac:02010b41cdec/antenna/tag/e2806894000050038662194f, 94
1652704599.187189, sdrt-health/mac:02010b41cdec/antenna/tag/e2806894000040038662114f, 85
1652704599.23636, sdrt-health/mac:02010b41cdec/antenna/tag/e2806894000050038661fd4f, 83
1652704599.293562, sdrt-health/mac:02010b41cdec/antenna/tag/e2806894000040038662214f, 88
1652704599.293981, sdrt-health/mac:02010b41cdec/antenna/tag/e2806894000040038662114f, 85
1652704599.310785, sdrt-health/mac:02010b41cdec/antenna/tag/e2806894000050038662154f, 85
1652704599.317066, sdrt-health/mac:02010b41cdec/antenna/tag/e2806894000050038661fd4f, 88
1652704599.326176, sdrt-health/mac:02010b41cdec/antenna/tag/e28068940000500386620d4f, 91
1652704599.358066, sdrt-health/mac:02010b41cdec/antenna/tag/e28068940000400386621d4f, 96
1652704599.396617, sdrt-health/mac:02010b41cdec/antenna/tag/e28068940000500386620d4f, 97
1652704599.453146, sdrt-health/mac:02010b41cdec/antenna/tag/e28068940000500386620d4f, 97
1652704599.453641, sdrt-health/mac:02010b41cdec/antenna/tag/e28068940000500386620d4f, 97
1652704599.476567, sdrt-health/mac:02010b41cdec/antenna/tag/e28068940000400386621d4f, 96
1652704599.516458, sdrt-health/mac:02010b41cdec/antenna/tag/e28068940000400386621d4f, 96
1652704599.574986, sdrt-health/mac:02010b41cdec/antenna/tag/e28068940000500386620d4f, 91
1652704599.575465, sdrt-health/mac:02010b41cdec/antenna/tag/e2806894000040038662114f, 85
1652704599.590096, sdrt-health/mac:02010b41cdec/antenna/tag/e28068940000500386620d4f, 97
1652704599.596076, sdrt-health/mac:02010b41cdec/antenna/tag/e2806894000040038662114f, 85
1652704599.638138, sdrt-health/mac:02010b41cdec/antenna/tag/e2806894000040038662114f, 85
1652704599.695698, sdrt-health/mac:02010b41cdec/antenna/tag/e2806894000050038662154f, 83
1652704599.752441, sdrt-health/mac:02010b41cdec/antenna/tag/e2806894000050038662154f, 87
1652704599.752928, sdrt-health/mac:02010b41cdec/antenna/tag/e28068940000400386621d4f, 77
1652704599.767648, sdrt-health/mac:02010b41cdec/antenna/tag/e28068940000400386621d4f, 96
1652704599.792038, sdrt-health/mac:02010b41cdec/antenna/tag/e2806894000050038661fd4f, 97
1652704599.823877, sdrt-health/mac:02010b41cdec/antenna/tag/e28068940000400386621d4f, 96
1652704599.824173, sdrt-health/mac:02010b41cdec/antenna/tag/e28068940000500386620d4f, 97
1652704599.839895, sdrt-health/mac:02010b41cdec/antenna/tag/e2806894000050038661fd4f, 83
1652704599.840309, sdrt-health/mac:02010b41cdec/antenna/tag/e2806894000050038661fd4f, 97
1652704599.886045, sdrt-health/mac:02010b41cdec/antenna/tag/e2806894000050038661fd4f, 91
1652704599.933111, sdrt-health/mac:02010b41cdec/antenna/tag/e2806894000040038662114f, 85
1652704599.977959, sdrt-health/mac:02010b41cdec/antenna/tag/e28068940000500386620d4f, 83
1652704600.046074, sdrt-health/mac:02010b41cdec/antenna/tag/e2806894000040038662114f, 85
1652704600.092767, sdrt-health/mac:02010b41cdec/antenna/tag/e2806894000050038662154f, 85
1652704600.172728, sdrt-health/mac:02010b41cdec/antenna/tag/e28068940000500386620d4f, 83
1652704600.216653, sdrt-health/mac:02010b41cdec/antenna/tag/e28068940000400386621d4f, 77
1652704600.261248, sdrt-health/mac:02010b41cdec/antenna/tag/e2806894000050038661fd4f, 88
1652704600.295594, sdrt-health/mac:02010b41cdec/antenna/tag/e2806894000050038661fd4f, 97
1652704600.35705, sdrt-health/mac:02010b41cdec/antenna/tag/e2806894000050038662154f, 85
1652704600.357524, sdrt-health/mac:02010b41cdec/antenna/tag/e2806894000050038661fd4f, 83
1652704600.357859, sdrt-health/mac:02010b41cdec/antenna/tag/e28068940000400386621d4f, 96
1652704600.386148, sdrt-health/mac:02010b41cdec/antenna/tag/e28068940000500386620d4f, 91
1652704600.45021, sdrt-health/mac:02010b41cdec/antenna/tag/e28068940000400386621d4f, 96
1652704600.450427, sdrt-health/mac:02010b41cdec/antenna/tag/e28068940000500386620d4f, 83
1652704600.464412, sdrt-health/mac:02010b41cdec/antenna/tag/e28068940000400386621d4f, 96
1652704600.476007, sdrt-health/mac:02010b41cdec/antenna/tag/e28068940000500386620d4f, 97
1652704600.517093, sdrt-health/mac:02010b41cdec/antenna/tag/e2806894000050038661fd4f, 97
1652704600.571686, sdrt-health/mac:02010b41cdec/antenna/tag/e2806894000050038661fd4f, 91
1652704600.572125, sdrt-health/mac:02010b41cdec/antenna/tag/e2806894000050038661fd4f, 88
1652704600.596281, sdrt-health/mac:02010b41cdec/antenna/tag/e2806894000040038662114f, 85
1652704600.597903, sdrt-health/mac:02010b41cdec/antenna/tag/e2806894000050038662154f, 87
1652704600.63542, sdrt-health/mac:02010b41cdec/antenna/tag/e2806894000050038661fd4f, 88
1652704600.692161, sdrt-health/mac:02010b41cdec/antenna/tag/e2806894000040038662114f, 93
1652704600.692609, sdrt-health/mac:02010b41cdec/antenna/tag/e2806894000040038662114f, 85
1652704600.692975, sdrt-health/mac:02010b41cdec/antenna/tag/e2806894000050038661fd4f, 91
1652704600.716404, sdrt-health/mac:02010b41cdec/antenna/tag/e2806894000050038661fd4f, 88
1652704600.782076, sdrt-health/mac:02010b41cdec/antenna/tag/e28068940000500386620d4f, 97
1652704600.782563, sdrt-health/mac:02010b41cdec/antenna/tag/e2806894000050038661fd4f, 88
1652704600.811132, sdrt-health/mac:02010b41cdec/antenna/tag/e2806894000050038661fd4f, 97
1652704600.856284, sdrt-health/mac:02010b41cdec/antenna/tag/e28068940000500386620d4f, 97
1652704600.900485, sdrt-health/mac:02010b41cdec/antenna/tag/e28068940000500386620d4f, 97
1652704600.946093, sdrt-health/mac:02010b41cdec/antenna/tag/e28068940000500386620d4f, 83
1652704601.011106, sdrt-health/mac:02010b41cdec/antenna/tag/e2806894000050038662154f, 85
1652704601.011596, sdrt-health/mac:02010b41cdec/antenna/tag/e28068940000400386621d4f, 96
1652704601.012112, sdrt-health/mac:02010b41cdec/antenna/tag/e2806894000040038662114f, 85
1652704601.03538, sdrt-health/mac:02010b41cdec/antenna/tag/e28068940000500386620d4f, 97
1652704601.097753, sdrt-health/mac:02010b41cdec/antenna/tag/e28068940000400386621d4f, 96
1652704601.097971, sdrt-health/mac:02010b41cdec/antenna/tag/e28068940000400386621d4f, 96
1652704601.098111, sdrt-health/mac:02010b41cdec/antenna/tag/e2806894000050038662194f, 94
1652704601.132636, sdrt-health/mac:02010b41cdec/antenna/tag/e28068940000500386620d4f, 83
1652704601.190979, sdrt-health/mac:02010b41cdec/antenna/tag/e28068940000400386621d4f, 96
1652704601.191515, sdrt-health/mac:02010b41cdec/antenna/tag/e2806894000040038662114f, 88
1652704601.219444, sdrt-health/mac:02010b41cdec/antenna/tag/e2806894000050038661fd4f, 88
1652704601.265984, sdrt-health/mac:02010b41cdec/antenna/tag/e28068940000500386620d4f, 83
1652704601.325726, sdrt-health/mac:02010b41cdec/antenna/tag/e2806894000050038662154f, 93
1652704601.413165, sdrt-health/mac:02010b41cdec/antenna/tag/e2806894000050038662194f, 81
1652704601.486827, sdrt-health/mac:02010b41cdec/antenna/tag/e2806894000040038662114f, 85
1652704601.532632, sdrt-health/mac:02010b41cdec/antenna/tag/e28068940000400386621d4f, 90
1652704601.629281, sdrt-health/mac:02010b41cdec/antenna/tag/e2806894000050038662154f, 88
1652704601.629841, sdrt-health/mac:02010b41cdec/antenna/tag/e2806894000040038662114f, 85
1652704601.665643, sdrt-health/mac:02010b41cdec/antenna/tag/e2806894000040038662114f, 85
1652704601.743109, sdrt-health/mac:02010b41cdec/antenna/tag/e2806894000050038662154f, 85
1652704601.743669, sdrt-health/mac:02010b41cdec/antenna/tag/e2806894000050038661fd4f, 91
1652704601.759368, sdrt-health/mac:02010b41cdec/antenna/tag/e2806894000050038662194f, 88
1652704601.773441, sdrt-health/mac:02010b41cdec/antenna/tag/e2806894000050038661fd4f, 91
1652704601.776371, sdrt-health/mac:02010b41cdec/antenna/tag/e2806894000050038662194f, 88
1652704601.817301, sdrt-health/mac:02010b41cdec/antenna/tag/e2806894000040038662114f, 85
1652704601.876431, sdrt-health/mac:02010b41cdec/antenna/tag/e28068940000400386621d4f, 96
1652704601.877953, sdrt-health/mac:02010b41cdec/antenna/tag/e2806894000050038662194f, 94
1652704601.878349, sdrt-health/mac:02010b41cdec/antenna/tag/e2806894000040038662214f, 81
1652704601.892182, sdrt-health/mac:02010b41cdec/antenna/tag/e2806894000040038662054f, 82
1652704601.906734, sdrt-health/mac:02010b41cdec/antenna/tag/e28068940000500386620d4f, 97
1652704601.95622, sdrt-health/mac:02010b41cdec/antenna/tag/e2806894000050038662154f, 83
1652704601.997026, sdrt-health/mac:02010b41cdec/antenna/tag/e2806894000050038662154f, 87
1652704602.062426, sdrt-health/mac:02010b41cdec/antenna/tag/e2806894000040038662114f, 85
1652704602.062922, sdrt-health/mac:02010b41cdec/antenna/tag/e2806894000050038661fd4f, 91
1652704602.063262, sdrt-health/mac:02010b41cdec/antenna/tag/e2806894000050038662154f, 87
1652704602.078461, sdrt-health/mac:02010b41cdec/antenna/tag/e2806894000050038662154f, 93
1652704602.079302, sdrt-health/mac:02010b41cdec/antenna/tag/e28068940000400386621d4f, 77
1652704602.092976, sdrt-health/mac:02010b41cdec/antenna/tag/e28068940000400386621d4f, 77
1652704602.13706, sdrt-health/mac:02010b41cdec/antenna/tag/e28068940000400386621d4f, 77
1652704602.195978, sdrt-health/mac:02010b41cdec/antenna/tag/e28068940000400386621d4f, 77
1652704602.196261, sdrt-health/mac:02010b41cdec/antenna/tag/e28068940000500386620d4f, 97
1652704602.212717, sdrt-health/mac:02010b41cdec/antenna/tag/e28068940000500386620d4f, 83
1652704602.268407, sdrt-health/mac:02010b41cdec/antenna/tag/e2806894000050038662154f, 93
1652704602.268669, sdrt-health/mac:02010b41cdec/antenna/tag/e28068940000500386620d4f, 97
1652704602.306187, sdrt-health/mac:02010b41cdec/antenna/tag/e2806894000050038661fd4f, 97
1652704602.357011, sdrt-health/mac:02010b41cdec/antenna/tag/e28068940000400386621d4f, 77
1652704602.403173, sdrt-health/mac:02010b41cdec/antenna/tag/e2806894000050038661fd4f, 88
1652704602.435382, sdrt-health/mac:02010b41cdec/antenna/tag/e2806894000050038661fd4f, 91
1652704602.4762, sdrt-health/mac:02010b41cdec/antenna/tag/e28068940000400386621d4f, 77
1652704602.526201, sdrt-health/mac:02010b41cdec/antenna/tag/e28068940000400386621d4f, 96
1652704602.572083, sdrt-health/mac:02010b41cdec/antenna/tag/e28068940000500386620d4f, 97
1652704602.603658, sdrt-health/mac:02010b41cdec/antenna/tag/e2806894000040038662114f, 85
1652704602.603888, sdrt-health/mac:02010b41cdec/antenna/tag/e2806894000050038662154f, 85
1652704602.619145, sdrt-health/mac:02010b41cdec/antenna/tag/e28068940000400386621d4f, 96
1652704602.676168, sdrt-health/mac:02010b41cdec/antenna/tag/e2806894000050038661fd4f, 97
1652704602.759414, sdrt-health/mac:02010b41cdec/antenna/tag/e2806894000040038662114f, 91
1652704602.760126, sdrt-health/mac:02010b41cdec/antenna/tag/e28068940000500386620d4f, 83
1652704602.774547, sdrt-health/mac:02010b41cdec/antenna/tag/e2806894000050038662154f, 88
1652704602.795843, sdrt-health/mac:02010b41cdec/antenna/tag/e28068940000500386620d4f, 83
1652704602.796276, sdrt-health/mac:02010b41cdec/antenna/tag/e2806894000050038661fd4f, 91
1652704602.796627, sdrt-health/mac:02010b41cdec/antenna/tag/e2806894000050038662194f, 84
1652704602.836377, sdrt-health/mac:02010b41cdec/antenna/tag/e2806894000050038662154f, 87
1652704602.902575, sdrt-health/mac:02010b41cdec/antenna/tag/e28068940000400386621d4f, 90
1652704602.95618, sdrt-health/mac:02010b41cdec/antenna/tag/e2806894000040038662114f, 85
1652704603.031906, sdrt-health/mac:02010b41cdec/antenna/tag/e28068940000500386620d4f, 97
1652704603.032212, sdrt-health/mac:02010b41cdec/antenna/tag/e2806894000050038662154f, 85
1652704603.032429, sdrt-health/mac:02010b41cdec/antenna/tag/e2806894000050038662154f, 85
1652704603.07726, sdrt-health/mac:02010b41cdec/antenna/tag/e28068940000500386620d4f, 97
1652704603.132948, sdrt-health/mac:02010b41cdec/antenna/tag/e2806894000050038661fd4f, 97
1652704603.133395, sdrt-health/mac:02010b41cdec/antenna/tag/e28068940000400386621d4f, 90
1652704603.157699, sdrt-health/mac:02010b41cdec/antenna/tag/e28068940000400386621d4f, 96
1652704603.213064, sdrt-health/mac:02010b41cdec/antenna/tag/e28068940000500386620d4f, 83
1652704603.213599, sdrt-health/mac:02010b41cdec/antenna/tag/e2806894000050038662154f, 85
1652704603.23549, sdrt-health/mac:02010b41cdec/antenna/tag/e28068940000500386620d4f, 83
1652704603.292059, sdrt-health/mac:02010b41cdec/antenna/tag/e28068940000400386621d4f, 77
1652704603.292509, sdrt-health/mac:02010b41cdec/antenna/tag/e28068940000500386620d4f, 83
1652704603.308162, sdrt-health/mac:02010b41cdec/antenna/tag/e28068940000400386621d4f, 96
1652704603.308639, sdrt-health/mac:02010b41cdec/antenna/tag/e2806894000050038661fd4f, 88
1652704603.315785, sdrt-health/mac:02010b41cdec/antenna/tag/e2806894000040038662114f, 93
1652704603.355741, sdrt-health/mac:02010b41cdec/antenna/tag/e2806894000050038661fd4f, 91
1652704603.396212, sdrt-health/mac:02010b41cdec/antenna/tag/e2806894000050038661fd4f, 88
1652704603.436657, sdrt-health/mac:02010b41cdec/antenna/tag/e2806894000050038662154f, 87
1652704603.476276, sdrt-health/mac:02010b41cdec/antenna/tag/e28068940000400386621d4f, 77
1652704603.55728, sdrt-health/mac:02010b41cdec/antenna/tag/e2806894000050038661fd4f, 88
1652704603.557866, sdrt-health/mac:02010b41cdec/antenna/tag/e28068940000400386621d4f, 96
1652704603.5865, sdrt-health/mac:02010b41cdec/antenna/tag/e2806894000050038661fd4f, 91
1652704603.686322, sdrt-health/mac:02010b41cdec/antenna/tag/e2806894000050038662154f, 85
1652704603.686968, sdrt-health/mac:02010b41cdec/antenna/tag/e2806894000040038662114f, 88
1652704603.716799, sdrt-health/mac:02010b41cdec/antenna/tag/e2806894000050038662154f, 93
1652704603.755421, sdrt-health/mac:02010b41cdec/antenna/tag/e2806894000050038661fd4f, 88
1652704603.812448, sdrt-health/mac:02010b41cdec/antenna/tag/e2806894000050038662154f, 93
1652704603.812922, sdrt-health/mac:02010b41cdec/antenna/tag/e2806894000040038662114f, 93
1652704603.827617, sdrt-health/mac:02010b41cdec/antenna/tag/e2806894000050038661fd4f, 83
1652704603.835947, sdrt-health/mac:02010b41cdec/antenna/tag/e2806894000050038662154f, 88
1652704603.884821, sdrt-health/mac:02010b41cdec/antenna/tag/e2806894000050038662154f, 88
1652704603.948749, sdrt-health/mac:02010b41cdec/antenna/tag/e2806894000050038661fd4f, 83
1652704603.949135, sdrt-health/mac:02010b41cdec/antenna/tag/e28068940000500386620d4f, 97
1652704603.984002, sdrt-health/mac:02010b41cdec/antenna/tag/e28068940000400386621d4f, 90
1652704604.036193, sdrt-health/mac:02010b41cdec/antenna/tag/e2806894000040038662114f, 88
1652704604.066924, sdrt-health/mac:02010b41cdec/antenna/tag/e28068940000500386620d4f, 83
1652704604.067269, sdrt-health/mac:02010b41cdec/antenna/tag/e28068940000400386621d4f, 96
1652704604.092206, sdrt-health/mac:02010b41cdec/antenna/tag/e28068940000500386620d4f, 83
1652704604.123634, sdrt-health/mac:02010b41cdec/antenna/tag/e2806894000050038662194f, 81
1652704604.123939, sdrt-health/mac:02010b41cdec/antenna/tag/e28068940000400386621d4f, 96
1652704604.138705, sdrt-health/mac:02010b41cdec/antenna/tag/e2806894000050038662154f, 88
1652704604.138919, sdrt-health/mac:02010b41cdec/antenna/tag/e2806894000050038662194f, 88
1652704604.139059, sdrt-health/mac:02010b41cdec/antenna/tag/e28068940000400386621d4f, 77
1652704604.179119, sdrt-health/mac:02010b41cdec/antenna/tag/e28068940000400386621d4f, 96
1652704604.22516, sdrt-health/mac:02010b41cdec/antenna/tag/e2806894000050038662154f, 85
1652704604.276031, sdrt-health/mac:02010b41cdec/antenna/tag/e2806894000050038661fd4f, 91
1652704604.277075, sdrt-health/mac:02010b41cdec/antenna/tag/e2806894000050038662154f, 93
1652704604.292774, sdrt-health/mac:02010b41cdec/antenna/tag/e28068940000500386620d4f, 91
1652704604.342067, sdrt-health/mac:02010b41cdec/antenna/tag/e2806894000050038662154f, 87
1652704604.38551, sdrt-health/mac:02010b41cdec/antenna/tag/e2806894000050038662194f, 81
1652704604.385812, sdrt-health/mac:02010b41cdec/antenna/tag/e28068940000500386620d4f, 83
1652704604.436585, sdrt-health/mac:02010b41cdec/antenna/tag/e2806894000050038661fd4f, 91
1652704604.476014, sdrt-health/mac:02010b41cdec/antenna/tag/e2806894000040038662114f, 85
1652704604.525018, sdrt-health/mac:02010b41cdec/antenna/tag/e28068940000400386621d4f, 96
1652704604.585324, sdrt-health/mac:02010b41cdec/antenna/tag/e2806894000050038661fd4f, 97
1652704604.585785, sdrt-health/mac:02010b41cdec/antenna/tag/e2806894000040038662114f, 85
1652704604.605992, sdrt-health/mac:02010b41cdec/antenna/tag/e2806894000050038662194f, 94
1652704604.636325, sdrt-health/mac:02010b41cdec/antenna/tag/e2806894000050038662154f, 93
1652704604.636627, sdrt-health/mac:02010b41cdec/antenna/tag/e2806894000050038662194f, 81
1652704604.65182, sdrt-health/mac:02010b41cdec/antenna/tag/e2806894000050038661fd4f, 97
1652704604.710293, sdrt-health/mac:02010b41cdec/antenna/tag/e2806894000040038662114f, 85
1652704604.710783, sdrt-health/mac:02010b41cdec/antenna/tag/e2806894000050038662154f, 88
1652704604.739674, sdrt-health/mac:02010b41cdec/antenna/tag/e28068940000400386621d4f, 96
1652704604.80196, sdrt-health/mac:02010b41cdec/antenna/tag/e28068940000400386621d4f, 90
1652704604.802471, sdrt-health/mac:02010b41cdec/antenna/tag/e2806894000050038662154f, 88
1652704604.816534, sdrt-health/mac:02010b41cdec/antenna/tag/e2806894000050038661fd4f, 91
1652704604.817071, sdrt-health/mac:02010b41cdec/antenna/tag/e2806894000050038662154f, 85
1652704604.845896, sdrt-health/mac:02010b41cdec/antenna/tag/e2806894000050038662154f, 88
1652704604.892455, sdrt-health/mac:02010b41cdec/antenna/tag/e28068940000500386620d4f, 97
1652704604.969576, sdrt-health/mac:02010b41cdec/antenna/tag/e28068940000400386621d4f, 90
1652704604.969818, sdrt-health/mac:02010b41cdec/antenna/tag/e28068940000400386621d4f, 96
1652704605.015391, sdrt-health/mac:02010b41cdec/antenna/tag/e2806894000050038661fd4f, 83
1652704605.015813, sdrt-health/mac:02010b41cdec/antenna/tag/e2806894000050038661fd4f, 83
1652704605.059048, sdrt-health/mac:02010b41cdec/antenna/tag/e2806894000040038662114f, 93
1652704605.104546, sdrt-health/mac:02010b41cdec/antenna/tag/e2806894000050038662154f, 85
1652704605.15628, sdrt-health/mac:02010b41cdec/antenna/tag/e2806894000050038662154f, 88
1652704605.210952, sdrt-health/mac:02010b41cdec/antenna/tag/e2806894000040038662114f, 85
1652704605.211234, sdrt-health/mac:02010b41cdec/antenna/tag/e28068940000400386621d4f, 96
1652704605.22588, sdrt-health/mac:02010b41cdec/antenna/tag/e2806894000050038661fd4f, 97
1652704605.235821, sdrt-health/mac:02010b41cdec/antenna/tag/e2806894000040038662214f, 88
1652704605.240715, sdrt-health/mac:02010b41cdec/antenna/tag/e2806894000050038661fd4f, 88
1652704605.240913, sdrt-health/mac:02010b41cdec/antenna/tag/e2806894000040038662214f, 81
1652704605.276496, sdrt-health/mac:02010b41cdec/antenna/tag/e28068940000500386620d4f, 97
1652704605.380275, sdrt-health/mac:02010b41cdec/antenna/tag/e28068940000500386620d4f, 83
1652704605.425892, sdrt-health/mac:02010b41cdec/antenna/tag/e2806894000040038662114f, 85
1652704605.500967, sdrt-health/mac:02010b41cdec/antenna/tag/e28068940000400386621d4f, 96
1652704605.501411, sdrt-health/mac:02010b41cdec/antenna/tag/e2806894000050038662154f, 88
1652704605.53305, sdrt-health/mac:02010b41cdec/antenna/tag/e2806894000040038662114f, 85
1652704605.670889, sdrt-health/mac:02010b41cdec/antenna/tag/e28068940000400386621d4f, 96
1652704605.671389, sdrt-health/mac:02010b41cdec/antenna/tag/e28068940000500386620d4f, 97
1652704605.699667, sdrt-health/mac:02010b41cdec/antenna/tag/e28068940000500386620d4f, 83
1652704605.780223, sdrt-health/mac:02010b41cdec/antenna/tag/e2806894000040038662114f, 85
1652704605.826361, sdrt-health/mac:02010b41cdec/antenna/tag/e28068940000500386620d4f, 97
1652704605.91229, sdrt-health/mac:02010b41cdec/antenna/tag/e2806894000040038662214f, 94
1652704605.912816, sdrt-health/mac:02010b41cdec/antenna/tag/e2806894000040038662114f, 87
1652704605.939792, sdrt-health/mac:02010b41cdec/antenna/tag/e28068940000500386620d4f, 97
1652704605.986094, sdrt-health/mac:02010b41cdec/antenna/tag/e28068940000400386621d4f, 96
1652704606.036191, sdrt-health/mac:02010b41cdec/antenna/tag/e28068940000500386620d4f, 97
1652704606.036686, sdrt-health/mac:02010b41cdec/antenna/tag/e28068940000400386621d4f, 96
1652704606.091358, sdrt-health/mac:02010b41cdec/antenna/tag/e2806894000040038662114f, 85
1652704606.147147, sdrt-health/mac:02010b41cdec/antenna/tag/e28068940000400386621d4f, 77
1652704606.205846, sdrt-health/mac:02010b41cdec/antenna/tag/e28068940000500386620d4f, 83
1652704606.267947, sdrt-health/mac:02010b41cdec/antenna/tag/e2806894000040038662114f, 85
1652704606.268473, sdrt-health/mac:02010b41cdec/antenna/tag/e28068940000400386621d4f, 77
1652704606.296875, sdrt-health/mac:02010b41cdec/antenna/tag/e28068940000400386621d4f, 96
1652704606.339647, sdrt-health/mac:02010b41cdec/antenna/tag/e28068940000400386621d4f, 96
1652704606.340122, sdrt-health/mac:02010b41cdec/antenna/tag/e2806894000050038661fd4f, 97
1652704606.356429, sdrt-health/mac:02010b41cdec/antenna/tag/e2806894000050038662154f, 88
1652704606.393963, sdrt-health/mac:02010b41cdec/antenna/tag/e2806894000040038662114f, 93
1652704606.437008, sdrt-health/mac:02010b41cdec/antenna/tag/e28068940000500386620d4f, 83
1652704606.437362, sdrt-health/mac:02010b41cdec/antenna/tag/e2806894000040038662114f, 85
1652704606.475765, sdrt-health/mac:02010b41cdec/antenna/tag/e2806894000050038661fd4f, 83
1652704606.530938, sdrt-health/mac:02010b41cdec/antenna/tag/e28068940000500386620d4f, 97
1652704606.531431, sdrt-health/mac:02010b41cdec/antenna/tag/e28068940000500386620d4f, 97
1652704606.555326, sdrt-health/mac:02010b41cdec/antenna/tag/e28068940000400386621d4f, 96
1652704606.611078, sdrt-health/mac:02010b41cdec/antenna/tag/e2806894000050038662154f, 85
1652704606.611436, sdrt-health/mac:02010b41cdec/antenna/tag/e2806894000040038662114f, 93
1652704606.635213, sdrt-health/mac:02010b41cdec/antenna/tag/e2806894000050038661fd4f, 97
1652704606.675791, sdrt-health/mac:02010b41cdec/antenna/tag/e28068940000400386621d4f, 77
1652704606.676922, sdrt-health/mac:02010b41cdec/antenna/tag/e2806894000040038662114f, 85
1652704606.689942, sdrt-health/mac:02010b41cdec/antenna/tag/e2806894000040038662114f, 85
1652704606.715429, sdrt-health/mac:02010b41cdec/antenna/tag/e28068940000400386621d4f, 77
1652704606.792412, sdrt-health/mac:02010b41cdec/antenna/tag/e2806894000040038662114f, 85
1652704606.792861, sdrt-health/mac:02010b41cdec/antenna/tag/e28068940000500386620d4f, 83
1652704606.81013, sdrt-health/mac:02010b41cdec/antenna/tag/e28068940000400386621d4f, 77
1652704606.819119, sdrt-health/mac:02010b41cdec/antenna/tag/e2806894000050038661fd4f, 97
1652704606.825283, sdrt-health/mac:02010b41cdec/antenna/tag/e2806894000040038661f94f, 94
1652704606.825532, sdrt-health/mac:02010b41cdec/antenna/tag/e28068940000400386621d4f, 96
1652704606.865441, sdrt-health/mac:02010b41cdec/antenna/tag/e2806894000050038662154f, 88
1652704606.931469, sdrt-health/mac:02010b41cdec/antenna/tag/e2806894000050038662154f, 85
1652704606.93192, sdrt-health/mac:02010b41cdec/antenna/tag/e28068940000500386620d4f, 97
1652704606.946319, sdrt-health/mac:02010b41cdec/antenna/tag/e2806894000050038662154f, 85
1652704606.956481, sdrt-health/mac:02010b41cdec/antenna/tag/e28068940000400386621d4f, 96
1652704607.059281, sdrt-health/mac:02010b41cdec/antenna/tag/e2806894000050038662154f, 83
1652704607.140853, sdrt-health/mac:02010b41cdec/antenna/tag/e2806894000050038662154f, 85
1652704607.212189, sdrt-health/mac:02010b41cdec/antenna/tag/e2806894000040038662114f, 85
1652704607.212698, sdrt-health/mac:02010b41cdec/antenna/tag/e28068940000400386621d4f, 77
1652704607.213038, sdrt-health/mac:02010b41cdec/antenna/tag/e28068940000400386621d4f, 77
1652704607.236468, sdrt-health/mac:02010b41cdec/antenna/tag/e2806894000040038662114f, 85
1652704607.321425, sdrt-health/mac:02010b41cdec/antenna/tag/e28068940000500386620d4f, 97
1652704607.321669, sdrt-health/mac:02010b41cdec/antenna/tag/e28068940000500386620d4f, 97
1652704607.345766, sdrt-health/mac:02010b41cdec/antenna/tag/e2806894000040038662114f, 85
1652704607.413774, sdrt-health/mac:02010b41cdec/antenna/tag/e28068940000400386621d4f, 96
1652704607.414213, sdrt-health/mac:02010b41cdec/antenna/tag/e28068940000400386621d4f, 96
1652704607.429868, sdrt-health/mac:02010b41cdec/antenna/tag/e28068940000400386621d4f, 96
1652704607.43693, sdrt-health/mac:02010b41cdec/antenna/tag/e28068940000400386621d4f, 96
1652704607.476863, sdrt-health/mac:02010b41cdec/antenna/tag/e28068940000400386621d4f, 90
1652704607.478338, sdrt-health/mac:02010b41cdec/antenna/tag/e2806894000050038661fd4f, 91
1652704607.508951, sdrt-health/mac:02010b41cdec/antenna/tag/e28068940000500386620d4f, 83
1652704607.509435, sdrt-health/mac:02010b41cdec/antenna/tag/e2806894000040038662114f, 85
1652704607.52396, sdrt-health/mac:02010b41cdec/antenna/tag/e2806894000040038662114f, 85
1652704607.524221, sdrt-health/mac:02010b41cdec/antenna/tag/e28068940000400386621d4f, 96
1652704607.565573, sdrt-health/mac:02010b41cdec/antenna/tag/e2806894000040038662114f, 88
1652704607.612617, sdrt-health/mac:02010b41cdec/antenna/tag/e28068940000400386621d4f, 96
1652704607.656042, sdrt-health/mac:02010b41cdec/antenna/tag/e2806894000050038662194f, 94
1652704607.701724, sdrt-health/mac:02010b41cdec/antenna/tag/e28068940000400386621d4f, 77
1652704607.746609, sdrt-health/mac:02010b41cdec/antenna/tag/e2806894000050038662154f, 93
1652704607.777706, sdrt-health/mac:02010b41cdec/antenna/tag/e2806894000040038662114f, 85
1652704607.777988, sdrt-health/mac:02010b41cdec/antenna/tag/e28068940000500386620d4f, 97
1652704607.804769, sdrt-health/mac:02010b41cdec/antenna/tag/e2806894000050038661fd4f, 88
1652704607.86135, sdrt-health/mac:02010b41cdec/antenna/tag/e2806894000050038662154f, 85
1652704607.922545, sdrt-health/mac:02010b41cdec/antenna/tag/e2806894000050038661fd4f, 97
1652704607.922988, sdrt-health/mac:02010b41cdec/antenna/tag/e2806894000050038661fd4f, 97
1652704607.986196, sdrt-health/mac:02010b41cdec/antenna/tag/e28068940000500386620d4f, 97
1652704608.037426, sdrt-health/mac:02010b41cdec/antenna/tag/e2806894000040038662114f, 93
1652704608.070901, sdrt-health/mac:02010b41cdec/antenna/tag/e2806894000050038662154f, 85
1652704608.071209, sdrt-health/mac:02010b41cdec/antenna/tag/e2806894000040038662114f, 85
1652704608.086371, sdrt-health/mac:02010b41cdec/antenna/tag/e28068940000400386621d4f, 96
1652704608.115838, sdrt-health/mac:02010b41cdec/antenna/tag/e28068940000500386620d4f, 83
1652704608.156174, sdrt-health/mac:02010b41cdec/antenna/tag/e2806894000050038661fd4f, 91
1652704608.287008, sdrt-health/mac:02010b41cdec/antenna/tag/e2806894000050038661fd4f, 91
1652704608.340484, sdrt-health/mac:02010b41cdec/antenna/tag/e2806894000050038661fd4f, 91
1652704608.38569, sdrt-health/mac:02010b41cdec/antenna/tag/e2806894000040038662214f, 84
1652704608.436318, sdrt-health/mac:02010b41cdec/antenna/tag/e2806894000050038662154f, 93
1652704608.475896, sdrt-health/mac:02010b41cdec/antenna/tag/e2806894000050038662154f, 85
1652704608.517556, sdrt-health/mac:02010b41cdec/antenna/tag/e28068940000500386620d4f, 83
1652704608.572449, sdrt-health/mac:02010b41cdec/antenna/tag/e28068940000500386620d4f, 83
1652704608.644694, sdrt-health/mac:02010b41cdec/antenna/tag/e2806894000050038661fd4f, 91
1652704608.645222, sdrt-health/mac:02010b41cdec/antenna/tag/e2806894000050038661fd4f, 88
1652704608.645749, sdrt-health/mac:02010b41cdec/antenna/tag/e28068940000500386620d4f, 97
1652704608.646133, sdrt-health/mac:02010b41cdec/antenna/tag/e2806894000040038662054f, 94
1652704608.646474, sdrt-health/mac:02010b41cdec/antenna/tag/e28068940000400386621d4f, 77
1652704608.715714, sdrt-health/mac:02010b41cdec/antenna/tag/e2806894000050038661fd4f, 91
1652704608.772994, sdrt-health/mac:02010b41cdec/antenna/tag/e28068940000500386620d4f, 83
1652704608.773436, sdrt-health/mac:02010b41cdec/antenna/tag/e2806894000050038661fd4f, 88
1652704608.77382, sdrt-health/mac:02010b41cdec/antenna/tag/e2806894000050038661fd4f, 91
1652704608.789307, sdrt-health/mac:02010b41cdec/antenna/tag/e28068940000500386620d4f, 83
1652704608.789686, sdrt-health/mac:02010b41cdec/antenna/tag/e28068940000400386621d4f, 96
1652704608.795929, sdrt-health/mac:02010b41cdec/antenna/tag/e2806894000040038662114f, 88
1652704608.806333, sdrt-health/mac:02010b41cdec/antenna/tag/e2806894000050038662154f, 87
1652704608.806546, sdrt-health/mac:02010b41cdec/antenna/tag/e28068940000400386621d4f, 96
1652704608.835757, sdrt-health/mac:02010b41cdec/antenna/tag/e2806894000050038662194f, 81
1652704608.876685, sdrt-health/mac:02010b41cdec/antenna/tag/e2806894000050038661fd4f, 91
1652704608.924812, sdrt-health/mac:02010b41cdec/antenna/tag/e2806894000040038662114f, 85
1652704609.008299, sdrt-health/mac:02010b41cdec/antenna/tag/e2806894000050038662154f, 93
1652704609.008929, sdrt-health/mac:02010b41cdec/antenna/tag/e28068940000400386621d4f, 77
1652704609.009406, sdrt-health/mac:02010b41cdec/antenna/tag/e2806894000050038662154f, 85
1652704609.03607, sdrt-health/mac:02010b41cdec/antenna/tag/e28068940000500386620d4f, 97
1652704609.099734, sdrt-health/mac:02010b41cdec/antenna/tag/e2806894000040038662114f, 85
1652704609.099976, sdrt-health/mac:02010b41cdec/antenna/tag/e2806894000050038661fd4f, 97
1652704609.100119, sdrt-health/mac:02010b41cdec/antenna/tag/e28068940000500386620d4f, 97
1652704609.142826, sdrt-health/mac:02010b41cdec/antenna/tag/e2806894000040038662114f, 85
1652704609.186151, sdrt-health/mac:02010b41cdec/antenna/tag/e2806894000040038662114f, 88
1652704609.236561, sdrt-health/mac:02010b41cdec/antenna/tag/e28068940000500386620d4f, 97
1652704609.276612, sdrt-health/mac:02010b41cdec/antenna/tag/e2806894000050038661fd4f, 91
1652704609.34256, sdrt-health/mac:02010b41cdec/antenna/tag/e2806894000050038662154f, 87
1652704609.343071, sdrt-health/mac:02010b41cdec/antenna/tag/e28068940000500386620d4f, 83
1652704609.373453, sdrt-health/mac:02010b41cdec/antenna/tag/e2806894000050038661fd4f, 88
1652704609.417101, sdrt-health/mac:02010b41cdec/antenna/tag/e28068940000500386620d4f, 97
1652704609.449208, sdrt-health/mac:02010b41cdec/antenna/tag/e2806894000040038662114f, 85
1652704609.449515, sdrt-health/mac:02010b41cdec/antenna/tag/e28068940000500386620d4f, 97
1652704609.465434, sdrt-health/mac:02010b41cdec/antenna/tag/e2806894000050038661fd4f, 91
1652704609.466006, sdrt-health/mac:02010b41cdec/antenna/tag/e28068940000500386620d4f, 97
1652704609.540878, sdrt-health/mac:02010b41cdec/antenna/tag/e28068940000500386620d4f, 83
1652704609.586437, sdrt-health/mac:02010b41cdec/antenna/tag/e2806894000050038662154f, 87
1652704609.63664, sdrt-health/mac:02010b41cdec/antenna/tag/e28068940000400386621d4f, 96
1652704609.693464, sdrt-health/mac:02010b41cdec/antenna/tag/e2806894000040038662114f, 93
1652704609.69391, sdrt-health/mac:02010b41cdec/antenna/tag/e28068940000400386621d4f, 77
1652704609.70914, sdrt-health/mac:02010b41cdec/antenna/tag/e2806894000050038661fd4f, 88
1652704609.716812, sdrt-health/mac:02010b41cdec/antenna/tag/e2806894000040038662114f, 93
1652704609.81271, sdrt-health/mac:02010b41cdec/antenna/tag/e2806894000050038662154f, 85
1652704609.817794, sdrt-health/mac:02010b41cdec/antenna/tag/e28068940000500386620d4f, 83
1652704609.879082, sdrt-health/mac:02010b41cdec/antenna/tag/e2806894000040038662114f, 85
1652704609.879714, sdrt-health/mac:02010b41cdec/antenna/tag/e2806894000050038661fd4f, 91
1652704609.896475, sdrt-health/mac:02010b41cdec/antenna/tag/e2806894000050038662154f, 93
1652704609.947151, sdrt-health/mac:02010b41cdec/antenna/tag/e2806894000050038661fd4f, 91
1652704609.955571, sdrt-health/mac:02010b41cdec/antenna/tag/e2806894000040038662114f, 85
1652704610.019065, sdrt-health/mac:02010b41cdec/antenna/tag/e28068940000500386620d4f, 83
1652704610.019605, sdrt-health/mac:02010b41cdec/antenna/tag/e28068940000400386621d4f, 77
1652704610.034838, sdrt-health/mac:02010b41cdec/antenna/tag/e2806894000050038662154f, 85
1652704610.035176, sdrt-health/mac:02010b41cdec/antenna/tag/e28068940000400386621d4f, 77
1652704610.042238, sdrt-health/mac:02010b41cdec/antenna/tag/e28068940000400386621d4f, 96
1652704610.088355, sdrt-health/mac:02010b41cdec/antenna/tag/e2806894000050038662154f, 85
1652704610.094316, sdrt-health/mac:02010b41cdec/antenna/tag/e2806894000040038662114f, 85
1652704610.157207, sdrt-health/mac:02010b41cdec/antenna/tag/e2806894000050038662154f, 93
1652704610.222513, sdrt-health/mac:02010b41cdec/antenna/tag/e2806894000050038662154f, 83
1652704610.286387, sdrt-health/mac:02010b41cdec/antenna/tag/e28068940000400386621d4f, 96
1652704610.286826, sdrt-health/mac:02010b41cdec/antenna/tag/e2806894000050038662154f, 85
1652704610.288388, sdrt-health/mac:02010b41cdec/antenna/tag/e28068940000500386620d4f, 83
1652704610.288782, sdrt-health/mac:02010b41cdec/antenna/tag/e2806894000050038661fd4f, 88
1652704610.30428, sdrt-health/mac:02010b41cdec/antenna/tag/e28068940000400386621d4f, 77
1652704610.356325, sdrt-health/mac:02010b41cdec/antenna/tag/e28068940000500386620d4f, 97
1652704610.417563, sdrt-health/mac:02010b41cdec/antenna/tag/e2806894000050038662154f, 85
1652704610.418146, sdrt-health/mac:02010b41cdec/antenna/tag/e28068940000400386621d4f, 96
1652704610.433063, sdrt-health/mac:02010b41cdec/antenna/tag/e2806894000050038661fd4f, 83
1652704610.436998, sdrt-health/mac:02010b41cdec/antenna/tag/e2806894000050038661fd4f, 91
1652704610.483362, sdrt-health/mac:02010b41cdec/antenna/tag/e28068940000500386620d4f, 97
1652704610.568563, sdrt-health/mac:02010b41cdec/antenna/tag/e28068940000500386620d4f, 97
1652704610.569068, sdrt-health/mac:02010b41cdec/antenna/tag/e2806894000050038661fd4f, 97
1652704610.569481, sdrt-health/mac:02010b41cdec/antenna/tag/e2806894000050038662154f, 85
1652704610.612933, sdrt-health/mac:02010b41cdec/antenna/tag/e28068940000400386621d4f, 77
1652704610.685867, sdrt-health/mac:02010b41cdec/antenna/tag/e2806894000050038662194f, 81
1652704610.686434, sdrt-health/mac:02010b41cdec/antenna/tag/e2806894000050038662154f, 85
1652704610.700115, sdrt-health/mac:02010b41cdec/antenna/tag/e2806894000050038661fd4f, 97
1652704610.703382, sdrt-health/mac:02010b41cdec/antenna/tag/e2806894000050038662154f, 85
1652704610.704022, sdrt-health/mac:02010b41cdec/antenna/tag/e2806894000050038662154f, 85
1652704610.754154, sdrt-health/mac:02010b41cdec/antenna/state, connected
1652704610.754631, sdrt-health/mac:02010b41cdec/fw, {"version":"1.8.1","model":"200","hash":"2f556501b58f1dad542af428d7928d18","timestamp":1652704607}
1652704610.755089, sdrt-health/mac:02010b41cdec/antenna/tag/e2806894000050038662154f, 85
1652704610.831998, sdrt-health/mac:02010b41cdec/antenna/tag/e28068940000500386620d4f, 83
1652704610.836276, sdrt-health/mac:02010b41cdec/antenna/tag/e2806894000050038662154f, 93
1652704610.901542, sdrt-health/mac:02010b41cdec/antenna/tag/e28068940000400386621d4f, 77
1652704610.969995, sdrt-health/mac:02010b41cdec/antenna/tag/e28068940000400386621d4f, 96
1652704610.979804, sdrt-health/mac:02010b41cdec/antenna/tag/e2806894000050038661fd4f, 97
1652704611.034564, sdrt-health/mac:02010b41cdec/antenna/tag/e2806894000050038661fd4f, 97
1652704611.100374, sdrt-health/mac:02010b41cdec/antenna/version, 
1652704611.139843, sdrt-health/mac:02010b41cdec/antenna/tag/e28068940000400386621d4f, 96
1652704611.185135, sdrt-health/mac:02010b41cdec/antenna/tag/e2806894000050038662194f, 83
1652704611.23745, sdrt-health/mac:02010b41cdec/antenna/tag/e2806894000050038662154f, 85
1652704611.292071, sdrt-health/mac:02010b41cdec/antenna/tag/e2806894000050038661fd4f, 88
1652704611.29241, sdrt-health/mac:02010b41cdec/antenna/tag/e2806894000040038662114f, 85
1652704611.292638, sdrt-health/mac:02010b41cdec/antenna/tag/e28068940000500386620d4f, 91
1652704611.335614, sdrt-health/mac:02010b41cdec/antenna/tag/e2806894000040038662114f, 85
1652704611.379847, sdrt-health/mac:02010b41cdec/antenna/tag/e2806894000050038662154f, 85
1652704611.381038, sdrt-health/mac:02010b41cdec/antenna/tag/e28068940000400386621d4f, 96
1652704611.39457, sdrt-health/mac:02010b41cdec/antenna/tag/e28068940000500386620d4f, 83
1652704611.426176, sdrt-health/mac:02010b41cdec/antenna/tag/e28068940000400386621d4f, 96
1652704611.475897, sdrt-health/mac:02010b41cdec/antenna/tag/e2806894000040038662114f, 85
1652704611.541747, sdrt-health/mac:02010b41cdec/antenna/tag/e2806894000050038661fd4f, 97
1652704611.586298, sdrt-health/mac:02010b41cdec/antenna/tag/e28068940000400386621d4f, 96
1652704611.653014, sdrt-health/mac:02010b41cdec/antenna/tag/e28068940000400386621d4f, 96
1652704611.653612, sdrt-health/mac:02010b41cdec/antenna/tag/e2806894000050038661fd4f, 91
1652704611.669086, sdrt-health/mac:02010b41cdec/antenna/tag/e2806894000040038662114f, 87
1652704611.677247, sdrt-health/mac:02010b41cdec/antenna/tag/e2806894000050038661fd4f, 91
1652704611.716888, sdrt-health/mac:02010b41cdec/antenna/tag/e2806894000040038662214f, 81
1652704611.773742, sdrt-health/mac:02010b41cdec/antenna/tag/e2806894000040038662214f, 94
1652704611.82495, sdrt-health/mac:02010b41cdec/antenna/tag/e2806894000040038662114f, 85
1652704611.875649, sdrt-health/mac:02010b41cdec/antenna/tag/e2806894000040038662114f, 85
1652704611.915627, sdrt-health/mac:02010b41cdec/antenna/tag/e2806894000040038662114f, 85
1652704611.977594, sdrt-health/mac:02010b41cdec/antenna/tag/e2806894000050038662154f, 85
1652704612.037353, sdrt-health/mac:02010b41cdec/antenna/tag/e2806894000050038661fd4f, 91
1652704612.070253, sdrt-health/mac:02010b41cdec/antenna/tag/e2806894000040038662114f, 88
1652704612.070638, sdrt-health/mac:02010b41cdec/antenna/tag/e2806894000050038661fd4f, 83
1652704612.070932, sdrt-health/mac:02010b41cdec/antenna/tag/e28068940000500386620d4f, 97
1652704612.086391, sdrt-health/mac:02010b41cdec/antenna/tag/e28068940000500386620d4f, 83
1652704612.124878, sdrt-health/mac:02010b41cdec/antenna/tag/e28068940000500386620d4f, 83
1652704612.1799, sdrt-health/mac:02010b41cdec/antenna/tag/e28068940000400386621d4f, 96
1652704612.268562, sdrt-health/mac:02010b41cdec/antenna/tag/e2806894000040038662114f, 88
1652704612.269026, sdrt-health/mac:02010b41cdec/antenna/tag/e28068940000400386621d4f, 77
1652704612.298113, sdrt-health/mac:02010b41cdec/antenna/tag/e2806894000050038661fd4f, 88
1652704612.357892, sdrt-health/mac:02010b41cdec/antenna/tag/e2806894000040038662114f, 85
1652704612.358361, sdrt-health/mac:02010b41cdec/antenna/tag/e28068940000500386620d4f, 97
1652704612.373813, sdrt-health/mac:02010b41cdec/antenna/tag/e28068940000500386620d4f, 97
1652704612.387314, sdrt-health/mac:02010b41cdec/antenna/tag/e28068940000500386620d4f, 97
1652704612.390568, sdrt-health/mac:02010b41cdec/antenna/tag/e2806894000040038662114f, 85
1652704612.436334, sdrt-health/mac:02010b41cdec/antenna/tag/e28068940000500386620d4f, 97
1652704612.494996, sdrt-health/mac:02010b41cdec/antenna/tag/e28068940000400386621d4f, 96
1652704612.495531, sdrt-health/mac:02010b41cdec/antenna/tag/e28068940000400386621d4f, 96
1652704612.495968, sdrt-health/mac:02010b41cdec/antenna/tag/e2806894000050038662154f, 85
1652704612.51414, sdrt-health/mac:02010b41cdec/antenna/tag/e2806894000040038662114f, 85
1652704612.514659, sdrt-health/mac:02010b41cdec/antenna/tag/e2806894000050038662154f, 85
1652704612.51705, sdrt-health/mac:02010b41cdec/antenna/tag/e2806894000050038662154f, 88
1652704612.536755, sdrt-health/mac:02010b41cdec/antenna/tag/e2806894000050038661fd4f, 97
1652704612.558742, sdrt-health/mac:02010b41cdec/antenna/tag/e2806894000050038662154f, 88
1652704612.652261, sdrt-health/mac:02010b41cdec/antenna/tag/e2806894000040038662114f, 85
1652704612.65274, sdrt-health/mac:02010b41cdec/antenna/tag/e2806894000040038662114f, 85
1652704612.678783, sdrt-health/mac:02010b41cdec/antenna/tag/e2806894000050038662154f, 87
1652704612.767352, sdrt-health/mac:02010b41cdec/antenna/tag/e28068940000500386620d4f, 97
1652704612.813532, sdrt-health/mac:02010b41cdec/antenna/tag/e2806894000050038662154f, 88
1652704612.857301, sdrt-health/mac:02010b41cdec/antenna/tag/e2806894000050038662154f, 85
1652704612.900547, sdrt-health/mac:02010b41cdec/antenna/tag/e28068940000400386621d4f, 96
1652704612.935561, sdrt-health/mac:02010b41cdec/antenna/tag/e28068940000500386620d4f, 97
1652704612.996511, sdrt-health/mac:02010b41cdec/antenna/tag/e28068940000500386620d4f, 97
1652704612.997022, sdrt-health/mac:02010b41cdec/antenna/tag/e2806894000050038661fd4f, 83
1652704613.05195, sdrt-health/mac:02010b41cdec/antenna/tag/e28068940000400386621d4f, 90
1652704613.10087, sdrt-health/mac:02010b41cdec/antenna/tag/e2806894000050038661fd4f, 83
1652704613.132709, sdrt-health/mac:02010b41cdec/antenna/tag/e2806894000050038661fd4f, 97
1652704613.133074, sdrt-health/mac:02010b41cdec/antenna/tag/e2806894000040038662114f, 85
1652704613.133318, sdrt-health/mac:02010b41cdec/antenna/tag/e2806894000050038662154f, 85
1652704613.147891, sdrt-health/mac:02010b41cdec/antenna/tag/e2806894000050038662154f, 87
1652704613.185544, sdrt-health/mac:02010b41cdec/antenna/tag/e28068940000400386621d4f, 77
1652704613.237406, sdrt-health/mac:02010b41cdec/antenna/tag/e28068940000500386620d4f, 83
1652704613.268978, sdrt-health/mac:02010b41cdec/antenna/tag/e2806894000040038662114f, 85
1652704613.269338, sdrt-health/mac:02010b41cdec/antenna/tag/e2806894000050038662154f, 87
1652704613.294564, sdrt-health/mac:02010b41cdec/antenna/tag/e2806894000040038662114f, 85
1652704613.335771, sdrt-health/mac:02010b41cdec/antenna/tag/e28068940000400386621d4f, 96
1652704613.379958, sdrt-health/mac:02010b41cdec/antenna/tag/e28068940000500386620d4f, 97
1652704613.411829, sdrt-health/mac:02010b41cdec/antenna/tag/e2806894000040038662114f, 85
1652704613.412237, sdrt-health/mac:02010b41cdec/antenna/tag/e28068940000400386621d4f, 90
1652704613.426519, sdrt-health/mac:02010b41cdec/antenna/tag/e28068940000500386620d4f, 97
1652704613.477522, sdrt-health/mac:02010b41cdec/antenna/tag/e28068940000500386620d4f, 97
1652704613.532601, sdrt-health/mac:02010b41cdec/antenna/tag/e2806894000050038662154f, 85
1652704613.533062, sdrt-health/mac:02010b41cdec/antenna/tag/e28068940000400386621d4f, 96
1652704613.556172, sdrt-health/mac:02010b41cdec/antenna/tag/e28068940000400386621d4f, 77
1652704613.612058, sdrt-health/mac:02010b41cdec/antenna/tag/e28068940000400386621d4f, 77
1652704613.612358, sdrt-health/mac:02010b41cdec/antenna/tag/e2806894000040038662114f, 85
1652704613.62705, sdrt-health/mac:02010b41cdec/antenna/tag/e28068940000400386621d4f, 77
1652704613.644792, sdrt-health/mac:02010b41cdec/antenna/tag/e2806894000040038662114f, 85
1652704613.708444, sdrt-health/mac:02010b41cdec/antenna/tag/e2806894000050038661fd4f, 91
1652704613.708916, sdrt-health/mac:02010b41cdec/antenna/tag/e2806894000040038662114f, 85
1652704613.725087, sdrt-health/mac:02010b41cdec/antenna/tag/e2806894000050038661fd4f, 91
1652704613.758448, sdrt-health/mac:02010b41cdec/antenna/tag/e2806894000050038661fd4f, 88
1652704613.758709, sdrt-health/mac:02010b41cdec/antenna/tag/e28068940000500386620d4f, 83
1652704613.779979, sdrt-health/mac:02010b41cdec/antenna/tag/e28068940000400386621d4f, 77
1652704613.815567, sdrt-health/mac:02010b41cdec/antenna/tag/e28068940000400386621d4f, 96
1652704613.877847, sdrt-health/mac:02010b41cdec/antenna/tag/e28068940000500386620d4f, 91
1652704613.878324, sdrt-health/mac:02010b41cdec/antenna/tag/e28068940000400386621d4f, 96
1652704613.893984, sdrt-health/mac:02010b41cdec/antenna/tag/e28068940000400386621d4f, 96
1652704613.905945, sdrt-health/mac:02010b41cdec/antenna/tag/e2806894000040038662114f, 85
1652704613.908933, sdrt-health/mac:02010b41cdec/antenna/tag/e28068940000400386621d4f, 96
1652704613.955671, sdrt-health/mac:02010b41cdec/antenna/tag/e28068940000400386621d4f, 90
1652704614.029202, sdrt-health/mac:02010b41cdec/antenna/tag/e2806894000040038662114f, 93
1652704614.029715, sdrt-health/mac:02010b41cdec/antenna/tag/e2806894000050038662154f, 85
1652704614.046488, sdrt-health/mac:02010b41cdec/antenna/tag/e28068940000500386620d4f, 83
1652704614.082948, sdrt-health/mac:02010b41cdec/antenna/tag/e2806894000040038662114f, 85
1652704614.083305, sdrt-health/mac:02010b41cdec/antenna/tag/e28068940000500386620d4f, 97
1652704614.10091, sdrt-health/mac:02010b41cdec/antenna/tag/e2806894000050038662194f, 83
1652704614.162186, sdrt-health/mac:02010b41cdec/antenna/tag/e28068940000500386620d4f, 83
1652704614.162755, sdrt-health/mac:02010b41cdec/antenna/tag/e2806894000050038661fd4f, 97
1652704614.206523, sdrt-health/mac:02010b41cdec/antenna/tag/e2806894000040038662054f, 88
1652704614.253632, sdrt-health/mac:02010b41cdec/antenna/tag/e28068940000400386621d4f, 77
1652704614.254545, sdrt-health/mac:02010b41cdec/antenna/tag/e2806894000050038661fd4f, 91
1652704614.269446, sdrt-health/mac:02010b41cdec/antenna/tag/e2806894000050038661fd4f, 88
1652704614.304975, sdrt-health/mac:02010b41cdec/antenna/tag/e2806894000050038662194f, 84
1652704614.372574, sdrt-health/mac:02010b41cdec/antenna/tag/e2806894000050038662154f, 83
1652704614.372954, sdrt-health/mac:02010b41cdec/antenna/tag/e28068940000400386621d4f, 96
1652704614.397164, sdrt-health/mac:02010b41cdec/antenna/tag/e2806894000050038662154f, 85
1652704614.436355, sdrt-health/mac:02010b41cdec/antenna/tag/e28068940000500386620d4f, 83
1652704614.476077, sdrt-health/mac:02010b41cdec/antenna/tag/e2806894000050038661fd4f, 91
1652704614.532818, sdrt-health/mac:02010b41cdec/antenna/tag/e28068940000400386621d4f, 96
1652704614.533275, sdrt-health/mac:02010b41cdec/antenna/tag/e2806894000040038662114f, 85
1652704614.549616, sdrt-health/mac:02010b41cdec/antenna/tag/e28068940000500386620d4f, 97
1652704614.557022, sdrt-health/mac:02010b41cdec/antenna/tag/e2806894000050038662154f, 85
1652704614.56671, sdrt-health/mac:02010b41cdec/antenna/tag/e2806894000050038661fd4f, 91
1652704614.597154, sdrt-health/mac:02010b41cdec/antenna/tag/e2806894000050038661fd4f, 85
1652704614.63671, sdrt-health/mac:02010b41cdec/antenna/tag/e2806894000040038662114f, 85
1652704614.675666, sdrt-health/mac:02010b41cdec/antenna/tag/e28068940000400386621d4f, 77
1652704614.733088, sdrt-health/mac:02010b41cdec/antenna/tag/e28068940000400386621d4f, 96
1652704614.791859, sdrt-health/mac:02010b41cdec/antenna/tag/e2806894000050038662194f, 84
1652704614.792312, sdrt-health/mac:02010b41cdec/antenna/tag/e2806894000050038662194f, 81
1652704614.807567, sdrt-health/mac:02010b41cdec/antenna/tag/e28068940000500386620d4f, 83
1652704614.81972, sdrt-health/mac:02010b41cdec/antenna/tag/e28068940000400386621d4f, 77
1652704614.823709, sdrt-health/mac:02010b41cdec/antenna/tag/e2806894000050038662154f, 93
1652704614.824032, sdrt-health/mac:02010b41cdec/antenna/tag/e2806894000050038661fd4f, 91
1652704614.867023, sdrt-health/mac:02010b41cdec/antenna/tag/e2806894000040038662214f, 81
1652704614.932194, sdrt-health/mac:02010b41cdec/antenna/tag/e28068940000400386621d4f, 77
1652704614.932827, sdrt-health/mac:02010b41cdec/antenna/tag/e2806894000040038662214f, 81
1652704614.987116, sdrt-health/mac:02010b41cdec/antenna/tag/e2806894000040038662114f, 85
1652704615.026318, sdrt-health/mac:02010b41cdec/antenna/tag/e2806894000050038662194f, 84
1652704615.076772, sdrt-health/mac:02010b41cdec/antenna/tag/e28068940000400386621d4f, 77
1652704615.131894, sdrt-health/mac:02010b41cdec/antenna/tag/e28068940000500386620d4f, 83
1652704615.132106, sdrt-health/mac:02010b41cdec/antenna/tag/e28068940000500386620d4f, 83
1652704615.147441, sdrt-health/mac:02010b41cdec/antenna/tag/e2806894000050038661fd4f, 88
1652704615.147682, sdrt-health/mac:02010b41cdec/antenna/tag/e28068940000500386620d4f, 97
1652704615.156087, sdrt-health/mac:02010b41cdec/antenna/tag/e2806894000040038662114f, 85
1652704615.196693, sdrt-health/mac:02010b41cdec/antenna/tag/e2806894000050038661fd4f, 88
1652704615.250474, sdrt-health/mac:02010b41cdec/antenna/tag/e2806894000050038662154f, 83
1652704615.250694, sdrt-health/mac:02010b41cdec/antenna/tag/e2806894000050038662154f, 88
1652704615.307484, sdrt-health/mac:02010b41cdec/antenna/tag/e2806894000050038662194f, 94
1652704615.354042, sdrt-health/mac:02010b41cdec/antenna/tag/e28068940000400386621d4f, 77
1652704615.396238, sdrt-health/mac:02010b41cdec/antenna/tag/e28068940000400386621d4f, 77
1652704615.452046, sdrt-health/mac:02010b41cdec/antenna/tag/e28068940000500386620d4f, 83
1652704615.452261, sdrt-health/mac:02010b41cdec/antenna/tag/e2806894000050038661fd4f, 91
1652704615.46746, sdrt-health/mac:02010b41cdec/antenna/tag/e2806894000050038661fd4f, 88
1652704615.475756, sdrt-health/mac:02010b41cdec/antenna/tag/e28068940000400386621d4f, 77
1652704615.51698, sdrt-health/mac:02010b41cdec/antenna/tag/e2806894000050038661fd4f, 91
1652704615.572637, sdrt-health/mac:02010b41cdec/antenna/tag/e28068940000400386621d4f, 96
1652704615.573099, sdrt-health/mac:02010b41cdec/antenna/tag/e28068940000400386621d4f, 96
1652704615.573482, sdrt-health/mac:02010b41cdec/antenna/tag/e2806894000050038661fd4f, 91
1652704615.58829, sdrt-health/mac:02010b41cdec/antenna/tag/e2806894000040038662114f, 85
1652704615.595335, sdrt-health/mac:02010b41cdec/antenna/tag/e2806894000050038661fd4f, 97
1652704615.635609, sdrt-health/mac:02010b41cdec/antenna/tag/e2806894000040038662114f, 85
1652704615.708276, sdrt-health/mac:02010b41cdec/antenna/tag/e28068940000500386620d4f, 83
1652704615.70872, sdrt-health/mac:02010b41cdec/antenna/tag/e28068940000400386621d4f, 96
1652704615.724158, sdrt-health/mac:02010b41cdec/antenna/tag/e28068940000500386620d4f, 83
1652704615.756844, sdrt-health/mac:02010b41cdec/antenna/tag/e2806894000050038661fd4f, 91
1652704615.757121, sdrt-health/mac:02010b41cdec/antenna/tag/e2806894000050038662154f, 85
1652704615.797002, sdrt-health/mac:02010b41cdec/antenna/tag/e28068940000400386621d4f, 77
1652704615.83645, sdrt-health/mac:02010b41cdec/antenna/tag/e2806894000050038662154f, 93
1652704615.867857, sdrt-health/mac:02010b41cdec/antenna/tag/e2806894000050038661fd4f, 91
1652704615.86813, sdrt-health/mac:02010b41cdec/antenna/tag/e28068940000400386621d4f, 77
1652704615.883618, sdrt-health/mac:02010b41cdec/antenna/tag/e2806894000050038661fd4f, 97
1652704615.932289, sdrt-health/mac:02010b41cdec/antenna/tag/e28068940000400386621d4f, 90
1652704616.000608, sdrt-health/mac:02010b41cdec/antenna/tag/e2806894000050038661fd4f, 97
1652704616.001091, sdrt-health/mac:02010b41cdec/antenna/tag/e28068940000400386621d4f, 96
1652704616.015899, sdrt-health/mac:02010b41cdec/antenna/tag/e2806894000050038661fd4f, 91
1652704616.016306, sdrt-health/mac:02010b41cdec/antenna/tag/e2806894000050038661fd4f, 97
1652704616.036463, sdrt-health/mac:02010b41cdec/antenna/tag/e2806894000050038662154f, 85
1652704616.076359, sdrt-health/mac:02010b41cdec/antenna/tag/e2806894000050038662154f, 85
1652704616.116506, sdrt-health/mac:02010b41cdec/antenna/tag/e28068940000400386621d4f, 96
1652704616.116714, sdrt-health/mac:02010b41cdec/antenna/tag/e28068940000500386620d4f, 97
1652704616.13361, sdrt-health/mac:02010b41cdec/antenna/tag/e2806894000050038661fd4f, 91
1652704616.15753, sdrt-health/mac:02010b41cdec/antenna/tag/e2806894000040038662114f, 85
1652704616.212079, sdrt-health/mac:02010b41cdec/antenna/tag/e28068940000400386621d4f, 96
1652704616.212355, sdrt-health/mac:02010b41cdec/antenna/tag/e2806894000050038661fd4f, 88
1652704616.227845, sdrt-health/mac:02010b41cdec/antenna/tag/e2806894000040038662114f, 85
1652704616.297335, sdrt-health/mac:02010b41cdec/antenna/tag/e2806894000050038662154f, 85
1652704616.376747, sdrt-health/mac:02010b41cdec/antenna/tag/e2806894000050038662154f, 93
1652704616.437171, sdrt-health/mac:02010b41cdec/antenna/tag/e28068940000500386620d4f, 83
1652704616.437564, sdrt-health/mac:02010b41cdec/antenna/tag/e2806894000050038661fd4f, 88
1652704616.456744, sdrt-health/mac:02010b41cdec/antenna/tag/e2806894000040038662114f, 85
1652704616.526462, sdrt-health/mac:02010b41cdec/antenna/tag/e2806894000050038661fd4f, 91
1652704616.572398, sdrt-health/mac:02010b41cdec/antenna/tag/e28068940000400386621d4f, 96
1652704616.616823, sdrt-health/mac:02010b41cdec/antenna/tag/e28068940000500386620d4f, 97
1652704616.692721, sdrt-health/mac:02010b41cdec/antenna/tag/e2806894000040038662114f, 93
1652704616.693229, sdrt-health/mac:02010b41cdec/antenna/tag/e2806894000050038662154f, 93
1652704616.7157, sdrt-health/mac:02010b41cdec/antenna/tag/e2806894000040038662114f, 85
1652704616.747481, sdrt-health/mac:02010b41cdec/antenna/tag/e2806894000040038662114f, 93
1652704616.7479, sdrt-health/mac:02010b41cdec/antenna/tag/e28068940000400386621d4f, 77
1652704616.763321, sdrt-health/mac:02010b41cdec/antenna/tag/e2806894000050038662154f, 93
1652704616.763631, sdrt-health/mac:02010b41cdec/antenna/tag/e2806894000050038662154f, 85
1652704616.795857, sdrt-health/mac:02010b41cdec/antenna/tag/e2806894000050038662154f, 88
1652704616.852256, sdrt-health/mac:02010b41cdec/antenna/tag/e2806894000050038661fd4f, 97
1652704616.852623, sdrt-health/mac:02010b41cdec/antenna/tag/e2806894000050038662154f, 88
1652704616.873229, sdrt-health/mac:02010b41cdec/antenna/tag/e28068940000400386621d4f, 96
1652704616.879158, sdrt-health/mac:02010b41cdec/antenna/tag/e28068940000500386620d4f, 97
1652704616.957131, sdrt-health/mac:02010b41cdec/antenna/tag/e2806894000050038661fd4f, 97
1652704616.996924, sdrt-health/mac:02010b41cdec/antenna/tag/e28068940000400386621d4f, 96
1652704617.068181, sdrt-health/mac:02010b41cdec/antenna/tag/e2806894000050038662154f, 85
1652704617.068739, sdrt-health/mac:02010b41cdec/antenna/tag/e2806894000050038662154f, 93
1652704617.116721, sdrt-health/mac:02010b41cdec/antenna/tag/e2806894000050038662194f, 81
1652704617.156033, sdrt-health/mac:02010b41cdec/antenna/tag/e2806894000040038662114f, 85
1652704617.196063, sdrt-health/mac:02010b41cdec/antenna/tag/e28068940000500386620d4f, 83
1652704617.2353, sdrt-health/mac:02010b41cdec/antenna/tag/e28068940000500386620d4f, 83
1652704617.290828, sdrt-health/mac:02010b41cdec/antenna/tag/e2806894000050038662154f, 85
1652704617.291204, sdrt-health/mac:02010b41cdec/antenna/tag/e28068940000400386621d4f, 96
1652704617.315628, sdrt-health/mac:02010b41cdec/antenna/tag/e2806894000040038662114f, 93
1652704617.356079, sdrt-health/mac:02010b41cdec/antenna/tag/e28068940000400386621d4f, 77
1652704617.357964, sdrt-health/mac:02010b41cdec/antenna/tag/e2806894000050038661fd4f, 91
1652704617.370518, sdrt-health/mac:02010b41cdec/antenna/tag/e28068940000500386620d4f, 83
1652704617.396912, sdrt-health/mac:02010b41cdec/antenna/tag/e2806894000050038662154f, 93
1652704617.450337, sdrt-health/mac:02010b41cdec/antenna/tag/e28068940000500386620d4f, 83
1652704617.450727, sdrt-health/mac:02010b41cdec/antenna/tag/e28068940000500386620d4f, 91
1652704617.475811, sdrt-health/mac:02010b41cdec/antenna/tag/e2806894000040038661f94f, 88
1652704617.529768, sdrt-health/mac:02010b41cdec/antenna/tag/e2806894000050038661fd4f, 97
1652704617.530293, sdrt-health/mac:02010b41cdec/antenna/tag/e2806894000050038662154f, 88
1652704617.555064, sdrt-health/mac:02010b41cdec/antenna/tag/e2806894000040038662114f, 93
1652704617.595907, sdrt-health/mac:02010b41cdec/antenna/tag/e28068940000400386621d4f, 96
1652704617.635632, sdrt-health/mac:02010b41cdec/antenna/tag/e2806894000050038662194f, 81
1652704617.675893, sdrt-health/mac:02010b41cdec/antenna/tag/e2806894000050038662154f, 93
1652704617.744813, sdrt-health/mac:02010b41cdec/antenna/tag/e28068940000400386621d4f, 96
1652704617.794481, sdrt-health/mac:02010b41cdec/antenna/tag/e2806894000040038662114f, 93
1652704617.82588, sdrt-health/mac:02010b41cdec/antenna/tag/e28068940000500386620d4f, 97
1652704617.826317, sdrt-health/mac:02010b41cdec/antenna/tag/e28068940000400386621d4f, 96
1652704617.851452, sdrt-health/mac:02010b41cdec/antenna/tag/e28068940000400386621d4f, 96
1652704617.961685, sdrt-health/mac:02010b41cdec/antenna/tag/e2806894000050038661fd4f, 83
1652704617.962048, sdrt-health/mac:02010b41cdec/antenna/tag/e2806894000050038662154f, 88
1652704618.027057, sdrt-health/mac:02010b41cdec/antenna/tag/e2806894000040038662114f, 85
1652704618.059721, sdrt-health/mac:02010b41cdec/antenna/tag/e2806894000050038661fd4f, 97
1652704618.060065, sdrt-health/mac:02010b41cdec/antenna/tag/e28068940000500386620d4f, 91
1652704618.060321, sdrt-health/mac:02010b41cdec/antenna/tag/e28068940000500386620d4f, 83
1652704618.075512, sdrt-health/mac:02010b41cdec/antenna/tag/e2806894000040038662114f, 85
1652704618.075788, sdrt-health/mac:02010b41cdec/antenna/tag/e2806894000050038662154f, 88
1652704618.115012, sdrt-health/mac:02010b41cdec/antenna/tag/e2806894000040038662114f, 93
1652704618.172685, sdrt-health/mac:02010b41cdec/antenna/tag/e2806894000050038661fd4f, 91
1652704618.173093, sdrt-health/mac:02010b41cdec/antenna/tag/e28068940000500386620d4f, 91
1652704618.189082, sdrt-health/mac:02010b41cdec/antenna/tag/e2806894000050038662154f, 85
1652704618.189518, sdrt-health/mac:02010b41cdec/antenna/tag/e28068940000500386620d4f, 97
1652704618.215852, sdrt-health/mac:02010b41cdec/antenna/tag/e2806894000040038662214f, 94
1652704618.259529, sdrt-health/mac:02010b41cdec/antenna/tag/e2806894000040038662214f, 88
1652704618.259983, sdrt-health/mac:02010b41cdec/antenna/tag/e2806894000050038662154f, 85
1652704618.296043, sdrt-health/mac:02010b41cdec/antenna/tag/e2806894000050038661fd4f, 91
1652704618.339921, sdrt-health/mac:02010b41cdec/antenna/tag/e2806894000050038662154f, 85
1652704618.375986, sdrt-health/mac:02010b41cdec/antenna/tag/e2806894000040038662114f, 87
1652704618.420404, sdrt-health/mac:02010b41cdec/antenna/tag/e2806894000050038662154f, 85
1652704618.57361, sdrt-health/mac:02010b41cdec/antenna/tag/e28068940000400386621d4f, 96
1652704618.57411, sdrt-health/mac:02010b41cdec/antenna/tag/e2806894000050038662154f, 85
1652704618.588449, sdrt-health/mac:02010b41cdec/antenna/tag/e2806894000050038662154f, 85
1652704618.588793, sdrt-health/mac:02010b41cdec/antenna/tag/e2806894000040038662114f, 85
1652704618.589012, sdrt-health/mac:02010b41cdec/antenna/tag/e2806894000050038662154f, 93
1652704618.606348, sdrt-health/mac:02010b41cdec/antenna/tag/e28068940000500386620d4f, 97
1652704618.606572, sdrt-health/mac:02010b41cdec/antenna/tag/e2806894000040038662114f, 88
1652704618.636351, sdrt-health/mac:02010b41cdec/antenna/tag/e2806894000050038661fd4f, 97
1652704618.638494, sdrt-health/mac:02010b41cdec/antenna/tag/e28068940000400386621d4f, 96
1652704618.677464, sdrt-health/mac:02010b41cdec/antenna/tag/e2806894000050038662154f, 93
1652704618.734206, sdrt-health/mac:02010b41cdec/antenna/tag/e28068940000500386620d4f, 83
1652704618.734733, sdrt-health/mac:02010b41cdec/antenna/tag/e28068940000500386620d4f, 97
1652704618.756344, sdrt-health/mac:02010b41cdec/antenna/tag/e28068940000500386620d4f, 91
1652704618.813315, sdrt-health/mac:02010b41cdec/antenna/tag/e2806894000050038661fd4f, 88
1652704618.814095, sdrt-health/mac:02010b41cdec/antenna/tag/e2806894000050038661fd4f, 91
1652704618.855828, sdrt-health/mac:02010b41cdec/antenna/tag/e2806894000040038662114f, 85
1652704618.916452, sdrt-health/mac:02010b41cdec/antenna/tag/e2806894000050038662154f, 93
1652704618.917037, sdrt-health/mac:02010b41cdec/antenna/tag/e2806894000040038662114f, 85
1652704618.948339, sdrt-health/mac:02010b41cdec/antenna/tag/e2806894000050038661fd4f, 97
1652704619.117899, sdrt-health/mac:02010b41cdec/antenna/tag/scan, scan stopped
