1652704157.095477, sdrt-health/mac:02010b41cdec/antenna/power/set, {"power": 290}
1652704158.17138, sdrt-health/mac:02010b41cdec/antenna/power/set, 
1652704162.120791, sdrt-health/mac:02010b41cdec/antenna/tag/scan, {"time": 20000}
1652704162.501857, sdrt-health/mac:02010b41cdec/antenna/tag/e28068940000400386621d4f, 96
1652704162.556108, sdrt-health/mac:02010b41cdec/antenna/tag/e28068940000400386621d4f, 77
1652704162.586179, sdrt-health/mac:02010b41cdec/antenna/tag/e2806894000040038662114f, 85
1652704162.586653, sdrt-health/mac:02010b41cdec/antenna/tag/e28068940000400386621d4f, 77
1652704162.601464, sdrt-health/mac:02010b41cdec/antenna/tag/e28068940000400386621d4f, 77
1652704162.638266, sdrt-health/mac:02010b41cdec/antenna/tag/e28068940000400386621d4f, 96
1652704162.678204, sdrt-health/mac:02010b41cdec/antenna/tag/e28068940000400386621d4f, 96
1652704162.718188, sdrt-health/mac:02010b41cdec/antenna/tag/e2806894000050038662154f, 88
1652704162.749412, sdrt-health/mac:02010b41cdec/antenna/tag/e2806894000050038662154f, 85
1652704162.749695, sdrt-health/mac:02010b41cdec/antenna/tag/e28068940000400386621d4f, 96
1652704162.777996, sdrt-health/mac:02010b41cdec/antenna/tag/e2806894000050038662194f, 88
1652704162.821727, sdrt-health/mac:02010b41cdec/antenna/tag/e2806894000050038661fd4f, 97
1652704162.882471, sdrt-health/mac:02010b41cdec/antenna/tag/e28068940000400386621d4f, 96
1652704162.88304, sdrt-health/mac:02010b41cdec/antenna/tag/e28068940000500386620d4f, 97
1652704162.916943, sdrt-health/mac:02010b41cdec/antenna/tag/e2806894000050038662194f, 88
1652704162.958078, sdrt-health/mac:02010b41cdec/antenna/tag/e2806894000050038661fd4f, 97
1652704163.032604, sdrt-health/mac:02010b41cdec/antenna/tag/e28068940000500386620d4f, 83
1652704163.033083, sdrt-health/mac:02010b41cdec/antenna/tag/e2806894000040038662114f, 85
1652704163.077716, sdrt-health/mac:02010b41cdec/antenna/tag/e28068940000400386621d4f, 77
1652704163.078213, sdrt-health/mac:02010b41cdec/antenna/tag/e28068940000400386621d4f, 77
1652704163.093635, sdrt-health/mac:02010b41cdec/antenna/tag/e28068940000400386621d4f, 77
1652704163.118428, sdrt-health/mac:02010b41cdec/antenna/tag/e2806894000040038662214f, 83
1652704163.158194, sdrt-health/mac:02010b41cdec/antenna/tag/e2806894000050038662194f, 82
1652704163.197692, sdrt-health/mac:02010b41cdec/antenna/tag/e28068940000400386621d4f, 96
1652704163.253118, sdrt-health/mac:02010b41cdec/antenna/tag/e28068940000400386621d4f, 96
1652704163.253492, sdrt-health/mac:02010b41cdec/antenna/tag/e28068940000400386621d4f, 96
1652704163.277436, sdrt-health/mac:02010b41cdec/antenna/tag/e28068940000400386621d4f, 96
1652704163.31718, sdrt-health/mac:02010b41cdec/antenna/tag/e28068940000500386620d4f, 91
1652704163.359461, sdrt-health/mac:02010b41cdec/antenna/tag/e2806894000050038661fd4f, 97
1652704163.432557, sdrt-health/mac:02010b41cdec/antenna/tag/e28068940000500386620d4f, 97
1652704163.432798, sdrt-health/mac:02010b41cdec/antenna/tag/e2806894000040038662214f, 94
1652704163.461394, sdrt-health/mac:02010b41cdec/antenna/tag/e28068940000500386620d4f, 97
1652704163.461749, sdrt-health/mac:02010b41cdec/antenna/tag/e2806894000050038662154f, 87
1652704163.508679, sdrt-health/mac:02010b41cdec/antenna/tag/e2806894000050038662154f, 87
1652704163.540805, sdrt-health/mac:02010b41cdec/antenna/tag/e2806894000040038662214f, 81
1652704163.541212, sdrt-health/mac:02010b41cdec/antenna/tag/e2806894000050038661fd4f, 91
1652704163.557891, sdrt-health/mac:02010b41cdec/antenna/tag/e2806894000050038661fd4f, 83
1652704163.614556, sdrt-health/mac:02010b41cdec/antenna/tag/e2806894000050038661fd4f, 83
1652704163.614863, sdrt-health/mac:02010b41cdec/antenna/tag/e28068940000400386621d4f, 96
1652704163.694465, sdrt-health/mac:02010b41cdec/antenna/tag/e2806894000050038661fd4f, 83
1652704163.775357, sdrt-health/mac:02010b41cdec/antenna/tag/e2806894000050038662154f, 88
1652704163.81091, sdrt-health/mac:02010b41cdec/antenna/tag/e28068940000500386620d4f, 97
1652704163.811373, sdrt-health/mac:02010b41cdec/antenna/tag/e2806894000040038662114f, 93
1652704163.825398, sdrt-health/mac:02010b41cdec/antenna/tag/e28068940000400386621d4f, 96
1652704163.878745, sdrt-health/mac:02010b41cdec/antenna/tag/e2806894000040038662114f, 88
1652704163.93282, sdrt-health/mac:02010b41cdec/antenna/tag/e2806894000050038662154f, 85
1652704163.933334, sdrt-health/mac:02010b41cdec/antenna/tag/e2806894000050038661fd4f, 97
1652704163.958537, sdrt-health/mac:02010b41cdec/antenna/tag/e2806894000050038661fd4f, 91
1652704163.999597, sdrt-health/mac:02010b41cdec/antenna/tag/e2806894000040038662114f, 85
1652704164.053792, sdrt-health/mac:02010b41cdec/antenna/tag/e2806894000050038661fd4f, 97
1652704164.094665, sdrt-health/mac:02010b41cdec/antenna/tag/e2806894000050038661fd4f, 83
1652704164.13809, sdrt-health/mac:02010b41cdec/antenna/tag/e28068940000500386620d4f, 97
1652704164.199887, sdrt-health/mac:02010b41cdec/antenna/tag/e2806894000050038662154f, 85
1652704164.200385, sdrt-health/mac:02010b41cdec/antenna/tag/e2806894000050038662154f, 88
1652704164.228755, sdrt-health/mac:02010b41cdec/antenna/tag/e2806894000050038662154f, 85
1652704164.262726, sdrt-health/mac:02010b41cdec/antenna/tag/e28068940000500386620d4f, 83
1652704164.262987, sdrt-health/mac:02010b41cdec/antenna/tag/e2806894000050038662154f, 85
1652704164.263171, sdrt-health/mac:02010b41cdec/antenna/tag/e2806894000040038662114f, 85
1652704164.279458, sdrt-health/mac:02010b41cdec/antenna/tag/e28068940000400386621d4f, 96
1652704164.310653, sdrt-health/mac:02010b41cdec/antenna/tag/e28068940000500386620d4f, 83
1652704164.310923, sdrt-health/mac:02010b41cdec/antenna/tag/e2806894000050038661fd4f, 97
1652704164.358661, sdrt-health/mac:02010b41cdec/antenna/tag/e28068940000500386620d4f, 97
1652704164.399343, sdrt-health/mac:02010b41cdec/antenna/tag/e28068940000500386620d4f, 97
1652704164.459222, sdrt-health/mac:02010b41cdec/antenna/tag/e2806894000040038662214f, 81
1652704164.502472, sdrt-health/mac:02010b41cdec/antenna/tag/e2806894000040038662214f, 88
1652704164.535098, sdrt-health/mac:02010b41cdec/antenna/tag/e2806894000050038662154f, 87
1652704164.535345, sdrt-health/mac:02010b41cdec/antenna/tag/e28068940000500386620d4f, 83
1652704164.549735, sdrt-health/mac:02010b41cdec/antenna/tag/e2806894000050038661fd4f, 91
1652704164.549969, sdrt-health/mac:02010b41cdec/antenna/tag/e2806894000040038662114f, 85
1652704164.598719, sdrt-health/mac:02010b41cdec/antenna/tag/e28068940000400386621d4f, 77
1652704164.654704, sdrt-health/mac:02010b41cdec/antenna/tag/e28068940000400386621d4f, 96
1652704164.687065, sdrt-health/mac:02010b41cdec/antenna/tag/e28068940000400386621d4f, 96
1652704164.687834, sdrt-health/mac:02010b41cdec/antenna/tag/e2806894000050038662154f, 88
1652704164.703543, sdrt-health/mac:02010b41cdec/antenna/tag/e28068940000400386621d4f, 96
1652704164.703871, sdrt-health/mac:02010b41cdec/antenna/tag/e2806894000040038662114f, 85
1652704164.761072, sdrt-health/mac:02010b41cdec/antenna/tag/e2806894000050038662154f, 85
1652704164.792228, sdrt-health/mac:02010b41cdec/antenna/tag/e2806894000040038662114f, 93
1652704164.792594, sdrt-health/mac:02010b41cdec/antenna/tag/e28068940000500386620d4f, 83
1652704164.807784, sdrt-health/mac:02010b41cdec/antenna/tag/e28068940000400386621d4f, 90
1652704164.808291, sdrt-health/mac:02010b41cdec/antenna/tag/e2806894000050038662154f, 88
1652704164.847775, sdrt-health/mac:02010b41cdec/antenna/tag/e2806894000050038662154f, 85
1652704164.894382, sdrt-health/mac:02010b41cdec/antenna/tag/e28068940000500386620d4f, 83
1652704164.955508, sdrt-health/mac:02010b41cdec/antenna/tag/e28068940000400386621d4f, 96
1652704164.956078, sdrt-health/mac:02010b41cdec/antenna/tag/e28068940000400386621d4f, 96
1652704164.982551, sdrt-health/mac:02010b41cdec/antenna/tag/e28068940000400386621d4f, 77
1652704165.030353, sdrt-health/mac:02010b41cdec/antenna/tag/e2806894000040038662114f, 88
1652704165.125755, sdrt-health/mac:02010b41cdec/antenna/tag/e2806894000050038662194f, 84
1652704165.126155, sdrt-health/mac:02010b41cdec/antenna/tag/e2806894000050038661fd4f, 97
1652704165.172445, sdrt-health/mac:02010b41cdec/antenna/tag/e2806894000050038662154f, 88
1652704165.231288, sdrt-health/mac:02010b41cdec/antenna/tag/e2806894000050038661fd4f, 97
1652704165.23301, sdrt-health/mac:02010b41cdec/antenna/tag/e2806894000050038662154f, 88
1652704165.277783, sdrt-health/mac:02010b41cdec/antenna/tag/e28068940000500386620d4f, 83
1652704165.317843, sdrt-health/mac:02010b41cdec/antenna/tag/e28068940000500386620d4f, 83
1652704165.377025, sdrt-health/mac:02010b41cdec/antenna/tag/e28068940000500386620d4f, 83
1652704165.377562, sdrt-health/mac:02010b41cdec/antenna/tag/e28068940000500386620d4f, 83
1652704165.408753, sdrt-health/mac:02010b41cdec/antenna/tag/e2806894000050038662194f, 81
1652704165.455001, sdrt-health/mac:02010b41cdec/antenna/tag/e28068940000400386621d4f, 77
1652704165.509181, sdrt-health/mac:02010b41cdec/antenna/tag/e2806894000050038662154f, 87
1652704165.558037, sdrt-health/mac:02010b41cdec/antenna/tag/e28068940000400386621d4f, 77
1652704165.589694, sdrt-health/mac:02010b41cdec/antenna/tag/e2806894000050038661fd4f, 97
1652704165.590064, sdrt-health/mac:02010b41cdec/antenna/tag/e28068940000500386620d4f, 83
1652704165.606604, sdrt-health/mac:02010b41cdec/antenna/tag/e2806894000050038662194f, 82
1652704165.640331, sdrt-health/mac:02010b41cdec/antenna/tag/e2806894000050038662154f, 93
1652704165.678146, sdrt-health/mac:02010b41cdec/antenna/tag/e2806894000040038662114f, 85
1652704165.717872, sdrt-health/mac:02010b41cdec/antenna/tag/e28068940000400386621d4f, 77
1652704165.71911, sdrt-health/mac:02010b41cdec/antenna/tag/e2806894000040038662214f, 88
1652704165.758835, sdrt-health/mac:02010b41cdec/antenna/tag/e2806894000050038662194f, 83
1652704165.799336, sdrt-health/mac:02010b41cdec/antenna/tag/e28068940000400386621d4f, 77
1652704165.854046, sdrt-health/mac:02010b41cdec/antenna/tag/e2806894000050038661fd4f, 88
1652704165.854546, sdrt-health/mac:02010b41cdec/antenna/tag/e2806894000050038662154f, 85
1652704165.868637, sdrt-health/mac:02010b41cdec/antenna/tag/e28068940000400386621d4f, 77
1652704165.877583, sdrt-health/mac:02010b41cdec/antenna/tag/e2806894000050038661fd4f, 88
1652704165.91747, sdrt-health/mac:02010b41cdec/antenna/tag/e2806894000050038662154f, 85
1652704165.957987, sdrt-health/mac:02010b41cdec/antenna/tag/e28068940000400386621d4f, 77
1652704166.030413, sdrt-health/mac:02010b41cdec/antenna/tag/e2806894000050038662194f, 82
1652704166.030901, sdrt-health/mac:02010b41cdec/antenna/tag/e28068940000400386621d4f, 77
1652704166.057682, sdrt-health/mac:02010b41cdec/antenna/tag/e2806894000050038662154f, 93
1652704166.123725, sdrt-health/mac:02010b41cdec/antenna/tag/e2806894000050038662194f, 87
1652704166.123929, sdrt-health/mac:02010b41cdec/antenna/tag/e28068940000500386620d4f, 83
1652704166.138584, sdrt-health/mac:02010b41cdec/antenna/tag/e2806894000050038662154f, 85
1652704166.138789, sdrt-health/mac:02010b41cdec/antenna/tag/e28068940000400386621d4f, 77
1652704166.138933, sdrt-health/mac:02010b41cdec/antenna/tag/e2806894000050038662194f, 83
1652704166.147504, sdrt-health/mac:02010b41cdec/antenna/tag/e2806894000040038662114f, 85
1652704166.205248, sdrt-health/mac:02010b41cdec/antenna/tag/e2806894000050038662194f, 84
1652704166.265431, sdrt-health/mac:02010b41cdec/antenna/tag/e2806894000050038662194f, 84
1652704166.298709, sdrt-health/mac:02010b41cdec/antenna/tag/e2806894000050038662154f, 83
1652704166.299092, sdrt-health/mac:02010b41cdec/antenna/tag/e28068940000500386620d4f, 83
1652704166.315152, sdrt-health/mac:02010b41cdec/antenna/tag/e28068940000500386620d4f, 83
1652704166.364623, sdrt-health/mac:02010b41cdec/antenna/tag/e2806894000050038661fd4f, 97
1652704166.429017, sdrt-health/mac:02010b41cdec/antenna/tag/e28068940000500386620d4f, 97
1652704166.429441, sdrt-health/mac:02010b41cdec/antenna/tag/e2806894000050038661fd4f, 83
1652704166.466207, sdrt-health/mac:02010b41cdec/antenna/tag/e28068940000500386620d4f, 83
1652704166.532162, sdrt-health/mac:02010b41cdec/antenna/tag/e2806894000040038662114f, 88
1652704166.532692, sdrt-health/mac:02010b41cdec/antenna/tag/e2806894000050038662194f, 87
1652704166.547175, sdrt-health/mac:02010b41cdec/antenna/tag/e2806894000050038662154f, 85
1652704166.579059, sdrt-health/mac:02010b41cdec/antenna/tag/e2806894000050038661fd4f, 97
1652704166.579335, sdrt-health/mac:02010b41cdec/antenna/tag/e2806894000050038662194f, 81
1652704166.579536, sdrt-health/mac:02010b41cdec/antenna/tag/e2806894000040038662114f, 85
1652704166.579731, sdrt-health/mac:02010b41cdec/antenna/tag/e2806894000050038661fd4f, 91
1652704166.597485, sdrt-health/mac:02010b41cdec/antenna/tag/e2806894000050038661fd4f, 91
1652704166.637343, sdrt-health/mac:02010b41cdec/antenna/tag/e28068940000500386620d4f, 83
1652704166.677625, sdrt-health/mac:02010b41cdec/antenna/tag/e28068940000500386620d4f, 83
1652704166.73389, sdrt-health/mac:02010b41cdec/antenna/tag/e2806894000050038662154f, 88
1652704166.857139, sdrt-health/mac:02010b41cdec/antenna/tag/e28068940000500386620d4f, 83
1652704166.857609, sdrt-health/mac:02010b41cdec/antenna/tag/e2806894000040038662114f, 85
1652704166.872846, sdrt-health/mac:02010b41cdec/antenna/tag/e28068940000500386620d4f, 83
1652704166.873153, sdrt-health/mac:02010b41cdec/antenna/tag/e2806894000040038662114f, 88
1652704166.901997, sdrt-health/mac:02010b41cdec/antenna/tag/e2806894000050038662154f, 85
1652704166.956737, sdrt-health/mac:02010b41cdec/antenna/tag/e2806894000050038662154f, 85
1652704166.986303, sdrt-health/mac:02010b41cdec/antenna/tag/e2806894000050038661fd4f, 91
1652704166.986616, sdrt-health/mac:02010b41cdec/antenna/tag/e28068940000400386621d4f, 77
1652704167.001568, sdrt-health/mac:02010b41cdec/antenna/tag/e2806894000050038661fd4f, 91
1652704167.067718, sdrt-health/mac:02010b41cdec/antenna/tag/e28068940000500386620d4f, 83
1652704167.107681, sdrt-health/mac:02010b41cdec/antenna/tag/e2806894000050038662154f, 85
1652704167.157947, sdrt-health/mac:02010b41cdec/antenna/tag/e28068940000400386621d4f, 77
1652704167.217075, sdrt-health/mac:02010b41cdec/antenna/tag/e28068940000500386620d4f, 83
1652704167.217542, sdrt-health/mac:02010b41cdec/antenna/tag/e2806894000040038662114f, 85
1652704167.23532, sdrt-health/mac:02010b41cdec/antenna/tag/e28068940000500386620d4f, 83
1652704167.238537, sdrt-health/mac:02010b41cdec/antenna/tag/e2806894000050038661fd4f, 91
1652704167.2514, sdrt-health/mac:02010b41cdec/antenna/tag/e2806894000040038662114f, 85
1652704167.277953, sdrt-health/mac:02010b41cdec/antenna/tag/e2806894000050038662154f, 85
1652704167.317505, sdrt-health/mac:02010b41cdec/antenna/tag/e28068940000400386621d4f, 96
1652704167.359623, sdrt-health/mac:02010b41cdec/antenna/tag/e2806894000050038661fd4f, 91
1652704167.398377, sdrt-health/mac:02010b41cdec/antenna/tag/e2806894000050038662154f, 88
1652704167.429558, sdrt-health/mac:02010b41cdec/antenna/tag/e2806894000040038662114f, 93
1652704167.429886, sdrt-health/mac:02010b41cdec/antenna/tag/e2806894000050038662154f, 85
1652704167.430083, sdrt-health/mac:02010b41cdec/antenna/tag/e2806894000040038662114f, 85
1652704167.463978, sdrt-health/mac:02010b41cdec/antenna/tag/e2806894000050038662154f, 93
1652704167.507811, sdrt-health/mac:02010b41cdec/antenna/tag/e2806894000050038661fd4f, 91
1652704167.560347, sdrt-health/mac:02010b41cdec/antenna/tag/e2806894000050038662154f, 85
1652704167.614883, sdrt-health/mac:02010b41cdec/antenna/tag/e2806894000050038661fd4f, 83
1652704167.656174, sdrt-health/mac:02010b41cdec/antenna/tag/e2806894000040038661f94f, 83
1652704167.65663, sdrt-health/mac:02010b41cdec/antenna/tag/e28068940000500386620d4f, 97
1652704167.672532, sdrt-health/mac:02010b41cdec/antenna/tag/e2806894000040038662114f, 85
1652704167.708301, sdrt-health/mac:02010b41cdec/antenna/tag/e2806894000040038662114f, 88
1652704167.748616, sdrt-health/mac:02010b41cdec/antenna/tag/e28068940000400386621d4f, 96
1652704167.81575, sdrt-health/mac:02010b41cdec/antenna/tag/e2806894000050038661fd4f, 97
1652704167.816306, sdrt-health/mac:02010b41cdec/antenna/tag/e2806894000050038662154f, 85
1652704167.836876, sdrt-health/mac:02010b41cdec/antenna/tag/e2806894000040038662114f, 88
1652704167.878417, sdrt-health/mac:02010b41cdec/antenna/tag/e2806894000050038661fd4f, 83
1652704167.934803, sdrt-health/mac:02010b41cdec/antenna/tag/e2806894000040038662114f, 85
1652704167.978681, sdrt-health/mac:02010b41cdec/antenna/tag/e2806894000050038662154f, 88
1652704168.026037, sdrt-health/mac:02010b41cdec/antenna/tag/e2806894000050038661fd4f, 97
1652704168.084857, sdrt-health/mac:02010b41cdec/antenna/tag/e2806894000050038661fd4f, 91
1652704168.08563, sdrt-health/mac:02010b41cdec/antenna/tag/e2806894000050038661fd4f, 91
1652704168.104527, sdrt-health/mac:02010b41cdec/antenna/tag/e28068940000400386621d4f, 90
1652704168.119061, sdrt-health/mac:02010b41cdec/antenna/tag/e2806894000050038661fd4f, 91
1652704168.121586, sdrt-health/mac:02010b41cdec/antenna/tag/e28068940000400386621d4f, 77
1652704168.157719, sdrt-health/mac:02010b41cdec/antenna/tag/e2806894000050038661fd4f, 91
1652704168.214245, sdrt-health/mac:02010b41cdec/antenna/tag/e2806894000050038661fd4f, 88
1652704168.214687, sdrt-health/mac:02010b41cdec/antenna/tag/e2806894000040038662114f, 85
1652704168.230566, sdrt-health/mac:02010b41cdec/antenna/tag/e2806894000050038662154f, 85
1652704168.239469, sdrt-health/mac:02010b41cdec/antenna/tag/e28068940000500386620d4f, 97
1652704168.287982, sdrt-health/mac:02010b41cdec/antenna/tag/e2806894000050038662154f, 85
1652704168.358515, sdrt-health/mac:02010b41cdec/antenna/tag/e2806894000040038662114f, 85
1652704168.358954, sdrt-health/mac:02010b41cdec/antenna/tag/e2806894000050038662154f, 88
1652704168.373743, sdrt-health/mac:02010b41cdec/antenna/tag/e28068940000500386620d4f, 97
1652704168.413086, sdrt-health/mac:02010b41cdec/antenna/tag/e28068940000400386621d4f, 96
1652704168.413332, sdrt-health/mac:02010b41cdec/antenna/tag/e28068940000400386621d4f, 77
1652704168.440415, sdrt-health/mac:02010b41cdec/antenna/tag/e28068940000500386620d4f, 83
1652704168.472747, sdrt-health/mac:02010b41cdec/antenna/tag/e28068940000500386620d4f, 97
1652704168.473179, sdrt-health/mac:02010b41cdec/antenna/tag/e2806894000040038662114f, 85
1652704168.488277, sdrt-health/mac:02010b41cdec/antenna/tag/e2806894000040038662114f, 85
1652704168.517548, sdrt-health/mac:02010b41cdec/antenna/tag/e28068940000400386621d4f, 96
1652704168.574895, sdrt-health/mac:02010b41cdec/antenna/tag/e28068940000400386621d4f, 96
1652704168.610296, sdrt-health/mac:02010b41cdec/antenna/tag/e2806894000050038662154f, 85
1652704168.610543, sdrt-health/mac:02010b41cdec/antenna/tag/e2806894000040038662114f, 93
1652704168.6391, sdrt-health/mac:02010b41cdec/antenna/tag/e2806894000040038662114f, 85
1652704168.674273, sdrt-health/mac:02010b41cdec/antenna/tag/e2806894000040038662114f, 85
1652704168.674745, sdrt-health/mac:02010b41cdec/antenna/tag/e2806894000050038661fd4f, 91
1652704168.697714, sdrt-health/mac:02010b41cdec/antenna/tag/e2806894000040038662114f, 85
1652704168.762043, sdrt-health/mac:02010b41cdec/antenna/tag/e28068940000400386621d4f, 90
1652704168.762486, sdrt-health/mac:02010b41cdec/antenna/tag/e2806894000050038661fd4f, 83
1652704168.796127, sdrt-health/mac:02010b41cdec/antenna/tag/e2806894000050038661fd4f, 97
1652704168.857544, sdrt-health/mac:02010b41cdec/antenna/tag/e2806894000040038662114f, 85
1652704168.857989, sdrt-health/mac:02010b41cdec/antenna/tag/e28068940000400386621d4f, 96
1652704168.87556, sdrt-health/mac:02010b41cdec/antenna/tag/e2806894000050038662154f, 88
1652704168.876153, sdrt-health/mac:02010b41cdec/antenna/tag/e2806894000050038661fd4f, 97
1652704168.902336, sdrt-health/mac:02010b41cdec/antenna/tag/e2806894000050038662154f, 85
1652704168.948898, sdrt-health/mac:02010b41cdec/antenna/tag/e2806894000050038661fd4f, 97
1652704168.997794, sdrt-health/mac:02010b41cdec/antenna/tag/e2806894000050038662154f, 93
1652704169.037997, sdrt-health/mac:02010b41cdec/antenna/tag/e2806894000040038662214f, 84
1652704169.069389, sdrt-health/mac:02010b41cdec/antenna/tag/e2806894000050038661fd4f, 97
1652704169.069634, sdrt-health/mac:02010b41cdec/antenna/tag/e2806894000050038661fd4f, 91
1652704169.084839, sdrt-health/mac:02010b41cdec/antenna/tag/e2806894000050038661fd4f, 91
1652704169.085065, sdrt-health/mac:02010b41cdec/antenna/tag/e28068940000500386620d4f, 97
1652704169.140905, sdrt-health/mac:02010b41cdec/antenna/tag/e28068940000500386620d4f, 83
1652704169.178477, sdrt-health/mac:02010b41cdec/antenna/tag/e2806894000040038662114f, 85
1652704169.239514, sdrt-health/mac:02010b41cdec/antenna/tag/e28068940000400386621d4f, 96
1652704169.239963, sdrt-health/mac:02010b41cdec/antenna/tag/e28068940000400386621d4f, 96
1652704169.267423, sdrt-health/mac:02010b41cdec/antenna/tag/e28068940000400386621d4f, 96
1652704169.336008, sdrt-health/mac:02010b41cdec/antenna/tag/e28068940000500386620d4f, 97
1652704169.336386, sdrt-health/mac:02010b41cdec/antenna/tag/e28068940000500386620d4f, 83
1652704169.351629, sdrt-health/mac:02010b41cdec/antenna/tag/e2806894000050038661fd4f, 97
1652704169.375562, sdrt-health/mac:02010b41cdec/antenna/tag/e28068940000400386621d4f, 96
1652704169.445141, sdrt-health/mac:02010b41cdec/antenna/tag/e2806894000050038662154f, 85
1652704169.445685, sdrt-health/mac:02010b41cdec/antenna/tag/e2806894000050038662194f, 88
1652704169.461447, sdrt-health/mac:02010b41cdec/antenna/tag/e2806894000050038662154f, 85
1652704169.461703, sdrt-health/mac:02010b41cdec/antenna/tag/e28068940000500386620d4f, 83
1652704169.461878, sdrt-health/mac:02010b41cdec/antenna/tag/e2806894000040038662114f, 88
1652704169.480941, sdrt-health/mac:02010b41cdec/antenna/tag/e2806894000050038662154f, 85
1652704169.561542, sdrt-health/mac:02010b41cdec/antenna/tag/e28068940000500386620d4f, 83
1652704169.561887, sdrt-health/mac:02010b41cdec/antenna/tag/e2806894000040038662214f, 94
1652704169.588858, sdrt-health/mac:02010b41cdec/antenna/tag/e28068940000500386620d4f, 97
1652704169.638953, sdrt-health/mac:02010b41cdec/antenna/tag/e28068940000400386621d4f, 77
1652704169.693857, sdrt-health/mac:02010b41cdec/antenna/tag/e2806894000040038662114f, 85
1652704169.747443, sdrt-health/mac:02010b41cdec/antenna/tag/e28068940000400386621d4f, 96
1652704169.779222, sdrt-health/mac:02010b41cdec/antenna/tag/e2806894000040038662114f, 93
1652704169.77953, sdrt-health/mac:02010b41cdec/antenna/tag/e28068940000500386620d4f, 91
1652704169.807987, sdrt-health/mac:02010b41cdec/antenna/tag/e2806894000050038662154f, 88
1652704169.870524, sdrt-health/mac:02010b41cdec/antenna/tag/e28068940000500386620d4f, 97
1652704169.871068, sdrt-health/mac:02010b41cdec/antenna/tag/e2806894000040038662114f, 93
1652704169.886393, sdrt-health/mac:02010b41cdec/antenna/tag/e28068940000400386621d4f, 96
1652704169.898666, sdrt-health/mac:02010b41cdec/antenna/tag/e2806894000050038661fd4f, 97
1652704169.90235, sdrt-health/mac:02010b41cdec/antenna/tag/e28068940000500386620d4f, 97
1652704169.941914, sdrt-health/mac:02010b41cdec/antenna/tag/e28068940000500386620d4f, 97
1652704169.988611, sdrt-health/mac:02010b41cdec/antenna/tag/e2806894000050038662154f, 87
1652704170.041445, sdrt-health/mac:02010b41cdec/antenna/tag/e2806894000050038661fd4f, 91
1652704170.095368, sdrt-health/mac:02010b41cdec/antenna/tag/e28068940000400386621d4f, 77
1652704170.095575, sdrt-health/mac:02010b41cdec/antenna/tag/e28068940000500386620d4f, 91
1652704170.118868, sdrt-health/mac:02010b41cdec/antenna/tag/e2806894000050038662154f, 88
1652704170.182002, sdrt-health/mac:02010b41cdec/antenna/tag/e2806894000050038661fd4f, 83
1652704170.219165, sdrt-health/mac:02010b41cdec/antenna/tag/e28068940000400386621d4f, 90
1652704170.277222, sdrt-health/mac:02010b41cdec/antenna/tag/e2806894000050038661fd4f, 83
1652704170.277667, sdrt-health/mac:02010b41cdec/antenna/tag/e2806894000050038662154f, 88
1652704170.294023, sdrt-health/mac:02010b41cdec/antenna/tag/e28068940000500386620d4f, 83
1652704170.308278, sdrt-health/mac:02010b41cdec/antenna/tag/e28068940000500386620d4f, 83
1652704170.357774, sdrt-health/mac:02010b41cdec/antenna/tag/e28068940000500386620d4f, 83
1652704170.413857, sdrt-health/mac:02010b41cdec/antenna/tag/e2806894000050038662154f, 85
1652704170.414297, sdrt-health/mac:02010b41cdec/antenna/tag/e28068940000500386620d4f, 97
1652704170.429924, sdrt-health/mac:02010b41cdec/antenna/tag/e2806894000050038661fd4f, 83
1652704170.463187, sdrt-health/mac:02010b41cdec/antenna/tag/e2806894000050038661fd4f, 83
1652704170.463478, sdrt-health/mac:02010b41cdec/antenna/tag/e2806894000050038662194f, 84
1652704170.463686, sdrt-health/mac:02010b41cdec/antenna/tag/e2806894000050038661fd4f, 91
1652704170.47942, sdrt-health/mac:02010b41cdec/antenna/tag/e28068940000400386621d4f, 96
1652704170.479631, sdrt-health/mac:02010b41cdec/antenna/tag/e28068940000500386620d4f, 83
1652704170.517785, sdrt-health/mac:02010b41cdec/antenna/tag/e2806894000050038662154f, 85
1652704170.54831, sdrt-health/mac:02010b41cdec/antenna/tag/e2806894000050038662194f, 83
1652704170.599038, sdrt-health/mac:02010b41cdec/antenna/tag/e2806894000050038661fd4f, 97
1652704170.631342, sdrt-health/mac:02010b41cdec/antenna/tag/e28068940000500386620d4f, 97
1652704170.631577, sdrt-health/mac:02010b41cdec/antenna/tag/e28068940000400386621d4f, 96
1652704170.647246, sdrt-health/mac:02010b41cdec/antenna/tag/e2806894000050038661fd4f, 83
1652704170.677713, sdrt-health/mac:02010b41cdec/antenna/tag/e2806894000050038662154f, 85
1652704170.717576, sdrt-health/mac:02010b41cdec/antenna/tag/e28068940000500386620d4f, 83
1652704170.775395, sdrt-health/mac:02010b41cdec/antenna/tag/e2806894000050038662154f, 88
1652704170.775889, sdrt-health/mac:02010b41cdec/antenna/tag/e2806894000050038661fd4f, 91
1652704170.796956, sdrt-health/mac:02010b41cdec/antenna/tag/e2806894000040038662114f, 85
1652704170.853425, sdrt-health/mac:02010b41cdec/antenna/tag/e28068940000500386620d4f, 97
1652704170.853877, sdrt-health/mac:02010b41cdec/antenna/tag/e2806894000040038662114f, 85
1652704170.878966, sdrt-health/mac:02010b41cdec/antenna/tag/e28068940000500386620d4f, 97
1652704170.935374, sdrt-health/mac:02010b41cdec/antenna/tag/e2806894000050038661fd4f, 91
1652704170.935961, sdrt-health/mac:02010b41cdec/antenna/tag/e2806894000050038662154f, 93
1652704170.987775, sdrt-health/mac:02010b41cdec/antenna/tag/e2806894000050038662154f, 93
1652704171.036955, sdrt-health/mac:02010b41cdec/antenna/tag/e2806894000040038662214f, 94
1652704171.078328, sdrt-health/mac:02010b41cdec/antenna/tag/e2806894000050038661fd4f, 88
1652704171.13456, sdrt-health/mac:02010b41cdec/antenna/tag/e28068940000500386620d4f, 83
1652704171.167595, sdrt-health/mac:02010b41cdec/antenna/tag/e2806894000050038661fd4f, 97
1652704171.167881, sdrt-health/mac:02010b41cdec/antenna/tag/e2806894000040038662114f, 85
1652704171.18521, sdrt-health/mac:02010b41cdec/antenna/tag/e28068940000500386620d4f, 83
1652704171.185432, sdrt-health/mac:02010b41cdec/antenna/tag/e2806894000050038662154f, 88
1652704171.185557, sdrt-health/mac:02010b41cdec/antenna/tag/e2806894000050038662154f, 85
1652704171.18568, sdrt-health/mac:02010b41cdec/antenna/tag/e2806894000050038661fd4f, 97
1652704171.238026, sdrt-health/mac:02010b41cdec/antenna/tag/e2806894000050038661fd4f, 97
1652704171.311093, sdrt-health/mac:02010b41cdec/antenna/tag/e2806894000040038662114f, 88
1652704171.311508, sdrt-health/mac:02010b41cdec/antenna/tag/e2806894000050038662154f, 88
1652704171.338115, sdrt-health/mac:02010b41cdec/antenna/tag/e2806894000040038662114f, 85
1652704171.3821, sdrt-health/mac:02010b41cdec/antenna/tag/e2806894000040038662114f, 88
1652704171.427729, sdrt-health/mac:02010b41cdec/antenna/tag/e28068940000500386620d4f, 83
1652704171.461204, sdrt-health/mac:02010b41cdec/antenna/tag/e2806894000050038662154f, 85
1652704171.461577, sdrt-health/mac:02010b41cdec/antenna/tag/e28068940000400386621d4f, 96
1652704171.478164, sdrt-health/mac:02010b41cdec/antenna/tag/e28068940000400386621d4f, 77
1652704171.518281, sdrt-health/mac:02010b41cdec/antenna/tag/e2806894000040038662114f, 85
1652704171.575038, sdrt-health/mac:02010b41cdec/antenna/tag/e28068940000400386621d4f, 77
1652704171.575522, sdrt-health/mac:02010b41cdec/antenna/tag/e2806894000050038661fd4f, 88
1652704171.591766, sdrt-health/mac:02010b41cdec/antenna/tag/e2806894000050038662194f, 94
1652704171.614019, sdrt-health/mac:02010b41cdec/antenna/tag/e2806894000050038662194f, 88
1652704171.668239, sdrt-health/mac:02010b41cdec/antenna/tag/e2806894000050038662154f, 85
1652704171.733393, sdrt-health/mac:02010b41cdec/antenna/tag/e2806894000050038661fd4f, 97
1652704171.73385, sdrt-health/mac:02010b41cdec/antenna/tag/e2806894000050038662194f, 81
1652704171.774225, sdrt-health/mac:02010b41cdec/antenna/tag/e2806894000040038662114f, 85
1652704171.817918, sdrt-health/mac:02010b41cdec/antenna/tag/e2806894000050038662154f, 85
1652704171.849706, sdrt-health/mac:02010b41cdec/antenna/tag/e28068940000400386621d4f, 96
1652704171.850099, sdrt-health/mac:02010b41cdec/antenna/tag/e2806894000050038661fd4f, 97
1652704171.850365, sdrt-health/mac:02010b41cdec/antenna/tag/e28068940000400386621d4f, 96
1652704171.870031, sdrt-health/mac:02010b41cdec/antenna/tag/e28068940000400386621d4f, 77
1652704171.909213, sdrt-health/mac:02010b41cdec/antenna/tag/e2806894000050038662194f, 81
1652704171.975304, sdrt-health/mac:02010b41cdec/antenna/tag/e28068940000400386621d4f, 77
1652704171.97576, sdrt-health/mac:02010b41cdec/antenna/tag/e2806894000050038662154f, 85
1652704171.992606, sdrt-health/mac:02010b41cdec/antenna/tag/e2806894000050038662194f, 94
1652704171.9981, sdrt-health/mac:02010b41cdec/antenna/tag/e2806894000050038662194f, 84
1652704172.081153, sdrt-health/mac:02010b41cdec/antenna/tag/e2806894000050038662194f, 81
1652704172.175218, sdrt-health/mac:02010b41cdec/antenna/tag/e2806894000040038662214f, 88
1652704172.218572, sdrt-health/mac:02010b41cdec/antenna/tag/e2806894000050038661fd4f, 91
1652704172.261796, sdrt-health/mac:02010b41cdec/antenna/tag/e28068940000500386620d4f, 86
1652704172.316088, sdrt-health/mac:02010b41cdec/antenna/tag/e2806894000050038662194f, 88
1652704172.376013, sdrt-health/mac:02010b41cdec/antenna/tag/e2806894000050038662154f, 93
1652704172.376473, sdrt-health/mac:02010b41cdec/antenna/tag/e2806894000050038662154f, 93
1652704172.423328, sdrt-health/mac:02010b41cdec/antenna/tag/e2806894000050038662154f, 93
1652704172.471051, sdrt-health/mac:02010b41cdec/antenna/tag/e2806894000050038661fd4f, 91
1652704172.517802, sdrt-health/mac:02010b41cdec/antenna/tag/e28068940000500386620d4f, 83
1652704172.573336, sdrt-health/mac:02010b41cdec/antenna/tag/e28068940000500386620d4f, 83
1652704172.573852, sdrt-health/mac:02010b41cdec/antenna/tag/e2806894000040038662114f, 93
1652704172.590461, sdrt-health/mac:02010b41cdec/antenna/tag/e28068940000500386620d4f, 83
1652704172.628109, sdrt-health/mac:02010b41cdec/antenna/tag/e2806894000050038662154f, 85
1652704172.628352, sdrt-health/mac:02010b41cdec/antenna/tag/e2806894000050038662194f, 83
1652704172.644342, sdrt-health/mac:02010b41cdec/antenna/tag/e2806894000050038662154f, 87
1652704172.644596, sdrt-health/mac:02010b41cdec/antenna/tag/e2806894000050038662194f, 94
1652704172.661203, sdrt-health/mac:02010b41cdec/antenna/tag/e2806894000040038662114f, 85
1652704172.708808, sdrt-health/mac:02010b41cdec/antenna/tag/e2806894000050038662194f, 88
1652704172.758413, sdrt-health/mac:02010b41cdec/antenna/tag/e2806894000050038662154f, 93
1652704172.815234, sdrt-health/mac:02010b41cdec/antenna/tag/e2806894000050038662154f, 85
1652704172.815786, sdrt-health/mac:02010b41cdec/antenna/tag/e2806894000050038662154f, 85
1652704172.838709, sdrt-health/mac:02010b41cdec/antenna/tag/e28068940000400386621d4f, 96
1652704172.8776, sdrt-health/mac:02010b41cdec/antenna/tag/e28068940000400386621d4f, 96
1652704172.917089, sdrt-health/mac:02010b41cdec/antenna/tag/e28068940000400386621d4f, 77
1652704172.998094, sdrt-health/mac:02010b41cdec/antenna/tag/e2806894000050038662194f, 81
1652704172.998582, sdrt-health/mac:02010b41cdec/antenna/tag/e28068940000500386620d4f, 83
1652704173.013518, sdrt-health/mac:02010b41cdec/antenna/tag/e28068940000400386621d4f, 96
1652704173.030195, sdrt-health/mac:02010b41cdec/antenna/tag/e2806894000050038662154f, 85
1652704173.078288, sdrt-health/mac:02010b41cdec/antenna/tag/e2806894000050038662154f, 93
1652704173.151021, sdrt-health/mac:02010b41cdec/antenna/tag/e2806894000050038662194f, 81
1652704173.151546, sdrt-health/mac:02010b41cdec/antenna/tag/e2806894000040038662114f, 85
1652704173.177283, sdrt-health/mac:02010b41cdec/antenna/tag/e2806894000040038662114f, 85
1652704173.221726, sdrt-health/mac:02010b41cdec/antenna/tag/e28068940000500386620d4f, 97
1652704173.29397, sdrt-health/mac:02010b41cdec/antenna/tag/e2806894000050038661fd4f, 97
1652704173.294483, sdrt-health/mac:02010b41cdec/antenna/tag/e2806894000040038662114f, 85
1652704173.310603, sdrt-health/mac:02010b41cdec/antenna/tag/e2806894000050038662154f, 85
1652704173.338268, sdrt-health/mac:02010b41cdec/antenna/tag/e28068940000500386620d4f, 83
1652704173.405876, sdrt-health/mac:02010b41cdec/antenna/tag/e2806894000050038661fd4f, 97
1652704173.40637, sdrt-health/mac:02010b41cdec/antenna/tag/e2806894000050038661fd4f, 97
1652704173.422563, sdrt-health/mac:02010b41cdec/antenna/tag/e28068940000400386621d4f, 96
1652704173.464289, sdrt-health/mac:02010b41cdec/antenna/tag/e2806894000040038662114f, 85
1652704173.464688, sdrt-health/mac:02010b41cdec/antenna/tag/e2806894000050038662154f, 85
1652704173.486325, sdrt-health/mac:02010b41cdec/antenna/tag/e2806894000050038662154f, 85
1652704173.518878, sdrt-health/mac:02010b41cdec/antenna/tag/e2806894000040038662114f, 85
1652704173.519291, sdrt-health/mac:02010b41cdec/antenna/tag/e2806894000050038661fd4f, 88
1652704173.557922, sdrt-health/mac:02010b41cdec/antenna/tag/e2806894000050038662194f, 84
1652704173.59753, sdrt-health/mac:02010b41cdec/antenna/tag/e2806894000050038662154f, 93
1652704173.638152, sdrt-health/mac:02010b41cdec/antenna/tag/e28068940000500386620d4f, 83
1652704173.669916, sdrt-health/mac:02010b41cdec/antenna/tag/e28068940000400386621d4f, 77
1652704173.670215, sdrt-health/mac:02010b41cdec/antenna/tag/e2806894000040038662114f, 85
1652704173.685572, sdrt-health/mac:02010b41cdec/antenna/tag/e2806894000040038662114f, 85
1652704173.717774, sdrt-health/mac:02010b41cdec/antenna/tag/e2806894000050038662154f, 87
1652704173.752086, sdrt-health/mac:02010b41cdec/antenna/tag/e2806894000040038662114f, 85
1652704173.752407, sdrt-health/mac:02010b41cdec/antenna/tag/e28068940000500386620d4f, 83
1652704173.773887, sdrt-health/mac:02010b41cdec/antenna/tag/e2806894000050038661fd4f, 91
1652704173.818042, sdrt-health/mac:02010b41cdec/antenna/tag/e28068940000400386621d4f, 96
1652704173.878025, sdrt-health/mac:02010b41cdec/antenna/tag/e28068940000500386620d4f, 83
1652704173.909929, sdrt-health/mac:02010b41cdec/antenna/tag/e2806894000050038662154f, 88
1652704173.910452, sdrt-health/mac:02010b41cdec/antenna/tag/e28068940000500386620d4f, 97
1652704173.947889, sdrt-health/mac:02010b41cdec/antenna/tag/e28068940000400386621d4f, 77
1652704173.988308, sdrt-health/mac:02010b41cdec/antenna/tag/e28068940000500386620d4f, 83
1652704174.041625, sdrt-health/mac:02010b41cdec/antenna/tag/e28068940000400386621d4f, 77
1652704174.082107, sdrt-health/mac:02010b41cdec/antenna/tag/e2806894000040038661f94f, 94
1652704174.149307, sdrt-health/mac:02010b41cdec/antenna/tag/e28068940000400386621d4f, 77
1652704174.149778, sdrt-health/mac:02010b41cdec/antenna/tag/e28068940000500386620d4f, 83
1652704174.185941, sdrt-health/mac:02010b41cdec/antenna/tag/e28068940000400386621d4f, 96
1652704174.243938, sdrt-health/mac:02010b41cdec/antenna/tag/e28068940000400386621d4f, 96
1652704174.244394, sdrt-health/mac:02010b41cdec/antenna/tag/e28068940000400386621d4f, 96
1652704174.260159, sdrt-health/mac:02010b41cdec/antenna/tag/e2806894000040038662114f, 88
1652704174.287208, sdrt-health/mac:02010b41cdec/antenna/tag/e28068940000500386620d4f, 83
1652704174.351232, sdrt-health/mac:02010b41cdec/antenna/tag/e28068940000400386621d4f, 96
1652704174.35155, sdrt-health/mac:02010b41cdec/antenna/tag/e28068940000500386620d4f, 97
1652704174.366958, sdrt-health/mac:02010b41cdec/antenna/tag/e2806894000040038662114f, 85
1652704174.378547, sdrt-health/mac:02010b41cdec/antenna/tag/e28068940000400386621d4f, 77
1652704174.437067, sdrt-health/mac:02010b41cdec/antenna/tag/e2806894000050038662154f, 85
1652704174.486463, sdrt-health/mac:02010b41cdec/antenna/tag/e2806894000050038662154f, 85
1652704174.487047, sdrt-health/mac:02010b41cdec/antenna/tag/e2806894000050038661fd4f, 91
1652704174.521086, sdrt-health/mac:02010b41cdec/antenna/tag/e28068940000500386620d4f, 97
1652704174.592769, sdrt-health/mac:02010b41cdec/antenna/tag/e2806894000050038661fd4f, 97
1652704174.593146, sdrt-health/mac:02010b41cdec/antenna/tag/e28068940000500386620d4f, 83
1652704174.607988, sdrt-health/mac:02010b41cdec/antenna/tag/e2806894000040038662114f, 85
1652704174.618146, sdrt-health/mac:02010b41cdec/antenna/tag/e28068940000400386621d4f, 77
1652704174.662292, sdrt-health/mac:02010b41cdec/antenna/tag/e2806894000040038662114f, 85
1652704174.708152, sdrt-health/mac:02010b41cdec/antenna/tag/e2806894000040038662114f, 93
1652704174.75797, sdrt-health/mac:02010b41cdec/antenna/tag/e2806894000040038662114f, 85
1652704174.813984, sdrt-health/mac:02010b41cdec/antenna/tag/e2806894000050038661fd4f, 83
1652704174.814437, sdrt-health/mac:02010b41cdec/antenna/tag/e28068940000400386621d4f, 96
1652704174.814816, sdrt-health/mac:02010b41cdec/antenna/tag/e2806894000050038661fd4f, 97
1652704174.838013, sdrt-health/mac:02010b41cdec/antenna/tag/e28068940000400386621d4f, 96
1652704174.877542, sdrt-health/mac:02010b41cdec/antenna/tag/e2806894000050038662194f, 83
1652704174.93824, sdrt-health/mac:02010b41cdec/antenna/tag/e2806894000050038662154f, 85
1652704174.982251, sdrt-health/mac:02010b41cdec/antenna/tag/e2806894000050038662154f, 93
1652704175.027922, sdrt-health/mac:02010b41cdec/antenna/tag/e28068940000500386620d4f, 97
1652704175.086529, sdrt-health/mac:02010b41cdec/antenna/tag/e28068940000400386621d4f, 96
1652704175.158367, sdrt-health/mac:02010b41cdec/antenna/tag/e2806894000050038661fd4f, 97
1652704175.158825, sdrt-health/mac:02010b41cdec/antenna/tag/e28068940000500386620d4f, 97
1652704175.174313, sdrt-health/mac:02010b41cdec/antenna/tag/e2806894000040038662114f, 93
1652704175.188276, sdrt-health/mac:02010b41cdec/antenna/tag/e2806894000050038662154f, 88
1652704175.189854, sdrt-health/mac:02010b41cdec/antenna/tag/e2806894000050038661fd4f, 83
1652704175.239111, sdrt-health/mac:02010b41cdec/antenna/tag/e2806894000040038662114f, 85
1652704175.279358, sdrt-health/mac:02010b41cdec/antenna/tag/e28068940000500386620d4f, 97
1652704175.334317, sdrt-health/mac:02010b41cdec/antenna/tag/e2806894000040038662114f, 85
1652704175.334778, sdrt-health/mac:02010b41cdec/antenna/tag/e2806894000050038662154f, 88
1652704175.358275, sdrt-health/mac:02010b41cdec/antenna/tag/e28068940000400386621d4f, 96
1652704175.399459, sdrt-health/mac:02010b41cdec/antenna/tag/e2806894000050038661fd4f, 97
1652704175.438695, sdrt-health/mac:02010b41cdec/antenna/tag/e28068940000400386621d4f, 96
1652704175.479874, sdrt-health/mac:02010b41cdec/antenna/tag/e28068940000400386621d4f, 96
1652704175.518607, sdrt-health/mac:02010b41cdec/antenna/tag/e28068940000400386621d4f, 77
1652704175.558986, sdrt-health/mac:02010b41cdec/antenna/tag/e2806894000050038661fd4f, 91
1652704175.654537, sdrt-health/mac:02010b41cdec/antenna/tag/e2806894000040038662214f, 81
1652704175.655022, sdrt-health/mac:02010b41cdec/antenna/tag/e2806894000050038662154f, 88
1652704175.677657, sdrt-health/mac:02010b41cdec/antenna/tag/e2806894000040038662114f, 85
1652704175.733919, sdrt-health/mac:02010b41cdec/antenna/tag/e28068940000400386621d4f, 96
1652704175.734322, sdrt-health/mac:02010b41cdec/antenna/tag/e2806894000050038661fd4f, 91
1652704175.760183, sdrt-health/mac:02010b41cdec/antenna/tag/e2806894000050038662194f, 88
1652704175.840481, sdrt-health/mac:02010b41cdec/antenna/tag/e2806894000050038661fd4f, 97
1652704175.897837, sdrt-health/mac:02010b41cdec/antenna/tag/e2806894000050038662154f, 85
1652704175.941939, sdrt-health/mac:02010b41cdec/antenna/tag/e2806894000050038662154f, 85
1652704175.987808, sdrt-health/mac:02010b41cdec/antenna/tag/e28068940000400386621d4f, 96
1652704176.074387, sdrt-health/mac:02010b41cdec/antenna/tag/e2806894000050038662194f, 84
1652704176.074884, sdrt-health/mac:02010b41cdec/antenna/tag/e28068940000400386621d4f, 77
1652704176.103323, sdrt-health/mac:02010b41cdec/antenna/tag/e28068940000500386620d4f, 97
1652704176.165759, sdrt-health/mac:02010b41cdec/antenna/tag/e2806894000040038662114f, 85
1652704176.166278, sdrt-health/mac:02010b41cdec/antenna/tag/e2806894000050038661fd4f, 91
1652704176.198517, sdrt-health/mac:02010b41cdec/antenna/tag/e2806894000050038661fd4f, 97
1652704176.253589, sdrt-health/mac:02010b41cdec/antenna/tag/e2806894000050038662154f, 88
1652704176.253953, sdrt-health/mac:02010b41cdec/antenna/tag/e28068940000500386620d4f, 91
1652704176.277654, sdrt-health/mac:02010b41cdec/antenna/tag/e2806894000050038662154f, 85
1652704176.317892, sdrt-health/mac:02010b41cdec/antenna/tag/e28068940000400386621d4f, 96
1652704176.357842, sdrt-health/mac:02010b41cdec/antenna/tag/e28068940000500386620d4f, 97
1652704176.398555, sdrt-health/mac:02010b41cdec/antenna/tag/e28068940000500386620d4f, 97
1652704176.438351, sdrt-health/mac:02010b41cdec/antenna/tag/e2806894000040038662114f, 85
1652704176.494218, sdrt-health/mac:02010b41cdec/antenna/tag/e28068940000500386620d4f, 97
1652704176.494741, sdrt-health/mac:02010b41cdec/antenna/tag/e2806894000050038661fd4f, 97
1652704176.582333, sdrt-health/mac:02010b41cdec/antenna/tag/e28068940000400386621d4f, 96
1652704176.617752, sdrt-health/mac:02010b41cdec/antenna/tag/e28068940000500386620d4f, 91
1652704176.66178, sdrt-health/mac:02010b41cdec/antenna/tag/e2806894000050038661fd4f, 83
1652704176.708023, sdrt-health/mac:02010b41cdec/antenna/tag/e2806894000050038661fd4f, 83
1652704176.775428, sdrt-health/mac:02010b41cdec/antenna/tag/e2806894000050038662154f, 88
1652704176.775892, sdrt-health/mac:02010b41cdec/antenna/tag/e2806894000040038662114f, 85
1652704176.791958, sdrt-health/mac:02010b41cdec/antenna/tag/e2806894000050038662154f, 88
1652704176.792489, sdrt-health/mac:02010b41cdec/antenna/tag/e28068940000500386620d4f, 83
1652704176.798593, sdrt-health/mac:02010b41cdec/antenna/tag/e28068940000500386620d4f, 97
1652704176.857886, sdrt-health/mac:02010b41cdec/antenna/tag/e2806894000040038662114f, 85
1652704176.901944, sdrt-health/mac:02010b41cdec/antenna/tag/e2806894000050038661fd4f, 83
1652704176.948547, sdrt-health/mac:02010b41cdec/antenna/tag/e2806894000050038661fd4f, 91
1652704177.022398, sdrt-health/mac:02010b41cdec/antenna/tag/e2806894000050038662194f, 81
1652704177.022874, sdrt-health/mac:02010b41cdec/antenna/tag/e28068940000400386621d4f, 77
1652704177.038946, sdrt-health/mac:02010b41cdec/antenna/tag/e2806894000050038662154f, 93
1652704177.054456, sdrt-health/mac:02010b41cdec/antenna/tag/e28068940000400386621d4f, 77
1652704177.103606, sdrt-health/mac:02010b41cdec/antenna/tag/e28068940000400386621d4f, 96
1652704177.168637, sdrt-health/mac:02010b41cdec/antenna/tag/e2806894000040038662114f, 88
1652704177.169149, sdrt-health/mac:02010b41cdec/antenna/tag/e28068940000400386621d4f, 96
1652704177.185673, sdrt-health/mac:02010b41cdec/antenna/tag/e28068940000400386621d4f, 96
1652704177.213878, sdrt-health/mac:02010b41cdec/antenna/tag/e2806894000050038662154f, 88
1652704177.273318, sdrt-health/mac:02010b41cdec/antenna/tag/e28068940000400386621d4f, 96
1652704177.273807, sdrt-health/mac:02010b41cdec/antenna/tag/e2806894000050038662154f, 88
1652704177.288943, sdrt-health/mac:02010b41cdec/antenna/tag/e2806894000050038661fd4f, 91
1652704177.363836, sdrt-health/mac:02010b41cdec/antenna/tag/e28068940000400386621d4f, 96
1652704177.364287, sdrt-health/mac:02010b41cdec/antenna/tag/e2806894000050038662154f, 87
1652704177.398206, sdrt-health/mac:02010b41cdec/antenna/tag/e2806894000050038662154f, 85
1652704177.439112, sdrt-health/mac:02010b41cdec/antenna/tag/e2806894000050038661fd4f, 91
1652704177.477845, sdrt-health/mac:02010b41cdec/antenna/tag/e2806894000040038662214f, 81
1652704177.519984, sdrt-health/mac:02010b41cdec/antenna/tag/e2806894000050038662154f, 93
1652704177.557894, sdrt-health/mac:02010b41cdec/antenna/tag/e2806894000040038662114f, 93
1652704177.598773, sdrt-health/mac:02010b41cdec/antenna/tag/e2806894000040038662114f, 93
1652704177.653521, sdrt-health/mac:02010b41cdec/antenna/tag/e28068940000400386621d4f, 96
1652704177.653993, sdrt-health/mac:02010b41cdec/antenna/tag/e28068940000400386621d4f, 96
1652704177.67768, sdrt-health/mac:02010b41cdec/antenna/tag/e2806894000050038661fd4f, 97
1652704177.733094, sdrt-health/mac:02010b41cdec/antenna/tag/e2806894000040038662114f, 93
1652704177.733547, sdrt-health/mac:02010b41cdec/antenna/tag/e2806894000050038661fd4f, 83
1652704177.748782, sdrt-health/mac:02010b41cdec/antenna/tag/e2806894000040038662114f, 85
1652704177.774348, sdrt-health/mac:02010b41cdec/antenna/tag/e28068940000400386621d4f, 96
1652704177.903408, sdrt-health/mac:02010b41cdec/antenna/tag/e2806894000050038662154f, 88
1652704177.903903, sdrt-health/mac:02010b41cdec/antenna/tag/e2806894000050038662154f, 85
1652704177.941398, sdrt-health/mac:02010b41cdec/antenna/tag/e2806894000040038662114f, 88
1652704178.003733, sdrt-health/mac:02010b41cdec/antenna/tag/e2806894000050038662154f, 88
1652704178.004029, sdrt-health/mac:02010b41cdec/antenna/tag/e2806894000050038662154f, 87
1652704178.035945, sdrt-health/mac:02010b41cdec/antenna/tag/e2806894000050038662194f, 94
1652704178.079333, sdrt-health/mac:02010b41cdec/antenna/tag/e2806894000040038662114f, 93
1652704178.144567, sdrt-health/mac:02010b41cdec/antenna/tag/e28068940000400386621d4f, 96
1652704178.198553, sdrt-health/mac:02010b41cdec/antenna/tag/e2806894000040038662114f, 85
1652704178.283414, sdrt-health/mac:02010b41cdec/antenna/tag/e2806894000050038661fd4f, 97
1652704178.283638, sdrt-health/mac:02010b41cdec/antenna/tag/e2806894000050038661fd4f, 97
1652704178.316174, sdrt-health/mac:02010b41cdec/antenna/tag/e28068940000500386620d4f, 97
1652704178.380136, sdrt-health/mac:02010b41cdec/antenna/tag/e28068940000500386620d4f, 83
1652704178.380676, sdrt-health/mac:02010b41cdec/antenna/tag/e2806894000050038661fd4f, 91
1652704178.423821, sdrt-health/mac:02010b41cdec/antenna/tag/e2806894000050038662194f, 81
1652704178.467928, sdrt-health/mac:02010b41cdec/antenna/tag/e2806894000050038662154f, 93
1652704178.518167, sdrt-health/mac:02010b41cdec/antenna/tag/e2806894000050038661fd4f, 91
1652704178.558601, sdrt-health/mac:02010b41cdec/antenna/tag/e2806894000050038662154f, 88
1652704178.597284, sdrt-health/mac:02010b41cdec/antenna/tag/e2806894000040038662114f, 85
1652704178.637091, sdrt-health/mac:02010b41cdec/antenna/tag/e2806894000050038661fd4f, 91
1652704178.666364, sdrt-health/mac:02010b41cdec/antenna/tag/e2806894000040038662114f, 85
1652704178.666616, sdrt-health/mac:02010b41cdec/antenna/tag/e28068940000400386621d4f, 77
1652704178.681415, sdrt-health/mac:02010b41cdec/antenna/tag/e2806894000040038662114f, 85
1652704178.717283, sdrt-health/mac:02010b41cdec/antenna/tag/e2806894000040038662214f, 88
1652704178.771933, sdrt-health/mac:02010b41cdec/antenna/tag/e28068940000400386621d4f, 77
1652704178.772435, sdrt-health/mac:02010b41cdec/antenna/tag/e2806894000050038662154f, 93
1652704178.797482, sdrt-health/mac:02010b41cdec/antenna/tag/e2806894000050038662154f, 87
1652704178.836948, sdrt-health/mac:02010b41cdec/antenna/tag/e2806894000050038662154f, 85
1652704178.901906, sdrt-health/mac:02010b41cdec/antenna/tag/e2806894000050038662154f, 93
1652704178.947783, sdrt-health/mac:02010b41cdec/antenna/tag/e2806894000040038662114f, 85
1652704178.998065, sdrt-health/mac:02010b41cdec/antenna/tag/e2806894000050038662154f, 87
1652704179.031551, sdrt-health/mac:02010b41cdec/antenna/tag/e2806894000050038661fd4f, 88
1652704179.031916, sdrt-health/mac:02010b41cdec/antenna/tag/e28068940000400386621d4f, 77
1652704179.048714, sdrt-health/mac:02010b41cdec/antenna/tag/e28068940000500386620d4f, 83
1652704179.048995, sdrt-health/mac:02010b41cdec/antenna/tag/e2806894000050038662194f, 87
1652704179.080592, sdrt-health/mac:02010b41cdec/antenna/tag/e2806894000050038661fd4f, 83
1652704179.11149, sdrt-health/mac:02010b41cdec/antenna/tag/e2806894000050038662154f, 93
1652704179.111718, sdrt-health/mac:02010b41cdec/antenna/tag/e2806894000050038662194f, 81
1652704179.12722, sdrt-health/mac:02010b41cdec/antenna/tag/e28068940000400386621d4f, 96
1652704179.12748, sdrt-health/mac:02010b41cdec/antenna/tag/e28068940000500386620d4f, 83
1652704179.156743, sdrt-health/mac:02010b41cdec/antenna/tag/e2806894000050038662154f, 93
1652704179.157481, sdrt-health/mac:02010b41cdec/antenna/tag/e2806894000050038662194f, 94
1652704179.197618, sdrt-health/mac:02010b41cdec/antenna/tag/e2806894000050038662154f, 87
1652704179.237892, sdrt-health/mac:02010b41cdec/antenna/tag/e28068940000500386620d4f, 83
1652704179.268982, sdrt-health/mac:02010b41cdec/antenna/tag/e28068940000400386621d4f, 77
1652704179.269177, sdrt-health/mac:02010b41cdec/antenna/tag/e2806894000050038661fd4f, 97
1652704179.283877, sdrt-health/mac:02010b41cdec/antenna/tag/e28068940000500386620d4f, 83
1652704179.317713, sdrt-health/mac:02010b41cdec/antenna/tag/e28068940000500386620d4f, 83
1652704179.373169, sdrt-health/mac:02010b41cdec/antenna/tag/e2806894000040038662114f, 88
1652704179.408013, sdrt-health/mac:02010b41cdec/antenna/tag/e2806894000050038661fd4f, 97
1652704179.408459, sdrt-health/mac:02010b41cdec/antenna/tag/e2806894000040038662114f, 88
1652704179.423618, sdrt-health/mac:02010b41cdec/antenna/tag/e2806894000040038662114f, 88
1652704179.461605, sdrt-health/mac:02010b41cdec/antenna/tag/e2806894000050038662194f, 81
1652704179.507158, sdrt-health/mac:02010b41cdec/antenna/tag/e2806894000050038661fd4f, 97
1652704179.558581, sdrt-health/mac:02010b41cdec/antenna/tag/e2806894000050038661fd4f, 88
1652704179.630198, sdrt-health/mac:02010b41cdec/antenna/tag/e2806894000050038662194f, 81
1652704179.630661, sdrt-health/mac:02010b41cdec/antenna/tag/e28068940000400386621d4f, 77
1652704179.658165, sdrt-health/mac:02010b41cdec/antenna/tag/e2806894000050038662194f, 83
1652704179.700685, sdrt-health/mac:02010b41cdec/antenna/tag/e2806894000050038662154f, 88
1652704179.733512, sdrt-health/mac:02010b41cdec/antenna/tag/e28068940000400386621d4f, 96
1652704179.733806, sdrt-health/mac:02010b41cdec/antenna/tag/e2806894000040038662114f, 85
1652704179.75012, sdrt-health/mac:02010b41cdec/antenna/tag/e28068940000500386620d4f, 97
1652704179.75035, sdrt-health/mac:02010b41cdec/antenna/tag/e2806894000050038662154f, 85
1652704179.75049, sdrt-health/mac:02010b41cdec/antenna/tag/e2806894000040038662114f, 88
1652704179.808031, sdrt-health/mac:02010b41cdec/antenna/tag/e2806894000050038662154f, 88
1652704179.877415, sdrt-health/mac:02010b41cdec/antenna/tag/e2806894000050038662154f, 88
1652704179.877869, sdrt-health/mac:02010b41cdec/antenna/tag/e2806894000050038662154f, 85
1652704179.941426, sdrt-health/mac:02010b41cdec/antenna/tag/e28068940000500386620d4f, 83
1652704179.987682, sdrt-health/mac:02010b41cdec/antenna/tag/e2806894000050038662154f, 93
1652704180.055543, sdrt-health/mac:02010b41cdec/antenna/tag/e2806894000050038662154f, 85
1652704180.056105, sdrt-health/mac:02010b41cdec/antenna/tag/e2806894000050038662194f, 94
1652704180.078592, sdrt-health/mac:02010b41cdec/antenna/tag/e2806894000040038662114f, 85
1652704180.118119, sdrt-health/mac:02010b41cdec/antenna/tag/e2806894000050038662194f, 83
1652704180.177033, sdrt-health/mac:02010b41cdec/antenna/tag/e2806894000050038661fd4f, 88
1652704180.177493, sdrt-health/mac:02010b41cdec/antenna/tag/e2806894000050038661fd4f, 88
1652704180.197678, sdrt-health/mac:02010b41cdec/antenna/tag/e2806894000050038662194f, 81
1652704180.227258, sdrt-health/mac:02010b41cdec/antenna/tag/e2806894000050038661fd4f, 91
1652704180.22755, sdrt-health/mac:02010b41cdec/antenna/tag/e28068940000500386620d4f, 83
1652704180.242748, sdrt-health/mac:02010b41cdec/antenna/tag/e28068940000500386620d4f, 86
1652704180.277093, sdrt-health/mac:02010b41cdec/antenna/tag/e28068940000400386621d4f, 77
1652704180.318542, sdrt-health/mac:02010b41cdec/antenna/tag/e28068940000400386621d4f, 96
1652704180.414531, sdrt-health/mac:02010b41cdec/antenna/tag/e2806894000050038661fd4f, 97
1652704180.457818, sdrt-health/mac:02010b41cdec/antenna/tag/e28068940000400386621d4f, 96
1652704180.501221, sdrt-health/mac:02010b41cdec/antenna/tag/e28068940000500386620d4f, 83
1652704180.554014, sdrt-health/mac:02010b41cdec/antenna/tag/e2806894000040038662054f, 88
1652704180.554502, sdrt-health/mac:02010b41cdec/antenna/tag/e28068940000500386620d4f, 83
1652704180.568422, sdrt-health/mac:02010b41cdec/antenna/tag/e2806894000040038662114f, 85
1652704180.581467, sdrt-health/mac:02010b41cdec/antenna/tag/e2806894000050038662154f, 88
1652704180.583902, sdrt-health/mac:02010b41cdec/antenna/tag/e2806894000050038661fd4f, 97
1652704180.626406, sdrt-health/mac:02010b41cdec/antenna/tag/e28068940000500386620d4f, 97
1652704180.626674, sdrt-health/mac:02010b41cdec/antenna/tag/e2806894000050038661fd4f, 83
1652704180.703185, sdrt-health/mac:02010b41cdec/antenna/tag/e28068940000500386620d4f, 97
1652704180.703627, sdrt-health/mac:02010b41cdec/antenna/tag/e2806894000050038661fd4f, 97
1652704180.733342, sdrt-health/mac:02010b41cdec/antenna/tag/e28068940000500386620d4f, 83
1652704180.788358, sdrt-health/mac:02010b41cdec/antenna/tag/e2806894000040038662114f, 85
1652704180.8373, sdrt-health/mac:02010b41cdec/antenna/tag/e28068940000400386621d4f, 96
1652704180.877741, sdrt-health/mac:02010b41cdec/antenna/tag/e2806894000040038662114f, 88
1652704180.935364, sdrt-health/mac:02010b41cdec/antenna/tag/e2806894000050038661fd4f, 91
1652704180.935826, sdrt-health/mac:02010b41cdec/antenna/tag/e28068940000500386620d4f, 83
1652704180.950718, sdrt-health/mac:02010b41cdec/antenna/tag/e2806894000050038662194f, 94
1652704180.951149, sdrt-health/mac:02010b41cdec/antenna/tag/e28068940000400386621d4f, 77
1652704180.951534, sdrt-health/mac:02010b41cdec/antenna/tag/e28068940000500386620d4f, 83
1652704180.967246, sdrt-health/mac:02010b41cdec/antenna/tag/e2806894000050038661fd4f, 91
1652704181.017543, sdrt-health/mac:02010b41cdec/antenna/tag/e28068940000500386620d4f, 97
1652704181.06118, sdrt-health/mac:02010b41cdec/antenna/tag/e28068940000400386621d4f, 96
1652704181.156933, sdrt-health/mac:02010b41cdec/antenna/tag/e2806894000040038662114f, 85
1652704181.157411, sdrt-health/mac:02010b41cdec/antenna/tag/e2806894000050038661fd4f, 88
1652704181.188543, sdrt-health/mac:02010b41cdec/antenna/tag/e28068940000400386621d4f, 77
1652704181.236373, sdrt-health/mac:02010b41cdec/antenna/tag/e2806894000040038661f94f, 84
1652704181.292898, sdrt-health/mac:02010b41cdec/antenna/tag/e28068940000400386621d4f, 77
1652704181.293485, sdrt-health/mac:02010b41cdec/antenna/tag/e2806894000050038662154f, 88
1652704181.308078, sdrt-health/mac:02010b41cdec/antenna/tag/e28068940000500386620d4f, 91
1652704181.317307, sdrt-health/mac:02010b41cdec/antenna/tag/e2806894000040038662114f, 85
1652704181.323049, sdrt-health/mac:02010b41cdec/antenna/tag/e28068940000500386620d4f, 83
1652704181.405559, sdrt-health/mac:02010b41cdec/antenna/tag/e28068940000400386621d4f, 77
1652704181.454319, sdrt-health/mac:02010b41cdec/antenna/tag/e2806894000050038662194f, 84
1652704181.54932, sdrt-health/mac:02010b41cdec/antenna/tag/e2806894000050038662154f, 85
1652704181.549785, sdrt-health/mac:02010b41cdec/antenna/tag/e2806894000040038662114f, 85
1652704181.585319, sdrt-health/mac:02010b41cdec/antenna/tag/e28068940000500386620d4f, 97
1652704181.61534, sdrt-health/mac:02010b41cdec/antenna/tag/e28068940000400386621d4f, 96
1652704181.615581, sdrt-health/mac:02010b41cdec/antenna/tag/e28068940000500386620d4f, 91
1652704181.637905, sdrt-health/mac:02010b41cdec/antenna/tag/e28068940000500386620d4f, 83
1652704181.709254, sdrt-health/mac:02010b41cdec/antenna/tag/e2806894000050038662154f, 88
1652704181.709719, sdrt-health/mac:02010b41cdec/antenna/tag/e2806894000050038662154f, 88
1652704181.725307, sdrt-health/mac:02010b41cdec/antenna/tag/e28068940000400386621d4f, 96
1652704181.745173, sdrt-health/mac:02010b41cdec/antenna/tag/e2806894000040038662114f, 87
1652704181.745655, sdrt-health/mac:02010b41cdec/antenna/tag/e2806894000050038662154f, 88
1652704181.805339, sdrt-health/mac:02010b41cdec/antenna/tag/e2806894000050038662154f, 88
1652704181.878609, sdrt-health/mac:02010b41cdec/antenna/tag/e2806894000040038662114f, 85
1652704181.879048, sdrt-health/mac:02010b41cdec/antenna/tag/e2806894000050038662154f, 88
1652704181.916318, sdrt-health/mac:02010b41cdec/antenna/tag/e2806894000050038662154f, 85
1652704181.958301, sdrt-health/mac:02010b41cdec/antenna/tag/e2806894000050038661fd4f, 91
1652704181.988737, sdrt-health/mac:02010b41cdec/antenna/tag/e2806894000050038662154f, 85
1652704181.98916, sdrt-health/mac:02010b41cdec/antenna/tag/e28068940000400386621d4f, 96
1652704182.004252, sdrt-health/mac:02010b41cdec/antenna/tag/e2806894000040038662114f, 85
1652704182.050468, sdrt-health/mac:02010b41cdec/antenna/tag/e2806894000040038662114f, 85
1652704182.13245, sdrt-health/mac:02010b41cdec/antenna/tag/e2806894000050038662154f, 93
1652704182.13286, sdrt-health/mac:02010b41cdec/antenna/tag/e28068940000400386621d4f, 77
1652704182.134191, sdrt-health/mac:02010b41cdec/antenna/tag/e2806894000050038661fd4f, 88
1652704182.134343, sdrt-health/mac:02010b41cdec/antenna/tag/e2806894000050038662154f, 93
1652704182.157328, sdrt-health/mac:02010b41cdec/antenna/tag/e2806894000050038662154f, 88
1652704182.205231, sdrt-health/mac:02010b41cdec/antenna/tag/e2806894000040038662114f, 93
1652704182.277348, sdrt-health/mac:02010b41cdec/antenna/tag/e28068940000400386621d4f, 96
1652704182.277762, sdrt-health/mac:02010b41cdec/antenna/tag/e2806894000050038661fd4f, 91
1652704182.292354, sdrt-health/mac:02010b41cdec/antenna/tag/e2806894000050038662154f, 93
1652704182.292656, sdrt-health/mac:02010b41cdec/antenna/tag/e2806894000050038661fd4f, 91
1652704182.292877, sdrt-health/mac:02010b41cdec/antenna/tag/e2806894000050038662154f, 85
1652704182.293101, sdrt-health/mac:02010b41cdec/antenna/tag/e28068940000500386620d4f, 83
1652704182.333411, sdrt-health/mac:02010b41cdec/antenna/tag/e2806894000050038662154f, 93
1652704182.369965, sdrt-health/mac:02010b41cdec/antenna/tag/e2806894000050038661fd4f, 97
1652704182.370363, sdrt-health/mac:02010b41cdec/antenna/tag/e2806894000040038662114f, 88
1652704182.38384, sdrt-health/mac:02010b41cdec/antenna/tag/e28068940000400386621d4f, 96
1652704182.42143, sdrt-health/mac:02010b41cdec/antenna/tag/e2806894000040038662114f, 88
1652704182.453392, sdrt-health/mac:02010b41cdec/antenna/tag/e28068940000500386620d4f, 83
1652704182.453967, sdrt-health/mac:02010b41cdec/antenna/tag/e28068940000400386621d4f, 96
1652704182.638309, sdrt-health/mac:02010b41cdec/antenna/tag/scan, scan stopped
