1652704542.280216, sdrt-health/mac:02010b41cdec/antenna/power/set, {"power": 290}
1652704543.38629, sdrt-health/mac:02010b41cdec/antenna/power/set, 
1652704547.303821, sdrt-health/mac:02010b41cdec/antenna/tag/scan, {"time": 20000}
1652704547.736414, sdrt-health/mac:02010b41cdec/antenna/tag/e2806894000050038661fd4f, 83
1652704547.781971, sdrt-health/mac:02010b41cdec/antenna/tag/e2806894000040038662114f, 85
1652704547.826139, sdrt-health/mac:02010b41cdec/antenna/tag/e2806894000050038662154f, 85
1652704547.85874, sdrt-health/mac:02010b41cdec/antenna/tag/e28068940000500386620d4f, 83
1652704547.859111, sdrt-health/mac:02010b41cdec/antenna/tag/e2806894000040038662114f, 88
1652704547.876903, sdrt-health/mac:02010b41cdec/antenna/tag/e28068940000500386620d4f, 83
1652704547.933178, sdrt-health/mac:02010b41cdec/antenna/tag/e28068940000500386620d4f, 83
1652704547.976977, sdrt-health/mac:02010b41cdec/antenna/tag/e2806894000040038662114f, 88
1652704548.007996, sdrt-health/mac:02010b41cdec/antenna/tag/e2806894000040038662114f, 85
1652704548.008297, sdrt-health/mac:02010b41cdec/antenna/tag/e28068940000500386620d4f, 83
1652704548.027889, sdrt-health/mac:02010b41cdec/antenna/tag/e2806894000050038662194f, 81
1652704548.068337, sdrt-health/mac:02010b41cdec/antenna/tag/e2806894000050038661fd4f, 97
1652704548.119171, sdrt-health/mac:02010b41cdec/antenna/tag/e28068940000500386620d4f, 83
1652704548.159742, sdrt-health/mac:02010b41cdec/antenna/tag/e2806894000050038661fd4f, 91
1652704548.213407, sdrt-health/mac:02010b41cdec/antenna/tag/e28068940000400386621d4f, 96
1652704548.213771, sdrt-health/mac:02010b41cdec/antenna/tag/e28068940000400386621d4f, 77
1652704548.228435, sdrt-health/mac:02010b41cdec/antenna/tag/e2806894000050038661fd4f, 91
1652704548.236542, sdrt-health/mac:02010b41cdec/antenna/tag/e28068940000400386621d4f, 77
1652704548.244493, sdrt-health/mac:02010b41cdec/antenna/tag/e2806894000050038662154f, 87
1652704548.277518, sdrt-health/mac:02010b41cdec/antenna/tag/e28068940000400386621d4f, 77
1652704548.317857, sdrt-health/mac:02010b41cdec/antenna/tag/e28068940000400386621d4f, 96
1652704548.355786, sdrt-health/mac:02010b41cdec/antenna/tag/e2806894000040038662114f, 85
1652704548.414462, sdrt-health/mac:02010b41cdec/antenna/tag/e28068940000400386621d4f, 96
1652704548.414963, sdrt-health/mac:02010b41cdec/antenna/tag/e2806894000050038662154f, 85
1652704548.430633, sdrt-health/mac:02010b41cdec/antenna/tag/e2806894000050038662154f, 88
1652704548.468184, sdrt-health/mac:02010b41cdec/antenna/tag/e28068940000500386620d4f, 97
1652704548.46853, sdrt-health/mac:02010b41cdec/antenna/tag/e2806894000050038662154f, 85
1652704548.48668, sdrt-health/mac:02010b41cdec/antenna/tag/e28068940000500386620d4f, 97
1652704548.48695, sdrt-health/mac:02010b41cdec/antenna/tag/e28068940000400386621d4f, 96
1652704548.516198, sdrt-health/mac:02010b41cdec/antenna/tag/e2806894000050038661fd4f, 83
1652704548.597687, sdrt-health/mac:02010b41cdec/antenna/tag/e2806894000040038662114f, 85
1652704548.636716, sdrt-health/mac:02010b41cdec/antenna/tag/e2806894000050038661fd4f, 91
1652704548.677392, sdrt-health/mac:02010b41cdec/antenna/tag/e28068940000400386621d4f, 96
1652704548.735549, sdrt-health/mac:02010b41cdec/antenna/tag/e2806894000050038662154f, 91
1652704548.736034, sdrt-health/mac:02010b41cdec/antenna/tag/e2806894000050038662154f, 88
1652704548.752049, sdrt-health/mac:02010b41cdec/antenna/tag/e28068940000400386621d4f, 96
1652704548.752518, sdrt-health/mac:02010b41cdec/antenna/tag/e2806894000050038661fd4f, 83
1652704548.797161, sdrt-health/mac:02010b41cdec/antenna/tag/e28068940000400386621d4f, 96
1652704548.837901, sdrt-health/mac:02010b41cdec/antenna/tag/e28068940000400386621d4f, 96
1652704548.87647, sdrt-health/mac:02010b41cdec/antenna/tag/e2806894000040038662114f, 85
1652704548.91719, sdrt-health/mac:02010b41cdec/antenna/tag/e2806894000050038662154f, 85
1652704548.953681, sdrt-health/mac:02010b41cdec/antenna/tag/e28068940000400386621d4f, 77
1652704548.954076, sdrt-health/mac:02010b41cdec/antenna/tag/e2806894000050038662154f, 85
1652704548.970961, sdrt-health/mac:02010b41cdec/antenna/tag/e2806894000050038662154f, 85
1652704548.999715, sdrt-health/mac:02010b41cdec/antenna/tag/e2806894000050038661fd4f, 91
1652704549.052023, sdrt-health/mac:02010b41cdec/antenna/tag/e2806894000050038662154f, 85
1652704549.052425, sdrt-health/mac:02010b41cdec/antenna/tag/e28068940000400386621d4f, 96
1652704549.069866, sdrt-health/mac:02010b41cdec/antenna/tag/e28068940000500386620d4f, 97
1652704549.09727, sdrt-health/mac:02010b41cdec/antenna/tag/e2806894000040038662214f, 81
1652704549.140757, sdrt-health/mac:02010b41cdec/antenna/tag/e2806894000050038662154f, 85
1652704549.194626, sdrt-health/mac:02010b41cdec/antenna/tag/e2806894000050038662154f, 93
1652704549.229036, sdrt-health/mac:02010b41cdec/antenna/tag/e2806894000040038662114f, 88
1652704549.229376, sdrt-health/mac:02010b41cdec/antenna/tag/e2806894000050038662154f, 93
1652704549.24603, sdrt-health/mac:02010b41cdec/antenna/tag/e2806894000050038662154f, 88
1652704549.246574, sdrt-health/mac:02010b41cdec/antenna/tag/e28068940000400386621d4f, 96
1652704549.247198, sdrt-health/mac:02010b41cdec/antenna/tag/e2806894000040038662114f, 93
1652704549.293456, sdrt-health/mac:02010b41cdec/antenna/tag/e28068940000500386620d4f, 83
1652704549.324152, sdrt-health/mac:02010b41cdec/antenna/tag/e2806894000040038662114f, 88
1652704549.324437, sdrt-health/mac:02010b41cdec/antenna/tag/e2806894000050038661fd4f, 97
1652704549.347813, sdrt-health/mac:02010b41cdec/antenna/tag/e28068940000400386621d4f, 96
1652704549.417423, sdrt-health/mac:02010b41cdec/antenna/tag/e2806894000040038662114f, 91
1652704549.418133, sdrt-health/mac:02010b41cdec/antenna/tag/e2806894000050038662194f, 81
1652704549.469498, sdrt-health/mac:02010b41cdec/antenna/tag/e2806894000050038662154f, 93
1652704549.506586, sdrt-health/mac:02010b41cdec/antenna/tag/e2806894000050038661fd4f, 83
1652704549.556833, sdrt-health/mac:02010b41cdec/antenna/tag/e28068940000400386621d4f, 96
1652704549.558003, sdrt-health/mac:02010b41cdec/antenna/tag/e2806894000050038661fd4f, 97
1652704549.621163, sdrt-health/mac:02010b41cdec/antenna/tag/e28068940000500386620d4f, 91
1652704549.667804, sdrt-health/mac:02010b41cdec/antenna/tag/e2806894000050038662154f, 93
1652704549.733229, sdrt-health/mac:02010b41cdec/antenna/tag/e2806894000050038662154f, 93
1652704549.733774, sdrt-health/mac:02010b41cdec/antenna/tag/e2806894000050038662154f, 87
1652704549.755765, sdrt-health/mac:02010b41cdec/antenna/tag/e28068940000500386620d4f, 91
1652704549.790626, sdrt-health/mac:02010b41cdec/antenna/tag/e2806894000050038662154f, 88
1652704549.790936, sdrt-health/mac:02010b41cdec/antenna/tag/e28068940000500386620d4f, 83
1652704549.79113, sdrt-health/mac:02010b41cdec/antenna/tag/e2806894000050038661fd4f, 97
1652704549.807483, sdrt-health/mac:02010b41cdec/antenna/tag/e2806894000050038662154f, 85
1652704549.807835, sdrt-health/mac:02010b41cdec/antenna/tag/e2806894000050038661fd4f, 97
1652704549.854082, sdrt-health/mac:02010b41cdec/antenna/tag/e28068940000400386621d4f, 96
1652704549.898427, sdrt-health/mac:02010b41cdec/antenna/tag/e28068940000400386621d4f, 96
1652704549.941324, sdrt-health/mac:02010b41cdec/antenna/tag/e2806894000050038662154f, 88
1652704549.991997, sdrt-health/mac:02010b41cdec/antenna/tag/e2806894000050038662154f, 88
1652704549.99241, sdrt-health/mac:02010b41cdec/antenna/tag/e28068940000500386620d4f, 97
1652704550.020732, sdrt-health/mac:02010b41cdec/antenna/tag/e2806894000040038662214f, 84
1652704550.082625, sdrt-health/mac:02010b41cdec/antenna/tag/e2806894000050038662154f, 93
1652704550.082964, sdrt-health/mac:02010b41cdec/antenna/tag/e28068940000400386621d4f, 77
1652704550.097863, sdrt-health/mac:02010b41cdec/antenna/tag/e2806894000050038662154f, 87
1652704550.117289, sdrt-health/mac:02010b41cdec/antenna/tag/e2806894000050038661fd4f, 83
1652704550.176671, sdrt-health/mac:02010b41cdec/antenna/tag/e2806894000040038662114f, 88
1652704550.233224, sdrt-health/mac:02010b41cdec/antenna/tag/e28068940000400386621d4f, 96
1652704550.23367, sdrt-health/mac:02010b41cdec/antenna/tag/e28068940000500386620d4f, 97
1652704550.248406, sdrt-health/mac:02010b41cdec/antenna/tag/e2806894000050038661fd4f, 97
1652704550.280452, sdrt-health/mac:02010b41cdec/antenna/tag/e2806894000050038661fd4f, 83
1652704550.280872, sdrt-health/mac:02010b41cdec/antenna/tag/e2806894000050038661fd4f, 83
1652704550.305982, sdrt-health/mac:02010b41cdec/antenna/tag/e2806894000040038662114f, 88
1652704550.393326, sdrt-health/mac:02010b41cdec/antenna/tag/e28068940000400386621d4f, 96
1652704550.393843, sdrt-health/mac:02010b41cdec/antenna/tag/e2806894000050038662154f, 88
1652704550.43821, sdrt-health/mac:02010b41cdec/antenna/tag/e2806894000040038662114f, 85
1652704550.471325, sdrt-health/mac:02010b41cdec/antenna/tag/e2806894000050038661fd4f, 97
1652704550.471675, sdrt-health/mac:02010b41cdec/antenna/tag/e2806894000040038662114f, 88
1652704550.48795, sdrt-health/mac:02010b41cdec/antenna/tag/e28068940000400386621d4f, 96
1652704550.488218, sdrt-health/mac:02010b41cdec/antenna/tag/e2806894000050038662154f, 88
1652704550.488402, sdrt-health/mac:02010b41cdec/antenna/tag/e2806894000050038662154f, 88
1652704550.516153, sdrt-health/mac:02010b41cdec/antenna/tag/e2806894000050038662154f, 85
1652704550.556465, sdrt-health/mac:02010b41cdec/antenna/tag/e2806894000050038662194f, 94
1652704550.59611, sdrt-health/mac:02010b41cdec/antenna/tag/e2806894000050038662154f, 85
1652704550.67035, sdrt-health/mac:02010b41cdec/antenna/tag/e28068940000400386621d4f, 77
1652704550.670798, sdrt-health/mac:02010b41cdec/antenna/tag/e28068940000400386621d4f, 96
1652704550.704777, sdrt-health/mac:02010b41cdec/antenna/tag/e2806894000050038662154f, 88
1652704550.737167, sdrt-health/mac:02010b41cdec/antenna/tag/e28068940000500386620d4f, 97
1652704550.737513, sdrt-health/mac:02010b41cdec/antenna/state, connected
1652704550.73778, sdrt-health/mac:02010b41cdec/fw, {"version":"1.8.1","model":"200","hash":"2f556501b58f1dad542af428d7928d18","timestamp":1652704547}
1652704550.763915, sdrt-health/mac:02010b41cdec/antenna/tag/e2806894000050038661fd4f, 83
1652704550.8139, sdrt-health/mac:02010b41cdec/antenna/tag/e2806894000040038662114f, 85
1652704550.814424, sdrt-health/mac:02010b41cdec/antenna/tag/e2806894000050038661fd4f, 97
1652704550.829134, sdrt-health/mac:02010b41cdec/antenna/tag/e2806894000040038662114f, 88
1652704550.829352, sdrt-health/mac:02010b41cdec/antenna/tag/e2806894000050038661fd4f, 83
1652704550.836325, sdrt-health/mac:02010b41cdec/antenna/tag/e2806894000050038662154f, 85
1652704550.877309, sdrt-health/mac:02010b41cdec/antenna/tag/e28068940000500386620d4f, 97
1652704550.927816, sdrt-health/mac:02010b41cdec/antenna/tag/e2806894000050038662154f, 87
1652704550.972668, sdrt-health/mac:02010b41cdec/antenna/tag/e2806894000040038662114f, 93
1652704551.016527, sdrt-health/mac:02010b41cdec/antenna/tag/e2806894000050038662154f, 93
1652704551.062138, sdrt-health/mac:02010b41cdec/antenna/tag/e28068940000400386621d4f, 77
1652704551.106784, sdrt-health/mac:02010b41cdec/antenna/tag/e2806894000040038662214f, 84
1652704551.107019, sdrt-health/mac:02010b41cdec/antenna/version, h@b!O
1652704551.157867, sdrt-health/mac:02010b41cdec/antenna/tag/e28068940000400386621d4f, 77
1652704551.197366, sdrt-health/mac:02010b41cdec/antenna/tag/e28068940000400386621d4f, 96
1652704551.251223, sdrt-health/mac:02010b41cdec/antenna/tag/e2806894000050038661fd4f, 97
1652704551.251703, sdrt-health/mac:02010b41cdec/antenna/tag/e2806894000050038662154f, 88
1652704551.268055, sdrt-health/mac:02010b41cdec/antenna/tag/e2806894000050038662154f, 85
1652704551.300877, sdrt-health/mac:02010b41cdec/antenna/tag/e2806894000040038662114f, 85
1652704551.357817, sdrt-health/mac:02010b41cdec/antenna/tag/e2806894000050038662154f, 88
1652704551.400676, sdrt-health/mac:02010b41cdec/antenna/tag/e28068940000400386621d4f, 96
1652704551.470614, sdrt-health/mac:02010b41cdec/antenna/tag/e2806894000040038662114f, 85
1652704551.471109, sdrt-health/mac:02010b41cdec/antenna/tag/e28068940000500386620d4f, 97
1652704551.485292, sdrt-health/mac:02010b41cdec/antenna/tag/e28068940000400386621d4f, 96
1652704551.49655, sdrt-health/mac:02010b41cdec/antenna/tag/e2806894000050038662154f, 88
1652704551.502988, sdrt-health/mac:02010b41cdec/antenna/tag/e2806894000050038662194f, 84
1652704551.503348, sdrt-health/mac:02010b41cdec/antenna/tag/e28068940000400386621d4f, 96
1652704551.587307, sdrt-health/mac:02010b41cdec/antenna/tag/e2806894000040038662114f, 85
1652704551.636794, sdrt-health/mac:02010b41cdec/antenna/tag/e2806894000040038662114f, 85
1652704551.711321, sdrt-health/mac:02010b41cdec/antenna/tag/e2806894000050038662154f, 93
1652704551.711774, sdrt-health/mac:02010b41cdec/antenna/tag/e2806894000050038661fd4f, 91
1652704551.728155, sdrt-health/mac:02010b41cdec/antenna/tag/e28068940000400386621d4f, 77
1652704551.737508, sdrt-health/mac:02010b41cdec/antenna/tag/e2806894000050038661fd4f, 97
1652704551.745197, sdrt-health/mac:02010b41cdec/antenna/tag/e2806894000050038661fd4f, 97
1652704551.782472, sdrt-health/mac:02010b41cdec/antenna/tag/e2806894000050038662154f, 85
1652704551.841752, sdrt-health/mac:02010b41cdec/antenna/tag/e2806894000050038662194f, 81
1652704551.842193, sdrt-health/mac:02010b41cdec/antenna/tag/e28068940000400386621d4f, 96
1652704551.877236, sdrt-health/mac:02010b41cdec/antenna/tag/e2806894000050038661fd4f, 91
1652704551.911637, sdrt-health/mac:02010b41cdec/antenna/tag/e28068940000500386620d4f, 97
1652704551.911882, sdrt-health/mac:02010b41cdec/antenna/tag/e2806894000050038661fd4f, 97
1652704551.927897, sdrt-health/mac:02010b41cdec/antenna/tag/e28068940000400386621d4f, 96
1652704551.92817, sdrt-health/mac:02010b41cdec/antenna/tag/e28068940000400386621d4f, 96
1652704551.95572, sdrt-health/mac:02010b41cdec/antenna/tag/e2806894000050038661fd4f, 91
1652704551.996531, sdrt-health/mac:02010b41cdec/antenna/tag/e28068940000400386621d4f, 96
1652704552.045743, sdrt-health/mac:02010b41cdec/antenna/tag/e28068940000500386620d4f, 83
1652704552.10029, sdrt-health/mac:02010b41cdec/antenna/tag/e28068940000400386621d4f, 77
1652704552.147498, sdrt-health/mac:02010b41cdec/antenna/tag/e2806894000040038662114f, 85
1652704552.196647, sdrt-health/mac:02010b41cdec/antenna/tag/e28068940000400386621d4f, 77
1652704552.253067, sdrt-health/mac:02010b41cdec/antenna/tag/e28068940000500386620d4f, 83
1652704552.310821, sdrt-health/mac:02010b41cdec/antenna/tag/e2806894000040038662214f, 84
1652704552.311254, sdrt-health/mac:02010b41cdec/antenna/tag/e2806894000040038662114f, 85
1652704552.339506, sdrt-health/mac:02010b41cdec/antenna/tag/e28068940000500386620d4f, 86
1652704552.38605, sdrt-health/mac:02010b41cdec/antenna/tag/e28068940000500386620d4f, 83
1652704552.435768, sdrt-health/mac:02010b41cdec/antenna/tag/e28068940000500386620d4f, 83
1652704552.49955, sdrt-health/mac:02010b41cdec/antenna/tag/e28068940000500386620d4f, 83
1652704552.500013, sdrt-health/mac:02010b41cdec/antenna/tag/e2806894000050038662194f, 94
1652704552.516386, sdrt-health/mac:02010b41cdec/antenna/tag/e28068940000500386620d4f, 97
1652704552.595684, sdrt-health/mac:02010b41cdec/antenna/tag/e28068940000400386621d4f, 96
1652704552.666451, sdrt-health/mac:02010b41cdec/antenna/tag/e2806894000040038662114f, 88
1652704552.731691, sdrt-health/mac:02010b41cdec/antenna/tag/e28068940000400386621d4f, 77
1652704552.776366, sdrt-health/mac:02010b41cdec/antenna/tag/e2806894000040038662114f, 93
1652704552.818804, sdrt-health/mac:02010b41cdec/antenna/tag/e2806894000050038661fd4f, 91
1652704552.881922, sdrt-health/mac:02010b41cdec/antenna/tag/e28068940000500386620d4f, 83
1652704552.882465, sdrt-health/mac:02010b41cdec/antenna/tag/e2806894000050038662154f, 88
1652704552.915891, sdrt-health/mac:02010b41cdec/antenna/tag/e28068940000500386620d4f, 83
1652704552.973868, sdrt-health/mac:02010b41cdec/antenna/tag/e2806894000050038661fd4f, 83
1652704553.005401, sdrt-health/mac:02010b41cdec/antenna/tag/e28068940000400386621d4f, 96
1652704553.005831, sdrt-health/mac:02010b41cdec/antenna/tag/e2806894000050038661fd4f, 83
1652704553.021009, sdrt-health/mac:02010b41cdec/antenna/tag/e28068940000500386620d4f, 83
1652704553.059063, sdrt-health/mac:02010b41cdec/antenna/tag/e2806894000050038662154f, 85
1652704553.16467, sdrt-health/mac:02010b41cdec/antenna/tag/e28068940000500386620d4f, 83
1652704553.21218, sdrt-health/mac:02010b41cdec/antenna/tag/e2806894000050038661fd4f, 91
1652704553.264957, sdrt-health/mac:02010b41cdec/antenna/tag/e2806894000050038661fd4f, 83
1652704553.317225, sdrt-health/mac:02010b41cdec/antenna/tag/e28068940000400386621d4f, 96
1652704553.426449, sdrt-health/mac:02010b41cdec/antenna/tag/e2806894000040038662114f, 88
1652704553.427009, sdrt-health/mac:02010b41cdec/antenna/tag/e28068940000400386621d4f, 96
1652704553.452347, sdrt-health/mac:02010b41cdec/antenna/tag/e2806894000040038662114f, 88
1652704553.512069, sdrt-health/mac:02010b41cdec/antenna/tag/e28068940000500386620d4f, 83
1652704553.512656, sdrt-health/mac:02010b41cdec/antenna/tag/e28068940000400386621d4f, 77
1652704553.539932, sdrt-health/mac:02010b41cdec/antenna/tag/e28068940000400386621d4f, 77
1652704553.54025, sdrt-health/mac:02010b41cdec/antenna/tag/e2806894000050038661fd4f, 91
1652704553.55518, sdrt-health/mac:02010b41cdec/antenna/tag/e2806894000040038662114f, 85
1652704553.587043, sdrt-health/mac:02010b41cdec/antenna/tag/e2806894000050038662194f, 83
1652704553.651115, sdrt-health/mac:02010b41cdec/antenna/tag/e2806894000040038662114f, 85
1652704553.651642, sdrt-health/mac:02010b41cdec/antenna/tag/e2806894000050038662154f, 93
1652704553.652078, sdrt-health/mac:02010b41cdec/antenna/tag/e2806894000050038662154f, 93
1652704553.665905, sdrt-health/mac:02010b41cdec/antenna/tag/e2806894000050038662154f, 85
1652704553.675924, sdrt-health/mac:02010b41cdec/antenna/tag/e2806894000050038662194f, 83
1652704553.680697, sdrt-health/mac:02010b41cdec/antenna/tag/e28068940000400386621d4f, 77
1652704553.716269, sdrt-health/mac:02010b41cdec/antenna/tag/e2806894000040038662114f, 85
1652704553.786754, sdrt-health/mac:02010b41cdec/antenna/tag/e2806894000050038662194f, 81
1652704553.787156, sdrt-health/mac:02010b41cdec/antenna/tag/e28068940000500386620d4f, 83
1652704553.816094, sdrt-health/mac:02010b41cdec/antenna/tag/e2806894000050038662154f, 93
1652704553.875287, sdrt-health/mac:02010b41cdec/antenna/tag/e28068940000500386620d4f, 83
1652704553.875773, sdrt-health/mac:02010b41cdec/antenna/tag/e2806894000050038662154f, 87
1652704553.94155, sdrt-health/mac:02010b41cdec/antenna/tag/e28068940000400386621d4f, 96
1652704553.977279, sdrt-health/mac:02010b41cdec/antenna/tag/e2806894000040038662114f, 85
1652704554.011865, sdrt-health/mac:02010b41cdec/antenna/tag/e28068940000400386621d4f, 96
1652704554.012125, sdrt-health/mac:02010b41cdec/antenna/tag/e2806894000050038662154f, 88
1652704554.026226, sdrt-health/mac:02010b41cdec/antenna/tag/e28068940000500386620d4f, 83
1652704554.066998, sdrt-health/mac:02010b41cdec/antenna/tag/e2806894000050038661fd4f, 88
1652704554.117566, sdrt-health/mac:02010b41cdec/antenna/tag/e2806894000050038662154f, 93
1652704554.200367, sdrt-health/mac:02010b41cdec/antenna/tag/e2806894000050038661fd4f, 88
1652704554.200918, sdrt-health/mac:02010b41cdec/antenna/tag/e28068940000400386621d4f, 77
1652704554.226061, sdrt-health/mac:02010b41cdec/antenna/tag/e2806894000040038662114f, 85
1652704554.290892, sdrt-health/mac:02010b41cdec/antenna/tag/e2806894000050038661fd4f, 97
1652704554.291196, sdrt-health/mac:02010b41cdec/antenna/tag/e28068940000400386621d4f, 96
1652704554.316416, sdrt-health/mac:02010b41cdec/antenna/tag/e2806894000050038661fd4f, 97
1652704554.371278, sdrt-health/mac:02010b41cdec/antenna/tag/e2806894000040038662114f, 88
1652704554.371673, sdrt-health/mac:02010b41cdec/antenna/tag/e2806894000040038662114f, 88
1652704554.395672, sdrt-health/mac:02010b41cdec/antenna/tag/e2806894000050038662154f, 85
1652704554.460519, sdrt-health/mac:02010b41cdec/antenna/tag/e28068940000500386620d4f, 83
1652704554.460963, sdrt-health/mac:02010b41cdec/antenna/tag/e2806894000050038662154f, 85
1652704554.500195, sdrt-health/mac:02010b41cdec/antenna/tag/e2806894000050038662194f, 83
1652704554.535701, sdrt-health/mac:02010b41cdec/antenna/tag/e2806894000050038662154f, 85
1652704554.580266, sdrt-health/mac:02010b41cdec/antenna/tag/e28068940000400386621d4f, 96
1652704554.625549, sdrt-health/mac:02010b41cdec/antenna/tag/e2806894000050038661fd4f, 97
1652704554.655668, sdrt-health/mac:02010b41cdec/antenna/tag/e2806894000050038662154f, 85
1652704554.655894, sdrt-health/mac:02010b41cdec/antenna/tag/e28068940000500386620d4f, 97
1652704554.733281, sdrt-health/mac:02010b41cdec/antenna/tag/e28068940000400386621d4f, 77
1652704554.77653, sdrt-health/mac:02010b41cdec/antenna/tag/e2806894000050038662154f, 93
1652704554.820013, sdrt-health/mac:02010b41cdec/antenna/tag/e2806894000050038662154f, 88
1652704554.865402, sdrt-health/mac:02010b41cdec/antenna/tag/e2806894000050038662154f, 88
1652704554.865896, sdrt-health/mac:02010b41cdec/antenna/tag/e28068940000500386620d4f, 97
1652704554.926206, sdrt-health/mac:02010b41cdec/antenna/tag/e2806894000050038662154f, 88
1652704554.987112, sdrt-health/mac:02010b41cdec/antenna/tag/e2806894000040038662114f, 93
1652704554.987646, sdrt-health/mac:02010b41cdec/antenna/tag/e2806894000050038662154f, 88
1652704555.001705, sdrt-health/mac:02010b41cdec/antenna/tag/e2806894000040038662114f, 88
1652704555.016603, sdrt-health/mac:02010b41cdec/antenna/tag/e28068940000500386620d4f, 83
1652704555.075459, sdrt-health/mac:02010b41cdec/antenna/tag/e2806894000050038662154f, 85
1652704555.07619, sdrt-health/mac:02010b41cdec/antenna/tag/e2806894000050038661fd4f, 97
1652704555.106696, sdrt-health/mac:02010b41cdec/antenna/tag/e28068940000500386620d4f, 97
1652704555.107286, sdrt-health/mac:02010b41cdec/antenna/tag/e2806894000050038661fd4f, 91
1652704555.234391, sdrt-health/mac:02010b41cdec/antenna/tag/e28068940000500386620d4f, 83
1652704555.299981, sdrt-health/mac:02010b41cdec/antenna/tag/e2806894000040038662114f, 85
1652704555.300575, sdrt-health/mac:02010b41cdec/antenna/tag/e2806894000040038662114f, 85
1652704555.320848, sdrt-health/mac:02010b41cdec/antenna/tag/e28068940000500386620d4f, 83
1652704555.345816, sdrt-health/mac:02010b41cdec/antenna/tag/e28068940000500386620d4f, 97
1652704555.414784, sdrt-health/mac:02010b41cdec/antenna/tag/e2806894000040038662114f, 85
1652704555.415334, sdrt-health/mac:02010b41cdec/antenna/tag/e28068940000500386620d4f, 83
1652704555.430571, sdrt-health/mac:02010b41cdec/antenna/tag/e28068940000500386620d4f, 83
1652704555.435376, sdrt-health/mac:02010b41cdec/antenna/tag/e2806894000050038661fd4f, 97
1652704555.476338, sdrt-health/mac:02010b41cdec/antenna/tag/e2806894000050038661fd4f, 91
1652704555.546444, sdrt-health/mac:02010b41cdec/antenna/tag/e2806894000050038662154f, 88
1652704555.546952, sdrt-health/mac:02010b41cdec/antenna/tag/e2806894000040038662114f, 85
1652704555.576625, sdrt-health/mac:02010b41cdec/antenna/tag/e28068940000500386620d4f, 97
1652704555.621795, sdrt-health/mac:02010b41cdec/antenna/tag/e2806894000040038662214f, 81
1652704555.652826, sdrt-health/mac:02010b41cdec/antenna/tag/e28068940000500386620d4f, 91
1652704555.653161, sdrt-health/mac:02010b41cdec/antenna/tag/e2806894000040038662114f, 88
1652704555.668863, sdrt-health/mac:02010b41cdec/antenna/tag/e28068940000500386620d4f, 97
1652704555.669305, sdrt-health/mac:02010b41cdec/antenna/tag/e2806894000050038662154f, 93
1652704555.716415, sdrt-health/mac:02010b41cdec/antenna/tag/e28068940000400386621d4f, 96
1652704555.771803, sdrt-health/mac:02010b41cdec/antenna/tag/e2806894000050038661fd4f, 97
1652704555.827901, sdrt-health/mac:02010b41cdec/antenna/tag/e2806894000050038661fd4f, 97
1652704555.893709, sdrt-health/mac:02010b41cdec/antenna/tag/e2806894000050038661fd4f, 91
1652704555.894212, sdrt-health/mac:02010b41cdec/antenna/tag/e2806894000050038661fd4f, 91
1652704555.933605, sdrt-health/mac:02010b41cdec/antenna/tag/e2806894000050038662194f, 88
1652704555.991722, sdrt-health/mac:02010b41cdec/antenna/tag/e28068940000500386620d4f, 83
1652704555.992197, sdrt-health/mac:02010b41cdec/antenna/tag/e28068940000400386621d4f, 96
1652704556.006476, sdrt-health/mac:02010b41cdec/antenna/tag/e2806894000040038662114f, 88
1652704556.021312, sdrt-health/mac:02010b41cdec/antenna/tag/e2806894000040038662114f, 88
1652704556.065746, sdrt-health/mac:02010b41cdec/antenna/tag/e28068940000500386620d4f, 83
1652704556.096796, sdrt-health/mac:02010b41cdec/antenna/tag/e28068940000400386621d4f, 96
1652704556.097487, sdrt-health/mac:02010b41cdec/antenna/tag/e2806894000040038662114f, 88
1652704556.196686, sdrt-health/mac:02010b41cdec/antenna/tag/e2806894000040038662214f, 94
1652704556.226991, sdrt-health/mac:02010b41cdec/antenna/tag/e2806894000050038662154f, 87
1652704556.227378, sdrt-health/mac:02010b41cdec/antenna/tag/e28068940000500386620d4f, 83
1652704556.227667, sdrt-health/mac:02010b41cdec/antenna/tag/e2806894000040038662114f, 85
1652704556.227948, sdrt-health/mac:02010b41cdec/antenna/tag/e2806894000050038662154f, 93
1652704556.28729, sdrt-health/mac:02010b41cdec/antenna/tag/e2806894000050038662154f, 91
1652704556.332285, sdrt-health/mac:02010b41cdec/antenna/tag/e2806894000050038661fd4f, 97
1652704556.44828, sdrt-health/mac:02010b41cdec/antenna/tag/e2806894000050038662154f, 88
1652704556.448625, sdrt-health/mac:02010b41cdec/antenna/tag/e2806894000040038662114f, 85
1652704556.500521, sdrt-health/mac:02010b41cdec/antenna/tag/e28068940000500386620d4f, 91
1652704556.551974, sdrt-health/mac:02010b41cdec/antenna/tag/e28068940000500386620d4f, 97
1652704556.552476, sdrt-health/mac:02010b41cdec/antenna/tag/e2806894000050038661fd4f, 91
1652704556.580527, sdrt-health/mac:02010b41cdec/antenna/tag/e28068940000400386621d4f, 77
1652704556.641343, sdrt-health/mac:02010b41cdec/antenna/tag/e2806894000050038662154f, 93
1652704556.641936, sdrt-health/mac:02010b41cdec/antenna/tag/e2806894000050038662154f, 88
1652704556.675649, sdrt-health/mac:02010b41cdec/antenna/tag/e28068940000500386620d4f, 97
1652704556.73079, sdrt-health/mac:02010b41cdec/antenna/tag/e28068940000400386621d4f, 96
1652704556.731186, sdrt-health/mac:02010b41cdec/antenna/tag/e28068940000400386621d4f, 77
1652704556.745344, sdrt-health/mac:02010b41cdec/antenna/tag/e2806894000050038661fd4f, 83
1652704556.75559, sdrt-health/mac:02010b41cdec/antenna/tag/e28068940000400386621d4f, 96
1652704556.795774, sdrt-health/mac:02010b41cdec/antenna/tag/e2806894000050038661fd4f, 83
1652704556.796751, sdrt-health/mac:02010b41cdec/antenna/tag/e2806894000050038662154f, 88
1652704556.837503, sdrt-health/mac:02010b41cdec/antenna/tag/e2806894000050038661fd4f, 83
1652704556.891853, sdrt-health/mac:02010b41cdec/antenna/tag/e2806894000050038661fd4f, 86
1652704556.935222, sdrt-health/mac:02010b41cdec/antenna/tag/e28068940000400386621d4f, 96
1652704556.997299, sdrt-health/mac:02010b41cdec/antenna/tag/e2806894000040038662114f, 85
1652704556.997899, sdrt-health/mac:02010b41cdec/antenna/tag/e2806894000040038662114f, 85
1652704557.02566, sdrt-health/mac:02010b41cdec/antenna/tag/e2806894000050038662154f, 93
1652704557.084811, sdrt-health/mac:02010b41cdec/antenna/tag/e28068940000500386620d4f, 86
1652704557.13232, sdrt-health/mac:02010b41cdec/antenna/tag/e2806894000050038661fd4f, 91
1652704557.190854, sdrt-health/mac:02010b41cdec/antenna/tag/e28068940000500386620d4f, 83
1652704557.191306, sdrt-health/mac:02010b41cdec/antenna/tag/e2806894000050038662154f, 88
1652704557.207327, sdrt-health/mac:02010b41cdec/antenna/tag/e28068940000500386620d4f, 83
1652704557.207854, sdrt-health/mac:02010b41cdec/antenna/tag/e28068940000400386621d4f, 96
1652704557.220483, sdrt-health/mac:02010b41cdec/antenna/tag/e2806894000040038662114f, 85
1652704557.223411, sdrt-health/mac:02010b41cdec/antenna/tag/e2806894000050038661fd4f, 97
1652704557.265285, sdrt-health/mac:02010b41cdec/antenna/tag/e2806894000050038661fd4f, 83
1652704557.331732, sdrt-health/mac:02010b41cdec/antenna/tag/e28068940000400386621d4f, 96
1652704557.332241, sdrt-health/mac:02010b41cdec/antenna/tag/e2806894000040038662114f, 88
1652704557.356006, sdrt-health/mac:02010b41cdec/antenna/tag/e2806894000050038662154f, 85
1652704557.411751, sdrt-health/mac:02010b41cdec/antenna/tag/e2806894000050038662154f, 85
1652704557.412266, sdrt-health/mac:02010b41cdec/antenna/tag/e2806894000050038662154f, 93
1652704557.436823, sdrt-health/mac:02010b41cdec/antenna/tag/e2806894000040038661f94f, 82
1652704557.476593, sdrt-health/mac:02010b41cdec/antenna/tag/e2806894000050038661fd4f, 91
1652704557.530923, sdrt-health/mac:02010b41cdec/antenna/tag/e2806894000040038662114f, 85
1652704557.531433, sdrt-health/mac:02010b41cdec/antenna/tag/e2806894000050038661fd4f, 88
1652704557.556453, sdrt-health/mac:02010b41cdec/antenna/tag/e28068940000400386621d4f, 77
1652704557.612154, sdrt-health/mac:02010b41cdec/antenna/tag/e2806894000050038662154f, 85
1652704557.612381, sdrt-health/mac:02010b41cdec/antenna/tag/e28068940000500386620d4f, 83
1652704557.666323, sdrt-health/mac:02010b41cdec/antenna/tag/e2806894000040038662114f, 85
1652704557.716429, sdrt-health/mac:02010b41cdec/antenna/tag/e28068940000400386621d4f, 96
1652704557.786891, sdrt-health/mac:02010b41cdec/antenna/tag/e2806894000050038661fd4f, 97
1652704557.78745, sdrt-health/mac:02010b41cdec/antenna/tag/e2806894000050038662154f, 88
1652704557.80172, sdrt-health/mac:02010b41cdec/antenna/tag/e2806894000050038661fd4f, 91
1652704557.802192, sdrt-health/mac:02010b41cdec/antenna/tag/e28068940000500386620d4f, 97
1652704557.802379, sdrt-health/mac:02010b41cdec/antenna/tag/e28068940000500386620d4f, 97
1652704557.81444, sdrt-health/mac:02010b41cdec/antenna/tag/e28068940000500386620d4f, 83
1652704557.860219, sdrt-health/mac:02010b41cdec/antenna/tag/e2806894000050038662154f, 93
1652704557.897321, sdrt-health/mac:02010b41cdec/antenna/tag/e28068940000500386620d4f, 97
1652704557.929807, sdrt-health/mac:02010b41cdec/antenna/tag/e2806894000050038661fd4f, 91
1652704557.930273, sdrt-health/mac:02010b41cdec/antenna/tag/e2806894000040038662114f, 85
1652704557.944328, sdrt-health/mac:02010b41cdec/antenna/tag/e2806894000050038662194f, 83
1652704557.986166, sdrt-health/mac:02010b41cdec/antenna/tag/e2806894000050038662154f, 85
1652704558.035546, sdrt-health/mac:02010b41cdec/antenna/tag/e2806894000040038662114f, 88
1652704558.036356, sdrt-health/mac:02010b41cdec/antenna/tag/e2806894000050038662194f, 83
1652704558.074955, sdrt-health/mac:02010b41cdec/antenna/tag/e2806894000050038662154f, 93
1652704558.216426, sdrt-health/mac:02010b41cdec/antenna/tag/e2806894000050038661fd4f, 97
1652704558.276562, sdrt-health/mac:02010b41cdec/antenna/tag/e28068940000500386620d4f, 83
1652704558.331283, sdrt-health/mac:02010b41cdec/antenna/tag/e2806894000040038662114f, 88
1652704558.331526, sdrt-health/mac:02010b41cdec/antenna/tag/e2806894000040038662114f, 85
1652704558.364888, sdrt-health/mac:02010b41cdec/antenna/tag/e28068940000500386620d4f, 83
1652704558.413761, sdrt-health/mac:02010b41cdec/antenna/tag/e28068940000500386620d4f, 83
1652704558.455246, sdrt-health/mac:02010b41cdec/antenna/tag/e28068940000500386620d4f, 86
1652704558.514202, sdrt-health/mac:02010b41cdec/antenna/tag/e2806894000040038662114f, 88
1652704558.514708, sdrt-health/mac:02010b41cdec/antenna/tag/e2806894000040038662114f, 85
1652704558.528364, sdrt-health/mac:02010b41cdec/antenna/tag/e28068940000500386620d4f, 83
1652704558.528853, sdrt-health/mac:02010b41cdec/antenna/tag/e2806894000050038662154f, 85
1652704558.54574, sdrt-health/mac:02010b41cdec/antenna/tag/e2806894000050038662154f, 85
1652704558.621333, sdrt-health/mac:02010b41cdec/antenna/tag/e28068940000400386621d4f, 77
1652704558.621753, sdrt-health/mac:02010b41cdec/antenna/tag/e28068940000500386620d4f, 83
1652704558.635494, sdrt-health/mac:02010b41cdec/antenna/tag/e28068940000400386621d4f, 77
1652704558.651934, sdrt-health/mac:02010b41cdec/antenna/tag/e2806894000050038662194f, 84
1652704558.711512, sdrt-health/mac:02010b41cdec/antenna/tag/e2806894000050038662154f, 93
1652704558.712016, sdrt-health/mac:02010b41cdec/antenna/tag/e28068940000400386621d4f, 77
1652704558.740154, sdrt-health/mac:02010b41cdec/antenna/tag/e28068940000500386620d4f, 83
1652704558.740429, sdrt-health/mac:02010b41cdec/antenna/tag/e2806894000050038661fd4f, 91
1652704558.785614, sdrt-health/mac:02010b41cdec/antenna/tag/e28068940000400386621d4f, 77
1652704558.816606, sdrt-health/mac:02010b41cdec/antenna/tag/e2806894000050038662154f, 93
1652704558.816943, sdrt-health/mac:02010b41cdec/antenna/tag/e28068940000400386621d4f, 77
1652704558.835163, sdrt-health/mac:02010b41cdec/antenna/tag/e28068940000400386621d4f, 77
1652704558.891603, sdrt-health/mac:02010b41cdec/antenna/tag/e28068940000500386620d4f, 83
1652704558.893186, sdrt-health/mac:02010b41cdec/antenna/tag/e2806894000040038662114f, 85
1652704558.907, sdrt-health/mac:02010b41cdec/antenna/tag/e2806894000050038662194f, 81
1652704558.91651, sdrt-health/mac:02010b41cdec/antenna/tag/e2806894000050038661fd4f, 91
1652704558.923672, sdrt-health/mac:02010b41cdec/antenna/tag/e2806894000040038662114f, 85
1652704558.956253, sdrt-health/mac:02010b41cdec/antenna/tag/e28068940000400386621d4f, 77
1652704559.015999, sdrt-health/mac:02010b41cdec/antenna/tag/e2806894000050038662154f, 87
1652704559.060997, sdrt-health/mac:02010b41cdec/antenna/tag/e2806894000050038662194f, 94
1652704559.115679, sdrt-health/mac:02010b41cdec/antenna/tag/e2806894000050038662154f, 85
1652704559.156264, sdrt-health/mac:02010b41cdec/antenna/tag/e28068940000400386621d4f, 77
1652704559.246014, sdrt-health/mac:02010b41cdec/antenna/tag/e2806894000050038662154f, 83
1652704559.306361, sdrt-health/mac:02010b41cdec/antenna/tag/e28068940000500386620d4f, 83
1652704559.380023, sdrt-health/mac:02010b41cdec/antenna/tag/e2806894000050038661fd4f, 97
1652704559.434088, sdrt-health/mac:02010b41cdec/antenna/tag/e28068940000500386620d4f, 83
1652704559.495834, sdrt-health/mac:02010b41cdec/antenna/tag/e28068940000500386620d4f, 83
1652704559.554468, sdrt-health/mac:02010b41cdec/antenna/tag/e2806894000050038661fd4f, 97
1652704559.554904, sdrt-health/mac:02010b41cdec/antenna/tag/e2806894000050038661fd4f, 83
1652704559.555272, sdrt-health/mac:02010b41cdec/antenna/tag/e28068940000400386621d4f, 77
1652704559.569868, sdrt-health/mac:02010b41cdec/antenna/tag/e28068940000400386621d4f, 77
1652704559.570303, sdrt-health/mac:02010b41cdec/antenna/tag/e2806894000050038662194f, 94
1652704559.585545, sdrt-health/mac:02010b41cdec/antenna/tag/e2806894000050038662154f, 85
1652704559.63546, sdrt-health/mac:02010b41cdec/antenna/tag/e28068940000400386621d4f, 77
1652704559.693043, sdrt-health/mac:02010b41cdec/antenna/tag/e28068940000400386621d4f, 77
1652704559.760255, sdrt-health/mac:02010b41cdec/antenna/tag/e2806894000050038661fd4f, 97
1652704559.760704, sdrt-health/mac:02010b41cdec/antenna/tag/e2806894000050038662154f, 85
1652704559.79662, sdrt-health/mac:02010b41cdec/antenna/tag/e28068940000400386621d4f, 96
1652704559.867203, sdrt-health/mac:02010b41cdec/antenna/tag/e2806894000050038661fd4f, 97
1652704559.867699, sdrt-health/mac:02010b41cdec/antenna/tag/e2806894000040038662114f, 85
1652704559.88295, sdrt-health/mac:02010b41cdec/antenna/tag/e2806894000050038661fd4f, 83
1652704559.906282, sdrt-health/mac:02010b41cdec/antenna/tag/e2806894000050038661fd4f, 83
1652704559.972158, sdrt-health/mac:02010b41cdec/antenna/tag/e28068940000400386621d4f, 96
1652704559.97265, sdrt-health/mac:02010b41cdec/antenna/tag/e2806894000040038662114f, 88
1652704560.011511, sdrt-health/mac:02010b41cdec/antenna/tag/e28068940000400386621d4f, 77
1652704560.056307, sdrt-health/mac:02010b41cdec/antenna/tag/e2806894000050038661fd4f, 88
1652704560.115121, sdrt-health/mac:02010b41cdec/antenna/tag/e28068940000400386621d4f, 77
1652704560.115394, sdrt-health/mac:02010b41cdec/antenna/tag/e2806894000040038662114f, 85
1652704560.129848, sdrt-health/mac:02010b41cdec/antenna/tag/e2806894000050038662154f, 93
1652704560.130079, sdrt-health/mac:02010b41cdec/antenna/tag/e2806894000040038662114f, 88
1652704560.147032, sdrt-health/mac:02010b41cdec/antenna/tag/e2806894000040038662114f, 93
1652704560.275106, sdrt-health/mac:02010b41cdec/antenna/tag/e2806894000050038662154f, 85
1652704560.275726, sdrt-health/mac:02010b41cdec/antenna/tag/e2806894000050038661fd4f, 91
1652704560.339905, sdrt-health/mac:02010b41cdec/antenna/tag/e2806894000050038661fd4f, 97
1652704560.386115, sdrt-health/mac:02010b41cdec/antenna/tag/e28068940000400386621d4f, 77
1652704560.436094, sdrt-health/mac:02010b41cdec/antenna/tag/e28068940000400386621d4f, 96
1652704560.465931, sdrt-health/mac:02010b41cdec/antenna/tag/e2806894000050038661fd4f, 97
1652704560.466654, sdrt-health/mac:02010b41cdec/antenna/tag/e2806894000050038662154f, 88
1652704560.479724, sdrt-health/mac:02010b41cdec/antenna/tag/e2806894000050038661fd4f, 83
1652704560.480037, sdrt-health/mac:02010b41cdec/antenna/tag/e28068940000500386620d4f, 83
1652704560.480254, sdrt-health/mac:02010b41cdec/antenna/tag/e2806894000050038662154f, 88
1652704560.516925, sdrt-health/mac:02010b41cdec/antenna/tag/e2806894000050038662154f, 85
1652704560.556623, sdrt-health/mac:02010b41cdec/antenna/tag/e2806894000050038662194f, 110
1652704560.595561, sdrt-health/mac:02010b41cdec/antenna/tag/e28068940000400386621d4f, 77
1652704560.624492, sdrt-health/mac:02010b41cdec/antenna/tag/e28068940000500386620d4f, 83
1652704560.624759, sdrt-health/mac:02010b41cdec/antenna/tag/e2806894000050038662154f, 85
1652704560.651319, sdrt-health/mac:02010b41cdec/antenna/tag/e2806894000040038662114f, 85
1652704560.69591, sdrt-health/mac:02010b41cdec/antenna/tag/e28068940000500386620d4f, 97
1652704560.740595, sdrt-health/mac:02010b41cdec/antenna/tag/e2806894000050038661fd4f, 97
1652704560.802466, sdrt-health/mac:02010b41cdec/antenna/tag/e2806894000040038662114f, 85
1652704560.802998, sdrt-health/mac:02010b41cdec/antenna/tag/e2806894000040038662114f, 88
1652704560.83572, sdrt-health/mac:02010b41cdec/antenna/tag/e28068940000500386620d4f, 97
1652704560.876178, sdrt-health/mac:02010b41cdec/antenna/tag/e28068940000500386620d4f, 97
1652704560.90642, sdrt-health/mac:02010b41cdec/antenna/tag/e2806894000050038662154f, 85
1652704560.90671, sdrt-health/mac:02010b41cdec/antenna/tag/e28068940000500386620d4f, 97
1652704560.921083, sdrt-health/mac:02010b41cdec/antenna/tag/e28068940000500386620d4f, 83
1652704560.956101, sdrt-health/mac:02010b41cdec/antenna/tag/e28068940000400386621d4f, 77
1652704561.011276, sdrt-health/mac:02010b41cdec/antenna/tag/e2806894000050038662194f, 87
1652704561.011727, sdrt-health/mac:02010b41cdec/antenna/tag/e2806894000050038662194f, 81
1652704561.034869, sdrt-health/mac:02010b41cdec/antenna/tag/e28068940000400386621d4f, 96
1652704561.075908, sdrt-health/mac:02010b41cdec/antenna/tag/e28068940000400386621d4f, 96
1652704561.117015, sdrt-health/mac:02010b41cdec/antenna/tag/e28068940000500386620d4f, 83
1652704561.171111, sdrt-health/mac:02010b41cdec/antenna/tag/e28068940000400386621d4f, 96
1652704561.171617, sdrt-health/mac:02010b41cdec/antenna/tag/e2806894000040038662114f, 85
1652704561.185553, sdrt-health/mac:02010b41cdec/antenna/tag/e28068940000400386621d4f, 96
1652704561.195794, sdrt-health/mac:02010b41cdec/antenna/tag/e28068940000400386621d4f, 77
1652704561.200491, sdrt-health/mac:02010b41cdec/antenna/tag/e2806894000040038662114f, 88
1652704561.200756, sdrt-health/mac:02010b41cdec/antenna/tag/e28068940000500386620d4f, 86
1652704561.236677, sdrt-health/mac:02010b41cdec/antenna/tag/e2806894000050038661fd4f, 91
1652704561.34772, sdrt-health/mac:02010b41cdec/antenna/tag/e2806894000050038661fd4f, 97
1652704561.348298, sdrt-health/mac:02010b41cdec/antenna/tag/e2806894000050038662154f, 88
1652704561.407708, sdrt-health/mac:02010b41cdec/antenna/tag/e28068940000400386621d4f, 96
1652704561.438535, sdrt-health/mac:02010b41cdec/antenna/tag/e2806894000050038662154f, 88
1652704561.438926, sdrt-health/mac:02010b41cdec/antenna/tag/e2806894000050038661fd4f, 97
1652704561.439187, sdrt-health/mac:02010b41cdec/antenna/tag/e2806894000040038662114f, 85
1652704561.463279, sdrt-health/mac:02010b41cdec/antenna/tag/e2806894000040038662114f, 91
1652704561.494663, sdrt-health/mac:02010b41cdec/antenna/tag/e2806894000050038661fd4f, 91
1652704561.495004, sdrt-health/mac:02010b41cdec/antenna/tag/e2806894000050038662154f, 88
1652704561.51007, sdrt-health/mac:02010b41cdec/antenna/tag/e2806894000040038662114f, 88
1652704561.564159, sdrt-health/mac:02010b41cdec/antenna/tag/e2806894000050038662194f, 94
1652704561.61211, sdrt-health/mac:02010b41cdec/antenna/tag/e2806894000040038662114f, 85
1652704561.672108, sdrt-health/mac:02010b41cdec/antenna/tag/e2806894000050038662154f, 85
1652704561.672648, sdrt-health/mac:02010b41cdec/antenna/tag/e2806894000050038662154f, 88
1652704561.716704, sdrt-health/mac:02010b41cdec/antenna/tag/e2806894000050038661fd4f, 83
1652704561.747258, sdrt-health/mac:02010b41cdec/antenna/tag/e28068940000500386620d4f, 83
1652704561.748428, sdrt-health/mac:02010b41cdec/antenna/tag/e2806894000050038661fd4f, 97
1652704561.772842, sdrt-health/mac:02010b41cdec/antenna/tag/e2806894000040038662114f, 85
1652704561.838846, sdrt-health/mac:02010b41cdec/antenna/tag/e2806894000050038662154f, 88
1652704561.839436, sdrt-health/mac:02010b41cdec/antenna/tag/e2806894000040038662114f, 85
1652704561.875838, sdrt-health/mac:02010b41cdec/antenna/tag/e2806894000040038662114f, 88
1652704561.877011, sdrt-health/mac:02010b41cdec/antenna/tag/e28068940000400386621d4f, 96
1652704561.89096, sdrt-health/mac:02010b41cdec/antenna/tag/e2806894000050038662154f, 88
1652704561.891171, sdrt-health/mac:02010b41cdec/antenna/tag/e2806894000040038662114f, 85
1652704561.934603, sdrt-health/mac:02010b41cdec/antenna/tag/e2806894000050038662154f, 88
1652704561.991455, sdrt-health/mac:02010b41cdec/antenna/tag/e28068940000400386621d4f, 96
1652704561.992017, sdrt-health/mac:02010b41cdec/antenna/tag/e28068940000400386621d4f, 96
1652704562.011576, sdrt-health/mac:02010b41cdec/antenna/tag/e28068940000400386621d4f, 96
1652704562.042296, sdrt-health/mac:02010b41cdec/antenna/tag/e2806894000050038662154f, 85
1652704562.042563, sdrt-health/mac:02010b41cdec/antenna/tag/e2806894000040038662114f, 85
1652704562.076162, sdrt-health/mac:02010b41cdec/antenna/tag/e28068940000500386620d4f, 83
1652704562.139222, sdrt-health/mac:02010b41cdec/antenna/tag/e2806894000050038661fd4f, 97
1652704562.13971, sdrt-health/mac:02010b41cdec/antenna/tag/e2806894000050038661fd4f, 91
1652704562.153115, sdrt-health/mac:02010b41cdec/antenna/tag/e2806894000040038662214f, 81
1652704562.171992, sdrt-health/mac:02010b41cdec/antenna/tag/e2806894000040038662114f, 85
1652704562.21682, sdrt-health/mac:02010b41cdec/antenna/tag/e28068940000500386620d4f, 97
1652704562.287163, sdrt-health/mac:02010b41cdec/antenna/tag/e28068940000400386621d4f, 96
1652704562.331077, sdrt-health/mac:02010b41cdec/antenna/tag/e2806894000050038662154f, 85
1652704562.386028, sdrt-health/mac:02010b41cdec/antenna/tag/e2806894000050038662154f, 85
1652704562.4514, sdrt-health/mac:02010b41cdec/antenna/tag/e28068940000500386620d4f, 83
1652704562.451959, sdrt-health/mac:02010b41cdec/antenna/tag/e2806894000050038661fd4f, 97
1652704562.466625, sdrt-health/mac:02010b41cdec/antenna/tag/e2806894000050038662194f, 94
1652704562.476377, sdrt-health/mac:02010b41cdec/antenna/tag/e2806894000050038661fd4f, 97
1652704562.515702, sdrt-health/mac:02010b41cdec/antenna/tag/e28068940000500386620d4f, 83
1652704562.570895, sdrt-health/mac:02010b41cdec/antenna/tag/e2806894000050038661fd4f, 97
1652704562.571369, sdrt-health/mac:02010b41cdec/antenna/tag/e28068940000400386621d4f, 96
1652704562.571739, sdrt-health/mac:02010b41cdec/antenna/tag/e2806894000040038662114f, 91
1652704562.595974, sdrt-health/mac:02010b41cdec/antenna/tag/e2806894000050038662154f, 85
1652704562.667242, sdrt-health/mac:02010b41cdec/antenna/tag/e28068940000500386620d4f, 91
1652704562.705917, sdrt-health/mac:02010b41cdec/antenna/tag/e2806894000040038662214f, 94
1652704562.756421, sdrt-health/mac:02010b41cdec/antenna/tag/e2806894000040038662114f, 85
1652704562.787276, sdrt-health/mac:02010b41cdec/antenna/tag/e28068940000400386621d4f, 96
1652704562.787518, sdrt-health/mac:02010b41cdec/antenna/tag/e28068940000500386620d4f, 83
1652704562.795308, sdrt-health/mac:02010b41cdec/antenna/tag/e2806894000050038661fd4f, 83
1652704562.80084, sdrt-health/mac:02010b41cdec/antenna/tag/e2806894000050038661fd4f, 83
1652704562.84406, sdrt-health/mac:02010b41cdec/antenna/tag/e2806894000050038661fd4f, 83
1652704562.906361, sdrt-health/mac:02010b41cdec/antenna/tag/e2806894000050038662154f, 88
1652704562.906883, sdrt-health/mac:02010b41cdec/antenna/tag/e2806894000050038661fd4f, 97
1652704562.919977, sdrt-health/mac:02010b41cdec/antenna/tag/e2806894000050038662154f, 85
1652704562.936286, sdrt-health/mac:02010b41cdec/antenna/tag/e2806894000050038661fd4f, 97
1652704562.993931, sdrt-health/mac:02010b41cdec/antenna/tag/e28068940000400386621d4f, 96
1652704562.994372, sdrt-health/mac:02010b41cdec/antenna/tag/e28068940000500386620d4f, 91
1652704563.060522, sdrt-health/mac:02010b41cdec/antenna/tag/e28068940000400386621d4f, 77
1652704563.104452, sdrt-health/mac:02010b41cdec/antenna/tag/e28068940000400386621d4f, 77
1652704563.156508, sdrt-health/mac:02010b41cdec/antenna/tag/e28068940000400386621d4f, 96
1652704563.210917, sdrt-health/mac:02010b41cdec/antenna/tag/e2806894000050038661fd4f, 91
1652704563.211285, sdrt-health/mac:02010b41cdec/antenna/tag/e2806894000050038661fd4f, 97
1652704563.242916, sdrt-health/mac:02010b41cdec/antenna/tag/e2806894000050038662154f, 88
1652704563.291954, sdrt-health/mac:02010b41cdec/antenna/tag/e2806894000050038662154f, 88
1652704563.337129, sdrt-health/mac:02010b41cdec/antenna/tag/e2806894000040038662114f, 85
1652704563.368049, sdrt-health/mac:02010b41cdec/antenna/tag/e2806894000050038662154f, 88
1652704563.368281, sdrt-health/mac:02010b41cdec/antenna/tag/e28068940000400386621d4f, 96
1652704563.368433, sdrt-health/mac:02010b41cdec/antenna/tag/e28068940000400386621d4f, 96
1652704563.385094, sdrt-health/mac:02010b41cdec/antenna/tag/e2806894000040038662114f, 88
1652704563.426404, sdrt-health/mac:02010b41cdec/antenna/tag/e28068940000400386621d4f, 90
1652704563.484391, sdrt-health/mac:02010b41cdec/antenna/tag/e2806894000050038662154f, 88
1652704563.532358, sdrt-health/mac:02010b41cdec/antenna/tag/e2806894000050038662154f, 93
1652704563.576372, sdrt-health/mac:02010b41cdec/antenna/tag/e28068940000500386620d4f, 83
1652704563.576984, sdrt-health/mac:02010b41cdec/antenna/tag/e2806894000040038662114f, 85
1652704563.577636, sdrt-health/mac:02010b41cdec/antenna/tag/e2806894000050038662194f, 88
1652704563.61971, sdrt-health/mac:02010b41cdec/antenna/tag/e28068940000500386620d4f, 83
1652704563.726182, sdrt-health/mac:02010b41cdec/antenna/tag/e28068940000400386621d4f, 96
1652704563.780386, sdrt-health/mac:02010b41cdec/antenna/tag/e28068940000400386621d4f, 96
1652704563.826291, sdrt-health/mac:02010b41cdec/antenna/tag/e2806894000040038661f94f, 88
1652704563.903397, sdrt-health/mac:02010b41cdec/antenna/tag/e28068940000500386620d4f, 83
1652704563.903961, sdrt-health/mac:02010b41cdec/antenna/tag/e28068940000400386621d4f, 96
1652704563.920079, sdrt-health/mac:02010b41cdec/antenna/tag/e2806894000040038662114f, 88
1652704563.920506, sdrt-health/mac:02010b41cdec/antenna/tag/e2806894000050038661fd4f, 91
1652704563.920829, sdrt-health/mac:02010b41cdec/antenna/tag/e2806894000050038662154f, 85
1652704563.936531, sdrt-health/mac:02010b41cdec/antenna/tag/e28068940000500386620d4f, 97
1652704563.93681, sdrt-health/mac:02010b41cdec/antenna/tag/e28068940000400386621d4f, 77
1652704563.975884, sdrt-health/mac:02010b41cdec/antenna/tag/e2806894000040038662114f, 85
1652704564.036363, sdrt-health/mac:02010b41cdec/antenna/tag/e2806894000040038662114f, 85
1652704564.036979, sdrt-health/mac:02010b41cdec/antenna/tag/e2806894000050038662154f, 87
1652704564.07698, sdrt-health/mac:02010b41cdec/antenna/tag/e28068940000500386620d4f, 97
1652704564.130901, sdrt-health/mac:02010b41cdec/antenna/tag/e28068940000500386620d4f, 97
1652704564.131394, sdrt-health/mac:02010b41cdec/antenna/tag/e2806894000040038662214f, 88
1652704564.14644, sdrt-health/mac:02010b41cdec/antenna/tag/e2806894000050038661fd4f, 91
1652704564.195476, sdrt-health/mac:02010b41cdec/antenna/tag/e2806894000040038662114f, 93
1652704564.237069, sdrt-health/mac:02010b41cdec/antenna/tag/e28068940000500386620d4f, 97
1652704564.276084, sdrt-health/mac:02010b41cdec/antenna/tag/e2806894000050038661fd4f, 97
1652704564.332808, sdrt-health/mac:02010b41cdec/antenna/tag/e28068940000400386621d4f, 96
1652704564.365902, sdrt-health/mac:02010b41cdec/antenna/tag/e2806894000040038662114f, 85
1652704564.366245, sdrt-health/mac:02010b41cdec/antenna/tag/e28068940000500386620d4f, 83
1652704564.381975, sdrt-health/mac:02010b41cdec/antenna/tag/e28068940000400386621d4f, 90
1652704564.382342, sdrt-health/mac:02010b41cdec/antenna/tag/e2806894000040038662114f, 85
1652704564.38269, sdrt-health/mac:02010b41cdec/antenna/tag/e2806894000050038662154f, 85
1652704564.382983, sdrt-health/mac:02010b41cdec/antenna/tag/e2806894000050038661fd4f, 97
1652704564.419575, sdrt-health/mac:02010b41cdec/antenna/tag/e2806894000050038662194f, 94
1652704564.466436, sdrt-health/mac:02010b41cdec/antenna/tag/e2806894000050038662194f, 81
1652704564.51795, sdrt-health/mac:02010b41cdec/antenna/tag/e28068940000400386621d4f, 96
1652704564.580412, sdrt-health/mac:02010b41cdec/antenna/tag/e28068940000500386620d4f, 83
1652704564.580672, sdrt-health/mac:02010b41cdec/antenna/tag/e28068940000500386620d4f, 83
1652704564.59547, sdrt-health/mac:02010b41cdec/antenna/tag/e2806894000040038662114f, 93
1652704564.635613, sdrt-health/mac:02010b41cdec/antenna/tag/e2806894000040038662114f, 93
1652704564.696556, sdrt-health/mac:02010b41cdec/antenna/tag/e2806894000040038662114f, 85
1652704564.738836, sdrt-health/mac:02010b41cdec/antenna/tag/e28068940000500386620d4f, 83
1652704564.77555, sdrt-health/mac:02010b41cdec/antenna/tag/e2806894000050038661fd4f, 83
1652704564.835693, sdrt-health/mac:02010b41cdec/antenna/tag/e2806894000040038662114f, 88
1652704564.87601, sdrt-health/mac:02010b41cdec/antenna/tag/e2806894000050038662154f, 88
1652704564.931207, sdrt-health/mac:02010b41cdec/antenna/tag/e28068940000400386621d4f, 90
1652704564.931711, sdrt-health/mac:02010b41cdec/antenna/tag/e2806894000050038661fd4f, 91
1652704564.945572, sdrt-health/mac:02010b41cdec/antenna/tag/e2806894000050038662154f, 85
1652704564.95576, sdrt-health/mac:02010b41cdec/antenna/tag/e2806894000050038662154f, 85
1652704564.960359, sdrt-health/mac:02010b41cdec/antenna/tag/e2806894000050038661fd4f, 91
1652704564.996174, sdrt-health/mac:02010b41cdec/antenna/tag/e2806894000040038662114f, 85
1652704565.056826, sdrt-health/mac:02010b41cdec/antenna/tag/e2806894000040038662114f, 85
1652704565.057442, sdrt-health/mac:02010b41cdec/antenna/tag/e2806894000050038662154f, 85
1652704565.071504, sdrt-health/mac:02010b41cdec/antenna/tag/e2806894000050038661fd4f, 91
1652704565.075026, sdrt-health/mac:02010b41cdec/antenna/tag/e28068940000400386621d4f, 77
1652704565.115494, sdrt-health/mac:02010b41cdec/antenna/tag/e2806894000040038662114f, 93
1652704565.171096, sdrt-health/mac:02010b41cdec/antenna/tag/e2806894000050038661fd4f, 91
1652704565.171548, sdrt-health/mac:02010b41cdec/antenna/tag/e2806894000050038661fd4f, 85
1652704565.195323, sdrt-health/mac:02010b41cdec/antenna/tag/e28068940000500386620d4f, 97
1652704565.250543, sdrt-health/mac:02010b41cdec/antenna/tag/e28068940000400386621d4f, 77
1652704565.250929, sdrt-health/mac:02010b41cdec/antenna/tag/e28068940000500386620d4f, 91
1652704565.265608, sdrt-health/mac:02010b41cdec/antenna/tag/e28068940000500386620d4f, 91
1652704565.275851, sdrt-health/mac:02010b41cdec/antenna/tag/e2806894000050038661fd4f, 91
1652704565.33701, sdrt-health/mac:02010b41cdec/antenna/tag/e2806894000050038662194f, 82
1652704565.38023, sdrt-health/mac:02010b41cdec/antenna/tag/e2806894000050038662154f, 85
1652704565.426422, sdrt-health/mac:02010b41cdec/antenna/tag/e2806894000040038662114f, 85
1652704565.492978, sdrt-health/mac:02010b41cdec/antenna/tag/e2806894000050038662154f, 93
1652704565.493424, sdrt-health/mac:02010b41cdec/antenna/tag/e2806894000050038662154f, 81
1652704565.515682, sdrt-health/mac:02010b41cdec/antenna/tag/e28068940000400386621d4f, 77
1652704565.572065, sdrt-health/mac:02010b41cdec/antenna/tag/e2806894000050038661fd4f, 91
1652704565.572503, sdrt-health/mac:02010b41cdec/antenna/tag/e28068940000500386620d4f, 83
1652704565.586573, sdrt-health/mac:02010b41cdec/antenna/tag/e28068940000400386621d4f, 77
1652704565.660731, sdrt-health/mac:02010b41cdec/antenna/tag/e2806894000050038662194f, 94
1652704565.661223, sdrt-health/mac:02010b41cdec/antenna/tag/e2806894000050038662194f, 83
1652704565.692228, sdrt-health/mac:02010b41cdec/antenna/tag/e2806894000040038662114f, 85
1652704565.751603, sdrt-health/mac:02010b41cdec/antenna/tag/e2806894000040038662114f, 88
1652704565.752098, sdrt-health/mac:02010b41cdec/antenna/tag/e2806894000040038662114f, 93
1652704565.86613, sdrt-health/mac:02010b41cdec/antenna/tag/e28068940000400386621d4f, 96
1652704565.916045, sdrt-health/mac:02010b41cdec/antenna/tag/e28068940000400386621d4f, 96
1652704565.970603, sdrt-health/mac:02010b41cdec/antenna/tag/e2806894000050038661fd4f, 88
1652704565.971099, sdrt-health/mac:02010b41cdec/antenna/tag/e2806894000040038662114f, 88
1652704566.027744, sdrt-health/mac:02010b41cdec/antenna/tag/e2806894000050038661fd4f, 97
1652704566.066611, sdrt-health/mac:02010b41cdec/antenna/tag/e28068940000500386620d4f, 83
1652704566.1151, sdrt-health/mac:02010b41cdec/antenna/tag/e2806894000050038661fd4f, 91
1652704566.156322, sdrt-health/mac:02010b41cdec/antenna/tag/e28068940000500386620d4f, 83
1652704566.196505, sdrt-health/mac:02010b41cdec/antenna/tag/e2806894000050038662194f, 81
1652704566.252519, sdrt-health/mac:02010b41cdec/antenna/tag/e2806894000040038662114f, 85
1652704566.295313, sdrt-health/mac:02010b41cdec/antenna/tag/e2806894000050038662154f, 88
1652704566.295888, sdrt-health/mac:02010b41cdec/antenna/tag/e28068940000400386621d4f, 96
1652704566.311409, sdrt-health/mac:02010b41cdec/antenna/tag/e2806894000040038662114f, 88
1652704566.338777, sdrt-health/mac:02010b41cdec/antenna/tag/e2806894000040038662114f, 88
1652704566.401131, sdrt-health/mac:02010b41cdec/antenna/tag/e2806894000050038661fd4f, 97
1652704566.401749, sdrt-health/mac:02010b41cdec/antenna/tag/e2806894000050038661fd4f, 97
1652704566.435501, sdrt-health/mac:02010b41cdec/antenna/tag/e28068940000500386620d4f, 83
1652704566.531582, sdrt-health/mac:02010b41cdec/antenna/tag/e2806894000050038661fd4f, 97
1652704566.532072, sdrt-health/mac:02010b41cdec/antenna/tag/e2806894000050038662194f, 88
1652704566.554825, sdrt-health/mac:02010b41cdec/antenna/tag/e28068940000500386620d4f, 83
1652704566.596181, sdrt-health/mac:02010b41cdec/antenna/tag/e2806894000050038662154f, 85
1652704566.652626, sdrt-health/mac:02010b41cdec/antenna/tag/e28068940000500386620d4f, 83
1652704566.653001, sdrt-health/mac:02010b41cdec/antenna/tag/e28068940000500386620d4f, 97
1652704566.675136, sdrt-health/mac:02010b41cdec/antenna/tag/e2806894000040038662114f, 85
1652704566.731792, sdrt-health/mac:02010b41cdec/antenna/tag/e2806894000050038662154f, 85
1652704566.811631, sdrt-health/mac:02010b41cdec/antenna/tag/e28068940000500386620d4f, 83
1652704566.856058, sdrt-health/mac:02010b41cdec/antenna/tag/e2806894000040038662114f, 85
1652704566.916505, sdrt-health/mac:02010b41cdec/antenna/tag/e2806894000040038662114f, 85
1652704566.916979, sdrt-health/mac:02010b41cdec/antenna/tag/e2806894000040038662114f, 85
1652704566.947134, sdrt-health/mac:02010b41cdec/antenna/tag/e28068940000400386621d4f, 96
1652704566.977495, sdrt-health/mac:02010b41cdec/antenna/tag/e2806894000050038661fd4f, 91
1652704566.977732, sdrt-health/mac:02010b41cdec/antenna/tag/e2806894000050038661fd4f, 97
1652704566.995795, sdrt-health/mac:02010b41cdec/antenna/tag/e28068940000400386621d4f, 96
1652704567.049491, sdrt-health/mac:02010b41cdec/antenna/tag/e2806894000040038662114f, 85
1652704567.049943, sdrt-health/mac:02010b41cdec/antenna/tag/e2806894000050038661fd4f, 91
1652704567.085708, sdrt-health/mac:02010b41cdec/antenna/tag/e28068940000500386620d4f, 83
1652704567.131715, sdrt-health/mac:02010b41cdec/antenna/tag/e2806894000050038662194f, 88
1652704567.175716, sdrt-health/mac:02010b41cdec/antenna/tag/e2806894000050038662154f, 91
1652704567.234641, sdrt-health/mac:02010b41cdec/antenna/tag/e2806894000050038661fd4f, 97
1652704567.235088, sdrt-health/mac:02010b41cdec/antenna/tag/e2806894000050038662154f, 88
1652704567.265776, sdrt-health/mac:02010b41cdec/antenna/tag/e2806894000050038661fd4f, 97
1652704567.330202, sdrt-health/mac:02010b41cdec/antenna/tag/e2806894000040038662114f, 93
1652704567.330726, sdrt-health/mac:02010b41cdec/antenna/tag/e28068940000500386620d4f, 83
1652704567.331207, sdrt-health/mac:02010b41cdec/antenna/tag/e2806894000040038662114f, 88
1652704567.355768, sdrt-health/mac:02010b41cdec/antenna/tag/e28068940000400386621d4f, 96
1652704567.410987, sdrt-health/mac:02010b41cdec/antenna/tag/e28068940000500386620d4f, 97
1652704567.411437, sdrt-health/mac:02010b41cdec/antenna/tag/e2806894000040038662114f, 85
1652704567.435307, sdrt-health/mac:02010b41cdec/antenna/tag/e2806894000050038661fd4f, 83
1652704567.48413, sdrt-health/mac:02010b41cdec/antenna/tag/e28068940000400386621d4f, 77
1652704567.576082, sdrt-health/mac:02010b41cdec/antenna/tag/e2806894000050038661fd4f, 91
1652704567.645256, sdrt-health/mac:02010b41cdec/antenna/tag/e28068940000400386621d4f, 96
1652704567.645716, sdrt-health/mac:02010b41cdec/antenna/tag/e2806894000050038662154f, 88
1652704567.660359, sdrt-health/mac:02010b41cdec/antenna/tag/e28068940000400386621d4f, 96
1652704567.661039, sdrt-health/mac:02010b41cdec/antenna/tag/e2806894000050038661fd4f, 91
1652704567.690913, sdrt-health/mac:02010b41cdec/antenna/tag/e2806894000050038662154f, 93
1652704567.736258, sdrt-health/mac:02010b41cdec/antenna/tag/e28068940000400386621d4f, 77
1652704567.916815, sdrt-health/mac:02010b41cdec/antenna/tag/scan, scan stopped
