1652704285.388145, sdrt-health/mac:02010b41cdec/antenna/power/set, {"power": 280}
1652704286.466059, sdrt-health/mac:02010b41cdec/antenna/power/set, 
1652704290.410216, sdrt-health/mac:02010b41cdec/antenna/tag/scan, {"time": 20000}
1652704290.838122, sdrt-health/mac:02010b41cdec/antenna/tag/e2806894000050038662154f, 85
1652704290.894851, sdrt-health/mac:02010b41cdec/antenna/tag/e2806894000050038662154f, 85
1652704290.92548, sdrt-health/mac:02010b41cdec/antenna/tag/e28068940000400386621d4f, 96
1652704290.92577, sdrt-health/mac:02010b41cdec/antenna/tag/e28068940000400386621d4f, 96
1652704290.945468, sdrt-health/mac:02010b41cdec/antenna/tag/e2806894000040038662114f, 85
1652704291.018403, sdrt-health/mac:02010b41cdec/antenna/tag/e2806894000050038661fd4f, 97
1652704291.018939, sdrt-health/mac:02010b41cdec/antenna/tag/e2806894000050038662154f, 87
1652704291.033861, sdrt-health/mac:02010b41cdec/antenna/tag/e2806894000050038661fd4f, 91
1652704291.034553, sdrt-health/mac:02010b41cdec/antenna/tag/e2806894000050038662154f, 87
1652704291.037605, sdrt-health/mac:02010b41cdec/antenna/tag/e28068940000400386621d4f, 77
1652704291.048898, sdrt-health/mac:02010b41cdec/antenna/tag/e2806894000040038662114f, 85
1652704291.076729, sdrt-health/mac:02010b41cdec/antenna/tag/e2806894000040038662114f, 88
1652704291.117976, sdrt-health/mac:02010b41cdec/antenna/tag/e2806894000050038662154f, 88
1652704291.156823, sdrt-health/mac:02010b41cdec/antenna/tag/e2806894000050038661fd4f, 97
1652704291.186836, sdrt-health/mac:02010b41cdec/antenna/tag/e2806894000040038662114f, 88
1652704291.18716, sdrt-health/mac:02010b41cdec/antenna/tag/e2806894000050038662154f, 85
1652704291.227132, sdrt-health/mac:02010b41cdec/antenna/tag/e28068940000500386620d4f, 97
1652704291.267015, sdrt-health/mac:02010b41cdec/antenna/tag/e28068940000400386621d4f, 96
1652704291.316788, sdrt-health/mac:02010b41cdec/antenna/tag/e28068940000500386620d4f, 83
1652704291.37313, sdrt-health/mac:02010b41cdec/antenna/tag/e28068940000400386621d4f, 77
1652704291.431895, sdrt-health/mac:02010b41cdec/antenna/tag/e2806894000050038662154f, 93
1652704291.432486, sdrt-health/mac:02010b41cdec/antenna/tag/e2806894000050038661fd4f, 88
1652704291.446596, sdrt-health/mac:02010b41cdec/antenna/tag/e2806894000050038662154f, 87
1652704291.476418, sdrt-health/mac:02010b41cdec/antenna/tag/e2806894000050038661fd4f, 91
1652704291.476728, sdrt-health/mac:02010b41cdec/antenna/tag/e28068940000500386620d4f, 83
1652704291.506827, sdrt-health/mac:02010b41cdec/antenna/tag/e28068940000500386620d4f, 83
1652704291.55787, sdrt-health/mac:02010b41cdec/antenna/tag/e28068940000500386620d4f, 83
1652704291.613431, sdrt-health/mac:02010b41cdec/antenna/tag/e2806894000050038662154f, 93
1652704291.613739, sdrt-health/mac:02010b41cdec/antenna/tag/e2806894000050038662154f, 93
1652704291.637019, sdrt-health/mac:02010b41cdec/antenna/tag/e2806894000050038662194f, 88
1652704291.677737, sdrt-health/mac:02010b41cdec/antenna/tag/e2806894000050038662154f, 87
1652704291.736946, sdrt-health/mac:02010b41cdec/antenna/tag/e2806894000050038661fd4f, 97
1652704291.780724, sdrt-health/mac:02010b41cdec/antenna/tag/e2806894000050038662154f, 85
1652704291.815829, sdrt-health/mac:02010b41cdec/antenna/tag/e2806894000040038662114f, 93
1652704291.902362, sdrt-health/mac:02010b41cdec/antenna/tag/e28068940000400386621d4f, 96
1652704291.902915, sdrt-health/mac:02010b41cdec/antenna/tag/e2806894000040038662114f, 93
1652704291.947942, sdrt-health/mac:02010b41cdec/antenna/tag/e28068940000400386621d4f, 96
1652704291.987294, sdrt-health/mac:02010b41cdec/antenna/tag/e28068940000400386621d4f, 96
1652704292.048508, sdrt-health/mac:02010b41cdec/antenna/tag/e2806894000050038662154f, 85
1652704292.079074, sdrt-health/mac:02010b41cdec/antenna/tag/e28068940000500386620d4f, 83
1652704292.07942, sdrt-health/mac:02010b41cdec/antenna/tag/e2806894000050038662154f, 85
1652704292.092813, sdrt-health/mac:02010b41cdec/antenna/tag/e2806894000040038662114f, 85
1652704292.190827, sdrt-health/mac:02010b41cdec/antenna/tag/e2806894000050038662154f, 85
1652704292.26221, sdrt-health/mac:02010b41cdec/antenna/tag/e28068940000400386621d4f, 96
1652704292.292129, sdrt-health/mac:02010b41cdec/antenna/tag/e2806894000050038661fd4f, 97
1652704292.292432, sdrt-health/mac:02010b41cdec/antenna/tag/e28068940000400386621d4f, 96
1652704292.307052, sdrt-health/mac:02010b41cdec/antenna/tag/e2806894000050038662194f, 81
1652704292.308309, sdrt-health/mac:02010b41cdec/antenna/tag/e28068940000400386621d4f, 96
1652704292.356893, sdrt-health/mac:02010b41cdec/antenna/tag/e28068940000400386621d4f, 96
1652704292.414542, sdrt-health/mac:02010b41cdec/antenna/tag/e2806894000050038662194f, 94
1652704292.415109, sdrt-health/mac:02010b41cdec/antenna/tag/e2806894000040038662114f, 93
1652704292.429463, sdrt-health/mac:02010b41cdec/antenna/tag/e28068940000500386620d4f, 97
1652704292.436079, sdrt-health/mac:02010b41cdec/antenna/tag/e2806894000050038662154f, 85
1652704292.445442, sdrt-health/mac:02010b41cdec/antenna/tag/e2806894000040038662114f, 93
1652704292.477455, sdrt-health/mac:02010b41cdec/antenna/tag/e2806894000050038661fd4f, 91
1652704292.516901, sdrt-health/mac:02010b41cdec/antenna/tag/e2806894000040038662214f, 88
1652704292.573294, sdrt-health/mac:02010b41cdec/antenna/tag/e2806894000050038661fd4f, 91
1652704292.573796, sdrt-health/mac:02010b41cdec/antenna/tag/e2806894000050038661fd4f, 91
1652704292.587975, sdrt-health/mac:02010b41cdec/antenna/tag/e2806894000050038662194f, 84
1652704292.618486, sdrt-health/mac:02010b41cdec/antenna/tag/e28068940000400386621d4f, 77
1652704292.618685, sdrt-health/mac:02010b41cdec/antenna/tag/e2806894000040038662114f, 93
1652704292.618869, sdrt-health/mac:02010b41cdec/antenna/tag/e2806894000050038661fd4f, 88
1652704292.666821, sdrt-health/mac:02010b41cdec/antenna/tag/e28068940000400386621d4f, 96
1652704292.706787, sdrt-health/mac:02010b41cdec/antenna/tag/e2806894000050038661fd4f, 97
1652704292.756466, sdrt-health/mac:02010b41cdec/antenna/tag/e28068940000400386621d4f, 96
1652704292.797435, sdrt-health/mac:02010b41cdec/antenna/tag/e28068940000500386620d4f, 83
1652704292.853389, sdrt-health/mac:02010b41cdec/antenna/tag/e28068940000400386621d4f, 77
1652704292.853917, sdrt-health/mac:02010b41cdec/antenna/tag/e28068940000400386621d4f, 96
1652704292.868911, sdrt-health/mac:02010b41cdec/antenna/tag/e28068940000400386621d4f, 96
1652704292.927451, sdrt-health/mac:02010b41cdec/antenna/tag/e2806894000040038662114f, 93
1652704293.006298, sdrt-health/mac:02010b41cdec/antenna/tag/e2806894000040038662114f, 85
1652704293.070642, sdrt-health/mac:02010b41cdec/antenna/tag/e2806894000040038662114f, 85
1652704293.071122, sdrt-health/mac:02010b41cdec/antenna/tag/e28068940000500386620d4f, 91
1652704293.097188, sdrt-health/mac:02010b41cdec/antenna/tag/e28068940000500386620d4f, 83
1652704293.128436, sdrt-health/mac:02010b41cdec/antenna/tag/e2806894000050038661fd4f, 97
1652704293.128673, sdrt-health/mac:02010b41cdec/antenna/tag/e28068940000400386621d4f, 90
1652704293.14309, sdrt-health/mac:02010b41cdec/antenna/tag/e2806894000050038662154f, 85
1652704293.195466, sdrt-health/mac:02010b41cdec/antenna/tag/e2806894000050038661fd4f, 83
1652704293.23806, sdrt-health/mac:02010b41cdec/antenna/tag/e28068940000500386620d4f, 97
1652704293.322275, sdrt-health/mac:02010b41cdec/antenna/tag/e28068940000500386620d4f, 83
1652704293.322727, sdrt-health/mac:02010b41cdec/antenna/tag/e28068940000500386620d4f, 83
1652704293.347184, sdrt-health/mac:02010b41cdec/antenna/tag/e2806894000050038661fd4f, 91
1652704293.39785, sdrt-health/mac:02010b41cdec/antenna/tag/e28068940000400386621d4f, 96
1652704293.437678, sdrt-health/mac:02010b41cdec/antenna/tag/e2806894000050038661fd4f, 88
1652704293.476537, sdrt-health/mac:02010b41cdec/antenna/tag/e2806894000050038661fd4f, 91
1652704293.5174, sdrt-health/mac:02010b41cdec/antenna/tag/e2806894000050038662154f, 87
1652704293.566488, sdrt-health/mac:02010b41cdec/antenna/tag/e2806894000050038661fd4f, 91
1652704293.612856, sdrt-health/mac:02010b41cdec/antenna/tag/e28068940000400386621d4f, 96
1652704293.657788, sdrt-health/mac:02010b41cdec/antenna/tag/e2806894000050038661fd4f, 91
1652704293.70074, sdrt-health/mac:02010b41cdec/antenna/tag/e2806894000050038661fd4f, 97
1652704293.73026, sdrt-health/mac:02010b41cdec/antenna/tag/e2806894000050038662154f, 85
1652704293.73054, sdrt-health/mac:02010b41cdec/antenna/tag/e28068940000400386621d4f, 96
1652704293.746443, sdrt-health/mac:02010b41cdec/antenna/tag/e28068940000400386621d4f, 96
1652704293.817498, sdrt-health/mac:02010b41cdec/antenna/tag/e28068940000500386620d4f, 97
1652704293.862246, sdrt-health/mac:02010b41cdec/antenna/tag/e2806894000050038662154f, 85
1652704293.892752, sdrt-health/mac:02010b41cdec/antenna/tag/e28068940000400386621d4f, 96
1652704293.89303, sdrt-health/mac:02010b41cdec/antenna/tag/e2806894000050038661fd4f, 97
1652704293.90723, sdrt-health/mac:02010b41cdec/antenna/tag/e2806894000050038662154f, 88
1652704293.936676, sdrt-health/mac:02010b41cdec/antenna/tag/e28068940000400386621d4f, 96
1652704293.937027, sdrt-health/mac:02010b41cdec/antenna/tag/e28068940000500386620d4f, 83
1652704293.957171, sdrt-health/mac:02010b41cdec/antenna/tag/e2806894000050038662154f, 93
1652704294.011826, sdrt-health/mac:02010b41cdec/antenna/tag/e28068940000400386621d4f, 77
1652704294.012306, sdrt-health/mac:02010b41cdec/antenna/tag/e2806894000040038662214f, 94
1652704294.027753, sdrt-health/mac:02010b41cdec/antenna/tag/e2806894000050038661fd4f, 85
1652704294.076833, sdrt-health/mac:02010b41cdec/antenna/tag/e2806894000040038662114f, 85
1652704294.116419, sdrt-health/mac:02010b41cdec/antenna/tag/e2806894000040038662114f, 85
1652704294.157677, sdrt-health/mac:02010b41cdec/antenna/tag/e2806894000050038662154f, 88
1652704294.186966, sdrt-health/mac:02010b41cdec/antenna/tag/e28068940000500386620d4f, 88
1652704294.187182, sdrt-health/mac:02010b41cdec/antenna/tag/e2806894000050038661fd4f, 91
1652704294.21772, sdrt-health/mac:02010b41cdec/antenna/tag/e2806894000050038662154f, 91
1652704294.261956, sdrt-health/mac:02010b41cdec/antenna/tag/e2806894000040038662114f, 93
1652704294.321781, sdrt-health/mac:02010b41cdec/antenna/tag/e2806894000050038662154f, 88
1652704294.322225, sdrt-health/mac:02010b41cdec/antenna/tag/e2806894000050038661fd4f, 97
1652704294.357534, sdrt-health/mac:02010b41cdec/antenna/tag/e2806894000050038661fd4f, 91
1652704294.38745, sdrt-health/mac:02010b41cdec/antenna/tag/e28068940000500386620d4f, 97
1652704294.387731, sdrt-health/mac:02010b41cdec/antenna/tag/e2806894000050038662154f, 93
1652704294.403837, sdrt-health/mac:02010b41cdec/antenna/tag/e2806894000040038662114f, 85
1652704294.437558, sdrt-health/mac:02010b41cdec/antenna/tag/e2806894000040038662114f, 88
1652704294.493865, sdrt-health/mac:02010b41cdec/antenna/tag/e28068940000400386621d4f, 77
1652704294.494214, sdrt-health/mac:02010b41cdec/antenna/tag/e28068940000400386621d4f, 96
1652704294.527117, sdrt-health/mac:02010b41cdec/antenna/tag/e28068940000500386620d4f, 91
1652704294.57474, sdrt-health/mac:02010b41cdec/antenna/tag/e28068940000400386621d4f, 96
1652704294.632039, sdrt-health/mac:02010b41cdec/antenna/tag/e28068940000500386620d4f, 97
1652704294.632444, sdrt-health/mac:02010b41cdec/antenna/tag/e28068940000500386620d4f, 97
1652704294.646354, sdrt-health/mac:02010b41cdec/antenna/tag/e28068940000400386621d4f, 96
1652704294.64655, sdrt-health/mac:02010b41cdec/antenna/tag/e28068940000400386621d4f, 96
1652704294.660629, sdrt-health/mac:02010b41cdec/antenna/tag/e2806894000050038661fd4f, 83
1652704294.66085, sdrt-health/mac:02010b41cdec/antenna/tag/e2806894000050038662154f, 88
1652704294.734, sdrt-health/mac:02010b41cdec/antenna/tag/e2806894000040038662114f, 85
1652704294.793644, sdrt-health/mac:02010b41cdec/antenna/tag/e2806894000050038662154f, 88
1652704294.794109, sdrt-health/mac:02010b41cdec/antenna/tag/e2806894000050038662154f, 85
1652704294.794439, sdrt-health/mac:02010b41cdec/antenna/tag/e2806894000050038661fd4f, 83
1652704294.809751, sdrt-health/mac:02010b41cdec/antenna/tag/e28068940000500386620d4f, 97
1652704294.820549, sdrt-health/mac:02010b41cdec/antenna/tag/e28068940000500386620d4f, 97
1652704294.825488, sdrt-health/mac:02010b41cdec/antenna/tag/e2806894000050038661fd4f, 97
1652704294.868147, sdrt-health/mac:02010b41cdec/antenna/tag/e2806894000050038661fd4f, 91
1652704294.934773, sdrt-health/mac:02010b41cdec/antenna/tag/e28068940000500386620d4f, 83
1652704294.93531, sdrt-health/mac:02010b41cdec/antenna/tag/e2806894000050038661fd4f, 88
1652704294.950469, sdrt-health/mac:02010b41cdec/antenna/tag/e2806894000050038662154f, 93
1652704294.980848, sdrt-health/mac:02010b41cdec/antenna/tag/e28068940000400386621d4f, 96
1652704295.026793, sdrt-health/mac:02010b41cdec/antenna/tag/e2806894000050038661fd4f, 83
1652704295.09328, sdrt-health/mac:02010b41cdec/antenna/tag/e28068940000500386620d4f, 97
1652704295.093728, sdrt-health/mac:02010b41cdec/antenna/tag/e28068940000400386621d4f, 96
1652704295.10886, sdrt-health/mac:02010b41cdec/antenna/tag/e2806894000050038662154f, 88
1652704295.10919, sdrt-health/mac:02010b41cdec/antenna/tag/e2806894000050038661fd4f, 97
1652704295.10943, sdrt-health/mac:02010b41cdec/antenna/tag/e2806894000050038662154f, 85
1652704295.124052, sdrt-health/mac:02010b41cdec/antenna/tag/e2806894000050038662154f, 88
1652704295.124354, sdrt-health/mac:02010b41cdec/antenna/tag/e28068940000400386621d4f, 90
1652704295.15705, sdrt-health/mac:02010b41cdec/antenna/tag/e28068940000400386621d4f, 96
1652704295.197049, sdrt-health/mac:02010b41cdec/antenna/tag/e2806894000050038661fd4f, 97
1652704295.261604, sdrt-health/mac:02010b41cdec/antenna/tag/e28068940000500386620d4f, 97
1652704295.262115, sdrt-health/mac:02010b41cdec/antenna/tag/e28068940000500386620d4f, 97
1652704295.301496, sdrt-health/mac:02010b41cdec/antenna/tag/e28068940000500386620d4f, 97
1652704295.337044, sdrt-health/mac:02010b41cdec/antenna/tag/e2806894000040038662114f, 85
1652704295.381193, sdrt-health/mac:02010b41cdec/antenna/tag/e2806894000040038662114f, 85
1652704295.417612, sdrt-health/mac:02010b41cdec/antenna/tag/e28068940000500386620d4f, 97
1652704295.461671, sdrt-health/mac:02010b41cdec/antenna/tag/e2806894000050038662154f, 87
1652704295.497486, sdrt-health/mac:02010b41cdec/antenna/tag/e28068940000500386620d4f, 97
1652704295.540861, sdrt-health/mac:02010b41cdec/antenna/tag/e28068940000400386621d4f, 96
1652704295.60917, sdrt-health/mac:02010b41cdec/antenna/tag/e2806894000050038662154f, 85
1652704295.609605, sdrt-health/mac:02010b41cdec/antenna/tag/e28068940000500386620d4f, 91
1652704295.624383, sdrt-health/mac:02010b41cdec/antenna/tag/e28068940000400386621d4f, 96
1652704295.624613, sdrt-health/mac:02010b41cdec/antenna/tag/e2806894000050038662154f, 88
1652704295.636241, sdrt-health/mac:02010b41cdec/antenna/tag/e28068940000400386621d4f, 96
1652704295.676681, sdrt-health/mac:02010b41cdec/antenna/tag/e28068940000500386620d4f, 97
1652704295.734293, sdrt-health/mac:02010b41cdec/antenna/tag/e2806894000050038661fd4f, 97
1652704295.734731, sdrt-health/mac:02010b41cdec/antenna/tag/e2806894000050038661fd4f, 97
1652704295.749213, sdrt-health/mac:02010b41cdec/antenna/tag/e28068940000500386620d4f, 83
1652704295.756898, sdrt-health/mac:02010b41cdec/antenna/tag/e2806894000050038662194f, 81
1652704295.796652, sdrt-health/mac:02010b41cdec/antenna/tag/e28068940000500386620d4f, 83
1652704295.837166, sdrt-health/mac:02010b41cdec/antenna/tag/e2806894000040038662114f, 88
1652704295.865093, sdrt-health/mac:02010b41cdec/antenna/tag/e28068940000500386620d4f, 97
1652704295.865309, sdrt-health/mac:02010b41cdec/antenna/tag/e2806894000050038662154f, 85
1652704295.879508, sdrt-health/mac:02010b41cdec/antenna/tag/e2806894000050038662194f, 81
1652704295.916762, sdrt-health/mac:02010b41cdec/antenna/tag/e2806894000050038661fd4f, 91
1652704295.957266, sdrt-health/mac:02010b41cdec/antenna/tag/e2806894000050038662154f, 87
1652704296.028204, sdrt-health/mac:02010b41cdec/antenna/tag/e28068940000500386620d4f, 83
1652704296.028679, sdrt-health/mac:02010b41cdec/antenna/tag/e2806894000050038661fd4f, 88
1652704296.042915, sdrt-health/mac:02010b41cdec/antenna/tag/e2806894000050038662154f, 87
1652704296.064129, sdrt-health/mac:02010b41cdec/antenna/tag/e2806894000050038662154f, 88
1652704296.092714, sdrt-health/mac:02010b41cdec/antenna/tag/e28068940000400386621d4f, 96
1652704296.093076, sdrt-health/mac:02010b41cdec/antenna/tag/e2806894000040038662114f, 91
1652704296.117263, sdrt-health/mac:02010b41cdec/antenna/tag/e2806894000050038661fd4f, 97
1652704296.172674, sdrt-health/mac:02010b41cdec/antenna/tag/e28068940000500386620d4f, 83
1652704296.173165, sdrt-health/mac:02010b41cdec/antenna/tag/e2806894000040038662114f, 85
1652704296.197028, sdrt-health/mac:02010b41cdec/antenna/tag/e28068940000400386621d4f, 90
1652704296.237925, sdrt-health/mac:02010b41cdec/antenna/tag/e28068940000500386620d4f, 83
1652704296.317205, sdrt-health/mac:02010b41cdec/antenna/tag/e2806894000050038661fd4f, 91
1652704296.356688, sdrt-health/mac:02010b41cdec/antenna/tag/e2806894000050038661fd4f, 91
1652704296.438497, sdrt-health/mac:02010b41cdec/antenna/tag/e28068940000500386620d4f, 83
1652704296.476645, sdrt-health/mac:02010b41cdec/antenna/tag/e2806894000050038662154f, 93
1652704296.47714, sdrt-health/mac:02010b41cdec/antenna/tag/e2806894000050038661fd4f, 88
1652704296.492093, sdrt-health/mac:02010b41cdec/antenna/tag/e28068940000400386621d4f, 77
1652704296.519436, sdrt-health/mac:02010b41cdec/antenna/tag/e2806894000050038662154f, 85
1652704296.558908, sdrt-health/mac:02010b41cdec/antenna/tag/e2806894000040038662214f, 83
1652704296.596221, sdrt-health/mac:02010b41cdec/antenna/tag/e28068940000500386620d4f, 83
1652704296.596685, sdrt-health/mac:02010b41cdec/antenna/tag/e28068940000400386621d4f, 77
1652704296.636891, sdrt-health/mac:02010b41cdec/antenna/tag/e2806894000040038662114f, 85
1652704296.732488, sdrt-health/mac:02010b41cdec/antenna/tag/e2806894000040038662114f, 85
1652704296.77628, sdrt-health/mac:02010b41cdec/antenna/tag/e2806894000040038662114f, 93
1652704296.821467, sdrt-health/mac:02010b41cdec/antenna/tag/e2806894000040038662114f, 85
1652704296.868366, sdrt-health/mac:02010b41cdec/antenna/tag/e28068940000500386620d4f, 97
1652704296.916561, sdrt-health/mac:02010b41cdec/antenna/tag/e28068940000500386620d4f, 83
1652704296.917143, sdrt-health/mac:02010b41cdec/antenna/tag/e2806894000050038662154f, 83
1652704296.971896, sdrt-health/mac:02010b41cdec/antenna/tag/e2806894000040038662114f, 85
1652704296.972389, sdrt-health/mac:02010b41cdec/antenna/tag/e2806894000040038662114f, 85
1652704296.98613, sdrt-health/mac:02010b41cdec/antenna/tag/e2806894000050038662154f, 85
1652704296.986555, sdrt-health/mac:02010b41cdec/antenna/tag/e2806894000050038661fd4f, 91
1652704296.986901, sdrt-health/mac:02010b41cdec/antenna/tag/e28068940000500386620d4f, 83
1652704297.00202, sdrt-health/mac:02010b41cdec/antenna/tag/e28068940000400386621d4f, 96
1652704297.002339, sdrt-health/mac:02010b41cdec/antenna/tag/e2806894000050038662194f, 83
1652704297.037359, sdrt-health/mac:02010b41cdec/antenna/tag/e2806894000050038661fd4f, 91
1652704297.093669, sdrt-health/mac:02010b41cdec/antenna/tag/e28068940000400386621d4f, 96
1652704297.093935, sdrt-health/mac:02010b41cdec/antenna/tag/e2806894000050038662154f, 93
1652704297.133103, sdrt-health/mac:02010b41cdec/antenna/tag/e2806894000050038661fd4f, 88
1652704297.177276, sdrt-health/mac:02010b41cdec/antenna/tag/e28068940000500386620d4f, 83
1652704297.236717, sdrt-health/mac:02010b41cdec/antenna/tag/e2806894000040038662114f, 85
1652704297.237244, sdrt-health/mac:02010b41cdec/antenna/tag/e2806894000050038662154f, 85
1652704297.266846, sdrt-health/mac:02010b41cdec/antenna/tag/e28068940000500386620d4f, 97
1652704297.333922, sdrt-health/mac:02010b41cdec/antenna/tag/e2806894000050038661fd4f, 91
1652704297.33441, sdrt-health/mac:02010b41cdec/antenna/tag/e2806894000050038662154f, 85
1652704297.349592, sdrt-health/mac:02010b41cdec/antenna/tag/e2806894000050038662154f, 85
1652704297.388092, sdrt-health/mac:02010b41cdec/antenna/tag/e2806894000050038662154f, 85
1652704297.477791, sdrt-health/mac:02010b41cdec/antenna/tag/e2806894000050038662154f, 87
1652704297.51699, sdrt-health/mac:02010b41cdec/antenna/tag/e28068940000400386621d4f, 77
1652704297.573339, sdrt-health/mac:02010b41cdec/antenna/tag/e28068940000400386621d4f, 77
1652704297.57378, sdrt-health/mac:02010b41cdec/antenna/tag/e28068940000500386620d4f, 83
1652704297.596732, sdrt-health/mac:02010b41cdec/antenna/tag/e28068940000500386620d4f, 97
1652704297.650855, sdrt-health/mac:02010b41cdec/antenna/tag/e28068940000500386620d4f, 97
1652704297.651134, sdrt-health/mac:02010b41cdec/antenna/tag/e2806894000050038662154f, 88
1652704297.665065, sdrt-health/mac:02010b41cdec/antenna/tag/e2806894000050038661fd4f, 97
1652704297.677516, sdrt-health/mac:02010b41cdec/antenna/tag/e28068940000500386620d4f, 83
1652704297.71581, sdrt-health/mac:02010b41cdec/antenna/tag/e28068940000500386620d4f, 97
1652704297.782358, sdrt-health/mac:02010b41cdec/antenna/tag/e2806894000040038662114f, 85
1652704297.818802, sdrt-health/mac:02010b41cdec/antenna/tag/e2806894000050038661fd4f, 97
1652704297.877454, sdrt-health/mac:02010b41cdec/antenna/tag/e2806894000050038662154f, 93
1652704297.8779, sdrt-health/mac:02010b41cdec/antenna/tag/e2806894000050038661fd4f, 91
1652704297.892579, sdrt-health/mac:02010b41cdec/antenna/tag/e2806894000050038662154f, 87
1652704297.906464, sdrt-health/mac:02010b41cdec/antenna/tag/e28068940000400386621d4f, 96
1652704297.906772, sdrt-health/mac:02010b41cdec/antenna/tag/e28068940000500386620d4f, 83
1652704297.957012, sdrt-health/mac:02010b41cdec/antenna/tag/e2806894000040038662114f, 85
1652704298.019409, sdrt-health/mac:02010b41cdec/antenna/tag/e2806894000050038662154f, 87
1652704298.019932, sdrt-health/mac:02010b41cdec/antenna/tag/e2806894000050038661fd4f, 88
1652704298.036685, sdrt-health/mac:02010b41cdec/antenna/tag/e2806894000050038661fd4f, 91
1652704298.090967, sdrt-health/mac:02010b41cdec/antenna/tag/e2806894000050038662154f, 85
1652704298.091331, sdrt-health/mac:02010b41cdec/antenna/tag/e2806894000050038662154f, 85
1652704298.116389, sdrt-health/mac:02010b41cdec/antenna/tag/e2806894000040038662114f, 85
1652704298.173611, sdrt-health/mac:02010b41cdec/antenna/tag/e2806894000050038662154f, 87
1652704298.17405, sdrt-health/mac:02010b41cdec/antenna/tag/e2806894000050038662194f, 82
1652704298.237085, sdrt-health/mac:02010b41cdec/antenna/tag/e28068940000500386620d4f, 97
1652704298.2864, sdrt-health/mac:02010b41cdec/antenna/tag/e28068940000400386621d4f, 96
1652704298.316975, sdrt-health/mac:02010b41cdec/antenna/tag/e2806894000040038662114f, 87
1652704298.317595, sdrt-health/mac:02010b41cdec/antenna/tag/e2806894000050038662154f, 85
1652704298.331361, sdrt-health/mac:02010b41cdec/antenna/tag/e28068940000400386621d4f, 96
1652704298.357347, sdrt-health/mac:02010b41cdec/antenna/tag/e2806894000040038662114f, 85
1652704298.419811, sdrt-health/mac:02010b41cdec/antenna/tag/e2806894000050038662154f, 93
1652704298.420296, sdrt-health/mac:02010b41cdec/antenna/tag/e28068940000400386621d4f, 77
1652704298.439664, sdrt-health/mac:02010b41cdec/antenna/tag/e2806894000050038661fd4f, 88
1652704298.46994, sdrt-health/mac:02010b41cdec/antenna/tag/e2806894000040038662114f, 85
1652704298.470293, sdrt-health/mac:02010b41cdec/antenna/tag/e2806894000040038662114f, 85
1652704298.470608, sdrt-health/mac:02010b41cdec/antenna/tag/e2806894000050038662154f, 85
1652704298.48506, sdrt-health/mac:02010b41cdec/antenna/tag/e28068940000400386621d4f, 77
1652704298.528787, sdrt-health/mac:02010b41cdec/antenna/tag/e2806894000050038661fd4f, 97
1652704298.588313, sdrt-health/mac:02010b41cdec/antenna/tag/e28068940000500386620d4f, 91
1652704298.588763, sdrt-health/mac:02010b41cdec/antenna/tag/e2806894000040038662114f, 85
1652704298.60534, sdrt-health/mac:02010b41cdec/antenna/tag/e28068940000400386621d4f, 96
1652704298.618032, sdrt-health/mac:02010b41cdec/antenna/tag/e2806894000050038661fd4f, 97
1652704298.696355, sdrt-health/mac:02010b41cdec/antenna/tag/e2806894000050038661fd4f, 91
1652704298.740314, sdrt-health/mac:02010b41cdec/antenna/tag/e28068940000500386620d4f, 97
1652704298.777115, sdrt-health/mac:02010b41cdec/antenna/tag/e2806894000050038661fd4f, 97
1652704298.837191, sdrt-health/mac:02010b41cdec/antenna/tag/e28068940000500386620d4f, 83
1652704298.83767, sdrt-health/mac:02010b41cdec/antenna/tag/e2806894000050038661fd4f, 91
1652704298.853075, sdrt-health/mac:02010b41cdec/antenna/tag/e2806894000050038662194f, 88
1652704298.868391, sdrt-health/mac:02010b41cdec/antenna/tag/e2806894000050038662154f, 85
1652704298.918674, sdrt-health/mac:02010b41cdec/antenna/tag/e2806894000040038662114f, 93
1652704298.97285, sdrt-health/mac:02010b41cdec/antenna/tag/e28068940000400386621d4f, 96
1652704298.973297, sdrt-health/mac:02010b41cdec/antenna/tag/e2806894000040038662114f, 93
1652704298.973666, sdrt-health/mac:02010b41cdec/antenna/tag/e28068940000400386621d4f, 96
1652704298.999419, sdrt-health/mac:02010b41cdec/antenna/tag/e2806894000040038662114f, 87
1652704299.037328, sdrt-health/mac:02010b41cdec/antenna/tag/e2806894000040038662114f, 93
1652704299.076496, sdrt-health/mac:02010b41cdec/antenna/tag/e2806894000050038662154f, 93
1652704299.135783, sdrt-health/mac:02010b41cdec/antenna/tag/e28068940000400386621d4f, 77
1652704299.136303, sdrt-health/mac:02010b41cdec/antenna/tag/e2806894000050038662154f, 93
1652704299.163537, sdrt-health/mac:02010b41cdec/antenna/tag/e2806894000050038661fd4f, 88
1652704299.163837, sdrt-health/mac:02010b41cdec/antenna/tag/e2806894000050038662154f, 85
1652704299.164057, sdrt-health/mac:02010b41cdec/antenna/tag/e2806894000050038661fd4f, 91
1652704299.197636, sdrt-health/mac:02010b41cdec/antenna/tag/e2806894000050038661fd4f, 91
1652704299.251516, sdrt-health/mac:02010b41cdec/antenna/tag/e2806894000040038662114f, 85
1652704299.252166, sdrt-health/mac:02010b41cdec/antenna/tag/e2806894000050038662154f, 88
1652704299.252543, sdrt-health/mac:02010b41cdec/antenna/tag/e2806894000040038662114f, 93
1652704299.267901, sdrt-health/mac:02010b41cdec/antenna/tag/e2806894000050038661fd4f, 83
1652704299.279552, sdrt-health/mac:02010b41cdec/antenna/tag/e2806894000050038661fd4f, 97
1652704299.326691, sdrt-health/mac:02010b41cdec/antenna/tag/e28068940000500386620d4f, 97
1652704299.380975, sdrt-health/mac:02010b41cdec/antenna/tag/e28068940000400386621d4f, 77
1652704299.431833, sdrt-health/mac:02010b41cdec/antenna/tag/e28068940000400386621d4f, 96
1652704299.476576, sdrt-health/mac:02010b41cdec/antenna/tag/e2806894000050038662154f, 85
1652704299.477012, sdrt-health/mac:02010b41cdec/antenna/tag/e28068940000500386620d4f, 91
1652704299.477331, sdrt-health/mac:02010b41cdec/antenna/tag/e2806894000050038662154f, 85
1652704299.491435, sdrt-health/mac:02010b41cdec/antenna/tag/e2806894000040038662114f, 93
1652704299.511857, sdrt-health/mac:02010b41cdec/antenna/tag/e2806894000050038662154f, 85
1652704299.557031, sdrt-health/mac:02010b41cdec/antenna/tag/e2806894000050038662154f, 85
1652704299.611398, sdrt-health/mac:02010b41cdec/antenna/tag/e2806894000040038662114f, 85
1652704299.611603, sdrt-health/mac:02010b41cdec/antenna/tag/e2806894000050038661fd4f, 83
1652704299.676336, sdrt-health/mac:02010b41cdec/antenna/tag/e2806894000050038661fd4f, 83
1652704299.718679, sdrt-health/mac:02010b41cdec/antenna/tag/e28068940000400386621d4f, 96
1652704299.749192, sdrt-health/mac:02010b41cdec/antenna/tag/e2806894000050038662154f, 91
1652704299.749594, sdrt-health/mac:02010b41cdec/antenna/tag/e28068940000400386621d4f, 96
1652704299.764109, sdrt-health/mac:02010b41cdec/antenna/tag/e28068940000500386620d4f, 91
1652704299.764482, sdrt-health/mac:02010b41cdec/antenna/tag/e2806894000050038661fd4f, 83
1652704299.827959, sdrt-health/mac:02010b41cdec/antenna/tag/e28068940000500386620d4f, 97
1652704299.87704, sdrt-health/mac:02010b41cdec/antenna/tag/e28068940000400386621d4f, 96
1652704299.905541, sdrt-health/mac:02010b41cdec/antenna/tag/e2806894000050038662154f, 88
1652704299.905916, sdrt-health/mac:02010b41cdec/antenna/tag/e28068940000500386620d4f, 83
1652704299.906201, sdrt-health/mac:02010b41cdec/antenna/tag/e2806894000050038661fd4f, 91
1652704299.93324, sdrt-health/mac:02010b41cdec/antenna/tag/e2806894000040038662214f, 94
1652704299.990713, sdrt-health/mac:02010b41cdec/antenna/tag/e2806894000050038661fd4f, 91
1652704299.991057, sdrt-health/mac:02010b41cdec/antenna/tag/e28068940000500386620d4f, 97
1652704300.005893, sdrt-health/mac:02010b41cdec/antenna/tag/e2806894000040038662114f, 85
1652704300.02164, sdrt-health/mac:02010b41cdec/antenna/tag/e2806894000040038662214f, 83
1652704300.117534, sdrt-health/mac:02010b41cdec/antenna/tag/e2806894000040038662114f, 93
1652704300.180354, sdrt-health/mac:02010b41cdec/antenna/tag/e28068940000500386620d4f, 97
1652704300.241441, sdrt-health/mac:02010b41cdec/antenna/tag/e2806894000050038661fd4f, 97
1652704300.241894, sdrt-health/mac:02010b41cdec/antenna/tag/e28068940000400386621d4f, 96
1652704300.256833, sdrt-health/mac:02010b41cdec/antenna/tag/e28068940000400386621d4f, 96
1652704300.277379, sdrt-health/mac:02010b41cdec/antenna/tag/e2806894000050038662154f, 85
1652704300.30794, sdrt-health/mac:02010b41cdec/antenna/tag/e28068940000400386621d4f, 96
1652704300.308243, sdrt-health/mac:02010b41cdec/antenna/tag/e28068940000500386620d4f, 83
1652704300.30847, sdrt-health/mac:02010b41cdec/antenna/tag/e28068940000500386620d4f, 83
1652704300.32301, sdrt-health/mac:02010b41cdec/antenna/tag/e28068940000500386620d4f, 97
1652704300.356825, sdrt-health/mac:02010b41cdec/antenna/tag/e2806894000050038662154f, 85
1652704300.388964, sdrt-health/mac:02010b41cdec/antenna/tag/e2806894000040038662114f, 88
1652704300.389297, sdrt-health/mac:02010b41cdec/antenna/tag/e2806894000050038661fd4f, 97
1652704300.420629, sdrt-health/mac:02010b41cdec/antenna/tag/e28068940000500386620d4f, 97
1652704300.482228, sdrt-health/mac:02010b41cdec/antenna/tag/e2806894000050038662154f, 93
1652704300.482681, sdrt-health/mac:02010b41cdec/antenna/tag/e2806894000050038662154f, 85
1652704300.498431, sdrt-health/mac:02010b41cdec/antenna/tag/e2806894000040038662214f, 94
1652704300.516607, sdrt-health/mac:02010b41cdec/antenna/tag/e2806894000050038661fd4f, 91
1652704300.556758, sdrt-health/mac:02010b41cdec/antenna/tag/e2806894000040038662054f, 94
1652704300.603761, sdrt-health/mac:02010b41cdec/antenna/tag/e2806894000050038662154f, 88
1652704300.652328, sdrt-health/mac:02010b41cdec/antenna/tag/e2806894000050038661fd4f, 83
1652704300.652797, sdrt-health/mac:02010b41cdec/antenna/tag/e28068940000400386621d4f, 96
1652704300.666515, sdrt-health/mac:02010b41cdec/antenna/tag/e28068940000500386620d4f, 91
1652704300.675579, sdrt-health/mac:02010b41cdec/antenna/tag/e2806894000040038662114f, 93
1652704300.681747, sdrt-health/mac:02010b41cdec/antenna/tag/e28068940000500386620d4f, 91
1652704300.740716, sdrt-health/mac:02010b41cdec/antenna/tag/e2806894000050038661fd4f, 97
1652704300.786101, sdrt-health/mac:02010b41cdec/antenna/tag/e28068940000400386621d4f, 96
1652704300.876749, sdrt-health/mac:02010b41cdec/antenna/tag/e2806894000050038662154f, 87
1652704300.916986, sdrt-health/mac:02010b41cdec/antenna/tag/e28068940000500386620d4f, 83
1652704300.986648, sdrt-health/mac:02010b41cdec/antenna/tag/e2806894000050038662154f, 85
1652704301.026173, sdrt-health/mac:02010b41cdec/antenna/tag/e2806894000040038662114f, 93
1652704301.090827, sdrt-health/mac:02010b41cdec/antenna/tag/e2806894000050038661fd4f, 97
1652704301.091264, sdrt-health/mac:02010b41cdec/antenna/tag/e2806894000050038661fd4f, 97
1652704301.132457, sdrt-health/mac:02010b41cdec/antenna/tag/e28068940000400386621d4f, 96
1652704301.19164, sdrt-health/mac:02010b41cdec/antenna/tag/e2806894000040038662114f, 93
1652704301.192017, sdrt-health/mac:02010b41cdec/antenna/tag/e2806894000050038661fd4f, 83
1652704301.206401, sdrt-health/mac:02010b41cdec/antenna/tag/e2806894000050038662154f, 88
1652704301.236047, sdrt-health/mac:02010b41cdec/antenna/tag/e2806894000050038661fd4f, 83
1652704301.267586, sdrt-health/mac:02010b41cdec/antenna/tag/e2806894000050038661fd4f, 97
1652704301.267965, sdrt-health/mac:02010b41cdec/antenna/tag/e28068940000500386620d4f, 91
1652704301.282964, sdrt-health/mac:02010b41cdec/antenna/tag/e28068940000400386621d4f, 96
1652704301.32602, sdrt-health/mac:02010b41cdec/antenna/tag/e2806894000050038661fd4f, 83
1652704301.372563, sdrt-health/mac:02010b41cdec/antenna/tag/e2806894000050038662154f, 93
1652704301.430989, sdrt-health/mac:02010b41cdec/antenna/tag/e28068940000500386620d4f, 83
1652704301.431362, sdrt-health/mac:02010b41cdec/antenna/tag/e28068940000400386621d4f, 96
1652704301.477269, sdrt-health/mac:02010b41cdec/antenna/tag/e28068940000500386620d4f, 97
1652704301.51657, sdrt-health/mac:02010b41cdec/antenna/tag/e28068940000400386621d4f, 96
1652704301.572389, sdrt-health/mac:02010b41cdec/antenna/tag/e28068940000500386620d4f, 97
1652704301.572827, sdrt-health/mac:02010b41cdec/antenna/tag/e28068940000400386621d4f, 96
1652704301.61237, sdrt-health/mac:02010b41cdec/antenna/tag/e28068940000500386620d4f, 91
1652704301.65604, sdrt-health/mac:02010b41cdec/antenna/tag/e2806894000050038662154f, 85
1652704301.65766, sdrt-health/mac:02010b41cdec/antenna/tag/e2806894000040038662114f, 85
1652704301.701709, sdrt-health/mac:02010b41cdec/antenna/tag/e28068940000500386620d4f, 97
1652704301.762125, sdrt-health/mac:02010b41cdec/antenna/tag/e2806894000040038662114f, 88
1652704301.762556, sdrt-health/mac:02010b41cdec/antenna/tag/e2806894000040038662114f, 85
1652704301.797169, sdrt-health/mac:02010b41cdec/antenna/tag/e2806894000050038661fd4f, 88
1652704301.829204, sdrt-health/mac:02010b41cdec/antenna/tag/e28068940000500386620d4f, 83
1652704301.829612, sdrt-health/mac:02010b41cdec/antenna/tag/e2806894000050038661fd4f, 88
1652704301.845473, sdrt-health/mac:02010b41cdec/antenna/tag/e2806894000050038661fd4f, 88
1652704301.845693, sdrt-health/mac:02010b41cdec/antenna/tag/e28068940000400386621d4f, 77
1652704301.87707, sdrt-health/mac:02010b41cdec/antenna/tag/e28068940000400386621d4f, 77
1652704301.94783, sdrt-health/mac:02010b41cdec/antenna/tag/e2806894000050038661fd4f, 88
1652704301.948284, sdrt-health/mac:02010b41cdec/antenna/tag/e2806894000050038661fd4f, 88
1652704301.977992, sdrt-health/mac:02010b41cdec/antenna/tag/e2806894000040038662114f, 87
1652704302.007273, sdrt-health/mac:02010b41cdec/antenna/tag/e2806894000050038662154f, 93
1652704302.00763, sdrt-health/mac:02010b41cdec/antenna/tag/e28068940000400386621d4f, 77
1652704302.051454, sdrt-health/mac:02010b41cdec/antenna/tag/e2806894000050038662154f, 85
1652704302.081044, sdrt-health/mac:02010b41cdec/antenna/tag/e28068940000400386621d4f, 96
1652704302.081272, sdrt-health/mac:02010b41cdec/antenna/tag/e2806894000040038662114f, 87
1652704302.096068, sdrt-health/mac:02010b41cdec/antenna/tag/e2806894000050038662154f, 88
1652704302.096251, sdrt-health/mac:02010b41cdec/antenna/tag/e2806894000040038662114f, 85
1652704302.096381, sdrt-health/mac:02010b41cdec/antenna/tag/e28068940000400386621d4f, 96
1652704302.136338, sdrt-health/mac:02010b41cdec/antenna/tag/e28068940000400386621d4f, 96
1652704302.181896, sdrt-health/mac:02010b41cdec/antenna/tag/e28068940000500386620d4f, 83
1652704302.242303, sdrt-health/mac:02010b41cdec/antenna/tag/e2806894000050038662154f, 88
1652704302.242758, sdrt-health/mac:02010b41cdec/antenna/tag/e28068940000500386620d4f, 83
1652704302.257765, sdrt-health/mac:02010b41cdec/antenna/tag/e2806894000040038662114f, 93
1652704302.292255, sdrt-health/mac:02010b41cdec/antenna/tag/e2806894000050038661fd4f, 97
1652704302.292531, sdrt-health/mac:02010b41cdec/antenna/tag/e2806894000040038662114f, 88
1652704302.307028, sdrt-health/mac:02010b41cdec/antenna/tag/e2806894000050038661fd4f, 97
1652704302.333555, sdrt-health/mac:02010b41cdec/antenna/tag/e2806894000050038661fd4f, 97
1652704302.36251, sdrt-health/mac:02010b41cdec/antenna/tag/e2806894000050038662154f, 85
1652704302.36273, sdrt-health/mac:02010b41cdec/antenna/tag/e28068940000400386621d4f, 96
1652704302.377496, sdrt-health/mac:02010b41cdec/antenna/tag/e2806894000040038662114f, 88
1652704302.428751, sdrt-health/mac:02010b41cdec/antenna/tag/e2806894000050038662194f, 103
1652704302.429192, sdrt-health/mac:02010b41cdec/antenna/tag/e2806894000050038662154f, 93
1652704302.466664, sdrt-health/mac:02010b41cdec/antenna/tag/e28068940000500386620d4f, 83
1652704302.542363, sdrt-health/mac:02010b41cdec/antenna/tag/e28068940000400386621d4f, 77
1652704302.542878, sdrt-health/mac:02010b41cdec/antenna/tag/e2806894000050038661fd4f, 91
1652704302.588914, sdrt-health/mac:02010b41cdec/antenna/tag/e2806894000040038662114f, 88
1652704302.688142, sdrt-health/mac:02010b41cdec/antenna/tag/e2806894000050038661fd4f, 97
1652704302.777244, sdrt-health/mac:02010b41cdec/antenna/tag/e2806894000050038661fd4f, 97
1652704302.820935, sdrt-health/mac:02010b41cdec/antenna/tag/e28068940000400386621d4f, 96
1652704302.867637, sdrt-health/mac:02010b41cdec/antenna/tag/e28068940000400386621d4f, 96
1652704302.897644, sdrt-health/mac:02010b41cdec/antenna/tag/e2806894000050038662154f, 93
1652704302.89814, sdrt-health/mac:02010b41cdec/antenna/tag/e2806894000040038662114f, 85
1652704302.916627, sdrt-health/mac:02010b41cdec/antenna/tag/e28068940000400386621d4f, 77
1652704302.973944, sdrt-health/mac:02010b41cdec/antenna/tag/e28068940000500386620d4f, 97
1652704302.974291, sdrt-health/mac:02010b41cdec/antenna/tag/e2806894000050038661fd4f, 97
1652704302.989424, sdrt-health/mac:02010b41cdec/antenna/tag/e28068940000400386621d4f, 77
1652704302.989622, sdrt-health/mac:02010b41cdec/antenna/tag/e2806894000050038662154f, 93
1652704302.989757, sdrt-health/mac:02010b41cdec/antenna/tag/e2806894000040038662114f, 87
1652704303.006251, sdrt-health/mac:02010b41cdec/antenna/tag/e28068940000400386621d4f, 96
1652704303.006467, sdrt-health/mac:02010b41cdec/antenna/tag/e2806894000050038662154f, 85
1652704303.006604, sdrt-health/mac:02010b41cdec/antenna/tag/e28068940000500386620d4f, 97
1652704303.035693, sdrt-health/mac:02010b41cdec/antenna/tag/e2806894000050038661fd4f, 88
1652704303.076143, sdrt-health/mac:02010b41cdec/antenna/tag/e2806894000050038662154f, 93
1652704303.116227, sdrt-health/mac:02010b41cdec/antenna/tag/e2806894000050038661fd4f, 88
1652704303.212857, sdrt-health/mac:02010b41cdec/antenna/tag/e2806894000050038661fd4f, 91
1652704303.257243, sdrt-health/mac:02010b41cdec/antenna/tag/e2806894000050038661fd4f, 91
1652704303.343765, sdrt-health/mac:02010b41cdec/antenna/tag/e2806894000040038662114f, 85
1652704303.343993, sdrt-health/mac:02010b41cdec/antenna/tag/e2806894000040038662114f, 85
1652704303.374438, sdrt-health/mac:02010b41cdec/antenna/tag/e28068940000400386621d4f, 77
1652704303.417723, sdrt-health/mac:02010b41cdec/antenna/tag/e2806894000040038662114f, 93
1652704303.46054, sdrt-health/mac:02010b41cdec/antenna/tag/e2806894000040038662114f, 85
1652704303.521419, sdrt-health/mac:02010b41cdec/antenna/tag/e28068940000500386620d4f, 83
1652704303.521863, sdrt-health/mac:02010b41cdec/antenna/tag/e2806894000040038662114f, 85
1652704303.53684, sdrt-health/mac:02010b41cdec/antenna/tag/e2806894000050038662154f, 85
1652704303.556492, sdrt-health/mac:02010b41cdec/antenna/tag/e28068940000500386620d4f, 83
1652704303.613896, sdrt-health/mac:02010b41cdec/antenna/tag/e28068940000500386620d4f, 83
1652704303.643599, sdrt-health/mac:02010b41cdec/antenna/tag/e2806894000050038662154f, 87
1652704303.643806, sdrt-health/mac:02010b41cdec/antenna/tag/e28068940000500386620d4f, 83
1652704303.666343, sdrt-health/mac:02010b41cdec/antenna/tag/e2806894000050038662154f, 85
1652704303.698702, sdrt-health/mac:02010b41cdec/antenna/tag/e2806894000040038662114f, 85
1652704303.699037, sdrt-health/mac:02010b41cdec/antenna/tag/e28068940000500386620d4f, 83
1652704303.727183, sdrt-health/mac:02010b41cdec/antenna/tag/e28068940000500386620d4f, 83
1652704303.786836, sdrt-health/mac:02010b41cdec/antenna/tag/e28068940000400386621d4f, 96
1652704303.787288, sdrt-health/mac:02010b41cdec/antenna/tag/e28068940000400386621d4f, 96
1652704303.817803, sdrt-health/mac:02010b41cdec/antenna/tag/e28068940000500386620d4f, 83
1652704303.861629, sdrt-health/mac:02010b41cdec/antenna/tag/e28068940000500386620d4f, 83
1652704303.93047, sdrt-health/mac:02010b41cdec/antenna/tag/e2806894000050038661fd4f, 83
1652704303.93091, sdrt-health/mac:02010b41cdec/antenna/tag/e2806894000050038662154f, 85
1652704303.946036, sdrt-health/mac:02010b41cdec/antenna/tag/e2806894000050038662154f, 85
1652704303.956032, sdrt-health/mac:02010b41cdec/antenna/tag/e2806894000050038662154f, 85
1652704304.001112, sdrt-health/mac:02010b41cdec/antenna/tag/e2806894000040038662114f, 85
1652704304.036914, sdrt-health/mac:02010b41cdec/antenna/tag/e28068940000500386620d4f, 83
1652704304.100376, sdrt-health/mac:02010b41cdec/antenna/tag/e2806894000050038662154f, 85
1652704304.147313, sdrt-health/mac:02010b41cdec/antenna/tag/e2806894000040038662114f, 85
1652704304.209929, sdrt-health/mac:02010b41cdec/antenna/tag/e2806894000040038662114f, 85
1652704304.261618, sdrt-health/mac:02010b41cdec/antenna/tag/e2806894000040038662114f, 88
1652704304.293113, sdrt-health/mac:02010b41cdec/antenna/tag/e2806894000050038661fd4f, 97
1652704304.293497, sdrt-health/mac:02010b41cdec/antenna/tag/e2806894000040038662114f, 85
1652704304.309068, sdrt-health/mac:02010b41cdec/antenna/tag/e28068940000400386621d4f, 96
1652704304.309339, sdrt-health/mac:02010b41cdec/antenna/tag/e2806894000040038662114f, 88
1652704304.341756, sdrt-health/mac:02010b41cdec/antenna/tag/e2806894000040038662114f, 93
1652704304.387104, sdrt-health/mac:02010b41cdec/antenna/tag/e28068940000400386621d4f, 77
1652704304.452341, sdrt-health/mac:02010b41cdec/antenna/tag/e2806894000050038661fd4f, 91
1652704304.452883, sdrt-health/mac:02010b41cdec/antenna/tag/e2806894000050038662154f, 93
1652704304.467772, sdrt-health/mac:02010b41cdec/antenna/tag/e28068940000500386620d4f, 83
1652704304.498878, sdrt-health/mac:02010b41cdec/antenna/tag/e2806894000050038662154f, 93
1652704304.499077, sdrt-health/mac:02010b41cdec/antenna/tag/e28068940000500386620d4f, 83
1652704304.499206, sdrt-health/mac:02010b41cdec/antenna/tag/e2806894000050038662154f, 93
1652704304.517855, sdrt-health/mac:02010b41cdec/antenna/tag/e2806894000050038661fd4f, 88
1652704304.576209, sdrt-health/mac:02010b41cdec/antenna/tag/e2806894000050038662154f, 87
1652704304.576696, sdrt-health/mac:02010b41cdec/antenna/tag/e2806894000050038662154f, 93
1652704304.591269, sdrt-health/mac:02010b41cdec/antenna/tag/e2806894000050038661fd4f, 88
1652704304.591603, sdrt-health/mac:02010b41cdec/antenna/tag/e28068940000500386620d4f, 83
1652704304.618674, sdrt-health/mac:02010b41cdec/antenna/tag/e2806894000050038662154f, 93
1652704304.661087, sdrt-health/mac:02010b41cdec/antenna/tag/e2806894000050038662194f, 81
1652704304.713132, sdrt-health/mac:02010b41cdec/antenna/tag/e2806894000050038662154f, 87
1652704304.713467, sdrt-health/mac:02010b41cdec/antenna/tag/e2806894000040038662114f, 85
1652704304.740701, sdrt-health/mac:02010b41cdec/antenna/tag/e28068940000400386621d4f, 90
1652704304.78694, sdrt-health/mac:02010b41cdec/antenna/tag/e2806894000050038661fd4f, 97
1652704304.817066, sdrt-health/mac:02010b41cdec/antenna/tag/e28068940000500386620d4f, 97
1652704304.817273, sdrt-health/mac:02010b41cdec/antenna/tag/e2806894000050038662154f, 85
1652704304.837984, sdrt-health/mac:02010b41cdec/antenna/tag/e28068940000400386621d4f, 96
1652704304.877037, sdrt-health/mac:02010b41cdec/antenna/tag/e28068940000400386621d4f, 96
1652704304.917281, sdrt-health/mac:02010b41cdec/antenna/tag/e28068940000500386620d4f, 83
1652704304.987739, sdrt-health/mac:02010b41cdec/antenna/tag/e2806894000040038662114f, 93
1652704304.988597, sdrt-health/mac:02010b41cdec/antenna/tag/e2806894000040038662114f, 93
1652704305.003046, sdrt-health/mac:02010b41cdec/antenna/tag/e2806894000040038662114f, 87
1652704305.017122, sdrt-health/mac:02010b41cdec/antenna/tag/e2806894000040038662114f, 85
1652704305.068182, sdrt-health/mac:02010b41cdec/antenna/tag/e2806894000050038662154f, 88
1652704305.068712, sdrt-health/mac:02010b41cdec/antenna/tag/e28068940000500386620d4f, 97
1652704305.083432, sdrt-health/mac:02010b41cdec/antenna/tag/e2806894000040038662114f, 85
1652704305.108111, sdrt-health/mac:02010b41cdec/antenna/tag/e2806894000050038661fd4f, 83
1652704305.171389, sdrt-health/mac:02010b41cdec/antenna/tag/e28068940000400386621d4f, 96
1652704305.17191, sdrt-health/mac:02010b41cdec/antenna/tag/e28068940000400386621d4f, 96
1652704305.189184, sdrt-health/mac:02010b41cdec/antenna/tag/e2806894000050038661fd4f, 97
1652704305.195987, sdrt-health/mac:02010b41cdec/antenna/tag/e2806894000040038662114f, 88
1652704305.204374, sdrt-health/mac:02010b41cdec/antenna/tag/e28068940000400386621d4f, 90
1652704305.245241, sdrt-health/mac:02010b41cdec/antenna/tag/e2806894000050038661fd4f, 97
1652704305.292775, sdrt-health/mac:02010b41cdec/antenna/tag/e2806894000050038662194f, 94
1652704305.380269, sdrt-health/mac:02010b41cdec/antenna/tag/e2806894000040038662114f, 93
1652704305.417075, sdrt-health/mac:02010b41cdec/antenna/tag/e2806894000050038662154f, 85
1652704305.475228, sdrt-health/mac:02010b41cdec/antenna/tag/e28068940000500386620d4f, 83
1652704305.475647, sdrt-health/mac:02010b41cdec/antenna/tag/e28068940000500386620d4f, 97
1652704305.548302, sdrt-health/mac:02010b41cdec/antenna/tag/e28068940000400386621d4f, 77
1652704305.585934, sdrt-health/mac:02010b41cdec/antenna/tag/e2806894000050038662154f, 85
1652704305.586215, sdrt-health/mac:02010b41cdec/antenna/tag/e28068940000500386620d4f, 83
1652704305.637394, sdrt-health/mac:02010b41cdec/antenna/tag/e28068940000500386620d4f, 83
1652704305.694214, sdrt-health/mac:02010b41cdec/antenna/tag/e28068940000500386620d4f, 97
1652704305.694641, sdrt-health/mac:02010b41cdec/antenna/tag/e28068940000400386621d4f, 90
1652704305.709959, sdrt-health/mac:02010b41cdec/antenna/tag/e2806894000040038662114f, 93
1652704305.710254, sdrt-health/mac:02010b41cdec/antenna/tag/e28068940000500386620d4f, 97
1652704305.716669, sdrt-health/mac:02010b41cdec/antenna/tag/e2806894000050038662154f, 88
1652704305.72526, sdrt-health/mac:02010b41cdec/antenna/tag/e28068940000500386620d4f, 97
1652704305.757087, sdrt-health/mac:02010b41cdec/antenna/tag/e28068940000400386621d4f, 96
1652704305.79667, sdrt-health/mac:02010b41cdec/antenna/tag/e28068940000400386621d4f, 96
1652704305.827038, sdrt-health/mac:02010b41cdec/antenna/tag/e2806894000050038662154f, 85
1652704305.827307, sdrt-health/mac:02010b41cdec/antenna/tag/e28068940000400386621d4f, 96
1652704305.841405, sdrt-health/mac:02010b41cdec/antenna/tag/e28068940000500386620d4f, 83
1652704305.876448, sdrt-health/mac:02010b41cdec/antenna/tag/e2806894000040038662114f, 88
1652704305.917657, sdrt-health/mac:02010b41cdec/antenna/tag/e2806894000040038662054f, 94
1652704305.970746, sdrt-health/mac:02010b41cdec/antenna/tag/e28068940000400386621d4f, 96
1652704305.971273, sdrt-health/mac:02010b41cdec/antenna/tag/e2806894000050038661fd4f, 91
1652704305.996942, sdrt-health/mac:02010b41cdec/antenna/tag/e28068940000400386621d4f, 96
1652704306.051862, sdrt-health/mac:02010b41cdec/antenna/tag/e28068940000500386620d4f, 97
1652704306.052329, sdrt-health/mac:02010b41cdec/antenna/tag/e28068940000400386621d4f, 96
1652704306.066762, sdrt-health/mac:02010b41cdec/antenna/tag/e28068940000500386620d4f, 97
1652704306.099734, sdrt-health/mac:02010b41cdec/antenna/tag/e28068940000400386621d4f, 96
1652704306.1617, sdrt-health/mac:02010b41cdec/antenna/tag/e2806894000050038661fd4f, 97
1652704306.162164, sdrt-health/mac:02010b41cdec/antenna/tag/e28068940000500386620d4f, 97
1652704306.196008, sdrt-health/mac:02010b41cdec/antenna/tag/e2806894000040038662114f, 85
1652704306.250873, sdrt-health/mac:02010b41cdec/antenna/tag/e2806894000040038662114f, 93
1652704306.251367, sdrt-health/mac:02010b41cdec/antenna/tag/e2806894000050038662154f, 85
1652704306.264733, sdrt-health/mac:02010b41cdec/antenna/tag/e2806894000050038661fd4f, 97
1652704306.275862, sdrt-health/mac:02010b41cdec/antenna/tag/e28068940000500386620d4f, 97
1652704306.332423, sdrt-health/mac:02010b41cdec/antenna/tag/e2806894000050038661fd4f, 91
1652704306.395823, sdrt-health/mac:02010b41cdec/antenna/tag/e2806894000050038662154f, 85
1652704306.396271, sdrt-health/mac:02010b41cdec/antenna/tag/e28068940000500386620d4f, 97
1652704306.410808, sdrt-health/mac:02010b41cdec/antenna/tag/e28068940000400386621d4f, 90
1652704306.444624, sdrt-health/mac:02010b41cdec/antenna/tag/e2806894000050038661fd4f, 91
1652704306.444979, sdrt-health/mac:02010b41cdec/antenna/tag/e2806894000050038662154f, 93
1652704306.473334, sdrt-health/mac:02010b41cdec/antenna/tag/e2806894000040038662214f, 94
1652704306.532636, sdrt-health/mac:02010b41cdec/antenna/tag/e28068940000500386620d4f, 91
1652704306.532984, sdrt-health/mac:02010b41cdec/antenna/tag/e2806894000040038662214f, 84
1652704306.557749, sdrt-health/mac:02010b41cdec/antenna/tag/e28068940000500386620d4f, 97
1652704306.61388, sdrt-health/mac:02010b41cdec/antenna/tag/e2806894000050038662154f, 85
1652704306.614068, sdrt-health/mac:02010b41cdec/antenna/tag/e28068940000400386621d4f, 96
1652704306.628303, sdrt-health/mac:02010b41cdec/antenna/tag/e2806894000050038661fd4f, 88
1652704306.636578, sdrt-health/mac:02010b41cdec/antenna/tag/e2806894000040038662114f, 93
1652704306.766715, sdrt-health/mac:02010b41cdec/antenna/tag/e2806894000050038662154f, 85
1652704306.767258, sdrt-health/mac:02010b41cdec/antenna/tag/e2806894000040038662114f, 88
1652704306.782401, sdrt-health/mac:02010b41cdec/antenna/tag/e2806894000050038661fd4f, 97
1652704306.782819, sdrt-health/mac:02010b41cdec/antenna/tag/e28068940000500386620d4f, 83
1652704306.783155, sdrt-health/mac:02010b41cdec/antenna/tag/e2806894000050038662154f, 85
1652704306.783457, sdrt-health/mac:02010b41cdec/antenna/tag/e28068940000400386621d4f, 96
1652704306.811707, sdrt-health/mac:02010b41cdec/antenna/tag/e2806894000040038662114f, 88
1652704306.856638, sdrt-health/mac:02010b41cdec/antenna/tag/e28068940000400386621d4f, 96
1652704306.857014, sdrt-health/mac:02010b41cdec/antenna/tag/e28068940000500386620d4f, 83
1652704306.916242, sdrt-health/mac:02010b41cdec/antenna/tag/e2806894000040038662114f, 88
1652704306.916764, sdrt-health/mac:02010b41cdec/antenna/tag/e2806894000050038662154f, 93
1652704306.932005, sdrt-health/mac:02010b41cdec/antenna/tag/e2806894000050038661fd4f, 97
1652704306.932317, sdrt-health/mac:02010b41cdec/antenna/tag/e28068940000500386620d4f, 83
1652704306.946593, sdrt-health/mac:02010b41cdec/antenna/tag/e2806894000050038661fd4f, 88
1652704306.996607, sdrt-health/mac:02010b41cdec/antenna/tag/e28068940000500386620d4f, 91
1652704307.054078, sdrt-health/mac:02010b41cdec/antenna/tag/e2806894000050038661fd4f, 88
1652704307.054585, sdrt-health/mac:02010b41cdec/antenna/tag/e2806894000050038661fd4f, 91
1652704307.07, sdrt-health/mac:02010b41cdec/antenna/tag/e2806894000040038662214f, 84
1652704307.076361, sdrt-health/mac:02010b41cdec/antenna/tag/e28068940000400386621d4f, 96
1652704307.141746, sdrt-health/mac:02010b41cdec/antenna/tag/e28068940000400386621d4f, 96
1652704307.188317, sdrt-health/mac:02010b41cdec/antenna/tag/e28068940000500386620d4f, 91
1652704307.237881, sdrt-health/mac:02010b41cdec/antenna/tag/e28068940000500386620d4f, 97
1652704307.267828, sdrt-health/mac:02010b41cdec/antenna/tag/e28068940000400386621d4f, 90
1652704307.268328, sdrt-health/mac:02010b41cdec/antenna/tag/e2806894000050038661fd4f, 97
1652704307.282222, sdrt-health/mac:02010b41cdec/antenna/tag/e2806894000040038662114f, 85
1652704307.282492, sdrt-health/mac:02010b41cdec/antenna/tag/e28068940000500386620d4f, 97
1652704307.282684, sdrt-health/mac:02010b41cdec/antenna/tag/e2806894000040038662114f, 85
1652704307.35638, sdrt-health/mac:02010b41cdec/antenna/tag/e28068940000400386621d4f, 77
1652704307.397139, sdrt-health/mac:02010b41cdec/antenna/tag/e2806894000050038661fd4f, 91
1652704307.436965, sdrt-health/mac:02010b41cdec/antenna/tag/e2806894000050038662154f, 87
1652704307.491922, sdrt-health/mac:02010b41cdec/antenna/tag/e2806894000050038661fd4f, 88
1652704307.492374, sdrt-health/mac:02010b41cdec/antenna/tag/e2806894000050038661fd4f, 83
1652704307.507104, sdrt-health/mac:02010b41cdec/antenna/tag/e2806894000050038662154f, 85
1652704307.518022, sdrt-health/mac:02010b41cdec/antenna/tag/e2806894000050038661fd4f, 97
1652704307.522532, sdrt-health/mac:02010b41cdec/antenna/tag/e2806894000050038662154f, 85
1652704307.556659, sdrt-health/mac:02010b41cdec/antenna/tag/e2806894000050038662154f, 85
1652704307.596737, sdrt-health/mac:02010b41cdec/antenna/tag/e2806894000050038662154f, 88
1652704307.637456, sdrt-health/mac:02010b41cdec/antenna/tag/e2806894000040038662114f, 85
1652704307.69392, sdrt-health/mac:02010b41cdec/antenna/tag/e2806894000040038662114f, 85
1652704307.694119, sdrt-health/mac:02010b41cdec/antenna/tag/e2806894000050038662154f, 85
1652704307.709975, sdrt-health/mac:02010b41cdec/antenna/tag/e28068940000500386620d4f, 97
1652704307.737318, sdrt-health/mac:02010b41cdec/antenna/tag/e28068940000500386620d4f, 97
1652704307.796551, sdrt-health/mac:02010b41cdec/antenna/tag/e2806894000050038662154f, 88
1652704307.797232, sdrt-health/mac:02010b41cdec/antenna/tag/e2806894000050038662154f, 85
1652704307.811476, sdrt-health/mac:02010b41cdec/antenna/tag/e2806894000050038661fd4f, 97
1652704307.841025, sdrt-health/mac:02010b41cdec/antenna/tag/e28068940000400386621d4f, 96
1652704307.841257, sdrt-health/mac:02010b41cdec/antenna/tag/e28068940000400386621d4f, 96
1652704307.856139, sdrt-health/mac:02010b41cdec/antenna/tag/e2806894000040038662114f, 85
1652704307.856381, sdrt-health/mac:02010b41cdec/antenna/tag/e2806894000050038662154f, 88
1652704307.8866, sdrt-health/mac:02010b41cdec/antenna/tag/e2806894000050038662154f, 85
1652704307.916276, sdrt-health/mac:02010b41cdec/antenna/tag/e2806894000050038661fd4f, 91
1652704307.916656, sdrt-health/mac:02010b41cdec/antenna/tag/e2806894000040038662114f, 85
1652704307.933424, sdrt-health/mac:02010b41cdec/antenna/tag/e2806894000050038662154f, 93
1652704307.963011, sdrt-health/mac:02010b41cdec/antenna/tag/e2806894000050038662154f, 87
1652704307.963202, sdrt-health/mac:02010b41cdec/antenna/tag/e2806894000040038662114f, 85
1652704307.98646, sdrt-health/mac:02010b41cdec/antenna/tag/e2806894000050038662154f, 87
1652704308.046464, sdrt-health/mac:02010b41cdec/antenna/tag/e2806894000050038662154f, 88
1652704308.076447, sdrt-health/mac:02010b41cdec/antenna/tag/e2806894000050038661fd4f, 97
1652704308.076754, sdrt-health/mac:02010b41cdec/antenna/tag/e2806894000040038662114f, 85
1652704308.077061, sdrt-health/mac:02010b41cdec/antenna/tag/e2806894000050038662154f, 85
1652704308.092664, sdrt-health/mac:02010b41cdec/antenna/tag/e2806894000040038662114f, 85
1652704308.163092, sdrt-health/mac:02010b41cdec/antenna/tag/e28068940000400386621d4f, 96
1652704308.163536, sdrt-health/mac:02010b41cdec/antenna/tag/e2806894000040038662114f, 85
1652704308.1983, sdrt-health/mac:02010b41cdec/antenna/tag/e2806894000050038661fd4f, 91
1652704308.237296, sdrt-health/mac:02010b41cdec/antenna/tag/e28068940000400386621d4f, 77
1652704308.277725, sdrt-health/mac:02010b41cdec/antenna/tag/e2806894000050038661fd4f, 88
1652704308.316618, sdrt-health/mac:02010b41cdec/antenna/tag/e2806894000040038662114f, 85
1652704308.371931, sdrt-health/mac:02010b41cdec/antenna/tag/e2806894000050038662154f, 87
1652704308.37241, sdrt-health/mac:02010b41cdec/antenna/tag/e28068940000400386621d4f, 77
1652704308.396292, sdrt-health/mac:02010b41cdec/antenna/tag/e2806894000050038662154f, 93
1652704308.425538, sdrt-health/mac:02010b41cdec/antenna/tag/e28068940000400386621d4f, 77
1652704308.425784, sdrt-health/mac:02010b41cdec/antenna/tag/e2806894000050038661fd4f, 88
1652704308.44022, sdrt-health/mac:02010b41cdec/antenna/tag/e2806894000040038662114f, 93
1652704308.44043, sdrt-health/mac:02010b41cdec/antenna/tag/e28068940000500386620d4f, 97
1652704308.500239, sdrt-health/mac:02010b41cdec/antenna/tag/e2806894000040038662114f, 93
1652704308.546089, sdrt-health/mac:02010b41cdec/antenna/tag/e2806894000050038662154f, 85
1652704308.596317, sdrt-health/mac:02010b41cdec/antenna/tag/e2806894000040038662114f, 93
1652704308.652355, sdrt-health/mac:02010b41cdec/antenna/tag/e2806894000040038662114f, 87
1652704308.711541, sdrt-health/mac:02010b41cdec/antenna/tag/e28068940000400386621d4f, 96
1652704308.711983, sdrt-health/mac:02010b41cdec/antenna/tag/e2806894000050038661fd4f, 91
1652704308.726273, sdrt-health/mac:02010b41cdec/antenna/tag/e2806894000050038662154f, 85
1652704308.740213, sdrt-health/mac:02010b41cdec/antenna/tag/e28068940000400386621d4f, 96
1652704308.786922, sdrt-health/mac:02010b41cdec/antenna/tag/e2806894000050038661fd4f, 97
1652704308.852445, sdrt-health/mac:02010b41cdec/antenna/tag/e28068940000400386621d4f, 96
1652704308.852887, sdrt-health/mac:02010b41cdec/antenna/tag/e2806894000040038662114f, 91
1652704308.866355, sdrt-health/mac:02010b41cdec/antenna/tag/e2806894000050038661fd4f, 91
1652704308.875568, sdrt-health/mac:02010b41cdec/antenna/tag/e2806894000050038662194f, 88
1652704308.91629, sdrt-health/mac:02010b41cdec/antenna/tag/e28068940000400386621d4f, 77
1652704308.97328, sdrt-health/mac:02010b41cdec/antenna/tag/e28068940000400386621d4f, 77
1652704309.021743, sdrt-health/mac:02010b41cdec/antenna/tag/e2806894000050038661fd4f, 88
1652704309.076364, sdrt-health/mac:02010b41cdec/antenna/tag/e2806894000050038662194f, 88
1652704309.105446, sdrt-health/mac:02010b41cdec/antenna/tag/e2806894000050038662194f, 88
1652704309.105787, sdrt-health/mac:02010b41cdec/antenna/tag/e28068940000500386620d4f, 83
1652704309.105909, sdrt-health/mac:02010b41cdec/antenna/tag/e2806894000050038661fd4f, 83
1652704309.13332, sdrt-health/mac:02010b41cdec/antenna/tag/e2806894000040038662114f, 88
1652704309.176801, sdrt-health/mac:02010b41cdec/antenna/tag/e2806894000040038662114f, 93
1652704309.236613, sdrt-health/mac:02010b41cdec/antenna/tag/e28068940000400386621d4f, 90
1652704309.237146, sdrt-health/mac:02010b41cdec/antenna/tag/e2806894000050038661fd4f, 91
1652704309.251512, sdrt-health/mac:02010b41cdec/antenna/tag/e2806894000050038662154f, 93
1652704309.266633, sdrt-health/mac:02010b41cdec/antenna/tag/e2806894000050038662154f, 85
1652704309.33095, sdrt-health/mac:02010b41cdec/antenna/tag/e28068940000400386621d4f, 96
1652704309.331384, sdrt-health/mac:02010b41cdec/antenna/tag/e28068940000400386621d4f, 96
1652704309.34549, sdrt-health/mac:02010b41cdec/antenna/tag/e2806894000040038662114f, 85
1652704309.356792, sdrt-health/mac:02010b41cdec/antenna/tag/e28068940000400386621d4f, 77
1652704309.359814, sdrt-health/mac:02010b41cdec/antenna/tag/e28068940000500386620d4f, 83
1652704309.359985, sdrt-health/mac:02010b41cdec/antenna/tag/e2806894000040038662114f, 85
1652704309.422735, sdrt-health/mac:02010b41cdec/antenna/tag/e28068940000400386621d4f, 96
1652704309.462417, sdrt-health/mac:02010b41cdec/antenna/tag/e28068940000400386621d4f, 77
1652704309.522422, sdrt-health/mac:02010b41cdec/antenna/tag/e2806894000050038662194f, 88
1652704309.522872, sdrt-health/mac:02010b41cdec/antenna/tag/e2806894000050038662154f, 85
1652704309.52321, sdrt-health/mac:02010b41cdec/antenna/tag/e2806894000050038661fd4f, 91
1652704309.537783, sdrt-health/mac:02010b41cdec/antenna/tag/e28068940000400386621d4f, 96
1652704309.538337, sdrt-health/mac:02010b41cdec/antenna/tag/e2806894000040038662114f, 93
1652704309.557461, sdrt-health/mac:02010b41cdec/antenna/tag/e2806894000040038662214f, 81
1652704309.614621, sdrt-health/mac:02010b41cdec/antenna/tag/e2806894000040038662214f, 88
1652704309.61487, sdrt-health/mac:02010b41cdec/antenna/tag/e2806894000040038662114f, 85
1652704309.636516, sdrt-health/mac:02010b41cdec/antenna/tag/e2806894000050038661fd4f, 88
1652704309.679649, sdrt-health/mac:02010b41cdec/antenna/tag/e2806894000050038661fd4f, 91
1652704309.71783, sdrt-health/mac:02010b41cdec/antenna/tag/e28068940000400386621d4f, 77
1652704309.771919, sdrt-health/mac:02010b41cdec/antenna/tag/e2806894000040038662114f, 85
1652704309.772431, sdrt-health/mac:02010b41cdec/antenna/tag/e28068940000500386620d4f, 97
1652704309.807, sdrt-health/mac:02010b41cdec/antenna/tag/e2806894000050038661fd4f, 91
1652704309.852642, sdrt-health/mac:02010b41cdec/antenna/tag/e28068940000500386620d4f, 83
1652704309.920411, sdrt-health/mac:02010b41cdec/antenna/tag/e2806894000050038662154f, 87
1652704309.920946, sdrt-health/mac:02010b41cdec/antenna/tag/e28068940000500386620d4f, 83
1652704309.95744, sdrt-health/mac:02010b41cdec/antenna/tag/e2806894000040038662114f, 85
1652704309.987627, sdrt-health/mac:02010b41cdec/antenna/tag/e28068940000400386621d4f, 96
1652704309.987941, sdrt-health/mac:02010b41cdec/antenna/tag/e2806894000050038662194f, 88
1652704309.988133, sdrt-health/mac:02010b41cdec/antenna/tag/e2806894000040038662114f, 88
1652704310.00252, sdrt-health/mac:02010b41cdec/antenna/tag/e2806894000040038662114f, 85
1652704310.067133, sdrt-health/mac:02010b41cdec/antenna/tag/e28068940000500386620d4f, 83
1652704310.116318, sdrt-health/mac:02010b41cdec/antenna/tag/e2806894000050038662154f, 93
1652704310.157715, sdrt-health/mac:02010b41cdec/antenna/tag/e28068940000500386620d4f, 83
1652704310.187691, sdrt-health/mac:02010b41cdec/antenna/tag/e28068940000500386620d4f, 97
1652704310.188011, sdrt-health/mac:02010b41cdec/antenna/tag/e28068940000400386621d4f, 77
1652704310.188255, sdrt-health/mac:02010b41cdec/antenna/tag/e2806894000050038662154f, 87
1652704310.205038, sdrt-health/mac:02010b41cdec/antenna/tag/e28068940000400386621d4f, 96
1652704310.252067, sdrt-health/mac:02010b41cdec/antenna/tag/e2806894000050038661fd4f, 91
1652704310.282285, sdrt-health/mac:02010b41cdec/antenna/tag/e2806894000050038662154f, 85
1652704310.282562, sdrt-health/mac:02010b41cdec/antenna/tag/e28068940000400386621d4f, 96
1652704310.29732, sdrt-health/mac:02010b41cdec/antenna/tag/e2806894000050038662154f, 93
1652704310.297582, sdrt-health/mac:02010b41cdec/antenna/tag/e28068940000500386620d4f, 97
1652704310.34221, sdrt-health/mac:02010b41cdec/antenna/tag/e28068940000400386621d4f, 96
1652704310.395268, sdrt-health/mac:02010b41cdec/antenna/tag/e2806894000050038662194f, 94
1652704310.452833, sdrt-health/mac:02010b41cdec/antenna/tag/e2806894000050038661fd4f, 97
1652704310.453294, sdrt-health/mac:02010b41cdec/antenna/tag/e28068940000500386620d4f, 83
1652704310.476648, sdrt-health/mac:02010b41cdec/antenna/tag/e28068940000500386620d4f, 83
1652704310.533605, sdrt-health/mac:02010b41cdec/antenna/tag/e28068940000500386620d4f, 83
1652704310.533898, sdrt-health/mac:02010b41cdec/antenna/tag/e2806894000050038661fd4f, 91
1652704310.58108, sdrt-health/mac:02010b41cdec/antenna/tag/e2806894000040038662114f, 85
1652704310.627982, sdrt-health/mac:02010b41cdec/antenna/tag/e2806894000050038662154f, 88
1652704310.657754, sdrt-health/mac:02010b41cdec/antenna/tag/e2806894000040038662114f, 85
1652704310.6581, sdrt-health/mac:02010b41cdec/antenna/tag/e28068940000500386620d4f, 97
1652704310.684243, sdrt-health/mac:02010b41cdec/antenna/tag/e28068940000500386620d4f, 97
1652704310.714839, sdrt-health/mac:02010b41cdec/antenna/tag/e2806894000050038662154f, 88
1652704310.715119, sdrt-health/mac:02010b41cdec/antenna/tag/e2806894000050038661fd4f, 83
1652704310.740932, sdrt-health/mac:02010b41cdec/antenna/state, connected
1652704310.741173, sdrt-health/mac:02010b41cdec/fw, {"version":"1.8.1","model":"200","hash":"2f556501b58f1dad542af428d7928d18","timestamp":1652704307}
1652704310.756114, sdrt-health/mac:02010b41cdec/antenna/tag/e2806894000050038661fd4f, 97
1652704310.786027, sdrt-health/mac:02010b41cdec/antenna/tag/e2806894000040038662114f, 88
1652704310.898344, sdrt-health/mac:02010b41cdec/antenna/version, 
1652704310.973097, sdrt-health/mac:02010b41cdec/antenna/tag/scan, scan stopped
