1652704131.386256, sdrt-health/mac:02010b41cdec/antenna/power/set, {"power": 280}
1652704132.447576, sdrt-health/mac:02010b41cdec/antenna/power/set, 
1652704136.408017, sdrt-health/mac:02010b41cdec/antenna/tag/scan, {"time": 20000}
1652704136.858322, sdrt-health/mac:02010b41cdec/antenna/tag/e2806894000050038661fd4f, 91
1652704136.937703, sdrt-health/mac:02010b41cdec/antenna/tag/e2806894000040038662114f, 93
1652704136.991243, sdrt-health/mac:02010b41cdec/antenna/tag/e2806894000050038661fd4f, 97
1652704136.991791, sdrt-health/mac:02010b41cdec/antenna/tag/e2806894000050038662154f, 85
1652704137.051783, sdrt-health/mac:02010b41cdec/antenna/tag/e2806894000040038662114f, 85
1652704137.052306, sdrt-health/mac:02010b41cdec/antenna/tag/e28068940000400386621d4f, 96
1652704137.068339, sdrt-health/mac:02010b41cdec/antenna/tag/e28068940000400386621d4f, 96
1652704137.077918, sdrt-health/mac:02010b41cdec/antenna/tag/e28068940000500386620d4f, 83
1652704137.083418, sdrt-health/mac:02010b41cdec/antenna/tag/e2806894000050038662154f, 85
1652704137.117527, sdrt-health/mac:02010b41cdec/antenna/tag/e28068940000400386621d4f, 96
1652704137.117768, sdrt-health/mac:02010b41cdec/antenna/tag/e2806894000050038662194f, 83
1652704137.168526, sdrt-health/mac:02010b41cdec/antenna/tag/e28068940000500386620d4f, 97
1652704137.213519, sdrt-health/mac:02010b41cdec/antenna/tag/e28068940000400386621d4f, 90
1652704137.275194, sdrt-health/mac:02010b41cdec/antenna/tag/e28068940000400386621d4f, 96
1652704137.275742, sdrt-health/mac:02010b41cdec/antenna/tag/e2806894000050038662154f, 88
1652704137.318296, sdrt-health/mac:02010b41cdec/antenna/tag/e2806894000040038662114f, 93
1652704137.359534, sdrt-health/mac:02010b41cdec/antenna/tag/e28068940000500386620d4f, 83
1652704137.391794, sdrt-health/mac:02010b41cdec/antenna/tag/e2806894000050038662154f, 88
1652704137.392277, sdrt-health/mac:02010b41cdec/antenna/tag/e2806894000040038662114f, 88
1652704137.417068, sdrt-health/mac:02010b41cdec/antenna/tag/e2806894000040038662214f, 110
1652704137.46891, sdrt-health/mac:02010b41cdec/antenna/tag/e28068940000400386621d4f, 96
1652704137.502234, sdrt-health/mac:02010b41cdec/antenna/tag/e2806894000040038662114f, 87
1652704137.502545, sdrt-health/mac:02010b41cdec/antenna/tag/e28068940000400386621d4f, 96
1652704137.517934, sdrt-health/mac:02010b41cdec/antenna/tag/e28068940000500386620d4f, 91
1652704137.558872, sdrt-health/mac:02010b41cdec/antenna/tag/e2806894000040038662114f, 85
1652704137.613828, sdrt-health/mac:02010b41cdec/antenna/tag/e28068940000400386621d4f, 96
1652704137.614124, sdrt-health/mac:02010b41cdec/antenna/tag/e28068940000500386620d4f, 97
1652704137.628997, sdrt-health/mac:02010b41cdec/antenna/tag/e2806894000050038661fd4f, 97
1652704137.637791, sdrt-health/mac:02010b41cdec/antenna/tag/e28068940000500386620d4f, 97
1652704137.729672, sdrt-health/mac:02010b41cdec/antenna/tag/e2806894000050038661fd4f, 91
1652704137.808872, sdrt-health/mac:02010b41cdec/antenna/tag/e2806894000050038662154f, 85
1652704137.854273, sdrt-health/mac:02010b41cdec/antenna/tag/e2806894000050038662154f, 85
1652704137.898993, sdrt-health/mac:02010b41cdec/antenna/tag/e28068940000400386621d4f, 96
1652704137.976552, sdrt-health/mac:02010b41cdec/antenna/tag/e28068940000400386621d4f, 90
1652704137.97713, sdrt-health/mac:02010b41cdec/antenna/tag/e2806894000040038662114f, 85
1652704137.993295, sdrt-health/mac:02010b41cdec/antenna/tag/e2806894000050038661fd4f, 97
1652704138.028476, sdrt-health/mac:02010b41cdec/antenna/tag/e28068940000400386621d4f, 96
1652704138.061263, sdrt-health/mac:02010b41cdec/antenna/tag/e28068940000400386621d4f, 96
1652704138.061589, sdrt-health/mac:02010b41cdec/antenna/tag/e2806894000050038662154f, 85
1652704138.061847, sdrt-health/mac:02010b41cdec/antenna/tag/e2806894000050038661fd4f, 97
1652704138.078228, sdrt-health/mac:02010b41cdec/antenna/tag/e2806894000050038662154f, 93
1652704138.111101, sdrt-health/mac:02010b41cdec/antenna/tag/e2806894000050038661fd4f, 97
1652704138.111378, sdrt-health/mac:02010b41cdec/antenna/tag/e2806894000050038662154f, 93
1652704138.126978, sdrt-health/mac:02010b41cdec/antenna/tag/e2806894000050038661fd4f, 91
1652704138.127172, sdrt-health/mac:02010b41cdec/antenna/tag/e28068940000400386621d4f, 90
1652704138.1273, sdrt-health/mac:02010b41cdec/antenna/tag/e28068940000500386620d4f, 83
1652704138.175396, sdrt-health/mac:02010b41cdec/antenna/tag/e2806894000050038662154f, 85
1652704138.23443, sdrt-health/mac:02010b41cdec/antenna/tag/e28068940000400386621d4f, 96
1652704138.234878, sdrt-health/mac:02010b41cdec/antenna/tag/e2806894000040038662114f, 85
1652704138.262169, sdrt-health/mac:02010b41cdec/antenna/tag/e2806894000050038662154f, 87
1652704138.298033, sdrt-health/mac:02010b41cdec/antenna/tag/e2806894000040038662214f, 84
1652704138.350581, sdrt-health/mac:02010b41cdec/antenna/tag/e2806894000050038661fd4f, 83
1652704138.3983, sdrt-health/mac:02010b41cdec/antenna/tag/e28068940000500386620d4f, 91
1652704138.453715, sdrt-health/mac:02010b41cdec/antenna/tag/e28068940000500386620d4f, 91
1652704138.454162, sdrt-health/mac:02010b41cdec/antenna/tag/e28068940000500386620d4f, 91
1652704138.470714, sdrt-health/mac:02010b41cdec/antenna/tag/e28068940000400386621d4f, 96
1652704138.494903, sdrt-health/mac:02010b41cdec/antenna/tag/e28068940000400386621d4f, 96
1652704138.556028, sdrt-health/mac:02010b41cdec/antenna/tag/e28068940000500386620d4f, 91
1652704138.556551, sdrt-health/mac:02010b41cdec/antenna/tag/e2806894000040038662114f, 93
1652704138.573107, sdrt-health/mac:02010b41cdec/antenna/tag/e2806894000050038661fd4f, 97
1652704138.625477, sdrt-health/mac:02010b41cdec/antenna/tag/e2806894000050038661fd4f, 83
1652704138.625951, sdrt-health/mac:02010b41cdec/antenna/tag/e28068940000400386621d4f, 77
1652704138.654672, sdrt-health/mac:02010b41cdec/antenna/tag/e28068940000500386620d4f, 83
1652704138.721885, sdrt-health/mac:02010b41cdec/antenna/tag/e2806894000050038661fd4f, 88
1652704138.722421, sdrt-health/mac:02010b41cdec/antenna/tag/e28068940000400386621d4f, 77
1652704138.758488, sdrt-health/mac:02010b41cdec/antenna/tag/e2806894000040038662114f, 85
1652704138.798724, sdrt-health/mac:02010b41cdec/antenna/tag/e28068940000500386620d4f, 83
1652704138.831142, sdrt-health/mac:02010b41cdec/antenna/tag/e2806894000040038662114f, 85
1652704138.831472, sdrt-health/mac:02010b41cdec/antenna/tag/e28068940000400386621d4f, 96
1652704138.848648, sdrt-health/mac:02010b41cdec/antenna/tag/e28068940000400386621d4f, 96
1652704138.901405, sdrt-health/mac:02010b41cdec/antenna/tag/e2806894000050038661fd4f, 83
1652704138.974648, sdrt-health/mac:02010b41cdec/antenna/tag/e2806894000050038662154f, 88
1652704138.975177, sdrt-health/mac:02010b41cdec/antenna/tag/e28068940000500386620d4f, 97
1652704138.998771, sdrt-health/mac:02010b41cdec/antenna/tag/e2806894000050038661fd4f, 97
1652704139.10603, sdrt-health/mac:02010b41cdec/antenna/tag/e2806894000050038662154f, 88
1652704139.136397, sdrt-health/mac:02010b41cdec/antenna/tag/e28068940000500386620d4f, 83
1652704139.136752, sdrt-health/mac:02010b41cdec/antenna/tag/e2806894000040038662114f, 85
1652704139.137078, sdrt-health/mac:02010b41cdec/antenna/tag/e2806894000050038661fd4f, 83
1652704139.158129, sdrt-health/mac:02010b41cdec/antenna/tag/e2806894000050038661fd4f, 91
1652704139.190788, sdrt-health/mac:02010b41cdec/antenna/tag/e2806894000050038662154f, 93
1652704139.191135, sdrt-health/mac:02010b41cdec/antenna/tag/e28068940000400386621d4f, 96
1652704139.206484, sdrt-health/mac:02010b41cdec/antenna/tag/e28068940000500386620d4f, 83
1652704139.206779, sdrt-health/mac:02010b41cdec/antenna/tag/e28068940000400386621d4f, 77
1652704139.207051, sdrt-health/mac:02010b41cdec/antenna/tag/e2806894000050038661fd4f, 97
1652704139.237011, sdrt-health/mac:02010b41cdec/antenna/tag/e2806894000050038661fd4f, 83
1652704139.29284, sdrt-health/mac:02010b41cdec/antenna/tag/e2806894000050038661fd4f, 97
1652704139.293093, sdrt-health/mac:02010b41cdec/antenna/tag/e28068940000500386620d4f, 83
1652704139.345548, sdrt-health/mac:02010b41cdec/antenna/tag/e2806894000050038661fd4f, 83
1652704139.412531, sdrt-health/mac:02010b41cdec/antenna/tag/e28068940000500386620d4f, 97
1652704139.412907, sdrt-health/mac:02010b41cdec/antenna/tag/e28068940000500386620d4f, 97
1652704139.427232, sdrt-health/mac:02010b41cdec/antenna/tag/e2806894000050038662154f, 85
1652704139.455572, sdrt-health/mac:02010b41cdec/antenna/tag/e2806894000050038661fd4f, 97
1652704139.513266, sdrt-health/mac:02010b41cdec/antenna/tag/e2806894000050038662154f, 85
1652704139.51382, sdrt-health/mac:02010b41cdec/antenna/tag/e28068940000400386621d4f, 77
1652704139.541627, sdrt-health/mac:02010b41cdec/antenna/tag/e28068940000500386620d4f, 97
1652704139.571994, sdrt-health/mac:02010b41cdec/antenna/tag/e2806894000050038662154f, 93
1652704139.572562, sdrt-health/mac:02010b41cdec/antenna/tag/e28068940000500386620d4f, 83
1652704139.628827, sdrt-health/mac:02010b41cdec/antenna/tag/e28068940000500386620d4f, 97
1652704139.667778, sdrt-health/mac:02010b41cdec/antenna/tag/e28068940000500386620d4f, 91
1652704139.757755, sdrt-health/mac:02010b41cdec/antenna/tag/e2806894000050038661fd4f, 97
1652704139.82864, sdrt-health/mac:02010b41cdec/antenna/tag/e2806894000050038662154f, 88
1652704139.903594, sdrt-health/mac:02010b41cdec/antenna/tag/e28068940000400386621d4f, 96
1652704139.904127, sdrt-health/mac:02010b41cdec/antenna/tag/e2806894000050038662154f, 85
1652704139.919298, sdrt-health/mac:02010b41cdec/antenna/tag/e28068940000400386621d4f, 96
1652704139.933685, sdrt-health/mac:02010b41cdec/antenna/tag/e28068940000400386621d4f, 96
1652704139.935183, sdrt-health/mac:02010b41cdec/antenna/tag/e2806894000050038662154f, 85
1652704139.935407, sdrt-health/mac:02010b41cdec/antenna/tag/e2806894000050038661fd4f, 97
1652704139.978269, sdrt-health/mac:02010b41cdec/antenna/tag/e2806894000050038661fd4f, 97
1652704140.037792, sdrt-health/mac:02010b41cdec/antenna/tag/e2806894000050038661fd4f, 97
1652704140.038, sdrt-health/mac:02010b41cdec/antenna/tag/e28068940000400386621d4f, 96
1652704140.067384, sdrt-health/mac:02010b41cdec/antenna/tag/e2806894000050038661fd4f, 83
1652704140.067752, sdrt-health/mac:02010b41cdec/antenna/tag/e28068940000400386621d4f, 96
1652704140.148925, sdrt-health/mac:02010b41cdec/antenna/tag/e2806894000050038661fd4f, 91
1652704140.203473, sdrt-health/mac:02010b41cdec/antenna/tag/e2806894000050038662154f, 85
1652704140.254191, sdrt-health/mac:02010b41cdec/antenna/tag/e2806894000050038662194f, 94
1652704140.323361, sdrt-health/mac:02010b41cdec/antenna/tag/e28068940000400386621d4f, 77
1652704140.323871, sdrt-health/mac:02010b41cdec/antenna/tag/e28068940000400386621d4f, 96
1652704140.358687, sdrt-health/mac:02010b41cdec/antenna/tag/e2806894000050038662194f, 83
1652704140.397671, sdrt-health/mac:02010b41cdec/antenna/tag/e28068940000400386621d4f, 96
1652704140.450095, sdrt-health/mac:02010b41cdec/antenna/tag/e2806894000040038662114f, 87
1652704140.492934, sdrt-health/mac:02010b41cdec/antenna/tag/e2806894000040038662114f, 85
1652704140.537577, sdrt-health/mac:02010b41cdec/antenna/tag/e28068940000500386620d4f, 97
1652704140.581605, sdrt-health/mac:02010b41cdec/antenna/tag/e28068940000500386620d4f, 97
1652704140.65121, sdrt-health/mac:02010b41cdec/antenna/tag/e28068940000400386621d4f, 96
1652704140.651709, sdrt-health/mac:02010b41cdec/antenna/tag/e2806894000040038662114f, 85
1652704140.666295, sdrt-health/mac:02010b41cdec/antenna/tag/e28068940000500386620d4f, 83
1652704140.666784, sdrt-health/mac:02010b41cdec/antenna/tag/e2806894000050038661fd4f, 91
1652704140.678458, sdrt-health/mac:02010b41cdec/antenna/tag/e2806894000050038661fd4f, 97
1652704140.733774, sdrt-health/mac:02010b41cdec/antenna/tag/e2806894000050038661fd4f, 91
1652704140.764042, sdrt-health/mac:02010b41cdec/antenna/tag/e2806894000050038662154f, 93
1652704140.764421, sdrt-health/mac:02010b41cdec/antenna/tag/e28068940000500386620d4f, 97
1652704140.77782, sdrt-health/mac:02010b41cdec/antenna/tag/e2806894000050038662154f, 87
1652704140.778123, sdrt-health/mac:02010b41cdec/antenna/tag/e2806894000050038662154f, 85
1652704140.778316, sdrt-health/mac:02010b41cdec/antenna/tag/e28068940000500386620d4f, 83
1652704140.822573, sdrt-health/mac:02010b41cdec/antenna/tag/e28068940000500386620d4f, 97
1652704140.884552, sdrt-health/mac:02010b41cdec/antenna/tag/e2806894000040038662214f, 84
1652704140.88509, sdrt-health/mac:02010b41cdec/antenna/tag/e2806894000040038662114f, 85
1652704140.900643, sdrt-health/mac:02010b41cdec/antenna/tag/e28068940000400386621d4f, 77
1652704140.938177, sdrt-health/mac:02010b41cdec/antenna/tag/e28068940000500386620d4f, 83
1652704140.981687, sdrt-health/mac:02010b41cdec/antenna/tag/e2806894000040038662114f, 85
1652704141.017243, sdrt-health/mac:02010b41cdec/antenna/tag/e2806894000050038661fd4f, 91
1652704141.047808, sdrt-health/mac:02010b41cdec/antenna/tag/e2806894000050038661fd4f, 91
1652704141.061418, sdrt-health/mac:02010b41cdec/antenna/tag/e2806894000050038661fd4f, 88
1652704141.109635, sdrt-health/mac:02010b41cdec/antenna/tag/e2806894000040038662114f, 85
1652704141.173246, sdrt-health/mac:02010b41cdec/antenna/tag/e2806894000040038662114f, 93
1652704141.173699, sdrt-health/mac:02010b41cdec/antenna/tag/e2806894000050038662154f, 93
1652704141.213107, sdrt-health/mac:02010b41cdec/antenna/tag/e2806894000050038662154f, 85
1652704141.259991, sdrt-health/mac:02010b41cdec/antenna/tag/e2806894000050038662194f, 83
1652704141.322246, sdrt-health/mac:02010b41cdec/antenna/tag/e2806894000040038662114f, 88
1652704141.322635, sdrt-health/mac:02010b41cdec/antenna/tag/e28068940000400386621d4f, 96
1652704141.338269, sdrt-health/mac:02010b41cdec/antenna/tag/e2806894000050038661fd4f, 97
1652704141.359488, sdrt-health/mac:02010b41cdec/antenna/tag/e2806894000050038662154f, 93
1652704141.413559, sdrt-health/mac:02010b41cdec/antenna/tag/e28068940000400386621d4f, 77
1652704141.414002, sdrt-health/mac:02010b41cdec/antenna/tag/e2806894000040038662114f, 85
1652704141.428359, sdrt-health/mac:02010b41cdec/antenna/tag/e2806894000050038661fd4f, 91
1652704141.441289, sdrt-health/mac:02010b41cdec/antenna/tag/e28068940000500386620d4f, 83
1652704141.487652, sdrt-health/mac:02010b41cdec/antenna/tag/e2806894000040038661f94f, 88
1652704141.488119, sdrt-health/mac:02010b41cdec/antenna/tag/e28068940000500386620d4f, 83
1652704141.488615, sdrt-health/mac:02010b41cdec/antenna/tag/e2806894000050038662154f, 85
1652704141.489141, sdrt-health/mac:02010b41cdec/antenna/tag/e2806894000050038661fd4f, 97
1652704141.533764, sdrt-health/mac:02010b41cdec/antenna/tag/e28068940000500386620d4f, 91
1652704141.593522, sdrt-health/mac:02010b41cdec/antenna/tag/e28068940000400386621d4f, 96
1652704141.59387, sdrt-health/mac:02010b41cdec/antenna/tag/e2806894000040038662114f, 85
1652704141.62341, sdrt-health/mac:02010b41cdec/antenna/tag/e2806894000040038662114f, 88
1652704141.654425, sdrt-health/mac:02010b41cdec/antenna/tag/e28068940000400386621d4f, 90
1652704141.654792, sdrt-health/mac:02010b41cdec/antenna/tag/e2806894000040038662114f, 88
1652704141.655134, sdrt-health/mac:02010b41cdec/antenna/tag/e28068940000400386621d4f, 96
1652704141.670808, sdrt-health/mac:02010b41cdec/antenna/tag/e28068940000500386620d4f, 97
1652704141.671141, sdrt-health/mac:02010b41cdec/antenna/tag/e2806894000040038662114f, 88
1652704141.728278, sdrt-health/mac:02010b41cdec/antenna/tag/e2806894000050038661fd4f, 88
1652704141.773382, sdrt-health/mac:02010b41cdec/antenna/tag/e28068940000400386621d4f, 77
1652704141.805158, sdrt-health/mac:02010b41cdec/antenna/tag/e2806894000050038661fd4f, 88
1652704141.80545, sdrt-health/mac:02010b41cdec/antenna/tag/e28068940000400386621d4f, 77
1652704141.855329, sdrt-health/mac:02010b41cdec/antenna/tag/e28068940000400386621d4f, 96
1652704141.899135, sdrt-health/mac:02010b41cdec/antenna/tag/e28068940000500386620d4f, 97
1652704141.932021, sdrt-health/mac:02010b41cdec/antenna/tag/e2806894000050038661fd4f, 97
1652704141.93232, sdrt-health/mac:02010b41cdec/antenna/tag/e2806894000040038662114f, 85
1652704141.955795, sdrt-health/mac:02010b41cdec/antenna/tag/e2806894000050038661fd4f, 97
1652704141.985575, sdrt-health/mac:02010b41cdec/antenna/tag/e28068940000500386620d4f, 97
1652704141.985796, sdrt-health/mac:02010b41cdec/antenna/tag/e28068940000500386620d4f, 97
1652704142.000396, sdrt-health/mac:02010b41cdec/antenna/tag/e28068940000500386620d4f, 83
1652704142.138435, sdrt-health/mac:02010b41cdec/antenna/tag/e2806894000050038662154f, 85
1652704142.183651, sdrt-health/mac:02010b41cdec/antenna/tag/e28068940000500386620d4f, 83
1652704142.227831, sdrt-health/mac:02010b41cdec/antenna/tag/e2806894000050038662154f, 83
1652704142.277088, sdrt-health/mac:02010b41cdec/antenna/tag/e2806894000050038662154f, 85
1652704142.307387, sdrt-health/mac:02010b41cdec/antenna/tag/e28068940000500386620d4f, 83
1652704142.307732, sdrt-health/mac:02010b41cdec/antenna/tag/e28068940000400386621d4f, 96
1652704142.307974, sdrt-health/mac:02010b41cdec/antenna/tag/e2806894000040038662114f, 85
1652704142.322137, sdrt-health/mac:02010b41cdec/antenna/tag/e2806894000050038662154f, 93
1652704142.357908, sdrt-health/mac:02010b41cdec/antenna/tag/e28068940000400386621d4f, 77
1652704142.398028, sdrt-health/mac:02010b41cdec/antenna/tag/e28068940000500386620d4f, 83
1652704142.448751, sdrt-health/mac:02010b41cdec/antenna/tag/e2806894000040038662114f, 85
1652704142.507018, sdrt-health/mac:02010b41cdec/antenna/tag/e28068940000500386620d4f, 83
1652704142.507551, sdrt-health/mac:02010b41cdec/antenna/tag/e2806894000050038662154f, 93
1652704142.538298, sdrt-health/mac:02010b41cdec/antenna/tag/e2806894000050038662154f, 85
1652704142.596946, sdrt-health/mac:02010b41cdec/antenna/tag/e2806894000050038662154f, 88
1652704142.597176, sdrt-health/mac:02010b41cdec/antenna/tag/e28068940000500386620d4f, 97
1652704142.611803, sdrt-health/mac:02010b41cdec/antenna/tag/e2806894000050038662154f, 85
1652704142.612021, sdrt-health/mac:02010b41cdec/antenna/tag/e2806894000040038662114f, 93
1652704142.612146, sdrt-health/mac:02010b41cdec/antenna/tag/e28068940000400386621d4f, 96
1652704142.664027, sdrt-health/mac:02010b41cdec/antenna/tag/e28068940000500386620d4f, 83
1652704142.717559, sdrt-health/mac:02010b41cdec/antenna/tag/e2806894000050038661fd4f, 91
1652704142.773166, sdrt-health/mac:02010b41cdec/antenna/tag/e28068940000400386621d4f, 77
1652704142.773618, sdrt-health/mac:02010b41cdec/antenna/tag/e28068940000400386621d4f, 96
1652704142.796244, sdrt-health/mac:02010b41cdec/antenna/tag/e28068940000400386621d4f, 96
1652704142.837594, sdrt-health/mac:02010b41cdec/antenna/tag/e2806894000040038662114f, 85
1652704142.897428, sdrt-health/mac:02010b41cdec/antenna/tag/e2806894000050038662154f, 85
1652704142.897869, sdrt-health/mac:02010b41cdec/antenna/tag/e2806894000050038662154f, 85
1652704142.928375, sdrt-health/mac:02010b41cdec/antenna/tag/e2806894000040038662114f, 85
1652704142.959459, sdrt-health/mac:02010b41cdec/antenna/tag/e2806894000050038662154f, 85
1652704142.959939, sdrt-health/mac:02010b41cdec/antenna/tag/e28068940000400386621d4f, 96
1652704142.960183, sdrt-health/mac:02010b41cdec/antenna/tag/e2806894000050038661fd4f, 91
1652704142.974613, sdrt-health/mac:02010b41cdec/antenna/tag/e2806894000040038662114f, 88
1652704143.03271, sdrt-health/mac:02010b41cdec/antenna/tag/e2806894000040038662114f, 85
1652704143.033071, sdrt-health/mac:02010b41cdec/antenna/tag/e28068940000500386620d4f, 83
1652704143.077598, sdrt-health/mac:02010b41cdec/antenna/tag/e2806894000040038662114f, 85
1652704143.157679, sdrt-health/mac:02010b41cdec/antenna/tag/e2806894000040038662114f, 85
1652704143.237315, sdrt-health/mac:02010b41cdec/antenna/tag/e28068940000500386620d4f, 91
1652704143.23779, sdrt-health/mac:02010b41cdec/antenna/tag/e2806894000040038662114f, 85
1652704143.303117, sdrt-health/mac:02010b41cdec/antenna/tag/e28068940000400386621d4f, 77
1652704143.408838, sdrt-health/mac:02010b41cdec/antenna/tag/e2806894000050038662154f, 88
1652704143.462016, sdrt-health/mac:02010b41cdec/antenna/tag/e2806894000040038662114f, 93
1652704143.509847, sdrt-health/mac:02010b41cdec/antenna/tag/e28068940000400386621d4f, 96
1652704143.540338, sdrt-health/mac:02010b41cdec/antenna/tag/e2806894000050038662154f, 88
1652704143.540849, sdrt-health/mac:02010b41cdec/antenna/tag/e28068940000500386620d4f, 91
1652704143.557419, sdrt-health/mac:02010b41cdec/antenna/tag/e28068940000400386621d4f, 96
1652704143.61619, sdrt-health/mac:02010b41cdec/antenna/tag/e28068940000500386620d4f, 83
1652704143.616615, sdrt-health/mac:02010b41cdec/antenna/tag/e2806894000050038662154f, 88
1652704143.631418, sdrt-health/mac:02010b41cdec/antenna/tag/e2806894000050038662194f, 94
1652704143.719382, sdrt-health/mac:02010b41cdec/antenna/tag/e2806894000040038662114f, 85
1652704143.719885, sdrt-health/mac:02010b41cdec/antenna/tag/e2806894000040038662114f, 85
1652704143.782229, sdrt-health/mac:02010b41cdec/antenna/tag/e28068940000500386620d4f, 97
1652704143.847543, sdrt-health/mac:02010b41cdec/antenna/tag/e2806894000050038662154f, 85
1652704143.848119, sdrt-health/mac:02010b41cdec/antenna/tag/e2806894000040038662114f, 85
1652704143.877383, sdrt-health/mac:02010b41cdec/antenna/tag/e2806894000050038661fd4f, 91
1652704143.911899, sdrt-health/mac:02010b41cdec/antenna/tag/e2806894000040038662114f, 85
1652704143.91221, sdrt-health/mac:02010b41cdec/antenna/tag/e28068940000400386621d4f, 96
1652704143.934103, sdrt-health/mac:02010b41cdec/antenna/tag/e28068940000400386621d4f, 96
1652704143.987054, sdrt-health/mac:02010b41cdec/antenna/tag/e2806894000040038662114f, 93
1652704143.987591, sdrt-health/mac:02010b41cdec/antenna/tag/e2806894000050038662154f, 85
1652704144.03932, sdrt-health/mac:02010b41cdec/antenna/tag/e28068940000500386620d4f, 97
1652704144.040546, sdrt-health/mac:02010b41cdec/antenna/tag/e2806894000040038662114f, 87
1652704144.054927, sdrt-health/mac:02010b41cdec/antenna/tag/e2806894000050038661fd4f, 83
1652704144.093302, sdrt-health/mac:02010b41cdec/antenna/tag/e2806894000050038661fd4f, 91
1652704144.161925, sdrt-health/mac:02010b41cdec/antenna/tag/e2806894000040038662114f, 85
1652704144.162413, sdrt-health/mac:02010b41cdec/antenna/tag/e28068940000500386620d4f, 97
1652704144.176727, sdrt-health/mac:02010b41cdec/antenna/tag/e2806894000050038661fd4f, 91
1652704144.198486, sdrt-health/mac:02010b41cdec/antenna/tag/e2806894000040038662114f, 93
1652704144.25382, sdrt-health/mac:02010b41cdec/antenna/tag/e2806894000040038662114f, 85
1652704144.254267, sdrt-health/mac:02010b41cdec/antenna/tag/e2806894000040038662114f, 85
1652704144.270344, sdrt-health/mac:02010b41cdec/antenna/tag/e2806894000050038662154f, 87
1652704144.270904, sdrt-health/mac:02010b41cdec/antenna/tag/e2806894000040038662214f, 88
1652704144.277823, sdrt-health/mac:02010b41cdec/antenna/tag/e2806894000050038661fd4f, 91
1652704144.286194, sdrt-health/mac:02010b41cdec/antenna/tag/e28068940000500386620d4f, 97
1652704144.349755, sdrt-health/mac:02010b41cdec/antenna/tag/e2806894000050038662154f, 85
1652704144.387608, sdrt-health/mac:02010b41cdec/antenna/tag/e2806894000040038662114f, 87
1652704144.481868, sdrt-health/mac:02010b41cdec/antenna/tag/e28068940000400386621d4f, 90
1652704144.527086, sdrt-health/mac:02010b41cdec/antenna/tag/e28068940000400386621d4f, 96
1652704144.556505, sdrt-health/mac:02010b41cdec/antenna/tag/e2806894000040038662114f, 88
1652704144.556862, sdrt-health/mac:02010b41cdec/antenna/tag/e2806894000050038661fd4f, 97
1652704144.557082, sdrt-health/mac:02010b41cdec/antenna/tag/e28068940000500386620d4f, 97
1652704144.557289, sdrt-health/mac:02010b41cdec/antenna/tag/e28068940000400386621d4f, 96
1652704144.574173, sdrt-health/mac:02010b41cdec/antenna/tag/e2806894000040038662114f, 85
1652704144.618436, sdrt-health/mac:02010b41cdec/antenna/tag/e2806894000050038661fd4f, 97
1652704144.713635, sdrt-health/mac:02010b41cdec/antenna/tag/e28068940000500386620d4f, 97
1652704144.714183, sdrt-health/mac:02010b41cdec/antenna/tag/e2806894000040038662214f, 88
1652704144.741632, sdrt-health/mac:02010b41cdec/antenna/tag/e28068940000500386620d4f, 97
1652704144.787854, sdrt-health/mac:02010b41cdec/antenna/tag/e2806894000040038662114f, 85
1652704144.854306, sdrt-health/mac:02010b41cdec/antenna/tag/e2806894000050038661fd4f, 88
1652704144.854822, sdrt-health/mac:02010b41cdec/antenna/tag/e2806894000040038662114f, 88
1652704144.877881, sdrt-health/mac:02010b41cdec/antenna/tag/e2806894000050038661fd4f, 83
1652704144.878629, sdrt-health/mac:02010b41cdec/antenna/tag/e2806894000050038661fd4f, 83
1652704144.957323, sdrt-health/mac:02010b41cdec/antenna/tag/e28068940000500386620d4f, 91
1652704145.008461, sdrt-health/mac:02010b41cdec/antenna/tag/e2806894000040038662114f, 85
1652704145.053502, sdrt-health/mac:02010b41cdec/antenna/tag/e2806894000050038661fd4f, 97
1652704145.142365, sdrt-health/mac:02010b41cdec/antenna/tag/e2806894000050038661fd4f, 88
1652704145.187529, sdrt-health/mac:02010b41cdec/antenna/tag/e28068940000500386620d4f, 97
1652704145.188009, sdrt-health/mac:02010b41cdec/antenna/tag/e2806894000040038662114f, 85
1652704145.257671, sdrt-health/mac:02010b41cdec/antenna/tag/e2806894000050038662154f, 87
1652704145.258112, sdrt-health/mac:02010b41cdec/antenna/tag/e2806894000050038662154f, 85
1652704145.258437, sdrt-health/mac:02010b41cdec/antenna/tag/e2806894000040038662114f, 85
1652704145.258815, sdrt-health/mac:02010b41cdec/antenna/tag/e28068940000400386621d4f, 96
1652704145.279833, sdrt-health/mac:02010b41cdec/antenna/tag/e2806894000040038662114f, 85
1652704145.597819, sdrt-health/mac:02010b41cdec/antenna/tag/e2806894000050038661fd4f, 97
1652704145.598135, sdrt-health/mac:02010b41cdec/antenna/tag/e28068940000500386620d4f, 91
1652704145.598362, sdrt-health/mac:02010b41cdec/antenna/tag/e28068940000400386621d4f, 96
1652704145.612347, sdrt-health/mac:02010b41cdec/antenna/tag/e28068940000400386621d4f, 96
1652704145.61254, sdrt-health/mac:02010b41cdec/antenna/tag/e28068940000400386621d4f, 96
1652704145.620898, sdrt-health/mac:02010b41cdec/antenna/tag/e2806894000050038662154f, 88
1652704145.627233, sdrt-health/mac:02010b41cdec/antenna/tag/e28068940000400386621d4f, 90
1652704145.627429, sdrt-health/mac:02010b41cdec/antenna/tag/e2806894000040038662114f, 85
1652704145.627555, sdrt-health/mac:02010b41cdec/antenna/tag/e2806894000050038661fd4f, 83
1652704145.627666, sdrt-health/mac:02010b41cdec/antenna/tag/e2806894000050038662154f, 88
1652704145.627775, sdrt-health/mac:02010b41cdec/antenna/tag/e28068940000400386621d4f, 90
1652704145.627883, sdrt-health/mac:02010b41cdec/antenna/tag/e28068940000500386620d4f, 97
1652704145.627993, sdrt-health/mac:02010b41cdec/antenna/tag/e2806894000050038662154f, 87
1652704145.667598, sdrt-health/mac:02010b41cdec/antenna/tag/e28068940000400386621d4f, 96
1652704145.668314, sdrt-health/mac:02010b41cdec/antenna/tag/e2806894000050038661fd4f, 88
1652704145.718016, sdrt-health/mac:02010b41cdec/antenna/tag/e28068940000500386620d4f, 86
1652704145.797179, sdrt-health/mac:02010b41cdec/antenna/tag/e2806894000050038662154f, 83
1652704145.797714, sdrt-health/mac:02010b41cdec/antenna/tag/e2806894000050038662154f, 88
1652704145.826801, sdrt-health/mac:02010b41cdec/antenna/tag/e2806894000040038662114f, 85
1652704145.857981, sdrt-health/mac:02010b41cdec/antenna/tag/e28068940000500386620d4f, 83
1652704145.858392, sdrt-health/mac:02010b41cdec/antenna/tag/e2806894000040038662114f, 85
1652704145.878362, sdrt-health/mac:02010b41cdec/antenna/tag/e28068940000500386620d4f, 97
1652704145.918234, sdrt-health/mac:02010b41cdec/antenna/tag/e2806894000050038661fd4f, 97
1652704145.975516, sdrt-health/mac:02010b41cdec/antenna/tag/e2806894000050038662154f, 88
1652704145.976029, sdrt-health/mac:02010b41cdec/antenna/tag/e2806894000050038662154f, 85
1652704145.997566, sdrt-health/mac:02010b41cdec/antenna/tag/e28068940000500386620d4f, 97
1652704146.040338, sdrt-health/mac:02010b41cdec/antenna/tag/e2806894000050038661fd4f, 88
1652704146.069827, sdrt-health/mac:02010b41cdec/antenna/tag/e2806894000050038661fd4f, 88
1652704146.070142, sdrt-health/mac:02010b41cdec/antenna/tag/e28068940000500386620d4f, 83
1652704146.085925, sdrt-health/mac:02010b41cdec/antenna/tag/e2806894000050038661fd4f, 91
1652704146.12765, sdrt-health/mac:02010b41cdec/antenna/tag/e2806894000050038661fd4f, 85
1652704146.174252, sdrt-health/mac:02010b41cdec/antenna/tag/e28068940000500386620d4f, 91
1652704146.217738, sdrt-health/mac:02010b41cdec/antenna/tag/e28068940000400386621d4f, 77
1652704146.277595, sdrt-health/mac:02010b41cdec/antenna/tag/e2806894000050038661fd4f, 88
1652704146.278134, sdrt-health/mac:02010b41cdec/antenna/tag/e2806894000040038662114f, 85
1652704146.309068, sdrt-health/mac:02010b41cdec/antenna/tag/e2806894000050038662154f, 85
1652704146.35849, sdrt-health/mac:02010b41cdec/antenna/tag/e2806894000050038662154f, 88
1652704146.41421, sdrt-health/mac:02010b41cdec/antenna/tag/e2806894000040038661f94f, 81
1652704146.473656, sdrt-health/mac:02010b41cdec/antenna/tag/e2806894000040038662114f, 93
1652704146.474165, sdrt-health/mac:02010b41cdec/antenna/tag/e2806894000050038662154f, 85
1652704146.501491, sdrt-health/mac:02010b41cdec/antenna/tag/e2806894000050038662154f, 85
1652704146.539072, sdrt-health/mac:02010b41cdec/antenna/tag/e2806894000050038662194f, 81
1652704146.597488, sdrt-health/mac:02010b41cdec/antenna/tag/e28068940000500386620d4f, 97
1652704146.597725, sdrt-health/mac:02010b41cdec/antenna/tag/e2806894000050038662194f, 83
1652704146.627054, sdrt-health/mac:02010b41cdec/antenna/tag/e28068940000500386620d4f, 97
1652704146.678494, sdrt-health/mac:02010b41cdec/antenna/tag/e28068940000500386620d4f, 97
1652704146.735043, sdrt-health/mac:02010b41cdec/antenna/tag/e28068940000500386620d4f, 97
1652704146.735488, sdrt-health/mac:02010b41cdec/antenna/tag/e28068940000500386620d4f, 97
1652704146.75851, sdrt-health/mac:02010b41cdec/antenna/tag/e2806894000040038662114f, 85
1652704146.797989, sdrt-health/mac:02010b41cdec/antenna/tag/e2806894000040038662114f, 88
1652704146.837562, sdrt-health/mac:02010b41cdec/antenna/tag/e2806894000040038662114f, 88
1652704146.95587, sdrt-health/mac:02010b41cdec/antenna/tag/e2806894000050038662194f, 81
1652704146.956411, sdrt-health/mac:02010b41cdec/antenna/tag/e2806894000050038662154f, 85
1652704146.997409, sdrt-health/mac:02010b41cdec/antenna/tag/e2806894000050038661fd4f, 97
1652704147.038378, sdrt-health/mac:02010b41cdec/antenna/tag/e2806894000050038662154f, 93
1652704147.088193, sdrt-health/mac:02010b41cdec/antenna/tag/e28068940000400386621d4f, 77
1652704147.125095, sdrt-health/mac:02010b41cdec/antenna/tag/e28068940000500386620d4f, 83
1652704147.125631, sdrt-health/mac:02010b41cdec/antenna/tag/e2806894000050038661fd4f, 91
1652704147.125875, sdrt-health/mac:02010b41cdec/antenna/tag/e2806894000050038662154f, 93
1652704147.141338, sdrt-health/mac:02010b41cdec/antenna/tag/e28068940000500386620d4f, 83
1652704147.141636, sdrt-health/mac:02010b41cdec/antenna/tag/e28068940000400386621d4f, 96
1652704147.178611, sdrt-health/mac:02010b41cdec/antenna/tag/e2806894000050038661fd4f, 91
1652704147.221704, sdrt-health/mac:02010b41cdec/antenna/tag/e2806894000050038662194f, 81
1652704147.268483, sdrt-health/mac:02010b41cdec/antenna/tag/e2806894000050038662154f, 88
1652704147.317433, sdrt-health/mac:02010b41cdec/antenna/tag/e2806894000040038662214f, 94
1652704147.359638, sdrt-health/mac:02010b41cdec/antenna/tag/e2806894000040038662214f, 84
1652704147.398495, sdrt-health/mac:02010b41cdec/antenna/tag/e28068940000500386620d4f, 83
1652704147.438377, sdrt-health/mac:02010b41cdec/antenna/tag/e28068940000400386621d4f, 77
1652704147.477603, sdrt-health/mac:02010b41cdec/antenna/tag/e2806894000050038662194f, 94
1652704147.477907, sdrt-health/mac:02010b41cdec/antenna/tag/e2806894000050038661fd4f, 91
1652704147.518637, sdrt-health/mac:02010b41cdec/antenna/tag/e2806894000050038661fd4f, 88
1652704147.611982, sdrt-health/mac:02010b41cdec/antenna/tag/e2806894000040038662114f, 85
1652704147.61237, sdrt-health/mac:02010b41cdec/antenna/tag/e28068940000400386621d4f, 77
1652704147.626206, sdrt-health/mac:02010b41cdec/antenna/tag/e2806894000050038662154f, 87
1652704147.647027, sdrt-health/mac:02010b41cdec/antenna/tag/e28068940000400386621d4f, 77
1652704147.710284, sdrt-health/mac:02010b41cdec/antenna/tag/e28068940000500386620d4f, 83
1652704147.710731, sdrt-health/mac:02010b41cdec/antenna/tag/e2806894000050038662194f, 81
1652704147.73795, sdrt-health/mac:02010b41cdec/antenna/tag/e2806894000040038662114f, 85
1652704147.772532, sdrt-health/mac:02010b41cdec/antenna/tag/e2806894000050038661fd4f, 88
1652704147.772948, sdrt-health/mac:02010b41cdec/antenna/tag/e2806894000050038662154f, 93
1652704147.7896, sdrt-health/mac:02010b41cdec/antenna/tag/e2806894000040038662114f, 85
1652704147.84308, sdrt-health/mac:02010b41cdec/antenna/tag/e2806894000040038662114f, 85
1652704147.843436, sdrt-health/mac:02010b41cdec/antenna/tag/e2806894000040038662114f, 85
1652704147.860526, sdrt-health/mac:02010b41cdec/antenna/tag/e2806894000050038661fd4f, 91
1652704147.877669, sdrt-health/mac:02010b41cdec/antenna/tag/e28068940000400386621d4f, 77
1652704147.932256, sdrt-health/mac:02010b41cdec/antenna/tag/e2806894000040038662114f, 87
1652704147.932773, sdrt-health/mac:02010b41cdec/antenna/tag/e2806894000050038662154f, 93
1652704147.947841, sdrt-health/mac:02010b41cdec/antenna/tag/e28068940000500386620d4f, 83
1652704147.957389, sdrt-health/mac:02010b41cdec/antenna/tag/e2806894000050038662154f, 88
1652704147.99769, sdrt-health/mac:02010b41cdec/antenna/tag/e2806894000040038662114f, 88
1652704148.063496, sdrt-health/mac:02010b41cdec/antenna/tag/e2806894000050038661fd4f, 97
1652704148.06395, sdrt-health/mac:02010b41cdec/antenna/tag/e2806894000050038661fd4f, 97
1652704148.077999, sdrt-health/mac:02010b41cdec/antenna/tag/e28068940000500386620d4f, 97
1652704148.10689, sdrt-health/mac:02010b41cdec/antenna/tag/e2806894000050038662154f, 85
1652704148.107139, sdrt-health/mac:02010b41cdec/antenna/tag/e2806894000050038661fd4f, 97
1652704148.137636, sdrt-health/mac:02010b41cdec/antenna/tag/e2806894000050038662194f, 88
1652704148.182343, sdrt-health/mac:02010b41cdec/antenna/tag/e28068940000400386621d4f, 96
1652704148.214217, sdrt-health/mac:02010b41cdec/antenna/tag/e2806894000050038662194f, 81
1652704148.21458, sdrt-health/mac:02010b41cdec/antenna/tag/e28068940000400386621d4f, 90
1652704148.236012, sdrt-health/mac:02010b41cdec/antenna/tag/e2806894000040038662114f, 93
1652704148.297271, sdrt-health/mac:02010b41cdec/antenna/tag/e2806894000050038662154f, 93
1652704148.297605, sdrt-health/mac:02010b41cdec/antenna/tag/e2806894000040038662114f, 85
1652704148.312207, sdrt-health/mac:02010b41cdec/antenna/tag/e28068940000400386621d4f, 77
1652704148.312461, sdrt-health/mac:02010b41cdec/antenna/tag/e2806894000050038662154f, 93
1652704148.31728, sdrt-health/mac:02010b41cdec/antenna/tag/e2806894000050038661fd4f, 91
1652704148.357794, sdrt-health/mac:02010b41cdec/antenna/tag/e2806894000050038661fd4f, 83
1652704148.3979, sdrt-health/mac:02010b41cdec/antenna/tag/e28068940000400386621d4f, 96
1652704148.445306, sdrt-health/mac:02010b41cdec/antenna/tag/e2806894000050038662154f, 85
1652704148.509334, sdrt-health/mac:02010b41cdec/antenna/tag/e28068940000500386620d4f, 97
1652704148.509894, sdrt-health/mac:02010b41cdec/antenna/tag/e2806894000050038661fd4f, 97
1652704148.524775, sdrt-health/mac:02010b41cdec/antenna/tag/e28068940000400386621d4f, 90
1652704148.54866, sdrt-health/mac:02010b41cdec/antenna/tag/e28068940000500386620d4f, 97
1652704148.58003, sdrt-health/mac:02010b41cdec/antenna/tag/e2806894000050038662154f, 85
1652704148.580421, sdrt-health/mac:02010b41cdec/antenna/tag/e2806894000040038662114f, 88
1652704148.58063, sdrt-health/mac:02010b41cdec/antenna/tag/e2806894000040038662114f, 88
1652704148.598201, sdrt-health/mac:02010b41cdec/antenna/tag/e28068940000400386621d4f, 96
1652704148.654205, sdrt-health/mac:02010b41cdec/antenna/tag/e28068940000500386620d4f, 83
1652704148.654828, sdrt-health/mac:02010b41cdec/antenna/tag/e28068940000500386620d4f, 83
1652704148.669646, sdrt-health/mac:02010b41cdec/antenna/tag/e2806894000050038661fd4f, 88
1652704148.700034, sdrt-health/mac:02010b41cdec/antenna/tag/e28068940000400386621d4f, 96
1652704148.700323, sdrt-health/mac:02010b41cdec/antenna/tag/e28068940000400386621d4f, 77
1652704148.733611, sdrt-health/mac:02010b41cdec/antenna/tag/e2806894000050038662154f, 93
1652704148.777521, sdrt-health/mac:02010b41cdec/antenna/tag/e2806894000050038661fd4f, 91
1652704148.845375, sdrt-health/mac:02010b41cdec/antenna/tag/e28068940000500386620d4f, 97
1652704148.845836, sdrt-health/mac:02010b41cdec/antenna/tag/e2806894000050038662154f, 85
1652704148.877904, sdrt-health/mac:02010b41cdec/antenna/tag/e2806894000050038662154f, 93
1652704148.933258, sdrt-health/mac:02010b41cdec/antenna/tag/e2806894000050038661fd4f, 88
1652704148.933747, sdrt-health/mac:02010b41cdec/antenna/tag/e2806894000050038662194f, 88
1652704148.948726, sdrt-health/mac:02010b41cdec/antenna/tag/e28068940000500386620d4f, 83
1652704149.017304, sdrt-health/mac:02010b41cdec/antenna/tag/e28068940000500386620d4f, 91
1652704149.060158, sdrt-health/mac:02010b41cdec/antenna/tag/e2806894000040038662114f, 85
1652704149.13236, sdrt-health/mac:02010b41cdec/antenna/tag/e2806894000050038662154f, 88
1652704149.132884, sdrt-health/mac:02010b41cdec/antenna/tag/e28068940000400386621d4f, 77
1652704149.15797, sdrt-health/mac:02010b41cdec/antenna/tag/e2806894000050038662154f, 93
1652704149.28915, sdrt-health/mac:02010b41cdec/antenna/tag/e28068940000500386620d4f, 83
1652704149.289669, sdrt-health/mac:02010b41cdec/antenna/tag/e28068940000400386621d4f, 96
1652704149.318309, sdrt-health/mac:02010b41cdec/antenna/tag/e2806894000050038662154f, 88
1652704149.357858, sdrt-health/mac:02010b41cdec/antenna/tag/e2806894000050038661fd4f, 83
1652704149.414288, sdrt-health/mac:02010b41cdec/antenna/tag/e28068940000500386620d4f, 91
1652704149.414658, sdrt-health/mac:02010b41cdec/antenna/tag/e2806894000050038661fd4f, 83
1652704149.429406, sdrt-health/mac:02010b41cdec/antenna/tag/e28068940000500386620d4f, 83
1652704149.436746, sdrt-health/mac:02010b41cdec/antenna/tag/e28068940000500386620d4f, 97
1652704149.444685, sdrt-health/mac:02010b41cdec/antenna/tag/e2806894000050038661fd4f, 91
1652704149.477548, sdrt-health/mac:02010b41cdec/antenna/tag/e28068940000400386621d4f, 90
1652704149.535182, sdrt-health/mac:02010b41cdec/antenna/tag/e2806894000050038662154f, 85
1652704149.535624, sdrt-health/mac:02010b41cdec/antenna/tag/e2806894000050038662194f, 81
1652704149.559358, sdrt-health/mac:02010b41cdec/antenna/tag/e28068940000400386621d4f, 96
1652704149.559646, sdrt-health/mac:02010b41cdec/antenna/tag/e2806894000040038662114f, 85
1652704149.597378, sdrt-health/mac:02010b41cdec/antenna/tag/e28068940000500386620d4f, 83
1652704149.647318, sdrt-health/mac:02010b41cdec/antenna/tag/e28068940000500386620d4f, 97
1652704149.694301, sdrt-health/mac:02010b41cdec/antenna/tag/e2806894000050038661fd4f, 91
1652704149.694827, sdrt-health/mac:02010b41cdec/antenna/tag/e28068940000400386621d4f, 96
1652704149.737943, sdrt-health/mac:02010b41cdec/antenna/tag/e2806894000050038661fd4f, 97
1652704149.797379, sdrt-health/mac:02010b41cdec/antenna/tag/e28068940000500386620d4f, 97
1652704149.797829, sdrt-health/mac:02010b41cdec/antenna/tag/e2806894000040038662114f, 85
1652704149.827465, sdrt-health/mac:02010b41cdec/antenna/tag/e2806894000040038662114f, 85
1652704149.877708, sdrt-health/mac:02010b41cdec/antenna/tag/e2806894000050038661fd4f, 88
1652704149.917902, sdrt-health/mac:02010b41cdec/antenna/tag/e2806894000040038662114f, 93
1652704149.947253, sdrt-health/mac:02010b41cdec/antenna/tag/e2806894000050038662154f, 88
1652704149.947523, sdrt-health/mac:02010b41cdec/antenna/tag/e2806894000050038661fd4f, 97
1652704149.961832, sdrt-health/mac:02010b41cdec/antenna/tag/e2806894000050038662154f, 85
1652704149.962136, sdrt-health/mac:02010b41cdec/antenna/tag/e28068940000500386620d4f, 91
1652704149.999389, sdrt-health/mac:02010b41cdec/antenna/tag/e2806894000040038662114f, 85
1652704150.057384, sdrt-health/mac:02010b41cdec/antenna/tag/e2806894000040038662114f, 93
1652704150.057875, sdrt-health/mac:02010b41cdec/antenna/tag/e2806894000040038662114f, 85
1652704150.073845, sdrt-health/mac:02010b41cdec/antenna/tag/e28068940000500386620d4f, 83
1652704150.07727, sdrt-health/mac:02010b41cdec/antenna/tag/e2806894000050038661fd4f, 97
1652704150.116826, sdrt-health/mac:02010b41cdec/antenna/tag/e28068940000400386621d4f, 96
1652704150.175482, sdrt-health/mac:02010b41cdec/antenna/tag/e2806894000040038662114f, 85
1652704150.175945, sdrt-health/mac:02010b41cdec/antenna/tag/e28068940000400386621d4f, 96
1652704150.196936, sdrt-health/mac:02010b41cdec/antenna/tag/e2806894000050038661fd4f, 91
1652704150.253944, sdrt-health/mac:02010b41cdec/antenna/tag/e2806894000040038662114f, 85
1652704150.254434, sdrt-health/mac:02010b41cdec/antenna/tag/e2806894000050038661fd4f, 91
1652704150.270706, sdrt-health/mac:02010b41cdec/antenna/tag/e2806894000040038662114f, 93
1652704150.301604, sdrt-health/mac:02010b41cdec/antenna/tag/e28068940000400386621d4f, 96
1652704150.302866, sdrt-health/mac:02010b41cdec/antenna/tag/e28068940000400386621d4f, 96
1652704150.341974, sdrt-health/mac:02010b41cdec/antenna/tag/e28068940000400386621d4f, 90
1652704150.372268, sdrt-health/mac:02010b41cdec/antenna/tag/e28068940000400386621d4f, 96
1652704150.372578, sdrt-health/mac:02010b41cdec/antenna/tag/e2806894000050038662154f, 88
1652704150.387208, sdrt-health/mac:02010b41cdec/antenna/tag/e2806894000050038661fd4f, 97
1652704150.387607, sdrt-health/mac:02010b41cdec/antenna/tag/e28068940000400386621d4f, 96
1652704150.387923, sdrt-health/mac:02010b41cdec/antenna/tag/e2806894000050038661fd4f, 97
1652704150.438082, sdrt-health/mac:02010b41cdec/antenna/tag/e2806894000050038661fd4f, 97
1652704150.493347, sdrt-health/mac:02010b41cdec/antenna/tag/e2806894000050038661fd4f, 97
1652704150.493849, sdrt-health/mac:02010b41cdec/antenna/tag/e28068940000400386621d4f, 96
1652704150.517176, sdrt-health/mac:02010b41cdec/antenna/tag/e28068940000500386620d4f, 97
1652704150.55976, sdrt-health/mac:02010b41cdec/antenna/tag/e2806894000050038661fd4f, 97
1652704150.596274, sdrt-health/mac:02010b41cdec/antenna/tag/e28068940000500386620d4f, 97
1652704150.653227, sdrt-health/mac:02010b41cdec/antenna/tag/e28068940000400386621d4f, 96
1652704150.653776, sdrt-health/mac:02010b41cdec/antenna/tag/e2806894000040038662114f, 85
1652704150.679464, sdrt-health/mac:02010b41cdec/antenna/tag/e28068940000500386620d4f, 97
1652704150.733475, sdrt-health/mac:02010b41cdec/antenna/tag/e28068940000500386620d4f, 97
1652704150.73398, sdrt-health/mac:02010b41cdec/antenna/tag/e2806894000040038662214f, 88
1652704150.769773, sdrt-health/mac:02010b41cdec/antenna/tag/e2806894000040038662214f, 88
1652704150.813598, sdrt-health/mac:02010b41cdec/antenna/tag/e28068940000500386620d4f, 91
1652704150.858108, sdrt-health/mac:02010b41cdec/antenna/tag/e2806894000050038662154f, 85
1652704150.889679, sdrt-health/mac:02010b41cdec/antenna/tag/e28068940000400386621d4f, 96
1652704150.890174, sdrt-health/mac:02010b41cdec/antenna/tag/e28068940000500386620d4f, 91
1652704150.974426, sdrt-health/mac:02010b41cdec/antenna/tag/e2806894000050038661fd4f, 91
1652704151.005279, sdrt-health/mac:02010b41cdec/antenna/tag/e28068940000400386621d4f, 96
1652704151.005776, sdrt-health/mac:02010b41cdec/antenna/tag/e2806894000040038662114f, 93
1652704151.021575, sdrt-health/mac:02010b41cdec/antenna/tag/e28068940000400386621d4f, 96
1652704151.02194, sdrt-health/mac:02010b41cdec/antenna/tag/e2806894000040038662114f, 88
1652704151.022286, sdrt-health/mac:02010b41cdec/antenna/tag/e28068940000400386621d4f, 96
1652704151.022536, sdrt-health/mac:02010b41cdec/antenna/tag/e28068940000400386621d4f, 96
1652704151.022752, sdrt-health/mac:02010b41cdec/antenna/tag/e2806894000050038662154f, 85
1652704151.061643, sdrt-health/mac:02010b41cdec/antenna/tag/e28068940000500386620d4f, 97
1652704151.123069, sdrt-health/mac:02010b41cdec/antenna/tag/e2806894000040038662114f, 88
1652704151.123574, sdrt-health/mac:02010b41cdec/antenna/tag/e2806894000040038662114f, 91
1652704151.138815, sdrt-health/mac:02010b41cdec/antenna/tag/e28068940000500386620d4f, 97
1652704151.139362, sdrt-health/mac:02010b41cdec/antenna/tag/e2806894000040038662114f, 88
1652704151.167026, sdrt-health/mac:02010b41cdec/antenna/tag/e2806894000050038661fd4f, 97
1652704151.267913, sdrt-health/mac:02010b41cdec/antenna/tag/e2806894000040038662114f, 85
1652704151.317781, sdrt-health/mac:02010b41cdec/antenna/tag/e2806894000040038662214f, 88
1652704151.373312, sdrt-health/mac:02010b41cdec/antenna/tag/e28068940000400386621d4f, 96
1652704151.426352, sdrt-health/mac:02010b41cdec/antenna/tag/e2806894000040038662114f, 93
1652704151.492842, sdrt-health/mac:02010b41cdec/antenna/tag/e28068940000400386621d4f, 96
1652704151.493392, sdrt-health/mac:02010b41cdec/antenna/tag/e2806894000040038661f94f, 94
1652704151.516934, sdrt-health/mac:02010b41cdec/antenna/tag/e2806894000050038662154f, 88
1652704151.547009, sdrt-health/mac:02010b41cdec/antenna/tag/e2806894000040038662114f, 93
1652704151.547222, sdrt-health/mac:02010b41cdec/antenna/tag/e28068940000400386621d4f, 96
1652704151.565555, sdrt-health/mac:02010b41cdec/antenna/tag/e28068940000500386620d4f, 91
1652704151.613218, sdrt-health/mac:02010b41cdec/antenna/tag/e28068940000500386620d4f, 97
1652704151.657399, sdrt-health/mac:02010b41cdec/antenna/tag/e2806894000040038662114f, 88
1652704151.687779, sdrt-health/mac:02010b41cdec/antenna/tag/e2806894000050038662154f, 83
1652704151.688321, sdrt-health/mac:02010b41cdec/antenna/tag/e28068940000500386620d4f, 97
1652704151.701494, sdrt-health/mac:02010b41cdec/antenna/tag/e2806894000050038661fd4f, 91
1652704151.755379, sdrt-health/mac:02010b41cdec/antenna/tag/e2806894000050038661fd4f, 97
1652704151.797958, sdrt-health/mac:02010b41cdec/antenna/tag/e28068940000400386621d4f, 96
1652704151.829254, sdrt-health/mac:02010b41cdec/antenna/tag/e28068940000500386620d4f, 91
1652704151.829999, sdrt-health/mac:02010b41cdec/antenna/tag/e2806894000050038662154f, 88
1652704151.853541, sdrt-health/mac:02010b41cdec/antenna/tag/e28068940000500386620d4f, 91
1652704151.915774, sdrt-health/mac:02010b41cdec/antenna/tag/e2806894000050038661fd4f, 97
1652704151.916252, sdrt-health/mac:02010b41cdec/antenna/tag/e28068940000500386620d4f, 91
1652704151.930633, sdrt-health/mac:02010b41cdec/antenna/tag/e2806894000050038661fd4f, 83
1652704151.931219, sdrt-health/mac:02010b41cdec/antenna/tag/e2806894000050038662154f, 88
1652704151.931609, sdrt-health/mac:02010b41cdec/antenna/tag/e2806894000050038662154f, 85
1652704151.941738, sdrt-health/mac:02010b41cdec/antenna/tag/e2806894000050038661fd4f, 83
1652704151.999449, sdrt-health/mac:02010b41cdec/antenna/tag/e2806894000050038661fd4f, 97
1652704152.053387, sdrt-health/mac:02010b41cdec/antenna/tag/e2806894000040038662114f, 85
1652704152.053849, sdrt-health/mac:02010b41cdec/antenna/tag/e2806894000050038662154f, 88
1652704152.067851, sdrt-health/mac:02010b41cdec/antenna/tag/e28068940000400386621d4f, 96
1652704152.093411, sdrt-health/mac:02010b41cdec/antenna/tag/e2806894000050038661fd4f, 97
1652704152.138397, sdrt-health/mac:02010b41cdec/antenna/tag/e2806894000050038661fd4f, 88
1652704152.139382, sdrt-health/mac:02010b41cdec/antenna/tag/e2806894000040038662114f, 85
1652704152.153452, sdrt-health/mac:02010b41cdec/antenna/tag/e2806894000050038662154f, 85
1652704152.181281, sdrt-health/mac:02010b41cdec/antenna/tag/e2806894000040038662114f, 85
1652704152.244513, sdrt-health/mac:02010b41cdec/antenna/tag/e2806894000050038661fd4f, 91
1652704152.245054, sdrt-health/mac:02010b41cdec/antenna/tag/e28068940000500386620d4f, 83
1652704152.259584, sdrt-health/mac:02010b41cdec/antenna/tag/e2806894000050038661fd4f, 91
1652704152.27701, sdrt-health/mac:02010b41cdec/antenna/tag/e2806894000050038661fd4f, 83
1652704152.318496, sdrt-health/mac:02010b41cdec/antenna/tag/e2806894000050038661fd4f, 97
1652704152.349544, sdrt-health/mac:02010b41cdec/antenna/tag/e28068940000400386621d4f, 96
1652704152.349844, sdrt-health/mac:02010b41cdec/antenna/tag/e2806894000040038662114f, 88
1652704152.377356, sdrt-health/mac:02010b41cdec/antenna/tag/e2806894000040038662054f, 81
1652704152.430361, sdrt-health/mac:02010b41cdec/antenna/tag/e2806894000040038662114f, 85
1652704152.48692, sdrt-health/mac:02010b41cdec/antenna/tag/e28068940000400386621d4f, 90
1652704152.487364, sdrt-health/mac:02010b41cdec/antenna/tag/e2806894000040038662114f, 85
1652704152.519839, sdrt-health/mac:02010b41cdec/antenna/tag/e2806894000050038661fd4f, 91
1652704152.575827, sdrt-health/mac:02010b41cdec/antenna/tag/e2806894000040038662114f, 85
1652704152.576312, sdrt-health/mac:02010b41cdec/antenna/tag/e28068940000500386620d4f, 83
1652704152.601592, sdrt-health/mac:02010b41cdec/antenna/tag/e2806894000050038662154f, 87
1652704152.63196, sdrt-health/mac:02010b41cdec/antenna/tag/e2806894000050038661fd4f, 88
1652704152.632434, sdrt-health/mac:02010b41cdec/antenna/tag/e28068940000500386620d4f, 97
1652704152.647272, sdrt-health/mac:02010b41cdec/antenna/tag/e28068940000500386620d4f, 83
1652704152.67796, sdrt-health/mac:02010b41cdec/antenna/tag/e2806894000050038661fd4f, 88
1652704152.733449, sdrt-health/mac:02010b41cdec/antenna/tag/e28068940000500386620d4f, 97
1652704152.734998, sdrt-health/mac:02010b41cdec/antenna/tag/e28068940000500386620d4f, 83
1652704152.766713, sdrt-health/mac:02010b41cdec/antenna/tag/e2806894000040038662114f, 93
1652704152.813243, sdrt-health/mac:02010b41cdec/antenna/tag/e2806894000050038662154f, 85
1652704152.858316, sdrt-health/mac:02010b41cdec/antenna/tag/e28068940000500386620d4f, 97
1652704152.915654, sdrt-health/mac:02010b41cdec/antenna/tag/e2806894000040038662114f, 93
1652704152.91608, sdrt-health/mac:02010b41cdec/antenna/tag/e2806894000050038661fd4f, 97
1652704152.93107, sdrt-health/mac:02010b41cdec/antenna/tag/e2806894000050038662154f, 88
1652704152.937616, sdrt-health/mac:02010b41cdec/antenna/tag/e2806894000050038662154f, 85
1652704152.946993, sdrt-health/mac:02010b41cdec/antenna/tag/e28068940000400386621d4f, 96
1652704152.981604, sdrt-health/mac:02010b41cdec/antenna/tag/e28068940000500386620d4f, 91
1652704153.027555, sdrt-health/mac:02010b41cdec/antenna/tag/e2806894000050038661fd4f, 83
1652704153.077892, sdrt-health/mac:02010b41cdec/antenna/tag/e2806894000040038662114f, 88
1652704153.078342, sdrt-health/mac:02010b41cdec/antenna/tag/e2806894000050038662154f, 85
1652704153.116806, sdrt-health/mac:02010b41cdec/antenna/tag/e2806894000050038662154f, 93
1652704153.158235, sdrt-health/mac:02010b41cdec/antenna/tag/e2806894000050038662194f, 83
1652704153.198071, sdrt-health/mac:02010b41cdec/antenna/tag/e2806894000050038662154f, 93
1652704153.253993, sdrt-health/mac:02010b41cdec/antenna/tag/e2806894000050038661fd4f, 91
1652704153.254502, sdrt-health/mac:02010b41cdec/antenna/tag/e28068940000400386621d4f, 77
1652704153.268704, sdrt-health/mac:02010b41cdec/antenna/tag/e28068940000400386621d4f, 77
1652704153.294086, sdrt-health/mac:02010b41cdec/antenna/tag/e28068940000400386621d4f, 96
1652704153.337465, sdrt-health/mac:02010b41cdec/antenna/tag/e28068940000400386621d4f, 96
1652704153.33868, sdrt-health/mac:02010b41cdec/antenna/tag/e2806894000050038662194f, 94
1652704153.353053, sdrt-health/mac:02010b41cdec/antenna/tag/e2806894000040038662114f, 88
1652704153.383368, sdrt-health/mac:02010b41cdec/antenna/tag/e2806894000040038662114f, 85
1652704153.436557, sdrt-health/mac:02010b41cdec/antenna/tag/e28068940000400386621d4f, 96
1652704153.496318, sdrt-health/mac:02010b41cdec/antenna/tag/e2806894000040038662114f, 85
1652704153.496817, sdrt-health/mac:02010b41cdec/antenna/tag/e28068940000500386620d4f, 97
1652704153.497321, sdrt-health/mac:02010b41cdec/antenna/tag/e2806894000050038662154f, 88
1652704153.497706, sdrt-health/mac:02010b41cdec/antenna/tag/e2806894000050038661fd4f, 91
1652704153.518417, sdrt-health/mac:02010b41cdec/antenna/tag/e2806894000050038662154f, 88
1652704153.559151, sdrt-health/mac:02010b41cdec/antenna/tag/e28068940000400386621d4f, 96
1652704153.612591, sdrt-health/mac:02010b41cdec/antenna/tag/e2806894000050038662154f, 85
1652704153.61285, sdrt-health/mac:02010b41cdec/antenna/tag/e2806894000050038661fd4f, 97
1652704153.627431, sdrt-health/mac:02010b41cdec/antenna/tag/e28068940000400386621d4f, 96
1652704153.637752, sdrt-health/mac:02010b41cdec/antenna/tag/e2806894000050038661fd4f, 88
1652704153.70736, sdrt-health/mac:02010b41cdec/antenna/tag/e28068940000400386621d4f, 96
1652704153.747064, sdrt-health/mac:02010b41cdec/antenna/tag/e2806894000050038662194f, 81
1652704153.813272, sdrt-health/mac:02010b41cdec/antenna/tag/e2806894000040038662114f, 85
1652704153.813702, sdrt-health/mac:02010b41cdec/antenna/tag/e28068940000400386621d4f, 96
1652704153.814109, sdrt-health/mac:02010b41cdec/antenna/tag/e28068940000500386620d4f, 83
1652704153.839447, sdrt-health/mac:02010b41cdec/antenna/tag/e2806894000040038662114f, 87
1652704153.878215, sdrt-health/mac:02010b41cdec/antenna/tag/e2806894000040038662214f, 94
1652704153.956374, sdrt-health/mac:02010b41cdec/antenna/tag/e2806894000050038661fd4f, 91
1652704153.956907, sdrt-health/mac:02010b41cdec/antenna/tag/e2806894000050038661fd4f, 88
1652704153.987533, sdrt-health/mac:02010b41cdec/antenna/tag/e2806894000040038662114f, 93
1652704153.988569, sdrt-health/mac:02010b41cdec/antenna/tag/e2806894000040038662114f, 85
1652704154.051874, sdrt-health/mac:02010b41cdec/antenna/tag/e2806894000050038662154f, 93
1652704154.101822, sdrt-health/mac:02010b41cdec/antenna/tag/e2806894000050038662154f, 83
1652704154.14752, sdrt-health/mac:02010b41cdec/antenna/tag/e2806894000050038661fd4f, 91
1652704154.224194, sdrt-health/mac:02010b41cdec/antenna/tag/e28068940000500386620d4f, 83
1652704154.224686, sdrt-health/mac:02010b41cdec/antenna/tag/e2806894000040038662114f, 93
1652704154.225026, sdrt-health/mac:02010b41cdec/antenna/tag/e28068940000500386620d4f, 97
1652704154.239594, sdrt-health/mac:02010b41cdec/antenna/tag/e28068940000500386620d4f, 97
1652704154.253814, sdrt-health/mac:02010b41cdec/antenna/tag/e2806894000040038662114f, 85
1652704154.254148, sdrt-health/mac:02010b41cdec/antenna/tag/e2806894000050038662194f, 81
1652704154.298074, sdrt-health/mac:02010b41cdec/antenna/tag/e28068940000500386620d4f, 83
1652704154.340785, sdrt-health/mac:02010b41cdec/antenna/tag/e2806894000050038662154f, 93
1652704154.397964, sdrt-health/mac:02010b41cdec/antenna/tag/e2806894000050038662154f, 93
1652704154.437541, sdrt-health/mac:02010b41cdec/antenna/tag/e2806894000050038662154f, 93
1652704154.478147, sdrt-health/mac:02010b41cdec/antenna/tag/e2806894000050038662154f, 88
1652704154.542803, sdrt-health/mac:02010b41cdec/antenna/tag/e2806894000040038662114f, 88
1652704154.543341, sdrt-health/mac:02010b41cdec/antenna/tag/e28068940000500386620d4f, 97
1652704154.558301, sdrt-health/mac:02010b41cdec/antenna/tag/e2806894000050038662154f, 85
1652704154.589088, sdrt-health/mac:02010b41cdec/antenna/tag/e2806894000050038662154f, 85
1652704154.589556, sdrt-health/mac:02010b41cdec/antenna/tag/e2806894000050038661fd4f, 97
1652704154.61749, sdrt-health/mac:02010b41cdec/antenna/tag/e2806894000050038662154f, 85
1652704154.646357, sdrt-health/mac:02010b41cdec/antenna/tag/e2806894000040038662114f, 88
1652704154.646663, sdrt-health/mac:02010b41cdec/antenna/tag/e2806894000050038661fd4f, 97
1652704154.661116, sdrt-health/mac:02010b41cdec/antenna/tag/e2806894000050038662154f, 88
1652704154.708528, sdrt-health/mac:02010b41cdec/antenna/tag/e2806894000050038661fd4f, 83
1652704154.748653, sdrt-health/mac:02010b41cdec/antenna/tag/e28068940000500386620d4f, 97
1652704154.788475, sdrt-health/mac:02010b41cdec/antenna/tag/e2806894000050038662194f, 88
1652704154.853082, sdrt-health/mac:02010b41cdec/antenna/tag/e2806894000050038662154f, 87
1652704154.853596, sdrt-health/mac:02010b41cdec/antenna/tag/e28068940000500386620d4f, 83
1652704154.894277, sdrt-health/mac:02010b41cdec/antenna/tag/e28068940000500386620d4f, 97
1652704154.923948, sdrt-health/mac:02010b41cdec/antenna/tag/e2806894000050038662154f, 88
1652704154.924387, sdrt-health/mac:02010b41cdec/antenna/tag/e2806894000040038662114f, 85
1652704154.957875, sdrt-health/mac:02010b41cdec/antenna/tag/e2806894000050038661fd4f, 97
1652704155.005417, sdrt-health/mac:02010b41cdec/antenna/tag/e2806894000050038662154f, 85
1652704155.080096, sdrt-health/mac:02010b41cdec/antenna/tag/e2806894000050038661fd4f, 83
1652704155.080439, sdrt-health/mac:02010b41cdec/antenna/tag/e28068940000400386621d4f, 90
1652704155.096519, sdrt-health/mac:02010b41cdec/antenna/tag/e28068940000500386620d4f, 83
1652704155.107437, sdrt-health/mac:02010b41cdec/antenna/tag/e2806894000040038662114f, 93
1652704155.165487, sdrt-health/mac:02010b41cdec/antenna/tag/e28068940000400386621d4f, 77
1652704155.213032, sdrt-health/mac:02010b41cdec/antenna/tag/e28068940000500386620d4f, 83
1652704155.257214, sdrt-health/mac:02010b41cdec/antenna/tag/e28068940000500386620d4f, 83
1652704155.316219, sdrt-health/mac:02010b41cdec/antenna/tag/e2806894000050038661fd4f, 91
1652704155.316673, sdrt-health/mac:02010b41cdec/antenna/tag/e28068940000400386621d4f, 96
1652704155.331348, sdrt-health/mac:02010b41cdec/antenna/tag/e2806894000050038662154f, 85
1652704155.347371, sdrt-health/mac:02010b41cdec/antenna/tag/e28068940000500386620d4f, 83
1652704155.408302, sdrt-health/mac:02010b41cdec/antenna/tag/e28068940000500386620d4f, 83
1652704155.460917, sdrt-health/mac:02010b41cdec/antenna/tag/e2806894000040038662114f, 85
1652704155.492228, sdrt-health/mac:02010b41cdec/antenna/tag/e2806894000050038662154f, 93
1652704155.492687, sdrt-health/mac:02010b41cdec/antenna/tag/e2806894000040038662114f, 85
1652704155.507393, sdrt-health/mac:02010b41cdec/antenna/tag/e2806894000040038662114f, 93
1652704155.541557, sdrt-health/mac:02010b41cdec/antenna/tag/e28068940000500386620d4f, 97
1652704155.577507, sdrt-health/mac:02010b41cdec/antenna/tag/e2806894000050038661fd4f, 91
1652704155.646827, sdrt-health/mac:02010b41cdec/antenna/tag/e2806894000040038662114f, 85
1652704155.693143, sdrt-health/mac:02010b41cdec/antenna/tag/e2806894000050038661fd4f, 91
1652704155.753387, sdrt-health/mac:02010b41cdec/antenna/tag/e28068940000500386620d4f, 83
1652704155.753914, sdrt-health/mac:02010b41cdec/antenna/tag/e28068940000400386621d4f, 77
1652704155.781624, sdrt-health/mac:02010b41cdec/antenna/tag/e28068940000400386621d4f, 96
1652704155.78195, sdrt-health/mac:02010b41cdec/antenna/tag/e2806894000050038661fd4f, 97
1652704155.796679, sdrt-health/mac:02010b41cdec/antenna/tag/e2806894000050038662154f, 85
1652704155.817661, sdrt-health/mac:02010b41cdec/antenna/tag/e2806894000040038662114f, 85
1652704155.87855, sdrt-health/mac:02010b41cdec/antenna/tag/e2806894000050038661fd4f, 83
1652704155.879088, sdrt-health/mac:02010b41cdec/antenna/tag/e2806894000050038662154f, 88
1652704155.907058, sdrt-health/mac:02010b41cdec/antenna/tag/e2806894000050038662154f, 85
1652704155.973026, sdrt-health/mac:02010b41cdec/antenna/tag/e28068940000400386621d4f, 96
1652704155.973489, sdrt-health/mac:02010b41cdec/antenna/tag/e2806894000040038662114f, 85
1652704155.987649, sdrt-health/mac:02010b41cdec/antenna/tag/e2806894000050038662154f, 85
1652704155.997017, sdrt-health/mac:02010b41cdec/antenna/tag/e2806894000050038662154f, 85
1652704156.049675, sdrt-health/mac:02010b41cdec/antenna/tag/e2806894000040038662114f, 88
1652704156.108656, sdrt-health/mac:02010b41cdec/antenna/tag/e2806894000040038662114f, 88
1652704156.109081, sdrt-health/mac:02010b41cdec/antenna/tag/e2806894000050038662154f, 85
1652704156.137109, sdrt-health/mac:02010b41cdec/antenna/tag/e28068940000500386620d4f, 97
1652704156.181321, sdrt-health/mac:02010b41cdec/antenna/tag/e2806894000040038661f94f, 81
1652704156.241121, sdrt-health/mac:02010b41cdec/antenna/tag/e2806894000050038661fd4f, 97
1652704156.241549, sdrt-health/mac:02010b41cdec/antenna/tag/e2806894000050038662154f, 88
1652704156.255902, sdrt-health/mac:02010b41cdec/antenna/tag/e28068940000400386621d4f, 96
1652704156.277187, sdrt-health/mac:02010b41cdec/antenna/tag/e28068940000500386620d4f, 83
1652704156.317437, sdrt-health/mac:02010b41cdec/antenna/tag/e2806894000050038662194f, 94
1652704156.348366, sdrt-health/mac:02010b41cdec/antenna/tag/e2806894000050038661fd4f, 88
1652704156.3486, sdrt-health/mac:02010b41cdec/antenna/tag/e28068940000400386621d4f, 77
1652704156.423042, sdrt-health/mac:02010b41cdec/antenna/tag/e2806894000040038662114f, 93
1652704156.501923, sdrt-health/mac:02010b41cdec/antenna/tag/e28068940000500386620d4f, 97
1652704156.563754, sdrt-health/mac:02010b41cdec/antenna/tag/e2806894000050038662154f, 85
1652704156.564275, sdrt-health/mac:02010b41cdec/antenna/tag/e2806894000040038662114f, 85
1652704156.596831, sdrt-health/mac:02010b41cdec/antenna/tag/e2806894000040038662114f, 85
1652704156.63824, sdrt-health/mac:02010b41cdec/antenna/tag/e2806894000050038662154f, 85
1652704156.678564, sdrt-health/mac:02010b41cdec/antenna/tag/e28068940000400386621d4f, 96
1652704156.718765, sdrt-health/mac:02010b41cdec/antenna/tag/e28068940000400386621d4f, 96
1652704156.821573, sdrt-health/mac:02010b41cdec/antenna/tag/e2806894000050038661fd4f, 83
1652704157.062439, sdrt-health/mac:02010b41cdec/antenna/tag/scan, scan stopped
