1652704387.788985, sdrt-health/mac:02010b41cdec/antenna/power/set, {"power": 290}
1652704388.908786, sdrt-health/mac:02010b41cdec/antenna/power/set, 
1652704392.811374, sdrt-health/mac:02010b41cdec/antenna/tag/scan, {"time": 20000}
1652704393.235834, sdrt-health/mac:02010b41cdec/antenna/tag/e28068940000500386620d4f, 91
1652704393.276446, sdrt-health/mac:02010b41cdec/antenna/tag/e28068940000400386621d4f, 77
1652704393.306928, sdrt-health/mac:02010b41cdec/antenna/tag/e2806894000040038662214f, 83
1652704393.307289, sdrt-health/mac:02010b41cdec/antenna/tag/e2806894000050038662154f, 93
1652704393.323519, sdrt-health/mac:02010b41cdec/antenna/tag/e2806894000040038662214f, 94
1652704393.323808, sdrt-health/mac:02010b41cdec/antenna/tag/e2806894000040038662114f, 85
1652704393.355937, sdrt-health/mac:02010b41cdec/antenna/tag/e2806894000050038662154f, 91
1652704393.411926, sdrt-health/mac:02010b41cdec/antenna/tag/e2806894000040038662114f, 85
1652704393.412412, sdrt-health/mac:02010b41cdec/antenna/tag/e2806894000050038662154f, 88
1652704393.427498, sdrt-health/mac:02010b41cdec/antenna/tag/e28068940000400386621d4f, 96
1652704393.4678, sdrt-health/mac:02010b41cdec/antenna/tag/e2806894000040038662114f, 85
1652704393.46831, sdrt-health/mac:02010b41cdec/antenna/tag/e2806894000050038662154f, 85
1652704393.482932, sdrt-health/mac:02010b41cdec/antenna/tag/e28068940000400386621d4f, 96
1652704393.496231, sdrt-health/mac:02010b41cdec/antenna/tag/e28068940000400386621d4f, 96
1652704393.540237, sdrt-health/mac:02010b41cdec/antenna/tag/e2806894000040038662114f, 85
1652704393.594888, sdrt-health/mac:02010b41cdec/antenna/tag/e2806894000040038662114f, 88
1652704393.637049, sdrt-health/mac:02010b41cdec/antenna/tag/e28068940000400386621d4f, 77
1652704393.63745, sdrt-health/mac:02010b41cdec/antenna/tag/e2806894000050038661fd4f, 88
1652704393.692564, sdrt-health/mac:02010b41cdec/antenna/tag/e2806894000040038662214f, 81
1652704393.751145, sdrt-health/mac:02010b41cdec/antenna/tag/e28068940000500386620d4f, 97
1652704393.751492, sdrt-health/mac:02010b41cdec/antenna/tag/e2806894000040038662214f, 94
1652704393.751768, sdrt-health/mac:02010b41cdec/antenna/tag/e28068940000400386621d4f, 96
1652704393.780958, sdrt-health/mac:02010b41cdec/antenna/tag/e2806894000040038662114f, 88
1652704393.826613, sdrt-health/mac:02010b41cdec/antenna/tag/e28068940000400386621d4f, 96
1652704393.85648, sdrt-health/mac:02010b41cdec/antenna/tag/e28068940000400386621d4f, 96
1652704393.85719, sdrt-health/mac:02010b41cdec/antenna/tag/e28068940000500386620d4f, 91
1652704393.875648, sdrt-health/mac:02010b41cdec/antenna/tag/e28068940000400386621d4f, 96
1652704393.932075, sdrt-health/mac:02010b41cdec/antenna/tag/e28068940000500386620d4f, 97
1652704393.932562, sdrt-health/mac:02010b41cdec/antenna/tag/e2806894000050038662154f, 88
1652704393.947464, sdrt-health/mac:02010b41cdec/antenna/tag/e28068940000500386620d4f, 97
1652704393.966351, sdrt-health/mac:02010b41cdec/antenna/tag/e2806894000050038661fd4f, 83
1652704394.012859, sdrt-health/mac:02010b41cdec/antenna/tag/e2806894000050038662154f, 88
1652704394.091258, sdrt-health/mac:02010b41cdec/antenna/tag/e2806894000050038661fd4f, 97
1652704394.091978, sdrt-health/mac:02010b41cdec/antenna/tag/e2806894000040038662114f, 85
1652704394.117076, sdrt-health/mac:02010b41cdec/antenna/tag/e28068940000400386621d4f, 77
1652704394.156291, sdrt-health/mac:02010b41cdec/antenna/tag/e28068940000500386620d4f, 83
1652704394.205681, sdrt-health/mac:02010b41cdec/antenna/tag/e28068940000400386621d4f, 77
1652704394.253096, sdrt-health/mac:02010b41cdec/antenna/tag/e2806894000050038661fd4f, 91
1652704394.29928, sdrt-health/mac:02010b41cdec/antenna/tag/e28068940000400386621d4f, 96
1652704394.357365, sdrt-health/mac:02010b41cdec/antenna/tag/e2806894000050038662154f, 88
1652704394.357771, sdrt-health/mac:02010b41cdec/antenna/tag/e28068940000500386620d4f, 83
1652704394.373213, sdrt-health/mac:02010b41cdec/antenna/tag/e2806894000050038662154f, 88
1652704394.395767, sdrt-health/mac:02010b41cdec/antenna/tag/e2806894000050038661fd4f, 83
1652704394.451701, sdrt-health/mac:02010b41cdec/antenna/tag/e2806894000050038662154f, 85
1652704394.452172, sdrt-health/mac:02010b41cdec/antenna/tag/e2806894000050038662154f, 85
1652704394.475536, sdrt-health/mac:02010b41cdec/antenna/tag/e28068940000400386621d4f, 96
1652704394.536277, sdrt-health/mac:02010b41cdec/antenna/tag/e2806894000050038662154f, 88
1652704394.536774, sdrt-health/mac:02010b41cdec/antenna/tag/e2806894000050038662194f, 84
1652704394.55706, sdrt-health/mac:02010b41cdec/antenna/tag/e28068940000500386620d4f, 97
1652704394.596046, sdrt-health/mac:02010b41cdec/antenna/tag/e2806894000050038662154f, 87
1652704394.651301, sdrt-health/mac:02010b41cdec/antenna/tag/e2806894000040038662214f, 94
1652704394.696797, sdrt-health/mac:02010b41cdec/antenna/tag/e28068940000400386621d4f, 77
1652704394.741294, sdrt-health/mac:02010b41cdec/antenna/tag/e28068940000500386620d4f, 83
1652704394.786418, sdrt-health/mac:02010b41cdec/antenna/tag/e28068940000500386620d4f, 97
1652704394.851267, sdrt-health/mac:02010b41cdec/antenna/tag/e2806894000050038662154f, 91
1652704394.851827, sdrt-health/mac:02010b41cdec/antenna/tag/e2806894000050038661fd4f, 91
1652704394.866653, sdrt-health/mac:02010b41cdec/antenna/tag/e2806894000040038662114f, 93
1652704394.895929, sdrt-health/mac:02010b41cdec/antenna/tag/e2806894000050038661fd4f, 97
1652704394.896198, sdrt-health/mac:02010b41cdec/antenna/tag/e2806894000050038662154f, 88
1652704394.937124, sdrt-health/mac:02010b41cdec/antenna/tag/e2806894000050038662154f, 85
1652704394.996582, sdrt-health/mac:02010b41cdec/antenna/tag/e28068940000400386621d4f, 96
1652704394.997088, sdrt-health/mac:02010b41cdec/antenna/tag/e2806894000050038661fd4f, 97
1652704395.026691, sdrt-health/mac:02010b41cdec/antenna/tag/e28068940000400386621d4f, 96
1652704395.077421, sdrt-health/mac:02010b41cdec/antenna/tag/e28068940000400386621d4f, 96
1652704395.134412, sdrt-health/mac:02010b41cdec/antenna/tag/e28068940000500386620d4f, 97
1652704395.134903, sdrt-health/mac:02010b41cdec/antenna/tag/e2806894000050038662154f, 85
1652704395.149056, sdrt-health/mac:02010b41cdec/antenna/tag/e2806894000050038662154f, 85
1652704395.149581, sdrt-health/mac:02010b41cdec/antenna/tag/e2806894000040038662114f, 91
1652704395.1695, sdrt-health/mac:02010b41cdec/antenna/tag/e2806894000050038661fd4f, 91
1652704395.214068, sdrt-health/mac:02010b41cdec/antenna/tag/e28068940000500386620d4f, 83
1652704395.274605, sdrt-health/mac:02010b41cdec/antenna/tag/e2806894000040038662114f, 85
1652704395.275112, sdrt-health/mac:02010b41cdec/antenna/tag/e2806894000050038662154f, 87
1652704395.289782, sdrt-health/mac:02010b41cdec/antenna/tag/e2806894000050038662194f, 94
1652704395.30094, sdrt-health/mac:02010b41cdec/antenna/tag/e2806894000050038662194f, 81
1652704395.347195, sdrt-health/mac:02010b41cdec/antenna/tag/e28068940000400386621d4f, 96
1652704395.424138, sdrt-health/mac:02010b41cdec/antenna/tag/e28068940000500386620d4f, 83
1652704395.424649, sdrt-health/mac:02010b41cdec/antenna/tag/e2806894000040038662114f, 88
1652704395.44179, sdrt-health/mac:02010b41cdec/antenna/tag/e2806894000040038662114f, 88
1652704395.442193, sdrt-health/mac:02010b41cdec/antenna/tag/e28068940000500386620d4f, 83
1652704395.442545, sdrt-health/mac:02010b41cdec/antenna/tag/e28068940000400386621d4f, 96
1652704395.458183, sdrt-health/mac:02010b41cdec/antenna/tag/e2806894000050038662154f, 85
1652704395.458624, sdrt-health/mac:02010b41cdec/antenna/tag/e2806894000050038661fd4f, 97
1652704395.504099, sdrt-health/mac:02010b41cdec/antenna/tag/e2806894000050038662154f, 85
1652704395.57242, sdrt-health/mac:02010b41cdec/antenna/tag/e2806894000040038662114f, 85
1652704395.572874, sdrt-health/mac:02010b41cdec/antenna/tag/e2806894000050038662154f, 88
1652704395.601388, sdrt-health/mac:02010b41cdec/antenna/tag/e2806894000050038662154f, 85
1652704395.669076, sdrt-health/mac:02010b41cdec/antenna/tag/e28068940000500386620d4f, 83
1652704395.669591, sdrt-health/mac:02010b41cdec/antenna/tag/e2806894000050038661fd4f, 91
1652704395.716717, sdrt-health/mac:02010b41cdec/antenna/tag/e2806894000050038661fd4f, 91
1652704395.755935, sdrt-health/mac:02010b41cdec/antenna/tag/e28068940000400386621d4f, 77
1652704395.757474, sdrt-health/mac:02010b41cdec/antenna/tag/e2806894000050038662194f, 83
1652704395.796362, sdrt-health/mac:02010b41cdec/antenna/tag/e2806894000050038662194f, 94
1652704395.836636, sdrt-health/mac:02010b41cdec/antenna/tag/e28068940000400386621d4f, 77
1652704395.876393, sdrt-health/mac:02010b41cdec/antenna/tag/e2806894000050038662154f, 93
1652704395.917222, sdrt-health/mac:02010b41cdec/antenna/tag/e2806894000050038661fd4f, 91
1652704395.917756, sdrt-health/mac:02010b41cdec/antenna/tag/e28068940000400386621d4f, 77
1652704395.931113, sdrt-health/mac:02010b41cdec/antenna/tag/e28068940000500386620d4f, 83
1652704395.931346, sdrt-health/mac:02010b41cdec/antenna/tag/e28068940000500386620d4f, 97
1652704395.967344, sdrt-health/mac:02010b41cdec/antenna/tag/e28068940000500386620d4f, 83
1652704396.002528, sdrt-health/mac:02010b41cdec/antenna/tag/e2806894000050038662194f, 94
1652704396.00288, sdrt-health/mac:02010b41cdec/antenna/tag/e2806894000050038661fd4f, 97
1652704396.021429, sdrt-health/mac:02010b41cdec/antenna/tag/e2806894000050038662194f, 81
1652704396.093298, sdrt-health/mac:02010b41cdec/antenna/tag/e28068940000500386620d4f, 83
1652704396.136734, sdrt-health/mac:02010b41cdec/antenna/tag/e2806894000040038662114f, 85
1652704396.195882, sdrt-health/mac:02010b41cdec/antenna/tag/e2806894000050038661fd4f, 88
1652704396.196363, sdrt-health/mac:02010b41cdec/antenna/tag/e2806894000040038662114f, 88
1652704396.252075, sdrt-health/mac:02010b41cdec/antenna/tag/e28068940000500386620d4f, 97
1652704396.29835, sdrt-health/mac:02010b41cdec/antenna/tag/e28068940000400386621d4f, 77
1652704396.298803, sdrt-health/mac:02010b41cdec/antenna/tag/e2806894000050038662194f, 83
1652704396.340932, sdrt-health/mac:02010b41cdec/antenna/tag/e28068940000400386621d4f, 77
1652704396.38634, sdrt-health/mac:02010b41cdec/antenna/tag/e2806894000050038662194f, 94
1652704396.438422, sdrt-health/mac:02010b41cdec/antenna/tag/e28068940000400386621d4f, 77
1652704396.494087, sdrt-health/mac:02010b41cdec/antenna/tag/e28068940000400386621d4f, 77
1652704396.494556, sdrt-health/mac:02010b41cdec/antenna/tag/e28068940000400386621d4f, 96
1652704396.517342, sdrt-health/mac:02010b41cdec/antenna/tag/e28068940000400386621d4f, 96
1652704396.575456, sdrt-health/mac:02010b41cdec/antenna/tag/e2806894000040038662114f, 88
1652704396.576043, sdrt-health/mac:02010b41cdec/antenna/tag/e2806894000050038662154f, 85
1652704396.606488, sdrt-health/mac:02010b41cdec/antenna/tag/e28068940000500386620d4f, 83
1652704396.67565, sdrt-health/mac:02010b41cdec/antenna/tag/e2806894000050038662154f, 88
1652704396.676165, sdrt-health/mac:02010b41cdec/antenna/tag/e2806894000050038661fd4f, 83
1652704396.690724, sdrt-health/mac:02010b41cdec/antenna/tag/e28068940000500386620d4f, 83
1652704396.769619, sdrt-health/mac:02010b41cdec/antenna/tag/e2806894000050038662194f, 94
1652704396.845332, sdrt-health/mac:02010b41cdec/antenna/tag/e2806894000050038661fd4f, 88
1652704396.926526, sdrt-health/mac:02010b41cdec/antenna/tag/e2806894000040038662114f, 88
1652704397.006601, sdrt-health/mac:02010b41cdec/antenna/tag/e2806894000050038662154f, 85
1652704397.053984, sdrt-health/mac:02010b41cdec/antenna/tag/e2806894000040038662114f, 88
1652704397.096717, sdrt-health/mac:02010b41cdec/antenna/tag/e28068940000500386620d4f, 83
1652704397.141289, sdrt-health/mac:02010b41cdec/antenna/tag/e28068940000500386620d4f, 83
1652704397.186193, sdrt-health/mac:02010b41cdec/antenna/tag/e2806894000050038662194f, 94
1652704397.250195, sdrt-health/mac:02010b41cdec/antenna/tag/e28068940000400386621d4f, 96
1652704397.250707, sdrt-health/mac:02010b41cdec/antenna/tag/e28068940000400386621d4f, 96
1652704397.27706, sdrt-health/mac:02010b41cdec/antenna/tag/e28068940000400386621d4f, 77
1652704397.316954, sdrt-health/mac:02010b41cdec/antenna/tag/e2806894000040038662114f, 93
1652704397.425535, sdrt-health/mac:02010b41cdec/antenna/tag/e2806894000050038661fd4f, 91
1652704397.516394, sdrt-health/mac:02010b41cdec/antenna/tag/e2806894000050038662154f, 88
1652704397.55638, sdrt-health/mac:02010b41cdec/antenna/tag/e2806894000050038661fd4f, 97
1652704397.59828, sdrt-health/mac:02010b41cdec/antenna/tag/e2806894000040038662114f, 85
1652704397.633798, sdrt-health/mac:02010b41cdec/antenna/tag/e2806894000050038661fd4f, 91
1652704397.634118, sdrt-health/mac:02010b41cdec/antenna/tag/e2806894000040038662114f, 93
1652704397.652742, sdrt-health/mac:02010b41cdec/antenna/tag/e2806894000040038662114f, 85
1652704397.680479, sdrt-health/mac:02010b41cdec/antenna/tag/e28068940000400386621d4f, 77
1652704397.717409, sdrt-health/mac:02010b41cdec/antenna/tag/e2806894000040038662114f, 85
1652704397.781546, sdrt-health/mac:02010b41cdec/antenna/tag/e2806894000050038662154f, 85
1652704397.826832, sdrt-health/mac:02010b41cdec/antenna/tag/e28068940000400386621d4f, 96
1652704397.90111, sdrt-health/mac:02010b41cdec/antenna/tag/e28068940000500386620d4f, 83
1652704397.901574, sdrt-health/mac:02010b41cdec/antenna/tag/e2806894000050038662154f, 88
1652704397.916286, sdrt-health/mac:02010b41cdec/antenna/tag/e28068940000500386620d4f, 83
1652704397.932516, sdrt-health/mac:02010b41cdec/antenna/tag/e28068940000500386620d4f, 97
1652704397.991832, sdrt-health/mac:02010b41cdec/antenna/tag/e28068940000400386621d4f, 96
1652704397.992297, sdrt-health/mac:02010b41cdec/antenna/tag/e2806894000050038662154f, 88
1652704398.006622, sdrt-health/mac:02010b41cdec/antenna/tag/e28068940000500386620d4f, 83
1652704398.006872, sdrt-health/mac:02010b41cdec/antenna/tag/e2806894000050038662154f, 88
1652704398.020872, sdrt-health/mac:02010b41cdec/antenna/tag/e28068940000500386620d4f, 83
1652704398.072855, sdrt-health/mac:02010b41cdec/antenna/tag/e2806894000050038661fd4f, 83
1652704398.132728, sdrt-health/mac:02010b41cdec/antenna/tag/e2806894000050038661fd4f, 97
1652704398.13325, sdrt-health/mac:02010b41cdec/antenna/tag/e28068940000500386620d4f, 83
1652704398.156052, sdrt-health/mac:02010b41cdec/antenna/tag/e2806894000050038662154f, 93
1652704398.16246, sdrt-health/mac:02010b41cdec/antenna/tag/e28068940000500386620d4f, 97
1652704398.196764, sdrt-health/mac:02010b41cdec/antenna/tag/e2806894000050038661fd4f, 91
1652704398.301446, sdrt-health/mac:02010b41cdec/antenna/tag/e28068940000400386621d4f, 96
1652704398.30191, sdrt-health/mac:02010b41cdec/antenna/tag/e28068940000500386620d4f, 86
1652704398.331575, sdrt-health/mac:02010b41cdec/antenna/tag/e2806894000050038661fd4f, 91
1652704398.376962, sdrt-health/mac:02010b41cdec/antenna/tag/e2806894000050038661fd4f, 97
1652704398.462679, sdrt-health/mac:02010b41cdec/antenna/tag/e2806894000050038662154f, 93
1652704398.463192, sdrt-health/mac:02010b41cdec/antenna/tag/e28068940000400386621d4f, 96
1652704398.492253, sdrt-health/mac:02010b41cdec/antenna/tag/e2806894000050038661fd4f, 97
1652704398.536727, sdrt-health/mac:02010b41cdec/antenna/tag/e2806894000050038661fd4f, 83
1652704398.584101, sdrt-health/mac:02010b41cdec/antenna/tag/e2806894000050038661fd4f, 97
1652704398.630749, sdrt-health/mac:02010b41cdec/antenna/tag/e2806894000050038662154f, 85
1652704398.631, sdrt-health/mac:02010b41cdec/antenna/tag/e28068940000500386620d4f, 83
1652704398.645676, sdrt-health/mac:02010b41cdec/antenna/tag/e2806894000050038662154f, 85
1652704398.67596, sdrt-health/mac:02010b41cdec/antenna/tag/e2806894000050038661fd4f, 91
1652704398.71694, sdrt-health/mac:02010b41cdec/antenna/tag/e28068940000500386620d4f, 91
1652704398.771936, sdrt-health/mac:02010b41cdec/antenna/tag/e28068940000400386621d4f, 96
1652704398.772416, sdrt-health/mac:02010b41cdec/antenna/tag/e2806894000050038661fd4f, 91
1652704398.78684, sdrt-health/mac:02010b41cdec/antenna/tag/e28068940000500386620d4f, 97
1652704398.796816, sdrt-health/mac:02010b41cdec/antenna/tag/e2806894000050038662154f, 85
1652704398.841405, sdrt-health/mac:02010b41cdec/antenna/tag/e2806894000050038662154f, 88
1652704398.872624, sdrt-health/mac:02010b41cdec/antenna/tag/e28068940000500386620d4f, 83
1652704398.872911, sdrt-health/mac:02010b41cdec/antenna/tag/e2806894000050038662154f, 85
1652704398.89626, sdrt-health/mac:02010b41cdec/antenna/tag/e2806894000050038661fd4f, 97
1652704398.929208, sdrt-health/mac:02010b41cdec/antenna/tag/e28068940000500386620d4f, 83
1652704398.930206, sdrt-health/mac:02010b41cdec/antenna/tag/e2806894000040038662114f, 88
1652704398.94455, sdrt-health/mac:02010b41cdec/antenna/tag/e28068940000500386620d4f, 83
1652704398.98143, sdrt-health/mac:02010b41cdec/antenna/tag/e28068940000500386620d4f, 83
1652704399.041926, sdrt-health/mac:02010b41cdec/antenna/tag/e2806894000040038662114f, 88
1652704399.042208, sdrt-health/mac:02010b41cdec/antenna/tag/e2806894000050038661fd4f, 83
1652704399.057132, sdrt-health/mac:02010b41cdec/antenna/tag/e2806894000050038662154f, 88
1652704399.093396, sdrt-health/mac:02010b41cdec/antenna/tag/e28068940000400386621d4f, 96
1652704399.093814, sdrt-health/mac:02010b41cdec/antenna/tag/e28068940000400386621d4f, 96
1652704399.11576, sdrt-health/mac:02010b41cdec/antenna/tag/e2806894000040038662114f, 85
1652704399.11602, sdrt-health/mac:02010b41cdec/antenna/tag/e2806894000050038661fd4f, 97
1652704399.156677, sdrt-health/mac:02010b41cdec/antenna/tag/e2806894000050038662154f, 85
1652704399.212418, sdrt-health/mac:02010b41cdec/antenna/tag/e2806894000050038662154f, 85
1652704399.212863, sdrt-health/mac:02010b41cdec/antenna/tag/e2806894000050038662154f, 87
1652704399.236974, sdrt-health/mac:02010b41cdec/antenna/tag/e28068940000500386620d4f, 91
1652704399.326796, sdrt-health/mac:02010b41cdec/antenna/tag/e2806894000050038662154f, 85
1652704399.373248, sdrt-health/mac:02010b41cdec/antenna/tag/e2806894000050038661fd4f, 91
1652704399.425112, sdrt-health/mac:02010b41cdec/antenna/tag/e2806894000040038662114f, 85
1652704399.491494, sdrt-health/mac:02010b41cdec/antenna/tag/e2806894000050038662154f, 88
1652704399.492298, sdrt-health/mac:02010b41cdec/antenna/tag/e2806894000050038662154f, 88
1652704399.517197, sdrt-health/mac:02010b41cdec/antenna/tag/e28068940000500386620d4f, 83
1652704399.57227, sdrt-health/mac:02010b41cdec/antenna/tag/e2806894000050038661fd4f, 97
1652704399.572603, sdrt-health/mac:02010b41cdec/antenna/tag/e2806894000050038662154f, 88
1652704399.572844, sdrt-health/mac:02010b41cdec/antenna/tag/e28068940000400386621d4f, 96
1652704399.596465, sdrt-health/mac:02010b41cdec/antenna/tag/e28068940000400386621d4f, 96
1652704399.636929, sdrt-health/mac:02010b41cdec/antenna/tag/e2806894000040038662114f, 88
1652704399.677362, sdrt-health/mac:02010b41cdec/antenna/tag/e2806894000050038662194f, 82
1652704399.760958, sdrt-health/mac:02010b41cdec/antenna/tag/e28068940000500386620d4f, 83
1652704399.761417, sdrt-health/mac:02010b41cdec/antenna/tag/e2806894000050038662154f, 85
1652704399.796313, sdrt-health/mac:02010b41cdec/antenna/tag/e2806894000040038662214f, 110
1652704399.836847, sdrt-health/mac:02010b41cdec/antenna/tag/e2806894000050038662154f, 88
1652704399.884876, sdrt-health/mac:02010b41cdec/antenna/tag/e28068940000500386620d4f, 91
1652704399.948655, sdrt-health/mac:02010b41cdec/antenna/tag/e2806894000050038662154f, 88
1652704399.949154, sdrt-health/mac:02010b41cdec/antenna/tag/e2806894000050038662154f, 85
1652704399.977882, sdrt-health/mac:02010b41cdec/antenna/tag/e2806894000050038661fd4f, 97
1652704400.021742, sdrt-health/mac:02010b41cdec/antenna/tag/e2806894000050038661fd4f, 83
1652704400.088578, sdrt-health/mac:02010b41cdec/antenna/tag/e2806894000050038661fd4f, 83
1652704400.088816, sdrt-health/mac:02010b41cdec/antenna/tag/e2806894000050038662154f, 88
1652704400.104557, sdrt-health/mac:02010b41cdec/antenna/tag/e2806894000050038662154f, 88
1652704400.142253, sdrt-health/mac:02010b41cdec/antenna/tag/e28068940000400386621d4f, 77
1652704400.142479, sdrt-health/mac:02010b41cdec/antenna/tag/e2806894000040038662114f, 85
1652704400.174992, sdrt-health/mac:02010b41cdec/antenna/tag/e2806894000050038662154f, 93
1652704400.232679, sdrt-health/mac:02010b41cdec/antenna/tag/e2806894000050038661fd4f, 88
1652704400.233332, sdrt-health/mac:02010b41cdec/antenna/tag/e2806894000040038661f94f, 94
1652704400.247944, sdrt-health/mac:02010b41cdec/antenna/tag/e2806894000040038662214f, 81
1652704400.265528, sdrt-health/mac:02010b41cdec/antenna/tag/e2806894000050038662154f, 88
1652704400.266574, sdrt-health/mac:02010b41cdec/antenna/tag/e2806894000050038662154f, 88
1652704400.267142, sdrt-health/mac:02010b41cdec/antenna/tag/e2806894000050038661fd4f, 97
1652704400.305943, sdrt-health/mac:02010b41cdec/antenna/tag/e2806894000040038662114f, 85
1652704400.370715, sdrt-health/mac:02010b41cdec/antenna/tag/e28068940000500386620d4f, 97
1652704400.371172, sdrt-health/mac:02010b41cdec/antenna/tag/e2806894000040038662114f, 85
1652704400.401918, sdrt-health/mac:02010b41cdec/antenna/tag/e2806894000050038661fd4f, 83
1652704400.446684, sdrt-health/mac:02010b41cdec/antenna/tag/e28068940000500386620d4f, 83
1652704400.51045, sdrt-health/mac:02010b41cdec/antenna/tag/e2806894000040038662114f, 93
1652704400.510896, sdrt-health/mac:02010b41cdec/antenna/tag/e28068940000400386621d4f, 96
1652704400.525563, sdrt-health/mac:02010b41cdec/antenna/tag/e28068940000400386621d4f, 96
1652704400.535862, sdrt-health/mac:02010b41cdec/antenna/tag/e2806894000040038662114f, 87
1652704400.539981, sdrt-health/mac:02010b41cdec/antenna/tag/e2806894000050038662154f, 91
1652704400.588074, sdrt-health/mac:02010b41cdec/antenna/tag/e28068940000500386620d4f, 83
1652704400.627777, sdrt-health/mac:02010b41cdec/antenna/tag/e28068940000500386620d4f, 97
1652704400.690268, sdrt-health/mac:02010b41cdec/antenna/tag/e28068940000500386620d4f, 86
1652704400.690729, sdrt-health/mac:02010b41cdec/antenna/tag/e28068940000400386621d4f, 77
1652704400.691066, sdrt-health/mac:02010b41cdec/antenna/tag/e2806894000040038662114f, 88
1652704400.716549, sdrt-health/mac:02010b41cdec/antenna/tag/e2806894000050038662194f, 94
1652704400.757199, sdrt-health/mac:02010b41cdec/antenna/tag/e28068940000500386620d4f, 97
1652704400.813986, sdrt-health/mac:02010b41cdec/antenna/tag/e2806894000050038661fd4f, 97
1652704400.872737, sdrt-health/mac:02010b41cdec/antenna/tag/e28068940000500386620d4f, 83
1652704400.873258, sdrt-health/mac:02010b41cdec/antenna/tag/e2806894000050038662154f, 85
1652704400.900711, sdrt-health/mac:02010b41cdec/antenna/tag/e2806894000050038662154f, 88
1652704400.954141, sdrt-health/mac:02010b41cdec/antenna/tag/e28068940000400386621d4f, 96
1652704400.987809, sdrt-health/mac:02010b41cdec/antenna/tag/e2806894000050038661fd4f, 97
1652704400.988203, sdrt-health/mac:02010b41cdec/antenna/tag/e28068940000500386620d4f, 97
1652704401.001879, sdrt-health/mac:02010b41cdec/antenna/tag/e2806894000040038662114f, 88
1652704401.002228, sdrt-health/mac:02010b41cdec/antenna/tag/e2806894000050038661fd4f, 97
1652704401.036709, sdrt-health/mac:02010b41cdec/antenna/tag/e28068940000400386621d4f, 77
1652704401.09299, sdrt-health/mac:02010b41cdec/antenna/tag/e2806894000050038661fd4f, 88
1652704401.093283, sdrt-health/mac:02010b41cdec/antenna/tag/e2806894000050038662154f, 93
1652704401.156503, sdrt-health/mac:02010b41cdec/antenna/tag/e2806894000050038661fd4f, 91
1652704401.197436, sdrt-health/mac:02010b41cdec/antenna/tag/e2806894000040038662214f, 84
1652704401.24495, sdrt-health/mac:02010b41cdec/antenna/tag/e2806894000050038661fd4f, 91
1652704401.307639, sdrt-health/mac:02010b41cdec/antenna/tag/e28068940000500386620d4f, 83
1652704401.308128, sdrt-health/mac:02010b41cdec/antenna/tag/e28068940000500386620d4f, 97
1652704401.321844, sdrt-health/mac:02010b41cdec/antenna/tag/e2806894000050038661fd4f, 91
1652704401.337026, sdrt-health/mac:02010b41cdec/antenna/tag/e28068940000500386620d4f, 97
1652704401.396051, sdrt-health/mac:02010b41cdec/antenna/tag/e28068940000400386621d4f, 96
1652704401.396506, sdrt-health/mac:02010b41cdec/antenna/tag/e2806894000050038661fd4f, 97
1652704401.426166, sdrt-health/mac:02010b41cdec/antenna/tag/e2806894000040038662114f, 85
1652704401.491992, sdrt-health/mac:02010b41cdec/antenna/tag/e28068940000400386621d4f, 96
1652704401.49245, sdrt-health/mac:02010b41cdec/antenna/tag/e28068940000500386620d4f, 97
1652704401.507696, sdrt-health/mac:02010b41cdec/antenna/tag/e28068940000400386621d4f, 96
1652704401.516161, sdrt-health/mac:02010b41cdec/antenna/tag/e28068940000400386621d4f, 96
1652704401.522824, sdrt-health/mac:02010b41cdec/antenna/tag/e2806894000050038662154f, 85
1652704401.555944, sdrt-health/mac:02010b41cdec/antenna/tag/e28068940000400386621d4f, 96
1652704401.595787, sdrt-health/mac:02010b41cdec/antenna/tag/e2806894000040038662114f, 88
1652704401.63611, sdrt-health/mac:02010b41cdec/antenna/tag/e2806894000050038661fd4f, 97
1652704401.69224, sdrt-health/mac:02010b41cdec/antenna/tag/e28068940000500386620d4f, 97
1652704401.736333, sdrt-health/mac:02010b41cdec/antenna/tag/e28068940000500386620d4f, 83
1652704401.780723, sdrt-health/mac:02010b41cdec/antenna/tag/e2806894000050038662194f, 84
1652704401.923146, sdrt-health/mac:02010b41cdec/antenna/tag/e28068940000500386620d4f, 83
1652704401.923594, sdrt-health/mac:02010b41cdec/antenna/tag/e28068940000500386620d4f, 83
1652704401.93842, sdrt-health/mac:02010b41cdec/antenna/tag/e2806894000040038662114f, 88
1652704401.93878, sdrt-health/mac:02010b41cdec/antenna/tag/e2806894000050038662154f, 85
1652704401.939084, sdrt-health/mac:02010b41cdec/antenna/tag/e2806894000050038662194f, 83
1652704401.95664, sdrt-health/mac:02010b41cdec/antenna/tag/e28068940000400386621d4f, 96
1652704401.996233, sdrt-health/mac:02010b41cdec/antenna/tag/e28068940000500386620d4f, 83
1652704402.035363, sdrt-health/mac:02010b41cdec/antenna/tag/e2806894000050038662154f, 88
1652704402.076091, sdrt-health/mac:02010b41cdec/antenna/tag/e28068940000400386621d4f, 96
1652704402.131431, sdrt-health/mac:02010b41cdec/antenna/tag/e2806894000040038662114f, 85
1652704402.131825, sdrt-health/mac:02010b41cdec/antenna/tag/e2806894000050038662154f, 85
1652704402.132094, sdrt-health/mac:02010b41cdec/antenna/tag/e2806894000040038662114f, 85
1652704402.15572, sdrt-health/mac:02010b41cdec/antenna/tag/e2806894000050038661fd4f, 91
1652704402.197176, sdrt-health/mac:02010b41cdec/antenna/tag/e2806894000050038661fd4f, 97
1652704402.237055, sdrt-health/mac:02010b41cdec/antenna/tag/e28068940000400386621d4f, 77
1652704402.23771, sdrt-health/mac:02010b41cdec/antenna/tag/e2806894000050038662154f, 85
1652704402.28519, sdrt-health/mac:02010b41cdec/antenna/tag/e2806894000050038661fd4f, 97
1652704402.347626, sdrt-health/mac:02010b41cdec/antenna/tag/e2806894000050038662194f, 87
1652704402.348092, sdrt-health/mac:02010b41cdec/antenna/tag/e2806894000040038662214f, 81
1652704402.384684, sdrt-health/mac:02010b41cdec/antenna/tag/e2806894000050038662154f, 93
1652704402.43653, sdrt-health/mac:02010b41cdec/antenna/tag/e2806894000050038662154f, 85
1652704402.493734, sdrt-health/mac:02010b41cdec/antenna/tag/e2806894000040038662214f, 82
1652704402.494183, sdrt-health/mac:02010b41cdec/antenna/tag/e2806894000050038662154f, 85
1652704402.509219, sdrt-health/mac:02010b41cdec/antenna/tag/e2806894000040038662114f, 85
1652704402.50977, sdrt-health/mac:02010b41cdec/antenna/tag/e28068940000400386621d4f, 77
1652704402.51598, sdrt-health/mac:02010b41cdec/antenna/tag/e28068940000400386621d4f, 77
1652704402.580547, sdrt-health/mac:02010b41cdec/antenna/tag/e28068940000400386621d4f, 77
1652704402.625671, sdrt-health/mac:02010b41cdec/antenna/tag/e2806894000050038662194f, 88
1652704402.676411, sdrt-health/mac:02010b41cdec/antenna/tag/e2806894000050038662194f, 94
1652704402.732444, sdrt-health/mac:02010b41cdec/antenna/tag/e2806894000040038662114f, 88
1652704402.776773, sdrt-health/mac:02010b41cdec/antenna/tag/e2806894000050038662194f, 88
1652704402.836106, sdrt-health/mac:02010b41cdec/antenna/tag/e28068940000400386621d4f, 96
1652704402.836596, sdrt-health/mac:02010b41cdec/antenna/tag/e28068940000500386620d4f, 83
1652704402.86893, sdrt-health/mac:02010b41cdec/antenna/tag/e28068940000400386621d4f, 77
1652704402.916122, sdrt-health/mac:02010b41cdec/antenna/tag/e2806894000050038662194f, 94
1652704402.957003, sdrt-health/mac:02010b41cdec/antenna/tag/e2806894000050038662154f, 88
1652704402.995959, sdrt-health/mac:02010b41cdec/antenna/tag/e2806894000050038662154f, 88
1652704403.037928, sdrt-health/mac:02010b41cdec/antenna/tag/e2806894000040038662114f, 88
1652704403.069538, sdrt-health/mac:02010b41cdec/antenna/tag/e2806894000050038661fd4f, 91
1652704403.07, sdrt-health/mac:02010b41cdec/antenna/tag/e28068940000400386621d4f, 96
1652704403.084958, sdrt-health/mac:02010b41cdec/antenna/tag/e2806894000050038661fd4f, 97
1652704403.132486, sdrt-health/mac:02010b41cdec/antenna/tag/e2806894000040038662114f, 85
1652704403.191074, sdrt-health/mac:02010b41cdec/antenna/tag/e2806894000050038661fd4f, 91
1652704403.191582, sdrt-health/mac:02010b41cdec/antenna/tag/e2806894000050038662154f, 85
1652704403.221269, sdrt-health/mac:02010b41cdec/antenna/tag/e2806894000050038662194f, 88
1652704403.265993, sdrt-health/mac:02010b41cdec/antenna/tag/e28068940000400386621d4f, 80
1652704403.266666, sdrt-health/mac:02010b41cdec/antenna/tag/e2806894000050038662194f, 82
1652704403.333377, sdrt-health/mac:02010b41cdec/antenna/tag/e2806894000050038662194f, 94
1652704403.421609, sdrt-health/mac:02010b41cdec/antenna/tag/e2806894000050038662154f, 93
1652704403.42213, sdrt-health/mac:02010b41cdec/antenna/tag/e28068940000400386621d4f, 96
1652704403.460451, sdrt-health/mac:02010b41cdec/antenna/tag/e28068940000500386620d4f, 97
1652704403.505953, sdrt-health/mac:02010b41cdec/antenna/tag/e2806894000050038661fd4f, 97
1652704403.557249, sdrt-health/mac:02010b41cdec/antenna/tag/e28068940000500386620d4f, 83
1652704403.611942, sdrt-health/mac:02010b41cdec/antenna/tag/e2806894000040038662114f, 88
1652704403.612163, sdrt-health/mac:02010b41cdec/antenna/tag/e28068940000500386620d4f, 83
1652704403.626285, sdrt-health/mac:02010b41cdec/antenna/tag/e2806894000040038662114f, 88
1652704403.644413, sdrt-health/mac:02010b41cdec/antenna/tag/e2806894000040038662114f, 85
1652704403.756015, sdrt-health/mac:02010b41cdec/antenna/tag/e2806894000040038662114f, 85
1652704403.81648, sdrt-health/mac:02010b41cdec/antenna/tag/e2806894000050038661fd4f, 91
1652704403.817076, sdrt-health/mac:02010b41cdec/antenna/tag/e2806894000050038662154f, 93
1652704403.833416, sdrt-health/mac:02010b41cdec/antenna/tag/e2806894000050038661fd4f, 97
1652704403.861117, sdrt-health/mac:02010b41cdec/antenna/tag/e2806894000040038662114f, 85
1652704403.921119, sdrt-health/mac:02010b41cdec/antenna/tag/e2806894000050038661fd4f, 91
1652704403.92155, sdrt-health/mac:02010b41cdec/antenna/tag/e2806894000050038662154f, 93
1652704403.936111, sdrt-health/mac:02010b41cdec/antenna/tag/e2806894000050038662194f, 81
1652704403.956234, sdrt-health/mac:02010b41cdec/antenna/tag/e28068940000500386620d4f, 83
1652704404.012637, sdrt-health/mac:02010b41cdec/antenna/tag/e2806894000050038662154f, 87
1652704404.013096, sdrt-health/mac:02010b41cdec/antenna/tag/e2806894000050038662194f, 81
1652704404.035616, sdrt-health/mac:02010b41cdec/antenna/tag/e2806894000050038661fd4f, 97
1652704404.090931, sdrt-health/mac:02010b41cdec/antenna/tag/e2806894000050038662154f, 85
1652704404.091326, sdrt-health/mac:02010b41cdec/antenna/tag/e2806894000040038662114f, 85
1652704404.105482, sdrt-health/mac:02010b41cdec/antenna/tag/e2806894000050038662154f, 85
1652704404.116078, sdrt-health/mac:02010b41cdec/antenna/tag/e2806894000050038662154f, 85
1652704404.120477, sdrt-health/mac:02010b41cdec/antenna/tag/e2806894000050038661fd4f, 97
1652704404.155752, sdrt-health/mac:02010b41cdec/antenna/tag/e2806894000050038662154f, 93
1652704404.212442, sdrt-health/mac:02010b41cdec/antenna/tag/e2806894000050038661fd4f, 88
1652704404.212909, sdrt-health/mac:02010b41cdec/antenna/tag/e2806894000040038662114f, 85
1652704404.237036, sdrt-health/mac:02010b41cdec/antenna/tag/e2806894000050038662154f, 85
1652704404.296225, sdrt-health/mac:02010b41cdec/antenna/tag/e2806894000040038662114f, 85
1652704404.340164, sdrt-health/mac:02010b41cdec/antenna/tag/e2806894000050038662154f, 85
1652704404.376499, sdrt-health/mac:02010b41cdec/antenna/tag/e28068940000400386621d4f, 96
1652704404.420535, sdrt-health/mac:02010b41cdec/antenna/tag/e28068940000400386621d4f, 96
1652704404.605898, sdrt-health/mac:02010b41cdec/antenna/tag/e28068940000500386620d4f, 83
1652704404.606382, sdrt-health/mac:02010b41cdec/antenna/tag/e28068940000500386620d4f, 83
1652704404.627644, sdrt-health/mac:02010b41cdec/antenna/tag/e2806894000050038662194f, 94
1652704404.676282, sdrt-health/mac:02010b41cdec/antenna/tag/e2806894000050038661fd4f, 88
1652704404.67684, sdrt-health/mac:02010b41cdec/antenna/tag/e28068940000400386621d4f, 96
1652704404.69141, sdrt-health/mac:02010b41cdec/antenna/tag/e2806894000050038661fd4f, 97
1652704404.715739, sdrt-health/mac:02010b41cdec/antenna/tag/e28068940000400386621d4f, 96
1652704404.755788, sdrt-health/mac:02010b41cdec/antenna/tag/e2806894000050038662154f, 88
1652704404.796464, sdrt-health/mac:02010b41cdec/antenna/tag/e2806894000050038662154f, 87
1652704404.836649, sdrt-health/mac:02010b41cdec/antenna/tag/e28068940000500386620d4f, 83
1652704404.89159, sdrt-health/mac:02010b41cdec/antenna/tag/e2806894000040038662114f, 85
1652704404.892044, sdrt-health/mac:02010b41cdec/antenna/tag/e2806894000050038662154f, 93
1652704404.949504, sdrt-health/mac:02010b41cdec/antenna/tag/e2806894000050038662154f, 85
1652704404.995961, sdrt-health/mac:02010b41cdec/antenna/tag/e2806894000050038662154f, 88
1652704405.036338, sdrt-health/mac:02010b41cdec/antenna/tag/e28068940000500386620d4f, 97
1652704405.075911, sdrt-health/mac:02010b41cdec/antenna/tag/e2806894000040038662114f, 88
1652704405.115613, sdrt-health/mac:02010b41cdec/antenna/tag/e2806894000050038662194f, 94
1652704405.156638, sdrt-health/mac:02010b41cdec/antenna/tag/e2806894000050038662154f, 93
1652704405.210251, sdrt-health/mac:02010b41cdec/antenna/tag/e28068940000500386620d4f, 83
1652704405.210516, sdrt-health/mac:02010b41cdec/antenna/tag/e2806894000050038662154f, 88
1652704405.236511, sdrt-health/mac:02010b41cdec/antenna/tag/e2806894000040038662114f, 85
1652704405.293636, sdrt-health/mac:02010b41cdec/antenna/tag/e28068940000400386621d4f, 96
1652704405.294193, sdrt-health/mac:02010b41cdec/antenna/tag/e2806894000050038661fd4f, 97
1652704405.309934, sdrt-health/mac:02010b41cdec/antenna/tag/e2806894000050038662154f, 88
1652704405.318629, sdrt-health/mac:02010b41cdec/antenna/tag/e2806894000050038662154f, 85
1652704405.32514, sdrt-health/mac:02010b41cdec/antenna/tag/e28068940000400386621d4f, 96
1652704405.371894, sdrt-health/mac:02010b41cdec/antenna/tag/e28068940000500386620d4f, 83
1652704405.416584, sdrt-health/mac:02010b41cdec/antenna/tag/e28068940000400386621d4f, 96
1652704405.460897, sdrt-health/mac:02010b41cdec/antenna/tag/e28068940000400386621d4f, 96
1652704405.506484, sdrt-health/mac:02010b41cdec/antenna/tag/e2806894000050038661fd4f, 97
1652704405.507046, sdrt-health/mac:02010b41cdec/antenna/tag/e2806894000050038662154f, 91
1652704405.53827, sdrt-health/mac:02010b41cdec/antenna/tag/e2806894000040038662114f, 85
1652704405.53863, sdrt-health/mac:02010b41cdec/antenna/tag/e28068940000500386620d4f, 83
1652704405.575494, sdrt-health/mac:02010b41cdec/antenna/tag/e28068940000400386621d4f, 96
1652704405.620835, sdrt-health/mac:02010b41cdec/antenna/tag/e28068940000400386621d4f, 96
1652704405.666928, sdrt-health/mac:02010b41cdec/antenna/tag/e2806894000050038661fd4f, 91
1652704405.72454, sdrt-health/mac:02010b41cdec/antenna/tag/e2806894000040038662214f, 81
1652704405.754295, sdrt-health/mac:02010b41cdec/antenna/tag/e28068940000400386621d4f, 77
1652704405.754621, sdrt-health/mac:02010b41cdec/antenna/tag/e2806894000050038661fd4f, 91
1652704405.7725, sdrt-health/mac:02010b41cdec/antenna/tag/e2806894000040038662114f, 88
1652704405.816837, sdrt-health/mac:02010b41cdec/antenna/tag/e2806894000040038662114f, 85
1652704405.861922, sdrt-health/mac:02010b41cdec/antenna/tag/e28068940000400386621d4f, 96
1652704405.925429, sdrt-health/mac:02010b41cdec/antenna/tag/e2806894000050038662154f, 85
1652704405.925739, sdrt-health/mac:02010b41cdec/antenna/tag/e2806894000050038661fd4f, 91
1652704405.940806, sdrt-health/mac:02010b41cdec/antenna/tag/e2806894000050038662154f, 88
1652704406.025885, sdrt-health/mac:02010b41cdec/antenna/tag/e28068940000400386621d4f, 96
1652704406.062788, sdrt-health/mac:02010b41cdec/antenna/tag/e2806894000040038662114f, 88
1652704406.063102, sdrt-health/mac:02010b41cdec/antenna/tag/e2806894000050038662154f, 85
1652704406.07728, sdrt-health/mac:02010b41cdec/antenna/tag/e28068940000400386621d4f, 96
1652704406.077598, sdrt-health/mac:02010b41cdec/antenna/tag/e2806894000050038662154f, 85
1652704406.115698, sdrt-health/mac:02010b41cdec/antenna/tag/e28068940000400386621d4f, 90
1652704406.206608, sdrt-health/mac:02010b41cdec/antenna/tag/e2806894000050038661fd4f, 91
1652704406.253946, sdrt-health/mac:02010b41cdec/antenna/tag/e28068940000500386620d4f, 97
1652704406.313134, sdrt-health/mac:02010b41cdec/antenna/tag/e28068940000400386621d4f, 77
1652704406.313593, sdrt-health/mac:02010b41cdec/antenna/tag/e2806894000050038662154f, 83
1652704406.341895, sdrt-health/mac:02010b41cdec/antenna/tag/e2806894000040038662114f, 85
1652704406.387227, sdrt-health/mac:02010b41cdec/antenna/tag/e28068940000400386621d4f, 96
1652704406.437594, sdrt-health/mac:02010b41cdec/antenna/tag/e28068940000400386621d4f, 96
1652704406.509773, sdrt-health/mac:02010b41cdec/antenna/tag/e2806894000050038661fd4f, 97
1652704406.510263, sdrt-health/mac:02010b41cdec/antenna/tag/e2806894000040038661f94f, 94
1652704406.536807, sdrt-health/mac:02010b41cdec/antenna/tag/e28068940000500386620d4f, 97
1652704406.598319, sdrt-health/mac:02010b41cdec/antenna/tag/e2806894000040038662114f, 85
1652704406.598523, sdrt-health/mac:02010b41cdec/antenna/tag/e2806894000050038662154f, 88
1652704406.653885, sdrt-health/mac:02010b41cdec/antenna/tag/e2806894000050038661fd4f, 88
1652704406.699891, sdrt-health/mac:02010b41cdec/antenna/tag/e2806894000050038662154f, 87
1652704406.757606, sdrt-health/mac:02010b41cdec/antenna/tag/e2806894000050038662154f, 93
1652704406.758167, sdrt-health/mac:02010b41cdec/antenna/tag/e28068940000400386621d4f, 96
1652704406.787476, sdrt-health/mac:02010b41cdec/antenna/tag/e2806894000050038662154f, 88
1652704406.893722, sdrt-health/mac:02010b41cdec/antenna/tag/e28068940000500386620d4f, 97
1652704406.894268, sdrt-health/mac:02010b41cdec/antenna/tag/e28068940000400386621d4f, 96
1652704406.927849, sdrt-health/mac:02010b41cdec/antenna/tag/e2806894000040038662114f, 88
1652704406.960169, sdrt-health/mac:02010b41cdec/antenna/tag/e2806894000050038662154f, 91
1652704406.960459, sdrt-health/mac:02010b41cdec/antenna/tag/e2806894000040038662114f, 85
1652704406.976153, sdrt-health/mac:02010b41cdec/antenna/tag/e28068940000400386621d4f, 96
1652704407.01718, sdrt-health/mac:02010b41cdec/antenna/tag/e2806894000050038661fd4f, 97
1652704407.092589, sdrt-health/mac:02010b41cdec/antenna/tag/e28068940000500386620d4f, 97
1652704407.092966, sdrt-health/mac:02010b41cdec/antenna/tag/e2806894000040038662114f, 85
1652704407.10838, sdrt-health/mac:02010b41cdec/antenna/tag/e28068940000400386621d4f, 96
1652704407.133872, sdrt-health/mac:02010b41cdec/antenna/tag/e28068940000400386621d4f, 77
1652704407.176765, sdrt-health/mac:02010b41cdec/antenna/tag/e2806894000040038662114f, 88
1652704407.238138, sdrt-health/mac:02010b41cdec/antenna/tag/e2806894000050038662154f, 85
1652704407.238592, sdrt-health/mac:02010b41cdec/antenna/tag/e2806894000050038661fd4f, 88
1652704407.253919, sdrt-health/mac:02010b41cdec/antenna/tag/e2806894000050038662194f, 81
1652704407.26712, sdrt-health/mac:02010b41cdec/antenna/tag/e2806894000040038662114f, 88
1652704407.316031, sdrt-health/mac:02010b41cdec/antenna/tag/e28068940000500386620d4f, 97
1652704407.356709, sdrt-health/mac:02010b41cdec/antenna/tag/e2806894000040038662114f, 85
1652704407.415031, sdrt-health/mac:02010b41cdec/antenna/tag/e28068940000400386621d4f, 96
1652704407.415551, sdrt-health/mac:02010b41cdec/antenna/tag/e28068940000400386621d4f, 96
1652704407.438414, sdrt-health/mac:02010b41cdec/antenna/tag/e2806894000050038661fd4f, 97
1652704407.469432, sdrt-health/mac:02010b41cdec/antenna/tag/e28068940000500386620d4f, 97
1652704407.469843, sdrt-health/mac:02010b41cdec/antenna/tag/e28068940000400386621d4f, 96
1652704407.484669, sdrt-health/mac:02010b41cdec/antenna/tag/e2806894000050038661fd4f, 91
1652704407.547338, sdrt-health/mac:02010b41cdec/antenna/tag/e28068940000500386620d4f, 83
1652704407.586707, sdrt-health/mac:02010b41cdec/antenna/tag/e2806894000040038662114f, 85
1652704407.652655, sdrt-health/mac:02010b41cdec/antenna/tag/e28068940000400386621d4f, 77
1652704407.65315, sdrt-health/mac:02010b41cdec/antenna/tag/e2806894000050038662154f, 87
1652704407.69289, sdrt-health/mac:02010b41cdec/antenna/tag/e2806894000040038662214f, 94
1652704407.743792, sdrt-health/mac:02010b41cdec/antenna/tag/e2806894000040038662114f, 85
1652704407.744275, sdrt-health/mac:02010b41cdec/antenna/tag/e2806894000040038662214f, 81
1652704407.760464, sdrt-health/mac:02010b41cdec/antenna/tag/e28068940000500386620d4f, 97
1652704407.772467, sdrt-health/mac:02010b41cdec/antenna/tag/e2806894000050038662154f, 85
1652704407.816489, sdrt-health/mac:02010b41cdec/antenna/tag/e28068940000500386620d4f, 97
1652704407.861034, sdrt-health/mac:02010b41cdec/antenna/tag/e28068940000400386621d4f, 96
1652704407.907718, sdrt-health/mac:02010b41cdec/antenna/tag/e28068940000400386621d4f, 96
1652704407.972871, sdrt-health/mac:02010b41cdec/antenna/tag/e28068940000400386621d4f, 96
1652704407.973398, sdrt-health/mac:02010b41cdec/antenna/tag/e2806894000040038662114f, 88
1652704407.988078, sdrt-health/mac:02010b41cdec/antenna/tag/e28068940000500386620d4f, 97
1652704407.996946, sdrt-health/mac:02010b41cdec/antenna/tag/e2806894000050038661fd4f, 97
1652704408.003173, sdrt-health/mac:02010b41cdec/antenna/tag/e28068940000400386621d4f, 96
1652704408.036355, sdrt-health/mac:02010b41cdec/antenna/tag/e28068940000400386621d4f, 96
1652704408.116988, sdrt-health/mac:02010b41cdec/antenna/tag/e2806894000040038662114f, 88
1652704408.156549, sdrt-health/mac:02010b41cdec/antenna/tag/e2806894000050038662194f, 81
1652704408.197555, sdrt-health/mac:02010b41cdec/antenna/tag/e2806894000050038662194f, 88
1652704408.252097, sdrt-health/mac:02010b41cdec/antenna/tag/e28068940000500386620d4f, 97
1652704408.252577, sdrt-health/mac:02010b41cdec/antenna/tag/e28068940000400386621d4f, 77
1652704408.252982, sdrt-health/mac:02010b41cdec/antenna/tag/e28068940000500386620d4f, 83
1652704408.267711, sdrt-health/mac:02010b41cdec/antenna/tag/e2806894000040038662114f, 85
1652704408.349408, sdrt-health/mac:02010b41cdec/antenna/tag/e2806894000040038662114f, 88
1652704408.397149, sdrt-health/mac:02010b41cdec/antenna/tag/e2806894000050038662154f, 85
1652704408.461379, sdrt-health/mac:02010b41cdec/antenna/tag/e28068940000400386621d4f, 77
1652704408.461834, sdrt-health/mac:02010b41cdec/antenna/tag/e28068940000400386621d4f, 96
1652704408.492783, sdrt-health/mac:02010b41cdec/antenna/tag/e2806894000040038662114f, 85
1652704408.53742, sdrt-health/mac:02010b41cdec/antenna/tag/e2806894000050038661fd4f, 97
1652704408.595517, sdrt-health/mac:02010b41cdec/antenna/tag/e2806894000040038662114f, 88
1652704408.595909, sdrt-health/mac:02010b41cdec/antenna/tag/e2806894000040038662114f, 85
1652704408.610652, sdrt-health/mac:02010b41cdec/antenna/tag/e28068940000400386621d4f, 96
1652704408.626959, sdrt-health/mac:02010b41cdec/antenna/tag/e2806894000040038662114f, 85
1652704408.687271, sdrt-health/mac:02010b41cdec/antenna/tag/e28068940000500386620d4f, 83
1652704408.69017, sdrt-health/mac:02010b41cdec/antenna/tag/e28068940000400386621d4f, 77
1652704408.733849, sdrt-health/mac:02010b41cdec/antenna/tag/e28068940000400386621d4f, 77
1652704408.777661, sdrt-health/mac:02010b41cdec/antenna/tag/e28068940000500386620d4f, 83
1652704408.850953, sdrt-health/mac:02010b41cdec/antenna/tag/e28068940000500386620d4f, 97
1652704408.851384, sdrt-health/mac:02010b41cdec/antenna/tag/e2806894000050038661fd4f, 83
1652704408.876945, sdrt-health/mac:02010b41cdec/antenna/tag/e2806894000040038662114f, 85
1652704408.971729, sdrt-health/mac:02010b41cdec/antenna/tag/e2806894000050038662154f, 87
1652704409.039619, sdrt-health/mac:02010b41cdec/antenna/tag/e2806894000050038662154f, 93
1652704409.040064, sdrt-health/mac:02010b41cdec/antenna/tag/e28068940000400386621d4f, 77
1652704409.054818, sdrt-health/mac:02010b41cdec/antenna/tag/e2806894000050038662194f, 81
1652704409.075868, sdrt-health/mac:02010b41cdec/antenna/tag/e2806894000050038661fd4f, 91
1652704409.076911, sdrt-health/mac:02010b41cdec/antenna/tag/e28068940000500386620d4f, 83
1652704409.092472, sdrt-health/mac:02010b41cdec/antenna/tag/e28068940000400386621d4f, 77
1652704409.116677, sdrt-health/mac:02010b41cdec/antenna/tag/e28068940000500386620d4f, 97
1652704409.171712, sdrt-health/mac:02010b41cdec/antenna/tag/e2806894000040038662114f, 88
1652704409.172048, sdrt-health/mac:02010b41cdec/antenna/tag/e2806894000050038661fd4f, 91
1652704409.186793, sdrt-health/mac:02010b41cdec/antenna/tag/e2806894000050038662194f, 88
1652704409.195852, sdrt-health/mac:02010b41cdec/antenna/tag/e2806894000050038661fd4f, 88
1652704409.245887, sdrt-health/mac:02010b41cdec/antenna/tag/e2806894000040038662114f, 85
1652704409.291745, sdrt-health/mac:02010b41cdec/antenna/tag/e2806894000040038662114f, 88
1652704409.352645, sdrt-health/mac:02010b41cdec/antenna/tag/e2806894000050038661fd4f, 97
1652704409.353038, sdrt-health/mac:02010b41cdec/antenna/tag/e2806894000050038662194f, 84
1652704409.380277, sdrt-health/mac:02010b41cdec/antenna/tag/e2806894000050038662194f, 88
1652704409.41066, sdrt-health/mac:02010b41cdec/antenna/tag/e28068940000400386621d4f, 77
1652704409.410895, sdrt-health/mac:02010b41cdec/antenna/tag/e2806894000050038661fd4f, 91
1652704409.435192, sdrt-health/mac:02010b41cdec/antenna/tag/e2806894000050038662154f, 85
1652704409.464924, sdrt-health/mac:02010b41cdec/antenna/tag/e2806894000040038662114f, 85
1652704409.465346, sdrt-health/mac:02010b41cdec/antenna/tag/e28068940000400386621d4f, 77
1652704409.481003, sdrt-health/mac:02010b41cdec/antenna/tag/e2806894000040038662114f, 85
1652704409.481393, sdrt-health/mac:02010b41cdec/antenna/tag/e28068940000400386621d4f, 96
1652704409.516941, sdrt-health/mac:02010b41cdec/antenna/tag/e2806894000040038662114f, 88
1652704409.547932, sdrt-health/mac:02010b41cdec/antenna/tag/e2806894000040038662114f, 88
1652704409.548195, sdrt-health/mac:02010b41cdec/antenna/tag/e2806894000050038662154f, 88
1652704409.548427, sdrt-health/mac:02010b41cdec/antenna/tag/e2806894000050038661fd4f, 97
1652704409.56383, sdrt-health/mac:02010b41cdec/antenna/tag/e2806894000050038661fd4f, 91
1652704409.564203, sdrt-health/mac:02010b41cdec/antenna/tag/e2806894000050038662154f, 88
1652704409.637093, sdrt-health/mac:02010b41cdec/antenna/tag/e28068940000500386620d4f, 97
1652704409.677774, sdrt-health/mac:02010b41cdec/antenna/tag/e2806894000050038662154f, 85
1652704409.750716, sdrt-health/mac:02010b41cdec/antenna/tag/e28068940000500386620d4f, 83
1652704409.751206, sdrt-health/mac:02010b41cdec/antenna/tag/e28068940000500386620d4f, 83
1652704409.797118, sdrt-health/mac:02010b41cdec/antenna/tag/e28068940000500386620d4f, 97
1652704409.86719, sdrt-health/mac:02010b41cdec/antenna/tag/e2806894000050038662194f, 84
1652704409.867628, sdrt-health/mac:02010b41cdec/antenna/tag/e2806894000050038662154f, 93
1652704409.882423, sdrt-health/mac:02010b41cdec/antenna/tag/e2806894000040038662114f, 85
1652704409.896128, sdrt-health/mac:02010b41cdec/antenna/tag/e2806894000040038662114f, 85
1652704409.897915, sdrt-health/mac:02010b41cdec/antenna/tag/e28068940000400386621d4f, 96
1652704409.939932, sdrt-health/mac:02010b41cdec/antenna/tag/e2806894000040038662114f, 85
1652704410.033622, sdrt-health/mac:02010b41cdec/antenna/tag/e2806894000050038662154f, 85
1652704410.034119, sdrt-health/mac:02010b41cdec/antenna/tag/e2806894000050038662154f, 85
1652704410.067013, sdrt-health/mac:02010b41cdec/antenna/tag/e28068940000400386621d4f, 96
1652704410.097085, sdrt-health/mac:02010b41cdec/antenna/tag/e2806894000050038662154f, 85
1652704410.097422, sdrt-health/mac:02010b41cdec/antenna/tag/e2806894000050038662154f, 85
1652704410.115706, sdrt-health/mac:02010b41cdec/antenna/tag/e2806894000050038662154f, 85
1652704410.172888, sdrt-health/mac:02010b41cdec/antenna/tag/e2806894000050038662154f, 85
1652704410.173237, sdrt-health/mac:02010b41cdec/antenna/tag/e2806894000050038662194f, 83
1652704410.206213, sdrt-health/mac:02010b41cdec/antenna/tag/e28068940000400386621d4f, 77
1652704410.235267, sdrt-health/mac:02010b41cdec/antenna/tag/e2806894000050038662194f, 84
1652704410.23564, sdrt-health/mac:02010b41cdec/antenna/tag/e2806894000040038662114f, 85
1652704410.253604, sdrt-health/mac:02010b41cdec/antenna/tag/e2806894000050038662154f, 85
1652704410.29737, sdrt-health/mac:02010b41cdec/antenna/tag/e2806894000050038661fd4f, 91
1652704410.354496, sdrt-health/mac:02010b41cdec/antenna/tag/e2806894000050038662194f, 88
1652704410.355527, sdrt-health/mac:02010b41cdec/antenna/tag/e28068940000500386620d4f, 83
1652704410.370367, sdrt-health/mac:02010b41cdec/antenna/tag/e28068940000500386620d4f, 83
1652704410.385753, sdrt-health/mac:02010b41cdec/antenna/tag/e28068940000500386620d4f, 83
1652704410.446559, sdrt-health/mac:02010b41cdec/antenna/tag/e28068940000500386620d4f, 83
1652704410.508659, sdrt-health/mac:02010b41cdec/antenna/tag/e2806894000050038661fd4f, 88
1652704410.508933, sdrt-health/mac:02010b41cdec/antenna/tag/e2806894000050038662194f, 83
1652704410.524314, sdrt-health/mac:02010b41cdec/antenna/tag/e28068940000400386621d4f, 77
1652704410.53681, sdrt-health/mac:02010b41cdec/antenna/tag/e28068940000400386621d4f, 96
1652704410.539982, sdrt-health/mac:02010b41cdec/antenna/tag/e2806894000050038661fd4f, 97
1652704410.580931, sdrt-health/mac:02010b41cdec/antenna/tag/e28068940000400386621d4f, 77
1652704410.581289, sdrt-health/mac:02010b41cdec/antenna/tag/e2806894000050038662154f, 85
1652704410.626218, sdrt-health/mac:02010b41cdec/antenna/tag/e2806894000050038661fd4f, 97
1652704410.676498, sdrt-health/mac:02010b41cdec/antenna/tag/e2806894000050038662154f, 85
1652704410.715863, sdrt-health/mac:02010b41cdec/antenna/tag/e2806894000050038662194f, 82
1652704410.717345, sdrt-health/mac:02010b41cdec/antenna/tag/e2806894000050038661fd4f, 88
1652704410.755823, sdrt-health/mac:02010b41cdec/antenna/tag/e28068940000400386621d4f, 77
1652704410.796559, sdrt-health/mac:02010b41cdec/antenna/tag/e28068940000400386621d4f, 96
1652704410.836296, sdrt-health/mac:02010b41cdec/antenna/tag/e28068940000500386620d4f, 97
1652704410.926371, sdrt-health/mac:02010b41cdec/antenna/tag/e28068940000400386621d4f, 96
1652704411.006523, sdrt-health/mac:02010b41cdec/antenna/tag/e2806894000040038662114f, 97
1652704411.082729, sdrt-health/mac:02010b41cdec/antenna/tag/e2806894000050038662154f, 85
1652704411.083216, sdrt-health/mac:02010b41cdec/antenna/tag/e2806894000050038662154f, 85
1652704411.107947, sdrt-health/mac:02010b41cdec/antenna/tag/e2806894000050038661fd4f, 83
1652704411.171123, sdrt-health/mac:02010b41cdec/antenna/tag/e2806894000040038662114f, 88
1652704411.171568, sdrt-health/mac:02010b41cdec/antenna/tag/e2806894000050038661fd4f, 83
1652704411.205664, sdrt-health/mac:02010b41cdec/antenna/tag/e2806894000050038661fd4f, 97
1652704411.205919, sdrt-health/mac:02010b41cdec/antenna/tag/e2806894000050038661fd4f, 97
1652704411.206078, sdrt-health/mac:02010b41cdec/antenna/tag/e28068940000400386621d4f, 96
1652704411.236666, sdrt-health/mac:02010b41cdec/antenna/tag/e28068940000500386620d4f, 97
1652704411.267113, sdrt-health/mac:02010b41cdec/antenna/tag/e2806894000050038661fd4f, 91
1652704411.267424, sdrt-health/mac:02010b41cdec/antenna/tag/e28068940000500386620d4f, 83
1652704411.282381, sdrt-health/mac:02010b41cdec/antenna/tag/e2806894000050038661fd4f, 97
1652704411.316809, sdrt-health/mac:02010b41cdec/antenna/tag/e28068940000500386620d4f, 83
1652704411.317983, sdrt-health/mac:02010b41cdec/antenna/tag/e2806894000050038661fd4f, 91
1652704411.332584, sdrt-health/mac:02010b41cdec/antenna/tag/e2806894000050038661fd4f, 88
1652704411.356879, sdrt-health/mac:02010b41cdec/antenna/tag/e2806894000050038662154f, 93
1652704411.396089, sdrt-health/mac:02010b41cdec/antenna/tag/e2806894000040038662114f, 85
1652704411.435971, sdrt-health/mac:02010b41cdec/antenna/tag/e2806894000050038661fd4f, 91
1652704411.476384, sdrt-health/mac:02010b41cdec/antenna/tag/e2806894000040038662114f, 87
1652704411.541633, sdrt-health/mac:02010b41cdec/antenna/tag/e2806894000050038661fd4f, 97
1652704411.586402, sdrt-health/mac:02010b41cdec/antenna/tag/e28068940000400386621d4f, 77
1652704411.586949, sdrt-health/mac:02010b41cdec/antenna/tag/e2806894000050038661fd4f, 83
1652704411.602042, sdrt-health/mac:02010b41cdec/antenna/tag/e28068940000400386621d4f, 77
1652704411.636498, sdrt-health/mac:02010b41cdec/antenna/tag/e28068940000400386621d4f, 77
1652704411.69246, sdrt-health/mac:02010b41cdec/antenna/tag/e28068940000500386620d4f, 97
1652704411.736322, sdrt-health/mac:02010b41cdec/antenna/tag/e2806894000050038661fd4f, 91
1652704411.780312, sdrt-health/mac:02010b41cdec/antenna/tag/e28068940000500386620d4f, 97
1652704411.830922, sdrt-health/mac:02010b41cdec/antenna/tag/e2806894000050038662154f, 85
1652704411.831367, sdrt-health/mac:02010b41cdec/antenna/tag/e2806894000040038662114f, 85
1652704411.878005, sdrt-health/mac:02010b41cdec/antenna/tag/e28068940000500386620d4f, 83
1652704411.93265, sdrt-health/mac:02010b41cdec/antenna/tag/e2806894000050038662154f, 85
1652704411.933323, sdrt-health/mac:02010b41cdec/antenna/tag/e2806894000050038661fd4f, 97
1652704411.956486, sdrt-health/mac:02010b41cdec/antenna/tag/e2806894000050038661fd4f, 83
1652704411.996229, sdrt-health/mac:02010b41cdec/antenna/tag/e2806894000040038662114f, 88
1652704412.055521, sdrt-health/mac:02010b41cdec/antenna/tag/e28068940000400386621d4f, 96
1652704412.05601, sdrt-health/mac:02010b41cdec/antenna/tag/e28068940000400386621d4f, 96
1652704412.076358, sdrt-health/mac:02010b41cdec/antenna/tag/e28068940000400386621d4f, 96
1652704412.133412, sdrt-health/mac:02010b41cdec/antenna/tag/e28068940000400386621d4f, 96
1652704412.133871, sdrt-health/mac:02010b41cdec/antenna/tag/e2806894000050038661fd4f, 91
1652704412.171645, sdrt-health/mac:02010b41cdec/antenna/tag/e2806894000050038661fd4f, 97
1652704412.240459, sdrt-health/mac:02010b41cdec/antenna/tag/e2806894000050038662154f, 85
1652704412.24117, sdrt-health/mac:02010b41cdec/antenna/tag/e2806894000040038662214f, 88
1652704412.284816, sdrt-health/mac:02010b41cdec/antenna/tag/e2806894000050038662154f, 93
1652704412.315697, sdrt-health/mac:02010b41cdec/antenna/tag/e28068940000400386621d4f, 77
1652704412.316102, sdrt-health/mac:02010b41cdec/antenna/tag/e2806894000050038661fd4f, 91
1652704412.340617, sdrt-health/mac:02010b41cdec/antenna/tag/e28068940000400386621d4f, 96
1652704412.385179, sdrt-health/mac:02010b41cdec/antenna/tag/e2806894000040038662114f, 85
1652704412.53275, sdrt-health/mac:02010b41cdec/antenna/tag/e2806894000040038662114f, 85
1652704412.533218, sdrt-health/mac:02010b41cdec/antenna/tag/e2806894000050038662154f, 85
1652704412.548877, sdrt-health/mac:02010b41cdec/antenna/tag/e2806894000050038662154f, 88
1652704412.549202, sdrt-health/mac:02010b41cdec/antenna/tag/e2806894000050038662154f, 85
1652704412.549515, sdrt-health/mac:02010b41cdec/antenna/tag/e2806894000040038662114f, 85
1652704412.549801, sdrt-health/mac:02010b41cdec/antenna/tag/e2806894000050038661fd4f, 83
1652704412.55012, sdrt-health/mac:02010b41cdec/antenna/tag/e28068940000500386620d4f, 83
1652704412.55802, sdrt-health/mac:02010b41cdec/antenna/tag/e2806894000040038662114f, 88
1652704412.565011, sdrt-health/mac:02010b41cdec/antenna/tag/e28068940000500386620d4f, 83
1652704412.596192, sdrt-health/mac:02010b41cdec/antenna/tag/e2806894000050038662194f, 81
1652704412.733397, sdrt-health/mac:02010b41cdec/antenna/tag/e28068940000500386620d4f, 97
1652704412.786553, sdrt-health/mac:02010b41cdec/antenna/tag/e28068940000400386621d4f, 77
1652704412.836627, sdrt-health/mac:02010b41cdec/antenna/tag/e28068940000400386621d4f, 77
1652704412.877955, sdrt-health/mac:02010b41cdec/antenna/tag/e2806894000050038662154f, 85
1652704412.917484, sdrt-health/mac:02010b41cdec/antenna/tag/e2806894000050038661fd4f, 83
1652704412.981666, sdrt-health/mac:02010b41cdec/antenna/tag/e2806894000050038661fd4f, 97
1652704413.026414, sdrt-health/mac:02010b41cdec/antenna/tag/e28068940000500386620d4f, 91
1652704413.076337, sdrt-health/mac:02010b41cdec/antenna/tag/e28068940000500386620d4f, 97
1652704413.132265, sdrt-health/mac:02010b41cdec/antenna/tag/e2806894000050038662154f, 88
1652704413.132641, sdrt-health/mac:02010b41cdec/antenna/tag/e2806894000050038662154f, 87
1652704413.155011, sdrt-health/mac:02010b41cdec/antenna/tag/e28068940000500386620d4f, 97
1652704413.393199, sdrt-health/mac:02010b41cdec/antenna/tag/e2806894000040038662114f, 85
1652704413.980521, sdrt-health/mac:02010b41cdec/antenna/tag/scan, scan stopped
