1652704567.948433, sdrt-health/mac:02010b41cdec/antenna/power/set, {"power": 300}
1652704569.006772, sdrt-health/mac:02010b41cdec/antenna/power/set, 
1652704572.970944, sdrt-health/mac:02010b41cdec/antenna/tag/scan, {"time": 20000}
1652704573.387199, sdrt-health/mac:02010b41cdec/antenna/tag/e2806894000050038662154f, 88
1652704573.426342, sdrt-health/mac:02010b41cdec/antenna/tag/e28068940000500386620d4f, 83
1652704573.477291, sdrt-health/mac:02010b41cdec/antenna/tag/e2806894000050038661fd4f, 97
1652704573.547546, sdrt-health/mac:02010b41cdec/antenna/tag/e2806894000050038662154f, 91
1652704573.548121, sdrt-health/mac:02010b41cdec/antenna/tag/e28068940000500386620d4f, 83
1652704573.577041, sdrt-health/mac:02010b41cdec/antenna/tag/e2806894000040038662114f, 88
1652704573.636709, sdrt-health/mac:02010b41cdec/antenna/tag/e28068940000400386621d4f, 96
1652704573.637121, sdrt-health/mac:02010b41cdec/antenna/tag/e2806894000050038662154f, 88
1652704573.651829, sdrt-health/mac:02010b41cdec/antenna/tag/e28068940000500386620d4f, 97
1652704573.666115, sdrt-health/mac:02010b41cdec/antenna/tag/e28068940000500386620d4f, 83
1652704573.741417, sdrt-health/mac:02010b41cdec/antenna/tag/e28068940000400386621d4f, 96
1652704573.741982, sdrt-health/mac:02010b41cdec/antenna/tag/e2806894000050038662154f, 88
1652704573.786115, sdrt-health/mac:02010b41cdec/antenna/tag/e2806894000040038662054f, 88
1652704573.826779, sdrt-health/mac:02010b41cdec/antenna/tag/e2806894000050038661fd4f, 91
1652704573.893144, sdrt-health/mac:02010b41cdec/antenna/tag/e28068940000500386620d4f, 97
1652704573.893682, sdrt-health/mac:02010b41cdec/antenna/tag/e2806894000050038662154f, 88
1652704573.9164, sdrt-health/mac:02010b41cdec/antenna/tag/e2806894000040038662054f, 88
1652704573.972119, sdrt-health/mac:02010b41cdec/antenna/tag/e2806894000040038662214f, 94
1652704573.972554, sdrt-health/mac:02010b41cdec/antenna/tag/e2806894000040038662114f, 85
1652704573.989152, sdrt-health/mac:02010b41cdec/antenna/tag/e2806894000050038661fd4f, 91
1652704573.989468, sdrt-health/mac:02010b41cdec/antenna/tag/e28068940000500386620d4f, 97
1652704573.996827, sdrt-health/mac:02010b41cdec/antenna/tag/e2806894000040038662114f, 88
1652704574.076508, sdrt-health/mac:02010b41cdec/antenna/tag/e2806894000050038661fd4f, 91
1652704574.117134, sdrt-health/mac:02010b41cdec/antenna/tag/e2806894000050038661fd4f, 97
1652704574.117328, sdrt-health/mac:02010b41cdec/antenna/tag/e28068940000400386621d4f, 96
1652704574.117502, sdrt-health/mac:02010b41cdec/antenna/tag/e2806894000040038662114f, 88
1652704574.173596, sdrt-health/mac:02010b41cdec/antenna/tag/e2806894000050038661fd4f, 91
1652704574.234081, sdrt-health/mac:02010b41cdec/antenna/tag/e2806894000050038661fd4f, 97
1652704574.234622, sdrt-health/mac:02010b41cdec/antenna/tag/e2806894000050038662194f, 88
1652704574.249915, sdrt-health/mac:02010b41cdec/antenna/tag/e2806894000050038661fd4f, 97
1652704574.260029, sdrt-health/mac:02010b41cdec/antenna/tag/e2806894000040038662054f, 84
1652704574.265562, sdrt-health/mac:02010b41cdec/antenna/tag/e28068940000500386620d4f, 83
1652704574.347766, sdrt-health/mac:02010b41cdec/antenna/tag/e2806894000050038662154f, 88
1652704574.389461, sdrt-health/mac:02010b41cdec/antenna/tag/e2806894000050038662194f, 94
1652704574.447848, sdrt-health/mac:02010b41cdec/antenna/tag/e2806894000040038662214f, 88
1652704574.493176, sdrt-health/mac:02010b41cdec/antenna/tag/e28068940000500386620d4f, 97
1652704574.557091, sdrt-health/mac:02010b41cdec/antenna/tag/e2806894000040038662114f, 88
1652704574.557598, sdrt-health/mac:02010b41cdec/antenna/tag/e2806894000040038662214f, 94
1652704574.572564, sdrt-health/mac:02010b41cdec/antenna/tag/e2806894000050038662154f, 93
1652704574.581114, sdrt-health/mac:02010b41cdec/antenna/tag/e2806894000050038661fd4f, 97
1652704574.588271, sdrt-health/mac:02010b41cdec/antenna/tag/e2806894000050038661fd4f, 83
1652704574.626062, sdrt-health/mac:02010b41cdec/antenna/tag/e2806894000040038662114f, 85
1652704574.676434, sdrt-health/mac:02010b41cdec/antenna/tag/e28068940000500386620d4f, 83
1652704574.746515, sdrt-health/mac:02010b41cdec/antenna/tag/e28068940000500386620d4f, 91
1652704574.746804, sdrt-health/mac:02010b41cdec/antenna/tag/e28068940000500386620d4f, 97
1652704574.762143, sdrt-health/mac:02010b41cdec/antenna/tag/e2806894000050038662154f, 85
1652704574.794178, sdrt-health/mac:02010b41cdec/antenna/tag/e28068940000400386621d4f, 96
1652704574.794418, sdrt-health/mac:02010b41cdec/antenna/tag/e2806894000050038662194f, 88
1652704574.794598, sdrt-health/mac:02010b41cdec/antenna/tag/e2806894000050038661fd4f, 83
1652704574.812955, sdrt-health/mac:02010b41cdec/antenna/tag/e2806894000040038662114f, 88
1652704574.856666, sdrt-health/mac:02010b41cdec/antenna/tag/e2806894000040038662214f, 81
1652704574.902257, sdrt-health/mac:02010b41cdec/antenna/tag/e28068940000500386620d4f, 97
1652704574.986556, sdrt-health/mac:02010b41cdec/antenna/tag/e2806894000050038662154f, 88
1652704575.026635, sdrt-health/mac:02010b41cdec/antenna/tag/e28068940000400386621d4f, 96
1652704575.077027, sdrt-health/mac:02010b41cdec/antenna/tag/e2806894000050038662154f, 88
1652704575.116964, sdrt-health/mac:02010b41cdec/antenna/tag/e2806894000050038661fd4f, 83
1652704575.148271, sdrt-health/mac:02010b41cdec/antenna/tag/e28068940000500386620d4f, 83
1652704575.148843, sdrt-health/mac:02010b41cdec/antenna/tag/e2806894000050038661fd4f, 83
1652704575.164624, sdrt-health/mac:02010b41cdec/antenna/tag/e2806894000040038662114f, 88
1652704575.165059, sdrt-health/mac:02010b41cdec/antenna/tag/e2806894000040038662054f, 82
1652704575.165366, sdrt-health/mac:02010b41cdec/antenna/tag/e2806894000050038662154f, 88
1652704575.236906, sdrt-health/mac:02010b41cdec/antenna/tag/e2806894000050038661fd4f, 83
1652704575.31846, sdrt-health/mac:02010b41cdec/antenna/tag/e2806894000050038662154f, 88
1652704575.349944, sdrt-health/mac:02010b41cdec/antenna/tag/e2806894000040038662114f, 88
1652704575.350536, sdrt-health/mac:02010b41cdec/antenna/tag/e2806894000050038661fd4f, 97
1652704575.365898, sdrt-health/mac:02010b41cdec/antenna/tag/e2806894000050038662194f, 81
1652704575.366381, sdrt-health/mac:02010b41cdec/antenna/tag/e28068940000500386620d4f, 83
1652704575.396999, sdrt-health/mac:02010b41cdec/antenna/tag/e2806894000050038662154f, 93
1652704575.429513, sdrt-health/mac:02010b41cdec/antenna/tag/e2806894000050038662194f, 94
1652704575.429935, sdrt-health/mac:02010b41cdec/antenna/tag/e28068940000500386620d4f, 83
1652704575.478362, sdrt-health/mac:02010b41cdec/antenna/tag/e28068940000500386620d4f, 97
1652704575.516151, sdrt-health/mac:02010b41cdec/antenna/tag/e2806894000040038662054f, 84
1652704575.573141, sdrt-health/mac:02010b41cdec/antenna/tag/e28068940000400386621d4f, 96
1652704575.57349, sdrt-health/mac:02010b41cdec/antenna/tag/e2806894000040038662114f, 88
1652704575.58917, sdrt-health/mac:02010b41cdec/antenna/tag/e2806894000040038662114f, 88
1652704575.596317, sdrt-health/mac:02010b41cdec/antenna/tag/e28068940000400386621d4f, 96
1652704575.635807, sdrt-health/mac:02010b41cdec/antenna/tag/e2806894000050038661fd4f, 97
1652704575.676123, sdrt-health/mac:02010b41cdec/antenna/tag/e2806894000040038662114f, 91
1652704575.735627, sdrt-health/mac:02010b41cdec/antenna/tag/e2806894000040038662054f, 84
1652704575.735946, sdrt-health/mac:02010b41cdec/antenna/tag/e2806894000040038662114f, 91
1652704575.756514, sdrt-health/mac:02010b41cdec/antenna/tag/e2806894000040038662214f, 81
1652704575.797933, sdrt-health/mac:02010b41cdec/antenna/tag/e2806894000040038662114f, 88
1652704575.87146, sdrt-health/mac:02010b41cdec/antenna/tag/e2806894000050038662194f, 84
1652704575.871965, sdrt-health/mac:02010b41cdec/antenna/tag/e28068940000500386620d4f, 83
1652704575.895717, sdrt-health/mac:02010b41cdec/antenna/tag/e2806894000050038661fd4f, 91
1652704575.948271, sdrt-health/mac:02010b41cdec/antenna/tag/e28068940000400386621d4f, 77
1652704576.02134, sdrt-health/mac:02010b41cdec/antenna/tag/e2806894000050038661fd4f, 97
1652704576.161997, sdrt-health/mac:02010b41cdec/antenna/tag/e2806894000040038661f94f, 81
1652704576.253976, sdrt-health/mac:02010b41cdec/antenna/tag/e28068940000400386621d4f, 96
1652704576.28651, sdrt-health/mac:02010b41cdec/antenna/tag/e2806894000040038662114f, 85
1652704576.287851, sdrt-health/mac:02010b41cdec/antenna/tag/e2806894000040038662114f, 85
1652704576.288168, sdrt-health/mac:02010b41cdec/antenna/tag/e2806894000050038661fd4f, 97
1652704576.288413, sdrt-health/mac:02010b41cdec/antenna/tag/e2806894000050038662154f, 88
1652704576.30161, sdrt-health/mac:02010b41cdec/antenna/tag/e28068940000500386620d4f, 83
1652704576.301808, sdrt-health/mac:02010b41cdec/antenna/tag/e2806894000050038661fd4f, 83
1652704576.301939, sdrt-health/mac:02010b41cdec/antenna/tag/e28068940000500386620d4f, 83
1652704576.340136, sdrt-health/mac:02010b41cdec/antenna/tag/e2806894000040038662114f, 88
1652704576.387348, sdrt-health/mac:02010b41cdec/antenna/tag/e2806894000040038662114f, 85
1652704576.436155, sdrt-health/mac:02010b41cdec/antenna/tag/e2806894000050038662154f, 87
1652704576.476749, sdrt-health/mac:02010b41cdec/antenna/tag/e28068940000400386621d4f, 77
1652704576.533344, sdrt-health/mac:02010b41cdec/antenna/tag/e2806894000050038662194f, 94
1652704576.533913, sdrt-health/mac:02010b41cdec/antenna/tag/e2806894000050038662154f, 88
1652704576.556381, sdrt-health/mac:02010b41cdec/antenna/tag/e2806894000040038662114f, 88
1652704576.597731, sdrt-health/mac:02010b41cdec/antenna/tag/e2806894000050038662194f, 83
1652704576.637421, sdrt-health/mac:02010b41cdec/antenna/tag/e28068940000500386620d4f, 83
1652704576.676677, sdrt-health/mac:02010b41cdec/antenna/tag/e2806894000040038661f94f, 81
1652704576.709449, sdrt-health/mac:02010b41cdec/antenna/tag/e28068940000400386621d4f, 96
1652704576.709891, sdrt-health/mac:02010b41cdec/antenna/tag/e2806894000050038662154f, 85
1652704576.725421, sdrt-health/mac:02010b41cdec/antenna/tag/e2806894000050038662154f, 91
1652704576.72575, sdrt-health/mac:02010b41cdec/antenna/tag/e2806894000050038661fd4f, 91
1652704576.76789, sdrt-health/mac:02010b41cdec/antenna/tag/e2806894000050038661fd4f, 88
1652704576.81503, sdrt-health/mac:02010b41cdec/antenna/tag/e2806894000050038662154f, 85
1652704576.855864, sdrt-health/mac:02010b41cdec/antenna/tag/e28068940000500386620d4f, 83
1652704576.936712, sdrt-health/mac:02010b41cdec/antenna/tag/e2806894000050038662154f, 88
1652704576.980885, sdrt-health/mac:02010b41cdec/antenna/tag/e2806894000050038662194f, 87
1652704577.042088, sdrt-health/mac:02010b41cdec/antenna/tag/e2806894000040038662114f, 85
1652704577.04255, sdrt-health/mac:02010b41cdec/antenna/tag/e2806894000040038662214f, 81
1652704577.076984, sdrt-health/mac:02010b41cdec/antenna/tag/e2806894000040038662214f, 81
1652704577.131975, sdrt-health/mac:02010b41cdec/antenna/tag/e2806894000050038661fd4f, 91
1652704577.132383, sdrt-health/mac:02010b41cdec/antenna/tag/e2806894000040038662114f, 85
1652704577.166925, sdrt-health/mac:02010b41cdec/antenna/tag/e28068940000400386621d4f, 77
1652704577.235129, sdrt-health/mac:02010b41cdec/antenna/tag/e2806894000050038661fd4f, 88
1652704577.277266, sdrt-health/mac:02010b41cdec/antenna/tag/e2806894000040038662114f, 85
1652704577.331183, sdrt-health/mac:02010b41cdec/antenna/tag/e2806894000050038662194f, 94
1652704577.331861, sdrt-health/mac:02010b41cdec/antenna/tag/e2806894000050038662154f, 87
1652704577.347461, sdrt-health/mac:02010b41cdec/antenna/tag/e2806894000040038662214f, 81
1652704577.379895, sdrt-health/mac:02010b41cdec/antenna/tag/e2806894000050038662194f, 94
1652704577.380361, sdrt-health/mac:02010b41cdec/antenna/tag/e2806894000050038661fd4f, 91
1652704577.380746, sdrt-health/mac:02010b41cdec/antenna/tag/e2806894000050038661fd4f, 88
1652704577.396632, sdrt-health/mac:02010b41cdec/antenna/tag/e28068940000500386620d4f, 83
1652704577.452517, sdrt-health/mac:02010b41cdec/antenna/tag/e28068940000400386621d4f, 77
1652704577.496125, sdrt-health/mac:02010b41cdec/antenna/tag/e2806894000050038662154f, 93
1652704577.526427, sdrt-health/mac:02010b41cdec/antenna/tag/e2806894000050038662194f, 94
1652704577.526654, sdrt-health/mac:02010b41cdec/antenna/tag/e28068940000500386620d4f, 97
1652704577.540536, sdrt-health/mac:02010b41cdec/antenna/tag/e2806894000040038662114f, 88
1652704577.585747, sdrt-health/mac:02010b41cdec/antenna/tag/e28068940000400386621d4f, 80
1652704577.614683, sdrt-health/mac:02010b41cdec/antenna/tag/e2806894000050038662194f, 88
1652704577.614924, sdrt-health/mac:02010b41cdec/antenna/tag/e2806894000040038662114f, 85
1652704577.635197, sdrt-health/mac:02010b41cdec/antenna/tag/e2806894000050038662154f, 93
1652704577.665256, sdrt-health/mac:02010b41cdec/antenna/tag/e2806894000050038662194f, 84
1652704577.665625, sdrt-health/mac:02010b41cdec/antenna/tag/e28068940000400386621d4f, 80
1652704577.73668, sdrt-health/mac:02010b41cdec/antenna/tag/e2806894000040038662114f, 88
1652704577.805916, sdrt-health/mac:02010b41cdec/antenna/tag/e28068940000500386620d4f, 83
1652704577.839472, sdrt-health/mac:02010b41cdec/antenna/tag/e2806894000050038662194f, 81
1652704577.839682, sdrt-health/mac:02010b41cdec/antenna/tag/e2806894000050038661fd4f, 83
1652704577.854019, sdrt-health/mac:02010b41cdec/antenna/tag/e2806894000050038662154f, 88
1652704577.895637, sdrt-health/mac:02010b41cdec/antenna/tag/e28068940000500386620d4f, 97
1652704577.956223, sdrt-health/mac:02010b41cdec/antenna/tag/e2806894000040038662114f, 85
1652704578.013494, sdrt-health/mac:02010b41cdec/antenna/tag/e2806894000050038662194f, 82
1652704578.055334, sdrt-health/mac:02010b41cdec/antenna/tag/e28068940000500386620d4f, 86
1652704578.085766, sdrt-health/mac:02010b41cdec/antenna/tag/e2806894000040038662114f, 85
1652704578.086092, sdrt-health/mac:02010b41cdec/antenna/tag/e2806894000050038662194f, 88
1652704578.100418, sdrt-health/mac:02010b41cdec/antenna/tag/e28068940000400386621d4f, 96
1652704578.145748, sdrt-health/mac:02010b41cdec/antenna/tag/e2806894000040038662114f, 85
1652704578.176146, sdrt-health/mac:02010b41cdec/antenna/tag/e2806894000050038662154f, 88
1652704578.176349, sdrt-health/mac:02010b41cdec/antenna/tag/e2806894000040038662054f, 81
1652704578.196375, sdrt-health/mac:02010b41cdec/antenna/tag/e2806894000050038662154f, 85
1652704578.237345, sdrt-health/mac:02010b41cdec/antenna/tag/e2806894000040038662114f, 88
1652704578.285253, sdrt-health/mac:02010b41cdec/antenna/tag/e2806894000050038661fd4f, 83
1652704578.348188, sdrt-health/mac:02010b41cdec/antenna/tag/e2806894000050038662154f, 88
1652704578.348407, sdrt-health/mac:02010b41cdec/antenna/tag/e2806894000040038662114f, 88
1652704578.363876, sdrt-health/mac:02010b41cdec/antenna/tag/e28068940000500386620d4f, 83
1652704578.376575, sdrt-health/mac:02010b41cdec/antenna/tag/e2806894000040038662114f, 88
1652704578.379788, sdrt-health/mac:02010b41cdec/antenna/tag/e28068940000500386620d4f, 86
1652704578.491641, sdrt-health/mac:02010b41cdec/antenna/tag/e2806894000050038662194f, 83
1652704578.557298, sdrt-health/mac:02010b41cdec/antenna/tag/e28068940000500386620d4f, 83
1652704578.601926, sdrt-health/mac:02010b41cdec/antenna/tag/e28068940000500386620d4f, 83
1652704578.652666, sdrt-health/mac:02010b41cdec/antenna/tag/e2806894000050038662154f, 85
1652704578.653019, sdrt-health/mac:02010b41cdec/antenna/tag/e2806894000050038661fd4f, 97
1652704578.668374, sdrt-health/mac:02010b41cdec/antenna/tag/e2806894000050038662194f, 94
1652704578.676427, sdrt-health/mac:02010b41cdec/antenna/tag/e2806894000040038662114f, 85
1652704578.684235, sdrt-health/mac:02010b41cdec/antenna/tag/e2806894000050038662154f, 85
1652704578.716416, sdrt-health/mac:02010b41cdec/antenna/tag/e2806894000040038662114f, 85
1652704578.755847, sdrt-health/mac:02010b41cdec/antenna/tag/e28068940000400386621d4f, 77
1652704578.813647, sdrt-health/mac:02010b41cdec/antenna/tag/e2806894000050038662154f, 85
1652704578.81416, sdrt-health/mac:02010b41cdec/antenna/tag/e2806894000050038662154f, 88
1652704578.856616, sdrt-health/mac:02010b41cdec/antenna/tag/e2806894000050038662154f, 87
1652704578.899904, sdrt-health/mac:02010b41cdec/antenna/tag/e2806894000050038662194f, 81
1652704578.947244, sdrt-health/mac:02010b41cdec/antenna/tag/e2806894000050038661fd4f, 97
1652704578.947983, sdrt-health/mac:02010b41cdec/antenna/tag/e2806894000040038662114f, 85
1652704579.006102, sdrt-health/mac:02010b41cdec/antenna/tag/e28068940000400386621d4f, 96
1652704579.069177, sdrt-health/mac:02010b41cdec/antenna/tag/e2806894000040038662054f, 94
1652704579.069956, sdrt-health/mac:02010b41cdec/antenna/tag/e2806894000050038662154f, 88
1652704579.070086, sdrt-health/mac:02010b41cdec/antenna/tag/e2806894000050038661fd4f, 83
1652704579.083777, sdrt-health/mac:02010b41cdec/antenna/tag/e2806894000050038662154f, 88
1652704579.084005, sdrt-health/mac:02010b41cdec/antenna/tag/e2806894000050038662154f, 88
1652704579.097277, sdrt-health/mac:02010b41cdec/antenna/tag/e2806894000040038662114f, 88
1652704579.099299, sdrt-health/mac:02010b41cdec/antenna/tag/e28068940000500386620d4f, 83
1652704579.140948, sdrt-health/mac:02010b41cdec/antenna/tag/e2806894000050038662194f, 81
1652704579.201942, sdrt-health/mac:02010b41cdec/antenna/tag/e2806894000040038662054f, 88
1652704579.202269, sdrt-health/mac:02010b41cdec/antenna/tag/e28068940000400386621d4f, 96
1652704579.237508, sdrt-health/mac:02010b41cdec/antenna/tag/e2806894000050038662194f, 87
1652704579.275703, sdrt-health/mac:02010b41cdec/antenna/tag/e28068940000500386620d4f, 83
1652704579.33369, sdrt-health/mac:02010b41cdec/antenna/tag/e2806894000050038661fd4f, 83
1652704579.334145, sdrt-health/mac:02010b41cdec/antenna/tag/e2806894000040038662114f, 88
1652704579.349235, sdrt-health/mac:02010b41cdec/antenna/tag/e28068940000500386620d4f, 83
1652704579.356485, sdrt-health/mac:02010b41cdec/antenna/tag/e2806894000040038662114f, 91
1652704579.395966, sdrt-health/mac:02010b41cdec/antenna/tag/e2806894000040038662114f, 88
1652704579.436203, sdrt-health/mac:02010b41cdec/antenna/tag/e2806894000050038661fd4f, 97
1652704579.495598, sdrt-health/mac:02010b41cdec/antenna/tag/e28068940000400386621d4f, 77
1652704579.540472, sdrt-health/mac:02010b41cdec/antenna/tag/e2806894000050038662154f, 85
1652704579.601326, sdrt-health/mac:02010b41cdec/antenna/tag/e2806894000050038661fd4f, 97
1652704579.601558, sdrt-health/mac:02010b41cdec/antenna/tag/e2806894000050038662194f, 83
1652704579.616473, sdrt-health/mac:02010b41cdec/antenna/tag/e28068940000400386621d4f, 77
1652704579.68048, sdrt-health/mac:02010b41cdec/antenna/tag/e2806894000040038662114f, 85
1652704579.681239, sdrt-health/mac:02010b41cdec/antenna/tag/e28068940000500386620d4f, 97
1652704579.715449, sdrt-health/mac:02010b41cdec/antenna/tag/e28068940000400386621d4f, 77
1652704579.745933, sdrt-health/mac:02010b41cdec/antenna/tag/e2806894000050038661fd4f, 97
1652704579.746249, sdrt-health/mac:02010b41cdec/antenna/tag/e2806894000050038662154f, 88
1652704579.761279, sdrt-health/mac:02010b41cdec/antenna/tag/e28068940000500386620d4f, 83
1652704579.795365, sdrt-health/mac:02010b41cdec/antenna/tag/e2806894000050038662154f, 88
1652704579.836385, sdrt-health/mac:02010b41cdec/antenna/tag/e2806894000050038662194f, 83
1652704579.865696, sdrt-health/mac:02010b41cdec/antenna/tag/e2806894000050038662154f, 85
1652704579.86626, sdrt-health/mac:02010b41cdec/antenna/tag/e2806894000050038661fd4f, 91
1652704579.880258, sdrt-health/mac:02010b41cdec/antenna/tag/e28068940000500386620d4f, 97
1652704579.916499, sdrt-health/mac:02010b41cdec/antenna/tag/e28068940000400386621d4f, 77
1652704579.971538, sdrt-health/mac:02010b41cdec/antenna/tag/e2806894000050038661fd4f, 91
1652704579.972073, sdrt-health/mac:02010b41cdec/antenna/tag/e28068940000400386621d4f, 96
1652704579.985979, sdrt-health/mac:02010b41cdec/antenna/tag/e2806894000050038661fd4f, 97
1652704580.026902, sdrt-health/mac:02010b41cdec/antenna/tag/e2806894000040038662114f, 85
1652704580.107685, sdrt-health/mac:02010b41cdec/antenna/tag/e2806894000040038661f94f, 88
1652704580.10804, sdrt-health/mac:02010b41cdec/antenna/tag/e28068940000400386621d4f, 96
1652704580.123091, sdrt-health/mac:02010b41cdec/antenna/tag/e2806894000050038662154f, 88
1652704580.123355, sdrt-health/mac:02010b41cdec/antenna/tag/e2806894000050038661fd4f, 97
1652704580.155223, sdrt-health/mac:02010b41cdec/antenna/tag/e2806894000040038661f94f, 81
1652704580.195976, sdrt-health/mac:02010b41cdec/antenna/tag/e2806894000040038662114f, 85
1652704580.26927, sdrt-health/mac:02010b41cdec/antenna/tag/e2806894000040038661f94f, 94
1652704580.269815, sdrt-health/mac:02010b41cdec/antenna/tag/e2806894000050038662154f, 88
1652704580.285351, sdrt-health/mac:02010b41cdec/antenna/tag/e2806894000040038661f94f, 81
1652704580.294797, sdrt-health/mac:02010b41cdec/antenna/tag/e28068940000500386620d4f, 97
1652704580.340597, sdrt-health/mac:02010b41cdec/antenna/tag/e28068940000500386620d4f, 83
1652704580.412007, sdrt-health/mac:02010b41cdec/antenna/tag/e28068940000500386620d4f, 83
1652704580.412344, sdrt-health/mac:02010b41cdec/antenna/tag/e28068940000500386620d4f, 97
1652704580.412657, sdrt-health/mac:02010b41cdec/antenna/tag/e28068940000400386621d4f, 90
1652704580.436015, sdrt-health/mac:02010b41cdec/antenna/tag/e28068940000400386621d4f, 77
1652704580.490669, sdrt-health/mac:02010b41cdec/antenna/tag/e28068940000500386620d4f, 91
1652704580.491204, sdrt-health/mac:02010b41cdec/antenna/tag/e2806894000050038662154f, 85
1652704580.505458, sdrt-health/mac:02010b41cdec/antenna/tag/e28068940000500386620d4f, 97
1652704580.542415, sdrt-health/mac:02010b41cdec/antenna/tag/e2806894000050038662154f, 85
1652704580.542635, sdrt-health/mac:02010b41cdec/antenna/tag/e2806894000040038662054f, 94
1652704580.571824, sdrt-health/mac:02010b41cdec/antenna/tag/e28068940000400386621d4f, 96
1652704580.632538, sdrt-health/mac:02010b41cdec/antenna/tag/e28068940000400386621d4f, 77
1652704580.633023, sdrt-health/mac:02010b41cdec/antenna/tag/e2806894000040038662114f, 88
1652704580.646842, sdrt-health/mac:02010b41cdec/antenna/tag/e2806894000050038662154f, 87
1652704580.647303, sdrt-health/mac:02010b41cdec/antenna/tag/e2806894000050038661fd4f, 88
1652704580.704719, sdrt-health/mac:02010b41cdec/antenna/tag/e28068940000400386621d4f, 96
1652704580.771931, sdrt-health/mac:02010b41cdec/antenna/tag/e28068940000400386621d4f, 96
1652704580.772475, sdrt-health/mac:02010b41cdec/antenna/tag/e2806894000040038662114f, 88
1652704580.786687, sdrt-health/mac:02010b41cdec/antenna/tag/e2806894000050038662154f, 85
1652704580.810741, sdrt-health/mac:02010b41cdec/antenna/tag/e2806894000040038662114f, 91
1652704580.855849, sdrt-health/mac:02010b41cdec/antenna/tag/e2806894000050038662194f, 81
1652704580.951172, sdrt-health/mac:02010b41cdec/antenna/tag/e28068940000400386621d4f, 96
1652704580.951637, sdrt-health/mac:02010b41cdec/antenna/tag/e2806894000040038662054f, 88
1652704580.980116, sdrt-health/mac:02010b41cdec/antenna/tag/e28068940000400386621d4f, 77
1652704581.096312, sdrt-health/mac:02010b41cdec/antenna/tag/e2806894000050038661fd4f, 83
1652704581.155947, sdrt-health/mac:02010b41cdec/antenna/tag/e2806894000050038661fd4f, 83
1652704581.156436, sdrt-health/mac:02010b41cdec/antenna/tag/e28068940000400386621d4f, 77
1652704581.196223, sdrt-health/mac:02010b41cdec/antenna/tag/e2806894000050038661fd4f, 83
1652704581.235556, sdrt-health/mac:02010b41cdec/antenna/tag/e2806894000050038662194f, 94
1652704581.276393, sdrt-health/mac:02010b41cdec/antenna/tag/e2806894000050038662194f, 83
1652704581.387489, sdrt-health/mac:02010b41cdec/antenna/tag/e2806894000050038662154f, 88
1652704581.388077, sdrt-health/mac:02010b41cdec/antenna/tag/e28068940000500386620d4f, 97
1652704581.416182, sdrt-health/mac:02010b41cdec/antenna/tag/e28068940000500386620d4f, 97
1652704581.47419, sdrt-health/mac:02010b41cdec/antenna/tag/e2806894000050038662154f, 87
1652704581.474725, sdrt-health/mac:02010b41cdec/antenna/tag/e28068940000400386621d4f, 96
1652704581.505823, sdrt-health/mac:02010b41cdec/antenna/tag/e2806894000050038662154f, 88
1652704581.571888, sdrt-health/mac:02010b41cdec/antenna/tag/e28068940000500386620d4f, 83
1652704581.572405, sdrt-health/mac:02010b41cdec/antenna/tag/e28068940000500386620d4f, 97
1652704581.595249, sdrt-health/mac:02010b41cdec/antenna/tag/e2806894000040038662054f, 94
1652704581.650561, sdrt-health/mac:02010b41cdec/antenna/tag/e2806894000050038661fd4f, 83
1652704581.651037, sdrt-health/mac:02010b41cdec/antenna/tag/e2806894000040038661f94f, 81
1652704581.665639, sdrt-health/mac:02010b41cdec/antenna/tag/e28068940000500386620d4f, 83
1652704581.676238, sdrt-health/mac:02010b41cdec/antenna/tag/e28068940000400386621d4f, 77
1652704581.734815, sdrt-health/mac:02010b41cdec/antenna/tag/e2806894000040038662114f, 85
1652704581.736077, sdrt-health/mac:02010b41cdec/antenna/tag/e2806894000050038662154f, 91
1652704581.779978, sdrt-health/mac:02010b41cdec/antenna/tag/e2806894000040038662114f, 85
1652704581.841318, sdrt-health/mac:02010b41cdec/antenna/tag/e28068940000500386620d4f, 83
1652704581.841782, sdrt-health/mac:02010b41cdec/antenna/tag/e28068940000400386621d4f, 96
1652704581.842118, sdrt-health/mac:02010b41cdec/antenna/tag/e28068940000500386620d4f, 83
1652704581.856345, sdrt-health/mac:02010b41cdec/antenna/tag/e2806894000050038662154f, 91
1652704581.875197, sdrt-health/mac:02010b41cdec/antenna/tag/e2806894000040038662114f, 85
1652704581.905361, sdrt-health/mac:02010b41cdec/antenna/tag/e2806894000040038662114f, 88
1652704581.905562, sdrt-health/mac:02010b41cdec/antenna/tag/e28068940000500386620d4f, 83
1652704581.930966, sdrt-health/mac:02010b41cdec/antenna/tag/e2806894000050038662194f, 84
1652704581.975493, sdrt-health/mac:02010b41cdec/antenna/tag/e28068940000500386620d4f, 83
1652704582.02058, sdrt-health/mac:02010b41cdec/antenna/tag/e28068940000400386621d4f, 96
1652704582.065961, sdrt-health/mac:02010b41cdec/antenna/tag/e2806894000040038662114f, 88
1652704582.115244, sdrt-health/mac:02010b41cdec/antenna/tag/e2806894000040038662114f, 88
1652704582.155965, sdrt-health/mac:02010b41cdec/antenna/tag/e2806894000040038662114f, 88
1652704582.252201, sdrt-health/mac:02010b41cdec/antenna/tag/e2806894000050038662154f, 88
1652704582.252703, sdrt-health/mac:02010b41cdec/antenna/tag/e2806894000040038662214f, 81
1652704582.276266, sdrt-health/mac:02010b41cdec/antenna/tag/e28068940000400386621d4f, 77
1652704582.360702, sdrt-health/mac:02010b41cdec/antenna/tag/e2806894000050038661fd4f, 91
1652704582.361215, sdrt-health/mac:02010b41cdec/antenna/tag/e2806894000040038662214f, 82
1652704582.388373, sdrt-health/mac:02010b41cdec/antenna/tag/e2806894000050038662154f, 93
1652704582.43558, sdrt-health/mac:02010b41cdec/antenna/tag/e28068940000500386620d4f, 97
1652704582.476544, sdrt-health/mac:02010b41cdec/antenna/tag/e2806894000050038662154f, 88
1652704582.515768, sdrt-health/mac:02010b41cdec/antenna/tag/e2806894000050038661fd4f, 83
1652704582.571642, sdrt-health/mac:02010b41cdec/antenna/tag/e28068940000500386620d4f, 97
1652704582.57209, sdrt-health/mac:02010b41cdec/antenna/tag/e2806894000050038661fd4f, 83
1652704582.57314, sdrt-health/mac:02010b41cdec/antenna/tag/e28068940000400386621d4f, 77
1652704582.573575, sdrt-health/mac:02010b41cdec/antenna/tag/e28068940000500386620d4f, 83
1652704582.634372, sdrt-health/mac:02010b41cdec/antenna/tag/e2806894000040038662114f, 88
1652704582.686726, sdrt-health/mac:02010b41cdec/antenna/tag/e28068940000400386621d4f, 77
1652704582.74712, sdrt-health/mac:02010b41cdec/antenna/tag/e28068940000500386620d4f, 83
1652704582.747918, sdrt-health/mac:02010b41cdec/antenna/tag/e28068940000400386621d4f, 96
1652704582.775679, sdrt-health/mac:02010b41cdec/antenna/tag/e2806894000050038662194f, 88
1652704582.83467, sdrt-health/mac:02010b41cdec/antenna/tag/e2806894000050038661fd4f, 83
1652704582.835105, sdrt-health/mac:02010b41cdec/antenna/tag/e2806894000050038662194f, 87
1652704582.849023, sdrt-health/mac:02010b41cdec/antenna/tag/e2806894000050038662194f, 83
1652704582.868777, sdrt-health/mac:02010b41cdec/antenna/tag/e28068940000400386621d4f, 77
1652704582.9163, sdrt-health/mac:02010b41cdec/antenna/tag/e28068940000500386620d4f, 83
1652704582.956169, sdrt-health/mac:02010b41cdec/antenna/tag/e2806894000050038662154f, 87
1652704583.193202, sdrt-health/mac:02010b41cdec/antenna/tag/e2806894000040038662114f, 85
1652704583.25318, sdrt-health/mac:02010b41cdec/antenna/tag/e2806894000040038662114f, 85
1652704583.284309, sdrt-health/mac:02010b41cdec/antenna/tag/e2806894000040038662114f, 88
1652704583.28459, sdrt-health/mac:02010b41cdec/antenna/tag/e2806894000050038662154f, 85
1652704583.284788, sdrt-health/mac:02010b41cdec/antenna/tag/e28068940000400386621d4f, 77
1652704583.284973, sdrt-health/mac:02010b41cdec/antenna/tag/e2806894000050038661fd4f, 83
1652704583.285178, sdrt-health/mac:02010b41cdec/antenna/tag/e28068940000500386620d4f, 83
1652704583.285364, sdrt-health/mac:02010b41cdec/antenna/tag/e28068940000400386621d4f, 96
1652704583.285548, sdrt-health/mac:02010b41cdec/antenna/tag/e2806894000040038662114f, 85
1652704583.285731, sdrt-health/mac:02010b41cdec/antenna/tag/e28068940000400386621d4f, 96
1652704583.285919, sdrt-health/mac:02010b41cdec/antenna/tag/e2806894000050038662154f, 85
1652704583.328418, sdrt-health/mac:02010b41cdec/antenna/tag/e2806894000050038661fd4f, 97
1652704583.361089, sdrt-health/mac:02010b41cdec/antenna/tag/e2806894000050038661fd4f, 97
1652704583.361295, sdrt-health/mac:02010b41cdec/antenna/tag/e2806894000040038662054f, 88
1652704583.361409, sdrt-health/mac:02010b41cdec/antenna/tag/e2806894000050038661fd4f, 83
1652704583.361523, sdrt-health/mac:02010b41cdec/antenna/tag/e28068940000500386620d4f, 86
1652704583.406243, sdrt-health/mac:02010b41cdec/antenna/tag/e2806894000050038662194f, 93
1652704583.451606, sdrt-health/mac:02010b41cdec/antenna/tag/e2806894000050038662154f, 85
1652704583.512899, sdrt-health/mac:02010b41cdec/antenna/tag/e28068940000400386621d4f, 77
1652704583.513432, sdrt-health/mac:02010b41cdec/antenna/tag/e28068940000400386621d4f, 77
1652704583.529559, sdrt-health/mac:02010b41cdec/antenna/tag/e2806894000050038662194f, 82
1652704583.540747, sdrt-health/mac:02010b41cdec/antenna/tag/e2806894000040038661f94f, 82
1652704583.588827, sdrt-health/mac:02010b41cdec/antenna/tag/e28068940000400386621d4f, 77
1652704583.660897, sdrt-health/mac:02010b41cdec/antenna/tag/e2806894000040038662114f, 88
1652704583.661397, sdrt-health/mac:02010b41cdec/antenna/tag/e2806894000040038661f94f, 103
1652704583.661731, sdrt-health/mac:02010b41cdec/antenna/tag/e28068940000500386620d4f, 83
1652704583.662085, sdrt-health/mac:02010b41cdec/antenna/tag/e2806894000040038662114f, 85
1652704583.714557, sdrt-health/mac:02010b41cdec/antenna/tag/e2806894000050038661fd4f, 91
1652704583.755762, sdrt-health/mac:02010b41cdec/antenna/tag/e2806894000050038662194f, 84
1652704583.795167, sdrt-health/mac:02010b41cdec/antenna/tag/e2806894000040038662214f, 88
1652704583.835602, sdrt-health/mac:02010b41cdec/antenna/tag/e2806894000050038662154f, 93
1652704583.837296, sdrt-health/mac:02010b41cdec/antenna/tag/e2806894000050038661fd4f, 91
1652704583.906697, sdrt-health/mac:02010b41cdec/antenna/tag/e28068940000400386621d4f, 77
1652704584.099951, sdrt-health/mac:02010b41cdec/antenna/tag/e2806894000040038662114f, 88
1652704584.146351, sdrt-health/mac:02010b41cdec/antenna/tag/e2806894000050038662154f, 85
1652704584.205487, sdrt-health/mac:02010b41cdec/antenna/tag/e2806894000040038662054f, 84
1652704584.260629, sdrt-health/mac:02010b41cdec/antenna/tag/e2806894000050038661fd4f, 83
1652704584.291688, sdrt-health/mac:02010b41cdec/antenna/tag/e2806894000050038661fd4f, 97
1652704584.291913, sdrt-health/mac:02010b41cdec/antenna/tag/e2806894000040038662054f, 88
1652704584.292046, sdrt-health/mac:02010b41cdec/antenna/tag/e2806894000050038662154f, 85
1652704584.306762, sdrt-health/mac:02010b41cdec/antenna/tag/e2806894000050038661fd4f, 97
1652704584.366278, sdrt-health/mac:02010b41cdec/antenna/tag/e2806894000050038662154f, 88
1652704584.36653, sdrt-health/mac:02010b41cdec/antenna/tag/e2806894000050038661fd4f, 97
1652704584.411584, sdrt-health/mac:02010b41cdec/antenna/tag/e28068940000400386621d4f, 96
1652704584.46565, sdrt-health/mac:02010b41cdec/antenna/tag/e2806894000050038662154f, 85
1652704584.515883, sdrt-health/mac:02010b41cdec/antenna/tag/e2806894000040038662114f, 85
1652704584.554803, sdrt-health/mac:02010b41cdec/antenna/tag/e2806894000050038662194f, 81
1652704584.595532, sdrt-health/mac:02010b41cdec/antenna/tag/e2806894000040038662054f, 81
1652704584.652443, sdrt-health/mac:02010b41cdec/antenna/tag/e2806894000050038661fd4f, 83
1652704584.652996, sdrt-health/mac:02010b41cdec/antenna/tag/e28068940000400386621d4f, 96
1652704584.699859, sdrt-health/mac:02010b41cdec/antenna/tag/e2806894000050038661fd4f, 83
1652704584.747635, sdrt-health/mac:02010b41cdec/antenna/tag/e28068940000400386621d4f, 96
1652704584.785404, sdrt-health/mac:02010b41cdec/antenna/tag/e2806894000040038662114f, 88
1652704584.866766, sdrt-health/mac:02010b41cdec/antenna/tag/e28068940000400386621d4f, 77
1652704584.915548, sdrt-health/mac:02010b41cdec/antenna/tag/e2806894000040038662114f, 85
1652704584.970276, sdrt-health/mac:02010b41cdec/antenna/tag/e28068940000500386620d4f, 83
1652704584.970497, sdrt-health/mac:02010b41cdec/antenna/tag/e28068940000500386620d4f, 83
1652704584.99608, sdrt-health/mac:02010b41cdec/antenna/tag/e28068940000400386621d4f, 77
1652704585.035459, sdrt-health/mac:02010b41cdec/antenna/tag/e2806894000050038661fd4f, 88
1652704585.075918, sdrt-health/mac:02010b41cdec/antenna/tag/e28068940000400386621d4f, 77
1652704585.115395, sdrt-health/mac:02010b41cdec/antenna/tag/e28068940000400386621d4f, 77
1652704585.116634, sdrt-health/mac:02010b41cdec/antenna/tag/e28068940000500386620d4f, 83
1652704585.1643, sdrt-health/mac:02010b41cdec/antenna/tag/e2806894000040038662114f, 85
1652704585.226043, sdrt-health/mac:02010b41cdec/antenna/tag/e2806894000040038662114f, 88
1652704585.267246, sdrt-health/mac:02010b41cdec/antenna/tag/e2806894000040038662114f, 85
1652704585.315607, sdrt-health/mac:02010b41cdec/antenna/tag/e28068940000500386620d4f, 83
1652704585.371217, sdrt-health/mac:02010b41cdec/antenna/tag/e28068940000400386621d4f, 77
1652704585.416501, sdrt-health/mac:02010b41cdec/antenna/tag/e2806894000050038662154f, 85
1652704585.46048, sdrt-health/mac:02010b41cdec/antenna/tag/e2806894000040038662114f, 85
1652704585.522108, sdrt-health/mac:02010b41cdec/antenna/tag/e2806894000050038662194f, 94
1652704585.522558, sdrt-health/mac:02010b41cdec/antenna/tag/e2806894000040038662054f, 88
1652704585.537079, sdrt-health/mac:02010b41cdec/antenna/tag/e2806894000040038662114f, 85
1652704585.555554, sdrt-health/mac:02010b41cdec/antenna/tag/e28068940000500386620d4f, 83
1652704585.614814, sdrt-health/mac:02010b41cdec/antenna/tag/e2806894000040038662054f, 81
1652704585.65582, sdrt-health/mac:02010b41cdec/antenna/tag/e2806894000050038661fd4f, 91
1652704585.686685, sdrt-health/mac:02010b41cdec/antenna/tag/e2806894000050038661fd4f, 91
1652704585.687309, sdrt-health/mac:02010b41cdec/antenna/tag/e28068940000400386621d4f, 96
1652704585.745491, sdrt-health/mac:02010b41cdec/antenna/tag/e28068940000500386620d4f, 83
1652704585.79661, sdrt-health/mac:02010b41cdec/antenna/tag/e2806894000050038662194f, 81
1652704585.836799, sdrt-health/mac:02010b41cdec/antenna/tag/e28068940000400386621d4f, 96
1652704585.891764, sdrt-health/mac:02010b41cdec/antenna/tag/e2806894000040038662114f, 91
1652704585.892289, sdrt-health/mac:02010b41cdec/antenna/tag/e2806894000040038662114f, 85
1652704585.907308, sdrt-health/mac:02010b41cdec/antenna/tag/e2806894000050038661fd4f, 91
1652704585.916494, sdrt-health/mac:02010b41cdec/antenna/tag/e2806894000040038662114f, 88
1652704585.95616, sdrt-health/mac:02010b41cdec/antenna/tag/e2806894000040038662114f, 93
1652704585.997591, sdrt-health/mac:02010b41cdec/antenna/tag/e2806894000050038661fd4f, 91
1652704586.06307, sdrt-health/mac:02010b41cdec/antenna/tag/e28068940000500386620d4f, 83
1652704586.06339, sdrt-health/mac:02010b41cdec/antenna/tag/e2806894000040038662114f, 93
1652704586.079239, sdrt-health/mac:02010b41cdec/antenna/tag/e2806894000050038661fd4f, 91
1652704586.130944, sdrt-health/mac:02010b41cdec/antenna/tag/e28068940000500386620d4f, 86
1652704586.131142, sdrt-health/mac:02010b41cdec/antenna/tag/e2806894000050038662194f, 81
1652704586.156246, sdrt-health/mac:02010b41cdec/antenna/tag/e2806894000050038662194f, 88
1652704586.194968, sdrt-health/mac:02010b41cdec/antenna/tag/e2806894000050038661fd4f, 97
1652704586.236636, sdrt-health/mac:02010b41cdec/antenna/tag/e28068940000500386620d4f, 83
1652704586.291957, sdrt-health/mac:02010b41cdec/antenna/tag/e2806894000050038662154f, 88
1652704586.292402, sdrt-health/mac:02010b41cdec/antenna/tag/e2806894000040038662114f, 88
1652704586.317266, sdrt-health/mac:02010b41cdec/antenna/tag/e2806894000050038662194f, 81
1652704586.364263, sdrt-health/mac:02010b41cdec/antenna/tag/e2806894000050038662194f, 83
1652704586.412144, sdrt-health/mac:02010b41cdec/antenna/tag/e2806894000040038662114f, 85
1652704586.456265, sdrt-health/mac:02010b41cdec/antenna/tag/e2806894000050038662154f, 91
1652704586.508214, sdrt-health/mac:02010b41cdec/antenna/tag/e28068940000400386621d4f, 96
1652704586.57436, sdrt-health/mac:02010b41cdec/antenna/tag/e2806894000040038662114f, 93
1652704586.574847, sdrt-health/mac:02010b41cdec/antenna/tag/e2806894000040038661f94f, 81
1652704586.595775, sdrt-health/mac:02010b41cdec/antenna/tag/e2806894000050038662154f, 91
1652704586.65212, sdrt-health/mac:02010b41cdec/antenna/tag/e2806894000040038661f94f, 88
1652704586.652442, sdrt-health/mac:02010b41cdec/antenna/tag/e2806894000050038661fd4f, 83
1652704586.685596, sdrt-health/mac:02010b41cdec/antenna/tag/e2806894000040038661f94f, 94
1652704586.813137, sdrt-health/mac:02010b41cdec/antenna/tag/e2806894000050038662154f, 88
1652704586.856643, sdrt-health/mac:02010b41cdec/antenna/tag/e2806894000050038662154f, 88
1652704586.973673, sdrt-health/mac:02010b41cdec/antenna/tag/e28068940000400386621d4f, 90
1652704586.974178, sdrt-health/mac:02010b41cdec/antenna/tag/e2806894000040038662054f, 88
1652704587.036687, sdrt-health/mac:02010b41cdec/antenna/tag/e2806894000040038662114f, 93
1652704587.07738, sdrt-health/mac:02010b41cdec/antenna/tag/e2806894000050038661fd4f, 91
1652704587.132865, sdrt-health/mac:02010b41cdec/antenna/tag/e28068940000500386620d4f, 97
1652704587.133347, sdrt-health/mac:02010b41cdec/antenna/tag/e2806894000050038662154f, 88
1652704587.148573, sdrt-health/mac:02010b41cdec/antenna/tag/e28068940000400386621d4f, 77
1652704587.148918, sdrt-health/mac:02010b41cdec/antenna/tag/e28068940000500386620d4f, 97
1652704587.398183, sdrt-health/mac:02010b41cdec/antenna/tag/e2806894000050038662154f, 85
1652704587.429759, sdrt-health/mac:02010b41cdec/antenna/tag/e2806894000050038661fd4f, 97
1652704587.430328, sdrt-health/mac:02010b41cdec/antenna/tag/e2806894000050038662194f, 88
1652704587.430805, sdrt-health/mac:02010b41cdec/antenna/tag/e2806894000040038662054f, 94
1652704587.431174, sdrt-health/mac:02010b41cdec/antenna/tag/e28068940000500386620d4f, 83
1652704587.431572, sdrt-health/mac:02010b41cdec/antenna/tag/e2806894000040038662114f, 88
1652704587.431927, sdrt-health/mac:02010b41cdec/antenna/tag/e2806894000050038662154f, 85
1652704587.432269, sdrt-health/mac:02010b41cdec/antenna/tag/e2806894000050038661fd4f, 83
1652704587.432646, sdrt-health/mac:02010b41cdec/antenna/tag/e2806894000050038662194f, 83
1652704587.460996, sdrt-health/mac:02010b41cdec/antenna/tag/e28068940000400386621d4f, 77
1652704587.524776, sdrt-health/mac:02010b41cdec/antenna/tag/e2806894000040038661f94f, 82
1652704587.525263, sdrt-health/mac:02010b41cdec/antenna/tag/e2806894000050038662154f, 93
1652704587.555367, sdrt-health/mac:02010b41cdec/antenna/tag/e28068940000500386620d4f, 91
1652704587.556307, sdrt-health/mac:02010b41cdec/antenna/tag/e2806894000050038662154f, 88
1652704587.612716, sdrt-health/mac:02010b41cdec/antenna/tag/e2806894000040038662114f, 88
1652704587.672827, sdrt-health/mac:02010b41cdec/antenna/tag/e2806894000050038661fd4f, 83
1652704587.673348, sdrt-health/mac:02010b41cdec/antenna/tag/e2806894000050038662154f, 91
1652704587.688207, sdrt-health/mac:02010b41cdec/antenna/tag/e28068940000400386621d4f, 96
1652704587.700093, sdrt-health/mac:02010b41cdec/antenna/tag/e2806894000050038662014f, 88
1652704587.746973, sdrt-health/mac:02010b41cdec/antenna/tag/e2806894000050038662194f, 83
1652704587.797309, sdrt-health/mac:02010b41cdec/antenna/tag/e2806894000050038662154f, 88
1652704587.851976, sdrt-health/mac:02010b41cdec/antenna/tag/e2806894000050038662154f, 88
1652704587.852526, sdrt-health/mac:02010b41cdec/antenna/tag/e2806894000040038662054f, 84
1652704587.876137, sdrt-health/mac:02010b41cdec/antenna/tag/e28068940000400386621d4f, 77
1652704587.932064, sdrt-health/mac:02010b41cdec/antenna/tag/e28068940000400386621d4f, 77
1652704587.993682, sdrt-health/mac:02010b41cdec/antenna/tag/e28068940000500386620d4f, 83
1652704587.994339, sdrt-health/mac:02010b41cdec/antenna/tag/e2806894000050038661fd4f, 83
1652704588.020771, sdrt-health/mac:02010b41cdec/antenna/tag/e28068940000400386621d4f, 96
1652704588.066246, sdrt-health/mac:02010b41cdec/antenna/tag/e2806894000040038662054f, 81
1652704588.116181, sdrt-health/mac:02010b41cdec/antenna/tag/e2806894000050038661fd4f, 97
1652704588.180983, sdrt-health/mac:02010b41cdec/antenna/tag/e2806894000050038662154f, 88
1652704588.228612, sdrt-health/mac:02010b41cdec/antenna/tag/e2806894000050038662154f, 88
1652704588.260578, sdrt-health/mac:02010b41cdec/antenna/tag/e28068940000500386620d4f, 83
1652704588.260948, sdrt-health/mac:02010b41cdec/antenna/tag/e2806894000050038662154f, 91
1652704588.296797, sdrt-health/mac:02010b41cdec/antenna/tag/e2806894000040038662054f, 94
1652704588.33981, sdrt-health/mac:02010b41cdec/antenna/tag/e2806894000050038662194f, 81
1652704588.386799, sdrt-health/mac:02010b41cdec/antenna/tag/e2806894000050038661fd4f, 97
1652704588.471013, sdrt-health/mac:02010b41cdec/antenna/tag/e2806894000050038662154f, 93
1652704588.47151, sdrt-health/mac:02010b41cdec/antenna/tag/e2806894000040038662114f, 85
1652704588.487556, sdrt-health/mac:02010b41cdec/antenna/tag/e2806894000040038662114f, 85
1652704588.504419, sdrt-health/mac:02010b41cdec/antenna/tag/e2806894000040038662114f, 85
1652704588.547543, sdrt-health/mac:02010b41cdec/antenna/tag/e2806894000040038662114f, 85
1652704588.626533, sdrt-health/mac:02010b41cdec/antenna/tag/e2806894000050038661fd4f, 83
1652704588.676355, sdrt-health/mac:02010b41cdec/antenna/tag/e28068940000400386621d4f, 96
1652704588.756591, sdrt-health/mac:02010b41cdec/antenna/tag/e2806894000040038662114f, 88
1652704588.756929, sdrt-health/mac:02010b41cdec/antenna/tag/e2806894000040038662114f, 85
1652704588.785825, sdrt-health/mac:02010b41cdec/antenna/tag/e28068940000400386621d4f, 77
1652704588.83725, sdrt-health/mac:02010b41cdec/antenna/tag/e2806894000040038662114f, 88
1652704588.869692, sdrt-health/mac:02010b41cdec/antenna/tag/e2806894000050038662154f, 85
1652704588.87006, sdrt-health/mac:02010b41cdec/antenna/tag/e2806894000050038662194f, 84
1652704588.889739, sdrt-health/mac:02010b41cdec/antenna/tag/e2806894000050038662194f, 110
1652704588.915727, sdrt-health/mac:02010b41cdec/antenna/tag/e28068940000500386620d4f, 83
1652704588.916101, sdrt-health/mac:02010b41cdec/antenna/tag/e2806894000050038661fd4f, 91
1652704588.931315, sdrt-health/mac:02010b41cdec/antenna/tag/e2806894000050038662194f, 84
1652704588.961549, sdrt-health/mac:02010b41cdec/antenna/tag/e2806894000040038662114f, 85
1652704588.996973, sdrt-health/mac:02010b41cdec/antenna/tag/e28068940000400386621d4f, 77
1652704589.051419, sdrt-health/mac:02010b41cdec/antenna/tag/e2806894000050038661fd4f, 91
1652704589.051906, sdrt-health/mac:02010b41cdec/antenna/tag/e2806894000050038662194f, 81
1652704589.066181, sdrt-health/mac:02010b41cdec/antenna/tag/e28068940000400386621d4f, 96
1652704589.096067, sdrt-health/mac:02010b41cdec/antenna/tag/e28068940000500386620d4f, 83
1652704589.096328, sdrt-health/mac:02010b41cdec/antenna/tag/e2806894000040038662114f, 85
1652704589.096534, sdrt-health/mac:02010b41cdec/antenna/tag/e2806894000050038662154f, 88
1652704589.096716, sdrt-health/mac:02010b41cdec/antenna/tag/e28068940000400386621d4f, 96
1652704589.131207, sdrt-health/mac:02010b41cdec/antenna/tag/e28068940000400386621d4f, 96
1652704589.177316, sdrt-health/mac:02010b41cdec/antenna/tag/e2806894000050038662154f, 88
1652704589.22145, sdrt-health/mac:02010b41cdec/antenna/tag/e2806894000040038662114f, 85
1652704589.283048, sdrt-health/mac:02010b41cdec/antenna/tag/e2806894000050038661fd4f, 83
1652704589.283551, sdrt-health/mac:02010b41cdec/antenna/tag/e2806894000050038662194f, 94
1652704589.315855, sdrt-health/mac:02010b41cdec/antenna/tag/e2806894000050038662154f, 85
1652704589.379616, sdrt-health/mac:02010b41cdec/antenna/tag/e2806894000040038662054f, 81
1652704589.433386, sdrt-health/mac:02010b41cdec/antenna/tag/e2806894000050038661fd4f, 91
1652704589.49246, sdrt-health/mac:02010b41cdec/antenna/tag/e2806894000050038661fd4f, 97
1652704589.492929, sdrt-health/mac:02010b41cdec/antenna/tag/e2806894000050038662154f, 85
1652704589.507188, sdrt-health/mac:02010b41cdec/antenna/tag/e2806894000040038662114f, 85
1652704589.516189, sdrt-health/mac:02010b41cdec/antenna/tag/e2806894000040038662114f, 85
1652704589.52319, sdrt-health/mac:02010b41cdec/antenna/tag/e2806894000050038662154f, 85
1652704589.523427, sdrt-health/mac:02010b41cdec/antenna/tag/e28068940000500386620d4f, 83
1652704589.55712, sdrt-health/mac:02010b41cdec/antenna/tag/e2806894000050038661fd4f, 97
1652704589.653916, sdrt-health/mac:02010b41cdec/antenna/tag/e28068940000400386621d4f, 96
1652704589.703287, sdrt-health/mac:02010b41cdec/antenna/tag/e28068940000500386620d4f, 83
1652704589.762621, sdrt-health/mac:02010b41cdec/antenna/tag/e2806894000050038662154f, 91
1652704589.763118, sdrt-health/mac:02010b41cdec/antenna/tag/e28068940000400386621d4f, 96
1652704589.763488, sdrt-health/mac:02010b41cdec/antenna/tag/e28068940000500386620d4f, 97
1652704589.795815, sdrt-health/mac:02010b41cdec/antenna/tag/e28068940000500386620d4f, 86
1652704589.796281, sdrt-health/mac:02010b41cdec/antenna/tag/e2806894000050038661fd4f, 91
1652704589.835414, sdrt-health/mac:02010b41cdec/antenna/tag/e28068940000400386621d4f, 77
1652704589.875527, sdrt-health/mac:02010b41cdec/antenna/tag/e28068940000500386620d4f, 83
1652704589.932123, sdrt-health/mac:02010b41cdec/antenna/tag/e28068940000500386620d4f, 97
1652704589.975632, sdrt-health/mac:02010b41cdec/antenna/tag/e2806894000050038662154f, 88
1652704589.976008, sdrt-health/mac:02010b41cdec/antenna/tag/e28068940000500386620d4f, 86
1652704590.051629, sdrt-health/mac:02010b41cdec/antenna/tag/e2806894000050038662194f, 81
1652704590.05185, sdrt-health/mac:02010b41cdec/antenna/tag/e28068940000500386620d4f, 83
1652704590.076768, sdrt-health/mac:02010b41cdec/antenna/tag/e2806894000040038662114f, 85
1652704590.11581, sdrt-health/mac:02010b41cdec/antenna/tag/e2806894000040038662114f, 85
1652704590.171784, sdrt-health/mac:02010b41cdec/antenna/tag/e2806894000050038661fd4f, 91
1652704590.216387, sdrt-health/mac:02010b41cdec/antenna/tag/e28068940000400386621d4f, 77
1652704590.218367, sdrt-health/mac:02010b41cdec/antenna/tag/e28068940000500386620d4f, 83
1652704590.231819, sdrt-health/mac:02010b41cdec/antenna/tag/e2806894000050038662154f, 93
1652704590.232194, sdrt-health/mac:02010b41cdec/antenna/tag/e28068940000500386620d4f, 83
1652704590.2594, sdrt-health/mac:02010b41cdec/antenna/tag/e2806894000050038661fd4f, 91
1652704590.306985, sdrt-health/mac:02010b41cdec/antenna/tag/e2806894000050038662154f, 93
1652704590.35553, sdrt-health/mac:02010b41cdec/antenna/tag/e28068940000500386620d4f, 83
1652704590.411647, sdrt-health/mac:02010b41cdec/antenna/tag/e28068940000400386621d4f, 80
1652704590.412134, sdrt-health/mac:02010b41cdec/antenna/tag/e2806894000050038662154f, 87
1652704590.435555, sdrt-health/mac:02010b41cdec/antenna/tag/e28068940000400386621d4f, 77
1652704590.489306, sdrt-health/mac:02010b41cdec/antenna/tag/e28068940000500386620d4f, 83
1652704590.489618, sdrt-health/mac:02010b41cdec/antenna/tag/e2806894000050038662194f, 81
1652704590.504112, sdrt-health/mac:02010b41cdec/antenna/tag/e28068940000500386620d4f, 83
1652704590.516511, sdrt-health/mac:02010b41cdec/antenna/tag/e2806894000050038662194f, 94
1652704590.518986, sdrt-health/mac:02010b41cdec/antenna/tag/e2806894000050038661fd4f, 97
1652704590.556395, sdrt-health/mac:02010b41cdec/antenna/tag/e2806894000050038662154f, 93
1652704590.588567, sdrt-health/mac:02010b41cdec/antenna/tag/e28068940000400386621d4f, 77
1652704590.588918, sdrt-health/mac:02010b41cdec/antenna/tag/e2806894000050038662194f, 81
1652704590.604137, sdrt-health/mac:02010b41cdec/antenna/tag/e28068940000500386620d4f, 83
1652704590.636066, sdrt-health/mac:02010b41cdec/antenna/tag/e2806894000050038662154f, 87
1652704590.684036, sdrt-health/mac:02010b41cdec/antenna/tag/e2806894000050038662154f, 88
1652704590.748461, sdrt-health/mac:02010b41cdec/antenna/tag/e2806894000040038662114f, 85
1652704590.749004, sdrt-health/mac:02010b41cdec/antenna/tag/e2806894000050038661fd4f, 97
1652704590.778323, sdrt-health/mac:02010b41cdec/antenna/tag/e28068940000400386621d4f, 96
1652704590.856249, sdrt-health/mac:02010b41cdec/antenna/tag/e2806894000040038662054f, 81
1652704590.857983, sdrt-health/mac:02010b41cdec/antenna/tag/e2806894000040038662114f, 88
1652704590.876186, sdrt-health/mac:02010b41cdec/antenna/tag/e28068940000500386620d4f, 83
1652704590.932027, sdrt-health/mac:02010b41cdec/antenna/tag/e2806894000040038662114f, 88
1652704590.932528, sdrt-health/mac:02010b41cdec/antenna/tag/e2806894000050038662194f, 81
1652704590.94786, sdrt-health/mac:02010b41cdec/antenna/tag/e2806894000050038661fd4f, 91
1652704590.957713, sdrt-health/mac:02010b41cdec/antenna/tag/e2806894000050038661fd4f, 91
1652704590.964109, sdrt-health/mac:02010b41cdec/antenna/tag/e2806894000050038662194f, 83
1652704590.997401, sdrt-health/mac:02010b41cdec/antenna/tag/e2806894000050038662154f, 87
1652704591.053383, sdrt-health/mac:02010b41cdec/antenna/tag/e2806894000040038662114f, 93
1652704591.053839, sdrt-health/mac:02010b41cdec/antenna/tag/e2806894000040038662114f, 85
1652704591.077269, sdrt-health/mac:02010b41cdec/antenna/tag/e2806894000040038662114f, 88
1652704591.134487, sdrt-health/mac:02010b41cdec/antenna/tag/e2806894000050038662154f, 88
1652704591.134938, sdrt-health/mac:02010b41cdec/antenna/tag/e2806894000050038661fd4f, 83
1652704591.14963, sdrt-health/mac:02010b41cdec/antenna/tag/e2806894000040038662054f, 94
1652704591.212976, sdrt-health/mac:02010b41cdec/antenna/tag/e2806894000040038662054f, 93
1652704591.255783, sdrt-health/mac:02010b41cdec/antenna/tag/e2806894000050038662154f, 85
1652704591.319381, sdrt-health/mac:02010b41cdec/antenna/tag/e28068940000500386620d4f, 97
1652704591.356803, sdrt-health/mac:02010b41cdec/antenna/tag/e2806894000040038662114f, 85
1652704591.396405, sdrt-health/mac:02010b41cdec/antenna/tag/e2806894000050038662154f, 85
1652704591.453589, sdrt-health/mac:02010b41cdec/antenna/tag/e28068940000500386620d4f, 83
1652704591.453801, sdrt-health/mac:02010b41cdec/antenna/tag/e2806894000050038662194f, 94
1652704591.475943, sdrt-health/mac:02010b41cdec/antenna/tag/e28068940000400386621d4f, 77
1652704591.525844, sdrt-health/mac:02010b41cdec/antenna/tag/e28068940000500386620d4f, 83
1652704591.55661, sdrt-health/mac:02010b41cdec/antenna/tag/e28068940000500386620d4f, 86
1652704591.596469, sdrt-health/mac:02010b41cdec/antenna/tag/e28068940000500386620d4f, 83
1652704591.636823, sdrt-health/mac:02010b41cdec/antenna/tag/e28068940000400386621d4f, 77
1652704591.692663, sdrt-health/mac:02010b41cdec/antenna/tag/e28068940000500386620d4f, 83
1652704591.736727, sdrt-health/mac:02010b41cdec/antenna/tag/e28068940000400386621d4f, 96
1652704591.795586, sdrt-health/mac:02010b41cdec/antenna/tag/e2806894000040038662114f, 85
1652704591.796154, sdrt-health/mac:02010b41cdec/antenna/tag/e2806894000050038662154f, 91
1652704591.810782, sdrt-health/mac:02010b41cdec/antenna/tag/e2806894000050038661fd4f, 91
1652704591.811253, sdrt-health/mac:02010b41cdec/antenna/tag/e28068940000500386620d4f, 83
1652704591.834788, sdrt-health/mac:02010b41cdec/antenna/tag/e28068940000500386620d4f, 97
1652704591.877058, sdrt-health/mac:02010b41cdec/antenna/tag/e28068940000500386620d4f, 83
1652704591.909936, sdrt-health/mac:02010b41cdec/antenna/tag/e2806894000050038662154f, 85
1652704591.910258, sdrt-health/mac:02010b41cdec/antenna/tag/e2806894000050038662194f, 81
1652704591.926181, sdrt-health/mac:02010b41cdec/antenna/tag/e2806894000050038661fd4f, 91
1652704591.956888, sdrt-health/mac:02010b41cdec/antenna/tag/e28068940000400386621d4f, 77
1652704591.996646, sdrt-health/mac:02010b41cdec/antenna/tag/e2806894000040038662114f, 88
1652704592.044668, sdrt-health/mac:02010b41cdec/antenna/tag/e2806894000050038661fd4f, 83
1652704592.077017, sdrt-health/mac:02010b41cdec/antenna/tag/e2806894000050038662154f, 88
1652704592.077247, sdrt-health/mac:02010b41cdec/antenna/tag/e2806894000040038662054f, 84
1652704592.099912, sdrt-health/mac:02010b41cdec/antenna/tag/e2806894000040038662054f, 81
1652704592.145339, sdrt-health/mac:02010b41cdec/antenna/tag/e28068940000500386620d4f, 83
1652704592.19696, sdrt-health/mac:02010b41cdec/antenna/tag/e2806894000040038662054f, 81
1652704592.252358, sdrt-health/mac:02010b41cdec/antenna/tag/e2806894000050038662194f, 87
1652704592.297085, sdrt-health/mac:02010b41cdec/antenna/tag/e2806894000050038661fd4f, 83
1652704592.349574, sdrt-health/mac:02010b41cdec/antenna/tag/e28068940000400386621d4f, 77
1652704592.381707, sdrt-health/mac:02010b41cdec/antenna/tag/e2806894000050038661fd4f, 97
1652704592.381879, sdrt-health/mac:02010b41cdec/antenna/tag/e2806894000050038662154f, 91
1652704592.396367, sdrt-health/mac:02010b41cdec/antenna/tag/e2806894000040038662114f, 85
1652704592.396644, sdrt-health/mac:02010b41cdec/antenna/tag/e2806894000050038662154f, 85
1652704592.436514, sdrt-health/mac:02010b41cdec/antenna/tag/e28068940000400386621d4f, 96
1652704592.496048, sdrt-health/mac:02010b41cdec/antenna/tag/e28068940000500386620d4f, 83
1652704592.49636, sdrt-health/mac:02010b41cdec/antenna/tag/e28068940000400386621d4f, 96
1652704592.523522, sdrt-health/mac:02010b41cdec/antenna/tag/e28068940000400386621d4f, 77
1652704592.586261, sdrt-health/mac:02010b41cdec/antenna/tag/e2806894000040038662114f, 88
1652704592.625473, sdrt-health/mac:02010b41cdec/antenna/tag/e2806894000040038662114f, 85
1652704592.676392, sdrt-health/mac:02010b41cdec/antenna/tag/e28068940000400386621d4f, 96
1652704592.732661, sdrt-health/mac:02010b41cdec/antenna/tag/e2806894000050038662154f, 88
1652704592.733328, sdrt-health/mac:02010b41cdec/antenna/tag/e2806894000050038662194f, 81
1652704592.748199, sdrt-health/mac:02010b41cdec/antenna/tag/e28068940000400386621d4f, 96
1652704592.748464, sdrt-health/mac:02010b41cdec/antenna/tag/e28068940000500386620d4f, 97
1652704592.756776, sdrt-health/mac:02010b41cdec/antenna/tag/e28068940000500386620d4f, 86
1652704592.795822, sdrt-health/mac:02010b41cdec/antenna/tag/e2806894000050038661fd4f, 97
1652704592.851618, sdrt-health/mac:02010b41cdec/antenna/tag/e2806894000050038662154f, 85
1652704592.852014, sdrt-health/mac:02010b41cdec/antenna/tag/e2806894000050038662194f, 81
1652704592.901295, sdrt-health/mac:02010b41cdec/antenna/tag/e2806894000050038661fd4f, 91
1652704592.945373, sdrt-health/mac:02010b41cdec/antenna/tag/e28068940000500386620d4f, 97
1652704593.011477, sdrt-health/mac:02010b41cdec/antenna/tag/e2806894000050038661fd4f, 91
1652704593.042147, sdrt-health/mac:02010b41cdec/antenna/tag/e2806894000040038662114f, 88
1652704593.042453, sdrt-health/mac:02010b41cdec/antenna/tag/e28068940000400386621d4f, 96
1652704593.065996, sdrt-health/mac:02010b41cdec/antenna/tag/e28068940000400386621d4f, 96
1652704593.095714, sdrt-health/mac:02010b41cdec/antenna/tag/e2806894000040038662114f, 85
1652704593.096055, sdrt-health/mac:02010b41cdec/antenna/tag/e2806894000050038661fd4f, 91
1652704593.111742, sdrt-health/mac:02010b41cdec/antenna/tag/e28068940000500386620d4f, 83
1652704593.111981, sdrt-health/mac:02010b41cdec/antenna/tag/e28068940000400386621d4f, 96
1652704593.112227, sdrt-health/mac:02010b41cdec/antenna/tag/e2806894000050038662154f, 85
1652704593.112385, sdrt-health/mac:02010b41cdec/antenna/tag/e2806894000050038661fd4f, 83
1652704593.156127, sdrt-health/mac:02010b41cdec/antenna/tag/e28068940000500386620d4f, 83
1652704593.211573, sdrt-health/mac:02010b41cdec/antenna/tag/e2806894000040038662114f, 88
1652704593.212212, sdrt-health/mac:02010b41cdec/antenna/tag/e28068940000400386621d4f, 77
1652704593.238749, sdrt-health/mac:02010b41cdec/antenna/tag/e2806894000050038662154f, 88
1652704593.320086, sdrt-health/mac:02010b41cdec/antenna/tag/e28068940000500386620d4f, 97
1652704593.320609, sdrt-health/mac:02010b41cdec/antenna/tag/e2806894000040038662114f, 88
1652704593.346526, sdrt-health/mac:02010b41cdec/antenna/tag/e28068940000400386621d4f, 96
1652704593.534485, sdrt-health/mac:02010b41cdec/antenna/tag/scan, scan stopped
