1652703977.568685, sdrt-health/mac:02010b41cdec/antenna/power/set, {"power": 280}
1652703978.630334, sdrt-health/mac:02010b41cdec/antenna/power/set, 
1652703982.591031, sdrt-health/mac:02010b41cdec/antenna/tag/scan, {"time": 20000}
1652703982.984749, sdrt-health/mac:02010b41cdec/antenna/tag/e28068940000500386620d4f, 91
1652703983.028087, sdrt-health/mac:02010b41cdec/antenna/tag/e2806894000050038661fd4f, 83
1652703983.094676, sdrt-health/mac:02010b41cdec/antenna/tag/e28068940000400386621d4f, 90
1652703983.095103, sdrt-health/mac:02010b41cdec/antenna/tag/e2806894000050038662154f, 85
1652703983.119373, sdrt-health/mac:02010b41cdec/antenna/tag/e28068940000500386620d4f, 83
1652703983.160206, sdrt-health/mac:02010b41cdec/antenna/tag/e28068940000500386620d4f, 83
1652703983.211915, sdrt-health/mac:02010b41cdec/antenna/tag/e2806894000050038661fd4f, 83
1652703983.212413, sdrt-health/mac:02010b41cdec/antenna/tag/e28068940000500386620d4f, 97
1652703983.227295, sdrt-health/mac:02010b41cdec/antenna/tag/e2806894000050038661fd4f, 83
1652703983.263691, sdrt-health/mac:02010b41cdec/antenna/tag/e2806894000050038662154f, 85
1652703983.264131, sdrt-health/mac:02010b41cdec/antenna/tag/e2806894000050038662154f, 88
1652703983.294798, sdrt-health/mac:02010b41cdec/antenna/tag/e2806894000050038662154f, 88
1652703983.323957, sdrt-health/mac:02010b41cdec/antenna/tag/e2806894000050038661fd4f, 83
1652703983.324235, sdrt-health/mac:02010b41cdec/antenna/tag/e28068940000400386621d4f, 96
1652703983.337782, sdrt-health/mac:02010b41cdec/antenna/tag/e28068940000500386620d4f, 97
1652703983.38167, sdrt-health/mac:02010b41cdec/antenna/tag/e2806894000050038662194f, 94
1652703983.441818, sdrt-health/mac:02010b41cdec/antenna/tag/e28068940000500386620d4f, 83
1652703983.442369, sdrt-health/mac:02010b41cdec/antenna/tag/e28068940000400386621d4f, 77
1652703983.4566, sdrt-health/mac:02010b41cdec/antenna/tag/e2806894000050038661fd4f, 97
1652703983.457121, sdrt-health/mac:02010b41cdec/antenna/tag/e2806894000050038662154f, 85
1652703983.478076, sdrt-health/mac:02010b41cdec/antenna/tag/e2806894000040038662114f, 85
1652703983.50847, sdrt-health/mac:02010b41cdec/antenna/tag/e2806894000050038662154f, 93
1652703983.508806, sdrt-health/mac:02010b41cdec/antenna/tag/e28068940000500386620d4f, 83
1652703983.542329, sdrt-health/mac:02010b41cdec/antenna/tag/e2806894000050038662154f, 85
1652703983.604298, sdrt-health/mac:02010b41cdec/antenna/tag/e28068940000400386621d4f, 96
1652703983.604525, sdrt-health/mac:02010b41cdec/antenna/tag/e28068940000500386620d4f, 83
1652703983.638605, sdrt-health/mac:02010b41cdec/antenna/tag/e28068940000500386620d4f, 97
1652703983.679611, sdrt-health/mac:02010b41cdec/antenna/tag/e2806894000040038662114f, 85
1652703983.717722, sdrt-health/mac:02010b41cdec/antenna/tag/e28068940000500386620d4f, 83
1652703983.781764, sdrt-health/mac:02010b41cdec/antenna/tag/e28068940000400386621d4f, 77
1652703983.827656, sdrt-health/mac:02010b41cdec/antenna/tag/e2806894000050038662154f, 93
1652703983.894463, sdrt-health/mac:02010b41cdec/antenna/tag/e2806894000040038662114f, 85
1652703983.894938, sdrt-health/mac:02010b41cdec/antenna/tag/e28068940000400386621d4f, 77
1652703983.908637, sdrt-health/mac:02010b41cdec/antenna/tag/e28068940000400386621d4f, 77
1652703983.917409, sdrt-health/mac:02010b41cdec/antenna/tag/e28068940000400386621d4f, 77
1652703983.968184, sdrt-health/mac:02010b41cdec/antenna/tag/e2806894000050038661fd4f, 88
1652703984.014626, sdrt-health/mac:02010b41cdec/antenna/tag/e28068940000400386621d4f, 77
1652703984.06614, sdrt-health/mac:02010b41cdec/antenna/tag/e28068940000400386621d4f, 77
1652703984.066391, sdrt-health/mac:02010b41cdec/antenna/tag/e2806894000050038661fd4f, 97
1652703984.117768, sdrt-health/mac:02010b41cdec/antenna/tag/e28068940000400386621d4f, 96
1652703984.119003, sdrt-health/mac:02010b41cdec/antenna/tag/e2806894000040038662114f, 93
1652703984.174364, sdrt-health/mac:02010b41cdec/antenna/tag/e28068940000500386620d4f, 91
1652703984.174969, sdrt-health/mac:02010b41cdec/antenna/tag/e28068940000500386620d4f, 91
1652703984.193246, sdrt-health/mac:02010b41cdec/antenna/tag/e2806894000050038661fd4f, 83
1652703984.193839, sdrt-health/mac:02010b41cdec/antenna/tag/e28068940000500386620d4f, 97
1652703984.254655, sdrt-health/mac:02010b41cdec/antenna/tag/e2806894000040038662114f, 85
1652703984.316256, sdrt-health/mac:02010b41cdec/antenna/tag/e2806894000050038661fd4f, 97
1652703984.316874, sdrt-health/mac:02010b41cdec/antenna/tag/e28068940000400386621d4f, 90
1652703984.330825, sdrt-health/mac:02010b41cdec/antenna/tag/e2806894000050038662154f, 85
1652703984.341875, sdrt-health/mac:02010b41cdec/antenna/tag/e2806894000040038662114f, 88
1652703984.34643, sdrt-health/mac:02010b41cdec/antenna/tag/e2806894000050038661fd4f, 97
1652703984.388502, sdrt-health/mac:02010b41cdec/antenna/tag/e28068940000500386620d4f, 83
1652703984.454319, sdrt-health/mac:02010b41cdec/antenna/tag/e2806894000050038662154f, 93
1652703984.454764, sdrt-health/mac:02010b41cdec/antenna/tag/e2806894000050038662154f, 87
1652703984.478232, sdrt-health/mac:02010b41cdec/antenna/tag/e2806894000040038662114f, 85
1652703984.518105, sdrt-health/mac:02010b41cdec/antenna/tag/e2806894000050038661fd4f, 91
1652703984.575069, sdrt-health/mac:02010b41cdec/antenna/tag/e2806894000050038662154f, 85
1652703984.618069, sdrt-health/mac:02010b41cdec/antenna/tag/e2806894000040038662114f, 85
1652703984.649519, sdrt-health/mac:02010b41cdec/antenna/tag/e2806894000050038662194f, 81
1652703984.649813, sdrt-health/mac:02010b41cdec/antenna/tag/e28068940000400386621d4f, 77
1652703984.678051, sdrt-health/mac:02010b41cdec/antenna/tag/e2806894000050038661fd4f, 97
1652703984.718149, sdrt-health/mac:02010b41cdec/antenna/tag/e28068940000400386621d4f, 96
1652703984.758676, sdrt-health/mac:02010b41cdec/antenna/tag/e2806894000050038662154f, 85
1652703984.75917, sdrt-health/mac:02010b41cdec/antenna/tag/e28068940000500386620d4f, 97
1652703984.800398, sdrt-health/mac:02010b41cdec/antenna/tag/e2806894000050038662154f, 85
1652703984.838093, sdrt-health/mac:02010b41cdec/antenna/tag/e2806894000040038662114f, 85
1652703984.878208, sdrt-health/mac:02010b41cdec/antenna/tag/e2806894000040038662114f, 85
1652703984.936422, sdrt-health/mac:02010b41cdec/antenna/tag/e2806894000050038662154f, 85
1652703984.936835, sdrt-health/mac:02010b41cdec/antenna/tag/e28068940000400386621d4f, 96
1652703984.958967, sdrt-health/mac:02010b41cdec/antenna/tag/e2806894000040038662114f, 85
1652703984.991884, sdrt-health/mac:02010b41cdec/antenna/tag/e2806894000050038662154f, 85
1652703984.992332, sdrt-health/mac:02010b41cdec/antenna/tag/e28068940000400386621d4f, 77
1652703985.007341, sdrt-health/mac:02010b41cdec/antenna/tag/e28068940000500386620d4f, 83
1652703985.007678, sdrt-health/mac:02010b41cdec/antenna/tag/e2806894000050038661fd4f, 91
1652703985.007962, sdrt-health/mac:02010b41cdec/antenna/tag/e28068940000400386621d4f, 77
1652703985.098469, sdrt-health/mac:02010b41cdec/antenna/tag/e2806894000050038661fd4f, 91
1652703985.177252, sdrt-health/mac:02010b41cdec/antenna/tag/e2806894000040038662114f, 85
1652703985.222376, sdrt-health/mac:02010b41cdec/antenna/tag/e2806894000040038662114f, 85
1652703985.274474, sdrt-health/mac:02010b41cdec/antenna/tag/e2806894000050038661fd4f, 91
1652703985.274938, sdrt-health/mac:02010b41cdec/antenna/tag/e28068940000400386621d4f, 77
1652703985.291144, sdrt-health/mac:02010b41cdec/antenna/tag/e2806894000050038661fd4f, 88
1652703985.328643, sdrt-health/mac:02010b41cdec/antenna/tag/e28068940000500386620d4f, 83
1652703985.374721, sdrt-health/mac:02010b41cdec/antenna/tag/e2806894000040038662114f, 85
1652703985.433897, sdrt-health/mac:02010b41cdec/antenna/tag/e2806894000040038662114f, 85
1652703985.434401, sdrt-health/mac:02010b41cdec/antenna/tag/e28068940000500386620d4f, 83
1652703985.44925, sdrt-health/mac:02010b41cdec/antenna/tag/e28068940000400386621d4f, 77
1652703985.464544, sdrt-health/mac:02010b41cdec/antenna/tag/e28068940000400386621d4f, 96
1652703985.524203, sdrt-health/mac:02010b41cdec/antenna/tag/e28068940000500386620d4f, 83
1652703985.524399, sdrt-health/mac:02010b41cdec/antenna/tag/e2806894000050038662194f, 88
1652703985.539595, sdrt-health/mac:02010b41cdec/antenna/tag/e2806894000050038662154f, 85
1652703985.559359, sdrt-health/mac:02010b41cdec/antenna/tag/e2806894000050038662194f, 83
1652703985.613099, sdrt-health/mac:02010b41cdec/antenna/tag/e2806894000050038662154f, 88
1652703985.613414, sdrt-health/mac:02010b41cdec/antenna/tag/e28068940000400386621d4f, 77
1652703985.647631, sdrt-health/mac:02010b41cdec/antenna/tag/e2806894000050038662154f, 93
1652703985.708821, sdrt-health/mac:02010b41cdec/antenna/tag/e28068940000400386621d4f, 77
1652703985.709308, sdrt-health/mac:02010b41cdec/antenna/tag/e2806894000040038662114f, 93
1652703985.739604, sdrt-health/mac:02010b41cdec/antenna/tag/e28068940000500386620d4f, 83
1652703985.80871, sdrt-health/mac:02010b41cdec/antenna/tag/e2806894000040038662114f, 88
1652703985.840277, sdrt-health/mac:02010b41cdec/antenna/tag/e28068940000500386620d4f, 97
1652703985.840768, sdrt-health/mac:02010b41cdec/antenna/tag/e28068940000500386620d4f, 97
1652703985.85737, sdrt-health/mac:02010b41cdec/antenna/tag/e2806894000050038662194f, 81
1652703985.898814, sdrt-health/mac:02010b41cdec/antenna/tag/e28068940000500386620d4f, 97
1652703985.930203, sdrt-health/mac:02010b41cdec/antenna/tag/e28068940000400386621d4f, 96
1652703985.930506, sdrt-health/mac:02010b41cdec/antenna/tag/e2806894000050038662194f, 88
1652703985.998718, sdrt-health/mac:02010b41cdec/antenna/tag/e28068940000400386621d4f, 77
1652703986.089307, sdrt-health/mac:02010b41cdec/antenna/tag/e2806894000040038662114f, 85
1652703986.133686, sdrt-health/mac:02010b41cdec/antenna/tag/e2806894000040038662114f, 93
1652703986.133899, sdrt-health/mac:02010b41cdec/antenna/tag/e28068940000400386621d4f, 96
1652703986.16043, sdrt-health/mac:02010b41cdec/antenna/tag/e28068940000400386621d4f, 90
1652703986.217337, sdrt-health/mac:02010b41cdec/antenna/tag/e28068940000400386621d4f, 96
1652703986.217825, sdrt-health/mac:02010b41cdec/antenna/tag/e2806894000040038662114f, 85
1652703986.23989, sdrt-health/mac:02010b41cdec/antenna/tag/e2806894000040038662114f, 88
1652703986.297561, sdrt-health/mac:02010b41cdec/antenna/tag/e2806894000040038662114f, 85
1652703986.359145, sdrt-health/mac:02010b41cdec/antenna/tag/e2806894000050038662154f, 85
1652703986.359603, sdrt-health/mac:02010b41cdec/antenna/tag/e28068940000400386621d4f, 90
1652703986.374777, sdrt-health/mac:02010b41cdec/antenna/tag/e2806894000050038662154f, 85
1652703986.398336, sdrt-health/mac:02010b41cdec/antenna/tag/e2806894000040038662114f, 85
1652703986.455016, sdrt-health/mac:02010b41cdec/antenna/tag/e2806894000050038662154f, 85
1652703986.455541, sdrt-health/mac:02010b41cdec/antenna/tag/e2806894000050038662154f, 93
1652703986.470819, sdrt-health/mac:02010b41cdec/antenna/tag/e28068940000500386620d4f, 83
1652703986.494159, sdrt-health/mac:02010b41cdec/antenna/tag/e2806894000050038661fd4f, 91
1652703986.538845, sdrt-health/mac:02010b41cdec/antenna/tag/e2806894000040038662114f, 85
1652703986.599244, sdrt-health/mac:02010b41cdec/antenna/tag/e28068940000400386621d4f, 77
1652703986.599523, sdrt-health/mac:02010b41cdec/antenna/tag/e28068940000400386621d4f, 96
1652703986.614895, sdrt-health/mac:02010b41cdec/antenna/tag/e2806894000050038661fd4f, 91
1652703986.628163, sdrt-health/mac:02010b41cdec/antenna/tag/e2806894000050038662154f, 87
1652703986.690362, sdrt-health/mac:02010b41cdec/antenna/tag/e2806894000040038662114f, 85
1652703986.729976, sdrt-health/mac:02010b41cdec/antenna/tag/e2806894000040038662054f, 94
1652703986.730429, sdrt-health/mac:02010b41cdec/antenna/tag/e2806894000040038662114f, 85
1652703986.746389, sdrt-health/mac:02010b41cdec/antenna/tag/e28068940000400386621d4f, 77
1652703986.746596, sdrt-health/mac:02010b41cdec/antenna/tag/e2806894000040038662114f, 85
1652703986.778104, sdrt-health/mac:02010b41cdec/antenna/tag/e2806894000050038662154f, 85
1652703986.822825, sdrt-health/mac:02010b41cdec/antenna/tag/e2806894000050038661fd4f, 97
1652703986.855845, sdrt-health/mac:02010b41cdec/antenna/tag/e2806894000040038662114f, 93
1652703986.856314, sdrt-health/mac:02010b41cdec/antenna/tag/e2806894000050038662154f, 85
1652703986.871235, sdrt-health/mac:02010b41cdec/antenna/tag/e2806894000040038662114f, 93
1652703986.919523, sdrt-health/mac:02010b41cdec/antenna/tag/e2806894000040038662114f, 85
1652703986.974639, sdrt-health/mac:02010b41cdec/antenna/tag/e2806894000050038662154f, 93
1652703986.975278, sdrt-health/mac:02010b41cdec/antenna/tag/e2806894000040038662114f, 85
1652703986.991137, sdrt-health/mac:02010b41cdec/antenna/tag/e2806894000050038662154f, 93
1652703987.00886, sdrt-health/mac:02010b41cdec/antenna/tag/e2806894000050038661fd4f, 83
1652703987.054649, sdrt-health/mac:02010b41cdec/antenna/tag/e2806894000050038662154f, 85
1652703987.114585, sdrt-health/mac:02010b41cdec/antenna/tag/e28068940000500386620d4f, 97
1652703987.114918, sdrt-health/mac:02010b41cdec/antenna/tag/e2806894000040038662114f, 85
1652703987.130096, sdrt-health/mac:02010b41cdec/antenna/tag/e2806894000050038662154f, 88
1652703987.130309, sdrt-health/mac:02010b41cdec/antenna/tag/e28068940000400386621d4f, 90
1652703987.130493, sdrt-health/mac:02010b41cdec/antenna/tag/e2806894000050038661fd4f, 97
1652703987.145573, sdrt-health/mac:02010b41cdec/antenna/tag/e28068940000400386621d4f, 96
1652703987.178808, sdrt-health/mac:02010b41cdec/antenna/tag/e2806894000040038662114f, 85
1652703987.23788, sdrt-health/mac:02010b41cdec/antenna/tag/e28068940000500386620d4f, 83
1652703987.27912, sdrt-health/mac:02010b41cdec/antenna/tag/e28068940000500386620d4f, 83
1652703987.335654, sdrt-health/mac:02010b41cdec/antenna/tag/e28068940000400386621d4f, 90
1652703987.336157, sdrt-health/mac:02010b41cdec/antenna/tag/e2806894000040038662114f, 85
1652703987.351478, sdrt-health/mac:02010b41cdec/antenna/tag/e2806894000050038661fd4f, 97
1652703987.375923, sdrt-health/mac:02010b41cdec/antenna/tag/e2806894000050038661fd4f, 83
1652703987.445683, sdrt-health/mac:02010b41cdec/antenna/tag/e2806894000050038662194f, 83
1652703987.446146, sdrt-health/mac:02010b41cdec/antenna/tag/e2806894000040038662114f, 93
1652703987.478305, sdrt-health/mac:02010b41cdec/antenna/tag/e28068940000400386621d4f, 96
1652703987.559109, sdrt-health/mac:02010b41cdec/antenna/tag/e2806894000050038661fd4f, 91
1652703987.559634, sdrt-health/mac:02010b41cdec/antenna/tag/e28068940000400386621d4f, 77
1652703987.58892, sdrt-health/mac:02010b41cdec/antenna/tag/e2806894000050038661fd4f, 91
1652703987.656389, sdrt-health/mac:02010b41cdec/antenna/tag/e28068940000400386621d4f, 77
1652703987.656845, sdrt-health/mac:02010b41cdec/antenna/tag/e28068940000500386620d4f, 83
1652703987.678765, sdrt-health/mac:02010b41cdec/antenna/tag/e28068940000500386620d4f, 91
1652703987.735918, sdrt-health/mac:02010b41cdec/antenna/tag/e2806894000040038662114f, 93
1652703987.73637, sdrt-health/mac:02010b41cdec/antenna/tag/e2806894000050038662154f, 85
1652703987.751715, sdrt-health/mac:02010b41cdec/antenna/tag/e2806894000040038662114f, 85
1652703987.782072, sdrt-health/mac:02010b41cdec/antenna/tag/e28068940000400386621d4f, 96
1652703987.782348, sdrt-health/mac:02010b41cdec/antenna/tag/e2806894000050038662154f, 88
1652703987.79922, sdrt-health/mac:02010b41cdec/antenna/tag/e28068940000500386620d4f, 83
1652703987.842134, sdrt-health/mac:02010b41cdec/antenna/tag/e28068940000400386621d4f, 96
1652703987.879919, sdrt-health/mac:02010b41cdec/antenna/tag/e2806894000050038662194f, 81
1652703987.936019, sdrt-health/mac:02010b41cdec/antenna/tag/e28068940000500386620d4f, 97
1652703987.936537, sdrt-health/mac:02010b41cdec/antenna/tag/e28068940000500386620d4f, 91
1652703987.958867, sdrt-health/mac:02010b41cdec/antenna/tag/e2806894000040038662114f, 93
1652703987.999442, sdrt-health/mac:02010b41cdec/antenna/tag/e2806894000050038662154f, 88
1652703988.060355, sdrt-health/mac:02010b41cdec/antenna/tag/e28068940000400386621d4f, 96
1652703988.060836, sdrt-health/mac:02010b41cdec/antenna/tag/e28068940000400386621d4f, 96
1652703988.078815, sdrt-health/mac:02010b41cdec/antenna/tag/e28068940000400386621d4f, 90
1652703988.15477, sdrt-health/mac:02010b41cdec/antenna/tag/e2806894000050038662154f, 88
1652703988.155289, sdrt-health/mac:02010b41cdec/antenna/tag/e2806894000040038662114f, 93
1652703988.17126, sdrt-health/mac:02010b41cdec/antenna/tag/e2806894000050038662154f, 85
1652703988.172317, sdrt-health/mac:02010b41cdec/antenna/tag/e28068940000400386621d4f, 96
1652703988.189441, sdrt-health/mac:02010b41cdec/antenna/tag/e28068940000500386620d4f, 97
1652703988.245984, sdrt-health/mac:02010b41cdec/antenna/tag/e28068940000400386621d4f, 96
1652703988.246439, sdrt-health/mac:02010b41cdec/antenna/tag/e28068940000500386620d4f, 97
1652703988.262355, sdrt-health/mac:02010b41cdec/antenna/tag/e2806894000040038662114f, 85
1652703988.278563, sdrt-health/mac:02010b41cdec/antenna/tag/e28068940000400386621d4f, 96
1652703988.352195, sdrt-health/mac:02010b41cdec/antenna/tag/e2806894000050038661fd4f, 83
1652703988.352663, sdrt-health/mac:02010b41cdec/antenna/tag/e2806894000050038661fd4f, 91
1652703988.378982, sdrt-health/mac:02010b41cdec/antenna/tag/e2806894000050038662154f, 85
1652703988.442593, sdrt-health/mac:02010b41cdec/antenna/tag/e28068940000400386621d4f, 90
1652703988.443129, sdrt-health/mac:02010b41cdec/antenna/tag/e2806894000050038661fd4f, 91
1652703988.468822, sdrt-health/mac:02010b41cdec/antenna/tag/e2806894000040038662214f, 81
1652703988.535092, sdrt-health/mac:02010b41cdec/antenna/tag/e2806894000050038661fd4f, 91
1652703988.535594, sdrt-health/mac:02010b41cdec/antenna/tag/e2806894000050038661fd4f, 91
1652703988.551662, sdrt-health/mac:02010b41cdec/antenna/tag/e28068940000500386620d4f, 97
1652703988.552116, sdrt-health/mac:02010b41cdec/antenna/tag/e28068940000500386620d4f, 97
1652703988.558991, sdrt-health/mac:02010b41cdec/antenna/tag/e2806894000050038661fd4f, 88
1652703988.56705, sdrt-health/mac:02010b41cdec/antenna/tag/e2806894000040038662114f, 85
1652703988.600233, sdrt-health/mac:02010b41cdec/antenna/tag/e2806894000040038662114f, 85
1652703988.63829, sdrt-health/mac:02010b41cdec/antenna/tag/e2806894000050038661fd4f, 91
1652703988.725708, sdrt-health/mac:02010b41cdec/antenna/tag/e2806894000050038662154f, 88
1652703988.726137, sdrt-health/mac:02010b41cdec/antenna/tag/e2806894000050038661fd4f, 91
1652703988.741431, sdrt-health/mac:02010b41cdec/antenna/tag/e28068940000500386620d4f, 83
1652703988.758927, sdrt-health/mac:02010b41cdec/antenna/tag/e2806894000050038661fd4f, 91
1652703988.815221, sdrt-health/mac:02010b41cdec/antenna/tag/e28068940000500386620d4f, 83
1652703988.815549, sdrt-health/mac:02010b41cdec/antenna/tag/e28068940000400386621d4f, 96
1652703988.831044, sdrt-health/mac:02010b41cdec/antenna/tag/e2806894000040038662114f, 88
1652703988.858484, sdrt-health/mac:02010b41cdec/antenna/tag/e28068940000500386620d4f, 83
1652703988.904364, sdrt-health/mac:02010b41cdec/antenna/tag/e2806894000050038662154f, 85
1652703988.965959, sdrt-health/mac:02010b41cdec/antenna/tag/e28068940000400386621d4f, 90
1652703988.966461, sdrt-health/mac:02010b41cdec/antenna/tag/e2806894000050038661fd4f, 97
1652703988.981773, sdrt-health/mac:02010b41cdec/antenna/tag/e28068940000400386621d4f, 90
1652703988.998608, sdrt-health/mac:02010b41cdec/antenna/tag/e2806894000050038662154f, 87
1652703989.059653, sdrt-health/mac:02010b41cdec/antenna/tag/e28068940000400386621d4f, 77
1652703989.060126, sdrt-health/mac:02010b41cdec/antenna/tag/e28068940000400386621d4f, 77
1652703989.098112, sdrt-health/mac:02010b41cdec/antenna/tag/e28068940000400386621d4f, 96
1652703989.159195, sdrt-health/mac:02010b41cdec/antenna/tag/e28068940000500386620d4f, 97
1652703989.215045, sdrt-health/mac:02010b41cdec/antenna/tag/e2806894000040038662114f, 85
1652703989.28381, sdrt-health/mac:02010b41cdec/antenna/tag/e28068940000500386620d4f, 91
1652703989.284313, sdrt-health/mac:02010b41cdec/antenna/tag/e2806894000040038662114f, 85
1652703989.30009, sdrt-health/mac:02010b41cdec/antenna/tag/e28068940000500386620d4f, 91
1652703989.318546, sdrt-health/mac:02010b41cdec/antenna/tag/e2806894000050038662154f, 88
1652703989.377025, sdrt-health/mac:02010b41cdec/antenna/tag/e28068940000400386621d4f, 96
1652703989.377453, sdrt-health/mac:02010b41cdec/antenna/tag/e28068940000400386621d4f, 96
1652703989.399385, sdrt-health/mac:02010b41cdec/antenna/tag/e2806894000050038661fd4f, 88
1652703989.454895, sdrt-health/mac:02010b41cdec/antenna/tag/e28068940000400386621d4f, 77
1652703989.455349, sdrt-health/mac:02010b41cdec/antenna/tag/e2806894000050038662154f, 83
1652703989.486996, sdrt-health/mac:02010b41cdec/antenna/tag/e2806894000050038661fd4f, 97
1652703989.534515, sdrt-health/mac:02010b41cdec/antenna/tag/e28068940000400386621d4f, 96
1652703989.580769, sdrt-health/mac:02010b41cdec/antenna/tag/e28068940000500386620d4f, 88
1652703989.625264, sdrt-health/mac:02010b41cdec/antenna/tag/e2806894000040038662114f, 85
1652703989.686739, sdrt-health/mac:02010b41cdec/antenna/tag/e2806894000050038661fd4f, 97
1652703989.687498, sdrt-health/mac:02010b41cdec/antenna/tag/e2806894000050038661fd4f, 97
1652703989.721289, sdrt-health/mac:02010b41cdec/antenna/tag/e2806894000040038662114f, 85
1652703989.775564, sdrt-health/mac:02010b41cdec/antenna/tag/e2806894000050038662154f, 88
1652703989.776022, sdrt-health/mac:02010b41cdec/antenna/tag/e2806894000050038662154f, 88
1652703989.791469, sdrt-health/mac:02010b41cdec/antenna/tag/e2806894000040038662114f, 85
1652703989.823287, sdrt-health/mac:02010b41cdec/antenna/tag/e28068940000400386621d4f, 96
1652703989.823519, sdrt-health/mac:02010b41cdec/antenna/tag/e28068940000500386620d4f, 91
1652703989.823671, sdrt-health/mac:02010b41cdec/antenna/tag/e2806894000050038661fd4f, 83
1652703989.839547, sdrt-health/mac:02010b41cdec/antenna/tag/e2806894000050038661fd4f, 83
1652703989.839945, sdrt-health/mac:02010b41cdec/antenna/tag/e28068940000500386620d4f, 91
1652703989.877369, sdrt-health/mac:02010b41cdec/antenna/tag/e28068940000500386620d4f, 83
1652703989.919565, sdrt-health/mac:02010b41cdec/antenna/tag/e2806894000050038661fd4f, 88
1652703989.975353, sdrt-health/mac:02010b41cdec/antenna/tag/e2806894000050038662154f, 93
1652703989.975902, sdrt-health/mac:02010b41cdec/antenna/tag/e28068940000400386621d4f, 77
1652703989.993079, sdrt-health/mac:02010b41cdec/antenna/tag/e28068940000500386620d4f, 83
1652703990.000036, sdrt-health/mac:02010b41cdec/antenna/tag/e28068940000500386620d4f, 91
1652703990.039588, sdrt-health/mac:02010b41cdec/antenna/tag/e28068940000400386621d4f, 90
1652703990.073471, sdrt-health/mac:02010b41cdec/antenna/tag/e2806894000040038662114f, 85
1652703990.073684, sdrt-health/mac:02010b41cdec/antenna/tag/e2806894000050038662154f, 88
1652703990.089826, sdrt-health/mac:02010b41cdec/antenna/tag/e28068940000500386620d4f, 91
1652703990.118513, sdrt-health/mac:02010b41cdec/antenna/tag/e28068940000500386620d4f, 97
1652703990.158843, sdrt-health/mac:02010b41cdec/antenna/tag/e28068940000500386620d4f, 91
1652703990.214949, sdrt-health/mac:02010b41cdec/antenna/tag/e28068940000400386621d4f, 96
1652703990.215762, sdrt-health/mac:02010b41cdec/antenna/tag/e2806894000050038661fd4f, 97
1652703990.240345, sdrt-health/mac:02010b41cdec/antenna/tag/e28068940000400386621d4f, 96
1652703990.300014, sdrt-health/mac:02010b41cdec/antenna/tag/e28068940000500386620d4f, 97
1652703990.353215, sdrt-health/mac:02010b41cdec/antenna/tag/e2806894000050038662154f, 87
1652703990.414616, sdrt-health/mac:02010b41cdec/antenna/tag/e2806894000050038661fd4f, 88
1652703990.466351, sdrt-health/mac:02010b41cdec/antenna/tag/e2806894000040038662114f, 85
1652703990.498144, sdrt-health/mac:02010b41cdec/antenna/tag/e28068940000500386620d4f, 97
1652703990.49856, sdrt-health/mac:02010b41cdec/antenna/tag/e28068940000400386621d4f, 77
1652703990.49889, sdrt-health/mac:02010b41cdec/antenna/tag/e2806894000050038661fd4f, 91
1652703990.499186, sdrt-health/mac:02010b41cdec/antenna/tag/e2806894000040038662114f, 85
1652703990.519935, sdrt-health/mac:02010b41cdec/antenna/tag/e2806894000050038661fd4f, 88
1652703990.558765, sdrt-health/mac:02010b41cdec/antenna/tag/e28068940000400386621d4f, 96
1652703990.590284, sdrt-health/mac:02010b41cdec/antenna/tag/e2806894000050038661fd4f, 97
1652703990.590634, sdrt-health/mac:02010b41cdec/antenna/tag/e2806894000050038661fd4f, 91
1652703990.605974, sdrt-health/mac:02010b41cdec/antenna/tag/e28068940000500386620d4f, 97
1652703990.662669, sdrt-health/mac:02010b41cdec/antenna/tag/e28068940000500386620d4f, 97
1652703990.699481, sdrt-health/mac:02010b41cdec/antenna/tag/e28068940000400386621d4f, 96
1652703990.764522, sdrt-health/mac:02010b41cdec/antenna/tag/e2806894000050038662154f, 85
1652703990.764955, sdrt-health/mac:02010b41cdec/antenna/tag/e2806894000040038662114f, 85
1652703990.789547, sdrt-health/mac:02010b41cdec/antenna/tag/e2806894000050038662154f, 85
1652703990.848087, sdrt-health/mac:02010b41cdec/antenna/tag/e28068940000500386620d4f, 83
1652703990.879196, sdrt-health/mac:02010b41cdec/antenna/tag/e28068940000400386621d4f, 96
1652703990.879617, sdrt-health/mac:02010b41cdec/antenna/tag/e2806894000050038662154f, 85
1652703990.894535, sdrt-health/mac:02010b41cdec/antenna/tag/e28068940000400386621d4f, 96
1652703990.895006, sdrt-health/mac:02010b41cdec/antenna/tag/e2806894000050038661fd4f, 97
1652703990.938004, sdrt-health/mac:02010b41cdec/antenna/tag/e28068940000400386621d4f, 77
1652703990.999965, sdrt-health/mac:02010b41cdec/antenna/tag/e28068940000500386620d4f, 83
1652703991.000521, sdrt-health/mac:02010b41cdec/antenna/tag/e2806894000050038662154f, 87
1652703991.015897, sdrt-health/mac:02010b41cdec/antenna/tag/e28068940000500386620d4f, 83
1652703991.029033, sdrt-health/mac:02010b41cdec/antenna/tag/e28068940000400386621d4f, 77
1652703991.089932, sdrt-health/mac:02010b41cdec/antenna/tag/e28068940000400386621d4f, 96
1652703991.13578, sdrt-health/mac:02010b41cdec/antenna/tag/e2806894000050038662194f, 81
1652703991.214116, sdrt-health/mac:02010b41cdec/antenna/tag/e2806894000050038662154f, 85
1652703991.214642, sdrt-health/mac:02010b41cdec/antenna/tag/e2806894000050038662194f, 88
1652703991.229914, sdrt-health/mac:02010b41cdec/antenna/tag/e2806894000050038661fd4f, 97
1652703991.274774, sdrt-health/mac:02010b41cdec/antenna/tag/e28068940000500386620d4f, 97
1652703991.275271, sdrt-health/mac:02010b41cdec/antenna/tag/e2806894000050038661fd4f, 91
1652703991.311263, sdrt-health/mac:02010b41cdec/antenna/tag/e2806894000050038661fd4f, 91
1652703991.349015, sdrt-health/mac:02010b41cdec/antenna/tag/e2806894000040038662114f, 85
1652703991.380227, sdrt-health/mac:02010b41cdec/antenna/tag/e28068940000400386621d4f, 77
1652703991.380733, sdrt-health/mac:02010b41cdec/antenna/tag/e2806894000050038662154f, 85
1652703991.398954, sdrt-health/mac:02010b41cdec/antenna/tag/e2806894000040038662114f, 85
1652703991.455367, sdrt-health/mac:02010b41cdec/antenna/tag/e28068940000400386621d4f, 77
1652703991.455937, sdrt-health/mac:02010b41cdec/antenna/tag/e28068940000400386621d4f, 77
1652703991.478495, sdrt-health/mac:02010b41cdec/antenna/tag/e2806894000040038662114f, 85
1652703991.535442, sdrt-health/mac:02010b41cdec/antenna/tag/e28068940000400386621d4f, 96
1652703991.53592, sdrt-health/mac:02010b41cdec/antenna/tag/e2806894000050038662154f, 88
1652703991.570708, sdrt-health/mac:02010b41cdec/antenna/tag/e2806894000040038661f94f, 84
1652703991.613948, sdrt-health/mac:02010b41cdec/antenna/tag/e2806894000040038662214f, 84
1652703991.658954, sdrt-health/mac:02010b41cdec/antenna/tag/e2806894000040038662114f, 85
1652703991.704287, sdrt-health/mac:02010b41cdec/antenna/tag/e2806894000050038662154f, 87
1652703991.748949, sdrt-health/mac:02010b41cdec/antenna/tag/e28068940000400386621d4f, 77
1652703991.825907, sdrt-health/mac:02010b41cdec/antenna/tag/e2806894000040038662114f, 88
1652703991.826412, sdrt-health/mac:02010b41cdec/antenna/tag/e2806894000050038661fd4f, 88
1652703991.843563, sdrt-health/mac:02010b41cdec/antenna/tag/e2806894000040038662114f, 87
1652703991.85486, sdrt-health/mac:02010b41cdec/antenna/tag/e2806894000040038662114f, 85
1652703991.899345, sdrt-health/mac:02010b41cdec/antenna/tag/e2806894000050038661fd4f, 91
1652703991.962212, sdrt-health/mac:02010b41cdec/antenna/tag/e28068940000400386621d4f, 77
1652703991.962649, sdrt-health/mac:02010b41cdec/antenna/tag/e2806894000050038661fd4f, 88
1652703991.962977, sdrt-health/mac:02010b41cdec/antenna/tag/e28068940000400386621d4f, 77
1652703991.988825, sdrt-health/mac:02010b41cdec/antenna/tag/e2806894000050038662154f, 83
1652703992.039459, sdrt-health/mac:02010b41cdec/antenna/tag/e2806894000050038662194f, 81
1652703992.071926, sdrt-health/mac:02010b41cdec/antenna/tag/e2806894000050038662154f, 85
1652703992.072346, sdrt-health/mac:02010b41cdec/antenna/tag/e28068940000400386621d4f, 96
1652703992.087901, sdrt-health/mac:02010b41cdec/antenna/tag/e28068940000500386620d4f, 83
1652703992.118855, sdrt-health/mac:02010b41cdec/antenna/tag/e28068940000400386621d4f, 77
1652703992.158771, sdrt-health/mac:02010b41cdec/antenna/tag/e28068940000500386620d4f, 83
1652703992.219587, sdrt-health/mac:02010b41cdec/antenna/tag/e2806894000050038661fd4f, 97
1652703992.264322, sdrt-health/mac:02010b41cdec/antenna/tag/e2806894000050038662154f, 85
1652703992.324267, sdrt-health/mac:02010b41cdec/antenna/tag/e2806894000040038662114f, 88
1652703992.32487, sdrt-health/mac:02010b41cdec/antenna/tag/e28068940000400386621d4f, 96
1652703992.341064, sdrt-health/mac:02010b41cdec/antenna/tag/e2806894000040038662114f, 85
1652703992.38604, sdrt-health/mac:02010b41cdec/antenna/tag/e28068940000400386621d4f, 90
1652703992.386373, sdrt-health/mac:02010b41cdec/antenna/tag/e2806894000050038662194f, 94
1652703992.41389, sdrt-health/mac:02010b41cdec/antenna/tag/e2806894000040038662114f, 88
1652703992.50858, sdrt-health/mac:02010b41cdec/antenna/tag/e2806894000050038661fd4f, 91
1652703992.585157, sdrt-health/mac:02010b41cdec/antenna/tag/e2806894000050038661fd4f, 91
1652703992.615644, sdrt-health/mac:02010b41cdec/antenna/tag/e2806894000050038662154f, 87
1652703992.615876, sdrt-health/mac:02010b41cdec/antenna/tag/e28068940000500386620d4f, 83
1652703992.616033, sdrt-health/mac:02010b41cdec/antenna/tag/e2806894000050038662154f, 83
1652703992.631542, sdrt-health/mac:02010b41cdec/antenna/tag/e2806894000050038662154f, 85
1652703992.63175, sdrt-health/mac:02010b41cdec/antenna/tag/e2806894000040038662114f, 85
1652703992.678888, sdrt-health/mac:02010b41cdec/antenna/tag/e28068940000400386621d4f, 96
1652703992.752112, sdrt-health/mac:02010b41cdec/antenna/tag/e2806894000050038661fd4f, 97
1652703992.752578, sdrt-health/mac:02010b41cdec/antenna/tag/e2806894000050038662154f, 85
1652703992.778755, sdrt-health/mac:02010b41cdec/antenna/tag/e2806894000040038662054f, 87
1652703992.82345, sdrt-health/mac:02010b41cdec/antenna/tag/e2806894000040038662114f, 85
1652703992.870634, sdrt-health/mac:02010b41cdec/antenna/tag/e2806894000050038662154f, 87
1652703992.919961, sdrt-health/mac:02010b41cdec/antenna/tag/e2806894000040038662114f, 88
1652703992.954092, sdrt-health/mac:02010b41cdec/antenna/tag/e28068940000400386621d4f, 96
1652703992.954404, sdrt-health/mac:02010b41cdec/antenna/tag/e2806894000050038661fd4f, 88
1652703992.969125, sdrt-health/mac:02010b41cdec/antenna/tag/e2806894000040038662114f, 85
1652703992.969328, sdrt-health/mac:02010b41cdec/antenna/tag/e28068940000400386621d4f, 96
1652703992.998925, sdrt-health/mac:02010b41cdec/antenna/tag/e28068940000400386621d4f, 96
1652703993.039377, sdrt-health/mac:02010b41cdec/antenna/tag/e28068940000500386620d4f, 83
1652703993.085894, sdrt-health/mac:02010b41cdec/antenna/tag/e2806894000040038662114f, 85
1652703993.144534, sdrt-health/mac:02010b41cdec/antenna/tag/e2806894000050038662194f, 81
1652703993.206301, sdrt-health/mac:02010b41cdec/antenna/tag/e2806894000050038661fd4f, 91
1652703993.206788, sdrt-health/mac:02010b41cdec/antenna/tag/e2806894000040038662114f, 85
1652703993.223885, sdrt-health/mac:02010b41cdec/antenna/tag/e2806894000040038662114f, 85
1652703993.224433, sdrt-health/mac:02010b41cdec/antenna/tag/e28068940000400386621d4f, 77
1652703993.225108, sdrt-health/mac:02010b41cdec/antenna/tag/e2806894000050038662154f, 93
1652703993.240111, sdrt-health/mac:02010b41cdec/antenna/tag/e2806894000040038662114f, 87
1652703993.279439, sdrt-health/mac:02010b41cdec/antenna/tag/e2806894000040038662114f, 93
1652703993.333948, sdrt-health/mac:02010b41cdec/antenna/tag/e28068940000400386621d4f, 96
1652703993.334246, sdrt-health/mac:02010b41cdec/antenna/tag/e28068940000500386620d4f, 91
1652703993.389518, sdrt-health/mac:02010b41cdec/antenna/tag/e28068940000400386621d4f, 96
1652703993.429456, sdrt-health/mac:02010b41cdec/antenna/tag/e28068940000400386621d4f, 77
1652703993.478709, sdrt-health/mac:02010b41cdec/antenna/tag/e28068940000500386620d4f, 97
1652703993.519198, sdrt-health/mac:02010b41cdec/antenna/tag/e28068940000500386620d4f, 83
1652703993.5587, sdrt-health/mac:02010b41cdec/antenna/tag/e28068940000500386620d4f, 83
1652703993.613833, sdrt-health/mac:02010b41cdec/antenna/tag/e2806894000050038662154f, 91
1652703993.614106, sdrt-health/mac:02010b41cdec/antenna/tag/e2806894000050038661fd4f, 97
1652703993.628835, sdrt-health/mac:02010b41cdec/antenna/tag/e28068940000400386621d4f, 96
1652703993.637869, sdrt-health/mac:02010b41cdec/antenna/tag/e2806894000050038661fd4f, 97
1652703993.677697, sdrt-health/mac:02010b41cdec/antenna/tag/e2806894000040038662114f, 85
1652703993.734504, sdrt-health/mac:02010b41cdec/antenna/tag/e28068940000400386621d4f, 96
1652703993.734955, sdrt-health/mac:02010b41cdec/antenna/tag/e28068940000400386621d4f, 96
1652703993.749455, sdrt-health/mac:02010b41cdec/antenna/tag/e28068940000400386621d4f, 96
1652703993.758383, sdrt-health/mac:02010b41cdec/antenna/tag/e2806894000040038662114f, 88
1652703993.799011, sdrt-health/mac:02010b41cdec/antenna/tag/e2806894000050038662154f, 85
1652703993.829817, sdrt-health/mac:02010b41cdec/antenna/tag/e2806894000050038662194f, 83
1652703993.830133, sdrt-health/mac:02010b41cdec/antenna/tag/e28068940000500386620d4f, 83
1652703993.830365, sdrt-health/mac:02010b41cdec/antenna/tag/e2806894000050038662154f, 85
1652703993.844468, sdrt-health/mac:02010b41cdec/antenna/tag/e2806894000050038662194f, 83
1652703993.877796, sdrt-health/mac:02010b41cdec/antenna/tag/e2806894000050038662154f, 85
1652703993.933173, sdrt-health/mac:02010b41cdec/antenna/tag/e2806894000050038661fd4f, 97
1652703993.933632, sdrt-health/mac:02010b41cdec/antenna/tag/e28068940000500386620d4f, 91
1652703993.968348, sdrt-health/mac:02010b41cdec/antenna/tag/e2806894000050038662154f, 85
1652703994.028717, sdrt-health/mac:02010b41cdec/antenna/tag/e2806894000050038661fd4f, 88
1652703994.06743, sdrt-health/mac:02010b41cdec/antenna/tag/e2806894000040038662114f, 85
1652703994.117502, sdrt-health/mac:02010b41cdec/antenna/tag/e2806894000050038661fd4f, 88
1652703994.173261, sdrt-health/mac:02010b41cdec/antenna/tag/e2806894000040038662114f, 85
1652703994.173735, sdrt-health/mac:02010b41cdec/antenna/tag/e28068940000400386621d4f, 96
1652703994.237945, sdrt-health/mac:02010b41cdec/antenna/tag/e28068940000500386620d4f, 97
1652703994.278114, sdrt-health/mac:02010b41cdec/antenna/tag/e2806894000050038662154f, 85
1652703994.318507, sdrt-health/mac:02010b41cdec/antenna/tag/e2806894000050038662154f, 85
1652703994.3734, sdrt-health/mac:02010b41cdec/antenna/tag/e2806894000040038662114f, 88
1652703994.3739, sdrt-health/mac:02010b41cdec/antenna/tag/e2806894000050038662194f, 83
1652703994.390101, sdrt-health/mac:02010b41cdec/antenna/tag/e28068940000400386621d4f, 96
1652703994.462464, sdrt-health/mac:02010b41cdec/antenna/tag/e2806894000040038662114f, 93
1652703994.529475, sdrt-health/mac:02010b41cdec/antenna/tag/e28068940000500386620d4f, 97
1652703994.574445, sdrt-health/mac:02010b41cdec/antenna/tag/e28068940000500386620d4f, 97
1652703994.61818, sdrt-health/mac:02010b41cdec/antenna/tag/e28068940000400386621d4f, 90
1652703994.662457, sdrt-health/mac:02010b41cdec/antenna/tag/e2806894000040038662114f, 85
1652703994.693488, sdrt-health/mac:02010b41cdec/antenna/tag/e2806894000050038661fd4f, 83
1652703994.693953, sdrt-health/mac:02010b41cdec/antenna/tag/e28068940000400386621d4f, 90
1652703994.708507, sdrt-health/mac:02010b41cdec/antenna/tag/e2806894000050038661fd4f, 83
1652703994.708984, sdrt-health/mac:02010b41cdec/antenna/tag/e28068940000400386621d4f, 96
1652703994.769469, sdrt-health/mac:02010b41cdec/antenna/tag/e2806894000050038662154f, 88
1652703994.863324, sdrt-health/mac:02010b41cdec/antenna/tag/e2806894000050038662154f, 85
1652703994.863769, sdrt-health/mac:02010b41cdec/antenna/tag/e2806894000040038662114f, 93
1652703994.893853, sdrt-health/mac:02010b41cdec/antenna/tag/e28068940000500386620d4f, 97
1652703994.956054, sdrt-health/mac:02010b41cdec/antenna/tag/e2806894000050038661fd4f, 91
1652703994.956606, sdrt-health/mac:02010b41cdec/antenna/tag/e2806894000050038661fd4f, 91
1652703994.982961, sdrt-health/mac:02010b41cdec/antenna/tag/e2806894000050038662154f, 93
1652703995.028321, sdrt-health/mac:02010b41cdec/antenna/tag/e2806894000050038661fd4f, 91
1652703995.078216, sdrt-health/mac:02010b41cdec/antenna/tag/e2806894000040038662114f, 85
1652703995.118019, sdrt-health/mac:02010b41cdec/antenna/tag/e2806894000040038662114f, 85
1652703995.118542, sdrt-health/mac:02010b41cdec/antenna/tag/e28068940000500386620d4f, 83
1652703995.132882, sdrt-health/mac:02010b41cdec/antenna/tag/e2806894000050038662154f, 85
1652703995.158414, sdrt-health/mac:02010b41cdec/antenna/tag/e2806894000040038662114f, 85
1652703995.294851, sdrt-health/mac:02010b41cdec/antenna/tag/e2806894000040038662114f, 85
1652703995.295359, sdrt-health/mac:02010b41cdec/antenna/tag/e28068940000500386620d4f, 97
1652703995.325771, sdrt-health/mac:02010b41cdec/antenna/tag/e2806894000050038661fd4f, 97
1652703995.326393, sdrt-health/mac:02010b41cdec/antenna/tag/e2806894000050038661fd4f, 97
1652703995.326889, sdrt-health/mac:02010b41cdec/antenna/tag/e2806894000050038662154f, 85
1652703995.341853, sdrt-health/mac:02010b41cdec/antenna/tag/e2806894000050038661fd4f, 97
1652703995.342311, sdrt-health/mac:02010b41cdec/antenna/tag/e28068940000500386620d4f, 97
1652703995.38473, sdrt-health/mac:02010b41cdec/antenna/tag/e28068940000500386620d4f, 97
1652703995.433318, sdrt-health/mac:02010b41cdec/antenna/tag/e2806894000050038661fd4f, 91
1652703995.43381, sdrt-health/mac:02010b41cdec/antenna/tag/e28068940000500386620d4f, 97
1652703995.462278, sdrt-health/mac:02010b41cdec/antenna/tag/e2806894000050038661fd4f, 91
1652703995.500957, sdrt-health/mac:02010b41cdec/antenna/tag/e28068940000400386621d4f, 77
1652703995.542617, sdrt-health/mac:02010b41cdec/antenna/tag/e2806894000050038662154f, 87
1652703995.592418, sdrt-health/mac:02010b41cdec/antenna/tag/e2806894000040038662114f, 85
1652703995.592824, sdrt-health/mac:02010b41cdec/antenna/tag/e2806894000040038662214f, 94
1652703995.621778, sdrt-health/mac:02010b41cdec/antenna/tag/e2806894000040038662114f, 85
1652703995.673204, sdrt-health/mac:02010b41cdec/antenna/tag/e28068940000400386621d4f, 96
1652703995.673534, sdrt-health/mac:02010b41cdec/antenna/tag/e2806894000050038661fd4f, 97
1652703995.68782, sdrt-health/mac:02010b41cdec/antenna/tag/e2806894000050038661fd4f, 97
1652703995.723228, sdrt-health/mac:02010b41cdec/antenna/tag/e2806894000050038662154f, 85
1652703995.758414, sdrt-health/mac:02010b41cdec/antenna/tag/e2806894000050038661fd4f, 97
1652703995.813825, sdrt-health/mac:02010b41cdec/antenna/tag/e28068940000500386620d4f, 97
1652703995.814304, sdrt-health/mac:02010b41cdec/antenna/tag/e28068940000500386620d4f, 97
1652703995.858456, sdrt-health/mac:02010b41cdec/antenna/tag/e28068940000400386621d4f, 96
1652703995.889816, sdrt-health/mac:02010b41cdec/antenna/tag/e2806894000050038662154f, 88
1652703995.890018, sdrt-health/mac:02010b41cdec/antenna/tag/e28068940000400386621d4f, 77
1652703995.904471, sdrt-health/mac:02010b41cdec/antenna/tag/e2806894000050038662154f, 87
1652703995.904717, sdrt-health/mac:02010b41cdec/antenna/tag/e28068940000500386620d4f, 91
1652703995.941648, sdrt-health/mac:02010b41cdec/antenna/tag/e2806894000040038662114f, 85
1652703996.021783, sdrt-health/mac:02010b41cdec/antenna/tag/e28068940000400386621d4f, 96
1652703996.067633, sdrt-health/mac:02010b41cdec/antenna/tag/e2806894000040038662114f, 85
1652703996.128611, sdrt-health/mac:02010b41cdec/antenna/tag/e2806894000050038662154f, 88
1652703996.18183, sdrt-health/mac:02010b41cdec/antenna/tag/e28068940000400386621d4f, 96
1652703996.218083, sdrt-health/mac:02010b41cdec/antenna/tag/e2806894000050038662154f, 88
1652703996.247671, sdrt-health/mac:02010b41cdec/antenna/tag/e28068940000400386621d4f, 96
1652703996.247892, sdrt-health/mac:02010b41cdec/antenna/tag/e28068940000500386620d4f, 83
1652703996.285849, sdrt-health/mac:02010b41cdec/antenna/tag/e28068940000500386620d4f, 97
1652703996.315039, sdrt-health/mac:02010b41cdec/antenna/tag/e2806894000040038662114f, 85
1652703996.315272, sdrt-health/mac:02010b41cdec/antenna/tag/e28068940000400386621d4f, 90
1652703996.332986, sdrt-health/mac:02010b41cdec/antenna/tag/e2806894000050038661fd4f, 97
1652703996.365649, sdrt-health/mac:02010b41cdec/antenna/tag/e28068940000400386621d4f, 96
1652703996.366112, sdrt-health/mac:02010b41cdec/antenna/tag/e28068940000400386621d4f, 90
1652703996.380934, sdrt-health/mac:02010b41cdec/antenna/tag/e28068940000400386621d4f, 96
1652703996.422927, sdrt-health/mac:02010b41cdec/antenna/tag/e2806894000040038662114f, 85
1652703996.485148, sdrt-health/mac:02010b41cdec/antenna/tag/e2806894000050038661fd4f, 91
1652703996.485545, sdrt-health/mac:02010b41cdec/antenna/tag/e2806894000040038662114f, 85
1652703996.499765, sdrt-health/mac:02010b41cdec/antenna/tag/e2806894000050038661fd4f, 91
1652703996.517499, sdrt-health/mac:02010b41cdec/antenna/tag/e28068940000400386621d4f, 96
1652703996.574113, sdrt-health/mac:02010b41cdec/antenna/tag/e28068940000400386621d4f, 90
1652703996.630879, sdrt-health/mac:02010b41cdec/antenna/tag/e2806894000050038661fd4f, 83
1652703996.631235, sdrt-health/mac:02010b41cdec/antenna/tag/e28068940000500386620d4f, 97
1652703996.663294, sdrt-health/mac:02010b41cdec/antenna/tag/e2806894000050038661fd4f, 97
1652703996.749607, sdrt-health/mac:02010b41cdec/antenna/tag/e28068940000400386621d4f, 77
1652703996.822573, sdrt-health/mac:02010b41cdec/antenna/tag/e2806894000040038662114f, 85
1652703996.853445, sdrt-health/mac:02010b41cdec/antenna/tag/e2806894000050038662154f, 83
1652703996.853826, sdrt-health/mac:02010b41cdec/antenna/tag/e2806894000040038662114f, 85
1652703996.85414, sdrt-health/mac:02010b41cdec/antenna/tag/e2806894000050038661fd4f, 88
1652703996.919138, sdrt-health/mac:02010b41cdec/antenna/tag/e28068940000500386620d4f, 83
1652703997.008618, sdrt-health/mac:02010b41cdec/antenna/tag/e2806894000050038662154f, 93
1652703997.03923, sdrt-health/mac:02010b41cdec/antenna/tag/e2806894000040038662114f, 88
1652703997.039477, sdrt-health/mac:02010b41cdec/antenna/tag/e28068940000400386621d4f, 77
1652703997.054243, sdrt-health/mac:02010b41cdec/antenna/tag/e28068940000400386621d4f, 77
1652703997.100494, sdrt-health/mac:02010b41cdec/antenna/tag/e2806894000040038662114f, 85
1652703997.183644, sdrt-health/mac:02010b41cdec/antenna/tag/e2806894000050038662154f, 85
1652703997.183951, sdrt-health/mac:02010b41cdec/antenna/tag/e28068940000400386621d4f, 90
1652703997.19937, sdrt-health/mac:02010b41cdec/antenna/tag/e28068940000400386621d4f, 96
1652703997.199602, sdrt-health/mac:02010b41cdec/antenna/tag/e28068940000500386620d4f, 97
1652703997.199735, sdrt-health/mac:02010b41cdec/antenna/tag/e28068940000400386621d4f, 96
1652703997.213979, sdrt-health/mac:02010b41cdec/antenna/tag/e2806894000050038662154f, 88
1652703997.214177, sdrt-health/mac:02010b41cdec/antenna/tag/e2806894000050038662154f, 88
1652703997.214297, sdrt-health/mac:02010b41cdec/antenna/tag/e2806894000040038662114f, 85
1652703997.261138, sdrt-health/mac:02010b41cdec/antenna/tag/e2806894000050038661fd4f, 91
1652703997.316621, sdrt-health/mac:02010b41cdec/antenna/tag/e2806894000050038662154f, 88
1652703997.316966, sdrt-health/mac:02010b41cdec/antenna/tag/e2806894000050038662154f, 85
1652703997.348883, sdrt-health/mac:02010b41cdec/antenna/tag/e28068940000500386620d4f, 83
1652703997.398342, sdrt-health/mac:02010b41cdec/antenna/tag/e28068940000400386621d4f, 90
1652703997.437845, sdrt-health/mac:02010b41cdec/antenna/tag/e28068940000400386621d4f, 77
1652703997.478413, sdrt-health/mac:02010b41cdec/antenna/tag/e2806894000040038662114f, 93
1652703997.552696, sdrt-health/mac:02010b41cdec/antenna/tag/e28068940000500386620d4f, 83
1652703997.553164, sdrt-health/mac:02010b41cdec/antenna/tag/e28068940000400386621d4f, 77
1652703997.568085, sdrt-health/mac:02010b41cdec/antenna/tag/e2806894000050038662154f, 85
1652703997.579062, sdrt-health/mac:02010b41cdec/antenna/tag/e2806894000050038662194f, 94
1652703997.582831, sdrt-health/mac:02010b41cdec/antenna/tag/e2806894000050038662154f, 85
1652703997.583046, sdrt-health/mac:02010b41cdec/antenna/tag/e28068940000400386621d4f, 96
1652703997.627726, sdrt-health/mac:02010b41cdec/antenna/tag/e28068940000400386621d4f, 96
1652703997.667603, sdrt-health/mac:02010b41cdec/antenna/tag/e2806894000050038661fd4f, 97
1652703997.732859, sdrt-health/mac:02010b41cdec/antenna/tag/e28068940000500386620d4f, 83
1652703997.733342, sdrt-health/mac:02010b41cdec/antenna/tag/e2806894000050038661fd4f, 88
1652703997.733684, sdrt-health/mac:02010b41cdec/antenna/tag/e2806894000050038662154f, 85
1652703997.758745, sdrt-health/mac:02010b41cdec/antenna/tag/e2806894000050038661fd4f, 91
1652703997.81405, sdrt-health/mac:02010b41cdec/antenna/tag/e2806894000040038662114f, 93
1652703997.814363, sdrt-health/mac:02010b41cdec/antenna/tag/e2806894000050038661fd4f, 91
1652703997.828605, sdrt-health/mac:02010b41cdec/antenna/tag/e2806894000050038662154f, 85
1652703997.837913, sdrt-health/mac:02010b41cdec/antenna/tag/e2806894000050038662154f, 93
1652703997.878437, sdrt-health/mac:02010b41cdec/antenna/tag/e2806894000040038662114f, 85
1652703997.919112, sdrt-health/mac:02010b41cdec/antenna/tag/e28068940000500386620d4f, 83
1652703997.959471, sdrt-health/mac:02010b41cdec/antenna/tag/e28068940000500386620d4f, 83
1652703997.990268, sdrt-health/mac:02010b41cdec/antenna/tag/e28068940000400386621d4f, 96
1652703997.990589, sdrt-health/mac:02010b41cdec/antenna/tag/e2806894000050038661fd4f, 91
1652703997.990819, sdrt-health/mac:02010b41cdec/antenna/tag/e2806894000050038662154f, 93
1652703998.005161, sdrt-health/mac:02010b41cdec/antenna/tag/e2806894000050038662154f, 85
1652703998.094798, sdrt-health/mac:02010b41cdec/antenna/tag/e28068940000500386620d4f, 97
1652703998.138442, sdrt-health/mac:02010b41cdec/antenna/tag/e2806894000040038662214f, 88
1652703998.238019, sdrt-health/mac:02010b41cdec/antenna/tag/e2806894000050038661fd4f, 91
1652703998.277837, sdrt-health/mac:02010b41cdec/antenna/tag/e2806894000040038662114f, 85
1652703998.309221, sdrt-health/mac:02010b41cdec/antenna/tag/e28068940000400386621d4f, 77
1652703998.309514, sdrt-health/mac:02010b41cdec/antenna/tag/e28068940000500386620d4f, 83
1652703998.358186, sdrt-health/mac:02010b41cdec/antenna/tag/e2806894000040038662114f, 85
1652703998.415378, sdrt-health/mac:02010b41cdec/antenna/tag/e2806894000050038661fd4f, 91
1652703998.445141, sdrt-health/mac:02010b41cdec/antenna/tag/e28068940000400386621d4f, 77
1652703998.445556, sdrt-health/mac:02010b41cdec/antenna/tag/e28068940000500386620d4f, 83
1652703998.459807, sdrt-health/mac:02010b41cdec/antenna/tag/e28068940000500386620d4f, 97
1652703998.503013, sdrt-health/mac:02010b41cdec/antenna/tag/e28068940000500386620d4f, 83
1652703998.582064, sdrt-health/mac:02010b41cdec/antenna/tag/e28068940000400386621d4f, 77
1652703998.619684, sdrt-health/mac:02010b41cdec/antenna/tag/e28068940000400386621d4f, 77
1652703998.661332, sdrt-health/mac:02010b41cdec/antenna/tag/e2806894000050038661fd4f, 91
1652703998.758884, sdrt-health/mac:02010b41cdec/antenna/tag/e2806894000040038662114f, 85
1652703998.798839, sdrt-health/mac:02010b41cdec/antenna/tag/e2806894000050038662154f, 85
1652703998.799311, sdrt-health/mac:02010b41cdec/antenna/tag/e28068940000400386621d4f, 96
1652703998.838909, sdrt-health/mac:02010b41cdec/antenna/tag/e2806894000050038662194f, 81
1652703998.89376, sdrt-health/mac:02010b41cdec/antenna/tag/e2806894000040038662054f, 88
1652703998.988737, sdrt-health/mac:02010b41cdec/antenna/tag/e2806894000040038662114f, 85
1652703998.98921, sdrt-health/mac:02010b41cdec/antenna/tag/e2806894000050038662194f, 81
1652703999.018248, sdrt-health/mac:02010b41cdec/antenna/tag/e28068940000400386621d4f, 77
1652703999.077983, sdrt-health/mac:02010b41cdec/antenna/tag/e2806894000040038662114f, 85
1652703999.078458, sdrt-health/mac:02010b41cdec/antenna/tag/e2806894000040038662114f, 85
1652703999.108443, sdrt-health/mac:02010b41cdec/antenna/tag/e2806894000050038661fd4f, 97
1652703999.158456, sdrt-health/mac:02010b41cdec/antenna/tag/e28068940000500386620d4f, 97
1652703999.18782, sdrt-health/mac:02010b41cdec/antenna/tag/e28068940000400386621d4f, 96
1652703999.188165, sdrt-health/mac:02010b41cdec/antenna/tag/e2806894000040038662114f, 88
1652703999.18839, sdrt-health/mac:02010b41cdec/antenna/tag/e2806894000050038661fd4f, 83
1652703999.21624, sdrt-health/mac:02010b41cdec/antenna/tag/e2806894000040038662114f, 88
1652703999.258371, sdrt-health/mac:02010b41cdec/antenna/tag/e28068940000400386621d4f, 90
1652703999.318799, sdrt-health/mac:02010b41cdec/antenna/tag/e2806894000040038662114f, 85
1652703999.319317, sdrt-health/mac:02010b41cdec/antenna/tag/e28068940000500386620d4f, 83
1652703999.334005, sdrt-health/mac:02010b41cdec/antenna/tag/e28068940000400386621d4f, 96
1652703999.347931, sdrt-health/mac:02010b41cdec/antenna/tag/e2806894000040038662114f, 85
1652703999.398411, sdrt-health/mac:02010b41cdec/antenna/tag/e28068940000400386621d4f, 96
1652703999.453167, sdrt-health/mac:02010b41cdec/antenna/tag/e2806894000040038662114f, 93
1652703999.453664, sdrt-health/mac:02010b41cdec/antenna/tag/e28068940000500386620d4f, 83
1652703999.477741, sdrt-health/mac:02010b41cdec/antenna/tag/e2806894000050038661fd4f, 91
1652703999.518726, sdrt-health/mac:02010b41cdec/antenna/tag/e2806894000050038662194f, 88
1652703999.5191, sdrt-health/mac:02010b41cdec/antenna/tag/e2806894000050038662154f, 87
1652703999.582547, sdrt-health/mac:02010b41cdec/antenna/tag/e28068940000500386620d4f, 83
1652703999.638274, sdrt-health/mac:02010b41cdec/antenna/tag/e28068940000500386620d4f, 83
1652703999.704902, sdrt-health/mac:02010b41cdec/antenna/tag/e2806894000040038662114f, 85
1652703999.747809, sdrt-health/mac:02010b41cdec/antenna/tag/e2806894000050038661fd4f, 91
1652703999.798509, sdrt-health/mac:02010b41cdec/antenna/tag/e2806894000050038661fd4f, 91
1652703999.852384, sdrt-health/mac:02010b41cdec/antenna/tag/e2806894000040038662114f, 85
1652703999.852855, sdrt-health/mac:02010b41cdec/antenna/tag/e2806894000040038662114f, 93
1652703999.853223, sdrt-health/mac:02010b41cdec/antenna/tag/e28068940000500386620d4f, 97
1652703999.868897, sdrt-health/mac:02010b41cdec/antenna/tag/e2806894000050038661fd4f, 91
1652703999.878502, sdrt-health/mac:02010b41cdec/antenna/tag/e2806894000050038661fd4f, 88
1652703999.93369, sdrt-health/mac:02010b41cdec/antenna/tag/e2806894000040038662114f, 85
1652703999.979556, sdrt-health/mac:02010b41cdec/antenna/tag/e2806894000050038662154f, 85
1652704000.022945, sdrt-health/mac:02010b41cdec/antenna/tag/e28068940000500386620d4f, 97
1652704000.068109, sdrt-health/mac:02010b41cdec/antenna/tag/e2806894000040038662114f, 85
1652704000.117599, sdrt-health/mac:02010b41cdec/antenna/tag/e28068940000500386620d4f, 83
1652704000.183284, sdrt-health/mac:02010b41cdec/antenna/tag/e2806894000040038662114f, 88
1652704000.227806, sdrt-health/mac:02010b41cdec/antenna/tag/e28068940000400386621d4f, 90
1652704000.303636, sdrt-health/mac:02010b41cdec/antenna/tag/e2806894000050038661fd4f, 97
1652704000.303912, sdrt-health/mac:02010b41cdec/antenna/tag/e2806894000050038662154f, 88
1652704000.333718, sdrt-health/mac:02010b41cdec/antenna/tag/e2806894000040038662114f, 85
1652704000.334143, sdrt-health/mac:02010b41cdec/antenna/tag/e28068940000500386620d4f, 83
1652704000.378399, sdrt-health/mac:02010b41cdec/antenna/tag/e2806894000050038662194f, 94
1652704000.422337, sdrt-health/mac:02010b41cdec/antenna/tag/e28068940000400386621d4f, 90
1652704000.458446, sdrt-health/mac:02010b41cdec/antenna/tag/e28068940000400386621d4f, 90
1652704000.502428, sdrt-health/mac:02010b41cdec/antenna/tag/e2806894000040038662114f, 85
1652704000.538077, sdrt-health/mac:02010b41cdec/antenna/tag/e2806894000050038662154f, 87
1652704000.597705, sdrt-health/mac:02010b41cdec/antenna/tag/e2806894000040038662114f, 88
1652704000.597986, sdrt-health/mac:02010b41cdec/antenna/tag/e2806894000050038662154f, 85
1652704000.613559, sdrt-health/mac:02010b41cdec/antenna/tag/e28068940000400386621d4f, 77
1652704000.627943, sdrt-health/mac:02010b41cdec/antenna/tag/e2806894000040038662114f, 88
1652704000.693339, sdrt-health/mac:02010b41cdec/antenna/tag/e2806894000050038662154f, 87
1652704000.693822, sdrt-health/mac:02010b41cdec/antenna/tag/e2806894000050038661fd4f, 97
1652704000.718197, sdrt-health/mac:02010b41cdec/antenna/tag/e28068940000400386621d4f, 96
1652704000.757699, sdrt-health/mac:02010b41cdec/antenna/tag/e2806894000040038662114f, 85
1652704000.797285, sdrt-health/mac:02010b41cdec/antenna/tag/e2806894000040038662114f, 88
1652704000.838535, sdrt-health/mac:02010b41cdec/antenna/tag/e28068940000500386620d4f, 83
1652704000.879747, sdrt-health/mac:02010b41cdec/antenna/tag/e2806894000040038662114f, 85
1652704000.93807, sdrt-health/mac:02010b41cdec/antenna/tag/e2806894000050038661fd4f, 88
1652704000.982049, sdrt-health/mac:02010b41cdec/antenna/tag/e2806894000040038662114f, 93
1652704001.017355, sdrt-health/mac:02010b41cdec/antenna/tag/e28068940000500386620d4f, 83
1652704001.183574, sdrt-health/mac:02010b41cdec/antenna/tag/e2806894000050038661fd4f, 91
1652704001.184046, sdrt-health/mac:02010b41cdec/antenna/tag/e2806894000050038662154f, 85
1652704001.198546, sdrt-health/mac:02010b41cdec/antenna/tag/e28068940000400386621d4f, 90
1652704001.214223, sdrt-health/mac:02010b41cdec/antenna/tag/e28068940000500386620d4f, 97
1652704001.27232, sdrt-health/mac:02010b41cdec/antenna/tag/e2806894000040038662114f, 88
1652704001.272787, sdrt-health/mac:02010b41cdec/antenna/tag/e2806894000050038661fd4f, 97
1652704001.288256, sdrt-health/mac:02010b41cdec/antenna/tag/e28068940000500386620d4f, 97
1652704001.318927, sdrt-health/mac:02010b41cdec/antenna/tag/e28068940000500386620d4f, 97
1652704001.357928, sdrt-health/mac:02010b41cdec/antenna/tag/e28068940000400386621d4f, 96
1652704001.406121, sdrt-health/mac:02010b41cdec/antenna/tag/e2806894000050038661fd4f, 91
1652704001.437075, sdrt-health/mac:02010b41cdec/antenna/tag/e2806894000040038662114f, 93
1652704001.43737, sdrt-health/mac:02010b41cdec/antenna/tag/e2806894000040038662114f, 85
1652704001.437569, sdrt-health/mac:02010b41cdec/antenna/tag/e2806894000050038661fd4f, 97
1652704001.455224, sdrt-health/mac:02010b41cdec/antenna/tag/e2806894000040038662214f, 88
1652704001.499331, sdrt-health/mac:02010b41cdec/antenna/tag/e2806894000050038661fd4f, 88
1652704001.541877, sdrt-health/mac:02010b41cdec/antenna/tag/e2806894000040038662214f, 94
1652704001.588298, sdrt-health/mac:02010b41cdec/antenna/tag/e2806894000050038661fd4f, 91
1652704001.637779, sdrt-health/mac:02010b41cdec/antenna/tag/e2806894000050038662154f, 85
1652704001.711465, sdrt-health/mac:02010b41cdec/antenna/tag/e28068940000500386620d4f, 97
1652704001.711993, sdrt-health/mac:02010b41cdec/antenna/tag/e2806894000040038662114f, 85
1652704001.726644, sdrt-health/mac:02010b41cdec/antenna/tag/e2806894000050038661fd4f, 91
1652704001.737657, sdrt-health/mac:02010b41cdec/antenna/tag/e28068940000500386620d4f, 97
1652704001.743859, sdrt-health/mac:02010b41cdec/antenna/tag/e2806894000050038661fd4f, 91
1652704001.819329, sdrt-health/mac:02010b41cdec/antenna/tag/e2806894000050038662154f, 85
1652704001.89303, sdrt-health/mac:02010b41cdec/antenna/tag/e28068940000400386621d4f, 96
1652704001.893491, sdrt-health/mac:02010b41cdec/antenna/tag/e28068940000400386621d4f, 96
1652704001.90859, sdrt-health/mac:02010b41cdec/antenna/tag/e28068940000400386621d4f, 90
1652704001.909102, sdrt-health/mac:02010b41cdec/antenna/tag/e28068940000500386620d4f, 97
1652704001.909583, sdrt-health/mac:02010b41cdec/antenna/tag/e2806894000050038661fd4f, 97
1652704001.923719, sdrt-health/mac:02010b41cdec/antenna/tag/e2806894000040038662114f, 88
1652704001.977389, sdrt-health/mac:02010b41cdec/antenna/tag/e2806894000050038661fd4f, 91
1652704002.022438, sdrt-health/mac:02010b41cdec/antenna/tag/e2806894000050038662154f, 93
1652704002.072976, sdrt-health/mac:02010b41cdec/antenna/tag/e2806894000040038662214f, 81
1652704002.073324, sdrt-health/mac:02010b41cdec/antenna/tag/e28068940000400386621d4f, 77
1652704002.110637, sdrt-health/mac:02010b41cdec/antenna/tag/e28068940000500386620d4f, 97
1652704002.148411, sdrt-health/mac:02010b41cdec/antenna/tag/e28068940000500386620d4f, 97
1652704002.19937, sdrt-health/mac:02010b41cdec/antenna/tag/e28068940000500386620d4f, 97
1652704002.240884, sdrt-health/mac:02010b41cdec/antenna/tag/e28068940000500386620d4f, 91
1652704002.270693, sdrt-health/mac:02010b41cdec/antenna/tag/e28068940000400386621d4f, 96
1652704002.271149, sdrt-health/mac:02010b41cdec/antenna/tag/e2806894000050038662154f, 88
1652704002.286663, sdrt-health/mac:02010b41cdec/antenna/tag/e2806894000040038662114f, 93
1652704002.317093, sdrt-health/mac:02010b41cdec/antenna/tag/e2806894000050038661fd4f, 97
1652704002.358543, sdrt-health/mac:02010b41cdec/antenna/tag/e2806894000050038662154f, 87
1652704002.398447, sdrt-health/mac:02010b41cdec/antenna/tag/e2806894000040038662114f, 85
1652704002.464308, sdrt-health/mac:02010b41cdec/antenna/tag/e2806894000050038661fd4f, 88
1652704002.464789, sdrt-health/mac:02010b41cdec/antenna/tag/e2806894000050038662154f, 87
1652704002.495517, sdrt-health/mac:02010b41cdec/antenna/tag/e28068940000500386620d4f, 91
1652704002.552543, sdrt-health/mac:02010b41cdec/antenna/tag/e2806894000050038662154f, 88
1652704002.553295, sdrt-health/mac:02010b41cdec/antenna/tag/e28068940000400386621d4f, 96
1652704002.567282, sdrt-health/mac:02010b41cdec/antenna/tag/e2806894000050038661fd4f, 97
1652704002.567803, sdrt-health/mac:02010b41cdec/antenna/tag/e28068940000400386621d4f, 96
1652704002.582818, sdrt-health/mac:02010b41cdec/antenna/tag/e28068940000500386620d4f, 97
1652704002.628142, sdrt-health/mac:02010b41cdec/antenna/tag/e2806894000040038662114f, 85
1652704002.678276, sdrt-health/mac:02010b41cdec/antenna/tag/e2806894000050038661fd4f, 83
1652704002.749628, sdrt-health/mac:02010b41cdec/antenna/tag/e2806894000040038662114f, 93
1652704002.750114, sdrt-health/mac:02010b41cdec/antenna/tag/e2806894000050038662154f, 85
1652704002.764533, sdrt-health/mac:02010b41cdec/antenna/tag/e28068940000500386620d4f, 97
1652704002.777917, sdrt-health/mac:02010b41cdec/antenna/tag/e28068940000500386620d4f, 83
1652704002.780098, sdrt-health/mac:02010b41cdec/antenna/tag/e2806894000050038661fd4f, 97
1652704002.839897, sdrt-health/mac:02010b41cdec/antenna/tag/e2806894000050038661fd4f, 97
1652704002.913772, sdrt-health/mac:02010b41cdec/antenna/tag/e28068940000500386620d4f, 97
1652704002.914218, sdrt-health/mac:02010b41cdec/antenna/tag/e2806894000050038662154f, 88
1652704003.151352, sdrt-health/mac:02010b41cdec/antenna/tag/scan, scan stopped
