1652704003.185931, sdrt-health/mac:02010b41cdec/antenna/power/set, {"power": 290}
1652704004.260381, sdrt-health/mac:02010b41cdec/antenna/power/set, 
1652704008.209828, sdrt-health/mac:02010b41cdec/antenna/tag/scan, {"time": 20000}
1652704008.539422, sdrt-health/mac:02010b41cdec/antenna/tag/e2806894000040038662114f, 85
1652704008.583555, sdrt-health/mac:02010b41cdec/antenna/tag/e2806894000040038662114f, 85
1652704008.619446, sdrt-health/mac:02010b41cdec/antenna/tag/e28068940000400386621d4f, 77
1652704008.653137, sdrt-health/mac:02010b41cdec/antenna/tag/e2806894000040038662114f, 93
1652704008.653423, sdrt-health/mac:02010b41cdec/antenna/tag/e2806894000050038662154f, 93
1652704008.670042, sdrt-health/mac:02010b41cdec/antenna/tag/e2806894000040038662114f, 85
1652704008.707639, sdrt-health/mac:02010b41cdec/antenna/tag/e2806894000040038662214f, 88
1652704008.760355, sdrt-health/mac:02010b41cdec/antenna/tag/e2806894000040038662114f, 88
1652704008.815494, sdrt-health/mac:02010b41cdec/antenna/tag/e28068940000500386620d4f, 97
1652704008.816017, sdrt-health/mac:02010b41cdec/antenna/tag/e2806894000050038661fd4f, 88
1652704008.837917, sdrt-health/mac:02010b41cdec/antenna/tag/e2806894000050038661fd4f, 97
1652704008.879115, sdrt-health/mac:02010b41cdec/antenna/tag/e28068940000400386621d4f, 96
1652704008.919451, sdrt-health/mac:02010b41cdec/antenna/tag/e2806894000050038661fd4f, 97
1652704008.959283, sdrt-health/mac:02010b41cdec/antenna/tag/e2806894000050038662154f, 85
1652704009.025199, sdrt-health/mac:02010b41cdec/antenna/tag/e2806894000050038661fd4f, 97
1652704009.025682, sdrt-health/mac:02010b41cdec/antenna/tag/e2806894000050038662154f, 88
1652704009.062542, sdrt-health/mac:02010b41cdec/antenna/tag/e2806894000040038662114f, 85
1652704009.11787, sdrt-health/mac:02010b41cdec/antenna/tag/e28068940000500386620d4f, 83
1652704009.118311, sdrt-health/mac:02010b41cdec/antenna/tag/e2806894000050038662154f, 88
1652704009.134134, sdrt-health/mac:02010b41cdec/antenna/tag/e28068940000500386620d4f, 83
1652704009.143335, sdrt-health/mac:02010b41cdec/antenna/tag/e2806894000050038662154f, 85
1652704009.18953, sdrt-health/mac:02010b41cdec/antenna/tag/e2806894000050038662154f, 85
1652704009.254584, sdrt-health/mac:02010b41cdec/antenna/tag/e2806894000050038662154f, 85
1652704009.255083, sdrt-health/mac:02010b41cdec/antenna/tag/e2806894000050038662154f, 93
1652704009.269855, sdrt-health/mac:02010b41cdec/antenna/tag/e28068940000500386620d4f, 83
1652704009.278191, sdrt-health/mac:02010b41cdec/antenna/tag/e28068940000400386621d4f, 77
1652704009.285357, sdrt-health/mac:02010b41cdec/antenna/tag/e28068940000500386620d4f, 83
1652704009.318181, sdrt-health/mac:02010b41cdec/antenna/tag/e28068940000500386620d4f, 83
1652704009.374875, sdrt-health/mac:02010b41cdec/antenna/tag/e2806894000050038662194f, 83
1652704009.420862, sdrt-health/mac:02010b41cdec/antenna/tag/e2806894000040038662114f, 88
1652704009.477336, sdrt-health/mac:02010b41cdec/antenna/tag/e2806894000050038661fd4f, 83
1652704009.477617, sdrt-health/mac:02010b41cdec/antenna/tag/e2806894000050038662194f, 81
1652704009.518311, sdrt-health/mac:02010b41cdec/antenna/tag/e28068940000500386620d4f, 97
1652704009.557868, sdrt-health/mac:02010b41cdec/antenna/tag/e2806894000040038662114f, 85
1652704009.6155, sdrt-health/mac:02010b41cdec/antenna/tag/e2806894000050038661fd4f, 91
1652704009.615847, sdrt-health/mac:02010b41cdec/antenna/tag/e28068940000400386621d4f, 96
1652704009.638196, sdrt-health/mac:02010b41cdec/antenna/tag/e2806894000040038662114f, 85
1652704009.708376, sdrt-health/mac:02010b41cdec/antenna/tag/e28068940000400386621d4f, 77
1652704009.788772, sdrt-health/mac:02010b41cdec/antenna/tag/e28068940000500386620d4f, 86
1652704009.837559, sdrt-health/mac:02010b41cdec/antenna/tag/e2806894000050038661fd4f, 91
1652704009.897753, sdrt-health/mac:02010b41cdec/antenna/tag/e28068940000400386621d4f, 77
1652704009.89821, sdrt-health/mac:02010b41cdec/antenna/tag/e28068940000500386620d4f, 83
1652704009.918964, sdrt-health/mac:02010b41cdec/antenna/tag/e2806894000040038662114f, 85
1652704009.978159, sdrt-health/mac:02010b41cdec/antenna/tag/e28068940000500386620d4f, 97
1652704009.978525, sdrt-health/mac:02010b41cdec/antenna/tag/e2806894000040038662114f, 93
1652704009.998385, sdrt-health/mac:02010b41cdec/antenna/tag/e2806894000050038661fd4f, 91
1652704010.039278, sdrt-health/mac:02010b41cdec/antenna/tag/e2806894000050038662194f, 94
1652704010.09668, sdrt-health/mac:02010b41cdec/antenna/tag/e28068940000400386621d4f, 77
1652704010.097173, sdrt-health/mac:02010b41cdec/antenna/tag/e28068940000500386620d4f, 83
1652704010.149806, sdrt-health/mac:02010b41cdec/antenna/tag/e2806894000040038662114f, 85
1652704010.199437, sdrt-health/mac:02010b41cdec/antenna/tag/e2806894000040038662114f, 93
1652704010.312093, sdrt-health/mac:02010b41cdec/antenna/tag/e2806894000050038661fd4f, 88
1652704010.312552, sdrt-health/mac:02010b41cdec/antenna/tag/e28068940000500386620d4f, 83
1652704010.351976, sdrt-health/mac:02010b41cdec/antenna/tag/e2806894000040038662114f, 88
1652704010.384355, sdrt-health/mac:02010b41cdec/antenna/tag/e2806894000050038661fd4f, 91
1652704010.384729, sdrt-health/mac:02010b41cdec/antenna/tag/e2806894000050038662194f, 87
1652704010.384983, sdrt-health/mac:02010b41cdec/antenna/tag/e2806894000050038662154f, 93
1652704010.401629, sdrt-health/mac:02010b41cdec/antenna/tag/e2806894000050038662194f, 83
1652704010.447528, sdrt-health/mac:02010b41cdec/antenna/tag/e2806894000040038662114f, 85
1652704010.497651, sdrt-health/mac:02010b41cdec/antenna/tag/e28068940000400386621d4f, 77
1652704010.542404, sdrt-health/mac:02010b41cdec/antenna/tag/e28068940000400386621d4f, 96
1652704010.585299, sdrt-health/mac:02010b41cdec/antenna/tag/e28068940000500386620d4f, 97
1652704010.620012, sdrt-health/mac:02010b41cdec/antenna/tag/e2806894000050038662154f, 85
1652704010.620338, sdrt-health/mac:02010b41cdec/antenna/tag/e2806894000040038662114f, 88
1652704010.639067, sdrt-health/mac:02010b41cdec/antenna/tag/e2806894000050038661fd4f, 83
1652704010.66915, sdrt-health/mac:02010b41cdec/antenna/tag/e28068940000400386621d4f, 96
1652704010.669449, sdrt-health/mac:02010b41cdec/antenna/tag/e28068940000500386620d4f, 83
1652704010.691212, sdrt-health/mac:02010b41cdec/antenna/tag/e28068940000500386620d4f, 83
1652704010.750506, sdrt-health/mac:02010b41cdec/antenna/tag/e2806894000050038661fd4f, 97
1652704010.750962, sdrt-health/mac:02010b41cdec/antenna/tag/e28068940000400386621d4f, 96
1652704010.767451, sdrt-health/mac:02010b41cdec/antenna/state, connected
1652704010.767712, sdrt-health/mac:02010b41cdec/fw, {"version":"1.8.1","model":"200","hash":"2f556501b58f1dad542af428d7928d18","timestamp":1652704007}
1652704010.767867, sdrt-health/mac:02010b41cdec/antenna/tag/e2806894000040038662114f, 88
1652704010.778716, sdrt-health/mac:02010b41cdec/antenna/tag/e28068940000500386620d4f, 83
1652704010.823125, sdrt-health/mac:02010b41cdec/antenna/tag/e2806894000050038662154f, 87
1652704010.858564, sdrt-health/mac:02010b41cdec/antenna/tag/e28068940000400386621d4f, 77
1652704010.918257, sdrt-health/mac:02010b41cdec/antenna/tag/e2806894000050038661fd4f, 91
1652704010.918745, sdrt-health/mac:02010b41cdec/antenna/tag/e28068940000500386620d4f, 83
1652704010.948294, sdrt-health/mac:02010b41cdec/antenna/tag/e28068940000400386621d4f, 96
1652704011.000416, sdrt-health/mac:02010b41cdec/antenna/tag/e28068940000400386621d4f, 96
1652704011.086115, sdrt-health/mac:02010b41cdec/antenna/tag/e2806894000050038661fd4f, 97
1652704011.08643, sdrt-health/mac:02010b41cdec/antenna/tag/e28068940000500386620d4f, 83
1652704011.111237, sdrt-health/mac:02010b41cdec/antenna/version, 
1652704011.111652, sdrt-health/mac:02010b41cdec/antenna/tag/e2806894000050038661fd4f, 97
1652704011.159977, sdrt-health/mac:02010b41cdec/antenna/tag/e2806894000050038662154f, 85
1652704011.203108, sdrt-health/mac:02010b41cdec/antenna/tag/e28068940000500386620d4f, 83
1652704011.254215, sdrt-health/mac:02010b41cdec/antenna/tag/e2806894000050038662194f, 84
1652704011.254551, sdrt-health/mac:02010b41cdec/antenna/tag/e2806894000040038662114f, 85
1652704011.278655, sdrt-health/mac:02010b41cdec/antenna/tag/e2806894000050038662194f, 88
1652704011.320027, sdrt-health/mac:02010b41cdec/antenna/tag/e2806894000040038662114f, 88
1652704011.358851, sdrt-health/mac:02010b41cdec/antenna/tag/e28068940000500386620d4f, 86
1652704011.414315, sdrt-health/mac:02010b41cdec/antenna/tag/e2806894000050038662194f, 88
1652704011.414806, sdrt-health/mac:02010b41cdec/antenna/tag/e2806894000050038662194f, 88
1652704011.430523, sdrt-health/mac:02010b41cdec/antenna/tag/e2806894000050038662194f, 84
1652704011.437659, sdrt-health/mac:02010b41cdec/antenna/tag/e2806894000050038662194f, 88
1652704011.479516, sdrt-health/mac:02010b41cdec/antenna/tag/e2806894000050038661fd4f, 88
1652704011.536489, sdrt-health/mac:02010b41cdec/antenna/tag/e2806894000050038662194f, 81
1652704011.536987, sdrt-health/mac:02010b41cdec/antenna/tag/e2806894000040038662114f, 85
1652704011.552423, sdrt-health/mac:02010b41cdec/antenna/tag/e2806894000050038661fd4f, 91
1652704011.579412, sdrt-health/mac:02010b41cdec/antenna/tag/e2806894000040038662114f, 85
1652704011.638674, sdrt-health/mac:02010b41cdec/antenna/tag/e28068940000400386621d4f, 96
1652704011.696286, sdrt-health/mac:02010b41cdec/antenna/tag/e2806894000050038661fd4f, 91
1652704011.696706, sdrt-health/mac:02010b41cdec/antenna/tag/e2806894000050038661fd4f, 97
1652704011.713101, sdrt-health/mac:02010b41cdec/antenna/tag/e28068940000500386620d4f, 97
1652704011.719704, sdrt-health/mac:02010b41cdec/antenna/tag/e28068940000500386620d4f, 83
1652704011.728991, sdrt-health/mac:02010b41cdec/antenna/tag/e28068940000500386620d4f, 83
1652704011.758423, sdrt-health/mac:02010b41cdec/antenna/tag/e2806894000040038662114f, 85
1652704011.761695, sdrt-health/mac:02010b41cdec/antenna/tag/e2806894000050038662194f, 94
1652704011.806504, sdrt-health/mac:02010b41cdec/antenna/tag/e28068940000500386620d4f, 83
1652704011.862972, sdrt-health/mac:02010b41cdec/antenna/tag/e2806894000050038661fd4f, 97
1652704011.897985, sdrt-health/mac:02010b41cdec/antenna/tag/e28068940000400386621d4f, 96
1652704011.958869, sdrt-health/mac:02010b41cdec/antenna/tag/e28068940000500386620d4f, 83
1652704011.959379, sdrt-health/mac:02010b41cdec/antenna/tag/e28068940000500386620d4f, 97
1652704011.98837, sdrt-health/mac:02010b41cdec/antenna/tag/e2806894000050038661fd4f, 91
1652704012.055559, sdrt-health/mac:02010b41cdec/antenna/tag/e28068940000500386620d4f, 83
1652704012.056082, sdrt-health/mac:02010b41cdec/antenna/tag/e2806894000040038662114f, 88
1652704012.071457, sdrt-health/mac:02010b41cdec/antenna/tag/e28068940000400386621d4f, 96
1652704012.07823, sdrt-health/mac:02010b41cdec/antenna/tag/e2806894000040038662114f, 88
1652704012.118748, sdrt-health/mac:02010b41cdec/antenna/tag/e2806894000040038662114f, 88
1652704012.158437, sdrt-health/mac:02010b41cdec/antenna/tag/e2806894000050038662154f, 93
1652704012.254549, sdrt-health/mac:02010b41cdec/antenna/tag/e28068940000400386621d4f, 96
1652704012.308023, sdrt-health/mac:02010b41cdec/antenna/tag/e2806894000050038661fd4f, 91
1652704012.358791, sdrt-health/mac:02010b41cdec/antenna/tag/e28068940000400386621d4f, 96
1652704012.398687, sdrt-health/mac:02010b41cdec/antenna/tag/e2806894000050038661fd4f, 91
1652704012.462783, sdrt-health/mac:02010b41cdec/antenna/tag/e28068940000500386620d4f, 83
1652704012.463245, sdrt-health/mac:02010b41cdec/antenna/tag/e2806894000050038662154f, 93
1652704012.463626, sdrt-health/mac:02010b41cdec/antenna/tag/e28068940000400386621d4f, 77
1652704012.496139, sdrt-health/mac:02010b41cdec/antenna/tag/e2806894000050038662154f, 88
1652704012.538696, sdrt-health/mac:02010b41cdec/antenna/tag/e2806894000050038662154f, 88
1652704012.599858, sdrt-health/mac:02010b41cdec/antenna/tag/e2806894000050038661fd4f, 97
1652704012.600156, sdrt-health/mac:02010b41cdec/antenna/tag/e2806894000050038662154f, 88
1652704012.615759, sdrt-health/mac:02010b41cdec/antenna/tag/e2806894000050038662154f, 85
1652704012.628765, sdrt-health/mac:02010b41cdec/antenna/tag/e2806894000050038662154f, 85
1652704012.678818, sdrt-health/mac:02010b41cdec/antenna/tag/e2806894000050038662194f, 94
1652704012.718979, sdrt-health/mac:02010b41cdec/antenna/tag/e2806894000040038662114f, 91
1652704012.758383, sdrt-health/mac:02010b41cdec/antenna/tag/e2806894000040038662114f, 85
1652704012.798913, sdrt-health/mac:02010b41cdec/antenna/tag/e28068940000400386621d4f, 96
1652704012.855099, sdrt-health/mac:02010b41cdec/antenna/tag/e2806894000050038662154f, 88
1652704012.903403, sdrt-health/mac:02010b41cdec/antenna/tag/e28068940000400386621d4f, 96
1652704012.955453, sdrt-health/mac:02010b41cdec/antenna/tag/e2806894000050038662154f, 85
1652704012.955964, sdrt-health/mac:02010b41cdec/antenna/tag/e2806894000050038661fd4f, 97
1652704013.039382, sdrt-health/mac:02010b41cdec/antenna/tag/e2806894000040038662114f, 88
1652704013.079531, sdrt-health/mac:02010b41cdec/antenna/tag/e2806894000050038662154f, 88
1652704013.134556, sdrt-health/mac:02010b41cdec/antenna/tag/e2806894000050038662154f, 88
1652704013.135011, sdrt-health/mac:02010b41cdec/antenna/tag/e2806894000040038662114f, 85
1652704013.168924, sdrt-health/mac:02010b41cdec/antenna/tag/e28068940000500386620d4f, 83
1652704013.215224, sdrt-health/mac:02010b41cdec/antenna/tag/e2806894000050038662154f, 85
1652704013.260172, sdrt-health/mac:02010b41cdec/antenna/tag/e2806894000040038662214f, 81
1652704013.304295, sdrt-health/mac:02010b41cdec/antenna/tag/e28068940000400386621d4f, 77
1652704013.36577, sdrt-health/mac:02010b41cdec/antenna/tag/e2806894000050038662154f, 85
1652704013.366309, sdrt-health/mac:02010b41cdec/antenna/tag/e2806894000050038662154f, 93
1652704013.38408, sdrt-health/mac:02010b41cdec/antenna/tag/e28068940000500386620d4f, 97
1652704013.384335, sdrt-health/mac:02010b41cdec/antenna/tag/e28068940000400386621d4f, 77
1652704013.428205, sdrt-health/mac:02010b41cdec/antenna/tag/e2806894000050038662154f, 88
1652704013.480032, sdrt-health/mac:02010b41cdec/antenna/tag/e2806894000050038662154f, 88
1652704013.552106, sdrt-health/mac:02010b41cdec/antenna/tag/e2806894000050038661fd4f, 97
1652704013.552634, sdrt-health/mac:02010b41cdec/antenna/tag/e2806894000040038662114f, 88
1652704013.578767, sdrt-health/mac:02010b41cdec/antenna/tag/e28068940000500386620d4f, 83
1652704013.623544, sdrt-health/mac:02010b41cdec/antenna/tag/e2806894000050038661fd4f, 97
1652704013.697432, sdrt-health/mac:02010b41cdec/antenna/tag/e28068940000400386621d4f, 96
1652704013.698283, sdrt-health/mac:02010b41cdec/antenna/tag/e28068940000400386621d4f, 96
1652704013.7202, sdrt-health/mac:02010b41cdec/antenna/tag/e2806894000040038662114f, 88
1652704013.758561, sdrt-health/mac:02010b41cdec/antenna/tag/e2806894000040038662114f, 88
1652704013.791461, sdrt-health/mac:02010b41cdec/antenna/tag/e2806894000050038661fd4f, 83
1652704013.791947, sdrt-health/mac:02010b41cdec/antenna/tag/e28068940000500386620d4f, 83
1652704013.807228, sdrt-health/mac:02010b41cdec/antenna/tag/e28068940000500386620d4f, 97
1652704013.807694, sdrt-health/mac:02010b41cdec/antenna/tag/e2806894000050038661fd4f, 91
1652704013.807978, sdrt-health/mac:02010b41cdec/antenna/tag/e2806894000050038662154f, 93
1652704013.83896, sdrt-health/mac:02010b41cdec/antenna/tag/e2806894000040038662214f, 94
1652704013.924962, sdrt-health/mac:02010b41cdec/antenna/tag/e2806894000040038662114f, 85
1652704013.925421, sdrt-health/mac:02010b41cdec/antenna/tag/e2806894000040038661f94f, 81
1652704013.970113, sdrt-health/mac:02010b41cdec/antenna/tag/e28068940000400386621d4f, 77
1652704014.035575, sdrt-health/mac:02010b41cdec/antenna/tag/e2806894000040038662114f, 85
1652704014.036069, sdrt-health/mac:02010b41cdec/antenna/tag/e2806894000040038662114f, 85
1652704014.053984, sdrt-health/mac:02010b41cdec/antenna/tag/e28068940000400386621d4f, 96
1652704014.078454, sdrt-health/mac:02010b41cdec/antenna/tag/e2806894000050038662154f, 88
1652704014.118564, sdrt-health/mac:02010b41cdec/antenna/tag/e28068940000500386620d4f, 97
1652704014.190758, sdrt-health/mac:02010b41cdec/antenna/tag/e28068940000500386620d4f, 83
1652704014.19134, sdrt-health/mac:02010b41cdec/antenna/tag/e2806894000050038661fd4f, 88
1652704014.228599, sdrt-health/mac:02010b41cdec/antenna/tag/e28068940000500386620d4f, 91
1652704014.28008, sdrt-health/mac:02010b41cdec/antenna/tag/e28068940000400386621d4f, 77
1652704014.334742, sdrt-health/mac:02010b41cdec/antenna/tag/e2806894000040038662114f, 88
1652704014.335672, sdrt-health/mac:02010b41cdec/antenna/tag/e2806894000050038662154f, 85
1652704014.358301, sdrt-health/mac:02010b41cdec/antenna/tag/e28068940000500386620d4f, 97
1652704014.415712, sdrt-health/mac:02010b41cdec/antenna/tag/e2806894000040038662114f, 85
1652704014.41619, sdrt-health/mac:02010b41cdec/antenna/tag/e28068940000500386620d4f, 91
1652704014.431325, sdrt-health/mac:02010b41cdec/antenna/tag/e28068940000400386621d4f, 90
1652704014.439783, sdrt-health/mac:02010b41cdec/antenna/tag/e28068940000500386620d4f, 83
1652704014.448219, sdrt-health/mac:02010b41cdec/antenna/tag/e28068940000400386621d4f, 96
1652704014.514687, sdrt-health/mac:02010b41cdec/antenna/tag/e2806894000040038662114f, 85
1652704014.592226, sdrt-health/mac:02010b41cdec/antenna/tag/e28068940000500386620d4f, 97
1652704014.592791, sdrt-health/mac:02010b41cdec/antenna/tag/e2806894000050038661fd4f, 83
1652704014.593162, sdrt-health/mac:02010b41cdec/antenna/tag/e2806894000040038662114f, 85
1652704014.609017, sdrt-health/mac:02010b41cdec/antenna/tag/e28068940000500386620d4f, 83
1652704014.639962, sdrt-health/mac:02010b41cdec/antenna/tag/e28068940000500386620d4f, 83
1652704014.6402, sdrt-health/mac:02010b41cdec/antenna/tag/e2806894000040038662114f, 85
1652704014.640378, sdrt-health/mac:02010b41cdec/antenna/tag/e2806894000050038661fd4f, 83
1652704014.665521, sdrt-health/mac:02010b41cdec/antenna/tag/e2806894000050038661fd4f, 83
1652704014.709174, sdrt-health/mac:02010b41cdec/antenna/tag/e2806894000050038662194f, 88
1652704014.759814, sdrt-health/mac:02010b41cdec/antenna/tag/e2806894000040038662114f, 85
1652704014.814933, sdrt-health/mac:02010b41cdec/antenna/tag/e2806894000050038662194f, 81
1652704014.870536, sdrt-health/mac:02010b41cdec/antenna/tag/e2806894000050038662154f, 88
1652704014.901531, sdrt-health/mac:02010b41cdec/antenna/tag/e2806894000050038661fd4f, 83
1652704014.902084, sdrt-health/mac:02010b41cdec/antenna/tag/e2806894000050038662154f, 85
1652704014.918531, sdrt-health/mac:02010b41cdec/antenna/tag/e2806894000040038662114f, 85
1652704014.959111, sdrt-health/mac:02010b41cdec/antenna/tag/e28068940000400386621d4f, 96
1652704015.022297, sdrt-health/mac:02010b41cdec/antenna/tag/e2806894000050038661fd4f, 83
1652704015.022516, sdrt-health/mac:02010b41cdec/antenna/tag/e2806894000050038661fd4f, 97
1652704015.03813, sdrt-health/mac:02010b41cdec/antenna/tag/e28068940000400386621d4f, 90
1652704015.071874, sdrt-health/mac:02010b41cdec/antenna/tag/e2806894000050038661fd4f, 83
1652704015.072224, sdrt-health/mac:02010b41cdec/antenna/tag/e2806894000040038662114f, 88
1652704015.098858, sdrt-health/mac:02010b41cdec/antenna/tag/e2806894000040038662114f, 93
1652704015.167567, sdrt-health/mac:02010b41cdec/antenna/tag/e2806894000050038661fd4f, 91
1652704015.168063, sdrt-health/mac:02010b41cdec/antenna/tag/e28068940000400386621d4f, 77
1652704015.2041, sdrt-health/mac:02010b41cdec/antenna/tag/e2806894000050038662154f, 85
1652704015.240086, sdrt-health/mac:02010b41cdec/antenna/tag/e28068940000400386621d4f, 77
1652704015.278864, sdrt-health/mac:02010b41cdec/antenna/tag/e2806894000040038662214f, 88
1652704015.311751, sdrt-health/mac:02010b41cdec/antenna/tag/e28068940000500386620d4f, 83
1652704015.312072, sdrt-health/mac:02010b41cdec/antenna/tag/e28068940000400386621d4f, 77
1652704015.328079, sdrt-health/mac:02010b41cdec/antenna/tag/e2806894000050038662154f, 85
1652704015.358512, sdrt-health/mac:02010b41cdec/antenna/tag/e2806894000050038661fd4f, 97
1652704015.400117, sdrt-health/mac:02010b41cdec/antenna/tag/e2806894000050038661fd4f, 97
1652704015.43907, sdrt-health/mac:02010b41cdec/antenna/tag/e28068940000500386620d4f, 91
1652704015.524019, sdrt-health/mac:02010b41cdec/antenna/tag/e2806894000040038662114f, 85
1652704015.524557, sdrt-health/mac:02010b41cdec/antenna/tag/e2806894000040038662114f, 85
1652704015.540339, sdrt-health/mac:02010b41cdec/antenna/tag/e28068940000500386620d4f, 97
1652704015.568533, sdrt-health/mac:02010b41cdec/antenna/tag/e28068940000400386621d4f, 96
1652704015.601064, sdrt-health/mac:02010b41cdec/antenna/tag/e2806894000040038662114f, 85
1652704015.601272, sdrt-health/mac:02010b41cdec/antenna/tag/e2806894000040038662114f, 88
1652704015.617251, sdrt-health/mac:02010b41cdec/antenna/tag/e2806894000050038662194f, 94
1652704015.658162, sdrt-health/mac:02010b41cdec/antenna/tag/e2806894000040038662114f, 88
1652704015.761987, sdrt-health/mac:02010b41cdec/antenna/tag/e2806894000050038661fd4f, 88
1652704015.801538, sdrt-health/mac:02010b41cdec/antenna/tag/e2806894000040038662114f, 85
1652704015.838652, sdrt-health/mac:02010b41cdec/antenna/tag/e28068940000400386621d4f, 77
1652704015.87051, sdrt-health/mac:02010b41cdec/antenna/tag/e28068940000500386620d4f, 83
1652704015.870854, sdrt-health/mac:02010b41cdec/antenna/tag/e2806894000050038661fd4f, 91
1652704015.88623, sdrt-health/mac:02010b41cdec/antenna/tag/e2806894000050038662154f, 85
1652704015.917645, sdrt-health/mac:02010b41cdec/antenna/tag/e2806894000040038662114f, 88
1652704015.97732, sdrt-health/mac:02010b41cdec/antenna/tag/e28068940000400386621d4f, 96
1652704015.977773, sdrt-health/mac:02010b41cdec/antenna/tag/e28068940000400386621d4f, 96
1652704015.993988, sdrt-health/mac:02010b41cdec/antenna/tag/e2806894000050038661fd4f, 97
1652704015.998874, sdrt-health/mac:02010b41cdec/antenna/tag/e2806894000050038662154f, 88
1652704016.041342, sdrt-health/mac:02010b41cdec/antenna/tag/e2806894000040038662114f, 85
1652704016.079086, sdrt-health/mac:02010b41cdec/antenna/tag/e28068940000500386620d4f, 97
1652704016.191594, sdrt-health/mac:02010b41cdec/antenna/tag/e2806894000050038662154f, 85
1652704016.192162, sdrt-health/mac:02010b41cdec/antenna/tag/e2806894000050038662154f, 85
1652704016.219083, sdrt-health/mac:02010b41cdec/antenna/tag/e28068940000500386620d4f, 83
1652704016.280996, sdrt-health/mac:02010b41cdec/antenna/tag/e28068940000400386621d4f, 77
1652704016.281444, sdrt-health/mac:02010b41cdec/antenna/tag/e28068940000400386621d4f, 96
1652704016.309086, sdrt-health/mac:02010b41cdec/antenna/tag/e2806894000050038662194f, 88
1652704016.367622, sdrt-health/mac:02010b41cdec/antenna/tag/e2806894000050038662154f, 93
1652704016.430899, sdrt-health/mac:02010b41cdec/antenna/tag/e2806894000050038662194f, 97
1652704016.431412, sdrt-health/mac:02010b41cdec/antenna/tag/e2806894000040038662054f, 84
1652704016.466237, sdrt-health/mac:02010b41cdec/antenna/tag/e2806894000040038662114f, 85
1652704016.522795, sdrt-health/mac:02010b41cdec/antenna/tag/e2806894000040038662214f, 94
1652704016.554765, sdrt-health/mac:02010b41cdec/antenna/tag/e28068940000400386621d4f, 77
1652704016.555134, sdrt-health/mac:02010b41cdec/antenna/tag/e2806894000050038662194f, 81
1652704016.555382, sdrt-health/mac:02010b41cdec/antenna/tag/e28068940000400386621d4f, 77
1652704016.574479, sdrt-health/mac:02010b41cdec/antenna/tag/e28068940000400386621d4f, 77
1652704016.633664, sdrt-health/mac:02010b41cdec/antenna/tag/e2806894000050038662154f, 87
1652704016.634076, sdrt-health/mac:02010b41cdec/antenna/tag/e2806894000050038662154f, 83
1652704016.663732, sdrt-health/mac:02010b41cdec/antenna/tag/e2806894000040038662114f, 93
1652704016.708436, sdrt-health/mac:02010b41cdec/antenna/tag/e2806894000050038662154f, 87
1652704016.759346, sdrt-health/mac:02010b41cdec/antenna/tag/e28068940000500386620d4f, 83
1652704016.815871, sdrt-health/mac:02010b41cdec/antenna/tag/e2806894000040038662114f, 85
1652704016.816358, sdrt-health/mac:02010b41cdec/antenna/tag/e2806894000040038662114f, 85
1652704016.832271, sdrt-health/mac:02010b41cdec/antenna/tag/e2806894000050038662154f, 88
1652704016.849191, sdrt-health/mac:02010b41cdec/antenna/tag/e2806894000050038661fd4f, 97
1652704016.925239, sdrt-health/mac:02010b41cdec/antenna/tag/e2806894000040038662114f, 93
1652704016.925704, sdrt-health/mac:02010b41cdec/antenna/tag/e2806894000050038662194f, 94
1652704016.948776, sdrt-health/mac:02010b41cdec/antenna/tag/e2806894000050038661fd4f, 97
1652704016.998454, sdrt-health/mac:02010b41cdec/antenna/tag/e2806894000050038662194f, 84
1652704017.031453, sdrt-health/mac:02010b41cdec/antenna/tag/e2806894000040038662114f, 85
1652704017.031773, sdrt-health/mac:02010b41cdec/antenna/tag/e2806894000050038661fd4f, 88
1652704017.054838, sdrt-health/mac:02010b41cdec/antenna/tag/e2806894000050038662154f, 85
1652704017.09813, sdrt-health/mac:02010b41cdec/antenna/tag/e28068940000400386621d4f, 96
1652704017.142778, sdrt-health/mac:02010b41cdec/antenna/tag/e2806894000040038662114f, 88
1652704017.240143, sdrt-health/mac:02010b41cdec/antenna/tag/e2806894000050038662154f, 88
1652704017.240631, sdrt-health/mac:02010b41cdec/antenna/tag/e2806894000040038662114f, 88
1652704017.268843, sdrt-health/mac:02010b41cdec/antenna/tag/e2806894000050038662194f, 83
1652704017.355183, sdrt-health/mac:02010b41cdec/antenna/tag/e2806894000050038661fd4f, 97
1652704017.355752, sdrt-health/mac:02010b41cdec/antenna/tag/e28068940000500386620d4f, 83
1652704017.383833, sdrt-health/mac:02010b41cdec/antenna/tag/e2806894000040038662114f, 85
1652704017.428679, sdrt-health/mac:02010b41cdec/antenna/tag/e2806894000040038662114f, 88
1652704017.478677, sdrt-health/mac:02010b41cdec/antenna/tag/e2806894000050038661fd4f, 83
1652704017.510336, sdrt-health/mac:02010b41cdec/antenna/tag/e2806894000050038661fd4f, 97
1652704017.510653, sdrt-health/mac:02010b41cdec/antenna/tag/e2806894000040038662114f, 88
1652704017.525817, sdrt-health/mac:02010b41cdec/antenna/tag/e28068940000400386621d4f, 96
1652704017.578028, sdrt-health/mac:02010b41cdec/antenna/tag/e2806894000040038662114f, 91
1652704017.637904, sdrt-health/mac:02010b41cdec/antenna/tag/e2806894000050038662154f, 85
1652704017.638366, sdrt-health/mac:02010b41cdec/antenna/tag/e2806894000050038661fd4f, 83
1652704017.669093, sdrt-health/mac:02010b41cdec/antenna/tag/e28068940000400386621d4f, 96
1652704017.718508, sdrt-health/mac:02010b41cdec/antenna/tag/e28068940000500386620d4f, 83
1652704017.758232, sdrt-health/mac:02010b41cdec/antenna/tag/e28068940000500386620d4f, 83
1652704017.799308, sdrt-health/mac:02010b41cdec/antenna/tag/e2806894000040038662114f, 85
1652704017.838617, sdrt-health/mac:02010b41cdec/antenna/tag/e2806894000040038662114f, 85
1652704017.95783, sdrt-health/mac:02010b41cdec/antenna/tag/e2806894000040038662114f, 85
1652704017.958282, sdrt-health/mac:02010b41cdec/antenna/tag/e2806894000040038662114f, 85
1652704018.021614, sdrt-health/mac:02010b41cdec/antenna/tag/e28068940000400386621d4f, 77
1652704018.022088, sdrt-health/mac:02010b41cdec/antenna/tag/e2806894000050038662154f, 93
1652704018.037753, sdrt-health/mac:02010b41cdec/antenna/tag/e28068940000400386621d4f, 77
1652704018.06883, sdrt-health/mac:02010b41cdec/antenna/tag/e28068940000500386620d4f, 83
1652704018.133119, sdrt-health/mac:02010b41cdec/antenna/tag/e2806894000050038662194f, 88
1652704018.133618, sdrt-health/mac:02010b41cdec/antenna/tag/e28068940000500386620d4f, 97
1652704018.148817, sdrt-health/mac:02010b41cdec/antenna/tag/e28068940000400386621d4f, 96
1652704018.200031, sdrt-health/mac:02010b41cdec/antenna/tag/e28068940000400386621d4f, 96
1652704018.200498, sdrt-health/mac:02010b41cdec/antenna/tag/e2806894000040038662114f, 85
1652704018.21627, sdrt-health/mac:02010b41cdec/antenna/tag/e28068940000500386620d4f, 97
1652704018.216548, sdrt-health/mac:02010b41cdec/antenna/tag/e28068940000400386621d4f, 96
1652704018.216719, sdrt-health/mac:02010b41cdec/antenna/tag/e28068940000400386621d4f, 77
1652704018.227838, sdrt-health/mac:02010b41cdec/antenna/tag/e28068940000400386621d4f, 77
1652704018.231695, sdrt-health/mac:02010b41cdec/antenna/tag/e2806894000050038662194f, 83
1652704018.286478, sdrt-health/mac:02010b41cdec/antenna/tag/e2806894000040038662114f, 93
1652704018.375584, sdrt-health/mac:02010b41cdec/antenna/tag/e28068940000500386620d4f, 83
1652704018.376031, sdrt-health/mac:02010b41cdec/antenna/tag/e2806894000040038662114f, 85
1652704018.398436, sdrt-health/mac:02010b41cdec/antenna/tag/e2806894000040038662114f, 93
1652704018.44014, sdrt-health/mac:02010b41cdec/antenna/tag/e2806894000050038662154f, 88
1652704018.473028, sdrt-health/mac:02010b41cdec/antenna/tag/e2806894000050038661fd4f, 97
1652704018.473233, sdrt-health/mac:02010b41cdec/antenna/tag/e28068940000500386620d4f, 83
1652704018.494154, sdrt-health/mac:02010b41cdec/antenna/tag/e28068940000500386620d4f, 83
1652704018.553534, sdrt-health/mac:02010b41cdec/antenna/tag/e2806894000050038661fd4f, 97
1652704018.553987, sdrt-health/mac:02010b41cdec/antenna/tag/e28068940000400386621d4f, 96
1652704018.568375, sdrt-health/mac:02010b41cdec/antenna/tag/e28068940000400386621d4f, 96
1652704018.599907, sdrt-health/mac:02010b41cdec/antenna/tag/e28068940000400386621d4f, 96
1652704018.655124, sdrt-health/mac:02010b41cdec/antenna/tag/e28068940000400386621d4f, 96
1652704018.714357, sdrt-health/mac:02010b41cdec/antenna/tag/e2806894000040038662114f, 88
1652704018.714821, sdrt-health/mac:02010b41cdec/antenna/tag/e28068940000400386621d4f, 77
1652704018.72914, sdrt-health/mac:02010b41cdec/antenna/tag/e28068940000400386621d4f, 77
1652704018.742298, sdrt-health/mac:02010b41cdec/antenna/tag/e28068940000400386621d4f, 90
1652704018.796518, sdrt-health/mac:02010b41cdec/antenna/tag/e2806894000040038662114f, 85
1652704018.843014, sdrt-health/mac:02010b41cdec/antenna/tag/e28068940000400386621d4f, 96
1652704018.874673, sdrt-health/mac:02010b41cdec/antenna/tag/e2806894000040038662114f, 85
1652704018.875041, sdrt-health/mac:02010b41cdec/antenna/tag/e28068940000400386621d4f, 96
1652704018.894812, sdrt-health/mac:02010b41cdec/antenna/tag/e2806894000040038661f94f, 82
1652704018.939487, sdrt-health/mac:02010b41cdec/antenna/tag/e28068940000400386621d4f, 77
1652704019.026581, sdrt-health/mac:02010b41cdec/antenna/tag/e2806894000040038662114f, 85
1652704019.079678, sdrt-health/mac:02010b41cdec/antenna/tag/e2806894000050038662154f, 88
1652704019.082775, sdrt-health/mac:02010b41cdec/antenna/tag/e2806894000050038662154f, 88
1652704019.120908, sdrt-health/mac:02010b41cdec/antenna/tag/e2806894000050038662154f, 88
1652704019.199439, sdrt-health/mac:02010b41cdec/antenna/tag/e2806894000050038662154f, 93
1652704019.279344, sdrt-health/mac:02010b41cdec/antenna/tag/e2806894000040038662114f, 85
1652704019.318298, sdrt-health/mac:02010b41cdec/antenna/tag/e28068940000400386621d4f, 96
1652704019.390423, sdrt-health/mac:02010b41cdec/antenna/tag/e28068940000500386620d4f, 97
1652704019.390957, sdrt-health/mac:02010b41cdec/antenna/tag/e2806894000050038661fd4f, 97
1652704019.429434, sdrt-health/mac:02010b41cdec/antenna/tag/e28068940000400386621d4f, 96
1652704019.460766, sdrt-health/mac:02010b41cdec/antenna/tag/e2806894000050038661fd4f, 83
1652704019.461104, sdrt-health/mac:02010b41cdec/antenna/tag/e2806894000040038662114f, 85
1652704019.480138, sdrt-health/mac:02010b41cdec/antenna/tag/e2806894000040038662114f, 85
1652704019.533804, sdrt-health/mac:02010b41cdec/antenna/tag/e2806894000050038662154f, 88
1652704019.534277, sdrt-health/mac:02010b41cdec/antenna/tag/e28068940000400386621d4f, 96
1652704019.552832, sdrt-health/mac:02010b41cdec/antenna/tag/e2806894000040038662114f, 85
1652704019.557761, sdrt-health/mac:02010b41cdec/antenna/tag/e28068940000400386621d4f, 96
1652704019.569613, sdrt-health/mac:02010b41cdec/antenna/tag/e28068940000500386620d4f, 97
1652704019.598786, sdrt-health/mac:02010b41cdec/antenna/tag/e2806894000050038661fd4f, 97
1652704019.655234, sdrt-health/mac:02010b41cdec/antenna/tag/e28068940000400386621d4f, 96
1652704019.655741, sdrt-health/mac:02010b41cdec/antenna/tag/e2806894000050038661fd4f, 97
1652704019.705231, sdrt-health/mac:02010b41cdec/antenna/tag/e28068940000400386621d4f, 96
1652704019.749408, sdrt-health/mac:02010b41cdec/antenna/tag/e28068940000500386620d4f, 97
1652704019.81514, sdrt-health/mac:02010b41cdec/antenna/tag/e2806894000040038662114f, 85
1652704019.815627, sdrt-health/mac:02010b41cdec/antenna/tag/e2806894000040038662214f, 81
1652704019.832587, sdrt-health/mac:02010b41cdec/antenna/tag/e2806894000040038662114f, 88
1652704019.838239, sdrt-health/mac:02010b41cdec/antenna/tag/e28068940000400386621d4f, 77
1652704019.848133, sdrt-health/mac:02010b41cdec/antenna/tag/e2806894000050038661fd4f, 91
1652704019.848322, sdrt-health/mac:02010b41cdec/antenna/tag/e28068940000500386620d4f, 97
1652704019.889111, sdrt-health/mac:02010b41cdec/antenna/tag/e2806894000040038662114f, 85
1652704019.935384, sdrt-health/mac:02010b41cdec/antenna/tag/e2806894000050038661fd4f, 91
1652704019.993835, sdrt-health/mac:02010b41cdec/antenna/tag/e2806894000040038662114f, 85
1652704019.994367, sdrt-health/mac:02010b41cdec/antenna/tag/e28068940000500386620d4f, 83
1652704020.010152, sdrt-health/mac:02010b41cdec/antenna/tag/e28068940000500386620d4f, 97
1652704020.038516, sdrt-health/mac:02010b41cdec/antenna/tag/e28068940000400386621d4f, 96
1652704020.095214, sdrt-health/mac:02010b41cdec/antenna/tag/e28068940000400386621d4f, 96
1652704020.155913, sdrt-health/mac:02010b41cdec/antenna/tag/e2806894000050038662194f, 81
1652704020.200618, sdrt-health/mac:02010b41cdec/antenna/tag/e2806894000050038662154f, 85
1652704020.231777, sdrt-health/mac:02010b41cdec/antenna/tag/e28068940000500386620d4f, 83
1652704020.232132, sdrt-health/mac:02010b41cdec/antenna/tag/e2806894000040038662114f, 88
1652704020.247878, sdrt-health/mac:02010b41cdec/antenna/tag/e2806894000040038662114f, 91
1652704020.24809, sdrt-health/mac:02010b41cdec/antenna/tag/e2806894000050038662154f, 85
1652704020.279641, sdrt-health/mac:02010b41cdec/antenna/tag/e2806894000050038662154f, 93
1652704020.319563, sdrt-health/mac:02010b41cdec/antenna/tag/e2806894000040038662214f, 81
1652704020.373243, sdrt-health/mac:02010b41cdec/antenna/tag/e28068940000500386620d4f, 97
1652704020.373731, sdrt-health/mac:02010b41cdec/antenna/tag/e2806894000050038662154f, 93
1652704020.390727, sdrt-health/mac:02010b41cdec/antenna/tag/e28068940000500386620d4f, 91
1652704020.399487, sdrt-health/mac:02010b41cdec/antenna/tag/e2806894000040038662214f, 94
1652704020.449447, sdrt-health/mac:02010b41cdec/antenna/tag/e28068940000400386621d4f, 96
1652704020.495831, sdrt-health/mac:02010b41cdec/antenna/tag/e2806894000050038661fd4f, 83
1652704020.55849, sdrt-health/mac:02010b41cdec/antenna/tag/e2806894000050038661fd4f, 97
1652704020.59894, sdrt-health/mac:02010b41cdec/antenna/tag/e2806894000040038662114f, 93
1652704020.660746, sdrt-health/mac:02010b41cdec/antenna/tag/e2806894000050038662154f, 88
1652704020.661244, sdrt-health/mac:02010b41cdec/antenna/tag/e2806894000050038661fd4f, 97
1652704020.677007, sdrt-health/mac:02010b41cdec/antenna/tag/e2806894000050038662154f, 88
1652704020.678532, sdrt-health/mac:02010b41cdec/antenna/tag/e2806894000050038662154f, 93
1652704020.73461, sdrt-health/mac:02010b41cdec/antenna/tag/e2806894000050038661fd4f, 88
1652704020.778658, sdrt-health/mac:02010b41cdec/antenna/tag/e28068940000400386621d4f, 77
1652704020.84746, sdrt-health/mac:02010b41cdec/antenna/tag/e2806894000040038662214f, 94
1652704020.847952, sdrt-health/mac:02010b41cdec/antenna/tag/e28068940000400386621d4f, 96
1652704020.8686, sdrt-health/mac:02010b41cdec/antenna/tag/e2806894000050038661fd4f, 97
1652704020.900174, sdrt-health/mac:02010b41cdec/antenna/tag/e28068940000400386621d4f, 96
1652704020.900428, sdrt-health/mac:02010b41cdec/antenna/tag/e2806894000050038662154f, 88
1652704020.918458, sdrt-health/mac:02010b41cdec/antenna/tag/e28068940000400386621d4f, 96
1652704020.97614, sdrt-health/mac:02010b41cdec/antenna/tag/e2806894000040038662114f, 85
1652704020.976606, sdrt-health/mac:02010b41cdec/antenna/tag/e2806894000040038662114f, 85
1652704020.998696, sdrt-health/mac:02010b41cdec/antenna/tag/e2806894000050038662154f, 88
1652704021.039383, sdrt-health/mac:02010b41cdec/antenna/tag/e2806894000050038661fd4f, 97
1652704021.078397, sdrt-health/mac:02010b41cdec/antenna/tag/e2806894000040038662114f, 85
1652704021.134841, sdrt-health/mac:02010b41cdec/antenna/tag/e2806894000050038662154f, 88
1652704021.193711, sdrt-health/mac:02010b41cdec/antenna/tag/e28068940000500386620d4f, 97
1652704021.194187, sdrt-health/mac:02010b41cdec/antenna/tag/e28068940000400386621d4f, 96
1652704021.209262, sdrt-health/mac:02010b41cdec/antenna/tag/e2806894000050038662154f, 88
1652704021.221987, sdrt-health/mac:02010b41cdec/antenna/tag/e2806894000050038662154f, 85
1652704021.225963, sdrt-health/mac:02010b41cdec/antenna/tag/e28068940000500386620d4f, 83
1652704021.226311, sdrt-health/mac:02010b41cdec/antenna/tag/e2806894000050038661fd4f, 91
1652704021.269002, sdrt-health/mac:02010b41cdec/antenna/tag/e2806894000050038661fd4f, 91
1652704021.328789, sdrt-health/mac:02010b41cdec/antenna/tag/e28068940000400386621d4f, 77
1652704021.400555, sdrt-health/mac:02010b41cdec/antenna/tag/e2806894000050038662154f, 88
1652704021.401043, sdrt-health/mac:02010b41cdec/antenna/tag/e28068940000500386620d4f, 83
1652704021.430511, sdrt-health/mac:02010b41cdec/antenna/tag/e28068940000400386621d4f, 96
1652704021.494676, sdrt-health/mac:02010b41cdec/antenna/tag/e28068940000400386621d4f, 96
1652704021.495139, sdrt-health/mac:02010b41cdec/antenna/tag/e28068940000400386621d4f, 90
1652704021.509764, sdrt-health/mac:02010b41cdec/antenna/tag/e2806894000050038661fd4f, 91
1652704021.518781, sdrt-health/mac:02010b41cdec/antenna/tag/e2806894000050038662154f, 88
1652704021.525824, sdrt-health/mac:02010b41cdec/antenna/tag/e28068940000400386621d4f, 96
1652704021.526131, sdrt-health/mac:02010b41cdec/antenna/tag/e2806894000040038662114f, 85
1652704021.558508, sdrt-health/mac:02010b41cdec/antenna/tag/e28068940000500386620d4f, 83
1652704021.614046, sdrt-health/mac:02010b41cdec/antenna/tag/e2806894000050038662154f, 85
1652704021.614363, sdrt-health/mac:02010b41cdec/antenna/tag/e2806894000050038662154f, 93
1652704021.630783, sdrt-health/mac:02010b41cdec/antenna/tag/e2806894000050038661fd4f, 88
1652704021.638744, sdrt-health/mac:02010b41cdec/antenna/tag/e28068940000400386621d4f, 77
1652704021.646772, sdrt-health/mac:02010b41cdec/antenna/tag/e28068940000500386620d4f, 83
1652704021.694368, sdrt-health/mac:02010b41cdec/antenna/tag/e28068940000400386621d4f, 77
1652704021.774463, sdrt-health/mac:02010b41cdec/antenna/tag/e28068940000400386621d4f, 77
1652704021.819464, sdrt-health/mac:02010b41cdec/antenna/tag/e2806894000040038662114f, 85
1652704021.86272, sdrt-health/mac:02010b41cdec/antenna/tag/e2806894000040038662114f, 93
1652704021.90822, sdrt-health/mac:02010b41cdec/antenna/tag/e2806894000040038662114f, 93
1652704021.974867, sdrt-health/mac:02010b41cdec/antenna/tag/e28068940000400386621d4f, 96
1652704021.975323, sdrt-health/mac:02010b41cdec/antenna/tag/e2806894000050038661fd4f, 97
1652704022.023839, sdrt-health/mac:02010b41cdec/antenna/tag/e2806894000050038662154f, 85
1652704022.059331, sdrt-health/mac:02010b41cdec/antenna/tag/e2806894000040038662114f, 85
1652704022.059775, sdrt-health/mac:02010b41cdec/antenna/tag/e28068940000500386620d4f, 83
1652704022.060123, sdrt-health/mac:02010b41cdec/antenna/tag/e2806894000040038662114f, 85
1652704022.060463, sdrt-health/mac:02010b41cdec/antenna/tag/e2806894000050038662154f, 85
1652704022.075846, sdrt-health/mac:02010b41cdec/antenna/tag/e28068940000500386620d4f, 83
1652704022.139692, sdrt-health/mac:02010b41cdec/antenna/tag/e2806894000050038662194f, 84
1652704022.18475, sdrt-health/mac:02010b41cdec/antenna/tag/e2806894000050038661fd4f, 97
1652704022.229037, sdrt-health/mac:02010b41cdec/antenna/tag/e28068940000500386620d4f, 83
1652704022.278351, sdrt-health/mac:02010b41cdec/antenna/tag/e2806894000050038661fd4f, 91
1652704022.310401, sdrt-health/mac:02010b41cdec/antenna/tag/e28068940000500386620d4f, 83
1652704022.310666, sdrt-health/mac:02010b41cdec/antenna/tag/e2806894000040038662114f, 85
1652704022.310845, sdrt-health/mac:02010b41cdec/antenna/tag/e2806894000050038662154f, 93
1652704022.325876, sdrt-health/mac:02010b41cdec/antenna/tag/e2806894000050038662154f, 87
1652704022.369596, sdrt-health/mac:02010b41cdec/antenna/tag/e28068940000500386620d4f, 83
1652704022.441264, sdrt-health/mac:02010b41cdec/antenna/tag/e28068940000500386620d4f, 83
1652704022.441812, sdrt-health/mac:02010b41cdec/antenna/tag/e2806894000050038662154f, 85
1652704022.458617, sdrt-health/mac:02010b41cdec/antenna/tag/e28068940000400386621d4f, 77
1652704022.470676, sdrt-health/mac:02010b41cdec/antenna/tag/e2806894000050038661fd4f, 83
1652704022.475779, sdrt-health/mac:02010b41cdec/antenna/tag/e28068940000500386620d4f, 83
1652704022.518675, sdrt-health/mac:02010b41cdec/antenna/tag/e2806894000040038662114f, 85
1652704022.559525, sdrt-health/mac:02010b41cdec/antenna/tag/e2806894000040038662114f, 85
1652704022.619304, sdrt-health/mac:02010b41cdec/antenna/tag/e2806894000050038662154f, 85
1652704022.62076, sdrt-health/mac:02010b41cdec/antenna/tag/e28068940000500386620d4f, 97
1652704022.637269, sdrt-health/mac:02010b41cdec/antenna/tag/e28068940000500386620d4f, 83
1652704022.63942, sdrt-health/mac:02010b41cdec/antenna/tag/e28068940000500386620d4f, 83
1652704022.654024, sdrt-health/mac:02010b41cdec/antenna/tag/e2806894000050038662154f, 85
1652704022.654303, sdrt-health/mac:02010b41cdec/antenna/tag/e2806894000040038662114f, 85
1652704022.679102, sdrt-health/mac:02010b41cdec/antenna/tag/e28068940000500386620d4f, 83
1652704022.718965, sdrt-health/mac:02010b41cdec/antenna/tag/e2806894000050038662194f, 81
1652704022.788784, sdrt-health/mac:02010b41cdec/antenna/tag/e2806894000050038662194f, 82
1652704022.838819, sdrt-health/mac:02010b41cdec/antenna/tag/e2806894000050038662154f, 87
1652704022.894727, sdrt-health/mac:02010b41cdec/antenna/tag/e2806894000040038662114f, 85
1652704022.895204, sdrt-health/mac:02010b41cdec/antenna/tag/e2806894000040038662114f, 93
1652704022.920544, sdrt-health/mac:02010b41cdec/antenna/tag/e2806894000050038662154f, 93
1652704022.954127, sdrt-health/mac:02010b41cdec/antenna/tag/e28068940000400386621d4f, 77
1652704022.9544, sdrt-health/mac:02010b41cdec/antenna/tag/e28068940000500386620d4f, 97
1652704022.95468, sdrt-health/mac:02010b41cdec/antenna/tag/e2806894000050038661fd4f, 91
1652704022.970823, sdrt-health/mac:02010b41cdec/antenna/tag/e2806894000040038662214f, 88
1652704022.971034, sdrt-health/mac:02010b41cdec/antenna/tag/e2806894000040038662214f, 88
1652704022.997222, sdrt-health/mac:02010b41cdec/antenna/tag/e2806894000040038662114f, 88
1652704023.038848, sdrt-health/mac:02010b41cdec/antenna/tag/e28068940000500386620d4f, 83
1652704023.078675, sdrt-health/mac:02010b41cdec/antenna/tag/e28068940000400386621d4f, 77
1652704023.137109, sdrt-health/mac:02010b41cdec/antenna/tag/e2806894000050038661fd4f, 97
1652704023.1375, sdrt-health/mac:02010b41cdec/antenna/tag/e2806894000050038661fd4f, 91
1652704023.15882, sdrt-health/mac:02010b41cdec/antenna/tag/e2806894000050038662194f, 84
1652704023.228777, sdrt-health/mac:02010b41cdec/antenna/tag/e2806894000050038662194f, 81
1652704023.269509, sdrt-health/mac:02010b41cdec/antenna/tag/e2806894000040038662114f, 85
1652704023.328465, sdrt-health/mac:02010b41cdec/antenna/tag/e2806894000040038662114f, 88
1652704023.407295, sdrt-health/mac:02010b41cdec/antenna/tag/e28068940000500386620d4f, 86
1652704023.407785, sdrt-health/mac:02010b41cdec/antenna/tag/e2806894000040038662114f, 88
1652704023.702992, sdrt-health/mac:02010b41cdec/antenna/tag/e2806894000040038662114f, 85
1652704023.73568, sdrt-health/mac:02010b41cdec/antenna/tag/e28068940000400386621d4f, 96
1652704023.735919, sdrt-health/mac:02010b41cdec/antenna/tag/e28068940000400386621d4f, 77
1652704023.736083, sdrt-health/mac:02010b41cdec/antenna/tag/e2806894000040038662114f, 85
1652704023.736237, sdrt-health/mac:02010b41cdec/antenna/tag/e2806894000040038662114f, 85
1652704023.736392, sdrt-health/mac:02010b41cdec/antenna/tag/e2806894000050038661fd4f, 91
1652704023.736547, sdrt-health/mac:02010b41cdec/antenna/tag/e2806894000050038661fd4f, 91
1652704023.7368, sdrt-health/mac:02010b41cdec/antenna/tag/e2806894000050038661fd4f, 97
1652704023.737114, sdrt-health/mac:02010b41cdec/antenna/tag/e28068940000400386621d4f, 96
1652704023.737405, sdrt-health/mac:02010b41cdec/antenna/tag/e2806894000040038662114f, 88
1652704023.737752, sdrt-health/mac:02010b41cdec/antenna/tag/e2806894000050038661fd4f, 97
1652704023.738142, sdrt-health/mac:02010b41cdec/antenna/tag/e28068940000500386620d4f, 83
1652704023.738418, sdrt-health/mac:02010b41cdec/antenna/tag/e2806894000040038662114f, 88
1652704023.753368, sdrt-health/mac:02010b41cdec/antenna/tag/e2806894000050038662194f, 83
1652704023.753559, sdrt-health/mac:02010b41cdec/antenna/tag/e28068940000400386621d4f, 77
1652704023.829639, sdrt-health/mac:02010b41cdec/antenna/tag/e2806894000040038662054f, 88
1652704023.878485, sdrt-health/mac:02010b41cdec/antenna/tag/e28068940000400386621d4f, 77
1652704023.91958, sdrt-health/mac:02010b41cdec/antenna/tag/e2806894000050038662154f, 85
1652704023.960406, sdrt-health/mac:02010b41cdec/antenna/tag/e2806894000050038662154f, 85
1652704023.992553, sdrt-health/mac:02010b41cdec/antenna/tag/e2806894000050038662154f, 88
1652704023.992979, sdrt-health/mac:02010b41cdec/antenna/tag/e2806894000050038661fd4f, 97
1652704024.00811, sdrt-health/mac:02010b41cdec/antenna/tag/e2806894000040038662114f, 85
1652704024.008757, sdrt-health/mac:02010b41cdec/antenna/tag/e28068940000500386620d4f, 97
1652704024.081593, sdrt-health/mac:02010b41cdec/antenna/tag/e28068940000400386621d4f, 96
1652704024.128154, sdrt-health/mac:02010b41cdec/antenna/tag/e28068940000400386621d4f, 96
1652704024.129418, sdrt-health/mac:02010b41cdec/antenna/tag/e28068940000500386620d4f, 83
1652704024.143684, sdrt-health/mac:02010b41cdec/antenna/tag/e2806894000040038662114f, 88
1652704024.174609, sdrt-health/mac:02010b41cdec/antenna/tag/e2806894000040038662114f, 88
1652704024.218116, sdrt-health/mac:02010b41cdec/antenna/tag/e28068940000400386621d4f, 77
1652704024.318987, sdrt-health/mac:02010b41cdec/antenna/tag/e2806894000040038662114f, 85
1652704024.378884, sdrt-health/mac:02010b41cdec/antenna/tag/e2806894000050038662154f, 85
1652704024.379497, sdrt-health/mac:02010b41cdec/antenna/tag/e2806894000050038662194f, 94
1652704024.422399, sdrt-health/mac:02010b41cdec/antenna/tag/e28068940000500386620d4f, 83
1652704024.477019, sdrt-health/mac:02010b41cdec/antenna/tag/e28068940000500386620d4f, 83
1652704024.535277, sdrt-health/mac:02010b41cdec/antenna/tag/e2806894000050038662154f, 93
1652704024.535788, sdrt-health/mac:02010b41cdec/antenna/tag/e2806894000050038662154f, 85
1652704024.536127, sdrt-health/mac:02010b41cdec/antenna/tag/e2806894000050038662194f, 81
1652704024.551543, sdrt-health/mac:02010b41cdec/antenna/tag/e2806894000050038661fd4f, 91
1652704024.559269, sdrt-health/mac:02010b41cdec/antenna/tag/e2806894000040038662114f, 85
1652704024.59845, sdrt-health/mac:02010b41cdec/antenna/tag/e2806894000050038661fd4f, 97
1652704024.639369, sdrt-health/mac:02010b41cdec/antenna/tag/e28068940000500386620d4f, 83
1652704024.70465, sdrt-health/mac:02010b41cdec/antenna/tag/e2806894000040038662114f, 85
1652704024.705111, sdrt-health/mac:02010b41cdec/antenna/tag/e28068940000500386620d4f, 83
1652704024.735315, sdrt-health/mac:02010b41cdec/antenna/tag/e2806894000050038661fd4f, 88
1652704024.765261, sdrt-health/mac:02010b41cdec/antenna/tag/e28068940000400386621d4f, 77
1652704024.765675, sdrt-health/mac:02010b41cdec/antenna/tag/e28068940000400386621d4f, 77
1652704024.781322, sdrt-health/mac:02010b41cdec/antenna/tag/e2806894000050038661fd4f, 88
1652704024.824286, sdrt-health/mac:02010b41cdec/antenna/tag/e2806894000040038662114f, 85
1652704024.870779, sdrt-health/mac:02010b41cdec/antenna/tag/e2806894000050038662154f, 88
1652704024.926535, sdrt-health/mac:02010b41cdec/antenna/tag/e28068940000400386621d4f, 77
1652704024.974976, sdrt-health/mac:02010b41cdec/antenna/tag/e2806894000050038662154f, 88
1652704025.034535, sdrt-health/mac:02010b41cdec/antenna/tag/e2806894000040038662114f, 88
1652704025.034995, sdrt-health/mac:02010b41cdec/antenna/tag/e2806894000050038662154f, 85
1652704025.051056, sdrt-health/mac:02010b41cdec/antenna/tag/e2806894000050038662154f, 85
1652704025.05147, sdrt-health/mac:02010b41cdec/antenna/tag/e2806894000050038661fd4f, 83
1652704025.06317, sdrt-health/mac:02010b41cdec/antenna/tag/e2806894000040038662114f, 88
1652704025.067403, sdrt-health/mac:02010b41cdec/antenna/tag/e28068940000400386621d4f, 96
1652704025.109725, sdrt-health/mac:02010b41cdec/antenna/tag/e2806894000050038661fd4f, 91
1652704025.16607, sdrt-health/mac:02010b41cdec/antenna/tag/e28068940000400386621d4f, 96
1652704025.215226, sdrt-health/mac:02010b41cdec/antenna/tag/e2806894000050038662194f, 94
1652704025.259229, sdrt-health/mac:02010b41cdec/antenna/tag/e28068940000400386621d4f, 96
1652704025.292712, sdrt-health/mac:02010b41cdec/antenna/tag/e28068940000400386621d4f, 96
1652704025.29319, sdrt-health/mac:02010b41cdec/antenna/tag/e2806894000050038662154f, 88
1652704025.309238, sdrt-health/mac:02010b41cdec/antenna/tag/e2806894000040038662114f, 91
1652704025.310087, sdrt-health/mac:02010b41cdec/antenna/tag/e28068940000400386621d4f, 77
1652704025.384051, sdrt-health/mac:02010b41cdec/antenna/tag/e2806894000050038662154f, 85
1652704025.427862, sdrt-health/mac:02010b41cdec/antenna/tag/e2806894000050038661fd4f, 85
1652704025.477823, sdrt-health/mac:02010b41cdec/antenna/tag/e28068940000500386620d4f, 83
1652704025.536335, sdrt-health/mac:02010b41cdec/antenna/tag/e2806894000050038662154f, 85
1652704025.595621, sdrt-health/mac:02010b41cdec/antenna/tag/e28068940000400386621d4f, 96
1652704025.596025, sdrt-health/mac:02010b41cdec/antenna/tag/e28068940000500386620d4f, 97
1652704025.612396, sdrt-health/mac:02010b41cdec/antenna/tag/e28068940000400386621d4f, 96
1652704025.643549, sdrt-health/mac:02010b41cdec/antenna/tag/e2806894000040038662114f, 93
1652704025.643887, sdrt-health/mac:02010b41cdec/antenna/tag/e2806894000040038662114f, 88
1652704025.669709, sdrt-health/mac:02010b41cdec/antenna/tag/e28068940000500386620d4f, 83
1652704025.717804, sdrt-health/mac:02010b41cdec/antenna/tag/e2806894000050038662194f, 83
1652704025.773989, sdrt-health/mac:02010b41cdec/antenna/tag/e2806894000050038661fd4f, 91
1652704025.774643, sdrt-health/mac:02010b41cdec/antenna/tag/e2806894000050038661fd4f, 97
1652704025.789757, sdrt-health/mac:02010b41cdec/antenna/tag/e2806894000050038662154f, 88
1652704025.799389, sdrt-health/mac:02010b41cdec/antenna/tag/e28068940000400386621d4f, 96
1652704025.839576, sdrt-health/mac:02010b41cdec/antenna/tag/e28068940000500386620d4f, 97
1652704025.912778, sdrt-health/mac:02010b41cdec/antenna/tag/e28068940000400386621d4f, 90
1652704025.913305, sdrt-health/mac:02010b41cdec/antenna/tag/e28068940000400386621d4f, 96
1652704025.929237, sdrt-health/mac:02010b41cdec/antenna/tag/e2806894000050038661fd4f, 97
1652704025.964976, sdrt-health/mac:02010b41cdec/antenna/tag/e28068940000400386621d4f, 77
1652704025.96528, sdrt-health/mac:02010b41cdec/antenna/tag/e2806894000040038662114f, 85
1652704025.988855, sdrt-health/mac:02010b41cdec/antenna/tag/e2806894000050038661fd4f, 83
1652704026.040444, sdrt-health/mac:02010b41cdec/antenna/tag/e2806894000050038661fd4f, 97
1652704026.078783, sdrt-health/mac:02010b41cdec/antenna/tag/e2806894000050038661fd4f, 91
1652704026.135156, sdrt-health/mac:02010b41cdec/antenna/tag/e2806894000040038662114f, 93
1652704026.135616, sdrt-health/mac:02010b41cdec/antenna/tag/e28068940000400386621d4f, 96
1652704026.158386, sdrt-health/mac:02010b41cdec/antenna/tag/e28068940000400386621d4f, 96
1652704026.189028, sdrt-health/mac:02010b41cdec/antenna/tag/e28068940000400386621d4f, 96
1652704026.189351, sdrt-health/mac:02010b41cdec/antenna/tag/e2806894000050038661fd4f, 91
1652704026.189679, sdrt-health/mac:02010b41cdec/antenna/tag/e2806894000050038662154f, 85
1652704026.218796, sdrt-health/mac:02010b41cdec/antenna/tag/e2806894000050038662154f, 85
1652704026.279028, sdrt-health/mac:02010b41cdec/antenna/tag/e2806894000040038662214f, 83
1652704026.318364, sdrt-health/mac:02010b41cdec/antenna/tag/e2806894000050038662154f, 93
1652704026.413894, sdrt-health/mac:02010b41cdec/antenna/tag/e2806894000040038662214f, 94
1652704026.414344, sdrt-health/mac:02010b41cdec/antenna/tag/e2806894000050038661fd4f, 97
1652704026.441661, sdrt-health/mac:02010b41cdec/antenna/tag/e28068940000500386620d4f, 97
1652704026.47881, sdrt-health/mac:02010b41cdec/antenna/tag/e28068940000400386621d4f, 96
1652704026.55612, sdrt-health/mac:02010b41cdec/antenna/tag/e28068940000500386620d4f, 97
1652704026.556611, sdrt-health/mac:02010b41cdec/antenna/tag/e2806894000050038661fd4f, 97
1652704026.598571, sdrt-health/mac:02010b41cdec/antenna/tag/e2806894000050038662194f, 94
1652704026.679686, sdrt-health/mac:02010b41cdec/antenna/tag/e2806894000040038662114f, 88
1652704026.734219, sdrt-health/mac:02010b41cdec/antenna/tag/e2806894000050038662154f, 93
1652704026.798799, sdrt-health/mac:02010b41cdec/antenna/tag/e28068940000500386620d4f, 97
1652704026.838879, sdrt-health/mac:02010b41cdec/antenna/tag/e2806894000040038662114f, 85
1652704026.912206, sdrt-health/mac:02010b41cdec/antenna/tag/e2806894000040038662114f, 85
1652704026.913025, sdrt-health/mac:02010b41cdec/antenna/tag/e28068940000400386621d4f, 77
1652704026.927791, sdrt-health/mac:02010b41cdec/antenna/tag/e2806894000040038662214f, 81
1652704026.937986, sdrt-health/mac:02010b41cdec/antenna/tag/e2806894000040038662114f, 93
1652704026.982731, sdrt-health/mac:02010b41cdec/antenna/tag/e28068940000400386621d4f, 96
1652704027.027988, sdrt-health/mac:02010b41cdec/antenna/tag/e2806894000050038662154f, 88
1652704027.078298, sdrt-health/mac:02010b41cdec/antenna/tag/e2806894000050038662154f, 88
1652704027.114781, sdrt-health/mac:02010b41cdec/antenna/tag/e2806894000050038661fd4f, 97
1652704027.115178, sdrt-health/mac:02010b41cdec/antenna/tag/e28068940000500386620d4f, 97
1652704027.132287, sdrt-health/mac:02010b41cdec/antenna/tag/e2806894000050038662154f, 88
1652704027.160636, sdrt-health/mac:02010b41cdec/antenna/tag/e28068940000500386620d4f, 97
1652704027.198816, sdrt-health/mac:02010b41cdec/antenna/tag/e2806894000050038662154f, 87
1652704027.238135, sdrt-health/mac:02010b41cdec/antenna/tag/e28068940000500386620d4f, 97
1652704027.278269, sdrt-health/mac:02010b41cdec/antenna/tag/e2806894000040038662214f, 88
1652704027.319523, sdrt-health/mac:02010b41cdec/antenna/tag/e2806894000050038662154f, 88
1652704027.376073, sdrt-health/mac:02010b41cdec/antenna/tag/e2806894000040038662114f, 85
1652704027.376555, sdrt-health/mac:02010b41cdec/antenna/tag/e2806894000050038662154f, 88
1652704027.391534, sdrt-health/mac:02010b41cdec/antenna/tag/e2806894000050038661fd4f, 97
1652704027.424867, sdrt-health/mac:02010b41cdec/antenna/tag/e28068940000500386620d4f, 91
1652704027.425185, sdrt-health/mac:02010b41cdec/antenna/tag/e2806894000050038662154f, 88
1652704027.448225, sdrt-health/mac:02010b41cdec/antenna/tag/e28068940000500386620d4f, 97
1652704027.479176, sdrt-health/mac:02010b41cdec/antenna/tag/e2806894000050038662154f, 88
1652704027.535924, sdrt-health/mac:02010b41cdec/antenna/tag/e28068940000400386621d4f, 96
1652704027.536375, sdrt-health/mac:02010b41cdec/antenna/tag/e28068940000500386620d4f, 83
1652704027.551813, sdrt-health/mac:02010b41cdec/antenna/tag/e2806894000040038662114f, 85
1652704027.578617, sdrt-health/mac:02010b41cdec/antenna/tag/e2806894000040038662114f, 85
1652704027.639919, sdrt-health/mac:02010b41cdec/antenna/tag/e2806894000040038662114f, 85
1652704027.640391, sdrt-health/mac:02010b41cdec/antenna/tag/e2806894000040038662114f, 85
1652704027.656289, sdrt-health/mac:02010b41cdec/antenna/tag/e28068940000500386620d4f, 97
1652704027.668736, sdrt-health/mac:02010b41cdec/antenna/tag/e2806894000040038662114f, 85
1652704027.718529, sdrt-health/mac:02010b41cdec/antenna/tag/e28068940000400386621d4f, 77
1652704027.774704, sdrt-health/mac:02010b41cdec/antenna/tag/e28068940000400386621d4f, 77
1652704027.775221, sdrt-health/mac:02010b41cdec/antenna/tag/e2806894000050038662194f, 94
1652704027.800163, sdrt-health/mac:02010b41cdec/antenna/tag/e28068940000500386620d4f, 83
1652704027.862644, sdrt-health/mac:02010b41cdec/antenna/tag/e28068940000500386620d4f, 97
1652704027.910457, sdrt-health/mac:02010b41cdec/antenna/tag/e2806894000040038662114f, 85
1652704027.941061, sdrt-health/mac:02010b41cdec/antenna/tag/e2806894000050038662154f, 85
1652704027.941401, sdrt-health/mac:02010b41cdec/antenna/tag/e28068940000500386620d4f, 97
1652704027.941595, sdrt-health/mac:02010b41cdec/antenna/tag/e2806894000050038661fd4f, 97
1652704027.941851, sdrt-health/mac:02010b41cdec/antenna/tag/e2806894000040038662114f, 85
1652704027.968601, sdrt-health/mac:02010b41cdec/antenna/tag/e2806894000050038661fd4f, 97
1652704028.015201, sdrt-health/mac:02010b41cdec/antenna/tag/e2806894000050038661fd4f, 97
1652704028.080625, sdrt-health/mac:02010b41cdec/antenna/tag/e2806894000050038661fd4f, 91
1652704028.134222, sdrt-health/mac:02010b41cdec/antenna/tag/e28068940000400386621d4f, 77
1652704028.13461, sdrt-health/mac:02010b41cdec/antenna/tag/e2806894000050038661fd4f, 91
1652704028.134875, sdrt-health/mac:02010b41cdec/antenna/tag/e2806894000040038662114f, 88
1652704028.184173, sdrt-health/mac:02010b41cdec/antenna/tag/e28068940000400386621d4f, 77
1652704028.22976, sdrt-health/mac:02010b41cdec/antenna/tag/e2806894000050038662154f, 83
1652704028.29679, sdrt-health/mac:02010b41cdec/antenna/tag/e28068940000400386621d4f, 77
1652704028.297267, sdrt-health/mac:02010b41cdec/antenna/tag/e2806894000050038662154f, 87
1652704028.311939, sdrt-health/mac:02010b41cdec/antenna/tag/e2806894000040038662214f, 94
1652704028.378681, sdrt-health/mac:02010b41cdec/antenna/tag/e2806894000040038662114f, 85
1652704028.423387, sdrt-health/mac:02010b41cdec/antenna/tag/e2806894000050038662154f, 88
1652704028.494016, sdrt-health/mac:02010b41cdec/antenna/tag/e2806894000050038662154f, 88
1652704028.494505, sdrt-health/mac:02010b41cdec/antenna/tag/e2806894000050038662154f, 85
1652704028.509108, sdrt-health/mac:02010b41cdec/antenna/tag/e2806894000050038661fd4f, 97
1652704028.721644, sdrt-health/mac:02010b41cdec/antenna/tag/scan, scan stopped
