1652704105.576241, sdrt-health/mac:02010b41cdec/antenna/power/set, {"power": 300}
1652704106.63065, sdrt-health/mac:02010b41cdec/antenna/power/set, 
1652704110.598266, sdrt-health/mac:02010b41cdec/antenna/tag/scan, {"time": 20000}
1652704111.007998, sdrt-health/mac:02010b41cdec/antenna/tag/e2806894000040038661f94f, 88
1652704111.05579, sdrt-health/mac:02010b41cdec/antenna/tag/e2806894000050038662194f, 94
1652704111.099039, sdrt-health/mac:02010b41cdec/antenna/tag/e2806894000050038662194f, 87
1652704111.142702, sdrt-health/mac:02010b41cdec/antenna/tag/e28068940000400386621d4f, 90
1652704111.204679, sdrt-health/mac:02010b41cdec/antenna/tag/e2806894000050038662154f, 91
1652704111.205143, sdrt-health/mac:02010b41cdec/antenna/tag/e28068940000400386621d4f, 96
1652704111.238546, sdrt-health/mac:02010b41cdec/antenna/tag/e28068940000500386620d4f, 97
1652704111.293806, sdrt-health/mac:02010b41cdec/antenna/tag/e2806894000050038662154f, 88
1652704111.294201, sdrt-health/mac:02010b41cdec/antenna/tag/e28068940000500386620d4f, 83
1652704111.319439, sdrt-health/mac:02010b41cdec/antenna/tag/e2806894000050038662194f, 81
1652704111.35926, sdrt-health/mac:02010b41cdec/antenna/tag/e2806894000050038662154f, 88
1652704111.416601, sdrt-health/mac:02010b41cdec/antenna/tag/e28068940000500386620d4f, 83
1652704111.417155, sdrt-health/mac:02010b41cdec/antenna/tag/e2806894000050038662154f, 85
1652704111.438679, sdrt-health/mac:02010b41cdec/antenna/tag/e2806894000050038662194f, 81
1652704111.478612, sdrt-health/mac:02010b41cdec/antenna/tag/e28068940000500386620d4f, 83
1652704111.519576, sdrt-health/mac:02010b41cdec/antenna/tag/e2806894000040038662114f, 85
1652704111.552022, sdrt-health/mac:02010b41cdec/antenna/tag/e2806894000040038662054f, 94
1652704111.552318, sdrt-health/mac:02010b41cdec/antenna/tag/e2806894000050038662154f, 88
1652704111.568593, sdrt-health/mac:02010b41cdec/antenna/tag/e2806894000050038662154f, 85
1652704111.627766, sdrt-health/mac:02010b41cdec/antenna/tag/e2806894000050038662194f, 81
1652704111.669383, sdrt-health/mac:02010b41cdec/antenna/tag/e2806894000050038662154f, 93
1652704111.719401, sdrt-health/mac:02010b41cdec/antenna/tag/e2806894000050038662154f, 85
1652704111.752835, sdrt-health/mac:02010b41cdec/antenna/tag/e28068940000400386621d4f, 77
1652704111.7532, sdrt-health/mac:02010b41cdec/antenna/tag/e2806894000050038661fd4f, 91
1652704111.769624, sdrt-health/mac:02010b41cdec/antenna/tag/e2806894000050038662194f, 88
1652704111.769828, sdrt-health/mac:02010b41cdec/antenna/tag/e2806894000050038662014f, 88
1652704111.798685, sdrt-health/mac:02010b41cdec/antenna/tag/e28068940000400386621d4f, 96
1652704111.854577, sdrt-health/mac:02010b41cdec/antenna/tag/e2806894000040038662114f, 85
1652704111.855071, sdrt-health/mac:02010b41cdec/antenna/tag/e2806894000050038662154f, 88
1652704111.870888, sdrt-health/mac:02010b41cdec/antenna/tag/e28068940000400386621d4f, 96
1652704111.877776, sdrt-health/mac:02010b41cdec/antenna/tag/e28068940000500386620d4f, 83
1652704111.949107, sdrt-health/mac:02010b41cdec/antenna/tag/e2806894000050038661fd4f, 83
1652704111.989239, sdrt-health/mac:02010b41cdec/antenna/tag/e2806894000050038662154f, 85
1652704112.054281, sdrt-health/mac:02010b41cdec/antenna/tag/e2806894000040038662114f, 88
1652704112.054818, sdrt-health/mac:02010b41cdec/antenna/tag/e2806894000040038662114f, 88
1652704112.081289, sdrt-health/mac:02010b41cdec/antenna/tag/e2806894000050038662154f, 88
1652704112.11523, sdrt-health/mac:02010b41cdec/antenna/tag/e28068940000400386621d4f, 77
1652704112.115463, sdrt-health/mac:02010b41cdec/antenna/tag/e2806894000050038662154f, 85
1652704112.176032, sdrt-health/mac:02010b41cdec/antenna/tag/e28068940000500386620d4f, 83
1652704112.238214, sdrt-health/mac:02010b41cdec/antenna/tag/e2806894000040038662114f, 85
1652704112.238738, sdrt-health/mac:02010b41cdec/antenna/tag/e28068940000400386621d4f, 96
1652704112.255402, sdrt-health/mac:02010b41cdec/antenna/tag/e28068940000400386621d4f, 96
1652704112.264431, sdrt-health/mac:02010b41cdec/antenna/tag/e2806894000050038662194f, 84
1652704112.319879, sdrt-health/mac:02010b41cdec/antenna/tag/e2806894000050038662154f, 91
1652704112.365926, sdrt-health/mac:02010b41cdec/antenna/tag/e2806894000050038662154f, 97
1652704112.431648, sdrt-health/mac:02010b41cdec/antenna/tag/e28068940000500386620d4f, 83
1652704112.469642, sdrt-health/mac:02010b41cdec/antenna/tag/e2806894000040038662054f, 88
1652704112.518974, sdrt-health/mac:02010b41cdec/antenna/tag/e2806894000040038662114f, 85
1652704112.575122, sdrt-health/mac:02010b41cdec/antenna/tag/e2806894000040038661f94f, 83
1652704112.606781, sdrt-health/mac:02010b41cdec/antenna/tag/e28068940000400386621d4f, 77
1652704112.607016, sdrt-health/mac:02010b41cdec/antenna/tag/e2806894000040038661f94f, 87
1652704112.622772, sdrt-health/mac:02010b41cdec/antenna/tag/e2806894000040038662114f, 85
1652704112.678855, sdrt-health/mac:02010b41cdec/antenna/tag/e28068940000500386620d4f, 83
1652704112.735093, sdrt-health/mac:02010b41cdec/antenna/tag/e2806894000040038662114f, 93
1652704112.793539, sdrt-health/mac:02010b41cdec/antenna/tag/e28068940000500386620d4f, 83
1652704112.793981, sdrt-health/mac:02010b41cdec/antenna/tag/e2806894000040038661f94f, 88
1652704112.809234, sdrt-health/mac:02010b41cdec/antenna/tag/e28068940000400386621d4f, 96
1652704112.857028, sdrt-health/mac:02010b41cdec/antenna/tag/e2806894000050038662154f, 88
1652704112.857515, sdrt-health/mac:02010b41cdec/antenna/tag/e28068940000500386620d4f, 83
1652704112.877978, sdrt-health/mac:02010b41cdec/antenna/tag/e2806894000050038662154f, 85
1652704112.935474, sdrt-health/mac:02010b41cdec/antenna/tag/e28068940000500386620d4f, 83
1652704112.935973, sdrt-health/mac:02010b41cdec/antenna/tag/e2806894000040038661f94f, 94
1652704112.957955, sdrt-health/mac:02010b41cdec/antenna/tag/e2806894000050038661fd4f, 97
1652704113.013983, sdrt-health/mac:02010b41cdec/antenna/tag/e28068940000500386620d4f, 83
1652704113.014443, sdrt-health/mac:02010b41cdec/antenna/tag/e2806894000050038662194f, 83
1652704113.03054, sdrt-health/mac:02010b41cdec/antenna/tag/e2806894000050038661fd4f, 97
1652704113.030763, sdrt-health/mac:02010b41cdec/antenna/tag/e28068940000400386621d4f, 96
1652704113.038381, sdrt-health/mac:02010b41cdec/antenna/tag/e2806894000040038662114f, 88
1652704113.077846, sdrt-health/mac:02010b41cdec/antenna/tag/e2806894000050038662154f, 87
1652704113.118008, sdrt-health/mac:02010b41cdec/antenna/tag/e2806894000040038662114f, 88
1652704113.152599, sdrt-health/mac:02010b41cdec/antenna/tag/e28068940000400386621d4f, 77
1652704113.152824, sdrt-health/mac:02010b41cdec/antenna/tag/e2806894000040038662114f, 85
1652704113.169876, sdrt-health/mac:02010b41cdec/antenna/tag/e2806894000050038661fd4f, 97
1652704113.199791, sdrt-health/mac:02010b41cdec/antenna/tag/e28068940000400386621d4f, 96
1652704113.239643, sdrt-health/mac:02010b41cdec/antenna/tag/e2806894000050038662154f, 85
1652704113.314474, sdrt-health/mac:02010b41cdec/antenna/tag/e2806894000050038662154f, 91
1652704113.314906, sdrt-health/mac:02010b41cdec/antenna/tag/e2806894000050038662194f, 81
1652704113.329393, sdrt-health/mac:02010b41cdec/antenna/tag/e2806894000040038662114f, 85
1652704113.360777, sdrt-health/mac:02010b41cdec/antenna/tag/e28068940000400386621d4f, 77
1652704113.361094, sdrt-health/mac:02010b41cdec/antenna/tag/e2806894000040038662114f, 88
1652704113.361227, sdrt-health/mac:02010b41cdec/antenna/tag/e28068940000400386621d4f, 96
1652704113.361376, sdrt-health/mac:02010b41cdec/antenna/tag/e2806894000050038662194f, 94
1652704113.382541, sdrt-health/mac:02010b41cdec/antenna/tag/e2806894000050038662154f, 97
1652704113.469823, sdrt-health/mac:02010b41cdec/antenna/tag/e2806894000040038662054f, 94
1652704113.535168, sdrt-health/mac:02010b41cdec/antenna/tag/e2806894000040038662114f, 88
1652704113.578089, sdrt-health/mac:02010b41cdec/antenna/tag/e2806894000050038661fd4f, 83
1652704113.623138, sdrt-health/mac:02010b41cdec/antenna/tag/e28068940000400386621d4f, 96
1652704113.683738, sdrt-health/mac:02010b41cdec/antenna/tag/e2806894000050038662154f, 91
1652704113.684204, sdrt-health/mac:02010b41cdec/antenna/tag/e2806894000050038662194f, 83
1652704113.704363, sdrt-health/mac:02010b41cdec/antenna/tag/e28068940000500386620d4f, 97
1652704113.727919, sdrt-health/mac:02010b41cdec/antenna/tag/e2806894000040038662054f, 81
1652704113.764467, sdrt-health/mac:02010b41cdec/antenna/tag/e2806894000050038661fd4f, 83
1652704113.764793, sdrt-health/mac:02010b41cdec/antenna/tag/e2806894000050038662154f, 88
1652704113.78046, sdrt-health/mac:02010b41cdec/antenna/tag/e28068940000500386620d4f, 97
1652704113.834166, sdrt-health/mac:02010b41cdec/antenna/tag/e2806894000040038661f94f, 81
1652704113.878883, sdrt-health/mac:02010b41cdec/antenna/tag/e2806894000040038662114f, 91
1652704113.908992, sdrt-health/mac:02010b41cdec/antenna/tag/e2806894000040038662054f, 88
1652704113.909282, sdrt-health/mac:02010b41cdec/antenna/tag/e2806894000050038662154f, 88
1652704113.924115, sdrt-health/mac:02010b41cdec/antenna/tag/e2806894000040038662054f, 84
1652704113.924436, sdrt-health/mac:02010b41cdec/antenna/tag/e2806894000040038662114f, 88
1652704113.978294, sdrt-health/mac:02010b41cdec/antenna/tag/e28068940000500386620d4f, 86
1652704114.021522, sdrt-health/mac:02010b41cdec/antenna/tag/e2806894000040038662114f, 85
1652704114.060026, sdrt-health/mac:02010b41cdec/antenna/tag/e2806894000050038662154f, 85
1652704114.091732, sdrt-health/mac:02010b41cdec/antenna/tag/e2806894000050038662154f, 85
1652704114.092053, sdrt-health/mac:02010b41cdec/antenna/tag/e2806894000040038662114f, 88
1652704114.092259, sdrt-health/mac:02010b41cdec/antenna/tag/e28068940000400386621d4f, 77
1652704114.107059, sdrt-health/mac:02010b41cdec/antenna/tag/e2806894000050038661fd4f, 97
1652704114.148472, sdrt-health/mac:02010b41cdec/antenna/tag/e28068940000500386620d4f, 97
1652704114.182023, sdrt-health/mac:02010b41cdec/antenna/tag/e28068940000500386620d4f, 97
1652704114.18226, sdrt-health/mac:02010b41cdec/antenna/tag/e2806894000040038662114f, 85
1652704114.199505, sdrt-health/mac:02010b41cdec/antenna/tag/e2806894000050038661fd4f, 83
1652704114.254914, sdrt-health/mac:02010b41cdec/antenna/tag/e2806894000050038662154f, 88
1652704114.255463, sdrt-health/mac:02010b41cdec/antenna/tag/e2806894000050038662194f, 84
1652704114.278914, sdrt-health/mac:02010b41cdec/antenna/tag/e2806894000050038662154f, 85
1652704114.318382, sdrt-health/mac:02010b41cdec/antenna/tag/e28068940000400386621d4f, 96
1652704114.358454, sdrt-health/mac:02010b41cdec/antenna/tag/e2806894000040038662214f, 84
1652704114.401286, sdrt-health/mac:02010b41cdec/antenna/tag/e2806894000050038662154f, 87
1652704114.440393, sdrt-health/mac:02010b41cdec/antenna/tag/e2806894000050038662194f, 94
1652704114.495569, sdrt-health/mac:02010b41cdec/antenna/tag/e28068940000400386621d4f, 77
1652704114.496093, sdrt-health/mac:02010b41cdec/antenna/tag/e2806894000050038662154f, 85
1652704114.517623, sdrt-health/mac:02010b41cdec/antenna/tag/e2806894000050038662194f, 84
1652704114.549655, sdrt-health/mac:02010b41cdec/antenna/tag/e28068940000400386621d4f, 77
1652704114.549978, sdrt-health/mac:02010b41cdec/antenna/tag/e2806894000040038662214f, 81
1652704114.565325, sdrt-health/mac:02010b41cdec/antenna/tag/e2806894000050038661fd4f, 97
1652704114.565554, sdrt-health/mac:02010b41cdec/antenna/tag/e28068940000500386620d4f, 83
1652704114.598284, sdrt-health/mac:02010b41cdec/antenna/tag/e2806894000040038662114f, 85
1652704114.638947, sdrt-health/mac:02010b41cdec/antenna/tag/e2806894000040038662114f, 87
1652704114.678531, sdrt-health/mac:02010b41cdec/antenna/tag/e2806894000040038662114f, 85
1652704114.735021, sdrt-health/mac:02010b41cdec/antenna/tag/e2806894000050038662154f, 91
1652704114.735613, sdrt-health/mac:02010b41cdec/antenna/tag/e28068940000500386620d4f, 91
1652704114.767853, sdrt-health/mac:02010b41cdec/antenna/tag/e28068940000400386621d4f, 96
1652704114.768683, sdrt-health/mac:02010b41cdec/antenna/tag/e28068940000400386621d4f, 96
1652704114.822491, sdrt-health/mac:02010b41cdec/antenna/tag/e28068940000500386620d4f, 83
1652704114.856001, sdrt-health/mac:02010b41cdec/antenna/tag/e2806894000040038662114f, 85
1652704114.856477, sdrt-health/mac:02010b41cdec/antenna/tag/e2806894000040038661f94f, 88
1652704114.87135, sdrt-health/mac:02010b41cdec/antenna/tag/e28068940000400386621d4f, 96
1652704114.918698, sdrt-health/mac:02010b41cdec/antenna/tag/e2806894000050038661fd4f, 83
1652704114.958207, sdrt-health/mac:02010b41cdec/antenna/tag/e2806894000050038662154f, 85
1652704114.989334, sdrt-health/mac:02010b41cdec/antenna/tag/e2806894000050038662154f, 85
1652704114.989764, sdrt-health/mac:02010b41cdec/antenna/tag/e2806894000040038662114f, 85
1652704115.007204, sdrt-health/mac:02010b41cdec/antenna/tag/e28068940000400386621d4f, 96
1652704115.038292, sdrt-health/mac:02010b41cdec/antenna/tag/e2806894000050038662194f, 88
1652704115.068797, sdrt-health/mac:02010b41cdec/antenna/tag/e2806894000040038662214f, 84
1652704115.069059, sdrt-health/mac:02010b41cdec/antenna/tag/e2806894000050038661fd4f, 91
1652704115.085939, sdrt-health/mac:02010b41cdec/antenna/tag/e2806894000050038662154f, 93
1652704115.133558, sdrt-health/mac:02010b41cdec/antenna/tag/e28068940000500386620d4f, 97
1652704115.177723, sdrt-health/mac:02010b41cdec/antenna/tag/e28068940000500386620d4f, 83
1652704115.20709, sdrt-health/mac:02010b41cdec/antenna/tag/e2806894000050038662154f, 85
1652704115.207497, sdrt-health/mac:02010b41cdec/antenna/tag/e28068940000500386620d4f, 83
1652704115.222152, sdrt-health/mac:02010b41cdec/antenna/tag/e2806894000050038662154f, 85
1652704115.26695, sdrt-health/mac:02010b41cdec/antenna/tag/e28068940000400386621d4f, 96
1652704115.31796, sdrt-health/mac:02010b41cdec/antenna/tag/e2806894000040038662114f, 85
1652704115.357652, sdrt-health/mac:02010b41cdec/antenna/tag/e28068940000400386621d4f, 96
1652704115.408334, sdrt-health/mac:02010b41cdec/antenna/tag/e2806894000040038662114f, 85
1652704115.4542, sdrt-health/mac:02010b41cdec/antenna/tag/e28068940000400386621d4f, 77
1652704115.48522, sdrt-health/mac:02010b41cdec/antenna/tag/e2806894000050038662154f, 93
1652704115.485477, sdrt-health/mac:02010b41cdec/antenna/tag/e28068940000500386620d4f, 83
1652704115.502519, sdrt-health/mac:02010b41cdec/antenna/tag/e28068940000400386621d4f, 77
1652704115.502779, sdrt-health/mac:02010b41cdec/antenna/tag/e2806894000050038661fd4f, 91
1652704115.588544, sdrt-health/mac:02010b41cdec/antenna/tag/e2806894000050038661fd4f, 91
1652704115.657189, sdrt-health/mac:02010b41cdec/antenna/tag/e2806894000050038662154f, 93
1652704115.717519, sdrt-health/mac:02010b41cdec/antenna/tag/e2806894000040038662214f, 83
1652704115.718064, sdrt-health/mac:02010b41cdec/antenna/tag/e28068940000400386621d4f, 77
1652704115.732534, sdrt-health/mac:02010b41cdec/antenna/tag/e2806894000050038661fd4f, 91
1652704115.738346, sdrt-health/mac:02010b41cdec/antenna/tag/e2806894000050038661fd4f, 91
1652704115.7815, sdrt-health/mac:02010b41cdec/antenna/tag/e2806894000040038662054f, 100
1652704115.818444, sdrt-health/mac:02010b41cdec/antenna/tag/e2806894000040038662114f, 85
1652704115.861685, sdrt-health/mac:02010b41cdec/antenna/tag/e28068940000500386620d4f, 83
1652704115.923781, sdrt-health/mac:02010b41cdec/antenna/tag/e2806894000050038662194f, 94
1652704115.92427, sdrt-health/mac:02010b41cdec/antenna/tag/e28068940000500386620d4f, 83
1652704115.958551, sdrt-health/mac:02010b41cdec/antenna/tag/e2806894000050038661fd4f, 91
1652704116.012851, sdrt-health/mac:02010b41cdec/antenna/tag/e2806894000050038662194f, 88
1652704116.013464, sdrt-health/mac:02010b41cdec/antenna/tag/e2806894000040038662114f, 85
1652704116.040441, sdrt-health/mac:02010b41cdec/antenna/tag/e2806894000050038662194f, 84
1652704116.077989, sdrt-health/mac:02010b41cdec/antenna/tag/e2806894000050038662154f, 91
1652704116.118805, sdrt-health/mac:02010b41cdec/antenna/tag/e2806894000040038662114f, 85
1652704116.173904, sdrt-health/mac:02010b41cdec/antenna/tag/e2806894000050038662194f, 94
1652704116.216689, sdrt-health/mac:02010b41cdec/antenna/tag/e28068940000500386620d4f, 97
1652704116.262787, sdrt-health/mac:02010b41cdec/antenna/tag/e28068940000400386621d4f, 77
1652704116.322722, sdrt-health/mac:02010b41cdec/antenna/tag/e2806894000040038662114f, 93
1652704116.323199, sdrt-health/mac:02010b41cdec/antenna/tag/e28068940000500386620d4f, 83
1652704116.372225, sdrt-health/mac:02010b41cdec/antenna/tag/e2806894000040038662114f, 88
1652704116.445286, sdrt-health/mac:02010b41cdec/antenna/tag/e2806894000050038662154f, 88
1652704116.445844, sdrt-health/mac:02010b41cdec/antenna/tag/e28068940000400386621d4f, 96
1652704116.463674, sdrt-health/mac:02010b41cdec/antenna/tag/e2806894000050038662154f, 85
1652704116.464099, sdrt-health/mac:02010b41cdec/antenna/tag/e2806894000040038662114f, 88
1652704116.46815, sdrt-health/mac:02010b41cdec/antenna/tag/e2806894000040038662114f, 88
1652704116.479096, sdrt-health/mac:02010b41cdec/antenna/tag/e2806894000050038662154f, 88
1652704116.47931, sdrt-health/mac:02010b41cdec/antenna/tag/e28068940000400386621d4f, 96
1652704116.518084, sdrt-health/mac:02010b41cdec/antenna/tag/e2806894000050038662154f, 88
1652704116.574388, sdrt-health/mac:02010b41cdec/antenna/tag/e2806894000050038662194f, 87
1652704116.574877, sdrt-health/mac:02010b41cdec/antenna/tag/e28068940000500386620d4f, 83
1652704116.57533, sdrt-health/mac:02010b41cdec/antenna/tag/e28068940000500386620d4f, 83
1652704116.598825, sdrt-health/mac:02010b41cdec/antenna/tag/e28068940000500386620d4f, 83
1652704116.65622, sdrt-health/mac:02010b41cdec/antenna/tag/e2806894000050038662154f, 85
1652704116.686088, sdrt-health/mac:02010b41cdec/antenna/tag/e2806894000050038661fd4f, 97
1652704116.686371, sdrt-health/mac:02010b41cdec/antenna/tag/e28068940000500386620d4f, 83
1652704116.701892, sdrt-health/mac:02010b41cdec/antenna/tag/e2806894000040038662114f, 85
1652704116.743226, sdrt-health/mac:02010b41cdec/antenna/tag/e28068940000400386621d4f, 96
1652704116.744015, sdrt-health/mac:02010b41cdec/antenna/tag/e2806894000040038662054f, 81
1652704116.758844, sdrt-health/mac:02010b41cdec/antenna/tag/e2806894000040038662114f, 88
1652704116.831824, sdrt-health/mac:02010b41cdec/antenna/tag/e2806894000050038661fd4f, 83
1652704116.877808, sdrt-health/mac:02010b41cdec/antenna/tag/e2806894000040038662114f, 88
1652704116.919121, sdrt-health/mac:02010b41cdec/antenna/tag/e28068940000400386621d4f, 96
1652704116.972784, sdrt-health/mac:02010b41cdec/antenna/tag/e2806894000050038662194f, 94
1652704116.973254, sdrt-health/mac:02010b41cdec/antenna/tag/e2806894000050038661fd4f, 91
1652704116.997836, sdrt-health/mac:02010b41cdec/antenna/tag/e2806894000040038662114f, 93
1652704117.03779, sdrt-health/mac:02010b41cdec/antenna/tag/e2806894000050038662154f, 88
1652704117.099319, sdrt-health/mac:02010b41cdec/antenna/tag/e2806894000040038662054f, 94
1652704117.141301, sdrt-health/mac:02010b41cdec/antenna/tag/e2806894000040038662114f, 88
1652704117.202455, sdrt-health/mac:02010b41cdec/antenna/tag/e2806894000040038662054f, 84
1652704117.202912, sdrt-health/mac:02010b41cdec/antenna/tag/e2806894000050038662154f, 85
1652704117.217871, sdrt-health/mac:02010b41cdec/antenna/tag/e2806894000040038662114f, 85
1652704117.237691, sdrt-health/mac:02010b41cdec/antenna/tag/e28068940000400386621d4f, 77
1652704117.27874, sdrt-health/mac:02010b41cdec/antenna/tag/e2806894000050038661fd4f, 97
1652704117.310706, sdrt-health/mac:02010b41cdec/antenna/tag/e28068940000400386621d4f, 77
1652704117.311013, sdrt-health/mac:02010b41cdec/antenna/tag/e28068940000500386620d4f, 83
1652704117.327803, sdrt-health/mac:02010b41cdec/antenna/tag/e2806894000050038661fd4f, 91
1652704117.357554, sdrt-health/mac:02010b41cdec/antenna/tag/e2806894000040038662114f, 85
1652704117.418563, sdrt-health/mac:02010b41cdec/antenna/tag/e2806894000040038662114f, 85
1652704117.461376, sdrt-health/mac:02010b41cdec/antenna/tag/e2806894000040038662114f, 85
1652704117.508446, sdrt-health/mac:02010b41cdec/antenna/tag/e2806894000040038662114f, 85
1652704117.508896, sdrt-health/mac:02010b41cdec/antenna/tag/e28068940000500386620d4f, 83
1652704117.558536, sdrt-health/mac:02010b41cdec/antenna/tag/e2806894000050038662194f, 88
1652704117.636645, sdrt-health/mac:02010b41cdec/antenna/tag/e28068940000400386621d4f, 77
1652704117.63718, sdrt-health/mac:02010b41cdec/antenna/tag/e2806894000050038661fd4f, 83
1652704117.670563, sdrt-health/mac:02010b41cdec/antenna/tag/e2806894000040038662114f, 85
1652704117.733852, sdrt-health/mac:02010b41cdec/antenna/tag/e2806894000040038661f94f, 81
1652704117.734296, sdrt-health/mac:02010b41cdec/antenna/tag/e28068940000500386620d4f, 83
1652704117.750014, sdrt-health/mac:02010b41cdec/antenna/tag/e2806894000050038662154f, 88
1652704117.781543, sdrt-health/mac:02010b41cdec/antenna/tag/e2806894000040038662054f, 88
1652704117.829922, sdrt-health/mac:02010b41cdec/antenna/tag/e2806894000040038662114f, 88
1652704117.878564, sdrt-health/mac:02010b41cdec/antenna/tag/e2806894000050038662154f, 85
1652704117.941532, sdrt-health/mac:02010b41cdec/antenna/tag/e2806894000050038661fd4f, 83
1652704117.942024, sdrt-health/mac:02010b41cdec/antenna/tag/e2806894000040038662114f, 88
1652704117.957384, sdrt-health/mac:02010b41cdec/antenna/tag/e2806894000050038662194f, 81
1652704117.976605, sdrt-health/mac:02010b41cdec/antenna/tag/e28068940000400386621d4f, 77
1652704118.008251, sdrt-health/mac:02010b41cdec/antenna/tag/e2806894000040038662114f, 88
1652704118.008487, sdrt-health/mac:02010b41cdec/antenna/tag/e2806894000050038662194f, 88
1652704118.023563, sdrt-health/mac:02010b41cdec/antenna/tag/e28068940000400386621d4f, 96
1652704118.068563, sdrt-health/mac:02010b41cdec/antenna/tag/e28068940000500386620d4f, 83
1652704118.227266, sdrt-health/mac:02010b41cdec/antenna/tag/e2806894000050038662154f, 88
1652704118.227729, sdrt-health/mac:02010b41cdec/antenna/tag/e2806894000050038662154f, 85
1652704118.277732, sdrt-health/mac:02010b41cdec/antenna/tag/e28068940000500386620d4f, 97
1652704118.317386, sdrt-health/mac:02010b41cdec/antenna/tag/e2806894000050038662194f, 84
1652704118.360324, sdrt-health/mac:02010b41cdec/antenna/tag/e2806894000040038662114f, 85
1652704118.405211, sdrt-health/mac:02010b41cdec/antenna/tag/e28068940000400386621d4f, 77
1652704118.449468, sdrt-health/mac:02010b41cdec/antenna/tag/e2806894000050038662194f, 81
1652704118.495904, sdrt-health/mac:02010b41cdec/antenna/tag/e28068940000400386621d4f, 77
1652704118.542407, sdrt-health/mac:02010b41cdec/antenna/tag/e28068940000400386621d4f, 96
1652704118.583029, sdrt-health/mac:02010b41cdec/antenna/tag/e2806894000050038661fd4f, 97
1652704118.646707, sdrt-health/mac:02010b41cdec/antenna/tag/e2806894000050038662154f, 88
1652704118.647175, sdrt-health/mac:02010b41cdec/antenna/tag/e28068940000400386621d4f, 96
1652704118.668631, sdrt-health/mac:02010b41cdec/antenna/tag/e28068940000500386620d4f, 83
1652704118.698397, sdrt-health/mac:02010b41cdec/antenna/tag/e28068940000500386620d4f, 83
1652704118.758626, sdrt-health/mac:02010b41cdec/antenna/tag/e2806894000040038662114f, 88
1652704118.75918, sdrt-health/mac:02010b41cdec/antenna/tag/e2806894000050038661fd4f, 83
1652704118.774076, sdrt-health/mac:02010b41cdec/antenna/tag/e2806894000040038662114f, 85
1652704118.80606, sdrt-health/mac:02010b41cdec/antenna/tag/e2806894000050038662154f, 88
1652704118.806428, sdrt-health/mac:02010b41cdec/antenna/tag/e2806894000040038661f94f, 81
1652704118.839173, sdrt-health/mac:02010b41cdec/antenna/tag/e2806894000050038662154f, 91
1652704118.877321, sdrt-health/mac:02010b41cdec/antenna/tag/e2806894000040038662114f, 88
1652704118.972119, sdrt-health/mac:02010b41cdec/antenna/tag/e2806894000050038661fd4f, 83
1652704118.972611, sdrt-health/mac:02010b41cdec/antenna/tag/e28068940000400386621d4f, 96
1652704118.997934, sdrt-health/mac:02010b41cdec/antenna/tag/e2806894000050038661fd4f, 97
1652704118.998591, sdrt-health/mac:02010b41cdec/antenna/tag/e28068940000500386620d4f, 83
1652704119.039261, sdrt-health/mac:02010b41cdec/antenna/tag/e28068940000500386620d4f, 97
1652704119.078329, sdrt-health/mac:02010b41cdec/antenna/tag/e2806894000040038662214f, 81
1652704119.118047, sdrt-health/mac:02010b41cdec/antenna/tag/e28068940000400386621d4f, 77
1652704119.215504, sdrt-health/mac:02010b41cdec/antenna/tag/e2806894000040038662214f, 94
1652704119.215951, sdrt-health/mac:02010b41cdec/antenna/tag/e2806894000040038662114f, 93
1652704119.237845, sdrt-health/mac:02010b41cdec/antenna/tag/e2806894000050038662154f, 88
1652704119.296054, sdrt-health/mac:02010b41cdec/antenna/tag/e2806894000040038662114f, 88
1652704119.338277, sdrt-health/mac:02010b41cdec/antenna/tag/e2806894000050038661fd4f, 83
1652704119.371665, sdrt-health/mac:02010b41cdec/antenna/tag/e2806894000040038662114f, 88
1652704119.372143, sdrt-health/mac:02010b41cdec/antenna/tag/e28068940000500386620d4f, 83
1652704119.386273, sdrt-health/mac:02010b41cdec/antenna/tag/e2806894000050038661fd4f, 97
1652704119.468476, sdrt-health/mac:02010b41cdec/antenna/tag/e2806894000050038661fd4f, 83
1652704119.533992, sdrt-health/mac:02010b41cdec/antenna/tag/e2806894000040038662114f, 88
1652704119.578, sdrt-health/mac:02010b41cdec/antenna/tag/e2806894000040038662054f, 88
1652704119.620641, sdrt-health/mac:02010b41cdec/antenna/tag/e2806894000050038662154f, 93
1652704119.65152, sdrt-health/mac:02010b41cdec/antenna/tag/e2806894000040038662214f, 94
1652704119.65177, sdrt-health/mac:02010b41cdec/antenna/tag/e2806894000040038662054f, 84
1652704119.668045, sdrt-health/mac:02010b41cdec/antenna/tag/e2806894000040038662114f, 88
1652704119.718639, sdrt-health/mac:02010b41cdec/antenna/tag/e2806894000050038662154f, 88
1652704119.772704, sdrt-health/mac:02010b41cdec/antenna/tag/e2806894000050038661fd4f, 83
1652704119.773197, sdrt-health/mac:02010b41cdec/antenna/tag/e2806894000040038662114f, 88
1652704119.796597, sdrt-health/mac:02010b41cdec/antenna/tag/e28068940000500386620d4f, 97
1652704119.837626, sdrt-health/mac:02010b41cdec/antenna/tag/e2806894000040038662114f, 93
1652704119.837882, sdrt-health/mac:02010b41cdec/antenna/tag/e28068940000500386620d4f, 83
1652704119.878472, sdrt-health/mac:02010b41cdec/antenna/tag/e2806894000050038662194f, 81
1652704119.917481, sdrt-health/mac:02010b41cdec/antenna/tag/e28068940000500386620d4f, 83
1652704119.959096, sdrt-health/mac:02010b41cdec/antenna/tag/e2806894000040038662214f, 81
1652704120.015971, sdrt-health/mac:02010b41cdec/antenna/tag/e2806894000040038662054f, 88
1652704120.016447, sdrt-health/mac:02010b41cdec/antenna/tag/e28068940000400386621d4f, 77
1652704120.030974, sdrt-health/mac:02010b41cdec/antenna/tag/e2806894000050038661fd4f, 91
1652704120.039983, sdrt-health/mac:02010b41cdec/antenna/tag/e2806894000050038662154f, 85
1652704120.045878, sdrt-health/mac:02010b41cdec/antenna/tag/e2806894000040038662214f, 81
1652704120.07762, sdrt-health/mac:02010b41cdec/antenna/tag/e2806894000040038662114f, 85
1652704120.117761, sdrt-health/mac:02010b41cdec/antenna/tag/e2806894000050038662154f, 85
1652704120.157884, sdrt-health/mac:02010b41cdec/antenna/tag/e28068940000500386620d4f, 91
1652704120.222956, sdrt-health/mac:02010b41cdec/antenna/tag/e28068940000400386621d4f, 77
1652704120.223407, sdrt-health/mac:02010b41cdec/antenna/tag/e28068940000400386621d4f, 96
1652704120.254569, sdrt-health/mac:02010b41cdec/antenna/tag/e2806894000040038662114f, 88
1652704120.31553, sdrt-health/mac:02010b41cdec/antenna/tag/e28068940000500386620d4f, 83
1652704120.316026, sdrt-health/mac:02010b41cdec/antenna/tag/e28068940000500386620d4f, 83
1652704120.3317, sdrt-health/mac:02010b41cdec/antenna/tag/e2806894000050038661fd4f, 83
1652704120.332185, sdrt-health/mac:02010b41cdec/antenna/tag/e28068940000400386621d4f, 96
1652704120.358137, sdrt-health/mac:02010b41cdec/antenna/tag/e2806894000040038662054f, 88
1652704120.413909, sdrt-health/mac:02010b41cdec/antenna/tag/e28068940000500386620d4f, 83
1652704120.414375, sdrt-health/mac:02010b41cdec/antenna/tag/e28068940000400386621d4f, 96
1652704120.430032, sdrt-health/mac:02010b41cdec/antenna/tag/e2806894000040038662114f, 88
1652704120.430258, sdrt-health/mac:02010b41cdec/antenna/tag/e2806894000050038661fd4f, 83
1652704120.43916, sdrt-health/mac:02010b41cdec/antenna/tag/e2806894000050038662154f, 88
1652704120.479018, sdrt-health/mac:02010b41cdec/antenna/tag/e2806894000050038662194f, 82
1652704120.518625, sdrt-health/mac:02010b41cdec/antenna/tag/e28068940000400386621d4f, 77
1652704120.5725, sdrt-health/mac:02010b41cdec/antenna/tag/e2806894000050038661fd4f, 91
1652704120.572928, sdrt-health/mac:02010b41cdec/antenna/tag/e2806894000040038662114f, 93
1652704120.597768, sdrt-health/mac:02010b41cdec/antenna/tag/e2806894000040038662054f, 88
1652704120.637634, sdrt-health/mac:02010b41cdec/antenna/tag/e28068940000400386621d4f, 96
1652704120.694899, sdrt-health/mac:02010b41cdec/antenna/tag/e2806894000040038662054f, 81
1652704120.695337, sdrt-health/mac:02010b41cdec/antenna/tag/e2806894000040038662114f, 93
1652704120.767326, sdrt-health/mac:02010b41cdec/antenna/tag/e2806894000040038662054f, 81
1652704120.82185, sdrt-health/mac:02010b41cdec/antenna/tag/e2806894000050038661fd4f, 97
1652704120.890801, sdrt-health/mac:02010b41cdec/antenna/tag/e2806894000040038662114f, 85
1652704120.891244, sdrt-health/mac:02010b41cdec/antenna/tag/e2806894000050038661fd4f, 97
1652704120.906349, sdrt-health/mac:02010b41cdec/antenna/tag/e2806894000050038661fd4f, 91
1652704120.917491, sdrt-health/mac:02010b41cdec/antenna/tag/e2806894000050038662194f, 88
1652704120.92134, sdrt-health/mac:02010b41cdec/antenna/tag/e2806894000050038662194f, 83
1652704120.959143, sdrt-health/mac:02010b41cdec/antenna/tag/e2806894000050038662194f, 110
1652704121.062135, sdrt-health/mac:02010b41cdec/antenna/tag/e2806894000050038661fd4f, 91
1652704121.117458, sdrt-health/mac:02010b41cdec/antenna/tag/e28068940000500386620d4f, 83
1652704121.158865, sdrt-health/mac:02010b41cdec/antenna/tag/e2806894000050038661fd4f, 91
1652704121.159343, sdrt-health/mac:02010b41cdec/antenna/tag/e2806894000050038662154f, 91
1652704121.197471, sdrt-health/mac:02010b41cdec/antenna/tag/e28068940000400386621d4f, 96
1652704121.257995, sdrt-health/mac:02010b41cdec/antenna/tag/e28068940000400386621d4f, 90
1652704121.302696, sdrt-health/mac:02010b41cdec/antenna/tag/e2806894000040038662114f, 88
1652704121.363026, sdrt-health/mac:02010b41cdec/antenna/tag/e2806894000050038662154f, 85
1652704121.363536, sdrt-health/mac:02010b41cdec/antenna/tag/e2806894000050038662154f, 88
1652704121.378175, sdrt-health/mac:02010b41cdec/antenna/tag/e2806894000050038661fd4f, 83
1652704121.39777, sdrt-health/mac:02010b41cdec/antenna/tag/e2806894000050038661fd4f, 97
1652704121.426542, sdrt-health/mac:02010b41cdec/antenna/tag/e2806894000050038662154f, 88
1652704121.426803, sdrt-health/mac:02010b41cdec/antenna/tag/e2806894000050038662194f, 83
1652704121.441789, sdrt-health/mac:02010b41cdec/antenna/tag/e2806894000040038662114f, 91
1652704121.442101, sdrt-health/mac:02010b41cdec/antenna/tag/e2806894000050038661fd4f, 83
1652704121.477278, sdrt-health/mac:02010b41cdec/antenna/tag/e2806894000050038662154f, 85
1652704121.541886, sdrt-health/mac:02010b41cdec/antenna/tag/e28068940000400386621d4f, 77
1652704121.577912, sdrt-health/mac:02010b41cdec/antenna/tag/e2806894000050038662194f, 81
1652704121.621959, sdrt-health/mac:02010b41cdec/antenna/tag/e2806894000050038661fd4f, 91
1652704121.677956, sdrt-health/mac:02010b41cdec/antenna/tag/e2806894000050038661fd4f, 83
1652704121.708352, sdrt-health/mac:02010b41cdec/antenna/tag/e2806894000050038662194f, 83
1652704121.708745, sdrt-health/mac:02010b41cdec/antenna/tag/e2806894000050038661fd4f, 97
1652704121.723569, sdrt-health/mac:02010b41cdec/antenna/tag/e2806894000050038662194f, 81
1652704121.797486, sdrt-health/mac:02010b41cdec/antenna/tag/e28068940000400386621d4f, 96
1652704121.83765, sdrt-health/mac:02010b41cdec/antenna/tag/e2806894000050038661fd4f, 97
1652704121.838372, sdrt-health/mac:02010b41cdec/antenna/tag/e2806894000050038662154f, 85
1652704121.853237, sdrt-health/mac:02010b41cdec/antenna/tag/e28068940000500386620d4f, 83
1652704121.907669, sdrt-health/mac:02010b41cdec/antenna/tag/e2806894000050038662194f, 81
1652704121.957512, sdrt-health/mac:02010b41cdec/antenna/tag/e2806894000040038662114f, 88
1652704122.013788, sdrt-health/mac:02010b41cdec/antenna/tag/e2806894000050038661fd4f, 91
1652704122.058211, sdrt-health/mac:02010b41cdec/antenna/tag/e2806894000040038662114f, 88
1652704122.101137, sdrt-health/mac:02010b41cdec/antenna/tag/e28068940000400386621d4f, 77
1652704122.148005, sdrt-health/mac:02010b41cdec/antenna/tag/e28068940000500386620d4f, 97
1652704122.198568, sdrt-health/mac:02010b41cdec/antenna/tag/e2806894000040038662054f, 82
1652704122.254036, sdrt-health/mac:02010b41cdec/antenna/tag/e2806894000040038661f94f, 88
1652704122.254502, sdrt-health/mac:02010b41cdec/antenna/tag/e28068940000500386620d4f, 97
1652704122.256051, sdrt-health/mac:02010b41cdec/antenna/tag/e2806894000040038661f94f, 82
1652704122.279871, sdrt-health/mac:02010b41cdec/antenna/tag/e28068940000400386621d4f, 77
1652704122.333158, sdrt-health/mac:02010b41cdec/antenna/tag/e2806894000040038662114f, 85
1652704122.364421, sdrt-health/mac:02010b41cdec/antenna/tag/e2806894000050038662154f, 93
1652704122.364715, sdrt-health/mac:02010b41cdec/antenna/tag/e2806894000050038661fd4f, 91
1652704122.378051, sdrt-health/mac:02010b41cdec/antenna/tag/e28068940000400386621d4f, 77
1652704122.378312, sdrt-health/mac:02010b41cdec/antenna/tag/e2806894000050038661fd4f, 88
1652704122.378509, sdrt-health/mac:02010b41cdec/antenna/tag/e28068940000400386621d4f, 77
1652704122.421759, sdrt-health/mac:02010b41cdec/antenna/tag/e28068940000400386621d4f, 80
1652704122.467868, sdrt-health/mac:02010b41cdec/antenna/tag/e2806894000050038662194f, 88
1652704122.507986, sdrt-health/mac:02010b41cdec/antenna/tag/e28068940000400386621d4f, 80
1652704122.561991, sdrt-health/mac:02010b41cdec/antenna/tag/e2806894000040038662114f, 93
1652704122.562444, sdrt-health/mac:02010b41cdec/antenna/tag/e2806894000040038662114f, 88
1652704122.59812, sdrt-health/mac:02010b41cdec/antenna/tag/e28068940000400386621d4f, 77
1652704122.652722, sdrt-health/mac:02010b41cdec/antenna/tag/e2806894000050038661fd4f, 91
1652704122.653082, sdrt-health/mac:02010b41cdec/antenna/tag/e2806894000050038662194f, 87
1652704122.667663, sdrt-health/mac:02010b41cdec/antenna/tag/e2806894000050038662194f, 94
1652704122.677049, sdrt-health/mac:02010b41cdec/antenna/tag/e28068940000400386621d4f, 96
1652704122.682409, sdrt-health/mac:02010b41cdec/antenna/tag/e2806894000050038661fd4f, 97
1652704122.71786, sdrt-health/mac:02010b41cdec/antenna/tag/e28068940000500386620d4f, 83
1652704122.777707, sdrt-health/mac:02010b41cdec/antenna/tag/e2806894000040038662114f, 85
1652704122.778233, sdrt-health/mac:02010b41cdec/antenna/tag/e28068940000500386620d4f, 83
1652704122.792428, sdrt-health/mac:02010b41cdec/antenna/tag/e28068940000500386620d4f, 97
1652704122.827102, sdrt-health/mac:02010b41cdec/antenna/tag/e2806894000040038662114f, 91
1652704122.868747, sdrt-health/mac:02010b41cdec/antenna/tag/e2806894000050038661fd4f, 97
1652704122.917751, sdrt-health/mac:02010b41cdec/antenna/tag/e2806894000040038662114f, 88
1652704123.000413, sdrt-health/mac:02010b41cdec/antenna/tag/e2806894000050038662154f, 85
1652704123.000943, sdrt-health/mac:02010b41cdec/antenna/tag/e2806894000040038662114f, 91
1652704123.027245, sdrt-health/mac:02010b41cdec/antenna/tag/e2806894000050038662194f, 81
1652704123.078056, sdrt-health/mac:02010b41cdec/antenna/tag/e2806894000040038662114f, 88
1652704123.13393, sdrt-health/mac:02010b41cdec/antenna/tag/e2806894000040038662114f, 88
1652704123.134404, sdrt-health/mac:02010b41cdec/antenna/tag/e28068940000400386621d4f, 77
1652704123.149962, sdrt-health/mac:02010b41cdec/antenna/tag/e2806894000050038662154f, 93
1652704123.157333, sdrt-health/mac:02010b41cdec/antenna/tag/e2806894000050038662194f, 83
1652704123.214389, sdrt-health/mac:02010b41cdec/antenna/tag/e2806894000050038661fd4f, 91
1652704123.259703, sdrt-health/mac:02010b41cdec/antenna/tag/e2806894000040038662054f, 81
1652704123.345495, sdrt-health/mac:02010b41cdec/antenna/tag/e2806894000040038662054f, 94
1652704123.397985, sdrt-health/mac:02010b41cdec/antenna/tag/e2806894000050038662154f, 88
1652704123.452113, sdrt-health/mac:02010b41cdec/antenna/tag/e28068940000500386620d4f, 83
1652704123.452377, sdrt-health/mac:02010b41cdec/antenna/tag/e2806894000040038662114f, 91
1652704123.476523, sdrt-health/mac:02010b41cdec/antenna/tag/e2806894000050038661fd4f, 91
1652704123.535098, sdrt-health/mac:02010b41cdec/antenna/tag/e2806894000040038662114f, 85
1652704123.565383, sdrt-health/mac:02010b41cdec/antenna/tag/e2806894000050038661fd4f, 88
1652704123.565672, sdrt-health/mac:02010b41cdec/antenna/tag/e28068940000500386620d4f, 83
1652704123.579928, sdrt-health/mac:02010b41cdec/antenna/tag/e2806894000050038662154f, 93
1652704123.629661, sdrt-health/mac:02010b41cdec/antenna/tag/e2806894000050038662154f, 88
1652704123.693946, sdrt-health/mac:02010b41cdec/antenna/tag/e2806894000050038662154f, 85
1652704123.6944, sdrt-health/mac:02010b41cdec/antenna/tag/e2806894000040038662054f, 84
1652704123.774109, sdrt-health/mac:02010b41cdec/antenna/tag/e2806894000050038662194f, 81
1652704123.816464, sdrt-health/mac:02010b41cdec/antenna/tag/e2806894000040038662114f, 85
1652704123.909012, sdrt-health/mac:02010b41cdec/antenna/tag/e2806894000040038662114f, 85
1652704123.909457, sdrt-health/mac:02010b41cdec/antenna/tag/e28068940000400386621d4f, 96
1652704123.933791, sdrt-health/mac:02010b41cdec/antenna/tag/e2806894000050038661fd4f, 83
1652704123.995076, sdrt-health/mac:02010b41cdec/antenna/tag/e2806894000050038662154f, 88
1652704123.995591, sdrt-health/mac:02010b41cdec/antenna/tag/e28068940000400386621d4f, 77
1652704124.021652, sdrt-health/mac:02010b41cdec/antenna/tag/e2806894000050038662194f, 88
1652704124.082338, sdrt-health/mac:02010b41cdec/antenna/tag/e28068940000500386620d4f, 83
1652704124.082546, sdrt-health/mac:02010b41cdec/antenna/tag/e2806894000050038662154f, 87
1652704124.09764, sdrt-health/mac:02010b41cdec/antenna/tag/e2806894000050038662194f, 88
1652704124.119579, sdrt-health/mac:02010b41cdec/antenna/tag/e2806894000050038661fd4f, 91
1652704124.172552, sdrt-health/mac:02010b41cdec/antenna/tag/e2806894000040038661f94f, 81
1652704124.172884, sdrt-health/mac:02010b41cdec/antenna/tag/e2806894000040038662054f, 84
1652704124.188041, sdrt-health/mac:02010b41cdec/antenna/tag/e28068940000400386621d4f, 96
1652704124.205221, sdrt-health/mac:02010b41cdec/antenna/tag/e28068940000400386621d4f, 96
1652704124.237583, sdrt-health/mac:02010b41cdec/antenna/tag/e2806894000050038662194f, 94
1652704124.277391, sdrt-health/mac:02010b41cdec/antenna/tag/e2806894000040038662054f, 94
1652704124.333982, sdrt-health/mac:02010b41cdec/antenna/tag/e2806894000040038662114f, 88
1652704124.378576, sdrt-health/mac:02010b41cdec/antenna/tag/e2806894000050038662194f, 87
1652704124.438118, sdrt-health/mac:02010b41cdec/antenna/tag/e2806894000040038662114f, 85
1652704124.477621, sdrt-health/mac:02010b41cdec/antenna/tag/e2806894000050038662154f, 85
1652704124.517085, sdrt-health/mac:02010b41cdec/antenna/tag/e28068940000500386620d4f, 97
1652704124.573125, sdrt-health/mac:02010b41cdec/antenna/tag/e2806894000040038662114f, 85
1652704124.57372, sdrt-health/mac:02010b41cdec/antenna/tag/e2806894000050038662154f, 88
1652704124.58802, sdrt-health/mac:02010b41cdec/antenna/tag/e2806894000050038661fd4f, 97
1652704124.597203, sdrt-health/mac:02010b41cdec/antenna/tag/e2806894000050038662154f, 91
1652704124.639168, sdrt-health/mac:02010b41cdec/antenna/tag/e2806894000050038662154f, 85
1652704124.678071, sdrt-health/mac:02010b41cdec/antenna/tag/e28068940000500386620d4f, 83
1652704124.717904, sdrt-health/mac:02010b41cdec/antenna/tag/e2806894000050038662154f, 93
1652704124.773238, sdrt-health/mac:02010b41cdec/antenna/tag/e2806894000050038662194f, 84
1652704124.773741, sdrt-health/mac:02010b41cdec/antenna/tag/e2806894000050038662194f, 81
1652704124.797108, sdrt-health/mac:02010b41cdec/antenna/tag/e28068940000500386620d4f, 97
1652704124.827407, sdrt-health/mac:02010b41cdec/antenna/tag/e28068940000400386621d4f, 96
1652704124.82779, sdrt-health/mac:02010b41cdec/antenna/tag/e2806894000040038662114f, 88
1652704124.841932, sdrt-health/mac:02010b41cdec/antenna/tag/e2806894000050038662154f, 88
1652704124.915537, sdrt-health/mac:02010b41cdec/antenna/tag/e2806894000050038662154f, 88
1652704124.957544, sdrt-health/mac:02010b41cdec/antenna/tag/e28068940000400386621d4f, 77
1652704125.012982, sdrt-health/mac:02010b41cdec/antenna/tag/e28068940000500386620d4f, 83
1652704125.013425, sdrt-health/mac:02010b41cdec/antenna/tag/e2806894000040038662114f, 91
1652704125.037604, sdrt-health/mac:02010b41cdec/antenna/tag/e2806894000050038661fd4f, 91
1652704125.078114, sdrt-health/mac:02010b41cdec/antenna/tag/e2806894000040038662114f, 88
1652704125.133455, sdrt-health/mac:02010b41cdec/antenna/tag/e28068940000400386621d4f, 96
1652704125.133873, sdrt-health/mac:02010b41cdec/antenna/tag/e2806894000040038662114f, 93
1652704125.14866, sdrt-health/mac:02010b41cdec/antenna/tag/e28068940000400386621d4f, 96
1652704125.167497, sdrt-health/mac:02010b41cdec/antenna/tag/e28068940000400386621d4f, 96
1652704125.228444, sdrt-health/mac:02010b41cdec/antenna/tag/e2806894000050038662154f, 85
1652704125.228885, sdrt-health/mac:02010b41cdec/antenna/tag/e2806894000050038661fd4f, 83
1652704125.243325, sdrt-health/mac:02010b41cdec/antenna/tag/e28068940000500386620d4f, 83
1652704125.258351, sdrt-health/mac:02010b41cdec/antenna/tag/e28068940000400386621d4f, 77
1652704125.301721, sdrt-health/mac:02010b41cdec/antenna/tag/e2806894000050038662154f, 85
1652704125.346602, sdrt-health/mac:02010b41cdec/antenna/tag/e28068940000500386620d4f, 83
1652704125.41347, sdrt-health/mac:02010b41cdec/antenna/tag/e2806894000040038661f94f, 88
1652704125.413912, sdrt-health/mac:02010b41cdec/antenna/tag/e2806894000050038662154f, 88
1652704125.437784, sdrt-health/mac:02010b41cdec/antenna/tag/e2806894000040038662114f, 85
1652704125.477481, sdrt-health/mac:02010b41cdec/antenna/tag/e28068940000500386620d4f, 83
1652704125.534497, sdrt-health/mac:02010b41cdec/antenna/tag/e28068940000500386620d4f, 83
1652704125.534957, sdrt-health/mac:02010b41cdec/antenna/tag/e2806894000050038662154f, 88
1652704125.557195, sdrt-health/mac:02010b41cdec/antenna/tag/e2806894000040038662214f, 84
1652704125.58934, sdrt-health/mac:02010b41cdec/antenna/tag/e28068940000500386620d4f, 91
1652704125.589638, sdrt-health/mac:02010b41cdec/antenna/tag/e2806894000050038662154f, 83
1652704125.604798, sdrt-health/mac:02010b41cdec/antenna/tag/e28068940000400386621d4f, 77
1652704125.637611, sdrt-health/mac:02010b41cdec/antenna/tag/e2806894000050038661fd4f, 91
1652704125.707687, sdrt-health/mac:02010b41cdec/antenna/tag/e2806894000040038662114f, 85
1652704125.748432, sdrt-health/mac:02010b41cdec/antenna/tag/e2806894000040038662114f, 85
1652704125.817229, sdrt-health/mac:02010b41cdec/antenna/tag/e2806894000040038662114f, 88
1652704125.817481, sdrt-health/mac:02010b41cdec/antenna/tag/e28068940000400386621d4f, 96
1652704125.918833, sdrt-health/mac:02010b41cdec/antenna/tag/e28068940000400386621d4f, 96
1652704125.949764, sdrt-health/mac:02010b41cdec/antenna/tag/e2806894000040038662114f, 88
1652704125.950124, sdrt-health/mac:02010b41cdec/antenna/tag/e2806894000040038662054f, 88
1652704125.950391, sdrt-health/mac:02010b41cdec/antenna/tag/e28068940000500386620d4f, 83
1652704125.964538, sdrt-health/mac:02010b41cdec/antenna/tag/e2806894000050038662194f, 83
1652704125.964743, sdrt-health/mac:02010b41cdec/antenna/tag/e2806894000050038662154f, 88
1652704125.999673, sdrt-health/mac:02010b41cdec/antenna/tag/e28068940000400386621d4f, 96
1652704126.054562, sdrt-health/mac:02010b41cdec/antenna/tag/e28068940000400386621d4f, 96
1652704126.055015, sdrt-health/mac:02010b41cdec/antenna/tag/e2806894000050038661fd4f, 97
1652704126.077893, sdrt-health/mac:02010b41cdec/antenna/tag/e2806894000040038662054f, 84
1652704126.118275, sdrt-health/mac:02010b41cdec/antenna/tag/e2806894000040038662214f, 81
1652704126.172242, sdrt-health/mac:02010b41cdec/antenna/tag/e2806894000050038661fd4f, 88
1652704126.172768, sdrt-health/mac:02010b41cdec/antenna/tag/e2806894000050038662154f, 93
1652704126.197397, sdrt-health/mac:02010b41cdec/antenna/tag/e28068940000400386621d4f, 96
1652704126.237136, sdrt-health/mac:02010b41cdec/antenna/tag/e28068940000400386621d4f, 96
1652704126.277806, sdrt-health/mac:02010b41cdec/antenna/tag/e2806894000050038662194f, 81
1652704126.319551, sdrt-health/mac:02010b41cdec/antenna/tag/e2806894000040038662114f, 93
1652704126.367333, sdrt-health/mac:02010b41cdec/antenna/tag/e2806894000050038661fd4f, 83
1652704126.458382, sdrt-health/mac:02010b41cdec/antenna/tag/e2806894000040038662214f, 81
1652704126.50201, sdrt-health/mac:02010b41cdec/antenna/tag/e2806894000040038662214f, 84
1652704126.537625, sdrt-health/mac:02010b41cdec/antenna/tag/e2806894000040038662114f, 88
1652704126.582342, sdrt-health/mac:02010b41cdec/antenna/tag/e2806894000050038661fd4f, 83
1652704126.627347, sdrt-health/mac:02010b41cdec/antenna/tag/e2806894000050038662194f, 94
1652704126.679193, sdrt-health/mac:02010b41cdec/antenna/tag/e2806894000050038662194f, 88
1652704126.709436, sdrt-health/mac:02010b41cdec/antenna/tag/e2806894000050038662154f, 88
1652704126.709763, sdrt-health/mac:02010b41cdec/antenna/tag/e28068940000400386621d4f, 96
1652704126.724555, sdrt-health/mac:02010b41cdec/antenna/tag/e28068940000400386621d4f, 77
1652704126.768663, sdrt-health/mac:02010b41cdec/antenna/tag/e2806894000050038661fd4f, 83
1652704126.814424, sdrt-health/mac:02010b41cdec/antenna/tag/e28068940000500386620d4f, 97
1652704126.81516, sdrt-health/mac:02010b41cdec/antenna/tag/e2806894000050038662154f, 91
1652704126.870013, sdrt-health/mac:02010b41cdec/antenna/tag/e28068940000400386621d4f, 96
1652704126.917917, sdrt-health/mac:02010b41cdec/antenna/tag/e2806894000040038662054f, 94
1652704126.918425, sdrt-health/mac:02010b41cdec/antenna/tag/e2806894000040038662114f, 85
1652704126.988439, sdrt-health/mac:02010b41cdec/antenna/tag/e28068940000400386621d4f, 77
1652704127.027279, sdrt-health/mac:02010b41cdec/antenna/tag/e2806894000050038662194f, 81
1652704127.116018, sdrt-health/mac:02010b41cdec/antenna/tag/e28068940000400386621d4f, 96
1652704127.160588, sdrt-health/mac:02010b41cdec/antenna/tag/e2806894000050038662154f, 88
1652704127.213883, sdrt-health/mac:02010b41cdec/antenna/tag/e2806894000050038661fd4f, 83
1652704127.214352, sdrt-health/mac:02010b41cdec/antenna/tag/e2806894000050038662154f, 91
1652704127.229307, sdrt-health/mac:02010b41cdec/antenna/tag/e2806894000040038662054f, 81
1652704127.237161, sdrt-health/mac:02010b41cdec/antenna/tag/e2806894000040038662054f, 81
1652704127.278285, sdrt-health/mac:02010b41cdec/antenna/tag/e28068940000400386621d4f, 90
1652704127.279127, sdrt-health/mac:02010b41cdec/antenna/tag/e2806894000040038662054f, 81
1652704127.372962, sdrt-health/mac:02010b41cdec/antenna/tag/e28068940000400386621d4f, 77
1652704127.417532, sdrt-health/mac:02010b41cdec/antenna/tag/e2806894000040038662214f, 88
1652704127.523606, sdrt-health/mac:02010b41cdec/antenna/tag/e2806894000040038662114f, 85
1652704127.524065, sdrt-health/mac:02010b41cdec/antenna/tag/e28068940000400386621d4f, 77
1652704127.558055, sdrt-health/mac:02010b41cdec/antenna/tag/e2806894000050038661fd4f, 88
1652704127.632051, sdrt-health/mac:02010b41cdec/antenna/tag/e2806894000050038662154f, 91
1652704127.678851, sdrt-health/mac:02010b41cdec/antenna/tag/e28068940000400386621d4f, 77
1652704127.777827, sdrt-health/mac:02010b41cdec/antenna/tag/e2806894000050038662154f, 88
1652704127.778332, sdrt-health/mac:02010b41cdec/antenna/tag/e28068940000400386621d4f, 96
1652704127.815927, sdrt-health/mac:02010b41cdec/antenna/tag/e2806894000050038662154f, 91
1652704127.89524, sdrt-health/mac:02010b41cdec/antenna/tag/e28068940000500386620d4f, 83
1652704127.942582, sdrt-health/mac:02010b41cdec/antenna/tag/e2806894000050038662154f, 85
1652704127.992512, sdrt-health/mac:02010b41cdec/antenna/tag/e2806894000050038662194f, 81
1652704127.993015, sdrt-health/mac:02010b41cdec/antenna/tag/e2806894000040038662114f, 91
1652704128.022824, sdrt-health/mac:02010b41cdec/antenna/tag/e2806894000040038662114f, 88
1652704128.072471, sdrt-health/mac:02010b41cdec/antenna/tag/e28068940000400386621d4f, 77
1652704128.073019, sdrt-health/mac:02010b41cdec/antenna/tag/e2806894000050038661fd4f, 91
1652704128.087116, sdrt-health/mac:02010b41cdec/antenna/tag/e2806894000040038662114f, 85
1652704128.087346, sdrt-health/mac:02010b41cdec/antenna/tag/e2806894000050038662154f, 85
1652704128.110408, sdrt-health/mac:02010b41cdec/antenna/tag/e28068940000400386621d4f, 77
1652704128.173226, sdrt-health/mac:02010b41cdec/antenna/tag/e2806894000050038662194f, 83
1652704128.173674, sdrt-health/mac:02010b41cdec/antenna/tag/e2806894000050038661fd4f, 97
1652704128.197366, sdrt-health/mac:02010b41cdec/antenna/tag/e2806894000050038662154f, 88
1652704128.237318, sdrt-health/mac:02010b41cdec/antenna/tag/e2806894000050038662154f, 85
1652704128.277215, sdrt-health/mac:02010b41cdec/antenna/tag/e28068940000400386621d4f, 96
1652704128.316434, sdrt-health/mac:02010b41cdec/antenna/tag/e2806894000050038662154f, 85
1652704128.357321, sdrt-health/mac:02010b41cdec/antenna/tag/e28068940000400386621d4f, 96
1652704128.414932, sdrt-health/mac:02010b41cdec/antenna/tag/e2806894000050038661fd4f, 97
1652704128.415374, sdrt-health/mac:02010b41cdec/antenna/tag/e28068940000500386620d4f, 83
1652704128.438424, sdrt-health/mac:02010b41cdec/antenna/tag/e28068940000500386620d4f, 83
1652704128.49425, sdrt-health/mac:02010b41cdec/antenna/tag/e28068940000400386621d4f, 77
1652704128.494689, sdrt-health/mac:02010b41cdec/antenna/tag/e2806894000050038662154f, 88
1652704128.509595, sdrt-health/mac:02010b41cdec/antenna/tag/e2806894000050038662154f, 85
1652704128.523586, sdrt-health/mac:02010b41cdec/antenna/tag/e2806894000050038662154f, 85
1652704128.559356, sdrt-health/mac:02010b41cdec/antenna/tag/e2806894000050038662154f, 85
1652704128.607244, sdrt-health/mac:02010b41cdec/antenna/tag/e28068940000400386621d4f, 77
1652704128.671529, sdrt-health/mac:02010b41cdec/antenna/tag/e2806894000040038662114f, 85
1652704128.67216, sdrt-health/mac:02010b41cdec/antenna/tag/e2806894000050038661fd4f, 91
1652704128.697437, sdrt-health/mac:02010b41cdec/antenna/tag/e2806894000040038661f94f, 84
1652704128.741987, sdrt-health/mac:02010b41cdec/antenna/tag/e28068940000500386620d4f, 97
1652704128.787404, sdrt-health/mac:02010b41cdec/antenna/tag/e2806894000040038662114f, 93
1652704128.837749, sdrt-health/mac:02010b41cdec/antenna/tag/e2806894000040038662114f, 85
1652704128.838175, sdrt-health/mac:02010b41cdec/antenna/tag/e28068940000400386621d4f, 77
1652704128.879211, sdrt-health/mac:02010b41cdec/antenna/tag/e2806894000050038662194f, 94
1652704128.910734, sdrt-health/mac:02010b41cdec/antenna/tag/e28068940000500386620d4f, 83
1652704128.911194, sdrt-health/mac:02010b41cdec/antenna/tag/e28068940000500386620d4f, 83
1652704128.911503, sdrt-health/mac:02010b41cdec/antenna/tag/e2806894000050038662154f, 85
1652704128.926241, sdrt-health/mac:02010b41cdec/antenna/tag/e28068940000400386621d4f, 77
1652704128.957231, sdrt-health/mac:02010b41cdec/antenna/tag/e2806894000050038661fd4f, 91
1652704129.022259, sdrt-health/mac:02010b41cdec/antenna/tag/e2806894000040038662114f, 88
1652704129.022811, sdrt-health/mac:02010b41cdec/antenna/tag/e2806894000050038661fd4f, 91
1652704129.036756, sdrt-health/mac:02010b41cdec/antenna/tag/e28068940000500386620d4f, 83
1652704129.053824, sdrt-health/mac:02010b41cdec/antenna/tag/e2806894000050038662154f, 91
1652704129.098258, sdrt-health/mac:02010b41cdec/antenna/tag/e28068940000400386621d4f, 77
1652704129.12859, sdrt-health/mac:02010b41cdec/antenna/tag/e28068940000500386620d4f, 97
1652704129.128867, sdrt-health/mac:02010b41cdec/antenna/tag/e2806894000050038661fd4f, 97
1652704129.143272, sdrt-health/mac:02010b41cdec/antenna/tag/e28068940000400386621d4f, 77
1652704129.143593, sdrt-health/mac:02010b41cdec/antenna/tag/e2806894000040038662114f, 88
1652704129.187458, sdrt-health/mac:02010b41cdec/antenna/tag/e2806894000040038662114f, 88
1652704129.237334, sdrt-health/mac:02010b41cdec/antenna/tag/e2806894000050038662194f, 81
1652704129.317548, sdrt-health/mac:02010b41cdec/antenna/tag/e28068940000500386620d4f, 83
1652704129.373662, sdrt-health/mac:02010b41cdec/antenna/tag/e28068940000500386620d4f, 83
1652704129.404758, sdrt-health/mac:02010b41cdec/antenna/tag/e2806894000050038661fd4f, 97
1652704129.405578, sdrt-health/mac:02010b41cdec/antenna/tag/e28068940000500386620d4f, 83
1652704129.418969, sdrt-health/mac:02010b41cdec/antenna/tag/e2806894000050038661fd4f, 83
1652704129.477992, sdrt-health/mac:02010b41cdec/antenna/tag/e2806894000050038661fd4f, 97
1652704129.508255, sdrt-health/mac:02010b41cdec/antenna/tag/e28068940000400386621d4f, 77
1652704129.508597, sdrt-health/mac:02010b41cdec/antenna/tag/e2806894000050038662194f, 83
1652704129.537816, sdrt-health/mac:02010b41cdec/antenna/tag/e2806894000040038662114f, 88
1652704129.59828, sdrt-health/mac:02010b41cdec/antenna/tag/e2806894000040038662114f, 93
1652704129.637454, sdrt-health/mac:02010b41cdec/antenna/tag/e2806894000050038662194f, 81
1652704129.680851, sdrt-health/mac:02010b41cdec/antenna/tag/e2806894000050038662194f, 81
1652704129.717984, sdrt-health/mac:02010b41cdec/antenna/tag/e2806894000040038662054f, 81
1652704129.774095, sdrt-health/mac:02010b41cdec/antenna/tag/e28068940000400386621d4f, 96
1652704129.774593, sdrt-health/mac:02010b41cdec/antenna/tag/e2806894000040038662114f, 85
1652704129.797774, sdrt-health/mac:02010b41cdec/antenna/tag/e2806894000040038662114f, 88
1652704129.837469, sdrt-health/mac:02010b41cdec/antenna/tag/e2806894000050038662194f, 82
1652704129.877951, sdrt-health/mac:02010b41cdec/antenna/tag/e2806894000050038661fd4f, 97
1652704129.919284, sdrt-health/mac:02010b41cdec/antenna/tag/e2806894000040038662114f, 88
1652704129.973108, sdrt-health/mac:02010b41cdec/antenna/tag/e2806894000050038662154f, 85
1652704129.973575, sdrt-health/mac:02010b41cdec/antenna/tag/e2806894000040038662054f, 81
1652704129.997822, sdrt-health/mac:02010b41cdec/antenna/tag/e2806894000050038661fd4f, 88
1652704129.998104, sdrt-health/mac:02010b41cdec/antenna/tag/e28068940000400386621d4f, 77
1652704130.03774, sdrt-health/mac:02010b41cdec/antenna/tag/e2806894000050038661fd4f, 88
1652704130.108507, sdrt-health/mac:02010b41cdec/antenna/tag/e2806894000040038662114f, 85
1652704130.149232, sdrt-health/mac:02010b41cdec/antenna/tag/e2806894000050038662194f, 81
1652704130.197864, sdrt-health/mac:02010b41cdec/antenna/tag/e2806894000050038661fd4f, 91
1652704130.251863, sdrt-health/mac:02010b41cdec/antenna/tag/e2806894000050038662154f, 85
1652704130.252257, sdrt-health/mac:02010b41cdec/antenna/tag/e2806894000040038662114f, 85
1652704130.277107, sdrt-health/mac:02010b41cdec/antenna/tag/e2806894000050038662194f, 83
1652704130.333826, sdrt-health/mac:02010b41cdec/antenna/tag/e2806894000050038662194f, 81
1652704130.334067, sdrt-health/mac:02010b41cdec/antenna/tag/e2806894000050038662154f, 85
1652704130.356797, sdrt-health/mac:02010b41cdec/antenna/tag/e2806894000040038662114f, 85
1652704130.429903, sdrt-health/mac:02010b41cdec/antenna/tag/e2806894000040038662114f, 88
1652704130.466832, sdrt-health/mac:02010b41cdec/antenna/tag/e2806894000040038662114f, 85
1652704130.467996, sdrt-health/mac:02010b41cdec/antenna/tag/e2806894000050038661fd4f, 97
1652704130.527361, sdrt-health/mac:02010b41cdec/antenna/tag/e2806894000040038662114f, 85
1652704130.574189, sdrt-health/mac:02010b41cdec/antenna/tag/e2806894000050038662154f, 85
1652704130.617462, sdrt-health/mac:02010b41cdec/antenna/tag/e2806894000050038662154f, 91
1652704130.660829, sdrt-health/mac:02010b41cdec/antenna/tag/e2806894000040038662054f, 88
1652704130.66155, sdrt-health/mac:02010b41cdec/antenna/tag/e2806894000050038661fd4f, 83
1652704130.675595, sdrt-health/mac:02010b41cdec/antenna/tag/e2806894000050038662154f, 88
1652704130.697663, sdrt-health/mac:02010b41cdec/antenna/tag/e28068940000500386620d4f, 83
1652704130.697915, sdrt-health/mac:02010b41cdec/antenna/state, connected
1652704130.698103, sdrt-health/mac:02010b41cdec/fw, {"version":"1.8.1","model":"200","hash":"2f556501b58f1dad542af428d7928d18","timestamp":1652704127}
1652704130.742916, sdrt-health/mac:02010b41cdec/antenna/tag/e2806894000050038661fd4f, 83
1652704130.787766, sdrt-health/mac:02010b41cdec/antenna/tag/e2806894000040038662054f, 84
1652704130.788382, sdrt-health/mac:02010b41cdec/antenna/tag/e2806894000050038662194f, 84
1652704130.85456, sdrt-health/mac:02010b41cdec/antenna/tag/e2806894000050038661fd4f, 97
1652704130.854986, sdrt-health/mac:02010b41cdec/antenna/tag/e2806894000050038662194f, 81
1652704130.86875, sdrt-health/mac:02010b41cdec/antenna/tag/e2806894000050038662154f, 85
1652704130.878877, sdrt-health/mac:02010b41cdec/antenna/tag/e2806894000040038662114f, 91
1652704130.91886, sdrt-health/mac:02010b41cdec/antenna/tag/e2806894000050038662154f, 88
1652704130.919192, sdrt-health/mac:02010b41cdec/antenna/version, h@bO
1652704131.352394, sdrt-health/mac:02010b41cdec/antenna/tag/scan, scan stopped
