1652704028.755509, sdrt-health/mac:02010b41cdec/antenna/power/set, {"power": 300}
1652704029.830218, sdrt-health/mac:02010b41cdec/antenna/power/set, 
1652704033.77794, sdrt-health/mac:02010b41cdec/antenna/tag/scan, {"time": 20000}
1652704034.19086, sdrt-health/mac:02010b41cdec/antenna/tag/e2806894000050038662154f, 85
1652704034.255347, sdrt-health/mac:02010b41cdec/antenna/tag/e2806894000050038662154f, 85
1652704034.337321, sdrt-health/mac:02010b41cdec/antenna/tag/e28068940000500386620d4f, 83
1652704034.337899, sdrt-health/mac:02010b41cdec/antenna/tag/e28068940000400386621d4f, 96
1652704034.359311, sdrt-health/mac:02010b41cdec/antenna/tag/e28068940000400386621d4f, 96
1652704034.389253, sdrt-health/mac:02010b41cdec/antenna/tag/e2806894000050038661fd4f, 83
1652704034.389501, sdrt-health/mac:02010b41cdec/antenna/tag/e2806894000040038662114f, 88
1652704034.404844, sdrt-health/mac:02010b41cdec/antenna/tag/e28068940000400386621d4f, 77
1652704034.437951, sdrt-health/mac:02010b41cdec/antenna/tag/e28068940000400386621d4f, 96
1652704034.478024, sdrt-health/mac:02010b41cdec/antenna/tag/e28068940000400386621d4f, 77
1652704034.545731, sdrt-health/mac:02010b41cdec/antenna/tag/e28068940000500386620d4f, 83
1652704034.546217, sdrt-health/mac:02010b41cdec/antenna/tag/e2806894000050038662194f, 94
1652704034.583982, sdrt-health/mac:02010b41cdec/antenna/tag/e2806894000050038662154f, 91
1652704034.629195, sdrt-health/mac:02010b41cdec/antenna/tag/e28068940000500386620d4f, 83
1652704034.69336, sdrt-health/mac:02010b41cdec/antenna/tag/e2806894000050038662194f, 93
1652704034.693821, sdrt-health/mac:02010b41cdec/antenna/tag/e28068940000500386620d4f, 97
1652704034.718632, sdrt-health/mac:02010b41cdec/antenna/tag/e2806894000040038662214f, 83
1652704034.759262, sdrt-health/mac:02010b41cdec/antenna/tag/e2806894000040038662114f, 88
1652704034.853684, sdrt-health/mac:02010b41cdec/antenna/tag/e2806894000040038661f94f, 82
1652704034.854214, sdrt-health/mac:02010b41cdec/antenna/tag/e28068940000400386621d4f, 77
1652704034.877448, sdrt-health/mac:02010b41cdec/antenna/tag/e2806894000050038662194f, 94
1652704034.934549, sdrt-health/mac:02010b41cdec/antenna/tag/e28068940000400386621d4f, 77
1652704034.934838, sdrt-health/mac:02010b41cdec/antenna/tag/e2806894000050038662194f, 94
1652704034.950539, sdrt-health/mac:02010b41cdec/antenna/tag/e28068940000500386620d4f, 86
1652704034.958297, sdrt-health/mac:02010b41cdec/antenna/tag/e28068940000400386621d4f, 77
1652704035.009543, sdrt-health/mac:02010b41cdec/antenna/tag/e2806894000050038662154f, 85
1652704035.056002, sdrt-health/mac:02010b41cdec/antenna/tag/e2806894000040038662214f, 94
1652704035.098332, sdrt-health/mac:02010b41cdec/antenna/tag/e2806894000050038662194f, 84
1652704035.157698, sdrt-health/mac:02010b41cdec/antenna/tag/e2806894000040038662114f, 85
1652704035.158245, sdrt-health/mac:02010b41cdec/antenna/tag/e2806894000050038662154f, 93
1652704035.190505, sdrt-health/mac:02010b41cdec/antenna/tag/e28068940000400386621d4f, 77
1652704035.224062, sdrt-health/mac:02010b41cdec/antenna/tag/e2806894000040038662114f, 88
1652704035.224534, sdrt-health/mac:02010b41cdec/antenna/tag/e2806894000050038662154f, 88
1652704035.240351, sdrt-health/mac:02010b41cdec/antenna/tag/e2806894000050038662194f, 94
1652704035.240886, sdrt-health/mac:02010b41cdec/antenna/tag/e28068940000400386621d4f, 77
1652704035.278506, sdrt-health/mac:02010b41cdec/antenna/tag/e28068940000400386621d4f, 77
1652704035.335454, sdrt-health/mac:02010b41cdec/antenna/tag/e2806894000040038662114f, 85
1652704035.335864, sdrt-health/mac:02010b41cdec/antenna/tag/e28068940000500386620d4f, 97
1652704035.352486, sdrt-health/mac:02010b41cdec/antenna/tag/e2806894000050038662154f, 85
1652704035.358469, sdrt-health/mac:02010b41cdec/antenna/tag/e2806894000050038662154f, 85
1652704035.369303, sdrt-health/mac:02010b41cdec/antenna/tag/e2806894000040038662054f, 94
1652704035.398117, sdrt-health/mac:02010b41cdec/antenna/tag/e2806894000050038662154f, 85
1652704035.455826, sdrt-health/mac:02010b41cdec/antenna/tag/e28068940000400386621d4f, 96
1652704035.456195, sdrt-health/mac:02010b41cdec/antenna/tag/e2806894000050038661fd4f, 97
1652704035.470948, sdrt-health/mac:02010b41cdec/antenna/tag/e2806894000040038662114f, 88
1652704035.505678, sdrt-health/mac:02010b41cdec/antenna/tag/e2806894000050038662154f, 88
1652704035.505932, sdrt-health/mac:02010b41cdec/antenna/tag/e2806894000050038662194f, 83
1652704035.534557, sdrt-health/mac:02010b41cdec/antenna/tag/e2806894000040038662114f, 88
1652704035.594437, sdrt-health/mac:02010b41cdec/antenna/tag/e2806894000040038662114f, 88
1652704035.594834, sdrt-health/mac:02010b41cdec/antenna/tag/e28068940000400386621d4f, 96
1652704035.623823, sdrt-health/mac:02010b41cdec/antenna/tag/e28068940000400386621d4f, 77
1652704035.685468, sdrt-health/mac:02010b41cdec/antenna/tag/e2806894000050038662194f, 83
1652704035.68595, sdrt-health/mac:02010b41cdec/antenna/tag/e28068940000400386621d4f, 77
1652704035.7014, sdrt-health/mac:02010b41cdec/antenna/tag/e2806894000050038661fd4f, 91
1652704035.718892, sdrt-health/mac:02010b41cdec/antenna/tag/e28068940000500386620d4f, 83
1652704035.792095, sdrt-health/mac:02010b41cdec/antenna/tag/e28068940000400386621d4f, 77
1652704035.792558, sdrt-health/mac:02010b41cdec/antenna/tag/e28068940000500386620d4f, 83
1652704035.819043, sdrt-health/mac:02010b41cdec/antenna/tag/e2806894000050038661fd4f, 83
1652704035.8836, sdrt-health/mac:02010b41cdec/antenna/tag/e2806894000040038662054f, 83
1652704035.884054, sdrt-health/mac:02010b41cdec/antenna/tag/e2806894000040038662054f, 83
1652704035.91061, sdrt-health/mac:02010b41cdec/antenna/tag/e2806894000040038662054f, 88
1652704035.974958, sdrt-health/mac:02010b41cdec/antenna/tag/e28068940000500386620d4f, 83
1652704035.975528, sdrt-health/mac:02010b41cdec/antenna/tag/e28068940000400386621d4f, 96
1652704035.990554, sdrt-health/mac:02010b41cdec/antenna/tag/e2806894000050038662194f, 83
1652704035.990855, sdrt-health/mac:02010b41cdec/antenna/tag/e2806894000040038662054f, 88
1652704036.014919, sdrt-health/mac:02010b41cdec/antenna/tag/e28068940000400386621d4f, 77
1652704036.058418, sdrt-health/mac:02010b41cdec/antenna/tag/e28068940000400386621d4f, 77
1652704036.120313, sdrt-health/mac:02010b41cdec/antenna/tag/e2806894000050038662154f, 88
1652704036.120761, sdrt-health/mac:02010b41cdec/antenna/tag/e2806894000050038661fd4f, 97
1652704036.137137, sdrt-health/mac:02010b41cdec/antenna/tag/e2806894000040038662054f, 82
1652704036.149837, sdrt-health/mac:02010b41cdec/antenna/tag/e2806894000050038661fd4f, 91
1652704036.152506, sdrt-health/mac:02010b41cdec/antenna/tag/e2806894000050038662194f, 82
1652704036.198594, sdrt-health/mac:02010b41cdec/antenna/tag/e28068940000400386621d4f, 77
1652704036.229983, sdrt-health/mac:02010b41cdec/antenna/tag/e2806894000050038661fd4f, 91
1652704036.230209, sdrt-health/mac:02010b41cdec/antenna/tag/e2806894000040038662114f, 88
1652704036.245394, sdrt-health/mac:02010b41cdec/antenna/tag/e2806894000050038662194f, 83
1652704036.277648, sdrt-health/mac:02010b41cdec/antenna/tag/e2806894000050038662154f, 85
1652704036.337951, sdrt-health/mac:02010b41cdec/antenna/tag/e2806894000050038662194f, 83
1652704036.338502, sdrt-health/mac:02010b41cdec/antenna/tag/e2806894000050038661fd4f, 88
1652704036.355093, sdrt-health/mac:02010b41cdec/antenna/tag/e2806894000040038662114f, 85
1652704036.359055, sdrt-health/mac:02010b41cdec/antenna/tag/e2806894000050038661fd4f, 91
1652704036.400547, sdrt-health/mac:02010b41cdec/antenna/tag/e28068940000400386621d4f, 96
1652704036.438738, sdrt-health/mac:02010b41cdec/antenna/tag/e28068940000500386620d4f, 83
1652704036.481284, sdrt-health/mac:02010b41cdec/antenna/tag/e28068940000400386621d4f, 90
1652704036.533983, sdrt-health/mac:02010b41cdec/antenna/tag/e2806894000040038662114f, 88
1652704036.534188, sdrt-health/mac:02010b41cdec/antenna/tag/e28068940000500386620d4f, 83
1652704036.534309, sdrt-health/mac:02010b41cdec/antenna/tag/e2806894000050038662154f, 85
1652704036.566793, sdrt-health/mac:02010b41cdec/antenna/tag/e28068940000400386621d4f, 77
1652704036.607654, sdrt-health/mac:02010b41cdec/antenna/tag/e2806894000050038661fd4f, 88
1652704036.662848, sdrt-health/mac:02010b41cdec/antenna/tag/e2806894000040038661f94f, 81
1652704036.709413, sdrt-health/mac:02010b41cdec/antenna/tag/e28068940000400386621d4f, 77
1652704036.741566, sdrt-health/mac:02010b41cdec/antenna/tag/e2806894000050038661fd4f, 83
1652704036.741857, sdrt-health/mac:02010b41cdec/antenna/tag/e2806894000050038662154f, 91
1652704036.758831, sdrt-health/mac:02010b41cdec/antenna/tag/e2806894000040038662114f, 85
1652704036.823083, sdrt-health/mac:02010b41cdec/antenna/tag/e2806894000050038662194f, 88
1652704036.870005, sdrt-health/mac:02010b41cdec/antenna/tag/e2806894000050038662194f, 88
1652704036.933451, sdrt-health/mac:02010b41cdec/antenna/tag/e28068940000400386621d4f, 96
1652704036.933786, sdrt-health/mac:02010b41cdec/antenna/tag/e28068940000500386620d4f, 83
1652704036.975057, sdrt-health/mac:02010b41cdec/antenna/tag/e28068940000400386621d4f, 77
1652704037.019018, sdrt-health/mac:02010b41cdec/antenna/tag/e28068940000400386621d4f, 77
1652704037.05167, sdrt-health/mac:02010b41cdec/antenna/tag/e2806894000050038662194f, 83
1652704037.051932, sdrt-health/mac:02010b41cdec/antenna/tag/e2806894000050038661fd4f, 83
1652704037.079058, sdrt-health/mac:02010b41cdec/antenna/tag/e2806894000050038661fd4f, 91
1652704037.079312, sdrt-health/mac:02010b41cdec/antenna/tag/e2806894000050038662154f, 85
1652704037.109144, sdrt-health/mac:02010b41cdec/antenna/tag/e28068940000400386621d4f, 96
1652704037.185617, sdrt-health/mac:02010b41cdec/antenna/tag/e28068940000400386621d4f, 77
1652704037.186077, sdrt-health/mac:02010b41cdec/antenna/tag/e28068940000500386620d4f, 83
1652704037.201687, sdrt-health/mac:02010b41cdec/antenna/tag/e2806894000050038661fd4f, 97
1652704037.234187, sdrt-health/mac:02010b41cdec/antenna/tag/e2806894000040038662114f, 88
1652704037.23443, sdrt-health/mac:02010b41cdec/antenna/tag/e2806894000040038662114f, 85
1652704037.259392, sdrt-health/mac:02010b41cdec/antenna/tag/e28068940000400386621d4f, 77
1652704037.290952, sdrt-health/mac:02010b41cdec/antenna/tag/e28068940000500386620d4f, 83
1652704037.291412, sdrt-health/mac:02010b41cdec/antenna/tag/e2806894000050038662194f, 83
1652704037.307354, sdrt-health/mac:02010b41cdec/antenna/tag/e2806894000050038661fd4f, 83
1652704037.383737, sdrt-health/mac:02010b41cdec/antenna/tag/e2806894000050038662194f, 81
1652704037.436798, sdrt-health/mac:02010b41cdec/antenna/tag/e2806894000050038661fd4f, 83
1652704037.47801, sdrt-health/mac:02010b41cdec/antenna/tag/e28068940000400386621d4f, 96
1652704037.520111, sdrt-health/mac:02010b41cdec/antenna/tag/e2806894000050038661fd4f, 83
1652704037.558216, sdrt-health/mac:02010b41cdec/antenna/tag/e2806894000050038662154f, 88
1652704037.614947, sdrt-health/mac:02010b41cdec/antenna/tag/e28068940000500386620d4f, 83
1652704037.647735, sdrt-health/mac:02010b41cdec/antenna/tag/e2806894000050038661fd4f, 97
1652704037.6482, sdrt-health/mac:02010b41cdec/antenna/tag/e2806894000050038662154f, 88
1652704037.726578, sdrt-health/mac:02010b41cdec/antenna/tag/e2806894000040038662114f, 91
1652704037.758156, sdrt-health/mac:02010b41cdec/antenna/tag/e2806894000040038662114f, 88
1652704037.758431, sdrt-health/mac:02010b41cdec/antenna/tag/e2806894000040038662114f, 88
1652704037.878848, sdrt-health/mac:02010b41cdec/antenna/tag/e2806894000050038662154f, 88
1652704037.950404, sdrt-health/mac:02010b41cdec/antenna/tag/e2806894000050038662154f, 88
1652704037.950946, sdrt-health/mac:02010b41cdec/antenna/tag/e2806894000040038662114f, 88
1652704037.979499, sdrt-health/mac:02010b41cdec/antenna/tag/e2806894000050038661fd4f, 91
1652704038.023476, sdrt-health/mac:02010b41cdec/antenna/tag/e28068940000500386620d4f, 83
1652704038.067428, sdrt-health/mac:02010b41cdec/antenna/tag/e28068940000400386621d4f, 96
1652704038.135262, sdrt-health/mac:02010b41cdec/antenna/tag/e2806894000050038661fd4f, 97
1652704038.1357, sdrt-health/mac:02010b41cdec/antenna/tag/e2806894000040038662214f, 81
1652704038.174348, sdrt-health/mac:02010b41cdec/antenna/tag/e2806894000040038662114f, 88
1652704038.219114, sdrt-health/mac:02010b41cdec/antenna/tag/e2806894000040038662054f, 84
1652704038.277362, sdrt-health/mac:02010b41cdec/antenna/tag/e28068940000500386620d4f, 83
1652704038.277828, sdrt-health/mac:02010b41cdec/antenna/tag/e2806894000050038661fd4f, 97
1652704038.293366, sdrt-health/mac:02010b41cdec/antenna/tag/e2806894000050038661fd4f, 91
1652704038.351515, sdrt-health/mac:02010b41cdec/antenna/tag/e28068940000500386620d4f, 97
1652704038.463286, sdrt-health/mac:02010b41cdec/antenna/tag/e28068940000400386621d4f, 96
1652704038.46375, sdrt-health/mac:02010b41cdec/antenna/tag/e28068940000500386620d4f, 83
1652704038.479976, sdrt-health/mac:02010b41cdec/antenna/tag/e28068940000500386620d4f, 83
1652704038.480313, sdrt-health/mac:02010b41cdec/antenna/tag/e2806894000050038661fd4f, 97
1652704038.480552, sdrt-health/mac:02010b41cdec/antenna/tag/e2806894000050038662154f, 88
1652704038.480771, sdrt-health/mac:02010b41cdec/antenna/tag/e2806894000050038662194f, 81
1652704038.480986, sdrt-health/mac:02010b41cdec/antenna/tag/e28068940000400386621d4f, 96
1652704038.494793, sdrt-health/mac:02010b41cdec/antenna/tag/e28068940000500386620d4f, 83
1652704038.538573, sdrt-health/mac:02010b41cdec/antenna/tag/e2806894000040038662114f, 88
1652704038.59802, sdrt-health/mac:02010b41cdec/antenna/tag/e2806894000050038662154f, 85
1652704038.598276, sdrt-health/mac:02010b41cdec/antenna/tag/e28068940000400386621d4f, 96
1652704038.629467, sdrt-health/mac:02010b41cdec/antenna/tag/e2806894000050038661fd4f, 97
1652704038.695571, sdrt-health/mac:02010b41cdec/antenna/tag/e2806894000040038662114f, 85
1652704038.696027, sdrt-health/mac:02010b41cdec/antenna/tag/e2806894000040038662214f, 94
1652704038.734892, sdrt-health/mac:02010b41cdec/antenna/tag/e2806894000050038662154f, 88
1652704038.779807, sdrt-health/mac:02010b41cdec/antenna/tag/e2806894000050038662194f, 81
1652704038.822259, sdrt-health/mac:02010b41cdec/antenna/tag/e2806894000050038662194f, 81
1652704038.868363, sdrt-health/mac:02010b41cdec/antenna/tag/e2806894000040038662114f, 85
1652704038.918219, sdrt-health/mac:02010b41cdec/antenna/tag/e2806894000050038662154f, 91
1652704038.950207, sdrt-health/mac:02010b41cdec/antenna/tag/e28068940000500386620d4f, 97
1652704038.950513, sdrt-health/mac:02010b41cdec/antenna/tag/e28068940000400386621d4f, 96
1652704038.96602, sdrt-health/mac:02010b41cdec/antenna/tag/e2806894000040038662114f, 85
1652704038.966229, sdrt-health/mac:02010b41cdec/antenna/tag/e2806894000040038662114f, 93
1652704038.998717, sdrt-health/mac:02010b41cdec/antenna/tag/e2806894000040038662114f, 85
1652704039.038004, sdrt-health/mac:02010b41cdec/antenna/tag/e2806894000040038661f94f, 97
1652704039.096929, sdrt-health/mac:02010b41cdec/antenna/tag/e2806894000040038662214f, 88
1652704039.097198, sdrt-health/mac:02010b41cdec/antenna/tag/e2806894000040038662214f, 94
1652704039.113488, sdrt-health/mac:02010b41cdec/antenna/tag/e2806894000040038662054f, 84
1652704039.145986, sdrt-health/mac:02010b41cdec/antenna/tag/e28068940000500386620d4f, 97
1652704039.188707, sdrt-health/mac:02010b41cdec/antenna/tag/e2806894000050038662194f, 83
1652704039.238799, sdrt-health/mac:02010b41cdec/antenna/tag/e2806894000050038661fd4f, 83
1652704039.29448, sdrt-health/mac:02010b41cdec/antenna/tag/e28068940000500386620d4f, 97
1652704039.294855, sdrt-health/mac:02010b41cdec/antenna/tag/e2806894000040038661f94f, 81
1652704039.320034, sdrt-health/mac:02010b41cdec/antenna/tag/e2806894000050038661fd4f, 83
1652704039.39108, sdrt-health/mac:02010b41cdec/antenna/tag/e2806894000040038661f94f, 82
1652704039.391597, sdrt-health/mac:02010b41cdec/antenna/tag/e2806894000050038662154f, 88
1652704039.418994, sdrt-health/mac:02010b41cdec/antenna/tag/e2806894000050038661fd4f, 97
1652704039.45102, sdrt-health/mac:02010b41cdec/antenna/tag/e2806894000040038662114f, 93
1652704039.451284, sdrt-health/mac:02010b41cdec/antenna/tag/e2806894000040038662114f, 93
1652704039.466319, sdrt-health/mac:02010b41cdec/antenna/tag/e2806894000050038662154f, 85
1652704039.466553, sdrt-health/mac:02010b41cdec/antenna/tag/e28068940000500386620d4f, 97
1652704039.50787, sdrt-health/mac:02010b41cdec/antenna/tag/e2806894000040038662114f, 88
1652704039.557882, sdrt-health/mac:02010b41cdec/antenna/tag/e2806894000050038661fd4f, 91
1652704039.590498, sdrt-health/mac:02010b41cdec/antenna/tag/e28068940000500386620d4f, 86
1652704039.590987, sdrt-health/mac:02010b41cdec/antenna/tag/e2806894000050038662194f, 81
1652704039.605866, sdrt-health/mac:02010b41cdec/antenna/tag/e2806894000050038662154f, 85
1652704039.6061, sdrt-health/mac:02010b41cdec/antenna/tag/e2806894000040038662054f, 84
1652704039.606223, sdrt-health/mac:02010b41cdec/antenna/tag/e28068940000400386621d4f, 77
1652704039.658967, sdrt-health/mac:02010b41cdec/antenna/tag/e2806894000040038662114f, 85
1652704039.727432, sdrt-health/mac:02010b41cdec/antenna/tag/e2806894000050038661fd4f, 83
1652704039.727868, sdrt-health/mac:02010b41cdec/antenna/tag/e2806894000050038661fd4f, 97
1652704039.743005, sdrt-health/mac:02010b41cdec/antenna/tag/e2806894000040038662054f, 88
1652704039.759243, sdrt-health/mac:02010b41cdec/antenna/tag/e2806894000040038662114f, 85
1652704039.799947, sdrt-health/mac:02010b41cdec/antenna/tag/e28068940000500386620d4f, 83
1652704039.870858, sdrt-health/mac:02010b41cdec/antenna/tag/e2806894000040038662054f, 81
1652704039.871441, sdrt-health/mac:02010b41cdec/antenna/tag/e2806894000050038661fd4f, 97
1652704039.887168, sdrt-health/mac:02010b41cdec/antenna/tag/e2806894000040038662114f, 91
1652704039.91747, sdrt-health/mac:02010b41cdec/antenna/tag/e2806894000050038661fd4f, 97
1652704039.917797, sdrt-health/mac:02010b41cdec/antenna/tag/e28068940000400386621d4f, 77
1652704039.942307, sdrt-health/mac:02010b41cdec/antenna/tag/e2806894000050038662194f, 84
1652704040.003136, sdrt-health/mac:02010b41cdec/antenna/tag/e2806894000050038661fd4f, 91
1652704040.003399, sdrt-health/mac:02010b41cdec/antenna/tag/e28068940000400386621d4f, 77
1652704040.038357, sdrt-health/mac:02010b41cdec/antenna/tag/e28068940000400386621d4f, 77
1652704040.095938, sdrt-health/mac:02010b41cdec/antenna/tag/e28068940000500386620d4f, 83
1652704040.096198, sdrt-health/mac:02010b41cdec/antenna/tag/e28068940000400386621d4f, 77
1652704040.113076, sdrt-health/mac:02010b41cdec/antenna/tag/e2806894000040038662214f, 94
1652704040.119097, sdrt-health/mac:02010b41cdec/antenna/tag/e28068940000500386620d4f, 83
1652704040.12937, sdrt-health/mac:02010b41cdec/antenna/tag/e2806894000040038662214f, 81
1652704040.18264, sdrt-health/mac:02010b41cdec/antenna/tag/e28068940000500386620d4f, 97
1652704040.228414, sdrt-health/mac:02010b41cdec/antenna/tag/e28068940000400386621d4f, 77
1652704040.342231, sdrt-health/mac:02010b41cdec/antenna/tag/e28068940000500386620d4f, 97
1652704040.40571, sdrt-health/mac:02010b41cdec/antenna/tag/e2806894000040038662114f, 93
1652704040.406189, sdrt-health/mac:02010b41cdec/antenna/tag/e28068940000400386621d4f, 96
1652704040.406562, sdrt-health/mac:02010b41cdec/antenna/tag/e28068940000500386620d4f, 83
1652704040.438746, sdrt-health/mac:02010b41cdec/antenna/tag/e2806894000050038662194f, 81
1652704040.482381, sdrt-health/mac:02010b41cdec/antenna/tag/e2806894000050038661fd4f, 83
1652704040.591378, sdrt-health/mac:02010b41cdec/antenna/tag/e2806894000050038662194f, 83
1652704040.591857, sdrt-health/mac:02010b41cdec/antenna/tag/e2806894000050038662154f, 87
1652704040.618457, sdrt-health/mac:02010b41cdec/antenna/tag/e2806894000050038662194f, 94
1652704040.66239, sdrt-health/mac:02010b41cdec/antenna/tag/e2806894000040038662114f, 93
1652704040.723902, sdrt-health/mac:02010b41cdec/antenna/tag/e2806894000050038662194f, 88
1652704040.724401, sdrt-health/mac:02010b41cdec/antenna/tag/e28068940000500386620d4f, 83
1652704040.758506, sdrt-health/mac:02010b41cdec/antenna/tag/e2806894000050038661fd4f, 83
1652704040.815142, sdrt-health/mac:02010b41cdec/antenna/tag/e28068940000400386621d4f, 77
1652704040.815551, sdrt-health/mac:02010b41cdec/antenna/tag/e28068940000500386620d4f, 83
1652704040.830811, sdrt-health/mac:02010b41cdec/antenna/tag/e2806894000050038661fd4f, 83
1652704040.838511, sdrt-health/mac:02010b41cdec/antenna/tag/e2806894000050038661fd4f, 97
1652704040.878408, sdrt-health/mac:02010b41cdec/antenna/tag/e28068940000400386621d4f, 96
1652704040.935579, sdrt-health/mac:02010b41cdec/antenna/tag/e2806894000050038662154f, 85
1652704040.936083, sdrt-health/mac:02010b41cdec/antenna/tag/e2806894000050038661fd4f, 97
1652704040.953634, sdrt-health/mac:02010b41cdec/antenna/tag/e28068940000500386620d4f, 83
1652704040.975301, sdrt-health/mac:02010b41cdec/antenna/tag/e2806894000050038662154f, 85
1652704041.02723, sdrt-health/mac:02010b41cdec/antenna/tag/e2806894000050038661fd4f, 88
1652704041.083271, sdrt-health/mac:02010b41cdec/antenna/tag/e28068940000500386620d4f, 83
1652704041.137735, sdrt-health/mac:02010b41cdec/antenna/tag/e28068940000400386621d4f, 77
1652704041.138276, sdrt-health/mac:02010b41cdec/antenna/tag/e2806894000050038662154f, 88
1652704041.169274, sdrt-health/mac:02010b41cdec/antenna/tag/e28068940000400386621d4f, 96
1652704041.238971, sdrt-health/mac:02010b41cdec/antenna/tag/e2806894000050038661fd4f, 88
1652704041.23918, sdrt-health/mac:02010b41cdec/antenna/tag/e2806894000040038662114f, 93
1652704041.256068, sdrt-health/mac:02010b41cdec/antenna/tag/e2806894000040038662054f, 84
1652704041.268642, sdrt-health/mac:02010b41cdec/antenna/tag/e2806894000040038661f94f, 88
1652704041.271728, sdrt-health/mac:02010b41cdec/antenna/tag/e2806894000040038662114f, 85
1652704041.319906, sdrt-health/mac:02010b41cdec/antenna/tag/e2806894000040038662214f, 88
1652704041.360087, sdrt-health/mac:02010b41cdec/antenna/tag/e28068940000500386620d4f, 86
1652704041.495463, sdrt-health/mac:02010b41cdec/antenna/tag/e2806894000050038662194f, 83
1652704041.495693, sdrt-health/mac:02010b41cdec/antenna/tag/e2806894000050038662194f, 81
1652704041.534441, sdrt-health/mac:02010b41cdec/antenna/tag/e2806894000050038661fd4f, 91
1652704041.643693, sdrt-health/mac:02010b41cdec/antenna/tag/e2806894000040038662114f, 88
1652704041.644025, sdrt-health/mac:02010b41cdec/antenna/tag/e2806894000050038662154f, 85
1652704041.670009, sdrt-health/mac:02010b41cdec/antenna/tag/e28068940000400386621d4f, 77
1652704041.77395, sdrt-health/mac:02010b41cdec/antenna/tag/e2806894000050038662194f, 94
1652704041.774438, sdrt-health/mac:02010b41cdec/antenna/tag/e28068940000500386620d4f, 83
1652704041.799041, sdrt-health/mac:02010b41cdec/antenna/tag/e28068940000400386621d4f, 80
1652704041.840198, sdrt-health/mac:02010b41cdec/antenna/tag/e2806894000040038662114f, 85
1652704041.88631, sdrt-health/mac:02010b41cdec/antenna/tag/e28068940000400386621d4f, 96
1652704041.989054, sdrt-health/mac:02010b41cdec/antenna/tag/e2806894000050038662194f, 81
1652704042.068844, sdrt-health/mac:02010b41cdec/antenna/tag/e28068940000400386621d4f, 96
1652704042.102052, sdrt-health/mac:02010b41cdec/antenna/tag/e2806894000050038662154f, 85
1652704042.102262, sdrt-health/mac:02010b41cdec/antenna/tag/e2806894000050038662154f, 85
1652704042.118354, sdrt-health/mac:02010b41cdec/antenna/tag/e2806894000050038661fd4f, 83
1652704042.157644, sdrt-health/mac:02010b41cdec/antenna/tag/e28068940000400386621d4f, 77
1652704042.213105, sdrt-health/mac:02010b41cdec/antenna/tag/e28068940000500386620d4f, 83
1652704042.213602, sdrt-health/mac:02010b41cdec/antenna/tag/e2806894000040038662114f, 85
1652704042.23788, sdrt-health/mac:02010b41cdec/antenna/tag/e2806894000040038662114f, 85
1652704042.278448, sdrt-health/mac:02010b41cdec/antenna/tag/e2806894000040038662114f, 85
1652704042.334739, sdrt-health/mac:02010b41cdec/antenna/tag/e2806894000040038662054f, 81
1652704042.335111, sdrt-health/mac:02010b41cdec/antenna/tag/e28068940000400386621d4f, 96
1652704042.378463, sdrt-health/mac:02010b41cdec/antenna/tag/e28068940000400386621d4f, 96
1652704042.453925, sdrt-health/mac:02010b41cdec/antenna/tag/e28068940000400386621d4f, 96
1652704042.454394, sdrt-health/mac:02010b41cdec/antenna/tag/e2806894000040038662054f, 81
1652704042.469009, sdrt-health/mac:02010b41cdec/antenna/tag/e2806894000040038662114f, 91
1652704042.477664, sdrt-health/mac:02010b41cdec/antenna/tag/e2806894000050038661fd4f, 97
1652704042.517421, sdrt-health/mac:02010b41cdec/antenna/tag/e2806894000050038662154f, 93
1652704042.57568, sdrt-health/mac:02010b41cdec/antenna/tag/e2806894000050038661fd4f, 97
1652704042.576674, sdrt-health/mac:02010b41cdec/antenna/tag/e2806894000050038662194f, 87
1652704042.618454, sdrt-health/mac:02010b41cdec/antenna/tag/e2806894000050038662154f, 85
1652704042.677477, sdrt-health/mac:02010b41cdec/antenna/tag/e2806894000040038662114f, 85
1652704042.677986, sdrt-health/mac:02010b41cdec/antenna/tag/e28068940000500386620d4f, 86
1652704042.692392, sdrt-health/mac:02010b41cdec/antenna/tag/e28068940000500386620d4f, 83
1652704042.731223, sdrt-health/mac:02010b41cdec/antenna/tag/e2806894000040038662114f, 85
1652704042.731582, sdrt-health/mac:02010b41cdec/antenna/tag/e2806894000050038662154f, 85
1652704042.747319, sdrt-health/mac:02010b41cdec/antenna/tag/e28068940000400386621d4f, 77
1652704042.747589, sdrt-health/mac:02010b41cdec/antenna/tag/e2806894000050038661fd4f, 88
1652704042.757478, sdrt-health/mac:02010b41cdec/antenna/tag/e2806894000050038662154f, 85
1652704042.762034, sdrt-health/mac:02010b41cdec/antenna/tag/e28068940000400386621d4f, 77
1652704042.797549, sdrt-health/mac:02010b41cdec/antenna/tag/e2806894000050038662194f, 84
1652704042.827154, sdrt-health/mac:02010b41cdec/antenna/tag/e28068940000400386621d4f, 77
1652704042.827479, sdrt-health/mac:02010b41cdec/antenna/tag/e2806894000050038662154f, 85
1652704042.841658, sdrt-health/mac:02010b41cdec/antenna/tag/e28068940000500386620d4f, 83
1652704042.842008, sdrt-health/mac:02010b41cdec/antenna/tag/e2806894000050038661fd4f, 97
1652704042.901284, sdrt-health/mac:02010b41cdec/antenna/tag/e28068940000400386621d4f, 96
1652704042.955244, sdrt-health/mac:02010b41cdec/antenna/tag/e2806894000040038662114f, 85
1652704043.014426, sdrt-health/mac:02010b41cdec/antenna/tag/e2806894000050038661fd4f, 83
1652704043.014959, sdrt-health/mac:02010b41cdec/antenna/tag/e28068940000400386621d4f, 96
1652704043.029922, sdrt-health/mac:02010b41cdec/antenna/tag/e28068940000400386621d4f, 96
1652704043.054252, sdrt-health/mac:02010b41cdec/antenna/tag/e2806894000040038662114f, 85
1652704043.122946, sdrt-health/mac:02010b41cdec/antenna/tag/e28068940000500386620d4f, 83
1652704043.123453, sdrt-health/mac:02010b41cdec/antenna/tag/e2806894000050038662194f, 94
1652704043.138027, sdrt-health/mac:02010b41cdec/antenna/tag/e2806894000050038662154f, 85
1652704043.179212, sdrt-health/mac:02010b41cdec/antenna/tag/e28068940000400386621d4f, 77
1652704043.179544, sdrt-health/mac:02010b41cdec/antenna/tag/e2806894000050038662154f, 88
1652704043.197558, sdrt-health/mac:02010b41cdec/antenna/tag/e28068940000400386621d4f, 96
1652704043.239563, sdrt-health/mac:02010b41cdec/antenna/tag/e2806894000050038661fd4f, 83
1652704043.293928, sdrt-health/mac:02010b41cdec/antenna/tag/e2806894000050038662154f, 88
1652704043.294364, sdrt-health/mac:02010b41cdec/antenna/tag/e2806894000050038662194f, 88
1652704043.348452, sdrt-health/mac:02010b41cdec/antenna/tag/e2806894000040038662054f, 88
1652704043.397287, sdrt-health/mac:02010b41cdec/antenna/tag/e2806894000050038662154f, 85
1652704043.4381, sdrt-health/mac:02010b41cdec/antenna/tag/e28068940000500386620d4f, 83
1652704043.48798, sdrt-health/mac:02010b41cdec/antenna/tag/e2806894000050038662194f, 83
1652704043.559457, sdrt-health/mac:02010b41cdec/antenna/tag/e2806894000050038662154f, 88
1652704043.614056, sdrt-health/mac:02010b41cdec/antenna/tag/e2806894000040038662114f, 88
1652704043.645367, sdrt-health/mac:02010b41cdec/antenna/tag/e28068940000500386620d4f, 97
1652704043.64576, sdrt-health/mac:02010b41cdec/antenna/tag/e2806894000050038662154f, 91
1652704043.660154, sdrt-health/mac:02010b41cdec/antenna/tag/e2806894000050038661fd4f, 91
1652704043.702068, sdrt-health/mac:02010b41cdec/antenna/tag/e2806894000050038661fd4f, 88
1652704043.734418, sdrt-health/mac:02010b41cdec/antenna/tag/e28068940000500386620d4f, 86
1652704043.73464, sdrt-health/mac:02010b41cdec/antenna/tag/e2806894000040038662114f, 85
1652704043.749241, sdrt-health/mac:02010b41cdec/antenna/tag/e2806894000040038662114f, 85
1652704043.799688, sdrt-health/mac:02010b41cdec/antenna/tag/e2806894000050038662194f, 94
1652704043.838971, sdrt-health/mac:02010b41cdec/antenna/tag/e28068940000500386620d4f, 97
1652704043.877837, sdrt-health/mac:02010b41cdec/antenna/tag/e2806894000050038662194f, 94
1652704043.933415, sdrt-health/mac:02010b41cdec/antenna/tag/e2806894000040038662114f, 85
1652704043.933694, sdrt-health/mac:02010b41cdec/antenna/tag/e2806894000050038662194f, 94
1652704043.958073, sdrt-health/mac:02010b41cdec/antenna/tag/e2806894000040038662114f, 85
1652704043.998066, sdrt-health/mac:02010b41cdec/antenna/tag/e2806894000050038662194f, 83
1652704044.094299, sdrt-health/mac:02010b41cdec/antenna/tag/e28068940000500386620d4f, 83
1652704044.094882, sdrt-health/mac:02010b41cdec/antenna/tag/e28068940000500386620d4f, 83
1652704044.1189, sdrt-health/mac:02010b41cdec/antenna/tag/e2806894000040038662114f, 85
1652704044.190605, sdrt-health/mac:02010b41cdec/antenna/tag/e2806894000050038662154f, 85
1652704044.191141, sdrt-health/mac:02010b41cdec/antenna/tag/e2806894000040038662114f, 85
1652704044.218016, sdrt-health/mac:02010b41cdec/antenna/tag/e2806894000050038662154f, 88
1652704044.248651, sdrt-health/mac:02010b41cdec/antenna/tag/e28068940000400386621d4f, 96
1652704044.248917, sdrt-health/mac:02010b41cdec/antenna/tag/e2806894000040038661f94f, 94
1652704044.278033, sdrt-health/mac:02010b41cdec/antenna/tag/e2806894000050038662154f, 88
1652704044.310511, sdrt-health/mac:02010b41cdec/antenna/tag/e28068940000500386620d4f, 83
1652704044.310935, sdrt-health/mac:02010b41cdec/antenna/tag/e2806894000050038661fd4f, 83
1652704044.311245, sdrt-health/mac:02010b41cdec/antenna/tag/e2806894000050038662154f, 88
1652704044.341659, sdrt-health/mac:02010b41cdec/antenna/tag/e2806894000050038662154f, 88
1652704044.387877, sdrt-health/mac:02010b41cdec/antenna/tag/e28068940000400386621d4f, 96
1652704044.437925, sdrt-health/mac:02010b41cdec/antenna/tag/e2806894000040038662114f, 88
1652704044.46885, sdrt-health/mac:02010b41cdec/antenna/tag/e2806894000050038662154f, 85
1652704044.469203, sdrt-health/mac:02010b41cdec/antenna/tag/e2806894000050038661fd4f, 83
1652704044.483679, sdrt-health/mac:02010b41cdec/antenna/tag/e28068940000500386620d4f, 83
1652704044.483881, sdrt-health/mac:02010b41cdec/antenna/tag/e28068940000400386621d4f, 96
1652704044.484014, sdrt-health/mac:02010b41cdec/antenna/tag/e2806894000050038661fd4f, 97
1652704044.517949, sdrt-health/mac:02010b41cdec/antenna/tag/e2806894000050038662154f, 85
1652704044.572543, sdrt-health/mac:02010b41cdec/antenna/tag/e28068940000400386621d4f, 96
1652704044.572983, sdrt-health/mac:02010b41cdec/antenna/tag/e2806894000050038662154f, 88
1652704044.586455, sdrt-health/mac:02010b41cdec/antenna/tag/e2806894000040038662114f, 85
1652704044.600365, sdrt-health/mac:02010b41cdec/antenna/tag/e2806894000040038662214f, 94
1652704044.637901, sdrt-health/mac:02010b41cdec/antenna/tag/e2806894000050038661fd4f, 91
1652704044.693535, sdrt-health/mac:02010b41cdec/antenna/tag/e2806894000040038662054f, 88
1652704044.693973, sdrt-health/mac:02010b41cdec/antenna/tag/e28068940000400386621d4f, 77
1652704044.717285, sdrt-health/mac:02010b41cdec/antenna/tag/e2806894000040038662114f, 85
1652704044.758114, sdrt-health/mac:02010b41cdec/antenna/tag/e28068940000500386620d4f, 83
1652704044.759021, sdrt-health/mac:02010b41cdec/antenna/tag/e28068940000400386621d4f, 96
1652704044.797686, sdrt-health/mac:02010b41cdec/antenna/tag/e2806894000050038661fd4f, 97
1652704044.862594, sdrt-health/mac:02010b41cdec/antenna/tag/e2806894000040038662114f, 88
1652704044.863044, sdrt-health/mac:02010b41cdec/antenna/tag/e28068940000500386620d4f, 83
1652704044.982693, sdrt-health/mac:02010b41cdec/antenna/tag/e2806894000050038662194f, 81
1652704045.011041, sdrt-health/mac:02010b41cdec/antenna/tag/e2806894000050038662154f, 85
1652704045.011418, sdrt-health/mac:02010b41cdec/antenna/tag/e28068940000400386621d4f, 96
1652704045.028366, sdrt-health/mac:02010b41cdec/antenna/tag/e28068940000400386621d4f, 77
1652704045.058464, sdrt-health/mac:02010b41cdec/antenna/tag/e2806894000050038662194f, 83
1652704045.05888, sdrt-health/mac:02010b41cdec/antenna/tag/e2806894000040038662114f, 88
1652704045.077825, sdrt-health/mac:02010b41cdec/antenna/tag/e28068940000400386621d4f, 96
1652704045.108156, sdrt-health/mac:02010b41cdec/antenna/tag/e2806894000050038662194f, 81
1652704045.108941, sdrt-health/mac:02010b41cdec/antenna/tag/e28068940000500386620d4f, 83
1652704045.122538, sdrt-health/mac:02010b41cdec/antenna/tag/e2806894000050038661fd4f, 91
1652704045.122733, sdrt-health/mac:02010b41cdec/antenna/tag/e2806894000040038661f94f, 84
1652704045.15764, sdrt-health/mac:02010b41cdec/antenna/tag/e2806894000040038662054f, 84
1652704045.197515, sdrt-health/mac:02010b41cdec/antenna/tag/e28068940000500386620d4f, 97
1652704045.27415, sdrt-health/mac:02010b41cdec/antenna/tag/e28068940000400386621d4f, 77
1652704045.274603, sdrt-health/mac:02010b41cdec/antenna/tag/e28068940000400386621d4f, 96
1652704045.309795, sdrt-health/mac:02010b41cdec/antenna/tag/e28068940000400386621d4f, 96
1652704045.348443, sdrt-health/mac:02010b41cdec/antenna/tag/e2806894000050038662194f, 81
1652704045.397592, sdrt-health/mac:02010b41cdec/antenna/tag/e2806894000050038662154f, 91
1652704045.437127, sdrt-health/mac:02010b41cdec/antenna/tag/e2806894000040038662114f, 85
1652704045.493128, sdrt-health/mac:02010b41cdec/antenna/tag/e2806894000050038662154f, 88
1652704045.49363, sdrt-health/mac:02010b41cdec/antenna/tag/e28068940000500386620d4f, 97
1652704045.55803, sdrt-health/mac:02010b41cdec/antenna/tag/e2806894000050038661fd4f, 91
1652704045.597794, sdrt-health/mac:02010b41cdec/antenna/tag/e28068940000400386621d4f, 77
1652704045.652073, sdrt-health/mac:02010b41cdec/antenna/tag/e2806894000050038662154f, 87
1652704045.652528, sdrt-health/mac:02010b41cdec/antenna/tag/e2806894000040038662114f, 85
1652704045.668188, sdrt-health/mac:02010b41cdec/antenna/tag/e28068940000500386620d4f, 83
1652704045.677431, sdrt-health/mac:02010b41cdec/antenna/tag/e2806894000050038662194f, 81
1652704045.718443, sdrt-health/mac:02010b41cdec/antenna/tag/e2806894000050038662194f, 94
1652704045.749667, sdrt-health/mac:02010b41cdec/antenna/tag/e28068940000400386621d4f, 96
1652704045.749966, sdrt-health/mac:02010b41cdec/antenna/tag/e2806894000040038662114f, 88
1652704045.78192, sdrt-health/mac:02010b41cdec/antenna/tag/e2806894000050038662154f, 88
1652704045.843154, sdrt-health/mac:02010b41cdec/antenna/tag/e2806894000050038661fd4f, 83
1652704045.844065, sdrt-health/mac:02010b41cdec/antenna/tag/e28068940000400386621d4f, 96
1652704045.877906, sdrt-health/mac:02010b41cdec/antenna/tag/e2806894000050038661fd4f, 83
1652704045.998447, sdrt-health/mac:02010b41cdec/antenna/tag/e28068940000400386621d4f, 96
1652704046.029764, sdrt-health/mac:02010b41cdec/antenna/tag/e2806894000040038662054f, 81
1652704046.030242, sdrt-health/mac:02010b41cdec/antenna/tag/e28068940000400386621d4f, 96
1652704046.04942, sdrt-health/mac:02010b41cdec/antenna/tag/e2806894000050038662154f, 93
1652704046.094555, sdrt-health/mac:02010b41cdec/antenna/tag/e2806894000050038662154f, 85
1652704046.14674, sdrt-health/mac:02010b41cdec/antenna/tag/e28068940000400386621d4f, 77
1652704046.198667, sdrt-health/mac:02010b41cdec/antenna/tag/e2806894000040038662054f, 83
1652704046.199961, sdrt-health/mac:02010b41cdec/antenna/tag/e2806894000040038662114f, 85
1652704046.254135, sdrt-health/mac:02010b41cdec/antenna/tag/e2806894000050038661fd4f, 83
1652704046.33498, sdrt-health/mac:02010b41cdec/antenna/tag/e2806894000050038662154f, 88
1652704046.335342, sdrt-health/mac:02010b41cdec/antenna/tag/e2806894000050038661fd4f, 83
1652704046.335584, sdrt-health/mac:02010b41cdec/antenna/tag/e2806894000040038662114f, 88
1652704046.359146, sdrt-health/mac:02010b41cdec/antenna/tag/e28068940000500386620d4f, 83
1652704046.4864, sdrt-health/mac:02010b41cdec/antenna/tag/e28068940000400386621d4f, 96
1652704046.487023, sdrt-health/mac:02010b41cdec/antenna/tag/e2806894000050038661fd4f, 91
1652704046.549715, sdrt-health/mac:02010b41cdec/antenna/tag/e28068940000500386620d4f, 97
1652704046.620812, sdrt-health/mac:02010b41cdec/antenna/tag/e2806894000040038662214f, 94
1652704046.621251, sdrt-health/mac:02010b41cdec/antenna/tag/e2806894000050038662154f, 83
1652704046.636872, sdrt-health/mac:02010b41cdec/antenna/tag/e2806894000050038662194f, 88
1652704046.668864, sdrt-health/mac:02010b41cdec/antenna/tag/e28068940000500386620d4f, 97
1652704046.669145, sdrt-health/mac:02010b41cdec/antenna/tag/e2806894000040038662214f, 83
1652704046.684161, sdrt-health/mac:02010b41cdec/antenna/tag/e2806894000050038661fd4f, 83
1652704046.684456, sdrt-health/mac:02010b41cdec/antenna/tag/e28068940000400386621d4f, 77
1652704046.718808, sdrt-health/mac:02010b41cdec/antenna/tag/e28068940000500386620d4f, 83
1652704046.765891, sdrt-health/mac:02010b41cdec/antenna/tag/e28068940000500386620d4f, 83
1652704046.838472, sdrt-health/mac:02010b41cdec/antenna/tag/e28068940000500386620d4f, 97
1652704046.838765, sdrt-health/mac:02010b41cdec/antenna/tag/e28068940000500386620d4f, 83
1652704046.867915, sdrt-health/mac:02010b41cdec/antenna/tag/e2806894000050038662154f, 91
1652704046.901494, sdrt-health/mac:02010b41cdec/antenna/tag/e2806894000040038662114f, 85
1652704046.901822, sdrt-health/mac:02010b41cdec/antenna/tag/e28068940000400386621d4f, 96
1652704046.919488, sdrt-health/mac:02010b41cdec/antenna/tag/e28068940000500386620d4f, 83
1652704046.979085, sdrt-health/mac:02010b41cdec/antenna/tag/e28068940000500386620d4f, 83
1652704047.079674, sdrt-health/mac:02010b41cdec/antenna/tag/e2806894000040038662114f, 91
1652704047.080216, sdrt-health/mac:02010b41cdec/antenna/tag/e2806894000040038662114f, 85
1652704047.142468, sdrt-health/mac:02010b41cdec/antenna/tag/e28068940000500386620d4f, 83
1652704047.17398, sdrt-health/mac:02010b41cdec/antenna/tag/e28068940000400386621d4f, 77
1652704047.174589, sdrt-health/mac:02010b41cdec/antenna/tag/e2806894000050038662194f, 94
1652704047.229202, sdrt-health/mac:02010b41cdec/antenna/tag/e2806894000050038662194f, 87
1652704047.268836, sdrt-health/mac:02010b41cdec/antenna/tag/e2806894000040038662114f, 88
1652704047.319227, sdrt-health/mac:02010b41cdec/antenna/tag/e2806894000040038662114f, 85
1652704047.358947, sdrt-health/mac:02010b41cdec/antenna/tag/e2806894000040038661f94f, 94
1652704047.39946, sdrt-health/mac:02010b41cdec/antenna/tag/e2806894000040038662114f, 88
1652704047.455662, sdrt-health/mac:02010b41cdec/antenna/tag/e2806894000050038661fd4f, 97
1652704047.456164, sdrt-health/mac:02010b41cdec/antenna/tag/e28068940000500386620d4f, 83
1652704047.477887, sdrt-health/mac:02010b41cdec/antenna/tag/e2806894000050038662194f, 88
1652704047.558708, sdrt-health/mac:02010b41cdec/antenna/tag/e28068940000500386620d4f, 83
1652704047.559213, sdrt-health/mac:02010b41cdec/antenna/tag/e2806894000050038661fd4f, 91
1652704047.574001, sdrt-health/mac:02010b41cdec/antenna/tag/e2806894000050038661fd4f, 88
1652704047.574315, sdrt-health/mac:02010b41cdec/antenna/tag/e2806894000050038662194f, 85
1652704047.621643, sdrt-health/mac:02010b41cdec/antenna/tag/e2806894000050038661fd4f, 88
1652704047.710621, sdrt-health/mac:02010b41cdec/antenna/tag/e28068940000400386621d4f, 77
1652704047.749283, sdrt-health/mac:02010b41cdec/antenna/tag/e2806894000040038662214f, 81
1652704047.750612, sdrt-health/mac:02010b41cdec/antenna/tag/e2806894000050038661fd4f, 88
1652704047.764848, sdrt-health/mac:02010b41cdec/antenna/tag/e2806894000040038662054f, 84
1652704047.76509, sdrt-health/mac:02010b41cdec/antenna/tag/e28068940000500386620d4f, 83
1652704047.799612, sdrt-health/mac:02010b41cdec/antenna/tag/e2806894000050038662154f, 85
1652704047.871805, sdrt-health/mac:02010b41cdec/antenna/tag/e28068940000400386621d4f, 77
1652704047.872316, sdrt-health/mac:02010b41cdec/antenna/tag/e2806894000040038662114f, 88
1652704047.898623, sdrt-health/mac:02010b41cdec/antenna/tag/e2806894000040038662054f, 81
1652704047.929903, sdrt-health/mac:02010b41cdec/antenna/tag/e2806894000050038662154f, 85
1652704047.930162, sdrt-health/mac:02010b41cdec/antenna/tag/e2806894000050038661fd4f, 91
1652704047.949998, sdrt-health/mac:02010b41cdec/antenna/tag/e2806894000040038662114f, 88
1652704047.950206, sdrt-health/mac:02010b41cdec/antenna/tag/e2806894000050038662194f, 81
1652704047.950372, sdrt-health/mac:02010b41cdec/antenna/tag/e2806894000040038662054f, 94
1652704047.989096, sdrt-health/mac:02010b41cdec/antenna/tag/e2806894000050038661fd4f, 91
1652704048.038567, sdrt-health/mac:02010b41cdec/antenna/tag/e28068940000400386621d4f, 77
1652704048.078769, sdrt-health/mac:02010b41cdec/antenna/tag/e2806894000050038661fd4f, 91
1652704048.134737, sdrt-health/mac:02010b41cdec/antenna/tag/e28068940000400386621d4f, 77
1652704048.135231, sdrt-health/mac:02010b41cdec/antenna/tag/e2806894000050038662194f, 83
1652704048.151291, sdrt-health/mac:02010b41cdec/antenna/tag/e28068940000500386620d4f, 83
1652704048.160678, sdrt-health/mac:02010b41cdec/antenna/tag/e28068940000400386621d4f, 77
1652704048.167613, sdrt-health/mac:02010b41cdec/antenna/tag/e2806894000050038661fd4f, 97
1652704048.167844, sdrt-health/mac:02010b41cdec/antenna/tag/e2806894000050038662194f, 88
1652704048.198725, sdrt-health/mac:02010b41cdec/antenna/tag/e2806894000050038662154f, 93
1652704048.307311, sdrt-health/mac:02010b41cdec/antenna/tag/e28068940000500386620d4f, 83
1652704048.307823, sdrt-health/mac:02010b41cdec/antenna/tag/e2806894000050038662154f, 84
1652704048.359207, sdrt-health/mac:02010b41cdec/antenna/tag/e28068940000500386620d4f, 83
1652704048.392344, sdrt-health/mac:02010b41cdec/antenna/tag/e28068940000400386621d4f, 77
1652704048.392718, sdrt-health/mac:02010b41cdec/antenna/tag/e2806894000050038661fd4f, 97
1652704048.480699, sdrt-health/mac:02010b41cdec/antenna/tag/e2806894000050038662194f, 81
1652704048.538611, sdrt-health/mac:02010b41cdec/antenna/tag/e28068940000400386621d4f, 96
1652704048.583145, sdrt-health/mac:02010b41cdec/antenna/tag/e2806894000040038662114f, 88
1652704048.663178, sdrt-health/mac:02010b41cdec/antenna/tag/e2806894000050038661fd4f, 97
1652704048.70876, sdrt-health/mac:02010b41cdec/antenna/tag/e28068940000400386621d4f, 77
1652704048.773775, sdrt-health/mac:02010b41cdec/antenna/tag/e2806894000040038662114f, 87
1652704048.774226, sdrt-health/mac:02010b41cdec/antenna/tag/e2806894000040038662114f, 88
1652704048.813609, sdrt-health/mac:02010b41cdec/antenna/tag/e28068940000400386621d4f, 96
1652704048.859301, sdrt-health/mac:02010b41cdec/antenna/tag/e28068940000500386620d4f, 83
1652704048.919761, sdrt-health/mac:02010b41cdec/antenna/tag/e2806894000040038662114f, 88
1652704048.920264, sdrt-health/mac:02010b41cdec/antenna/tag/e2806894000040038662114f, 91
1652704048.93619, sdrt-health/mac:02010b41cdec/antenna/tag/e28068940000400386621d4f, 96
1652704048.947966, sdrt-health/mac:02010b41cdec/antenna/tag/e2806894000040038662114f, 88
1652704048.951906, sdrt-health/mac:02010b41cdec/antenna/tag/e2806894000050038662194f, 81
1652704048.952218, sdrt-health/mac:02010b41cdec/antenna/tag/e28068940000500386620d4f, 83
1652704048.998875, sdrt-health/mac:02010b41cdec/antenna/tag/e2806894000050038662194f, 82
1652704049.062684, sdrt-health/mac:02010b41cdec/antenna/tag/e2806894000040038662054f, 88
1652704049.109141, sdrt-health/mac:02010b41cdec/antenna/tag/e2806894000050038661fd4f, 91
1652704049.158268, sdrt-health/mac:02010b41cdec/antenna/tag/e2806894000040038662114f, 85
1652704049.198725, sdrt-health/mac:02010b41cdec/antenna/tag/e28068940000500386620d4f, 83
1652704049.232047, sdrt-health/mac:02010b41cdec/antenna/tag/e2806894000050038661fd4f, 97
1652704049.232337, sdrt-health/mac:02010b41cdec/antenna/tag/e2806894000050038662154f, 85
1652704049.232569, sdrt-health/mac:02010b41cdec/antenna/tag/e28068940000500386620d4f, 83
1652704049.248056, sdrt-health/mac:02010b41cdec/antenna/tag/e28068940000400386621d4f, 77
1652704049.279152, sdrt-health/mac:02010b41cdec/antenna/tag/e2806894000050038662194f, 83
1652704049.338887, sdrt-health/mac:02010b41cdec/antenna/tag/e2806894000040038662114f, 88
1652704049.339225, sdrt-health/mac:02010b41cdec/antenna/tag/e2806894000050038662194f, 83
1652704049.35914, sdrt-health/mac:02010b41cdec/antenna/tag/e2806894000050038662194f, 88
1652704049.394438, sdrt-health/mac:02010b41cdec/antenna/tag/e28068940000400386621d4f, 77
1652704049.394838, sdrt-health/mac:02010b41cdec/antenna/tag/e2806894000050038661fd4f, 97
1652704049.41158, sdrt-health/mac:02010b41cdec/antenna/tag/e2806894000050038662154f, 88
1652704049.438732, sdrt-health/mac:02010b41cdec/antenna/tag/e2806894000050038662154f, 85
1652704049.478435, sdrt-health/mac:02010b41cdec/antenna/tag/e2806894000050038661fd4f, 97
1652704049.535394, sdrt-health/mac:02010b41cdec/antenna/tag/e2806894000040038662114f, 93
1652704049.535878, sdrt-health/mac:02010b41cdec/antenna/tag/e28068940000400386621d4f, 77
1652704049.560171, sdrt-health/mac:02010b41cdec/antenna/tag/e2806894000050038662154f, 85
1652704049.592564, sdrt-health/mac:02010b41cdec/antenna/tag/e28068940000400386621d4f, 77
1652704049.593, sdrt-health/mac:02010b41cdec/antenna/tag/e28068940000500386620d4f, 83
1652704049.607874, sdrt-health/mac:02010b41cdec/antenna/tag/e28068940000400386621d4f, 77
1652704049.648267, sdrt-health/mac:02010b41cdec/antenna/tag/e2806894000040038661f94f, 94
1652704049.704006, sdrt-health/mac:02010b41cdec/antenna/tag/e2806894000040038662054f, 94
1652704049.764955, sdrt-health/mac:02010b41cdec/antenna/tag/e28068940000400386621d4f, 96
1652704049.765153, sdrt-health/mac:02010b41cdec/antenna/tag/e28068940000500386620d4f, 83
1652704049.780398, sdrt-health/mac:02010b41cdec/antenna/tag/e28068940000500386620d4f, 97
1652704049.799201, sdrt-health/mac:02010b41cdec/antenna/tag/e2806894000040038662054f, 84
1652704049.855377, sdrt-health/mac:02010b41cdec/antenna/tag/e2806894000050038662194f, 81
1652704049.855844, sdrt-health/mac:02010b41cdec/antenna/tag/e28068940000500386620d4f, 83
1652704049.878421, sdrt-health/mac:02010b41cdec/antenna/tag/e2806894000040038662114f, 88
1652704049.93625, sdrt-health/mac:02010b41cdec/antenna/tag/e2806894000050038662194f, 83
1652704049.979171, sdrt-health/mac:02010b41cdec/antenna/tag/e2806894000050038661fd4f, 97
1652704050.023022, sdrt-health/mac:02010b41cdec/antenna/tag/e2806894000040038662114f, 88
1652704050.085906, sdrt-health/mac:02010b41cdec/antenna/tag/e2806894000050038662194f, 83
1652704050.086592, sdrt-health/mac:02010b41cdec/antenna/tag/e28068940000400386621d4f, 96
1652704050.103039, sdrt-health/mac:02010b41cdec/antenna/tag/e2806894000050038661fd4f, 91
1652704050.118677, sdrt-health/mac:02010b41cdec/antenna/tag/e2806894000050038662154f, 85
1652704050.175052, sdrt-health/mac:02010b41cdec/antenna/tag/e2806894000040038662114f, 85
1652704050.175577, sdrt-health/mac:02010b41cdec/antenna/tag/e2806894000050038661fd4f, 91
1652704050.198215, sdrt-health/mac:02010b41cdec/antenna/tag/e2806894000050038661fd4f, 91
1652704050.255593, sdrt-health/mac:02010b41cdec/antenna/tag/e2806894000050038662194f, 81
1652704050.256064, sdrt-health/mac:02010b41cdec/antenna/tag/e28068940000500386620d4f, 86
1652704050.278228, sdrt-health/mac:02010b41cdec/antenna/tag/e2806894000050038661fd4f, 91
1652704050.318932, sdrt-health/mac:02010b41cdec/antenna/tag/e2806894000050038662194f, 84
1652704050.373253, sdrt-health/mac:02010b41cdec/antenna/tag/e2806894000040038662114f, 88
1652704050.373514, sdrt-health/mac:02010b41cdec/antenna/tag/e2806894000040038662114f, 85
1652704050.389383, sdrt-health/mac:02010b41cdec/antenna/tag/e2806894000050038662194f, 81
1652704050.39802, sdrt-health/mac:02010b41cdec/antenna/tag/e2806894000050038661fd4f, 97
1652704050.468693, sdrt-health/mac:02010b41cdec/antenna/tag/e28068940000500386620d4f, 83
1652704050.518826, sdrt-health/mac:02010b41cdec/antenna/tag/e2806894000050038662194f, 94
1652704050.566785, sdrt-health/mac:02010b41cdec/antenna/tag/e2806894000040038662114f, 88
1652704050.567257, sdrt-health/mac:02010b41cdec/antenna/tag/e28068940000500386620d4f, 83
1652704050.598817, sdrt-health/mac:02010b41cdec/antenna/tag/e28068940000500386620d4f, 83
1652704050.640829, sdrt-health/mac:02010b41cdec/antenna/tag/e28068940000500386620d4f, 83
1652704050.724403, sdrt-health/mac:02010b41cdec/antenna/tag/e2806894000040038662114f, 85
1652704050.72486, sdrt-health/mac:02010b41cdec/antenna/tag/e28068940000500386620d4f, 83
1652704050.759228, sdrt-health/mac:02010b41cdec/antenna/tag/e2806894000040038662114f, 85
1652704050.79479, sdrt-health/mac:02010b41cdec/antenna/tag/e28068940000400386621d4f, 96
1652704050.79515, sdrt-health/mac:02010b41cdec/antenna/tag/e2806894000040038662114f, 85
1652704050.795406, sdrt-health/mac:02010b41cdec/antenna/tag/e2806894000050038661fd4f, 97
1652704050.82964, sdrt-health/mac:02010b41cdec/antenna/tag/e2806894000040038662054f, 94
1652704050.868879, sdrt-health/mac:02010b41cdec/antenna/tag/e28068940000400386621d4f, 96
1652704050.903344, sdrt-health/mac:02010b41cdec/antenna/tag/e2806894000050038661fd4f, 83
1652704050.903593, sdrt-health/mac:02010b41cdec/antenna/tag/e28068940000500386620d4f, 83
1652704050.919117, sdrt-health/mac:02010b41cdec/antenna/tag/e2806894000040038661f94f, 81
1652704050.919334, sdrt-health/mac:02010b41cdec/antenna/tag/e2806894000040038661f94f, 81
1652704050.919483, sdrt-health/mac:02010b41cdec/antenna/tag/e28068940000500386620d4f, 83
1652704050.983656, sdrt-health/mac:02010b41cdec/antenna/tag/e2806894000050038661fd4f, 91
1652704051.028971, sdrt-health/mac:02010b41cdec/antenna/tag/e2806894000050038662154f, 85
1652704051.09488, sdrt-health/mac:02010b41cdec/antenna/tag/e28068940000400386621d4f, 96
1652704051.09512, sdrt-health/mac:02010b41cdec/antenna/tag/e2806894000040038662114f, 93
1652704051.110466, sdrt-health/mac:02010b41cdec/antenna/tag/e2806894000040038662214f, 94
1652704051.117748, sdrt-health/mac:02010b41cdec/antenna/tag/e28068940000500386620d4f, 97
1652704051.158445, sdrt-health/mac:02010b41cdec/antenna/tag/e2806894000040038662214f, 81
1652704051.278372, sdrt-health/mac:02010b41cdec/antenna/tag/e2806894000050038661fd4f, 91
1652704051.278842, sdrt-health/mac:02010b41cdec/antenna/tag/e2806894000040038662114f, 88
1652704051.339288, sdrt-health/mac:02010b41cdec/antenna/tag/e2806894000040038662114f, 85
1652704051.386061, sdrt-health/mac:02010b41cdec/antenna/tag/e2806894000040038662054f, 94
1652704051.419292, sdrt-health/mac:02010b41cdec/antenna/tag/e2806894000050038662154f, 85
1652704051.419626, sdrt-health/mac:02010b41cdec/antenna/tag/e2806894000040038662114f, 88
1652704051.434989, sdrt-health/mac:02010b41cdec/antenna/tag/e2806894000050038661fd4f, 97
1652704051.478575, sdrt-health/mac:02010b41cdec/antenna/tag/e2806894000040038662114f, 88
1652704051.520401, sdrt-health/mac:02010b41cdec/antenna/tag/e2806894000050038661fd4f, 97
1652704051.559295, sdrt-health/mac:02010b41cdec/antenna/tag/e2806894000050038662154f, 85
1652704051.623786, sdrt-health/mac:02010b41cdec/antenna/tag/e28068940000500386620d4f, 97
1652704051.674548, sdrt-health/mac:02010b41cdec/antenna/tag/e2806894000040038662114f, 88
1652704051.721532, sdrt-health/mac:02010b41cdec/antenna/tag/e28068940000500386620d4f, 97
1652704051.76149, sdrt-health/mac:02010b41cdec/antenna/tag/e2806894000050038662154f, 88
1652704051.823318, sdrt-health/mac:02010b41cdec/antenna/tag/e28068940000400386621d4f, 77
1652704051.823894, sdrt-health/mac:02010b41cdec/antenna/tag/e2806894000050038662194f, 81
1652704051.841296, sdrt-health/mac:02010b41cdec/antenna/tag/e28068940000500386620d4f, 97
1652704051.878035, sdrt-health/mac:02010b41cdec/antenna/tag/e2806894000050038662154f, 88
1652704051.951598, sdrt-health/mac:02010b41cdec/antenna/tag/e2806894000040038662114f, 85
1652704051.952059, sdrt-health/mac:02010b41cdec/antenna/tag/e28068940000400386621d4f, 77
1652704051.978568, sdrt-health/mac:02010b41cdec/antenna/tag/e2806894000050038662154f, 88
1652704051.979625, sdrt-health/mac:02010b41cdec/antenna/tag/e2806894000040038662114f, 85
1652704052.022753, sdrt-health/mac:02010b41cdec/antenna/tag/e2806894000040038662114f, 85
1652704052.087417, sdrt-health/mac:02010b41cdec/antenna/tag/e2806894000040038662214f, 94
1652704052.08796, sdrt-health/mac:02010b41cdec/antenna/tag/e2806894000050038662154f, 93
1652704052.117611, sdrt-health/mac:02010b41cdec/antenna/tag/e28068940000500386620d4f, 83
1652704052.159479, sdrt-health/mac:02010b41cdec/antenna/tag/e2806894000050038662194f, 81
1652704052.21513, sdrt-health/mac:02010b41cdec/antenna/tag/e2806894000050038662154f, 88
1652704052.215599, sdrt-health/mac:02010b41cdec/antenna/tag/e2806894000050038662194f, 81
1652704052.238464, sdrt-health/mac:02010b41cdec/antenna/tag/e28068940000500386620d4f, 97
1652704052.299132, sdrt-health/mac:02010b41cdec/antenna/tag/e28068940000500386620d4f, 83
1652704052.342161, sdrt-health/mac:02010b41cdec/antenna/tag/e2806894000040038662114f, 88
1652704052.403968, sdrt-health/mac:02010b41cdec/antenna/tag/e2806894000050038661fd4f, 83
1652704052.404497, sdrt-health/mac:02010b41cdec/antenna/tag/e2806894000040038662054f, 83
1652704052.438504, sdrt-health/mac:02010b41cdec/antenna/tag/e2806894000040038662054f, 83
1652704052.479905, sdrt-health/mac:02010b41cdec/antenna/tag/e28068940000500386620d4f, 97
1652704052.809938, sdrt-health/mac:02010b41cdec/antenna/tag/e2806894000040038662114f, 85
1652704052.81043, sdrt-health/mac:02010b41cdec/antenna/tag/e2806894000050038661fd4f, 91
1652704052.81079, sdrt-health/mac:02010b41cdec/antenna/tag/e2806894000050038662194f, 88
1652704052.825387, sdrt-health/mac:02010b41cdec/antenna/tag/e28068940000400386621d4f, 77
1652704052.82576, sdrt-health/mac:02010b41cdec/antenna/tag/e2806894000050038662154f, 85
1652704052.859429, sdrt-health/mac:02010b41cdec/antenna/tag/e2806894000040038662054f, 81
1652704052.894561, sdrt-health/mac:02010b41cdec/antenna/tag/e2806894000050038662154f, 88
1652704052.894948, sdrt-health/mac:02010b41cdec/antenna/tag/e2806894000050038662154f, 88
1652704052.895149, sdrt-health/mac:02010b41cdec/antenna/tag/e2806894000050038661fd4f, 83
1652704052.89533, sdrt-health/mac:02010b41cdec/antenna/tag/e2806894000040038662054f, 81
1652704052.89551, sdrt-health/mac:02010b41cdec/antenna/tag/e2806894000050038661fd4f, 83
1652704052.895683, sdrt-health/mac:02010b41cdec/antenna/tag/e2806894000050038661fd4f, 97
1652704052.895885, sdrt-health/mac:02010b41cdec/antenna/tag/e28068940000400386621d4f, 96
1652704052.909033, sdrt-health/mac:02010b41cdec/antenna/tag/e28068940000400386621d4f, 77
1652704052.949426, sdrt-health/mac:02010b41cdec/antenna/tag/e28068940000500386620d4f, 97
1652704052.998759, sdrt-health/mac:02010b41cdec/antenna/tag/e2806894000040038662214f, 84
1652704053.032187, sdrt-health/mac:02010b41cdec/antenna/tag/e2806894000050038662194f, 94
1652704053.032523, sdrt-health/mac:02010b41cdec/antenna/tag/e2806894000050038662154f, 87
1652704053.032743, sdrt-health/mac:02010b41cdec/antenna/tag/e28068940000500386620d4f, 83
1652704053.048502, sdrt-health/mac:02010b41cdec/antenna/tag/e2806894000040038662114f, 85
1652704053.078439, sdrt-health/mac:02010b41cdec/antenna/tag/e2806894000040038662214f, 94
1652704053.110954, sdrt-health/mac:02010b41cdec/antenna/tag/e28068940000400386621d4f, 77
1652704053.11119, sdrt-health/mac:02010b41cdec/antenna/tag/e2806894000040038662214f, 81
1652704053.126494, sdrt-health/mac:02010b41cdec/antenna/tag/e28068940000500386620d4f, 83
1652704053.188426, sdrt-health/mac:02010b41cdec/antenna/tag/e28068940000400386621d4f, 77
1652704053.23861, sdrt-health/mac:02010b41cdec/antenna/tag/e28068940000500386620d4f, 83
1652704053.294694, sdrt-health/mac:02010b41cdec/antenna/tag/e2806894000050038661fd4f, 83
1652704053.339899, sdrt-health/mac:02010b41cdec/antenna/tag/e28068940000500386620d4f, 83
1652704053.383221, sdrt-health/mac:02010b41cdec/antenna/tag/e28068940000500386620d4f, 83
1652704053.484907, sdrt-health/mac:02010b41cdec/antenna/tag/e2806894000050038661fd4f, 83
1652704053.485288, sdrt-health/mac:02010b41cdec/antenna/tag/e2806894000050038661fd4f, 97
1652704053.509449, sdrt-health/mac:02010b41cdec/antenna/tag/e2806894000050038662154f, 85
1652704053.599447, sdrt-health/mac:02010b41cdec/antenna/tag/e2806894000050038662154f, 87
1652704053.638239, sdrt-health/mac:02010b41cdec/antenna/tag/e2806894000050038661fd4f, 91
1652704053.709772, sdrt-health/mac:02010b41cdec/antenna/tag/e2806894000050038662194f, 81
1652704053.710229, sdrt-health/mac:02010b41cdec/antenna/tag/e2806894000040038662114f, 88
1652704053.738105, sdrt-health/mac:02010b41cdec/antenna/tag/e28068940000400386621d4f, 77
1652704053.799082, sdrt-health/mac:02010b41cdec/antenna/tag/e28068940000500386620d4f, 83
1652704053.799584, sdrt-health/mac:02010b41cdec/antenna/tag/e28068940000400386621d4f, 77
1652704053.815832, sdrt-health/mac:02010b41cdec/antenna/tag/e2806894000040038662114f, 91
1652704053.865007, sdrt-health/mac:02010b41cdec/antenna/tag/e28068940000500386620d4f, 83
1652704053.917519, sdrt-health/mac:02010b41cdec/antenna/tag/e28068940000400386621d4f, 96
1652704053.951142, sdrt-health/mac:02010b41cdec/antenna/tag/e2806894000050038661fd4f, 97
1652704053.95233, sdrt-health/mac:02010b41cdec/antenna/tag/e28068940000500386620d4f, 83
1652704053.966518, sdrt-health/mac:02010b41cdec/antenna/tag/e2806894000050038662154f, 88
1652704053.966746, sdrt-health/mac:02010b41cdec/antenna/tag/e2806894000040038662114f, 85
1652704054.015855, sdrt-health/mac:02010b41cdec/antenna/tag/e2806894000050038662194f, 81
1652704054.051229, sdrt-health/mac:02010b41cdec/antenna/tag/e2806894000050038662154f, 85
1652704054.051576, sdrt-health/mac:02010b41cdec/antenna/tag/e28068940000500386620d4f, 83
1652704054.067522, sdrt-health/mac:02010b41cdec/antenna/tag/e2806894000040038662114f, 85
1652704054.067768, sdrt-health/mac:02010b41cdec/antenna/tag/e2806894000050038661fd4f, 88
1652704054.103355, sdrt-health/mac:02010b41cdec/antenna/tag/e28068940000500386620d4f, 83
1652704054.148423, sdrt-health/mac:02010b41cdec/antenna/tag/e2806894000050038661fd4f, 83
1652704054.322223, sdrt-health/mac:02010b41cdec/antenna/tag/scan, scan stopped
