1652716572.410094, sdrt-health/mac:02010b41cdec/antenna/power/set, {"power": 290}
1652716573.546229, sdrt-health/mac:02010b41cdec/antenna/power/set, 
1652716577.438223, sdrt-health/mac:02010b41cdec/antenna/tag/scan, {"time": 20000}
1652716577.784346, sdrt-health/mac:02010b41cdec/antenna/tag/e2806894000050038662194f, 94
1652716577.82449, sdrt-health/mac:02010b41cdec/antenna/tag/e2806894000040038662214f, 94
1652716577.865577, sdrt-health/mac:02010b41cdec/antenna/tag/e2806894000040038662114f, 91
1652716577.904776, sdrt-health/mac:02010b41cdec/antenna/tag/e2806894000040038662214f, 81
1652716577.943555, sdrt-health/mac:02010b41cdec/antenna/tag/e2806894000040038661f94f, 94
1652716577.984102, sdrt-health/mac:02010b41cdec/antenna/tag/e2806894000050038662154f, 85
1652716578.024281, sdrt-health/mac:02010b41cdec/antenna/tag/e2806894000040038661f94f, 88
1652716578.064093, sdrt-health/mac:02010b41cdec/antenna/tag/e2806894000050038661fd4f, 83
1652716578.137708, sdrt-health/mac:02010b41cdec/antenna/tag/e2806894000050038661fd4f, 86
1652716578.138658, sdrt-health/mac:02010b41cdec/antenna/tag/e28068940000400386621d4f, 96
1652716578.152652, sdrt-health/mac:02010b41cdec/antenna/tag/e2806894000050038662154f, 88
1652716578.185084, sdrt-health/mac:02010b41cdec/antenna/tag/e2806894000050038661fd4f, 86
1652716578.24837, sdrt-health/mac:02010b41cdec/antenna/tag/e2806894000040038662114f, 88
1652716578.248883, sdrt-health/mac:02010b41cdec/antenna/tag/e28068940000400386621d4f, 96
1652716578.249221, sdrt-health/mac:02010b41cdec/antenna/tag/e2806894000050038662154f, 88
1652716578.278108, sdrt-health/mac:02010b41cdec/antenna/tag/e2806894000050038661fd4f, 86
1652716578.314043, sdrt-health/mac:02010b41cdec/antenna/tag/e2806894000050038662194f, 94
1652716578.364958, sdrt-health/mac:02010b41cdec/antenna/tag/e28068940000400386621d4f, 90
1652716578.395509, sdrt-health/mac:02010b41cdec/antenna/tag/e2806894000050038662154f, 91
1652716578.395872, sdrt-health/mac:02010b41cdec/antenna/tag/e2806894000040038662114f, 97
1652716578.410392, sdrt-health/mac:02010b41cdec/antenna/tag/e2806894000050038662194f, 85
1652716578.410743, sdrt-health/mac:02010b41cdec/antenna/tag/e2806894000050038662154f, 88
1652716578.482176, sdrt-health/mac:02010b41cdec/antenna/tag/e2806894000050038662194f, 83
1652716578.534224, sdrt-health/mac:02010b41cdec/antenna/tag/e2806894000050038662154f, 85
1652716578.566631, sdrt-health/mac:02010b41cdec/antenna/tag/e2806894000040038662114f, 91
1652716578.567027, sdrt-health/mac:02010b41cdec/antenna/tag/e2806894000040038662114f, 91
1652716578.625047, sdrt-health/mac:02010b41cdec/antenna/tag/e2806894000050038662154f, 88
1652716578.681742, sdrt-health/mac:02010b41cdec/antenna/tag/e2806894000040038662114f, 91
1652716578.711164, sdrt-health/mac:02010b41cdec/antenna/tag/e2806894000050038662194f, 87
1652716578.711756, sdrt-health/mac:02010b41cdec/antenna/tag/e28068940000400386621d4f, 96
1652716578.732821, sdrt-health/mac:02010b41cdec/antenna/tag/e2806894000050038662194f, 87
1652716578.79415, sdrt-health/mac:02010b41cdec/antenna/tag/e2806894000050038662154f, 91
1652716578.840437, sdrt-health/mac:02010b41cdec/antenna/tag/e2806894000050038662154f, 91
1652716578.899529, sdrt-health/mac:02010b41cdec/antenna/tag/e28068940000400386621d4f, 96
1652716578.900009, sdrt-health/mac:02010b41cdec/antenna/tag/e28068940000400386621d4f, 96
1652716578.925754, sdrt-health/mac:02010b41cdec/antenna/tag/e2806894000050038661fd4f, 83
1652716579.013089, sdrt-health/mac:02010b41cdec/antenna/tag/e2806894000050038661fd4f, 83
1652716579.013617, sdrt-health/mac:02010b41cdec/antenna/tag/e2806894000050038661fd4f, 86
1652716579.049798, sdrt-health/mac:02010b41cdec/antenna/tag/e2806894000050038662154f, 97
1652716579.079231, sdrt-health/mac:02010b41cdec/antenna/tag/e2806894000050038662194f, 87
1652716579.079501, sdrt-health/mac:02010b41cdec/antenna/tag/e2806894000050038662154f, 91
1652716579.105327, sdrt-health/mac:02010b41cdec/antenna/tag/e28068940000400386621d4f, 96
1652716579.182208, sdrt-health/mac:02010b41cdec/antenna/tag/e28068940000400386621d4f, 96
1652716579.182738, sdrt-health/mac:02010b41cdec/antenna/tag/e28068940000400386621d4f, 96
1652716579.197389, sdrt-health/mac:02010b41cdec/antenna/tag/e2806894000050038662194f, 88
1652716579.272643, sdrt-health/mac:02010b41cdec/antenna/tag/e2806894000040038661f94f, 84
1652716579.273272, sdrt-health/mac:02010b41cdec/antenna/tag/e2806894000050038662194f, 84
1652716579.286126, sdrt-health/mac:02010b41cdec/antenna/tag/e2806894000050038661fd4f, 97
1652716579.336138, sdrt-health/mac:02010b41cdec/antenna/tag/e2806894000050038662194f, 87
1652716579.364295, sdrt-health/mac:02010b41cdec/antenna/tag/e2806894000050038661fd4f, 83
1652716579.36474, sdrt-health/mac:02010b41cdec/antenna/tag/e2806894000050038662194f, 93
1652716579.364861, sdrt-health/mac:02010b41cdec/antenna/tag/e2806894000040038662114f, 88
1652716579.364986, sdrt-health/mac:02010b41cdec/antenna/tag/e2806894000050038662154f, 85
1652716579.38695, sdrt-health/mac:02010b41cdec/antenna/tag/e28068940000400386621d4f, 96
1652716579.442951, sdrt-health/mac:02010b41cdec/antenna/tag/e2806894000040038662214f, 81
1652716579.473516, sdrt-health/mac:02010b41cdec/antenna/tag/e2806894000040038662114f, 91
1652716579.473939, sdrt-health/mac:02010b41cdec/antenna/tag/e2806894000050038661fd4f, 83
1652716579.494694, sdrt-health/mac:02010b41cdec/antenna/tag/e2806894000040038662114f, 88
1652716579.559955, sdrt-health/mac:02010b41cdec/antenna/tag/e2806894000050038662194f, 87
1652716579.605486, sdrt-health/mac:02010b41cdec/antenna/tag/e2806894000050038662194f, 87
1652716579.729195, sdrt-health/mac:02010b41cdec/antenna/tag/e2806894000040038662214f, 88
1652716579.776936, sdrt-health/mac:02010b41cdec/antenna/tag/e2806894000050038661fd4f, 86
1652716579.824778, sdrt-health/mac:02010b41cdec/antenna/tag/e2806894000050038662194f, 81
1652716579.92619, sdrt-health/mac:02010b41cdec/antenna/tag/e2806894000050038661fd4f, 86
1652716579.926664, sdrt-health/mac:02010b41cdec/antenna/tag/e2806894000050038662154f, 91
1652716579.9598, sdrt-health/mac:02010b41cdec/antenna/tag/e2806894000040038662114f, 97
1652716579.99382, sdrt-health/mac:02010b41cdec/antenna/tag/e28068940000400386621d4f, 96
1652716579.994259, sdrt-health/mac:02010b41cdec/antenna/tag/e2806894000050038662194f, 93
1652716580.009669, sdrt-health/mac:02010b41cdec/antenna/tag/e2806894000050038661fd4f, 86
1652716580.064966, sdrt-health/mac:02010b41cdec/antenna/tag/e28068940000400386621d4f, 77
1652716580.13727, sdrt-health/mac:02010b41cdec/antenna/tag/e2806894000040038662114f, 88
1652716580.137858, sdrt-health/mac:02010b41cdec/antenna/tag/e28068940000400386621d4f, 77
1652716580.165405, sdrt-health/mac:02010b41cdec/antenna/tag/e2806894000050038662194f, 85
1652716580.214594, sdrt-health/mac:02010b41cdec/antenna/tag/e2806894000050038662194f, 83
1652716580.269136, sdrt-health/mac:02010b41cdec/antenna/tag/e2806894000040038662114f, 91
1652716580.269645, sdrt-health/mac:02010b41cdec/antenna/tag/e2806894000050038662154f, 91
1652716580.285468, sdrt-health/mac:02010b41cdec/antenna/tag/e2806894000050038661fd4f, 90
1652716580.304695, sdrt-health/mac:02010b41cdec/antenna/tag/e2806894000050038661fd4f, 86
1652716580.371863, sdrt-health/mac:02010b41cdec/antenna/tag/e2806894000040038662114f, 83
1652716580.372341, sdrt-health/mac:02010b41cdec/antenna/tag/e2806894000050038661fd4f, 86
1652716580.386252, sdrt-health/mac:02010b41cdec/antenna/tag/e2806894000040038662114f, 97
1652716580.408513, sdrt-health/mac:02010b41cdec/antenna/tag/e2806894000050038662194f, 93
1652716580.484152, sdrt-health/mac:02010b41cdec/antenna/tag/e2806894000040038662114f, 91
1652716580.484685, sdrt-health/mac:02010b41cdec/antenna/tag/e2806894000050038662194f, 87
1652716580.498323, sdrt-health/mac:02010b41cdec/antenna/tag/e28068940000400386621d4f, 96
1652716580.498914, sdrt-health/mac:02010b41cdec/antenna/tag/e2806894000050038662154f, 88
1652716580.5183, sdrt-health/mac:02010b41cdec/antenna/tag/e2806894000050038661fd4f, 83
1652716580.566259, sdrt-health/mac:02010b41cdec/antenna/tag/e2806894000050038662194f, 81
1652716580.623954, sdrt-health/mac:02010b41cdec/antenna/tag/e2806894000040038662114f, 91
1652716580.65608, sdrt-health/mac:02010b41cdec/antenna/tag/e28068940000400386621d4f, 96
1652716580.657892, sdrt-health/mac:02010b41cdec/antenna/tag/e2806894000050038662154f, 88
1652716580.68743, sdrt-health/mac:02010b41cdec/antenna/tag/e2806894000050038662194f, 87
1652716580.734765, sdrt-health/mac:02010b41cdec/antenna/tag/e2806894000050038662194f, 93
1652716580.796573, sdrt-health/mac:02010b41cdec/antenna/tag/e2806894000050038662154f, 85
1652716580.79714, sdrt-health/mac:02010b41cdec/antenna/tag/e2806894000050038662194f, 81
1652716580.811742, sdrt-health/mac:02010b41cdec/antenna/tag/e2806894000050038662154f, 88
1652716580.865236, sdrt-health/mac:02010b41cdec/antenna/tag/e2806894000050038661fd4f, 86
1652716580.894396, sdrt-health/mac:02010b41cdec/antenna/tag/e2806894000050038662154f, 91
1652716580.894702, sdrt-health/mac:02010b41cdec/antenna/tag/e2806894000040038662114f, 91
1652716580.934741, sdrt-health/mac:02010b41cdec/antenna/tag/e28068940000400386621d4f, 96
1652716581.000856, sdrt-health/mac:02010b41cdec/antenna/tag/e2806894000050038661fd4f, 83
1652716581.029963, sdrt-health/mac:02010b41cdec/antenna/tag/e2806894000050038662154f, 88
1652716581.030319, sdrt-health/mac:02010b41cdec/antenna/tag/e2806894000040038662114f, 88
1652716581.030611, sdrt-health/mac:02010b41cdec/antenna/tag/e2806894000050038661fd4f, 83
1652716581.053797, sdrt-health/mac:02010b41cdec/antenna/tag/e2806894000040038662114f, 91
1652716581.135466, sdrt-health/mac:02010b41cdec/antenna/tag/e28068940000400386621d4f, 96
1652716581.136012, sdrt-health/mac:02010b41cdec/antenna/tag/e2806894000050038662154f, 88
1652716581.149189, sdrt-health/mac:02010b41cdec/antenna/tag/e2806894000040038662114f, 91
1652716581.149815, sdrt-health/mac:02010b41cdec/antenna/tag/e2806894000050038662194f, 81
1652716581.174533, sdrt-health/mac:02010b41cdec/antenna/tag/e28068940000400386621d4f, 96
1652716581.239721, sdrt-health/mac:02010b41cdec/antenna/tag/e2806894000050038661fd4f, 86
1652716581.240247, sdrt-health/mac:02010b41cdec/antenna/tag/e28068940000400386621d4f, 96
1652716581.254586, sdrt-health/mac:02010b41cdec/antenna/tag/e2806894000040038662114f, 97
1652716581.274744, sdrt-health/mac:02010b41cdec/antenna/tag/e2806894000050038661fd4f, 86
1652716581.355712, sdrt-health/mac:02010b41cdec/antenna/tag/e2806894000040038662114f, 91
1652716581.399377, sdrt-health/mac:02010b41cdec/antenna/tag/e28068940000400386621d4f, 96
1652716581.479701, sdrt-health/mac:02010b41cdec/antenna/tag/e2806894000050038662194f, 87
1652716581.480165, sdrt-health/mac:02010b41cdec/antenna/tag/e2806894000050038661fd4f, 83
1652716581.513032, sdrt-health/mac:02010b41cdec/antenna/tag/e2806894000040038662114f, 91
1652716581.565544, sdrt-health/mac:02010b41cdec/antenna/tag/e28068940000400386621d4f, 96
1652716581.566038, sdrt-health/mac:02010b41cdec/antenna/tag/e2806894000040038662114f, 88
1652716581.582073, sdrt-health/mac:02010b41cdec/antenna/tag/e28068940000400386621d4f, 96
1652716581.624957, sdrt-health/mac:02010b41cdec/antenna/tag/e2806894000040038662114f, 85
1652716581.658482, sdrt-health/mac:02010b41cdec/antenna/tag/e2806894000050038662194f, 83
1652716581.658915, sdrt-health/mac:02010b41cdec/antenna/tag/e2806894000050038662154f, 85
1652716581.676644, sdrt-health/mac:02010b41cdec/antenna/tag/e28068940000400386621d4f, 77
1652716581.734251, sdrt-health/mac:02010b41cdec/antenna/tag/e2806894000050038661fd4f, 86
1652716581.787692, sdrt-health/mac:02010b41cdec/antenna/tag/e2806894000040038662114f, 88
1652716581.817264, sdrt-health/mac:02010b41cdec/antenna/tag/e2806894000050038662154f, 91
1652716581.817615, sdrt-health/mac:02010b41cdec/antenna/tag/e2806894000050038662194f, 81
1652716581.817933, sdrt-health/mac:02010b41cdec/antenna/tag/e2806894000050038662154f, 97
1652716581.841535, sdrt-health/mac:02010b41cdec/antenna/tag/e2806894000050038661fd4f, 86
1652716581.896754, sdrt-health/mac:02010b41cdec/antenna/tag/e2806894000050038661fd4f, 83
1652716581.925039, sdrt-health/mac:02010b41cdec/antenna/tag/e2806894000050038661fd4f, 86
1652716581.925397, sdrt-health/mac:02010b41cdec/antenna/tag/e28068940000400386621d4f, 96
1652716581.925782, sdrt-health/mac:02010b41cdec/antenna/tag/e2806894000050038662154f, 88
1652716581.957189, sdrt-health/mac:02010b41cdec/antenna/tag/e28068940000400386621d4f, 96
1652716582.01424, sdrt-health/mac:02010b41cdec/antenna/tag/e28068940000400386621d4f, 96
1652716582.043436, sdrt-health/mac:02010b41cdec/antenna/tag/e2806894000050038661fd4f, 86
1652716582.044453, sdrt-health/mac:02010b41cdec/antenna/tag/e28068940000400386621d4f, 96
1652716582.057879, sdrt-health/mac:02010b41cdec/antenna/tag/e28068940000400386621d4f, 96
1652716582.10347, sdrt-health/mac:02010b41cdec/antenna/tag/e2806894000040038662114f, 88
1652716582.145161, sdrt-health/mac:02010b41cdec/antenna/tag/e28068940000400386621d4f, 96
1652716582.146284, sdrt-health/mac:02010b41cdec/antenna/tag/e2806894000050038661fd4f, 90
1652716582.184914, sdrt-health/mac:02010b41cdec/antenna/tag/e2806894000050038662194f, 81
1652716582.269349, sdrt-health/mac:02010b41cdec/antenna/tag/e2806894000050038662154f, 91
1652716582.270008, sdrt-health/mac:02010b41cdec/antenna/tag/e2806894000050038662154f, 91
1652716582.304755, sdrt-health/mac:02010b41cdec/antenna/tag/e2806894000050038661fd4f, 90
1652716582.361608, sdrt-health/mac:02010b41cdec/antenna/tag/e2806894000050038661fd4f, 90
1652716582.405465, sdrt-health/mac:02010b41cdec/antenna/tag/e28068940000400386621d4f, 90
1652716582.43526, sdrt-health/mac:02010b41cdec/antenna/tag/e2806894000050038661fd4f, 86
1652716582.435552, sdrt-health/mac:02010b41cdec/antenna/tag/e2806894000050038661fd4f, 86
1652716582.435758, sdrt-health/mac:02010b41cdec/antenna/tag/e28068940000400386621d4f, 96
1652716582.465545, sdrt-health/mac:02010b41cdec/antenna/tag/e2806894000050038661fd4f, 86
1652716582.498082, sdrt-health/mac:02010b41cdec/antenna/tag/e2806894000040038662114f, 88
1652716582.498401, sdrt-health/mac:02010b41cdec/antenna/tag/e28068940000400386621d4f, 96
1652716582.526191, sdrt-health/mac:02010b41cdec/antenna/tag/e2806894000050038661fd4f, 83
1652716582.578881, sdrt-health/mac:02010b41cdec/antenna/tag/e2806894000040038661f94f, 94
1652716582.614567, sdrt-health/mac:02010b41cdec/antenna/tag/e2806894000050038662194f, 81
1652716582.615097, sdrt-health/mac:02010b41cdec/antenna/tag/e2806894000040038662214f, 94
1652716582.627274, sdrt-health/mac:02010b41cdec/antenna/tag/e2806894000040038662114f, 88
1652716582.666469, sdrt-health/mac:02010b41cdec/antenna/tag/e28068940000400386621d4f, 96
1652716582.695255, sdrt-health/mac:02010b41cdec/antenna/tag/e28068940000400386621d4f, 96
1652716582.695591, sdrt-health/mac:02010b41cdec/antenna/tag/e2806894000050038661fd4f, 86
1652716582.721572, sdrt-health/mac:02010b41cdec/antenna/tag/e2806894000050038662154f, 88
1652716582.791622, sdrt-health/mac:02010b41cdec/antenna/tag/e2806894000040038662114f, 91
1652716582.792134, sdrt-health/mac:02010b41cdec/antenna/tag/e2806894000050038662194f, 93
1652716582.82822, sdrt-health/mac:02010b41cdec/antenna/tag/e2806894000050038661fd4f, 86
1652716582.882732, sdrt-health/mac:02010b41cdec/antenna/tag/e2806894000050038661fd4f, 86
1652716582.88327, sdrt-health/mac:02010b41cdec/antenna/tag/e2806894000050038662194f, 87
1652716582.9191, sdrt-health/mac:02010b41cdec/antenna/tag/e2806894000050038662194f, 87
1652716582.952385, sdrt-health/mac:02010b41cdec/antenna/tag/e2806894000050038662154f, 88
1652716582.952827, sdrt-health/mac:02010b41cdec/antenna/tag/e28068940000400386621d4f, 96
1652716582.980168, sdrt-health/mac:02010b41cdec/antenna/tag/e2806894000040038662114f, 97
1652716583.009597, sdrt-health/mac:02010b41cdec/antenna/tag/e2806894000050038662154f, 91
1652716583.009869, sdrt-health/mac:02010b41cdec/antenna/tag/e2806894000050038661fd4f, 86
1652716583.024375, sdrt-health/mac:02010b41cdec/antenna/tag/e28068940000400386621d4f, 77
1652716583.093562, sdrt-health/mac:02010b41cdec/antenna/tag/e2806894000040038662114f, 91
1652716583.094021, sdrt-health/mac:02010b41cdec/antenna/tag/e2806894000040038661f94f, 84
1652716583.124642, sdrt-health/mac:02010b41cdec/antenna/tag/e2806894000040038662114f, 88
1652716583.125094, sdrt-health/mac:02010b41cdec/antenna/tag/e2806894000040038661f94f, 88
1652716583.204347, sdrt-health/mac:02010b41cdec/antenna/tag/e2806894000040038662114f, 85
1652716583.246643, sdrt-health/mac:02010b41cdec/antenna/tag/e2806894000050038662194f, 83
1652716583.28674, sdrt-health/mac:02010b41cdec/antenna/tag/e2806894000050038662194f, 81
1652716583.316144, sdrt-health/mac:02010b41cdec/antenna/tag/e2806894000050038661fd4f, 86
1652716583.316388, sdrt-health/mac:02010b41cdec/antenna/tag/e2806894000050038662194f, 81
1652716583.345649, sdrt-health/mac:02010b41cdec/antenna/tag/e2806894000050038662154f, 91
1652716583.420104, sdrt-health/mac:02010b41cdec/antenna/tag/e2806894000050038662194f, 83
1652716583.42061, sdrt-health/mac:02010b41cdec/antenna/tag/e2806894000050038662194f, 83
1652716583.454883, sdrt-health/mac:02010b41cdec/antenna/tag/e2806894000040038662214f, 84
1652716583.505638, sdrt-health/mac:02010b41cdec/antenna/tag/e2806894000050038662194f, 94
1652716583.582675, sdrt-health/mac:02010b41cdec/antenna/tag/e2806894000050038662154f, 91
1652716583.639262, sdrt-health/mac:02010b41cdec/antenna/tag/e2806894000050038662194f, 87
1652716583.639891, sdrt-health/mac:02010b41cdec/antenna/tag/e2806894000040038662114f, 88
1652716583.65228, sdrt-health/mac:02010b41cdec/antenna/tag/e28068940000400386621d4f, 96
1652716583.6654, sdrt-health/mac:02010b41cdec/antenna/tag/e28068940000400386621d4f, 96
1652716583.716865, sdrt-health/mac:02010b41cdec/antenna/tag/e2806894000040038662114f, 91
1652716583.766484, sdrt-health/mac:02010b41cdec/antenna/tag/e2806894000050038662194f, 81
1652716583.826542, sdrt-health/mac:02010b41cdec/antenna/tag/e2806894000050038661fd4f, 86
1652716583.897453, sdrt-health/mac:02010b41cdec/antenna/tag/e28068940000400386621d4f, 96
1652716583.898031, sdrt-health/mac:02010b41cdec/antenna/tag/e2806894000050038661fd4f, 90
1652716583.898397, sdrt-health/mac:02010b41cdec/antenna/tag/e28068940000400386621d4f, 96
1652716583.911618, sdrt-health/mac:02010b41cdec/antenna/tag/e2806894000050038662194f, 87
1652716583.912045, sdrt-health/mac:02010b41cdec/antenna/tag/e2806894000050038662154f, 91
1652716583.937425, sdrt-health/mac:02010b41cdec/antenna/tag/e2806894000050038661fd4f, 97
1652716584.023646, sdrt-health/mac:02010b41cdec/antenna/tag/e2806894000040038662114f, 88
1652716584.024158, sdrt-health/mac:02010b41cdec/antenna/tag/e2806894000050038661fd4f, 83
1652716584.038206, sdrt-health/mac:02010b41cdec/antenna/tag/e2806894000040038662114f, 88
1652716584.038631, sdrt-health/mac:02010b41cdec/antenna/tag/e28068940000400386621d4f, 77
1652716584.038968, sdrt-health/mac:02010b41cdec/antenna/tag/e2806894000050038662154f, 88
1652716584.088577, sdrt-health/mac:02010b41cdec/antenna/tag/e2806894000050038661fd4f, 83
1652716584.158418, sdrt-health/mac:02010b41cdec/antenna/tag/e2806894000050038661fd4f, 86
1652716584.158956, sdrt-health/mac:02010b41cdec/antenna/tag/e2806894000050038661fd4f, 90
1652716584.172785, sdrt-health/mac:02010b41cdec/antenna/tag/e2806894000040038662114f, 91
1652716584.173247, sdrt-health/mac:02010b41cdec/antenna/tag/e2806894000050038661fd4f, 90
1652716584.1738, sdrt-health/mac:02010b41cdec/antenna/tag/e28068940000400386621d4f, 96
1652716584.242036, sdrt-health/mac:02010b41cdec/antenna/tag/e28068940000400386621d4f, 90
1652716584.271427, sdrt-health/mac:02010b41cdec/antenna/tag/e2806894000050038661fd4f, 86
1652716584.272105, sdrt-health/mac:02010b41cdec/antenna/tag/e2806894000050038662154f, 91
1652716584.272654, sdrt-health/mac:02010b41cdec/antenna/tag/e2806894000040038662114f, 91
1652716584.294888, sdrt-health/mac:02010b41cdec/antenna/tag/e2806894000050038662154f, 91
1652716584.360176, sdrt-health/mac:02010b41cdec/antenna/tag/e28068940000400386621d4f, 90
1652716584.36098, sdrt-health/mac:02010b41cdec/antenna/tag/e2806894000040038662214f, 94
1652716584.361417, sdrt-health/mac:02010b41cdec/antenna/tag/e28068940000400386621d4f, 96
1652716584.393264, sdrt-health/mac:02010b41cdec/antenna/tag/e2806894000050038662194f, 81
1652716584.496552, sdrt-health/mac:02010b41cdec/antenna/tag/e2806894000050038661fd4f, 83
1652716584.49705, sdrt-health/mac:02010b41cdec/antenna/tag/e2806894000040038662114f, 88
1652716584.567567, sdrt-health/mac:02010b41cdec/antenna/tag/e2806894000050038662154f, 85
1652716584.63292, sdrt-health/mac:02010b41cdec/antenna/tag/e2806894000050038662154f, 88
1652716584.633278, sdrt-health/mac:02010b41cdec/antenna/tag/e2806894000040038662114f, 88
1652716584.633542, sdrt-health/mac:02010b41cdec/antenna/tag/e2806894000040038662214f, 81
1652716584.633827, sdrt-health/mac:02010b41cdec/antenna/tag/e28068940000400386621d4f, 96
1652716584.638445, sdrt-health/mac:02010b41cdec/antenna/tag/e2806894000050038661fd4f, 86
1652716584.715013, sdrt-health/mac:02010b41cdec/antenna/tag/e2806894000040038662114f, 85
1652716584.77561, sdrt-health/mac:02010b41cdec/antenna/tag/e2806894000040038662114f, 88
1652716584.776116, sdrt-health/mac:02010b41cdec/antenna/tag/e2806894000050038662154f, 91
1652716584.789862, sdrt-health/mac:02010b41cdec/antenna/tag/e2806894000040038662114f, 91
1652716584.8129, sdrt-health/mac:02010b41cdec/antenna/tag/e2806894000050038661fd4f, 90
1652716584.878619, sdrt-health/mac:02010b41cdec/antenna/tag/e2806894000050038661fd4f, 86
1652716584.879141, sdrt-health/mac:02010b41cdec/antenna/tag/e2806894000050038661fd4f, 86
1652716584.907574, sdrt-health/mac:02010b41cdec/antenna/tag/e2806894000040038662114f, 91
1652716584.978662, sdrt-health/mac:02010b41cdec/antenna/tag/e28068940000400386621d4f, 96
1652716584.979169, sdrt-health/mac:02010b41cdec/antenna/tag/e2806894000050038662154f, 91
1652716584.979567, sdrt-health/mac:02010b41cdec/antenna/tag/e2806894000050038662154f, 88
1652716585.016002, sdrt-health/mac:02010b41cdec/antenna/tag/e2806894000050038661fd4f, 97
1652716585.045058, sdrt-health/mac:02010b41cdec/antenna/tag/e2806894000050038662194f, 83
1652716585.045378, sdrt-health/mac:02010b41cdec/antenna/tag/e2806894000050038662154f, 88
1652716585.059307, sdrt-health/mac:02010b41cdec/antenna/tag/e2806894000040038662114f, 91
1652716585.059634, sdrt-health/mac:02010b41cdec/antenna/tag/e2806894000050038661fd4f, 83
1652716585.11419, sdrt-health/mac:02010b41cdec/antenna/tag/e2806894000050038661fd4f, 83
1652716585.173543, sdrt-health/mac:02010b41cdec/antenna/tag/e28068940000400386621d4f, 96
1652716585.202336, sdrt-health/mac:02010b41cdec/antenna/tag/e2806894000040038662114f, 97
1652716585.202537, sdrt-health/mac:02010b41cdec/antenna/tag/e28068940000400386621d4f, 96
1652716585.202655, sdrt-health/mac:02010b41cdec/antenna/tag/e2806894000050038661fd4f, 86
1652716585.223067, sdrt-health/mac:02010b41cdec/antenna/tag/e2806894000050038662154f, 91
1652716585.308427, sdrt-health/mac:02010b41cdec/antenna/tag/e2806894000050038661fd4f, 86
1652716585.308627, sdrt-health/mac:02010b41cdec/antenna/tag/e2806894000050038662194f, 88
1652716585.355319, sdrt-health/mac:02010b41cdec/antenna/tag/e2806894000050038662194f, 83
1652716585.414655, sdrt-health/mac:02010b41cdec/antenna/tag/e2806894000050038662154f, 88
1652716585.454849, sdrt-health/mac:02010b41cdec/antenna/tag/e2806894000040038662114f, 85
1652716585.495701, sdrt-health/mac:02010b41cdec/antenna/tag/e2806894000040038662114f, 91
1652716585.524661, sdrt-health/mac:02010b41cdec/antenna/tag/e2806894000050038661fd4f, 83
1652716585.524972, sdrt-health/mac:02010b41cdec/antenna/tag/e2806894000050038662154f, 85
1652716585.560423, sdrt-health/mac:02010b41cdec/antenna/tag/e2806894000050038661fd4f, 83
1652716585.604044, sdrt-health/mac:02010b41cdec/antenna/tag/e2806894000040038662114f, 91
1652716585.68018, sdrt-health/mac:02010b41cdec/antenna/tag/e2806894000050038662154f, 93
1652716585.680691, sdrt-health/mac:02010b41cdec/antenna/tag/e2806894000040038662214f, 94
1652716585.693991, sdrt-health/mac:02010b41cdec/antenna/tag/e2806894000050038662194f, 81
1652716585.718073, sdrt-health/mac:02010b41cdec/antenna/tag/e28068940000400386621d4f, 77
1652716585.747852, sdrt-health/mac:02010b41cdec/antenna/tag/e2806894000040038662214f, 81
1652716585.748158, sdrt-health/mac:02010b41cdec/antenna/tag/e2806894000040038662114f, 88
1652716585.763024, sdrt-health/mac:02010b41cdec/antenna/tag/e2806894000050038662154f, 85
1652716585.830649, sdrt-health/mac:02010b41cdec/antenna/tag/e2806894000050038662154f, 85
1652716585.83113, sdrt-health/mac:02010b41cdec/antenna/tag/e2806894000050038661fd4f, 83
1652716585.844834, sdrt-health/mac:02010b41cdec/antenna/tag/e2806894000050038662194f, 87
1652716585.89241, sdrt-health/mac:02010b41cdec/antenna/tag/e2806894000050038662154f, 85
1652716585.892954, sdrt-health/mac:02010b41cdec/antenna/tag/e2806894000050038661fd4f, 97
1652716585.928737, sdrt-health/mac:02010b41cdec/antenna/tag/e2806894000040038662114f, 91
1652716585.959202, sdrt-health/mac:02010b41cdec/antenna/tag/e2806894000050038662194f, 81
1652716585.959506, sdrt-health/mac:02010b41cdec/antenna/tag/e2806894000050038661fd4f, 83
1652716586.005952, sdrt-health/mac:02010b41cdec/antenna/tag/e2806894000050038661fd4f, 83
1652716586.068231, sdrt-health/mac:02010b41cdec/antenna/tag/e2806894000050038662154f, 91
1652716586.102876, sdrt-health/mac:02010b41cdec/antenna/tag/e28068940000400386621d4f, 96
1652716586.143471, sdrt-health/mac:02010b41cdec/antenna/tag/e28068940000400386621d4f, 77
1652716586.20171, sdrt-health/mac:02010b41cdec/antenna/tag/e2806894000050038661fd4f, 83
1652716586.23115, sdrt-health/mac:02010b41cdec/antenna/tag/e2806894000050038662154f, 83
1652716586.231489, sdrt-health/mac:02010b41cdec/antenna/tag/e2806894000050038662194f, 83
1652716586.245004, sdrt-health/mac:02010b41cdec/antenna/tag/e2806894000050038662154f, 85
1652716586.245311, sdrt-health/mac:02010b41cdec/antenna/tag/e2806894000050038662154f, 85
1652716586.295823, sdrt-health/mac:02010b41cdec/antenna/tag/e2806894000050038662154f, 88
1652716586.322987, sdrt-health/mac:02010b41cdec/antenna/tag/e2806894000050038661fd4f, 86
1652716586.323229, sdrt-health/mac:02010b41cdec/antenna/tag/e28068940000400386621d4f, 96
1652716586.335817, sdrt-health/mac:02010b41cdec/antenna/tag/e28068940000400386621d4f, 96
1652716586.33604, sdrt-health/mac:02010b41cdec/antenna/tag/e2806894000050038662194f, 83
1652716586.373076, sdrt-health/mac:02010b41cdec/antenna/tag/e2806894000050038662154f, 88
1652716586.415137, sdrt-health/mac:02010b41cdec/antenna/tag/e2806894000050038662194f, 93
1652716586.464038, sdrt-health/mac:02010b41cdec/antenna/tag/e2806894000050038662194f, 87
1652716586.550875, sdrt-health/mac:02010b41cdec/antenna/tag/e2806894000050038661fd4f, 86
1652716586.551326, sdrt-health/mac:02010b41cdec/antenna/tag/e2806894000040038662114f, 91
1652716586.601406, sdrt-health/mac:02010b41cdec/antenna/tag/e2806894000050038661fd4f, 83
1652716586.660885, sdrt-health/mac:02010b41cdec/antenna/tag/e28068940000400386621d4f, 77
1652716586.661316, sdrt-health/mac:02010b41cdec/antenna/tag/e2806894000050038661fd4f, 97
1652716586.674748, sdrt-health/mac:02010b41cdec/antenna/tag/e2806894000050038661fd4f, 83
1652716586.736422, sdrt-health/mac:02010b41cdec/antenna/tag/e2806894000050038661fd4f, 90
1652716586.737017, sdrt-health/mac:02010b41cdec/antenna/tag/e2806894000050038662154f, 91
1652716586.737452, sdrt-health/mac:02010b41cdec/antenna/tag/e2806894000050038662194f, 88
1652716586.757455, sdrt-health/mac:02010b41cdec/antenna/tag/e2806894000050038662154f, 91
1652716586.818379, sdrt-health/mac:02010b41cdec/antenna/tag/e2806894000050038661fd4f, 86
1652716586.818953, sdrt-health/mac:02010b41cdec/antenna/tag/e28068940000400386621d4f, 90
1652716586.846526, sdrt-health/mac:02010b41cdec/antenna/tag/e2806894000050038661fd4f, 86
1652716586.878322, sdrt-health/mac:02010b41cdec/antenna/tag/e2806894000050038662194f, 81
1652716586.878568, sdrt-health/mac:02010b41cdec/antenna/tag/e2806894000050038662194f, 87
1652716586.892931, sdrt-health/mac:02010b41cdec/antenna/tag/e2806894000050038661fd4f, 86
1652716586.893194, sdrt-health/mac:02010b41cdec/antenna/tag/e2806894000040038662114f, 97
1652716586.953848, sdrt-health/mac:02010b41cdec/antenna/tag/e2806894000040038662114f, 88
1652716587.01271, sdrt-health/mac:02010b41cdec/antenna/tag/e2806894000050038661fd4f, 97
1652716587.013095, sdrt-health/mac:02010b41cdec/antenna/tag/e2806894000050038662194f, 83
1652716587.028594, sdrt-health/mac:02010b41cdec/antenna/tag/e2806894000050038662194f, 83
1652716587.046109, sdrt-health/mac:02010b41cdec/antenna/tag/e2806894000050038662194f, 87
1652716587.114066, sdrt-health/mac:02010b41cdec/antenna/tag/e28068940000400386621d4f, 96
1652716587.171934, sdrt-health/mac:02010b41cdec/antenna/tag/e2806894000050038661fd4f, 83
1652716587.172499, sdrt-health/mac:02010b41cdec/antenna/tag/e2806894000050038662154f, 88
1652716587.194691, sdrt-health/mac:02010b41cdec/antenna/tag/e2806894000050038662194f, 87
1652716587.253084, sdrt-health/mac:02010b41cdec/antenna/tag/e2806894000040038662114f, 91
1652716587.253786, sdrt-health/mac:02010b41cdec/antenna/tag/e2806894000050038662194f, 87
1652716587.274085, sdrt-health/mac:02010b41cdec/antenna/tag/e2806894000050038662194f, 87
1652716587.354249, sdrt-health/mac:02010b41cdec/antenna/tag/e28068940000400386621d4f, 77
1652716587.354769, sdrt-health/mac:02010b41cdec/antenna/tag/e28068940000400386621d4f, 96
1652716587.368963, sdrt-health/mac:02010b41cdec/antenna/tag/e2806894000050038662154f, 91
1652716587.387486, sdrt-health/mac:02010b41cdec/antenna/tag/e2806894000050038661fd4f, 86
1652716587.415786, sdrt-health/mac:02010b41cdec/antenna/tag/e28068940000400386621d4f, 96
1652716587.416039, sdrt-health/mac:02010b41cdec/antenna/tag/e2806894000050038662154f, 97
1652716587.416202, sdrt-health/mac:02010b41cdec/antenna/tag/e2806894000040038662114f, 88
1652716587.43032, sdrt-health/mac:02010b41cdec/antenna/tag/e2806894000050038662154f, 91
1652716587.477514, sdrt-health/mac:02010b41cdec/antenna/tag/e2806894000040038662114f, 88
1652716587.523989, sdrt-health/mac:02010b41cdec/antenna/tag/e2806894000050038662154f, 88
1652716587.553223, sdrt-health/mac:02010b41cdec/antenna/tag/e28068940000400386621d4f, 96
1652716587.553638, sdrt-health/mac:02010b41cdec/antenna/tag/e2806894000050038661fd4f, 83
1652716587.553975, sdrt-health/mac:02010b41cdec/antenna/tag/e2806894000040038662114f, 88
1652716587.574661, sdrt-health/mac:02010b41cdec/antenna/tag/e2806894000050038662194f, 83
1652716587.639375, sdrt-health/mac:02010b41cdec/antenna/tag/e2806894000040038662114f, 88
1652716587.639893, sdrt-health/mac:02010b41cdec/antenna/tag/e2806894000040038662114f, 91
1652716587.673016, sdrt-health/mac:02010b41cdec/antenna/tag/e2806894000050038662194f, 81
1652716587.779031, sdrt-health/mac:02010b41cdec/antenna/tag/e2806894000050038661fd4f, 86
1652716587.779536, sdrt-health/mac:02010b41cdec/antenna/tag/e28068940000400386621d4f, 90
1652716587.863217, sdrt-health/mac:02010b41cdec/antenna/tag/e28068940000400386621d4f, 96
1652716587.928381, sdrt-health/mac:02010b41cdec/antenna/tag/e2806894000050038662194f, 93
1652716587.928895, sdrt-health/mac:02010b41cdec/antenna/tag/e2806894000050038662154f, 88
1652716587.94099, sdrt-health/mac:02010b41cdec/antenna/tag/e2806894000050038662194f, 93
1652716587.941333, sdrt-health/mac:02010b41cdec/antenna/tag/e2806894000040038662114f, 91
1652716587.957232, sdrt-health/mac:02010b41cdec/antenna/tag/e28068940000400386621d4f, 96
1652716588.006758, sdrt-health/mac:02010b41cdec/antenna/tag/e28068940000400386621d4f, 96
1652716588.035418, sdrt-health/mac:02010b41cdec/antenna/tag/e2806894000050038662154f, 91
1652716588.035694, sdrt-health/mac:02010b41cdec/antenna/tag/e2806894000040038662114f, 88
1652716588.061981, sdrt-health/mac:02010b41cdec/antenna/tag/e2806894000050038661fd4f, 86
1652716588.105763, sdrt-health/mac:02010b41cdec/antenna/tag/e2806894000050038662194f, 83
1652716588.137926, sdrt-health/mac:02010b41cdec/antenna/tag/e2806894000050038662154f, 85
1652716588.138224, sdrt-health/mac:02010b41cdec/antenna/tag/e28068940000400386621d4f, 77
1652716588.154839, sdrt-health/mac:02010b41cdec/antenna/tag/e2806894000050038662154f, 85
1652716588.155175, sdrt-health/mac:02010b41cdec/antenna/tag/e2806894000050038662194f, 83
1652716588.197569, sdrt-health/mac:02010b41cdec/antenna/tag/e28068940000400386621d4f, 96
1652716588.26455, sdrt-health/mac:02010b41cdec/antenna/tag/e28068940000400386621d4f, 96
1652716588.321628, sdrt-health/mac:02010b41cdec/antenna/tag/e2806894000040038662114f, 88
1652716588.32214, sdrt-health/mac:02010b41cdec/antenna/tag/e28068940000400386621d4f, 96
1652716588.336308, sdrt-health/mac:02010b41cdec/antenna/tag/e2806894000050038662154f, 91
1652716588.342574, sdrt-health/mac:02010b41cdec/antenna/tag/e28068940000400386621d4f, 96
1652716588.350592, sdrt-health/mac:02010b41cdec/antenna/tag/e2806894000050038662194f, 87
1652716588.392825, sdrt-health/mac:02010b41cdec/antenna/tag/e2806894000050038662154f, 88
1652716588.501706, sdrt-health/mac:02010b41cdec/antenna/tag/e2806894000050038662194f, 87
1652716588.502206, sdrt-health/mac:02010b41cdec/antenna/tag/e2806894000050038662194f, 93
1652716588.552353, sdrt-health/mac:02010b41cdec/antenna/tag/e2806894000050038661fd4f, 83
1652716588.585758, sdrt-health/mac:02010b41cdec/antenna/tag/e28068940000400386621d4f, 96
1652716588.586163, sdrt-health/mac:02010b41cdec/antenna/tag/e2806894000050038662154f, 91
1652716588.586465, sdrt-health/mac:02010b41cdec/antenna/tag/e28068940000400386621d4f, 96
1652716588.587226, sdrt-health/mac:02010b41cdec/antenna/tag/e2806894000050038662154f, 91
1652716588.600156, sdrt-health/mac:02010b41cdec/antenna/tag/e2806894000040038662114f, 88
1652716588.639835, sdrt-health/mac:02010b41cdec/antenna/tag/e28068940000400386621d4f, 96
1652716588.746703, sdrt-health/mac:02010b41cdec/antenna/tag/e2806894000040038662114f, 91
1652716588.747165, sdrt-health/mac:02010b41cdec/antenna/tag/e2806894000050038661fd4f, 90
1652716588.822452, sdrt-health/mac:02010b41cdec/antenna/tag/e28068940000400386621d4f, 96
1652716588.852373, sdrt-health/mac:02010b41cdec/antenna/tag/e2806894000050038662154f, 91
1652716588.852727, sdrt-health/mac:02010b41cdec/antenna/tag/e28068940000400386621d4f, 96
1652716588.852956, sdrt-health/mac:02010b41cdec/antenna/tag/e2806894000050038662194f, 94
1652716588.868856, sdrt-health/mac:02010b41cdec/antenna/tag/e2806894000040038662114f, 88
1652716588.869185, sdrt-health/mac:02010b41cdec/antenna/tag/e2806894000040038662114f, 91
1652716588.935653, sdrt-health/mac:02010b41cdec/antenna/tag/e2806894000040038662114f, 88
1652716588.985829, sdrt-health/mac:02010b41cdec/antenna/tag/e2806894000050038661fd4f, 86
1652716589.02481, sdrt-health/mac:02010b41cdec/antenna/tag/e2806894000050038662194f, 84
1652716589.06674, sdrt-health/mac:02010b41cdec/antenna/tag/e2806894000040038662114f, 88
1652716589.13333, sdrt-health/mac:02010b41cdec/antenna/tag/e2806894000050038662154f, 91
1652716589.200667, sdrt-health/mac:02010b41cdec/antenna/tag/e2806894000050038662154f, 88
1652716589.201216, sdrt-health/mac:02010b41cdec/antenna/tag/e2806894000040038662114f, 88
1652716589.273269, sdrt-health/mac:02010b41cdec/antenna/tag/e2806894000050038662154f, 88
1652716589.303825, sdrt-health/mac:02010b41cdec/antenna/tag/e2806894000040038662114f, 91
1652716589.304238, sdrt-health/mac:02010b41cdec/antenna/tag/e2806894000050038662194f, 85
1652716589.333677, sdrt-health/mac:02010b41cdec/antenna/tag/e2806894000040038662114f, 91
1652716589.36412, sdrt-health/mac:02010b41cdec/antenna/tag/e2806894000050038662194f, 87
1652716589.364459, sdrt-health/mac:02010b41cdec/antenna/tag/e2806894000050038662154f, 85
1652716589.383756, sdrt-health/mac:02010b41cdec/antenna/tag/e2806894000050038661fd4f, 86
1652716589.439508, sdrt-health/mac:02010b41cdec/antenna/tag/e28068940000400386621d4f, 90
1652716589.439896, sdrt-health/mac:02010b41cdec/antenna/tag/e2806894000050038662194f, 83
1652716589.453495, sdrt-health/mac:02010b41cdec/antenna/tag/e2806894000050038662154f, 91
1652716589.477673, sdrt-health/mac:02010b41cdec/antenna/tag/e2806894000050038662194f, 85
1652716589.524616, sdrt-health/mac:02010b41cdec/antenna/tag/e28068940000500386620d4f, 82
1652716589.574652, sdrt-health/mac:02010b41cdec/antenna/tag/e2806894000050038661fd4f, 97
1652716589.616296, sdrt-health/mac:02010b41cdec/antenna/tag/e2806894000050038661fd4f, 83
1652716589.655165, sdrt-health/mac:02010b41cdec/antenna/tag/e2806894000050038662194f, 87
1652716589.702195, sdrt-health/mac:02010b41cdec/antenna/tag/e28068940000400386621d4f, 96
1652716589.761578, sdrt-health/mac:02010b41cdec/antenna/tag/e2806894000050038662154f, 91
1652716589.762025, sdrt-health/mac:02010b41cdec/antenna/tag/e2806894000050038662194f, 83
1652716589.77568, sdrt-health/mac:02010b41cdec/antenna/tag/e2806894000050038661fd4f, 90
1652716589.798264, sdrt-health/mac:02010b41cdec/antenna/tag/e2806894000050038662154f, 97
1652716589.868771, sdrt-health/mac:02010b41cdec/antenna/tag/e28068940000400386621d4f, 77
1652716589.869248, sdrt-health/mac:02010b41cdec/antenna/tag/e2806894000050038661fd4f, 86
1652716589.88277, sdrt-health/mac:02010b41cdec/antenna/tag/e2806894000040038662114f, 88
1652716589.920587, sdrt-health/mac:02010b41cdec/antenna/tag/e28068940000400386621d4f, 96
1652716589.97507, sdrt-health/mac:02010b41cdec/antenna/tag/e2806894000040038662214f, 94
1652716590.029743, sdrt-health/mac:02010b41cdec/antenna/tag/e2806894000050038661fd4f, 83
1652716590.030196, sdrt-health/mac:02010b41cdec/antenna/tag/e2806894000050038662194f, 81
1652716590.04369, sdrt-health/mac:02010b41cdec/antenna/tag/e2806894000040038662114f, 88
1652716590.065601, sdrt-health/mac:02010b41cdec/antenna/tag/e28068940000400386621d4f, 90
1652716590.097001, sdrt-health/mac:02010b41cdec/antenna/tag/e2806894000050038662194f, 81
1652716590.097244, sdrt-health/mac:02010b41cdec/antenna/tag/e2806894000050038662154f, 91
1652716590.121688, sdrt-health/mac:02010b41cdec/antenna/tag/e28068940000400386621d4f, 96
1652716590.152235, sdrt-health/mac:02010b41cdec/antenna/tag/e2806894000050038662194f, 87
1652716590.152556, sdrt-health/mac:02010b41cdec/antenna/tag/e2806894000050038662194f, 81
1652716590.167838, sdrt-health/mac:02010b41cdec/antenna/tag/e2806894000050038662194f, 94
1652716590.21546, sdrt-health/mac:02010b41cdec/antenna/tag/e2806894000050038662154f, 91
1652716590.285752, sdrt-health/mac:02010b41cdec/antenna/tag/e2806894000050038661fd4f, 90
1652716590.315768, sdrt-health/mac:02010b41cdec/antenna/tag/e28068940000400386621d4f, 96
1652716590.316009, sdrt-health/mac:02010b41cdec/antenna/tag/e2806894000050038661fd4f, 86
1652716590.333445, sdrt-health/mac:02010b41cdec/antenna/tag/e2806894000050038661fd4f, 90
1652716590.370867, sdrt-health/mac:02010b41cdec/antenna/tag/e2806894000050038661fd4f, 86
1652716590.468815, sdrt-health/mac:02010b41cdec/antenna/tag/e2806894000040038662114f, 97
1652716590.469294, sdrt-health/mac:02010b41cdec/antenna/tag/e28068940000400386621d4f, 77
1652716590.52062, sdrt-health/mac:02010b41cdec/antenna/tag/e2806894000050038662154f, 88
1652716590.548646, sdrt-health/mac:02010b41cdec/antenna/tag/e2806894000050038661fd4f, 97
1652716590.548994, sdrt-health/mac:02010b41cdec/antenna/tag/e2806894000050038662154f, 85
1652716590.576275, sdrt-health/mac:02010b41cdec/antenna/tag/e2806894000050038661fd4f, 97
1652716590.604301, sdrt-health/mac:02010b41cdec/antenna/tag/e2806894000050038661fd4f, 86
1652716590.604788, sdrt-health/mac:02010b41cdec/antenna/tag/e2806894000040038662114f, 88
1652716590.625248, sdrt-health/mac:02010b41cdec/antenna/tag/e2806894000050038661fd4f, 86
1652716590.654226, sdrt-health/mac:02010b41cdec/antenna/tag/e2806894000050038662154f, 91
1652716590.654825, sdrt-health/mac:02010b41cdec/antenna/tag/e28068940000400386621d4f, 96
1652716590.677353, sdrt-health/mac:02010b41cdec/antenna/tag/e2806894000050038661fd4f, 86
1652716590.727444, sdrt-health/mac:02010b41cdec/antenna/tag/e2806894000040038662114f, 97
1652716590.803587, sdrt-health/mac:02010b41cdec/antenna/tag/e2806894000050038661fd4f, 90
1652716590.804133, sdrt-health/mac:02010b41cdec/antenna/tag/e2806894000040038662114f, 91
1652716590.818506, sdrt-health/mac:02010b41cdec/antenna/tag/e28068940000400386621d4f, 90
1652716590.818914, sdrt-health/mac:02010b41cdec/antenna/tag/e28068940000400386621d4f, 90
1652716590.820771, sdrt-health/mac:02010b41cdec/antenna/tag/e2806894000040038662214f, 94
1652716590.832662, sdrt-health/mac:02010b41cdec/antenna/tag/e28068940000400386621d4f, 77
1652716590.856592, sdrt-health/mac:02010b41cdec/antenna/tag/e2806894000050038661fd4f, 83
1652716590.904664, sdrt-health/mac:02010b41cdec/antenna/tag/e2806894000040038662214f, 88
1652716591.013595, sdrt-health/mac:02010b41cdec/antenna/tag/e2806894000050038662154f, 85
1652716591.014141, sdrt-health/mac:02010b41cdec/antenna/tag/e2806894000050038662154f, 85
1652716591.046397, sdrt-health/mac:02010b41cdec/antenna/tag/e2806894000040038661f94f, 88
1652716591.097804, sdrt-health/mac:02010b41cdec/antenna/tag/e2806894000050038662154f, 97
1652716591.131067, sdrt-health/mac:02010b41cdec/antenna/tag/e2806894000040038662114f, 88
1652716591.131373, sdrt-health/mac:02010b41cdec/antenna/tag/e2806894000050038662194f, 94
1652716591.149001, sdrt-health/mac:02010b41cdec/antenna/tag/e2806894000040038662114f, 88
1652716591.223101, sdrt-health/mac:02010b41cdec/antenna/tag/e28068940000400386621d4f, 96
1652716591.265076, sdrt-health/mac:02010b41cdec/antenna/tag/e28068940000400386621d4f, 96
1652716591.318796, sdrt-health/mac:02010b41cdec/antenna/tag/e2806894000050038662154f, 91
1652716591.319343, sdrt-health/mac:02010b41cdec/antenna/tag/e2806894000040038662114f, 88
1652716591.331651, sdrt-health/mac:02010b41cdec/antenna/tag/e28068940000400386621d4f, 96
1652716591.344715, sdrt-health/mac:02010b41cdec/antenna/tag/e2806894000050038662194f, 83
1652716591.39751, sdrt-health/mac:02010b41cdec/antenna/tag/e2806894000050038661fd4f, 86
1652716591.446218, sdrt-health/mac:02010b41cdec/antenna/tag/e2806894000050038661fd4f, 83
1652716591.531079, sdrt-health/mac:02010b41cdec/antenna/tag/e2806894000050038661fd4f, 97
1652716591.612081, sdrt-health/mac:02010b41cdec/antenna/tag/e2806894000050038662194f, 83
1652716591.612592, sdrt-health/mac:02010b41cdec/antenna/tag/e2806894000050038662154f, 85
1652716591.626575, sdrt-health/mac:02010b41cdec/antenna/tag/e2806894000050038661fd4f, 83
1652716591.666153, sdrt-health/mac:02010b41cdec/antenna/tag/e2806894000050038661fd4f, 83
1652716591.666476, sdrt-health/mac:02010b41cdec/antenna/tag/e2806894000050038662194f, 87
1652716591.68099, sdrt-health/mac:02010b41cdec/antenna/tag/e2806894000050038662154f, 88
1652716591.695025, sdrt-health/mac:02010b41cdec/antenna/tag/e28068940000400386621d4f, 96
1652716591.695621, sdrt-health/mac:02010b41cdec/antenna/tag/e2806894000050038662154f, 88
1652716591.745248, sdrt-health/mac:02010b41cdec/antenna/tag/e28068940000400386621d4f, 90
1652716591.82594, sdrt-health/mac:02010b41cdec/antenna/tag/e2806894000050038662154f, 91
1652716591.826442, sdrt-health/mac:02010b41cdec/antenna/tag/e28068940000400386621d4f, 96
1652716591.840879, sdrt-health/mac:02010b41cdec/antenna/tag/e2806894000040038662114f, 88
1652716591.854856, sdrt-health/mac:02010b41cdec/antenna/tag/e2806894000050038662154f, 91
1652716591.906238, sdrt-health/mac:02010b41cdec/antenna/tag/e2806894000050038661fd4f, 86
1652716591.968669, sdrt-health/mac:02010b41cdec/antenna/tag/e2806894000050038662154f, 88
1652716592.014629, sdrt-health/mac:02010b41cdec/antenna/tag/e2806894000050038662194f, 83
1652716592.067622, sdrt-health/mac:02010b41cdec/antenna/tag/e2806894000050038662154f, 88
1652716592.068083, sdrt-health/mac:02010b41cdec/antenna/tag/e28068940000400386621d4f, 90
1652716592.117692, sdrt-health/mac:02010b41cdec/antenna/tag/e2806894000040038662214f, 88
1652716592.181369, sdrt-health/mac:02010b41cdec/antenna/tag/e2806894000040038662114f, 85
1652716592.224492, sdrt-health/mac:02010b41cdec/antenna/tag/e2806894000040038661f94f, 94
1652716592.288111, sdrt-health/mac:02010b41cdec/antenna/tag/e2806894000050038661fd4f, 83
1652716592.34418, sdrt-health/mac:02010b41cdec/antenna/tag/e2806894000050038662154f, 85
1652716592.410244, sdrt-health/mac:02010b41cdec/antenna/tag/e2806894000050038662154f, 85
1652716592.410774, sdrt-health/mac:02010b41cdec/antenna/tag/e2806894000040038662214f, 84
1652716592.495422, sdrt-health/mac:02010b41cdec/antenna/tag/e2806894000050038661fd4f, 83
1652716592.586269, sdrt-health/mac:02010b41cdec/antenna/tag/e2806894000050038662154f, 85
1652716592.586788, sdrt-health/mac:02010b41cdec/antenna/tag/e2806894000040038662114f, 91
1652716592.600373, sdrt-health/mac:02010b41cdec/antenna/tag/e28068940000400386621d4f, 96
1652716592.600723, sdrt-health/mac:02010b41cdec/antenna/tag/e2806894000050038661fd4f, 83
1652716592.635308, sdrt-health/mac:02010b41cdec/antenna/tag/e2806894000050038662154f, 85
1652716592.689784, sdrt-health/mac:02010b41cdec/antenna/tag/e2806894000050038662194f, 83
1652716592.747919, sdrt-health/mac:02010b41cdec/antenna/tag/e2806894000040038662114f, 88
1652716592.783585, sdrt-health/mac:02010b41cdec/antenna/tag/e28068940000400386621d4f, 77
1652716592.784061, sdrt-health/mac:02010b41cdec/antenna/tag/e2806894000050038662194f, 81
1652716592.856514, sdrt-health/mac:02010b41cdec/antenna/tag/e28068940000400386621d4f, 96
1652716592.857034, sdrt-health/mac:02010b41cdec/antenna/tag/e2806894000050038662194f, 83
1652716592.857373, sdrt-health/mac:02010b41cdec/antenna/tag/e2806894000050038662154f, 88
1652716592.857741, sdrt-health/mac:02010b41cdec/antenna/tag/e2806894000050038662154f, 91
1652716592.89237, sdrt-health/mac:02010b41cdec/antenna/tag/e2806894000050038661fd4f, 86
1652716592.947924, sdrt-health/mac:02010b41cdec/antenna/tag/e2806894000050038661fd4f, 83
1652716592.984051, sdrt-health/mac:02010b41cdec/antenna/tag/e2806894000050038661fd4f, 86
1652716592.984463, sdrt-health/mac:02010b41cdec/antenna/tag/e2806894000040038662114f, 91
1652716592.98474, sdrt-health/mac:02010b41cdec/antenna/tag/e2806894000050038662154f, 88
1652716593.017194, sdrt-health/mac:02010b41cdec/antenna/tag/e2806894000040038662114f, 97
1652716593.082636, sdrt-health/mac:02010b41cdec/antenna/tag/e2806894000040038662114f, 88
1652716593.129585, sdrt-health/mac:02010b41cdec/antenna/tag/e2806894000050038662194f, 87
1652716593.165262, sdrt-health/mac:02010b41cdec/antenna/tag/e2806894000050038662194f, 83
1652716593.165478, sdrt-health/mac:02010b41cdec/antenna/tag/e2806894000040038662114f, 88
1652716593.186931, sdrt-health/mac:02010b41cdec/antenna/tag/e2806894000050038662194f, 88
1652716593.198187, sdrt-health/mac:02010b41cdec/antenna/tag/e2806894000040038662114f, 91
1652716593.198402, sdrt-health/mac:02010b41cdec/antenna/tag/e2806894000050038661fd4f, 90
1652716593.227381, sdrt-health/mac:02010b41cdec/antenna/tag/e2806894000050038661fd4f, 86
1652716593.334571, sdrt-health/mac:02010b41cdec/antenna/tag/e2806894000040038662114f, 97
1652716593.335051, sdrt-health/mac:02010b41cdec/antenna/tag/e2806894000040038662114f, 97
1652716593.400951, sdrt-health/mac:02010b41cdec/antenna/tag/e2806894000050038661fd4f, 86
1652716593.431669, sdrt-health/mac:02010b41cdec/antenna/tag/e2806894000040038662114f, 97
1652716593.432075, sdrt-health/mac:02010b41cdec/antenna/tag/e2806894000050038662154f, 91
1652716593.45444, sdrt-health/mac:02010b41cdec/antenna/tag/e2806894000040038662114f, 88
1652716593.455158, sdrt-health/mac:02010b41cdec/antenna/tag/e28068940000400386621d4f, 96
1652716593.47122, sdrt-health/mac:02010b41cdec/antenna/tag/e2806894000050038662154f, 85
1652716593.471544, sdrt-health/mac:02010b41cdec/antenna/tag/e2806894000050038662194f, 87
1652716593.506703, sdrt-health/mac:02010b41cdec/antenna/tag/e28068940000400386621d4f, 96
1652716593.57828, sdrt-health/mac:02010b41cdec/antenna/tag/e2806894000050038662154f, 88
1652716593.578735, sdrt-health/mac:02010b41cdec/antenna/tag/e2806894000050038662194f, 83
1652716593.609276, sdrt-health/mac:02010b41cdec/antenna/tag/e2806894000050038661fd4f, 83
1652716593.641957, sdrt-health/mac:02010b41cdec/antenna/tag/e2806894000040038662114f, 88
1652716593.642231, sdrt-health/mac:02010b41cdec/antenna/tag/e2806894000050038662154f, 88
1652716593.673371, sdrt-health/mac:02010b41cdec/antenna/tag/e28068940000400386621d4f, 96
1652716593.737062, sdrt-health/mac:02010b41cdec/antenna/tag/e2806894000040038662114f, 88
1652716593.768671, sdrt-health/mac:02010b41cdec/antenna/tag/e28068940000400386621d4f, 77
1652716593.769029, sdrt-health/mac:02010b41cdec/antenna/tag/e2806894000050038662194f, 93
1652716593.769314, sdrt-health/mac:02010b41cdec/antenna/tag/e28068940000400386621d4f, 96
1652716593.801464, sdrt-health/mac:02010b41cdec/antenna/tag/e2806894000040038662114f, 88
1652716593.850677, sdrt-health/mac:02010b41cdec/antenna/tag/e2806894000050038661fd4f, 86
1652716593.884978, sdrt-health/mac:02010b41cdec/antenna/tag/e2806894000040038662114f, 88
1652716593.885448, sdrt-health/mac:02010b41cdec/antenna/tag/e2806894000050038661fd4f, 83
1652716593.885823, sdrt-health/mac:02010b41cdec/antenna/tag/e2806894000040038662114f, 88
1652716593.90725, sdrt-health/mac:02010b41cdec/antenna/tag/e2806894000050038662154f, 91
1652716593.938872, sdrt-health/mac:02010b41cdec/antenna/tag/e2806894000040038662114f, 85
1652716593.940051, sdrt-health/mac:02010b41cdec/antenna/tag/e28068940000400386621d4f, 96
1652716593.940402, sdrt-health/mac:02010b41cdec/antenna/tag/e2806894000040038662114f, 91
1652716593.970351, sdrt-health/mac:02010b41cdec/antenna/tag/e28068940000400386621d4f, 96
1652716594.013905, sdrt-health/mac:02010b41cdec/antenna/tag/e2806894000050038662154f, 85
1652716594.014262, sdrt-health/mac:02010b41cdec/antenna/tag/e2806894000050038661fd4f, 97
1652716594.101985, sdrt-health/mac:02010b41cdec/antenna/tag/e2806894000050038662194f, 81
1652716594.223217, sdrt-health/mac:02010b41cdec/antenna/tag/e2806894000040038662114f, 91
1652716594.22378, sdrt-health/mac:02010b41cdec/antenna/tag/e2806894000040038662114f, 91
1652716594.239714, sdrt-health/mac:02010b41cdec/antenna/tag/e2806894000040038662114f, 91
1652716594.249324, sdrt-health/mac:02010b41cdec/antenna/tag/e2806894000050038662194f, 83
1652716594.257171, sdrt-health/mac:02010b41cdec/antenna/tag/e2806894000040038662114f, 97
1652716594.25753, sdrt-health/mac:02010b41cdec/antenna/tag/e2806894000040038662114f, 97
1652716594.308628, sdrt-health/mac:02010b41cdec/antenna/tag/e28068940000400386621d4f, 96
1652716594.437593, sdrt-health/mac:02010b41cdec/antenna/tag/e2806894000050038661fd4f, 86
1652716594.438062, sdrt-health/mac:02010b41cdec/antenna/tag/e2806894000050038662154f, 88
1652716594.438435, sdrt-health/mac:02010b41cdec/antenna/tag/e2806894000050038661fd4f, 86
1652716594.438791, sdrt-health/mac:02010b41cdec/antenna/tag/e2806894000050038662154f, 88
1652716594.456521, sdrt-health/mac:02010b41cdec/antenna/tag/e2806894000040038662114f, 91
1652716594.475465, sdrt-health/mac:02010b41cdec/antenna/tag/e2806894000050038661fd4f, 86
1652716594.476105, sdrt-health/mac:02010b41cdec/antenna/tag/e28068940000400386621d4f, 96
1652716594.53758, sdrt-health/mac:02010b41cdec/antenna/tag/e28068940000400386621d4f, 96
1652716594.53872, sdrt-health/mac:02010b41cdec/antenna/tag/e2806894000040038662114f, 85
1652716594.604368, sdrt-health/mac:02010b41cdec/antenna/tag/e2806894000050038661fd4f, 86
1652716594.667021, sdrt-health/mac:02010b41cdec/antenna/tag/e2806894000050038662154f, 85
1652716594.667482, sdrt-health/mac:02010b41cdec/antenna/tag/e28068940000400386621d4f, 77
1652716594.667947, sdrt-health/mac:02010b41cdec/antenna/tag/e28068940000400386621d4f, 77
1652716594.685429, sdrt-health/mac:02010b41cdec/antenna/tag/e2806894000050038661fd4f, 83
1652716594.68597, sdrt-health/mac:02010b41cdec/antenna/tag/e2806894000040038662114f, 88
1652716594.717617, sdrt-health/mac:02010b41cdec/antenna/tag/e2806894000050038662194f, 83
1652716594.759934, sdrt-health/mac:02010b41cdec/antenna/tag/e28068940000400386621d4f, 77
1652716594.871855, sdrt-health/mac:02010b41cdec/antenna/tag/e2806894000050038662154f, 97
1652716594.872357, sdrt-health/mac:02010b41cdec/antenna/tag/e2806894000050038662154f, 91
1652716594.872698, sdrt-health/mac:02010b41cdec/antenna/tag/e2806894000050038661fd4f, 83
1652716594.88979, sdrt-health/mac:02010b41cdec/antenna/tag/e2806894000040038662114f, 91
1652716594.897262, sdrt-health/mac:02010b41cdec/antenna/tag/e2806894000050038662154f, 88
1652716594.905721, sdrt-health/mac:02010b41cdec/antenna/tag/e2806894000050038661fd4f, 86
1652716594.905935, sdrt-health/mac:02010b41cdec/antenna/tag/e2806894000050038662154f, 88
1652716594.948058, sdrt-health/mac:02010b41cdec/antenna/tag/e28068940000400386621d4f, 96
1652716595.002582, sdrt-health/mac:02010b41cdec/antenna/tag/e2806894000050038661fd4f, 83
1652716595.003367, sdrt-health/mac:02010b41cdec/antenna/tag/e2806894000050038661fd4f, 86
1652716595.027871, sdrt-health/mac:02010b41cdec/antenna/tag/e2806894000050038661fd4f, 86
1652716595.087663, sdrt-health/mac:02010b41cdec/antenna/tag/e2806894000040038662114f, 91
1652716595.123607, sdrt-health/mac:02010b41cdec/antenna/tag/e2806894000050038661fd4f, 86
1652716595.125652, sdrt-health/mac:02010b41cdec/antenna/tag/e2806894000050038662154f, 88
1652716595.227909, sdrt-health/mac:02010b41cdec/antenna/tag/e2806894000050038662194f, 94
1652716595.228431, sdrt-health/mac:02010b41cdec/antenna/tag/e2806894000050038662194f, 81
1652716595.246112, sdrt-health/mac:02010b41cdec/antenna/tag/e2806894000040038662114f, 88
1652716595.254351, sdrt-health/mac:02010b41cdec/antenna/tag/e2806894000050038662154f, 97
1652716595.325895, sdrt-health/mac:02010b41cdec/antenna/tag/e2806894000050038662154f, 88
1652716595.361156, sdrt-health/mac:02010b41cdec/antenna/tag/e2806894000050038661fd4f, 90
1652716595.36156, sdrt-health/mac:02010b41cdec/antenna/tag/e2806894000050038661fd4f, 90
1652716595.399075, sdrt-health/mac:02010b41cdec/antenna/tag/e2806894000040038662114f, 91
1652716595.43031, sdrt-health/mac:02010b41cdec/antenna/tag/e28068940000400386621d4f, 77
1652716595.430792, sdrt-health/mac:02010b41cdec/antenna/tag/e28068940000400386621d4f, 96
1652716595.454523, sdrt-health/mac:02010b41cdec/antenna/tag/e2806894000040038662114f, 88
1652716595.497239, sdrt-health/mac:02010b41cdec/antenna/tag/e2806894000050038661fd4f, 86
1652716595.497719, sdrt-health/mac:02010b41cdec/antenna/tag/e2806894000040038662114f, 91
1652716595.498228, sdrt-health/mac:02010b41cdec/antenna/tag/e2806894000050038662154f, 88
1652716595.498544, sdrt-health/mac:02010b41cdec/antenna/tag/e28068940000400386621d4f, 90
1652716595.498861, sdrt-health/mac:02010b41cdec/antenna/tag/e2806894000050038661fd4f, 86
1652716595.521219, sdrt-health/mac:02010b41cdec/antenna/tag/e2806894000040038662214f, 94
1652716595.55949, sdrt-health/mac:02010b41cdec/antenna/tag/e2806894000040038662214f, 81
1652716595.560319, sdrt-health/mac:02010b41cdec/antenna/tag/e2806894000050038662154f, 88
1652716595.643898, sdrt-health/mac:02010b41cdec/antenna/tag/e2806894000040038662114f, 88
1652716595.700618, sdrt-health/mac:02010b41cdec/antenna/tag/e2806894000050038662154f, 88
1652716595.762823, sdrt-health/mac:02010b41cdec/antenna/tag/e2806894000050038661fd4f, 83
1652716595.763297, sdrt-health/mac:02010b41cdec/antenna/tag/e2806894000050038661fd4f, 86
1652716595.814539, sdrt-health/mac:02010b41cdec/antenna/tag/e2806894000050038662154f, 88
1652716595.81499, sdrt-health/mac:02010b41cdec/antenna/tag/e2806894000050038662154f, 91
1652716595.828948, sdrt-health/mac:02010b41cdec/antenna/tag/e2806894000050038661fd4f, 86
1652716595.829421, sdrt-health/mac:02010b41cdec/antenna/tag/e2806894000050038662154f, 91
1652716595.852514, sdrt-health/mac:02010b41cdec/antenna/tag/e2806894000040038662114f, 97
1652716595.925685, sdrt-health/mac:02010b41cdec/antenna/tag/e28068940000400386621d4f, 90
1652716595.977947, sdrt-health/mac:02010b41cdec/antenna/tag/e2806894000040038662114f, 97
1652716596.032296, sdrt-health/mac:02010b41cdec/antenna/tag/e2806894000050038662194f, 87
1652716596.032904, sdrt-health/mac:02010b41cdec/antenna/tag/e2806894000050038662154f, 85
1652716596.049162, sdrt-health/mac:02010b41cdec/antenna/tag/e2806894000050038661fd4f, 83
1652716596.057767, sdrt-health/mac:02010b41cdec/antenna/tag/e28068940000500386620d4f, 88
1652716596.092653, sdrt-health/mac:02010b41cdec/antenna/tag/e2806894000040038662114f, 88
1652716596.170894, sdrt-health/mac:02010b41cdec/antenna/tag/e2806894000050038662154f, 85
1652716596.171348, sdrt-health/mac:02010b41cdec/antenna/tag/e2806894000040038662114f, 85
1652716596.223547, sdrt-health/mac:02010b41cdec/antenna/tag/e2806894000050038662154f, 97
1652716596.283629, sdrt-health/mac:02010b41cdec/antenna/tag/e2806894000050038662194f, 87
1652716596.317186, sdrt-health/mac:02010b41cdec/antenna/tag/e2806894000050038662154f, 97
1652716596.3174, sdrt-health/mac:02010b41cdec/antenna/tag/e28068940000400386621d4f, 96
1652716596.337213, sdrt-health/mac:02010b41cdec/antenna/tag/e2806894000050038662194f, 83
1652716596.374696, sdrt-health/mac:02010b41cdec/antenna/tag/e2806894000050038661fd4f, 90
1652716596.375159, sdrt-health/mac:02010b41cdec/antenna/tag/e2806894000040038662114f, 85
1652716596.375441, sdrt-health/mac:02010b41cdec/antenna/tag/e28068940000400386621d4f, 96
1652716596.391181, sdrt-health/mac:02010b41cdec/antenna/tag/e2806894000040038662114f, 88
1652716596.42556, sdrt-health/mac:02010b41cdec/antenna/tag/e28068940000400386621d4f, 77
1652716596.483948, sdrt-health/mac:02010b41cdec/antenna/tag/e2806894000040038662114f, 85
1652716596.485433, sdrt-health/mac:02010b41cdec/antenna/tag/e2806894000040038662214f, 94
1652716596.53567, sdrt-health/mac:02010b41cdec/antenna/tag/e2806894000050038661fd4f, 86
1652716596.585476, sdrt-health/mac:02010b41cdec/antenna/tag/e2806894000050038662154f, 91
1652716596.642822, sdrt-health/mac:02010b41cdec/antenna/tag/e2806894000050038662154f, 97
1652716596.643285, sdrt-health/mac:02010b41cdec/antenna/tag/e2806894000050038661fd4f, 90
1652716596.661948, sdrt-health/mac:02010b41cdec/antenna/tag/e2806894000050038662154f, 91
1652716596.705441, sdrt-health/mac:02010b41cdec/antenna/tag/e2806894000050038662194f, 83
1652716596.760992, sdrt-health/mac:02010b41cdec/antenna/tag/e2806894000040038662114f, 91
1652716596.761295, sdrt-health/mac:02010b41cdec/antenna/tag/e2806894000050038662154f, 91
1652716596.77803, sdrt-health/mac:02010b41cdec/antenna/tag/e2806894000050038662194f, 81
1652716596.814032, sdrt-health/mac:02010b41cdec/antenna/tag/e2806894000050038661fd4f, 86
1652716596.857275, sdrt-health/mac:02010b41cdec/antenna/tag/e2806894000050038662154f, 88
1652716596.889688, sdrt-health/mac:02010b41cdec/antenna/tag/e2806894000050038661fd4f, 86
1652716596.890039, sdrt-health/mac:02010b41cdec/antenna/tag/e2806894000040038662114f, 88
1652716596.936424, sdrt-health/mac:02010b41cdec/antenna/tag/e2806894000050038661fd4f, 83
1652716596.984661, sdrt-health/mac:02010b41cdec/antenna/tag/e2806894000040038662114f, 88
1652716597.025956, sdrt-health/mac:02010b41cdec/antenna/tag/e28068940000400386621d4f, 77
1652716597.085516, sdrt-health/mac:02010b41cdec/antenna/tag/e2806894000050038662194f, 83
1652716597.085997, sdrt-health/mac:02010b41cdec/antenna/tag/e2806894000040038662114f, 91
1652716597.130566, sdrt-health/mac:02010b41cdec/antenna/tag/e28068940000400386621d4f, 96
1652716597.189217, sdrt-health/mac:02010b41cdec/antenna/tag/e2806894000040038662114f, 91
1652716597.189719, sdrt-health/mac:02010b41cdec/antenna/tag/e28068940000400386621d4f, 96
1652716597.211144, sdrt-health/mac:02010b41cdec/antenna/tag/e28068940000400386621d4f, 96
1652716597.241115, sdrt-health/mac:02010b41cdec/antenna/tag/e2806894000050038662194f, 94
1652716597.241414, sdrt-health/mac:02010b41cdec/antenna/tag/e28068940000400386621d4f, 96
1652716597.266071, sdrt-health/mac:02010b41cdec/antenna/tag/e2806894000050038662194f, 83
1652716597.501425, sdrt-health/mac:02010b41cdec/antenna/tag/e2806894000050038662194f, 83
1652716597.659141, sdrt-health/mac:02010b41cdec/antenna/tag/e2806894000040038661f94f, 94
1652716597.681124, sdrt-health/mac:02010b41cdec/antenna/tag/e2806894000050038662154f, 85
1652716597.721794, sdrt-health/mac:02010b41cdec/antenna/tag/e2806894000050038662194f, 81
1652716597.722213, sdrt-health/mac:02010b41cdec/antenna/tag/e2806894000050038662194f, 81
1652716597.722524, sdrt-health/mac:02010b41cdec/antenna/tag/e2806894000040038662214f, 84
1652716597.722788, sdrt-health/mac:02010b41cdec/antenna/tag/e2806894000040038662214f, 84
1652716597.723071, sdrt-health/mac:02010b41cdec/antenna/tag/e2806894000050038662154f, 88
1652716597.723329, sdrt-health/mac:02010b41cdec/antenna/tag/e28068940000400386621d4f, 77
1652716597.723765, sdrt-health/mac:02010b41cdec/antenna/tag/e2806894000050038661fd4f, 83
1652716597.724252, sdrt-health/mac:02010b41cdec/antenna/tag/e2806894000040038662214f, 94
1652716597.724755, sdrt-health/mac:02010b41cdec/antenna/tag/e2806894000040038661f94f, 84
1652716597.739685, sdrt-health/mac:02010b41cdec/antenna/tag/e2806894000050038662154f, 91
1652716597.739884, sdrt-health/mac:02010b41cdec/antenna/tag/e2806894000050038661fd4f, 86
1652716597.740116, sdrt-health/mac:02010b41cdec/antenna/tag/e2806894000040038662114f, 88
1652716597.740246, sdrt-health/mac:02010b41cdec/antenna/tag/e28068940000400386621d4f, 96
1652716597.740484, sdrt-health/mac:02010b41cdec/antenna/tag/e28068940000400386621d4f, 96
1652716597.740603, sdrt-health/mac:02010b41cdec/antenna/tag/e2806894000050038662194f, 94
1652716597.825635, sdrt-health/mac:02010b41cdec/antenna/tag/e2806894000050038661fd4f, 90
1652716597.957487, sdrt-health/mac:02010b41cdec/antenna/tag/scan, scan stopped
