1652716111.270774, sdrt-health/mac:02010b41cdec/antenna/power/set, {"power": 290}
1652716112.376426, sdrt-health/mac:02010b41cdec/antenna/power/set, 
1652716116.291982, sdrt-health/mac:02010b41cdec/antenna/tag/scan, {"time": 20000}
1652716116.649672, sdrt-health/mac:02010b41cdec/antenna/tag/e2806894000050038661fd4f, 86
1652716116.709993, sdrt-health/mac:02010b41cdec/antenna/tag/e2806894000050038661fd4f, 90
1652716116.771685, sdrt-health/mac:02010b41cdec/antenna/tag/e2806894000050038662194f, 83
1652716116.802948, sdrt-health/mac:02010b41cdec/antenna/tag/e2806894000040038662114f, 88
1652716116.803342, sdrt-health/mac:02010b41cdec/antenna/tag/e28068940000400386621d4f, 96
1652716116.819127, sdrt-health/mac:02010b41cdec/antenna/tag/e2806894000050038662194f, 81
1652716116.869425, sdrt-health/mac:02010b41cdec/antenna/tag/e2806894000040038661f94f, 94
1652716116.926171, sdrt-health/mac:02010b41cdec/antenna/tag/e2806894000050038661fd4f, 83
1652716116.955254, sdrt-health/mac:02010b41cdec/antenna/tag/e2806894000050038662154f, 88
1652716116.955625, sdrt-health/mac:02010b41cdec/antenna/tag/e2806894000040038662214f, 94
1652716116.981808, sdrt-health/mac:02010b41cdec/antenna/tag/e2806894000040038662114f, 88
1652716117.035678, sdrt-health/mac:02010b41cdec/antenna/tag/e2806894000050038662194f, 87
1652716117.066741, sdrt-health/mac:02010b41cdec/antenna/tag/e2806894000050038661fd4f, 90
1652716117.067193, sdrt-health/mac:02010b41cdec/antenna/tag/e2806894000040038662114f, 88
1652716117.086364, sdrt-health/mac:02010b41cdec/antenna/tag/e2806894000040038662114f, 88
1652716117.086571, sdrt-health/mac:02010b41cdec/antenna/tag/e2806894000050038662154f, 91
1652716117.132698, sdrt-health/mac:02010b41cdec/antenna/tag/e2806894000050038662154f, 88
1652716117.165519, sdrt-health/mac:02010b41cdec/antenna/tag/e2806894000050038661fd4f, 86
1652716117.165794, sdrt-health/mac:02010b41cdec/antenna/tag/e2806894000050038662194f, 81
1652716117.188536, sdrt-health/mac:02010b41cdec/antenna/tag/e2806894000050038662194f, 88
1652716117.261045, sdrt-health/mac:02010b41cdec/antenna/tag/e28068940000400386621d4f, 96
1652716117.261572, sdrt-health/mac:02010b41cdec/antenna/tag/e28068940000400386621d4f, 96
1652716117.306295, sdrt-health/mac:02010b41cdec/antenna/tag/e2806894000050038662194f, 81
1652716117.335384, sdrt-health/mac:02010b41cdec/antenna/tag/e2806894000050038662154f, 91
1652716117.335731, sdrt-health/mac:02010b41cdec/antenna/tag/e2806894000050038661fd4f, 86
1652716117.336006, sdrt-health/mac:02010b41cdec/antenna/tag/e28068940000400386621d4f, 96
1652716117.357462, sdrt-health/mac:02010b41cdec/antenna/tag/e2806894000050038661fd4f, 97
1652716117.434052, sdrt-health/mac:02010b41cdec/antenna/tag/e28068940000400386621d4f, 96
1652716117.43453, sdrt-health/mac:02010b41cdec/antenna/tag/e28068940000400386621d4f, 77
1652716117.448892, sdrt-health/mac:02010b41cdec/antenna/tag/e2806894000050038662154f, 85
1652716117.449504, sdrt-health/mac:02010b41cdec/antenna/tag/e2806894000050038662194f, 81
1652716117.482656, sdrt-health/mac:02010b41cdec/antenna/tag/e2806894000050038661fd4f, 83
1652716117.513311, sdrt-health/mac:02010b41cdec/antenna/tag/e2806894000050038662194f, 87
1652716117.513697, sdrt-health/mac:02010b41cdec/antenna/tag/e2806894000050038662194f, 94
1652716117.52784, sdrt-health/mac:02010b41cdec/antenna/tag/e2806894000050038662154f, 91
1652716117.528225, sdrt-health/mac:02010b41cdec/antenna/tag/e2806894000040038662114f, 88
1652716117.528556, sdrt-health/mac:02010b41cdec/antenna/tag/e2806894000050038662154f, 91
1652716117.57738, sdrt-health/mac:02010b41cdec/antenna/tag/e2806894000040038662114f, 91
1652716117.643375, sdrt-health/mac:02010b41cdec/antenna/tag/e2806894000050038662154f, 88
1652716117.672269, sdrt-health/mac:02010b41cdec/antenna/tag/e2806894000040038662114f, 91
1652716117.672477, sdrt-health/mac:02010b41cdec/antenna/tag/e28068940000400386621d4f, 90
1652716117.696446, sdrt-health/mac:02010b41cdec/antenna/tag/e2806894000050038661fd4f, 86
1652716117.727201, sdrt-health/mac:02010b41cdec/antenna/tag/e2806894000040038662114f, 97
1652716117.727537, sdrt-health/mac:02010b41cdec/antenna/tag/e28068940000400386621d4f, 96
1652716117.747613, sdrt-health/mac:02010b41cdec/antenna/tag/e2806894000040038662114f, 91
1652716117.800604, sdrt-health/mac:02010b41cdec/antenna/tag/e28068940000400386621d4f, 77
1652716117.801071, sdrt-health/mac:02010b41cdec/antenna/tag/e2806894000050038662154f, 85
1652716117.816667, sdrt-health/mac:02010b41cdec/antenna/tag/e2806894000050038662194f, 88
1652716117.826494, sdrt-health/mac:02010b41cdec/antenna/tag/e2806894000040038662114f, 88
1652716117.865477, sdrt-health/mac:02010b41cdec/antenna/tag/e2806894000050038662194f, 83
1652716117.96248, sdrt-health/mac:02010b41cdec/antenna/tag/e2806894000040038662214f, 81
1652716117.963166, sdrt-health/mac:02010b41cdec/antenna/tag/e2806894000040038662214f, 81
1652716117.977452, sdrt-health/mac:02010b41cdec/antenna/tag/e28068940000400386621d4f, 77
1652716117.985105, sdrt-health/mac:02010b41cdec/antenna/tag/e2806894000040038662114f, 88
1652716118.026197, sdrt-health/mac:02010b41cdec/antenna/tag/e28068940000400386621d4f, 96
1652716118.085269, sdrt-health/mac:02010b41cdec/antenna/tag/e2806894000050038662194f, 94
1652716118.157851, sdrt-health/mac:02010b41cdec/antenna/tag/e2806894000040038662114f, 88
1652716118.186149, sdrt-health/mac:02010b41cdec/antenna/tag/e2806894000050038662154f, 91
1652716118.186421, sdrt-health/mac:02010b41cdec/antenna/tag/e2806894000050038662194f, 94
1652716118.226574, sdrt-health/mac:02010b41cdec/antenna/tag/e2806894000050038661fd4f, 86
1652716118.3075, sdrt-health/mac:02010b41cdec/antenna/tag/e28068940000400386621d4f, 96
1652716118.308065, sdrt-health/mac:02010b41cdec/antenna/tag/e2806894000050038662194f, 83
1652716118.308411, sdrt-health/mac:02010b41cdec/antenna/tag/e2806894000040038662114f, 91
1652716118.337874, sdrt-health/mac:02010b41cdec/antenna/tag/e2806894000050038662194f, 87
1652716118.410106, sdrt-health/mac:02010b41cdec/antenna/tag/e2806894000050038662154f, 91
1652716118.410572, sdrt-health/mac:02010b41cdec/antenna/tag/e2806894000050038662154f, 85
1652716118.461526, sdrt-health/mac:02010b41cdec/antenna/tag/e2806894000050038662194f, 81
1652716118.490618, sdrt-health/mac:02010b41cdec/antenna/tag/e2806894000040038662114f, 88
1652716118.491073, sdrt-health/mac:02010b41cdec/antenna/tag/e28068940000400386621d4f, 77
1652716118.537565, sdrt-health/mac:02010b41cdec/antenna/tag/e2806894000040038662114f, 91
1652716118.619499, sdrt-health/mac:02010b41cdec/antenna/tag/e2806894000050038662194f, 93
1652716118.620037, sdrt-health/mac:02010b41cdec/antenna/tag/e28068940000400386621d4f, 96
1652716118.634998, sdrt-health/mac:02010b41cdec/antenna/tag/e2806894000050038662154f, 88
1652716118.660977, sdrt-health/mac:02010b41cdec/antenna/tag/e2806894000040038662114f, 88
1652716118.71625, sdrt-health/mac:02010b41cdec/antenna/tag/e28068940000400386621d4f, 90
1652716118.793215, sdrt-health/mac:02010b41cdec/antenna/tag/e2806894000050038662154f, 88
1652716118.793762, sdrt-health/mac:02010b41cdec/antenna/tag/e2806894000040038662114f, 88
1652716118.808596, sdrt-health/mac:02010b41cdec/antenna/tag/e2806894000050038662194f, 83
1652716118.824608, sdrt-health/mac:02010b41cdec/antenna/tag/e2806894000040038662114f, 91
1652716118.853568, sdrt-health/mac:02010b41cdec/antenna/tag/e2806894000050038662154f, 88
1652716118.853866, sdrt-health/mac:02010b41cdec/antenna/tag/e2806894000050038662194f, 83
1652716118.854084, sdrt-health/mac:02010b41cdec/antenna/tag/e2806894000050038661fd4f, 83
1652716118.907913, sdrt-health/mac:02010b41cdec/antenna/tag/e2806894000040038662114f, 91
1652716118.957235, sdrt-health/mac:02010b41cdec/antenna/tag/e2806894000050038661fd4f, 83
1652716119.003628, sdrt-health/mac:02010b41cdec/antenna/tag/e2806894000050038662154f, 91
1652716119.061854, sdrt-health/mac:02010b41cdec/antenna/tag/e2806894000050038662194f, 87
1652716119.062392, sdrt-health/mac:02010b41cdec/antenna/tag/e28068940000400386621d4f, 77
1652716119.115578, sdrt-health/mac:02010b41cdec/antenna/tag/e2806894000050038661fd4f, 83
1652716119.144717, sdrt-health/mac:02010b41cdec/antenna/tag/e2806894000050038662154f, 85
1652716119.145004, sdrt-health/mac:02010b41cdec/antenna/tag/e2806894000040038661f94f, 94
1652716119.189003, sdrt-health/mac:02010b41cdec/antenna/tag/e2806894000050038662194f, 81
1652716119.28955, sdrt-health/mac:02010b41cdec/antenna/tag/e2806894000040038662114f, 91
1652716119.290058, sdrt-health/mac:02010b41cdec/antenna/tag/e28068940000400386621d4f, 96
1652716119.306419, sdrt-health/mac:02010b41cdec/antenna/tag/e28068940000400386621d4f, 96
1652716119.369375, sdrt-health/mac:02010b41cdec/antenna/tag/e2806894000040038662114f, 91
1652716119.369858, sdrt-health/mac:02010b41cdec/antenna/tag/e28068940000400386621d4f, 77
1652716119.384132, sdrt-health/mac:02010b41cdec/antenna/tag/e2806894000050038661fd4f, 83
1652716119.384646, sdrt-health/mac:02010b41cdec/antenna/tag/e2806894000050038662154f, 85
1652716119.384827, sdrt-health/mac:02010b41cdec/antenna/tag/e28068940000400386621d4f, 77
1652716119.404506, sdrt-health/mac:02010b41cdec/antenna/tag/e2806894000040038662114f, 88
1652716119.470086, sdrt-health/mac:02010b41cdec/antenna/tag/e28068940000400386621d4f, 77
1652716119.470604, sdrt-health/mac:02010b41cdec/antenna/tag/e2806894000050038662194f, 87
1652716119.51281, sdrt-health/mac:02010b41cdec/antenna/tag/e28068940000400386621d4f, 77
1652716119.601431, sdrt-health/mac:02010b41cdec/antenna/tag/e2806894000050038662194f, 83
1652716119.601916, sdrt-health/mac:02010b41cdec/antenna/tag/e28068940000400386621d4f, 77
1652716119.661222, sdrt-health/mac:02010b41cdec/antenna/tag/e2806894000050038662154f, 85
1652716119.662248, sdrt-health/mac:02010b41cdec/antenna/tag/e2806894000050038662194f, 81
1652716119.66294, sdrt-health/mac:02010b41cdec/antenna/tag/e2806894000050038662154f, 85
1652716119.676297, sdrt-health/mac:02010b41cdec/antenna/tag/e2806894000050038661fd4f, 83
1652716119.727741, sdrt-health/mac:02010b41cdec/antenna/tag/e2806894000050038662154f, 93
1652716119.757659, sdrt-health/mac:02010b41cdec/antenna/tag/e2806894000050038662154f, 91
1652716119.757872, sdrt-health/mac:02010b41cdec/antenna/tag/e2806894000050038662154f, 88
1652716119.801978, sdrt-health/mac:02010b41cdec/antenna/tag/e2806894000050038661fd4f, 86
1652716119.852786, sdrt-health/mac:02010b41cdec/antenna/tag/e2806894000050038662194f, 87
1652716119.881943, sdrt-health/mac:02010b41cdec/antenna/tag/e2806894000040038662114f, 97
1652716119.882458, sdrt-health/mac:02010b41cdec/antenna/tag/e2806894000050038662194f, 93
1652716119.882894, sdrt-health/mac:02010b41cdec/antenna/tag/e2806894000050038662154f, 91
1652716119.908244, sdrt-health/mac:02010b41cdec/antenna/tag/e2806894000050038661fd4f, 86
1652716119.977437, sdrt-health/mac:02010b41cdec/antenna/tag/e28068940000400386621d4f, 90
1652716119.977934, sdrt-health/mac:02010b41cdec/antenna/tag/e28068940000400386621d4f, 77
1652716119.992611, sdrt-health/mac:02010b41cdec/antenna/tag/e2806894000050038661fd4f, 83
1652716120.067512, sdrt-health/mac:02010b41cdec/antenna/tag/e2806894000040038662114f, 88
1652716120.06803, sdrt-health/mac:02010b41cdec/antenna/tag/e28068940000400386621d4f, 77
1652716120.082178, sdrt-health/mac:02010b41cdec/antenna/tag/e2806894000050038661fd4f, 83
1652716120.125161, sdrt-health/mac:02010b41cdec/antenna/tag/e2806894000050038661fd4f, 90
1652716120.227137, sdrt-health/mac:02010b41cdec/antenna/tag/e28068940000400386621d4f, 90
1652716120.22768, sdrt-health/mac:02010b41cdec/antenna/tag/e28068940000400386621d4f, 96
1652716120.424892, sdrt-health/mac:02010b41cdec/antenna/tag/e2806894000040038662114f, 91
1652716120.425497, sdrt-health/mac:02010b41cdec/antenna/tag/e28068940000400386621d4f, 96
1652716120.425887, sdrt-health/mac:02010b41cdec/antenna/tag/e28068940000400386621d4f, 90
1652716120.426254, sdrt-health/mac:02010b41cdec/antenna/tag/e2806894000040038662114f, 91
1652716120.426677, sdrt-health/mac:02010b41cdec/antenna/tag/e28068940000400386621d4f, 90
1652716120.427153, sdrt-health/mac:02010b41cdec/antenna/tag/e2806894000050038662154f, 91
1652716120.427605, sdrt-health/mac:02010b41cdec/antenna/tag/e2806894000040038662114f, 97
1652716120.428105, sdrt-health/mac:02010b41cdec/antenna/tag/e2806894000050038662194f, 83
1652716120.428678, sdrt-health/mac:02010b41cdec/antenna/tag/e2806894000050038662194f, 87
1652716120.462291, sdrt-health/mac:02010b41cdec/antenna/tag/e2806894000050038662194f, 83
1652716120.462853, sdrt-health/mac:02010b41cdec/antenna/tag/e28068940000400386621d4f, 96
1652716120.463169, sdrt-health/mac:02010b41cdec/antenna/tag/e2806894000040038662114f, 91
1652716120.538102, sdrt-health/mac:02010b41cdec/antenna/tag/e2806894000040038662114f, 88
1652716120.629054, sdrt-health/mac:02010b41cdec/antenna/tag/e28068940000400386621d4f, 96
1652716120.629795, sdrt-health/mac:02010b41cdec/antenna/tag/e2806894000050038661fd4f, 83
1652716120.645656, sdrt-health/mac:02010b41cdec/antenna/tag/e2806894000040038662114f, 91
1652716120.646531, sdrt-health/mac:02010b41cdec/antenna/tag/e2806894000050038661fd4f, 83
1652716120.646914, sdrt-health/mac:02010b41cdec/antenna/tag/e2806894000050038661fd4f, 83
1652716120.69896, sdrt-health/mac:02010b41cdec/antenna/tag/e2806894000050038662194f, 81
1652716120.729634, sdrt-health/mac:02010b41cdec/antenna/tag/e2806894000050038662154f, 88
1652716120.730069, sdrt-health/mac:02010b41cdec/antenna/tag/e2806894000050038661fd4f, 83
1652716120.730432, sdrt-health/mac:02010b41cdec/antenna/tag/e28068940000400386621d4f, 77
1652716120.748841, sdrt-health/mac:02010b41cdec/antenna/tag/e2806894000040038662114f, 91
1652716120.813688, sdrt-health/mac:02010b41cdec/antenna/tag/e28068940000400386621d4f, 96
1652716120.81461, sdrt-health/mac:02010b41cdec/antenna/tag/e28068940000400386621d4f, 96
1652716120.81509, sdrt-health/mac:02010b41cdec/antenna/tag/e2806894000040038662114f, 88
1652716120.860254, sdrt-health/mac:02010b41cdec/antenna/tag/e2806894000050038662154f, 91
1652716120.954978, sdrt-health/mac:02010b41cdec/antenna/tag/e2806894000040038662114f, 91
1652716120.955445, sdrt-health/mac:02010b41cdec/antenna/tag/e2806894000050038662154f, 85
1652716120.969265, sdrt-health/mac:02010b41cdec/antenna/tag/e28068940000400386621d4f, 96
1652716121.025845, sdrt-health/mac:02010b41cdec/antenna/tag/e2806894000050038662194f, 81
1652716121.026311, sdrt-health/mac:02010b41cdec/antenna/tag/e2806894000050038662154f, 88
1652716121.040358, sdrt-health/mac:02010b41cdec/antenna/tag/e2806894000040038662114f, 88
1652716121.040841, sdrt-health/mac:02010b41cdec/antenna/tag/e2806894000050038662194f, 83
1652716121.085217, sdrt-health/mac:02010b41cdec/antenna/tag/e2806894000040038662114f, 88
1652716121.114465, sdrt-health/mac:02010b41cdec/antenna/tag/e28068940000400386621d4f, 96
1652716121.114924, sdrt-health/mac:02010b41cdec/antenna/tag/e2806894000050038662154f, 88
1652716121.168682, sdrt-health/mac:02010b41cdec/antenna/tag/e2806894000050038662194f, 81
1652716121.206767, sdrt-health/mac:02010b41cdec/antenna/tag/e2806894000050038662194f, 81
1652716121.207265, sdrt-health/mac:02010b41cdec/antenna/tag/e28068940000400386621d4f, 90
1652716121.24556, sdrt-health/mac:02010b41cdec/antenna/tag/e28068940000400386621d4f, 96
1652716121.276165, sdrt-health/mac:02010b41cdec/antenna/tag/e2806894000050038662154f, 88
1652716121.276509, sdrt-health/mac:02010b41cdec/antenna/tag/e28068940000400386621d4f, 96
1652716121.276759, sdrt-health/mac:02010b41cdec/antenna/tag/e2806894000050038662194f, 81
1652716121.338831, sdrt-health/mac:02010b41cdec/antenna/tag/e2806894000040038662114f, 91
1652716121.413565, sdrt-health/mac:02010b41cdec/antenna/tag/e2806894000050038662154f, 97
1652716121.414092, sdrt-health/mac:02010b41cdec/antenna/tag/e2806894000040038662114f, 91
1652716121.430094, sdrt-health/mac:02010b41cdec/antenna/tag/e28068940000400386621d4f, 96
1652716121.507911, sdrt-health/mac:02010b41cdec/antenna/tag/e2806894000050038661fd4f, 86
1652716121.541137, sdrt-health/mac:02010b41cdec/antenna/tag/e28068940000400386621d4f, 96
1652716121.541472, sdrt-health/mac:02010b41cdec/antenna/tag/e2806894000040038662114f, 85
1652716121.541724, sdrt-health/mac:02010b41cdec/antenna/tag/e2806894000050038662154f, 85
1652716121.59522, sdrt-health/mac:02010b41cdec/antenna/tag/e2806894000040038662114f, 85
1652716121.625768, sdrt-health/mac:02010b41cdec/antenna/tag/e2806894000040038662114f, 88
1652716121.626072, sdrt-health/mac:02010b41cdec/antenna/tag/e2806894000050038662154f, 85
1652716121.627167, sdrt-health/mac:02010b41cdec/antenna/tag/e2806894000040038662114f, 85
1652716121.627393, sdrt-health/mac:02010b41cdec/antenna/tag/e2806894000050038662154f, 88
1652716121.627608, sdrt-health/mac:02010b41cdec/antenna/tag/e2806894000050038662194f, 81
1652716121.645113, sdrt-health/mac:02010b41cdec/antenna/tag/e2806894000040038662114f, 91
1652716121.712228, sdrt-health/mac:02010b41cdec/antenna/tag/e2806894000050038662194f, 83
1652716121.712987, sdrt-health/mac:02010b41cdec/antenna/tag/e2806894000050038662194f, 81
1652716121.713463, sdrt-health/mac:02010b41cdec/antenna/tag/e2806894000050038662154f, 88
1652716121.725905, sdrt-health/mac:02010b41cdec/antenna/tag/e2806894000050038661fd4f, 86
1652716121.752796, sdrt-health/mac:02010b41cdec/antenna/tag/e2806894000050038662194f, 94
1652716121.782862, sdrt-health/mac:02010b41cdec/antenna/tag/e2806894000050038662194f, 83
1652716121.78327, sdrt-health/mac:02010b41cdec/antenna/tag/e2806894000050038661fd4f, 86
1652716121.783519, sdrt-health/mac:02010b41cdec/antenna/tag/e28068940000400386621d4f, 96
1652716121.818302, sdrt-health/mac:02010b41cdec/antenna/tag/e2806894000050038662194f, 87
1652716121.880123, sdrt-health/mac:02010b41cdec/antenna/tag/e2806894000050038661fd4f, 83
1652716121.880623, sdrt-health/mac:02010b41cdec/antenna/tag/e28068940000400386621d4f, 90
1652716121.928052, sdrt-health/mac:02010b41cdec/antenna/tag/e2806894000050038661fd4f, 86
1652716121.957305, sdrt-health/mac:02010b41cdec/antenna/tag/e2806894000040038662114f, 88
1652716121.957768, sdrt-health/mac:02010b41cdec/antenna/tag/e28068940000400386621d4f, 96
1652716121.986794, sdrt-health/mac:02010b41cdec/antenna/tag/e2806894000050038661fd4f, 86
1652716122.043144, sdrt-health/mac:02010b41cdec/antenna/tag/e2806894000040038662114f, 91
1652716122.104501, sdrt-health/mac:02010b41cdec/antenna/tag/e2806894000050038662194f, 81
1652716122.104975, sdrt-health/mac:02010b41cdec/antenna/tag/e2806894000050038662194f, 81
1652716122.119631, sdrt-health/mac:02010b41cdec/antenna/tag/e2806894000050038661fd4f, 86
1652716122.147393, sdrt-health/mac:02010b41cdec/antenna/tag/e2806894000050038662194f, 83
1652716122.206589, sdrt-health/mac:02010b41cdec/antenna/tag/e2806894000050038662154f, 91
1652716122.253584, sdrt-health/mac:02010b41cdec/antenna/tag/e28068940000400386621d4f, 96
1652716122.312139, sdrt-health/mac:02010b41cdec/antenna/tag/e2806894000050038661fd4f, 90
1652716122.312846, sdrt-health/mac:02010b41cdec/antenna/tag/e28068940000400386621d4f, 96
1652716122.345771, sdrt-health/mac:02010b41cdec/antenna/tag/e2806894000050038661fd4f, 86
1652716122.496279, sdrt-health/mac:02010b41cdec/antenna/tag/e2806894000050038661fd4f, 83
1652716122.555443, sdrt-health/mac:02010b41cdec/antenna/tag/e2806894000040038662114f, 88
1652716122.584131, sdrt-health/mac:02010b41cdec/antenna/tag/e2806894000040038662214f, 81
1652716122.584657, sdrt-health/mac:02010b41cdec/antenna/tag/e2806894000050038662154f, 85
1652716122.585109, sdrt-health/mac:02010b41cdec/antenna/tag/e2806894000050038662194f, 94
1652716122.603764, sdrt-health/mac:02010b41cdec/antenna/tag/e28068940000400386621d4f, 96
1652716122.63385, sdrt-health/mac:02010b41cdec/antenna/tag/e2806894000050038661fd4f, 86
1652716122.634112, sdrt-health/mac:02010b41cdec/antenna/tag/e2806894000050038662194f, 94
1652716122.634309, sdrt-health/mac:02010b41cdec/antenna/tag/e2806894000050038662154f, 91
1652716122.634478, sdrt-health/mac:02010b41cdec/antenna/tag/e28068940000400386621d4f, 96
1652716122.648035, sdrt-health/mac:02010b41cdec/antenna/tag/e2806894000050038661fd4f, 86
1652716122.738041, sdrt-health/mac:02010b41cdec/antenna/tag/e2806894000050038662154f, 91
1652716122.776425, sdrt-health/mac:02010b41cdec/antenna/tag/e2806894000050038661fd4f, 86
1652716122.816385, sdrt-health/mac:02010b41cdec/antenna/tag/e2806894000050038662194f, 93
1652716122.885851, sdrt-health/mac:02010b41cdec/antenna/tag/e28068940000400386621d4f, 90
1652716122.969865, sdrt-health/mac:02010b41cdec/antenna/tag/e2806894000050038661fd4f, 86
1652716122.970262, sdrt-health/mac:02010b41cdec/antenna/tag/e2806894000040038662114f, 91
1652716123.023168, sdrt-health/mac:02010b41cdec/antenna/tag/e2806894000050038661fd4f, 83
1652716123.05372, sdrt-health/mac:02010b41cdec/antenna/tag/e28068940000400386621d4f, 77
1652716123.054296, sdrt-health/mac:02010b41cdec/antenna/tag/e2806894000040038661f94f, 88
1652716123.083949, sdrt-health/mac:02010b41cdec/antenna/tag/e2806894000040038662214f, 88
1652716123.141898, sdrt-health/mac:02010b41cdec/antenna/tag/e2806894000040038662114f, 85
1652716123.142386, sdrt-health/mac:02010b41cdec/antenna/tag/e2806894000050038661fd4f, 86
1652716123.185918, sdrt-health/mac:02010b41cdec/antenna/tag/e2806894000050038661fd4f, 86
1652716123.261527, sdrt-health/mac:02010b41cdec/antenna/tag/e28068940000400386621d4f, 96
1652716123.35461, sdrt-health/mac:02010b41cdec/antenna/tag/e2806894000040038661f94f, 88
1652716123.415421, sdrt-health/mac:02010b41cdec/antenna/tag/e2806894000040038662114f, 88
1652716123.444839, sdrt-health/mac:02010b41cdec/antenna/tag/e2806894000050038661fd4f, 97
1652716123.445041, sdrt-health/mac:02010b41cdec/antenna/tag/e2806894000040038662214f, 81
1652716123.462853, sdrt-health/mac:02010b41cdec/antenna/tag/e28068940000400386621d4f, 77
1652716123.525474, sdrt-health/mac:02010b41cdec/antenna/tag/e2806894000050038662154f, 91
1652716123.607032, sdrt-health/mac:02010b41cdec/antenna/tag/e28068940000400386621d4f, 96
1652716123.607491, sdrt-health/mac:02010b41cdec/antenna/tag/e2806894000050038662154f, 91
1652716123.64056, sdrt-health/mac:02010b41cdec/antenna/tag/e2806894000050038662194f, 81
1652716123.72633, sdrt-health/mac:02010b41cdec/antenna/tag/e2806894000050038662194f, 94
1652716123.726838, sdrt-health/mac:02010b41cdec/antenna/tag/e2806894000040038662114f, 91
1652716123.772973, sdrt-health/mac:02010b41cdec/antenna/tag/e28068940000400386621d4f, 96
1652716123.833406, sdrt-health/mac:02010b41cdec/antenna/tag/e2806894000040038662114f, 91
1652716123.833968, sdrt-health/mac:02010b41cdec/antenna/tag/e2806894000050038662154f, 91
1652716123.879749, sdrt-health/mac:02010b41cdec/antenna/tag/e2806894000050038662154f, 85
1652716123.908907, sdrt-health/mac:02010b41cdec/antenna/tag/e2806894000040038662114f, 88
1652716123.909349, sdrt-health/mac:02010b41cdec/antenna/tag/e2806894000050038661fd4f, 97
1652716123.909642, sdrt-health/mac:02010b41cdec/antenna/tag/e28068940000400386621d4f, 96
1652716123.943028, sdrt-health/mac:02010b41cdec/antenna/tag/e2806894000040038662114f, 88
1652716124.03401, sdrt-health/mac:02010b41cdec/antenna/tag/e2806894000050038661fd4f, 83
1652716124.034497, sdrt-health/mac:02010b41cdec/antenna/tag/e2806894000050038661fd4f, 86
1652716124.068593, sdrt-health/mac:02010b41cdec/antenna/tag/e2806894000040038662114f, 91
1652716124.098207, sdrt-health/mac:02010b41cdec/antenna/tag/e2806894000040038662114f, 91
1652716124.098563, sdrt-health/mac:02010b41cdec/antenna/tag/e28068940000400386621d4f, 96
1652716124.127928, sdrt-health/mac:02010b41cdec/antenna/tag/e28068940000400386621d4f, 96
1652716124.200049, sdrt-health/mac:02010b41cdec/antenna/tag/e2806894000040038662114f, 91
1652716124.200515, sdrt-health/mac:02010b41cdec/antenna/tag/e2806894000050038662194f, 81
1652716124.213932, sdrt-health/mac:02010b41cdec/antenna/tag/e2806894000050038662194f, 83
1652716124.233709, sdrt-health/mac:02010b41cdec/antenna/tag/e28068940000400386621d4f, 90
1652716124.29546, sdrt-health/mac:02010b41cdec/antenna/tag/e2806894000040038661f94f, 94
1652716124.351586, sdrt-health/mac:02010b41cdec/antenna/tag/e2806894000040038662114f, 85
1652716124.352111, sdrt-health/mac:02010b41cdec/antenna/tag/e2806894000040038662114f, 88
1652716124.390723, sdrt-health/mac:02010b41cdec/antenna/tag/e2806894000050038662154f, 85
1652716124.422223, sdrt-health/mac:02010b41cdec/antenna/tag/e2806894000040038662214f, 81
1652716124.422565, sdrt-health/mac:02010b41cdec/antenna/tag/e2806894000040038662114f, 88
1652716124.448247, sdrt-health/mac:02010b41cdec/antenna/tag/e2806894000040038662214f, 81
1652716124.500734, sdrt-health/mac:02010b41cdec/antenna/tag/e28068940000400386621d4f, 96
1652716124.562591, sdrt-health/mac:02010b41cdec/antenna/tag/e2806894000040038662114f, 88
1652716124.628355, sdrt-health/mac:02010b41cdec/antenna/tag/e2806894000040038662114f, 88
1652716124.628864, sdrt-health/mac:02010b41cdec/antenna/tag/e2806894000050038661fd4f, 86
1652716124.686742, sdrt-health/mac:02010b41cdec/antenna/tag/e2806894000040038662114f, 91
1652716124.749401, sdrt-health/mac:02010b41cdec/antenna/tag/e28068940000400386621d4f, 90
1652716124.788796, sdrt-health/mac:02010b41cdec/antenna/tag/e28068940000400386621d4f, 96
1652716124.866947, sdrt-health/mac:02010b41cdec/antenna/tag/e28068940000400386621d4f, 96
1652716124.867459, sdrt-health/mac:02010b41cdec/antenna/tag/e2806894000050038662154f, 91
1652716124.881454, sdrt-health/mac:02010b41cdec/antenna/tag/e2806894000050038661fd4f, 86
1652716124.919572, sdrt-health/mac:02010b41cdec/antenna/tag/e28068940000400386621d4f, 90
1652716124.919833, sdrt-health/mac:02010b41cdec/antenna/tag/e2806894000050038661fd4f, 83
1652716124.954852, sdrt-health/mac:02010b41cdec/antenna/tag/e2806894000050038662194f, 81
1652716125.032717, sdrt-health/mac:02010b41cdec/antenna/tag/e2806894000040038662114f, 88
1652716125.033232, sdrt-health/mac:02010b41cdec/antenna/tag/e2806894000050038662154f, 85
1652716125.048167, sdrt-health/mac:02010b41cdec/antenna/tag/e2806894000050038662154f, 85
1652716125.087269, sdrt-health/mac:02010b41cdec/antenna/tag/e2806894000050038662154f, 91
1652716125.115884, sdrt-health/mac:02010b41cdec/antenna/tag/e28068940000400386621d4f, 90
1652716125.11625, sdrt-health/mac:02010b41cdec/antenna/tag/e2806894000050038662154f, 88
1652716125.116444, sdrt-health/mac:02010b41cdec/antenna/tag/e2806894000040038662114f, 97
1652716125.15963, sdrt-health/mac:02010b41cdec/antenna/tag/e2806894000050038662154f, 88
1652716125.1605, sdrt-health/mac:02010b41cdec/antenna/tag/e2806894000040038662114f, 97
1652716125.216617, sdrt-health/mac:02010b41cdec/antenna/tag/e2806894000040038662114f, 88
1652716125.282347, sdrt-health/mac:02010b41cdec/antenna/tag/e2806894000050038662154f, 91
1652716125.282574, sdrt-health/mac:02010b41cdec/antenna/tag/e2806894000040038662114f, 88
1652716125.306377, sdrt-health/mac:02010b41cdec/antenna/tag/e2806894000050038661fd4f, 83
1652716125.345635, sdrt-health/mac:02010b41cdec/antenna/tag/e2806894000050038662154f, 88
1652716125.415386, sdrt-health/mac:02010b41cdec/antenna/tag/e28068940000400386621d4f, 96
1652716125.41623, sdrt-health/mac:02010b41cdec/antenna/tag/e2806894000050038661fd4f, 83
1652716125.448266, sdrt-health/mac:02010b41cdec/antenna/tag/e2806894000050038661fd4f, 83
1652716125.517057, sdrt-health/mac:02010b41cdec/antenna/tag/e2806894000050038662194f, 93
1652716125.575361, sdrt-health/mac:02010b41cdec/antenna/tag/e2806894000040038662054f, 94
1652716125.639464, sdrt-health/mac:02010b41cdec/antenna/tag/e2806894000040038661f94f, 82
1652716125.640772, sdrt-health/mac:02010b41cdec/antenna/tag/e2806894000050038661fd4f, 83
1652716125.655692, sdrt-health/mac:02010b41cdec/antenna/tag/e2806894000050038662154f, 93
1652716125.704659, sdrt-health/mac:02010b41cdec/antenna/tag/e2806894000050038662194f, 88
1652716125.771498, sdrt-health/mac:02010b41cdec/antenna/tag/e2806894000050038662154f, 88
1652716125.771954, sdrt-health/mac:02010b41cdec/antenna/tag/e28068940000400386621d4f, 96
1652716125.786342, sdrt-health/mac:02010b41cdec/antenna/tag/e2806894000050038662154f, 81
1652716125.786731, sdrt-health/mac:02010b41cdec/antenna/tag/e2806894000040038662114f, 88
1652716125.787068, sdrt-health/mac:02010b41cdec/antenna/tag/e2806894000050038662154f, 88
1652716125.832053, sdrt-health/mac:02010b41cdec/antenna/tag/e2806894000050038662154f, 88
1652716125.909994, sdrt-health/mac:02010b41cdec/antenna/tag/e2806894000050038662154f, 88
1652716125.910527, sdrt-health/mac:02010b41cdec/antenna/tag/e2806894000050038662154f, 85
1652716125.910865, sdrt-health/mac:02010b41cdec/antenna/tag/e2806894000040038662214f, 103
1652716125.911185, sdrt-health/mac:02010b41cdec/antenna/tag/e2806894000050038662194f, 94
1652716125.911715, sdrt-health/mac:02010b41cdec/antenna/tag/e2806894000050038662194f, 93
1652716125.939671, sdrt-health/mac:02010b41cdec/antenna/tag/e2806894000040038662114f, 97
1652716126.007726, sdrt-health/mac:02010b41cdec/antenna/tag/e2806894000050038662194f, 84
1652716126.00824, sdrt-health/mac:02010b41cdec/antenna/tag/e28068940000400386621d4f, 96
1652716126.049383, sdrt-health/mac:02010b41cdec/antenna/tag/e2806894000050038661fd4f, 83
1652716126.106036, sdrt-health/mac:02010b41cdec/antenna/tag/e28068940000400386621d4f, 77
1652716126.134362, sdrt-health/mac:02010b41cdec/antenna/tag/e2806894000050038662154f, 93
1652716126.134684, sdrt-health/mac:02010b41cdec/antenna/tag/e2806894000040038662114f, 88
1652716126.150545, sdrt-health/mac:02010b41cdec/antenna/tag/e2806894000050038662154f, 85
1652716126.179741, sdrt-health/mac:02010b41cdec/antenna/tag/e2806894000050038662154f, 85
1652716126.180138, sdrt-health/mac:02010b41cdec/antenna/tag/e28068940000400386621d4f, 77
1652716126.194101, sdrt-health/mac:02010b41cdec/antenna/tag/e28068940000400386621d4f, 96
1652716126.194316, sdrt-health/mac:02010b41cdec/antenna/tag/e2806894000050038662154f, 88
1652716126.246084, sdrt-health/mac:02010b41cdec/antenna/tag/e2806894000050038662194f, 83
1652716126.33015, sdrt-health/mac:02010b41cdec/antenna/tag/e28068940000400386621d4f, 96
1652716126.397623, sdrt-health/mac:02010b41cdec/antenna/tag/e28068940000400386621d4f, 96
1652716126.426735, sdrt-health/mac:02010b41cdec/antenna/tag/e2806894000050038662194f, 87
1652716126.427048, sdrt-health/mac:02010b41cdec/antenna/tag/e2806894000050038661fd4f, 83
1652716126.427219, sdrt-health/mac:02010b41cdec/antenna/tag/e28068940000400386621d4f, 96
1652716126.43953, sdrt-health/mac:02010b41cdec/antenna/tag/e2806894000050038662154f, 85
1652716126.487462, sdrt-health/mac:02010b41cdec/antenna/tag/e2806894000050038662154f, 85
1652716126.563192, sdrt-health/mac:02010b41cdec/antenna/tag/e2806894000050038662194f, 83
1652716126.563695, sdrt-health/mac:02010b41cdec/antenna/tag/e2806894000050038662154f, 88
1652716126.579193, sdrt-health/mac:02010b41cdec/antenna/tag/e2806894000050038661fd4f, 83
1652716126.613163, sdrt-health/mac:02010b41cdec/antenna/tag/e2806894000050038661fd4f, 86
1652716126.660312, sdrt-health/mac:02010b41cdec/antenna/tag/e2806894000040038662114f, 91
1652716126.69218, sdrt-health/mac:02010b41cdec/antenna/tag/e2806894000050038661fd4f, 86
1652716126.692566, sdrt-health/mac:02010b41cdec/antenna/tag/e2806894000050038662154f, 91
1652716126.714924, sdrt-health/mac:02010b41cdec/antenna/tag/e2806894000040038662114f, 97
1652716126.761662, sdrt-health/mac:02010b41cdec/antenna/tag/e2806894000040038662114f, 97
1652716126.793019, sdrt-health/mac:02010b41cdec/antenna/tag/e2806894000050038662194f, 87
1652716126.793372, sdrt-health/mac:02010b41cdec/antenna/tag/e2806894000050038662194f, 81
1652716126.822793, sdrt-health/mac:02010b41cdec/antenna/tag/e28068940000400386621d4f, 90
1652716126.897284, sdrt-health/mac:02010b41cdec/antenna/tag/e2806894000050038661fd4f, 97
1652716126.966294, sdrt-health/mac:02010b41cdec/antenna/tag/e2806894000040038662114f, 88
1652716127.052414, sdrt-health/mac:02010b41cdec/antenna/tag/e2806894000050038661fd4f, 83
1652716127.084753, sdrt-health/mac:02010b41cdec/antenna/tag/e2806894000050038662194f, 83
1652716127.085106, sdrt-health/mac:02010b41cdec/antenna/tag/e28068940000400386621d4f, 96
1652716127.085349, sdrt-health/mac:02010b41cdec/antenna/tag/e2806894000050038661fd4f, 97
1652716127.085568, sdrt-health/mac:02010b41cdec/antenna/tag/e2806894000040038662114f, 91
1652716127.0858, sdrt-health/mac:02010b41cdec/antenna/tag/e2806894000050038662154f, 88
1652716127.086017, sdrt-health/mac:02010b41cdec/antenna/tag/e2806894000050038662194f, 87
1652716127.137988, sdrt-health/mac:02010b41cdec/antenna/tag/e28068940000400386621d4f, 96
1652716127.166251, sdrt-health/mac:02010b41cdec/antenna/tag/e2806894000050038662194f, 93
1652716127.166531, sdrt-health/mac:02010b41cdec/antenna/tag/e2806894000040038662114f, 88
1652716127.166699, sdrt-health/mac:02010b41cdec/antenna/tag/e28068940000400386621d4f, 96
1652716127.218393, sdrt-health/mac:02010b41cdec/antenna/tag/e2806894000040038662114f, 91
1652716127.248885, sdrt-health/mac:02010b41cdec/antenna/tag/e2806894000050038662194f, 93
1652716127.250419, sdrt-health/mac:02010b41cdec/antenna/tag/e2806894000040038662114f, 88
1652716127.250704, sdrt-health/mac:02010b41cdec/antenna/tag/e2806894000040038662114f, 88
1652716127.250934, sdrt-health/mac:02010b41cdec/antenna/tag/e28068940000400386621d4f, 96
1652716127.275324, sdrt-health/mac:02010b41cdec/antenna/tag/e28068940000400386621d4f, 96
1652716127.361679, sdrt-health/mac:02010b41cdec/antenna/tag/e2806894000050038662154f, 91
1652716127.362244, sdrt-health/mac:02010b41cdec/antenna/tag/e2806894000050038661fd4f, 86
1652716127.37588, sdrt-health/mac:02010b41cdec/antenna/tag/e2806894000040038662114f, 85
1652716127.376447, sdrt-health/mac:02010b41cdec/antenna/tag/e2806894000050038662154f, 91
1652716127.387049, sdrt-health/mac:02010b41cdec/antenna/tag/e2806894000050038662154f, 88
1652716127.393106, sdrt-health/mac:02010b41cdec/antenna/tag/e2806894000050038661fd4f, 83
1652716127.427797, sdrt-health/mac:02010b41cdec/antenna/tag/e2806894000040038662114f, 91
1652716127.494003, sdrt-health/mac:02010b41cdec/antenna/tag/e28068940000400386621d4f, 77
1652716127.494458, sdrt-health/mac:02010b41cdec/antenna/tag/e2806894000040038662114f, 88
1652716127.525781, sdrt-health/mac:02010b41cdec/antenna/tag/e28068940000400386621d4f, 96
1652716127.592825, sdrt-health/mac:02010b41cdec/antenna/tag/e2806894000050038662154f, 88
1652716127.653064, sdrt-health/mac:02010b41cdec/antenna/tag/e2806894000050038661fd4f, 86
1652716127.65363, sdrt-health/mac:02010b41cdec/antenna/tag/e28068940000400386621d4f, 96
1652716127.695483, sdrt-health/mac:02010b41cdec/antenna/tag/e2806894000050038662154f, 88
1652716127.780855, sdrt-health/mac:02010b41cdec/antenna/tag/e2806894000040038662114f, 97
1652716127.781364, sdrt-health/mac:02010b41cdec/antenna/tag/e28068940000400386621d4f, 90
1652716127.818224, sdrt-health/mac:02010b41cdec/antenna/tag/e28068940000400386621d4f, 96
1652716127.858986, sdrt-health/mac:02010b41cdec/antenna/tag/e28068940000400386621d4f, 96
1652716127.888544, sdrt-health/mac:02010b41cdec/antenna/tag/e2806894000050038661fd4f, 83
1652716127.889002, sdrt-health/mac:02010b41cdec/antenna/tag/e28068940000400386621d4f, 96
1652716127.903034, sdrt-health/mac:02010b41cdec/antenna/tag/e2806894000050038661fd4f, 83
1652716127.90328, sdrt-health/mac:02010b41cdec/antenna/tag/e2806894000050038662154f, 91
1652716127.903466, sdrt-health/mac:02010b41cdec/antenna/tag/e2806894000040038662114f, 91
1652716127.946463, sdrt-health/mac:02010b41cdec/antenna/tag/e2806894000050038661fd4f, 86
1652716127.996542, sdrt-health/mac:02010b41cdec/antenna/tag/e2806894000050038662154f, 91
1652716128.048073, sdrt-health/mac:02010b41cdec/antenna/tag/e2806894000040038662114f, 88
1652716128.086649, sdrt-health/mac:02010b41cdec/antenna/tag/e28068940000400386621d4f, 77
1652716128.086936, sdrt-health/mac:02010b41cdec/antenna/tag/e2806894000050038661fd4f, 83
1652716128.103567, sdrt-health/mac:02010b41cdec/antenna/tag/e2806894000050038662154f, 85
1652716128.198495, sdrt-health/mac:02010b41cdec/antenna/tag/e2806894000050038662194f, 81
1652716128.262481, sdrt-health/mac:02010b41cdec/antenna/tag/e28068940000400386621d4f, 96
1652716128.33401, sdrt-health/mac:02010b41cdec/antenna/tag/e2806894000050038662154f, 97
1652716128.334483, sdrt-health/mac:02010b41cdec/antenna/tag/e2806894000050038662154f, 85
1652716128.334797, sdrt-health/mac:02010b41cdec/antenna/tag/e28068940000400386621d4f, 96
1652716128.335092, sdrt-health/mac:02010b41cdec/antenna/tag/e2806894000050038661fd4f, 83
1652716128.335437, sdrt-health/mac:02010b41cdec/antenna/tag/e2806894000050038662194f, 87
1652716128.380782, sdrt-health/mac:02010b41cdec/antenna/tag/e2806894000040038662114f, 91
1652716128.469354, sdrt-health/mac:02010b41cdec/antenna/tag/e2806894000050038661fd4f, 83
1652716128.469815, sdrt-health/mac:02010b41cdec/antenna/tag/e28068940000400386621d4f, 96
1652716128.47016, sdrt-health/mac:02010b41cdec/antenna/tag/e28068940000400386621d4f, 96
1652716128.484564, sdrt-health/mac:02010b41cdec/antenna/tag/e28068940000400386621d4f, 96
1652716128.507831, sdrt-health/mac:02010b41cdec/antenna/tag/e2806894000050038662154f, 91
1652716128.573398, sdrt-health/mac:02010b41cdec/antenna/tag/e28068940000400386621d4f, 96
1652716128.57384, sdrt-health/mac:02010b41cdec/antenna/tag/e2806894000050038661fd4f, 90
1652716128.588184, sdrt-health/mac:02010b41cdec/antenna/tag/e2806894000040038662114f, 88
1652716128.605096, sdrt-health/mac:02010b41cdec/antenna/tag/e2806894000040038662114f, 88
1652716128.65716, sdrt-health/mac:02010b41cdec/antenna/tag/e2806894000050038662154f, 91
1652716128.698439, sdrt-health/mac:02010b41cdec/antenna/tag/e28068940000400386621d4f, 96
1652716128.761456, sdrt-health/mac:02010b41cdec/antenna/tag/e2806894000040038662114f, 91
1652716128.871815, sdrt-health/mac:02010b41cdec/antenna/tag/e2806894000050038661fd4f, 86
1652716128.872272, sdrt-health/mac:02010b41cdec/antenna/tag/e2806894000050038661fd4f, 86
1652716128.886507, sdrt-health/mac:02010b41cdec/antenna/tag/e2806894000050038662154f, 88
1652716128.938987, sdrt-health/mac:02010b41cdec/antenna/tag/e2806894000040038662114f, 88
1652716128.939326, sdrt-health/mac:02010b41cdec/antenna/tag/e2806894000040038662114f, 91
1652716128.953052, sdrt-health/mac:02010b41cdec/antenna/tag/e28068940000400386621d4f, 96
1652716128.953291, sdrt-health/mac:02010b41cdec/antenna/tag/e2806894000050038661fd4f, 86
1652716128.987173, sdrt-health/mac:02010b41cdec/antenna/tag/e28068940000400386621d4f, 77
1652716129.017002, sdrt-health/mac:02010b41cdec/antenna/tag/e2806894000050038661fd4f, 83
1652716129.017338, sdrt-health/mac:02010b41cdec/antenna/tag/e2806894000040038661f94f, 84
1652716129.017572, sdrt-health/mac:02010b41cdec/antenna/tag/e2806894000050038662154f, 85
1652716129.017795, sdrt-health/mac:02010b41cdec/antenna/tag/e2806894000050038661fd4f, 83
1652716129.029992, sdrt-health/mac:02010b41cdec/antenna/tag/e2806894000050038662154f, 88
1652716129.067519, sdrt-health/mac:02010b41cdec/antenna/tag/e2806894000040038662114f, 88
1652716129.121715, sdrt-health/mac:02010b41cdec/antenna/tag/e28068940000400386621d4f, 96
1652716129.12224, sdrt-health/mac:02010b41cdec/antenna/tag/e28068940000400386621d4f, 96
1652716129.145839, sdrt-health/mac:02010b41cdec/antenna/tag/e28068940000400386621d4f, 90
1652716129.187588, sdrt-health/mac:02010b41cdec/antenna/tag/e2806894000050038662194f, 83
1652716129.245425, sdrt-health/mac:02010b41cdec/antenna/tag/e28068940000400386621d4f, 96
1652716129.245887, sdrt-health/mac:02010b41cdec/antenna/tag/e2806894000050038662154f, 91
1652716129.259952, sdrt-health/mac:02010b41cdec/antenna/tag/e28068940000400386621d4f, 90
1652716129.2674, sdrt-health/mac:02010b41cdec/antenna/tag/e2806894000050038662154f, 88
1652716129.274409, sdrt-health/mac:02010b41cdec/antenna/tag/e2806894000050038662194f, 83
1652716129.34524, sdrt-health/mac:02010b41cdec/antenna/tag/e2806894000050038661fd4f, 86
1652716129.408527, sdrt-health/mac:02010b41cdec/antenna/tag/e28068940000400386621d4f, 96
1652716129.440067, sdrt-health/mac:02010b41cdec/antenna/tag/e2806894000040038662114f, 91
1652716129.440504, sdrt-health/mac:02010b41cdec/antenna/tag/e2806894000050038662194f, 83
1652716129.456625, sdrt-health/mac:02010b41cdec/antenna/tag/e28068940000500386620d4f, 88
1652716129.485916, sdrt-health/mac:02010b41cdec/antenna/tag/e2806894000040038662214f, 81
1652716129.48613, sdrt-health/mac:02010b41cdec/antenna/tag/e2806894000050038661fd4f, 83
1652716129.49851, sdrt-health/mac:02010b41cdec/antenna/tag/e2806894000050038662154f, 85
1652716129.546247, sdrt-health/mac:02010b41cdec/antenna/tag/e2806894000040038662114f, 88
1652716129.587695, sdrt-health/mac:02010b41cdec/antenna/tag/e2806894000050038662194f, 83
1652716129.642551, sdrt-health/mac:02010b41cdec/antenna/tag/e28068940000400386621d4f, 96
1652716129.643007, sdrt-health/mac:02010b41cdec/antenna/tag/e2806894000050038662194f, 83
1652716129.657189, sdrt-health/mac:02010b41cdec/antenna/tag/e28068940000400386621d4f, 96
1652716129.736019, sdrt-health/mac:02010b41cdec/antenna/tag/e2806894000050038662154f, 97
1652716129.736612, sdrt-health/mac:02010b41cdec/antenna/tag/e2806894000050038662194f, 83
1652716129.768293, sdrt-health/mac:02010b41cdec/antenna/tag/e2806894000050038662154f, 91
1652716130.002899, sdrt-health/mac:02010b41cdec/antenna/tag/e2806894000050038662154f, 91
1652716130.028587, sdrt-health/mac:02010b41cdec/antenna/tag/e2806894000050038661fd4f, 86
1652716130.090229, sdrt-health/mac:02010b41cdec/antenna/tag/e2806894000040038661f94f, 82
1652716130.09076, sdrt-health/mac:02010b41cdec/antenna/tag/e2806894000040038662214f, 88
1652716130.10501, sdrt-health/mac:02010b41cdec/antenna/tag/e28068940000400386621d4f, 96
1652716130.105311, sdrt-health/mac:02010b41cdec/antenna/tag/e2806894000040038661f94f, 82
1652716130.105514, sdrt-health/mac:02010b41cdec/antenna/tag/e2806894000050038662194f, 81
1652716130.10572, sdrt-health/mac:02010b41cdec/antenna/tag/e2806894000050038662194f, 87
1652716130.105907, sdrt-health/mac:02010b41cdec/antenna/tag/e28068940000400386621d4f, 96
1652716130.106095, sdrt-health/mac:02010b41cdec/antenna/tag/e2806894000050038662154f, 91
1652716130.106277, sdrt-health/mac:02010b41cdec/antenna/tag/e28068940000400386621d4f, 96
1652716130.106465, sdrt-health/mac:02010b41cdec/antenna/tag/e2806894000040038662114f, 88
1652716130.121048, sdrt-health/mac:02010b41cdec/antenna/tag/e2806894000050038661fd4f, 90
1652716130.200197, sdrt-health/mac:02010b41cdec/antenna/tag/e2806894000050038662194f, 81
1652716130.200708, sdrt-health/mac:02010b41cdec/antenna/tag/e2806894000040038662114f, 88
1652716130.216213, sdrt-health/mac:02010b41cdec/antenna/tag/e2806894000040038662114f, 91
1652716130.233632, sdrt-health/mac:02010b41cdec/antenna/tag/e28068940000400386621d4f, 96
1652716130.309541, sdrt-health/mac:02010b41cdec/antenna/tag/e2806894000050038662154f, 91
1652716130.31005, sdrt-health/mac:02010b41cdec/antenna/tag/e2806894000050038662194f, 81
1652716130.324679, sdrt-health/mac:02010b41cdec/antenna/tag/e2806894000050038661fd4f, 86
1652716130.336214, sdrt-health/mac:02010b41cdec/antenna/tag/e28068940000400386621d4f, 96
1652716130.387141, sdrt-health/mac:02010b41cdec/antenna/tag/e28068940000400386621d4f, 77
1652716130.444144, sdrt-health/mac:02010b41cdec/antenna/tag/e2806894000050038661fd4f, 83
1652716130.444662, sdrt-health/mac:02010b41cdec/antenna/tag/e28068940000400386621d4f, 96
1652716130.477724, sdrt-health/mac:02010b41cdec/antenna/tag/e28068940000400386621d4f, 96
1652716130.613977, sdrt-health/mac:02010b41cdec/antenna/tag/e2806894000050038662154f, 88
1652716130.614441, sdrt-health/mac:02010b41cdec/antenna/tag/e2806894000050038662154f, 91
1652716130.647782, sdrt-health/mac:02010b41cdec/antenna/tag/e2806894000050038662154f, 88
1652716130.677374, sdrt-health/mac:02010b41cdec/antenna/tag/e28068940000400386621d4f, 90
1652716130.67761, sdrt-health/mac:02010b41cdec/antenna/tag/e2806894000050038662194f, 81
1652716130.69715, sdrt-health/mac:02010b41cdec/antenna/tag/e28068940000400386621d4f, 90
1652716130.725573, sdrt-health/mac:02010b41cdec/antenna/tag/e2806894000050038661fd4f, 86
1652716130.725775, sdrt-health/mac:02010b41cdec/antenna/tag/e28068940000400386621d4f, 96
1652716130.746095, sdrt-health/mac:02010b41cdec/antenna/tag/e2806894000040038662114f, 88
1652716130.787187, sdrt-health/mac:02010b41cdec/antenna/state, connected
1652716130.787578, sdrt-health/mac:02010b41cdec/fw, {"version":"1.8.1","model":"200","hash":"2f556501b58f1dad542af428d7928d18","timestamp":1652716127}
1652716130.801862, sdrt-health/mac:02010b41cdec/antenna/tag/e2806894000050038662154f, 85
1652716130.827348, sdrt-health/mac:02010b41cdec/antenna/tag/e2806894000050038662154f, 85
1652716130.874428, sdrt-health/mac:02010b41cdec/antenna/tag/e2806894000050038662194f, 81
1652716130.921805, sdrt-health/mac:02010b41cdec/antenna/tag/e2806894000050038662154f, 85
1652716130.968545, sdrt-health/mac:02010b41cdec/antenna/tag/e2806894000050038662154f, 85
1652716131.206542, sdrt-health/mac:02010b41cdec/antenna/tag/e2806894000050038662194f, 83
1652716131.219226, sdrt-health/mac:02010b41cdec/antenna/tag/e2806894000050038662194f, 88
1652716131.2962, sdrt-health/mac:02010b41cdec/antenna/tag/e2806894000050038661fd4f, 86
1652716131.296458, sdrt-health/mac:02010b41cdec/antenna/tag/e2806894000050038661fd4f, 86
1652716131.312109, sdrt-health/mac:02010b41cdec/antenna/tag/e2806894000040038662114f, 91
1652716131.312383, sdrt-health/mac:02010b41cdec/antenna/tag/e2806894000050038661fd4f, 90
1652716131.312637, sdrt-health/mac:02010b41cdec/antenna/tag/e2806894000050038661fd4f, 86
1652716131.312892, sdrt-health/mac:02010b41cdec/antenna/tag/e28068940000400386621d4f, 96
1652716131.313142, sdrt-health/mac:02010b41cdec/antenna/tag/e2806894000040038662114f, 88
1652716131.313357, sdrt-health/mac:02010b41cdec/antenna/version, 
1652716131.3136, sdrt-health/mac:02010b41cdec/antenna/tag/e28068940000400386621d4f, 96
1652716131.313817, sdrt-health/mac:02010b41cdec/antenna/tag/e28068940000400386621d4f, 96
1652716131.351854, sdrt-health/mac:02010b41cdec/antenna/tag/e2806894000050038661fd4f, 86
1652716131.380563, sdrt-health/mac:02010b41cdec/antenna/tag/e2806894000040038662114f, 91
1652716131.380916, sdrt-health/mac:02010b41cdec/antenna/tag/e28068940000400386621d4f, 96
1652716131.40571, sdrt-health/mac:02010b41cdec/antenna/tag/e2806894000050038662194f, 93
1652716131.484603, sdrt-health/mac:02010b41cdec/antenna/tag/e2806894000050038662194f, 83
1652716131.72257, sdrt-health/mac:02010b41cdec/antenna/tag/e2806894000050038662194f, 87
1652716131.787863, sdrt-health/mac:02010b41cdec/antenna/tag/e28068940000400386621d4f, 96
1652716131.815017, sdrt-health/mac:02010b41cdec/antenna/tag/e2806894000050038662154f, 88
1652716131.815483, sdrt-health/mac:02010b41cdec/antenna/tag/e2806894000040038662114f, 91
1652716131.815895, sdrt-health/mac:02010b41cdec/antenna/tag/e2806894000040038662114f, 88
1652716131.816368, sdrt-health/mac:02010b41cdec/antenna/tag/e28068940000400386621d4f, 96
1652716131.816626, sdrt-health/mac:02010b41cdec/antenna/tag/e2806894000050038662154f, 88
1652716131.915115, sdrt-health/mac:02010b41cdec/antenna/tag/e2806894000050038662154f, 88
1652716131.915618, sdrt-health/mac:02010b41cdec/antenna/tag/e28068940000400386621d4f, 96
1652716131.93391, sdrt-health/mac:02010b41cdec/antenna/tag/e2806894000040038662114f, 88
1652716131.934248, sdrt-health/mac:02010b41cdec/antenna/tag/e2806894000040038662114f, 91
1652716131.961838, sdrt-health/mac:02010b41cdec/antenna/tag/e2806894000050038662194f, 83
1652716131.996244, sdrt-health/mac:02010b41cdec/antenna/tag/e2806894000050038662194f, 83
1652716131.996744, sdrt-health/mac:02010b41cdec/antenna/tag/e2806894000050038662154f, 91
1652716131.997158, sdrt-health/mac:02010b41cdec/antenna/tag/e2806894000040038662114f, 91
1652716132.013797, sdrt-health/mac:02010b41cdec/antenna/tag/e2806894000050038662194f, 88
1652716132.077332, sdrt-health/mac:02010b41cdec/antenna/tag/e2806894000050038662194f, 84
1652716132.109972, sdrt-health/mac:02010b41cdec/antenna/tag/e2806894000040038662114f, 88
1652716132.110599, sdrt-health/mac:02010b41cdec/antenna/tag/e28068940000400386621d4f, 96
1652716132.110996, sdrt-health/mac:02010b41cdec/antenna/tag/e2806894000040038662114f, 85
1652716132.124163, sdrt-health/mac:02010b41cdec/antenna/tag/e2806894000050038662194f, 81
1652716132.166999, sdrt-health/mac:02010b41cdec/antenna/tag/e28068940000400386621d4f, 96
1652716132.246812, sdrt-health/mac:02010b41cdec/antenna/tag/e2806894000040038662114f, 91
1652716132.247351, sdrt-health/mac:02010b41cdec/antenna/tag/e2806894000050038662194f, 83
1652716132.261791, sdrt-health/mac:02010b41cdec/antenna/tag/e2806894000040038662114f, 88
1652716132.262141, sdrt-health/mac:02010b41cdec/antenna/tag/e2806894000050038662194f, 83
1652716132.262382, sdrt-health/mac:02010b41cdec/antenna/tag/e2806894000050038662154f, 85
1652716132.304777, sdrt-health/mac:02010b41cdec/antenna/tag/e2806894000040038662214f, 94
1652716132.361227, sdrt-health/mac:02010b41cdec/antenna/tag/e2806894000040038662114f, 88
1652716132.427716, sdrt-health/mac:02010b41cdec/antenna/tag/e2806894000050038662154f, 85
1652716132.428229, sdrt-health/mac:02010b41cdec/antenna/tag/e2806894000050038662194f, 83
1652716132.491127, sdrt-health/mac:02010b41cdec/antenna/tag/e2806894000050038662194f, 87
1652716132.520215, sdrt-health/mac:02010b41cdec/antenna/tag/e2806894000050038661fd4f, 83
1652716132.52132, sdrt-health/mac:02010b41cdec/antenna/tag/e28068940000400386621d4f, 77
1652716132.521529, sdrt-health/mac:02010b41cdec/antenna/tag/e2806894000050038662194f, 85
1652716132.52167, sdrt-health/mac:02010b41cdec/antenna/tag/e2806894000040038662114f, 91
1652716132.521775, sdrt-health/mac:02010b41cdec/antenna/tag/e2806894000050038662154f, 88
1652716132.546592, sdrt-health/mac:02010b41cdec/antenna/tag/e28068940000400386621d4f, 96
1652716132.603367, sdrt-health/mac:02010b41cdec/antenna/tag/e2806894000050038662194f, 83
1652716132.668248, sdrt-health/mac:02010b41cdec/antenna/tag/e28068940000400386621d4f, 77
1652716132.668805, sdrt-health/mac:02010b41cdec/antenna/tag/e2806894000050038662194f, 81
1652716132.683083, sdrt-health/mac:02010b41cdec/antenna/tag/e2806894000050038661fd4f, 83
1652716132.706212, sdrt-health/mac:02010b41cdec/antenna/tag/e2806894000050038662154f, 91
1652716132.759444, sdrt-health/mac:02010b41cdec/antenna/tag/e2806894000050038662154f, 91
1652716132.861645, sdrt-health/mac:02010b41cdec/antenna/tag/e28068940000400386621d4f, 96
1652716132.862129, sdrt-health/mac:02010b41cdec/antenna/tag/e28068940000400386621d4f, 90
1652716132.87763, sdrt-health/mac:02010b41cdec/antenna/tag/e28068940000400386621d4f, 96
1652716132.877989, sdrt-health/mac:02010b41cdec/antenna/tag/e2806894000050038662194f, 93
1652716132.964791, sdrt-health/mac:02010b41cdec/antenna/tag/e28068940000400386621d4f, 96
1652716132.995883, sdrt-health/mac:02010b41cdec/antenna/tag/e2806894000050038662154f, 88
1652716132.996411, sdrt-health/mac:02010b41cdec/antenna/tag/e2806894000040038662114f, 97
1652716132.996846, sdrt-health/mac:02010b41cdec/antenna/tag/e2806894000050038662194f, 87
1652716133.04365, sdrt-health/mac:02010b41cdec/antenna/tag/e2806894000050038661fd4f, 86
1652716133.073189, sdrt-health/mac:02010b41cdec/antenna/tag/e2806894000050038661fd4f, 83
1652716133.073462, sdrt-health/mac:02010b41cdec/antenna/tag/e2806894000050038662194f, 83
1652716133.073647, sdrt-health/mac:02010b41cdec/antenna/tag/e2806894000050038662154f, 85
1652716133.07385, sdrt-health/mac:02010b41cdec/antenna/tag/e2806894000050038662194f, 83
1652716133.112971, sdrt-health/mac:02010b41cdec/antenna/tag/e2806894000050038661fd4f, 90
1652716133.168381, sdrt-health/mac:02010b41cdec/antenna/tag/e2806894000040038662114f, 91
1652716133.229993, sdrt-health/mac:02010b41cdec/antenna/tag/e2806894000050038662194f, 94
1652716133.230513, sdrt-health/mac:02010b41cdec/antenna/tag/e28068940000400386621d4f, 90
1652716133.266141, sdrt-health/mac:02010b41cdec/antenna/tag/e2806894000040038662114f, 91
1652716133.266647, sdrt-health/mac:02010b41cdec/antenna/tag/e2806894000050038662154f, 88
1652716133.335528, sdrt-health/mac:02010b41cdec/antenna/tag/e2806894000050038662194f, 87
1652716133.41055, sdrt-health/mac:02010b41cdec/antenna/tag/e2806894000050038662154f, 85
1652716133.503458, sdrt-health/mac:02010b41cdec/antenna/tag/e2806894000050038662194f, 87
1652716133.537166, sdrt-health/mac:02010b41cdec/antenna/tag/e2806894000050038662194f, 81
1652716133.53765, sdrt-health/mac:02010b41cdec/antenna/tag/e2806894000050038662194f, 93
1652716133.588678, sdrt-health/mac:02010b41cdec/antenna/tag/e2806894000050038661fd4f, 97
1652716133.617605, sdrt-health/mac:02010b41cdec/antenna/tag/e28068940000400386621d4f, 96
1652716133.617893, sdrt-health/mac:02010b41cdec/antenna/tag/e2806894000050038662154f, 85
1652716133.61805, sdrt-health/mac:02010b41cdec/antenna/tag/e2806894000050038661fd4f, 83
1652716133.618207, sdrt-health/mac:02010b41cdec/antenna/tag/e2806894000050038662154f, 85
1652716133.639781, sdrt-health/mac:02010b41cdec/antenna/tag/e2806894000050038662154f, 85
1652716133.668082, sdrt-health/mac:02010b41cdec/antenna/tag/e2806894000050038662194f, 87
1652716133.668315, sdrt-health/mac:02010b41cdec/antenna/tag/e28068940000400386621d4f, 77
1652716133.685632, sdrt-health/mac:02010b41cdec/antenna/tag/e2806894000040038662114f, 88
1652716133.764883, sdrt-health/mac:02010b41cdec/antenna/tag/e28068940000400386621d4f, 77
1652716133.844594, sdrt-health/mac:02010b41cdec/antenna/tag/e2806894000050038661fd4f, 86
1652716133.845102, sdrt-health/mac:02010b41cdec/antenna/tag/e28068940000400386621d4f, 90
1652716133.858778, sdrt-health/mac:02010b41cdec/antenna/tag/e2806894000050038661fd4f, 86
1652716133.887765, sdrt-health/mac:02010b41cdec/antenna/tag/e2806894000050038662154f, 91
1652716133.888033, sdrt-health/mac:02010b41cdec/antenna/tag/e2806894000050038662194f, 83
1652716133.888248, sdrt-health/mac:02010b41cdec/antenna/tag/e2806894000050038662154f, 88
1652716133.888476, sdrt-health/mac:02010b41cdec/antenna/tag/e2806894000050038662154f, 88
1652716133.941326, sdrt-health/mac:02010b41cdec/antenna/tag/e2806894000050038661fd4f, 97
1652716133.972084, sdrt-health/mac:02010b41cdec/antenna/tag/e2806894000040038662114f, 91
1652716133.972491, sdrt-health/mac:02010b41cdec/antenna/tag/e28068940000400386621d4f, 96
1652716134.01654, sdrt-health/mac:02010b41cdec/antenna/tag/e2806894000050038661fd4f, 83
1652716134.074852, sdrt-health/mac:02010b41cdec/antenna/tag/e2806894000050038662154f, 91
1652716134.07536, sdrt-health/mac:02010b41cdec/antenna/tag/e28068940000400386621d4f, 96
1652716134.089191, sdrt-health/mac:02010b41cdec/antenna/tag/e2806894000040038662114f, 88
1652716134.089556, sdrt-health/mac:02010b41cdec/antenna/tag/e2806894000050038662154f, 88
1652716134.089839, sdrt-health/mac:02010b41cdec/antenna/tag/e2806894000040038662114f, 91
1652716134.119792, sdrt-health/mac:02010b41cdec/antenna/tag/e2806894000040038662114f, 97
1652716134.201155, sdrt-health/mac:02010b41cdec/antenna/tag/e2806894000050038662194f, 81
1652716134.25689, sdrt-health/mac:02010b41cdec/antenna/tag/e2806894000050038662154f, 91
1652716134.301032, sdrt-health/mac:02010b41cdec/antenna/tag/e2806894000050038661fd4f, 83
1652716134.367066, sdrt-health/mac:02010b41cdec/antenna/tag/e2806894000050038662194f, 85
1652716134.367546, sdrt-health/mac:02010b41cdec/antenna/tag/e2806894000050038661fd4f, 83
1652716134.535725, sdrt-health/mac:02010b41cdec/antenna/tag/e2806894000050038661fd4f, 86
1652716134.565701, sdrt-health/mac:02010b41cdec/antenna/tag/e2806894000050038662154f, 88
1652716134.566238, sdrt-health/mac:02010b41cdec/antenna/tag/e28068940000400386621d4f, 96
1652716134.634809, sdrt-health/mac:02010b41cdec/antenna/tag/e2806894000050038662154f, 88
1652716134.666505, sdrt-health/mac:02010b41cdec/antenna/tag/e28068940000400386621d4f, 96
1652716134.666937, sdrt-health/mac:02010b41cdec/antenna/tag/e2806894000050038662154f, 88
1652716134.6672, sdrt-health/mac:02010b41cdec/antenna/tag/e2806894000050038662154f, 85
1652716134.667449, sdrt-health/mac:02010b41cdec/antenna/tag/e28068940000400386621d4f, 96
1652716134.667694, sdrt-health/mac:02010b41cdec/antenna/tag/e28068940000400386621d4f, 77
1652716134.667899, sdrt-health/mac:02010b41cdec/antenna/tag/e2806894000050038661fd4f, 83
1652716134.668065, sdrt-health/mac:02010b41cdec/antenna/tag/e2806894000050038662194f, 81
1652716134.683277, sdrt-health/mac:02010b41cdec/antenna/tag/e28068940000400386621d4f, 96
1652716134.711482, sdrt-health/mac:02010b41cdec/antenna/tag/e2806894000050038662154f, 97
1652716134.711856, sdrt-health/mac:02010b41cdec/antenna/tag/e2806894000050038661fd4f, 86
1652716134.712131, sdrt-health/mac:02010b41cdec/antenna/tag/e2806894000050038662154f, 91
1652716134.761128, sdrt-health/mac:02010b41cdec/antenna/tag/e2806894000040038662114f, 85
1652716134.841205, sdrt-health/mac:02010b41cdec/antenna/tag/e2806894000040038662114f, 88
1652716134.841787, sdrt-health/mac:02010b41cdec/antenna/tag/e2806894000040038662114f, 91
1652716134.855182, sdrt-health/mac:02010b41cdec/antenna/tag/e2806894000050038661fd4f, 86
1652716134.855665, sdrt-health/mac:02010b41cdec/antenna/tag/e2806894000050038662154f, 91
1652716134.855991, sdrt-health/mac:02010b41cdec/antenna/tag/e2806894000040038662114f, 88
1652716134.884189, sdrt-health/mac:02010b41cdec/antenna/tag/e2806894000050038662154f, 91
1652716134.968235, sdrt-health/mac:02010b41cdec/antenna/tag/e2806894000050038661fd4f, 83
1652716134.968762, sdrt-health/mac:02010b41cdec/antenna/tag/e28068940000400386621d4f, 96
1652716134.987347, sdrt-health/mac:02010b41cdec/antenna/tag/e2806894000050038661fd4f, 86
1652716134.988632, sdrt-health/mac:02010b41cdec/antenna/tag/e2806894000050038662154f, 88
1652716135.001277, sdrt-health/mac:02010b41cdec/antenna/tag/e2806894000040038662114f, 88
1652716135.05765, sdrt-health/mac:02010b41cdec/antenna/tag/e2806894000050038662154f, 91
1652716135.132576, sdrt-health/mac:02010b41cdec/antenna/tag/e2806894000040038662114f, 88
1652716135.133071, sdrt-health/mac:02010b41cdec/antenna/tag/e2806894000050038662194f, 83
1652716135.146419, sdrt-health/mac:02010b41cdec/antenna/tag/e2806894000050038662194f, 94
1652716135.196899, sdrt-health/mac:02010b41cdec/antenna/tag/e2806894000040038662114f, 91
1652716135.277358, sdrt-health/mac:02010b41cdec/antenna/tag/e2806894000050038662194f, 83
1652716135.318169, sdrt-health/mac:02010b41cdec/antenna/tag/e2806894000050038661fd4f, 86
1652716135.318501, sdrt-health/mac:02010b41cdec/antenna/tag/e2806894000050038662194f, 81
1652716135.333075, sdrt-health/mac:02010b41cdec/antenna/tag/e2806894000050038662154f, 88
1652716135.333378, sdrt-health/mac:02010b41cdec/antenna/tag/e2806894000040038662114f, 88
1652716135.409455, sdrt-health/mac:02010b41cdec/antenna/tag/e28068940000400386621d4f, 90
1652716135.438694, sdrt-health/mac:02010b41cdec/antenna/tag/e2806894000050038661fd4f, 90
1652716135.439179, sdrt-health/mac:02010b41cdec/antenna/tag/e2806894000050038661fd4f, 90
1652716135.457451, sdrt-health/mac:02010b41cdec/antenna/tag/e2806894000050038661fd4f, 83
1652716135.512507, sdrt-health/mac:02010b41cdec/antenna/tag/e2806894000040038661f94f, 84
1652716135.513156, sdrt-health/mac:02010b41cdec/antenna/tag/e28068940000400386621d4f, 77
1652716135.559911, sdrt-health/mac:02010b41cdec/antenna/tag/e2806894000050038661fd4f, 86
1652716135.614699, sdrt-health/mac:02010b41cdec/antenna/tag/e2806894000050038661fd4f, 86
1652716135.682767, sdrt-health/mac:02010b41cdec/antenna/tag/e2806894000050038662154f, 91
1652716135.683238, sdrt-health/mac:02010b41cdec/antenna/tag/e2806894000050038662154f, 88
1652716135.696664, sdrt-health/mac:02010b41cdec/antenna/tag/e28068940000400386621d4f, 90
1652716135.728739, sdrt-health/mac:02010b41cdec/antenna/tag/e2806894000050038662154f, 91
1652716135.758496, sdrt-health/mac:02010b41cdec/antenna/tag/e2806894000040038662114f, 83
1652716135.758863, sdrt-health/mac:02010b41cdec/antenna/tag/e2806894000050038662194f, 81
1652716135.759148, sdrt-health/mac:02010b41cdec/antenna/tag/e2806894000040038662114f, 91
1652716135.77915, sdrt-health/mac:02010b41cdec/antenna/tag/e2806894000050038662154f, 85
1652716135.841922, sdrt-health/mac:02010b41cdec/antenna/tag/e28068940000400386621d4f, 96
1652716135.92085, sdrt-health/mac:02010b41cdec/antenna/tag/e2806894000040038662114f, 91
1652716135.921379, sdrt-health/mac:02010b41cdec/antenna/tag/e2806894000050038662154f, 91
1652716135.935228, sdrt-health/mac:02010b41cdec/antenna/tag/e2806894000050038662154f, 88
1652716135.979687, sdrt-health/mac:02010b41cdec/antenna/tag/e2806894000050038661fd4f, 86
1652716135.980384, sdrt-health/mac:02010b41cdec/antenna/tag/e2806894000050038661fd4f, 83
1652716135.993936, sdrt-health/mac:02010b41cdec/antenna/tag/e2806894000040038661f94f, 81
1652716135.994321, sdrt-health/mac:02010b41cdec/antenna/tag/e2806894000040038662214f, 81
1652716136.043915, sdrt-health/mac:02010b41cdec/antenna/tag/e2806894000050038661fd4f, 83
1652716136.082621, sdrt-health/mac:02010b41cdec/antenna/tag/e28068940000400386621d4f, 77
1652716136.082955, sdrt-health/mac:02010b41cdec/antenna/tag/e2806894000040038661f94f, 84
1652716136.08321, sdrt-health/mac:02010b41cdec/antenna/tag/e28068940000400386621d4f, 77
1652716136.08357, sdrt-health/mac:02010b41cdec/antenna/tag/e2806894000040038662214f, 81
1652716136.099097, sdrt-health/mac:02010b41cdec/antenna/tag/e2806894000050038662154f, 97
1652716136.099345, sdrt-health/mac:02010b41cdec/antenna/tag/e2806894000050038662194f, 83
1652716136.543788, sdrt-health/mac:02010b41cdec/antenna/tag/e2806894000050038661fd4f, 86
1652716136.572982, sdrt-health/mac:02010b41cdec/antenna/tag/e2806894000050038662194f, 81
1652716136.573477, sdrt-health/mac:02010b41cdec/antenna/tag/e2806894000050038662154f, 91
1652716136.588644, sdrt-health/mac:02010b41cdec/antenna/tag/e2806894000050038662154f, 91
1652716136.589007, sdrt-health/mac:02010b41cdec/antenna/tag/e2806894000050038662154f, 91
1652716136.589219, sdrt-health/mac:02010b41cdec/antenna/tag/e2806894000050038661fd4f, 86
1652716136.589417, sdrt-health/mac:02010b41cdec/antenna/tag/e28068940000400386621d4f, 96
1652716136.589554, sdrt-health/mac:02010b41cdec/antenna/tag/e2806894000040038662114f, 88
1652716136.589662, sdrt-health/mac:02010b41cdec/antenna/tag/e28068940000400386621d4f, 96
1652716136.589771, sdrt-health/mac:02010b41cdec/antenna/tag/e2806894000040038662114f, 88
1652716136.589897, sdrt-health/mac:02010b41cdec/antenna/tag/e2806894000040038662214f, 84
1652716136.590005, sdrt-health/mac:02010b41cdec/antenna/tag/e28068940000400386621d4f, 77
1652716136.665098, sdrt-health/mac:02010b41cdec/antenna/tag/e2806894000050038661fd4f, 86
1652716136.69433, sdrt-health/mac:02010b41cdec/antenna/tag/e2806894000050038661fd4f, 90
1652716136.694604, sdrt-health/mac:02010b41cdec/antenna/tag/e2806894000050038662154f, 91
1652716136.694766, sdrt-health/mac:02010b41cdec/antenna/tag/e28068940000400386621d4f, 96
1652716136.694922, sdrt-health/mac:02010b41cdec/antenna/tag/e2806894000050038661fd4f, 86
1652716136.856741, sdrt-health/mac:02010b41cdec/antenna/tag/scan, scan stopped
