1652716521.182898, sdrt-health/mac:02010b41cdec/antenna/power/set, {"power": 300}
1652716522.253776, sdrt-health/mac:02010b41cdec/antenna/power/set, 
1652716526.203645, sdrt-health/mac:02010b41cdec/antenna/tag/scan, {"time": 20000}
1652716526.686997, sdrt-health/mac:02010b41cdec/antenna/tag/e2806894000050038661fd4f, 90
1652716526.744055, sdrt-health/mac:02010b41cdec/antenna/tag/e2806894000040038662114f, 97
1652716526.79848, sdrt-health/mac:02010b41cdec/antenna/tag/e2806894000050038662154f, 91
1652716526.892301, sdrt-health/mac:02010b41cdec/antenna/tag/e2806894000040038662114f, 97
1652716526.892792, sdrt-health/mac:02010b41cdec/antenna/tag/e2806894000040038662214f, 81
1652716526.936151, sdrt-health/mac:02010b41cdec/antenna/tag/e28068940000400386621d4f, 77
1652716526.985281, sdrt-health/mac:02010b41cdec/antenna/tag/e2806894000040038662214f, 81
1652716527.035939, sdrt-health/mac:02010b41cdec/antenna/tag/e2806894000050038661fd4f, 90
1652716527.144494, sdrt-health/mac:02010b41cdec/antenna/tag/e2806894000050038662194f, 87
1652716527.217746, sdrt-health/mac:02010b41cdec/antenna/tag/e2806894000040038662114f, 88
1652716527.248712, sdrt-health/mac:02010b41cdec/antenna/tag/e2806894000050038662154f, 88
1652716527.249101, sdrt-health/mac:02010b41cdec/antenna/tag/e2806894000050038662194f, 83
1652716527.26439, sdrt-health/mac:02010b41cdec/antenna/tag/e2806894000040038661f94f, 81
1652716527.317858, sdrt-health/mac:02010b41cdec/antenna/tag/e28068940000400386621d4f, 77
1652716527.372929, sdrt-health/mac:02010b41cdec/antenna/tag/e2806894000050038662154f, 91
1652716527.399254, sdrt-health/mac:02010b41cdec/antenna/tag/e2806894000050038661fd4f, 97
1652716527.399633, sdrt-health/mac:02010b41cdec/antenna/tag/e28068940000400386621d4f, 96
1652716527.42416, sdrt-health/mac:02010b41cdec/antenna/tag/e2806894000040038662114f, 91
1652716527.494983, sdrt-health/mac:02010b41cdec/antenna/tag/e2806894000050038662194f, 83
1652716527.495428, sdrt-health/mac:02010b41cdec/antenna/tag/e2806894000050038662194f, 87
1652716527.508361, sdrt-health/mac:02010b41cdec/antenna/tag/e28068940000400386621d4f, 77
1652716527.526148, sdrt-health/mac:02010b41cdec/antenna/tag/e2806894000050038662194f, 83
1652716527.573126, sdrt-health/mac:02010b41cdec/antenna/tag/e2806894000050038662154f, 91
1652716527.629836, sdrt-health/mac:02010b41cdec/antenna/tag/e2806894000050038662194f, 94
1652716527.630082, sdrt-health/mac:02010b41cdec/antenna/tag/e2806894000050038661fd4f, 90
1652716527.643913, sdrt-health/mac:02010b41cdec/antenna/tag/e2806894000050038662154f, 88
1652716527.716457, sdrt-health/mac:02010b41cdec/antenna/tag/e2806894000040038661f94f, 84
1652716527.716811, sdrt-health/mac:02010b41cdec/antenna/tag/e2806894000050038662194f, 81
1652716527.745375, sdrt-health/mac:02010b41cdec/antenna/tag/e28068940000400386621d4f, 96
1652716527.775693, sdrt-health/mac:02010b41cdec/antenna/tag/e2806894000050038661fd4f, 90
1652716527.775974, sdrt-health/mac:02010b41cdec/antenna/tag/e2806894000040038661f94f, 81
1652716527.811981, sdrt-health/mac:02010b41cdec/antenna/tag/e2806894000040038662054f, 94
1652716527.853818, sdrt-health/mac:02010b41cdec/antenna/tag/e2806894000050038662194f, 87
1652716527.919274, sdrt-health/mac:02010b41cdec/antenna/tag/e2806894000050038662154f, 88
1652716527.919804, sdrt-health/mac:02010b41cdec/antenna/tag/e2806894000050038661fd4f, 90
1652716527.943909, sdrt-health/mac:02010b41cdec/antenna/tag/e2806894000040038662114f, 91
1652716527.995604, sdrt-health/mac:02010b41cdec/antenna/tag/e2806894000040038661f94f, 83
1652716528.025026, sdrt-health/mac:02010b41cdec/antenna/tag/e28068940000400386621d4f, 96
1652716528.025452, sdrt-health/mac:02010b41cdec/antenna/tag/e2806894000040038662114f, 91
1652716528.025869, sdrt-health/mac:02010b41cdec/antenna/tag/e2806894000040038662054f, 94
1652716528.083526, sdrt-health/mac:02010b41cdec/antenna/tag/e2806894000040038661f94f, 84
1652716528.116217, sdrt-health/mac:02010b41cdec/antenna/tag/e2806894000050038661fd4f, 86
1652716528.167797, sdrt-health/mac:02010b41cdec/antenna/tag/e2806894000040038662114f, 88
1652716528.168242, sdrt-health/mac:02010b41cdec/antenna/tag/e2806894000050038661fd4f, 86
1652716528.188304, sdrt-health/mac:02010b41cdec/antenna/tag/e2806894000050038662154f, 97
1652716528.197173, sdrt-health/mac:02010b41cdec/antenna/tag/e2806894000050038662194f, 81
1652716528.244534, sdrt-health/mac:02010b41cdec/antenna/tag/e2806894000040038661f94f, 82
1652716528.324468, sdrt-health/mac:02010b41cdec/antenna/tag/e2806894000040038662114f, 88
1652716528.325011, sdrt-health/mac:02010b41cdec/antenna/tag/e2806894000050038661fd4f, 83
1652716528.381843, sdrt-health/mac:02010b41cdec/antenna/tag/e2806894000050038662154f, 85
1652716528.382356, sdrt-health/mac:02010b41cdec/antenna/tag/e2806894000040038662214f, 94
1652716528.397694, sdrt-health/mac:02010b41cdec/antenna/tag/e28068940000400386621d4f, 77
1652716528.397934, sdrt-health/mac:02010b41cdec/antenna/tag/e2806894000050038662194f, 83
1652716528.398083, sdrt-health/mac:02010b41cdec/antenna/tag/e2806894000050038661fd4f, 97
1652716528.398257, sdrt-health/mac:02010b41cdec/antenna/tag/e2806894000040038661f94f, 84
1652716528.424168, sdrt-health/mac:02010b41cdec/antenna/tag/e2806894000050038662194f, 81
1652716528.465448, sdrt-health/mac:02010b41cdec/antenna/tag/e2806894000050038662154f, 91
1652716528.54069, sdrt-health/mac:02010b41cdec/antenna/tag/e28068940000400386621d4f, 77
1652716528.600817, sdrt-health/mac:02010b41cdec/antenna/tag/e2806894000040038661f94f, 88
1652716528.660833, sdrt-health/mac:02010b41cdec/antenna/tag/e2806894000050038662014f, 82
1652716528.661632, sdrt-health/mac:02010b41cdec/antenna/tag/e2806894000050038661fd4f, 90
1652716528.675428, sdrt-health/mac:02010b41cdec/antenna/tag/e2806894000050038661fd4f, 90
1652716528.791753, sdrt-health/mac:02010b41cdec/antenna/tag/e2806894000040038662114f, 91
1652716528.792488, sdrt-health/mac:02010b41cdec/antenna/tag/e2806894000040038662054f, 88
1652716528.823666, sdrt-health/mac:02010b41cdec/antenna/tag/e2806894000040038662114f, 91
1652716528.865761, sdrt-health/mac:02010b41cdec/antenna/tag/e2806894000050038662194f, 83
1652716528.931454, sdrt-health/mac:02010b41cdec/antenna/tag/e28068940000400386621d4f, 77
1652716528.931905, sdrt-health/mac:02010b41cdec/antenna/tag/e2806894000040038662054f, 82
1652716528.967537, sdrt-health/mac:02010b41cdec/antenna/tag/e2806894000040038662114f, 91
1652716529.025333, sdrt-health/mac:02010b41cdec/antenna/tag/e28068940000400386621d4f, 96
1652716529.080168, sdrt-health/mac:02010b41cdec/antenna/tag/e2806894000050038662194f, 93
1652716529.080688, sdrt-health/mac:02010b41cdec/antenna/tag/e2806894000040038662114f, 97
1652716529.096793, sdrt-health/mac:02010b41cdec/antenna/tag/e2806894000040038661f94f, 94
1652716529.106729, sdrt-health/mac:02010b41cdec/antenna/tag/e2806894000050038662154f, 91
1652716529.111678, sdrt-health/mac:02010b41cdec/antenna/tag/e2806894000050038662154f, 91
1652716529.144713, sdrt-health/mac:02010b41cdec/antenna/tag/e2806894000040038661f94f, 83
1652716529.192708, sdrt-health/mac:02010b41cdec/antenna/tag/e2806894000050038661fd4f, 86
1652716529.256258, sdrt-health/mac:02010b41cdec/antenna/tag/e2806894000050038662154f, 85
1652716529.33606, sdrt-health/mac:02010b41cdec/antenna/tag/e2806894000050038662154f, 88
1652716529.336577, sdrt-health/mac:02010b41cdec/antenna/tag/e2806894000040038662114f, 88
1652716529.351125, sdrt-health/mac:02010b41cdec/antenna/tag/e2806894000040038662214f, 81
1652716529.402625, sdrt-health/mac:02010b41cdec/antenna/tag/e2806894000050038662194f, 85
1652716529.403135, sdrt-health/mac:02010b41cdec/antenna/tag/e2806894000040038662054f, 110
1652716529.417816, sdrt-health/mac:02010b41cdec/antenna/tag/e2806894000050038661fd4f, 83
1652716529.478015, sdrt-health/mac:02010b41cdec/antenna/tag/e28068940000400386621d4f, 77
1652716529.548673, sdrt-health/mac:02010b41cdec/antenna/tag/e2806894000040038662114f, 91
1652716529.54914, sdrt-health/mac:02010b41cdec/antenna/tag/e2806894000050038662154f, 88
1652716529.549499, sdrt-health/mac:02010b41cdec/antenna/tag/e28068940000400386621d4f, 77
1652716529.564459, sdrt-health/mac:02010b41cdec/antenna/tag/e2806894000050038662194f, 81
1652716529.564754, sdrt-health/mac:02010b41cdec/antenna/tag/e2806894000040038662214f, 94
1652716529.584763, sdrt-health/mac:02010b41cdec/antenna/tag/e2806894000040038662214f, 94
1652716529.643676, sdrt-health/mac:02010b41cdec/antenna/tag/e28068940000400386621d4f, 77
1652716529.676776, sdrt-health/mac:02010b41cdec/antenna/tag/e2806894000050038662154f, 88
1652716529.677137, sdrt-health/mac:02010b41cdec/antenna/tag/e2806894000040038661f94f, 81
1652716529.701772, sdrt-health/mac:02010b41cdec/antenna/tag/e2806894000050038661fd4f, 83
1652716529.730799, sdrt-health/mac:02010b41cdec/antenna/tag/e28068940000400386621d4f, 77
1652716529.731101, sdrt-health/mac:02010b41cdec/antenna/tag/e2806894000040038661f94f, 110
1652716529.744915, sdrt-health/mac:02010b41cdec/antenna/tag/e2806894000050038662194f, 87
1652716529.787586, sdrt-health/mac:02010b41cdec/antenna/tag/e28068940000400386621d4f, 77
1652716529.844221, sdrt-health/mac:02010b41cdec/antenna/tag/e2806894000040038662114f, 91
1652716529.896337, sdrt-health/mac:02010b41cdec/antenna/tag/e28068940000400386621d4f, 96
1652716529.975988, sdrt-health/mac:02010b41cdec/antenna/tag/e2806894000040038662054f, 88
1652716529.976623, sdrt-health/mac:02010b41cdec/antenna/tag/e2806894000050038661fd4f, 83
1652716529.990402, sdrt-health/mac:02010b41cdec/antenna/tag/e2806894000050038661fd4f, 83
1652716530.001488, sdrt-health/mac:02010b41cdec/antenna/tag/e2806894000050038662154f, 91
1652716530.005121, sdrt-health/mac:02010b41cdec/antenna/tag/e2806894000050038662194f, 83
1652716530.053592, sdrt-health/mac:02010b41cdec/antenna/tag/e2806894000040038662114f, 88
1652716530.118638, sdrt-health/mac:02010b41cdec/antenna/tag/e2806894000050038661fd4f, 83
1652716530.164705, sdrt-health/mac:02010b41cdec/antenna/tag/e2806894000050038662194f, 81
1652716530.233482, sdrt-health/mac:02010b41cdec/antenna/tag/e28068940000400386621d4f, 96
1652716530.233995, sdrt-health/mac:02010b41cdec/antenna/tag/e2806894000040038662054f, 94
1652716530.249926, sdrt-health/mac:02010b41cdec/antenna/tag/e2806894000040038662114f, 97
1652716530.301754, sdrt-health/mac:02010b41cdec/antenna/tag/e28068940000400386621d4f, 96
1652716530.301946, sdrt-health/mac:02010b41cdec/antenna/tag/e28068940000400386621d4f, 96
1652716530.328748, sdrt-health/mac:02010b41cdec/antenna/tag/e2806894000040038662054f, 84
1652716530.361007, sdrt-health/mac:02010b41cdec/antenna/tag/e2806894000050038662154f, 88
1652716530.361503, sdrt-health/mac:02010b41cdec/antenna/tag/e2806894000040038662114f, 97
1652716530.361806, sdrt-health/mac:02010b41cdec/antenna/tag/e28068940000400386621d4f, 96
1652716530.402106, sdrt-health/mac:02010b41cdec/antenna/tag/e2806894000050038661fd4f, 83
1652716530.474384, sdrt-health/mac:02010b41cdec/antenna/tag/e2806894000050038662194f, 87
1652716530.474895, sdrt-health/mac:02010b41cdec/antenna/tag/e28068940000400386621d4f, 77
1652716530.489862, sdrt-health/mac:02010b41cdec/antenna/tag/e2806894000050038662154f, 93
1652716530.506226, sdrt-health/mac:02010b41cdec/antenna/tag/e28068940000400386621d4f, 77
1652716530.572483, sdrt-health/mac:02010b41cdec/antenna/tag/e2806894000050038662154f, 97
1652716530.573252, sdrt-health/mac:02010b41cdec/antenna/tag/e2806894000040038662054f, 94
1652716530.5863, sdrt-health/mac:02010b41cdec/antenna/tag/e2806894000050038662194f, 83
1652716530.615566, sdrt-health/mac:02010b41cdec/antenna/tag/e2806894000040038661f94f, 88
1652716530.644206, sdrt-health/mac:02010b41cdec/antenna/tag/e2806894000050038661fd4f, 90
1652716530.644494, sdrt-health/mac:02010b41cdec/antenna/tag/e2806894000050038662154f, 97
1652716530.665288, sdrt-health/mac:02010b41cdec/antenna/tag/e2806894000050038662194f, 81
1652716530.715313, sdrt-health/mac:02010b41cdec/antenna/tag/e28068940000400386621d4f, 90
1652716530.775508, sdrt-health/mac:02010b41cdec/antenna/tag/e2806894000050038661fd4f, 86
1652716530.825679, sdrt-health/mac:02010b41cdec/antenna/tag/e2806894000040038662114f, 88
1652716530.881229, sdrt-health/mac:02010b41cdec/antenna/tag/e2806894000040038662054f, 82
1652716530.881712, sdrt-health/mac:02010b41cdec/antenna/tag/e2806894000040038662214f, 81
1652716530.918007, sdrt-health/mac:02010b41cdec/antenna/tag/e2806894000050038661fd4f, 83
1652716530.963779, sdrt-health/mac:02010b41cdec/antenna/tag/e2806894000050038661fd4f, 83
1652716531.015343, sdrt-health/mac:02010b41cdec/antenna/tag/e2806894000050038661fd4f, 83
1652716531.098391, sdrt-health/mac:02010b41cdec/antenna/tag/e28068940000400386621d4f, 77
1652716531.098884, sdrt-health/mac:02010b41cdec/antenna/tag/e2806894000050038662154f, 88
1652716531.116195, sdrt-health/mac:02010b41cdec/antenna/tag/e2806894000040038662214f, 94
1652716531.125357, sdrt-health/mac:02010b41cdec/antenna/tag/e2806894000040038662214f, 81
1652716531.133193, sdrt-health/mac:02010b41cdec/antenna/tag/e2806894000050038662194f, 83
1652716531.177214, sdrt-health/mac:02010b41cdec/antenna/tag/e28068940000400386621d4f, 77
1652716531.22522, sdrt-health/mac:02010b41cdec/antenna/tag/e2806894000050038662194f, 81
1652716531.26642, sdrt-health/mac:02010b41cdec/antenna/tag/e2806894000050038661fd4f, 83
1652716531.334633, sdrt-health/mac:02010b41cdec/antenna/tag/e2806894000040038662114f, 85
1652716531.335153, sdrt-health/mac:02010b41cdec/antenna/tag/e2806894000040038662214f, 81
1652716531.35107, sdrt-health/mac:02010b41cdec/antenna/tag/e2806894000040038661f94f, 83
1652716531.389524, sdrt-health/mac:02010b41cdec/antenna/tag/e2806894000040038662054f, 81
1652716531.389909, sdrt-health/mac:02010b41cdec/antenna/tag/e28068940000400386621d4f, 77
1652716531.427611, sdrt-health/mac:02010b41cdec/antenna/tag/e2806894000050038662194f, 83
1652716531.466453, sdrt-health/mac:02010b41cdec/antenna/tag/e2806894000040038662114f, 91
1652716531.531049, sdrt-health/mac:02010b41cdec/antenna/tag/e2806894000050038662154f, 97
1652716531.531611, sdrt-health/mac:02010b41cdec/antenna/tag/e2806894000050038661fd4f, 90
1652716531.575554, sdrt-health/mac:02010b41cdec/antenna/tag/e2806894000050038662194f, 81
1652716531.576558, sdrt-health/mac:02010b41cdec/antenna/tag/e2806894000040038662054f, 81
1652716531.626917, sdrt-health/mac:02010b41cdec/antenna/tag/e2806894000040038662054f, 88
1652716531.691945, sdrt-health/mac:02010b41cdec/antenna/tag/e2806894000040038662114f, 83
1652716531.692403, sdrt-health/mac:02010b41cdec/antenna/tag/e28068940000400386621d4f, 96
1652716531.707025, sdrt-health/mac:02010b41cdec/antenna/tag/e2806894000040038662054f, 94
1652716531.717523, sdrt-health/mac:02010b41cdec/antenna/tag/e2806894000050038662154f, 91
1652716531.720511, sdrt-health/mac:02010b41cdec/antenna/tag/e2806894000040038662114f, 91
1652716531.720958, sdrt-health/mac:02010b41cdec/antenna/tag/e2806894000050038661fd4f, 86
1652716531.764214, sdrt-health/mac:02010b41cdec/antenna/tag/e2806894000050038662154f, 88
1652716531.805145, sdrt-health/mac:02010b41cdec/antenna/tag/e2806894000050038662194f, 81
1652716531.845706, sdrt-health/mac:02010b41cdec/antenna/tag/e28068940000400386621d4f, 96
1652716531.917967, sdrt-health/mac:02010b41cdec/antenna/tag/e2806894000050038661fd4f, 86
1652716531.918379, sdrt-health/mac:02010b41cdec/antenna/tag/e2806894000050038661fd4f, 90
1652716531.91874, sdrt-health/mac:02010b41cdec/antenna/tag/e2806894000050038662154f, 88
1652716531.961391, sdrt-health/mac:02010b41cdec/antenna/tag/e2806894000040038662214f, 81
1652716532.0201, sdrt-health/mac:02010b41cdec/antenna/tag/e2806894000040038662114f, 88
1652716532.020617, sdrt-health/mac:02010b41cdec/antenna/tag/e2806894000040038661f94f, 88
1652716532.036456, sdrt-health/mac:02010b41cdec/antenna/tag/e2806894000050038662154f, 85
1652716532.073085, sdrt-health/mac:02010b41cdec/antenna/tag/e2806894000050038661fd4f, 86
1652716532.117532, sdrt-health/mac:02010b41cdec/antenna/tag/e2806894000050038662194f, 83
1652716532.145888, sdrt-health/mac:02010b41cdec/antenna/tag/e28068940000400386621d4f, 77
1652716532.146111, sdrt-health/mac:02010b41cdec/antenna/tag/e28068940000400386621d4f, 77
1652716532.215063, sdrt-health/mac:02010b41cdec/antenna/tag/e2806894000050038661fd4f, 83
1652716532.264674, sdrt-health/mac:02010b41cdec/antenna/tag/e2806894000040038662114f, 91
1652716532.328874, sdrt-health/mac:02010b41cdec/antenna/tag/e2806894000050038662194f, 93
1652716532.329355, sdrt-health/mac:02010b41cdec/antenna/tag/e2806894000050038662154f, 91
1652716532.384861, sdrt-health/mac:02010b41cdec/antenna/tag/e2806894000040038662114f, 91
1652716532.417857, sdrt-health/mac:02010b41cdec/antenna/tag/e28068940000400386621d4f, 77
1652716532.418396, sdrt-health/mac:02010b41cdec/antenna/tag/e2806894000040038662114f, 85
1652716532.433633, sdrt-health/mac:02010b41cdec/antenna/tag/e28068940000400386621d4f, 96
1652716532.433879, sdrt-health/mac:02010b41cdec/antenna/tag/e2806894000050038661fd4f, 86
1652716532.434059, sdrt-health/mac:02010b41cdec/antenna/tag/e2806894000040038662114f, 85
1652716532.4343, sdrt-health/mac:02010b41cdec/antenna/tag/e2806894000050038662194f, 88
1652716532.475915, sdrt-health/mac:02010b41cdec/antenna/tag/e2806894000040038661f94f, 94
1652716532.517401, sdrt-health/mac:02010b41cdec/antenna/tag/e2806894000050038662154f, 91
1652716532.632808, sdrt-health/mac:02010b41cdec/antenna/tag/e2806894000050038662154f, 91
1652716532.633282, sdrt-health/mac:02010b41cdec/antenna/tag/e2806894000040038661f94f, 81
1652716532.707266, sdrt-health/mac:02010b41cdec/antenna/tag/e2806894000050038661fd4f, 90
1652716532.707747, sdrt-health/mac:02010b41cdec/antenna/tag/e28068940000400386621d4f, 96
1652716532.708136, sdrt-health/mac:02010b41cdec/antenna/tag/e2806894000040038662114f, 91
1652716532.724466, sdrt-health/mac:02010b41cdec/antenna/tag/e2806894000040038661f94f, 82
1652716532.774758, sdrt-health/mac:02010b41cdec/antenna/tag/e28068940000400386621d4f, 96
1652716532.814648, sdrt-health/mac:02010b41cdec/antenna/tag/e28068940000400386621d4f, 96
1652716532.868664, sdrt-health/mac:02010b41cdec/antenna/tag/e2806894000040038662214f, 83
1652716532.96297, sdrt-health/mac:02010b41cdec/antenna/tag/e2806894000050038662154f, 88
1652716532.992432, sdrt-health/mac:02010b41cdec/antenna/tag/e2806894000040038662054f, 83
1652716532.992946, sdrt-health/mac:02010b41cdec/antenna/tag/e2806894000050038662194f, 94
1652716533.031891, sdrt-health/mac:02010b41cdec/antenna/tag/e2806894000050038662194f, 81
1652716533.059328, sdrt-health/mac:02010b41cdec/antenna/tag/e2806894000050038661fd4f, 86
1652716533.059789, sdrt-health/mac:02010b41cdec/antenna/tag/e2806894000050038662154f, 88
1652716533.088172, sdrt-health/mac:02010b41cdec/antenna/tag/e2806894000040038662114f, 91
1652716533.118156, sdrt-health/mac:02010b41cdec/antenna/tag/e2806894000050038661fd4f, 86
1652716533.118564, sdrt-health/mac:02010b41cdec/antenna/tag/e2806894000050038662154f, 88
1652716533.134225, sdrt-health/mac:02010b41cdec/antenna/tag/e2806894000050038661fd4f, 86
1652716533.149132, sdrt-health/mac:02010b41cdec/antenna/tag/e2806894000050038661fd4f, 86
1652716533.149412, sdrt-health/mac:02010b41cdec/antenna/tag/e28068940000400386621d4f, 96
1652716533.186535, sdrt-health/mac:02010b41cdec/antenna/tag/e2806894000050038662154f, 88
1652716533.252776, sdrt-health/mac:02010b41cdec/antenna/tag/e2806894000050038662154f, 88
1652716533.253331, sdrt-health/mac:02010b41cdec/antenna/tag/e28068940000400386621d4f, 96
1652716533.253673, sdrt-health/mac:02010b41cdec/antenna/tag/e2806894000050038662194f, 88
1652716533.267064, sdrt-health/mac:02010b41cdec/antenna/tag/e2806894000040038662054f, 81
1652716533.273759, sdrt-health/mac:02010b41cdec/antenna/tag/e2806894000050038662194f, 87
1652716533.334632, sdrt-health/mac:02010b41cdec/antenna/tag/e2806894000040038662054f, 81
1652716533.399989, sdrt-health/mac:02010b41cdec/antenna/tag/e28068940000400386621d4f, 96
1652716533.465553, sdrt-health/mac:02010b41cdec/antenna/tag/e28068940000400386621d4f, 77
1652716533.521904, sdrt-health/mac:02010b41cdec/antenna/tag/e2806894000050038661fd4f, 83
1652716533.522431, sdrt-health/mac:02010b41cdec/antenna/tag/e2806894000040038662214f, 81
1652716533.534706, sdrt-health/mac:02010b41cdec/antenna/tag/e2806894000040038662114f, 93
1652716533.572179, sdrt-health/mac:02010b41cdec/antenna/tag/e28068940000400386621d4f, 96
1652716533.638061, sdrt-health/mac:02010b41cdec/antenna/tag/e2806894000050038662154f, 91
1652716533.689606, sdrt-health/mac:02010b41cdec/antenna/tag/e2806894000050038662154f, 91
1652716533.690296, sdrt-health/mac:02010b41cdec/antenna/tag/e2806894000050038661fd4f, 86
1652716533.770848, sdrt-health/mac:02010b41cdec/antenna/tag/e2806894000050038662154f, 91
1652716533.840716, sdrt-health/mac:02010b41cdec/antenna/tag/e2806894000040038662114f, 88
1652716533.84117, sdrt-health/mac:02010b41cdec/antenna/tag/e2806894000050038661fd4f, 86
1652716533.841561, sdrt-health/mac:02010b41cdec/antenna/tag/e2806894000050038661fd4f, 83
1652716533.854698, sdrt-health/mac:02010b41cdec/antenna/tag/e2806894000050038661fd4f, 83
1652716533.855191, sdrt-health/mac:02010b41cdec/antenna/tag/e2806894000050038662154f, 88
1652716533.877339, sdrt-health/mac:02010b41cdec/antenna/tag/e2806894000040038661f94f, 94
1652716533.93471, sdrt-health/mac:02010b41cdec/antenna/tag/e2806894000050038662194f, 87
1652716534.008385, sdrt-health/mac:02010b41cdec/antenna/tag/e2806894000040038662214f, 94
1652716534.008915, sdrt-health/mac:02010b41cdec/antenna/tag/e2806894000040038662114f, 88
1652716534.038182, sdrt-health/mac:02010b41cdec/antenna/tag/e2806894000040038662114f, 91
1652716534.107487, sdrt-health/mac:02010b41cdec/antenna/tag/e28068940000400386621d4f, 96
1652716534.108045, sdrt-health/mac:02010b41cdec/antenna/tag/e2806894000050038662154f, 97
1652716534.144317, sdrt-health/mac:02010b41cdec/antenna/tag/e28068940000400386621d4f, 96
1652716534.200038, sdrt-health/mac:02010b41cdec/antenna/tag/e2806894000050038661fd4f, 90
1652716534.20064, sdrt-health/mac:02010b41cdec/antenna/tag/e2806894000050038661fd4f, 86
1652716534.217475, sdrt-health/mac:02010b41cdec/antenna/tag/e28068940000400386621d4f, 96
1652716534.238501, sdrt-health/mac:02010b41cdec/antenna/tag/e2806894000040038662114f, 88
1652716534.271324, sdrt-health/mac:02010b41cdec/antenna/tag/e2806894000050038662154f, 97
1652716534.271825, sdrt-health/mac:02010b41cdec/antenna/tag/e28068940000400386621d4f, 96
1652716534.328223, sdrt-health/mac:02010b41cdec/antenna/tag/e2806894000040038662214f, 88
1652716534.385701, sdrt-health/mac:02010b41cdec/antenna/tag/e2806894000040038662214f, 81
1652716534.416014, sdrt-health/mac:02010b41cdec/antenna/tag/e28068940000400386621d4f, 77
1652716534.416423, sdrt-health/mac:02010b41cdec/antenna/tag/e2806894000040038662114f, 88
1652716534.453822, sdrt-health/mac:02010b41cdec/antenna/tag/e2806894000050038662194f, 81
1652716534.503884, sdrt-health/mac:02010b41cdec/antenna/tag/e2806894000050038661fd4f, 90
1652716534.561424, sdrt-health/mac:02010b41cdec/antenna/tag/e2806894000050038662194f, 83
1652716534.561909, sdrt-health/mac:02010b41cdec/antenna/tag/e2806894000050038662194f, 84
1652716534.598302, sdrt-health/mac:02010b41cdec/antenna/tag/e2806894000050038662154f, 91
1652716534.662397, sdrt-health/mac:02010b41cdec/antenna/tag/e2806894000040038662054f, 94
1652716534.662803, sdrt-health/mac:02010b41cdec/antenna/tag/e2806894000040038662114f, 97
1652716534.677251, sdrt-health/mac:02010b41cdec/antenna/tag/e2806894000050038662194f, 93
1652716534.724212, sdrt-health/mac:02010b41cdec/antenna/tag/e2806894000050038661fd4f, 83
1652716534.787712, sdrt-health/mac:02010b41cdec/antenna/tag/e2806894000050038662154f, 85
1652716534.788402, sdrt-health/mac:02010b41cdec/antenna/tag/e2806894000040038662214f, 83
1652716534.802323, sdrt-health/mac:02010b41cdec/antenna/tag/e28068940000400386621d4f, 77
1652716534.839745, sdrt-health/mac:02010b41cdec/antenna/tag/e2806894000040038662114f, 88
1652716534.840176, sdrt-health/mac:02010b41cdec/antenna/tag/e2806894000040038662214f, 81
1652716534.854438, sdrt-health/mac:02010b41cdec/antenna/tag/e2806894000050038662194f, 94
1652716534.854736, sdrt-health/mac:02010b41cdec/antenna/tag/e2806894000040038661f94f, 84
1652716534.874659, sdrt-health/mac:02010b41cdec/antenna/tag/e2806894000040038661f94f, 88
1652716534.910475, sdrt-health/mac:02010b41cdec/antenna/tag/e2806894000040038662114f, 88
1652716534.910676, sdrt-health/mac:02010b41cdec/antenna/tag/e2806894000040038662214f, 83
1652716534.955825, sdrt-health/mac:02010b41cdec/antenna/tag/e2806894000040038662114f, 88
1652716535.040792, sdrt-health/mac:02010b41cdec/antenna/tag/e2806894000050038661fd4f, 86
1652716535.0712, sdrt-health/mac:02010b41cdec/antenna/tag/e28068940000400386621d4f, 96
1652716535.072426, sdrt-health/mac:02010b41cdec/antenna/tag/e28068940000400386621d4f, 96
1652716535.072776, sdrt-health/mac:02010b41cdec/antenna/tag/e2806894000050038662194f, 85
1652716535.107834, sdrt-health/mac:02010b41cdec/antenna/tag/e2806894000040038662114f, 91
1652716535.186907, sdrt-health/mac:02010b41cdec/antenna/tag/e2806894000050038662154f, 91
1652716535.187236, sdrt-health/mac:02010b41cdec/antenna/tag/e2806894000040038661f94f, 81
1652716535.202693, sdrt-health/mac:02010b41cdec/antenna/tag/e2806894000040038661f94f, 94
1652716535.244504, sdrt-health/mac:02010b41cdec/antenna/tag/e2806894000050038662194f, 93
1652716535.284903, sdrt-health/mac:02010b41cdec/antenna/tag/e2806894000050038661fd4f, 86
1652716535.311761, sdrt-health/mac:02010b41cdec/antenna/tag/e2806894000050038662154f, 85
1652716535.311967, sdrt-health/mac:02010b41cdec/antenna/tag/e28068940000400386621d4f, 77
1652716535.312084, sdrt-health/mac:02010b41cdec/antenna/tag/e2806894000050038661fd4f, 83
1652716535.365576, sdrt-health/mac:02010b41cdec/antenna/tag/e2806894000040038662114f, 91
1652716535.482687, sdrt-health/mac:02010b41cdec/antenna/tag/e2806894000040038662114f, 91
1652716535.532626, sdrt-health/mac:02010b41cdec/antenna/tag/e2806894000050038662154f, 91
1652716535.561609, sdrt-health/mac:02010b41cdec/antenna/tag/e28068940000400386621d4f, 96
1652716535.562218, sdrt-health/mac:02010b41cdec/antenna/tag/e2806894000050038662154f, 91
1652716535.585277, sdrt-health/mac:02010b41cdec/antenna/tag/e2806894000040038662054f, 94
1652716535.676271, sdrt-health/mac:02010b41cdec/antenna/tag/e2806894000040038662114f, 91
1652716535.67674, sdrt-health/mac:02010b41cdec/antenna/tag/e2806894000050038662194f, 84
1652716535.693173, sdrt-health/mac:02010b41cdec/antenna/tag/e2806894000050038661fd4f, 86
1652716535.72188, sdrt-health/mac:02010b41cdec/antenna/tag/e2806894000040038662114f, 88
1652716535.797044, sdrt-health/mac:02010b41cdec/antenna/tag/e2806894000040038662114f, 88
1652716535.797548, sdrt-health/mac:02010b41cdec/antenna/tag/e2806894000050038662154f, 88
1652716535.810783, sdrt-health/mac:02010b41cdec/antenna/tag/e2806894000040038662054f, 88
1652716535.840128, sdrt-health/mac:02010b41cdec/antenna/tag/e2806894000040038661f94f, 84
1652716535.91399, sdrt-health/mac:02010b41cdec/antenna/tag/e2806894000050038661fd4f, 83
1652716535.914471, sdrt-health/mac:02010b41cdec/antenna/tag/e2806894000050038662154f, 91
1652716535.935072, sdrt-health/mac:02010b41cdec/antenna/tag/e2806894000050038661fd4f, 97
1652716536.004864, sdrt-health/mac:02010b41cdec/antenna/tag/e2806894000050038662194f, 87
1652716536.005255, sdrt-health/mac:02010b41cdec/antenna/tag/e2806894000040038661f94f, 81
1652716536.021975, sdrt-health/mac:02010b41cdec/antenna/tag/e2806894000040038662214f, 81
1652716536.136842, sdrt-health/mac:02010b41cdec/antenna/tag/e2806894000040038662214f, 81
1652716536.22584, sdrt-health/mac:02010b41cdec/antenna/tag/e28068940000400386621d4f, 77
1652716536.226363, sdrt-health/mac:02010b41cdec/antenna/tag/e2806894000050038661fd4f, 83
1652716536.241415, sdrt-health/mac:02010b41cdec/antenna/tag/e2806894000040038661f94f, 94
1652716536.277419, sdrt-health/mac:02010b41cdec/antenna/tag/e2806894000040038662054f, 84
1652716536.278085, sdrt-health/mac:02010b41cdec/antenna/tag/e2806894000050038662154f, 93
1652716536.332084, sdrt-health/mac:02010b41cdec/antenna/tag/e2806894000040038662114f, 91
1652716536.401609, sdrt-health/mac:02010b41cdec/antenna/tag/e28068940000400386621d4f, 77
1652716536.40212, sdrt-health/mac:02010b41cdec/antenna/tag/e2806894000040038662054f, 84
1652716536.402459, sdrt-health/mac:02010b41cdec/antenna/tag/e28068940000400386621d4f, 96
1652716536.440398, sdrt-health/mac:02010b41cdec/antenna/tag/e28068940000400386621d4f, 90
1652716536.440834, sdrt-health/mac:02010b41cdec/antenna/tag/e2806894000050038662154f, 88
1652716536.486396, sdrt-health/mac:02010b41cdec/antenna/tag/e2806894000040038661f94f, 88
1652716536.544344, sdrt-health/mac:02010b41cdec/antenna/tag/e2806894000040038662114f, 88
1652716536.633871, sdrt-health/mac:02010b41cdec/antenna/tag/e2806894000050038661fd4f, 83
1652716536.634484, sdrt-health/mac:02010b41cdec/antenna/tag/e2806894000050038661fd4f, 83
1652716536.647858, sdrt-health/mac:02010b41cdec/antenna/tag/e2806894000040038662214f, 94
1652716536.710135, sdrt-health/mac:02010b41cdec/antenna/tag/e28068940000400386621d4f, 77
1652716536.710534, sdrt-health/mac:02010b41cdec/antenna/tag/e2806894000040038662114f, 97
1652716536.726036, sdrt-health/mac:02010b41cdec/antenna/tag/e2806894000050038662154f, 88
1652716536.726256, sdrt-health/mac:02010b41cdec/antenna/tag/e2806894000040038662054f, 88
1652716536.757784, sdrt-health/mac:02010b41cdec/antenna/tag/e2806894000050038662194f, 87
1652716536.821935, sdrt-health/mac:02010b41cdec/antenna/tag/e2806894000040038662114f, 83
1652716536.822503, sdrt-health/mac:02010b41cdec/antenna/tag/e2806894000050038662194f, 83
1652716536.837112, sdrt-health/mac:02010b41cdec/antenna/tag/e2806894000050038662194f, 87
1652716536.837812, sdrt-health/mac:02010b41cdec/antenna/tag/e28068940000400386621d4f, 96
1652716536.838207, sdrt-health/mac:02010b41cdec/antenna/tag/e2806894000050038661fd4f, 83
1652716536.839272, sdrt-health/mac:02010b41cdec/antenna/tag/e2806894000040038662054f, 81
1652716536.839686, sdrt-health/mac:02010b41cdec/antenna/tag/e2806894000050038662154f, 88
1652716536.85659, sdrt-health/mac:02010b41cdec/antenna/tag/e2806894000040038662114f, 97
1652716536.909874, sdrt-health/mac:02010b41cdec/antenna/tag/e28068940000400386621d4f, 96
1652716536.910279, sdrt-health/mac:02010b41cdec/antenna/tag/e2806894000040038662114f, 91
1652716536.923988, sdrt-health/mac:02010b41cdec/antenna/tag/e2806894000050038662154f, 88
1652716536.946072, sdrt-health/mac:02010b41cdec/antenna/tag/e2806894000040038662114f, 88
1652716536.985957, sdrt-health/mac:02010b41cdec/antenna/tag/e2806894000040038662214f, 83
1652716537.068165, sdrt-health/mac:02010b41cdec/antenna/tag/e2806894000050038662194f, 83
1652716537.106655, sdrt-health/mac:02010b41cdec/antenna/tag/e2806894000050038661fd4f, 90
1652716537.13683, sdrt-health/mac:02010b41cdec/antenna/tag/e2806894000040038662114f, 91
1652716537.137524, sdrt-health/mac:02010b41cdec/antenna/tag/e2806894000040038662054f, 88
1652716537.138075, sdrt-health/mac:02010b41cdec/antenna/tag/e2806894000050038662194f, 83
1652716537.157226, sdrt-health/mac:02010b41cdec/antenna/tag/e2806894000050038662154f, 91
1652716537.212569, sdrt-health/mac:02010b41cdec/antenna/tag/e2806894000040038662114f, 91
1652716537.279842, sdrt-health/mac:02010b41cdec/antenna/tag/e2806894000050038662154f, 88
1652716537.280356, sdrt-health/mac:02010b41cdec/antenna/tag/e2806894000050038661fd4f, 97
1652716537.334907, sdrt-health/mac:02010b41cdec/antenna/tag/e2806894000050038662194f, 83
1652716537.422985, sdrt-health/mac:02010b41cdec/antenna/tag/e2806894000050038661fd4f, 83
1652716537.479367, sdrt-health/mac:02010b41cdec/antenna/tag/e2806894000050038662154f, 85
1652716537.508216, sdrt-health/mac:02010b41cdec/antenna/tag/e2806894000050038661fd4f, 83
1652716537.508835, sdrt-health/mac:02010b41cdec/antenna/tag/e2806894000050038662154f, 88
1652716537.523906, sdrt-health/mac:02010b41cdec/antenna/tag/e28068940000400386621d4f, 96
1652716537.588024, sdrt-health/mac:02010b41cdec/antenna/tag/e2806894000040038662114f, 88
1652716537.588558, sdrt-health/mac:02010b41cdec/antenna/tag/e2806894000050038662194f, 87
1652716537.601852, sdrt-health/mac:02010b41cdec/antenna/tag/e2806894000040038662214f, 94
1652716537.602289, sdrt-health/mac:02010b41cdec/antenna/tag/e2806894000040038662214f, 84
1652716537.625248, sdrt-health/mac:02010b41cdec/antenna/tag/e2806894000050038662194f, 87
1652716537.677073, sdrt-health/mac:02010b41cdec/antenna/tag/e2806894000050038662194f, 85
1652716537.677528, sdrt-health/mac:02010b41cdec/antenna/tag/e2806894000050038661fd4f, 86
1652716537.705092, sdrt-health/mac:02010b41cdec/antenna/tag/e28068940000400386621d4f, 96
1652716537.781476, sdrt-health/mac:02010b41cdec/antenna/tag/e2806894000040038662114f, 91
1652716537.829993, sdrt-health/mac:02010b41cdec/antenna/tag/e2806894000050038662154f, 88
1652716537.89757, sdrt-health/mac:02010b41cdec/antenna/tag/e28068940000400386621d4f, 77
1652716537.89902, sdrt-health/mac:02010b41cdec/antenna/tag/e28068940000400386621d4f, 96
1652716537.913793, sdrt-health/mac:02010b41cdec/antenna/tag/e2806894000050038662154f, 88
1652716537.937158, sdrt-health/mac:02010b41cdec/antenna/tag/e2806894000040038662054f, 81
1652716537.972955, sdrt-health/mac:02010b41cdec/antenna/tag/e2806894000050038662154f, 91
1652716538.015138, sdrt-health/mac:02010b41cdec/antenna/tag/e2806894000040038661f94f, 81
1652716538.098573, sdrt-health/mac:02010b41cdec/antenna/tag/e2806894000050038662154f, 91
1652716538.332659, sdrt-health/mac:02010b41cdec/antenna/tag/e2806894000040038662054f, 83
1652716538.345591, sdrt-health/mac:02010b41cdec/antenna/tag/e2806894000050038661fd4f, 86
1652716538.34898, sdrt-health/mac:02010b41cdec/antenna/tag/e2806894000050038661fd4f, 86
1652716538.393605, sdrt-health/mac:02010b41cdec/antenna/tag/e2806894000050038661fd4f, 83
1652716538.423745, sdrt-health/mac:02010b41cdec/antenna/tag/e2806894000050038662194f, 87
1652716538.424102, sdrt-health/mac:02010b41cdec/antenna/tag/e2806894000040038662054f, 94
1652716538.424399, sdrt-health/mac:02010b41cdec/antenna/tag/e28068940000400386621d4f, 96
1652716538.424701, sdrt-health/mac:02010b41cdec/antenna/tag/e28068940000400386621d4f, 96
1652716538.424991, sdrt-health/mac:02010b41cdec/antenna/tag/e2806894000050038662154f, 97
1652716538.425264, sdrt-health/mac:02010b41cdec/antenna/tag/e28068940000400386621d4f, 96
1652716538.440901, sdrt-health/mac:02010b41cdec/antenna/tag/e2806894000040038662214f, 84
1652716538.500643, sdrt-health/mac:02010b41cdec/antenna/tag/e2806894000040038662114f, 88
1652716538.695292, sdrt-health/mac:02010b41cdec/antenna/tag/e2806894000040038662214f, 94
1652716538.6958, sdrt-health/mac:02010b41cdec/antenna/tag/e2806894000050038662154f, 91
1652716538.696075, sdrt-health/mac:02010b41cdec/antenna/tag/e2806894000050038662014f, 82
1652716538.69634, sdrt-health/mac:02010b41cdec/antenna/tag/e2806894000050038662194f, 81
1652716538.6966, sdrt-health/mac:02010b41cdec/antenna/tag/e2806894000050038662154f, 91
1652716538.762345, sdrt-health/mac:02010b41cdec/antenna/tag/e2806894000040038662114f, 91
1652716538.794396, sdrt-health/mac:02010b41cdec/antenna/tag/e2806894000040038662114f, 91
1652716538.794825, sdrt-health/mac:02010b41cdec/antenna/tag/e2806894000050038661fd4f, 83
1652716538.795228, sdrt-health/mac:02010b41cdec/antenna/tag/e2806894000050038662154f, 88
1652716538.80879, sdrt-health/mac:02010b41cdec/antenna/tag/e2806894000050038662194f, 87
1652716538.809184, sdrt-health/mac:02010b41cdec/antenna/tag/e2806894000040038662114f, 91
1652716538.853647, sdrt-health/mac:02010b41cdec/antenna/tag/e2806894000040038662114f, 85
1652716538.919793, sdrt-health/mac:02010b41cdec/antenna/tag/e2806894000050038661fd4f, 86
1652716538.920358, sdrt-health/mac:02010b41cdec/antenna/tag/e2806894000040038662114f, 88
1652716538.933616, sdrt-health/mac:02010b41cdec/antenna/tag/e2806894000050038662154f, 91
1652716538.933981, sdrt-health/mac:02010b41cdec/antenna/tag/e2806894000050038661fd4f, 83
1652716538.964408, sdrt-health/mac:02010b41cdec/antenna/tag/e2806894000050038661fd4f, 86
1652716539.005991, sdrt-health/mac:02010b41cdec/antenna/tag/e28068940000400386621d4f, 96
1652716539.070828, sdrt-health/mac:02010b41cdec/antenna/tag/e2806894000040038661f94f, 94
1652716539.071393, sdrt-health/mac:02010b41cdec/antenna/tag/e2806894000050038662154f, 91
1652716539.192851, sdrt-health/mac:02010b41cdec/antenna/tag/e2806894000050038662154f, 88
1652716539.230031, sdrt-health/mac:02010b41cdec/antenna/tag/e2806894000050038661fd4f, 90
1652716539.230468, sdrt-health/mac:02010b41cdec/antenna/tag/e2806894000050038661fd4f, 90
1652716539.230743, sdrt-health/mac:02010b41cdec/antenna/tag/e28068940000400386621d4f, 77
1652716539.231048, sdrt-health/mac:02010b41cdec/antenna/tag/e2806894000040038661f94f, 81
1652716539.231343, sdrt-health/mac:02010b41cdec/antenna/tag/e2806894000040038662114f, 97
1652716539.245908, sdrt-health/mac:02010b41cdec/antenna/tag/e2806894000040038662114f, 91
1652716539.287035, sdrt-health/mac:02010b41cdec/antenna/tag/e2806894000050038661fd4f, 90
1652716539.317331, sdrt-health/mac:02010b41cdec/antenna/tag/e2806894000050038662194f, 94
1652716539.317639, sdrt-health/mac:02010b41cdec/antenna/tag/e2806894000040038661f94f, 84
1652716539.344731, sdrt-health/mac:02010b41cdec/antenna/tag/e2806894000050038662194f, 88
1652716539.400508, sdrt-health/mac:02010b41cdec/antenna/tag/e2806894000040038661f94f, 94
1652716539.482178, sdrt-health/mac:02010b41cdec/antenna/tag/e2806894000040038662054f, 84
1652716539.482701, sdrt-health/mac:02010b41cdec/antenna/tag/e2806894000050038662154f, 85
1652716539.528042, sdrt-health/mac:02010b41cdec/antenna/tag/e2806894000050038661fd4f, 86
1652716539.600075, sdrt-health/mac:02010b41cdec/antenna/tag/e28068940000400386621d4f, 96
1652716539.600619, sdrt-health/mac:02010b41cdec/antenna/tag/e28068940000400386621d4f, 96
1652716539.615699, sdrt-health/mac:02010b41cdec/antenna/tag/e2806894000040038662114f, 88
1652716539.640355, sdrt-health/mac:02010b41cdec/antenna/tag/e2806894000050038662154f, 85
1652716539.693906, sdrt-health/mac:02010b41cdec/antenna/tag/e2806894000040038661f94f, 82
1652716539.755034, sdrt-health/mac:02010b41cdec/antenna/tag/e2806894000040038662114f, 91
1652716539.797367, sdrt-health/mac:02010b41cdec/antenna/tag/e2806894000050038662194f, 93
1652716539.848124, sdrt-health/mac:02010b41cdec/antenna/tag/e2806894000040038662054f, 94
1652716539.922249, sdrt-health/mac:02010b41cdec/antenna/tag/e2806894000050038661fd4f, 90
1652716539.922758, sdrt-health/mac:02010b41cdec/antenna/tag/e2806894000050038661fd4f, 83
1652716539.964381, sdrt-health/mac:02010b41cdec/antenna/tag/e2806894000040038662054f, 88
1652716540.065342, sdrt-health/mac:02010b41cdec/antenna/tag/e2806894000040038661f94f, 84
1652716540.065818, sdrt-health/mac:02010b41cdec/antenna/tag/e2806894000040038662114f, 85
1652716540.096142, sdrt-health/mac:02010b41cdec/antenna/tag/e2806894000050038662154f, 97
1652716540.124914, sdrt-health/mac:02010b41cdec/antenna/tag/e2806894000050038661fd4f, 86
1652716540.125216, sdrt-health/mac:02010b41cdec/antenna/tag/e2806894000050038662194f, 87
1652716540.125366, sdrt-health/mac:02010b41cdec/antenna/tag/e2806894000050038662154f, 91
1652716540.14704, sdrt-health/mac:02010b41cdec/antenna/tag/e2806894000050038662154f, 91
1652716540.226842, sdrt-health/mac:02010b41cdec/antenna/tag/e2806894000050038662154f, 97
1652716540.227371, sdrt-health/mac:02010b41cdec/antenna/tag/e28068940000400386621d4f, 96
1652716540.255786, sdrt-health/mac:02010b41cdec/antenna/tag/e2806894000050038662154f, 91
1652716540.32878, sdrt-health/mac:02010b41cdec/antenna/tag/e2806894000050038661fd4f, 83
1652716540.329176, sdrt-health/mac:02010b41cdec/antenna/tag/e2806894000040038662214f, 88
1652716540.343963, sdrt-health/mac:02010b41cdec/antenna/tag/e2806894000040038662114f, 88
1652716540.344527, sdrt-health/mac:02010b41cdec/antenna/tag/e2806894000050038661fd4f, 83
1652716540.35834, sdrt-health/mac:02010b41cdec/antenna/tag/e2806894000050038662194f, 81
1652716540.410524, sdrt-health/mac:02010b41cdec/antenna/tag/e2806894000040038662114f, 91
1652716540.411027, sdrt-health/mac:02010b41cdec/antenna/tag/e28068940000400386621d4f, 77
1652716540.426638, sdrt-health/mac:02010b41cdec/antenna/tag/e2806894000050038662194f, 83
1652716540.438657, sdrt-health/mac:02010b41cdec/antenna/tag/e28068940000400386621d4f, 77
1652716540.441735, sdrt-health/mac:02010b41cdec/antenna/tag/e2806894000040038662114f, 88
1652716540.489994, sdrt-health/mac:02010b41cdec/antenna/tag/e2806894000040038662114f, 88
1652716540.628516, sdrt-health/mac:02010b41cdec/antenna/tag/e28068940000400386621d4f, 77
1652716540.629033, sdrt-health/mac:02010b41cdec/antenna/tag/e2806894000050038661fd4f, 90
1652716540.665483, sdrt-health/mac:02010b41cdec/antenna/tag/e2806894000050038662154f, 91
1652716540.704097, sdrt-health/mac:02010b41cdec/antenna/tag/e2806894000040038661f94f, 88
1652716540.758487, sdrt-health/mac:02010b41cdec/antenna/tag/e28068940000400386621d4f, 96
1652716540.819504, sdrt-health/mac:02010b41cdec/antenna/tag/e2806894000050038662154f, 91
1652716540.820028, sdrt-health/mac:02010b41cdec/antenna/tag/e28068940000500386620d4f, 84
1652716540.83401, sdrt-health/mac:02010b41cdec/antenna/tag/e2806894000040038662054f, 81
1652716540.834533, sdrt-health/mac:02010b41cdec/antenna/tag/e2806894000050038661fd4f, 83
1652716540.852289, sdrt-health/mac:02010b41cdec/antenna/tag/e2806894000040038662054f, 82
1652716540.909816, sdrt-health/mac:02010b41cdec/antenna/tag/e2806894000050038662154f, 85
1652716540.910284, sdrt-health/mac:02010b41cdec/antenna/tag/e2806894000040038662114f, 91
1652716540.960152, sdrt-health/mac:02010b41cdec/antenna/tag/e28068940000400386621d4f, 96
1652716541.037831, sdrt-health/mac:02010b41cdec/antenna/tag/e2806894000040038662054f, 81
1652716541.038297, sdrt-health/mac:02010b41cdec/antenna/tag/e2806894000050038662194f, 81
1652716541.086439, sdrt-health/mac:02010b41cdec/antenna/tag/e2806894000050038661fd4f, 90
1652716541.144459, sdrt-health/mac:02010b41cdec/antenna/tag/e2806894000040038662114f, 91
1652716541.303466, sdrt-health/mac:02010b41cdec/antenna/tag/e2806894000050038662154f, 85
1652716541.35534, sdrt-health/mac:02010b41cdec/antenna/tag/e2806894000040038661f94f, 81
1652716541.41536, sdrt-health/mac:02010b41cdec/antenna/tag/e2806894000040038662114f, 88
1652716541.465333, sdrt-health/mac:02010b41cdec/antenna/tag/e2806894000050038662194f, 83
1652716541.519802, sdrt-health/mac:02010b41cdec/antenna/tag/e2806894000040038662114f, 88
1652716541.520307, sdrt-health/mac:02010b41cdec/antenna/tag/e28068940000400386621d4f, 96
1652716541.536167, sdrt-health/mac:02010b41cdec/antenna/tag/e28068940000400386621d4f, 77
1652716541.57241, sdrt-health/mac:02010b41cdec/antenna/tag/e2806894000050038661fd4f, 86
1652716541.625455, sdrt-health/mac:02010b41cdec/antenna/tag/e2806894000040038662114f, 91
1652716541.665528, sdrt-health/mac:02010b41cdec/antenna/tag/e2806894000050038661fd4f, 90
1652716541.66591, sdrt-health/mac:02010b41cdec/antenna/tag/e2806894000040038661f94f, 81
1652716541.666176, sdrt-health/mac:02010b41cdec/antenna/tag/e2806894000050038662194f, 81
1652716541.679464, sdrt-health/mac:02010b41cdec/antenna/tag/e2806894000050038662154f, 91
1652716541.679694, sdrt-health/mac:02010b41cdec/antenna/tag/e28068940000400386621d4f, 96
1652716541.717677, sdrt-health/mac:02010b41cdec/antenna/tag/e2806894000050038661fd4f, 86
1652716541.775184, sdrt-health/mac:02010b41cdec/antenna/tag/e2806894000040038662114f, 97
1652716541.803429, sdrt-health/mac:02010b41cdec/antenna/tag/e2806894000050038662194f, 83
1652716541.803817, sdrt-health/mac:02010b41cdec/antenna/tag/e28068940000400386621d4f, 96
1652716541.822516, sdrt-health/mac:02010b41cdec/antenna/tag/e2806894000050038662194f, 83
1652716541.894553, sdrt-health/mac:02010b41cdec/antenna/tag/e2806894000040038662214f, 81
1652716541.895022, sdrt-health/mac:02010b41cdec/antenna/tag/e2806894000050038662194f, 87
1652716541.90878, sdrt-health/mac:02010b41cdec/antenna/tag/e2806894000040038662114f, 91
1652716541.909314, sdrt-health/mac:02010b41cdec/antenna/tag/e2806894000040038662114f, 91
1652716541.936663, sdrt-health/mac:02010b41cdec/antenna/tag/e2806894000050038661fd4f, 97
1652716541.973285, sdrt-health/mac:02010b41cdec/antenna/tag/e28068940000400386621d4f, 77
1652716541.973548, sdrt-health/mac:02010b41cdec/antenna/tag/e2806894000050038661fd4f, 83
1652716541.992016, sdrt-health/mac:02010b41cdec/antenna/tag/e2806894000050038661fd4f, 86
1652716542.05365, sdrt-health/mac:02010b41cdec/antenna/tag/e2806894000050038662194f, 93
1652716542.054417, sdrt-health/mac:02010b41cdec/antenna/tag/e2806894000050038662194f, 87
1652716542.069481, sdrt-health/mac:02010b41cdec/antenna/tag/e2806894000050038661fd4f, 86
1652716542.09327, sdrt-health/mac:02010b41cdec/antenna/tag/e2806894000040038661f94f, 94
1652716542.152494, sdrt-health/mac:02010b41cdec/antenna/tag/e2806894000040038662114f, 88
1652716542.206714, sdrt-health/mac:02010b41cdec/antenna/tag/e2806894000040038662114f, 88
1652716542.234116, sdrt-health/mac:02010b41cdec/antenna/tag/e2806894000050038662154f, 88
1652716542.234329, sdrt-health/mac:02010b41cdec/antenna/tag/e2806894000040038662114f, 91
1652716542.26376, sdrt-health/mac:02010b41cdec/antenna/tag/e2806894000040038662114f, 91
1652716542.322328, sdrt-health/mac:02010b41cdec/antenna/tag/e2806894000040038661f94f, 84
1652716542.322845, sdrt-health/mac:02010b41cdec/antenna/tag/e2806894000040038662114f, 91
1652716542.337331, sdrt-health/mac:02010b41cdec/antenna/tag/e2806894000040038661f94f, 88
1652716542.337972, sdrt-health/mac:02010b41cdec/antenna/tag/e2806894000040038661f94f, 88
1652716542.360344, sdrt-health/mac:02010b41cdec/antenna/tag/e2806894000050038661fd4f, 83
1652716542.388864, sdrt-health/mac:02010b41cdec/antenna/tag/e2806894000050038662154f, 88
1652716542.389071, sdrt-health/mac:02010b41cdec/antenna/tag/e2806894000050038662194f, 81
1652716542.403423, sdrt-health/mac:02010b41cdec/antenna/tag/e28068940000400386621d4f, 77
1652716542.451069, sdrt-health/mac:02010b41cdec/antenna/tag/e2806894000050038662154f, 91
1652716542.520183, sdrt-health/mac:02010b41cdec/antenna/tag/e2806894000050038662194f, 85
1652716542.520661, sdrt-health/mac:02010b41cdec/antenna/tag/e2806894000040038662114f, 88
1652716542.56038, sdrt-health/mac:02010b41cdec/antenna/tag/e2806894000050038662154f, 88
1652716542.614998, sdrt-health/mac:02010b41cdec/antenna/tag/e2806894000050038662194f, 88
1652716542.680248, sdrt-health/mac:02010b41cdec/antenna/tag/e2806894000040038662114f, 91
1652716542.680694, sdrt-health/mac:02010b41cdec/antenna/tag/e2806894000040038662114f, 88
1652716542.695383, sdrt-health/mac:02010b41cdec/antenna/tag/e2806894000050038662154f, 88
1652716542.695678, sdrt-health/mac:02010b41cdec/antenna/tag/e2806894000040038661f94f, 81
1652716542.714042, sdrt-health/mac:02010b41cdec/antenna/tag/e2806894000050038662194f, 87
1652716542.782511, sdrt-health/mac:02010b41cdec/antenna/tag/e2806894000040038662214f, 94
1652716542.815262, sdrt-health/mac:02010b41cdec/antenna/tag/e2806894000040038662114f, 91
1652716542.815755, sdrt-health/mac:02010b41cdec/antenna/tag/e2806894000040038661f94f, 88
1652716542.816009, sdrt-health/mac:02010b41cdec/antenna/tag/e2806894000050038661fd4f, 97
1652716542.828699, sdrt-health/mac:02010b41cdec/antenna/tag/e2806894000040038662214f, 88
1652716542.926819, sdrt-health/mac:02010b41cdec/antenna/tag/e2806894000050038662154f, 91
1652716543.021743, sdrt-health/mac:02010b41cdec/antenna/tag/e2806894000040038662114f, 91
1652716543.049716, sdrt-health/mac:02010b41cdec/antenna/tag/e28068940000400386621d4f, 77
1652716543.050023, sdrt-health/mac:02010b41cdec/antenna/tag/e2806894000040038662214f, 81
1652716543.085107, sdrt-health/mac:02010b41cdec/antenna/tag/e2806894000050038662154f, 85
1652716543.115836, sdrt-health/mac:02010b41cdec/antenna/tag/e28068940000400386621d4f, 77
1652716543.116036, sdrt-health/mac:02010b41cdec/antenna/tag/e2806894000050038662154f, 85
1652716543.183886, sdrt-health/mac:02010b41cdec/antenna/tag/e2806894000050038662194f, 83
1652716543.277707, sdrt-health/mac:02010b41cdec/antenna/tag/e2806894000050038662154f, 88
1652716543.349243, sdrt-health/mac:02010b41cdec/antenna/tag/e2806894000040038662054f, 81
1652716543.349756, sdrt-health/mac:02010b41cdec/antenna/tag/e2806894000050038661fd4f, 86
1652716543.364451, sdrt-health/mac:02010b41cdec/antenna/tag/e2806894000050038662194f, 93
1652716543.384615, sdrt-health/mac:02010b41cdec/antenna/tag/e2806894000040038661f94f, 94
1652716543.421058, sdrt-health/mac:02010b41cdec/antenna/tag/e2806894000050038662154f, 88
1652716543.485146, sdrt-health/mac:02010b41cdec/antenna/tag/e28068940000400386621d4f, 77
1652716543.536483, sdrt-health/mac:02010b41cdec/antenna/tag/e2806894000050038662154f, 91
1652716543.587112, sdrt-health/mac:02010b41cdec/antenna/tag/e2806894000040038662054f, 94
1652716543.627138, sdrt-health/mac:02010b41cdec/antenna/tag/e2806894000050038661fd4f, 86
1652716543.677052, sdrt-health/mac:02010b41cdec/antenna/tag/e2806894000050038662154f, 88
1652716543.707701, sdrt-health/mac:02010b41cdec/antenna/tag/e2806894000050038662194f, 93
1652716543.707975, sdrt-health/mac:02010b41cdec/antenna/tag/e28068940000400386621d4f, 90
1652716543.708153, sdrt-health/mac:02010b41cdec/antenna/tag/e2806894000050038661fd4f, 86
1652716543.741895, sdrt-health/mac:02010b41cdec/antenna/tag/e2806894000040038662114f, 91
1652716543.797982, sdrt-health/mac:02010b41cdec/antenna/tag/e2806894000050038662154f, 91
1652716543.869605, sdrt-health/mac:02010b41cdec/antenna/tag/e2806894000040038662214f, 84
1652716543.870123, sdrt-health/mac:02010b41cdec/antenna/tag/e2806894000050038661fd4f, 83
1652716543.882929, sdrt-health/mac:02010b41cdec/antenna/tag/e2806894000040038662054f, 81
1652716543.904457, sdrt-health/mac:02010b41cdec/antenna/tag/e2806894000040038662214f, 88
1652716543.962212, sdrt-health/mac:02010b41cdec/antenna/tag/e2806894000040038662054f, 84
1652716543.994952, sdrt-health/mac:02010b41cdec/antenna/tag/e2806894000050038662194f, 83
1652716543.995317, sdrt-health/mac:02010b41cdec/antenna/tag/e2806894000050038661fd4f, 83
1652716544.010268, sdrt-health/mac:02010b41cdec/antenna/tag/e2806894000040038662054f, 94
1652716544.065053, sdrt-health/mac:02010b41cdec/antenna/tag/e2806894000050038662154f, 85
1652716544.120069, sdrt-health/mac:02010b41cdec/antenna/tag/e28068940000400386621d4f, 77
1652716544.151656, sdrt-health/mac:02010b41cdec/antenna/tag/e2806894000050038662194f, 93
1652716544.152113, sdrt-health/mac:02010b41cdec/antenna/tag/e2806894000040038662054f, 84
1652716544.177734, sdrt-health/mac:02010b41cdec/antenna/tag/e2806894000050038662194f, 81
1652716544.240519, sdrt-health/mac:02010b41cdec/antenna/tag/e2806894000050038662194f, 88
1652716544.309463, sdrt-health/mac:02010b41cdec/antenna/tag/e28068940000400386621d4f, 96
1652716544.338815, sdrt-health/mac:02010b41cdec/antenna/tag/e2806894000050038661fd4f, 86
1652716544.339284, sdrt-health/mac:02010b41cdec/antenna/tag/e2806894000050038662154f, 85
1652716544.365365, sdrt-health/mac:02010b41cdec/antenna/tag/e2806894000040038662114f, 88
1652716544.428322, sdrt-health/mac:02010b41cdec/antenna/tag/e2806894000040038662054f, 81
1652716544.428874, sdrt-health/mac:02010b41cdec/antenna/tag/e2806894000050038661fd4f, 86
1652716544.466016, sdrt-health/mac:02010b41cdec/antenna/tag/e2806894000050038662154f, 88
1652716544.496528, sdrt-health/mac:02010b41cdec/antenna/tag/e2806894000050038662154f, 91
1652716544.496918, sdrt-health/mac:02010b41cdec/antenna/tag/e2806894000040038661f94f, 83
1652716544.551914, sdrt-health/mac:02010b41cdec/antenna/tag/e28068940000400386621d4f, 96
1652716544.582297, sdrt-health/mac:02010b41cdec/antenna/tag/e2806894000040038662114f, 91
1652716544.582605, sdrt-health/mac:02010b41cdec/antenna/tag/e2806894000050038661fd4f, 90
1652716544.606506, sdrt-health/mac:02010b41cdec/antenna/tag/e2806894000050038661fd4f, 86
1652716544.643217, sdrt-health/mac:02010b41cdec/antenna/tag/e2806894000050038661fd4f, 90
1652716544.697674, sdrt-health/mac:02010b41cdec/antenna/tag/e28068940000400386621d4f, 96
1652716544.778051, sdrt-health/mac:02010b41cdec/antenna/tag/e28068940000400386621d4f, 96
1652716544.778599, sdrt-health/mac:02010b41cdec/antenna/tag/e2806894000050038662194f, 83
1652716544.798805, sdrt-health/mac:02010b41cdec/antenna/tag/e2806894000050038662194f, 93
1652716544.86228, sdrt-health/mac:02010b41cdec/antenna/tag/e2806894000050038662194f, 81
1652716544.905805, sdrt-health/mac:02010b41cdec/antenna/tag/e28068940000400386621d4f, 96
1652716544.934602, sdrt-health/mac:02010b41cdec/antenna/tag/e2806894000050038661fd4f, 90
1652716544.935031, sdrt-health/mac:02010b41cdec/antenna/tag/e2806894000050038662194f, 81
1652716544.954734, sdrt-health/mac:02010b41cdec/antenna/tag/e2806894000040038662054f, 81
1652716544.999347, sdrt-health/mac:02010b41cdec/antenna/tag/e2806894000040038662114f, 91
1652716545.045692, sdrt-health/mac:02010b41cdec/antenna/tag/e2806894000040038662214f, 88
1652716545.094577, sdrt-health/mac:02010b41cdec/antenna/tag/e2806894000050038661fd4f, 86
1652716545.134709, sdrt-health/mac:02010b41cdec/antenna/tag/e28068940000400386621d4f, 96
1652716545.185217, sdrt-health/mac:02010b41cdec/antenna/tag/e2806894000050038662194f, 83
1652716545.252755, sdrt-health/mac:02010b41cdec/antenna/tag/e2806894000040038662114f, 88
1652716545.253244, sdrt-health/mac:02010b41cdec/antenna/tag/e2806894000040038662114f, 91
1652716545.267741, sdrt-health/mac:02010b41cdec/antenna/tag/e2806894000040038662114f, 91
1652716545.320579, sdrt-health/mac:02010b41cdec/antenna/tag/e28068940000400386621d4f, 96
1652716545.389964, sdrt-health/mac:02010b41cdec/antenna/tag/e2806894000050038662194f, 83
1652716545.39047, sdrt-health/mac:02010b41cdec/antenna/tag/e2806894000040038662114f, 85
1652716545.404524, sdrt-health/mac:02010b41cdec/antenna/tag/e2806894000050038662154f, 91
1652716545.43356, sdrt-health/mac:02010b41cdec/antenna/tag/e2806894000050038662154f, 91
1652716545.508469, sdrt-health/mac:02010b41cdec/antenna/tag/e2806894000040038662114f, 91
1652716545.508975, sdrt-health/mac:02010b41cdec/antenna/tag/e2806894000050038662014f, 82
1652716545.522554, sdrt-health/mac:02010b41cdec/antenna/tag/e2806894000040038661f94f, 81
1652716545.52307, sdrt-health/mac:02010b41cdec/antenna/tag/e2806894000050038661fd4f, 90
1652716545.542112, sdrt-health/mac:02010b41cdec/antenna/tag/e2806894000040038661f94f, 94
1652716545.594848, sdrt-health/mac:02010b41cdec/antenna/tag/e2806894000050038662194f, 83
1652716545.654663, sdrt-health/mac:02010b41cdec/antenna/tag/e2806894000040038662114f, 91
1652716545.695437, sdrt-health/mac:02010b41cdec/antenna/tag/e2806894000050038662154f, 91
1652716545.744079, sdrt-health/mac:02010b41cdec/antenna/tag/e2806894000040038661f94f, 81
1652716545.797996, sdrt-health/mac:02010b41cdec/antenna/tag/e2806894000050038662154f, 88
1652716545.858951, sdrt-health/mac:02010b41cdec/antenna/tag/e2806894000040038661f94f, 94
1652716545.859441, sdrt-health/mac:02010b41cdec/antenna/tag/e2806894000040038662114f, 88
1652716545.887396, sdrt-health/mac:02010b41cdec/antenna/tag/e2806894000040038662054f, 88
1652716545.887982, sdrt-health/mac:02010b41cdec/antenna/tag/e28068940000400386621d4f, 77
1652716545.946143, sdrt-health/mac:02010b41cdec/antenna/tag/e2806894000050038662194f, 81
1652716545.976745, sdrt-health/mac:02010b41cdec/antenna/tag/e2806894000050038661fd4f, 83
1652716545.97728, sdrt-health/mac:02010b41cdec/antenna/tag/e2806894000050038662154f, 88
1652716545.994434, sdrt-health/mac:02010b41cdec/antenna/tag/e2806894000050038662154f, 91
1652716546.038828, sdrt-health/mac:02010b41cdec/antenna/tag/e28068940000400386621d4f, 96
1652716546.039583, sdrt-health/mac:02010b41cdec/antenna/tag/e2806894000050038662194f, 94
1652716546.137503, sdrt-health/mac:02010b41cdec/antenna/tag/e2806894000050038662154f, 97
1652716546.216131, sdrt-health/mac:02010b41cdec/antenna/tag/e2806894000040038662114f, 97
1652716546.216679, sdrt-health/mac:02010b41cdec/antenna/tag/e2806894000050038661fd4f, 86
1652716546.229916, sdrt-health/mac:02010b41cdec/antenna/tag/e2806894000040038662114f, 91
1652716546.292986, sdrt-health/mac:02010b41cdec/antenna/tag/e2806894000040038662054f, 94
1652716546.293283, sdrt-health/mac:02010b41cdec/antenna/tag/e2806894000050038662194f, 87
1652716546.328322, sdrt-health/mac:02010b41cdec/antenna/tag/e2806894000050038662154f, 91
1652716546.358989, sdrt-health/mac:02010b41cdec/antenna/tag/e28068940000400386621d4f, 96
1652716546.359294, sdrt-health/mac:02010b41cdec/antenna/tag/e2806894000040038662054f, 94
1652716546.384052, sdrt-health/mac:02010b41cdec/antenna/tag/e2806894000050038661fd4f, 83
1652716546.423733, sdrt-health/mac:02010b41cdec/antenna/tag/e2806894000050038662194f, 88
1652716546.464787, sdrt-health/mac:02010b41cdec/antenna/tag/e2806894000050038662194f, 88
1652716546.696318, sdrt-health/mac:02010b41cdec/antenna/tag/e2806894000040038662214f, 83
1652716546.765649, sdrt-health/mac:02010b41cdec/antenna/tag/scan, scan stopped
