1652716470.013893, sdrt-health/mac:02010b41cdec/antenna/power/set, {"power": 280}
1652716471.099447, sdrt-health/mac:02010b41cdec/antenna/power/set, 
1652716475.034676, sdrt-health/mac:02010b41cdec/antenna/tag/scan, {"time": 20000}
1652716475.417728, sdrt-health/mac:02010b41cdec/antenna/tag/e2806894000050038662154f, 88
1652716475.46432, sdrt-health/mac:02010b41cdec/antenna/tag/e28068940000400386621d4f, 90
1652716475.518138, sdrt-health/mac:02010b41cdec/antenna/tag/e2806894000050038661fd4f, 86
1652716475.518413, sdrt-health/mac:02010b41cdec/antenna/tag/e2806894000040038662114f, 91
1652716475.558098, sdrt-health/mac:02010b41cdec/antenna/tag/e2806894000040038662114f, 91
1652716475.586522, sdrt-health/mac:02010b41cdec/antenna/tag/e2806894000050038661fd4f, 83
1652716475.58674, sdrt-health/mac:02010b41cdec/antenna/tag/e2806894000050038661fd4f, 83
1652716475.622747, sdrt-health/mac:02010b41cdec/antenna/tag/e2806894000050038662154f, 88
1652716475.673926, sdrt-health/mac:02010b41cdec/antenna/tag/e2806894000050038662154f, 91
1652716475.726934, sdrt-health/mac:02010b41cdec/antenna/tag/e2806894000050038661fd4f, 86
1652716475.78231, sdrt-health/mac:02010b41cdec/antenna/tag/e2806894000050038662154f, 88
1652716475.838875, sdrt-health/mac:02010b41cdec/antenna/tag/e2806894000040038662114f, 88
1652716475.839138, sdrt-health/mac:02010b41cdec/antenna/tag/e28068940000400386621d4f, 77
1652716475.857814, sdrt-health/mac:02010b41cdec/antenna/tag/e2806894000050038661fd4f, 83
1652716475.894487, sdrt-health/mac:02010b41cdec/antenna/tag/e2806894000040038662114f, 88
1652716475.89474, sdrt-health/mac:02010b41cdec/antenna/tag/e2806894000050038662154f, 85
1652716475.908742, sdrt-health/mac:02010b41cdec/antenna/tag/e2806894000050038662154f, 85
1652716475.908967, sdrt-health/mac:02010b41cdec/antenna/tag/e2806894000040038662114f, 91
1652716475.923403, sdrt-health/mac:02010b41cdec/antenna/tag/e28068940000400386621d4f, 77
1652716475.990984, sdrt-health/mac:02010b41cdec/antenna/tag/e28068940000400386621d4f, 96
1652716476.018646, sdrt-health/mac:02010b41cdec/antenna/tag/e2806894000050038661fd4f, 86
1652716476.01905, sdrt-health/mac:02010b41cdec/antenna/tag/e2806894000050038662154f, 91
1652716476.039045, sdrt-health/mac:02010b41cdec/antenna/tag/e28068940000400386621d4f, 96
1652716476.067734, sdrt-health/mac:02010b41cdec/antenna/tag/e2806894000050038662154f, 88
1652716476.068247, sdrt-health/mac:02010b41cdec/antenna/tag/e2806894000050038662154f, 97
1652716476.094205, sdrt-health/mac:02010b41cdec/antenna/tag/e2806894000050038662194f, 87
1652716476.123933, sdrt-health/mac:02010b41cdec/antenna/tag/e2806894000050038662154f, 88
1652716476.124354, sdrt-health/mac:02010b41cdec/antenna/tag/e28068940000400386621d4f, 96
1652716476.172221, sdrt-health/mac:02010b41cdec/antenna/tag/e2806894000050038662154f, 91
1652716476.200543, sdrt-health/mac:02010b41cdec/antenna/tag/e28068940000400386621d4f, 96
1652716476.200843, sdrt-health/mac:02010b41cdec/antenna/tag/e2806894000040038662114f, 91
1652716476.231946, sdrt-health/mac:02010b41cdec/antenna/tag/e2806894000040038662114f, 88
1652716476.261374, sdrt-health/mac:02010b41cdec/antenna/tag/e28068940000400386621d4f, 96
1652716476.261598, sdrt-health/mac:02010b41cdec/antenna/tag/e2806894000040038662114f, 85
1652716476.278145, sdrt-health/mac:02010b41cdec/antenna/tag/e28068940000400386621d4f, 96
1652716476.338856, sdrt-health/mac:02010b41cdec/antenna/tag/e28068940000400386621d4f, 96
1652716476.339129, sdrt-health/mac:02010b41cdec/antenna/tag/e2806894000040038662114f, 88
1652716476.38561, sdrt-health/mac:02010b41cdec/antenna/tag/e2806894000050038662154f, 88
1652716476.462228, sdrt-health/mac:02010b41cdec/antenna/tag/e28068940000400386621d4f, 90
1652716476.46248, sdrt-health/mac:02010b41cdec/antenna/tag/e2806894000040038662114f, 88
1652716476.477125, sdrt-health/mac:02010b41cdec/antenna/tag/e2806894000050038661fd4f, 86
1652716476.528538, sdrt-health/mac:02010b41cdec/antenna/tag/e2806894000050038661fd4f, 90
1652716476.589296, sdrt-health/mac:02010b41cdec/antenna/tag/e28068940000400386621d4f, 96
1652716476.589763, sdrt-health/mac:02010b41cdec/antenna/tag/e2806894000040038662114f, 88
1652716476.602602, sdrt-health/mac:02010b41cdec/antenna/tag/e2806894000050038662154f, 88
1652716476.602856, sdrt-health/mac:02010b41cdec/antenna/tag/e2806894000040038662114f, 88
1652716476.625527, sdrt-health/mac:02010b41cdec/antenna/tag/e28068940000400386621d4f, 90
1652716476.693223, sdrt-health/mac:02010b41cdec/antenna/tag/e2806894000050038661fd4f, 86
1652716476.693682, sdrt-health/mac:02010b41cdec/antenna/tag/e2806894000050038662154f, 91
1652716476.708032, sdrt-health/mac:02010b41cdec/antenna/tag/e28068940000400386621d4f, 96
1652716476.708583, sdrt-health/mac:02010b41cdec/antenna/tag/e2806894000050038662154f, 88
1652716476.724693, sdrt-health/mac:02010b41cdec/antenna/tag/e2806894000050038662154f, 85
1652716476.802861, sdrt-health/mac:02010b41cdec/antenna/tag/e2806894000040038662214f, 84
1652716476.803346, sdrt-health/mac:02010b41cdec/antenna/tag/e2806894000040038662114f, 88
1652716476.818482, sdrt-health/mac:02010b41cdec/antenna/tag/e2806894000040038662214f, 94
1652716476.81886, sdrt-health/mac:02010b41cdec/antenna/tag/e28068940000400386621d4f, 77
1652716476.838309, sdrt-health/mac:02010b41cdec/antenna/tag/e2806894000050038662154f, 88
1652716476.886098, sdrt-health/mac:02010b41cdec/antenna/tag/e2806894000040038662114f, 88
1652716476.935575, sdrt-health/mac:02010b41cdec/antenna/tag/e2806894000050038662154f, 88
1652716477.000525, sdrt-health/mac:02010b41cdec/antenna/tag/e2806894000040038662114f, 88
1652716477.000939, sdrt-health/mac:02010b41cdec/antenna/tag/e2806894000050038661fd4f, 86
1652716477.015798, sdrt-health/mac:02010b41cdec/antenna/tag/e2806894000040038662114f, 91
1652716477.060434, sdrt-health/mac:02010b41cdec/antenna/tag/e2806894000040038662114f, 97
1652716477.159449, sdrt-health/mac:02010b41cdec/antenna/tag/e28068940000400386621d4f, 90
1652716477.204949, sdrt-health/mac:02010b41cdec/antenna/tag/e2806894000040038662114f, 91
1652716477.257621, sdrt-health/mac:02010b41cdec/antenna/tag/e28068940000400386621d4f, 96
1652716477.285878, sdrt-health/mac:02010b41cdec/antenna/tag/e2806894000050038661fd4f, 83
1652716477.286114, sdrt-health/mac:02010b41cdec/antenna/tag/e2806894000040038662114f, 88
1652716477.305229, sdrt-health/mac:02010b41cdec/antenna/tag/e2806894000040038662114f, 85
1652716477.369093, sdrt-health/mac:02010b41cdec/antenna/tag/e2806894000040038662214f, 81
1652716477.369521, sdrt-health/mac:02010b41cdec/antenna/tag/e2806894000050038662194f, 84
1652716477.416774, sdrt-health/mac:02010b41cdec/antenna/tag/e2806894000050038661fd4f, 86
1652716477.478835, sdrt-health/mac:02010b41cdec/antenna/tag/e2806894000050038662154f, 91
1652716477.479156, sdrt-health/mac:02010b41cdec/antenna/tag/e28068940000400386621d4f, 96
1652716477.493107, sdrt-health/mac:02010b41cdec/antenna/tag/e2806894000050038662194f, 83
1652716477.512315, sdrt-health/mac:02010b41cdec/antenna/tag/e2806894000050038661fd4f, 86
1652716477.543564, sdrt-health/mac:02010b41cdec/antenna/tag/e2806894000040038662114f, 85
1652716477.543781, sdrt-health/mac:02010b41cdec/antenna/tag/e2806894000050038661fd4f, 86
1652716477.543895, sdrt-health/mac:02010b41cdec/antenna/tag/e2806894000050038662154f, 88
1652716477.569535, sdrt-health/mac:02010b41cdec/antenna/tag/e2806894000050038662154f, 88
1652716477.630052, sdrt-health/mac:02010b41cdec/antenna/tag/e2806894000040038662114f, 85
1652716477.630532, sdrt-health/mac:02010b41cdec/antenna/tag/e2806894000050038661fd4f, 86
1652716477.644811, sdrt-health/mac:02010b41cdec/antenna/tag/e2806894000050038661fd4f, 83
1652716477.665488, sdrt-health/mac:02010b41cdec/antenna/tag/e28068940000400386621d4f, 96
1652716477.818653, sdrt-health/mac:02010b41cdec/antenna/tag/e2806894000040038661f94f, 81
1652716477.992735, sdrt-health/mac:02010b41cdec/antenna/tag/e2806894000040038662214f, 82
1652716477.99308, sdrt-health/mac:02010b41cdec/antenna/tag/e28068940000400386621d4f, 96
1652716478.007976, sdrt-health/mac:02010b41cdec/antenna/tag/e2806894000050038662194f, 87
1652716478.008271, sdrt-health/mac:02010b41cdec/antenna/tag/e2806894000050038662194f, 81
1652716478.008481, sdrt-health/mac:02010b41cdec/antenna/tag/e28068940000400386621d4f, 96
1652716478.009462, sdrt-health/mac:02010b41cdec/antenna/tag/e2806894000050038662154f, 91
1652716478.039821, sdrt-health/mac:02010b41cdec/antenna/tag/e2806894000050038662154f, 91
1652716478.067295, sdrt-health/mac:02010b41cdec/antenna/tag/e28068940000400386621d4f, 90
1652716478.0675, sdrt-health/mac:02010b41cdec/antenna/tag/e2806894000040038662114f, 88
1652716478.067619, sdrt-health/mac:02010b41cdec/antenna/tag/e2806894000040038662114f, 91
1652716478.067773, sdrt-health/mac:02010b41cdec/antenna/tag/e28068940000400386621d4f, 90
1652716478.067914, sdrt-health/mac:02010b41cdec/antenna/tag/e2806894000050038661fd4f, 86
1652716478.06803, sdrt-health/mac:02010b41cdec/antenna/tag/e2806894000040038662114f, 88
1652716478.06814, sdrt-health/mac:02010b41cdec/antenna/tag/e2806894000050038661fd4f, 86
1652716478.100511, sdrt-health/mac:02010b41cdec/antenna/tag/e2806894000050038661fd4f, 86
1652716478.12891, sdrt-health/mac:02010b41cdec/antenna/tag/e2806894000040038662114f, 85
1652716478.12913, sdrt-health/mac:02010b41cdec/antenna/tag/e2806894000050038662154f, 91
1652716478.129249, sdrt-health/mac:02010b41cdec/antenna/tag/e2806894000050038661fd4f, 86
1652716478.143964, sdrt-health/mac:02010b41cdec/antenna/tag/e2806894000050038662194f, 83
1652716478.184351, sdrt-health/mac:02010b41cdec/antenna/tag/e2806894000050038662194f, 83
1652716478.225589, sdrt-health/mac:02010b41cdec/antenna/tag/e2806894000040038662114f, 88
1652716478.280685, sdrt-health/mac:02010b41cdec/antenna/tag/e2806894000050038661fd4f, 83
1652716478.280879, sdrt-health/mac:02010b41cdec/antenna/tag/e2806894000050038661fd4f, 86
1652716478.517611, sdrt-health/mac:02010b41cdec/antenna/tag/e28068940000400386621d4f, 96
1652716478.546943, sdrt-health/mac:02010b41cdec/antenna/tag/e2806894000050038662154f, 91
1652716478.547168, sdrt-health/mac:02010b41cdec/antenna/tag/e2806894000040038662114f, 91
1652716478.547342, sdrt-health/mac:02010b41cdec/antenna/tag/e2806894000050038661fd4f, 86
1652716478.568658, sdrt-health/mac:02010b41cdec/antenna/tag/e2806894000040038662114f, 91
1652716478.596647, sdrt-health/mac:02010b41cdec/antenna/tag/e28068940000400386621d4f, 96
1652716478.596896, sdrt-health/mac:02010b41cdec/antenna/tag/e2806894000040038662114f, 91
1652716478.597072, sdrt-health/mac:02010b41cdec/antenna/tag/e28068940000400386621d4f, 90
1652716478.597237, sdrt-health/mac:02010b41cdec/antenna/tag/e2806894000050038662154f, 85
1652716478.597443, sdrt-health/mac:02010b41cdec/antenna/tag/e2806894000040038662114f, 91
1652716478.597715, sdrt-health/mac:02010b41cdec/antenna/tag/e2806894000040038662114f, 88
1652716478.59791, sdrt-health/mac:02010b41cdec/antenna/tag/e2806894000050038661fd4f, 86
1652716478.598066, sdrt-health/mac:02010b41cdec/antenna/tag/e2806894000050038662194f, 81
1652716478.598295, sdrt-health/mac:02010b41cdec/antenna/tag/e2806894000050038662154f, 85
1652716478.617455, sdrt-health/mac:02010b41cdec/antenna/tag/e2806894000050038662154f, 85
1652716478.646276, sdrt-health/mac:02010b41cdec/antenna/tag/e2806894000050038662194f, 83
1652716478.646495, sdrt-health/mac:02010b41cdec/antenna/tag/e2806894000040038662114f, 88
1652716478.646629, sdrt-health/mac:02010b41cdec/antenna/tag/e28068940000400386621d4f, 77
1652716478.66429, sdrt-health/mac:02010b41cdec/antenna/tag/e28068940000400386621d4f, 96
1652716478.734029, sdrt-health/mac:02010b41cdec/antenna/tag/e2806894000050038662154f, 85
1652716478.803961, sdrt-health/mac:02010b41cdec/antenna/tag/e2806894000040038662114f, 85
1652716478.857811, sdrt-health/mac:02010b41cdec/antenna/tag/e28068940000400386621d4f, 96
1652716478.886352, sdrt-health/mac:02010b41cdec/antenna/tag/e2806894000040038662114f, 85
1652716478.886549, sdrt-health/mac:02010b41cdec/antenna/tag/e2806894000050038661fd4f, 86
1652716478.899553, sdrt-health/mac:02010b41cdec/antenna/tag/e2806894000040038662114f, 88
1652716478.89987, sdrt-health/mac:02010b41cdec/antenna/tag/e2806894000040038662114f, 85
1652716478.952785, sdrt-health/mac:02010b41cdec/antenna/tag/e28068940000400386621d4f, 96
1652716478.982449, sdrt-health/mac:02010b41cdec/antenna/tag/e2806894000050038661fd4f, 86
1652716478.982688, sdrt-health/mac:02010b41cdec/antenna/tag/e2806894000040038662114f, 88
1652716479.014347, sdrt-health/mac:02010b41cdec/antenna/tag/e2806894000050038662154f, 88
1652716479.042466, sdrt-health/mac:02010b41cdec/antenna/tag/e2806894000050038661fd4f, 86
1652716479.042674, sdrt-health/mac:02010b41cdec/antenna/tag/e2806894000040038662114f, 88
1652716479.042792, sdrt-health/mac:02010b41cdec/antenna/tag/e2806894000050038662154f, 88
1652716479.055927, sdrt-health/mac:02010b41cdec/antenna/tag/e2806894000050038661fd4f, 86
1652716479.056458, sdrt-health/mac:02010b41cdec/antenna/tag/e2806894000050038662154f, 88
1652716479.104453, sdrt-health/mac:02010b41cdec/antenna/tag/e2806894000040038662114f, 91
1652716479.183961, sdrt-health/mac:02010b41cdec/antenna/tag/e28068940000400386621d4f, 90
1652716479.184164, sdrt-health/mac:02010b41cdec/antenna/tag/e2806894000050038661fd4f, 86
1652716479.214873, sdrt-health/mac:02010b41cdec/antenna/tag/e2806894000040038662114f, 88
1652716479.278582, sdrt-health/mac:02010b41cdec/antenna/tag/e2806894000050038662154f, 93
1652716479.278785, sdrt-health/mac:02010b41cdec/antenna/tag/e2806894000050038662154f, 85
1652716479.304136, sdrt-health/mac:02010b41cdec/antenna/tag/e2806894000050038662194f, 87
1652716479.343872, sdrt-health/mac:02010b41cdec/antenna/tag/e2806894000050038662194f, 83
1652716479.398427, sdrt-health/mac:02010b41cdec/antenna/tag/e2806894000040038662114f, 91
1652716479.39889, sdrt-health/mac:02010b41cdec/antenna/tag/e2806894000050038662154f, 88
1652716479.424129, sdrt-health/mac:02010b41cdec/antenna/tag/e2806894000050038661fd4f, 83
1652716479.481277, sdrt-health/mac:02010b41cdec/antenna/tag/e2806894000050038661fd4f, 86
1652716479.51052, sdrt-health/mac:02010b41cdec/antenna/tag/e2806894000050038661fd4f, 86
1652716479.510917, sdrt-health/mac:02010b41cdec/antenna/tag/e2806894000050038662154f, 85
1652716479.533014, sdrt-health/mac:02010b41cdec/antenna/tag/e2806894000050038661fd4f, 86
1652716479.561768, sdrt-health/mac:02010b41cdec/antenna/tag/e2806894000040038662114f, 88
1652716479.562024, sdrt-health/mac:02010b41cdec/antenna/tag/e2806894000050038662154f, 88
1652716479.562149, sdrt-health/mac:02010b41cdec/antenna/tag/e28068940000400386621d4f, 96
1652716479.576534, sdrt-health/mac:02010b41cdec/antenna/tag/e2806894000050038662154f, 88
1652716479.576763, sdrt-health/mac:02010b41cdec/antenna/tag/e28068940000400386621d4f, 96
1652716479.61428, sdrt-health/mac:02010b41cdec/antenna/tag/e28068940000400386621d4f, 96
1652716479.672895, sdrt-health/mac:02010b41cdec/antenna/tag/e2806894000050038662154f, 91
1652716479.724858, sdrt-health/mac:02010b41cdec/antenna/tag/e2806894000050038661fd4f, 83
1652716479.764812, sdrt-health/mac:02010b41cdec/antenna/tag/e2806894000050038662194f, 81
1652716479.848284, sdrt-health/mac:02010b41cdec/antenna/tag/e2806894000040038662114f, 88
1652716479.848598, sdrt-health/mac:02010b41cdec/antenna/tag/e28068940000400386621d4f, 96
1652716479.895573, sdrt-health/mac:02010b41cdec/antenna/tag/e28068940000400386621d4f, 96
1652716479.948148, sdrt-health/mac:02010b41cdec/antenna/tag/e2806894000050038662194f, 94
1652716479.948467, sdrt-health/mac:02010b41cdec/antenna/tag/e2806894000040038662214f, 88
1652716479.994981, sdrt-health/mac:02010b41cdec/antenna/tag/e2806894000050038661fd4f, 83
1652716480.038482, sdrt-health/mac:02010b41cdec/antenna/tag/e28068940000400386621d4f, 77
1652716480.095006, sdrt-health/mac:02010b41cdec/antenna/tag/e2806894000050038661fd4f, 83
1652716480.144801, sdrt-health/mac:02010b41cdec/antenna/tag/e2806894000050038662194f, 81
1652716480.172266, sdrt-health/mac:02010b41cdec/antenna/tag/e2806894000050038661fd4f, 91
1652716480.172545, sdrt-health/mac:02010b41cdec/antenna/tag/e2806894000040038662114f, 88
1652716480.186513, sdrt-health/mac:02010b41cdec/antenna/tag/e2806894000050038662154f, 93
1652716480.254485, sdrt-health/mac:02010b41cdec/antenna/tag/e2806894000040038662114f, 91
1652716480.294306, sdrt-health/mac:02010b41cdec/antenna/tag/e28068940000400386621d4f, 96
1652716480.358936, sdrt-health/mac:02010b41cdec/antenna/tag/e2806894000050038662154f, 85
1652716480.359984, sdrt-health/mac:02010b41cdec/antenna/tag/e2806894000050038662154f, 85
1652716480.402924, sdrt-health/mac:02010b41cdec/antenna/tag/e2806894000050038662154f, 85
1652716480.473514, sdrt-health/mac:02010b41cdec/antenna/tag/e2806894000040038662114f, 88
1652716480.47389, sdrt-health/mac:02010b41cdec/antenna/tag/e2806894000050038662194f, 94
1652716480.488318, sdrt-health/mac:02010b41cdec/antenna/tag/e2806894000050038662194f, 83
1652716480.48875, sdrt-health/mac:02010b41cdec/antenna/tag/e2806894000040038662114f, 88
1652716480.493038, sdrt-health/mac:02010b41cdec/antenna/tag/e2806894000050038662194f, 94
1652716480.505964, sdrt-health/mac:02010b41cdec/antenna/tag/e2806894000040038662114f, 91
1652716480.548192, sdrt-health/mac:02010b41cdec/antenna/tag/e2806894000050038662154f, 88
1652716480.548813, sdrt-health/mac:02010b41cdec/antenna/tag/e28068940000400386621d4f, 90
1652716480.597332, sdrt-health/mac:02010b41cdec/antenna/tag/e2806894000050038661fd4f, 86
1652716480.645198, sdrt-health/mac:02010b41cdec/antenna/tag/e2806894000050038662154f, 88
1652716480.704328, sdrt-health/mac:02010b41cdec/antenna/tag/e2806894000050038661fd4f, 86
1652716480.774433, sdrt-health/mac:02010b41cdec/antenna/tag/e28068940000400386621d4f, 90
1652716480.774814, sdrt-health/mac:02010b41cdec/antenna/tag/e2806894000050038662194f, 83
1652716480.787828, sdrt-health/mac:02010b41cdec/antenna/tag/e28068940000400386621d4f, 77
1652716480.788054, sdrt-health/mac:02010b41cdec/antenna/tag/e2806894000050038662194f, 83
1652716480.788209, sdrt-health/mac:02010b41cdec/antenna/tag/e28068940000400386621d4f, 77
1652716480.812311, sdrt-health/mac:02010b41cdec/antenna/tag/e2806894000050038662194f, 81
1652716480.893061, sdrt-health/mac:02010b41cdec/antenna/tag/e28068940000400386621d4f, 77
1652716480.893244, sdrt-health/mac:02010b41cdec/antenna/tag/e2806894000050038662154f, 93
1652716480.906483, sdrt-health/mac:02010b41cdec/antenna/tag/e2806894000040038662114f, 91
1652716480.957153, sdrt-health/mac:02010b41cdec/antenna/tag/e2806894000040038662114f, 88
1652716480.957522, sdrt-health/mac:02010b41cdec/antenna/tag/e2806894000050038661fd4f, 86
1652716480.970415, sdrt-health/mac:02010b41cdec/antenna/tag/e28068940000400386621d4f, 96
1652716480.97069, sdrt-health/mac:02010b41cdec/antenna/tag/e2806894000050038661fd4f, 90
1652716480.984536, sdrt-health/mac:02010b41cdec/antenna/tag/e2806894000040038662114f, 91
1652716481.03535, sdrt-health/mac:02010b41cdec/antenna/tag/e2806894000050038662194f, 81
1652716481.077747, sdrt-health/mac:02010b41cdec/antenna/tag/e2806894000050038662194f, 83
1652716481.12724, sdrt-health/mac:02010b41cdec/antenna/tag/e2806894000040038662114f, 88
1652716481.192087, sdrt-health/mac:02010b41cdec/antenna/tag/e2806894000050038662154f, 85
1652716481.245473, sdrt-health/mac:02010b41cdec/antenna/tag/e2806894000050038662194f, 83
1652716481.285503, sdrt-health/mac:02010b41cdec/antenna/tag/e2806894000050038662194f, 81
1652716481.359113, sdrt-health/mac:02010b41cdec/antenna/tag/e2806894000050038662154f, 85
1652716481.359337, sdrt-health/mac:02010b41cdec/antenna/tag/e2806894000040038662114f, 88
1652716481.374158, sdrt-health/mac:02010b41cdec/antenna/tag/e2806894000040038662114f, 88
1652716481.414489, sdrt-health/mac:02010b41cdec/antenna/tag/e2806894000050038662154f, 85
1652716481.478815, sdrt-health/mac:02010b41cdec/antenna/tag/e2806894000050038662194f, 81
1652716481.537981, sdrt-health/mac:02010b41cdec/antenna/tag/e2806894000050038661fd4f, 97
1652716481.538321, sdrt-health/mac:02010b41cdec/antenna/tag/e2806894000040038662114f, 85
1652716481.565863, sdrt-health/mac:02010b41cdec/antenna/tag/e2806894000050038662154f, 91
1652716481.654534, sdrt-health/mac:02010b41cdec/antenna/tag/e2806894000040038662114f, 88
1652716481.703306, sdrt-health/mac:02010b41cdec/antenna/tag/e28068940000400386621d4f, 96
1652716481.734623, sdrt-health/mac:02010b41cdec/antenna/tag/e2806894000040038662114f, 88
1652716481.734937, sdrt-health/mac:02010b41cdec/antenna/tag/e28068940000400386621d4f, 96
1652716481.749364, sdrt-health/mac:02010b41cdec/antenna/tag/e2806894000050038661fd4f, 97
1652716481.904485, sdrt-health/mac:02010b41cdec/antenna/tag/e28068940000400386621d4f, 90
1652716481.956963, sdrt-health/mac:02010b41cdec/antenna/tag/e2806894000050038661fd4f, 86
1652716482.01823, sdrt-health/mac:02010b41cdec/antenna/tag/e2806894000050038662154f, 88
1652716482.018455, sdrt-health/mac:02010b41cdec/antenna/tag/e28068940000400386621d4f, 90
1652716482.055497, sdrt-health/mac:02010b41cdec/antenna/tag/e2806894000050038662154f, 88
1652716482.08427, sdrt-health/mac:02010b41cdec/antenna/tag/e2806894000050038661fd4f, 83
1652716482.084502, sdrt-health/mac:02010b41cdec/antenna/tag/e2806894000050038661fd4f, 83
1652716482.099411, sdrt-health/mac:02010b41cdec/antenna/tag/e2806894000040038662114f, 91
1652716482.099687, sdrt-health/mac:02010b41cdec/antenna/tag/e2806894000050038662154f, 91
1652716482.14501, sdrt-health/mac:02010b41cdec/antenna/tag/e2806894000050038661fd4f, 83
1652716482.211158, sdrt-health/mac:02010b41cdec/antenna/tag/e28068940000400386621d4f, 96
1652716482.21143, sdrt-health/mac:02010b41cdec/antenna/tag/e2806894000050038661fd4f, 83
1652716482.225109, sdrt-health/mac:02010b41cdec/antenna/tag/e28068940000400386621d4f, 96
1652716482.252371, sdrt-health/mac:02010b41cdec/antenna/tag/e2806894000050038661fd4f, 86
1652716482.289121, sdrt-health/mac:02010b41cdec/antenna/tag/e2806894000040038662114f, 88
1652716482.289425, sdrt-health/mac:02010b41cdec/antenna/tag/e2806894000050038661fd4f, 86
1652716482.306927, sdrt-health/mac:02010b41cdec/antenna/tag/e28068940000400386621d4f, 96
1652716482.344273, sdrt-health/mac:02010b41cdec/antenna/tag/e2806894000040038662114f, 91
1652716482.344745, sdrt-health/mac:02010b41cdec/antenna/tag/e2806894000050038662194f, 83
1652716482.392784, sdrt-health/mac:02010b41cdec/antenna/tag/e2806894000050038662194f, 83
1652716482.42129, sdrt-health/mac:02010b41cdec/antenna/tag/e28068940000400386621d4f, 77
1652716482.421543, sdrt-health/mac:02010b41cdec/antenna/tag/e2806894000050038661fd4f, 83
1652716482.454802, sdrt-health/mac:02010b41cdec/antenna/tag/e2806894000050038662154f, 91
1652716482.506795, sdrt-health/mac:02010b41cdec/antenna/tag/e28068940000400386621d4f, 96
1652716482.535028, sdrt-health/mac:02010b41cdec/antenna/tag/e2806894000040038662114f, 88
1652716482.53525, sdrt-health/mac:02010b41cdec/antenna/tag/e2806894000050038661fd4f, 83
1652716482.535384, sdrt-health/mac:02010b41cdec/antenna/tag/e2806894000050038662154f, 88
1652716482.556265, sdrt-health/mac:02010b41cdec/antenna/tag/e2806894000040038662114f, 88
1652716482.636828, sdrt-health/mac:02010b41cdec/antenna/tag/e28068940000400386621d4f, 96
1652716482.637165, sdrt-health/mac:02010b41cdec/antenna/tag/e2806894000050038662154f, 88
1652716482.65112, sdrt-health/mac:02010b41cdec/antenna/tag/e2806894000050038662154f, 88
1652716482.680864, sdrt-health/mac:02010b41cdec/antenna/tag/e2806894000040038662114f, 91
1652716482.740087, sdrt-health/mac:02010b41cdec/antenna/tag/e28068940000400386621d4f, 96
1652716482.740289, sdrt-health/mac:02010b41cdec/antenna/tag/e28068940000400386621d4f, 96
1652716482.753381, sdrt-health/mac:02010b41cdec/antenna/tag/e28068940000400386621d4f, 96
1652716482.797549, sdrt-health/mac:02010b41cdec/antenna/tag/e28068940000400386621d4f, 96
1652716482.797742, sdrt-health/mac:02010b41cdec/antenna/tag/e2806894000050038662154f, 91
1652716482.8376, sdrt-health/mac:02010b41cdec/antenna/tag/e2806894000040038662114f, 91
1652716482.884761, sdrt-health/mac:02010b41cdec/antenna/tag/e2806894000050038661fd4f, 86
1652716482.942869, sdrt-health/mac:02010b41cdec/antenna/tag/e2806894000050038661fd4f, 86
1652716483.016962, sdrt-health/mac:02010b41cdec/antenna/tag/e2806894000040038662114f, 88
1652716483.017369, sdrt-health/mac:02010b41cdec/antenna/tag/e2806894000050038661fd4f, 90
1652716483.030881, sdrt-health/mac:02010b41cdec/antenna/tag/e2806894000040038662114f, 88
1652716483.031092, sdrt-health/mac:02010b41cdec/antenna/tag/e28068940000400386621d4f, 90
1652716483.031224, sdrt-health/mac:02010b41cdec/antenna/tag/e2806894000050038661fd4f, 86
1652716483.047454, sdrt-health/mac:02010b41cdec/antenna/tag/e2806894000040038662114f, 88
1652716483.077115, sdrt-health/mac:02010b41cdec/antenna/tag/e2806894000050038662154f, 91
1652716483.077411, sdrt-health/mac:02010b41cdec/antenna/tag/e28068940000400386621d4f, 96
1652716483.077548, sdrt-health/mac:02010b41cdec/antenna/tag/e2806894000050038661fd4f, 86
1652716483.077756, sdrt-health/mac:02010b41cdec/antenna/tag/e28068940000400386621d4f, 96
1652716483.113077, sdrt-health/mac:02010b41cdec/antenna/tag/e28068940000400386621d4f, 90
1652716483.11357, sdrt-health/mac:02010b41cdec/antenna/tag/e28068940000400386621d4f, 90
1652716483.217313, sdrt-health/mac:02010b41cdec/antenna/tag/e2806894000040038662114f, 88
1652716483.248634, sdrt-health/mac:02010b41cdec/antenna/tag/e28068940000400386621d4f, 90
1652716483.24885, sdrt-health/mac:02010b41cdec/antenna/tag/e2806894000050038661fd4f, 86
1652716483.30052, sdrt-health/mac:02010b41cdec/antenna/tag/e2806894000050038662154f, 85
1652716483.32928, sdrt-health/mac:02010b41cdec/antenna/tag/e2806894000040038662214f, 81
1652716483.329501, sdrt-health/mac:02010b41cdec/antenna/tag/e28068940000400386621d4f, 77
1652716483.32962, sdrt-health/mac:02010b41cdec/antenna/tag/e2806894000040038662114f, 88
1652716483.329775, sdrt-health/mac:02010b41cdec/antenna/tag/e2806894000040038662214f, 83
1652716483.350516, sdrt-health/mac:02010b41cdec/antenna/tag/e28068940000400386621d4f, 77
1652716483.424242, sdrt-health/mac:02010b41cdec/antenna/tag/e2806894000050038662154f, 85
1652716483.42444, sdrt-health/mac:02010b41cdec/antenna/tag/e2806894000050038662154f, 88
1652716483.43749, sdrt-health/mac:02010b41cdec/antenna/tag/e2806894000040038662114f, 91
1652716483.44582, sdrt-health/mac:02010b41cdec/antenna/tag/e28068940000400386621d4f, 96
1652716483.451773, sdrt-health/mac:02010b41cdec/antenna/tag/e2806894000040038662114f, 88
1652716483.451988, sdrt-health/mac:02010b41cdec/antenna/tag/e2806894000050038662154f, 91
1652716483.528403, sdrt-health/mac:02010b41cdec/antenna/tag/e2806894000050038662154f, 88
1652716483.573316, sdrt-health/mac:02010b41cdec/antenna/tag/e2806894000040038662114f, 97
1652716483.617209, sdrt-health/mac:02010b41cdec/antenna/tag/e28068940000400386621d4f, 90
1652716483.671095, sdrt-health/mac:02010b41cdec/antenna/tag/e2806894000040038662114f, 91
1652716483.671509, sdrt-health/mac:02010b41cdec/antenna/tag/e2806894000050038661fd4f, 86
1652716483.685254, sdrt-health/mac:02010b41cdec/antenna/tag/e2806894000050038662154f, 88
1652716483.694643, sdrt-health/mac:02010b41cdec/antenna/tag/e28068940000400386621d4f, 90
1652716483.754092, sdrt-health/mac:02010b41cdec/antenna/tag/e2806894000050038662154f, 85
1652716483.813532, sdrt-health/mac:02010b41cdec/antenna/tag/e28068940000400386621d4f, 77
1652716483.813832, sdrt-health/mac:02010b41cdec/antenna/tag/e2806894000040038662214f, 81
1652716483.827734, sdrt-health/mac:02010b41cdec/antenna/tag/e2806894000050038662154f, 85
1652716483.877297, sdrt-health/mac:02010b41cdec/antenna/tag/e2806894000050038662154f, 91
1652716483.924708, sdrt-health/mac:02010b41cdec/antenna/tag/e2806894000050038661fd4f, 86
1652716483.997976, sdrt-health/mac:02010b41cdec/antenna/tag/e2806894000050038662194f, 94
1652716483.998391, sdrt-health/mac:02010b41cdec/antenna/tag/e2806894000050038662154f, 91
1652716484.041305, sdrt-health/mac:02010b41cdec/antenna/tag/e2806894000050038662154f, 91
1652716484.041934, sdrt-health/mac:02010b41cdec/antenna/tag/e2806894000050038662194f, 81
1652716484.055919, sdrt-health/mac:02010b41cdec/antenna/tag/e2806894000040038662114f, 88
1652716484.08568, sdrt-health/mac:02010b41cdec/antenna/tag/e2806894000050038661fd4f, 86
1652716484.146842, sdrt-health/mac:02010b41cdec/antenna/tag/e2806894000040038662114f, 88
1652716484.147095, sdrt-health/mac:02010b41cdec/antenna/tag/e28068940000400386621d4f, 96
1652716484.147228, sdrt-health/mac:02010b41cdec/antenna/tag/e2806894000050038662154f, 85
1652716484.16189, sdrt-health/mac:02010b41cdec/antenna/tag/e2806894000040038662214f, 84
1652716484.184903, sdrt-health/mac:02010b41cdec/antenna/tag/e2806894000050038662194f, 81
1652716484.185193, sdrt-health/mac:02010b41cdec/antenna/tag/e2806894000050038661fd4f, 97
1652716484.234786, sdrt-health/mac:02010b41cdec/antenna/tag/e28068940000400386621d4f, 96
1652716484.27842, sdrt-health/mac:02010b41cdec/antenna/tag/e2806894000050038662194f, 83
1652716484.327459, sdrt-health/mac:02010b41cdec/antenna/tag/e2806894000050038661fd4f, 86
1652716484.390121, sdrt-health/mac:02010b41cdec/antenna/tag/e2806894000050038662154f, 91
1652716484.390372, sdrt-health/mac:02010b41cdec/antenna/tag/e28068940000400386621d4f, 96
1652716484.440219, sdrt-health/mac:02010b41cdec/antenna/tag/e2806894000050038662154f, 91
1652716484.469856, sdrt-health/mac:02010b41cdec/antenna/tag/e2806894000040038662114f, 91
1652716484.470099, sdrt-health/mac:02010b41cdec/antenna/tag/e2806894000050038662154f, 91
1652716484.504746, sdrt-health/mac:02010b41cdec/antenna/tag/e28068940000400386621d4f, 96
1652716484.552098, sdrt-health/mac:02010b41cdec/antenna/tag/e2806894000050038662154f, 88
1652716484.596445, sdrt-health/mac:02010b41cdec/antenna/tag/e28068940000400386621d4f, 96
1652716484.644938, sdrt-health/mac:02010b41cdec/antenna/tag/e2806894000050038662194f, 81
1652716484.706796, sdrt-health/mac:02010b41cdec/antenna/tag/e28068940000500386620d4f, 82
1652716484.738208, sdrt-health/mac:02010b41cdec/antenna/tag/e2806894000050038662154f, 85
1652716484.738648, sdrt-health/mac:02010b41cdec/antenna/tag/e28068940000400386621d4f, 96
1652716484.738777, sdrt-health/mac:02010b41cdec/antenna/tag/e2806894000040038662114f, 88
1652716484.774514, sdrt-health/mac:02010b41cdec/antenna/tag/e2806894000050038662154f, 88
1652716484.840387, sdrt-health/mac:02010b41cdec/antenna/tag/e2806894000040038662114f, 91
1652716484.869918, sdrt-health/mac:02010b41cdec/antenna/tag/e2806894000050038662154f, 88
1652716484.87013, sdrt-health/mac:02010b41cdec/antenna/tag/e2806894000050038662154f, 88
1652716484.884596, sdrt-health/mac:02010b41cdec/antenna/tag/e28068940000400386621d4f, 96
1652716484.93919, sdrt-health/mac:02010b41cdec/antenna/tag/e28068940000400386621d4f, 90
1652716484.93944, sdrt-health/mac:02010b41cdec/antenna/tag/e28068940000400386621d4f, 96
1652716484.953269, sdrt-health/mac:02010b41cdec/antenna/tag/e2806894000050038662154f, 91
1652716484.975161, sdrt-health/mac:02010b41cdec/antenna/tag/e2806894000040038662114f, 91
1652716485.005968, sdrt-health/mac:02010b41cdec/antenna/tag/e2806894000050038662154f, 88
1652716485.006256, sdrt-health/mac:02010b41cdec/antenna/tag/e2806894000050038662154f, 88
1652716485.020497, sdrt-health/mac:02010b41cdec/antenna/tag/e2806894000050038662194f, 81
1652716485.065303, sdrt-health/mac:02010b41cdec/antenna/tag/e2806894000050038662154f, 85
1652716485.104431, sdrt-health/mac:02010b41cdec/antenna/tag/e28068940000400386621d4f, 96
1652716485.172965, sdrt-health/mac:02010b41cdec/antenna/tag/e2806894000050038661fd4f, 97
1652716485.173404, sdrt-health/mac:02010b41cdec/antenna/tag/e2806894000040038662114f, 88
1652716485.212597, sdrt-health/mac:02010b41cdec/antenna/tag/e2806894000050038662194f, 81
1652716485.269081, sdrt-health/mac:02010b41cdec/antenna/tag/e2806894000050038662154f, 85
1652716485.269471, sdrt-health/mac:02010b41cdec/antenna/tag/e28068940000400386621d4f, 96
1652716485.284265, sdrt-health/mac:02010b41cdec/antenna/tag/e2806894000050038661fd4f, 83
1652716485.318854, sdrt-health/mac:02010b41cdec/antenna/tag/e2806894000040038662054f, 81
1652716485.377984, sdrt-health/mac:02010b41cdec/antenna/tag/e2806894000040038662114f, 85
1652716485.378189, sdrt-health/mac:02010b41cdec/antenna/tag/e2806894000050038662154f, 88
1652716485.390718, sdrt-health/mac:02010b41cdec/antenna/tag/e2806894000050038661fd4f, 83
1652716485.391003, sdrt-health/mac:02010b41cdec/antenna/tag/e2806894000050038662154f, 91
1652716485.414381, sdrt-health/mac:02010b41cdec/antenna/tag/e28068940000400386621d4f, 96
1652716485.47795, sdrt-health/mac:02010b41cdec/antenna/tag/e2806894000040038662114f, 91
1652716485.478211, sdrt-health/mac:02010b41cdec/antenna/tag/e2806894000050038661fd4f, 86
1652716485.494012, sdrt-health/mac:02010b41cdec/antenna/tag/e28068940000400386621d4f, 96
1652716485.527197, sdrt-health/mac:02010b41cdec/antenna/tag/e2806894000040038662114f, 88
1652716485.557655, sdrt-health/mac:02010b41cdec/antenna/tag/e2806894000040038662114f, 91
1652716485.557959, sdrt-health/mac:02010b41cdec/antenna/tag/e28068940000400386621d4f, 90
1652716485.583108, sdrt-health/mac:02010b41cdec/antenna/tag/e2806894000050038662194f, 93
1652716485.612875, sdrt-health/mac:02010b41cdec/antenna/tag/e2806894000050038662194f, 93
1652716485.613099, sdrt-health/mac:02010b41cdec/antenna/tag/e2806894000040038662114f, 88
1652716485.651166, sdrt-health/mac:02010b41cdec/antenna/tag/e28068940000400386621d4f, 96
1652716485.679443, sdrt-health/mac:02010b41cdec/antenna/tag/e2806894000050038662194f, 93
1652716485.679613, sdrt-health/mac:02010b41cdec/antenna/tag/e2806894000040038662114f, 91
1652716485.727205, sdrt-health/mac:02010b41cdec/antenna/tag/e2806894000050038661fd4f, 86
1652716485.756056, sdrt-health/mac:02010b41cdec/antenna/tag/e2806894000040038662114f, 91
1652716485.756484, sdrt-health/mac:02010b41cdec/antenna/tag/e2806894000050038661fd4f, 83
1652716485.756635, sdrt-health/mac:02010b41cdec/antenna/tag/e2806894000050038661fd4f, 83
1652716485.783049, sdrt-health/mac:02010b41cdec/antenna/tag/e28068940000400386621d4f, 77
1652716485.825017, sdrt-health/mac:02010b41cdec/antenna/tag/e2806894000040038662114f, 91
1652716485.879599, sdrt-health/mac:02010b41cdec/antenna/tag/e28068940000400386621d4f, 96
1652716485.879866, sdrt-health/mac:02010b41cdec/antenna/tag/e2806894000050038661fd4f, 83
1652716485.879999, sdrt-health/mac:02010b41cdec/antenna/tag/e2806894000050038662194f, 87
1652716485.925909, sdrt-health/mac:02010b41cdec/antenna/tag/e2806894000050038662194f, 93
1652716485.977972, sdrt-health/mac:02010b41cdec/antenna/tag/e2806894000040038662114f, 88
1652716486.007145, sdrt-health/mac:02010b41cdec/antenna/tag/e2806894000050038661fd4f, 86
1652716486.007345, sdrt-health/mac:02010b41cdec/antenna/tag/e28068940000400386621d4f, 96
1652716486.007462, sdrt-health/mac:02010b41cdec/antenna/tag/e2806894000040038662114f, 88
1652716486.02467, sdrt-health/mac:02010b41cdec/antenna/tag/e2806894000050038661fd4f, 86
1652716486.098567, sdrt-health/mac:02010b41cdec/antenna/tag/e2806894000050038662154f, 91
1652716486.098786, sdrt-health/mac:02010b41cdec/antenna/tag/e2806894000050038662194f, 81
1652716486.136053, sdrt-health/mac:02010b41cdec/antenna/tag/e2806894000040038662114f, 88
1652716486.197381, sdrt-health/mac:02010b41cdec/antenna/tag/e2806894000050038661fd4f, 83
1652716486.24408, sdrt-health/mac:02010b41cdec/antenna/tag/e2806894000040038662114f, 88
1652716486.309174, sdrt-health/mac:02010b41cdec/antenna/tag/e2806894000050038662194f, 83
1652716486.385329, sdrt-health/mac:02010b41cdec/antenna/tag/e2806894000040038662114f, 91
1652716486.385736, sdrt-health/mac:02010b41cdec/antenna/tag/e2806894000040038662214f, 84
1652716486.399297, sdrt-health/mac:02010b41cdec/antenna/tag/e2806894000040038662114f, 88
1652716486.416434, sdrt-health/mac:02010b41cdec/antenna/tag/e2806894000050038662194f, 94
1652716486.446799, sdrt-health/mac:02010b41cdec/antenna/tag/e28068940000400386621d4f, 77
1652716486.447127, sdrt-health/mac:02010b41cdec/antenna/tag/e2806894000050038662194f, 88
1652716486.447272, sdrt-health/mac:02010b41cdec/antenna/tag/e2806894000050038661fd4f, 83
1652716486.495391, sdrt-health/mac:02010b41cdec/antenna/tag/e2806894000050038661fd4f, 97
1652716486.545157, sdrt-health/mac:02010b41cdec/antenna/tag/e2806894000050038662154f, 85
1652716486.574068, sdrt-health/mac:02010b41cdec/antenna/tag/e2806894000050038662154f, 85
1652716486.574275, sdrt-health/mac:02010b41cdec/antenna/tag/e2806894000040038662114f, 88
1652716486.600654, sdrt-health/mac:02010b41cdec/antenna/tag/e2806894000050038662154f, 85
1652716486.662388, sdrt-health/mac:02010b41cdec/antenna/tag/e2806894000040038662114f, 88
1652716486.662602, sdrt-health/mac:02010b41cdec/antenna/tag/e2806894000040038662114f, 88
1652716486.699158, sdrt-health/mac:02010b41cdec/antenna/tag/e28068940000400386621d4f, 77
1652716486.757854, sdrt-health/mac:02010b41cdec/antenna/tag/e2806894000050038661fd4f, 97
1652716486.758058, sdrt-health/mac:02010b41cdec/antenna/tag/e2806894000050038661fd4f, 83
1652716486.793897, sdrt-health/mac:02010b41cdec/antenna/tag/e28068940000400386621d4f, 96
1652716486.836718, sdrt-health/mac:02010b41cdec/antenna/tag/e2806894000050038662194f, 87
1652716486.886128, sdrt-health/mac:02010b41cdec/antenna/tag/e2806894000050038661fd4f, 83
1652716486.935656, sdrt-health/mac:02010b41cdec/antenna/tag/e2806894000050038662154f, 93
1652716486.963788, sdrt-health/mac:02010b41cdec/antenna/tag/e2806894000050038662194f, 81
1652716486.964008, sdrt-health/mac:02010b41cdec/antenna/tag/e2806894000040038662114f, 85
1652716486.979275, sdrt-health/mac:02010b41cdec/antenna/tag/e2806894000040038662114f, 91
1652716487.026523, sdrt-health/mac:02010b41cdec/antenna/tag/e2806894000050038662154f, 88
1652716487.078513, sdrt-health/mac:02010b41cdec/antenna/tag/e2806894000040038662114f, 88
1652716487.116657, sdrt-health/mac:02010b41cdec/antenna/tag/e2806894000040038662114f, 91
1652716487.117095, sdrt-health/mac:02010b41cdec/antenna/tag/e2806894000050038662154f, 88
1652716487.348462, sdrt-health/mac:02010b41cdec/antenna/tag/e2806894000050038662154f, 88
1652716487.382065, sdrt-health/mac:02010b41cdec/antenna/tag/e2806894000040038662114f, 91
1652716487.382527, sdrt-health/mac:02010b41cdec/antenna/tag/e2806894000050038661fd4f, 86
1652716487.382763, sdrt-health/mac:02010b41cdec/antenna/tag/e2806894000040038662114f, 91
1652716487.388428, sdrt-health/mac:02010b41cdec/antenna/tag/e2806894000050038662154f, 88
1652716487.388884, sdrt-health/mac:02010b41cdec/antenna/tag/e2806894000050038661fd4f, 83
1652716487.428444, sdrt-health/mac:02010b41cdec/antenna/tag/e2806894000050038661fd4f, 83
1652716487.457442, sdrt-health/mac:02010b41cdec/antenna/tag/e2806894000050038662154f, 85
1652716487.457742, sdrt-health/mac:02010b41cdec/antenna/tag/e2806894000050038661fd4f, 97
1652716487.458032, sdrt-health/mac:02010b41cdec/antenna/tag/e2806894000050038662194f, 87
1652716487.458227, sdrt-health/mac:02010b41cdec/antenna/tag/e28068940000400386621d4f, 96
1652716487.471253, sdrt-health/mac:02010b41cdec/antenna/tag/e2806894000050038661fd4f, 97
1652716487.471509, sdrt-health/mac:02010b41cdec/antenna/tag/e2806894000050038661fd4f, 86
1652716487.471843, sdrt-health/mac:02010b41cdec/antenna/tag/e28068940000400386621d4f, 90
1652716487.472046, sdrt-health/mac:02010b41cdec/antenna/tag/e2806894000040038662114f, 88
1652716487.478938, sdrt-health/mac:02010b41cdec/antenna/tag/e2806894000050038661fd4f, 86
1652716487.484326, sdrt-health/mac:02010b41cdec/antenna/tag/e28068940000400386621d4f, 96
1652716487.533914, sdrt-health/mac:02010b41cdec/antenna/tag/e2806894000050038662154f, 88
1652716487.600489, sdrt-health/mac:02010b41cdec/antenna/tag/e28068940000400386621d4f, 90
1652716487.600873, sdrt-health/mac:02010b41cdec/antenna/tag/e2806894000040038662114f, 97
1652716487.601269, sdrt-health/mac:02010b41cdec/antenna/tag/e2806894000050038662154f, 88
1652716487.614129, sdrt-health/mac:02010b41cdec/antenna/tag/e28068940000400386621d4f, 90
1652716487.614505, sdrt-health/mac:02010b41cdec/antenna/tag/e28068940000400386621d4f, 90
1652716487.637465, sdrt-health/mac:02010b41cdec/antenna/tag/e28068940000400386621d4f, 96
1652716487.685735, sdrt-health/mac:02010b41cdec/antenna/tag/e2806894000050038662154f, 88
1652716487.736573, sdrt-health/mac:02010b41cdec/antenna/tag/e2806894000050038662194f, 83
1652716487.765464, sdrt-health/mac:02010b41cdec/antenna/tag/e2806894000050038662194f, 83
1652716487.765723, sdrt-health/mac:02010b41cdec/antenna/tag/e2806894000040038662114f, 88
1652716487.782045, sdrt-health/mac:02010b41cdec/antenna/tag/e2806894000050038662154f, 85
1652716487.855194, sdrt-health/mac:02010b41cdec/antenna/tag/e2806894000050038662194f, 83
1652716487.88356, sdrt-health/mac:02010b41cdec/antenna/tag/e2806894000050038661fd4f, 83
1652716487.883771, sdrt-health/mac:02010b41cdec/antenna/tag/e2806894000050038662154f, 85
1652716487.897013, sdrt-health/mac:02010b41cdec/antenna/tag/e2806894000050038661fd4f, 97
1652716487.897273, sdrt-health/mac:02010b41cdec/antenna/tag/e2806894000050038661fd4f, 83
1652716487.8975, sdrt-health/mac:02010b41cdec/antenna/tag/e2806894000050038662154f, 85
1652716487.961126, sdrt-health/mac:02010b41cdec/antenna/tag/e2806894000040038662114f, 88
1652716488.004728, sdrt-health/mac:02010b41cdec/antenna/tag/e2806894000050038662194f, 81
1652716488.033807, sdrt-health/mac:02010b41cdec/antenna/tag/e2806894000040038662114f, 91
1652716488.034027, sdrt-health/mac:02010b41cdec/antenna/tag/e2806894000040038662114f, 85
1652716488.054117, sdrt-health/mac:02010b41cdec/antenna/tag/e2806894000040038662114f, 88
1652716488.095531, sdrt-health/mac:02010b41cdec/antenna/tag/e28068940000400386621d4f, 96
1652716488.125725, sdrt-health/mac:02010b41cdec/antenna/tag/e2806894000040038662114f, 85
1652716488.125943, sdrt-health/mac:02010b41cdec/antenna/tag/e2806894000050038661fd4f, 86
1652716488.126061, sdrt-health/mac:02010b41cdec/antenna/tag/e28068940000400386621d4f, 96
1652716488.152577, sdrt-health/mac:02010b41cdec/antenna/tag/e2806894000050038662154f, 91
1652716488.213407, sdrt-health/mac:02010b41cdec/antenna/tag/e28068940000400386621d4f, 96
1652716488.213639, sdrt-health/mac:02010b41cdec/antenna/tag/e28068940000400386621d4f, 96
1652716488.227496, sdrt-health/mac:02010b41cdec/antenna/tag/e2806894000050038661fd4f, 83
1652716488.273421, sdrt-health/mac:02010b41cdec/antenna/tag/e2806894000050038662194f, 83
1652716488.273652, sdrt-health/mac:02010b41cdec/antenna/tag/e2806894000050038662194f, 83
1652716488.287148, sdrt-health/mac:02010b41cdec/antenna/tag/e2806894000040038662114f, 88
1652716488.305174, sdrt-health/mac:02010b41cdec/antenna/tag/e2806894000040038662114f, 88
1652716488.395763, sdrt-health/mac:02010b41cdec/antenna/tag/e2806894000050038661fd4f, 86
1652716488.495873, sdrt-health/mac:02010b41cdec/antenna/tag/e28068940000400386621d4f, 96
1652716488.54897, sdrt-health/mac:02010b41cdec/antenna/tag/e2806894000040038662114f, 97
1652716488.549196, sdrt-health/mac:02010b41cdec/antenna/tag/e2806894000040038662114f, 88
1652716488.575052, sdrt-health/mac:02010b41cdec/antenna/tag/e28068940000400386621d4f, 90
1652716488.627437, sdrt-health/mac:02010b41cdec/antenna/tag/e2806894000040038662114f, 91
1652716488.698665, sdrt-health/mac:02010b41cdec/antenna/tag/e2806894000040038662114f, 91
1652716488.698942, sdrt-health/mac:02010b41cdec/antenna/tag/e2806894000040038662114f, 85
1652716488.732864, sdrt-health/mac:02010b41cdec/antenna/tag/e2806894000040038662114f, 88
1652716488.733726, sdrt-health/mac:02010b41cdec/antenna/tag/e2806894000050038662154f, 88
1652716488.773809, sdrt-health/mac:02010b41cdec/antenna/tag/e2806894000040038662114f, 88
1652716488.837746, sdrt-health/mac:02010b41cdec/antenna/tag/e2806894000050038662154f, 88
1652716488.837983, sdrt-health/mac:02010b41cdec/antenna/tag/e2806894000050038661fd4f, 97
1652716488.874826, sdrt-health/mac:02010b41cdec/antenna/tag/e2806894000040038662114f, 88
1652716488.904581, sdrt-health/mac:02010b41cdec/antenna/tag/e2806894000050038661fd4f, 83
1652716488.905245, sdrt-health/mac:02010b41cdec/antenna/tag/e2806894000040038662114f, 88
1652716488.919247, sdrt-health/mac:02010b41cdec/antenna/tag/e28068940000400386621d4f, 96
1652716488.965677, sdrt-health/mac:02010b41cdec/antenna/tag/e2806894000050038661fd4f, 86
1652716489.042233, sdrt-health/mac:02010b41cdec/antenna/tag/e2806894000050038662154f, 91
1652716489.072543, sdrt-health/mac:02010b41cdec/antenna/tag/e2806894000040038662114f, 85
1652716489.072752, sdrt-health/mac:02010b41cdec/antenna/tag/e2806894000050038662154f, 91
1652716489.103084, sdrt-health/mac:02010b41cdec/antenna/tag/e28068940000400386621d4f, 96
1652716489.223449, sdrt-health/mac:02010b41cdec/antenna/tag/e2806894000050038662154f, 88
1652716489.223719, sdrt-health/mac:02010b41cdec/antenna/tag/e2806894000040038662114f, 88
1652716489.238796, sdrt-health/mac:02010b41cdec/antenna/tag/e2806894000050038661fd4f, 83
1652716489.296978, sdrt-health/mac:02010b41cdec/antenna/tag/e2806894000050038661fd4f, 86
1652716489.297187, sdrt-health/mac:02010b41cdec/antenna/tag/e2806894000040038662114f, 85
1652716489.310539, sdrt-health/mac:02010b41cdec/antenna/tag/e2806894000050038661fd4f, 86
1652716489.365228, sdrt-health/mac:02010b41cdec/antenna/tag/e2806894000050038662154f, 88
1652716489.460098, sdrt-health/mac:02010b41cdec/antenna/tag/e2806894000050038662154f, 88
1652716489.460853, sdrt-health/mac:02010b41cdec/antenna/tag/e28068940000400386621d4f, 90
1652716489.53169, sdrt-health/mac:02010b41cdec/antenna/tag/e28068940000400386621d4f, 96
1652716489.561955, sdrt-health/mac:02010b41cdec/antenna/tag/e2806894000050038662154f, 91
1652716489.562185, sdrt-health/mac:02010b41cdec/antenna/tag/e2806894000040038662114f, 88
1652716489.562319, sdrt-health/mac:02010b41cdec/antenna/tag/e2806894000050038661fd4f, 86
1652716489.575591, sdrt-health/mac:02010b41cdec/antenna/tag/e2806894000050038661fd4f, 86
1652716489.575986, sdrt-health/mac:02010b41cdec/antenna/tag/e2806894000050038662154f, 88
1652716489.576309, sdrt-health/mac:02010b41cdec/antenna/tag/e2806894000040038662114f, 88
1652716489.641052, sdrt-health/mac:02010b41cdec/antenna/tag/e28068940000400386621d4f, 90
1652716489.714387, sdrt-health/mac:02010b41cdec/antenna/tag/e2806894000050038661fd4f, 86
1652716489.714825, sdrt-health/mac:02010b41cdec/antenna/tag/e2806894000040038662114f, 85
1652716489.728192, sdrt-health/mac:02010b41cdec/antenna/tag/e2806894000050038661fd4f, 86
1652716489.760322, sdrt-health/mac:02010b41cdec/antenna/tag/e2806894000050038662154f, 85
1652716489.788465, sdrt-health/mac:02010b41cdec/antenna/tag/e2806894000050038661fd4f, 83
1652716489.788951, sdrt-health/mac:02010b41cdec/antenna/tag/e2806894000050038662154f, 85
1652716489.814809, sdrt-health/mac:02010b41cdec/antenna/tag/e28068940000400386621d4f, 77
1652716489.865762, sdrt-health/mac:02010b41cdec/antenna/tag/e2806894000050038662154f, 85
1652716489.92026, sdrt-health/mac:02010b41cdec/antenna/tag/e2806894000040038662114f, 88
1652716489.920532, sdrt-health/mac:02010b41cdec/antenna/tag/e28068940000400386621d4f, 90
1652716489.935766, sdrt-health/mac:02010b41cdec/antenna/tag/e2806894000040038662114f, 88
1652716489.972069, sdrt-health/mac:02010b41cdec/antenna/tag/e2806894000050038661fd4f, 86
1652716489.972399, sdrt-health/mac:02010b41cdec/antenna/tag/e2806894000040038662114f, 88
1652716490.037388, sdrt-health/mac:02010b41cdec/antenna/tag/e2806894000040038662114f, 91
1652716490.065327, sdrt-health/mac:02010b41cdec/antenna/tag/e2806894000050038661fd4f, 86
1652716490.065601, sdrt-health/mac:02010b41cdec/antenna/tag/e2806894000050038662194f, 83
1652716490.094483, sdrt-health/mac:02010b41cdec/antenna/tag/e2806894000050038662154f, 88
1652716490.160747, sdrt-health/mac:02010b41cdec/antenna/tag/e2806894000050038661fd4f, 86
1652716490.160966, sdrt-health/mac:02010b41cdec/antenna/tag/e2806894000050038661fd4f, 86
1652716490.176492, sdrt-health/mac:02010b41cdec/antenna/tag/e28068940000400386621d4f, 90
1652716490.176913, sdrt-health/mac:02010b41cdec/antenna/tag/e28068940000400386621d4f, 90
1652716490.197965, sdrt-health/mac:02010b41cdec/antenna/tag/e2806894000040038662114f, 91
1652716490.231954, sdrt-health/mac:02010b41cdec/antenna/tag/e2806894000050038661fd4f, 83
1652716490.30009, sdrt-health/mac:02010b41cdec/antenna/tag/e28068940000400386621d4f, 96
1652716490.300314, sdrt-health/mac:02010b41cdec/antenna/tag/e2806894000040038662114f, 88
1652716490.33439, sdrt-health/mac:02010b41cdec/antenna/tag/e2806894000050038661fd4f, 83
1652716490.375163, sdrt-health/mac:02010b41cdec/antenna/tag/e2806894000050038662194f, 83
1652716490.42965, sdrt-health/mac:02010b41cdec/antenna/tag/e2806894000050038662194f, 83
1652716490.430085, sdrt-health/mac:02010b41cdec/antenna/tag/e28068940000400386621d4f, 96
1652716490.444347, sdrt-health/mac:02010b41cdec/antenna/tag/e2806894000050038661fd4f, 86
1652716490.452839, sdrt-health/mac:02010b41cdec/antenna/tag/e2806894000040038662114f, 88
1652716490.504662, sdrt-health/mac:02010b41cdec/antenna/tag/e28068940000400386621d4f, 90
1652716490.558346, sdrt-health/mac:02010b41cdec/antenna/tag/e2806894000050038662154f, 91
1652716490.558737, sdrt-health/mac:02010b41cdec/antenna/tag/e28068940000400386621d4f, 96
1652716490.572492, sdrt-health/mac:02010b41cdec/antenna/tag/e2806894000040038662114f, 88
1652716490.938835, sdrt-health/mac:02010b41cdec/antenna/tag/e2806894000040038662114f, 88
1652716490.967959, sdrt-health/mac:02010b41cdec/antenna/tag/e2806894000050038661fd4f, 86
1652716490.968394, sdrt-health/mac:02010b41cdec/antenna/tag/e2806894000050038661fd4f, 86
1652716490.968663, sdrt-health/mac:02010b41cdec/antenna/tag/e2806894000050038661fd4f, 97
1652716490.968917, sdrt-health/mac:02010b41cdec/antenna/tag/e2806894000050038662154f, 85
1652716490.969198, sdrt-health/mac:02010b41cdec/antenna/tag/e2806894000040038662114f, 85
1652716490.96951, sdrt-health/mac:02010b41cdec/antenna/tag/e2806894000040038662114f, 88
1652716490.96977, sdrt-health/mac:02010b41cdec/antenna/state, connected
1652716490.970154, sdrt-health/mac:02010b41cdec/fw, {"version":"1.8.1","model":"200","hash":"2f556501b58f1dad542af428d7928d18","timestamp":1652716487}
1652716490.970511, sdrt-health/mac:02010b41cdec/antenna/tag/e2806894000040038662114f, 88
1652716490.970837, sdrt-health/mac:02010b41cdec/antenna/tag/e2806894000040038662114f, 85
1652716491.002138, sdrt-health/mac:02010b41cdec/antenna/tag/e28068940000400386621d4f, 96
1652716491.03144, sdrt-health/mac:02010b41cdec/antenna/tag/e28068940000400386621d4f, 90
1652716491.031682, sdrt-health/mac:02010b41cdec/antenna/tag/e2806894000050038662154f, 91
1652716491.031774, sdrt-health/mac:02010b41cdec/antenna/tag/e2806894000040038662114f, 91
1652716491.03193, sdrt-health/mac:02010b41cdec/antenna/tag/e28068940000400386621d4f, 96
1652716491.032054, sdrt-health/mac:02010b41cdec/antenna/tag/e2806894000050038661fd4f, 86
1652716491.078781, sdrt-health/mac:02010b41cdec/antenna/tag/e2806894000050038661fd4f, 86
1652716491.14082, sdrt-health/mac:02010b41cdec/antenna/tag/e28068940000400386621d4f, 96
1652716491.141102, sdrt-health/mac:02010b41cdec/antenna/tag/e2806894000050038662154f, 91
1652716491.175408, sdrt-health/mac:02010b41cdec/antenna/tag/e2806894000040038662114f, 91
1652716491.175684, sdrt-health/mac:02010b41cdec/antenna/version, h@bO
1652716491.27341, sdrt-health/mac:02010b41cdec/antenna/tag/e2806894000050038661fd4f, 86
1652716491.32012, sdrt-health/mac:02010b41cdec/antenna/tag/e28068940000400386621d4f, 96
1652716491.390061, sdrt-health/mac:02010b41cdec/antenna/tag/e2806894000040038662114f, 91
1652716491.39029, sdrt-health/mac:02010b41cdec/antenna/tag/e28068940000400386621d4f, 90
1652716491.39041, sdrt-health/mac:02010b41cdec/antenna/tag/e2806894000040038662114f, 91
1652716491.423956, sdrt-health/mac:02010b41cdec/antenna/tag/e2806894000040038662114f, 88
1652716491.465157, sdrt-health/mac:02010b41cdec/antenna/tag/e2806894000050038662154f, 91
1652716491.493453, sdrt-health/mac:02010b41cdec/antenna/tag/e2806894000050038662154f, 91
1652716491.493803, sdrt-health/mac:02010b41cdec/antenna/tag/e2806894000040038662114f, 91
1652716491.49402, sdrt-health/mac:02010b41cdec/antenna/tag/e2806894000050038661fd4f, 86
1652716491.507637, sdrt-health/mac:02010b41cdec/antenna/tag/e28068940000400386621d4f, 90
1652716491.557386, sdrt-health/mac:02010b41cdec/antenna/tag/e2806894000050038662194f, 83
1652716491.605662, sdrt-health/mac:02010b41cdec/antenna/tag/e2806894000050038662194f, 88
1652716491.633015, sdrt-health/mac:02010b41cdec/antenna/tag/e2806894000050038662154f, 85
1652716491.633438, sdrt-health/mac:02010b41cdec/antenna/tag/e2806894000040038662114f, 88
1652716491.670468, sdrt-health/mac:02010b41cdec/antenna/tag/e28068940000400386621d4f, 96
1652716491.742117, sdrt-health/mac:02010b41cdec/antenna/tag/e2806894000040038662114f, 85
1652716491.742576, sdrt-health/mac:02010b41cdec/antenna/tag/e28068940000400386621d4f, 96
1652716491.757567, sdrt-health/mac:02010b41cdec/antenna/tag/e28068940000400386621d4f, 96
1652716491.797655, sdrt-health/mac:02010b41cdec/antenna/tag/e2806894000050038661fd4f, 97
1652716491.797881, sdrt-health/mac:02010b41cdec/antenna/tag/e2806894000040038662214f, 88
1652716491.813009, sdrt-health/mac:02010b41cdec/antenna/tag/e2806894000050038662194f, 81
1652716491.839792, sdrt-health/mac:02010b41cdec/antenna/tag/e2806894000040038662114f, 85
1652716491.898709, sdrt-health/mac:02010b41cdec/antenna/tag/e28068940000400386621d4f, 96
1652716491.96438, sdrt-health/mac:02010b41cdec/antenna/tag/e2806894000050038662154f, 88
1652716491.964638, sdrt-health/mac:02010b41cdec/antenna/tag/e2806894000040038662114f, 88
1652716491.978926, sdrt-health/mac:02010b41cdec/antenna/tag/e28068940000400386621d4f, 90
1652716492.00774, sdrt-health/mac:02010b41cdec/antenna/tag/e2806894000050038662154f, 88
1652716492.068542, sdrt-health/mac:02010b41cdec/antenna/tag/e2806894000050038662154f, 88
1652716492.068777, sdrt-health/mac:02010b41cdec/antenna/tag/e2806894000050038662154f, 88
1652716492.082789, sdrt-health/mac:02010b41cdec/antenna/tag/e2806894000050038661fd4f, 86
1652716492.095426, sdrt-health/mac:02010b41cdec/antenna/tag/e2806894000040038662114f, 91
1652716492.142078, sdrt-health/mac:02010b41cdec/antenna/tag/e2806894000040038662114f, 91
1652716492.142301, sdrt-health/mac:02010b41cdec/antenna/tag/e28068940000400386621d4f, 96
1652716492.19967, sdrt-health/mac:02010b41cdec/antenna/tag/e2806894000050038662154f, 85
1652716492.29397, sdrt-health/mac:02010b41cdec/antenna/tag/e2806894000050038661fd4f, 83
1652716492.350118, sdrt-health/mac:02010b41cdec/antenna/tag/e28068940000400386621d4f, 77
1652716492.350361, sdrt-health/mac:02010b41cdec/antenna/tag/e2806894000050038662154f, 85
1652716492.363885, sdrt-health/mac:02010b41cdec/antenna/tag/e2806894000050038662194f, 87
1652716492.364138, sdrt-health/mac:02010b41cdec/antenna/tag/e28068940000400386621d4f, 96
1652716492.364296, sdrt-health/mac:02010b41cdec/antenna/tag/e2806894000050038662154f, 88
1652716492.392374, sdrt-health/mac:02010b41cdec/antenna/tag/e2806894000040038662114f, 91
1652716492.450914, sdrt-health/mac:02010b41cdec/antenna/tag/e2806894000050038662154f, 91
1652716492.495669, sdrt-health/mac:02010b41cdec/antenna/tag/e2806894000050038662154f, 91
1652716492.55955, sdrt-health/mac:02010b41cdec/antenna/tag/e28068940000400386621d4f, 90
1652716492.559919, sdrt-health/mac:02010b41cdec/antenna/tag/e2806894000050038662154f, 88
1652716492.575503, sdrt-health/mac:02010b41cdec/antenna/tag/e2806894000040038662114f, 85
1652716492.585008, sdrt-health/mac:02010b41cdec/antenna/tag/e28068940000400386621d4f, 96
1652716492.590846, sdrt-health/mac:02010b41cdec/antenna/tag/e2806894000040038662114f, 91
1652716492.641866, sdrt-health/mac:02010b41cdec/antenna/tag/e2806894000050038662194f, 81
1652716492.70665, sdrt-health/mac:02010b41cdec/antenna/tag/e2806894000050038662194f, 83
1652716492.773645, sdrt-health/mac:02010b41cdec/antenna/tag/e2806894000040038662114f, 88
1652716492.830531, sdrt-health/mac:02010b41cdec/antenna/tag/e28068940000400386621d4f, 96
1652716492.830771, sdrt-health/mac:02010b41cdec/antenna/tag/e2806894000040038662114f, 91
1652716492.84483, sdrt-health/mac:02010b41cdec/antenna/tag/e2806894000050038661fd4f, 83
1652716492.87929, sdrt-health/mac:02010b41cdec/antenna/tag/e2806894000050038661fd4f, 97
1652716492.87952, sdrt-health/mac:02010b41cdec/antenna/tag/e2806894000040038662114f, 88
1652716492.894954, sdrt-health/mac:02010b41cdec/antenna/tag/e28068940000400386621d4f, 77
1652716492.930558, sdrt-health/mac:02010b41cdec/antenna/tag/e2806894000050038661fd4f, 97
1652716492.958909, sdrt-health/mac:02010b41cdec/antenna/tag/e2806894000050038662194f, 88
1652716492.959123, sdrt-health/mac:02010b41cdec/antenna/tag/e2806894000040038662114f, 88
1652716492.974381, sdrt-health/mac:02010b41cdec/antenna/tag/e2806894000050038662194f, 83
1652716493.090194, sdrt-health/mac:02010b41cdec/antenna/tag/e2806894000050038661fd4f, 83
1652716493.091033, sdrt-health/mac:02010b41cdec/antenna/tag/e2806894000050038662194f, 81
1652716493.159782, sdrt-health/mac:02010b41cdec/antenna/tag/e2806894000050038662194f, 81
1652716493.186873, sdrt-health/mac:02010b41cdec/antenna/tag/e2806894000040038662114f, 85
1652716493.18715, sdrt-health/mac:02010b41cdec/antenna/tag/e2806894000040038662114f, 85
1652716493.187271, sdrt-health/mac:02010b41cdec/antenna/tag/e2806894000050038662194f, 83
1652716493.187491, sdrt-health/mac:02010b41cdec/antenna/tag/e2806894000050038662194f, 81
1652716493.187602, sdrt-health/mac:02010b41cdec/antenna/tag/e2806894000050038661fd4f, 83
1652716493.217651, sdrt-health/mac:02010b41cdec/antenna/tag/e2806894000050038662154f, 85
1652716493.262626, sdrt-health/mac:02010b41cdec/antenna/tag/e28068940000400386621d4f, 90
1652716493.342151, sdrt-health/mac:02010b41cdec/antenna/tag/e2806894000050038662154f, 88
1652716493.386745, sdrt-health/mac:02010b41cdec/antenna/tag/e2806894000050038662154f, 85
1652716493.417208, sdrt-health/mac:02010b41cdec/antenna/tag/e2806894000050038662194f, 83
1652716493.417428, sdrt-health/mac:02010b41cdec/antenna/tag/e28068940000400386621d4f, 96
1652716493.431338, sdrt-health/mac:02010b41cdec/antenna/tag/e2806894000050038662154f, 85
1652716493.431584, sdrt-health/mac:02010b41cdec/antenna/tag/e2806894000040038662114f, 91
1652716493.47781, sdrt-health/mac:02010b41cdec/antenna/tag/e2806894000050038662194f, 81
1652716493.524514, sdrt-health/mac:02010b41cdec/antenna/tag/e2806894000050038662154f, 88
1652716493.553931, sdrt-health/mac:02010b41cdec/antenna/tag/e2806894000040038662114f, 97
1652716493.554181, sdrt-health/mac:02010b41cdec/antenna/tag/e28068940000400386621d4f, 90
1652716493.585572, sdrt-health/mac:02010b41cdec/antenna/tag/e2806894000050038662154f, 85
1652716493.652391, sdrt-health/mac:02010b41cdec/antenna/tag/e2806894000050038661fd4f, 83
1652716493.652641, sdrt-health/mac:02010b41cdec/antenna/tag/e2806894000050038661fd4f, 86
1652716493.665878, sdrt-health/mac:02010b41cdec/antenna/tag/e28068940000400386621d4f, 90
1652716493.673762, sdrt-health/mac:02010b41cdec/antenna/tag/e2806894000050038662154f, 91
1652716493.680343, sdrt-health/mac:02010b41cdec/antenna/tag/e28068940000400386621d4f, 96
1652716493.717898, sdrt-health/mac:02010b41cdec/antenna/tag/e2806894000050038661fd4f, 83
1652716493.76698, sdrt-health/mac:02010b41cdec/antenna/tag/e2806894000050038661fd4f, 97
1652716493.797077, sdrt-health/mac:02010b41cdec/antenna/tag/e28068940000400386621d4f, 77
1652716493.797369, sdrt-health/mac:02010b41cdec/antenna/tag/e2806894000050038662154f, 85
1652716493.813531, sdrt-health/mac:02010b41cdec/antenna/tag/e28068940000400386621d4f, 77
1652716493.908644, sdrt-health/mac:02010b41cdec/antenna/tag/e2806894000050038662194f, 81
1652716493.909043, sdrt-health/mac:02010b41cdec/antenna/tag/e2806894000040038662114f, 88
1652716493.947322, sdrt-health/mac:02010b41cdec/antenna/tag/e28068940000400386621d4f, 96
1652716493.976416, sdrt-health/mac:02010b41cdec/antenna/tag/e28068940000400386621d4f, 90
1652716493.976683, sdrt-health/mac:02010b41cdec/antenna/tag/e2806894000040038662114f, 91
1652716493.994998, sdrt-health/mac:02010b41cdec/antenna/tag/e28068940000400386621d4f, 90
1652716494.06863, sdrt-health/mac:02010b41cdec/antenna/tag/e28068940000400386621d4f, 90
1652716494.069006, sdrt-health/mac:02010b41cdec/antenna/tag/e2806894000040038662114f, 91
1652716494.081946, sdrt-health/mac:02010b41cdec/antenna/tag/e2806894000050038662194f, 81
1652716494.094286, sdrt-health/mac:02010b41cdec/antenna/tag/e2806894000050038661fd4f, 86
1652716494.095704, sdrt-health/mac:02010b41cdec/antenna/tag/e28068940000400386621d4f, 90
1652716494.095879, sdrt-health/mac:02010b41cdec/antenna/tag/e2806894000050038662154f, 88
1652716494.145403, sdrt-health/mac:02010b41cdec/antenna/tag/e2806894000040038662114f, 88
1652716494.199004, sdrt-health/mac:02010b41cdec/antenna/tag/e2806894000050038661fd4f, 83
1652716494.263631, sdrt-health/mac:02010b41cdec/antenna/tag/e2806894000050038662194f, 83
1652716494.263836, sdrt-health/mac:02010b41cdec/antenna/tag/e2806894000050038661fd4f, 97
1652716494.263991, sdrt-health/mac:02010b41cdec/antenna/tag/e2806894000040038662114f, 88
1652716494.294894, sdrt-health/mac:02010b41cdec/antenna/tag/e2806894000050038661fd4f, 83
1652716494.334379, sdrt-health/mac:02010b41cdec/antenna/tag/e2806894000040038662114f, 91
1652716494.376077, sdrt-health/mac:02010b41cdec/antenna/tag/e2806894000040038662114f, 88
1652716494.428275, sdrt-health/mac:02010b41cdec/antenna/tag/e2806894000040038662114f, 88
1652716494.428524, sdrt-health/mac:02010b41cdec/antenna/tag/e28068940000400386621d4f, 96
1652716494.44222, sdrt-health/mac:02010b41cdec/antenna/tag/e28068940000400386621d4f, 96
1652716494.52864, sdrt-health/mac:02010b41cdec/antenna/tag/e2806894000050038661fd4f, 86
1652716494.604616, sdrt-health/mac:02010b41cdec/antenna/tag/e2806894000040038662114f, 85
1652716494.638252, sdrt-health/mac:02010b41cdec/antenna/tag/e2806894000050038661fd4f, 86
1652716494.638704, sdrt-health/mac:02010b41cdec/antenna/tag/e2806894000050038662154f, 88
1652716494.638951, sdrt-health/mac:02010b41cdec/antenna/tag/e2806894000050038662154f, 88
1652716494.651799, sdrt-health/mac:02010b41cdec/antenna/tag/e28068940000400386621d4f, 96
1652716494.652261, sdrt-health/mac:02010b41cdec/antenna/tag/e2806894000050038661fd4f, 97
1652716494.703481, sdrt-health/mac:02010b41cdec/antenna/tag/e2806894000050038661fd4f, 97
1652716494.784395, sdrt-health/mac:02010b41cdec/antenna/tag/e2806894000050038661fd4f, 90
1652716494.838334, sdrt-health/mac:02010b41cdec/antenna/tag/e2806894000040038661f94f, 81
1652716494.867224, sdrt-health/mac:02010b41cdec/antenna/tag/e2806894000050038661fd4f, 86
1652716494.86751, sdrt-health/mac:02010b41cdec/antenna/tag/e28068940000400386621d4f, 96
1652716494.885226, sdrt-health/mac:02010b41cdec/antenna/tag/e2806894000040038662114f, 88
1652716494.937589, sdrt-health/mac:02010b41cdec/antenna/tag/e2806894000040038662114f, 91
1652716494.988895, sdrt-health/mac:02010b41cdec/antenna/tag/e28068940000400386621d4f, 90
1652716494.989123, sdrt-health/mac:02010b41cdec/antenna/tag/e2806894000040038662114f, 91
1652716495.022978, sdrt-health/mac:02010b41cdec/antenna/tag/e2806894000050038661fd4f, 86
1652716495.079966, sdrt-health/mac:02010b41cdec/antenna/tag/e2806894000050038661fd4f, 83
1652716495.08048, sdrt-health/mac:02010b41cdec/antenna/tag/e2806894000050038662194f, 93
1652716495.093918, sdrt-health/mac:02010b41cdec/antenna/tag/e28068940000400386621d4f, 96
1652716495.134129, sdrt-health/mac:02010b41cdec/antenna/tag/e28068940000400386621d4f, 96
1652716495.206628, sdrt-health/mac:02010b41cdec/antenna/tag/e2806894000040038662114f, 91
1652716495.207023, sdrt-health/mac:02010b41cdec/antenna/tag/e2806894000040038662114f, 88
1652716495.240055, sdrt-health/mac:02010b41cdec/antenna/tag/e28068940000400386621d4f, 96
1652716495.308279, sdrt-health/mac:02010b41cdec/antenna/tag/e2806894000050038662154f, 88
1652716495.308574, sdrt-health/mac:02010b41cdec/antenna/tag/e2806894000050038662154f, 88
1652716495.322076, sdrt-health/mac:02010b41cdec/antenna/tag/e2806894000040038662114f, 88
1652716495.353486, sdrt-health/mac:02010b41cdec/antenna/tag/e28068940000400386621d4f, 96
1652716495.560296, sdrt-health/mac:02010b41cdec/antenna/tag/e2806894000050038662154f, 85
1652716495.560518, sdrt-health/mac:02010b41cdec/antenna/tag/scan, scan stopped
