1652716316.057773, sdrt-health/mac:02010b41cdec/antenna/power/set, {"power": 280}
1652716317.197629, sdrt-health/mac:02010b41cdec/antenna/power/set, 
1652716321.081387, sdrt-health/mac:02010b41cdec/antenna/tag/scan, {"time": 20000}
1652716321.51499, sdrt-health/mac:02010b41cdec/antenna/tag/e2806894000050038662194f, 94
1652716321.557594, sdrt-health/mac:02010b41cdec/antenna/tag/e2806894000040038662114f, 88
1652716321.655848, sdrt-health/mac:02010b41cdec/antenna/tag/e2806894000050038662194f, 81
1652716321.696703, sdrt-health/mac:02010b41cdec/antenna/tag/e2806894000050038662194f, 81
1652716321.751606, sdrt-health/mac:02010b41cdec/antenna/tag/e2806894000050038662194f, 83
1652716321.752004, sdrt-health/mac:02010b41cdec/antenna/tag/e2806894000050038662194f, 83
1652716321.774828, sdrt-health/mac:02010b41cdec/antenna/tag/e28068940000400386621d4f, 96
1652716321.828349, sdrt-health/mac:02010b41cdec/antenna/tag/e28068940000400386621d4f, 96
1652716321.91487, sdrt-health/mac:02010b41cdec/antenna/tag/e28068940000400386621d4f, 77
1652716321.988535, sdrt-health/mac:02010b41cdec/antenna/tag/e2806894000050038661fd4f, 97
1652716322.018481, sdrt-health/mac:02010b41cdec/antenna/tag/e2806894000040038662114f, 88
1652716322.018748, sdrt-health/mac:02010b41cdec/antenna/tag/e2806894000050038661fd4f, 83
1652716322.048633, sdrt-health/mac:02010b41cdec/antenna/tag/e28068940000400386621d4f, 96
1652716322.049281, sdrt-health/mac:02010b41cdec/antenna/tag/e28068940000400386621d4f, 96
1652716322.064198, sdrt-health/mac:02010b41cdec/antenna/tag/e2806894000050038661fd4f, 90
1652716322.119721, sdrt-health/mac:02010b41cdec/antenna/tag/e2806894000050038662154f, 88
1652716322.182561, sdrt-health/mac:02010b41cdec/antenna/tag/e2806894000050038662154f, 91
1652716322.183026, sdrt-health/mac:02010b41cdec/antenna/tag/e28068940000400386621d4f, 96
1652716322.183367, sdrt-health/mac:02010b41cdec/antenna/tag/e2806894000050038661fd4f, 86
1652716322.197336, sdrt-health/mac:02010b41cdec/antenna/tag/e28068940000400386621d4f, 96
1652716322.207001, sdrt-health/mac:02010b41cdec/antenna/tag/e2806894000050038662154f, 91
1652716322.263944, sdrt-health/mac:02010b41cdec/antenna/tag/e2806894000040038662114f, 88
1652716322.315648, sdrt-health/mac:02010b41cdec/antenna/tag/e2806894000050038661fd4f, 90
1652716322.381087, sdrt-health/mac:02010b41cdec/antenna/tag/e2806894000050038661fd4f, 86
1652716322.498327, sdrt-health/mac:02010b41cdec/antenna/tag/e2806894000040038662114f, 88
1652716322.498801, sdrt-health/mac:02010b41cdec/antenna/tag/e2806894000050038662194f, 81
1652716322.558044, sdrt-health/mac:02010b41cdec/antenna/tag/e28068940000400386621d4f, 77
1652716322.588652, sdrt-health/mac:02010b41cdec/antenna/tag/e28068940000400386621d4f, 96
1652716322.589172, sdrt-health/mac:02010b41cdec/antenna/tag/e2806894000050038662154f, 85
1652716322.589515, sdrt-health/mac:02010b41cdec/antenna/tag/e2806894000050038662154f, 88
1652716322.589878, sdrt-health/mac:02010b41cdec/antenna/tag/e2806894000050038661fd4f, 86
1652716322.615131, sdrt-health/mac:02010b41cdec/antenna/tag/e2806894000050038661fd4f, 86
1652716322.663608, sdrt-health/mac:02010b41cdec/antenna/tag/e2806894000050038661fd4f, 86
1652716322.714067, sdrt-health/mac:02010b41cdec/antenna/tag/e28068940000400386621d4f, 90
1652716322.772743, sdrt-health/mac:02010b41cdec/antenna/tag/e2806894000050038662154f, 88
1652716322.77321, sdrt-health/mac:02010b41cdec/antenna/tag/e28068940000400386621d4f, 90
1652716322.805857, sdrt-health/mac:02010b41cdec/antenna/tag/e2806894000050038661fd4f, 97
1652716322.879357, sdrt-health/mac:02010b41cdec/antenna/tag/e2806894000040038662114f, 91
1652716322.879871, sdrt-health/mac:02010b41cdec/antenna/tag/e2806894000050038662154f, 85
1652716322.894398, sdrt-health/mac:02010b41cdec/antenna/tag/e2806894000040038662114f, 88
1652716322.894876, sdrt-health/mac:02010b41cdec/antenna/tag/e2806894000040038662114f, 88
1652716322.895355, sdrt-health/mac:02010b41cdec/antenna/tag/e2806894000050038662154f, 85
1652716322.90659, sdrt-health/mac:02010b41cdec/antenna/tag/e2806894000040038662114f, 88
1652716322.955802, sdrt-health/mac:02010b41cdec/antenna/tag/e2806894000040038662114f, 88
1652716323.00382, sdrt-health/mac:02010b41cdec/antenna/tag/e2806894000050038662194f, 94
1652716323.032435, sdrt-health/mac:02010b41cdec/antenna/tag/e2806894000040038662114f, 85
1652716323.033142, sdrt-health/mac:02010b41cdec/antenna/tag/e2806894000050038662194f, 83
1652716323.045787, sdrt-health/mac:02010b41cdec/antenna/tag/e2806894000050038662194f, 88
1652716323.108008, sdrt-health/mac:02010b41cdec/antenna/tag/e2806894000040038662114f, 88
1652716323.176331, sdrt-health/mac:02010b41cdec/antenna/tag/e2806894000050038661fd4f, 86
1652716323.176803, sdrt-health/mac:02010b41cdec/antenna/tag/e2806894000050038662154f, 88
1652716323.206374, sdrt-health/mac:02010b41cdec/antenna/tag/e28068940000400386621d4f, 96
1652716323.306704, sdrt-health/mac:02010b41cdec/antenna/tag/e2806894000050038661fd4f, 86
1652716323.307254, sdrt-health/mac:02010b41cdec/antenna/tag/e2806894000050038661fd4f, 86
1652716323.548526, sdrt-health/mac:02010b41cdec/antenna/tag/e28068940000400386621d4f, 96
1652716323.548999, sdrt-health/mac:02010b41cdec/antenna/tag/e2806894000050038662154f, 88
1652716323.549351, sdrt-health/mac:02010b41cdec/antenna/tag/e28068940000400386621d4f, 90
1652716323.563804, sdrt-health/mac:02010b41cdec/antenna/tag/e2806894000050038661fd4f, 90
1652716323.564176, sdrt-health/mac:02010b41cdec/antenna/tag/e2806894000050038661fd4f, 86
1652716323.564418, sdrt-health/mac:02010b41cdec/antenna/tag/e2806894000050038662194f, 87
1652716323.564627, sdrt-health/mac:02010b41cdec/antenna/tag/e2806894000050038661fd4f, 83
1652716323.564856, sdrt-health/mac:02010b41cdec/antenna/tag/e28068940000400386621d4f, 90
1652716323.565063, sdrt-health/mac:02010b41cdec/antenna/tag/e2806894000040038662114f, 97
1652716323.565432, sdrt-health/mac:02010b41cdec/antenna/tag/e2806894000050038662154f, 88
1652716323.565671, sdrt-health/mac:02010b41cdec/antenna/tag/e2806894000050038662154f, 85
1652716323.565938, sdrt-health/mac:02010b41cdec/antenna/tag/e28068940000400386621d4f, 77
1652716323.56633, sdrt-health/mac:02010b41cdec/antenna/tag/e2806894000050038662194f, 81
1652716323.566661, sdrt-health/mac:02010b41cdec/antenna/tag/e28068940000400386621d4f, 96
1652716323.640109, sdrt-health/mac:02010b41cdec/antenna/tag/e28068940000400386621d4f, 96
1652716323.723077, sdrt-health/mac:02010b41cdec/antenna/tag/e2806894000040038662114f, 97
1652716323.723704, sdrt-health/mac:02010b41cdec/antenna/tag/e2806894000050038661fd4f, 86
1652716323.738108, sdrt-health/mac:02010b41cdec/antenna/tag/e2806894000040038662114f, 91
1652716323.773146, sdrt-health/mac:02010b41cdec/antenna/tag/e2806894000050038662194f, 87
1652716323.773398, sdrt-health/mac:02010b41cdec/antenna/tag/e2806894000050038661fd4f, 86
1652716323.794148, sdrt-health/mac:02010b41cdec/antenna/tag/e2806894000050038662154f, 91
1652716323.823548, sdrt-health/mac:02010b41cdec/antenna/tag/e2806894000040038662114f, 88
1652716323.892715, sdrt-health/mac:02010b41cdec/antenna/tag/e2806894000050038661fd4f, 86
1652716323.893234, sdrt-health/mac:02010b41cdec/antenna/tag/e28068940000400386621d4f, 96
1652716323.906827, sdrt-health/mac:02010b41cdec/antenna/tag/e2806894000050038661fd4f, 83
1652716323.907329, sdrt-health/mac:02010b41cdec/antenna/tag/e2806894000040038662114f, 88
1652716323.934612, sdrt-health/mac:02010b41cdec/antenna/tag/e2806894000050038662194f, 81
1652716323.990376, sdrt-health/mac:02010b41cdec/antenna/tag/e2806894000040038662114f, 88
1652716323.990937, sdrt-health/mac:02010b41cdec/antenna/tag/e2806894000050038661fd4f, 83
1652716324.048176, sdrt-health/mac:02010b41cdec/antenna/tag/e2806894000040038662114f, 88
1652716324.11884, sdrt-health/mac:02010b41cdec/antenna/tag/e2806894000050038662154f, 88
1652716324.119411, sdrt-health/mac:02010b41cdec/antenna/tag/e2806894000050038662194f, 93
1652716324.133735, sdrt-health/mac:02010b41cdec/antenna/tag/e28068940000400386621d4f, 96
1652716324.13415, sdrt-health/mac:02010b41cdec/antenna/tag/e28068940000400386621d4f, 96
1652716324.145692, sdrt-health/mac:02010b41cdec/antenna/tag/e2806894000050038662194f, 81
1652716324.148529, sdrt-health/mac:02010b41cdec/antenna/tag/e2806894000040038662214f, 88
1652716324.149343, sdrt-health/mac:02010b41cdec/antenna/tag/e2806894000050038662154f, 93
1652716324.23524, sdrt-health/mac:02010b41cdec/antenna/tag/e2806894000050038662194f, 81
1652716324.324582, sdrt-health/mac:02010b41cdec/antenna/tag/e28068940000400386621d4f, 96
1652716324.377666, sdrt-health/mac:02010b41cdec/antenna/tag/e28068940000400386621d4f, 96
1652716324.415281, sdrt-health/mac:02010b41cdec/antenna/tag/e2806894000050038661fd4f, 83
1652716324.479625, sdrt-health/mac:02010b41cdec/antenna/tag/e28068940000400386621d4f, 96
1652716324.480174, sdrt-health/mac:02010b41cdec/antenna/tag/e28068940000400386621d4f, 96
1652716324.506402, sdrt-health/mac:02010b41cdec/antenna/tag/e2806894000050038662154f, 88
1652716324.534812, sdrt-health/mac:02010b41cdec/antenna/tag/e28068940000400386621d4f, 96
1652716324.535036, sdrt-health/mac:02010b41cdec/antenna/tag/e2806894000050038662194f, 93
1652716324.550483, sdrt-health/mac:02010b41cdec/antenna/tag/e2806894000050038662194f, 85
1652716324.600363, sdrt-health/mac:02010b41cdec/antenna/tag/e2806894000040038662114f, 85
1652716324.669307, sdrt-health/mac:02010b41cdec/antenna/tag/e2806894000040038662114f, 85
1652716324.669764, sdrt-health/mac:02010b41cdec/antenna/tag/e2806894000040038662114f, 88
1652716324.684099, sdrt-health/mac:02010b41cdec/antenna/tag/e2806894000050038662154f, 93
1652716324.744466, sdrt-health/mac:02010b41cdec/antenna/tag/e2806894000050038662154f, 85
1652716324.805576, sdrt-health/mac:02010b41cdec/antenna/tag/e28068940000400386621d4f, 90
1652716324.878839, sdrt-health/mac:02010b41cdec/antenna/tag/e2806894000040038662114f, 91
1652716324.879303, sdrt-health/mac:02010b41cdec/antenna/tag/e2806894000050038662154f, 88
1652716324.926402, sdrt-health/mac:02010b41cdec/antenna/tag/e2806894000050038661fd4f, 86
1652716324.981988, sdrt-health/mac:02010b41cdec/antenna/tag/e2806894000050038662154f, 88
1652716324.982423, sdrt-health/mac:02010b41cdec/antenna/tag/e2806894000050038662154f, 88
1652716325.025261, sdrt-health/mac:02010b41cdec/antenna/tag/e2806894000040038662114f, 88
1652716325.08127, sdrt-health/mac:02010b41cdec/antenna/tag/e28068940000400386621d4f, 96
1652716325.127161, sdrt-health/mac:02010b41cdec/antenna/tag/e2806894000050038661fd4f, 83
1652716325.192472, sdrt-health/mac:02010b41cdec/antenna/tag/e2806894000050038662154f, 91
1652716325.244259, sdrt-health/mac:02010b41cdec/antenna/tag/e28068940000400386621d4f, 90
1652716325.31863, sdrt-health/mac:02010b41cdec/antenna/tag/e2806894000040038662114f, 88
1652716325.319071, sdrt-health/mac:02010b41cdec/antenna/tag/e2806894000050038662154f, 88
1652716325.333052, sdrt-health/mac:02010b41cdec/antenna/tag/e2806894000050038662194f, 83
1652716325.370097, sdrt-health/mac:02010b41cdec/antenna/tag/e28068940000400386621d4f, 90
1652716325.398324, sdrt-health/mac:02010b41cdec/antenna/tag/e2806894000050038662154f, 88
1652716325.398572, sdrt-health/mac:02010b41cdec/antenna/tag/e2806894000050038662154f, 91
1652716325.415433, sdrt-health/mac:02010b41cdec/antenna/tag/e2806894000050038662194f, 93
1652716325.478564, sdrt-health/mac:02010b41cdec/antenna/tag/e2806894000050038661fd4f, 97
1652716325.479073, sdrt-health/mac:02010b41cdec/antenna/tag/e2806894000040038662114f, 88
1652716325.493847, sdrt-health/mac:02010b41cdec/antenna/tag/e2806894000050038662194f, 83
1652716325.505367, sdrt-health/mac:02010b41cdec/antenna/tag/e2806894000040038662114f, 88
1652716325.558806, sdrt-health/mac:02010b41cdec/antenna/tag/e2806894000040038662114f, 88
1652716325.613059, sdrt-health/mac:02010b41cdec/antenna/tag/e2806894000050038662194f, 83
1652716325.681515, sdrt-health/mac:02010b41cdec/antenna/tag/e28068940000400386621d4f, 96
1652716325.681997, sdrt-health/mac:02010b41cdec/antenna/tag/e2806894000050038662154f, 85
1652716325.682345, sdrt-health/mac:02010b41cdec/antenna/tag/e2806894000050038662154f, 85
1652716325.701612, sdrt-health/mac:02010b41cdec/antenna/tag/e2806894000050038662154f, 85
1652716325.785596, sdrt-health/mac:02010b41cdec/antenna/tag/e28068940000400386621d4f, 77
1652716325.786105, sdrt-health/mac:02010b41cdec/antenna/tag/e2806894000040038662114f, 91
1652716325.800298, sdrt-health/mac:02010b41cdec/antenna/tag/e2806894000050038662194f, 83
1652716325.823582, sdrt-health/mac:02010b41cdec/antenna/tag/e2806894000040038662114f, 88
1652716325.892795, sdrt-health/mac:02010b41cdec/antenna/tag/e28068940000400386621d4f, 96
1652716325.893381, sdrt-health/mac:02010b41cdec/antenna/tag/e2806894000050038662154f, 91
1652716325.907325, sdrt-health/mac:02010b41cdec/antenna/tag/e28068940000400386621d4f, 96
1652716325.948976, sdrt-health/mac:02010b41cdec/antenna/tag/e2806894000050038661fd4f, 83
1652716325.949298, sdrt-health/mac:02010b41cdec/antenna/tag/e2806894000050038662154f, 88
1652716325.990925, sdrt-health/mac:02010b41cdec/antenna/tag/e2806894000050038661fd4f, 83
1652716326.074024, sdrt-health/mac:02010b41cdec/antenna/tag/e2806894000050038662154f, 85
1652716326.074494, sdrt-health/mac:02010b41cdec/antenna/tag/e2806894000050038662194f, 83
1652716326.121186, sdrt-health/mac:02010b41cdec/antenna/tag/e2806894000050038661fd4f, 90
1652716326.179811, sdrt-health/mac:02010b41cdec/antenna/tag/e2806894000040038662114f, 88
1652716326.180305, sdrt-health/mac:02010b41cdec/antenna/tag/e2806894000040038662114f, 97
1652716326.217607, sdrt-health/mac:02010b41cdec/antenna/tag/e28068940000400386621d4f, 90
1652716326.255276, sdrt-health/mac:02010b41cdec/antenna/tag/e28068940000400386621d4f, 90
1652716326.349275, sdrt-health/mac:02010b41cdec/antenna/tag/e2806894000050038662154f, 85
1652716326.349826, sdrt-health/mac:02010b41cdec/antenna/tag/e2806894000050038662154f, 88
1652716326.384191, sdrt-health/mac:02010b41cdec/antenna/tag/e2806894000050038662194f, 81
1652716326.412761, sdrt-health/mac:02010b41cdec/antenna/tag/e2806894000050038662154f, 91
1652716326.413269, sdrt-health/mac:02010b41cdec/antenna/tag/e2806894000040038662114f, 91
1652716326.426667, sdrt-health/mac:02010b41cdec/antenna/tag/e2806894000050038661fd4f, 86
1652716326.462771, sdrt-health/mac:02010b41cdec/antenna/tag/e2806894000050038662154f, 88
1652716326.46503, sdrt-health/mac:02010b41cdec/antenna/tag/e2806894000050038661fd4f, 86
1652716326.538616, sdrt-health/mac:02010b41cdec/antenna/tag/e2806894000040038662114f, 88
1652716326.599453, sdrt-health/mac:02010b41cdec/antenna/tag/e2806894000040038662114f, 88
1652716326.59992, sdrt-health/mac:02010b41cdec/antenna/tag/e2806894000050038661fd4f, 97
1652716326.613368, sdrt-health/mac:02010b41cdec/antenna/tag/e2806894000040038662114f, 88
1652716326.64258, sdrt-health/mac:02010b41cdec/antenna/tag/e2806894000050038662194f, 83
1652716326.723862, sdrt-health/mac:02010b41cdec/antenna/tag/e28068940000400386621d4f, 96
1652716326.724389, sdrt-health/mac:02010b41cdec/antenna/tag/e2806894000050038661fd4f, 83
1652716326.738942, sdrt-health/mac:02010b41cdec/antenna/tag/e28068940000400386621d4f, 77
1652716326.761885, sdrt-health/mac:02010b41cdec/antenna/tag/e2806894000040038662114f, 85
1652716326.789694, sdrt-health/mac:02010b41cdec/antenna/tag/e2806894000050038662154f, 97
1652716326.790017, sdrt-health/mac:02010b41cdec/antenna/tag/e2806894000050038661fd4f, 86
1652716326.790224, sdrt-health/mac:02010b41cdec/antenna/tag/e2806894000040038662114f, 85
1652716326.807303, sdrt-health/mac:02010b41cdec/antenna/tag/e2806894000040038662114f, 85
1652716326.879741, sdrt-health/mac:02010b41cdec/antenna/tag/e2806894000040038662114f, 91
1652716326.880882, sdrt-health/mac:02010b41cdec/antenna/tag/e2806894000040038662114f, 91
1652716326.919803, sdrt-health/mac:02010b41cdec/antenna/tag/e28068940000400386621d4f, 96
1652716326.970881, sdrt-health/mac:02010b41cdec/antenna/tag/e2806894000050038662194f, 81
1652716326.971378, sdrt-health/mac:02010b41cdec/antenna/tag/e28068940000400386621d4f, 96
1652716326.9995, sdrt-health/mac:02010b41cdec/antenna/tag/e2806894000040038662114f, 85
1652716327.078131, sdrt-health/mac:02010b41cdec/antenna/tag/e2806894000050038661fd4f, 86
1652716327.078606, sdrt-health/mac:02010b41cdec/antenna/tag/e2806894000050038661fd4f, 83
1652716327.093015, sdrt-health/mac:02010b41cdec/antenna/tag/e28068940000400386621d4f, 96
1652716327.093786, sdrt-health/mac:02010b41cdec/antenna/tag/e2806894000050038662154f, 88
1652716327.118156, sdrt-health/mac:02010b41cdec/antenna/tag/e2806894000050038662154f, 88
1652716327.199512, sdrt-health/mac:02010b41cdec/antenna/tag/e28068940000400386621d4f, 96
1652716327.199995, sdrt-health/mac:02010b41cdec/antenna/tag/e2806894000050038661fd4f, 86
1652716327.213864, sdrt-health/mac:02010b41cdec/antenna/tag/e2806894000050038662154f, 88
1652716327.214334, sdrt-health/mac:02010b41cdec/antenna/tag/e28068940000400386621d4f, 96
1652716327.241351, sdrt-health/mac:02010b41cdec/antenna/tag/e28068940000400386621d4f, 96
1652716327.269602, sdrt-health/mac:02010b41cdec/antenna/tag/e2806894000050038661fd4f, 86
1652716327.269929, sdrt-health/mac:02010b41cdec/antenna/tag/e2806894000040038662114f, 88
1652716327.270158, sdrt-health/mac:02010b41cdec/antenna/tag/e2806894000050038661fd4f, 90
1652716327.293698, sdrt-health/mac:02010b41cdec/antenna/tag/e28068940000400386621d4f, 90
1652716327.322838, sdrt-health/mac:02010b41cdec/antenna/tag/e2806894000050038662154f, 88
1652716327.323057, sdrt-health/mac:02010b41cdec/antenna/tag/e2806894000050038661fd4f, 90
1652716327.323198, sdrt-health/mac:02010b41cdec/antenna/tag/e28068940000400386621d4f, 90
1652716327.346809, sdrt-health/mac:02010b41cdec/antenna/tag/e2806894000050038662154f, 91
1652716327.412923, sdrt-health/mac:02010b41cdec/antenna/tag/e2806894000050038662154f, 91
1652716327.413438, sdrt-health/mac:02010b41cdec/antenna/tag/e2806894000040038662114f, 88
1652716327.428668, sdrt-health/mac:02010b41cdec/antenna/tag/e28068940000400386621d4f, 90
1652716327.44534, sdrt-health/mac:02010b41cdec/antenna/tag/e2806894000040038662114f, 88
1652716327.487047, sdrt-health/mac:02010b41cdec/antenna/tag/e2806894000050038662194f, 82
1652716327.52591, sdrt-health/mac:02010b41cdec/antenna/tag/e2806894000050038662154f, 93
1652716327.591766, sdrt-health/mac:02010b41cdec/antenna/tag/e2806894000050038661fd4f, 83
1652716327.592319, sdrt-health/mac:02010b41cdec/antenna/tag/e2806894000040038662114f, 88
1652716327.611669, sdrt-health/mac:02010b41cdec/antenna/tag/e2806894000050038661fd4f, 86
1652716327.687473, sdrt-health/mac:02010b41cdec/antenna/tag/e2806894000050038661fd4f, 86
1652716327.688091, sdrt-health/mac:02010b41cdec/antenna/tag/e2806894000050038661fd4f, 86
1652716327.736106, sdrt-health/mac:02010b41cdec/antenna/tag/e2806894000040038662114f, 91
1652716327.776035, sdrt-health/mac:02010b41cdec/antenna/tag/e2806894000050038662194f, 83
1652716327.784991, sdrt-health/mac:02010b41cdec/antenna/tag/e2806894000050038661fd4f, 83
1652716327.815527, sdrt-health/mac:02010b41cdec/antenna/tag/e2806894000050038661fd4f, 86
1652716327.869859, sdrt-health/mac:02010b41cdec/antenna/tag/e2806894000040038662114f, 91
1652716327.870321, sdrt-health/mac:02010b41cdec/antenna/tag/e2806894000050038662154f, 91
1652716327.885739, sdrt-health/mac:02010b41cdec/antenna/tag/e28068940000400386621d4f, 90
1652716327.895245, sdrt-health/mac:02010b41cdec/antenna/tag/e2806894000050038662194f, 87
1652716327.941519, sdrt-health/mac:02010b41cdec/antenna/tag/e2806894000050038662194f, 81
1652716327.942275, sdrt-health/mac:02010b41cdec/antenna/tag/e2806894000040038662114f, 97
1652716328.001864, sdrt-health/mac:02010b41cdec/antenna/tag/e2806894000050038662194f, 83
1652716328.002335, sdrt-health/mac:02010b41cdec/antenna/tag/e2806894000050038662154f, 93
1652716328.038531, sdrt-health/mac:02010b41cdec/antenna/tag/e2806894000050038661fd4f, 83
1652716328.075847, sdrt-health/mac:02010b41cdec/antenna/tag/e2806894000040038662214f, 83
1652716328.144256, sdrt-health/mac:02010b41cdec/antenna/tag/e2806894000040038662114f, 88
1652716328.211016, sdrt-health/mac:02010b41cdec/antenna/tag/e2806894000050038662194f, 81
1652716328.293123, sdrt-health/mac:02010b41cdec/antenna/tag/e2806894000040038662114f, 85
1652716328.293721, sdrt-health/mac:02010b41cdec/antenna/tag/e2806894000040038662114f, 85
1652716328.326272, sdrt-health/mac:02010b41cdec/antenna/tag/e2806894000050038662154f, 88
1652716328.391796, sdrt-health/mac:02010b41cdec/antenna/tag/e2806894000050038662194f, 81
1652716328.392383, sdrt-health/mac:02010b41cdec/antenna/tag/e2806894000050038662154f, 91
1652716328.392753, sdrt-health/mac:02010b41cdec/antenna/tag/e2806894000050038662194f, 94
1652716328.393092, sdrt-health/mac:02010b41cdec/antenna/tag/e2806894000050038662154f, 93
1652716328.426344, sdrt-health/mac:02010b41cdec/antenna/tag/e2806894000050038661fd4f, 91
1652716328.480028, sdrt-health/mac:02010b41cdec/antenna/tag/e2806894000050038662194f, 81
1652716328.480574, sdrt-health/mac:02010b41cdec/antenna/tag/e28068940000400386621d4f, 96
1652716328.534869, sdrt-health/mac:02010b41cdec/antenna/tag/e2806894000050038661fd4f, 86
1652716328.574845, sdrt-health/mac:02010b41cdec/antenna/tag/e2806894000050038661fd4f, 90
1652716328.650857, sdrt-health/mac:02010b41cdec/antenna/tag/e28068940000400386621d4f, 96
1652716328.651427, sdrt-health/mac:02010b41cdec/antenna/tag/e2806894000050038661fd4f, 86
1652716328.705574, sdrt-health/mac:02010b41cdec/antenna/tag/e28068940000400386621d4f, 96
1652716328.735721, sdrt-health/mac:02010b41cdec/antenna/tag/e2806894000050038661fd4f, 90
1652716328.736049, sdrt-health/mac:02010b41cdec/antenna/tag/e2806894000040038662114f, 91
1652716328.795566, sdrt-health/mac:02010b41cdec/antenna/tag/e2806894000040038662114f, 88
1652716328.837921, sdrt-health/mac:02010b41cdec/antenna/tag/e28068940000400386621d4f, 96
1652716328.90133, sdrt-health/mac:02010b41cdec/antenna/tag/e2806894000050038661fd4f, 90
1652716328.90187, sdrt-health/mac:02010b41cdec/antenna/tag/e28068940000400386621d4f, 90
1652716328.942465, sdrt-health/mac:02010b41cdec/antenna/tag/e2806894000050038662154f, 85
1652716329.017639, sdrt-health/mac:02010b41cdec/antenna/tag/e2806894000050038661fd4f, 91
1652716329.018096, sdrt-health/mac:02010b41cdec/antenna/tag/e2806894000050038662194f, 83
1652716329.031604, sdrt-health/mac:02010b41cdec/antenna/tag/e2806894000040038662114f, 88
1652716329.032113, sdrt-health/mac:02010b41cdec/antenna/tag/e2806894000050038662154f, 85
1652716329.081456, sdrt-health/mac:02010b41cdec/antenna/tag/e2806894000050038661fd4f, 86
1652716329.135153, sdrt-health/mac:02010b41cdec/antenna/tag/e2806894000050038662154f, 91
1652716329.136096, sdrt-health/mac:02010b41cdec/antenna/tag/e2806894000050038662154f, 91
1652716329.15063, sdrt-health/mac:02010b41cdec/antenna/tag/e2806894000050038661fd4f, 86
1652716329.176248, sdrt-health/mac:02010b41cdec/antenna/tag/e28068940000400386621d4f, 90
1652716329.205865, sdrt-health/mac:02010b41cdec/antenna/tag/e2806894000050038661fd4f, 86
1652716329.206089, sdrt-health/mac:02010b41cdec/antenna/tag/e2806894000050038662154f, 88
1652716329.243105, sdrt-health/mac:02010b41cdec/antenna/tag/e28068940000400386621d4f, 90
1652716329.284386, sdrt-health/mac:02010b41cdec/antenna/tag/e2806894000040038662114f, 88
1652716329.334939, sdrt-health/mac:02010b41cdec/antenna/tag/e2806894000040038662114f, 88
1652716329.377489, sdrt-health/mac:02010b41cdec/antenna/tag/e2806894000050038662154f, 93
1652716329.406713, sdrt-health/mac:02010b41cdec/antenna/tag/e2806894000050038662194f, 81
1652716329.406998, sdrt-health/mac:02010b41cdec/antenna/tag/e28068940000400386621d4f, 96
1652716329.420805, sdrt-health/mac:02010b41cdec/antenna/tag/e28068940000400386621d4f, 96
1652716329.421033, sdrt-health/mac:02010b41cdec/antenna/tag/e2806894000050038662194f, 81
1652716329.480926, sdrt-health/mac:02010b41cdec/antenna/tag/e2806894000050038662154f, 93
1652716329.551178, sdrt-health/mac:02010b41cdec/antenna/tag/e2806894000040038662114f, 91
1652716329.551753, sdrt-health/mac:02010b41cdec/antenna/tag/e2806894000050038661fd4f, 91
1652716329.566639, sdrt-health/mac:02010b41cdec/antenna/tag/e2806894000050038662194f, 81
1652716329.606174, sdrt-health/mac:02010b41cdec/antenna/tag/e2806894000050038661fd4f, 83
1652716329.64595, sdrt-health/mac:02010b41cdec/antenna/tag/e28068940000400386621d4f, 96
1652716329.685217, sdrt-health/mac:02010b41cdec/antenna/tag/e28068940000400386621d4f, 96
1652716329.749902, sdrt-health/mac:02010b41cdec/antenna/tag/e2806894000050038662154f, 88
1652716329.750372, sdrt-health/mac:02010b41cdec/antenna/tag/e2806894000050038661fd4f, 86
1652716329.764956, sdrt-health/mac:02010b41cdec/antenna/tag/e2806894000040038662114f, 88
1652716329.798767, sdrt-health/mac:02010b41cdec/antenna/tag/e2806894000050038662154f, 88
1652716329.860945, sdrt-health/mac:02010b41cdec/antenna/tag/e28068940000400386621d4f, 90
1652716329.923566, sdrt-health/mac:02010b41cdec/antenna/tag/e2806894000050038662154f, 88
1652716329.924057, sdrt-health/mac:02010b41cdec/antenna/tag/e2806894000050038661fd4f, 86
1652716329.939825, sdrt-health/mac:02010b41cdec/antenna/tag/e2806894000050038662194f, 83
1652716329.972304, sdrt-health/mac:02010b41cdec/antenna/tag/e2806894000050038661fd4f, 97
1652716330.016408, sdrt-health/mac:02010b41cdec/antenna/tag/e2806894000050038662154f, 85
1652716330.065195, sdrt-health/mac:02010b41cdec/antenna/tag/e28068940000400386621d4f, 96
1652716330.120455, sdrt-health/mac:02010b41cdec/antenna/tag/e2806894000050038661fd4f, 86
1652716330.120926, sdrt-health/mac:02010b41cdec/antenna/tag/e28068940000400386621d4f, 96
1652716330.135248, sdrt-health/mac:02010b41cdec/antenna/tag/e2806894000050038662194f, 87
1652716330.161897, sdrt-health/mac:02010b41cdec/antenna/tag/e2806894000050038662194f, 87
1652716330.239851, sdrt-health/mac:02010b41cdec/antenna/tag/e2806894000040038662114f, 88
1652716330.240362, sdrt-health/mac:02010b41cdec/antenna/tag/e2806894000050038661fd4f, 86
1652716330.339345, sdrt-health/mac:02010b41cdec/antenna/tag/e28068940000400386621d4f, 96
1652716330.417557, sdrt-health/mac:02010b41cdec/antenna/tag/e2806894000050038662194f, 94
1652716330.445314, sdrt-health/mac:02010b41cdec/antenna/tag/e2806894000040038662114f, 91
1652716330.445821, sdrt-health/mac:02010b41cdec/antenna/tag/e2806894000050038662154f, 85
1652716330.460061, sdrt-health/mac:02010b41cdec/antenna/tag/e2806894000050038662154f, 91
1652716330.494675, sdrt-health/mac:02010b41cdec/antenna/tag/e2806894000050038662154f, 93
1652716330.524809, sdrt-health/mac:02010b41cdec/antenna/tag/e2806894000050038661fd4f, 83
1652716330.525424, sdrt-health/mac:02010b41cdec/antenna/tag/e2806894000050038662194f, 87
1652716330.547334, sdrt-health/mac:02010b41cdec/antenna/tag/e28068940000400386621d4f, 96
1652716330.593852, sdrt-health/mac:02010b41cdec/antenna/tag/e28068940000400386621d4f, 96
1652716330.594357, sdrt-health/mac:02010b41cdec/antenna/tag/e2806894000050038662154f, 88
1652716330.625656, sdrt-health/mac:02010b41cdec/antenna/tag/e2806894000050038662154f, 85
1652716330.626065, sdrt-health/mac:02010b41cdec/antenna/tag/e2806894000050038661fd4f, 83
1652716330.667424, sdrt-health/mac:02010b41cdec/antenna/tag/e2806894000050038661fd4f, 97
1652716330.715933, sdrt-health/mac:02010b41cdec/antenna/tag/e28068940000500386620d4f, 88
1652716330.758501, sdrt-health/mac:02010b41cdec/antenna/tag/e28068940000400386621d4f, 96
1652716330.820757, sdrt-health/mac:02010b41cdec/antenna/tag/e2806894000050038662154f, 85
1652716330.821245, sdrt-health/mac:02010b41cdec/antenna/tag/e2806894000050038662194f, 83
1652716330.834548, sdrt-health/mac:02010b41cdec/antenna/tag/e2806894000040038662114f, 88
1652716330.857133, sdrt-health/mac:02010b41cdec/antenna/tag/e2806894000050038661fd4f, 83
1652716330.929256, sdrt-health/mac:02010b41cdec/antenna/tag/e2806894000050038662154f, 85
1652716330.978142, sdrt-health/mac:02010b41cdec/antenna/tag/e2806894000050038661fd4f, 83
1652716330.978591, sdrt-health/mac:02010b41cdec/antenna/tag/e2806894000050038662154f, 85
1652716330.978982, sdrt-health/mac:02010b41cdec/antenna/tag/e2806894000050038662194f, 87
1652716330.994543, sdrt-health/mac:02010b41cdec/antenna/tag/e2806894000050038662154f, 93
1652716330.995149, sdrt-health/mac:02010b41cdec/antenna/tag/e2806894000050038661fd4f, 97
1652716330.995535, sdrt-health/mac:02010b41cdec/antenna/tag/e2806894000050038661fd4f, 83
1652716331.055131, sdrt-health/mac:02010b41cdec/antenna/tag/e2806894000050038661fd4f, 83
1652716331.128396, sdrt-health/mac:02010b41cdec/antenna/tag/e2806894000050038662194f, 93
1652716331.128909, sdrt-health/mac:02010b41cdec/antenna/tag/e2806894000050038662154f, 88
1652716331.146103, sdrt-health/mac:02010b41cdec/antenna/tag/e28068940000400386621d4f, 96
1652716331.160411, sdrt-health/mac:02010b41cdec/antenna/tag/e2806894000050038662194f, 88
1652716331.196222, sdrt-health/mac:02010b41cdec/antenna/tag/e2806894000040038662114f, 88
1652716331.256124, sdrt-health/mac:02010b41cdec/antenna/tag/e2806894000040038662114f, 91
1652716331.313389, sdrt-health/mac:02010b41cdec/antenna/tag/e2806894000050038661fd4f, 86
1652716331.313672, sdrt-health/mac:02010b41cdec/antenna/tag/e28068940000400386621d4f, 90
1652716331.327458, sdrt-health/mac:02010b41cdec/antenna/tag/e2806894000040038661f94f, 88
1652716331.327727, sdrt-health/mac:02010b41cdec/antenna/tag/e2806894000050038661fd4f, 83
1652716331.327974, sdrt-health/mac:02010b41cdec/antenna/tag/e2806894000050038662194f, 81
1652716331.347187, sdrt-health/mac:02010b41cdec/antenna/tag/e2806894000050038662154f, 91
1652716331.399862, sdrt-health/mac:02010b41cdec/antenna/tag/e2806894000050038662154f, 91
1652716331.424401, sdrt-health/mac:02010b41cdec/antenna/tag/e2806894000050038661fd4f, 83
1652716331.479172, sdrt-health/mac:02010b41cdec/antenna/tag/e2806894000040038662114f, 97
1652716331.479516, sdrt-health/mac:02010b41cdec/antenna/tag/e2806894000050038662154f, 88
1652716331.494315, sdrt-health/mac:02010b41cdec/antenna/tag/e2806894000050038661fd4f, 86
1652716331.505165, sdrt-health/mac:02010b41cdec/antenna/tag/e2806894000050038661fd4f, 83
1652716331.558276, sdrt-health/mac:02010b41cdec/antenna/tag/e2806894000040038662114f, 91
1652716331.559295, sdrt-health/mac:02010b41cdec/antenna/tag/e2806894000050038662154f, 93
1652716331.605797, sdrt-health/mac:02010b41cdec/antenna/tag/e2806894000050038662154f, 93
1652716331.667844, sdrt-health/mac:02010b41cdec/antenna/tag/e2806894000050038662154f, 88
1652716331.73268, sdrt-health/mac:02010b41cdec/antenna/tag/e28068940000400386621d4f, 90
1652716331.801445, sdrt-health/mac:02010b41cdec/antenna/tag/e2806894000050038662154f, 88
1652716331.802322, sdrt-health/mac:02010b41cdec/antenna/tag/e2806894000050038661fd4f, 86
1652716331.802716, sdrt-health/mac:02010b41cdec/antenna/tag/e2806894000050038662194f, 83
1652716331.854086, sdrt-health/mac:02010b41cdec/antenna/tag/e2806894000050038662194f, 94
1652716331.93113, sdrt-health/mac:02010b41cdec/antenna/tag/e2806894000050038661fd4f, 86
1652716331.960368, sdrt-health/mac:02010b41cdec/antenna/tag/e2806894000050038661fd4f, 97
1652716331.960943, sdrt-health/mac:02010b41cdec/antenna/tag/e2806894000050038661fd4f, 83
1652716331.984416, sdrt-health/mac:02010b41cdec/antenna/tag/e28068940000400386621d4f, 96
1652716332.013487, sdrt-health/mac:02010b41cdec/antenna/tag/e2806894000050038662194f, 85
1652716332.013842, sdrt-health/mac:02010b41cdec/antenna/tag/e2806894000050038662154f, 85
1652716332.027423, sdrt-health/mac:02010b41cdec/antenna/tag/e2806894000050038662154f, 85
1652716332.027727, sdrt-health/mac:02010b41cdec/antenna/tag/e2806894000040038662054f, 88
1652716332.027991, sdrt-health/mac:02010b41cdec/antenna/tag/e2806894000040038662114f, 88
1652716332.064734, sdrt-health/mac:02010b41cdec/antenna/tag/e2806894000050038662194f, 81
1652716332.105694, sdrt-health/mac:02010b41cdec/antenna/tag/e2806894000040038662114f, 88
1652716332.145247, sdrt-health/mac:02010b41cdec/antenna/tag/e2806894000040038662114f, 91
1652716332.199962, sdrt-health/mac:02010b41cdec/antenna/tag/e2806894000050038662194f, 83
1652716332.229907, sdrt-health/mac:02010b41cdec/antenna/tag/e2806894000050038662154f, 85
1652716332.230267, sdrt-health/mac:02010b41cdec/antenna/tag/e2806894000050038662154f, 85
1652716332.24528, sdrt-health/mac:02010b41cdec/antenna/tag/e2806894000050038661fd4f, 97
1652716332.287909, sdrt-health/mac:02010b41cdec/antenna/tag/e2806894000050038661fd4f, 86
1652716332.325498, sdrt-health/mac:02010b41cdec/antenna/tag/e2806894000040038662114f, 85
1652716332.389333, sdrt-health/mac:02010b41cdec/antenna/tag/e2806894000050038661fd4f, 86
1652716332.389592, sdrt-health/mac:02010b41cdec/antenna/tag/e2806894000050038662154f, 88
1652716332.38978, sdrt-health/mac:02010b41cdec/antenna/tag/e2806894000050038661fd4f, 83
1652716332.425757, sdrt-health/mac:02010b41cdec/antenna/tag/e2806894000050038662154f, 85
1652716332.512809, sdrt-health/mac:02010b41cdec/antenna/tag/e2806894000040038662114f, 88
1652716332.514221, sdrt-health/mac:02010b41cdec/antenna/tag/e2806894000050038662194f, 81
1652716332.527272, sdrt-health/mac:02010b41cdec/antenna/tag/e28068940000400386621d4f, 96
1652716332.527611, sdrt-health/mac:02010b41cdec/antenna/tag/e2806894000040038662114f, 88
1652716332.528031, sdrt-health/mac:02010b41cdec/antenna/tag/e2806894000050038661fd4f, 83
1652716332.565374, sdrt-health/mac:02010b41cdec/antenna/tag/e2806894000050038662154f, 91
1652716332.626159, sdrt-health/mac:02010b41cdec/antenna/tag/e28068940000400386621d4f, 96
1652716332.626805, sdrt-health/mac:02010b41cdec/antenna/tag/e2806894000040038662114f, 88
1652716332.697569, sdrt-health/mac:02010b41cdec/antenna/tag/e2806894000050038662154f, 88
1652716332.747134, sdrt-health/mac:02010b41cdec/antenna/tag/e2806894000050038661fd4f, 86
1652716332.815023, sdrt-health/mac:02010b41cdec/antenna/tag/e28068940000400386621d4f, 90
1652716332.815422, sdrt-health/mac:02010b41cdec/antenna/tag/e28068940000400386621d4f, 90
1652716332.815734, sdrt-health/mac:02010b41cdec/antenna/tag/e2806894000050038662194f, 87
1652716332.838608, sdrt-health/mac:02010b41cdec/antenna/tag/e28068940000400386621d4f, 96
1652716332.935072, sdrt-health/mac:02010b41cdec/antenna/tag/e2806894000050038662154f, 91
1652716332.935552, sdrt-health/mac:02010b41cdec/antenna/tag/e2806894000050038661fd4f, 86
1652716332.977526, sdrt-health/mac:02010b41cdec/antenna/tag/e28068940000400386621d4f, 96
1652716333.011402, sdrt-health/mac:02010b41cdec/antenna/tag/e2806894000040038662114f, 88
1652716333.011765, sdrt-health/mac:02010b41cdec/antenna/tag/e28068940000400386621d4f, 96
1652716333.027754, sdrt-health/mac:02010b41cdec/antenna/tag/e2806894000050038662154f, 88
1652716333.065925, sdrt-health/mac:02010b41cdec/antenna/tag/e2806894000050038662154f, 85
1652716333.122323, sdrt-health/mac:02010b41cdec/antenna/tag/e2806894000050038662154f, 85
1652716333.177547, sdrt-health/mac:02010b41cdec/antenna/tag/e2806894000050038662194f, 81
1652716333.274066, sdrt-health/mac:02010b41cdec/antenna/tag/e2806894000040038662114f, 88
1652716333.274555, sdrt-health/mac:02010b41cdec/antenna/tag/e2806894000040038662114f, 88
1652716333.288106, sdrt-health/mac:02010b41cdec/antenna/tag/e28068940000400386621d4f, 96
1652716333.288691, sdrt-health/mac:02010b41cdec/antenna/tag/e2806894000050038661fd4f, 86
1652716333.289072, sdrt-health/mac:02010b41cdec/antenna/tag/e2806894000050038662154f, 91
1652716333.305062, sdrt-health/mac:02010b41cdec/antenna/tag/e2806894000040038662114f, 85
1652716333.36249, sdrt-health/mac:02010b41cdec/antenna/tag/e28068940000400386621d4f, 96
1652716333.362886, sdrt-health/mac:02010b41cdec/antenna/tag/e28068940000400386621d4f, 90
1652716333.376447, sdrt-health/mac:02010b41cdec/antenna/tag/e28068940000400386621d4f, 96
1652716333.420894, sdrt-health/mac:02010b41cdec/antenna/tag/e2806894000050038662194f, 93
1652716333.421279, sdrt-health/mac:02010b41cdec/antenna/tag/e2806894000050038662154f, 91
1652716333.435219, sdrt-health/mac:02010b41cdec/antenna/tag/e2806894000050038662154f, 91
1652716333.46424, sdrt-health/mac:02010b41cdec/antenna/tag/e2806894000040038662114f, 88
1652716333.52445, sdrt-health/mac:02010b41cdec/antenna/tag/e2806894000050038661fd4f, 86
1652716333.557433, sdrt-health/mac:02010b41cdec/antenna/tag/e28068940000400386621d4f, 96
1652716333.55785, sdrt-health/mac:02010b41cdec/antenna/tag/e2806894000040038662114f, 85
1652716333.558165, sdrt-health/mac:02010b41cdec/antenna/tag/e28068940000400386621d4f, 96
1652716333.570458, sdrt-health/mac:02010b41cdec/antenna/tag/e2806894000040038662114f, 85
1652716333.616693, sdrt-health/mac:02010b41cdec/antenna/tag/e2806894000050038662154f, 88
1652716333.663325, sdrt-health/mac:02010b41cdec/antenna/tag/e28068940000400386621d4f, 90
1652716333.722987, sdrt-health/mac:02010b41cdec/antenna/tag/e2806894000050038662154f, 88
1652716333.723545, sdrt-health/mac:02010b41cdec/antenna/tag/e28068940000400386621d4f, 96
1652716333.762766, sdrt-health/mac:02010b41cdec/antenna/tag/e2806894000050038661fd4f, 90
1652716333.836142, sdrt-health/mac:02010b41cdec/antenna/tag/e28068940000400386621d4f, 90
1652716333.882116, sdrt-health/mac:02010b41cdec/antenna/tag/e2806894000050038661fd4f, 86
1652716333.956192, sdrt-health/mac:02010b41cdec/antenna/tag/e28068940000400386621d4f, 96
1652716333.95672, sdrt-health/mac:02010b41cdec/antenna/tag/e2806894000040038662114f, 88
1652716333.970495, sdrt-health/mac:02010b41cdec/antenna/tag/e2806894000050038661fd4f, 86
1652716333.970877, sdrt-health/mac:02010b41cdec/antenna/tag/e28068940000400386621d4f, 90
1652716334.016812, sdrt-health/mac:02010b41cdec/antenna/tag/e2806894000040038662214f, 83
1652716334.084959, sdrt-health/mac:02010b41cdec/antenna/tag/e2806894000050038662154f, 85
1652716334.11871, sdrt-health/mac:02010b41cdec/antenna/tag/e2806894000040038662114f, 88
1652716334.119013, sdrt-health/mac:02010b41cdec/antenna/tag/e2806894000050038662154f, 85
1652716334.135253, sdrt-health/mac:02010b41cdec/antenna/tag/e2806894000050038662154f, 88
1652716334.176358, sdrt-health/mac:02010b41cdec/antenna/tag/e2806894000040038662114f, 88
1652716334.236468, sdrt-health/mac:02010b41cdec/antenna/tag/e2806894000050038661fd4f, 86
1652716334.236995, sdrt-health/mac:02010b41cdec/antenna/tag/e2806894000050038661fd4f, 86
1652716334.288321, sdrt-health/mac:02010b41cdec/antenna/tag/e2806894000040038662114f, 91
1652716334.352448, sdrt-health/mac:02010b41cdec/antenna/tag/e2806894000040038662114f, 97
1652716334.352968, sdrt-health/mac:02010b41cdec/antenna/tag/e2806894000050038662194f, 83
1652716334.366293, sdrt-health/mac:02010b41cdec/antenna/tag/e2806894000050038662194f, 87
1652716334.377479, sdrt-health/mac:02010b41cdec/antenna/tag/e2806894000040038662114f, 91
1652716334.424568, sdrt-health/mac:02010b41cdec/antenna/tag/e2806894000050038662194f, 87
1652716334.464687, sdrt-health/mac:02010b41cdec/antenna/tag/e2806894000050038662154f, 88
1652716334.488131, sdrt-health/mac:02010b41cdec/antenna/tag/e2806894000040038662114f, 91
1652716334.506185, sdrt-health/mac:02010b41cdec/antenna/tag/e2806894000050038662194f, 82
1652716334.563618, sdrt-health/mac:02010b41cdec/antenna/tag/e2806894000050038662154f, 85
1652716334.564107, sdrt-health/mac:02010b41cdec/antenna/tag/e2806894000050038662194f, 82
1652716334.629054, sdrt-health/mac:02010b41cdec/antenna/tag/e2806894000040038662114f, 88
1652716334.678347, sdrt-health/mac:02010b41cdec/antenna/tag/e2806894000050038662154f, 88
1652716334.707911, sdrt-health/mac:02010b41cdec/antenna/tag/e28068940000400386621d4f, 96
1652716334.708327, sdrt-health/mac:02010b41cdec/antenna/tag/e28068940000400386621d4f, 96
1652716334.741122, sdrt-health/mac:02010b41cdec/antenna/tag/e2806894000050038661fd4f, 86
1652716334.856152, sdrt-health/mac:02010b41cdec/antenna/tag/e2806894000050038661fd4f, 86
1652716334.856699, sdrt-health/mac:02010b41cdec/antenna/tag/e2806894000050038662154f, 91
1652716334.857226, sdrt-health/mac:02010b41cdec/antenna/tag/e28068940000400386621d4f, 96
1652716334.87014, sdrt-health/mac:02010b41cdec/antenna/tag/e2806894000050038662154f, 97
1652716334.870573, sdrt-health/mac:02010b41cdec/antenna/tag/e28068940000400386621d4f, 96
1652716334.870923, sdrt-health/mac:02010b41cdec/antenna/tag/e2806894000050038662154f, 91
1652716334.923102, sdrt-health/mac:02010b41cdec/antenna/tag/e2806894000040038662214f, 81
1652716335.178317, sdrt-health/mac:02010b41cdec/antenna/tag/e2806894000040038662114f, 88
1652716335.208802, sdrt-health/mac:02010b41cdec/antenna/tag/e2806894000050038662154f, 85
1652716335.209349, sdrt-health/mac:02010b41cdec/antenna/tag/e2806894000050038661fd4f, 97
1652716335.252006, sdrt-health/mac:02010b41cdec/antenna/tag/e2806894000050038662194f, 81
1652716335.281995, sdrt-health/mac:02010b41cdec/antenna/tag/e2806894000050038661fd4f, 86
1652716335.282249, sdrt-health/mac:02010b41cdec/antenna/tag/e28068940000400386621d4f, 96
1652716335.282367, sdrt-health/mac:02010b41cdec/antenna/tag/e2806894000050038662154f, 88
1652716335.282494, sdrt-health/mac:02010b41cdec/antenna/tag/e2806894000040038662114f, 85
1652716335.282626, sdrt-health/mac:02010b41cdec/antenna/tag/e2806894000050038661fd4f, 86
1652716335.282743, sdrt-health/mac:02010b41cdec/antenna/tag/e2806894000050038661fd4f, 86
1652716335.283272, sdrt-health/mac:02010b41cdec/antenna/tag/e28068940000400386621d4f, 96
1652716335.283477, sdrt-health/mac:02010b41cdec/antenna/tag/e2806894000040038662114f, 88
1652716335.283643, sdrt-health/mac:02010b41cdec/antenna/tag/e2806894000050038661fd4f, 86
1652716335.283785, sdrt-health/mac:02010b41cdec/antenna/tag/e2806894000040038662114f, 88
1652716335.296348, sdrt-health/mac:02010b41cdec/antenna/tag/e2806894000050038661fd4f, 86
1652716335.345805, sdrt-health/mac:02010b41cdec/antenna/tag/e2806894000050038662154f, 91
1652716335.41384, sdrt-health/mac:02010b41cdec/antenna/tag/e2806894000050038661fd4f, 86
1652716335.414516, sdrt-health/mac:02010b41cdec/antenna/tag/e2806894000050038661fd4f, 97
1652716335.456884, sdrt-health/mac:02010b41cdec/antenna/tag/e2806894000050038662154f, 88
1652716335.533375, sdrt-health/mac:02010b41cdec/antenna/tag/e28068940000400386621d4f, 96
1652716335.533842, sdrt-health/mac:02010b41cdec/antenna/tag/e2806894000050038661fd4f, 97
1652716335.578849, sdrt-health/mac:02010b41cdec/antenna/tag/e2806894000050038661fd4f, 86
1652716335.57933, sdrt-health/mac:02010b41cdec/antenna/tag/e2806894000050038662154f, 91
1652716335.616491, sdrt-health/mac:02010b41cdec/antenna/tag/e2806894000050038662154f, 88
1652716335.689475, sdrt-health/mac:02010b41cdec/antenna/tag/e2806894000040038662114f, 88
1652716335.689989, sdrt-health/mac:02010b41cdec/antenna/tag/e2806894000050038662154f, 91
1652716335.704201, sdrt-health/mac:02010b41cdec/antenna/tag/e2806894000040038661f94f, 81
1652716335.735705, sdrt-health/mac:02010b41cdec/antenna/tag/e2806894000050038661fd4f, 86
1652716335.814561, sdrt-health/mac:02010b41cdec/antenna/tag/e2806894000050038662194f, 81
1652716335.81513, sdrt-health/mac:02010b41cdec/antenna/tag/e28068940000400386621d4f, 96
1652716335.846544, sdrt-health/mac:02010b41cdec/antenna/tag/e2806894000040038662114f, 85
1652716335.923222, sdrt-health/mac:02010b41cdec/antenna/tag/e2806894000050038662194f, 94
1652716335.923777, sdrt-health/mac:02010b41cdec/antenna/tag/e2806894000050038661fd4f, 97
1652716335.937413, sdrt-health/mac:02010b41cdec/antenna/tag/e2806894000040038662114f, 88
1652716335.93799, sdrt-health/mac:02010b41cdec/antenna/tag/e2806894000040038662114f, 85
1652716335.983296, sdrt-health/mac:02010b41cdec/antenna/tag/e2806894000040038662114f, 88
1652716336.011537, sdrt-health/mac:02010b41cdec/antenna/tag/e2806894000050038662194f, 87
1652716336.011908, sdrt-health/mac:02010b41cdec/antenna/tag/e2806894000040038662114f, 88
1652716336.012211, sdrt-health/mac:02010b41cdec/antenna/tag/e28068940000400386621d4f, 96
1652716336.026121, sdrt-health/mac:02010b41cdec/antenna/tag/e2806894000050038662194f, 83
1652716336.075622, sdrt-health/mac:02010b41cdec/antenna/tag/e2806894000050038661fd4f, 86
1652716336.117894, sdrt-health/mac:02010b41cdec/antenna/tag/e2806894000050038662154f, 97
1652716336.189878, sdrt-health/mac:02010b41cdec/antenna/tag/e2806894000040038662114f, 88
1652716336.190444, sdrt-health/mac:02010b41cdec/antenna/tag/e2806894000050038661fd4f, 86
1652716336.227676, sdrt-health/mac:02010b41cdec/antenna/tag/e28068940000400386621d4f, 96
1652716336.258644, sdrt-health/mac:02010b41cdec/antenna/tag/e28068940000400386621d4f, 96
1652716336.259192, sdrt-health/mac:02010b41cdec/antenna/tag/e2806894000050038662154f, 88
1652716336.303216, sdrt-health/mac:02010b41cdec/antenna/tag/e2806894000050038661fd4f, 86
1652716336.360088, sdrt-health/mac:02010b41cdec/antenna/tag/e2806894000050038662154f, 88
1652716336.360701, sdrt-health/mac:02010b41cdec/antenna/tag/e2806894000050038662194f, 83
1652716336.374173, sdrt-health/mac:02010b41cdec/antenna/tag/e2806894000050038662194f, 83
1652716336.374659, sdrt-health/mac:02010b41cdec/antenna/tag/e2806894000050038662154f, 85
1652716336.402962, sdrt-health/mac:02010b41cdec/antenna/tag/e28068940000400386621d4f, 96
1652716336.47104, sdrt-health/mac:02010b41cdec/antenna/tag/e2806894000050038662154f, 88
1652716336.471528, sdrt-health/mac:02010b41cdec/antenna/tag/e2806894000050038661fd4f, 86
1652716336.525375, sdrt-health/mac:02010b41cdec/antenna/tag/e2806894000050038662154f, 85
1652716336.55633, sdrt-health/mac:02010b41cdec/antenna/tag/e2806894000050038662154f, 85
1652716336.556605, sdrt-health/mac:02010b41cdec/antenna/tag/e2806894000040038662114f, 88
1652716336.57188, sdrt-health/mac:02010b41cdec/antenna/tag/e2806894000050038662194f, 83
1652716336.626937, sdrt-health/mac:02010b41cdec/antenna/tag/e2806894000050038662154f, 88
1652716336.655673, sdrt-health/mac:02010b41cdec/antenna/tag/e2806894000040038662114f, 91
1652716336.655942, sdrt-health/mac:02010b41cdec/antenna/tag/e2806894000050038662154f, 88
1652716336.689141, sdrt-health/mac:02010b41cdec/antenna/tag/e2806894000050038661fd4f, 83
1652716336.750107, sdrt-health/mac:02010b41cdec/antenna/tag/e28068940000400386621d4f, 96
1652716336.750633, sdrt-health/mac:02010b41cdec/antenna/tag/e28068940000400386621d4f, 90
1652716336.765212, sdrt-health/mac:02010b41cdec/antenna/tag/e2806894000050038661fd4f, 86
1652716336.765605, sdrt-health/mac:02010b41cdec/antenna/tag/e28068940000400386621d4f, 96
1652716336.76581, sdrt-health/mac:02010b41cdec/antenna/tag/e2806894000040038662114f, 88
1652716336.786006, sdrt-health/mac:02010b41cdec/antenna/tag/e2806894000050038661fd4f, 86
1652716336.88417, sdrt-health/mac:02010b41cdec/antenna/tag/e2806894000040038662114f, 88
1652716336.884639, sdrt-health/mac:02010b41cdec/antenna/tag/e2806894000050038662194f, 83
1652716336.91878, sdrt-health/mac:02010b41cdec/antenna/tag/e2806894000040038662114f, 88
1652716336.966279, sdrt-health/mac:02010b41cdec/antenna/tag/e2806894000050038661fd4f, 83
1652716337.016041, sdrt-health/mac:02010b41cdec/antenna/tag/e2806894000050038662154f, 93
1652716337.056831, sdrt-health/mac:02010b41cdec/antenna/tag/e2806894000050038662194f, 83
1652716337.126025, sdrt-health/mac:02010b41cdec/antenna/tag/e2806894000050038662194f, 87
1652716337.126496, sdrt-health/mac:02010b41cdec/antenna/tag/e28068940000400386621d4f, 96
1652716337.139511, sdrt-health/mac:02010b41cdec/antenna/tag/e2806894000050038662194f, 88
1652716337.160094, sdrt-health/mac:02010b41cdec/antenna/tag/e28068940000400386621d4f, 77
1652716337.237504, sdrt-health/mac:02010b41cdec/antenna/tag/e2806894000050038661fd4f, 83
1652716337.238031, sdrt-health/mac:02010b41cdec/antenna/tag/e2806894000040038662214f, 88
1652716337.253131, sdrt-health/mac:02010b41cdec/antenna/tag/e2806894000050038661fd4f, 91
1652716337.265313, sdrt-health/mac:02010b41cdec/antenna/tag/e2806894000050038661fd4f, 83
1652716337.266576, sdrt-health/mac:02010b41cdec/antenna/tag/e28068940000400386621d4f, 96
1652716337.266741, sdrt-health/mac:02010b41cdec/antenna/tag/e2806894000050038662154f, 85
1652716337.26688, sdrt-health/mac:02010b41cdec/antenna/tag/e2806894000050038662194f, 81
1652716337.318616, sdrt-health/mac:02010b41cdec/antenna/tag/e28068940000400386621d4f, 77
1652716337.388379, sdrt-health/mac:02010b41cdec/antenna/tag/e2806894000050038661fd4f, 83
1652716337.388885, sdrt-health/mac:02010b41cdec/antenna/tag/e2806894000050038662194f, 81
1652716337.41583, sdrt-health/mac:02010b41cdec/antenna/tag/e2806894000050038662154f, 93
1652716337.505236, sdrt-health/mac:02010b41cdec/antenna/tag/e28068940000400386621d4f, 96
1652716337.546526, sdrt-health/mac:02010b41cdec/antenna/tag/e2806894000050038662154f, 91
1652716337.606183, sdrt-health/mac:02010b41cdec/antenna/tag/e2806894000050038661fd4f, 97
1652716337.672268, sdrt-health/mac:02010b41cdec/antenna/tag/e2806894000050038662154f, 85
1652716337.745721, sdrt-health/mac:02010b41cdec/antenna/tag/e2806894000050038661fd4f, 97
1652716337.746239, sdrt-health/mac:02010b41cdec/antenna/tag/e28068940000400386621d4f, 77
1652716337.761195, sdrt-health/mac:02010b41cdec/antenna/tag/e2806894000050038662194f, 83
1652716337.774369, sdrt-health/mac:02010b41cdec/antenna/tag/e2806894000040038662114f, 91
1652716337.823714, sdrt-health/mac:02010b41cdec/antenna/tag/e2806894000050038662154f, 88
1652716337.907137, sdrt-health/mac:02010b41cdec/antenna/tag/e2806894000050038662194f, 94
1652716337.907689, sdrt-health/mac:02010b41cdec/antenna/tag/e2806894000050038662194f, 87
1652716337.943667, sdrt-health/mac:02010b41cdec/antenna/tag/e2806894000050038661fd4f, 86
1652716338.013869, sdrt-health/mac:02010b41cdec/antenna/tag/e2806894000050038661fd4f, 86
1652716338.014131, sdrt-health/mac:02010b41cdec/antenna/tag/e2806894000050038662194f, 83
1652716338.028455, sdrt-health/mac:02010b41cdec/antenna/tag/e2806894000050038662194f, 81
1652716338.036896, sdrt-health/mac:02010b41cdec/antenna/tag/e2806894000050038662154f, 85
1652716338.085506, sdrt-health/mac:02010b41cdec/antenna/tag/e2806894000050038662154f, 85
1652716338.134935, sdrt-health/mac:02010b41cdec/antenna/tag/e2806894000050038662154f, 91
1652716338.210867, sdrt-health/mac:02010b41cdec/antenna/tag/e2806894000040038662114f, 91
1652716338.303, sdrt-health/mac:02010b41cdec/antenna/tag/e28068940000400386621d4f, 96
1652716338.303489, sdrt-health/mac:02010b41cdec/antenna/tag/e2806894000050038662154f, 88
1652716338.318416, sdrt-health/mac:02010b41cdec/antenna/tag/e28068940000400386621d4f, 96
1652716338.318837, sdrt-health/mac:02010b41cdec/antenna/tag/e2806894000050038661fd4f, 83
1652716338.319137, sdrt-health/mac:02010b41cdec/antenna/tag/e2806894000050038661fd4f, 86
1652716338.344293, sdrt-health/mac:02010b41cdec/antenna/tag/e2806894000050038662154f, 88
1652716338.373116, sdrt-health/mac:02010b41cdec/antenna/tag/e2806894000050038662194f, 81
1652716338.373478, sdrt-health/mac:02010b41cdec/antenna/tag/e2806894000050038662194f, 81
1652716338.373751, sdrt-health/mac:02010b41cdec/antenna/tag/e2806894000040038662114f, 91
1652716338.410043, sdrt-health/mac:02010b41cdec/antenna/tag/e2806894000050038662154f, 91
1652716338.469944, sdrt-health/mac:02010b41cdec/antenna/tag/e2806894000050038662154f, 88
1652716338.470419, sdrt-health/mac:02010b41cdec/antenna/tag/e28068940000400386621d4f, 96
1652716338.484772, sdrt-health/mac:02010b41cdec/antenna/tag/e2806894000050038662154f, 85
1652716338.50453, sdrt-health/mac:02010b41cdec/antenna/tag/e2806894000050038661fd4f, 83
1652716338.54782, sdrt-health/mac:02010b41cdec/antenna/tag/e2806894000040038662114f, 88
1652716338.603245, sdrt-health/mac:02010b41cdec/antenna/tag/e2806894000040038662114f, 88
1652716338.603531, sdrt-health/mac:02010b41cdec/antenna/tag/e2806894000050038661fd4f, 97
1652716338.616432, sdrt-health/mac:02010b41cdec/antenna/tag/e28068940000400386621d4f, 96
1652716338.666533, sdrt-health/mac:02010b41cdec/antenna/tag/e2806894000050038662194f, 81
1652716338.667131, sdrt-health/mac:02010b41cdec/antenna/tag/e28068940000400386621d4f, 96
1652716338.731121, sdrt-health/mac:02010b41cdec/antenna/tag/e2806894000050038662194f, 87
1652716338.761077, sdrt-health/mac:02010b41cdec/antenna/tag/e28068940000400386621d4f, 96
1652716338.761422, sdrt-health/mac:02010b41cdec/antenna/tag/e28068940000400386621d4f, 96
1652716338.813921, sdrt-health/mac:02010b41cdec/antenna/tag/e2806894000040038662114f, 88
1652716338.875426, sdrt-health/mac:02010b41cdec/antenna/tag/e2806894000050038661fd4f, 86
1652716338.935204, sdrt-health/mac:02010b41cdec/antenna/tag/e2806894000040038662114f, 88
1652716338.935718, sdrt-health/mac:02010b41cdec/antenna/tag/e28068940000400386621d4f, 96
1652716338.975566, sdrt-health/mac:02010b41cdec/antenna/tag/e28068940000400386621d4f, 96
1652716339.03912, sdrt-health/mac:02010b41cdec/antenna/tag/e2806894000050038662154f, 85
1652716339.039545, sdrt-health/mac:02010b41cdec/antenna/tag/e28068940000400386621d4f, 96
1652716339.054733, sdrt-health/mac:02010b41cdec/antenna/tag/e2806894000050038661fd4f, 97
1652716339.082186, sdrt-health/mac:02010b41cdec/antenna/tag/e2806894000050038661fd4f, 86
1652716339.113566, sdrt-health/mac:02010b41cdec/antenna/tag/e2806894000040038662114f, 91
1652716339.113842, sdrt-health/mac:02010b41cdec/antenna/tag/e2806894000050038661fd4f, 86
1652716339.139637, sdrt-health/mac:02010b41cdec/antenna/tag/e2806894000050038662154f, 88
1652716339.23348, sdrt-health/mac:02010b41cdec/antenna/tag/e28068940000400386621d4f, 96
1652716339.233948, sdrt-health/mac:02010b41cdec/antenna/tag/e2806894000050038661fd4f, 86
1652716339.247183, sdrt-health/mac:02010b41cdec/antenna/tag/e28068940000400386621d4f, 90
1652716339.2477, sdrt-health/mac:02010b41cdec/antenna/tag/e2806894000040038662114f, 91
1652716339.295163, sdrt-health/mac:02010b41cdec/antenna/tag/e2806894000050038662154f, 88
1652716339.323712, sdrt-health/mac:02010b41cdec/antenna/tag/e2806894000050038662194f, 94
1652716339.323982, sdrt-health/mac:02010b41cdec/antenna/tag/e2806894000050038662194f, 81
1652716339.3552, sdrt-health/mac:02010b41cdec/antenna/tag/e2806894000050038661fd4f, 86
1652716339.392949, sdrt-health/mac:02010b41cdec/antenna/tag/e28068940000400386621d4f, 90
1652716339.393282, sdrt-health/mac:02010b41cdec/antenna/tag/e2806894000050038662194f, 87
1652716339.420628, sdrt-health/mac:02010b41cdec/antenna/tag/e2806894000050038662194f, 87
1652716339.483476, sdrt-health/mac:02010b41cdec/antenna/tag/e2806894000040038662114f, 88
1652716339.514081, sdrt-health/mac:02010b41cdec/antenna/tag/e28068940000400386621d4f, 96
1652716339.514561, sdrt-health/mac:02010b41cdec/antenna/tag/e28068940000400386621d4f, 96
1652716339.560225, sdrt-health/mac:02010b41cdec/antenna/tag/e2806894000040038662114f, 91
1652716339.597346, sdrt-health/mac:02010b41cdec/antenna/tag/e2806894000040038662114f, 88
1652716339.59783, sdrt-health/mac:02010b41cdec/antenna/tag/e2806894000050038662154f, 91
1652716339.611579, sdrt-health/mac:02010b41cdec/antenna/tag/e28068940000400386621d4f, 96
1652716339.611803, sdrt-health/mac:02010b41cdec/antenna/tag/e2806894000050038662194f, 83
1652716339.6806, sdrt-health/mac:02010b41cdec/antenna/tag/e2806894000050038662194f, 87
1652716339.773043, sdrt-health/mac:02010b41cdec/antenna/tag/e2806894000050038661fd4f, 83
1652716339.773506, sdrt-health/mac:02010b41cdec/antenna/tag/e2806894000040038662114f, 85
1652716339.824047, sdrt-health/mac:02010b41cdec/antenna/tag/e2806894000050038662154f, 91
1652716339.854878, sdrt-health/mac:02010b41cdec/antenna/tag/e2806894000050038661fd4f, 83
1652716339.855247, sdrt-health/mac:02010b41cdec/antenna/tag/e2806894000040038662114f, 88
1652716339.855482, sdrt-health/mac:02010b41cdec/antenna/tag/e28068940000400386621d4f, 96
1652716339.884702, sdrt-health/mac:02010b41cdec/antenna/tag/e28068940000400386621d4f, 96
1652716339.915555, sdrt-health/mac:02010b41cdec/antenna/tag/e28068940000400386621d4f, 96
1652716339.915887, sdrt-health/mac:02010b41cdec/antenna/tag/e2806894000050038662194f, 93
1652716339.962804, sdrt-health/mac:02010b41cdec/antenna/tag/e2806894000050038662194f, 87
1652716340.021479, sdrt-health/mac:02010b41cdec/antenna/tag/e2806894000050038662154f, 85
1652716340.022001, sdrt-health/mac:02010b41cdec/antenna/tag/e2806894000050038662154f, 88
1652716340.036983, sdrt-health/mac:02010b41cdec/antenna/tag/e2806894000050038661fd4f, 83
1652716340.05587, sdrt-health/mac:02010b41cdec/antenna/tag/e2806894000050038662154f, 88
1652716340.110033, sdrt-health/mac:02010b41cdec/antenna/tag/e28068940000400386621d4f, 96
1652716340.110411, sdrt-health/mac:02010b41cdec/antenna/tag/e2806894000050038661fd4f, 86
1652716340.12438, sdrt-health/mac:02010b41cdec/antenna/tag/e2806894000050038662154f, 91
1652716340.15891, sdrt-health/mac:02010b41cdec/antenna/tag/e28068940000400386621d4f, 90
1652716340.213728, sdrt-health/mac:02010b41cdec/antenna/tag/e2806894000050038661fd4f, 90
1652716340.28034, sdrt-health/mac:02010b41cdec/antenna/tag/e2806894000050038661fd4f, 86
1652716340.280578, sdrt-health/mac:02010b41cdec/antenna/tag/e2806894000040038662114f, 88
1652716340.293673, sdrt-health/mac:02010b41cdec/antenna/tag/e28068940000400386621d4f, 90
1652716340.293899, sdrt-health/mac:02010b41cdec/antenna/tag/e2806894000040038662114f, 88
1652716340.294065, sdrt-health/mac:02010b41cdec/antenna/tag/e2806894000050038661fd4f, 86
1652716340.322782, sdrt-health/mac:02010b41cdec/antenna/tag/e28068940000400386621d4f, 96
1652716340.391049, sdrt-health/mac:02010b41cdec/antenna/tag/e2806894000040038662114f, 88
1652716340.391604, sdrt-health/mac:02010b41cdec/antenna/tag/e28068940000400386621d4f, 96
1652716340.424597, sdrt-health/mac:02010b41cdec/antenna/tag/e28068940000400386621d4f, 90
1652716340.467129, sdrt-health/mac:02010b41cdec/antenna/tag/e28068940000400386621d4f, 77
1652716340.518645, sdrt-health/mac:02010b41cdec/antenna/tag/e28068940000400386621d4f, 77
1652716340.590325, sdrt-health/mac:02010b41cdec/antenna/tag/e2806894000040038662214f, 83
1652716340.590795, sdrt-health/mac:02010b41cdec/antenna/tag/e2806894000040038662214f, 94
1652716340.607774, sdrt-health/mac:02010b41cdec/antenna/tag/e2806894000050038661fd4f, 83
1652716340.608492, sdrt-health/mac:02010b41cdec/antenna/tag/e28068940000400386621d4f, 96
1652716340.616747, sdrt-health/mac:02010b41cdec/antenna/tag/e2806894000050038662154f, 85
1652716340.623742, sdrt-health/mac:02010b41cdec/antenna/tag/e2806894000050038662154f, 88
1652716340.624087, sdrt-health/mac:02010b41cdec/antenna/tag/e2806894000050038661fd4f, 86
1652716340.665884, sdrt-health/mac:02010b41cdec/antenna/tag/e2806894000050038662154f, 91
1652716340.717123, sdrt-health/mac:02010b41cdec/antenna/tag/e2806894000050038661fd4f, 86
1652716340.767855, sdrt-health/mac:02010b41cdec/antenna/tag/e28068940000400386621d4f, 96
1652716340.822415, sdrt-health/mac:02010b41cdec/antenna/tag/e28068940000400386621d4f, 90
1652716340.82294, sdrt-health/mac:02010b41cdec/antenna/tag/e2806894000050038662154f, 88
1652716340.875726, sdrt-health/mac:02010b41cdec/antenna/tag/e28068940000400386621d4f, 90
1652716340.945302, sdrt-health/mac:02010b41cdec/antenna/tag/e2806894000040038662114f, 97
1652716340.987606, sdrt-health/mac:02010b41cdec/antenna/tag/e2806894000040038662114f, 97
1652716341.016146, sdrt-health/mac:02010b41cdec/antenna/tag/e2806894000050038662154f, 85
1652716341.016371, sdrt-health/mac:02010b41cdec/antenna/tag/e2806894000050038662154f, 85
1652716341.016534, sdrt-health/mac:02010b41cdec/antenna/tag/e2806894000040038662114f, 88
1652716341.067948, sdrt-health/mac:02010b41cdec/antenna/tag/e2806894000050038662194f, 94
1652716341.126633, sdrt-health/mac:02010b41cdec/antenna/tag/e2806894000040038662114f, 88
1652716341.183326, sdrt-health/mac:02010b41cdec/antenna/tag/e2806894000050038662154f, 91
1652716341.226883, sdrt-health/mac:02010b41cdec/antenna/tag/e2806894000050038662154f, 91
1652716341.266933, sdrt-health/mac:02010b41cdec/antenna/tag/e2806894000050038662154f, 88
1652716341.267411, sdrt-health/mac:02010b41cdec/antenna/tag/e2806894000050038662194f, 81
1652716341.281541, sdrt-health/mac:02010b41cdec/antenna/tag/e28068940000400386621d4f, 96
1652716341.281904, sdrt-health/mac:02010b41cdec/antenna/tag/e2806894000050038661fd4f, 86
1652716341.306646, sdrt-health/mac:02010b41cdec/antenna/tag/e2806894000050038662194f, 94
1652716341.355367, sdrt-health/mac:02010b41cdec/antenna/tag/e2806894000040038662114f, 85
1652716341.356345, sdrt-health/mac:02010b41cdec/antenna/tag/e28068940000400386621d4f, 96
1652716341.428884, sdrt-health/mac:02010b41cdec/antenna/tag/e2806894000040038662114f, 88
1652716341.868984, sdrt-health/mac:02010b41cdec/antenna/tag/e2806894000040038662114f, 91
1652716341.869489, sdrt-health/mac:02010b41cdec/antenna/tag/scan, scan stopped
