1652716136.888901, sdrt-health/mac:02010b41cdec/antenna/power/set, {"power": 300}
1652716138.039026, sdrt-health/mac:02010b41cdec/antenna/power/set, 
1652716141.913083, sdrt-health/mac:02010b41cdec/antenna/tag/scan, {"time": 20000}
1652716142.259362, sdrt-health/mac:02010b41cdec/antenna/tag/e2806894000040038662054f, 82
1652716142.336769, sdrt-health/mac:02010b41cdec/antenna/tag/e2806894000040038661f94f, 94
1652716142.385413, sdrt-health/mac:02010b41cdec/antenna/tag/e2806894000050038662194f, 87
1652716142.45417, sdrt-health/mac:02010b41cdec/antenna/tag/e28068940000400386621d4f, 96
1652716142.45465, sdrt-health/mac:02010b41cdec/antenna/tag/e2806894000040038661f94f, 81
1652716142.53334, sdrt-health/mac:02010b41cdec/antenna/tag/e2806894000050038662194f, 93
1652716142.567609, sdrt-health/mac:02010b41cdec/antenna/tag/e2806894000040038662114f, 97
1652716142.568093, sdrt-health/mac:02010b41cdec/antenna/tag/e2806894000040038662114f, 91
1652716142.568337, sdrt-health/mac:02010b41cdec/antenna/tag/e2806894000050038662154f, 91
1652716142.606197, sdrt-health/mac:02010b41cdec/antenna/tag/e2806894000040038662054f, 82
1652716142.640442, sdrt-health/mac:02010b41cdec/antenna/tag/e2806894000040038662054f, 81
1652716142.64087, sdrt-health/mac:02010b41cdec/antenna/tag/e2806894000050038662194f, 94
1652716142.641125, sdrt-health/mac:02010b41cdec/antenna/tag/e2806894000050038662154f, 91
1652716142.657601, sdrt-health/mac:02010b41cdec/antenna/tag/e2806894000050038661fd4f, 83
1652716142.657824, sdrt-health/mac:02010b41cdec/antenna/tag/e2806894000040038662214f, 88
1652716142.738913, sdrt-health/mac:02010b41cdec/antenna/tag/e2806894000050038661fd4f, 83
1652716142.923442, sdrt-health/mac:02010b41cdec/antenna/tag/e2806894000050038662154f, 85
1652716142.992723, sdrt-health/mac:02010b41cdec/antenna/tag/e2806894000040038662214f, 94
1652716142.993212, sdrt-health/mac:02010b41cdec/antenna/tag/e28068940000400386621d4f, 77
1652716143.0079, sdrt-health/mac:02010b41cdec/antenna/tag/e2806894000050038662194f, 87
1652716143.00817, sdrt-health/mac:02010b41cdec/antenna/tag/e2806894000050038661fd4f, 86
1652716143.008344, sdrt-health/mac:02010b41cdec/antenna/tag/e2806894000040038662114f, 88
1652716143.008507, sdrt-health/mac:02010b41cdec/antenna/tag/e2806894000050038661fd4f, 90
1652716143.008664, sdrt-health/mac:02010b41cdec/antenna/tag/e2806894000040038662114f, 85
1652716143.008842, sdrt-health/mac:02010b41cdec/antenna/tag/e2806894000040038662114f, 91
1652716143.031034, sdrt-health/mac:02010b41cdec/antenna/tag/e2806894000050038662154f, 91
1652716143.063266, sdrt-health/mac:02010b41cdec/antenna/tag/e2806894000050038661fd4f, 86
1652716143.063871, sdrt-health/mac:02010b41cdec/antenna/tag/e2806894000050038661fd4f, 86
1652716143.064212, sdrt-health/mac:02010b41cdec/antenna/tag/e2806894000040038661f94f, 81
1652716143.079851, sdrt-health/mac:02010b41cdec/antenna/tag/e2806894000040038661f94f, 94
1652716143.130727, sdrt-health/mac:02010b41cdec/antenna/tag/e2806894000050038662194f, 87
1652716143.273587, sdrt-health/mac:02010b41cdec/antenna/tag/e2806894000040038662054f, 81
1652716143.274108, sdrt-health/mac:02010b41cdec/antenna/tag/e2806894000050038662194f, 87
1652716143.289059, sdrt-health/mac:02010b41cdec/antenna/tag/e28068940000400386621d4f, 96
1652716143.289624, sdrt-health/mac:02010b41cdec/antenna/tag/e2806894000050038661fd4f, 83
1652716143.324476, sdrt-health/mac:02010b41cdec/antenna/tag/e2806894000040038661f94f, 88
1652716143.356815, sdrt-health/mac:02010b41cdec/antenna/tag/e2806894000050038662154f, 85
1652716143.357136, sdrt-health/mac:02010b41cdec/antenna/tag/e2806894000050038662194f, 87
1652716143.382613, sdrt-health/mac:02010b41cdec/antenna/tag/e2806894000050038662194f, 93
1652716143.452326, sdrt-health/mac:02010b41cdec/antenna/tag/e2806894000050038662154f, 91
1652716143.453113, sdrt-health/mac:02010b41cdec/antenna/tag/e2806894000050038662194f, 87
1652716143.475193, sdrt-health/mac:02010b41cdec/antenna/tag/e2806894000050038662154f, 91
1652716143.47548, sdrt-health/mac:02010b41cdec/antenna/tag/e2806894000040038662114f, 91
1652716143.507674, sdrt-health/mac:02010b41cdec/antenna/tag/e2806894000050038662194f, 88
1652716143.571423, sdrt-health/mac:02010b41cdec/antenna/tag/e28068940000400386621d4f, 96
1652716143.663286, sdrt-health/mac:02010b41cdec/antenna/tag/e2806894000050038661fd4f, 83
1652716143.733098, sdrt-health/mac:02010b41cdec/antenna/tag/e2806894000040038662054f, 97
1652716143.76314, sdrt-health/mac:02010b41cdec/antenna/tag/e2806894000050038662154f, 88
1652716143.763602, sdrt-health/mac:02010b41cdec/antenna/tag/e2806894000040038662114f, 91
1652716143.78549, sdrt-health/mac:02010b41cdec/antenna/tag/e2806894000050038662194f, 87
1652716143.833626, sdrt-health/mac:02010b41cdec/antenna/tag/e28068940000400386621d4f, 77
1652716143.863554, sdrt-health/mac:02010b41cdec/antenna/tag/e2806894000040038662114f, 88
1652716143.863957, sdrt-health/mac:02010b41cdec/antenna/tag/e2806894000050038662154f, 85
1652716143.864261, sdrt-health/mac:02010b41cdec/antenna/tag/e2806894000050038662194f, 94
1652716143.891866, sdrt-health/mac:02010b41cdec/antenna/tag/e2806894000040038662054f, 88
1652716144.0019, sdrt-health/mac:02010b41cdec/antenna/tag/e2806894000040038661f94f, 81
1652716144.002417, sdrt-health/mac:02010b41cdec/antenna/tag/e2806894000050038661fd4f, 83
1652716144.030434, sdrt-health/mac:02010b41cdec/antenna/tag/e28068940000400386621d4f, 77
1652716144.061233, sdrt-health/mac:02010b41cdec/antenna/tag/e2806894000040038662214f, 84
1652716144.06149, sdrt-health/mac:02010b41cdec/antenna/tag/e2806894000040038662054f, 82
1652716144.083263, sdrt-health/mac:02010b41cdec/antenna/tag/e2806894000050038662194f, 83
1652716144.114146, sdrt-health/mac:02010b41cdec/antenna/tag/e28068940000400386621d4f, 77
1652716144.114603, sdrt-health/mac:02010b41cdec/antenna/tag/e2806894000040038662054f, 84
1652716144.145139, sdrt-health/mac:02010b41cdec/antenna/tag/e2806894000050038661fd4f, 83
1652716144.205198, sdrt-health/mac:02010b41cdec/antenna/tag/e2806894000050038662154f, 88
1652716144.205723, sdrt-health/mac:02010b41cdec/antenna/tag/e28068940000400386621d4f, 77
1652716144.249736, sdrt-health/mac:02010b41cdec/antenna/tag/e2806894000050038662194f, 81
1652716144.33849, sdrt-health/mac:02010b41cdec/antenna/tag/e2806894000040038662054f, 83
1652716144.367686, sdrt-health/mac:02010b41cdec/antenna/tag/e2806894000050038661fd4f, 83
1652716144.368268, sdrt-health/mac:02010b41cdec/antenna/tag/e28068940000400386621d4f, 96
1652716144.398085, sdrt-health/mac:02010b41cdec/antenna/tag/e2806894000050038661fd4f, 83
1652716144.479975, sdrt-health/mac:02010b41cdec/antenna/tag/e2806894000050038662194f, 93
1652716144.48053, sdrt-health/mac:02010b41cdec/antenna/tag/e2806894000050038662154f, 85
1652716144.480885, sdrt-health/mac:02010b41cdec/antenna/tag/e2806894000040038662214f, 84
1652716144.50788, sdrt-health/mac:02010b41cdec/antenna/tag/e2806894000040038661f94f, 82
1652716144.571303, sdrt-health/mac:02010b41cdec/antenna/tag/e2806894000040038662114f, 88
1652716144.571804, sdrt-health/mac:02010b41cdec/antenna/tag/e2806894000040038661f94f, 81
1652716144.599707, sdrt-health/mac:02010b41cdec/antenna/tag/e2806894000050038662194f, 81
1652716144.627418, sdrt-health/mac:02010b41cdec/antenna/tag/e2806894000040038662054f, 88
1652716144.627684, sdrt-health/mac:02010b41cdec/antenna/tag/e28068940000400386621d4f, 90
1652716144.663419, sdrt-health/mac:02010b41cdec/antenna/tag/e2806894000040038662114f, 97
1652716144.705985, sdrt-health/mac:02010b41cdec/antenna/tag/e28068940000400386621d4f, 96
1652716144.774228, sdrt-health/mac:02010b41cdec/antenna/tag/e28068940000400386621d4f, 96
1652716144.774729, sdrt-health/mac:02010b41cdec/antenna/tag/e2806894000050038662154f, 88
1652716144.788373, sdrt-health/mac:02010b41cdec/antenna/tag/e2806894000050038661fd4f, 86
1652716144.82324, sdrt-health/mac:02010b41cdec/antenna/tag/e2806894000050038662194f, 87
1652716144.823572, sdrt-health/mac:02010b41cdec/antenna/tag/e2806894000040038661f94f, 81
1652716144.83783, sdrt-health/mac:02010b41cdec/antenna/tag/e2806894000050038662194f, 85
1652716144.855873, sdrt-health/mac:02010b41cdec/antenna/tag/e2806894000050038661fd4f, 97
1652716144.906272, sdrt-health/mac:02010b41cdec/antenna/tag/e2806894000040038662054f, 83
1652716144.980694, sdrt-health/mac:02010b41cdec/antenna/tag/e2806894000050038662154f, 91
1652716145.059416, sdrt-health/mac:02010b41cdec/antenna/tag/e2806894000040038661f94f, 84
1652716145.059883, sdrt-health/mac:02010b41cdec/antenna/tag/e2806894000050038661fd4f, 86
1652716145.060282, sdrt-health/mac:02010b41cdec/antenna/tag/e2806894000040038662114f, 91
1652716145.125279, sdrt-health/mac:02010b41cdec/antenna/tag/e2806894000040038662114f, 97
1652716145.302759, sdrt-health/mac:02010b41cdec/antenna/tag/e2806894000050038661fd4f, 83
1652716145.303233, sdrt-health/mac:02010b41cdec/antenna/tag/e2806894000050038662194f, 87
1652716145.316509, sdrt-health/mac:02010b41cdec/antenna/tag/e2806894000050038661fd4f, 86
1652716145.317272, sdrt-health/mac:02010b41cdec/antenna/tag/e2806894000050038661fd4f, 83
1652716145.317806, sdrt-health/mac:02010b41cdec/antenna/tag/e2806894000050038662194f, 83
1652716145.3502, sdrt-health/mac:02010b41cdec/antenna/tag/e2806894000040038662214f, 81
1652716145.383851, sdrt-health/mac:02010b41cdec/antenna/tag/e28068940000400386621d4f, 77
1652716145.384272, sdrt-health/mac:02010b41cdec/antenna/tag/e2806894000050038662154f, 85
1652716145.38455, sdrt-health/mac:02010b41cdec/antenna/tag/e2806894000040038661f94f, 84
1652716145.384815, sdrt-health/mac:02010b41cdec/antenna/tag/e28068940000400386621d4f, 96
1652716145.401494, sdrt-health/mac:02010b41cdec/antenna/tag/e2806894000050038661fd4f, 83
1652716145.436772, sdrt-health/mac:02010b41cdec/antenna/tag/e2806894000040038662214f, 88
1652716145.508709, sdrt-health/mac:02010b41cdec/antenna/tag/e2806894000050038661fd4f, 83
1652716145.584279, sdrt-health/mac:02010b41cdec/antenna/tag/e2806894000040038662214f, 84
1652716145.584732, sdrt-health/mac:02010b41cdec/antenna/tag/e2806894000050038662154f, 85
1652716145.599635, sdrt-health/mac:02010b41cdec/antenna/tag/e28068940000400386621d4f, 96
1652716145.646149, sdrt-health/mac:02010b41cdec/antenna/tag/e28068940000400386621d4f, 96
1652716145.67409, sdrt-health/mac:02010b41cdec/antenna/tag/e2806894000040038662114f, 88
1652716145.674302, sdrt-health/mac:02010b41cdec/antenna/tag/e28068940000400386621d4f, 96
1652716145.727974, sdrt-health/mac:02010b41cdec/antenna/tag/e2806894000050038661fd4f, 90
1652716145.963638, sdrt-health/mac:02010b41cdec/antenna/tag/e2806894000040038661f94f, 94
1652716145.971707, sdrt-health/mac:02010b41cdec/antenna/tag/e2806894000050038662154f, 88
1652716145.996295, sdrt-health/mac:02010b41cdec/antenna/tag/e28068940000400386621d4f, 96
1652716145.9967, sdrt-health/mac:02010b41cdec/antenna/tag/e2806894000040038662114f, 88
1652716145.996941, sdrt-health/mac:02010b41cdec/antenna/tag/e2806894000050038662154f, 88
1652716146.026423, sdrt-health/mac:02010b41cdec/antenna/tag/e2806894000050038661fd4f, 90
1652716146.056248, sdrt-health/mac:02010b41cdec/antenna/tag/e2806894000050038662194f, 81
1652716146.056511, sdrt-health/mac:02010b41cdec/antenna/tag/e2806894000040038661f94f, 81
1652716146.056697, sdrt-health/mac:02010b41cdec/antenna/tag/e2806894000040038662114f, 91
1652716146.056913, sdrt-health/mac:02010b41cdec/antenna/tag/e2806894000040038662054f, 94
1652716146.057109, sdrt-health/mac:02010b41cdec/antenna/tag/e2806894000040038661f94f, 94
1652716146.057324, sdrt-health/mac:02010b41cdec/antenna/tag/e2806894000050038662154f, 88
1652716146.057591, sdrt-health/mac:02010b41cdec/antenna/tag/e2806894000040038662114f, 91
1652716146.081714, sdrt-health/mac:02010b41cdec/antenna/tag/e2806894000050038662154f, 91
1652716146.145788, sdrt-health/mac:02010b41cdec/antenna/tag/e2806894000050038662194f, 93
1652716146.176668, sdrt-health/mac:02010b41cdec/antenna/tag/e28068940000400386621d4f, 96
1652716146.177257, sdrt-health/mac:02010b41cdec/antenna/tag/e2806894000040038662054f, 83
1652716146.177623, sdrt-health/mac:02010b41cdec/antenna/tag/e2806894000050038661fd4f, 86
1652716146.211963, sdrt-health/mac:02010b41cdec/antenna/tag/e2806894000040038662114f, 91
1652716146.274414, sdrt-health/mac:02010b41cdec/antenna/tag/e28068940000400386621d4f, 96
1652716146.27492, sdrt-health/mac:02010b41cdec/antenna/tag/e2806894000050038662154f, 97
1652716146.296524, sdrt-health/mac:02010b41cdec/antenna/tag/e28068940000400386621d4f, 77
1652716146.358728, sdrt-health/mac:02010b41cdec/antenna/tag/e2806894000050038662194f, 81
1652716146.35907, sdrt-health/mac:02010b41cdec/antenna/tag/e2806894000040038662214f, 94
1652716146.388036, sdrt-health/mac:02010b41cdec/antenna/tag/e2806894000040038662054f, 82
1652716146.47169, sdrt-health/mac:02010b41cdec/antenna/tag/e2806894000050038661fd4f, 83
1652716146.472164, sdrt-health/mac:02010b41cdec/antenna/tag/e2806894000050038662154f, 97
1652716146.520355, sdrt-health/mac:02010b41cdec/antenna/tag/e2806894000050038662014f, 88
1652716146.599672, sdrt-health/mac:02010b41cdec/antenna/tag/e2806894000050038661fd4f, 86
1652716146.629199, sdrt-health/mac:02010b41cdec/antenna/tag/e28068940000400386621d4f, 96
1652716146.62998, sdrt-health/mac:02010b41cdec/antenna/tag/e2806894000050038662194f, 83
1652716146.663921, sdrt-health/mac:02010b41cdec/antenna/tag/e2806894000050038662194f, 93
1652716146.745595, sdrt-health/mac:02010b41cdec/antenna/tag/e2806894000050038662154f, 91
1652716146.746167, sdrt-health/mac:02010b41cdec/antenna/tag/e2806894000050038662194f, 83
1652716146.779073, sdrt-health/mac:02010b41cdec/antenna/tag/e2806894000050038662154f, 91
1652716146.808248, sdrt-health/mac:02010b41cdec/antenna/tag/e2806894000050038661fd4f, 86
1652716146.808576, sdrt-health/mac:02010b41cdec/antenna/tag/e2806894000050038662194f, 81
1652716146.808804, sdrt-health/mac:02010b41cdec/antenna/tag/e2806894000050038661fd4f, 86
1652716146.825918, sdrt-health/mac:02010b41cdec/antenna/tag/e2806894000050038662154f, 88
1652716146.89961, sdrt-health/mac:02010b41cdec/antenna/tag/e2806894000050038661fd4f, 86
1652716147.086204, sdrt-health/mac:02010b41cdec/antenna/tag/e28068940000400386621d4f, 96
1652716147.113999, sdrt-health/mac:02010b41cdec/antenna/tag/e2806894000040038661f94f, 84
1652716147.114524, sdrt-health/mac:02010b41cdec/antenna/tag/e28068940000400386621d4f, 96
1652716147.249709, sdrt-health/mac:02010b41cdec/antenna/tag/e2806894000050038662154f, 91
1652716147.279851, sdrt-health/mac:02010b41cdec/antenna/tag/e2806894000040038661f94f, 94
1652716147.280515, sdrt-health/mac:02010b41cdec/antenna/tag/e2806894000050038662154f, 91
1652716147.281143, sdrt-health/mac:02010b41cdec/antenna/tag/e2806894000040038662114f, 91
1652716147.281728, sdrt-health/mac:02010b41cdec/antenna/tag/e28068940000400386621d4f, 96
1652716147.282292, sdrt-health/mac:02010b41cdec/antenna/tag/e28068940000400386621d4f, 96
1652716147.298032, sdrt-health/mac:02010b41cdec/antenna/tag/e2806894000040038661f94f, 88
1652716147.298604, sdrt-health/mac:02010b41cdec/antenna/tag/e2806894000040038662114f, 91
1652716147.341446, sdrt-health/mac:02010b41cdec/antenna/tag/e2806894000050038661fd4f, 83
1652716147.399312, sdrt-health/mac:02010b41cdec/antenna/tag/e2806894000040038661f94f, 81
1652716147.436919, sdrt-health/mac:02010b41cdec/antenna/tag/e2806894000040038662114f, 91
1652716147.497504, sdrt-health/mac:02010b41cdec/antenna/tag/e2806894000050038661fd4f, 86
1652716147.49796, sdrt-health/mac:02010b41cdec/antenna/tag/e2806894000050038661fd4f, 86
1652716147.586552, sdrt-health/mac:02010b41cdec/antenna/tag/e2806894000050038662194f, 83
1652716147.587125, sdrt-health/mac:02010b41cdec/antenna/tag/e2806894000040038662114f, 97
1652716147.604203, sdrt-health/mac:02010b41cdec/antenna/tag/e2806894000040038662054f, 94
1652716147.645218, sdrt-health/mac:02010b41cdec/antenna/tag/e2806894000040038662114f, 97
1652716147.688088, sdrt-health/mac:02010b41cdec/antenna/tag/e2806894000040038662054f, 94
1652716147.753643, sdrt-health/mac:02010b41cdec/antenna/tag/e2806894000050038662194f, 87
1652716147.754112, sdrt-health/mac:02010b41cdec/antenna/tag/e2806894000050038662154f, 88
1652716147.767251, sdrt-health/mac:02010b41cdec/antenna/tag/e2806894000040038662054f, 81
1652716147.778654, sdrt-health/mac:02010b41cdec/antenna/tag/e2806894000040038662214f, 81
1652716147.782567, sdrt-health/mac:02010b41cdec/antenna/tag/e2806894000050038662154f, 88
1652716147.849166, sdrt-health/mac:02010b41cdec/antenna/tag/e2806894000050038661fd4f, 83
1652716147.933626, sdrt-health/mac:02010b41cdec/antenna/tag/e2806894000040038662214f, 83
1652716147.934098, sdrt-health/mac:02010b41cdec/antenna/tag/e2806894000040038662054f, 88
1652716147.947916, sdrt-health/mac:02010b41cdec/antenna/tag/e2806894000050038662194f, 93
1652716148.071034, sdrt-health/mac:02010b41cdec/antenna/tag/e28068940000400386621d4f, 96
1652716148.100501, sdrt-health/mac:02010b41cdec/antenna/tag/e2806894000050038661fd4f, 90
1652716148.100886, sdrt-health/mac:02010b41cdec/antenna/tag/e2806894000050038662154f, 91
1652716148.121466, sdrt-health/mac:02010b41cdec/antenna/tag/e2806894000050038662194f, 87
1652716148.167055, sdrt-health/mac:02010b41cdec/antenna/tag/e2806894000040038662114f, 88
1652716148.242056, sdrt-health/mac:02010b41cdec/antenna/tag/e2806894000050038662154f, 88
1652716148.308341, sdrt-health/mac:02010b41cdec/antenna/tag/e2806894000050038662194f, 87
1652716148.762503, sdrt-health/mac:02010b41cdec/antenna/tag/e2806894000040038662114f, 88
1652716148.796679, sdrt-health/mac:02010b41cdec/antenna/tag/e2806894000050038662194f, 93
1652716148.79844, sdrt-health/mac:02010b41cdec/antenna/tag/e2806894000050038661fd4f, 90
1652716148.799121, sdrt-health/mac:02010b41cdec/antenna/tag/e2806894000050038662154f, 91
1652716148.82706, sdrt-health/mac:02010b41cdec/antenna/tag/e2806894000040038661f94f, 81
1652716148.827268, sdrt-health/mac:02010b41cdec/antenna/tag/e28068940000400386621d4f, 77
1652716148.88647, sdrt-health/mac:02010b41cdec/antenna/tag/e2806894000050038662194f, 87
1652716148.917255, sdrt-health/mac:02010b41cdec/antenna/tag/e28068940000400386621d4f, 96
1652716148.917613, sdrt-health/mac:02010b41cdec/antenna/tag/e2806894000040038662114f, 91
1652716148.917831, sdrt-health/mac:02010b41cdec/antenna/tag/e2806894000050038661fd4f, 90
1652716148.918048, sdrt-health/mac:02010b41cdec/antenna/tag/e2806894000050038662194f, 94
1652716148.931909, sdrt-health/mac:02010b41cdec/antenna/tag/e2806894000040038662054f, 83
1652716148.961909, sdrt-health/mac:02010b41cdec/antenna/tag/e2806894000040038662054f, 81
1652716148.962563, sdrt-health/mac:02010b41cdec/antenna/tag/e28068940000400386621d4f, 77
1652716148.96303, sdrt-health/mac:02010b41cdec/antenna/tag/e2806894000050038661fd4f, 86
1652716148.963515, sdrt-health/mac:02010b41cdec/antenna/tag/e2806894000040038662214f, 110
1652716148.964015, sdrt-health/mac:02010b41cdec/antenna/tag/e2806894000040038662114f, 91
1652716148.964413, sdrt-health/mac:02010b41cdec/antenna/tag/e2806894000050038662154f, 85
1652716148.964848, sdrt-health/mac:02010b41cdec/antenna/tag/e2806894000050038662194f, 83
1652716148.965193, sdrt-health/mac:02010b41cdec/antenna/tag/e2806894000040038661f94f, 84
1652716148.965608, sdrt-health/mac:02010b41cdec/antenna/tag/e2806894000040038662114f, 97
1652716148.965995, sdrt-health/mac:02010b41cdec/antenna/tag/e2806894000040038661f94f, 81
1652716148.966405, sdrt-health/mac:02010b41cdec/antenna/tag/e2806894000040038662054f, 87
1652716148.986565, sdrt-health/mac:02010b41cdec/antenna/tag/e2806894000050038662194f, 94
1652716149.059453, sdrt-health/mac:02010b41cdec/antenna/tag/e2806894000040038662054f, 81
1652716149.059931, sdrt-health/mac:02010b41cdec/antenna/tag/e2806894000040038662114f, 91
1652716149.074243, sdrt-health/mac:02010b41cdec/antenna/tag/e2806894000050038662194f, 81
1652716149.088115, sdrt-health/mac:02010b41cdec/antenna/tag/e2806894000040038662114f, 88
1652716149.136474, sdrt-health/mac:02010b41cdec/antenna/tag/e2806894000050038662154f, 85
1652716149.36878, sdrt-health/mac:02010b41cdec/antenna/tag/e2806894000040038662114f, 88
1652716149.486107, sdrt-health/mac:02010b41cdec/antenna/tag/e2806894000040038662214f, 94
1652716149.514692, sdrt-health/mac:02010b41cdec/antenna/tag/e2806894000050038662154f, 93
1652716149.515329, sdrt-health/mac:02010b41cdec/antenna/tag/e2806894000040038662114f, 91
1652716149.515775, sdrt-health/mac:02010b41cdec/antenna/tag/e2806894000050038661fd4f, 97
1652716149.516129, sdrt-health/mac:02010b41cdec/antenna/tag/e2806894000050038662154f, 97
1652716149.5165, sdrt-health/mac:02010b41cdec/antenna/tag/e2806894000040038662114f, 88
1652716149.516819, sdrt-health/mac:02010b41cdec/antenna/tag/e2806894000050038662154f, 97
1652716149.517287, sdrt-health/mac:02010b41cdec/antenna/tag/e2806894000050038661fd4f, 86
1652716149.603911, sdrt-health/mac:02010b41cdec/antenna/tag/e2806894000050038662154f, 91
1652716149.637507, sdrt-health/mac:02010b41cdec/antenna/tag/e28068940000400386621d4f, 96
1652716149.638155, sdrt-health/mac:02010b41cdec/antenna/tag/e2806894000050038662154f, 88
1652716149.638688, sdrt-health/mac:02010b41cdec/antenna/tag/e2806894000050038662194f, 83
1652716149.660144, sdrt-health/mac:02010b41cdec/antenna/tag/e2806894000040038661f94f, 81
1652716149.689444, sdrt-health/mac:02010b41cdec/antenna/tag/e2806894000050038662154f, 88
1652716149.689834, sdrt-health/mac:02010b41cdec/antenna/tag/e2806894000040038662054f, 82
1652716149.690124, sdrt-health/mac:02010b41cdec/antenna/tag/e28068940000400386621d4f, 96
1652716149.729147, sdrt-health/mac:02010b41cdec/antenna/tag/e2806894000050038662154f, 88
1652716149.786697, sdrt-health/mac:02010b41cdec/antenna/tag/e2806894000040038662214f, 84
1652716149.789727, sdrt-health/mac:02010b41cdec/antenna/tag/e2806894000050038662194f, 87
1652716149.82782, sdrt-health/mac:02010b41cdec/antenna/tag/e28068940000400386621d4f, 77
1652716149.900809, sdrt-health/mac:02010b41cdec/antenna/tag/e2806894000050038661fd4f, 86
1652716149.987834, sdrt-health/mac:02010b41cdec/antenna/tag/e2806894000050038662154f, 88
1652716149.988341, sdrt-health/mac:02010b41cdec/antenna/tag/e2806894000040038662054f, 82
1652716150.023874, sdrt-health/mac:02010b41cdec/antenna/tag/e2806894000050038661fd4f, 90
1652716150.086941, sdrt-health/mac:02010b41cdec/antenna/tag/e2806894000050038662194f, 83
1652716150.087453, sdrt-health/mac:02010b41cdec/antenna/tag/e28068940000400386621d4f, 96
1652716150.105352, sdrt-health/mac:02010b41cdec/antenna/tag/e2806894000040038661f94f, 94
1652716150.119939, sdrt-health/mac:02010b41cdec/antenna/tag/e2806894000040038662114f, 91
1652716150.168204, sdrt-health/mac:02010b41cdec/antenna/tag/e2806894000050038661fd4f, 83
1652716150.197472, sdrt-health/mac:02010b41cdec/antenna/tag/e2806894000050038662194f, 83
1652716150.197983, sdrt-health/mac:02010b41cdec/antenna/tag/e2806894000040038661f94f, 94
1652716150.198349, sdrt-health/mac:02010b41cdec/antenna/tag/e28068940000400386621d4f, 96
1652716150.234145, sdrt-health/mac:02010b41cdec/antenna/tag/e2806894000050038661fd4f, 83
1652716150.261292, sdrt-health/mac:02010b41cdec/antenna/tag/e2806894000050038662194f, 87
1652716150.261525, sdrt-health/mac:02010b41cdec/antenna/tag/e2806894000040038662114f, 91
1652716150.521706, sdrt-health/mac:02010b41cdec/antenna/tag/e2806894000050038662194f, 93
1652716150.739024, sdrt-health/mac:02010b41cdec/antenna/tag/e2806894000050038661fd4f, 83
1652716150.739515, sdrt-health/mac:02010b41cdec/antenna/tag/e2806894000050038662194f, 85
1652716150.755274, sdrt-health/mac:02010b41cdec/antenna/tag/e2806894000050038662194f, 81
1652716150.755716, sdrt-health/mac:02010b41cdec/antenna/tag/e2806894000040038662214f, 84
1652716150.755975, sdrt-health/mac:02010b41cdec/antenna/tag/e2806894000040038662114f, 88
1652716150.823897, sdrt-health/mac:02010b41cdec/antenna/tag/e2806894000050038662194f, 88
1652716150.826026, sdrt-health/mac:02010b41cdec/antenna/tag/e2806894000040038662114f, 88
1652716150.826447, sdrt-health/mac:02010b41cdec/antenna/tag/e2806894000050038661fd4f, 83
1652716150.827078, sdrt-health/mac:02010b41cdec/antenna/tag/e2806894000050038662154f, 85
1652716150.84018, sdrt-health/mac:02010b41cdec/antenna/tag/e2806894000040038662114f, 88
1652716150.844215, sdrt-health/mac:02010b41cdec/antenna/tag/e2806894000040038661f94f, 81
1652716150.890439, sdrt-health/mac:02010b41cdec/antenna/tag/e2806894000040038662214f, 94
1652716150.890798, sdrt-health/mac:02010b41cdec/antenna/tag/e28068940000400386621d4f, 77
1652716150.903715, sdrt-health/mac:02010b41cdec/antenna/tag/e2806894000050038662154f, 85
1652716150.903973, sdrt-health/mac:02010b41cdec/antenna/tag/e28068940000400386621d4f, 77
1652716150.90418, sdrt-health/mac:02010b41cdec/antenna/tag/e28068940000400386621d4f, 77
1652716150.920559, sdrt-health/mac:02010b41cdec/antenna/tag/e2806894000040038661f94f, 81
1652716150.920753, sdrt-health/mac:02010b41cdec/antenna/tag/e2806894000050038662154f, 85
1652716150.920872, sdrt-health/mac:02010b41cdec/antenna/tag/e2806894000050038662194f, 87
1652716150.920981, sdrt-health/mac:02010b41cdec/antenna/tag/e2806894000040038662114f, 97
1652716150.921089, sdrt-health/mac:02010b41cdec/antenna/tag/e2806894000050038661fd4f, 97
1652716150.938521, sdrt-health/mac:02010b41cdec/antenna/tag/e2806894000040038662114f, 88
1652716150.967722, sdrt-health/mac:02010b41cdec/antenna/tag/e2806894000050038661fd4f, 83
1652716150.96817, sdrt-health/mac:02010b41cdec/antenna/tag/e2806894000050038662194f, 83
1652716150.968406, sdrt-health/mac:02010b41cdec/antenna/tag/e2806894000050038662194f, 93
1652716150.968578, sdrt-health/mac:02010b41cdec/antenna/tag/e28068940000400386621d4f, 77
1652716150.990165, sdrt-health/mac:02010b41cdec/antenna/tag/e2806894000040038662214f, 88
1652716151.094331, sdrt-health/mac:02010b41cdec/antenna/tag/e2806894000040038662114f, 91
1652716151.094845, sdrt-health/mac:02010b41cdec/antenna/tag/e2806894000050038661fd4f, 90
1652716151.108102, sdrt-health/mac:02010b41cdec/antenna/tag/e2806894000050038662154f, 88
1652716151.108503, sdrt-health/mac:02010b41cdec/antenna/tag/e28068940000400386621d4f, 96
1652716151.108835, sdrt-health/mac:02010b41cdec/antenna/tag/e2806894000050038662194f, 94
1652716151.145236, sdrt-health/mac:02010b41cdec/antenna/tag/e2806894000050038662194f, 93
1652716151.18682, sdrt-health/mac:02010b41cdec/antenna/tag/e2806894000050038662154f, 88
1652716151.226339, sdrt-health/mac:02010b41cdec/antenna/tag/e2806894000040038662054f, 81
1652716151.277721, sdrt-health/mac:02010b41cdec/antenna/tag/e2806894000050038662154f, 88
1652716151.352777, sdrt-health/mac:02010b41cdec/antenna/tag/e2806894000050038662194f, 81
1652716151.353057, sdrt-health/mac:02010b41cdec/antenna/tag/e2806894000040038661f94f, 110
1652716151.415543, sdrt-health/mac:02010b41cdec/antenna/tag/e2806894000050038662154f, 88
1652716151.467059, sdrt-health/mac:02010b41cdec/antenna/tag/e2806894000040038661f94f, 84
1652716151.528157, sdrt-health/mac:02010b41cdec/antenna/tag/e2806894000040038662114f, 91
1652716151.615342, sdrt-health/mac:02010b41cdec/antenna/tag/e2806894000040038661f94f, 83
1652716151.615844, sdrt-health/mac:02010b41cdec/antenna/tag/e2806894000040038662054f, 94
1652716151.630175, sdrt-health/mac:02010b41cdec/antenna/tag/e28068940000400386621d4f, 96
1652716151.630835, sdrt-health/mac:02010b41cdec/antenna/tag/e2806894000050038661fd4f, 86
1652716151.631199, sdrt-health/mac:02010b41cdec/antenna/tag/e2806894000050038662194f, 83
1652716151.716438, sdrt-health/mac:02010b41cdec/antenna/tag/e2806894000040038662054f, 81
1652716151.804564, sdrt-health/mac:02010b41cdec/antenna/tag/e2806894000050038661fd4f, 86
1652716151.805037, sdrt-health/mac:02010b41cdec/antenna/tag/e2806894000040038662114f, 97
1652716151.837565, sdrt-health/mac:02010b41cdec/antenna/tag/e2806894000050038662194f, 87
1652716151.86821, sdrt-health/mac:02010b41cdec/antenna/tag/e28068940000400386621d4f, 96
1652716151.868553, sdrt-health/mac:02010b41cdec/antenna/tag/e2806894000050038662154f, 88
1652716151.868763, sdrt-health/mac:02010b41cdec/antenna/tag/e2806894000050038661fd4f, 83
1652716151.868989, sdrt-health/mac:02010b41cdec/antenna/tag/e28068940000400386621d4f, 96
1652716151.890377, sdrt-health/mac:02010b41cdec/antenna/tag/e2806894000040038662214f, 94
1652716151.92134, sdrt-health/mac:02010b41cdec/antenna/tag/e2806894000050038662194f, 83
1652716151.921662, sdrt-health/mac:02010b41cdec/antenna/tag/e2806894000050038662154f, 91
1652716151.935676, sdrt-health/mac:02010b41cdec/antenna/tag/e2806894000050038662194f, 83
1652716152.009984, sdrt-health/mac:02010b41cdec/antenna/tag/e2806894000040038662214f, 81
1652716152.069718, sdrt-health/mac:02010b41cdec/antenna/tag/e2806894000050038661fd4f, 83
1652716152.097951, sdrt-health/mac:02010b41cdec/antenna/tag/e2806894000040038662114f, 91
1652716152.098294, sdrt-health/mac:02010b41cdec/antenna/tag/e28068940000400386621d4f, 96
1652716152.142807, sdrt-health/mac:02010b41cdec/antenna/tag/e2806894000050038662194f, 88
1652716152.171652, sdrt-health/mac:02010b41cdec/antenna/tag/e28068940000400386621d4f, 77
1652716152.171854, sdrt-health/mac:02010b41cdec/antenna/tag/e2806894000050038662154f, 91
1652716152.201364, sdrt-health/mac:02010b41cdec/antenna/tag/e28068940000400386621d4f, 96
1652716152.229207, sdrt-health/mac:02010b41cdec/antenna/tag/e2806894000040038662114f, 91
1652716152.229454, sdrt-health/mac:02010b41cdec/antenna/tag/e2806894000040038661f94f, 84
1652716152.245637, sdrt-health/mac:02010b41cdec/antenna/tag/e28068940000400386621d4f, 96
1652716152.484493, sdrt-health/mac:02010b41cdec/antenna/tag/e2806894000040038662114f, 88
1652716152.580001, sdrt-health/mac:02010b41cdec/antenna/tag/e2806894000050038662194f, 83
1652716152.580582, sdrt-health/mac:02010b41cdec/antenna/tag/e2806894000040038661f94f, 88
1652716152.580926, sdrt-health/mac:02010b41cdec/antenna/tag/e2806894000040038662054f, 110
1652716152.581247, sdrt-health/mac:02010b41cdec/antenna/tag/e2806894000040038662054f, 81
1652716152.5816, sdrt-health/mac:02010b41cdec/antenna/tag/e28068940000400386621d4f, 77
1652716152.619629, sdrt-health/mac:02010b41cdec/antenna/tag/e2806894000050038662194f, 81
1652716152.620091, sdrt-health/mac:02010b41cdec/antenna/tag/e2806894000040038662054f, 94
1652716152.620279, sdrt-health/mac:02010b41cdec/antenna/tag/e28068940000400386621d4f, 96
1652716152.620428, sdrt-health/mac:02010b41cdec/antenna/tag/e2806894000050038662154f, 91
1652716152.635958, sdrt-health/mac:02010b41cdec/antenna/tag/e28068940000400386621d4f, 96
1652716152.712155, sdrt-health/mac:02010b41cdec/antenna/tag/e2806894000050038662194f, 93
1652716152.712719, sdrt-health/mac:02010b41cdec/antenna/tag/e2806894000040038662114f, 91
1652716152.739165, sdrt-health/mac:02010b41cdec/antenna/tag/e28068940000400386621d4f, 96
1652716152.87356, sdrt-health/mac:02010b41cdec/antenna/tag/e2806894000050038662194f, 88
1652716152.901902, sdrt-health/mac:02010b41cdec/antenna/tag/e2806894000040038662114f, 88
1652716152.902343, sdrt-health/mac:02010b41cdec/antenna/tag/e2806894000040038662114f, 91
1652716152.902578, sdrt-health/mac:02010b41cdec/antenna/tag/e2806894000050038662154f, 91
1652716153.116532, sdrt-health/mac:02010b41cdec/antenna/tag/e2806894000040038662054f, 88
1652716153.144923, sdrt-health/mac:02010b41cdec/antenna/tag/e2806894000050038662154f, 85
1652716153.145474, sdrt-health/mac:02010b41cdec/antenna/tag/e2806894000050038661fd4f, 83
1652716153.14586, sdrt-health/mac:02010b41cdec/antenna/tag/e2806894000050038662154f, 85
1652716153.42477, sdrt-health/mac:02010b41cdec/antenna/tag/e28068940000400386621d4f, 77
1652716153.452603, sdrt-health/mac:02010b41cdec/antenna/tag/e2806894000050038662154f, 91
1652716153.452956, sdrt-health/mac:02010b41cdec/antenna/tag/e2806894000050038661fd4f, 86
1652716153.453201, sdrt-health/mac:02010b41cdec/antenna/tag/e2806894000050038661fd4f, 86
1652716153.453431, sdrt-health/mac:02010b41cdec/antenna/tag/e28068940000400386621d4f, 77
1652716153.453694, sdrt-health/mac:02010b41cdec/antenna/tag/e2806894000050038662194f, 83
1652716153.453921, sdrt-health/mac:02010b41cdec/antenna/tag/e2806894000050038662154f, 88
1652716153.490779, sdrt-health/mac:02010b41cdec/antenna/tag/e28068940000400386621d4f, 96
1652716153.491511, sdrt-health/mac:02010b41cdec/antenna/tag/e2806894000040038662114f, 91
1652716153.504755, sdrt-health/mac:02010b41cdec/antenna/tag/e2806894000040038662114f, 88
1652716153.504992, sdrt-health/mac:02010b41cdec/antenna/tag/e2806894000050038662194f, 81
1652716153.505121, sdrt-health/mac:02010b41cdec/antenna/tag/e28068940000400386621d4f, 96
1652716153.505232, sdrt-health/mac:02010b41cdec/antenna/tag/e28068940000400386621d4f, 96
1652716153.505318, sdrt-health/mac:02010b41cdec/antenna/tag/e2806894000050038661fd4f, 90
1652716153.505425, sdrt-health/mac:02010b41cdec/antenna/tag/e28068940000400386621d4f, 96
1652716153.505532, sdrt-health/mac:02010b41cdec/antenna/tag/e2806894000040038661f94f, 83
1652716153.50564, sdrt-health/mac:02010b41cdec/antenna/tag/e2806894000040038662114f, 91
1652716153.506286, sdrt-health/mac:02010b41cdec/antenna/tag/e28068940000400386621d4f, 96
1652716153.50646, sdrt-health/mac:02010b41cdec/antenna/tag/e2806894000050038662154f, 88
1652716153.56106, sdrt-health/mac:02010b41cdec/antenna/tag/e2806894000040038661f94f, 81
1652716153.632449, sdrt-health/mac:02010b41cdec/antenna/tag/e28068940000400386621d4f, 96
1652716153.632967, sdrt-health/mac:02010b41cdec/antenna/tag/e2806894000050038662194f, 81
1652716153.64751, sdrt-health/mac:02010b41cdec/antenna/tag/e2806894000050038662194f, 94
1652716153.721048, sdrt-health/mac:02010b41cdec/antenna/tag/e2806894000040038661f94f, 81
1652716153.764002, sdrt-health/mac:02010b41cdec/antenna/tag/e28068940000400386621d4f, 96
1652716153.764489, sdrt-health/mac:02010b41cdec/antenna/tag/e2806894000050038661fd4f, 90
1652716153.764854, sdrt-health/mac:02010b41cdec/antenna/tag/e2806894000050038662154f, 91
1652716153.765177, sdrt-health/mac:02010b41cdec/antenna/tag/e2806894000050038662194f, 81
1652716153.784517, sdrt-health/mac:02010b41cdec/antenna/tag/e2806894000040038661f94f, 81
1652716153.869523, sdrt-health/mac:02010b41cdec/antenna/tag/e2806894000040038661f94f, 84
1652716153.869995, sdrt-health/mac:02010b41cdec/antenna/tag/e2806894000050038662154f, 85
1652716153.883874, sdrt-health/mac:02010b41cdec/antenna/tag/e2806894000050038662194f, 84
1652716153.906782, sdrt-health/mac:02010b41cdec/antenna/tag/e2806894000050038661fd4f, 83
1652716153.975217, sdrt-health/mac:02010b41cdec/antenna/tag/e2806894000050038662014f, 94
1652716153.975718, sdrt-health/mac:02010b41cdec/antenna/tag/e28068940000400386621d4f, 96
1652716153.993064, sdrt-health/mac:02010b41cdec/antenna/tag/e2806894000050038662154f, 91
1652716154.005409, sdrt-health/mac:02010b41cdec/antenna/tag/e2806894000050038662154f, 91
1652716154.007829, sdrt-health/mac:02010b41cdec/antenna/tag/e2806894000040038662114f, 97
1652716154.075183, sdrt-health/mac:02010b41cdec/antenna/tag/e28068940000400386621d4f, 96
1652716154.176415, sdrt-health/mac:02010b41cdec/antenna/tag/e2806894000040038662054f, 81
1652716154.17701, sdrt-health/mac:02010b41cdec/antenna/tag/e2806894000050038661fd4f, 86
1652716154.190798, sdrt-health/mac:02010b41cdec/antenna/tag/e2806894000040038662054f, 94
1652716154.256133, sdrt-health/mac:02010b41cdec/antenna/tag/e2806894000050038661fd4f, 86
1652716154.256668, sdrt-health/mac:02010b41cdec/antenna/tag/e2806894000050038662194f, 93
1652716154.272465, sdrt-health/mac:02010b41cdec/antenna/tag/e28068940000400386621d4f, 96
1652716154.273035, sdrt-health/mac:02010b41cdec/antenna/tag/e2806894000040038662054f, 88
1652716154.273434, sdrt-health/mac:02010b41cdec/antenna/tag/e2806894000050038661fd4f, 86
1652716154.273874, sdrt-health/mac:02010b41cdec/antenna/tag/e2806894000050038662194f, 85
1652716154.306892, sdrt-health/mac:02010b41cdec/antenna/tag/e2806894000050038662154f, 88
1652716154.337108, sdrt-health/mac:02010b41cdec/antenna/tag/e2806894000040038661f94f, 81
1652716154.337397, sdrt-health/mac:02010b41cdec/antenna/tag/e2806894000040038662214f, 81
1652716154.405078, sdrt-health/mac:02010b41cdec/antenna/tag/e2806894000040038661f94f, 88
1652716154.433222, sdrt-health/mac:02010b41cdec/antenna/tag/e2806894000040038661f94f, 81
1652716154.433825, sdrt-health/mac:02010b41cdec/antenna/tag/e2806894000040038662114f, 88
1652716154.479156, sdrt-health/mac:02010b41cdec/antenna/tag/e2806894000050038662194f, 83
1652716154.507642, sdrt-health/mac:02010b41cdec/antenna/tag/e2806894000050038662154f, 97
1652716154.507878, sdrt-health/mac:02010b41cdec/antenna/tag/e2806894000040038662114f, 88
1652716154.543843, sdrt-health/mac:02010b41cdec/antenna/tag/e28068940000400386621d4f, 77
1652716154.573177, sdrt-health/mac:02010b41cdec/antenna/tag/e2806894000040038662114f, 88
1652716154.573398, sdrt-health/mac:02010b41cdec/antenna/tag/e2806894000050038661fd4f, 86
1652716154.599746, sdrt-health/mac:02010b41cdec/antenna/tag/e2806894000050038661fd4f, 86
1652716154.627802, sdrt-health/mac:02010b41cdec/antenna/tag/e2806894000050038662154f, 91
1652716154.628111, sdrt-health/mac:02010b41cdec/antenna/tag/e2806894000050038662154f, 97
1652716154.648047, sdrt-health/mac:02010b41cdec/antenna/tag/e2806894000050038661fd4f, 86
1652716154.727227, sdrt-health/mac:02010b41cdec/antenna/tag/e2806894000040038662114f, 88
1652716154.727671, sdrt-health/mac:02010b41cdec/antenna/tag/e2806894000040038661f94f, 84
1652716154.79232, sdrt-health/mac:02010b41cdec/antenna/tag/e2806894000040038662214f, 81
1652716154.873533, sdrt-health/mac:02010b41cdec/antenna/tag/e2806894000040038662114f, 88
1652716154.901684, sdrt-health/mac:02010b41cdec/antenna/tag/e2806894000050038662194f, 87
1652716154.902012, sdrt-health/mac:02010b41cdec/antenna/tag/e28068940000400386621d4f, 77
1652716154.90228, sdrt-health/mac:02010b41cdec/antenna/tag/e2806894000050038662154f, 97
1652716154.929963, sdrt-health/mac:02010b41cdec/antenna/tag/e28068940000400386621d4f, 77
1652716154.959939, sdrt-health/mac:02010b41cdec/antenna/tag/e2806894000050038662154f, 91
1652716154.960406, sdrt-health/mac:02010b41cdec/antenna/tag/e2806894000050038662154f, 91
1652716154.974229, sdrt-health/mac:02010b41cdec/antenna/tag/e2806894000050038662194f, 81
1652716154.974434, sdrt-health/mac:02010b41cdec/antenna/tag/e28068940000400386621d4f, 96
1652716154.97459, sdrt-health/mac:02010b41cdec/antenna/tag/e28068940000400386621d4f, 96
1652716155.028547, sdrt-health/mac:02010b41cdec/antenna/tag/e2806894000050038662194f, 83
1652716155.121212, sdrt-health/mac:02010b41cdec/antenna/tag/e2806894000040038661f94f, 94
1652716155.180075, sdrt-health/mac:02010b41cdec/antenna/tag/e2806894000050038662154f, 91
1652716155.209649, sdrt-health/mac:02010b41cdec/antenna/tag/e2806894000050038661fd4f, 86
1652716155.210006, sdrt-health/mac:02010b41cdec/antenna/tag/e2806894000040038662054f, 83
1652716155.259962, sdrt-health/mac:02010b41cdec/antenna/tag/e2806894000050038662194f, 83
1652716155.289183, sdrt-health/mac:02010b41cdec/antenna/tag/e2806894000040038661f94f, 88
1652716155.289407, sdrt-health/mac:02010b41cdec/antenna/tag/e2806894000050038662194f, 81
1652716155.306372, sdrt-health/mac:02010b41cdec/antenna/tag/e28068940000400386621d4f, 77
1652716155.338372, sdrt-health/mac:02010b41cdec/antenna/tag/e2806894000050038662194f, 83
1652716155.338654, sdrt-health/mac:02010b41cdec/antenna/tag/e2806894000040038662054f, 88
1652716155.338908, sdrt-health/mac:02010b41cdec/antenna/tag/e2806894000050038661fd4f, 90
1652716155.352101, sdrt-health/mac:02010b41cdec/antenna/tag/e2806894000040038662114f, 91
1652716155.421615, sdrt-health/mac:02010b41cdec/antenna/tag/e2806894000040038662114f, 88
1652716155.697129, sdrt-health/mac:02010b41cdec/antenna/tag/e2806894000040038662114f, 91
1652716155.843886, sdrt-health/mac:02010b41cdec/antenna/tag/e2806894000040038662214f, 94
1652716155.844447, sdrt-health/mac:02010b41cdec/antenna/tag/e2806894000040038662054f, 103
1652716155.857741, sdrt-health/mac:02010b41cdec/antenna/tag/e28068940000400386621d4f, 77
1652716155.858378, sdrt-health/mac:02010b41cdec/antenna/tag/e2806894000040038662214f, 83
1652716155.859297, sdrt-health/mac:02010b41cdec/antenna/tag/e2806894000040038662114f, 88
1652716155.859879, sdrt-health/mac:02010b41cdec/antenna/tag/e2806894000040038662214f, 81
1652716155.860377, sdrt-health/mac:02010b41cdec/antenna/tag/e2806894000040038662214f, 94
1652716155.860727, sdrt-health/mac:02010b41cdec/antenna/tag/e2806894000040038662114f, 88
1652716155.860965, sdrt-health/mac:02010b41cdec/antenna/tag/e2806894000040038661f94f, 94
1652716155.890585, sdrt-health/mac:02010b41cdec/antenna/tag/e28068940000400386621d4f, 96
1652716155.91872, sdrt-health/mac:02010b41cdec/antenna/tag/e2806894000050038662194f, 83
1652716155.919206, sdrt-health/mac:02010b41cdec/antenna/tag/e28068940000400386621d4f, 77
1652716155.945163, sdrt-health/mac:02010b41cdec/antenna/tag/e2806894000050038661fd4f, 86
1652716156.018378, sdrt-health/mac:02010b41cdec/antenna/tag/e2806894000050038662194f, 83
1652716156.018888, sdrt-health/mac:02010b41cdec/antenna/tag/e2806894000040038661f94f, 88
1652716156.033418, sdrt-health/mac:02010b41cdec/antenna/tag/e2806894000050038662194f, 94
1652716156.297516, sdrt-health/mac:02010b41cdec/antenna/tag/e2806894000050038661fd4f, 86
1652716156.329236, sdrt-health/mac:02010b41cdec/antenna/tag/e28068940000400386621d4f, 96
1652716156.32958, sdrt-health/mac:02010b41cdec/antenna/tag/e2806894000050038662154f, 91
1652716156.360233, sdrt-health/mac:02010b41cdec/antenna/tag/e28068940000400386621d4f, 96
1652716156.390307, sdrt-health/mac:02010b41cdec/antenna/tag/e2806894000050038662194f, 93
1652716156.390593, sdrt-health/mac:02010b41cdec/antenna/tag/e2806894000050038662154f, 97
1652716156.390794, sdrt-health/mac:02010b41cdec/antenna/tag/e28068940000400386621d4f, 96
1652716156.390977, sdrt-health/mac:02010b41cdec/antenna/tag/e28068940000400386621d4f, 96
1652716156.391158, sdrt-health/mac:02010b41cdec/antenna/tag/e2806894000040038661f94f, 81
1652716156.391358, sdrt-health/mac:02010b41cdec/antenna/tag/e2806894000050038662194f, 87
1652716156.391536, sdrt-health/mac:02010b41cdec/antenna/tag/e2806894000040038662114f, 88
1652716156.391715, sdrt-health/mac:02010b41cdec/antenna/tag/e2806894000050038661fd4f, 83
1652716156.408698, sdrt-health/mac:02010b41cdec/antenna/tag/e2806894000040038662114f, 97
1652716156.481022, sdrt-health/mac:02010b41cdec/antenna/tag/e28068940000400386621d4f, 96
1652716156.48156, sdrt-health/mac:02010b41cdec/antenna/tag/e2806894000050038661fd4f, 86
1652716156.535498, sdrt-health/mac:02010b41cdec/antenna/tag/e2806894000040038661f94f, 84
1652716156.631993, sdrt-health/mac:02010b41cdec/antenna/tag/e2806894000040038662114f, 88
1652716156.63257, sdrt-health/mac:02010b41cdec/antenna/tag/e2806894000050038661fd4f, 83
1652716156.696318, sdrt-health/mac:02010b41cdec/antenna/tag/e2806894000040038662114f, 97
1652716156.74436, sdrt-health/mac:02010b41cdec/antenna/tag/e2806894000050038662154f, 88
1652716156.798825, sdrt-health/mac:02010b41cdec/antenna/tag/e28068940000400386621d4f, 96
1652716156.958033, sdrt-health/mac:02010b41cdec/antenna/tag/e2806894000040038662114f, 91
1652716157.010134, sdrt-health/mac:02010b41cdec/antenna/tag/e2806894000050038662154f, 88
1652716157.041495, sdrt-health/mac:02010b41cdec/antenna/tag/e2806894000040038661f94f, 82
1652716157.04186, sdrt-health/mac:02010b41cdec/antenna/tag/e2806894000050038661fd4f, 97
1652716157.042142, sdrt-health/mac:02010b41cdec/antenna/tag/e28068940000400386621d4f, 77
1652716157.042386, sdrt-health/mac:02010b41cdec/antenna/tag/e2806894000050038661fd4f, 83
1652716157.042633, sdrt-health/mac:02010b41cdec/antenna/tag/e2806894000040038662054f, 82
1652716157.042898, sdrt-health/mac:02010b41cdec/antenna/tag/e2806894000040038662114f, 91
1652716157.081252, sdrt-health/mac:02010b41cdec/antenna/tag/e2806894000050038662154f, 88
1652716157.125386, sdrt-health/mac:02010b41cdec/antenna/tag/e2806894000040038662214f, 84
1652716157.177831, sdrt-health/mac:02010b41cdec/antenna/tag/e2806894000050038662194f, 87
1652716157.221061, sdrt-health/mac:02010b41cdec/antenna/tag/e2806894000040038662214f, 82
1652716157.248632, sdrt-health/mac:02010b41cdec/antenna/tag/e2806894000050038662194f, 81
1652716157.249126, sdrt-health/mac:02010b41cdec/antenna/tag/e28068940000400386621d4f, 77
1652716157.249423, sdrt-health/mac:02010b41cdec/antenna/tag/e2806894000050038661fd4f, 83
1652716157.266715, sdrt-health/mac:02010b41cdec/antenna/tag/e2806894000040038662114f, 91
1652716157.320643, sdrt-health/mac:02010b41cdec/antenna/tag/e2806894000050038662154f, 91
1652716157.383721, sdrt-health/mac:02010b41cdec/antenna/tag/e28068940000400386621d4f, 96
1652716157.384239, sdrt-health/mac:02010b41cdec/antenna/tag/e2806894000050038661fd4f, 83
1652716157.398609, sdrt-health/mac:02010b41cdec/antenna/tag/e2806894000050038662194f, 81
1652716157.417323, sdrt-health/mac:02010b41cdec/antenna/tag/e2806894000040038662114f, 91
1652716157.494768, sdrt-health/mac:02010b41cdec/antenna/tag/e2806894000050038662154f, 85
1652716157.495624, sdrt-health/mac:02010b41cdec/antenna/tag/e28068940000400386621d4f, 77
1652716157.564849, sdrt-health/mac:02010b41cdec/antenna/tag/e2806894000040038661f94f, 81
1652716157.612832, sdrt-health/mac:02010b41cdec/antenna/tag/e2806894000050038662154f, 88
1652716157.644057, sdrt-health/mac:02010b41cdec/antenna/tag/e28068940000400386621d4f, 96
1652716157.644348, sdrt-health/mac:02010b41cdec/antenna/tag/e2806894000050038661fd4f, 86
1652716157.644582, sdrt-health/mac:02010b41cdec/antenna/tag/e2806894000050038662154f, 88
1652716157.644769, sdrt-health/mac:02010b41cdec/antenna/tag/e2806894000050038661fd4f, 86
1652716157.666709, sdrt-health/mac:02010b41cdec/antenna/tag/e28068940000400386621d4f, 96
1652716157.667179, sdrt-health/mac:02010b41cdec/antenna/tag/e2806894000050038662154f, 91
1652716157.702277, sdrt-health/mac:02010b41cdec/antenna/tag/e2806894000050038662194f, 87
1652716157.76147, sdrt-health/mac:02010b41cdec/antenna/tag/e2806894000040038662114f, 97
1652716157.863457, sdrt-health/mac:02010b41cdec/antenna/tag/e2806894000050038661fd4f, 83
1652716157.863898, sdrt-health/mac:02010b41cdec/antenna/tag/e2806894000040038662114f, 91
1652716157.914627, sdrt-health/mac:02010b41cdec/antenna/tag/e2806894000050038662154f, 85
1652716157.944802, sdrt-health/mac:02010b41cdec/antenna/tag/e2806894000040038661f94f, 94
1652716157.945334, sdrt-health/mac:02010b41cdec/antenna/tag/e28068940000400386621d4f, 96
1652716157.98939, sdrt-health/mac:02010b41cdec/antenna/tag/e2806894000050038661fd4f, 86
1652716158.061816, sdrt-health/mac:02010b41cdec/antenna/tag/e2806894000050038662194f, 81
1652716158.107471, sdrt-health/mac:02010b41cdec/antenna/tag/e2806894000050038661fd4f, 86
1652716158.189487, sdrt-health/mac:02010b41cdec/antenna/tag/e28068940000400386621d4f, 96
1652716158.190005, sdrt-health/mac:02010b41cdec/antenna/tag/e2806894000050038662154f, 88
1652716158.253634, sdrt-health/mac:02010b41cdec/antenna/tag/e28068940000400386621d4f, 77
1652716158.285036, sdrt-health/mac:02010b41cdec/antenna/tag/e2806894000050038661fd4f, 83
1652716158.285307, sdrt-health/mac:02010b41cdec/antenna/tag/e2806894000040038662114f, 88
1652716158.285497, sdrt-health/mac:02010b41cdec/antenna/tag/e2806894000040038662114f, 88
1652716158.334317, sdrt-health/mac:02010b41cdec/antenna/tag/e2806894000050038662194f, 93
1652716158.363747, sdrt-health/mac:02010b41cdec/antenna/tag/e2806894000050038662194f, 83
1652716158.364184, sdrt-health/mac:02010b41cdec/antenna/tag/e2806894000050038661fd4f, 83
1652716158.36446, sdrt-health/mac:02010b41cdec/antenna/tag/e2806894000040038662114f, 91
1652716158.377971, sdrt-health/mac:02010b41cdec/antenna/tag/e28068940000400386621d4f, 96
1652716158.427628, sdrt-health/mac:02010b41cdec/antenna/tag/e2806894000050038662194f, 87
1652716158.474704, sdrt-health/mac:02010b41cdec/antenna/tag/e2806894000050038662154f, 85
1652716158.521529, sdrt-health/mac:02010b41cdec/antenna/tag/e2806894000050038662194f, 87
1652716158.567798, sdrt-health/mac:02010b41cdec/antenna/tag/e2806894000050038662154f, 91
1652716158.618636, sdrt-health/mac:02010b41cdec/antenna/tag/e2806894000050038661fd4f, 86
1652716158.649313, sdrt-health/mac:02010b41cdec/antenna/tag/e2806894000050038662154f, 91
1652716158.649656, sdrt-health/mac:02010b41cdec/antenna/tag/e2806894000050038661fd4f, 90
1652716158.681966, sdrt-health/mac:02010b41cdec/antenna/tag/e2806894000040038662114f, 91
1652716158.735586, sdrt-health/mac:02010b41cdec/antenna/tag/e2806894000040038661f94f, 94
1652716158.764265, sdrt-health/mac:02010b41cdec/antenna/tag/e2806894000050038662194f, 81
1652716158.764704, sdrt-health/mac:02010b41cdec/antenna/tag/e2806894000040038662114f, 91
1652716158.806796, sdrt-health/mac:02010b41cdec/antenna/tag/e2806894000050038662194f, 81
1652716158.867576, sdrt-health/mac:02010b41cdec/antenna/tag/e2806894000040038661f94f, 88
1652716158.944141, sdrt-health/mac:02010b41cdec/antenna/tag/e2806894000040038662114f, 91
1652716158.944633, sdrt-health/mac:02010b41cdec/antenna/tag/e2806894000040038661f94f, 94
1652716158.959127, sdrt-health/mac:02010b41cdec/antenna/tag/e2806894000050038662194f, 83
1652716158.959518, sdrt-health/mac:02010b41cdec/antenna/tag/e28068940000400386621d4f, 96
1652716158.959965, sdrt-health/mac:02010b41cdec/antenna/tag/e2806894000040038662114f, 91
1652716159.00256, sdrt-health/mac:02010b41cdec/antenna/tag/e2806894000050038661fd4f, 86
1652716159.046262, sdrt-health/mac:02010b41cdec/antenna/tag/e2806894000040038662114f, 91
1652716159.134383, sdrt-health/mac:02010b41cdec/antenna/tag/e2806894000050038662194f, 87
1652716159.202855, sdrt-health/mac:02010b41cdec/antenna/tag/e28068940000400386621d4f, 96
1652716159.203407, sdrt-health/mac:02010b41cdec/antenna/tag/e2806894000050038662154f, 91
1652716159.219645, sdrt-health/mac:02010b41cdec/antenna/tag/e28068940000400386621d4f, 96
1652716159.220127, sdrt-health/mac:02010b41cdec/antenna/tag/e2806894000050038662154f, 91
1652716159.220373, sdrt-health/mac:02010b41cdec/antenna/tag/e2806894000050038661fd4f, 86
1652716159.220624, sdrt-health/mac:02010b41cdec/antenna/tag/e2806894000050038662154f, 91
1652716159.241155, sdrt-health/mac:02010b41cdec/antenna/tag/e2806894000050038661fd4f, 86
1652716159.322091, sdrt-health/mac:02010b41cdec/antenna/tag/e2806894000050038662154f, 88
1652716159.322644, sdrt-health/mac:02010b41cdec/antenna/tag/e2806894000050038662194f, 94
1652716159.348818, sdrt-health/mac:02010b41cdec/antenna/tag/e2806894000050038661fd4f, 90
1652716159.3705, sdrt-health/mac:02010b41cdec/antenna/tag/e2806894000040038661f94f, 81
1652716159.399746, sdrt-health/mac:02010b41cdec/antenna/tag/e28068940000400386621d4f, 77
1652716159.399953, sdrt-health/mac:02010b41cdec/antenna/tag/e2806894000050038662154f, 88
1652716159.439359, sdrt-health/mac:02010b41cdec/antenna/tag/e2806894000050038662154f, 85
1652716159.515318, sdrt-health/mac:02010b41cdec/antenna/tag/e2806894000040038662114f, 88
1652716159.515604, sdrt-health/mac:02010b41cdec/antenna/tag/e2806894000050038662014f, 82
1652716159.530415, sdrt-health/mac:02010b41cdec/antenna/tag/e2806894000050038662194f, 87
1652716159.538735, sdrt-health/mac:02010b41cdec/antenna/tag/e2806894000040038662114f, 88
1652716159.544621, sdrt-health/mac:02010b41cdec/antenna/tag/e2806894000050038662154f, 91
1652716159.544858, sdrt-health/mac:02010b41cdec/antenna/tag/e28068940000400386621d4f, 96
1652716159.595782, sdrt-health/mac:02010b41cdec/antenna/tag/e2806894000040038662114f, 91
1652716159.736983, sdrt-health/mac:02010b41cdec/antenna/tag/e2806894000050038662194f, 87
1652716159.777061, sdrt-health/mac:02010b41cdec/antenna/tag/e28068940000400386621d4f, 96
1652716159.806876, sdrt-health/mac:02010b41cdec/antenna/tag/e28068940000400386621d4f, 96
1652716159.807194, sdrt-health/mac:02010b41cdec/antenna/tag/e2806894000050038662194f, 83
1652716159.856755, sdrt-health/mac:02010b41cdec/antenna/tag/e2806894000040038662054f, 81
1652716159.917616, sdrt-health/mac:02010b41cdec/antenna/tag/e2806894000040038661f94f, 81
1652716159.966708, sdrt-health/mac:02010b41cdec/antenna/tag/e2806894000050038662194f, 88
1652716160.007906, sdrt-health/mac:02010b41cdec/antenna/tag/e2806894000040038661f94f, 88
1652716160.037041, sdrt-health/mac:02010b41cdec/antenna/tag/e2806894000050038662154f, 91
1652716160.037362, sdrt-health/mac:02010b41cdec/antenna/tag/e2806894000040038662114f, 97
1652716160.178014, sdrt-health/mac:02010b41cdec/antenna/tag/e2806894000040038662054f, 81
1652716160.223493, sdrt-health/mac:02010b41cdec/antenna/tag/e2806894000050038662154f, 91
1652716160.253071, sdrt-health/mac:02010b41cdec/antenna/tag/e2806894000040038662114f, 88
1652716160.253464, sdrt-health/mac:02010b41cdec/antenna/tag/e28068940000400386621d4f, 96
1652716160.282437, sdrt-health/mac:02010b41cdec/antenna/tag/e2806894000040038662214f, 83
1652716160.351039, sdrt-health/mac:02010b41cdec/antenna/tag/e2806894000040038662054f, 84
1652716160.351498, sdrt-health/mac:02010b41cdec/antenna/tag/e28068940000400386621d4f, 77
1652716160.366299, sdrt-health/mac:02010b41cdec/antenna/tag/e2806894000040038662214f, 88
1652716160.366735, sdrt-health/mac:02010b41cdec/antenna/tag/e2806894000050038662154f, 85
1652716160.367142, sdrt-health/mac:02010b41cdec/antenna/tag/e2806894000040038661f94f, 94
1652716160.404612, sdrt-health/mac:02010b41cdec/antenna/tag/e2806894000050038662194f, 81
1652716160.450889, sdrt-health/mac:02010b41cdec/antenna/tag/e2806894000050038661fd4f, 86
1652716160.514244, sdrt-health/mac:02010b41cdec/antenna/tag/e2806894000050038662154f, 91
1652716160.514768, sdrt-health/mac:02010b41cdec/antenna/tag/e28068940000400386621d4f, 96
1652716160.515108, sdrt-health/mac:02010b41cdec/antenna/tag/e2806894000040038662054f, 94
1652716160.554228, sdrt-health/mac:02010b41cdec/antenna/tag/e2806894000040038662114f, 97
1652716160.661366, sdrt-health/mac:02010b41cdec/antenna/tag/e2806894000040038662114f, 83
1652716160.735828, sdrt-health/mac:02010b41cdec/antenna/tag/e2806894000040038662114f, 97
1652716160.736325, sdrt-health/mac:02010b41cdec/antenna/tag/e2806894000050038662194f, 87
1652716160.749925, sdrt-health/mac:02010b41cdec/antenna/tag/e2806894000040038662054f, 81
1652716160.750523, sdrt-health/mac:02010b41cdec/antenna/tag/e2806894000050038662194f, 93
1652716160.750794, sdrt-health/mac:02010b41cdec/antenna/tag/e2806894000040038662114f, 91
1652716160.766168, sdrt-health/mac:02010b41cdec/antenna/tag/e2806894000040038662054f, 83
1652716160.827277, sdrt-health/mac:02010b41cdec/antenna/tag/e2806894000050038662154f, 85
1652716160.895221, sdrt-health/mac:02010b41cdec/antenna/tag/e2806894000050038662154f, 91
1652716160.945693, sdrt-health/mac:02010b41cdec/antenna/tag/e28068940000400386621d4f, 77
1652716161.001176, sdrt-health/mac:02010b41cdec/antenna/tag/e2806894000050038661fd4f, 86
1652716161.001644, sdrt-health/mac:02010b41cdec/antenna/tag/e2806894000050038662194f, 83
1652716161.001992, sdrt-health/mac:02010b41cdec/antenna/tag/e2806894000050038662154f, 91
1652716161.015839, sdrt-health/mac:02010b41cdec/antenna/tag/e2806894000050038661fd4f, 90
1652716161.036806, sdrt-health/mac:02010b41cdec/antenna/tag/e2806894000050038661fd4f, 86
1652716161.112314, sdrt-health/mac:02010b41cdec/antenna/tag/e2806894000050038662154f, 91
1652716161.112992, sdrt-health/mac:02010b41cdec/antenna/tag/e2806894000050038662194f, 83
1652716161.1257, sdrt-health/mac:02010b41cdec/antenna/tag/e2806894000050038661fd4f, 86
1652716161.14487, sdrt-health/mac:02010b41cdec/antenna/tag/e2806894000040038662114f, 88
1652716161.173739, sdrt-health/mac:02010b41cdec/antenna/tag/e2806894000040038662114f, 91
1652716161.174211, sdrt-health/mac:02010b41cdec/antenna/tag/e2806894000050038662194f, 83
1652716161.194275, sdrt-health/mac:02010b41cdec/antenna/tag/e2806894000040038662054f, 84
1652716161.23866, sdrt-health/mac:02010b41cdec/antenna/tag/e2806894000050038662194f, 83
1652716161.286825, sdrt-health/mac:02010b41cdec/antenna/tag/e28068940000400386621d4f, 96
1652716161.328785, sdrt-health/mac:02010b41cdec/antenna/tag/e2806894000050038661fd4f, 86
1652716161.404186, sdrt-health/mac:02010b41cdec/antenna/tag/e2806894000040038662114f, 88
1652716161.404704, sdrt-health/mac:02010b41cdec/antenna/tag/e2806894000040038662114f, 88
1652716161.418296, sdrt-health/mac:02010b41cdec/antenna/tag/e2806894000050038661fd4f, 90
1652716161.475805, sdrt-health/mac:02010b41cdec/antenna/tag/e2806894000050038662194f, 93
1652716161.476324, sdrt-health/mac:02010b41cdec/antenna/tag/e2806894000040038661f94f, 81
1652716161.49489, sdrt-health/mac:02010b41cdec/antenna/tag/e2806894000040038662054f, 82
1652716161.516123, sdrt-health/mac:02010b41cdec/antenna/tag/e2806894000050038662154f, 91
1652716161.546935, sdrt-health/mac:02010b41cdec/antenna/tag/e2806894000050038662154f, 97
1652716161.547438, sdrt-health/mac:02010b41cdec/antenna/tag/e2806894000040038661f94f, 82
1652716161.547785, sdrt-health/mac:02010b41cdec/antenna/tag/e2806894000040038662114f, 88
1652716161.579439, sdrt-health/mac:02010b41cdec/antenna/tag/e2806894000040038662054f, 88
1652716161.659583, sdrt-health/mac:02010b41cdec/antenna/tag/e2806894000050038662194f, 81
1652716161.660057, sdrt-health/mac:02010b41cdec/antenna/tag/e2806894000050038661fd4f, 86
1652716161.673497, sdrt-health/mac:02010b41cdec/antenna/tag/e2806894000040038662114f, 88
1652716161.674013, sdrt-health/mac:02010b41cdec/antenna/tag/e28068940000400386621d4f, 96
1652716161.674285, sdrt-health/mac:02010b41cdec/antenna/tag/e28068940000400386621d4f, 96
1652716161.695483, sdrt-health/mac:02010b41cdec/antenna/tag/e2806894000050038662194f, 83
1652716161.760766, sdrt-health/mac:02010b41cdec/antenna/tag/e2806894000040038662214f, 94
1652716161.761269, sdrt-health/mac:02010b41cdec/antenna/tag/e2806894000040038662214f, 88
1652716161.775402, sdrt-health/mac:02010b41cdec/antenna/tag/e2806894000040038662114f, 88
1652716161.775931, sdrt-health/mac:02010b41cdec/antenna/tag/e2806894000040038662054f, 83
1652716161.800148, sdrt-health/mac:02010b41cdec/antenna/tag/e2806894000040038662114f, 88
1652716161.845798, sdrt-health/mac:02010b41cdec/antenna/tag/e28068940000400386621d4f, 77
1652716161.896245, sdrt-health/mac:02010b41cdec/antenna/tag/e2806894000040038662054f, 81
1652716161.985315, sdrt-health/mac:02010b41cdec/antenna/tag/e2806894000050038661fd4f, 86
1652716162.040138, sdrt-health/mac:02010b41cdec/antenna/tag/e2806894000050038662194f, 81
1652716162.069702, sdrt-health/mac:02010b41cdec/antenna/tag/e2806894000050038662194f, 81
1652716162.069949, sdrt-health/mac:02010b41cdec/antenna/tag/e2806894000040038662114f, 91
1652716162.097225, sdrt-health/mac:02010b41cdec/antenna/tag/e2806894000050038661fd4f, 83
1652716162.151036, sdrt-health/mac:02010b41cdec/antenna/tag/e2806894000050038662154f, 85
1652716162.202165, sdrt-health/mac:02010b41cdec/antenna/tag/e2806894000040038662114f, 91
1652716162.202745, sdrt-health/mac:02010b41cdec/antenna/tag/e28068940000400386621d4f, 77
1652716162.219807, sdrt-health/mac:02010b41cdec/antenna/tag/e2806894000050038662154f, 85
1652716162.236791, sdrt-health/mac:02010b41cdec/antenna/tag/e28068940000500386620d4f, 88
1652716162.473625, sdrt-health/mac:02010b41cdec/antenna/tag/e2806894000040038662214f, 81
1652716162.474163, sdrt-health/mac:02010b41cdec/antenna/tag/scan, scan stopped
