1652716444.378537, sdrt-health/mac:02010b41cdec/antenna/power/set, {"power": 300}
1652716445.533585, sdrt-health/mac:02010b41cdec/antenna/power/set, 
1652716449.401002, sdrt-health/mac:02010b41cdec/antenna/tag/scan, {"time": 20000}
1652716449.798242, sdrt-health/mac:02010b41cdec/antenna/tag/e2806894000040038662214f, 81
1652716449.846002, sdrt-health/mac:02010b41cdec/antenna/tag/e2806894000040038662114f, 88
1652716449.846813, sdrt-health/mac:02010b41cdec/antenna/tag/e2806894000040038661f94f, 88
1652716449.861214, sdrt-health/mac:02010b41cdec/antenna/tag/e2806894000050038662194f, 83
1652716449.912872, sdrt-health/mac:02010b41cdec/antenna/tag/e2806894000050038661fd4f, 97
1652716449.941723, sdrt-health/mac:02010b41cdec/antenna/tag/e2806894000040038662114f, 88
1652716449.942189, sdrt-health/mac:02010b41cdec/antenna/tag/e2806894000040038661f94f, 81
1652716449.942574, sdrt-health/mac:02010b41cdec/antenna/tag/e2806894000050038662194f, 81
1652716449.992132, sdrt-health/mac:02010b41cdec/antenna/tag/e2806894000040038662054f, 94
1652716450.076838, sdrt-health/mac:02010b41cdec/antenna/tag/e2806894000050038662194f, 83
1652716450.077393, sdrt-health/mac:02010b41cdec/antenna/tag/e2806894000040038662214f, 88
1652716450.090802, sdrt-health/mac:02010b41cdec/antenna/tag/e28068940000400386621d4f, 77
1652716450.332535, sdrt-health/mac:02010b41cdec/antenna/tag/e2806894000050038661fd4f, 83
1652716450.428673, sdrt-health/mac:02010b41cdec/antenna/tag/e28068940000400386621d4f, 77
1652716450.449455, sdrt-health/mac:02010b41cdec/antenna/tag/e28068940000400386621d4f, 77
1652716450.449948, sdrt-health/mac:02010b41cdec/antenna/tag/e2806894000050038661fd4f, 83
1652716450.46397, sdrt-health/mac:02010b41cdec/antenna/tag/e2806894000040038661f94f, 81
1652716450.464428, sdrt-health/mac:02010b41cdec/antenna/tag/e2806894000040038662214f, 83
1652716450.480332, sdrt-health/mac:02010b41cdec/antenna/tag/e2806894000050038662194f, 83
1652716450.509223, sdrt-health/mac:02010b41cdec/antenna/tag/e28068940000400386621d4f, 96
1652716450.509666, sdrt-health/mac:02010b41cdec/antenna/tag/e2806894000050038662194f, 88
1652716450.50996, sdrt-health/mac:02010b41cdec/antenna/tag/e2806894000040038662054f, 81
1652716450.510248, sdrt-health/mac:02010b41cdec/antenna/tag/e28068940000400386621d4f, 77
1652716450.510455, sdrt-health/mac:02010b41cdec/antenna/tag/e2806894000040038662114f, 88
1652716450.51062, sdrt-health/mac:02010b41cdec/antenna/tag/e2806894000040038662114f, 88
1652716450.510784, sdrt-health/mac:02010b41cdec/antenna/tag/e2806894000050038661fd4f, 90
1652716450.510967, sdrt-health/mac:02010b41cdec/antenna/tag/e2806894000050038662154f, 97
1652716450.768193, sdrt-health/mac:02010b41cdec/antenna/tag/e2806894000040038661f94f, 94
1652716450.834017, sdrt-health/mac:02010b41cdec/antenna/tag/e2806894000050038661fd4f, 90
1652716450.83454, sdrt-health/mac:02010b41cdec/antenna/tag/e2806894000040038662114f, 97
1652716450.847793, sdrt-health/mac:02010b41cdec/antenna/tag/e2806894000050038661fd4f, 86
1652716450.848249, sdrt-health/mac:02010b41cdec/antenna/tag/e2806894000050038662194f, 87
1652716450.865962, sdrt-health/mac:02010b41cdec/antenna/tag/e2806894000040038662114f, 88
1652716450.930118, sdrt-health/mac:02010b41cdec/antenna/tag/e2806894000050038661fd4f, 86
1652716450.959549, sdrt-health/mac:02010b41cdec/antenna/tag/e2806894000050038662194f, 81
1652716450.960023, sdrt-health/mac:02010b41cdec/antenna/tag/e2806894000050038661fd4f, 86
1652716450.987188, sdrt-health/mac:02010b41cdec/antenna/tag/e28068940000400386621d4f, 96
1652716451.052396, sdrt-health/mac:02010b41cdec/antenna/tag/e2806894000050038662154f, 88
1652716451.052915, sdrt-health/mac:02010b41cdec/antenna/tag/e28068940000400386621d4f, 77
1652716451.066784, sdrt-health/mac:02010b41cdec/antenna/tag/e2806894000040038661f94f, 84
1652716451.094851, sdrt-health/mac:02010b41cdec/antenna/tag/e2806894000040038662114f, 88
1652716451.159438, sdrt-health/mac:02010b41cdec/antenna/tag/e2806894000050038662014f, 84
1652716451.189608, sdrt-health/mac:02010b41cdec/antenna/tag/e28068940000400386621d4f, 77
1652716451.190143, sdrt-health/mac:02010b41cdec/antenna/tag/e2806894000050038662154f, 91
1652716451.204316, sdrt-health/mac:02010b41cdec/antenna/tag/e28068940000400386621d4f, 96
1652716451.271257, sdrt-health/mac:02010b41cdec/antenna/tag/e2806894000050038662154f, 91
1652716451.271766, sdrt-health/mac:02010b41cdec/antenna/tag/e2806894000050038662154f, 91
1652716451.28629, sdrt-health/mac:02010b41cdec/antenna/tag/e28068940000400386621d4f, 96
1652716451.298342, sdrt-health/mac:02010b41cdec/antenna/tag/e2806894000050038662194f, 93
1652716451.300831, sdrt-health/mac:02010b41cdec/antenna/tag/e2806894000040038662114f, 97
1652716451.354511, sdrt-health/mac:02010b41cdec/antenna/tag/e28068940000400386621d4f, 96
1652716451.413718, sdrt-health/mac:02010b41cdec/antenna/tag/e2806894000050038662154f, 91
1652716451.414239, sdrt-health/mac:02010b41cdec/antenna/tag/e2806894000050038661fd4f, 90
1652716451.450677, sdrt-health/mac:02010b41cdec/antenna/tag/e2806894000050038662154f, 91
1652716451.509468, sdrt-health/mac:02010b41cdec/antenna/tag/e2806894000040038662114f, 88
1652716451.509958, sdrt-health/mac:02010b41cdec/antenna/tag/e28068940000400386621d4f, 96
1652716451.561476, sdrt-health/mac:02010b41cdec/antenna/tag/e2806894000050038662194f, 87
1652716451.624196, sdrt-health/mac:02010b41cdec/antenna/tag/e2806894000050038662194f, 81
1652716451.66652, sdrt-health/mac:02010b41cdec/antenna/tag/e2806894000050038662154f, 91
1652716451.74357, sdrt-health/mac:02010b41cdec/antenna/tag/e2806894000040038662114f, 91
1652716451.815457, sdrt-health/mac:02010b41cdec/antenna/tag/e28068940000400386621d4f, 77
1652716451.81602, sdrt-health/mac:02010b41cdec/antenna/tag/e2806894000040038661f94f, 94
1652716451.816424, sdrt-health/mac:02010b41cdec/antenna/tag/e2806894000050038661fd4f, 86
1652716451.846092, sdrt-health/mac:02010b41cdec/antenna/tag/e2806894000050038662194f, 81
1652716451.931794, sdrt-health/mac:02010b41cdec/antenna/tag/e2806894000050038661fd4f, 90
1652716451.932353, sdrt-health/mac:02010b41cdec/antenna/tag/e2806894000040038662214f, 83
1652716451.945912, sdrt-health/mac:02010b41cdec/antenna/tag/e2806894000050038662194f, 83
1652716452.003233, sdrt-health/mac:02010b41cdec/antenna/tag/e2806894000040038662054f, 94
1652716452.003767, sdrt-health/mac:02010b41cdec/antenna/tag/e2806894000040038662054f, 94
1652716452.017523, sdrt-health/mac:02010b41cdec/antenna/tag/e2806894000040038662114f, 88
1652716452.018021, sdrt-health/mac:02010b41cdec/antenna/tag/e2806894000040038662214f, 81
1652716452.038096, sdrt-health/mac:02010b41cdec/antenna/tag/e2806894000050038662194f, 83
1652716452.088445, sdrt-health/mac:02010b41cdec/antenna/tag/e2806894000040038662114f, 88
1652716452.11799, sdrt-health/mac:02010b41cdec/antenna/tag/e2806894000050038662154f, 91
1652716452.118305, sdrt-health/mac:02010b41cdec/antenna/tag/e28068940000400386621d4f, 96
1652716452.11853, sdrt-health/mac:02010b41cdec/antenna/tag/e2806894000050038662194f, 82
1652716452.144537, sdrt-health/mac:02010b41cdec/antenna/tag/e2806894000040038662054f, 94
1652716452.20149, sdrt-health/mac:02010b41cdec/antenna/tag/e2806894000050038662194f, 93
1652716452.232104, sdrt-health/mac:02010b41cdec/antenna/tag/e2806894000040038662114f, 97
1652716452.232541, sdrt-health/mac:02010b41cdec/antenna/tag/e2806894000040038662054f, 94
1652716452.247473, sdrt-health/mac:02010b41cdec/antenna/tag/e2806894000050038661fd4f, 86
1652716452.247714, sdrt-health/mac:02010b41cdec/antenna/tag/e2806894000050038662194f, 87
1652716452.307119, sdrt-health/mac:02010b41cdec/antenna/tag/e2806894000040038662054f, 94
1652716452.398344, sdrt-health/mac:02010b41cdec/antenna/tag/e28068940000400386621d4f, 96
1652716452.398834, sdrt-health/mac:02010b41cdec/antenna/tag/e2806894000050038662194f, 87
1652716452.41403, sdrt-health/mac:02010b41cdec/antenna/tag/e2806894000040038662114f, 83
1652716452.418492, sdrt-health/mac:02010b41cdec/antenna/tag/e28068940000400386621d4f, 96
1652716452.432367, sdrt-health/mac:02010b41cdec/antenna/tag/e2806894000040038662214f, 83
1652716452.464576, sdrt-health/mac:02010b41cdec/antenna/tag/e2806894000040038662114f, 91
1652716452.53257, sdrt-health/mac:02010b41cdec/antenna/tag/e2806894000050038662154f, 85
1652716452.534271, sdrt-health/mac:02010b41cdec/antenna/tag/e2806894000050038662194f, 81
1652716452.546499, sdrt-health/mac:02010b41cdec/antenna/tag/e2806894000040038661f94f, 88
1652716452.583605, sdrt-health/mac:02010b41cdec/antenna/tag/e2806894000040038662114f, 88
1652716452.640355, sdrt-health/mac:02010b41cdec/antenna/tag/e2806894000040038662114f, 88
1652716452.640868, sdrt-health/mac:02010b41cdec/antenna/tag/e2806894000050038661fd4f, 90
1652716452.678289, sdrt-health/mac:02010b41cdec/antenna/tag/e28068940000400386621d4f, 77
1652716452.741719, sdrt-health/mac:02010b41cdec/antenna/tag/e2806894000050038661fd4f, 86
1652716452.814486, sdrt-health/mac:02010b41cdec/antenna/tag/e2806894000050038662154f, 91
1652716452.815037, sdrt-health/mac:02010b41cdec/antenna/tag/e2806894000040038662114f, 88
1652716452.830246, sdrt-health/mac:02010b41cdec/antenna/tag/e2806894000050038662154f, 91
1652716452.872343, sdrt-health/mac:02010b41cdec/antenna/tag/e2806894000040038662114f, 88
1652716452.87296, sdrt-health/mac:02010b41cdec/antenna/tag/e2806894000040038662054f, 94
1652716452.886629, sdrt-health/mac:02010b41cdec/antenna/tag/e2806894000050038661fd4f, 97
1652716452.887007, sdrt-health/mac:02010b41cdec/antenna/tag/e28068940000400386621d4f, 77
1652716452.944879, sdrt-health/mac:02010b41cdec/antenna/tag/e2806894000050038662194f, 83
1652716453.001082, sdrt-health/mac:02010b41cdec/antenna/tag/e28068940000400386621d4f, 77
1652716453.001543, sdrt-health/mac:02010b41cdec/antenna/tag/e2806894000050038662194f, 93
1652716453.016798, sdrt-health/mac:02010b41cdec/antenna/tag/e2806894000050038662154f, 97
1652716453.047594, sdrt-health/mac:02010b41cdec/antenna/tag/e2806894000050038661fd4f, 90
1652716453.094312, sdrt-health/mac:02010b41cdec/antenna/tag/e2806894000040038661f94f, 81
1652716453.134586, sdrt-health/mac:02010b41cdec/antenna/tag/e2806894000050038661fd4f, 90
1652716453.176779, sdrt-health/mac:02010b41cdec/antenna/tag/e2806894000040038662114f, 88
1652716453.214803, sdrt-health/mac:02010b41cdec/antenna/tag/e28068940000400386621d4f, 96
1652716453.273921, sdrt-health/mac:02010b41cdec/antenna/tag/e2806894000040038662114f, 97
1652716453.274596, sdrt-health/mac:02010b41cdec/antenna/tag/e2806894000050038661fd4f, 86
1652716453.391983, sdrt-health/mac:02010b41cdec/antenna/tag/e2806894000050038662194f, 87
1652716453.437273, sdrt-health/mac:02010b41cdec/antenna/tag/e2806894000040038662214f, 81
1652716453.468521, sdrt-health/mac:02010b41cdec/antenna/tag/e2806894000040038662054f, 88
1652716453.468865, sdrt-health/mac:02010b41cdec/antenna/tag/e2806894000040038662214f, 84
1652716453.469146, sdrt-health/mac:02010b41cdec/antenna/tag/e2806894000050038661fd4f, 83
1652716453.469372, sdrt-health/mac:02010b41cdec/antenna/tag/e2806894000050038662194f, 81
1652716453.4824, sdrt-health/mac:02010b41cdec/antenna/tag/e2806894000050038662154f, 91
1652716453.525841, sdrt-health/mac:02010b41cdec/antenna/tag/e2806894000050038662194f, 81
1652716453.575189, sdrt-health/mac:02010b41cdec/antenna/tag/e2806894000050038662154f, 88
1652716453.616239, sdrt-health/mac:02010b41cdec/antenna/tag/e2806894000050038661fd4f, 86
1652716453.670073, sdrt-health/mac:02010b41cdec/antenna/tag/e2806894000040038662054f, 88
1652716453.733435, sdrt-health/mac:02010b41cdec/antenna/tag/e28068940000400386621d4f, 96
1652716453.73397, sdrt-health/mac:02010b41cdec/antenna/tag/e2806894000050038662194f, 83
1652716453.780801, sdrt-health/mac:02010b41cdec/antenna/tag/e2806894000050038662194f, 87
1652716453.809715, sdrt-health/mac:02010b41cdec/antenna/tag/e2806894000050038662194f, 87
1652716453.810098, sdrt-health/mac:02010b41cdec/antenna/tag/e2806894000040038662114f, 85
1652716453.841558, sdrt-health/mac:02010b41cdec/antenna/tag/e2806894000040038662054f, 82
1652716453.896599, sdrt-health/mac:02010b41cdec/antenna/tag/e2806894000040038662214f, 83
1652716453.927282, sdrt-health/mac:02010b41cdec/antenna/tag/e2806894000050038661fd4f, 83
1652716453.927769, sdrt-health/mac:02010b41cdec/antenna/tag/e2806894000040038661f94f, 94
1652716453.942532, sdrt-health/mac:02010b41cdec/antenna/tag/e2806894000050038661fd4f, 83
1652716453.985734, sdrt-health/mac:02010b41cdec/antenna/tag/e2806894000050038661fd4f, 86
1652716454.025156, sdrt-health/mac:02010b41cdec/antenna/tag/e2806894000040038662114f, 88
1652716454.110565, sdrt-health/mac:02010b41cdec/antenna/tag/e2806894000050038662154f, 97
1652716454.111032, sdrt-health/mac:02010b41cdec/antenna/tag/e2806894000050038662154f, 88
1652716454.154003, sdrt-health/mac:02010b41cdec/antenna/tag/e2806894000040038661f94f, 88
1652716454.21295, sdrt-health/mac:02010b41cdec/antenna/tag/e2806894000040038662114f, 88
1652716454.213513, sdrt-health/mac:02010b41cdec/antenna/tag/e2806894000040038661f94f, 81
1652716454.253282, sdrt-health/mac:02010b41cdec/antenna/tag/e2806894000040038662114f, 97
1652716454.305671, sdrt-health/mac:02010b41cdec/antenna/tag/e2806894000050038662194f, 93
1652716454.362859, sdrt-health/mac:02010b41cdec/antenna/tag/e2806894000050038662194f, 83
1652716454.363427, sdrt-health/mac:02010b41cdec/antenna/tag/e2806894000040038662054f, 81
1652716454.395417, sdrt-health/mac:02010b41cdec/antenna/tag/e2806894000040038662214f, 84
1652716454.462257, sdrt-health/mac:02010b41cdec/antenna/tag/e28068940000400386621d4f, 77
1652716454.462726, sdrt-health/mac:02010b41cdec/antenna/tag/e2806894000050038661fd4f, 83
1652716454.50479, sdrt-health/mac:02010b41cdec/antenna/tag/e2806894000050038662154f, 97
1652716454.54741, sdrt-health/mac:02010b41cdec/antenna/tag/e2806894000050038662154f, 91
1652716454.588283, sdrt-health/mac:02010b41cdec/antenna/tag/e2806894000050038661fd4f, 83
1652716454.629603, sdrt-health/mac:02010b41cdec/antenna/tag/e2806894000040038661f94f, 81
1652716454.682955, sdrt-health/mac:02010b41cdec/antenna/tag/e28068940000400386621d4f, 96
1652716454.683445, sdrt-health/mac:02010b41cdec/antenna/tag/e2806894000040038661f94f, 94
1652716454.699052, sdrt-health/mac:02010b41cdec/antenna/tag/e2806894000050038662154f, 91
1652716454.722799, sdrt-health/mac:02010b41cdec/antenna/tag/e2806894000050038661fd4f, 90
1652716454.788811, sdrt-health/mac:02010b41cdec/antenna/tag/e2806894000050038662194f, 81
1652716454.789362, sdrt-health/mac:02010b41cdec/antenna/tag/e2806894000040038662114f, 88
1652716454.804459, sdrt-health/mac:02010b41cdec/antenna/tag/e2806894000050038661fd4f, 83
1652716454.804947, sdrt-health/mac:02010b41cdec/antenna/tag/e2806894000050038662154f, 88
1652716454.84545, sdrt-health/mac:02010b41cdec/antenna/tag/e2806894000040038661f94f, 84
1652716454.875221, sdrt-health/mac:02010b41cdec/antenna/tag/e2806894000040038662054f, 94
1652716454.875677, sdrt-health/mac:02010b41cdec/antenna/tag/e2806894000050038662154f, 88
1652716454.904406, sdrt-health/mac:02010b41cdec/antenna/tag/e28068940000400386621d4f, 96
1652716454.963318, sdrt-health/mac:02010b41cdec/antenna/tag/e2806894000040038662114f, 91
1652716454.963782, sdrt-health/mac:02010b41cdec/antenna/tag/e2806894000050038661fd4f, 83
1652716454.977294, sdrt-health/mac:02010b41cdec/antenna/tag/e2806894000050038661fd4f, 83
1652716454.997145, sdrt-health/mac:02010b41cdec/antenna/tag/e2806894000050038662154f, 85
1652716455.044592, sdrt-health/mac:02010b41cdec/antenna/tag/e2806894000050038662194f, 83
1652716455.109007, sdrt-health/mac:02010b41cdec/antenna/tag/e2806894000040038662054f, 87
1652716455.109538, sdrt-health/mac:02010b41cdec/antenna/tag/e2806894000050038662154f, 85
1652716455.124415, sdrt-health/mac:02010b41cdec/antenna/tag/e2806894000040038662054f, 94
1652716455.124983, sdrt-health/mac:02010b41cdec/antenna/tag/e2806894000040038662214f, 81
1652716455.136334, sdrt-health/mac:02010b41cdec/antenna/tag/e2806894000050038662194f, 87
1652716455.195877, sdrt-health/mac:02010b41cdec/antenna/tag/e2806894000040038662114f, 91
1652716455.237886, sdrt-health/mac:02010b41cdec/antenna/tag/e2806894000040038662214f, 88
1652716455.284492, sdrt-health/mac:02010b41cdec/antenna/tag/e2806894000040038662214f, 88
1652716455.353358, sdrt-health/mac:02010b41cdec/antenna/tag/e28068940000400386621d4f, 77
1652716455.353833, sdrt-health/mac:02010b41cdec/antenna/tag/e2806894000050038662154f, 85
1652716455.369454, sdrt-health/mac:02010b41cdec/antenna/tag/e28068940000400386621d4f, 77
1652716455.375304, sdrt-health/mac:02010b41cdec/antenna/tag/e2806894000050038661fd4f, 97
1652716455.425663, sdrt-health/mac:02010b41cdec/antenna/tag/e2806894000040038662114f, 91
1652716455.481338, sdrt-health/mac:02010b41cdec/antenna/tag/e28068940000400386621d4f, 96
1652716455.481882, sdrt-health/mac:02010b41cdec/antenna/tag/e2806894000040038662114f, 91
1652716455.496154, sdrt-health/mac:02010b41cdec/antenna/tag/e2806894000040038662114f, 91
1652716455.527339, sdrt-health/mac:02010b41cdec/antenna/tag/e2806894000040038661f94f, 88
1652716455.566535, sdrt-health/mac:02010b41cdec/antenna/tag/e2806894000040038662214f, 88
1652716455.621247, sdrt-health/mac:02010b41cdec/antenna/tag/e2806894000050038662194f, 83
1652716455.621685, sdrt-health/mac:02010b41cdec/antenna/tag/e2806894000040038662114f, 91
1652716455.636516, sdrt-health/mac:02010b41cdec/antenna/tag/e2806894000050038661fd4f, 83
1652716455.680409, sdrt-health/mac:02010b41cdec/antenna/tag/e2806894000050038662154f, 85
1652716455.680678, sdrt-health/mac:02010b41cdec/antenna/tag/e2806894000040038662054f, 81
1652716455.710905, sdrt-health/mac:02010b41cdec/antenna/tag/e2806894000050038662194f, 83
1652716455.742076, sdrt-health/mac:02010b41cdec/antenna/tag/e28068940000400386621d4f, 90
1652716455.742542, sdrt-health/mac:02010b41cdec/antenna/tag/e2806894000040038661f94f, 84
1652716455.742867, sdrt-health/mac:02010b41cdec/antenna/tag/e2806894000050038662194f, 93
1652716455.764829, sdrt-health/mac:02010b41cdec/antenna/tag/e28068940000400386621d4f, 96
1652716455.847406, sdrt-health/mac:02010b41cdec/antenna/tag/e2806894000040038662054f, 82
1652716455.847986, sdrt-health/mac:02010b41cdec/antenna/tag/e2806894000050038661fd4f, 86
1652716455.88741, sdrt-health/mac:02010b41cdec/antenna/tag/e2806894000040038662054f, 81
1652716455.948998, sdrt-health/mac:02010b41cdec/antenna/tag/e28068940000400386621d4f, 96
1652716455.949475, sdrt-health/mac:02010b41cdec/antenna/tag/e2806894000040038662054f, 88
1652716455.981447, sdrt-health/mac:02010b41cdec/antenna/tag/e2806894000040038661f94f, 84
1652716456.026399, sdrt-health/mac:02010b41cdec/antenna/tag/e2806894000050038662154f, 85
1652716456.065683, sdrt-health/mac:02010b41cdec/antenna/tag/e2806894000050038661fd4f, 86
1652716456.104969, sdrt-health/mac:02010b41cdec/antenna/tag/e2806894000040038662054f, 94
1652716456.145485, sdrt-health/mac:02010b41cdec/antenna/tag/e2806894000040038662114f, 91
1652716456.213278, sdrt-health/mac:02010b41cdec/antenna/tag/e2806894000040038662114f, 91
1652716456.213839, sdrt-health/mac:02010b41cdec/antenna/tag/e28068940000400386621d4f, 96
1652716456.245273, sdrt-health/mac:02010b41cdec/antenna/tag/e2806894000050038662194f, 93
1652716456.311106, sdrt-health/mac:02010b41cdec/antenna/tag/e2806894000050038662154f, 88
1652716456.31137, sdrt-health/mac:02010b41cdec/antenna/tag/e28068940000400386621d4f, 96
1652716456.324744, sdrt-health/mac:02010b41cdec/antenna/tag/e2806894000050038662194f, 81
1652716456.336335, sdrt-health/mac:02010b41cdec/antenna/tag/e2806894000050038661fd4f, 83
1652716456.338645, sdrt-health/mac:02010b41cdec/antenna/tag/e2806894000040038662114f, 88
1652716456.385469, sdrt-health/mac:02010b41cdec/antenna/tag/e2806894000050038662154f, 88
1652716456.437765, sdrt-health/mac:02010b41cdec/antenna/tag/e2806894000050038662194f, 87
1652716456.502289, sdrt-health/mac:02010b41cdec/antenna/tag/e2806894000050038662154f, 88
1652716456.561986, sdrt-health/mac:02010b41cdec/antenna/tag/e2806894000050038662194f, 87
1652716456.562465, sdrt-health/mac:02010b41cdec/antenna/tag/e2806894000050038661fd4f, 83
1652716456.598383, sdrt-health/mac:02010b41cdec/antenna/tag/e2806894000050038661fd4f, 97
1652716456.628157, sdrt-health/mac:02010b41cdec/antenna/tag/e2806894000050038662154f, 85
1652716456.62851, sdrt-health/mac:02010b41cdec/antenna/tag/e2806894000040038662214f, 84
1652716456.628766, sdrt-health/mac:02010b41cdec/antenna/tag/e2806894000040038662114f, 91
1652716456.644245, sdrt-health/mac:02010b41cdec/antenna/tag/e2806894000040038661f94f, 88
1652716456.705115, sdrt-health/mac:02010b41cdec/antenna/tag/e2806894000050038662154f, 91
1652716456.746525, sdrt-health/mac:02010b41cdec/antenna/tag/e2806894000050038661fd4f, 86
1652716456.786576, sdrt-health/mac:02010b41cdec/antenna/tag/e2806894000050038661fd4f, 90
1652716456.827424, sdrt-health/mac:02010b41cdec/antenna/tag/e2806894000040038662114f, 91
1652716456.864999, sdrt-health/mac:02010b41cdec/antenna/tag/e28068940000500386620d4f, 84
1652716456.961894, sdrt-health/mac:02010b41cdec/antenna/tag/e2806894000040038662114f, 88
1652716456.962285, sdrt-health/mac:02010b41cdec/antenna/tag/e2806894000050038662154f, 91
1652716456.985525, sdrt-health/mac:02010b41cdec/antenna/tag/e2806894000050038662194f, 81
1652716457.039381, sdrt-health/mac:02010b41cdec/antenna/tag/e2806894000040038662114f, 91
1652716457.040049, sdrt-health/mac:02010b41cdec/antenna/tag/e2806894000050038662154f, 97
1652716457.040704, sdrt-health/mac:02010b41cdec/antenna/tag/e2806894000050038662194f, 81
1652716457.041078, sdrt-health/mac:02010b41cdec/antenna/tag/e2806894000040038662114f, 88
1652716457.078247, sdrt-health/mac:02010b41cdec/antenna/tag/e2806894000040038661f94f, 81
1652716457.135108, sdrt-health/mac:02010b41cdec/antenna/tag/e2806894000050038661fd4f, 86
1652716457.204373, sdrt-health/mac:02010b41cdec/antenna/tag/e28068940000400386621d4f, 96
1652716457.204842, sdrt-health/mac:02010b41cdec/antenna/tag/e2806894000040038662054f, 94
1652716457.221987, sdrt-health/mac:02010b41cdec/antenna/tag/e2806894000050038662154f, 88
1652716457.282946, sdrt-health/mac:02010b41cdec/antenna/tag/e2806894000050038662194f, 81
1652716457.283421, sdrt-health/mac:02010b41cdec/antenna/tag/e2806894000050038661fd4f, 90
1652716457.335765, sdrt-health/mac:02010b41cdec/antenna/tag/e2806894000050038661fd4f, 86
1652716457.364283, sdrt-health/mac:02010b41cdec/antenna/tag/e2806894000050038662154f, 88
1652716457.364472, sdrt-health/mac:02010b41cdec/antenna/tag/e2806894000040038662114f, 91
1652716457.36461, sdrt-health/mac:02010b41cdec/antenna/tag/e2806894000050038662194f, 85
1652716457.400541, sdrt-health/mac:02010b41cdec/antenna/tag/e2806894000040038662114f, 91
1652716457.432849, sdrt-health/mac:02010b41cdec/antenna/tag/e28068940000400386621d4f, 96
1652716457.433132, sdrt-health/mac:02010b41cdec/antenna/tag/e2806894000050038662154f, 91
1652716457.45171, sdrt-health/mac:02010b41cdec/antenna/tag/e2806894000050038662194f, 81
1652716457.479957, sdrt-health/mac:02010b41cdec/antenna/tag/e28068940000400386621d4f, 96
1652716457.480452, sdrt-health/mac:02010b41cdec/antenna/tag/e2806894000050038662194f, 83
1652716457.496797, sdrt-health/mac:02010b41cdec/antenna/tag/e2806894000040038662054f, 88
1652716457.557504, sdrt-health/mac:02010b41cdec/antenna/tag/e2806894000050038662194f, 87
1652716457.608777, sdrt-health/mac:02010b41cdec/antenna/tag/e2806894000050038662194f, 83
1652716457.639858, sdrt-health/mac:02010b41cdec/antenna/tag/e2806894000050038661fd4f, 83
1652716457.640409, sdrt-health/mac:02010b41cdec/antenna/tag/e2806894000040038662114f, 91
1652716457.640834, sdrt-health/mac:02010b41cdec/antenna/tag/e28068940000400386621d4f, 96
1652716457.657809, sdrt-health/mac:02010b41cdec/antenna/tag/e2806894000050038662154f, 91
1652716457.709965, sdrt-health/mac:02010b41cdec/antenna/tag/e2806894000050038662194f, 87
1652716457.710403, sdrt-health/mac:02010b41cdec/antenna/tag/e2806894000050038662194f, 81
1652716457.724658, sdrt-health/mac:02010b41cdec/antenna/tag/e2806894000050038662194f, 87
1652716457.735318, sdrt-health/mac:02010b41cdec/antenna/tag/e2806894000050038662194f, 85
1652716457.784908, sdrt-health/mac:02010b41cdec/antenna/tag/e2806894000040038662114f, 91
1652716457.785695, sdrt-health/mac:02010b41cdec/antenna/tag/e2806894000050038662194f, 87
1652716457.824629, sdrt-health/mac:02010b41cdec/antenna/tag/e2806894000050038661fd4f, 86
1652716457.877319, sdrt-health/mac:02010b41cdec/antenna/tag/e2806894000040038662114f, 85
1652716457.970915, sdrt-health/mac:02010b41cdec/antenna/tag/e2806894000050038662194f, 81
1652716457.99111, sdrt-health/mac:02010b41cdec/antenna/tag/e2806894000040038661f94f, 81
1652716458.040219, sdrt-health/mac:02010b41cdec/antenna/tag/e28068940000400386621d4f, 96
1652716458.106155, sdrt-health/mac:02010b41cdec/antenna/tag/e2806894000050038661fd4f, 86
1652716458.177458, sdrt-health/mac:02010b41cdec/antenna/tag/e2806894000040038662114f, 91
1652716458.262096, sdrt-health/mac:02010b41cdec/antenna/tag/e2806894000050038662194f, 88
1652716458.262592, sdrt-health/mac:02010b41cdec/antenna/tag/e2806894000050038662154f, 91
1652716458.315443, sdrt-health/mac:02010b41cdec/antenna/tag/e2806894000040038662114f, 91
1652716458.379432, sdrt-health/mac:02010b41cdec/antenna/tag/e2806894000050038661fd4f, 86
1652716458.379946, sdrt-health/mac:02010b41cdec/antenna/tag/e2806894000040038661f94f, 81
1652716458.38037, sdrt-health/mac:02010b41cdec/antenna/tag/e2806894000050038662154f, 88
1652716458.380745, sdrt-health/mac:02010b41cdec/antenna/tag/e28068940000400386621d4f, 96
1652716458.393608, sdrt-health/mac:02010b41cdec/antenna/tag/e28068940000400386621d4f, 96
1652716458.393836, sdrt-health/mac:02010b41cdec/antenna/tag/e2806894000040038662214f, 81
1652716458.451125, sdrt-health/mac:02010b41cdec/antenna/tag/e28068940000400386621d4f, 77
1652716458.509587, sdrt-health/mac:02010b41cdec/antenna/tag/e2806894000040038662054f, 81
1652716458.591317, sdrt-health/mac:02010b41cdec/antenna/tag/e28068940000400386621d4f, 77
1652716458.591863, sdrt-health/mac:02010b41cdec/antenna/tag/e2806894000050038662154f, 88
1652716458.641112, sdrt-health/mac:02010b41cdec/antenna/tag/e2806894000040038662114f, 88
1652716458.706967, sdrt-health/mac:02010b41cdec/antenna/tag/e2806894000050038661fd4f, 86
1652716458.707553, sdrt-health/mac:02010b41cdec/antenna/tag/e2806894000050038662194f, 93
1652716458.721263, sdrt-health/mac:02010b41cdec/antenna/tag/e2806894000050038661fd4f, 86
1652716458.778232, sdrt-health/mac:02010b41cdec/antenna/tag/e2806894000040038662114f, 83
1652716458.832511, sdrt-health/mac:02010b41cdec/antenna/tag/e2806894000040038662054f, 81
1652716458.833033, sdrt-health/mac:02010b41cdec/antenna/tag/e2806894000040038662054f, 81
1652716458.833375, sdrt-health/mac:02010b41cdec/antenna/tag/e2806894000040038662114f, 97
1652716458.83375, sdrt-health/mac:02010b41cdec/antenna/tag/e2806894000050038661fd4f, 83
1652716458.846713, sdrt-health/mac:02010b41cdec/antenna/tag/e2806894000050038661fd4f, 86
1652716458.935818, sdrt-health/mac:02010b41cdec/antenna/tag/e2806894000040038662054f, 84
1652716459.012386, sdrt-health/mac:02010b41cdec/antenna/tag/e2806894000040038661f94f, 82
1652716459.012717, sdrt-health/mac:02010b41cdec/antenna/tag/e2806894000040038662054f, 84
1652716459.064457, sdrt-health/mac:02010b41cdec/antenna/tag/e2806894000040038662114f, 88
1652716459.067207, sdrt-health/mac:02010b41cdec/antenna/tag/e2806894000040038662214f, 81
1652716459.12863, sdrt-health/mac:02010b41cdec/antenna/tag/e2806894000050038661fd4f, 86
1652716459.198279, sdrt-health/mac:02010b41cdec/antenna/tag/e2806894000050038662194f, 87
1652716459.198546, sdrt-health/mac:02010b41cdec/antenna/tag/e2806894000040038662114f, 88
1652716459.198735, sdrt-health/mac:02010b41cdec/antenna/tag/e2806894000050038662154f, 97
1652716459.198875, sdrt-health/mac:02010b41cdec/antenna/tag/e28068940000400386621d4f, 96
1652716459.199044, sdrt-health/mac:02010b41cdec/antenna/tag/e2806894000050038661fd4f, 86
1652716459.199239, sdrt-health/mac:02010b41cdec/antenna/tag/e2806894000040038662114f, 91
1652716459.213465, sdrt-health/mac:02010b41cdec/antenna/tag/e28068940000400386621d4f, 77
1652716459.223109, sdrt-health/mac:02010b41cdec/antenna/tag/e2806894000040038662114f, 85
1652716459.275413, sdrt-health/mac:02010b41cdec/antenna/tag/e2806894000050038662154f, 91
1652716459.339539, sdrt-health/mac:02010b41cdec/antenna/tag/e2806894000040038662214f, 94
1652716459.37294, sdrt-health/mac:02010b41cdec/antenna/tag/e2806894000040038662054f, 88
1652716459.373303, sdrt-health/mac:02010b41cdec/antenna/tag/e2806894000050038662154f, 88
1652716459.373525, sdrt-health/mac:02010b41cdec/antenna/tag/e2806894000040038662114f, 91
1652716459.387054, sdrt-health/mac:02010b41cdec/antenna/tag/e2806894000050038661fd4f, 83
1652716459.407131, sdrt-health/mac:02010b41cdec/antenna/tag/e2806894000050038662154f, 88
1652716459.46607, sdrt-health/mac:02010b41cdec/antenna/tag/e2806894000050038662154f, 91
1652716459.540781, sdrt-health/mac:02010b41cdec/antenna/tag/e2806894000040038662114f, 88
1652716459.603488, sdrt-health/mac:02010b41cdec/antenna/tag/e28068940000400386621d4f, 77
1652716459.603713, sdrt-health/mac:02010b41cdec/antenna/tag/e2806894000050038661fd4f, 90
1652716459.603834, sdrt-health/mac:02010b41cdec/antenna/tag/e2806894000040038662114f, 91
1652716459.619676, sdrt-health/mac:02010b41cdec/antenna/tag/e2806894000040038661f94f, 81
1652716459.619883, sdrt-health/mac:02010b41cdec/antenna/tag/e2806894000040038662054f, 81
1652716459.741785, sdrt-health/mac:02010b41cdec/antenna/tag/e2806894000040038661f94f, 81
1652716460.066783, sdrt-health/mac:02010b41cdec/antenna/tag/e2806894000050038661fd4f, 90
1652716460.095714, sdrt-health/mac:02010b41cdec/antenna/tag/e2806894000040038662114f, 91
1652716460.095915, sdrt-health/mac:02010b41cdec/antenna/tag/e2806894000040038661f94f, 94
1652716460.111101, sdrt-health/mac:02010b41cdec/antenna/tag/e2806894000040038662054f, 84
1652716460.111308, sdrt-health/mac:02010b41cdec/antenna/tag/e2806894000040038662114f, 88
1652716460.111437, sdrt-health/mac:02010b41cdec/antenna/tag/e28068940000400386621d4f, 96
1652716460.111555, sdrt-health/mac:02010b41cdec/antenna/tag/e2806894000050038662154f, 88
1652716460.111679, sdrt-health/mac:02010b41cdec/antenna/tag/e2806894000040038662114f, 91
1652716460.111853, sdrt-health/mac:02010b41cdec/antenna/tag/e2806894000040038661f94f, 84
1652716460.111983, sdrt-health/mac:02010b41cdec/antenna/tag/e28068940000400386621d4f, 96
1652716460.1121, sdrt-health/mac:02010b41cdec/antenna/tag/e2806894000050038661fd4f, 90
1652716460.112263, sdrt-health/mac:02010b41cdec/antenna/tag/e28068940000400386621d4f, 96
1652716460.112421, sdrt-health/mac:02010b41cdec/antenna/tag/e2806894000040038662114f, 91
1652716460.112582, sdrt-health/mac:02010b41cdec/antenna/tag/e2806894000050038662154f, 88
1652716460.173047, sdrt-health/mac:02010b41cdec/antenna/tag/e2806894000040038662054f, 81
1652716460.20311, sdrt-health/mac:02010b41cdec/antenna/tag/e2806894000050038661fd4f, 86
1652716460.203348, sdrt-health/mac:02010b41cdec/antenna/tag/e2806894000040038662114f, 91
1652716460.217317, sdrt-health/mac:02010b41cdec/antenna/tag/e2806894000050038661fd4f, 97
1652716460.27909, sdrt-health/mac:02010b41cdec/antenna/tag/e28068940000400386621d4f, 77
1652716460.305581, sdrt-health/mac:02010b41cdec/antenna/tag/e2806894000050038662194f, 81
1652716460.305932, sdrt-health/mac:02010b41cdec/antenna/tag/e2806894000050038662194f, 83
1652716460.334256, sdrt-health/mac:02010b41cdec/antenna/tag/e2806894000050038662154f, 85
1652716460.363006, sdrt-health/mac:02010b41cdec/antenna/tag/e2806894000040038662214f, 94
1652716460.363265, sdrt-health/mac:02010b41cdec/antenna/tag/e2806894000050038662154f, 85
1652716460.363398, sdrt-health/mac:02010b41cdec/antenna/tag/e28068940000400386621d4f, 77
1652716460.398903, sdrt-health/mac:02010b41cdec/antenna/tag/e2806894000050038662194f, 81
1652716460.399423, sdrt-health/mac:02010b41cdec/antenna/tag/e2806894000050038661fd4f, 97
1652716460.41411, sdrt-health/mac:02010b41cdec/antenna/tag/e2806894000040038661f94f, 84
1652716460.46388, sdrt-health/mac:02010b41cdec/antenna/tag/e2806894000050038662194f, 81
1652716460.52091, sdrt-health/mac:02010b41cdec/antenna/tag/e2806894000050038662194f, 93
1652716460.599903, sdrt-health/mac:02010b41cdec/antenna/tag/e2806894000050038661fd4f, 86
1652716460.600423, sdrt-health/mac:02010b41cdec/antenna/tag/e2806894000040038662114f, 91
1652716460.629252, sdrt-health/mac:02010b41cdec/antenna/tag/e28068940000400386621d4f, 96
1652716460.658499, sdrt-health/mac:02010b41cdec/antenna/tag/e2806894000050038662154f, 91
1652716460.658999, sdrt-health/mac:02010b41cdec/antenna/tag/e2806894000040038661f94f, 94
1652716460.679664, sdrt-health/mac:02010b41cdec/antenna/tag/e2806894000040038662114f, 91
1652716460.794299, sdrt-health/mac:02010b41cdec/antenna/tag/e2806894000050038662194f, 81
1652716460.79455, sdrt-health/mac:02010b41cdec/antenna/tag/e2806894000050038662194f, 93
1652716460.866238, sdrt-health/mac:02010b41cdec/antenna/tag/e28068940000400386621d4f, 96
1652716460.894761, sdrt-health/mac:02010b41cdec/antenna/tag/e2806894000040038662114f, 97
1652716460.895026, sdrt-health/mac:02010b41cdec/antenna/tag/e2806894000050038661fd4f, 83
1652716460.895199, sdrt-health/mac:02010b41cdec/antenna/tag/e2806894000050038662154f, 85
1652716460.908717, sdrt-health/mac:02010b41cdec/antenna/tag/e2806894000040038661f94f, 88
1652716460.909145, sdrt-health/mac:02010b41cdec/antenna/tag/e2806894000050038662194f, 87
1652716460.946299, sdrt-health/mac:02010b41cdec/antenna/tag/e28068940000400386621d4f, 77
1652716460.97726, sdrt-health/mac:02010b41cdec/antenna/tag/e2806894000050038661fd4f, 97
1652716460.977493, sdrt-health/mac:02010b41cdec/antenna/tag/e2806894000040038662114f, 88
1652716461.006063, sdrt-health/mac:02010b41cdec/antenna/tag/e28068940000400386621d4f, 96
1652716461.044907, sdrt-health/mac:02010b41cdec/antenna/tag/e2806894000050038661fd4f, 86
1652716461.118158, sdrt-health/mac:02010b41cdec/antenna/tag/e2806894000050038662194f, 82
1652716461.181933, sdrt-health/mac:02010b41cdec/antenna/tag/e2806894000040038661f94f, 81
1652716461.260609, sdrt-health/mac:02010b41cdec/antenna/tag/e2806894000050038661fd4f, 86
1652716461.307314, sdrt-health/mac:02010b41cdec/antenna/tag/e2806894000040038662214f, 81
1652716461.35034, sdrt-health/mac:02010b41cdec/antenna/tag/e28068940000400386621d4f, 96
1652716461.350589, sdrt-health/mac:02010b41cdec/antenna/tag/e2806894000050038662154f, 91
1652716461.350714, sdrt-health/mac:02010b41cdec/antenna/tag/e2806894000050038662194f, 85
1652716461.379114, sdrt-health/mac:02010b41cdec/antenna/tag/e2806894000040038662214f, 94
1652716461.409734, sdrt-health/mac:02010b41cdec/antenna/tag/e2806894000040038662214f, 88
1652716461.409931, sdrt-health/mac:02010b41cdec/antenna/tag/e28068940000400386621d4f, 77
1652716461.460259, sdrt-health/mac:02010b41cdec/antenna/tag/e2806894000050038662154f, 97
1652716461.490234, sdrt-health/mac:02010b41cdec/antenna/tag/e2806894000040038662114f, 91
1652716461.490505, sdrt-health/mac:02010b41cdec/antenna/tag/e28068940000400386621d4f, 96
1652716461.527911, sdrt-health/mac:02010b41cdec/antenna/tag/e2806894000050038661fd4f, 86
1652716461.585878, sdrt-health/mac:02010b41cdec/antenna/tag/e2806894000050038662154f, 85
1652716461.614436, sdrt-health/mac:02010b41cdec/antenna/tag/e2806894000040038662054f, 82
1652716461.614645, sdrt-health/mac:02010b41cdec/antenna/tag/e2806894000040038662214f, 81
1652716461.645375, sdrt-health/mac:02010b41cdec/antenna/tag/e2806894000050038662154f, 85
1652716461.69438, sdrt-health/mac:02010b41cdec/antenna/tag/e2806894000050038662194f, 93
1652716461.738557, sdrt-health/mac:02010b41cdec/antenna/tag/e2806894000040038662114f, 88
1652716461.813163, sdrt-health/mac:02010b41cdec/antenna/tag/e2806894000050038662194f, 83
1652716461.813426, sdrt-health/mac:02010b41cdec/antenna/tag/e2806894000040038662054f, 84
1652716461.827472, sdrt-health/mac:02010b41cdec/antenna/tag/e2806894000040038662214f, 94
1652716461.827753, sdrt-health/mac:02010b41cdec/antenna/tag/e2806894000050038662154f, 88
1652716461.853859, sdrt-health/mac:02010b41cdec/antenna/tag/e2806894000040038661f94f, 84
1652716461.882693, sdrt-health/mac:02010b41cdec/antenna/tag/e2806894000040038662114f, 91
1652716461.882898, sdrt-health/mac:02010b41cdec/antenna/tag/e2806894000050038662154f, 85
1652716461.902645, sdrt-health/mac:02010b41cdec/antenna/tag/e2806894000040038662114f, 91
1652716461.963219, sdrt-health/mac:02010b41cdec/antenna/tag/e2806894000050038661fd4f, 83
1652716461.963488, sdrt-health/mac:02010b41cdec/antenna/tag/e2806894000050038662154f, 88
1652716461.978553, sdrt-health/mac:02010b41cdec/antenna/tag/e2806894000050038662194f, 87
1652716461.99686, sdrt-health/mac:02010b41cdec/antenna/tag/e28068940000400386621d4f, 96
1652716461.997917, sdrt-health/mac:02010b41cdec/antenna/tag/e2806894000050038661fd4f, 83
1652716462.05707, sdrt-health/mac:02010b41cdec/antenna/tag/e2806894000040038661f94f, 110
1652716462.090667, sdrt-health/mac:02010b41cdec/antenna/tag/e2806894000050038662154f, 88
1652716462.090941, sdrt-health/mac:02010b41cdec/antenna/tag/e2806894000040038662214f, 84
1652716462.09115, sdrt-health/mac:02010b41cdec/antenna/tag/e2806894000040038662114f, 88
1652716462.13576, sdrt-health/mac:02010b41cdec/antenna/tag/e2806894000050038662154f, 88
1652716462.183488, sdrt-health/mac:02010b41cdec/antenna/tag/e2806894000050038661fd4f, 86
1652716462.249706, sdrt-health/mac:02010b41cdec/antenna/tag/e28068940000400386621d4f, 96
1652716462.249973, sdrt-health/mac:02010b41cdec/antenna/tag/e2806894000050038662154f, 88
1652716462.264402, sdrt-health/mac:02010b41cdec/antenna/tag/e28068940000400386621d4f, 96
1652716462.299998, sdrt-health/mac:02010b41cdec/antenna/tag/e2806894000050038662194f, 81
1652716462.370819, sdrt-health/mac:02010b41cdec/antenna/tag/e2806894000040038662054f, 81
1652716462.371135, sdrt-health/mac:02010b41cdec/antenna/tag/e2806894000050038662154f, 88
1652716462.385058, sdrt-health/mac:02010b41cdec/antenna/tag/e2806894000050038661fd4f, 86
1652716462.417264, sdrt-health/mac:02010b41cdec/antenna/tag/e2806894000040038662054f, 84
1652716462.417519, sdrt-health/mac:02010b41cdec/antenna/tag/e2806894000040038662214f, 84
1652716462.473178, sdrt-health/mac:02010b41cdec/antenna/tag/e2806894000040038662114f, 88
1652716462.52894, sdrt-health/mac:02010b41cdec/antenna/tag/e2806894000050038661fd4f, 83
1652716462.556031, sdrt-health/mac:02010b41cdec/antenna/tag/e2806894000040038662054f, 84
1652716462.556426, sdrt-health/mac:02010b41cdec/antenna/tag/e2806894000040038662114f, 88
1652716462.556744, sdrt-health/mac:02010b41cdec/antenna/tag/e2806894000040038661f94f, 84
1652716462.575743, sdrt-health/mac:02010b41cdec/antenna/tag/e2806894000050038662154f, 91
1652716462.634265, sdrt-health/mac:02010b41cdec/antenna/tag/e2806894000040038662054f, 81
1652716462.636298, sdrt-health/mac:02010b41cdec/antenna/tag/e2806894000040038661f94f, 81
1652716462.67776, sdrt-health/mac:02010b41cdec/antenna/tag/e2806894000040038662054f, 88
1652716462.725254, sdrt-health/mac:02010b41cdec/antenna/tag/e2806894000050038662154f, 88
1652716462.77386, sdrt-health/mac:02010b41cdec/antenna/tag/e2806894000040038662114f, 91
1652716462.814706, sdrt-health/mac:02010b41cdec/antenna/tag/e2806894000050038661fd4f, 83
1652716462.881404, sdrt-health/mac:02010b41cdec/antenna/tag/e2806894000040038662054f, 94
1652716462.951311, sdrt-health/mac:02010b41cdec/antenna/tag/e2806894000050038661fd4f, 83
1652716462.951556, sdrt-health/mac:02010b41cdec/antenna/tag/e2806894000050038662194f, 81
1652716462.964305, sdrt-health/mac:02010b41cdec/antenna/tag/e2806894000040038662214f, 82
1652716462.964536, sdrt-health/mac:02010b41cdec/antenna/tag/e2806894000040038661f94f, 88
1652716462.998448, sdrt-health/mac:02010b41cdec/antenna/tag/e2806894000050038662154f, 91
1652716463.031549, sdrt-health/mac:02010b41cdec/antenna/tag/e2806894000040038662114f, 88
1652716463.031768, sdrt-health/mac:02010b41cdec/antenna/tag/e2806894000050038662194f, 83
1652716463.046298, sdrt-health/mac:02010b41cdec/antenna/tag/e2806894000050038662154f, 88
1652716463.046532, sdrt-health/mac:02010b41cdec/antenna/tag/e2806894000050038662194f, 87
1652716463.113308, sdrt-health/mac:02010b41cdec/antenna/tag/e2806894000040038662114f, 88
1652716463.171281, sdrt-health/mac:02010b41cdec/antenna/tag/e2806894000050038662194f, 83
1652716463.171689, sdrt-health/mac:02010b41cdec/antenna/tag/e2806894000050038661fd4f, 83
1652716463.185073, sdrt-health/mac:02010b41cdec/antenna/tag/e2806894000050038662154f, 85
1652716463.224646, sdrt-health/mac:02010b41cdec/antenna/tag/e2806894000050038662154f, 97
1652716463.274072, sdrt-health/mac:02010b41cdec/antenna/tag/e2806894000040038662114f, 88
1652716463.317556, sdrt-health/mac:02010b41cdec/antenna/tag/e2806894000040038662054f, 88
1652716463.373278, sdrt-health/mac:02010b41cdec/antenna/tag/e2806894000040038662214f, 88
1652716463.373934, sdrt-health/mac:02010b41cdec/antenna/tag/e2806894000050038661fd4f, 97
1652716463.426037, sdrt-health/mac:02010b41cdec/antenna/tag/e2806894000050038662154f, 88
1652716463.479073, sdrt-health/mac:02010b41cdec/antenna/tag/e2806894000040038662054f, 81
1652716463.537556, sdrt-health/mac:02010b41cdec/antenna/tag/e2806894000050038662194f, 83
1652716463.537976, sdrt-health/mac:02010b41cdec/antenna/tag/e2806894000050038661fd4f, 90
1652716463.55343, sdrt-health/mac:02010b41cdec/antenna/tag/e2806894000040038662114f, 91
1652716463.575829, sdrt-health/mac:02010b41cdec/antenna/tag/e2806894000050038661fd4f, 90
1652716463.625854, sdrt-health/mac:02010b41cdec/antenna/tag/e2806894000040038662114f, 91
1652716463.665552, sdrt-health/mac:02010b41cdec/antenna/tag/e2806894000040038662054f, 94
1652716463.694641, sdrt-health/mac:02010b41cdec/antenna/tag/e2806894000040038662054f, 84
1652716463.694851, sdrt-health/mac:02010b41cdec/antenna/tag/e2806894000050038662194f, 81
1652716463.710211, sdrt-health/mac:02010b41cdec/antenna/tag/e2806894000050038661fd4f, 86
1652716463.75447, sdrt-health/mac:02010b41cdec/antenna/tag/e28068940000400386621d4f, 96
1652716463.812106, sdrt-health/mac:02010b41cdec/antenna/tag/e2806894000050038661fd4f, 86
1652716463.812419, sdrt-health/mac:02010b41cdec/antenna/tag/e2806894000050038661fd4f, 86
1652716463.826358, sdrt-health/mac:02010b41cdec/antenna/tag/e2806894000050038662194f, 93
1652716463.838241, sdrt-health/mac:02010b41cdec/antenna/tag/e28068940000400386621d4f, 96
1652716463.903535, sdrt-health/mac:02010b41cdec/antenna/tag/e2806894000050038662154f, 88
1652716463.973885, sdrt-health/mac:02010b41cdec/antenna/tag/e2806894000050038662194f, 83
1652716464.026424, sdrt-health/mac:02010b41cdec/antenna/tag/e2806894000040038662214f, 84
1652716464.090484, sdrt-health/mac:02010b41cdec/antenna/tag/e2806894000040038662214f, 94
1652716464.090943, sdrt-health/mac:02010b41cdec/antenna/tag/e2806894000050038662154f, 85
1652716464.091347, sdrt-health/mac:02010b41cdec/antenna/tag/e28068940000400386621d4f, 77
1652716464.105556, sdrt-health/mac:02010b41cdec/antenna/tag/e28068940000400386621d4f, 77
1652716464.106049, sdrt-health/mac:02010b41cdec/antenna/tag/e2806894000050038661fd4f, 86
1652716464.143864, sdrt-health/mac:02010b41cdec/antenna/tag/e2806894000050038662154f, 91
1652716464.172466, sdrt-health/mac:02010b41cdec/antenna/tag/e2806894000050038662194f, 81
1652716464.172658, sdrt-health/mac:02010b41cdec/antenna/tag/e2806894000040038662114f, 88
1652716464.187322, sdrt-health/mac:02010b41cdec/antenna/tag/e28068940000400386621d4f, 77
1652716464.217742, sdrt-health/mac:02010b41cdec/antenna/tag/e2806894000040038662114f, 88
1652716464.217973, sdrt-health/mac:02010b41cdec/antenna/tag/e2806894000050038661fd4f, 86
1652716464.218095, sdrt-health/mac:02010b41cdec/antenna/tag/e2806894000040038662114f, 88
1652716464.218206, sdrt-health/mac:02010b41cdec/antenna/tag/e2806894000050038662154f, 88
1652716464.23387, sdrt-health/mac:02010b41cdec/antenna/tag/e2806894000050038662154f, 88
1652716464.296432, sdrt-health/mac:02010b41cdec/antenna/tag/e2806894000050038661fd4f, 86
1652716464.324894, sdrt-health/mac:02010b41cdec/antenna/tag/e2806894000050038662194f, 85
1652716464.325087, sdrt-health/mac:02010b41cdec/antenna/tag/e2806894000050038662194f, 87
1652716464.345166, sdrt-health/mac:02010b41cdec/antenna/tag/e2806894000050038661fd4f, 86
1652716464.453409, sdrt-health/mac:02010b41cdec/antenna/tag/e28068940000400386621d4f, 96
1652716464.453833, sdrt-health/mac:02010b41cdec/antenna/tag/e2806894000050038662194f, 83
1652716464.542181, sdrt-health/mac:02010b41cdec/antenna/tag/e2806894000050038662154f, 91
1652716464.572281, sdrt-health/mac:02010b41cdec/antenna/tag/e2806894000050038662154f, 97
1652716464.572505, sdrt-health/mac:02010b41cdec/antenna/tag/e2806894000050038662194f, 81
1652716464.602515, sdrt-health/mac:02010b41cdec/antenna/tag/e2806894000040038662114f, 97
1652716464.630821, sdrt-health/mac:02010b41cdec/antenna/tag/e2806894000040038661f94f, 94
1652716464.63107, sdrt-health/mac:02010b41cdec/antenna/tag/e2806894000050038662154f, 91
1652716464.631206, sdrt-health/mac:02010b41cdec/antenna/tag/e2806894000050038661fd4f, 90
1652716464.661363, sdrt-health/mac:02010b41cdec/antenna/tag/e28068940000400386621d4f, 96
1652716464.704464, sdrt-health/mac:02010b41cdec/antenna/tag/e2806894000040038662114f, 91
1652716464.745139, sdrt-health/mac:02010b41cdec/antenna/tag/e2806894000050038662154f, 85
1652716464.785444, sdrt-health/mac:02010b41cdec/antenna/tag/e2806894000040038662114f, 91
1652716464.854722, sdrt-health/mac:02010b41cdec/antenna/tag/e2806894000040038661f94f, 94
1652716464.854968, sdrt-health/mac:02010b41cdec/antenna/tag/e2806894000050038662194f, 82
1652716464.868575, sdrt-health/mac:02010b41cdec/antenna/tag/e2806894000050038662154f, 88
1652716464.890027, sdrt-health/mac:02010b41cdec/antenna/tag/e2806894000040038662114f, 88
1652716464.974003, sdrt-health/mac:02010b41cdec/antenna/tag/e2806894000040038662214f, 94
1652716464.974414, sdrt-health/mac:02010b41cdec/antenna/tag/e2806894000050038662194f, 88
1652716464.988086, sdrt-health/mac:02010b41cdec/antenna/tag/e28068940000400386621d4f, 77
1652716465.037741, sdrt-health/mac:02010b41cdec/antenna/tag/e2806894000050038661fd4f, 83
1652716465.038114, sdrt-health/mac:02010b41cdec/antenna/tag/e2806894000040038662054f, 81
1652716465.120996, sdrt-health/mac:02010b41cdec/antenna/tag/e2806894000050038662194f, 83
1652716465.216243, sdrt-health/mac:02010b41cdec/antenna/tag/e2806894000050038662154f, 91
1652716465.216611, sdrt-health/mac:02010b41cdec/antenna/tag/e2806894000050038662154f, 91
1652716465.23083, sdrt-health/mac:02010b41cdec/antenna/tag/e2806894000040038662054f, 81
1652716465.256138, sdrt-health/mac:02010b41cdec/antenna/tag/e2806894000040038662054f, 94
1652716465.286751, sdrt-health/mac:02010b41cdec/antenna/tag/e2806894000050038661fd4f, 86
1652716465.286985, sdrt-health/mac:02010b41cdec/antenna/tag/e2806894000050038662194f, 87
1652716465.307751, sdrt-health/mac:02010b41cdec/antenna/tag/e28068940000400386621d4f, 96
1652716465.355532, sdrt-health/mac:02010b41cdec/antenna/tag/e2806894000050038662194f, 93
1652716465.429571, sdrt-health/mac:02010b41cdec/antenna/tag/e28068940000400386621d4f, 96
1652716465.429796, sdrt-health/mac:02010b41cdec/antenna/tag/e2806894000040038662214f, 81
1652716465.454003, sdrt-health/mac:02010b41cdec/antenna/tag/e2806894000040038662054f, 94
1652716465.513345, sdrt-health/mac:02010b41cdec/antenna/tag/e28068940000400386621d4f, 77
1652716465.543693, sdrt-health/mac:02010b41cdec/antenna/tag/e2806894000050038662154f, 85
1652716465.543911, sdrt-health/mac:02010b41cdec/antenna/tag/e2806894000040038662114f, 88
1652716465.571467, sdrt-health/mac:02010b41cdec/antenna/tag/e2806894000050038662194f, 87
1652716465.639844, sdrt-health/mac:02010b41cdec/antenna/tag/e2806894000050038661fd4f, 90
1652716465.640267, sdrt-health/mac:02010b41cdec/antenna/tag/e2806894000040038662114f, 88
1652716465.654782, sdrt-health/mac:02010b41cdec/antenna/tag/e28068940000400386621d4f, 96
1652716465.655234, sdrt-health/mac:02010b41cdec/antenna/tag/e2806894000040038662114f, 91
1652716465.675782, sdrt-health/mac:02010b41cdec/antenna/tag/e2806894000050038662194f, 87
1652716465.73556, sdrt-health/mac:02010b41cdec/antenna/tag/e2806894000040038662114f, 88
1652716465.789349, sdrt-health/mac:02010b41cdec/antenna/tag/e2806894000050038661fd4f, 86
1652716465.789821, sdrt-health/mac:02010b41cdec/antenna/tag/e2806894000050038662154f, 91
1652716465.825097, sdrt-health/mac:02010b41cdec/antenna/tag/e2806894000040038662214f, 94
1652716465.852204, sdrt-health/mac:02010b41cdec/antenna/tag/e2806894000050038662154f, 85
1652716465.852416, sdrt-health/mac:02010b41cdec/antenna/tag/e2806894000040038661f94f, 94
1652716465.877534, sdrt-health/mac:02010b41cdec/antenna/tag/e2806894000050038662194f, 87
1652716465.975176, sdrt-health/mac:02010b41cdec/antenna/tag/e2806894000040038662214f, 94
1652716465.975586, sdrt-health/mac:02010b41cdec/antenna/tag/e2806894000050038662154f, 97
1652716466.005348, sdrt-health/mac:02010b41cdec/antenna/tag/e2806894000040038662114f, 88
1652716466.006456, sdrt-health/mac:02010b41cdec/antenna/tag/e2806894000050038661fd4f, 86
1652716466.019624, sdrt-health/mac:02010b41cdec/antenna/tag/e2806894000040038662214f, 88
1652716466.062211, sdrt-health/mac:02010b41cdec/antenna/tag/e2806894000050038662154f, 91
1652716466.10538, sdrt-health/mac:02010b41cdec/antenna/tag/e2806894000040038661f94f, 88
1652716466.157955, sdrt-health/mac:02010b41cdec/antenna/tag/e2806894000050038662194f, 81
1652716466.15815, sdrt-health/mac:02010b41cdec/antenna/tag/e28068940000400386621d4f, 96
1652716466.223536, sdrt-health/mac:02010b41cdec/antenna/tag/e2806894000040038661f94f, 81
1652716466.265843, sdrt-health/mac:02010b41cdec/antenna/tag/e2806894000040038662054f, 83
1652716466.293695, sdrt-health/mac:02010b41cdec/antenna/tag/e28068940000400386621d4f, 96
1652716466.29392, sdrt-health/mac:02010b41cdec/antenna/tag/e2806894000040038662054f, 82
1652716466.344279, sdrt-health/mac:02010b41cdec/antenna/tag/e28068940000400386621d4f, 77
1652716466.387099, sdrt-health/mac:02010b41cdec/antenna/tag/e2806894000050038662154f, 88
1652716466.451466, sdrt-health/mac:02010b41cdec/antenna/tag/e28068940000400386621d4f, 96
1652716466.451811, sdrt-health/mac:02010b41cdec/antenna/tag/e2806894000040038662114f, 88
1652716466.494217, sdrt-health/mac:02010b41cdec/antenna/tag/e2806894000040038662114f, 97
1652716466.558329, sdrt-health/mac:02010b41cdec/antenna/tag/e2806894000050038661fd4f, 90
1652716466.558862, sdrt-health/mac:02010b41cdec/antenna/tag/e2806894000040038662054f, 88
1652716466.615136, sdrt-health/mac:02010b41cdec/antenna/tag/e2806894000050038662194f, 87
1652716466.678029, sdrt-health/mac:02010b41cdec/antenna/tag/e2806894000050038661fd4f, 86
1652716466.678786, sdrt-health/mac:02010b41cdec/antenna/tag/e2806894000040038662054f, 81
1652716466.693187, sdrt-health/mac:02010b41cdec/antenna/tag/e2806894000050038662194f, 87
1652716466.724463, sdrt-health/mac:02010b41cdec/antenna/tag/e2806894000040038662214f, 88
1652716466.767279, sdrt-health/mac:02010b41cdec/antenna/tag/e2806894000050038662154f, 88
1652716466.839101, sdrt-health/mac:02010b41cdec/antenna/tag/e2806894000040038662214f, 81
1652716466.886134, sdrt-health/mac:02010b41cdec/antenna/tag/e28068940000400386621d4f, 77
1652716466.959417, sdrt-health/mac:02010b41cdec/antenna/tag/e2806894000050038662154f, 83
1652716466.959802, sdrt-health/mac:02010b41cdec/antenna/tag/e2806894000040038661f94f, 82
1652716466.960107, sdrt-health/mac:02010b41cdec/antenna/tag/e2806894000050038661fd4f, 83
1652716466.984939, sdrt-health/mac:02010b41cdec/antenna/tag/e2806894000040038662114f, 88
1652716467.049194, sdrt-health/mac:02010b41cdec/antenna/tag/e28068940000400386621d4f, 96
1652716467.049444, sdrt-health/mac:02010b41cdec/antenna/tag/e28068940000400386621d4f, 77
1652716467.065046, sdrt-health/mac:02010b41cdec/antenna/tag/e2806894000040038662114f, 88
1652716467.104087, sdrt-health/mac:02010b41cdec/antenna/tag/e28068940000400386621d4f, 96
1652716467.160165, sdrt-health/mac:02010b41cdec/antenna/tag/e2806894000050038662154f, 88
1652716467.221154, sdrt-health/mac:02010b41cdec/antenna/tag/e2806894000040038661f94f, 81
1652716467.221368, sdrt-health/mac:02010b41cdec/antenna/tag/e2806894000050038662154f, 91
1652716467.264912, sdrt-health/mac:02010b41cdec/antenna/tag/e2806894000050038662194f, 93
1652716467.302858, sdrt-health/mac:02010b41cdec/antenna/tag/e2806894000040038662054f, 94
1652716467.303105, sdrt-health/mac:02010b41cdec/antenna/tag/e2806894000050038662194f, 87
1652716467.318006, sdrt-health/mac:02010b41cdec/antenna/tag/e2806894000050038661fd4f, 86
1652716467.318225, sdrt-health/mac:02010b41cdec/antenna/tag/e28068940000400386621d4f, 96
1652716467.318361, sdrt-health/mac:02010b41cdec/antenna/tag/e2806894000050038662154f, 88
1652716467.411394, sdrt-health/mac:02010b41cdec/antenna/tag/e28068940000400386621d4f, 77
1652716467.478144, sdrt-health/mac:02010b41cdec/antenna/tag/e2806894000050038662194f, 87
1652716467.526135, sdrt-health/mac:02010b41cdec/antenna/tag/e2806894000050038662154f, 91
1652716467.58502, sdrt-health/mac:02010b41cdec/antenna/tag/e2806894000050038662194f, 93
1652716467.655886, sdrt-health/mac:02010b41cdec/antenna/tag/e2806894000040038662114f, 97
1652716467.656187, sdrt-health/mac:02010b41cdec/antenna/tag/e2806894000040038662114f, 88
1652716467.656352, sdrt-health/mac:02010b41cdec/antenna/tag/e2806894000050038662014f, 82
1652716467.696177, sdrt-health/mac:02010b41cdec/antenna/tag/e2806894000050038662194f, 94
1652716467.727644, sdrt-health/mac:02010b41cdec/antenna/tag/e2806894000050038661fd4f, 86
1652716467.727879, sdrt-health/mac:02010b41cdec/antenna/tag/e2806894000050038662194f, 88
1652716467.743315, sdrt-health/mac:02010b41cdec/antenna/tag/e28068940000400386621d4f, 96
1652716467.800297, sdrt-health/mac:02010b41cdec/antenna/tag/e2806894000050038662154f, 88
1652716467.855619, sdrt-health/mac:02010b41cdec/antenna/tag/e28068940000400386621d4f, 96
1652716467.911698, sdrt-health/mac:02010b41cdec/antenna/tag/e2806894000050038661fd4f, 83
1652716467.976073, sdrt-health/mac:02010b41cdec/antenna/tag/e2806894000050038662154f, 85
1652716467.976283, sdrt-health/mac:02010b41cdec/antenna/tag/e2806894000050038661fd4f, 86
1652716467.990681, sdrt-health/mac:02010b41cdec/antenna/tag/e2806894000050038662154f, 83
1652716468.004729, sdrt-health/mac:02010b41cdec/antenna/tag/e2806894000050038662194f, 81
1652716468.046398, sdrt-health/mac:02010b41cdec/antenna/tag/e2806894000050038662194f, 81
1652716468.1109, sdrt-health/mac:02010b41cdec/antenna/tag/e2806894000050038661fd4f, 83
1652716468.111291, sdrt-health/mac:02010b41cdec/antenna/tag/e2806894000040038662214f, 81
1652716468.126553, sdrt-health/mac:02010b41cdec/antenna/tag/e2806894000040038662114f, 88
1652716468.155982, sdrt-health/mac:02010b41cdec/antenna/tag/e28068940000400386621d4f, 77
1652716468.156186, sdrt-health/mac:02010b41cdec/antenna/tag/e2806894000040038662214f, 94
1652716468.182502, sdrt-health/mac:02010b41cdec/antenna/tag/e2806894000040038661f94f, 81
1652716468.264797, sdrt-health/mac:02010b41cdec/antenna/tag/e2806894000040038661f94f, 88
1652716468.304368, sdrt-health/mac:02010b41cdec/antenna/tag/e2806894000050038662194f, 87
1652716468.305185, sdrt-health/mac:02010b41cdec/antenna/tag/e28068940000400386621d4f, 77
1652716468.345672, sdrt-health/mac:02010b41cdec/antenna/tag/e2806894000050038662194f, 83
1652716468.42945, sdrt-health/mac:02010b41cdec/antenna/tag/e2806894000040038662214f, 82
1652716468.429691, sdrt-health/mac:02010b41cdec/antenna/tag/e2806894000040038662114f, 91
1652716468.464973, sdrt-health/mac:02010b41cdec/antenna/tag/e28068940000400386621d4f, 96
1652716468.505882, sdrt-health/mac:02010b41cdec/antenna/tag/e2806894000040038662114f, 88
1652716468.58246, sdrt-health/mac:02010b41cdec/antenna/tag/e2806894000050038662154f, 91
1652716468.582911, sdrt-health/mac:02010b41cdec/antenna/tag/e2806894000050038662154f, 85
1652716468.596214, sdrt-health/mac:02010b41cdec/antenna/tag/e2806894000040038662114f, 88
1652716468.62128, sdrt-health/mac:02010b41cdec/antenna/tag/e2806894000040038661f94f, 88
1652716468.677804, sdrt-health/mac:02010b41cdec/antenna/tag/e2806894000050038662194f, 83
1652716468.678487, sdrt-health/mac:02010b41cdec/antenna/tag/e2806894000050038661fd4f, 90
1652716468.713212, sdrt-health/mac:02010b41cdec/antenna/tag/e2806894000050038662154f, 91
1652716468.772327, sdrt-health/mac:02010b41cdec/antenna/tag/e2806894000040038662114f, 97
1652716468.772614, sdrt-health/mac:02010b41cdec/antenna/tag/e2806894000050038662194f, 83
1652716468.786116, sdrt-health/mac:02010b41cdec/antenna/tag/e2806894000050038661fd4f, 86
1652716468.820742, sdrt-health/mac:02010b41cdec/antenna/tag/e28068940000400386621d4f, 96
1652716468.849853, sdrt-health/mac:02010b41cdec/antenna/tag/e2806894000050038662154f, 91
1652716468.850073, sdrt-health/mac:02010b41cdec/antenna/tag/e2806894000050038662194f, 85
1652716468.865283, sdrt-health/mac:02010b41cdec/antenna/tag/e28068940000400386621d4f, 77
1652716468.865522, sdrt-health/mac:02010b41cdec/antenna/tag/e2806894000050038662194f, 87
1652716468.904842, sdrt-health/mac:02010b41cdec/antenna/tag/e2806894000040038662054f, 84
1652716468.955611, sdrt-health/mac:02010b41cdec/antenna/tag/e2806894000040038662214f, 84
1652716468.956573, sdrt-health/mac:02010b41cdec/antenna/tag/e2806894000040038662054f, 88
1652716468.998085, sdrt-health/mac:02010b41cdec/antenna/tag/e2806894000050038662154f, 85
1652716469.068529, sdrt-health/mac:02010b41cdec/antenna/tag/e2806894000040038662114f, 91
1652716469.068921, sdrt-health/mac:02010b41cdec/antenna/tag/e2806894000050038661fd4f, 86
1652716469.11429, sdrt-health/mac:02010b41cdec/antenna/tag/e2806894000050038662194f, 87
1652716469.172087, sdrt-health/mac:02010b41cdec/antenna/tag/e28068940000400386621d4f, 96
1652716469.17256, sdrt-health/mac:02010b41cdec/antenna/tag/e2806894000050038661fd4f, 90
1652716469.20642, sdrt-health/mac:02010b41cdec/antenna/tag/e2806894000040038662114f, 83
1652716469.237833, sdrt-health/mac:02010b41cdec/antenna/tag/e2806894000050038662154f, 91
1652716469.238147, sdrt-health/mac:02010b41cdec/antenna/tag/e2806894000040038662054f, 94
1652716469.238271, sdrt-health/mac:02010b41cdec/antenna/tag/e28068940000400386621d4f, 96
1652716469.286456, sdrt-health/mac:02010b41cdec/antenna/tag/e2806894000050038662194f, 83
1652716469.317355, sdrt-health/mac:02010b41cdec/antenna/tag/e2806894000050038662154f, 88
1652716469.317602, sdrt-health/mac:02010b41cdec/antenna/tag/e2806894000040038662114f, 97
1652716469.31772, sdrt-health/mac:02010b41cdec/antenna/tag/e2806894000050038662154f, 88
1652716469.336055, sdrt-health/mac:02010b41cdec/antenna/tag/e2806894000050038662194f, 87
1652716469.36546, sdrt-health/mac:02010b41cdec/antenna/tag/e2806894000040038662214f, 88
1652716469.365934, sdrt-health/mac:02010b41cdec/antenna/tag/e2806894000050038662154f, 85
1652716469.402356, sdrt-health/mac:02010b41cdec/antenna/tag/e2806894000040038662114f, 88
1652716469.430733, sdrt-health/mac:02010b41cdec/antenna/tag/e2806894000050038662154f, 85
1652716469.430996, sdrt-health/mac:02010b41cdec/antenna/tag/e2806894000050038661fd4f, 97
1652716469.45237, sdrt-health/mac:02010b41cdec/antenna/tag/e2806894000050038662194f, 81
1652716469.520763, sdrt-health/mac:02010b41cdec/antenna/tag/e28068940000400386621d4f, 96
1652716469.521006, sdrt-health/mac:02010b41cdec/antenna/tag/e2806894000040038662114f, 88
1652716469.534704, sdrt-health/mac:02010b41cdec/antenna/tag/e2806894000050038662194f, 93
1652716469.534911, sdrt-health/mac:02010b41cdec/antenna/tag/e2806894000040038662114f, 88
1652716469.535039, sdrt-health/mac:02010b41cdec/antenna/tag/e2806894000040038662114f, 88
1652716469.557279, sdrt-health/mac:02010b41cdec/antenna/tag/e28068940000400386621d4f, 77
1652716469.612284, sdrt-health/mac:02010b41cdec/antenna/tag/e2806894000050038662194f, 87
1652716469.678868, sdrt-health/mac:02010b41cdec/antenna/tag/e2806894000040038662054f, 81
1652716469.679117, sdrt-health/mac:02010b41cdec/antenna/tag/e2806894000050038661fd4f, 83
1652716469.679235, sdrt-health/mac:02010b41cdec/antenna/tag/e2806894000050038662154f, 85
1652716469.703939, sdrt-health/mac:02010b41cdec/antenna/tag/e2806894000050038661fd4f, 90
1652716469.74545, sdrt-health/mac:02010b41cdec/antenna/tag/e2806894000040038662114f, 85
1652716469.988797, sdrt-health/mac:02010b41cdec/antenna/tag/e2806894000050038662194f, 94
1652716469.989028, sdrt-health/mac:02010b41cdec/antenna/tag/scan, scan stopped
