1652716085.702487, sdrt-health/mac:02010b41cdec/antenna/power/set, {"power": 280}
1652716086.777624, sdrt-health/mac:02010b41cdec/antenna/power/set, 
1652716090.729335, sdrt-health/mac:02010b41cdec/antenna/tag/scan, {"time": 20000}
1652716091.049354, sdrt-health/mac:02010b41cdec/antenna/tag/e28068940000400386621d4f, 90
1652716091.112637, sdrt-health/mac:02010b41cdec/antenna/tag/e2806894000050038662154f, 85
1652716091.243187, sdrt-health/mac:02010b41cdec/antenna/tag/e28068940000400386621d4f, 77
1652716091.243668, sdrt-health/mac:02010b41cdec/antenna/tag/e2806894000040038662214f, 94
1652716091.257702, sdrt-health/mac:02010b41cdec/antenna/tag/e2806894000040038662114f, 88
1652716091.258234, sdrt-health/mac:02010b41cdec/antenna/tag/e2806894000050038662154f, 85
1652716091.280504, sdrt-health/mac:02010b41cdec/antenna/tag/e2806894000040038662214f, 81
1652716091.309022, sdrt-health/mac:02010b41cdec/antenna/tag/e28068940000400386621d4f, 96
1652716091.309226, sdrt-health/mac:02010b41cdec/antenna/tag/e2806894000050038661fd4f, 86
1652716091.309367, sdrt-health/mac:02010b41cdec/antenna/tag/e2806894000050038662154f, 85
1652716091.423792, sdrt-health/mac:02010b41cdec/antenna/tag/e2806894000050038661fd4f, 86
1652716091.453027, sdrt-health/mac:02010b41cdec/antenna/tag/e28068940000400386621d4f, 96
1652716091.453473, sdrt-health/mac:02010b41cdec/antenna/tag/e2806894000050038662154f, 88
1652716091.48077, sdrt-health/mac:02010b41cdec/antenna/tag/e28068940000400386621d4f, 90
1652716091.51113, sdrt-health/mac:02010b41cdec/antenna/tag/e28068940000400386621d4f, 90
1652716091.511492, sdrt-health/mac:02010b41cdec/antenna/tag/e2806894000040038662114f, 97
1652716091.511785, sdrt-health/mac:02010b41cdec/antenna/tag/e2806894000040038662114f, 97
1652716091.526974, sdrt-health/mac:02010b41cdec/antenna/tag/e2806894000040038662114f, 91
1652716091.557305, sdrt-health/mac:02010b41cdec/antenna/tag/e2806894000050038661fd4f, 86
1652716091.557531, sdrt-health/mac:02010b41cdec/antenna/tag/e2806894000040038662114f, 91
1652716091.579216, sdrt-health/mac:02010b41cdec/antenna/tag/e28068940000400386621d4f, 96
1652716091.639507, sdrt-health/mac:02010b41cdec/antenna/tag/e2806894000050038662194f, 83
1652716091.640061, sdrt-health/mac:02010b41cdec/antenna/tag/e2806894000040038662114f, 91
1652716091.670411, sdrt-health/mac:02010b41cdec/antenna/tag/e2806894000050038662194f, 88
1652716091.777321, sdrt-health/mac:02010b41cdec/antenna/tag/e2806894000050038662194f, 82
1652716091.777816, sdrt-health/mac:02010b41cdec/antenna/tag/e2806894000050038662154f, 91
1652716091.884014, sdrt-health/mac:02010b41cdec/antenna/tag/e2806894000050038661fd4f, 86
1652716091.915134, sdrt-health/mac:02010b41cdec/antenna/tag/e2806894000050038662154f, 88
1652716091.915659, sdrt-health/mac:02010b41cdec/antenna/tag/e28068940000400386621d4f, 96
1652716091.936259, sdrt-health/mac:02010b41cdec/antenna/tag/e28068940000400386621d4f, 96
1652716091.966175, sdrt-health/mac:02010b41cdec/antenna/tag/e2806894000040038662114f, 85
1652716091.966806, sdrt-health/mac:02010b41cdec/antenna/tag/e28068940000400386621d4f, 96
1652716091.988393, sdrt-health/mac:02010b41cdec/antenna/tag/e2806894000050038661fd4f, 86
1652716092.093758, sdrt-health/mac:02010b41cdec/antenna/tag/e2806894000040038662114f, 88
1652716092.094262, sdrt-health/mac:02010b41cdec/antenna/tag/e2806894000050038661fd4f, 97
1652716092.10682, sdrt-health/mac:02010b41cdec/antenna/tag/e2806894000040038662214f, 84
1652716092.107262, sdrt-health/mac:02010b41cdec/antenna/tag/e2806894000050038662154f, 85
1652716092.151223, sdrt-health/mac:02010b41cdec/antenna/tag/e2806894000050038662194f, 81
1652716092.153061, sdrt-health/mac:02010b41cdec/antenna/tag/e2806894000050038662154f, 85
1652716092.164765, sdrt-health/mac:02010b41cdec/antenna/tag/e2806894000040038662114f, 88
1652716092.225198, sdrt-health/mac:02010b41cdec/antenna/tag/e28068940000400386621d4f, 96
1652716092.312017, sdrt-health/mac:02010b41cdec/antenna/tag/e2806894000050038662194f, 83
1652716092.31257, sdrt-health/mac:02010b41cdec/antenna/tag/e28068940000400386621d4f, 96
1652716092.327797, sdrt-health/mac:02010b41cdec/antenna/tag/e28068940000400386621d4f, 96
1652716092.34601, sdrt-health/mac:02010b41cdec/antenna/tag/e28068940000400386621d4f, 96
1652716092.373672, sdrt-health/mac:02010b41cdec/antenna/tag/e28068940000400386621d4f, 96
1652716092.374186, sdrt-health/mac:02010b41cdec/antenna/tag/e2806894000050038661fd4f, 90
1652716092.374421, sdrt-health/mac:02010b41cdec/antenna/tag/e2806894000040038662114f, 88
1652716092.401617, sdrt-health/mac:02010b41cdec/antenna/tag/e28068940000400386621d4f, 96
1652716092.495059, sdrt-health/mac:02010b41cdec/antenna/tag/e2806894000040038662114f, 91
1652716092.49556, sdrt-health/mac:02010b41cdec/antenna/tag/e28068940000400386621d4f, 96
1652716092.509646, sdrt-health/mac:02010b41cdec/antenna/tag/e2806894000050038661fd4f, 86
1652716092.510217, sdrt-health/mac:02010b41cdec/antenna/tag/e2806894000040038662114f, 88
1652716092.510741, sdrt-health/mac:02010b41cdec/antenna/tag/e2806894000050038661fd4f, 86
1652716092.571443, sdrt-health/mac:02010b41cdec/antenna/tag/e2806894000040038662114f, 91
1652716092.649684, sdrt-health/mac:02010b41cdec/antenna/tag/e2806894000040038662114f, 88
1652716092.650238, sdrt-health/mac:02010b41cdec/antenna/tag/e2806894000040038662114f, 88
1652716092.666413, sdrt-health/mac:02010b41cdec/antenna/tag/e2806894000050038661fd4f, 97
1652716092.66673, sdrt-health/mac:02010b41cdec/antenna/tag/e2806894000050038662154f, 85
1652716092.666983, sdrt-health/mac:02010b41cdec/antenna/tag/e2806894000040038662114f, 85
1652716092.699697, sdrt-health/mac:02010b41cdec/antenna/tag/e2806894000050038661fd4f, 97
1652716092.729388, sdrt-health/mac:02010b41cdec/antenna/tag/e2806894000050038661fd4f, 86
1652716092.729626, sdrt-health/mac:02010b41cdec/antenna/tag/e28068940000400386621d4f, 90
1652716092.729872, sdrt-health/mac:02010b41cdec/antenna/tag/e2806894000050038661fd4f, 86
1652716092.761351, sdrt-health/mac:02010b41cdec/antenna/tag/e2806894000050038661fd4f, 86
1652716092.855213, sdrt-health/mac:02010b41cdec/antenna/tag/e28068940000400386621d4f, 96
1652716092.855694, sdrt-health/mac:02010b41cdec/antenna/tag/e2806894000040038662114f, 88
1652716092.891027, sdrt-health/mac:02010b41cdec/antenna/tag/e2806894000050038661fd4f, 86
1652716092.965144, sdrt-health/mac:02010b41cdec/antenna/tag/e2806894000050038662194f, 94
1652716093.035949, sdrt-health/mac:02010b41cdec/antenna/tag/e2806894000050038662154f, 85
1652716093.036468, sdrt-health/mac:02010b41cdec/antenna/tag/e28068940000400386621d4f, 96
1652716093.051293, sdrt-health/mac:02010b41cdec/antenna/tag/e2806894000050038662194f, 81
1652716093.128059, sdrt-health/mac:02010b41cdec/antenna/tag/e2806894000050038661fd4f, 97
1652716093.128567, sdrt-health/mac:02010b41cdec/antenna/tag/e2806894000050038661fd4f, 83
1652716093.144105, sdrt-health/mac:02010b41cdec/antenna/tag/e2806894000040038662214f, 88
1652716093.144409, sdrt-health/mac:02010b41cdec/antenna/tag/e2806894000050038662194f, 88
1652716093.160211, sdrt-health/mac:02010b41cdec/antenna/tag/e2806894000050038662194f, 81
1652716093.160915, sdrt-health/mac:02010b41cdec/antenna/tag/e2806894000040038662114f, 88
1652716093.206544, sdrt-health/mac:02010b41cdec/antenna/tag/e2806894000040038662114f, 88
1652716093.266387, sdrt-health/mac:02010b41cdec/antenna/tag/e28068940000400386621d4f, 96
1652716093.266746, sdrt-health/mac:02010b41cdec/antenna/tag/e2806894000050038661fd4f, 83
1652716093.280352, sdrt-health/mac:02010b41cdec/antenna/tag/e2806894000050038662154f, 91
1652716093.332962, sdrt-health/mac:02010b41cdec/antenna/tag/e2806894000040038662114f, 91
1652716093.333506, sdrt-health/mac:02010b41cdec/antenna/tag/e28068940000400386621d4f, 90
1652716093.384439, sdrt-health/mac:02010b41cdec/antenna/tag/e2806894000040038662114f, 88
1652716093.451918, sdrt-health/mac:02010b41cdec/antenna/tag/e2806894000050038661fd4f, 86
1652716093.452407, sdrt-health/mac:02010b41cdec/antenna/tag/e2806894000050038662154f, 85
1652716093.468055, sdrt-health/mac:02010b41cdec/antenna/tag/e2806894000050038661fd4f, 90
1652716093.4686, sdrt-health/mac:02010b41cdec/antenna/tag/e2806894000050038661fd4f, 83
1652716093.50226, sdrt-health/mac:02010b41cdec/antenna/tag/e2806894000050038662154f, 85
1652716093.531936, sdrt-health/mac:02010b41cdec/antenna/tag/e2806894000050038662154f, 88
1652716093.532597, sdrt-health/mac:02010b41cdec/antenna/tag/e2806894000050038662194f, 93
1652716093.56291, sdrt-health/mac:02010b41cdec/antenna/tag/e2806894000040038662114f, 97
1652716093.624441, sdrt-health/mac:02010b41cdec/antenna/tag/e2806894000050038662194f, 81
1652716093.655288, sdrt-health/mac:02010b41cdec/antenna/tag/e2806894000040038662114f, 88
1652716093.655678, sdrt-health/mac:02010b41cdec/antenna/tag/e2806894000050038661fd4f, 91
1652716093.655934, sdrt-health/mac:02010b41cdec/antenna/tag/e2806894000050038662154f, 87
1652716093.68458, sdrt-health/mac:02010b41cdec/antenna/tag/e2806894000050038662154f, 85
1652716093.715501, sdrt-health/mac:02010b41cdec/antenna/tag/e2806894000050038662194f, 83
1652716093.715865, sdrt-health/mac:02010b41cdec/antenna/tag/e2806894000050038662194f, 83
1652716093.747429, sdrt-health/mac:02010b41cdec/antenna/tag/e2806894000050038661fd4f, 86
1652716093.840525, sdrt-health/mac:02010b41cdec/antenna/tag/e2806894000050038662154f, 88
1652716093.84105, sdrt-health/mac:02010b41cdec/antenna/tag/e28068940000400386621d4f, 96
1652716093.856368, sdrt-health/mac:02010b41cdec/antenna/tag/e2806894000050038661fd4f, 86
1652716093.899964, sdrt-health/mac:02010b41cdec/antenna/tag/e2806894000040038662114f, 88
1652716093.99456, sdrt-health/mac:02010b41cdec/antenna/tag/e2806894000050038661fd4f, 86
1652716093.995084, sdrt-health/mac:02010b41cdec/antenna/tag/e2806894000040038662114f, 91
1652716094.011131, sdrt-health/mac:02010b41cdec/antenna/tag/e28068940000400386621d4f, 96
1652716094.011507, sdrt-health/mac:02010b41cdec/antenna/tag/e2806894000050038661fd4f, 86
1652716094.049356, sdrt-health/mac:02010b41cdec/antenna/tag/e2806894000050038661fd4f, 83
1652716094.080476, sdrt-health/mac:02010b41cdec/antenna/tag/e2806894000040038662054f, 84
1652716094.081026, sdrt-health/mac:02010b41cdec/antenna/tag/e2806894000050038662154f, 88
1652716094.081502, sdrt-health/mac:02010b41cdec/antenna/tag/e2806894000050038662194f, 81
1652716094.133949, sdrt-health/mac:02010b41cdec/antenna/tag/e2806894000050038661fd4f, 83
1652716094.177185, sdrt-health/mac:02010b41cdec/antenna/tag/e28068940000400386621d4f, 90
1652716094.218907, sdrt-health/mac:02010b41cdec/antenna/tag/e2806894000050038661fd4f, 83
1652716094.282483, sdrt-health/mac:02010b41cdec/antenna/tag/e2806894000050038662154f, 85
1652716094.393534, sdrt-health/mac:02010b41cdec/antenna/tag/e2806894000050038662194f, 83
1652716094.4791, sdrt-health/mac:02010b41cdec/antenna/tag/e2806894000050038662154f, 85
1652716094.585822, sdrt-health/mac:02010b41cdec/antenna/tag/e28068940000400386621d4f, 96
1652716094.586313, sdrt-health/mac:02010b41cdec/antenna/tag/e28068940000400386621d4f, 77
1652716094.600298, sdrt-health/mac:02010b41cdec/antenna/tag/e2806894000050038662194f, 81
1652716094.600615, sdrt-health/mac:02010b41cdec/antenna/tag/e2806894000050038661fd4f, 83
1652716094.600779, sdrt-health/mac:02010b41cdec/antenna/tag/e28068940000400386621d4f, 96
1652716094.741279, sdrt-health/mac:02010b41cdec/antenna/tag/e2806894000050038661fd4f, 97
1652716094.771025, sdrt-health/mac:02010b41cdec/antenna/tag/e2806894000050038661fd4f, 97
1652716094.771354, sdrt-health/mac:02010b41cdec/antenna/tag/e28068940000400386621d4f, 90
1652716094.771594, sdrt-health/mac:02010b41cdec/antenna/tag/e2806894000040038662114f, 91
1652716094.821303, sdrt-health/mac:02010b41cdec/antenna/tag/e28068940000400386621d4f, 96
1652716094.853573, sdrt-health/mac:02010b41cdec/antenna/tag/e2806894000040038662114f, 88
1652716094.85379, sdrt-health/mac:02010b41cdec/antenna/tag/e2806894000050038662154f, 85
1652716094.853922, sdrt-health/mac:02010b41cdec/antenna/tag/e2806894000050038662194f, 81
1652716094.854037, sdrt-health/mac:02010b41cdec/antenna/tag/e28068940000400386621d4f, 96
1652716094.88242, sdrt-health/mac:02010b41cdec/antenna/tag/e2806894000050038661fd4f, 83
1652716094.940873, sdrt-health/mac:02010b41cdec/antenna/tag/e2806894000040038662114f, 91
1652716095.03511, sdrt-health/mac:02010b41cdec/antenna/tag/e2806894000050038662194f, 81
1652716095.110122, sdrt-health/mac:02010b41cdec/antenna/tag/e2806894000050038662194f, 81
1652716095.110671, sdrt-health/mac:02010b41cdec/antenna/tag/e28068940000400386621d4f, 90
1652716095.125931, sdrt-health/mac:02010b41cdec/antenna/tag/e2806894000050038662194f, 93
1652716095.126397, sdrt-health/mac:02010b41cdec/antenna/tag/e2806894000050038662154f, 88
1652716095.126777, sdrt-health/mac:02010b41cdec/antenna/tag/e2806894000040038662114f, 91
1652716095.127142, sdrt-health/mac:02010b41cdec/antenna/tag/e2806894000050038662154f, 88
1652716095.170305, sdrt-health/mac:02010b41cdec/antenna/tag/e2806894000050038662154f, 85
1652716095.257494, sdrt-health/mac:02010b41cdec/antenna/tag/e2806894000050038662194f, 87
1652716095.287188, sdrt-health/mac:02010b41cdec/antenna/tag/e2806894000050038662154f, 85
1652716095.287444, sdrt-health/mac:02010b41cdec/antenna/tag/e2806894000050038662154f, 85
1652716095.287573, sdrt-health/mac:02010b41cdec/antenna/tag/e2806894000050038661fd4f, 83
1652716095.326026, sdrt-health/mac:02010b41cdec/antenna/tag/e2806894000050038662154f, 88
1652716095.388046, sdrt-health/mac:02010b41cdec/antenna/tag/e2806894000050038661fd4f, 86
1652716095.388637, sdrt-health/mac:02010b41cdec/antenna/tag/e2806894000050038661fd4f, 86
1652716095.511115, sdrt-health/mac:02010b41cdec/antenna/tag/e2806894000050038661fd4f, 86
1652716095.607888, sdrt-health/mac:02010b41cdec/antenna/tag/e2806894000050038661fd4f, 86
1652716095.608403, sdrt-health/mac:02010b41cdec/antenna/tag/e28068940000400386621d4f, 90
1652716095.623097, sdrt-health/mac:02010b41cdec/antenna/tag/e2806894000050038661fd4f, 86
1652716095.623459, sdrt-health/mac:02010b41cdec/antenna/tag/e2806894000050038662154f, 88
1652716095.623706, sdrt-health/mac:02010b41cdec/antenna/tag/e2806894000050038662154f, 85
1652716095.623937, sdrt-health/mac:02010b41cdec/antenna/tag/e2806894000050038661fd4f, 97
1652716095.624188, sdrt-health/mac:02010b41cdec/antenna/tag/e2806894000040038662114f, 88
1652716095.624479, sdrt-health/mac:02010b41cdec/antenna/tag/e28068940000400386621d4f, 96
1652716095.656133, sdrt-health/mac:02010b41cdec/antenna/tag/e2806894000040038662114f, 88
1652716095.68633, sdrt-health/mac:02010b41cdec/antenna/tag/e2806894000050038661fd4f, 83
1652716095.686717, sdrt-health/mac:02010b41cdec/antenna/tag/e28068940000400386621d4f, 96
1652716095.687026, sdrt-health/mac:02010b41cdec/antenna/tag/e28068940000400386621d4f, 96
1652716095.731075, sdrt-health/mac:02010b41cdec/antenna/tag/e2806894000050038662154f, 88
1652716095.799147, sdrt-health/mac:02010b41cdec/antenna/tag/e2806894000050038661fd4f, 83
1652716095.878843, sdrt-health/mac:02010b41cdec/antenna/tag/e28068940000400386621d4f, 77
1652716095.996887, sdrt-health/mac:02010b41cdec/antenna/tag/e2806894000040038662114f, 88
1652716095.997356, sdrt-health/mac:02010b41cdec/antenna/tag/e2806894000050038661fd4f, 83
1652716096.012105, sdrt-health/mac:02010b41cdec/antenna/tag/e2806894000050038661fd4f, 83
1652716096.012466, sdrt-health/mac:02010b41cdec/antenna/tag/e2806894000050038661fd4f, 83
1652716096.01279, sdrt-health/mac:02010b41cdec/antenna/tag/e2806894000050038661fd4f, 86
1652716096.027645, sdrt-health/mac:02010b41cdec/antenna/tag/e2806894000050038662154f, 91
1652716096.080255, sdrt-health/mac:02010b41cdec/antenna/tag/e2806894000050038661fd4f, 97
1652716096.117281, sdrt-health/mac:02010b41cdec/antenna/tag/e28068940000400386621d4f, 96
1652716096.117711, sdrt-health/mac:02010b41cdec/antenna/tag/e28068940000400386621d4f, 96
1652716096.140041, sdrt-health/mac:02010b41cdec/antenna/tag/e2806894000040038662114f, 85
1652716096.227332, sdrt-health/mac:02010b41cdec/antenna/tag/e2806894000050038661fd4f, 90
1652716096.313797, sdrt-health/mac:02010b41cdec/antenna/tag/e2806894000050038662194f, 94
1652716096.314319, sdrt-health/mac:02010b41cdec/antenna/tag/e28068940000400386621d4f, 96
1652716096.368003, sdrt-health/mac:02010b41cdec/antenna/tag/e2806894000050038661fd4f, 83
1652716096.425783, sdrt-health/mac:02010b41cdec/antenna/tag/e2806894000050038662154f, 88
1652716096.484317, sdrt-health/mac:02010b41cdec/antenna/tag/e2806894000040038662114f, 91
1652716096.485814, sdrt-health/mac:02010b41cdec/antenna/tag/e28068940000400386621d4f, 96
1652716096.506284, sdrt-health/mac:02010b41cdec/antenna/tag/e2806894000050038661fd4f, 86
1652716096.506582, sdrt-health/mac:02010b41cdec/antenna/tag/e2806894000040038662114f, 91
1652716096.519577, sdrt-health/mac:02010b41cdec/antenna/tag/e2806894000050038662194f, 85
1652716096.520483, sdrt-health/mac:02010b41cdec/antenna/tag/e2806894000050038661fd4f, 86
1652716096.589695, sdrt-health/mac:02010b41cdec/antenna/tag/e2806894000050038662154f, 88
1652716096.660632, sdrt-health/mac:02010b41cdec/antenna/tag/e2806894000040038662114f, 88
1652716096.690455, sdrt-health/mac:02010b41cdec/antenna/tag/e28068940000400386621d4f, 96
1652716096.690939, sdrt-health/mac:02010b41cdec/antenna/tag/e2806894000050038661fd4f, 83
1652716096.710246, sdrt-health/mac:02010b41cdec/antenna/tag/e28068940000400386621d4f, 96
1652716096.775586, sdrt-health/mac:02010b41cdec/antenna/tag/e28068940000400386621d4f, 96
1652716096.776085, sdrt-health/mac:02010b41cdec/antenna/tag/e28068940000400386621d4f, 96
1652716096.810662, sdrt-health/mac:02010b41cdec/antenna/tag/e28068940000400386621d4f, 96
1652716096.85914, sdrt-health/mac:02010b41cdec/antenna/tag/e2806894000050038662154f, 88
1652716096.88819, sdrt-health/mac:02010b41cdec/antenna/tag/e2806894000040038662114f, 85
1652716096.888548, sdrt-health/mac:02010b41cdec/antenna/tag/e2806894000050038661fd4f, 86
1652716096.888893, sdrt-health/mac:02010b41cdec/antenna/tag/e2806894000050038662154f, 91
1652716096.905167, sdrt-health/mac:02010b41cdec/antenna/tag/e2806894000040038662114f, 85
1652716096.968087, sdrt-health/mac:02010b41cdec/antenna/tag/e2806894000040038662114f, 85
1652716096.968602, sdrt-health/mac:02010b41cdec/antenna/tag/e2806894000040038662114f, 88
1652716096.98284, sdrt-health/mac:02010b41cdec/antenna/tag/e2806894000050038661fd4f, 83
1652716096.999341, sdrt-health/mac:02010b41cdec/antenna/tag/e28068940000400386621d4f, 90
1652716097.13464, sdrt-health/mac:02010b41cdec/antenna/tag/e2806894000040038662114f, 91
1652716097.135143, sdrt-health/mac:02010b41cdec/antenna/tag/e2806894000050038662194f, 87
1652716097.149225, sdrt-health/mac:02010b41cdec/antenna/tag/e2806894000040038662114f, 91
1652716097.194016, sdrt-health/mac:02010b41cdec/antenna/tag/e2806894000040038662114f, 88
1652716097.223184, sdrt-health/mac:02010b41cdec/antenna/tag/e2806894000050038661fd4f, 83
1652716097.22351, sdrt-health/mac:02010b41cdec/antenna/tag/e28068940000400386621d4f, 96
1652716097.223777, sdrt-health/mac:02010b41cdec/antenna/tag/e2806894000050038661fd4f, 86
1652716097.223988, sdrt-health/mac:02010b41cdec/antenna/tag/e2806894000050038662154f, 91
1652716097.269158, sdrt-health/mac:02010b41cdec/antenna/tag/e2806894000050038661fd4f, 86
1652716097.420851, sdrt-health/mac:02010b41cdec/antenna/tag/e2806894000050038662154f, 91
1652716097.421417, sdrt-health/mac:02010b41cdec/antenna/tag/e2806894000050038662154f, 88
1652716097.435216, sdrt-health/mac:02010b41cdec/antenna/tag/e2806894000040038662114f, 85
1652716097.462874, sdrt-health/mac:02010b41cdec/antenna/tag/e2806894000040038662114f, 88
1652716097.491502, sdrt-health/mac:02010b41cdec/antenna/tag/e2806894000050038662154f, 91
1652716097.491725, sdrt-health/mac:02010b41cdec/antenna/tag/e28068940000400386621d4f, 96
1652716097.491851, sdrt-health/mac:02010b41cdec/antenna/tag/e2806894000050038661fd4f, 86
1652716097.491973, sdrt-health/mac:02010b41cdec/antenna/tag/e2806894000040038662114f, 88
1652716097.492085, sdrt-health/mac:02010b41cdec/antenna/tag/e2806894000050038662154f, 91
1652716097.492215, sdrt-health/mac:02010b41cdec/antenna/tag/e2806894000050038661fd4f, 86
1652716097.492326, sdrt-health/mac:02010b41cdec/antenna/tag/e2806894000050038662154f, 91
1652716097.527727, sdrt-health/mac:02010b41cdec/antenna/tag/e2806894000050038662154f, 88
1652716097.558805, sdrt-health/mac:02010b41cdec/antenna/tag/e2806894000050038662154f, 88
1652716097.559089, sdrt-health/mac:02010b41cdec/antenna/tag/e2806894000050038661fd4f, 86
1652716097.559295, sdrt-health/mac:02010b41cdec/antenna/tag/e2806894000050038662154f, 88
1652716097.595719, sdrt-health/mac:02010b41cdec/antenna/tag/e2806894000040038662114f, 88
1652716097.693979, sdrt-health/mac:02010b41cdec/antenna/tag/e28068940000400386621d4f, 96
1652716097.69449, sdrt-health/mac:02010b41cdec/antenna/tag/e28068940000400386621d4f, 77
1652716097.745321, sdrt-health/mac:02010b41cdec/antenna/tag/e2806894000050038661fd4f, 86
1652716097.814207, sdrt-health/mac:02010b41cdec/antenna/tag/e2806894000050038662154f, 91
1652716097.814819, sdrt-health/mac:02010b41cdec/antenna/tag/e2806894000050038661fd4f, 83
1652716097.831201, sdrt-health/mac:02010b41cdec/antenna/tag/e2806894000050038662154f, 88
1652716097.83194, sdrt-health/mac:02010b41cdec/antenna/tag/e2806894000050038661fd4f, 86
1652716097.86268, sdrt-health/mac:02010b41cdec/antenna/tag/e2806894000050038661fd4f, 83
1652716097.907822, sdrt-health/mac:02010b41cdec/antenna/tag/e2806894000050038662154f, 85
1652716097.981008, sdrt-health/mac:02010b41cdec/antenna/tag/e28068940000400386621d4f, 90
1652716097.98203, sdrt-health/mac:02010b41cdec/antenna/tag/e28068940000400386621d4f, 90
1652716098.050953, sdrt-health/mac:02010b41cdec/antenna/tag/e28068940000400386621d4f, 90
1652716098.12181, sdrt-health/mac:02010b41cdec/antenna/tag/e2806894000050038662194f, 83
1652716098.122372, sdrt-health/mac:02010b41cdec/antenna/tag/e2806894000050038662194f, 87
1652716098.122766, sdrt-health/mac:02010b41cdec/antenna/tag/e28068940000400386621d4f, 90
1652716098.13679, sdrt-health/mac:02010b41cdec/antenna/tag/e2806894000050038661fd4f, 86
1652716098.161352, sdrt-health/mac:02010b41cdec/antenna/tag/e2806894000040038662214f, 81
1652716098.194228, sdrt-health/mac:02010b41cdec/antenna/tag/e28068940000400386621d4f, 77
1652716098.194657, sdrt-health/mac:02010b41cdec/antenna/tag/e2806894000050038661fd4f, 97
1652716098.194931, sdrt-health/mac:02010b41cdec/antenna/tag/e2806894000050038662194f, 88
1652716098.219443, sdrt-health/mac:02010b41cdec/antenna/tag/e28068940000400386621d4f, 77
1652716098.281814, sdrt-health/mac:02010b41cdec/antenna/tag/e2806894000050038662154f, 87
1652716098.282347, sdrt-health/mac:02010b41cdec/antenna/tag/e2806894000050038661fd4f, 86
1652716098.320428, sdrt-health/mac:02010b41cdec/antenna/tag/e2806894000040038662114f, 88
1652716098.464402, sdrt-health/mac:02010b41cdec/antenna/tag/e2806894000050038661fd4f, 86
1652716098.464872, sdrt-health/mac:02010b41cdec/antenna/tag/e2806894000050038661fd4f, 86
1652716098.496213, sdrt-health/mac:02010b41cdec/antenna/tag/e2806894000050038662194f, 81
1652716098.562637, sdrt-health/mac:02010b41cdec/antenna/tag/e2806894000050038661fd4f, 86
1652716098.563397, sdrt-health/mac:02010b41cdec/antenna/tag/e2806894000050038661fd4f, 83
1652716098.57792, sdrt-health/mac:02010b41cdec/antenna/tag/e28068940000400386621d4f, 96
1652716098.627585, sdrt-health/mac:02010b41cdec/antenna/tag/e2806894000050038662154f, 93
1652716098.739125, sdrt-health/mac:02010b41cdec/antenna/tag/e28068940000400386621d4f, 96
1652716098.7396, sdrt-health/mac:02010b41cdec/antenna/tag/e28068940000400386621d4f, 96
1652716098.753426, sdrt-health/mac:02010b41cdec/antenna/tag/e2806894000050038662194f, 81
1652716098.753783, sdrt-health/mac:02010b41cdec/antenna/tag/e2806894000050038662154f, 91
1652716098.754021, sdrt-health/mac:02010b41cdec/antenna/tag/e2806894000040038662114f, 85
1652716098.781199, sdrt-health/mac:02010b41cdec/antenna/tag/e2806894000040038662114f, 85
1652716098.85391, sdrt-health/mac:02010b41cdec/antenna/tag/e28068940000400386621d4f, 96
1652716098.854425, sdrt-health/mac:02010b41cdec/antenna/tag/e28068940000400386621d4f, 96
1652716098.854766, sdrt-health/mac:02010b41cdec/antenna/tag/e2806894000040038661f94f, 94
1652716098.855637, sdrt-health/mac:02010b41cdec/antenna/tag/e28068940000400386621d4f, 96
1652716098.856121, sdrt-health/mac:02010b41cdec/antenna/tag/e2806894000050038662154f, 91
1652716098.903178, sdrt-health/mac:02010b41cdec/antenna/tag/e2806894000040038662114f, 85
1652716098.966569, sdrt-health/mac:02010b41cdec/antenna/tag/e2806894000050038661fd4f, 90
1652716098.967157, sdrt-health/mac:02010b41cdec/antenna/tag/e28068940000400386621d4f, 96
1652716098.982584, sdrt-health/mac:02010b41cdec/antenna/tag/e2806894000050038661fd4f, 90
1652716099.003551, sdrt-health/mac:02010b41cdec/antenna/tag/e2806894000050038662154f, 91
1652716099.034484, sdrt-health/mac:02010b41cdec/antenna/tag/e28068940000400386621d4f, 96
1652716099.034774, sdrt-health/mac:02010b41cdec/antenna/tag/e2806894000050038661fd4f, 86
1652716099.057231, sdrt-health/mac:02010b41cdec/antenna/tag/e2806894000050038661fd4f, 97
1652716099.154758, sdrt-health/mac:02010b41cdec/antenna/tag/e28068940000400386621d4f, 96
1652716099.155348, sdrt-health/mac:02010b41cdec/antenna/tag/e2806894000050038662154f, 85
1652716099.16828, sdrt-health/mac:02010b41cdec/antenna/tag/e2806894000050038661fd4f, 97
1652716099.168735, sdrt-health/mac:02010b41cdec/antenna/tag/e28068940000400386621d4f, 77
1652716099.169073, sdrt-health/mac:02010b41cdec/antenna/tag/e2806894000040038662114f, 85
1652716099.187205, sdrt-health/mac:02010b41cdec/antenna/tag/e2806894000040038662114f, 88
1652716099.273323, sdrt-health/mac:02010b41cdec/antenna/tag/e2806894000050038662154f, 91
1652716099.369597, sdrt-health/mac:02010b41cdec/antenna/tag/e28068940000400386621d4f, 90
1652716099.370131, sdrt-health/mac:02010b41cdec/antenna/tag/e28068940000400386621d4f, 96
1652716099.383633, sdrt-health/mac:02010b41cdec/antenna/tag/e28068940000400386621d4f, 90
1652716099.384146, sdrt-health/mac:02010b41cdec/antenna/tag/e2806894000050038662154f, 88
1652716099.384514, sdrt-health/mac:02010b41cdec/antenna/tag/e2806894000050038661fd4f, 86
1652716099.415608, sdrt-health/mac:02010b41cdec/antenna/tag/e2806894000050038661fd4f, 86
1652716099.489184, sdrt-health/mac:02010b41cdec/antenna/tag/e2806894000050038662154f, 91
1652716099.489646, sdrt-health/mac:02010b41cdec/antenna/tag/e2806894000040038662114f, 91
1652716099.504726, sdrt-health/mac:02010b41cdec/antenna/tag/e2806894000040038662114f, 88
1652716099.505247, sdrt-health/mac:02010b41cdec/antenna/tag/e2806894000050038661fd4f, 97
1652716099.505611, sdrt-health/mac:02010b41cdec/antenna/tag/e2806894000050038662194f, 94
1652716099.575701, sdrt-health/mac:02010b41cdec/antenna/tag/e2806894000040038662114f, 88
1652716099.659614, sdrt-health/mac:02010b41cdec/antenna/tag/e2806894000040038662114f, 88
1652716099.660129, sdrt-health/mac:02010b41cdec/antenna/tag/e2806894000040038662054f, 88
1652716099.674791, sdrt-health/mac:02010b41cdec/antenna/tag/e2806894000050038661fd4f, 97
1652716099.727628, sdrt-health/mac:02010b41cdec/antenna/tag/e2806894000040038662214f, 81
1652716099.728015, sdrt-health/mac:02010b41cdec/antenna/tag/e2806894000050038661fd4f, 86
1652716099.822774, sdrt-health/mac:02010b41cdec/antenna/tag/e28068940000400386621d4f, 90
1652716099.934075, sdrt-health/mac:02010b41cdec/antenna/tag/e28068940000400386621d4f, 96
1652716099.963739, sdrt-health/mac:02010b41cdec/antenna/tag/e2806894000050038661fd4f, 86
1652716099.964426, sdrt-health/mac:02010b41cdec/antenna/tag/e2806894000050038662154f, 88
1652716099.96513, sdrt-health/mac:02010b41cdec/antenna/tag/e28068940000400386621d4f, 90
1652716100.003467, sdrt-health/mac:02010b41cdec/antenna/tag/e2806894000050038661fd4f, 86
1652716100.113114, sdrt-health/mac:02010b41cdec/antenna/tag/e2806894000050038661fd4f, 86
1652716100.113702, sdrt-health/mac:02010b41cdec/antenna/tag/e2806894000050038661fd4f, 86
1652716100.173098, sdrt-health/mac:02010b41cdec/antenna/tag/e28068940000400386621d4f, 96
1652716100.253398, sdrt-health/mac:02010b41cdec/antenna/tag/e28068940000400386621d4f, 77
1652716100.253891, sdrt-health/mac:02010b41cdec/antenna/tag/e2806894000050038662194f, 87
1652716100.283455, sdrt-health/mac:02010b41cdec/antenna/tag/e2806894000050038661fd4f, 83
1652716100.318954, sdrt-health/mac:02010b41cdec/antenna/tag/e2806894000050038662154f, 91
1652716100.319191, sdrt-health/mac:02010b41cdec/antenna/tag/e2806894000050038662194f, 83
1652716100.463067, sdrt-health/mac:02010b41cdec/antenna/tag/e28068940000400386621d4f, 96
1652716100.551121, sdrt-health/mac:02010b41cdec/antenna/tag/e2806894000050038662154f, 88
1652716100.582683, sdrt-health/mac:02010b41cdec/antenna/tag/e2806894000050038661fd4f, 86
1652716100.583384, sdrt-health/mac:02010b41cdec/antenna/tag/e2806894000050038661fd4f, 86
1652716100.583983, sdrt-health/mac:02010b41cdec/antenna/tag/e2806894000050038662154f, 88
1652716100.584365, sdrt-health/mac:02010b41cdec/antenna/tag/e28068940000400386621d4f, 96
1652716100.584711, sdrt-health/mac:02010b41cdec/antenna/tag/e2806894000050038661fd4f, 83
1652716100.604053, sdrt-health/mac:02010b41cdec/antenna/tag/e2806894000050038661fd4f, 83
1652716100.633353, sdrt-health/mac:02010b41cdec/antenna/tag/e2806894000040038662114f, 88
1652716100.633661, sdrt-health/mac:02010b41cdec/antenna/tag/e2806894000040038662114f, 88
1652716100.648033, sdrt-health/mac:02010b41cdec/antenna/tag/e2806894000050038661fd4f, 83
1652716100.747384, sdrt-health/mac:02010b41cdec/antenna/tag/e28068940000400386621d4f, 96
1652716100.747925, sdrt-health/mac:02010b41cdec/antenna/tag/e28068940000400386621d4f, 96
1652716100.763171, sdrt-health/mac:02010b41cdec/antenna/tag/e2806894000050038662154f, 91
1652716100.763762, sdrt-health/mac:02010b41cdec/antenna/tag/e2806894000050038662154f, 85
1652716100.986905, sdrt-health/mac:02010b41cdec/antenna/tag/e28068940000400386621d4f, 77
1652716101.016472, sdrt-health/mac:02010b41cdec/antenna/tag/e2806894000050038661fd4f, 83
1652716101.017064, sdrt-health/mac:02010b41cdec/antenna/tag/e2806894000040038662114f, 88
1652716101.138824, sdrt-health/mac:02010b41cdec/antenna/tag/e2806894000050038662194f, 84
1652716101.16841, sdrt-health/mac:02010b41cdec/antenna/tag/e2806894000040038662114f, 88
1652716101.168848, sdrt-health/mac:02010b41cdec/antenna/tag/e2806894000050038662154f, 93
1652716101.169145, sdrt-health/mac:02010b41cdec/antenna/tag/e2806894000040038662114f, 88
1652716101.169393, sdrt-health/mac:02010b41cdec/antenna/tag/e28068940000400386621d4f, 96
1652716101.169601, sdrt-health/mac:02010b41cdec/antenna/tag/e2806894000050038662154f, 93
1652716101.16983, sdrt-health/mac:02010b41cdec/antenna/tag/e2806894000040038662114f, 88
1652716101.170069, sdrt-health/mac:02010b41cdec/antenna/tag/e28068940000400386621d4f, 96
1652716101.20325, sdrt-health/mac:02010b41cdec/antenna/tag/e2806894000050038661fd4f, 97
1652716101.231577, sdrt-health/mac:02010b41cdec/antenna/tag/e2806894000050038662194f, 81
1652716101.231811, sdrt-health/mac:02010b41cdec/antenna/tag/e2806894000050038662194f, 87
1652716101.231955, sdrt-health/mac:02010b41cdec/antenna/tag/e2806894000050038662154f, 85
1652716101.232102, sdrt-health/mac:02010b41cdec/antenna/tag/e2806894000050038661fd4f, 83
1652716101.267597, sdrt-health/mac:02010b41cdec/antenna/tag/e2806894000040038662114f, 88
1652716101.335522, sdrt-health/mac:02010b41cdec/antenna/tag/e28068940000400386621d4f, 77
1652716101.397156, sdrt-health/mac:02010b41cdec/antenna/tag/e2806894000040038662114f, 88
1652716101.397703, sdrt-health/mac:02010b41cdec/antenna/tag/e2806894000050038661fd4f, 97
1652716101.412445, sdrt-health/mac:02010b41cdec/antenna/tag/e2806894000050038661fd4f, 86
1652716101.503427, sdrt-health/mac:02010b41cdec/antenna/tag/e2806894000040038662114f, 97
1652716101.564432, sdrt-health/mac:02010b41cdec/antenna/tag/e2806894000050038661fd4f, 83
1652716101.564973, sdrt-health/mac:02010b41cdec/antenna/tag/e2806894000050038662194f, 83
1652716101.580347, sdrt-health/mac:02010b41cdec/antenna/tag/e2806894000040038662114f, 91
1652716101.580884, sdrt-health/mac:02010b41cdec/antenna/tag/e28068940000400386621d4f, 96
1652716101.73319, sdrt-health/mac:02010b41cdec/antenna/tag/e2806894000050038661fd4f, 86
1652716101.999124, sdrt-health/mac:02010b41cdec/antenna/tag/e2806894000050038661fd4f, 97
1652716102.028836, sdrt-health/mac:02010b41cdec/antenna/tag/e28068940000400386621d4f, 77
1652716102.029268, sdrt-health/mac:02010b41cdec/antenna/tag/e2806894000050038662154f, 85
1652716102.029627, sdrt-health/mac:02010b41cdec/antenna/tag/e2806894000040038662114f, 88
1652716102.03025, sdrt-health/mac:02010b41cdec/antenna/tag/e2806894000050038662194f, 83
1652716102.030773, sdrt-health/mac:02010b41cdec/antenna/tag/e2806894000050038661fd4f, 90
1652716102.156323, sdrt-health/mac:02010b41cdec/antenna/tag/e28068940000400386621d4f, 96
1652716102.186566, sdrt-health/mac:02010b41cdec/antenna/tag/e2806894000050038662154f, 91
1652716102.186945, sdrt-health/mac:02010b41cdec/antenna/tag/e2806894000050038661fd4f, 86
1652716102.187197, sdrt-health/mac:02010b41cdec/antenna/tag/e2806894000050038661fd4f, 86
1652716102.1874, sdrt-health/mac:02010b41cdec/antenna/tag/e28068940000400386621d4f, 90
1652716102.18761, sdrt-health/mac:02010b41cdec/antenna/tag/e2806894000050038662154f, 88
1652716102.187806, sdrt-health/mac:02010b41cdec/antenna/tag/e2806894000050038662154f, 85
1652716102.188002, sdrt-health/mac:02010b41cdec/antenna/tag/e2806894000040038662114f, 91
1652716102.188271, sdrt-health/mac:02010b41cdec/antenna/tag/e2806894000050038662154f, 88
1652716102.188547, sdrt-health/mac:02010b41cdec/antenna/tag/e2806894000040038662114f, 88
1652716102.291887, sdrt-health/mac:02010b41cdec/antenna/tag/e2806894000050038662194f, 94
1652716102.337906, sdrt-health/mac:02010b41cdec/antenna/tag/e2806894000050038662194f, 87
1652716102.338345, sdrt-health/mac:02010b41cdec/antenna/tag/e2806894000040038662114f, 88
1652716102.338647, sdrt-health/mac:02010b41cdec/antenna/tag/e2806894000050038661fd4f, 97
1652716102.796913, sdrt-health/mac:02010b41cdec/antenna/tag/e2806894000040038662114f, 91
1652716102.830764, sdrt-health/mac:02010b41cdec/antenna/tag/e2806894000050038661fd4f, 97
1652716102.831457, sdrt-health/mac:02010b41cdec/antenna/tag/e2806894000050038662154f, 88
1652716102.831871, sdrt-health/mac:02010b41cdec/antenna/tag/e2806894000050038662154f, 85
1652716102.832301, sdrt-health/mac:02010b41cdec/antenna/tag/e28068940000400386621d4f, 96
1652716102.832827, sdrt-health/mac:02010b41cdec/antenna/tag/e2806894000040038662114f, 88
1652716102.833372, sdrt-health/mac:02010b41cdec/antenna/tag/e2806894000050038662194f, 87
1652716102.904366, sdrt-health/mac:02010b41cdec/antenna/tag/e2806894000040038662114f, 88
1652716102.905124, sdrt-health/mac:02010b41cdec/antenna/tag/e2806894000040038662114f, 88
1652716102.920994, sdrt-health/mac:02010b41cdec/antenna/tag/e28068940000400386621d4f, 90
1652716102.921323, sdrt-health/mac:02010b41cdec/antenna/tag/e28068940000400386621d4f, 96
1652716102.921545, sdrt-health/mac:02010b41cdec/antenna/tag/e2806894000050038662154f, 88
1652716102.921787, sdrt-health/mac:02010b41cdec/antenna/tag/e28068940000400386621d4f, 96
1652716102.922024, sdrt-health/mac:02010b41cdec/antenna/tag/e2806894000040038662114f, 88
1652716102.922232, sdrt-health/mac:02010b41cdec/antenna/tag/e2806894000050038662154f, 85
1652716102.922437, sdrt-health/mac:02010b41cdec/antenna/tag/e2806894000040038662114f, 88
1652716102.922701, sdrt-health/mac:02010b41cdec/antenna/tag/e2806894000050038661fd4f, 83
1652716102.922908, sdrt-health/mac:02010b41cdec/antenna/tag/e2806894000050038661fd4f, 97
1652716102.923126, sdrt-health/mac:02010b41cdec/antenna/tag/e28068940000400386621d4f, 96
1652716102.923357, sdrt-health/mac:02010b41cdec/antenna/tag/e2806894000050038662154f, 91
1652716102.923683, sdrt-health/mac:02010b41cdec/antenna/tag/e2806894000040038662114f, 88
1652716102.923915, sdrt-health/mac:02010b41cdec/antenna/tag/e28068940000400386621d4f, 96
1652716102.924219, sdrt-health/mac:02010b41cdec/antenna/tag/e2806894000050038662154f, 91
1652716103.040061, sdrt-health/mac:02010b41cdec/antenna/tag/e2806894000050038662154f, 97
1652716103.071489, sdrt-health/mac:02010b41cdec/antenna/tag/e2806894000050038662154f, 88
1652716103.071836, sdrt-health/mac:02010b41cdec/antenna/tag/e2806894000050038662154f, 88
1652716103.072061, sdrt-health/mac:02010b41cdec/antenna/tag/e2806894000050038662154f, 85
1652716103.072274, sdrt-health/mac:02010b41cdec/antenna/tag/e2806894000050038662194f, 81
1652716103.100879, sdrt-health/mac:02010b41cdec/antenna/tag/e2806894000050038661fd4f, 86
1652716103.272882, sdrt-health/mac:02010b41cdec/antenna/tag/e2806894000050038661fd4f, 83
1652716103.273358, sdrt-health/mac:02010b41cdec/antenna/tag/e2806894000050038661fd4f, 83
1652716103.288627, sdrt-health/mac:02010b41cdec/antenna/tag/e2806894000040038662114f, 88
1652716103.352714, sdrt-health/mac:02010b41cdec/antenna/tag/e28068940000400386621d4f, 96
1652716103.383751, sdrt-health/mac:02010b41cdec/antenna/tag/e2806894000040038662114f, 88
1652716103.38406, sdrt-health/mac:02010b41cdec/antenna/tag/e28068940000400386621d4f, 96
1652716103.384256, sdrt-health/mac:02010b41cdec/antenna/tag/e2806894000040038662114f, 88
1652716103.384438, sdrt-health/mac:02010b41cdec/antenna/tag/e2806894000050038662194f, 83
1652716103.817932, sdrt-health/mac:02010b41cdec/antenna/tag/e2806894000040038661f94f, 94
1652716103.84709, sdrt-health/mac:02010b41cdec/antenna/tag/e2806894000050038661fd4f, 86
1652716103.847698, sdrt-health/mac:02010b41cdec/antenna/tag/e2806894000040038662114f, 85
1652716103.861765, sdrt-health/mac:02010b41cdec/antenna/tag/e2806894000050038662194f, 83
1652716103.892461, sdrt-health/mac:02010b41cdec/antenna/tag/e2806894000040038662114f, 91
1652716103.892776, sdrt-health/mac:02010b41cdec/antenna/tag/e28068940000400386621d4f, 96
1652716103.893011, sdrt-health/mac:02010b41cdec/antenna/tag/e2806894000050038662154f, 88
1652716103.893237, sdrt-health/mac:02010b41cdec/antenna/tag/e2806894000050038662194f, 81
1652716103.89343, sdrt-health/mac:02010b41cdec/antenna/tag/e28068940000400386621d4f, 96
1652716103.893624, sdrt-health/mac:02010b41cdec/antenna/tag/e2806894000040038662114f, 85
1652716103.893836, sdrt-health/mac:02010b41cdec/antenna/tag/e28068940000400386621d4f, 96
1652716103.894094, sdrt-health/mac:02010b41cdec/antenna/tag/e2806894000050038661fd4f, 83
1652716103.894345, sdrt-health/mac:02010b41cdec/antenna/tag/e2806894000050038661fd4f, 86
1652716103.894685, sdrt-health/mac:02010b41cdec/antenna/tag/e28068940000400386621d4f, 90
1652716103.961042, sdrt-health/mac:02010b41cdec/antenna/tag/e2806894000050038662154f, 88
1652716103.988076, sdrt-health/mac:02010b41cdec/antenna/tag/e2806894000040038662114f, 88
1652716103.98829, sdrt-health/mac:02010b41cdec/antenna/tag/e2806894000050038661fd4f, 86
1652716103.988426, sdrt-health/mac:02010b41cdec/antenna/tag/e2806894000050038662154f, 88
1652716104.02623, sdrt-health/mac:02010b41cdec/antenna/tag/e2806894000050038662154f, 91
1652716104.054684, sdrt-health/mac:02010b41cdec/antenna/tag/e2806894000040038662114f, 88
1652716104.054915, sdrt-health/mac:02010b41cdec/antenna/tag/e2806894000050038661fd4f, 86
1652716104.075054, sdrt-health/mac:02010b41cdec/antenna/tag/e2806894000040038662114f, 88
1652716104.104751, sdrt-health/mac:02010b41cdec/antenna/tag/e2806894000040038662114f, 88
1652716104.104997, sdrt-health/mac:02010b41cdec/antenna/tag/e2806894000050038661fd4f, 86
1652716104.138422, sdrt-health/mac:02010b41cdec/antenna/tag/e2806894000040038662114f, 88
1652716104.139013, sdrt-health/mac:02010b41cdec/antenna/tag/e2806894000050038661fd4f, 83
1652716104.210917, sdrt-health/mac:02010b41cdec/antenna/tag/e28068940000400386621d4f, 96
1652716104.291641, sdrt-health/mac:02010b41cdec/antenna/tag/e2806894000040038662114f, 88
1652716104.430597, sdrt-health/mac:02010b41cdec/antenna/tag/e28068940000400386621d4f, 90
1652716104.431074, sdrt-health/mac:02010b41cdec/antenna/tag/e28068940000400386621d4f, 96
1652716104.445849, sdrt-health/mac:02010b41cdec/antenna/tag/e2806894000050038661fd4f, 86
1652716104.563107, sdrt-health/mac:02010b41cdec/antenna/tag/e2806894000050038662154f, 91
1652716104.56362, sdrt-health/mac:02010b41cdec/antenna/tag/e2806894000040038662114f, 97
1652716104.577256, sdrt-health/mac:02010b41cdec/antenna/tag/e2806894000050038661fd4f, 86
1652716104.577701, sdrt-health/mac:02010b41cdec/antenna/tag/e2806894000040038662114f, 91
1652716104.57807, sdrt-health/mac:02010b41cdec/antenna/tag/e2806894000050038662194f, 83
1652716104.578356, sdrt-health/mac:02010b41cdec/antenna/tag/e2806894000050038662194f, 83
1652716104.64414, sdrt-health/mac:02010b41cdec/antenna/tag/e2806894000050038662194f, 93
1652716104.672462, sdrt-health/mac:02010b41cdec/antenna/tag/e2806894000050038662154f, 88
1652716104.672902, sdrt-health/mac:02010b41cdec/antenna/tag/e28068940000400386621d4f, 90
1652716104.673156, sdrt-health/mac:02010b41cdec/antenna/tag/e2806894000040038662114f, 88
1652716104.673388, sdrt-health/mac:02010b41cdec/antenna/tag/e2806894000050038662154f, 85
1652716104.732445, sdrt-health/mac:02010b41cdec/antenna/tag/e2806894000040038662114f, 91
1652716104.762922, sdrt-health/mac:02010b41cdec/antenna/tag/e2806894000050038661fd4f, 83
1652716104.763482, sdrt-health/mac:02010b41cdec/antenna/tag/e2806894000040038662214f, 84
1652716104.763886, sdrt-health/mac:02010b41cdec/antenna/tag/e28068940000400386621d4f, 77
1652716104.764345, sdrt-health/mac:02010b41cdec/antenna/tag/e2806894000050038662194f, 94
1652716104.822727, sdrt-health/mac:02010b41cdec/antenna/tag/e28068940000400386621d4f, 77
1652716104.854173, sdrt-health/mac:02010b41cdec/antenna/tag/e2806894000050038662154f, 88
1652716104.854867, sdrt-health/mac:02010b41cdec/antenna/tag/e2806894000050038662154f, 91
1652716104.855187, sdrt-health/mac:02010b41cdec/antenna/tag/e2806894000050038661fd4f, 86
1652716104.855486, sdrt-health/mac:02010b41cdec/antenna/tag/e2806894000050038662194f, 81
1652716104.876778, sdrt-health/mac:02010b41cdec/antenna/tag/e2806894000050038662154f, 91
1652716104.906255, sdrt-health/mac:02010b41cdec/antenna/tag/e2806894000040038662114f, 85
1652716104.906594, sdrt-health/mac:02010b41cdec/antenna/tag/e2806894000050038662154f, 91
1652716104.920365, sdrt-health/mac:02010b41cdec/antenna/tag/e2806894000040038662114f, 85
1652716104.983106, sdrt-health/mac:02010b41cdec/antenna/tag/e2806894000050038662154f, 91
1652716104.983632, sdrt-health/mac:02010b41cdec/antenna/tag/e2806894000040038662114f, 88
1652716105.027746, sdrt-health/mac:02010b41cdec/antenna/tag/e28068940000500386620d4f, 88
1652716105.068098, sdrt-health/mac:02010b41cdec/antenna/tag/e2806894000050038662194f, 81
1652716105.138071, sdrt-health/mac:02010b41cdec/antenna/tag/e2806894000050038662194f, 94
1652716105.177642, sdrt-health/mac:02010b41cdec/antenna/tag/e2806894000040038662114f, 85
1652716105.177961, sdrt-health/mac:02010b41cdec/antenna/tag/e2806894000050038662154f, 88
1652716105.26699, sdrt-health/mac:02010b41cdec/antenna/tag/e2806894000040038662114f, 85
1652716105.304369, sdrt-health/mac:02010b41cdec/antenna/tag/e28068940000400386621d4f, 96
1652716105.304675, sdrt-health/mac:02010b41cdec/antenna/tag/e2806894000040038662114f, 88
1652716105.346532, sdrt-health/mac:02010b41cdec/antenna/tag/e28068940000400386621d4f, 96
1652716105.449962, sdrt-health/mac:02010b41cdec/antenna/tag/e2806894000050038662154f, 88
1652716105.450448, sdrt-health/mac:02010b41cdec/antenna/tag/e2806894000040038662114f, 88
1652716105.46411, sdrt-health/mac:02010b41cdec/antenna/tag/e2806894000050038662154f, 91
1652716105.502741, sdrt-health/mac:02010b41cdec/antenna/tag/e28068940000400386621d4f, 96
1652716105.503111, sdrt-health/mac:02010b41cdec/antenna/tag/e28068940000400386621d4f, 96
1652716105.518755, sdrt-health/mac:02010b41cdec/antenna/tag/e2806894000050038662154f, 91
1652716105.519171, sdrt-health/mac:02010b41cdec/antenna/tag/e28068940000400386621d4f, 96
1652716105.519403, sdrt-health/mac:02010b41cdec/antenna/tag/e28068940000400386621d4f, 96
1652716105.519739, sdrt-health/mac:02010b41cdec/antenna/tag/e2806894000050038661fd4f, 86
1652716105.539239, sdrt-health/mac:02010b41cdec/antenna/tag/e28068940000400386621d4f, 96
1652716105.568813, sdrt-health/mac:02010b41cdec/antenna/tag/e2806894000050038661fd4f, 83
1652716105.569163, sdrt-health/mac:02010b41cdec/antenna/tag/e2806894000050038662154f, 88
1652716105.587681, sdrt-health/mac:02010b41cdec/antenna/tag/e2806894000050038662194f, 83
1652716105.657747, sdrt-health/mac:02010b41cdec/antenna/tag/e28068940000400386621d4f, 96
1652716105.658269, sdrt-health/mac:02010b41cdec/antenna/tag/e2806894000050038662154f, 97
1652716105.695695, sdrt-health/mac:02010b41cdec/antenna/tag/e28068940000400386621d4f, 96
1652716105.779298, sdrt-health/mac:02010b41cdec/antenna/tag/e2806894000050038661fd4f, 90
1652716105.779912, sdrt-health/mac:02010b41cdec/antenna/tag/e28068940000400386621d4f, 96
1652716105.793816, sdrt-health/mac:02010b41cdec/antenna/tag/e2806894000050038661fd4f, 86
1652716105.794325, sdrt-health/mac:02010b41cdec/antenna/tag/e2806894000040038662114f, 91
1652716105.816924, sdrt-health/mac:02010b41cdec/antenna/tag/e2806894000040038662114f, 97
1652716106.049585, sdrt-health/mac:02010b41cdec/antenna/tag/e2806894000050038661fd4f, 86
1652716106.086161, sdrt-health/mac:02010b41cdec/antenna/tag/e28068940000400386621d4f, 90
1652716106.117183, sdrt-health/mac:02010b41cdec/antenna/tag/e2806894000040038662114f, 91
1652716106.117525, sdrt-health/mac:02010b41cdec/antenna/tag/e2806894000050038661fd4f, 86
1652716106.208159, sdrt-health/mac:02010b41cdec/antenna/tag/e28068940000400386621d4f, 96
1652716106.238361, sdrt-health/mac:02010b41cdec/antenna/tag/e2806894000050038662194f, 81
1652716106.238689, sdrt-health/mac:02010b41cdec/antenna/tag/e2806894000040038662114f, 85
1652716106.238961, sdrt-health/mac:02010b41cdec/antenna/tag/e2806894000050038662154f, 93
1652716106.239174, sdrt-health/mac:02010b41cdec/antenna/tag/e2806894000050038662194f, 83
1652716106.239381, sdrt-health/mac:02010b41cdec/antenna/tag/e2806894000050038661fd4f, 97
1652716106.239588, sdrt-health/mac:02010b41cdec/antenna/tag/e2806894000040038662114f, 88
1652716106.239792, sdrt-health/mac:02010b41cdec/antenna/tag/e2806894000050038662154f, 85
1652716106.240026, sdrt-health/mac:02010b41cdec/antenna/tag/e2806894000050038661fd4f, 97
1652716106.24023, sdrt-health/mac:02010b41cdec/antenna/tag/e28068940000400386621d4f, 96
1652716106.240491, sdrt-health/mac:02010b41cdec/antenna/tag/e2806894000050038661fd4f, 97
1652716106.284143, sdrt-health/mac:02010b41cdec/antenna/tag/e2806894000050038662154f, 88
1652716106.329605, sdrt-health/mac:02010b41cdec/antenna/tag/e28068940000400386621d4f, 96
1652716106.330318, sdrt-health/mac:02010b41cdec/antenna/tag/e2806894000050038662154f, 91
1652716106.330904, sdrt-health/mac:02010b41cdec/antenna/tag/e28068940000400386621d4f, 96
1652716106.346739, sdrt-health/mac:02010b41cdec/antenna/tag/e2806894000050038661fd4f, 86
1652716106.347174, sdrt-health/mac:02010b41cdec/antenna/tag/e28068940000400386621d4f, 96
1652716106.347605, sdrt-health/mac:02010b41cdec/antenna/tag/e2806894000050038661fd4f, 90
1652716106.377669, sdrt-health/mac:02010b41cdec/antenna/tag/e2806894000050038662154f, 88
1652716106.438931, sdrt-health/mac:02010b41cdec/antenna/tag/e28068940000400386621d4f, 90
1652716106.480764, sdrt-health/mac:02010b41cdec/antenna/tag/e2806894000050038662154f, 88
1652716106.556081, sdrt-health/mac:02010b41cdec/antenna/tag/e28068940000400386621d4f, 90
1652716106.55656, sdrt-health/mac:02010b41cdec/antenna/tag/e2806894000040038662114f, 91
1652716106.571643, sdrt-health/mac:02010b41cdec/antenna/tag/e2806894000050038662154f, 88
1652716106.587003, sdrt-health/mac:02010b41cdec/antenna/tag/e2806894000040038662114f, 88
1652716106.587552, sdrt-health/mac:02010b41cdec/antenna/tag/e2806894000050038662154f, 85
1652716106.76883, sdrt-health/mac:02010b41cdec/antenna/tag/e2806894000050038661fd4f, 83
1652716107.034959, sdrt-health/mac:02010b41cdec/antenna/tag/e2806894000050038662194f, 87
1652716107.08721, sdrt-health/mac:02010b41cdec/antenna/tag/e28068940000400386621d4f, 90
1652716107.116812, sdrt-health/mac:02010b41cdec/antenna/tag/e2806894000050038661fd4f, 86
1652716107.117376, sdrt-health/mac:02010b41cdec/antenna/tag/e2806894000040038662114f, 88
1652716107.117853, sdrt-health/mac:02010b41cdec/antenna/tag/e2806894000050038662154f, 88
1652716107.118592, sdrt-health/mac:02010b41cdec/antenna/tag/e2806894000050038661fd4f, 86
1652716107.11884, sdrt-health/mac:02010b41cdec/antenna/tag/e28068940000400386621d4f, 90
1652716107.119054, sdrt-health/mac:02010b41cdec/antenna/tag/e2806894000050038661fd4f, 83
1652716107.11931, sdrt-health/mac:02010b41cdec/antenna/tag/e28068940000400386621d4f, 96
1652716107.119607, sdrt-health/mac:02010b41cdec/antenna/tag/e2806894000050038661fd4f, 83
1652716107.119826, sdrt-health/mac:02010b41cdec/antenna/tag/e2806894000050038662154f, 88
1652716107.131421, sdrt-health/mac:02010b41cdec/antenna/tag/e2806894000050038662194f, 83
1652716107.18565, sdrt-health/mac:02010b41cdec/antenna/tag/e2806894000050038662154f, 87
1652716107.34483, sdrt-health/mac:02010b41cdec/antenna/tag/e2806894000040038662114f, 88
1652716107.345345, sdrt-health/mac:02010b41cdec/antenna/tag/e28068940000400386621d4f, 96
1652716107.35965, sdrt-health/mac:02010b41cdec/antenna/tag/e2806894000050038662194f, 94
1652716107.393957, sdrt-health/mac:02010b41cdec/antenna/tag/e2806894000040038662114f, 88
1652716107.394516, sdrt-health/mac:02010b41cdec/antenna/tag/e2806894000050038661fd4f, 83
1652716107.408351, sdrt-health/mac:02010b41cdec/antenna/tag/e2806894000050038662194f, 88
1652716107.408605, sdrt-health/mac:02010b41cdec/antenna/tag/e2806894000040038662114f, 91
1652716107.408777, sdrt-health/mac:02010b41cdec/antenna/tag/e2806894000050038662194f, 83
1652716107.419415, sdrt-health/mac:02010b41cdec/antenna/tag/e28068940000400386621d4f, 96
1652716107.425305, sdrt-health/mac:02010b41cdec/antenna/tag/e2806894000040038662114f, 88
1652716107.425513, sdrt-health/mac:02010b41cdec/antenna/tag/e2806894000050038661fd4f, 97
1652716107.46527, sdrt-health/mac:02010b41cdec/antenna/tag/e2806894000050038662154f, 88
1652716107.538642, sdrt-health/mac:02010b41cdec/antenna/tag/e2806894000050038662154f, 87
1652716107.617483, sdrt-health/mac:02010b41cdec/antenna/tag/e2806894000050038661fd4f, 83
1652716107.617954, sdrt-health/mac:02010b41cdec/antenna/tag/e2806894000050038662154f, 93
1652716107.630951, sdrt-health/mac:02010b41cdec/antenna/tag/e2806894000050038662194f, 83
1652716107.661345, sdrt-health/mac:02010b41cdec/antenna/tag/e2806894000050038661fd4f, 83
1652716107.728549, sdrt-health/mac:02010b41cdec/antenna/tag/e2806894000050038661fd4f, 83
1652716107.96102, sdrt-health/mac:02010b41cdec/antenna/tag/e2806894000040038662114f, 97
1652716108.025017, sdrt-health/mac:02010b41cdec/antenna/tag/e2806894000050038662194f, 81
1652716108.173691, sdrt-health/mac:02010b41cdec/antenna/tag/e2806894000040038662114f, 91
1652716108.174215, sdrt-health/mac:02010b41cdec/antenna/tag/e28068940000400386621d4f, 77
1652716108.188805, sdrt-health/mac:02010b41cdec/antenna/tag/e2806894000050038661fd4f, 86
1652716108.189646, sdrt-health/mac:02010b41cdec/antenna/tag/e2806894000050038662154f, 88
1652716108.189992, sdrt-health/mac:02010b41cdec/antenna/tag/e28068940000400386621d4f, 96
1652716108.190248, sdrt-health/mac:02010b41cdec/antenna/tag/e2806894000050038661fd4f, 83
1652716108.190489, sdrt-health/mac:02010b41cdec/antenna/tag/e2806894000050038662154f, 85
1652716108.190743, sdrt-health/mac:02010b41cdec/antenna/tag/e2806894000050038662194f, 94
1652716108.191026, sdrt-health/mac:02010b41cdec/antenna/tag/e2806894000050038662194f, 87
1652716108.191286, sdrt-health/mac:02010b41cdec/antenna/tag/e2806894000050038662154f, 91
1652716108.191628, sdrt-health/mac:02010b41cdec/antenna/tag/e2806894000050038661fd4f, 86
1652716108.191895, sdrt-health/mac:02010b41cdec/antenna/tag/e28068940000400386621d4f, 90
1652716108.192125, sdrt-health/mac:02010b41cdec/antenna/tag/e28068940000400386621d4f, 90
1652716108.192381, sdrt-health/mac:02010b41cdec/antenna/tag/e2806894000040038661f94f, 84
1652716108.192651, sdrt-health/mac:02010b41cdec/antenna/tag/e28068940000400386621d4f, 77
1652716108.216417, sdrt-health/mac:02010b41cdec/antenna/tag/e2806894000050038661fd4f, 97
1652716108.458028, sdrt-health/mac:02010b41cdec/antenna/tag/e2806894000050038661fd4f, 97
1652716108.566819, sdrt-health/mac:02010b41cdec/antenna/tag/e2806894000050038662194f, 83
1652716108.645752, sdrt-health/mac:02010b41cdec/antenna/tag/e2806894000050038662154f, 91
1652716108.67634, sdrt-health/mac:02010b41cdec/antenna/tag/e2806894000050038662154f, 88
1652716108.676902, sdrt-health/mac:02010b41cdec/antenna/tag/e2806894000040038662114f, 91
1652716108.67718, sdrt-health/mac:02010b41cdec/antenna/tag/e2806894000050038661fd4f, 86
1652716108.677482, sdrt-health/mac:02010b41cdec/antenna/tag/e28068940000400386621d4f, 90
1652716108.677796, sdrt-health/mac:02010b41cdec/antenna/tag/e2806894000050038662194f, 83
1652716108.678116, sdrt-health/mac:02010b41cdec/antenna/tag/e2806894000040038662114f, 91
1652716108.678526, sdrt-health/mac:02010b41cdec/antenna/tag/e2806894000050038661fd4f, 97
1652716108.678983, sdrt-health/mac:02010b41cdec/antenna/tag/e2806894000050038661fd4f, 83
1652716108.679319, sdrt-health/mac:02010b41cdec/antenna/tag/e2806894000050038662194f, 83
1652716108.679938, sdrt-health/mac:02010b41cdec/antenna/tag/e2806894000050038662154f, 85
1652716108.819616, sdrt-health/mac:02010b41cdec/antenna/tag/e2806894000050038662194f, 83
1652716108.849963, sdrt-health/mac:02010b41cdec/antenna/tag/e28068940000400386621d4f, 90
1652716108.850579, sdrt-health/mac:02010b41cdec/antenna/tag/e2806894000040038662114f, 88
1652716108.871237, sdrt-health/mac:02010b41cdec/antenna/tag/e2806894000050038661fd4f, 83
1652716108.900665, sdrt-health/mac:02010b41cdec/antenna/tag/e2806894000050038662194f, 83
1652716108.900998, sdrt-health/mac:02010b41cdec/antenna/tag/e2806894000050038661fd4f, 83
1652716108.901229, sdrt-health/mac:02010b41cdec/antenna/tag/e2806894000050038661fd4f, 83
1652716108.901479, sdrt-health/mac:02010b41cdec/antenna/tag/e28068940000400386621d4f, 77
1652716108.901735, sdrt-health/mac:02010b41cdec/antenna/tag/e2806894000050038662154f, 85
1652716108.902036, sdrt-health/mac:02010b41cdec/antenna/tag/e28068940000400386621d4f, 96
1652716109.019658, sdrt-health/mac:02010b41cdec/antenna/tag/e28068940000400386621d4f, 96
1652716109.083923, sdrt-health/mac:02010b41cdec/antenna/tag/e2806894000050038661fd4f, 86
1652716109.11578, sdrt-health/mac:02010b41cdec/antenna/tag/e2806894000040038662114f, 85
1652716109.116263, sdrt-health/mac:02010b41cdec/antenna/tag/e28068940000400386621d4f, 96
1652716109.116675, sdrt-health/mac:02010b41cdec/antenna/tag/e28068940000400386621d4f, 96
1652716109.117029, sdrt-health/mac:02010b41cdec/antenna/tag/e2806894000050038661fd4f, 83
1652716109.117338, sdrt-health/mac:02010b41cdec/antenna/tag/e2806894000040038662114f, 93
1652716109.117676, sdrt-health/mac:02010b41cdec/antenna/tag/e28068940000400386621d4f, 96
1652716109.130936, sdrt-health/mac:02010b41cdec/antenna/tag/e2806894000040038662114f, 88
1652716109.131277, sdrt-health/mac:02010b41cdec/antenna/tag/e2806894000050038661fd4f, 97
1652716109.131647, sdrt-health/mac:02010b41cdec/antenna/tag/e28068940000400386621d4f, 96
1652716109.184635, sdrt-health/mac:02010b41cdec/antenna/tag/e28068940000400386621d4f, 90
1652716109.215469, sdrt-health/mac:02010b41cdec/antenna/tag/e2806894000050038662154f, 91
1652716109.215892, sdrt-health/mac:02010b41cdec/antenna/tag/e2806894000050038662154f, 88
1652716109.2391, sdrt-health/mac:02010b41cdec/antenna/tag/e2806894000040038662114f, 88
1652716109.267492, sdrt-health/mac:02010b41cdec/antenna/tag/e28068940000400386621d4f, 96
1652716109.267828, sdrt-health/mac:02010b41cdec/antenna/tag/e2806894000040038662114f, 88
1652716109.360027, sdrt-health/mac:02010b41cdec/antenna/tag/e2806894000040038662114f, 91
1652716109.435296, sdrt-health/mac:02010b41cdec/antenna/tag/e2806894000050038662154f, 88
1652716109.435789, sdrt-health/mac:02010b41cdec/antenna/tag/e2806894000050038662194f, 81
1652716109.451817, sdrt-health/mac:02010b41cdec/antenna/tag/e2806894000040038662114f, 91
1652716109.452119, sdrt-health/mac:02010b41cdec/antenna/tag/e2806894000040038662114f, 91
1652716109.452364, sdrt-health/mac:02010b41cdec/antenna/tag/e2806894000050038662194f, 81
1652716109.508753, sdrt-health/mac:02010b41cdec/antenna/tag/e2806894000050038662194f, 87
1652716109.539992, sdrt-health/mac:02010b41cdec/antenna/tag/e2806894000040038662114f, 88
1652716109.540503, sdrt-health/mac:02010b41cdec/antenna/tag/e2806894000050038662194f, 87
1652716109.564852, sdrt-health/mac:02010b41cdec/antenna/tag/e2806894000050038662154f, 88
1652716109.655627, sdrt-health/mac:02010b41cdec/antenna/tag/e2806894000050038661fd4f, 83
1652716109.686287, sdrt-health/mac:02010b41cdec/antenna/tag/e2806894000050038662154f, 91
1652716109.686572, sdrt-health/mac:02010b41cdec/antenna/tag/e2806894000050038662154f, 88
1652716109.703613, sdrt-health/mac:02010b41cdec/antenna/tag/e28068940000400386621d4f, 96
1652716109.703906, sdrt-health/mac:02010b41cdec/antenna/tag/e2806894000040038662114f, 85
1652716109.704111, sdrt-health/mac:02010b41cdec/antenna/tag/e2806894000050038662154f, 91
1652716109.768601, sdrt-health/mac:02010b41cdec/antenna/tag/e2806894000050038662154f, 93
1652716109.846607, sdrt-health/mac:02010b41cdec/antenna/tag/e2806894000050038662194f, 87
1652716109.878194, sdrt-health/mac:02010b41cdec/antenna/tag/e2806894000040038662114f, 88
1652716109.878621, sdrt-health/mac:02010b41cdec/antenna/tag/e2806894000050038661fd4f, 83
1652716109.913242, sdrt-health/mac:02010b41cdec/antenna/tag/e2806894000040038662114f, 85
1652716109.941742, sdrt-health/mac:02010b41cdec/antenna/tag/e2806894000050038661fd4f, 86
1652716109.942038, sdrt-health/mac:02010b41cdec/antenna/tag/e2806894000050038662154f, 91
1652716109.992778, sdrt-health/mac:02010b41cdec/antenna/tag/e28068940000500386620d4f, 84
1652716110.088434, sdrt-health/mac:02010b41cdec/antenna/tag/e28068940000400386621d4f, 96
1652716110.088888, sdrt-health/mac:02010b41cdec/antenna/tag/e2806894000050038662194f, 85
1652716110.089261, sdrt-health/mac:02010b41cdec/antenna/tag/e2806894000040038662114f, 91
1652716110.131132, sdrt-health/mac:02010b41cdec/antenna/tag/e2806894000050038661fd4f, 86
1652716110.233802, sdrt-health/mac:02010b41cdec/antenna/tag/e2806894000040038662114f, 85
1652716110.262561, sdrt-health/mac:02010b41cdec/antenna/tag/e2806894000050038661fd4f, 83
1652716110.262828, sdrt-health/mac:02010b41cdec/antenna/tag/e2806894000040038662114f, 88
1652716110.298135, sdrt-health/mac:02010b41cdec/antenna/tag/e2806894000040038662114f, 85
1652716110.345135, sdrt-health/mac:02010b41cdec/antenna/tag/e28068940000400386621d4f, 96
1652716110.345605, sdrt-health/mac:02010b41cdec/antenna/tag/e28068940000400386621d4f, 96
1652716110.345948, sdrt-health/mac:02010b41cdec/antenna/tag/e28068940000400386621d4f, 96
1652716110.363324, sdrt-health/mac:02010b41cdec/antenna/tag/e28068940000400386621d4f, 90
1652716110.437777, sdrt-health/mac:02010b41cdec/antenna/tag/e28068940000400386621d4f, 96
1652716110.438257, sdrt-health/mac:02010b41cdec/antenna/tag/e28068940000400386621d4f, 90
1652716110.457735, sdrt-health/mac:02010b41cdec/antenna/tag/e2806894000040038662114f, 88
1652716110.458258, sdrt-health/mac:02010b41cdec/antenna/tag/e2806894000040038662114f, 88
1652716110.458622, sdrt-health/mac:02010b41cdec/antenna/tag/e28068940000400386621d4f, 96
1652716110.485679, sdrt-health/mac:02010b41cdec/antenna/tag/e2806894000040038662114f, 88
1652716110.553444, sdrt-health/mac:02010b41cdec/antenna/tag/e2806894000050038662154f, 88
1652716110.581777, sdrt-health/mac:02010b41cdec/antenna/tag/e2806894000050038661fd4f, 86
1652716110.582267, sdrt-health/mac:02010b41cdec/antenna/tag/e2806894000040038662114f, 88
1652716110.63407, sdrt-health/mac:02010b41cdec/antenna/tag/e28068940000400386621d4f, 90
1652716110.663154, sdrt-health/mac:02010b41cdec/antenna/tag/e2806894000040038662214f, 94
1652716110.663693, sdrt-health/mac:02010b41cdec/antenna/tag/e2806894000050038661fd4f, 83
1652716110.693096, sdrt-health/mac:02010b41cdec/antenna/tag/e28068940000400386621d4f, 77
1652716110.724962, sdrt-health/mac:02010b41cdec/antenna/tag/e2806894000040038662214f, 81
1652716110.72524, sdrt-health/mac:02010b41cdec/antenna/tag/e2806894000050038661fd4f, 83
1652716110.725429, sdrt-health/mac:02010b41cdec/antenna/tag/e2806894000040038662114f, 88
1652716110.740419, sdrt-health/mac:02010b41cdec/antenna/tag/e2806894000050038661fd4f, 83
1652716110.7917, sdrt-health/mac:02010b41cdec/antenna/tag/e2806894000050038661fd4f, 86
1652716110.822368, sdrt-health/mac:02010b41cdec/antenna/tag/e28068940000400386621d4f, 96
1652716110.822759, sdrt-health/mac:02010b41cdec/antenna/tag/e2806894000050038662154f, 88
1652716110.82303, sdrt-health/mac:02010b41cdec/antenna/tag/e28068940000400386621d4f, 96
1652716110.856419, sdrt-health/mac:02010b41cdec/antenna/tag/e2806894000050038661fd4f, 86
1652716111.038796, sdrt-health/mac:02010b41cdec/antenna/tag/e2806894000050038661fd4f, 86
1652716111.114958, sdrt-health/mac:02010b41cdec/antenna/tag/e28068940000400386621d4f, 90
1652716111.115363, sdrt-health/mac:02010b41cdec/antenna/tag/e2806894000050038661fd4f, 86
1652716111.129227, sdrt-health/mac:02010b41cdec/antenna/tag/e2806894000050038662194f, 87
1652716111.239297, sdrt-health/mac:02010b41cdec/antenna/tag/scan, scan stopped
