1652716290.478281, sdrt-health/mac:02010b41cdec/antenna/power/set, {"power": 300}
1652716291.595082, sdrt-health/mac:02010b41cdec/antenna/power/set, 
1652716295.501398, sdrt-health/mac:02010b41cdec/antenna/tag/scan, {"time": 20000}
1652716295.857673, sdrt-health/mac:02010b41cdec/antenna/tag/e28068940000400386621d4f, 96
1652716295.913778, sdrt-health/mac:02010b41cdec/antenna/tag/e2806894000050038662194f, 83
1652716295.961573, sdrt-health/mac:02010b41cdec/antenna/tag/e2806894000050038662154f, 91
1652716296.020027, sdrt-health/mac:02010b41cdec/antenna/tag/e2806894000050038661fd4f, 83
1652716296.020584, sdrt-health/mac:02010b41cdec/antenna/tag/e2806894000040038662114f, 88
1652716296.035783, sdrt-health/mac:02010b41cdec/antenna/tag/e28068940000400386621d4f, 96
1652716296.064062, sdrt-health/mac:02010b41cdec/antenna/tag/e2806894000050038661fd4f, 86
1652716296.093128, sdrt-health/mac:02010b41cdec/antenna/tag/e2806894000040038662114f, 88
1652716296.093459, sdrt-health/mac:02010b41cdec/antenna/tag/e2806894000050038662194f, 94
1652716296.119967, sdrt-health/mac:02010b41cdec/antenna/tag/e2806894000040038661f94f, 88
1652716296.182282, sdrt-health/mac:02010b41cdec/antenna/tag/e2806894000050038661fd4f, 86
1652716296.182765, sdrt-health/mac:02010b41cdec/antenna/tag/e2806894000050038662154f, 85
1652716296.226302, sdrt-health/mac:02010b41cdec/antenna/tag/e2806894000050038661fd4f, 83
1652716296.255021, sdrt-health/mac:02010b41cdec/antenna/tag/e2806894000040038661f94f, 81
1652716296.255308, sdrt-health/mac:02010b41cdec/antenna/tag/e2806894000040038662214f, 81
1652716296.288088, sdrt-health/mac:02010b41cdec/antenna/tag/e2806894000050038662154f, 91
1652716296.346598, sdrt-health/mac:02010b41cdec/antenna/tag/e2806894000050038662194f, 81
1652716296.375065, sdrt-health/mac:02010b41cdec/antenna/tag/e2806894000040038662114f, 91
1652716296.375385, sdrt-health/mac:02010b41cdec/antenna/tag/e2806894000050038661fd4f, 90
1652716296.406309, sdrt-health/mac:02010b41cdec/antenna/tag/e2806894000040038662114f, 97
1652716296.448047, sdrt-health/mac:02010b41cdec/antenna/tag/e2806894000040038661f94f, 88
1652716296.50113, sdrt-health/mac:02010b41cdec/antenna/tag/e2806894000040038662114f, 97
1652716296.501613, sdrt-health/mac:02010b41cdec/antenna/tag/e2806894000040038661f94f, 103
1652716296.502007, sdrt-health/mac:02010b41cdec/antenna/tag/e2806894000050038662194f, 93
1652716296.502353, sdrt-health/mac:02010b41cdec/antenna/tag/e2806894000040038662054f, 88
1652716296.543355, sdrt-health/mac:02010b41cdec/antenna/tag/e2806894000040038662114f, 83
1652716296.622061, sdrt-health/mac:02010b41cdec/antenna/tag/e2806894000040038662114f, 91
1652716296.62266, sdrt-health/mac:02010b41cdec/antenna/tag/e2806894000050038662194f, 87
1652716296.623182, sdrt-health/mac:02010b41cdec/antenna/tag/e2806894000040038662054f, 94
1652716296.623582, sdrt-health/mac:02010b41cdec/antenna/tag/e28068940000400386621d4f, 96
1652716296.65673, sdrt-health/mac:02010b41cdec/antenna/tag/e2806894000040038661f94f, 88
1652716296.720978, sdrt-health/mac:02010b41cdec/antenna/tag/e2806894000050038662154f, 85
1652716296.787462, sdrt-health/mac:02010b41cdec/antenna/tag/e2806894000040038661f94f, 83
1652716296.861821, sdrt-health/mac:02010b41cdec/antenna/tag/e2806894000040038662214f, 83
1652716296.862298, sdrt-health/mac:02010b41cdec/antenna/tag/e2806894000050038662014f, 84
1652716296.87771, sdrt-health/mac:02010b41cdec/antenna/tag/e2806894000050038661fd4f, 90
1652716296.942381, sdrt-health/mac:02010b41cdec/antenna/tag/e28068940000400386621d4f, 77
1652716296.942679, sdrt-health/mac:02010b41cdec/antenna/tag/e2806894000040038662114f, 91
1652716296.975317, sdrt-health/mac:02010b41cdec/antenna/tag/e2806894000040038662114f, 88
1652716297.032711, sdrt-health/mac:02010b41cdec/antenna/tag/e28068940000400386621d4f, 96
1652716297.033221, sdrt-health/mac:02010b41cdec/antenna/tag/e2806894000050038662194f, 81
1652716297.116964, sdrt-health/mac:02010b41cdec/antenna/tag/e2806894000040038662054f, 84
1652716297.198238, sdrt-health/mac:02010b41cdec/antenna/tag/e28068940000400386621d4f, 77
1652716297.22713, sdrt-health/mac:02010b41cdec/antenna/tag/e2806894000050038661fd4f, 97
1652716297.227983, sdrt-health/mac:02010b41cdec/antenna/tag/e2806894000050038662154f, 91
1652716297.241941, sdrt-health/mac:02010b41cdec/antenna/tag/e2806894000040038662114f, 88
1652716297.242345, sdrt-health/mac:02010b41cdec/antenna/tag/e2806894000050038662154f, 97
1652716297.242845, sdrt-health/mac:02010b41cdec/antenna/tag/e28068940000400386621d4f, 96
1652716297.286259, sdrt-health/mac:02010b41cdec/antenna/tag/e2806894000050038662194f, 87
1652716297.349262, sdrt-health/mac:02010b41cdec/antenna/tag/e2806894000050038662154f, 91
1652716297.349809, sdrt-health/mac:02010b41cdec/antenna/tag/e2806894000040038662054f, 88
1652716297.363453, sdrt-health/mac:02010b41cdec/antenna/tag/e2806894000040038661f94f, 84
1652716297.376117, sdrt-health/mac:02010b41cdec/antenna/tag/e2806894000040038662114f, 91
1652716297.378615, sdrt-health/mac:02010b41cdec/antenna/tag/e2806894000040038662114f, 88
1652716297.4256, sdrt-health/mac:02010b41cdec/antenna/tag/e2806894000050038662154f, 97
1652716297.495004, sdrt-health/mac:02010b41cdec/antenna/tag/e2806894000040038661f94f, 81
1652716297.53557, sdrt-health/mac:02010b41cdec/antenna/tag/e2806894000050038661fd4f, 90
1652716297.574645, sdrt-health/mac:02010b41cdec/antenna/tag/e28068940000400386621d4f, 77
1652716297.616953, sdrt-health/mac:02010b41cdec/antenna/tag/e28068940000400386621d4f, 77
1652716297.665374, sdrt-health/mac:02010b41cdec/antenna/tag/e2806894000050038662154f, 85
1652716297.822311, sdrt-health/mac:02010b41cdec/antenna/tag/e2806894000050038661fd4f, 83
1652716297.822906, sdrt-health/mac:02010b41cdec/antenna/tag/e2806894000050038662194f, 81
1652716297.891982, sdrt-health/mac:02010b41cdec/antenna/tag/e2806894000040038662054f, 83
1652716297.946703, sdrt-health/mac:02010b41cdec/antenna/tag/e2806894000040038662114f, 97
1652716297.94726, sdrt-health/mac:02010b41cdec/antenna/tag/e2806894000040038661f94f, 110
1652716297.961233, sdrt-health/mac:02010b41cdec/antenna/tag/e28068940000400386621d4f, 96
1652716297.985568, sdrt-health/mac:02010b41cdec/antenna/tag/e2806894000040038662214f, 81
1652716298.071187, sdrt-health/mac:02010b41cdec/antenna/tag/e28068940000400386621d4f, 77
1652716298.07166, sdrt-health/mac:02010b41cdec/antenna/tag/e2806894000040038662214f, 88
1652716298.096343, sdrt-health/mac:02010b41cdec/antenna/tag/e2806894000040038662114f, 91
1652716298.126497, sdrt-health/mac:02010b41cdec/antenna/tag/e2806894000040038661f94f, 84
1652716298.169162, sdrt-health/mac:02010b41cdec/antenna/tag/e28068940000400386621d4f, 77
1652716298.200919, sdrt-health/mac:02010b41cdec/antenna/tag/e2806894000050038662194f, 83
1652716298.201279, sdrt-health/mac:02010b41cdec/antenna/tag/e2806894000040038662114f, 88
1652716298.235173, sdrt-health/mac:02010b41cdec/antenna/tag/e28068940000500386620d4f, 94
1652716298.28163, sdrt-health/mac:02010b41cdec/antenna/tag/e28068940000400386621d4f, 96
1652716298.312852, sdrt-health/mac:02010b41cdec/antenna/tag/e28068940000400386621d4f, 77
1652716298.313198, sdrt-health/mac:02010b41cdec/antenna/tag/e28068940000400386621d4f, 77
1652716298.344431, sdrt-health/mac:02010b41cdec/antenna/tag/e28068940000400386621d4f, 96
1652716298.386542, sdrt-health/mac:02010b41cdec/antenna/tag/e2806894000050038661fd4f, 86
1652716298.446776, sdrt-health/mac:02010b41cdec/antenna/tag/e2806894000050038662154f, 91
1652716298.447391, sdrt-health/mac:02010b41cdec/antenna/tag/e2806894000040038661f94f, 88
1652716298.496826, sdrt-health/mac:02010b41cdec/antenna/tag/e2806894000050038661fd4f, 86
1652716298.587707, sdrt-health/mac:02010b41cdec/antenna/tag/e2806894000050038662154f, 91
1652716298.635082, sdrt-health/mac:02010b41cdec/antenna/tag/e2806894000050038661fd4f, 86
1652716298.671876, sdrt-health/mac:02010b41cdec/antenna/tag/e2806894000050038661fd4f, 83
1652716298.672273, sdrt-health/mac:02010b41cdec/antenna/tag/e28068940000400386621d4f, 77
1652716298.687285, sdrt-health/mac:02010b41cdec/antenna/tag/e2806894000050038661fd4f, 83
1652716298.687752, sdrt-health/mac:02010b41cdec/antenna/tag/e2806894000050038662194f, 87
1652716298.688391, sdrt-health/mac:02010b41cdec/antenna/tag/e2806894000040038662054f, 88
1652716298.741319, sdrt-health/mac:02010b41cdec/antenna/tag/e2806894000040038662054f, 88
1652716298.813528, sdrt-health/mac:02010b41cdec/antenna/tag/e2806894000040038662214f, 84
1652716298.813992, sdrt-health/mac:02010b41cdec/antenna/tag/e28068940000400386621d4f, 96
1652716298.829319, sdrt-health/mac:02010b41cdec/antenna/tag/e2806894000040038662114f, 91
1652716298.839757, sdrt-health/mac:02010b41cdec/antenna/tag/e2806894000050038662154f, 88
1652716298.847991, sdrt-health/mac:02010b41cdec/antenna/tag/e2806894000040038662054f, 88
1652716298.892043, sdrt-health/mac:02010b41cdec/antenna/tag/e2806894000040038662114f, 91
1652716298.935691, sdrt-health/mac:02010b41cdec/antenna/tag/e2806894000050038661fd4f, 86
1652716298.975249, sdrt-health/mac:02010b41cdec/antenna/tag/e28068940000400386621d4f, 96
1652716299.026027, sdrt-health/mac:02010b41cdec/antenna/tag/e2806894000050038662154f, 85
1652716299.065059, sdrt-health/mac:02010b41cdec/antenna/tag/e28068940000400386621d4f, 96
1652716299.167171, sdrt-health/mac:02010b41cdec/antenna/tag/e2806894000040038662114f, 91
1652716299.167637, sdrt-health/mac:02010b41cdec/antenna/tag/e28068940000400386621d4f, 96
1652716299.195721, sdrt-health/mac:02010b41cdec/antenna/tag/e2806894000050038661fd4f, 83
1652716299.22449, sdrt-health/mac:02010b41cdec/antenna/tag/e28068940000400386621d4f, 96
1652716299.224791, sdrt-health/mac:02010b41cdec/antenna/tag/e2806894000040038662114f, 91
1652716299.246454, sdrt-health/mac:02010b41cdec/antenna/tag/e2806894000050038662194f, 87
1652716299.275161, sdrt-health/mac:02010b41cdec/antenna/tag/e2806894000050038662154f, 88
1652716299.275555, sdrt-health/mac:02010b41cdec/antenna/tag/e28068940000400386621d4f, 96
1652716299.303588, sdrt-health/mac:02010b41cdec/antenna/tag/e2806894000050038661fd4f, 83
1652716299.370656, sdrt-health/mac:02010b41cdec/antenna/tag/e2806894000050038662194f, 88
1652716299.371177, sdrt-health/mac:02010b41cdec/antenna/tag/e2806894000040038661f94f, 81
1652716299.386038, sdrt-health/mac:02010b41cdec/antenna/tag/e2806894000050038662154f, 85
1652716299.386446, sdrt-health/mac:02010b41cdec/antenna/tag/e2806894000040038662054f, 88
1652716299.386657, sdrt-health/mac:02010b41cdec/antenna/tag/e2806894000050038662194f, 81
1652716299.386916, sdrt-health/mac:02010b41cdec/antenna/tag/e2806894000040038662054f, 94
1652716299.396405, sdrt-health/mac:02010b41cdec/antenna/tag/e28068940000400386621d4f, 77
1652716299.46033, sdrt-health/mac:02010b41cdec/antenna/tag/e2806894000050038662154f, 88
1652716299.542741, sdrt-health/mac:02010b41cdec/antenna/tag/e2806894000050038662154f, 88
1652716299.543306, sdrt-health/mac:02010b41cdec/antenna/tag/e2806894000040038661f94f, 85
1652716299.587436, sdrt-health/mac:02010b41cdec/antenna/tag/e2806894000050038662194f, 94
1652716299.616527, sdrt-health/mac:02010b41cdec/antenna/tag/e28068940000400386621d4f, 77
1652716299.617147, sdrt-health/mac:02010b41cdec/antenna/tag/e2806894000040038662114f, 91
1652716299.63142, sdrt-health/mac:02010b41cdec/antenna/tag/e2806894000040038662214f, 94
1652716299.631822, sdrt-health/mac:02010b41cdec/antenna/tag/e28068940000400386621d4f, 77
1652716299.812854, sdrt-health/mac:02010b41cdec/antenna/tag/e2806894000040038662114f, 88
1652716299.913475, sdrt-health/mac:02010b41cdec/antenna/tag/e2806894000050038662194f, 85
1652716299.914001, sdrt-health/mac:02010b41cdec/antenna/tag/e28068940000400386621d4f, 96
1652716299.930485, sdrt-health/mac:02010b41cdec/antenna/tag/e2806894000050038662154f, 91
1652716299.930864, sdrt-health/mac:02010b41cdec/antenna/tag/e2806894000050038662194f, 83
1652716299.931195, sdrt-health/mac:02010b41cdec/antenna/tag/e2806894000040038662114f, 88
1652716299.961629, sdrt-health/mac:02010b41cdec/antenna/tag/e2806894000040038662214f, 81
1652716299.961964, sdrt-health/mac:02010b41cdec/antenna/tag/e2806894000040038661f94f, 110
1652716299.962187, sdrt-health/mac:02010b41cdec/antenna/tag/e2806894000040038662114f, 91
1652716299.962459, sdrt-health/mac:02010b41cdec/antenna/tag/e2806894000050038662154f, 85
1652716299.977758, sdrt-health/mac:02010b41cdec/antenna/tag/e2806894000040038662114f, 88
1652716300.053416, sdrt-health/mac:02010b41cdec/antenna/tag/e2806894000050038662154f, 91
1652716300.054067, sdrt-health/mac:02010b41cdec/antenna/tag/e2806894000050038662194f, 87
1652716300.24062, sdrt-health/mac:02010b41cdec/antenna/tag/e2806894000050038662194f, 93
1652716300.359332, sdrt-health/mac:02010b41cdec/antenna/tag/e2806894000050038661fd4f, 86
1652716300.359792, sdrt-health/mac:02010b41cdec/antenna/tag/e2806894000040038662054f, 88
1652716300.373544, sdrt-health/mac:02010b41cdec/antenna/tag/e2806894000040038662114f, 97
1652716300.373971, sdrt-health/mac:02010b41cdec/antenna/tag/e2806894000050038661fd4f, 86
1652716300.374365, sdrt-health/mac:02010b41cdec/antenna/tag/e2806894000040038662054f, 94
1652716300.390819, sdrt-health/mac:02010b41cdec/antenna/tag/e2806894000040038662114f, 97
1652716300.421775, sdrt-health/mac:02010b41cdec/antenna/tag/e2806894000050038662194f, 81
1652716300.422149, sdrt-health/mac:02010b41cdec/antenna/tag/e2806894000050038662194f, 83
1652716300.422391, sdrt-health/mac:02010b41cdec/antenna/tag/e2806894000040038661f94f, 88
1652716300.422621, sdrt-health/mac:02010b41cdec/antenna/tag/e2806894000040038662114f, 88
1652716300.437893, sdrt-health/mac:02010b41cdec/antenna/tag/e2806894000050038662194f, 83
1652716300.467482, sdrt-health/mac:02010b41cdec/antenna/tag/e2806894000040038662054f, 81
1652716300.467831, sdrt-health/mac:02010b41cdec/antenna/tag/e2806894000050038661fd4f, 86
1652716300.485035, sdrt-health/mac:02010b41cdec/antenna/tag/e2806894000040038662054f, 84
1652716300.48551, sdrt-health/mac:02010b41cdec/antenna/tag/e28068940000400386621d4f, 96
1652716300.575821, sdrt-health/mac:02010b41cdec/antenna/tag/e2806894000050038662194f, 83
1652716300.619043, sdrt-health/mac:02010b41cdec/antenna/tag/e2806894000040038661f94f, 84
1652716300.670915, sdrt-health/mac:02010b41cdec/antenna/tag/e2806894000050038662154f, 88
1652716300.671305, sdrt-health/mac:02010b41cdec/antenna/tag/e2806894000040038662214f, 88
1652716300.686021, sdrt-health/mac:02010b41cdec/antenna/tag/e2806894000050038661fd4f, 97
1652716300.710991, sdrt-health/mac:02010b41cdec/antenna/tag/e2806894000050038662154f, 85
1652716300.770448, sdrt-health/mac:02010b41cdec/antenna/tag/e2806894000050038662194f, 83
1652716300.799623, sdrt-health/mac:02010b41cdec/antenna/tag/e28068940000400386621d4f, 96
1652716300.800203, sdrt-health/mac:02010b41cdec/antenna/tag/e2806894000040038661f94f, 84
1652716300.83897, sdrt-health/mac:02010b41cdec/antenna/tag/e2806894000040038662114f, 88
1652716300.902863, sdrt-health/mac:02010b41cdec/antenna/tag/e28068940000400386621d4f, 96
1652716300.903342, sdrt-health/mac:02010b41cdec/antenna/tag/e2806894000050038662154f, 85
1652716300.917464, sdrt-health/mac:02010b41cdec/antenna/tag/e2806894000050038661fd4f, 83
1652716300.917789, sdrt-health/mac:02010b41cdec/antenna/tag/e2806894000050038662154f, 85
1652716300.917998, sdrt-health/mac:02010b41cdec/antenna/tag/e2806894000050038661fd4f, 83
1652716300.937198, sdrt-health/mac:02010b41cdec/antenna/tag/e2806894000040038662054f, 88
1652716300.972736, sdrt-health/mac:02010b41cdec/antenna/tag/e2806894000040038662114f, 88
1652716301.002145, sdrt-health/mac:02010b41cdec/antenna/tag/e2806894000050038662154f, 91
1652716301.002461, sdrt-health/mac:02010b41cdec/antenna/tag/e2806894000050038662194f, 81
1652716301.002663, sdrt-health/mac:02010b41cdec/antenna/tag/e28068940000400386621d4f, 96
1652716301.01496, sdrt-health/mac:02010b41cdec/antenna/tag/e2806894000050038661fd4f, 86
1652716301.050514, sdrt-health/mac:02010b41cdec/antenna/tag/e2806894000040038662114f, 88
1652716301.0962, sdrt-health/mac:02010b41cdec/antenna/tag/e2806894000040038662214f, 94
1652716301.159297, sdrt-health/mac:02010b41cdec/antenna/tag/e28068940000400386621d4f, 77
1652716301.21585, sdrt-health/mac:02010b41cdec/antenna/tag/e2806894000050038661fd4f, 90
1652716301.255939, sdrt-health/mac:02010b41cdec/antenna/tag/e2806894000050038662154f, 91
1652716301.297587, sdrt-health/mac:02010b41cdec/antenna/tag/e2806894000040038662114f, 91
1652716301.326953, sdrt-health/mac:02010b41cdec/antenna/tag/e2806894000050038662194f, 81
1652716301.327841, sdrt-health/mac:02010b41cdec/antenna/tag/e2806894000040038661f94f, 94
1652716301.328048, sdrt-health/mac:02010b41cdec/antenna/tag/e2806894000040038662114f, 91
1652716301.363194, sdrt-health/mac:02010b41cdec/antenna/tag/e2806894000050038662194f, 83
1652716301.417066, sdrt-health/mac:02010b41cdec/antenna/tag/e2806894000050038662154f, 88
1652716301.505598, sdrt-health/mac:02010b41cdec/antenna/tag/e2806894000050038662194f, 83
1652716301.568104, sdrt-health/mac:02010b41cdec/antenna/tag/e28068940000400386621d4f, 96
1652716301.599038, sdrt-health/mac:02010b41cdec/antenna/tag/e2806894000040038662114f, 91
1652716301.599473, sdrt-health/mac:02010b41cdec/antenna/tag/e28068940000400386621d4f, 96
1652716301.599754, sdrt-health/mac:02010b41cdec/antenna/tag/e2806894000050038661fd4f, 86
1652716301.61468, sdrt-health/mac:02010b41cdec/antenna/tag/e2806894000040038662114f, 97
1652716301.689569, sdrt-health/mac:02010b41cdec/antenna/tag/e2806894000050038661fd4f, 86
1652716301.690072, sdrt-health/mac:02010b41cdec/antenna/tag/e2806894000040038662114f, 88
1652716301.737438, sdrt-health/mac:02010b41cdec/antenna/tag/e2806894000040038662114f, 91
1652716301.798879, sdrt-health/mac:02010b41cdec/antenna/tag/e28068940000400386621d4f, 96
1652716301.799388, sdrt-health/mac:02010b41cdec/antenna/tag/e2806894000050038661fd4f, 83
1652716301.814581, sdrt-health/mac:02010b41cdec/antenna/tag/e2806894000050038662154f, 85
1652716301.814796, sdrt-health/mac:02010b41cdec/antenna/tag/e2806894000050038662194f, 93
1652716301.814949, sdrt-health/mac:02010b41cdec/antenna/tag/e2806894000040038661f94f, 84
1652716301.833979, sdrt-health/mac:02010b41cdec/antenna/tag/e2806894000040038662214f, 94
1652716301.923351, sdrt-health/mac:02010b41cdec/antenna/tag/e2806894000040038662054f, 82
1652716301.92392, sdrt-health/mac:02010b41cdec/antenna/tag/e2806894000040038662114f, 91
1652716301.937751, sdrt-health/mac:02010b41cdec/antenna/tag/e2806894000050038662154f, 91
1652716301.978669, sdrt-health/mac:02010b41cdec/antenna/tag/e2806894000050038662194f, 87
1652716302.041522, sdrt-health/mac:02010b41cdec/antenna/tag/e28068940000400386621d4f, 96
1652716302.042027, sdrt-health/mac:02010b41cdec/antenna/tag/e2806894000040038661f94f, 84
1652716302.083926, sdrt-health/mac:02010b41cdec/antenna/tag/e2806894000050038661fd4f, 83
1652716302.113318, sdrt-health/mac:02010b41cdec/antenna/tag/e2806894000040038662054f, 84
1652716302.113829, sdrt-health/mac:02010b41cdec/antenna/tag/e28068940000400386621d4f, 96
1652716302.162321, sdrt-health/mac:02010b41cdec/antenna/tag/e2806894000050038662154f, 97
1652716302.312084, sdrt-health/mac:02010b41cdec/antenna/tag/e2806894000040038662114f, 88
1652716302.312627, sdrt-health/mac:02010b41cdec/antenna/tag/e2806894000050038662154f, 91
1652716302.328303, sdrt-health/mac:02010b41cdec/antenna/tag/e2806894000050038661fd4f, 90
1652716302.328669, sdrt-health/mac:02010b41cdec/antenna/tag/e28068940000400386621d4f, 96
1652716302.32905, sdrt-health/mac:02010b41cdec/antenna/tag/e2806894000050038662194f, 81
1652716302.366362, sdrt-health/mac:02010b41cdec/antenna/tag/e2806894000050038661fd4f, 86
1652716302.394976, sdrt-health/mac:02010b41cdec/antenna/tag/e2806894000050038661fd4f, 90
1652716302.395238, sdrt-health/mac:02010b41cdec/antenna/tag/e2806894000050038662154f, 88
1652716302.395445, sdrt-health/mac:02010b41cdec/antenna/tag/e2806894000050038661fd4f, 90
1652716302.395583, sdrt-health/mac:02010b41cdec/antenna/tag/e2806894000050038662194f, 88
1652716302.438779, sdrt-health/mac:02010b41cdec/antenna/tag/e28068940000400386621d4f, 96
1652716302.470195, sdrt-health/mac:02010b41cdec/antenna/tag/e28068940000400386621d4f, 96
1652716302.470554, sdrt-health/mac:02010b41cdec/antenna/tag/e2806894000050038662194f, 88
1652716302.521281, sdrt-health/mac:02010b41cdec/antenna/tag/e28068940000400386621d4f, 96
1652716302.589671, sdrt-health/mac:02010b41cdec/antenna/tag/e2806894000050038661fd4f, 86
1652716302.590244, sdrt-health/mac:02010b41cdec/antenna/tag/e2806894000050038662194f, 88
1652716302.643394, sdrt-health/mac:02010b41cdec/antenna/tag/e2806894000040038662114f, 91
1652716302.69328, sdrt-health/mac:02010b41cdec/antenna/tag/e2806894000040038662114f, 91
1652716302.693721, sdrt-health/mac:02010b41cdec/antenna/tag/e2806894000040038661f94f, 88
1652716302.707171, sdrt-health/mac:02010b41cdec/antenna/tag/e2806894000040038662214f, 84
1652716302.727269, sdrt-health/mac:02010b41cdec/antenna/tag/e28068940000400386621d4f, 77
1652716302.801677, sdrt-health/mac:02010b41cdec/antenna/tag/e2806894000040038662214f, 94
1652716302.802369, sdrt-health/mac:02010b41cdec/antenna/tag/e2806894000050038662154f, 91
1652716302.84592, sdrt-health/mac:02010b41cdec/antenna/tag/e2806894000050038662194f, 94
1652716302.890363, sdrt-health/mac:02010b41cdec/antenna/tag/e2806894000050038661fd4f, 86
1652716302.96014, sdrt-health/mac:02010b41cdec/antenna/tag/e2806894000040038661f94f, 83
1652716303.038729, sdrt-health/mac:02010b41cdec/antenna/tag/e2806894000040038662114f, 97
1652716303.039243, sdrt-health/mac:02010b41cdec/antenna/tag/e2806894000040038662054f, 88
1652716303.052409, sdrt-health/mac:02010b41cdec/antenna/tag/e2806894000050038662194f, 87
1652716303.052878, sdrt-health/mac:02010b41cdec/antenna/tag/e2806894000050038661fd4f, 86
1652716303.065308, sdrt-health/mac:02010b41cdec/antenna/tag/e2806894000050038662194f, 87
1652716303.06702, sdrt-health/mac:02010b41cdec/antenna/tag/e2806894000050038661fd4f, 83
1652716303.104831, sdrt-health/mac:02010b41cdec/antenna/tag/e28068940000400386621d4f, 96
1652716303.166784, sdrt-health/mac:02010b41cdec/antenna/tag/e2806894000040038662114f, 91
1652716303.21385, sdrt-health/mac:02010b41cdec/antenna/tag/e28068940000400386621d4f, 77
1652716303.271908, sdrt-health/mac:02010b41cdec/antenna/tag/e2806894000040038662114f, 85
1652716303.301316, sdrt-health/mac:02010b41cdec/antenna/tag/e2806894000040038662054f, 84
1652716303.301709, sdrt-health/mac:02010b41cdec/antenna/tag/e2806894000040038662114f, 88
1652716303.322842, sdrt-health/mac:02010b41cdec/antenna/tag/e2806894000050038662154f, 91
1652716303.36482, sdrt-health/mac:02010b41cdec/antenna/tag/e2806894000040038662114f, 88
1652716303.430371, sdrt-health/mac:02010b41cdec/antenna/tag/e28068940000400386621d4f, 77
1652716303.430944, sdrt-health/mac:02010b41cdec/antenna/tag/e28068940000400386621d4f, 96
1652716303.496239, sdrt-health/mac:02010b41cdec/antenna/tag/e28068940000400386621d4f, 96
1652716303.58722, sdrt-health/mac:02010b41cdec/antenna/tag/e2806894000040038662114f, 88
1652716303.683327, sdrt-health/mac:02010b41cdec/antenna/tag/e2806894000050038662194f, 81
1652716303.71404, sdrt-health/mac:02010b41cdec/antenna/tag/e2806894000040038661f94f, 84
1652716303.714251, sdrt-health/mac:02010b41cdec/antenna/tag/e2806894000050038661fd4f, 97
1652716303.714394, sdrt-health/mac:02010b41cdec/antenna/tag/e28068940000400386621d4f, 77
1652716303.738488, sdrt-health/mac:02010b41cdec/antenna/tag/e2806894000050038662154f, 91
1652716303.80106, sdrt-health/mac:02010b41cdec/antenna/tag/e2806894000050038662154f, 91
1652716303.8016, sdrt-health/mac:02010b41cdec/antenna/tag/e2806894000050038662194f, 83
1652716303.801945, sdrt-health/mac:02010b41cdec/antenna/tag/e2806894000050038662154f, 91
1652716303.827422, sdrt-health/mac:02010b41cdec/antenna/tag/e2806894000040038662054f, 81
1652716303.827861, sdrt-health/mac:02010b41cdec/antenna/tag/e2806894000040038662114f, 91
1652716303.878697, sdrt-health/mac:02010b41cdec/antenna/tag/e2806894000040038661f94f, 81
1652716303.93092, sdrt-health/mac:02010b41cdec/antenna/tag/e2806894000050038662154f, 91
1652716304.001097, sdrt-health/mac:02010b41cdec/antenna/tag/e2806894000040038662114f, 88
1652716304.001559, sdrt-health/mac:02010b41cdec/antenna/tag/e2806894000040038662054f, 81
1652716304.015457, sdrt-health/mac:02010b41cdec/antenna/tag/e2806894000050038662154f, 91
1652716304.044895, sdrt-health/mac:02010b41cdec/antenna/tag/e2806894000040038662114f, 91
1652716304.045463, sdrt-health/mac:02010b41cdec/antenna/tag/e28068940000400386621d4f, 96
1652716304.04587, sdrt-health/mac:02010b41cdec/antenna/tag/e2806894000040038662114f, 91
1652716304.046241, sdrt-health/mac:02010b41cdec/antenna/tag/e2806894000050038662194f, 88
1652716304.074473, sdrt-health/mac:02010b41cdec/antenna/tag/e2806894000050038662154f, 91
1652716304.142291, sdrt-health/mac:02010b41cdec/antenna/tag/e2806894000050038662154f, 85
1652716304.14289, sdrt-health/mac:02010b41cdec/antenna/tag/e2806894000040038662214f, 88
1652716304.156785, sdrt-health/mac:02010b41cdec/antenna/tag/e28068940000400386621d4f, 77
1652716304.218031, sdrt-health/mac:02010b41cdec/antenna/tag/e2806894000040038662054f, 88
1652716304.281168, sdrt-health/mac:02010b41cdec/antenna/tag/e2806894000040038662114f, 97
1652716304.310753, sdrt-health/mac:02010b41cdec/antenna/tag/e2806894000050038662194f, 81
1652716304.31113, sdrt-health/mac:02010b41cdec/antenna/tag/e2806894000050038662154f, 88
1652716304.311522, sdrt-health/mac:02010b41cdec/antenna/tag/e2806894000040038662054f, 81
1652716304.328313, sdrt-health/mac:02010b41cdec/antenna/tag/e2806894000050038662154f, 91
1652716304.387602, sdrt-health/mac:02010b41cdec/antenna/tag/e2806894000040038662054f, 94
1652716304.467713, sdrt-health/mac:02010b41cdec/antenna/tag/e2806894000050038661fd4f, 90
1652716304.468274, sdrt-health/mac:02010b41cdec/antenna/tag/e2806894000040038661f94f, 81
1652716304.481346, sdrt-health/mac:02010b41cdec/antenna/tag/e28068940000400386621d4f, 96
1652716304.51827, sdrt-health/mac:02010b41cdec/antenna/tag/e2806894000040038662054f, 88
1652716304.570632, sdrt-health/mac:02010b41cdec/antenna/tag/e2806894000040038661f94f, 94
1652716304.571095, sdrt-health/mac:02010b41cdec/antenna/tag/e2806894000040038662214f, 81
1652716304.585089, sdrt-health/mac:02010b41cdec/antenna/tag/e2806894000040038662214f, 81
1652716304.625778, sdrt-health/mac:02010b41cdec/antenna/tag/e2806894000050038662154f, 85
1652716304.692963, sdrt-health/mac:02010b41cdec/antenna/tag/e2806894000050038662194f, 83
1652716304.69347, sdrt-health/mac:02010b41cdec/antenna/tag/e2806894000040038662114f, 88
1652716304.707965, sdrt-health/mac:02010b41cdec/antenna/tag/e2806894000050038662194f, 83
1652716304.708467, sdrt-health/mac:02010b41cdec/antenna/tag/e2806894000050038662154f, 85
1652716304.74154, sdrt-health/mac:02010b41cdec/antenna/tag/e28068940000400386621d4f, 77
1652716304.826212, sdrt-health/mac:02010b41cdec/antenna/tag/e2806894000040038662214f, 88
1652716304.826734, sdrt-health/mac:02010b41cdec/antenna/tag/e2806894000050038662194f, 87
1652716304.84075, sdrt-health/mac:02010b41cdec/antenna/tag/e2806894000040038662214f, 94
1652716304.841328, sdrt-health/mac:02010b41cdec/antenna/tag/e2806894000040038662114f, 91
1652716304.855453, sdrt-health/mac:02010b41cdec/antenna/tag/e2806894000040038662114f, 88
1652716304.907068, sdrt-health/mac:02010b41cdec/antenna/tag/e28068940000400386621d4f, 96
1652716304.969056, sdrt-health/mac:02010b41cdec/antenna/tag/e2806894000040038662054f, 81
1652716304.969266, sdrt-health/mac:02010b41cdec/antenna/tag/e2806894000040038662114f, 91
1652716305.011026, sdrt-health/mac:02010b41cdec/antenna/tag/e2806894000040038662114f, 88
1652716305.046763, sdrt-health/mac:02010b41cdec/antenna/tag/e2806894000040038661f94f, 81
1652716305.104181, sdrt-health/mac:02010b41cdec/antenna/tag/e2806894000050038661fd4f, 86
1652716305.196377, sdrt-health/mac:02010b41cdec/antenna/tag/e28068940000400386621d4f, 96
1652716305.196969, sdrt-health/mac:02010b41cdec/antenna/tag/e2806894000050038661fd4f, 83
1652716305.238241, sdrt-health/mac:02010b41cdec/antenna/tag/e2806894000040038662054f, 84
1652716305.276549, sdrt-health/mac:02010b41cdec/antenna/tag/e2806894000050038661fd4f, 83
1652716305.377782, sdrt-health/mac:02010b41cdec/antenna/tag/e2806894000050038662154f, 91
1652716305.478986, sdrt-health/mac:02010b41cdec/antenna/tag/e28068940000400386621d4f, 96
1652716305.515649, sdrt-health/mac:02010b41cdec/antenna/tag/e2806894000050038662194f, 81
1652716305.516146, sdrt-health/mac:02010b41cdec/antenna/tag/e2806894000040038662114f, 88
1652716305.532412, sdrt-health/mac:02010b41cdec/antenna/tag/e2806894000050038661fd4f, 83
1652716305.577624, sdrt-health/mac:02010b41cdec/antenna/tag/e2806894000050038661fd4f, 83
1652716305.660929, sdrt-health/mac:02010b41cdec/antenna/tag/e2806894000040038662214f, 110
1652716305.695822, sdrt-health/mac:02010b41cdec/antenna/tag/e2806894000050038661fd4f, 83
1652716305.7366, sdrt-health/mac:02010b41cdec/antenna/tag/e2806894000040038662214f, 81
1652716305.775051, sdrt-health/mac:02010b41cdec/antenna/tag/e28068940000400386621d4f, 77
1652716305.815693, sdrt-health/mac:02010b41cdec/antenna/tag/e2806894000040038662114f, 88
1652716305.854765, sdrt-health/mac:02010b41cdec/antenna/tag/e2806894000050038662154f, 85
1652716305.921346, sdrt-health/mac:02010b41cdec/antenna/tag/e28068940000500386620d4f, 81
1652716305.921962, sdrt-health/mac:02010b41cdec/antenna/tag/e2806894000040038662114f, 97
1652716305.935223, sdrt-health/mac:02010b41cdec/antenna/tag/e2806894000050038661fd4f, 83
1652716305.959089, sdrt-health/mac:02010b41cdec/antenna/tag/e2806894000050038662194f, 87
1652716305.959864, sdrt-health/mac:02010b41cdec/antenna/tag/e2806894000040038662214f, 94
1652716305.973483, sdrt-health/mac:02010b41cdec/antenna/tag/e2806894000040038662114f, 88
1652716306.014983, sdrt-health/mac:02010b41cdec/antenna/tag/e2806894000050038662154f, 85
1652716306.072739, sdrt-health/mac:02010b41cdec/antenna/tag/e2806894000040038662114f, 88
1652716306.141153, sdrt-health/mac:02010b41cdec/antenna/tag/e2806894000040038662114f, 91
1652716306.229132, sdrt-health/mac:02010b41cdec/antenna/tag/e2806894000050038661fd4f, 97
1652716306.229645, sdrt-health/mac:02010b41cdec/antenna/tag/e2806894000040038662114f, 88
1652716306.265679, sdrt-health/mac:02010b41cdec/antenna/tag/e2806894000050038662154f, 91
1652716306.328534, sdrt-health/mac:02010b41cdec/antenna/tag/e2806894000050038662194f, 87
1652716306.328965, sdrt-health/mac:02010b41cdec/antenna/tag/e28068940000400386621d4f, 77
1652716306.366359, sdrt-health/mac:02010b41cdec/antenna/tag/e2806894000040038662114f, 85
1652716306.407055, sdrt-health/mac:02010b41cdec/antenna/tag/e2806894000040038662054f, 84
1652716306.715476, sdrt-health/mac:02010b41cdec/antenna/tag/e2806894000050038662014f, 94
1652716306.749926, sdrt-health/mac:02010b41cdec/antenna/tag/e2806894000040038662054f, 81
1652716306.750379, sdrt-health/mac:02010b41cdec/antenna/tag/e2806894000040038662114f, 91
1652716306.750713, sdrt-health/mac:02010b41cdec/antenna/tag/e28068940000400386621d4f, 96
1652716306.751116, sdrt-health/mac:02010b41cdec/antenna/tag/e28068940000400386621d4f, 96
1652716306.751457, sdrt-health/mac:02010b41cdec/antenna/tag/e2806894000040038662054f, 87
1652716306.889517, sdrt-health/mac:02010b41cdec/antenna/tag/e2806894000040038661f94f, 83
1652716306.919262, sdrt-health/mac:02010b41cdec/antenna/tag/e2806894000040038661f94f, 87
1652716306.919525, sdrt-health/mac:02010b41cdec/antenna/tag/e2806894000040038662054f, 81
1652716306.919701, sdrt-health/mac:02010b41cdec/antenna/tag/e2806894000050038662154f, 85
1652716306.919876, sdrt-health/mac:02010b41cdec/antenna/tag/e2806894000040038662114f, 88
1652716306.920106, sdrt-health/mac:02010b41cdec/antenna/tag/e2806894000050038662194f, 93
1652716306.920402, sdrt-health/mac:02010b41cdec/antenna/tag/e2806894000040038662114f, 91
1652716306.945621, sdrt-health/mac:02010b41cdec/antenna/tag/e2806894000050038661fd4f, 86
1652716306.973281, sdrt-health/mac:02010b41cdec/antenna/tag/e2806894000050038662194f, 87
1652716306.973578, sdrt-health/mac:02010b41cdec/antenna/tag/e2806894000050038662194f, 94
1652716306.99826, sdrt-health/mac:02010b41cdec/antenna/tag/e2806894000050038662154f, 91
1652716307.059415, sdrt-health/mac:02010b41cdec/antenna/tag/e2806894000040038662054f, 84
1652716307.059995, sdrt-health/mac:02010b41cdec/antenna/tag/e2806894000050038662194f, 81
1652716307.094272, sdrt-health/mac:02010b41cdec/antenna/tag/e2806894000040038661f94f, 83
1652716307.16193, sdrt-health/mac:02010b41cdec/antenna/tag/e2806894000040038662114f, 88
1652716307.191746, sdrt-health/mac:02010b41cdec/antenna/tag/e2806894000050038661fd4f, 83
1652716307.19239, sdrt-health/mac:02010b41cdec/antenna/tag/e2806894000050038661fd4f, 86
1652716307.216192, sdrt-health/mac:02010b41cdec/antenna/tag/e2806894000040038661f94f, 87
1652716307.288182, sdrt-health/mac:02010b41cdec/antenna/tag/e2806894000040038661f94f, 81
1652716307.289493, sdrt-health/mac:02010b41cdec/antenna/tag/e2806894000040038662114f, 88
1652716307.30396, sdrt-health/mac:02010b41cdec/antenna/tag/e28068940000400386621d4f, 96
1652716307.343236, sdrt-health/mac:02010b41cdec/antenna/tag/e2806894000050038661fd4f, 97
1652716307.431146, sdrt-health/mac:02010b41cdec/antenna/tag/e2806894000050038662194f, 83
1652716307.431618, sdrt-health/mac:02010b41cdec/antenna/tag/e2806894000040038662114f, 91
1652716307.444976, sdrt-health/mac:02010b41cdec/antenna/tag/e2806894000040038661f94f, 83
1652716307.445436, sdrt-health/mac:02010b41cdec/antenna/tag/e2806894000050038662154f, 85
1652716307.457367, sdrt-health/mac:02010b41cdec/antenna/tag/e2806894000050038662194f, 83
1652716307.46127, sdrt-health/mac:02010b41cdec/antenna/tag/e2806894000040038661f94f, 81
1652716307.497953, sdrt-health/mac:02010b41cdec/antenna/tag/e28068940000400386621d4f, 90
1652716307.572454, sdrt-health/mac:02010b41cdec/antenna/tag/e2806894000050038661fd4f, 90
1652716307.572923, sdrt-health/mac:02010b41cdec/antenna/tag/e2806894000050038662154f, 88
1652716307.591046, sdrt-health/mac:02010b41cdec/antenna/tag/e2806894000050038662194f, 94
1652716307.663332, sdrt-health/mac:02010b41cdec/antenna/tag/e2806894000050038662194f, 85
1652716307.723871, sdrt-health/mac:02010b41cdec/antenna/tag/e2806894000050038661fd4f, 83
1652716307.781358, sdrt-health/mac:02010b41cdec/antenna/tag/e2806894000050038662194f, 81
1652716307.858765, sdrt-health/mac:02010b41cdec/antenna/tag/e2806894000050038661fd4f, 86
1652716307.859273, sdrt-health/mac:02010b41cdec/antenna/tag/e28068940000400386621d4f, 96
1652716307.87459, sdrt-health/mac:02010b41cdec/antenna/tag/e2806894000040038662114f, 97
1652716307.91488, sdrt-health/mac:02010b41cdec/antenna/tag/e2806894000040038662054f, 83
1652716307.945038, sdrt-health/mac:02010b41cdec/antenna/tag/e2806894000040038662054f, 83
1652716307.94544, sdrt-health/mac:02010b41cdec/antenna/tag/e2806894000050038661fd4f, 83
1652716307.945742, sdrt-health/mac:02010b41cdec/antenna/tag/e2806894000050038662194f, 81
1652716307.946048, sdrt-health/mac:02010b41cdec/antenna/tag/e28068940000400386621d4f, 90
1652716307.96095, sdrt-health/mac:02010b41cdec/antenna/tag/e28068940000400386621d4f, 90
1652716307.961254, sdrt-health/mac:02010b41cdec/antenna/tag/e2806894000050038661fd4f, 86
1652716307.961474, sdrt-health/mac:02010b41cdec/antenna/tag/e2806894000040038662054f, 83
1652716308.011052, sdrt-health/mac:02010b41cdec/antenna/tag/e2806894000050038662154f, 88
1652716308.066353, sdrt-health/mac:02010b41cdec/antenna/tag/e28068940000400386621d4f, 96
1652716308.09889, sdrt-health/mac:02010b41cdec/antenna/tag/e2806894000050038661fd4f, 86
1652716308.099304, sdrt-health/mac:02010b41cdec/antenna/tag/e2806894000050038661fd4f, 83
1652716308.122841, sdrt-health/mac:02010b41cdec/antenna/tag/e2806894000050038662194f, 83
1652716308.173907, sdrt-health/mac:02010b41cdec/antenna/tag/e2806894000050038662154f, 91
1652716308.250874, sdrt-health/mac:02010b41cdec/antenna/tag/e2806894000050038662194f, 87
1652716308.251348, sdrt-health/mac:02010b41cdec/antenna/tag/e28068940000400386621d4f, 96
1652716308.320068, sdrt-health/mac:02010b41cdec/antenna/tag/e2806894000050038662154f, 85
1652716308.349918, sdrt-health/mac:02010b41cdec/antenna/tag/e28068940000400386621d4f, 96
1652716308.350618, sdrt-health/mac:02010b41cdec/antenna/tag/e28068940000400386621d4f, 77
1652716308.350927, sdrt-health/mac:02010b41cdec/antenna/tag/e2806894000040038662114f, 88
1652716308.401639, sdrt-health/mac:02010b41cdec/antenna/tag/e2806894000050038661fd4f, 97
1652716308.436889, sdrt-health/mac:02010b41cdec/antenna/tag/e2806894000050038662154f, 85
1652716308.437338, sdrt-health/mac:02010b41cdec/antenna/tag/e2806894000050038662154f, 88
1652716308.437641, sdrt-health/mac:02010b41cdec/antenna/tag/e2806894000040038662114f, 88
1652716308.494895, sdrt-health/mac:02010b41cdec/antenna/tag/e28068940000400386621d4f, 96
1652716308.598742, sdrt-health/mac:02010b41cdec/antenna/tag/e2806894000050038662194f, 83
1652716308.627684, sdrt-health/mac:02010b41cdec/antenna/tag/e2806894000050038662154f, 97
1652716308.628153, sdrt-health/mac:02010b41cdec/antenna/tag/e28068940000400386621d4f, 96
1652716308.66313, sdrt-health/mac:02010b41cdec/antenna/tag/e28068940000400386621d4f, 96
1652716308.747398, sdrt-health/mac:02010b41cdec/antenna/tag/e2806894000050038662194f, 87
1652716308.74812, sdrt-health/mac:02010b41cdec/antenna/tag/e28068940000400386621d4f, 77
1652716308.76244, sdrt-health/mac:02010b41cdec/antenna/tag/e2806894000050038662194f, 87
1652716308.801129, sdrt-health/mac:02010b41cdec/antenna/tag/e28068940000400386621d4f, 96
1652716308.828685, sdrt-health/mac:02010b41cdec/antenna/tag/e28068940000400386621d4f, 90
1652716308.829095, sdrt-health/mac:02010b41cdec/antenna/tag/e2806894000050038662194f, 87
1652716308.829406, sdrt-health/mac:02010b41cdec/antenna/tag/e28068940000400386621d4f, 96
1652716308.888572, sdrt-health/mac:02010b41cdec/antenna/tag/e2806894000040038662114f, 97
1652716308.921489, sdrt-health/mac:02010b41cdec/antenna/tag/e2806894000050038661fd4f, 86
1652716308.921911, sdrt-health/mac:02010b41cdec/antenna/tag/e28068940000400386621d4f, 96
1652716308.92225, sdrt-health/mac:02010b41cdec/antenna/tag/e2806894000040038662114f, 97
1652716308.922524, sdrt-health/mac:02010b41cdec/antenna/tag/e2806894000040038662114f, 91
1652716308.97468, sdrt-health/mac:02010b41cdec/antenna/tag/e2806894000040038662114f, 97
1652716308.975044, sdrt-health/mac:02010b41cdec/antenna/tag/e2806894000050038662194f, 83
1652716308.975467, sdrt-health/mac:02010b41cdec/antenna/tag/e2806894000040038662114f, 97
1652716309.040557, sdrt-health/mac:02010b41cdec/antenna/tag/e2806894000040038662114f, 91
1652716309.113249, sdrt-health/mac:02010b41cdec/antenna/tag/e2806894000050038662194f, 88
1652716309.113718, sdrt-health/mac:02010b41cdec/antenna/tag/e2806894000040038662114f, 88
1652716309.114123, sdrt-health/mac:02010b41cdec/antenna/tag/e2806894000050038662194f, 87
1652716309.119054, sdrt-health/mac:02010b41cdec/antenna/tag/e2806894000050038662194f, 87
1652716309.119571, sdrt-health/mac:02010b41cdec/antenna/tag/e2806894000050038662154f, 97
1652716309.178476, sdrt-health/mac:02010b41cdec/antenna/tag/e2806894000040038662114f, 88
1652716309.245048, sdrt-health/mac:02010b41cdec/antenna/tag/e2806894000050038662194f, 81
1652716309.298831, sdrt-health/mac:02010b41cdec/antenna/tag/e28068940000400386621d4f, 77
1652716309.299407, sdrt-health/mac:02010b41cdec/antenna/tag/e2806894000050038662194f, 83
1652716309.328066, sdrt-health/mac:02010b41cdec/antenna/tag/e2806894000040038662114f, 88
1652716309.418336, sdrt-health/mac:02010b41cdec/antenna/tag/e2806894000050038662194f, 87
1652716309.418816, sdrt-health/mac:02010b41cdec/antenna/tag/e2806894000040038662114f, 85
1652716309.434353, sdrt-health/mac:02010b41cdec/antenna/tag/e2806894000050038662154f, 97
1652716309.461826, sdrt-health/mac:02010b41cdec/antenna/tag/e2806894000050038662194f, 93
1652716309.462245, sdrt-health/mac:02010b41cdec/antenna/tag/e2806894000050038662154f, 91
1652716309.462506, sdrt-health/mac:02010b41cdec/antenna/tag/e2806894000050038662194f, 85
1652716309.499753, sdrt-health/mac:02010b41cdec/antenna/tag/e2806894000050038662154f, 85
1652716309.545563, sdrt-health/mac:02010b41cdec/antenna/tag/e28068940000400386621d4f, 96
1652716309.586892, sdrt-health/mac:02010b41cdec/antenna/tag/e2806894000050038662154f, 85
1652716309.641067, sdrt-health/mac:02010b41cdec/antenna/tag/e2806894000050038662154f, 88
1652716309.641416, sdrt-health/mac:02010b41cdec/antenna/tag/e2806894000050038661fd4f, 86
1652716309.683337, sdrt-health/mac:02010b41cdec/antenna/tag/e2806894000050038661fd4f, 86
1652716309.739561, sdrt-health/mac:02010b41cdec/antenna/tag/e2806894000050038662194f, 81
1652716309.801517, sdrt-health/mac:02010b41cdec/antenna/tag/e2806894000050038661fd4f, 86
1652716309.833074, sdrt-health/mac:02010b41cdec/antenna/tag/e2806894000040038662114f, 93
1652716309.833392, sdrt-health/mac:02010b41cdec/antenna/tag/e2806894000050038662194f, 85
1652716309.849399, sdrt-health/mac:02010b41cdec/antenna/tag/e28068940000400386621d4f, 77
1652716309.849671, sdrt-health/mac:02010b41cdec/antenna/tag/e28068940000400386621d4f, 77
1652716309.890723, sdrt-health/mac:02010b41cdec/antenna/tag/e2806894000050038661fd4f, 83
1652716309.95487, sdrt-health/mac:02010b41cdec/antenna/tag/e2806894000050038662194f, 83
1652716309.955372, sdrt-health/mac:02010b41cdec/antenna/tag/e2806894000050038662194f, 93
1652716309.994085, sdrt-health/mac:02010b41cdec/antenna/tag/e2806894000050038661fd4f, 96
1652716310.022882, sdrt-health/mac:02010b41cdec/antenna/tag/e28068940000400386621d4f, 90
1652716310.023162, sdrt-health/mac:02010b41cdec/antenna/tag/e2806894000050038662154f, 97
1652716310.046155, sdrt-health/mac:02010b41cdec/antenna/tag/e2806894000050038661fd4f, 86
1652716310.09744, sdrt-health/mac:02010b41cdec/antenna/tag/e2806894000050038661fd4f, 83
1652716310.179314, sdrt-health/mac:02010b41cdec/antenna/tag/e2806894000050038662194f, 83
1652716310.179854, sdrt-health/mac:02010b41cdec/antenna/tag/e28068940000400386621d4f, 96
1652716310.194685, sdrt-health/mac:02010b41cdec/antenna/tag/e28068940000400386621d4f, 77
1652716310.249006, sdrt-health/mac:02010b41cdec/antenna/tag/e2806894000050038662194f, 87
1652716310.249486, sdrt-health/mac:02010b41cdec/antenna/tag/e28068940000400386621d4f, 77
1652716310.263647, sdrt-health/mac:02010b41cdec/antenna/tag/e2806894000050038662194f, 85
1652716310.496605, sdrt-health/mac:02010b41cdec/antenna/tag/e2806894000040038662114f, 88
1652716310.525061, sdrt-health/mac:02010b41cdec/antenna/tag/e2806894000040038662114f, 83
1652716310.52583, sdrt-health/mac:02010b41cdec/antenna/tag/e28068940000400386621d4f, 77
1652716310.555071, sdrt-health/mac:02010b41cdec/antenna/tag/e28068940000400386621d4f, 96
1652716310.582835, sdrt-health/mac:02010b41cdec/antenna/tag/e2806894000050038661fd4f, 90
1652716310.583167, sdrt-health/mac:02010b41cdec/antenna/tag/e2806894000050038661fd4f, 90
1652716310.58337, sdrt-health/mac:02010b41cdec/antenna/tag/e2806894000040038662114f, 91
1652716310.583559, sdrt-health/mac:02010b41cdec/antenna/tag/e2806894000050038662154f, 85
1652716310.583742, sdrt-health/mac:02010b41cdec/antenna/tag/e2806894000050038662194f, 87
1652716310.583947, sdrt-health/mac:02010b41cdec/antenna/tag/e2806894000050038662154f, 88
1652716310.584163, sdrt-health/mac:02010b41cdec/antenna/tag/e28068940000400386621d4f, 96
1652716310.584342, sdrt-health/mac:02010b41cdec/antenna/tag/e2806894000050038661fd4f, 86
1652716310.584728, sdrt-health/mac:02010b41cdec/antenna/tag/e2806894000040038662114f, 97
1652716310.584915, sdrt-health/mac:02010b41cdec/antenna/tag/e2806894000050038662154f, 85
1652716310.598538, sdrt-health/mac:02010b41cdec/antenna/tag/e2806894000040038662214f, 94
1652716310.661885, sdrt-health/mac:02010b41cdec/antenna/tag/e2806894000050038662154f, 85
1652716310.662356, sdrt-health/mac:02010b41cdec/antenna/tag/e2806894000050038661fd4f, 83
1652716310.718351, sdrt-health/mac:02010b41cdec/antenna/tag/e2806894000040038662114f, 91
1652716310.793731, sdrt-health/mac:02010b41cdec/antenna/tag/e2806894000050038662194f, 85
1652716310.794222, sdrt-health/mac:02010b41cdec/antenna/tag/e2806894000040038662114f, 86
1652716310.809866, sdrt-health/mac:02010b41cdec/antenna/tag/e2806894000040038661f94f, 87
1652716310.810208, sdrt-health/mac:02010b41cdec/antenna/state, connected
1652716310.810455, sdrt-health/mac:02010b41cdec/fw, {"version":"1.8.1","model":"200","hash":"2f556501b58f1dad542af428d7928d18","timestamp":1652716307}
1652716310.826485, sdrt-health/mac:02010b41cdec/antenna/tag/e2806894000050038662194f, 87
1652716310.897547, sdrt-health/mac:02010b41cdec/antenna/tag/e2806894000050038662154f, 88
1652716310.898011, sdrt-health/mac:02010b41cdec/antenna/tag/e2806894000040038661f94f, 81
1652716310.91192, sdrt-health/mac:02010b41cdec/antenna/tag/e2806894000040038662114f, 83
1652716310.93521, sdrt-health/mac:02010b41cdec/antenna/tag/e2806894000050038662194f, 81
1652716310.976361, sdrt-health/mac:02010b41cdec/antenna/tag/e28068940000400386621d4f, 77
1652716311.025601, sdrt-health/mac:02010b41cdec/antenna/tag/e2806894000040038661f94f, 88
1652716311.080071, sdrt-health/mac:02010b41cdec/antenna/tag/e2806894000050038662154f, 93
1652716311.080404, sdrt-health/mac:02010b41cdec/antenna/tag/e2806894000040038662054f, 94
1652716311.094232, sdrt-health/mac:02010b41cdec/antenna/tag/e28068940000400386621d4f, 77
1652716311.110575, sdrt-health/mac:02010b41cdec/antenna/tag/e2806894000040038661f94f, 81
1652716311.159219, sdrt-health/mac:02010b41cdec/antenna/tag/e2806894000050038662154f, 87
1652716311.207051, sdrt-health/mac:02010b41cdec/antenna/tag/e2806894000040038661f94f, 94
1652716311.207535, sdrt-health/mac:02010b41cdec/antenna/version, 
1652716311.22213, sdrt-health/mac:02010b41cdec/antenna/tag/e2806894000040038662054f, 88
1652716311.264313, sdrt-health/mac:02010b41cdec/antenna/tag/e2806894000050038662154f, 91
1652716311.341404, sdrt-health/mac:02010b41cdec/antenna/tag/e2806894000040038662114f, 88
1652716311.371449, sdrt-health/mac:02010b41cdec/antenna/tag/e2806894000040038662114f, 88
1652716311.371814, sdrt-health/mac:02010b41cdec/antenna/tag/e2806894000050038662154f, 91
1652716311.372025, sdrt-health/mac:02010b41cdec/antenna/tag/e2806894000040038662114f, 88
1652716311.389991, sdrt-health/mac:02010b41cdec/antenna/tag/e2806894000050038662194f, 88
1652716311.46901, sdrt-health/mac:02010b41cdec/antenna/tag/e2806894000040038661f94f, 83
1652716311.540881, sdrt-health/mac:02010b41cdec/antenna/tag/e2806894000050038662154f, 91
1652716311.541429, sdrt-health/mac:02010b41cdec/antenna/tag/e2806894000050038661fd4f, 86
1652716311.557241, sdrt-health/mac:02010b41cdec/antenna/tag/e2806894000040038662054f, 81
1652716311.576745, sdrt-health/mac:02010b41cdec/antenna/tag/e2806894000050038661fd4f, 90
1652716311.607181, sdrt-health/mac:02010b41cdec/antenna/tag/e2806894000040038662054f, 94
1652716311.607546, sdrt-health/mac:02010b41cdec/antenna/tag/e2806894000050038662154f, 88
1652716311.627253, sdrt-health/mac:02010b41cdec/antenna/tag/e2806894000050038662194f, 87
1652716311.69905, sdrt-health/mac:02010b41cdec/antenna/tag/e2806894000050038662194f, 83
1652716311.699568, sdrt-health/mac:02010b41cdec/antenna/tag/e2806894000040038662054f, 88
1652716311.73718, sdrt-health/mac:02010b41cdec/antenna/tag/e2806894000050038662154f, 88
1652716311.776286, sdrt-health/mac:02010b41cdec/antenna/tag/e2806894000040038662114f, 91
1652716311.82678, sdrt-health/mac:02010b41cdec/antenna/tag/e2806894000050038661fd4f, 86
1652716311.887811, sdrt-health/mac:02010b41cdec/antenna/tag/e2806894000050038662154f, 88
1652716311.927631, sdrt-health/mac:02010b41cdec/antenna/tag/e2806894000040038661f94f, 81
1652716312.001772, sdrt-health/mac:02010b41cdec/antenna/tag/e2806894000040038661f94f, 81
1652716312.002276, sdrt-health/mac:02010b41cdec/antenna/tag/e2806894000040038662114f, 88
1652716312.016847, sdrt-health/mac:02010b41cdec/antenna/tag/e2806894000050038661fd4f, 86
1652716312.026328, sdrt-health/mac:02010b41cdec/antenna/tag/e2806894000050038661fd4f, 83
1652716312.031988, sdrt-health/mac:02010b41cdec/antenna/tag/e2806894000040038662114f, 91
1652716312.097115, sdrt-health/mac:02010b41cdec/antenna/tag/e2806894000050038662194f, 93
1652716312.194753, sdrt-health/mac:02010b41cdec/antenna/tag/e2806894000050038662194f, 93
1652716312.195263, sdrt-health/mac:02010b41cdec/antenna/tag/e2806894000040038662054f, 83
1652716312.211226, sdrt-health/mac:02010b41cdec/antenna/tag/e2806894000050038661fd4f, 86
1652716312.254559, sdrt-health/mac:02010b41cdec/antenna/tag/e2806894000040038662114f, 97
1652716312.321442, sdrt-health/mac:02010b41cdec/antenna/tag/e2806894000050038662154f, 85
1652716312.321937, sdrt-health/mac:02010b41cdec/antenna/tag/e2806894000050038662154f, 85
1652716312.337177, sdrt-health/mac:02010b41cdec/antenna/tag/e28068940000400386621d4f, 96
1652716312.346077, sdrt-health/mac:02010b41cdec/antenna/tag/e2806894000040038662054f, 88
1652716312.352352, sdrt-health/mac:02010b41cdec/antenna/tag/e2806894000050038661fd4f, 83
1652716312.396046, sdrt-health/mac:02010b41cdec/antenna/tag/e2806894000050038662154f, 88
1652716312.437891, sdrt-health/mac:02010b41cdec/antenna/tag/e2806894000050038661fd4f, 83
1652716312.492443, sdrt-health/mac:02010b41cdec/antenna/tag/e2806894000040038662214f, 81
1652716312.493918, sdrt-health/mac:02010b41cdec/antenna/tag/e2806894000050038662154f, 91
1652716312.505502, sdrt-health/mac:02010b41cdec/antenna/tag/e2806894000050038662194f, 93
1652716312.535389, sdrt-health/mac:02010b41cdec/antenna/tag/e2806894000040038662114f, 88
1652716312.585471, sdrt-health/mac:02010b41cdec/antenna/tag/e2806894000050038662154f, 85
1652716312.640499, sdrt-health/mac:02010b41cdec/antenna/tag/e2806894000050038662194f, 83
1652716312.641135, sdrt-health/mac:02010b41cdec/antenna/tag/e2806894000050038662154f, 85
1652716312.641537, sdrt-health/mac:02010b41cdec/antenna/tag/e2806894000050038662194f, 83
1652716312.692725, sdrt-health/mac:02010b41cdec/antenna/tag/e2806894000040038662114f, 88
1652716312.737907, sdrt-health/mac:02010b41cdec/antenna/tag/e2806894000050038662194f, 93
1652716312.80883, sdrt-health/mac:02010b41cdec/antenna/tag/e2806894000050038662154f, 85
1652716312.809419, sdrt-health/mac:02010b41cdec/antenna/tag/e28068940000400386621d4f, 90
1652716312.809877, sdrt-health/mac:02010b41cdec/antenna/tag/e2806894000040038662114f, 88
1652716312.848743, sdrt-health/mac:02010b41cdec/antenna/tag/e2806894000050038661fd4f, 83
1652716312.960864, sdrt-health/mac:02010b41cdec/antenna/tag/e2806894000040038662214f, 84
1652716312.961384, sdrt-health/mac:02010b41cdec/antenna/tag/e2806894000050038661fd4f, 86
1652716312.983856, sdrt-health/mac:02010b41cdec/antenna/tag/e28068940000400386621d4f, 96
1652716313.015648, sdrt-health/mac:02010b41cdec/antenna/tag/e2806894000040038662054f, 81
1652716313.01597, sdrt-health/mac:02010b41cdec/antenna/tag/e2806894000040038661f94f, 94
1652716313.029835, sdrt-health/mac:02010b41cdec/antenna/tag/e28068940000400386621d4f, 96
1652716313.094974, sdrt-health/mac:02010b41cdec/antenna/tag/e2806894000040038662114f, 91
1652716313.158142, sdrt-health/mac:02010b41cdec/antenna/tag/e2806894000050038662154f, 88
1652716313.158742, sdrt-health/mac:02010b41cdec/antenna/tag/e2806894000040038662054f, 94
1652716313.159215, sdrt-health/mac:02010b41cdec/antenna/tag/e2806894000050038662194f, 93
1652716313.187724, sdrt-health/mac:02010b41cdec/antenna/tag/e2806894000040038662114f, 91
1652716313.238351, sdrt-health/mac:02010b41cdec/antenna/tag/e2806894000040038661f94f, 84
1652716313.299685, sdrt-health/mac:02010b41cdec/antenna/tag/e2806894000050038662194f, 93
1652716313.3002, sdrt-health/mac:02010b41cdec/antenna/tag/e28068940000400386621d4f, 77
1652716313.329749, sdrt-health/mac:02010b41cdec/antenna/tag/e2806894000050038662194f, 81
1652716313.389787, sdrt-health/mac:02010b41cdec/antenna/tag/e2806894000040038662054f, 94
1652716313.390248, sdrt-health/mac:02010b41cdec/antenna/tag/e2806894000040038662114f, 91
1652716313.434054, sdrt-health/mac:02010b41cdec/antenna/tag/e2806894000050038662154f, 88
1652716313.493037, sdrt-health/mac:02010b41cdec/antenna/tag/e2806894000040038661f94f, 84
1652716313.493582, sdrt-health/mac:02010b41cdec/antenna/tag/e2806894000040038662114f, 91
1652716313.527389, sdrt-health/mac:02010b41cdec/antenna/tag/e2806894000050038662154f, 88
1652716313.555656, sdrt-health/mac:02010b41cdec/antenna/tag/e28068940000400386621d4f, 96
1652716313.555893, sdrt-health/mac:02010b41cdec/antenna/tag/e2806894000050038662194f, 87
1652716313.586065, sdrt-health/mac:02010b41cdec/antenna/tag/e2806894000040038662054f, 94
1652716313.638325, sdrt-health/mac:02010b41cdec/antenna/tag/e2806894000040038662214f, 81
1652716313.701918, sdrt-health/mac:02010b41cdec/antenna/tag/e28068940000400386621d4f, 96
1652716313.702502, sdrt-health/mac:02010b41cdec/antenna/tag/e2806894000040038662114f, 88
1652716313.702932, sdrt-health/mac:02010b41cdec/antenna/tag/e2806894000050038661fd4f, 83
1652716313.728583, sdrt-health/mac:02010b41cdec/antenna/tag/e2806894000040038662054f, 84
1652716313.7897, sdrt-health/mac:02010b41cdec/antenna/tag/e2806894000050038662154f, 91
1652716313.790184, sdrt-health/mac:02010b41cdec/antenna/tag/e2806894000050038661fd4f, 83
1652716313.826272, sdrt-health/mac:02010b41cdec/antenna/tag/e2806894000050038662154f, 88
1652716313.865622, sdrt-health/mac:02010b41cdec/antenna/tag/e2806894000040038662114f, 91
1652716313.921716, sdrt-health/mac:02010b41cdec/antenna/tag/e2806894000050038662194f, 83
1652716313.92219, sdrt-health/mac:02010b41cdec/antenna/tag/e2806894000040038662114f, 88
1652716313.961557, sdrt-health/mac:02010b41cdec/antenna/tag/e2806894000050038662154f, 97
1652716314.007375, sdrt-health/mac:02010b41cdec/antenna/tag/e2806894000050038661fd4f, 86
1652716314.085839, sdrt-health/mac:02010b41cdec/antenna/tag/e28068940000400386621d4f, 77
1652716314.086373, sdrt-health/mac:02010b41cdec/antenna/tag/e2806894000050038662154f, 91
1652716314.086715, sdrt-health/mac:02010b41cdec/antenna/tag/e2806894000050038661fd4f, 83
1652716314.087111, sdrt-health/mac:02010b41cdec/antenna/tag/e2806894000050038662194f, 81
1652716314.118636, sdrt-health/mac:02010b41cdec/antenna/tag/e28068940000400386621d4f, 77
1652716314.197893, sdrt-health/mac:02010b41cdec/antenna/tag/e2806894000050038662194f, 87
1652716314.231807, sdrt-health/mac:02010b41cdec/antenna/tag/e2806894000040038661f94f, 81
1652716314.232261, sdrt-health/mac:02010b41cdec/antenna/tag/e2806894000040038662214f, 94
1652716314.257575, sdrt-health/mac:02010b41cdec/antenna/tag/e2806894000050038662194f, 87
1652716314.376214, sdrt-health/mac:02010b41cdec/antenna/tag/e2806894000040038661f94f, 88
1652716314.376672, sdrt-health/mac:02010b41cdec/antenna/tag/e2806894000050038662154f, 97
1652716314.417126, sdrt-health/mac:02010b41cdec/antenna/tag/e2806894000040038662054f, 94
1652716314.468444, sdrt-health/mac:02010b41cdec/antenna/tag/e2806894000040038662114f, 97
1652716314.468835, sdrt-health/mac:02010b41cdec/antenna/tag/e2806894000050038661fd4f, 86
1652716314.497753, sdrt-health/mac:02010b41cdec/antenna/tag/e2806894000040038662114f, 91
1652716314.543279, sdrt-health/mac:02010b41cdec/antenna/tag/e2806894000050038662154f, 85
1652716314.605635, sdrt-health/mac:02010b41cdec/antenna/tag/e2806894000050038662194f, 93
1652716314.654788, sdrt-health/mac:02010b41cdec/antenna/tag/e2806894000050038662194f, 83
1652716314.697344, sdrt-health/mac:02010b41cdec/antenna/tag/e2806894000050038662154f, 91
1652716314.72468, sdrt-health/mac:02010b41cdec/antenna/tag/e2806894000040038662114f, 97
1652716314.725002, sdrt-health/mac:02010b41cdec/antenna/tag/e2806894000050038662154f, 91
1652716314.745472, sdrt-health/mac:02010b41cdec/antenna/tag/e2806894000050038662194f, 93
1652716314.785044, sdrt-health/mac:02010b41cdec/antenna/tag/e2806894000050038662154f, 88
1652716314.83931, sdrt-health/mac:02010b41cdec/antenna/tag/e2806894000050038661fd4f, 83
1652716314.893154, sdrt-health/mac:02010b41cdec/antenna/tag/e28068940000400386621d4f, 77
1652716314.946802, sdrt-health/mac:02010b41cdec/antenna/tag/e2806894000050038662194f, 83
1652716314.976406, sdrt-health/mac:02010b41cdec/antenna/tag/e2806894000050038661fd4f, 86
1652716314.977056, sdrt-health/mac:02010b41cdec/antenna/tag/e2806894000050038662194f, 83
1652716314.991567, sdrt-health/mac:02010b41cdec/antenna/tag/e2806894000050038661fd4f, 83
1652716315.023366, sdrt-health/mac:02010b41cdec/antenna/tag/e2806894000040038662114f, 91
1652716315.093796, sdrt-health/mac:02010b41cdec/antenna/tag/e2806894000040038662114f, 91
1652716315.09426, sdrt-health/mac:02010b41cdec/antenna/tag/e28068940000400386621d4f, 96
1652716315.126086, sdrt-health/mac:02010b41cdec/antenna/tag/e28068940000400386621d4f, 96
1652716315.175746, sdrt-health/mac:02010b41cdec/antenna/tag/e2806894000050038661fd4f, 86
1652716315.224626, sdrt-health/mac:02010b41cdec/antenna/tag/e2806894000040038662114f, 88
1652716315.286699, sdrt-health/mac:02010b41cdec/antenna/tag/e2806894000050038661fd4f, 86
1652716315.286989, sdrt-health/mac:02010b41cdec/antenna/tag/e28068940000400386621d4f, 96
1652716315.31776, sdrt-health/mac:02010b41cdec/antenna/tag/e2806894000050038662154f, 88
1652716315.389254, sdrt-health/mac:02010b41cdec/antenna/tag/e2806894000040038661f94f, 81
1652716315.389767, sdrt-health/mac:02010b41cdec/antenna/tag/e2806894000050038662154f, 91
1652716315.404199, sdrt-health/mac:02010b41cdec/antenna/tag/e28068940000400386621d4f, 96
1652716315.432942, sdrt-health/mac:02010b41cdec/antenna/tag/e2806894000040038661f94f, 94
1652716315.433844, sdrt-health/mac:02010b41cdec/antenna/tag/e2806894000040038662114f, 91
1652716315.434003, sdrt-health/mac:02010b41cdec/antenna/tag/e28068940000400386621d4f, 96
1652716315.466634, sdrt-health/mac:02010b41cdec/antenna/tag/e2806894000040038662114f, 91
1652716315.467405, sdrt-health/mac:02010b41cdec/antenna/tag/e2806894000050038661fd4f, 86
1652716315.481675, sdrt-health/mac:02010b41cdec/antenna/tag/e2806894000040038661f94f, 88
1652716315.525661, sdrt-health/mac:02010b41cdec/antenna/tag/e2806894000040038661f94f, 81
1652716315.567115, sdrt-health/mac:02010b41cdec/antenna/tag/e2806894000050038662154f, 88
1652716315.568083, sdrt-health/mac:02010b41cdec/antenna/tag/e2806894000040038662114f, 91
1652716315.614466, sdrt-health/mac:02010b41cdec/antenna/tag/e28068940000400386621d4f, 96
1652716315.666674, sdrt-health/mac:02010b41cdec/antenna/tag/e2806894000040038662054f, 81
1652716315.721681, sdrt-health/mac:02010b41cdec/antenna/tag/e2806894000050038662154f, 85
1652716315.722167, sdrt-health/mac:02010b41cdec/antenna/tag/e2806894000050038662194f, 81
1652716315.74549, sdrt-health/mac:02010b41cdec/antenna/tag/e2806894000050038661fd4f, 83
1652716315.801363, sdrt-health/mac:02010b41cdec/antenna/tag/e2806894000050038662194f, 88
1652716315.801837, sdrt-health/mac:02010b41cdec/antenna/tag/e2806894000040038662114f, 88
1652716315.836119, sdrt-health/mac:02010b41cdec/antenna/tag/e28068940000400386621d4f, 96
1652716316.025436, sdrt-health/mac:02010b41cdec/antenna/tag/scan, scan stopped
