1652716341.90085, sdrt-health/mac:02010b41cdec/antenna/power/set, {"power": 290}
1652716343.018278, sdrt-health/mac:02010b41cdec/antenna/power/set, 
1652716346.923683, sdrt-health/mac:02010b41cdec/antenna/tag/scan, {"time": 20000}
1652716347.37587, sdrt-health/mac:02010b41cdec/antenna/tag/e2806894000040038662114f, 88
1652716347.466508, sdrt-health/mac:02010b41cdec/antenna/tag/e2806894000050038662194f, 81
1652716347.516456, sdrt-health/mac:02010b41cdec/antenna/tag/e2806894000050038662154f, 91
1652716347.589373, sdrt-health/mac:02010b41cdec/antenna/tag/e2806894000050038661fd4f, 90
1652716347.589922, sdrt-health/mac:02010b41cdec/antenna/tag/e2806894000040038662114f, 88
1652716347.605447, sdrt-health/mac:02010b41cdec/antenna/tag/e28068940000500386620d4f, 88
1652716347.614328, sdrt-health/mac:02010b41cdec/antenna/tag/e2806894000050038661fd4f, 83
1652716347.655657, sdrt-health/mac:02010b41cdec/antenna/tag/e2806894000050038662154f, 91
1652716347.704968, sdrt-health/mac:02010b41cdec/antenna/tag/e2806894000050038661fd4f, 86
1652716347.771066, sdrt-health/mac:02010b41cdec/antenna/tag/e2806894000050038662154f, 88
1652716347.771536, sdrt-health/mac:02010b41cdec/antenna/tag/e2806894000040038662114f, 88
1652716347.786416, sdrt-health/mac:02010b41cdec/antenna/tag/e2806894000050038662194f, 94
1652716347.834649, sdrt-health/mac:02010b41cdec/antenna/tag/e2806894000050038661fd4f, 90
1652716347.835051, sdrt-health/mac:02010b41cdec/antenna/tag/e28068940000400386621d4f, 96
1652716347.859888, sdrt-health/mac:02010b41cdec/antenna/tag/e2806894000050038662194f, 88
1652716347.861492, sdrt-health/mac:02010b41cdec/antenna/tag/e2806894000040038662114f, 97
1652716347.897525, sdrt-health/mac:02010b41cdec/antenna/tag/e2806894000050038661fd4f, 86
1652716347.926653, sdrt-health/mac:02010b41cdec/antenna/tag/e2806894000050038662194f, 88
1652716347.927158, sdrt-health/mac:02010b41cdec/antenna/tag/e28068940000400386621d4f, 90
1652716347.945712, sdrt-health/mac:02010b41cdec/antenna/tag/e28068940000400386621d4f, 77
1652716348.014175, sdrt-health/mac:02010b41cdec/antenna/tag/e2806894000040038662214f, 82
1652716348.014702, sdrt-health/mac:02010b41cdec/antenna/tag/e28068940000400386621d4f, 77
1652716348.029086, sdrt-health/mac:02010b41cdec/antenna/tag/e2806894000040038662214f, 94
1652716348.074842, sdrt-health/mac:02010b41cdec/antenna/tag/e2806894000050038662194f, 81
1652716348.133685, sdrt-health/mac:02010b41cdec/antenna/tag/e2806894000040038662114f, 88
1652716348.175668, sdrt-health/mac:02010b41cdec/antenna/tag/e28068940000400386621d4f, 77
1652716348.215169, sdrt-health/mac:02010b41cdec/antenna/tag/e2806894000050038661fd4f, 86
1652716348.21584, sdrt-health/mac:02010b41cdec/antenna/tag/e2806894000040038662114f, 88
1652716348.262911, sdrt-health/mac:02010b41cdec/antenna/tag/e28068940000400386621d4f, 96
1652716348.32564, sdrt-health/mac:02010b41cdec/antenna/tag/e2806894000050038661fd4f, 86
1652716348.384373, sdrt-health/mac:02010b41cdec/antenna/tag/e2806894000050038662194f, 81
1652716348.439505, sdrt-health/mac:02010b41cdec/antenna/tag/e2806894000040038662114f, 91
1652716348.43997, sdrt-health/mac:02010b41cdec/antenna/tag/e2806894000050038662194f, 81
1652716348.440366, sdrt-health/mac:02010b41cdec/antenna/tag/e2806894000040038662114f, 88
1652716348.453771, sdrt-health/mac:02010b41cdec/antenna/tag/e28068940000400386621d4f, 96
1652716348.454093, sdrt-health/mac:02010b41cdec/antenna/tag/e28068940000400386621d4f, 96
1652716348.484394, sdrt-health/mac:02010b41cdec/antenna/tag/e2806894000050038662194f, 83
1652716348.543443, sdrt-health/mac:02010b41cdec/antenna/tag/e2806894000050038662194f, 87
1652716348.574066, sdrt-health/mac:02010b41cdec/antenna/tag/e2806894000040038662114f, 91
1652716348.574634, sdrt-health/mac:02010b41cdec/antenna/tag/e28068940000400386621d4f, 96
1652716348.869727, sdrt-health/mac:02010b41cdec/antenna/tag/e2806894000050038662194f, 93
1652716348.901404, sdrt-health/mac:02010b41cdec/antenna/tag/e2806894000050038661fd4f, 86
1652716348.901846, sdrt-health/mac:02010b41cdec/antenna/tag/e2806894000050038661fd4f, 83
1652716348.902211, sdrt-health/mac:02010b41cdec/antenna/tag/e2806894000050038662194f, 81
1652716348.902532, sdrt-health/mac:02010b41cdec/antenna/tag/e2806894000050038662154f, 85
1652716348.902884, sdrt-health/mac:02010b41cdec/antenna/tag/e2806894000050038662154f, 93
1652716348.903269, sdrt-health/mac:02010b41cdec/antenna/tag/e2806894000050038662194f, 81
1652716348.903764, sdrt-health/mac:02010b41cdec/antenna/tag/e2806894000050038661fd4f, 86
1652716348.904101, sdrt-health/mac:02010b41cdec/antenna/tag/e2806894000040038662114f, 88
1652716348.904389, sdrt-health/mac:02010b41cdec/antenna/tag/e2806894000050038662194f, 87
1652716348.904753, sdrt-health/mac:02010b41cdec/antenna/tag/e2806894000050038661fd4f, 86
1652716348.905036, sdrt-health/mac:02010b41cdec/antenna/tag/e2806894000050038662194f, 87
1652716348.905391, sdrt-health/mac:02010b41cdec/antenna/tag/e2806894000050038662154f, 88
1652716348.905713, sdrt-health/mac:02010b41cdec/antenna/tag/e2806894000050038661fd4f, 90
1652716349.017956, sdrt-health/mac:02010b41cdec/antenna/tag/e2806894000050038662154f, 88
1652716349.092596, sdrt-health/mac:02010b41cdec/antenna/tag/e2806894000050038662154f, 88
1652716349.12239, sdrt-health/mac:02010b41cdec/antenna/tag/e2806894000050038661fd4f, 83
1652716349.122775, sdrt-health/mac:02010b41cdec/antenna/tag/e2806894000050038662194f, 87
1652716349.138348, sdrt-health/mac:02010b41cdec/antenna/tag/e2806894000050038661fd4f, 83
1652716349.221212, sdrt-health/mac:02010b41cdec/antenna/tag/e28068940000400386621d4f, 90
1652716349.221766, sdrt-health/mac:02010b41cdec/antenna/tag/e2806894000050038662194f, 81
1652716349.264004, sdrt-health/mac:02010b41cdec/antenna/tag/e2806894000050038662194f, 81
1652716349.332919, sdrt-health/mac:02010b41cdec/antenna/tag/e2806894000050038662194f, 88
1652716349.333425, sdrt-health/mac:02010b41cdec/antenna/tag/e2806894000050038662194f, 84
1652716349.333799, sdrt-health/mac:02010b41cdec/antenna/tag/e2806894000050038662194f, 83
1652716349.386013, sdrt-health/mac:02010b41cdec/antenna/tag/e2806894000050038662194f, 83
1652716349.428004, sdrt-health/mac:02010b41cdec/antenna/tag/e28068940000400386621d4f, 96
1652716349.457558, sdrt-health/mac:02010b41cdec/antenna/tag/e2806894000050038661fd4f, 83
1652716349.458183, sdrt-health/mac:02010b41cdec/antenna/tag/e2806894000050038662154f, 85
1652716349.458733, sdrt-health/mac:02010b41cdec/antenna/tag/e2806894000040038662114f, 88
1652716349.508817, sdrt-health/mac:02010b41cdec/antenna/tag/e2806894000050038662154f, 85
1652716349.596259, sdrt-health/mac:02010b41cdec/antenna/tag/e2806894000050038662194f, 83
1652716349.596767, sdrt-health/mac:02010b41cdec/antenna/tag/e2806894000050038662194f, 81
1652716349.610785, sdrt-health/mac:02010b41cdec/antenna/tag/e2806894000050038661fd4f, 83
1652716349.676138, sdrt-health/mac:02010b41cdec/antenna/tag/e2806894000050038662194f, 85
1652716349.745765, sdrt-health/mac:02010b41cdec/antenna/tag/e2806894000050038661fd4f, 86
1652716349.802263, sdrt-health/mac:02010b41cdec/antenna/tag/e28068940000400386621d4f, 96
1652716349.802781, sdrt-health/mac:02010b41cdec/antenna/tag/e28068940000400386621d4f, 77
1652716349.8181, sdrt-health/mac:02010b41cdec/antenna/tag/e28068940000400386621d4f, 96
1652716349.850862, sdrt-health/mac:02010b41cdec/antenna/tag/e2806894000050038662154f, 88
1652716349.880416, sdrt-health/mac:02010b41cdec/antenna/tag/e28068940000400386621d4f, 77
1652716349.880737, sdrt-health/mac:02010b41cdec/antenna/tag/e2806894000050038661fd4f, 83
1652716349.905258, sdrt-health/mac:02010b41cdec/antenna/tag/e28068940000400386621d4f, 77
1652716349.986035, sdrt-health/mac:02010b41cdec/antenna/tag/e2806894000040038662114f, 91
1652716349.986514, sdrt-health/mac:02010b41cdec/antenna/tag/e2806894000050038661fd4f, 86
1652716350.000761, sdrt-health/mac:02010b41cdec/antenna/tag/e28068940000400386621d4f, 90
1652716350.039933, sdrt-health/mac:02010b41cdec/antenna/tag/e28068940000400386621d4f, 96
1652716350.139629, sdrt-health/mac:02010b41cdec/antenna/tag/e2806894000050038661fd4f, 86
1652716350.140045, sdrt-health/mac:02010b41cdec/antenna/tag/e2806894000050038661fd4f, 86
1652716350.153766, sdrt-health/mac:02010b41cdec/antenna/tag/e2806894000040038662114f, 91
1652716350.169526, sdrt-health/mac:02010b41cdec/antenna/tag/e2806894000040038662114f, 91
1652716350.228086, sdrt-health/mac:02010b41cdec/antenna/tag/e2806894000040038662114f, 88
1652716350.298392, sdrt-health/mac:02010b41cdec/antenna/tag/e2806894000040038662114f, 91
1652716350.392402, sdrt-health/mac:02010b41cdec/antenna/tag/e2806894000050038661fd4f, 83
1652716350.392984, sdrt-health/mac:02010b41cdec/antenna/tag/e2806894000040038662114f, 91
1652716350.407899, sdrt-health/mac:02010b41cdec/antenna/tag/e2806894000050038661fd4f, 86
1652716350.454014, sdrt-health/mac:02010b41cdec/antenna/tag/e2806894000050038662194f, 94
1652716350.454399, sdrt-health/mac:02010b41cdec/antenna/tag/e2806894000050038662194f, 83
1652716350.468722, sdrt-health/mac:02010b41cdec/antenna/tag/e2806894000050038662194f, 88
1652716350.468945, sdrt-health/mac:02010b41cdec/antenna/tag/e2806894000050038662194f, 87
1652716350.488348, sdrt-health/mac:02010b41cdec/antenna/tag/e28068940000400386621d4f, 96
1652716350.521288, sdrt-health/mac:02010b41cdec/antenna/tag/e2806894000040038662114f, 97
1652716350.521553, sdrt-health/mac:02010b41cdec/antenna/tag/e2806894000040038662114f, 91
1652716350.54634, sdrt-health/mac:02010b41cdec/antenna/tag/e2806894000050038662194f, 81
1652716350.614957, sdrt-health/mac:02010b41cdec/antenna/tag/e2806894000050038662194f, 93
1652716350.615425, sdrt-health/mac:02010b41cdec/antenna/tag/e2806894000040038662114f, 88
1652716350.62976, sdrt-health/mac:02010b41cdec/antenna/tag/e2806894000050038662194f, 83
1652716350.630215, sdrt-health/mac:02010b41cdec/antenna/tag/e2806894000050038662154f, 85
1652716350.630576, sdrt-health/mac:02010b41cdec/antenna/tag/e2806894000040038662114f, 88
1652716350.644287, sdrt-health/mac:02010b41cdec/antenna/tag/e2806894000050038662154f, 88
1652716350.706928, sdrt-health/mac:02010b41cdec/antenna/tag/e2806894000050038662154f, 91
1652716350.793701, sdrt-health/mac:02010b41cdec/antenna/tag/e2806894000050038661fd4f, 83
1652716350.794179, sdrt-health/mac:02010b41cdec/antenna/tag/e2806894000050038661fd4f, 83
1652716350.827028, sdrt-health/mac:02010b41cdec/antenna/tag/e2806894000040038662114f, 88
1652716350.867058, sdrt-health/mac:02010b41cdec/antenna/tag/e2806894000050038662194f, 81
1652716350.920612, sdrt-health/mac:02010b41cdec/antenna/tag/e28068940000400386621d4f, 77
1652716350.921168, sdrt-health/mac:02010b41cdec/antenna/tag/e2806894000040038662114f, 91
1652716350.945468, sdrt-health/mac:02010b41cdec/antenna/tag/e2806894000040038662114f, 88
1652716351.008001, sdrt-health/mac:02010b41cdec/antenna/tag/e2806894000050038661fd4f, 86
1652716351.061418, sdrt-health/mac:02010b41cdec/antenna/tag/e2806894000040038662114f, 88
1652716351.061902, sdrt-health/mac:02010b41cdec/antenna/tag/e2806894000050038662154f, 91
1652716351.076895, sdrt-health/mac:02010b41cdec/antenna/tag/e28068940000400386621d4f, 96
1652716351.122735, sdrt-health/mac:02010b41cdec/antenna/tag/e2806894000050038662194f, 81
1652716351.159062, sdrt-health/mac:02010b41cdec/antenna/tag/e2806894000040038662114f, 88
1652716351.15932, sdrt-health/mac:02010b41cdec/antenna/tag/e2806894000050038662194f, 83
1652716351.208822, sdrt-health/mac:02010b41cdec/antenna/tag/e2806894000050038662154f, 88
1652716351.247841, sdrt-health/mac:02010b41cdec/antenna/tag/e28068940000400386621d4f, 77
1652716351.24823, sdrt-health/mac:02010b41cdec/antenna/tag/e2806894000050038662154f, 88
1652716351.248523, sdrt-health/mac:02010b41cdec/antenna/tag/e2806894000050038662194f, 93
1652716351.266676, sdrt-health/mac:02010b41cdec/antenna/tag/e2806894000050038661fd4f, 90
1652716351.293392, sdrt-health/mac:02010b41cdec/antenna/tag/e2806894000040038662114f, 88
1652716351.293723, sdrt-health/mac:02010b41cdec/antenna/tag/e2806894000050038661fd4f, 90
1652716351.293986, sdrt-health/mac:02010b41cdec/antenna/tag/e28068940000400386621d4f, 96
1652716351.294321, sdrt-health/mac:02010b41cdec/antenna/tag/e2806894000050038662194f, 94
1652716351.343205, sdrt-health/mac:02010b41cdec/antenna/tag/e2806894000050038662194f, 83
1652716351.375398, sdrt-health/mac:02010b41cdec/antenna/tag/e2806894000050038662194f, 81
1652716351.375774, sdrt-health/mac:02010b41cdec/antenna/tag/e2806894000050038662194f, 83
1652716351.411934, sdrt-health/mac:02010b41cdec/antenna/tag/e2806894000050038662194f, 83
1652716351.447872, sdrt-health/mac:02010b41cdec/antenna/tag/e2806894000050038661fd4f, 86
1652716351.448189, sdrt-health/mac:02010b41cdec/antenna/tag/e28068940000400386621d4f, 90
1652716351.448432, sdrt-health/mac:02010b41cdec/antenna/tag/e2806894000050038662154f, 88
1652716351.46149, sdrt-health/mac:02010b41cdec/antenna/tag/e2806894000050038662154f, 85
1652716351.66165, sdrt-health/mac:02010b41cdec/antenna/tag/e2806894000050038662194f, 83
1652716351.721183, sdrt-health/mac:02010b41cdec/antenna/tag/e2806894000040038662114f, 88
1652716351.750728, sdrt-health/mac:02010b41cdec/antenna/tag/e2806894000050038661fd4f, 86
1652716351.751173, sdrt-health/mac:02010b41cdec/antenna/tag/e2806894000040038662114f, 88
1652716351.751468, sdrt-health/mac:02010b41cdec/antenna/tag/e2806894000050038662154f, 88
1652716351.751824, sdrt-health/mac:02010b41cdec/antenna/tag/e28068940000400386621d4f, 90
1652716351.752102, sdrt-health/mac:02010b41cdec/antenna/tag/e2806894000050038662154f, 88
1652716351.752745, sdrt-health/mac:02010b41cdec/antenna/tag/e28068940000400386621d4f, 96
1652716351.753141, sdrt-health/mac:02010b41cdec/antenna/tag/e2806894000050038661fd4f, 83
1652716351.774035, sdrt-health/mac:02010b41cdec/antenna/tag/e2806894000050038662154f, 85
1652716351.803455, sdrt-health/mac:02010b41cdec/antenna/tag/e28068940000400386621d4f, 96
1652716351.803725, sdrt-health/mac:02010b41cdec/antenna/tag/e2806894000050038662154f, 85
1652716351.865605, sdrt-health/mac:02010b41cdec/antenna/tag/e2806894000050038662154f, 97
1652716351.947233, sdrt-health/mac:02010b41cdec/antenna/tag/e2806894000050038662194f, 83
1652716352.005186, sdrt-health/mac:02010b41cdec/antenna/tag/e2806894000040038662114f, 88
1652716352.005514, sdrt-health/mac:02010b41cdec/antenna/tag/e28068940000400386621d4f, 96
1652716352.018714, sdrt-health/mac:02010b41cdec/antenna/tag/e2806894000050038661fd4f, 83
1652716352.057316, sdrt-health/mac:02010b41cdec/antenna/tag/e2806894000040038662114f, 88
1652716352.135746, sdrt-health/mac:02010b41cdec/antenna/tag/e2806894000050038661fd4f, 83
1652716352.168395, sdrt-health/mac:02010b41cdec/antenna/tag/e2806894000050038662154f, 88
1652716352.168907, sdrt-health/mac:02010b41cdec/antenna/tag/e2806894000050038662154f, 91
1652716352.184282, sdrt-health/mac:02010b41cdec/antenna/tag/e2806894000040038662114f, 88
1652716352.184509, sdrt-health/mac:02010b41cdec/antenna/tag/e28068940000400386621d4f, 96
1652716352.226693, sdrt-health/mac:02010b41cdec/antenna/tag/e2806894000050038661fd4f, 86
1652716352.297891, sdrt-health/mac:02010b41cdec/antenna/tag/e2806894000050038661fd4f, 86
1652716352.363402, sdrt-health/mac:02010b41cdec/antenna/tag/e2806894000050038662154f, 88
1652716352.363917, sdrt-health/mac:02010b41cdec/antenna/tag/e2806894000040038662114f, 88
1652716352.364313, sdrt-health/mac:02010b41cdec/antenna/tag/e2806894000050038661fd4f, 86
1652716352.364634, sdrt-health/mac:02010b41cdec/antenna/tag/e2806894000050038662194f, 81
1652716352.365013, sdrt-health/mac:02010b41cdec/antenna/tag/e28068940000400386621d4f, 96
1652716352.412614, sdrt-health/mac:02010b41cdec/antenna/tag/e28068940000400386621d4f, 96
1652716352.487663, sdrt-health/mac:02010b41cdec/antenna/tag/e2806894000050038662154f, 91
1652716352.488153, sdrt-health/mac:02010b41cdec/antenna/tag/e2806894000050038661fd4f, 86
1652716352.50287, sdrt-health/mac:02010b41cdec/antenna/tag/e28068940000400386621d4f, 96
1652716352.503301, sdrt-health/mac:02010b41cdec/antenna/tag/e2806894000050038662194f, 81
1652716352.503531, sdrt-health/mac:02010b41cdec/antenna/tag/e2806894000050038661fd4f, 90
1652716352.544423, sdrt-health/mac:02010b41cdec/antenna/tag/e2806894000050038661fd4f, 86
1652716352.572692, sdrt-health/mac:02010b41cdec/antenna/tag/e2806894000050038661fd4f, 86
1652716352.573019, sdrt-health/mac:02010b41cdec/antenna/tag/e2806894000050038662154f, 88
1652716352.610892, sdrt-health/mac:02010b41cdec/antenna/tag/e28068940000400386621d4f, 90
1652716352.724134, sdrt-health/mac:02010b41cdec/antenna/tag/e2806894000040038662214f, 81
1652716352.789457, sdrt-health/mac:02010b41cdec/antenna/tag/e2806894000040038662114f, 88
1652716352.789925, sdrt-health/mac:02010b41cdec/antenna/tag/e2806894000050038662154f, 85
1652716352.804438, sdrt-health/mac:02010b41cdec/antenna/tag/e28068940000400386621d4f, 77
1652716352.820221, sdrt-health/mac:02010b41cdec/antenna/tag/e2806894000050038661fd4f, 86
1652716352.820957, sdrt-health/mac:02010b41cdec/antenna/tag/e2806894000040038662114f, 88
1652716352.821208, sdrt-health/mac:02010b41cdec/antenna/tag/e2806894000050038662154f, 91
1652716352.866364, sdrt-health/mac:02010b41cdec/antenna/tag/e28068940000400386621d4f, 96
1652716352.926199, sdrt-health/mac:02010b41cdec/antenna/tag/e2806894000050038662154f, 88
1652716352.991901, sdrt-health/mac:02010b41cdec/antenna/tag/e28068940000400386621d4f, 96
1652716352.992399, sdrt-health/mac:02010b41cdec/antenna/tag/e2806894000040038662114f, 97
1652716353.006767, sdrt-health/mac:02010b41cdec/antenna/tag/e2806894000050038662194f, 93
1652716353.007296, sdrt-health/mac:02010b41cdec/antenna/tag/e28068940000400386621d4f, 90
1652716353.007682, sdrt-health/mac:02010b41cdec/antenna/tag/e2806894000050038662154f, 88
1652716353.025118, sdrt-health/mac:02010b41cdec/antenna/tag/e2806894000050038662154f, 88
1652716353.093565, sdrt-health/mac:02010b41cdec/antenna/tag/e2806894000040038662114f, 91
1652716353.093827, sdrt-health/mac:02010b41cdec/antenna/tag/e2806894000050038661fd4f, 86
1652716353.10762, sdrt-health/mac:02010b41cdec/antenna/tag/e28068940000400386621d4f, 96
1652716353.132283, sdrt-health/mac:02010b41cdec/antenna/tag/e2806894000040038662114f, 97
1652716353.17698, sdrt-health/mac:02010b41cdec/antenna/tag/e2806894000050038662154f, 85
1652716353.205574, sdrt-health/mac:02010b41cdec/antenna/tag/e2806894000040038662114f, 88
1652716353.205935, sdrt-health/mac:02010b41cdec/antenna/tag/e2806894000050038662154f, 85
1652716353.225944, sdrt-health/mac:02010b41cdec/antenna/tag/e2806894000040038662114f, 85
1652716353.25587, sdrt-health/mac:02010b41cdec/antenna/tag/e2806894000050038662194f, 94
1652716353.256227, sdrt-health/mac:02010b41cdec/antenna/tag/e2806894000050038662194f, 87
1652716353.282399, sdrt-health/mac:02010b41cdec/antenna/tag/e2806894000050038662154f, 97
1652716353.358547, sdrt-health/mac:02010b41cdec/antenna/tag/e2806894000050038661fd4f, 90
1652716353.359064, sdrt-health/mac:02010b41cdec/antenna/tag/e2806894000050038662154f, 91
1652716353.37288, sdrt-health/mac:02010b41cdec/antenna/tag/e2806894000040038662114f, 88
1652716353.428377, sdrt-health/mac:02010b41cdec/antenna/tag/e28068940000400386621d4f, 96
1652716353.42878, sdrt-health/mac:02010b41cdec/antenna/tag/e2806894000050038661fd4f, 86
1652716353.456871, sdrt-health/mac:02010b41cdec/antenna/tag/e2806894000050038661fd4f, 83
1652716353.486426, sdrt-health/mac:02010b41cdec/antenna/tag/e2806894000050038662194f, 81
1652716353.486725, sdrt-health/mac:02010b41cdec/antenna/tag/e2806894000050038662194f, 83
1652716353.504101, sdrt-health/mac:02010b41cdec/antenna/tag/e2806894000050038662154f, 91
1652716353.545574, sdrt-health/mac:02010b41cdec/antenna/tag/e2806894000050038662154f, 85
1652716353.584988, sdrt-health/mac:02010b41cdec/antenna/tag/e28068940000400386621d4f, 77
1652716353.662664, sdrt-health/mac:02010b41cdec/antenna/tag/e28068940000400386621d4f, 96
1652716353.751232, sdrt-health/mac:02010b41cdec/antenna/tag/e2806894000040038662114f, 88
1652716353.823075, sdrt-health/mac:02010b41cdec/antenna/tag/e2806894000050038662154f, 91
1652716353.823553, sdrt-health/mac:02010b41cdec/antenna/tag/e28068940000400386621d4f, 77
1652716353.838735, sdrt-health/mac:02010b41cdec/antenna/tag/e2806894000050038662194f, 83
1652716353.839172, sdrt-health/mac:02010b41cdec/antenna/tag/e2806894000050038662194f, 87
1652716353.839373, sdrt-health/mac:02010b41cdec/antenna/tag/e2806894000050038662194f, 94
1652716353.839571, sdrt-health/mac:02010b41cdec/antenna/tag/e2806894000050038661fd4f, 90
1652716353.854806, sdrt-health/mac:02010b41cdec/antenna/tag/e2806894000050038662194f, 88
1652716353.921254, sdrt-health/mac:02010b41cdec/antenna/tag/e2806894000050038662154f, 91
1652716353.921732, sdrt-health/mac:02010b41cdec/antenna/tag/e2806894000050038661fd4f, 90
1652716353.935079, sdrt-health/mac:02010b41cdec/antenna/tag/e28068940000400386621d4f, 96
1652716353.958765, sdrt-health/mac:02010b41cdec/antenna/tag/e2806894000050038662194f, 94
1652716353.9894, sdrt-health/mac:02010b41cdec/antenna/tag/e2806894000050038661fd4f, 90
1652716353.989868, sdrt-health/mac:02010b41cdec/antenna/tag/e28068940000400386621d4f, 96
1652716354.215761, sdrt-health/mac:02010b41cdec/antenna/tag/e2806894000050038661fd4f, 86
1652716354.246305, sdrt-health/mac:02010b41cdec/antenna/tag/e2806894000050038662154f, 88
1652716354.246584, sdrt-health/mac:02010b41cdec/antenna/tag/e2806894000050038661fd4f, 90
1652716354.301793, sdrt-health/mac:02010b41cdec/antenna/tag/e2806894000050038661fd4f, 97
1652716354.33087, sdrt-health/mac:02010b41cdec/antenna/tag/e2806894000050038662194f, 83
1652716354.331626, sdrt-health/mac:02010b41cdec/antenna/tag/e28068940000400386621d4f, 96
1652716354.331949, sdrt-health/mac:02010b41cdec/antenna/tag/e2806894000050038662194f, 81
1652716354.332349, sdrt-health/mac:02010b41cdec/antenna/tag/e2806894000040038662114f, 91
1652716354.332862, sdrt-health/mac:02010b41cdec/antenna/tag/e2806894000040038662114f, 91
1652716354.333205, sdrt-health/mac:02010b41cdec/antenna/tag/e2806894000050038662194f, 94
1652716354.333591, sdrt-health/mac:02010b41cdec/antenna/tag/e28068940000400386621d4f, 96
1652716354.345225, sdrt-health/mac:02010b41cdec/antenna/tag/e28068940000400386621d4f, 96
1652716354.419015, sdrt-health/mac:02010b41cdec/antenna/tag/e2806894000050038662194f, 87
1652716354.419527, sdrt-health/mac:02010b41cdec/antenna/tag/e2806894000050038662194f, 81
1652716354.434067, sdrt-health/mac:02010b41cdec/antenna/tag/e28068940000400386621d4f, 90
1652716354.473389, sdrt-health/mac:02010b41cdec/antenna/tag/e28068940000400386621d4f, 77
1652716354.539104, sdrt-health/mac:02010b41cdec/antenna/tag/e2806894000050038662194f, 83
1652716354.623413, sdrt-health/mac:02010b41cdec/antenna/tag/e2806894000050038661fd4f, 97
1652716354.623983, sdrt-health/mac:02010b41cdec/antenna/tag/e2806894000040038661f94f, 82
1652716354.639428, sdrt-health/mac:02010b41cdec/antenna/tag/e2806894000040038661f94f, 84
1652716354.647213, sdrt-health/mac:02010b41cdec/antenna/tag/e2806894000050038662154f, 85
1652716354.653645, sdrt-health/mac:02010b41cdec/antenna/tag/e28068940000400386621d4f, 96
1652716354.653843, sdrt-health/mac:02010b41cdec/antenna/tag/e2806894000040038662214f, 94
1652716354.734054, sdrt-health/mac:02010b41cdec/antenna/tag/e28068940000400386621d4f, 96
1652716354.788526, sdrt-health/mac:02010b41cdec/antenna/tag/e2806894000040038662114f, 85
1652716354.863791, sdrt-health/mac:02010b41cdec/antenna/tag/e28068940000400386621d4f, 96
1652716354.864086, sdrt-health/mac:02010b41cdec/antenna/tag/e2806894000040038662114f, 91
1652716354.87835, sdrt-health/mac:02010b41cdec/antenna/tag/e28068940000400386621d4f, 96
1652716354.895306, sdrt-health/mac:02010b41cdec/antenna/tag/e2806894000040038662114f, 88
1652716354.944961, sdrt-health/mac:02010b41cdec/antenna/tag/e2806894000050038662154f, 97
1652716354.985474, sdrt-health/mac:02010b41cdec/antenna/tag/e28068940000400386621d4f, 96
1652716355.04092, sdrt-health/mac:02010b41cdec/antenna/tag/e2806894000050038662154f, 88
1652716355.04159, sdrt-health/mac:02010b41cdec/antenna/tag/e2806894000050038662194f, 87
1652716355.055189, sdrt-health/mac:02010b41cdec/antenna/tag/e2806894000050038662194f, 83
1652716355.136922, sdrt-health/mac:02010b41cdec/antenna/tag/e2806894000040038662114f, 88
1652716355.225936, sdrt-health/mac:02010b41cdec/antenna/tag/e2806894000050038662194f, 83
1652716355.256273, sdrt-health/mac:02010b41cdec/antenna/tag/e2806894000050038661fd4f, 97
1652716355.256641, sdrt-health/mac:02010b41cdec/antenna/tag/e2806894000050038662194f, 93
1652716355.256955, sdrt-health/mac:02010b41cdec/antenna/tag/e2806894000040038662114f, 91
1652716355.290974, sdrt-health/mac:02010b41cdec/antenna/tag/e2806894000050038661fd4f, 83
1652716355.352822, sdrt-health/mac:02010b41cdec/antenna/tag/e2806894000050038662194f, 87
1652716355.353286, sdrt-health/mac:02010b41cdec/antenna/tag/e2806894000050038661fd4f, 83
1652716355.401451, sdrt-health/mac:02010b41cdec/antenna/tag/e2806894000050038662154f, 88
1652716355.46266, sdrt-health/mac:02010b41cdec/antenna/tag/e2806894000050038661fd4f, 90
1652716355.493285, sdrt-health/mac:02010b41cdec/antenna/tag/e2806894000050038662154f, 91
1652716355.493785, sdrt-health/mac:02010b41cdec/antenna/tag/e28068940000400386621d4f, 96
1652716355.494196, sdrt-health/mac:02010b41cdec/antenna/tag/e2806894000040038662114f, 91
1652716355.508565, sdrt-health/mac:02010b41cdec/antenna/tag/e2806894000040038662114f, 91
1652716355.539679, sdrt-health/mac:02010b41cdec/antenna/tag/e2806894000040038662114f, 88
1652716355.540023, sdrt-health/mac:02010b41cdec/antenna/tag/e2806894000050038661fd4f, 83
1652716355.560667, sdrt-health/mac:02010b41cdec/antenna/tag/e2806894000040038662114f, 88
1652716355.621061, sdrt-health/mac:02010b41cdec/antenna/tag/e2806894000050038661fd4f, 83
1652716355.621576, sdrt-health/mac:02010b41cdec/antenna/tag/e2806894000050038662194f, 83
1652716355.666745, sdrt-health/mac:02010b41cdec/antenna/tag/e2806894000050038662154f, 91
1652716355.695748, sdrt-health/mac:02010b41cdec/antenna/tag/e2806894000050038662194f, 85
1652716355.696248, sdrt-health/mac:02010b41cdec/antenna/tag/e2806894000050038662194f, 81
1652716355.723678, sdrt-health/mac:02010b41cdec/antenna/tag/e2806894000050038662194f, 85
1652716355.769757, sdrt-health/mac:02010b41cdec/antenna/tag/e2806894000050038661fd4f, 83
1652716355.831722, sdrt-health/mac:02010b41cdec/antenna/tag/e2806894000040038662214f, 88
1652716355.881689, sdrt-health/mac:02010b41cdec/antenna/tag/e2806894000040038661f94f, 88
1652716355.952937, sdrt-health/mac:02010b41cdec/antenna/tag/e28068940000400386621d4f, 77
1652716355.953459, sdrt-health/mac:02010b41cdec/antenna/tag/e2806894000050038662154f, 85
1652716355.96718, sdrt-health/mac:02010b41cdec/antenna/tag/e28068940000400386621d4f, 77
1652716356.003201, sdrt-health/mac:02010b41cdec/antenna/tag/e2806894000050038662154f, 88
1652716356.064347, sdrt-health/mac:02010b41cdec/antenna/tag/e2806894000050038662194f, 81
1652716356.094497, sdrt-health/mac:02010b41cdec/antenna/tag/e28068940000400386621d4f, 96
1652716356.094999, sdrt-health/mac:02010b41cdec/antenna/tag/e2806894000040038662214f, 84
1652716356.10922, sdrt-health/mac:02010b41cdec/antenna/tag/e28068940000400386621d4f, 77
1652716356.154846, sdrt-health/mac:02010b41cdec/antenna/tag/e28068940000400386621d4f, 96
1652716356.207291, sdrt-health/mac:02010b41cdec/antenna/tag/e2806894000050038662154f, 93
1652716356.26362, sdrt-health/mac:02010b41cdec/antenna/tag/e2806894000050038662154f, 97
1652716356.304707, sdrt-health/mac:02010b41cdec/antenna/tag/e2806894000050038662194f, 81
1652716356.346155, sdrt-health/mac:02010b41cdec/antenna/tag/e2806894000050038661fd4f, 83
1652716356.410494, sdrt-health/mac:02010b41cdec/antenna/tag/e2806894000050038662194f, 81
1652716356.411064, sdrt-health/mac:02010b41cdec/antenna/tag/e2806894000050038662154f, 91
1652716356.455705, sdrt-health/mac:02010b41cdec/antenna/tag/e2806894000040038662114f, 91
1652716356.503022, sdrt-health/mac:02010b41cdec/antenna/tag/e28068940000400386621d4f, 90
1652716356.565437, sdrt-health/mac:02010b41cdec/antenna/tag/e2806894000050038661fd4f, 86
1652716356.566001, sdrt-health/mac:02010b41cdec/antenna/tag/e2806894000040038662114f, 91
1652716356.58031, sdrt-health/mac:02010b41cdec/antenna/tag/e28068940000400386621d4f, 90
1652716356.601999, sdrt-health/mac:02010b41cdec/antenna/tag/e2806894000050038662154f, 88
1652716356.655262, sdrt-health/mac:02010b41cdec/antenna/tag/e2806894000050038662194f, 83
1652716356.721265, sdrt-health/mac:02010b41cdec/antenna/tag/e2806894000040038662114f, 88
1652716356.721727, sdrt-health/mac:02010b41cdec/antenna/tag/e2806894000050038662154f, 85
1652716356.799153, sdrt-health/mac:02010b41cdec/antenna/tag/e28068940000400386621d4f, 96
1652716356.87625, sdrt-health/mac:02010b41cdec/antenna/tag/e2806894000050038662194f, 81
1652716356.936282, sdrt-health/mac:02010b41cdec/antenna/tag/e2806894000050038662154f, 91
1652716356.936756, sdrt-health/mac:02010b41cdec/antenna/tag/e2806894000050038662154f, 88
1652716356.999589, sdrt-health/mac:02010b41cdec/antenna/tag/e2806894000050038661fd4f, 86
1652716357.035624, sdrt-health/mac:02010b41cdec/antenna/tag/e28068940000400386621d4f, 90
1652716357.036035, sdrt-health/mac:02010b41cdec/antenna/tag/e2806894000050038662194f, 81
1652716357.081454, sdrt-health/mac:02010b41cdec/antenna/tag/e28068940000400386621d4f, 90
1652716357.111411, sdrt-health/mac:02010b41cdec/antenna/tag/e2806894000050038661fd4f, 86
1652716357.111819, sdrt-health/mac:02010b41cdec/antenna/tag/e2806894000050038661fd4f, 83
1652716357.126493, sdrt-health/mac:02010b41cdec/antenna/tag/e2806894000050038661fd4f, 97
1652716357.155334, sdrt-health/mac:02010b41cdec/antenna/tag/e2806894000040038662114f, 88
1652716357.155529, sdrt-health/mac:02010b41cdec/antenna/tag/e2806894000050038662194f, 83
1652716357.155653, sdrt-health/mac:02010b41cdec/antenna/tag/e2806894000050038661fd4f, 83
1652716357.217414, sdrt-health/mac:02010b41cdec/antenna/tag/e2806894000050038661fd4f, 83
1652716357.267834, sdrt-health/mac:02010b41cdec/antenna/tag/e28068940000400386621d4f, 96
1652716357.305367, sdrt-health/mac:02010b41cdec/antenna/tag/e28068940000400386621d4f, 77
1652716357.347858, sdrt-health/mac:02010b41cdec/antenna/tag/e2806894000050038662194f, 83
1652716357.40162, sdrt-health/mac:02010b41cdec/antenna/tag/e2806894000050038662154f, 85
1652716357.402034, sdrt-health/mac:02010b41cdec/antenna/tag/e28068940000400386621d4f, 77
1652716357.419705, sdrt-health/mac:02010b41cdec/antenna/tag/e2806894000050038662194f, 87
1652716357.452014, sdrt-health/mac:02010b41cdec/antenna/tag/e2806894000050038662154f, 85
1652716357.452543, sdrt-health/mac:02010b41cdec/antenna/tag/e2806894000050038662154f, 97
1652716357.495355, sdrt-health/mac:02010b41cdec/antenna/tag/e28068940000400386621d4f, 96
1652716357.496391, sdrt-health/mac:02010b41cdec/antenna/tag/e2806894000050038661fd4f, 86
1652716357.53508, sdrt-health/mac:02010b41cdec/antenna/tag/e2806894000050038661fd4f, 83
1652716357.611777, sdrt-health/mac:02010b41cdec/antenna/tag/e2806894000050038662154f, 91
1652716357.612283, sdrt-health/mac:02010b41cdec/antenna/tag/e2806894000050038661fd4f, 97
1652716357.627452, sdrt-health/mac:02010b41cdec/antenna/tag/e2806894000050038662154f, 91
1652716357.66853, sdrt-health/mac:02010b41cdec/antenna/tag/e2806894000050038662194f, 83
1652716357.668827, sdrt-health/mac:02010b41cdec/antenna/tag/e2806894000050038662194f, 81
1652716357.682435, sdrt-health/mac:02010b41cdec/antenna/tag/e2806894000040038662114f, 91
1652716357.70526, sdrt-health/mac:02010b41cdec/antenna/tag/e2806894000050038661fd4f, 86
1652716357.755509, sdrt-health/mac:02010b41cdec/antenna/tag/e2806894000050038662154f, 91
1652716357.820943, sdrt-health/mac:02010b41cdec/antenna/tag/e2806894000040038662114f, 91
1652716357.821408, sdrt-health/mac:02010b41cdec/antenna/tag/e2806894000050038662154f, 91
1652716357.836366, sdrt-health/mac:02010b41cdec/antenna/tag/e2806894000050038662194f, 94
1652716357.843951, sdrt-health/mac:02010b41cdec/antenna/tag/e2806894000050038661fd4f, 86
1652716357.903656, sdrt-health/mac:02010b41cdec/antenna/tag/e2806894000050038662194f, 83
1652716357.960354, sdrt-health/mac:02010b41cdec/antenna/tag/e2806894000050038662194f, 87
1652716357.960903, sdrt-health/mac:02010b41cdec/antenna/tag/e28068940000400386621d4f, 90
1652716357.999812, sdrt-health/mac:02010b41cdec/antenna/tag/e2806894000050038662194f, 87
1652716358.062719, sdrt-health/mac:02010b41cdec/antenna/tag/e28068940000400386621d4f, 96
1652716358.063041, sdrt-health/mac:02010b41cdec/antenna/tag/e2806894000050038662154f, 91
1652716358.102369, sdrt-health/mac:02010b41cdec/antenna/tag/e2806894000050038661fd4f, 86
1652716358.162663, sdrt-health/mac:02010b41cdec/antenna/tag/e2806894000050038662154f, 91
1652716358.163135, sdrt-health/mac:02010b41cdec/antenna/tag/e2806894000040038662114f, 88
1652716358.176966, sdrt-health/mac:02010b41cdec/antenna/tag/e28068940000400386621d4f, 96
1652716358.200475, sdrt-health/mac:02010b41cdec/antenna/tag/e2806894000050038661fd4f, 83
1652716358.296314, sdrt-health/mac:02010b41cdec/antenna/tag/e28068940000400386621d4f, 77
1652716358.296833, sdrt-health/mac:02010b41cdec/antenna/tag/e2806894000050038662154f, 88
1652716358.311318, sdrt-health/mac:02010b41cdec/antenna/tag/e2806894000040038662114f, 88
1652716358.311698, sdrt-health/mac:02010b41cdec/antenna/tag/e2806894000050038662154f, 85
1652716358.337462, sdrt-health/mac:02010b41cdec/antenna/tag/e2806894000040038662114f, 88
1652716358.366437, sdrt-health/mac:02010b41cdec/antenna/tag/e2806894000050038661fd4f, 83
1652716358.366729, sdrt-health/mac:02010b41cdec/antenna/tag/e28068940000400386621d4f, 77
1652716358.367042, sdrt-health/mac:02010b41cdec/antenna/tag/e28068940000400386621d4f, 96
1652716358.38694, sdrt-health/mac:02010b41cdec/antenna/tag/e2806894000050038662154f, 91
1652716358.416224, sdrt-health/mac:02010b41cdec/antenna/tag/e2806894000040038662114f, 88
1652716358.416435, sdrt-health/mac:02010b41cdec/antenna/tag/e2806894000050038661fd4f, 86
1652716358.439834, sdrt-health/mac:02010b41cdec/antenna/tag/e2806894000040038662114f, 88
1652716358.534626, sdrt-health/mac:02010b41cdec/antenna/tag/e28068940000400386621d4f, 96
1652716358.535132, sdrt-health/mac:02010b41cdec/antenna/tag/e28068940000400386621d4f, 96
1652716358.550287, sdrt-health/mac:02010b41cdec/antenna/tag/e2806894000050038662194f, 83
1652716358.576976, sdrt-health/mac:02010b41cdec/antenna/tag/e2806894000050038661fd4f, 83
1652716358.606294, sdrt-health/mac:02010b41cdec/antenna/tag/e2806894000050038661fd4f, 83
1652716358.606724, sdrt-health/mac:02010b41cdec/antenna/tag/e2806894000050038662194f, 87
1652716358.826012, sdrt-health/mac:02010b41cdec/antenna/tag/e2806894000040038662114f, 88
1652716358.908585, sdrt-health/mac:02010b41cdec/antenna/tag/e2806894000050038662154f, 91
1652716358.909088, sdrt-health/mac:02010b41cdec/antenna/tag/e2806894000040038662114f, 91
1652716358.923622, sdrt-health/mac:02010b41cdec/antenna/tag/e2806894000040038662114f, 88
1652716358.924152, sdrt-health/mac:02010b41cdec/antenna/tag/e2806894000050038661fd4f, 86
1652716358.92461, sdrt-health/mac:02010b41cdec/antenna/tag/e28068940000400386621d4f, 96
1652716358.938954, sdrt-health/mac:02010b41cdec/antenna/tag/e2806894000050038661fd4f, 86
1652716358.939213, sdrt-health/mac:02010b41cdec/antenna/tag/e2806894000050038662194f, 81
1652716358.939387, sdrt-health/mac:02010b41cdec/antenna/tag/e2806894000050038661fd4f, 86
1652716358.939577, sdrt-health/mac:02010b41cdec/antenna/tag/e2806894000050038662194f, 94
1652716358.939738, sdrt-health/mac:02010b41cdec/antenna/tag/e2806894000050038662154f, 88
1652716358.939905, sdrt-health/mac:02010b41cdec/antenna/tag/e2806894000050038662194f, 87
1652716359.018012, sdrt-health/mac:02010b41cdec/antenna/tag/e2806894000040038662114f, 88
1652716359.060201, sdrt-health/mac:02010b41cdec/antenna/tag/e2806894000050038662154f, 88
1652716359.137378, sdrt-health/mac:02010b41cdec/antenna/tag/e2806894000040038661f94f, 88
1652716359.292024, sdrt-health/mac:02010b41cdec/antenna/tag/e28068940000500386620d4f, 81
1652716359.375019, sdrt-health/mac:02010b41cdec/antenna/tag/e2806894000040038662114f, 91
1652716359.375563, sdrt-health/mac:02010b41cdec/antenna/tag/e2806894000040038662114f, 88
1652716359.388711, sdrt-health/mac:02010b41cdec/antenna/tag/e28068940000400386621d4f, 96
1652716359.389135, sdrt-health/mac:02010b41cdec/antenna/tag/e2806894000050038662154f, 88
1652716359.389458, sdrt-health/mac:02010b41cdec/antenna/tag/e2806894000050038661fd4f, 90
1652716359.435687, sdrt-health/mac:02010b41cdec/antenna/tag/e2806894000050038661fd4f, 86
1652716359.464934, sdrt-health/mac:02010b41cdec/antenna/tag/e2806894000040038662114f, 88
1652716359.46525, sdrt-health/mac:02010b41cdec/antenna/tag/e2806894000050038662154f, 91
1652716359.465446, sdrt-health/mac:02010b41cdec/antenna/tag/e2806894000050038662194f, 81
1652716359.478694, sdrt-health/mac:02010b41cdec/antenna/tag/e2806894000040038662114f, 97
1652716359.525395, sdrt-health/mac:02010b41cdec/antenna/tag/e2806894000050038661fd4f, 83
1652716359.577206, sdrt-health/mac:02010b41cdec/antenna/tag/e2806894000040038662114f, 91
1652716359.609064, sdrt-health/mac:02010b41cdec/antenna/tag/e2806894000050038662194f, 93
1652716359.609468, sdrt-health/mac:02010b41cdec/antenna/tag/e2806894000050038662154f, 91
1652716359.60974, sdrt-health/mac:02010b41cdec/antenna/tag/e2806894000050038661fd4f, 86
1652716359.663892, sdrt-health/mac:02010b41cdec/antenna/tag/e2806894000050038662154f, 85
1652716359.720552, sdrt-health/mac:02010b41cdec/antenna/tag/e2806894000040038662114f, 88
1652716359.796143, sdrt-health/mac:02010b41cdec/antenna/tag/e2806894000050038661fd4f, 83
1652716359.796621, sdrt-health/mac:02010b41cdec/antenna/tag/e2806894000050038661fd4f, 86
1652716359.82553, sdrt-health/mac:02010b41cdec/antenna/tag/e28068940000400386621d4f, 96
1652716359.896571, sdrt-health/mac:02010b41cdec/antenna/tag/e2806894000050038662154f, 91
1652716359.943415, sdrt-health/mac:02010b41cdec/antenna/tag/e28068940000400386621d4f, 96
1652716359.946293, sdrt-health/mac:02010b41cdec/antenna/tag/e2806894000050038661fd4f, 86
1652716359.996027, sdrt-health/mac:02010b41cdec/antenna/tag/e2806894000050038661fd4f, 86
1652716360.0718, sdrt-health/mac:02010b41cdec/antenna/tag/e28068940000400386621d4f, 96
1652716360.072318, sdrt-health/mac:02010b41cdec/antenna/tag/e2806894000050038662154f, 91
1652716360.072693, sdrt-health/mac:02010b41cdec/antenna/tag/e2806894000040038662214f, 84
1652716360.105146, sdrt-health/mac:02010b41cdec/antenna/tag/e28068940000400386621d4f, 77
1652716360.146515, sdrt-health/mac:02010b41cdec/antenna/tag/e2806894000040038662214f, 81
1652716360.199638, sdrt-health/mac:02010b41cdec/antenna/tag/e2806894000050038662154f, 91
1652716360.228668, sdrt-health/mac:02010b41cdec/antenna/tag/e28068940000400386621d4f, 96
1652716360.229007, sdrt-health/mac:02010b41cdec/antenna/tag/e2806894000050038661fd4f, 86
1652716360.246274, sdrt-health/mac:02010b41cdec/antenna/tag/e2806894000040038662114f, 91
1652716360.321127, sdrt-health/mac:02010b41cdec/antenna/tag/e2806894000050038661fd4f, 86
1652716360.321597, sdrt-health/mac:02010b41cdec/antenna/tag/e2806894000040038662114f, 97
1652716360.35954, sdrt-health/mac:02010b41cdec/antenna/tag/e2806894000050038662154f, 88
1652716360.440294, sdrt-health/mac:02010b41cdec/antenna/tag/e2806894000040038662114f, 91
1652716360.440838, sdrt-health/mac:02010b41cdec/antenna/tag/e28068940000400386621d4f, 96
1652716360.441301, sdrt-health/mac:02010b41cdec/antenna/tag/e2806894000040038662114f, 88
1652716360.441655, sdrt-health/mac:02010b41cdec/antenna/tag/e2806894000040038662114f, 88
1652716360.483502, sdrt-health/mac:02010b41cdec/antenna/tag/e2806894000040038662114f, 91
1652716360.560966, sdrt-health/mac:02010b41cdec/antenna/tag/e2806894000050038662154f, 91
1652716360.56146, sdrt-health/mac:02010b41cdec/antenna/tag/e28068940000400386621d4f, 96
1652716360.561804, sdrt-health/mac:02010b41cdec/antenna/tag/e2806894000050038661fd4f, 86
1652716360.572497, sdrt-health/mac:02010b41cdec/antenna/tag/e2806894000050038661fd4f, 90
1652716360.573061, sdrt-health/mac:02010b41cdec/antenna/tag/e2806894000050038662194f, 81
1652716360.626835, sdrt-health/mac:02010b41cdec/antenna/tag/e2806894000050038662194f, 87
1652716360.654606, sdrt-health/mac:02010b41cdec/antenna/tag/e2806894000050038661fd4f, 83
1652716360.654863, sdrt-health/mac:02010b41cdec/antenna/tag/e2806894000040038662114f, 91
1652716360.65505, sdrt-health/mac:02010b41cdec/antenna/tag/e2806894000050038661fd4f, 97
1652716360.655235, sdrt-health/mac:02010b41cdec/antenna/tag/e2806894000050038662154f, 85
1652716360.681088, sdrt-health/mac:02010b41cdec/antenna/tag/e28068940000400386621d4f, 96
1652716360.709708, sdrt-health/mac:02010b41cdec/antenna/tag/e2806894000050038661fd4f, 83
1652716360.710014, sdrt-health/mac:02010b41cdec/antenna/tag/e2806894000040038662114f, 88
1652716360.725112, sdrt-health/mac:02010b41cdec/antenna/tag/e2806894000050038661fd4f, 86
1652716360.770178, sdrt-health/mac:02010b41cdec/antenna/tag/e2806894000050038661fd4f, 86
1652716360.840009, sdrt-health/mac:02010b41cdec/antenna/tag/e2806894000050038662194f, 83
1652716360.841448, sdrt-health/mac:02010b41cdec/antenna/tag/e2806894000050038661fd4f, 86
1652716360.87097, sdrt-health/mac:02010b41cdec/antenna/tag/e2806894000040038662114f, 91
1652716360.934213, sdrt-health/mac:02010b41cdec/antenna/tag/e2806894000050038662154f, 91
1652716360.934697, sdrt-health/mac:02010b41cdec/antenna/tag/e2806894000050038662194f, 94
1652716360.998595, sdrt-health/mac:02010b41cdec/antenna/tag/e28068940000400386621d4f, 77
1652716361.028726, sdrt-health/mac:02010b41cdec/antenna/tag/e2806894000050038661fd4f, 97
1652716361.029201, sdrt-health/mac:02010b41cdec/antenna/tag/e2806894000050038662194f, 83
1652716361.029528, sdrt-health/mac:02010b41cdec/antenna/tag/e2806894000040038662114f, 88
1652716361.052999, sdrt-health/mac:02010b41cdec/antenna/tag/e2806894000040038662214f, 88
1652716361.081853, sdrt-health/mac:02010b41cdec/antenna/tag/e2806894000050038661fd4f, 97
1652716361.082163, sdrt-health/mac:02010b41cdec/antenna/tag/e2806894000040038662114f, 88
1652716361.107171, sdrt-health/mac:02010b41cdec/antenna/tag/e2806894000050038662194f, 94
1652716361.138713, sdrt-health/mac:02010b41cdec/antenna/tag/e2806894000040038661f94f, 82
1652716361.13916, sdrt-health/mac:02010b41cdec/antenna/tag/e28068940000400386621d4f, 77
1652716361.167432, sdrt-health/mac:02010b41cdec/antenna/tag/e2806894000040038662214f, 81
1652716361.231687, sdrt-health/mac:02010b41cdec/antenna/tag/e2806894000050038662194f, 81
1652716361.232173, sdrt-health/mac:02010b41cdec/antenna/tag/e2806894000050038661fd4f, 86
1652716361.265193, sdrt-health/mac:02010b41cdec/antenna/tag/e2806894000040038662114f, 88
1652716361.337492, sdrt-health/mac:02010b41cdec/antenna/tag/e2806894000050038662194f, 83
1652716361.338103, sdrt-health/mac:02010b41cdec/antenna/tag/e2806894000050038661fd4f, 86
1652716361.401193, sdrt-health/mac:02010b41cdec/antenna/tag/e2806894000050038661fd4f, 90
1652716361.429751, sdrt-health/mac:02010b41cdec/antenna/tag/e28068940000400386621d4f, 96
1652716361.430104, sdrt-health/mac:02010b41cdec/antenna/tag/e2806894000050038662154f, 91
1652716361.430463, sdrt-health/mac:02010b41cdec/antenna/tag/e28068940000400386621d4f, 96
1652716361.562107, sdrt-health/mac:02010b41cdec/antenna/tag/e2806894000040038662114f, 88
1652716361.643758, sdrt-health/mac:02010b41cdec/antenna/tag/e2806894000050038662194f, 83
1652716361.644241, sdrt-health/mac:02010b41cdec/antenna/tag/e28068940000400386621d4f, 90
1652716361.659703, sdrt-health/mac:02010b41cdec/antenna/tag/e2806894000050038662154f, 91
1652716361.660268, sdrt-health/mac:02010b41cdec/antenna/tag/e2806894000040038662114f, 97
1652716361.660553, sdrt-health/mac:02010b41cdec/antenna/tag/e28068940000400386621d4f, 77
1652716361.692897, sdrt-health/mac:02010b41cdec/antenna/tag/e2806894000050038662194f, 87
1652716361.720595, sdrt-health/mac:02010b41cdec/antenna/tag/e2806894000040038662114f, 91
1652716361.720908, sdrt-health/mac:02010b41cdec/antenna/tag/e2806894000050038662194f, 83
1652716361.756452, sdrt-health/mac:02010b41cdec/antenna/tag/e2806894000050038661fd4f, 83
1652716361.785612, sdrt-health/mac:02010b41cdec/antenna/tag/e2806894000050038661fd4f, 86
1652716361.785882, sdrt-health/mac:02010b41cdec/antenna/tag/e2806894000040038662114f, 91
1652716361.78608, sdrt-health/mac:02010b41cdec/antenna/tag/e2806894000050038662194f, 87
1652716361.815897, sdrt-health/mac:02010b41cdec/antenna/tag/e2806894000050038662154f, 91
1652716361.855795, sdrt-health/mac:02010b41cdec/antenna/tag/e2806894000050038661fd4f, 86
1652716361.907639, sdrt-health/mac:02010b41cdec/antenna/tag/e2806894000040038662114f, 88
1652716361.960419, sdrt-health/mac:02010b41cdec/antenna/tag/e28068940000400386621d4f, 96
1652716361.960886, sdrt-health/mac:02010b41cdec/antenna/tag/e2806894000040038662114f, 88
1652716361.975186, sdrt-health/mac:02010b41cdec/antenna/tag/e2806894000050038661fd4f, 86
1652716362.011687, sdrt-health/mac:02010b41cdec/antenna/tag/e28068940000400386621d4f, 96
1652716362.01208, sdrt-health/mac:02010b41cdec/antenna/tag/e2806894000050038662194f, 93
1652716362.054984, sdrt-health/mac:02010b41cdec/antenna/tag/e2806894000040038662114f, 91
1652716362.10679, sdrt-health/mac:02010b41cdec/antenna/tag/e2806894000050038661fd4f, 83
1652716362.146697, sdrt-health/mac:02010b41cdec/antenna/tag/e28068940000400386621d4f, 96
1652716362.177102, sdrt-health/mac:02010b41cdec/antenna/tag/e2806894000050038662154f, 83
1652716362.177539, sdrt-health/mac:02010b41cdec/antenna/tag/e2806894000040038662114f, 88
1652716362.197747, sdrt-health/mac:02010b41cdec/antenna/tag/e28068940000400386621d4f, 90
1652716362.245999, sdrt-health/mac:02010b41cdec/antenna/tag/e28068940000400386621d4f, 77
1652716362.311063, sdrt-health/mac:02010b41cdec/antenna/tag/e28068940000400386621d4f, 77
1652716362.311597, sdrt-health/mac:02010b41cdec/antenna/tag/e2806894000050038662154f, 88
1652716362.325915, sdrt-health/mac:02010b41cdec/antenna/tag/e2806894000040038661f94f, 84
1652716362.39545, sdrt-health/mac:02010b41cdec/antenna/tag/e2806894000050038662154f, 88
1652716362.468917, sdrt-health/mac:02010b41cdec/antenna/tag/e2806894000050038662194f, 83
1652716362.469432, sdrt-health/mac:02010b41cdec/antenna/tag/e2806894000040038662114f, 88
1652716362.484895, sdrt-health/mac:02010b41cdec/antenna/tag/e2806894000050038662154f, 88
1652716362.53561, sdrt-health/mac:02010b41cdec/antenna/tag/e2806894000050038662154f, 85
1652716362.575994, sdrt-health/mac:02010b41cdec/antenna/tag/e2806894000050038661fd4f, 83
1652716362.631143, sdrt-health/mac:02010b41cdec/antenna/tag/e2806894000050038662154f, 93
1652716362.631654, sdrt-health/mac:02010b41cdec/antenna/tag/e2806894000040038662114f, 88
1652716362.668129, sdrt-health/mac:02010b41cdec/antenna/tag/e2806894000040038662114f, 91
1652716362.729375, sdrt-health/mac:02010b41cdec/antenna/tag/e2806894000050038662154f, 91
1652716362.729842, sdrt-health/mac:02010b41cdec/antenna/tag/e2806894000050038662154f, 85
1652716362.744011, sdrt-health/mac:02010b41cdec/antenna/tag/e2806894000050038662194f, 87
1652716362.808432, sdrt-health/mac:02010b41cdec/antenna/tag/e2806894000040038662114f, 91
1652716362.808977, sdrt-health/mac:02010b41cdec/antenna/tag/e2806894000040038662114f, 88
1652716362.840387, sdrt-health/mac:02010b41cdec/antenna/tag/e2806894000040038662114f, 91
1652716362.869628, sdrt-health/mac:02010b41cdec/antenna/tag/e2806894000050038662154f, 85
1652716362.870001, sdrt-health/mac:02010b41cdec/antenna/tag/e2806894000050038662194f, 81
1652716362.891998, sdrt-health/mac:02010b41cdec/antenna/tag/e2806894000050038661fd4f, 83
1652716362.926719, sdrt-health/mac:02010b41cdec/antenna/tag/e2806894000050038662154f, 93
1652716362.927198, sdrt-health/mac:02010b41cdec/antenna/tag/e28068940000400386621d4f, 77
1652716362.927753, sdrt-health/mac:02010b41cdec/antenna/tag/e28068940000400386621d4f, 90
1652716362.954676, sdrt-health/mac:02010b41cdec/antenna/tag/e2806894000050038662154f, 91
1652716362.98259, sdrt-health/mac:02010b41cdec/antenna/tag/e2806894000040038662114f, 91
1652716362.982794, sdrt-health/mac:02010b41cdec/antenna/tag/e2806894000050038661fd4f, 86
1652716362.998849, sdrt-health/mac:02010b41cdec/antenna/tag/e2806894000050038661fd4f, 86
1652716363.045568, sdrt-health/mac:02010b41cdec/antenna/tag/e2806894000050038661fd4f, 86
1652716363.13728, sdrt-health/mac:02010b41cdec/antenna/tag/e2806894000050038662154f, 88
1652716363.137814, sdrt-health/mac:02010b41cdec/antenna/tag/e2806894000050038661fd4f, 83
1652716363.152586, sdrt-health/mac:02010b41cdec/antenna/tag/e28068940000400386621d4f, 77
1652716363.176558, sdrt-health/mac:02010b41cdec/antenna/tag/e2806894000040038662114f, 88
1652716363.227052, sdrt-health/mac:02010b41cdec/antenna/tag/e28068940000400386621d4f, 96
1652716363.255791, sdrt-health/mac:02010b41cdec/antenna/tag/e2806894000050038662194f, 87
1652716363.256044, sdrt-health/mac:02010b41cdec/antenna/tag/e2806894000040038662114f, 91
1652716363.269755, sdrt-health/mac:02010b41cdec/antenna/tag/e28068940000400386621d4f, 96
1652716363.305588, sdrt-health/mac:02010b41cdec/antenna/tag/e2806894000050038662154f, 91
1652716363.338085, sdrt-health/mac:02010b41cdec/antenna/tag/e28068940000400386621d4f, 90
1652716363.33839, sdrt-health/mac:02010b41cdec/antenna/tag/e2806894000040038662114f, 88
1652716363.352255, sdrt-health/mac:02010b41cdec/antenna/tag/e2806894000050038661fd4f, 86
1652716363.380208, sdrt-health/mac:02010b41cdec/antenna/tag/e28068940000400386621d4f, 96
1652716363.43368, sdrt-health/mac:02010b41cdec/antenna/tag/e2806894000050038661fd4f, 86
1652716363.461782, sdrt-health/mac:02010b41cdec/antenna/tag/e28068940000400386621d4f, 90
1652716363.462139, sdrt-health/mac:02010b41cdec/antenna/tag/e2806894000040038662114f, 97
1652716363.524993, sdrt-health/mac:02010b41cdec/antenna/tag/e2806894000050038662194f, 87
1652716363.55368, sdrt-health/mac:02010b41cdec/antenna/tag/e2806894000050038662154f, 88
1652716363.554108, sdrt-health/mac:02010b41cdec/antenna/tag/e2806894000050038661fd4f, 86
1652716363.571184, sdrt-health/mac:02010b41cdec/antenna/tag/e2806894000040038662114f, 91
1652716363.600273, sdrt-health/mac:02010b41cdec/antenna/tag/e28068940000400386621d4f, 96
1652716363.600513, sdrt-health/mac:02010b41cdec/antenna/tag/e2806894000050038662194f, 83
1652716363.600662, sdrt-health/mac:02010b41cdec/antenna/tag/e28068940000400386621d4f, 96
1652716363.639801, sdrt-health/mac:02010b41cdec/antenna/tag/e2806894000040038662114f, 91
1652716363.712796, sdrt-health/mac:02010b41cdec/antenna/tag/e2806894000040038662114f, 91
1652716363.713272, sdrt-health/mac:02010b41cdec/antenna/tag/e2806894000050038661fd4f, 83
1652716363.727303, sdrt-health/mac:02010b41cdec/antenna/tag/e2806894000050038661fd4f, 97
1652716363.746799, sdrt-health/mac:02010b41cdec/antenna/tag/e2806894000040038662114f, 88
1652716363.775817, sdrt-health/mac:02010b41cdec/antenna/tag/e2806894000050038662194f, 94
1652716363.776837, sdrt-health/mac:02010b41cdec/antenna/tag/e2806894000050038662154f, 85
1652716363.799463, sdrt-health/mac:02010b41cdec/antenna/tag/e2806894000050038662194f, 87
1652716363.861607, sdrt-health/mac:02010b41cdec/antenna/tag/e2806894000050038662154f, 85
1652716363.862081, sdrt-health/mac:02010b41cdec/antenna/tag/e2806894000050038662194f, 83
1652716363.875753, sdrt-health/mac:02010b41cdec/antenna/tag/e2806894000050038662154f, 85
1652716363.876156, sdrt-health/mac:02010b41cdec/antenna/tag/e2806894000050038662194f, 87
1652716363.915827, sdrt-health/mac:02010b41cdec/antenna/tag/e2806894000050038661fd4f, 97
1652716363.979787, sdrt-health/mac:02010b41cdec/antenna/tag/e2806894000050038662154f, 91
1652716364.058204, sdrt-health/mac:02010b41cdec/antenna/tag/e2806894000050038661fd4f, 86
1652716364.058437, sdrt-health/mac:02010b41cdec/antenna/tag/e28068940000400386621d4f, 96
1652716364.072093, sdrt-health/mac:02010b41cdec/antenna/tag/e28068940000400386621d4f, 96
1652716364.072348, sdrt-health/mac:02010b41cdec/antenna/tag/e2806894000040038662114f, 88
1652716364.084723, sdrt-health/mac:02010b41cdec/antenna/tag/e2806894000050038662154f, 88
1652716364.139415, sdrt-health/mac:02010b41cdec/antenna/tag/e2806894000040038662114f, 91
1652716364.167847, sdrt-health/mac:02010b41cdec/antenna/tag/e2806894000050038662194f, 87
1652716364.168156, sdrt-health/mac:02010b41cdec/antenna/tag/e28068940000400386621d4f, 96
1652716364.168363, sdrt-health/mac:02010b41cdec/antenna/tag/e2806894000050038662154f, 85
1652716364.184918, sdrt-health/mac:02010b41cdec/antenna/tag/e2806894000050038661fd4f, 83
1652716364.225949, sdrt-health/mac:02010b41cdec/antenna/tag/e2806894000050038662194f, 94
1652716364.280587, sdrt-health/mac:02010b41cdec/antenna/tag/e2806894000050038661fd4f, 86
1652716364.281129, sdrt-health/mac:02010b41cdec/antenna/tag/e2806894000040038662114f, 88
1652716364.281475, sdrt-health/mac:02010b41cdec/antenna/tag/e2806894000050038662154f, 91
1652716364.314017, sdrt-health/mac:02010b41cdec/antenna/tag/e2806894000050038662154f, 88
1652716364.375568, sdrt-health/mac:02010b41cdec/antenna/tag/e28068940000400386621d4f, 96
1652716364.47023, sdrt-health/mac:02010b41cdec/antenna/tag/e2806894000050038662154f, 88
1652716364.518023, sdrt-health/mac:02010b41cdec/antenna/tag/e2806894000040038662114f, 91
1652716364.582663, sdrt-health/mac:02010b41cdec/antenna/tag/e2806894000050038662154f, 91
1652716364.583186, sdrt-health/mac:02010b41cdec/antenna/tag/e28068940000400386621d4f, 96
1652716364.5981, sdrt-health/mac:02010b41cdec/antenna/tag/e2806894000050038662194f, 85
1652716364.625, sdrt-health/mac:02010b41cdec/antenna/tag/e28068940000400386621d4f, 96
1652716364.655542, sdrt-health/mac:02010b41cdec/antenna/tag/e2806894000050038661fd4f, 86
1652716364.655885, sdrt-health/mac:02010b41cdec/antenna/tag/e28068940000400386621d4f, 96
1652716364.669911, sdrt-health/mac:02010b41cdec/antenna/tag/e2806894000050038661fd4f, 83
1652716364.670308, sdrt-health/mac:02010b41cdec/antenna/tag/e2806894000050038662154f, 91
1652716364.670676, sdrt-health/mac:02010b41cdec/antenna/tag/e2806894000050038661fd4f, 86
1652716364.715553, sdrt-health/mac:02010b41cdec/antenna/tag/e2806894000050038662154f, 85
1652716364.775356, sdrt-health/mac:02010b41cdec/antenna/tag/e2806894000040038662114f, 91
1652716364.775942, sdrt-health/mac:02010b41cdec/antenna/tag/e2806894000050038662154f, 88
1652716364.790022, sdrt-health/mac:02010b41cdec/antenna/tag/e2806894000040038662114f, 91
1652716364.840361, sdrt-health/mac:02010b41cdec/antenna/tag/e28068940000400386621d4f, 96
1652716364.887199, sdrt-health/mac:02010b41cdec/antenna/tag/e2806894000050038661fd4f, 86
1652716364.948687, sdrt-health/mac:02010b41cdec/antenna/tag/e2806894000050038662194f, 83
1652716364.949225, sdrt-health/mac:02010b41cdec/antenna/tag/e2806894000050038662194f, 81
1652716364.949575, sdrt-health/mac:02010b41cdec/antenna/tag/e2806894000050038662154f, 91
1652716364.997785, sdrt-health/mac:02010b41cdec/antenna/tag/e2806894000050038662154f, 85
1652716365.044997, sdrt-health/mac:02010b41cdec/antenna/tag/e28068940000400386621d4f, 90
1652716365.123508, sdrt-health/mac:02010b41cdec/antenna/tag/e2806894000050038662154f, 88
1652716365.124001, sdrt-health/mac:02010b41cdec/antenna/tag/e2806894000050038662154f, 91
1652716365.138487, sdrt-health/mac:02010b41cdec/antenna/tag/e2806894000050038661fd4f, 83
1652716365.175267, sdrt-health/mac:02010b41cdec/antenna/tag/e2806894000050038661fd4f, 86
1652716365.204819, sdrt-health/mac:02010b41cdec/antenna/tag/e2806894000040038662114f, 91
1652716365.20504, sdrt-health/mac:02010b41cdec/antenna/tag/e2806894000040038662114f, 88
1652716365.205175, sdrt-health/mac:02010b41cdec/antenna/tag/e2806894000050038662154f, 88
1652716365.220756, sdrt-health/mac:02010b41cdec/antenna/tag/e2806894000040038662114f, 88
1652716365.267523, sdrt-health/mac:02010b41cdec/antenna/tag/e28068940000400386621d4f, 96
1652716365.516027, sdrt-health/mac:02010b41cdec/antenna/tag/e2806894000040038662114f, 88
1652716365.57966, sdrt-health/mac:02010b41cdec/antenna/tag/e2806894000040038662114f, 88
1652716365.580181, sdrt-health/mac:02010b41cdec/antenna/tag/e2806894000050038662194f, 83
1652716365.59449, sdrt-health/mac:02010b41cdec/antenna/tag/e2806894000050038662154f, 88
1652716365.594813, sdrt-health/mac:02010b41cdec/antenna/tag/e2806894000050038661fd4f, 86
1652716365.595062, sdrt-health/mac:02010b41cdec/antenna/tag/e2806894000050038662154f, 88
1652716365.627761, sdrt-health/mac:02010b41cdec/antenna/tag/e2806894000050038661fd4f, 86
1652716365.656256, sdrt-health/mac:02010b41cdec/antenna/tag/e2806894000050038662154f, 88
1652716365.656648, sdrt-health/mac:02010b41cdec/antenna/tag/e2806894000040038662114f, 88
1652716365.656931, sdrt-health/mac:02010b41cdec/antenna/tag/e2806894000050038662194f, 84
1652716365.677236, sdrt-health/mac:02010b41cdec/antenna/tag/e2806894000050038662154f, 85
1652716365.705131, sdrt-health/mac:02010b41cdec/antenna/tag/e2806894000050038662194f, 81
1652716365.705611, sdrt-health/mac:02010b41cdec/antenna/tag/e2806894000040038662114f, 88
1652716365.75278, sdrt-health/mac:02010b41cdec/antenna/tag/e2806894000040038662114f, 88
1652716365.7981, sdrt-health/mac:02010b41cdec/antenna/tag/e2806894000050038661fd4f, 86
1652716365.861179, sdrt-health/mac:02010b41cdec/antenna/tag/e2806894000040038662114f, 97
1652716365.861673, sdrt-health/mac:02010b41cdec/antenna/tag/e2806894000050038661fd4f, 83
1652716365.896521, sdrt-health/mac:02010b41cdec/antenna/tag/e2806894000050038662154f, 88
1652716365.935893, sdrt-health/mac:02010b41cdec/antenna/tag/e2806894000050038662194f, 87
1652716365.986813, sdrt-health/mac:02010b41cdec/antenna/tag/e2806894000040038662114f, 91
1652716366.024805, sdrt-health/mac:02010b41cdec/antenna/tag/e28068940000400386621d4f, 96
1652716366.066246, sdrt-health/mac:02010b41cdec/antenna/tag/e2806894000040038662114f, 91
1652716366.126507, sdrt-health/mac:02010b41cdec/antenna/tag/e2806894000050038662194f, 83
1652716366.18066, sdrt-health/mac:02010b41cdec/antenna/tag/e2806894000050038662154f, 85
1652716366.181227, sdrt-health/mac:02010b41cdec/antenna/tag/e2806894000050038662194f, 88
1652716366.307766, sdrt-health/mac:02010b41cdec/antenna/tag/e2806894000040038662114f, 88
1652716366.336825, sdrt-health/mac:02010b41cdec/antenna/tag/e2806894000050038662194f, 94
1652716366.33711, sdrt-health/mac:02010b41cdec/antenna/tag/e2806894000040038662214f, 94
1652716366.337271, sdrt-health/mac:02010b41cdec/antenna/tag/e2806894000050038662194f, 81
1652716366.337409, sdrt-health/mac:02010b41cdec/antenna/tag/e2806894000050038662154f, 91
1652716366.337546, sdrt-health/mac:02010b41cdec/antenna/tag/e2806894000050038661fd4f, 86
1652716366.371286, sdrt-health/mac:02010b41cdec/antenna/tag/e2806894000050038662194f, 83
1652716366.414831, sdrt-health/mac:02010b41cdec/antenna/tag/e2806894000050038662154f, 97
1652716366.479978, sdrt-health/mac:02010b41cdec/antenna/tag/e2806894000040038662114f, 88
1652716366.48053, sdrt-health/mac:02010b41cdec/antenna/tag/e2806894000050038662154f, 91
1652716366.518367, sdrt-health/mac:02010b41cdec/antenna/tag/e2806894000050038661fd4f, 97
1652716366.566402, sdrt-health/mac:02010b41cdec/antenna/tag/e2806894000040038662214f, 88
1652716366.630195, sdrt-health/mac:02010b41cdec/antenna/tag/e2806894000040038661f94f, 84
1652716366.630716, sdrt-health/mac:02010b41cdec/antenna/tag/e2806894000050038662154f, 88
1652716366.683032, sdrt-health/mac:02010b41cdec/antenna/tag/e2806894000040038662214f, 94
1652716366.839905, sdrt-health/mac:02010b41cdec/antenna/tag/e28068940000400386621d4f, 96
1652716366.840368, sdrt-health/mac:02010b41cdec/antenna/tag/e2806894000040038662114f, 88
1652716366.851387, sdrt-health/mac:02010b41cdec/antenna/tag/e2806894000040038662114f, 88
1652716366.851786, sdrt-health/mac:02010b41cdec/antenna/tag/e2806894000050038662154f, 88
1652716366.852114, sdrt-health/mac:02010b41cdec/antenna/tag/e28068940000400386621d4f, 96
1652716366.930543, sdrt-health/mac:02010b41cdec/antenna/tag/e2806894000050038662194f, 81
1652716366.959413, sdrt-health/mac:02010b41cdec/antenna/tag/e2806894000040038662114f, 88
1652716366.95976, sdrt-health/mac:02010b41cdec/antenna/tag/e2806894000040038662114f, 88
1652716366.960205, sdrt-health/mac:02010b41cdec/antenna/tag/e2806894000050038662194f, 81
1652716366.960571, sdrt-health/mac:02010b41cdec/antenna/tag/e2806894000050038661fd4f, 90
1652716366.960979, sdrt-health/mac:02010b41cdec/antenna/tag/e2806894000050038662154f, 97
1652716366.984005, sdrt-health/mac:02010b41cdec/antenna/tag/e2806894000050038661fd4f, 90
1652716367.012466, sdrt-health/mac:02010b41cdec/antenna/tag/e28068940000400386621d4f, 96
1652716367.012768, sdrt-health/mac:02010b41cdec/antenna/tag/e2806894000040038662114f, 91
1652716367.013005, sdrt-health/mac:02010b41cdec/antenna/tag/e2806894000050038662154f, 91
1652716367.056005, sdrt-health/mac:02010b41cdec/antenna/tag/e28068940000400386621d4f, 77
1652716367.118918, sdrt-health/mac:02010b41cdec/antenna/tag/e2806894000040038662114f, 88
1652716367.191789, sdrt-health/mac:02010b41cdec/antenna/tag/e2806894000050038662194f, 83
1652716367.192252, sdrt-health/mac:02010b41cdec/antenna/tag/e2806894000050038661fd4f, 83
1652716367.206304, sdrt-health/mac:02010b41cdec/antenna/tag/e28068940000400386621d4f, 96
1652716367.223927, sdrt-health/mac:02010b41cdec/antenna/tag/e28068940000400386621d4f, 96
1652716367.275816, sdrt-health/mac:02010b41cdec/antenna/tag/e2806894000050038662154f, 88
1652716367.276186, sdrt-health/mac:02010b41cdec/antenna/tag/e2806894000050038662194f, 81
1652716367.291846, sdrt-health/mac:02010b41cdec/antenna/tag/e2806894000050038661fd4f, 86
1652716367.582785, sdrt-health/mac:02010b41cdec/antenna/tag/scan, scan stopped
