1652716162.506007, sdrt-health/mac:02010b41cdec/antenna/power/set, {"power": 280}
1652716163.587246, sdrt-health/mac:02010b41cdec/antenna/power/set, 
1652716167.627652, sdrt-health/mac:02010b41cdec/antenna/tag/scan, {"time": 20000}
1652716167.846324, sdrt-health/mac:02010b41cdec/antenna/tag/e28068940000400386621d4f, 90
1652716167.905559, sdrt-health/mac:02010b41cdec/antenna/tag/e2806894000050038662194f, 87
1652716167.94646, sdrt-health/mac:02010b41cdec/antenna/tag/e28068940000400386621d4f, 90
1652716167.988156, sdrt-health/mac:02010b41cdec/antenna/tag/e2806894000040038662114f, 91
1652716168.082669, sdrt-health/mac:02010b41cdec/antenna/tag/e2806894000050038662154f, 88
1652716168.083136, sdrt-health/mac:02010b41cdec/antenna/tag/e2806894000050038662154f, 93
1652716168.15405, sdrt-health/mac:02010b41cdec/antenna/tag/e2806894000050038662194f, 94
1652716168.184219, sdrt-health/mac:02010b41cdec/antenna/tag/e2806894000040038662114f, 88
1652716168.184506, sdrt-health/mac:02010b41cdec/antenna/tag/e2806894000050038662154f, 85
1652716168.20307, sdrt-health/mac:02010b41cdec/antenna/tag/e2806894000050038662154f, 88
1652716168.232605, sdrt-health/mac:02010b41cdec/antenna/tag/e2806894000050038662194f, 83
1652716168.232953, sdrt-health/mac:02010b41cdec/antenna/tag/e2806894000050038662154f, 91
1652716168.233183, sdrt-health/mac:02010b41cdec/antenna/tag/e2806894000040038662114f, 97
1652716168.233494, sdrt-health/mac:02010b41cdec/antenna/tag/e28068940000400386621d4f, 96
1652716168.254558, sdrt-health/mac:02010b41cdec/antenna/tag/e2806894000050038661fd4f, 86
1652716168.310905, sdrt-health/mac:02010b41cdec/antenna/tag/e2806894000050038661fd4f, 86
1652716168.340891, sdrt-health/mac:02010b41cdec/antenna/tag/e2806894000050038662154f, 85
1652716168.341216, sdrt-health/mac:02010b41cdec/antenna/tag/e28068940000400386621d4f, 96
1652716168.368639, sdrt-health/mac:02010b41cdec/antenna/tag/e2806894000050038661fd4f, 86
1652716168.398509, sdrt-health/mac:02010b41cdec/antenna/tag/e2806894000040038662114f, 88
1652716168.39897, sdrt-health/mac:02010b41cdec/antenna/tag/e2806894000050038661fd4f, 86
1652716168.419225, sdrt-health/mac:02010b41cdec/antenna/tag/e28068940000400386621d4f, 90
1652716168.491428, sdrt-health/mac:02010b41cdec/antenna/tag/e2806894000050038661fd4f, 83
1652716168.491922, sdrt-health/mac:02010b41cdec/antenna/tag/e2806894000050038662154f, 88
1652716168.505694, sdrt-health/mac:02010b41cdec/antenna/tag/e2806894000040038662114f, 88
1652716168.506046, sdrt-health/mac:02010b41cdec/antenna/tag/e2806894000050038662154f, 88
1652716168.536728, sdrt-health/mac:02010b41cdec/antenna/tag/e2806894000050038661fd4f, 83
1652716168.600919, sdrt-health/mac:02010b41cdec/antenna/tag/e2806894000050038662194f, 93
1652716168.634197, sdrt-health/mac:02010b41cdec/antenna/tag/e2806894000050038662194f, 83
1652716168.634615, sdrt-health/mac:02010b41cdec/antenna/tag/e2806894000050038661fd4f, 83
1652716168.649394, sdrt-health/mac:02010b41cdec/antenna/tag/e28068940000400386621d4f, 96
1652716168.887413, sdrt-health/mac:02010b41cdec/antenna/tag/e2806894000050038662194f, 83
1652716169.04786, sdrt-health/mac:02010b41cdec/antenna/tag/e2806894000040038662214f, 88
1652716169.059784, sdrt-health/mac:02010b41cdec/antenna/tag/e2806894000040038662214f, 83
1652716169.062513, sdrt-health/mac:02010b41cdec/antenna/tag/e2806894000040038662114f, 88
1652716169.063146, sdrt-health/mac:02010b41cdec/antenna/tag/e2806894000050038662194f, 88
1652716169.06352, sdrt-health/mac:02010b41cdec/antenna/tag/e2806894000050038662194f, 81
1652716169.06372, sdrt-health/mac:02010b41cdec/antenna/tag/e28068940000400386621d4f, 96
1652716169.063895, sdrt-health/mac:02010b41cdec/antenna/tag/e2806894000050038662194f, 81
1652716169.064067, sdrt-health/mac:02010b41cdec/antenna/tag/e2806894000050038662194f, 83
1652716169.064288, sdrt-health/mac:02010b41cdec/antenna/tag/e2806894000050038662194f, 83
1652716169.123315, sdrt-health/mac:02010b41cdec/antenna/tag/e28068940000400386621d4f, 96
1652716169.154177, sdrt-health/mac:02010b41cdec/antenna/tag/e2806894000050038661fd4f, 91
1652716169.15451, sdrt-health/mac:02010b41cdec/antenna/tag/e2806894000050038662194f, 93
1652716169.154758, sdrt-health/mac:02010b41cdec/antenna/tag/e2806894000050038662154f, 88
1652716169.154999, sdrt-health/mac:02010b41cdec/antenna/tag/e28068940000400386621d4f, 96
1652716169.155208, sdrt-health/mac:02010b41cdec/antenna/tag/e2806894000050038661fd4f, 83
1652716169.155416, sdrt-health/mac:02010b41cdec/antenna/tag/e2806894000050038662154f, 85
1652716169.177516, sdrt-health/mac:02010b41cdec/antenna/tag/e28068940000400386621d4f, 96
1652716169.259047, sdrt-health/mac:02010b41cdec/antenna/tag/e2806894000040038662114f, 91
1652716169.291154, sdrt-health/mac:02010b41cdec/antenna/tag/e2806894000050038662194f, 81
1652716169.291489, sdrt-health/mac:02010b41cdec/antenna/tag/e2806894000050038661fd4f, 91
1652716169.306913, sdrt-health/mac:02010b41cdec/antenna/tag/e2806894000040038662114f, 88
1652716169.307167, sdrt-health/mac:02010b41cdec/antenna/tag/e2806894000050038662154f, 85
1652716169.307295, sdrt-health/mac:02010b41cdec/antenna/tag/e2806894000050038662154f, 88
1652716169.372695, sdrt-health/mac:02010b41cdec/antenna/tag/e2806894000050038662154f, 91
1652716169.434042, sdrt-health/mac:02010b41cdec/antenna/tag/e2806894000050038662154f, 91
1652716169.46427, sdrt-health/mac:02010b41cdec/antenna/tag/e2806894000040038662114f, 91
1652716169.464659, sdrt-health/mac:02010b41cdec/antenna/tag/e28068940000400386621d4f, 90
1652716169.483639, sdrt-health/mac:02010b41cdec/antenna/tag/e28068940000400386621d4f, 90
1652716169.515399, sdrt-health/mac:02010b41cdec/antenna/tag/e2806894000050038662194f, 83
1652716169.515938, sdrt-health/mac:02010b41cdec/antenna/tag/e2806894000040038662114f, 91
1652716169.529089, sdrt-health/mac:02010b41cdec/antenna/tag/e2806894000050038662194f, 93
1652716169.529573, sdrt-health/mac:02010b41cdec/antenna/tag/e2806894000050038662194f, 83
1652716169.600542, sdrt-health/mac:02010b41cdec/antenna/tag/e28068940000400386621d4f, 96
1652716169.680873, sdrt-health/mac:02010b41cdec/antenna/tag/e2806894000050038661fd4f, 97
1652716169.683381, sdrt-health/mac:02010b41cdec/antenna/tag/e2806894000040038662114f, 88
1652716169.7397, sdrt-health/mac:02010b41cdec/antenna/tag/e2806894000040038662114f, 88
1652716169.817288, sdrt-health/mac:02010b41cdec/antenna/tag/e2806894000040038662114f, 91
1652716169.817744, sdrt-health/mac:02010b41cdec/antenna/tag/e2806894000050038661fd4f, 86
1652716169.845928, sdrt-health/mac:02010b41cdec/antenna/tag/e2806894000050038661fd4f, 86
1652716169.913397, sdrt-health/mac:02010b41cdec/antenna/tag/e2806894000050038662194f, 83
1652716169.942764, sdrt-health/mac:02010b41cdec/antenna/tag/e2806894000050038662154f, 88
1652716169.943232, sdrt-health/mac:02010b41cdec/antenna/tag/e2806894000050038662194f, 83
1652716169.967354, sdrt-health/mac:02010b41cdec/antenna/tag/e28068940000400386621d4f, 90
1652716169.996702, sdrt-health/mac:02010b41cdec/antenna/tag/e2806894000050038662154f, 88
1652716169.997072, sdrt-health/mac:02010b41cdec/antenna/tag/e2806894000050038662154f, 85
1652716170.010596, sdrt-health/mac:02010b41cdec/antenna/tag/e2806894000050038662154f, 85
1652716170.010966, sdrt-health/mac:02010b41cdec/antenna/tag/e2806894000050038662154f, 88
1652716170.011221, sdrt-health/mac:02010b41cdec/antenna/tag/e2806894000040038662114f, 88
1652716170.067305, sdrt-health/mac:02010b41cdec/antenna/tag/e2806894000050038661fd4f, 83
1652716170.138686, sdrt-health/mac:02010b41cdec/antenna/tag/e2806894000050038662194f, 94
1652716170.139195, sdrt-health/mac:02010b41cdec/antenna/tag/e2806894000050038661fd4f, 83
1652716170.156471, sdrt-health/mac:02010b41cdec/antenna/tag/e2806894000050038662194f, 83
1652716170.174198, sdrt-health/mac:02010b41cdec/antenna/tag/e2806894000050038662154f, 85
1652716170.248202, sdrt-health/mac:02010b41cdec/antenna/tag/e2806894000040038662114f, 91
1652716170.248718, sdrt-health/mac:02010b41cdec/antenna/tag/e2806894000040038662114f, 88
1652716170.302702, sdrt-health/mac:02010b41cdec/antenna/tag/e2806894000040038662114f, 85
1652716170.36754, sdrt-health/mac:02010b41cdec/antenna/tag/e2806894000050038662194f, 83
1652716170.368041, sdrt-health/mac:02010b41cdec/antenna/tag/e2806894000050038661fd4f, 97
1652716170.41896, sdrt-health/mac:02010b41cdec/antenna/tag/e2806894000050038661fd4f, 86
1652716170.449501, sdrt-health/mac:02010b41cdec/antenna/tag/e28068940000400386621d4f, 96
1652716170.44986, sdrt-health/mac:02010b41cdec/antenna/tag/e2806894000050038662154f, 91
1652716170.4501, sdrt-health/mac:02010b41cdec/antenna/tag/e2806894000040038662114f, 85
1652716170.496068, sdrt-health/mac:02010b41cdec/antenna/tag/e2806894000040038662114f, 88
1652716170.557873, sdrt-health/mac:02010b41cdec/antenna/tag/e2806894000050038661fd4f, 97
1652716170.61914, sdrt-health/mac:02010b41cdec/antenna/tag/e2806894000040038662114f, 91
1652716170.619722, sdrt-health/mac:02010b41cdec/antenna/tag/e2806894000050038661fd4f, 97
1652716170.668555, sdrt-health/mac:02010b41cdec/antenna/tag/e2806894000050038662194f, 81
1652716170.732081, sdrt-health/mac:02010b41cdec/antenna/tag/e2806894000040038662114f, 91
1652716170.732547, sdrt-health/mac:02010b41cdec/antenna/tag/e28068940000400386621d4f, 96
1652716170.747172, sdrt-health/mac:02010b41cdec/antenna/tag/e2806894000050038661fd4f, 86
1652716170.747797, sdrt-health/mac:02010b41cdec/antenna/tag/e28068940000400386621d4f, 90
1652716170.761362, sdrt-health/mac:02010b41cdec/antenna/tag/e28068940000400386621d4f, 90
1652716170.799042, sdrt-health/mac:02010b41cdec/antenna/tag/e2806894000050038662154f, 85
1652716170.882061, sdrt-health/mac:02010b41cdec/antenna/tag/e2806894000040038662114f, 91
1652716170.912244, sdrt-health/mac:02010b41cdec/antenna/tag/e2806894000050038662194f, 81
1652716170.913115, sdrt-health/mac:02010b41cdec/antenna/tag/e2806894000050038661fd4f, 86
1652716170.94003, sdrt-health/mac:02010b41cdec/antenna/tag/e28068940000400386621d4f, 96
1652716170.96952, sdrt-health/mac:02010b41cdec/antenna/tag/e2806894000050038662154f, 88
1652716170.969731, sdrt-health/mac:02010b41cdec/antenna/tag/e2806894000050038662194f, 87
1652716171.019399, sdrt-health/mac:02010b41cdec/antenna/tag/e2806894000050038661fd4f, 83
1652716171.067689, sdrt-health/mac:02010b41cdec/antenna/tag/e2806894000050038661fd4f, 86
1652716171.097122, sdrt-health/mac:02010b41cdec/antenna/tag/e2806894000050038662154f, 88
1652716171.09735, sdrt-health/mac:02010b41cdec/antenna/tag/e2806894000050038661fd4f, 86
1652716171.127335, sdrt-health/mac:02010b41cdec/antenna/tag/e2806894000040038662114f, 88
1652716171.19307, sdrt-health/mac:02010b41cdec/antenna/tag/e2806894000050038661fd4f, 86
1652716171.19358, sdrt-health/mac:02010b41cdec/antenna/tag/e28068940000400386621d4f, 77
1652716171.207996, sdrt-health/mac:02010b41cdec/antenna/tag/e2806894000050038662154f, 93
1652716171.241788, sdrt-health/mac:02010b41cdec/antenna/tag/e2806894000050038661fd4f, 97
1652716171.313617, sdrt-health/mac:02010b41cdec/antenna/tag/e2806894000050038662154f, 85
1652716171.314222, sdrt-health/mac:02010b41cdec/antenna/tag/e2806894000050038662154f, 88
1652716171.3687, sdrt-health/mac:02010b41cdec/antenna/tag/e28068940000400386621d4f, 96
1652716171.45659, sdrt-health/mac:02010b41cdec/antenna/tag/e2806894000040038662114f, 85
1652716171.457165, sdrt-health/mac:02010b41cdec/antenna/tag/e2806894000050038661fd4f, 86
1652716171.473103, sdrt-health/mac:02010b41cdec/antenna/tag/e2806894000050038662154f, 91
1652716171.518831, sdrt-health/mac:02010b41cdec/antenna/tag/e2806894000050038662154f, 91
1652716171.519127, sdrt-health/mac:02010b41cdec/antenna/tag/e28068940000400386621d4f, 96
1652716171.598325, sdrt-health/mac:02010b41cdec/antenna/tag/e28068940000400386621d4f, 96
1652716171.659383, sdrt-health/mac:02010b41cdec/antenna/tag/e2806894000050038662154f, 91
1652716171.726989, sdrt-health/mac:02010b41cdec/antenna/tag/e28068940000400386621d4f, 90
1652716171.755494, sdrt-health/mac:02010b41cdec/antenna/tag/e2806894000050038661fd4f, 90
1652716171.755937, sdrt-health/mac:02010b41cdec/antenna/tag/e2806894000050038662154f, 85
1652716171.756287, sdrt-health/mac:02010b41cdec/antenna/tag/e2806894000050038662154f, 91
1652716171.799263, sdrt-health/mac:02010b41cdec/antenna/tag/e2806894000050038661fd4f, 90
1652716171.828615, sdrt-health/mac:02010b41cdec/antenna/tag/e2806894000040038662114f, 88
1652716171.82902, sdrt-health/mac:02010b41cdec/antenna/tag/e2806894000050038661fd4f, 86
1652716171.829346, sdrt-health/mac:02010b41cdec/antenna/tag/e28068940000400386621d4f, 96
1652716171.855321, sdrt-health/mac:02010b41cdec/antenna/tag/e2806894000050038661fd4f, 90
1652716171.884825, sdrt-health/mac:02010b41cdec/antenna/tag/e2806894000040038662054f, 88
1652716171.885118, sdrt-health/mac:02010b41cdec/antenna/tag/e28068940000400386621d4f, 90
1652716171.885319, sdrt-health/mac:02010b41cdec/antenna/tag/e2806894000050038662154f, 91
1652716171.885506, sdrt-health/mac:02010b41cdec/antenna/tag/e28068940000400386621d4f, 96
1652716171.908902, sdrt-health/mac:02010b41cdec/antenna/tag/e28068940000400386621d4f, 90
1652716171.962474, sdrt-health/mac:02010b41cdec/antenna/tag/e2806894000050038661fd4f, 86
1652716171.963499, sdrt-health/mac:02010b41cdec/antenna/tag/e2806894000050038662154f, 88
1652716172.005685, sdrt-health/mac:02010b41cdec/antenna/tag/e2806894000050038661fd4f, 83
1652716172.068963, sdrt-health/mac:02010b41cdec/antenna/tag/e2806894000040038662114f, 88
1652716172.169022, sdrt-health/mac:02010b41cdec/antenna/tag/e2806894000040038662214f, 83
1652716172.217287, sdrt-health/mac:02010b41cdec/antenna/tag/e2806894000050038661fd4f, 83
1652716172.305535, sdrt-health/mac:02010b41cdec/antenna/tag/e2806894000050038661fd4f, 83
1652716172.335123, sdrt-health/mac:02010b41cdec/antenna/tag/e2806894000050038662154f, 88
1652716172.33541, sdrt-health/mac:02010b41cdec/antenna/tag/e28068940000400386621d4f, 96
1652716172.335607, sdrt-health/mac:02010b41cdec/antenna/tag/e2806894000050038661fd4f, 86
1652716172.363276, sdrt-health/mac:02010b41cdec/antenna/tag/e2806894000040038662114f, 88
1652716172.363843, sdrt-health/mac:02010b41cdec/antenna/tag/e2806894000050038662154f, 91
1652716172.364158, sdrt-health/mac:02010b41cdec/antenna/tag/e28068940000400386621d4f, 90
1652716172.450857, sdrt-health/mac:02010b41cdec/antenna/tag/e2806894000040038662114f, 91
1652716172.523831, sdrt-health/mac:02010b41cdec/antenna/tag/e28068940000400386621d4f, 90
1652716172.524397, sdrt-health/mac:02010b41cdec/antenna/tag/e28068940000400386621d4f, 90
1652716172.537629, sdrt-health/mac:02010b41cdec/antenna/tag/e2806894000050038662194f, 87
1652716172.59228, sdrt-health/mac:02010b41cdec/antenna/tag/e28068940000400386621d4f, 90
1652716172.592789, sdrt-health/mac:02010b41cdec/antenna/tag/e28068940000400386621d4f, 90
1652716172.606266, sdrt-health/mac:02010b41cdec/antenna/tag/e2806894000050038662194f, 81
1652716172.645429, sdrt-health/mac:02010b41cdec/antenna/tag/e28068940000400386621d4f, 77
1652716172.67521, sdrt-health/mac:02010b41cdec/antenna/tag/e2806894000050038661fd4f, 83
1652716172.675506, sdrt-health/mac:02010b41cdec/antenna/tag/e2806894000050038662154f, 88
1652716172.699048, sdrt-health/mac:02010b41cdec/antenna/tag/e2806894000050038661fd4f, 97
1652716172.762429, sdrt-health/mac:02010b41cdec/antenna/tag/e2806894000040038662114f, 88
1652716172.762803, sdrt-health/mac:02010b41cdec/antenna/tag/e2806894000050038662194f, 83
1652716172.777138, sdrt-health/mac:02010b41cdec/antenna/tag/e28068940000400386621d4f, 96
1652716172.777547, sdrt-health/mac:02010b41cdec/antenna/tag/e2806894000040038662114f, 85
1652716172.821739, sdrt-health/mac:02010b41cdec/antenna/tag/e28068940000400386621d4f, 96
1652716172.848825, sdrt-health/mac:02010b41cdec/antenna/tag/e2806894000050038662194f, 83
1652716172.849274, sdrt-health/mac:02010b41cdec/antenna/tag/e28068940000400386621d4f, 90
1652716172.849672, sdrt-health/mac:02010b41cdec/antenna/tag/e2806894000040038662114f, 88
1652716172.865986, sdrt-health/mac:02010b41cdec/antenna/tag/e2806894000040038662114f, 85
1652716172.942973, sdrt-health/mac:02010b41cdec/antenna/tag/e28068940000400386621d4f, 96
1652716172.943566, sdrt-health/mac:02010b41cdec/antenna/tag/e2806894000040038662114f, 85
1652716172.957923, sdrt-health/mac:02010b41cdec/antenna/tag/e2806894000050038662154f, 91
1652716172.958581, sdrt-health/mac:02010b41cdec/antenna/tag/e2806894000050038661fd4f, 86
1652716173.018655, sdrt-health/mac:02010b41cdec/antenna/tag/e2806894000050038662194f, 88
1652716173.141735, sdrt-health/mac:02010b41cdec/antenna/tag/e2806894000050038661fd4f, 86
1652716173.217917, sdrt-health/mac:02010b41cdec/antenna/tag/e2806894000050038662154f, 91
1652716173.313925, sdrt-health/mac:02010b41cdec/antenna/tag/e2806894000050038662154f, 91
1652716173.314272, sdrt-health/mac:02010b41cdec/antenna/tag/e2806894000040038662114f, 91
1652716173.327038, sdrt-health/mac:02010b41cdec/antenna/tag/e28068940000400386621d4f, 96
1652716173.408357, sdrt-health/mac:02010b41cdec/antenna/tag/e28068940000400386621d4f, 90
1652716173.43827, sdrt-health/mac:02010b41cdec/antenna/tag/e2806894000050038662154f, 88
1652716173.438561, sdrt-health/mac:02010b41cdec/antenna/tag/e28068940000400386621d4f, 90
1652716173.438783, sdrt-health/mac:02010b41cdec/antenna/tag/e2806894000050038662154f, 91
1652716173.467625, sdrt-health/mac:02010b41cdec/antenna/tag/e28068940000400386621d4f, 96
1652716173.505697, sdrt-health/mac:02010b41cdec/antenna/tag/e2806894000050038661fd4f, 90
1652716173.506025, sdrt-health/mac:02010b41cdec/antenna/tag/e2806894000040038662114f, 88
1652716173.50623, sdrt-health/mac:02010b41cdec/antenna/tag/e28068940000400386621d4f, 96
1652716173.531392, sdrt-health/mac:02010b41cdec/antenna/tag/e28068940000400386621d4f, 96
1652716173.595514, sdrt-health/mac:02010b41cdec/antenna/tag/e2806894000050038661fd4f, 83
1652716173.595866, sdrt-health/mac:02010b41cdec/antenna/tag/e2806894000040038662114f, 88
1652716173.62574, sdrt-health/mac:02010b41cdec/antenna/tag/e2806894000050038661fd4f, 83
1652716173.666151, sdrt-health/mac:02010b41cdec/antenna/tag/e28068940000400386621d4f, 96
1652716173.666494, sdrt-health/mac:02010b41cdec/antenna/tag/e28068940000400386621d4f, 90
1652716173.682526, sdrt-health/mac:02010b41cdec/antenna/tag/e28068940000400386621d4f, 96
1652716173.698556, sdrt-health/mac:02010b41cdec/antenna/tag/e2806894000050038661fd4f, 86
1652716173.748914, sdrt-health/mac:02010b41cdec/antenna/tag/e2806894000050038662154f, 91
1652716173.749167, sdrt-health/mac:02010b41cdec/antenna/tag/e2806894000050038661fd4f, 83
1652716173.775087, sdrt-health/mac:02010b41cdec/antenna/tag/e2806894000050038662154f, 88
1652716173.857538, sdrt-health/mac:02010b41cdec/antenna/tag/e2806894000050038662154f, 88
1652716173.857781, sdrt-health/mac:02010b41cdec/antenna/tag/e28068940000400386621d4f, 90
1652716173.872158, sdrt-health/mac:02010b41cdec/antenna/tag/e2806894000050038662154f, 88
1652716173.872959, sdrt-health/mac:02010b41cdec/antenna/tag/e28068940000400386621d4f, 90
1652716173.915148, sdrt-health/mac:02010b41cdec/antenna/tag/e28068940000500386620d4f, 110
1652716173.915381, sdrt-health/mac:02010b41cdec/antenna/tag/e28068940000400386621d4f, 96
1652716173.930942, sdrt-health/mac:02010b41cdec/antenna/tag/e28068940000400386621d4f, 96
1652716173.995472, sdrt-health/mac:02010b41cdec/antenna/tag/e2806894000050038662194f, 83
1652716174.022761, sdrt-health/mac:02010b41cdec/antenna/tag/e28068940000400386621d4f, 96
1652716174.023061, sdrt-health/mac:02010b41cdec/antenna/tag/e2806894000050038662194f, 83
1652716174.023195, sdrt-health/mac:02010b41cdec/antenna/tag/e2806894000040038662114f, 88
1652716174.036568, sdrt-health/mac:02010b41cdec/antenna/tag/e2806894000040038662114f, 88
1652716174.037028, sdrt-health/mac:02010b41cdec/antenna/tag/e2806894000050038662194f, 94
1652716174.037337, sdrt-health/mac:02010b41cdec/antenna/tag/e2806894000050038661fd4f, 83
1652716174.091782, sdrt-health/mac:02010b41cdec/antenna/tag/e2806894000050038662194f, 81
1652716174.162946, sdrt-health/mac:02010b41cdec/antenna/tag/e2806894000050038662194f, 83
1652716174.163156, sdrt-health/mac:02010b41cdec/antenna/tag/e2806894000050038662194f, 81
1652716174.184164, sdrt-health/mac:02010b41cdec/antenna/tag/e28068940000400386621d4f, 96
1652716174.245487, sdrt-health/mac:02010b41cdec/antenna/tag/e2806894000040038662114f, 85
1652716174.245819, sdrt-health/mac:02010b41cdec/antenna/tag/e2806894000050038661fd4f, 86
1652716174.246049, sdrt-health/mac:02010b41cdec/antenna/tag/e2806894000050038662154f, 91
1652716174.246226, sdrt-health/mac:02010b41cdec/antenna/tag/e28068940000400386621d4f, 96
1652716174.300898, sdrt-health/mac:02010b41cdec/antenna/tag/e2806894000050038661fd4f, 83
1652716174.41042, sdrt-health/mac:02010b41cdec/antenna/tag/e28068940000400386621d4f, 96
1652716174.410717, sdrt-health/mac:02010b41cdec/antenna/tag/e2806894000050038662154f, 91
1652716174.424021, sdrt-health/mac:02010b41cdec/antenna/tag/e28068940000400386621d4f, 90
1652716174.424355, sdrt-health/mac:02010b41cdec/antenna/tag/e2806894000050038661fd4f, 86
1652716174.424609, sdrt-health/mac:02010b41cdec/antenna/tag/e2806894000050038661fd4f, 86
1652716174.469808, sdrt-health/mac:02010b41cdec/antenna/tag/e2806894000050038662194f, 87
1652716174.501413, sdrt-health/mac:02010b41cdec/antenna/tag/e2806894000050038661fd4f, 86
1652716174.501618, sdrt-health/mac:02010b41cdec/antenna/tag/e2806894000050038662194f, 87
1652716174.501735, sdrt-health/mac:02010b41cdec/antenna/tag/e2806894000050038662194f, 83
1652716174.550618, sdrt-health/mac:02010b41cdec/antenna/tag/e2806894000050038662194f, 81
1652716174.598853, sdrt-health/mac:02010b41cdec/antenna/tag/e28068940000400386621d4f, 96
1652716174.646502, sdrt-health/mac:02010b41cdec/antenna/tag/e2806894000050038662154f, 85
1652716174.721036, sdrt-health/mac:02010b41cdec/antenna/tag/e2806894000040038662114f, 97
1652716174.721256, sdrt-health/mac:02010b41cdec/antenna/tag/e2806894000050038662154f, 88
1652716174.735236, sdrt-health/mac:02010b41cdec/antenna/tag/e28068940000400386621d4f, 96
1652716174.735486, sdrt-health/mac:02010b41cdec/antenna/tag/e2806894000050038661fd4f, 83
1652716174.735619, sdrt-health/mac:02010b41cdec/antenna/tag/e2806894000050038662194f, 83
1652716174.767227, sdrt-health/mac:02010b41cdec/antenna/tag/e2806894000040038662114f, 97
1652716174.830328, sdrt-health/mac:02010b41cdec/antenna/tag/e2806894000050038661fd4f, 86
1652716174.830533, sdrt-health/mac:02010b41cdec/antenna/tag/e2806894000050038661fd4f, 86
1652716174.844765, sdrt-health/mac:02010b41cdec/antenna/tag/e2806894000050038662154f, 88
1652716174.845114, sdrt-health/mac:02010b41cdec/antenna/tag/e2806894000050038661fd4f, 86
1652716174.858694, sdrt-health/mac:02010b41cdec/antenna/tag/e2806894000050038661fd4f, 86
1652716174.858966, sdrt-health/mac:02010b41cdec/antenna/tag/e2806894000040038662114f, 88
1652716174.859244, sdrt-health/mac:02010b41cdec/antenna/tag/e2806894000050038662154f, 91
1652716174.918194, sdrt-health/mac:02010b41cdec/antenna/tag/e28068940000400386621d4f, 96
1652716175.004037, sdrt-health/mac:02010b41cdec/antenna/tag/e2806894000050038661fd4f, 83
1652716175.079262, sdrt-health/mac:02010b41cdec/antenna/tag/e2806894000040038662114f, 88
1652716175.07946, sdrt-health/mac:02010b41cdec/antenna/tag/e2806894000050038661fd4f, 83
1652716175.093641, sdrt-health/mac:02010b41cdec/antenna/tag/e2806894000050038662154f, 85
1652716175.126101, sdrt-health/mac:02010b41cdec/antenna/tag/e2806894000040038662114f, 91
1652716175.15649, sdrt-health/mac:02010b41cdec/antenna/tag/e2806894000050038662194f, 83
1652716175.156784, sdrt-health/mac:02010b41cdec/antenna/tag/e28068940000400386621d4f, 90
1652716175.156992, sdrt-health/mac:02010b41cdec/antenna/tag/e2806894000050038662194f, 83
1652716175.180466, sdrt-health/mac:02010b41cdec/antenna/tag/e2806894000050038662154f, 85
1652716175.253481, sdrt-health/mac:02010b41cdec/antenna/tag/e2806894000050038662194f, 81
1652716175.254301, sdrt-health/mac:02010b41cdec/antenna/tag/e2806894000040038662114f, 88
1652716175.267464, sdrt-health/mac:02010b41cdec/antenna/tag/e2806894000050038662154f, 85
1652716175.330184, sdrt-health/mac:02010b41cdec/antenna/tag/e28068940000400386621d4f, 96
1652716175.405692, sdrt-health/mac:02010b41cdec/antenna/tag/e2806894000050038662194f, 83
1652716175.435259, sdrt-health/mac:02010b41cdec/antenna/tag/e28068940000400386621d4f, 96
1652716175.43552, sdrt-health/mac:02010b41cdec/antenna/tag/e2806894000050038662194f, 81
1652716175.659463, sdrt-health/mac:02010b41cdec/antenna/tag/e28068940000400386621d4f, 96
1652716175.688757, sdrt-health/mac:02010b41cdec/antenna/tag/e2806894000040038662114f, 88
1652716175.689009, sdrt-health/mac:02010b41cdec/antenna/tag/e2806894000050038662194f, 83
1652716175.806011, sdrt-health/mac:02010b41cdec/antenna/tag/e2806894000050038662194f, 94
1652716175.833592, sdrt-health/mac:02010b41cdec/antenna/tag/e2806894000050038661fd4f, 86
1652716175.833844, sdrt-health/mac:02010b41cdec/antenna/tag/e2806894000050038662154f, 91
1652716175.834041, sdrt-health/mac:02010b41cdec/antenna/tag/e2806894000040038662114f, 97
1652716175.834213, sdrt-health/mac:02010b41cdec/antenna/tag/e2806894000050038661fd4f, 83
1652716175.834355, sdrt-health/mac:02010b41cdec/antenna/tag/e28068940000400386621d4f, 96
1652716175.834506, sdrt-health/mac:02010b41cdec/antenna/tag/e2806894000040038662114f, 91
1652716175.905707, sdrt-health/mac:02010b41cdec/antenna/tag/e2806894000040038662114f, 88
1652716175.935521, sdrt-health/mac:02010b41cdec/antenna/tag/e28068940000400386621d4f, 77
1652716175.935728, sdrt-health/mac:02010b41cdec/antenna/tag/e2806894000050038662154f, 91
1652716176.024735, sdrt-health/mac:02010b41cdec/antenna/tag/e28068940000400386621d4f, 90
1652716176.053108, sdrt-health/mac:02010b41cdec/antenna/tag/e2806894000050038662194f, 81
1652716176.053312, sdrt-health/mac:02010b41cdec/antenna/tag/e2806894000050038662154f, 88
1652716176.053426, sdrt-health/mac:02010b41cdec/antenna/tag/e2806894000050038662154f, 88
1652716176.053535, sdrt-health/mac:02010b41cdec/antenna/tag/e2806894000050038661fd4f, 86
1652716176.097397, sdrt-health/mac:02010b41cdec/antenna/tag/e2806894000050038662194f, 83
1652716176.1265, sdrt-health/mac:02010b41cdec/antenna/tag/e2806894000050038662194f, 93
1652716176.126739, sdrt-health/mac:02010b41cdec/antenna/tag/e2806894000050038661fd4f, 83
1652716176.126903, sdrt-health/mac:02010b41cdec/antenna/tag/e2806894000040038662114f, 91
1652716176.127042, sdrt-health/mac:02010b41cdec/antenna/tag/e28068940000400386621d4f, 96
1652716176.150955, sdrt-health/mac:02010b41cdec/antenna/tag/e2806894000050038662194f, 81
1652716176.184723, sdrt-health/mac:02010b41cdec/antenna/tag/e28068940000400386621d4f, 77
1652716176.185038, sdrt-health/mac:02010b41cdec/antenna/tag/e2806894000040038662114f, 88
1652716176.185157, sdrt-health/mac:02010b41cdec/antenna/tag/e2806894000050038662154f, 85
1652716176.20369, sdrt-health/mac:02010b41cdec/antenna/tag/e2806894000050038662154f, 85
1652716176.273719, sdrt-health/mac:02010b41cdec/antenna/tag/e28068940000400386621d4f, 77
1652716176.273977, sdrt-health/mac:02010b41cdec/antenna/tag/e2806894000040038662114f, 91
1652716176.287359, sdrt-health/mac:02010b41cdec/antenna/tag/e2806894000050038662154f, 88
1652716176.347344, sdrt-health/mac:02010b41cdec/antenna/tag/e2806894000050038661fd4f, 86
1652716176.347651, sdrt-health/mac:02010b41cdec/antenna/tag/e2806894000050038661fd4f, 90
1652716176.36128, sdrt-health/mac:02010b41cdec/antenna/tag/e28068940000400386621d4f, 90
1652716176.361625, sdrt-health/mac:02010b41cdec/antenna/tag/e28068940000400386621d4f, 90
1652716176.599076, sdrt-health/mac:02010b41cdec/antenna/tag/e28068940000400386621d4f, 90
1652716176.62608, sdrt-health/mac:02010b41cdec/antenna/tag/e2806894000050038661fd4f, 86
1652716176.626295, sdrt-health/mac:02010b41cdec/antenna/tag/e2806894000050038661fd4f, 86
1652716176.700089, sdrt-health/mac:02010b41cdec/antenna/tag/e2806894000050038661fd4f, 86
1652716176.729184, sdrt-health/mac:02010b41cdec/antenna/tag/e2806894000050038662194f, 83
1652716176.72942, sdrt-health/mac:02010b41cdec/antenna/tag/e2806894000050038662194f, 94
1652716176.729554, sdrt-health/mac:02010b41cdec/antenna/tag/e2806894000050038661fd4f, 83
1652716176.72978, sdrt-health/mac:02010b41cdec/antenna/tag/e28068940000400386621d4f, 96
1652716176.729935, sdrt-health/mac:02010b41cdec/antenna/tag/e2806894000050038662154f, 85
1652716176.730072, sdrt-health/mac:02010b41cdec/antenna/tag/e28068940000400386621d4f, 96
1652716176.730231, sdrt-health/mac:02010b41cdec/antenna/tag/e2806894000050038661fd4f, 83
1652716176.730364, sdrt-health/mac:02010b41cdec/antenna/tag/e2806894000050038662194f, 87
1652716176.730504, sdrt-health/mac:02010b41cdec/antenna/tag/e28068940000400386621d4f, 96
1652716176.747687, sdrt-health/mac:02010b41cdec/antenna/tag/e2806894000050038662154f, 88
1652716176.775617, sdrt-health/mac:02010b41cdec/antenna/tag/e2806894000050038662194f, 83
1652716176.775955, sdrt-health/mac:02010b41cdec/antenna/tag/e2806894000050038662194f, 83
1652716176.799056, sdrt-health/mac:02010b41cdec/antenna/tag/e2806894000040038662114f, 88
1652716176.856061, sdrt-health/mac:02010b41cdec/antenna/tag/e2806894000050038662154f, 85
1652716176.952752, sdrt-health/mac:02010b41cdec/antenna/tag/e28068940000400386621d4f, 96
1652716176.953201, sdrt-health/mac:02010b41cdec/antenna/tag/e28068940000400386621d4f, 96
1652716176.967184, sdrt-health/mac:02010b41cdec/antenna/tag/e2806894000050038662154f, 91
1652716176.967394, sdrt-health/mac:02010b41cdec/antenna/tag/e2806894000040038662114f, 88
1652716176.967511, sdrt-health/mac:02010b41cdec/antenna/tag/e2806894000050038661fd4f, 86
1652716176.967646, sdrt-health/mac:02010b41cdec/antenna/tag/e2806894000050038662154f, 91
1652716176.987251, sdrt-health/mac:02010b41cdec/antenna/tag/e2806894000040038662114f, 85
1652716177.036439, sdrt-health/mac:02010b41cdec/antenna/tag/e2806894000040038662114f, 88
1652716177.097821, sdrt-health/mac:02010b41cdec/antenna/tag/e28068940000400386621d4f, 96
1652716177.098056, sdrt-health/mac:02010b41cdec/antenna/tag/e2806894000050038662194f, 81
1652716177.111912, sdrt-health/mac:02010b41cdec/antenna/tag/e2806894000050038661fd4f, 97
1652716177.112141, sdrt-health/mac:02010b41cdec/antenna/tag/e28068940000400386621d4f, 96
1652716177.128069, sdrt-health/mac:02010b41cdec/antenna/tag/e28068940000400386621d4f, 96
1652716177.156787, sdrt-health/mac:02010b41cdec/antenna/tag/e2806894000050038661fd4f, 86
1652716177.157022, sdrt-health/mac:02010b41cdec/antenna/tag/e28068940000400386621d4f, 96
1652716177.18585, sdrt-health/mac:02010b41cdec/antenna/tag/e2806894000050038661fd4f, 90
1652716177.22392, sdrt-health/mac:02010b41cdec/antenna/tag/e2806894000040038662114f, 88
1652716177.269089, sdrt-health/mac:02010b41cdec/antenna/tag/e2806894000040038662114f, 97
1652716177.333938, sdrt-health/mac:02010b41cdec/antenna/tag/e28068940000400386621d4f, 90
1652716177.334223, sdrt-health/mac:02010b41cdec/antenna/tag/e2806894000050038662194f, 83
1652716177.374042, sdrt-health/mac:02010b41cdec/antenna/tag/e2806894000050038662194f, 83
1652716177.447355, sdrt-health/mac:02010b41cdec/antenna/tag/e2806894000040038662114f, 91
1652716177.447598, sdrt-health/mac:02010b41cdec/antenna/tag/e2806894000050038662154f, 88
1652716177.512461, sdrt-health/mac:02010b41cdec/antenna/tag/e2806894000040038662114f, 88
1652716177.583838, sdrt-health/mac:02010b41cdec/antenna/tag/e2806894000040038662114f, 88
1652716177.682968, sdrt-health/mac:02010b41cdec/antenna/tag/e2806894000050038662154f, 88
1652716177.68318, sdrt-health/mac:02010b41cdec/antenna/tag/e2806894000040038662114f, 88
1652716177.698576, sdrt-health/mac:02010b41cdec/antenna/tag/e28068940000400386621d4f, 96
1652716177.698769, sdrt-health/mac:02010b41cdec/antenna/tag/e2806894000040038662114f, 88
1652716177.751979, sdrt-health/mac:02010b41cdec/antenna/tag/e2806894000040038662114f, 91
1652716177.782437, sdrt-health/mac:02010b41cdec/antenna/tag/e28068940000400386621d4f, 96
1652716177.782727, sdrt-health/mac:02010b41cdec/antenna/tag/e2806894000050038662154f, 85
1652716177.782912, sdrt-health/mac:02010b41cdec/antenna/tag/e28068940000400386621d4f, 77
1652716177.783053, sdrt-health/mac:02010b41cdec/antenna/tag/e2806894000040038662114f, 85
1652716177.815292, sdrt-health/mac:02010b41cdec/antenna/tag/e2806894000050038661fd4f, 83
1652716177.84478, sdrt-health/mac:02010b41cdec/antenna/tag/e2806894000050038662154f, 91
1652716177.845061, sdrt-health/mac:02010b41cdec/antenna/tag/e28068940000400386621d4f, 96
1652716178.086186, sdrt-health/mac:02010b41cdec/antenna/tag/e2806894000050038662154f, 88
1652716178.253054, sdrt-health/mac:02010b41cdec/antenna/tag/e28068940000400386621d4f, 96
1652716178.253337, sdrt-health/mac:02010b41cdec/antenna/tag/e2806894000040038662114f, 88
1652716178.266934, sdrt-health/mac:02010b41cdec/antenna/tag/e28068940000400386621d4f, 96
1652716178.267137, sdrt-health/mac:02010b41cdec/antenna/tag/e2806894000040038662114f, 91
1652716178.267849, sdrt-health/mac:02010b41cdec/antenna/tag/e2806894000050038661fd4f, 83
1652716178.268003, sdrt-health/mac:02010b41cdec/antenna/tag/e2806894000050038662194f, 83
1652716178.268132, sdrt-health/mac:02010b41cdec/antenna/tag/e2806894000050038662154f, 88
1652716178.26828, sdrt-health/mac:02010b41cdec/antenna/tag/e2806894000040038662114f, 88
1652716178.268417, sdrt-health/mac:02010b41cdec/antenna/tag/e2806894000050038661fd4f, 86
1652716178.268568, sdrt-health/mac:02010b41cdec/antenna/tag/e28068940000400386621d4f, 96
1652716178.314708, sdrt-health/mac:02010b41cdec/antenna/tag/e28068940000400386621d4f, 96
1652716178.346115, sdrt-health/mac:02010b41cdec/antenna/tag/e2806894000050038661fd4f, 86
1652716178.346436, sdrt-health/mac:02010b41cdec/antenna/tag/e2806894000040038662114f, 88
1652716178.346577, sdrt-health/mac:02010b41cdec/antenna/tag/e28068940000400386621d4f, 90
1652716178.346695, sdrt-health/mac:02010b41cdec/antenna/tag/e2806894000050038662154f, 88
1652716178.359686, sdrt-health/mac:02010b41cdec/antenna/tag/e2806894000050038662154f, 88
1652716178.415632, sdrt-health/mac:02010b41cdec/antenna/tag/e28068940000400386621d4f, 96
1652716178.475071, sdrt-health/mac:02010b41cdec/antenna/tag/e2806894000040038662114f, 88
1652716178.505366, sdrt-health/mac:02010b41cdec/antenna/tag/e2806894000040038662114f, 88
1652716178.505615, sdrt-health/mac:02010b41cdec/antenna/tag/e28068940000400386621d4f, 90
1652716178.521206, sdrt-health/mac:02010b41cdec/antenna/tag/e2806894000040038662114f, 88
1652716178.581379, sdrt-health/mac:02010b41cdec/antenna/tag/e28068940000400386621d4f, 90
1652716178.581598, sdrt-health/mac:02010b41cdec/antenna/tag/e2806894000050038661fd4f, 83
1652716178.63121, sdrt-health/mac:02010b41cdec/antenna/tag/e2806894000040038661f94f, 84
1652716178.659195, sdrt-health/mac:02010b41cdec/antenna/tag/e2806894000040038662114f, 88
1652716178.659536, sdrt-health/mac:02010b41cdec/antenna/tag/e2806894000040038662214f, 81
1652716178.677733, sdrt-health/mac:02010b41cdec/antenna/tag/e2806894000040038662114f, 88
1652716178.734163, sdrt-health/mac:02010b41cdec/antenna/tag/e28068940000400386621d4f, 96
1652716178.764241, sdrt-health/mac:02010b41cdec/antenna/tag/e2806894000040038662114f, 88
1652716178.764449, sdrt-health/mac:02010b41cdec/antenna/tag/e2806894000050038662154f, 88
1652716178.77817, sdrt-health/mac:02010b41cdec/antenna/tag/e28068940000400386621d4f, 96
1652716178.778418, sdrt-health/mac:02010b41cdec/antenna/tag/e28068940000400386621d4f, 90
1652716178.857522, sdrt-health/mac:02010b41cdec/antenna/tag/e2806894000040038662114f, 91
1652716178.96295, sdrt-health/mac:02010b41cdec/antenna/tag/e2806894000040038662114f, 91
1652716179.031319, sdrt-health/mac:02010b41cdec/antenna/tag/e28068940000400386621d4f, 90
1652716179.032229, sdrt-health/mac:02010b41cdec/antenna/tag/e2806894000050038662194f, 87
1652716179.04513, sdrt-health/mac:02010b41cdec/antenna/tag/e2806894000050038661fd4f, 86
1652716179.118301, sdrt-health/mac:02010b41cdec/antenna/tag/e2806894000040038662214f, 94
1652716179.19403, sdrt-health/mac:02010b41cdec/antenna/tag/e28068940000400386621d4f, 96
1652716179.26185, sdrt-health/mac:02010b41cdec/antenna/tag/e2806894000050038662194f, 81
1652716179.337112, sdrt-health/mac:02010b41cdec/antenna/tag/e28068940000400386621d4f, 96
1652716179.337327, sdrt-health/mac:02010b41cdec/antenna/tag/e2806894000050038662154f, 91
1652716179.351671, sdrt-health/mac:02010b41cdec/antenna/tag/e28068940000400386621d4f, 96
1652716179.376493, sdrt-health/mac:02010b41cdec/antenna/tag/e28068940000400386621d4f, 96
1652716179.406638, sdrt-health/mac:02010b41cdec/antenna/tag/e2806894000050038661fd4f, 86
1652716179.406879, sdrt-health/mac:02010b41cdec/antenna/tag/e28068940000400386621d4f, 96
1652716179.435439, sdrt-health/mac:02010b41cdec/antenna/tag/e2806894000040038662114f, 85
1652716179.500925, sdrt-health/mac:02010b41cdec/antenna/tag/e2806894000050038662194f, 82
1652716179.586704, sdrt-health/mac:02010b41cdec/antenna/tag/e2806894000040038662214f, 81
1652716179.654317, sdrt-health/mac:02010b41cdec/antenna/tag/e2806894000050038662154f, 85
1652716179.654772, sdrt-health/mac:02010b41cdec/antenna/tag/e28068940000400386621d4f, 96
1652716179.668916, sdrt-health/mac:02010b41cdec/antenna/tag/e2806894000050038662154f, 91
1652716179.711162, sdrt-health/mac:02010b41cdec/antenna/tag/e2806894000050038662194f, 83
1652716179.711726, sdrt-health/mac:02010b41cdec/antenna/tag/e28068940000400386621d4f, 96
1652716179.725638, sdrt-health/mac:02010b41cdec/antenna/tag/e2806894000040038662114f, 85
1652716179.725918, sdrt-health/mac:02010b41cdec/antenna/tag/e2806894000050038661fd4f, 86
1652716179.84638, sdrt-health/mac:02010b41cdec/antenna/tag/e28068940000400386621d4f, 96
1652716179.911608, sdrt-health/mac:02010b41cdec/antenna/tag/e2806894000040038662114f, 88
1652716179.939793, sdrt-health/mac:02010b41cdec/antenna/tag/e2806894000050038662154f, 91
1652716179.940031, sdrt-health/mac:02010b41cdec/antenna/tag/e2806894000050038661fd4f, 83
1652716179.940156, sdrt-health/mac:02010b41cdec/antenna/tag/e2806894000050038661fd4f, 86
1652716179.940269, sdrt-health/mac:02010b41cdec/antenna/tag/e2806894000050038662154f, 97
1652716179.940382, sdrt-health/mac:02010b41cdec/antenna/tag/e2806894000040038662114f, 88
1652716179.940489, sdrt-health/mac:02010b41cdec/antenna/tag/e2806894000050038662154f, 91
1652716179.964543, sdrt-health/mac:02010b41cdec/antenna/tag/e28068940000400386621d4f, 90
1652716179.968195, sdrt-health/mac:02010b41cdec/antenna/tag/e2806894000040038662114f, 91
1652716180.009456, sdrt-health/mac:02010b41cdec/antenna/tag/e2806894000050038662154f, 85
1652716180.010199, sdrt-health/mac:02010b41cdec/antenna/tag/e28068940000400386621d4f, 96
1652716180.023897, sdrt-health/mac:02010b41cdec/antenna/tag/e2806894000040038662114f, 88
1652716180.093036, sdrt-health/mac:02010b41cdec/antenna/tag/e2806894000050038661fd4f, 97
1652716180.190452, sdrt-health/mac:02010b41cdec/antenna/tag/e28068940000400386621d4f, 96
1652716180.190667, sdrt-health/mac:02010b41cdec/antenna/tag/e2806894000050038662154f, 88
1652716180.228827, sdrt-health/mac:02010b41cdec/antenna/tag/e2806894000050038661fd4f, 86
1652716180.283254, sdrt-health/mac:02010b41cdec/antenna/tag/e2806894000050038661fd4f, 86
1652716180.360818, sdrt-health/mac:02010b41cdec/antenna/tag/e2806894000040038662114f, 91
1652716180.406955, sdrt-health/mac:02010b41cdec/antenna/tag/e2806894000040038662114f, 88
1652716180.504863, sdrt-health/mac:02010b41cdec/antenna/tag/e2806894000040038662114f, 88
1652716180.505115, sdrt-health/mac:02010b41cdec/antenna/tag/e2806894000050038662194f, 87
1652716180.58169, sdrt-health/mac:02010b41cdec/antenna/tag/e2806894000050038662194f, 94
1652716180.613918, sdrt-health/mac:02010b41cdec/antenna/tag/e28068940000400386621d4f, 96
1652716180.614258, sdrt-health/mac:02010b41cdec/antenna/tag/e2806894000050038662154f, 85
1652716180.614381, sdrt-health/mac:02010b41cdec/antenna/tag/e2806894000050038662194f, 94
1652716180.651642, sdrt-health/mac:02010b41cdec/antenna/tag/e2806894000040038662114f, 88
1652716180.712956, sdrt-health/mac:02010b41cdec/antenna/tag/e2806894000050038662194f, 83
1652716180.713155, sdrt-health/mac:02010b41cdec/antenna/tag/e2806894000050038661fd4f, 86
1652716180.72715, sdrt-health/mac:02010b41cdec/antenna/tag/e2806894000050038662154f, 88
1652716180.727383, sdrt-health/mac:02010b41cdec/antenna/tag/e2806894000050038661fd4f, 86
1652716180.727514, sdrt-health/mac:02010b41cdec/antenna/tag/e2806894000050038662154f, 91
1652716180.758886, sdrt-health/mac:02010b41cdec/antenna/tag/e2806894000050038662154f, 88
1652716180.885056, sdrt-health/mac:02010b41cdec/antenna/tag/e2806894000050038661fd4f, 86
1652716180.955229, sdrt-health/mac:02010b41cdec/antenna/tag/e28068940000400386621d4f, 96
1652716180.955477, sdrt-health/mac:02010b41cdec/antenna/tag/e2806894000040038662114f, 88
1652716181.013687, sdrt-health/mac:02010b41cdec/antenna/tag/e28068940000400386621d4f, 90
1652716181.014409, sdrt-health/mac:02010b41cdec/antenna/tag/e2806894000050038661fd4f, 86
1652716181.028071, sdrt-health/mac:02010b41cdec/antenna/tag/e2806894000050038662194f, 87
1652716181.028562, sdrt-health/mac:02010b41cdec/antenna/tag/e2806894000050038661fd4f, 83
1652716181.02932, sdrt-health/mac:02010b41cdec/antenna/tag/e2806894000050038662194f, 87
1652716181.029624, sdrt-health/mac:02010b41cdec/antenna/tag/e2806894000050038662154f, 88
1652716181.057121, sdrt-health/mac:02010b41cdec/antenna/tag/e28068940000400386621d4f, 96
1652716181.129538, sdrt-health/mac:02010b41cdec/antenna/tag/e28068940000400386621d4f, 96
1652716181.129754, sdrt-health/mac:02010b41cdec/antenna/tag/e2806894000050038662194f, 87
1652716181.305075, sdrt-health/mac:02010b41cdec/antenna/tag/e2806894000050038662154f, 85
1652716181.373954, sdrt-health/mac:02010b41cdec/antenna/tag/e2806894000050038661fd4f, 97
1652716181.37437, sdrt-health/mac:02010b41cdec/antenna/tag/e2806894000040038662114f, 91
1652716181.388725, sdrt-health/mac:02010b41cdec/antenna/tag/e2806894000050038661fd4f, 83
1652716181.389062, sdrt-health/mac:02010b41cdec/antenna/tag/e2806894000040038662114f, 91
1652716181.389328, sdrt-health/mac:02010b41cdec/antenna/tag/e2806894000040038662114f, 88
1652716181.403046, sdrt-health/mac:02010b41cdec/antenna/tag/e2806894000050038661fd4f, 86
1652716181.403249, sdrt-health/mac:02010b41cdec/antenna/tag/e2806894000050038661fd4f, 86
1652716181.403384, sdrt-health/mac:02010b41cdec/antenna/tag/e2806894000050038662154f, 88
1652716181.427579, sdrt-health/mac:02010b41cdec/antenna/tag/e2806894000050038661fd4f, 83
1652716181.570932, sdrt-health/mac:02010b41cdec/antenna/tag/e28068940000400386621d4f, 96
1652716181.571626, sdrt-health/mac:02010b41cdec/antenna/tag/e2806894000050038662194f, 83
1652716181.806654, sdrt-health/mac:02010b41cdec/antenna/tag/e2806894000050038661fd4f, 83
1652716181.866192, sdrt-health/mac:02010b41cdec/antenna/tag/e2806894000040038662114f, 88
1652716181.895667, sdrt-health/mac:02010b41cdec/antenna/tag/e28068940000400386621d4f, 90
1652716181.895959, sdrt-health/mac:02010b41cdec/antenna/tag/e2806894000050038662194f, 83
1652716181.896121, sdrt-health/mac:02010b41cdec/antenna/tag/e2806894000050038662154f, 88
1652716182.017816, sdrt-health/mac:02010b41cdec/antenna/tag/e2806894000040038662214f, 88
1652716182.018024, sdrt-health/mac:02010b41cdec/antenna/tag/e2806894000050038662154f, 85
1652716182.032878, sdrt-health/mac:02010b41cdec/antenna/tag/e28068940000400386621d4f, 96
1652716182.033096, sdrt-health/mac:02010b41cdec/antenna/tag/e2806894000050038662154f, 85
1652716182.03323, sdrt-health/mac:02010b41cdec/antenna/tag/e2806894000040038662114f, 88
1652716182.033348, sdrt-health/mac:02010b41cdec/antenna/tag/e2806894000050038661fd4f, 97
1652716182.033457, sdrt-health/mac:02010b41cdec/antenna/tag/e2806894000050038661fd4f, 97
1652716182.033565, sdrt-health/mac:02010b41cdec/antenna/tag/e2806894000050038662154f, 83
1652716182.033686, sdrt-health/mac:02010b41cdec/antenna/tag/e2806894000040038662114f, 88
1652716182.033795, sdrt-health/mac:02010b41cdec/antenna/tag/e28068940000400386621d4f, 96
1652716182.033903, sdrt-health/mac:02010b41cdec/antenna/tag/e2806894000050038662194f, 83
1652716182.034021, sdrt-health/mac:02010b41cdec/antenna/tag/e2806894000050038662194f, 83
1652716182.093609, sdrt-health/mac:02010b41cdec/antenna/tag/e2806894000050038662194f, 83
1652716182.124052, sdrt-health/mac:02010b41cdec/antenna/tag/e2806894000050038661fd4f, 97
1652716182.124409, sdrt-health/mac:02010b41cdec/antenna/tag/e2806894000050038662154f, 87
1652716182.124695, sdrt-health/mac:02010b41cdec/antenna/tag/e2806894000050038661fd4f, 83
1652716182.124962, sdrt-health/mac:02010b41cdec/antenna/tag/e2806894000050038662154f, 97
1652716182.125194, sdrt-health/mac:02010b41cdec/antenna/tag/e2806894000040038662114f, 97
1652716182.151446, sdrt-health/mac:02010b41cdec/antenna/tag/e2806894000050038661fd4f, 83
1652716182.184579, sdrt-health/mac:02010b41cdec/antenna/tag/e2806894000040038662114f, 91
1652716182.184769, sdrt-health/mac:02010b41cdec/antenna/tag/e28068940000400386621d4f, 96
1652716182.225442, sdrt-health/mac:02010b41cdec/antenna/tag/e2806894000040038662114f, 88
1652716182.323024, sdrt-health/mac:02010b41cdec/antenna/tag/e28068940000400386621d4f, 77
1652716182.32364, sdrt-health/mac:02010b41cdec/antenna/tag/e2806894000040038662114f, 88
1652716182.337964, sdrt-health/mac:02010b41cdec/antenna/tag/e2806894000050038661fd4f, 97
1652716182.405153, sdrt-health/mac:02010b41cdec/antenna/tag/e2806894000050038661fd4f, 86
1652716182.470379, sdrt-health/mac:02010b41cdec/antenna/tag/e2806894000040038662114f, 91
1652716182.470771, sdrt-health/mac:02010b41cdec/antenna/tag/e28068940000400386621d4f, 90
1652716182.471098, sdrt-health/mac:02010b41cdec/antenna/tag/e2806894000050038662194f, 81
1652716182.498346, sdrt-health/mac:02010b41cdec/antenna/tag/e2806894000040038662114f, 97
1652716182.573362, sdrt-health/mac:02010b41cdec/antenna/tag/e2806894000050038662194f, 81
1652716182.574149, sdrt-health/mac:02010b41cdec/antenna/tag/e2806894000050038661fd4f, 86
1652716182.632803, sdrt-health/mac:02010b41cdec/antenna/tag/e2806894000050038661fd4f, 97
1652716182.744321, sdrt-health/mac:02010b41cdec/antenna/tag/e2806894000050038661fd4f, 97
1652716182.744697, sdrt-health/mac:02010b41cdec/antenna/tag/e2806894000050038662194f, 81
1652716182.760323, sdrt-health/mac:02010b41cdec/antenna/tag/e28068940000400386621d4f, 77
1652716182.796949, sdrt-health/mac:02010b41cdec/antenna/tag/e28068940000400386621d4f, 96
1652716182.82698, sdrt-health/mac:02010b41cdec/antenna/tag/e2806894000040038662114f, 88
1652716182.827184, sdrt-health/mac:02010b41cdec/antenna/tag/e28068940000400386621d4f, 90
1652716182.827304, sdrt-health/mac:02010b41cdec/antenna/tag/e2806894000040038662114f, 91
1652716182.855849, sdrt-health/mac:02010b41cdec/antenna/tag/e2806894000050038662154f, 88
1652716182.905382, sdrt-health/mac:02010b41cdec/antenna/tag/e28068940000400386621d4f, 90
1652716182.955751, sdrt-health/mac:02010b41cdec/antenna/tag/e2806894000050038661fd4f, 86
1652716183.036239, sdrt-health/mac:02010b41cdec/antenna/tag/e2806894000050038661fd4f, 86
1652716183.036708, sdrt-health/mac:02010b41cdec/antenna/tag/e2806894000050038662154f, 88
1652716183.069989, sdrt-health/mac:02010b41cdec/antenna/tag/e2806894000050038661fd4f, 83
1652716183.137493, sdrt-health/mac:02010b41cdec/antenna/tag/e2806894000050038662194f, 83
1652716183.137684, sdrt-health/mac:02010b41cdec/antenna/tag/e2806894000050038662194f, 87
1652716183.193683, sdrt-health/mac:02010b41cdec/antenna/tag/e2806894000050038661fd4f, 83
1652716183.25069, sdrt-health/mac:02010b41cdec/antenna/tag/e2806894000040038662114f, 91
1652716183.280583, sdrt-health/mac:02010b41cdec/antenna/tag/e2806894000050038662154f, 88
1652716183.280833, sdrt-health/mac:02010b41cdec/antenna/tag/e2806894000050038662154f, 93
1652716183.345959, sdrt-health/mac:02010b41cdec/antenna/tag/e2806894000040038662114f, 88
1652716183.374879, sdrt-health/mac:02010b41cdec/antenna/tag/e2806894000050038662154f, 85
1652716183.375328, sdrt-health/mac:02010b41cdec/antenna/tag/e2806894000050038662194f, 81
1652716183.408394, sdrt-health/mac:02010b41cdec/antenna/tag/e2806894000040038662114f, 88
1652716183.436625, sdrt-health/mac:02010b41cdec/antenna/tag/e2806894000040038662114f, 85
1652716183.436835, sdrt-health/mac:02010b41cdec/antenna/tag/e2806894000040038662054f, 84
1652716183.43694, sdrt-health/mac:02010b41cdec/antenna/tag/e2806894000050038662154f, 88
1652716183.467, sdrt-health/mac:02010b41cdec/antenna/tag/e2806894000050038661fd4f, 86
1652716183.495018, sdrt-health/mac:02010b41cdec/antenna/tag/e2806894000050038662154f, 91
1652716183.495356, sdrt-health/mac:02010b41cdec/antenna/tag/e28068940000400386621d4f, 96
1652716183.495568, sdrt-health/mac:02010b41cdec/antenna/tag/e2806894000040038662114f, 85
1652716183.559925, sdrt-health/mac:02010b41cdec/antenna/tag/e28068940000400386621d4f, 96
1652716183.655689, sdrt-health/mac:02010b41cdec/antenna/tag/e2806894000040038662114f, 91
1652716183.719989, sdrt-health/mac:02010b41cdec/antenna/tag/e2806894000050038662154f, 91
1652716183.767923, sdrt-health/mac:02010b41cdec/antenna/tag/e28068940000400386621d4f, 96
1652716183.828603, sdrt-health/mac:02010b41cdec/antenna/tag/e2806894000040038662114f, 91
1652716183.856819, sdrt-health/mac:02010b41cdec/antenna/tag/e2806894000040038662114f, 97
1652716183.85717, sdrt-health/mac:02010b41cdec/antenna/tag/e2806894000040038662114f, 91
1652716183.858002, sdrt-health/mac:02010b41cdec/antenna/tag/e28068940000400386621d4f, 90
1652716183.858239, sdrt-health/mac:02010b41cdec/antenna/tag/e2806894000050038662154f, 85
1652716183.878411, sdrt-health/mac:02010b41cdec/antenna/tag/e2806894000050038662154f, 91
1652716183.966892, sdrt-health/mac:02010b41cdec/antenna/tag/e2806894000050038662194f, 81
1652716184.049519, sdrt-health/mac:02010b41cdec/antenna/tag/e28068940000400386621d4f, 96
1652716184.079899, sdrt-health/mac:02010b41cdec/antenna/tag/e2806894000050038662154f, 91
1652716184.080228, sdrt-health/mac:02010b41cdec/antenna/tag/e2806894000050038662154f, 91
1652716184.139121, sdrt-health/mac:02010b41cdec/antenna/tag/e28068940000400386621d4f, 96
1652716184.168077, sdrt-health/mac:02010b41cdec/antenna/tag/e2806894000040038662114f, 88
1652716184.168362, sdrt-health/mac:02010b41cdec/antenna/tag/e28068940000400386621d4f, 90
1652716184.168642, sdrt-health/mac:02010b41cdec/antenna/tag/e28068940000400386621d4f, 96
1652716184.168907, sdrt-health/mac:02010b41cdec/antenna/tag/e2806894000050038662154f, 88
1652716184.169116, sdrt-health/mac:02010b41cdec/antenna/tag/e2806894000050038661fd4f, 83
1652716184.188643, sdrt-health/mac:02010b41cdec/antenna/tag/e28068940000400386621d4f, 96
1652716184.215631, sdrt-health/mac:02010b41cdec/antenna/tag/e2806894000050038661fd4f, 97
1652716184.215892, sdrt-health/mac:02010b41cdec/antenna/tag/e28068940000400386621d4f, 96
1652716184.237858, sdrt-health/mac:02010b41cdec/antenna/tag/e2806894000050038662194f, 83
1652716184.266645, sdrt-health/mac:02010b41cdec/antenna/tag/e28068940000400386621d4f, 96
1652716184.266889, sdrt-health/mac:02010b41cdec/antenna/tag/e2806894000050038662194f, 81
1652716184.297017, sdrt-health/mac:02010b41cdec/antenna/tag/e2806894000050038661fd4f, 86
1652716184.375858, sdrt-health/mac:02010b41cdec/antenna/tag/e2806894000050038662154f, 91
1652716184.437618, sdrt-health/mac:02010b41cdec/antenna/tag/e28068940000400386621d4f, 96
1652716184.438062, sdrt-health/mac:02010b41cdec/antenna/tag/e2806894000050038661fd4f, 83
1652716184.451673, sdrt-health/mac:02010b41cdec/antenna/tag/e2806894000050038662154f, 91
1652716184.482495, sdrt-health/mac:02010b41cdec/antenna/tag/e2806894000050038662154f, 85
1652716184.568338, sdrt-health/mac:02010b41cdec/antenna/tag/e28068940000400386621d4f, 90
1652716184.568736, sdrt-health/mac:02010b41cdec/antenna/tag/e2806894000040038662114f, 91
1652716184.617706, sdrt-health/mac:02010b41cdec/antenna/tag/e2806894000050038661fd4f, 83
1652716184.680312, sdrt-health/mac:02010b41cdec/antenna/tag/e2806894000050038662154f, 91
1652716184.786447, sdrt-health/mac:02010b41cdec/antenna/tag/e28068940000400386621d4f, 96
1652716184.786971, sdrt-health/mac:02010b41cdec/antenna/tag/e2806894000040038662114f, 85
1652716184.801338, sdrt-health/mac:02010b41cdec/antenna/tag/e2806894000040038662114f, 91
1652716184.801615, sdrt-health/mac:02010b41cdec/antenna/tag/e28068940000400386621d4f, 96
1652716184.80183, sdrt-health/mac:02010b41cdec/antenna/tag/e28068940000400386621d4f, 96
1652716184.829675, sdrt-health/mac:02010b41cdec/antenna/tag/e2806894000050038662154f, 88
1652716184.857317, sdrt-health/mac:02010b41cdec/antenna/tag/e2806894000050038661fd4f, 86
1652716184.857541, sdrt-health/mac:02010b41cdec/antenna/tag/e2806894000050038662154f, 91
1652716184.857699, sdrt-health/mac:02010b41cdec/antenna/tag/e2806894000040038662114f, 88
1652716184.887059, sdrt-health/mac:02010b41cdec/antenna/tag/e28068940000400386621d4f, 90
1652716184.918174, sdrt-health/mac:02010b41cdec/antenna/tag/e28068940000400386621d4f, 96
1652716184.918428, sdrt-health/mac:02010b41cdec/antenna/tag/e2806894000050038661fd4f, 90
1652716184.935345, sdrt-health/mac:02010b41cdec/antenna/tag/e2806894000040038662114f, 88
1652716184.994389, sdrt-health/mac:02010b41cdec/antenna/tag/e2806894000050038662154f, 88
1652716184.994965, sdrt-health/mac:02010b41cdec/antenna/tag/e2806894000050038662154f, 88
1652716184.995343, sdrt-health/mac:02010b41cdec/antenna/tag/e2806894000050038661fd4f, 86
1652716184.995733, sdrt-health/mac:02010b41cdec/antenna/tag/e2806894000040038662114f, 88
1652716185.131972, sdrt-health/mac:02010b41cdec/antenna/tag/e2806894000050038662154f, 91
1652716185.219967, sdrt-health/mac:02010b41cdec/antenna/tag/e2806894000050038662154f, 85
1652716185.220882, sdrt-health/mac:02010b41cdec/antenna/tag/e28068940000400386621d4f, 77
1652716185.250473, sdrt-health/mac:02010b41cdec/antenna/tag/e2806894000050038662154f, 85
1652716185.250686, sdrt-health/mac:02010b41cdec/antenna/tag/e2806894000050038661fd4f, 83
1652716185.250805, sdrt-health/mac:02010b41cdec/antenna/tag/e2806894000050038662194f, 94
1652716185.297151, sdrt-health/mac:02010b41cdec/antenna/tag/e2806894000050038661fd4f, 83
1652716185.327418, sdrt-health/mac:02010b41cdec/antenna/tag/e2806894000050038661fd4f, 86
1652716185.32767, sdrt-health/mac:02010b41cdec/antenna/tag/e2806894000040038662114f, 85
1652716185.327862, sdrt-health/mac:02010b41cdec/antenna/tag/e2806894000050038661fd4f, 86
1652716185.328054, sdrt-health/mac:02010b41cdec/antenna/tag/e2806894000050038662154f, 88
1652716185.328229, sdrt-health/mac:02010b41cdec/antenna/tag/e2806894000040038662114f, 85
1652716185.362883, sdrt-health/mac:02010b41cdec/antenna/tag/e28068940000400386621d4f, 90
1652716185.392578, sdrt-health/mac:02010b41cdec/antenna/tag/e2806894000040038662114f, 97
1652716185.392818, sdrt-health/mac:02010b41cdec/antenna/tag/e2806894000050038661fd4f, 86
1652716185.392939, sdrt-health/mac:02010b41cdec/antenna/tag/e2806894000040038662114f, 97
1652716185.437909, sdrt-health/mac:02010b41cdec/antenna/tag/e2806894000050038661fd4f, 86
1652716185.469026, sdrt-health/mac:02010b41cdec/antenna/tag/e28068940000400386621d4f, 90
1652716185.469251, sdrt-health/mac:02010b41cdec/antenna/tag/e2806894000050038662154f, 88
1652716185.507552, sdrt-health/mac:02010b41cdec/antenna/tag/e2806894000050038661fd4f, 86
1652716185.595752, sdrt-health/mac:02010b41cdec/antenna/tag/e28068940000400386621d4f, 90
1652716185.596157, sdrt-health/mac:02010b41cdec/antenna/tag/e2806894000050038661fd4f, 86
1652716185.612469, sdrt-health/mac:02010b41cdec/antenna/tag/e2806894000050038662194f, 87
1652716185.65217, sdrt-health/mac:02010b41cdec/antenna/tag/e2806894000040038661f94f, 88
1652716185.684397, sdrt-health/mac:02010b41cdec/antenna/tag/e2806894000050038662194f, 94
1652716185.684615, sdrt-health/mac:02010b41cdec/antenna/tag/e2806894000050038662194f, 84
1652716185.684733, sdrt-health/mac:02010b41cdec/antenna/tag/e2806894000050038662154f, 85
1652716185.706205, sdrt-health/mac:02010b41cdec/antenna/tag/e2806894000040038662114f, 88
1652716185.759169, sdrt-health/mac:02010b41cdec/antenna/tag/e2806894000050038662154f, 91
1652716185.788059, sdrt-health/mac:02010b41cdec/antenna/tag/e2806894000050038661fd4f, 86
1652716185.788311, sdrt-health/mac:02010b41cdec/antenna/tag/e2806894000050038661fd4f, 86
1652716185.815593, sdrt-health/mac:02010b41cdec/antenna/tag/e2806894000050038661fd4f, 86
1652716185.857766, sdrt-health/mac:02010b41cdec/antenna/tag/e28068940000400386621d4f, 96
1652716185.857999, sdrt-health/mac:02010b41cdec/antenna/tag/e2806894000050038662154f, 91
1652716185.897742, sdrt-health/mac:02010b41cdec/antenna/tag/e2806894000050038661fd4f, 86
1652716185.986721, sdrt-health/mac:02010b41cdec/antenna/tag/e28068940000400386621d4f, 96
1652716185.987163, sdrt-health/mac:02010b41cdec/antenna/tag/e28068940000400386621d4f, 96
1652716186.075105, sdrt-health/mac:02010b41cdec/antenna/tag/e2806894000040038662114f, 88
1652716186.172649, sdrt-health/mac:02010b41cdec/antenna/tag/e2806894000040038662114f, 88
1652716186.172896, sdrt-health/mac:02010b41cdec/antenna/tag/e2806894000050038661fd4f, 97
1652716186.186028, sdrt-health/mac:02010b41cdec/antenna/tag/e2806894000050038661fd4f, 86
1652716186.186241, sdrt-health/mac:02010b41cdec/antenna/tag/e2806894000050038662154f, 88
1652716186.186373, sdrt-health/mac:02010b41cdec/antenna/tag/e2806894000050038661fd4f, 86
1652716186.219858, sdrt-health/mac:02010b41cdec/antenna/tag/e2806894000050038662154f, 88
1652716186.248326, sdrt-health/mac:02010b41cdec/antenna/tag/e28068940000400386621d4f, 96
1652716186.248574, sdrt-health/mac:02010b41cdec/antenna/tag/e2806894000050038661fd4f, 86
1652716186.302679, sdrt-health/mac:02010b41cdec/antenna/tag/e28068940000400386621d4f, 90
1652716186.363855, sdrt-health/mac:02010b41cdec/antenna/tag/e2806894000040038662114f, 88
1652716186.4436, sdrt-health/mac:02010b41cdec/antenna/tag/e2806894000050038661fd4f, 86
1652716186.476023, sdrt-health/mac:02010b41cdec/antenna/tag/e2806894000050038661fd4f, 90
1652716186.476416, sdrt-health/mac:02010b41cdec/antenna/tag/e2806894000040038662114f, 88
1652716186.476829, sdrt-health/mac:02010b41cdec/antenna/tag/e2806894000050038662154f, 97
1652716186.503445, sdrt-health/mac:02010b41cdec/antenna/tag/e2806894000050038661fd4f, 86
1652716186.533735, sdrt-health/mac:02010b41cdec/antenna/tag/e2806894000050038662154f, 91
1652716186.533964, sdrt-health/mac:02010b41cdec/antenna/tag/e2806894000050038662154f, 85
1652716186.561556, sdrt-health/mac:02010b41cdec/antenna/tag/e2806894000040038662114f, 88
1652716186.593368, sdrt-health/mac:02010b41cdec/antenna/tag/e28068940000400386621d4f, 96
1652716186.593613, sdrt-health/mac:02010b41cdec/antenna/tag/e2806894000040038662114f, 85
1652716186.626501, sdrt-health/mac:02010b41cdec/antenna/tag/e2806894000050038662154f, 91
1652716186.695879, sdrt-health/mac:02010b41cdec/antenna/tag/e2806894000040038662114f, 88
1652716186.696903, sdrt-health/mac:02010b41cdec/antenna/tag/e2806894000050038662154f, 88
1652716186.710093, sdrt-health/mac:02010b41cdec/antenna/tag/e28068940000400386621d4f, 96
1652716186.76944, sdrt-health/mac:02010b41cdec/antenna/tag/e2806894000050038662194f, 81
1652716186.815722, sdrt-health/mac:02010b41cdec/antenna/tag/e28068940000400386621d4f, 90
1652716186.893302, sdrt-health/mac:02010b41cdec/antenna/tag/e2806894000050038662194f, 94
1652716186.893716, sdrt-health/mac:02010b41cdec/antenna/tag/e2806894000050038662154f, 93
1652716186.942258, sdrt-health/mac:02010b41cdec/antenna/tag/e2806894000050038662194f, 81
1652716186.999478, sdrt-health/mac:02010b41cdec/antenna/tag/e28068940000400386621d4f, 77
1652716186.999699, sdrt-health/mac:02010b41cdec/antenna/tag/e2806894000050038662194f, 81
1652716187.036492, sdrt-health/mac:02010b41cdec/antenna/tag/e2806894000050038661fd4f, 83
1652716187.097018, sdrt-health/mac:02010b41cdec/antenna/tag/e2806894000050038661fd4f, 83
1652716187.128308, sdrt-health/mac:02010b41cdec/antenna/tag/e2806894000040038662114f, 85
1652716187.128706, sdrt-health/mac:02010b41cdec/antenna/tag/e2806894000050038662194f, 81
1652716187.162703, sdrt-health/mac:02010b41cdec/antenna/tag/e2806894000050038661fd4f, 83
1652716187.213316, sdrt-health/mac:02010b41cdec/antenna/tag/e28068940000400386621d4f, 96
1652716187.244126, sdrt-health/mac:02010b41cdec/antenna/tag/e2806894000050038661fd4f, 83
1652716187.244531, sdrt-health/mac:02010b41cdec/antenna/tag/e28068940000400386621d4f, 96
1652716187.24473, sdrt-health/mac:02010b41cdec/antenna/tag/e2806894000040038662114f, 85
1652716187.281987, sdrt-health/mac:02010b41cdec/antenna/tag/e2806894000050038662154f, 91
1652716187.354031, sdrt-health/mac:02010b41cdec/antenna/tag/e2806894000050038662154f, 85
1652716187.354425, sdrt-health/mac:02010b41cdec/antenna/tag/e2806894000040038662114f, 85
1652716187.368933, sdrt-health/mac:02010b41cdec/antenna/tag/e2806894000050038661fd4f, 86
1652716187.400347, sdrt-health/mac:02010b41cdec/antenna/tag/e2806894000050038662154f, 91
1652716187.400566, sdrt-health/mac:02010b41cdec/antenna/tag/e2806894000040038662114f, 91
1652716187.438995, sdrt-health/mac:02010b41cdec/antenna/tag/e2806894000050038662154f, 88
1652716187.469134, sdrt-health/mac:02010b41cdec/antenna/tag/e2806894000050038662194f, 85
1652716187.469352, sdrt-health/mac:02010b41cdec/antenna/tag/e28068940000400386621d4f, 96
1652716187.502091, sdrt-health/mac:02010b41cdec/antenna/tag/e2806894000050038661fd4f, 86
1652716187.531134, sdrt-health/mac:02010b41cdec/antenna/tag/e2806894000040038662114f, 91
1652716187.531495, sdrt-health/mac:02010b41cdec/antenna/tag/e2806894000050038661fd4f, 86
1652716187.545982, sdrt-health/mac:02010b41cdec/antenna/tag/e2806894000050038661fd4f, 83
1652716187.609851, sdrt-health/mac:02010b41cdec/antenna/tag/e2806894000050038661fd4f, 97
1652716187.610238, sdrt-health/mac:02010b41cdec/antenna/tag/e2806894000040038662214f, 83
1652716187.624274, sdrt-health/mac:02010b41cdec/antenna/tag/e2806894000050038662194f, 83
1652716187.638326, sdrt-health/mac:02010b41cdec/antenna/tag/e2806894000040038662214f, 81
1652716187.717347, sdrt-health/mac:02010b41cdec/antenna/tag/e2806894000040038662054f, 81
1652716187.717808, sdrt-health/mac:02010b41cdec/antenna/tag/e2806894000050038662154f, 91
1652716187.732154, sdrt-health/mac:02010b41cdec/antenna/tag/e2806894000050038662194f, 85
1652716187.760686, sdrt-health/mac:02010b41cdec/antenna/tag/e2806894000050038661fd4f, 97
1652716187.791121, sdrt-health/mac:02010b41cdec/antenna/tag/e28068940000400386621d4f, 90
1652716187.791388, sdrt-health/mac:02010b41cdec/antenna/tag/e2806894000050038662154f, 88
1652716187.791508, sdrt-health/mac:02010b41cdec/antenna/tag/e2806894000050038662194f, 93
1652716187.813074, sdrt-health/mac:02010b41cdec/antenna/tag/e2806894000050038662014f, 84
1652716187.841796, sdrt-health/mac:02010b41cdec/antenna/tag/e2806894000050038662194f, 81
1652716187.842016, sdrt-health/mac:02010b41cdec/antenna/tag/e2806894000050038662194f, 81
1652716188.015449, sdrt-health/mac:02010b41cdec/antenna/tag/scan, scan stopped
