1652716264.906006, sdrt-health/mac:02010b41cdec/antenna/power/set, {"power": 290}
1652716266.005838, sdrt-health/mac:02010b41cdec/antenna/power/set, 
1652716269.92931, sdrt-health/mac:02010b41cdec/antenna/tag/scan, {"time": 20000}
1652716270.313519, sdrt-health/mac:02010b41cdec/antenna/tag/e2806894000050038661fd4f, 86
1652716270.359701, sdrt-health/mac:02010b41cdec/antenna/tag/e2806894000050038661fd4f, 86
1652716270.391134, sdrt-health/mac:02010b41cdec/antenna/tag/e28068940000400386621d4f, 96
1652716270.391682, sdrt-health/mac:02010b41cdec/antenna/tag/e2806894000050038662154f, 91
1652716270.391916, sdrt-health/mac:02010b41cdec/antenna/tag/e2806894000050038662154f, 91
1652716270.406816, sdrt-health/mac:02010b41cdec/antenna/tag/e2806894000050038661fd4f, 86
1652716270.471394, sdrt-health/mac:02010b41cdec/antenna/tag/e2806894000050038662154f, 88
1652716270.471894, sdrt-health/mac:02010b41cdec/antenna/tag/e28068940000400386621d4f, 77
1652716270.486175, sdrt-health/mac:02010b41cdec/antenna/tag/e2806894000050038661fd4f, 83
1652716270.519845, sdrt-health/mac:02010b41cdec/antenna/tag/e2806894000050038662154f, 85
1652716270.520226, sdrt-health/mac:02010b41cdec/antenna/tag/e2806894000050038661fd4f, 83
1652716270.616116, sdrt-health/mac:02010b41cdec/antenna/tag/e2806894000040038662114f, 88
1652716270.697864, sdrt-health/mac:02010b41cdec/antenna/tag/e28068940000400386621d4f, 77
1652716270.729821, sdrt-health/mac:02010b41cdec/antenna/tag/e28068940000400386621d4f, 96
1652716270.730299, sdrt-health/mac:02010b41cdec/antenna/tag/e2806894000040038662114f, 91
1652716270.746828, sdrt-health/mac:02010b41cdec/antenna/tag/e2806894000050038662194f, 93
1652716270.747131, sdrt-health/mac:02010b41cdec/antenna/tag/e28068940000400386621d4f, 96
1652716270.747392, sdrt-health/mac:02010b41cdec/antenna/tag/e2806894000040038662114f, 91
1652716270.796469, sdrt-health/mac:02010b41cdec/antenna/tag/e2806894000050038662154f, 91
1652716270.857638, sdrt-health/mac:02010b41cdec/antenna/tag/e2806894000040038662114f, 88
1652716270.888351, sdrt-health/mac:02010b41cdec/antenna/tag/e28068940000400386621d4f, 96
1652716270.888772, sdrt-health/mac:02010b41cdec/antenna/tag/e2806894000050038661fd4f, 90
1652716270.903194, sdrt-health/mac:02010b41cdec/antenna/tag/e2806894000050038661fd4f, 83
1652716270.903411, sdrt-health/mac:02010b41cdec/antenna/tag/e2806894000040038662114f, 88
1652716270.903554, sdrt-health/mac:02010b41cdec/antenna/tag/e2806894000040038662114f, 88
1652716270.946364, sdrt-health/mac:02010b41cdec/antenna/tag/e2806894000050038661fd4f, 86
1652716270.989122, sdrt-health/mac:02010b41cdec/antenna/tag/e2806894000050038661fd4f, 86
1652716271.042499, sdrt-health/mac:02010b41cdec/antenna/tag/e28068940000400386621d4f, 96
1652716271.043352, sdrt-health/mac:02010b41cdec/antenna/tag/e2806894000050038662194f, 81
1652716271.05763, sdrt-health/mac:02010b41cdec/antenna/tag/e2806894000050038661fd4f, 90
1652716271.087132, sdrt-health/mac:02010b41cdec/antenna/tag/e2806894000040038662114f, 91
1652716271.135333, sdrt-health/mac:02010b41cdec/antenna/tag/e2806894000050038662154f, 91
1652716271.175468, sdrt-health/mac:02010b41cdec/antenna/tag/e2806894000050038662154f, 88
1652716271.215429, sdrt-health/mac:02010b41cdec/antenna/tag/e28068940000400386621d4f, 96
1652716271.244271, sdrt-health/mac:02010b41cdec/antenna/tag/e2806894000040038662114f, 91
1652716271.244558, sdrt-health/mac:02010b41cdec/antenna/tag/e2806894000040038662114f, 88
1652716271.244777, sdrt-health/mac:02010b41cdec/antenna/tag/e2806894000050038662154f, 91
1652716271.2581, sdrt-health/mac:02010b41cdec/antenna/tag/e2806894000050038661fd4f, 86
1652716271.25838, sdrt-health/mac:02010b41cdec/antenna/tag/e28068940000400386621d4f, 90
1652716271.258619, sdrt-health/mac:02010b41cdec/antenna/tag/e28068940000400386621d4f, 96
1652716271.353218, sdrt-health/mac:02010b41cdec/antenna/tag/e28068940000400386621d4f, 77
1652716271.410664, sdrt-health/mac:02010b41cdec/antenna/tag/e2806894000050038661fd4f, 83
1652716271.451164, sdrt-health/mac:02010b41cdec/antenna/tag/e2806894000050038661fd4f, 83
1652716271.45169, sdrt-health/mac:02010b41cdec/antenna/tag/e28068940000400386621d4f, 77
1652716271.466898, sdrt-health/mac:02010b41cdec/antenna/tag/e2806894000050038662154f, 91
1652716271.506354, sdrt-health/mac:02010b41cdec/antenna/tag/e2806894000050038661fd4f, 86
1652716271.599724, sdrt-health/mac:02010b41cdec/antenna/tag/e2806894000050038662154f, 88
1652716271.600229, sdrt-health/mac:02010b41cdec/antenna/tag/e2806894000040038662114f, 88
1652716271.613149, sdrt-health/mac:02010b41cdec/antenna/tag/e28068940000400386621d4f, 96
1652716271.625673, sdrt-health/mac:02010b41cdec/antenna/tag/e2806894000040038662114f, 88
1652716271.62849, sdrt-health/mac:02010b41cdec/antenna/tag/e2806894000050038661fd4f, 86
1652716271.741, sdrt-health/mac:02010b41cdec/antenna/tag/e2806894000050038662154f, 88
1652716271.802111, sdrt-health/mac:02010b41cdec/antenna/tag/e2806894000050038662194f, 83
1652716271.860361, sdrt-health/mac:02010b41cdec/antenna/tag/e2806894000050038662194f, 83
1652716271.860838, sdrt-health/mac:02010b41cdec/antenna/tag/e2806894000040038662114f, 97
1652716271.874371, sdrt-health/mac:02010b41cdec/antenna/tag/e2806894000040038662114f, 88
1652716271.897385, sdrt-health/mac:02010b41cdec/antenna/tag/e2806894000050038662194f, 94
1652716271.976641, sdrt-health/mac:02010b41cdec/antenna/tag/e2806894000050038662194f, 83
1652716272.015346, sdrt-health/mac:02010b41cdec/antenna/tag/e2806894000050038662194f, 83
1652716272.01587, sdrt-health/mac:02010b41cdec/antenna/tag/e2806894000050038662154f, 91
1652716272.066734, sdrt-health/mac:02010b41cdec/antenna/tag/e28068940000400386621d4f, 96
1652716272.133325, sdrt-health/mac:02010b41cdec/antenna/tag/e2806894000040038662114f, 88
1652716272.133837, sdrt-health/mac:02010b41cdec/antenna/tag/e2806894000050038661fd4f, 86
1652716272.134177, sdrt-health/mac:02010b41cdec/antenna/tag/e2806894000050038661fd4f, 86
1652716272.148946, sdrt-health/mac:02010b41cdec/antenna/tag/e28068940000400386621d4f, 77
1652716272.175967, sdrt-health/mac:02010b41cdec/antenna/tag/e2806894000050038661fd4f, 86
1652716272.204095, sdrt-health/mac:02010b41cdec/antenna/tag/e2806894000050038662194f, 81
1652716272.204435, sdrt-health/mac:02010b41cdec/antenna/tag/e2806894000050038662154f, 91
1652716272.225474, sdrt-health/mac:02010b41cdec/antenna/tag/e2806894000050038662194f, 83
1652716272.301393, sdrt-health/mac:02010b41cdec/antenna/tag/e2806894000050038662194f, 84
1652716272.378665, sdrt-health/mac:02010b41cdec/antenna/tag/e2806894000050038661fd4f, 97
1652716272.379214, sdrt-health/mac:02010b41cdec/antenna/tag/e2806894000040038662214f, 83
1652716272.392923, sdrt-health/mac:02010b41cdec/antenna/tag/e2806894000040038661f94f, 84
1652716272.425731, sdrt-health/mac:02010b41cdec/antenna/tag/e2806894000050038662194f, 83
1652716272.455456, sdrt-health/mac:02010b41cdec/antenna/tag/e2806894000050038662154f, 91
1652716272.45571, sdrt-health/mac:02010b41cdec/antenna/tag/e2806894000040038662114f, 88
1652716272.481207, sdrt-health/mac:02010b41cdec/antenna/tag/e2806894000050038661fd4f, 86
1652716272.558952, sdrt-health/mac:02010b41cdec/antenna/tag/e2806894000050038662194f, 83
1652716272.559648, sdrt-health/mac:02010b41cdec/antenna/tag/e2806894000050038661fd4f, 90
1652716272.573373, sdrt-health/mac:02010b41cdec/antenna/tag/e2806894000040038662114f, 85
1652716272.573859, sdrt-health/mac:02010b41cdec/antenna/tag/e2806894000040038662114f, 91
1652716272.587253, sdrt-health/mac:02010b41cdec/antenna/tag/e2806894000040038662114f, 88
1652716272.628502, sdrt-health/mac:02010b41cdec/antenna/tag/e2806894000050038661fd4f, 86
1652716272.677451, sdrt-health/mac:02010b41cdec/antenna/tag/e2806894000050038662154f, 91
1652716272.755069, sdrt-health/mac:02010b41cdec/antenna/tag/e28068940000400386621d4f, 96
1652716272.755538, sdrt-health/mac:02010b41cdec/antenna/tag/e2806894000050038662154f, 97
1652716272.771701, sdrt-health/mac:02010b41cdec/antenna/tag/e2806894000050038661fd4f, 86
1652716272.789436, sdrt-health/mac:02010b41cdec/antenna/tag/e2806894000050038662194f, 81
1652716272.791171, sdrt-health/mac:02010b41cdec/antenna/tag/e2806894000050038661fd4f, 83
1652716272.791619, sdrt-health/mac:02010b41cdec/antenna/tag/e2806894000050038662154f, 85
1652716272.847164, sdrt-health/mac:02010b41cdec/antenna/tag/e28068940000400386621d4f, 96
1652716272.881985, sdrt-health/mac:02010b41cdec/antenna/tag/e2806894000040038662114f, 88
1652716272.882438, sdrt-health/mac:02010b41cdec/antenna/tag/e2806894000050038662154f, 85
1652716272.882736, sdrt-health/mac:02010b41cdec/antenna/tag/e2806894000040038662114f, 88
1652716272.883058, sdrt-health/mac:02010b41cdec/antenna/tag/e2806894000050038661fd4f, 83
1652716272.897311, sdrt-health/mac:02010b41cdec/antenna/tag/e28068940000400386621d4f, 96
1652716272.962074, sdrt-health/mac:02010b41cdec/antenna/tag/e2806894000050038662154f, 91
1652716272.962603, sdrt-health/mac:02010b41cdec/antenna/tag/e2806894000050038661fd4f, 86
1652716273.036203, sdrt-health/mac:02010b41cdec/antenna/tag/e2806894000050038662154f, 91
1652716273.107202, sdrt-health/mac:02010b41cdec/antenna/tag/e2806894000050038662194f, 83
1652716273.108132, sdrt-health/mac:02010b41cdec/antenna/tag/e28068940000400386621d4f, 96
1652716273.144145, sdrt-health/mac:02010b41cdec/antenna/tag/e2806894000050038662194f, 94
1652716273.199548, sdrt-health/mac:02010b41cdec/antenna/tag/e28068940000400386621d4f, 77
1652716273.200386, sdrt-health/mac:02010b41cdec/antenna/tag/e2806894000050038662154f, 88
1652716273.285848, sdrt-health/mac:02010b41cdec/antenna/tag/e2806894000050038662194f, 81
1652716273.375017, sdrt-health/mac:02010b41cdec/antenna/tag/e2806894000040038662214f, 88
1652716273.408398, sdrt-health/mac:02010b41cdec/antenna/tag/e2806894000040038662214f, 88
1652716273.409004, sdrt-health/mac:02010b41cdec/antenna/tag/e28068940000400386621d4f, 77
1652716273.440089, sdrt-health/mac:02010b41cdec/antenna/tag/e28068940000400386621d4f, 96
1652716273.495844, sdrt-health/mac:02010b41cdec/antenna/tag/e2806894000050038662154f, 91
1652716273.545435, sdrt-health/mac:02010b41cdec/antenna/tag/e28068940000400386621d4f, 77
1652716273.602635, sdrt-health/mac:02010b41cdec/antenna/tag/e28068940000400386621d4f, 96
1652716273.603129, sdrt-health/mac:02010b41cdec/antenna/tag/e2806894000050038662154f, 88
1652716273.618427, sdrt-health/mac:02010b41cdec/antenna/tag/e28068940000400386621d4f, 96
1652716273.639729, sdrt-health/mac:02010b41cdec/antenna/tag/e2806894000050038661fd4f, 90
1652716273.640231, sdrt-health/mac:02010b41cdec/antenna/tag/e2806894000040038662114f, 91
1652716273.659214, sdrt-health/mac:02010b41cdec/antenna/tag/e2806894000040038662114f, 91
1652716273.685466, sdrt-health/mac:02010b41cdec/antenna/tag/e2806894000040038662114f, 91
1652716273.745519, sdrt-health/mac:02010b41cdec/antenna/tag/e2806894000040038662114f, 83
1652716273.774267, sdrt-health/mac:02010b41cdec/antenna/tag/e2806894000040038662114f, 97
1652716273.774607, sdrt-health/mac:02010b41cdec/antenna/tag/e28068940000400386621d4f, 96
1652716273.78921, sdrt-health/mac:02010b41cdec/antenna/tag/e2806894000050038661fd4f, 86
1652716273.836, sdrt-health/mac:02010b41cdec/antenna/tag/e2806894000050038662154f, 85
1652716273.878321, sdrt-health/mac:02010b41cdec/antenna/tag/e2806894000040038662114f, 91
1652716273.92668, sdrt-health/mac:02010b41cdec/antenna/tag/e2806894000050038662194f, 85
1652716273.976126, sdrt-health/mac:02010b41cdec/antenna/tag/e28068940000400386621d4f, 90
1652716274.005018, sdrt-health/mac:02010b41cdec/antenna/tag/e2806894000050038661fd4f, 86
1652716274.005349, sdrt-health/mac:02010b41cdec/antenna/tag/e2806894000050038662194f, 93
1652716274.020174, sdrt-health/mac:02010b41cdec/antenna/tag/e2806894000050038662194f, 87
1652716274.106183, sdrt-health/mac:02010b41cdec/antenna/tag/e2806894000050038662154f, 88
1652716274.203543, sdrt-health/mac:02010b41cdec/antenna/tag/e2806894000040038662114f, 88
1652716274.232982, sdrt-health/mac:02010b41cdec/antenna/tag/e2806894000050038662154f, 91
1652716274.233354, sdrt-health/mac:02010b41cdec/antenna/tag/e28068940000400386621d4f, 96
1652716274.233584, sdrt-health/mac:02010b41cdec/antenna/tag/e28068940000400386621d4f, 96
1652716274.262058, sdrt-health/mac:02010b41cdec/antenna/tag/e2806894000050038662154f, 88
1652716274.294903, sdrt-health/mac:02010b41cdec/antenna/tag/e28068940000400386621d4f, 96
1652716274.295466, sdrt-health/mac:02010b41cdec/antenna/tag/e2806894000050038661fd4f, 97
1652716274.295829, sdrt-health/mac:02010b41cdec/antenna/tag/e2806894000050038661fd4f, 83
1652716274.318945, sdrt-health/mac:02010b41cdec/antenna/tag/e2806894000040038662114f, 88
1652716274.348811, sdrt-health/mac:02010b41cdec/antenna/tag/e2806894000050038662154f, 88
1652716274.349092, sdrt-health/mac:02010b41cdec/antenna/tag/e2806894000050038662194f, 87
1652716274.39406, sdrt-health/mac:02010b41cdec/antenna/tag/e2806894000050038662154f, 88
1652716274.468731, sdrt-health/mac:02010b41cdec/antenna/tag/e2806894000050038661fd4f, 83
1652716274.469218, sdrt-health/mac:02010b41cdec/antenna/tag/e2806894000050038662194f, 87
1652716274.483554, sdrt-health/mac:02010b41cdec/antenna/tag/e2806894000050038661fd4f, 83
1652716274.495955, sdrt-health/mac:02010b41cdec/antenna/tag/e2806894000040038661f94f, 88
1652716274.558163, sdrt-health/mac:02010b41cdec/antenna/tag/e2806894000050038661fd4f, 83
1652716274.559818, sdrt-health/mac:02010b41cdec/antenna/tag/e2806894000040038662214f, 81
1652716274.631048, sdrt-health/mac:02010b41cdec/antenna/tag/e2806894000050038662194f, 82
1652716274.631556, sdrt-health/mac:02010b41cdec/antenna/tag/e2806894000050038662194f, 83
1652716274.647017, sdrt-health/mac:02010b41cdec/antenna/tag/e2806894000050038662154f, 88
1652716274.661115, sdrt-health/mac:02010b41cdec/antenna/tag/e28068940000400386621d4f, 77
1652716274.661478, sdrt-health/mac:02010b41cdec/antenna/tag/e2806894000050038662154f, 85
1652716274.661837, sdrt-health/mac:02010b41cdec/antenna/tag/e2806894000050038662194f, 83
1652716274.662107, sdrt-health/mac:02010b41cdec/antenna/tag/e2806894000050038661fd4f, 83
1652716274.718138, sdrt-health/mac:02010b41cdec/antenna/tag/e28068940000400386621d4f, 77
1652716274.777715, sdrt-health/mac:02010b41cdec/antenna/tag/e2806894000050038661fd4f, 86
1652716274.864457, sdrt-health/mac:02010b41cdec/antenna/tag/e2806894000050038662194f, 83
1652716274.907245, sdrt-health/mac:02010b41cdec/antenna/tag/e2806894000050038662194f, 81
1652716274.982104, sdrt-health/mac:02010b41cdec/antenna/tag/e2806894000050038662154f, 88
1652716274.982573, sdrt-health/mac:02010b41cdec/antenna/tag/e28068940000400386621d4f, 77
1652716275.025836, sdrt-health/mac:02010b41cdec/antenna/tag/e2806894000050038661fd4f, 97
1652716275.132738, sdrt-health/mac:02010b41cdec/antenna/tag/e2806894000050038662194f, 94
1652716275.133212, sdrt-health/mac:02010b41cdec/antenna/tag/e28068940000400386621d4f, 90
1652716275.225754, sdrt-health/mac:02010b41cdec/antenna/tag/e2806894000050038662154f, 88
1652716275.257683, sdrt-health/mac:02010b41cdec/antenna/tag/e2806894000050038662154f, 88
1652716275.25803, sdrt-health/mac:02010b41cdec/antenna/tag/e28068940000400386621d4f, 96
1652716275.258344, sdrt-health/mac:02010b41cdec/antenna/tag/e2806894000050038662194f, 81
1652716275.271385, sdrt-health/mac:02010b41cdec/antenna/tag/e2806894000050038662154f, 91
1652716275.271615, sdrt-health/mac:02010b41cdec/antenna/tag/e2806894000050038662154f, 91
1652716275.319918, sdrt-health/mac:02010b41cdec/antenna/tag/e2806894000050038661fd4f, 86
1652716275.400726, sdrt-health/mac:02010b41cdec/antenna/tag/e2806894000050038662194f, 87
1652716275.401224, sdrt-health/mac:02010b41cdec/antenna/tag/e28068940000400386621d4f, 77
1652716275.436222, sdrt-health/mac:02010b41cdec/antenna/tag/e2806894000050038662154f, 85
1652716275.478864, sdrt-health/mac:02010b41cdec/antenna/tag/e2806894000050038661fd4f, 97
1652716275.565489, sdrt-health/mac:02010b41cdec/antenna/tag/e2806894000050038661fd4f, 86
1652716275.59524, sdrt-health/mac:02010b41cdec/antenna/tag/e28068940000400386621d4f, 96
1652716275.595607, sdrt-health/mac:02010b41cdec/antenna/tag/e2806894000040038662114f, 88
1652716275.817343, sdrt-health/mac:02010b41cdec/antenna/tag/e2806894000050038661fd4f, 86
1652716275.846515, sdrt-health/mac:02010b41cdec/antenna/tag/e2806894000050038662194f, 83
1652716275.847083, sdrt-health/mac:02010b41cdec/antenna/tag/e2806894000050038662154f, 88
1652716275.879359, sdrt-health/mac:02010b41cdec/antenna/tag/e28068940000400386621d4f, 90
1652716275.909712, sdrt-health/mac:02010b41cdec/antenna/tag/e2806894000050038661fd4f, 86
1652716275.91025, sdrt-health/mac:02010b41cdec/antenna/tag/e2806894000050038661fd4f, 86
1652716275.910875, sdrt-health/mac:02010b41cdec/antenna/tag/e28068940000500386620d4f, 88
1652716275.911382, sdrt-health/mac:02010b41cdec/antenna/tag/e2806894000040038662114f, 88
1652716275.911821, sdrt-health/mac:02010b41cdec/antenna/tag/e2806894000050038662194f, 83
1652716275.91242, sdrt-health/mac:02010b41cdec/antenna/tag/e2806894000050038661fd4f, 83
1652716275.912841, sdrt-health/mac:02010b41cdec/antenna/tag/e28068940000400386621d4f, 77
1652716275.926771, sdrt-health/mac:02010b41cdec/antenna/tag/e2806894000050038662194f, 85
1652716275.95709, sdrt-health/mac:02010b41cdec/antenna/tag/e28068940000400386621d4f, 96
1652716275.957372, sdrt-health/mac:02010b41cdec/antenna/tag/e2806894000040038662114f, 91
1652716275.957572, sdrt-health/mac:02010b41cdec/antenna/tag/e2806894000050038661fd4f, 83
1652716275.975477, sdrt-health/mac:02010b41cdec/antenna/tag/e2806894000050038661fd4f, 97
1652716276.026793, sdrt-health/mac:02010b41cdec/antenna/tag/e2806894000050038662194f, 83
1652716276.027195, sdrt-health/mac:02010b41cdec/antenna/tag/e2806894000050038662194f, 83
1652716276.056444, sdrt-health/mac:02010b41cdec/antenna/tag/e2806894000050038662194f, 87
1652716276.097367, sdrt-health/mac:02010b41cdec/antenna/tag/e2806894000040038662114f, 88
1652716276.137183, sdrt-health/mac:02010b41cdec/antenna/tag/e2806894000040038662114f, 85
1652716276.185578, sdrt-health/mac:02010b41cdec/antenna/tag/e2806894000050038662154f, 91
1652716276.226051, sdrt-health/mac:02010b41cdec/antenna/tag/e2806894000050038661fd4f, 86
1652716276.27845, sdrt-health/mac:02010b41cdec/antenna/tag/e2806894000050038662154f, 85
1652716276.325289, sdrt-health/mac:02010b41cdec/antenna/tag/e2806894000050038661fd4f, 83
1652716276.390497, sdrt-health/mac:02010b41cdec/antenna/tag/e2806894000040038662114f, 88
1652716276.390982, sdrt-health/mac:02010b41cdec/antenna/tag/e2806894000050038662194f, 83
1652716276.415612, sdrt-health/mac:02010b41cdec/antenna/tag/e28068940000400386621d4f, 96
1652716276.416299, sdrt-health/mac:02010b41cdec/antenna/tag/e2806894000050038661fd4f, 96
1652716276.465654, sdrt-health/mac:02010b41cdec/antenna/tag/e2806894000050038662154f, 91
1652716276.495642, sdrt-health/mac:02010b41cdec/antenna/tag/e2806894000050038661fd4f, 90
1652716276.496004, sdrt-health/mac:02010b41cdec/antenna/tag/e2806894000050038662154f, 91
1652716276.508897, sdrt-health/mac:02010b41cdec/antenna/tag/e2806894000040038662114f, 88
1652716276.568282, sdrt-health/mac:02010b41cdec/antenna/tag/e28068940000400386621d4f, 90
1652716276.633631, sdrt-health/mac:02010b41cdec/antenna/tag/e2806894000050038661fd4f, 90
1652716276.63402, sdrt-health/mac:02010b41cdec/antenna/tag/e2806894000040038662114f, 91
1652716276.649644, sdrt-health/mac:02010b41cdec/antenna/tag/e2806894000050038662154f, 91
1652716276.649896, sdrt-health/mac:02010b41cdec/antenna/tag/e2806894000050038662194f, 81
1652716276.650068, sdrt-health/mac:02010b41cdec/antenna/tag/e2806894000040038662114f, 97
1652716276.696667, sdrt-health/mac:02010b41cdec/antenna/tag/e2806894000050038661fd4f, 86
1652716276.737541, sdrt-health/mac:02010b41cdec/antenna/tag/e2806894000040038662114f, 91
1652716276.738587, sdrt-health/mac:02010b41cdec/antenna/tag/e2806894000050038661fd4f, 86
1652716276.783503, sdrt-health/mac:02010b41cdec/antenna/tag/e2806894000040038662114f, 88
1652716276.842463, sdrt-health/mac:02010b41cdec/antenna/tag/e2806894000040038662114f, 88
1652716276.903842, sdrt-health/mac:02010b41cdec/antenna/tag/e2806894000050038662154f, 88
1652716276.904371, sdrt-health/mac:02010b41cdec/antenna/tag/e28068940000400386621d4f, 96
1652716276.919324, sdrt-health/mac:02010b41cdec/antenna/tag/e2806894000050038662154f, 88
1652716276.977066, sdrt-health/mac:02010b41cdec/antenna/tag/e28068940000400386621d4f, 96
1652716276.977409, sdrt-health/mac:02010b41cdec/antenna/tag/e28068940000400386621d4f, 77
1652716276.990613, sdrt-health/mac:02010b41cdec/antenna/tag/e2806894000050038662154f, 85
1652716277.022419, sdrt-health/mac:02010b41cdec/antenna/tag/e28068940000400386621d4f, 96
1652716277.05063, sdrt-health/mac:02010b41cdec/antenna/tag/e2806894000050038662154f, 85
1652716277.050945, sdrt-health/mac:02010b41cdec/antenna/tag/e28068940000400386621d4f, 77
1652716277.066003, sdrt-health/mac:02010b41cdec/antenna/tag/e28068940000400386621d4f, 96
1652716277.117886, sdrt-health/mac:02010b41cdec/antenna/tag/e2806894000050038661fd4f, 86
1652716277.17491, sdrt-health/mac:02010b41cdec/antenna/tag/e2806894000040038662114f, 85
1652716277.175325, sdrt-health/mac:02010b41cdec/antenna/tag/e2806894000050038662154f, 97
1652716277.190459, sdrt-health/mac:02010b41cdec/antenna/tag/e2806894000050038662154f, 91
1652716277.207064, sdrt-health/mac:02010b41cdec/antenna/tag/e2806894000050038662154f, 91
1652716277.300966, sdrt-health/mac:02010b41cdec/antenna/tag/e28068940000400386621d4f, 96
1652716277.301424, sdrt-health/mac:02010b41cdec/antenna/tag/e2806894000050038661fd4f, 83
1652716277.315601, sdrt-health/mac:02010b41cdec/antenna/tag/e2806894000040038662114f, 88
1652716277.315956, sdrt-health/mac:02010b41cdec/antenna/tag/e2806894000050038662194f, 85
1652716277.35657, sdrt-health/mac:02010b41cdec/antenna/tag/e2806894000050038661fd4f, 86
1652716277.387141, sdrt-health/mac:02010b41cdec/antenna/tag/e28068940000400386621d4f, 96
1652716277.387399, sdrt-health/mac:02010b41cdec/antenna/tag/e2806894000040038662114f, 88
1652716277.403003, sdrt-health/mac:02010b41cdec/antenna/tag/e2806894000050038662154f, 91
1652716277.403394, sdrt-health/mac:02010b41cdec/antenna/tag/e28068940000400386621d4f, 96
1652716277.403664, sdrt-health/mac:02010b41cdec/antenna/tag/e2806894000050038661fd4f, 86
1652716277.403931, sdrt-health/mac:02010b41cdec/antenna/tag/e2806894000050038662154f, 91
1652716277.437336, sdrt-health/mac:02010b41cdec/antenna/tag/e2806894000050038662154f, 88
1652716277.521323, sdrt-health/mac:02010b41cdec/antenna/tag/e2806894000050038662154f, 91
1652716277.585889, sdrt-health/mac:02010b41cdec/antenna/tag/e2806894000050038662154f, 91
1652716277.627163, sdrt-health/mac:02010b41cdec/antenna/tag/e2806894000040038662114f, 88
1652716277.657587, sdrt-health/mac:02010b41cdec/antenna/tag/e2806894000050038662154f, 91
1652716277.657838, sdrt-health/mac:02010b41cdec/antenna/tag/e2806894000050038661fd4f, 86
1652716277.67212, sdrt-health/mac:02010b41cdec/antenna/tag/e2806894000050038662194f, 88
1652716277.706806, sdrt-health/mac:02010b41cdec/antenna/tag/e28068940000400386621d4f, 96
1652716277.771581, sdrt-health/mac:02010b41cdec/antenna/tag/e2806894000050038662154f, 91
1652716277.771823, sdrt-health/mac:02010b41cdec/antenna/tag/e2806894000050038662154f, 88
1652716277.786294, sdrt-health/mac:02010b41cdec/antenna/tag/e2806894000050038662154f, 88
1652716277.824554, sdrt-health/mac:02010b41cdec/antenna/tag/e2806894000050038661fd4f, 86
1652716277.896529, sdrt-health/mac:02010b41cdec/antenna/tag/e2806894000040038662114f, 91
1652716277.897066, sdrt-health/mac:02010b41cdec/antenna/tag/e28068940000400386621d4f, 77
1652716277.937856, sdrt-health/mac:02010b41cdec/antenna/tag/e2806894000040038662114f, 88
1652716277.967672, sdrt-health/mac:02010b41cdec/antenna/tag/e28068940000400386621d4f, 77
1652716277.968103, sdrt-health/mac:02010b41cdec/antenna/tag/e2806894000050038662194f, 94
1652716277.983243, sdrt-health/mac:02010b41cdec/antenna/tag/e2806894000050038661fd4f, 86
1652716277.983433, sdrt-health/mac:02010b41cdec/antenna/tag/e28068940000400386621d4f, 96
1652716278.041524, sdrt-health/mac:02010b41cdec/antenna/tag/e2806894000050038662154f, 88
1652716278.0864, sdrt-health/mac:02010b41cdec/antenna/tag/e2806894000050038661fd4f, 86
1652716278.137571, sdrt-health/mac:02010b41cdec/antenna/tag/e2806894000050038662154f, 88
1652716278.2154, sdrt-health/mac:02010b41cdec/antenna/tag/e2806894000040038662114f, 97
1652716278.216263, sdrt-health/mac:02010b41cdec/antenna/tag/e2806894000050038661fd4f, 86
1652716278.228989, sdrt-health/mac:02010b41cdec/antenna/tag/e28068940000400386621d4f, 90
1652716278.229404, sdrt-health/mac:02010b41cdec/antenna/tag/e2806894000050038662154f, 88
1652716278.246899, sdrt-health/mac:02010b41cdec/antenna/tag/e2806894000050038662154f, 88
1652716278.275568, sdrt-health/mac:02010b41cdec/antenna/tag/e28068940000400386621d4f, 96
1652716278.275877, sdrt-health/mac:02010b41cdec/antenna/tag/e28068940000400386621d4f, 90
1652716278.322707, sdrt-health/mac:02010b41cdec/antenna/tag/e2806894000050038662154f, 91
1652716278.351196, sdrt-health/mac:02010b41cdec/antenna/tag/e2806894000050038662194f, 87
1652716278.351441, sdrt-health/mac:02010b41cdec/antenna/tag/e2806894000050038662154f, 91
1652716278.376958, sdrt-health/mac:02010b41cdec/antenna/tag/e2806894000040038662114f, 88
1652716278.408703, sdrt-health/mac:02010b41cdec/antenna/tag/e2806894000040038662214f, 84
1652716278.40902, sdrt-health/mac:02010b41cdec/antenna/tag/e2806894000050038662154f, 85
1652716278.427019, sdrt-health/mac:02010b41cdec/antenna/tag/e2806894000050038661fd4f, 83
1652716278.456546, sdrt-health/mac:02010b41cdec/antenna/tag/e2806894000040038662114f, 88
1652716278.456943, sdrt-health/mac:02010b41cdec/antenna/tag/e2806894000040038662214f, 81
1652716278.470659, sdrt-health/mac:02010b41cdec/antenna/tag/e28068940000400386621d4f, 77
1652716278.527575, sdrt-health/mac:02010b41cdec/antenna/tag/e28068940000400386621d4f, 96
1652716278.558238, sdrt-health/mac:02010b41cdec/antenna/tag/e2806894000050038662194f, 83
1652716278.55863, sdrt-health/mac:02010b41cdec/antenna/tag/e28068940000400386621d4f, 96
1652716278.605519, sdrt-health/mac:02010b41cdec/antenna/tag/e2806894000050038661fd4f, 86
1652716278.653519, sdrt-health/mac:02010b41cdec/antenna/tag/e28068940000400386621d4f, 96
1652716278.696489, sdrt-health/mac:02010b41cdec/antenna/tag/e2806894000050038661fd4f, 86
1652716278.783563, sdrt-health/mac:02010b41cdec/antenna/tag/e28068940000400386621d4f, 96
1652716278.784112, sdrt-health/mac:02010b41cdec/antenna/tag/e2806894000050038661fd4f, 83
1652716278.798079, sdrt-health/mac:02010b41cdec/antenna/tag/e28068940000400386621d4f, 77
1652716278.841893, sdrt-health/mac:02010b41cdec/antenna/tag/e2806894000050038661fd4f, 83
1652716278.871251, sdrt-health/mac:02010b41cdec/antenna/tag/e2806894000040038661f94f, 82
1652716278.871518, sdrt-health/mac:02010b41cdec/antenna/tag/e28068940000400386621d4f, 96
1652716278.871646, sdrt-health/mac:02010b41cdec/antenna/tag/e2806894000050038661fd4f, 97
1652716278.888174, sdrt-health/mac:02010b41cdec/antenna/tag/e28068940000400386621d4f, 96
1652716278.917728, sdrt-health/mac:02010b41cdec/antenna/tag/e2806894000040038662114f, 88
1652716278.918002, sdrt-health/mac:02010b41cdec/antenna/tag/e28068940000400386621d4f, 96
1652716278.955558, sdrt-health/mac:02010b41cdec/antenna/tag/e2806894000050038662194f, 83
1652716278.982855, sdrt-health/mac:02010b41cdec/antenna/tag/e2806894000040038662114f, 88
1652716278.983146, sdrt-health/mac:02010b41cdec/antenna/tag/e2806894000050038662194f, 87
1652716279.027597, sdrt-health/mac:02010b41cdec/antenna/tag/e2806894000050038662154f, 91
1652716279.078809, sdrt-health/mac:02010b41cdec/antenna/tag/e2806894000040038662114f, 91
1652716279.126798, sdrt-health/mac:02010b41cdec/antenna/tag/e28068940000400386621d4f, 96
1652716279.190784, sdrt-health/mac:02010b41cdec/antenna/tag/e2806894000050038662154f, 91
1652716279.19132, sdrt-health/mac:02010b41cdec/antenna/tag/e2806894000050038662194f, 83
1652716279.206167, sdrt-health/mac:02010b41cdec/antenna/tag/e2806894000040038662114f, 91
1652716279.226649, sdrt-health/mac:02010b41cdec/antenna/tag/e2806894000050038662194f, 81
1652716279.276009, sdrt-health/mac:02010b41cdec/antenna/tag/e2806894000050038661fd4f, 97
1652716279.335969, sdrt-health/mac:02010b41cdec/antenna/tag/e2806894000050038662154f, 85
1652716279.336364, sdrt-health/mac:02010b41cdec/antenna/tag/e2806894000050038661fd4f, 83
1652716279.35101, sdrt-health/mac:02010b41cdec/antenna/tag/e2806894000040038662114f, 88
1652716279.36537, sdrt-health/mac:02010b41cdec/antenna/tag/e2806894000050038662154f, 85
1652716279.406496, sdrt-health/mac:02010b41cdec/antenna/tag/e2806894000050038662154f, 91
1652716279.448636, sdrt-health/mac:02010b41cdec/antenna/tag/e2806894000050038662154f, 88
1652716279.503391, sdrt-health/mac:02010b41cdec/antenna/tag/e2806894000050038662154f, 91
1652716279.56439, sdrt-health/mac:02010b41cdec/antenna/tag/e2806894000050038662154f, 88
1652716279.596022, sdrt-health/mac:02010b41cdec/antenna/tag/e2806894000050038662194f, 81
1652716279.596431, sdrt-health/mac:02010b41cdec/antenna/tag/e2806894000040038662114f, 88
1652716279.611166, sdrt-health/mac:02010b41cdec/antenna/tag/e2806894000050038662154f, 88
1652716279.611531, sdrt-health/mac:02010b41cdec/antenna/tag/e2806894000050038662194f, 81
1652716279.611762, sdrt-health/mac:02010b41cdec/antenna/tag/e2806894000050038661fd4f, 86
1652716279.61205, sdrt-health/mac:02010b41cdec/antenna/tag/e2806894000050038662154f, 91
1652716279.682528, sdrt-health/mac:02010b41cdec/antenna/tag/e2806894000050038662154f, 85
1652716279.766932, sdrt-health/mac:02010b41cdec/antenna/tag/e2806894000050038662154f, 93
1652716279.767443, sdrt-health/mac:02010b41cdec/antenna/tag/e2806894000050038662194f, 83
1652716279.781452, sdrt-health/mac:02010b41cdec/antenna/tag/e2806894000050038662154f, 85
1652716279.814473, sdrt-health/mac:02010b41cdec/antenna/tag/e2806894000050038661fd4f, 83
1652716279.814884, sdrt-health/mac:02010b41cdec/antenna/tag/e2806894000050038661fd4f, 83
1652716279.828175, sdrt-health/mac:02010b41cdec/antenna/tag/e2806894000050038662194f, 81
1652716279.844314, sdrt-health/mac:02010b41cdec/antenna/tag/e28068940000400386621d4f, 77
1652716279.845039, sdrt-health/mac:02010b41cdec/antenna/tag/e2806894000050038662194f, 94
1652716279.904439, sdrt-health/mac:02010b41cdec/antenna/tag/e2806894000050038662154f, 85
1652716279.948348, sdrt-health/mac:02010b41cdec/antenna/tag/e2806894000040038662114f, 88
1652716280.011235, sdrt-health/mac:02010b41cdec/antenna/tag/e2806894000040038662114f, 88
1652716280.011727, sdrt-health/mac:02010b41cdec/antenna/tag/e2806894000050038662194f, 83
1652716280.055365, sdrt-health/mac:02010b41cdec/antenna/tag/e2806894000050038662154f, 88
1652716280.104694, sdrt-health/mac:02010b41cdec/antenna/tag/e2806894000050038661fd4f, 86
1652716280.176989, sdrt-health/mac:02010b41cdec/antenna/tag/e28068940000400386621d4f, 96
1652716280.177448, sdrt-health/mac:02010b41cdec/antenna/tag/e2806894000050038661fd4f, 86
1652716280.216709, sdrt-health/mac:02010b41cdec/antenna/tag/e2806894000050038662194f, 87
1652716280.245359, sdrt-health/mac:02010b41cdec/antenna/tag/e28068940000500386620d4f, 94
1652716280.245809, sdrt-health/mac:02010b41cdec/antenna/tag/e2806894000050038662194f, 83
1652716280.259676, sdrt-health/mac:02010b41cdec/antenna/tag/e2806894000050038662154f, 88
1652716280.260255, sdrt-health/mac:02010b41cdec/antenna/tag/e2806894000050038662194f, 83
1652716280.296989, sdrt-health/mac:02010b41cdec/antenna/tag/e2806894000050038662154f, 85
1652716280.336008, sdrt-health/mac:02010b41cdec/antenna/tag/e2806894000050038662194f, 83
1652716280.383533, sdrt-health/mac:02010b41cdec/antenna/tag/e28068940000400386621d4f, 77
1652716280.426506, sdrt-health/mac:02010b41cdec/antenna/tag/e28068940000400386621d4f, 96
1652716280.484267, sdrt-health/mac:02010b41cdec/antenna/tag/e2806894000050038662154f, 91
1652716280.629712, sdrt-health/mac:02010b41cdec/antenna/tag/e28068940000400386621d4f, 96
1652716280.63024, sdrt-health/mac:02010b41cdec/antenna/tag/e2806894000050038662154f, 88
1652716280.689616, sdrt-health/mac:02010b41cdec/antenna/tag/e2806894000040038662114f, 91
1652716280.737939, sdrt-health/mac:02010b41cdec/antenna/tag/e2806894000040038662114f, 91
1652716280.767711, sdrt-health/mac:02010b41cdec/antenna/tag/e28068940000400386621d4f, 96
1652716280.76805, sdrt-health/mac:02010b41cdec/antenna/tag/e2806894000050038662194f, 87
1652716280.799027, sdrt-health/mac:02010b41cdec/antenna/tag/e28068940000400386621d4f, 96
1652716280.879866, sdrt-health/mac:02010b41cdec/antenna/tag/e2806894000050038662154f, 85
1652716280.880371, sdrt-health/mac:02010b41cdec/antenna/tag/e2806894000050038662154f, 93
1652716280.921122, sdrt-health/mac:02010b41cdec/antenna/tag/e28068940000400386621d4f, 96
1652716280.949769, sdrt-health/mac:02010b41cdec/antenna/tag/e2806894000040038662114f, 97
1652716280.951228, sdrt-health/mac:02010b41cdec/antenna/tag/e2806894000050038661fd4f, 83
1652716280.986737, sdrt-health/mac:02010b41cdec/antenna/tag/e2806894000050038661fd4f, 83
1652716281.059016, sdrt-health/mac:02010b41cdec/antenna/tag/e2806894000050038662194f, 81
1652716281.059729, sdrt-health/mac:02010b41cdec/antenna/tag/e28068940000400386621d4f, 96
1652716281.072309, sdrt-health/mac:02010b41cdec/antenna/tag/e2806894000050038661fd4f, 83
1652716281.123138, sdrt-health/mac:02010b41cdec/antenna/tag/e2806894000050038662194f, 87
1652716281.192628, sdrt-health/mac:02010b41cdec/antenna/tag/e2806894000050038662154f, 85
1652716281.193124, sdrt-health/mac:02010b41cdec/antenna/tag/e2806894000040038662114f, 88
1652716281.208553, sdrt-health/mac:02010b41cdec/antenna/tag/e2806894000050038661fd4f, 83
1652716281.249917, sdrt-health/mac:02010b41cdec/antenna/tag/e2806894000040038662214f, 94
1652716281.288375, sdrt-health/mac:02010b41cdec/antenna/tag/e28068940000400386621d4f, 77
1652716281.315602, sdrt-health/mac:02010b41cdec/antenna/tag/e2806894000050038662154f, 85
1652716281.315798, sdrt-health/mac:02010b41cdec/antenna/tag/e2806894000040038662114f, 88
1652716281.344899, sdrt-health/mac:02010b41cdec/antenna/tag/e2806894000040038662114f, 91
1652716281.383123, sdrt-health/mac:02010b41cdec/antenna/tag/e2806894000050038662154f, 85
1652716281.435609, sdrt-health/mac:02010b41cdec/antenna/tag/e28068940000400386621d4f, 77
1652716281.478711, sdrt-health/mac:02010b41cdec/antenna/tag/e2806894000050038662154f, 85
1652716281.518086, sdrt-health/mac:02010b41cdec/antenna/tag/e2806894000050038662194f, 83
1652716281.571535, sdrt-health/mac:02010b41cdec/antenna/tag/e2806894000050038662154f, 85
1652716281.572001, sdrt-health/mac:02010b41cdec/antenna/tag/e2806894000040038662114f, 88
1652716281.61537, sdrt-health/mac:02010b41cdec/antenna/tag/e2806894000050038662154f, 88
1652716281.672956, sdrt-health/mac:02010b41cdec/antenna/tag/e2806894000050038661fd4f, 86
1652716281.701528, sdrt-health/mac:02010b41cdec/antenna/tag/e2806894000050038662194f, 94
1652716281.701961, sdrt-health/mac:02010b41cdec/antenna/tag/e2806894000050038661fd4f, 86
1652716281.702193, sdrt-health/mac:02010b41cdec/antenna/tag/e2806894000050038662194f, 83
1652716281.717521, sdrt-health/mac:02010b41cdec/antenna/tag/e2806894000050038662154f, 88
1652716281.752445, sdrt-health/mac:02010b41cdec/antenna/tag/e2806894000050038662194f, 87
1652716281.812078, sdrt-health/mac:02010b41cdec/antenna/tag/e2806894000050038662194f, 87
1652716281.855675, sdrt-health/mac:02010b41cdec/antenna/tag/e28068940000400386621d4f, 96
1652716281.906367, sdrt-health/mac:02010b41cdec/antenna/tag/e28068940000400386621d4f, 77
1652716281.9074, sdrt-health/mac:02010b41cdec/antenna/tag/e2806894000050038661fd4f, 83
1652716281.986561, sdrt-health/mac:02010b41cdec/antenna/tag/e2806894000050038661fd4f, 90
1652716282.052481, sdrt-health/mac:02010b41cdec/antenna/tag/e28068940000400386621d4f, 96
1652716282.11216, sdrt-health/mac:02010b41cdec/antenna/tag/e2806894000050038661fd4f, 86
1652716282.112709, sdrt-health/mac:02010b41cdec/antenna/tag/e2806894000050038662154f, 91
1652716282.126527, sdrt-health/mac:02010b41cdec/antenna/tag/e2806894000050038662154f, 88
1652716282.172376, sdrt-health/mac:02010b41cdec/antenna/tag/e2806894000040038662114f, 91
1652716282.172861, sdrt-health/mac:02010b41cdec/antenna/tag/e2806894000050038662154f, 88
1652716282.185651, sdrt-health/mac:02010b41cdec/antenna/tag/e2806894000040038662114f, 83
1652716282.185869, sdrt-health/mac:02010b41cdec/antenna/tag/e2806894000040038662114f, 97
1652716282.186032, sdrt-health/mac:02010b41cdec/antenna/tag/e2806894000050038662194f, 87
1652716282.212049, sdrt-health/mac:02010b41cdec/antenna/tag/e2806894000050038662154f, 88
1652716282.241973, sdrt-health/mac:02010b41cdec/antenna/tag/e28068940000400386621d4f, 96
1652716282.242377, sdrt-health/mac:02010b41cdec/antenna/tag/e28068940000400386621d4f, 96
1652716282.256448, sdrt-health/mac:02010b41cdec/antenna/tag/e28068940000400386621d4f, 77
1652716282.307954, sdrt-health/mac:02010b41cdec/antenna/tag/e2806894000050038662194f, 83
1652716282.389422, sdrt-health/mac:02010b41cdec/antenna/tag/e28068940000400386621d4f, 96
1652716282.38988, sdrt-health/mac:02010b41cdec/antenna/tag/e2806894000050038662194f, 87
1652716282.409395, sdrt-health/mac:02010b41cdec/antenna/tag/e2806894000050038662154f, 88
1652716282.467907, sdrt-health/mac:02010b41cdec/antenna/tag/e2806894000050038662154f, 88
1652716282.531977, sdrt-health/mac:02010b41cdec/antenna/tag/e2806894000050038661fd4f, 83
1652716282.532492, sdrt-health/mac:02010b41cdec/antenna/tag/e2806894000050038662194f, 87
1652716282.566534, sdrt-health/mac:02010b41cdec/antenna/tag/e2806894000050038661fd4f, 97
1652716282.597707, sdrt-health/mac:02010b41cdec/antenna/tag/e2806894000050038662154f, 85
1652716282.597906, sdrt-health/mac:02010b41cdec/antenna/tag/e2806894000050038661fd4f, 83
1652716282.717395, sdrt-health/mac:02010b41cdec/antenna/tag/e2806894000050038662154f, 85
1652716282.777557, sdrt-health/mac:02010b41cdec/antenna/tag/e2806894000050038662154f, 91
1652716282.778063, sdrt-health/mac:02010b41cdec/antenna/tag/e2806894000040038662114f, 91
1652716282.778493, sdrt-health/mac:02010b41cdec/antenna/tag/e2806894000050038662154f, 91
1652716282.793211, sdrt-health/mac:02010b41cdec/antenna/tag/e2806894000040038662114f, 88
1652716282.814937, sdrt-health/mac:02010b41cdec/antenna/tag/e2806894000050038662194f, 87
1652716282.867081, sdrt-health/mac:02010b41cdec/antenna/tag/e28068940000400386621d4f, 96
1652716282.922968, sdrt-health/mac:02010b41cdec/antenna/tag/e2806894000040038662114f, 88
1652716282.923541, sdrt-health/mac:02010b41cdec/antenna/tag/e2806894000050038662154f, 91
1652716282.95497, sdrt-health/mac:02010b41cdec/antenna/tag/e2806894000050038661fd4f, 90
1652716283.01506, sdrt-health/mac:02010b41cdec/antenna/tag/e28068940000400386621d4f, 96
1652716283.107551, sdrt-health/mac:02010b41cdec/antenna/tag/e2806894000050038661fd4f, 90
1652716283.108041, sdrt-health/mac:02010b41cdec/antenna/tag/e28068940000400386621d4f, 90
1652716283.12174, sdrt-health/mac:02010b41cdec/antenna/tag/e2806894000050038661fd4f, 86
1652716283.12225, sdrt-health/mac:02010b41cdec/antenna/tag/e2806894000040038662114f, 91
1652716283.135698, sdrt-health/mac:02010b41cdec/antenna/tag/e2806894000040038662114f, 97
1652716283.226571, sdrt-health/mac:02010b41cdec/antenna/tag/e2806894000040038662114f, 91
1652716283.282657, sdrt-health/mac:02010b41cdec/antenna/tag/e2806894000050038662194f, 93
1652716283.283133, sdrt-health/mac:02010b41cdec/antenna/tag/e28068940000400386621d4f, 96
1652716283.301189, sdrt-health/mac:02010b41cdec/antenna/tag/e28068940000400386621d4f, 96
1652716283.30143, sdrt-health/mac:02010b41cdec/antenna/tag/e2806894000050038661fd4f, 83
1652716283.301589, sdrt-health/mac:02010b41cdec/antenna/tag/e28068940000400386621d4f, 96
1652716283.34149, sdrt-health/mac:02010b41cdec/antenna/tag/e28068940000400386621d4f, 96
1652716283.414876, sdrt-health/mac:02010b41cdec/antenna/tag/e2806894000050038661fd4f, 86
1652716283.41544, sdrt-health/mac:02010b41cdec/antenna/tag/e2806894000050038661fd4f, 86
1652716283.415819, sdrt-health/mac:02010b41cdec/antenna/tag/e2806894000040038662114f, 88
1652716283.428996, sdrt-health/mac:02010b41cdec/antenna/tag/e2806894000050038661fd4f, 86
1652716283.448569, sdrt-health/mac:02010b41cdec/antenna/tag/e28068940000400386621d4f, 77
1652716283.531695, sdrt-health/mac:02010b41cdec/antenna/tag/e2806894000040038662114f, 88
1652716283.531965, sdrt-health/mac:02010b41cdec/antenna/tag/e2806894000050038662194f, 87
1652716283.54602, sdrt-health/mac:02010b41cdec/antenna/tag/e28068940000400386621d4f, 77
1652716283.604538, sdrt-health/mac:02010b41cdec/antenna/tag/e2806894000040038662114f, 88
1652716283.646465, sdrt-health/mac:02010b41cdec/antenna/tag/e2806894000050038662194f, 83
1652716283.704578, sdrt-health/mac:02010b41cdec/antenna/tag/e2806894000050038662194f, 94
1652716283.735539, sdrt-health/mac:02010b41cdec/antenna/tag/e2806894000050038661fd4f, 86
1652716283.735869, sdrt-health/mac:02010b41cdec/antenna/tag/e2806894000050038662154f, 88
1652716283.754263, sdrt-health/mac:02010b41cdec/antenna/tag/e2806894000040038662114f, 91
1652716283.845613, sdrt-health/mac:02010b41cdec/antenna/tag/e28068940000400386621d4f, 96
1652716283.914492, sdrt-health/mac:02010b41cdec/antenna/tag/e2806894000050038661fd4f, 86
1652716283.943353, sdrt-health/mac:02010b41cdec/antenna/tag/e2806894000050038662154f, 91
1652716283.943844, sdrt-health/mac:02010b41cdec/antenna/tag/e2806894000040038662114f, 88
1652716283.944223, sdrt-health/mac:02010b41cdec/antenna/tag/e2806894000050038661fd4f, 83
1652716283.961064, sdrt-health/mac:02010b41cdec/antenna/tag/e2806894000050038662194f, 94
1652716283.990481, sdrt-health/mac:02010b41cdec/antenna/tag/e2806894000050038662154f, 91
1652716283.990866, sdrt-health/mac:02010b41cdec/antenna/tag/e28068940000400386621d4f, 96
1652716284.005206, sdrt-health/mac:02010b41cdec/antenna/tag/e2806894000050038662154f, 91
1652716284.062411, sdrt-health/mac:02010b41cdec/antenna/tag/e2806894000050038661fd4f, 90
1652716284.062845, sdrt-health/mac:02010b41cdec/antenna/tag/e2806894000050038662154f, 91
1652716284.080816, sdrt-health/mac:02010b41cdec/antenna/tag/e28068940000400386621d4f, 96
1652716284.143814, sdrt-health/mac:02010b41cdec/antenna/tag/e2806894000050038662154f, 91
1652716284.219335, sdrt-health/mac:02010b41cdec/antenna/tag/e2806894000050038661fd4f, 86
1652716284.280311, sdrt-health/mac:02010b41cdec/antenna/tag/e28068940000400386621d4f, 96
1652716284.309598, sdrt-health/mac:02010b41cdec/antenna/tag/e2806894000050038662154f, 91
1652716284.310227, sdrt-health/mac:02010b41cdec/antenna/tag/e2806894000040038662114f, 88
1652716284.310906, sdrt-health/mac:02010b41cdec/antenna/tag/e28068940000400386621d4f, 96
1652716284.344653, sdrt-health/mac:02010b41cdec/antenna/tag/e2806894000040038662114f, 91
1652716284.404424, sdrt-health/mac:02010b41cdec/antenna/tag/e2806894000040038662114f, 91
1652716284.404862, sdrt-health/mac:02010b41cdec/antenna/tag/e28068940000500386620d4f, 88
1652716284.419262, sdrt-health/mac:02010b41cdec/antenna/tag/e2806894000040038662214f, 94
1652716284.463385, sdrt-health/mac:02010b41cdec/antenna/tag/e2806894000050038662154f, 85
1652716284.463853, sdrt-health/mac:02010b41cdec/antenna/tag/e2806894000040038662114f, 88
1652716284.477782, sdrt-health/mac:02010b41cdec/antenna/tag/e2806894000040038661f94f, 88
1652716284.518153, sdrt-health/mac:02010b41cdec/antenna/tag/e2806894000050038661fd4f, 86
1652716284.548824, sdrt-health/mac:02010b41cdec/antenna/tag/e28068940000400386621d4f, 96
1652716284.549108, sdrt-health/mac:02010b41cdec/antenna/tag/e2806894000050038662154f, 91
1652716284.549289, sdrt-health/mac:02010b41cdec/antenna/tag/e2806894000050038661fd4f, 86
1652716284.549446, sdrt-health/mac:02010b41cdec/antenna/tag/e28068940000400386621d4f, 96
1652716284.565715, sdrt-health/mac:02010b41cdec/antenna/tag/e28068940000400386621d4f, 96
1652716284.628658, sdrt-health/mac:02010b41cdec/antenna/tag/e2806894000050038661fd4f, 86
1652716284.629161, sdrt-health/mac:02010b41cdec/antenna/tag/e2806894000050038662194f, 87
1652716284.655568, sdrt-health/mac:02010b41cdec/antenna/tag/e2806894000040038662114f, 97
1652716284.704426, sdrt-health/mac:02010b41cdec/antenna/tag/e28068940000400386621d4f, 90
1652716284.787876, sdrt-health/mac:02010b41cdec/antenna/tag/e28068940000400386621d4f, 96
1652716284.860628, sdrt-health/mac:02010b41cdec/antenna/tag/e2806894000050038662194f, 87
1652716284.861099, sdrt-health/mac:02010b41cdec/antenna/tag/e2806894000040038662114f, 97
1652716284.879103, sdrt-health/mac:02010b41cdec/antenna/tag/e2806894000050038662194f, 83
1652716284.879452, sdrt-health/mac:02010b41cdec/antenna/tag/e2806894000040038662214f, 81
1652716284.918119, sdrt-health/mac:02010b41cdec/antenna/tag/e2806894000040038662114f, 88
1652716284.973812, sdrt-health/mac:02010b41cdec/antenna/tag/e28068940000400386621d4f, 77
1652716285.031289, sdrt-health/mac:02010b41cdec/antenna/tag/e2806894000050038661fd4f, 86
1652716285.031795, sdrt-health/mac:02010b41cdec/antenna/tag/e2806894000050038662194f, 87
1652716285.047964, sdrt-health/mac:02010b41cdec/antenna/tag/e2806894000040038662114f, 88
1652716285.054569, sdrt-health/mac:02010b41cdec/antenna/tag/e28068940000400386621d4f, 77
1652716285.105554, sdrt-health/mac:02010b41cdec/antenna/tag/e2806894000050038661fd4f, 86
1652716285.147365, sdrt-health/mac:02010b41cdec/antenna/tag/e2806894000040038662114f, 88
1652716285.189765, sdrt-health/mac:02010b41cdec/antenna/tag/e2806894000050038662194f, 83
1652716285.238208, sdrt-health/mac:02010b41cdec/antenna/tag/e2806894000050038662154f, 91
1652716285.238572, sdrt-health/mac:02010b41cdec/antenna/tag/e2806894000040038662214f, 83
1652716285.27385, sdrt-health/mac:02010b41cdec/antenna/tag/e28068940000400386621d4f, 77
1652716285.335572, sdrt-health/mac:02010b41cdec/antenna/tag/e2806894000040038662114f, 88
1652716285.336041, sdrt-health/mac:02010b41cdec/antenna/tag/e2806894000040038662214f, 81
1652716285.400572, sdrt-health/mac:02010b41cdec/antenna/tag/e2806894000050038662154f, 85
1652716285.401622, sdrt-health/mac:02010b41cdec/antenna/tag/e28068940000400386621d4f, 96
1652716285.462243, sdrt-health/mac:02010b41cdec/antenna/tag/e2806894000040038662114f, 88
1652716285.497138, sdrt-health/mac:02010b41cdec/antenna/tag/e2806894000040038662114f, 88
1652716285.497654, sdrt-health/mac:02010b41cdec/antenna/tag/e2806894000050038661fd4f, 86
1652716285.498155, sdrt-health/mac:02010b41cdec/antenna/tag/e2806894000050038662154f, 91
1652716285.524415, sdrt-health/mac:02010b41cdec/antenna/tag/e2806894000050038662194f, 81
1652716285.524726, sdrt-health/mac:02010b41cdec/antenna/tag/e2806894000050038662194f, 81
1652716285.546493, sdrt-health/mac:02010b41cdec/antenna/tag/e2806894000050038662194f, 81
1652716285.586773, sdrt-health/mac:02010b41cdec/antenna/tag/e2806894000050038661fd4f, 90
1652716285.65935, sdrt-health/mac:02010b41cdec/antenna/tag/e28068940000400386621d4f, 90
1652716285.65993, sdrt-health/mac:02010b41cdec/antenna/tag/e28068940000400386621d4f, 96
1652716285.705145, sdrt-health/mac:02010b41cdec/antenna/tag/e2806894000050038662154f, 91
1652716285.762011, sdrt-health/mac:02010b41cdec/antenna/tag/e2806894000040038662114f, 88
1652716285.76252, sdrt-health/mac:02010b41cdec/antenna/tag/e2806894000050038662154f, 85
1652716285.798085, sdrt-health/mac:02010b41cdec/antenna/tag/e2806894000040038662114f, 88
1652716285.860903, sdrt-health/mac:02010b41cdec/antenna/tag/e28068940000400386621d4f, 77
1652716285.861401, sdrt-health/mac:02010b41cdec/antenna/tag/e2806894000050038662194f, 87
1652716285.873956, sdrt-health/mac:02010b41cdec/antenna/tag/e2806894000040038662114f, 88
1652716285.874488, sdrt-health/mac:02010b41cdec/antenna/tag/e2806894000050038662154f, 85
1652716285.886564, sdrt-health/mac:02010b41cdec/antenna/tag/e2806894000050038662154f, 91
1652716285.946838, sdrt-health/mac:02010b41cdec/antenna/tag/e2806894000050038661fd4f, 90
1652716285.985592, sdrt-health/mac:02010b41cdec/antenna/tag/e2806894000050038661fd4f, 90
1652716286.042803, sdrt-health/mac:02010b41cdec/antenna/tag/e2806894000040038662114f, 91
1652716286.043329, sdrt-health/mac:02010b41cdec/antenna/tag/e2806894000040038662114f, 91
1652716286.0935, sdrt-health/mac:02010b41cdec/antenna/tag/e2806894000050038661fd4f, 86
1652716286.124763, sdrt-health/mac:02010b41cdec/antenna/tag/e2806894000050038661fd4f, 83
1652716286.125049, sdrt-health/mac:02010b41cdec/antenna/tag/e2806894000040038662114f, 91
1652716286.139476, sdrt-health/mac:02010b41cdec/antenna/tag/e2806894000050038662194f, 83
1652716286.186347, sdrt-health/mac:02010b41cdec/antenna/tag/e2806894000040038662214f, 82
1652716286.213981, sdrt-health/mac:02010b41cdec/antenna/tag/e28068940000400386621d4f, 77
1652716286.214368, sdrt-health/mac:02010b41cdec/antenna/tag/e2806894000050038662154f, 88
1652716286.245248, sdrt-health/mac:02010b41cdec/antenna/tag/e2806894000050038662194f, 81
1652716286.296614, sdrt-health/mac:02010b41cdec/antenna/tag/e2806894000040038661f94f, 88
1652716286.335653, sdrt-health/mac:02010b41cdec/antenna/tag/e2806894000050038662194f, 81
1652716286.385852, sdrt-health/mac:02010b41cdec/antenna/tag/e2806894000050038662194f, 83
1652716286.442897, sdrt-health/mac:02010b41cdec/antenna/tag/e2806894000050038662154f, 88
1652716286.443863, sdrt-health/mac:02010b41cdec/antenna/tag/e28068940000400386621d4f, 96
1652716286.487942, sdrt-health/mac:02010b41cdec/antenna/tag/e2806894000050038661fd4f, 83
1652716286.488419, sdrt-health/mac:02010b41cdec/antenna/tag/e2806894000050038662154f, 91
1652716286.575963, sdrt-health/mac:02010b41cdec/antenna/tag/e2806894000050038662194f, 81
1652716286.63716, sdrt-health/mac:02010b41cdec/antenna/tag/e28068940000400386621d4f, 96
1652716286.6809, sdrt-health/mac:02010b41cdec/antenna/tag/e2806894000050038661fd4f, 86
1652716286.729178, sdrt-health/mac:02010b41cdec/antenna/tag/e2806894000050038662154f, 88
1652716286.799712, sdrt-health/mac:02010b41cdec/antenna/tag/e2806894000050038662194f, 87
1652716286.800251, sdrt-health/mac:02010b41cdec/antenna/tag/e2806894000050038661fd4f, 86
1652716286.82558, sdrt-health/mac:02010b41cdec/antenna/tag/e2806894000050038661fd4f, 97
1652716286.888066, sdrt-health/mac:02010b41cdec/antenna/tag/e2806894000050038662194f, 83
1652716286.888589, sdrt-health/mac:02010b41cdec/antenna/tag/e2806894000050038661fd4f, 83
1652716286.903093, sdrt-health/mac:02010b41cdec/antenna/tag/e28068940000400386621d4f, 96
1652716286.91817, sdrt-health/mac:02010b41cdec/antenna/tag/e28068940000400386621d4f, 96
1652716286.967538, sdrt-health/mac:02010b41cdec/antenna/tag/e2806894000040038662114f, 91
1652716287.056139, sdrt-health/mac:02010b41cdec/antenna/tag/e2806894000050038662194f, 85
1652716287.056668, sdrt-health/mac:02010b41cdec/antenna/tag/e2806894000050038662194f, 93
1652716287.085189, sdrt-health/mac:02010b41cdec/antenna/tag/e28068940000400386621d4f, 90
1652716287.085365, sdrt-health/mac:02010b41cdec/antenna/tag/e28068940000400386621d4f, 96
1652716287.08551, sdrt-health/mac:02010b41cdec/antenna/tag/e2806894000050038661fd4f, 86
1652716287.127136, sdrt-health/mac:02010b41cdec/antenna/tag/e2806894000050038662154f, 91
1652716287.155808, sdrt-health/mac:02010b41cdec/antenna/tag/e2806894000050038662154f, 88
1652716287.156048, sdrt-health/mac:02010b41cdec/antenna/tag/e2806894000040038662114f, 88
1652716287.156227, sdrt-health/mac:02010b41cdec/antenna/tag/e2806894000040038662114f, 91
1652716287.196142, sdrt-health/mac:02010b41cdec/antenna/tag/e2806894000040038662114f, 88
1652716287.264355, sdrt-health/mac:02010b41cdec/antenna/tag/e2806894000050038662154f, 88
1652716287.334034, sdrt-health/mac:02010b41cdec/antenna/tag/e2806894000040038662114f, 88
1652716287.334618, sdrt-health/mac:02010b41cdec/antenna/tag/e28068940000400386621d4f, 96
1652716287.370071, sdrt-health/mac:02010b41cdec/antenna/tag/e28068940000400386621d4f, 90
1652716287.397367, sdrt-health/mac:02010b41cdec/antenna/tag/e2806894000050038662194f, 87
1652716287.397714, sdrt-health/mac:02010b41cdec/antenna/tag/e28068940000400386621d4f, 96
1652716287.398001, sdrt-health/mac:02010b41cdec/antenna/tag/e28068940000400386621d4f, 96
1652716287.398274, sdrt-health/mac:02010b41cdec/antenna/tag/e2806894000040038662114f, 88
1652716287.43506, sdrt-health/mac:02010b41cdec/antenna/tag/e2806894000050038661fd4f, 83
1652716287.482921, sdrt-health/mac:02010b41cdec/antenna/tag/e2806894000050038662154f, 85
1652716287.511748, sdrt-health/mac:02010b41cdec/antenna/tag/e28068940000400386621d4f, 77
1652716287.512501, sdrt-health/mac:02010b41cdec/antenna/tag/e2806894000040038662214f, 83
1652716287.51283, sdrt-health/mac:02010b41cdec/antenna/tag/e2806894000050038662194f, 81
1652716287.534934, sdrt-health/mac:02010b41cdec/antenna/tag/e2806894000050038661fd4f, 83
1652716287.587857, sdrt-health/mac:02010b41cdec/antenna/tag/e2806894000050038662194f, 87
1652716287.642536, sdrt-health/mac:02010b41cdec/antenna/tag/e2806894000050038661fd4f, 97
1652716287.712859, sdrt-health/mac:02010b41cdec/antenna/tag/e2806894000050038661fd4f, 83
1652716287.713334, sdrt-health/mac:02010b41cdec/antenna/tag/e2806894000040038662114f, 85
1652716287.72788, sdrt-health/mac:02010b41cdec/antenna/tag/e2806894000050038661fd4f, 83
1652716287.746621, sdrt-health/mac:02010b41cdec/antenna/tag/e2806894000050038662154f, 85
1652716287.775986, sdrt-health/mac:02010b41cdec/antenna/tag/e2806894000050038662194f, 81
1652716287.776282, sdrt-health/mac:02010b41cdec/antenna/tag/e2806894000040038662214f, 84
1652716287.798438, sdrt-health/mac:02010b41cdec/antenna/tag/e28068940000400386621d4f, 77
1652716287.84646, sdrt-health/mac:02010b41cdec/antenna/tag/e28068940000400386621d4f, 96
1652716287.898719, sdrt-health/mac:02010b41cdec/antenna/tag/e2806894000050038662154f, 97
1652716287.958062, sdrt-health/mac:02010b41cdec/antenna/tag/e2806894000050038662194f, 93
1652716287.958528, sdrt-health/mac:02010b41cdec/antenna/tag/e2806894000050038662194f, 83
1652716287.985528, sdrt-health/mac:02010b41cdec/antenna/tag/e2806894000040038662114f, 88
1652716287.986538, sdrt-health/mac:02010b41cdec/antenna/tag/e2806894000050038661fd4f, 97
1652716288.000232, sdrt-health/mac:02010b41cdec/antenna/tag/e28068940000400386621d4f, 77
1652716288.03094, sdrt-health/mac:02010b41cdec/antenna/tag/e2806894000050038662194f, 83
1652716288.105561, sdrt-health/mac:02010b41cdec/antenna/tag/e2806894000050038661fd4f, 83
1652716288.106069, sdrt-health/mac:02010b41cdec/antenna/tag/e2806894000040038662114f, 85
1652716288.120315, sdrt-health/mac:02010b41cdec/antenna/tag/e28068940000400386621d4f, 77
1652716288.135189, sdrt-health/mac:02010b41cdec/antenna/tag/e28068940000400386621d4f, 90
1652716288.224277, sdrt-health/mac:02010b41cdec/antenna/tag/e2806894000050038662194f, 81
1652716288.224788, sdrt-health/mac:02010b41cdec/antenna/tag/e28068940000400386621d4f, 96
1652716288.280949, sdrt-health/mac:02010b41cdec/antenna/tag/e28068940000400386621d4f, 90
1652716288.328729, sdrt-health/mac:02010b41cdec/antenna/tag/e28068940000400386621d4f, 90
1652716288.375386, sdrt-health/mac:02010b41cdec/antenna/tag/e2806894000050038662194f, 83
1652716288.427399, sdrt-health/mac:02010b41cdec/antenna/tag/e2806894000040038662114f, 88
1652716288.428297, sdrt-health/mac:02010b41cdec/antenna/tag/e2806894000050038661fd4f, 97
1652716288.442594, sdrt-health/mac:02010b41cdec/antenna/tag/e2806894000040038662114f, 88
1652716288.465679, sdrt-health/mac:02010b41cdec/antenna/tag/e2806894000050038662154f, 85
1652716288.536419, sdrt-health/mac:02010b41cdec/antenna/tag/e28068940000400386621d4f, 90
1652716288.577763, sdrt-health/mac:02010b41cdec/antenna/tag/e2806894000050038661fd4f, 90
1652716288.633059, sdrt-health/mac:02010b41cdec/antenna/tag/e2806894000050038662154f, 91
1652716288.633567, sdrt-health/mac:02010b41cdec/antenna/tag/e2806894000050038662194f, 81
1652716288.633909, sdrt-health/mac:02010b41cdec/antenna/tag/e2806894000050038662194f, 81
1652716288.655443, sdrt-health/mac:02010b41cdec/antenna/tag/e2806894000050038662194f, 83
1652716288.715179, sdrt-health/mac:02010b41cdec/antenna/tag/e2806894000050038662154f, 88
1652716288.812879, sdrt-health/mac:02010b41cdec/antenna/tag/e2806894000050038662154f, 85
1652716288.841158, sdrt-health/mac:02010b41cdec/antenna/tag/e28068940000400386621d4f, 77
1652716288.841617, sdrt-health/mac:02010b41cdec/antenna/tag/e2806894000040038662114f, 91
1652716288.84205, sdrt-health/mac:02010b41cdec/antenna/tag/e2806894000050038662194f, 87
1652716288.865641, sdrt-health/mac:02010b41cdec/antenna/tag/e2806894000050038661fd4f, 97
1652716288.894485, sdrt-health/mac:02010b41cdec/antenna/tag/e2806894000040038662114f, 88
1652716288.894918, sdrt-health/mac:02010b41cdec/antenna/tag/e2806894000050038662194f, 93
1652716288.931994, sdrt-health/mac:02010b41cdec/antenna/tag/e2806894000040038662114f, 91
1652716288.961226, sdrt-health/mac:02010b41cdec/antenna/tag/e2806894000050038662194f, 81
1652716288.961471, sdrt-health/mac:02010b41cdec/antenna/tag/e2806894000050038662154f, 85
1652716288.961672, sdrt-health/mac:02010b41cdec/antenna/tag/e2806894000050038661fd4f, 83
1652716288.998859, sdrt-health/mac:02010b41cdec/antenna/tag/e28068940000400386621d4f, 96
1652716289.026879, sdrt-health/mac:02010b41cdec/antenna/tag/e2806894000050038662194f, 81
1652716289.027374, sdrt-health/mac:02010b41cdec/antenna/tag/e2806894000040038662114f, 91
1652716289.046313, sdrt-health/mac:02010b41cdec/antenna/tag/e2806894000050038662154f, 85
1652716289.123506, sdrt-health/mac:02010b41cdec/antenna/tag/e2806894000040038662114f, 88
1652716289.123994, sdrt-health/mac:02010b41cdec/antenna/tag/e28068940000400386621d4f, 77
1652716289.138192, sdrt-health/mac:02010b41cdec/antenna/tag/e2806894000050038661fd4f, 83
1652716289.146188, sdrt-health/mac:02010b41cdec/antenna/tag/e28068940000400386621d4f, 96
1652716289.15347, sdrt-health/mac:02010b41cdec/antenna/tag/e2806894000050038661fd4f, 83
1652716289.15369, sdrt-health/mac:02010b41cdec/antenna/tag/e2806894000040038662114f, 91
1652716289.197225, sdrt-health/mac:02010b41cdec/antenna/tag/e2806894000050038662154f, 91
1652716289.263322, sdrt-health/mac:02010b41cdec/antenna/tag/e28068940000400386621d4f, 96
1652716289.337594, sdrt-health/mac:02010b41cdec/antenna/tag/e2806894000040038662114f, 85
1652716289.338206, sdrt-health/mac:02010b41cdec/antenna/tag/e2806894000050038662194f, 83
1652716289.352286, sdrt-health/mac:02010b41cdec/antenna/tag/e28068940000400386621d4f, 96
1652716289.352517, sdrt-health/mac:02010b41cdec/antenna/tag/e2806894000040038662114f, 88
1652716289.352696, sdrt-health/mac:02010b41cdec/antenna/tag/e2806894000050038662194f, 94
1652716289.368765, sdrt-health/mac:02010b41cdec/antenna/tag/e2806894000050038661fd4f, 83
1652716289.450997, sdrt-health/mac:02010b41cdec/antenna/tag/e2806894000050038662194f, 83
1652716289.451233, sdrt-health/mac:02010b41cdec/antenna/tag/e2806894000050038661fd4f, 86
1652716289.486791, sdrt-health/mac:02010b41cdec/antenna/tag/e2806894000040038662114f, 91
1652716289.515965, sdrt-health/mac:02010b41cdec/antenna/tag/e2806894000050038661fd4f, 90
1652716289.516583, sdrt-health/mac:02010b41cdec/antenna/tag/e2806894000050038662194f, 81
1652716289.558034, sdrt-health/mac:02010b41cdec/antenna/tag/e2806894000050038662194f, 87
1652716289.613133, sdrt-health/mac:02010b41cdec/antenna/tag/e2806894000040038662114f, 91
1652716289.681788, sdrt-health/mac:02010b41cdec/antenna/tag/e2806894000050038661fd4f, 86
1652716289.73802, sdrt-health/mac:02010b41cdec/antenna/tag/e2806894000040038662114f, 91
1652716289.738488, sdrt-health/mac:02010b41cdec/antenna/tag/e2806894000050038662194f, 93
1652716289.738898, sdrt-health/mac:02010b41cdec/antenna/tag/e2806894000050038661fd4f, 83
1652716289.783606, sdrt-health/mac:02010b41cdec/antenna/tag/e28068940000400386621d4f, 90
1652716289.841873, sdrt-health/mac:02010b41cdec/antenna/tag/e28068940000400386621d4f, 96
1652716289.842483, sdrt-health/mac:02010b41cdec/antenna/tag/e2806894000050038661fd4f, 86
1652716289.856941, sdrt-health/mac:02010b41cdec/antenna/tag/e2806894000050038661fd4f, 83
1652716289.886746, sdrt-health/mac:02010b41cdec/antenna/tag/e28068940000400386621d4f, 96
1652716289.938586, sdrt-health/mac:02010b41cdec/antenna/tag/e28068940000400386621d4f, 96
1652716289.939128, sdrt-health/mac:02010b41cdec/antenna/tag/e2806894000040038662114f, 88
1652716289.975772, sdrt-health/mac:02010b41cdec/antenna/tag/e2806894000050038662154f, 85
1652716290.015136, sdrt-health/mac:02010b41cdec/antenna/tag/e2806894000050038662154f, 85
1652716290.055465, sdrt-health/mac:02010b41cdec/antenna/tag/e2806894000050038662154f, 97
1652716290.135431, sdrt-health/mac:02010b41cdec/antenna/tag/e2806894000050038662194f, 94
1652716290.438585, sdrt-health/mac:02010b41cdec/antenna/tag/e28068940000400386621d4f, 96
1652716290.43903, sdrt-health/mac:02010b41cdec/antenna/tag/e2806894000050038661fd4f, 83
1652716290.453099, sdrt-health/mac:02010b41cdec/antenna/tag/scan, scan stopped
