1652716367.613593, sdrt-health/mac:02010b41cdec/antenna/power/set, {"power": 300}
1652716368.694782, sdrt-health/mac:02010b41cdec/antenna/power/set, 
1652716370.787402, sdrt-health/mac:02010b41cdec/antenna/state, connected
1652716370.787955, sdrt-health/mac:02010b41cdec/fw, {"version":"1.8.1","model":"200","hash":"2f556501b58f1dad542af428d7928d18","timestamp":1652716367}
1652716370.974791, sdrt-health/mac:02010b41cdec/antenna/version, J.6.6/V0121-04
1652716371.192661, sdrt-health/mac:02010b41cdec/antenna/power, 30
1652716372.634954, sdrt-health/mac:02010b41cdec/antenna/tag/scan, {"time": 20000}
1652716372.965312, sdrt-health/mac:02010b41cdec/antenna/tag/e28068940000400386621d4f, 96
1652716373.045689, sdrt-health/mac:02010b41cdec/antenna/tag/e2806894000050038661fd4f, 86
1652716373.105433, sdrt-health/mac:02010b41cdec/antenna/tag/e2806894000050038662154f, 91
1652716373.145343, sdrt-health/mac:02010b41cdec/antenna/tag/e2806894000050038662014f, 88
1652716373.185126, sdrt-health/mac:02010b41cdec/antenna/tag/e2806894000040038662114f, 91
1652716373.226079, sdrt-health/mac:02010b41cdec/antenna/tag/e2806894000050038661fd4f, 90
1652716373.301475, sdrt-health/mac:02010b41cdec/antenna/tag/e2806894000040038662114f, 91
1652716373.301996, sdrt-health/mac:02010b41cdec/antenna/tag/e28068940000500386620d4f, 82
1652716373.346304, sdrt-health/mac:02010b41cdec/antenna/tag/e2806894000050038661fd4f, 90
1652716373.375093, sdrt-health/mac:02010b41cdec/antenna/tag/e2806894000050038662194f, 87
1652716373.375516, sdrt-health/mac:02010b41cdec/antenna/tag/e2806894000050038662154f, 88
1652716373.375698, sdrt-health/mac:02010b41cdec/antenna/tag/e2806894000040038662054f, 81
1652716373.390115, sdrt-health/mac:02010b41cdec/antenna/tag/e2806894000040038662214f, 94
1652716373.44142, sdrt-health/mac:02010b41cdec/antenna/tag/e2806894000050038661fd4f, 83
1652716373.510908, sdrt-health/mac:02010b41cdec/antenna/tag/e2806894000050038662194f, 83
1652716373.511476, sdrt-health/mac:02010b41cdec/antenna/tag/e2806894000040038662214f, 94
1652716373.525004, sdrt-health/mac:02010b41cdec/antenna/tag/e2806894000050038661fd4f, 97
1652716373.525542, sdrt-health/mac:02010b41cdec/antenna/tag/e28068940000400386621d4f, 77
1652716373.559705, sdrt-health/mac:02010b41cdec/antenna/tag/e2806894000050038662194f, 93
1652716373.627648, sdrt-health/mac:02010b41cdec/antenna/tag/e28068940000400386621d4f, 96
1652716373.628203, sdrt-health/mac:02010b41cdec/antenna/tag/e2806894000050038661fd4f, 86
1652716373.642266, sdrt-health/mac:02010b41cdec/antenna/tag/e28068940000400386621d4f, 96
1652716373.665237, sdrt-health/mac:02010b41cdec/antenna/tag/e2806894000050038662194f, 85
1652716373.74509, sdrt-health/mac:02010b41cdec/antenna/tag/e2806894000040038661f94f, 83
1652716373.74645, sdrt-health/mac:02010b41cdec/antenna/tag/e2806894000050038662194f, 81
1652716373.759021, sdrt-health/mac:02010b41cdec/antenna/tag/e2806894000050038661fd4f, 86
1652716373.759671, sdrt-health/mac:02010b41cdec/antenna/tag/e2806894000050038662194f, 84
1652716373.775986, sdrt-health/mac:02010b41cdec/antenna/tag/e2806894000040038661f94f, 82
1652716374.038744, sdrt-health/mac:02010b41cdec/antenna/tag/e2806894000040038661f94f, 84
1652716374.067641, sdrt-health/mac:02010b41cdec/antenna/tag/e2806894000050038662154f, 88
1652716374.067919, sdrt-health/mac:02010b41cdec/antenna/tag/e2806894000050038662194f, 85
1652716374.068097, sdrt-health/mac:02010b41cdec/antenna/tag/e28068940000400386621d4f, 77
1652716374.144524, sdrt-health/mac:02010b41cdec/antenna/tag/e2806894000040038661f94f, 88
1652716374.174797, sdrt-health/mac:02010b41cdec/antenna/tag/e2806894000050038661fd4f, 83
1652716374.175144, sdrt-health/mac:02010b41cdec/antenna/tag/e28068940000400386621d4f, 96
1652716374.175396, sdrt-health/mac:02010b41cdec/antenna/tag/e2806894000050038662154f, 91
1652716374.175646, sdrt-health/mac:02010b41cdec/antenna/tag/e2806894000050038661fd4f, 83
1652716374.175907, sdrt-health/mac:02010b41cdec/antenna/tag/e2806894000040038662114f, 91
1652716374.176258, sdrt-health/mac:02010b41cdec/antenna/tag/e2806894000050038662194f, 85
1652716374.176682, sdrt-health/mac:02010b41cdec/antenna/tag/e2806894000050038661fd4f, 83
1652716374.177143, sdrt-health/mac:02010b41cdec/antenna/tag/e2806894000040038662214f, 83
1652716374.177562, sdrt-health/mac:02010b41cdec/antenna/tag/e2806894000050038662194f, 81
1652716374.214579, sdrt-health/mac:02010b41cdec/antenna/tag/e2806894000050038662194f, 94
1652716374.453595, sdrt-health/mac:02010b41cdec/antenna/tag/e2806894000050038661fd4f, 83
1652716375.31542, sdrt-health/mac:02010b41cdec/antenna/tag/e2806894000040038662114f, 88
1652716375.346762, sdrt-health/mac:02010b41cdec/antenna/tag/e2806894000040038662214f, 81
1652716375.347495, sdrt-health/mac:02010b41cdec/antenna/tag/e2806894000050038662194f, 83
1652716375.347821, sdrt-health/mac:02010b41cdec/antenna/tag/e2806894000050038661fd4f, 83
1652716375.348089, sdrt-health/mac:02010b41cdec/antenna/tag/e2806894000040038662054f, 84
1652716375.348354, sdrt-health/mac:02010b41cdec/antenna/tag/e2806894000040038662114f, 91
1652716375.348654, sdrt-health/mac:02010b41cdec/antenna/tag/e2806894000050038662194f, 83
1652716375.348918, sdrt-health/mac:02010b41cdec/antenna/tag/e2806894000040038661f94f, 84
1652716375.349206, sdrt-health/mac:02010b41cdec/antenna/tag/e2806894000050038662154f, 88
1652716375.349569, sdrt-health/mac:02010b41cdec/antenna/tag/e2806894000050038662194f, 83
1652716375.350096, sdrt-health/mac:02010b41cdec/antenna/tag/e2806894000050038661fd4f, 83
1652716375.350489, sdrt-health/mac:02010b41cdec/antenna/tag/e2806894000040038662114f, 91
1652716375.350816, sdrt-health/mac:02010b41cdec/antenna/tag/e28068940000400386621d4f, 77
1652716375.351037, sdrt-health/mac:02010b41cdec/antenna/tag/e2806894000050038662154f, 88
1652716375.351261, sdrt-health/mac:02010b41cdec/antenna/tag/e2806894000050038662194f, 83
1652716375.35144, sdrt-health/mac:02010b41cdec/antenna/tag/e2806894000050038661fd4f, 86
1652716375.351606, sdrt-health/mac:02010b41cdec/antenna/tag/e2806894000040038662054f, 94
1652716375.351868, sdrt-health/mac:02010b41cdec/antenna/tag/e28068940000400386621d4f, 96
1652716375.352054, sdrt-health/mac:02010b41cdec/antenna/tag/e2806894000050038662154f, 88
1652716375.360524, sdrt-health/mac:02010b41cdec/antenna/tag/e2806894000050038661fd4f, 86
1652716375.410852, sdrt-health/mac:02010b41cdec/antenna/tag/e2806894000040038662114f, 91
1652716375.441721, sdrt-health/mac:02010b41cdec/antenna/tag/e28068940000400386621d4f, 96
1652716375.442223, sdrt-health/mac:02010b41cdec/antenna/tag/e2806894000050038662154f, 88
1652716375.442679, sdrt-health/mac:02010b41cdec/antenna/tag/e2806894000050038662154f, 91
1652716375.443002, sdrt-health/mac:02010b41cdec/antenna/tag/e2806894000050038661fd4f, 86
1652716375.443362, sdrt-health/mac:02010b41cdec/antenna/tag/e2806894000050038662194f, 87
1652716375.443697, sdrt-health/mac:02010b41cdec/antenna/tag/e2806894000050038661fd4f, 83
1652716375.444052, sdrt-health/mac:02010b41cdec/antenna/tag/e2806894000040038662214f, 82
1652716375.444418, sdrt-health/mac:02010b41cdec/antenna/tag/e2806894000050038662154f, 85
1652716375.444687, sdrt-health/mac:02010b41cdec/antenna/tag/e2806894000040038661f94f, 88
1652716375.444979, sdrt-health/mac:02010b41cdec/antenna/tag/e28068940000400386621d4f, 96
1652716375.445346, sdrt-health/mac:02010b41cdec/antenna/tag/e2806894000050038662194f, 81
1652716375.445671, sdrt-health/mac:02010b41cdec/antenna/tag/e2806894000050038661fd4f, 90
1652716375.445957, sdrt-health/mac:02010b41cdec/antenna/tag/e2806894000050038662194f, 83
1652716375.44627, sdrt-health/mac:02010b41cdec/antenna/tag/e2806894000040038662114f, 97
1652716375.44653, sdrt-health/mac:02010b41cdec/antenna/tag/e2806894000050038662194f, 83
1652716375.446779, sdrt-health/mac:02010b41cdec/antenna/tag/e2806894000050038662154f, 88
1652716375.447013, sdrt-health/mac:02010b41cdec/antenna/tag/e2806894000050038662194f, 87
1652716375.447273, sdrt-health/mac:02010b41cdec/antenna/tag/e28068940000400386621d4f, 96
1652716375.466478, sdrt-health/mac:02010b41cdec/antenna/tag/e28068940000400386621d4f, 96
1652716375.466705, sdrt-health/mac:02010b41cdec/antenna/tag/e2806894000040038662214f, 110
1652716375.481807, sdrt-health/mac:02010b41cdec/antenna/tag/e28068940000400386621d4f, 77
1652716375.482784, sdrt-health/mac:02010b41cdec/antenna/tag/e2806894000050038662154f, 88
1652716375.482962, sdrt-health/mac:02010b41cdec/antenna/tag/e2806894000040038662214f, 94
1652716375.483122, sdrt-health/mac:02010b41cdec/antenna/tag/e2806894000050038662154f, 88
1652716375.518704, sdrt-health/mac:02010b41cdec/antenna/tag/e2806894000050038662194f, 87
1652716375.590081, sdrt-health/mac:02010b41cdec/antenna/tag/e28068940000400386621d4f, 77
1652716375.590821, sdrt-health/mac:02010b41cdec/antenna/tag/e2806894000040038662214f, 88
1652716375.65374, sdrt-health/mac:02010b41cdec/antenna/tag/e2806894000040038662054f, 84
1652716375.682416, sdrt-health/mac:02010b41cdec/antenna/tag/e2806894000050038662154f, 85
1652716375.682701, sdrt-health/mac:02010b41cdec/antenna/tag/e2806894000050038661fd4f, 83
1652716375.728262, sdrt-health/mac:02010b41cdec/antenna/tag/e2806894000050038662194f, 83
1652716375.755808, sdrt-health/mac:02010b41cdec/antenna/tag/e28068940000400386621d4f, 77
1652716375.756082, sdrt-health/mac:02010b41cdec/antenna/tag/e2806894000040038662054f, 88
1652716375.756294, sdrt-health/mac:02010b41cdec/antenna/tag/e28068940000400386621d4f, 77
1652716375.775088, sdrt-health/mac:02010b41cdec/antenna/tag/e2806894000050038661fd4f, 86
1652716375.833963, sdrt-health/mac:02010b41cdec/antenna/tag/e2806894000050038662154f, 91
1652716375.834425, sdrt-health/mac:02010b41cdec/antenna/tag/e2806894000050038661fd4f, 83
1652716375.848472, sdrt-health/mac:02010b41cdec/antenna/tag/e28068940000400386621d4f, 96
1652716375.880515, sdrt-health/mac:02010b41cdec/antenna/tag/e2806894000050038661fd4f, 86
1652716375.880918, sdrt-health/mac:02010b41cdec/antenna/tag/e2806894000040038662054f, 82
1652716375.904808, sdrt-health/mac:02010b41cdec/antenna/tag/e2806894000040038661f94f, 88
1652716375.985727, sdrt-health/mac:02010b41cdec/antenna/tag/e2806894000050038662154f, 88
1652716376.040542, sdrt-health/mac:02010b41cdec/antenna/tag/e2806894000040038662214f, 83
1652716376.041319, sdrt-health/mac:02010b41cdec/antenna/tag/e2806894000040038662114f, 91
1652716376.082853, sdrt-health/mac:02010b41cdec/antenna/tag/e2806894000050038662194f, 94
1652716376.152533, sdrt-health/mac:02010b41cdec/antenna/tag/e28068940000400386621d4f, 96
1652716376.152967, sdrt-health/mac:02010b41cdec/antenna/tag/e28068940000400386621d4f, 96
1652716376.166675, sdrt-health/mac:02010b41cdec/antenna/tag/e2806894000040038661f94f, 84
1652716376.217975, sdrt-health/mac:02010b41cdec/antenna/tag/e2806894000050038662194f, 83
1652716376.248776, sdrt-health/mac:02010b41cdec/antenna/tag/e28068940000400386621d4f, 96
1652716376.249231, sdrt-health/mac:02010b41cdec/antenna/tag/e2806894000040038662114f, 97
1652716376.249602, sdrt-health/mac:02010b41cdec/antenna/tag/e2806894000040038662054f, 94
1652716376.361295, sdrt-health/mac:02010b41cdec/antenna/tag/e2806894000050038661fd4f, 86
1652716376.389163, sdrt-health/mac:02010b41cdec/antenna/tag/e2806894000050038662154f, 88
1652716376.389486, sdrt-health/mac:02010b41cdec/antenna/tag/e2806894000050038662194f, 87
1652716376.389678, sdrt-health/mac:02010b41cdec/antenna/tag/e28068940000400386621d4f, 96
1652716376.389898, sdrt-health/mac:02010b41cdec/antenna/tag/e2806894000050038661fd4f, 86
1652716376.416959, sdrt-health/mac:02010b41cdec/antenna/tag/e2806894000050038661fd4f, 86
1652716376.475262, sdrt-health/mac:02010b41cdec/antenna/tag/e2806894000050038661fd4f, 86
1652716376.505598, sdrt-health/mac:02010b41cdec/antenna/tag/e28068940000400386621d4f, 96
1652716376.505953, sdrt-health/mac:02010b41cdec/antenna/tag/e2806894000050038662154f, 91
1652716376.5213, sdrt-health/mac:02010b41cdec/antenna/tag/e2806894000040038662114f, 85
1652716376.579861, sdrt-health/mac:02010b41cdec/antenna/tag/e2806894000040038662214f, 94
1652716376.650598, sdrt-health/mac:02010b41cdec/antenna/tag/e2806894000050038661fd4f, 83
1652716376.6512, sdrt-health/mac:02010b41cdec/antenna/tag/e2806894000050038662194f, 87
1652716376.664855, sdrt-health/mac:02010b41cdec/antenna/tag/e2806894000050038662194f, 87
1652716376.665229, sdrt-health/mac:02010b41cdec/antenna/tag/e2806894000040038662214f, 84
1652716376.683093, sdrt-health/mac:02010b41cdec/antenna/tag/e28068940000400386621d4f, 77
1652716376.740389, sdrt-health/mac:02010b41cdec/antenna/tag/e2806894000050038662194f, 83
1652716376.741244, sdrt-health/mac:02010b41cdec/antenna/tag/e2806894000040038662114f, 88
1652716376.755168, sdrt-health/mac:02010b41cdec/antenna/tag/e2806894000050038662194f, 81
1652716376.784623, sdrt-health/mac:02010b41cdec/antenna/tag/e2806894000050038661fd4f, 83
1652716376.822141, sdrt-health/mac:02010b41cdec/antenna/tag/e2806894000040038662114f, 91
1652716376.884439, sdrt-health/mac:02010b41cdec/antenna/tag/e2806894000050038661fd4f, 83
1652716376.885076, sdrt-health/mac:02010b41cdec/antenna/tag/e2806894000050038662194f, 91
1652716376.898128, sdrt-health/mac:02010b41cdec/antenna/tag/e2806894000050038662154f, 91
1652716376.934689, sdrt-health/mac:02010b41cdec/antenna/tag/e28068940000400386621d4f, 96
1652716376.978248, sdrt-health/mac:02010b41cdec/antenna/tag/e2806894000050038662154f, 97
1652716376.979125, sdrt-health/mac:02010b41cdec/antenna/tag/e2806894000040038662114f, 85
1652716376.992981, sdrt-health/mac:02010b41cdec/antenna/tag/e2806894000050038661fd4f, 86
1652716377.02616, sdrt-health/mac:02010b41cdec/antenna/tag/e2806894000050038661fd4f, 86
1652716377.065742, sdrt-health/mac:02010b41cdec/antenna/tag/e2806894000040038661f94f, 83
1652716377.094654, sdrt-health/mac:02010b41cdec/antenna/tag/e2806894000050038662154f, 91
1652716377.094978, sdrt-health/mac:02010b41cdec/antenna/tag/e2806894000050038662194f, 81
1652716377.114846, sdrt-health/mac:02010b41cdec/antenna/tag/e2806894000050038661fd4f, 90
1652716377.175076, sdrt-health/mac:02010b41cdec/antenna/tag/e2806894000050038662014f, 82
1652716377.214372, sdrt-health/mac:02010b41cdec/antenna/tag/e2806894000040038662114f, 88
1652716377.266464, sdrt-health/mac:02010b41cdec/antenna/tag/e2806894000050038662154f, 91
1652716377.365712, sdrt-health/mac:02010b41cdec/antenna/tag/e2806894000040038661f94f, 81
1652716377.417043, sdrt-health/mac:02010b41cdec/antenna/tag/e2806894000050038662154f, 88
1652716377.457017, sdrt-health/mac:02010b41cdec/antenna/tag/e28068940000500386620d4f, 84
1652716377.485317, sdrt-health/mac:02010b41cdec/antenna/tag/e2806894000040038662054f, 81
1652716377.485616, sdrt-health/mac:02010b41cdec/antenna/tag/e28068940000400386621d4f, 77
1652716377.48582, sdrt-health/mac:02010b41cdec/antenna/tag/e2806894000040038662114f, 91
1652716377.506226, sdrt-health/mac:02010b41cdec/antenna/tag/e2806894000050038662194f, 81
1652716377.558514, sdrt-health/mac:02010b41cdec/antenna/tag/e28068940000400386621d4f, 77
1652716377.605329, sdrt-health/mac:02010b41cdec/antenna/tag/e2806894000040038662114f, 91
1652716377.682973, sdrt-health/mac:02010b41cdec/antenna/tag/e2806894000040038661f94f, 94
1652716377.683469, sdrt-health/mac:02010b41cdec/antenna/tag/e2806894000050038662194f, 81
1652716377.697354, sdrt-health/mac:02010b41cdec/antenna/tag/e28068940000400386621d4f, 96
1652716377.74656, sdrt-health/mac:02010b41cdec/antenna/tag/e2806894000050038662154f, 91
1652716377.747125, sdrt-health/mac:02010b41cdec/antenna/tag/e2806894000040038662114f, 97
1652716377.762002, sdrt-health/mac:02010b41cdec/antenna/tag/e2806894000050038661fd4f, 86
1652716377.784107, sdrt-health/mac:02010b41cdec/antenna/tag/e2806894000050038661fd4f, 86
1652716377.812512, sdrt-health/mac:02010b41cdec/antenna/tag/e2806894000050038662154f, 91
1652716377.812864, sdrt-health/mac:02010b41cdec/antenna/tag/e28068940000400386621d4f, 90
1652716377.825877, sdrt-health/mac:02010b41cdec/antenna/tag/e2806894000040038662054f, 94
1652716377.826325, sdrt-health/mac:02010b41cdec/antenna/tag/e2806894000050038661fd4f, 83
1652716377.895857, sdrt-health/mac:02010b41cdec/antenna/tag/e2806894000050038662154f, 88
1652716377.946657, sdrt-health/mac:02010b41cdec/antenna/tag/e28068940000400386621d4f, 96
1652716377.99454, sdrt-health/mac:02010b41cdec/antenna/tag/e2806894000040038662114f, 88
1652716378.023694, sdrt-health/mac:02010b41cdec/antenna/tag/e2806894000040038662214f, 81
1652716378.024077, sdrt-health/mac:02010b41cdec/antenna/tag/e2806894000040038662054f, 82
1652716378.038225, sdrt-health/mac:02010b41cdec/antenna/tag/e2806894000040038662214f, 88
1652716378.117871, sdrt-health/mac:02010b41cdec/antenna/tag/e2806894000040038662114f, 88
1652716378.203197, sdrt-health/mac:02010b41cdec/antenna/tag/e28068940000400386621d4f, 96
1652716378.270309, sdrt-health/mac:02010b41cdec/antenna/tag/e2806894000050038661fd4f, 86
1652716378.270879, sdrt-health/mac:02010b41cdec/antenna/tag/e2806894000050038662154f, 91
1652716378.285455, sdrt-health/mac:02010b41cdec/antenna/tag/e2806894000050038661fd4f, 86
1652716378.296503, sdrt-health/mac:02010b41cdec/antenna/tag/e2806894000050038662154f, 97
1652716378.298466, sdrt-health/mac:02010b41cdec/antenna/tag/e28068940000400386621d4f, 96
1652716378.298679, sdrt-health/mac:02010b41cdec/antenna/tag/e2806894000050038661fd4f, 86
1652716378.298855, sdrt-health/mac:02010b41cdec/antenna/tag/e2806894000050038662154f, 91
1652716378.371302, sdrt-health/mac:02010b41cdec/antenna/tag/e2806894000050038662154f, 88
1652716378.417087, sdrt-health/mac:02010b41cdec/antenna/tag/e2806894000040038662214f, 94
1652716378.479559, sdrt-health/mac:02010b41cdec/antenna/tag/e2806894000050038662194f, 94
1652716378.480015, sdrt-health/mac:02010b41cdec/antenna/tag/e2806894000040038662214f, 81
1652716378.505744, sdrt-health/mac:02010b41cdec/antenna/tag/e2806894000050038662194f, 87
1652716378.555659, sdrt-health/mac:02010b41cdec/antenna/tag/e28068940000400386621d4f, 77
1652716378.584737, sdrt-health/mac:02010b41cdec/antenna/tag/e2806894000040038662114f, 88
1652716378.585052, sdrt-health/mac:02010b41cdec/antenna/tag/e2806894000050038661fd4f, 90
1652716378.597974, sdrt-health/mac:02010b41cdec/antenna/tag/e2806894000040038662054f, 94
1652716378.684526, sdrt-health/mac:02010b41cdec/antenna/tag/e2806894000050038662154f, 91
1652716378.713919, sdrt-health/mac:02010b41cdec/antenna/tag/e2806894000050038662194f, 83
1652716378.714278, sdrt-health/mac:02010b41cdec/antenna/tag/e2806894000050038661fd4f, 86
1652716378.730162, sdrt-health/mac:02010b41cdec/antenna/tag/e2806894000050038662194f, 81
1652716378.762659, sdrt-health/mac:02010b41cdec/antenna/tag/e28068940000400386621d4f, 96
1652716378.763024, sdrt-health/mac:02010b41cdec/antenna/tag/e2806894000050038661fd4f, 86
1652716378.789209, sdrt-health/mac:02010b41cdec/antenna/tag/e2806894000040038662054f, 83
1652716378.818207, sdrt-health/mac:02010b41cdec/antenna/tag/e2806894000050038662194f, 82
1652716378.818503, sdrt-health/mac:02010b41cdec/antenna/tag/e2806894000040038661f94f, 81
1652716378.867511, sdrt-health/mac:02010b41cdec/antenna/tag/e2806894000040038661f94f, 94
1652716378.896223, sdrt-health/mac:02010b41cdec/antenna/tag/e28068940000400386621d4f, 96
1652716378.896633, sdrt-health/mac:02010b41cdec/antenna/tag/e2806894000040038662114f, 88
1652716378.926287, sdrt-health/mac:02010b41cdec/antenna/tag/e2806894000050038662154f, 88
1652716378.95553, sdrt-health/mac:02010b41cdec/antenna/tag/e2806894000050038661fd4f, 83
1652716378.955849, sdrt-health/mac:02010b41cdec/antenna/tag/e2806894000040038662114f, 85
1652716379.005093, sdrt-health/mac:02010b41cdec/antenna/tag/e2806894000040038662214f, 88
1652716379.058387, sdrt-health/mac:02010b41cdec/antenna/tag/e28068940000400386621d4f, 77
1652716379.058831, sdrt-health/mac:02010b41cdec/antenna/tag/e2806894000040038662114f, 91
1652716379.072397, sdrt-health/mac:02010b41cdec/antenna/tag/e2806894000050038661fd4f, 86
1652716379.128488, sdrt-health/mac:02010b41cdec/antenna/tag/e2806894000050038662154f, 91
1652716379.128953, sdrt-health/mac:02010b41cdec/antenna/tag/e2806894000050038662194f, 94
1652716379.176641, sdrt-health/mac:02010b41cdec/antenna/tag/e2806894000050038662194f, 83
1652716379.225416, sdrt-health/mac:02010b41cdec/antenna/tag/e2806894000050038662194f, 87
1652716379.276183, sdrt-health/mac:02010b41cdec/antenna/tag/e2806894000040038662114f, 91
1652716379.308414, sdrt-health/mac:02010b41cdec/antenna/tag/e28068940000400386621d4f, 77
1652716379.308966, sdrt-health/mac:02010b41cdec/antenna/tag/e2806894000040038662214f, 88
1652716379.331101, sdrt-health/mac:02010b41cdec/antenna/tag/e2806894000040038661f94f, 88
1652716379.390996, sdrt-health/mac:02010b41cdec/antenna/tag/e2806894000050038662154f, 85
1652716379.391582, sdrt-health/mac:02010b41cdec/antenna/tag/e28068940000400386621d4f, 77
1652716379.424738, sdrt-health/mac:02010b41cdec/antenna/tag/e2806894000040038662114f, 88
1652716379.453513, sdrt-health/mac:02010b41cdec/antenna/tag/e2806894000040038661f94f, 81
1652716379.453814, sdrt-health/mac:02010b41cdec/antenna/tag/e28068940000400386621d4f, 77
1652716379.517166, sdrt-health/mac:02010b41cdec/antenna/tag/e2806894000050038662194f, 81
1652716379.558443, sdrt-health/mac:02010b41cdec/antenna/tag/e2806894000050038662154f, 88
1652716379.591305, sdrt-health/mac:02010b41cdec/antenna/tag/e2806894000040038662114f, 91
1652716379.591906, sdrt-health/mac:02010b41cdec/antenna/tag/e28068940000400386621d4f, 77
1652716379.616081, sdrt-health/mac:02010b41cdec/antenna/tag/e2806894000050038662154f, 91
1652716379.689741, sdrt-health/mac:02010b41cdec/antenna/tag/e2806894000050038662194f, 81
1652716379.690319, sdrt-health/mac:02010b41cdec/antenna/tag/e2806894000050038662194f, 81
1652716379.704968, sdrt-health/mac:02010b41cdec/antenna/tag/e2806894000050038662154f, 91
1652716379.72549, sdrt-health/mac:02010b41cdec/antenna/tag/e2806894000040038661f94f, 88
1652716379.756206, sdrt-health/mac:02010b41cdec/antenna/tag/e2806894000050038662154f, 91
1652716379.756501, sdrt-health/mac:02010b41cdec/antenna/tag/e28068940000400386621d4f, 96
1652716379.772997, sdrt-health/mac:02010b41cdec/antenna/tag/e2806894000050038662194f, 93
1652716379.824812, sdrt-health/mac:02010b41cdec/antenna/tag/e28068940000400386621d4f, 96
1652716379.855226, sdrt-health/mac:02010b41cdec/antenna/tag/e2806894000040038662114f, 97
1652716379.855585, sdrt-health/mac:02010b41cdec/antenna/tag/e2806894000050038662194f, 87
1652716379.870584, sdrt-health/mac:02010b41cdec/antenna/tag/e2806894000050038662194f, 87
1652716379.934335, sdrt-health/mac:02010b41cdec/antenna/tag/e2806894000050038662154f, 85
1652716379.978411, sdrt-health/mac:02010b41cdec/antenna/tag/e2806894000050038661fd4f, 83
1652716380.046206, sdrt-health/mac:02010b41cdec/antenna/tag/e2806894000040038662214f, 94
1652716380.046583, sdrt-health/mac:02010b41cdec/antenna/tag/e2806894000040038662054f, 84
1652716380.081141, sdrt-health/mac:02010b41cdec/antenna/tag/e2806894000040038662114f, 97
1652716380.109017, sdrt-health/mac:02010b41cdec/antenna/tag/e2806894000050038661fd4f, 86
1652716380.10927, sdrt-health/mac:02010b41cdec/antenna/tag/e2806894000040038662114f, 91
1652716380.141724, sdrt-health/mac:02010b41cdec/antenna/tag/e2806894000050038662154f, 91
1652716380.202093, sdrt-health/mac:02010b41cdec/antenna/tag/e2806894000050038662194f, 85
1652716380.202612, sdrt-health/mac:02010b41cdec/antenna/tag/e28068940000400386621d4f, 96
1652716380.259059, sdrt-health/mac:02010b41cdec/antenna/tag/e2806894000050038662194f, 81
1652716380.288127, sdrt-health/mac:02010b41cdec/antenna/tag/e2806894000040038662114f, 91
1652716380.288353, sdrt-health/mac:02010b41cdec/antenna/tag/e2806894000050038662194f, 81
1652716380.306138, sdrt-health/mac:02010b41cdec/antenna/tag/e28068940000400386621d4f, 96
1652716380.383251, sdrt-health/mac:02010b41cdec/antenna/tag/e2806894000050038662154f, 85
1652716380.455322, sdrt-health/mac:02010b41cdec/antenna/tag/e2806894000050038662154f, 91
1652716380.497493, sdrt-health/mac:02010b41cdec/antenna/tag/e2806894000050038661fd4f, 83
1652716380.527273, sdrt-health/mac:02010b41cdec/antenna/tag/e2806894000050038661fd4f, 83
1652716380.527537, sdrt-health/mac:02010b41cdec/antenna/tag/e28068940000400386621d4f, 96
1652716380.631396, sdrt-health/mac:02010b41cdec/antenna/tag/e2806894000040038662214f, 81
1652716380.723741, sdrt-health/mac:02010b41cdec/antenna/tag/e2806894000050038662154f, 85
1652716380.724731, sdrt-health/mac:02010b41cdec/antenna/tag/e2806894000040038662214f, 94
1652716380.786107, sdrt-health/mac:02010b41cdec/antenna/tag/e2806894000050038662194f, 82
1652716380.848069, sdrt-health/mac:02010b41cdec/antenna/tag/e2806894000050038662194f, 83
1652716380.876441, sdrt-health/mac:02010b41cdec/antenna/tag/e2806894000050038662194f, 87
1652716380.877827, sdrt-health/mac:02010b41cdec/antenna/tag/e2806894000050038661fd4f, 97
1652716380.918731, sdrt-health/mac:02010b41cdec/antenna/tag/e28068940000400386621d4f, 77
1652716381.095311, sdrt-health/mac:02010b41cdec/antenna/tag/e2806894000050038662154f, 85
1652716381.095914, sdrt-health/mac:02010b41cdec/antenna/tag/e2806894000040038662114f, 91
1652716381.146445, sdrt-health/mac:02010b41cdec/antenna/tag/e28068940000400386621d4f, 96
1652716381.175695, sdrt-health/mac:02010b41cdec/antenna/tag/e2806894000050038662194f, 93
1652716381.176153, sdrt-health/mac:02010b41cdec/antenna/tag/e2806894000050038661fd4f, 86
1652716381.176539, sdrt-health/mac:02010b41cdec/antenna/tag/e2806894000050038662154f, 88
1652716381.176804, sdrt-health/mac:02010b41cdec/antenna/tag/e2806894000040038662114f, 91
1652716381.177117, sdrt-health/mac:02010b41cdec/antenna/tag/e2806894000040038661f94f, 84
1652716381.177375, sdrt-health/mac:02010b41cdec/antenna/tag/e2806894000050038662194f, 83
1652716381.177987, sdrt-health/mac:02010b41cdec/antenna/tag/e2806894000050038662154f, 93
1652716381.178565, sdrt-health/mac:02010b41cdec/antenna/tag/e2806894000040038662214f, 81
1652716381.178848, sdrt-health/mac:02010b41cdec/antenna/tag/e2806894000050038662154f, 85
1652716381.205006, sdrt-health/mac:02010b41cdec/antenna/tag/e2806894000050038662194f, 83
1652716381.2816, sdrt-health/mac:02010b41cdec/antenna/tag/e28068940000400386621d4f, 77
1652716381.282098, sdrt-health/mac:02010b41cdec/antenna/tag/e2806894000050038662154f, 91
1652716381.384456, sdrt-health/mac:02010b41cdec/antenna/tag/e2806894000040038662114f, 97
1652716381.438202, sdrt-health/mac:02010b41cdec/antenna/tag/e2806894000050038661fd4f, 86
1652716381.468453, sdrt-health/mac:02010b41cdec/antenna/tag/e2806894000050038662154f, 88
1652716381.468906, sdrt-health/mac:02010b41cdec/antenna/tag/e28068940000400386621d4f, 96
1652716381.495969, sdrt-health/mac:02010b41cdec/antenna/tag/e2806894000040038661f94f, 82
1652716381.524759, sdrt-health/mac:02010b41cdec/antenna/tag/e28068940000400386621d4f, 77
1652716381.525227, sdrt-health/mac:02010b41cdec/antenna/tag/e2806894000040038662054f, 94
1652716381.569002, sdrt-health/mac:02010b41cdec/antenna/tag/e2806894000050038662194f, 83
1652716381.616359, sdrt-health/mac:02010b41cdec/antenna/tag/e2806894000050038661fd4f, 86
1652716381.646352, sdrt-health/mac:02010b41cdec/antenna/tag/e2806894000050038662194f, 81
1652716381.646662, sdrt-health/mac:02010b41cdec/antenna/tag/e2806894000040038662054f, 94
1652716381.683761, sdrt-health/mac:02010b41cdec/antenna/tag/e2806894000050038662154f, 88
1652716381.745652, sdrt-health/mac:02010b41cdec/antenna/tag/e2806894000040038661f94f, 88
1652716381.746122, sdrt-health/mac:02010b41cdec/antenna/tag/e2806894000050038662154f, 91
1652716381.778529, sdrt-health/mac:02010b41cdec/antenna/tag/e2806894000040038662114f, 83
1652716381.842472, sdrt-health/mac:02010b41cdec/antenna/tag/e2806894000050038662154f, 91
1652716381.842941, sdrt-health/mac:02010b41cdec/antenna/tag/e2806894000050038662194f, 87
1652716381.858089, sdrt-health/mac:02010b41cdec/antenna/tag/e2806894000050038661fd4f, 86
1652716381.902761, sdrt-health/mac:02010b41cdec/antenna/tag/e2806894000050038661fd4f, 83
1652716381.903064, sdrt-health/mac:02010b41cdec/antenna/tag/e2806894000040038662214f, 110
1652716381.919145, sdrt-health/mac:02010b41cdec/antenna/tag/e2806894000040038662054f, 94
1652716381.968051, sdrt-health/mac:02010b41cdec/antenna/tag/e2806894000050038661fd4f, 97
1652716382.030362, sdrt-health/mac:02010b41cdec/antenna/tag/e2806894000040038661f94f, 81
1652716382.030874, sdrt-health/mac:02010b41cdec/antenna/tag/e28068940000400386621d4f, 96
1652716382.056191, sdrt-health/mac:02010b41cdec/antenna/tag/e2806894000050038662194f, 94
1652716382.109093, sdrt-health/mac:02010b41cdec/antenna/tag/e2806894000040038662114f, 91
1652716382.109418, sdrt-health/mac:02010b41cdec/antenna/tag/e2806894000050038662154f, 85
1652716382.144884, sdrt-health/mac:02010b41cdec/antenna/tag/e2806894000050038662194f, 93
1652716382.203943, sdrt-health/mac:02010b41cdec/antenna/tag/e2806894000040038662214f, 94
1652716382.2045, sdrt-health/mac:02010b41cdec/antenna/tag/e2806894000050038662194f, 87
1652716382.22039, sdrt-health/mac:02010b41cdec/antenna/tag/e2806894000040038662114f, 88
1652716382.249199, sdrt-health/mac:02010b41cdec/antenna/tag/e2806894000050038662194f, 87
1652716382.249527, sdrt-health/mac:02010b41cdec/antenna/tag/e28068940000400386621d4f, 77
1652716382.299445, sdrt-health/mac:02010b41cdec/antenna/tag/e2806894000040038662114f, 88
1652716382.346478, sdrt-health/mac:02010b41cdec/antenna/tag/e2806894000050038661fd4f, 86
1652716382.421405, sdrt-health/mac:02010b41cdec/antenna/tag/e2806894000050038661fd4f, 90
1652716382.42193, sdrt-health/mac:02010b41cdec/antenna/tag/e2806894000040038662054f, 81
1652716382.436286, sdrt-health/mac:02010b41cdec/antenna/tag/e2806894000050038662154f, 85
1652716382.436644, sdrt-health/mac:02010b41cdec/antenna/tag/e2806894000040038662114f, 88
1652716382.503568, sdrt-health/mac:02010b41cdec/antenna/tag/e2806894000040038662054f, 82
1652716382.554675, sdrt-health/mac:02010b41cdec/antenna/tag/e2806894000040038662054f, 94
1652716382.614623, sdrt-health/mac:02010b41cdec/antenna/tag/e2806894000050038662194f, 87
1652716382.615263, sdrt-health/mac:02010b41cdec/antenna/tag/e2806894000050038662194f, 93
1652716382.62995, sdrt-health/mac:02010b41cdec/antenna/tag/e28068940000400386621d4f, 77
1652716382.634204, sdrt-health/mac:02010b41cdec/antenna/tag/e2806894000040038662054f, 81
1652716382.67855, sdrt-health/mac:02010b41cdec/antenna/tag/e2806894000040038662054f, 81
1652716382.740675, sdrt-health/mac:02010b41cdec/antenna/tag/e2806894000050038662194f, 93
1652716382.74137, sdrt-health/mac:02010b41cdec/antenna/tag/e2806894000050038661fd4f, 86
1652716382.788001, sdrt-health/mac:02010b41cdec/antenna/tag/e28068940000400386621d4f, 96
1652716382.818924, sdrt-health/mac:02010b41cdec/antenna/tag/e2806894000040038662114f, 91
1652716382.819242, sdrt-health/mac:02010b41cdec/antenna/tag/e2806894000050038662154f, 88
1652716382.834183, sdrt-health/mac:02010b41cdec/antenna/tag/e2806894000050038661fd4f, 86
1652716382.919274, sdrt-health/mac:02010b41cdec/antenna/tag/e2806894000040038662114f, 91
1652716383.034563, sdrt-health/mac:02010b41cdec/antenna/tag/e2806894000050038661fd4f, 86
1652716383.035572, sdrt-health/mac:02010b41cdec/antenna/tag/e2806894000050038662194f, 84
1652716383.035997, sdrt-health/mac:02010b41cdec/antenna/tag/e2806894000050038661fd4f, 86
1652716383.094286, sdrt-health/mac:02010b41cdec/antenna/tag/e2806894000050038662154f, 88
1652716383.124167, sdrt-health/mac:02010b41cdec/antenna/tag/e28068940000400386621d4f, 96
1652716383.124525, sdrt-health/mac:02010b41cdec/antenna/tag/e2806894000050038662194f, 87
1652716383.124856, sdrt-health/mac:02010b41cdec/antenna/tag/e28068940000400386621d4f, 77
1652716383.125111, sdrt-health/mac:02010b41cdec/antenna/tag/e2806894000050038662194f, 93
1652716383.138201, sdrt-health/mac:02010b41cdec/antenna/tag/e2806894000050038661fd4f, 83
1652716383.174813, sdrt-health/mac:02010b41cdec/antenna/tag/e2806894000050038662194f, 83
1652716383.229571, sdrt-health/mac:02010b41cdec/antenna/tag/e28068940000400386621d4f, 96
1652716383.230105, sdrt-health/mac:02010b41cdec/antenna/tag/e28068940000400386621d4f, 77
1652716383.265353, sdrt-health/mac:02010b41cdec/antenna/tag/e2806894000050038662194f, 87
1652716383.304474, sdrt-health/mac:02010b41cdec/antenna/tag/e28068940000400386621d4f, 96
1652716383.354251, sdrt-health/mac:02010b41cdec/antenna/tag/e2806894000050038662194f, 85
1652716383.384249, sdrt-health/mac:02010b41cdec/antenna/tag/e2806894000050038662194f, 85
1652716383.384694, sdrt-health/mac:02010b41cdec/antenna/tag/e2806894000050038662154f, 91
1652716383.410134, sdrt-health/mac:02010b41cdec/antenna/tag/e2806894000050038662154f, 88
1652716383.496325, sdrt-health/mac:02010b41cdec/antenna/tag/e2806894000050038662194f, 85
1652716383.497116, sdrt-health/mac:02010b41cdec/antenna/tag/e2806894000050038662154f, 88
1652716383.511702, sdrt-health/mac:02010b41cdec/antenna/tag/e2806894000050038661fd4f, 86
1652716383.576356, sdrt-health/mac:02010b41cdec/antenna/tag/e2806894000050038662194f, 81
1652716383.578053, sdrt-health/mac:02010b41cdec/antenna/tag/e2806894000050038662194f, 94
1652716383.591071, sdrt-health/mac:02010b41cdec/antenna/tag/e28068940000400386621d4f, 96
1652716383.608808, sdrt-health/mac:02010b41cdec/antenna/tag/e2806894000050038661fd4f, 90
1652716383.652022, sdrt-health/mac:02010b41cdec/antenna/tag/e28068940000400386621d4f, 90
1652716383.652448, sdrt-health/mac:02010b41cdec/antenna/tag/e2806894000050038661fd4f, 90
1652716383.652727, sdrt-health/mac:02010b41cdec/antenna/tag/e2806894000040038661f94f, 94
1652716383.679966, sdrt-health/mac:02010b41cdec/antenna/tag/e28068940000400386621d4f, 96
1652716383.720027, sdrt-health/mac:02010b41cdec/antenna/tag/e2806894000040038662114f, 91
1652716383.8482, sdrt-health/mac:02010b41cdec/antenna/tag/e2806894000040038661f94f, 82
1652716383.848672, sdrt-health/mac:02010b41cdec/antenna/tag/e2806894000050038662154f, 91
1652716383.862626, sdrt-health/mac:02010b41cdec/antenna/tag/e2806894000040038662114f, 91
1652716383.863033, sdrt-health/mac:02010b41cdec/antenna/tag/e2806894000040038661f94f, 94
1652716383.88066, sdrt-health/mac:02010b41cdec/antenna/tag/e28068940000400386621d4f, 96
1652716383.910604, sdrt-health/mac:02010b41cdec/antenna/tag/e2806894000050038661fd4f, 86
1652716383.911008, sdrt-health/mac:02010b41cdec/antenna/tag/e2806894000040038662114f, 88
1652716383.911243, sdrt-health/mac:02010b41cdec/antenna/tag/e2806894000040038661f94f, 82
1652716383.925956, sdrt-health/mac:02010b41cdec/antenna/tag/e2806894000040038661f94f, 81
1652716384.002364, sdrt-health/mac:02010b41cdec/antenna/tag/e2806894000050038661fd4f, 83
1652716384.00547, sdrt-health/mac:02010b41cdec/antenna/tag/e2806894000040038662114f, 91
1652716384.064712, sdrt-health/mac:02010b41cdec/antenna/tag/e2806894000050038661fd4f, 83
1652716384.12978, sdrt-health/mac:02010b41cdec/antenna/tag/e2806894000040038661f94f, 88
1652716384.161016, sdrt-health/mac:02010b41cdec/antenna/tag/e2806894000050038662154f, 88
1652716384.161347, sdrt-health/mac:02010b41cdec/antenna/tag/e2806894000050038661fd4f, 86
1652716384.161596, sdrt-health/mac:02010b41cdec/antenna/tag/e2806894000050038662194f, 81
1652716384.175608, sdrt-health/mac:02010b41cdec/antenna/tag/e28068940000400386621d4f, 96
1652716384.259035, sdrt-health/mac:02010b41cdec/antenna/tag/e2806894000050038662154f, 91
1652716384.25994, sdrt-health/mac:02010b41cdec/antenna/tag/e28068940000500386620d4f, 88
1652716384.27506, sdrt-health/mac:02010b41cdec/antenna/tag/e28068940000400386621d4f, 96
1652716384.304016, sdrt-health/mac:02010b41cdec/antenna/tag/e2806894000040038662114f, 83
1652716384.304279, sdrt-health/mac:02010b41cdec/antenna/tag/e28068940000400386621d4f, 96
1652716384.304449, sdrt-health/mac:02010b41cdec/antenna/tag/e28068940000400386621d4f, 96
1652716384.336608, sdrt-health/mac:02010b41cdec/antenna/tag/e2806894000040038662054f, 94
1652716384.337127, sdrt-health/mac:02010b41cdec/antenna/tag/e28068940000400386621d4f, 90
1652716384.386875, sdrt-health/mac:02010b41cdec/antenna/tag/e2806894000040038662054f, 94
1652716384.508554, sdrt-health/mac:02010b41cdec/antenna/tag/e28068940000400386621d4f, 77
1652716384.58566, sdrt-health/mac:02010b41cdec/antenna/tag/e2806894000050038662194f, 83
1652716384.626139, sdrt-health/mac:02010b41cdec/antenna/tag/e2806894000040038662114f, 88
1652716384.681533, sdrt-health/mac:02010b41cdec/antenna/tag/e28068940000400386621d4f, 96
1652716384.756683, sdrt-health/mac:02010b41cdec/antenna/tag/e2806894000040038662114f, 88
1652716384.757462, sdrt-health/mac:02010b41cdec/antenna/tag/e2806894000040038662114f, 88
1652716384.770879, sdrt-health/mac:02010b41cdec/antenna/tag/e2806894000040038662114f, 88
1652716384.771115, sdrt-health/mac:02010b41cdec/antenna/tag/e2806894000050038661fd4f, 90
1652716384.806196, sdrt-health/mac:02010b41cdec/antenna/tag/e2806894000050038661fd4f, 90
1652716384.899387, sdrt-health/mac:02010b41cdec/antenna/tag/e2806894000040038662114f, 91
1652716384.89986, sdrt-health/mac:02010b41cdec/antenna/tag/e2806894000050038661fd4f, 83
1652716384.915061, sdrt-health/mac:02010b41cdec/antenna/tag/e2806894000050038662154f, 85
1652716384.915566, sdrt-health/mac:02010b41cdec/antenna/tag/e2806894000040038662114f, 85
1652716385.126679, sdrt-health/mac:02010b41cdec/antenna/tag/e2806894000040038662214f, 81
1652716385.196144, sdrt-health/mac:02010b41cdec/antenna/tag/e2806894000040038662054f, 84
1652716385.196658, sdrt-health/mac:02010b41cdec/antenna/tag/e2806894000040038662114f, 88
1652716385.210105, sdrt-health/mac:02010b41cdec/antenna/tag/e2806894000050038662194f, 93
1652716385.210526, sdrt-health/mac:02010b41cdec/antenna/tag/e28068940000400386621d4f, 96
1652716385.210844, sdrt-health/mac:02010b41cdec/antenna/tag/e2806894000050038662194f, 85
1652716385.211126, sdrt-health/mac:02010b41cdec/antenna/tag/e28068940000400386621d4f, 77
1652716385.211448, sdrt-health/mac:02010b41cdec/antenna/tag/e2806894000050038661fd4f, 86
1652716385.211918, sdrt-health/mac:02010b41cdec/antenna/tag/e2806894000050038662154f, 91
1652716385.212367, sdrt-health/mac:02010b41cdec/antenna/tag/e2806894000050038661fd4f, 90
1652716385.212623, sdrt-health/mac:02010b41cdec/antenna/tag/e2806894000040038662114f, 91
1652716385.212927, sdrt-health/mac:02010b41cdec/antenna/tag/e2806894000050038662194f, 81
1652716385.213355, sdrt-health/mac:02010b41cdec/antenna/tag/e28068940000400386621d4f, 96
1652716385.257309, sdrt-health/mac:02010b41cdec/antenna/tag/e28068940000400386621d4f, 96
1652716385.360485, sdrt-health/mac:02010b41cdec/antenna/tag/e2806894000050038661fd4f, 86
1652716385.391795, sdrt-health/mac:02010b41cdec/antenna/tag/e2806894000040038662114f, 91
1652716385.392152, sdrt-health/mac:02010b41cdec/antenna/tag/e2806894000040038661f94f, 84
1652716385.392609, sdrt-health/mac:02010b41cdec/antenna/tag/e2806894000050038661fd4f, 90
1652716385.426387, sdrt-health/mac:02010b41cdec/antenna/tag/e2806894000040038661f94f, 81
1652716385.494055, sdrt-health/mac:02010b41cdec/antenna/tag/e2806894000040038662054f, 94
1652716385.494675, sdrt-health/mac:02010b41cdec/antenna/tag/e2806894000050038662194f, 83
1652716385.509956, sdrt-health/mac:02010b41cdec/antenna/tag/e2806894000050038661fd4f, 83
1652716385.52957, sdrt-health/mac:02010b41cdec/antenna/tag/e2806894000040038662054f, 81
1652716385.612284, sdrt-health/mac:02010b41cdec/antenna/tag/e2806894000040038662114f, 91
1652716385.642055, sdrt-health/mac:02010b41cdec/antenna/tag/e2806894000050038662194f, 81
1652716385.642778, sdrt-health/mac:02010b41cdec/antenna/tag/e2806894000040038661f94f, 81
1652716385.643317, sdrt-health/mac:02010b41cdec/antenna/tag/e2806894000040038662114f, 88
1652716385.643709, sdrt-health/mac:02010b41cdec/antenna/tag/e28068940000400386621d4f, 77
1652716385.673451, sdrt-health/mac:02010b41cdec/antenna/tag/e2806894000050038662194f, 94
1652716385.763062, sdrt-health/mac:02010b41cdec/antenna/tag/e2806894000040038661f94f, 94
1652716385.817129, sdrt-health/mac:02010b41cdec/antenna/tag/e28068940000400386621d4f, 77
1652716385.868597, sdrt-health/mac:02010b41cdec/antenna/tag/e2806894000050038662194f, 83
1652716385.869053, sdrt-health/mac:02010b41cdec/antenna/tag/e2806894000050038662154f, 85
1652716385.884449, sdrt-health/mac:02010b41cdec/antenna/tag/e2806894000040038661f94f, 84
1652716385.905521, sdrt-health/mac:02010b41cdec/antenna/tag/e2806894000050038661fd4f, 83
1652716385.96107, sdrt-health/mac:02010b41cdec/antenna/tag/e2806894000050038662154f, 85
1652716385.961538, sdrt-health/mac:02010b41cdec/antenna/tag/e2806894000040038662114f, 91
1652716386.006373, sdrt-health/mac:02010b41cdec/antenna/tag/e2806894000050038662194f, 87
1652716386.064973, sdrt-health/mac:02010b41cdec/antenna/tag/e2806894000050038661fd4f, 86
1652716386.121591, sdrt-health/mac:02010b41cdec/antenna/tag/e2806894000050038661fd4f, 86
1652716386.122213, sdrt-health/mac:02010b41cdec/antenna/tag/e2806894000050038661fd4f, 83
1652716386.134902, sdrt-health/mac:02010b41cdec/antenna/tag/e2806894000050038662194f, 81
1652716386.146827, sdrt-health/mac:02010b41cdec/antenna/tag/e2806894000050038661fd4f, 86
1652716386.149279, sdrt-health/mac:02010b41cdec/antenna/tag/e2806894000050038662194f, 88
1652716386.209622, sdrt-health/mac:02010b41cdec/antenna/tag/e2806894000050038661fd4f, 86
1652716386.303412, sdrt-health/mac:02010b41cdec/antenna/tag/e28068940000400386621d4f, 96
1652716386.303693, sdrt-health/mac:02010b41cdec/antenna/tag/e2806894000050038661fd4f, 86
1652716386.317618, sdrt-health/mac:02010b41cdec/antenna/tag/e2806894000040038661f94f, 84
1652716386.374476, sdrt-health/mac:02010b41cdec/antenna/tag/e2806894000050038661fd4f, 86
1652716386.374951, sdrt-health/mac:02010b41cdec/antenna/tag/e2806894000040038662054f, 83
1652716386.388468, sdrt-health/mac:02010b41cdec/antenna/tag/e2806894000050038661fd4f, 86
1652716386.388901, sdrt-health/mac:02010b41cdec/antenna/tag/e2806894000040038662114f, 97
1652716386.389226, sdrt-health/mac:02010b41cdec/antenna/tag/e2806894000040038662054f, 81
1652716386.449738, sdrt-health/mac:02010b41cdec/antenna/tag/e2806894000040038662114f, 91
1652716386.508875, sdrt-health/mac:02010b41cdec/antenna/tag/e2806894000040038661f94f, 81
1652716386.509197, sdrt-health/mac:02010b41cdec/antenna/tag/e2806894000040038661f94f, 88
1652716386.604069, sdrt-health/mac:02010b41cdec/antenna/tag/e28068940000400386621d4f, 96
1652716386.679525, sdrt-health/mac:02010b41cdec/antenna/tag/e2806894000050038662194f, 93
1652716386.783072, sdrt-health/mac:02010b41cdec/antenna/tag/e2806894000040038662054f, 94
1652716386.783547, sdrt-health/mac:02010b41cdec/antenna/tag/e2806894000050038662014f, 82
1652716386.798195, sdrt-health/mac:02010b41cdec/antenna/tag/e2806894000040038661f94f, 88
1652716386.798765, sdrt-health/mac:02010b41cdec/antenna/tag/e2806894000050038662154f, 91
1652716386.799006, sdrt-health/mac:02010b41cdec/antenna/tag/e2806894000050038662194f, 81
1652716386.799285, sdrt-health/mac:02010b41cdec/antenna/tag/e2806894000040038661f94f, 81
1652716386.816339, sdrt-health/mac:02010b41cdec/antenna/tag/e2806894000050038661fd4f, 86
1652716386.866761, sdrt-health/mac:02010b41cdec/antenna/tag/e2806894000050038662194f, 81
1652716386.918285, sdrt-health/mac:02010b41cdec/antenna/tag/e28068940000400386621d4f, 96
1652716386.975661, sdrt-health/mac:02010b41cdec/antenna/tag/e2806894000040038662114f, 88
1652716387.053376, sdrt-health/mac:02010b41cdec/antenna/tag/e2806894000050038662154f, 85
1652716387.053924, sdrt-health/mac:02010b41cdec/antenna/tag/e2806894000050038661fd4f, 83
1652716387.067356, sdrt-health/mac:02010b41cdec/antenna/tag/e2806894000050038662154f, 85
1652716387.0676, sdrt-health/mac:02010b41cdec/antenna/tag/e2806894000050038661fd4f, 86
1652716387.083797, sdrt-health/mac:02010b41cdec/antenna/tag/e2806894000050038662194f, 81
1652716387.140465, sdrt-health/mac:02010b41cdec/antenna/tag/e2806894000040038662214f, 83
1652716387.141185, sdrt-health/mac:02010b41cdec/antenna/tag/e2806894000050038662154f, 85
1652716387.158697, sdrt-health/mac:02010b41cdec/antenna/tag/e2806894000040038662114f, 88
1652716387.165298, sdrt-health/mac:02010b41cdec/antenna/tag/e2806894000050038662194f, 87
1652716387.216207, sdrt-health/mac:02010b41cdec/antenna/tag/e2806894000050038662154f, 88
1652716387.305955, sdrt-health/mac:02010b41cdec/antenna/tag/e2806894000040038662114f, 88
1652716387.3462, sdrt-health/mac:02010b41cdec/antenna/tag/e28068940000400386621d4f, 77
1652716387.385014, sdrt-health/mac:02010b41cdec/antenna/tag/e2806894000050038662194f, 81
1652716387.425602, sdrt-health/mac:02010b41cdec/antenna/tag/e2806894000040038661f94f, 82
1652716387.467276, sdrt-health/mac:02010b41cdec/antenna/tag/e2806894000040038662114f, 88
1652716387.506547, sdrt-health/mac:02010b41cdec/antenna/tag/e28068940000400386621d4f, 96
1652716387.577616, sdrt-health/mac:02010b41cdec/antenna/tag/e2806894000050038662194f, 93
1652716387.638626, sdrt-health/mac:02010b41cdec/antenna/tag/e2806894000040038662214f, 94
1652716387.668429, sdrt-health/mac:02010b41cdec/antenna/tag/e2806894000050038661fd4f, 97
1652716387.668724, sdrt-health/mac:02010b41cdec/antenna/tag/e2806894000040038662114f, 88
1652716387.668939, sdrt-health/mac:02010b41cdec/antenna/tag/e2806894000040038662214f, 83
1652716387.705786, sdrt-health/mac:02010b41cdec/antenna/tag/e2806894000050038662194f, 87
1652716387.754106, sdrt-health/mac:02010b41cdec/antenna/tag/e2806894000050038662194f, 83
1652716387.806676, sdrt-health/mac:02010b41cdec/antenna/tag/e2806894000050038662194f, 83
1652716387.870123, sdrt-health/mac:02010b41cdec/antenna/tag/e2806894000050038662194f, 93
1652716387.870645, sdrt-health/mac:02010b41cdec/antenna/tag/e2806894000040038662114f, 97
1652716387.896728, sdrt-health/mac:02010b41cdec/antenna/tag/e2806894000050038662194f, 87
1652716387.952721, sdrt-health/mac:02010b41cdec/antenna/tag/e2806894000050038662194f, 87
1652716387.953187, sdrt-health/mac:02010b41cdec/antenna/tag/e28068940000400386621d4f, 96
1652716387.967498, sdrt-health/mac:02010b41cdec/antenna/tag/e2806894000040038662114f, 91
1652716387.995647, sdrt-health/mac:02010b41cdec/antenna/tag/e2806894000040038662114f, 88
1652716388.052709, sdrt-health/mac:02010b41cdec/antenna/tag/e28068940000400386621d4f, 77
1652716388.053178, sdrt-health/mac:02010b41cdec/antenna/tag/e2806894000040038661f94f, 81
1652716388.068584, sdrt-health/mac:02010b41cdec/antenna/tag/e2806894000040038662054f, 94
1652716388.085762, sdrt-health/mac:02010b41cdec/antenna/tag/e2806894000040038662114f, 88
1652716388.114795, sdrt-health/mac:02010b41cdec/antenna/tag/e28068940000400386621d4f, 77
1652716388.115181, sdrt-health/mac:02010b41cdec/antenna/tag/e2806894000040038661f94f, 84
1652716388.145333, sdrt-health/mac:02010b41cdec/antenna/tag/e2806894000050038662194f, 87
1652716388.17725, sdrt-health/mac:02010b41cdec/antenna/tag/e2806894000040038662054f, 88
1652716388.177663, sdrt-health/mac:02010b41cdec/antenna/tag/e2806894000050038662194f, 83
1652716388.190853, sdrt-health/mac:02010b41cdec/antenna/tag/e2806894000040038661f94f, 94
1652716388.227177, sdrt-health/mac:02010b41cdec/antenna/tag/e2806894000050038661fd4f, 86
1652716388.280721, sdrt-health/mac:02010b41cdec/antenna/tag/e28068940000400386621d4f, 90
1652716388.356738, sdrt-health/mac:02010b41cdec/antenna/tag/e2806894000050038662154f, 88
1652716388.357585, sdrt-health/mac:02010b41cdec/antenna/tag/e2806894000050038661fd4f, 86
1652716388.3706, sdrt-health/mac:02010b41cdec/antenna/tag/e28068940000400386621d4f, 90
1652716388.42909, sdrt-health/mac:02010b41cdec/antenna/tag/e2806894000040038662114f, 83
1652716388.42968, sdrt-health/mac:02010b41cdec/antenna/tag/e2806894000040038662054f, 84
1652716388.443898, sdrt-health/mac:02010b41cdec/antenna/tag/e2806894000040038662214f, 82
1652716388.459871, sdrt-health/mac:02010b41cdec/antenna/tag/e2806894000040038661f94f, 94
1652716388.520014, sdrt-health/mac:02010b41cdec/antenna/tag/e2806894000040038662054f, 81
1652716388.581704, sdrt-health/mac:02010b41cdec/antenna/tag/e2806894000050038662194f, 87
1652716388.582285, sdrt-health/mac:02010b41cdec/antenna/tag/e2806894000040038662054f, 81
1652716388.650799, sdrt-health/mac:02010b41cdec/antenna/tag/e2806894000050038661fd4f, 83
1652716388.725571, sdrt-health/mac:02010b41cdec/antenna/tag/e2806894000040038662214f, 84
1652716388.759009, sdrt-health/mac:02010b41cdec/antenna/tag/e2806894000040038662114f, 91
1652716388.759724, sdrt-health/mac:02010b41cdec/antenna/tag/e2806894000050038662154f, 85
1652716388.787742, sdrt-health/mac:02010b41cdec/antenna/tag/e2806894000050038661fd4f, 86
1652716388.818743, sdrt-health/mac:02010b41cdec/antenna/tag/e28068940000400386621d4f, 96
1652716388.819165, sdrt-health/mac:02010b41cdec/antenna/tag/e2806894000050038662154f, 91
1652716388.852908, sdrt-health/mac:02010b41cdec/antenna/tag/e2806894000050038662194f, 94
1652716388.905404, sdrt-health/mac:02010b41cdec/antenna/tag/e2806894000040038662114f, 88
1652716388.905872, sdrt-health/mac:02010b41cdec/antenna/tag/e28068940000400386621d4f, 77
1652716388.920769, sdrt-health/mac:02010b41cdec/antenna/tag/e2806894000040038661f94f, 81
1652716388.95596, sdrt-health/mac:02010b41cdec/antenna/tag/e2806894000040038662214f, 94
1652716389.039215, sdrt-health/mac:02010b41cdec/antenna/tag/e2806894000050038662154f, 88
1652716389.039715, sdrt-health/mac:02010b41cdec/antenna/tag/e2806894000040038661f94f, 81
1652716389.077925, sdrt-health/mac:02010b41cdec/antenna/tag/e28068940000400386621d4f, 96
1652716389.126148, sdrt-health/mac:02010b41cdec/antenna/tag/e2806894000040038662054f, 82
1652716389.127665, sdrt-health/mac:02010b41cdec/antenna/tag/e2806894000050038661fd4f, 86
1652716389.20646, sdrt-health/mac:02010b41cdec/antenna/tag/e2806894000040038661f94f, 84
1652716389.255764, sdrt-health/mac:02010b41cdec/antenna/tag/e2806894000050038662154f, 91
1652716389.310171, sdrt-health/mac:02010b41cdec/antenna/tag/e2806894000050038662194f, 85
1652716389.310572, sdrt-health/mac:02010b41cdec/antenna/tag/e2806894000050038662154f, 91
1652716389.347063, sdrt-health/mac:02010b41cdec/antenna/tag/e2806894000050038662154f, 91
1652716389.415947, sdrt-health/mac:02010b41cdec/antenna/tag/e2806894000050038661fd4f, 86
1652716389.456456, sdrt-health/mac:02010b41cdec/antenna/tag/e28068940000400386621d4f, 96
1652716389.529081, sdrt-health/mac:02010b41cdec/antenna/tag/e2806894000050038661fd4f, 86
1652716389.529582, sdrt-health/mac:02010b41cdec/antenna/tag/e2806894000040038662214f, 94
1652716389.558573, sdrt-health/mac:02010b41cdec/antenna/tag/e2806894000040038661f94f, 94
1652716389.587979, sdrt-health/mac:02010b41cdec/antenna/tag/e28068940000400386621d4f, 77
1652716389.588206, sdrt-health/mac:02010b41cdec/antenna/tag/e2806894000040038662114f, 88
1652716389.627443, sdrt-health/mac:02010b41cdec/antenna/tag/e2806894000040038662054f, 81
1652716389.689595, sdrt-health/mac:02010b41cdec/antenna/tag/e2806894000040038661f94f, 82
1652716389.690201, sdrt-health/mac:02010b41cdec/antenna/tag/e2806894000050038662194f, 87
1652716389.752184, sdrt-health/mac:02010b41cdec/antenna/tag/e2806894000050038661fd4f, 86
1652716389.824002, sdrt-health/mac:02010b41cdec/antenna/tag/e2806894000050038662194f, 83
1652716389.884243, sdrt-health/mac:02010b41cdec/antenna/tag/e2806894000050038662194f, 87
1652716389.916126, sdrt-health/mac:02010b41cdec/antenna/tag/e2806894000040038662114f, 91
1652716389.916563, sdrt-health/mac:02010b41cdec/antenna/tag/e2806894000050038662154f, 97
1652716389.916836, sdrt-health/mac:02010b41cdec/antenna/tag/e28068940000400386621d4f, 96
1652716389.947584, sdrt-health/mac:02010b41cdec/antenna/tag/e28068940000400386621d4f, 96
1652716389.996343, sdrt-health/mac:02010b41cdec/antenna/tag/e2806894000050038661fd4f, 86
1652716390.096172, sdrt-health/mac:02010b41cdec/antenna/tag/e28068940000400386621d4f, 96
1652716390.146064, sdrt-health/mac:02010b41cdec/antenna/tag/e2806894000040038661f94f, 94
1652716390.176334, sdrt-health/mac:02010b41cdec/antenna/tag/e2806894000050038662154f, 88
1652716390.176666, sdrt-health/mac:02010b41cdec/antenna/tag/e2806894000040038662114f, 88
1652716390.197332, sdrt-health/mac:02010b41cdec/antenna/tag/e2806894000040038662114f, 91
1652716390.233865, sdrt-health/mac:02010b41cdec/antenna/tag/e2806894000040038661f94f, 81
1652716390.2345, sdrt-health/mac:02010b41cdec/antenna/tag/e2806894000050038661fd4f, 86
1652716390.28274, sdrt-health/mac:02010b41cdec/antenna/tag/e2806894000040038662114f, 88
1652716390.326131, sdrt-health/mac:02010b41cdec/antenna/tag/e2806894000050038662194f, 81
1652716390.387285, sdrt-health/mac:02010b41cdec/antenna/tag/e2806894000050038662154f, 97
1652716390.452272, sdrt-health/mac:02010b41cdec/antenna/tag/e2806894000050038662194f, 81
1652716390.452746, sdrt-health/mac:02010b41cdec/antenna/tag/e28068940000400386621d4f, 96
1652716390.487062, sdrt-health/mac:02010b41cdec/antenna/tag/e2806894000050038662194f, 94
1652716390.55966, sdrt-health/mac:02010b41cdec/antenna/tag/e2806894000050038661fd4f, 83
1652716390.56013, sdrt-health/mac:02010b41cdec/antenna/tag/e2806894000040038662214f, 83
1652716390.597588, sdrt-health/mac:02010b41cdec/antenna/tag/e2806894000050038662154f, 88
1652716390.661795, sdrt-health/mac:02010b41cdec/antenna/tag/e2806894000040038662114f, 91
1652716390.662267, sdrt-health/mac:02010b41cdec/antenna/tag/e2806894000050038662194f, 88
1652716390.67565, sdrt-health/mac:02010b41cdec/antenna/tag/e28068940000400386621d4f, 96
1652716390.695251, sdrt-health/mac:02010b41cdec/antenna/tag/e28068940000400386621d4f, 96
1652716390.731007, sdrt-health/mac:02010b41cdec/antenna/tag/e2806894000050038662154f, 88
1652716390.810536, sdrt-health/mac:02010b41cdec/antenna/tag/e2806894000040038662054f, 81
1652716390.811042, sdrt-health/mac:02010b41cdec/antenna/tag/e2806894000050038662194f, 83
1652716390.825213, sdrt-health/mac:02010b41cdec/antenna/tag/e28068940000400386621d4f, 96
1652716390.837995, sdrt-health/mac:02010b41cdec/antenna/tag/e28068940000400386621d4f, 96
1652716390.840861, sdrt-health/mac:02010b41cdec/antenna/tag/e2806894000050038661fd4f, 86
1652716390.902656, sdrt-health/mac:02010b41cdec/antenna/tag/e2806894000040038662054f, 94
1652716390.965147, sdrt-health/mac:02010b41cdec/antenna/tag/e28068940000400386621d4f, 96
1652716391.042072, sdrt-health/mac:02010b41cdec/antenna/tag/e28068940000400386621d4f, 96
1652716391.042575, sdrt-health/mac:02010b41cdec/antenna/tag/e2806894000050038662194f, 81
1652716391.058151, sdrt-health/mac:02010b41cdec/antenna/tag/e28068940000400386621d4f, 77
1652716391.116113, sdrt-health/mac:02010b41cdec/antenna/tag/e2806894000040038662214f, 83
1652716391.116458, sdrt-health/mac:02010b41cdec/antenna/tag/e2806894000050038661fd4f, 86
1652716391.167373, sdrt-health/mac:02010b41cdec/antenna/tag/e2806894000050038662194f, 83
1652716391.228291, sdrt-health/mac:02010b41cdec/antenna/tag/e2806894000050038662154f, 97
1652716391.228823, sdrt-health/mac:02010b41cdec/antenna/tag/e2806894000050038662154f, 91
1652716391.272602, sdrt-health/mac:02010b41cdec/antenna/tag/e2806894000050038662014f, 94
1652716391.306458, sdrt-health/mac:02010b41cdec/antenna/tag/e2806894000040038662114f, 88
1652716391.306734, sdrt-health/mac:02010b41cdec/antenna/tag/e28068940000400386621d4f, 77
1652716391.307081, sdrt-health/mac:02010b41cdec/antenna/tag/e2806894000050038662154f, 97
1652716391.321628, sdrt-health/mac:02010b41cdec/antenna/tag/e2806894000040038662114f, 88
1652716391.375491, sdrt-health/mac:02010b41cdec/antenna/tag/e2806894000040038662114f, 88
1652716391.415169, sdrt-health/mac:02010b41cdec/antenna/tag/e2806894000040038662214f, 88
1652716391.454658, sdrt-health/mac:02010b41cdec/antenna/tag/e2806894000040038662114f, 88
1652716391.494474, sdrt-health/mac:02010b41cdec/antenna/tag/e2806894000050038661fd4f, 90
1652716391.535786, sdrt-health/mac:02010b41cdec/antenna/tag/e2806894000050038662194f, 81
1652716391.578479, sdrt-health/mac:02010b41cdec/antenna/tag/e2806894000050038661fd4f, 86
1652716391.683087, sdrt-health/mac:02010b41cdec/antenna/tag/e2806894000040038661f94f, 83
1652716391.712316, sdrt-health/mac:02010b41cdec/antenna/tag/e2806894000040038662114f, 88
1652716391.71279, sdrt-health/mac:02010b41cdec/antenna/tag/e2806894000050038661fd4f, 86
1652716391.744044, sdrt-health/mac:02010b41cdec/antenna/tag/e2806894000050038662154f, 91
1652716391.820045, sdrt-health/mac:02010b41cdec/antenna/tag/e28068940000400386621d4f, 96
1652716391.820574, sdrt-health/mac:02010b41cdec/antenna/tag/e2806894000050038661fd4f, 86
1652716391.856843, sdrt-health/mac:02010b41cdec/antenna/tag/e2806894000040038661f94f, 81
1652716391.921713, sdrt-health/mac:02010b41cdec/antenna/tag/e28068940000400386621d4f, 96
1652716391.922182, sdrt-health/mac:02010b41cdec/antenna/tag/e2806894000040038662054f, 84
1652716391.946818, sdrt-health/mac:02010b41cdec/antenna/tag/e2806894000050038662154f, 88
1652716391.984411, sdrt-health/mac:02010b41cdec/antenna/tag/e2806894000050038662194f, 81
1652716392.02573, sdrt-health/mac:02010b41cdec/antenna/tag/e2806894000040038662054f, 81
1652716392.065488, sdrt-health/mac:02010b41cdec/antenna/tag/e2806894000040038661f94f, 81
1652716392.135907, sdrt-health/mac:02010b41cdec/antenna/tag/e2806894000050038662154f, 91
1652716392.186445, sdrt-health/mac:02010b41cdec/antenna/tag/e2806894000040038662114f, 91
1652716392.188076, sdrt-health/mac:02010b41cdec/antenna/tag/e2806894000050038661fd4f, 86
1652716392.200864, sdrt-health/mac:02010b41cdec/antenna/tag/e2806894000040038662114f, 91
1652716392.255961, sdrt-health/mac:02010b41cdec/antenna/tag/e2806894000050038661fd4f, 97
1652716392.321289, sdrt-health/mac:02010b41cdec/antenna/tag/e2806894000040038662114f, 88
1652716392.433256, sdrt-health/mac:02010b41cdec/antenna/tag/e2806894000050038662194f, 83
1652716392.433822, sdrt-health/mac:02010b41cdec/antenna/tag/e28068940000400386621d4f, 77
1652716392.448407, sdrt-health/mac:02010b41cdec/antenna/tag/e2806894000050038662154f, 85
1652716392.465334, sdrt-health/mac:02010b41cdec/antenna/tag/e2806894000040038662214f, 81
1652716392.519472, sdrt-health/mac:02010b41cdec/antenna/tag/e2806894000050038662154f, 85
1652716392.519948, sdrt-health/mac:02010b41cdec/antenna/tag/e2806894000050038661fd4f, 83
1652716392.547325, sdrt-health/mac:02010b41cdec/antenna/tag/e28068940000400386621d4f, 96
1652716392.607483, sdrt-health/mac:02010b41cdec/antenna/tag/e2806894000040038662114f, 88
1652716392.63853, sdrt-health/mac:02010b41cdec/antenna/tag/e28068940000400386621d4f, 96
1652716392.638952, sdrt-health/mac:02010b41cdec/antenna/tag/e2806894000050038662194f, 83
1652716392.654949, sdrt-health/mac:02010b41cdec/antenna/tag/e2806894000050038661fd4f, 90
1652716392.731701, sdrt-health/mac:02010b41cdec/antenna/tag/e2806894000050038661fd4f, 86
1652716392.732178, sdrt-health/mac:02010b41cdec/antenna/tag/e2806894000050038661fd4f, 86
1652716392.747071, sdrt-health/mac:02010b41cdec/antenna/tag/e2806894000050038662154f, 91
1652716392.787398, sdrt-health/mac:02010b41cdec/antenna/tag/e2806894000040038661f94f, 88
1652716392.83808, sdrt-health/mac:02010b41cdec/antenna/tag/e2806894000050038661fd4f, 86
1652716392.904482, sdrt-health/mac:02010b41cdec/antenna/tag/e2806894000040038662114f, 91
1652716392.90506, sdrt-health/mac:02010b41cdec/antenna/tag/e2806894000050038662154f, 91
1652716392.946239, sdrt-health/mac:02010b41cdec/antenna/tag/e2806894000050038662194f, 83
1652716393.190532, sdrt-health/mac:02010b41cdec/antenna/tag/scan, scan stopped
