1652716649.221744, sdrt-health/mac:02010b41cdec/antenna/power/set, {"power": 290}
1652716650.544479, sdrt-health/mac:02010b41cdec/antenna/power/set, 
1652716654.24527, sdrt-health/mac:02010b41cdec/antenna/tag/scan, {"time": 20000}
1652716654.566482, sdrt-health/mac:02010b41cdec/antenna/tag/e2806894000050038662194f, 81
1652716654.62306, sdrt-health/mac:02010b41cdec/antenna/tag/e2806894000050038662194f, 94
1652716654.686232, sdrt-health/mac:02010b41cdec/antenna/tag/e2806894000050038662154f, 91
1652716654.687271, sdrt-health/mac:02010b41cdec/antenna/tag/e2806894000050038662194f, 81
1652716654.704952, sdrt-health/mac:02010b41cdec/antenna/tag/e28068940000400386621d4f, 96
1652716654.736351, sdrt-health/mac:02010b41cdec/antenna/tag/e2806894000050038662194f, 81
1652716654.792886, sdrt-health/mac:02010b41cdec/antenna/tag/e2806894000050038662194f, 87
1652716654.823385, sdrt-health/mac:02010b41cdec/antenna/tag/e2806894000050038662154f, 88
1652716654.823645, sdrt-health/mac:02010b41cdec/antenna/tag/e2806894000050038662194f, 83
1652716654.838537, sdrt-health/mac:02010b41cdec/antenna/tag/e2806894000050038662194f, 81
1652716654.901317, sdrt-health/mac:02010b41cdec/antenna/tag/e28068940000400386621d4f, 96
1652716654.902107, sdrt-health/mac:02010b41cdec/antenna/tag/e2806894000040038662114f, 85
1652716654.955543, sdrt-health/mac:02010b41cdec/antenna/tag/e28068940000400386621d4f, 77
1652716654.983928, sdrt-health/mac:02010b41cdec/antenna/tag/e2806894000050038662154f, 88
1652716654.984201, sdrt-health/mac:02010b41cdec/antenna/tag/e2806894000050038662154f, 88
1652716654.984432, sdrt-health/mac:02010b41cdec/antenna/tag/e2806894000040038662114f, 88
1652716655.036932, sdrt-health/mac:02010b41cdec/antenna/tag/e2806894000050038661fd4f, 83
1652716655.063892, sdrt-health/mac:02010b41cdec/antenna/tag/e28068940000400386621d4f, 96
1652716655.064078, sdrt-health/mac:02010b41cdec/antenna/tag/e2806894000050038661fd4f, 83
1652716655.101097, sdrt-health/mac:02010b41cdec/antenna/tag/e2806894000050038661fd4f, 97
1652716655.130095, sdrt-health/mac:02010b41cdec/antenna/tag/e28068940000400386621d4f, 77
1652716655.130311, sdrt-health/mac:02010b41cdec/antenna/tag/e2806894000050038661fd4f, 83
1652716655.146316, sdrt-health/mac:02010b41cdec/antenna/tag/e2806894000050038661fd4f, 83
1652716655.146557, sdrt-health/mac:02010b41cdec/antenna/tag/e2806894000050038661fd4f, 83
1652716655.203557, sdrt-health/mac:02010b41cdec/antenna/tag/e2806894000050038662194f, 87
1652716655.245949, sdrt-health/mac:02010b41cdec/antenna/tag/e2806894000050038661fd4f, 83
1652716655.286539, sdrt-health/mac:02010b41cdec/antenna/tag/e2806894000050038661fd4f, 90
1652716655.319967, sdrt-health/mac:02010b41cdec/antenna/tag/e2806894000050038661fd4f, 86
1652716655.320187, sdrt-health/mac:02010b41cdec/antenna/tag/e2806894000050038662154f, 91
1652716655.345999, sdrt-health/mac:02010b41cdec/antenna/tag/e2806894000050038661fd4f, 86
1652716655.418176, sdrt-health/mac:02010b41cdec/antenna/tag/e2806894000040038662114f, 85
1652716655.418477, sdrt-health/mac:02010b41cdec/antenna/tag/e2806894000050038661fd4f, 83
1652716655.444982, sdrt-health/mac:02010b41cdec/antenna/tag/e2806894000040038662114f, 88
1652716655.523612, sdrt-health/mac:02010b41cdec/antenna/tag/e2806894000050038662154f, 85
1652716655.523878, sdrt-health/mac:02010b41cdec/antenna/tag/e2806894000050038662154f, 85
1652716655.556604, sdrt-health/mac:02010b41cdec/antenna/tag/e2806894000050038662154f, 97
1652716655.618097, sdrt-health/mac:02010b41cdec/antenna/tag/e2806894000050038662194f, 81
1652716655.618497, sdrt-health/mac:02010b41cdec/antenna/tag/e2806894000050038662194f, 93
1652716655.63251, sdrt-health/mac:02010b41cdec/antenna/tag/e2806894000040038662114f, 91
1652716655.688151, sdrt-health/mac:02010b41cdec/antenna/tag/e2806894000050038662154f, 97
1652716655.68845, sdrt-health/mac:02010b41cdec/antenna/tag/e2806894000040038662114f, 97
1652716655.718731, sdrt-health/mac:02010b41cdec/antenna/tag/e2806894000050038662194f, 83
1652716655.846662, sdrt-health/mac:02010b41cdec/antenna/tag/e28068940000400386621d4f, 90
1652716655.84691, sdrt-health/mac:02010b41cdec/antenna/tag/e2806894000040038662114f, 91
1652716655.916088, sdrt-health/mac:02010b41cdec/antenna/tag/e28068940000400386621d4f, 96
1652716655.916591, sdrt-health/mac:02010b41cdec/antenna/tag/e2806894000050038661fd4f, 83
1652716655.930098, sdrt-health/mac:02010b41cdec/antenna/tag/e2806894000050038662154f, 91
1652716655.975099, sdrt-health/mac:02010b41cdec/antenna/tag/e2806894000050038661fd4f, 86
1652716655.975406, sdrt-health/mac:02010b41cdec/antenna/tag/e28068940000400386621d4f, 96
1652716656.021378, sdrt-health/mac:02010b41cdec/antenna/tag/e2806894000040038662114f, 88
1652716656.077489, sdrt-health/mac:02010b41cdec/antenna/tag/e28068940000400386621d4f, 96
1652716656.07781, sdrt-health/mac:02010b41cdec/antenna/tag/e2806894000050038662154f, 85
1652716656.116826, sdrt-health/mac:02010b41cdec/antenna/tag/e2806894000050038662194f, 83
1652716656.145394, sdrt-health/mac:02010b41cdec/antenna/tag/e28068940000400386621d4f, 77
1652716656.145603, sdrt-health/mac:02010b41cdec/antenna/tag/e28068940000400386621d4f, 77
1652716656.171533, sdrt-health/mac:02010b41cdec/antenna/tag/e2806894000050038661fd4f, 83
1652716656.227433, sdrt-health/mac:02010b41cdec/antenna/tag/e2806894000050038662154f, 97
1652716656.227664, sdrt-health/mac:02010b41cdec/antenna/tag/e2806894000050038662154f, 97
1652716656.24072, sdrt-health/mac:02010b41cdec/antenna/tag/e2806894000040038662114f, 88
1652716656.250552, sdrt-health/mac:02010b41cdec/antenna/tag/e2806894000050038662194f, 81
1652716656.255308, sdrt-health/mac:02010b41cdec/antenna/tag/e2806894000050038662154f, 91
1652716656.25561, sdrt-health/mac:02010b41cdec/antenna/tag/e28068940000400386621d4f, 96
1652716656.304175, sdrt-health/mac:02010b41cdec/antenna/tag/e2806894000050038661fd4f, 86
1652716656.345766, sdrt-health/mac:02010b41cdec/antenna/tag/e28068940000400386621d4f, 77
1652716656.374207, sdrt-health/mac:02010b41cdec/antenna/tag/e2806894000050038662194f, 87
1652716656.37443, sdrt-health/mac:02010b41cdec/antenna/tag/e2806894000050038662154f, 91
1652716656.399505, sdrt-health/mac:02010b41cdec/antenna/tag/e2806894000050038661fd4f, 86
1652716656.512969, sdrt-health/mac:02010b41cdec/antenna/tag/e2806894000050038662154f, 85
1652716656.513453, sdrt-health/mac:02010b41cdec/antenna/tag/e2806894000040038662114f, 91
1652716656.528112, sdrt-health/mac:02010b41cdec/antenna/tag/e2806894000040038662114f, 88
1652716656.550938, sdrt-health/mac:02010b41cdec/antenna/tag/e2806894000050038662154f, 97
1652716656.579681, sdrt-health/mac:02010b41cdec/antenna/tag/e2806894000050038661fd4f, 86
1652716656.579869, sdrt-health/mac:02010b41cdec/antenna/tag/e2806894000050038662154f, 91
1652716656.579983, sdrt-health/mac:02010b41cdec/antenna/tag/e28068940000400386621d4f, 96
1652716656.609503, sdrt-health/mac:02010b41cdec/antenna/tag/e2806894000050038662154f, 88
1652716656.653211, sdrt-health/mac:02010b41cdec/antenna/tag/e28068940000400386621d4f, 96
1652716656.718629, sdrt-health/mac:02010b41cdec/antenna/tag/e2806894000040038662114f, 88
1652716656.71896, sdrt-health/mac:02010b41cdec/antenna/tag/e2806894000040038662114f, 88
1652716656.733694, sdrt-health/mac:02010b41cdec/antenna/tag/e2806894000050038661fd4f, 90
1652716656.772674, sdrt-health/mac:02010b41cdec/antenna/tag/e2806894000050038662154f, 91
1652716656.772876, sdrt-health/mac:02010b41cdec/antenna/tag/e2806894000040038662114f, 91
1652716656.804809, sdrt-health/mac:02010b41cdec/antenna/tag/e2806894000050038662194f, 83
1652716656.868779, sdrt-health/mac:02010b41cdec/antenna/tag/e2806894000040038662114f, 91
1652716656.869343, sdrt-health/mac:02010b41cdec/antenna/tag/e2806894000040038662114f, 91
1652716656.882791, sdrt-health/mac:02010b41cdec/antenna/tag/e2806894000050038661fd4f, 86
1652716656.895843, sdrt-health/mac:02010b41cdec/antenna/tag/e2806894000050038662154f, 88
1652716656.896341, sdrt-health/mac:02010b41cdec/antenna/tag/e2806894000050038661fd4f, 86
1652716656.896525, sdrt-health/mac:02010b41cdec/antenna/tag/e2806894000050038661fd4f, 86
1652716656.934258, sdrt-health/mac:02010b41cdec/antenna/tag/e2806894000050038661fd4f, 83
1652716657.002085, sdrt-health/mac:02010b41cdec/antenna/tag/e28068940000400386621d4f, 77
1652716657.005866, sdrt-health/mac:02010b41cdec/antenna/tag/e2806894000040038662114f, 88
1652716657.016954, sdrt-health/mac:02010b41cdec/antenna/tag/e2806894000040038662114f, 88
1652716657.054698, sdrt-health/mac:02010b41cdec/antenna/tag/e2806894000050038661fd4f, 83
1652716657.127502, sdrt-health/mac:02010b41cdec/antenna/tag/e2806894000050038662194f, 94
1652716657.128023, sdrt-health/mac:02010b41cdec/antenna/tag/e2806894000040038661f94f, 81
1652716657.175617, sdrt-health/mac:02010b41cdec/antenna/tag/e2806894000040038662114f, 91
1652716657.239038, sdrt-health/mac:02010b41cdec/antenna/tag/e2806894000050038662154f, 91
1652716657.239445, sdrt-health/mac:02010b41cdec/antenna/tag/e28068940000400386621d4f, 96
1652716657.253768, sdrt-health/mac:02010b41cdec/antenna/tag/e2806894000040038662114f, 88
1652716657.254196, sdrt-health/mac:02010b41cdec/antenna/tag/e2806894000050038662154f, 91
1652716657.254529, sdrt-health/mac:02010b41cdec/antenna/tag/e2806894000040038662114f, 88
1652716657.283557, sdrt-health/mac:02010b41cdec/antenna/tag/e2806894000040038662114f, 97
1652716657.353037, sdrt-health/mac:02010b41cdec/antenna/tag/e2806894000050038661fd4f, 86
1652716657.353657, sdrt-health/mac:02010b41cdec/antenna/tag/e2806894000050038661fd4f, 90
1652716657.408237, sdrt-health/mac:02010b41cdec/antenna/tag/e2806894000050038662154f, 88
1652716657.45474, sdrt-health/mac:02010b41cdec/antenna/tag/e2806894000050038661fd4f, 86
1652716657.503881, sdrt-health/mac:02010b41cdec/antenna/tag/e2806894000040038662214f, 83
1652716657.658821, sdrt-health/mac:02010b41cdec/antenna/tag/e28068940000400386621d4f, 77
1652716657.688641, sdrt-health/mac:02010b41cdec/antenna/tag/e2806894000040038662214f, 94
1652716657.68886, sdrt-health/mac:02010b41cdec/antenna/tag/e28068940000400386621d4f, 77
1652716657.738326, sdrt-health/mac:02010b41cdec/antenna/tag/e2806894000050038662154f, 97
1652716657.766355, sdrt-health/mac:02010b41cdec/antenna/tag/e2806894000050038661fd4f, 90
1652716657.766556, sdrt-health/mac:02010b41cdec/antenna/tag/e2806894000050038662194f, 81
1652716657.766682, sdrt-health/mac:02010b41cdec/antenna/tag/e2806894000040038662114f, 85
1652716657.766798, sdrt-health/mac:02010b41cdec/antenna/tag/e28068940000400386621d4f, 96
1652716657.76696, sdrt-health/mac:02010b41cdec/antenna/tag/e2806894000050038662154f, 91
1652716657.7871, sdrt-health/mac:02010b41cdec/antenna/tag/e2806894000050038662194f, 83
1652716657.847754, sdrt-health/mac:02010b41cdec/antenna/tag/e2806894000050038662154f, 97
1652716657.848247, sdrt-health/mac:02010b41cdec/antenna/tag/e2806894000040038662114f, 85
1652716657.861674, sdrt-health/mac:02010b41cdec/antenna/tag/e2806894000050038661fd4f, 86
1652716657.876239, sdrt-health/mac:02010b41cdec/antenna/tag/e2806894000050038661fd4f, 97
1652716657.876735, sdrt-health/mac:02010b41cdec/antenna/tag/e2806894000040038662114f, 88
1652716657.889343, sdrt-health/mac:02010b41cdec/antenna/tag/e2806894000050038662154f, 88
1652716657.926049, sdrt-health/mac:02010b41cdec/antenna/tag/e28068940000400386621d4f, 77
1652716658.160513, sdrt-health/mac:02010b41cdec/antenna/tag/e2806894000040038661f94f, 84
1652716658.175432, sdrt-health/mac:02010b41cdec/antenna/tag/e2806894000050038661fd4f, 86
1652716658.225025, sdrt-health/mac:02010b41cdec/antenna/tag/e2806894000050038662194f, 83
1652716658.254476, sdrt-health/mac:02010b41cdec/antenna/tag/e2806894000050038661fd4f, 86
1652716658.25515, sdrt-health/mac:02010b41cdec/antenna/tag/e2806894000050038661fd4f, 86
1652716658.255606, sdrt-health/mac:02010b41cdec/antenna/tag/e2806894000040038662114f, 88
1652716658.255934, sdrt-health/mac:02010b41cdec/antenna/tag/e2806894000040038662114f, 88
1652716658.256222, sdrt-health/mac:02010b41cdec/antenna/tag/e28068940000400386621d4f, 96
1652716658.48791, sdrt-health/mac:02010b41cdec/antenna/tag/e2806894000050038662154f, 91
1652716658.516908, sdrt-health/mac:02010b41cdec/antenna/tag/e28068940000400386621d4f, 96
1652716658.51717, sdrt-health/mac:02010b41cdec/antenna/tag/e2806894000040038662114f, 91
1652716658.579225, sdrt-health/mac:02010b41cdec/antenna/tag/e2806894000050038662154f, 91
1652716658.607594, sdrt-health/mac:02010b41cdec/antenna/tag/e2806894000050038661fd4f, 86
1652716658.607855, sdrt-health/mac:02010b41cdec/antenna/tag/e2806894000050038662154f, 85
1652716658.607996, sdrt-health/mac:02010b41cdec/antenna/tag/e2806894000050038662194f, 81
1652716658.608112, sdrt-health/mac:02010b41cdec/antenna/tag/e2806894000040038662114f, 91
1652716658.608223, sdrt-health/mac:02010b41cdec/antenna/tag/e2806894000050038662154f, 85
1652716658.608331, sdrt-health/mac:02010b41cdec/antenna/tag/e2806894000050038661fd4f, 83
1652716658.608457, sdrt-health/mac:02010b41cdec/antenna/tag/e2806894000050038661fd4f, 90
1652716658.608566, sdrt-health/mac:02010b41cdec/antenna/tag/e2806894000050038661fd4f, 86
1652716658.775968, sdrt-health/mac:02010b41cdec/antenna/tag/e2806894000050038662154f, 91
1652716658.893363, sdrt-health/mac:02010b41cdec/antenna/tag/e2806894000050038662154f, 97
1652716658.893547, sdrt-health/mac:02010b41cdec/antenna/tag/e2806894000050038662154f, 88
1652716658.906797, sdrt-health/mac:02010b41cdec/antenna/tag/e2806894000050038662194f, 81
1652716658.907223, sdrt-health/mac:02010b41cdec/antenna/tag/e2806894000050038662154f, 88
1652716658.907363, sdrt-health/mac:02010b41cdec/antenna/tag/e2806894000050038662194f, 94
1652716658.907482, sdrt-health/mac:02010b41cdec/antenna/tag/e2806894000050038662154f, 88
1652716658.907723, sdrt-health/mac:02010b41cdec/antenna/tag/e2806894000040038662114f, 88
1652716658.907911, sdrt-health/mac:02010b41cdec/antenna/tag/e2806894000050038662194f, 83
1652716658.908033, sdrt-health/mac:02010b41cdec/antenna/tag/e28068940000500386620d4f, 82
1652716658.908149, sdrt-health/mac:02010b41cdec/antenna/tag/e2806894000050038662194f, 81
1652716658.90833, sdrt-health/mac:02010b41cdec/antenna/tag/e28068940000400386621d4f, 96
1652716658.908476, sdrt-health/mac:02010b41cdec/antenna/tag/e2806894000050038662154f, 85
1652716658.968856, sdrt-health/mac:02010b41cdec/antenna/tag/e2806894000040038662114f, 88
1652716658.997212, sdrt-health/mac:02010b41cdec/antenna/tag/e2806894000050038662194f, 81
1652716658.997599, sdrt-health/mac:02010b41cdec/antenna/tag/e28068940000400386621d4f, 77
1652716658.997925, sdrt-health/mac:02010b41cdec/antenna/tag/e2806894000040038662114f, 88
1652716659.035574, sdrt-health/mac:02010b41cdec/antenna/tag/e2806894000050038662194f, 81
1652716659.068213, sdrt-health/mac:02010b41cdec/antenna/tag/e28068940000400386621d4f, 77
1652716659.068531, sdrt-health/mac:02010b41cdec/antenna/tag/e2806894000050038662194f, 81
1652716659.107647, sdrt-health/mac:02010b41cdec/antenna/tag/e2806894000040038662114f, 85
1652716659.179381, sdrt-health/mac:02010b41cdec/antenna/tag/e2806894000050038662154f, 97
1652716659.266735, sdrt-health/mac:02010b41cdec/antenna/tag/e2806894000040038662114f, 88
1652716659.267332, sdrt-health/mac:02010b41cdec/antenna/tag/e2806894000040038662114f, 97
1652716659.28409, sdrt-health/mac:02010b41cdec/antenna/tag/e2806894000050038662154f, 91
1652716659.284343, sdrt-health/mac:02010b41cdec/antenna/tag/e2806894000050038661fd4f, 86
1652716659.284518, sdrt-health/mac:02010b41cdec/antenna/tag/e2806894000050038662194f, 94
1652716659.295606, sdrt-health/mac:02010b41cdec/antenna/tag/e2806894000050038662194f, 81
1652716659.299636, sdrt-health/mac:02010b41cdec/antenna/tag/e28068940000400386621d4f, 96
1652716659.347759, sdrt-health/mac:02010b41cdec/antenna/tag/e2806894000040038662114f, 91
1652716659.397727, sdrt-health/mac:02010b41cdec/antenna/tag/e2806894000050038662154f, 85
1652716659.461597, sdrt-health/mac:02010b41cdec/antenna/tag/e2806894000050038662154f, 88
1652716659.461813, sdrt-health/mac:02010b41cdec/antenna/tag/e2806894000050038662194f, 83
1652716659.477776, sdrt-health/mac:02010b41cdec/antenna/tag/e2806894000050038662194f, 83
1652716659.525886, sdrt-health/mac:02010b41cdec/antenna/tag/e2806894000050038662154f, 85
1652716659.557435, sdrt-health/mac:02010b41cdec/antenna/tag/e28068940000400386621d4f, 77
1652716659.557708, sdrt-health/mac:02010b41cdec/antenna/tag/e2806894000050038661fd4f, 83
1652716659.766622, sdrt-health/mac:02010b41cdec/antenna/tag/e2806894000050038661fd4f, 83
1652716659.84393, sdrt-health/mac:02010b41cdec/antenna/tag/e2806894000050038662154f, 88
1652716659.874865, sdrt-health/mac:02010b41cdec/antenna/tag/e2806894000040038662114f, 91
1652716659.875091, sdrt-health/mac:02010b41cdec/antenna/tag/e2806894000040038662114f, 88
1652716659.875209, sdrt-health/mac:02010b41cdec/antenna/tag/e28068940000400386621d4f, 96
1652716659.875318, sdrt-health/mac:02010b41cdec/antenna/tag/e2806894000050038661fd4f, 86
1652716659.875429, sdrt-health/mac:02010b41cdec/antenna/tag/e2806894000040038662114f, 88
1652716659.875538, sdrt-health/mac:02010b41cdec/antenna/tag/e2806894000050038662154f, 91
1652716659.875662, sdrt-health/mac:02010b41cdec/antenna/tag/e2806894000050038662194f, 81
1652716659.875773, sdrt-health/mac:02010b41cdec/antenna/tag/e2806894000050038662194f, 83
1652716659.906658, sdrt-health/mac:02010b41cdec/antenna/tag/e2806894000040038662114f, 91
1652716659.936443, sdrt-health/mac:02010b41cdec/antenna/tag/e2806894000040038662114f, 91
1652716659.936737, sdrt-health/mac:02010b41cdec/antenna/tag/e2806894000040038662114f, 88
1652716659.964569, sdrt-health/mac:02010b41cdec/antenna/tag/e2806894000050038661fd4f, 83
1652716660.019783, sdrt-health/mac:02010b41cdec/antenna/tag/e2806894000040038662114f, 91
1652716660.050176, sdrt-health/mac:02010b41cdec/antenna/tag/e2806894000050038662194f, 87
1652716660.050453, sdrt-health/mac:02010b41cdec/antenna/tag/e2806894000040038662114f, 91
1652716660.06816, sdrt-health/mac:02010b41cdec/antenna/tag/e28068940000400386621d4f, 96
1652716660.175669, sdrt-health/mac:02010b41cdec/antenna/tag/e2806894000050038662194f, 81
1652716660.239892, sdrt-health/mac:02010b41cdec/antenna/tag/e2806894000040038662114f, 88
1652716660.317502, sdrt-health/mac:02010b41cdec/antenna/tag/e2806894000050038662194f, 81
1652716660.317716, sdrt-health/mac:02010b41cdec/antenna/tag/e2806894000050038662194f, 87
1652716660.332726, sdrt-health/mac:02010b41cdec/antenna/tag/e2806894000050038661fd4f, 83
1652716660.448336, sdrt-health/mac:02010b41cdec/antenna/tag/e2806894000050038661fd4f, 83
1652716660.543311, sdrt-health/mac:02010b41cdec/antenna/tag/e2806894000050038662194f, 81
1652716660.571275, sdrt-health/mac:02010b41cdec/antenna/tag/e28068940000400386621d4f, 77
1652716660.571529, sdrt-health/mac:02010b41cdec/antenna/tag/e2806894000050038662154f, 85
1652716660.571736, sdrt-health/mac:02010b41cdec/antenna/tag/e28068940000400386621d4f, 77
1652716660.598023, sdrt-health/mac:02010b41cdec/antenna/tag/e2806894000050038661fd4f, 83
1652716660.624911, sdrt-health/mac:02010b41cdec/antenna/tag/e2806894000040038662114f, 88
1652716660.625149, sdrt-health/mac:02010b41cdec/antenna/tag/e28068940000400386621d4f, 96
1652716660.644412, sdrt-health/mac:02010b41cdec/antenna/tag/e2806894000050038662194f, 81
1652716660.728508, sdrt-health/mac:02010b41cdec/antenna/tag/e2806894000050038661fd4f, 83
1652716660.728731, sdrt-health/mac:02010b41cdec/antenna/tag/e2806894000050038662194f, 81
1652716660.781882, sdrt-health/mac:02010b41cdec/antenna/tag/e2806894000040038662114f, 91
1652716660.782827, sdrt-health/mac:02010b41cdec/antenna/tag/e28068940000400386621d4f, 96
1652716660.857573, sdrt-health/mac:02010b41cdec/antenna/tag/e2806894000050038661fd4f, 86
1652716660.939379, sdrt-health/mac:02010b41cdec/antenna/tag/e2806894000050038662194f, 83
1652716660.93958, sdrt-health/mac:02010b41cdec/antenna/tag/e2806894000050038662194f, 85
1652716660.953337, sdrt-health/mac:02010b41cdec/antenna/tag/e2806894000050038661fd4f, 86
1652716660.953532, sdrt-health/mac:02010b41cdec/antenna/tag/e2806894000050038661fd4f, 86
1652716660.953665, sdrt-health/mac:02010b41cdec/antenna/tag/e2806894000050038662194f, 85
1652716661.002277, sdrt-health/mac:02010b41cdec/antenna/tag/e28068940000400386621d4f, 96
1652716661.07423, sdrt-health/mac:02010b41cdec/antenna/tag/e2806894000040038662114f, 97
1652716661.074451, sdrt-health/mac:02010b41cdec/antenna/tag/e2806894000050038661fd4f, 86
1652716661.09404, sdrt-health/mac:02010b41cdec/antenna/tag/e2806894000050038661fd4f, 83
1652716661.126395, sdrt-health/mac:02010b41cdec/antenna/tag/e2806894000050038662194f, 87
1652716661.12664, sdrt-health/mac:02010b41cdec/antenna/tag/e2806894000040038662114f, 91
1652716661.126809, sdrt-health/mac:02010b41cdec/antenna/tag/e2806894000050038662194f, 83
1652716661.182558, sdrt-health/mac:02010b41cdec/antenna/tag/e2806894000050038662154f, 85
1652716661.212495, sdrt-health/mac:02010b41cdec/antenna/tag/e2806894000050038661fd4f, 83
1652716661.212766, sdrt-health/mac:02010b41cdec/antenna/tag/e2806894000050038661fd4f, 86
1652716661.212934, sdrt-health/mac:02010b41cdec/antenna/tag/e2806894000040038662114f, 91
1652716661.213117, sdrt-health/mac:02010b41cdec/antenna/tag/e2806894000050038662154f, 91
1652716661.226347, sdrt-health/mac:02010b41cdec/antenna/tag/e2806894000050038662194f, 81
1652716661.226603, sdrt-health/mac:02010b41cdec/antenna/tag/e2806894000050038661fd4f, 86
1652716661.267369, sdrt-health/mac:02010b41cdec/antenna/tag/e2806894000050038661fd4f, 90
1652716661.362852, sdrt-health/mac:02010b41cdec/antenna/tag/e28068940000400386621d4f, 90
1652716661.363253, sdrt-health/mac:02010b41cdec/antenna/tag/e28068940000400386621d4f, 90
1652716661.396139, sdrt-health/mac:02010b41cdec/antenna/tag/e2806894000050038662194f, 87
1652716661.423593, sdrt-health/mac:02010b41cdec/antenna/tag/e2806894000040038661f94f, 88
1652716661.42385, sdrt-health/mac:02010b41cdec/antenna/tag/e2806894000040038662114f, 88
1652716661.485632, sdrt-health/mac:02010b41cdec/antenna/tag/e2806894000050038662154f, 85
1652716661.534847, sdrt-health/mac:02010b41cdec/antenna/tag/e2806894000040038661f94f, 84
1652716661.563475, sdrt-health/mac:02010b41cdec/antenna/tag/e2806894000050038662154f, 88
1652716661.563736, sdrt-health/mac:02010b41cdec/antenna/tag/e2806894000050038661fd4f, 83
1652716661.58868, sdrt-health/mac:02010b41cdec/antenna/tag/e2806894000050038662154f, 91
1652716661.662346, sdrt-health/mac:02010b41cdec/antenna/tag/e28068940000400386621d4f, 96
1652716661.662826, sdrt-health/mac:02010b41cdec/antenna/tag/e2806894000050038662194f, 87
1652716661.718765, sdrt-health/mac:02010b41cdec/antenna/tag/e2806894000050038661fd4f, 83
1652716661.788155, sdrt-health/mac:02010b41cdec/antenna/tag/e2806894000050038661fd4f, 83
1652716661.788737, sdrt-health/mac:02010b41cdec/antenna/tag/e2806894000050038662194f, 83
1652716661.803027, sdrt-health/mac:02010b41cdec/antenna/tag/e28068940000400386621d4f, 96
1652716661.855019, sdrt-health/mac:02010b41cdec/antenna/tag/e2806894000050038661fd4f, 97
1652716661.855405, sdrt-health/mac:02010b41cdec/antenna/tag/e2806894000050038662154f, 97
1652716661.868046, sdrt-health/mac:02010b41cdec/antenna/tag/e28068940000400386621d4f, 96
1652716661.902959, sdrt-health/mac:02010b41cdec/antenna/tag/e2806894000050038662154f, 97
1652716661.93208, sdrt-health/mac:02010b41cdec/antenna/tag/e2806894000050038661fd4f, 86
1652716661.932409, sdrt-health/mac:02010b41cdec/antenna/tag/e2806894000050038661fd4f, 97
1652716661.947032, sdrt-health/mac:02010b41cdec/antenna/tag/e2806894000050038662154f, 88
1652716661.947287, sdrt-health/mac:02010b41cdec/antenna/tag/e2806894000050038662194f, 83
1652716661.947454, sdrt-health/mac:02010b41cdec/antenna/tag/e2806894000050038662194f, 87
1652716661.947675, sdrt-health/mac:02010b41cdec/antenna/tag/e2806894000040038662114f, 88
1652716661.947882, sdrt-health/mac:02010b41cdec/antenna/tag/e2806894000050038662154f, 88
1652716661.995143, sdrt-health/mac:02010b41cdec/antenna/tag/e2806894000050038662194f, 83
1652716662.059414, sdrt-health/mac:02010b41cdec/antenna/tag/e2806894000050038661fd4f, 90
1652716662.150436, sdrt-health/mac:02010b41cdec/antenna/tag/e28068940000400386621d4f, 96
1652716662.151008, sdrt-health/mac:02010b41cdec/antenna/tag/e2806894000050038662154f, 97
1652716662.166795, sdrt-health/mac:02010b41cdec/antenna/tag/e2806894000040038662114f, 85
1652716662.167158, sdrt-health/mac:02010b41cdec/antenna/tag/e2806894000050038661fd4f, 86
1652716662.175578, sdrt-health/mac:02010b41cdec/antenna/tag/e2806894000050038661fd4f, 86
1652716662.23392, sdrt-health/mac:02010b41cdec/antenna/tag/e2806894000040038662114f, 88
1652716662.265012, sdrt-health/mac:02010b41cdec/antenna/tag/e28068940000400386621d4f, 96
1652716662.266182, sdrt-health/mac:02010b41cdec/antenna/tag/e2806894000050038662154f, 88
1652716662.304599, sdrt-health/mac:02010b41cdec/antenna/tag/e2806894000050038661fd4f, 86
1652716662.365898, sdrt-health/mac:02010b41cdec/antenna/tag/e28068940000400386621d4f, 96
1652716662.394765, sdrt-health/mac:02010b41cdec/antenna/tag/e2806894000040038662114f, 97
1652716662.394985, sdrt-health/mac:02010b41cdec/antenna/tag/e2806894000050038661fd4f, 83
1652716662.437611, sdrt-health/mac:02010b41cdec/antenna/tag/e2806894000050038662154f, 88
1652716662.488966, sdrt-health/mac:02010b41cdec/antenna/tag/e2806894000040038662054f, 94
1652716662.519386, sdrt-health/mac:02010b41cdec/antenna/tag/e2806894000050038661fd4f, 83
1652716662.519897, sdrt-health/mac:02010b41cdec/antenna/tag/e2806894000040038662114f, 88
1652716662.520347, sdrt-health/mac:02010b41cdec/antenna/tag/e2806894000050038661fd4f, 86
1652716662.552594, sdrt-health/mac:02010b41cdec/antenna/tag/e2806894000050038662154f, 88
1652716662.605505, sdrt-health/mac:02010b41cdec/antenna/tag/e2806894000040038662114f, 85
1652716662.634443, sdrt-health/mac:02010b41cdec/antenna/tag/e28068940000400386621d4f, 77
1652716662.634654, sdrt-health/mac:02010b41cdec/antenna/tag/e28068940000400386621d4f, 77
1652716662.634833, sdrt-health/mac:02010b41cdec/antenna/tag/e2806894000040038662114f, 91
1652716662.649351, sdrt-health/mac:02010b41cdec/antenna/tag/e2806894000050038662194f, 83
1652716662.703474, sdrt-health/mac:02010b41cdec/antenna/tag/e2806894000040038662114f, 88
1652716662.761494, sdrt-health/mac:02010b41cdec/antenna/tag/e2806894000050038662154f, 91
1652716662.791971, sdrt-health/mac:02010b41cdec/antenna/tag/e2806894000050038661fd4f, 86
1652716662.792496, sdrt-health/mac:02010b41cdec/antenna/tag/e28068940000400386621d4f, 77
1652716662.836975, sdrt-health/mac:02010b41cdec/antenna/tag/e2806894000050038661fd4f, 86
1652716662.897886, sdrt-health/mac:02010b41cdec/antenna/tag/e2806894000050038661fd4f, 83
1652716662.972923, sdrt-health/mac:02010b41cdec/antenna/tag/e28068940000400386621d4f, 96
1652716662.973132, sdrt-health/mac:02010b41cdec/antenna/tag/e28068940000400386621d4f, 96
1652716663.014488, sdrt-health/mac:02010b41cdec/antenna/tag/e28068940000400386621d4f, 90
1652716663.055752, sdrt-health/mac:02010b41cdec/antenna/tag/e2806894000050038661fd4f, 86
1652716663.105503, sdrt-health/mac:02010b41cdec/antenna/tag/e28068940000400386621d4f, 96
1652716663.146275, sdrt-health/mac:02010b41cdec/antenna/tag/e2806894000050038662154f, 91
1652716663.19653, sdrt-health/mac:02010b41cdec/antenna/tag/e2806894000050038661fd4f, 86
1652716663.197148, sdrt-health/mac:02010b41cdec/antenna/tag/e2806894000050038661fd4f, 86
1652716663.25736, sdrt-health/mac:02010b41cdec/antenna/tag/e2806894000050038662194f, 94
1652716663.341306, sdrt-health/mac:02010b41cdec/antenna/tag/e2806894000040038662114f, 88
1652716663.341777, sdrt-health/mac:02010b41cdec/antenna/tag/e28068940000400386621d4f, 96
1652716663.356095, sdrt-health/mac:02010b41cdec/antenna/tag/e2806894000050038661fd4f, 90
1652716663.422497, sdrt-health/mac:02010b41cdec/antenna/tag/e2806894000050038661fd4f, 83
1652716663.454256, sdrt-health/mac:02010b41cdec/antenna/tag/e2806894000050038661fd4f, 90
1652716663.454647, sdrt-health/mac:02010b41cdec/antenna/tag/e2806894000050038662154f, 88
1652716663.454924, sdrt-health/mac:02010b41cdec/antenna/tag/e2806894000040038662114f, 91
1652716663.493729, sdrt-health/mac:02010b41cdec/antenna/tag/e28068940000400386621d4f, 96
1652716663.524275, sdrt-health/mac:02010b41cdec/antenna/tag/e2806894000040038662114f, 88
1652716663.524637, sdrt-health/mac:02010b41cdec/antenna/tag/e2806894000040038662214f, 94
1652716663.544085, sdrt-health/mac:02010b41cdec/antenna/tag/e2806894000040038662214f, 94
1652716663.62038, sdrt-health/mac:02010b41cdec/antenna/tag/e2806894000050038662154f, 85
1652716663.620902, sdrt-health/mac:02010b41cdec/antenna/tag/e2806894000050038662154f, 91
1652716663.847625, sdrt-health/mac:02010b41cdec/antenna/tag/e2806894000050038662154f, 91
1652716663.879522, sdrt-health/mac:02010b41cdec/antenna/tag/e28068940000400386621d4f, 90
1652716663.879848, sdrt-health/mac:02010b41cdec/antenna/tag/e2806894000050038661fd4f, 86
1652716663.923379, sdrt-health/mac:02010b41cdec/antenna/tag/e2806894000050038662194f, 93
1652716663.95663, sdrt-health/mac:02010b41cdec/antenna/tag/e2806894000050038662154f, 88
1652716663.957074, sdrt-health/mac:02010b41cdec/antenna/tag/e2806894000050038662154f, 88
1652716663.957355, sdrt-health/mac:02010b41cdec/antenna/tag/e28068940000400386621d4f, 96
1652716663.957662, sdrt-health/mac:02010b41cdec/antenna/tag/e2806894000050038662194f, 83
1652716663.957956, sdrt-health/mac:02010b41cdec/antenna/tag/e2806894000050038661fd4f, 86
1652716663.958276, sdrt-health/mac:02010b41cdec/antenna/tag/e2806894000050038661fd4f, 86
1652716663.9587, sdrt-health/mac:02010b41cdec/antenna/tag/e28068940000400386621d4f, 96
1652716663.974083, sdrt-health/mac:02010b41cdec/antenna/tag/e2806894000050038661fd4f, 86
1652716664.01908, sdrt-health/mac:02010b41cdec/antenna/tag/e2806894000050038662194f, 94
1652716664.066767, sdrt-health/mac:02010b41cdec/antenna/tag/e2806894000040038661f94f, 88
1652716664.13482, sdrt-health/mac:02010b41cdec/antenna/tag/e28068940000400386621d4f, 96
1652716664.181367, sdrt-health/mac:02010b41cdec/antenna/tag/e28068940000400386621d4f, 96
1652716664.211211, sdrt-health/mac:02010b41cdec/antenna/tag/e2806894000040038662114f, 88
1652716664.211457, sdrt-health/mac:02010b41cdec/antenna/tag/e2806894000050038661fd4f, 86
1652716664.226223, sdrt-health/mac:02010b41cdec/antenna/tag/e2806894000050038662154f, 97
1652716664.264186, sdrt-health/mac:02010b41cdec/antenna/tag/e2806894000040038662114f, 88
1652716664.304143, sdrt-health/mac:02010b41cdec/antenna/tag/e2806894000040038662114f, 88
1652716664.367232, sdrt-health/mac:02010b41cdec/antenna/tag/e2806894000040038661f94f, 88
1652716664.438754, sdrt-health/mac:02010b41cdec/antenna/tag/e2806894000050038662194f, 94
1652716664.548964, sdrt-health/mac:02010b41cdec/antenna/tag/e2806894000040038662214f, 84
1652716664.549498, sdrt-health/mac:02010b41cdec/antenna/tag/e2806894000040038662114f, 85
1652716664.623174, sdrt-health/mac:02010b41cdec/antenna/tag/e28068940000400386621d4f, 96
1652716664.697562, sdrt-health/mac:02010b41cdec/antenna/tag/e28068940000400386621d4f, 96
1652716664.698172, sdrt-health/mac:02010b41cdec/antenna/tag/e2806894000050038662194f, 83
1652716664.712661, sdrt-health/mac:02010b41cdec/antenna/tag/e2806894000050038662154f, 97
1652716664.781358, sdrt-health/mac:02010b41cdec/antenna/tag/e2806894000040038662114f, 88
1652716664.781605, sdrt-health/mac:02010b41cdec/antenna/tag/e2806894000050038662154f, 91
1652716664.795424, sdrt-health/mac:02010b41cdec/antenna/tag/e2806894000050038661fd4f, 90
1652716664.867243, sdrt-health/mac:02010b41cdec/antenna/tag/e2806894000050038661fd4f, 90
1652716664.89554, sdrt-health/mac:02010b41cdec/antenna/tag/e28068940000400386621d4f, 96
1652716664.895929, sdrt-health/mac:02010b41cdec/antenna/tag/e28068940000400386621d4f, 96
1652716664.896188, sdrt-health/mac:02010b41cdec/antenna/tag/e2806894000050038661fd4f, 86
1652716664.918723, sdrt-health/mac:02010b41cdec/antenna/tag/e2806894000040038662114f, 88
1652716664.945481, sdrt-health/mac:02010b41cdec/antenna/tag/e2806894000050038662194f, 83
1652716664.945858, sdrt-health/mac:02010b41cdec/antenna/tag/e2806894000050038662194f, 81
1652716664.970301, sdrt-health/mac:02010b41cdec/antenna/tag/e2806894000040038662114f, 88
1652716665.030405, sdrt-health/mac:02010b41cdec/antenna/tag/e2806894000050038662194f, 81
1652716665.030949, sdrt-health/mac:02010b41cdec/antenna/tag/e28068940000400386621d4f, 96
1652716665.067484, sdrt-health/mac:02010b41cdec/antenna/tag/e2806894000050038662154f, 91
1652716665.094131, sdrt-health/mac:02010b41cdec/antenna/tag/e2806894000050038661fd4f, 86
1652716665.094409, sdrt-health/mac:02010b41cdec/antenna/tag/e2806894000050038662194f, 81
1652716665.213855, sdrt-health/mac:02010b41cdec/antenna/tag/e2806894000050038661fd4f, 86
1652716665.259217, sdrt-health/mac:02010b41cdec/antenna/tag/e2806894000040038662114f, 91
1652716665.291917, sdrt-health/mac:02010b41cdec/antenna/tag/e2806894000050038662154f, 88
1652716665.292588, sdrt-health/mac:02010b41cdec/antenna/tag/e2806894000050038662154f, 88
1652716665.321339, sdrt-health/mac:02010b41cdec/antenna/tag/e2806894000050038662154f, 88
1652716665.364008, sdrt-health/mac:02010b41cdec/antenna/tag/e2806894000050038662194f, 81
1652716665.41386, sdrt-health/mac:02010b41cdec/antenna/tag/e2806894000050038662194f, 83
1652716665.453774, sdrt-health/mac:02010b41cdec/antenna/tag/e2806894000040038661f94f, 88
1652716665.509045, sdrt-health/mac:02010b41cdec/antenna/tag/e28068940000400386621d4f, 96
1652716665.574283, sdrt-health/mac:02010b41cdec/antenna/tag/e2806894000040038661f94f, 88
1652716665.574766, sdrt-health/mac:02010b41cdec/antenna/tag/e2806894000050038662154f, 88
1652716665.588777, sdrt-health/mac:02010b41cdec/antenna/tag/e2806894000050038662194f, 94
1652716665.589241, sdrt-health/mac:02010b41cdec/antenna/tag/e2806894000050038661fd4f, 86
1652716665.60555, sdrt-health/mac:02010b41cdec/antenna/tag/e2806894000050038661fd4f, 86
1652716665.678818, sdrt-health/mac:02010b41cdec/antenna/tag/e2806894000050038661fd4f, 86
1652716665.679385, sdrt-health/mac:02010b41cdec/antenna/tag/e2806894000050038661fd4f, 86
1652716665.716781, sdrt-health/mac:02010b41cdec/antenna/tag/e28068940000400386621d4f, 96
1652716665.771141, sdrt-health/mac:02010b41cdec/antenna/tag/e2806894000050038662194f, 94
1652716665.772173, sdrt-health/mac:02010b41cdec/antenna/tag/e2806894000050038661fd4f, 90
1652716665.826171, sdrt-health/mac:02010b41cdec/antenna/tag/e2806894000050038661fd4f, 86
1652716665.86342, sdrt-health/mac:02010b41cdec/antenna/tag/e2806894000050038662154f, 91
1652716665.93901, sdrt-health/mac:02010b41cdec/antenna/tag/e28068940000400386621d4f, 90
1652716665.939545, sdrt-health/mac:02010b41cdec/antenna/tag/e2806894000050038662154f, 85
1652716665.974709, sdrt-health/mac:02010b41cdec/antenna/tag/e2806894000050038662194f, 93
1652716666.028637, sdrt-health/mac:02010b41cdec/antenna/tag/e28068940000400386621d4f, 96
1652716666.029106, sdrt-health/mac:02010b41cdec/antenna/tag/e2806894000050038662154f, 85
1652716666.061724, sdrt-health/mac:02010b41cdec/antenna/tag/e2806894000050038662194f, 85
1652716666.119032, sdrt-health/mac:02010b41cdec/antenna/tag/e2806894000050038662154f, 88
1652716666.119534, sdrt-health/mac:02010b41cdec/antenna/tag/e2806894000040038662114f, 91
1652716666.178529, sdrt-health/mac:02010b41cdec/antenna/tag/e2806894000040038662114f, 88
1652716666.217007, sdrt-health/mac:02010b41cdec/antenna/tag/e2806894000050038662154f, 88
1652716666.250312, sdrt-health/mac:02010b41cdec/antenna/tag/e28068940000400386621d4f, 90
1652716666.250836, sdrt-health/mac:02010b41cdec/antenna/tag/e2806894000050038661fd4f, 86
1652716666.281912, sdrt-health/mac:02010b41cdec/antenna/tag/e2806894000050038662194f, 88
1652716666.342377, sdrt-health/mac:02010b41cdec/antenna/tag/e2806894000050038662154f, 88
1652716666.342889, sdrt-health/mac:02010b41cdec/antenna/tag/e2806894000050038662194f, 87
1652716666.356785, sdrt-health/mac:02010b41cdec/antenna/tag/e2806894000050038662154f, 88
1652716666.375077, sdrt-health/mac:02010b41cdec/antenna/tag/e2806894000050038661fd4f, 83
1652716666.375595, sdrt-health/mac:02010b41cdec/antenna/tag/e2806894000050038662154f, 88
1652716666.389713, sdrt-health/mac:02010b41cdec/antenna/tag/e28068940000400386621d4f, 77
1652716666.426439, sdrt-health/mac:02010b41cdec/antenna/tag/e2806894000050038662154f, 93
1652716666.474406, sdrt-health/mac:02010b41cdec/antenna/tag/e2806894000050038661fd4f, 83
1652716666.547771, sdrt-health/mac:02010b41cdec/antenna/tag/e2806894000050038662154f, 97
1652716666.578451, sdrt-health/mac:02010b41cdec/antenna/tag/e2806894000040038662114f, 88
1652716666.578829, sdrt-health/mac:02010b41cdec/antenna/tag/e2806894000050038662194f, 87
1652716666.579127, sdrt-health/mac:02010b41cdec/antenna/tag/e2806894000050038662154f, 97
1652716666.62292, sdrt-health/mac:02010b41cdec/antenna/tag/e2806894000050038662194f, 81
1652716666.664691, sdrt-health/mac:02010b41cdec/antenna/tag/e2806894000040038661f94f, 84
1652716666.720143, sdrt-health/mac:02010b41cdec/antenna/tag/e2806894000050038662194f, 94
1652716666.72058, sdrt-health/mac:02010b41cdec/antenna/tag/e2806894000050038661fd4f, 83
1652716666.736252, sdrt-health/mac:02010b41cdec/antenna/tag/e2806894000050038662194f, 83
1652716666.74486, sdrt-health/mac:02010b41cdec/antenna/tag/e2806894000050038662154f, 85
1652716666.750101, sdrt-health/mac:02010b41cdec/antenna/tag/e2806894000050038662194f, 87
1652716666.824248, sdrt-health/mac:02010b41cdec/antenna/tag/e2806894000050038662154f, 85
1652716666.8664, sdrt-health/mac:02010b41cdec/antenna/tag/e2806894000050038662194f, 87
1652716667.034166, sdrt-health/mac:02010b41cdec/antenna/tag/e2806894000050038662194f, 93
1652716667.094011, sdrt-health/mac:02010b41cdec/antenna/tag/e2806894000050038662194f, 83
1652716667.134134, sdrt-health/mac:02010b41cdec/antenna/tag/e2806894000040038662114f, 88
1652716667.135071, sdrt-health/mac:02010b41cdec/antenna/tag/e2806894000050038662154f, 85
1652716667.185341, sdrt-health/mac:02010b41cdec/antenna/tag/e2806894000040038662114f, 91
1652716667.252694, sdrt-health/mac:02010b41cdec/antenna/tag/e2806894000050038662154f, 85
1652716667.253169, sdrt-health/mac:02010b41cdec/antenna/tag/e2806894000050038661fd4f, 83
1652716667.253583, sdrt-health/mac:02010b41cdec/antenna/tag/e2806894000050038661fd4f, 90
1652716667.291653, sdrt-health/mac:02010b41cdec/antenna/tag/e2806894000040038662114f, 91
1652716667.335445, sdrt-health/mac:02010b41cdec/antenna/tag/e2806894000050038661fd4f, 86
1652716667.378018, sdrt-health/mac:02010b41cdec/antenna/tag/e2806894000040038662114f, 91
1652716667.428919, sdrt-health/mac:02010b41cdec/antenna/tag/e2806894000050038662194f, 93
1652716667.429291, sdrt-health/mac:02010b41cdec/antenna/tag/e2806894000050038662154f, 88
1652716667.463371, sdrt-health/mac:02010b41cdec/antenna/tag/e2806894000050038662154f, 88
1652716667.504232, sdrt-health/mac:02010b41cdec/antenna/tag/e28068940000400386621d4f, 77
1652716667.56017, sdrt-health/mac:02010b41cdec/antenna/tag/e2806894000040038662114f, 91
1652716667.589746, sdrt-health/mac:02010b41cdec/antenna/tag/e2806894000040038662114f, 91
1652716667.590377, sdrt-health/mac:02010b41cdec/antenna/tag/e2806894000050038661fd4f, 83
1652716667.622234, sdrt-health/mac:02010b41cdec/antenna/tag/e2806894000050038662194f, 87
1652716667.681373, sdrt-health/mac:02010b41cdec/antenna/tag/e2806894000050038662154f, 91
1652716667.681865, sdrt-health/mac:02010b41cdec/antenna/tag/e2806894000050038662154f, 88
1652716667.696807, sdrt-health/mac:02010b41cdec/antenna/tag/e2806894000040038662114f, 91
1652716667.716748, sdrt-health/mac:02010b41cdec/antenna/tag/e2806894000050038662154f, 88
1652716667.782197, sdrt-health/mac:02010b41cdec/antenna/tag/e2806894000050038661fd4f, 86
1652716667.842713, sdrt-health/mac:02010b41cdec/antenna/tag/e2806894000050038662154f, 91
1652716667.84324, sdrt-health/mac:02010b41cdec/antenna/tag/e2806894000050038662154f, 88
1652716667.873862, sdrt-health/mac:02010b41cdec/antenna/tag/e28068940000400386621d4f, 96
1652716667.902197, sdrt-health/mac:02010b41cdec/antenna/tag/e28068940000400386621d4f, 90
1652716667.902597, sdrt-health/mac:02010b41cdec/antenna/tag/e28068940000400386621d4f, 77
1652716667.924756, sdrt-health/mac:02010b41cdec/antenna/tag/e2806894000050038661fd4f, 83
1652716668.00436, sdrt-health/mac:02010b41cdec/antenna/tag/e2806894000040038662114f, 91
1652716668.004986, sdrt-health/mac:02010b41cdec/antenna/tag/e2806894000050038661fd4f, 83
1652716668.022482, sdrt-health/mac:02010b41cdec/antenna/tag/e2806894000050038661fd4f, 83
1652716668.064407, sdrt-health/mac:02010b41cdec/antenna/tag/e28068940000400386621d4f, 96
1652716668.134195, sdrt-health/mac:02010b41cdec/antenna/tag/e2806894000050038662194f, 93
1652716668.1356, sdrt-health/mac:02010b41cdec/antenna/tag/e2806894000050038662154f, 85
1652716668.150638, sdrt-health/mac:02010b41cdec/antenna/tag/e2806894000050038661fd4f, 83
1652716668.165823, sdrt-health/mac:02010b41cdec/antenna/tag/e2806894000050038661fd4f, 83
1652716668.195288, sdrt-health/mac:02010b41cdec/antenna/tag/e2806894000050038662154f, 85
1652716668.195703, sdrt-health/mac:02010b41cdec/antenna/tag/e2806894000040038662114f, 91
1652716668.232427, sdrt-health/mac:02010b41cdec/antenna/tag/e2806894000040038662114f, 88
1652716668.27709, sdrt-health/mac:02010b41cdec/antenna/tag/e28068940000400386621d4f, 96
1652716668.32674, sdrt-health/mac:02010b41cdec/antenna/tag/e28068940000400386621d4f, 96
1652716668.354882, sdrt-health/mac:02010b41cdec/antenna/tag/e2806894000040038662114f, 97
1652716668.355269, sdrt-health/mac:02010b41cdec/antenna/tag/e28068940000400386621d4f, 96
1652716668.355529, sdrt-health/mac:02010b41cdec/antenna/tag/e2806894000050038662154f, 91
1652716668.374619, sdrt-health/mac:02010b41cdec/antenna/tag/e2806894000040038662114f, 88
1652716668.425446, sdrt-health/mac:02010b41cdec/antenna/tag/e2806894000040038662054f, 81
1652716668.425897, sdrt-health/mac:02010b41cdec/antenna/tag/e2806894000050038662194f, 83
1652716668.44041, sdrt-health/mac:02010b41cdec/antenna/tag/e2806894000040038662114f, 88
1652716668.46289, sdrt-health/mac:02010b41cdec/antenna/tag/e2806894000050038662194f, 83
1652716668.504532, sdrt-health/mac:02010b41cdec/antenna/tag/e2806894000040038662114f, 91
1652716668.544218, sdrt-health/mac:02010b41cdec/antenna/tag/e2806894000050038661fd4f, 90
1652716668.613057, sdrt-health/mac:02010b41cdec/antenna/tag/e2806894000040038662114f, 91
1652716668.613515, sdrt-health/mac:02010b41cdec/antenna/tag/e2806894000050038662154f, 91
1652716668.639298, sdrt-health/mac:02010b41cdec/antenna/tag/e28068940000400386621d4f, 96
1652716668.693859, sdrt-health/mac:02010b41cdec/antenna/tag/e28068940000400386621d4f, 96
1652716668.748354, sdrt-health/mac:02010b41cdec/antenna/tag/e2806894000050038661fd4f, 86
1652716668.748895, sdrt-health/mac:02010b41cdec/antenna/tag/e2806894000050038662154f, 88
1652716668.765087, sdrt-health/mac:02010b41cdec/antenna/tag/e2806894000040038662114f, 97
1652716668.765595, sdrt-health/mac:02010b41cdec/antenna/tag/e2806894000040038662114f, 97
1652716668.784375, sdrt-health/mac:02010b41cdec/antenna/tag/e2806894000040038662114f, 91
1652716668.839011, sdrt-health/mac:02010b41cdec/antenna/tag/e2806894000040038662114f, 91
1652716668.869748, sdrt-health/mac:02010b41cdec/antenna/tag/e2806894000050038661fd4f, 86
1652716668.870082, sdrt-health/mac:02010b41cdec/antenna/tag/e2806894000050038661fd4f, 86
1652716668.883852, sdrt-health/mac:02010b41cdec/antenna/tag/e2806894000040038662114f, 91
1652716668.884375, sdrt-health/mac:02010b41cdec/antenna/tag/e2806894000050038661fd4f, 86
1652716668.934697, sdrt-health/mac:02010b41cdec/antenna/tag/e28068940000400386621d4f, 96
1652716668.963907, sdrt-health/mac:02010b41cdec/antenna/tag/e2806894000040038662114f, 88
1652716668.96418, sdrt-health/mac:02010b41cdec/antenna/tag/e2806894000050038661fd4f, 86
1652716669.002112, sdrt-health/mac:02010b41cdec/antenna/tag/e28068940000400386621d4f, 96
1652716669.071168, sdrt-health/mac:02010b41cdec/antenna/tag/e2806894000050038662154f, 88
1652716669.071727, sdrt-health/mac:02010b41cdec/antenna/tag/e2806894000050038661fd4f, 86
1652716669.07217, sdrt-health/mac:02010b41cdec/antenna/tag/e2806894000050038661fd4f, 86
1652716669.072576, sdrt-health/mac:02010b41cdec/antenna/tag/e2806894000050038662194f, 83
1652716669.086296, sdrt-health/mac:02010b41cdec/antenna/tag/e28068940000400386621d4f, 77
1652716669.134852, sdrt-health/mac:02010b41cdec/antenna/tag/e2806894000040038662114f, 88
1652716669.174223, sdrt-health/mac:02010b41cdec/antenna/tag/e2806894000050038662154f, 97
1652716669.175336, sdrt-health/mac:02010b41cdec/antenna/tag/e2806894000050038662194f, 81
1652716669.214438, sdrt-health/mac:02010b41cdec/antenna/tag/e2806894000050038661fd4f, 86
1652716669.270162, sdrt-health/mac:02010b41cdec/antenna/tag/e28068940000400386621d4f, 96
1652716669.270543, sdrt-health/mac:02010b41cdec/antenna/tag/e2806894000050038662194f, 81
1652716669.285802, sdrt-health/mac:02010b41cdec/antenna/tag/e2806894000050038661fd4f, 86
1652716669.338296, sdrt-health/mac:02010b41cdec/antenna/tag/e2806894000050038662194f, 81
1652716669.338584, sdrt-health/mac:02010b41cdec/antenna/tag/e2806894000050038661fd4f, 83
1652716669.352981, sdrt-health/mac:02010b41cdec/antenna/tag/e2806894000050038662194f, 83
1652716669.371507, sdrt-health/mac:02010b41cdec/antenna/tag/e2806894000040038662114f, 91
1652716669.435871, sdrt-health/mac:02010b41cdec/antenna/tag/e2806894000050038662194f, 83
1652716669.436517, sdrt-health/mac:02010b41cdec/antenna/tag/e2806894000040038662114f, 91
1652716669.595762, sdrt-health/mac:02010b41cdec/antenna/tag/e2806894000040038662114f, 88
1652716669.637618, sdrt-health/mac:02010b41cdec/antenna/tag/e2806894000040038662114f, 88
1652716669.717568, sdrt-health/mac:02010b41cdec/antenna/tag/e2806894000050038662154f, 91
1652716669.765529, sdrt-health/mac:02010b41cdec/antenna/tag/e2806894000050038661fd4f, 90
1652716669.813694, sdrt-health/mac:02010b41cdec/antenna/tag/e2806894000040038662114f, 91
1652716669.863999, sdrt-health/mac:02010b41cdec/antenna/tag/e2806894000040038662114f, 85
1652716669.958487, sdrt-health/mac:02010b41cdec/antenna/tag/e2806894000050038661fd4f, 83
1652716670.005996, sdrt-health/mac:02010b41cdec/antenna/tag/e2806894000040038662114f, 88
1652716670.08063, sdrt-health/mac:02010b41cdec/antenna/tag/e2806894000050038661fd4f, 83
1652716670.081245, sdrt-health/mac:02010b41cdec/antenna/tag/e28068940000400386621d4f, 77
1652716670.117173, sdrt-health/mac:02010b41cdec/antenna/tag/e2806894000050038661fd4f, 86
1652716670.146515, sdrt-health/mac:02010b41cdec/antenna/tag/e28068940000400386621d4f, 96
1652716670.146905, sdrt-health/mac:02010b41cdec/antenna/tag/e2806894000040038662114f, 88
1652716670.164585, sdrt-health/mac:02010b41cdec/antenna/tag/e28068940000400386621d4f, 96
1652716670.193425, sdrt-health/mac:02010b41cdec/antenna/tag/e2806894000050038661fd4f, 86
1652716670.193663, sdrt-health/mac:02010b41cdec/antenna/tag/e28068940000400386621d4f, 96
1652716670.214157, sdrt-health/mac:02010b41cdec/antenna/tag/e2806894000050038661fd4f, 86
1652716670.278698, sdrt-health/mac:02010b41cdec/antenna/tag/e2806894000050038662154f, 91
1652716670.279195, sdrt-health/mac:02010b41cdec/antenna/tag/e2806894000050038662154f, 88
1652716670.293456, sdrt-health/mac:02010b41cdec/antenna/tag/e2806894000050038662194f, 93
1652716670.345889, sdrt-health/mac:02010b41cdec/antenna/tag/e28068940000400386621d4f, 96
1652716670.396557, sdrt-health/mac:02010b41cdec/antenna/tag/e2806894000050038662154f, 85
1652716670.462659, sdrt-health/mac:02010b41cdec/antenna/tag/e2806894000040038662114f, 91
1652716670.463165, sdrt-health/mac:02010b41cdec/antenna/tag/e2806894000050038662154f, 85
1652716670.47797, sdrt-health/mac:02010b41cdec/antenna/tag/e2806894000050038662194f, 83
1652716670.493888, sdrt-health/mac:02010b41cdec/antenna/tag/e2806894000040038662214f, 83
1652716670.533845, sdrt-health/mac:02010b41cdec/antenna/tag/e2806894000050038661fd4f, 83
1652716670.58737, sdrt-health/mac:02010b41cdec/antenna/tag/e28068940000400386621d4f, 77
1652716670.587836, sdrt-health/mac:02010b41cdec/antenna/tag/e2806894000040038661f94f, 82
1652716670.613439, sdrt-health/mac:02010b41cdec/antenna/tag/e2806894000050038661fd4f, 86
1652716670.654006, sdrt-health/mac:02010b41cdec/antenna/tag/e2806894000050038662154f, 91
1652716670.693682, sdrt-health/mac:02010b41cdec/antenna/tag/e2806894000040038662114f, 88
1652716670.74536, sdrt-health/mac:02010b41cdec/antenna/tag/e2806894000050038662194f, 81
1652716670.786294, sdrt-health/mac:02010b41cdec/antenna/state, connected
1652716670.786937, sdrt-health/mac:02010b41cdec/fw, {"version":"1.8.1","model":"200","hash":"2f556501b58f1dad542af428d7928d18","timestamp":1652716667}
1652716670.802806, sdrt-health/mac:02010b41cdec/antenna/tag/e2806894000040038662114f, 88
1652716670.82418, sdrt-health/mac:02010b41cdec/antenna/tag/e2806894000050038661fd4f, 83
1652716670.888873, sdrt-health/mac:02010b41cdec/antenna/tag/e2806894000050038662154f, 91
1652716670.889342, sdrt-health/mac:02010b41cdec/antenna/tag/e2806894000050038662154f, 88
1652716670.889683, sdrt-health/mac:02010b41cdec/antenna/tag/e2806894000040038662214f, 94
1652716671.023565, sdrt-health/mac:02010b41cdec/antenna/tag/e2806894000050038662194f, 93
1652716671.064318, sdrt-health/mac:02010b41cdec/antenna/tag/e28068940000400386621d4f, 96
1652716671.118069, sdrt-health/mac:02010b41cdec/antenna/tag/e2806894000050038661fd4f, 90
1652716671.11865, sdrt-health/mac:02010b41cdec/antenna/tag/e2806894000050038662194f, 81
1652716671.143401, sdrt-health/mac:02010b41cdec/antenna/tag/e2806894000050038662154f, 91
1652716671.183641, sdrt-health/mac:02010b41cdec/antenna/tag/e2806894000050038662194f, 81
1652716671.184102, sdrt-health/mac:02010b41cdec/antenna/version, h@bO
1652716671.198538, sdrt-health/mac:02010b41cdec/antenna/tag/e2806894000050038662154f, 88
1652716671.255304, sdrt-health/mac:02010b41cdec/antenna/tag/e28068940000400386621d4f, 96
1652716671.3176, sdrt-health/mac:02010b41cdec/antenna/tag/e2806894000040038662114f, 91
1652716671.364458, sdrt-health/mac:02010b41cdec/antenna/tag/e2806894000040038662114f, 88
1652716671.427583, sdrt-health/mac:02010b41cdec/antenna/tag/e2806894000040038662114f, 88
1652716671.498787, sdrt-health/mac:02010b41cdec/antenna/tag/e28068940000400386621d4f, 77
1652716671.499253, sdrt-health/mac:02010b41cdec/antenna/tag/e2806894000050038661fd4f, 83
1652716671.516033, sdrt-health/mac:02010b41cdec/antenna/tag/e2806894000050038662154f, 88
1652716671.532443, sdrt-health/mac:02010b41cdec/antenna/tag/e28068940000400386621d4f, 96
1652716671.574616, sdrt-health/mac:02010b41cdec/antenna/tag/e2806894000040038662114f, 88
1652716671.678439, sdrt-health/mac:02010b41cdec/antenna/tag/e2806894000050038662154f, 91
1652716671.678913, sdrt-health/mac:02010b41cdec/antenna/tag/e28068940000400386621d4f, 96
1652716671.704505, sdrt-health/mac:02010b41cdec/antenna/tag/e28068940000400386621d4f, 90
1652716671.760284, sdrt-health/mac:02010b41cdec/antenna/tag/e2806894000040038662114f, 91
1652716671.760749, sdrt-health/mac:02010b41cdec/antenna/tag/e28068940000400386621d4f, 96
1652716671.774936, sdrt-health/mac:02010b41cdec/antenna/tag/e2806894000050038661fd4f, 86
1652716671.809132, sdrt-health/mac:02010b41cdec/antenna/tag/e28068940000400386621d4f, 96
1652716671.868657, sdrt-health/mac:02010b41cdec/antenna/tag/e2806894000050038662194f, 94
1652716671.86914, sdrt-health/mac:02010b41cdec/antenna/tag/e2806894000050038662154f, 85
1652716671.881934, sdrt-health/mac:02010b41cdec/antenna/tag/e2806894000040038662114f, 88
1652716671.88235, sdrt-health/mac:02010b41cdec/antenna/tag/e2806894000050038662154f, 85
1652716671.903625, sdrt-health/mac:02010b41cdec/antenna/tag/e2806894000040038662214f, 88
1652716671.943623, sdrt-health/mac:02010b41cdec/antenna/tag/e2806894000050038662154f, 85
1652716671.999314, sdrt-health/mac:02010b41cdec/antenna/tag/e2806894000050038661fd4f, 83
1652716671.999804, sdrt-health/mac:02010b41cdec/antenna/tag/e2806894000050038662154f, 85
1652716672.014263, sdrt-health/mac:02010b41cdec/antenna/tag/e28068940000400386621d4f, 77
1652716672.038468, sdrt-health/mac:02010b41cdec/antenna/tag/e28068940000400386621d4f, 96
1652716672.083799, sdrt-health/mac:02010b41cdec/antenna/tag/e2806894000050038661fd4f, 86
1652716672.153765, sdrt-health/mac:02010b41cdec/antenna/tag/e2806894000050038662154f, 91
1652716672.15433, sdrt-health/mac:02010b41cdec/antenna/tag/e2806894000040038662114f, 88
1652716672.169028, sdrt-health/mac:02010b41cdec/antenna/tag/e2806894000040038662114f, 88
1652716672.19625, sdrt-health/mac:02010b41cdec/antenna/tag/e2806894000040038662114f, 88
1652716672.266914, sdrt-health/mac:02010b41cdec/antenna/tag/e2806894000040038662114f, 88
1652716672.267452, sdrt-health/mac:02010b41cdec/antenna/tag/e2806894000050038661fd4f, 86
1652716672.282892, sdrt-health/mac:02010b41cdec/antenna/tag/e28068940000400386621d4f, 96
1652716672.28338, sdrt-health/mac:02010b41cdec/antenna/tag/e2806894000050038661fd4f, 86
1652716672.303782, sdrt-health/mac:02010b41cdec/antenna/tag/e2806894000050038661fd4f, 86
1652716672.376686, sdrt-health/mac:02010b41cdec/antenna/tag/e2806894000050038662194f, 93
1652716672.377192, sdrt-health/mac:02010b41cdec/antenna/tag/e28068940000400386621d4f, 96
1652716672.39123, sdrt-health/mac:02010b41cdec/antenna/tag/e2806894000050038662154f, 91
1652716672.391712, sdrt-health/mac:02010b41cdec/antenna/tag/e2806894000040038662114f, 97
1652716672.412768, sdrt-health/mac:02010b41cdec/antenna/tag/e28068940000400386621d4f, 96
1652716672.470932, sdrt-health/mac:02010b41cdec/antenna/tag/e2806894000050038662154f, 88
1652716672.471444, sdrt-health/mac:02010b41cdec/antenna/tag/e2806894000050038662194f, 87
1652716672.485182, sdrt-health/mac:02010b41cdec/antenna/tag/e2806894000050038662154f, 85
1652716672.485515, sdrt-health/mac:02010b41cdec/antenna/tag/e28068940000400386621d4f, 96
1652716672.518371, sdrt-health/mac:02010b41cdec/antenna/tag/e28068940000400386621d4f, 77
1652716672.549962, sdrt-health/mac:02010b41cdec/antenna/tag/e2806894000050038661fd4f, 97
1652716672.550372, sdrt-health/mac:02010b41cdec/antenna/tag/e2806894000040038662114f, 88
1652716672.564952, sdrt-health/mac:02010b41cdec/antenna/tag/e2806894000040038662114f, 97
1652716672.565281, sdrt-health/mac:02010b41cdec/antenna/tag/e2806894000050038661fd4f, 83
1652716672.565524, sdrt-health/mac:02010b41cdec/antenna/tag/e2806894000040038662114f, 91
1652716672.623942, sdrt-health/mac:02010b41cdec/antenna/tag/e2806894000050038662194f, 87
1652716672.680686, sdrt-health/mac:02010b41cdec/antenna/tag/e28068940000400386621d4f, 96
1652716672.681159, sdrt-health/mac:02010b41cdec/antenna/tag/e2806894000050038661fd4f, 86
1652716672.723689, sdrt-health/mac:02010b41cdec/antenna/tag/e2806894000040038662114f, 88
1652716672.724886, sdrt-health/mac:02010b41cdec/antenna/tag/e2806894000050038661fd4f, 86
1652716672.775677, sdrt-health/mac:02010b41cdec/antenna/tag/e28068940000400386621d4f, 96
1652716672.80624, sdrt-health/mac:02010b41cdec/antenna/tag/e28068940000400386621d4f, 96
1652716672.806648, sdrt-health/mac:02010b41cdec/antenna/tag/e2806894000050038662154f, 88
1652716672.807042, sdrt-health/mac:02010b41cdec/antenna/tag/e28068940000400386621d4f, 96
1652716672.840275, sdrt-health/mac:02010b41cdec/antenna/tag/e28068940000400386621d4f, 96
1652716672.900459, sdrt-health/mac:02010b41cdec/antenna/tag/e2806894000050038661fd4f, 83
1652716672.900951, sdrt-health/mac:02010b41cdec/antenna/tag/e2806894000050038661fd4f, 83
1652716672.915246, sdrt-health/mac:02010b41cdec/antenna/tag/e2806894000040038662114f, 91
1652716672.943439, sdrt-health/mac:02010b41cdec/antenna/tag/e2806894000050038662194f, 81
1652716672.984359, sdrt-health/mac:02010b41cdec/antenna/tag/e2806894000040038662114f, 91
1652716673.049631, sdrt-health/mac:02010b41cdec/antenna/tag/e2806894000050038662154f, 85
1652716673.050257, sdrt-health/mac:02010b41cdec/antenna/tag/e28068940000400386621d4f, 96
1652716673.065493, sdrt-health/mac:02010b41cdec/antenna/tag/e2806894000040038662114f, 91
1652716673.083803, sdrt-health/mac:02010b41cdec/antenna/tag/e2806894000040038662214f, 94
1652716673.115548, sdrt-health/mac:02010b41cdec/antenna/tag/e2806894000050038662194f, 88
1652716673.115828, sdrt-health/mac:02010b41cdec/antenna/tag/e2806894000040038662114f, 88
1652716673.132841, sdrt-health/mac:02010b41cdec/antenna/tag/e2806894000050038661fd4f, 97
1652716673.168592, sdrt-health/mac:02010b41cdec/antenna/tag/e28068940000400386621d4f, 77
1652716673.232122, sdrt-health/mac:02010b41cdec/antenna/tag/e2806894000040038662214f, 81
1652716673.232666, sdrt-health/mac:02010b41cdec/antenna/tag/e28068940000400386621d4f, 96
1652716673.253775, sdrt-health/mac:02010b41cdec/antenna/tag/e2806894000050038662154f, 93
1652716673.397968, sdrt-health/mac:02010b41cdec/antenna/tag/e2806894000050038662194f, 83
1652716673.445743, sdrt-health/mac:02010b41cdec/antenna/tag/e2806894000050038662154f, 93
1652716673.497072, sdrt-health/mac:02010b41cdec/antenna/tag/e2806894000050038662194f, 81
1652716673.543976, sdrt-health/mac:02010b41cdec/antenna/tag/e28068940000400386621d4f, 96
1652716673.597786, sdrt-health/mac:02010b41cdec/antenna/tag/e2806894000050038661fd4f, 83
1652716673.598274, sdrt-health/mac:02010b41cdec/antenna/tag/e2806894000050038662154f, 85
1652716673.624644, sdrt-health/mac:02010b41cdec/antenna/tag/e2806894000040038662114f, 88
1652716673.666365, sdrt-health/mac:02010b41cdec/antenna/tag/e2806894000040038662214f, 94
1652716673.696196, sdrt-health/mac:02010b41cdec/antenna/tag/e2806894000040038662114f, 91
1652716673.697245, sdrt-health/mac:02010b41cdec/antenna/tag/e2806894000050038662154f, 91
1652716673.722104, sdrt-health/mac:02010b41cdec/antenna/tag/e2806894000050038662194f, 83
1652716673.767746, sdrt-health/mac:02010b41cdec/antenna/tag/e28068940000400386621d4f, 96
1652716673.833503, sdrt-health/mac:02010b41cdec/antenna/tag/e2806894000050038661fd4f, 86
1652716673.87753, sdrt-health/mac:02010b41cdec/antenna/tag/e2806894000050038662154f, 88
1652716673.933672, sdrt-health/mac:02010b41cdec/antenna/tag/e2806894000040038662114f, 91
1652716673.963838, sdrt-health/mac:02010b41cdec/antenna/tag/e2806894000050038662194f, 83
1652716673.96428, sdrt-health/mac:02010b41cdec/antenna/tag/e28068940000400386621d4f, 96
1652716673.978506, sdrt-health/mac:02010b41cdec/antenna/tag/e2806894000050038661fd4f, 83
1652716673.978796, sdrt-health/mac:02010b41cdec/antenna/tag/e2806894000050038662154f, 88
1652716673.978993, sdrt-health/mac:02010b41cdec/antenna/tag/e2806894000050038662154f, 85
1652716674.024056, sdrt-health/mac:02010b41cdec/antenna/tag/e2806894000050038662154f, 88
1652716674.063679, sdrt-health/mac:02010b41cdec/antenna/tag/e2806894000040038662114f, 88
1652716674.120066, sdrt-health/mac:02010b41cdec/antenna/tag/e2806894000040038662114f, 91
1652716674.172576, sdrt-health/mac:02010b41cdec/antenna/tag/e28068940000400386621d4f, 90
1652716674.226121, sdrt-health/mac:02010b41cdec/antenna/tag/e28068940000400386621d4f, 96
1652716674.26538, sdrt-health/mac:02010b41cdec/antenna/tag/e28068940000400386621d4f, 96
1652716674.328815, sdrt-health/mac:02010b41cdec/antenna/tag/e2806894000050038661fd4f, 90
1652716674.329356, sdrt-health/mac:02010b41cdec/antenna/tag/e2806894000040038662114f, 97
1652716674.374323, sdrt-health/mac:02010b41cdec/antenna/tag/e2806894000050038662194f, 85
1652716674.425753, sdrt-health/mac:02010b41cdec/antenna/tag/e2806894000040038662114f, 91
1652716674.488209, sdrt-health/mac:02010b41cdec/antenna/tag/e2806894000050038661fd4f, 91
1652716674.488731, sdrt-health/mac:02010b41cdec/antenna/tag/e28068940000400386621d4f, 96
1652716674.503019, sdrt-health/mac:02010b41cdec/antenna/tag/e2806894000050038662154f, 85
1652716674.535197, sdrt-health/mac:02010b41cdec/antenna/tag/e2806894000050038662154f, 85
1652716674.565197, sdrt-health/mac:02010b41cdec/antenna/tag/e28068940000400386621d4f, 96
1652716674.565615, sdrt-health/mac:02010b41cdec/antenna/tag/e2806894000050038662194f, 83
1652716674.597849, sdrt-health/mac:02010b41cdec/antenna/tag/e2806894000040038662114f, 88
1652716674.756395, sdrt-health/mac:02010b41cdec/antenna/tag/scan, scan stopped
