1652716188.044002, sdrt-health/mac:02010b41cdec/antenna/power/set, {"power": 290}
1652716189.166777, sdrt-health/mac:02010b41cdec/antenna/power/set, 
1652716190.786325, sdrt-health/mac:02010b41cdec/antenna/state, connected
1652716190.786601, sdrt-health/mac:02010b41cdec/fw, {"version":"1.8.1","model":"200","hash":"2f556501b58f1dad542af428d7928d18","timestamp":1652716187}
1652716191.175568, sdrt-health/mac:02010b41cdec/antenna/version, 
1652716191.376166, sdrt-health/mac:02010b41cdec/antenna/power, 29
1652716193.065746, sdrt-health/mac:02010b41cdec/antenna/tag/scan, {"time": 20000}
1652716193.495229, sdrt-health/mac:02010b41cdec/antenna/tag/e2806894000040038662214f, 84
1652716193.543107, sdrt-health/mac:02010b41cdec/antenna/tag/e2806894000050038661fd4f, 83
1652716193.571902, sdrt-health/mac:02010b41cdec/antenna/tag/e2806894000050038662154f, 85
1652716193.572104, sdrt-health/mac:02010b41cdec/antenna/tag/e2806894000040038662114f, 88
1652716193.589353, sdrt-health/mac:02010b41cdec/antenna/tag/e2806894000050038661fd4f, 83
1652716193.654246, sdrt-health/mac:02010b41cdec/antenna/tag/e2806894000050038662194f, 81
1652716193.654527, sdrt-health/mac:02010b41cdec/antenna/tag/e2806894000040038662214f, 81
1652716193.669654, sdrt-health/mac:02010b41cdec/antenna/tag/e2806894000040038662114f, 88
1652716193.68953, sdrt-health/mac:02010b41cdec/antenna/tag/e2806894000050038662194f, 93
1652716193.768011, sdrt-health/mac:02010b41cdec/antenna/tag/e2806894000050038661fd4f, 83
1652716193.768223, sdrt-health/mac:02010b41cdec/antenna/tag/e2806894000040038662214f, 84
1652716193.815826, sdrt-health/mac:02010b41cdec/antenna/tag/e2806894000050038662194f, 81
1652716193.902834, sdrt-health/mac:02010b41cdec/antenna/tag/e2806894000050038661fd4f, 83
1652716193.903121, sdrt-health/mac:02010b41cdec/antenna/tag/e2806894000050038661fd4f, 91
1652716193.917746, sdrt-health/mac:02010b41cdec/antenna/tag/e2806894000040038662214f, 81
1652716193.93507, sdrt-health/mac:02010b41cdec/antenna/tag/e28068940000400386621d4f, 96
1652716194.055294, sdrt-health/mac:02010b41cdec/antenna/tag/e28068940000400386621d4f, 77
1652716194.055677, sdrt-health/mac:02010b41cdec/antenna/tag/e2806894000040038662114f, 88
1652716194.142425, sdrt-health/mac:02010b41cdec/antenna/tag/e2806894000050038661fd4f, 83
1652716194.143338, sdrt-health/mac:02010b41cdec/antenna/tag/e28068940000400386621d4f, 77
1652716194.157806, sdrt-health/mac:02010b41cdec/antenna/tag/e2806894000050038662194f, 81
1652716194.158045, sdrt-health/mac:02010b41cdec/antenna/tag/e28068940000400386621d4f, 77
1652716194.199096, sdrt-health/mac:02010b41cdec/antenna/tag/e28068940000400386621d4f, 96
1652716194.227927, sdrt-health/mac:02010b41cdec/antenna/tag/e2806894000050038662014f, 84
1652716194.228165, sdrt-health/mac:02010b41cdec/antenna/tag/e2806894000050038662154f, 88
1652716194.228294, sdrt-health/mac:02010b41cdec/antenna/tag/e2806894000040038662114f, 97
1652716194.253837, sdrt-health/mac:02010b41cdec/antenna/tag/e28068940000400386621d4f, 90
1652716194.306172, sdrt-health/mac:02010b41cdec/antenna/tag/e2806894000050038662154f, 88
1652716194.36321, sdrt-health/mac:02010b41cdec/antenna/tag/e2806894000050038661fd4f, 86
1652716194.455364, sdrt-health/mac:02010b41cdec/antenna/tag/e2806894000050038662194f, 83
1652716194.455767, sdrt-health/mac:02010b41cdec/antenna/tag/e2806894000050038662194f, 87
1652716194.487868, sdrt-health/mac:02010b41cdec/antenna/tag/e28068940000400386621d4f, 77
1652716194.5185, sdrt-health/mac:02010b41cdec/antenna/tag/e28068940000400386621d4f, 77
1652716194.518736, sdrt-health/mac:02010b41cdec/antenna/tag/e2806894000050038662194f, 87
1652716194.548187, sdrt-health/mac:02010b41cdec/antenna/tag/e28068940000400386621d4f, 96
1652716194.59029, sdrt-health/mac:02010b41cdec/antenna/tag/e2806894000050038662154f, 91
1652716194.672082, sdrt-health/mac:02010b41cdec/antenna/tag/e2806894000040038662114f, 91
1652716194.672301, sdrt-health/mac:02010b41cdec/antenna/tag/e2806894000050038662194f, 94
1652716194.713674, sdrt-health/mac:02010b41cdec/antenna/tag/e2806894000050038662194f, 81
1652716194.71409, sdrt-health/mac:02010b41cdec/antenna/tag/e2806894000050038662154f, 88
1652716194.768384, sdrt-health/mac:02010b41cdec/antenna/tag/e2806894000040038662114f, 91
1652716194.820515, sdrt-health/mac:02010b41cdec/antenna/tag/e2806894000040038662114f, 88
1652716194.919616, sdrt-health/mac:02010b41cdec/antenna/tag/e2806894000050038662154f, 88
1652716194.920209, sdrt-health/mac:02010b41cdec/antenna/tag/e2806894000040038662114f, 88
1652716194.933791, sdrt-health/mac:02010b41cdec/antenna/tag/e2806894000050038662154f, 85
1652716194.961425, sdrt-health/mac:02010b41cdec/antenna/tag/e2806894000040038662114f, 91
1652716194.990969, sdrt-health/mac:02010b41cdec/antenna/tag/e2806894000050038662154f, 88
1652716194.991193, sdrt-health/mac:02010b41cdec/antenna/tag/e2806894000040038662114f, 88
1652716194.991316, sdrt-health/mac:02010b41cdec/antenna/tag/e2806894000050038661fd4f, 83
1652716195.038005, sdrt-health/mac:02010b41cdec/antenna/tag/e2806894000050038662194f, 83
1652716195.112603, sdrt-health/mac:02010b41cdec/antenna/tag/e2806894000050038661fd4f, 83
1652716195.112899, sdrt-health/mac:02010b41cdec/antenna/tag/e28068940000400386621d4f, 77
1652716195.200178, sdrt-health/mac:02010b41cdec/antenna/tag/e2806894000050038661fd4f, 97
1652716195.43334, sdrt-health/mac:02010b41cdec/antenna/tag/e2806894000050038662154f, 85
1652716195.649539, sdrt-health/mac:02010b41cdec/antenna/tag/e2806894000050038662154f, 91
1652716195.678046, sdrt-health/mac:02010b41cdec/antenna/tag/e2806894000040038662114f, 88
1652716195.678305, sdrt-health/mac:02010b41cdec/antenna/tag/e2806894000050038662154f, 91
1652716195.678458, sdrt-health/mac:02010b41cdec/antenna/tag/e28068940000400386621d4f, 96
1652716195.678595, sdrt-health/mac:02010b41cdec/antenna/tag/e2806894000040038662114f, 85
1652716195.678762, sdrt-health/mac:02010b41cdec/antenna/tag/e2806894000050038662154f, 91
1652716195.693992, sdrt-health/mac:02010b41cdec/antenna/tag/e2806894000050038662154f, 85
1652716195.72494, sdrt-health/mac:02010b41cdec/antenna/tag/e28068940000400386621d4f, 96
1652716195.725205, sdrt-health/mac:02010b41cdec/antenna/tag/e2806894000050038661fd4f, 83
1652716195.725336, sdrt-health/mac:02010b41cdec/antenna/tag/e28068940000400386621d4f, 96
1652716195.72545, sdrt-health/mac:02010b41cdec/antenna/tag/e2806894000050038662194f, 83
1652716195.739234, sdrt-health/mac:02010b41cdec/antenna/tag/e2806894000040038662114f, 91
1652716195.767705, sdrt-health/mac:02010b41cdec/antenna/tag/e2806894000040038662114f, 88
1652716195.767915, sdrt-health/mac:02010b41cdec/antenna/tag/e2806894000050038662194f, 81
1652716195.768031, sdrt-health/mac:02010b41cdec/antenna/tag/e28068940000400386621d4f, 96
1652716195.768141, sdrt-health/mac:02010b41cdec/antenna/tag/e2806894000040038662114f, 97
1652716195.768249, sdrt-health/mac:02010b41cdec/antenna/tag/e2806894000050038661fd4f, 86
1652716195.768358, sdrt-health/mac:02010b41cdec/antenna/tag/e2806894000050038662154f, 88
1652716195.768466, sdrt-health/mac:02010b41cdec/antenna/tag/e28068940000400386621d4f, 90
1652716195.768604, sdrt-health/mac:02010b41cdec/antenna/tag/e2806894000050038662154f, 91
1652716195.768719, sdrt-health/mac:02010b41cdec/antenna/tag/e2806894000040038662114f, 91
1652716195.768869, sdrt-health/mac:02010b41cdec/antenna/tag/e2806894000040038662114f, 91
1652716195.769055, sdrt-health/mac:02010b41cdec/antenna/tag/e2806894000040038662114f, 97
1652716195.769242, sdrt-health/mac:02010b41cdec/antenna/tag/e2806894000050038662194f, 85
1652716195.844806, sdrt-health/mac:02010b41cdec/antenna/tag/e28068940000400386621d4f, 96
1652716195.972977, sdrt-health/mac:02010b41cdec/antenna/tag/e2806894000050038662154f, 91
1652716195.97343, sdrt-health/mac:02010b41cdec/antenna/tag/e2806894000050038662154f, 97
1652716195.987831, sdrt-health/mac:02010b41cdec/antenna/tag/e2806894000050038662194f, 88
1652716195.988238, sdrt-health/mac:02010b41cdec/antenna/tag/e2806894000040038662114f, 88
1652716195.988531, sdrt-health/mac:02010b41cdec/antenna/tag/e2806894000050038662154f, 91
1652716195.988799, sdrt-health/mac:02010b41cdec/antenna/tag/e28068940000400386621d4f, 96
1652716196.007989, sdrt-health/mac:02010b41cdec/antenna/tag/e2806894000050038661fd4f, 86
1652716196.072836, sdrt-health/mac:02010b41cdec/antenna/tag/e2806894000050038662194f, 87
1652716196.073107, sdrt-health/mac:02010b41cdec/antenna/tag/e2806894000040038662114f, 88
1652716196.088221, sdrt-health/mac:02010b41cdec/antenna/tag/e2806894000050038661fd4f, 83
1652716196.088481, sdrt-health/mac:02010b41cdec/antenna/tag/e2806894000050038662194f, 83
1652716196.108375, sdrt-health/mac:02010b41cdec/antenna/tag/e2806894000050038662194f, 87
1652716196.257519, sdrt-health/mac:02010b41cdec/antenna/tag/e2806894000040038662114f, 85
1652716196.331004, sdrt-health/mac:02010b41cdec/antenna/tag/e2806894000050038662194f, 83
1652716196.33121, sdrt-health/mac:02010b41cdec/antenna/tag/e2806894000050038661fd4f, 86
1652716196.34486, sdrt-health/mac:02010b41cdec/antenna/tag/e2806894000050038661fd4f, 83
1652716196.345264, sdrt-health/mac:02010b41cdec/antenna/tag/e2806894000040038662114f, 91
1652716196.345464, sdrt-health/mac:02010b41cdec/antenna/tag/e2806894000050038662194f, 83
1652716196.359618, sdrt-health/mac:02010b41cdec/antenna/tag/e2806894000040038662114f, 97
1652716196.411055, sdrt-health/mac:02010b41cdec/antenna/tag/e2806894000040038662114f, 88
1652716196.4113, sdrt-health/mac:02010b41cdec/antenna/tag/e2806894000050038661fd4f, 86
1652716196.426103, sdrt-health/mac:02010b41cdec/antenna/tag/e28068940000400386621d4f, 96
1652716196.42633, sdrt-health/mac:02010b41cdec/antenna/tag/e28068940000400386621d4f, 96
1652716196.439409, sdrt-health/mac:02010b41cdec/antenna/tag/e2806894000050038661fd4f, 86
1652716196.441414, sdrt-health/mac:02010b41cdec/antenna/tag/e2806894000050038662154f, 88
1652716196.488998, sdrt-health/mac:02010b41cdec/antenna/tag/e2806894000050038662154f, 97
1652716196.580036, sdrt-health/mac:02010b41cdec/antenna/tag/e2806894000050038661fd4f, 86
1652716196.58041, sdrt-health/mac:02010b41cdec/antenna/tag/e2806894000040038662114f, 91
1652716196.595487, sdrt-health/mac:02010b41cdec/antenna/tag/e28068940000400386621d4f, 96
1652716196.59572, sdrt-health/mac:02010b41cdec/antenna/tag/e2806894000050038661fd4f, 86
1652716196.595914, sdrt-health/mac:02010b41cdec/antenna/tag/e28068940000400386621d4f, 96
1652716196.618639, sdrt-health/mac:02010b41cdec/antenna/tag/e2806894000050038662154f, 91
1652716196.669714, sdrt-health/mac:02010b41cdec/antenna/tag/e28068940000400386621d4f, 90
1652716196.725163, sdrt-health/mac:02010b41cdec/antenna/tag/e2806894000050038662194f, 83
1652716196.725594, sdrt-health/mac:02010b41cdec/antenna/tag/e2806894000050038662194f, 81
1652716196.740111, sdrt-health/mac:02010b41cdec/antenna/tag/e2806894000050038661fd4f, 86
1652716196.746279, sdrt-health/mac:02010b41cdec/antenna/tag/e28068940000400386621d4f, 96
1652716196.795112, sdrt-health/mac:02010b41cdec/antenna/tag/e2806894000040038662114f, 88
1652716196.868608, sdrt-health/mac:02010b41cdec/antenna/tag/e2806894000050038661fd4f, 86
1652716196.907961, sdrt-health/mac:02010b41cdec/antenna/tag/e2806894000040038662114f, 85
1652716196.962941, sdrt-health/mac:02010b41cdec/antenna/tag/e2806894000050038662194f, 81
1652716196.963132, sdrt-health/mac:02010b41cdec/antenna/tag/e2806894000050038661fd4f, 83
1652716196.963248, sdrt-health/mac:02010b41cdec/antenna/tag/e2806894000040038661f94f, 88
1652716196.983066, sdrt-health/mac:02010b41cdec/antenna/tag/e28068940000400386621d4f, 77
1652716197.02706, sdrt-health/mac:02010b41cdec/antenna/tag/e2806894000050038661fd4f, 86
1652716197.054333, sdrt-health/mac:02010b41cdec/antenna/tag/e2806894000050038662154f, 88
1652716197.054577, sdrt-health/mac:02010b41cdec/antenna/tag/e2806894000050038661fd4f, 86
1652716197.087353, sdrt-health/mac:02010b41cdec/antenna/tag/e2806894000040038662114f, 88
1652716197.159907, sdrt-health/mac:02010b41cdec/antenna/tag/e2806894000050038662154f, 88
1652716197.160152, sdrt-health/mac:02010b41cdec/antenna/tag/e2806894000050038661fd4f, 86
1652716197.17533, sdrt-health/mac:02010b41cdec/antenna/tag/e28068940000400386621d4f, 96
1652716197.221326, sdrt-health/mac:02010b41cdec/antenna/tag/e28068940000400386621d4f, 90
1652716197.221546, sdrt-health/mac:02010b41cdec/antenna/tag/e2806894000050038662194f, 87
1652716197.234431, sdrt-health/mac:02010b41cdec/antenna/tag/e2806894000050038662154f, 91
1652716197.234649, sdrt-health/mac:02010b41cdec/antenna/tag/e2806894000050038662194f, 83
1652716197.265321, sdrt-health/mac:02010b41cdec/antenna/tag/e2806894000050038661fd4f, 86
1652716197.30694, sdrt-health/mac:02010b41cdec/antenna/tag/e2806894000050038662154f, 91
1652716197.370878, sdrt-health/mac:02010b41cdec/antenna/tag/e2806894000050038661fd4f, 86
1652716197.371093, sdrt-health/mac:02010b41cdec/antenna/tag/e28068940000400386621d4f, 90
1652716197.387343, sdrt-health/mac:02010b41cdec/antenna/tag/e2806894000050038662194f, 93
1652716197.408107, sdrt-health/mac:02010b41cdec/antenna/tag/e2806894000040038661f94f, 94
1652716197.583301, sdrt-health/mac:02010b41cdec/antenna/tag/e2806894000050038662154f, 85
1652716197.612716, sdrt-health/mac:02010b41cdec/antenna/tag/e28068940000400386621d4f, 77
1652716197.613007, sdrt-health/mac:02010b41cdec/antenna/tag/e2806894000050038661fd4f, 83
1652716197.642509, sdrt-health/mac:02010b41cdec/antenna/tag/e2806894000050038661fd4f, 83
1652716197.701342, sdrt-health/mac:02010b41cdec/antenna/tag/e2806894000040038662114f, 85
1652716197.701695, sdrt-health/mac:02010b41cdec/antenna/tag/e2806894000040038662114f, 88
1652716197.716122, sdrt-health/mac:02010b41cdec/antenna/tag/e28068940000400386621d4f, 96
1652716197.716424, sdrt-health/mac:02010b41cdec/antenna/tag/e2806894000050038662154f, 91
1652716197.735258, sdrt-health/mac:02010b41cdec/antenna/tag/e2806894000050038662154f, 97
1652716197.785334, sdrt-health/mac:02010b41cdec/antenna/tag/e2806894000050038662194f, 81
1652716197.825725, sdrt-health/mac:02010b41cdec/antenna/tag/e2806894000050038662154f, 85
1652716197.935107, sdrt-health/mac:02010b41cdec/antenna/tag/e2806894000040038662114f, 88
1652716198.028068, sdrt-health/mac:02010b41cdec/antenna/tag/e28068940000400386621d4f, 96
1652716198.057937, sdrt-health/mac:02010b41cdec/antenna/tag/e2806894000050038662194f, 83
1652716198.058432, sdrt-health/mac:02010b41cdec/antenna/tag/e2806894000040038662114f, 88
1652716198.072449, sdrt-health/mac:02010b41cdec/antenna/tag/e2806894000050038662194f, 83
1652716198.149676, sdrt-health/mac:02010b41cdec/antenna/tag/e2806894000050038662154f, 91
1652716198.222235, sdrt-health/mac:02010b41cdec/antenna/tag/e2806894000040038662114f, 91
1652716198.278347, sdrt-health/mac:02010b41cdec/antenna/tag/e28068940000400386621d4f, 96
1652716198.278724, sdrt-health/mac:02010b41cdec/antenna/tag/e2806894000050038662154f, 91
1652716198.293423, sdrt-health/mac:02010b41cdec/antenna/tag/e28068940000400386621d4f, 96
1652716198.317033, sdrt-health/mac:02010b41cdec/antenna/tag/e2806894000040038662114f, 88
1652716198.379552, sdrt-health/mac:02010b41cdec/antenna/tag/e28068940000400386621d4f, 96
1652716198.470101, sdrt-health/mac:02010b41cdec/antenna/tag/e28068940000400386621d4f, 96
1652716198.47057, sdrt-health/mac:02010b41cdec/antenna/tag/e2806894000050038662154f, 97
1652716198.503851, sdrt-health/mac:02010b41cdec/antenna/tag/e2806894000050038662154f, 91
1652716198.570431, sdrt-health/mac:02010b41cdec/antenna/tag/e2806894000040038662114f, 88
1652716198.673687, sdrt-health/mac:02010b41cdec/antenna/tag/e28068940000400386621d4f, 96
1652716198.674084, sdrt-health/mac:02010b41cdec/antenna/tag/e2806894000040038662114f, 91
1652716198.688188, sdrt-health/mac:02010b41cdec/antenna/tag/e2806894000050038662154f, 88
1652716198.688552, sdrt-health/mac:02010b41cdec/antenna/tag/e28068940000400386621d4f, 96
1652716198.688951, sdrt-health/mac:02010b41cdec/antenna/tag/e28068940000400386621d4f, 90
1652716198.749957, sdrt-health/mac:02010b41cdec/antenna/tag/e28068940000400386621d4f, 90
1652716198.811304, sdrt-health/mac:02010b41cdec/antenna/tag/e28068940000400386621d4f, 77
1652716198.811667, sdrt-health/mac:02010b41cdec/antenna/tag/e2806894000050038662194f, 83
1652716198.824769, sdrt-health/mac:02010b41cdec/antenna/tag/e2806894000050038661fd4f, 97
1652716198.825005, sdrt-health/mac:02010b41cdec/antenna/tag/e2806894000050038662154f, 88
1652716198.839753, sdrt-health/mac:02010b41cdec/antenna/tag/e28068940000400386621d4f, 77
1652716198.901147, sdrt-health/mac:02010b41cdec/antenna/tag/e2806894000040038662214f, 84
1652716198.901409, sdrt-health/mac:02010b41cdec/antenna/tag/e2806894000040038662114f, 88
1652716198.916596, sdrt-health/mac:02010b41cdec/antenna/tag/e2806894000040038662214f, 94
1652716198.93557, sdrt-health/mac:02010b41cdec/antenna/tag/e2806894000050038661fd4f, 97
1652716198.977614, sdrt-health/mac:02010b41cdec/antenna/tag/e2806894000050038662194f, 81
1652716199.058477, sdrt-health/mac:02010b41cdec/antenna/tag/e2806894000050038661fd4f, 86
1652716199.058928, sdrt-health/mac:02010b41cdec/antenna/tag/e2806894000050038662194f, 81
1652716199.129697, sdrt-health/mac:02010b41cdec/antenna/tag/e2806894000050038662194f, 88
1652716199.178707, sdrt-health/mac:02010b41cdec/antenna/tag/e2806894000050038662194f, 81
1652716199.255826, sdrt-health/mac:02010b41cdec/antenna/tag/e28068940000400386621d4f, 96
1652716199.256059, sdrt-health/mac:02010b41cdec/antenna/tag/e28068940000400386621d4f, 96
1652716199.271315, sdrt-health/mac:02010b41cdec/antenna/tag/e2806894000050038662154f, 88
1652716199.298321, sdrt-health/mac:02010b41cdec/antenna/tag/e2806894000040038662114f, 97
1652716199.333543, sdrt-health/mac:02010b41cdec/antenna/tag/e2806894000050038661fd4f, 86
1652716199.333758, sdrt-health/mac:02010b41cdec/antenna/tag/e2806894000050038662154f, 88
1652716199.348334, sdrt-health/mac:02010b41cdec/antenna/tag/e28068940000400386621d4f, 96
1652716199.4417, sdrt-health/mac:02010b41cdec/antenna/tag/e28068940000400386621d4f, 77
1652716199.441994, sdrt-health/mac:02010b41cdec/antenna/tag/e28068940000400386621d4f, 77
1652716199.481116, sdrt-health/mac:02010b41cdec/antenna/tag/e2806894000040038662114f, 91
1652716199.511545, sdrt-health/mac:02010b41cdec/antenna/tag/e2806894000050038662194f, 87
1652716199.512054, sdrt-health/mac:02010b41cdec/antenna/tag/e2806894000050038662194f, 93
1652716199.526412, sdrt-health/mac:02010b41cdec/antenna/tag/e2806894000050038662194f, 87
1652716199.606664, sdrt-health/mac:02010b41cdec/antenna/tag/e28068940000400386621d4f, 96
1652716199.606951, sdrt-health/mac:02010b41cdec/antenna/tag/e28068940000400386621d4f, 96
1652716199.627946, sdrt-health/mac:02010b41cdec/antenna/tag/e28068940000400386621d4f, 77
1652716199.720761, sdrt-health/mac:02010b41cdec/antenna/tag/e28068940000400386621d4f, 96
1652716199.807386, sdrt-health/mac:02010b41cdec/antenna/tag/e2806894000050038662154f, 88
1652716199.85696, sdrt-health/mac:02010b41cdec/antenna/tag/e2806894000050038662154f, 88
1652716199.885092, sdrt-health/mac:02010b41cdec/antenna/tag/e2806894000050038662194f, 87
1652716199.885308, sdrt-health/mac:02010b41cdec/antenna/tag/e2806894000050038662194f, 83
1652716200.05118, sdrt-health/mac:02010b41cdec/antenna/tag/e2806894000050038662194f, 87
1652716200.081167, sdrt-health/mac:02010b41cdec/antenna/tag/e28068940000400386621d4f, 90
1652716200.081385, sdrt-health/mac:02010b41cdec/antenna/tag/e2806894000040038662114f, 91
1652716200.081503, sdrt-health/mac:02010b41cdec/antenna/tag/e2806894000050038662154f, 93
1652716200.10155, sdrt-health/mac:02010b41cdec/antenna/tag/e2806894000050038661fd4f, 83
1652716200.133656, sdrt-health/mac:02010b41cdec/antenna/tag/e2806894000040038662214f, 81
1652716200.133875, sdrt-health/mac:02010b41cdec/antenna/tag/e2806894000050038662194f, 94
1652716200.134008, sdrt-health/mac:02010b41cdec/antenna/tag/e2806894000040038662114f, 88
1652716200.134117, sdrt-health/mac:02010b41cdec/antenna/tag/e2806894000050038661fd4f, 83
1652716200.134243, sdrt-health/mac:02010b41cdec/antenna/tag/e2806894000050038661fd4f, 83
1652716200.163889, sdrt-health/mac:02010b41cdec/antenna/tag/e2806894000050038661fd4f, 97
1652716200.246534, sdrt-health/mac:02010b41cdec/antenna/tag/e2806894000050038661fd4f, 83
1652716200.247005, sdrt-health/mac:02010b41cdec/antenna/tag/e28068940000400386621d4f, 77
1652716200.261371, sdrt-health/mac:02010b41cdec/antenna/tag/e2806894000040038662114f, 88
1652716200.546059, sdrt-health/mac:02010b41cdec/antenna/tag/e2806894000050038661fd4f, 97
1652716200.578503, sdrt-health/mac:02010b41cdec/antenna/tag/e28068940000400386621d4f, 77
1652716200.578853, sdrt-health/mac:02010b41cdec/antenna/tag/e2806894000040038662114f, 88
1652716200.578978, sdrt-health/mac:02010b41cdec/antenna/tag/e2806894000040038662114f, 88
1652716200.59567, sdrt-health/mac:02010b41cdec/antenna/tag/e2806894000050038662154f, 85
1652716200.595943, sdrt-health/mac:02010b41cdec/antenna/tag/e2806894000040038662114f, 85
1652716200.596123, sdrt-health/mac:02010b41cdec/antenna/tag/e2806894000050038661fd4f, 97
1652716200.596254, sdrt-health/mac:02010b41cdec/antenna/tag/e2806894000050038662154f, 91
1652716200.596389, sdrt-health/mac:02010b41cdec/antenna/tag/e2806894000050038662154f, 91
1652716200.596534, sdrt-health/mac:02010b41cdec/antenna/tag/e2806894000050038662194f, 83
1652716200.596702, sdrt-health/mac:02010b41cdec/antenna/tag/e2806894000040038662114f, 88
1652716200.596834, sdrt-health/mac:02010b41cdec/antenna/tag/e2806894000050038661fd4f, 83
1652716200.596984, sdrt-health/mac:02010b41cdec/antenna/tag/e2806894000050038662154f, 85
1652716200.617282, sdrt-health/mac:02010b41cdec/antenna/tag/e2806894000050038662154f, 85
1652716200.696475, sdrt-health/mac:02010b41cdec/antenna/tag/e2806894000050038662154f, 88
1652716200.723856, sdrt-health/mac:02010b41cdec/antenna/tag/e2806894000050038661fd4f, 90
1652716200.724075, sdrt-health/mac:02010b41cdec/antenna/tag/e2806894000050038662194f, 87
1652716200.795741, sdrt-health/mac:02010b41cdec/antenna/tag/e2806894000050038662154f, 88
1652716200.85424, sdrt-health/mac:02010b41cdec/antenna/tag/e2806894000050038661fd4f, 86
1652716200.854489, sdrt-health/mac:02010b41cdec/antenna/tag/e2806894000050038661fd4f, 86
1652716200.86866, sdrt-health/mac:02010b41cdec/antenna/tag/e2806894000050038661fd4f, 83
1652716200.868879, sdrt-health/mac:02010b41cdec/antenna/tag/e2806894000040038662114f, 91
1652716200.869012, sdrt-health/mac:02010b41cdec/antenna/tag/e2806894000040038662114f, 91
1652716200.918261, sdrt-health/mac:02010b41cdec/antenna/tag/e2806894000050038661fd4f, 86
1652716201.071933, sdrt-health/mac:02010b41cdec/antenna/tag/e2806894000040038662114f, 88
1652716201.121932, sdrt-health/mac:02010b41cdec/antenna/tag/e2806894000050038661fd4f, 86
1652716201.15128, sdrt-health/mac:02010b41cdec/antenna/tag/e2806894000040038662114f, 91
1652716201.151489, sdrt-health/mac:02010b41cdec/antenna/tag/e2806894000050038662154f, 88
1652716201.151605, sdrt-health/mac:02010b41cdec/antenna/tag/e2806894000050038661fd4f, 86
1652716201.151714, sdrt-health/mac:02010b41cdec/antenna/tag/e2806894000040038662114f, 91
1652716201.151823, sdrt-health/mac:02010b41cdec/antenna/tag/e2806894000050038661fd4f, 90
1652716201.175608, sdrt-health/mac:02010b41cdec/antenna/tag/e2806894000050038661fd4f, 86
1652716201.227123, sdrt-health/mac:02010b41cdec/antenna/tag/e2806894000040038662114f, 97
1652716201.280113, sdrt-health/mac:02010b41cdec/antenna/tag/e2806894000050038662154f, 88
1652716201.280511, sdrt-health/mac:02010b41cdec/antenna/tag/e2806894000050038661fd4f, 86
1652716201.297412, sdrt-health/mac:02010b41cdec/antenna/tag/e2806894000050038662194f, 87
1652716201.362, sdrt-health/mac:02010b41cdec/antenna/tag/e2806894000050038661fd4f, 83
1652716201.431868, sdrt-health/mac:02010b41cdec/antenna/tag/e2806894000050038661fd4f, 83
1652716201.432495, sdrt-health/mac:02010b41cdec/antenna/tag/e2806894000040038662114f, 91
1652716201.448128, sdrt-health/mac:02010b41cdec/antenna/tag/e2806894000050038662154f, 88
1652716201.478552, sdrt-health/mac:02010b41cdec/antenna/tag/e28068940000400386621d4f, 96
1652716201.567943, sdrt-health/mac:02010b41cdec/antenna/tag/e2806894000050038661fd4f, 83
1652716201.609348, sdrt-health/mac:02010b41cdec/antenna/tag/e2806894000050038661fd4f, 97
1652716201.641522, sdrt-health/mac:02010b41cdec/antenna/tag/e28068940000400386621d4f, 77
1652716201.641741, sdrt-health/mac:02010b41cdec/antenna/tag/e2806894000050038661fd4f, 83
1652716201.641859, sdrt-health/mac:02010b41cdec/antenna/tag/e2806894000050038662154f, 88
1652716201.667301, sdrt-health/mac:02010b41cdec/antenna/tag/e2806894000040038662114f, 91
1652716201.764307, sdrt-health/mac:02010b41cdec/antenna/tag/e2806894000040038662114f, 91
1652716201.765594, sdrt-health/mac:02010b41cdec/antenna/tag/e2806894000040038662114f, 88
1652716201.799198, sdrt-health/mac:02010b41cdec/antenna/tag/e2806894000050038662194f, 84
1652716201.867078, sdrt-health/mac:02010b41cdec/antenna/tag/e28068940000400386621d4f, 96
1652716201.867342, sdrt-health/mac:02010b41cdec/antenna/tag/e2806894000050038661fd4f, 97
1652716201.867589, sdrt-health/mac:02010b41cdec/antenna/tag/e2806894000050038662154f, 88
1652716201.905661, sdrt-health/mac:02010b41cdec/antenna/tag/e28068940000400386621d4f, 96
1652716201.986753, sdrt-health/mac:02010b41cdec/antenna/tag/e2806894000040038662114f, 91
1652716201.987194, sdrt-health/mac:02010b41cdec/antenna/tag/e2806894000040038662114f, 88
1652716202.280239, sdrt-health/mac:02010b41cdec/antenna/tag/e28068940000400386621d4f, 90
1652716202.339599, sdrt-health/mac:02010b41cdec/antenna/tag/e2806894000040038662114f, 91
1652716202.339999, sdrt-health/mac:02010b41cdec/antenna/tag/e28068940000400386621d4f, 90
1652716202.35489, sdrt-health/mac:02010b41cdec/antenna/tag/e2806894000050038661fd4f, 86
1652716202.355181, sdrt-health/mac:02010b41cdec/antenna/tag/e2806894000040038662114f, 97
1652716202.355393, sdrt-health/mac:02010b41cdec/antenna/tag/e2806894000040038662114f, 91
1652716202.369117, sdrt-health/mac:02010b41cdec/antenna/tag/e28068940000400386621d4f, 90
1652716202.369325, sdrt-health/mac:02010b41cdec/antenna/tag/e2806894000050038662194f, 83
1652716202.36946, sdrt-health/mac:02010b41cdec/antenna/tag/e2806894000040038662114f, 91
1652716202.369573, sdrt-health/mac:02010b41cdec/antenna/tag/e2806894000040038662114f, 91
1652716202.369684, sdrt-health/mac:02010b41cdec/antenna/tag/e2806894000050038662194f, 93
1652716202.369816, sdrt-health/mac:02010b41cdec/antenna/tag/e2806894000050038662194f, 83
1652716202.369923, sdrt-health/mac:02010b41cdec/antenna/tag/e2806894000050038661fd4f, 83
1652716202.370032, sdrt-health/mac:02010b41cdec/antenna/tag/e2806894000050038662154f, 91
1652716202.370182, sdrt-health/mac:02010b41cdec/antenna/tag/e2806894000040038662114f, 88
1652716202.466403, sdrt-health/mac:02010b41cdec/antenna/tag/e28068940000400386621d4f, 77
1652716202.52384, sdrt-health/mac:02010b41cdec/antenna/tag/e2806894000050038662194f, 83
1652716202.581729, sdrt-health/mac:02010b41cdec/antenna/tag/e2806894000050038661fd4f, 83
1652716202.582029, sdrt-health/mac:02010b41cdec/antenna/tag/e2806894000050038662154f, 88
1652716202.616952, sdrt-health/mac:02010b41cdec/antenna/tag/e2806894000050038662194f, 81
1652716202.656543, sdrt-health/mac:02010b41cdec/antenna/tag/e28068940000400386621d4f, 90
1652716202.700723, sdrt-health/mac:02010b41cdec/antenna/tag/e2806894000050038662154f, 91
1652716202.7012, sdrt-health/mac:02010b41cdec/antenna/tag/e28068940000400386621d4f, 77
1652716202.715222, sdrt-health/mac:02010b41cdec/antenna/tag/e2806894000050038662194f, 83
1652716202.715462, sdrt-health/mac:02010b41cdec/antenna/tag/e2806894000050038662154f, 91
1652716202.747971, sdrt-health/mac:02010b41cdec/antenna/tag/e28068940000400386621d4f, 96
1652716202.825194, sdrt-health/mac:02010b41cdec/antenna/tag/e2806894000040038662114f, 91
1652716202.825608, sdrt-health/mac:02010b41cdec/antenna/tag/e2806894000040038662114f, 91
1652716202.866395, sdrt-health/mac:02010b41cdec/antenna/tag/e28068940000400386621d4f, 96
1652716202.953304, sdrt-health/mac:02010b41cdec/antenna/tag/e28068940000400386621d4f, 96
1652716202.953937, sdrt-health/mac:02010b41cdec/antenna/tag/e28068940000400386621d4f, 96
1652716202.967685, sdrt-health/mac:02010b41cdec/antenna/tag/e2806894000040038662114f, 85
1652716202.999826, sdrt-health/mac:02010b41cdec/antenna/tag/e2806894000050038661fd4f, 86
1652716203.0293, sdrt-health/mac:02010b41cdec/antenna/tag/e2806894000040038662114f, 91
1652716203.029566, sdrt-health/mac:02010b41cdec/antenna/tag/e2806894000050038661fd4f, 86
1652716203.088733, sdrt-health/mac:02010b41cdec/antenna/tag/e28068940000400386621d4f, 90
1652716203.15237, sdrt-health/mac:02010b41cdec/antenna/tag/e2806894000050038662154f, 88
1652716203.152745, sdrt-health/mac:02010b41cdec/antenna/tag/e2806894000050038662194f, 88
1652716203.166111, sdrt-health/mac:02010b41cdec/antenna/tag/e2806894000040038662114f, 91
1652716203.166528, sdrt-health/mac:02010b41cdec/antenna/tag/e2806894000040038662114f, 91
1652716203.166748, sdrt-health/mac:02010b41cdec/antenna/tag/e2806894000040038662054f, 81
1652716203.211242, sdrt-health/mac:02010b41cdec/antenna/tag/e2806894000040038662114f, 91
1652716203.270279, sdrt-health/mac:02010b41cdec/antenna/tag/e2806894000050038662154f, 91
1652716203.270804, sdrt-health/mac:02010b41cdec/antenna/tag/e28068940000400386621d4f, 96
1652716203.340278, sdrt-health/mac:02010b41cdec/antenna/tag/e2806894000050038661fd4f, 86
1652716203.371814, sdrt-health/mac:02010b41cdec/antenna/tag/e28068940000400386621d4f, 96
1652716203.372141, sdrt-health/mac:02010b41cdec/antenna/tag/e2806894000040038662114f, 88
1652716203.40113, sdrt-health/mac:02010b41cdec/antenna/tag/e2806894000040038662214f, 83
1652716203.449105, sdrt-health/mac:02010b41cdec/antenna/tag/e2806894000050038662154f, 85
1652716203.5067, sdrt-health/mac:02010b41cdec/antenna/tag/e2806894000050038661fd4f, 83
1652716203.58423, sdrt-health/mac:02010b41cdec/antenna/tag/e28068940000400386621d4f, 96
1652716203.584478, sdrt-health/mac:02010b41cdec/antenna/tag/e28068940000400386621d4f, 96
1652716203.597992, sdrt-health/mac:02010b41cdec/antenna/tag/e2806894000050038661fd4f, 83
1652716203.598242, sdrt-health/mac:02010b41cdec/antenna/tag/e28068940000400386621d4f, 96
1652716203.611212, sdrt-health/mac:02010b41cdec/antenna/tag/e2806894000050038662154f, 85
1652716203.612442, sdrt-health/mac:02010b41cdec/antenna/tag/e28068940000400386621d4f, 96
1652716203.667168, sdrt-health/mac:02010b41cdec/antenna/tag/e2806894000050038661fd4f, 86
1652716203.788463, sdrt-health/mac:02010b41cdec/antenna/tag/e2806894000040038662114f, 97
1652716203.820735, sdrt-health/mac:02010b41cdec/antenna/tag/e2806894000050038662154f, 88
1652716203.820996, sdrt-health/mac:02010b41cdec/antenna/tag/e2806894000050038662154f, 85
1652716203.838517, sdrt-health/mac:02010b41cdec/antenna/tag/e28068940000400386621d4f, 96
1652716203.868354, sdrt-health/mac:02010b41cdec/antenna/tag/e2806894000050038662194f, 87
1652716203.868558, sdrt-health/mac:02010b41cdec/antenna/tag/e2806894000040038662114f, 97
1652716203.868675, sdrt-health/mac:02010b41cdec/antenna/tag/e2806894000050038662154f, 91
1652716203.868801, sdrt-health/mac:02010b41cdec/antenna/tag/e2806894000050038662194f, 87
1652716203.883036, sdrt-health/mac:02010b41cdec/antenna/tag/e2806894000040038661f94f, 88
1652716203.925441, sdrt-health/mac:02010b41cdec/antenna/tag/e2806894000040038662114f, 88
1652716203.925935, sdrt-health/mac:02010b41cdec/antenna/tag/e2806894000050038662194f, 81
1652716203.996157, sdrt-health/mac:02010b41cdec/antenna/tag/e28068940000400386621d4f, 77
1652716204.054107, sdrt-health/mac:02010b41cdec/antenna/tag/e2806894000040038661f94f, 82
1652716204.054484, sdrt-health/mac:02010b41cdec/antenna/tag/e2806894000050038662194f, 83
1652716204.07482, sdrt-health/mac:02010b41cdec/antenna/tag/e2806894000050038661fd4f, 90
1652716204.155643, sdrt-health/mac:02010b41cdec/antenna/tag/e2806894000050038661fd4f, 86
1652716204.156273, sdrt-health/mac:02010b41cdec/antenna/tag/e28068940000400386621d4f, 96
1652716204.200741, sdrt-health/mac:02010b41cdec/antenna/tag/e28068940000400386621d4f, 77
1652716204.272187, sdrt-health/mac:02010b41cdec/antenna/tag/e28068940000400386621d4f, 96
1652716204.272507, sdrt-health/mac:02010b41cdec/antenna/tag/e2806894000040038662114f, 88
1652716204.285485, sdrt-health/mac:02010b41cdec/antenna/tag/e2806894000040038662114f, 85
1652716204.286051, sdrt-health/mac:02010b41cdec/antenna/tag/e28068940000400386621d4f, 77
1652716204.55077, sdrt-health/mac:02010b41cdec/antenna/tag/e28068940000400386621d4f, 96
1652716204.577551, sdrt-health/mac:02010b41cdec/antenna/tag/e2806894000040038662214f, 81
1652716204.578005, sdrt-health/mac:02010b41cdec/antenna/tag/e2806894000040038662214f, 81
1652716204.578428, sdrt-health/mac:02010b41cdec/antenna/tag/e2806894000050038662154f, 85
1652716204.617238, sdrt-health/mac:02010b41cdec/antenna/tag/e2806894000050038662194f, 81
1652716204.646966, sdrt-health/mac:02010b41cdec/antenna/tag/e2806894000050038662194f, 93
1652716204.647273, sdrt-health/mac:02010b41cdec/antenna/tag/e2806894000040038662114f, 91
1652716204.647444, sdrt-health/mac:02010b41cdec/antenna/tag/e2806894000050038662154f, 97
1652716204.647582, sdrt-health/mac:02010b41cdec/antenna/tag/e2806894000050038662194f, 83
1652716204.647764, sdrt-health/mac:02010b41cdec/antenna/tag/e28068940000400386621d4f, 96
1652716204.647889, sdrt-health/mac:02010b41cdec/antenna/tag/e28068940000400386621d4f, 96
1652716204.648016, sdrt-health/mac:02010b41cdec/antenna/tag/e2806894000050038662154f, 97
1652716204.715097, sdrt-health/mac:02010b41cdec/antenna/tag/e2806894000040038662114f, 88
1652716204.744452, sdrt-health/mac:02010b41cdec/antenna/tag/e2806894000050038662154f, 97
1652716204.745001, sdrt-health/mac:02010b41cdec/antenna/tag/e2806894000050038662154f, 91
1652716204.745322, sdrt-health/mac:02010b41cdec/antenna/tag/e2806894000050038661fd4f, 90
1652716204.778077, sdrt-health/mac:02010b41cdec/antenna/tag/e28068940000400386621d4f, 96
1652716204.834148, sdrt-health/mac:02010b41cdec/antenna/tag/e2806894000040038662114f, 88
1652716204.89603, sdrt-health/mac:02010b41cdec/antenna/tag/e2806894000040038662114f, 91
1652716204.896253, sdrt-health/mac:02010b41cdec/antenna/tag/e2806894000040038662114f, 88
1652716204.910969, sdrt-health/mac:02010b41cdec/antenna/tag/e2806894000050038662194f, 87
1652716204.990891, sdrt-health/mac:02010b41cdec/antenna/tag/e28068940000400386621d4f, 96
1652716204.991355, sdrt-health/mac:02010b41cdec/antenna/tag/e2806894000040038662114f, 88
1652716205.035068, sdrt-health/mac:02010b41cdec/antenna/tag/e2806894000050038662194f, 94
1652716205.062731, sdrt-health/mac:02010b41cdec/antenna/tag/e2806894000050038661fd4f, 86
1652716205.062965, sdrt-health/mac:02010b41cdec/antenna/tag/e2806894000040038662114f, 88
1652716205.086904, sdrt-health/mac:02010b41cdec/antenna/tag/e28068940000400386621d4f, 90
1652716205.145296, sdrt-health/mac:02010b41cdec/antenna/tag/e2806894000050038662194f, 81
1652716205.146479, sdrt-health/mac:02010b41cdec/antenna/tag/e2806894000050038662154f, 88
1652716205.146647, sdrt-health/mac:02010b41cdec/antenna/tag/e2806894000050038661fd4f, 86
1652716205.19575, sdrt-health/mac:02010b41cdec/antenna/tag/e28068940000400386621d4f, 96
1652716205.2636, sdrt-health/mac:02010b41cdec/antenna/tag/e28068940000400386621d4f, 96
1652716205.30792, sdrt-health/mac:02010b41cdec/antenna/tag/e2806894000050038662154f, 85
1652716205.356718, sdrt-health/mac:02010b41cdec/antenna/tag/e2806894000040038662114f, 88
1652716205.384293, sdrt-health/mac:02010b41cdec/antenna/tag/e2806894000050038662194f, 88
1652716205.384511, sdrt-health/mac:02010b41cdec/antenna/tag/e2806894000040038662214f, 88
1652716205.406864, sdrt-health/mac:02010b41cdec/antenna/tag/e2806894000040038662114f, 88
1652716205.47324, sdrt-health/mac:02010b41cdec/antenna/tag/e2806894000050038661fd4f, 97
1652716205.473707, sdrt-health/mac:02010b41cdec/antenna/tag/e2806894000050038662194f, 83
1652716205.505667, sdrt-health/mac:02010b41cdec/antenna/tag/e2806894000040038662114f, 88
1652716205.534812, sdrt-health/mac:02010b41cdec/antenna/tag/e2806894000050038661fd4f, 83
1652716205.535086, sdrt-health/mac:02010b41cdec/antenna/tag/e28068940000400386621d4f, 96
1652716205.549814, sdrt-health/mac:02010b41cdec/antenna/tag/e2806894000040038662114f, 88
1652716205.550042, sdrt-health/mac:02010b41cdec/antenna/tag/e2806894000050038662154f, 97
1652716205.596301, sdrt-health/mac:02010b41cdec/antenna/tag/e2806894000050038662154f, 91
1652716205.678869, sdrt-health/mac:02010b41cdec/antenna/tag/e2806894000050038661fd4f, 86
1652716205.708927, sdrt-health/mac:02010b41cdec/antenna/tag/e2806894000040038662114f, 88
1652716205.709348, sdrt-health/mac:02010b41cdec/antenna/tag/e2806894000050038662194f, 88
1652716205.736519, sdrt-health/mac:02010b41cdec/antenna/tag/e2806894000050038662194f, 93
1652716205.805677, sdrt-health/mac:02010b41cdec/antenna/tag/e2806894000040038662114f, 97
1652716205.834118, sdrt-health/mac:02010b41cdec/antenna/tag/e28068940000400386621d4f, 96
1652716205.834315, sdrt-health/mac:02010b41cdec/antenna/tag/e2806894000040038662114f, 91
1652716205.911154, sdrt-health/mac:02010b41cdec/antenna/tag/e2806894000050038661fd4f, 86
1652716205.93969, sdrt-health/mac:02010b41cdec/antenna/tag/e2806894000050038662194f, 93
1652716205.93991, sdrt-health/mac:02010b41cdec/antenna/tag/e2806894000040038662214f, 81
1652716205.978154, sdrt-health/mac:02010b41cdec/antenna/tag/e2806894000050038661fd4f, 97
1652716206.010104, sdrt-health/mac:02010b41cdec/antenna/tag/e2806894000050038662194f, 83
1652716206.010564, sdrt-health/mac:02010b41cdec/antenna/tag/e2806894000050038661fd4f, 83
1652716206.010761, sdrt-health/mac:02010b41cdec/antenna/tag/e28068940000400386621d4f, 77
1652716206.025111, sdrt-health/mac:02010b41cdec/antenna/tag/e2806894000050038661fd4f, 86
1652716206.065331, sdrt-health/mac:02010b41cdec/antenna/tag/e2806894000040038662114f, 97
1652716206.107202, sdrt-health/mac:02010b41cdec/antenna/tag/e28068940000400386621d4f, 96
1652716206.158822, sdrt-health/mac:02010b41cdec/antenna/tag/e2806894000050038662194f, 84
1652716206.189383, sdrt-health/mac:02010b41cdec/antenna/tag/e2806894000040038662114f, 85
1652716206.189629, sdrt-health/mac:02010b41cdec/antenna/tag/e2806894000050038661fd4f, 86
1652716206.218231, sdrt-health/mac:02010b41cdec/antenna/tag/e2806894000050038662194f, 84
1652716206.248492, sdrt-health/mac:02010b41cdec/antenna/tag/e2806894000050038662154f, 85
1652716206.248724, sdrt-health/mac:02010b41cdec/antenna/tag/e2806894000040038662114f, 88
1652716206.266592, sdrt-health/mac:02010b41cdec/antenna/tag/e2806894000040038662114f, 88
1652716206.266871, sdrt-health/mac:02010b41cdec/antenna/tag/e28068940000400386621d4f, 96
1652716206.267052, sdrt-health/mac:02010b41cdec/antenna/tag/e2806894000050038661fd4f, 83
1652716206.306562, sdrt-health/mac:02010b41cdec/antenna/tag/e2806894000050038661fd4f, 83
1652716206.396049, sdrt-health/mac:02010b41cdec/antenna/tag/e2806894000040038662114f, 97
1652716206.469556, sdrt-health/mac:02010b41cdec/antenna/tag/e2806894000040038662114f, 88
1652716206.541649, sdrt-health/mac:02010b41cdec/antenna/tag/e2806894000050038662194f, 83
1652716206.541892, sdrt-health/mac:02010b41cdec/antenna/tag/e2806894000040038661f94f, 81
1652716206.555948, sdrt-health/mac:02010b41cdec/antenna/tag/e2806894000050038661fd4f, 83
1652716206.575063, sdrt-health/mac:02010b41cdec/antenna/tag/e2806894000040038662214f, 94
1652716206.635689, sdrt-health/mac:02010b41cdec/antenna/tag/e2806894000050038662154f, 85
1652716206.711335, sdrt-health/mac:02010b41cdec/antenna/tag/e2806894000050038662194f, 87
1652716206.711747, sdrt-health/mac:02010b41cdec/antenna/tag/e28068940000400386621d4f, 77
1652716206.745045, sdrt-health/mac:02010b41cdec/antenna/tag/e2806894000050038662154f, 85
1652716206.823827, sdrt-health/mac:02010b41cdec/antenna/tag/e28068940000400386621d4f, 77
1652716206.824064, sdrt-health/mac:02010b41cdec/antenna/tag/e28068940000400386621d4f, 77
1652716206.902902, sdrt-health/mac:02010b41cdec/antenna/tag/e2806894000040038662214f, 82
1652716207.002259, sdrt-health/mac:02010b41cdec/antenna/tag/e2806894000050038662154f, 85
1652716207.00256, sdrt-health/mac:02010b41cdec/antenna/tag/e28068940000400386621d4f, 90
1652716207.017662, sdrt-health/mac:02010b41cdec/antenna/tag/e2806894000050038662154f, 85
1652716207.017907, sdrt-health/mac:02010b41cdec/antenna/tag/e2806894000040038662114f, 97
1652716207.052129, sdrt-health/mac:02010b41cdec/antenna/tag/e28068940000400386621d4f, 96
1652716207.081413, sdrt-health/mac:02010b41cdec/antenna/tag/e2806894000050038662194f, 87
1652716207.081689, sdrt-health/mac:02010b41cdec/antenna/tag/e28068940000400386621d4f, 77
1652716207.081894, sdrt-health/mac:02010b41cdec/antenna/tag/e2806894000040038662114f, 85
1652716207.082074, sdrt-health/mac:02010b41cdec/antenna/tag/e2806894000050038662194f, 81
1652716207.10859, sdrt-health/mac:02010b41cdec/antenna/tag/e2806894000040038662114f, 88
1652716207.136199, sdrt-health/mac:02010b41cdec/antenna/tag/e2806894000040038662214f, 94
1652716207.136414, sdrt-health/mac:02010b41cdec/antenna/tag/e2806894000040038662114f, 91
1652716207.161738, sdrt-health/mac:02010b41cdec/antenna/tag/e2806894000050038662154f, 91
1652716207.261011, sdrt-health/mac:02010b41cdec/antenna/tag/e28068940000400386621d4f, 90
1652716207.261349, sdrt-health/mac:02010b41cdec/antenna/tag/e2806894000050038662194f, 83
1652716207.27548, sdrt-health/mac:02010b41cdec/antenna/tag/e2806894000050038661fd4f, 86
1652716207.354159, sdrt-health/mac:02010b41cdec/antenna/tag/e28068940000400386621d4f, 96
1652716207.382303, sdrt-health/mac:02010b41cdec/antenna/tag/e28068940000500386620d4f, 84
1652716207.382649, sdrt-health/mac:02010b41cdec/antenna/tag/e28068940000400386621d4f, 96
1652716207.402521, sdrt-health/mac:02010b41cdec/antenna/tag/e2806894000050038662194f, 83
1652716207.49577, sdrt-health/mac:02010b41cdec/antenna/tag/e2806894000050038662154f, 91
1652716207.495995, sdrt-health/mac:02010b41cdec/antenna/tag/e2806894000050038662194f, 87
1652716207.511067, sdrt-health/mac:02010b41cdec/antenna/tag/e2806894000050038661fd4f, 83
1652716207.532728, sdrt-health/mac:02010b41cdec/antenna/tag/e2806894000040038662114f, 88
1652716207.563376, sdrt-health/mac:02010b41cdec/antenna/tag/e2806894000050038661fd4f, 83
1652716207.563691, sdrt-health/mac:02010b41cdec/antenna/tag/e2806894000050038662154f, 85
1652716207.563916, sdrt-health/mac:02010b41cdec/antenna/tag/e2806894000050038662154f, 88
1652716207.588348, sdrt-health/mac:02010b41cdec/antenna/tag/e2806894000050038661fd4f, 90
1652716207.622337, sdrt-health/mac:02010b41cdec/antenna/tag/e2806894000050038662154f, 91
1652716207.665753, sdrt-health/mac:02010b41cdec/antenna/tag/e2806894000050038662154f, 88
1652716207.708154, sdrt-health/mac:02010b41cdec/antenna/tag/e2806894000040038662114f, 91
1652716207.783308, sdrt-health/mac:02010b41cdec/antenna/tag/e2806894000050038662154f, 88
1652716207.783545, sdrt-health/mac:02010b41cdec/antenna/tag/e2806894000050038662194f, 87
1652716207.797342, sdrt-health/mac:02010b41cdec/antenna/tag/e28068940000400386621d4f, 90
1652716207.797619, sdrt-health/mac:02010b41cdec/antenna/tag/e2806894000050038661fd4f, 86
1652716207.815507, sdrt-health/mac:02010b41cdec/antenna/tag/e28068940000400386621d4f, 96
1652716207.906639, sdrt-health/mac:02010b41cdec/antenna/tag/e2806894000050038661fd4f, 83
1652716207.907063, sdrt-health/mac:02010b41cdec/antenna/tag/e28068940000400386621d4f, 96
1652716207.921651, sdrt-health/mac:02010b41cdec/antenna/tag/e2806894000040038662114f, 88
1652716207.922022, sdrt-health/mac:02010b41cdec/antenna/tag/e2806894000050038662194f, 83
1652716207.969099, sdrt-health/mac:02010b41cdec/antenna/tag/e28068940000400386621d4f, 96
1652716208.018911, sdrt-health/mac:02010b41cdec/antenna/tag/e2806894000050038662194f, 83
1652716208.048397, sdrt-health/mac:02010b41cdec/antenna/tag/e28068940000400386621d4f, 96
1652716208.048623, sdrt-health/mac:02010b41cdec/antenna/tag/e2806894000050038662154f, 85
1652716208.048739, sdrt-health/mac:02010b41cdec/antenna/tag/e2806894000050038662194f, 83
1652716208.04886, sdrt-health/mac:02010b41cdec/antenna/tag/e2806894000050038662194f, 87
1652716208.085695, sdrt-health/mac:02010b41cdec/antenna/tag/e2806894000050038662194f, 87
1652716208.179093, sdrt-health/mac:02010b41cdec/antenna/tag/e2806894000050038662154f, 85
1652716208.207781, sdrt-health/mac:02010b41cdec/antenna/tag/e2806894000050038662194f, 87
1652716208.207986, sdrt-health/mac:02010b41cdec/antenna/tag/e2806894000050038661fd4f, 97
1652716208.243202, sdrt-health/mac:02010b41cdec/antenna/tag/e2806894000040038662114f, 88
1652716208.327717, sdrt-health/mac:02010b41cdec/antenna/tag/e2806894000050038661fd4f, 86
1652716208.328135, sdrt-health/mac:02010b41cdec/antenna/tag/e2806894000050038662154f, 97
1652716208.341133, sdrt-health/mac:02010b41cdec/antenna/tag/e2806894000040038662114f, 88
1652716208.359627, sdrt-health/mac:02010b41cdec/antenna/tag/e2806894000050038662194f, 83
1652716208.432346, sdrt-health/mac:02010b41cdec/antenna/tag/e2806894000050038661fd4f, 83
1652716208.432576, sdrt-health/mac:02010b41cdec/antenna/tag/e2806894000050038661fd4f, 97
1652716208.446898, sdrt-health/mac:02010b41cdec/antenna/tag/e2806894000050038662194f, 87
1652716208.452865, sdrt-health/mac:02010b41cdec/antenna/tag/e2806894000040038662114f, 88
1652716208.505716, sdrt-health/mac:02010b41cdec/antenna/tag/e2806894000050038662194f, 94
1652716208.555065, sdrt-health/mac:02010b41cdec/antenna/tag/e2806894000040038662114f, 91
1652716208.600598, sdrt-health/mac:02010b41cdec/antenna/tag/e2806894000050038662194f, 87
1652716208.632192, sdrt-health/mac:02010b41cdec/antenna/tag/e28068940000400386621d4f, 90
1652716208.63245, sdrt-health/mac:02010b41cdec/antenna/tag/e2806894000040038662114f, 97
1652716208.632595, sdrt-health/mac:02010b41cdec/antenna/tag/e2806894000040038662114f, 91
1652716208.647486, sdrt-health/mac:02010b41cdec/antenna/tag/e2806894000050038662194f, 83
1652716208.647715, sdrt-health/mac:02010b41cdec/antenna/tag/e28068940000400386621d4f, 90
1652716208.696214, sdrt-health/mac:02010b41cdec/antenna/tag/e2806894000040038662054f, 81
1652716208.762622, sdrt-health/mac:02010b41cdec/antenna/tag/e2806894000050038662154f, 88
1652716208.904244, sdrt-health/mac:02010b41cdec/antenna/tag/e2806894000050038662194f, 93
1652716208.904671, sdrt-health/mac:02010b41cdec/antenna/tag/e28068940000400386621d4f, 96
1652716208.919428, sdrt-health/mac:02010b41cdec/antenna/tag/e2806894000040038662114f, 91
1652716209.015681, sdrt-health/mac:02010b41cdec/antenna/tag/e2806894000040038662114f, 88
1652716209.045735, sdrt-health/mac:02010b41cdec/antenna/tag/e28068940000400386621d4f, 96
1652716209.046056, sdrt-health/mac:02010b41cdec/antenna/tag/e2806894000050038662154f, 91
1652716209.046179, sdrt-health/mac:02010b41cdec/antenna/tag/e28068940000400386621d4f, 96
1652716209.061167, sdrt-health/mac:02010b41cdec/antenna/tag/e2806894000050038662194f, 83
1652716209.061459, sdrt-health/mac:02010b41cdec/antenna/tag/e2806894000050038661fd4f, 83
1652716209.061623, sdrt-health/mac:02010b41cdec/antenna/tag/e2806894000040038662114f, 91
1652716209.106234, sdrt-health/mac:02010b41cdec/antenna/tag/e2806894000040038662114f, 88
1652716209.161154, sdrt-health/mac:02010b41cdec/antenna/tag/e28068940000400386621d4f, 96
1652716209.220296, sdrt-health/mac:02010b41cdec/antenna/tag/e2806894000050038662154f, 91
1652716209.220507, sdrt-health/mac:02010b41cdec/antenna/tag/e2806894000050038662194f, 83
1652716209.250829, sdrt-health/mac:02010b41cdec/antenna/tag/e2806894000050038661fd4f, 86
1652716209.4685, sdrt-health/mac:02010b41cdec/antenna/tag/e2806894000050038661fd4f, 86
1652716209.500167, sdrt-health/mac:02010b41cdec/antenna/tag/e2806894000050038662194f, 83
1652716209.500592, sdrt-health/mac:02010b41cdec/antenna/tag/e28068940000400386621d4f, 96
1652716209.500886, sdrt-health/mac:02010b41cdec/antenna/tag/e2806894000040038662114f, 91
1652716209.53348, sdrt-health/mac:02010b41cdec/antenna/tag/e2806894000040038662114f, 88
1652716209.562722, sdrt-health/mac:02010b41cdec/antenna/tag/e2806894000050038661fd4f, 83
1652716209.562979, sdrt-health/mac:02010b41cdec/antenna/tag/e2806894000050038662154f, 88
1652716209.563197, sdrt-health/mac:02010b41cdec/antenna/tag/e28068940000400386621d4f, 96
1652716209.563406, sdrt-health/mac:02010b41cdec/antenna/tag/e2806894000050038661fd4f, 86
1652716209.563641, sdrt-health/mac:02010b41cdec/antenna/tag/e28068940000400386621d4f, 96
1652716209.56385, sdrt-health/mac:02010b41cdec/antenna/tag/e28068940000400386621d4f, 96
1652716209.564009, sdrt-health/mac:02010b41cdec/antenna/tag/e2806894000050038662154f, 91
1652716209.56414, sdrt-health/mac:02010b41cdec/antenna/tag/e2806894000050038661fd4f, 86
1652716209.587088, sdrt-health/mac:02010b41cdec/antenna/tag/e2806894000050038662154f, 88
1652716209.618001, sdrt-health/mac:02010b41cdec/antenna/tag/e2806894000040038662114f, 88
1652716209.618205, sdrt-health/mac:02010b41cdec/antenna/tag/e28068940000400386621d4f, 96
1652716209.641787, sdrt-health/mac:02010b41cdec/antenna/tag/e28068940000400386621d4f, 90
1652716209.702644, sdrt-health/mac:02010b41cdec/antenna/tag/e2806894000040038662114f, 91
1652716209.703038, sdrt-health/mac:02010b41cdec/antenna/tag/e2806894000050038662194f, 94
1652716209.739251, sdrt-health/mac:02010b41cdec/antenna/tag/e2806894000050038661fd4f, 86
1652716209.803272, sdrt-health/mac:02010b41cdec/antenna/tag/e28068940000400386621d4f, 96
1652716209.803516, sdrt-health/mac:02010b41cdec/antenna/tag/e2806894000040038662114f, 91
1652716209.846195, sdrt-health/mac:02010b41cdec/antenna/tag/e28068940000400386621d4f, 90
1652716209.912235, sdrt-health/mac:02010b41cdec/antenna/tag/e2806894000050038662154f, 88
1652716209.912632, sdrt-health/mac:02010b41cdec/antenna/tag/e2806894000040038662214f, 81
1652716209.958841, sdrt-health/mac:02010b41cdec/antenna/tag/e2806894000050038662154f, 85
1652716209.986903, sdrt-health/mac:02010b41cdec/antenna/tag/e28068940000400386621d4f, 77
1652716209.987142, sdrt-health/mac:02010b41cdec/antenna/tag/e2806894000040038662214f, 81
1652716209.987262, sdrt-health/mac:02010b41cdec/antenna/tag/e2806894000050038662194f, 94
1652716210.007877, sdrt-health/mac:02010b41cdec/antenna/tag/e28068940000400386621d4f, 77
1652716210.09814, sdrt-health/mac:02010b41cdec/antenna/tag/e2806894000040038662114f, 91
1652716210.098362, sdrt-health/mac:02010b41cdec/antenna/tag/e2806894000050038662154f, 91
1652716210.112116, sdrt-health/mac:02010b41cdec/antenna/tag/e2806894000040038662114f, 88
1652716210.17724, sdrt-health/mac:02010b41cdec/antenna/tag/e2806894000050038661fd4f, 86
1652716210.177864, sdrt-health/mac:02010b41cdec/antenna/tag/e2806894000040038662114f, 88
1652716210.191817, sdrt-health/mac:02010b41cdec/antenna/tag/e2806894000040038662114f, 88
1652716210.192056, sdrt-health/mac:02010b41cdec/antenna/tag/e2806894000050038662194f, 87
1652716210.24261, sdrt-health/mac:02010b41cdec/antenna/tag/e28068940000400386621d4f, 90
1652716210.269971, sdrt-health/mac:02010b41cdec/antenna/tag/e2806894000050038662154f, 91
1652716210.270212, sdrt-health/mac:02010b41cdec/antenna/tag/e2806894000050038661fd4f, 86
1652716210.270386, sdrt-health/mac:02010b41cdec/antenna/tag/e28068940000400386621d4f, 90
1652716210.296011, sdrt-health/mac:02010b41cdec/antenna/tag/e2806894000050038662154f, 88
1652716210.347664, sdrt-health/mac:02010b41cdec/antenna/tag/e2806894000040038662114f, 97
1652716210.348129, sdrt-health/mac:02010b41cdec/antenna/tag/e2806894000050038662154f, 88
1652716210.404045, sdrt-health/mac:02010b41cdec/antenna/tag/e2806894000040038662214f, 94
1652716210.455685, sdrt-health/mac:02010b41cdec/antenna/tag/e2806894000040038662214f, 94
1652716210.557786, sdrt-health/mac:02010b41cdec/antenna/tag/e2806894000050038661fd4f, 86
1652716210.625761, sdrt-health/mac:02010b41cdec/antenna/tag/e28068940000400386621d4f, 96
1652716210.655723, sdrt-health/mac:02010b41cdec/antenna/tag/e2806894000050038661fd4f, 86
1652716210.655974, sdrt-health/mac:02010b41cdec/antenna/tag/e2806894000050038662194f, 83
1652716210.701429, sdrt-health/mac:02010b41cdec/antenna/tag/e2806894000050038661fd4f, 86
1652716210.732068, sdrt-health/mac:02010b41cdec/antenna/tag/e2806894000050038662194f, 83
1652716210.732335, sdrt-health/mac:02010b41cdec/antenna/tag/e28068940000400386621d4f, 96
1652716210.747733, sdrt-health/mac:02010b41cdec/antenna/tag/e2806894000050038662154f, 91
1652716210.7757, sdrt-health/mac:02010b41cdec/antenna/tag/e2806894000040038662114f, 85
1652716210.77594, sdrt-health/mac:02010b41cdec/antenna/tag/e2806894000050038661fd4f, 86
1652716210.795401, sdrt-health/mac:02010b41cdec/antenna/tag/e28068940000400386621d4f, 96
1652716210.866966, sdrt-health/mac:02010b41cdec/antenna/tag/e2806894000040038662214f, 94
1652716210.920484, sdrt-health/mac:02010b41cdec/antenna/tag/e2806894000050038662194f, 81
1652716210.920722, sdrt-health/mac:02010b41cdec/antenna/tag/e2806894000050038661fd4f, 86
1652716210.944847, sdrt-health/mac:02010b41cdec/antenna/tag/e2806894000050038662154f, 91
1652716210.94546, sdrt-health/mac:02010b41cdec/antenna/tag/e2806894000050038662194f, 83
1652716210.986899, sdrt-health/mac:02010b41cdec/antenna/tag/e2806894000040038662114f, 88
1652716211.039713, sdrt-health/mac:02010b41cdec/antenna/tag/e28068940000400386621d4f, 96
1652716211.039992, sdrt-health/mac:02010b41cdec/antenna/tag/e2806894000050038662194f, 83
1652716211.054984, sdrt-health/mac:02010b41cdec/antenna/tag/e2806894000050038662154f, 91
1652716211.109265, sdrt-health/mac:02010b41cdec/antenna/tag/e2806894000050038662154f, 91
1652716211.139269, sdrt-health/mac:02010b41cdec/antenna/tag/e2806894000050038661fd4f, 86
1652716211.139511, sdrt-health/mac:02010b41cdec/antenna/tag/e2806894000050038662194f, 94
1652716211.258082, sdrt-health/mac:02010b41cdec/antenna/tag/e28068940000400386621d4f, 96
1652716211.294261, sdrt-health/mac:02010b41cdec/antenna/tag/e2806894000040038662114f, 91
1652716211.294505, sdrt-health/mac:02010b41cdec/antenna/tag/e2806894000050038661fd4f, 86
1652716211.294679, sdrt-health/mac:02010b41cdec/antenna/tag/e2806894000050038662154f, 91
1652716211.330694, sdrt-health/mac:02010b41cdec/antenna/tag/e2806894000050038662194f, 81
1652716211.359213, sdrt-health/mac:02010b41cdec/antenna/tag/e2806894000050038662154f, 91
1652716211.359474, sdrt-health/mac:02010b41cdec/antenna/tag/e2806894000040038662114f, 88
1652716211.359606, sdrt-health/mac:02010b41cdec/antenna/tag/e2806894000040038662114f, 88
1652716211.359727, sdrt-health/mac:02010b41cdec/antenna/tag/e2806894000050038662154f, 91
1652716211.359846, sdrt-health/mac:02010b41cdec/antenna/tag/e28068940000500386620d4f, 84
1652716211.375937, sdrt-health/mac:02010b41cdec/antenna/tag/e2806894000050038662154f, 85
1652716211.405461, sdrt-health/mac:02010b41cdec/antenna/tag/e2806894000050038662194f, 87
1652716211.405717, sdrt-health/mac:02010b41cdec/antenna/tag/e28068940000400386621d4f, 77
1652716211.420028, sdrt-health/mac:02010b41cdec/antenna/tag/e2806894000050038662194f, 81
1652716211.46582, sdrt-health/mac:02010b41cdec/antenna/tag/e2806894000050038661fd4f, 86
1652716211.522008, sdrt-health/mac:02010b41cdec/antenna/tag/e28068940000400386621d4f, 96
1652716211.522437, sdrt-health/mac:02010b41cdec/antenna/tag/e2806894000050038661fd4f, 86
1652716211.558007, sdrt-health/mac:02010b41cdec/antenna/tag/e2806894000050038662194f, 81
1652716211.623082, sdrt-health/mac:02010b41cdec/antenna/tag/e2806894000040038662114f, 91
1652716211.682546, sdrt-health/mac:02010b41cdec/antenna/tag/e2806894000050038662154f, 91
1652716211.68302, sdrt-health/mac:02010b41cdec/antenna/tag/e2806894000050038661fd4f, 86
1652716211.697277, sdrt-health/mac:02010b41cdec/antenna/tag/e2806894000050038662194f, 94
1652716211.697566, sdrt-health/mac:02010b41cdec/antenna/tag/e2806894000050038662194f, 81
1652716211.697731, sdrt-health/mac:02010b41cdec/antenna/tag/e2806894000050038662154f, 88
1652716211.73308, sdrt-health/mac:02010b41cdec/antenna/tag/e2806894000040038662114f, 88
1652716211.777003, sdrt-health/mac:02010b41cdec/antenna/tag/e2806894000040038662114f, 88
1652716211.840418, sdrt-health/mac:02010b41cdec/antenna/tag/e28068940000400386621d4f, 96
1652716211.84076, sdrt-health/mac:02010b41cdec/antenna/tag/e2806894000050038661fd4f, 83
1652716211.897428, sdrt-health/mac:02010b41cdec/antenna/tag/e2806894000050038662154f, 85
1652716211.947963, sdrt-health/mac:02010b41cdec/antenna/tag/e2806894000040038662214f, 84
1652716211.975759, sdrt-health/mac:02010b41cdec/antenna/tag/e2806894000050038662154f, 93
1652716211.976021, sdrt-health/mac:02010b41cdec/antenna/tag/e2806894000050038661fd4f, 83
1652716212.20783, sdrt-health/mac:02010b41cdec/antenna/tag/e2806894000050038662194f, 81
1652716212.234768, sdrt-health/mac:02010b41cdec/antenna/tag/e2806894000050038661fd4f, 86
1652716212.235, sdrt-health/mac:02010b41cdec/antenna/tag/e2806894000050038661fd4f, 86
1652716212.298811, sdrt-health/mac:02010b41cdec/antenna/tag/e28068940000400386621d4f, 96
1652716212.329782, sdrt-health/mac:02010b41cdec/antenna/tag/e2806894000050038662194f, 81
1652716212.329982, sdrt-health/mac:02010b41cdec/antenna/tag/e2806894000050038662154f, 91
1652716212.330145, sdrt-health/mac:02010b41cdec/antenna/tag/e28068940000400386621d4f, 96
1652716212.330421, sdrt-health/mac:02010b41cdec/antenna/tag/e2806894000050038661fd4f, 86
1652716212.330619, sdrt-health/mac:02010b41cdec/antenna/tag/e2806894000050038661fd4f, 86
1652716212.354991, sdrt-health/mac:02010b41cdec/antenna/tag/e2806894000050038662194f, 93
1652716212.403051, sdrt-health/mac:02010b41cdec/antenna/tag/e2806894000040038662114f, 91
1652716212.403867, sdrt-health/mac:02010b41cdec/antenna/tag/e2806894000050038661fd4f, 83
1652716212.417129, sdrt-health/mac:02010b41cdec/antenna/tag/e28068940000400386621d4f, 96
1652716212.495647, sdrt-health/mac:02010b41cdec/antenna/tag/e2806894000040038662114f, 91
1652716212.545332, sdrt-health/mac:02010b41cdec/antenna/tag/e2806894000050038661fd4f, 86
1652716212.545737, sdrt-health/mac:02010b41cdec/antenna/tag/e2806894000050038662194f, 87
1652716212.615593, sdrt-health/mac:02010b41cdec/antenna/tag/e2806894000050038661fd4f, 86
1652716212.65557, sdrt-health/mac:02010b41cdec/antenna/tag/e28068940000400386621d4f, 90
1652716212.720745, sdrt-health/mac:02010b41cdec/antenna/tag/e2806894000050038662154f, 88
1652716212.720967, sdrt-health/mac:02010b41cdec/antenna/tag/e28068940000400386621d4f, 96
1652716212.745134, sdrt-health/mac:02010b41cdec/antenna/tag/e2806894000050038662154f, 88
1652716212.74572, sdrt-health/mac:02010b41cdec/antenna/tag/e2806894000050038662194f, 81
1652716212.759327, sdrt-health/mac:02010b41cdec/antenna/tag/e2806894000050038662194f, 83
1652716212.795298, sdrt-health/mac:02010b41cdec/antenna/tag/e2806894000040038662114f, 91
1652716212.852916, sdrt-health/mac:02010b41cdec/antenna/tag/e2806894000050038662154f, 85
1652716212.853178, sdrt-health/mac:02010b41cdec/antenna/tag/e2806894000040038662114f, 88
1652716212.866758, sdrt-health/mac:02010b41cdec/antenna/tag/e28068940000400386621d4f, 96
1652716212.886153, sdrt-health/mac:02010b41cdec/antenna/tag/e28068940000400386621d4f, 77
1652716212.949504, sdrt-health/mac:02010b41cdec/antenna/tag/e2806894000050038661fd4f, 83
1652716212.977715, sdrt-health/mac:02010b41cdec/antenna/tag/e2806894000050038662194f, 81
1652716212.978022, sdrt-health/mac:02010b41cdec/antenna/tag/e2806894000050038662154f, 93
1652716213.003268, sdrt-health/mac:02010b41cdec/antenna/tag/e2806894000050038662194f, 88
1652716213.048632, sdrt-health/mac:02010b41cdec/antenna/tag/e2806894000040038662214f, 81
1652716213.049192, sdrt-health/mac:02010b41cdec/antenna/tag/e2806894000040038661f94f, 88
1652716213.097969, sdrt-health/mac:02010b41cdec/antenna/tag/e2806894000050038662194f, 94
1652716213.145876, sdrt-health/mac:02010b41cdec/antenna/tag/e2806894000050038661fd4f, 83
1652716213.18596, sdrt-health/mac:02010b41cdec/antenna/tag/e2806894000050038661fd4f, 83
1652716213.272148, sdrt-health/mac:02010b41cdec/antenna/tag/e28068940000400386621d4f, 96
1652716213.272542, sdrt-health/mac:02010b41cdec/antenna/tag/e2806894000040038662214f, 81
1652716213.338869, sdrt-health/mac:02010b41cdec/antenna/tag/e2806894000050038662154f, 85
1652716213.339468, sdrt-health/mac:02010b41cdec/antenna/tag/e2806894000040038662214f, 88
1652716213.386961, sdrt-health/mac:02010b41cdec/antenna/tag/e2806894000040038662114f, 88
1652716213.453526, sdrt-health/mac:02010b41cdec/antenna/tag/e2806894000040038662114f, 91
1652716213.45398, sdrt-health/mac:02010b41cdec/antenna/tag/e2806894000050038662154f, 88
1652716213.61779, sdrt-health/mac:02010b41cdec/antenna/tag/scan, scan stopped
