1652716034.468972, sdrt-health/mac:02010b41cdec/antenna/power/set, {"power": 290}
1652716035.571905, sdrt-health/mac:02010b41cdec/antenna/power/set, 
1652716039.491429, sdrt-health/mac:02010b41cdec/antenna/tag/scan, {"time": 20000}
1652716039.89845, sdrt-health/mac:02010b41cdec/antenna/tag/e2806894000050038662194f, 83
1652716039.972432, sdrt-health/mac:02010b41cdec/antenna/tag/e2806894000050038661fd4f, 83
1652716040.035006, sdrt-health/mac:02010b41cdec/antenna/tag/e2806894000040038662114f, 88
1652716040.035526, sdrt-health/mac:02010b41cdec/antenna/tag/e2806894000040038662114f, 91
1652716040.049157, sdrt-health/mac:02010b41cdec/antenna/tag/e28068940000400386621d4f, 96
1652716040.049619, sdrt-health/mac:02010b41cdec/antenna/tag/e2806894000050038662154f, 88
1652716040.050163, sdrt-health/mac:02010b41cdec/antenna/tag/e2806894000050038662194f, 81
1652716040.120566, sdrt-health/mac:02010b41cdec/antenna/tag/e2806894000050038662194f, 83
1652716040.292782, sdrt-health/mac:02010b41cdec/antenna/tag/e2806894000050038662194f, 94
1652716040.387255, sdrt-health/mac:02010b41cdec/antenna/tag/e28068940000400386621d4f, 96
1652716040.387712, sdrt-health/mac:02010b41cdec/antenna/tag/e2806894000050038662154f, 91
1652716040.403895, sdrt-health/mac:02010b41cdec/antenna/tag/e28068940000400386621d4f, 90
1652716040.404234, sdrt-health/mac:02010b41cdec/antenna/tag/e2806894000050038661fd4f, 86
1652716040.404498, sdrt-health/mac:02010b41cdec/antenna/tag/e2806894000050038661fd4f, 86
1652716040.421968, sdrt-health/mac:02010b41cdec/antenna/tag/e28068940000400386621d4f, 90
1652716040.454224, sdrt-health/mac:02010b41cdec/antenna/tag/e2806894000040038662114f, 91
1652716040.454517, sdrt-health/mac:02010b41cdec/antenna/tag/e28068940000400386621d4f, 96
1652716040.454717, sdrt-health/mac:02010b41cdec/antenna/tag/e2806894000040038662214f, 81
1652716040.484616, sdrt-health/mac:02010b41cdec/antenna/tag/e28068940000400386621d4f, 96
1652716040.512479, sdrt-health/mac:02010b41cdec/antenna/tag/e2806894000050038662154f, 91
1652716040.512836, sdrt-health/mac:02010b41cdec/antenna/tag/e2806894000040038662114f, 91
1652716040.53853, sdrt-health/mac:02010b41cdec/antenna/tag/e2806894000040038662114f, 88
1652716040.617264, sdrt-health/mac:02010b41cdec/antenna/tag/e2806894000050038662194f, 83
1652716040.618345, sdrt-health/mac:02010b41cdec/antenna/tag/e2806894000040038662114f, 88
1652716040.632858, sdrt-health/mac:02010b41cdec/antenna/tag/e2806894000050038662194f, 81
1652716040.63338, sdrt-health/mac:02010b41cdec/antenna/tag/e28068940000400386621d4f, 96
1652716040.668058, sdrt-health/mac:02010b41cdec/antenna/tag/e2806894000050038661fd4f, 83
1652716040.731786, sdrt-health/mac:02010b41cdec/antenna/tag/e2806894000050038662194f, 81
1652716040.732357, sdrt-health/mac:02010b41cdec/antenna/tag/e2806894000050038662154f, 88
1652716040.745814, sdrt-health/mac:02010b41cdec/antenna/tag/e28068940000400386621d4f, 96
1652716040.801892, sdrt-health/mac:02010b41cdec/antenna/tag/e2806894000050038661fd4f, 86
1652716040.802325, sdrt-health/mac:02010b41cdec/antenna/tag/e2806894000050038662194f, 94
1652716040.816826, sdrt-health/mac:02010b41cdec/antenna/tag/e2806894000040038662114f, 88
1652716040.84406, sdrt-health/mac:02010b41cdec/antenna/tag/e28068940000400386621d4f, 96
1652716040.872887, sdrt-health/mac:02010b41cdec/antenna/tag/e2806894000040038662114f, 88
1652716040.873136, sdrt-health/mac:02010b41cdec/antenna/tag/e28068940000400386621d4f, 96
1652716040.873304, sdrt-health/mac:02010b41cdec/antenna/tag/e2806894000050038662194f, 87
1652716040.887884, sdrt-health/mac:02010b41cdec/antenna/tag/e28068940000400386621d4f, 96
1652716040.988592, sdrt-health/mac:02010b41cdec/antenna/tag/e2806894000050038662154f, 97
1652716040.989087, sdrt-health/mac:02010b41cdec/antenna/tag/e2806894000050038661fd4f, 86
1652716041.010747, sdrt-health/mac:02010b41cdec/antenna/tag/e2806894000040038662114f, 88
1652716041.080698, sdrt-health/mac:02010b41cdec/antenna/tag/e28068940000400386621d4f, 96
1652716041.108683, sdrt-health/mac:02010b41cdec/antenna/tag/e2806894000050038662194f, 84
1652716041.108934, sdrt-health/mac:02010b41cdec/antenna/tag/e2806894000050038662154f, 91
1652716041.109027, sdrt-health/mac:02010b41cdec/antenna/tag/e2806894000040038662114f, 88
1652716041.167846, sdrt-health/mac:02010b41cdec/antenna/tag/e28068940000400386621d4f, 96
1652716041.199592, sdrt-health/mac:02010b41cdec/antenna/tag/e2806894000040038662114f, 91
1652716041.200079, sdrt-health/mac:02010b41cdec/antenna/tag/e2806894000050038662194f, 94
1652716041.20055, sdrt-health/mac:02010b41cdec/antenna/tag/e28068940000400386621d4f, 96
1652716041.20089, sdrt-health/mac:02010b41cdec/antenna/tag/e2806894000050038662154f, 88
1652716041.201234, sdrt-health/mac:02010b41cdec/antenna/tag/e2806894000050038661fd4f, 90
1652716041.240315, sdrt-health/mac:02010b41cdec/antenna/tag/e28068940000400386621d4f, 96
1652716041.268932, sdrt-health/mac:02010b41cdec/antenna/tag/e2806894000050038661fd4f, 90
1652716041.269355, sdrt-health/mac:02010b41cdec/antenna/tag/e2806894000050038661fd4f, 90
1652716041.269576, sdrt-health/mac:02010b41cdec/antenna/tag/e28068940000400386621d4f, 96
1652716041.269787, sdrt-health/mac:02010b41cdec/antenna/tag/e28068940000400386621d4f, 96
1652716041.286476, sdrt-health/mac:02010b41cdec/antenna/tag/e2806894000040038662114f, 88
1652716041.380453, sdrt-health/mac:02010b41cdec/antenna/tag/e2806894000050038661fd4f, 90
1652716041.381128, sdrt-health/mac:02010b41cdec/antenna/tag/e2806894000050038661fd4f, 86
1652716041.395441, sdrt-health/mac:02010b41cdec/antenna/tag/e2806894000050038661fd4f, 86
1652716041.395966, sdrt-health/mac:02010b41cdec/antenna/tag/e2806894000050038662154f, 88
1652716041.430927, sdrt-health/mac:02010b41cdec/antenna/tag/e28068940000400386621d4f, 96
1652716041.461222, sdrt-health/mac:02010b41cdec/antenna/tag/e2806894000040038662114f, 91
1652716041.461532, sdrt-health/mac:02010b41cdec/antenna/tag/e2806894000050038661fd4f, 86
1652716041.461749, sdrt-health/mac:02010b41cdec/antenna/tag/e2806894000040038662114f, 88
1652716041.487454, sdrt-health/mac:02010b41cdec/antenna/tag/e2806894000050038661fd4f, 83
1652716041.547574, sdrt-health/mac:02010b41cdec/antenna/tag/e2806894000040038662214f, 81
1652716041.613903, sdrt-health/mac:02010b41cdec/antenna/tag/e2806894000050038662154f, 85
1652716041.614707, sdrt-health/mac:02010b41cdec/antenna/tag/e2806894000050038662154f, 88
1652716041.673773, sdrt-health/mac:02010b41cdec/antenna/tag/e28068940000400386621d4f, 96
1652716041.705696, sdrt-health/mac:02010b41cdec/antenna/tag/e2806894000050038661fd4f, 86
1652716041.706081, sdrt-health/mac:02010b41cdec/antenna/tag/e2806894000050038662154f, 85
1652716041.706397, sdrt-health/mac:02010b41cdec/antenna/tag/e2806894000050038661fd4f, 86
1652716041.72237, sdrt-health/mac:02010b41cdec/antenna/tag/e2806894000050038661fd4f, 86
1652716041.775584, sdrt-health/mac:02010b41cdec/antenna/tag/e28068940000400386621d4f, 90
1652716041.830451, sdrt-health/mac:02010b41cdec/antenna/tag/e2806894000050038661fd4f, 86
1652716041.882104, sdrt-health/mac:02010b41cdec/antenna/tag/e2806894000050038662194f, 83
1652716041.882507, sdrt-health/mac:02010b41cdec/antenna/tag/e2806894000050038662154f, 88
1652716041.896473, sdrt-health/mac:02010b41cdec/antenna/tag/e2806894000050038661fd4f, 83
1652716041.896785, sdrt-health/mac:02010b41cdec/antenna/tag/e2806894000050038662194f, 87
1652716041.906017, sdrt-health/mac:02010b41cdec/antenna/tag/e2806894000040038662114f, 97
1652716041.912814, sdrt-health/mac:02010b41cdec/antenna/tag/e2806894000050038662194f, 87
1652716041.95983, sdrt-health/mac:02010b41cdec/antenna/tag/e2806894000050038662154f, 91
1652716042.354259, sdrt-health/mac:02010b41cdec/antenna/tag/e2806894000040038662114f, 91
1652716042.354814, sdrt-health/mac:02010b41cdec/antenna/tag/e2806894000050038662154f, 93
1652716042.355153, sdrt-health/mac:02010b41cdec/antenna/tag/e2806894000040038661f94f, 84
1652716042.35552, sdrt-health/mac:02010b41cdec/antenna/tag/e2806894000050038662194f, 81
1652716042.35587, sdrt-health/mac:02010b41cdec/antenna/tag/e2806894000050038662194f, 87
1652716042.43927, sdrt-health/mac:02010b41cdec/antenna/tag/e2806894000050038662154f, 91
1652716042.470742, sdrt-health/mac:02010b41cdec/antenna/tag/e2806894000040038662114f, 91
1652716042.472159, sdrt-health/mac:02010b41cdec/antenna/tag/e2806894000050038662194f, 87
1652716042.472475, sdrt-health/mac:02010b41cdec/antenna/tag/e2806894000050038662194f, 83
1652716042.472717, sdrt-health/mac:02010b41cdec/antenna/tag/e2806894000050038662154f, 91
1652716042.498979, sdrt-health/mac:02010b41cdec/antenna/tag/e28068940000400386621d4f, 96
1652716042.530383, sdrt-health/mac:02010b41cdec/antenna/tag/e2806894000040038662114f, 88
1652716042.530676, sdrt-health/mac:02010b41cdec/antenna/tag/e2806894000050038662194f, 83
1652716042.531115, sdrt-health/mac:02010b41cdec/antenna/tag/e2806894000050038662194f, 81
1652716042.531583, sdrt-health/mac:02010b41cdec/antenna/tag/e2806894000040038661f94f, 84
1652716042.531966, sdrt-health/mac:02010b41cdec/antenna/tag/e2806894000040038662214f, 81
1652716042.532428, sdrt-health/mac:02010b41cdec/antenna/tag/e2806894000050038661fd4f, 83
1652716042.532782, sdrt-health/mac:02010b41cdec/antenna/tag/e2806894000040038662114f, 88
1652716042.565763, sdrt-health/mac:02010b41cdec/antenna/tag/e2806894000050038662154f, 91
1652716042.618474, sdrt-health/mac:02010b41cdec/antenna/tag/e2806894000050038661fd4f, 90
1652716042.693311, sdrt-health/mac:02010b41cdec/antenna/tag/e2806894000050038661fd4f, 86
1652716042.693819, sdrt-health/mac:02010b41cdec/antenna/tag/e2806894000050038662154f, 88
1652716042.730388, sdrt-health/mac:02010b41cdec/antenna/tag/e2806894000050038662194f, 83
1652716042.761606, sdrt-health/mac:02010b41cdec/antenna/tag/e2806894000050038661fd4f, 90
1652716042.761973, sdrt-health/mac:02010b41cdec/antenna/tag/e2806894000050038662154f, 91
1652716042.762277, sdrt-health/mac:02010b41cdec/antenna/tag/e2806894000040038662114f, 91
1652716042.788279, sdrt-health/mac:02010b41cdec/antenna/tag/e2806894000050038662194f, 83
1652716042.862372, sdrt-health/mac:02010b41cdec/antenna/tag/e28068940000400386621d4f, 96
1652716042.862909, sdrt-health/mac:02010b41cdec/antenna/tag/e2806894000050038661fd4f, 90
1652716042.877625, sdrt-health/mac:02010b41cdec/antenna/tag/e28068940000400386621d4f, 90
1652716042.913946, sdrt-health/mac:02010b41cdec/antenna/tag/e2806894000050038662194f, 83
1652716042.914381, sdrt-health/mac:02010b41cdec/antenna/tag/e2806894000040038662114f, 91
1652716042.92831, sdrt-health/mac:02010b41cdec/antenna/tag/e2806894000050038662194f, 83
1652716042.928564, sdrt-health/mac:02010b41cdec/antenna/tag/e2806894000040038662114f, 88
1652716043.028052, sdrt-health/mac:02010b41cdec/antenna/tag/e2806894000050038662194f, 83
1652716043.058032, sdrt-health/mac:02010b41cdec/antenna/tag/e2806894000040038662114f, 88
1652716043.058315, sdrt-health/mac:02010b41cdec/antenna/tag/e2806894000050038661fd4f, 83
1652716043.073194, sdrt-health/mac:02010b41cdec/antenna/tag/e2806894000050038662194f, 87
1652716043.073387, sdrt-health/mac:02010b41cdec/antenna/tag/e2806894000040038662114f, 88
1652716043.073527, sdrt-health/mac:02010b41cdec/antenna/tag/e2806894000050038662154f, 91
1652716043.073642, sdrt-health/mac:02010b41cdec/antenna/tag/e28068940000400386621d4f, 96
1652716043.07376, sdrt-health/mac:02010b41cdec/antenna/tag/e2806894000050038661fd4f, 90
1652716043.116442, sdrt-health/mac:02010b41cdec/antenna/tag/e2806894000050038661fd4f, 86
1652716043.192428, sdrt-health/mac:02010b41cdec/antenna/tag/e28068940000400386621d4f, 96
1652716043.192943, sdrt-health/mac:02010b41cdec/antenna/tag/e28068940000400386621d4f, 96
1652716043.223983, sdrt-health/mac:02010b41cdec/antenna/tag/e2806894000050038662154f, 91
1652716043.267682, sdrt-health/mac:02010b41cdec/antenna/tag/e2806894000050038661fd4f, 90
1652716043.338628, sdrt-health/mac:02010b41cdec/antenna/tag/e2806894000050038662194f, 87
1652716043.33912, sdrt-health/mac:02010b41cdec/antenna/tag/e28068940000400386621d4f, 96
1652716043.352123, sdrt-health/mac:02010b41cdec/antenna/tag/e2806894000040038662114f, 85
1652716043.367223, sdrt-health/mac:02010b41cdec/antenna/tag/e2806894000050038662154f, 85
1652716043.416136, sdrt-health/mac:02010b41cdec/antenna/tag/e28068940000400386621d4f, 77
1652716043.66656, sdrt-health/mac:02010b41cdec/antenna/tag/e2806894000050038662154f, 85
1652716043.727582, sdrt-health/mac:02010b41cdec/antenna/tag/e28068940000400386621d4f, 77
1652716043.758807, sdrt-health/mac:02010b41cdec/antenna/tag/e2806894000040038662114f, 88
1652716043.759306, sdrt-health/mac:02010b41cdec/antenna/tag/e2806894000050038661fd4f, 83
1652716043.759651, sdrt-health/mac:02010b41cdec/antenna/tag/e2806894000050038662194f, 94
1652716043.760065, sdrt-health/mac:02010b41cdec/antenna/tag/e2806894000050038661fd4f, 86
1652716043.760441, sdrt-health/mac:02010b41cdec/antenna/tag/e28068940000400386621d4f, 96
1652716043.760806, sdrt-health/mac:02010b41cdec/antenna/tag/e28068940000400386621d4f, 96
1652716043.761081, sdrt-health/mac:02010b41cdec/antenna/tag/e28068940000400386621d4f, 96
1652716043.761505, sdrt-health/mac:02010b41cdec/antenna/tag/e2806894000050038662154f, 91
1652716043.76191, sdrt-health/mac:02010b41cdec/antenna/tag/e2806894000050038661fd4f, 90
1652716043.771932, sdrt-health/mac:02010b41cdec/antenna/tag/e28068940000400386621d4f, 96
1652716043.772126, sdrt-health/mac:02010b41cdec/antenna/tag/e2806894000050038662154f, 88
1652716043.772247, sdrt-health/mac:02010b41cdec/antenna/tag/e2806894000050038662194f, 94
1652716043.826824, sdrt-health/mac:02010b41cdec/antenna/tag/e2806894000050038662194f, 87
1652716043.898746, sdrt-health/mac:02010b41cdec/antenna/tag/e28068940000400386621d4f, 96
1652716043.899281, sdrt-health/mac:02010b41cdec/antenna/tag/e2806894000050038661fd4f, 86
1652716043.934298, sdrt-health/mac:02010b41cdec/antenna/tag/e2806894000040038662214f, 94
1652716043.934785, sdrt-health/mac:02010b41cdec/antenna/tag/e28068940000400386621d4f, 77
1652716044.022176, sdrt-health/mac:02010b41cdec/antenna/tag/e2806894000050038661fd4f, 97
1652716044.053199, sdrt-health/mac:02010b41cdec/antenna/tag/e2806894000050038662154f, 93
1652716044.053887, sdrt-health/mac:02010b41cdec/antenna/tag/e2806894000050038662194f, 81
1652716044.05441, sdrt-health/mac:02010b41cdec/antenna/tag/e2806894000040038662114f, 88
1652716044.054969, sdrt-health/mac:02010b41cdec/antenna/tag/e2806894000050038662194f, 83
1652716044.070255, sdrt-health/mac:02010b41cdec/antenna/tag/e2806894000050038662154f, 88
1652716044.155267, sdrt-health/mac:02010b41cdec/antenna/tag/e2806894000040038662114f, 91
1652716044.155797, sdrt-health/mac:02010b41cdec/antenna/tag/e2806894000050038662154f, 88
1652716044.186556, sdrt-health/mac:02010b41cdec/antenna/tag/e2806894000040038662114f, 97
1652716044.187386, sdrt-health/mac:02010b41cdec/antenna/tag/e2806894000040038662114f, 88
1652716044.237194, sdrt-health/mac:02010b41cdec/antenna/tag/e2806894000040038662114f, 88
1652716044.280944, sdrt-health/mac:02010b41cdec/antenna/tag/e2806894000040038662114f, 88
1652716044.339652, sdrt-health/mac:02010b41cdec/antenna/tag/e2806894000050038661fd4f, 86
1652716044.340152, sdrt-health/mac:02010b41cdec/antenna/tag/e2806894000040038662114f, 91
1652716044.383576, sdrt-health/mac:02010b41cdec/antenna/tag/e2806894000050038662154f, 88
1652716044.416223, sdrt-health/mac:02010b41cdec/antenna/tag/e2806894000050038661fd4f, 83
1652716044.416663, sdrt-health/mac:02010b41cdec/antenna/tag/e2806894000040038662114f, 91
1652716044.431058, sdrt-health/mac:02010b41cdec/antenna/tag/e28068940000400386621d4f, 96
1652716044.431608, sdrt-health/mac:02010b41cdec/antenna/tag/e2806894000050038661fd4f, 83
1652716044.475599, sdrt-health/mac:02010b41cdec/antenna/tag/e2806894000050038661fd4f, 83
1652716044.53743, sdrt-health/mac:02010b41cdec/antenna/tag/e2806894000050038661fd4f, 83
1652716044.599263, sdrt-health/mac:02010b41cdec/antenna/tag/e2806894000050038661fd4f, 83
1652716044.599826, sdrt-health/mac:02010b41cdec/antenna/tag/e2806894000050038662154f, 91
1652716044.613252, sdrt-health/mac:02010b41cdec/antenna/tag/e2806894000050038661fd4f, 83
1652716044.636792, sdrt-health/mac:02010b41cdec/antenna/tag/e2806894000050038662154f, 85
1652716044.665129, sdrt-health/mac:02010b41cdec/antenna/tag/e2806894000050038661fd4f, 83
1652716044.665655, sdrt-health/mac:02010b41cdec/antenna/tag/e2806894000040038661f94f, 81
1652716044.732657, sdrt-health/mac:02010b41cdec/antenna/tag/e2806894000050038662154f, 85
1652716045.026823, sdrt-health/mac:02010b41cdec/antenna/tag/e2806894000040038662114f, 88
1652716045.057611, sdrt-health/mac:02010b41cdec/antenna/tag/e2806894000050038661fd4f, 83
1652716045.057961, sdrt-health/mac:02010b41cdec/antenna/tag/e2806894000050038662194f, 85
1652716045.058206, sdrt-health/mac:02010b41cdec/antenna/tag/e2806894000050038662194f, 83
1652716045.071946, sdrt-health/mac:02010b41cdec/antenna/tag/e2806894000050038662194f, 87
1652716045.072198, sdrt-health/mac:02010b41cdec/antenna/tag/e28068940000400386621d4f, 77
1652716045.072339, sdrt-health/mac:02010b41cdec/antenna/tag/e2806894000050038662194f, 81
1652716045.072456, sdrt-health/mac:02010b41cdec/antenna/tag/e2806894000050038661fd4f, 83
1652716045.072563, sdrt-health/mac:02010b41cdec/antenna/tag/e2806894000040038662214f, 84
1652716045.072671, sdrt-health/mac:02010b41cdec/antenna/tag/e28068940000400386621d4f, 96
1652716045.072778, sdrt-health/mac:02010b41cdec/antenna/tag/e28068940000400386621d4f, 96
1652716045.07291, sdrt-health/mac:02010b41cdec/antenna/tag/e2806894000050038662154f, 88
1652716045.073036, sdrt-health/mac:02010b41cdec/antenna/tag/e2806894000050038661fd4f, 83
1652716045.07316, sdrt-health/mac:02010b41cdec/antenna/tag/e2806894000050038662154f, 91
1652716045.116209, sdrt-health/mac:02010b41cdec/antenna/tag/e28068940000400386621d4f, 77
1652716045.297792, sdrt-health/mac:02010b41cdec/antenna/tag/e2806894000040038662114f, 88
1652716045.372927, sdrt-health/mac:02010b41cdec/antenna/tag/e2806894000050038662194f, 87
1652716045.373422, sdrt-health/mac:02010b41cdec/antenna/tag/e2806894000040038662114f, 88
1652716045.387703, sdrt-health/mac:02010b41cdec/antenna/tag/e28068940000400386621d4f, 90
1652716045.388262, sdrt-health/mac:02010b41cdec/antenna/tag/e2806894000040038662114f, 97
1652716045.388735, sdrt-health/mac:02010b41cdec/antenna/tag/e2806894000050038662194f, 94
1652716045.389385, sdrt-health/mac:02010b41cdec/antenna/tag/e2806894000050038662194f, 81
1652716045.39045, sdrt-health/mac:02010b41cdec/antenna/tag/e28068940000400386621d4f, 90
1652716045.451562, sdrt-health/mac:02010b41cdec/antenna/tag/e28068940000400386621d4f, 96
1652716045.481439, sdrt-health/mac:02010b41cdec/antenna/tag/e2806894000050038662154f, 88
1652716045.482059, sdrt-health/mac:02010b41cdec/antenna/tag/e2806894000040038662114f, 91
1652716045.498654, sdrt-health/mac:02010b41cdec/antenna/tag/e2806894000050038662194f, 87
1652716045.528395, sdrt-health/mac:02010b41cdec/antenna/tag/e28068940000400386621d4f, 96
1652716045.528717, sdrt-health/mac:02010b41cdec/antenna/tag/e2806894000040038662114f, 88
1652716045.529036, sdrt-health/mac:02010b41cdec/antenna/tag/e2806894000050038662154f, 85
1652716045.543308, sdrt-health/mac:02010b41cdec/antenna/tag/e2806894000050038662154f, 85
1652716045.600212, sdrt-health/mac:02010b41cdec/antenna/tag/e2806894000050038661fd4f, 83
1652716045.63115, sdrt-health/mac:02010b41cdec/antenna/tag/e28068940000400386621d4f, 77
1652716045.631467, sdrt-health/mac:02010b41cdec/antenna/tag/e28068940000400386621d4f, 77
1652716045.657667, sdrt-health/mac:02010b41cdec/antenna/tag/e28068940000400386621d4f, 96
1652716045.738277, sdrt-health/mac:02010b41cdec/antenna/tag/e2806894000040038662114f, 88
1652716045.818664, sdrt-health/mac:02010b41cdec/antenna/tag/e28068940000400386621d4f, 96
1652716045.819132, sdrt-health/mac:02010b41cdec/antenna/tag/e2806894000050038662194f, 87
1652716045.833891, sdrt-health/mac:02010b41cdec/antenna/tag/e2806894000050038661fd4f, 86
1652716045.834431, sdrt-health/mac:02010b41cdec/antenna/tag/e28068940000400386621d4f, 90
1652716046.002337, sdrt-health/mac:02010b41cdec/antenna/tag/e2806894000040038662114f, 91
1652716046.074642, sdrt-health/mac:02010b41cdec/antenna/tag/e2806894000050038662154f, 91
1652716046.116959, sdrt-health/mac:02010b41cdec/antenna/tag/e2806894000040038662114f, 85
1652716046.117394, sdrt-health/mac:02010b41cdec/antenna/tag/e2806894000050038662154f, 88
1652716046.117644, sdrt-health/mac:02010b41cdec/antenna/tag/e2806894000040038662114f, 88
1652716046.117856, sdrt-health/mac:02010b41cdec/antenna/tag/e2806894000050038662194f, 83
1652716046.152437, sdrt-health/mac:02010b41cdec/antenna/tag/e2806894000040038662054f, 94
1652716046.321583, sdrt-health/mac:02010b41cdec/antenna/tag/e2806894000050038661fd4f, 83
1652716046.351973, sdrt-health/mac:02010b41cdec/antenna/tag/e28068940000400386621d4f, 77
1652716046.3526, sdrt-health/mac:02010b41cdec/antenna/tag/e2806894000040038662114f, 88
1652716046.403931, sdrt-health/mac:02010b41cdec/antenna/tag/e28068940000400386621d4f, 96
1652716046.432516, sdrt-health/mac:02010b41cdec/antenna/tag/e2806894000040038662114f, 91
1652716046.432978, sdrt-health/mac:02010b41cdec/antenna/tag/e28068940000400386621d4f, 96
1652716046.433394, sdrt-health/mac:02010b41cdec/antenna/tag/e2806894000040038662114f, 88
1652716046.43378, sdrt-health/mac:02010b41cdec/antenna/tag/e2806894000040038662114f, 85
1652716046.434132, sdrt-health/mac:02010b41cdec/antenna/tag/e28068940000400386621d4f, 96
1652716046.459229, sdrt-health/mac:02010b41cdec/antenna/tag/e28068940000400386621d4f, 96
1652716046.489195, sdrt-health/mac:02010b41cdec/antenna/tag/e2806894000050038662194f, 87
1652716046.489643, sdrt-health/mac:02010b41cdec/antenna/tag/e2806894000040038662114f, 91
1652716046.505939, sdrt-health/mac:02010b41cdec/antenna/tag/e2806894000050038662194f, 87
1652716046.572217, sdrt-health/mac:02010b41cdec/antenna/tag/e2806894000050038661fd4f, 90
1652716046.624782, sdrt-health/mac:02010b41cdec/antenna/tag/e2806894000050038662154f, 91
1652716046.700832, sdrt-health/mac:02010b41cdec/antenna/tag/e28068940000400386621d4f, 96
1652716046.701331, sdrt-health/mac:02010b41cdec/antenna/tag/e28068940000400386621d4f, 90
1652716046.717306, sdrt-health/mac:02010b41cdec/antenna/tag/e2806894000050038662154f, 88
1652716046.717719, sdrt-health/mac:02010b41cdec/antenna/tag/e2806894000050038661fd4f, 86
1652716046.72861, sdrt-health/mac:02010b41cdec/antenna/tag/e28068940000400386621d4f, 96
1652716046.73257, sdrt-health/mac:02010b41cdec/antenna/tag/e2806894000050038661fd4f, 86
1652716046.782779, sdrt-health/mac:02010b41cdec/antenna/tag/e2806894000050038662194f, 87
1652716046.863113, sdrt-health/mac:02010b41cdec/antenna/tag/e2806894000050038661fd4f, 83
1652716046.86363, sdrt-health/mac:02010b41cdec/antenna/tag/e2806894000040038662114f, 97
1652716046.878652, sdrt-health/mac:02010b41cdec/antenna/tag/e2806894000050038662154f, 88
1652716046.895544, sdrt-health/mac:02010b41cdec/antenna/tag/e2806894000040038662114f, 97
1652716046.948015, sdrt-health/mac:02010b41cdec/antenna/tag/e28068940000400386621d4f, 96
1652716047.027354, sdrt-health/mac:02010b41cdec/antenna/tag/e2806894000050038662154f, 91
1652716047.02802, sdrt-health/mac:02010b41cdec/antenna/tag/e2806894000050038661fd4f, 90
1652716047.040858, sdrt-health/mac:02010b41cdec/antenna/tag/e2806894000050038662154f, 91
1652716047.056812, sdrt-health/mac:02010b41cdec/antenna/tag/e2806894000050038661fd4f, 97
1652716047.097459, sdrt-health/mac:02010b41cdec/antenna/tag/e2806894000050038662154f, 85
1652716047.151363, sdrt-health/mac:02010b41cdec/antenna/tag/e2806894000050038662154f, 85
1652716047.151797, sdrt-health/mac:02010b41cdec/antenna/tag/e28068940000400386621d4f, 96
1652716047.166253, sdrt-health/mac:02010b41cdec/antenna/tag/e2806894000040038662114f, 88
1652716047.228779, sdrt-health/mac:02010b41cdec/antenna/tag/e2806894000050038662154f, 85
1652716047.229296, sdrt-health/mac:02010b41cdec/antenna/tag/e2806894000050038662154f, 91
1652716047.266658, sdrt-health/mac:02010b41cdec/antenna/tag/e28068940000400386621d4f, 96
1652716047.308504, sdrt-health/mac:02010b41cdec/antenna/tag/e2806894000050038662194f, 83
1652716047.367496, sdrt-health/mac:02010b41cdec/antenna/tag/e2806894000040038662114f, 97
1652716047.45505, sdrt-health/mac:02010b41cdec/antenna/tag/e2806894000050038661fd4f, 86
1652716047.534799, sdrt-health/mac:02010b41cdec/antenna/tag/e2806894000050038661fd4f, 86
1652716047.565136, sdrt-health/mac:02010b41cdec/antenna/tag/e2806894000040038662114f, 88
1652716047.565926, sdrt-health/mac:02010b41cdec/antenna/tag/e2806894000040038662114f, 88
1652716047.59982, sdrt-health/mac:02010b41cdec/antenna/tag/e2806894000050038661fd4f, 86
1652716047.630179, sdrt-health/mac:02010b41cdec/antenna/tag/e2806894000050038662154f, 88
1652716047.630833, sdrt-health/mac:02010b41cdec/antenna/tag/e2806894000050038661fd4f, 86
1652716047.631381, sdrt-health/mac:02010b41cdec/antenna/tag/e28068940000400386621d4f, 96
1652716047.697106, sdrt-health/mac:02010b41cdec/antenna/tag/e2806894000050038662154f, 91
1652716047.791475, sdrt-health/mac:02010b41cdec/antenna/tag/e2806894000050038662194f, 83
1652716047.791992, sdrt-health/mac:02010b41cdec/antenna/tag/e2806894000040038662114f, 91
1652716047.806218, sdrt-health/mac:02010b41cdec/antenna/tag/e2806894000040038662114f, 91
1652716047.807148, sdrt-health/mac:02010b41cdec/antenna/tag/e28068940000400386621d4f, 96
1652716047.826841, sdrt-health/mac:02010b41cdec/antenna/tag/e28068940000400386621d4f, 96
1652716047.905725, sdrt-health/mac:02010b41cdec/antenna/tag/e2806894000040038662114f, 91
1652716047.938333, sdrt-health/mac:02010b41cdec/antenna/tag/e28068940000400386621d4f, 96
1652716047.938742, sdrt-health/mac:02010b41cdec/antenna/tag/e2806894000050038661fd4f, 86
1652716047.938997, sdrt-health/mac:02010b41cdec/antenna/tag/e2806894000040038662114f, 91
1652716047.939228, sdrt-health/mac:02010b41cdec/antenna/tag/e2806894000050038662154f, 88
1652716047.9731, sdrt-health/mac:02010b41cdec/antenna/tag/e2806894000040038662214f, 81
1652716048.019347, sdrt-health/mac:02010b41cdec/antenna/tag/e2806894000040038661f94f, 81
1652716048.031978, sdrt-health/mac:02010b41cdec/antenna/tag/e2806894000050038661fd4f, 83
1652716048.032509, sdrt-health/mac:02010b41cdec/antenna/tag/e2806894000050038662154f, 85
1652716048.032788, sdrt-health/mac:02010b41cdec/antenna/tag/e2806894000050038661fd4f, 83
1652716048.066485, sdrt-health/mac:02010b41cdec/antenna/tag/e2806894000050038662154f, 88
1652716048.119652, sdrt-health/mac:02010b41cdec/antenna/tag/e28068940000400386621d4f, 96
1652716048.12143, sdrt-health/mac:02010b41cdec/antenna/tag/e2806894000050038661fd4f, 86
1652716048.17596, sdrt-health/mac:02010b41cdec/antenna/tag/e2806894000050038661fd4f, 86
1652716048.243021, sdrt-health/mac:02010b41cdec/antenna/tag/e2806894000040038662114f, 88
1652716048.243578, sdrt-health/mac:02010b41cdec/antenna/tag/e2806894000050038662154f, 88
1652716048.244026, sdrt-health/mac:02010b41cdec/antenna/tag/e2806894000050038662154f, 88
1652716048.257876, sdrt-health/mac:02010b41cdec/antenna/tag/e2806894000050038661fd4f, 86
1652716048.299418, sdrt-health/mac:02010b41cdec/antenna/tag/e28068940000400386621d4f, 96
1652716048.299903, sdrt-health/mac:02010b41cdec/antenna/tag/e2806894000050038662194f, 93
1652716048.313646, sdrt-health/mac:02010b41cdec/antenna/tag/e28068940000400386621d4f, 90
1652716048.375921, sdrt-health/mac:02010b41cdec/antenna/tag/e2806894000040038662114f, 83
1652716048.458336, sdrt-health/mac:02010b41cdec/antenna/tag/e2806894000040038662114f, 97
1652716048.543452, sdrt-health/mac:02010b41cdec/antenna/tag/e2806894000050038662194f, 87
1652716048.571952, sdrt-health/mac:02010b41cdec/antenna/tag/e2806894000050038662154f, 85
1652716048.572241, sdrt-health/mac:02010b41cdec/antenna/tag/e2806894000040038661f94f, 94
1652716048.572468, sdrt-health/mac:02010b41cdec/antenna/tag/e2806894000050038661fd4f, 83
1652716048.631629, sdrt-health/mac:02010b41cdec/antenna/tag/e28068940000400386621d4f, 77
1652716048.662132, sdrt-health/mac:02010b41cdec/antenna/tag/e2806894000040038661f94f, 94
1652716048.662616, sdrt-health/mac:02010b41cdec/antenna/tag/e28068940000400386621d4f, 77
1652716048.711569, sdrt-health/mac:02010b41cdec/antenna/tag/e2806894000050038662154f, 91
1652716048.741105, sdrt-health/mac:02010b41cdec/antenna/tag/e2806894000050038662194f, 93
1652716048.741329, sdrt-health/mac:02010b41cdec/antenna/tag/e2806894000050038662154f, 97
1652716048.741472, sdrt-health/mac:02010b41cdec/antenna/tag/e2806894000050038662194f, 83
1652716048.741607, sdrt-health/mac:02010b41cdec/antenna/tag/e2806894000040038662114f, 88
1652716048.794625, sdrt-health/mac:02010b41cdec/antenna/tag/e2806894000040038662114f, 85
1652716048.861514, sdrt-health/mac:02010b41cdec/antenna/tag/e2806894000050038662154f, 91
1652716048.861977, sdrt-health/mac:02010b41cdec/antenna/tag/e2806894000050038662154f, 97
1652716048.882075, sdrt-health/mac:02010b41cdec/antenna/tag/e2806894000040038662214f, 88
1652716048.937346, sdrt-health/mac:02010b41cdec/antenna/tag/e28068940000400386621d4f, 96
1652716048.965703, sdrt-health/mac:02010b41cdec/antenna/tag/e2806894000050038661fd4f, 83
1652716048.966168, sdrt-health/mac:02010b41cdec/antenna/tag/e2806894000040038662214f, 81
1652716049.016312, sdrt-health/mac:02010b41cdec/antenna/tag/e2806894000040038662114f, 85
1652716049.159233, sdrt-health/mac:02010b41cdec/antenna/tag/e2806894000050038661fd4f, 90
1652716049.227861, sdrt-health/mac:02010b41cdec/antenna/tag/e2806894000050038662194f, 87
1652716049.228892, sdrt-health/mac:02010b41cdec/antenna/tag/e28068940000400386621d4f, 96
1652716049.243618, sdrt-health/mac:02010b41cdec/antenna/tag/e2806894000040038662114f, 88
1652716049.243958, sdrt-health/mac:02010b41cdec/antenna/tag/e2806894000050038662194f, 94
1652716049.26744, sdrt-health/mac:02010b41cdec/antenna/tag/e2806894000050038662194f, 94
1652716049.333261, sdrt-health/mac:02010b41cdec/antenna/tag/e2806894000040038662114f, 88
1652716049.333801, sdrt-health/mac:02010b41cdec/antenna/tag/e2806894000050038661fd4f, 90
1652716049.377178, sdrt-health/mac:02010b41cdec/antenna/tag/e2806894000050038662194f, 81
1652716049.431754, sdrt-health/mac:02010b41cdec/antenna/tag/e28068940000400386621d4f, 96
1652716049.432378, sdrt-health/mac:02010b41cdec/antenna/tag/e2806894000050038662194f, 87
1652716049.432765, sdrt-health/mac:02010b41cdec/antenna/tag/e28068940000400386621d4f, 96
1652716049.43318, sdrt-health/mac:02010b41cdec/antenna/tag/e28068940000400386621d4f, 96
1652716049.433648, sdrt-health/mac:02010b41cdec/antenna/tag/e2806894000050038662194f, 87
1652716049.49929, sdrt-health/mac:02010b41cdec/antenna/tag/e2806894000050038662154f, 88
1652716049.534571, sdrt-health/mac:02010b41cdec/antenna/tag/e2806894000050038661fd4f, 97
1652716049.535377, sdrt-health/mac:02010b41cdec/antenna/tag/e2806894000050038661fd4f, 86
1652716049.586235, sdrt-health/mac:02010b41cdec/antenna/tag/e28068940000400386621d4f, 96
1652716049.642282, sdrt-health/mac:02010b41cdec/antenna/tag/e2806894000050038662154f, 91
1652716049.686746, sdrt-health/mac:02010b41cdec/antenna/tag/e28068940000400386621d4f, 96
1652716049.737168, sdrt-health/mac:02010b41cdec/antenna/tag/e28068940000400386621d4f, 90
1652716049.783776, sdrt-health/mac:02010b41cdec/antenna/tag/e2806894000050038662154f, 85
1652716049.841869, sdrt-health/mac:02010b41cdec/antenna/tag/e2806894000040038662214f, 84
1652716049.842379, sdrt-health/mac:02010b41cdec/antenna/tag/e2806894000050038661fd4f, 91
1652716049.856825, sdrt-health/mac:02010b41cdec/antenna/tag/e2806894000040038662214f, 94
1652716049.880222, sdrt-health/mac:02010b41cdec/antenna/tag/e2806894000050038662154f, 85
1652716049.915804, sdrt-health/mac:02010b41cdec/antenna/tag/e28068940000400386621d4f, 77
1652716049.977947, sdrt-health/mac:02010b41cdec/antenna/tag/e2806894000040038662214f, 83
1652716050.027006, sdrt-health/mac:02010b41cdec/antenna/tag/e2806894000050038662154f, 85
1652716050.066751, sdrt-health/mac:02010b41cdec/antenna/tag/e2806894000050038662154f, 91
1652716050.109116, sdrt-health/mac:02010b41cdec/antenna/tag/e2806894000050038662194f, 87
1652716050.163981, sdrt-health/mac:02010b41cdec/antenna/tag/e2806894000040038662114f, 91
1652716050.164788, sdrt-health/mac:02010b41cdec/antenna/tag/e2806894000040038662114f, 91
1652716050.228221, sdrt-health/mac:02010b41cdec/antenna/tag/e2806894000040038662114f, 91
1652716050.300595, sdrt-health/mac:02010b41cdec/antenna/tag/e2806894000050038662194f, 81
1652716050.335983, sdrt-health/mac:02010b41cdec/antenna/tag/e2806894000050038662194f, 88
1652716050.336389, sdrt-health/mac:02010b41cdec/antenna/tag/e2806894000050038662194f, 81
1652716050.336648, sdrt-health/mac:02010b41cdec/antenna/tag/e2806894000050038661fd4f, 86
1652716050.373181, sdrt-health/mac:02010b41cdec/antenna/tag/e2806894000040038662114f, 97
1652716050.404317, sdrt-health/mac:02010b41cdec/antenna/tag/e2806894000050038662194f, 83
1652716050.405476, sdrt-health/mac:02010b41cdec/antenna/tag/e28068940000400386621d4f, 90
1652716050.42063, sdrt-health/mac:02010b41cdec/antenna/tag/e2806894000040038662114f, 97
1652716050.467506, sdrt-health/mac:02010b41cdec/antenna/tag/e2806894000050038661fd4f, 83
1652716050.522976, sdrt-health/mac:02010b41cdec/antenna/tag/e2806894000050038662154f, 85
1652716050.523541, sdrt-health/mac:02010b41cdec/antenna/tag/e2806894000050038662194f, 87
1652716050.539246, sdrt-health/mac:02010b41cdec/antenna/tag/e2806894000050038662194f, 93
1652716050.545798, sdrt-health/mac:02010b41cdec/antenna/tag/e2806894000050038662194f, 87
1652716050.612706, sdrt-health/mac:02010b41cdec/antenna/tag/e2806894000040038662114f, 97
1652716050.682051, sdrt-health/mac:02010b41cdec/antenna/tag/e2806894000050038661fd4f, 83
1652716050.714832, sdrt-health/mac:02010b41cdec/antenna/tag/e28068940000400386621d4f, 96
1652716050.715461, sdrt-health/mac:02010b41cdec/antenna/tag/e2806894000040038662114f, 91
1652716050.716013, sdrt-health/mac:02010b41cdec/antenna/tag/e2806894000050038661fd4f, 86
1652716050.743348, sdrt-health/mac:02010b41cdec/antenna/tag/e2806894000050038661fd4f, 86
1652716050.802363, sdrt-health/mac:02010b41cdec/antenna/tag/e2806894000050038661fd4f, 86
1652716050.802827, sdrt-health/mac:02010b41cdec/antenna/tag/e2806894000050038662154f, 88
1652716050.840275, sdrt-health/mac:02010b41cdec/antenna/tag/e2806894000050038662194f, 87
1652716050.840687, sdrt-health/mac:02010b41cdec/antenna/tag/e2806894000050038662154f, 85
1652716050.85475, sdrt-health/mac:02010b41cdec/antenna/tag/e2806894000050038661fd4f, 83
1652716050.886001, sdrt-health/mac:02010b41cdec/antenna/tag/e2806894000040038662114f, 88
1652716050.947834, sdrt-health/mac:02010b41cdec/antenna/tag/e28068940000400386621d4f, 96
1652716051.018116, sdrt-health/mac:02010b41cdec/antenna/tag/e28068940000400386621d4f, 96
1652716051.018688, sdrt-health/mac:02010b41cdec/antenna/tag/e2806894000050038662154f, 97
1652716051.032944, sdrt-health/mac:02010b41cdec/antenna/tag/e2806894000040038662114f, 88
1652716051.065388, sdrt-health/mac:02010b41cdec/antenna/tag/e2806894000050038662154f, 91
1652716051.065685, sdrt-health/mac:02010b41cdec/antenna/tag/e2806894000050038662154f, 85
1652716051.065943, sdrt-health/mac:02010b41cdec/antenna/tag/e28068940000400386621d4f, 96
1652716051.095525, sdrt-health/mac:02010b41cdec/antenna/tag/e2806894000050038662154f, 85
1652716051.149452, sdrt-health/mac:02010b41cdec/antenna/tag/e28068940000400386621d4f, 96
1652716051.150003, sdrt-health/mac:02010b41cdec/antenna/tag/e2806894000050038662194f, 94
1652716051.166198, sdrt-health/mac:02010b41cdec/antenna/tag/e2806894000050038662154f, 88
1652716051.196225, sdrt-health/mac:02010b41cdec/antenna/tag/e2806894000040038661f94f, 84
1652716051.266753, sdrt-health/mac:02010b41cdec/antenna/tag/e2806894000040038662214f, 81
1652716051.267278, sdrt-health/mac:02010b41cdec/antenna/tag/e28068940000400386621d4f, 96
1652716051.324689, sdrt-health/mac:02010b41cdec/antenna/tag/e2806894000050038661fd4f, 83
1652716051.382474, sdrt-health/mac:02010b41cdec/antenna/tag/e2806894000040038662114f, 88
1652716051.382987, sdrt-health/mac:02010b41cdec/antenna/tag/e2806894000040038662114f, 88
1652716051.396724, sdrt-health/mac:02010b41cdec/antenna/tag/e2806894000050038662194f, 83
1652716051.598878, sdrt-health/mac:02010b41cdec/antenna/tag/e28068940000400386621d4f, 77
1652716051.673515, sdrt-health/mac:02010b41cdec/antenna/tag/e2806894000040038662214f, 81
1652716051.709068, sdrt-health/mac:02010b41cdec/antenna/tag/e2806894000050038662194f, 85
1652716051.709648, sdrt-health/mac:02010b41cdec/antenna/tag/e2806894000050038661fd4f, 83
1652716051.710097, sdrt-health/mac:02010b41cdec/antenna/tag/e2806894000050038662154f, 88
1652716051.710526, sdrt-health/mac:02010b41cdec/antenna/tag/e2806894000040038662114f, 88
1652716051.710805, sdrt-health/mac:02010b41cdec/antenna/tag/e2806894000040038662114f, 88
1652716051.711075, sdrt-health/mac:02010b41cdec/antenna/tag/e2806894000040038662214f, 81
1652716051.711374, sdrt-health/mac:02010b41cdec/antenna/tag/e2806894000040038662214f, 94
1652716051.711828, sdrt-health/mac:02010b41cdec/antenna/tag/e2806894000050038661fd4f, 83
1652716051.712168, sdrt-health/mac:02010b41cdec/antenna/tag/e2806894000050038661fd4f, 83
1652716051.735373, sdrt-health/mac:02010b41cdec/antenna/tag/e2806894000050038661fd4f, 97
1652716051.801373, sdrt-health/mac:02010b41cdec/antenna/tag/e2806894000050038661fd4f, 83
1652716051.801946, sdrt-health/mac:02010b41cdec/antenna/tag/e2806894000040038662114f, 91
1652716051.818342, sdrt-health/mac:02010b41cdec/antenna/tag/e28068940000400386621d4f, 90
1652716051.881062, sdrt-health/mac:02010b41cdec/antenna/tag/e2806894000040038662114f, 97
1652716051.930607, sdrt-health/mac:02010b41cdec/antenna/tag/e2806894000040038662114f, 97
1652716051.931156, sdrt-health/mac:02010b41cdec/antenna/tag/e2806894000050038662154f, 88
1652716052.002371, sdrt-health/mac:02010b41cdec/antenna/tag/e28068940000400386621d4f, 90
1652716052.002886, sdrt-health/mac:02010b41cdec/antenna/tag/e2806894000050038661fd4f, 83
1652716052.003222, sdrt-health/mac:02010b41cdec/antenna/tag/e2806894000050038662194f, 87
1652716052.038919, sdrt-health/mac:02010b41cdec/antenna/tag/e2806894000050038662154f, 93
1652716052.089516, sdrt-health/mac:02010b41cdec/antenna/tag/e2806894000040038662114f, 88
1652716052.118015, sdrt-health/mac:02010b41cdec/antenna/tag/e2806894000050038661fd4f, 83
1652716052.118499, sdrt-health/mac:02010b41cdec/antenna/tag/e28068940000400386621d4f, 77
1652716052.148328, sdrt-health/mac:02010b41cdec/antenna/tag/e28068940000400386621d4f, 96
1652716052.177908, sdrt-health/mac:02010b41cdec/antenna/tag/e2806894000040038662114f, 91
1652716052.17819, sdrt-health/mac:02010b41cdec/antenna/tag/e28068940000400386621d4f, 96
1652716052.207139, sdrt-health/mac:02010b41cdec/antenna/tag/e2806894000050038661fd4f, 86
1652716052.296554, sdrt-health/mac:02010b41cdec/antenna/tag/e2806894000040038662114f, 91
1652716052.297303, sdrt-health/mac:02010b41cdec/antenna/tag/e2806894000050038662154f, 88
1652716052.327518, sdrt-health/mac:02010b41cdec/antenna/tag/e28068940000400386621d4f, 90
1652716052.401835, sdrt-health/mac:02010b41cdec/antenna/tag/e2806894000050038662194f, 83
1652716052.40232, sdrt-health/mac:02010b41cdec/antenna/tag/e2806894000050038662194f, 83
1652716052.427861, sdrt-health/mac:02010b41cdec/antenna/tag/e2806894000050038662154f, 88
1652716052.467179, sdrt-health/mac:02010b41cdec/antenna/tag/e28068940000400386621d4f, 96
1652716052.467615, sdrt-health/mac:02010b41cdec/antenna/tag/e2806894000050038661fd4f, 97
1652716052.48162, sdrt-health/mac:02010b41cdec/antenna/tag/e2806894000050038662194f, 81
1652716052.532383, sdrt-health/mac:02010b41cdec/antenna/tag/e2806894000050038662194f, 83
1652716052.599835, sdrt-health/mac:02010b41cdec/antenna/tag/e2806894000050038662194f, 87
1652716052.629114, sdrt-health/mac:02010b41cdec/antenna/tag/e28068940000400386621d4f, 96
1652716052.62955, sdrt-health/mac:02010b41cdec/antenna/tag/e2806894000050038661fd4f, 83
1652716052.696548, sdrt-health/mac:02010b41cdec/antenna/tag/e28068940000400386621d4f, 96
1652716052.726251, sdrt-health/mac:02010b41cdec/antenna/tag/e28068940000400386621d4f, 77
1652716052.726629, sdrt-health/mac:02010b41cdec/antenna/tag/e2806894000050038661fd4f, 83
1652716052.758894, sdrt-health/mac:02010b41cdec/antenna/tag/e2806894000040038662114f, 91
1652716052.788784, sdrt-health/mac:02010b41cdec/antenna/tag/e2806894000040038662114f, 91
1652716052.789136, sdrt-health/mac:02010b41cdec/antenna/tag/e2806894000040038662114f, 88
1652716052.815063, sdrt-health/mac:02010b41cdec/antenna/tag/e2806894000040038662114f, 91
1652716052.843995, sdrt-health/mac:02010b41cdec/antenna/tag/e2806894000040038662114f, 88
1652716052.844293, sdrt-health/mac:02010b41cdec/antenna/tag/e2806894000050038661fd4f, 86
1652716052.844497, sdrt-health/mac:02010b41cdec/antenna/tag/e28068940000400386621d4f, 96
1652716052.873483, sdrt-health/mac:02010b41cdec/antenna/tag/e2806894000050038662154f, 91
1652716052.902868, sdrt-health/mac:02010b41cdec/antenna/tag/e2806894000050038662154f, 91
1652716052.903213, sdrt-health/mac:02010b41cdec/antenna/tag/e2806894000050038661fd4f, 86
1652716052.924187, sdrt-health/mac:02010b41cdec/antenna/tag/e2806894000050038661fd4f, 91
1652716052.991876, sdrt-health/mac:02010b41cdec/antenna/tag/e2806894000050038662154f, 88
1652716052.992433, sdrt-health/mac:02010b41cdec/antenna/tag/e2806894000050038662194f, 87
1652716053.005808, sdrt-health/mac:02010b41cdec/antenna/tag/e28068940000400386621d4f, 96
1652716053.006297, sdrt-health/mac:02010b41cdec/antenna/tag/e2806894000050038661fd4f, 97
1652716053.027585, sdrt-health/mac:02010b41cdec/antenna/tag/e2806894000050038662194f, 81
1652716053.094232, sdrt-health/mac:02010b41cdec/antenna/tag/e2806894000050038661fd4f, 86
1652716053.096124, sdrt-health/mac:02010b41cdec/antenna/tag/e2806894000050038662154f, 91
1652716053.108701, sdrt-health/mac:02010b41cdec/antenna/tag/e2806894000050038661fd4f, 90
1652716053.160906, sdrt-health/mac:02010b41cdec/antenna/tag/e2806894000040038662114f, 88
1652716053.221666, sdrt-health/mac:02010b41cdec/antenna/tag/e2806894000050038661fd4f, 90
1652716053.222114, sdrt-health/mac:02010b41cdec/antenna/tag/e2806894000050038661fd4f, 86
1652716053.235591, sdrt-health/mac:02010b41cdec/antenna/tag/e2806894000050038661fd4f, 83
1652716053.236031, sdrt-health/mac:02010b41cdec/antenna/tag/e2806894000040038662114f, 97
1652716053.251667, sdrt-health/mac:02010b41cdec/antenna/tag/e2806894000050038662194f, 83
1652716053.279996, sdrt-health/mac:02010b41cdec/antenna/tag/e2806894000050038662154f, 88
1652716053.280272, sdrt-health/mac:02010b41cdec/antenna/tag/e2806894000050038661fd4f, 90
1652716053.297755, sdrt-health/mac:02010b41cdec/antenna/tag/e2806894000050038662154f, 91
1652716053.328681, sdrt-health/mac:02010b41cdec/antenna/tag/e2806894000050038661fd4f, 83
1652716053.329102, sdrt-health/mac:02010b41cdec/antenna/tag/e2806894000050038662194f, 93
1652716053.347498, sdrt-health/mac:02010b41cdec/antenna/tag/e28068940000400386621d4f, 96
1652716053.417966, sdrt-health/mac:02010b41cdec/antenna/tag/e28068940000400386621d4f, 96
1652716053.678062, sdrt-health/mac:02010b41cdec/antenna/tag/e2806894000040038662114f, 88
1652716053.743742, sdrt-health/mac:02010b41cdec/antenna/tag/e2806894000040038662114f, 88
1652716053.775931, sdrt-health/mac:02010b41cdec/antenna/tag/e2806894000050038661fd4f, 83
1652716053.776351, sdrt-health/mac:02010b41cdec/antenna/tag/e2806894000040038662114f, 91
1652716053.776642, sdrt-health/mac:02010b41cdec/antenna/tag/e28068940000400386621d4f, 96
1652716053.777015, sdrt-health/mac:02010b41cdec/antenna/tag/e2806894000050038662154f, 91
1652716053.777291, sdrt-health/mac:02010b41cdec/antenna/tag/e2806894000050038661fd4f, 86
1652716053.777566, sdrt-health/mac:02010b41cdec/antenna/tag/e2806894000050038662154f, 88
1652716053.791797, sdrt-health/mac:02010b41cdec/antenna/tag/e2806894000050038662194f, 83
1652716053.83805, sdrt-health/mac:02010b41cdec/antenna/tag/e2806894000040038662114f, 91
1652716053.871362, sdrt-health/mac:02010b41cdec/antenna/tag/e28068940000400386621d4f, 96
1652716053.871744, sdrt-health/mac:02010b41cdec/antenna/tag/e2806894000050038662194f, 87
1652716053.924623, sdrt-health/mac:02010b41cdec/antenna/tag/e2806894000050038662194f, 83
1652716053.994772, sdrt-health/mac:02010b41cdec/antenna/tag/e2806894000050038662154f, 88
1652716053.995246, sdrt-health/mac:02010b41cdec/antenna/tag/e2806894000050038662194f, 93
1652716054.009729, sdrt-health/mac:02010b41cdec/antenna/tag/e28068940000400386621d4f, 96
1652716054.010176, sdrt-health/mac:02010b41cdec/antenna/tag/e2806894000050038661fd4f, 86
1652716054.010538, sdrt-health/mac:02010b41cdec/antenna/tag/e2806894000040038662114f, 88
1652716054.045626, sdrt-health/mac:02010b41cdec/antenna/tag/e28068940000400386621d4f, 77
1652716054.077698, sdrt-health/mac:02010b41cdec/antenna/tag/e2806894000050038662154f, 91
1652716054.078039, sdrt-health/mac:02010b41cdec/antenna/tag/e2806894000050038662154f, 88
1652716054.105919, sdrt-health/mac:02010b41cdec/antenna/tag/e2806894000050038662194f, 81
1652716054.274946, sdrt-health/mac:02010b41cdec/antenna/tag/e2806894000050038662154f, 88
1652716054.275534, sdrt-health/mac:02010b41cdec/antenna/tag/e2806894000050038662154f, 91
1652716054.29452, sdrt-health/mac:02010b41cdec/antenna/tag/e2806894000050038662154f, 88
1652716054.315117, sdrt-health/mac:02010b41cdec/antenna/tag/e2806894000040038662114f, 88
1652716054.345725, sdrt-health/mac:02010b41cdec/antenna/tag/e2806894000050038662154f, 91
1652716054.346198, sdrt-health/mac:02010b41cdec/antenna/tag/e2806894000050038662154f, 88
1652716054.346494, sdrt-health/mac:02010b41cdec/antenna/tag/e2806894000050038662154f, 91
1652716054.359312, sdrt-health/mac:02010b41cdec/antenna/tag/e2806894000050038662154f, 91
1652716054.407952, sdrt-health/mac:02010b41cdec/antenna/tag/e28068940000400386621d4f, 96
1652716054.43684, sdrt-health/mac:02010b41cdec/antenna/tag/e2806894000040038662114f, 88
1652716054.437191, sdrt-health/mac:02010b41cdec/antenna/tag/e2806894000050038661fd4f, 86
1652716054.437414, sdrt-health/mac:02010b41cdec/antenna/tag/e2806894000040038662114f, 88
1652716054.760421, sdrt-health/mac:02010b41cdec/antenna/tag/e28068940000500386620d4f, 88
1652716054.831978, sdrt-health/mac:02010b41cdec/antenna/tag/e2806894000050038662154f, 85
1652716054.832495, sdrt-health/mac:02010b41cdec/antenna/tag/e2806894000040038662114f, 88
1652716054.846835, sdrt-health/mac:02010b41cdec/antenna/tag/e2806894000040038661f94f, 94
1652716054.847466, sdrt-health/mac:02010b41cdec/antenna/tag/e28068940000400386621d4f, 77
1652716054.847777, sdrt-health/mac:02010b41cdec/antenna/tag/e2806894000050038662154f, 85
1652716054.848063, sdrt-health/mac:02010b41cdec/antenna/tag/e2806894000040038661f94f, 81
1652716054.8483, sdrt-health/mac:02010b41cdec/antenna/tag/e2806894000050038661fd4f, 86
1652716054.848702, sdrt-health/mac:02010b41cdec/antenna/tag/e2806894000050038662154f, 91
1652716054.848933, sdrt-health/mac:02010b41cdec/antenna/tag/e28068940000400386621d4f, 96
1652716054.849156, sdrt-health/mac:02010b41cdec/antenna/tag/e2806894000040038662114f, 88
1652716054.849535, sdrt-health/mac:02010b41cdec/antenna/tag/e2806894000050038662154f, 88
1652716054.849808, sdrt-health/mac:02010b41cdec/antenna/tag/e2806894000050038662154f, 91
1652716054.865526, sdrt-health/mac:02010b41cdec/antenna/tag/e2806894000050038661fd4f, 86
1652716054.893707, sdrt-health/mac:02010b41cdec/antenna/tag/e2806894000050038661fd4f, 86
1652716054.893929, sdrt-health/mac:02010b41cdec/antenna/tag/e28068940000400386621d4f, 96
1652716054.908513, sdrt-health/mac:02010b41cdec/antenna/tag/e2806894000050038662194f, 87
1652716055.09429, sdrt-health/mac:02010b41cdec/antenna/tag/e2806894000050038661fd4f, 83
1652716055.136161, sdrt-health/mac:02010b41cdec/antenna/tag/e2806894000050038661fd4f, 83
1652716055.136477, sdrt-health/mac:02010b41cdec/antenna/tag/e2806894000040038662214f, 94
1652716055.1367, sdrt-health/mac:02010b41cdec/antenna/tag/e2806894000050038661fd4f, 83
1652716055.136965, sdrt-health/mac:02010b41cdec/antenna/tag/e2806894000050038662154f, 85
1652716055.165369, sdrt-health/mac:02010b41cdec/antenna/tag/e2806894000040038661f94f, 88
1652716055.195301, sdrt-health/mac:02010b41cdec/antenna/tag/e28068940000400386621d4f, 96
1652716055.195579, sdrt-health/mac:02010b41cdec/antenna/tag/e2806894000040038662114f, 88
1652716055.211375, sdrt-health/mac:02010b41cdec/antenna/tag/e2806894000050038662194f, 83
1652716055.265028, sdrt-health/mac:02010b41cdec/antenna/tag/e2806894000050038661fd4f, 86
1652716055.319127, sdrt-health/mac:02010b41cdec/antenna/tag/e28068940000400386621d4f, 96
1652716055.347716, sdrt-health/mac:02010b41cdec/antenna/tag/e28068940000400386621d4f, 96
1652716055.348273, sdrt-health/mac:02010b41cdec/antenna/tag/e2806894000050038662154f, 91
1652716055.367302, sdrt-health/mac:02010b41cdec/antenna/tag/e2806894000040038662214f, 94
1652716055.444288, sdrt-health/mac:02010b41cdec/antenna/tag/e2806894000040038662114f, 91
1652716055.444854, sdrt-health/mac:02010b41cdec/antenna/tag/e2806894000040038661f94f, 88
1652716055.4599, sdrt-health/mac:02010b41cdec/antenna/tag/e2806894000050038662194f, 94
1652716055.493759, sdrt-health/mac:02010b41cdec/antenna/tag/e2806894000050038661fd4f, 83
1652716055.551266, sdrt-health/mac:02010b41cdec/antenna/tag/e2806894000040038661f94f, 94
1652716055.552586, sdrt-health/mac:02010b41cdec/antenna/tag/e2806894000050038661fd4f, 90
1652716055.566332, sdrt-health/mac:02010b41cdec/antenna/tag/e28068940000400386621d4f, 77
1652716055.566653, sdrt-health/mac:02010b41cdec/antenna/tag/e28068940000400386621d4f, 96
1652716055.566826, sdrt-health/mac:02010b41cdec/antenna/tag/e2806894000050038662194f, 87
1652716055.576874, sdrt-health/mac:02010b41cdec/antenna/tag/e2806894000040038662114f, 88
1652716055.626673, sdrt-health/mac:02010b41cdec/antenna/tag/e2806894000040038662114f, 88
1652716055.681482, sdrt-health/mac:02010b41cdec/antenna/tag/e2806894000050038662194f, 83
1652716055.766353, sdrt-health/mac:02010b41cdec/antenna/tag/e28068940000400386621d4f, 96
1652716055.766891, sdrt-health/mac:02010b41cdec/antenna/tag/e2806894000050038662154f, 88
1652716055.787722, sdrt-health/mac:02010b41cdec/antenna/tag/e2806894000050038662154f, 97
1652716055.817981, sdrt-health/mac:02010b41cdec/antenna/tag/e2806894000050038662194f, 81
1652716055.818503, sdrt-health/mac:02010b41cdec/antenna/tag/e28068940000400386621d4f, 96
1652716055.837535, sdrt-health/mac:02010b41cdec/antenna/tag/e2806894000040038662114f, 91
1652716055.867814, sdrt-health/mac:02010b41cdec/antenna/tag/e2806894000050038661fd4f, 90
1652716055.868036, sdrt-health/mac:02010b41cdec/antenna/tag/e2806894000050038662154f, 91
1652716055.868173, sdrt-health/mac:02010b41cdec/antenna/tag/e2806894000050038661fd4f, 86
1652716055.896181, sdrt-health/mac:02010b41cdec/antenna/tag/e2806894000050038661fd4f, 97
1652716055.944994, sdrt-health/mac:02010b41cdec/antenna/tag/e2806894000050038662194f, 87
1652716055.994573, sdrt-health/mac:02010b41cdec/antenna/tag/e2806894000050038661fd4f, 97
1652716056.039308, sdrt-health/mac:02010b41cdec/antenna/tag/e2806894000050038662154f, 91
1652716056.089828, sdrt-health/mac:02010b41cdec/antenna/tag/e2806894000050038662194f, 83
1652716056.119204, sdrt-health/mac:02010b41cdec/antenna/tag/e2806894000050038662194f, 94
1652716056.11964, sdrt-health/mac:02010b41cdec/antenna/tag/e2806894000050038662154f, 91
1652716056.152822, sdrt-health/mac:02010b41cdec/antenna/tag/e2806894000050038662194f, 94
1652716056.180617, sdrt-health/mac:02010b41cdec/antenna/tag/e2806894000040038662114f, 88
1652716056.180995, sdrt-health/mac:02010b41cdec/antenna/tag/e2806894000050038662194f, 81
1652716056.210374, sdrt-health/mac:02010b41cdec/antenna/tag/e2806894000040038662114f, 91
1652716056.241415, sdrt-health/mac:02010b41cdec/antenna/tag/e28068940000400386621d4f, 96
1652716056.241697, sdrt-health/mac:02010b41cdec/antenna/tag/e2806894000050038661fd4f, 86
1652716056.261029, sdrt-health/mac:02010b41cdec/antenna/tag/e28068940000400386621d4f, 96
1652716056.32248, sdrt-health/mac:02010b41cdec/antenna/tag/e28068940000400386621d4f, 96
1652716056.322871, sdrt-health/mac:02010b41cdec/antenna/tag/e28068940000400386621d4f, 77
1652716056.405025, sdrt-health/mac:02010b41cdec/antenna/tag/e28068940000400386621d4f, 96
1652716056.433519, sdrt-health/mac:02010b41cdec/antenna/tag/e2806894000050038662154f, 85
1652716056.434027, sdrt-health/mac:02010b41cdec/antenna/tag/e2806894000040038662114f, 85
1652716056.458599, sdrt-health/mac:02010b41cdec/antenna/tag/e2806894000040038662114f, 88
1652716056.538953, sdrt-health/mac:02010b41cdec/antenna/tag/e2806894000050038662154f, 85
1652716056.539395, sdrt-health/mac:02010b41cdec/antenna/tag/e2806894000050038662154f, 85
1652716056.553687, sdrt-health/mac:02010b41cdec/antenna/tag/e2806894000040038662114f, 85
1652716056.57424, sdrt-health/mac:02010b41cdec/antenna/tag/e2806894000050038661fd4f, 86
1652716056.60292, sdrt-health/mac:02010b41cdec/antenna/tag/e2806894000050038662154f, 97
1652716056.603163, sdrt-health/mac:02010b41cdec/antenna/tag/e2806894000040038662114f, 88
1652716056.617847, sdrt-health/mac:02010b41cdec/antenna/tag/e2806894000050038661fd4f, 86
1652716056.684855, sdrt-health/mac:02010b41cdec/antenna/tag/e28068940000400386621d4f, 96
1652716056.685278, sdrt-health/mac:02010b41cdec/antenna/tag/e2806894000050038662154f, 97
1652716056.685561, sdrt-health/mac:02010b41cdec/antenna/tag/e2806894000050038662154f, 91
1652716056.718638, sdrt-health/mac:02010b41cdec/antenna/tag/e28068940000400386621d4f, 96
1652716056.799393, sdrt-health/mac:02010b41cdec/antenna/tag/e2806894000050038662194f, 94
1652716056.799854, sdrt-health/mac:02010b41cdec/antenna/tag/e28068940000400386621d4f, 96
1652716056.813005, sdrt-health/mac:02010b41cdec/antenna/tag/e2806894000050038661fd4f, 86
1652716056.828448, sdrt-health/mac:02010b41cdec/antenna/tag/e2806894000050038661fd4f, 86
1652716056.945812, sdrt-health/mac:02010b41cdec/antenna/tag/e2806894000050038661fd4f, 86
1652716056.946319, sdrt-health/mac:02010b41cdec/antenna/tag/e2806894000050038662194f, 83
1652716057.000979, sdrt-health/mac:02010b41cdec/antenna/tag/e28068940000400386621d4f, 77
1652716057.030595, sdrt-health/mac:02010b41cdec/antenna/tag/e2806894000050038662194f, 94
1652716057.031338, sdrt-health/mac:02010b41cdec/antenna/tag/e2806894000050038662154f, 85
1652716057.031948, sdrt-health/mac:02010b41cdec/antenna/tag/e28068940000400386621d4f, 96
1652716057.053646, sdrt-health/mac:02010b41cdec/antenna/tag/e2806894000050038662154f, 88
1652716057.10847, sdrt-health/mac:02010b41cdec/antenna/tag/e28068940000400386621d4f, 90
1652716057.137549, sdrt-health/mac:02010b41cdec/antenna/tag/e2806894000050038662194f, 93
1652716057.137752, sdrt-health/mac:02010b41cdec/antenna/tag/e28068940000400386621d4f, 90
1652716057.167262, sdrt-health/mac:02010b41cdec/antenna/tag/e2806894000040038662114f, 83
1652716057.234569, sdrt-health/mac:02010b41cdec/antenna/tag/e28068940000400386621d4f, 96
1652716057.235057, sdrt-health/mac:02010b41cdec/antenna/tag/e2806894000040038662114f, 91
1652716057.2497, sdrt-health/mac:02010b41cdec/antenna/tag/e28068940000400386621d4f, 96
1652716057.283475, sdrt-health/mac:02010b41cdec/antenna/tag/e2806894000040038662114f, 88
1652716057.283771, sdrt-health/mac:02010b41cdec/antenna/tag/e28068940000400386621d4f, 96
1652716057.298719, sdrt-health/mac:02010b41cdec/antenna/tag/e28068940000400386621d4f, 96
1652716057.299312, sdrt-health/mac:02010b41cdec/antenna/tag/e2806894000050038662154f, 88
1652716057.299935, sdrt-health/mac:02010b41cdec/antenna/tag/e28068940000400386621d4f, 96
1652716057.319966, sdrt-health/mac:02010b41cdec/antenna/tag/e28068940000400386621d4f, 96
1652716057.385501, sdrt-health/mac:02010b41cdec/antenna/tag/e2806894000050038661fd4f, 83
1652716057.448261, sdrt-health/mac:02010b41cdec/antenna/tag/e2806894000050038661fd4f, 83
1652716057.548377, sdrt-health/mac:02010b41cdec/antenna/tag/e2806894000050038662194f, 81
1652716057.576612, sdrt-health/mac:02010b41cdec/antenna/tag/e2806894000050038662154f, 88
1652716057.576927, sdrt-health/mac:02010b41cdec/antenna/tag/e28068940000400386621d4f, 96
1652716057.577212, sdrt-health/mac:02010b41cdec/antenna/tag/e2806894000050038662194f, 83
1652716057.605161, sdrt-health/mac:02010b41cdec/antenna/tag/e2806894000040038662214f, 81
1652716057.66621, sdrt-health/mac:02010b41cdec/antenna/tag/e2806894000050038662154f, 93
1652716057.666749, sdrt-health/mac:02010b41cdec/antenna/tag/e28068940000400386621d4f, 77
1652716057.697734, sdrt-health/mac:02010b41cdec/antenna/tag/e2806894000050038662154f, 85
1652716057.736549, sdrt-health/mac:02010b41cdec/antenna/tag/e2806894000050038662194f, 81
1652716057.777166, sdrt-health/mac:02010b41cdec/antenna/tag/e2806894000050038662194f, 83
1652716057.816365, sdrt-health/mac:02010b41cdec/antenna/tag/e2806894000050038662154f, 88
1652716057.857767, sdrt-health/mac:02010b41cdec/antenna/tag/e2806894000050038662194f, 93
1652716057.927746, sdrt-health/mac:02010b41cdec/antenna/tag/e2806894000050038662194f, 83
1652716057.991888, sdrt-health/mac:02010b41cdec/antenna/tag/e2806894000040038662214f, 84
1652716057.992492, sdrt-health/mac:02010b41cdec/antenna/tag/e2806894000050038662154f, 88
1652716058.006023, sdrt-health/mac:02010b41cdec/antenna/tag/e2806894000050038662194f, 93
1652716058.285096, sdrt-health/mac:02010b41cdec/antenna/tag/e28068940000400386621d4f, 96
1652716058.402896, sdrt-health/mac:02010b41cdec/antenna/tag/e2806894000050038662194f, 85
1652716058.435011, sdrt-health/mac:02010b41cdec/antenna/tag/e2806894000050038661fd4f, 83
1652716058.436403, sdrt-health/mac:02010b41cdec/antenna/tag/e2806894000050038662194f, 83
1652716058.436777, sdrt-health/mac:02010b41cdec/antenna/tag/e28068940000400386621d4f, 77
1652716058.437056, sdrt-health/mac:02010b41cdec/antenna/tag/e2806894000040038662114f, 91
1652716058.437325, sdrt-health/mac:02010b41cdec/antenna/tag/e2806894000050038661fd4f, 97
1652716058.437604, sdrt-health/mac:02010b41cdec/antenna/tag/e2806894000050038661fd4f, 83
1652716058.437886, sdrt-health/mac:02010b41cdec/antenna/tag/e2806894000050038661fd4f, 86
1652716058.438135, sdrt-health/mac:02010b41cdec/antenna/tag/e2806894000050038662154f, 88
1652716058.476622, sdrt-health/mac:02010b41cdec/antenna/tag/e2806894000040038662114f, 97
1652716058.504461, sdrt-health/mac:02010b41cdec/antenna/tag/e28068940000400386621d4f, 90
1652716058.504757, sdrt-health/mac:02010b41cdec/antenna/tag/e2806894000040038662114f, 83
1652716058.504971, sdrt-health/mac:02010b41cdec/antenna/tag/e2806894000040038662114f, 91
1652716058.505188, sdrt-health/mac:02010b41cdec/antenna/tag/e2806894000050038661fd4f, 83
1652716058.56106, sdrt-health/mac:02010b41cdec/antenna/tag/e2806894000040038662114f, 91
1652716058.59302, sdrt-health/mac:02010b41cdec/antenna/tag/e28068940000400386621d4f, 77
1652716058.593334, sdrt-health/mac:02010b41cdec/antenna/tag/e2806894000050038662154f, 85
1652716058.634515, sdrt-health/mac:02010b41cdec/antenna/tag/e2806894000050038661fd4f, 83
1652716058.663036, sdrt-health/mac:02010b41cdec/antenna/tag/e2806894000040038662114f, 88
1652716058.663375, sdrt-health/mac:02010b41cdec/antenna/tag/e2806894000040038662114f, 88
1652716058.663604, sdrt-health/mac:02010b41cdec/antenna/tag/e2806894000050038661fd4f, 83
1652716058.697317, sdrt-health/mac:02010b41cdec/antenna/tag/e2806894000050038661fd4f, 86
1652716058.725863, sdrt-health/mac:02010b41cdec/antenna/tag/e2806894000040038662114f, 91
1652716058.726263, sdrt-health/mac:02010b41cdec/antenna/tag/e2806894000040038662114f, 91
1652716058.771776, sdrt-health/mac:02010b41cdec/antenna/tag/e2806894000050038661fd4f, 90
1652716058.817605, sdrt-health/mac:02010b41cdec/antenna/tag/e2806894000050038661fd4f, 86
1652716058.890956, sdrt-health/mac:02010b41cdec/antenna/tag/e28068940000400386621d4f, 96
1652716058.891424, sdrt-health/mac:02010b41cdec/antenna/tag/e2806894000040038662114f, 91
1652716058.935471, sdrt-health/mac:02010b41cdec/antenna/tag/e2806894000050038662154f, 88
1652716058.963589, sdrt-health/mac:02010b41cdec/antenna/tag/e2806894000050038662194f, 81
1652716058.964052, sdrt-health/mac:02010b41cdec/antenna/tag/e2806894000050038661fd4f, 97
1652716058.964346, sdrt-health/mac:02010b41cdec/antenna/tag/e28068940000400386621d4f, 96
1652716059.033583, sdrt-health/mac:02010b41cdec/antenna/tag/e2806894000050038662194f, 81
1652716059.08601, sdrt-health/mac:02010b41cdec/antenna/tag/e2806894000050038662194f, 81
1652716059.163001, sdrt-health/mac:02010b41cdec/antenna/tag/e2806894000040038662114f, 91
1652716059.163478, sdrt-health/mac:02010b41cdec/antenna/tag/e2806894000050038661fd4f, 83
1652716059.328228, sdrt-health/mac:02010b41cdec/antenna/tag/e2806894000040038662114f, 85
1652716059.359684, sdrt-health/mac:02010b41cdec/antenna/tag/e28068940000400386621d4f, 96
1652716059.359994, sdrt-health/mac:02010b41cdec/antenna/tag/e2806894000040038662114f, 91
1652716059.418446, sdrt-health/mac:02010b41cdec/antenna/tag/e2806894000050038662154f, 85
1652716059.448861, sdrt-health/mac:02010b41cdec/antenna/tag/e28068940000400386621d4f, 96
1652716059.449868, sdrt-health/mac:02010b41cdec/antenna/tag/e28068940000400386621d4f, 96
1652716059.450267, sdrt-health/mac:02010b41cdec/antenna/tag/e2806894000050038662154f, 91
1652716059.45057, sdrt-health/mac:02010b41cdec/antenna/tag/e2806894000050038661fd4f, 86
1652716059.450918, sdrt-health/mac:02010b41cdec/antenna/tag/e2806894000050038661fd4f, 86
1652716059.451199, sdrt-health/mac:02010b41cdec/antenna/tag/e2806894000050038662154f, 88
1652716059.451617, sdrt-health/mac:02010b41cdec/antenna/tag/e2806894000050038662154f, 91
1652716059.451939, sdrt-health/mac:02010b41cdec/antenna/tag/e2806894000040038662114f, 88
1652716059.528282, sdrt-health/mac:02010b41cdec/antenna/tag/e2806894000050038661fd4f, 83
1652716059.556078, sdrt-health/mac:02010b41cdec/antenna/tag/e2806894000050038662154f, 88
1652716059.55635, sdrt-health/mac:02010b41cdec/antenna/tag/e28068940000400386621d4f, 96
1652716059.556528, sdrt-health/mac:02010b41cdec/antenna/tag/e2806894000040038662114f, 88
1652716059.556725, sdrt-health/mac:02010b41cdec/antenna/tag/e2806894000050038662194f, 83
1652716059.599346, sdrt-health/mac:02010b41cdec/antenna/tag/e2806894000050038662194f, 81
1652716059.63331, sdrt-health/mac:02010b41cdec/antenna/tag/e2806894000050038662154f, 88
1652716059.633665, sdrt-health/mac:02010b41cdec/antenna/tag/e2806894000050038662194f, 81
1652716059.633898, sdrt-health/mac:02010b41cdec/antenna/tag/e2806894000040038662114f, 88
1652716059.664561, sdrt-health/mac:02010b41cdec/antenna/tag/e2806894000050038662194f, 94
1652716059.696486, sdrt-health/mac:02010b41cdec/antenna/tag/e2806894000050038661fd4f, 86
1652716059.696804, sdrt-health/mac:02010b41cdec/antenna/tag/e28068940000400386621d4f, 77
1652716059.711584, sdrt-health/mac:02010b41cdec/antenna/tag/e28068940000400386621d4f, 90
1652716059.758642, sdrt-health/mac:02010b41cdec/antenna/tag/e2806894000050038661fd4f, 86
1652716059.844846, sdrt-health/mac:02010b41cdec/antenna/tag/e2806894000040038662114f, 91
1652716059.845328, sdrt-health/mac:02010b41cdec/antenna/tag/e2806894000040038662114f, 97
1652716059.861691, sdrt-health/mac:02010b41cdec/antenna/tag/e2806894000050038662194f, 87
1652716060.048036, sdrt-health/mac:02010b41cdec/antenna/tag/scan, scan stopped
