1652716597.988521, sdrt-health/mac:02010b41cdec/antenna/power/set, {"power": 300}
1652716599.078953, sdrt-health/mac:02010b41cdec/antenna/power/set, 
1652716603.01381, sdrt-health/mac:02010b41cdec/antenna/tag/scan, {"time": 20000}
1652716603.41512, sdrt-health/mac:02010b41cdec/antenna/tag/e2806894000050038661fd4f, 86
1652716603.478242, sdrt-health/mac:02010b41cdec/antenna/tag/e2806894000040038662054f, 82
1652716603.50713, sdrt-health/mac:02010b41cdec/antenna/tag/e2806894000050038662154f, 88
1652716603.507672, sdrt-health/mac:02010b41cdec/antenna/tag/e2806894000040038662114f, 91
1652716603.534062, sdrt-health/mac:02010b41cdec/antenna/tag/e2806894000050038662194f, 93
1652716603.577224, sdrt-health/mac:02010b41cdec/antenna/tag/e2806894000040038661f94f, 81
1652716603.641162, sdrt-health/mac:02010b41cdec/antenna/tag/e2806894000050038662154f, 91
1652716603.702912, sdrt-health/mac:02010b41cdec/antenna/tag/e2806894000040038662114f, 88
1652716603.70345, sdrt-health/mac:02010b41cdec/antenna/tag/e28068940000400386621d4f, 96
1652716603.719029, sdrt-health/mac:02010b41cdec/antenna/tag/e2806894000050038662194f, 87
1652716603.789843, sdrt-health/mac:02010b41cdec/antenna/tag/e2806894000050038661fd4f, 86
1652716603.852511, sdrt-health/mac:02010b41cdec/antenna/tag/e2806894000050038662194f, 85
1652716603.853953, sdrt-health/mac:02010b41cdec/antenna/tag/e2806894000050038662154f, 88
1652716603.867234, sdrt-health/mac:02010b41cdec/antenna/tag/e28068940000400386621d4f, 77
1652716603.867611, sdrt-health/mac:02010b41cdec/antenna/tag/e2806894000050038662154f, 88
1652716603.882674, sdrt-health/mac:02010b41cdec/antenna/tag/e2806894000050038661fd4f, 83
1652716603.926299, sdrt-health/mac:02010b41cdec/antenna/tag/e2806894000040038662054f, 94
1652716604.002851, sdrt-health/mac:02010b41cdec/antenna/tag/e2806894000050038662154f, 85
1652716604.041554, sdrt-health/mac:02010b41cdec/antenna/tag/e2806894000040038662214f, 81
1652716604.04198, sdrt-health/mac:02010b41cdec/antenna/tag/e2806894000040038661f94f, 82
1652716604.056324, sdrt-health/mac:02010b41cdec/antenna/tag/e2806894000050038662194f, 81
1652716604.056549, sdrt-health/mac:02010b41cdec/antenna/tag/e2806894000040038661f94f, 81
1652716604.056705, sdrt-health/mac:02010b41cdec/antenna/tag/e2806894000050038661fd4f, 83
1652716604.097656, sdrt-health/mac:02010b41cdec/antenna/tag/e2806894000040038662054f, 88
1652716604.200892, sdrt-health/mac:02010b41cdec/antenna/tag/e2806894000040038662214f, 94
1652716604.201319, sdrt-health/mac:02010b41cdec/antenna/tag/e2806894000040038662214f, 88
1652716604.278068, sdrt-health/mac:02010b41cdec/antenna/tag/e2806894000050038661fd4f, 83
1652716604.335123, sdrt-health/mac:02010b41cdec/antenna/tag/e2806894000050038662194f, 81
1652716604.387092, sdrt-health/mac:02010b41cdec/antenna/tag/e2806894000050038661fd4f, 86
1652716604.425598, sdrt-health/mac:02010b41cdec/antenna/tag/e2806894000050038662194f, 87
1652716604.473785, sdrt-health/mac:02010b41cdec/antenna/tag/e2806894000040038662214f, 84
1652716604.504779, sdrt-health/mac:02010b41cdec/antenna/tag/e2806894000050038661fd4f, 83
1652716604.505064, sdrt-health/mac:02010b41cdec/antenna/tag/e2806894000040038661f94f, 82
1652716604.520994, sdrt-health/mac:02010b41cdec/antenna/tag/e28068940000400386621d4f, 77
1652716604.565417, sdrt-health/mac:02010b41cdec/antenna/tag/e2806894000040038662114f, 91
1652716604.632798, sdrt-health/mac:02010b41cdec/antenna/tag/e2806894000050038662154f, 88
1652716604.723049, sdrt-health/mac:02010b41cdec/antenna/tag/e2806894000050038661fd4f, 83
1652716604.787771, sdrt-health/mac:02010b41cdec/antenna/tag/e28068940000400386621d4f, 96
1652716604.840849, sdrt-health/mac:02010b41cdec/antenna/tag/e28068940000400386621d4f, 96
1652716604.841415, sdrt-health/mac:02010b41cdec/antenna/tag/e2806894000040038662054f, 84
1652716604.856143, sdrt-health/mac:02010b41cdec/antenna/tag/e28068940000400386621d4f, 96
1652716604.876337, sdrt-health/mac:02010b41cdec/antenna/tag/e28068940000400386621d4f, 77
1652716604.93364, sdrt-health/mac:02010b41cdec/antenna/tag/e2806894000040038662214f, 84
1652716604.934206, sdrt-health/mac:02010b41cdec/antenna/tag/e2806894000050038662154f, 93
1652716604.974746, sdrt-health/mac:02010b41cdec/antenna/tag/e2806894000050038662154f, 97
1652716605.013472, sdrt-health/mac:02010b41cdec/antenna/tag/e2806894000050038662014f, 110
1652716605.055758, sdrt-health/mac:02010b41cdec/antenna/tag/e2806894000050038662154f, 91
1652716605.087869, sdrt-health/mac:02010b41cdec/antenna/tag/e2806894000050038662194f, 81
1652716605.088409, sdrt-health/mac:02010b41cdec/antenna/tag/e2806894000050038662154f, 97
1652716605.114547, sdrt-health/mac:02010b41cdec/antenna/tag/e2806894000050038661fd4f, 86
1652716605.172121, sdrt-health/mac:02010b41cdec/antenna/tag/e2806894000050038662154f, 91
1652716605.237027, sdrt-health/mac:02010b41cdec/antenna/tag/e2806894000040038662114f, 91
1652716605.23758, sdrt-health/mac:02010b41cdec/antenna/tag/e2806894000050038662194f, 87
1652716605.251899, sdrt-health/mac:02010b41cdec/antenna/tag/e2806894000050038662154f, 88
1652716605.266287, sdrt-health/mac:02010b41cdec/antenna/tag/e2806894000040038662054f, 84
1652716605.268227, sdrt-health/mac:02010b41cdec/antenna/tag/e2806894000040038661f94f, 88
1652716605.317582, sdrt-health/mac:02010b41cdec/antenna/tag/e2806894000040038662114f, 88
1652716605.348676, sdrt-health/mac:02010b41cdec/antenna/tag/e28068940000400386621d4f, 96
1652716605.348925, sdrt-health/mac:02010b41cdec/antenna/tag/e2806894000050038662194f, 83
1652716605.363564, sdrt-health/mac:02010b41cdec/antenna/tag/e2806894000040038662054f, 94
1652716605.41585, sdrt-health/mac:02010b41cdec/antenna/tag/e2806894000050038662154f, 88
1652716605.444985, sdrt-health/mac:02010b41cdec/antenna/tag/e2806894000040038662114f, 91
1652716605.445323, sdrt-health/mac:02010b41cdec/antenna/tag/e2806894000050038662154f, 88
1652716605.460347, sdrt-health/mac:02010b41cdec/antenna/tag/e2806894000040038662054f, 88
1652716605.460544, sdrt-health/mac:02010b41cdec/antenna/tag/e2806894000050038662194f, 83
1652716605.460681, sdrt-health/mac:02010b41cdec/antenna/tag/e2806894000040038661f94f, 84
1652716605.504897, sdrt-health/mac:02010b41cdec/antenna/tag/e2806894000050038662154f, 85
1652716605.544651, sdrt-health/mac:02010b41cdec/antenna/tag/e2806894000050038662194f, 93
1652716605.578621, sdrt-health/mac:02010b41cdec/antenna/tag/e28068940000400386621d4f, 77
1652716605.57899, sdrt-health/mac:02010b41cdec/antenna/tag/e2806894000050038662194f, 85
1652716605.593118, sdrt-health/mac:02010b41cdec/antenna/tag/e2806894000040038662114f, 88
1652716605.593394, sdrt-health/mac:02010b41cdec/antenna/tag/e2806894000050038662154f, 88
1652716605.593604, sdrt-health/mac:02010b41cdec/antenna/tag/e2806894000040038661f94f, 81
1652716605.637846, sdrt-health/mac:02010b41cdec/antenna/tag/e28068940000400386621d4f, 96
1652716605.686545, sdrt-health/mac:02010b41cdec/antenna/tag/e2806894000050038661fd4f, 90
1652716605.716876, sdrt-health/mac:02010b41cdec/antenna/tag/e2806894000050038662154f, 97
1652716605.717092, sdrt-health/mac:02010b41cdec/antenna/tag/e2806894000040038662114f, 88
1652716605.734642, sdrt-health/mac:02010b41cdec/antenna/tag/e2806894000050038661fd4f, 86
1652716605.762752, sdrt-health/mac:02010b41cdec/antenna/tag/e28068940000400386621d4f, 96
1652716605.762955, sdrt-health/mac:02010b41cdec/antenna/tag/e2806894000050038662194f, 81
1652716605.800475, sdrt-health/mac:02010b41cdec/antenna/tag/e2806894000050038662154f, 88
1652716605.828904, sdrt-health/mac:02010b41cdec/antenna/tag/e2806894000040038662114f, 91
1652716605.829127, sdrt-health/mac:02010b41cdec/antenna/tag/e2806894000040038662214f, 94
1652716605.847689, sdrt-health/mac:02010b41cdec/antenna/tag/e2806894000040038662054f, 84
1652716605.876464, sdrt-health/mac:02010b41cdec/antenna/tag/e2806894000050038661fd4f, 83
1652716605.876683, sdrt-health/mac:02010b41cdec/antenna/tag/e2806894000040038662114f, 91
1652716605.902172, sdrt-health/mac:02010b41cdec/antenna/tag/e2806894000040038662054f, 81
1652716605.94487, sdrt-health/mac:02010b41cdec/antenna/tag/e2806894000040038661f94f, 81
1652716606.027455, sdrt-health/mac:02010b41cdec/antenna/tag/e2806894000040038662114f, 91
1652716606.027982, sdrt-health/mac:02010b41cdec/antenna/tag/e2806894000040038662114f, 91
1652716606.072223, sdrt-health/mac:02010b41cdec/antenna/tag/e2806894000040038662054f, 94
1652716606.117407, sdrt-health/mac:02010b41cdec/antenna/tag/e28068940000400386621d4f, 96
1652716606.188318, sdrt-health/mac:02010b41cdec/antenna/tag/e28068940000400386621d4f, 96
1652716606.188848, sdrt-health/mac:02010b41cdec/antenna/tag/e2806894000050038661fd4f, 83
1652716606.214324, sdrt-health/mac:02010b41cdec/antenna/tag/e2806894000050038662194f, 93
1652716606.278087, sdrt-health/mac:02010b41cdec/antenna/tag/e2806894000050038662194f, 93
1652716606.278522, sdrt-health/mac:02010b41cdec/antenna/tag/e2806894000040038662054f, 82
1652716606.306346, sdrt-health/mac:02010b41cdec/antenna/tag/e28068940000400386621d4f, 96
1652716606.306914, sdrt-health/mac:02010b41cdec/antenna/tag/e2806894000050038662154f, 88
1652716606.36727, sdrt-health/mac:02010b41cdec/antenna/tag/e2806894000050038661fd4f, 86
1652716606.441476, sdrt-health/mac:02010b41cdec/antenna/tag/e28068940000400386621d4f, 96
1652716606.442016, sdrt-health/mac:02010b41cdec/antenna/tag/e2806894000040038662214f, 88
1652716606.465278, sdrt-health/mac:02010b41cdec/antenna/tag/e2806894000040038661f94f, 82
1652716606.465981, sdrt-health/mac:02010b41cdec/antenna/tag/e2806894000040038662214f, 81
1652716606.485233, sdrt-health/mac:02010b41cdec/antenna/tag/e28068940000400386621d4f, 77
1652716606.505362, sdrt-health/mac:02010b41cdec/antenna/tag/e2806894000040038662214f, 82
1652716606.558061, sdrt-health/mac:02010b41cdec/antenna/tag/e28068940000400386621d4f, 96
1652716606.638677, sdrt-health/mac:02010b41cdec/antenna/tag/e28068940000400386621d4f, 96
1652716606.639132, sdrt-health/mac:02010b41cdec/antenna/tag/e2806894000050038662194f, 83
1652716606.678679, sdrt-health/mac:02010b41cdec/antenna/tag/e28068940000400386621d4f, 96
1652716606.726052, sdrt-health/mac:02010b41cdec/antenna/tag/e2806894000050038662194f, 93
1652716606.776054, sdrt-health/mac:02010b41cdec/antenna/tag/e2806894000050038662154f, 88
1652716606.838104, sdrt-health/mac:02010b41cdec/antenna/tag/e2806894000040038662114f, 91
1652716606.838389, sdrt-health/mac:02010b41cdec/antenna/tag/e2806894000040038662114f, 91
1652716606.85231, sdrt-health/mac:02010b41cdec/antenna/tag/e28068940000400386621d4f, 96
1652716606.87526, sdrt-health/mac:02010b41cdec/antenna/tag/e28068940000400386621d4f, 96
1652716606.94306, sdrt-health/mac:02010b41cdec/antenna/tag/e2806894000040038662114f, 88
1652716607.016358, sdrt-health/mac:02010b41cdec/antenna/tag/e2806894000050038662194f, 84
1652716607.016829, sdrt-health/mac:02010b41cdec/antenna/tag/e2806894000050038662154f, 91
1652716607.032702, sdrt-health/mac:02010b41cdec/antenna/tag/e2806894000050038661fd4f, 90
1652716607.043994, sdrt-health/mac:02010b41cdec/antenna/tag/e2806894000050038662154f, 88
1652716607.047852, sdrt-health/mac:02010b41cdec/antenna/tag/e2806894000050038662154f, 88
1652716607.086228, sdrt-health/mac:02010b41cdec/antenna/tag/e28068940000400386621d4f, 96
1652716607.149782, sdrt-health/mac:02010b41cdec/antenna/tag/e2806894000050038662194f, 87
1652716607.150295, sdrt-health/mac:02010b41cdec/antenna/tag/e2806894000050038662154f, 91
1652716607.192746, sdrt-health/mac:02010b41cdec/antenna/tag/e28068940000400386621d4f, 96
1652716607.238435, sdrt-health/mac:02010b41cdec/antenna/tag/e2806894000050038661fd4f, 86
1652716607.300665, sdrt-health/mac:02010b41cdec/antenna/tag/e2806894000050038662154f, 88
1652716607.30114, sdrt-health/mac:02010b41cdec/antenna/tag/e2806894000050038661fd4f, 86
1652716607.314729, sdrt-health/mac:02010b41cdec/antenna/tag/e2806894000050038661fd4f, 86
1652716607.344192, sdrt-health/mac:02010b41cdec/antenna/tag/e2806894000050038661fd4f, 83
1652716607.412006, sdrt-health/mac:02010b41cdec/antenna/tag/e2806894000040038662054f, 81
1652716607.412468, sdrt-health/mac:02010b41cdec/antenna/tag/e2806894000040038662114f, 88
1652716607.426399, sdrt-health/mac:02010b41cdec/antenna/tag/e2806894000050038662154f, 85
1652716607.444063, sdrt-health/mac:02010b41cdec/antenna/tag/e2806894000040038662114f, 88
1652716607.50181, sdrt-health/mac:02010b41cdec/antenna/tag/e28068940000400386621d4f, 96
1652716607.502276, sdrt-health/mac:02010b41cdec/antenna/tag/e2806894000050038662194f, 81
1652716607.52223, sdrt-health/mac:02010b41cdec/antenna/tag/e2806894000040038662114f, 85
1652716607.522685, sdrt-health/mac:02010b41cdec/antenna/tag/e2806894000050038661fd4f, 86
1652716607.523179, sdrt-health/mac:02010b41cdec/antenna/tag/e2806894000050038662154f, 88
1652716607.534959, sdrt-health/mac:02010b41cdec/antenna/tag/e2806894000050038662194f, 81
1652716607.573009, sdrt-health/mac:02010b41cdec/antenna/tag/e2806894000040038662054f, 81
1652716607.630508, sdrt-health/mac:02010b41cdec/antenna/tag/e2806894000050038662194f, 93
1652716607.631128, sdrt-health/mac:02010b41cdec/antenna/tag/e28068940000400386621d4f, 96
1652716607.664296, sdrt-health/mac:02010b41cdec/antenna/tag/e2806894000040038662114f, 97
1652716607.718321, sdrt-health/mac:02010b41cdec/antenna/tag/e2806894000050038662154f, 91
1652716607.718717, sdrt-health/mac:02010b41cdec/antenna/tag/e2806894000050038661fd4f, 86
1652716607.74439, sdrt-health/mac:02010b41cdec/antenna/tag/e28068940000400386621d4f, 96
1652716607.811735, sdrt-health/mac:02010b41cdec/antenna/tag/e2806894000040038662054f, 81
1652716607.812252, sdrt-health/mac:02010b41cdec/antenna/tag/e2806894000050038661fd4f, 86
1652716607.844567, sdrt-health/mac:02010b41cdec/antenna/tag/e2806894000050038661fd4f, 83
1652716607.928544, sdrt-health/mac:02010b41cdec/antenna/tag/e28068940000500386620d4f, 84
1652716607.92908, sdrt-health/mac:02010b41cdec/antenna/tag/e2806894000040038661f94f, 81
1652716607.957034, sdrt-health/mac:02010b41cdec/antenna/tag/e2806894000040038661f94f, 81
1652716608.047748, sdrt-health/mac:02010b41cdec/antenna/tag/e2806894000050038662194f, 87
1652716608.140761, sdrt-health/mac:02010b41cdec/antenna/tag/e2806894000050038661fd4f, 90
1652716608.141305, sdrt-health/mac:02010b41cdec/antenna/tag/e2806894000050038662194f, 87
1652716608.155786, sdrt-health/mac:02010b41cdec/antenna/tag/e2806894000050038662154f, 91
1652716608.206288, sdrt-health/mac:02010b41cdec/antenna/tag/e28068940000400386621d4f, 77
1652716608.238219, sdrt-health/mac:02010b41cdec/antenna/tag/e2806894000050038662194f, 83
1652716608.238734, sdrt-health/mac:02010b41cdec/antenna/tag/e2806894000040038662114f, 91
1652716608.23921, sdrt-health/mac:02010b41cdec/antenna/tag/e2806894000050038662154f, 91
1652716608.255594, sdrt-health/mac:02010b41cdec/antenna/tag/e28068940000400386621d4f, 96
1652716608.286779, sdrt-health/mac:02010b41cdec/antenna/tag/e28068940000400386621d4f, 77
1652716608.287145, sdrt-health/mac:02010b41cdec/antenna/tag/e2806894000040038662054f, 81
1652716608.304334, sdrt-health/mac:02010b41cdec/antenna/tag/e2806894000040038662214f, 87
1652716608.366562, sdrt-health/mac:02010b41cdec/antenna/tag/e2806894000050038662194f, 94
1652716608.423281, sdrt-health/mac:02010b41cdec/antenna/tag/e28068940000400386621d4f, 96
1652716608.423626, sdrt-health/mac:02010b41cdec/antenna/tag/e2806894000040038662114f, 91
1652716608.437658, sdrt-health/mac:02010b41cdec/antenna/tag/e2806894000050038662154f, 97
1652716608.437895, sdrt-health/mac:02010b41cdec/antenna/tag/e2806894000040038662114f, 91
1652716608.438047, sdrt-health/mac:02010b41cdec/antenna/tag/e2806894000050038661fd4f, 86
1652716608.463702, sdrt-health/mac:02010b41cdec/antenna/tag/e2806894000040038662114f, 88
1652716608.520353, sdrt-health/mac:02010b41cdec/antenna/tag/e2806894000040038662114f, 88
1652716608.597018, sdrt-health/mac:02010b41cdec/antenna/tag/e2806894000040038661f94f, 87
1652716608.597478, sdrt-health/mac:02010b41cdec/antenna/tag/e2806894000040038661f94f, 81
1652716608.61221, sdrt-health/mac:02010b41cdec/antenna/tag/e2806894000050038662194f, 83
1652716608.641587, sdrt-health/mac:02010b41cdec/antenna/tag/e28068940000400386621d4f, 96
1652716608.641877, sdrt-health/mac:02010b41cdec/antenna/tag/e2806894000050038661fd4f, 90
1652716608.787008, sdrt-health/mac:02010b41cdec/antenna/tag/e2806894000050038662154f, 88
1652716608.837742, sdrt-health/mac:02010b41cdec/antenna/tag/e2806894000040038662214f, 88
1652716608.885683, sdrt-health/mac:02010b41cdec/antenna/tag/e2806894000040038662114f, 91
1652716608.972277, sdrt-health/mac:02010b41cdec/antenna/tag/e2806894000050038662194f, 87
1652716609.025237, sdrt-health/mac:02010b41cdec/antenna/tag/e2806894000050038662154f, 88
1652716609.077881, sdrt-health/mac:02010b41cdec/antenna/tag/e2806894000040038662054f, 84
1652716609.106638, sdrt-health/mac:02010b41cdec/antenna/tag/e2806894000040038662054f, 88
1652716609.107012, sdrt-health/mac:02010b41cdec/antenna/tag/e2806894000040038662054f, 94
1652716609.123257, sdrt-health/mac:02010b41cdec/antenna/tag/e2806894000050038662194f, 87
1652716609.188369, sdrt-health/mac:02010b41cdec/antenna/tag/e2806894000040038662114f, 91
1652716609.188902, sdrt-health/mac:02010b41cdec/antenna/tag/e2806894000040038662114f, 91
1652716609.211669, sdrt-health/mac:02010b41cdec/antenna/tag/e2806894000040038662214f, 88
1652716609.33449, sdrt-health/mac:02010b41cdec/antenna/tag/e2806894000040038661f94f, 88
1652716609.33496, sdrt-health/mac:02010b41cdec/antenna/tag/e2806894000050038662154f, 85
1652716609.401467, sdrt-health/mac:02010b41cdec/antenna/tag/e2806894000050038662154f, 85
1652716609.402058, sdrt-health/mac:02010b41cdec/antenna/tag/e2806894000040038662114f, 88
1652716609.487893, sdrt-health/mac:02010b41cdec/antenna/tag/e2806894000050038661fd4f, 86
1652716609.573836, sdrt-health/mac:02010b41cdec/antenna/tag/e2806894000040038662114f, 91
1652716609.574296, sdrt-health/mac:02010b41cdec/antenna/tag/e2806894000040038662114f, 88
1652716609.589652, sdrt-health/mac:02010b41cdec/antenna/tag/e2806894000040038662114f, 91
1652716609.637636, sdrt-health/mac:02010b41cdec/antenna/tag/e2806894000050038662194f, 83
1652716609.718571, sdrt-health/mac:02010b41cdec/antenna/tag/e2806894000050038662154f, 91
1652716609.719063, sdrt-health/mac:02010b41cdec/antenna/tag/e28068940000400386621d4f, 96
1652716609.73383, sdrt-health/mac:02010b41cdec/antenna/tag/e2806894000040038662114f, 83
1652716609.734462, sdrt-health/mac:02010b41cdec/antenna/tag/e2806894000050038662194f, 87
1652716609.734778, sdrt-health/mac:02010b41cdec/antenna/tag/e28068940000400386621d4f, 96
1652716609.753546, sdrt-health/mac:02010b41cdec/antenna/tag/e2806894000050038661fd4f, 86
1652716609.830659, sdrt-health/mac:02010b41cdec/antenna/tag/e2806894000050038661fd4f, 86
1652716609.831124, sdrt-health/mac:02010b41cdec/antenna/tag/e2806894000040038662114f, 91
1652716609.858681, sdrt-health/mac:02010b41cdec/antenna/tag/e2806894000050038661fd4f, 83
1652716609.859495, sdrt-health/mac:02010b41cdec/antenna/tag/e28068940000400386621d4f, 77
1652716609.905851, sdrt-health/mac:02010b41cdec/antenna/tag/e2806894000050038662154f, 88
1652716609.946316, sdrt-health/mac:02010b41cdec/antenna/tag/e2806894000040038662054f, 110
1652716609.946777, sdrt-health/mac:02010b41cdec/antenna/tag/e2806894000050038662194f, 93
1652716609.984839, sdrt-health/mac:02010b41cdec/antenna/tag/e2806894000050038662194f, 87
1652716610.03673, sdrt-health/mac:02010b41cdec/antenna/tag/e2806894000050038662194f, 81
1652716610.085767, sdrt-health/mac:02010b41cdec/antenna/tag/e2806894000050038662014f, 110
1652716610.086537, sdrt-health/mac:02010b41cdec/antenna/tag/e2806894000050038662154f, 91
1652716610.142322, sdrt-health/mac:02010b41cdec/antenna/tag/e28068940000400386621d4f, 96
1652716610.214513, sdrt-health/mac:02010b41cdec/antenna/tag/e2806894000040038662054f, 81
1652716610.254697, sdrt-health/mac:02010b41cdec/antenna/tag/e2806894000050038661fd4f, 83
1652716610.32655, sdrt-health/mac:02010b41cdec/antenna/tag/e2806894000050038662154f, 88
1652716610.327114, sdrt-health/mac:02010b41cdec/antenna/tag/e28068940000400386621d4f, 96
1652716610.382186, sdrt-health/mac:02010b41cdec/antenna/tag/e2806894000040038662114f, 88
1652716610.453979, sdrt-health/mac:02010b41cdec/antenna/tag/e2806894000040038662054f, 88
1652716610.517322, sdrt-health/mac:02010b41cdec/antenna/tag/e2806894000050038661fd4f, 83
1652716610.572555, sdrt-health/mac:02010b41cdec/antenna/tag/e2806894000040038662054f, 84
1652716610.650262, sdrt-health/mac:02010b41cdec/antenna/tag/e28068940000400386621d4f, 77
1652716610.65081, sdrt-health/mac:02010b41cdec/antenna/tag/e2806894000050038661fd4f, 83
1652716610.685257, sdrt-health/mac:02010b41cdec/antenna/tag/e2806894000050038662154f, 85
1652716610.686329, sdrt-health/mac:02010b41cdec/antenna/tag/e2806894000040038662054f, 81
1652716610.735434, sdrt-health/mac:02010b41cdec/antenna/tag/e28068940000400386621d4f, 96
1652716610.801999, sdrt-health/mac:02010b41cdec/antenna/tag/e28068940000400386621d4f, 77
1652716610.802685, sdrt-health/mac:02010b41cdec/antenna/state, connected
1652716610.817707, sdrt-health/mac:02010b41cdec/fw, {"version":"1.8.1","model":"200","hash":"2f556501b58f1dad542af428d7928d18","timestamp":1652716607}
1652716610.818298, sdrt-health/mac:02010b41cdec/antenna/tag/e2806894000050038662194f, 87
1652716610.855066, sdrt-health/mac:02010b41cdec/antenna/tag/e2806894000050038662194f, 85
1652716610.906959, sdrt-health/mac:02010b41cdec/antenna/tag/e28068940000400386621d4f, 77
1652716610.989291, sdrt-health/mac:02010b41cdec/antenna/tag/e2806894000050038662154f, 91
1652716610.989806, sdrt-health/mac:02010b41cdec/antenna/tag/e2806894000040038662114f, 91
1652716611.027927, sdrt-health/mac:02010b41cdec/antenna/tag/e2806894000050038662194f, 93
1652716611.060683, sdrt-health/mac:02010b41cdec/antenna/tag/e2806894000040038661f94f, 84
1652716611.060963, sdrt-health/mac:02010b41cdec/antenna/tag/e28068940000400386621d4f, 77
1652716611.108622, sdrt-health/mac:02010b41cdec/antenna/tag/e2806894000050038662154f, 91
1652716611.171498, sdrt-health/mac:02010b41cdec/antenna/tag/e28068940000400386621d4f, 96
1652716611.217256, sdrt-health/mac:02010b41cdec/antenna/tag/e2806894000050038662194f, 88
1652716611.217692, sdrt-health/mac:02010b41cdec/antenna/version, 
1652716611.28922, sdrt-health/mac:02010b41cdec/antenna/tag/e2806894000040038662054f, 88
1652716611.290298, sdrt-health/mac:02010b41cdec/antenna/tag/e2806894000050038661fd4f, 86
1652716611.38279, sdrt-health/mac:02010b41cdec/antenna/tag/e2806894000050038662194f, 83
1652716611.450692, sdrt-health/mac:02010b41cdec/antenna/tag/e2806894000040038662054f, 94
1652716611.520419, sdrt-health/mac:02010b41cdec/antenna/tag/e2806894000040038662114f, 88
1652716611.520903, sdrt-health/mac:02010b41cdec/antenna/tag/e2806894000050038661fd4f, 83
1652716611.521243, sdrt-health/mac:02010b41cdec/antenna/tag/e2806894000050038662194f, 81
1652716611.575064, sdrt-health/mac:02010b41cdec/antenna/tag/e2806894000050038662194f, 94
1652716611.575599, sdrt-health/mac:02010b41cdec/antenna/tag/e2806894000040038662054f, 94
1652716611.590846, sdrt-health/mac:02010b41cdec/antenna/tag/e2806894000040038661f94f, 81
1652716611.638364, sdrt-health/mac:02010b41cdec/antenna/tag/e28068940000400386621d4f, 96
1652716611.710568, sdrt-health/mac:02010b41cdec/antenna/tag/e2806894000040038662114f, 97
1652716611.711096, sdrt-health/mac:02010b41cdec/antenna/tag/e2806894000050038661fd4f, 86
1652716611.711476, sdrt-health/mac:02010b41cdec/antenna/tag/e2806894000040038662114f, 91
1652716611.760913, sdrt-health/mac:02010b41cdec/antenna/tag/e2806894000050038661fd4f, 86
1652716611.823998, sdrt-health/mac:02010b41cdec/antenna/tag/e2806894000050038662154f, 88
1652716611.853482, sdrt-health/mac:02010b41cdec/antenna/tag/e2806894000040038662114f, 88
1652716611.853908, sdrt-health/mac:02010b41cdec/antenna/tag/e2806894000040038661f94f, 88
1652716611.86764, sdrt-health/mac:02010b41cdec/antenna/tag/e2806894000040038662114f, 88
1652716611.915958, sdrt-health/mac:02010b41cdec/antenna/tag/e2806894000050038662154f, 85
1652716611.975057, sdrt-health/mac:02010b41cdec/antenna/tag/e2806894000040038662114f, 91
1652716612.003834, sdrt-health/mac:02010b41cdec/antenna/tag/e2806894000050038662154f, 88
1652716612.004348, sdrt-health/mac:02010b41cdec/antenna/tag/e2806894000040038662214f, 83
1652716612.017742, sdrt-health/mac:02010b41cdec/antenna/tag/e2806894000040038662114f, 91
1652716612.065904, sdrt-health/mac:02010b41cdec/antenna/tag/e2806894000040038661f94f, 82
1652716612.117465, sdrt-health/mac:02010b41cdec/antenna/tag/e2806894000050038661fd4f, 86
1652716612.16588, sdrt-health/mac:02010b41cdec/antenna/tag/e2806894000050038662194f, 83
1652716612.232645, sdrt-health/mac:02010b41cdec/antenna/tag/e2806894000050038662154f, 88
1652716612.233159, sdrt-health/mac:02010b41cdec/antenna/tag/e2806894000050038662154f, 91
1652716612.247036, sdrt-health/mac:02010b41cdec/antenna/tag/e28068940000400386621d4f, 96
1652716612.24789, sdrt-health/mac:02010b41cdec/antenna/tag/e2806894000040038662114f, 91
1652716612.255277, sdrt-health/mac:02010b41cdec/antenna/tag/e2806894000050038662194f, 87
1652716612.29219, sdrt-health/mac:02010b41cdec/antenna/tag/e2806894000040038662214f, 94
1652716612.349417, sdrt-health/mac:02010b41cdec/antenna/tag/e2806894000050038662154f, 88
1652716612.349912, sdrt-health/mac:02010b41cdec/antenna/tag/e2806894000050038662194f, 87
1652716612.385816, sdrt-health/mac:02010b41cdec/antenna/tag/e2806894000050038661fd4f, 90
1652716612.425863, sdrt-health/mac:02010b41cdec/antenna/tag/e2806894000040038662054f, 82
1652716612.493094, sdrt-health/mac:02010b41cdec/antenna/tag/e2806894000050038661fd4f, 86
1652716612.493627, sdrt-health/mac:02010b41cdec/antenna/tag/e2806894000040038662114f, 91
1652716612.518681, sdrt-health/mac:02010b41cdec/antenna/tag/e2806894000040038662054f, 94
1652716612.567127, sdrt-health/mac:02010b41cdec/antenna/tag/e28068940000400386621d4f, 96
1652716612.594695, sdrt-health/mac:02010b41cdec/antenna/tag/e2806894000050038661fd4f, 86
1652716612.594964, sdrt-health/mac:02010b41cdec/antenna/tag/e28068940000400386621d4f, 96
1652716612.622914, sdrt-health/mac:02010b41cdec/antenna/tag/e2806894000040038662054f, 94
1652716612.678986, sdrt-health/mac:02010b41cdec/antenna/tag/e2806894000050038662154f, 91
1652716612.679455, sdrt-health/mac:02010b41cdec/antenna/tag/e2806894000050038661fd4f, 86
1652716612.69341, sdrt-health/mac:02010b41cdec/antenna/tag/e2806894000050038662194f, 87
1652716612.712843, sdrt-health/mac:02010b41cdec/antenna/tag/e2806894000050038662154f, 91
1652716612.774609, sdrt-health/mac:02010b41cdec/antenna/tag/e2806894000050038662194f, 85
1652716612.843121, sdrt-health/mac:02010b41cdec/antenna/tag/e2806894000040038662114f, 88
1652716612.903766, sdrt-health/mac:02010b41cdec/antenna/tag/e2806894000050038661fd4f, 86
1652716612.904368, sdrt-health/mac:02010b41cdec/antenna/tag/e2806894000050038661fd4f, 90
1652716612.918028, sdrt-health/mac:02010b41cdec/antenna/tag/e2806894000050038662154f, 91
1652716612.971055, sdrt-health/mac:02010b41cdec/antenna/tag/e2806894000040038662054f, 88
1652716613.002489, sdrt-health/mac:02010b41cdec/antenna/tag/e2806894000040038662114f, 91
1652716613.002983, sdrt-health/mac:02010b41cdec/antenna/tag/e2806894000040038662214f, 88
1652716613.003288, sdrt-health/mac:02010b41cdec/antenna/tag/e2806894000040038661f94f, 88
1652716613.017518, sdrt-health/mac:02010b41cdec/antenna/tag/e2806894000040038662214f, 94
1652716613.128853, sdrt-health/mac:02010b41cdec/antenna/tag/e2806894000050038662154f, 91
1652716613.186149, sdrt-health/mac:02010b41cdec/antenna/tag/e2806894000050038662154f, 97
1652716613.187035, sdrt-health/mac:02010b41cdec/antenna/tag/e2806894000050038662194f, 83
1652716613.203799, sdrt-health/mac:02010b41cdec/antenna/tag/e2806894000050038661fd4f, 86
1652716613.204054, sdrt-health/mac:02010b41cdec/antenna/tag/e2806894000050038661fd4f, 86
1652716613.238924, sdrt-health/mac:02010b41cdec/antenna/tag/e2806894000050038662194f, 85
1652716613.271974, sdrt-health/mac:02010b41cdec/antenna/tag/e2806894000040038662114f, 91
1652716613.272496, sdrt-health/mac:02010b41cdec/antenna/tag/e2806894000050038662154f, 91
1652716613.272861, sdrt-health/mac:02010b41cdec/antenna/tag/e2806894000050038662154f, 91
1652716613.287886, sdrt-health/mac:02010b41cdec/antenna/tag/e2806894000050038661fd4f, 83
1652716613.335408, sdrt-health/mac:02010b41cdec/antenna/tag/e2806894000050038662194f, 81
1652716613.436089, sdrt-health/mac:02010b41cdec/antenna/tag/e2806894000050038661fd4f, 90
1652716613.436586, sdrt-health/mac:02010b41cdec/antenna/tag/e2806894000050038662154f, 91
1652716613.450313, sdrt-health/mac:02010b41cdec/antenna/tag/e2806894000050038661fd4f, 86
1652716613.487307, sdrt-health/mac:02010b41cdec/antenna/tag/e2806894000050038662194f, 81
1652716613.517635, sdrt-health/mac:02010b41cdec/antenna/tag/e2806894000040038661f94f, 83
1652716613.517915, sdrt-health/mac:02010b41cdec/antenna/tag/e2806894000050038661fd4f, 86
1652716613.518147, sdrt-health/mac:02010b41cdec/antenna/tag/e2806894000050038662194f, 83
1652716613.535525, sdrt-health/mac:02010b41cdec/antenna/tag/e2806894000050038662154f, 91
1652716613.606097, sdrt-health/mac:02010b41cdec/antenna/tag/e2806894000050038662194f, 81
1652716613.672641, sdrt-health/mac:02010b41cdec/antenna/tag/e2806894000050038661fd4f, 86
1652716613.673254, sdrt-health/mac:02010b41cdec/antenna/tag/e2806894000050038661fd4f, 90
1652716613.687814, sdrt-health/mac:02010b41cdec/antenna/tag/e2806894000050038662194f, 83
1652716613.924889, sdrt-health/mac:02010b41cdec/antenna/tag/e2806894000040038661f94f, 88
1652716613.975173, sdrt-health/mac:02010b41cdec/antenna/tag/e2806894000050038661fd4f, 86
1652716614.000145, sdrt-health/mac:02010b41cdec/antenna/tag/e28068940000400386621d4f, 96
1652716614.02735, sdrt-health/mac:02010b41cdec/antenna/tag/e2806894000050038662154f, 91
1652716614.027634, sdrt-health/mac:02010b41cdec/antenna/tag/e2806894000040038662114f, 88
1652716614.027864, sdrt-health/mac:02010b41cdec/antenna/tag/e2806894000040038662214f, 81
1652716614.028122, sdrt-health/mac:02010b41cdec/antenna/tag/e2806894000040038662054f, 94
1652716614.028334, sdrt-health/mac:02010b41cdec/antenna/tag/e2806894000050038662154f, 85
1652716614.028509, sdrt-health/mac:02010b41cdec/antenna/tag/e2806894000040038662114f, 91
1652716614.028681, sdrt-health/mac:02010b41cdec/antenna/tag/e2806894000040038662214f, 83
1652716614.028852, sdrt-health/mac:02010b41cdec/antenna/tag/e2806894000040038662054f, 82
1652716614.029023, sdrt-health/mac:02010b41cdec/antenna/tag/e2806894000040038661f94f, 88
1652716614.029316, sdrt-health/mac:02010b41cdec/antenna/tag/e28068940000400386621d4f, 96
1652716614.055973, sdrt-health/mac:02010b41cdec/antenna/tag/e2806894000050038662014f, 84
1652716614.288266, sdrt-health/mac:02010b41cdec/antenna/tag/e2806894000050038662194f, 88
1652716614.444723, sdrt-health/mac:02010b41cdec/antenna/tag/e2806894000050038661fd4f, 86
1652716614.479676, sdrt-health/mac:02010b41cdec/antenna/tag/e2806894000040038662054f, 84
1652716614.47993, sdrt-health/mac:02010b41cdec/antenna/tag/e2806894000050038661fd4f, 86
1652716614.480061, sdrt-health/mac:02010b41cdec/antenna/tag/e2806894000040038662054f, 84
1652716614.480172, sdrt-health/mac:02010b41cdec/antenna/tag/e2806894000050038662154f, 88
1652716614.537403, sdrt-health/mac:02010b41cdec/antenna/tag/e2806894000050038661fd4f, 86
1652716614.568774, sdrt-health/mac:02010b41cdec/antenna/tag/e2806894000050038662194f, 93
1652716614.569257, sdrt-health/mac:02010b41cdec/antenna/tag/e28068940000500386620d4f, 84
1652716614.569634, sdrt-health/mac:02010b41cdec/antenna/tag/e2806894000050038661fd4f, 83
1652716614.570125, sdrt-health/mac:02010b41cdec/antenna/tag/e2806894000050038662194f, 81
1652716614.570622, sdrt-health/mac:02010b41cdec/antenna/tag/e2806894000040038661f94f, 84
1652716614.571208, sdrt-health/mac:02010b41cdec/antenna/tag/e2806894000040038662214f, 94
1652716614.571657, sdrt-health/mac:02010b41cdec/antenna/tag/e2806894000050038661fd4f, 86
1652716614.5836, sdrt-health/mac:02010b41cdec/antenna/tag/e2806894000050038662194f, 87
1652716614.58382, sdrt-health/mac:02010b41cdec/antenna/tag/e2806894000050038662154f, 91
1652716614.644201, sdrt-health/mac:02010b41cdec/antenna/tag/e28068940000400386621d4f, 77
1652716614.701667, sdrt-health/mac:02010b41cdec/antenna/tag/e2806894000040038662114f, 88
1652716614.765091, sdrt-health/mac:02010b41cdec/antenna/tag/e2806894000040038662114f, 88
1652716614.765391, sdrt-health/mac:02010b41cdec/antenna/tag/e28068940000400386621d4f, 77
1652716614.779336, sdrt-health/mac:02010b41cdec/antenna/tag/e2806894000050038662154f, 85
1652716614.78456, sdrt-health/mac:02010b41cdec/antenna/tag/e2806894000040038661f94f, 84
1652716614.794094, sdrt-health/mac:02010b41cdec/antenna/tag/e28068940000400386621d4f, 77
1652716614.827074, sdrt-health/mac:02010b41cdec/antenna/tag/e2806894000050038661fd4f, 83
1652716614.873578, sdrt-health/mac:02010b41cdec/antenna/tag/e2806894000050038662194f, 83
1652716614.917694, sdrt-health/mac:02010b41cdec/antenna/tag/e2806894000050038662154f, 97
1652716614.973465, sdrt-health/mac:02010b41cdec/antenna/tag/e2806894000050038662194f, 83
1652716615.015686, sdrt-health/mac:02010b41cdec/antenna/tag/e2806894000050038662194f, 87
1652716615.099514, sdrt-health/mac:02010b41cdec/antenna/tag/e2806894000040038662114f, 97
1652716615.099985, sdrt-health/mac:02010b41cdec/antenna/tag/e28068940000400386621d4f, 77
1652716615.100355, sdrt-health/mac:02010b41cdec/antenna/tag/e2806894000050038662194f, 83
1652716615.11535, sdrt-health/mac:02010b41cdec/antenna/tag/e2806894000050038662154f, 91
1652716615.124395, sdrt-health/mac:02010b41cdec/antenna/tag/e28068940000400386621d4f, 96
1652716615.128581, sdrt-health/mac:02010b41cdec/antenna/tag/e2806894000040038661f94f, 83
1652716615.201717, sdrt-health/mac:02010b41cdec/antenna/tag/e2806894000050038662154f, 88
1652716615.268934, sdrt-health/mac:02010b41cdec/antenna/tag/e2806894000050038662194f, 83
1652716615.269607, sdrt-health/mac:02010b41cdec/antenna/tag/e2806894000050038662194f, 93
1652716615.270112, sdrt-health/mac:02010b41cdec/antenna/tag/e2806894000050038661fd4f, 90
1652716615.28451, sdrt-health/mac:02010b41cdec/antenna/tag/e2806894000040038662214f, 81
1652716615.305091, sdrt-health/mac:02010b41cdec/antenna/tag/e2806894000040038662114f, 88
1652716615.305571, sdrt-health/mac:02010b41cdec/antenna/tag/e2806894000050038661fd4f, 83
1652716615.321226, sdrt-health/mac:02010b41cdec/antenna/tag/e2806894000050038662194f, 87
1652716615.388427, sdrt-health/mac:02010b41cdec/antenna/tag/e2806894000050038662194f, 81
1652716615.44545, sdrt-health/mac:02010b41cdec/antenna/tag/e2806894000050038662194f, 87
1652716615.446392, sdrt-health/mac:02010b41cdec/antenna/tag/e2806894000040038662054f, 81
1652716615.506992, sdrt-health/mac:02010b41cdec/antenna/tag/e2806894000050038662154f, 91
1652716615.565096, sdrt-health/mac:02010b41cdec/antenna/tag/e2806894000050038662194f, 81
1652716615.615063, sdrt-health/mac:02010b41cdec/antenna/tag/e28068940000400386621d4f, 96
1652716615.673609, sdrt-health/mac:02010b41cdec/antenna/tag/e2806894000040038662054f, 94
1652716615.727217, sdrt-health/mac:02010b41cdec/antenna/tag/e2806894000050038661fd4f, 83
1652716615.756126, sdrt-health/mac:02010b41cdec/antenna/tag/e2806894000040038661f94f, 82
1652716615.756555, sdrt-health/mac:02010b41cdec/antenna/tag/e2806894000050038662154f, 88
1652716615.756819, sdrt-health/mac:02010b41cdec/antenna/tag/e2806894000040038662114f, 88
1652716615.777241, sdrt-health/mac:02010b41cdec/antenna/tag/e2806894000040038661f94f, 81
1652716615.777912, sdrt-health/mac:02010b41cdec/antenna/tag/e2806894000040038662214f, 81
1652716615.83522, sdrt-health/mac:02010b41cdec/antenna/tag/e2806894000050038661fd4f, 83
1652716615.907029, sdrt-health/mac:02010b41cdec/antenna/tag/e28068940000400386621d4f, 77
1652716615.90748, sdrt-health/mac:02010b41cdec/antenna/tag/e2806894000040038662114f, 88
1652716615.977722, sdrt-health/mac:02010b41cdec/antenna/tag/e2806894000050038662154f, 97
1652716616.02161, sdrt-health/mac:02010b41cdec/antenna/tag/e28068940000400386621d4f, 77
1652716616.022116, sdrt-health/mac:02010b41cdec/antenna/tag/e2806894000050038662194f, 81
1652716616.277338, sdrt-health/mac:02010b41cdec/antenna/tag/e2806894000050038661fd4f, 86
1652716616.30668, sdrt-health/mac:02010b41cdec/antenna/tag/e2806894000050038662194f, 81
1652716616.307262, sdrt-health/mac:02010b41cdec/antenna/tag/e2806894000050038662194f, 81
1652716616.307598, sdrt-health/mac:02010b41cdec/antenna/tag/e2806894000050038661fd4f, 90
1652716616.307889, sdrt-health/mac:02010b41cdec/antenna/tag/e2806894000040038661f94f, 81
1652716616.385093, sdrt-health/mac:02010b41cdec/antenna/tag/e2806894000040038662114f, 91
1652716616.385614, sdrt-health/mac:02010b41cdec/antenna/tag/e2806894000050038662154f, 91
1652716616.404378, sdrt-health/mac:02010b41cdec/antenna/tag/e2806894000050038662194f, 93
1652716616.404971, sdrt-health/mac:02010b41cdec/antenna/tag/e2806894000050038661fd4f, 86
1652716616.405328, sdrt-health/mac:02010b41cdec/antenna/tag/e2806894000050038662154f, 91
1652716616.405686, sdrt-health/mac:02010b41cdec/antenna/tag/e28068940000400386621d4f, 96
1652716616.40605, sdrt-health/mac:02010b41cdec/antenna/tag/e28068940000400386621d4f, 77
1652716616.406451, sdrt-health/mac:02010b41cdec/antenna/tag/e2806894000040038662114f, 88
1652716616.407074, sdrt-health/mac:02010b41cdec/antenna/tag/e2806894000040038661f94f, 94
1652716616.407572, sdrt-health/mac:02010b41cdec/antenna/tag/e2806894000050038661fd4f, 83
1652716616.425773, sdrt-health/mac:02010b41cdec/antenna/tag/e2806894000040038662054f, 81
1652716616.486733, sdrt-health/mac:02010b41cdec/antenna/tag/e28068940000400386621d4f, 90
1652716616.56176, sdrt-health/mac:02010b41cdec/antenna/tag/e2806894000050038662154f, 91
1652716616.701338, sdrt-health/mac:02010b41cdec/antenna/tag/e2806894000050038661fd4f, 86
1652716616.730305, sdrt-health/mac:02010b41cdec/antenna/tag/e2806894000050038662154f, 97
1652716616.730589, sdrt-health/mac:02010b41cdec/antenna/tag/e2806894000050038661fd4f, 86
1652716616.769819, sdrt-health/mac:02010b41cdec/antenna/tag/e2806894000050038661fd4f, 83
1652716616.802089, sdrt-health/mac:02010b41cdec/antenna/tag/e2806894000040038662054f, 88
1652716616.802719, sdrt-health/mac:02010b41cdec/antenna/tag/e2806894000040038662054f, 84
1652716616.803164, sdrt-health/mac:02010b41cdec/antenna/tag/e2806894000040038661f94f, 88
1652716616.816718, sdrt-health/mac:02010b41cdec/antenna/tag/e28068940000400386621d4f, 96
1652716616.87554, sdrt-health/mac:02010b41cdec/antenna/tag/e2806894000050038661fd4f, 86
1652716616.943393, sdrt-health/mac:02010b41cdec/antenna/tag/e28068940000400386621d4f, 96
1652716616.943907, sdrt-health/mac:02010b41cdec/antenna/tag/e2806894000050038662154f, 88
1652716616.957222, sdrt-health/mac:02010b41cdec/antenna/tag/e2806894000050038661fd4f, 83
1652716616.97348, sdrt-health/mac:02010b41cdec/antenna/tag/e2806894000040038662114f, 88
1652716616.973747, sdrt-health/mac:02010b41cdec/antenna/tag/e2806894000040038662114f, 88
1652716617.028975, sdrt-health/mac:02010b41cdec/antenna/tag/e2806894000040038661f94f, 94
1652716617.10636, sdrt-health/mac:02010b41cdec/antenna/tag/e2806894000040038662054f, 81
1652716617.107012, sdrt-health/mac:02010b41cdec/antenna/tag/e2806894000050038662194f, 93
1652716617.123578, sdrt-health/mac:02010b41cdec/antenna/tag/e2806894000040038662114f, 91
1652716617.135362, sdrt-health/mac:02010b41cdec/antenna/tag/e2806894000050038661fd4f, 97
1652716617.144978, sdrt-health/mac:02010b41cdec/antenna/tag/e2806894000050038662194f, 83
1652716617.182678, sdrt-health/mac:02010b41cdec/antenna/tag/e2806894000040038661f94f, 81
1652716617.22455, sdrt-health/mac:02010b41cdec/antenna/tag/e28068940000400386621d4f, 77
1652716617.267392, sdrt-health/mac:02010b41cdec/antenna/tag/e2806894000050038661fd4f, 97
1652716617.375547, sdrt-health/mac:02010b41cdec/antenna/tag/e28068940000400386621d4f, 77
1652716617.376039, sdrt-health/mac:02010b41cdec/antenna/tag/e28068940000400386621d4f, 96
1652716617.447068, sdrt-health/mac:02010b41cdec/antenna/tag/e2806894000050038662154f, 91
1652716617.521236, sdrt-health/mac:02010b41cdec/antenna/tag/e2806894000040038662114f, 91
1652716617.521707, sdrt-health/mac:02010b41cdec/antenna/tag/e2806894000040038661f94f, 88
1652716617.53661, sdrt-health/mac:02010b41cdec/antenna/tag/e2806894000040038662114f, 88
1652716617.537408, sdrt-health/mac:02010b41cdec/antenna/tag/e2806894000040038661f94f, 94
1652716617.544388, sdrt-health/mac:02010b41cdec/antenna/tag/e2806894000040038662114f, 91
1652716617.584779, sdrt-health/mac:02010b41cdec/antenna/tag/e2806894000050038662154f, 97
1652716617.674671, sdrt-health/mac:02010b41cdec/antenna/tag/e28068940000400386621d4f, 96
1652716617.71732, sdrt-health/mac:02010b41cdec/antenna/tag/e2806894000050038661fd4f, 86
1652716617.772277, sdrt-health/mac:02010b41cdec/antenna/tag/e2806894000040038662114f, 83
1652716617.815367, sdrt-health/mac:02010b41cdec/antenna/tag/e28068940000400386621d4f, 96
1652716617.847194, sdrt-health/mac:02010b41cdec/antenna/tag/e2806894000040038662114f, 97
1652716617.848139, sdrt-health/mac:02010b41cdec/antenna/tag/e2806894000050038662194f, 87
1652716617.867315, sdrt-health/mac:02010b41cdec/antenna/tag/e28068940000400386621d4f, 77
1652716617.913636, sdrt-health/mac:02010b41cdec/antenna/tag/e2806894000040038661f94f, 88
1652716617.960788, sdrt-health/mac:02010b41cdec/antenna/tag/e2806894000050038662154f, 88
1652716618.012823, sdrt-health/mac:02010b41cdec/antenna/tag/e28068940000400386621d4f, 96
1652716618.072186, sdrt-health/mac:02010b41cdec/antenna/tag/e2806894000050038662194f, 83
1652716618.140801, sdrt-health/mac:02010b41cdec/antenna/tag/e28068940000400386621d4f, 96
1652716618.141267, sdrt-health/mac:02010b41cdec/antenna/tag/e2806894000050038662154f, 88
1652716618.180854, sdrt-health/mac:02010b41cdec/antenna/tag/e2806894000040038662114f, 97
1652716618.249066, sdrt-health/mac:02010b41cdec/antenna/tag/e2806894000050038661fd4f, 86
1652716618.24954, sdrt-health/mac:02010b41cdec/antenna/tag/e2806894000040038662114f, 97
1652716618.328405, sdrt-health/mac:02010b41cdec/antenna/tag/e2806894000040038662214f, 81
1652716618.388834, sdrt-health/mac:02010b41cdec/antenna/tag/e2806894000050038661fd4f, 83
1652716618.422036, sdrt-health/mac:02010b41cdec/antenna/tag/e2806894000040038662214f, 94
1652716618.42252, sdrt-health/mac:02010b41cdec/antenna/tag/e2806894000040038662214f, 82
1652716618.422822, sdrt-health/mac:02010b41cdec/antenna/tag/e2806894000050038662154f, 91
1652716618.42311, sdrt-health/mac:02010b41cdec/antenna/tag/e2806894000050038662194f, 81
1652716618.423481, sdrt-health/mac:02010b41cdec/antenna/tag/e2806894000040038661f94f, 88
1652716618.474604, sdrt-health/mac:02010b41cdec/antenna/tag/e2806894000040038662114f, 88
1652716618.545288, sdrt-health/mac:02010b41cdec/antenna/tag/e2806894000040038662214f, 82
1652716618.598693, sdrt-health/mac:02010b41cdec/antenna/tag/e2806894000040038662114f, 88
1652716618.599186, sdrt-health/mac:02010b41cdec/antenna/tag/e2806894000050038662194f, 93
1652716618.599564, sdrt-health/mac:02010b41cdec/antenna/tag/e28068940000400386621d4f, 77
1652716618.64259, sdrt-health/mac:02010b41cdec/antenna/tag/e2806894000050038662194f, 81
1652716618.687553, sdrt-health/mac:02010b41cdec/antenna/tag/e2806894000050038662154f, 91
1652716618.759953, sdrt-health/mac:02010b41cdec/antenna/tag/e2806894000050038662154f, 97
1652716618.838968, sdrt-health/mac:02010b41cdec/antenna/tag/e2806894000040038662114f, 85
1652716618.839511, sdrt-health/mac:02010b41cdec/antenna/tag/e2806894000040038661f94f, 81
1652716618.839893, sdrt-health/mac:02010b41cdec/antenna/tag/e2806894000040038662054f, 82
1652716618.840232, sdrt-health/mac:02010b41cdec/antenna/tag/e2806894000050038662154f, 88
1652716618.872977, sdrt-health/mac:02010b41cdec/antenna/tag/e2806894000040038661f94f, 84
1652716618.918703, sdrt-health/mac:02010b41cdec/antenna/tag/e2806894000050038662154f, 97
1652716618.989903, sdrt-health/mac:02010b41cdec/antenna/tag/e2806894000040038661f94f, 88
1652716618.990403, sdrt-health/mac:02010b41cdec/antenna/tag/e2806894000050038661fd4f, 83
1652716618.990751, sdrt-health/mac:02010b41cdec/antenna/tag/e2806894000040038661f94f, 81
1652716618.994545, sdrt-health/mac:02010b41cdec/antenna/tag/e2806894000040038662114f, 91
1652716619.046428, sdrt-health/mac:02010b41cdec/antenna/tag/e28068940000400386621d4f, 96
1652716619.106501, sdrt-health/mac:02010b41cdec/antenna/tag/e2806894000050038661fd4f, 90
1652716619.170985, sdrt-health/mac:02010b41cdec/antenna/tag/e28068940000400386621d4f, 96
1652716619.171617, sdrt-health/mac:02010b41cdec/antenna/tag/e2806894000050038662194f, 87
1652716619.204759, sdrt-health/mac:02010b41cdec/antenna/tag/e2806894000040038662114f, 91
1652716619.253965, sdrt-health/mac:02010b41cdec/antenna/tag/e28068940000400386621d4f, 96
1652716619.317163, sdrt-health/mac:02010b41cdec/antenna/tag/e28068940000400386621d4f, 96
1652716619.346069, sdrt-health/mac:02010b41cdec/antenna/tag/e28068940000400386621d4f, 96
1652716619.34629, sdrt-health/mac:02010b41cdec/antenna/tag/e2806894000040038662114f, 88
1652716619.36563, sdrt-health/mac:02010b41cdec/antenna/tag/e2806894000050038662154f, 88
1652716619.394495, sdrt-health/mac:02010b41cdec/antenna/tag/e2806894000050038662194f, 83
1652716619.394731, sdrt-health/mac:02010b41cdec/antenna/tag/e2806894000050038662154f, 91
1652716619.394916, sdrt-health/mac:02010b41cdec/antenna/tag/e2806894000040038662114f, 88
1652716619.425521, sdrt-health/mac:02010b41cdec/antenna/tag/e2806894000040038662214f, 82
1652716619.494123, sdrt-health/mac:02010b41cdec/antenna/tag/e28068940000400386621d4f, 77
1652716619.494637, sdrt-health/mac:02010b41cdec/antenna/tag/e28068940000400386621d4f, 77
1652716619.508508, sdrt-health/mac:02010b41cdec/antenna/tag/e2806894000040038662214f, 88
1652716619.52566, sdrt-health/mac:02010b41cdec/antenna/tag/e2806894000040038661f94f, 81
1652716619.601592, sdrt-health/mac:02010b41cdec/antenna/tag/e28068940000400386621d4f, 77
1652716619.602182, sdrt-health/mac:02010b41cdec/antenna/tag/e2806894000050038662194f, 83
1652716619.61611, sdrt-health/mac:02010b41cdec/antenna/tag/e2806894000050038662154f, 97
1652716619.616635, sdrt-health/mac:02010b41cdec/antenna/tag/e2806894000050038661fd4f, 86
1652716619.61698, sdrt-health/mac:02010b41cdec/antenna/tag/e28068940000400386621d4f, 96
1652716619.657634, sdrt-health/mac:02010b41cdec/antenna/tag/e2806894000050038661fd4f, 86
1652716619.735801, sdrt-health/mac:02010b41cdec/antenna/tag/e2806894000040038662054f, 94
1652716619.774024, sdrt-health/mac:02010b41cdec/antenna/tag/e2806894000050038662194f, 83
1652716619.82229, sdrt-health/mac:02010b41cdec/antenna/tag/e2806894000050038661fd4f, 83
1652716619.881099, sdrt-health/mac:02010b41cdec/antenna/tag/e28068940000400386621d4f, 96
1652716619.881665, sdrt-health/mac:02010b41cdec/antenna/tag/e2806894000050038662154f, 91
1652716619.896282, sdrt-health/mac:02010b41cdec/antenna/tag/e28068940000400386621d4f, 96
1652716619.924682, sdrt-health/mac:02010b41cdec/antenna/tag/e2806894000040038661f94f, 81
1652716619.964423, sdrt-health/mac:02010b41cdec/antenna/tag/e2806894000050038661fd4f, 86
1652716620.102747, sdrt-health/mac:02010b41cdec/antenna/tag/e2806894000040038662114f, 91
1652716620.157797, sdrt-health/mac:02010b41cdec/antenna/tag/e2806894000050038662154f, 91
1652716620.187183, sdrt-health/mac:02010b41cdec/antenna/tag/e2806894000040038661f94f, 81
1652716620.187404, sdrt-health/mac:02010b41cdec/antenna/tag/e2806894000050038662194f, 83
1652716620.202176, sdrt-health/mac:02010b41cdec/antenna/tag/e2806894000050038662154f, 91
1652716620.202603, sdrt-health/mac:02010b41cdec/antenna/tag/e2806894000040038662114f, 88
1652716620.243585, sdrt-health/mac:02010b41cdec/antenna/tag/e2806894000040038661f94f, 82
1652716620.284366, sdrt-health/mac:02010b41cdec/antenna/tag/e2806894000040038661f94f, 88
1652716620.34064, sdrt-health/mac:02010b41cdec/antenna/tag/e28068940000400386621d4f, 77
1652716620.410216, sdrt-health/mac:02010b41cdec/antenna/tag/e2806894000050038662154f, 85
1652716620.410747, sdrt-health/mac:02010b41cdec/antenna/tag/e28068940000500386620d4f, 110
1652716620.426223, sdrt-health/mac:02010b41cdec/antenna/tag/e28068940000400386621d4f, 77
1652716620.465736, sdrt-health/mac:02010b41cdec/antenna/tag/e2806894000050038661fd4f, 86
1652716620.495081, sdrt-health/mac:02010b41cdec/antenna/tag/e2806894000050038662014f, 82
1652716620.495404, sdrt-health/mac:02010b41cdec/antenna/tag/e28068940000400386621d4f, 96
1652716620.517524, sdrt-health/mac:02010b41cdec/antenna/tag/e2806894000050038662154f, 88
1652716620.578642, sdrt-health/mac:02010b41cdec/antenna/tag/e2806894000040038662114f, 91
1652716620.579215, sdrt-health/mac:02010b41cdec/antenna/tag/e2806894000050038662154f, 88
1652716620.605658, sdrt-health/mac:02010b41cdec/antenna/tag/e2806894000040038662054f, 84
1652716620.679081, sdrt-health/mac:02010b41cdec/antenna/tag/e28068940000400386621d4f, 96
1652716620.679583, sdrt-health/mac:02010b41cdec/antenna/tag/e2806894000040038662114f, 91
1652716620.69393, sdrt-health/mac:02010b41cdec/antenna/tag/e2806894000050038661fd4f, 86
1652716620.724692, sdrt-health/mac:02010b41cdec/antenna/tag/e2806894000040038662054f, 81
1652716620.766225, sdrt-health/mac:02010b41cdec/antenna/tag/e2806894000050038662154f, 91
1652716620.828807, sdrt-health/mac:02010b41cdec/antenna/tag/e2806894000040038662054f, 81
1652716620.829273, sdrt-health/mac:02010b41cdec/antenna/tag/e2806894000050038662154f, 91
1652716620.854102, sdrt-health/mac:02010b41cdec/antenna/tag/e2806894000050038662194f, 84
1652716620.91865, sdrt-health/mac:02010b41cdec/antenna/tag/e2806894000040038662114f, 88
1652716620.919418, sdrt-health/mac:02010b41cdec/antenna/tag/e2806894000040038662214f, 81
1652716620.932413, sdrt-health/mac:02010b41cdec/antenna/tag/e2806894000040038662114f, 88
1652716620.974251, sdrt-health/mac:02010b41cdec/antenna/tag/e2806894000050038662154f, 97
1652716621.01513, sdrt-health/mac:02010b41cdec/antenna/tag/e2806894000050038662194f, 83
1652716621.044513, sdrt-health/mac:02010b41cdec/antenna/tag/e28068940000400386621d4f, 77
1652716621.044734, sdrt-health/mac:02010b41cdec/antenna/tag/e2806894000050038662154f, 91
1652716621.059002, sdrt-health/mac:02010b41cdec/antenna/tag/e2806894000050038661fd4f, 83
1652716621.104607, sdrt-health/mac:02010b41cdec/antenna/tag/e2806894000050038661fd4f, 86
1652716621.144252, sdrt-health/mac:02010b41cdec/antenna/tag/e28068940000400386621d4f, 96
1652716621.184466, sdrt-health/mac:02010b41cdec/antenna/tag/e2806894000050038662154f, 97
1652716621.213129, sdrt-health/mac:02010b41cdec/antenna/tag/e2806894000040038662114f, 88
1652716621.213485, sdrt-health/mac:02010b41cdec/antenna/tag/e2806894000050038662194f, 83
1652716621.245033, sdrt-health/mac:02010b41cdec/antenna/tag/e2806894000040038661f94f, 94
1652716621.275936, sdrt-health/mac:02010b41cdec/antenna/tag/e2806894000050038662154f, 85
1652716621.276493, sdrt-health/mac:02010b41cdec/antenna/tag/e2806894000040038662114f, 88
1652716621.294174, sdrt-health/mac:02010b41cdec/antenna/tag/e2806894000050038662194f, 81
1652716621.334671, sdrt-health/mac:02010b41cdec/antenna/tag/e2806894000040038662214f, 94
1652716621.388754, sdrt-health/mac:02010b41cdec/antenna/tag/e2806894000040038662114f, 88
1652716621.389231, sdrt-health/mac:02010b41cdec/antenna/tag/e2806894000050038662154f, 97
1652716621.404945, sdrt-health/mac:02010b41cdec/antenna/tag/e2806894000050038661fd4f, 90
1652716621.433392, sdrt-health/mac:02010b41cdec/antenna/tag/e28068940000400386621d4f, 96
1652716621.475878, sdrt-health/mac:02010b41cdec/antenna/tag/e2806894000050038662194f, 93
1652716621.488268, sdrt-health/mac:02010b41cdec/antenna/tag/e2806894000050038662154f, 97
1652716621.524094, sdrt-health/mac:02010b41cdec/antenna/tag/e2806894000040038661f94f, 81
1652716621.593321, sdrt-health/mac:02010b41cdec/antenna/tag/e2806894000050038661fd4f, 90
1652716621.593824, sdrt-health/mac:02010b41cdec/antenna/tag/e2806894000040038662114f, 91
1652716621.608831, sdrt-health/mac:02010b41cdec/antenna/tag/e2806894000050038662154f, 91
1652716621.61377, sdrt-health/mac:02010b41cdec/antenna/tag/e2806894000040038662054f, 94
1652716621.654485, sdrt-health/mac:02010b41cdec/antenna/tag/e2806894000040038662114f, 91
1652716621.71266, sdrt-health/mac:02010b41cdec/antenna/tag/e28068940000400386621d4f, 96
1652716621.713122, sdrt-health/mac:02010b41cdec/antenna/tag/e2806894000040038662114f, 91
1652716621.727732, sdrt-health/mac:02010b41cdec/antenna/tag/e2806894000040038661f94f, 88
1652716621.765884, sdrt-health/mac:02010b41cdec/antenna/tag/e2806894000050038662194f, 81
1652716621.766257, sdrt-health/mac:02010b41cdec/antenna/tag/e2806894000040038662214f, 94
1652716621.796796, sdrt-health/mac:02010b41cdec/antenna/tag/e2806894000050038662154f, 85
1652716621.844947, sdrt-health/mac:02010b41cdec/antenna/tag/e2806894000040038662114f, 88
1652716621.894773, sdrt-health/mac:02010b41cdec/antenna/tag/e2806894000050038662194f, 94
1652716621.978018, sdrt-health/mac:02010b41cdec/antenna/tag/e2806894000050038662194f, 83
1652716621.97853, sdrt-health/mac:02010b41cdec/antenna/tag/e2806894000040038662114f, 91
1652716621.993217, sdrt-health/mac:02010b41cdec/antenna/tag/e28068940000400386621d4f, 96
1652716622.004854, sdrt-health/mac:02010b41cdec/antenna/tag/e2806894000050038661fd4f, 90
1652716622.05434, sdrt-health/mac:02010b41cdec/antenna/tag/e2806894000050038661fd4f, 86
1652716622.107569, sdrt-health/mac:02010b41cdec/antenna/tag/e28068940000400386621d4f, 96
1652716622.108229, sdrt-health/mac:02010b41cdec/antenna/tag/e2806894000050038662194f, 81
1652716622.144037, sdrt-health/mac:02010b41cdec/antenna/tag/e2806894000040038661f94f, 84
1652716622.184622, sdrt-health/mac:02010b41cdec/antenna/tag/e2806894000050038661fd4f, 97
1652716622.237563, sdrt-health/mac:02010b41cdec/antenna/tag/e2806894000040038662214f, 84
1652716622.237917, sdrt-health/mac:02010b41cdec/antenna/tag/e2806894000050038662194f, 81
1652716622.295036, sdrt-health/mac:02010b41cdec/antenna/tag/e28068940000400386621d4f, 77
1652716622.342726, sdrt-health/mac:02010b41cdec/antenna/tag/e2806894000040038661f94f, 88
1652716622.494433, sdrt-health/mac:02010b41cdec/antenna/tag/e2806894000050038662194f, 81
1652716622.547667, sdrt-health/mac:02010b41cdec/antenna/tag/e2806894000040038662114f, 85
1652716622.579035, sdrt-health/mac:02010b41cdec/antenna/tag/e2806894000050038662194f, 83
1652716622.579348, sdrt-health/mac:02010b41cdec/antenna/tag/e2806894000050038662154f, 91
1652716622.579591, sdrt-health/mac:02010b41cdec/antenna/tag/e28068940000400386621d4f, 77
1652716622.579826, sdrt-health/mac:02010b41cdec/antenna/tag/e2806894000050038662194f, 83
1652716622.596781, sdrt-health/mac:02010b41cdec/antenna/tag/e2806894000050038662154f, 88
1652716622.597551, sdrt-health/mac:02010b41cdec/antenna/tag/e2806894000040038662114f, 91
1652716622.64507, sdrt-health/mac:02010b41cdec/antenna/tag/e2806894000040038661f94f, 81
1652716622.712569, sdrt-health/mac:02010b41cdec/antenna/tag/e2806894000050038662154f, 91
1652716622.771074, sdrt-health/mac:02010b41cdec/antenna/tag/e2806894000050038662194f, 93
1652716622.771588, sdrt-health/mac:02010b41cdec/antenna/tag/e2806894000040038662114f, 97
1652716622.786083, sdrt-health/mac:02010b41cdec/antenna/tag/e2806894000050038662194f, 85
1652716622.822069, sdrt-health/mac:02010b41cdec/antenna/tag/e2806894000050038662194f, 83
1652716622.891572, sdrt-health/mac:02010b41cdec/antenna/tag/e2806894000040038662114f, 91
1652716622.89206, sdrt-health/mac:02010b41cdec/antenna/tag/e2806894000040038661f94f, 94
1652716622.908057, sdrt-health/mac:02010b41cdec/antenna/tag/e2806894000050038661fd4f, 83
1652716622.945472, sdrt-health/mac:02010b41cdec/antenna/tag/e28068940000400386621d4f, 77
1652716622.945756, sdrt-health/mac:02010b41cdec/antenna/tag/e2806894000040038662214f, 88
1652716622.963294, sdrt-health/mac:02010b41cdec/antenna/tag/e2806894000050038662194f, 85
1652716622.975353, sdrt-health/mac:02010b41cdec/antenna/tag/e2806894000040038662114f, 97
1652716622.979935, sdrt-health/mac:02010b41cdec/antenna/tag/e2806894000050038662154f, 88
1652716622.980126, sdrt-health/mac:02010b41cdec/antenna/tag/e2806894000050038662194f, 93
1652716623.023956, sdrt-health/mac:02010b41cdec/antenna/tag/e2806894000050038662194f, 93
1652716623.078165, sdrt-health/mac:02010b41cdec/antenna/tag/e2806894000040038661f94f, 88
1652716623.139679, sdrt-health/mac:02010b41cdec/antenna/tag/e2806894000050038662194f, 81
1652716623.14019, sdrt-health/mac:02010b41cdec/antenna/tag/e28068940000400386621d4f, 96
1652716623.14053, sdrt-health/mac:02010b41cdec/antenna/tag/e2806894000040038662114f, 91
1652716623.154395, sdrt-health/mac:02010b41cdec/antenna/tag/e2806894000050038661fd4f, 86
1652716623.16511, sdrt-health/mac:02010b41cdec/antenna/tag/e28068940000400386621d4f, 96
1652716623.202168, sdrt-health/mac:02010b41cdec/antenna/tag/e2806894000050038662194f, 83
1652716623.294368, sdrt-health/mac:02010b41cdec/antenna/tag/e2806894000050038662154f, 91
1652716623.294892, sdrt-health/mac:02010b41cdec/antenna/tag/e2806894000040038662114f, 88
1652716623.309776, sdrt-health/mac:02010b41cdec/antenna/tag/e2806894000040038662054f, 81
1652716623.337085, sdrt-health/mac:02010b41cdec/antenna/tag/e2806894000040038661f94f, 88
1652716623.337574, sdrt-health/mac:02010b41cdec/antenna/tag/e2806894000050038662154f, 91
1652716623.337886, sdrt-health/mac:02010b41cdec/antenna/tag/e2806894000050038661fd4f, 83
1652716623.363886, sdrt-health/mac:02010b41cdec/antenna/tag/e2806894000050038662194f, 85
1652716623.544284, sdrt-health/mac:02010b41cdec/antenna/tag/scan, scan stopped
