1652716418.83148, sdrt-health/mac:02010b41cdec/antenna/power/set, {"power": 290}
1652716419.959251, sdrt-health/mac:02010b41cdec/antenna/power/set, 
1652716423.853714, sdrt-health/mac:02010b41cdec/antenna/tag/scan, {"time": 20000}
1652716424.155636, sdrt-health/mac:02010b41cdec/antenna/tag/e2806894000040038662114f, 91
1652716424.198257, sdrt-health/mac:02010b41cdec/antenna/tag/e2806894000040038662114f, 91
1652716424.246536, sdrt-health/mac:02010b41cdec/antenna/tag/e2806894000040038662114f, 91
1652716424.320598, sdrt-health/mac:02010b41cdec/antenna/tag/e28068940000500386620d4f, 82
1652716424.321102, sdrt-health/mac:02010b41cdec/antenna/tag/e2806894000040038662114f, 91
1652716424.33465, sdrt-health/mac:02010b41cdec/antenna/tag/e2806894000050038662154f, 85
1652716424.384674, sdrt-health/mac:02010b41cdec/antenna/tag/e2806894000050038661fd4f, 86
1652716424.427274, sdrt-health/mac:02010b41cdec/antenna/tag/e2806894000040038662114f, 97
1652716424.457389, sdrt-health/mac:02010b41cdec/antenna/tag/e2806894000050038662154f, 88
1652716424.458112, sdrt-health/mac:02010b41cdec/antenna/tag/e2806894000050038662154f, 91
1652716424.53495, sdrt-health/mac:02010b41cdec/antenna/tag/e2806894000050038662194f, 87
1652716424.584926, sdrt-health/mac:02010b41cdec/antenna/tag/e28068940000400386621d4f, 96
1652716424.648956, sdrt-health/mac:02010b41cdec/antenna/tag/e2806894000050038661fd4f, 86
1652716424.649448, sdrt-health/mac:02010b41cdec/antenna/tag/e28068940000400386621d4f, 77
1652716424.664202, sdrt-health/mac:02010b41cdec/antenna/tag/e2806894000040038662114f, 91
1652716424.696376, sdrt-health/mac:02010b41cdec/antenna/tag/e28068940000400386621d4f, 77
1652716424.75993, sdrt-health/mac:02010b41cdec/antenna/tag/e2806894000050038662154f, 85
1652716424.760458, sdrt-health/mac:02010b41cdec/antenna/tag/e2806894000050038662194f, 87
1652716424.774765, sdrt-health/mac:02010b41cdec/antenna/tag/e2806894000050038662194f, 81
1652716424.78559, sdrt-health/mac:02010b41cdec/antenna/tag/e2806894000050038662154f, 91
1652716424.789518, sdrt-health/mac:02010b41cdec/antenna/tag/e2806894000050038662194f, 88
1652716424.824934, sdrt-health/mac:02010b41cdec/antenna/tag/e2806894000050038661fd4f, 86
1652716424.894771, sdrt-health/mac:02010b41cdec/antenna/tag/e2806894000050038661fd4f, 86
1652716424.946776, sdrt-health/mac:02010b41cdec/antenna/tag/e2806894000040038662114f, 97
1652716425.015518, sdrt-health/mac:02010b41cdec/antenna/tag/e2806894000050038662154f, 88
1652716425.016064, sdrt-health/mac:02010b41cdec/antenna/tag/e2806894000050038661fd4f, 86
1652716425.028465, sdrt-health/mac:02010b41cdec/antenna/tag/e2806894000050038661fd4f, 83
1652716425.045652, sdrt-health/mac:02010b41cdec/antenna/tag/e2806894000040038662114f, 91
1652716425.074755, sdrt-health/mac:02010b41cdec/antenna/tag/e2806894000050038662194f, 83
1652716425.075174, sdrt-health/mac:02010b41cdec/antenna/tag/e2806894000050038662154f, 88
1652716425.10545, sdrt-health/mac:02010b41cdec/antenna/tag/e2806894000040038662114f, 91
1652716425.192847, sdrt-health/mac:02010b41cdec/antenna/tag/e2806894000050038662194f, 81
1652716425.267085, sdrt-health/mac:02010b41cdec/antenna/tag/e2806894000040038662114f, 88
1652716425.349995, sdrt-health/mac:02010b41cdec/antenna/tag/e28068940000400386621d4f, 96
1652716425.446965, sdrt-health/mac:02010b41cdec/antenna/tag/e2806894000050038662154f, 85
1652716425.447431, sdrt-health/mac:02010b41cdec/antenna/tag/e28068940000400386621d4f, 77
1652716425.5056, sdrt-health/mac:02010b41cdec/antenna/tag/e2806894000050038662154f, 91
1652716425.534088, sdrt-health/mac:02010b41cdec/antenna/tag/e2806894000040038662114f, 88
1652716425.534338, sdrt-health/mac:02010b41cdec/antenna/tag/e28068940000400386621d4f, 96
1652716425.534514, sdrt-health/mac:02010b41cdec/antenna/tag/e2806894000050038662154f, 88
1652716425.743746, sdrt-health/mac:02010b41cdec/antenna/tag/e2806894000050038662154f, 88
1652716425.82694, sdrt-health/mac:02010b41cdec/antenna/tag/e2806894000050038662154f, 85
1652716425.827402, sdrt-health/mac:02010b41cdec/antenna/tag/e2806894000050038661fd4f, 97
1652716425.841815, sdrt-health/mac:02010b41cdec/antenna/tag/e28068940000400386621d4f, 96
1652716425.842247, sdrt-health/mac:02010b41cdec/antenna/tag/e28068940000400386621d4f, 96
1652716425.842598, sdrt-health/mac:02010b41cdec/antenna/tag/e2806894000040038662114f, 91
1652716425.913848, sdrt-health/mac:02010b41cdec/antenna/tag/e2806894000050038661fd4f, 86
1652716425.941536, sdrt-health/mac:02010b41cdec/antenna/tag/e2806894000040038662114f, 91
1652716425.941972, sdrt-health/mac:02010b41cdec/antenna/tag/e2806894000040038662114f, 88
1652716425.942252, sdrt-health/mac:02010b41cdec/antenna/tag/e2806894000050038661fd4f, 86
1652716425.942524, sdrt-health/mac:02010b41cdec/antenna/tag/e28068940000400386621d4f, 96
1652716426.021792, sdrt-health/mac:02010b41cdec/antenna/tag/e2806894000040038662114f, 88
1652716426.048098, sdrt-health/mac:02010b41cdec/antenna/tag/e2806894000050038662194f, 83
1652716426.080822, sdrt-health/mac:02010b41cdec/antenna/tag/e28068940000400386621d4f, 96
1652716426.081161, sdrt-health/mac:02010b41cdec/antenna/tag/e2806894000050038661fd4f, 83
1652716426.081404, sdrt-health/mac:02010b41cdec/antenna/tag/e2806894000040038662114f, 91
1652716426.081691, sdrt-health/mac:02010b41cdec/antenna/tag/e2806894000050038661fd4f, 83
1652716426.098912, sdrt-health/mac:02010b41cdec/antenna/tag/e2806894000050038662154f, 88
1652716426.12712, sdrt-health/mac:02010b41cdec/antenna/tag/e2806894000050038661fd4f, 86
1652716426.127406, sdrt-health/mac:02010b41cdec/antenna/tag/e2806894000040038662214f, 84
1652716426.127603, sdrt-health/mac:02010b41cdec/antenna/tag/e2806894000050038661fd4f, 86
1652716426.1615, sdrt-health/mac:02010b41cdec/antenna/tag/e28068940000400386621d4f, 96
1652716426.224306, sdrt-health/mac:02010b41cdec/antenna/tag/e2806894000050038662154f, 85
1652716426.281251, sdrt-health/mac:02010b41cdec/antenna/tag/e2806894000050038661fd4f, 83
1652716426.281681, sdrt-health/mac:02010b41cdec/antenna/tag/e2806894000050038662154f, 85
1652716426.282118, sdrt-health/mac:02010b41cdec/antenna/tag/e2806894000050038661fd4f, 97
1652716426.315405, sdrt-health/mac:02010b41cdec/antenna/tag/e2806894000050038662154f, 97
1652716426.425088, sdrt-health/mac:02010b41cdec/antenna/tag/e2806894000050038661fd4f, 83
1652716426.467548, sdrt-health/mac:02010b41cdec/antenna/tag/e2806894000050038662194f, 85
1652716426.496609, sdrt-health/mac:02010b41cdec/antenna/tag/e2806894000050038661fd4f, 83
1652716426.497022, sdrt-health/mac:02010b41cdec/antenna/tag/e2806894000050038661fd4f, 83
1652716426.517255, sdrt-health/mac:02010b41cdec/antenna/tag/e2806894000050038662154f, 88
1652716426.617814, sdrt-health/mac:02010b41cdec/antenna/tag/e28068940000400386621d4f, 96
1652716426.6902, sdrt-health/mac:02010b41cdec/antenna/tag/e2806894000040038662114f, 85
1652716426.763882, sdrt-health/mac:02010b41cdec/antenna/tag/e2806894000050038661fd4f, 90
1652716426.793186, sdrt-health/mac:02010b41cdec/antenna/tag/e2806894000040038662114f, 91
1652716426.793736, sdrt-health/mac:02010b41cdec/antenna/tag/e2806894000050038662194f, 94
1652716426.808174, sdrt-health/mac:02010b41cdec/antenna/tag/e2806894000040038662114f, 85
1652716426.855742, sdrt-health/mac:02010b41cdec/antenna/tag/e2806894000050038662194f, 94
1652716426.903633, sdrt-health/mac:02010b41cdec/antenna/tag/e28068940000400386621d4f, 96
1652716427.034371, sdrt-health/mac:02010b41cdec/antenna/tag/e28068940000400386621d4f, 96
1652716427.034848, sdrt-health/mac:02010b41cdec/antenna/tag/e2806894000050038661fd4f, 90
1652716427.035196, sdrt-health/mac:02010b41cdec/antenna/tag/e28068940000400386621d4f, 90
1652716427.118435, sdrt-health/mac:02010b41cdec/antenna/tag/e2806894000050038662194f, 83
1652716427.187107, sdrt-health/mac:02010b41cdec/antenna/tag/e2806894000040038662214f, 81
1652716427.256545, sdrt-health/mac:02010b41cdec/antenna/tag/e2806894000050038662194f, 84
1652716427.257106, sdrt-health/mac:02010b41cdec/antenna/tag/e2806894000050038662154f, 91
1652716427.27305, sdrt-health/mac:02010b41cdec/antenna/tag/e2806894000050038662154f, 88
1652716427.301687, sdrt-health/mac:02010b41cdec/antenna/tag/e2806894000040038662114f, 88
1652716427.302044, sdrt-health/mac:02010b41cdec/antenna/tag/e28068940000400386621d4f, 90
1652716427.314508, sdrt-health/mac:02010b41cdec/antenna/tag/e2806894000050038662154f, 91
1652716427.31472, sdrt-health/mac:02010b41cdec/antenna/tag/e2806894000050038661fd4f, 86
1652716427.335844, sdrt-health/mac:02010b41cdec/antenna/tag/e2806894000050038661fd4f, 86
1652716427.374964, sdrt-health/mac:02010b41cdec/antenna/tag/e2806894000050038662194f, 83
1652716427.428959, sdrt-health/mac:02010b41cdec/antenna/tag/e2806894000050038661fd4f, 86
1652716427.483866, sdrt-health/mac:02010b41cdec/antenna/tag/e2806894000050038662154f, 88
1652716427.55048, sdrt-health/mac:02010b41cdec/antenna/tag/e2806894000040038662114f, 91
1652716427.550949, sdrt-health/mac:02010b41cdec/antenna/tag/e28068940000400386621d4f, 96
1652716427.564476, sdrt-health/mac:02010b41cdec/antenna/tag/e28068940000400386621d4f, 96
1652716427.585523, sdrt-health/mac:02010b41cdec/antenna/tag/e28068940000400386621d4f, 90
1652716427.655141, sdrt-health/mac:02010b41cdec/antenna/tag/e2806894000040038662214f, 81
1652716427.685191, sdrt-health/mac:02010b41cdec/antenna/tag/e28068940000400386621d4f, 77
1652716427.685663, sdrt-health/mac:02010b41cdec/antenna/tag/e28068940000400386621d4f, 77
1652716427.686048, sdrt-health/mac:02010b41cdec/antenna/tag/e2806894000040038661f94f, 81
1652716427.700949, sdrt-health/mac:02010b41cdec/antenna/tag/e2806894000040038662114f, 88
1652716427.737365, sdrt-health/mac:02010b41cdec/antenna/tag/e2806894000050038662154f, 97
1652716427.767195, sdrt-health/mac:02010b41cdec/antenna/tag/e2806894000050038661fd4f, 90
1652716427.767526, sdrt-health/mac:02010b41cdec/antenna/tag/e2806894000040038662114f, 88
1652716427.784577, sdrt-health/mac:02010b41cdec/antenna/tag/e2806894000050038661fd4f, 90
1652716427.921937, sdrt-health/mac:02010b41cdec/antenna/tag/e2806894000040038662114f, 88
1652716427.9224, sdrt-health/mac:02010b41cdec/antenna/tag/e28068940000400386621d4f, 96
1652716427.942739, sdrt-health/mac:02010b41cdec/antenna/tag/e2806894000050038662194f, 87
1652716428.013534, sdrt-health/mac:02010b41cdec/antenna/tag/e2806894000050038662154f, 91
1652716428.014074, sdrt-health/mac:02010b41cdec/antenna/tag/e2806894000040038662114f, 88
1652716428.049657, sdrt-health/mac:02010b41cdec/antenna/tag/e2806894000040038662114f, 88
1652716428.14514, sdrt-health/mac:02010b41cdec/antenna/tag/e2806894000050038661fd4f, 86
1652716428.185683, sdrt-health/mac:02010b41cdec/antenna/tag/e28068940000400386621d4f, 96
1652716428.246481, sdrt-health/mac:02010b41cdec/antenna/tag/e2806894000050038662194f, 87
1652716428.247054, sdrt-health/mac:02010b41cdec/antenna/tag/e2806894000050038661fd4f, 86
1652716428.265477, sdrt-health/mac:02010b41cdec/antenna/tag/e28068940000400386621d4f, 96
1652716428.295266, sdrt-health/mac:02010b41cdec/antenna/tag/e2806894000050038661fd4f, 90
1652716428.295481, sdrt-health/mac:02010b41cdec/antenna/tag/e2806894000040038662114f, 91
1652716428.309098, sdrt-health/mac:02010b41cdec/antenna/tag/e2806894000050038662154f, 91
1652716428.30937, sdrt-health/mac:02010b41cdec/antenna/tag/e2806894000050038661fd4f, 90
1652716428.30956, sdrt-health/mac:02010b41cdec/antenna/tag/e2806894000050038662154f, 91
1652716428.344592, sdrt-health/mac:02010b41cdec/antenna/tag/e28068940000400386621d4f, 96
1652716428.345378, sdrt-health/mac:02010b41cdec/antenna/tag/e2806894000050038661fd4f, 86
1652716428.385292, sdrt-health/mac:02010b41cdec/antenna/tag/e2806894000050038661fd4f, 90
1652716428.415821, sdrt-health/mac:02010b41cdec/antenna/tag/e28068940000400386621d4f, 96
1652716428.416157, sdrt-health/mac:02010b41cdec/antenna/tag/e2806894000050038662194f, 94
1652716428.430017, sdrt-health/mac:02010b41cdec/antenna/tag/e28068940000400386621d4f, 96
1652716428.430236, sdrt-health/mac:02010b41cdec/antenna/tag/e2806894000040038662114f, 91
1652716428.465065, sdrt-health/mac:02010b41cdec/antenna/tag/e2806894000050038661fd4f, 86
1652716428.534465, sdrt-health/mac:02010b41cdec/antenna/tag/e2806894000050038662194f, 94
1652716428.534789, sdrt-health/mac:02010b41cdec/antenna/tag/e2806894000050038662194f, 83
1652716428.573738, sdrt-health/mac:02010b41cdec/antenna/tag/e2806894000050038661fd4f, 83
1652716428.656381, sdrt-health/mac:02010b41cdec/antenna/tag/e2806894000040038662114f, 88
1652716428.65695, sdrt-health/mac:02010b41cdec/antenna/tag/e2806894000050038662194f, 93
1652716428.679497, sdrt-health/mac:02010b41cdec/antenna/tag/e2806894000050038662194f, 88
1652716428.741573, sdrt-health/mac:02010b41cdec/antenna/tag/e28068940000400386621d4f, 96
1652716428.7419, sdrt-health/mac:02010b41cdec/antenna/tag/e2806894000050038662154f, 91
1652716428.766735, sdrt-health/mac:02010b41cdec/antenna/tag/e2806894000040038662114f, 91
1652716428.801393, sdrt-health/mac:02010b41cdec/antenna/tag/e28068940000400386621d4f, 96
1652716428.801735, sdrt-health/mac:02010b41cdec/antenna/tag/e28068940000400386621d4f, 90
1652716428.845819, sdrt-health/mac:02010b41cdec/antenna/tag/e2806894000050038661fd4f, 86
1652716428.90285, sdrt-health/mac:02010b41cdec/antenna/tag/e28068940000400386621d4f, 90
1652716428.903324, sdrt-health/mac:02010b41cdec/antenna/tag/e2806894000050038662154f, 88
1652716428.917997, sdrt-health/mac:02010b41cdec/antenna/tag/e2806894000050038661fd4f, 86
1652716428.918493, sdrt-health/mac:02010b41cdec/antenna/tag/e2806894000050038662154f, 85
1652716428.962072, sdrt-health/mac:02010b41cdec/antenna/tag/e2806894000050038661fd4f, 97
1652716428.990521, sdrt-health/mac:02010b41cdec/antenna/tag/e28068940000500386620d4f, 81
1652716428.99084, sdrt-health/mac:02010b41cdec/antenna/tag/e28068940000400386621d4f, 77
1652716429.014997, sdrt-health/mac:02010b41cdec/antenna/tag/e2806894000040038662214f, 94
1652716429.055827, sdrt-health/mac:02010b41cdec/antenna/tag/e2806894000050038662194f, 83
1652716429.12312, sdrt-health/mac:02010b41cdec/antenna/tag/e2806894000050038662154f, 85
1652716429.153, sdrt-health/mac:02010b41cdec/antenna/tag/e2806894000050038662194f, 94
1652716429.154735, sdrt-health/mac:02010b41cdec/antenna/tag/e2806894000050038661fd4f, 83
1652716429.154939, sdrt-health/mac:02010b41cdec/antenna/tag/e2806894000040038662114f, 91
1652716429.192655, sdrt-health/mac:02010b41cdec/antenna/tag/e2806894000040038662114f, 88
1652716429.268822, sdrt-health/mac:02010b41cdec/antenna/tag/e2806894000050038662154f, 91
1652716429.269723, sdrt-health/mac:02010b41cdec/antenna/tag/e2806894000040038662114f, 88
1652716429.283753, sdrt-health/mac:02010b41cdec/antenna/tag/e2806894000040038662114f, 88
1652716429.284036, sdrt-health/mac:02010b41cdec/antenna/tag/e2806894000050038662154f, 88
1652716429.317942, sdrt-health/mac:02010b41cdec/antenna/tag/e2806894000040038662114f, 88
1652716429.369324, sdrt-health/mac:02010b41cdec/antenna/tag/e2806894000050038662154f, 88
1652716429.437267, sdrt-health/mac:02010b41cdec/antenna/tag/e2806894000040038662114f, 91
1652716429.492569, sdrt-health/mac:02010b41cdec/antenna/tag/e2806894000050038661fd4f, 83
1652716429.559345, sdrt-health/mac:02010b41cdec/antenna/tag/e28068940000400386621d4f, 96
1652716429.559836, sdrt-health/mac:02010b41cdec/antenna/tag/e2806894000050038662154f, 85
1652716429.600543, sdrt-health/mac:02010b41cdec/antenna/tag/e2806894000040038662114f, 88
1652716429.677624, sdrt-health/mac:02010b41cdec/antenna/tag/e2806894000050038662194f, 93
1652716429.678102, sdrt-health/mac:02010b41cdec/antenna/tag/e28068940000400386621d4f, 96
1652716429.678521, sdrt-health/mac:02010b41cdec/antenna/tag/e2806894000050038661fd4f, 83
1652716429.720037, sdrt-health/mac:02010b41cdec/antenna/tag/e2806894000050038661fd4f, 86
1652716429.783855, sdrt-health/mac:02010b41cdec/antenna/tag/e2806894000050038661fd4f, 86
1652716429.784336, sdrt-health/mac:02010b41cdec/antenna/tag/e2806894000040038662114f, 91
1652716429.798639, sdrt-health/mac:02010b41cdec/antenna/tag/e2806894000050038662154f, 91
1652716429.838459, sdrt-health/mac:02010b41cdec/antenna/tag/e28068940000400386621d4f, 90
1652716429.918254, sdrt-health/mac:02010b41cdec/antenna/tag/e2806894000040038662114f, 91
1652716429.918791, sdrt-health/mac:02010b41cdec/antenna/tag/e2806894000050038662154f, 91
1652716429.932744, sdrt-health/mac:02010b41cdec/antenna/tag/e2806894000040038662114f, 88
1652716429.960866, sdrt-health/mac:02010b41cdec/antenna/tag/e28068940000400386621d4f, 96
1652716429.962072, sdrt-health/mac:02010b41cdec/antenna/tag/e2806894000050038662154f, 91
1652716429.962394, sdrt-health/mac:02010b41cdec/antenna/tag/e28068940000400386621d4f, 96
1652716429.962638, sdrt-health/mac:02010b41cdec/antenna/tag/e2806894000050038662194f, 87
1652716430.008291, sdrt-health/mac:02010b41cdec/antenna/tag/e2806894000050038661fd4f, 83
1652716430.087111, sdrt-health/mac:02010b41cdec/antenna/tag/e2806894000040038662114f, 88
1652716430.087568, sdrt-health/mac:02010b41cdec/antenna/tag/e2806894000050038662154f, 88
1652716430.10153, sdrt-health/mac:02010b41cdec/antenna/tag/e2806894000050038662194f, 81
1652716430.132931, sdrt-health/mac:02010b41cdec/antenna/tag/e2806894000050038662154f, 93
1652716430.16134, sdrt-health/mac:02010b41cdec/antenna/tag/e2806894000040038662114f, 88
1652716430.161627, sdrt-health/mac:02010b41cdec/antenna/tag/e2806894000040038662114f, 91
1652716430.161837, sdrt-health/mac:02010b41cdec/antenna/tag/e28068940000400386621d4f, 96
1652716430.176706, sdrt-health/mac:02010b41cdec/antenna/tag/e2806894000050038662194f, 81
1652716430.265849, sdrt-health/mac:02010b41cdec/antenna/tag/e2806894000050038661fd4f, 83
1652716430.266333, sdrt-health/mac:02010b41cdec/antenna/tag/e2806894000050038661fd4f, 97
1652716430.280236, sdrt-health/mac:02010b41cdec/antenna/tag/e2806894000050038661fd4f, 97
1652716430.280672, sdrt-health/mac:02010b41cdec/antenna/tag/e2806894000050038662154f, 88
1652716430.300164, sdrt-health/mac:02010b41cdec/antenna/tag/e2806894000040038661f94f, 84
1652716430.329436, sdrt-health/mac:02010b41cdec/antenna/tag/e2806894000040038661f94f, 88
1652716430.329651, sdrt-health/mac:02010b41cdec/antenna/tag/e2806894000050038661fd4f, 97
1652716430.345004, sdrt-health/mac:02010b41cdec/antenna/tag/e2806894000040038662114f, 88
1652716430.345211, sdrt-health/mac:02010b41cdec/antenna/tag/e2806894000040038662114f, 91
1652716430.345341, sdrt-health/mac:02010b41cdec/antenna/tag/e2806894000050038662154f, 85
1652716430.387568, sdrt-health/mac:02010b41cdec/antenna/tag/e2806894000050038662194f, 87
1652716430.437485, sdrt-health/mac:02010b41cdec/antenna/tag/e2806894000050038661fd4f, 83
1652716430.438021, sdrt-health/mac:02010b41cdec/antenna/tag/e28068940000400386621d4f, 96
1652716430.476123, sdrt-health/mac:02010b41cdec/antenna/tag/e2806894000040038662214f, 81
1652716430.525401, sdrt-health/mac:02010b41cdec/antenna/tag/e28068940000400386621d4f, 77
1652716430.555529, sdrt-health/mac:02010b41cdec/antenna/tag/e2806894000040038662214f, 81
1652716430.555914, sdrt-health/mac:02010b41cdec/antenna/tag/e2806894000050038662154f, 85
1652716430.631539, sdrt-health/mac:02010b41cdec/antenna/tag/e2806894000050038662194f, 81
1652716430.703556, sdrt-health/mac:02010b41cdec/antenna/tag/e28068940000400386621d4f, 96
1652716430.732534, sdrt-health/mac:02010b41cdec/antenna/tag/e2806894000050038662154f, 83
1652716430.73294, sdrt-health/mac:02010b41cdec/antenna/tag/e2806894000040038662114f, 88
1652716430.76049, sdrt-health/mac:02010b41cdec/antenna/tag/e28068940000400386621d4f, 77
1652716430.821878, sdrt-health/mac:02010b41cdec/antenna/tag/e2806894000040038662114f, 91
1652716430.822327, sdrt-health/mac:02010b41cdec/antenna/tag/e2806894000050038662154f, 85
1652716430.836001, sdrt-health/mac:02010b41cdec/antenna/state, connected
1652716430.836482, sdrt-health/mac:02010b41cdec/fw, {"version":"1.8.1","model":"200","hash":"2f556501b58f1dad542af428d7928d18","timestamp":1652716427}
1652716430.836925, sdrt-health/mac:02010b41cdec/antenna/tag/e2806894000050038662194f, 83
1652716430.880368, sdrt-health/mac:02010b41cdec/antenna/tag/e2806894000050038662154f, 91
1652716430.952257, sdrt-health/mac:02010b41cdec/antenna/tag/e2806894000040038662114f, 97
1652716430.952741, sdrt-health/mac:02010b41cdec/antenna/tag/e2806894000050038662194f, 83
1652716430.96615, sdrt-health/mac:02010b41cdec/antenna/tag/e2806894000050038661fd4f, 86
1652716430.966665, sdrt-health/mac:02010b41cdec/antenna/tag/e28068940000400386621d4f, 90
1652716430.98754, sdrt-health/mac:02010b41cdec/antenna/tag/e2806894000050038662154f, 85
1652716431.028231, sdrt-health/mac:02010b41cdec/antenna/tag/e2806894000050038662194f, 87
1652716431.028664, sdrt-health/mac:02010b41cdec/antenna/tag/e2806894000050038662154f, 88
1652716431.047528, sdrt-health/mac:02010b41cdec/antenna/tag/e2806894000050038662154f, 91
1652716431.047813, sdrt-health/mac:02010b41cdec/antenna/tag/e2806894000040038662114f, 91
1652716431.110788, sdrt-health/mac:02010b41cdec/antenna/tag/e2806894000050038662154f, 88
1652716431.173836, sdrt-health/mac:02010b41cdec/antenna/tag/e2806894000050038662194f, 87
1652716431.174301, sdrt-health/mac:02010b41cdec/antenna/tag/e2806894000040038662114f, 88
1652716431.189945, sdrt-health/mac:02010b41cdec/antenna/tag/e2806894000050038662194f, 87
1652716431.205671, sdrt-health/mac:02010b41cdec/antenna/tag/e28068940000400386621d4f, 96
1652716431.206069, sdrt-health/mac:02010b41cdec/antenna/version, 
1652716431.255455, sdrt-health/mac:02010b41cdec/antenna/tag/e2806894000050038662154f, 91
1652716431.28629, sdrt-health/mac:02010b41cdec/antenna/tag/e28068940000400386621d4f, 96
1652716431.286536, sdrt-health/mac:02010b41cdec/antenna/tag/e2806894000050038662194f, 94
1652716431.324892, sdrt-health/mac:02010b41cdec/antenna/tag/e2806894000040038662114f, 91
1652716431.364625, sdrt-health/mac:02010b41cdec/antenna/tag/e28068940000400386621d4f, 96
1652716431.414653, sdrt-health/mac:02010b41cdec/antenna/tag/e2806894000050038661fd4f, 86
1652716431.479117, sdrt-health/mac:02010b41cdec/antenna/tag/e2806894000050038662154f, 88
1652716431.507635, sdrt-health/mac:02010b41cdec/antenna/tag/e2806894000050038662154f, 88
1652716431.507919, sdrt-health/mac:02010b41cdec/antenna/tag/e2806894000040038662114f, 91
1652716431.508092, sdrt-health/mac:02010b41cdec/antenna/tag/e2806894000050038661fd4f, 86
1652716431.525375, sdrt-health/mac:02010b41cdec/antenna/tag/e2806894000050038662154f, 85
1652716431.569217, sdrt-health/mac:02010b41cdec/antenna/tag/e28068940000400386621d4f, 77
1652716431.62862, sdrt-health/mac:02010b41cdec/antenna/tag/e2806894000050038662154f, 88
1652716431.629181, sdrt-health/mac:02010b41cdec/antenna/tag/e2806894000040038662114f, 88
1652716431.642176, sdrt-health/mac:02010b41cdec/antenna/tag/e2806894000050038662194f, 83
1652716431.664325, sdrt-health/mac:02010b41cdec/antenna/tag/e2806894000050038662194f, 87
1652716431.664621, sdrt-health/mac:02010b41cdec/antenna/tag/e2806894000050038662154f, 85
1652716431.704701, sdrt-health/mac:02010b41cdec/antenna/tag/e2806894000050038662194f, 93
1652716431.747142, sdrt-health/mac:02010b41cdec/antenna/tag/e2806894000050038662194f, 87
1652716431.79822, sdrt-health/mac:02010b41cdec/antenna/tag/e2806894000050038661fd4f, 83
1652716431.867546, sdrt-health/mac:02010b41cdec/antenna/tag/e28068940000400386621d4f, 77
1652716431.868031, sdrt-health/mac:02010b41cdec/antenna/tag/e2806894000050038662194f, 83
1652716431.868377, sdrt-health/mac:02010b41cdec/antenna/tag/e2806894000050038662154f, 85
1652716431.881043, sdrt-health/mac:02010b41cdec/antenna/tag/e28068940000400386621d4f, 77
1652716431.913634, sdrt-health/mac:02010b41cdec/antenna/tag/e28068940000400386621d4f, 96
1652716431.95965, sdrt-health/mac:02010b41cdec/antenna/tag/e28068940000400386621d4f, 96
1652716431.990634, sdrt-health/mac:02010b41cdec/antenna/tag/e2806894000050038661fd4f, 86
1652716431.991254, sdrt-health/mac:02010b41cdec/antenna/tag/e2806894000050038662154f, 97
1652716431.991556, sdrt-health/mac:02010b41cdec/antenna/tag/e2806894000040038662114f, 85
1652716432.004855, sdrt-health/mac:02010b41cdec/antenna/tag/e2806894000050038661fd4f, 86
1652716432.068235, sdrt-health/mac:02010b41cdec/antenna/tag/e2806894000040038662114f, 85
1652716432.098689, sdrt-health/mac:02010b41cdec/antenna/tag/e2806894000050038661fd4f, 83
1652716432.099037, sdrt-health/mac:02010b41cdec/antenna/tag/e2806894000040038662114f, 88
1652716432.099263, sdrt-health/mac:02010b41cdec/antenna/tag/e2806894000050038662194f, 81
1652716432.118629, sdrt-health/mac:02010b41cdec/antenna/tag/e2806894000050038662154f, 85
1652716432.173884, sdrt-health/mac:02010b41cdec/antenna/tag/e2806894000050038661fd4f, 86
1652716432.234206, sdrt-health/mac:02010b41cdec/antenna/tag/e2806894000040038662114f, 91
1652716432.269793, sdrt-health/mac:02010b41cdec/antenna/tag/e2806894000050038662154f, 91
1652716432.270074, sdrt-health/mac:02010b41cdec/antenna/tag/e2806894000050038661fd4f, 86
1652716432.283895, sdrt-health/mac:02010b41cdec/antenna/tag/e2806894000050038661fd4f, 86
1652716432.284177, sdrt-health/mac:02010b41cdec/antenna/tag/e2806894000050038661fd4f, 86
1652716432.333642, sdrt-health/mac:02010b41cdec/antenna/tag/e2806894000050038661fd4f, 86
1652716432.334227, sdrt-health/mac:02010b41cdec/antenna/tag/e28068940000400386621d4f, 96
1652716432.385345, sdrt-health/mac:02010b41cdec/antenna/tag/e2806894000050038661fd4f, 86
1652716432.453094, sdrt-health/mac:02010b41cdec/antenna/tag/e2806894000050038662194f, 83
1652716432.453534, sdrt-health/mac:02010b41cdec/antenna/tag/e28068940000400386621d4f, 90
1652716432.48552, sdrt-health/mac:02010b41cdec/antenna/tag/e2806894000050038661fd4f, 86
1652716432.55303, sdrt-health/mac:02010b41cdec/antenna/tag/e2806894000050038661fd4f, 86
1652716432.55354, sdrt-health/mac:02010b41cdec/antenna/tag/e2806894000050038661fd4f, 86
1652716432.585462, sdrt-health/mac:02010b41cdec/antenna/tag/e28068940000400386621d4f, 96
1652716432.680298, sdrt-health/mac:02010b41cdec/antenna/tag/e2806894000040038662114f, 88
1652716432.680776, sdrt-health/mac:02010b41cdec/antenna/tag/e28068940000400386621d4f, 77
1652716432.723002, sdrt-health/mac:02010b41cdec/antenna/tag/e2806894000040038662114f, 91
1652716432.789504, sdrt-health/mac:02010b41cdec/antenna/tag/e2806894000050038662194f, 83
1652716432.790055, sdrt-health/mac:02010b41cdec/antenna/tag/e2806894000040038662114f, 85
1652716432.838823, sdrt-health/mac:02010b41cdec/antenna/tag/e28068940000400386621d4f, 96
1652716432.902223, sdrt-health/mac:02010b41cdec/antenna/tag/e2806894000040038662114f, 85
1652716432.967162, sdrt-health/mac:02010b41cdec/antenna/tag/e2806894000050038662194f, 81
1652716432.967539, sdrt-health/mac:02010b41cdec/antenna/tag/e2806894000050038661fd4f, 83
1652716432.98379, sdrt-health/mac:02010b41cdec/antenna/tag/e2806894000050038662154f, 88
1652716433.006747, sdrt-health/mac:02010b41cdec/antenna/tag/e28068940000400386621d4f, 96
1652716433.080579, sdrt-health/mac:02010b41cdec/antenna/tag/e2806894000050038662194f, 93
1652716433.081044, sdrt-health/mac:02010b41cdec/antenna/tag/e2806894000040038662114f, 88
1652716433.114823, sdrt-health/mac:02010b41cdec/antenna/tag/e28068940000400386621d4f, 96
1652716433.144916, sdrt-health/mac:02010b41cdec/antenna/tag/e2806894000050038661fd4f, 86
1652716433.145221, sdrt-health/mac:02010b41cdec/antenna/tag/e2806894000040038662114f, 88
1652716433.178898, sdrt-health/mac:02010b41cdec/antenna/tag/e2806894000050038661fd4f, 83
1652716433.265706, sdrt-health/mac:02010b41cdec/antenna/tag/e28068940000400386621d4f, 96
1652716433.319758, sdrt-health/mac:02010b41cdec/antenna/tag/e28068940000400386621d4f, 96
1652716433.351367, sdrt-health/mac:02010b41cdec/antenna/tag/e2806894000050038662154f, 91
1652716433.351748, sdrt-health/mac:02010b41cdec/antenna/tag/e2806894000050038662194f, 81
1652716433.352029, sdrt-health/mac:02010b41cdec/antenna/tag/e2806894000040038662054f, 83
1652716433.367322, sdrt-health/mac:02010b41cdec/antenna/tag/e2806894000040038662114f, 85
1652716433.39565, sdrt-health/mac:02010b41cdec/antenna/tag/e2806894000050038661fd4f, 90
1652716433.396182, sdrt-health/mac:02010b41cdec/antenna/tag/e28068940000400386621d4f, 96
1652716433.441654, sdrt-health/mac:02010b41cdec/antenna/tag/e2806894000050038662194f, 81
1652716433.470278, sdrt-health/mac:02010b41cdec/antenna/tag/e2806894000050038661fd4f, 90
1652716433.470601, sdrt-health/mac:02010b41cdec/antenna/tag/e2806894000050038662154f, 91
1652716433.496674, sdrt-health/mac:02010b41cdec/antenna/tag/e2806894000050038662154f, 88
1652716433.550796, sdrt-health/mac:02010b41cdec/antenna/tag/e2806894000050038661fd4f, 90
1652716433.551296, sdrt-health/mac:02010b41cdec/antenna/tag/e2806894000040038662114f, 88
1652716433.565541, sdrt-health/mac:02010b41cdec/antenna/tag/e28068940000400386621d4f, 96
1652716433.575488, sdrt-health/mac:02010b41cdec/antenna/tag/e28068940000500386620d4f, 81
1652716433.638436, sdrt-health/mac:02010b41cdec/antenna/tag/e2806894000040038661f94f, 88
1652716433.700843, sdrt-health/mac:02010b41cdec/antenna/tag/e2806894000040038662114f, 88
1652716433.759132, sdrt-health/mac:02010b41cdec/antenna/tag/e2806894000040038661f94f, 94
1652716433.759599, sdrt-health/mac:02010b41cdec/antenna/tag/e28068940000400386621d4f, 96
1652716433.804246, sdrt-health/mac:02010b41cdec/antenna/tag/e2806894000040038662114f, 88
1652716433.908921, sdrt-health/mac:02010b41cdec/antenna/tag/e2806894000050038661fd4f, 86
1652716433.909391, sdrt-health/mac:02010b41cdec/antenna/tag/e2806894000050038662154f, 91
1652716433.945065, sdrt-health/mac:02010b41cdec/antenna/tag/e2806894000050038662154f, 88
1652716434.009289, sdrt-health/mac:02010b41cdec/antenna/tag/e2806894000050038661fd4f, 86
1652716434.009745, sdrt-health/mac:02010b41cdec/antenna/tag/e2806894000040038662114f, 83
1652716434.022767, sdrt-health/mac:02010b41cdec/antenna/tag/e2806894000040038662114f, 91
1652716434.054769, sdrt-health/mac:02010b41cdec/antenna/tag/e2806894000050038662194f, 87
1652716434.083777, sdrt-health/mac:02010b41cdec/antenna/tag/e2806894000050038662194f, 87
1652716434.084031, sdrt-health/mac:02010b41cdec/antenna/tag/e28068940000400386621d4f, 96
1652716434.117998, sdrt-health/mac:02010b41cdec/antenna/tag/e2806894000040038662214f, 94
1652716434.153773, sdrt-health/mac:02010b41cdec/antenna/tag/e2806894000050038661fd4f, 83
1652716434.198118, sdrt-health/mac:02010b41cdec/antenna/tag/e2806894000050038662194f, 83
1652716434.24568, sdrt-health/mac:02010b41cdec/antenna/tag/e28068940000400386621d4f, 96
1652716434.304388, sdrt-health/mac:02010b41cdec/antenna/tag/e2806894000040038662114f, 85
1652716434.359226, sdrt-health/mac:02010b41cdec/antenna/tag/e2806894000050038662154f, 91
1652716434.359678, sdrt-health/mac:02010b41cdec/antenna/tag/e2806894000050038662154f, 97
1652716434.385496, sdrt-health/mac:02010b41cdec/antenna/tag/e2806894000050038661fd4f, 86
1652716434.437832, sdrt-health/mac:02010b41cdec/antenna/tag/e2806894000050038662154f, 91
1652716434.438342, sdrt-health/mac:02010b41cdec/antenna/tag/e28068940000400386621d4f, 96
1652716434.458716, sdrt-health/mac:02010b41cdec/antenna/tag/e2806894000050038662154f, 97
1652716434.529107, sdrt-health/mac:02010b41cdec/antenna/tag/e2806894000050038662154f, 85
1652716434.590522, sdrt-health/mac:02010b41cdec/antenna/tag/e28068940000400386621d4f, 77
1652716434.590935, sdrt-health/mac:02010b41cdec/antenna/tag/e2806894000040038662214f, 94
1652716434.606781, sdrt-health/mac:02010b41cdec/antenna/tag/e2806894000050038662154f, 85
1652716434.645863, sdrt-health/mac:02010b41cdec/antenna/tag/e2806894000040038662114f, 88
1652716434.695153, sdrt-health/mac:02010b41cdec/antenna/tag/e2806894000040038662114f, 88
1652716434.776427, sdrt-health/mac:02010b41cdec/antenna/tag/e28068940000400386621d4f, 96
1652716434.776993, sdrt-health/mac:02010b41cdec/antenna/tag/e2806894000040038662114f, 91
1652716434.818537, sdrt-health/mac:02010b41cdec/antenna/tag/e28068940000400386621d4f, 96
1652716434.819051, sdrt-health/mac:02010b41cdec/antenna/tag/e2806894000050038662154f, 91
1652716434.819422, sdrt-health/mac:02010b41cdec/antenna/tag/e2806894000050038662194f, 94
1652716434.863261, sdrt-health/mac:02010b41cdec/antenna/tag/e2806894000050038662194f, 94
1652716434.919127, sdrt-health/mac:02010b41cdec/antenna/tag/e28068940000400386621d4f, 96
1652716434.919606, sdrt-health/mac:02010b41cdec/antenna/tag/e28068940000400386621d4f, 96
1652716434.963847, sdrt-health/mac:02010b41cdec/antenna/tag/e2806894000050038662194f, 94
1652716434.994772, sdrt-health/mac:02010b41cdec/antenna/tag/e2806894000050038661fd4f, 86
1652716434.995032, sdrt-health/mac:02010b41cdec/antenna/tag/e2806894000040038662114f, 91
1652716435.015372, sdrt-health/mac:02010b41cdec/antenna/tag/e28068940000400386621d4f, 96
1652716435.092212, sdrt-health/mac:02010b41cdec/antenna/tag/e28068940000400386621d4f, 77
1652716435.092672, sdrt-health/mac:02010b41cdec/antenna/tag/e2806894000040038662114f, 88
1652716435.106811, sdrt-health/mac:02010b41cdec/antenna/tag/e2806894000050038662194f, 87
1652716435.107325, sdrt-health/mac:02010b41cdec/antenna/tag/e2806894000050038662154f, 85
1652716435.10785, sdrt-health/mac:02010b41cdec/antenna/tag/e2806894000050038661fd4f, 83
1652716435.125077, sdrt-health/mac:02010b41cdec/antenna/tag/e2806894000050038662194f, 81
1652716435.174674, sdrt-health/mac:02010b41cdec/antenna/tag/e2806894000040038662114f, 91
1652716435.175158, sdrt-health/mac:02010b41cdec/antenna/tag/e2806894000050038661fd4f, 86
1652716435.21716, sdrt-health/mac:02010b41cdec/antenna/tag/e2806894000050038661fd4f, 90
1652716435.282206, sdrt-health/mac:02010b41cdec/antenna/tag/e2806894000040038662114f, 88
1652716435.282515, sdrt-health/mac:02010b41cdec/antenna/tag/e28068940000400386621d4f, 96
1652716435.282639, sdrt-health/mac:02010b41cdec/antenna/tag/e28068940000400386621d4f, 90
1652716435.319336, sdrt-health/mac:02010b41cdec/antenna/tag/e2806894000050038662154f, 88
1652716435.349615, sdrt-health/mac:02010b41cdec/antenna/tag/e2806894000050038662194f, 83
1652716435.349919, sdrt-health/mac:02010b41cdec/antenna/tag/e2806894000050038662154f, 88
1652716435.438744, sdrt-health/mac:02010b41cdec/antenna/tag/e2806894000050038662194f, 83
1652716435.477156, sdrt-health/mac:02010b41cdec/antenna/tag/e28068940000400386621d4f, 77
1652716435.54107, sdrt-health/mac:02010b41cdec/antenna/tag/e2806894000050038662194f, 81
1652716435.602804, sdrt-health/mac:02010b41cdec/antenna/tag/e2806894000040038662114f, 88
1652716435.603323, sdrt-health/mac:02010b41cdec/antenna/tag/e2806894000050038661fd4f, 97
1652716435.619628, sdrt-health/mac:02010b41cdec/antenna/tag/e2806894000050038661fd4f, 97
1652716435.638248, sdrt-health/mac:02010b41cdec/antenna/tag/e2806894000050038662194f, 81
1652716435.718587, sdrt-health/mac:02010b41cdec/antenna/tag/e2806894000040038662114f, 88
1652716435.719092, sdrt-health/mac:02010b41cdec/antenna/tag/e28068940000400386621d4f, 96
1652716435.754694, sdrt-health/mac:02010b41cdec/antenna/tag/e2806894000050038661fd4f, 86
1652716435.850769, sdrt-health/mac:02010b41cdec/antenna/tag/e2806894000040038662114f, 88
1652716435.851288, sdrt-health/mac:02010b41cdec/antenna/tag/e2806894000050038662154f, 91
1652716435.851634, sdrt-health/mac:02010b41cdec/antenna/tag/e28068940000400386621d4f, 96
1652716435.896008, sdrt-health/mac:02010b41cdec/antenna/tag/e2806894000050038662154f, 91
1652716435.96091, sdrt-health/mac:02010b41cdec/antenna/tag/e2806894000050038662194f, 81
1652716435.961384, sdrt-health/mac:02010b41cdec/antenna/tag/e2806894000050038662194f, 93
1652716435.974592, sdrt-health/mac:02010b41cdec/antenna/tag/e2806894000050038661fd4f, 86
1652716435.987675, sdrt-health/mac:02010b41cdec/antenna/tag/e2806894000040038662114f, 97
1652716435.988002, sdrt-health/mac:02010b41cdec/antenna/tag/e2806894000040038662114f, 97
1652716436.052063, sdrt-health/mac:02010b41cdec/antenna/tag/e2806894000050038662154f, 91
1652716436.104225, sdrt-health/mac:02010b41cdec/antenna/tag/e2806894000040038662114f, 91
1652716436.134921, sdrt-health/mac:02010b41cdec/antenna/tag/e2806894000050038662154f, 93
1652716436.135183, sdrt-health/mac:02010b41cdec/antenna/tag/e2806894000050038662194f, 83
1652716436.135359, sdrt-health/mac:02010b41cdec/antenna/tag/e2806894000040038662114f, 88
1652716436.162252, sdrt-health/mac:02010b41cdec/antenna/tag/e2806894000050038661fd4f, 97
1652716436.190582, sdrt-health/mac:02010b41cdec/antenna/tag/e2806894000050038661fd4f, 83
1652716436.191022, sdrt-health/mac:02010b41cdec/antenna/tag/e28068940000400386621d4f, 77
1652716436.219652, sdrt-health/mac:02010b41cdec/antenna/tag/e2806894000050038661fd4f, 86
1652716436.281094, sdrt-health/mac:02010b41cdec/antenna/tag/e2806894000050038661fd4f, 83
1652716436.31176, sdrt-health/mac:02010b41cdec/antenna/tag/e2806894000050038662194f, 83
1652716436.312002, sdrt-health/mac:02010b41cdec/antenna/tag/e2806894000050038662154f, 91
1652716436.312156, sdrt-health/mac:02010b41cdec/antenna/tag/e2806894000050038661fd4f, 86
1652716436.32712, sdrt-health/mac:02010b41cdec/antenna/tag/e2806894000050038661fd4f, 86
1652716436.401114, sdrt-health/mac:02010b41cdec/antenna/tag/e2806894000050038662154f, 91
1652716436.401673, sdrt-health/mac:02010b41cdec/antenna/tag/e2806894000040038662114f, 91
1652716436.415261, sdrt-health/mac:02010b41cdec/antenna/tag/e2806894000040038662114f, 88
1652716436.41567, sdrt-health/mac:02010b41cdec/antenna/tag/e2806894000050038661fd4f, 86
1652716436.415992, sdrt-health/mac:02010b41cdec/antenna/tag/e28068940000400386621d4f, 96
1652716436.438857, sdrt-health/mac:02010b41cdec/antenna/tag/e2806894000050038661fd4f, 86
1652716436.486482, sdrt-health/mac:02010b41cdec/antenna/tag/e2806894000040038662114f, 88
1652716436.55914, sdrt-health/mac:02010b41cdec/antenna/tag/e2806894000050038662154f, 91
1652716436.559668, sdrt-health/mac:02010b41cdec/antenna/tag/e2806894000050038662194f, 87
1652716436.621747, sdrt-health/mac:02010b41cdec/antenna/tag/e2806894000050038662194f, 94
1652716436.667163, sdrt-health/mac:02010b41cdec/antenna/tag/e28068940000400386621d4f, 96
1652716436.696768, sdrt-health/mac:02010b41cdec/antenna/tag/e28068940000400386621d4f, 96
1652716436.697022, sdrt-health/mac:02010b41cdec/antenna/tag/e2806894000050038661fd4f, 83
1652716436.715599, sdrt-health/mac:02010b41cdec/antenna/tag/e2806894000050038661fd4f, 97
1652716436.870328, sdrt-health/mac:02010b41cdec/antenna/tag/e2806894000050038662154f, 85
1652716436.87087, sdrt-health/mac:02010b41cdec/antenna/tag/e2806894000050038662154f, 85
1652716436.906434, sdrt-health/mac:02010b41cdec/antenna/tag/e2806894000050038662194f, 81
1652716436.969306, sdrt-health/mac:02010b41cdec/antenna/tag/e28068940000400386621d4f, 77
1652716436.969801, sdrt-health/mac:02010b41cdec/antenna/tag/e28068940000400386621d4f, 96
1652716436.998194, sdrt-health/mac:02010b41cdec/antenna/tag/e2806894000050038662154f, 85
1652716437.02776, sdrt-health/mac:02010b41cdec/antenna/tag/e2806894000050038661fd4f, 83
1652716437.02804, sdrt-health/mac:02010b41cdec/antenna/tag/e2806894000050038662194f, 81
1652716437.028231, sdrt-health/mac:02010b41cdec/antenna/tag/e2806894000050038662154f, 85
1652716437.044715, sdrt-health/mac:02010b41cdec/antenna/tag/e2806894000050038662154f, 85
1652716437.110884, sdrt-health/mac:02010b41cdec/antenna/tag/e2806894000050038661fd4f, 97
1652716437.111392, sdrt-health/mac:02010b41cdec/antenna/tag/e2806894000050038661fd4f, 83
1652716437.137208, sdrt-health/mac:02010b41cdec/antenna/tag/e28068940000400386621d4f, 96
1652716437.196421, sdrt-health/mac:02010b41cdec/antenna/tag/e2806894000050038661fd4f, 83
1652716437.196774, sdrt-health/mac:02010b41cdec/antenna/tag/e2806894000040038662114f, 91
1652716437.226007, sdrt-health/mac:02010b41cdec/antenna/tag/e2806894000040038662114f, 88
1652716437.289269, sdrt-health/mac:02010b41cdec/antenna/tag/e2806894000050038662154f, 88
1652716437.289932, sdrt-health/mac:02010b41cdec/antenna/tag/e2806894000050038662194f, 83
1652716437.302867, sdrt-health/mac:02010b41cdec/antenna/tag/e28068940000400386621d4f, 77
1652716437.325103, sdrt-health/mac:02010b41cdec/antenna/tag/e2806894000040038662114f, 85
1652716437.326121, sdrt-health/mac:02010b41cdec/antenna/tag/e2806894000050038662194f, 87
1652716437.374518, sdrt-health/mac:02010b41cdec/antenna/tag/e28068940000400386621d4f, 90
1652716437.432747, sdrt-health/mac:02010b41cdec/antenna/tag/e2806894000050038662194f, 83
1652716437.492523, sdrt-health/mac:02010b41cdec/antenna/tag/e2806894000050038661fd4f, 86
1652716437.492974, sdrt-health/mac:02010b41cdec/antenna/tag/e28068940000400386621d4f, 90
1652716437.507137, sdrt-health/mac:02010b41cdec/antenna/tag/e2806894000050038662154f, 85
1652716437.52562, sdrt-health/mac:02010b41cdec/antenna/tag/e2806894000050038662194f, 87
1652716437.57376, sdrt-health/mac:02010b41cdec/antenna/tag/e2806894000050038661fd4f, 83
1652716437.616379, sdrt-health/mac:02010b41cdec/antenna/tag/e2806894000050038661fd4f, 83
1652716437.691731, sdrt-health/mac:02010b41cdec/antenna/tag/e2806894000040038662114f, 85
1652716437.692219, sdrt-health/mac:02010b41cdec/antenna/tag/e2806894000050038661fd4f, 83
1652716437.736624, sdrt-health/mac:02010b41cdec/antenna/tag/e28068940000400386621d4f, 77
1652716437.779157, sdrt-health/mac:02010b41cdec/antenna/tag/e28068940000400386621d4f, 96
1652716437.808001, sdrt-health/mac:02010b41cdec/antenna/tag/e2806894000050038661fd4f, 86
1652716437.808265, sdrt-health/mac:02010b41cdec/antenna/tag/e28068940000400386621d4f, 96
1652716437.808592, sdrt-health/mac:02010b41cdec/antenna/tag/e2806894000040038662114f, 97
1652716437.826162, sdrt-health/mac:02010b41cdec/antenna/tag/e2806894000050038661fd4f, 86
1652716437.891936, sdrt-health/mac:02010b41cdec/antenna/tag/e28068940000400386621d4f, 96
1652716437.892507, sdrt-health/mac:02010b41cdec/antenna/tag/e2806894000050038661fd4f, 86
1652716437.925425, sdrt-health/mac:02010b41cdec/antenna/tag/e2806894000040038662114f, 91
1652716437.996069, sdrt-health/mac:02010b41cdec/antenna/tag/e28068940000400386621d4f, 90
1652716437.996531, sdrt-health/mac:02010b41cdec/antenna/tag/e2806894000040038662114f, 97
1652716438.025582, sdrt-health/mac:02010b41cdec/antenna/tag/e2806894000040038662114f, 88
1652716438.026255, sdrt-health/mac:02010b41cdec/antenna/tag/e2806894000050038661fd4f, 97
1652716438.098665, sdrt-health/mac:02010b41cdec/antenna/tag/e2806894000050038662154f, 88
1652716438.156572, sdrt-health/mac:02010b41cdec/antenna/tag/e2806894000050038662194f, 93
1652716438.218189, sdrt-health/mac:02010b41cdec/antenna/tag/e2806894000050038662154f, 85
1652716438.218642, sdrt-health/mac:02010b41cdec/antenna/tag/e2806894000040038662114f, 88
1652716438.232112, sdrt-health/mac:02010b41cdec/antenna/tag/e2806894000050038662194f, 81
1652716438.260059, sdrt-health/mac:02010b41cdec/antenna/tag/e28068940000400386621d4f, 77
1652716438.260546, sdrt-health/mac:02010b41cdec/antenna/tag/e2806894000050038661fd4f, 83
1652716438.28585, sdrt-health/mac:02010b41cdec/antenna/tag/e2806894000050038662154f, 85
1652716438.315597, sdrt-health/mac:02010b41cdec/antenna/tag/e28068940000400386621d4f, 77
1652716438.31588, sdrt-health/mac:02010b41cdec/antenna/tag/e2806894000040038662114f, 88
1652716438.342303, sdrt-health/mac:02010b41cdec/antenna/tag/e2806894000050038662194f, 83
1652716438.395646, sdrt-health/mac:02010b41cdec/antenna/tag/e2806894000040038662114f, 88
1652716438.438208, sdrt-health/mac:02010b41cdec/antenna/tag/e2806894000050038661fd4f, 86
1652716438.4755, sdrt-health/mac:02010b41cdec/antenna/tag/e2806894000040038662114f, 91
1652716438.517578, sdrt-health/mac:02010b41cdec/antenna/tag/e2806894000040038662114f, 85
1652716438.587526, sdrt-health/mac:02010b41cdec/antenna/tag/e2806894000050038662194f, 83
1652716438.588, sdrt-health/mac:02010b41cdec/antenna/tag/e28068940000400386621d4f, 96
1652716438.602082, sdrt-health/mac:02010b41cdec/antenna/tag/e2806894000040038662114f, 88
1652716438.646308, sdrt-health/mac:02010b41cdec/antenna/tag/e2806894000050038662194f, 83
1652716438.714111, sdrt-health/mac:02010b41cdec/antenna/tag/e28068940000400386621d4f, 96
1652716438.714654, sdrt-health/mac:02010b41cdec/antenna/tag/e28068940000400386621d4f, 96
1652716438.757399, sdrt-health/mac:02010b41cdec/antenna/tag/e2806894000050038661fd4f, 86
1652716438.835852, sdrt-health/mac:02010b41cdec/antenna/tag/e28068940000400386621d4f, 90
1652716438.836352, sdrt-health/mac:02010b41cdec/antenna/tag/e2806894000050038661fd4f, 86
1652716438.849849, sdrt-health/mac:02010b41cdec/antenna/tag/e28068940000400386621d4f, 96
1652716438.875091, sdrt-health/mac:02010b41cdec/antenna/tag/e2806894000050038662154f, 88
1652716438.931721, sdrt-health/mac:02010b41cdec/antenna/tag/e2806894000050038661fd4f, 86
1652716438.932146, sdrt-health/mac:02010b41cdec/antenna/tag/e2806894000050038661fd4f, 83
1652716438.965149, sdrt-health/mac:02010b41cdec/antenna/tag/e28068940000400386621d4f, 96
1652716439.037575, sdrt-health/mac:02010b41cdec/antenna/tag/e28068940000400386621d4f, 96
1652716439.03804, sdrt-health/mac:02010b41cdec/antenna/tag/e2806894000050038662154f, 91
1652716439.066798, sdrt-health/mac:02010b41cdec/antenna/tag/e2806894000050038662154f, 88
1652716439.098518, sdrt-health/mac:02010b41cdec/antenna/tag/e2806894000050038661fd4f, 86
1652716439.098803, sdrt-health/mac:02010b41cdec/antenna/tag/e28068940000400386621d4f, 96
1652716439.11586, sdrt-health/mac:02010b41cdec/antenna/tag/e2806894000050038661fd4f, 83
1652716439.200718, sdrt-health/mac:02010b41cdec/antenna/tag/e28068940000400386621d4f, 96
1652716439.201243, sdrt-health/mac:02010b41cdec/antenna/tag/e2806894000050038661fd4f, 86
1652716439.216416, sdrt-health/mac:02010b41cdec/antenna/tag/e2806894000050038661fd4f, 83
1652716439.244774, sdrt-health/mac:02010b41cdec/antenna/tag/e28068940000400386621d4f, 77
1652716439.296348, sdrt-health/mac:02010b41cdec/antenna/tag/e28068940000400386621d4f, 77
1652716439.32623, sdrt-health/mac:02010b41cdec/antenna/tag/e2806894000040038662114f, 91
1652716439.326486, sdrt-health/mac:02010b41cdec/antenna/tag/e28068940000400386621d4f, 96
1652716439.345611, sdrt-health/mac:02010b41cdec/antenna/tag/e2806894000050038662154f, 91
1652716439.415764, sdrt-health/mac:02010b41cdec/antenna/tag/e2806894000040038662114f, 85
1652716439.416248, sdrt-health/mac:02010b41cdec/antenna/tag/e2806894000050038662194f, 83
1652716439.430443, sdrt-health/mac:02010b41cdec/antenna/tag/e2806894000040038662114f, 88
1652716439.445495, sdrt-health/mac:02010b41cdec/antenna/tag/e2806894000050038661fd4f, 86
1652716439.492542, sdrt-health/mac:02010b41cdec/antenna/tag/e2806894000050038662194f, 93
1652716439.553176, sdrt-health/mac:02010b41cdec/antenna/tag/e2806894000040038662114f, 91
1652716439.553728, sdrt-health/mac:02010b41cdec/antenna/tag/e2806894000040038662114f, 91
1652716439.585287, sdrt-health/mac:02010b41cdec/antenna/tag/e28068940000400386621d4f, 96
1652716439.616257, sdrt-health/mac:02010b41cdec/antenna/tag/e2806894000050038662154f, 88
1652716439.616613, sdrt-health/mac:02010b41cdec/antenna/tag/e2806894000040038662114f, 88
1652716439.616934, sdrt-health/mac:02010b41cdec/antenna/tag/e2806894000050038662154f, 91
1652716439.630688, sdrt-health/mac:02010b41cdec/antenna/tag/e2806894000040038662114f, 88
1652716439.630909, sdrt-health/mac:02010b41cdec/antenna/tag/e28068940000400386621d4f, 96
1652716439.676573, sdrt-health/mac:02010b41cdec/antenna/tag/e2806894000040038662114f, 88
1652716439.745058, sdrt-health/mac:02010b41cdec/antenna/tag/e2806894000040038662114f, 91
1652716439.815858, sdrt-health/mac:02010b41cdec/antenna/tag/e2806894000050038662154f, 91
1652716439.816332, sdrt-health/mac:02010b41cdec/antenna/tag/e2806894000050038662154f, 91
1652716439.829976, sdrt-health/mac:02010b41cdec/antenna/tag/e2806894000040038662114f, 88
1652716439.830304, sdrt-health/mac:02010b41cdec/antenna/tag/e2806894000050038662194f, 81
1652716439.830506, sdrt-health/mac:02010b41cdec/antenna/tag/e2806894000040038662114f, 88
1652716439.863333, sdrt-health/mac:02010b41cdec/antenna/tag/e2806894000040038662114f, 88
1652716439.930822, sdrt-health/mac:02010b41cdec/antenna/tag/e2806894000040038662114f, 91
1652716439.93134, sdrt-health/mac:02010b41cdec/antenna/tag/e2806894000050038661fd4f, 90
1652716439.931787, sdrt-health/mac:02010b41cdec/antenna/tag/e2806894000040038662114f, 88
1652716439.958029, sdrt-health/mac:02010b41cdec/antenna/tag/e2806894000050038662154f, 88
1652716439.98521, sdrt-health/mac:02010b41cdec/antenna/tag/e2806894000050038661fd4f, 86
1652716439.985597, sdrt-health/mac:02010b41cdec/antenna/tag/e28068940000400386621d4f, 96
1652716440.00499, sdrt-health/mac:02010b41cdec/antenna/tag/e2806894000050038661fd4f, 86
1652716440.071237, sdrt-health/mac:02010b41cdec/antenna/tag/e28068940000400386621d4f, 96
1652716440.071751, sdrt-health/mac:02010b41cdec/antenna/tag/e2806894000050038662154f, 91
1652716440.089211, sdrt-health/mac:02010b41cdec/antenna/tag/e2806894000040038662114f, 91
1652716440.121675, sdrt-health/mac:02010b41cdec/antenna/tag/e2806894000050038661fd4f, 86
1652716440.122079, sdrt-health/mac:02010b41cdec/antenna/tag/e2806894000040038662114f, 88
1652716440.122364, sdrt-health/mac:02010b41cdec/antenna/tag/e2806894000040038662214f, 81
1652716440.122712, sdrt-health/mac:02010b41cdec/antenna/tag/e2806894000050038661fd4f, 83
1652716440.137142, sdrt-health/mac:02010b41cdec/antenna/tag/e2806894000040038662214f, 81
1652716440.175746, sdrt-health/mac:02010b41cdec/antenna/tag/e2806894000040038662114f, 88
1652716440.231523, sdrt-health/mac:02010b41cdec/antenna/tag/e2806894000050038661fd4f, 83
1652716440.231977, sdrt-health/mac:02010b41cdec/antenna/tag/e2806894000050038662154f, 91
1652716440.264209, sdrt-health/mac:02010b41cdec/antenna/tag/e2806894000040038662114f, 88
1652716440.304685, sdrt-health/mac:02010b41cdec/antenna/tag/e2806894000050038661fd4f, 90
1652716440.345256, sdrt-health/mac:02010b41cdec/antenna/tag/e2806894000040038662114f, 97
1652716440.3859, sdrt-health/mac:02010b41cdec/antenna/tag/e2806894000050038662194f, 87
1652716440.499605, sdrt-health/mac:02010b41cdec/antenna/tag/e2806894000050038662154f, 91
1652716440.500072, sdrt-health/mac:02010b41cdec/antenna/tag/e2806894000050038662154f, 85
1652716440.535811, sdrt-health/mac:02010b41cdec/antenna/tag/e28068940000400386621d4f, 90
1652716440.614908, sdrt-health/mac:02010b41cdec/antenna/tag/e2806894000050038661fd4f, 86
1652716440.615479, sdrt-health/mac:02010b41cdec/antenna/tag/e2806894000050038662194f, 83
1652716440.628852, sdrt-health/mac:02010b41cdec/antenna/tag/e2806894000050038661fd4f, 83
1652716440.655217, sdrt-health/mac:02010b41cdec/antenna/tag/e2806894000050038661fd4f, 83
1652716440.684476, sdrt-health/mac:02010b41cdec/antenna/tag/e2806894000040038662214f, 94
1652716440.684735, sdrt-health/mac:02010b41cdec/antenna/tag/e2806894000040038661f94f, 88
1652716440.68492, sdrt-health/mac:02010b41cdec/antenna/tag/e28068940000500386620d4f, 82
1652716440.723006, sdrt-health/mac:02010b41cdec/antenna/tag/e2806894000040038661f94f, 88
1652716440.774861, sdrt-health/mac:02010b41cdec/antenna/tag/e2806894000050038662194f, 83
1652716440.775242, sdrt-health/mac:02010b41cdec/antenna/tag/e2806894000050038662154f, 91
1652716440.78924, sdrt-health/mac:02010b41cdec/antenna/tag/e2806894000040038662114f, 88
1652716440.841441, sdrt-health/mac:02010b41cdec/antenna/tag/e2806894000050038662194f, 87
1652716440.904557, sdrt-health/mac:02010b41cdec/antenna/tag/e2806894000050038662154f, 91
1652716440.954227, sdrt-health/mac:02010b41cdec/antenna/tag/e2806894000050038662154f, 91
1652716440.984503, sdrt-health/mac:02010b41cdec/antenna/tag/e28068940000400386621d4f, 96
1652716440.984739, sdrt-health/mac:02010b41cdec/antenna/tag/e2806894000050038661fd4f, 86
1652716440.984908, sdrt-health/mac:02010b41cdec/antenna/tag/e2806894000050038662194f, 83
1652716441.007288, sdrt-health/mac:02010b41cdec/antenna/tag/e2806894000050038661fd4f, 83
1652716441.069721, sdrt-health/mac:02010b41cdec/antenna/tag/e2806894000050038662194f, 94
1652716441.070183, sdrt-health/mac:02010b41cdec/antenna/tag/e2806894000040038662214f, 88
1652716441.106396, sdrt-health/mac:02010b41cdec/antenna/tag/e2806894000040038661f94f, 84
1652716441.172171, sdrt-health/mac:02010b41cdec/antenna/tag/e2806894000050038662194f, 87
1652716441.172651, sdrt-health/mac:02010b41cdec/antenna/tag/e2806894000050038661fd4f, 86
1652716441.206105, sdrt-health/mac:02010b41cdec/antenna/tag/e2806894000050038662194f, 83
1652716441.235567, sdrt-health/mac:02010b41cdec/antenna/tag/e2806894000040038662114f, 88
1652716441.235967, sdrt-health/mac:02010b41cdec/antenna/tag/e28068940000400386621d4f, 96
1652716441.326243, sdrt-health/mac:02010b41cdec/antenna/tag/e2806894000050038662194f, 83
1652716441.382612, sdrt-health/mac:02010b41cdec/antenna/tag/e28068940000400386621d4f, 96
1652716441.436164, sdrt-health/mac:02010b41cdec/antenna/tag/e28068940000400386621d4f, 96
1652716441.49617, sdrt-health/mac:02010b41cdec/antenna/tag/e2806894000050038662154f, 88
1652716441.558597, sdrt-health/mac:02010b41cdec/antenna/tag/e28068940000400386621d4f, 77
1652716441.622051, sdrt-health/mac:02010b41cdec/antenna/tag/e2806894000040038662114f, 88
1652716441.697445, sdrt-health/mac:02010b41cdec/antenna/tag/e2806894000050038661fd4f, 97
1652716441.698019, sdrt-health/mac:02010b41cdec/antenna/tag/e2806894000050038661fd4f, 90
1652716441.710917, sdrt-health/mac:02010b41cdec/antenna/tag/e2806894000040038662114f, 88
1652716441.749432, sdrt-health/mac:02010b41cdec/antenna/tag/e2806894000050038662154f, 91
1652716441.749833, sdrt-health/mac:02010b41cdec/antenna/tag/e2806894000040038662114f, 91
1652716441.774858, sdrt-health/mac:02010b41cdec/antenna/tag/e2806894000040038662114f, 91
1652716441.843481, sdrt-health/mac:02010b41cdec/antenna/tag/e2806894000050038662154f, 91
1652716441.844005, sdrt-health/mac:02010b41cdec/antenna/tag/e2806894000050038661fd4f, 86
1652716441.890269, sdrt-health/mac:02010b41cdec/antenna/tag/e2806894000050038662194f, 83
1652716441.936495, sdrt-health/mac:02010b41cdec/antenna/tag/e2806894000050038662194f, 83
1652716441.967944, sdrt-health/mac:02010b41cdec/antenna/tag/e2806894000040038662214f, 94
1652716441.968414, sdrt-health/mac:02010b41cdec/antenna/tag/e2806894000040038662114f, 88
1652716441.98766, sdrt-health/mac:02010b41cdec/antenna/tag/e2806894000050038662194f, 94
1652716442.038175, sdrt-health/mac:02010b41cdec/antenna/tag/e2806894000040038661f94f, 94
1652716442.11861, sdrt-health/mac:02010b41cdec/antenna/tag/e2806894000040038662214f, 84
1652716442.153073, sdrt-health/mac:02010b41cdec/antenna/tag/e28068940000400386621d4f, 96
1652716442.153464, sdrt-health/mac:02010b41cdec/antenna/tag/e2806894000050038662194f, 81
1652716442.174139, sdrt-health/mac:02010b41cdec/antenna/tag/e2806894000050038662154f, 85
1652716442.240378, sdrt-health/mac:02010b41cdec/antenna/tag/e2806894000050038662154f, 88
1652716442.240979, sdrt-health/mac:02010b41cdec/antenna/tag/e2806894000050038662154f, 91
1652716442.256496, sdrt-health/mac:02010b41cdec/antenna/tag/e28068940000400386621d4f, 96
1652716442.278441, sdrt-health/mac:02010b41cdec/antenna/tag/e28068940000400386621d4f, 90
1652716442.3272, sdrt-health/mac:02010b41cdec/antenna/tag/e2806894000040038662114f, 88
1652716442.405187, sdrt-health/mac:02010b41cdec/antenna/tag/e2806894000040038662114f, 88
1652716442.40577, sdrt-health/mac:02010b41cdec/antenna/tag/e2806894000050038662194f, 81
1652716442.421153, sdrt-health/mac:02010b41cdec/antenna/tag/e2806894000050038661fd4f, 86
1652716442.447132, sdrt-health/mac:02010b41cdec/antenna/tag/e2806894000050038662154f, 91
1652716442.515911, sdrt-health/mac:02010b41cdec/antenna/tag/e2806894000050038662154f, 88
1652716442.516473, sdrt-health/mac:02010b41cdec/antenna/tag/e2806894000040038662114f, 97
1652716442.529785, sdrt-health/mac:02010b41cdec/antenna/tag/e2806894000040038662114f, 91
1652716442.544309, sdrt-health/mac:02010b41cdec/antenna/tag/e2806894000050038662154f, 88
1652716442.612896, sdrt-health/mac:02010b41cdec/antenna/tag/e2806894000050038662154f, 85
1652716442.613354, sdrt-health/mac:02010b41cdec/antenna/tag/e2806894000040038662114f, 88
1652716442.627089, sdrt-health/mac:02010b41cdec/antenna/tag/e2806894000050038662194f, 83
1652716442.647312, sdrt-health/mac:02010b41cdec/antenna/tag/e2806894000050038661fd4f, 83
1652716442.677291, sdrt-health/mac:02010b41cdec/antenna/tag/e2806894000050038662194f, 83
1652716442.677645, sdrt-health/mac:02010b41cdec/antenna/tag/e28068940000400386621d4f, 77
1652716442.758772, sdrt-health/mac:02010b41cdec/antenna/tag/e2806894000050038661fd4f, 86
1652716442.807717, sdrt-health/mac:02010b41cdec/antenna/tag/e2806894000050038661fd4f, 90
1652716442.869149, sdrt-health/mac:02010b41cdec/antenna/tag/e2806894000050038662154f, 88
1652716442.921087, sdrt-health/mac:02010b41cdec/antenna/tag/e2806894000050038662194f, 81
1652716442.966384, sdrt-health/mac:02010b41cdec/antenna/tag/e2806894000050038662154f, 88
1652716443.077462, sdrt-health/mac:02010b41cdec/antenna/tag/e2806894000040038662114f, 91
1652716443.077954, sdrt-health/mac:02010b41cdec/antenna/tag/e2806894000050038662194f, 83
1652716443.096132, sdrt-health/mac:02010b41cdec/antenna/tag/e2806894000050038662154f, 88
1652716443.096566, sdrt-health/mac:02010b41cdec/antenna/tag/e2806894000050038662154f, 88
1652716443.115652, sdrt-health/mac:02010b41cdec/antenna/tag/e2806894000050038662154f, 93
1652716443.147662, sdrt-health/mac:02010b41cdec/antenna/tag/e2806894000050038661fd4f, 83
1652716443.147928, sdrt-health/mac:02010b41cdec/antenna/tag/e28068940000400386621d4f, 77
1652716443.175456, sdrt-health/mac:02010b41cdec/antenna/tag/e2806894000040038662114f, 91
1652716443.208724, sdrt-health/mac:02010b41cdec/antenna/tag/e28068940000400386621d4f, 96
1652716443.20979, sdrt-health/mac:02010b41cdec/antenna/tag/e2806894000050038662194f, 87
1652716443.210187, sdrt-health/mac:02010b41cdec/antenna/tag/e2806894000040038662114f, 88
1652716443.226205, sdrt-health/mac:02010b41cdec/antenna/tag/e2806894000050038661fd4f, 83
1652716443.255528, sdrt-health/mac:02010b41cdec/antenna/tag/e2806894000040038662114f, 88
1652716443.255814, sdrt-health/mac:02010b41cdec/antenna/tag/e28068940000400386621d4f, 77
1652716443.269348, sdrt-health/mac:02010b41cdec/antenna/tag/e2806894000050038661fd4f, 83
1652716443.269602, sdrt-health/mac:02010b41cdec/antenna/tag/e2806894000040038662214f, 94
1652716443.333388, sdrt-health/mac:02010b41cdec/antenna/tag/e28068940000400386621d4f, 96
1652716443.377162, sdrt-health/mac:02010b41cdec/antenna/tag/e2806894000050038662154f, 85
1652716443.454724, sdrt-health/mac:02010b41cdec/antenna/tag/e2806894000040038662114f, 91
1652716443.455183, sdrt-health/mac:02010b41cdec/antenna/tag/e2806894000050038662154f, 93
1652716443.469881, sdrt-health/mac:02010b41cdec/antenna/tag/e28068940000400386621d4f, 96
1652716443.498836, sdrt-health/mac:02010b41cdec/antenna/tag/e2806894000050038662194f, 87
1652716443.547479, sdrt-health/mac:02010b41cdec/antenna/tag/e2806894000050038661fd4f, 83
1652716443.578946, sdrt-health/mac:02010b41cdec/antenna/tag/e2806894000050038662194f, 83
1652716443.579198, sdrt-health/mac:02010b41cdec/antenna/tag/e2806894000040038662114f, 88
1652716443.594246, sdrt-health/mac:02010b41cdec/antenna/tag/e2806894000040038662114f, 88
1652716443.639037, sdrt-health/mac:02010b41cdec/antenna/tag/e28068940000400386621d4f, 96
1652716443.685564, sdrt-health/mac:02010b41cdec/antenna/tag/e28068940000400386621d4f, 77
1652716443.771745, sdrt-health/mac:02010b41cdec/antenna/tag/e2806894000040038662114f, 91
1652716443.772256, sdrt-health/mac:02010b41cdec/antenna/tag/e2806894000040038662114f, 91
1652716443.786194, sdrt-health/mac:02010b41cdec/antenna/tag/e28068940000400386621d4f, 77
1652716443.786505, sdrt-health/mac:02010b41cdec/antenna/tag/e2806894000040038662114f, 88
1652716443.786741, sdrt-health/mac:02010b41cdec/antenna/tag/e2806894000050038661fd4f, 83
1652716443.815968, sdrt-health/mac:02010b41cdec/antenna/tag/e2806894000050038662194f, 83
1652716443.880233, sdrt-health/mac:02010b41cdec/antenna/tag/e2806894000050038661fd4f, 83
1652716443.880685, sdrt-health/mac:02010b41cdec/antenna/tag/e28068940000400386621d4f, 90
1652716443.906821, sdrt-health/mac:02010b41cdec/antenna/tag/e2806894000050038662154f, 88
1652716443.944761, sdrt-health/mac:02010b41cdec/antenna/tag/e2806894000040038662114f, 91
1652716444.002506, sdrt-health/mac:02010b41cdec/antenna/tag/e2806894000050038661fd4f, 86
1652716444.002978, sdrt-health/mac:02010b41cdec/antenna/tag/e2806894000050038662194f, 87
1652716444.039197, sdrt-health/mac:02010b41cdec/antenna/tag/e2806894000040038662114f, 91
1652716444.101099, sdrt-health/mac:02010b41cdec/antenna/tag/e2806894000050038662154f, 97
1652716444.101592, sdrt-health/mac:02010b41cdec/antenna/tag/e2806894000040038662114f, 91
1652716444.153974, sdrt-health/mac:02010b41cdec/antenna/tag/e2806894000050038662154f, 85
1652716444.182281, sdrt-health/mac:02010b41cdec/antenna/tag/e2806894000050038661fd4f, 97
1652716444.182631, sdrt-health/mac:02010b41cdec/antenna/tag/e2806894000050038662154f, 85
1652716444.345857, sdrt-health/mac:02010b41cdec/antenna/tag/scan, scan stopped
