1652716008.873989, sdrt-health/mac:02010b41cdec/antenna/power/set, {"power": 280}
1652716009.979525, sdrt-health/mac:02010b41cdec/antenna/power/set, 
1652716010.813739, sdrt-health/mac:02010b41cdec/antenna/state, connected
1652716010.814337, sdrt-health/mac:02010b41cdec/fw, {"version":"1.8.1","model":"200","hash":"2f556501b58f1dad542af428d7928d18","timestamp":1652716007}
1652716010.970732, sdrt-health/mac:02010b41cdec/antenna/version, J.6.6/V0121-04
1652716011.177528, sdrt-health/mac:02010b41cdec/antenna/power, 28
1652716013.897414, sdrt-health/mac:02010b41cdec/antenna/tag/scan, {"time": 20000}
1652716014.251673, sdrt-health/mac:02010b41cdec/antenna/tag/e2806894000040038662114f, 91
1652716014.316051, sdrt-health/mac:02010b41cdec/antenna/tag/e2806894000050038662194f, 88
1652716014.384522, sdrt-health/mac:02010b41cdec/antenna/tag/e28068940000400386621d4f, 96
1652716014.414213, sdrt-health/mac:02010b41cdec/antenna/tag/e2806894000040038662114f, 91
1652716014.414925, sdrt-health/mac:02010b41cdec/antenna/tag/e2806894000050038661fd4f, 86
1652716014.415272, sdrt-health/mac:02010b41cdec/antenna/tag/e28068940000400386621d4f, 96
1652716014.428362, sdrt-health/mac:02010b41cdec/antenna/tag/e2806894000050038662154f, 88
1652716014.480936, sdrt-health/mac:02010b41cdec/antenna/tag/e2806894000050038662194f, 83
1652716014.510081, sdrt-health/mac:02010b41cdec/antenna/tag/e2806894000050038662194f, 83
1652716014.510363, sdrt-health/mac:02010b41cdec/antenna/tag/e2806894000050038662194f, 83
1652716014.539876, sdrt-health/mac:02010b41cdec/antenna/tag/e28068940000400386621d4f, 90
1652716014.614787, sdrt-health/mac:02010b41cdec/antenna/tag/e2806894000050038661fd4f, 86
1652716014.615323, sdrt-health/mac:02010b41cdec/antenna/tag/e2806894000050038661fd4f, 97
1652716014.615694, sdrt-health/mac:02010b41cdec/antenna/tag/e2806894000050038662154f, 88
1652716014.64746, sdrt-health/mac:02010b41cdec/antenna/tag/e2806894000050038661fd4f, 83
1652716014.675807, sdrt-health/mac:02010b41cdec/antenna/tag/e2806894000050038661fd4f, 97
1652716014.676064, sdrt-health/mac:02010b41cdec/antenna/tag/e2806894000040038662114f, 88
1652716014.697711, sdrt-health/mac:02010b41cdec/antenna/tag/e2806894000050038661fd4f, 83
1652716014.768018, sdrt-health/mac:02010b41cdec/antenna/tag/e28068940000400386621d4f, 96
1652716014.81804, sdrt-health/mac:02010b41cdec/antenna/tag/e2806894000050038662154f, 85
1652716014.818699, sdrt-health/mac:02010b41cdec/antenna/tag/e2806894000050038662194f, 81
1652716014.819185, sdrt-health/mac:02010b41cdec/antenna/tag/e2806894000050038661fd4f, 97
1652716014.834031, sdrt-health/mac:02010b41cdec/antenna/tag/e2806894000050038662194f, 83
1652716014.860933, sdrt-health/mac:02010b41cdec/antenna/tag/e2806894000050038661fd4f, 83
1652716014.924264, sdrt-health/mac:02010b41cdec/antenna/tag/e2806894000050038661fd4f, 83
1652716014.92473, sdrt-health/mac:02010b41cdec/antenna/tag/e2806894000050038662154f, 85
1652716014.940758, sdrt-health/mac:02010b41cdec/antenna/tag/e2806894000040038662114f, 88
1652716014.97137, sdrt-health/mac:02010b41cdec/antenna/tag/e2806894000050038661fd4f, 83
1652716014.97177, sdrt-health/mac:02010b41cdec/antenna/tag/e2806894000050038661fd4f, 83
1652716014.986288, sdrt-health/mac:02010b41cdec/antenna/tag/e2806894000050038662154f, 91
1652716015.019779, sdrt-health/mac:02010b41cdec/antenna/tag/e2806894000040038662114f, 88
1652716015.051543, sdrt-health/mac:02010b41cdec/antenna/tag/e2806894000050038661fd4f, 86
1652716015.052014, sdrt-health/mac:02010b41cdec/antenna/tag/e2806894000040038662114f, 85
1652716015.066307, sdrt-health/mac:02010b41cdec/antenna/tag/e28068940000400386621d4f, 90
1652716015.199833, sdrt-health/mac:02010b41cdec/antenna/tag/e2806894000040038662114f, 88
1652716015.200407, sdrt-health/mac:02010b41cdec/antenna/tag/e28068940000400386621d4f, 96
1652716015.226437, sdrt-health/mac:02010b41cdec/antenna/tag/e2806894000050038662154f, 88
1652716015.280883, sdrt-health/mac:02010b41cdec/antenna/tag/e28068940000400386621d4f, 96
1652716015.316645, sdrt-health/mac:02010b41cdec/antenna/tag/e28068940000400386621d4f, 96
1652716015.317193, sdrt-health/mac:02010b41cdec/antenna/tag/e2806894000050038661fd4f, 86
1652716015.442312, sdrt-health/mac:02010b41cdec/antenna/tag/e2806894000050038661fd4f, 86
1652716015.509908, sdrt-health/mac:02010b41cdec/antenna/tag/e2806894000040038662114f, 91
1652716015.539195, sdrt-health/mac:02010b41cdec/antenna/tag/e28068940000400386621d4f, 90
1652716015.539559, sdrt-health/mac:02010b41cdec/antenna/tag/e2806894000050038662154f, 88
1652716015.539855, sdrt-health/mac:02010b41cdec/antenna/tag/e28068940000400386621d4f, 90
1652716015.540133, sdrt-health/mac:02010b41cdec/antenna/tag/e2806894000050038661fd4f, 86
1652716015.540487, sdrt-health/mac:02010b41cdec/antenna/tag/e2806894000040038662114f, 91
1652716015.540766, sdrt-health/mac:02010b41cdec/antenna/tag/e2806894000050038661fd4f, 86
1652716015.541081, sdrt-health/mac:02010b41cdec/antenna/tag/e2806894000050038662194f, 83
1652716015.562999, sdrt-health/mac:02010b41cdec/antenna/tag/e2806894000050038661fd4f, 83
1652716015.593605, sdrt-health/mac:02010b41cdec/antenna/tag/e2806894000050038661fd4f, 83
1652716015.594044, sdrt-health/mac:02010b41cdec/antenna/tag/e28068940000400386621d4f, 90
1652716015.594181, sdrt-health/mac:02010b41cdec/antenna/tag/e2806894000050038661fd4f, 83
1652716015.594283, sdrt-health/mac:02010b41cdec/antenna/tag/e28068940000400386621d4f, 96
1652716015.838963, sdrt-health/mac:02010b41cdec/antenna/tag/e28068940000400386621d4f, 96
1652716015.910571, sdrt-health/mac:02010b41cdec/antenna/tag/e2806894000050038661fd4f, 86
1652716015.911052, sdrt-health/mac:02010b41cdec/antenna/tag/e2806894000040038662114f, 91
1652716015.926979, sdrt-health/mac:02010b41cdec/antenna/tag/e2806894000050038662154f, 91
1652716015.927449, sdrt-health/mac:02010b41cdec/antenna/tag/e2806894000050038662154f, 88
1652716015.927773, sdrt-health/mac:02010b41cdec/antenna/tag/e28068940000400386621d4f, 77
1652716015.927993, sdrt-health/mac:02010b41cdec/antenna/tag/e2806894000050038662154f, 85
1652716015.928277, sdrt-health/mac:02010b41cdec/antenna/tag/e2806894000050038661fd4f, 83
1652716015.928508, sdrt-health/mac:02010b41cdec/antenna/tag/e2806894000040038662114f, 88
1652716015.928723, sdrt-health/mac:02010b41cdec/antenna/tag/e28068940000400386621d4f, 96
1652716015.928934, sdrt-health/mac:02010b41cdec/antenna/tag/e2806894000040038662114f, 88
1652716015.929184, sdrt-health/mac:02010b41cdec/antenna/tag/e2806894000040038662114f, 88
1652716015.929455, sdrt-health/mac:02010b41cdec/antenna/tag/e2806894000050038661fd4f, 86
1652716015.929642, sdrt-health/mac:02010b41cdec/antenna/tag/e2806894000040038662114f, 88
1652716015.965181, sdrt-health/mac:02010b41cdec/antenna/tag/e28068940000400386621d4f, 96
1652716015.994491, sdrt-health/mac:02010b41cdec/antenna/tag/e2806894000050038662154f, 88
1652716015.994842, sdrt-health/mac:02010b41cdec/antenna/tag/e28068940000400386621d4f, 96
1652716016.014934, sdrt-health/mac:02010b41cdec/antenna/tag/e2806894000040038662114f, 91
1652716016.085325, sdrt-health/mac:02010b41cdec/antenna/tag/e28068940000400386621d4f, 96
1652716016.165406, sdrt-health/mac:02010b41cdec/antenna/tag/e2806894000050038662194f, 93
1652716016.165921, sdrt-health/mac:02010b41cdec/antenna/tag/e2806894000050038662154f, 88
1652716016.201135, sdrt-health/mac:02010b41cdec/antenna/tag/e2806894000040038662114f, 88
1652716016.230947, sdrt-health/mac:02010b41cdec/antenna/tag/e2806894000050038661fd4f, 86
1652716016.231324, sdrt-health/mac:02010b41cdec/antenna/tag/e28068940000400386621d4f, 96
1652716016.231788, sdrt-health/mac:02010b41cdec/antenna/tag/e2806894000050038662154f, 91
1652716016.232117, sdrt-health/mac:02010b41cdec/antenna/tag/e28068940000400386621d4f, 96
1652716016.268557, sdrt-health/mac:02010b41cdec/antenna/tag/e28068940000400386621d4f, 96
1652716016.318057, sdrt-health/mac:02010b41cdec/antenna/tag/e2806894000050038662154f, 88
1652716016.346045, sdrt-health/mac:02010b41cdec/antenna/tag/e2806894000050038661fd4f, 90
1652716016.346459, sdrt-health/mac:02010b41cdec/antenna/tag/e2806894000040038662114f, 91
1652716016.346732, sdrt-health/mac:02010b41cdec/antenna/tag/e28068940000400386621d4f, 90
1652716016.36067, sdrt-health/mac:02010b41cdec/antenna/tag/e2806894000050038661fd4f, 86
1652716016.425901, sdrt-health/mac:02010b41cdec/antenna/tag/e2806894000040038661f94f, 83
1652716016.42693, sdrt-health/mac:02010b41cdec/antenna/tag/e28068940000400386621d4f, 96
1652716016.446543, sdrt-health/mac:02010b41cdec/antenna/tag/e2806894000040038662114f, 91
1652716016.447067, sdrt-health/mac:02010b41cdec/antenna/tag/e28068940000400386621d4f, 90
1652716016.558349, sdrt-health/mac:02010b41cdec/antenna/tag/e2806894000050038662154f, 88
1652716016.588277, sdrt-health/mac:02010b41cdec/antenna/tag/e2806894000050038661fd4f, 86
1652716016.588593, sdrt-health/mac:02010b41cdec/antenna/tag/e2806894000050038662154f, 88
1652716016.588822, sdrt-health/mac:02010b41cdec/antenna/tag/e28068940000400386621d4f, 96
1652716016.636555, sdrt-health/mac:02010b41cdec/antenna/tag/e28068940000400386621d4f, 96
1652716016.667327, sdrt-health/mac:02010b41cdec/antenna/tag/e2806894000040038662114f, 88
1652716016.667777, sdrt-health/mac:02010b41cdec/antenna/tag/e2806894000050038661fd4f, 86
1652716016.707557, sdrt-health/mac:02010b41cdec/antenna/tag/e2806894000050038662154f, 85
1652716016.80139, sdrt-health/mac:02010b41cdec/antenna/tag/e2806894000040038662214f, 81
1652716016.801866, sdrt-health/mac:02010b41cdec/antenna/tag/e2806894000050038662154f, 85
1652716016.835462, sdrt-health/mac:02010b41cdec/antenna/tag/e2806894000040038662114f, 88
1652716016.842215, sdrt-health/mac:02010b41cdec/antenna/tag/e28068940000400386621d4f, 96
1652716016.853597, sdrt-health/mac:02010b41cdec/antenna/tag/e2806894000050038662154f, 88
1652716016.921385, sdrt-health/mac:02010b41cdec/antenna/tag/e2806894000050038662154f, 88
1652716017.038365, sdrt-health/mac:02010b41cdec/antenna/tag/e28068940000400386621d4f, 90
1652716017.070291, sdrt-health/mac:02010b41cdec/antenna/tag/e2806894000040038662114f, 91
1652716017.070577, sdrt-health/mac:02010b41cdec/antenna/tag/e28068940000400386621d4f, 90
1652716017.070778, sdrt-health/mac:02010b41cdec/antenna/tag/e2806894000040038662114f, 88
1652716017.123181, sdrt-health/mac:02010b41cdec/antenna/tag/e2806894000050038662154f, 88
1652716017.157522, sdrt-health/mac:02010b41cdec/antenna/tag/e2806894000050038662154f, 88
1652716017.157971, sdrt-health/mac:02010b41cdec/antenna/tag/e2806894000050038662194f, 87
1652716017.158275, sdrt-health/mac:02010b41cdec/antenna/tag/e2806894000050038662154f, 91
1652716017.181336, sdrt-health/mac:02010b41cdec/antenna/tag/e2806894000050038662194f, 87
1652716017.209785, sdrt-health/mac:02010b41cdec/antenna/tag/e2806894000040038662114f, 91
1652716017.210062, sdrt-health/mac:02010b41cdec/antenna/tag/e2806894000040038662214f, 94
1652716017.210226, sdrt-health/mac:02010b41cdec/antenna/tag/e2806894000040038662114f, 91
1652716017.210384, sdrt-health/mac:02010b41cdec/antenna/tag/e28068940000400386621d4f, 77
1652716017.227568, sdrt-health/mac:02010b41cdec/antenna/tag/e28068940000400386621d4f, 77
1652716017.258842, sdrt-health/mac:02010b41cdec/antenna/tag/e2806894000040038662214f, 94
1652716017.297673, sdrt-health/mac:02010b41cdec/antenna/tag/e2806894000050038662154f, 91
1652716017.345677, sdrt-health/mac:02010b41cdec/antenna/tag/e2806894000040038662114f, 88
1652716017.386396, sdrt-health/mac:02010b41cdec/antenna/tag/e28068940000400386621d4f, 96
1652716017.446018, sdrt-health/mac:02010b41cdec/antenna/tag/e28068940000400386621d4f, 96
1652716017.447157, sdrt-health/mac:02010b41cdec/antenna/tag/e2806894000050038661fd4f, 86
1652716017.462255, sdrt-health/mac:02010b41cdec/antenna/tag/e2806894000050038661fd4f, 86
1652716017.507481, sdrt-health/mac:02010b41cdec/antenna/tag/e2806894000050038662194f, 81
1652716017.562612, sdrt-health/mac:02010b41cdec/antenna/tag/e2806894000040038662114f, 88
1652716017.56307, sdrt-health/mac:02010b41cdec/antenna/tag/e2806894000040038662214f, 88
1652716017.605923, sdrt-health/mac:02010b41cdec/antenna/tag/e2806894000050038661fd4f, 83
1652716017.660019, sdrt-health/mac:02010b41cdec/antenna/tag/e2806894000040038662114f, 88
1652716017.707203, sdrt-health/mac:02010b41cdec/antenna/tag/e2806894000050038662194f, 87
1652716017.75017, sdrt-health/mac:02010b41cdec/antenna/tag/e28068940000400386621d4f, 96
1652716017.814835, sdrt-health/mac:02010b41cdec/antenna/tag/e2806894000050038662154f, 91
1652716017.815365, sdrt-health/mac:02010b41cdec/antenna/tag/e2806894000050038662154f, 91
1652716017.880862, sdrt-health/mac:02010b41cdec/antenna/tag/e28068940000400386621d4f, 96
1652716017.942524, sdrt-health/mac:02010b41cdec/antenna/tag/e2806894000040038662054f, 81
1652716018.012272, sdrt-health/mac:02010b41cdec/antenna/tag/e28068940000400386621d4f, 96
1652716018.043372, sdrt-health/mac:02010b41cdec/antenna/tag/e28068940000400386621d4f, 96
1652716018.043781, sdrt-health/mac:02010b41cdec/antenna/tag/e2806894000050038662154f, 91
1652716018.044115, sdrt-health/mac:02010b41cdec/antenna/tag/e2806894000040038662114f, 91
1652716018.044422, sdrt-health/mac:02010b41cdec/antenna/tag/e2806894000050038661fd4f, 86
1652716018.068544, sdrt-health/mac:02010b41cdec/antenna/tag/e2806894000050038662154f, 88
1652716018.101127, sdrt-health/mac:02010b41cdec/antenna/tag/e2806894000050038662154f, 85
1652716018.101778, sdrt-health/mac:02010b41cdec/antenna/tag/e2806894000050038661fd4f, 97
1652716018.143338, sdrt-health/mac:02010b41cdec/antenna/tag/e2806894000040038662114f, 88
1652716018.223005, sdrt-health/mac:02010b41cdec/antenna/tag/e28068940000400386621d4f, 96
1652716018.223549, sdrt-health/mac:02010b41cdec/antenna/tag/e2806894000050038662154f, 85
1652716018.280729, sdrt-health/mac:02010b41cdec/antenna/tag/e2806894000050038661fd4f, 86
1652716018.314634, sdrt-health/mac:02010b41cdec/antenna/tag/e2806894000040038662114f, 91
1652716018.315275, sdrt-health/mac:02010b41cdec/antenna/tag/e2806894000040038662114f, 91
1652716018.407504, sdrt-health/mac:02010b41cdec/antenna/tag/e2806894000050038661fd4f, 90
1652716018.439114, sdrt-health/mac:02010b41cdec/antenna/tag/e2806894000050038661fd4f, 86
1652716018.439328, sdrt-health/mac:02010b41cdec/antenna/tag/e2806894000050038661fd4f, 86
1652716018.657325, sdrt-health/mac:02010b41cdec/antenna/tag/e2806894000050038661fd4f, 90
1652716018.687363, sdrt-health/mac:02010b41cdec/antenna/tag/e2806894000040038662114f, 88
1652716018.687769, sdrt-health/mac:02010b41cdec/antenna/tag/e2806894000040038662114f, 91
1652716018.74407, sdrt-health/mac:02010b41cdec/antenna/tag/e2806894000040038662114f, 85
1652716018.777352, sdrt-health/mac:02010b41cdec/antenna/tag/e28068940000400386621d4f, 77
1652716018.777691, sdrt-health/mac:02010b41cdec/antenna/tag/e28068940000400386621d4f, 77
1652716018.777965, sdrt-health/mac:02010b41cdec/antenna/tag/e2806894000050038661fd4f, 83
1652716018.778277, sdrt-health/mac:02010b41cdec/antenna/tag/e2806894000040038662114f, 88
1652716018.778507, sdrt-health/mac:02010b41cdec/antenna/tag/e2806894000040038662214f, 81
1652716018.778758, sdrt-health/mac:02010b41cdec/antenna/tag/e28068940000400386621d4f, 77
1652716018.778998, sdrt-health/mac:02010b41cdec/antenna/tag/e2806894000040038662214f, 110
1652716018.779228, sdrt-health/mac:02010b41cdec/antenna/tag/e2806894000040038662114f, 85
1652716018.77946, sdrt-health/mac:02010b41cdec/antenna/tag/e2806894000040038662114f, 88
1652716018.791956, sdrt-health/mac:02010b41cdec/antenna/tag/e2806894000040038662114f, 88
1652716018.792203, sdrt-health/mac:02010b41cdec/antenna/tag/e2806894000050038661fd4f, 86
1652716018.79234, sdrt-health/mac:02010b41cdec/antenna/tag/e2806894000040038662114f, 85
1652716018.792466, sdrt-health/mac:02010b41cdec/antenna/tag/e2806894000050038662154f, 91
1652716018.855257, sdrt-health/mac:02010b41cdec/antenna/tag/e28068940000400386621d4f, 96
1652716019.026815, sdrt-health/mac:02010b41cdec/antenna/tag/e2806894000050038662154f, 88
1652716019.127155, sdrt-health/mac:02010b41cdec/antenna/tag/e2806894000040038662114f, 91
1652716019.12739, sdrt-health/mac:02010b41cdec/antenna/tag/e28068940000400386621d4f, 90
1652716019.140651, sdrt-health/mac:02010b41cdec/antenna/tag/e2806894000040038662114f, 88
1652716019.140848, sdrt-health/mac:02010b41cdec/antenna/tag/e28068940000400386621d4f, 90
1652716019.140979, sdrt-health/mac:02010b41cdec/antenna/tag/e2806894000040038662114f, 97
1652716019.141126, sdrt-health/mac:02010b41cdec/antenna/tag/e28068940000400386621d4f, 96
1652716019.14193, sdrt-health/mac:02010b41cdec/antenna/tag/e2806894000040038662114f, 91
1652716019.142089, sdrt-health/mac:02010b41cdec/antenna/tag/e2806894000050038661fd4f, 86
1652716019.142251, sdrt-health/mac:02010b41cdec/antenna/tag/e2806894000050038662194f, 81
1652716019.162476, sdrt-health/mac:02010b41cdec/antenna/tag/e28068940000500386620d4f, 84
1652716019.218101, sdrt-health/mac:02010b41cdec/antenna/tag/e2806894000050038662194f, 81
1652716019.218611, sdrt-health/mac:02010b41cdec/antenna/tag/e28068940000400386621d4f, 77
1652716019.233102, sdrt-health/mac:02010b41cdec/antenna/tag/e28068940000400386621d4f, 96
1652716019.26542, sdrt-health/mac:02010b41cdec/antenna/tag/e28068940000400386621d4f, 96
1652716019.322193, sdrt-health/mac:02010b41cdec/antenna/tag/e28068940000400386621d4f, 90
1652716019.363367, sdrt-health/mac:02010b41cdec/antenna/tag/e2806894000040038662114f, 91
1652716019.363848, sdrt-health/mac:02010b41cdec/antenna/tag/e2806894000050038662154f, 88
1652716019.364227, sdrt-health/mac:02010b41cdec/antenna/tag/e2806894000050038662194f, 81
1652716019.364694, sdrt-health/mac:02010b41cdec/antenna/tag/e2806894000050038661fd4f, 83
1652716019.378093, sdrt-health/mac:02010b41cdec/antenna/tag/e2806894000050038661fd4f, 86
1652716019.41808, sdrt-health/mac:02010b41cdec/antenna/tag/e2806894000050038662154f, 88
1652716019.498173, sdrt-health/mac:02010b41cdec/antenna/tag/e28068940000400386621d4f, 90
1652716019.559713, sdrt-health/mac:02010b41cdec/antenna/tag/e2806894000050038661fd4f, 83
1652716019.622083, sdrt-health/mac:02010b41cdec/antenna/tag/e28068940000400386621d4f, 96
1652716019.622554, sdrt-health/mac:02010b41cdec/antenna/tag/e2806894000050038662154f, 85
1652716019.63669, sdrt-health/mac:02010b41cdec/antenna/tag/e2806894000050038661fd4f, 83
1652716019.636946, sdrt-health/mac:02010b41cdec/antenna/tag/e2806894000050038662194f, 87
1652716019.654909, sdrt-health/mac:02010b41cdec/antenna/tag/e2806894000050038662194f, 83
1652716019.713754, sdrt-health/mac:02010b41cdec/antenna/tag/e2806894000050038662154f, 93
1652716019.714269, sdrt-health/mac:02010b41cdec/antenna/tag/e2806894000040038662114f, 88
1652716019.728436, sdrt-health/mac:02010b41cdec/antenna/tag/e2806894000050038662194f, 93
1652716019.747174, sdrt-health/mac:02010b41cdec/antenna/tag/e2806894000050038662194f, 81
1652716019.783757, sdrt-health/mac:02010b41cdec/antenna/tag/e28068940000400386621d4f, 96
1652716019.841413, sdrt-health/mac:02010b41cdec/antenna/tag/e2806894000040038662114f, 88
1652716019.841926, sdrt-health/mac:02010b41cdec/antenna/tag/e2806894000050038661fd4f, 83
1652716019.879964, sdrt-health/mac:02010b41cdec/antenna/tag/e2806894000040038662114f, 88
1652716019.943155, sdrt-health/mac:02010b41cdec/antenna/tag/e2806894000050038661fd4f, 97
1652716019.943615, sdrt-health/mac:02010b41cdec/antenna/tag/e2806894000040038662114f, 88
1652716019.957981, sdrt-health/mac:02010b41cdec/antenna/tag/e2806894000050038662154f, 85
1652716019.987199, sdrt-health/mac:02010b41cdec/antenna/tag/e2806894000050038661fd4f, 83
1652716020.021783, sdrt-health/mac:02010b41cdec/antenna/tag/e2806894000050038662194f, 83
1652716020.022217, sdrt-health/mac:02010b41cdec/antenna/tag/e2806894000050038662154f, 85
1652716020.041902, sdrt-health/mac:02010b41cdec/antenna/tag/e2806894000050038662154f, 88
1652716020.087384, sdrt-health/mac:02010b41cdec/antenna/tag/e2806894000050038662194f, 88
1652716020.152104, sdrt-health/mac:02010b41cdec/antenna/tag/e28068940000400386621d4f, 77
1652716020.152578, sdrt-health/mac:02010b41cdec/antenna/tag/e2806894000050038662194f, 88
1652716020.174462, sdrt-health/mac:02010b41cdec/antenna/tag/e28068940000400386621d4f, 96
1652716020.232116, sdrt-health/mac:02010b41cdec/antenna/tag/e2806894000050038662194f, 87
1652716020.232696, sdrt-health/mac:02010b41cdec/antenna/tag/e2806894000040038662114f, 91
1652716020.246149, sdrt-health/mac:02010b41cdec/antenna/tag/e28068940000400386621d4f, 96
1652716020.282092, sdrt-health/mac:02010b41cdec/antenna/tag/e2806894000050038662194f, 83
1652716020.327562, sdrt-health/mac:02010b41cdec/antenna/tag/e2806894000050038661fd4f, 83
1652716020.402305, sdrt-health/mac:02010b41cdec/antenna/tag/e2806894000040038662114f, 88
1652716020.402808, sdrt-health/mac:02010b41cdec/antenna/tag/e28068940000400386621d4f, 96
1652716020.418379, sdrt-health/mac:02010b41cdec/antenna/tag/e2806894000050038662194f, 83
1652716020.440798, sdrt-health/mac:02010b41cdec/antenna/tag/e2806894000050038662194f, 88
1652716020.486096, sdrt-health/mac:02010b41cdec/antenna/tag/e28068940000400386621d4f, 90
1652716020.592522, sdrt-health/mac:02010b41cdec/antenna/tag/e2806894000050038662194f, 94
1652716020.593062, sdrt-health/mac:02010b41cdec/antenna/tag/e2806894000050038662194f, 87
1652716020.617582, sdrt-health/mac:02010b41cdec/antenna/tag/e28068940000400386621d4f, 90
1652716020.647829, sdrt-health/mac:02010b41cdec/antenna/tag/e2806894000050038661fd4f, 86
1652716020.648103, sdrt-health/mac:02010b41cdec/antenna/tag/e2806894000040038662114f, 91
1652716020.666834, sdrt-health/mac:02010b41cdec/antenna/tag/e2806894000040038662114f, 88
1652716020.7167, sdrt-health/mac:02010b41cdec/antenna/tag/e2806894000050038662194f, 83
1652716020.762012, sdrt-health/mac:02010b41cdec/antenna/tag/e2806894000050038662154f, 85
1652716020.792876, sdrt-health/mac:02010b41cdec/antenna/tag/e28068940000400386621d4f, 96
1652716020.793118, sdrt-health/mac:02010b41cdec/antenna/tag/e2806894000050038661fd4f, 97
1652716020.812754, sdrt-health/mac:02010b41cdec/antenna/tag/e2806894000050038662154f, 88
1652716020.848339, sdrt-health/mac:02010b41cdec/antenna/tag/e2806894000040038662114f, 91
1652716020.900509, sdrt-health/mac:02010b41cdec/antenna/tag/e2806894000040038662114f, 91
1652716020.900913, sdrt-health/mac:02010b41cdec/antenna/tag/e2806894000050038662154f, 88
1652716020.914465, sdrt-health/mac:02010b41cdec/antenna/tag/e2806894000040038662114f, 91
1652716020.933758, sdrt-health/mac:02010b41cdec/antenna/tag/e2806894000040038661f94f, 94
1652716021.014345, sdrt-health/mac:02010b41cdec/antenna/tag/e2806894000050038661fd4f, 86
1652716021.015129, sdrt-health/mac:02010b41cdec/antenna/tag/e2806894000050038662194f, 87
1652716021.046614, sdrt-health/mac:02010b41cdec/antenna/tag/e2806894000040038662114f, 91
1652716021.097285, sdrt-health/mac:02010b41cdec/antenna/tag/e2806894000050038661fd4f, 83
1652716021.139255, sdrt-health/mac:02010b41cdec/antenna/tag/e2806894000050038662154f, 85
1652716021.168903, sdrt-health/mac:02010b41cdec/antenna/tag/e2806894000050038661fd4f, 97
1652716021.169265, sdrt-health/mac:02010b41cdec/antenna/tag/e28068940000400386621d4f, 96
1652716021.183692, sdrt-health/mac:02010b41cdec/antenna/tag/e2806894000050038661fd4f, 97
1652716021.212324, sdrt-health/mac:02010b41cdec/antenna/tag/e2806894000050038661fd4f, 97
1652716021.255583, sdrt-health/mac:02010b41cdec/antenna/tag/e2806894000050038662194f, 81
1652716021.311018, sdrt-health/mac:02010b41cdec/antenna/tag/e2806894000050038661fd4f, 83
1652716021.311459, sdrt-health/mac:02010b41cdec/antenna/tag/e28068940000400386621d4f, 96
1652716021.33472, sdrt-health/mac:02010b41cdec/antenna/tag/e28068940000400386621d4f, 77
1652716021.409966, sdrt-health/mac:02010b41cdec/antenna/tag/e2806894000050038662154f, 85
1652716021.488937, sdrt-health/mac:02010b41cdec/antenna/tag/e2806894000050038662154f, 85
1652716021.489932, sdrt-health/mac:02010b41cdec/antenna/tag/e2806894000050038661fd4f, 83
1652716021.504563, sdrt-health/mac:02010b41cdec/antenna/tag/e28068940000400386621d4f, 96
1652716021.527945, sdrt-health/mac:02010b41cdec/antenna/tag/e2806894000050038662154f, 91
1652716021.560055, sdrt-health/mac:02010b41cdec/antenna/tag/e28068940000400386621d4f, 96
1652716021.560309, sdrt-health/mac:02010b41cdec/antenna/tag/e2806894000050038661fd4f, 83
1652716021.69147, sdrt-health/mac:02010b41cdec/antenna/tag/e2806894000050038661fd4f, 83
1652716021.719981, sdrt-health/mac:02010b41cdec/antenna/tag/e28068940000400386621d4f, 96
1652716021.720568, sdrt-health/mac:02010b41cdec/antenna/tag/e2806894000050038662194f, 81
1652716021.75591, sdrt-health/mac:02010b41cdec/antenna/tag/e2806894000050038661fd4f, 97
1652716021.784717, sdrt-health/mac:02010b41cdec/antenna/tag/e2806894000040038662114f, 91
1652716021.78594, sdrt-health/mac:02010b41cdec/antenna/tag/e2806894000040038662114f, 91
1652716021.786281, sdrt-health/mac:02010b41cdec/antenna/tag/e2806894000040038662114f, 88
1652716021.786586, sdrt-health/mac:02010b41cdec/antenna/tag/e28068940000400386621d4f, 96
1652716021.786984, sdrt-health/mac:02010b41cdec/antenna/tag/e2806894000050038661fd4f, 86
1652716021.808286, sdrt-health/mac:02010b41cdec/antenna/tag/e2806894000050038661fd4f, 90
1652716021.809079, sdrt-health/mac:02010b41cdec/antenna/tag/e28068940000400386621d4f, 90
1652716021.822727, sdrt-health/mac:02010b41cdec/antenna/tag/e2806894000050038662154f, 91
1652716021.85703, sdrt-health/mac:02010b41cdec/antenna/tag/e2806894000050038661fd4f, 86
1652716021.912855, sdrt-health/mac:02010b41cdec/antenna/tag/e28068940000400386621d4f, 90
1652716021.91332, sdrt-health/mac:02010b41cdec/antenna/tag/e2806894000050038662154f, 88
1652716021.913683, sdrt-health/mac:02010b41cdec/antenna/tag/e2806894000050038661fd4f, 86
1652716021.984029, sdrt-health/mac:02010b41cdec/antenna/tag/e2806894000050038662154f, 88
1652716022.030253, sdrt-health/mac:02010b41cdec/antenna/tag/e2806894000040038662114f, 97
1652716022.081963, sdrt-health/mac:02010b41cdec/antenna/tag/e2806894000050038662194f, 93
1652716022.082565, sdrt-health/mac:02010b41cdec/antenna/tag/e2806894000050038661fd4f, 83
1652716022.136668, sdrt-health/mac:02010b41cdec/antenna/tag/e2806894000050038661fd4f, 83
1652716022.165884, sdrt-health/mac:02010b41cdec/antenna/tag/e28068940000400386621d4f, 90
1652716022.166381, sdrt-health/mac:02010b41cdec/antenna/tag/e2806894000050038661fd4f, 86
1652716022.179647, sdrt-health/mac:02010b41cdec/antenna/tag/e28068940000400386621d4f, 96
1652716022.179907, sdrt-health/mac:02010b41cdec/antenna/tag/e2806894000040038662114f, 88
1652716022.234895, sdrt-health/mac:02010b41cdec/antenna/tag/e2806894000040038662114f, 88
1652716022.279908, sdrt-health/mac:02010b41cdec/antenna/tag/e2806894000050038662194f, 83
1652716022.329743, sdrt-health/mac:02010b41cdec/antenna/tag/e2806894000050038662154f, 88
1652716022.385551, sdrt-health/mac:02010b41cdec/antenna/tag/e2806894000050038661fd4f, 86
1652716022.456645, sdrt-health/mac:02010b41cdec/antenna/tag/e2806894000040038662114f, 88
1652716022.457137, sdrt-health/mac:02010b41cdec/antenna/tag/e2806894000050038661fd4f, 86
1652716022.472394, sdrt-health/mac:02010b41cdec/antenna/tag/e28068940000400386621d4f, 96
1652716022.508899, sdrt-health/mac:02010b41cdec/antenna/tag/e2806894000050038661fd4f, 86
1652716022.509341, sdrt-health/mac:02010b41cdec/antenna/tag/e28068940000400386621d4f, 96
1652716022.522779, sdrt-health/mac:02010b41cdec/antenna/tag/e2806894000050038661fd4f, 83
1652716022.54677, sdrt-health/mac:02010b41cdec/antenna/tag/e2806894000050038662154f, 88
1652716022.628637, sdrt-health/mac:02010b41cdec/antenna/tag/e2806894000050038661fd4f, 83
1652716022.629178, sdrt-health/mac:02010b41cdec/antenna/tag/e2806894000050038661fd4f, 83
1652716022.641929, sdrt-health/mac:02010b41cdec/antenna/tag/e28068940000400386621d4f, 90
1652716022.658205, sdrt-health/mac:02010b41cdec/antenna/tag/e2806894000050038661fd4f, 86
1652716022.686755, sdrt-health/mac:02010b41cdec/antenna/tag/e28068940000400386621d4f, 96
1652716022.687105, sdrt-health/mac:02010b41cdec/antenna/tag/e2806894000050038661fd4f, 86
1652716022.68731, sdrt-health/mac:02010b41cdec/antenna/tag/e28068940000400386621d4f, 96
1652716022.709724, sdrt-health/mac:02010b41cdec/antenna/tag/e2806894000050038661fd4f, 86
1652716022.741894, sdrt-health/mac:02010b41cdec/antenna/tag/e2806894000040038662114f, 88
1652716022.742319, sdrt-health/mac:02010b41cdec/antenna/tag/e2806894000050038661fd4f, 83
1652716022.742611, sdrt-health/mac:02010b41cdec/antenna/tag/e2806894000050038662154f, 91
1652716022.773078, sdrt-health/mac:02010b41cdec/antenna/tag/e2806894000050038661fd4f, 86
1652716022.818463, sdrt-health/mac:02010b41cdec/antenna/tag/e28068940000400386621d4f, 96
1652716022.846741, sdrt-health/mac:02010b41cdec/antenna/tag/e2806894000050038662154f, 88
1652716022.847106, sdrt-health/mac:02010b41cdec/antenna/tag/e2806894000040038662114f, 88
1652716022.860406, sdrt-health/mac:02010b41cdec/antenna/tag/e2806894000050038661fd4f, 86
1652716022.920831, sdrt-health/mac:02010b41cdec/antenna/tag/e2806894000050038661fd4f, 90
1652716022.94929, sdrt-health/mac:02010b41cdec/antenna/tag/e2806894000050038661fd4f, 86
1652716022.949596, sdrt-health/mac:02010b41cdec/antenna/tag/e2806894000050038662154f, 88
1652716022.969882, sdrt-health/mac:02010b41cdec/antenna/tag/e28068940000400386621d4f, 90
1652716023.004675, sdrt-health/mac:02010b41cdec/antenna/tag/e2806894000040038662114f, 88
1652716023.005022, sdrt-health/mac:02010b41cdec/antenna/tag/e28068940000400386621d4f, 96
1652716023.020582, sdrt-health/mac:02010b41cdec/antenna/tag/e2806894000050038661fd4f, 86
1652716023.085969, sdrt-health/mac:02010b41cdec/antenna/tag/e28068940000400386621d4f, 90
1652716023.086309, sdrt-health/mac:02010b41cdec/antenna/tag/e2806894000050038661fd4f, 86
1652716023.101576, sdrt-health/mac:02010b41cdec/antenna/tag/e2806894000050038662154f, 88
1652716023.102076, sdrt-health/mac:02010b41cdec/antenna/tag/e2806894000040038662114f, 88
1652716023.123858, sdrt-health/mac:02010b41cdec/antenna/tag/e2806894000040038662114f, 88
1652716023.168751, sdrt-health/mac:02010b41cdec/antenna/tag/e2806894000040038662114f, 88
1652716023.217913, sdrt-health/mac:02010b41cdec/antenna/tag/e2806894000050038661fd4f, 83
1652716023.248604, sdrt-health/mac:02010b41cdec/antenna/tag/e2806894000040038662114f, 85
1652716023.249134, sdrt-health/mac:02010b41cdec/antenna/tag/e2806894000040038662214f, 81
1652716023.264526, sdrt-health/mac:02010b41cdec/antenna/tag/e2806894000040038662054f, 81
1652716023.308922, sdrt-health/mac:02010b41cdec/antenna/tag/e28068940000400386621d4f, 96
1652716023.361322, sdrt-health/mac:02010b41cdec/antenna/tag/e2806894000040038662114f, 88
1652716023.361777, sdrt-health/mac:02010b41cdec/antenna/tag/e2806894000050038661fd4f, 86
1652716023.608371, sdrt-health/mac:02010b41cdec/antenna/tag/e2806894000050038661fd4f, 86
1652716023.78489, sdrt-health/mac:02010b41cdec/antenna/tag/e28068940000400386621d4f, 90
1652716023.785365, sdrt-health/mac:02010b41cdec/antenna/tag/e2806894000040038662114f, 97
1652716023.804264, sdrt-health/mac:02010b41cdec/antenna/tag/e2806894000050038662194f, 81
1652716023.80464, sdrt-health/mac:02010b41cdec/antenna/tag/e2806894000040038662114f, 97
1652716023.804882, sdrt-health/mac:02010b41cdec/antenna/tag/e2806894000050038661fd4f, 86
1652716023.805108, sdrt-health/mac:02010b41cdec/antenna/tag/e2806894000050038661fd4f, 86
1652716023.805333, sdrt-health/mac:02010b41cdec/antenna/tag/e2806894000050038661fd4f, 86
1652716023.805578, sdrt-health/mac:02010b41cdec/antenna/tag/e2806894000050038662194f, 83
1652716023.805804, sdrt-health/mac:02010b41cdec/antenna/tag/e28068940000400386621d4f, 90
1652716023.806221, sdrt-health/mac:02010b41cdec/antenna/tag/e2806894000050038662154f, 88
1652716023.806613, sdrt-health/mac:02010b41cdec/antenna/tag/e2806894000050038662154f, 93
1652716023.822015, sdrt-health/mac:02010b41cdec/antenna/tag/e28068940000400386621d4f, 77
1652716023.852006, sdrt-health/mac:02010b41cdec/antenna/tag/e28068940000500386620d4f, 88
1652716023.852335, sdrt-health/mac:02010b41cdec/antenna/tag/e2806894000050038662194f, 84
1652716023.852589, sdrt-health/mac:02010b41cdec/antenna/tag/e2806894000040038662114f, 88
1652716023.852721, sdrt-health/mac:02010b41cdec/antenna/tag/e2806894000040038662114f, 88
1652716023.852864, sdrt-health/mac:02010b41cdec/antenna/tag/e2806894000040038662214f, 88
1652716023.852996, sdrt-health/mac:02010b41cdec/antenna/tag/e2806894000050038661fd4f, 86
1652716023.867778, sdrt-health/mac:02010b41cdec/antenna/tag/e2806894000040038662114f, 88
1652716023.868116, sdrt-health/mac:02010b41cdec/antenna/tag/e2806894000050038662194f, 83
1652716023.868352, sdrt-health/mac:02010b41cdec/antenna/tag/e2806894000040038662114f, 88
1652716023.94176, sdrt-health/mac:02010b41cdec/antenna/tag/e2806894000040038662114f, 85
1652716023.988901, sdrt-health/mac:02010b41cdec/antenna/tag/e2806894000050038662154f, 91
1652716024.018717, sdrt-health/mac:02010b41cdec/antenna/tag/e2806894000050038662154f, 91
1652716024.019747, sdrt-health/mac:02010b41cdec/antenna/tag/e2806894000050038662154f, 91
1652716024.01997, sdrt-health/mac:02010b41cdec/antenna/tag/e2806894000050038661fd4f, 86
1652716024.020152, sdrt-health/mac:02010b41cdec/antenna/tag/e2806894000040038662114f, 88
1652716024.020336, sdrt-health/mac:02010b41cdec/antenna/tag/e2806894000050038661fd4f, 86
1652716024.047473, sdrt-health/mac:02010b41cdec/antenna/tag/e28068940000400386621d4f, 96
1652716024.131493, sdrt-health/mac:02010b41cdec/antenna/tag/e28068940000400386621d4f, 77
1652716024.162113, sdrt-health/mac:02010b41cdec/antenna/tag/e2806894000040038662214f, 81
1652716024.162418, sdrt-health/mac:02010b41cdec/antenna/tag/e2806894000050038662154f, 85
1652716024.202126, sdrt-health/mac:02010b41cdec/antenna/tag/e2806894000040038662114f, 85
1652716024.23216, sdrt-health/mac:02010b41cdec/antenna/tag/e28068940000400386621d4f, 96
1652716024.232537, sdrt-health/mac:02010b41cdec/antenna/tag/e2806894000050038662194f, 87
1652716024.28236, sdrt-health/mac:02010b41cdec/antenna/tag/e2806894000050038662194f, 81
1652716024.322215, sdrt-health/mac:02010b41cdec/antenna/tag/e2806894000050038662154f, 91
1652716024.322581, sdrt-health/mac:02010b41cdec/antenna/tag/e2806894000050038662194f, 81
1652716024.370964, sdrt-health/mac:02010b41cdec/antenna/tag/e2806894000040038662114f, 91
1652716024.443899, sdrt-health/mac:02010b41cdec/antenna/tag/e2806894000040038662114f, 88
1652716024.444459, sdrt-health/mac:02010b41cdec/antenna/tag/e2806894000050038662154f, 91
1652716024.458478, sdrt-health/mac:02010b41cdec/antenna/tag/e2806894000050038661fd4f, 90
1652716024.458883, sdrt-health/mac:02010b41cdec/antenna/tag/e2806894000040038662114f, 88
1652716024.459236, sdrt-health/mac:02010b41cdec/antenna/tag/e28068940000400386621d4f, 96
1652716024.479693, sdrt-health/mac:02010b41cdec/antenna/tag/e28068940000400386621d4f, 96
1652716024.511849, sdrt-health/mac:02010b41cdec/antenna/tag/e2806894000050038662154f, 91
1652716024.512107, sdrt-health/mac:02010b41cdec/antenna/tag/e2806894000040038662114f, 88
1652716024.538403, sdrt-health/mac:02010b41cdec/antenna/tag/e2806894000050038662154f, 88
1652716024.566366, sdrt-health/mac:02010b41cdec/antenna/tag/e28068940000400386621d4f, 96
1652716024.566767, sdrt-health/mac:02010b41cdec/antenna/tag/e2806894000050038661fd4f, 90
1652716024.58732, sdrt-health/mac:02010b41cdec/antenna/tag/e2806894000050038661fd4f, 83
1652716024.615513, sdrt-health/mac:02010b41cdec/antenna/tag/e2806894000050038662194f, 81
1652716024.61586, sdrt-health/mac:02010b41cdec/antenna/tag/e2806894000050038661fd4f, 83
1652716024.644356, sdrt-health/mac:02010b41cdec/antenna/tag/e2806894000040038662114f, 88
1652716024.697613, sdrt-health/mac:02010b41cdec/antenna/tag/e2806894000050038662154f, 91
1652716024.747874, sdrt-health/mac:02010b41cdec/antenna/tag/e28068940000400386621d4f, 96
1652716024.786944, sdrt-health/mac:02010b41cdec/antenna/tag/e2806894000050038662154f, 91
1652716024.787266, sdrt-health/mac:02010b41cdec/antenna/tag/e2806894000040038662114f, 97
1652716024.801239, sdrt-health/mac:02010b41cdec/antenna/tag/e2806894000050038661fd4f, 90
1652716024.801541, sdrt-health/mac:02010b41cdec/antenna/tag/e2806894000050038662154f, 91
1652716024.839857, sdrt-health/mac:02010b41cdec/antenna/tag/e2806894000050038662154f, 91
1652716024.87324, sdrt-health/mac:02010b41cdec/antenna/tag/e2806894000050038661fd4f, 86
1652716024.873541, sdrt-health/mac:02010b41cdec/antenna/tag/e28068940000400386621d4f, 96
1652716024.888645, sdrt-health/mac:02010b41cdec/antenna/tag/e2806894000050038662154f, 88
1652716024.929368, sdrt-health/mac:02010b41cdec/antenna/tag/e2806894000050038661fd4f, 83
1652716025.00183, sdrt-health/mac:02010b41cdec/antenna/tag/e2806894000050038662154f, 85
1652716025.048627, sdrt-health/mac:02010b41cdec/antenna/tag/e2806894000050038662194f, 83
1652716025.111546, sdrt-health/mac:02010b41cdec/antenna/tag/e28068940000400386621d4f, 96
1652716025.112057, sdrt-health/mac:02010b41cdec/antenna/tag/e28068940000400386621d4f, 96
1652716025.125393, sdrt-health/mac:02010b41cdec/antenna/tag/e2806894000040038662114f, 88
1652716025.165785, sdrt-health/mac:02010b41cdec/antenna/tag/e28068940000400386621d4f, 96
1652716025.204983, sdrt-health/mac:02010b41cdec/antenna/tag/e2806894000050038661fd4f, 83
1652716025.255735, sdrt-health/mac:02010b41cdec/antenna/tag/e2806894000040038662114f, 85
1652716025.322642, sdrt-health/mac:02010b41cdec/antenna/tag/e2806894000040038662114f, 88
1652716025.352434, sdrt-health/mac:02010b41cdec/antenna/tag/e2806894000050038662154f, 88
1652716025.352943, sdrt-health/mac:02010b41cdec/antenna/tag/e2806894000040038662114f, 85
1652716025.368208, sdrt-health/mac:02010b41cdec/antenna/tag/e2806894000040038662114f, 88
1652716025.368487, sdrt-health/mac:02010b41cdec/antenna/tag/e2806894000050038661fd4f, 86
1652716025.417491, sdrt-health/mac:02010b41cdec/antenna/tag/e2806894000040038662114f, 88
1652716025.446573, sdrt-health/mac:02010b41cdec/antenna/tag/e2806894000050038661fd4f, 86
1652716025.447088, sdrt-health/mac:02010b41cdec/antenna/tag/e28068940000400386621d4f, 96
1652716025.480932, sdrt-health/mac:02010b41cdec/antenna/tag/e2806894000050038661fd4f, 86
1652716025.535585, sdrt-health/mac:02010b41cdec/antenna/tag/e28068940000400386621d4f, 96
1652716025.602795, sdrt-health/mac:02010b41cdec/antenna/tag/e2806894000050038662194f, 83
1652716025.603252, sdrt-health/mac:02010b41cdec/antenna/tag/e2806894000040038662114f, 97
1652716025.640574, sdrt-health/mac:02010b41cdec/antenna/tag/e2806894000040038662114f, 88
1652716025.701903, sdrt-health/mac:02010b41cdec/antenna/tag/e28068940000400386621d4f, 77
1652716025.702429, sdrt-health/mac:02010b41cdec/antenna/tag/e28068940000400386621d4f, 77
1652716025.717909, sdrt-health/mac:02010b41cdec/antenna/tag/e2806894000050038661fd4f, 97
1652716025.718341, sdrt-health/mac:02010b41cdec/antenna/tag/e2806894000050038662154f, 85
1652716025.73647, sdrt-health/mac:02010b41cdec/antenna/tag/e28068940000400386621d4f, 77
1652716025.786837, sdrt-health/mac:02010b41cdec/antenna/tag/e2806894000050038662154f, 88
1652716025.841121, sdrt-health/mac:02010b41cdec/antenna/tag/e2806894000050038662194f, 87
1652716025.841556, sdrt-health/mac:02010b41cdec/antenna/tag/e28068940000400386621d4f, 96
1652716025.856065, sdrt-health/mac:02010b41cdec/antenna/tag/e2806894000040038662114f, 91
1652716025.865377, sdrt-health/mac:02010b41cdec/antenna/tag/e2806894000040038661f94f, 81
1652716025.906893, sdrt-health/mac:02010b41cdec/antenna/tag/e2806894000050038662154f, 88
1652716025.961971, sdrt-health/mac:02010b41cdec/antenna/tag/e28068940000400386621d4f, 96
1652716025.962443, sdrt-health/mac:02010b41cdec/antenna/tag/e2806894000040038662114f, 88
1652716025.977488, sdrt-health/mac:02010b41cdec/antenna/tag/e2806894000050038662154f, 88
1652716026.024872, sdrt-health/mac:02010b41cdec/antenna/tag/e2806894000040038662114f, 88
1652716026.02527, sdrt-health/mac:02010b41cdec/antenna/tag/e2806894000050038661fd4f, 83
1652716026.072212, sdrt-health/mac:02010b41cdec/antenna/tag/e2806894000040038662114f, 88
1652716026.158323, sdrt-health/mac:02010b41cdec/antenna/tag/e2806894000040038662114f, 88
1652716026.159265, sdrt-health/mac:02010b41cdec/antenna/tag/e2806894000050038662154f, 88
1652716026.172518, sdrt-health/mac:02010b41cdec/antenna/tag/e2806894000050038662194f, 83
1652716026.172863, sdrt-health/mac:02010b41cdec/antenna/tag/e2806894000050038662154f, 88
1652716026.200338, sdrt-health/mac:02010b41cdec/antenna/tag/e2806894000050038662154f, 91
1652716026.269584, sdrt-health/mac:02010b41cdec/antenna/tag/e2806894000050038661fd4f, 83
1652716026.270148, sdrt-health/mac:02010b41cdec/antenna/tag/e2806894000050038662194f, 81
1652716026.283389, sdrt-health/mac:02010b41cdec/antenna/tag/e2806894000050038662194f, 94
1652716026.312382, sdrt-health/mac:02010b41cdec/antenna/tag/e2806894000040038662114f, 88
1652716026.341377, sdrt-health/mac:02010b41cdec/antenna/tag/e2806894000040038662214f, 81
1652716026.341696, sdrt-health/mac:02010b41cdec/antenna/tag/e2806894000050038662154f, 85
1652716026.377317, sdrt-health/mac:02010b41cdec/antenna/tag/e2806894000050038661fd4f, 97
1652716026.449081, sdrt-health/mac:02010b41cdec/antenna/tag/e2806894000050038662154f, 85
1652716026.519387, sdrt-health/mac:02010b41cdec/antenna/tag/e2806894000050038662194f, 81
1652716026.519883, sdrt-health/mac:02010b41cdec/antenna/tag/e28068940000400386621d4f, 96
1652716026.534719, sdrt-health/mac:02010b41cdec/antenna/tag/e2806894000050038662194f, 83
1652716026.535216, sdrt-health/mac:02010b41cdec/antenna/tag/e2806894000050038662154f, 85
1652716026.547225, sdrt-health/mac:02010b41cdec/antenna/tag/e2806894000050038662154f, 93
1652716026.608013, sdrt-health/mac:02010b41cdec/antenna/tag/e28068940000400386621d4f, 96
1652716026.655361, sdrt-health/mac:02010b41cdec/antenna/tag/e28068940000400386621d4f, 96
1652716026.735808, sdrt-health/mac:02010b41cdec/antenna/tag/e2806894000050038662194f, 81
1652716026.73628, sdrt-health/mac:02010b41cdec/antenna/tag/e2806894000040038662114f, 91
1652716026.736653, sdrt-health/mac:02010b41cdec/antenna/tag/e2806894000050038662154f, 91
1652716026.737096, sdrt-health/mac:02010b41cdec/antenna/tag/e2806894000050038662154f, 88
1652716026.770007, sdrt-health/mac:02010b41cdec/antenna/tag/e2806894000050038662154f, 93
1652716026.815564, sdrt-health/mac:02010b41cdec/antenna/tag/e2806894000050038662194f, 83
1652716026.868722, sdrt-health/mac:02010b41cdec/antenna/tag/e2806894000050038661fd4f, 97
1652716027.149285, sdrt-health/mac:02010b41cdec/antenna/tag/e2806894000040038662114f, 97
1652716027.222661, sdrt-health/mac:02010b41cdec/antenna/tag/e2806894000050038662194f, 81
1652716027.22326, sdrt-health/mac:02010b41cdec/antenna/tag/e2806894000050038662154f, 88
1652716027.238884, sdrt-health/mac:02010b41cdec/antenna/tag/e28068940000400386621d4f, 90
1652716027.239273, sdrt-health/mac:02010b41cdec/antenna/tag/e2806894000050038662154f, 88
1652716027.239565, sdrt-health/mac:02010b41cdec/antenna/tag/e2806894000050038661fd4f, 83
1652716027.307001, sdrt-health/mac:02010b41cdec/antenna/tag/e2806894000040038662114f, 97
1652716027.307534, sdrt-health/mac:02010b41cdec/antenna/tag/e2806894000050038661fd4f, 86
1652716027.341507, sdrt-health/mac:02010b41cdec/antenna/tag/e2806894000050038662154f, 88
1652716027.342002, sdrt-health/mac:02010b41cdec/antenna/tag/e2806894000050038662154f, 85
1652716027.34232, sdrt-health/mac:02010b41cdec/antenna/tag/e2806894000050038661fd4f, 97
1652716027.342638, sdrt-health/mac:02010b41cdec/antenna/tag/e2806894000050038662194f, 81
1652716027.34985, sdrt-health/mac:02010b41cdec/antenna/tag/e28068940000400386621d4f, 96
1652716027.401095, sdrt-health/mac:02010b41cdec/antenna/tag/e2806894000050038662154f, 88
1652716027.477776, sdrt-health/mac:02010b41cdec/antenna/tag/e2806894000050038662154f, 88
1652716027.478418, sdrt-health/mac:02010b41cdec/antenna/tag/e2806894000040038662114f, 88
1652716027.674232, sdrt-health/mac:02010b41cdec/antenna/tag/e2806894000040038662114f, 91
1652716027.702874, sdrt-health/mac:02010b41cdec/antenna/tag/e2806894000050038662154f, 88
1652716027.703321, sdrt-health/mac:02010b41cdec/antenna/tag/e2806894000040038662114f, 97
1652716027.779899, sdrt-health/mac:02010b41cdec/antenna/tag/e2806894000040038662114f, 88
1652716027.808958, sdrt-health/mac:02010b41cdec/antenna/tag/e28068940000400386621d4f, 90
1652716027.80925, sdrt-health/mac:02010b41cdec/antenna/tag/e28068940000400386621d4f, 96
1652716027.809445, sdrt-health/mac:02010b41cdec/antenna/tag/e28068940000400386621d4f, 96
1652716027.809673, sdrt-health/mac:02010b41cdec/antenna/tag/e2806894000050038662194f, 83
1652716027.809857, sdrt-health/mac:02010b41cdec/antenna/tag/e28068940000400386621d4f, 96
1652716027.810036, sdrt-health/mac:02010b41cdec/antenna/tag/e28068940000400386621d4f, 96
1652716027.810243, sdrt-health/mac:02010b41cdec/antenna/tag/e2806894000050038662154f, 85
1652716027.895284, sdrt-health/mac:02010b41cdec/antenna/tag/e2806894000050038662154f, 88
1652716027.926265, sdrt-health/mac:02010b41cdec/antenna/tag/e2806894000050038661fd4f, 97
1652716027.926531, sdrt-health/mac:02010b41cdec/antenna/tag/e2806894000050038662154f, 88
1652716027.926741, sdrt-health/mac:02010b41cdec/antenna/tag/e28068940000400386621d4f, 96
1652716027.963926, sdrt-health/mac:02010b41cdec/antenna/tag/e2806894000050038662154f, 85
1652716027.992764, sdrt-health/mac:02010b41cdec/antenna/tag/e2806894000040038662114f, 88
1652716027.992995, sdrt-health/mac:02010b41cdec/antenna/tag/e2806894000050038662194f, 83
1652716027.993167, sdrt-health/mac:02010b41cdec/antenna/tag/e2806894000050038662154f, 85
1652716027.993311, sdrt-health/mac:02010b41cdec/antenna/tag/e2806894000050038662154f, 88
1652716028.029565, sdrt-health/mac:02010b41cdec/antenna/tag/e28068940000400386621d4f, 96
1652716028.058845, sdrt-health/mac:02010b41cdec/antenna/tag/e2806894000040038662114f, 88
1652716028.059147, sdrt-health/mac:02010b41cdec/antenna/tag/e2806894000050038661fd4f, 86
1652716028.084057, sdrt-health/mac:02010b41cdec/antenna/tag/e2806894000050038662154f, 91
1652716028.172098, sdrt-health/mac:02010b41cdec/antenna/tag/e2806894000050038661fd4f, 97
1652716028.172613, sdrt-health/mac:02010b41cdec/antenna/tag/e2806894000050038662194f, 83
1652716028.225596, sdrt-health/mac:02010b41cdec/antenna/tag/e28068940000400386621d4f, 96
1652716028.254646, sdrt-health/mac:02010b41cdec/antenna/tag/e2806894000050038662154f, 88
1652716028.254936, sdrt-health/mac:02010b41cdec/antenna/tag/e2806894000050038662154f, 88
1652716028.340943, sdrt-health/mac:02010b41cdec/antenna/tag/e2806894000050038662194f, 81
1652716028.371645, sdrt-health/mac:02010b41cdec/antenna/tag/e2806894000040038662114f, 88
1652716028.371901, sdrt-health/mac:02010b41cdec/antenna/tag/e2806894000050038662154f, 91
1652716028.372069, sdrt-health/mac:02010b41cdec/antenna/tag/e2806894000050038661fd4f, 86
1652716028.37224, sdrt-health/mac:02010b41cdec/antenna/tag/e2806894000050038662194f, 94
1652716028.421715, sdrt-health/mac:02010b41cdec/antenna/tag/e2806894000050038661fd4f, 90
1652716028.452941, sdrt-health/mac:02010b41cdec/antenna/tag/e2806894000050038662154f, 85
1652716028.453387, sdrt-health/mac:02010b41cdec/antenna/tag/e2806894000040038662114f, 88
1652716028.476977, sdrt-health/mac:02010b41cdec/antenna/tag/e28068940000400386621d4f, 96
1652716028.511284, sdrt-health/mac:02010b41cdec/antenna/tag/e28068940000500386620d4f, 84
1652716028.511603, sdrt-health/mac:02010b41cdec/antenna/tag/e28068940000400386621d4f, 96
1652716028.543604, sdrt-health/mac:02010b41cdec/antenna/tag/e2806894000050038662154f, 88
1652716028.61483, sdrt-health/mac:02010b41cdec/antenna/tag/e28068940000400386621d4f, 90
1652716028.615451, sdrt-health/mac:02010b41cdec/antenna/tag/e28068940000400386621d4f, 90
1652716028.630665, sdrt-health/mac:02010b41cdec/antenna/tag/e2806894000040038662114f, 88
1652716028.716707, sdrt-health/mac:02010b41cdec/antenna/tag/e2806894000040038662114f, 88
1652716028.717236, sdrt-health/mac:02010b41cdec/antenna/tag/e2806894000050038661fd4f, 86
1652716028.733231, sdrt-health/mac:02010b41cdec/antenna/tag/e2806894000040038662114f, 91
1652716028.733614, sdrt-health/mac:02010b41cdec/antenna/tag/e2806894000050038662154f, 88
1652716028.822434, sdrt-health/mac:02010b41cdec/antenna/tag/e28068940000400386621d4f, 96
1652716028.851466, sdrt-health/mac:02010b41cdec/antenna/tag/e2806894000040038662114f, 88
1652716028.851872, sdrt-health/mac:02010b41cdec/antenna/tag/e28068940000400386621d4f, 96
1652716028.852196, sdrt-health/mac:02010b41cdec/antenna/tag/e28068940000400386621d4f, 96
1652716028.852475, sdrt-health/mac:02010b41cdec/antenna/tag/e2806894000050038662194f, 83
1652716028.880048, sdrt-health/mac:02010b41cdec/antenna/tag/e2806894000050038661fd4f, 97
1652716028.909427, sdrt-health/mac:02010b41cdec/antenna/tag/e2806894000050038662194f, 83
1652716028.909685, sdrt-health/mac:02010b41cdec/antenna/tag/e2806894000050038661fd4f, 97
1652716028.909857, sdrt-health/mac:02010b41cdec/antenna/tag/e2806894000050038661fd4f, 86
1652716028.910019, sdrt-health/mac:02010b41cdec/antenna/tag/e28068940000400386621d4f, 96
1652716028.943275, sdrt-health/mac:02010b41cdec/antenna/tag/e2806894000050038661fd4f, 86
1652716028.974467, sdrt-health/mac:02010b41cdec/antenna/tag/e28068940000400386621d4f, 96
1652716028.974846, sdrt-health/mac:02010b41cdec/antenna/tag/e2806894000040038662114f, 88
1652716028.975096, sdrt-health/mac:02010b41cdec/antenna/tag/e28068940000400386621d4f, 96
1652716029.001969, sdrt-health/mac:02010b41cdec/antenna/tag/e2806894000040038662114f, 85
1652716029.07002, sdrt-health/mac:02010b41cdec/antenna/tag/e2806894000040038662114f, 91
1652716029.070485, sdrt-health/mac:02010b41cdec/antenna/tag/e28068940000400386621d4f, 96
1652716029.105235, sdrt-health/mac:02010b41cdec/antenna/tag/e2806894000050038662154f, 91
1652716029.105935, sdrt-health/mac:02010b41cdec/antenna/tag/e2806894000050038661fd4f, 83
1652716029.251444, sdrt-health/mac:02010b41cdec/antenna/tag/e2806894000050038661fd4f, 83
1652716029.281638, sdrt-health/mac:02010b41cdec/antenna/tag/e2806894000050038661fd4f, 86
1652716029.282183, sdrt-health/mac:02010b41cdec/antenna/tag/e28068940000400386621d4f, 96
1652716029.32351, sdrt-health/mac:02010b41cdec/antenna/tag/e2806894000050038661fd4f, 86
1652716029.354001, sdrt-health/mac:02010b41cdec/antenna/tag/e2806894000040038662114f, 88
1652716029.354379, sdrt-health/mac:02010b41cdec/antenna/tag/e2806894000050038662154f, 88
1652716029.354637, sdrt-health/mac:02010b41cdec/antenna/tag/e2806894000040038662114f, 88
1652716029.381426, sdrt-health/mac:02010b41cdec/antenna/tag/e28068940000400386621d4f, 96
1652716029.457261, sdrt-health/mac:02010b41cdec/antenna/tag/e28068940000400386621d4f, 96
1652716029.457753, sdrt-health/mac:02010b41cdec/antenna/tag/e2806894000050038662154f, 91
1652716029.472588, sdrt-health/mac:02010b41cdec/antenna/tag/e2806894000050038661fd4f, 86
1652716029.497583, sdrt-health/mac:02010b41cdec/antenna/tag/e2806894000050038662154f, 88
1652716029.53854, sdrt-health/mac:02010b41cdec/antenna/tag/e2806894000050038662154f, 88
1652716029.597551, sdrt-health/mac:02010b41cdec/antenna/tag/e2806894000050038661fd4f, 86
1652716029.598218, sdrt-health/mac:02010b41cdec/antenna/tag/e2806894000050038662154f, 88
1652716029.612156, sdrt-health/mac:02010b41cdec/antenna/tag/e2806894000050038661fd4f, 86
1652716029.642661, sdrt-health/mac:02010b41cdec/antenna/tag/e28068940000400386621d4f, 96
1652716029.642966, sdrt-health/mac:02010b41cdec/antenna/tag/e2806894000040038662214f, 88
1652716029.68264, sdrt-health/mac:02010b41cdec/antenna/tag/e2806894000050038662154f, 85
1652716029.757047, sdrt-health/mac:02010b41cdec/antenna/tag/e2806894000040038662114f, 88
1652716029.757512, sdrt-health/mac:02010b41cdec/antenna/tag/e2806894000050038661fd4f, 83
1652716029.771577, sdrt-health/mac:02010b41cdec/antenna/tag/e2806894000050038662194f, 88
1652716029.771854, sdrt-health/mac:02010b41cdec/antenna/tag/e2806894000040038662214f, 81
1652716029.798865, sdrt-health/mac:02010b41cdec/antenna/tag/e28068940000400386621d4f, 96
1652716029.86386, sdrt-health/mac:02010b41cdec/antenna/tag/e2806894000040038662114f, 88
1652716029.864281, sdrt-health/mac:02010b41cdec/antenna/tag/e2806894000050038661fd4f, 86
1652716029.879788, sdrt-health/mac:02010b41cdec/antenna/tag/e2806894000040038662114f, 88
1652716029.880322, sdrt-health/mac:02010b41cdec/antenna/tag/e28068940000400386621d4f, 96
1652716029.916083, sdrt-health/mac:02010b41cdec/antenna/tag/e2806894000050038662194f, 83
1652716029.960716, sdrt-health/mac:02010b41cdec/antenna/tag/e2806894000040038662114f, 91
1652716030.217888, sdrt-health/mac:02010b41cdec/antenna/tag/e2806894000050038661fd4f, 83
1652716030.401285, sdrt-health/mac:02010b41cdec/antenna/tag/e2806894000050038661fd4f, 86
1652716030.431878, sdrt-health/mac:02010b41cdec/antenna/tag/e2806894000050038662194f, 83
1652716030.432319, sdrt-health/mac:02010b41cdec/antenna/tag/e2806894000040038662114f, 97
1652716030.432587, sdrt-health/mac:02010b41cdec/antenna/tag/e2806894000050038662154f, 88
1652716030.432844, sdrt-health/mac:02010b41cdec/antenna/tag/e2806894000050038661fd4f, 86
1652716030.433098, sdrt-health/mac:02010b41cdec/antenna/tag/e2806894000040038662114f, 91
1652716030.433347, sdrt-health/mac:02010b41cdec/antenna/tag/e2806894000040038662114f, 88
1652716030.433598, sdrt-health/mac:02010b41cdec/antenna/tag/e2806894000050038662154f, 85
1652716030.433876, sdrt-health/mac:02010b41cdec/antenna/tag/e28068940000400386621d4f, 96
1652716030.434124, sdrt-health/mac:02010b41cdec/antenna/tag/e2806894000050038662154f, 85
1652716030.499442, sdrt-health/mac:02010b41cdec/antenna/tag/e28068940000400386621d4f, 96
1652716030.528351, sdrt-health/mac:02010b41cdec/antenna/tag/e2806894000050038662154f, 91
1652716030.528678, sdrt-health/mac:02010b41cdec/antenna/tag/e2806894000050038662194f, 81
1652716030.528895, sdrt-health/mac:02010b41cdec/antenna/tag/e2806894000050038662154f, 91
1652716030.529096, sdrt-health/mac:02010b41cdec/antenna/tag/e2806894000050038662154f, 91
1652716030.529303, sdrt-health/mac:02010b41cdec/antenna/tag/e2806894000050038661fd4f, 83
1652716030.551449, sdrt-health/mac:02010b41cdec/antenna/tag/e2806894000050038662154f, 88
1652716030.578828, sdrt-health/mac:02010b41cdec/antenna/tag/e2806894000050038662154f, 88
1652716030.579127, sdrt-health/mac:02010b41cdec/antenna/tag/e2806894000050038662194f, 81
1652716030.579355, sdrt-health/mac:02010b41cdec/antenna/tag/e28068940000400386621d4f, 96
1652716030.579575, sdrt-health/mac:02010b41cdec/antenna/tag/e2806894000050038661fd4f, 83
1652716030.600563, sdrt-health/mac:02010b41cdec/antenna/tag/e2806894000050038662154f, 85
1652716030.806962, sdrt-health/mac:02010b41cdec/antenna/tag/e2806894000050038662154f, 91
1652716030.863319, sdrt-health/mac:02010b41cdec/antenna/tag/e2806894000040038662114f, 88
1652716030.893588, sdrt-health/mac:02010b41cdec/antenna/tag/e28068940000400386621d4f, 96
1652716030.893933, sdrt-health/mac:02010b41cdec/antenna/tag/e28068940000400386621d4f, 96
1652716030.922002, sdrt-health/mac:02010b41cdec/antenna/tag/e2806894000040038662114f, 91
1652716030.987609, sdrt-health/mac:02010b41cdec/antenna/tag/e28068940000400386621d4f, 96
1652716030.988099, sdrt-health/mac:02010b41cdec/antenna/tag/e2806894000050038661fd4f, 86
1652716031.001081, sdrt-health/mac:02010b41cdec/antenna/tag/e28068940000400386621d4f, 96
1652716031.026563, sdrt-health/mac:02010b41cdec/antenna/tag/e2806894000040038662114f, 88
1652716031.056393, sdrt-health/mac:02010b41cdec/antenna/tag/e2806894000050038662154f, 88
1652716031.0567, sdrt-health/mac:02010b41cdec/antenna/tag/e2806894000040038662114f, 88
1652716031.056962, sdrt-health/mac:02010b41cdec/antenna/tag/e2806894000050038662154f, 91
1652716031.088815, sdrt-health/mac:02010b41cdec/antenna/tag/e2806894000040038662114f, 88
1652716031.160686, sdrt-health/mac:02010b41cdec/antenna/tag/e2806894000050038662154f, 85
1652716031.161275, sdrt-health/mac:02010b41cdec/antenna/tag/e2806894000040038662114f, 88
1652716031.17535, sdrt-health/mac:02010b41cdec/antenna/tag/e2806894000040038662114f, 88
1652716031.418621, sdrt-health/mac:02010b41cdec/antenna/tag/e2806894000040038662114f, 88
1652716031.509068, sdrt-health/mac:02010b41cdec/antenna/tag/e28068940000400386621d4f, 90
1652716031.509578, sdrt-health/mac:02010b41cdec/antenna/tag/e28068940000400386621d4f, 90
1652716031.525519, sdrt-health/mac:02010b41cdec/antenna/tag/e2806894000040038662114f, 88
1652716031.525931, sdrt-health/mac:02010b41cdec/antenna/tag/e28068940000400386621d4f, 96
1652716031.526177, sdrt-health/mac:02010b41cdec/antenna/tag/e2806894000050038662154f, 91
1652716031.526442, sdrt-health/mac:02010b41cdec/antenna/tag/e2806894000040038662114f, 88
1652716031.526673, sdrt-health/mac:02010b41cdec/antenna/tag/e2806894000040038662114f, 91
1652716031.526949, sdrt-health/mac:02010b41cdec/antenna/tag/e2806894000050038661fd4f, 86
1652716031.527181, sdrt-health/mac:02010b41cdec/antenna/tag/e28068940000400386621d4f, 90
1652716031.527457, sdrt-health/mac:02010b41cdec/antenna/tag/e2806894000050038661fd4f, 83
1652716031.527714, sdrt-health/mac:02010b41cdec/antenna/tag/e2806894000050038661fd4f, 97
1652716031.537502, sdrt-health/mac:02010b41cdec/antenna/tag/e2806894000050038662154f, 85
1652716031.53884, sdrt-health/mac:02010b41cdec/antenna/tag/e2806894000050038661fd4f, 97
1652716031.588772, sdrt-health/mac:02010b41cdec/antenna/tag/e2806894000050038661fd4f, 83
1652716031.657672, sdrt-health/mac:02010b41cdec/antenna/tag/e2806894000040038662114f, 88
1652716031.658145, sdrt-health/mac:02010b41cdec/antenna/tag/e2806894000050038662194f, 81
1652716031.671096, sdrt-health/mac:02010b41cdec/antenna/tag/e28068940000400386621d4f, 96
1652716031.71902, sdrt-health/mac:02010b41cdec/antenna/tag/e2806894000050038662154f, 88
1652716031.814606, sdrt-health/mac:02010b41cdec/antenna/tag/e2806894000050038661fd4f, 86
1652716031.843573, sdrt-health/mac:02010b41cdec/antenna/tag/e28068940000400386621d4f, 96
1652716031.844, sdrt-health/mac:02010b41cdec/antenna/tag/e2806894000050038661fd4f, 86
1652716031.862131, sdrt-health/mac:02010b41cdec/antenna/tag/e2806894000050038662154f, 88
1652716031.890035, sdrt-health/mac:02010b41cdec/antenna/tag/e28068940000400386621d4f, 96
1652716031.890321, sdrt-health/mac:02010b41cdec/antenna/tag/e2806894000050038662154f, 91
1652716031.908572, sdrt-health/mac:02010b41cdec/antenna/tag/e2806894000050038661fd4f, 86
1652716031.963759, sdrt-health/mac:02010b41cdec/antenna/tag/e2806894000050038662154f, 91
1652716031.964233, sdrt-health/mac:02010b41cdec/antenna/tag/e2806894000040038662114f, 91
1652716031.98293, sdrt-health/mac:02010b41cdec/antenna/tag/e2806894000040038662114f, 91
1652716032.014066, sdrt-health/mac:02010b41cdec/antenna/tag/e2806894000050038662154f, 88
1652716032.014681, sdrt-health/mac:02010b41cdec/antenna/tag/e2806894000050038662154f, 88
1652716032.029221, sdrt-health/mac:02010b41cdec/antenna/tag/e2806894000050038661fd4f, 86
1652716032.076421, sdrt-health/mac:02010b41cdec/antenna/tag/e2806894000050038662154f, 88
1652716032.309627, sdrt-health/mac:02010b41cdec/antenna/tag/e2806894000040038662114f, 91
1652716032.337494, sdrt-health/mac:02010b41cdec/antenna/tag/e2806894000050038662154f, 85
1652716032.420396, sdrt-health/mac:02010b41cdec/antenna/tag/e2806894000050038662194f, 81
1652716032.42092, sdrt-health/mac:02010b41cdec/antenna/tag/e2806894000050038661fd4f, 97
1652716032.43493, sdrt-health/mac:02010b41cdec/antenna/tag/e2806894000040038662114f, 88
1652716032.435421, sdrt-health/mac:02010b41cdec/antenna/tag/e2806894000040038662114f, 91
1652716032.435656, sdrt-health/mac:02010b41cdec/antenna/tag/e2806894000050038662194f, 81
1652716032.435868, sdrt-health/mac:02010b41cdec/antenna/tag/e2806894000040038662114f, 91
1652716032.436107, sdrt-health/mac:02010b41cdec/antenna/tag/e2806894000050038662154f, 88
1652716032.436391, sdrt-health/mac:02010b41cdec/antenna/tag/e28068940000400386621d4f, 86
1652716032.436673, sdrt-health/mac:02010b41cdec/antenna/tag/e2806894000050038661fd4f, 86
1652716032.437025, sdrt-health/mac:02010b41cdec/antenna/tag/e2806894000040038662114f, 88
1652716032.472536, sdrt-health/mac:02010b41cdec/antenna/tag/e2806894000050038661fd4f, 86
1652716032.500997, sdrt-health/mac:02010b41cdec/antenna/tag/e2806894000040038662114f, 88
1652716032.50135, sdrt-health/mac:02010b41cdec/antenna/tag/e2806894000050038661fd4f, 86
1652716032.546091, sdrt-health/mac:02010b41cdec/antenna/tag/e2806894000040038662114f, 88
1652716032.617679, sdrt-health/mac:02010b41cdec/antenna/tag/e2806894000050038662154f, 88
1652716032.618153, sdrt-health/mac:02010b41cdec/antenna/tag/e2806894000050038661fd4f, 83
1652716032.632582, sdrt-health/mac:02010b41cdec/antenna/tag/e2806894000050038662154f, 88
1652716032.648146, sdrt-health/mac:02010b41cdec/antenna/tag/e2806894000050038662194f, 81
1652716032.722294, sdrt-health/mac:02010b41cdec/antenna/tag/e2806894000050038662194f, 87
1652716032.72276, sdrt-health/mac:02010b41cdec/antenna/tag/e28068940000400386621d4f, 96
1652716032.745998, sdrt-health/mac:02010b41cdec/antenna/tag/e28068940000400386621d4f, 96
1652716032.786412, sdrt-health/mac:02010b41cdec/antenna/tag/e2806894000050038662194f, 94
1652716032.841644, sdrt-health/mac:02010b41cdec/antenna/tag/e28068940000400386621d4f, 96
1652716032.841917, sdrt-health/mac:02010b41cdec/antenna/tag/e2806894000050038662154f, 85
1652716032.886131, sdrt-health/mac:02010b41cdec/antenna/tag/e2806894000050038662154f, 85
1652716032.937434, sdrt-health/mac:02010b41cdec/antenna/tag/e2806894000040038662114f, 88
1652716032.999764, sdrt-health/mac:02010b41cdec/antenna/tag/e2806894000050038661fd4f, 83
1652716033.000266, sdrt-health/mac:02010b41cdec/antenna/tag/e2806894000050038661fd4f, 97
1652716033.016362, sdrt-health/mac:02010b41cdec/antenna/tag/e2806894000040038662114f, 88
1652716033.016822, sdrt-health/mac:02010b41cdec/antenna/tag/e2806894000050038661fd4f, 83
1652716033.026324, sdrt-health/mac:02010b41cdec/antenna/tag/e2806894000050038661fd4f, 83
1652716033.078198, sdrt-health/mac:02010b41cdec/antenna/tag/e2806894000050038662194f, 94
1652716033.130724, sdrt-health/mac:02010b41cdec/antenna/tag/e2806894000050038662194f, 88
1652716033.131464, sdrt-health/mac:02010b41cdec/antenna/tag/e2806894000050038662194f, 81
1652716033.160508, sdrt-health/mac:02010b41cdec/antenna/tag/e2806894000050038662194f, 87
1652716033.161419, sdrt-health/mac:02010b41cdec/antenna/tag/e2806894000050038661fd4f, 83
1652716033.206445, sdrt-health/mac:02010b41cdec/antenna/tag/e2806894000040038662114f, 88
1652716033.257551, sdrt-health/mac:02010b41cdec/antenna/tag/e2806894000050038662154f, 97
1652716033.323793, sdrt-health/mac:02010b41cdec/antenna/tag/e2806894000050038662154f, 93
1652716033.386948, sdrt-health/mac:02010b41cdec/antenna/tag/e2806894000050038662154f, 85
1652716033.454969, sdrt-health/mac:02010b41cdec/antenna/tag/e2806894000050038662194f, 94
1652716033.455528, sdrt-health/mac:02010b41cdec/antenna/tag/e28068940000400386621d4f, 77
1652716033.455898, sdrt-health/mac:02010b41cdec/antenna/tag/e2806894000050038662154f, 88
1652716033.469427, sdrt-health/mac:02010b41cdec/antenna/tag/e2806894000050038662194f, 81
1652716033.553633, sdrt-health/mac:02010b41cdec/antenna/tag/e2806894000050038661fd4f, 86
1652716033.596257, sdrt-health/mac:02010b41cdec/antenna/tag/e2806894000050038662194f, 81
1652716033.596684, sdrt-health/mac:02010b41cdec/antenna/tag/e2806894000050038661fd4f, 86
1652716033.611784, sdrt-health/mac:02010b41cdec/antenna/tag/e2806894000050038661fd4f, 86
1652716033.612038, sdrt-health/mac:02010b41cdec/antenna/tag/e2806894000050038661fd4f, 86
1652716033.612221, sdrt-health/mac:02010b41cdec/antenna/tag/e2806894000050038661fd4f, 86
1652716033.657522, sdrt-health/mac:02010b41cdec/antenna/tag/e2806894000050038661fd4f, 86
1652716033.686324, sdrt-health/mac:02010b41cdec/antenna/tag/e2806894000050038662154f, 88
1652716033.686623, sdrt-health/mac:02010b41cdec/antenna/tag/e2806894000050038662194f, 81
1652716033.707356, sdrt-health/mac:02010b41cdec/antenna/tag/e2806894000050038662194f, 81
1652716033.737889, sdrt-health/mac:02010b41cdec/antenna/tag/e2806894000050038662154f, 93
1652716033.738138, sdrt-health/mac:02010b41cdec/antenna/tag/e28068940000400386621d4f, 96
1652716033.757483, sdrt-health/mac:02010b41cdec/antenna/tag/e2806894000040038662114f, 88
1652716033.800359, sdrt-health/mac:02010b41cdec/antenna/tag/e2806894000040038662114f, 88
1652716033.864938, sdrt-health/mac:02010b41cdec/antenna/tag/e2806894000050038661fd4f, 86
1652716033.865445, sdrt-health/mac:02010b41cdec/antenna/tag/e2806894000040038662114f, 97
1652716033.879461, sdrt-health/mac:02010b41cdec/antenna/tag/e28068940000400386621d4f, 90
1652716033.919592, sdrt-health/mac:02010b41cdec/antenna/tag/e2806894000050038661fd4f, 86
1652716033.920002, sdrt-health/mac:02010b41cdec/antenna/tag/e2806894000050038662154f, 91
1652716033.946575, sdrt-health/mac:02010b41cdec/antenna/tag/e28068940000400386621d4f, 90
1652716033.987004, sdrt-health/mac:02010b41cdec/antenna/tag/e2806894000050038662154f, 85
1652716034.05263, sdrt-health/mac:02010b41cdec/antenna/tag/e2806894000050038662154f, 88
1652716034.053126, sdrt-health/mac:02010b41cdec/antenna/tag/e2806894000050038662194f, 81
1652716034.087356, sdrt-health/mac:02010b41cdec/antenna/tag/e2806894000050038662194f, 81
1652716034.137078, sdrt-health/mac:02010b41cdec/antenna/tag/e2806894000050038662194f, 83
1652716034.137521, sdrt-health/mac:02010b41cdec/antenna/tag/e2806894000040038662114f, 85
1652716034.15517, sdrt-health/mac:02010b41cdec/antenna/tag/e2806894000050038662194f, 87
1652716034.20361, sdrt-health/mac:02010b41cdec/antenna/tag/e28068940000400386621d4f, 96
1652716034.427387, sdrt-health/mac:02010b41cdec/antenna/tag/scan, scan stopped
