1652716495.584536, sdrt-health/mac:02010b41cdec/antenna/power/set, {"power": 290}
1652716496.662928, sdrt-health/mac:02010b41cdec/antenna/power/set, 
1652716500.606341, sdrt-health/mac:02010b41cdec/antenna/tag/scan, {"time": 20000}
1652716500.973003, sdrt-health/mac:02010b41cdec/antenna/tag/e2806894000040038662114f, 91
1652716501.042089, sdrt-health/mac:02010b41cdec/antenna/tag/e2806894000050038661fd4f, 86
1652716501.10306, sdrt-health/mac:02010b41cdec/antenna/tag/e2806894000050038661fd4f, 86
1652716501.159651, sdrt-health/mac:02010b41cdec/antenna/tag/e28068940000400386621d4f, 90
1652716501.159908, sdrt-health/mac:02010b41cdec/antenna/tag/e2806894000050038661fd4f, 86
1652716501.195024, sdrt-health/mac:02010b41cdec/antenna/tag/e2806894000050038661fd4f, 86
1652716501.224139, sdrt-health/mac:02010b41cdec/antenna/tag/e2806894000040038662114f, 83
1652716501.224399, sdrt-health/mac:02010b41cdec/antenna/tag/e28068940000400386621d4f, 90
1652716501.224534, sdrt-health/mac:02010b41cdec/antenna/tag/e2806894000040038662114f, 91
1652716501.249064, sdrt-health/mac:02010b41cdec/antenna/tag/e2806894000050038662154f, 88
1652716501.294466, sdrt-health/mac:02010b41cdec/antenna/tag/e2806894000040038662114f, 91
1652716501.428442, sdrt-health/mac:02010b41cdec/antenna/tag/e2806894000050038662154f, 85
1652716501.48624, sdrt-health/mac:02010b41cdec/antenna/tag/e2806894000050038661fd4f, 83
1652716501.538913, sdrt-health/mac:02010b41cdec/antenna/tag/e28068940000400386621d4f, 90
1652716501.539117, sdrt-health/mac:02010b41cdec/antenna/tag/e2806894000050038662154f, 85
1652716501.553551, sdrt-health/mac:02010b41cdec/antenna/tag/e28068940000400386621d4f, 96
1652716501.584467, sdrt-health/mac:02010b41cdec/antenna/tag/e2806894000040038662114f, 91
1652716501.585378, sdrt-health/mac:02010b41cdec/antenna/tag/e28068940000500386620d4f, 84
1652716501.599829, sdrt-health/mac:02010b41cdec/antenna/tag/e2806894000050038662154f, 93
1652716501.639147, sdrt-health/mac:02010b41cdec/antenna/tag/e2806894000040038661f94f, 94
1652716501.693887, sdrt-health/mac:02010b41cdec/antenna/tag/e2806894000050038662154f, 91
1652716501.753468, sdrt-health/mac:02010b41cdec/antenna/tag/e2806894000040038662114f, 88
1652716501.753864, sdrt-health/mac:02010b41cdec/antenna/tag/e2806894000050038662154f, 91
1652716501.769015, sdrt-health/mac:02010b41cdec/antenna/tag/e28068940000400386621d4f, 90
1652716501.799336, sdrt-health/mac:02010b41cdec/antenna/tag/e2806894000040038662114f, 91
1652716501.799576, sdrt-health/mac:02010b41cdec/antenna/tag/e2806894000040038662114f, 91
1652716501.832655, sdrt-health/mac:02010b41cdec/antenna/tag/e2806894000050038662194f, 87
1652716501.887142, sdrt-health/mac:02010b41cdec/antenna/tag/e2806894000040038662114f, 97
1652716501.914984, sdrt-health/mac:02010b41cdec/antenna/tag/e28068940000400386621d4f, 96
1652716501.915249, sdrt-health/mac:02010b41cdec/antenna/tag/e2806894000050038662194f, 81
1652716501.92939, sdrt-health/mac:02010b41cdec/antenna/tag/e2806894000050038661fd4f, 86
1652716501.97389, sdrt-health/mac:02010b41cdec/antenna/tag/e28068940000400386621d4f, 96
1652716502.014011, sdrt-health/mac:02010b41cdec/antenna/tag/e2806894000050038661fd4f, 86
1652716502.071432, sdrt-health/mac:02010b41cdec/antenna/tag/e2806894000040038662214f, 88
1652716502.125425, sdrt-health/mac:02010b41cdec/antenna/tag/e2806894000040038662114f, 91
1652716502.154342, sdrt-health/mac:02010b41cdec/antenna/tag/e2806894000050038662154f, 93
1652716502.154621, sdrt-health/mac:02010b41cdec/antenna/tag/e2806894000050038661fd4f, 83
1652716502.184926, sdrt-health/mac:02010b41cdec/antenna/tag/e2806894000050038662154f, 97
1652716502.234532, sdrt-health/mac:02010b41cdec/antenna/tag/e2806894000040038662114f, 85
1652716502.23478, sdrt-health/mac:02010b41cdec/antenna/tag/e2806894000050038662194f, 81
1652716502.277294, sdrt-health/mac:02010b41cdec/antenna/tag/e2806894000050038662154f, 91
1652716502.355424, sdrt-health/mac:02010b41cdec/antenna/tag/e2806894000050038662194f, 81
1652716502.355862, sdrt-health/mac:02010b41cdec/antenna/tag/e2806894000050038662194f, 83
1652716502.369469, sdrt-health/mac:02010b41cdec/antenna/tag/e2806894000040038662114f, 85
1652716502.393498, sdrt-health/mac:02010b41cdec/antenna/tag/e28068940000400386621d4f, 96
1652716502.42208, sdrt-health/mac:02010b41cdec/antenna/tag/e2806894000050038662154f, 91
1652716502.422309, sdrt-health/mac:02010b41cdec/antenna/tag/e2806894000050038662154f, 97
1652716502.438249, sdrt-health/mac:02010b41cdec/antenna/tag/e2806894000040038662114f, 85
1652716502.488632, sdrt-health/mac:02010b41cdec/antenna/tag/e2806894000040038661f94f, 94
1652716502.5168, sdrt-health/mac:02010b41cdec/antenna/tag/e2806894000040038662214f, 83
1652716502.517083, sdrt-health/mac:02010b41cdec/antenna/tag/e2806894000040038662214f, 88
1652716502.573221, sdrt-health/mac:02010b41cdec/antenna/tag/e2806894000050038662194f, 83
1652716502.613396, sdrt-health/mac:02010b41cdec/antenna/tag/e2806894000040038662114f, 88
1652716502.670966, sdrt-health/mac:02010b41cdec/antenna/tag/e2806894000040038662114f, 85
1652716502.671512, sdrt-health/mac:02010b41cdec/antenna/tag/e28068940000400386621d4f, 96
1652716502.703409, sdrt-health/mac:02010b41cdec/antenna/tag/e28068940000400386621d4f, 96
1652716502.744843, sdrt-health/mac:02010b41cdec/antenna/tag/e28068940000400386621d4f, 96
1652716502.787458, sdrt-health/mac:02010b41cdec/antenna/tag/e2806894000040038662114f, 88
1652716502.854403, sdrt-health/mac:02010b41cdec/antenna/tag/e2806894000040038662114f, 88
1652716502.854813, sdrt-health/mac:02010b41cdec/antenna/tag/e2806894000050038662154f, 88
1652716502.893922, sdrt-health/mac:02010b41cdec/antenna/tag/e2806894000050038661fd4f, 90
1652716502.922972, sdrt-health/mac:02010b41cdec/antenna/tag/e2806894000050038662154f, 88
1652716502.923184, sdrt-health/mac:02010b41cdec/antenna/tag/e2806894000050038662154f, 91
1652716502.923633, sdrt-health/mac:02010b41cdec/antenna/tag/e2806894000040038662114f, 91
1652716502.936786, sdrt-health/mac:02010b41cdec/antenna/tag/e28068940000400386621d4f, 77
1652716502.971757, sdrt-health/mac:02010b41cdec/antenna/tag/e28068940000400386621d4f, 77
1652716503.038382, sdrt-health/mac:02010b41cdec/antenna/tag/e28068940000400386621d4f, 77
1652716503.038692, sdrt-health/mac:02010b41cdec/antenna/tag/e2806894000040038662114f, 91
1652716503.052005, sdrt-health/mac:02010b41cdec/antenna/tag/e2806894000050038662194f, 81
1652716503.094453, sdrt-health/mac:02010b41cdec/antenna/tag/e2806894000040038662114f, 91
1652716503.135047, sdrt-health/mac:02010b41cdec/antenna/tag/e2806894000050038661fd4f, 86
1652716503.164504, sdrt-health/mac:02010b41cdec/antenna/tag/e2806894000050038662154f, 88
1652716503.164776, sdrt-health/mac:02010b41cdec/antenna/tag/e28068940000400386621d4f, 96
1652716503.164896, sdrt-health/mac:02010b41cdec/antenna/tag/e2806894000050038661fd4f, 90
1652716503.183247, sdrt-health/mac:02010b41cdec/antenna/tag/e28068940000400386621d4f, 96
1652716503.225894, sdrt-health/mac:02010b41cdec/antenna/tag/e28068940000400386621d4f, 96
1652716503.2767, sdrt-health/mac:02010b41cdec/antenna/tag/e2806894000050038661fd4f, 86
1652716503.332781, sdrt-health/mac:02010b41cdec/antenna/tag/e2806894000040038662114f, 91
1652716503.333243, sdrt-health/mac:02010b41cdec/antenna/tag/e28068940000400386621d4f, 96
1652716503.350977, sdrt-health/mac:02010b41cdec/antenna/tag/e2806894000040038662114f, 91
1652716503.373773, sdrt-health/mac:02010b41cdec/antenna/tag/e2806894000050038662154f, 88
1652716503.430877, sdrt-health/mac:02010b41cdec/antenna/tag/e2806894000040038662114f, 88
1652716503.431592, sdrt-health/mac:02010b41cdec/antenna/tag/e2806894000050038662194f, 83
1652716503.477801, sdrt-health/mac:02010b41cdec/antenna/tag/e2806894000050038661fd4f, 97
1652716503.478383, sdrt-health/mac:02010b41cdec/antenna/tag/e2806894000050038662154f, 88
1652716503.494454, sdrt-health/mac:02010b41cdec/antenna/tag/e2806894000050038662194f, 94
1652716503.526387, sdrt-health/mac:02010b41cdec/antenna/tag/e2806894000050038661fd4f, 97
1652716503.582849, sdrt-health/mac:02010b41cdec/antenna/tag/e28068940000400386621d4f, 96
1652716503.58307, sdrt-health/mac:02010b41cdec/antenna/tag/e2806894000050038662154f, 88
1652716503.616174, sdrt-health/mac:02010b41cdec/antenna/tag/e2806894000040038662114f, 85
1652716503.655221, sdrt-health/mac:02010b41cdec/antenna/tag/e2806894000050038661fd4f, 83
1652716503.694368, sdrt-health/mac:02010b41cdec/antenna/tag/e2806894000050038662154f, 88
1652716503.734069, sdrt-health/mac:02010b41cdec/antenna/tag/e2806894000040038662114f, 88
1652716503.775742, sdrt-health/mac:02010b41cdec/antenna/tag/e2806894000050038662194f, 84
1652716503.816307, sdrt-health/mac:02010b41cdec/antenna/tag/e2806894000040038662114f, 91
1652716503.918177, sdrt-health/mac:02010b41cdec/antenna/tag/e28068940000400386621d4f, 90
1652716503.918564, sdrt-health/mac:02010b41cdec/antenna/tag/e2806894000050038661fd4f, 83
1652716503.944569, sdrt-health/mac:02010b41cdec/antenna/tag/e2806894000050038662194f, 87
1652716504.014426, sdrt-health/mac:02010b41cdec/antenna/tag/e2806894000040038662114f, 88
1652716504.074348, sdrt-health/mac:02010b41cdec/antenna/tag/e2806894000050038661fd4f, 97
1652716504.136892, sdrt-health/mac:02010b41cdec/antenna/tag/e2806894000050038661fd4f, 83
1652716504.137286, sdrt-health/mac:02010b41cdec/antenna/tag/e28068940000400386621d4f, 96
1652716504.159807, sdrt-health/mac:02010b41cdec/antenna/tag/e2806894000050038661fd4f, 86
1652716504.227307, sdrt-health/mac:02010b41cdec/antenna/tag/e28068940000400386621d4f, 96
1652716504.227762, sdrt-health/mac:02010b41cdec/antenna/tag/e2806894000050038661fd4f, 83
1652716504.241242, sdrt-health/mac:02010b41cdec/antenna/tag/e28068940000400386621d4f, 96
1652716504.263932, sdrt-health/mac:02010b41cdec/antenna/tag/e2806894000050038662194f, 87
1652716504.320326, sdrt-health/mac:02010b41cdec/antenna/tag/e28068940000400386621d4f, 96
1652716504.320691, sdrt-health/mac:02010b41cdec/antenna/tag/e2806894000050038662194f, 81
1652716504.344705, sdrt-health/mac:02010b41cdec/antenna/tag/e28068940000400386621d4f, 96
1652716504.383859, sdrt-health/mac:02010b41cdec/antenna/tag/e28068940000400386621d4f, 77
1652716504.427831, sdrt-health/mac:02010b41cdec/antenna/tag/e2806894000040038662114f, 88
1652716504.480022, sdrt-health/mac:02010b41cdec/antenna/tag/e2806894000050038661fd4f, 97
1652716504.551968, sdrt-health/mac:02010b41cdec/antenna/tag/e2806894000050038661fd4f, 83
1652716504.55419, sdrt-health/mac:02010b41cdec/antenna/tag/e2806894000050038661fd4f, 91
1652716504.588668, sdrt-health/mac:02010b41cdec/antenna/tag/e2806894000050038662194f, 93
1652716504.658962, sdrt-health/mac:02010b41cdec/antenna/tag/e28068940000400386621d4f, 77
1652716504.659175, sdrt-health/mac:02010b41cdec/antenna/tag/e28068940000400386621d4f, 77
1652716504.704361, sdrt-health/mac:02010b41cdec/antenna/tag/e2806894000040038662114f, 91
1652716504.735651, sdrt-health/mac:02010b41cdec/antenna/tag/e2806894000050038661fd4f, 97
1652716504.789306, sdrt-health/mac:02010b41cdec/antenna/tag/e2806894000040038662214f, 88
1652716504.789528, sdrt-health/mac:02010b41cdec/antenna/tag/e2806894000040038662114f, 88
1652716504.82212, sdrt-health/mac:02010b41cdec/antenna/tag/e2806894000050038662194f, 93
1652716504.870814, sdrt-health/mac:02010b41cdec/antenna/tag/e2806894000040038662114f, 88
1652716504.871044, sdrt-health/mac:02010b41cdec/antenna/tag/e2806894000050038662154f, 81
1652716504.888717, sdrt-health/mac:02010b41cdec/antenna/tag/e2806894000050038661fd4f, 97
1652716504.917127, sdrt-health/mac:02010b41cdec/antenna/tag/e2806894000050038661fd4f, 91
1652716504.965299, sdrt-health/mac:02010b41cdec/antenna/tag/e2806894000050038661fd4f, 97
1652716505.043983, sdrt-health/mac:02010b41cdec/antenna/tag/e2806894000040038662114f, 91
1652716505.044309, sdrt-health/mac:02010b41cdec/antenna/tag/e2806894000050038661fd4f, 91
1652716505.060115, sdrt-health/mac:02010b41cdec/antenna/tag/e2806894000040038662114f, 91
1652716505.060341, sdrt-health/mac:02010b41cdec/antenna/tag/e28068940000400386621d4f, 77
1652716505.072248, sdrt-health/mac:02010b41cdec/antenna/tag/e2806894000050038661fd4f, 83
1652716505.074668, sdrt-health/mac:02010b41cdec/antenna/tag/e2806894000040038662114f, 91
1652716505.113639, sdrt-health/mac:02010b41cdec/antenna/tag/e2806894000040038662114f, 88
1652716505.204643, sdrt-health/mac:02010b41cdec/antenna/tag/e2806894000050038662194f, 87
1652716505.204899, sdrt-health/mac:02010b41cdec/antenna/tag/e28068940000400386621d4f, 96
1652716505.241331, sdrt-health/mac:02010b41cdec/antenna/tag/e2806894000050038661fd4f, 97
1652716505.241858, sdrt-health/mac:02010b41cdec/antenna/tag/e2806894000050038661fd4f, 91
1652716505.255858, sdrt-health/mac:02010b41cdec/antenna/tag/e2806894000040038662114f, 88
1652716505.288816, sdrt-health/mac:02010b41cdec/antenna/tag/e2806894000050038661fd4f, 97
1652716505.365976, sdrt-health/mac:02010b41cdec/antenna/tag/e2806894000040038662114f, 91
1652716505.366226, sdrt-health/mac:02010b41cdec/antenna/tag/e2806894000050038661fd4f, 83
1652716505.379156, sdrt-health/mac:02010b41cdec/antenna/tag/e2806894000040038662114f, 91
1652716505.379399, sdrt-health/mac:02010b41cdec/antenna/tag/e2806894000040038662114f, 91
1652716505.379528, sdrt-health/mac:02010b41cdec/antenna/tag/e2806894000050038661fd4f, 86
1652716505.421858, sdrt-health/mac:02010b41cdec/antenna/tag/e2806894000050038661fd4f, 83
1652716505.540333, sdrt-health/mac:02010b41cdec/antenna/tag/e2806894000040038662114f, 88
1652716505.540615, sdrt-health/mac:02010b41cdec/antenna/tag/e2806894000050038662194f, 87
1652716505.602712, sdrt-health/mac:02010b41cdec/antenna/tag/e28068940000400386621d4f, 96
1652716505.633827, sdrt-health/mac:02010b41cdec/antenna/tag/e2806894000050038661fd4f, 83
1652716505.634042, sdrt-health/mac:02010b41cdec/antenna/tag/e28068940000400386621d4f, 77
1652716505.663641, sdrt-health/mac:02010b41cdec/antenna/tag/e2806894000050038661fd4f, 97
1652716505.691919, sdrt-health/mac:02010b41cdec/antenna/tag/e2806894000050038662194f, 87
1652716505.692229, sdrt-health/mac:02010b41cdec/antenna/tag/e2806894000040038662114f, 88
1652716505.739293, sdrt-health/mac:02010b41cdec/antenna/tag/e28068940000400386621d4f, 96
1652716505.821894, sdrt-health/mac:02010b41cdec/antenna/tag/e28068940000400386621d4f, 96
1652716505.877615, sdrt-health/mac:02010b41cdec/antenna/tag/e2806894000040038662114f, 97
1652716505.96349, sdrt-health/mac:02010b41cdec/antenna/tag/e28068940000400386621d4f, 90
1652716505.963932, sdrt-health/mac:02010b41cdec/antenna/tag/e28068940000400386621d4f, 96
1652716505.983173, sdrt-health/mac:02010b41cdec/antenna/tag/e2806894000040038662114f, 97
1652716505.983422, sdrt-health/mac:02010b41cdec/antenna/tag/e2806894000050038661fd4f, 86
1652716505.98355, sdrt-health/mac:02010b41cdec/antenna/tag/e28068940000400386621d4f, 96
1652716505.984677, sdrt-health/mac:02010b41cdec/antenna/tag/e28068940000400386621d4f, 77
1652716506.029541, sdrt-health/mac:02010b41cdec/antenna/tag/e2806894000050038662194f, 83
1652716506.060687, sdrt-health/mac:02010b41cdec/antenna/tag/e2806894000050038661fd4f, 91
1652716506.060916, sdrt-health/mac:02010b41cdec/antenna/tag/e28068940000400386621d4f, 77
1652716506.061057, sdrt-health/mac:02010b41cdec/antenna/tag/e2806894000050038661fd4f, 91
1652716506.101629, sdrt-health/mac:02010b41cdec/antenna/tag/e2806894000040038662114f, 88
1652716506.154393, sdrt-health/mac:02010b41cdec/antenna/tag/e2806894000040038662114f, 88
1652716506.182301, sdrt-health/mac:02010b41cdec/antenna/tag/e2806894000050038661fd4f, 97
1652716506.182504, sdrt-health/mac:02010b41cdec/antenna/tag/e2806894000040038662114f, 91
1652716506.182636, sdrt-health/mac:02010b41cdec/antenna/tag/e2806894000040038662114f, 88
1652716506.182766, sdrt-health/mac:02010b41cdec/antenna/tag/e2806894000050038662194f, 81
1652716506.21522, sdrt-health/mac:02010b41cdec/antenna/tag/e2806894000050038662194f, 83
1652716506.215597, sdrt-health/mac:02010b41cdec/antenna/tag/e2806894000040038662114f, 91
1652716506.282223, sdrt-health/mac:02010b41cdec/antenna/tag/e2806894000050038662194f, 83
1652716506.313917, sdrt-health/mac:02010b41cdec/antenna/tag/e2806894000050038661fd4f, 97
1652716506.314105, sdrt-health/mac:02010b41cdec/antenna/tag/e28068940000400386621d4f, 77
1652716506.314222, sdrt-health/mac:02010b41cdec/antenna/tag/e2806894000050038662194f, 87
1652716506.314337, sdrt-health/mac:02010b41cdec/antenna/tag/e2806894000050038662194f, 87
1652716506.340656, sdrt-health/mac:02010b41cdec/antenna/tag/e2806894000050038661fd4f, 97
1652716506.368075, sdrt-health/mac:02010b41cdec/antenna/tag/e2806894000040038662114f, 88
1652716506.368309, sdrt-health/mac:02010b41cdec/antenna/tag/e2806894000050038662194f, 85
1652716506.423725, sdrt-health/mac:02010b41cdec/antenna/tag/e28068940000400386621d4f, 77
1652716506.4532, sdrt-health/mac:02010b41cdec/antenna/tag/e2806894000040038662114f, 88
1652716506.453409, sdrt-health/mac:02010b41cdec/antenna/tag/e2806894000040038662114f, 88
1652716506.470674, sdrt-health/mac:02010b41cdec/antenna/tag/e28068940000400386621d4f, 77
1652716506.500332, sdrt-health/mac:02010b41cdec/antenna/tag/e2806894000050038661fd4f, 83
1652716506.500658, sdrt-health/mac:02010b41cdec/antenna/tag/e2806894000050038662194f, 83
1652716506.51836, sdrt-health/mac:02010b41cdec/antenna/tag/e2806894000040038662114f, 88
1652716506.580024, sdrt-health/mac:02010b41cdec/antenna/tag/e28068940000400386621d4f, 96
1652716506.5805, sdrt-health/mac:02010b41cdec/antenna/tag/e2806894000050038662194f, 88
1652716506.615347, sdrt-health/mac:02010b41cdec/antenna/tag/e2806894000050038661fd4f, 86
1652716506.677759, sdrt-health/mac:02010b41cdec/antenna/tag/e2806894000040038662114f, 88
1652716506.707119, sdrt-health/mac:02010b41cdec/antenna/tag/e2806894000050038661fd4f, 86
1652716506.70752, sdrt-health/mac:02010b41cdec/antenna/tag/e28068940000400386621d4f, 96
1652716506.707941, sdrt-health/mac:02010b41cdec/antenna/tag/e2806894000040038662114f, 91
1652716506.721161, sdrt-health/mac:02010b41cdec/antenna/tag/e2806894000050038661fd4f, 83
1652716506.72173, sdrt-health/mac:02010b41cdec/antenna/tag/e28068940000400386621d4f, 96
1652716506.722124, sdrt-health/mac:02010b41cdec/antenna/tag/e2806894000050038661fd4f, 83
1652716506.7608, sdrt-health/mac:02010b41cdec/antenna/tag/e2806894000040038662114f, 97
1652716506.817618, sdrt-health/mac:02010b41cdec/antenna/tag/e2806894000040038662114f, 91
1652716506.864484, sdrt-health/mac:02010b41cdec/antenna/tag/e2806894000040038662114f, 91
1652716506.921813, sdrt-health/mac:02010b41cdec/antenna/tag/e2806894000040038662114f, 91
1652716506.922363, sdrt-health/mac:02010b41cdec/antenna/tag/e2806894000040038662114f, 97
1652716506.955262, sdrt-health/mac:02010b41cdec/antenna/tag/e2806894000050038661fd4f, 83
1652716506.996669, sdrt-health/mac:02010b41cdec/antenna/tag/e2806894000050038661fd4f, 83
1652716506.997514, sdrt-health/mac:02010b41cdec/antenna/tag/e2806894000040038662114f, 88
1652716507.044919, sdrt-health/mac:02010b41cdec/antenna/tag/e2806894000050038661fd4f, 83
1652716507.087669, sdrt-health/mac:02010b41cdec/antenna/tag/e2806894000050038661fd4f, 83
1652716507.142521, sdrt-health/mac:02010b41cdec/antenna/tag/e2806894000050038661fd4f, 83
1652716507.142995, sdrt-health/mac:02010b41cdec/antenna/tag/e2806894000050038661fd4f, 97
1652716507.157353, sdrt-health/mac:02010b41cdec/antenna/tag/e2806894000040038662114f, 88
1652716507.184108, sdrt-health/mac:02010b41cdec/antenna/tag/e2806894000050038662194f, 83
1652716507.212548, sdrt-health/mac:02010b41cdec/antenna/tag/e2806894000040038662114f, 88
1652716507.212817, sdrt-health/mac:02010b41cdec/antenna/tag/e2806894000040038662114f, 88
1652716507.237832, sdrt-health/mac:02010b41cdec/antenna/tag/e2806894000050038662194f, 87
1652716507.301456, sdrt-health/mac:02010b41cdec/antenna/tag/e2806894000040038662114f, 88
1652716507.362367, sdrt-health/mac:02010b41cdec/antenna/tag/e2806894000040038662114f, 88
1652716507.362804, sdrt-health/mac:02010b41cdec/antenna/tag/e28068940000400386621d4f, 77
1652716507.378433, sdrt-health/mac:02010b41cdec/antenna/tag/e2806894000040038662114f, 88
1652716507.399727, sdrt-health/mac:02010b41cdec/antenna/tag/e2806894000050038662194f, 81
1652716507.446356, sdrt-health/mac:02010b41cdec/antenna/tag/e2806894000040038662114f, 91
1652716507.476072, sdrt-health/mac:02010b41cdec/antenna/tag/e2806894000050038661fd4f, 83
1652716507.476362, sdrt-health/mac:02010b41cdec/antenna/tag/e2806894000050038662194f, 87
1652716507.476645, sdrt-health/mac:02010b41cdec/antenna/tag/e2806894000050038661fd4f, 97
1652716507.504258, sdrt-health/mac:02010b41cdec/antenna/tag/e28068940000400386621d4f, 96
1652716507.543732, sdrt-health/mac:02010b41cdec/antenna/tag/e2806894000050038662154f, 83
1652716507.594025, sdrt-health/mac:02010b41cdec/antenna/tag/e2806894000040038662114f, 91
1652716507.652687, sdrt-health/mac:02010b41cdec/antenna/tag/e2806894000050038661fd4f, 83
1652716507.653154, sdrt-health/mac:02010b41cdec/antenna/tag/e2806894000040038662114f, 91
1652716507.667343, sdrt-health/mac:02010b41cdec/antenna/tag/e2806894000050038661fd4f, 86
1652716507.686896, sdrt-health/mac:02010b41cdec/antenna/tag/e2806894000040038662114f, 88
1652716507.822219, sdrt-health/mac:02010b41cdec/antenna/tag/e2806894000040038662114f, 88
1652716507.82281, sdrt-health/mac:02010b41cdec/antenna/tag/e2806894000040038662114f, 88
1652716507.838528, sdrt-health/mac:02010b41cdec/antenna/tag/e28068940000400386621d4f, 77
1652716507.868238, sdrt-health/mac:02010b41cdec/antenna/tag/e2806894000050038661fd4f, 86
1652716507.868487, sdrt-health/mac:02010b41cdec/antenna/tag/e2806894000050038661fd4f, 86
1652716507.868646, sdrt-health/mac:02010b41cdec/antenna/tag/e2806894000050038661fd4f, 86
1652716507.917578, sdrt-health/mac:02010b41cdec/antenna/tag/e2806894000040038662114f, 88
1652716507.974418, sdrt-health/mac:02010b41cdec/antenna/tag/e2806894000050038661fd4f, 86
1652716508.038138, sdrt-health/mac:02010b41cdec/antenna/tag/e28068940000400386621d4f, 96
1652716508.03875, sdrt-health/mac:02010b41cdec/antenna/tag/e2806894000040038662114f, 88
1652716508.066143, sdrt-health/mac:02010b41cdec/antenna/tag/e2806894000050038661fd4f, 91
1652716508.117629, sdrt-health/mac:02010b41cdec/antenna/tag/e2806894000040038662114f, 88
1652716508.179154, sdrt-health/mac:02010b41cdec/antenna/tag/e2806894000040038662214f, 81
1652716508.179652, sdrt-health/mac:02010b41cdec/antenna/tag/e2806894000040038662114f, 88
1652716508.228455, sdrt-health/mac:02010b41cdec/antenna/tag/e28068940000400386621d4f, 96
1652716508.259264, sdrt-health/mac:02010b41cdec/antenna/tag/e2806894000050038661fd4f, 83
1652716508.259909, sdrt-health/mac:02010b41cdec/antenna/tag/e2806894000040038662114f, 85
1652716508.260245, sdrt-health/mac:02010b41cdec/antenna/tag/e2806894000050038662154f, 88
1652716508.273149, sdrt-health/mac:02010b41cdec/antenna/tag/e28068940000400386621d4f, 96
1652716508.316211, sdrt-health/mac:02010b41cdec/antenna/tag/e28068940000400386621d4f, 90
1652716508.357851, sdrt-health/mac:02010b41cdec/antenna/tag/e28068940000400386621d4f, 90
1652716508.405203, sdrt-health/mac:02010b41cdec/antenna/tag/e2806894000040038662114f, 91
1652716508.47397, sdrt-health/mac:02010b41cdec/antenna/tag/e2806894000040038662114f, 88
1652716508.504667, sdrt-health/mac:02010b41cdec/antenna/tag/e28068940000400386621d4f, 90
1652716508.505322, sdrt-health/mac:02010b41cdec/antenna/tag/e28068940000400386621d4f, 90
1652716508.505905, sdrt-health/mac:02010b41cdec/antenna/tag/e2806894000050038661fd4f, 97
1652716508.506562, sdrt-health/mac:02010b41cdec/antenna/tag/e28068940000400386621d4f, 90
1652716508.522046, sdrt-health/mac:02010b41cdec/antenna/tag/e2806894000050038662194f, 81
1652716508.600444, sdrt-health/mac:02010b41cdec/antenna/tag/e2806894000050038661fd4f, 97
1652716508.600966, sdrt-health/mac:02010b41cdec/antenna/tag/e2806894000050038661fd4f, 88
1652716508.616192, sdrt-health/mac:02010b41cdec/antenna/tag/e28068940000400386621d4f, 96
1652716508.616615, sdrt-health/mac:02010b41cdec/antenna/tag/e2806894000040038661f94f, 81
1652716508.636022, sdrt-health/mac:02010b41cdec/antenna/tag/e2806894000040038662114f, 88
1652716508.667695, sdrt-health/mac:02010b41cdec/antenna/tag/e2806894000050038661fd4f, 91
1652716508.667931, sdrt-health/mac:02010b41cdec/antenna/tag/e2806894000050038662154f, 81
1652716508.702368, sdrt-health/mac:02010b41cdec/antenna/tag/e28068940000400386621d4f, 96
1652716508.745182, sdrt-health/mac:02010b41cdec/antenna/tag/e2806894000040038662114f, 88
1652716508.811688, sdrt-health/mac:02010b41cdec/antenna/tag/e28068940000400386621d4f, 96
1652716508.812156, sdrt-health/mac:02010b41cdec/antenna/tag/e2806894000040038662114f, 88
1652716508.863475, sdrt-health/mac:02010b41cdec/antenna/tag/e2806894000040038662114f, 85
1652716508.894619, sdrt-health/mac:02010b41cdec/antenna/tag/e2806894000050038661fd4f, 83
1652716508.895039, sdrt-health/mac:02010b41cdec/antenna/tag/e28068940000400386621d4f, 77
1652716508.895335, sdrt-health/mac:02010b41cdec/antenna/tag/e28068940000400386621d4f, 77
1652716508.922005, sdrt-health/mac:02010b41cdec/antenna/tag/e28068940000400386621d4f, 96
1652716508.981564, sdrt-health/mac:02010b41cdec/antenna/tag/e2806894000050038661fd4f, 91
1652716508.982124, sdrt-health/mac:02010b41cdec/antenna/tag/e2806894000040038662114f, 85
1652716508.998041, sdrt-health/mac:02010b41cdec/antenna/tag/e2806894000040038661f94f, 81
1652716509.022417, sdrt-health/mac:02010b41cdec/antenna/tag/e2806894000050038661fd4f, 85
1652716509.109799, sdrt-health/mac:02010b41cdec/antenna/tag/e28068940000400386621d4f, 90
1652716509.110316, sdrt-health/mac:02010b41cdec/antenna/tag/e2806894000040038662114f, 88
1652716509.142519, sdrt-health/mac:02010b41cdec/antenna/tag/e2806894000040038662114f, 88
1652716509.19888, sdrt-health/mac:02010b41cdec/antenna/tag/e2806894000050038661fd4f, 83
1652716509.199339, sdrt-health/mac:02010b41cdec/antenna/tag/e2806894000050038661fd4f, 83
1652716509.255137, sdrt-health/mac:02010b41cdec/antenna/tag/e28068940000400386621d4f, 96
1652716509.296275, sdrt-health/mac:02010b41cdec/antenna/tag/e2806894000040038662114f, 88
1652716509.296519, sdrt-health/mac:02010b41cdec/antenna/tag/e28068940000400386621d4f, 96
1652716509.346782, sdrt-health/mac:02010b41cdec/antenna/tag/e2806894000040038662114f, 88
1652716509.387768, sdrt-health/mac:02010b41cdec/antenna/tag/e2806894000050038661fd4f, 83
1652716509.417431, sdrt-health/mac:02010b41cdec/antenna/tag/e2806894000050038661fd4f, 83
1652716509.417635, sdrt-health/mac:02010b41cdec/antenna/tag/e2806894000050038661fd4f, 83
1652716509.431619, sdrt-health/mac:02010b41cdec/antenna/tag/e28068940000400386621d4f, 96
1652716509.501298, sdrt-health/mac:02010b41cdec/antenna/tag/e2806894000040038662114f, 88
1652716509.501826, sdrt-health/mac:02010b41cdec/antenna/tag/e2806894000040038662114f, 85
1652716509.502169, sdrt-health/mac:02010b41cdec/antenna/tag/e28068940000400386621d4f, 96
1652716509.534307, sdrt-health/mac:02010b41cdec/antenna/tag/e2806894000050038661fd4f, 88
1652716509.574819, sdrt-health/mac:02010b41cdec/antenna/tag/e2806894000050038662194f, 84
1652716509.614286, sdrt-health/mac:02010b41cdec/antenna/tag/e2806894000040038662114f, 88
1652716509.669188, sdrt-health/mac:02010b41cdec/antenna/tag/e2806894000050038661fd4f, 83
1652716509.669755, sdrt-health/mac:02010b41cdec/antenna/tag/e2806894000040038662114f, 91
1652716509.68366, sdrt-health/mac:02010b41cdec/antenna/tag/e28068940000400386621d4f, 96
1652716509.704908, sdrt-health/mac:02010b41cdec/antenna/tag/e28068940000400386621d4f, 90
1652716509.757478, sdrt-health/mac:02010b41cdec/antenna/tag/e2806894000040038662114f, 88
1652716509.785716, sdrt-health/mac:02010b41cdec/antenna/tag/e2806894000050038661fd4f, 97
1652716509.786005, sdrt-health/mac:02010b41cdec/antenna/tag/e28068940000400386621d4f, 90
1652716509.814901, sdrt-health/mac:02010b41cdec/antenna/tag/e2806894000050038661fd4f, 83
1652716509.84346, sdrt-health/mac:02010b41cdec/antenna/tag/e28068940000400386621d4f, 90
1652716509.843667, sdrt-health/mac:02010b41cdec/antenna/tag/e2806894000040038662114f, 88
1652716509.843814, sdrt-health/mac:02010b41cdec/antenna/tag/e2806894000050038661fd4f, 83
1652716509.866166, sdrt-health/mac:02010b41cdec/antenna/tag/e2806894000040038662214f, 81
1652716509.930943, sdrt-health/mac:02010b41cdec/antenna/tag/e2806894000040038662114f, 85
1652716509.931425, sdrt-health/mac:02010b41cdec/antenna/tag/e2806894000050038661fd4f, 91
1652716509.946756, sdrt-health/mac:02010b41cdec/antenna/tag/e28068940000400386621d4f, 96
1652716509.947134, sdrt-health/mac:02010b41cdec/antenna/tag/e2806894000050038662154f, 94
1652716509.947383, sdrt-health/mac:02010b41cdec/antenna/tag/e28068940000400386621d4f, 90
1652716509.976178, sdrt-health/mac:02010b41cdec/antenna/tag/e2806894000050038661fd4f, 88
1652716510.040933, sdrt-health/mac:02010b41cdec/antenna/tag/e2806894000040038662114f, 88
1652716510.041399, sdrt-health/mac:02010b41cdec/antenna/tag/e2806894000040038662114f, 85
1652716510.041769, sdrt-health/mac:02010b41cdec/antenna/tag/e2806894000050038662154f, 94
1652716510.075984, sdrt-health/mac:02010b41cdec/antenna/tag/e2806894000050038661fd4f, 91
1652716510.136072, sdrt-health/mac:02010b41cdec/antenna/tag/e2806894000040038662214f, 83
1652716510.136486, sdrt-health/mac:02010b41cdec/antenna/tag/e2806894000040038662114f, 85
1652716510.166371, sdrt-health/mac:02010b41cdec/antenna/tag/e2806894000050038661fd4f, 97
1652716510.194779, sdrt-health/mac:02010b41cdec/antenna/tag/e2806894000040038662114f, 85
1652716510.195017, sdrt-health/mac:02010b41cdec/antenna/tag/e2806894000050038661fd4f, 97
1652716510.215208, sdrt-health/mac:02010b41cdec/antenna/tag/e2806894000050038661fd4f, 83
1652716510.289579, sdrt-health/mac:02010b41cdec/antenna/tag/e2806894000050038661fd4f, 83
1652716510.290115, sdrt-health/mac:02010b41cdec/antenna/tag/e28068940000400386621d4f, 90
1652716510.303461, sdrt-health/mac:02010b41cdec/antenna/tag/e2806894000040038662114f, 88
1652716510.338332, sdrt-health/mac:02010b41cdec/antenna/tag/e28068940000400386621d4f, 96
1652716510.338686, sdrt-health/mac:02010b41cdec/antenna/tag/e2806894000040038662114f, 88
1652716510.384944, sdrt-health/mac:02010b41cdec/antenna/tag/e2806894000040038662114f, 85
1652716510.385955, sdrt-health/mac:02010b41cdec/antenna/tag/e28068940000400386621d4f, 96
1652716510.425724, sdrt-health/mac:02010b41cdec/antenna/tag/e2806894000050038661fd4f, 83
1652716510.467809, sdrt-health/mac:02010b41cdec/antenna/tag/e2806894000050038662194f, 83
1652716510.517964, sdrt-health/mac:02010b41cdec/antenna/tag/e2806894000050038662194f, 81
1652716510.63169, sdrt-health/mac:02010b41cdec/antenna/tag/e2806894000040038662114f, 88
1652716510.632225, sdrt-health/mac:02010b41cdec/antenna/tag/e28068940000400386621d4f, 77
1652716510.635438, sdrt-health/mac:02010b41cdec/antenna/tag/e2806894000050038662194f, 87
1652716510.635917, sdrt-health/mac:02010b41cdec/antenna/tag/e2806894000040038662114f, 88
1652716510.662339, sdrt-health/mac:02010b41cdec/antenna/tag/e2806894000040038662114f, 88
1652716510.662896, sdrt-health/mac:02010b41cdec/antenna/tag/e28068940000400386621d4f, 96
1652716510.709173, sdrt-health/mac:02010b41cdec/antenna/tag/e2806894000050038661fd4f, 83
1652716510.780468, sdrt-health/mac:02010b41cdec/antenna/tag/e2806894000040038662114f, 91
1652716510.780937, sdrt-health/mac:02010b41cdec/antenna/tag/e2806894000040038662114f, 91
1652716510.817227, sdrt-health/mac:02010b41cdec/antenna/tag/e2806894000040038662114f, 85
1652716510.847118, sdrt-health/mac:02010b41cdec/antenna/tag/e28068940000400386621d4f, 96
1652716510.847411, sdrt-health/mac:02010b41cdec/antenna/tag/e28068940000400386621d4f, 96
1652716510.874421, sdrt-health/mac:02010b41cdec/antenna/tag/e2806894000050038661fd4f, 86
1652716510.917229, sdrt-health/mac:02010b41cdec/antenna/tag/e2806894000050038662194f, 81
1652716510.982654, sdrt-health/mac:02010b41cdec/antenna/tag/e2806894000040038662114f, 88
1652716510.983121, sdrt-health/mac:02010b41cdec/antenna/tag/e28068940000400386621d4f, 96
1652716510.997708, sdrt-health/mac:02010b41cdec/antenna/tag/e2806894000040038662114f, 88
1652716510.997958, sdrt-health/mac:02010b41cdec/antenna/tag/e2806894000050038661fd4f, 91
1652716511.026407, sdrt-health/mac:02010b41cdec/antenna/tag/e28068940000400386621d4f, 96
1652716511.099579, sdrt-health/mac:02010b41cdec/antenna/tag/e28068940000400386621d4f, 96
1652716511.100105, sdrt-health/mac:02010b41cdec/antenna/tag/e28068940000400386621d4f, 96
1652716511.115869, sdrt-health/mac:02010b41cdec/antenna/tag/e2806894000040038662114f, 88
1652716511.11623, sdrt-health/mac:02010b41cdec/antenna/tag/e2806894000040038662114f, 88
1652716511.1262, sdrt-health/mac:02010b41cdec/antenna/tag/e28068940000400386621d4f, 96
1652716511.166423, sdrt-health/mac:02010b41cdec/antenna/tag/e2806894000050038661fd4f, 91
1652716511.21803, sdrt-health/mac:02010b41cdec/antenna/tag/e2806894000050038662194f, 81
1652716511.218546, sdrt-health/mac:02010b41cdec/antenna/tag/e2806894000050038661fd4f, 88
1652716511.254385, sdrt-health/mac:02010b41cdec/antenna/tag/e2806894000050038662194f, 94
1652716511.295996, sdrt-health/mac:02010b41cdec/antenna/tag/e28068940000400386621d4f, 96
1652716511.35009, sdrt-health/mac:02010b41cdec/antenna/tag/e28068940000400386621d4f, 77
1652716511.35079, sdrt-health/mac:02010b41cdec/antenna/tag/e2806894000040038662114f, 88
1652716511.364445, sdrt-health/mac:02010b41cdec/antenna/tag/e28068940000400386621d4f, 96
1652716511.385178, sdrt-health/mac:02010b41cdec/antenna/tag/e2806894000050038661fd4f, 88
1652716511.451608, sdrt-health/mac:02010b41cdec/antenna/tag/e2806894000040038662114f, 88
1652716511.451903, sdrt-health/mac:02010b41cdec/antenna/tag/e28068940000400386621d4f, 96
1652716511.487528, sdrt-health/mac:02010b41cdec/antenna/tag/e2806894000040038662114f, 88
1652716511.525188, sdrt-health/mac:02010b41cdec/antenna/tag/e2806894000050038662194f, 94
1652716511.594096, sdrt-health/mac:02010b41cdec/antenna/tag/e2806894000040038662114f, 88
1652716511.70171, sdrt-health/mac:02010b41cdec/antenna/tag/e2806894000050038661fd4f, 91
1652716511.70229, sdrt-health/mac:02010b41cdec/antenna/tag/e2806894000040038662214f, 94
1652716511.744689, sdrt-health/mac:02010b41cdec/antenna/tag/e28068940000400386621d4f, 96
1652716511.801827, sdrt-health/mac:02010b41cdec/antenna/tag/e2806894000040038662214f, 81
1652716511.802428, sdrt-health/mac:02010b41cdec/antenna/tag/e28068940000400386621d4f, 96
1652716511.815993, sdrt-health/mac:02010b41cdec/antenna/tag/e2806894000040038662114f, 88
1652716511.825751, sdrt-health/mac:02010b41cdec/antenna/tag/e28068940000400386621d4f, 96
1652716511.830279, sdrt-health/mac:02010b41cdec/antenna/tag/e2806894000050038661fd4f, 83
1652716511.878376, sdrt-health/mac:02010b41cdec/antenna/tag/e2806894000040038662114f, 88
1652716511.940658, sdrt-health/mac:02010b41cdec/antenna/tag/e28068940000400386621d4f, 96
1652716511.941226, sdrt-health/mac:02010b41cdec/antenna/tag/e2806894000040038662114f, 88
1652716511.956267, sdrt-health/mac:02010b41cdec/antenna/tag/e2806894000050038661fd4f, 86
1652716511.974571, sdrt-health/mac:02010b41cdec/antenna/tag/e2806894000040038662114f, 88
1652716512.015779, sdrt-health/mac:02010b41cdec/antenna/tag/e28068940000400386621d4f, 96
1652716512.107064, sdrt-health/mac:02010b41cdec/antenna/tag/e2806894000040038662114f, 88
1652716512.173249, sdrt-health/mac:02010b41cdec/antenna/tag/e2806894000040038662214f, 88
1652716512.237372, sdrt-health/mac:02010b41cdec/antenna/tag/e2806894000050038662194f, 94
1652716512.23805, sdrt-health/mac:02010b41cdec/antenna/tag/e2806894000050038661fd4f, 83
1652716512.238499, sdrt-health/mac:02010b41cdec/antenna/tag/e28068940000400386621d4f, 90
1652716512.238886, sdrt-health/mac:02010b41cdec/antenna/tag/e2806894000050038661fd4f, 86
1652716512.266473, sdrt-health/mac:02010b41cdec/antenna/tag/e2806894000040038662114f, 88
1652716512.3017, sdrt-health/mac:02010b41cdec/antenna/tag/e2806894000050038661fd4f, 83
1652716512.302051, sdrt-health/mac:02010b41cdec/antenna/tag/e2806894000040038662114f, 88
1652716512.302299, sdrt-health/mac:02010b41cdec/antenna/tag/e28068940000400386621d4f, 90
1652716512.321254, sdrt-health/mac:02010b41cdec/antenna/tag/e2806894000050038662194f, 94
1652716512.378035, sdrt-health/mac:02010b41cdec/antenna/tag/e2806894000040038662114f, 88
1652716512.407526, sdrt-health/mac:02010b41cdec/antenna/tag/e2806894000050038661fd4f, 83
1652716512.407774, sdrt-health/mac:02010b41cdec/antenna/tag/e2806894000050038662194f, 81
1652716512.422108, sdrt-health/mac:02010b41cdec/antenna/tag/e2806894000050038662194f, 81
1652716512.42241, sdrt-health/mac:02010b41cdec/antenna/tag/e2806894000050038661fd4f, 83
1652716512.466542, sdrt-health/mac:02010b41cdec/antenna/tag/e2806894000050038661fd4f, 85
1652716512.467476, sdrt-health/mac:02010b41cdec/antenna/tag/e2806894000050038661fd4f, 85
1652716512.537631, sdrt-health/mac:02010b41cdec/antenna/tag/e28068940000400386621d4f, 90
1652716512.606717, sdrt-health/mac:02010b41cdec/antenna/tag/e2806894000050038661fd4f, 88
1652716512.607295, sdrt-health/mac:02010b41cdec/antenna/tag/e2806894000040038662114f, 85
1652716512.62217, sdrt-health/mac:02010b41cdec/antenna/tag/e2806894000040038662114f, 85
1652716512.644088, sdrt-health/mac:02010b41cdec/antenna/tag/e2806894000040038662114f, 85
1652716512.67445, sdrt-health/mac:02010b41cdec/antenna/tag/e28068940000400386621d4f, 90
1652716512.674896, sdrt-health/mac:02010b41cdec/antenna/tag/e2806894000050038661fd4f, 85
1652716512.675112, sdrt-health/mac:02010b41cdec/antenna/tag/e28068940000400386621d4f, 96
1652716512.6906, sdrt-health/mac:02010b41cdec/antenna/tag/e2806894000040038662114f, 85
1652716512.735289, sdrt-health/mac:02010b41cdec/antenna/tag/e2806894000040038662114f, 85
1652716512.785002, sdrt-health/mac:02010b41cdec/antenna/tag/e2806894000040038662114f, 85
1652716512.839144, sdrt-health/mac:02010b41cdec/antenna/tag/e2806894000050038661fd4f, 88
1652716512.839664, sdrt-health/mac:02010b41cdec/antenna/tag/e2806894000050038661fd4f, 88
1652716512.85535, sdrt-health/mac:02010b41cdec/antenna/tag/e2806894000050038661fd4f, 88
1652716512.86368, sdrt-health/mac:02010b41cdec/antenna/tag/e2806894000050038661fd4f, 85
1652716512.931639, sdrt-health/mac:02010b41cdec/antenna/tag/e2806894000040038662114f, 87
1652716513.012172, sdrt-health/mac:02010b41cdec/antenna/tag/e28068940000400386621d4f, 96
1652716513.085374, sdrt-health/mac:02010b41cdec/antenna/tag/e28068940000400386621d4f, 90
1652716513.085858, sdrt-health/mac:02010b41cdec/antenna/tag/e2806894000050038661fd4f, 88
1652716513.086196, sdrt-health/mac:02010b41cdec/antenna/tag/e2806894000040038662114f, 93
1652716513.098798, sdrt-health/mac:02010b41cdec/antenna/tag/e28068940000400386621d4f, 90
1652716513.099397, sdrt-health/mac:02010b41cdec/antenna/tag/e2806894000040038662114f, 93
1652716513.133828, sdrt-health/mac:02010b41cdec/antenna/tag/e28068940000400386621d4f, 96
1652716513.190545, sdrt-health/mac:02010b41cdec/antenna/tag/e2806894000050038661fd4f, 88
1652716513.191056, sdrt-health/mac:02010b41cdec/antenna/tag/e2806894000050038661fd4f, 91
1652716513.191446, sdrt-health/mac:02010b41cdec/antenna/tag/e2806894000040038662114f, 85
1652716513.204845, sdrt-health/mac:02010b41cdec/antenna/tag/e2806894000040038662114f, 85
1652716513.255179, sdrt-health/mac:02010b41cdec/antenna/tag/e2806894000050038661fd4f, 83
1652716513.296958, sdrt-health/mac:02010b41cdec/antenna/tag/e2806894000040038662114f, 91
1652716513.344833, sdrt-health/mac:02010b41cdec/antenna/tag/e2806894000050038662194f, 81
1652716513.398112, sdrt-health/mac:02010b41cdec/antenna/tag/e2806894000050038662194f, 85
1652716513.449804, sdrt-health/mac:02010b41cdec/antenna/tag/e2806894000050038662194f, 83
1652716513.478792, sdrt-health/mac:02010b41cdec/antenna/tag/e2806894000040038662114f, 85
1652716513.47911, sdrt-health/mac:02010b41cdec/antenna/tag/e28068940000400386621d4f, 90
1652716513.506344, sdrt-health/mac:02010b41cdec/antenna/tag/e28068940000400386621d4f, 90
1652716513.541434, sdrt-health/mac:02010b41cdec/antenna/tag/e2806894000040038662114f, 93
1652716513.541756, sdrt-health/mac:02010b41cdec/antenna/tag/e2806894000040038662114f, 85
1652716513.558724, sdrt-health/mac:02010b41cdec/antenna/tag/e2806894000050038661fd4f, 91
1652716513.614775, sdrt-health/mac:02010b41cdec/antenna/tag/e2806894000050038661fd4f, 91
1652716513.679568, sdrt-health/mac:02010b41cdec/antenna/tag/e2806894000050038662194f, 81
1652716513.766195, sdrt-health/mac:02010b41cdec/antenna/tag/e28068940000400386621d4f, 96
1652716513.766712, sdrt-health/mac:02010b41cdec/antenna/tag/e28068940000400386621d4f, 96
1652716513.782596, sdrt-health/mac:02010b41cdec/antenna/tag/e2806894000040038661f94f, 88
1652716513.805288, sdrt-health/mac:02010b41cdec/antenna/tag/e2806894000040038662114f, 87
1652716513.837559, sdrt-health/mac:02010b41cdec/antenna/tag/e2806894000050038661fd4f, 91
1652716513.83815, sdrt-health/mac:02010b41cdec/antenna/tag/e2806894000040038662114f, 93
1652716513.863699, sdrt-health/mac:02010b41cdec/antenna/tag/e2806894000050038661fd4f, 97
1652716513.941126, sdrt-health/mac:02010b41cdec/antenna/tag/e2806894000050038661fd4f, 91
1652716513.941701, sdrt-health/mac:02010b41cdec/antenna/tag/e2806894000040038662114f, 85
1652716513.955008, sdrt-health/mac:02010b41cdec/antenna/tag/e28068940000400386621d4f, 90
1652716514.002014, sdrt-health/mac:02010b41cdec/antenna/tag/e28068940000400386621d4f, 90
1652716514.002355, sdrt-health/mac:02010b41cdec/antenna/tag/e2806894000040038662114f, 85
1652716514.018073, sdrt-health/mac:02010b41cdec/antenna/tag/e2806894000050038662194f, 88
1652716514.018274, sdrt-health/mac:02010b41cdec/antenna/tag/e2806894000050038661fd4f, 91
1652716514.018407, sdrt-health/mac:02010b41cdec/antenna/tag/e2806894000040038662114f, 88
1652716514.049658, sdrt-health/mac:02010b41cdec/antenna/tag/e2806894000040038662114f, 87
1652716514.132511, sdrt-health/mac:02010b41cdec/antenna/tag/e2806894000050038661fd4f, 88
1652716514.133084, sdrt-health/mac:02010b41cdec/antenna/tag/e28068940000400386621d4f, 90
1652716514.14658, sdrt-health/mac:02010b41cdec/antenna/tag/e28068940000400386621d4f, 90
1652716514.147044, sdrt-health/mac:02010b41cdec/antenna/tag/e2806894000050038661fd4f, 88
1652716514.147419, sdrt-health/mac:02010b41cdec/antenna/tag/e2806894000040038662114f, 87
1652716514.181052, sdrt-health/mac:02010b41cdec/antenna/tag/e2806894000040038662114f, 93
1652716514.239682, sdrt-health/mac:02010b41cdec/antenna/tag/e2806894000050038661fd4f, 91
1652716514.240107, sdrt-health/mac:02010b41cdec/antenna/tag/e2806894000040038662114f, 85
1652716514.253849, sdrt-health/mac:02010b41cdec/antenna/tag/e2806894000050038661fd4f, 97
1652716514.254119, sdrt-health/mac:02010b41cdec/antenna/tag/e28068940000400386621d4f, 90
1652716514.277745, sdrt-health/mac:02010b41cdec/antenna/tag/e28068940000400386621d4f, 86
1652716514.326024, sdrt-health/mac:02010b41cdec/antenna/tag/e2806894000040038662114f, 87
1652716514.327219, sdrt-health/mac:02010b41cdec/antenna/tag/e2806894000050038661fd4f, 97
1652716514.341021, sdrt-health/mac:02010b41cdec/antenna/tag/e28068940000400386621d4f, 86
1652716514.390147, sdrt-health/mac:02010b41cdec/antenna/tag/e2806894000050038661fd4f, 97
1652716514.419079, sdrt-health/mac:02010b41cdec/antenna/tag/e28068940000400386621d4f, 86
1652716514.419383, sdrt-health/mac:02010b41cdec/antenna/tag/e2806894000040038662114f, 85
1652716514.453633, sdrt-health/mac:02010b41cdec/antenna/tag/e2806894000050038661fd4f, 91
1652716514.486796, sdrt-health/mac:02010b41cdec/antenna/tag/e28068940000400386621d4f, 90
1652716514.487079, sdrt-health/mac:02010b41cdec/antenna/tag/e2806894000040038662114f, 85
1652716514.487196, sdrt-health/mac:02010b41cdec/antenna/tag/e2806894000050038661fd4f, 91
1652716514.500748, sdrt-health/mac:02010b41cdec/antenna/tag/e28068940000400386621d4f, 90
1652716514.500993, sdrt-health/mac:02010b41cdec/antenna/tag/e2806894000040038662114f, 87
1652716514.543535, sdrt-health/mac:02010b41cdec/antenna/tag/e2806894000040038662114f, 85
1652716514.592552, sdrt-health/mac:02010b41cdec/antenna/tag/e28068940000400386621d4f, 96
1652716514.641734, sdrt-health/mac:02010b41cdec/antenna/tag/e2806894000050038661fd4f, 83
1652716514.642105, sdrt-health/mac:02010b41cdec/antenna/tag/e28068940000400386621d4f, 96
1652716514.685737, sdrt-health/mac:02010b41cdec/antenna/tag/e28068940000400386621d4f, 90
1652716514.726843, sdrt-health/mac:02010b41cdec/antenna/tag/e28068940000400386621d4f, 90
1652716514.791501, sdrt-health/mac:02010b41cdec/antenna/tag/e2806894000040038662114f, 87
1652716514.792007, sdrt-health/mac:02010b41cdec/antenna/tag/e2806894000050038661fd4f, 91
1652716514.851085, sdrt-health/mac:02010b41cdec/antenna/tag/e28068940000400386621d4f, 86
1652716514.880748, sdrt-health/mac:02010b41cdec/antenna/tag/e2806894000040038662114f, 85
1652716514.881222, sdrt-health/mac:02010b41cdec/antenna/tag/e28068940000400386621d4f, 90
1652716514.899859, sdrt-health/mac:02010b41cdec/antenna/tag/e2806894000050038661fd4f, 91
1652716514.952055, sdrt-health/mac:02010b41cdec/antenna/tag/e2806894000040038662114f, 88
1652716514.952364, sdrt-health/mac:02010b41cdec/antenna/tag/e2806894000050038661fd4f, 97
1652716514.966064, sdrt-health/mac:02010b41cdec/antenna/tag/e28068940000400386621d4f, 90
1652716514.986553, sdrt-health/mac:02010b41cdec/antenna/tag/e2806894000040038662114f, 88
1652716515.036133, sdrt-health/mac:02010b41cdec/antenna/tag/e2806894000050038661fd4f, 91
1652716515.079452, sdrt-health/mac:02010b41cdec/antenna/tag/e2806894000040038662114f, 85
1652716515.107765, sdrt-health/mac:02010b41cdec/antenna/tag/e2806894000050038661fd4f, 83
1652716515.108432, sdrt-health/mac:02010b41cdec/antenna/tag/e2806894000040038662214f, 81
1652716515.126792, sdrt-health/mac:02010b41cdec/antenna/tag/e2806894000040038661f94f, 88
1652716515.197123, sdrt-health/mac:02010b41cdec/antenna/tag/e2806894000050038661fd4f, 97
1652716515.197569, sdrt-health/mac:02010b41cdec/antenna/tag/e2806894000040038662114f, 85
1652716515.213041, sdrt-health/mac:02010b41cdec/antenna/tag/e2806894000040038662114f, 87
1652716515.226824, sdrt-health/mac:02010b41cdec/antenna/tag/e2806894000050038661fd4f, 88
1652716515.229337, sdrt-health/mac:02010b41cdec/antenna/tag/e28068940000400386621d4f, 96
1652716515.229516, sdrt-health/mac:02010b41cdec/antenna/tag/e2806894000040038662114f, 93
1652716515.229646, sdrt-health/mac:02010b41cdec/antenna/tag/e2806894000050038661fd4f, 91
1652716515.274282, sdrt-health/mac:02010b41cdec/antenna/tag/e2806894000050038661fd4f, 91
1652716515.336062, sdrt-health/mac:02010b41cdec/antenna/tag/e2806894000050038661fd4f, 88
1652716515.336763, sdrt-health/mac:02010b41cdec/antenna/tag/e28068940000400386621d4f, 96
1652716515.388316, sdrt-health/mac:02010b41cdec/antenna/tag/e2806894000040038662114f, 87
1652716515.388939, sdrt-health/mac:02010b41cdec/antenna/tag/e2806894000040038662114f, 87
1652716515.402183, sdrt-health/mac:02010b41cdec/antenna/tag/e2806894000050038661fd4f, 91
1652716515.418267, sdrt-health/mac:02010b41cdec/antenna/tag/e2806894000040038662114f, 87
1652716515.464657, sdrt-health/mac:02010b41cdec/antenna/tag/e28068940000400386621d4f, 96
1652716515.495302, sdrt-health/mac:02010b41cdec/antenna/tag/e2806894000050038661fd4f, 97
1652716515.495617, sdrt-health/mac:02010b41cdec/antenna/tag/e2806894000040038662114f, 85
1652716515.510363, sdrt-health/mac:02010b41cdec/antenna/tag/e28068940000400386621d4f, 96
1652716515.558747, sdrt-health/mac:02010b41cdec/antenna/tag/e2806894000040038661f94f, 81
1652716515.621153, sdrt-health/mac:02010b41cdec/antenna/tag/e2806894000050038661fd4f, 91
1652716515.621871, sdrt-health/mac:02010b41cdec/antenna/tag/e2806894000050038661fd4f, 88
1652716515.635382, sdrt-health/mac:02010b41cdec/antenna/tag/e2806894000050038661fd4f, 88
1652716515.6541, sdrt-health/mac:02010b41cdec/antenna/tag/e28068940000400386621d4f, 96
1652716515.711775, sdrt-health/mac:02010b41cdec/antenna/tag/e2806894000040038662114f, 93
1652716515.712278, sdrt-health/mac:02010b41cdec/antenna/tag/e28068940000400386621d4f, 86
1652716515.734138, sdrt-health/mac:02010b41cdec/antenna/tag/e28068940000400386621d4f, 90
1652716515.763932, sdrt-health/mac:02010b41cdec/antenna/tag/e2806894000040038661f94f, 81
1652716515.764274, sdrt-health/mac:02010b41cdec/antenna/tag/e28068940000400386621d4f, 90
1652716515.779584, sdrt-health/mac:02010b41cdec/antenna/tag/e2806894000050038661fd4f, 91
1652716515.779923, sdrt-health/mac:02010b41cdec/antenna/tag/e28068940000400386621d4f, 90
1652716515.817206, sdrt-health/mac:02010b41cdec/antenna/tag/e28068940000400386621d4f, 86
1652716515.855059, sdrt-health/mac:02010b41cdec/antenna/tag/e2806894000050038661fd4f, 91
1652716515.912574, sdrt-health/mac:02010b41cdec/antenna/tag/e28068940000400386621d4f, 86
1652716515.993986, sdrt-health/mac:02010b41cdec/antenna/tag/e2806894000040038662114f, 93
1652716515.994531, sdrt-health/mac:02010b41cdec/antenna/tag/e2806894000040038662114f, 87
1652716516.015377, sdrt-health/mac:02010b41cdec/antenna/tag/e2806894000040038662114f, 93
1652716516.069239, sdrt-health/mac:02010b41cdec/antenna/tag/e2806894000040038662114f, 85
1652716516.069712, sdrt-health/mac:02010b41cdec/antenna/tag/e2806894000050038661fd4f, 88
1652716516.097071, sdrt-health/mac:02010b41cdec/antenna/tag/e2806894000050038661fd4f, 91
1652716516.150413, sdrt-health/mac:02010b41cdec/antenna/tag/e2806894000040038662114f, 85
1652716516.150979, sdrt-health/mac:02010b41cdec/antenna/tag/e2806894000040038661f94f, 81
1652716516.171987, sdrt-health/mac:02010b41cdec/antenna/tag/e2806894000050038661fd4f, 91
1652716516.201273, sdrt-health/mac:02010b41cdec/antenna/tag/e28068940000400386621d4f, 90
1652716516.201481, sdrt-health/mac:02010b41cdec/antenna/tag/e2806894000050038661fd4f, 91
1652716516.235528, sdrt-health/mac:02010b41cdec/antenna/tag/e28068940000400386621d4f, 86
1652716516.294878, sdrt-health/mac:02010b41cdec/antenna/tag/e28068940000400386621d4f, 90
1652716516.335243, sdrt-health/mac:02010b41cdec/antenna/tag/e2806894000040038662114f, 85
1652716516.392251, sdrt-health/mac:02010b41cdec/antenna/tag/e28068940000400386621d4f, 96
1652716516.45214, sdrt-health/mac:02010b41cdec/antenna/tag/e2806894000050038661fd4f, 88
1652716516.452698, sdrt-health/mac:02010b41cdec/antenna/tag/e28068940000400386621d4f, 96
1652716516.467011, sdrt-health/mac:02010b41cdec/antenna/tag/e2806894000050038661fd4f, 91
1652716516.493733, sdrt-health/mac:02010b41cdec/antenna/tag/e2806894000050038661fd4f, 97
1652716516.536559, sdrt-health/mac:02010b41cdec/antenna/tag/e2806894000050038661fd4f, 91
1652716516.605293, sdrt-health/mac:02010b41cdec/antenna/tag/e2806894000040038662114f, 85
1652716516.60589, sdrt-health/mac:02010b41cdec/antenna/tag/e28068940000400386621d4f, 90
1652716516.620485, sdrt-health/mac:02010b41cdec/antenna/tag/e2806894000050038661fd4f, 91
1652716516.626028, sdrt-health/mac:02010b41cdec/antenna/tag/e2806894000050038661fd4f, 88
1652716516.636931, sdrt-health/mac:02010b41cdec/antenna/tag/e2806894000040038662114f, 87
1652716516.690271, sdrt-health/mac:02010b41cdec/antenna/tag/e2806894000050038661fd4f, 88
1652716516.724653, sdrt-health/mac:02010b41cdec/antenna/tag/e2806894000050038661fd4f, 88
1652716516.724853, sdrt-health/mac:02010b41cdec/antenna/tag/e2806894000040038662114f, 93
1652716516.724994, sdrt-health/mac:02010b41cdec/antenna/tag/e2806894000040038662114f, 83
1652716516.74082, sdrt-health/mac:02010b41cdec/antenna/tag/e2806894000050038661fd4f, 97
1652716516.784777, sdrt-health/mac:02010b41cdec/antenna/tag/e2806894000040038662114f, 87
1652716516.81141, sdrt-health/mac:02010b41cdec/antenna/tag/e28068940000400386621d4f, 90
1652716516.811635, sdrt-health/mac:02010b41cdec/antenna/tag/e2806894000050038661fd4f, 91
1652716516.811779, sdrt-health/mac:02010b41cdec/antenna/tag/e2806894000040038662114f, 87
1652716516.827938, sdrt-health/mac:02010b41cdec/antenna/tag/e28068940000400386621d4f, 96
1652716516.828175, sdrt-health/mac:02010b41cdec/antenna/tag/e2806894000040038662114f, 93
1652716516.828318, sdrt-health/mac:02010b41cdec/antenna/tag/e28068940000400386621d4f, 96
1652716516.875346, sdrt-health/mac:02010b41cdec/antenna/tag/e2806894000050038661fd4f, 97
1652716516.928997, sdrt-health/mac:02010b41cdec/antenna/tag/e2806894000040038662114f, 88
1652716516.958108, sdrt-health/mac:02010b41cdec/antenna/tag/e2806894000050038661fd4f, 83
1652716516.95866, sdrt-health/mac:02010b41cdec/antenna/tag/e28068940000400386621d4f, 86
1652716516.973941, sdrt-health/mac:02010b41cdec/antenna/tag/e2806894000050038661fd4f, 91
1652716516.974256, sdrt-health/mac:02010b41cdec/antenna/tag/e2806894000040038662114f, 88
1652716516.974535, sdrt-health/mac:02010b41cdec/antenna/tag/e2806894000050038661fd4f, 97
1652716516.974826, sdrt-health/mac:02010b41cdec/antenna/tag/e28068940000400386621d4f, 90
1652716517.057804, sdrt-health/mac:02010b41cdec/antenna/tag/e2806894000040038662114f, 85
1652716517.082367, sdrt-health/mac:02010b41cdec/antenna/tag/e2806894000040038662114f, 85
1652716517.088864, sdrt-health/mac:02010b41cdec/antenna/tag/e2806894000050038661fd4f, 88
1652716517.117083, sdrt-health/mac:02010b41cdec/antenna/tag/e28068940000400386621d4f, 96
1652716517.117272, sdrt-health/mac:02010b41cdec/antenna/tag/e28068940000400386621d4f, 96
1652716517.134354, sdrt-health/mac:02010b41cdec/antenna/tag/e2806894000050038661fd4f, 91
1652716517.208183, sdrt-health/mac:02010b41cdec/antenna/tag/e2806894000050038661fd4f, 97
1652716517.20858, sdrt-health/mac:02010b41cdec/antenna/tag/e28068940000400386621d4f, 90
1652716517.226078, sdrt-health/mac:02010b41cdec/antenna/tag/e2806894000040038662114f, 85
1652716517.226574, sdrt-health/mac:02010b41cdec/antenna/tag/e28068940000400386621d4f, 90
1652716517.22693, sdrt-health/mac:02010b41cdec/antenna/tag/e2806894000040038662114f, 88
1652716517.26462, sdrt-health/mac:02010b41cdec/antenna/tag/e2806894000040038662114f, 93
1652716517.331646, sdrt-health/mac:02010b41cdec/antenna/tag/e28068940000400386621d4f, 90
1652716517.392841, sdrt-health/mac:02010b41cdec/antenna/tag/e2806894000050038661fd4f, 91
1652716517.393326, sdrt-health/mac:02010b41cdec/antenna/tag/e28068940000400386621d4f, 96
1652716517.408455, sdrt-health/mac:02010b41cdec/antenna/tag/e2806894000050038661fd4f, 91
1652716517.408949, sdrt-health/mac:02010b41cdec/antenna/tag/e28068940000400386621d4f, 90
1652716517.425577, sdrt-health/mac:02010b41cdec/antenna/tag/e2806894000050038661fd4f, 88
1652716517.455225, sdrt-health/mac:02010b41cdec/antenna/tag/e2806894000040038662114f, 85
1652716517.455622, sdrt-health/mac:02010b41cdec/antenna/tag/e2806894000040038662114f, 85
1652716517.478491, sdrt-health/mac:02010b41cdec/antenna/tag/e2806894000050038661fd4f, 88
1652716517.506981, sdrt-health/mac:02010b41cdec/antenna/tag/e2806894000040038662114f, 85
1652716517.507283, sdrt-health/mac:02010b41cdec/antenna/tag/e28068940000400386621d4f, 90
1652716517.547119, sdrt-health/mac:02010b41cdec/antenna/tag/e2806894000050038661fd4f, 88
1652716517.59541, sdrt-health/mac:02010b41cdec/antenna/tag/e2806894000040038662114f, 87
1652716517.666908, sdrt-health/mac:02010b41cdec/antenna/tag/e2806894000050038661fd4f, 91
1652716517.667361, sdrt-health/mac:02010b41cdec/antenna/tag/e28068940000400386621d4f, 90
1652716517.688226, sdrt-health/mac:02010b41cdec/antenna/tag/e2806894000040038662114f, 93
1652716517.68863, sdrt-health/mac:02010b41cdec/antenna/tag/e2806894000040038662114f, 85
1652716517.688897, sdrt-health/mac:02010b41cdec/antenna/tag/e2806894000050038661fd4f, 97
1652716517.689309, sdrt-health/mac:02010b41cdec/antenna/tag/e28068940000400386621d4f, 96
1652716517.725846, sdrt-health/mac:02010b41cdec/antenna/tag/e28068940000400386621d4f, 96
1652716517.757829, sdrt-health/mac:02010b41cdec/antenna/tag/e2806894000040038662114f, 85
1652716517.758262, sdrt-health/mac:02010b41cdec/antenna/tag/e28068940000400386621d4f, 96
1652716517.783663, sdrt-health/mac:02010b41cdec/antenna/tag/e28068940000400386621d4f, 90
1652716517.834701, sdrt-health/mac:02010b41cdec/antenna/tag/e2806894000040038661f94f, 83
1652716517.929586, sdrt-health/mac:02010b41cdec/antenna/tag/e28068940000400386621d4f, 96
1652716517.930054, sdrt-health/mac:02010b41cdec/antenna/tag/e2806894000040038662114f, 85
1652716517.949462, sdrt-health/mac:02010b41cdec/antenna/tag/e28068940000400386621d4f, 96
1652716517.962055, sdrt-health/mac:02010b41cdec/antenna/tag/e2806894000040038662114f, 85
1652716517.964674, sdrt-health/mac:02010b41cdec/antenna/tag/e2806894000050038661fd4f, 91
1652716517.965094, sdrt-health/mac:02010b41cdec/antenna/tag/e28068940000400386621d4f, 96
1652716518.021439, sdrt-health/mac:02010b41cdec/antenna/tag/e2806894000040038662214f, 83
1652716518.049294, sdrt-health/mac:02010b41cdec/antenna/tag/e2806894000040038661f94f, 83
1652716518.04956, sdrt-health/mac:02010b41cdec/antenna/tag/e28068940000400386621d4f, 96
1652716518.083637, sdrt-health/mac:02010b41cdec/antenna/tag/e28068940000400386621d4f, 86
1652716518.151189, sdrt-health/mac:02010b41cdec/antenna/tag/e28068940000400386621d4f, 86
1652716518.15172, sdrt-health/mac:02010b41cdec/antenna/tag/e2806894000040038662114f, 85
1652716518.167104, sdrt-health/mac:02010b41cdec/antenna/tag/e2806894000050038661fd4f, 91
1652716518.167479, sdrt-health/mac:02010b41cdec/antenna/tag/e2806894000040038662114f, 93
1652716518.167784, sdrt-health/mac:02010b41cdec/antenna/tag/e28068940000400386621d4f, 86
1652716518.18272, sdrt-health/mac:02010b41cdec/antenna/tag/e28068940000400386621d4f, 96
1652716518.566656, sdrt-health/mac:02010b41cdec/antenna/tag/e28068940000400386621d4f, 96
1652716518.59028, sdrt-health/mac:02010b41cdec/antenna/tag/e2806894000040038662114f, 85
1652716518.590628, sdrt-health/mac:02010b41cdec/antenna/tag/e2806894000050038661fd4f, 91
1652716518.591633, sdrt-health/mac:02010b41cdec/antenna/tag/e28068940000400386621d4f, 96
1652716518.592066, sdrt-health/mac:02010b41cdec/antenna/tag/e2806894000050038661fd4f, 83
1652716518.624649, sdrt-health/mac:02010b41cdec/antenna/tag/e28068940000400386621d4f, 86
1652716518.653018, sdrt-health/mac:02010b41cdec/antenna/tag/e28068940000400386621d4f, 86
1652716518.653288, sdrt-health/mac:02010b41cdec/antenna/tag/e2806894000040038662114f, 85
1652716518.653567, sdrt-health/mac:02010b41cdec/antenna/tag/e2806894000050038661fd4f, 97
1652716518.653785, sdrt-health/mac:02010b41cdec/antenna/tag/e2806894000040038662114f, 85
1652716518.653995, sdrt-health/mac:02010b41cdec/antenna/tag/e28068940000400386621d4f, 86
1652716518.654201, sdrt-health/mac:02010b41cdec/antenna/tag/e28068940000400386621d4f, 86
1652716518.654569, sdrt-health/mac:02010b41cdec/antenna/tag/e28068940000400386621d4f, 90
1652716518.654905, sdrt-health/mac:02010b41cdec/antenna/tag/e2806894000050038661fd4f, 83
1652716518.655217, sdrt-health/mac:02010b41cdec/antenna/tag/e2806894000050038662194f, 83
1652716518.655624, sdrt-health/mac:02010b41cdec/antenna/tag/e2806894000050038661fd4f, 91
1652716518.655896, sdrt-health/mac:02010b41cdec/antenna/tag/e2806894000040038662114f, 88
1652716518.656106, sdrt-health/mac:02010b41cdec/antenna/tag/e2806894000040038662114f, 88
1652716518.656369, sdrt-health/mac:02010b41cdec/antenna/tag/e2806894000050038661fd4f, 97
1652716518.6566, sdrt-health/mac:02010b41cdec/antenna/tag/e2806894000050038662194f, 94
1652716518.669132, sdrt-health/mac:02010b41cdec/antenna/tag/e2806894000040038662214f, 84
1652716518.730898, sdrt-health/mac:02010b41cdec/antenna/tag/e2806894000050038661fd4f, 97
1652716518.731404, sdrt-health/mac:02010b41cdec/antenna/tag/e2806894000050038661fd4f, 83
1652716518.747671, sdrt-health/mac:02010b41cdec/antenna/tag/e28068940000400386621d4f, 86
1652716518.7578, sdrt-health/mac:02010b41cdec/antenna/tag/e28068940000400386621d4f, 86
1652716518.804604, sdrt-health/mac:02010b41cdec/antenna/tag/e2806894000040038662114f, 85
1652716518.879479, sdrt-health/mac:02010b41cdec/antenna/tag/e28068940000400386621d4f, 86
1652716518.879992, sdrt-health/mac:02010b41cdec/antenna/tag/e2806894000040038662114f, 88
1652716518.894049, sdrt-health/mac:02010b41cdec/antenna/tag/e2806894000040038662114f, 88
1652716518.899052, sdrt-health/mac:02010b41cdec/antenna/tag/e2806894000050038661fd4f, 83
1652716518.908527, sdrt-health/mac:02010b41cdec/antenna/tag/e28068940000400386621d4f, 86
1652716518.908818, sdrt-health/mac:02010b41cdec/antenna/tag/e28068940000400386621d4f, 86
1652716518.908938, sdrt-health/mac:02010b41cdec/antenna/tag/e2806894000040038662114f, 85
1652716518.90908, sdrt-health/mac:02010b41cdec/antenna/tag/e2806894000050038662194f, 94
1652716518.945499, sdrt-health/mac:02010b41cdec/antenna/tag/e2806894000050038661fd4f, 88
1652716519.006987, sdrt-health/mac:02010b41cdec/antenna/tag/e28068940000400386621d4f, 96
1652716519.068677, sdrt-health/mac:02010b41cdec/antenna/tag/e28068940000400386621d4f, 90
1652716519.069486, sdrt-health/mac:02010b41cdec/antenna/tag/e2806894000050038662194f, 88
1652716519.069933, sdrt-health/mac:02010b41cdec/antenna/tag/e28068940000400386621d4f, 90
1652716519.084974, sdrt-health/mac:02010b41cdec/antenna/tag/e2806894000050038661fd4f, 91
1652716519.085526, sdrt-health/mac:02010b41cdec/antenna/tag/e2806894000040038662114f, 93
1652716519.101362, sdrt-health/mac:02010b41cdec/antenna/tag/e2806894000050038661fd4f, 88
1652716519.16075, sdrt-health/mac:02010b41cdec/antenna/tag/e2806894000040038662114f, 93
1652716519.196625, sdrt-health/mac:02010b41cdec/antenna/tag/e2806894000050038661fd4f, 91
1652716519.197, sdrt-health/mac:02010b41cdec/antenna/tag/e28068940000400386621d4f, 90
1652716519.197228, sdrt-health/mac:02010b41cdec/antenna/tag/e2806894000050038661fd4f, 91
1652716519.211363, sdrt-health/mac:02010b41cdec/antenna/tag/e2806894000040038662114f, 85
1652716519.277761, sdrt-health/mac:02010b41cdec/antenna/tag/e28068940000400386621d4f, 96
1652716519.284459, sdrt-health/mac:02010b41cdec/antenna/tag/e2806894000050038662194f, 88
1652716519.284913, sdrt-health/mac:02010b41cdec/antenna/tag/e28068940000400386621d4f, 96
1652716519.345305, sdrt-health/mac:02010b41cdec/antenna/tag/e2806894000040038662114f, 85
1652716519.412686, sdrt-health/mac:02010b41cdec/antenna/tag/e2806894000050038661fd4f, 88
1652716519.41315, sdrt-health/mac:02010b41cdec/antenna/tag/e28068940000400386621d4f, 96
1652716519.427293, sdrt-health/mac:02010b41cdec/antenna/tag/e28068940000400386621d4f, 96
1652716519.66302, sdrt-health/mac:02010b41cdec/antenna/tag/e2806894000050038661fd4f, 91
1652716519.675825, sdrt-health/mac:02010b41cdec/antenna/tag/e2806894000040038662114f, 87
1652716519.679935, sdrt-health/mac:02010b41cdec/antenna/tag/e2806894000050038661fd4f, 91
1652716519.680408, sdrt-health/mac:02010b41cdec/antenna/tag/e28068940000400386621d4f, 96
1652716519.727265, sdrt-health/mac:02010b41cdec/antenna/tag/e2806894000050038661fd4f, 88
1652716519.755838, sdrt-health/mac:02010b41cdec/antenna/tag/e2806894000040038662114f, 93
1652716519.756191, sdrt-health/mac:02010b41cdec/antenna/tag/e2806894000050038661fd4f, 91
1652716519.756418, sdrt-health/mac:02010b41cdec/antenna/tag/e28068940000400386621d4f, 90
1652716519.756644, sdrt-health/mac:02010b41cdec/antenna/tag/e2806894000040038662114f, 85
1652716519.815864, sdrt-health/mac:02010b41cdec/antenna/tag/e2806894000040038661f94f, 88
1652716519.816444, sdrt-health/mac:02010b41cdec/antenna/tag/e2806894000040038662114f, 85
1652716519.831743, sdrt-health/mac:02010b41cdec/antenna/tag/e2806894000050038661fd4f, 97
1652716519.83228, sdrt-health/mac:02010b41cdec/antenna/tag/e2806894000040038662114f, 93
1652716519.83262, sdrt-health/mac:02010b41cdec/antenna/tag/e2806894000050038661fd4f, 97
1652716519.832944, sdrt-health/mac:02010b41cdec/antenna/tag/e28068940000400386621d4f, 90
1652716519.833267, sdrt-health/mac:02010b41cdec/antenna/tag/e28068940000400386621d4f, 90
1652716519.833641, sdrt-health/mac:02010b41cdec/antenna/tag/e2806894000040038662114f, 88
1652716519.83395, sdrt-health/mac:02010b41cdec/antenna/tag/e28068940000400386621d4f, 86
1652716519.83428, sdrt-health/mac:02010b41cdec/antenna/tag/e2806894000050038661fd4f, 91
1652716519.834626, sdrt-health/mac:02010b41cdec/antenna/tag/e28068940000400386621d4f, 90
1652716519.878216, sdrt-health/mac:02010b41cdec/antenna/tag/e28068940000400386621d4f, 90
1652716519.934456, sdrt-health/mac:02010b41cdec/antenna/tag/e2806894000040038662114f, 88
1652716520.009536, sdrt-health/mac:02010b41cdec/antenna/tag/e2806894000050038661fd4f, 91
1652716520.01006, sdrt-health/mac:02010b41cdec/antenna/tag/e28068940000400386621d4f, 96
1652716520.038687, sdrt-health/mac:02010b41cdec/antenna/tag/e2806894000040038662114f, 93
1652716520.1034, sdrt-health/mac:02010b41cdec/antenna/tag/e2806894000050038661fd4f, 88
1652716520.103866, sdrt-health/mac:02010b41cdec/antenna/tag/e2806894000050038661fd4f, 85
1652716520.126182, sdrt-health/mac:02010b41cdec/antenna/tag/e2806894000040038662114f, 85
1652716520.172435, sdrt-health/mac:02010b41cdec/antenna/tag/e2806894000040038662114f, 85
1652716520.205461, sdrt-health/mac:02010b41cdec/antenna/tag/e2806894000050038661fd4f, 88
1652716520.205754, sdrt-health/mac:02010b41cdec/antenna/tag/e28068940000400386621d4f, 90
1652716520.256234, sdrt-health/mac:02010b41cdec/antenna/tag/e2806894000050038661fd4f, 88
1652716520.305999, sdrt-health/mac:02010b41cdec/antenna/tag/e2806894000050038661fd4f, 91
1652716520.357172, sdrt-health/mac:02010b41cdec/antenna/tag/e28068940000400386621d4f, 77
1652716520.42027, sdrt-health/mac:02010b41cdec/antenna/tag/e28068940000400386621d4f, 90
1652716520.460844, sdrt-health/mac:02010b41cdec/antenna/tag/e2806894000050038661fd4f, 88
1652716520.47285, sdrt-health/mac:02010b41cdec/antenna/tag/e28068940000400386621d4f, 90
1652716520.47566, sdrt-health/mac:02010b41cdec/antenna/tag/e28068940000400386621d4f, 90
1652716520.516507, sdrt-health/mac:02010b41cdec/antenna/tag/e28068940000400386621d4f, 96
1652716520.565591, sdrt-health/mac:02010b41cdec/antenna/tag/e2806894000050038661fd4f, 91
1652716520.566593, sdrt-health/mac:02010b41cdec/antenna/tag/e28068940000400386621d4f, 90
1652716520.626572, sdrt-health/mac:02010b41cdec/antenna/tag/e2806894000050038661fd4f, 88
1652716520.67315, sdrt-health/mac:02010b41cdec/antenna/tag/e2806894000040038662114f, 93
1652716520.673602, sdrt-health/mac:02010b41cdec/antenna/tag/e28068940000400386621d4f, 77
1652716520.673968, sdrt-health/mac:02010b41cdec/antenna/tag/e28068940000400386621d4f, 96
1652716520.688003, sdrt-health/mac:02010b41cdec/antenna/tag/e2806894000040038662114f, 93
1652716520.688602, sdrt-health/mac:02010b41cdec/antenna/tag/e2806894000040038662114f, 93
1652716520.715332, sdrt-health/mac:02010b41cdec/antenna/tag/e2806894000040038662114f, 93
1652716520.797796, sdrt-health/mac:02010b41cdec/antenna/tag/e2806894000050038661fd4f, 88
1652716520.798354, sdrt-health/mac:02010b41cdec/antenna/tag/e2806894000040038661f94f, 81
1652716520.81231, sdrt-health/mac:02010b41cdec/antenna/tag/e2806894000050038661fd4f, 97
1652716520.842653, sdrt-health/mac:02010b41cdec/antenna/tag/e2806894000040038662114f, 93
1652716520.870047, sdrt-health/mac:02010b41cdec/antenna/tag/e28068940000400386621d4f, 90
1652716520.870272, sdrt-health/mac:02010b41cdec/antenna/tag/e2806894000040038662114f, 87
1652716520.870492, sdrt-health/mac:02010b41cdec/antenna/tag/e2806894000050038662154f, 84
1652716520.893143, sdrt-health/mac:02010b41cdec/antenna/tag/e28068940000400386621d4f, 90
1652716520.93259, sdrt-health/mac:02010b41cdec/antenna/tag/e2806894000050038661fd4f, 97
1652716520.932859, sdrt-health/mac:02010b41cdec/antenna/tag/e28068940000400386621d4f, 90
1652716520.949892, sdrt-health/mac:02010b41cdec/antenna/tag/e2806894000040038662114f, 93
1652716520.950116, sdrt-health/mac:02010b41cdec/antenna/tag/e2806894000040038662114f, 85
1652716521.144993, sdrt-health/mac:02010b41cdec/antenna/tag/scan, scan stopped
