1652716623.575135, sdrt-health/mac:02010b41cdec/antenna/power/set, {"power": 280}
1652716624.685657, sdrt-health/mac:02010b41cdec/antenna/power/set, 
1652716628.597411, sdrt-health/mac:02010b41cdec/antenna/tag/scan, {"time": 20000}
1652716629.025786, sdrt-health/mac:02010b41cdec/antenna/tag/e2806894000050038661fd4f, 83
1652716629.068628, sdrt-health/mac:02010b41cdec/antenna/tag/e2806894000050038662154f, 85
1652716629.127658, sdrt-health/mac:02010b41cdec/antenna/tag/e2806894000050038662194f, 81
1652716629.127954, sdrt-health/mac:02010b41cdec/antenna/tag/e2806894000040038662114f, 85
1652716629.141816, sdrt-health/mac:02010b41cdec/antenna/tag/e2806894000050038662154f, 93
1652716629.156198, sdrt-health/mac:02010b41cdec/antenna/tag/e2806894000040038662114f, 91
1652716629.229572, sdrt-health/mac:02010b41cdec/antenna/tag/e28068940000400386621d4f, 96
1652716629.230113, sdrt-health/mac:02010b41cdec/antenna/tag/e2806894000050038662154f, 88
1652716629.245707, sdrt-health/mac:02010b41cdec/antenna/tag/e2806894000050038662194f, 85
1652716629.276356, sdrt-health/mac:02010b41cdec/antenna/tag/e2806894000050038661fd4f, 83
1652716629.319325, sdrt-health/mac:02010b41cdec/antenna/tag/e2806894000050038662154f, 85
1652716629.364586, sdrt-health/mac:02010b41cdec/antenna/tag/e2806894000050038661fd4f, 83
1652716629.446479, sdrt-health/mac:02010b41cdec/antenna/tag/e28068940000400386621d4f, 77
1652716629.446815, sdrt-health/mac:02010b41cdec/antenna/tag/e28068940000400386621d4f, 90
1652716629.462059, sdrt-health/mac:02010b41cdec/antenna/tag/e2806894000040038662114f, 97
1652716629.486503, sdrt-health/mac:02010b41cdec/antenna/tag/e2806894000050038661fd4f, 86
1652716629.513137, sdrt-health/mac:02010b41cdec/antenna/tag/e2806894000050038662194f, 88
1652716629.513395, sdrt-health/mac:02010b41cdec/antenna/tag/e28068940000400386621d4f, 90
1652716629.542298, sdrt-health/mac:02010b41cdec/antenna/tag/e2806894000050038662194f, 87
1652716629.59224, sdrt-health/mac:02010b41cdec/antenna/tag/e2806894000050038662194f, 83
1652716629.637397, sdrt-health/mac:02010b41cdec/antenna/tag/e2806894000040038662114f, 91
1652716629.871446, sdrt-health/mac:02010b41cdec/antenna/tag/e2806894000050038661fd4f, 86
1652716629.895559, sdrt-health/mac:02010b41cdec/antenna/tag/e2806894000050038661fd4f, 97
1652716629.924252, sdrt-health/mac:02010b41cdec/antenna/tag/e2806894000050038662194f, 83
1652716629.92453, sdrt-health/mac:02010b41cdec/antenna/tag/e2806894000050038662154f, 93
1652716629.984581, sdrt-health/mac:02010b41cdec/antenna/tag/e28068940000400386621d4f, 96
1652716630.015047, sdrt-health/mac:02010b41cdec/antenna/tag/e2806894000050038661fd4f, 83
1652716630.015339, sdrt-health/mac:02010b41cdec/antenna/tag/e2806894000050038661fd4f, 83
1652716630.015537, sdrt-health/mac:02010b41cdec/antenna/tag/e28068940000400386621d4f, 96
1652716630.015721, sdrt-health/mac:02010b41cdec/antenna/tag/e2806894000050038661fd4f, 86
1652716630.015902, sdrt-health/mac:02010b41cdec/antenna/tag/e28068940000400386621d4f, 90
1652716630.016184, sdrt-health/mac:02010b41cdec/antenna/tag/e2806894000050038661fd4f, 86
1652716630.016445, sdrt-health/mac:02010b41cdec/antenna/tag/e2806894000050038662154f, 91
1652716630.016701, sdrt-health/mac:02010b41cdec/antenna/tag/e2806894000050038661fd4f, 86
1652716630.017027, sdrt-health/mac:02010b41cdec/antenna/tag/e2806894000050038662154f, 88
1652716630.017398, sdrt-health/mac:02010b41cdec/antenna/tag/e28068940000400386621d4f, 90
1652716630.017791, sdrt-health/mac:02010b41cdec/antenna/tag/e2806894000050038662154f, 88
1652716630.040826, sdrt-health/mac:02010b41cdec/antenna/tag/e2806894000050038662154f, 88
1652716630.140851, sdrt-health/mac:02010b41cdec/antenna/tag/e2806894000040038662114f, 91
1652716630.14131, sdrt-health/mac:02010b41cdec/antenna/tag/e2806894000050038662154f, 85
1652716630.156015, sdrt-health/mac:02010b41cdec/antenna/tag/e2806894000040038662114f, 88
1652716630.156496, sdrt-health/mac:02010b41cdec/antenna/tag/e2806894000050038661fd4f, 83
1652716630.156875, sdrt-health/mac:02010b41cdec/antenna/tag/e28068940000400386621d4f, 96
1652716630.15723, sdrt-health/mac:02010b41cdec/antenna/tag/e2806894000050038662194f, 83
1652716630.279516, sdrt-health/mac:02010b41cdec/antenna/tag/e2806894000040038662114f, 88
1652716630.307589, sdrt-health/mac:02010b41cdec/antenna/tag/e2806894000050038661fd4f, 83
1652716630.307796, sdrt-health/mac:02010b41cdec/antenna/tag/e2806894000040038662114f, 88
1652716630.34103, sdrt-health/mac:02010b41cdec/antenna/tag/e2806894000050038661fd4f, 83
1652716630.373981, sdrt-health/mac:02010b41cdec/antenna/tag/e2806894000040038662114f, 91
1652716630.374233, sdrt-health/mac:02010b41cdec/antenna/tag/e2806894000050038662154f, 88
1652716630.374385, sdrt-health/mac:02010b41cdec/antenna/tag/e2806894000050038662194f, 83
1652716630.374544, sdrt-health/mac:02010b41cdec/antenna/tag/e28068940000400386621d4f, 96
1652716630.374685, sdrt-health/mac:02010b41cdec/antenna/tag/e2806894000050038662154f, 85
1652716630.374833, sdrt-health/mac:02010b41cdec/antenna/tag/e2806894000050038662154f, 85
1652716630.374965, sdrt-health/mac:02010b41cdec/antenna/tag/e2806894000040038662114f, 88
1652716630.388983, sdrt-health/mac:02010b41cdec/antenna/tag/e2806894000050038662154f, 85
1652716630.389225, sdrt-health/mac:02010b41cdec/antenna/tag/e2806894000050038661fd4f, 83
1652716630.389418, sdrt-health/mac:02010b41cdec/antenna/tag/e2806894000050038662154f, 85
1652716630.452989, sdrt-health/mac:02010b41cdec/antenna/tag/e2806894000050038662154f, 91
1652716630.49513, sdrt-health/mac:02010b41cdec/antenna/tag/e28068940000400386621d4f, 96
1652716630.527168, sdrt-health/mac:02010b41cdec/antenna/tag/e28068940000400386621d4f, 96
1652716630.527508, sdrt-health/mac:02010b41cdec/antenna/tag/e2806894000050038661fd4f, 86
1652716630.550078, sdrt-health/mac:02010b41cdec/antenna/tag/e28068940000400386621d4f, 96
1652716630.615265, sdrt-health/mac:02010b41cdec/antenna/tag/e2806894000050038661fd4f, 83
1652716630.615638, sdrt-health/mac:02010b41cdec/antenna/tag/e2806894000050038662194f, 83
1652716630.631259, sdrt-health/mac:02010b41cdec/antenna/tag/e2806894000040038662114f, 88
1652716630.651367, sdrt-health/mac:02010b41cdec/antenna/tag/e2806894000050038662194f, 83
1652716630.704472, sdrt-health/mac:02010b41cdec/antenna/tag/e2806894000050038661fd4f, 86
1652716630.705227, sdrt-health/mac:02010b41cdec/antenna/tag/e28068940000400386621d4f, 96
1652716630.772867, sdrt-health/mac:02010b41cdec/antenna/tag/e28068940000400386621d4f, 96
1652716630.838735, sdrt-health/mac:02010b41cdec/antenna/tag/e2806894000050038662154f, 88
1652716630.839202, sdrt-health/mac:02010b41cdec/antenna/tag/e2806894000040038662114f, 88
1652716630.853487, sdrt-health/mac:02010b41cdec/antenna/tag/e2806894000050038661fd4f, 86
1652716630.866057, sdrt-health/mac:02010b41cdec/antenna/tag/e28068940000400386621d4f, 90
1652716630.867301, sdrt-health/mac:02010b41cdec/antenna/tag/e2806894000040038662114f, 91
1652716630.867756, sdrt-health/mac:02010b41cdec/antenna/tag/e2806894000040038662114f, 91
1652716630.933467, sdrt-health/mac:02010b41cdec/antenna/tag/e2806894000040038662114f, 91
1652716630.999608, sdrt-health/mac:02010b41cdec/antenna/tag/e2806894000050038661fd4f, 86
1652716631.000177, sdrt-health/mac:02010b41cdec/antenna/tag/e2806894000040038662114f, 91
1652716631.019463, sdrt-health/mac:02010b41cdec/antenna/tag/e2806894000050038662194f, 87
1652716631.077485, sdrt-health/mac:02010b41cdec/antenna/tag/e2806894000050038662154f, 91
1652716631.135606, sdrt-health/mac:02010b41cdec/antenna/tag/e28068940000400386621d4f, 90
1652716631.163131, sdrt-health/mac:02010b41cdec/antenna/tag/e28068940000400386621d4f, 90
1652716631.16351, sdrt-health/mac:02010b41cdec/antenna/tag/e2806894000050038662154f, 88
1652716631.17762, sdrt-health/mac:02010b41cdec/antenna/tag/e2806894000050038661fd4f, 86
1652716631.177892, sdrt-health/mac:02010b41cdec/antenna/tag/e2806894000050038661fd4f, 86
1652716631.178094, sdrt-health/mac:02010b41cdec/antenna/tag/e2806894000040038662114f, 88
1652716631.236505, sdrt-health/mac:02010b41cdec/antenna/tag/e2806894000050038662194f, 81
1652716631.284807, sdrt-health/mac:02010b41cdec/antenna/tag/e2806894000050038661fd4f, 83
1652716631.39355, sdrt-health/mac:02010b41cdec/antenna/tag/e2806894000050038662154f, 88
1652716631.39512, sdrt-health/mac:02010b41cdec/antenna/tag/e28068940000400386621d4f, 96
1652716631.395516, sdrt-health/mac:02010b41cdec/antenna/tag/e2806894000040038662114f, 88
1652716631.395887, sdrt-health/mac:02010b41cdec/antenna/tag/e28068940000400386621d4f, 96
1652716631.396208, sdrt-health/mac:02010b41cdec/antenna/tag/e28068940000400386621d4f, 96
1652716631.415374, sdrt-health/mac:02010b41cdec/antenna/tag/e2806894000040038662114f, 88
1652716631.492879, sdrt-health/mac:02010b41cdec/antenna/tag/e2806894000040038662114f, 88
1652716631.493417, sdrt-health/mac:02010b41cdec/antenna/tag/e2806894000050038662154f, 85
1652716631.525145, sdrt-health/mac:02010b41cdec/antenna/tag/e28068940000400386621d4f, 90
1652716631.575132, sdrt-health/mac:02010b41cdec/antenna/tag/e2806894000050038662194f, 83
1652716631.622125, sdrt-health/mac:02010b41cdec/antenna/tag/e2806894000050038661fd4f, 86
1652716631.67369, sdrt-health/mac:02010b41cdec/antenna/tag/e2806894000050038662154f, 91
1652716631.733315, sdrt-health/mac:02010b41cdec/antenna/tag/e2806894000040038662114f, 85
1652716631.733858, sdrt-health/mac:02010b41cdec/antenna/tag/e28068940000400386621d4f, 96
1652716631.748615, sdrt-health/mac:02010b41cdec/antenna/tag/e28068940000400386621d4f, 96
1652716631.756694, sdrt-health/mac:02010b41cdec/antenna/tag/e2806894000050038661fd4f, 86
1652716631.762666, sdrt-health/mac:02010b41cdec/antenna/tag/e28068940000400386621d4f, 96
1652716631.762884, sdrt-health/mac:02010b41cdec/antenna/tag/e2806894000050038662154f, 91
1652716631.763011, sdrt-health/mac:02010b41cdec/antenna/tag/e2806894000040038662114f, 88
1652716631.816696, sdrt-health/mac:02010b41cdec/antenna/tag/e28068940000400386621d4f, 96
1652716631.895522, sdrt-health/mac:02010b41cdec/antenna/tag/e2806894000050038661fd4f, 86
1652716631.896015, sdrt-health/mac:02010b41cdec/antenna/tag/e28068940000400386621d4f, 96
1652716631.909723, sdrt-health/mac:02010b41cdec/antenna/tag/e2806894000050038662154f, 91
1652716631.940992, sdrt-health/mac:02010b41cdec/antenna/tag/e28068940000400386621d4f, 96
1652716631.97291, sdrt-health/mac:02010b41cdec/antenna/tag/e2806894000040038662114f, 91
1652716631.973141, sdrt-health/mac:02010b41cdec/antenna/tag/e2806894000050038661fd4f, 90
1652716631.994602, sdrt-health/mac:02010b41cdec/antenna/tag/e2806894000050038661fd4f, 90
1652716632.023964, sdrt-health/mac:02010b41cdec/antenna/tag/e28068940000400386621d4f, 96
1652716632.024255, sdrt-health/mac:02010b41cdec/antenna/tag/e2806894000040038662114f, 91
1652716632.024449, sdrt-health/mac:02010b41cdec/antenna/tag/e2806894000050038661fd4f, 86
1652716632.038632, sdrt-health/mac:02010b41cdec/antenna/tag/e28068940000400386621d4f, 90
1652716632.039097, sdrt-health/mac:02010b41cdec/antenna/tag/e2806894000040038662114f, 88
1652716632.087137, sdrt-health/mac:02010b41cdec/antenna/tag/e2806894000050038662154f, 88
1652716632.116564, sdrt-health/mac:02010b41cdec/antenna/tag/e2806894000040038662114f, 88
1652716632.116873, sdrt-health/mac:02010b41cdec/antenna/tag/e2806894000050038662154f, 88
1652716632.117039, sdrt-health/mac:02010b41cdec/antenna/tag/e2806894000040038662114f, 88
1652716632.145077, sdrt-health/mac:02010b41cdec/antenna/tag/e2806894000040038662114f, 88
1652716632.200847, sdrt-health/mac:02010b41cdec/antenna/tag/e2806894000050038662194f, 94
1652716632.201396, sdrt-health/mac:02010b41cdec/antenna/tag/e2806894000050038662154f, 85
1652716632.317455, sdrt-health/mac:02010b41cdec/antenna/tag/e2806894000040038662114f, 88
1652716632.585553, sdrt-health/mac:02010b41cdec/antenna/tag/e28068940000400386621d4f, 90
1652716632.646455, sdrt-health/mac:02010b41cdec/antenna/tag/e28068940000400386621d4f, 90
1652716632.646991, sdrt-health/mac:02010b41cdec/antenna/tag/e2806894000050038661fd4f, 86
1652716632.647333, sdrt-health/mac:02010b41cdec/antenna/tag/e2806894000050038662194f, 81
1652716632.662946, sdrt-health/mac:02010b41cdec/antenna/tag/e28068940000400386621d4f, 90
1652716632.663406, sdrt-health/mac:02010b41cdec/antenna/tag/e2806894000050038662154f, 88
1652716632.732518, sdrt-health/mac:02010b41cdec/antenna/tag/e2806894000050038662194f, 83
1652716632.762932, sdrt-health/mac:02010b41cdec/antenna/tag/e2806894000040038662054f, 81
1652716632.763287, sdrt-health/mac:02010b41cdec/antenna/tag/e2806894000050038661fd4f, 83
1652716632.763509, sdrt-health/mac:02010b41cdec/antenna/tag/e2806894000050038662154f, 91
1652716632.763715, sdrt-health/mac:02010b41cdec/antenna/tag/e2806894000050038662154f, 88
1652716632.763926, sdrt-health/mac:02010b41cdec/antenna/tag/e2806894000050038662194f, 83
1652716632.764258, sdrt-health/mac:02010b41cdec/antenna/tag/e2806894000050038661fd4f, 83
1652716632.77853, sdrt-health/mac:02010b41cdec/antenna/tag/e2806894000050038661fd4f, 83
1652716632.808921, sdrt-health/mac:02010b41cdec/antenna/tag/e2806894000050038662194f, 81
1652716632.80915, sdrt-health/mac:02010b41cdec/antenna/tag/e2806894000050038662154f, 85
1652716632.809282, sdrt-health/mac:02010b41cdec/antenna/tag/e2806894000050038662194f, 88
1652716632.809402, sdrt-health/mac:02010b41cdec/antenna/tag/e28068940000400386621d4f, 77
1652716632.827222, sdrt-health/mac:02010b41cdec/antenna/tag/e28068940000400386621d4f, 96
1652716632.865388, sdrt-health/mac:02010b41cdec/antenna/tag/e2806894000040038662114f, 88
1652716632.918877, sdrt-health/mac:02010b41cdec/antenna/tag/e2806894000050038662154f, 88
1652716632.979152, sdrt-health/mac:02010b41cdec/antenna/tag/e28068940000400386621d4f, 96
1652716632.979649, sdrt-health/mac:02010b41cdec/antenna/tag/e2806894000050038661fd4f, 83
1652716632.993623, sdrt-health/mac:02010b41cdec/antenna/tag/e2806894000040038662114f, 88
1652716633.023436, sdrt-health/mac:02010b41cdec/antenna/tag/e28068940000400386621d4f, 96
1652716633.023966, sdrt-health/mac:02010b41cdec/antenna/tag/e2806894000050038661fd4f, 83
1652716633.024321, sdrt-health/mac:02010b41cdec/antenna/tag/e2806894000040038662114f, 88
1652716633.024699, sdrt-health/mac:02010b41cdec/antenna/tag/e28068940000400386621d4f, 96
1652716633.079212, sdrt-health/mac:02010b41cdec/antenna/tag/e28068940000500386620d4f, 82
1652716633.140406, sdrt-health/mac:02010b41cdec/antenna/tag/e2806894000040038662214f, 94
1652716633.140775, sdrt-health/mac:02010b41cdec/antenna/tag/e2806894000050038661fd4f, 83
1652716633.156336, sdrt-health/mac:02010b41cdec/antenna/tag/e2806894000040038662114f, 88
1652716633.184305, sdrt-health/mac:02010b41cdec/antenna/tag/e2806894000050038662154f, 88
1652716633.237233, sdrt-health/mac:02010b41cdec/antenna/tag/e2806894000050038662194f, 81
1652716633.283983, sdrt-health/mac:02010b41cdec/antenna/tag/e28068940000400386621d4f, 96
1652716633.368117, sdrt-health/mac:02010b41cdec/antenna/tag/e28068940000400386621d4f, 96
1652716633.39504, sdrt-health/mac:02010b41cdec/antenna/tag/e2806894000050038661fd4f, 90
1652716633.42786, sdrt-health/mac:02010b41cdec/antenna/tag/e2806894000050038662154f, 91
1652716633.428179, sdrt-health/mac:02010b41cdec/antenna/tag/e28068940000400386621d4f, 96
1652716633.428406, sdrt-health/mac:02010b41cdec/antenna/tag/e2806894000050038661fd4f, 86
1652716633.433985, sdrt-health/mac:02010b41cdec/antenna/tag/e2806894000050038662154f, 91
1652716633.442965, sdrt-health/mac:02010b41cdec/antenna/tag/e2806894000050038661fd4f, 86
1652716633.519842, sdrt-health/mac:02010b41cdec/antenna/tag/e28068940000400386621d4f, 96
1652716633.551367, sdrt-health/mac:02010b41cdec/antenna/tag/e2806894000050038662154f, 91
1652716633.551731, sdrt-health/mac:02010b41cdec/antenna/tag/e2806894000050038661fd4f, 86
1652716633.585072, sdrt-health/mac:02010b41cdec/antenna/tag/e2806894000050038661fd4f, 90
1652716633.616979, sdrt-health/mac:02010b41cdec/antenna/tag/e28068940000400386621d4f, 96
1652716633.617249, sdrt-health/mac:02010b41cdec/antenna/tag/e2806894000050038661fd4f, 83
1652716633.634525, sdrt-health/mac:02010b41cdec/antenna/tag/e2806894000050038661fd4f, 83
1652716633.634789, sdrt-health/mac:02010b41cdec/antenna/tag/e28068940000400386621d4f, 96
1652716633.695718, sdrt-health/mac:02010b41cdec/antenna/tag/e28068940000400386621d4f, 96
1652716633.745909, sdrt-health/mac:02010b41cdec/antenna/tag/e2806894000040038662114f, 91
1652716633.775236, sdrt-health/mac:02010b41cdec/antenna/tag/e2806894000050038661fd4f, 86
1652716633.776161, sdrt-health/mac:02010b41cdec/antenna/tag/e2806894000050038662154f, 91
1652716633.789231, sdrt-health/mac:02010b41cdec/antenna/tag/e2806894000040038662114f, 97
1652716633.789547, sdrt-health/mac:02010b41cdec/antenna/tag/e28068940000400386621d4f, 90
1652716633.789775, sdrt-health/mac:02010b41cdec/antenna/tag/e2806894000050038662154f, 91
1652716633.823454, sdrt-health/mac:02010b41cdec/antenna/tag/e2806894000040038662114f, 91
1652716633.863846, sdrt-health/mac:02010b41cdec/antenna/tag/e2806894000050038662154f, 91
1652716633.892826, sdrt-health/mac:02010b41cdec/antenna/tag/e2806894000040038662114f, 91
1652716633.89312, sdrt-health/mac:02010b41cdec/antenna/tag/e2806894000050038661fd4f, 86
1652716633.911702, sdrt-health/mac:02010b41cdec/antenna/tag/e2806894000050038662154f, 91
1652716633.957778, sdrt-health/mac:02010b41cdec/antenna/tag/e2806894000040038662114f, 88
1652716634.027656, sdrt-health/mac:02010b41cdec/antenna/tag/e2806894000050038662194f, 84
1652716634.028157, sdrt-health/mac:02010b41cdec/antenna/tag/e2806894000050038662194f, 81
1652716634.042873, sdrt-health/mac:02010b41cdec/antenna/tag/e2806894000050038662154f, 85
1652716634.05447, sdrt-health/mac:02010b41cdec/antenna/tag/e2806894000050038661fd4f, 83
1652716634.093818, sdrt-health/mac:02010b41cdec/antenna/tag/e2806894000050038662194f, 81
1652716634.094976, sdrt-health/mac:02010b41cdec/antenna/tag/e2806894000050038661fd4f, 83
1652716634.144903, sdrt-health/mac:02010b41cdec/antenna/tag/e2806894000050038662194f, 88
1652716634.203054, sdrt-health/mac:02010b41cdec/antenna/tag/e2806894000050038662194f, 81
1652716634.203538, sdrt-health/mac:02010b41cdec/antenna/tag/e2806894000040038662114f, 88
1652716634.232225, sdrt-health/mac:02010b41cdec/antenna/tag/e2806894000040038662114f, 88
1652716634.277716, sdrt-health/mac:02010b41cdec/antenna/tag/e2806894000050038662154f, 91
1652716634.348035, sdrt-health/mac:02010b41cdec/antenna/tag/e2806894000050038662154f, 91
1652716634.34862, sdrt-health/mac:02010b41cdec/antenna/tag/e28068940000400386621d4f, 90
1652716634.386273, sdrt-health/mac:02010b41cdec/antenna/tag/e2806894000040038662114f, 88
1652716634.467459, sdrt-health/mac:02010b41cdec/antenna/tag/e2806894000050038662154f, 91
1652716634.467917, sdrt-health/mac:02010b41cdec/antenna/tag/e2806894000050038661fd4f, 86
1652716634.483777, sdrt-health/mac:02010b41cdec/antenna/tag/e2806894000040038662114f, 91
1652716634.484523, sdrt-health/mac:02010b41cdec/antenna/tag/e2806894000050038661fd4f, 86
1652716634.505704, sdrt-health/mac:02010b41cdec/antenna/tag/e2806894000050038661fd4f, 86
1652716634.567814, sdrt-health/mac:02010b41cdec/antenna/tag/e2806894000040038662114f, 91
1652716634.568353, sdrt-health/mac:02010b41cdec/antenna/tag/e28068940000400386621d4f, 90
1652716634.581634, sdrt-health/mac:02010b41cdec/antenna/tag/e2806894000050038661fd4f, 86
1652716634.647259, sdrt-health/mac:02010b41cdec/antenna/tag/e2806894000050038661fd4f, 83
1652716634.722135, sdrt-health/mac:02010b41cdec/antenna/tag/e2806894000040038662114f, 88
1652716634.722423, sdrt-health/mac:02010b41cdec/antenna/tag/e2806894000050038662154f, 85
1652716634.737318, sdrt-health/mac:02010b41cdec/antenna/tag/e2806894000040038662114f, 88
1652716634.737541, sdrt-health/mac:02010b41cdec/antenna/tag/e2806894000050038662194f, 81
1652716634.737692, sdrt-health/mac:02010b41cdec/antenna/tag/e2806894000050038661fd4f, 83
1652716634.73791, sdrt-health/mac:02010b41cdec/antenna/tag/e2806894000050038662194f, 83
1652716634.758282, sdrt-health/mac:02010b41cdec/antenna/tag/e2806894000050038662194f, 87
1652716634.785572, sdrt-health/mac:02010b41cdec/antenna/tag/e2806894000050038661fd4f, 83
1652716634.785875, sdrt-health/mac:02010b41cdec/antenna/tag/e2806894000040038662114f, 91
1652716634.814177, sdrt-health/mac:02010b41cdec/antenna/tag/e2806894000050038661fd4f, 86
1652716634.899164, sdrt-health/mac:02010b41cdec/antenna/tag/e28068940000400386621d4f, 96
1652716634.899519, sdrt-health/mac:02010b41cdec/antenna/tag/e28068940000400386621d4f, 90
1652716634.941466, sdrt-health/mac:02010b41cdec/antenna/tag/e2806894000050038662154f, 91
1652716635.016942, sdrt-health/mac:02010b41cdec/antenna/tag/e28068940000400386621d4f, 96
1652716635.017132, sdrt-health/mac:02010b41cdec/antenna/tag/e2806894000040038662114f, 91
1652716635.03126, sdrt-health/mac:02010b41cdec/antenna/tag/e2806894000050038661fd4f, 83
1652716635.045555, sdrt-health/mac:02010b41cdec/antenna/tag/e2806894000040038662114f, 88
1652716635.083193, sdrt-health/mac:02010b41cdec/antenna/tag/e2806894000050038662154f, 85
1652716635.083418, sdrt-health/mac:02010b41cdec/antenna/tag/e2806894000050038662154f, 88
1652716635.114637, sdrt-health/mac:02010b41cdec/antenna/tag/e2806894000040038662114f, 88
1652716635.173472, sdrt-health/mac:02010b41cdec/antenna/tag/e28068940000400386621d4f, 96
1652716635.215941, sdrt-health/mac:02010b41cdec/antenna/tag/e2806894000050038662194f, 93
1652716635.303919, sdrt-health/mac:02010b41cdec/antenna/tag/e2806894000040038662114f, 91
1652716635.304111, sdrt-health/mac:02010b41cdec/antenna/tag/e2806894000050038661fd4f, 97
1652716635.334825, sdrt-health/mac:02010b41cdec/antenna/tag/e2806894000040038662114f, 88
1652716635.430075, sdrt-health/mac:02010b41cdec/antenna/tag/e2806894000050038661fd4f, 83
1652716635.430373, sdrt-health/mac:02010b41cdec/antenna/tag/e2806894000050038662194f, 81
1652716635.454944, sdrt-health/mac:02010b41cdec/antenna/tag/e2806894000050038661fd4f, 97
1652716635.490235, sdrt-health/mac:02010b41cdec/antenna/tag/e28068940000400386621d4f, 96
1652716635.490525, sdrt-health/mac:02010b41cdec/antenna/tag/e2806894000050038662154f, 85
1652716635.505651, sdrt-health/mac:02010b41cdec/antenna/tag/e2806894000050038662154f, 85
1652716635.559876, sdrt-health/mac:02010b41cdec/antenna/tag/e2806894000050038661fd4f, 97
1652716635.560435, sdrt-health/mac:02010b41cdec/antenna/tag/e2806894000050038662154f, 85
1652716635.605835, sdrt-health/mac:02010b41cdec/antenna/tag/e2806894000040038662114f, 88
1652716635.670985, sdrt-health/mac:02010b41cdec/antenna/tag/e2806894000050038661fd4f, 97
1652716635.671214, sdrt-health/mac:02010b41cdec/antenna/tag/e2806894000050038662154f, 85
1652716635.686941, sdrt-health/mac:02010b41cdec/antenna/tag/e2806894000050038661fd4f, 83
1652716635.7174, sdrt-health/mac:02010b41cdec/antenna/tag/e2806894000040038662114f, 91
1652716635.717608, sdrt-health/mac:02010b41cdec/antenna/tag/e2806894000040038662114f, 97
1652716635.743034, sdrt-health/mac:02010b41cdec/antenna/tag/e2806894000050038662194f, 87
1652716635.743311, sdrt-health/mac:02010b41cdec/antenna/tag/e2806894000050038662154f, 91
1652716635.818198, sdrt-health/mac:02010b41cdec/antenna/tag/e2806894000040038661f94f, 82
1652716635.847967, sdrt-health/mac:02010b41cdec/antenna/tag/e2806894000050038662154f, 85
1652716635.848334, sdrt-health/mac:02010b41cdec/antenna/tag/e2806894000050038662154f, 85
1652716635.865155, sdrt-health/mac:02010b41cdec/antenna/tag/e28068940000400386621d4f, 77
1652716635.917391, sdrt-health/mac:02010b41cdec/antenna/tag/e2806894000050038662154f, 85
1652716635.917699, sdrt-health/mac:02010b41cdec/antenna/tag/e2806894000050038661fd4f, 86
1652716635.933286, sdrt-health/mac:02010b41cdec/antenna/tag/e2806894000050038662194f, 87
1652716635.971495, sdrt-health/mac:02010b41cdec/antenna/tag/e2806894000040038662114f, 91
1652716635.971868, sdrt-health/mac:02010b41cdec/antenna/tag/e2806894000040038662114f, 97
1652716635.985398, sdrt-health/mac:02010b41cdec/antenna/tag/e2806894000050038662194f, 94
1652716636.016314, sdrt-health/mac:02010b41cdec/antenna/tag/e2806894000050038661fd4f, 86
1652716636.07719, sdrt-health/mac:02010b41cdec/antenna/tag/e2806894000050038662194f, 81
1652716636.077458, sdrt-health/mac:02010b41cdec/antenna/tag/e2806894000050038662194f, 87
1652716636.09004, sdrt-health/mac:02010b41cdec/antenna/tag/e2806894000050038662194f, 87
1652716636.104285, sdrt-health/mac:02010b41cdec/antenna/tag/e2806894000040038662114f, 91
1652716636.104476, sdrt-health/mac:02010b41cdec/antenna/tag/e2806894000040038662114f, 91
1652716636.104618, sdrt-health/mac:02010b41cdec/antenna/tag/e2806894000050038662194f, 87
1652716636.146833, sdrt-health/mac:02010b41cdec/antenna/tag/e2806894000050038662194f, 83
1652716636.197724, sdrt-health/mac:02010b41cdec/antenna/tag/e2806894000040038662114f, 88
1652716636.24933, sdrt-health/mac:02010b41cdec/antenna/tag/e2806894000050038662154f, 85
1652716636.249767, sdrt-health/mac:02010b41cdec/antenna/tag/e2806894000050038662194f, 83
1652716636.278308, sdrt-health/mac:02010b41cdec/antenna/tag/e2806894000050038661fd4f, 86
1652716636.324923, sdrt-health/mac:02010b41cdec/antenna/tag/e28068940000400386621d4f, 96
1652716636.414144, sdrt-health/mac:02010b41cdec/antenna/tag/e2806894000050038661fd4f, 86
1652716636.414649, sdrt-health/mac:02010b41cdec/antenna/tag/e28068940000400386621d4f, 90
1652716636.42816, sdrt-health/mac:02010b41cdec/antenna/tag/e2806894000040038662114f, 91
1652716636.438762, sdrt-health/mac:02010b41cdec/antenna/tag/e28068940000400386621d4f, 86
1652716636.441763, sdrt-health/mac:02010b41cdec/antenna/tag/e2806894000050038662154f, 91
1652716636.442313, sdrt-health/mac:02010b41cdec/antenna/tag/e2806894000040038662114f, 91
1652716636.485065, sdrt-health/mac:02010b41cdec/antenna/tag/e2806894000050038662154f, 88
1652716636.568407, sdrt-health/mac:02010b41cdec/antenna/tag/e2806894000040038662114f, 91
1652716636.568693, sdrt-health/mac:02010b41cdec/antenna/tag/e2806894000040038662114f, 88
1652716636.596891, sdrt-health/mac:02010b41cdec/antenna/tag/e2806894000040038662114f, 88
1652716636.644398, sdrt-health/mac:02010b41cdec/antenna/tag/e2806894000050038662154f, 85
1652716636.709138, sdrt-health/mac:02010b41cdec/antenna/tag/e2806894000050038662194f, 87
1652716636.757202, sdrt-health/mac:02010b41cdec/antenna/tag/e28068940000400386621d4f, 96
1652716636.825698, sdrt-health/mac:02010b41cdec/antenna/tag/e2806894000050038661fd4f, 83
1652716636.825916, sdrt-health/mac:02010b41cdec/antenna/tag/e2806894000050038662154f, 85
1652716636.840599, sdrt-health/mac:02010b41cdec/antenna/tag/e2806894000050038662154f, 85
1652716636.864249, sdrt-health/mac:02010b41cdec/antenna/tag/e2806894000050038662194f, 81
1652716636.947807, sdrt-health/mac:02010b41cdec/antenna/tag/e2806894000050038662154f, 85
1652716636.948083, sdrt-health/mac:02010b41cdec/antenna/tag/e2806894000040038662114f, 88
1652716636.962233, sdrt-health/mac:02010b41cdec/antenna/tag/e28068940000400386621d4f, 96
1652716636.962504, sdrt-health/mac:02010b41cdec/antenna/tag/e2806894000050038661fd4f, 83
1652716636.985451, sdrt-health/mac:02010b41cdec/antenna/tag/e2806894000050038661fd4f, 86
1652716637.057501, sdrt-health/mac:02010b41cdec/antenna/tag/e2806894000050038661fd4f, 86
1652716637.088215, sdrt-health/mac:02010b41cdec/antenna/tag/e2806894000040038662114f, 88
1652716637.088447, sdrt-health/mac:02010b41cdec/antenna/tag/e28068940000400386621d4f, 90
1652716637.106, sdrt-health/mac:02010b41cdec/antenna/tag/e2806894000050038662194f, 83
1652716637.185205, sdrt-health/mac:02010b41cdec/antenna/tag/e2806894000050038661fd4f, 97
1652716637.239347, sdrt-health/mac:02010b41cdec/antenna/tag/e2806894000040038662114f, 88
1652716637.268202, sdrt-health/mac:02010b41cdec/antenna/tag/e28068940000400386621d4f, 90
1652716637.268414, sdrt-health/mac:02010b41cdec/antenna/tag/e2806894000050038662154f, 88
1652716637.296169, sdrt-health/mac:02010b41cdec/antenna/tag/e2806894000040038662114f, 88
1652716637.359464, sdrt-health/mac:02010b41cdec/antenna/tag/e28068940000400386621d4f, 90
1652716637.3597, sdrt-health/mac:02010b41cdec/antenna/tag/e28068940000400386621d4f, 90
1652716637.373711, sdrt-health/mac:02010b41cdec/antenna/tag/e2806894000050038662194f, 83
1652716637.415256, sdrt-health/mac:02010b41cdec/antenna/tag/e2806894000050038661fd4f, 86
1652716637.479609, sdrt-health/mac:02010b41cdec/antenna/tag/e28068940000400386621d4f, 90
1652716637.480139, sdrt-health/mac:02010b41cdec/antenna/tag/e2806894000050038661fd4f, 86
1652716637.504166, sdrt-health/mac:02010b41cdec/antenna/tag/e28068940000400386621d4f, 96
1652716637.504652, sdrt-health/mac:02010b41cdec/antenna/tag/e2806894000050038661fd4f, 86
1652716637.533108, sdrt-health/mac:02010b41cdec/antenna/tag/e2806894000050038661fd4f, 83
1652716637.591807, sdrt-health/mac:02010b41cdec/antenna/tag/e2806894000040038662114f, 91
1652716637.592215, sdrt-health/mac:02010b41cdec/antenna/tag/e2806894000050038662154f, 88
1652716637.608197, sdrt-health/mac:02010b41cdec/antenna/tag/e2806894000050038662154f, 88
1652716637.623648, sdrt-health/mac:02010b41cdec/antenna/tag/e28068940000400386621d4f, 96
1652716637.683194, sdrt-health/mac:02010b41cdec/antenna/tag/e2806894000050038662154f, 88
1652716637.710963, sdrt-health/mac:02010b41cdec/antenna/tag/e2806894000040038662114f, 88
1652716637.711667, sdrt-health/mac:02010b41cdec/antenna/tag/e2806894000050038662154f, 91
1652716637.711839, sdrt-health/mac:02010b41cdec/antenna/tag/e28068940000400386621d4f, 96
1652716637.733187, sdrt-health/mac:02010b41cdec/antenna/tag/e2806894000050038662154f, 85
1652716637.784662, sdrt-health/mac:02010b41cdec/antenna/tag/e28068940000400386621d4f, 77
1652716637.856152, sdrt-health/mac:02010b41cdec/antenna/tag/e2806894000040038662114f, 88
1652716637.913052, sdrt-health/mac:02010b41cdec/antenna/tag/e2806894000050038661fd4f, 86
1652716637.944425, sdrt-health/mac:02010b41cdec/antenna/tag/e2806894000050038662154f, 91
1652716637.944673, sdrt-health/mac:02010b41cdec/antenna/tag/e28068940000400386621d4f, 96
1652716637.966489, sdrt-health/mac:02010b41cdec/antenna/tag/e2806894000040038662114f, 88
1652716638.006201, sdrt-health/mac:02010b41cdec/antenna/tag/e2806894000050038661fd4f, 83
1652716638.062666, sdrt-health/mac:02010b41cdec/antenna/tag/e2806894000040038662114f, 88
1652716638.062966, sdrt-health/mac:02010b41cdec/antenna/tag/e2806894000050038662194f, 83
1652716638.077926, sdrt-health/mac:02010b41cdec/antenna/tag/e28068940000400386621d4f, 96
1652716638.104721, sdrt-health/mac:02010b41cdec/antenna/tag/e2806894000050038661fd4f, 83
1652716638.154872, sdrt-health/mac:02010b41cdec/antenna/tag/e28068940000400386621d4f, 96
1652716638.215722, sdrt-health/mac:02010b41cdec/antenna/tag/e2806894000050038662154f, 91
1652716638.215915, sdrt-health/mac:02010b41cdec/antenna/tag/e2806894000050038661fd4f, 83
1652716638.242116, sdrt-health/mac:02010b41cdec/antenna/tag/e28068940000400386621d4f, 90
1652716638.242679, sdrt-health/mac:02010b41cdec/antenna/tag/e2806894000050038662154f, 88
1652716638.301466, sdrt-health/mac:02010b41cdec/antenna/tag/e2806894000050038661fd4f, 86
1652716638.345554, sdrt-health/mac:02010b41cdec/antenna/tag/e2806894000050038662154f, 88
1652716638.407097, sdrt-health/mac:02010b41cdec/antenna/tag/e2806894000050038662154f, 88
1652716638.407333, sdrt-health/mac:02010b41cdec/antenna/tag/e2806894000050038662154f, 91
1652716638.421055, sdrt-health/mac:02010b41cdec/antenna/tag/e2806894000050038662154f, 91
1652716638.438997, sdrt-health/mac:02010b41cdec/antenna/tag/e2806894000040038662114f, 91
1652716638.477547, sdrt-health/mac:02010b41cdec/antenna/tag/e2806894000050038661fd4f, 86
1652716638.477805, sdrt-health/mac:02010b41cdec/antenna/tag/e28068940000400386621d4f, 96
1652716638.492194, sdrt-health/mac:02010b41cdec/antenna/tag/e2806894000040038662114f, 88
1652716638.492514, sdrt-health/mac:02010b41cdec/antenna/tag/e2806894000050038662154f, 91
1652716638.542427, sdrt-health/mac:02010b41cdec/antenna/tag/e2806894000050038662154f, 88
1652716638.57403, sdrt-health/mac:02010b41cdec/antenna/tag/e2806894000040038662114f, 91
1652716638.574277, sdrt-health/mac:02010b41cdec/antenna/tag/e2806894000050038662154f, 91
1652716638.597944, sdrt-health/mac:02010b41cdec/antenna/tag/e2806894000040038662114f, 88
1652716638.672663, sdrt-health/mac:02010b41cdec/antenna/tag/e2806894000050038662154f, 91
1652716638.672888, sdrt-health/mac:02010b41cdec/antenna/tag/e2806894000050038662154f, 85
1652716638.687053, sdrt-health/mac:02010b41cdec/antenna/tag/e2806894000050038661fd4f, 83
1652716638.71772, sdrt-health/mac:02010b41cdec/antenna/tag/e2806894000050038662154f, 85
1652716638.718012, sdrt-health/mac:02010b41cdec/antenna/tag/e28068940000400386621d4f, 77
1652716638.742191, sdrt-health/mac:02010b41cdec/antenna/tag/e2806894000040038662214f, 84
1652716638.795852, sdrt-health/mac:02010b41cdec/antenna/tag/e2806894000050038662154f, 88
1652716638.82529, sdrt-health/mac:02010b41cdec/antenna/tag/e2806894000040038662114f, 91
1652716638.826184, sdrt-health/mac:02010b41cdec/antenna/tag/e28068940000400386621d4f, 96
1652716638.826377, sdrt-health/mac:02010b41cdec/antenna/tag/e2806894000040038662114f, 88
1652716638.844017, sdrt-health/mac:02010b41cdec/antenna/tag/e2806894000050038662154f, 88
1652716638.872976, sdrt-health/mac:02010b41cdec/antenna/tag/e2806894000040038662114f, 91
1652716638.873321, sdrt-health/mac:02010b41cdec/antenna/tag/e28068940000400386621d4f, 90
1652716638.894835, sdrt-health/mac:02010b41cdec/antenna/tag/e2806894000050038661fd4f, 83
1652716638.951795, sdrt-health/mac:02010b41cdec/antenna/tag/e2806894000050038662154f, 88
1652716639.045853, sdrt-health/mac:02010b41cdec/antenna/tag/e2806894000050038662154f, 88
1652716639.139659, sdrt-health/mac:02010b41cdec/antenna/tag/e2806894000040038662114f, 97
1652716639.140179, sdrt-health/mac:02010b41cdec/antenna/tag/e2806894000040038662114f, 97
1652716639.153705, sdrt-health/mac:02010b41cdec/antenna/tag/e2806894000050038662194f, 83
1652716639.154302, sdrt-health/mac:02010b41cdec/antenna/tag/e2806894000050038661fd4f, 86
1652716639.154648, sdrt-health/mac:02010b41cdec/antenna/tag/e2806894000050038662194f, 87
1652716639.183199, sdrt-health/mac:02010b41cdec/antenna/tag/e2806894000050038661fd4f, 83
1652716639.223965, sdrt-health/mac:02010b41cdec/antenna/tag/e28068940000400386621d4f, 77
1652716639.224247, sdrt-health/mac:02010b41cdec/antenna/tag/e2806894000050038661fd4f, 83
1652716639.238955, sdrt-health/mac:02010b41cdec/antenna/tag/e2806894000040038662214f, 94
1652716639.294728, sdrt-health/mac:02010b41cdec/antenna/tag/e2806894000040038662114f, 88
1652716639.36121, sdrt-health/mac:02010b41cdec/antenna/tag/e2806894000050038662194f, 83
1652716639.416744, sdrt-health/mac:02010b41cdec/antenna/tag/e2806894000050038661fd4f, 86
1652716639.475582, sdrt-health/mac:02010b41cdec/antenna/tag/e2806894000050038662154f, 88
1652716639.475829, sdrt-health/mac:02010b41cdec/antenna/tag/e2806894000050038662154f, 91
1652716639.476004, sdrt-health/mac:02010b41cdec/antenna/tag/e2806894000050038661fd4f, 83
1652716639.477692, sdrt-health/mac:02010b41cdec/antenna/tag/e2806894000050038662194f, 81
1652716639.505705, sdrt-health/mac:02010b41cdec/antenna/tag/e2806894000040038662114f, 88
1652716639.556764, sdrt-health/mac:02010b41cdec/antenna/tag/e2806894000050038662194f, 84
1652716639.60479, sdrt-health/mac:02010b41cdec/antenna/tag/e2806894000040038662214f, 81
1652716639.67033, sdrt-health/mac:02010b41cdec/antenna/tag/e28068940000400386621d4f, 96
1652716639.670819, sdrt-health/mac:02010b41cdec/antenna/tag/e2806894000050038661fd4f, 83
1652716639.684669, sdrt-health/mac:02010b41cdec/antenna/tag/e28068940000400386621d4f, 96
1652716639.693873, sdrt-health/mac:02010b41cdec/antenna/tag/e2806894000050038661fd4f, 86
1652716639.743826, sdrt-health/mac:02010b41cdec/antenna/tag/e2806894000050038662154f, 88
1652716639.815185, sdrt-health/mac:02010b41cdec/antenna/tag/e2806894000050038661fd4f, 90
1652716639.856739, sdrt-health/mac:02010b41cdec/antenna/tag/e28068940000400386621d4f, 96
1652716639.921355, sdrt-health/mac:02010b41cdec/antenna/tag/e2806894000050038661fd4f, 86
1652716639.921897, sdrt-health/mac:02010b41cdec/antenna/tag/e2806894000040038662114f, 88
1652716639.922266, sdrt-health/mac:02010b41cdec/antenna/tag/e28068940000400386621d4f, 96
1652716639.958712, sdrt-health/mac:02010b41cdec/antenna/tag/e2806894000050038662154f, 91
1652716640.009541, sdrt-health/mac:02010b41cdec/antenna/tag/e2806894000050038661fd4f, 86
1652716640.01002, sdrt-health/mac:02010b41cdec/antenna/tag/e2806894000040038662114f, 91
1652716640.070433, sdrt-health/mac:02010b41cdec/antenna/tag/e2806894000050038662154f, 85
1652716640.117245, sdrt-health/mac:02010b41cdec/antenna/tag/e28068940000400386621d4f, 96
1652716640.179011, sdrt-health/mac:02010b41cdec/antenna/tag/e2806894000050038662154f, 85
1652716640.179279, sdrt-health/mac:02010b41cdec/antenna/tag/e2806894000040038662114f, 88
1652716640.229748, sdrt-health/mac:02010b41cdec/antenna/tag/e2806894000050038662194f, 94
1652716640.269402, sdrt-health/mac:02010b41cdec/antenna/tag/e28068940000400386621d4f, 90
1652716640.269759, sdrt-health/mac:02010b41cdec/antenna/tag/e2806894000050038662154f, 91
1652716640.284967, sdrt-health/mac:02010b41cdec/antenna/tag/e2806894000050038662154f, 91
1652716640.333525, sdrt-health/mac:02010b41cdec/antenna/tag/e28068940000400386621d4f, 90
1652716640.408827, sdrt-health/mac:02010b41cdec/antenna/tag/e2806894000050038661fd4f, 86
1652716640.469663, sdrt-health/mac:02010b41cdec/antenna/tag/e2806894000040038662114f, 88
1652716640.46993, sdrt-health/mac:02010b41cdec/antenna/tag/e2806894000040038662114f, 88
1652716640.484605, sdrt-health/mac:02010b41cdec/antenna/tag/e2806894000050038661fd4f, 97
1652716640.703907, sdrt-health/mac:02010b41cdec/antenna/tag/e2806894000050038661fd4f, 97
1652716640.775962, sdrt-health/mac:02010b41cdec/antenna/tag/e2806894000050038661fd4f, 83
1652716640.776209, sdrt-health/mac:02010b41cdec/antenna/tag/e28068940000400386621d4f, 96
1652716640.790416, sdrt-health/mac:02010b41cdec/antenna/tag/e2806894000050038662194f, 81
1652716640.790623, sdrt-health/mac:02010b41cdec/antenna/tag/e2806894000050038662154f, 85
1652716640.790757, sdrt-health/mac:02010b41cdec/antenna/tag/e28068940000400386621d4f, 96
1652716640.805145, sdrt-health/mac:02010b41cdec/antenna/tag/e2806894000050038662194f, 83
1652716640.805355, sdrt-health/mac:02010b41cdec/antenna/tag/e2806894000050038662154f, 85
1652716640.805475, sdrt-health/mac:02010b41cdec/antenna/tag/e2806894000050038662154f, 88
1652716640.805585, sdrt-health/mac:02010b41cdec/antenna/tag/e28068940000400386621d4f, 96
1652716640.805694, sdrt-health/mac:02010b41cdec/antenna/tag/e28068940000400386621d4f, 96
1652716640.805845, sdrt-health/mac:02010b41cdec/antenna/tag/e2806894000040038662114f, 88
1652716640.80613, sdrt-health/mac:02010b41cdec/antenna/tag/e28068940000400386621d4f, 96
1652716640.877865, sdrt-health/mac:02010b41cdec/antenna/tag/e28068940000400386621d4f, 96
1652716640.964632, sdrt-health/mac:02010b41cdec/antenna/tag/e2806894000050038662154f, 88
1652716640.965039, sdrt-health/mac:02010b41cdec/antenna/tag/e28068940000400386621d4f, 90
1652716640.981612, sdrt-health/mac:02010b41cdec/antenna/tag/e2806894000050038661fd4f, 86
1652716641.02056, sdrt-health/mac:02010b41cdec/antenna/tag/e28068940000400386621d4f, 96
1652716641.020894, sdrt-health/mac:02010b41cdec/antenna/tag/e2806894000050038661fd4f, 86
1652716641.043294, sdrt-health/mac:02010b41cdec/antenna/tag/e28068940000400386621d4f, 96
1652716641.072319, sdrt-health/mac:02010b41cdec/antenna/tag/e2806894000040038662114f, 97
1652716641.072655, sdrt-health/mac:02010b41cdec/antenna/tag/e2806894000050038662154f, 91
1652716641.094814, sdrt-health/mac:02010b41cdec/antenna/tag/e2806894000040038661f94f, 88
1652716641.160805, sdrt-health/mac:02010b41cdec/antenna/tag/e2806894000040038662114f, 88
1652716641.189536, sdrt-health/mac:02010b41cdec/antenna/tag/e2806894000050038662154f, 85
1652716641.189751, sdrt-health/mac:02010b41cdec/antenna/tag/e2806894000050038662194f, 87
1652716641.20509, sdrt-health/mac:02010b41cdec/antenna/tag/e2806894000050038662154f, 85
1652716641.254854, sdrt-health/mac:02010b41cdec/antenna/tag/e2806894000050038661fd4f, 86
1652716641.296253, sdrt-health/mac:02010b41cdec/antenna/tag/e2806894000050038662194f, 83
1652716641.360598, sdrt-health/mac:02010b41cdec/antenna/tag/e2806894000050038662154f, 88
1652716641.360961, sdrt-health/mac:02010b41cdec/antenna/tag/e2806894000050038661fd4f, 86
1652716641.396806, sdrt-health/mac:02010b41cdec/antenna/tag/e28068940000400386621d4f, 90
1652716641.444168, sdrt-health/mac:02010b41cdec/antenna/tag/e2806894000040038662114f, 91
1652716641.471189, sdrt-health/mac:02010b41cdec/antenna/tag/e28068940000400386621d4f, 96
1652716641.471462, sdrt-health/mac:02010b41cdec/antenna/tag/e2806894000040038662114f, 88
1652716641.492963, sdrt-health/mac:02010b41cdec/antenna/tag/e2806894000050038662194f, 81
1652716641.536812, sdrt-health/mac:02010b41cdec/antenna/tag/e28068940000400386621d4f, 96
1652716641.585603, sdrt-health/mac:02010b41cdec/antenna/tag/e2806894000050038662194f, 83
1652716641.652607, sdrt-health/mac:02010b41cdec/antenna/tag/e2806894000040038662114f, 91
1652716641.653788, sdrt-health/mac:02010b41cdec/antenna/tag/e2806894000040038662114f, 97
1652716641.683064, sdrt-health/mac:02010b41cdec/antenna/tag/e2806894000050038662194f, 83
1652716641.748268, sdrt-health/mac:02010b41cdec/antenna/tag/e2806894000050038661fd4f, 83
1652716641.748608, sdrt-health/mac:02010b41cdec/antenna/tag/e2806894000050038661fd4f, 83
1652716641.816264, sdrt-health/mac:02010b41cdec/antenna/tag/e2806894000050038661fd4f, 97
1652716641.816675, sdrt-health/mac:02010b41cdec/antenna/tag/e2806894000050038662194f, 94
1652716641.833336, sdrt-health/mac:02010b41cdec/antenna/tag/e28068940000400386621d4f, 96
1652716641.833864, sdrt-health/mac:02010b41cdec/antenna/tag/e2806894000040038662214f, 81
1652716641.865037, sdrt-health/mac:02010b41cdec/antenna/tag/e2806894000040038662214f, 94
1652716641.90766, sdrt-health/mac:02010b41cdec/antenna/tag/e2806894000040038662114f, 88
1652716641.959224, sdrt-health/mac:02010b41cdec/antenna/tag/e2806894000050038662154f, 88
1652716641.959554, sdrt-health/mac:02010b41cdec/antenna/tag/e2806894000050038661fd4f, 83
1652716641.973093, sdrt-health/mac:02010b41cdec/antenna/tag/e2806894000050038662154f, 85
1652716641.993822, sdrt-health/mac:02010b41cdec/antenna/tag/e28068940000400386621d4f, 96
1652716642.063981, sdrt-health/mac:02010b41cdec/antenna/tag/e2806894000040038662114f, 88
1652716642.104938, sdrt-health/mac:02010b41cdec/antenna/tag/e28068940000400386621d4f, 77
1652716642.143578, sdrt-health/mac:02010b41cdec/antenna/tag/e2806894000050038661fd4f, 83
1652716642.184963, sdrt-health/mac:02010b41cdec/antenna/tag/e2806894000050038662194f, 85
1652716642.238599, sdrt-health/mac:02010b41cdec/antenna/tag/e2806894000050038662194f, 93
1652716642.238882, sdrt-health/mac:02010b41cdec/antenna/tag/e2806894000050038662154f, 93
1652716642.23909, sdrt-health/mac:02010b41cdec/antenna/tag/e2806894000050038661fd4f, 83
1652716642.241127, sdrt-health/mac:02010b41cdec/antenna/tag/e28068940000400386621d4f, 96
1652716642.292278, sdrt-health/mac:02010b41cdec/antenna/tag/e2806894000040038662114f, 88
1652716642.337004, sdrt-health/mac:02010b41cdec/antenna/tag/e2806894000050038662194f, 83
1652716642.426982, sdrt-health/mac:02010b41cdec/antenna/tag/e28068940000400386621d4f, 77
1652716642.427287, sdrt-health/mac:02010b41cdec/antenna/tag/e28068940000400386621d4f, 90
1652716642.466738, sdrt-health/mac:02010b41cdec/antenna/tag/e2806894000050038662154f, 91
1652716642.533999, sdrt-health/mac:02010b41cdec/antenna/tag/e2806894000050038662194f, 81
1652716642.534426, sdrt-health/mac:02010b41cdec/antenna/tag/e2806894000050038662154f, 91
1652716642.548583, sdrt-health/mac:02010b41cdec/antenna/tag/e2806894000040038662114f, 91
1652716642.556119, sdrt-health/mac:02010b41cdec/antenna/tag/e2806894000050038662154f, 91
1652716642.565909, sdrt-health/mac:02010b41cdec/antenna/tag/e2806894000040038662114f, 91
1652716642.566246, sdrt-health/mac:02010b41cdec/antenna/tag/e2806894000050038662194f, 85
1652716642.566474, sdrt-health/mac:02010b41cdec/antenna/tag/e2806894000050038661fd4f, 86
1652716642.6154, sdrt-health/mac:02010b41cdec/antenna/tag/e28068940000400386621d4f, 96
1652716642.66898, sdrt-health/mac:02010b41cdec/antenna/tag/e28068940000400386621d4f, 96
1652716642.669335, sdrt-health/mac:02010b41cdec/antenna/tag/e28068940000500386620d4f, 94
1652716642.7057, sdrt-health/mac:02010b41cdec/antenna/tag/e2806894000050038662154f, 85
1652716642.733207, sdrt-health/mac:02010b41cdec/antenna/tag/e2806894000050038662194f, 83
1652716642.733505, sdrt-health/mac:02010b41cdec/antenna/tag/e2806894000040038662114f, 85
1652716642.760054, sdrt-health/mac:02010b41cdec/antenna/tag/e2806894000050038662154f, 85
1652716642.805318, sdrt-health/mac:02010b41cdec/antenna/tag/e2806894000050038662154f, 88
1652716642.867211, sdrt-health/mac:02010b41cdec/antenna/tag/e2806894000040038662114f, 91
1652716642.867474, sdrt-health/mac:02010b41cdec/antenna/tag/e28068940000400386621d4f, 90
1652716642.883247, sdrt-health/mac:02010b41cdec/antenna/tag/e2806894000050038661fd4f, 86
1652716642.904298, sdrt-health/mac:02010b41cdec/antenna/tag/e2806894000040038662114f, 88
1652716642.952781, sdrt-health/mac:02010b41cdec/antenna/tag/e2806894000050038661fd4f, 86
1652716642.984011, sdrt-health/mac:02010b41cdec/antenna/tag/e2806894000040038662114f, 91
1652716642.9843, sdrt-health/mac:02010b41cdec/antenna/tag/e2806894000040038662114f, 91
1652716643.005649, sdrt-health/mac:02010b41cdec/antenna/tag/e2806894000040038662114f, 97
1652716643.078912, sdrt-health/mac:02010b41cdec/antenna/tag/e2806894000040038662114f, 97
1652716643.079435, sdrt-health/mac:02010b41cdec/antenna/tag/e2806894000040038662114f, 88
1652716643.113465, sdrt-health/mac:02010b41cdec/antenna/tag/e2806894000050038661fd4f, 83
1652716643.142495, sdrt-health/mac:02010b41cdec/antenna/tag/e2806894000050038662194f, 81
1652716643.142768, sdrt-health/mac:02010b41cdec/antenna/tag/e28068940000400386621d4f, 96
1652716643.174513, sdrt-health/mac:02010b41cdec/antenna/tag/e28068940000400386621d4f, 90
1652716643.223319, sdrt-health/mac:02010b41cdec/antenna/tag/e2806894000050038661fd4f, 83
1652716643.310627, sdrt-health/mac:02010b41cdec/antenna/tag/e28068940000400386621d4f, 96
1652716643.310929, sdrt-health/mac:02010b41cdec/antenna/tag/e2806894000050038661fd4f, 97
1652716643.324693, sdrt-health/mac:02010b41cdec/antenna/tag/e2806894000050038662194f, 83
1652716643.375875, sdrt-health/mac:02010b41cdec/antenna/tag/e2806894000050038662154f, 85
1652716643.447339, sdrt-health/mac:02010b41cdec/antenna/tag/e28068940000400386621d4f, 96
1652716643.447556, sdrt-health/mac:02010b41cdec/antenna/tag/e2806894000050038661fd4f, 83
1652716643.460818, sdrt-health/mac:02010b41cdec/antenna/tag/e28068940000400386621d4f, 96
1652716643.461074, sdrt-health/mac:02010b41cdec/antenna/tag/e2806894000040038662114f, 88
1652716643.488281, sdrt-health/mac:02010b41cdec/antenna/tag/e28068940000400386621d4f, 96
1652716643.555394, sdrt-health/mac:02010b41cdec/antenna/tag/e2806894000050038662154f, 91
1652716643.555591, sdrt-health/mac:02010b41cdec/antenna/tag/e2806894000050038662154f, 91
1652716643.570946, sdrt-health/mac:02010b41cdec/antenna/tag/e2806894000050038661fd4f, 86
1652716643.595359, sdrt-health/mac:02010b41cdec/antenna/tag/e2806894000050038661fd4f, 97
1652716643.637337, sdrt-health/mac:02010b41cdec/antenna/tag/e2806894000050038661fd4f, 83
1652716643.68349, sdrt-health/mac:02010b41cdec/antenna/tag/e2806894000040038662114f, 88
1652716643.743322, sdrt-health/mac:02010b41cdec/antenna/tag/e28068940000400386621d4f, 90
1652716643.891261, sdrt-health/mac:02010b41cdec/antenna/tag/e2806894000050038662154f, 91
1652716643.891493, sdrt-health/mac:02010b41cdec/antenna/tag/e2806894000050038662194f, 94
1652716643.929962, sdrt-health/mac:02010b41cdec/antenna/tag/e2806894000040038662114f, 91
1652716643.958311, sdrt-health/mac:02010b41cdec/antenna/tag/e28068940000400386621d4f, 90
1652716643.958522, sdrt-health/mac:02010b41cdec/antenna/tag/e2806894000050038661fd4f, 86
1652716643.985411, sdrt-health/mac:02010b41cdec/antenna/tag/e28068940000400386621d4f, 90
1652716644.056101, sdrt-health/mac:02010b41cdec/antenna/tag/e2806894000050038662154f, 88
1652716644.090718, sdrt-health/mac:02010b41cdec/antenna/tag/e28068940000400386621d4f, 96
1652716644.091018, sdrt-health/mac:02010b41cdec/antenna/tag/e28068940000400386621d4f, 96
1652716644.111214, sdrt-health/mac:02010b41cdec/antenna/tag/e2806894000050038662154f, 88
1652716644.111465, sdrt-health/mac:02010b41cdec/antenna/tag/e2806894000050038661fd4f, 83
1652716644.111619, sdrt-health/mac:02010b41cdec/antenna/tag/e2806894000050038661fd4f, 86
1652716644.145799, sdrt-health/mac:02010b41cdec/antenna/tag/e2806894000040038662114f, 85
1652716644.254032, sdrt-health/mac:02010b41cdec/antenna/tag/e2806894000050038662154f, 85
1652716644.295726, sdrt-health/mac:02010b41cdec/antenna/tag/e2806894000050038662194f, 83
1652716644.389021, sdrt-health/mac:02010b41cdec/antenna/tag/e28068940000400386621d4f, 96
1652716644.38952, sdrt-health/mac:02010b41cdec/antenna/tag/e28068940000400386621d4f, 96
1652716644.415571, sdrt-health/mac:02010b41cdec/antenna/tag/e2806894000050038662154f, 88
1652716644.518092, sdrt-health/mac:02010b41cdec/antenna/tag/e2806894000050038662154f, 88
1652716644.59767, sdrt-health/mac:02010b41cdec/antenna/tag/e28068940000400386621d4f, 96
1652716644.659853, sdrt-health/mac:02010b41cdec/antenna/tag/e2806894000050038662194f, 87
1652716644.660068, sdrt-health/mac:02010b41cdec/antenna/tag/e2806894000050038662154f, 88
1652716644.675442, sdrt-health/mac:02010b41cdec/antenna/tag/e2806894000040038662114f, 85
1652716644.675886, sdrt-health/mac:02010b41cdec/antenna/tag/e2806894000050038662154f, 88
1652716644.704034, sdrt-health/mac:02010b41cdec/antenna/tag/e2806894000040038662114f, 88
1652716644.733098, sdrt-health/mac:02010b41cdec/antenna/tag/e28068940000400386621d4f, 90
1652716644.733548, sdrt-health/mac:02010b41cdec/antenna/tag/e2806894000040038662114f, 88
1652716644.775471, sdrt-health/mac:02010b41cdec/antenna/tag/e28068940000400386621d4f, 96
1652716644.840114, sdrt-health/mac:02010b41cdec/antenna/tag/e2806894000040038662114f, 91
1652716644.950811, sdrt-health/mac:02010b41cdec/antenna/tag/e2806894000050038661fd4f, 90
1652716644.95146, sdrt-health/mac:02010b41cdec/antenna/tag/e2806894000050038661fd4f, 86
1652716644.965869, sdrt-health/mac:02010b41cdec/antenna/tag/e2806894000050038662154f, 88
1652716644.966328, sdrt-health/mac:02010b41cdec/antenna/tag/e2806894000050038661fd4f, 90
1652716644.987254, sdrt-health/mac:02010b41cdec/antenna/tag/e28068940000400386621d4f, 90
1652716645.016324, sdrt-health/mac:02010b41cdec/antenna/tag/e2806894000040038662114f, 91
1652716645.016664, sdrt-health/mac:02010b41cdec/antenna/tag/e2806894000050038662154f, 88
1652716645.017156, sdrt-health/mac:02010b41cdec/antenna/tag/e28068940000400386621d4f, 96
1652716645.035474, sdrt-health/mac:02010b41cdec/antenna/tag/e28068940000400386621d4f, 90
1652716645.065326, sdrt-health/mac:02010b41cdec/antenna/tag/e2806894000050038662154f, 88
1652716645.065602, sdrt-health/mac:02010b41cdec/antenna/tag/e2806894000040038662114f, 91
1652716645.0658, sdrt-health/mac:02010b41cdec/antenna/tag/e2806894000050038662154f, 85
1652716645.095447, sdrt-health/mac:02010b41cdec/antenna/tag/e2806894000050038661fd4f, 83
1652716645.123824, sdrt-health/mac:02010b41cdec/antenna/tag/e28068940000400386621d4f, 90
1652716645.124061, sdrt-health/mac:02010b41cdec/antenna/tag/e28068940000400386621d4f, 90
1652716645.124201, sdrt-health/mac:02010b41cdec/antenna/tag/e2806894000050038661fd4f, 86
1652716645.161155, sdrt-health/mac:02010b41cdec/antenna/tag/e2806894000050038662154f, 88
1652716645.190771, sdrt-health/mac:02010b41cdec/antenna/tag/e2806894000050038661fd4f, 83
1652716645.190975, sdrt-health/mac:02010b41cdec/antenna/tag/e28068940000400386621d4f, 77
1652716645.206378, sdrt-health/mac:02010b41cdec/antenna/tag/e2806894000040038662114f, 85
1652716645.206612, sdrt-health/mac:02010b41cdec/antenna/tag/e28068940000400386621d4f, 77
1652716645.273423, sdrt-health/mac:02010b41cdec/antenna/tag/e2806894000050038662154f, 85
1652716645.331537, sdrt-health/mac:02010b41cdec/antenna/tag/e2806894000050038661fd4f, 83
1652716645.331778, sdrt-health/mac:02010b41cdec/antenna/tag/e2806894000050038661fd4f, 83
1652716645.345197, sdrt-health/mac:02010b41cdec/antenna/tag/e28068940000400386621d4f, 96
1652716645.345453, sdrt-health/mac:02010b41cdec/antenna/tag/e2806894000050038661fd4f, 86
1652716645.381507, sdrt-health/mac:02010b41cdec/antenna/tag/e28068940000400386621d4f, 96
1652716645.453312, sdrt-health/mac:02010b41cdec/antenna/tag/e2806894000050038662194f, 81
1652716645.485373, sdrt-health/mac:02010b41cdec/antenna/tag/e2806894000040038662114f, 97
1652716645.485886, sdrt-health/mac:02010b41cdec/antenna/tag/e2806894000050038662154f, 88
1652716645.517974, sdrt-health/mac:02010b41cdec/antenna/tag/e2806894000050038662194f, 93
1652716645.548354, sdrt-health/mac:02010b41cdec/antenna/tag/e2806894000050038662154f, 88
1652716645.548787, sdrt-health/mac:02010b41cdec/antenna/tag/e2806894000050038661fd4f, 86
1652716645.581902, sdrt-health/mac:02010b41cdec/antenna/tag/e2806894000040038662114f, 97
1652716645.643971, sdrt-health/mac:02010b41cdec/antenna/tag/e28068940000400386621d4f, 90
1652716645.733391, sdrt-health/mac:02010b41cdec/antenna/tag/e2806894000040038662114f, 97
1652716645.733795, sdrt-health/mac:02010b41cdec/antenna/tag/e2806894000040038662114f, 88
1652716645.749743, sdrt-health/mac:02010b41cdec/antenna/tag/e2806894000050038662154f, 85
1652716645.803546, sdrt-health/mac:02010b41cdec/antenna/tag/e2806894000040038662114f, 88
1652716645.84713, sdrt-health/mac:02010b41cdec/antenna/tag/e2806894000040038662114f, 85
1652716645.878128, sdrt-health/mac:02010b41cdec/antenna/tag/e2806894000050038661fd4f, 86
1652716645.878434, sdrt-health/mac:02010b41cdec/antenna/tag/e2806894000050038662154f, 88
1652716645.878685, sdrt-health/mac:02010b41cdec/antenna/tag/e28068940000400386621d4f, 96
1652716645.893851, sdrt-health/mac:02010b41cdec/antenna/tag/e2806894000050038662194f, 81
1652716645.945164, sdrt-health/mac:02010b41cdec/antenna/tag/e2806894000050038661fd4f, 86
1652716645.975753, sdrt-health/mac:02010b41cdec/antenna/tag/e2806894000050038662154f, 88
1652716645.975997, sdrt-health/mac:02010b41cdec/antenna/tag/e2806894000050038662194f, 81
1652716645.990012, sdrt-health/mac:02010b41cdec/antenna/tag/e2806894000050038661fd4f, 86
1652716645.99028, sdrt-health/mac:02010b41cdec/antenna/tag/e2806894000050038662194f, 83
1652716645.99047, sdrt-health/mac:02010b41cdec/antenna/tag/e2806894000050038662194f, 81
1652716646.03603, sdrt-health/mac:02010b41cdec/antenna/tag/e2806894000050038662194f, 84
1652716646.073007, sdrt-health/mac:02010b41cdec/antenna/tag/e2806894000050038662194f, 84
1652716646.152213, sdrt-health/mac:02010b41cdec/antenna/tag/e2806894000040038662214f, 88
1652716646.152684, sdrt-health/mac:02010b41cdec/antenna/tag/e2806894000050038662194f, 81
1652716646.174757, sdrt-health/mac:02010b41cdec/antenna/tag/e2806894000040038662214f, 94
1652716646.223953, sdrt-health/mac:02010b41cdec/antenna/tag/e2806894000050038662154f, 91
1652716646.279485, sdrt-health/mac:02010b41cdec/antenna/tag/e28068940000400386621d4f, 96
1652716646.27978, sdrt-health/mac:02010b41cdec/antenna/tag/e2806894000050038662154f, 91
1652716646.306545, sdrt-health/mac:02010b41cdec/antenna/tag/e2806894000050038661fd4f, 86
1652716646.375474, sdrt-health/mac:02010b41cdec/antenna/tag/e2806894000040038662114f, 88
1652716646.375709, sdrt-health/mac:02010b41cdec/antenna/tag/e2806894000040038662114f, 88
1652716646.39003, sdrt-health/mac:02010b41cdec/antenna/tag/e28068940000400386621d4f, 96
1652716646.40415, sdrt-health/mac:02010b41cdec/antenna/tag/e2806894000050038662154f, 88
1652716646.404992, sdrt-health/mac:02010b41cdec/antenna/tag/e28068940000400386621d4f, 96
1652716646.464383, sdrt-health/mac:02010b41cdec/antenna/tag/e28068940000400386621d4f, 90
1652716646.494212, sdrt-health/mac:02010b41cdec/antenna/tag/e28068940000400386621d4f, 96
1652716646.494429, sdrt-health/mac:02010b41cdec/antenna/tag/e2806894000050038661fd4f, 86
1652716646.507063, sdrt-health/mac:02010b41cdec/antenna/tag/e28068940000400386621d4f, 90
1652716646.507415, sdrt-health/mac:02010b41cdec/antenna/tag/e2806894000050038661fd4f, 86
1652716646.507954, sdrt-health/mac:02010b41cdec/antenna/tag/e2806894000050038661fd4f, 90
1652716646.540997, sdrt-health/mac:02010b41cdec/antenna/tag/e28068940000400386621d4f, 96
1652716646.585874, sdrt-health/mac:02010b41cdec/antenna/tag/e28068940000400386621d4f, 96
1652716646.647963, sdrt-health/mac:02010b41cdec/antenna/tag/e28068940000400386621d4f, 96
1652716646.648189, sdrt-health/mac:02010b41cdec/antenna/tag/e2806894000040038662114f, 85
1652716646.66144, sdrt-health/mac:02010b41cdec/antenna/tag/e2806894000050038662194f, 83
1652716646.691221, sdrt-health/mac:02010b41cdec/antenna/tag/e28068940000400386621d4f, 96
1652716646.691418, sdrt-health/mac:02010b41cdec/antenna/tag/e2806894000050038662154f, 91
1652716646.737678, sdrt-health/mac:02010b41cdec/antenna/tag/e2806894000050038661fd4f, 86
1652716646.765977, sdrt-health/mac:02010b41cdec/antenna/tag/e2806894000050038662154f, 91
1652716646.766198, sdrt-health/mac:02010b41cdec/antenna/tag/e2806894000050038661fd4f, 90
1652716646.766315, sdrt-health/mac:02010b41cdec/antenna/tag/e2806894000040038662114f, 91
1652716646.784989, sdrt-health/mac:02010b41cdec/antenna/tag/e28068940000400386621d4f, 90
1652716646.822182, sdrt-health/mac:02010b41cdec/antenna/tag/e2806894000050038661fd4f, 90
1652716646.881062, sdrt-health/mac:02010b41cdec/antenna/tag/e28068940000400386621d4f, 96
1652716646.881337, sdrt-health/mac:02010b41cdec/antenna/tag/e2806894000050038662154f, 91
1652716646.894801, sdrt-health/mac:02010b41cdec/antenna/tag/e28068940000400386621d4f, 90
1652716646.895074, sdrt-health/mac:02010b41cdec/antenna/tag/e2806894000050038662194f, 94
1652716646.940421, sdrt-health/mac:02010b41cdec/antenna/tag/e2806894000050038661fd4f, 86
1652716646.984054, sdrt-health/mac:02010b41cdec/antenna/tag/e2806894000050038661fd4f, 97
1652716647.023467, sdrt-health/mac:02010b41cdec/antenna/tag/e2806894000050038662154f, 93
1652716647.055882, sdrt-health/mac:02010b41cdec/antenna/tag/e2806894000050038662194f, 94
1652716647.056173, sdrt-health/mac:02010b41cdec/antenna/tag/e2806894000050038662194f, 81
1652716647.110066, sdrt-health/mac:02010b41cdec/antenna/tag/e2806894000050038662194f, 94
1652716647.169964, sdrt-health/mac:02010b41cdec/antenna/tag/e2806894000050038661fd4f, 91
1652716647.279303, sdrt-health/mac:02010b41cdec/antenna/tag/e2806894000050038662194f, 88
1652716647.279559, sdrt-health/mac:02010b41cdec/antenna/tag/e28068940000400386621d4f, 96
1652716647.317328, sdrt-health/mac:02010b41cdec/antenna/tag/e2806894000050038661fd4f, 83
1652716647.465316, sdrt-health/mac:02010b41cdec/antenna/tag/e2806894000050038661fd4f, 86
1652716647.51578, sdrt-health/mac:02010b41cdec/antenna/tag/e2806894000040038662114f, 88
1652716647.545433, sdrt-health/mac:02010b41cdec/antenna/tag/e2806894000050038661fd4f, 86
1652716647.545671, sdrt-health/mac:02010b41cdec/antenna/tag/e2806894000040038662114f, 88
1652716647.545811, sdrt-health/mac:02010b41cdec/antenna/tag/e2806894000050038662154f, 88
1652716647.545923, sdrt-health/mac:02010b41cdec/antenna/tag/e2806894000050038662154f, 91
1652716647.546042, sdrt-health/mac:02010b41cdec/antenna/tag/e28068940000400386621d4f, 96
1652716647.574274, sdrt-health/mac:02010b41cdec/antenna/tag/e28068940000400386621d4f, 90
1652716647.625095, sdrt-health/mac:02010b41cdec/antenna/tag/e28068940000500386620d4f, 88
1652716647.663535, sdrt-health/mac:02010b41cdec/antenna/tag/e2806894000050038662154f, 93
1652716647.748652, sdrt-health/mac:02010b41cdec/antenna/tag/e2806894000050038662154f, 85
1652716647.749199, sdrt-health/mac:02010b41cdec/antenna/tag/e2806894000050038661fd4f, 97
1652716647.776318, sdrt-health/mac:02010b41cdec/antenna/tag/e2806894000050038661fd4f, 83
1652716647.804089, sdrt-health/mac:02010b41cdec/antenna/tag/e2806894000050038662154f, 88
1652716647.804293, sdrt-health/mac:02010b41cdec/antenna/tag/e28068940000400386621d4f, 96
1652716647.823293, sdrt-health/mac:02010b41cdec/antenna/tag/e2806894000050038662194f, 87
1652716647.876054, sdrt-health/mac:02010b41cdec/antenna/tag/e28068940000400386621d4f, 96
1652716647.938356, sdrt-health/mac:02010b41cdec/antenna/tag/e2806894000050038662154f, 88
1652716647.938627, sdrt-health/mac:02010b41cdec/antenna/tag/e2806894000040038662114f, 88
1652716647.954137, sdrt-health/mac:02010b41cdec/antenna/tag/e2806894000050038661fd4f, 86
1652716647.985701, sdrt-health/mac:02010b41cdec/antenna/tag/e2806894000050038661fd4f, 86
1652716648.058554, sdrt-health/mac:02010b41cdec/antenna/tag/e28068940000400386621d4f, 96
1652716648.058765, sdrt-health/mac:02010b41cdec/antenna/tag/e2806894000040038662114f, 88
1652716648.09356, sdrt-health/mac:02010b41cdec/antenna/tag/e28068940000400386621d4f, 96
1652716648.159465, sdrt-health/mac:02010b41cdec/antenna/tag/e28068940000400386621d4f, 96
1652716648.159935, sdrt-health/mac:02010b41cdec/antenna/tag/e28068940000400386621d4f, 96
1652716648.174716, sdrt-health/mac:02010b41cdec/antenna/tag/e28068940000400386621d4f, 96
1652716648.174957, sdrt-health/mac:02010b41cdec/antenna/tag/e2806894000050038662194f, 81
1652716648.199115, sdrt-health/mac:02010b41cdec/antenna/tag/e2806894000040038662114f, 91
1652716648.228907, sdrt-health/mac:02010b41cdec/antenna/tag/e2806894000050038661fd4f, 86
1652716648.22913, sdrt-health/mac:02010b41cdec/antenna/tag/e2806894000050038662154f, 88
1652716648.22925, sdrt-health/mac:02010b41cdec/antenna/tag/e2806894000040038662114f, 88
1652716648.251325, sdrt-health/mac:02010b41cdec/antenna/tag/e2806894000040038662114f, 88
1652716648.321342, sdrt-health/mac:02010b41cdec/antenna/tag/e2806894000040038662114f, 85
1652716648.321643, sdrt-health/mac:02010b41cdec/antenna/tag/e2806894000040038662114f, 85
1652716648.338492, sdrt-health/mac:02010b41cdec/antenna/tag/e2806894000040038662214f, 81
1652716648.488339, sdrt-health/mac:02010b41cdec/antenna/tag/e2806894000050038662154f, 85
1652716648.57752, sdrt-health/mac:02010b41cdec/antenna/tag/e28068940000400386621d4f, 96
1652716648.577779, sdrt-health/mac:02010b41cdec/antenna/tag/e2806894000050038662154f, 85
1652716648.597402, sdrt-health/mac:02010b41cdec/antenna/tag/e2806894000040038662114f, 88
1652716648.597645, sdrt-health/mac:02010b41cdec/antenna/tag/e28068940000400386621d4f, 77
1652716648.597795, sdrt-health/mac:02010b41cdec/antenna/tag/e2806894000050038661fd4f, 83
1652716648.597935, sdrt-health/mac:02010b41cdec/antenna/tag/e2806894000050038662154f, 85
1652716648.598131, sdrt-health/mac:02010b41cdec/antenna/tag/e2806894000050038661fd4f, 97
1652716648.59838, sdrt-health/mac:02010b41cdec/antenna/tag/e2806894000050038662194f, 81
1652716648.598614, sdrt-health/mac:02010b41cdec/antenna/tag/e2806894000040038662114f, 88
1652716648.607972, sdrt-health/mac:02010b41cdec/antenna/tag/e28068940000400386621d4f, 96
1652716648.612354, sdrt-health/mac:02010b41cdec/antenna/tag/e2806894000050038662194f, 93
1652716648.612536, sdrt-health/mac:02010b41cdec/antenna/tag/e2806894000050038662194f, 94
1652716648.65356, sdrt-health/mac:02010b41cdec/antenna/tag/e2806894000050038662194f, 83
1652716648.724393, sdrt-health/mac:02010b41cdec/antenna/tag/e2806894000040038662114f, 88
1652716648.724597, sdrt-health/mac:02010b41cdec/antenna/tag/e2806894000050038662194f, 87
1652716648.759282, sdrt-health/mac:02010b41cdec/antenna/tag/e2806894000050038662154f, 91
1652716648.807596, sdrt-health/mac:02010b41cdec/antenna/tag/e2806894000050038662194f, 83
1652716648.869893, sdrt-health/mac:02010b41cdec/antenna/tag/e2806894000050038661fd4f, 91
1652716648.937883, sdrt-health/mac:02010b41cdec/antenna/tag/e2806894000050038662194f, 87
1652716648.938351, sdrt-health/mac:02010b41cdec/antenna/tag/e2806894000050038662194f, 83
1652716648.97339, sdrt-health/mac:02010b41cdec/antenna/tag/e2806894000050038662194f, 88
1652716649.188091, sdrt-health/mac:02010b41cdec/antenna/tag/e2806894000050038662194f, 83
1652716649.188629, sdrt-health/mac:02010b41cdec/antenna/tag/scan, scan stopped
