1652715983.300149, sdrt-health/mac:02010b41cdec/antenna/power/set, {"power": 300}
1652715984.391279, sdrt-health/mac:02010b41cdec/antenna/power/set, 
1652715988.32125, sdrt-health/mac:02010b41cdec/antenna/tag/scan, {"time": 20000}
1652715988.708455, sdrt-health/mac:02010b41cdec/antenna/tag/e28068940000400386621d4f, 77
1652715988.74803, sdrt-health/mac:02010b41cdec/antenna/tag/e2806894000040038662114f, 91
1652715988.792406, sdrt-health/mac:02010b41cdec/antenna/tag/e2806894000040038662114f, 88
1652715988.839685, sdrt-health/mac:02010b41cdec/antenna/tag/e2806894000050038662194f, 85
1652715988.919759, sdrt-health/mac:02010b41cdec/antenna/tag/e2806894000050038661fd4f, 83
1652715988.950527, sdrt-health/mac:02010b41cdec/antenna/tag/e2806894000040038662114f, 91
1652715988.951239, sdrt-health/mac:02010b41cdec/antenna/tag/e28068940000400386621d4f, 77
1652715989.004146, sdrt-health/mac:02010b41cdec/antenna/tag/e2806894000040038662114f, 91
1652715989.070514, sdrt-health/mac:02010b41cdec/antenna/tag/e2806894000040038662214f, 88
1652715989.071025, sdrt-health/mac:02010b41cdec/antenna/tag/e2806894000040038661f94f, 94
1652715989.084279, sdrt-health/mac:02010b41cdec/antenna/tag/e2806894000040038662214f, 84
1652715989.099088, sdrt-health/mac:02010b41cdec/antenna/tag/e2806894000050038661fd4f, 86
1652715989.163777, sdrt-health/mac:02010b41cdec/antenna/tag/e2806894000050038661fd4f, 90
1652715989.215671, sdrt-health/mac:02010b41cdec/antenna/tag/e2806894000040038662054f, 88
1652715989.277798, sdrt-health/mac:02010b41cdec/antenna/tag/e28068940000400386621d4f, 96
1652715989.338366, sdrt-health/mac:02010b41cdec/antenna/tag/e2806894000050038662154f, 91
1652715989.338872, sdrt-health/mac:02010b41cdec/antenna/tag/e2806894000050038662154f, 91
1652715989.352351, sdrt-health/mac:02010b41cdec/antenna/tag/e2806894000040038662054f, 81
1652715989.474339, sdrt-health/mac:02010b41cdec/antenna/tag/e2806894000050038662154f, 85
1652715989.536605, sdrt-health/mac:02010b41cdec/antenna/tag/e28068940000400386621d4f, 77
1652715989.537201, sdrt-health/mac:02010b41cdec/antenna/tag/e2806894000040038661f94f, 84
1652715989.553126, sdrt-health/mac:02010b41cdec/antenna/tag/e2806894000040038662214f, 84
1652715989.553344, sdrt-health/mac:02010b41cdec/antenna/tag/e2806894000050038662154f, 88
1652715989.553525, sdrt-health/mac:02010b41cdec/antenna/tag/e28068940000400386621d4f, 96
1652715989.607647, sdrt-health/mac:02010b41cdec/antenna/tag/e2806894000040038662114f, 97
1652715989.643167, sdrt-health/mac:02010b41cdec/antenna/tag/e2806894000050038662154f, 91
1652715989.643508, sdrt-health/mac:02010b41cdec/antenna/tag/e2806894000040038662114f, 97
1652715989.643754, sdrt-health/mac:02010b41cdec/antenna/tag/e2806894000050038661fd4f, 86
1652715989.644102, sdrt-health/mac:02010b41cdec/antenna/tag/e2806894000050038662154f, 91
1652715989.674325, sdrt-health/mac:02010b41cdec/antenna/tag/e2806894000050038661fd4f, 86
1652715989.775579, sdrt-health/mac:02010b41cdec/antenna/tag/e2806894000040038662114f, 91
1652715989.919025, sdrt-health/mac:02010b41cdec/antenna/tag/e28068940000400386621d4f, 96
1652715990.016956, sdrt-health/mac:02010b41cdec/antenna/tag/e2806894000040038662054f, 82
1652715990.017451, sdrt-health/mac:02010b41cdec/antenna/tag/e2806894000050038662154f, 88
1652715990.031587, sdrt-health/mac:02010b41cdec/antenna/tag/e2806894000040038661f94f, 81
1652715990.032379, sdrt-health/mac:02010b41cdec/antenna/tag/e2806894000050038662194f, 93
1652715990.03285, sdrt-health/mac:02010b41cdec/antenna/tag/e2806894000050038661fd4f, 83
1652715990.05728, sdrt-health/mac:02010b41cdec/antenna/tag/e2806894000040038662114f, 91
1652715990.087236, sdrt-health/mac:02010b41cdec/antenna/tag/e2806894000050038662194f, 83
1652715990.087597, sdrt-health/mac:02010b41cdec/antenna/tag/e2806894000040038662214f, 81
1652715990.087837, sdrt-health/mac:02010b41cdec/antenna/tag/e2806894000050038661fd4f, 83
1652715990.088052, sdrt-health/mac:02010b41cdec/antenna/tag/e2806894000040038661f94f, 84
1652715990.101492, sdrt-health/mac:02010b41cdec/antenna/tag/e2806894000040038662054f, 81
1652715990.130543, sdrt-health/mac:02010b41cdec/antenna/tag/e2806894000050038662194f, 93
1652715990.130834, sdrt-health/mac:02010b41cdec/antenna/tag/e2806894000040038662054f, 94
1652715990.131039, sdrt-health/mac:02010b41cdec/antenna/tag/e2806894000040038662214f, 88
1652715990.144801, sdrt-health/mac:02010b41cdec/antenna/tag/e2806894000040038662054f, 94
1652715990.17054, sdrt-health/mac:02010b41cdec/antenna/tag/e2806894000050038662194f, 93
1652715990.226796, sdrt-health/mac:02010b41cdec/antenna/tag/e28068940000400386621d4f, 96
1652715990.256435, sdrt-health/mac:02010b41cdec/antenna/tag/e2806894000040038662114f, 88
1652715990.256647, sdrt-health/mac:02010b41cdec/antenna/tag/e2806894000050038661fd4f, 86
1652715990.270946, sdrt-health/mac:02010b41cdec/antenna/tag/e2806894000050038662154f, 91
1652715990.27116, sdrt-health/mac:02010b41cdec/antenna/tag/e2806894000050038662194f, 81
1652715990.326978, sdrt-health/mac:02010b41cdec/antenna/tag/e2806894000040038662114f, 88
1652715990.388743, sdrt-health/mac:02010b41cdec/antenna/tag/e2806894000050038662154f, 85
1652715990.439213, sdrt-health/mac:02010b41cdec/antenna/tag/e2806894000040038661f94f, 83
1652715990.497536, sdrt-health/mac:02010b41cdec/antenna/tag/e28068940000400386621d4f, 96
1652715990.497949, sdrt-health/mac:02010b41cdec/antenna/tag/e2806894000050038662194f, 83
1652715990.527541, sdrt-health/mac:02010b41cdec/antenna/tag/e2806894000050038661fd4f, 86
1652715990.567222, sdrt-health/mac:02010b41cdec/antenna/tag/e28068940000400386621d4f, 96
1652715990.630568, sdrt-health/mac:02010b41cdec/antenna/tag/e2806894000040038661f94f, 83
1652715990.709677, sdrt-health/mac:02010b41cdec/antenna/tag/e2806894000050038661fd4f, 86
1652715990.710145, sdrt-health/mac:02010b41cdec/antenna/tag/e28068940000400386621d4f, 90
1652715990.737592, sdrt-health/mac:02010b41cdec/antenna/tag/e2806894000040038662114f, 91
1652715990.794556, sdrt-health/mac:02010b41cdec/antenna/tag/e2806894000040038661f94f, 103
1652715990.849328, sdrt-health/mac:02010b41cdec/antenna/tag/e2806894000040038662114f, 85
1652715990.897316, sdrt-health/mac:02010b41cdec/antenna/tag/e2806894000050038662154f, 91
1652715990.959151, sdrt-health/mac:02010b41cdec/antenna/tag/e2806894000050038661fd4f, 86
1652715990.959409, sdrt-health/mac:02010b41cdec/antenna/tag/e2806894000040038662054f, 88
1652715990.975483, sdrt-health/mac:02010b41cdec/antenna/tag/e2806894000040038662214f, 84
1652715991.013733, sdrt-health/mac:02010b41cdec/antenna/tag/e2806894000040038661f94f, 81
1652715991.043564, sdrt-health/mac:02010b41cdec/antenna/tag/e2806894000050038662154f, 88
1652715991.043937, sdrt-health/mac:02010b41cdec/antenna/tag/e2806894000040038662114f, 85
1652715991.057999, sdrt-health/mac:02010b41cdec/antenna/tag/e2806894000050038662194f, 87
1652715991.058218, sdrt-health/mac:02010b41cdec/antenna/tag/e2806894000050038662194f, 87
1652715991.107348, sdrt-health/mac:02010b41cdec/antenna/tag/e28068940000400386621d4f, 77
1652715991.17398, sdrt-health/mac:02010b41cdec/antenna/tag/e2806894000050038662154f, 97
1652715991.174495, sdrt-health/mac:02010b41cdec/antenna/tag/e2806894000040038661f94f, 94
1652715991.252074, sdrt-health/mac:02010b41cdec/antenna/tag/e2806894000040038661f94f, 81
1652715991.320607, sdrt-health/mac:02010b41cdec/antenna/tag/e2806894000050038662194f, 93
1652715991.321073, sdrt-health/mac:02010b41cdec/antenna/tag/e2806894000040038662114f, 88
1652715991.335585, sdrt-health/mac:02010b41cdec/antenna/tag/e2806894000050038662154f, 88
1652715991.353832, sdrt-health/mac:02010b41cdec/antenna/tag/e2806894000050038662154f, 91
1652715991.459635, sdrt-health/mac:02010b41cdec/antenna/tag/e2806894000040038661f94f, 81
1652715991.539797, sdrt-health/mac:02010b41cdec/antenna/tag/e2806894000050038662154f, 97
1652715991.587406, sdrt-health/mac:02010b41cdec/antenna/tag/e2806894000040038661f94f, 83
1652715991.627733, sdrt-health/mac:02010b41cdec/antenna/tag/e2806894000050038662194f, 85
1652715991.681866, sdrt-health/mac:02010b41cdec/antenna/tag/e28068940000400386621d4f, 96
1652715991.682485, sdrt-health/mac:02010b41cdec/antenna/tag/e28068940000400386621d4f, 96
1652715991.705796, sdrt-health/mac:02010b41cdec/antenna/tag/e2806894000050038662154f, 88
1652715991.745932, sdrt-health/mac:02010b41cdec/antenna/tag/e2806894000040038662114f, 88
1652715991.824397, sdrt-health/mac:02010b41cdec/antenna/tag/e2806894000040038662054f, 94
1652715991.882342, sdrt-health/mac:02010b41cdec/antenna/tag/e2806894000050038662154f, 85
1652715991.936111, sdrt-health/mac:02010b41cdec/antenna/tag/e2806894000050038661fd4f, 83
1652715991.977841, sdrt-health/mac:02010b41cdec/antenna/tag/e2806894000050038661fd4f, 83
1652715992.017134, sdrt-health/mac:02010b41cdec/antenna/tag/e2806894000040038662114f, 88
1652715992.067328, sdrt-health/mac:02010b41cdec/antenna/tag/e2806894000050038662194f, 87
1652715992.108801, sdrt-health/mac:02010b41cdec/antenna/tag/e2806894000040038662114f, 91
1652715992.148712, sdrt-health/mac:02010b41cdec/antenna/tag/e2806894000040038662054f, 81
1652715992.184069, sdrt-health/mac:02010b41cdec/antenna/tag/e2806894000040038662054f, 83
1652715992.184532, sdrt-health/mac:02010b41cdec/antenna/tag/e28068940000400386621d4f, 96
1652715992.217122, sdrt-health/mac:02010b41cdec/antenna/tag/e2806894000050038661fd4f, 86
1652715992.256977, sdrt-health/mac:02010b41cdec/antenna/tag/e2806894000050038662154f, 88
1652715992.306365, sdrt-health/mac:02010b41cdec/antenna/tag/e2806894000050038662154f, 91
1652715992.377718, sdrt-health/mac:02010b41cdec/antenna/tag/e2806894000050038661fd4f, 86
1652715992.378284, sdrt-health/mac:02010b41cdec/antenna/tag/e2806894000050038662154f, 85
1652715992.393583, sdrt-health/mac:02010b41cdec/antenna/tag/e2806894000050038661fd4f, 86
1652715992.40755, sdrt-health/mac:02010b41cdec/antenna/tag/e2806894000040038662114f, 88
1652715992.407898, sdrt-health/mac:02010b41cdec/antenna/tag/e2806894000040038662214f, 83
1652715992.497199, sdrt-health/mac:02010b41cdec/antenna/tag/e28068940000400386621d4f, 77
1652715992.546044, sdrt-health/mac:02010b41cdec/antenna/tag/e2806894000050038662194f, 83
1652715992.650038, sdrt-health/mac:02010b41cdec/antenna/tag/e28068940000400386621d4f, 96
1652715992.738493, sdrt-health/mac:02010b41cdec/antenna/tag/e2806894000050038661fd4f, 83
1652715992.792711, sdrt-health/mac:02010b41cdec/antenna/tag/e2806894000040038662114f, 85
1652715992.79317, sdrt-health/mac:02010b41cdec/antenna/tag/e2806894000040038662114f, 88
1652715992.819353, sdrt-health/mac:02010b41cdec/antenna/tag/e2806894000040038662114f, 85
1652715992.866014, sdrt-health/mac:02010b41cdec/antenna/tag/e2806894000040038662114f, 85
1652715992.926547, sdrt-health/mac:02010b41cdec/antenna/tag/e28068940000400386621d4f, 96
1652715992.995782, sdrt-health/mac:02010b41cdec/antenna/tag/e2806894000050038661fd4f, 86
1652715992.996275, sdrt-health/mac:02010b41cdec/antenna/tag/e2806894000050038662194f, 83
1652715993.013146, sdrt-health/mac:02010b41cdec/antenna/tag/e2806894000050038661fd4f, 90
1652715993.036995, sdrt-health/mac:02010b41cdec/antenna/tag/e2806894000050038661fd4f, 96
1652715993.067281, sdrt-health/mac:02010b41cdec/antenna/tag/e2806894000050038662154f, 91
1652715993.067592, sdrt-health/mac:02010b41cdec/antenna/tag/e28068940000400386621d4f, 96
1652715993.067802, sdrt-health/mac:02010b41cdec/antenna/tag/e2806894000050038662194f, 83
1652715993.085461, sdrt-health/mac:02010b41cdec/antenna/tag/e2806894000050038661fd4f, 86
1652715993.142549, sdrt-health/mac:02010b41cdec/antenna/tag/e2806894000040038661f94f, 81
1652715993.142765, sdrt-health/mac:02010b41cdec/antenna/tag/e2806894000050038662154f, 88
1652715993.158475, sdrt-health/mac:02010b41cdec/antenna/tag/e28068940000400386621d4f, 96
1652715993.192974, sdrt-health/mac:02010b41cdec/antenna/tag/e2806894000050038662154f, 88
1652715993.293168, sdrt-health/mac:02010b41cdec/antenna/tag/e2806894000040038661f94f, 88
1652715993.293706, sdrt-health/mac:02010b41cdec/antenna/tag/e2806894000040038662214f, 94
1652715993.329365, sdrt-health/mac:02010b41cdec/antenna/tag/e2806894000040038661f94f, 94
1652715993.363226, sdrt-health/mac:02010b41cdec/antenna/tag/e2806894000050038661fd4f, 91
1652715993.363602, sdrt-health/mac:02010b41cdec/antenna/tag/e2806894000050038662154f, 85
1652715993.37886, sdrt-health/mac:02010b41cdec/antenna/tag/e2806894000040038662114f, 88
1652715993.379098, sdrt-health/mac:02010b41cdec/antenna/tag/e2806894000050038662194f, 81
1652715993.658034, sdrt-health/mac:02010b41cdec/antenna/tag/e2806894000050038661fd4f, 90
1652715993.926453, sdrt-health/mac:02010b41cdec/antenna/tag/e2806894000050038662194f, 81
1652715993.956667, sdrt-health/mac:02010b41cdec/antenna/tag/e2806894000050038661fd4f, 86
1652715993.956917, sdrt-health/mac:02010b41cdec/antenna/tag/e2806894000050038662194f, 83
1652715993.957033, sdrt-health/mac:02010b41cdec/antenna/tag/e28068940000400386621d4f, 96
1652715993.957144, sdrt-health/mac:02010b41cdec/antenna/tag/e2806894000040038662054f, 82
1652715993.957253, sdrt-health/mac:02010b41cdec/antenna/tag/e28068940000400386621d4f, 77
1652715993.957362, sdrt-health/mac:02010b41cdec/antenna/tag/e2806894000040038662114f, 91
1652715993.957471, sdrt-health/mac:02010b41cdec/antenna/tag/e2806894000050038662154f, 85
1652715993.957579, sdrt-health/mac:02010b41cdec/antenna/tag/e28068940000400386621d4f, 77
1652715993.957687, sdrt-health/mac:02010b41cdec/antenna/tag/e2806894000040038662114f, 85
1652715993.993199, sdrt-health/mac:02010b41cdec/antenna/tag/e2806894000050038662154f, 88
1652715994.024439, sdrt-health/mac:02010b41cdec/antenna/tag/e28068940000400386621d4f, 96
1652715994.024837, sdrt-health/mac:02010b41cdec/antenna/tag/e2806894000040038662114f, 88
1652715994.025132, sdrt-health/mac:02010b41cdec/antenna/tag/e2806894000040038662054f, 88
1652715994.025354, sdrt-health/mac:02010b41cdec/antenna/tag/e28068940000400386621d4f, 77
1652715994.02561, sdrt-health/mac:02010b41cdec/antenna/tag/e28068940000400386621d4f, 96
1652715994.025822, sdrt-health/mac:02010b41cdec/antenna/tag/e2806894000050038662154f, 91
1652715994.07474, sdrt-health/mac:02010b41cdec/antenna/tag/e2806894000050038662154f, 88
1652715994.10572, sdrt-health/mac:02010b41cdec/antenna/tag/e28068940000400386621d4f, 96
1652715994.106037, sdrt-health/mac:02010b41cdec/antenna/tag/e2806894000050038662154f, 91
1652715994.136934, sdrt-health/mac:02010b41cdec/antenna/tag/e28068940000400386621d4f, 96
1652715994.167448, sdrt-health/mac:02010b41cdec/antenna/tag/e2806894000040038662114f, 88
1652715994.167763, sdrt-health/mac:02010b41cdec/antenna/tag/e2806894000050038662154f, 91
1652715994.203242, sdrt-health/mac:02010b41cdec/antenna/tag/e28068940000400386621d4f, 96
1652715994.23325, sdrt-health/mac:02010b41cdec/antenna/tag/e2806894000050038662194f, 93
1652715994.233521, sdrt-health/mac:02010b41cdec/antenna/tag/e2806894000050038662154f, 88
1652715994.263136, sdrt-health/mac:02010b41cdec/antenna/tag/e2806894000050038662154f, 91
1652715994.325789, sdrt-health/mac:02010b41cdec/antenna/tag/e2806894000040038662114f, 91
1652715994.326265, sdrt-health/mac:02010b41cdec/antenna/tag/e2806894000040038662114f, 88
1652715994.363378, sdrt-health/mac:02010b41cdec/antenna/tag/e2806894000040038662114f, 88
1652715994.493131, sdrt-health/mac:02010b41cdec/antenna/tag/e2806894000040038662214f, 81
1652715994.493692, sdrt-health/mac:02010b41cdec/antenna/tag/e2806894000050038661fd4f, 83
1652715994.548683, sdrt-health/mac:02010b41cdec/antenna/tag/e2806894000040038661f94f, 81
1652715994.599525, sdrt-health/mac:02010b41cdec/antenna/tag/e2806894000050038661fd4f, 86
1652715994.672426, sdrt-health/mac:02010b41cdec/antenna/tag/e2806894000050038662154f, 91
1652715994.672802, sdrt-health/mac:02010b41cdec/antenna/tag/e28068940000400386621d4f, 96
1652715994.687868, sdrt-health/mac:02010b41cdec/antenna/tag/e2806894000050038661fd4f, 86
1652715994.688369, sdrt-health/mac:02010b41cdec/antenna/tag/e28068940000400386621d4f, 96
1652715994.688578, sdrt-health/mac:02010b41cdec/antenna/tag/e2806894000050038662154f, 88
1652715994.69826, sdrt-health/mac:02010b41cdec/antenna/tag/e28068940000400386621d4f, 96
1652715994.703009, sdrt-health/mac:02010b41cdec/antenna/tag/e2806894000050038662154f, 91
1652715994.748024, sdrt-health/mac:02010b41cdec/antenna/tag/e2806894000050038662194f, 83
1652715994.802586, sdrt-health/mac:02010b41cdec/antenna/tag/e2806894000050038661fd4f, 83
1652715994.803148, sdrt-health/mac:02010b41cdec/antenna/tag/e2806894000040038662114f, 91
1652715994.828789, sdrt-health/mac:02010b41cdec/antenna/tag/e2806894000050038661fd4f, 97
1652715994.893417, sdrt-health/mac:02010b41cdec/antenna/tag/e28068940000400386621d4f, 96
1652715994.894021, sdrt-health/mac:02010b41cdec/antenna/tag/e2806894000040038662114f, 83
1652715994.937554, sdrt-health/mac:02010b41cdec/antenna/tag/e2806894000050038662154f, 85
1652715994.9881, sdrt-health/mac:02010b41cdec/antenna/tag/e2806894000040038661f94f, 84
1652715995.036971, sdrt-health/mac:02010b41cdec/antenna/tag/e2806894000050038662194f, 93
1652715995.037451, sdrt-health/mac:02010b41cdec/antenna/tag/e2806894000050038661fd4f, 83
1652715995.097891, sdrt-health/mac:02010b41cdec/antenna/tag/e2806894000040038661f94f, 88
1652715995.163917, sdrt-health/mac:02010b41cdec/antenna/tag/e2806894000050038661fd4f, 97
1652715995.222717, sdrt-health/mac:02010b41cdec/antenna/tag/e2806894000040038662054f, 81
1652715995.223163, sdrt-health/mac:02010b41cdec/antenna/tag/e2806894000050038661fd4f, 91
1652715995.267517, sdrt-health/mac:02010b41cdec/antenna/tag/e2806894000040038661f94f, 94
1652715995.375904, sdrt-health/mac:02010b41cdec/antenna/tag/e2806894000050038662194f, 93
1652715995.376417, sdrt-health/mac:02010b41cdec/antenna/tag/e2806894000040038662114f, 91
1652715995.45529, sdrt-health/mac:02010b41cdec/antenna/tag/e2806894000050038662154f, 88
1652715995.528213, sdrt-health/mac:02010b41cdec/antenna/tag/e2806894000040038661f94f, 88
1652715995.528502, sdrt-health/mac:02010b41cdec/antenna/tag/e2806894000040038661f94f, 88
1652715995.542484, sdrt-health/mac:02010b41cdec/antenna/tag/e2806894000050038661fd4f, 83
1652715995.589528, sdrt-health/mac:02010b41cdec/antenna/tag/e2806894000040038662114f, 91
1652715995.658381, sdrt-health/mac:02010b41cdec/antenna/tag/e2806894000040038662054f, 81
1652715995.659408, sdrt-health/mac:02010b41cdec/antenna/tag/e28068940000400386621d4f, 90
1652715995.707565, sdrt-health/mac:02010b41cdec/antenna/tag/e2806894000050038662154f, 91
1652715995.83903, sdrt-health/mac:02010b41cdec/antenna/tag/e2806894000050038661fd4f, 86
1652715995.915657, sdrt-health/mac:02010b41cdec/antenna/tag/e2806894000040038662114f, 83
1652715995.950678, sdrt-health/mac:02010b41cdec/antenna/tag/e2806894000050038661fd4f, 86
1652715995.951145, sdrt-health/mac:02010b41cdec/antenna/tag/e2806894000040038662114f, 83
1652715995.951531, sdrt-health/mac:02010b41cdec/antenna/tag/e2806894000040038662114f, 97
1652715995.95185, sdrt-health/mac:02010b41cdec/antenna/tag/e2806894000040038662114f, 91
1652715995.952351, sdrt-health/mac:02010b41cdec/antenna/tag/e2806894000050038662154f, 83
1652715995.952784, sdrt-health/mac:02010b41cdec/antenna/tag/e2806894000040038662054f, 83
1652715995.966526, sdrt-health/mac:02010b41cdec/antenna/tag/e2806894000050038662194f, 81
1652715995.966763, sdrt-health/mac:02010b41cdec/antenna/tag/e2806894000040038662114f, 88
1652715996.007868, sdrt-health/mac:02010b41cdec/antenna/tag/e2806894000050038662154f, 97
1652715996.070448, sdrt-health/mac:02010b41cdec/antenna/tag/e2806894000050038661fd4f, 90
1652715996.070957, sdrt-health/mac:02010b41cdec/antenna/tag/e2806894000050038662154f, 91
1652715996.092265, sdrt-health/mac:02010b41cdec/antenna/tag/e2806894000040038662114f, 86
1652715996.137755, sdrt-health/mac:02010b41cdec/antenna/tag/e2806894000040038662054f, 84
1652715996.16771, sdrt-health/mac:02010b41cdec/antenna/tag/e28068940000400386621d4f, 90
1652715996.168162, sdrt-health/mac:02010b41cdec/antenna/tag/e2806894000040038662114f, 97
1652715996.228329, sdrt-health/mac:02010b41cdec/antenna/tag/e2806894000050038662154f, 87
1652715996.268253, sdrt-health/mac:02010b41cdec/antenna/tag/e2806894000040038662114f, 97
1652715996.321096, sdrt-health/mac:02010b41cdec/antenna/tag/e2806894000050038661fd4f, 86
1652715996.321581, sdrt-health/mac:02010b41cdec/antenna/tag/e2806894000050038661fd4f, 83
1652715996.379049, sdrt-health/mac:02010b41cdec/antenna/tag/e2806894000050038661fd4f, 97
1652715996.426835, sdrt-health/mac:02010b41cdec/antenna/tag/e2806894000050038661fd4f, 83
1652715996.467296, sdrt-health/mac:02010b41cdec/antenna/tag/e28068940000400386621d4f, 96
1652715996.535548, sdrt-health/mac:02010b41cdec/antenna/tag/e2806894000050038662194f, 83
1652715996.536049, sdrt-health/mac:02010b41cdec/antenna/tag/e2806894000050038661fd4f, 86
1652715996.599432, sdrt-health/mac:02010b41cdec/antenna/tag/e2806894000040038662054f, 88
1652715996.600085, sdrt-health/mac:02010b41cdec/antenna/tag/e2806894000050038662154f, 93
1652715996.647299, sdrt-health/mac:02010b41cdec/antenna/tag/e2806894000050038661fd4f, 86
1652715996.711694, sdrt-health/mac:02010b41cdec/antenna/tag/e2806894000050038662194f, 81
1652715996.787467, sdrt-health/mac:02010b41cdec/antenna/tag/e28068940000400386621d4f, 96
1652715996.788028, sdrt-health/mac:02010b41cdec/antenna/tag/e2806894000050038662154f, 85
1652715996.802996, sdrt-health/mac:02010b41cdec/antenna/tag/e2806894000040038662114f, 97
1652715996.829304, sdrt-health/mac:02010b41cdec/antenna/tag/e28068940000400386621d4f, 77
1652715996.862099, sdrt-health/mac:02010b41cdec/antenna/tag/e2806894000040038662114f, 83
1652715996.862319, sdrt-health/mac:02010b41cdec/antenna/tag/e2806894000050038661fd4f, 86
1652715996.862468, sdrt-health/mac:02010b41cdec/antenna/tag/e2806894000050038662194f, 85
1652715996.876808, sdrt-health/mac:02010b41cdec/antenna/tag/e28068940000400386621d4f, 77
1652715996.906554, sdrt-health/mac:02010b41cdec/antenna/tag/e28068940000400386621d4f, 96
1652715996.947958, sdrt-health/mac:02010b41cdec/antenna/tag/e2806894000040038662054f, 94
1652715996.988076, sdrt-health/mac:02010b41cdec/antenna/tag/e2806894000050038661fd4f, 83
1652715997.030871, sdrt-health/mac:02010b41cdec/antenna/tag/e2806894000050038661fd4f, 83
1652715997.099202, sdrt-health/mac:02010b41cdec/antenna/tag/e28068940000400386621d4f, 90
1652715997.099753, sdrt-health/mac:02010b41cdec/antenna/tag/e2806894000050038662194f, 83
1652715997.115447, sdrt-health/mac:02010b41cdec/antenna/tag/e28068940000400386621d4f, 90
1652715997.160933, sdrt-health/mac:02010b41cdec/antenna/tag/e28068940000400386621d4f, 96
1652715997.230749, sdrt-health/mac:02010b41cdec/antenna/tag/e2806894000050038661fd4f, 86
1652715997.231256, sdrt-health/mac:02010b41cdec/antenna/tag/e2806894000050038662154f, 88
1652715997.26703, sdrt-health/mac:02010b41cdec/antenna/tag/e2806894000050038661fd4f, 90
1652715997.321424, sdrt-health/mac:02010b41cdec/antenna/tag/e2806894000050038662194f, 93
1652715997.359814, sdrt-health/mac:02010b41cdec/antenna/tag/e28068940000400386621d4f, 77
1652715997.360093, sdrt-health/mac:02010b41cdec/antenna/tag/e2806894000050038662154f, 88
1652715997.403272, sdrt-health/mac:02010b41cdec/antenna/tag/e2806894000040038662114f, 97
1652715997.463296, sdrt-health/mac:02010b41cdec/antenna/tag/e2806894000050038662194f, 93
1652715997.46376, sdrt-health/mac:02010b41cdec/antenna/tag/e2806894000050038662154f, 88
1652715997.464204, sdrt-health/mac:02010b41cdec/antenna/tag/e2806894000040038662214f, 84
1652715997.464529, sdrt-health/mac:02010b41cdec/antenna/tag/e2806894000050038662194f, 93
1652715997.464856, sdrt-health/mac:02010b41cdec/antenna/tag/e2806894000050038662154f, 85
1652715997.508239, sdrt-health/mac:02010b41cdec/antenna/tag/e2806894000050038662194f, 83
1652715997.576092, sdrt-health/mac:02010b41cdec/antenna/tag/e2806894000050038661fd4f, 90
1652715997.634247, sdrt-health/mac:02010b41cdec/antenna/tag/e28068940000400386621d4f, 77
1652715997.634758, sdrt-health/mac:02010b41cdec/antenna/tag/e2806894000050038661fd4f, 86
1652715997.649298, sdrt-health/mac:02010b41cdec/antenna/tag/e28068940000400386621d4f, 77
1652715997.649832, sdrt-health/mac:02010b41cdec/antenna/tag/e2806894000040038662114f, 91
1652715997.650192, sdrt-health/mac:02010b41cdec/antenna/tag/e2806894000050038661fd4f, 86
1652715997.669181, sdrt-health/mac:02010b41cdec/antenna/tag/e2806894000050038661fd4f, 86
1652715997.719701, sdrt-health/mac:02010b41cdec/antenna/tag/e2806894000050038662154f, 85
1652715997.766291, sdrt-health/mac:02010b41cdec/antenna/tag/e2806894000040038662114f, 91
1652715997.838571, sdrt-health/mac:02010b41cdec/antenna/tag/e2806894000040038662114f, 91
1652715997.839182, sdrt-health/mac:02010b41cdec/antenna/tag/e2806894000040038662114f, 85
1652715997.852906, sdrt-health/mac:02010b41cdec/antenna/tag/e28068940000400386621d4f, 96
1652715997.868426, sdrt-health/mac:02010b41cdec/antenna/tag/e2806894000050038662194f, 83
1652715997.938473, sdrt-health/mac:02010b41cdec/antenna/tag/e28068940000400386621d4f, 96
1652715997.992919, sdrt-health/mac:02010b41cdec/antenna/tag/e28068940000400386621d4f, 96
1652715998.043023, sdrt-health/mac:02010b41cdec/antenna/tag/e2806894000040038662054f, 82
1652715998.087494, sdrt-health/mac:02010b41cdec/antenna/tag/e2806894000040038662054f, 81
1652715998.162638, sdrt-health/mac:02010b41cdec/antenna/tag/e2806894000050038662154f, 91
1652715998.163115, sdrt-health/mac:02010b41cdec/antenna/tag/e2806894000050038662194f, 87
1652715998.178371, sdrt-health/mac:02010b41cdec/antenna/tag/e2806894000040038662114f, 88
1652715998.178917, sdrt-health/mac:02010b41cdec/antenna/tag/e2806894000040038662054f, 88
1652715998.179221, sdrt-health/mac:02010b41cdec/antenna/tag/e2806894000050038661fd4f, 90
1652715998.194932, sdrt-health/mac:02010b41cdec/antenna/tag/e28068940000400386621d4f, 96
1652715998.195163, sdrt-health/mac:02010b41cdec/antenna/tag/e2806894000050038662194f, 81
1652715998.195313, sdrt-health/mac:02010b41cdec/antenna/tag/e2806894000050038662154f, 88
1652715998.238474, sdrt-health/mac:02010b41cdec/antenna/tag/e2806894000040038662114f, 91
1652715998.281307, sdrt-health/mac:02010b41cdec/antenna/tag/e2806894000050038662154f, 88
1652715998.338031, sdrt-health/mac:02010b41cdec/antenna/tag/e2806894000050038662154f, 88
1652715998.40444, sdrt-health/mac:02010b41cdec/antenna/tag/e2806894000040038661f94f, 88
1652715998.604092, sdrt-health/mac:02010b41cdec/antenna/tag/e2806894000040038662114f, 91
1652715998.848793, sdrt-health/mac:02010b41cdec/antenna/tag/e2806894000050038662154f, 91
1652715998.884911, sdrt-health/mac:02010b41cdec/antenna/tag/e2806894000050038662194f, 83
1652715998.885381, sdrt-health/mac:02010b41cdec/antenna/tag/e2806894000050038661fd4f, 86
1652715998.885789, sdrt-health/mac:02010b41cdec/antenna/tag/e2806894000040038662114f, 91
1652715998.88611, sdrt-health/mac:02010b41cdec/antenna/tag/e2806894000050038662154f, 91
1652715998.909602, sdrt-health/mac:02010b41cdec/antenna/tag/e2806894000040038662114f, 97
1652715998.910302, sdrt-health/mac:02010b41cdec/antenna/tag/e2806894000050038662014f, 84
1652715998.924575, sdrt-health/mac:02010b41cdec/antenna/tag/e28068940000400386621d4f, 96
1652715998.924822, sdrt-health/mac:02010b41cdec/antenna/tag/e2806894000050038662154f, 88
1652715998.924948, sdrt-health/mac:02010b41cdec/antenna/tag/e2806894000050038661fd4f, 86
1652715998.925084, sdrt-health/mac:02010b41cdec/antenna/tag/e2806894000050038661fd4f, 83
1652715998.925201, sdrt-health/mac:02010b41cdec/antenna/tag/e2806894000040038661f94f, 88
1652715998.925318, sdrt-health/mac:02010b41cdec/antenna/tag/e2806894000050038662154f, 85
1652715998.925435, sdrt-health/mac:02010b41cdec/antenna/tag/e2806894000040038662114f, 88
1652715999.063022, sdrt-health/mac:02010b41cdec/antenna/tag/e2806894000050038661fd4f, 83
1652715999.234396, sdrt-health/mac:02010b41cdec/antenna/tag/e2806894000050038662194f, 87
1652715999.234924, sdrt-health/mac:02010b41cdec/antenna/tag/e2806894000040038662114f, 88
1652715999.249858, sdrt-health/mac:02010b41cdec/antenna/tag/e28068940000400386621d4f, 96
1652715999.338373, sdrt-health/mac:02010b41cdec/antenna/tag/e2806894000050038662154f, 91
1652715999.374495, sdrt-health/mac:02010b41cdec/antenna/tag/e28068940000400386621d4f, 96
1652715999.374947, sdrt-health/mac:02010b41cdec/antenna/tag/e2806894000040038662114f, 88
1652715999.375208, sdrt-health/mac:02010b41cdec/antenna/tag/e2806894000040038662054f, 81
1652715999.37548, sdrt-health/mac:02010b41cdec/antenna/tag/e2806894000050038661fd4f, 83
1652715999.375764, sdrt-health/mac:02010b41cdec/antenna/tag/e2806894000040038662114f, 88
1652715999.408149, sdrt-health/mac:02010b41cdec/antenna/tag/e2806894000050038661fd4f, 83
1652715999.437177, sdrt-health/mac:02010b41cdec/antenna/tag/e28068940000400386621d4f, 77
1652715999.437494, sdrt-health/mac:02010b41cdec/antenna/tag/e2806894000040038662114f, 91
1652715999.437738, sdrt-health/mac:02010b41cdec/antenna/tag/e2806894000050038662154f, 91
1652715999.437965, sdrt-health/mac:02010b41cdec/antenna/tag/e2806894000050038661fd4f, 90
1652715999.438164, sdrt-health/mac:02010b41cdec/antenna/tag/e28068940000400386621d4f, 77
1652715999.457768, sdrt-health/mac:02010b41cdec/antenna/tag/e2806894000050038662194f, 81
1652715999.53259, sdrt-health/mac:02010b41cdec/antenna/tag/e2806894000050038661fd4f, 90
1652715999.577195, sdrt-health/mac:02010b41cdec/antenna/tag/e2806894000050038662194f, 83
1652715999.631563, sdrt-health/mac:02010b41cdec/antenna/tag/e2806894000040038662114f, 91
1652715999.63252, sdrt-health/mac:02010b41cdec/antenna/tag/e2806894000050038661fd4f, 86
1652715999.697617, sdrt-health/mac:02010b41cdec/antenna/tag/e28068940000400386621d4f, 96
1652715999.69879, sdrt-health/mac:02010b41cdec/antenna/tag/e2806894000050038661fd4f, 86
1652715999.712102, sdrt-health/mac:02010b41cdec/antenna/tag/e2806894000040038662114f, 91
1652715999.755089, sdrt-health/mac:02010b41cdec/antenna/tag/e28068940000500386620d4f, 84
1652715999.814047, sdrt-health/mac:02010b41cdec/antenna/tag/e2806894000050038661fd4f, 86
1652715999.878139, sdrt-health/mac:02010b41cdec/antenna/tag/e2806894000040038662114f, 88
1652715999.878683, sdrt-health/mac:02010b41cdec/antenna/tag/e2806894000050038661fd4f, 83
1652715999.906714, sdrt-health/mac:02010b41cdec/antenna/tag/e2806894000050038662194f, 87
1652715999.935724, sdrt-health/mac:02010b41cdec/antenna/tag/e2806894000040038662114f, 91
1652715999.936238, sdrt-health/mac:02010b41cdec/antenna/tag/e28068940000400386621d4f, 96
1652715999.972826, sdrt-health/mac:02010b41cdec/antenna/tag/e2806894000050038662194f, 88
1652716000.021485, sdrt-health/mac:02010b41cdec/antenna/tag/e2806894000040038661f94f, 83
1652716000.057193, sdrt-health/mac:02010b41cdec/antenna/tag/e2806894000040038662114f, 91
1652716000.120087, sdrt-health/mac:02010b41cdec/antenna/tag/e2806894000040038662214f, 82
1652716000.284211, sdrt-health/mac:02010b41cdec/antenna/tag/e2806894000040038662054f, 84
1652716000.315982, sdrt-health/mac:02010b41cdec/antenna/tag/e2806894000040038661f94f, 83
1652716000.316431, sdrt-health/mac:02010b41cdec/antenna/tag/e2806894000050038662194f, 81
1652716000.329797, sdrt-health/mac:02010b41cdec/antenna/tag/e2806894000040038662114f, 88
1652716000.330048, sdrt-health/mac:02010b41cdec/antenna/tag/e28068940000400386621d4f, 77
1652716000.372795, sdrt-health/mac:02010b41cdec/antenna/tag/e2806894000050038662154f, 85
1652716000.42735, sdrt-health/mac:02010b41cdec/antenna/tag/e2806894000050038662194f, 93
1652716000.468365, sdrt-health/mac:02010b41cdec/antenna/tag/e28068940000400386621d4f, 96
1652716000.522429, sdrt-health/mac:02010b41cdec/antenna/tag/e2806894000050038661fd4f, 86
1652716000.52281, sdrt-health/mac:02010b41cdec/antenna/tag/e2806894000050038661fd4f, 86
1652716000.555923, sdrt-health/mac:02010b41cdec/antenna/tag/e2806894000040038662114f, 91
1652716000.599638, sdrt-health/mac:02010b41cdec/antenna/tag/e2806894000050038662154f, 88
1652716000.781936, sdrt-health/mac:02010b41cdec/antenna/tag/e2806894000050038662194f, 87
1652716000.919666, sdrt-health/mac:02010b41cdec/antenna/tag/e2806894000050038662154f, 88
1652716000.948887, sdrt-health/mac:02010b41cdec/antenna/tag/e2806894000050038662194f, 83
1652716000.949183, sdrt-health/mac:02010b41cdec/antenna/tag/e2806894000050038662154f, 85
1652716000.949423, sdrt-health/mac:02010b41cdec/antenna/tag/e2806894000040038662114f, 83
1652716000.949844, sdrt-health/mac:02010b41cdec/antenna/tag/e2806894000050038661fd4f, 86
1652716000.950269, sdrt-health/mac:02010b41cdec/antenna/tag/e2806894000050038661fd4f, 83
1652716000.950611, sdrt-health/mac:02010b41cdec/antenna/tag/e2806894000050038662194f, 83
1652716000.986375, sdrt-health/mac:02010b41cdec/antenna/tag/e2806894000040038662214f, 81
1652716001.017349, sdrt-health/mac:02010b41cdec/antenna/tag/e2806894000040038662114f, 88
1652716001.017659, sdrt-health/mac:02010b41cdec/antenna/tag/e28068940000400386621d4f, 77
1652716001.017937, sdrt-health/mac:02010b41cdec/antenna/tag/e2806894000050038661fd4f, 83
1652716001.018932, sdrt-health/mac:02010b41cdec/antenna/tag/e2806894000050038662154f, 91
1652716001.019241, sdrt-health/mac:02010b41cdec/antenna/tag/e2806894000040038661f94f, 83
1652716001.019499, sdrt-health/mac:02010b41cdec/antenna/tag/e2806894000040038662114f, 83
1652716001.019794, sdrt-health/mac:02010b41cdec/antenna/tag/e2806894000050038662154f, 88
1652716001.019991, sdrt-health/mac:02010b41cdec/antenna/tag/e2806894000040038661f94f, 88
1652716001.036548, sdrt-health/mac:02010b41cdec/antenna/tag/e2806894000050038661fd4f, 86
1652716001.098705, sdrt-health/mac:02010b41cdec/antenna/tag/e2806894000040038662114f, 88
1652716001.18712, sdrt-health/mac:02010b41cdec/antenna/tag/e2806894000050038662194f, 94
1652716001.187979, sdrt-health/mac:02010b41cdec/antenna/tag/e2806894000040038662114f, 97
1652716001.227536, sdrt-health/mac:02010b41cdec/antenna/tag/e2806894000050038662194f, 85
1652716001.227925, sdrt-health/mac:02010b41cdec/antenna/tag/e2806894000050038662194f, 93
1652716001.228225, sdrt-health/mac:02010b41cdec/antenna/tag/e2806894000040038661f94f, 83
1652716001.285468, sdrt-health/mac:02010b41cdec/antenna/tag/e2806894000050038662194f, 81
1652716001.363338, sdrt-health/mac:02010b41cdec/antenna/tag/e2806894000050038661fd4f, 83
1652716001.455299, sdrt-health/mac:02010b41cdec/antenna/tag/e28068940000500386620d4f, 88
1652716001.455767, sdrt-health/mac:02010b41cdec/antenna/tag/e2806894000040038662054f, 88
1652716001.520889, sdrt-health/mac:02010b41cdec/antenna/tag/e28068940000400386621d4f, 96
1652716001.521977, sdrt-health/mac:02010b41cdec/antenna/tag/e2806894000050038662194f, 81
1652716001.536736, sdrt-health/mac:02010b41cdec/antenna/tag/e2806894000050038662154f, 85
1652716001.537187, sdrt-health/mac:02010b41cdec/antenna/tag/e2806894000040038662054f, 84
1652716001.589272, sdrt-health/mac:02010b41cdec/antenna/tag/e28068940000400386621d4f, 96
1652716001.665991, sdrt-health/mac:02010b41cdec/antenna/tag/e2806894000050038661fd4f, 83
1652716001.744695, sdrt-health/mac:02010b41cdec/antenna/tag/e2806894000040038662114f, 88
1652716001.745206, sdrt-health/mac:02010b41cdec/antenna/tag/e2806894000050038662194f, 81
1652716001.758609, sdrt-health/mac:02010b41cdec/antenna/tag/e2806894000050038661fd4f, 83
1652716001.800886, sdrt-health/mac:02010b41cdec/antenna/tag/e2806894000050038662154f, 85
1652716001.801351, sdrt-health/mac:02010b41cdec/antenna/tag/e2806894000050038662194f, 83
1652716001.814731, sdrt-health/mac:02010b41cdec/antenna/tag/e2806894000040038662214f, 94
1652716001.840063, sdrt-health/mac:02010b41cdec/antenna/tag/e2806894000040038662114f, 88
1652716001.869412, sdrt-health/mac:02010b41cdec/antenna/tag/e28068940000400386621d4f, 96
1652716001.869714, sdrt-health/mac:02010b41cdec/antenna/tag/e2806894000050038662154f, 88
1652716001.900663, sdrt-health/mac:02010b41cdec/antenna/tag/e2806894000050038662154f, 88
1652716001.930283, sdrt-health/mac:02010b41cdec/antenna/tag/e2806894000040038662114f, 88
1652716001.93076, sdrt-health/mac:02010b41cdec/antenna/tag/e28068940000400386621d4f, 77
1652716001.931021, sdrt-health/mac:02010b41cdec/antenna/tag/e2806894000050038662154f, 88
1652716001.986534, sdrt-health/mac:02010b41cdec/antenna/tag/e2806894000040038662214f, 88
1652716002.072356, sdrt-health/mac:02010b41cdec/antenna/tag/e2806894000050038661fd4f, 83
1652716002.173007, sdrt-health/mac:02010b41cdec/antenna/tag/e28068940000400386621d4f, 77
1652716002.17347, sdrt-health/mac:02010b41cdec/antenna/tag/e2806894000050038662194f, 83
1652716002.188355, sdrt-health/mac:02010b41cdec/antenna/tag/e2806894000040038662054f, 83
1652716002.188858, sdrt-health/mac:02010b41cdec/antenna/tag/e28068940000400386621d4f, 90
1652716002.201569, sdrt-health/mac:02010b41cdec/antenna/tag/e2806894000050038661fd4f, 86
1652716002.202576, sdrt-health/mac:02010b41cdec/antenna/tag/e28068940000400386621d4f, 96
1652716002.260399, sdrt-health/mac:02010b41cdec/antenna/tag/e2806894000050038662194f, 83
1652716002.297268, sdrt-health/mac:02010b41cdec/antenna/tag/e2806894000050038662154f, 85
1652716002.297679, sdrt-health/mac:02010b41cdec/antenna/tag/e28068940000400386621d4f, 90
1652716002.318521, sdrt-health/mac:02010b41cdec/antenna/tag/e2806894000050038661fd4f, 86
1652716002.31901, sdrt-health/mac:02010b41cdec/antenna/tag/e2806894000050038662154f, 88
1652716002.344987, sdrt-health/mac:02010b41cdec/antenna/tag/e2806894000050038662194f, 83
1652716002.388289, sdrt-health/mac:02010b41cdec/antenna/tag/e2806894000050038662194f, 83
1652716002.458901, sdrt-health/mac:02010b41cdec/antenna/tag/e2806894000040038662054f, 82
1652716002.459351, sdrt-health/mac:02010b41cdec/antenna/tag/e28068940000400386621d4f, 77
1652716002.474796, sdrt-health/mac:02010b41cdec/antenna/tag/e2806894000050038662154f, 85
1652716002.527248, sdrt-health/mac:02010b41cdec/antenna/tag/e2806894000050038662154f, 97
1652716002.611675, sdrt-health/mac:02010b41cdec/antenna/tag/e2806894000040038662054f, 84
1652716002.646533, sdrt-health/mac:02010b41cdec/antenna/tag/e2806894000050038662154f, 91
1652716002.646975, sdrt-health/mac:02010b41cdec/antenna/tag/e2806894000050038662194f, 87
1652716002.698642, sdrt-health/mac:02010b41cdec/antenna/tag/e2806894000040038662054f, 94
1652716002.699676, sdrt-health/mac:02010b41cdec/antenna/tag/e2806894000040038662114f, 91
1652716002.847918, sdrt-health/mac:02010b41cdec/antenna/tag/e2806894000050038661fd4f, 83
1652716002.928666, sdrt-health/mac:02010b41cdec/antenna/tag/e28068940000400386621d4f, 96
1652716002.957923, sdrt-health/mac:02010b41cdec/antenna/tag/e2806894000050038661fd4f, 97
1652716002.958169, sdrt-health/mac:02010b41cdec/antenna/tag/e2806894000050038661fd4f, 97
1652716002.958347, sdrt-health/mac:02010b41cdec/antenna/tag/e2806894000040038662114f, 88
1652716002.958502, sdrt-health/mac:02010b41cdec/antenna/tag/e2806894000050038662154f, 88
1652716002.976827, sdrt-health/mac:02010b41cdec/antenna/tag/e2806894000050038662194f, 83
1652716003.015907, sdrt-health/mac:02010b41cdec/antenna/tag/e28068940000500386620d4f, 81
1652716003.016337, sdrt-health/mac:02010b41cdec/antenna/tag/e2806894000050038662194f, 93
1652716003.035699, sdrt-health/mac:02010b41cdec/antenna/tag/e2806894000050038662194f, 87
1652716003.064574, sdrt-health/mac:02010b41cdec/antenna/tag/e2806894000040038662114f, 88
1652716003.064991, sdrt-health/mac:02010b41cdec/antenna/tag/e2806894000050038662154f, 88
1652716003.107251, sdrt-health/mac:02010b41cdec/antenna/tag/e2806894000040038662114f, 88
1652716003.160144, sdrt-health/mac:02010b41cdec/antenna/tag/e2806894000050038662194f, 81
1652716003.188467, sdrt-health/mac:02010b41cdec/antenna/tag/e2806894000050038661fd4f, 86
1652716003.188746, sdrt-health/mac:02010b41cdec/antenna/tag/e2806894000040038662114f, 91
1652716003.252816, sdrt-health/mac:02010b41cdec/antenna/tag/e2806894000050038662154f, 88
1652716003.282671, sdrt-health/mac:02010b41cdec/antenna/tag/e28068940000400386621d4f, 96
1652716003.283252, sdrt-health/mac:02010b41cdec/antenna/tag/e2806894000050038662154f, 97
1652716003.283675, sdrt-health/mac:02010b41cdec/antenna/tag/e2806894000040038662114f, 88
1652716003.324168, sdrt-health/mac:02010b41cdec/antenna/tag/e2806894000040038661f94f, 81
1652716003.354047, sdrt-health/mac:02010b41cdec/antenna/tag/e28068940000500386620d4f, 88
1652716003.354341, sdrt-health/mac:02010b41cdec/antenna/tag/e2806894000040038662114f, 88
1652716003.376187, sdrt-health/mac:02010b41cdec/antenna/tag/e28068940000400386621d4f, 77
1652716003.472178, sdrt-health/mac:02010b41cdec/antenna/tag/e2806894000040038662114f, 91
1652716003.472735, sdrt-health/mac:02010b41cdec/antenna/tag/e2806894000050038662194f, 87
1652716003.473135, sdrt-health/mac:02010b41cdec/antenna/tag/e28068940000400386621d4f, 90
1652716003.511551, sdrt-health/mac:02010b41cdec/antenna/tag/e28068940000400386621d4f, 96
1652716003.543006, sdrt-health/mac:02010b41cdec/antenna/tag/e2806894000050038662154f, 91
1652716003.543295, sdrt-health/mac:02010b41cdec/antenna/tag/e28068940000400386621d4f, 77
1652716003.543515, sdrt-health/mac:02010b41cdec/antenna/tag/e2806894000050038661fd4f, 90
1652716003.587264, sdrt-health/mac:02010b41cdec/antenna/tag/e2806894000050038661fd4f, 90
1652716003.662889, sdrt-health/mac:02010b41cdec/antenna/tag/e2806894000050038662194f, 85
1652716003.664273, sdrt-health/mac:02010b41cdec/antenna/tag/e2806894000050038661fd4f, 83
1652716003.698584, sdrt-health/mac:02010b41cdec/antenna/tag/e2806894000040038662114f, 91
1652716003.738418, sdrt-health/mac:02010b41cdec/antenna/tag/e2806894000050038662194f, 81
1652716003.800559, sdrt-health/mac:02010b41cdec/antenna/tag/e2806894000040038662114f, 88
1652716003.801151, sdrt-health/mac:02010b41cdec/antenna/tag/e2806894000040038662114f, 91
1652716003.828172, sdrt-health/mac:02010b41cdec/antenna/tag/e2806894000040038662114f, 88
1652716003.895849, sdrt-health/mac:02010b41cdec/antenna/tag/e2806894000050038661fd4f, 86
1652716003.896322, sdrt-health/mac:02010b41cdec/antenna/tag/e2806894000040038662214f, 84
1652716003.968365, sdrt-health/mac:02010b41cdec/antenna/tag/e2806894000050038662194f, 87
1652716004.061881, sdrt-health/mac:02010b41cdec/antenna/tag/e2806894000040038662114f, 88
1652716004.062268, sdrt-health/mac:02010b41cdec/antenna/tag/e2806894000050038661fd4f, 83
1652716004.096649, sdrt-health/mac:02010b41cdec/antenna/tag/e2806894000040038661f94f, 94
1652716004.126462, sdrt-health/mac:02010b41cdec/antenna/tag/e2806894000040038662114f, 88
1652716004.126784, sdrt-health/mac:02010b41cdec/antenna/tag/e2806894000050038662154f, 91
1652716004.126937, sdrt-health/mac:02010b41cdec/antenna/tag/e2806894000050038661fd4f, 86
1652716004.127048, sdrt-health/mac:02010b41cdec/antenna/tag/e2806894000050038662194f, 81
1652716004.169057, sdrt-health/mac:02010b41cdec/antenna/tag/e2806894000050038661fd4f, 90
1652716004.221259, sdrt-health/mac:02010b41cdec/antenna/tag/e2806894000050038661fd4f, 83
1652716004.251454, sdrt-health/mac:02010b41cdec/antenna/tag/e2806894000050038661fd4f, 83
1652716004.251673, sdrt-health/mac:02010b41cdec/antenna/tag/e2806894000050038662194f, 83
1652716004.283371, sdrt-health/mac:02010b41cdec/antenna/tag/e28068940000400386621d4f, 96
1652716004.355179, sdrt-health/mac:02010b41cdec/antenna/tag/e2806894000050038661fd4f, 86
1652716004.355454, sdrt-health/mac:02010b41cdec/antenna/tag/e2806894000050038661fd4f, 86
1652716004.370327, sdrt-health/mac:02010b41cdec/antenna/tag/e2806894000050038662194f, 83
1652716004.462759, sdrt-health/mac:02010b41cdec/antenna/tag/e2806894000050038662154f, 88
1652716004.46333, sdrt-health/mac:02010b41cdec/antenna/tag/e28068940000400386621d4f, 96
1652716004.519546, sdrt-health/mac:02010b41cdec/antenna/tag/e2806894000050038662154f, 91
1652716004.54848, sdrt-health/mac:02010b41cdec/antenna/tag/e2806894000040038662054f, 94
1652716004.548975, sdrt-health/mac:02010b41cdec/antenna/tag/e2806894000040038661f94f, 94
1652716004.549275, sdrt-health/mac:02010b41cdec/antenna/tag/e2806894000040038662054f, 81
1652716004.575025, sdrt-health/mac:02010b41cdec/antenna/tag/e2806894000050038661fd4f, 90
1652716004.618567, sdrt-health/mac:02010b41cdec/antenna/tag/e2806894000040038662114f, 88
1652716004.724866, sdrt-health/mac:02010b41cdec/antenna/tag/e2806894000040038662114f, 91
1652716004.725352, sdrt-health/mac:02010b41cdec/antenna/tag/e28068940000400386621d4f, 96
1652716004.760353, sdrt-health/mac:02010b41cdec/antenna/tag/e2806894000050038661fd4f, 86
1652716004.790202, sdrt-health/mac:02010b41cdec/antenna/tag/e2806894000050038662154f, 88
1652716004.79046, sdrt-health/mac:02010b41cdec/antenna/tag/e2806894000050038662194f, 81
1652716004.790707, sdrt-health/mac:02010b41cdec/antenna/tag/e2806894000040038662114f, 88
1652716004.814142, sdrt-health/mac:02010b41cdec/antenna/tag/e28068940000400386621d4f, 96
1652716004.897103, sdrt-health/mac:02010b41cdec/antenna/tag/e28068940000400386621d4f, 77
1652716004.89756, sdrt-health/mac:02010b41cdec/antenna/tag/e2806894000040038661f94f, 83
1652716004.91154, sdrt-health/mac:02010b41cdec/antenna/tag/e2806894000040038662114f, 88
1652716004.911903, sdrt-health/mac:02010b41cdec/antenna/tag/e2806894000050038662194f, 84
1652716005.148013, sdrt-health/mac:02010b41cdec/antenna/tag/e2806894000040038661f94f, 83
1652716005.199979, sdrt-health/mac:02010b41cdec/antenna/tag/e28068940000400386621d4f, 96
1652716005.228919, sdrt-health/mac:02010b41cdec/antenna/tag/e2806894000050038661fd4f, 90
1652716005.2294, sdrt-health/mac:02010b41cdec/antenna/tag/e2806894000040038661f94f, 81
1652716005.229804, sdrt-health/mac:02010b41cdec/antenna/tag/e2806894000050038662194f, 87
1652716005.230125, sdrt-health/mac:02010b41cdec/antenna/tag/e2806894000050038661fd4f, 86
1652716005.230443, sdrt-health/mac:02010b41cdec/antenna/tag/e2806894000050038662194f, 87
1652716005.230795, sdrt-health/mac:02010b41cdec/antenna/tag/e2806894000040038662054f, 94
1652716005.231112, sdrt-health/mac:02010b41cdec/antenna/tag/e2806894000050038662154f, 88
1652716005.231622, sdrt-health/mac:02010b41cdec/antenna/tag/e2806894000050038662154f, 88
1652716005.276556, sdrt-health/mac:02010b41cdec/antenna/tag/e28068940000400386621d4f, 96
1652716005.304105, sdrt-health/mac:02010b41cdec/antenna/tag/e2806894000050038661fd4f, 86
1652716005.304309, sdrt-health/mac:02010b41cdec/antenna/tag/e2806894000050038662194f, 93
1652716005.322443, sdrt-health/mac:02010b41cdec/antenna/tag/e2806894000050038662154f, 91
1652716005.375133, sdrt-health/mac:02010b41cdec/antenna/tag/e28068940000500386620d4f, 88
1652716005.439164, sdrt-health/mac:02010b41cdec/antenna/tag/e28068940000500386620d4f, 94
1652716005.439754, sdrt-health/mac:02010b41cdec/antenna/tag/e2806894000050038662154f, 85
1652716005.454317, sdrt-health/mac:02010b41cdec/antenna/tag/e2806894000040038662114f, 88
1652716005.454629, sdrt-health/mac:02010b41cdec/antenna/tag/e2806894000040038662214f, 81
1652716005.461042, sdrt-health/mac:02010b41cdec/antenna/tag/e28068940000400386621d4f, 96
1652716005.50587, sdrt-health/mac:02010b41cdec/antenna/tag/e2806894000050038661fd4f, 86
1652716005.56213, sdrt-health/mac:02010b41cdec/antenna/tag/e2806894000050038662154f, 91
1652716005.60305, sdrt-health/mac:02010b41cdec/antenna/tag/e2806894000050038662194f, 87
1652716005.603419, sdrt-health/mac:02010b41cdec/antenna/tag/e2806894000040038662114f, 88
1652716005.618893, sdrt-health/mac:02010b41cdec/antenna/tag/e2806894000040038662114f, 91
1652716005.619133, sdrt-health/mac:02010b41cdec/antenna/tag/e28068940000400386621d4f, 96
1652716005.748338, sdrt-health/mac:02010b41cdec/antenna/tag/e2806894000050038661fd4f, 86
1652716005.805902, sdrt-health/mac:02010b41cdec/antenna/tag/e2806894000040038662214f, 84
1652716005.806244, sdrt-health/mac:02010b41cdec/antenna/tag/e2806894000050038662194f, 83
1652716005.827626, sdrt-health/mac:02010b41cdec/antenna/tag/e2806894000050038662194f, 94
1652716005.827848, sdrt-health/mac:02010b41cdec/antenna/tag/e2806894000040038662214f, 81
1652716005.827999, sdrt-health/mac:02010b41cdec/antenna/tag/e2806894000040038662214f, 81
1652716005.865819, sdrt-health/mac:02010b41cdec/antenna/tag/e2806894000040038662114f, 88
1652716005.91589, sdrt-health/mac:02010b41cdec/antenna/tag/e2806894000050038662194f, 87
1652716005.972548, sdrt-health/mac:02010b41cdec/antenna/tag/e2806894000050038662194f, 87
1652716006.122198, sdrt-health/mac:02010b41cdec/antenna/tag/e2806894000050038661fd4f, 86
1652716006.122728, sdrt-health/mac:02010b41cdec/antenna/tag/e2806894000050038661fd4f, 96
1652716006.141051, sdrt-health/mac:02010b41cdec/antenna/tag/e2806894000050038661fd4f, 90
1652716006.458095, sdrt-health/mac:02010b41cdec/antenna/tag/e2806894000050038662194f, 88
1652716006.488482, sdrt-health/mac:02010b41cdec/antenna/tag/e2806894000040038662054f, 81
1652716006.488882, sdrt-health/mac:02010b41cdec/antenna/tag/e2806894000050038662194f, 81
1652716006.489128, sdrt-health/mac:02010b41cdec/antenna/tag/e2806894000040038661f94f, 94
1652716006.613412, sdrt-health/mac:02010b41cdec/antenna/tag/e2806894000050038662014f, 94
1652716006.644517, sdrt-health/mac:02010b41cdec/antenna/tag/e2806894000050038661fd4f, 90
1652716006.644936, sdrt-health/mac:02010b41cdec/antenna/tag/e2806894000040038662114f, 91
1652716006.645261, sdrt-health/mac:02010b41cdec/antenna/tag/e2806894000040038661f94f, 88
1652716006.645661, sdrt-health/mac:02010b41cdec/antenna/tag/e28068940000500386620d4f, 82
1652716006.646082, sdrt-health/mac:02010b41cdec/antenna/tag/e28068940000500386620d4f, 82
1652716006.64641, sdrt-health/mac:02010b41cdec/antenna/tag/e2806894000050038661fd4f, 83
1652716006.680899, sdrt-health/mac:02010b41cdec/antenna/tag/e28068940000400386621d4f, 96
1652716006.711987, sdrt-health/mac:02010b41cdec/antenna/tag/e2806894000050038662194f, 83
1652716006.712325, sdrt-health/mac:02010b41cdec/antenna/tag/e28068940000400386621d4f, 96
1652716006.712638, sdrt-health/mac:02010b41cdec/antenna/tag/e2806894000050038662154f, 91
1652716006.712861, sdrt-health/mac:02010b41cdec/antenna/tag/e2806894000050038661fd4f, 86
1652716006.713077, sdrt-health/mac:02010b41cdec/antenna/tag/e2806894000040038662114f, 91
1652716006.713293, sdrt-health/mac:02010b41cdec/antenna/tag/e2806894000050038662194f, 81
1652716006.713529, sdrt-health/mac:02010b41cdec/antenna/tag/e2806894000040038662054f, 94
1652716006.713744, sdrt-health/mac:02010b41cdec/antenna/tag/e2806894000040038661f94f, 83
1652716006.727483, sdrt-health/mac:02010b41cdec/antenna/tag/e28068940000400386621d4f, 77
1652716006.727682, sdrt-health/mac:02010b41cdec/antenna/tag/e2806894000050038661fd4f, 83
1652716006.797683, sdrt-health/mac:02010b41cdec/antenna/tag/e2806894000040038662214f, 81
1652716006.857627, sdrt-health/mac:02010b41cdec/antenna/tag/e2806894000040038662214f, 94
1652716006.912423, sdrt-health/mac:02010b41cdec/antenna/tag/e2806894000050038662194f, 83
1652716006.912886, sdrt-health/mac:02010b41cdec/antenna/tag/e28068940000400386621d4f, 77
1652716006.927897, sdrt-health/mac:02010b41cdec/antenna/tag/e2806894000040038662114f, 88
1652716006.979001, sdrt-health/mac:02010b41cdec/antenna/tag/e2806894000050038662154f, 91
1652716007.043403, sdrt-health/mac:02010b41cdec/antenna/tag/e2806894000050038661fd4f, 86
1652716007.043953, sdrt-health/mac:02010b41cdec/antenna/tag/e2806894000040038662114f, 91
1652716007.067227, sdrt-health/mac:02010b41cdec/antenna/tag/e2806894000050038662154f, 91
1652716007.137076, sdrt-health/mac:02010b41cdec/antenna/tag/e2806894000040038662114f, 91
1652716007.375291, sdrt-health/mac:02010b41cdec/antenna/tag/e2806894000050038661fd4f, 86
1652716007.382868, sdrt-health/mac:02010b41cdec/antenna/tag/e2806894000050038661fd4f, 86
1652716007.458649, sdrt-health/mac:02010b41cdec/antenna/tag/e28068940000400386621d4f, 96
1652716007.459105, sdrt-health/mac:02010b41cdec/antenna/tag/e2806894000050038662194f, 81
1652716007.473953, sdrt-health/mac:02010b41cdec/antenna/tag/e2806894000050038661fd4f, 97
1652716007.474438, sdrt-health/mac:02010b41cdec/antenna/tag/e2806894000050038662194f, 81
1652716007.474781, sdrt-health/mac:02010b41cdec/antenna/tag/e2806894000050038661fd4f, 83
1652716007.475152, sdrt-health/mac:02010b41cdec/antenna/tag/e2806894000050038662194f, 93
1652716007.47547, sdrt-health/mac:02010b41cdec/antenna/tag/e2806894000050038662154f, 91
1652716007.579127, sdrt-health/mac:02010b41cdec/antenna/tag/e2806894000050038662194f, 87
1652716007.611087, sdrt-health/mac:02010b41cdec/antenna/tag/e28068940000400386621d4f, 96
1652716007.611652, sdrt-health/mac:02010b41cdec/antenna/tag/e2806894000050038661fd4f, 86
1652716007.724227, sdrt-health/mac:02010b41cdec/antenna/tag/e2806894000040038662054f, 88
1652716007.751851, sdrt-health/mac:02010b41cdec/antenna/tag/e2806894000040038662114f, 91
1652716007.752504, sdrt-health/mac:02010b41cdec/antenna/tag/e28068940000400386621d4f, 96
1652716007.752831, sdrt-health/mac:02010b41cdec/antenna/tag/e2806894000040038661f94f, 88
1652716007.753124, sdrt-health/mac:02010b41cdec/antenna/tag/e2806894000040038661f94f, 88
1652716007.813351, sdrt-health/mac:02010b41cdec/antenna/tag/e2806894000050038662194f, 87
1652716007.841853, sdrt-health/mac:02010b41cdec/antenna/tag/e2806894000040038661f94f, 82
1652716007.842121, sdrt-health/mac:02010b41cdec/antenna/tag/e2806894000040038662114f, 88
1652716007.842349, sdrt-health/mac:02010b41cdec/antenna/tag/e2806894000050038662194f, 87
1652716007.842626, sdrt-health/mac:02010b41cdec/antenna/tag/e2806894000050038662194f, 87
1652716007.842836, sdrt-health/mac:02010b41cdec/antenna/tag/e28068940000400386621d4f, 96
1652716007.882558, sdrt-health/mac:02010b41cdec/antenna/tag/e2806894000050038661fd4f, 97
1652716007.910852, sdrt-health/mac:02010b41cdec/antenna/tag/e2806894000050038662194f, 83
1652716007.911116, sdrt-health/mac:02010b41cdec/antenna/tag/e28068940000400386621d4f, 96
1652716007.940283, sdrt-health/mac:02010b41cdec/antenna/tag/e2806894000050038661fd4f, 83
1652716008.013596, sdrt-health/mac:02010b41cdec/antenna/tag/e2806894000050038662194f, 93
1652716008.01418, sdrt-health/mac:02010b41cdec/antenna/tag/e2806894000040038662214f, 88
1652716008.030088, sdrt-health/mac:02010b41cdec/antenna/tag/e28068940000400386621d4f, 77
1652716008.030536, sdrt-health/mac:02010b41cdec/antenna/tag/e2806894000040038662054f, 88
1652716008.064556, sdrt-health/mac:02010b41cdec/antenna/tag/e2806894000050038661fd4f, 83
1652716008.107001, sdrt-health/mac:02010b41cdec/antenna/tag/e2806894000050038662154f, 85
1652716008.208587, sdrt-health/mac:02010b41cdec/antenna/tag/e2806894000050038662154f, 85
1652716008.209073, sdrt-health/mac:02010b41cdec/antenna/tag/e2806894000040038662214f, 88
1652716008.418973, sdrt-health/mac:02010b41cdec/antenna/tag/e2806894000050038661fd4f, 83
1652716008.451192, sdrt-health/mac:02010b41cdec/antenna/tag/e2806894000040038662114f, 85
1652716008.451711, sdrt-health/mac:02010b41cdec/antenna/tag/e2806894000050038662194f, 83
1652716008.485673, sdrt-health/mac:02010b41cdec/antenna/tag/e2806894000050038662154f, 85
1652716008.519276, sdrt-health/mac:02010b41cdec/antenna/tag/e2806894000040038661f94f, 84
1652716008.519699, sdrt-health/mac:02010b41cdec/antenna/tag/e2806894000040038662114f, 88
1652716008.520099, sdrt-health/mac:02010b41cdec/antenna/tag/e28068940000400386621d4f, 96
1652716008.520534, sdrt-health/mac:02010b41cdec/antenna/tag/e28068940000400386621d4f, 77
1652716008.52081, sdrt-health/mac:02010b41cdec/antenna/tag/e2806894000050038661fd4f, 86
1652716008.521105, sdrt-health/mac:02010b41cdec/antenna/tag/e2806894000050038662194f, 83
1652716008.521307, sdrt-health/mac:02010b41cdec/antenna/tag/e2806894000050038662154f, 85
1652716008.537142, sdrt-health/mac:02010b41cdec/antenna/tag/e2806894000050038662194f, 81
1652716008.605299, sdrt-health/mac:02010b41cdec/antenna/tag/e2806894000050038662194f, 83
1652716008.605765, sdrt-health/mac:02010b41cdec/antenna/tag/e2806894000050038662154f, 85
1652716008.621206, sdrt-health/mac:02010b41cdec/antenna/tag/e2806894000050038662194f, 81
1652716008.840078, sdrt-health/mac:02010b41cdec/antenna/tag/scan, scan stopped
