1652716060.079105, sdrt-health/mac:02010b41cdec/antenna/power/set, {"power": 300}
1652716061.251263, sdrt-health/mac:02010b41cdec/antenna/power/set, 
1652716065.101309, sdrt-health/mac:02010b41cdec/antenna/tag/scan, {"time": 20000}
1652716065.465033, sdrt-health/mac:02010b41cdec/antenna/tag/e2806894000040038662114f, 88
1652716065.531195, sdrt-health/mac:02010b41cdec/antenna/tag/e2806894000050038661fd4f, 90
1652716065.611091, sdrt-health/mac:02010b41cdec/antenna/tag/e28068940000400386621d4f, 96
1652716065.705564, sdrt-health/mac:02010b41cdec/antenna/tag/e2806894000050038661fd4f, 90
1652716065.706117, sdrt-health/mac:02010b41cdec/antenna/tag/e2806894000050038662154f, 91
1652716065.72052, sdrt-health/mac:02010b41cdec/antenna/tag/e28068940000400386621d4f, 77
1652716065.720754, sdrt-health/mac:02010b41cdec/antenna/tag/e2806894000040038662114f, 88
1652716065.756561, sdrt-health/mac:02010b41cdec/antenna/tag/e2806894000050038662194f, 85
1652716065.833337, sdrt-health/mac:02010b41cdec/antenna/tag/e2806894000050038661fd4f, 86
1652716065.833893, sdrt-health/mac:02010b41cdec/antenna/tag/e2806894000040038662114f, 88
1652716065.858657, sdrt-health/mac:02010b41cdec/antenna/tag/e2806894000050038662194f, 81
1652716065.909217, sdrt-health/mac:02010b41cdec/antenna/tag/e2806894000040038661f94f, 88
1652716065.976813, sdrt-health/mac:02010b41cdec/antenna/tag/e2806894000050038662194f, 83
1652716065.977335, sdrt-health/mac:02010b41cdec/antenna/tag/e2806894000040038662114f, 91
1652716066.008802, sdrt-health/mac:02010b41cdec/antenna/tag/e28068940000400386621d4f, 96
1652716066.083109, sdrt-health/mac:02010b41cdec/antenna/tag/e28068940000400386621d4f, 96
1652716066.083633, sdrt-health/mac:02010b41cdec/antenna/tag/e2806894000050038662154f, 91
1652716066.107824, sdrt-health/mac:02010b41cdec/antenna/tag/e2806894000050038662194f, 81
1652716066.171089, sdrt-health/mac:02010b41cdec/antenna/tag/e2806894000050038661fd4f, 90
1652716066.171558, sdrt-health/mac:02010b41cdec/antenna/tag/e28068940000400386621d4f, 96
1652716066.215735, sdrt-health/mac:02010b41cdec/antenna/tag/e2806894000050038662154f, 91
1652716066.279443, sdrt-health/mac:02010b41cdec/antenna/tag/e2806894000050038662194f, 94
1652716066.326125, sdrt-health/mac:02010b41cdec/antenna/tag/e2806894000040038662214f, 83
1652716066.387577, sdrt-health/mac:02010b41cdec/antenna/tag/e2806894000040038661f94f, 81
1652716066.420349, sdrt-health/mac:02010b41cdec/antenna/tag/e2806894000050038662194f, 88
1652716066.42134, sdrt-health/mac:02010b41cdec/antenna/tag/e28068940000400386621d4f, 77
1652716066.444461, sdrt-health/mac:02010b41cdec/antenna/tag/e2806894000050038662194f, 81
1652716066.503095, sdrt-health/mac:02010b41cdec/antenna/tag/e2806894000040038661f94f, 94
1652716066.532495, sdrt-health/mac:02010b41cdec/antenna/tag/e2806894000040038662114f, 91
1652716066.533065, sdrt-health/mac:02010b41cdec/antenna/tag/e2806894000040038661f94f, 83
1652716066.553865, sdrt-health/mac:02010b41cdec/antenna/tag/e2806894000040038662054f, 81
1652716066.58255, sdrt-health/mac:02010b41cdec/antenna/tag/e2806894000050038661fd4f, 86
1652716066.583088, sdrt-health/mac:02010b41cdec/antenna/tag/e2806894000040038662114f, 97
1652716066.599767, sdrt-health/mac:02010b41cdec/antenna/tag/e2806894000050038661fd4f, 86
1652716066.691081, sdrt-health/mac:02010b41cdec/antenna/tag/e28068940000400386621d4f, 96
1652716066.78788, sdrt-health/mac:02010b41cdec/antenna/tag/e2806894000050038662194f, 87
1652716066.78838, sdrt-health/mac:02010b41cdec/antenna/tag/e2806894000040038662054f, 94
1652716066.803425, sdrt-health/mac:02010b41cdec/antenna/tag/e2806894000040038662054f, 81
1652716066.803951, sdrt-health/mac:02010b41cdec/antenna/tag/e2806894000050038661fd4f, 86
1652716066.804622, sdrt-health/mac:02010b41cdec/antenna/tag/e28068940000400386621d4f, 96
1652716066.805069, sdrt-health/mac:02010b41cdec/antenna/tag/e2806894000050038661fd4f, 86
1652716066.839863, sdrt-health/mac:02010b41cdec/antenna/tag/e2806894000040038661f94f, 94
1652716066.887328, sdrt-health/mac:02010b41cdec/antenna/tag/e2806894000050038662154f, 85
1652716066.91791, sdrt-health/mac:02010b41cdec/antenna/tag/e2806894000040038661f94f, 88
1652716066.918529, sdrt-health/mac:02010b41cdec/antenna/tag/e2806894000040038661f94f, 94
1652716066.98768, sdrt-health/mac:02010b41cdec/antenna/tag/e2806894000050038662194f, 87
1652716067.043981, sdrt-health/mac:02010b41cdec/antenna/tag/e2806894000050038662154f, 91
1652716067.044457, sdrt-health/mac:02010b41cdec/antenna/tag/e2806894000050038661fd4f, 86
1652716067.058964, sdrt-health/mac:02010b41cdec/antenna/tag/e28068940000400386621d4f, 96
1652716067.059581, sdrt-health/mac:02010b41cdec/antenna/tag/e2806894000050038662194f, 87
1652716067.087675, sdrt-health/mac:02010b41cdec/antenna/tag/e2806894000050038662194f, 83
1652716067.138675, sdrt-health/mac:02010b41cdec/antenna/tag/e28068940000400386621d4f, 77
1652716067.168716, sdrt-health/mac:02010b41cdec/antenna/tag/e28068940000400386621d4f, 96
1652716067.169191, sdrt-health/mac:02010b41cdec/antenna/tag/e2806894000050038662154f, 91
1652716067.18394, sdrt-health/mac:02010b41cdec/antenna/tag/e2806894000050038662154f, 88
1652716067.257986, sdrt-health/mac:02010b41cdec/antenna/tag/e2806894000050038661fd4f, 83
1652716067.336002, sdrt-health/mac:02010b41cdec/antenna/tag/e2806894000050038662154f, 91
1652716067.378032, sdrt-health/mac:02010b41cdec/antenna/tag/e2806894000050038661fd4f, 90
1652716067.410911, sdrt-health/mac:02010b41cdec/antenna/tag/e2806894000050038662194f, 87
1652716067.411248, sdrt-health/mac:02010b41cdec/antenna/tag/e28068940000400386621d4f, 96
1652716067.455469, sdrt-health/mac:02010b41cdec/antenna/tag/e2806894000050038662194f, 87
1652716067.563287, sdrt-health/mac:02010b41cdec/antenna/tag/e2806894000040038661f94f, 94
1652716067.592632, sdrt-health/mac:02010b41cdec/antenna/tag/e2806894000050038662194f, 81
1652716067.592968, sdrt-health/mac:02010b41cdec/antenna/tag/e2806894000040038661f94f, 94
1652716067.593183, sdrt-health/mac:02010b41cdec/antenna/tag/e2806894000050038661fd4f, 86
1652716067.729952, sdrt-health/mac:02010b41cdec/antenna/tag/e2806894000050038662154f, 91
1652716067.826304, sdrt-health/mac:02010b41cdec/antenna/tag/e2806894000040038661f94f, 81
1652716067.855391, sdrt-health/mac:02010b41cdec/antenna/tag/e28068940000400386621d4f, 96
1652716067.855744, sdrt-health/mac:02010b41cdec/antenna/tag/e28068940000400386621d4f, 77
1652716067.856031, sdrt-health/mac:02010b41cdec/antenna/tag/e2806894000040038662054f, 84
1652716067.888143, sdrt-health/mac:02010b41cdec/antenna/tag/e2806894000040038662114f, 91
1652716067.888771, sdrt-health/mac:02010b41cdec/antenna/tag/e2806894000050038662154f, 91
1652716067.902227, sdrt-health/mac:02010b41cdec/antenna/tag/e2806894000040038662114f, 91
1652716067.902615, sdrt-health/mac:02010b41cdec/antenna/tag/e2806894000050038661fd4f, 90
1652716067.942231, sdrt-health/mac:02010b41cdec/antenna/tag/e2806894000040038661f94f, 84
1652716067.974403, sdrt-health/mac:02010b41cdec/antenna/tag/e2806894000050038662194f, 81
1652716067.974705, sdrt-health/mac:02010b41cdec/antenna/tag/e2806894000050038662154f, 88
1652716068.03947, sdrt-health/mac:02010b41cdec/antenna/tag/e2806894000050038662194f, 87
1652716068.097392, sdrt-health/mac:02010b41cdec/antenna/tag/e2806894000040038661f94f, 88
1652716068.153981, sdrt-health/mac:02010b41cdec/antenna/tag/e2806894000040038661f94f, 84
1652716068.154442, sdrt-health/mac:02010b41cdec/antenna/tag/e2806894000050038661fd4f, 83
1652716068.169374, sdrt-health/mac:02010b41cdec/antenna/tag/e2806894000050038662194f, 83
1652716068.217282, sdrt-health/mac:02010b41cdec/antenna/tag/e2806894000050038661fd4f, 83
1652716068.217824, sdrt-health/mac:02010b41cdec/antenna/tag/e2806894000040038662214f, 88
1652716068.233067, sdrt-health/mac:02010b41cdec/antenna/tag/e2806894000050038662194f, 87
1652716068.2378, sdrt-health/mac:02010b41cdec/antenna/tag/e2806894000040038661f94f, 88
1652716068.298328, sdrt-health/mac:02010b41cdec/antenna/tag/e2806894000040038661f94f, 88
1652716068.363248, sdrt-health/mac:02010b41cdec/antenna/tag/e2806894000040038662114f, 85
1652716068.408719, sdrt-health/mac:02010b41cdec/antenna/tag/e2806894000050038661fd4f, 90
1652716068.488721, sdrt-health/mac:02010b41cdec/antenna/tag/e2806894000050038662194f, 81
1652716068.490332, sdrt-health/mac:02010b41cdec/antenna/tag/e2806894000050038661fd4f, 86
1652716068.522641, sdrt-health/mac:02010b41cdec/antenna/tag/e2806894000040038661f94f, 94
1652716068.552271, sdrt-health/mac:02010b41cdec/antenna/tag/e2806894000050038661fd4f, 86
1652716068.552555, sdrt-health/mac:02010b41cdec/antenna/tag/e28068940000400386621d4f, 96
1652716068.566971, sdrt-health/mac:02010b41cdec/antenna/tag/e2806894000050038662194f, 83
1652716068.567419, sdrt-health/mac:02010b41cdec/antenna/tag/e2806894000040038661f94f, 94
1652716068.627723, sdrt-health/mac:02010b41cdec/antenna/tag/e2806894000050038661fd4f, 86
1652716068.682014, sdrt-health/mac:02010b41cdec/antenna/tag/e2806894000050038662194f, 93
1652716068.712305, sdrt-health/mac:02010b41cdec/antenna/tag/e2806894000050038662194f, 87
1652716068.712675, sdrt-health/mac:02010b41cdec/antenna/tag/e2806894000040038662054f, 88
1652716068.732601, sdrt-health/mac:02010b41cdec/antenna/tag/e2806894000040038662214f, 81
1652716068.796449, sdrt-health/mac:02010b41cdec/antenna/tag/e2806894000040038661f94f, 94
1652716068.865581, sdrt-health/mac:02010b41cdec/antenna/tag/e28068940000400386621d4f, 77
1652716068.921901, sdrt-health/mac:02010b41cdec/antenna/tag/e2806894000040038662114f, 88
1652716068.922365, sdrt-health/mac:02010b41cdec/antenna/tag/e2806894000050038661fd4f, 86
1652716068.922779, sdrt-health/mac:02010b41cdec/antenna/tag/e2806894000050038662154f, 88
1652716068.923147, sdrt-health/mac:02010b41cdec/antenna/tag/e2806894000050038662154f, 91
1652716068.965802, sdrt-health/mac:02010b41cdec/antenna/tag/e28068940000400386621d4f, 96
1652716069.057914, sdrt-health/mac:02010b41cdec/antenna/tag/e2806894000050038662194f, 87
1652716069.058468, sdrt-health/mac:02010b41cdec/antenna/tag/e2806894000040038661f94f, 81
1652716069.083506, sdrt-health/mac:02010b41cdec/antenna/tag/e2806894000050038662014f, 84
1652716069.112783, sdrt-health/mac:02010b41cdec/antenna/tag/e2806894000050038661fd4f, 86
1652716069.113174, sdrt-health/mac:02010b41cdec/antenna/tag/e2806894000050038662154f, 88
1652716069.113414, sdrt-health/mac:02010b41cdec/antenna/tag/e2806894000050038661fd4f, 86
1652716069.113831, sdrt-health/mac:02010b41cdec/antenna/tag/e2806894000050038662194f, 83
1652716069.1615, sdrt-health/mac:02010b41cdec/antenna/tag/e28068940000400386621d4f, 96
1652716069.225242, sdrt-health/mac:02010b41cdec/antenna/tag/e2806894000040038662114f, 88
1652716069.320568, sdrt-health/mac:02010b41cdec/antenna/tag/e2806894000050038662194f, 87
1652716069.321103, sdrt-health/mac:02010b41cdec/antenna/tag/e2806894000050038661fd4f, 83
1652716069.360606, sdrt-health/mac:02010b41cdec/antenna/tag/e2806894000050038662194f, 81
1652716069.391269, sdrt-health/mac:02010b41cdec/antenna/tag/e2806894000050038662194f, 85
1652716069.391699, sdrt-health/mac:02010b41cdec/antenna/tag/e2806894000050038661fd4f, 83
1652716069.391983, sdrt-health/mac:02010b41cdec/antenna/tag/e2806894000050038662154f, 97
1652716069.416657, sdrt-health/mac:02010b41cdec/antenna/tag/e2806894000040038662214f, 94
1652716069.494946, sdrt-health/mac:02010b41cdec/antenna/tag/e2806894000050038662154f, 88
1652716069.495451, sdrt-health/mac:02010b41cdec/antenna/tag/e28068940000400386621d4f, 96
1652716069.509855, sdrt-health/mac:02010b41cdec/antenna/tag/e2806894000040038662114f, 88
1652716069.510364, sdrt-health/mac:02010b41cdec/antenna/tag/e2806894000040038662114f, 85
1652716069.516604, sdrt-health/mac:02010b41cdec/antenna/tag/e2806894000050038662154f, 85
1652716069.5257, sdrt-health/mac:02010b41cdec/antenna/tag/e2806894000050038662194f, 81
1652716069.578419, sdrt-health/mac:02010b41cdec/antenna/tag/e2806894000040038662054f, 88
1652716069.645449, sdrt-health/mac:02010b41cdec/antenna/tag/e2806894000040038662114f, 91
1652716069.70958, sdrt-health/mac:02010b41cdec/antenna/tag/e2806894000040038662214f, 88
1652716069.710086, sdrt-health/mac:02010b41cdec/antenna/tag/e2806894000050038662194f, 83
1652716069.723828, sdrt-health/mac:02010b41cdec/antenna/tag/e2806894000040038661f94f, 84
1652716069.753701, sdrt-health/mac:02010b41cdec/antenna/tag/e2806894000050038661fd4f, 83
1652716069.799235, sdrt-health/mac:02010b41cdec/antenna/tag/e2806894000040038662114f, 91
1652716069.861428, sdrt-health/mac:02010b41cdec/antenna/tag/e28068940000400386621d4f, 77
1652716069.861894, sdrt-health/mac:02010b41cdec/antenna/tag/e2806894000050038661fd4f, 86
1652716069.888349, sdrt-health/mac:02010b41cdec/antenna/tag/e2806894000050038661fd4f, 83
1652716069.98526, sdrt-health/mac:02010b41cdec/antenna/tag/e2806894000040038662114f, 88
1652716069.985754, sdrt-health/mac:02010b41cdec/antenna/tag/e2806894000040038662114f, 88
1652716070.001277, sdrt-health/mac:02010b41cdec/antenna/tag/e2806894000050038662194f, 81
1652716070.040217, sdrt-health/mac:02010b41cdec/antenna/tag/e2806894000040038662214f, 81
1652716070.040429, sdrt-health/mac:02010b41cdec/antenna/tag/e2806894000040038662114f, 88
1652716070.054466, sdrt-health/mac:02010b41cdec/antenna/tag/e28068940000400386621d4f, 77
1652716070.054676, sdrt-health/mac:02010b41cdec/antenna/tag/e2806894000050038661fd4f, 83
1652716070.066444, sdrt-health/mac:02010b41cdec/antenna/tag/e2806894000040038662114f, 83
1652716070.127724, sdrt-health/mac:02010b41cdec/antenna/tag/e2806894000050038662154f, 91
1652716070.202543, sdrt-health/mac:02010b41cdec/antenna/tag/e2806894000040038662054f, 94
1652716070.203027, sdrt-health/mac:02010b41cdec/antenna/tag/e28068940000400386621d4f, 96
1652716070.215239, sdrt-health/mac:02010b41cdec/antenna/tag/e2806894000050038662154f, 88
1652716070.348324, sdrt-health/mac:02010b41cdec/antenna/tag/e2806894000050038662194f, 87
1652716070.349368, sdrt-health/mac:02010b41cdec/antenna/tag/e28068940000400386621d4f, 96
1652716070.406696, sdrt-health/mac:02010b41cdec/antenna/tag/e2806894000040038662114f, 91
1652716070.486472, sdrt-health/mac:02010b41cdec/antenna/tag/e2806894000040038661f94f, 88
1652716070.487014, sdrt-health/mac:02010b41cdec/antenna/tag/e2806894000040038661f94f, 94
1652716070.627785, sdrt-health/mac:02010b41cdec/antenna/tag/e2806894000040038662114f, 91
1652716070.722113, sdrt-health/mac:02010b41cdec/antenna/tag/e2806894000040038662054f, 81
1652716070.722607, sdrt-health/mac:02010b41cdec/antenna/tag/e2806894000050038661fd4f, 86
1652716070.722942, sdrt-health/mac:02010b41cdec/antenna/tag/e2806894000040038662114f, 97
1652716070.723296, sdrt-health/mac:02010b41cdec/antenna/tag/e2806894000050038662154f, 91
1652716070.723655, sdrt-health/mac:02010b41cdec/antenna/tag/e2806894000050038661fd4f, 86
1652716070.737498, sdrt-health/mac:02010b41cdec/antenna/tag/e2806894000040038662054f, 81
1652716070.776481, sdrt-health/mac:02010b41cdec/antenna/tag/e2806894000050038662194f, 81
1652716070.806154, sdrt-health/mac:02010b41cdec/antenna/tag/e2806894000040038662114f, 91
1652716070.807147, sdrt-health/mac:02010b41cdec/antenna/tag/e2806894000040038661f94f, 84
1652716070.807485, sdrt-health/mac:02010b41cdec/antenna/tag/e2806894000050038661fd4f, 83
1652716070.945585, sdrt-health/mac:02010b41cdec/antenna/tag/e2806894000050038662154f, 88
1652716070.991633, sdrt-health/mac:02010b41cdec/antenna/tag/e2806894000040038662214f, 81
1652716070.99197, sdrt-health/mac:02010b41cdec/antenna/state, connected
1652716070.992245, sdrt-health/mac:02010b41cdec/fw, {"version":"1.8.1","model":"200","hash":"2f556501b58f1dad542af428d7928d18","timestamp":1652716067}
1652716070.992521, sdrt-health/mac:02010b41cdec/antenna/tag/e2806894000040038662214f, 94
1652716070.992868, sdrt-health/mac:02010b41cdec/antenna/tag/e2806894000050038662194f, 87
1652716071.010394, sdrt-health/mac:02010b41cdec/antenna/tag/e2806894000040038661f94f, 94
1652716071.038787, sdrt-health/mac:02010b41cdec/antenna/tag/e2806894000040038662114f, 88
1652716071.03907, sdrt-health/mac:02010b41cdec/antenna/tag/e28068940000400386621d4f, 77
1652716071.075814, sdrt-health/mac:02010b41cdec/antenna/version, 
1652716071.076179, sdrt-health/mac:02010b41cdec/antenna/tag/e2806894000040038662214f, 94
1652716071.090464, sdrt-health/mac:02010b41cdec/antenna/tag/e2806894000050038662154f, 88
1652716071.197188, sdrt-health/mac:02010b41cdec/antenna/tag/e2806894000050038662154f, 91
1652716071.217328, sdrt-health/mac:02010b41cdec/antenna/tag/e2806894000040038662114f, 88
1652716071.217665, sdrt-health/mac:02010b41cdec/antenna/tag/e2806894000040038662114f, 88
1652716071.217859, sdrt-health/mac:02010b41cdec/antenna/tag/e2806894000050038662154f, 91
1652716071.218041, sdrt-health/mac:02010b41cdec/antenna/tag/e2806894000050038662194f, 88
1652716071.359993, sdrt-health/mac:02010b41cdec/antenna/tag/e28068940000400386621d4f, 96
1652716071.421594, sdrt-health/mac:02010b41cdec/antenna/tag/e2806894000040038661f94f, 84
1652716071.422146, sdrt-health/mac:02010b41cdec/antenna/tag/e2806894000040038661f94f, 88
1652716071.42263, sdrt-health/mac:02010b41cdec/antenna/tag/e2806894000050038662154f, 88
1652716071.422966, sdrt-health/mac:02010b41cdec/antenna/tag/e2806894000040038662114f, 88
1652716071.423283, sdrt-health/mac:02010b41cdec/antenna/tag/e2806894000050038661fd4f, 83
1652716071.423635, sdrt-health/mac:02010b41cdec/antenna/tag/e2806894000050038662154f, 88
1652716071.424011, sdrt-health/mac:02010b41cdec/antenna/tag/e2806894000040038661f94f, 81
1652716071.51399, sdrt-health/mac:02010b41cdec/antenna/tag/e2806894000050038661fd4f, 86
1652716071.608613, sdrt-health/mac:02010b41cdec/antenna/tag/e2806894000040038661f94f, 88
1652716071.60917, sdrt-health/mac:02010b41cdec/antenna/tag/e2806894000050038661fd4f, 86
1652716071.609649, sdrt-health/mac:02010b41cdec/antenna/tag/e28068940000400386621d4f, 96
1652716071.610105, sdrt-health/mac:02010b41cdec/antenna/tag/e2806894000050038661fd4f, 86
1652716071.623224, sdrt-health/mac:02010b41cdec/antenna/tag/e2806894000050038661fd4f, 90
1652716071.623636, sdrt-health/mac:02010b41cdec/antenna/tag/e2806894000040038662114f, 91
1652716071.640875, sdrt-health/mac:02010b41cdec/antenna/tag/e28068940000400386621d4f, 96
1652716071.696319, sdrt-health/mac:02010b41cdec/antenna/tag/e2806894000040038662114f, 88
1652716071.749552, sdrt-health/mac:02010b41cdec/antenna/tag/e28068940000400386621d4f, 96
1652716071.750115, sdrt-health/mac:02010b41cdec/antenna/tag/e2806894000050038662194f, 87
1652716071.764561, sdrt-health/mac:02010b41cdec/antenna/tag/e2806894000050038662194f, 84
1652716071.801948, sdrt-health/mac:02010b41cdec/antenna/tag/e28068940000400386621d4f, 96
1652716071.802679, sdrt-health/mac:02010b41cdec/antenna/tag/e2806894000040038662114f, 91
1652716071.974238, sdrt-health/mac:02010b41cdec/antenna/tag/e2806894000050038662154f, 91
1652716072.003281, sdrt-health/mac:02010b41cdec/antenna/tag/e2806894000050038662154f, 85
1652716072.003601, sdrt-health/mac:02010b41cdec/antenna/tag/e2806894000040038661f94f, 88
1652716072.003831, sdrt-health/mac:02010b41cdec/antenna/tag/e28068940000400386621d4f, 77
1652716072.004033, sdrt-health/mac:02010b41cdec/antenna/tag/e2806894000040038662114f, 88
1652716072.027487, sdrt-health/mac:02010b41cdec/antenna/tag/e2806894000040038662114f, 88
1652716072.028747, sdrt-health/mac:02010b41cdec/antenna/tag/e28068940000400386621d4f, 96
1652716072.041773, sdrt-health/mac:02010b41cdec/antenna/tag/e2806894000050038661fd4f, 86
1652716072.042071, sdrt-health/mac:02010b41cdec/antenna/tag/e2806894000050038662154f, 97
1652716072.180013, sdrt-health/mac:02010b41cdec/antenna/tag/e28068940000400386621d4f, 96
1652716072.215101, sdrt-health/mac:02010b41cdec/antenna/tag/e2806894000040038662114f, 91
1652716072.215441, sdrt-health/mac:02010b41cdec/antenna/tag/e2806894000050038662154f, 91
1652716072.215702, sdrt-health/mac:02010b41cdec/antenna/tag/e28068940000400386621d4f, 96
1652716072.215985, sdrt-health/mac:02010b41cdec/antenna/tag/e28068940000400386621d4f, 96
1652716072.229088, sdrt-health/mac:02010b41cdec/antenna/tag/e2806894000040038662114f, 97
1652716072.383636, sdrt-health/mac:02010b41cdec/antenna/tag/e28068940000400386621d4f, 90
1652716072.413252, sdrt-health/mac:02010b41cdec/antenna/tag/e2806894000050038662194f, 81
1652716072.414097, sdrt-health/mac:02010b41cdec/antenna/tag/e2806894000040038662114f, 85
1652716072.414626, sdrt-health/mac:02010b41cdec/antenna/tag/e2806894000040038661f94f, 88
1652716072.588548, sdrt-health/mac:02010b41cdec/antenna/tag/e2806894000050038662194f, 87
1652716072.616714, sdrt-health/mac:02010b41cdec/antenna/tag/e28068940000400386621d4f, 96
1652716072.617491, sdrt-health/mac:02010b41cdec/antenna/tag/e2806894000050038662194f, 83
1652716072.61789, sdrt-health/mac:02010b41cdec/antenna/tag/e2806894000050038661fd4f, 86
1652716072.618625, sdrt-health/mac:02010b41cdec/antenna/tag/e2806894000050038661fd4f, 90
1652716072.619157, sdrt-health/mac:02010b41cdec/antenna/tag/e2806894000050038662194f, 88
1652716072.630574, sdrt-health/mac:02010b41cdec/antenna/tag/e2806894000040038661f94f, 87
1652716072.808628, sdrt-health/mac:02010b41cdec/antenna/tag/e2806894000050038661fd4f, 90
1652716072.809123, sdrt-health/mac:02010b41cdec/antenna/tag/e2806894000050038661fd4f, 86
1652716072.809511, sdrt-health/mac:02010b41cdec/antenna/tag/e2806894000050038662154f, 91
1652716072.809833, sdrt-health/mac:02010b41cdec/antenna/tag/e2806894000050038661fd4f, 90
1652716072.810184, sdrt-health/mac:02010b41cdec/antenna/tag/e28068940000400386621d4f, 96
1652716072.825528, sdrt-health/mac:02010b41cdec/antenna/tag/e2806894000050038662154f, 88
1652716072.854811, sdrt-health/mac:02010b41cdec/antenna/tag/e2806894000040038662214f, 83
1652716072.855115, sdrt-health/mac:02010b41cdec/antenna/tag/e2806894000050038662154f, 85
1652716072.998251, sdrt-health/mac:02010b41cdec/antenna/tag/e2806894000050038662154f, 91
1652716073.06983, sdrt-health/mac:02010b41cdec/antenna/tag/e2806894000050038662154f, 91
1652716073.070325, sdrt-health/mac:02010b41cdec/antenna/tag/e2806894000040038662054f, 81
1652716073.203745, sdrt-health/mac:02010b41cdec/antenna/tag/e28068940000400386621d4f, 96
1652716073.231519, sdrt-health/mac:02010b41cdec/antenna/tag/e2806894000050038661fd4f, 90
1652716073.232042, sdrt-health/mac:02010b41cdec/antenna/tag/e2806894000040038662054f, 88
1652716073.232384, sdrt-health/mac:02010b41cdec/antenna/tag/e2806894000050038661fd4f, 86
1652716073.232754, sdrt-health/mac:02010b41cdec/antenna/tag/e2806894000050038662194f, 93
1652716073.257618, sdrt-health/mac:02010b41cdec/antenna/tag/e2806894000040038662114f, 91
1652716073.258169, sdrt-health/mac:02010b41cdec/antenna/tag/e2806894000040038662054f, 81
1652716073.27256, sdrt-health/mac:02010b41cdec/antenna/tag/e2806894000040038662054f, 88
1652716073.294927, sdrt-health/mac:02010b41cdec/antenna/tag/e2806894000040038662214f, 94
1652716073.40852, sdrt-health/mac:02010b41cdec/antenna/tag/e2806894000050038661fd4f, 83
1652716073.457905, sdrt-health/mac:02010b41cdec/antenna/tag/e2806894000050038662194f, 87
1652716073.613285, sdrt-health/mac:02010b41cdec/antenna/tag/e2806894000050038662154f, 91
1652716073.688891, sdrt-health/mac:02010b41cdec/antenna/tag/e28068940000400386621d4f, 96
1652716073.689354, sdrt-health/mac:02010b41cdec/antenna/tag/e28068940000400386621d4f, 77
1652716073.68976, sdrt-health/mac:02010b41cdec/antenna/tag/e2806894000050038662154f, 91
1652716073.703083, sdrt-health/mac:02010b41cdec/antenna/tag/e2806894000050038661fd4f, 90
1652716073.703581, sdrt-health/mac:02010b41cdec/antenna/tag/e2806894000040038662114f, 88
1652716073.703953, sdrt-health/mac:02010b41cdec/antenna/tag/e2806894000050038662154f, 97
1652716073.704294, sdrt-health/mac:02010b41cdec/antenna/tag/e28068940000400386621d4f, 96
1652716073.766773, sdrt-health/mac:02010b41cdec/antenna/tag/e2806894000050038662154f, 85
1652716073.779597, sdrt-health/mac:02010b41cdec/antenna/tag/e28068940000400386621d4f, 77
1652716073.780229, sdrt-health/mac:02010b41cdec/antenna/tag/e2806894000040038661f94f, 88
1652716073.861695, sdrt-health/mac:02010b41cdec/antenna/tag/e2806894000040038662214f, 81
1652716073.995834, sdrt-health/mac:02010b41cdec/antenna/tag/e2806894000050038661fd4f, 90
1652716074.061966, sdrt-health/mac:02010b41cdec/antenna/tag/e2806894000040038662114f, 88
1652716074.06218, sdrt-health/mac:02010b41cdec/antenna/tag/e2806894000050038662194f, 87
1652716074.062951, sdrt-health/mac:02010b41cdec/antenna/tag/e2806894000050038661fd4f, 86
1652716074.077064, sdrt-health/mac:02010b41cdec/antenna/tag/e2806894000050038662194f, 83
1652716074.077316, sdrt-health/mac:02010b41cdec/antenna/tag/e2806894000040038661f94f, 81
1652716074.119475, sdrt-health/mac:02010b41cdec/antenna/tag/e28068940000400386621d4f, 96
1652716074.148771, sdrt-health/mac:02010b41cdec/antenna/tag/e2806894000050038662154f, 91
1652716074.149225, sdrt-health/mac:02010b41cdec/antenna/tag/e2806894000040038662114f, 88
1652716074.149751, sdrt-health/mac:02010b41cdec/antenna/tag/e2806894000050038661fd4f, 90
1652716074.150019, sdrt-health/mac:02010b41cdec/antenna/tag/e28068940000400386621d4f, 77
1652716074.166694, sdrt-health/mac:02010b41cdec/antenna/tag/e2806894000040038661f94f, 81
1652716074.230589, sdrt-health/mac:02010b41cdec/antenna/tag/e2806894000050038661fd4f, 86
1652716074.231155, sdrt-health/mac:02010b41cdec/antenna/tag/e2806894000040038662054f, 88
1652716074.296844, sdrt-health/mac:02010b41cdec/antenna/tag/e2806894000050038662154f, 88
1652716074.347975, sdrt-health/mac:02010b41cdec/antenna/tag/e2806894000040038661f94f, 88
1652716074.589909, sdrt-health/mac:02010b41cdec/antenna/tag/e2806894000040038662114f, 91
1652716074.788045, sdrt-health/mac:02010b41cdec/antenna/tag/e2806894000040038662054f, 94
1652716075.025261, sdrt-health/mac:02010b41cdec/antenna/tag/e2806894000050038662194f, 81
1652716075.101889, sdrt-health/mac:02010b41cdec/antenna/tag/e28068940000400386621d4f, 96
1652716075.135127, sdrt-health/mac:02010b41cdec/antenna/tag/e2806894000050038662154f, 91
1652716075.135493, sdrt-health/mac:02010b41cdec/antenna/tag/e2806894000040038662054f, 81
1652716075.135752, sdrt-health/mac:02010b41cdec/antenna/tag/e2806894000050038662154f, 85
1652716075.136026, sdrt-health/mac:02010b41cdec/antenna/tag/e2806894000050038662194f, 83
1652716075.136303, sdrt-health/mac:02010b41cdec/antenna/tag/e28068940000400386621d4f, 77
1652716075.136547, sdrt-health/mac:02010b41cdec/antenna/tag/e2806894000040038661f94f, 84
1652716075.136784, sdrt-health/mac:02010b41cdec/antenna/tag/e2806894000050038662194f, 94
1652716075.137066, sdrt-health/mac:02010b41cdec/antenna/tag/e2806894000040038661f94f, 94
1652716075.137385, sdrt-health/mac:02010b41cdec/antenna/tag/e28068940000400386621d4f, 77
1652716075.137643, sdrt-health/mac:02010b41cdec/antenna/tag/e2806894000050038662154f, 91
1652716075.137873, sdrt-health/mac:02010b41cdec/antenna/tag/e2806894000050038661fd4f, 86
1652716075.138288, sdrt-health/mac:02010b41cdec/antenna/tag/e2806894000050038662154f, 91
1652716075.138633, sdrt-health/mac:02010b41cdec/antenna/tag/e2806894000050038662194f, 87
1652716075.138871, sdrt-health/mac:02010b41cdec/antenna/tag/e2806894000050038662194f, 83
1652716075.139147, sdrt-health/mac:02010b41cdec/antenna/tag/e2806894000050038662154f, 91
1652716075.161812, sdrt-health/mac:02010b41cdec/antenna/tag/e2806894000040038661f94f, 88
1652716075.192959, sdrt-health/mac:02010b41cdec/antenna/tag/e2806894000050038662194f, 93
1652716075.193245, sdrt-health/mac:02010b41cdec/antenna/tag/e2806894000040038662114f, 97
1652716075.221691, sdrt-health/mac:02010b41cdec/antenna/tag/e2806894000050038662154f, 88
1652716075.253644, sdrt-health/mac:02010b41cdec/antenna/tag/e28068940000400386621d4f, 90
1652716075.253906, sdrt-health/mac:02010b41cdec/antenna/tag/e2806894000050038661fd4f, 86
1652716075.254036, sdrt-health/mac:02010b41cdec/antenna/tag/e2806894000040038662054f, 84
1652716075.25415, sdrt-health/mac:02010b41cdec/antenna/tag/e2806894000050038662194f, 87
1652716075.291556, sdrt-health/mac:02010b41cdec/antenna/tag/e28068940000400386621d4f, 77
1652716075.592683, sdrt-health/mac:02010b41cdec/antenna/tag/e2806894000050038662194f, 87
1652716075.818163, sdrt-health/mac:02010b41cdec/antenna/tag/e28068940000400386621d4f, 96
1652716075.858652, sdrt-health/mac:02010b41cdec/antenna/tag/e2806894000040038662054f, 94
1652716075.859152, sdrt-health/mac:02010b41cdec/antenna/tag/e2806894000050038662194f, 93
1652716075.859536, sdrt-health/mac:02010b41cdec/antenna/tag/e2806894000040038662114f, 97
1652716075.859854, sdrt-health/mac:02010b41cdec/antenna/tag/e2806894000050038661fd4f, 83
1652716075.860168, sdrt-health/mac:02010b41cdec/antenna/tag/e2806894000050038661fd4f, 86
1652716075.860536, sdrt-health/mac:02010b41cdec/antenna/tag/e2806894000040038662114f, 91
1652716075.860972, sdrt-health/mac:02010b41cdec/antenna/tag/e2806894000050038662154f, 88
1652716075.861483, sdrt-health/mac:02010b41cdec/antenna/tag/e28068940000400386621d4f, 96
1652716075.86185, sdrt-health/mac:02010b41cdec/antenna/tag/e2806894000050038661fd4f, 86
1652716075.862203, sdrt-health/mac:02010b41cdec/antenna/tag/e2806894000040038661f94f, 84
1652716075.862644, sdrt-health/mac:02010b41cdec/antenna/tag/e2806894000050038662194f, 93
1652716075.914423, sdrt-health/mac:02010b41cdec/antenna/tag/e28068940000400386621d4f, 96
1652716075.963078, sdrt-health/mac:02010b41cdec/antenna/tag/e2806894000050038662154f, 88
1652716075.963789, sdrt-health/mac:02010b41cdec/antenna/tag/e2806894000050038662194f, 83
1652716075.964234, sdrt-health/mac:02010b41cdec/antenna/tag/e2806894000040038662054f, 83
1652716075.964679, sdrt-health/mac:02010b41cdec/antenna/tag/e2806894000050038661fd4f, 83
1652716075.965153, sdrt-health/mac:02010b41cdec/antenna/tag/e2806894000040038662114f, 91
1652716075.965508, sdrt-health/mac:02010b41cdec/antenna/tag/e2806894000050038662154f, 93
1652716075.965829, sdrt-health/mac:02010b41cdec/antenna/tag/e2806894000050038662194f, 93
1652716075.966197, sdrt-health/mac:02010b41cdec/antenna/tag/e2806894000050038662194f, 93
1652716075.966632, sdrt-health/mac:02010b41cdec/antenna/tag/e28068940000400386621d4f, 96
1652716075.967244, sdrt-health/mac:02010b41cdec/antenna/tag/e2806894000050038661fd4f, 86
1652716075.96771, sdrt-health/mac:02010b41cdec/antenna/tag/e28068940000400386621d4f, 96
1652716075.968049, sdrt-health/mac:02010b41cdec/antenna/tag/e2806894000050038662194f, 83
1652716075.980712, sdrt-health/mac:02010b41cdec/antenna/tag/e2806894000050038662154f, 85
1652716075.981054, sdrt-health/mac:02010b41cdec/antenna/tag/e2806894000050038661fd4f, 83
1652716075.981335, sdrt-health/mac:02010b41cdec/antenna/tag/e2806894000050038661fd4f, 83
1652716076.057389, sdrt-health/mac:02010b41cdec/antenna/tag/e2806894000050038662154f, 85
1652716076.088709, sdrt-health/mac:02010b41cdec/antenna/tag/e2806894000050038661fd4f, 83
1652716076.088917, sdrt-health/mac:02010b41cdec/antenna/tag/e2806894000040038662214f, 94
1652716076.104679, sdrt-health/mac:02010b41cdec/antenna/tag/e2806894000040038662114f, 91
1652716076.104899, sdrt-health/mac:02010b41cdec/antenna/tag/e2806894000050038661fd4f, 83
1652716076.105027, sdrt-health/mac:02010b41cdec/antenna/tag/e2806894000040038662214f, 81
1652716076.139039, sdrt-health/mac:02010b41cdec/antenna/tag/e2806894000040038661f94f, 88
1652716076.183902, sdrt-health/mac:02010b41cdec/antenna/tag/e2806894000050038662194f, 81
1652716076.235823, sdrt-health/mac:02010b41cdec/antenna/tag/e2806894000040038662114f, 88
1652716076.3132, sdrt-health/mac:02010b41cdec/antenna/tag/e2806894000050038662154f, 91
1652716076.37875, sdrt-health/mac:02010b41cdec/antenna/tag/e2806894000050038662154f, 91
1652716076.456735, sdrt-health/mac:02010b41cdec/antenna/tag/e2806894000050038662154f, 85
1652716076.552646, sdrt-health/mac:02010b41cdec/antenna/tag/e2806894000040038661f94f, 97
1652716076.553126, sdrt-health/mac:02010b41cdec/antenna/tag/e2806894000040038661f94f, 88
1652716076.586639, sdrt-health/mac:02010b41cdec/antenna/tag/e2806894000040038661f94f, 94
1652716076.633288, sdrt-health/mac:02010b41cdec/antenna/tag/e2806894000040038662114f, 88
1652716076.669312, sdrt-health/mac:02010b41cdec/antenna/tag/e2806894000050038662194f, 93
1652716076.713241, sdrt-health/mac:02010b41cdec/antenna/tag/e2806894000050038662154f, 88
1652716076.751844, sdrt-health/mac:02010b41cdec/antenna/tag/e28068940000400386621d4f, 96
1652716076.812971, sdrt-health/mac:02010b41cdec/antenna/tag/e2806894000050038662194f, 87
1652716077.256396, sdrt-health/mac:02010b41cdec/antenna/tag/e2806894000040038662054f, 81
1652716077.3046, sdrt-health/mac:02010b41cdec/antenna/tag/e2806894000040038662114f, 88
1652716077.305114, sdrt-health/mac:02010b41cdec/antenna/tag/e28068940000400386621d4f, 77
1652716077.305456, sdrt-health/mac:02010b41cdec/antenna/tag/e2806894000040038662114f, 91
1652716077.321478, sdrt-health/mac:02010b41cdec/antenna/tag/e2806894000050038662154f, 91
1652716077.322413, sdrt-health/mac:02010b41cdec/antenna/tag/e2806894000050038662194f, 81
1652716077.322619, sdrt-health/mac:02010b41cdec/antenna/tag/e2806894000040038662054f, 88
1652716077.322772, sdrt-health/mac:02010b41cdec/antenna/tag/e28068940000400386621d4f, 96
1652716077.322938, sdrt-health/mac:02010b41cdec/antenna/tag/e2806894000050038662154f, 97
1652716077.323086, sdrt-health/mac:02010b41cdec/antenna/tag/e2806894000050038662194f, 83
1652716077.323236, sdrt-health/mac:02010b41cdec/antenna/tag/e2806894000050038662154f, 91
1652716077.323399, sdrt-health/mac:02010b41cdec/antenna/tag/e2806894000050038661fd4f, 86
1652716077.349203, sdrt-health/mac:02010b41cdec/antenna/tag/e2806894000050038662154f, 88
1652716077.349501, sdrt-health/mac:02010b41cdec/antenna/tag/e2806894000050038661fd4f, 86
1652716077.349797, sdrt-health/mac:02010b41cdec/antenna/tag/e2806894000040038662114f, 97
1652716077.349965, sdrt-health/mac:02010b41cdec/antenna/tag/e2806894000050038662154f, 88
1652716077.350141, sdrt-health/mac:02010b41cdec/antenna/tag/e2806894000040038662114f, 97
1652716077.350301, sdrt-health/mac:02010b41cdec/antenna/tag/e2806894000050038662194f, 83
1652716077.350454, sdrt-health/mac:02010b41cdec/antenna/tag/e2806894000040038661f94f, 81
1652716077.350664, sdrt-health/mac:02010b41cdec/antenna/tag/e2806894000040038662054f, 88
1652716077.452181, sdrt-health/mac:02010b41cdec/antenna/tag/e2806894000050038662154f, 88
1652716077.549239, sdrt-health/mac:02010b41cdec/antenna/tag/e28068940000400386621d4f, 96
1652716077.549752, sdrt-health/mac:02010b41cdec/antenna/tag/e2806894000050038661fd4f, 83
1652716077.550097, sdrt-health/mac:02010b41cdec/antenna/tag/e2806894000040038662114f, 91
1652716077.719373, sdrt-health/mac:02010b41cdec/antenna/tag/e2806894000040038662054f, 87
1652716077.719949, sdrt-health/mac:02010b41cdec/antenna/tag/e2806894000050038661fd4f, 83
1652716077.720319, sdrt-health/mac:02010b41cdec/antenna/tag/e2806894000040038661f94f, 88
1652716077.720666, sdrt-health/mac:02010b41cdec/antenna/tag/e2806894000050038662154f, 88
1652716077.786227, sdrt-health/mac:02010b41cdec/antenna/tag/e2806894000040038662114f, 85
1652716077.877136, sdrt-health/mac:02010b41cdec/antenna/tag/e28068940000400386621d4f, 77
1652716078.035188, sdrt-health/mac:02010b41cdec/antenna/tag/e2806894000050038662154f, 91
1652716078.059165, sdrt-health/mac:02010b41cdec/antenna/tag/e2806894000050038662194f, 81
1652716078.059437, sdrt-health/mac:02010b41cdec/antenna/tag/e2806894000050038662154f, 97
1652716078.088965, sdrt-health/mac:02010b41cdec/antenna/tag/e2806894000040038662114f, 88
1652716078.119791, sdrt-health/mac:02010b41cdec/antenna/tag/e2806894000040038662054f, 81
1652716078.131041, sdrt-health/mac:02010b41cdec/antenna/tag/e2806894000050038662154f, 88
1652716078.139883, sdrt-health/mac:02010b41cdec/antenna/tag/e2806894000040038662114f, 88
1652716078.140109, sdrt-health/mac:02010b41cdec/antenna/tag/e2806894000040038662214f, 84
1652716078.15034, sdrt-health/mac:02010b41cdec/antenna/tag/e2806894000040038661f94f, 84
1652716078.162491, sdrt-health/mac:02010b41cdec/antenna/tag/e28068940000400386621d4f, 96
1652716078.165066, sdrt-health/mac:02010b41cdec/antenna/tag/e2806894000050038661fd4f, 86
1652716078.176567, sdrt-health/mac:02010b41cdec/antenna/tag/e2806894000050038662154f, 91
1652716078.176806, sdrt-health/mac:02010b41cdec/antenna/tag/e2806894000040038662114f, 91
1652716078.176977, sdrt-health/mac:02010b41cdec/antenna/tag/e2806894000050038661fd4f, 90
1652716078.1914, sdrt-health/mac:02010b41cdec/antenna/tag/e2806894000050038662194f, 81
1652716078.208972, sdrt-health/mac:02010b41cdec/antenna/tag/e28068940000400386621d4f, 90
1652716078.209268, sdrt-health/mac:02010b41cdec/antenna/tag/e2806894000050038662194f, 83
1652716078.235839, sdrt-health/mac:02010b41cdec/antenna/tag/e2806894000040038662114f, 97
1652716078.236104, sdrt-health/mac:02010b41cdec/antenna/tag/e2806894000050038662194f, 81
1652716078.23918, sdrt-health/mac:02010b41cdec/antenna/tag/e28068940000400386621d4f, 96
1652716078.256624, sdrt-health/mac:02010b41cdec/antenna/tag/e2806894000050038661fd4f, 86
1652716078.256879, sdrt-health/mac:02010b41cdec/antenna/tag/e2806894000040038662114f, 91
1652716078.279246, sdrt-health/mac:02010b41cdec/antenna/tag/e28068940000400386621d4f, 96
1652716078.33927, sdrt-health/mac:02010b41cdec/antenna/tag/e2806894000050038662194f, 83
1652716078.339744, sdrt-health/mac:02010b41cdec/antenna/tag/e2806894000050038661fd4f, 86
1652716078.377999, sdrt-health/mac:02010b41cdec/antenna/tag/e2806894000050038662194f, 87
1652716078.437576, sdrt-health/mac:02010b41cdec/antenna/tag/e2806894000040038662214f, 94
1652716078.438359, sdrt-health/mac:02010b41cdec/antenna/tag/e2806894000050038661fd4f, 83
1652716078.464556, sdrt-health/mac:02010b41cdec/antenna/tag/e2806894000050038662194f, 87
1652716078.489594, sdrt-health/mac:02010b41cdec/antenna/tag/e28068940000400386621d4f, 77
1652716078.577903, sdrt-health/mac:02010b41cdec/antenna/tag/e2806894000040038662114f, 91
1652716078.62723, sdrt-health/mac:02010b41cdec/antenna/tag/e2806894000050038662014f, 88
1652716078.627703, sdrt-health/mac:02010b41cdec/antenna/tag/e2806894000040038662114f, 91
1652716078.660283, sdrt-health/mac:02010b41cdec/antenna/tag/e28068940000400386621d4f, 77
1652716078.754817, sdrt-health/mac:02010b41cdec/antenna/tag/e2806894000040038662114f, 88
1652716078.755329, sdrt-health/mac:02010b41cdec/antenna/tag/e2806894000040038662114f, 91
1652716078.770073, sdrt-health/mac:02010b41cdec/antenna/tag/e28068940000400386621d4f, 96
1652716078.770604, sdrt-health/mac:02010b41cdec/antenna/tag/e2806894000050038662194f, 93
1652716078.770963, sdrt-health/mac:02010b41cdec/antenna/tag/e28068940000400386621d4f, 96
1652716078.817259, sdrt-health/mac:02010b41cdec/antenna/tag/e2806894000040038662114f, 97
1652716078.818337, sdrt-health/mac:02010b41cdec/antenna/tag/e2806894000040038662114f, 88
1652716078.850987, sdrt-health/mac:02010b41cdec/antenna/tag/e28068940000400386621d4f, 96
1652716078.851398, sdrt-health/mac:02010b41cdec/antenna/tag/e2806894000040038662114f, 91
1652716078.882813, sdrt-health/mac:02010b41cdec/antenna/tag/e2806894000050038662154f, 91
1652716078.918866, sdrt-health/mac:02010b41cdec/antenna/tag/e2806894000050038662194f, 83
1652716078.919382, sdrt-health/mac:02010b41cdec/antenna/tag/e2806894000050038662194f, 87
1652716078.919718, sdrt-health/mac:02010b41cdec/antenna/tag/e2806894000050038662154f, 97
1652716078.920026, sdrt-health/mac:02010b41cdec/antenna/tag/e2806894000040038662114f, 91
1652716078.963997, sdrt-health/mac:02010b41cdec/antenna/tag/e2806894000040038661f94f, 94
1652716079.058883, sdrt-health/mac:02010b41cdec/antenna/tag/e28068940000400386621d4f, 96
1652716079.05941, sdrt-health/mac:02010b41cdec/antenna/tag/e2806894000040038662114f, 88
1652716079.073308, sdrt-health/mac:02010b41cdec/antenna/tag/e2806894000050038662194f, 81
1652716079.122914, sdrt-health/mac:02010b41cdec/antenna/tag/e2806894000050038662194f, 81
1652716079.123358, sdrt-health/mac:02010b41cdec/antenna/tag/e2806894000040038662114f, 91
1652716079.139694, sdrt-health/mac:02010b41cdec/antenna/tag/e2806894000050038661fd4f, 90
1652716079.140042, sdrt-health/mac:02010b41cdec/antenna/tag/e2806894000040038661f94f, 88
1652716079.171465, sdrt-health/mac:02010b41cdec/antenna/tag/e2806894000040038661f94f, 81
1652716079.250175, sdrt-health/mac:02010b41cdec/antenna/tag/e2806894000050038662194f, 84
1652716079.282972, sdrt-health/mac:02010b41cdec/antenna/tag/e28068940000400386621d4f, 96
1652716079.283645, sdrt-health/mac:02010b41cdec/antenna/tag/e28068940000400386621d4f, 96
1652716079.322171, sdrt-health/mac:02010b41cdec/antenna/tag/e2806894000040038661f94f, 94
1652716079.384163, sdrt-health/mac:02010b41cdec/antenna/tag/e2806894000040038662054f, 88
1652716079.472573, sdrt-health/mac:02010b41cdec/antenna/tag/e2806894000040038662214f, 81
1652716079.472964, sdrt-health/mac:02010b41cdec/antenna/tag/e2806894000040038662114f, 88
1652716079.490146, sdrt-health/mac:02010b41cdec/antenna/tag/e2806894000050038661fd4f, 86
1652716079.541183, sdrt-health/mac:02010b41cdec/antenna/tag/e2806894000040038661f94f, 81
1652716079.541653, sdrt-health/mac:02010b41cdec/antenna/tag/e28068940000400386621d4f, 96
1652716079.542873, sdrt-health/mac:02010b41cdec/antenna/tag/e2806894000050038661fd4f, 86
1652716079.571322, sdrt-health/mac:02010b41cdec/antenna/tag/e2806894000050038661fd4f, 86
1652716079.620446, sdrt-health/mac:02010b41cdec/antenna/tag/e2806894000040038662054f, 94
1652716079.712637, sdrt-health/mac:02010b41cdec/antenna/tag/e2806894000040038662054f, 81
1652716079.713195, sdrt-health/mac:02010b41cdec/antenna/tag/e2806894000040038662054f, 82
1652716079.778232, sdrt-health/mac:02010b41cdec/antenna/tag/e2806894000050038662194f, 87
1652716079.875557, sdrt-health/mac:02010b41cdec/antenna/tag/e2806894000050038661fd4f, 86
1652716079.876076, sdrt-health/mac:02010b41cdec/antenna/tag/e28068940000400386621d4f, 96
1652716079.890177, sdrt-health/mac:02010b41cdec/antenna/tag/e2806894000050038662194f, 94
1652716079.890692, sdrt-health/mac:02010b41cdec/antenna/tag/e28068940000400386621d4f, 77
1652716079.891038, sdrt-health/mac:02010b41cdec/antenna/tag/e2806894000050038662194f, 94
1652716079.990427, sdrt-health/mac:02010b41cdec/antenna/tag/e2806894000050038661fd4f, 90
1652716080.069347, sdrt-health/mac:02010b41cdec/antenna/tag/e2806894000050038662194f, 87
1652716080.112451, sdrt-health/mac:02010b41cdec/antenna/tag/e2806894000050038662154f, 91
1652716080.112952, sdrt-health/mac:02010b41cdec/antenna/tag/e2806894000050038662154f, 97
1652716080.128301, sdrt-health/mac:02010b41cdec/antenna/tag/e2806894000050038662194f, 83
1652716080.158237, sdrt-health/mac:02010b41cdec/antenna/tag/e2806894000050038661fd4f, 86
1652716080.158439, sdrt-health/mac:02010b41cdec/antenna/tag/e2806894000050038662154f, 97
1652716080.207888, sdrt-health/mac:02010b41cdec/antenna/tag/e2806894000050038661fd4f, 83
1652716080.253256, sdrt-health/mac:02010b41cdec/antenna/tag/e2806894000040038662114f, 88
1652716080.499941, sdrt-health/mac:02010b41cdec/antenna/tag/e2806894000050038662194f, 83
1652716080.514483, sdrt-health/mac:02010b41cdec/antenna/tag/e2806894000040038662114f, 88
1652716080.518321, sdrt-health/mac:02010b41cdec/antenna/tag/e2806894000050038661fd4f, 83
1652716080.651694, sdrt-health/mac:02010b41cdec/antenna/tag/e2806894000050038662194f, 87
1652716080.687457, sdrt-health/mac:02010b41cdec/antenna/tag/e28068940000400386621d4f, 77
1652716080.687951, sdrt-health/mac:02010b41cdec/antenna/tag/e2806894000050038661fd4f, 90
1652716080.688252, sdrt-health/mac:02010b41cdec/antenna/tag/e2806894000050038662154f, 91
1652716080.688601, sdrt-health/mac:02010b41cdec/antenna/tag/e28068940000400386621d4f, 96
1652716080.688877, sdrt-health/mac:02010b41cdec/antenna/tag/e2806894000040038662114f, 88
1652716080.689132, sdrt-health/mac:02010b41cdec/antenna/tag/e2806894000050038662154f, 97
1652716080.689387, sdrt-health/mac:02010b41cdec/antenna/tag/e2806894000040038662114f, 91
1652716080.689832, sdrt-health/mac:02010b41cdec/antenna/tag/e2806894000050038662194f, 83
1652716080.690206, sdrt-health/mac:02010b41cdec/antenna/tag/e28068940000400386621d4f, 96
1652716080.690573, sdrt-health/mac:02010b41cdec/antenna/tag/e2806894000040038661f94f, 81
1652716080.897102, sdrt-health/mac:02010b41cdec/antenna/tag/e2806894000040038662054f, 83
1652716080.928713, sdrt-health/mac:02010b41cdec/antenna/tag/e28068940000400386621d4f, 96
1652716080.929206, sdrt-health/mac:02010b41cdec/antenna/tag/e2806894000050038662154f, 91
1652716081.060249, sdrt-health/mac:02010b41cdec/antenna/tag/e2806894000040038662054f, 88
1652716081.10476, sdrt-health/mac:02010b41cdec/antenna/tag/e2806894000050038662154f, 85
1652716081.105213, sdrt-health/mac:02010b41cdec/antenna/tag/e2806894000050038661fd4f, 83
1652716081.105508, sdrt-health/mac:02010b41cdec/antenna/tag/e2806894000040038662054f, 94
1652716081.10579, sdrt-health/mac:02010b41cdec/antenna/tag/e2806894000050038662194f, 81
1652716081.106127, sdrt-health/mac:02010b41cdec/antenna/tag/e2806894000040038662054f, 84
1652716081.106401, sdrt-health/mac:02010b41cdec/antenna/tag/e2806894000050038662154f, 91
1652716081.106978, sdrt-health/mac:02010b41cdec/antenna/tag/e2806894000050038662154f, 97
1652716081.136388, sdrt-health/mac:02010b41cdec/antenna/tag/e2806894000050038661fd4f, 86
1652716081.169053, sdrt-health/mac:02010b41cdec/antenna/tag/e2806894000040038661f94f, 94
1652716081.169365, sdrt-health/mac:02010b41cdec/antenna/tag/e2806894000050038661fd4f, 86
1652716081.169603, sdrt-health/mac:02010b41cdec/antenna/tag/e2806894000050038662154f, 91
1652716081.228367, sdrt-health/mac:02010b41cdec/antenna/tag/e2806894000050038662154f, 85
1652716081.267901, sdrt-health/mac:02010b41cdec/antenna/tag/e2806894000050038662194f, 83
1652716081.268385, sdrt-health/mac:02010b41cdec/antenna/tag/e2806894000040038662114f, 88
1652716081.296147, sdrt-health/mac:02010b41cdec/antenna/tag/e2806894000040038662214f, 81
1652716081.296355, sdrt-health/mac:02010b41cdec/antenna/tag/e2806894000050038662154f, 85
1652716081.29655, sdrt-health/mac:02010b41cdec/antenna/tag/e2806894000050038661fd4f, 97
1652716081.346132, sdrt-health/mac:02010b41cdec/antenna/tag/e28068940000400386621d4f, 77
1652716081.426666, sdrt-health/mac:02010b41cdec/antenna/tag/e2806894000050038662194f, 87
1652716081.505158, sdrt-health/mac:02010b41cdec/antenna/tag/e2806894000050038662194f, 81
1652716081.567893, sdrt-health/mac:02010b41cdec/antenna/tag/e28068940000400386621d4f, 96
1652716081.602257, sdrt-health/mac:02010b41cdec/antenna/tag/e2806894000050038662154f, 91
1652716081.602726, sdrt-health/mac:02010b41cdec/antenna/tag/e2806894000040038662114f, 91
1652716081.603056, sdrt-health/mac:02010b41cdec/antenna/tag/e2806894000050038661fd4f, 86
1652716081.603276, sdrt-health/mac:02010b41cdec/antenna/tag/e2806894000050038662154f, 97
1652716081.618897, sdrt-health/mac:02010b41cdec/antenna/tag/e2806894000040038662054f, 84
1652716081.668118, sdrt-health/mac:02010b41cdec/antenna/tag/e2806894000040038661f94f, 94
1652716081.745321, sdrt-health/mac:02010b41cdec/antenna/tag/e2806894000040038662054f, 81
1652716081.746999, sdrt-health/mac:02010b41cdec/antenna/tag/e28068940000400386621d4f, 96
1652716081.76023, sdrt-health/mac:02010b41cdec/antenna/tag/e2806894000050038662194f, 93
1652716081.775262, sdrt-health/mac:02010b41cdec/antenna/tag/e2806894000040038662054f, 82
1652716081.775728, sdrt-health/mac:02010b41cdec/antenna/tag/e2806894000050038662194f, 93
1652716081.775908, sdrt-health/mac:02010b41cdec/antenna/tag/e28068940000400386621d4f, 77
1652716081.841935, sdrt-health/mac:02010b41cdec/antenna/tag/e2806894000040038661f94f, 81
1652716081.905927, sdrt-health/mac:02010b41cdec/antenna/tag/e2806894000040038662114f, 91
1652716081.939385, sdrt-health/mac:02010b41cdec/antenna/tag/e2806894000050038662194f, 85
1652716082.020303, sdrt-health/mac:02010b41cdec/antenna/tag/e2806894000040038662114f, 91
1652716082.068639, sdrt-health/mac:02010b41cdec/antenna/tag/e2806894000050038661fd4f, 90
1652716082.1513, sdrt-health/mac:02010b41cdec/antenna/tag/e2806894000050038662154f, 88
1652716082.257923, sdrt-health/mac:02010b41cdec/antenna/tag/e2806894000040038662114f, 88
1652716082.25845, sdrt-health/mac:02010b41cdec/antenna/tag/e2806894000040038662114f, 88
1652716082.288096, sdrt-health/mac:02010b41cdec/antenna/tag/e28068940000400386621d4f, 96
1652716082.288454, sdrt-health/mac:02010b41cdec/antenna/tag/e2806894000040038661f94f, 81
1652716082.288715, sdrt-health/mac:02010b41cdec/antenna/tag/e2806894000050038661fd4f, 86
1652716082.305057, sdrt-health/mac:02010b41cdec/antenna/tag/e2806894000050038662194f, 83
1652716082.305303, sdrt-health/mac:02010b41cdec/antenna/tag/e28068940000400386621d4f, 96
1652716082.373243, sdrt-health/mac:02010b41cdec/antenna/tag/e2806894000050038661fd4f, 83
1652716082.433706, sdrt-health/mac:02010b41cdec/antenna/tag/e2806894000050038662154f, 91
1652716082.434241, sdrt-health/mac:02010b41cdec/antenna/tag/e2806894000040038662114f, 97
1652716082.449967, sdrt-health/mac:02010b41cdec/antenna/tag/e2806894000050038662194f, 83
1652716082.468571, sdrt-health/mac:02010b41cdec/antenna/tag/e28068940000400386621d4f, 77
1652716082.560788, sdrt-health/mac:02010b41cdec/antenna/tag/e28068940000400386621d4f, 77
1652716082.561288, sdrt-health/mac:02010b41cdec/antenna/tag/e2806894000040038662214f, 81
1652716082.608988, sdrt-health/mac:02010b41cdec/antenna/tag/e2806894000040038662214f, 87
1652716082.640311, sdrt-health/mac:02010b41cdec/antenna/tag/e2806894000050038662194f, 87
1652716082.64078, sdrt-health/mac:02010b41cdec/antenna/tag/e2806894000040038662114f, 85
1652716082.657091, sdrt-health/mac:02010b41cdec/antenna/tag/e2806894000050038662154f, 88
1652716082.657346, sdrt-health/mac:02010b41cdec/antenna/tag/e28068940000500386620d4f, 88
1652716082.719439, sdrt-health/mac:02010b41cdec/antenna/tag/e2806894000050038662154f, 85
1652716082.765788, sdrt-health/mac:02010b41cdec/antenna/tag/e28068940000400386621d4f, 77
1652716082.766226, sdrt-health/mac:02010b41cdec/antenna/tag/e2806894000050038661fd4f, 83
1652716082.786937, sdrt-health/mac:02010b41cdec/antenna/tag/e28068940000400386621d4f, 90
1652716082.848139, sdrt-health/mac:02010b41cdec/antenna/tag/e2806894000050038662154f, 88
1652716082.931293, sdrt-health/mac:02010b41cdec/antenna/tag/e28068940000400386621d4f, 96
1652716082.93176, sdrt-health/mac:02010b41cdec/antenna/tag/e2806894000050038661fd4f, 86
1652716082.959757, sdrt-health/mac:02010b41cdec/antenna/tag/e2806894000040038662114f, 97
1652716083.06948, sdrt-health/mac:02010b41cdec/antenna/tag/e2806894000050038662194f, 87
1652716083.070117, sdrt-health/mac:02010b41cdec/antenna/tag/e2806894000040038662114f, 88
1652716083.123065, sdrt-health/mac:02010b41cdec/antenna/tag/e28068940000400386621d4f, 90
1652716083.199688, sdrt-health/mac:02010b41cdec/antenna/tag/e2806894000040038662114f, 91
1652716083.278043, sdrt-health/mac:02010b41cdec/antenna/tag/e2806894000050038662194f, 87
1652716083.280932, sdrt-health/mac:02010b41cdec/antenna/tag/e2806894000050038662154f, 88
1652716083.297166, sdrt-health/mac:02010b41cdec/antenna/tag/e2806894000040038662054f, 88
1652716083.347056, sdrt-health/mac:02010b41cdec/antenna/tag/e2806894000050038661fd4f, 83
1652716083.393107, sdrt-health/mac:02010b41cdec/antenna/tag/e2806894000050038661fd4f, 97
1652716083.393642, sdrt-health/mac:02010b41cdec/antenna/tag/e28068940000400386621d4f, 77
1652716083.393988, sdrt-health/mac:02010b41cdec/antenna/tag/e2806894000040038662054f, 88
1652716083.408313, sdrt-health/mac:02010b41cdec/antenna/tag/e2806894000050038661fd4f, 83
1652716083.483041, sdrt-health/mac:02010b41cdec/antenna/tag/e2806894000050038662194f, 87
1652716083.516108, sdrt-health/mac:02010b41cdec/antenna/tag/e2806894000040038662114f, 85
1652716083.527633, sdrt-health/mac:02010b41cdec/antenna/tag/e28068940000400386621d4f, 90
1652716083.562776, sdrt-health/mac:02010b41cdec/antenna/tag/e2806894000040038662054f, 94
1652716083.563154, sdrt-health/mac:02010b41cdec/antenna/tag/e2806894000050038662154f, 91
1652716083.590635, sdrt-health/mac:02010b41cdec/antenna/tag/e2806894000050038661fd4f, 83
1652716083.747038, sdrt-health/mac:02010b41cdec/antenna/tag/e2806894000050038662194f, 81
1652716083.777356, sdrt-health/mac:02010b41cdec/antenna/tag/e2806894000050038662154f, 88
1652716083.777756, sdrt-health/mac:02010b41cdec/antenna/tag/e2806894000040038662114f, 91
1652716083.811629, sdrt-health/mac:02010b41cdec/antenna/tag/e2806894000040038662054f, 84
1652716083.843233, sdrt-health/mac:02010b41cdec/antenna/tag/e2806894000050038662194f, 87
1652716083.843499, sdrt-health/mac:02010b41cdec/antenna/tag/e2806894000040038662114f, 88
1652716083.843677, sdrt-health/mac:02010b41cdec/antenna/tag/e2806894000050038662154f, 85
1652716083.843847, sdrt-health/mac:02010b41cdec/antenna/tag/e28068940000400386621d4f, 77
1652716083.844025, sdrt-health/mac:02010b41cdec/antenna/tag/e2806894000040038662214f, 88
1652716083.844205, sdrt-health/mac:02010b41cdec/antenna/tag/e2806894000040038662214f, 81
1652716083.844367, sdrt-health/mac:02010b41cdec/antenna/tag/e2806894000050038661fd4f, 83
1652716083.874698, sdrt-health/mac:02010b41cdec/antenna/tag/e28068940000400386621d4f, 96
1652716083.923724, sdrt-health/mac:02010b41cdec/antenna/tag/e2806894000040038662054f, 81
1652716083.986755, sdrt-health/mac:02010b41cdec/antenna/tag/e2806894000050038661fd4f, 83
1652716083.987292, sdrt-health/mac:02010b41cdec/antenna/tag/e2806894000040038661f94f, 81
1652716084.006065, sdrt-health/mac:02010b41cdec/antenna/tag/e28068940000500386620d4f, 81
1652716084.094971, sdrt-health/mac:02010b41cdec/antenna/tag/e2806894000040038662114f, 85
1652716084.095494, sdrt-health/mac:02010b41cdec/antenna/tag/e28068940000500386620d4f, 84
1652716084.114178, sdrt-health/mac:02010b41cdec/antenna/tag/e2806894000040038662214f, 88
1652716084.114672, sdrt-health/mac:02010b41cdec/antenna/tag/e28068940000400386621d4f, 77
1652716084.115131, sdrt-health/mac:02010b41cdec/antenna/tag/e2806894000050038661fd4f, 86
1652716084.151858, sdrt-health/mac:02010b41cdec/antenna/tag/e2806894000050038662154f, 91
1652716084.275948, sdrt-health/mac:02010b41cdec/antenna/tag/e2806894000050038661fd4f, 86
1652716084.276479, sdrt-health/mac:02010b41cdec/antenna/tag/e2806894000040038661f94f, 83
1652716084.335797, sdrt-health/mac:02010b41cdec/antenna/tag/e28068940000400386621d4f, 77
1652716084.336299, sdrt-health/mac:02010b41cdec/antenna/tag/e2806894000040038662114f, 91
1652716084.336661, sdrt-health/mac:02010b41cdec/antenna/tag/e2806894000050038661fd4f, 83
1652716084.337643, sdrt-health/mac:02010b41cdec/antenna/tag/e2806894000050038662194f, 83
1652716084.388566, sdrt-health/mac:02010b41cdec/antenna/tag/e2806894000050038661fd4f, 83
1652716084.389022, sdrt-health/mac:02010b41cdec/antenna/tag/e2806894000050038662154f, 91
1652716084.389414, sdrt-health/mac:02010b41cdec/antenna/tag/e28068940000400386621d4f, 77
1652716084.472539, sdrt-health/mac:02010b41cdec/antenna/tag/e2806894000040038662114f, 91
1652716084.522706, sdrt-health/mac:02010b41cdec/antenna/tag/e2806894000050038662194f, 83
1652716084.523253, sdrt-health/mac:02010b41cdec/antenna/tag/e2806894000050038661fd4f, 90
1652716084.549902, sdrt-health/mac:02010b41cdec/antenna/tag/e2806894000050038662154f, 83
1652716084.550384, sdrt-health/mac:02010b41cdec/antenna/tag/e2806894000050038662154f, 88
1652716084.55083, sdrt-health/mac:02010b41cdec/antenna/tag/e2806894000050038661fd4f, 90
1652716084.5677, sdrt-health/mac:02010b41cdec/antenna/tag/e2806894000040038662054f, 94
1652716084.65036, sdrt-health/mac:02010b41cdec/antenna/tag/e2806894000040038661f94f, 84
1652716084.68216, sdrt-health/mac:02010b41cdec/antenna/tag/e2806894000040038662114f, 88
1652716084.758366, sdrt-health/mac:02010b41cdec/antenna/tag/e2806894000050038662154f, 88
1652716084.758944, sdrt-health/mac:02010b41cdec/antenna/tag/e2806894000050038662194f, 81
1652716084.788931, sdrt-health/mac:02010b41cdec/antenna/tag/e2806894000040038661f94f, 94
1652716084.946758, sdrt-health/mac:02010b41cdec/antenna/tag/e2806894000040038662114f, 83
1652716084.947435, sdrt-health/mac:02010b41cdec/antenna/tag/e28068940000400386621d4f, 96
1652716084.961455, sdrt-health/mac:02010b41cdec/antenna/tag/e2806894000040038662114f, 88
1652716084.984451, sdrt-health/mac:02010b41cdec/antenna/tag/e2806894000040038662114f, 88
1652716085.012873, sdrt-health/mac:02010b41cdec/antenna/tag/e2806894000040038662214f, 88
1652716085.013558, sdrt-health/mac:02010b41cdec/antenna/tag/e28068940000400386621d4f, 77
1652716085.013905, sdrt-health/mac:02010b41cdec/antenna/tag/e2806894000040038662114f, 88
1652716085.108549, sdrt-health/mac:02010b41cdec/antenna/tag/e2806894000050038662154f, 97
1652716085.140249, sdrt-health/mac:02010b41cdec/antenna/tag/e2806894000050038662194f, 87
1652716085.140596, sdrt-health/mac:02010b41cdec/antenna/tag/e28068940000400386621d4f, 96
1652716085.167114, sdrt-health/mac:02010b41cdec/antenna/tag/e2806894000040038662214f, 83
1652716085.234564, sdrt-health/mac:02010b41cdec/antenna/tag/e2806894000050038662194f, 83
1652716085.235074, sdrt-health/mac:02010b41cdec/antenna/tag/e2806894000050038662154f, 91
1652716085.249349, sdrt-health/mac:02010b41cdec/antenna/tag/e28068940000400386621d4f, 90
1652716085.26704, sdrt-health/mac:02010b41cdec/antenna/tag/e2806894000050038661fd4f, 86
1652716085.350602, sdrt-health/mac:02010b41cdec/antenna/tag/e2806894000050038662194f, 81
1652716085.380703, sdrt-health/mac:02010b41cdec/antenna/tag/e2806894000040038662114f, 88
1652716085.38106, sdrt-health/mac:02010b41cdec/antenna/tag/e2806894000040038662114f, 88
1652716085.412466, sdrt-health/mac:02010b41cdec/antenna/tag/e28068940000400386621d4f, 96
1652716085.445059, sdrt-health/mac:02010b41cdec/antenna/tag/e2806894000040038662114f, 88
1652716085.445401, sdrt-health/mac:02010b41cdec/antenna/tag/e2806894000040038661f94f, 81
1652716085.463414, sdrt-health/mac:02010b41cdec/antenna/tag/e2806894000050038662154f, 88
1652716085.665381, sdrt-health/mac:02010b41cdec/antenna/tag/scan, scan stopped
