1652706917.709813, sdrt-health/mac:02010b41cdec/antenna/power/set, {"power": 280}
1652706918.886362, sdrt-health/mac:02010b41cdec/antenna/power/set, 
1652706922.731594, sdrt-health/mac:02010b41cdec/antenna/tag/scan, {"time": 20000}
1652706923.089648, sdrt-health/mac:02010b41cdec/antenna/tag/e28068940000400386621d4f, 96
1652706923.179531, sdrt-health/mac:02010b41cdec/antenna/tag/e2806894000050038661fd4f, 86
1652706923.268488, sdrt-health/mac:02010b41cdec/antenna/tag/e28068940000400386621d4f, 90
1652706923.310461, sdrt-health/mac:02010b41cdec/antenna/tag/e2806894000050038662154f, 88
1652706923.363801, sdrt-health/mac:02010b41cdec/antenna/tag/e28068940000400386621d4f, 90
1652706923.364356, sdrt-health/mac:02010b41cdec/antenna/tag/e28068940000400386621d4f, 90
1652706923.36475, sdrt-health/mac:02010b41cdec/antenna/tag/e2806894000050038661fd4f, 86
1652706923.378246, sdrt-health/mac:02010b41cdec/antenna/tag/e2806894000040038662114f, 88
1652706923.388729, sdrt-health/mac:02010b41cdec/antenna/tag/e2806894000040038662114f, 88
1652706923.429444, sdrt-health/mac:02010b41cdec/antenna/tag/e28068940000400386621d4f, 90
1652706923.486994, sdrt-health/mac:02010b41cdec/antenna/tag/e2806894000050038661fd4f, 86
1652706923.545442, sdrt-health/mac:02010b41cdec/antenna/tag/e28068940000400386621d4f, 96
1652706923.545999, sdrt-health/mac:02010b41cdec/antenna/tag/e2806894000050038662194f, 81
1652706923.546407, sdrt-health/mac:02010b41cdec/antenna/tag/e2806894000040038661f94f, 83
1652706923.588234, sdrt-health/mac:02010b41cdec/antenna/tag/e28068940000400386621d4f, 90
1652706923.630138, sdrt-health/mac:02010b41cdec/antenna/tag/e28068940000500386620d4f, 88
1652706923.679036, sdrt-health/mac:02010b41cdec/antenna/tag/e28068940000400386621d4f, 96
1652706923.735389, sdrt-health/mac:02010b41cdec/antenna/tag/e2806894000050038661fd4f, 97
1652706923.735834, sdrt-health/mac:02010b41cdec/antenna/tag/e2806894000050038662154f, 88
1652706923.750564, sdrt-health/mac:02010b41cdec/antenna/tag/e2806894000050038662194f, 83
1652706923.794034, sdrt-health/mac:02010b41cdec/antenna/tag/e2806894000050038662154f, 88
1652706923.794436, sdrt-health/mac:02010b41cdec/antenna/tag/e2806894000050038662194f, 83
1652706923.828693, sdrt-health/mac:02010b41cdec/antenna/tag/e28068940000400386621d4f, 90
1652706923.896242, sdrt-health/mac:02010b41cdec/antenna/tag/e28068940000400386621d4f, 90
1652706923.896701, sdrt-health/mac:02010b41cdec/antenna/tag/e2806894000050038662154f, 88
1652706923.912194, sdrt-health/mac:02010b41cdec/antenna/tag/e2806894000050038662154f, 88
1652706923.912561, sdrt-health/mac:02010b41cdec/antenna/tag/e2806894000050038661fd4f, 83
1652706923.912848, sdrt-health/mac:02010b41cdec/antenna/tag/e28068940000500386620d4f, 83
1652706923.929637, sdrt-health/mac:02010b41cdec/antenna/tag/e2806894000040038662114f, 85
1652706923.979048, sdrt-health/mac:02010b41cdec/antenna/tag/e2806894000050038661fd4f, 83
1652706924.019243, sdrt-health/mac:02010b41cdec/antenna/tag/e2806894000050038662194f, 83
1652706924.059308, sdrt-health/mac:02010b41cdec/antenna/tag/e28068940000500386620d4f, 81
1652706924.100539, sdrt-health/mac:02010b41cdec/antenna/tag/e2806894000050038661fd4f, 97
1652706924.154658, sdrt-health/mac:02010b41cdec/antenna/tag/e2806894000050038662154f, 88
1652706924.155209, sdrt-health/mac:02010b41cdec/antenna/tag/e2806894000050038661fd4f, 83
1652706924.188608, sdrt-health/mac:02010b41cdec/antenna/tag/e28068940000400386621d4f, 90
1652706924.224082, sdrt-health/mac:02010b41cdec/antenna/tag/e2806894000050038662154f, 91
1652706924.22438, sdrt-health/mac:02010b41cdec/antenna/tag/e2806894000050038662154f, 88
1652706924.243159, sdrt-health/mac:02010b41cdec/antenna/tag/e28068940000400386621d4f, 90
1652706924.243476, sdrt-health/mac:02010b41cdec/antenna/tag/e28068940000500386620d4f, 83
1652706924.269412, sdrt-health/mac:02010b41cdec/antenna/tag/e2806894000040038662114f, 85
1652706924.320292, sdrt-health/mac:02010b41cdec/antenna/tag/e2806894000040038662114f, 88
1652706924.37446, sdrt-health/mac:02010b41cdec/antenna/tag/e2806894000050038661fd4f, 86
1652706924.374903, sdrt-health/mac:02010b41cdec/antenna/tag/e2806894000050038662154f, 88
1652706924.388143, sdrt-health/mac:02010b41cdec/antenna/tag/e2806894000050038661fd4f, 86
1652706924.449096, sdrt-health/mac:02010b41cdec/antenna/tag/e28068940000500386620d4f, 83
1652706924.496965, sdrt-health/mac:02010b41cdec/antenna/tag/e2806894000040038662114f, 88
1652706924.570968, sdrt-health/mac:02010b41cdec/antenna/tag/e2806894000050038662154f, 88
1652706924.627782, sdrt-health/mac:02010b41cdec/antenna/tag/e2806894000050038661fd4f, 83
1652706924.683752, sdrt-health/mac:02010b41cdec/antenna/tag/e2806894000040038662114f, 88
1652706924.684302, sdrt-health/mac:02010b41cdec/antenna/tag/e2806894000040038662114f, 85
1652706924.709851, sdrt-health/mac:02010b41cdec/antenna/tag/e2806894000040038662114f, 88
1652706924.771246, sdrt-health/mac:02010b41cdec/antenna/tag/e2806894000050038662154f, 91
1652706924.771702, sdrt-health/mac:02010b41cdec/antenna/tag/e28068940000400386621d4f, 90
1652706924.802511, sdrt-health/mac:02010b41cdec/antenna/tag/e2806894000040038662114f, 88
1652706924.857786, sdrt-health/mac:02010b41cdec/antenna/tag/e28068940000500386620d4f, 83
1652706924.858334, sdrt-health/mac:02010b41cdec/antenna/tag/e2806894000040038662114f, 91
1652706924.872845, sdrt-health/mac:02010b41cdec/antenna/tag/e2806894000040038662114f, 91
1652706924.873381, sdrt-health/mac:02010b41cdec/antenna/tag/e28068940000400386621d4f, 90
1652706924.892599, sdrt-health/mac:02010b41cdec/antenna/tag/e2806894000050038662154f, 85
1652706924.977586, sdrt-health/mac:02010b41cdec/antenna/tag/e2806894000050038661fd4f, 83
1652706924.978087, sdrt-health/mac:02010b41cdec/antenna/tag/e2806894000050038661fd4f, 86
1652706924.999215, sdrt-health/mac:02010b41cdec/antenna/tag/e2806894000040038662114f, 88
1652706925.093997, sdrt-health/mac:02010b41cdec/antenna/tag/e28068940000400386621d4f, 90
1652706925.094516, sdrt-health/mac:02010b41cdec/antenna/tag/e28068940000500386620d4f, 83
1652706925.129088, sdrt-health/mac:02010b41cdec/antenna/tag/e28068940000500386620d4f, 81
1652706925.170541, sdrt-health/mac:02010b41cdec/antenna/tag/e28068940000400386621d4f, 77
1652706925.205992, sdrt-health/mac:02010b41cdec/antenna/tag/e28068940000500386620d4f, 81
1652706925.206359, sdrt-health/mac:02010b41cdec/antenna/tag/e2806894000050038661fd4f, 83
1652706925.222322, sdrt-health/mac:02010b41cdec/antenna/tag/e28068940000500386620d4f, 83
1652706925.222539, sdrt-health/mac:02010b41cdec/antenna/tag/e2806894000050038661fd4f, 83
1652706925.266392, sdrt-health/mac:02010b41cdec/antenna/tag/e28068940000400386621d4f, 90
1652706925.325227, sdrt-health/mac:02010b41cdec/antenna/tag/e2806894000050038662154f, 88
1652706925.325769, sdrt-health/mac:02010b41cdec/antenna/tag/e28068940000500386620d4f, 87
1652706925.349672, sdrt-health/mac:02010b41cdec/antenna/tag/e28068940000500386620d4f, 83
1652706925.412486, sdrt-health/mac:02010b41cdec/antenna/tag/e28068940000400386621d4f, 96
1652706925.412963, sdrt-health/mac:02010b41cdec/antenna/tag/e2806894000040038662114f, 88
1652706925.428837, sdrt-health/mac:02010b41cdec/antenna/tag/e2806894000040038662114f, 88
1652706925.429316, sdrt-health/mac:02010b41cdec/antenna/tag/e28068940000400386621d4f, 90
1652706925.448016, sdrt-health/mac:02010b41cdec/antenna/tag/e2806894000050038661fd4f, 86
1652706925.514038, sdrt-health/mac:02010b41cdec/antenna/tag/e2806894000040038662114f, 88
1652706925.514531, sdrt-health/mac:02010b41cdec/antenna/tag/e2806894000050038661fd4f, 83
1652706925.530363, sdrt-health/mac:02010b41cdec/antenna/tag/e2806894000040038662114f, 85
1652706925.540021, sdrt-health/mac:02010b41cdec/antenna/tag/e2806894000040038662114f, 88
1652706925.547136, sdrt-health/mac:02010b41cdec/antenna/tag/e28068940000400386621d4f, 77
1652706925.621381, sdrt-health/mac:02010b41cdec/antenna/tag/e2806894000040038662114f, 88
1652706925.680044, sdrt-health/mac:02010b41cdec/antenna/tag/e28068940000400386621d4f, 90
1652706925.734214, sdrt-health/mac:02010b41cdec/antenna/tag/e28068940000500386620d4f, 83
1652706925.734708, sdrt-health/mac:02010b41cdec/antenna/tag/e28068940000400386621d4f, 90
1652706925.772628, sdrt-health/mac:02010b41cdec/antenna/tag/e28068940000400386621d4f, 90
1652706925.809259, sdrt-health/mac:02010b41cdec/antenna/tag/e2806894000040038662114f, 88
1652706925.809527, sdrt-health/mac:02010b41cdec/antenna/tag/e2806894000050038662154f, 88
1652706925.827987, sdrt-health/mac:02010b41cdec/antenna/tag/e28068940000500386620d4f, 94
1652706925.869018, sdrt-health/mac:02010b41cdec/antenna/tag/e2806894000050038661fd4f, 86
1652706925.933873, sdrt-health/mac:02010b41cdec/antenna/tag/e2806894000040038662114f, 85
1652706925.934329, sdrt-health/mac:02010b41cdec/antenna/tag/e2806894000050038662154f, 88
1652706925.94847, sdrt-health/mac:02010b41cdec/antenna/tag/e2806894000040038662114f, 88
1652706925.998703, sdrt-health/mac:02010b41cdec/antenna/tag/e2806894000050038662154f, 85
1652706926.055627, sdrt-health/mac:02010b41cdec/antenna/tag/e2806894000050038661fd4f, 83
1652706926.114438, sdrt-health/mac:02010b41cdec/antenna/tag/e28068940000400386621d4f, 96
1652706926.114756, sdrt-health/mac:02010b41cdec/antenna/tag/e2806894000050038662154f, 88
1652706926.129272, sdrt-health/mac:02010b41cdec/antenna/tag/e28068940000400386621d4f, 90
1652706926.138873, sdrt-health/mac:02010b41cdec/antenna/tag/e28068940000400386621d4f, 90
1652706926.18085, sdrt-health/mac:02010b41cdec/antenna/tag/e2806894000040038662114f, 85
1652706926.247296, sdrt-health/mac:02010b41cdec/antenna/tag/e28068940000400386621d4f, 90
1652706926.247739, sdrt-health/mac:02010b41cdec/antenna/tag/e2806894000050038662154f, 91
1652706926.248169, sdrt-health/mac:02010b41cdec/antenna/tag/e2806894000050038662154f, 88
1652706926.262256, sdrt-health/mac:02010b41cdec/antenna/tag/e28068940000400386621d4f, 90
1652706926.278984, sdrt-health/mac:02010b41cdec/antenna/tag/e2806894000050038662154f, 91
1652706926.335343, sdrt-health/mac:02010b41cdec/antenna/tag/e2806894000050038661fd4f, 86
1652706926.335822, sdrt-health/mac:02010b41cdec/antenna/tag/e28068940000400386621d4f, 90
1652706926.35076, sdrt-health/mac:02010b41cdec/antenna/tag/e28068940000400386621d4f, 90
1652706926.359101, sdrt-health/mac:02010b41cdec/antenna/tag/e2806894000050038662154f, 88
1652706926.419142, sdrt-health/mac:02010b41cdec/antenna/tag/e2806894000040038662114f, 85
1652706926.45853, sdrt-health/mac:02010b41cdec/antenna/tag/e2806894000050038662154f, 88
1652706926.517854, sdrt-health/mac:02010b41cdec/antenna/tag/e28068940000500386620d4f, 81
1652706926.574891, sdrt-health/mac:02010b41cdec/antenna/tag/e2806894000050038662194f, 84
1652706926.575339, sdrt-health/mac:02010b41cdec/antenna/tag/e2806894000050038662194f, 94
1652706926.589321, sdrt-health/mac:02010b41cdec/antenna/tag/e28068940000500386620d4f, 81
1652706926.60006, sdrt-health/mac:02010b41cdec/antenna/tag/e2806894000050038661fd4f, 83
1652706926.604576, sdrt-health/mac:02010b41cdec/antenna/tag/e2806894000050038662194f, 94
1652706926.65887, sdrt-health/mac:02010b41cdec/antenna/tag/e2806894000050038661fd4f, 83
1652706926.700649, sdrt-health/mac:02010b41cdec/antenna/tag/e2806894000040038662114f, 88
1652706926.773224, sdrt-health/mac:02010b41cdec/antenna/tag/e28068940000400386621d4f, 96
1652706926.773508, sdrt-health/mac:02010b41cdec/antenna/tag/e28068940000400386621d4f, 90
1652706926.809768, sdrt-health/mac:02010b41cdec/antenna/tag/e28068940000400386621d4f, 90
1652706926.864713, sdrt-health/mac:02010b41cdec/antenna/tag/e2806894000050038662154f, 88
1652706926.865482, sdrt-health/mac:02010b41cdec/antenna/tag/e2806894000050038661fd4f, 83
1652706926.879316, sdrt-health/mac:02010b41cdec/antenna/tag/e28068940000400386621d4f, 90
1652706926.879583, sdrt-health/mac:02010b41cdec/antenna/tag/e2806894000050038661fd4f, 83
1652706926.909335, sdrt-health/mac:02010b41cdec/antenna/tag/e2806894000040038662054f, 83
1652706926.94687, sdrt-health/mac:02010b41cdec/antenna/tag/e28068940000400386621d4f, 90
1652706927.004291, sdrt-health/mac:02010b41cdec/antenna/tag/e2806894000050038662154f, 88
1652706927.004784, sdrt-health/mac:02010b41cdec/antenna/tag/e2806894000040038662114f, 91
1652706927.01802, sdrt-health/mac:02010b41cdec/antenna/tag/e2806894000050038662154f, 88
1652706927.036811, sdrt-health/mac:02010b41cdec/antenna/tag/e2806894000050038661fd4f, 83
1652706927.079361, sdrt-health/mac:02010b41cdec/antenna/tag/e2806894000050038661fd4f, 83
1652706927.160399, sdrt-health/mac:02010b41cdec/antenna/tag/e28068940000400386621d4f, 96
1652706927.207549, sdrt-health/mac:02010b41cdec/antenna/tag/e2806894000050038662194f, 83
1652706927.208126, sdrt-health/mac:02010b41cdec/antenna/tag/e2806894000040038662114f, 88
1652706927.248735, sdrt-health/mac:02010b41cdec/antenna/tag/e2806894000050038661fd4f, 86
1652706927.312349, sdrt-health/mac:02010b41cdec/antenna/tag/e2806894000050038662154f, 88
1652706927.312731, sdrt-health/mac:02010b41cdec/antenna/tag/e2806894000050038662154f, 88
1652706927.368213, sdrt-health/mac:02010b41cdec/antenna/tag/e28068940000500386620d4f, 83
1652706927.43862, sdrt-health/mac:02010b41cdec/antenna/tag/e2806894000050038662194f, 94
1652706927.548978, sdrt-health/mac:02010b41cdec/antenna/tag/e28068940000400386621d4f, 96
1652706927.549702, sdrt-health/mac:02010b41cdec/antenna/tag/e28068940000400386621d4f, 96
1652706927.563747, sdrt-health/mac:02010b41cdec/antenna/tag/e2806894000050038661fd4f, 83
1652706927.590253, sdrt-health/mac:02010b41cdec/antenna/tag/e2806894000040038662114f, 88
1652706927.654714, sdrt-health/mac:02010b41cdec/antenna/tag/e2806894000050038662154f, 88
1652706927.655225, sdrt-health/mac:02010b41cdec/antenna/tag/e28068940000400386621d4f, 96
1652706927.689526, sdrt-health/mac:02010b41cdec/antenna/tag/e28068940000500386620d4f, 81
1652706927.747144, sdrt-health/mac:02010b41cdec/antenna/tag/e2806894000050038661fd4f, 83
1652706927.789731, sdrt-health/mac:02010b41cdec/antenna/tag/e2806894000050038661fd4f, 83
1652706927.818035, sdrt-health/mac:02010b41cdec/antenna/tag/e28068940000400386621d4f, 77
1652706927.81837, sdrt-health/mac:02010b41cdec/antenna/tag/e2806894000050038661fd4f, 83
1652706927.838471, sdrt-health/mac:02010b41cdec/antenna/tag/e2806894000050038662154f, 88
1652706927.878596, sdrt-health/mac:02010b41cdec/antenna/tag/e2806894000050038661fd4f, 83
1652706927.878855, sdrt-health/mac:02010b41cdec/antenna/tag/e2806894000050038661fd4f, 83
1652706927.918823, sdrt-health/mac:02010b41cdec/antenna/tag/e2806894000050038662154f, 88
1652706927.972868, sdrt-health/mac:02010b41cdec/antenna/tag/e2806894000040038662114f, 85
1652706927.973454, sdrt-health/mac:02010b41cdec/antenna/tag/e2806894000050038662154f, 88
1652706927.998746, sdrt-health/mac:02010b41cdec/antenna/tag/e28068940000500386620d4f, 81
1652706928.026241, sdrt-health/mac:02010b41cdec/antenna/tag/e2806894000040038662114f, 85
1652706928.026701, sdrt-health/mac:02010b41cdec/antenna/tag/e28068940000500386620d4f, 81
1652706928.039803, sdrt-health/mac:02010b41cdec/antenna/tag/e2806894000050038662194f, 83
1652706928.119553, sdrt-health/mac:02010b41cdec/antenna/tag/e28068940000400386621d4f, 90
1652706928.158414, sdrt-health/mac:02010b41cdec/antenna/tag/e2806894000050038661fd4f, 83
1652706928.231098, sdrt-health/mac:02010b41cdec/antenna/tag/e2806894000050038662194f, 81
1652706928.231689, sdrt-health/mac:02010b41cdec/antenna/tag/e2806894000050038662154f, 88
1652706928.25878, sdrt-health/mac:02010b41cdec/antenna/tag/e2806894000050038661fd4f, 83
1652706928.306337, sdrt-health/mac:02010b41cdec/antenna/tag/e2806894000050038662154f, 88
1652706928.348718, sdrt-health/mac:02010b41cdec/antenna/tag/e2806894000050038662154f, 88
1652706928.388379, sdrt-health/mac:02010b41cdec/antenna/tag/e2806894000050038661fd4f, 83
1652706928.416924, sdrt-health/mac:02010b41cdec/antenna/tag/e28068940000400386621d4f, 90
1652706928.41726, sdrt-health/mac:02010b41cdec/antenna/tag/e2806894000040038662114f, 91
1652706928.430624, sdrt-health/mac:02010b41cdec/antenna/tag/e2806894000050038661fd4f, 86
1652706928.480061, sdrt-health/mac:02010b41cdec/antenna/tag/e2806894000050038661fd4f, 86
1652706928.519237, sdrt-health/mac:02010b41cdec/antenna/tag/e2806894000040038662114f, 91
1652706928.580162, sdrt-health/mac:02010b41cdec/antenna/tag/e2806894000040038662114f, 88
1652706928.580609, sdrt-health/mac:02010b41cdec/antenna/tag/e28068940000400386621d4f, 90
1652706928.608987, sdrt-health/mac:02010b41cdec/antenna/tag/e28068940000400386621d4f, 77
1652706928.659911, sdrt-health/mac:02010b41cdec/antenna/tag/e2806894000050038662194f, 83
1652706928.71436, sdrt-health/mac:02010b41cdec/antenna/tag/e2806894000050038662194f, 81
1652706928.714925, sdrt-health/mac:02010b41cdec/antenna/tag/e2806894000050038662154f, 85
1652706928.749148, sdrt-health/mac:02010b41cdec/antenna/tag/e2806894000040038661f94f, 84
1652706928.883376, sdrt-health/mac:02010b41cdec/antenna/tag/e28068940000400386621d4f, 90
1652706928.883977, sdrt-health/mac:02010b41cdec/antenna/tag/e28068940000400386621d4f, 96
1652706928.897182, sdrt-health/mac:02010b41cdec/antenna/tag/e2806894000050038662154f, 85
1652706928.897927, sdrt-health/mac:02010b41cdec/antenna/tag/e2806894000050038662154f, 91
1652706928.918659, sdrt-health/mac:02010b41cdec/antenna/tag/e2806894000050038661fd4f, 86
1652706928.946825, sdrt-health/mac:02010b41cdec/antenna/tag/e2806894000050038661fd4f, 83
1652706928.947163, sdrt-health/mac:02010b41cdec/antenna/tag/e2806894000050038661fd4f, 86
1652706928.947388, sdrt-health/mac:02010b41cdec/antenna/tag/e2806894000040038662114f, 91
1652706928.978967, sdrt-health/mac:02010b41cdec/antenna/tag/e28068940000400386621d4f, 90
1652706929.037913, sdrt-health/mac:02010b41cdec/antenna/tag/e2806894000040038662114f, 88
1652706929.038363, sdrt-health/mac:02010b41cdec/antenna/tag/e28068940000400386621d4f, 96
1652706929.050865, sdrt-health/mac:02010b41cdec/antenna/tag/e2806894000050038662194f, 88
1652706929.058887, sdrt-health/mac:02010b41cdec/antenna/tag/e2806894000050038661fd4f, 83
1652706929.064555, sdrt-health/mac:02010b41cdec/antenna/tag/e28068940000400386621d4f, 90
1652706929.09992, sdrt-health/mac:02010b41cdec/antenna/tag/e2806894000050038662194f, 83
1652706929.146912, sdrt-health/mac:02010b41cdec/antenna/tag/e28068940000400386621d4f, 96
1652706929.147657, sdrt-health/mac:02010b41cdec/antenna/tag/e2806894000050038662154f, 85
1652706929.189016, sdrt-health/mac:02010b41cdec/antenna/tag/e2806894000040038662114f, 85
1652706929.242704, sdrt-health/mac:02010b41cdec/antenna/tag/e2806894000050038662194f, 81
1652706929.243135, sdrt-health/mac:02010b41cdec/antenna/tag/e2806894000050038662154f, 88
1652706929.270117, sdrt-health/mac:02010b41cdec/antenna/tag/e2806894000050038662194f, 81
1652706929.299047, sdrt-health/mac:02010b41cdec/antenna/tag/e2806894000050038662194f, 87
1652706929.299508, sdrt-health/mac:02010b41cdec/antenna/tag/e2806894000050038661fd4f, 83
1652706929.313981, sdrt-health/mac:02010b41cdec/antenna/tag/e2806894000040038662114f, 85
1652706929.314308, sdrt-health/mac:02010b41cdec/antenna/tag/e28068940000400386621d4f, 96
1652706929.358977, sdrt-health/mac:02010b41cdec/antenna/tag/e2806894000050038662194f, 83
1652706929.399006, sdrt-health/mac:02010b41cdec/antenna/tag/e28068940000400386621d4f, 90
1652706929.400024, sdrt-health/mac:02010b41cdec/antenna/tag/e2806894000040038662114f, 85
1652706929.413398, sdrt-health/mac:02010b41cdec/antenna/tag/e28068940000400386621d4f, 96
1652706929.413609, sdrt-health/mac:02010b41cdec/antenna/tag/e2806894000050038662154f, 88
1652706929.438855, sdrt-health/mac:02010b41cdec/antenna/tag/e2806894000050038661fd4f, 83
1652706929.494932, sdrt-health/mac:02010b41cdec/antenna/tag/e2806894000050038662154f, 88
1652706929.495485, sdrt-health/mac:02010b41cdec/antenna/tag/e28068940000400386621d4f, 90
1652706929.537267, sdrt-health/mac:02010b41cdec/antenna/tag/e28068940000400386621d4f, 96
1652706929.578664, sdrt-health/mac:02010b41cdec/antenna/tag/e2806894000040038662114f, 85
1652706929.646649, sdrt-health/mac:02010b41cdec/antenna/tag/e2806894000050038662154f, 88
1652706929.647028, sdrt-health/mac:02010b41cdec/antenna/tag/e2806894000050038662154f, 91
1652706929.689731, sdrt-health/mac:02010b41cdec/antenna/tag/e2806894000050038661fd4f, 86
1652706929.739274, sdrt-health/mac:02010b41cdec/antenna/tag/e2806894000050038662154f, 88
1652706929.794826, sdrt-health/mac:02010b41cdec/antenna/tag/e2806894000040038662114f, 88
1652706929.795324, sdrt-health/mac:02010b41cdec/antenna/tag/e2806894000040038662114f, 88
1652706929.809174, sdrt-health/mac:02010b41cdec/antenna/tag/e2806894000050038662154f, 85
1652706929.82666, sdrt-health/mac:02010b41cdec/antenna/tag/e2806894000050038661fd4f, 86
1652706929.882549, sdrt-health/mac:02010b41cdec/antenna/tag/e28068940000400386621d4f, 90
1652706929.883175, sdrt-health/mac:02010b41cdec/antenna/tag/e2806894000040038662114f, 88
1652706929.919878, sdrt-health/mac:02010b41cdec/antenna/tag/e28068940000400386621d4f, 90
1652706929.948804, sdrt-health/mac:02010b41cdec/antenna/tag/e2806894000050038661fd4f, 86
1652706929.949347, sdrt-health/mac:02010b41cdec/antenna/tag/e2806894000050038662154f, 88
1652706929.976672, sdrt-health/mac:02010b41cdec/antenna/tag/e28068940000400386621d4f, 96
1652706930.040812, sdrt-health/mac:02010b41cdec/antenna/tag/e2806894000050038662194f, 88
1652706930.041233, sdrt-health/mac:02010b41cdec/antenna/tag/e2806894000040038662114f, 88
1652706930.054995, sdrt-health/mac:02010b41cdec/antenna/tag/e2806894000040038662114f, 88
1652706930.068509, sdrt-health/mac:02010b41cdec/antenna/tag/e28068940000500386620d4f, 81
1652706930.125996, sdrt-health/mac:02010b41cdec/antenna/tag/e28068940000500386620d4f, 83
1652706930.183012, sdrt-health/mac:02010b41cdec/antenna/tag/e2806894000040038662114f, 85
1652706930.183523, sdrt-health/mac:02010b41cdec/antenna/tag/e2806894000050038662154f, 88
1652706930.197134, sdrt-health/mac:02010b41cdec/antenna/tag/e28068940000400386621d4f, 96
1652706930.219684, sdrt-health/mac:02010b41cdec/antenna/tag/e2806894000050038662194f, 81
1652706930.269435, sdrt-health/mac:02010b41cdec/antenna/tag/e28068940000400386621d4f, 77
1652706930.309222, sdrt-health/mac:02010b41cdec/antenna/tag/e28068940000400386621d4f, 96
1652706930.33856, sdrt-health/mac:02010b41cdec/antenna/tag/e2806894000050038662154f, 88
1652706930.339058, sdrt-health/mac:02010b41cdec/antenna/tag/e28068940000400386621d4f, 90
1652706930.353833, sdrt-health/mac:02010b41cdec/antenna/tag/e28068940000500386620d4f, 83
1652706930.354081, sdrt-health/mac:02010b41cdec/antenna/tag/e2806894000040038662114f, 85
1652706930.398715, sdrt-health/mac:02010b41cdec/antenna/tag/e2806894000050038662154f, 91
1652706930.456501, sdrt-health/mac:02010b41cdec/antenna/tag/e2806894000050038662154f, 88
1652706930.457035, sdrt-health/mac:02010b41cdec/antenna/tag/e2806894000050038662154f, 88
1652706930.506545, sdrt-health/mac:02010b41cdec/antenna/tag/e2806894000050038662194f, 83
1652706930.576991, sdrt-health/mac:02010b41cdec/antenna/tag/e2806894000050038661fd4f, 83
1652706930.629445, sdrt-health/mac:02010b41cdec/antenna/tag/e2806894000040038662114f, 91
1652706930.659827, sdrt-health/mac:02010b41cdec/antenna/tag/e28068940000500386620d4f, 85
1652706930.660321, sdrt-health/mac:02010b41cdec/antenna/tag/e2806894000050038662154f, 88
1652706930.66064, sdrt-health/mac:02010b41cdec/antenna/tag/e2806894000050038661fd4f, 83
1652706930.688369, sdrt-health/mac:02010b41cdec/antenna/tag/e28068940000500386620d4f, 81
1652706930.747403, sdrt-health/mac:02010b41cdec/antenna/tag/e2806894000050038662154f, 88
1652706930.789325, sdrt-health/mac:02010b41cdec/antenna/tag/e2806894000050038662154f, 85
1652706930.830483, sdrt-health/mac:02010b41cdec/antenna/tag/e28068940000500386620d4f, 81
1652706930.89224, sdrt-health/mac:02010b41cdec/antenna/tag/e2806894000050038662154f, 88
1652706930.892772, sdrt-health/mac:02010b41cdec/antenna/tag/e2806894000050038662154f, 88
1652706930.918697, sdrt-health/mac:02010b41cdec/antenna/tag/e28068940000500386620d4f, 81
1652706930.919151, sdrt-health/mac:02010b41cdec/antenna/tag/e28068940000500386620d4f, 83
1652706930.966467, sdrt-health/mac:02010b41cdec/antenna/tag/e28068940000500386620d4f, 81
1652706931.074254, sdrt-health/mac:02010b41cdec/antenna/tag/e28068940000500386620d4f, 94
1652706931.118313, sdrt-health/mac:02010b41cdec/antenna/tag/e2806894000050038661fd4f, 83
1652706931.146337, sdrt-health/mac:02010b41cdec/antenna/tag/e2806894000040038662114f, 85
1652706931.146643, sdrt-health/mac:02010b41cdec/antenna/tag/e28068940000500386620d4f, 81
1652706931.146834, sdrt-health/mac:02010b41cdec/antenna/tag/e2806894000050038662154f, 88
1652706931.193766, sdrt-health/mac:02010b41cdec/antenna/tag/e2806894000050038661fd4f, 83
1652706931.222849, sdrt-health/mac:02010b41cdec/antenna/tag/e28068940000500386620d4f, 88
1652706931.223243, sdrt-health/mac:02010b41cdec/antenna/tag/e2806894000040038662114f, 85
1652706931.246638, sdrt-health/mac:02010b41cdec/antenna/tag/e28068940000500386620d4f, 83
1652706931.275475, sdrt-health/mac:02010b41cdec/antenna/tag/e2806894000040038662114f, 88
1652706931.275828, sdrt-health/mac:02010b41cdec/antenna/tag/e2806894000040038662114f, 85
1652706931.307822, sdrt-health/mac:02010b41cdec/antenna/tag/e28068940000500386620d4f, 83
1652706931.348874, sdrt-health/mac:02010b41cdec/antenna/tag/e2806894000050038662154f, 88
1652706931.403733, sdrt-health/mac:02010b41cdec/antenna/tag/e2806894000040038662114f, 91
1652706931.404333, sdrt-health/mac:02010b41cdec/antenna/tag/e2806894000050038661fd4f, 83
1652706931.41743, sdrt-health/mac:02010b41cdec/antenna/tag/e2806894000050038662154f, 88
1652706931.438147, sdrt-health/mac:02010b41cdec/antenna/tag/e2806894000050038661fd4f, 83
1652706931.489592, sdrt-health/mac:02010b41cdec/antenna/tag/e2806894000040038662114f, 97
1652706931.542331, sdrt-health/mac:02010b41cdec/antenna/tag/e2806894000050038662154f, 88
1652706931.542829, sdrt-health/mac:02010b41cdec/antenna/tag/e28068940000400386621d4f, 96
1652706931.55627, sdrt-health/mac:02010b41cdec/antenna/tag/e2806894000040038662114f, 88
1652706931.608704, sdrt-health/mac:02010b41cdec/antenna/tag/e28068940000500386620d4f, 81
1652706931.648821, sdrt-health/mac:02010b41cdec/antenna/tag/e28068940000500386620d4f, 81
1652706931.697944, sdrt-health/mac:02010b41cdec/antenna/tag/e2806894000050038661fd4f, 83
1652706931.748457, sdrt-health/mac:02010b41cdec/antenna/tag/e2806894000050038662154f, 88
1652706931.777329, sdrt-health/mac:02010b41cdec/antenna/tag/e2806894000050038661fd4f, 83
1652706931.777562, sdrt-health/mac:02010b41cdec/antenna/tag/e2806894000040038662114f, 85
1652706931.791266, sdrt-health/mac:02010b41cdec/antenna/tag/e2806894000050038662154f, 88
1652706931.791483, sdrt-health/mac:02010b41cdec/antenna/tag/e2806894000050038661fd4f, 83
1652706931.79161, sdrt-health/mac:02010b41cdec/antenna/tag/e2806894000040038662114f, 88
1652706931.83863, sdrt-health/mac:02010b41cdec/antenna/tag/e2806894000040038662114f, 88
1652706931.879235, sdrt-health/mac:02010b41cdec/antenna/tag/e2806894000050038662154f, 88
1652706931.928822, sdrt-health/mac:02010b41cdec/antenna/tag/e2806894000040038662114f, 88
1652706931.995514, sdrt-health/mac:02010b41cdec/antenna/tag/e28068940000400386621d4f, 90
1652706931.996024, sdrt-health/mac:02010b41cdec/antenna/tag/e28068940000400386621d4f, 96
1652706932.028542, sdrt-health/mac:02010b41cdec/antenna/tag/e2806894000040038662114f, 85
1652706932.099433, sdrt-health/mac:02010b41cdec/antenna/tag/e28068940000500386620d4f, 81
1652706932.139098, sdrt-health/mac:02010b41cdec/antenna/tag/e2806894000050038662154f, 88
1652706932.17518, sdrt-health/mac:02010b41cdec/antenna/tag/e28068940000400386621d4f, 90
1652706932.175556, sdrt-health/mac:02010b41cdec/antenna/tag/e2806894000050038661fd4f, 83
1652706932.242422, sdrt-health/mac:02010b41cdec/antenna/tag/e28068940000500386620d4f, 81
1652706932.319058, sdrt-health/mac:02010b41cdec/antenna/tag/e28068940000500386620d4f, 94
1652706932.348243, sdrt-health/mac:02010b41cdec/antenna/tag/e2806894000050038661fd4f, 86
1652706932.348978, sdrt-health/mac:02010b41cdec/antenna/tag/e2806894000050038662154f, 91
1652706932.365348, sdrt-health/mac:02010b41cdec/antenna/tag/e2806894000040038662054f, 81
1652706932.408344, sdrt-health/mac:02010b41cdec/antenna/tag/e2806894000050038662154f, 91
1652706932.448712, sdrt-health/mac:02010b41cdec/antenna/tag/e2806894000040038662114f, 85
1652706932.503446, sdrt-health/mac:02010b41cdec/antenna/tag/e2806894000050038661fd4f, 86
1652706932.50393, sdrt-health/mac:02010b41cdec/antenna/tag/e2806894000040038662114f, 85
1652706932.538302, sdrt-health/mac:02010b41cdec/antenna/tag/e2806894000050038661fd4f, 83
1652706932.57838, sdrt-health/mac:02010b41cdec/antenna/tag/e2806894000040038662114f, 85
1652706932.628286, sdrt-health/mac:02010b41cdec/antenna/tag/e2806894000050038662154f, 88
1652706932.668583, sdrt-health/mac:02010b41cdec/antenna/tag/e2806894000040038662114f, 88
1652706932.709415, sdrt-health/mac:02010b41cdec/antenna/tag/e2806894000050038662154f, 88
1652706932.781724, sdrt-health/mac:02010b41cdec/antenna/tag/e2806894000040038662114f, 85
1652706932.782229, sdrt-health/mac:02010b41cdec/antenna/tag/e2806894000040038662114f, 91
1652706932.807566, sdrt-health/mac:02010b41cdec/antenna/tag/e2806894000050038662154f, 88
1652706932.835415, sdrt-health/mac:02010b41cdec/antenna/tag/e28068940000400386621d4f, 90
1652706932.835833, sdrt-health/mac:02010b41cdec/antenna/tag/e2806894000050038661fd4f, 86
1652706932.8802, sdrt-health/mac:02010b41cdec/antenna/tag/e28068940000500386620d4f, 94
1652706932.918501, sdrt-health/mac:02010b41cdec/antenna/tag/e2806894000050038661fd4f, 83
1652706932.918931, sdrt-health/mac:02010b41cdec/antenna/tag/e2806894000040038662114f, 88
1652706932.959742, sdrt-health/mac:02010b41cdec/antenna/tag/e28068940000400386621d4f, 77
1652706933.024386, sdrt-health/mac:02010b41cdec/antenna/tag/e2806894000040038662114f, 88
1652706933.024873, sdrt-health/mac:02010b41cdec/antenna/tag/e2806894000040038662114f, 85
1652706933.04875, sdrt-health/mac:02010b41cdec/antenna/tag/e2806894000050038661fd4f, 83
1652706933.095122, sdrt-health/mac:02010b41cdec/antenna/tag/e2806894000050038661fd4f, 83
1652706933.146642, sdrt-health/mac:02010b41cdec/antenna/tag/e2806894000050038661fd4f, 83
1652706933.147287, sdrt-health/mac:02010b41cdec/antenna/tag/e28068940000500386620d4f, 87
1652706933.163653, sdrt-health/mac:02010b41cdec/antenna/tag/e2806894000050038661fd4f, 83
1652706933.189961, sdrt-health/mac:02010b41cdec/antenna/tag/e2806894000050038662154f, 88
1652706933.2439, sdrt-health/mac:02010b41cdec/antenna/tag/e28068940000400386621d4f, 96
1652706933.244379, sdrt-health/mac:02010b41cdec/antenna/tag/e2806894000040038662114f, 88
1652706933.259073, sdrt-health/mac:02010b41cdec/antenna/tag/e2806894000050038661fd4f, 83
1652706933.267908, sdrt-health/mac:02010b41cdec/antenna/tag/e28068940000500386620d4f, 84
1652706933.317966, sdrt-health/mac:02010b41cdec/antenna/tag/e2806894000050038661fd4f, 86
1652706933.382272, sdrt-health/mac:02010b41cdec/antenna/tag/e28068940000400386621d4f, 90
1652706933.382823, sdrt-health/mac:02010b41cdec/antenna/tag/e2806894000050038661fd4f, 83
1652706933.383212, sdrt-health/mac:02010b41cdec/antenna/tag/e2806894000050038661fd4f, 86
1652706933.411294, sdrt-health/mac:02010b41cdec/antenna/tag/e2806894000040038662114f, 88
1652706933.487262, sdrt-health/mac:02010b41cdec/antenna/tag/e2806894000050038662154f, 88
1652706933.558626, sdrt-health/mac:02010b41cdec/antenna/tag/e2806894000050038661fd4f, 83
1652706933.600007, sdrt-health/mac:02010b41cdec/antenna/tag/e2806894000050038661fd4f, 83
1652706933.661762, sdrt-health/mac:02010b41cdec/antenna/tag/e2806894000040038662114f, 85
1652706933.662342, sdrt-health/mac:02010b41cdec/antenna/tag/e2806894000050038662194f, 83
1652706933.687575, sdrt-health/mac:02010b41cdec/antenna/tag/e2806894000050038662194f, 87
1652706933.742432, sdrt-health/mac:02010b41cdec/antenna/tag/e2806894000050038661fd4f, 86
1652706933.742837, sdrt-health/mac:02010b41cdec/antenna/tag/e2806894000040038662114f, 88
1652706933.755513, sdrt-health/mac:02010b41cdec/antenna/tag/e2806894000050038662154f, 85
1652706933.768311, sdrt-health/mac:02010b41cdec/antenna/tag/e2806894000050038662194f, 81
1652706933.817131, sdrt-health/mac:02010b41cdec/antenna/tag/e2806894000050038662154f, 88
1652706933.817603, sdrt-health/mac:02010b41cdec/antenna/tag/e2806894000040038661f94f, 94
1652706933.873302, sdrt-health/mac:02010b41cdec/antenna/tag/e28068940000500386620d4f, 81
1652706933.87381, sdrt-health/mac:02010b41cdec/antenna/tag/e2806894000050038662154f, 88
1652706933.89928, sdrt-health/mac:02010b41cdec/antenna/tag/e2806894000050038661fd4f, 83
1652706933.938324, sdrt-health/mac:02010b41cdec/antenna/tag/e2806894000050038662194f, 84
1652706933.938738, sdrt-health/mac:02010b41cdec/antenna/tag/e2806894000050038661fd4f, 83
1652706933.951825, sdrt-health/mac:02010b41cdec/antenna/tag/e28068940000400386621d4f, 90
1652706933.952807, sdrt-health/mac:02010b41cdec/antenna/tag/e2806894000050038661fd4f, 97
1652706933.978482, sdrt-health/mac:02010b41cdec/antenna/tag/e2806894000050038661fd4f, 83
1652706934.017586, sdrt-health/mac:02010b41cdec/antenna/tag/e2806894000050038661fd4f, 83
1652706934.058464, sdrt-health/mac:02010b41cdec/antenna/tag/e2806894000050038661fd4f, 83
1652706934.113628, sdrt-health/mac:02010b41cdec/antenna/tag/e2806894000040038662114f, 88
1652706934.114159, sdrt-health/mac:02010b41cdec/antenna/tag/e2806894000050038662194f, 81
1652706934.128254, sdrt-health/mac:02010b41cdec/antenna/tag/e28068940000400386621d4f, 90
1652706934.179757, sdrt-health/mac:02010b41cdec/antenna/tag/e28068940000400386621d4f, 77
1652706934.228905, sdrt-health/mac:02010b41cdec/antenna/tag/e2806894000050038662154f, 85
1652706934.261186, sdrt-health/mac:02010b41cdec/antenna/tag/e28068940000500386620d4f, 81
1652706934.261538, sdrt-health/mac:02010b41cdec/antenna/tag/e2806894000050038661fd4f, 83
1652706934.276329, sdrt-health/mac:02010b41cdec/antenna/tag/e2806894000040038662114f, 93
1652706934.325845, sdrt-health/mac:02010b41cdec/antenna/tag/e2806894000050038662154f, 85
1652706934.326213, sdrt-health/mac:02010b41cdec/antenna/tag/e2806894000040038662114f, 85
1652706934.569674, sdrt-health/mac:02010b41cdec/antenna/tag/e2806894000050038662154f, 85
1652706934.651138, sdrt-health/mac:02010b41cdec/antenna/tag/e28068940000400386621d4f, 96
1652706934.651606, sdrt-health/mac:02010b41cdec/antenna/tag/e2806894000040038662114f, 85
1652706934.66515, sdrt-health/mac:02010b41cdec/antenna/tag/e2806894000040038662114f, 85
1652706934.665735, sdrt-health/mac:02010b41cdec/antenna/tag/e2806894000050038661fd4f, 83
1652706934.666369, sdrt-health/mac:02010b41cdec/antenna/tag/e28068940000500386620d4f, 88
1652706934.681449, sdrt-health/mac:02010b41cdec/antenna/tag/e2806894000040038662114f, 88
1652706934.681903, sdrt-health/mac:02010b41cdec/antenna/tag/e2806894000040038662114f, 88
1652706934.682212, sdrt-health/mac:02010b41cdec/antenna/tag/e2806894000050038662194f, 81
1652706934.682544, sdrt-health/mac:02010b41cdec/antenna/tag/e2806894000040038662114f, 88
1652706934.720171, sdrt-health/mac:02010b41cdec/antenna/tag/e28068940000400386621d4f, 96
1652706934.749576, sdrt-health/mac:02010b41cdec/antenna/tag/e2806894000040038662114f, 85
1652706934.749992, sdrt-health/mac:02010b41cdec/antenna/tag/e2806894000050038662194f, 81
1652706934.750262, sdrt-health/mac:02010b41cdec/antenna/tag/e2806894000050038662154f, 85
1652706934.768766, sdrt-health/mac:02010b41cdec/antenna/tag/e2806894000050038662194f, 94
1652706934.88453, sdrt-health/mac:02010b41cdec/antenna/tag/e2806894000050038662154f, 93
1652706934.885015, sdrt-health/mac:02010b41cdec/antenna/tag/e2806894000050038662154f, 88
1652706934.92887, sdrt-health/mac:02010b41cdec/antenna/tag/e2806894000050038661fd4f, 86
1652706934.969097, sdrt-health/mac:02010b41cdec/antenna/tag/e2806894000050038662154f, 88
1652706935.033516, sdrt-health/mac:02010b41cdec/antenna/tag/e2806894000040038662114f, 91
1652706935.03406, sdrt-health/mac:02010b41cdec/antenna/tag/e2806894000050038661fd4f, 86
1652706935.047184, sdrt-health/mac:02010b41cdec/antenna/tag/e28068940000400386621d4f, 90
1652706935.107108, sdrt-health/mac:02010b41cdec/antenna/tag/e2806894000050038662194f, 81
1652706935.138107, sdrt-health/mac:02010b41cdec/antenna/tag/e2806894000040038662114f, 85
1652706935.192596, sdrt-health/mac:02010b41cdec/antenna/tag/e2806894000040038662114f, 85
1652706935.193035, sdrt-health/mac:02010b41cdec/antenna/tag/e2806894000050038662154f, 88
1652706935.206535, sdrt-health/mac:02010b41cdec/antenna/tag/e28068940000400386621d4f, 77
1652706935.218643, sdrt-health/mac:02010b41cdec/antenna/tag/e2806894000050038661fd4f, 86
1652706935.266236, sdrt-health/mac:02010b41cdec/antenna/tag/e2806894000050038662154f, 88
1652706935.323963, sdrt-health/mac:02010b41cdec/antenna/tag/e28068940000400386621d4f, 90
1652706935.32451, sdrt-health/mac:02010b41cdec/antenna/tag/e2806894000050038661fd4f, 83
1652706935.337507, sdrt-health/mac:02010b41cdec/antenna/tag/e2806894000050038662154f, 91
1652706935.395819, sdrt-health/mac:02010b41cdec/antenna/tag/e2806894000050038662154f, 85
1652706935.438207, sdrt-health/mac:02010b41cdec/antenna/tag/e2806894000040038662114f, 88
1652706935.494911, sdrt-health/mac:02010b41cdec/antenna/tag/e2806894000050038662154f, 91
1652706935.495354, sdrt-health/mac:02010b41cdec/antenna/tag/e2806894000050038661fd4f, 83
1652706935.511034, sdrt-health/mac:02010b41cdec/antenna/tag/e2806894000050038662154f, 88
1652706935.518735, sdrt-health/mac:02010b41cdec/antenna/tag/e2806894000040038662114f, 85
1652706935.526438, sdrt-health/mac:02010b41cdec/antenna/tag/e2806894000040038662114f, 85
1652706935.57087, sdrt-health/mac:02010b41cdec/antenna/tag/e28068940000400386621d4f, 96
1652706935.571188, sdrt-health/mac:02010b41cdec/antenna/tag/e28068940000400386621d4f, 96
1652706935.620701, sdrt-health/mac:02010b41cdec/antenna/tag/e28068940000400386621d4f, 96
1652706935.670411, sdrt-health/mac:02010b41cdec/antenna/tag/e28068940000400386621d4f, 96
1652706935.709159, sdrt-health/mac:02010b41cdec/antenna/tag/e2806894000040038662114f, 88
1652706935.757035, sdrt-health/mac:02010b41cdec/antenna/tag/e2806894000040038662114f, 88
1652706935.788921, sdrt-health/mac:02010b41cdec/antenna/tag/e28068940000400386621d4f, 96
1652706935.789357, sdrt-health/mac:02010b41cdec/antenna/tag/e2806894000050038662154f, 85
1652706935.828366, sdrt-health/mac:02010b41cdec/antenna/tag/e2806894000050038662194f, 81
1652706935.904801, sdrt-health/mac:02010b41cdec/antenna/tag/e2806894000050038661fd4f, 83
1652706935.905318, sdrt-health/mac:02010b41cdec/antenna/tag/e2806894000040038662114f, 85
1652706935.928539, sdrt-health/mac:02010b41cdec/antenna/tag/e28068940000400386621d4f, 96
1652706936.017508, sdrt-health/mac:02010b41cdec/antenna/tag/e28068940000400386621d4f, 96
1652706936.058999, sdrt-health/mac:02010b41cdec/antenna/tag/e2806894000050038662194f, 81
1652706936.09871, sdrt-health/mac:02010b41cdec/antenna/tag/e2806894000050038661fd4f, 83
1652706936.161742, sdrt-health/mac:02010b41cdec/antenna/tag/e2806894000050038662154f, 88
1652706936.162241, sdrt-health/mac:02010b41cdec/antenna/tag/e2806894000050038661fd4f, 86
1652706936.175864, sdrt-health/mac:02010b41cdec/antenna/tag/e2806894000050038662154f, 88
1652706936.189647, sdrt-health/mac:02010b41cdec/antenna/tag/e28068940000500386620d4f, 94
1652706936.238994, sdrt-health/mac:02010b41cdec/antenna/tag/e28068940000400386621d4f, 90
1652706936.239476, sdrt-health/mac:02010b41cdec/antenna/tag/e2806894000040038662114f, 88
1652706936.253493, sdrt-health/mac:02010b41cdec/antenna/tag/e2806894000050038662154f, 91
1652706936.299067, sdrt-health/mac:02010b41cdec/antenna/tag/e2806894000050038661fd4f, 83
1652706936.3497, sdrt-health/mac:02010b41cdec/antenna/tag/e2806894000050038662154f, 88
1652706936.42176, sdrt-health/mac:02010b41cdec/antenna/tag/e2806894000040038662114f, 88
1652706936.422323, sdrt-health/mac:02010b41cdec/antenna/tag/e2806894000050038662154f, 85
1652706936.422662, sdrt-health/mac:02010b41cdec/antenna/tag/e28068940000400386621d4f, 96
1652706936.448112, sdrt-health/mac:02010b41cdec/antenna/tag/e2806894000050038662154f, 88
1652706936.507236, sdrt-health/mac:02010b41cdec/antenna/tag/e2806894000040038662114f, 88
1652706936.507655, sdrt-health/mac:02010b41cdec/antenna/tag/e2806894000050038662194f, 81
1652706936.528709, sdrt-health/mac:02010b41cdec/antenna/tag/e2806894000040038662114f, 88
1652706936.583099, sdrt-health/mac:02010b41cdec/antenna/tag/e28068940000400386621d4f, 90
1652706936.583613, sdrt-health/mac:02010b41cdec/antenna/tag/e2806894000050038661fd4f, 83
1652706936.62652, sdrt-health/mac:02010b41cdec/antenna/tag/e2806894000050038662154f, 88
1652706936.707058, sdrt-health/mac:02010b41cdec/antenna/tag/e28068940000400386621d4f, 90
1652706936.707602, sdrt-health/mac:02010b41cdec/antenna/tag/e28068940000400386621d4f, 96
1652706936.743332, sdrt-health/mac:02010b41cdec/antenna/tag/e2806894000040038662114f, 85
1652706936.776192, sdrt-health/mac:02010b41cdec/antenna/tag/e2806894000050038662154f, 85
1652706936.776437, sdrt-health/mac:02010b41cdec/antenna/tag/e2806894000050038661fd4f, 83
1652706936.79096, sdrt-health/mac:02010b41cdec/antenna/tag/e2806894000050038661fd4f, 83
1652706936.837284, sdrt-health/mac:02010b41cdec/antenna/tag/e28068940000500386620d4f, 87
1652706936.86623, sdrt-health/mac:02010b41cdec/antenna/tag/e2806894000040038662114f, 85
1652706936.866513, sdrt-health/mac:02010b41cdec/antenna/tag/e28068940000400386621d4f, 96
1652706936.880475, sdrt-health/mac:02010b41cdec/antenna/tag/e28068940000500386620d4f, 83
1652706936.880716, sdrt-health/mac:02010b41cdec/antenna/tag/e2806894000050038662154f, 91
1652706936.880872, sdrt-health/mac:02010b41cdec/antenna/tag/e28068940000400386621d4f, 96
1652706936.919334, sdrt-health/mac:02010b41cdec/antenna/tag/e28068940000400386621d4f, 96
1652706937.041858, sdrt-health/mac:02010b41cdec/antenna/tag/e2806894000050038662154f, 91
1652706937.072338, sdrt-health/mac:02010b41cdec/antenna/tag/e2806894000050038661fd4f, 86
1652706937.072638, sdrt-health/mac:02010b41cdec/antenna/tag/e2806894000050038662154f, 91
1652706937.105137, sdrt-health/mac:02010b41cdec/antenna/tag/e28068940000400386621d4f, 90
1652706937.132918, sdrt-health/mac:02010b41cdec/antenna/tag/e2806894000050038661fd4f, 83
1652706937.13335, sdrt-health/mac:02010b41cdec/antenna/tag/e28068940000400386621d4f, 90
1652706937.133768, sdrt-health/mac:02010b41cdec/antenna/tag/e2806894000050038662154f, 88
1652706937.156436, sdrt-health/mac:02010b41cdec/antenna/tag/e28068940000500386620d4f, 83
1652706937.184898, sdrt-health/mac:02010b41cdec/antenna/tag/e2806894000050038662154f, 88
1652706937.185242, sdrt-health/mac:02010b41cdec/antenna/tag/e2806894000040038662114f, 88
1652706937.185492, sdrt-health/mac:02010b41cdec/antenna/tag/e2806894000050038661fd4f, 83
1652706937.198679, sdrt-health/mac:02010b41cdec/antenna/tag/e2806894000050038661fd4f, 83
1652706937.19927, sdrt-health/mac:02010b41cdec/antenna/tag/e2806894000050038661fd4f, 86
1652706937.238008, sdrt-health/mac:02010b41cdec/antenna/tag/e28068940000500386620d4f, 94
1652706937.301767, sdrt-health/mac:02010b41cdec/antenna/tag/e28068940000400386621d4f, 90
1652706937.302343, sdrt-health/mac:02010b41cdec/antenna/tag/e2806894000050038661fd4f, 86
1652706937.327159, sdrt-health/mac:02010b41cdec/antenna/tag/e2806894000050038661fd4f, 86
1652706937.370835, sdrt-health/mac:02010b41cdec/antenna/tag/e2806894000050038662154f, 91
1652706937.371295, sdrt-health/mac:02010b41cdec/antenna/tag/e28068940000500386620d4f, 94
1652706937.398735, sdrt-health/mac:02010b41cdec/antenna/tag/e28068940000500386620d4f, 83
1652706937.39917, sdrt-health/mac:02010b41cdec/antenna/tag/e2806894000040038662114f, 88
1652706937.418093, sdrt-health/mac:02010b41cdec/antenna/tag/e28068940000500386620d4f, 87
1652706937.470806, sdrt-health/mac:02010b41cdec/antenna/tag/e28068940000500386620d4f, 87
1652706937.558727, sdrt-health/mac:02010b41cdec/antenna/tag/e2806894000040038662114f, 88
1652706937.559264, sdrt-health/mac:02010b41cdec/antenna/tag/e28068940000400386621d4f, 90
1652706937.572933, sdrt-health/mac:02010b41cdec/antenna/tag/e2806894000050038662154f, 85
1652706937.573422, sdrt-health/mac:02010b41cdec/antenna/tag/e28068940000500386620d4f, 83
1652706937.573716, sdrt-health/mac:02010b41cdec/antenna/tag/e2806894000050038662154f, 88
1652706937.632163, sdrt-health/mac:02010b41cdec/antenna/tag/e2806894000050038662154f, 85
1652706937.669788, sdrt-health/mac:02010b41cdec/antenna/tag/e2806894000050038662154f, 85
1652706937.711802, sdrt-health/mac:02010b41cdec/antenna/tag/e2806894000050038662154f, 85
1652706937.760426, sdrt-health/mac:02010b41cdec/antenna/tag/e28068940000500386620d4f, 83
1652706937.840253, sdrt-health/mac:02010b41cdec/antenna/tag/e2806894000050038661fd4f, 83
1652706937.840698, sdrt-health/mac:02010b41cdec/antenna/tag/e2806894000050038662154f, 85
1652706937.841083, sdrt-health/mac:02010b41cdec/antenna/tag/e2806894000050038661fd4f, 86
1652706937.887463, sdrt-health/mac:02010b41cdec/antenna/tag/e2806894000050038662154f, 85
1652706937.937604, sdrt-health/mac:02010b41cdec/antenna/tag/e2806894000050038661fd4f, 86
1652706937.979261, sdrt-health/mac:02010b41cdec/antenna/tag/e2806894000040038662054f, 88
1652706938.016565, sdrt-health/mac:02010b41cdec/antenna/tag/e2806894000050038662154f, 85
1652706938.016996, sdrt-health/mac:02010b41cdec/antenna/tag/e2806894000050038661fd4f, 90
1652706938.034156, sdrt-health/mac:02010b41cdec/antenna/tag/e2806894000040038662114f, 88
1652706938.089348, sdrt-health/mac:02010b41cdec/antenna/tag/e2806894000050038662154f, 88
1652706938.130937, sdrt-health/mac:02010b41cdec/antenna/tag/e2806894000040038662114f, 93
1652706938.242583, sdrt-health/mac:02010b41cdec/antenna/tag/e28068940000500386620d4f, 88
1652706938.243057, sdrt-health/mac:02010b41cdec/antenna/tag/e2806894000050038661fd4f, 86
1652706938.278161, sdrt-health/mac:02010b41cdec/antenna/tag/e28068940000500386620d4f, 83
1652706938.30813, sdrt-health/mac:02010b41cdec/antenna/tag/e2806894000050038662154f, 88
1652706938.308345, sdrt-health/mac:02010b41cdec/antenna/tag/e2806894000040038662114f, 85
1652706938.321605, sdrt-health/mac:02010b41cdec/antenna/tag/e2806894000050038661fd4f, 83
1652706938.321827, sdrt-health/mac:02010b41cdec/antenna/tag/e2806894000050038662154f, 91
1652706938.360725, sdrt-health/mac:02010b41cdec/antenna/tag/e2806894000050038662154f, 88
1652706938.399746, sdrt-health/mac:02010b41cdec/antenna/tag/e2806894000050038662154f, 88
1652706938.439338, sdrt-health/mac:02010b41cdec/antenna/tag/e28068940000400386621d4f, 96
1652706938.501958, sdrt-health/mac:02010b41cdec/antenna/tag/e2806894000050038662154f, 85
1652706938.502189, sdrt-health/mac:02010b41cdec/antenna/tag/e2806894000040038662114f, 85
1652706938.532079, sdrt-health/mac:02010b41cdec/antenna/tag/e28068940000400386621d4f, 96
1652706938.560965, sdrt-health/mac:02010b41cdec/antenna/tag/e2806894000050038662154f, 85
1652706938.561253, sdrt-health/mac:02010b41cdec/antenna/tag/e2806894000050038662154f, 85
1652706938.609288, sdrt-health/mac:02010b41cdec/antenna/tag/e28068940000400386621d4f, 96
1652706938.649571, sdrt-health/mac:02010b41cdec/antenna/tag/e28068940000400386621d4f, 90
1652706938.689852, sdrt-health/mac:02010b41cdec/antenna/tag/e28068940000500386620d4f, 83
1652706938.741723, sdrt-health/mac:02010b41cdec/antenna/tag/e28068940000400386621d4f, 96
1652706938.74222, sdrt-health/mac:02010b41cdec/antenna/tag/e28068940000400386621d4f, 96
1652706938.769104, sdrt-health/mac:02010b41cdec/antenna/tag/e2806894000050038662154f, 88
1652706938.808495, sdrt-health/mac:02010b41cdec/antenna/tag/e2806894000040038662114f, 85
1652706938.837757, sdrt-health/mac:02010b41cdec/antenna/tag/e2806894000050038661fd4f, 86
1652706938.838029, sdrt-health/mac:02010b41cdec/antenna/tag/e2806894000040038662114f, 88
1652706938.867088, sdrt-health/mac:02010b41cdec/antenna/tag/e28068940000400386621d4f, 90
1652706938.909277, sdrt-health/mac:02010b41cdec/antenna/tag/e2806894000040038662114f, 88
1652706938.937198, sdrt-health/mac:02010b41cdec/antenna/tag/e2806894000040038662114f, 88
1652706938.937524, sdrt-health/mac:02010b41cdec/antenna/tag/e28068940000400386621d4f, 96
1652706938.957352, sdrt-health/mac:02010b41cdec/antenna/tag/e2806894000050038662154f, 97
1652706939.017063, sdrt-health/mac:02010b41cdec/antenna/tag/e2806894000050038662154f, 91
1652706939.017545, sdrt-health/mac:02010b41cdec/antenna/tag/e2806894000050038662154f, 85
1652706939.034, sdrt-health/mac:02010b41cdec/antenna/tag/e2806894000040038662114f, 85
1652706939.050333, sdrt-health/mac:02010b41cdec/antenna/tag/e2806894000050038662194f, 83
1652706939.056285, sdrt-health/mac:02010b41cdec/antenna/tag/e2806894000050038662194f, 83
1652706939.08964, sdrt-health/mac:02010b41cdec/antenna/tag/e28068940000400386621d4f, 96
1652706939.141176, sdrt-health/mac:02010b41cdec/antenna/tag/e2806894000050038662154f, 85
1652706939.18948, sdrt-health/mac:02010b41cdec/antenna/tag/e2806894000050038662154f, 88
1652706939.24364, sdrt-health/mac:02010b41cdec/antenna/tag/e2806894000050038661fd4f, 86
1652706939.244193, sdrt-health/mac:02010b41cdec/antenna/tag/e28068940000400386621d4f, 90
1652706939.244587, sdrt-health/mac:02010b41cdec/antenna/tag/e2806894000050038662154f, 88
1652706939.257966, sdrt-health/mac:02010b41cdec/antenna/tag/e2806894000040038662114f, 88
1652706939.269261, sdrt-health/mac:02010b41cdec/antenna/tag/e28068940000400386621d4f, 90
1652706939.272115, sdrt-health/mac:02010b41cdec/antenna/tag/e2806894000050038662154f, 88
1652706939.272329, sdrt-health/mac:02010b41cdec/antenna/tag/e2806894000040038662114f, 88
1652706939.272461, sdrt-health/mac:02010b41cdec/antenna/tag/e2806894000040038662114f, 88
1652706939.319235, sdrt-health/mac:02010b41cdec/antenna/tag/e2806894000050038661fd4f, 86
1652706939.358918, sdrt-health/mac:02010b41cdec/antenna/tag/e2806894000050038662154f, 88
1652706939.398887, sdrt-health/mac:02010b41cdec/antenna/tag/e2806894000050038662154f, 85
1652706939.439126, sdrt-health/mac:02010b41cdec/antenna/tag/e2806894000040038662114f, 85
1652706939.496514, sdrt-health/mac:02010b41cdec/antenna/tag/e2806894000050038662154f, 85
1652706939.4972, sdrt-health/mac:02010b41cdec/antenna/tag/e2806894000050038662194f, 81
1652706939.511056, sdrt-health/mac:02010b41cdec/antenna/tag/e2806894000050038662194f, 84
1652706939.52907, sdrt-health/mac:02010b41cdec/antenna/tag/e2806894000050038662194f, 81
1652706939.561347, sdrt-health/mac:02010b41cdec/antenna/tag/e2806894000050038661fd4f, 86
1652706939.561545, sdrt-health/mac:02010b41cdec/antenna/tag/e28068940000400386621d4f, 77
1652706939.581858, sdrt-health/mac:02010b41cdec/antenna/tag/e2806894000050038661fd4f, 83
1652706939.644611, sdrt-health/mac:02010b41cdec/antenna/tag/e2806894000040038662114f, 85
1652706939.64514, sdrt-health/mac:02010b41cdec/antenna/tag/e28068940000400386621d4f, 96
1652706939.679374, sdrt-health/mac:02010b41cdec/antenna/tag/e28068940000400386621d4f, 96
1652706939.712474, sdrt-health/mac:02010b41cdec/antenna/tag/e2806894000050038661fd4f, 83
1652706939.712879, sdrt-health/mac:02010b41cdec/antenna/tag/e2806894000050038662154f, 85
1652706939.729364, sdrt-health/mac:02010b41cdec/antenna/tag/e28068940000400386621d4f, 96
1652706939.763025, sdrt-health/mac:02010b41cdec/antenna/tag/e2806894000050038661fd4f, 83
1652706939.763277, sdrt-health/mac:02010b41cdec/antenna/tag/e2806894000050038661fd4f, 83
1652706939.777845, sdrt-health/mac:02010b41cdec/antenna/tag/e2806894000050038661fd4f, 83
1652706939.810485, sdrt-health/mac:02010b41cdec/antenna/tag/e2806894000050038662154f, 85
1652706939.848856, sdrt-health/mac:02010b41cdec/antenna/tag/e28068940000500386620d4f, 81
1652706939.900308, sdrt-health/mac:02010b41cdec/antenna/tag/e2806894000050038661fd4f, 83
1652706939.965272, sdrt-health/mac:02010b41cdec/antenna/tag/e28068940000400386621d4f, 90
1652706939.965825, sdrt-health/mac:02010b41cdec/antenna/tag/e2806894000050038662194f, 88
1652706939.980122, sdrt-health/mac:02010b41cdec/antenna/tag/e2806894000050038662154f, 88
1652706939.989099, sdrt-health/mac:02010b41cdec/antenna/tag/e2806894000050038661fd4f, 86
1652706939.995313, sdrt-health/mac:02010b41cdec/antenna/tag/e28068940000400386621d4f, 90
1652706939.995531, sdrt-health/mac:02010b41cdec/antenna/tag/e2806894000040038662114f, 88
1652706940.030033, sdrt-health/mac:02010b41cdec/antenna/tag/e2806894000040038662114f, 85
1652706940.080885, sdrt-health/mac:02010b41cdec/antenna/tag/e2806894000040038662114f, 85
1652706940.12885, sdrt-health/mac:02010b41cdec/antenna/tag/e2806894000050038661fd4f, 83
1652706940.193329, sdrt-health/mac:02010b41cdec/antenna/tag/e2806894000050038662194f, 81
1652706940.193536, sdrt-health/mac:02010b41cdec/antenna/tag/e2806894000050038661fd4f, 83
1652706940.193658, sdrt-health/mac:02010b41cdec/antenna/tag/e2806894000050038661fd4f, 86
1652706940.207828, sdrt-health/mac:02010b41cdec/antenna/tag/e2806894000050038662194f, 83
1652706940.21361, sdrt-health/mac:02010b41cdec/antenna/tag/e2806894000040038662114f, 91
1652706940.222292, sdrt-health/mac:02010b41cdec/antenna/tag/e28068940000400386621d4f, 90
1652706940.222529, sdrt-health/mac:02010b41cdec/antenna/tag/e2806894000040038662114f, 91
1652706940.258916, sdrt-health/mac:02010b41cdec/antenna/tag/e2806894000050038662194f, 83
1652706940.31478, sdrt-health/mac:02010b41cdec/antenna/tag/e2806894000050038662154f, 88
1652706940.315096, sdrt-health/mac:02010b41cdec/antenna/tag/e2806894000050038662154f, 88
1652706940.328973, sdrt-health/mac:02010b41cdec/antenna/tag/e28068940000500386620d4f, 83
1652706940.339601, sdrt-health/mac:02010b41cdec/antenna/tag/e2806894000050038661fd4f, 83
1652706940.344584, sdrt-health/mac:02010b41cdec/antenna/tag/e28068940000500386620d4f, 83
1652706940.380116, sdrt-health/mac:02010b41cdec/antenna/tag/e2806894000050038661fd4f, 83
1652706940.432172, sdrt-health/mac:02010b41cdec/antenna/tag/e2806894000050038662194f, 94
1652706940.485389, sdrt-health/mac:02010b41cdec/antenna/tag/e2806894000050038661fd4f, 83
1652706940.485847, sdrt-health/mac:02010b41cdec/antenna/tag/e2806894000050038662194f, 81
1652706940.500377, sdrt-health/mac:02010b41cdec/antenna/tag/e2806894000040038662114f, 88
1652706940.517063, sdrt-health/mac:02010b41cdec/antenna/tag/e2806894000050038662154f, 88
1652706940.517369, sdrt-health/mac:02010b41cdec/antenna/tag/e2806894000050038662194f, 81
1652706940.517614, sdrt-health/mac:02010b41cdec/antenna/tag/e28068940000400386621d4f, 96
1652706940.566171, sdrt-health/mac:02010b41cdec/antenna/tag/e2806894000050038662194f, 81
1652706940.627931, sdrt-health/mac:02010b41cdec/antenna/tag/e28068940000400386621d4f, 96
1652706940.628496, sdrt-health/mac:02010b41cdec/antenna/tag/e2806894000040038662114f, 88
1652706940.642612, sdrt-health/mac:02010b41cdec/antenna/tag/e2806894000050038661fd4f, 86
1652706940.675693, sdrt-health/mac:02010b41cdec/antenna/tag/e28068940000400386621d4f, 96
1652706940.675976, sdrt-health/mac:02010b41cdec/antenna/tag/e2806894000050038662154f, 88
1652706940.710116, sdrt-health/mac:02010b41cdec/antenna/tag/e28068940000400386621d4f, 77
1652706940.765812, sdrt-health/mac:02010b41cdec/antenna/tag/e2806894000050038662154f, 85
1652706940.76633, sdrt-health/mac:02010b41cdec/antenna/tag/e2806894000050038661fd4f, 83
1652706940.781987, sdrt-health/mac:02010b41cdec/antenna/tag/e28068940000500386620d4f, 94
1652706940.782504, sdrt-health/mac:02010b41cdec/antenna/tag/e2806894000050038662154f, 85
1652706940.799986, sdrt-health/mac:02010b41cdec/antenna/tag/e2806894000040038662114f, 85
1652706940.85369, sdrt-health/mac:02010b41cdec/antenna/tag/e2806894000040038662114f, 85
1652706940.854087, sdrt-health/mac:02010b41cdec/antenna/tag/e2806894000040038662114f, 88
1652706940.869237, sdrt-health/mac:02010b41cdec/antenna/tag/e2806894000040038662114f, 85
1652706940.879033, sdrt-health/mac:02010b41cdec/antenna/tag/e2806894000050038662154f, 88
1652706940.9967, sdrt-health/mac:02010b41cdec/antenna/tag/e2806894000040038662114f, 88
1652706941.067336, sdrt-health/mac:02010b41cdec/antenna/tag/e2806894000050038661fd4f, 83
1652706941.127376, sdrt-health/mac:02010b41cdec/antenna/tag/e28068940000400386621d4f, 96
1652706941.127821, sdrt-health/mac:02010b41cdec/antenna/tag/e2806894000050038662154f, 88
1652706941.141664, sdrt-health/mac:02010b41cdec/antenna/tag/e2806894000050038662154f, 91
1652706941.159398, sdrt-health/mac:02010b41cdec/antenna/tag/e2806894000050038661fd4f, 83
1652706941.224112, sdrt-health/mac:02010b41cdec/antenna/tag/e2806894000050038661fd4f, 86
1652706941.2245, sdrt-health/mac:02010b41cdec/antenna/tag/e2806894000050038661fd4f, 83
1652706941.260564, sdrt-health/mac:02010b41cdec/antenna/tag/e2806894000050038662194f, 88
1652706941.291901, sdrt-health/mac:02010b41cdec/antenna/tag/e2806894000050038661fd4f, 83
1652706941.292293, sdrt-health/mac:02010b41cdec/antenna/tag/e2806894000040038662114f, 85
1652706941.306382, sdrt-health/mac:02010b41cdec/antenna/tag/e2806894000050038662194f, 88
1652706941.339719, sdrt-health/mac:02010b41cdec/antenna/tag/e2806894000050038662154f, 88
1652706941.402215, sdrt-health/mac:02010b41cdec/antenna/tag/e2806894000040038662114f, 88
1652706941.402693, sdrt-health/mac:02010b41cdec/antenna/tag/e28068940000400386621d4f, 96
1652706941.419157, sdrt-health/mac:02010b41cdec/antenna/tag/e2806894000050038662154f, 88
1652706941.453493, sdrt-health/mac:02010b41cdec/antenna/tag/e2806894000040038662114f, 88
1652706941.453966, sdrt-health/mac:02010b41cdec/antenna/tag/e2806894000050038662154f, 88
1652706941.468997, sdrt-health/mac:02010b41cdec/antenna/tag/e28068940000400386621d4f, 90
1652706941.511764, sdrt-health/mac:02010b41cdec/antenna/tag/e2806894000050038662194f, 83
1652706941.548589, sdrt-health/mac:02010b41cdec/antenna/tag/e2806894000050038662194f, 94
1652706941.589423, sdrt-health/mac:02010b41cdec/antenna/tag/e2806894000050038662194f, 81
1652706941.630091, sdrt-health/mac:02010b41cdec/antenna/tag/e2806894000050038662154f, 88
1652706941.669633, sdrt-health/mac:02010b41cdec/antenna/tag/e2806894000050038661fd4f, 83
1652706941.708895, sdrt-health/mac:02010b41cdec/antenna/tag/e2806894000050038661fd4f, 83
1652706941.749678, sdrt-health/mac:02010b41cdec/antenna/tag/e2806894000050038662154f, 88
1652706941.805308, sdrt-health/mac:02010b41cdec/antenna/tag/e28068940000400386621d4f, 96
1652706941.805666, sdrt-health/mac:02010b41cdec/antenna/tag/e2806894000040038662114f, 91
1652706941.819093, sdrt-health/mac:02010b41cdec/antenna/tag/e2806894000050038662154f, 91
1652706941.839065, sdrt-health/mac:02010b41cdec/antenna/tag/e28068940000400386621d4f, 86
1652706941.895215, sdrt-health/mac:02010b41cdec/antenna/tag/e2806894000050038662154f, 88
1652706941.895666, sdrt-health/mac:02010b41cdec/antenna/tag/e2806894000050038661fd4f, 86
1652706941.911397, sdrt-health/mac:02010b41cdec/antenna/tag/e28068940000400386621d4f, 90
1652706941.919388, sdrt-health/mac:02010b41cdec/antenna/tag/e28068940000400386621d4f, 90
1652706941.925758, sdrt-health/mac:02010b41cdec/antenna/tag/e28068940000400386621d4f, 90
1652706941.958991, sdrt-health/mac:02010b41cdec/antenna/tag/e2806894000050038661fd4f, 83
1652706942.001175, sdrt-health/mac:02010b41cdec/antenna/tag/e28068940000400386621d4f, 96
1652706942.057409, sdrt-health/mac:02010b41cdec/antenna/tag/e2806894000050038662194f, 81
1652706942.057964, sdrt-health/mac:02010b41cdec/antenna/tag/e28068940000400386621d4f, 96
1652706942.058355, sdrt-health/mac:02010b41cdec/antenna/tag/e2806894000050038662154f, 88
1652706942.089535, sdrt-health/mac:02010b41cdec/antenna/tag/e2806894000040038662114f, 85
1652706942.144215, sdrt-health/mac:02010b41cdec/antenna/tag/e2806894000040038662114f, 88
1652706942.144665, sdrt-health/mac:02010b41cdec/antenna/tag/e2806894000040038662114f, 85
1652706942.179881, sdrt-health/mac:02010b41cdec/antenna/tag/e2806894000040038662114f, 88
1652706942.24426, sdrt-health/mac:02010b41cdec/antenna/tag/e2806894000040038662114f, 85
1652706942.244687, sdrt-health/mac:02010b41cdec/antenna/tag/e2806894000050038661fd4f, 83
1652706942.268679, sdrt-health/mac:02010b41cdec/antenna/tag/e28068940000400386621d4f, 96
1652706942.324626, sdrt-health/mac:02010b41cdec/antenna/tag/e2806894000050038662154f, 88
1652706942.325139, sdrt-health/mac:02010b41cdec/antenna/tag/e28068940000400386621d4f, 96
1652706942.340315, sdrt-health/mac:02010b41cdec/antenna/tag/e2806894000040038662114f, 85
1652706942.348479, sdrt-health/mac:02010b41cdec/antenna/tag/e2806894000050038662194f, 83
1652706942.399097, sdrt-health/mac:02010b41cdec/antenna/tag/e28068940000400386621d4f, 90
1652706942.440344, sdrt-health/mac:02010b41cdec/antenna/tag/e2806894000040038662114f, 88
1652706942.502761, sdrt-health/mac:02010b41cdec/antenna/tag/e2806894000050038662154f, 88
1652706942.503202, sdrt-health/mac:02010b41cdec/antenna/tag/e2806894000050038661fd4f, 83
1652706942.697571, sdrt-health/mac:02010b41cdec/antenna/tag/e28068940000400386621d4f, 96
1652706942.727659, sdrt-health/mac:02010b41cdec/antenna/tag/e2806894000050038662154f, 88
1652706942.727918, sdrt-health/mac:02010b41cdec/antenna/tag/e2806894000050038661fd4f, 83
1652706942.728157, sdrt-health/mac:02010b41cdec/antenna/tag/e2806894000050038661fd4f, 83
1652706942.728444, sdrt-health/mac:02010b41cdec/antenna/tag/e2806894000050038662154f, 85
1652706942.827427, sdrt-health/mac:02010b41cdec/antenna/tag/e28068940000400386621d4f, 90
1652706942.857627, sdrt-health/mac:02010b41cdec/antenna/tag/e2806894000040038662114f, 88
1652706942.858091, sdrt-health/mac:02010b41cdec/antenna/tag/e2806894000050038661fd4f, 83
1652706942.858402, sdrt-health/mac:02010b41cdec/antenna/tag/e2806894000050038662154f, 88
1652706942.858694, sdrt-health/mac:02010b41cdec/antenna/tag/e2806894000050038662154f, 88
1652706942.858997, sdrt-health/mac:02010b41cdec/antenna/tag/e2806894000040038662114f, 88
1652706942.876286, sdrt-health/mac:02010b41cdec/antenna/tag/e2806894000040038662114f, 88
1652706942.906656, sdrt-health/mac:02010b41cdec/antenna/tag/e2806894000050038662154f, 85
1652706942.906997, sdrt-health/mac:02010b41cdec/antenna/tag/e2806894000040038661f94f, 84
1652706942.907214, sdrt-health/mac:02010b41cdec/antenna/tag/e28068940000400386621d4f, 90
1652706942.907413, sdrt-health/mac:02010b41cdec/antenna/tag/e2806894000040038662114f, 91
1652706942.921052, sdrt-health/mac:02010b41cdec/antenna/tag/e2806894000040038662114f, 88
1652706942.976212, sdrt-health/mac:02010b41cdec/antenna/tag/e2806894000050038661fd4f, 83
1652706943.019629, sdrt-health/mac:02010b41cdec/antenna/tag/e28068940000400386621d4f, 96
1652706943.083227, sdrt-health/mac:02010b41cdec/antenna/tag/e2806894000050038661fd4f, 83
1652706943.083696, sdrt-health/mac:02010b41cdec/antenna/tag/e28068940000400386621d4f, 90
1652706943.097568, sdrt-health/mac:02010b41cdec/antenna/tag/e2806894000050038662154f, 88
1652706943.269899, sdrt-health/mac:02010b41cdec/antenna/tag/scan, scan stopped
