1652706866.50496, sdrt-health/mac:02010b41cdec/antenna/power/set, {"power": 290}
1652706867.596254, sdrt-health/mac:02010b41cdec/antenna/power/set, 
1652706871.526533, sdrt-health/mac:02010b41cdec/antenna/tag/scan, {"time": 20000}
1652706871.961977, sdrt-health/mac:02010b41cdec/antenna/tag/e28068940000400386621d4f, 90
1652706872.001262, sdrt-health/mac:02010b41cdec/antenna/tag/e2806894000050038661fd4f, 83
1652706872.058354, sdrt-health/mac:02010b41cdec/antenna/tag/e2806894000040038662114f, 88
1652706872.058897, sdrt-health/mac:02010b41cdec/antenna/tag/e2806894000050038662194f, 94
1652706872.059312, sdrt-health/mac:02010b41cdec/antenna/tag/e2806894000050038661fd4f, 83
1652706872.059685, sdrt-health/mac:02010b41cdec/antenna/tag/e2806894000040038662114f, 88
1652706872.060055, sdrt-health/mac:02010b41cdec/antenna/tag/e2806894000050038661fd4f, 83
1652706872.090484, sdrt-health/mac:02010b41cdec/antenna/tag/e2806894000040038662114f, 88
1652706872.138113, sdrt-health/mac:02010b41cdec/antenna/tag/e28068940000400386621d4f, 77
1652706872.194869, sdrt-health/mac:02010b41cdec/antenna/tag/e28068940000400386621d4f, 77
1652706872.195403, sdrt-health/mac:02010b41cdec/antenna/tag/e2806894000050038662154f, 88
1652706872.234862, sdrt-health/mac:02010b41cdec/antenna/tag/e2806894000050038661fd4f, 83
1652706872.29465, sdrt-health/mac:02010b41cdec/antenna/tag/e2806894000050038662154f, 88
1652706872.294999, sdrt-health/mac:02010b41cdec/antenna/tag/e28068940000400386621d4f, 90
1652706872.312024, sdrt-health/mac:02010b41cdec/antenna/tag/e28068940000500386620d4f, 81
1652706872.312429, sdrt-health/mac:02010b41cdec/antenna/tag/e2806894000050038661fd4f, 86
1652706872.32073, sdrt-health/mac:02010b41cdec/antenna/tag/e2806894000050038661fd4f, 86
1652706872.360979, sdrt-health/mac:02010b41cdec/antenna/tag/e2806894000050038662154f, 88
1652706872.401069, sdrt-health/mac:02010b41cdec/antenna/tag/e2806894000040038662114f, 91
1652706872.464439, sdrt-health/mac:02010b41cdec/antenna/tag/e2806894000050038662154f, 88
1652706872.464908, sdrt-health/mac:02010b41cdec/antenna/tag/e2806894000040038662114f, 88
1652706872.499183, sdrt-health/mac:02010b41cdec/antenna/tag/e2806894000050038662154f, 88
1652706872.529814, sdrt-health/mac:02010b41cdec/antenna/tag/e2806894000050038662194f, 81
1652706872.530195, sdrt-health/mac:02010b41cdec/antenna/tag/e2806894000050038661fd4f, 83
1652706872.545708, sdrt-health/mac:02010b41cdec/antenna/tag/e2806894000050038662154f, 85
1652706872.546043, sdrt-health/mac:02010b41cdec/antenna/tag/e28068940000400386621d4f, 77
1652706872.599531, sdrt-health/mac:02010b41cdec/antenna/tag/e28068940000400386621d4f, 96
1652706872.642972, sdrt-health/mac:02010b41cdec/antenna/tag/e28068940000400386621d4f, 96
1652706872.680164, sdrt-health/mac:02010b41cdec/antenna/tag/e2806894000050038661fd4f, 86
1652706872.74662, sdrt-health/mac:02010b41cdec/antenna/tag/e2806894000040038662114f, 91
1652706872.747123, sdrt-health/mac:02010b41cdec/antenna/tag/e2806894000040038662114f, 91
1652706872.796546, sdrt-health/mac:02010b41cdec/antenna/tag/e2806894000050038662154f, 88
1652706872.873574, sdrt-health/mac:02010b41cdec/antenna/tag/e2806894000050038661fd4f, 86
1652706872.873916, sdrt-health/mac:02010b41cdec/antenna/tag/e2806894000050038661fd4f, 86
1652706872.89053, sdrt-health/mac:02010b41cdec/antenna/tag/e2806894000050038662154f, 88
1652706872.890917, sdrt-health/mac:02010b41cdec/antenna/tag/e2806894000050038662154f, 88
1652706872.891181, sdrt-health/mac:02010b41cdec/antenna/tag/e2806894000050038661fd4f, 86
1652706872.907286, sdrt-health/mac:02010b41cdec/antenna/tag/e2806894000050038661fd4f, 83
1652706872.950351, sdrt-health/mac:02010b41cdec/antenna/tag/e2806894000040038662114f, 85
1652706873.005669, sdrt-health/mac:02010b41cdec/antenna/tag/e2806894000050038662154f, 88
1652706873.006111, sdrt-health/mac:02010b41cdec/antenna/tag/e2806894000050038662154f, 88
1652706873.040564, sdrt-health/mac:02010b41cdec/antenna/tag/e2806894000050038662154f, 88
1652706873.095787, sdrt-health/mac:02010b41cdec/antenna/tag/e2806894000040038662114f, 88
1652706873.096042, sdrt-health/mac:02010b41cdec/antenna/tag/e2806894000050038662194f, 88
1652706873.136537, sdrt-health/mac:02010b41cdec/antenna/tag/e2806894000050038662194f, 83
1652706873.188398, sdrt-health/mac:02010b41cdec/antenna/tag/e2806894000050038661fd4f, 83
1652706873.188718, sdrt-health/mac:02010b41cdec/antenna/tag/e28068940000400386621d4f, 77
1652706873.230983, sdrt-health/mac:02010b41cdec/antenna/tag/e2806894000050038661fd4f, 83
1652706873.28214, sdrt-health/mac:02010b41cdec/antenna/tag/e2806894000050038662154f, 88
1652706873.320286, sdrt-health/mac:02010b41cdec/antenna/tag/e2806894000040038662114f, 88
1652706873.387416, sdrt-health/mac:02010b41cdec/antenna/tag/e28068940000500386620d4f, 83
1652706873.387782, sdrt-health/mac:02010b41cdec/antenna/tag/e2806894000040038662114f, 85
1652706873.404041, sdrt-health/mac:02010b41cdec/antenna/tag/e2806894000040038662114f, 88
1652706873.410813, sdrt-health/mac:02010b41cdec/antenna/tag/e2806894000050038662154f, 88
1652706873.419327, sdrt-health/mac:02010b41cdec/antenna/tag/e28068940000400386621d4f, 77
1652706873.449742, sdrt-health/mac:02010b41cdec/antenna/tag/e28068940000400386621d4f, 77
1652706873.490676, sdrt-health/mac:02010b41cdec/antenna/tag/e2806894000050038662154f, 91
1652706873.53015, sdrt-health/mac:02010b41cdec/antenna/tag/e28068940000500386620d4f, 83
1652706873.597404, sdrt-health/mac:02010b41cdec/antenna/tag/e2806894000050038662154f, 91
1652706873.597901, sdrt-health/mac:02010b41cdec/antenna/tag/e2806894000050038661fd4f, 86
1652706873.641456, sdrt-health/mac:02010b41cdec/antenna/tag/e2806894000050038661fd4f, 86
1652706873.682077, sdrt-health/mac:02010b41cdec/antenna/tag/e2806894000040038662114f, 91
1652706873.720753, sdrt-health/mac:02010b41cdec/antenna/tag/e2806894000050038661fd4f, 86
1652706873.761175, sdrt-health/mac:02010b41cdec/antenna/tag/e2806894000050038662194f, 83
1652706873.799481, sdrt-health/mac:02010b41cdec/antenna/tag/e2806894000040038662114f, 91
1652706873.858303, sdrt-health/mac:02010b41cdec/antenna/tag/e2806894000050038662154f, 91
1652706873.858599, sdrt-health/mac:02010b41cdec/antenna/tag/e2806894000050038662154f, 88
1652706873.875777, sdrt-health/mac:02010b41cdec/antenna/tag/e2806894000050038662154f, 91
1652706873.904819, sdrt-health/mac:02010b41cdec/antenna/tag/e2806894000050038662154f, 91
1652706873.95724, sdrt-health/mac:02010b41cdec/antenna/tag/e2806894000040038662114f, 91
1652706873.957723, sdrt-health/mac:02010b41cdec/antenna/tag/e2806894000050038662154f, 88
1652706873.972547, sdrt-health/mac:02010b41cdec/antenna/tag/e2806894000040038662114f, 88
1652706873.990782, sdrt-health/mac:02010b41cdec/antenna/tag/e2806894000050038661fd4f, 97
1652706874.048985, sdrt-health/mac:02010b41cdec/antenna/tag/e28068940000400386621d4f, 77
1652706874.10715, sdrt-health/mac:02010b41cdec/antenna/tag/e2806894000040038662114f, 85
1652706874.10767, sdrt-health/mac:02010b41cdec/antenna/tag/e28068940000400386621d4f, 96
1652706874.121742, sdrt-health/mac:02010b41cdec/antenna/tag/e2806894000050038662194f, 81
1652706874.122137, sdrt-health/mac:02010b41cdec/antenna/tag/e2806894000040038662114f, 88
1652706874.170936, sdrt-health/mac:02010b41cdec/antenna/tag/e2806894000050038662154f, 88
1652706874.21117, sdrt-health/mac:02010b41cdec/antenna/tag/e2806894000040038662114f, 88
1652706874.288272, sdrt-health/mac:02010b41cdec/antenna/tag/e2806894000050038661fd4f, 83
1652706874.330592, sdrt-health/mac:02010b41cdec/antenna/tag/e2806894000050038662154f, 91
1652706874.384781, sdrt-health/mac:02010b41cdec/antenna/tag/e2806894000050038662194f, 94
1652706874.385128, sdrt-health/mac:02010b41cdec/antenna/tag/e28068940000400386621d4f, 96
1652706874.420119, sdrt-health/mac:02010b41cdec/antenna/tag/e28068940000400386621d4f, 96
1652706874.451947, sdrt-health/mac:02010b41cdec/antenna/tag/e28068940000400386621d4f, 90
1652706874.452446, sdrt-health/mac:02010b41cdec/antenna/tag/e2806894000050038662154f, 91
1652706874.468926, sdrt-health/mac:02010b41cdec/antenna/tag/e28068940000500386620d4f, 93
1652706874.521233, sdrt-health/mac:02010b41cdec/antenna/tag/e2806894000040038662114f, 88
1652706874.521697, sdrt-health/mac:02010b41cdec/antenna/tag/e2806894000050038661fd4f, 83
1652706874.537077, sdrt-health/mac:02010b41cdec/antenna/tag/e2806894000040038662114f, 91
1652706874.549763, sdrt-health/mac:02010b41cdec/antenna/tag/e2806894000040038662114f, 91
1652706874.554418, sdrt-health/mac:02010b41cdec/antenna/tag/e28068940000500386620d4f, 87
1652706874.598684, sdrt-health/mac:02010b41cdec/antenna/tag/e2806894000050038661fd4f, 86
1652706874.665774, sdrt-health/mac:02010b41cdec/antenna/tag/e28068940000400386621d4f, 90
1652706874.666384, sdrt-health/mac:02010b41cdec/antenna/tag/e2806894000040038662114f, 88
1652706874.66674, sdrt-health/mac:02010b41cdec/antenna/tag/e28068940000400386621d4f, 96
1652706874.699365, sdrt-health/mac:02010b41cdec/antenna/tag/e2806894000050038661fd4f, 86
1652706874.729148, sdrt-health/mac:02010b41cdec/antenna/tag/e28068940000400386621d4f, 96
1652706874.729661, sdrt-health/mac:02010b41cdec/antenna/tag/e2806894000050038662154f, 91
1652706874.745193, sdrt-health/mac:02010b41cdec/antenna/tag/e28068940000500386620d4f, 87
1652706874.745507, sdrt-health/mac:02010b41cdec/antenna/tag/e28068940000400386621d4f, 96
1652706874.79026, sdrt-health/mac:02010b41cdec/antenna/tag/e2806894000040038662114f, 85
1652706874.840875, sdrt-health/mac:02010b41cdec/antenna/tag/e2806894000050038661fd4f, 83
1652706874.873427, sdrt-health/mac:02010b41cdec/antenna/tag/e2806894000050038662154f, 88
1652706874.873818, sdrt-health/mac:02010b41cdec/antenna/tag/e2806894000050038661fd4f, 83
1652706874.88896, sdrt-health/mac:02010b41cdec/antenna/tag/e28068940000500386620d4f, 93
1652706874.889247, sdrt-health/mac:02010b41cdec/antenna/tag/e2806894000050038661fd4f, 83
1652706874.930542, sdrt-health/mac:02010b41cdec/antenna/tag/e2806894000050038661fd4f, 83
1652706875.00356, sdrt-health/mac:02010b41cdec/antenna/tag/e28068940000400386621d4f, 77
1652706875.004047, sdrt-health/mac:02010b41cdec/antenna/tag/e2806894000050038661fd4f, 83
1652706875.019037, sdrt-health/mac:02010b41cdec/antenna/tag/e2806894000040038662114f, 88
1652706875.050426, sdrt-health/mac:02010b41cdec/antenna/tag/e28068940000500386620d4f, 83
1652706875.051099, sdrt-health/mac:02010b41cdec/antenna/tag/e2806894000050038661fd4f, 83
1652706875.070353, sdrt-health/mac:02010b41cdec/antenna/tag/e2806894000050038661fd4f, 83
1652706875.128369, sdrt-health/mac:02010b41cdec/antenna/tag/e2806894000050038661fd4f, 83
1652706875.128911, sdrt-health/mac:02010b41cdec/antenna/tag/e2806894000050038661fd4f, 83
1652706875.145373, sdrt-health/mac:02010b41cdec/antenna/tag/e28068940000400386621d4f, 90
1652706875.198078, sdrt-health/mac:02010b41cdec/antenna/tag/e28068940000400386621d4f, 96
1652706875.242395, sdrt-health/mac:02010b41cdec/antenna/tag/e28068940000400386621d4f, 96
1652706875.275782, sdrt-health/mac:02010b41cdec/antenna/tag/e2806894000040038662114f, 91
1652706875.276171, sdrt-health/mac:02010b41cdec/antenna/tag/e28068940000400386621d4f, 96
1652706875.290725, sdrt-health/mac:02010b41cdec/antenna/tag/e2806894000050038662194f, 81
1652706875.291106, sdrt-health/mac:02010b41cdec/antenna/tag/e2806894000050038661fd4f, 86
1652706875.342136, sdrt-health/mac:02010b41cdec/antenna/tag/e2806894000050038661fd4f, 83
1652706875.375411, sdrt-health/mac:02010b41cdec/antenna/tag/e2806894000050038662194f, 94
1652706875.375849, sdrt-health/mac:02010b41cdec/antenna/tag/e28068940000400386621d4f, 96
1652706875.390983, sdrt-health/mac:02010b41cdec/antenna/tag/e2806894000050038662154f, 88
1652706875.391295, sdrt-health/mac:02010b41cdec/antenna/tag/e2806894000050038662194f, 81
1652706875.430065, sdrt-health/mac:02010b41cdec/antenna/tag/e2806894000050038661fd4f, 86
1652706875.486622, sdrt-health/mac:02010b41cdec/antenna/tag/e2806894000050038661fd4f, 83
1652706875.487122, sdrt-health/mac:02010b41cdec/antenna/tag/e28068940000500386620d4f, 83
1652706875.518267, sdrt-health/mac:02010b41cdec/antenna/tag/e28068940000400386621d4f, 77
1652706875.584066, sdrt-health/mac:02010b41cdec/antenna/tag/e28068940000500386620d4f, 81
1652706875.584523, sdrt-health/mac:02010b41cdec/antenna/tag/e28068940000400386621d4f, 96
1652706875.610704, sdrt-health/mac:02010b41cdec/antenna/tag/e28068940000500386620d4f, 87
1652706875.650361, sdrt-health/mac:02010b41cdec/antenna/tag/e2806894000050038661fd4f, 83
1652706875.689651, sdrt-health/mac:02010b41cdec/antenna/tag/e2806894000050038661fd4f, 83
1652706875.729199, sdrt-health/mac:02010b41cdec/antenna/tag/e28068940000400386621d4f, 90
1652706875.780818, sdrt-health/mac:02010b41cdec/antenna/tag/e2806894000050038661fd4f, 86
1652706875.843726, sdrt-health/mac:02010b41cdec/antenna/tag/e2806894000050038661fd4f, 83
1652706875.844202, sdrt-health/mac:02010b41cdec/antenna/tag/e28068940000500386620d4f, 93
1652706875.869724, sdrt-health/mac:02010b41cdec/antenna/tag/e28068940000400386621d4f, 77
1652706875.927135, sdrt-health/mac:02010b41cdec/antenna/tag/e2806894000040038662114f, 88
1652706875.927593, sdrt-health/mac:02010b41cdec/antenna/tag/e2806894000040038662114f, 88
1652706875.979358, sdrt-health/mac:02010b41cdec/antenna/tag/e2806894000050038661fd4f, 83
1652706876.028955, sdrt-health/mac:02010b41cdec/antenna/tag/e2806894000050038662154f, 88
1652706876.07094, sdrt-health/mac:02010b41cdec/antenna/tag/e28068940000400386621d4f, 90
1652706876.11119, sdrt-health/mac:02010b41cdec/antenna/tag/e28068940000400386621d4f, 96
1652706876.149907, sdrt-health/mac:02010b41cdec/antenna/tag/e28068940000500386620d4f, 81
1652706876.191818, sdrt-health/mac:02010b41cdec/antenna/tag/e2806894000040038662114f, 88
1652706876.257301, sdrt-health/mac:02010b41cdec/antenna/tag/e28068940000400386621d4f, 96
1652706876.257812, sdrt-health/mac:02010b41cdec/antenna/tag/e2806894000040038662114f, 88
1652706876.273743, sdrt-health/mac:02010b41cdec/antenna/tag/e28068940000400386621d4f, 96
1652706876.28049, sdrt-health/mac:02010b41cdec/antenna/tag/e2806894000040038662114f, 91
1652706876.291278, sdrt-health/mac:02010b41cdec/antenna/tag/e2806894000050038662154f, 91
1652706876.319723, sdrt-health/mac:02010b41cdec/antenna/tag/e28068940000400386621d4f, 90
1652706876.359996, sdrt-health/mac:02010b41cdec/antenna/tag/e28068940000400386621d4f, 96
1652706876.399689, sdrt-health/mac:02010b41cdec/antenna/tag/e2806894000050038661fd4f, 83
1652706876.447591, sdrt-health/mac:02010b41cdec/antenna/tag/e2806894000040038662114f, 85
1652706876.518287, sdrt-health/mac:02010b41cdec/antenna/tag/e28068940000500386620d4f, 81
1652706876.560906, sdrt-health/mac:02010b41cdec/antenna/tag/e2806894000040038662114f, 88
1652706876.591078, sdrt-health/mac:02010b41cdec/antenna/tag/e28068940000500386620d4f, 94
1652706876.591451, sdrt-health/mac:02010b41cdec/antenna/tag/e2806894000040038662114f, 88
1652706876.610148, sdrt-health/mac:02010b41cdec/antenna/tag/e2806894000040038662114f, 91
1652706876.65026, sdrt-health/mac:02010b41cdec/antenna/tag/e28068940000400386621d4f, 96
1652706876.704137, sdrt-health/mac:02010b41cdec/antenna/tag/e28068940000500386620d4f, 81
1652706876.704606, sdrt-health/mac:02010b41cdec/antenna/tag/e2806894000050038661fd4f, 86
1652706876.749609, sdrt-health/mac:02010b41cdec/antenna/tag/e2806894000050038662154f, 85
1652706876.789528, sdrt-health/mac:02010b41cdec/antenna/tag/e2806894000050038662154f, 85
1652706876.850537, sdrt-health/mac:02010b41cdec/antenna/tag/e28068940000400386621d4f, 77
1652706876.889789, sdrt-health/mac:02010b41cdec/antenna/tag/e28068940000500386620d4f, 81
1652706876.922223, sdrt-health/mac:02010b41cdec/antenna/tag/e2806894000050038661fd4f, 83
1652706876.922524, sdrt-health/mac:02010b41cdec/antenna/tag/e2806894000050038662154f, 85
1652706876.937279, sdrt-health/mac:02010b41cdec/antenna/tag/e28068940000400386621d4f, 77
1652706876.969103, sdrt-health/mac:02010b41cdec/antenna/tag/e2806894000050038661fd4f, 83
1652706877.030275, sdrt-health/mac:02010b41cdec/antenna/tag/e2806894000040038662114f, 88
1652706877.069366, sdrt-health/mac:02010b41cdec/antenna/tag/e2806894000040038662114f, 88
1652706877.109235, sdrt-health/mac:02010b41cdec/antenna/tag/e2806894000050038661fd4f, 83
1652706877.149821, sdrt-health/mac:02010b41cdec/antenna/tag/e2806894000050038661fd4f, 83
1652706877.189374, sdrt-health/mac:02010b41cdec/antenna/tag/e28068940000400386621d4f, 90
1652706877.252006, sdrt-health/mac:02010b41cdec/antenna/tag/e2806894000040038662114f, 88
1652706877.253597, sdrt-health/mac:02010b41cdec/antenna/tag/e2806894000040038662114f, 91
1652706877.300301, sdrt-health/mac:02010b41cdec/antenna/tag/e28068940000400386621d4f, 96
1652706877.33975, sdrt-health/mac:02010b41cdec/antenna/tag/e2806894000040038662114f, 91
1652706877.371088, sdrt-health/mac:02010b41cdec/antenna/tag/e2806894000050038661fd4f, 86
1652706877.37144, sdrt-health/mac:02010b41cdec/antenna/tag/e2806894000050038662154f, 91
1652706877.398665, sdrt-health/mac:02010b41cdec/antenna/tag/e2806894000050038661fd4f, 83
1652706877.469977, sdrt-health/mac:02010b41cdec/antenna/tag/e28068940000500386620d4f, 81
1652706877.509196, sdrt-health/mac:02010b41cdec/antenna/tag/e2806894000050038661fd4f, 83
1652706877.557368, sdrt-health/mac:02010b41cdec/antenna/tag/e28068940000400386621d4f, 90
1652706877.614046, sdrt-health/mac:02010b41cdec/antenna/tag/e2806894000050038662154f, 88
1652706877.614457, sdrt-health/mac:02010b41cdec/antenna/tag/e2806894000040038662114f, 91
1652706877.629417, sdrt-health/mac:02010b41cdec/antenna/tag/e2806894000040038662114f, 88
1652706877.648706, sdrt-health/mac:02010b41cdec/antenna/tag/e2806894000040038662114f, 88
1652706877.690254, sdrt-health/mac:02010b41cdec/antenna/tag/e2806894000050038661fd4f, 83
1652706877.720449, sdrt-health/mac:02010b41cdec/antenna/tag/e2806894000050038662154f, 91
1652706877.720811, sdrt-health/mac:02010b41cdec/antenna/tag/e28068940000400386621d4f, 90
1652706877.779718, sdrt-health/mac:02010b41cdec/antenna/tag/e2806894000050038662154f, 88
1652706877.835355, sdrt-health/mac:02010b41cdec/antenna/tag/e2806894000050038662194f, 81
1652706877.883086, sdrt-health/mac:02010b41cdec/antenna/tag/e2806894000050038661fd4f, 83
1652706877.883429, sdrt-health/mac:02010b41cdec/antenna/tag/e2806894000050038661fd4f, 83
1652706877.909374, sdrt-health/mac:02010b41cdec/antenna/tag/e2806894000050038661fd4f, 83
1652706877.965488, sdrt-health/mac:02010b41cdec/antenna/tag/e2806894000050038662194f, 94
1652706878.033648, sdrt-health/mac:02010b41cdec/antenna/tag/e28068940000400386621d4f, 96
1652706878.033849, sdrt-health/mac:02010b41cdec/antenna/tag/e2806894000050038661fd4f, 83
1652706878.048709, sdrt-health/mac:02010b41cdec/antenna/tag/e28068940000400386621d4f, 96
1652706878.11303, sdrt-health/mac:02010b41cdec/antenna/tag/e2806894000040038662114f, 88
1652706878.113425, sdrt-health/mac:02010b41cdec/antenna/tag/e28068940000400386621d4f, 77
1652706878.128781, sdrt-health/mac:02010b41cdec/antenna/tag/e2806894000050038662194f, 88
1652706878.16912, sdrt-health/mac:02010b41cdec/antenna/tag/e2806894000050038661fd4f, 83
1652706878.219209, sdrt-health/mac:02010b41cdec/antenna/tag/e2806894000050038662154f, 88
1652706878.259748, sdrt-health/mac:02010b41cdec/antenna/tag/e28068940000400386621d4f, 77
1652706878.315596, sdrt-health/mac:02010b41cdec/antenna/tag/e2806894000050038661fd4f, 83
1652706878.316153, sdrt-health/mac:02010b41cdec/antenna/tag/e28068940000400386621d4f, 96
1652706878.332811, sdrt-health/mac:02010b41cdec/antenna/tag/e2806894000050038661fd4f, 86
1652706878.358017, sdrt-health/mac:02010b41cdec/antenna/tag/e2806894000050038662154f, 85
1652706878.399997, sdrt-health/mac:02010b41cdec/antenna/tag/e2806894000050038662154f, 85
1652706878.447328, sdrt-health/mac:02010b41cdec/antenna/tag/e2806894000050038662154f, 91
1652706878.507243, sdrt-health/mac:02010b41cdec/antenna/tag/e28068940000400386621d4f, 96
1652706878.507534, sdrt-health/mac:02010b41cdec/antenna/tag/e2806894000050038662154f, 91
1652706878.523314, sdrt-health/mac:02010b41cdec/antenna/tag/e2806894000050038662154f, 91
1652706878.540314, sdrt-health/mac:02010b41cdec/antenna/tag/e2806894000050038661fd4f, 86
1652706878.588938, sdrt-health/mac:02010b41cdec/antenna/tag/e2806894000050038661fd4f, 83
1652706878.621327, sdrt-health/mac:02010b41cdec/antenna/tag/e28068940000500386620d4f, 81
1652706878.621536, sdrt-health/mac:02010b41cdec/antenna/tag/e2806894000050038662154f, 85
1652706878.636033, sdrt-health/mac:02010b41cdec/antenna/tag/e2806894000050038661fd4f, 86
1652706878.636242, sdrt-health/mac:02010b41cdec/antenna/tag/e2806894000050038661fd4f, 83
1652706878.66967, sdrt-health/mac:02010b41cdec/antenna/tag/e2806894000040038662114f, 85
1652706878.722212, sdrt-health/mac:02010b41cdec/antenna/tag/e28068940000500386620d4f, 84
1652706878.776548, sdrt-health/mac:02010b41cdec/antenna/tag/e28068940000400386621d4f, 90
1652706878.777132, sdrt-health/mac:02010b41cdec/antenna/tag/e2806894000050038661fd4f, 83
1652706878.800434, sdrt-health/mac:02010b41cdec/antenna/tag/e2806894000050038661fd4f, 86
1652706878.861449, sdrt-health/mac:02010b41cdec/antenna/tag/e28068940000400386621d4f, 90
1652706878.910065, sdrt-health/mac:02010b41cdec/antenna/tag/e2806894000050038661fd4f, 86
1652706878.975347, sdrt-health/mac:02010b41cdec/antenna/tag/e2806894000050038662154f, 91
1652706878.975848, sdrt-health/mac:02010b41cdec/antenna/tag/e2806894000050038662194f, 87
1652706879.000034, sdrt-health/mac:02010b41cdec/antenna/tag/e2806894000040038662114f, 88
1652706879.076221, sdrt-health/mac:02010b41cdec/antenna/tag/e2806894000040038662114f, 85
1652706879.12309, sdrt-health/mac:02010b41cdec/antenna/tag/e2806894000040038662114f, 88
1652706879.176931, sdrt-health/mac:02010b41cdec/antenna/tag/e2806894000050038662154f, 91
1652706879.177378, sdrt-health/mac:02010b41cdec/antenna/tag/e28068940000500386620d4f, 82
1652706879.192768, sdrt-health/mac:02010b41cdec/antenna/tag/e2806894000050038662154f, 91
1652706879.212297, sdrt-health/mac:02010b41cdec/antenna/tag/e2806894000050038661fd4f, 86
1652706879.252473, sdrt-health/mac:02010b41cdec/antenna/tag/e2806894000050038662154f, 88
1652706879.302822, sdrt-health/mac:02010b41cdec/antenna/tag/e2806894000040038662114f, 91
1652706879.355161, sdrt-health/mac:02010b41cdec/antenna/tag/e2806894000050038661fd4f, 86
1652706879.35541, sdrt-health/mac:02010b41cdec/antenna/tag/e2806894000040038662114f, 85
1652706879.380681, sdrt-health/mac:02010b41cdec/antenna/tag/e2806894000050038661fd4f, 86
1652706879.420105, sdrt-health/mac:02010b41cdec/antenna/tag/e2806894000040038662114f, 88
1652706879.451431, sdrt-health/mac:02010b41cdec/antenna/tag/e2806894000050038662194f, 94
1652706879.451841, sdrt-health/mac:02010b41cdec/antenna/tag/e2806894000050038662194f, 88
1652706879.467472, sdrt-health/mac:02010b41cdec/antenna/tag/e2806894000050038662194f, 81
1652706879.509978, sdrt-health/mac:02010b41cdec/antenna/tag/e28068940000400386621d4f, 90
1652706879.542021, sdrt-health/mac:02010b41cdec/antenna/tag/e2806894000050038661fd4f, 83
1652706879.542332, sdrt-health/mac:02010b41cdec/antenna/tag/e2806894000050038662194f, 83
1652706879.542599, sdrt-health/mac:02010b41cdec/antenna/tag/e2806894000050038661fd4f, 86
1652706879.557548, sdrt-health/mac:02010b41cdec/antenna/tag/e2806894000050038662154f, 88
1652706879.614536, sdrt-health/mac:02010b41cdec/antenna/tag/e28068940000400386621d4f, 96
1652706879.615054, sdrt-health/mac:02010b41cdec/antenna/tag/e2806894000050038662154f, 88
1652706879.630409, sdrt-health/mac:02010b41cdec/antenna/tag/e28068940000400386621d4f, 77
1652706879.640282, sdrt-health/mac:02010b41cdec/antenna/tag/e2806894000050038662194f, 83
1652706879.687908, sdrt-health/mac:02010b41cdec/antenna/tag/e28068940000400386621d4f, 77
1652706879.746289, sdrt-health/mac:02010b41cdec/antenna/tag/e2806894000050038661fd4f, 86
1652706879.746786, sdrt-health/mac:02010b41cdec/antenna/tag/e28068940000500386620d4f, 87
1652706879.770462, sdrt-health/mac:02010b41cdec/antenna/tag/e2806894000040038662114f, 88
1652706879.826199, sdrt-health/mac:02010b41cdec/antenna/tag/e28068940000500386620d4f, 87
1652706879.826697, sdrt-health/mac:02010b41cdec/antenna/tag/e28068940000500386620d4f, 93
1652706879.849909, sdrt-health/mac:02010b41cdec/antenna/tag/e2806894000050038662154f, 88
1652706879.890443, sdrt-health/mac:02010b41cdec/antenna/tag/e2806894000040038662114f, 85
1652706879.924038, sdrt-health/mac:02010b41cdec/antenna/tag/e2806894000050038662154f, 88
1652706879.924409, sdrt-health/mac:02010b41cdec/antenna/tag/e2806894000050038661fd4f, 83
1652706879.939396, sdrt-health/mac:02010b41cdec/antenna/tag/e2806894000050038662194f, 83
1652706879.939843, sdrt-health/mac:02010b41cdec/antenna/tag/e2806894000050038662194f, 83
1652706879.969823, sdrt-health/mac:02010b41cdec/antenna/tag/e28068940000400386621d4f, 96
1652706880.016111, sdrt-health/mac:02010b41cdec/antenna/tag/e28068940000400386621d4f, 96
1652706880.070112, sdrt-health/mac:02010b41cdec/antenna/tag/e2806894000040038662114f, 88
1652706880.102133, sdrt-health/mac:02010b41cdec/antenna/tag/e28068940000500386620d4f, 81
1652706880.102497, sdrt-health/mac:02010b41cdec/antenna/tag/e2806894000050038661fd4f, 86
1652706880.118067, sdrt-health/mac:02010b41cdec/antenna/tag/e28068940000400386621d4f, 96
1652706880.159479, sdrt-health/mac:02010b41cdec/antenna/tag/e2806894000050038661fd4f, 83
1652706880.223554, sdrt-health/mac:02010b41cdec/antenna/tag/e2806894000050038661fd4f, 86
1652706880.224026, sdrt-health/mac:02010b41cdec/antenna/tag/e28068940000500386620d4f, 88
1652706880.239129, sdrt-health/mac:02010b41cdec/antenna/tag/e28068940000400386621d4f, 90
1652706880.260314, sdrt-health/mac:02010b41cdec/antenna/tag/e2806894000050038661fd4f, 86
1652706880.301665, sdrt-health/mac:02010b41cdec/antenna/tag/e2806894000050038662154f, 88
1652706880.348793, sdrt-health/mac:02010b41cdec/antenna/tag/e2806894000050038662154f, 91
1652706880.423654, sdrt-health/mac:02010b41cdec/antenna/tag/e2806894000050038661fd4f, 86
1652706880.424149, sdrt-health/mac:02010b41cdec/antenna/tag/e2806894000050038661fd4f, 83
1652706880.439164, sdrt-health/mac:02010b41cdec/antenna/tag/e2806894000050038662154f, 91
1652706880.469585, sdrt-health/mac:02010b41cdec/antenna/tag/e28068940000400386621d4f, 90
1652706880.469896, sdrt-health/mac:02010b41cdec/antenna/tag/e28068940000500386620d4f, 83
1652706880.500135, sdrt-health/mac:02010b41cdec/antenna/tag/e2806894000050038661fd4f, 83
1652706880.555816, sdrt-health/mac:02010b41cdec/antenna/tag/e2806894000050038661fd4f, 83
1652706880.556027, sdrt-health/mac:02010b41cdec/antenna/tag/e2806894000050038662154f, 88
1652706880.590158, sdrt-health/mac:02010b41cdec/antenna/tag/e28068940000400386621d4f, 77
1652706880.622937, sdrt-health/mac:02010b41cdec/antenna/tag/e2806894000050038662194f, 83
1652706880.623254, sdrt-health/mac:02010b41cdec/antenna/tag/e2806894000050038661fd4f, 83
1652706880.638799, sdrt-health/mac:02010b41cdec/antenna/tag/e2806894000050038661fd4f, 83
1652706880.639079, sdrt-health/mac:02010b41cdec/antenna/tag/e2806894000050038661fd4f, 83
1652706880.680523, sdrt-health/mac:02010b41cdec/antenna/tag/e28068940000500386620d4f, 83
1652706880.747412, sdrt-health/mac:02010b41cdec/antenna/tag/e2806894000050038661fd4f, 86
1652706880.747958, sdrt-health/mac:02010b41cdec/antenna/tag/e2806894000050038662154f, 88
1652706880.763434, sdrt-health/mac:02010b41cdec/antenna/tag/e2806894000050038661fd4f, 83
1652706880.80163, sdrt-health/mac:02010b41cdec/antenna/tag/e2806894000050038662154f, 88
1652706880.928606, sdrt-health/mac:02010b41cdec/antenna/tag/e2806894000050038661fd4f, 86
1652706880.929118, sdrt-health/mac:02010b41cdec/antenna/tag/e28068940000400386621d4f, 77
1652706880.945069, sdrt-health/mac:02010b41cdec/antenna/tag/e2806894000050038661fd4f, 86
1652706880.945552, sdrt-health/mac:02010b41cdec/antenna/tag/e2806894000050038662194f, 84
1652706880.945889, sdrt-health/mac:02010b41cdec/antenna/tag/e2806894000050038662194f, 83
1652706880.946244, sdrt-health/mac:02010b41cdec/antenna/tag/e2806894000050038662194f, 88
1652706880.97657, sdrt-health/mac:02010b41cdec/antenna/tag/e28068940000400386621d4f, 96
1652706881.014235, sdrt-health/mac:02010b41cdec/antenna/tag/e28068940000500386620d4f, 93
1652706881.014529, sdrt-health/mac:02010b41cdec/antenna/tag/e28068940000400386621d4f, 90
1652706881.039083, sdrt-health/mac:02010b41cdec/antenna/tag/e28068940000500386620d4f, 93
1652706881.072507, sdrt-health/mac:02010b41cdec/antenna/tag/e28068940000500386620d4f, 93
1652706881.072789, sdrt-health/mac:02010b41cdec/antenna/tag/e28068940000500386620d4f, 87
1652706881.089424, sdrt-health/mac:02010b41cdec/antenna/tag/e28068940000500386620d4f, 83
1652706881.08963, sdrt-health/mac:02010b41cdec/antenna/tag/e28068940000400386621d4f, 96
1652706881.159878, sdrt-health/mac:02010b41cdec/antenna/tag/e28068940000500386620d4f, 83
1652706881.200484, sdrt-health/mac:02010b41cdec/antenna/tag/e2806894000050038662154f, 88
1652706881.291551, sdrt-health/mac:02010b41cdec/antenna/tag/e2806894000050038661fd4f, 86
1652706881.292021, sdrt-health/mac:02010b41cdec/antenna/tag/e2806894000050038662154f, 91
1652706881.306133, sdrt-health/mac:02010b41cdec/antenna/tag/e2806894000040038662114f, 91
1652706881.306381, sdrt-health/mac:02010b41cdec/antenna/tag/e2806894000050038662154f, 91
1652706881.32045, sdrt-health/mac:02010b41cdec/antenna/tag/e2806894000050038662154f, 88
1652706881.375994, sdrt-health/mac:02010b41cdec/antenna/tag/e2806894000050038661fd4f, 83
1652706881.376435, sdrt-health/mac:02010b41cdec/antenna/tag/e2806894000050038661fd4f, 83
1652706881.391373, sdrt-health/mac:02010b41cdec/antenna/tag/e28068940000400386621d4f, 96
1652706881.3916, sdrt-health/mac:02010b41cdec/antenna/tag/e2806894000050038662154f, 85
1652706881.400615, sdrt-health/mac:02010b41cdec/antenna/tag/e2806894000050038661fd4f, 86
1652706881.450343, sdrt-health/mac:02010b41cdec/antenna/tag/e2806894000050038661fd4f, 86
1652706881.507887, sdrt-health/mac:02010b41cdec/antenna/tag/e2806894000040038662114f, 85
1652706881.508396, sdrt-health/mac:02010b41cdec/antenna/tag/e28068940000500386620d4f, 83
1652706881.52502, sdrt-health/mac:02010b41cdec/antenna/tag/e28068940000400386621d4f, 77
1652706881.542365, sdrt-health/mac:02010b41cdec/antenna/tag/e2806894000040038662114f, 85
1652706881.599014, sdrt-health/mac:02010b41cdec/antenna/tag/e2806894000050038661fd4f, 83
1652706881.59959, sdrt-health/mac:02010b41cdec/antenna/tag/e2806894000040038662054f, 83
1652706881.614312, sdrt-health/mac:02010b41cdec/antenna/tag/e28068940000500386620d4f, 87
1652706881.61986, sdrt-health/mac:02010b41cdec/antenna/tag/e2806894000050038662154f, 88
1652706881.629901, sdrt-health/mac:02010b41cdec/antenna/tag/e2806894000050038662154f, 88
1652706881.660013, sdrt-health/mac:02010b41cdec/antenna/tag/e2806894000050038662154f, 88
1652706881.702095, sdrt-health/mac:02010b41cdec/antenna/tag/e2806894000050038662194f, 88
1652706881.755334, sdrt-health/mac:02010b41cdec/antenna/tag/e2806894000050038662154f, 91
1652706881.755731, sdrt-health/mac:02010b41cdec/antenna/tag/e2806894000050038662154f, 88
1652706881.78981, sdrt-health/mac:02010b41cdec/antenna/tag/e2806894000050038662194f, 94
1652706881.846833, sdrt-health/mac:02010b41cdec/antenna/tag/e2806894000040038662114f, 88
1652706881.847384, sdrt-health/mac:02010b41cdec/antenna/tag/e2806894000040038662114f, 91
1652706881.880104, sdrt-health/mac:02010b41cdec/antenna/tag/e2806894000050038661fd4f, 86
1652706881.939414, sdrt-health/mac:02010b41cdec/antenna/tag/e2806894000050038662194f, 81
1652706881.939905, sdrt-health/mac:02010b41cdec/antenna/tag/e28068940000400386621d4f, 90
1652706881.955079, sdrt-health/mac:02010b41cdec/antenna/tag/e2806894000050038661fd4f, 83
1652706881.9744, sdrt-health/mac:02010b41cdec/antenna/tag/e28068940000400386621d4f, 77
1652706882.007822, sdrt-health/mac:02010b41cdec/antenna/tag/e2806894000050038661fd4f, 83
1652706882.008204, sdrt-health/mac:02010b41cdec/antenna/tag/e2806894000050038662154f, 88
1652706882.027164, sdrt-health/mac:02010b41cdec/antenna/tag/e28068940000400386621d4f, 77
1652706882.093411, sdrt-health/mac:02010b41cdec/antenna/tag/e2806894000040038662114f, 88
1652706882.145472, sdrt-health/mac:02010b41cdec/antenna/tag/e2806894000040038662114f, 85
1652706882.21609, sdrt-health/mac:02010b41cdec/antenna/tag/e28068940000500386620d4f, 87
1652706882.216621, sdrt-health/mac:02010b41cdec/antenna/tag/e2806894000050038661fd4f, 83
1652706882.233132, sdrt-health/mac:02010b41cdec/antenna/tag/e2806894000040038662114f, 85
1652706882.242501, sdrt-health/mac:02010b41cdec/antenna/tag/e2806894000050038661fd4f, 86
1652706882.249786, sdrt-health/mac:02010b41cdec/antenna/tag/e2806894000050038661fd4f, 83
1652706882.250087, sdrt-health/mac:02010b41cdec/antenna/tag/e2806894000050038662154f, 91
1652706882.300786, sdrt-health/mac:02010b41cdec/antenna/tag/e28068940000400386621d4f, 96
1652706882.35594, sdrt-health/mac:02010b41cdec/antenna/tag/e2806894000050038662154f, 88
1652706882.356889, sdrt-health/mac:02010b41cdec/antenna/tag/e28068940000400386621d4f, 77
1652706882.3918, sdrt-health/mac:02010b41cdec/antenna/tag/e28068940000500386620d4f, 83
1652706882.429268, sdrt-health/mac:02010b41cdec/antenna/tag/e2806894000050038662194f, 88
1652706882.470304, sdrt-health/mac:02010b41cdec/antenna/tag/e28068940000500386620d4f, 87
1652706882.51129, sdrt-health/mac:02010b41cdec/antenna/tag/e2806894000050038662154f, 91
1652706882.566895, sdrt-health/mac:02010b41cdec/antenna/tag/e2806894000050038661fd4f, 86
1652706882.567491, sdrt-health/mac:02010b41cdec/antenna/tag/e2806894000050038662154f, 91
1652706882.582792, sdrt-health/mac:02010b41cdec/antenna/tag/e28068940000500386620d4f, 83
1652706882.601408, sdrt-health/mac:02010b41cdec/antenna/tag/e28068940000400386621d4f, 90
1652706882.649234, sdrt-health/mac:02010b41cdec/antenna/tag/e2806894000040038662114f, 91
1652706882.685056, sdrt-health/mac:02010b41cdec/antenna/tag/e2806894000050038662154f, 91
1652706882.685467, sdrt-health/mac:02010b41cdec/antenna/tag/e2806894000050038661fd4f, 83
1652706882.7034, sdrt-health/mac:02010b41cdec/antenna/tag/e2806894000050038662154f, 91
1652706882.703609, sdrt-health/mac:02010b41cdec/antenna/tag/e28068940000500386620d4f, 81
1652706882.749831, sdrt-health/mac:02010b41cdec/antenna/tag/e28068940000500386620d4f, 88
1652706882.781297, sdrt-health/mac:02010b41cdec/antenna/tag/e2806894000050038661fd4f, 86
1652706882.781498, sdrt-health/mac:02010b41cdec/antenna/tag/e28068940000400386621d4f, 96
1652706882.798999, sdrt-health/mac:02010b41cdec/antenna/tag/e2806894000050038661fd4f, 90
1652706882.799237, sdrt-health/mac:02010b41cdec/antenna/tag/e2806894000040038662114f, 91
1652706882.799354, sdrt-health/mac:02010b41cdec/antenna/tag/e2806894000050038662154f, 97
1652706882.840474, sdrt-health/mac:02010b41cdec/antenna/tag/e28068940000500386620d4f, 94
1652706882.917167, sdrt-health/mac:02010b41cdec/antenna/tag/e2806894000050038661fd4f, 86
1652706882.917834, sdrt-health/mac:02010b41cdec/antenna/tag/e2806894000050038662194f, 83
1652706882.935904, sdrt-health/mac:02010b41cdec/antenna/tag/e2806894000050038661fd4f, 83
1652706882.93625, sdrt-health/mac:02010b41cdec/antenna/tag/e2806894000050038661fd4f, 83
1652706882.941855, sdrt-health/mac:02010b41cdec/antenna/tag/e2806894000040038662114f, 85
1652706882.950842, sdrt-health/mac:02010b41cdec/antenna/tag/e2806894000050038662194f, 81
1652706882.951045, sdrt-health/mac:02010b41cdec/antenna/tag/e28068940000400386621d4f, 96
1652706882.951188, sdrt-health/mac:02010b41cdec/antenna/tag/e2806894000050038662154f, 88
1652706882.98987, sdrt-health/mac:02010b41cdec/antenna/tag/e2806894000050038662154f, 91
1652706883.05095, sdrt-health/mac:02010b41cdec/antenna/tag/e2806894000050038661fd4f, 83
1652706883.098927, sdrt-health/mac:02010b41cdec/antenna/tag/e2806894000050038662154f, 91
1652706883.156834, sdrt-health/mac:02010b41cdec/antenna/tag/e2806894000050038662154f, 88
1652706883.188223, sdrt-health/mac:02010b41cdec/antenna/tag/e2806894000040038661f94f, 81
1652706883.188681, sdrt-health/mac:02010b41cdec/antenna/tag/e2806894000050038662154f, 91
1652706883.188899, sdrt-health/mac:02010b41cdec/antenna/tag/e2806894000050038661fd4f, 86
1652706883.203466, sdrt-health/mac:02010b41cdec/antenna/tag/e28068940000400386621d4f, 96
1652706883.203863, sdrt-health/mac:02010b41cdec/antenna/tag/e2806894000050038661fd4f, 86
1652706883.204173, sdrt-health/mac:02010b41cdec/antenna/tag/e2806894000040038662114f, 91
1652706883.259859, sdrt-health/mac:02010b41cdec/antenna/tag/e2806894000050038662154f, 88
1652706883.319951, sdrt-health/mac:02010b41cdec/antenna/tag/e2806894000050038662194f, 94
1652706883.405214, sdrt-health/mac:02010b41cdec/antenna/tag/e2806894000050038662194f, 94
1652706883.405761, sdrt-health/mac:02010b41cdec/antenna/tag/e2806894000050038662154f, 85
1652706883.429946, sdrt-health/mac:02010b41cdec/antenna/tag/e2806894000050038661fd4f, 83
1652706883.507601, sdrt-health/mac:02010b41cdec/antenna/tag/e28068940000400386621d4f, 77
1652706883.508054, sdrt-health/mac:02010b41cdec/antenna/tag/e2806894000050038661fd4f, 86
1652706883.53868, sdrt-health/mac:02010b41cdec/antenna/tag/e28068940000400386621d4f, 96
1652706883.570072, sdrt-health/mac:02010b41cdec/antenna/tag/e28068940000500386620d4f, 83
1652706883.570443, sdrt-health/mac:02010b41cdec/antenna/tag/e2806894000040038662114f, 88
1652706883.585124, sdrt-health/mac:02010b41cdec/antenna/tag/e2806894000050038662154f, 91
1652706883.585624, sdrt-health/mac:02010b41cdec/antenna/tag/e28068940000400386621d4f, 96
1652706883.631702, sdrt-health/mac:02010b41cdec/antenna/tag/e2806894000040038662114f, 88
1652706883.696931, sdrt-health/mac:02010b41cdec/antenna/tag/e2806894000040038662114f, 88
1652706883.697398, sdrt-health/mac:02010b41cdec/antenna/tag/e2806894000050038661fd4f, 86
1652706883.711848, sdrt-health/mac:02010b41cdec/antenna/tag/e2806894000040038662114f, 85
1652706883.730686, sdrt-health/mac:02010b41cdec/antenna/tag/e28068940000400386621d4f, 90
1652706883.7868, sdrt-health/mac:02010b41cdec/antenna/tag/e2806894000050038661fd4f, 86
1652706883.787246, sdrt-health/mac:02010b41cdec/antenna/tag/e2806894000040038662114f, 91
1652706883.801867, sdrt-health/mac:02010b41cdec/antenna/tag/e2806894000050038662154f, 85
1652706883.820407, sdrt-health/mac:02010b41cdec/antenna/tag/e2806894000050038662194f, 81
1652706883.861445, sdrt-health/mac:02010b41cdec/antenna/tag/e28068940000400386621d4f, 90
1652706883.926677, sdrt-health/mac:02010b41cdec/antenna/tag/e2806894000040038662114f, 91
1652706883.927246, sdrt-health/mac:02010b41cdec/antenna/tag/e2806894000040038662114f, 88
1652706883.958657, sdrt-health/mac:02010b41cdec/antenna/tag/e2806894000050038662154f, 88
1652706884.017059, sdrt-health/mac:02010b41cdec/antenna/tag/e28068940000500386620d4f, 94
1652706884.017243, sdrt-health/mac:02010b41cdec/antenna/tag/e28068940000500386620d4f, 81
1652706884.035818, sdrt-health/mac:02010b41cdec/antenna/tag/e2806894000050038662194f, 81
1652706884.04122, sdrt-health/mac:02010b41cdec/antenna/tag/e2806894000050038662194f, 87
1652706884.052569, sdrt-health/mac:02010b41cdec/antenna/tag/e2806894000050038662154f, 88
1652706884.090284, sdrt-health/mac:02010b41cdec/antenna/tag/e2806894000040038662114f, 88
1652706884.148618, sdrt-health/mac:02010b41cdec/antenna/tag/e2806894000050038661fd4f, 86
1652706884.149053, sdrt-health/mac:02010b41cdec/antenna/tag/e2806894000050038662194f, 83
1652706884.169342, sdrt-health/mac:02010b41cdec/antenna/tag/e2806894000040038662114f, 85
1652706884.210075, sdrt-health/mac:02010b41cdec/antenna/tag/e2806894000050038662154f, 91
1652706884.252461, sdrt-health/mac:02010b41cdec/antenna/tag/e28068940000500386620d4f, 87
1652706884.297938, sdrt-health/mac:02010b41cdec/antenna/tag/e2806894000050038662194f, 83
1652706884.357995, sdrt-health/mac:02010b41cdec/antenna/tag/e2806894000050038661fd4f, 83
1652706884.35846, sdrt-health/mac:02010b41cdec/antenna/tag/e2806894000050038662194f, 81
1652706884.372819, sdrt-health/mac:02010b41cdec/antenna/tag/e2806894000050038661fd4f, 83
1652706884.373039, sdrt-health/mac:02010b41cdec/antenna/tag/e28068940000400386621d4f, 96
1652706884.379625, sdrt-health/mac:02010b41cdec/antenna/tag/e2806894000050038661fd4f, 83
1652706884.429052, sdrt-health/mac:02010b41cdec/antenna/tag/e2806894000050038662194f, 83
1652706884.470205, sdrt-health/mac:02010b41cdec/antenna/tag/e2806894000040038662114f, 85
1652706884.501705, sdrt-health/mac:02010b41cdec/antenna/tag/e28068940000400386621d4f, 96
1652706884.502146, sdrt-health/mac:02010b41cdec/antenna/tag/e28068940000400386621d4f, 96
1652706884.518729, sdrt-health/mac:02010b41cdec/antenna/tag/e28068940000400386621d4f, 96
1652706884.570275, sdrt-health/mac:02010b41cdec/antenna/tag/e28068940000400386621d4f, 77
1652706884.602474, sdrt-health/mac:02010b41cdec/antenna/tag/e28068940000500386620d4f, 83
1652706884.6028, sdrt-health/mac:02010b41cdec/antenna/tag/e28068940000500386620d4f, 81
1652706884.617117, sdrt-health/mac:02010b41cdec/antenna/tag/e2806894000040038662114f, 85
1652706884.651719, sdrt-health/mac:02010b41cdec/antenna/tag/e2806894000050038661fd4f, 83
1652706884.699472, sdrt-health/mac:02010b41cdec/antenna/tag/e2806894000050038661fd4f, 83
1652706884.730889, sdrt-health/mac:02010b41cdec/antenna/tag/e28068940000400386621d4f, 96
1652706884.731197, sdrt-health/mac:02010b41cdec/antenna/tag/e2806894000050038662154f, 85
1652706884.746912, sdrt-health/mac:02010b41cdec/antenna/tag/e2806894000050038661fd4f, 83
1652706884.790068, sdrt-health/mac:02010b41cdec/antenna/tag/e28068940000400386621d4f, 96
1652706884.842503, sdrt-health/mac:02010b41cdec/antenna/tag/e28068940000400386621d4f, 77
1652706884.880825, sdrt-health/mac:02010b41cdec/antenna/tag/e2806894000040038662114f, 88
1652706884.881211, sdrt-health/mac:02010b41cdec/antenna/tag/e28068940000500386620d4f, 83
1652706884.895874, sdrt-health/mac:02010b41cdec/antenna/tag/e2806894000050038662154f, 85
1652706884.896115, sdrt-health/mac:02010b41cdec/antenna/tag/e2806894000050038662154f, 88
1652706884.930985, sdrt-health/mac:02010b41cdec/antenna/tag/e2806894000050038662194f, 84
1652706884.968876, sdrt-health/mac:02010b41cdec/antenna/tag/e2806894000050038662194f, 83
1652706885.01901, sdrt-health/mac:02010b41cdec/antenna/tag/e2806894000050038661fd4f, 86
1652706885.054254, sdrt-health/mac:02010b41cdec/antenna/tag/e2806894000050038662194f, 94
1652706885.05472, sdrt-health/mac:02010b41cdec/antenna/tag/e2806894000040038662114f, 91
1652706885.055185, sdrt-health/mac:02010b41cdec/antenna/tag/e2806894000050038662194f, 87
1652706885.072113, sdrt-health/mac:02010b41cdec/antenna/tag/e28068940000400386621d4f, 77
1652706885.110297, sdrt-health/mac:02010b41cdec/antenna/tag/e2806894000040038662114f, 85
1652706885.169138, sdrt-health/mac:02010b41cdec/antenna/tag/e2806894000050038662154f, 85
1652706885.169648, sdrt-health/mac:02010b41cdec/antenna/tag/e2806894000040038662114f, 88
1652706885.209568, sdrt-health/mac:02010b41cdec/antenna/tag/e2806894000050038661fd4f, 86
1652706885.249685, sdrt-health/mac:02010b41cdec/antenna/tag/e2806894000050038661fd4f, 86
1652706885.309321, sdrt-health/mac:02010b41cdec/antenna/tag/e2806894000040038662114f, 88
1652706885.309763, sdrt-health/mac:02010b41cdec/antenna/tag/e28068940000500386620d4f, 88
1652706885.325711, sdrt-health/mac:02010b41cdec/antenna/tag/e28068940000500386620d4f, 88
1652706885.357221, sdrt-health/mac:02010b41cdec/antenna/tag/e2806894000050038662154f, 88
1652706885.357482, sdrt-health/mac:02010b41cdec/antenna/tag/e2806894000050038662154f, 91
1652706885.357697, sdrt-health/mac:02010b41cdec/antenna/tag/e2806894000050038661fd4f, 86
1652706885.379755, sdrt-health/mac:02010b41cdec/antenna/tag/e2806894000050038662154f, 88
1652706885.430106, sdrt-health/mac:02010b41cdec/antenna/tag/e28068940000400386621d4f, 77
1652706885.471153, sdrt-health/mac:02010b41cdec/antenna/tag/e28068940000500386620d4f, 81
1652706885.525142, sdrt-health/mac:02010b41cdec/antenna/tag/e2806894000040038662114f, 85
1652706885.525613, sdrt-health/mac:02010b41cdec/antenna/tag/e2806894000050038662154f, 88
1652706885.561537, sdrt-health/mac:02010b41cdec/antenna/tag/e2806894000050038662194f, 87
1652706885.600518, sdrt-health/mac:02010b41cdec/antenna/tag/e28068940000400386621d4f, 90
1652706885.639038, sdrt-health/mac:02010b41cdec/antenna/tag/e28068940000500386620d4f, 81
1652706885.68034, sdrt-health/mac:02010b41cdec/antenna/tag/e28068940000500386620d4f, 83
1652706885.735267, sdrt-health/mac:02010b41cdec/antenna/tag/e28068940000400386621d4f, 96
1652706885.735712, sdrt-health/mac:02010b41cdec/antenna/tag/e28068940000400386621d4f, 96
1652706885.761033, sdrt-health/mac:02010b41cdec/antenna/tag/e2806894000050038661fd4f, 86
1652706885.811358, sdrt-health/mac:02010b41cdec/antenna/tag/e2806894000040038662114f, 91
1652706885.875835, sdrt-health/mac:02010b41cdec/antenna/tag/e2806894000050038661fd4f, 86
1652706885.876376, sdrt-health/mac:02010b41cdec/antenna/tag/e28068940000400386621d4f, 77
1652706885.894426, sdrt-health/mac:02010b41cdec/antenna/tag/e2806894000050038662154f, 88
1652706885.894681, sdrt-health/mac:02010b41cdec/antenna/tag/e2806894000040038662114f, 85
1652706885.918642, sdrt-health/mac:02010b41cdec/antenna/tag/e2806894000050038662154f, 88
1652706885.950153, sdrt-health/mac:02010b41cdec/antenna/tag/e2806894000050038662194f, 81
1652706885.950444, sdrt-health/mac:02010b41cdec/antenna/tag/e2806894000040038662114f, 85
1652706885.950688, sdrt-health/mac:02010b41cdec/antenna/tag/e2806894000050038661fd4f, 83
1652706885.969153, sdrt-health/mac:02010b41cdec/antenna/tag/e2806894000050038662154f, 88
1652706886.028479, sdrt-health/mac:02010b41cdec/antenna/tag/e28068940000400386621d4f, 96
1652706886.028975, sdrt-health/mac:02010b41cdec/antenna/tag/e2806894000050038662194f, 94
1652706886.047177, sdrt-health/mac:02010b41cdec/antenna/tag/e2806894000040038662114f, 85
1652706886.072855, sdrt-health/mac:02010b41cdec/antenna/tag/e2806894000050038662194f, 81
1652706886.124107, sdrt-health/mac:02010b41cdec/antenna/tag/e2806894000050038662154f, 88
1652706886.12432, sdrt-health/mac:02010b41cdec/antenna/tag/e2806894000050038662154f, 85
1652706886.140315, sdrt-health/mac:02010b41cdec/antenna/tag/e28068940000500386620d4f, 84
1652706886.157952, sdrt-health/mac:02010b41cdec/antenna/tag/e28068940000400386621d4f, 77
1652706886.200006, sdrt-health/mac:02010b41cdec/antenna/tag/e2806894000050038662194f, 83
1652706886.249918, sdrt-health/mac:02010b41cdec/antenna/tag/e28068940000500386620d4f, 83
1652706886.317323, sdrt-health/mac:02010b41cdec/antenna/tag/e28068940000500386620d4f, 87
1652706886.317889, sdrt-health/mac:02010b41cdec/antenna/tag/e2806894000040038662114f, 88
1652706886.333675, sdrt-health/mac:02010b41cdec/antenna/tag/e2806894000050038662154f, 91
1652706886.340283, sdrt-health/mac:02010b41cdec/antenna/tag/e28068940000500386620d4f, 83
1652706886.348958, sdrt-health/mac:02010b41cdec/antenna/tag/e28068940000500386620d4f, 93
1652706886.349258, sdrt-health/mac:02010b41cdec/antenna/tag/e2806894000040038662114f, 88
1652706886.391421, sdrt-health/mac:02010b41cdec/antenna/tag/e28068940000500386620d4f, 81
1652706886.458845, sdrt-health/mac:02010b41cdec/antenna/tag/e2806894000050038662154f, 88
1652706886.459317, sdrt-health/mac:02010b41cdec/antenna/tag/e28068940000400386621d4f, 96
1652706886.475364, sdrt-health/mac:02010b41cdec/antenna/tag/e28068940000400386621d4f, 96
1652706886.536318, sdrt-health/mac:02010b41cdec/antenna/tag/e2806894000050038661fd4f, 83
1652706886.536797, sdrt-health/mac:02010b41cdec/antenna/tag/e2806894000040038662114f, 88
1652706886.560002, sdrt-health/mac:02010b41cdec/antenna/tag/e28068940000400386621d4f, 96
1652706886.5996, sdrt-health/mac:02010b41cdec/antenna/tag/e28068940000500386620d4f, 81
1652706886.640296, sdrt-health/mac:02010b41cdec/antenna/tag/e28068940000400386621d4f, 90
1652706886.673735, sdrt-health/mac:02010b41cdec/antenna/tag/e2806894000050038661fd4f, 86
1652706886.674084, sdrt-health/mac:02010b41cdec/antenna/tag/e28068940000500386620d4f, 81
1652706886.687999, sdrt-health/mac:02010b41cdec/antenna/tag/e2806894000040038662114f, 91
1652706886.688277, sdrt-health/mac:02010b41cdec/antenna/tag/e2806894000050038661fd4f, 86
1652706886.688393, sdrt-health/mac:02010b41cdec/antenna/tag/e28068940000500386620d4f, 88
1652706886.731524, sdrt-health/mac:02010b41cdec/antenna/tag/e2806894000040038662114f, 91
1652706886.786394, sdrt-health/mac:02010b41cdec/antenna/tag/e28068940000500386620d4f, 81
1652706886.786632, sdrt-health/mac:02010b41cdec/antenna/tag/e2806894000050038662154f, 88
1652706886.803013, sdrt-health/mac:02010b41cdec/antenna/tag/e28068940000400386621d4f, 96
1652706886.810419, sdrt-health/mac:02010b41cdec/antenna/tag/e2806894000040038662114f, 88
1652706886.865225, sdrt-health/mac:02010b41cdec/antenna/tag/e28068940000400386621d4f, 96
1652706886.910395, sdrt-health/mac:02010b41cdec/antenna/tag/e2806894000040038662114f, 88
1652706886.953058, sdrt-health/mac:02010b41cdec/antenna/tag/e2806894000050038661fd4f, 83
1652706886.989911, sdrt-health/mac:02010b41cdec/antenna/tag/e2806894000050038661fd4f, 83
1652706887.033665, sdrt-health/mac:02010b41cdec/antenna/tag/e2806894000040038662114f, 85
1652706887.104159, sdrt-health/mac:02010b41cdec/antenna/tag/e2806894000040038662114f, 85
1652706887.104676, sdrt-health/mac:02010b41cdec/antenna/tag/e2806894000050038661fd4f, 83
1652706887.12009, sdrt-health/mac:02010b41cdec/antenna/tag/e28068940000400386621d4f, 77
1652706887.157418, sdrt-health/mac:02010b41cdec/antenna/tag/e2806894000050038662194f, 83
1652706887.157708, sdrt-health/mac:02010b41cdec/antenna/tag/e2806894000040038662114f, 88
1652706887.173224, sdrt-health/mac:02010b41cdec/antenna/tag/e2806894000050038662154f, 91
1652706887.19052, sdrt-health/mac:02010b41cdec/antenna/tag/e28068940000400386621d4f, 90
1652706887.261816, sdrt-health/mac:02010b41cdec/antenna/tag/e2806894000050038662154f, 91
1652706887.26231, sdrt-health/mac:02010b41cdec/antenna/tag/e28068940000400386621d4f, 96
1652706887.279042, sdrt-health/mac:02010b41cdec/antenna/tag/e2806894000050038661fd4f, 83
1652706887.287109, sdrt-health/mac:02010b41cdec/antenna/tag/e2806894000050038661fd4f, 86
1652706887.297245, sdrt-health/mac:02010b41cdec/antenna/tag/e2806894000050038662154f, 88
1652706887.338681, sdrt-health/mac:02010b41cdec/antenna/tag/e28068940000400386621d4f, 90
1652706887.370085, sdrt-health/mac:02010b41cdec/antenna/tag/e2806894000050038661fd4f, 86
1652706887.370334, sdrt-health/mac:02010b41cdec/antenna/tag/e28068940000400386621d4f, 96
1652706887.370507, sdrt-health/mac:02010b41cdec/antenna/tag/e2806894000040038662114f, 88
1652706887.38628, sdrt-health/mac:02010b41cdec/antenna/tag/e2806894000050038662154f, 91
1652706887.419007, sdrt-health/mac:02010b41cdec/antenna/tag/e2806894000040038662114f, 91
1652706887.4763, sdrt-health/mac:02010b41cdec/antenna/tag/e2806894000050038661fd4f, 83
1652706887.476754, sdrt-health/mac:02010b41cdec/antenna/tag/e28068940000400386621d4f, 90
1652706887.500452, sdrt-health/mac:02010b41cdec/antenna/tag/e28068940000400386621d4f, 90
1652706887.569063, sdrt-health/mac:02010b41cdec/antenna/tag/e28068940000500386620d4f, 81
1652706887.610812, sdrt-health/mac:02010b41cdec/antenna/tag/e2806894000050038662154f, 91
1652706887.640985, sdrt-health/mac:02010b41cdec/antenna/tag/e2806894000050038661fd4f, 86
1652706887.641175, sdrt-health/mac:02010b41cdec/antenna/tag/e2806894000050038662154f, 91
1652706887.656967, sdrt-health/mac:02010b41cdec/antenna/tag/e28068940000400386621d4f, 90
1652706887.711051, sdrt-health/mac:02010b41cdec/antenna/tag/e2806894000050038661fd4f, 83
1652706887.742118, sdrt-health/mac:02010b41cdec/antenna/tag/e28068940000400386621d4f, 96
1652706887.742437, sdrt-health/mac:02010b41cdec/antenna/tag/e2806894000050038662154f, 91
1652706887.759123, sdrt-health/mac:02010b41cdec/antenna/tag/e2806894000040038662114f, 88
1652706887.799955, sdrt-health/mac:02010b41cdec/antenna/tag/e2806894000040038662114f, 88
1652706887.841016, sdrt-health/mac:02010b41cdec/antenna/tag/e2806894000050038661fd4f, 86
1652706887.880742, sdrt-health/mac:02010b41cdec/antenna/tag/e28068940000500386620d4f, 83
1652706887.913098, sdrt-health/mac:02010b41cdec/antenna/tag/e2806894000040038662114f, 88
1652706887.913386, sdrt-health/mac:02010b41cdec/antenna/tag/e2806894000050038662154f, 88
1652706887.929091, sdrt-health/mac:02010b41cdec/antenna/tag/e2806894000040038662114f, 85
1652706887.929423, sdrt-health/mac:02010b41cdec/antenna/tag/e2806894000050038662154f, 85
1652706887.961823, sdrt-health/mac:02010b41cdec/antenna/tag/e2806894000040038662114f, 85
1652706888.017842, sdrt-health/mac:02010b41cdec/antenna/tag/e2806894000040038662114f, 88
1652706888.078905, sdrt-health/mac:02010b41cdec/antenna/tag/e2806894000050038661fd4f, 83
1652706888.123076, sdrt-health/mac:02010b41cdec/antenna/tag/e2806894000050038661fd4f, 83
1652706888.185977, sdrt-health/mac:02010b41cdec/antenna/tag/e2806894000040038662114f, 88
1652706888.18642, sdrt-health/mac:02010b41cdec/antenna/tag/e2806894000050038661fd4f, 86
1652706888.218003, sdrt-health/mac:02010b41cdec/antenna/tag/e2806894000050038662154f, 88
1652706888.284163, sdrt-health/mac:02010b41cdec/antenna/tag/e2806894000050038662194f, 84
1652706888.284613, sdrt-health/mac:02010b41cdec/antenna/tag/e2806894000040038662114f, 88
1652706888.299672, sdrt-health/mac:02010b41cdec/antenna/tag/e2806894000050038662154f, 88
1652706888.335477, sdrt-health/mac:02010b41cdec/antenna/tag/e2806894000050038661fd4f, 86
1652706888.336006, sdrt-health/mac:02010b41cdec/antenna/tag/e2806894000040038662114f, 91
1652706888.368879, sdrt-health/mac:02010b41cdec/antenna/tag/e2806894000040038662114f, 91
1652706888.400322, sdrt-health/mac:02010b41cdec/antenna/tag/e2806894000050038662154f, 88
1652706888.400727, sdrt-health/mac:02010b41cdec/antenna/tag/e2806894000050038662194f, 88
1652706888.418641, sdrt-health/mac:02010b41cdec/antenna/tag/e2806894000050038662194f, 81
1652706888.468823, sdrt-health/mac:02010b41cdec/antenna/tag/e2806894000040038662114f, 85
1652706888.534001, sdrt-health/mac:02010b41cdec/antenna/tag/e2806894000040038662114f, 85
1652706888.534497, sdrt-health/mac:02010b41cdec/antenna/tag/e2806894000050038662154f, 88
1652706888.550423, sdrt-health/mac:02010b41cdec/antenna/tag/e2806894000050038661fd4f, 83
1652706888.561015, sdrt-health/mac:02010b41cdec/antenna/tag/e28068940000500386620d4f, 81
1652706888.599511, sdrt-health/mac:02010b41cdec/antenna/tag/e28068940000400386621d4f, 96
1652706888.656375, sdrt-health/mac:02010b41cdec/antenna/tag/e28068940000500386620d4f, 87
1652706888.656826, sdrt-health/mac:02010b41cdec/antenna/tag/e2806894000050038661fd4f, 83
1652706888.690354, sdrt-health/mac:02010b41cdec/antenna/tag/e2806894000050038662154f, 91
1652706888.749977, sdrt-health/mac:02010b41cdec/antenna/tag/e2806894000040038662114f, 88
1652706888.781889, sdrt-health/mac:02010b41cdec/antenna/tag/e2806894000050038661fd4f, 83
1652706888.782353, sdrt-health/mac:02010b41cdec/antenna/tag/e2806894000050038662154f, 91
1652706888.815724, sdrt-health/mac:02010b41cdec/antenna/tag/e28068940000500386620d4f, 83
1652706888.876, sdrt-health/mac:02010b41cdec/antenna/tag/e2806894000050038661fd4f, 83
1652706888.876492, sdrt-health/mac:02010b41cdec/antenna/tag/e2806894000050038662154f, 88
1652706888.909873, sdrt-health/mac:02010b41cdec/antenna/tag/e2806894000050038662194f, 88
1652706888.957993, sdrt-health/mac:02010b41cdec/antenna/tag/e2806894000050038661fd4f, 83
1652706889.01727, sdrt-health/mac:02010b41cdec/antenna/tag/e28068940000400386621d4f, 96
1652706889.017753, sdrt-health/mac:02010b41cdec/antenna/tag/e2806894000050038661fd4f, 83
1652706889.034687, sdrt-health/mac:02010b41cdec/antenna/tag/e28068940000500386620d4f, 83
1652706889.070654, sdrt-health/mac:02010b41cdec/antenna/tag/e28068940000500386620d4f, 83
1652706889.070888, sdrt-health/mac:02010b41cdec/antenna/tag/e2806894000040038662114f, 88
1652706889.071039, sdrt-health/mac:02010b41cdec/antenna/tag/e2806894000050038662154f, 91
1652706889.071184, sdrt-health/mac:02010b41cdec/antenna/tag/e2806894000040038662114f, 88
1652706889.104921, sdrt-health/mac:02010b41cdec/antenna/tag/e2806894000040038662114f, 88
1652706889.16413, sdrt-health/mac:02010b41cdec/antenna/tag/e2806894000050038662154f, 88
1652706889.164644, sdrt-health/mac:02010b41cdec/antenna/tag/e28068940000500386620d4f, 94
1652706889.190584, sdrt-health/mac:02010b41cdec/antenna/tag/e2806894000040038662114f, 88
1652706889.250767, sdrt-health/mac:02010b41cdec/antenna/tag/e28068940000400386621d4f, 90
1652706889.300342, sdrt-health/mac:02010b41cdec/antenna/tag/e28068940000400386621d4f, 90
1652706889.356343, sdrt-health/mac:02010b41cdec/antenna/tag/e2806894000040038662114f, 88
1652706889.356847, sdrt-health/mac:02010b41cdec/antenna/tag/e2806894000040038662114f, 85
1652706889.379925, sdrt-health/mac:02010b41cdec/antenna/tag/e2806894000050038662194f, 83
1652706889.436009, sdrt-health/mac:02010b41cdec/antenna/tag/e2806894000050038662154f, 88
1652706889.436484, sdrt-health/mac:02010b41cdec/antenna/tag/e2806894000050038662194f, 81
1652706889.450938, sdrt-health/mac:02010b41cdec/antenna/tag/e2806894000050038661fd4f, 86
1652706889.478671, sdrt-health/mac:02010b41cdec/antenna/tag/e2806894000050038662194f, 88
1652706889.520594, sdrt-health/mac:02010b41cdec/antenna/tag/e2806894000050038662154f, 88
1652706889.551019, sdrt-health/mac:02010b41cdec/antenna/tag/e2806894000040038662114f, 88
1652706889.551355, sdrt-health/mac:02010b41cdec/antenna/tag/e2806894000050038661fd4f, 83
1652706889.566776, sdrt-health/mac:02010b41cdec/antenna/tag/e28068940000500386620d4f, 81
1652706889.567166, sdrt-health/mac:02010b41cdec/antenna/tag/e28068940000500386620d4f, 81
1652706889.567997, sdrt-health/mac:02010b41cdec/antenna/tag/e2806894000050038661fd4f, 86
1652706889.641065, sdrt-health/mac:02010b41cdec/antenna/tag/e2806894000050038662154f, 91
1652706889.692735, sdrt-health/mac:02010b41cdec/antenna/tag/e28068940000500386620d4f, 81
1652706889.724699, sdrt-health/mac:02010b41cdec/antenna/tag/e2806894000050038661fd4f, 86
1652706889.724991, sdrt-health/mac:02010b41cdec/antenna/tag/e2806894000050038662154f, 91
1652706889.725202, sdrt-health/mac:02010b41cdec/antenna/tag/e2806894000050038661fd4f, 86
1652706889.771086, sdrt-health/mac:02010b41cdec/antenna/tag/e28068940000400386621d4f, 77
1652706889.809948, sdrt-health/mac:02010b41cdec/antenna/tag/e2806894000050038662154f, 85
1652706889.866651, sdrt-health/mac:02010b41cdec/antenna/tag/e2806894000040038662114f, 85
1652706889.867218, sdrt-health/mac:02010b41cdec/antenna/tag/e2806894000050038661fd4f, 83
1652706889.899737, sdrt-health/mac:02010b41cdec/antenna/tag/e2806894000050038662154f, 85
1652706889.931298, sdrt-health/mac:02010b41cdec/antenna/tag/e28068940000400386621d4f, 96
1652706889.931559, sdrt-health/mac:02010b41cdec/antenna/tag/e2806894000040038662114f, 88
1652706889.947511, sdrt-health/mac:02010b41cdec/antenna/tag/e2806894000050038662194f, 81
1652706889.978673, sdrt-health/mac:02010b41cdec/antenna/tag/e2806894000050038661fd4f, 83
1652706889.978959, sdrt-health/mac:02010b41cdec/antenna/tag/e28068940000400386621d4f, 77
1652706889.994321, sdrt-health/mac:02010b41cdec/antenna/tag/e28068940000400386621d4f, 77
1652706890.040602, sdrt-health/mac:02010b41cdec/antenna/tag/e2806894000050038661fd4f, 83
1652706890.09712, sdrt-health/mac:02010b41cdec/antenna/tag/e2806894000040038662114f, 91
1652706890.097546, sdrt-health/mac:02010b41cdec/antenna/tag/e28068940000400386621d4f, 96
1652706890.112187, sdrt-health/mac:02010b41cdec/antenna/tag/e2806894000050038661fd4f, 86
1652706890.11262, sdrt-health/mac:02010b41cdec/antenna/tag/e2806894000050038662154f, 88
1652706890.112971, sdrt-health/mac:02010b41cdec/antenna/tag/e28068940000400386621d4f, 96
1652706890.131334, sdrt-health/mac:02010b41cdec/antenna/tag/e2806894000050038662154f, 88
1652706890.171946, sdrt-health/mac:02010b41cdec/antenna/tag/e2806894000040038662114f, 88
1652706890.226403, sdrt-health/mac:02010b41cdec/antenna/tag/e2806894000050038662154f, 91
1652706890.226909, sdrt-health/mac:02010b41cdec/antenna/tag/e28068940000500386620d4f, 81
1652706890.249928, sdrt-health/mac:02010b41cdec/antenna/tag/e2806894000050038662194f, 83
1652706890.289382, sdrt-health/mac:02010b41cdec/antenna/tag/e2806894000050038661fd4f, 86
1652706890.347888, sdrt-health/mac:02010b41cdec/antenna/tag/e2806894000040038662114f, 91
1652706890.348395, sdrt-health/mac:02010b41cdec/antenna/tag/e2806894000040038662114f, 91
1652706890.365007, sdrt-health/mac:02010b41cdec/antenna/tag/e2806894000050038662154f, 88
1652706890.369417, sdrt-health/mac:02010b41cdec/antenna/tag/e2806894000040038662114f, 91
1652706890.383991, sdrt-health/mac:02010b41cdec/antenna/tag/e2806894000050038662194f, 83
1652706890.409306, sdrt-health/mac:02010b41cdec/antenna/tag/e2806894000050038662194f, 83
1652706890.466405, sdrt-health/mac:02010b41cdec/antenna/tag/e2806894000040038662114f, 85
1652706890.466991, sdrt-health/mac:02010b41cdec/antenna/tag/e28068940000500386620d4f, 88
1652706890.467447, sdrt-health/mac:02010b41cdec/antenna/tag/e2806894000050038661fd4f, 83
1652706890.481627, sdrt-health/mac:02010b41cdec/antenna/tag/e28068940000400386621d4f, 77
1652706890.48991, sdrt-health/mac:02010b41cdec/antenna/tag/e2806894000050038661fd4f, 83
1652706890.541567, sdrt-health/mac:02010b41cdec/antenna/tag/e2806894000040038662114f, 97
1652706890.598456, sdrt-health/mac:02010b41cdec/antenna/tag/e28068940000400386621d4f, 90
1652706890.59903, sdrt-health/mac:02010b41cdec/antenna/tag/e2806894000050038662194f, 94
1652706890.615977, sdrt-health/mac:02010b41cdec/antenna/tag/e2806894000040038662114f, 91
1652706890.628673, sdrt-health/mac:02010b41cdec/antenna/tag/e2806894000050038662154f, 88
1652706890.671893, sdrt-health/mac:02010b41cdec/antenna/tag/e2806894000050038662154f, 88
1652706890.735478, sdrt-health/mac:02010b41cdec/antenna/tag/e28068940000400386621d4f, 90
1652706890.735972, sdrt-health/mac:02010b41cdec/antenna/tag/e2806894000050038662154f, 88
1652706890.750232, sdrt-health/mac:02010b41cdec/antenna/tag/e2806894000040038662114f, 91
1652706890.750691, sdrt-health/mac:02010b41cdec/antenna/state, connected
1652706890.751498, sdrt-health/mac:02010b41cdec/fw, {"version":"1.8.1","model":"200","hash":"2f556501b58f1dad542af428d7928d18","timestamp":1652706887}
1652706890.76593, sdrt-health/mac:02010b41cdec/antenna/tag/e2806894000050038662154f, 88
1652706890.818863, sdrt-health/mac:02010b41cdec/antenna/tag/e2806894000040038662114f, 88
1652706890.88628, sdrt-health/mac:02010b41cdec/antenna/tag/e2806894000050038662154f, 88
1652706890.954728, sdrt-health/mac:02010b41cdec/antenna/tag/e28068940000400386621d4f, 96
1652706890.955245, sdrt-health/mac:02010b41cdec/antenna/tag/e2806894000050038661fd4f, 86
1652706890.970771, sdrt-health/mac:02010b41cdec/antenna/tag/e28068940000400386621d4f, 96
1652706891.005682, sdrt-health/mac:02010b41cdec/antenna/tag/e2806894000040038662114f, 88
1652706891.00601, sdrt-health/mac:02010b41cdec/antenna/tag/e2806894000050038661fd4f, 83
1652706891.022194, sdrt-health/mac:02010b41cdec/antenna/tag/e28068940000400386621d4f, 96
1652706891.029806, sdrt-health/mac:02010b41cdec/antenna/tag/e28068940000400386621d4f, 77
1652706891.081726, sdrt-health/mac:02010b41cdec/antenna/tag/e28068940000400386621d4f, 77
1652706891.140479, sdrt-health/mac:02010b41cdec/antenna/tag/e28068940000500386620d4f, 83
1652706891.140956, sdrt-health/mac:02010b41cdec/antenna/tag/e2806894000050038661fd4f, 83
1652706891.162847, sdrt-health/mac:02010b41cdec/antenna/tag/e2806894000050038662154f, 85
1652706891.163276, sdrt-health/mac:02010b41cdec/antenna/version, 
1652706891.200728, sdrt-health/mac:02010b41cdec/antenna/tag/e2806894000040038662114f, 85
1652706891.251048, sdrt-health/mac:02010b41cdec/antenna/tag/e2806894000040038662114f, 85
1652706891.290121, sdrt-health/mac:02010b41cdec/antenna/tag/e2806894000050038662154f, 88
1652706891.347501, sdrt-health/mac:02010b41cdec/antenna/tag/e2806894000050038662154f, 85
1652706891.34782, sdrt-health/mac:02010b41cdec/antenna/tag/e2806894000050038662194f, 81
1652706891.371563, sdrt-health/mac:02010b41cdec/antenna/tag/e2806894000050038662154f, 85
1652706891.426394, sdrt-health/mac:02010b41cdec/antenna/tag/e2806894000050038662194f, 83
1652706891.426625, sdrt-health/mac:02010b41cdec/antenna/tag/e28068940000400386621d4f, 77
1652706891.466485, sdrt-health/mac:02010b41cdec/antenna/tag/e28068940000400386621d4f, 96
1652706891.579969, sdrt-health/mac:02010b41cdec/antenna/tag/e28068940000400386621d4f, 96
1652706891.580474, sdrt-health/mac:02010b41cdec/antenna/tag/e28068940000400386621d4f, 77
1652706891.610113, sdrt-health/mac:02010b41cdec/antenna/tag/e28068940000500386620d4f, 81
1652706891.667118, sdrt-health/mac:02010b41cdec/antenna/tag/e2806894000050038662194f, 81
1652706891.667625, sdrt-health/mac:02010b41cdec/antenna/tag/e28068940000400386621d4f, 77
1652706891.682539, sdrt-health/mac:02010b41cdec/antenna/tag/e2806894000050038662154f, 85
1652706891.690052, sdrt-health/mac:02010b41cdec/antenna/tag/e2806894000050038662154f, 91
1652706891.739785, sdrt-health/mac:02010b41cdec/antenna/tag/e2806894000050038661fd4f, 86
1652706891.853332, sdrt-health/mac:02010b41cdec/antenna/tag/e28068940000400386621d4f, 96
1652706891.886639, sdrt-health/mac:02010b41cdec/antenna/tag/e2806894000050038661fd4f, 86
1652706891.887063, sdrt-health/mac:02010b41cdec/antenna/tag/e28068940000500386620d4f, 94
1652706891.887397, sdrt-health/mac:02010b41cdec/antenna/tag/e2806894000050038662154f, 88
1652706891.903367, sdrt-health/mac:02010b41cdec/antenna/tag/e2806894000040038662114f, 88
1652706891.903676, sdrt-health/mac:02010b41cdec/antenna/tag/e2806894000050038662154f, 91
1652706891.90388, sdrt-health/mac:02010b41cdec/antenna/tag/e28068940000400386621d4f, 96
1652706892.089111, sdrt-health/mac:02010b41cdec/antenna/tag/scan, scan stopped
