1652706764.10773, sdrt-health/mac:02010b41cdec/antenna/power/set, {"power": 280}
1652706765.20414, sdrt-health/mac:02010b41cdec/antenna/power/set, 
1652706769.129687, sdrt-health/mac:02010b41cdec/antenna/tag/scan, {"time": 20000}
1652706769.489545, sdrt-health/mac:02010b41cdec/antenna/tag/e28068940000400386621d4f, 90
1652706769.530179, sdrt-health/mac:02010b41cdec/antenna/tag/e2806894000050038662154f, 85
1652706769.569227, sdrt-health/mac:02010b41cdec/antenna/tag/e2806894000040038662114f, 88
1652706769.612454, sdrt-health/mac:02010b41cdec/antenna/tag/e2806894000050038661fd4f, 86
1652706769.643523, sdrt-health/mac:02010b41cdec/antenna/tag/e2806894000040038662114f, 88
1652706769.643965, sdrt-health/mac:02010b41cdec/antenna/tag/e2806894000050038661fd4f, 86
1652706769.65904, sdrt-health/mac:02010b41cdec/antenna/tag/e28068940000500386620d4f, 83
1652706769.707416, sdrt-health/mac:02010b41cdec/antenna/tag/e2806894000050038661fd4f, 83
1652706769.750898, sdrt-health/mac:02010b41cdec/antenna/tag/e28068940000500386620d4f, 83
1652706769.780718, sdrt-health/mac:02010b41cdec/antenna/tag/e2806894000050038661fd4f, 83
1652706769.781127, sdrt-health/mac:02010b41cdec/antenna/tag/e2806894000040038662114f, 85
1652706769.795844, sdrt-health/mac:02010b41cdec/antenna/tag/e2806894000040038662114f, 88
1652706769.848381, sdrt-health/mac:02010b41cdec/antenna/tag/e2806894000050038661fd4f, 86
1652706769.906063, sdrt-health/mac:02010b41cdec/antenna/tag/e28068940000500386620d4f, 87
1652706769.906492, sdrt-health/mac:02010b41cdec/antenna/tag/e2806894000050038662154f, 88
1652706769.922414, sdrt-health/mac:02010b41cdec/antenna/tag/e28068940000400386621d4f, 90
1652706769.960663, sdrt-health/mac:02010b41cdec/antenna/tag/e28068940000400386621d4f, 90
1652706769.960948, sdrt-health/mac:02010b41cdec/antenna/tag/e28068940000400386621d4f, 96
1652706769.97585, sdrt-health/mac:02010b41cdec/antenna/tag/e2806894000040038662114f, 85
1652706769.992093, sdrt-health/mac:02010b41cdec/antenna/tag/e2806894000050038661fd4f, 83
1652706770.019844, sdrt-health/mac:02010b41cdec/antenna/tag/e28068940000500386620d4f, 87
1652706770.020284, sdrt-health/mac:02010b41cdec/antenna/tag/e28068940000400386621d4f, 90
1652706770.041143, sdrt-health/mac:02010b41cdec/antenna/tag/e28068940000500386620d4f, 83
1652706770.088686, sdrt-health/mac:02010b41cdec/antenna/tag/e28068940000500386620d4f, 81
1652706770.150573, sdrt-health/mac:02010b41cdec/antenna/tag/e2806894000040038662114f, 93
1652706770.150856, sdrt-health/mac:02010b41cdec/antenna/tag/e2806894000050038661fd4f, 83
1652706770.164833, sdrt-health/mac:02010b41cdec/antenna/tag/e2806894000050038662154f, 85
1652706770.190364, sdrt-health/mac:02010b41cdec/antenna/tag/e2806894000050038661fd4f, 86
1652706770.229593, sdrt-health/mac:02010b41cdec/antenna/tag/e28068940000500386620d4f, 83
1652706770.286294, sdrt-health/mac:02010b41cdec/antenna/tag/e2806894000040038662114f, 88
1652706770.286814, sdrt-health/mac:02010b41cdec/antenna/tag/e28068940000500386620d4f, 87
1652706770.30868, sdrt-health/mac:02010b41cdec/antenna/tag/e2806894000050038662154f, 91
1652706770.35084, sdrt-health/mac:02010b41cdec/antenna/tag/e2806894000050038661fd4f, 86
1652706770.484782, sdrt-health/mac:02010b41cdec/antenna/tag/e28068940000500386620d4f, 83
1652706770.485263, sdrt-health/mac:02010b41cdec/antenna/tag/e2806894000050038662154f, 88
1652706770.49994, sdrt-health/mac:02010b41cdec/antenna/tag/e28068940000400386621d4f, 96
1652706770.500545, sdrt-health/mac:02010b41cdec/antenna/tag/e2806894000050038661fd4f, 86
1652706770.512794, sdrt-health/mac:02010b41cdec/antenna/tag/e28068940000400386621d4f, 90
1652706770.51571, sdrt-health/mac:02010b41cdec/antenna/tag/e2806894000050038661fd4f, 86
1652706770.51601, sdrt-health/mac:02010b41cdec/antenna/tag/e2806894000050038662154f, 88
1652706770.516283, sdrt-health/mac:02010b41cdec/antenna/tag/e2806894000050038662154f, 88
1652706770.559538, sdrt-health/mac:02010b41cdec/antenna/tag/e28068940000400386621d4f, 96
1652706770.595669, sdrt-health/mac:02010b41cdec/antenna/tag/e28068940000400386621d4f, 96
1652706770.624739, sdrt-health/mac:02010b41cdec/antenna/tag/e2806894000050038662194f, 94
1652706770.625083, sdrt-health/mac:02010b41cdec/antenna/tag/e2806894000050038661fd4f, 83
1652706770.638547, sdrt-health/mac:02010b41cdec/antenna/tag/e28068940000400386621d4f, 96
1652706770.670027, sdrt-health/mac:02010b41cdec/antenna/tag/e2806894000040038662114f, 85
1652706770.670445, sdrt-health/mac:02010b41cdec/antenna/tag/e2806894000050038661fd4f, 83
1652706770.684887, sdrt-health/mac:02010b41cdec/antenna/tag/e2806894000050038662154f, 85
1652706770.721524, sdrt-health/mac:02010b41cdec/antenna/tag/e2806894000050038662154f, 88
1652706770.722035, sdrt-health/mac:02010b41cdec/antenna/state, connected
1652706770.736798, sdrt-health/mac:02010b41cdec/fw, {"version":"1.8.1","model":"200","hash":"2f556501b58f1dad542af428d7928d18","timestamp":1652706767}
1652706770.737302, sdrt-health/mac:02010b41cdec/antenna/tag/e2806894000040038662114f, 85
1652706770.761039, sdrt-health/mac:02010b41cdec/antenna/tag/e28068940000400386621d4f, 90
1652706770.809845, sdrt-health/mac:02010b41cdec/antenna/tag/e2806894000040038662114f, 88
1652706770.85852, sdrt-health/mac:02010b41cdec/antenna/tag/e2806894000040038662114f, 88
1652706770.929324, sdrt-health/mac:02010b41cdec/antenna/tag/e28068940000400386621d4f, 90
1652706770.929807, sdrt-health/mac:02010b41cdec/antenna/tag/e2806894000050038662154f, 88
1652706770.945395, sdrt-health/mac:02010b41cdec/antenna/tag/e2806894000040038662114f, 88
1652706770.976105, sdrt-health/mac:02010b41cdec/antenna/tag/e28068940000400386621d4f, 90
1652706770.976724, sdrt-health/mac:02010b41cdec/antenna/tag/e2806894000050038661fd4f, 83
1652706770.989665, sdrt-health/mac:02010b41cdec/antenna/tag/e28068940000400386621d4f, 96
1652706771.048608, sdrt-health/mac:02010b41cdec/antenna/tag/e28068940000500386620d4f, 81
1652706771.076913, sdrt-health/mac:02010b41cdec/antenna/tag/e2806894000040038662114f, 85
1652706771.077263, sdrt-health/mac:02010b41cdec/antenna/tag/e2806894000050038661fd4f, 83
1652706771.092782, sdrt-health/mac:02010b41cdec/antenna/tag/e28068940000400386621d4f, 96
1652706771.139204, sdrt-health/mac:02010b41cdec/antenna/tag/e2806894000040038662114f, 85
1652706771.139586, sdrt-health/mac:02010b41cdec/antenna/version, hPbO
1652706771.155631, sdrt-health/mac:02010b41cdec/antenna/tag/e2806894000050038662194f, 82
1652706771.189213, sdrt-health/mac:02010b41cdec/antenna/tag/e2806894000050038661fd4f, 83
1652706771.245064, sdrt-health/mac:02010b41cdec/antenna/tag/e28068940000500386620d4f, 81
1652706771.245555, sdrt-health/mac:02010b41cdec/antenna/tag/e28068940000500386620d4f, 87
1652706771.260166, sdrt-health/mac:02010b41cdec/antenna/tag/e28068940000500386620d4f, 87
1652706771.270755, sdrt-health/mac:02010b41cdec/antenna/tag/e28068940000400386621d4f, 90
1652706771.275521, sdrt-health/mac:02010b41cdec/antenna/tag/e2806894000050038662154f, 88
1652706771.275747, sdrt-health/mac:02010b41cdec/antenna/tag/e28068940000400386621d4f, 96
1652706771.327576, sdrt-health/mac:02010b41cdec/antenna/tag/e28068940000500386620d4f, 83
1652706771.394678, sdrt-health/mac:02010b41cdec/antenna/tag/e2806894000040038662114f, 85
1652706771.395194, sdrt-health/mac:02010b41cdec/antenna/tag/e2806894000050038661fd4f, 83
1652706771.39554, sdrt-health/mac:02010b41cdec/antenna/tag/e28068940000500386620d4f, 81
1652706771.421655, sdrt-health/mac:02010b41cdec/antenna/tag/e28068940000500386620d4f, 83
1652706771.45942, sdrt-health/mac:02010b41cdec/antenna/tag/e2806894000050038662154f, 91
1652706771.49886, sdrt-health/mac:02010b41cdec/antenna/tag/e2806894000050038662194f, 81
1652706771.55377, sdrt-health/mac:02010b41cdec/antenna/tag/e2806894000040038662114f, 88
1652706771.554324, sdrt-health/mac:02010b41cdec/antenna/tag/e28068940000400386621d4f, 96
1652706771.588969, sdrt-health/mac:02010b41cdec/antenna/tag/e2806894000050038662154f, 88
1652706771.629494, sdrt-health/mac:02010b41cdec/antenna/tag/e2806894000050038662154f, 85
1652706771.685294, sdrt-health/mac:02010b41cdec/antenna/tag/e2806894000050038662194f, 94
1652706771.685817, sdrt-health/mac:02010b41cdec/antenna/tag/e2806894000050038661fd4f, 83
1652706771.719863, sdrt-health/mac:02010b41cdec/antenna/tag/e28068940000400386621d4f, 77
1652706771.774061, sdrt-health/mac:02010b41cdec/antenna/tag/e2806894000050038661fd4f, 86
1652706771.774336, sdrt-health/mac:02010b41cdec/antenna/tag/e2806894000050038661fd4f, 86
1652706771.787602, sdrt-health/mac:02010b41cdec/antenna/tag/e2806894000050038662194f, 81
1652706771.81682, sdrt-health/mac:02010b41cdec/antenna/tag/e2806894000040038662114f, 88
1652706771.817161, sdrt-health/mac:02010b41cdec/antenna/tag/e2806894000050038662154f, 88
1652706771.817365, sdrt-health/mac:02010b41cdec/antenna/tag/e2806894000050038661fd4f, 86
1652706771.858839, sdrt-health/mac:02010b41cdec/antenna/tag/e2806894000050038662154f, 88
1652706771.900667, sdrt-health/mac:02010b41cdec/antenna/tag/e2806894000040038661f94f, 83
1652706771.93088, sdrt-health/mac:02010b41cdec/antenna/tag/e2806894000050038662154f, 88
1652706771.931179, sdrt-health/mac:02010b41cdec/antenna/tag/e2806894000050038661fd4f, 83
1652706771.946127, sdrt-health/mac:02010b41cdec/antenna/tag/e2806894000050038662154f, 88
1652706771.94645, sdrt-health/mac:02010b41cdec/antenna/tag/e2806894000040038662114f, 88
1652706772.006773, sdrt-health/mac:02010b41cdec/antenna/tag/e2806894000040038662114f, 85
1652706772.058105, sdrt-health/mac:02010b41cdec/antenna/tag/e2806894000040038662114f, 85
1652706772.10017, sdrt-health/mac:02010b41cdec/antenna/tag/e2806894000050038661fd4f, 86
1652706772.155071, sdrt-health/mac:02010b41cdec/antenna/tag/e2806894000050038662194f, 94
1652706772.155572, sdrt-health/mac:02010b41cdec/antenna/tag/e28068940000400386621d4f, 96
1652706772.180224, sdrt-health/mac:02010b41cdec/antenna/tag/e2806894000050038662194f, 83
1652706772.243531, sdrt-health/mac:02010b41cdec/antenna/tag/e2806894000050038662154f, 91
1652706772.243993, sdrt-health/mac:02010b41cdec/antenna/tag/e2806894000040038662114f, 85
1652706772.277057, sdrt-health/mac:02010b41cdec/antenna/tag/e2806894000040038662114f, 85
1652706772.321045, sdrt-health/mac:02010b41cdec/antenna/tag/e2806894000040038662114f, 85
1652706772.374716, sdrt-health/mac:02010b41cdec/antenna/tag/e2806894000050038661fd4f, 83
1652706772.375206, sdrt-health/mac:02010b41cdec/antenna/tag/e2806894000050038662154f, 85
1652706772.389524, sdrt-health/mac:02010b41cdec/antenna/tag/e2806894000040038662114f, 85
1652706772.399077, sdrt-health/mac:02010b41cdec/antenna/tag/e2806894000050038662194f, 81
1652706772.439611, sdrt-health/mac:02010b41cdec/antenna/tag/e2806894000050038662154f, 85
1652706772.469193, sdrt-health/mac:02010b41cdec/antenna/tag/e2806894000040038662114f, 85
1652706772.469785, sdrt-health/mac:02010b41cdec/antenna/tag/e2806894000050038661fd4f, 83
1652706772.484135, sdrt-health/mac:02010b41cdec/antenna/tag/e2806894000040038662114f, 85
1652706772.527923, sdrt-health/mac:02010b41cdec/antenna/tag/e2806894000050038662154f, 85
1652706772.569938, sdrt-health/mac:02010b41cdec/antenna/tag/e2806894000040038662114f, 85
1652706772.625017, sdrt-health/mac:02010b41cdec/antenna/tag/e2806894000040038662114f, 85
1652706772.626962, sdrt-health/mac:02010b41cdec/antenna/tag/e28068940000500386620d4f, 81
1652706772.649528, sdrt-health/mac:02010b41cdec/antenna/tag/e2806894000040038662114f, 88
1652706772.690995, sdrt-health/mac:02010b41cdec/antenna/tag/e28068940000400386621d4f, 96
1652706772.77028, sdrt-health/mac:02010b41cdec/antenna/tag/e2806894000050038662194f, 81
1652706772.808796, sdrt-health/mac:02010b41cdec/antenna/tag/e2806894000050038661fd4f, 83
1652706772.859681, sdrt-health/mac:02010b41cdec/antenna/tag/e2806894000050038662194f, 94
1652706772.900053, sdrt-health/mac:02010b41cdec/antenna/tag/e28068940000400386621d4f, 96
1652706772.940766, sdrt-health/mac:02010b41cdec/antenna/tag/e2806894000040038662114f, 88
1652706772.971093, sdrt-health/mac:02010b41cdec/antenna/tag/e28068940000400386621d4f, 90
1652706772.97145, sdrt-health/mac:02010b41cdec/antenna/tag/e28068940000400386621d4f, 90
1652706772.986473, sdrt-health/mac:02010b41cdec/antenna/tag/e2806894000050038662154f, 88
1652706772.986839, sdrt-health/mac:02010b41cdec/antenna/tag/e2806894000050038662154f, 85
1652706773.020364, sdrt-health/mac:02010b41cdec/antenna/tag/e28068940000400386621d4f, 90
1652706773.059293, sdrt-health/mac:02010b41cdec/antenna/tag/e28068940000400386621d4f, 90
1652706773.145897, sdrt-health/mac:02010b41cdec/antenna/tag/e2806894000040038662114f, 88
1652706773.146484, sdrt-health/mac:02010b41cdec/antenna/tag/e2806894000050038661fd4f, 83
1652706773.169283, sdrt-health/mac:02010b41cdec/antenna/tag/e28068940000400386621d4f, 77
1652706773.227235, sdrt-health/mac:02010b41cdec/antenna/tag/e28068940000400386621d4f, 77
1652706773.256247, sdrt-health/mac:02010b41cdec/antenna/tag/e2806894000050038662194f, 83
1652706773.256584, sdrt-health/mac:02010b41cdec/antenna/tag/e2806894000040038662114f, 87
1652706773.269642, sdrt-health/mac:02010b41cdec/antenna/tag/e2806894000040038662114f, 88
1652706773.270008, sdrt-health/mac:02010b41cdec/antenna/tag/e2806894000040038662114f, 85
1652706773.310117, sdrt-health/mac:02010b41cdec/antenna/tag/e2806894000040038662114f, 88
1652706773.386947, sdrt-health/mac:02010b41cdec/antenna/tag/e2806894000050038661fd4f, 83
1652706773.387452, sdrt-health/mac:02010b41cdec/antenna/tag/e2806894000040038662114f, 88
1652706773.403074, sdrt-health/mac:02010b41cdec/antenna/tag/e28068940000400386621d4f, 96
1652706773.44516, sdrt-health/mac:02010b41cdec/antenna/tag/e2806894000050038661fd4f, 86
1652706773.445537, sdrt-health/mac:02010b41cdec/antenna/tag/e2806894000040038662114f, 85
1652706773.46113, sdrt-health/mac:02010b41cdec/antenna/tag/e2806894000050038662154f, 88
1652706773.461415, sdrt-health/mac:02010b41cdec/antenna/tag/e28068940000400386621d4f, 90
1652706773.494793, sdrt-health/mac:02010b41cdec/antenna/tag/e28068940000400386621d4f, 90
1652706773.52542, sdrt-health/mac:02010b41cdec/antenna/tag/e28068940000400386621d4f, 96
1652706773.525682, sdrt-health/mac:02010b41cdec/antenna/tag/e2806894000040038662114f, 91
1652706773.525884, sdrt-health/mac:02010b41cdec/antenna/tag/e2806894000050038661fd4f, 83
1652706773.540912, sdrt-health/mac:02010b41cdec/antenna/tag/e28068940000400386621d4f, 90
1652706773.541127, sdrt-health/mac:02010b41cdec/antenna/tag/e2806894000050038662154f, 85
1652706773.589806, sdrt-health/mac:02010b41cdec/antenna/tag/e2806894000050038662154f, 88
1652706773.630061, sdrt-health/mac:02010b41cdec/antenna/tag/e2806894000050038662194f, 94
1652706773.697836, sdrt-health/mac:02010b41cdec/antenna/tag/e28068940000400386621d4f, 90
1652706773.698247, sdrt-health/mac:02010b41cdec/antenna/tag/e2806894000040038662054f, 81
1652706773.731513, sdrt-health/mac:02010b41cdec/antenna/tag/e2806894000050038662194f, 94
1652706773.760745, sdrt-health/mac:02010b41cdec/antenna/tag/e2806894000050038661fd4f, 83
1652706773.761047, sdrt-health/mac:02010b41cdec/antenna/tag/e2806894000050038661fd4f, 83
1652706773.774911, sdrt-health/mac:02010b41cdec/antenna/tag/e2806894000040038662114f, 85
1652706773.775129, sdrt-health/mac:02010b41cdec/antenna/tag/e2806894000050038661fd4f, 86
1652706773.775261, sdrt-health/mac:02010b41cdec/antenna/tag/e2806894000040038662114f, 85
1652706773.830345, sdrt-health/mac:02010b41cdec/antenna/tag/e2806894000040038662114f, 88
1652706773.870809, sdrt-health/mac:02010b41cdec/antenna/tag/e2806894000050038662194f, 83
1652706773.923332, sdrt-health/mac:02010b41cdec/antenna/tag/e28068940000400386621d4f, 96
1652706773.923802, sdrt-health/mac:02010b41cdec/antenna/tag/e2806894000050038662154f, 88
1652706773.938459, sdrt-health/mac:02010b41cdec/antenna/tag/e2806894000050038662154f, 85
1652706773.951856, sdrt-health/mac:02010b41cdec/antenna/tag/e2806894000050038662154f, 91
1652706774.00041, sdrt-health/mac:02010b41cdec/antenna/tag/e28068940000400386621d4f, 96
1652706774.055376, sdrt-health/mac:02010b41cdec/antenna/tag/e28068940000500386620d4f, 83
1652706774.055881, sdrt-health/mac:02010b41cdec/antenna/tag/e2806894000050038662154f, 91
1652706774.069912, sdrt-health/mac:02010b41cdec/antenna/tag/e28068940000400386621d4f, 90
1652706774.070115, sdrt-health/mac:02010b41cdec/antenna/tag/e28068940000400386621d4f, 90
1652706774.070246, sdrt-health/mac:02010b41cdec/antenna/tag/e2806894000040038662114f, 85
1652706774.089742, sdrt-health/mac:02010b41cdec/antenna/tag/e2806894000050038661fd4f, 83
1652706774.129732, sdrt-health/mac:02010b41cdec/antenna/tag/e28068940000400386621d4f, 96
1652706774.187695, sdrt-health/mac:02010b41cdec/antenna/tag/e28068940000400386621d4f, 96
1652706774.18828, sdrt-health/mac:02010b41cdec/antenna/tag/e2806894000050038662194f, 81
1652706774.221083, sdrt-health/mac:02010b41cdec/antenna/tag/e28068940000400386621d4f, 90
1652706774.260368, sdrt-health/mac:02010b41cdec/antenna/tag/e28068940000500386620d4f, 94
1652706774.315568, sdrt-health/mac:02010b41cdec/antenna/tag/e28068940000400386621d4f, 90
1652706774.316073, sdrt-health/mac:02010b41cdec/antenna/tag/e2806894000050038661fd4f, 86
1652706774.359687, sdrt-health/mac:02010b41cdec/antenna/tag/e2806894000050038661fd4f, 86
1652706774.422797, sdrt-health/mac:02010b41cdec/antenna/tag/e2806894000050038662154f, 88
1652706774.423317, sdrt-health/mac:02010b41cdec/antenna/tag/e28068940000400386621d4f, 90
1652706774.437962, sdrt-health/mac:02010b41cdec/antenna/tag/e2806894000050038662154f, 91
1652706774.438751, sdrt-health/mac:02010b41cdec/antenna/tag/e2806894000040038662114f, 88
1652706774.450301, sdrt-health/mac:02010b41cdec/antenna/tag/e2806894000050038661fd4f, 86
1652706774.453438, sdrt-health/mac:02010b41cdec/antenna/tag/e28068940000400386621d4f, 90
1652706774.490493, sdrt-health/mac:02010b41cdec/antenna/tag/e28068940000400386621d4f, 90
1652706774.554927, sdrt-health/mac:02010b41cdec/antenna/tag/e28068940000400386621d4f, 96
1652706774.555486, sdrt-health/mac:02010b41cdec/antenna/tag/e2806894000050038661fd4f, 86
1652706774.587355, sdrt-health/mac:02010b41cdec/antenna/tag/e2806894000050038662154f, 91
1652706774.616503, sdrt-health/mac:02010b41cdec/antenna/tag/e2806894000050038661fd4f, 86
1652706774.616717, sdrt-health/mac:02010b41cdec/antenna/tag/e2806894000050038661fd4f, 83
1652706774.633874, sdrt-health/mac:02010b41cdec/antenna/tag/e2806894000050038662154f, 88
1652706774.691223, sdrt-health/mac:02010b41cdec/antenna/tag/e2806894000050038662154f, 88
1652706774.694052, sdrt-health/mac:02010b41cdec/antenna/tag/e2806894000050038661fd4f, 86
1652706774.70709, sdrt-health/mac:02010b41cdec/antenna/tag/e2806894000050038662154f, 88
1652706774.729914, sdrt-health/mac:02010b41cdec/antenna/tag/e28068940000500386620d4f, 87
1652706774.786156, sdrt-health/mac:02010b41cdec/antenna/tag/e2806894000050038662154f, 88
1652706774.786631, sdrt-health/mac:02010b41cdec/antenna/tag/e2806894000050038661fd4f, 97
1652706774.801875, sdrt-health/mac:02010b41cdec/antenna/tag/e2806894000040038662114f, 85
1652706774.821527, sdrt-health/mac:02010b41cdec/antenna/tag/e2806894000050038662194f, 81
1652706774.889227, sdrt-health/mac:02010b41cdec/antenna/tag/e28068940000400386621d4f, 96
1652706774.938938, sdrt-health/mac:02010b41cdec/antenna/tag/e2806894000050038662154f, 88
1652706774.972056, sdrt-health/mac:02010b41cdec/antenna/tag/e2806894000040038662114f, 85
1652706774.972391, sdrt-health/mac:02010b41cdec/antenna/tag/e2806894000040038662114f, 88
1652706774.986397, sdrt-health/mac:02010b41cdec/antenna/tag/e28068940000500386620d4f, 83
1652706775.033495, sdrt-health/mac:02010b41cdec/antenna/tag/e2806894000050038662194f, 81
1652706775.063502, sdrt-health/mac:02010b41cdec/antenna/tag/e2806894000050038662194f, 81
1652706775.063774, sdrt-health/mac:02010b41cdec/antenna/tag/e2806894000050038661fd4f, 83
1652706775.063988, sdrt-health/mac:02010b41cdec/antenna/tag/e2806894000040038662114f, 88
1652706775.077953, sdrt-health/mac:02010b41cdec/antenna/tag/e2806894000050038662154f, 85
1652706775.078199, sdrt-health/mac:02010b41cdec/antenna/tag/e2806894000050038662194f, 81
1652706775.131602, sdrt-health/mac:02010b41cdec/antenna/tag/e2806894000050038662154f, 88
1652706775.169825, sdrt-health/mac:02010b41cdec/antenna/tag/e28068940000400386621d4f, 90
1652706775.17081, sdrt-health/mac:02010b41cdec/antenna/tag/e2806894000050038662154f, 88
1652706775.20925, sdrt-health/mac:02010b41cdec/antenna/tag/e2806894000040038662114f, 88
1652706775.285363, sdrt-health/mac:02010b41cdec/antenna/tag/e28068940000500386620d4f, 87
1652706775.285858, sdrt-health/mac:02010b41cdec/antenna/tag/e28068940000400386621d4f, 90
1652706775.320371, sdrt-health/mac:02010b41cdec/antenna/tag/e28068940000500386620d4f, 83
1652706775.375618, sdrt-health/mac:02010b41cdec/antenna/tag/e2806894000040038662114f, 88
1652706775.376106, sdrt-health/mac:02010b41cdec/antenna/tag/e2806894000050038661fd4f, 86
1652706775.409961, sdrt-health/mac:02010b41cdec/antenna/tag/e28068940000500386620d4f, 81
1652706775.449073, sdrt-health/mac:02010b41cdec/antenna/tag/e2806894000050038662154f, 88
1652706775.478615, sdrt-health/mac:02010b41cdec/antenna/tag/e28068940000500386620d4f, 83
1652706775.478892, sdrt-health/mac:02010b41cdec/antenna/tag/e28068940000400386621d4f, 90
1652706775.492974, sdrt-health/mac:02010b41cdec/antenna/tag/e28068940000500386620d4f, 83
1652706775.49317, sdrt-health/mac:02010b41cdec/antenna/tag/e2806894000040038662114f, 88
1652706775.537308, sdrt-health/mac:02010b41cdec/antenna/tag/e2806894000040038662114f, 88
1652706775.602333, sdrt-health/mac:02010b41cdec/antenna/tag/e2806894000050038661fd4f, 83
1652706775.60278, sdrt-health/mac:02010b41cdec/antenna/tag/e2806894000050038662154f, 88
1652706775.638213, sdrt-health/mac:02010b41cdec/antenna/tag/e2806894000040038662114f, 88
1652706775.689603, sdrt-health/mac:02010b41cdec/antenna/tag/e28068940000500386620d4f, 81
1652706775.720499, sdrt-health/mac:02010b41cdec/antenna/tag/e2806894000050038662154f, 85
1652706775.720817, sdrt-health/mac:02010b41cdec/antenna/tag/e2806894000040038662114f, 85
1652706775.735658, sdrt-health/mac:02010b41cdec/antenna/tag/e2806894000050038662154f, 85
1652706775.735964, sdrt-health/mac:02010b41cdec/antenna/tag/e28068940000400386621d4f, 96
1652706775.769323, sdrt-health/mac:02010b41cdec/antenna/tag/e2806894000050038662154f, 85
1652706775.804851, sdrt-health/mac:02010b41cdec/antenna/tag/e28068940000400386621d4f, 96
1652706775.8353, sdrt-health/mac:02010b41cdec/antenna/tag/e2806894000050038662154f, 85
1652706775.835638, sdrt-health/mac:02010b41cdec/antenna/tag/e28068940000400386621d4f, 90
1652706775.850015, sdrt-health/mac:02010b41cdec/antenna/tag/e2806894000040038662114f, 88
1652706775.889653, sdrt-health/mac:02010b41cdec/antenna/tag/e2806894000050038662154f, 88
1652706775.955401, sdrt-health/mac:02010b41cdec/antenna/tag/e2806894000050038662154f, 85
1652706775.955847, sdrt-health/mac:02010b41cdec/antenna/tag/e2806894000050038662154f, 85
1652706775.970396, sdrt-health/mac:02010b41cdec/antenna/tag/e2806894000040038662114f, 91
1652706775.997857, sdrt-health/mac:02010b41cdec/antenna/tag/e2806894000040038662114f, 91
1652706776.231318, sdrt-health/mac:02010b41cdec/antenna/tag/e2806894000050038662154f, 85
1652706776.248907, sdrt-health/mac:02010b41cdec/antenna/tag/e28068940000400386621d4f, 90
1652706776.399967, sdrt-health/mac:02010b41cdec/antenna/tag/e2806894000050038661fd4f, 86
1652706776.400467, sdrt-health/mac:02010b41cdec/antenna/tag/e2806894000050038661fd4f, 86
1652706776.415311, sdrt-health/mac:02010b41cdec/antenna/tag/e28068940000400386621d4f, 96
1652706776.415528, sdrt-health/mac:02010b41cdec/antenna/tag/e2806894000050038662154f, 88
1652706776.415676, sdrt-health/mac:02010b41cdec/antenna/tag/e28068940000400386621d4f, 77
1652706776.415816, sdrt-health/mac:02010b41cdec/antenna/tag/e2806894000050038662154f, 85
1652706776.415958, sdrt-health/mac:02010b41cdec/antenna/tag/e28068940000400386621d4f, 96
1652706776.416108, sdrt-health/mac:02010b41cdec/antenna/tag/e2806894000040038662114f, 88
1652706776.432498, sdrt-health/mac:02010b41cdec/antenna/tag/e2806894000050038661fd4f, 83
1652706776.460679, sdrt-health/mac:02010b41cdec/antenna/tag/e2806894000050038661fd4f, 83
1652706776.460885, sdrt-health/mac:02010b41cdec/antenna/tag/e28068940000500386620d4f, 87
1652706776.461023, sdrt-health/mac:02010b41cdec/antenna/tag/e28068940000400386621d4f, 96
1652706776.480658, sdrt-health/mac:02010b41cdec/antenna/tag/e2806894000050038662154f, 88
1652706776.576256, sdrt-health/mac:02010b41cdec/antenna/tag/e28068940000400386621d4f, 96
1652706776.576805, sdrt-health/mac:02010b41cdec/antenna/tag/e2806894000050038661fd4f, 83
1652706776.595533, sdrt-health/mac:02010b41cdec/antenna/tag/e28068940000400386621d4f, 77
1652706776.650423, sdrt-health/mac:02010b41cdec/antenna/tag/e2806894000050038661fd4f, 83
1652706776.689269, sdrt-health/mac:02010b41cdec/antenna/tag/e2806894000040038662114f, 85
1652706776.72943, sdrt-health/mac:02010b41cdec/antenna/tag/e2806894000040038662114f, 88
1652706776.793882, sdrt-health/mac:02010b41cdec/antenna/tag/e2806894000040038662114f, 88
1652706776.794224, sdrt-health/mac:02010b41cdec/antenna/tag/e2806894000050038661fd4f, 83
1652706776.808471, sdrt-health/mac:02010b41cdec/antenna/tag/e2806894000040038662114f, 88
1652706776.808699, sdrt-health/mac:02010b41cdec/antenna/tag/e28068940000500386620d4f, 87
1652706776.820575, sdrt-health/mac:02010b41cdec/antenna/tag/e28068940000500386620d4f, 81
1652706776.824636, sdrt-health/mac:02010b41cdec/antenna/tag/e2806894000040038662114f, 88
1652706776.877914, sdrt-health/mac:02010b41cdec/antenna/tag/e2806894000050038661fd4f, 86
1652706776.930167, sdrt-health/mac:02010b41cdec/antenna/tag/e28068940000500386620d4f, 81
1652706776.978506, sdrt-health/mac:02010b41cdec/antenna/tag/e28068940000500386620d4f, 81
1652706777.009556, sdrt-health/mac:02010b41cdec/antenna/tag/e2806894000040038661f94f, 81
1652706777.009778, sdrt-health/mac:02010b41cdec/antenna/tag/e2806894000050038661fd4f, 86
1652706777.009911, sdrt-health/mac:02010b41cdec/antenna/tag/e28068940000400386621d4f, 90
1652706777.024319, sdrt-health/mac:02010b41cdec/antenna/tag/e2806894000040038662114f, 85
1652706777.069127, sdrt-health/mac:02010b41cdec/antenna/tag/e2806894000050038662194f, 88
1652706777.109292, sdrt-health/mac:02010b41cdec/antenna/tag/e2806894000040038662114f, 85
1652706777.199277, sdrt-health/mac:02010b41cdec/antenna/tag/e28068940000400386621d4f, 96
1652706777.199782, sdrt-health/mac:02010b41cdec/antenna/tag/e2806894000050038661fd4f, 83
1652706777.215205, sdrt-health/mac:02010b41cdec/antenna/tag/e2806894000040038662114f, 85
1652706777.215556, sdrt-health/mac:02010b41cdec/antenna/tag/e2806894000050038662194f, 81
1652706777.215788, sdrt-health/mac:02010b41cdec/antenna/tag/e2806894000040038662114f, 85
1652706777.231263, sdrt-health/mac:02010b41cdec/antenna/tag/e2806894000040038662114f, 85
1652706777.231542, sdrt-health/mac:02010b41cdec/antenna/tag/e2806894000040038662114f, 88
1652706777.231755, sdrt-health/mac:02010b41cdec/antenna/tag/e2806894000050038662154f, 91
1652706777.231938, sdrt-health/mac:02010b41cdec/antenna/tag/e28068940000400386621d4f, 90
1652706777.27074, sdrt-health/mac:02010b41cdec/antenna/tag/e2806894000050038661fd4f, 86
1652706777.334296, sdrt-health/mac:02010b41cdec/antenna/tag/e2806894000050038661fd4f, 86
1652706777.334813, sdrt-health/mac:02010b41cdec/antenna/tag/e2806894000040038662114f, 88
1652706777.335228, sdrt-health/mac:02010b41cdec/antenna/tag/e2806894000050038661fd4f, 86
1652706777.360188, sdrt-health/mac:02010b41cdec/antenna/tag/e2806894000050038661fd4f, 83
1652706777.389515, sdrt-health/mac:02010b41cdec/antenna/tag/e2806894000040038662114f, 88
1652706777.389827, sdrt-health/mac:02010b41cdec/antenna/tag/e28068940000400386621d4f, 86
1652706777.409958, sdrt-health/mac:02010b41cdec/antenna/tag/e2806894000050038662154f, 91
1652706777.448581, sdrt-health/mac:02010b41cdec/antenna/tag/e2806894000050038662154f, 85
1652706777.600694, sdrt-health/mac:02010b41cdec/antenna/tag/e2806894000050038661fd4f, 83
1652706777.641364, sdrt-health/mac:02010b41cdec/antenna/tag/e28068940000500386620d4f, 83
1652706777.730127, sdrt-health/mac:02010b41cdec/antenna/tag/e2806894000040038662114f, 88
1652706777.798401, sdrt-health/mac:02010b41cdec/antenna/tag/e2806894000050038662154f, 88
1652706777.848769, sdrt-health/mac:02010b41cdec/antenna/tag/e2806894000050038661fd4f, 83
1652706777.910221, sdrt-health/mac:02010b41cdec/antenna/tag/e2806894000040038662114f, 88
1652706777.950171, sdrt-health/mac:02010b41cdec/antenna/tag/e28068940000500386620d4f, 87
1652706778.026517, sdrt-health/mac:02010b41cdec/antenna/tag/e2806894000050038661fd4f, 83
1652706778.027078, sdrt-health/mac:02010b41cdec/antenna/tag/e2806894000050038661fd4f, 83
1652706778.057799, sdrt-health/mac:02010b41cdec/antenna/tag/e28068940000400386621d4f, 90
1652706778.116125, sdrt-health/mac:02010b41cdec/antenna/tag/e28068940000400386621d4f, 90
1652706778.116642, sdrt-health/mac:02010b41cdec/antenna/tag/e2806894000050038661fd4f, 86
1652706778.150324, sdrt-health/mac:02010b41cdec/antenna/tag/e28068940000400386621d4f, 77
1652706778.190752, sdrt-health/mac:02010b41cdec/antenna/tag/e2806894000050038662154f, 88
1652706778.220464, sdrt-health/mac:02010b41cdec/antenna/tag/e28068940000400386621d4f, 77
1652706778.221036, sdrt-health/mac:02010b41cdec/antenna/tag/e2806894000050038661fd4f, 83
1652706778.239664, sdrt-health/mac:02010b41cdec/antenna/tag/e28068940000400386621d4f, 96
1652706778.289921, sdrt-health/mac:02010b41cdec/antenna/tag/e2806894000050038662154f, 88
1652706778.343266, sdrt-health/mac:02010b41cdec/antenna/tag/e2806894000050038662194f, 83
1652706778.343756, sdrt-health/mac:02010b41cdec/antenna/tag/e2806894000050038662194f, 81
1652706778.357698, sdrt-health/mac:02010b41cdec/antenna/tag/e2806894000050038662154f, 85
1652706778.379177, sdrt-health/mac:02010b41cdec/antenna/tag/e28068940000500386620d4f, 83
1652706778.429512, sdrt-health/mac:02010b41cdec/antenna/tag/e2806894000050038662154f, 88
1652706778.49381, sdrt-health/mac:02010b41cdec/antenna/tag/e2806894000050038662154f, 88
1652706778.494299, sdrt-health/mac:02010b41cdec/antenna/tag/e2806894000040038662114f, 88
1652706778.528123, sdrt-health/mac:02010b41cdec/antenna/tag/e2806894000050038662154f, 88
1652706778.58059, sdrt-health/mac:02010b41cdec/antenna/tag/e2806894000040038662114f, 85
1652706778.656979, sdrt-health/mac:02010b41cdec/antenna/tag/e2806894000050038662154f, 88
1652706778.657469, sdrt-health/mac:02010b41cdec/antenna/tag/e2806894000050038662194f, 88
1652706778.697646, sdrt-health/mac:02010b41cdec/antenna/tag/e2806894000050038662194f, 83
1652706778.758524, sdrt-health/mac:02010b41cdec/antenna/tag/e2806894000050038661fd4f, 83
1652706778.759088, sdrt-health/mac:02010b41cdec/antenna/tag/e2806894000050038661fd4f, 83
1652706778.775051, sdrt-health/mac:02010b41cdec/antenna/tag/e2806894000040038662114f, 85
1652706778.809548, sdrt-health/mac:02010b41cdec/antenna/tag/e2806894000040038662114f, 85
1652706778.809909, sdrt-health/mac:02010b41cdec/antenna/tag/e2806894000040038662114f, 85
1652706778.854676, sdrt-health/mac:02010b41cdec/antenna/tag/e2806894000050038661fd4f, 83
1652706778.888786, sdrt-health/mac:02010b41cdec/antenna/tag/e28068940000400386621d4f, 90
1652706778.889289, sdrt-health/mac:02010b41cdec/antenna/tag/e2806894000050038662154f, 88
1652706778.904019, sdrt-health/mac:02010b41cdec/antenna/tag/e2806894000050038661fd4f, 83
1652706778.904303, sdrt-health/mac:02010b41cdec/antenna/tag/e2806894000050038662154f, 85
1652706778.904532, sdrt-health/mac:02010b41cdec/antenna/tag/e2806894000050038662154f, 85
1652706778.939957, sdrt-health/mac:02010b41cdec/antenna/tag/e2806894000050038661fd4f, 83
1652706778.971539, sdrt-health/mac:02010b41cdec/antenna/tag/e28068940000400386621d4f, 96
1652706778.9718, sdrt-health/mac:02010b41cdec/antenna/tag/e2806894000050038661fd4f, 83
1652706778.99141, sdrt-health/mac:02010b41cdec/antenna/tag/e2806894000050038662194f, 81
1652706779.039967, sdrt-health/mac:02010b41cdec/antenna/tag/e2806894000040038662114f, 85
1652706779.070973, sdrt-health/mac:02010b41cdec/antenna/tag/e2806894000050038661fd4f, 83
1652706779.071383, sdrt-health/mac:02010b41cdec/antenna/tag/e2806894000050038662194f, 94
1652706779.088553, sdrt-health/mac:02010b41cdec/antenna/tag/e2806894000050038662194f, 94
1652706779.146371, sdrt-health/mac:02010b41cdec/antenna/tag/e28068940000500386620d4f, 83
1652706779.146604, sdrt-health/mac:02010b41cdec/antenna/tag/e2806894000050038662194f, 94
1652706779.17075, sdrt-health/mac:02010b41cdec/antenna/tag/e28068940000400386621d4f, 96
1652706779.219241, sdrt-health/mac:02010b41cdec/antenna/tag/e2806894000040038662114f, 88
1652706779.251898, sdrt-health/mac:02010b41cdec/antenna/tag/e2806894000050038662194f, 81
1652706779.252182, sdrt-health/mac:02010b41cdec/antenna/tag/e2806894000050038662154f, 88
1652706779.26862, sdrt-health/mac:02010b41cdec/antenna/tag/e2806894000050038662194f, 81
1652706779.308276, sdrt-health/mac:02010b41cdec/antenna/tag/e28068940000400386621d4f, 96
1652706779.350043, sdrt-health/mac:02010b41cdec/antenna/tag/e2806894000050038662154f, 85
1652706779.39002, sdrt-health/mac:02010b41cdec/antenna/tag/e2806894000050038661fd4f, 83
1652706779.430715, sdrt-health/mac:02010b41cdec/antenna/tag/e2806894000050038661fd4f, 86
1652706779.479429, sdrt-health/mac:02010b41cdec/antenna/tag/e2806894000050038662154f, 88
1652706779.512258, sdrt-health/mac:02010b41cdec/antenna/tag/e2806894000050038662154f, 91
1652706779.512654, sdrt-health/mac:02010b41cdec/antenna/tag/e2806894000040038662114f, 88
1652706779.527438, sdrt-health/mac:02010b41cdec/antenna/tag/e2806894000050038661fd4f, 86
1652706779.560648, sdrt-health/mac:02010b41cdec/antenna/tag/e28068940000400386621d4f, 96
1652706779.616156, sdrt-health/mac:02010b41cdec/antenna/tag/e2806894000050038661fd4f, 86
1652706779.616633, sdrt-health/mac:02010b41cdec/antenna/tag/e28068940000400386621d4f, 90
1652706779.649005, sdrt-health/mac:02010b41cdec/antenna/tag/e2806894000050038662154f, 88
1652706779.694675, sdrt-health/mac:02010b41cdec/antenna/tag/e2806894000050038662154f, 85
1652706779.736664, sdrt-health/mac:02010b41cdec/antenna/tag/e2806894000040038662114f, 93
1652706779.817005, sdrt-health/mac:02010b41cdec/antenna/tag/e28068940000400386621d4f, 77
1652706779.817535, sdrt-health/mac:02010b41cdec/antenna/tag/e2806894000040038662114f, 91
1652706779.841439, sdrt-health/mac:02010b41cdec/antenna/tag/e28068940000400386621d4f, 96
1652706779.936225, sdrt-health/mac:02010b41cdec/antenna/tag/e2806894000050038662154f, 88
1652706779.936939, sdrt-health/mac:02010b41cdec/antenna/tag/e2806894000040038662114f, 91
1652706779.959147, sdrt-health/mac:02010b41cdec/antenna/tag/e2806894000050038661fd4f, 86
1652706779.990128, sdrt-health/mac:02010b41cdec/antenna/tag/e2806894000040038662114f, 91
1652706779.99038, sdrt-health/mac:02010b41cdec/antenna/tag/e2806894000050038662154f, 88
1652706780.005769, sdrt-health/mac:02010b41cdec/antenna/tag/e2806894000050038661fd4f, 86
1652706780.005976, sdrt-health/mac:02010b41cdec/antenna/tag/e2806894000050038662154f, 88
1652706780.006152, sdrt-health/mac:02010b41cdec/antenna/tag/e28068940000400386621d4f, 90
1652706780.041263, sdrt-health/mac:02010b41cdec/antenna/tag/e2806894000040038662114f, 88
1652706780.09019, sdrt-health/mac:02010b41cdec/antenna/tag/e2806894000040038662114f, 85
1652706780.130827, sdrt-health/mac:02010b41cdec/antenna/tag/e2806894000040038662114f, 88
1652706780.186692, sdrt-health/mac:02010b41cdec/antenna/tag/e28068940000400386621d4f, 96
1652706780.186977, sdrt-health/mac:02010b41cdec/antenna/tag/e2806894000050038661fd4f, 83
1652706780.221101, sdrt-health/mac:02010b41cdec/antenna/tag/e28068940000400386621d4f, 96
1652706780.278211, sdrt-health/mac:02010b41cdec/antenna/tag/e2806894000050038661fd4f, 83
1652706780.278671, sdrt-health/mac:02010b41cdec/antenna/tag/e28068940000400386621d4f, 96
1652706780.292618, sdrt-health/mac:02010b41cdec/antenna/tag/e2806894000050038662194f, 94
1652706780.293095, sdrt-health/mac:02010b41cdec/antenna/tag/e2806894000040038662114f, 85
1652706780.310525, sdrt-health/mac:02010b41cdec/antenna/tag/e2806894000050038661fd4f, 97
1652706780.362147, sdrt-health/mac:02010b41cdec/antenna/tag/e28068940000400386621d4f, 77
1652706780.363525, sdrt-health/mac:02010b41cdec/antenna/tag/e2806894000050038662194f, 94
1652706780.408949, sdrt-health/mac:02010b41cdec/antenna/tag/e2806894000040038662114f, 85
1652706780.476299, sdrt-health/mac:02010b41cdec/antenna/tag/e2806894000050038662154f, 88
1652706780.47676, sdrt-health/mac:02010b41cdec/antenna/tag/e28068940000400386621d4f, 90
1652706780.501571, sdrt-health/mac:02010b41cdec/antenna/tag/e2806894000040038662114f, 88
1652706780.557069, sdrt-health/mac:02010b41cdec/antenna/tag/e28068940000400386621d4f, 96
1652706780.55752, sdrt-health/mac:02010b41cdec/antenna/tag/e28068940000500386620d4f, 83
1652706780.572895, sdrt-health/mac:02010b41cdec/antenna/tag/e28068940000400386621d4f, 90
1652706780.590559, sdrt-health/mac:02010b41cdec/antenna/tag/e2806894000050038662194f, 81
1652706780.662076, sdrt-health/mac:02010b41cdec/antenna/tag/e28068940000400386621d4f, 96
1652706780.66259, sdrt-health/mac:02010b41cdec/antenna/tag/e28068940000400386621d4f, 90
1652706780.677769, sdrt-health/mac:02010b41cdec/antenna/tag/e2806894000050038661fd4f, 83
1652706780.697797, sdrt-health/mac:02010b41cdec/antenna/tag/e2806894000050038662154f, 88
1652706780.728893, sdrt-health/mac:02010b41cdec/antenna/tag/e2806894000040038662114f, 85
1652706780.72922, sdrt-health/mac:02010b41cdec/antenna/tag/e2806894000050038662154f, 88
1652706780.749152, sdrt-health/mac:02010b41cdec/antenna/tag/e2806894000050038662154f, 88
1652706780.783976, sdrt-health/mac:02010b41cdec/antenna/tag/e28068940000500386620d4f, 81
1652706780.784444, sdrt-health/mac:02010b41cdec/antenna/tag/e2806894000050038662154f, 91
1652706780.799722, sdrt-health/mac:02010b41cdec/antenna/tag/e2806894000050038661fd4f, 86
1652706780.833901, sdrt-health/mac:02010b41cdec/antenna/tag/e2806894000050038662154f, 91
1652706780.834328, sdrt-health/mac:02010b41cdec/antenna/tag/e28068940000400386621d4f, 96
1652706780.850851, sdrt-health/mac:02010b41cdec/antenna/tag/e2806894000050038662154f, 88
1652706780.902205, sdrt-health/mac:02010b41cdec/antenna/tag/e2806894000040038662114f, 91
1652706780.965145, sdrt-health/mac:02010b41cdec/antenna/tag/e2806894000040038662114f, 91
1652706780.965573, sdrt-health/mac:02010b41cdec/antenna/tag/e2806894000050038661fd4f, 86
1652706780.981125, sdrt-health/mac:02010b41cdec/antenna/tag/e2806894000040038662114f, 88
1652706781.023259, sdrt-health/mac:02010b41cdec/antenna/tag/e2806894000050038661fd4f, 83
1652706781.023549, sdrt-health/mac:02010b41cdec/antenna/tag/e2806894000040038662114f, 88
1652706781.03856, sdrt-health/mac:02010b41cdec/antenna/tag/e2806894000050038661fd4f, 86
1652706781.038924, sdrt-health/mac:02010b41cdec/antenna/tag/e2806894000050038662154f, 88
1652706781.05933, sdrt-health/mac:02010b41cdec/antenna/tag/e2806894000050038661fd4f, 86
1652706781.091076, sdrt-health/mac:02010b41cdec/antenna/tag/e2806894000040038662114f, 88
1652706781.091306, sdrt-health/mac:02010b41cdec/antenna/tag/e2806894000050038662154f, 91
1652706781.091453, sdrt-health/mac:02010b41cdec/antenna/tag/e2806894000050038662154f, 88
1652706781.110861, sdrt-health/mac:02010b41cdec/antenna/tag/e2806894000050038661fd4f, 83
1652706781.152942, sdrt-health/mac:02010b41cdec/antenna/tag/e2806894000050038661fd4f, 83
1652706781.206187, sdrt-health/mac:02010b41cdec/antenna/tag/e28068940000500386620d4f, 93
1652706781.206752, sdrt-health/mac:02010b41cdec/antenna/tag/e2806894000050038662154f, 88
1652706781.224453, sdrt-health/mac:02010b41cdec/antenna/tag/e2806894000040038662114f, 88
1652706781.229748, sdrt-health/mac:02010b41cdec/antenna/tag/e2806894000040038662114f, 85
1652706781.271296, sdrt-health/mac:02010b41cdec/antenna/tag/e28068940000400386621d4f, 96
1652706781.311205, sdrt-health/mac:02010b41cdec/antenna/tag/e2806894000050038662154f, 88
1652706781.345108, sdrt-health/mac:02010b41cdec/antenna/tag/e2806894000040038662114f, 88
1652706781.345476, sdrt-health/mac:02010b41cdec/antenna/tag/e28068940000400386621d4f, 77
1652706781.361893, sdrt-health/mac:02010b41cdec/antenna/tag/e2806894000050038661fd4f, 83
1652706781.389088, sdrt-health/mac:02010b41cdec/antenna/tag/e28068940000400386621d4f, 96
1652706781.447439, sdrt-health/mac:02010b41cdec/antenna/tag/e2806894000050038661fd4f, 83
1652706781.447931, sdrt-health/mac:02010b41cdec/antenna/tag/e28068940000500386620d4f, 87
1652706781.462556, sdrt-health/mac:02010b41cdec/antenna/tag/e2806894000040038662114f, 88
1652706781.48087, sdrt-health/mac:02010b41cdec/antenna/tag/e2806894000050038662154f, 88
1652706781.551429, sdrt-health/mac:02010b41cdec/antenna/tag/e2806894000050038662154f, 91
1652706781.592769, sdrt-health/mac:02010b41cdec/antenna/tag/e2806894000040038662114f, 91
1652706781.647843, sdrt-health/mac:02010b41cdec/antenna/tag/e28068940000400386621d4f, 90
1652706781.648272, sdrt-health/mac:02010b41cdec/antenna/tag/e28068940000400386621d4f, 90
1652706781.663026, sdrt-health/mac:02010b41cdec/antenna/tag/e2806894000050038662154f, 88
1652706781.679972, sdrt-health/mac:02010b41cdec/antenna/tag/e28068940000400386621d4f, 90
1652706781.713918, sdrt-health/mac:02010b41cdec/antenna/tag/e28068940000500386620d4f, 83
1652706781.714313, sdrt-health/mac:02010b41cdec/antenna/tag/e2806894000050038661fd4f, 83
1652706781.730336, sdrt-health/mac:02010b41cdec/antenna/tag/e2806894000040038662114f, 88
1652706781.730647, sdrt-health/mac:02010b41cdec/antenna/tag/e2806894000050038662154f, 91
1652706781.730902, sdrt-health/mac:02010b41cdec/antenna/tag/e28068940000400386621d4f, 96
1652706781.790321, sdrt-health/mac:02010b41cdec/antenna/tag/e2806894000040038662114f, 88
1652706781.830424, sdrt-health/mac:02010b41cdec/antenna/tag/e2806894000050038662154f, 91
1652706781.871125, sdrt-health/mac:02010b41cdec/antenna/tag/e28068940000400386621d4f, 96
1652706781.918402, sdrt-health/mac:02010b41cdec/antenna/tag/e28068940000400386621d4f, 90
1652706781.94901, sdrt-health/mac:02010b41cdec/antenna/tag/e28068940000500386620d4f, 83
1652706781.949315, sdrt-health/mac:02010b41cdec/antenna/tag/e28068940000400386621d4f, 96
1652706781.967631, sdrt-health/mac:02010b41cdec/antenna/tag/e2806894000050038661fd4f, 83
1652706781.998161, sdrt-health/mac:02010b41cdec/antenna/tag/e28068940000500386620d4f, 88
1652706781.998527, sdrt-health/mac:02010b41cdec/antenna/tag/e2806894000040038662114f, 88
1652706782.013118, sdrt-health/mac:02010b41cdec/antenna/tag/e28068940000400386621d4f, 90
1652706782.050597, sdrt-health/mac:02010b41cdec/antenna/tag/e2806894000040038661f94f, 81
1652706782.104861, sdrt-health/mac:02010b41cdec/antenna/tag/e2806894000050038662154f, 88
1652706782.105372, sdrt-health/mac:02010b41cdec/antenna/tag/e2806894000050038661fd4f, 83
1652706782.119735, sdrt-health/mac:02010b41cdec/antenna/tag/e28068940000500386620d4f, 87
1652706782.16535, sdrt-health/mac:02010b41cdec/antenna/tag/e28068940000400386621d4f, 90
1652706782.165668, sdrt-health/mac:02010b41cdec/antenna/tag/e28068940000400386621d4f, 96
1652706782.190874, sdrt-health/mac:02010b41cdec/antenna/tag/e2806894000040038662114f, 85
1652706782.246385, sdrt-health/mac:02010b41cdec/antenna/tag/e28068940000400386621d4f, 96
1652706782.247029, sdrt-health/mac:02010b41cdec/antenna/tag/e2806894000040038662114f, 85
1652706782.262876, sdrt-health/mac:02010b41cdec/antenna/tag/e28068940000500386620d4f, 81
1652706782.29805, sdrt-health/mac:02010b41cdec/antenna/tag/e2806894000050038661fd4f, 83
1652706782.366286, sdrt-health/mac:02010b41cdec/antenna/tag/e2806894000040038662114f, 88
1652706782.366733, sdrt-health/mac:02010b41cdec/antenna/tag/e2806894000040038662114f, 88
1652706782.390044, sdrt-health/mac:02010b41cdec/antenna/tag/e28068940000400386621d4f, 90
1652706782.429993, sdrt-health/mac:02010b41cdec/antenna/tag/e28068940000400386621d4f, 90
1652706782.46453, sdrt-health/mac:02010b41cdec/antenna/tag/e28068940000400386621d4f, 90
1652706782.464847, sdrt-health/mac:02010b41cdec/antenna/tag/e2806894000050038661fd4f, 83
1652706782.479831, sdrt-health/mac:02010b41cdec/antenna/tag/e2806894000050038661fd4f, 86
1652706782.48015, sdrt-health/mac:02010b41cdec/antenna/tag/e2806894000050038662154f, 88
1652706782.480433, sdrt-health/mac:02010b41cdec/antenna/tag/e28068940000400386621d4f, 90
1652706782.520698, sdrt-health/mac:02010b41cdec/antenna/tag/e2806894000050038662154f, 88
1652706782.570868, sdrt-health/mac:02010b41cdec/antenna/tag/e28068940000400386621d4f, 96
1652706782.603414, sdrt-health/mac:02010b41cdec/antenna/tag/e2806894000050038662154f, 88
1652706782.603781, sdrt-health/mac:02010b41cdec/antenna/tag/e2806894000040038662114f, 91
1652706782.69099, sdrt-health/mac:02010b41cdec/antenna/tag/e2806894000050038662154f, 88
1652706782.722559, sdrt-health/mac:02010b41cdec/antenna/tag/e28068940000400386621d4f, 90
1652706782.722853, sdrt-health/mac:02010b41cdec/antenna/tag/e2806894000050038662154f, 91
1652706782.74925, sdrt-health/mac:02010b41cdec/antenna/tag/e28068940000500386620d4f, 81
1652706782.779501, sdrt-health/mac:02010b41cdec/antenna/tag/e28068940000400386621d4f, 96
1652706782.779714, sdrt-health/mac:02010b41cdec/antenna/tag/e28068940000400386621d4f, 96
1652706782.779835, sdrt-health/mac:02010b41cdec/antenna/tag/e28068940000500386620d4f, 83
1652706782.794965, sdrt-health/mac:02010b41cdec/antenna/tag/e28068940000400386621d4f, 96
1652706782.795179, sdrt-health/mac:02010b41cdec/antenna/tag/e2806894000050038662154f, 88
1652706782.795323, sdrt-health/mac:02010b41cdec/antenna/tag/e28068940000500386620d4f, 87
1652706782.843089, sdrt-health/mac:02010b41cdec/antenna/tag/e28068940000400386621d4f, 90
1652706782.875559, sdrt-health/mac:02010b41cdec/antenna/tag/e28068940000400386621d4f, 96
1652706782.876014, sdrt-health/mac:02010b41cdec/antenna/tag/e28068940000500386620d4f, 83
1652706782.930364, sdrt-health/mac:02010b41cdec/antenna/tag/e2806894000050038661fd4f, 83
1652706782.971007, sdrt-health/mac:02010b41cdec/antenna/tag/e2806894000050038662154f, 91
1652706783.010547, sdrt-health/mac:02010b41cdec/antenna/tag/e2806894000040038662114f, 85
1652706783.057645, sdrt-health/mac:02010b41cdec/antenna/tag/e2806894000040038662114f, 85
1652706783.100965, sdrt-health/mac:02010b41cdec/antenna/tag/e2806894000050038662154f, 85
1652706783.165193, sdrt-health/mac:02010b41cdec/antenna/tag/e2806894000050038661fd4f, 83
1652706783.165563, sdrt-health/mac:02010b41cdec/antenna/tag/e28068940000500386620d4f, 81
1652706783.179554, sdrt-health/mac:02010b41cdec/antenna/tag/e2806894000050038662154f, 85
1652706783.179989, sdrt-health/mac:02010b41cdec/antenna/tag/e2806894000050038661fd4f, 83
1652706783.190258, sdrt-health/mac:02010b41cdec/antenna/tag/e28068940000400386621d4f, 96
1652706783.240342, sdrt-health/mac:02010b41cdec/antenna/tag/e2806894000050038661fd4f, 83
1652706783.28861, sdrt-health/mac:02010b41cdec/antenna/tag/e2806894000040038662114f, 88
1652706783.332495, sdrt-health/mac:02010b41cdec/antenna/tag/e2806894000040038662114f, 88
1652706783.378603, sdrt-health/mac:02010b41cdec/antenna/tag/e2806894000050038661fd4f, 86
1652706783.437885, sdrt-health/mac:02010b41cdec/antenna/tag/e28068940000400386621d4f, 90
1652706783.438362, sdrt-health/mac:02010b41cdec/antenna/tag/e2806894000040038662114f, 88
1652706783.478161, sdrt-health/mac:02010b41cdec/antenna/tag/e2806894000040038662114f, 88
1652706783.510717, sdrt-health/mac:02010b41cdec/antenna/tag/e28068940000400386621d4f, 90
1652706783.511223, sdrt-health/mac:02010b41cdec/antenna/tag/e2806894000050038661fd4f, 86
1652706783.511619, sdrt-health/mac:02010b41cdec/antenna/tag/e2806894000050038661fd4f, 86
1652706783.524526, sdrt-health/mac:02010b41cdec/antenna/tag/e2806894000040038662114f, 88
1652706783.524741, sdrt-health/mac:02010b41cdec/antenna/tag/e2806894000040038662114f, 88
1652706783.524886, sdrt-health/mac:02010b41cdec/antenna/tag/e28068940000400386621d4f, 90
1652706783.571345, sdrt-health/mac:02010b41cdec/antenna/tag/e2806894000050038661fd4f, 86
1652706783.620886, sdrt-health/mac:02010b41cdec/antenna/tag/e28068940000400386621d4f, 96
1652706783.661718, sdrt-health/mac:02010b41cdec/antenna/tag/e2806894000050038662154f, 88
1652706783.694617, sdrt-health/mac:02010b41cdec/antenna/tag/e2806894000040038662114f, 85
1652706783.695015, sdrt-health/mac:02010b41cdec/antenna/tag/e2806894000050038661fd4f, 83
1652706783.709957, sdrt-health/mac:02010b41cdec/antenna/tag/e2806894000050038661fd4f, 86
1652706783.750978, sdrt-health/mac:02010b41cdec/antenna/tag/e28068940000400386621d4f, 90
1652706783.790721, sdrt-health/mac:02010b41cdec/antenna/tag/e2806894000050038662154f, 91
1652706783.821695, sdrt-health/mac:02010b41cdec/antenna/tag/e28068940000400386621d4f, 96
1652706783.822074, sdrt-health/mac:02010b41cdec/antenna/tag/e2806894000050038661fd4f, 83
1652706783.83814, sdrt-health/mac:02010b41cdec/antenna/tag/e28068940000400386621d4f, 90
1652706783.878525, sdrt-health/mac:02010b41cdec/antenna/tag/e2806894000040038662114f, 88
1652706783.93601, sdrt-health/mac:02010b41cdec/antenna/tag/e28068940000400386621d4f, 96
1652706783.936455, sdrt-health/mac:02010b41cdec/antenna/tag/e2806894000050038661fd4f, 86
1652706783.96188, sdrt-health/mac:02010b41cdec/antenna/tag/e28068940000500386620d4f, 81
1652706784.089504, sdrt-health/mac:02010b41cdec/antenna/tag/e2806894000050038661fd4f, 83
1652706784.141331, sdrt-health/mac:02010b41cdec/antenna/tag/e2806894000050038662194f, 110
1652706784.141799, sdrt-health/mac:02010b41cdec/antenna/tag/e2806894000050038661fd4f, 83
1652706784.157884, sdrt-health/mac:02010b41cdec/antenna/tag/e2806894000050038662154f, 85
1652706784.231026, sdrt-health/mac:02010b41cdec/antenna/tag/e28068940000400386621d4f, 90
1652706784.282153, sdrt-health/mac:02010b41cdec/antenna/tag/e28068940000500386620d4f, 81
1652706784.337999, sdrt-health/mac:02010b41cdec/antenna/tag/e2806894000040038662114f, 88
1652706784.338452, sdrt-health/mac:02010b41cdec/antenna/tag/e28068940000500386620d4f, 87
1652706784.360848, sdrt-health/mac:02010b41cdec/antenna/tag/e28068940000500386620d4f, 83
1652706784.401294, sdrt-health/mac:02010b41cdec/antenna/tag/e2806894000050038661fd4f, 86
1652706784.443448, sdrt-health/mac:02010b41cdec/antenna/tag/e2806894000050038662154f, 88
1652706784.475028, sdrt-health/mac:02010b41cdec/antenna/tag/e2806894000040038662114f, 88
1652706784.475332, sdrt-health/mac:02010b41cdec/antenna/tag/e2806894000050038662154f, 88
1652706784.490352, sdrt-health/mac:02010b41cdec/antenna/tag/e2806894000050038662154f, 91
1652706784.531433, sdrt-health/mac:02010b41cdec/antenna/tag/e2806894000050038661fd4f, 86
1652706784.586844, sdrt-health/mac:02010b41cdec/antenna/tag/e2806894000050038661fd4f, 83
1652706784.587424, sdrt-health/mac:02010b41cdec/antenna/tag/e2806894000040038662114f, 88
1652706784.602196, sdrt-health/mac:02010b41cdec/antenna/tag/e2806894000050038662154f, 88
1652706784.602714, sdrt-health/mac:02010b41cdec/antenna/tag/e2806894000050038661fd4f, 86
1652706784.619049, sdrt-health/mac:02010b41cdec/antenna/tag/e2806894000050038661fd4f, 83
1652706784.659724, sdrt-health/mac:02010b41cdec/antenna/tag/e2806894000040038662114f, 88
1652706784.750822, sdrt-health/mac:02010b41cdec/antenna/tag/e2806894000050038661fd4f, 83
1652706784.83041, sdrt-health/mac:02010b41cdec/antenna/tag/e28068940000400386621d4f, 90
1652706784.892792, sdrt-health/mac:02010b41cdec/antenna/tag/e2806894000050038661fd4f, 86
1652706784.893291, sdrt-health/mac:02010b41cdec/antenna/tag/e28068940000400386621d4f, 90
1652706784.908365, sdrt-health/mac:02010b41cdec/antenna/tag/e2806894000050038662154f, 85
1652706784.929821, sdrt-health/mac:02010b41cdec/antenna/tag/e2806894000050038661fd4f, 83
1652706784.98628, sdrt-health/mac:02010b41cdec/antenna/tag/e2806894000050038661fd4f, 83
1652706784.986667, sdrt-health/mac:02010b41cdec/antenna/tag/e2806894000040038662114f, 85
1652706785.001368, sdrt-health/mac:02010b41cdec/antenna/tag/e2806894000050038661fd4f, 83
1652706785.021256, sdrt-health/mac:02010b41cdec/antenna/tag/e2806894000050038661fd4f, 83
1652706785.072189, sdrt-health/mac:02010b41cdec/antenna/tag/e2806894000050038662194f, 84
1652706785.134832, sdrt-health/mac:02010b41cdec/antenna/tag/e28068940000400386621d4f, 96
1652706785.135292, sdrt-health/mac:02010b41cdec/antenna/tag/e2806894000050038662154f, 88
1652706785.150425, sdrt-health/mac:02010b41cdec/antenna/tag/e28068940000400386621d4f, 96
1652706785.169179, sdrt-health/mac:02010b41cdec/antenna/tag/e28068940000400386621d4f, 96
1652706785.201119, sdrt-health/mac:02010b41cdec/antenna/tag/e2806894000050038662154f, 88
1652706785.2015, sdrt-health/mac:02010b41cdec/antenna/tag/e2806894000040038662114f, 85
1652706785.216391, sdrt-health/mac:02010b41cdec/antenna/tag/e2806894000040038662114f, 85
1652706785.2166, sdrt-health/mac:02010b41cdec/antenna/tag/e2806894000050038662154f, 88
1652706785.216739, sdrt-health/mac:02010b41cdec/antenna/tag/e2806894000040038662114f, 88
1652706785.250471, sdrt-health/mac:02010b41cdec/antenna/tag/e2806894000050038661fd4f, 83
1652706785.290733, sdrt-health/mac:02010b41cdec/antenna/tag/e2806894000040038662114f, 85
1652706785.321789, sdrt-health/mac:02010b41cdec/antenna/tag/e2806894000050038661fd4f, 83
1652706785.322206, sdrt-health/mac:02010b41cdec/antenna/tag/e28068940000500386620d4f, 81
1652706785.335972, sdrt-health/mac:02010b41cdec/antenna/tag/e28068940000400386621d4f, 96
1652706785.400692, sdrt-health/mac:02010b41cdec/antenna/tag/e2806894000050038662194f, 83
1652706785.440813, sdrt-health/mac:02010b41cdec/antenna/tag/e2806894000050038662194f, 83
1652706785.514328, sdrt-health/mac:02010b41cdec/antenna/tag/e2806894000050038661fd4f, 83
1652706785.514822, sdrt-health/mac:02010b41cdec/antenna/tag/e28068940000400386621d4f, 96
1652706785.553086, sdrt-health/mac:02010b41cdec/antenna/tag/e2806894000050038662154f, 85
1652706785.609601, sdrt-health/mac:02010b41cdec/antenna/tag/e2806894000040038662054f, 88
1652706785.610143, sdrt-health/mac:02010b41cdec/antenna/tag/e2806894000040038662114f, 85
1652706785.651129, sdrt-health/mac:02010b41cdec/antenna/tag/e28068940000400386621d4f, 90
1652706785.69171, sdrt-health/mac:02010b41cdec/antenna/tag/e2806894000050038662154f, 88
1652706785.723493, sdrt-health/mac:02010b41cdec/antenna/tag/e28068940000400386621d4f, 96
1652706785.723815, sdrt-health/mac:02010b41cdec/antenna/tag/e2806894000050038661fd4f, 83
1652706785.737487, sdrt-health/mac:02010b41cdec/antenna/tag/e2806894000050038662154f, 88
1652706785.737692, sdrt-health/mac:02010b41cdec/antenna/tag/e2806894000050038662154f, 85
1652706785.737813, sdrt-health/mac:02010b41cdec/antenna/tag/e2806894000050038661fd4f, 83
1652706785.788945, sdrt-health/mac:02010b41cdec/antenna/tag/e28068940000400386621d4f, 96
1652706785.830521, sdrt-health/mac:02010b41cdec/antenna/tag/e2806894000050038661fd4f, 83
1652706785.904558, sdrt-health/mac:02010b41cdec/antenna/tag/e2806894000040038662114f, 93
1652706785.905099, sdrt-health/mac:02010b41cdec/antenna/tag/e2806894000050038662154f, 85
1652706785.919536, sdrt-health/mac:02010b41cdec/antenna/tag/e2806894000040038662114f, 85
1652706785.945936, sdrt-health/mac:02010b41cdec/antenna/tag/e28068940000400386621d4f, 90
1652706786.021642, sdrt-health/mac:02010b41cdec/antenna/tag/e2806894000050038662154f, 88
1652706786.022204, sdrt-health/mac:02010b41cdec/antenna/tag/e28068940000400386621d4f, 90
1652706786.039792, sdrt-health/mac:02010b41cdec/antenna/tag/e2806894000050038661fd4f, 83
1652706786.040312, sdrt-health/mac:02010b41cdec/antenna/tag/e2806894000050038662154f, 88
1652706786.080229, sdrt-health/mac:02010b41cdec/antenna/tag/e2806894000050038662194f, 81
1652706786.13005, sdrt-health/mac:02010b41cdec/antenna/tag/e28068940000400386621d4f, 90
1652706786.177995, sdrt-health/mac:02010b41cdec/antenna/tag/e2806894000050038661fd4f, 83
1652706786.235136, sdrt-health/mac:02010b41cdec/antenna/tag/e28068940000400386621d4f, 96
1652706786.235587, sdrt-health/mac:02010b41cdec/antenna/tag/e2806894000050038662194f, 81
1652706786.249809, sdrt-health/mac:02010b41cdec/antenna/tag/e2806894000050038661fd4f, 83
1652706786.260352, sdrt-health/mac:02010b41cdec/antenna/tag/e2806894000050038661fd4f, 83
1652706786.264174, sdrt-health/mac:02010b41cdec/antenna/tag/e2806894000050038662154f, 85
1652706786.309217, sdrt-health/mac:02010b41cdec/antenna/tag/e28068940000400386621d4f, 90
1652706786.352426, sdrt-health/mac:02010b41cdec/antenna/tag/e2806894000050038662154f, 88
1652706786.415829, sdrt-health/mac:02010b41cdec/antenna/tag/e28068940000400386621d4f, 90
1652706786.416175, sdrt-health/mac:02010b41cdec/antenna/tag/e2806894000040038662114f, 88
1652706786.416654, sdrt-health/mac:02010b41cdec/antenna/tag/e28068940000400386621d4f, 90
1652706786.431212, sdrt-health/mac:02010b41cdec/antenna/tag/e2806894000050038662154f, 88
1652706786.449933, sdrt-health/mac:02010b41cdec/antenna/tag/e28068940000400386621d4f, 90
1652706786.514702, sdrt-health/mac:02010b41cdec/antenna/tag/e2806894000040038662114f, 88
1652706786.515202, sdrt-health/mac:02010b41cdec/antenna/tag/e28068940000400386621d4f, 90
1652706786.529982, sdrt-health/mac:02010b41cdec/antenna/tag/e28068940000400386621d4f, 90
1652706786.561043, sdrt-health/mac:02010b41cdec/antenna/tag/e2806894000040038662114f, 91
1652706786.561334, sdrt-health/mac:02010b41cdec/antenna/tag/e2806894000040038662114f, 88
1652706786.598919, sdrt-health/mac:02010b41cdec/antenna/tag/e2806894000050038662194f, 81
1652706786.631669, sdrt-health/mac:02010b41cdec/antenna/tag/e2806894000040038662114f, 85
1652706786.632117, sdrt-health/mac:02010b41cdec/antenna/tag/e2806894000040038661f94f, 82
1652706786.633196, sdrt-health/mac:02010b41cdec/antenna/tag/e2806894000040038662114f, 88
1652706786.645572, sdrt-health/mac:02010b41cdec/antenna/tag/e2806894000040038662114f, 88
1652706786.709508, sdrt-health/mac:02010b41cdec/antenna/tag/e2806894000040038662114f, 85
1652706786.749114, sdrt-health/mac:02010b41cdec/antenna/tag/e2806894000050038662154f, 91
1652706786.804248, sdrt-health/mac:02010b41cdec/antenna/tag/e2806894000050038662194f, 84
1652706786.80479, sdrt-health/mac:02010b41cdec/antenna/tag/e2806894000050038661fd4f, 83
1652706786.818785, sdrt-health/mac:02010b41cdec/antenna/tag/e2806894000050038662194f, 81
1652706786.829171, sdrt-health/mac:02010b41cdec/antenna/tag/e2806894000050038661fd4f, 83
1652706786.833799, sdrt-health/mac:02010b41cdec/antenna/tag/e2806894000050038662194f, 81
1652706786.887749, sdrt-health/mac:02010b41cdec/antenna/tag/e2806894000040038662114f, 85
1652706786.944521, sdrt-health/mac:02010b41cdec/antenna/tag/e28068940000400386621d4f, 96
1652706786.94502, sdrt-health/mac:02010b41cdec/antenna/tag/e2806894000040038662114f, 85
1652706786.969584, sdrt-health/mac:02010b41cdec/antenna/tag/e2806894000040038662114f, 88
1652706787.02564, sdrt-health/mac:02010b41cdec/antenna/tag/e28068940000500386620d4f, 87
1652706787.026068, sdrt-health/mac:02010b41cdec/antenna/tag/e2806894000040038662114f, 88
1652706787.040304, sdrt-health/mac:02010b41cdec/antenna/tag/e2806894000050038661fd4f, 83
1652706787.049744, sdrt-health/mac:02010b41cdec/antenna/tag/e28068940000400386621d4f, 90
1652706787.055435, sdrt-health/mac:02010b41cdec/antenna/tag/e2806894000050038662154f, 88
1652706787.119921, sdrt-health/mac:02010b41cdec/antenna/tag/e2806894000050038662154f, 88
1652706787.179436, sdrt-health/mac:02010b41cdec/antenna/tag/e2806894000050038661fd4f, 83
1652706787.232015, sdrt-health/mac:02010b41cdec/antenna/tag/e2806894000040038662114f, 85
1652706787.262311, sdrt-health/mac:02010b41cdec/antenna/tag/e2806894000040038662114f, 85
1652706787.262588, sdrt-health/mac:02010b41cdec/antenna/tag/e2806894000050038662154f, 88
1652706787.277762, sdrt-health/mac:02010b41cdec/antenna/tag/e2806894000040038662114f, 88
1652706787.278106, sdrt-health/mac:02010b41cdec/antenna/tag/e2806894000050038661fd4f, 86
1652706787.32007, sdrt-health/mac:02010b41cdec/antenna/tag/e28068940000400386621d4f, 90
1652706787.38194, sdrt-health/mac:02010b41cdec/antenna/tag/e2806894000040038662114f, 85
1652706787.382405, sdrt-health/mac:02010b41cdec/antenna/tag/e28068940000400386621d4f, 90
1652706787.397433, sdrt-health/mac:02010b41cdec/antenna/tag/e2806894000040038662114f, 88
1652706787.426843, sdrt-health/mac:02010b41cdec/antenna/tag/e28068940000400386621d4f, 90
1652706787.427393, sdrt-health/mac:02010b41cdec/antenna/tag/e2806894000040038662114f, 88
1652706787.458868, sdrt-health/mac:02010b41cdec/antenna/tag/e2806894000050038662154f, 91
1652706787.499732, sdrt-health/mac:02010b41cdec/antenna/tag/e2806894000040038662114f, 88
1652706787.554549, sdrt-health/mac:02010b41cdec/antenna/tag/e28068940000400386621d4f, 96
1652706787.555105, sdrt-health/mac:02010b41cdec/antenna/tag/e2806894000050038662194f, 81
1652706787.569728, sdrt-health/mac:02010b41cdec/antenna/tag/e2806894000050038662194f, 83
1652706787.570215, sdrt-health/mac:02010b41cdec/antenna/tag/e2806894000050038661fd4f, 86
1652706787.609943, sdrt-health/mac:02010b41cdec/antenna/tag/e2806894000050038662154f, 88
1652706787.660398, sdrt-health/mac:02010b41cdec/antenna/tag/e2806894000040038662114f, 88
1652706787.715226, sdrt-health/mac:02010b41cdec/antenna/tag/e2806894000040038662114f, 88
1652706787.715616, sdrt-health/mac:02010b41cdec/antenna/tag/e2806894000050038662154f, 91
1652706787.729481, sdrt-health/mac:02010b41cdec/antenna/tag/e2806894000050038661fd4f, 83
1652706787.739279, sdrt-health/mac:02010b41cdec/antenna/tag/e2806894000050038661fd4f, 83
1652706787.804955, sdrt-health/mac:02010b41cdec/antenna/tag/e2806894000040038662114f, 85
1652706787.865171, sdrt-health/mac:02010b41cdec/antenna/tag/e2806894000040038662114f, 85
1652706787.865668, sdrt-health/mac:02010b41cdec/antenna/tag/e28068940000400386621d4f, 90
1652706787.899533, sdrt-health/mac:02010b41cdec/antenna/tag/e2806894000050038662154f, 88
1652706787.932089, sdrt-health/mac:02010b41cdec/antenna/tag/e2806894000040038662114f, 88
1652706787.932389, sdrt-health/mac:02010b41cdec/antenna/tag/e28068940000500386620d4f, 87
1652706787.947087, sdrt-health/mac:02010b41cdec/antenna/tag/e2806894000050038662154f, 88
1652706787.947355, sdrt-health/mac:02010b41cdec/antenna/tag/e2806894000050038661fd4f, 83
1652706787.991784, sdrt-health/mac:02010b41cdec/antenna/tag/e2806894000050038661fd4f, 83
1652706788.039916, sdrt-health/mac:02010b41cdec/antenna/tag/e2806894000050038662194f, 83
1652706788.089693, sdrt-health/mac:02010b41cdec/antenna/tag/e2806894000050038661fd4f, 83
1652706788.119856, sdrt-health/mac:02010b41cdec/antenna/tag/e2806894000040038662114f, 88
1652706788.120383, sdrt-health/mac:02010b41cdec/antenna/tag/e2806894000040038662114f, 88
1652706788.120932, sdrt-health/mac:02010b41cdec/antenna/tag/e2806894000050038661fd4f, 86
1652706788.137729, sdrt-health/mac:02010b41cdec/antenna/tag/e28068940000500386620d4f, 93
1652706788.213734, sdrt-health/mac:02010b41cdec/antenna/tag/e2806894000050038662154f, 88
1652706788.214271, sdrt-health/mac:02010b41cdec/antenna/tag/e28068940000500386620d4f, 83
1652706788.228762, sdrt-health/mac:02010b41cdec/antenna/tag/e2806894000040038662114f, 91
1652706788.23978, sdrt-health/mac:02010b41cdec/antenna/tag/e2806894000040038662114f, 88
1652706788.280488, sdrt-health/mac:02010b41cdec/antenna/tag/e2806894000050038662154f, 88
1652706788.335181, sdrt-health/mac:02010b41cdec/antenna/tag/e2806894000050038661fd4f, 86
1652706788.335647, sdrt-health/mac:02010b41cdec/antenna/tag/e2806894000040038662114f, 88
1652706788.361261, sdrt-health/mac:02010b41cdec/antenna/tag/e2806894000050038662154f, 91
1652706788.399859, sdrt-health/mac:02010b41cdec/antenna/tag/e2806894000050038662154f, 88
1652706788.440603, sdrt-health/mac:02010b41cdec/antenna/tag/e2806894000050038662154f, 88
1652706788.496447, sdrt-health/mac:02010b41cdec/antenna/tag/e2806894000050038661fd4f, 86
1652706788.497041, sdrt-health/mac:02010b41cdec/antenna/tag/e28068940000400386621d4f, 96
1652706788.511203, sdrt-health/mac:02010b41cdec/antenna/tag/e2806894000050038661fd4f, 86
1652706788.52093, sdrt-health/mac:02010b41cdec/antenna/tag/e2806894000050038661fd4f, 83
1652706788.526173, sdrt-health/mac:02010b41cdec/antenna/tag/e28068940000400386621d4f, 90
1652706788.570022, sdrt-health/mac:02010b41cdec/antenna/tag/e28068940000400386621d4f, 96
1652706788.626724, sdrt-health/mac:02010b41cdec/antenna/tag/e2806894000040038662114f, 85
1652706788.627265, sdrt-health/mac:02010b41cdec/antenna/tag/e2806894000050038661fd4f, 83
1652706788.650528, sdrt-health/mac:02010b41cdec/antenna/tag/e2806894000050038661fd4f, 83
1652706788.68906, sdrt-health/mac:02010b41cdec/antenna/tag/e2806894000040038662114f, 85
1652706788.731532, sdrt-health/mac:02010b41cdec/antenna/tag/e28068940000500386620d4f, 81
1652706788.77906, sdrt-health/mac:02010b41cdec/antenna/tag/e2806894000050038662154f, 88
1652706788.821419, sdrt-health/mac:02010b41cdec/antenna/tag/e28068940000500386620d4f, 83
1652706788.853507, sdrt-health/mac:02010b41cdec/antenna/tag/e2806894000040038662114f, 85
1652706788.85399, sdrt-health/mac:02010b41cdec/antenna/tag/e2806894000040038662114f, 85
1652706788.8901, sdrt-health/mac:02010b41cdec/antenna/tag/e2806894000040038662114f, 91
1652706788.931626, sdrt-health/mac:02010b41cdec/antenna/tag/e2806894000050038662154f, 88
1652706788.963407, sdrt-health/mac:02010b41cdec/antenna/tag/e2806894000050038662154f, 85
1652706788.963736, sdrt-health/mac:02010b41cdec/antenna/tag/e28068940000400386621d4f, 90
1652706788.977902, sdrt-health/mac:02010b41cdec/antenna/tag/e2806894000040038662114f, 88
1652706788.978093, sdrt-health/mac:02010b41cdec/antenna/tag/e2806894000050038662154f, 85
1652706789.022307, sdrt-health/mac:02010b41cdec/antenna/tag/e2806894000050038662154f, 85
1652706789.072102, sdrt-health/mac:02010b41cdec/antenna/tag/e28068940000400386621d4f, 90
1652706789.103263, sdrt-health/mac:02010b41cdec/antenna/tag/e2806894000040038662114f, 91
1652706789.10426, sdrt-health/mac:02010b41cdec/antenna/tag/e28068940000400386621d4f, 90
1652706789.118378, sdrt-health/mac:02010b41cdec/antenna/tag/e2806894000040038662114f, 91
1652706789.118605, sdrt-health/mac:02010b41cdec/antenna/tag/e2806894000040038662114f, 88
1652706789.182705, sdrt-health/mac:02010b41cdec/antenna/tag/e28068940000500386620d4f, 81
1652706789.231108, sdrt-health/mac:02010b41cdec/antenna/tag/e2806894000050038662154f, 85
1652706789.317473, sdrt-health/mac:02010b41cdec/antenna/tag/e2806894000040038662114f, 85
1652706789.317986, sdrt-health/mac:02010b41cdec/antenna/tag/e2806894000040038662114f, 88
1652706789.351397, sdrt-health/mac:02010b41cdec/antenna/tag/e2806894000050038662154f, 88
1652706789.40766, sdrt-health/mac:02010b41cdec/antenna/tag/e28068940000500386620d4f, 81
1652706789.408166, sdrt-health/mac:02010b41cdec/antenna/tag/e2806894000040038662114f, 85
1652706789.438468, sdrt-health/mac:02010b41cdec/antenna/tag/e2806894000050038661fd4f, 83
1652706789.495638, sdrt-health/mac:02010b41cdec/antenna/tag/e28068940000500386620d4f, 87
1652706789.496081, sdrt-health/mac:02010b41cdec/antenna/tag/e28068940000400386621d4f, 90
1652706789.662365, sdrt-health/mac:02010b41cdec/antenna/tag/scan, scan stopped
