1652706635.79212, sdrt-health/mac:02010b41cdec/antenna/power/set, {"power": 290}
1652706636.874043, sdrt-health/mac:02010b41cdec/antenna/power/set, 
1652706640.81343, sdrt-health/mac:02010b41cdec/antenna/tag/scan, {"time": 20000}
1652706641.247133, sdrt-health/mac:02010b41cdec/antenna/tag/e2806894000050038661fd4f, 86
1652706641.286173, sdrt-health/mac:02010b41cdec/antenna/tag/e28068940000400386621d4f, 96
1652706641.325527, sdrt-health/mac:02010b41cdec/antenna/tag/e2806894000050038661fd4f, 83
1652706641.376076, sdrt-health/mac:02010b41cdec/antenna/tag/e2806894000050038662194f, 81
1652706641.42933, sdrt-health/mac:02010b41cdec/antenna/tag/e2806894000050038661fd4f, 86
1652706641.429905, sdrt-health/mac:02010b41cdec/antenna/tag/e2806894000050038662154f, 97
1652706641.443094, sdrt-health/mac:02010b41cdec/antenna/tag/e2806894000050038662154f, 88
1652706641.455091, sdrt-health/mac:02010b41cdec/antenna/tag/e2806894000050038661fd4f, 83
1652706641.457094, sdrt-health/mac:02010b41cdec/antenna/tag/e2806894000050038662154f, 85
1652706641.504616, sdrt-health/mac:02010b41cdec/antenna/tag/e2806894000050038662154f, 88
1652706641.505331, sdrt-health/mac:02010b41cdec/antenna/tag/e2806894000050038661fd4f, 83
1652706641.546526, sdrt-health/mac:02010b41cdec/antenna/tag/e2806894000040038662114f, 88
1652706641.596191, sdrt-health/mac:02010b41cdec/antenna/tag/e2806894000040038662114f, 91
1652706641.596789, sdrt-health/mac:02010b41cdec/antenna/tag/e2806894000050038661fd4f, 83
1652706641.609083, sdrt-health/mac:02010b41cdec/antenna/tag/e28068940000500386620d4f, 88
1652706641.624956, sdrt-health/mac:02010b41cdec/antenna/tag/e2806894000050038661fd4f, 83
1652706641.685834, sdrt-health/mac:02010b41cdec/antenna/tag/e28068940000500386620d4f, 81
1652706641.725455, sdrt-health/mac:02010b41cdec/antenna/tag/e28068940000400386621d4f, 77
1652706641.831205, sdrt-health/mac:02010b41cdec/antenna/tag/e28068940000500386620d4f, 94
1652706641.831801, sdrt-health/mac:02010b41cdec/antenna/tag/e2806894000040038662114f, 88
1652706641.864285, sdrt-health/mac:02010b41cdec/antenna/tag/e2806894000050038662154f, 97
1652706641.930569, sdrt-health/mac:02010b41cdec/antenna/tag/e2806894000050038661fd4f, 83
1652706641.931049, sdrt-health/mac:02010b41cdec/antenna/tag/e2806894000050038662154f, 91
1652706641.94702, sdrt-health/mac:02010b41cdec/antenna/tag/e28068940000400386621d4f, 90
1652706641.992522, sdrt-health/mac:02010b41cdec/antenna/tag/e2806894000050038662154f, 88
1652706641.992952, sdrt-health/mac:02010b41cdec/antenna/tag/e2806894000050038662154f, 88
1652706642.135981, sdrt-health/mac:02010b41cdec/antenna/tag/e28068940000400386621d4f, 90
1652706642.194918, sdrt-health/mac:02010b41cdec/antenna/tag/e28068940000400386621d4f, 96
1652706642.23489, sdrt-health/mac:02010b41cdec/antenna/tag/e2806894000050038662194f, 81
1652706642.275755, sdrt-health/mac:02010b41cdec/antenna/tag/e2806894000050038662154f, 91
1652706642.316145, sdrt-health/mac:02010b41cdec/antenna/tag/e28068940000400386621d4f, 96
1652706642.357323, sdrt-health/mac:02010b41cdec/antenna/tag/e2806894000040038662114f, 85
1652706642.385231, sdrt-health/mac:02010b41cdec/antenna/tag/e28068940000400386621d4f, 77
1652706642.385489, sdrt-health/mac:02010b41cdec/antenna/tag/e2806894000050038662154f, 88
1652706642.385675, sdrt-health/mac:02010b41cdec/antenna/tag/e2806894000050038662194f, 81
1652706642.399314, sdrt-health/mac:02010b41cdec/antenna/tag/e28068940000400386621d4f, 96
1652706642.435736, sdrt-health/mac:02010b41cdec/antenna/tag/e2806894000050038662154f, 85
1652706642.490471, sdrt-health/mac:02010b41cdec/antenna/tag/e2806894000040038662114f, 85
1652706642.490933, sdrt-health/mac:02010b41cdec/antenna/tag/e2806894000050038662154f, 88
1652706642.504853, sdrt-health/mac:02010b41cdec/antenna/tag/e2806894000050038661fd4f, 86
1652706642.515782, sdrt-health/mac:02010b41cdec/antenna/tag/e2806894000050038662154f, 91
1652706642.554718, sdrt-health/mac:02010b41cdec/antenna/tag/e2806894000050038662154f, 88
1652706642.595785, sdrt-health/mac:02010b41cdec/antenna/tag/e2806894000050038661fd4f, 83
1652706642.658239, sdrt-health/mac:02010b41cdec/antenna/tag/e2806894000050038662154f, 88
1652706642.658689, sdrt-health/mac:02010b41cdec/antenna/tag/e2806894000050038661fd4f, 86
1652706642.671418, sdrt-health/mac:02010b41cdec/antenna/tag/e28068940000400386621d4f, 90
1652706642.692731, sdrt-health/mac:02010b41cdec/antenna/tag/e2806894000040038662114f, 91
1652706642.749538, sdrt-health/mac:02010b41cdec/antenna/tag/e2806894000050038662194f, 82
1652706642.749999, sdrt-health/mac:02010b41cdec/antenna/tag/e28068940000500386620d4f, 81
1652706642.776839, sdrt-health/mac:02010b41cdec/antenna/tag/e28068940000500386620d4f, 81
1652706642.83067, sdrt-health/mac:02010b41cdec/antenna/tag/e2806894000050038662194f, 81
1652706642.831105, sdrt-health/mac:02010b41cdec/antenna/tag/e28068940000400386621d4f, 96
1652706642.855095, sdrt-health/mac:02010b41cdec/antenna/tag/e28068940000400386621d4f, 96
1652706642.855996, sdrt-health/mac:02010b41cdec/antenna/tag/e28068940000500386620d4f, 84
1652706642.901343, sdrt-health/mac:02010b41cdec/antenna/tag/e2806894000050038661fd4f, 83
1652706642.944774, sdrt-health/mac:02010b41cdec/antenna/tag/e2806894000040038662114f, 85
1652706642.986681, sdrt-health/mac:02010b41cdec/antenna/tag/e28068940000500386620d4f, 94
1652706643.034653, sdrt-health/mac:02010b41cdec/antenna/tag/e2806894000050038662194f, 83
1652706643.12493, sdrt-health/mac:02010b41cdec/antenna/tag/e2806894000050038662154f, 88
1652706643.166742, sdrt-health/mac:02010b41cdec/antenna/tag/e28068940000400386621d4f, 96
1652706643.228577, sdrt-health/mac:02010b41cdec/antenna/tag/e2806894000040038662114f, 85
1652706643.22901, sdrt-health/mac:02010b41cdec/antenna/tag/e2806894000050038662154f, 88
1652706643.24457, sdrt-health/mac:02010b41cdec/antenna/tag/e28068940000400386621d4f, 96
1652706643.276204, sdrt-health/mac:02010b41cdec/antenna/tag/e28068940000400386621d4f, 96
1652706643.277077, sdrt-health/mac:02010b41cdec/antenna/tag/e2806894000040038662114f, 88
1652706643.325061, sdrt-health/mac:02010b41cdec/antenna/tag/e28068940000400386621d4f, 77
1652706643.438034, sdrt-health/mac:02010b41cdec/antenna/tag/e28068940000400386621d4f, 96
1652706643.438579, sdrt-health/mac:02010b41cdec/antenna/tag/e28068940000400386621d4f, 96
1652706643.482799, sdrt-health/mac:02010b41cdec/antenna/tag/e2806894000040038662114f, 85
1652706643.538088, sdrt-health/mac:02010b41cdec/antenna/tag/e28068940000400386621d4f, 96
1652706643.567477, sdrt-health/mac:02010b41cdec/antenna/tag/e2806894000040038662114f, 88
1652706643.567927, sdrt-health/mac:02010b41cdec/antenna/tag/e28068940000400386621d4f, 90
1652706643.582927, sdrt-health/mac:02010b41cdec/antenna/tag/e28068940000500386620d4f, 88
1652706643.645836, sdrt-health/mac:02010b41cdec/antenna/tag/e2806894000040038662114f, 91
1652706643.716082, sdrt-health/mac:02010b41cdec/antenna/tag/e2806894000050038662154f, 88
1652706643.765363, sdrt-health/mac:02010b41cdec/antenna/tag/e2806894000050038662154f, 88
1652706643.805508, sdrt-health/mac:02010b41cdec/antenna/tag/e2806894000040038662114f, 88
1652706643.846582, sdrt-health/mac:02010b41cdec/antenna/tag/e2806894000050038661fd4f, 83
1652706643.917126, sdrt-health/mac:02010b41cdec/antenna/tag/e28068940000400386621d4f, 96
1652706643.917668, sdrt-health/mac:02010b41cdec/antenna/tag/e28068940000400386621d4f, 96
1652706643.945135, sdrt-health/mac:02010b41cdec/antenna/tag/e28068940000400386621d4f, 77
1652706644.020956, sdrt-health/mac:02010b41cdec/antenna/tag/e2806894000050038662194f, 83
1652706644.021503, sdrt-health/mac:02010b41cdec/antenna/tag/e28068940000400386621d4f, 77
1652706644.101358, sdrt-health/mac:02010b41cdec/antenna/tag/e28068940000400386621d4f, 96
1652706644.134695, sdrt-health/mac:02010b41cdec/antenna/tag/e2806894000050038661fd4f, 86
1652706644.135095, sdrt-health/mac:02010b41cdec/antenna/tag/e28068940000400386621d4f, 96
1652706644.135422, sdrt-health/mac:02010b41cdec/antenna/tag/e2806894000040038662114f, 88
1652706644.169057, sdrt-health/mac:02010b41cdec/antenna/tag/e2806894000050038661fd4f, 83
1652706644.218424, sdrt-health/mac:02010b41cdec/antenna/tag/e2806894000040038662114f, 88
1652706644.259857, sdrt-health/mac:02010b41cdec/antenna/tag/e2806894000050038661fd4f, 86
1652706644.330869, sdrt-health/mac:02010b41cdec/antenna/tag/e2806894000050038662154f, 88
1652706644.331396, sdrt-health/mac:02010b41cdec/antenna/tag/e2806894000040038662114f, 85
1652706644.359259, sdrt-health/mac:02010b41cdec/antenna/tag/e28068940000500386620d4f, 87
1652706644.452178, sdrt-health/mac:02010b41cdec/antenna/tag/e2806894000040038662114f, 88
1652706644.452644, sdrt-health/mac:02010b41cdec/antenna/tag/e2806894000050038661fd4f, 86
1652706644.487411, sdrt-health/mac:02010b41cdec/antenna/tag/e28068940000500386620d4f, 87
1652706644.537843, sdrt-health/mac:02010b41cdec/antenna/tag/e28068940000500386620d4f, 94
1652706644.612997, sdrt-health/mac:02010b41cdec/antenna/tag/e2806894000050038661fd4f, 86
1652706644.613466, sdrt-health/mac:02010b41cdec/antenna/tag/e2806894000050038661fd4f, 86
1652706644.626423, sdrt-health/mac:02010b41cdec/antenna/tag/e2806894000050038662154f, 91
1652706644.653092, sdrt-health/mac:02010b41cdec/antenna/tag/e2806894000040038662114f, 88
1652706644.653416, sdrt-health/mac:02010b41cdec/antenna/tag/e2806894000050038661fd4f, 83
1652706644.679783, sdrt-health/mac:02010b41cdec/antenna/tag/e2806894000040038662114f, 88
1652706644.739262, sdrt-health/mac:02010b41cdec/antenna/tag/e2806894000050038662154f, 91
1652706644.769196, sdrt-health/mac:02010b41cdec/antenna/tag/e28068940000400386621d4f, 90
1652706644.769672, sdrt-health/mac:02010b41cdec/antenna/tag/e2806894000050038662154f, 88
1652706644.79759, sdrt-health/mac:02010b41cdec/antenna/tag/e2806894000040038662114f, 91
1652706644.850598, sdrt-health/mac:02010b41cdec/antenna/tag/e2806894000040038662114f, 88
1652706644.914431, sdrt-health/mac:02010b41cdec/antenna/tag/e2806894000050038662154f, 85
1652706644.914697, sdrt-health/mac:02010b41cdec/antenna/tag/e28068940000400386621d4f, 77
1652706644.93962, sdrt-health/mac:02010b41cdec/antenna/tag/e28068940000400386621d4f, 90
1652706644.940048, sdrt-health/mac:02010b41cdec/antenna/tag/e2806894000050038662154f, 91
1652706644.978559, sdrt-health/mac:02010b41cdec/antenna/tag/e2806894000050038661fd4f, 83
1652706645.019304, sdrt-health/mac:02010b41cdec/antenna/tag/e28068940000500386620d4f, 87
1652706645.05909, sdrt-health/mac:02010b41cdec/antenna/tag/e2806894000050038662154f, 88
1652706645.108926, sdrt-health/mac:02010b41cdec/antenna/tag/e2806894000050038661fd4f, 86
1652706645.150695, sdrt-health/mac:02010b41cdec/antenna/tag/e28068940000400386621d4f, 90
1652706645.179108, sdrt-health/mac:02010b41cdec/antenna/tag/e2806894000040038662114f, 91
1652706645.179391, sdrt-health/mac:02010b41cdec/antenna/tag/e2806894000050038662194f, 94
1652706645.207703, sdrt-health/mac:02010b41cdec/antenna/tag/e2806894000050038661fd4f, 86
1652706645.24932, sdrt-health/mac:02010b41cdec/antenna/tag/e2806894000050038662154f, 88
1652706645.314968, sdrt-health/mac:02010b41cdec/antenna/tag/e28068940000400386621d4f, 90
1652706645.315451, sdrt-health/mac:02010b41cdec/antenna/tag/e2806894000050038662154f, 88
1652706645.329334, sdrt-health/mac:02010b41cdec/antenna/tag/e2806894000050038662154f, 88
1652706645.400884, sdrt-health/mac:02010b41cdec/antenna/tag/e2806894000050038662154f, 85
1652706645.428927, sdrt-health/mac:02010b41cdec/antenna/tag/e28068940000500386620d4f, 83
1652706645.429119, sdrt-health/mac:02010b41cdec/antenna/tag/e28068940000400386621d4f, 96
1652706645.441865, sdrt-health/mac:02010b41cdec/antenna/tag/e2806894000050038661fd4f, 83
1652706645.442114, sdrt-health/mac:02010b41cdec/antenna/tag/e2806894000040038662114f, 88
1652706645.442236, sdrt-health/mac:02010b41cdec/antenna/tag/e2806894000050038661fd4f, 83
1652706645.442355, sdrt-health/mac:02010b41cdec/antenna/tag/e2806894000050038662154f, 88
1652706645.490033, sdrt-health/mac:02010b41cdec/antenna/tag/e2806894000050038662154f, 91
1652706645.560429, sdrt-health/mac:02010b41cdec/antenna/tag/e2806894000050038662154f, 91
1652706645.560889, sdrt-health/mac:02010b41cdec/antenna/tag/e28068940000400386621d4f, 96
1652706645.574841, sdrt-health/mac:02010b41cdec/antenna/tag/e2806894000050038662154f, 88
1652706645.590447, sdrt-health/mac:02010b41cdec/antenna/tag/e28068940000500386620d4f, 87
1652706645.650871, sdrt-health/mac:02010b41cdec/antenna/tag/e28068940000400386621d4f, 96
1652706645.680564, sdrt-health/mac:02010b41cdec/antenna/tag/e2806894000050038662154f, 88
1652706645.680807, sdrt-health/mac:02010b41cdec/antenna/tag/e28068940000500386620d4f, 93
1652706645.681048, sdrt-health/mac:02010b41cdec/antenna/tag/e2806894000040038662114f, 85
1652706645.718455, sdrt-health/mac:02010b41cdec/antenna/tag/e28068940000400386621d4f, 77
1652706645.768373, sdrt-health/mac:02010b41cdec/antenna/tag/e2806894000040038662114f, 88
1652706645.768842, sdrt-health/mac:02010b41cdec/antenna/tag/e28068940000500386620d4f, 81
1652706645.783475, sdrt-health/mac:02010b41cdec/antenna/tag/e2806894000050038662154f, 85
1652706645.809075, sdrt-health/mac:02010b41cdec/antenna/tag/e2806894000050038662154f, 88
1652706645.861426, sdrt-health/mac:02010b41cdec/antenna/tag/e28068940000500386620d4f, 87
1652706645.902571, sdrt-health/mac:02010b41cdec/antenna/tag/e2806894000050038661fd4f, 83
1652706645.97673, sdrt-health/mac:02010b41cdec/antenna/tag/e28068940000400386621d4f, 96
1652706645.977325, sdrt-health/mac:02010b41cdec/antenna/tag/e2806894000040038662114f, 88
1652706645.990554, sdrt-health/mac:02010b41cdec/antenna/tag/e2806894000050038661fd4f, 86
1652706646.019916, sdrt-health/mac:02010b41cdec/antenna/tag/e28068940000500386620d4f, 81
1652706646.061235, sdrt-health/mac:02010b41cdec/antenna/tag/e28068940000500386620d4f, 81
1652706646.121422, sdrt-health/mac:02010b41cdec/antenna/tag/e2806894000050038661fd4f, 86
1652706646.121938, sdrt-health/mac:02010b41cdec/antenna/tag/e2806894000050038661fd4f, 86
1652706646.151515, sdrt-health/mac:02010b41cdec/antenna/tag/e28068940000500386620d4f, 81
1652706646.204077, sdrt-health/mac:02010b41cdec/antenna/tag/e28068940000400386621d4f, 96
1652706646.204619, sdrt-health/mac:02010b41cdec/antenna/tag/e2806894000040038662114f, 91
1652706646.218278, sdrt-health/mac:02010b41cdec/antenna/tag/e2806894000050038661fd4f, 86
1652706646.225625, sdrt-health/mac:02010b41cdec/antenna/tag/e2806894000040038662114f, 85
1652706646.231056, sdrt-health/mac:02010b41cdec/antenna/tag/e2806894000050038661fd4f, 83
1652706646.289449, sdrt-health/mac:02010b41cdec/antenna/tag/e28068940000400386621d4f, 77
1652706646.329902, sdrt-health/mac:02010b41cdec/antenna/tag/e2806894000040038662114f, 85
1652706646.395936, sdrt-health/mac:02010b41cdec/antenna/tag/e2806894000050038662154f, 88
1652706646.454453, sdrt-health/mac:02010b41cdec/antenna/tag/e2806894000040038662114f, 88
1652706646.454826, sdrt-health/mac:02010b41cdec/antenna/tag/e2806894000050038662154f, 88
1652706646.469167, sdrt-health/mac:02010b41cdec/antenna/tag/e2806894000050038662154f, 91
1652706646.479426, sdrt-health/mac:02010b41cdec/antenna/tag/e28068940000400386621d4f, 96
1652706646.531028, sdrt-health/mac:02010b41cdec/antenna/tag/e28068940000400386621d4f, 96
1652706646.604073, sdrt-health/mac:02010b41cdec/antenna/tag/e2806894000050038662154f, 91
1652706646.604577, sdrt-health/mac:02010b41cdec/antenna/tag/e2806894000050038662154f, 88
1652706646.619836, sdrt-health/mac:02010b41cdec/antenna/tag/e28068940000500386620d4f, 81
1652706646.624084, sdrt-health/mac:02010b41cdec/antenna/tag/e28068940000500386620d4f, 88
1652706646.635365, sdrt-health/mac:02010b41cdec/antenna/tag/e28068940000500386620d4f, 83
1652706646.670747, sdrt-health/mac:02010b41cdec/antenna/tag/e2806894000050038662194f, 81
1652706646.727999, sdrt-health/mac:02010b41cdec/antenna/tag/e28068940000500386620d4f, 81
1652706646.783213, sdrt-health/mac:02010b41cdec/antenna/tag/e2806894000050038661fd4f, 83
1652706646.783562, sdrt-health/mac:02010b41cdec/antenna/tag/e2806894000040038662114f, 85
1652706646.81941, sdrt-health/mac:02010b41cdec/antenna/tag/e28068940000500386620d4f, 81
1652706646.889343, sdrt-health/mac:02010b41cdec/antenna/tag/e28068940000500386620d4f, 93
1652706646.929427, sdrt-health/mac:02010b41cdec/antenna/tag/e2806894000050038661fd4f, 83
1652706646.970116, sdrt-health/mac:02010b41cdec/antenna/tag/e28068940000500386620d4f, 87
1652706647.018572, sdrt-health/mac:02010b41cdec/antenna/tag/e2806894000050038661fd4f, 86
1652706647.059613, sdrt-health/mac:02010b41cdec/antenna/tag/e28068940000400386621d4f, 96
1652706647.100235, sdrt-health/mac:02010b41cdec/antenna/tag/e28068940000400386621d4f, 90
1652706647.16292, sdrt-health/mac:02010b41cdec/antenna/tag/e2806894000050038662154f, 88
1652706647.163425, sdrt-health/mac:02010b41cdec/antenna/tag/e2806894000050038662154f, 88
1652706647.199907, sdrt-health/mac:02010b41cdec/antenna/tag/e2806894000050038662194f, 81
1652706647.240871, sdrt-health/mac:02010b41cdec/antenna/tag/e2806894000040038662114f, 91
1652706647.241925, sdrt-health/mac:02010b41cdec/antenna/tag/e2806894000050038662154f, 91
1652706647.254556, sdrt-health/mac:02010b41cdec/antenna/tag/e2806894000050038662194f, 94
1652706647.279846, sdrt-health/mac:02010b41cdec/antenna/tag/e2806894000050038662194f, 81
1652706647.336651, sdrt-health/mac:02010b41cdec/antenna/tag/e2806894000050038662154f, 85
1652706647.337409, sdrt-health/mac:02010b41cdec/antenna/tag/e2806894000050038661fd4f, 86
1652706647.351838, sdrt-health/mac:02010b41cdec/antenna/tag/e2806894000050038662154f, 85
1652706647.358535, sdrt-health/mac:02010b41cdec/antenna/tag/e28068940000500386620d4f, 88
1652706647.399478, sdrt-health/mac:02010b41cdec/antenna/tag/e2806894000040038662114f, 91
1652706647.447943, sdrt-health/mac:02010b41cdec/antenna/tag/e2806894000040038662114f, 91
1652706647.490491, sdrt-health/mac:02010b41cdec/antenna/tag/e2806894000050038662154f, 88
1652706647.53793, sdrt-health/mac:02010b41cdec/antenna/tag/e2806894000050038662154f, 88
1652706647.593955, sdrt-health/mac:02010b41cdec/antenna/tag/e28068940000400386621d4f, 90
1652706647.594503, sdrt-health/mac:02010b41cdec/antenna/tag/e2806894000040038662114f, 85
1652706647.607643, sdrt-health/mac:02010b41cdec/antenna/tag/e2806894000050038661fd4f, 86
1652706647.620747, sdrt-health/mac:02010b41cdec/antenna/tag/e28068940000400386621d4f, 90
1652706647.621167, sdrt-health/mac:02010b41cdec/antenna/tag/e2806894000050038662154f, 88
1652706647.621486, sdrt-health/mac:02010b41cdec/antenna/tag/e2806894000050038662154f, 91
1652706647.669383, sdrt-health/mac:02010b41cdec/antenna/tag/e2806894000040038662114f, 85
1652706647.719239, sdrt-health/mac:02010b41cdec/antenna/tag/e2806894000050038662194f, 83
1652706647.790585, sdrt-health/mac:02010b41cdec/antenna/tag/e2806894000050038661fd4f, 83
1652706647.791047, sdrt-health/mac:02010b41cdec/antenna/tag/e2806894000050038662154f, 88
1652706647.805169, sdrt-health/mac:02010b41cdec/antenna/tag/e2806894000050038662154f, 97
1652706647.842111, sdrt-health/mac:02010b41cdec/antenna/tag/e28068940000400386621d4f, 96
1652706647.84242, sdrt-health/mac:02010b41cdec/antenna/tag/e2806894000050038661fd4f, 83
1652706647.855157, sdrt-health/mac:02010b41cdec/antenna/tag/e2806894000050038662154f, 88
1652706647.869741, sdrt-health/mac:02010b41cdec/antenna/tag/e2806894000040038662114f, 88
1652706647.943019, sdrt-health/mac:02010b41cdec/antenna/tag/e2806894000050038662194f, 81
1652706647.943539, sdrt-health/mac:02010b41cdec/antenna/tag/e2806894000050038662194f, 82
1652706647.968865, sdrt-health/mac:02010b41cdec/antenna/tag/e2806894000050038661fd4f, 83
1652706648.018359, sdrt-health/mac:02010b41cdec/antenna/tag/e2806894000040038662114f, 91
1652706648.045508, sdrt-health/mac:02010b41cdec/antenna/tag/e2806894000050038661fd4f, 83
1652706648.045712, sdrt-health/mac:02010b41cdec/antenna/tag/e28068940000400386621d4f, 77
1652706648.101269, sdrt-health/mac:02010b41cdec/antenna/tag/e28068940000500386620d4f, 88
1652706648.140357, sdrt-health/mac:02010b41cdec/antenna/tag/e2806894000040038662114f, 85
1652706648.194413, sdrt-health/mac:02010b41cdec/antenna/tag/e2806894000050038662194f, 83
1652706648.194887, sdrt-health/mac:02010b41cdec/antenna/tag/e28068940000400386621d4f, 77
1652706648.215527, sdrt-health/mac:02010b41cdec/antenna/tag/e2806894000040038662114f, 85
1652706648.259122, sdrt-health/mac:02010b41cdec/antenna/tag/e28068940000500386620d4f, 83
1652706648.31999, sdrt-health/mac:02010b41cdec/antenna/tag/e28068940000400386621d4f, 77
1652706648.371319, sdrt-health/mac:02010b41cdec/antenna/tag/e2806894000050038662194f, 81
1652706648.424563, sdrt-health/mac:02010b41cdec/antenna/tag/e28068940000400386621d4f, 96
1652706648.425132, sdrt-health/mac:02010b41cdec/antenna/tag/e2806894000050038662194f, 81
1652706648.439754, sdrt-health/mac:02010b41cdec/antenna/tag/e2806894000050038662154f, 85
1652706648.520553, sdrt-health/mac:02010b41cdec/antenna/tag/e2806894000050038661fd4f, 83
1652706648.578937, sdrt-health/mac:02010b41cdec/antenna/tag/e2806894000050038662154f, 88
1652706648.637465, sdrt-health/mac:02010b41cdec/antenna/tag/e2806894000050038662154f, 88
1652706648.678748, sdrt-health/mac:02010b41cdec/antenna/tag/e28068940000400386621d4f, 90
1652706648.721255, sdrt-health/mac:02010b41cdec/antenna/tag/e2806894000050038661fd4f, 86
1652706648.749993, sdrt-health/mac:02010b41cdec/antenna/tag/e28068940000400386621d4f, 90
1652706648.750224, sdrt-health/mac:02010b41cdec/antenna/tag/e28068940000400386621d4f, 90
1652706648.76438, sdrt-health/mac:02010b41cdec/antenna/tag/e2806894000050038662154f, 88
1652706648.800135, sdrt-health/mac:02010b41cdec/antenna/tag/e2806894000050038662194f, 87
1652706648.849324, sdrt-health/mac:02010b41cdec/antenna/tag/e28068940000400386621d4f, 77
1652706648.920767, sdrt-health/mac:02010b41cdec/antenna/tag/e2806894000050038662194f, 81
1652706648.974468, sdrt-health/mac:02010b41cdec/antenna/tag/e2806894000050038662154f, 88
1652706648.974922, sdrt-health/mac:02010b41cdec/antenna/tag/e2806894000050038661fd4f, 86
1652706649.000757, sdrt-health/mac:02010b41cdec/antenna/tag/e2806894000050038661fd4f, 86
1652706649.052335, sdrt-health/mac:02010b41cdec/antenna/tag/e28068940000500386620d4f, 81
1652706649.052885, sdrt-health/mac:02010b41cdec/antenna/tag/e2806894000050038661fd4f, 86
1652706649.066958, sdrt-health/mac:02010b41cdec/antenna/tag/e2806894000040038662114f, 88
1652706649.120792, sdrt-health/mac:02010b41cdec/antenna/tag/e2806894000050038662154f, 88
1652706649.167906, sdrt-health/mac:02010b41cdec/antenna/tag/e2806894000040038662114f, 91
1652706649.168373, sdrt-health/mac:02010b41cdec/antenna/tag/e2806894000050038662154f, 88
1652706649.210435, sdrt-health/mac:02010b41cdec/antenna/tag/e2806894000040038662114f, 91
1652706649.250517, sdrt-health/mac:02010b41cdec/antenna/tag/e2806894000040038662114f, 85
1652706649.289882, sdrt-health/mac:02010b41cdec/antenna/tag/e2806894000040038662114f, 88
1652706649.360541, sdrt-health/mac:02010b41cdec/antenna/tag/e28068940000400386621d4f, 96
1652706649.399083, sdrt-health/mac:02010b41cdec/antenna/tag/e2806894000050038662194f, 87
1652706649.44121, sdrt-health/mac:02010b41cdec/antenna/tag/e2806894000050038662194f, 94
1652706649.50548, sdrt-health/mac:02010b41cdec/antenna/tag/e28068940000400386621d4f, 96
1652706649.506016, sdrt-health/mac:02010b41cdec/antenna/tag/e2806894000050038662194f, 83
1652706649.547379, sdrt-health/mac:02010b41cdec/antenna/tag/e28068940000500386620d4f, 82
1652706649.57621, sdrt-health/mac:02010b41cdec/antenna/tag/e28068940000400386621d4f, 96
1652706649.576508, sdrt-health/mac:02010b41cdec/antenna/tag/e28068940000400386621d4f, 77
1652706649.58995, sdrt-health/mac:02010b41cdec/antenna/tag/e2806894000040038662114f, 85
1652706649.648079, sdrt-health/mac:02010b41cdec/antenna/tag/e2806894000040038662114f, 88
1652706649.68989, sdrt-health/mac:02010b41cdec/antenna/tag/e2806894000050038662154f, 88
1652706649.751503, sdrt-health/mac:02010b41cdec/antenna/tag/e28068940000500386620d4f, 87
1652706649.752019, sdrt-health/mac:02010b41cdec/antenna/tag/e2806894000050038661fd4f, 83
1652706649.772507, sdrt-health/mac:02010b41cdec/antenna/tag/e28068940000400386621d4f, 96
1652706649.820515, sdrt-health/mac:02010b41cdec/antenna/tag/e2806894000050038661fd4f, 83
1652706649.900257, sdrt-health/mac:02010b41cdec/antenna/tag/e28068940000500386620d4f, 81
1652706649.947466, sdrt-health/mac:02010b41cdec/antenna/tag/e28068940000500386620d4f, 81
1652706650.070662, sdrt-health/mac:02010b41cdec/antenna/tag/e28068940000500386620d4f, 81
1652706650.071158, sdrt-health/mac:02010b41cdec/antenna/tag/e2806894000050038662154f, 85
1652706650.109843, sdrt-health/mac:02010b41cdec/antenna/tag/e28068940000400386621d4f, 96
1652706650.150718, sdrt-health/mac:02010b41cdec/antenna/tag/e28068940000400386621d4f, 96
1652706650.202295, sdrt-health/mac:02010b41cdec/antenna/tag/e2806894000050038662194f, 83
1652706650.241231, sdrt-health/mac:02010b41cdec/antenna/tag/e2806894000050038662154f, 91
1652706650.341626, sdrt-health/mac:02010b41cdec/antenna/tag/e28068940000500386620d4f, 83
1652706650.342064, sdrt-health/mac:02010b41cdec/antenna/tag/e2806894000050038662154f, 88
1652706650.342429, sdrt-health/mac:02010b41cdec/antenna/tag/e28068940000500386620d4f, 93
1652706650.342748, sdrt-health/mac:02010b41cdec/antenna/tag/e2806894000050038662154f, 88
1652706650.377737, sdrt-health/mac:02010b41cdec/antenna/tag/e2806894000040038662114f, 88
1652706650.429751, sdrt-health/mac:02010b41cdec/antenna/tag/e28068940000500386620d4f, 88
1652706650.488643, sdrt-health/mac:02010b41cdec/antenna/tag/e2806894000050038662154f, 85
1652706650.489155, sdrt-health/mac:02010b41cdec/antenna/tag/e28068940000500386620d4f, 83
1652706650.503001, sdrt-health/mac:02010b41cdec/antenna/tag/e28068940000400386621d4f, 77
1652706650.519621, sdrt-health/mac:02010b41cdec/antenna/tag/e28068940000500386620d4f, 88
1652706650.560621, sdrt-health/mac:02010b41cdec/antenna/tag/e28068940000500386620d4f, 87
1652706650.614592, sdrt-health/mac:02010b41cdec/antenna/tag/e2806894000050038662154f, 88
1652706650.615104, sdrt-health/mac:02010b41cdec/antenna/tag/e28068940000400386621d4f, 96
1652706650.650755, sdrt-health/mac:02010b41cdec/antenna/tag/e2806894000050038662154f, 91
1652706650.70112, sdrt-health/mac:02010b41cdec/antenna/tag/e2806894000040038662114f, 88
1652706650.731496, sdrt-health/mac:02010b41cdec/antenna/tag/e28068940000400386621d4f, 96
1652706650.731708, sdrt-health/mac:02010b41cdec/antenna/tag/e2806894000050038661fd4f, 83
1652706650.800324, sdrt-health/mac:02010b41cdec/antenna/state, connected
1652706650.800991, sdrt-health/mac:02010b41cdec/fw, {"version":"1.8.1","model":"200","hash":"2f556501b58f1dad542af428d7928d18","timestamp":1652706647}
1652706650.816049, sdrt-health/mac:02010b41cdec/antenna/tag/e2806894000040038662114f, 91
1652706650.856332, sdrt-health/mac:02010b41cdec/antenna/tag/e2806894000050038662154f, 91
1652706650.887158, sdrt-health/mac:02010b41cdec/antenna/tag/e28068940000500386620d4f, 87
1652706650.887623, sdrt-health/mac:02010b41cdec/antenna/tag/e28068940000400386621d4f, 90
1652706650.888075, sdrt-health/mac:02010b41cdec/antenna/tag/e2806894000050038661fd4f, 83
1652706650.888564, sdrt-health/mac:02010b41cdec/antenna/tag/e2806894000050038661fd4f, 83
1652706650.902286, sdrt-health/mac:02010b41cdec/antenna/tag/e28068940000400386621d4f, 90
1652706650.942677, sdrt-health/mac:02010b41cdec/antenna/tag/e28068940000500386620d4f, 83
1652706650.997473, sdrt-health/mac:02010b41cdec/antenna/tag/e28068940000400386621d4f, 90
1652706650.998025, sdrt-health/mac:02010b41cdec/antenna/tag/e2806894000040038662114f, 88
1652706651.01177, sdrt-health/mac:02010b41cdec/antenna/tag/e28068940000500386620d4f, 83
1652706651.030287, sdrt-health/mac:02010b41cdec/antenna/tag/e2806894000050038661fd4f, 83
1652706651.080346, sdrt-health/mac:02010b41cdec/antenna/tag/e28068940000500386620d4f, 87
1652706651.112028, sdrt-health/mac:02010b41cdec/antenna/tag/e2806894000050038661fd4f, 83
1652706651.112411, sdrt-health/mac:02010b41cdec/antenna/tag/e2806894000050038661fd4f, 83
1652706651.127463, sdrt-health/mac:02010b41cdec/antenna/tag/e28068940000500386620d4f, 81
1652706651.12769, sdrt-health/mac:02010b41cdec/antenna/version, h@bO
1652706651.161014, sdrt-health/mac:02010b41cdec/antenna/tag/e2806894000050038661fd4f, 86
1652706651.19931, sdrt-health/mac:02010b41cdec/antenna/tag/e2806894000050038661fd4f, 83
1652706651.255916, sdrt-health/mac:02010b41cdec/antenna/tag/e2806894000040038662114f, 88
1652706651.256262, sdrt-health/mac:02010b41cdec/antenna/tag/e28068940000500386620d4f, 87
1652706651.270825, sdrt-health/mac:02010b41cdec/antenna/tag/e28068940000400386621d4f, 90
1652706651.271046, sdrt-health/mac:02010b41cdec/antenna/tag/e28068940000500386620d4f, 83
1652706651.271187, sdrt-health/mac:02010b41cdec/antenna/tag/e2806894000050038661fd4f, 83
1652706651.280001, sdrt-health/mac:02010b41cdec/antenna/tag/e2806894000050038662154f, 91
1652706651.285714, sdrt-health/mac:02010b41cdec/antenna/tag/e2806894000050038662154f, 88
1652706651.320551, sdrt-health/mac:02010b41cdec/antenna/tag/e2806894000050038662154f, 85
1652706651.360655, sdrt-health/mac:02010b41cdec/antenna/tag/e28068940000500386620d4f, 81
1652706651.430809, sdrt-health/mac:02010b41cdec/antenna/tag/e2806894000050038662154f, 88
1652706651.471895, sdrt-health/mac:02010b41cdec/antenna/tag/e2806894000050038662154f, 91
1652706651.520596, sdrt-health/mac:02010b41cdec/antenna/tag/e28068940000400386621d4f, 96
1652706651.589757, sdrt-health/mac:02010b41cdec/antenna/tag/e28068940000400386621d4f, 96
1652706651.590356, sdrt-health/mac:02010b41cdec/antenna/tag/e28068940000400386621d4f, 90
1652706651.629536, sdrt-health/mac:02010b41cdec/antenna/tag/e2806894000050038662194f, 94
1652706651.694256, sdrt-health/mac:02010b41cdec/antenna/tag/e2806894000040038662114f, 91
1652706651.69495, sdrt-health/mac:02010b41cdec/antenna/tag/e2806894000050038661fd4f, 86
1652706651.721162, sdrt-health/mac:02010b41cdec/antenna/tag/e2806894000050038661fd4f, 86
1652706651.750146, sdrt-health/mac:02010b41cdec/antenna/tag/e28068940000400386621d4f, 90
1652706651.7504, sdrt-health/mac:02010b41cdec/antenna/tag/e2806894000050038661fd4f, 90
1652706651.765067, sdrt-health/mac:02010b41cdec/antenna/tag/e2806894000040038662114f, 91
1652706651.765308, sdrt-health/mac:02010b41cdec/antenna/tag/e2806894000050038661fd4f, 83
1652706651.819173, sdrt-health/mac:02010b41cdec/antenna/tag/e2806894000050038661fd4f, 86
1652706651.869186, sdrt-health/mac:02010b41cdec/antenna/tag/e2806894000050038661fd4f, 83
1652706651.911865, sdrt-health/mac:02010b41cdec/antenna/tag/e2806894000050038662154f, 85
1652706651.950135, sdrt-health/mac:02010b41cdec/antenna/tag/e28068940000500386620d4f, 83
1652706652.011432, sdrt-health/mac:02010b41cdec/antenna/tag/e2806894000050038661fd4f, 86
1652706652.080101, sdrt-health/mac:02010b41cdec/antenna/tag/e2806894000050038662154f, 91
1652706652.137972, sdrt-health/mac:02010b41cdec/antenna/tag/e2806894000050038661fd4f, 83
1652706652.166448, sdrt-health/mac:02010b41cdec/antenna/tag/e28068940000400386621d4f, 96
1652706652.166718, sdrt-health/mac:02010b41cdec/antenna/tag/e2806894000050038661fd4f, 86
1652706652.188499, sdrt-health/mac:02010b41cdec/antenna/tag/e2806894000040038662114f, 88
1652706652.23029, sdrt-health/mac:02010b41cdec/antenna/tag/e2806894000040038662114f, 85
1652706652.289183, sdrt-health/mac:02010b41cdec/antenna/tag/e28068940000400386621d4f, 77
1652706652.289687, sdrt-health/mac:02010b41cdec/antenna/tag/e28068940000500386620d4f, 81
1652706652.32098, sdrt-health/mac:02010b41cdec/antenna/tag/e28068940000500386620d4f, 83
1652706652.376691, sdrt-health/mac:02010b41cdec/antenna/tag/e2806894000040038662114f, 85
1652706652.37706, sdrt-health/mac:02010b41cdec/antenna/tag/e2806894000050038661fd4f, 83
1652706652.390879, sdrt-health/mac:02010b41cdec/antenna/tag/e28068940000400386621d4f, 96
1652706652.400141, sdrt-health/mac:02010b41cdec/antenna/tag/e2806894000050038661fd4f, 83
1652706652.406032, sdrt-health/mac:02010b41cdec/antenna/tag/e28068940000500386620d4f, 87
1652706652.461188, sdrt-health/mac:02010b41cdec/antenna/tag/e28068940000400386621d4f, 90
1652706652.518883, sdrt-health/mac:02010b41cdec/antenna/tag/e2806894000040038662114f, 88
1652706652.574498, sdrt-health/mac:02010b41cdec/antenna/tag/e28068940000500386620d4f, 81
1652706652.574974, sdrt-health/mac:02010b41cdec/antenna/tag/e28068940000400386621d4f, 90
1652706652.599837, sdrt-health/mac:02010b41cdec/antenna/tag/e28068940000400386621d4f, 90
1652706652.649671, sdrt-health/mac:02010b41cdec/antenna/tag/e28068940000500386620d4f, 94
1652706652.715121, sdrt-health/mac:02010b41cdec/antenna/tag/e2806894000050038661fd4f, 86
1652706652.715606, sdrt-health/mac:02010b41cdec/antenna/tag/e2806894000040038662114f, 88
1652706652.731263, sdrt-health/mac:02010b41cdec/antenna/tag/e28068940000400386621d4f, 96
1652706652.732805, sdrt-health/mac:02010b41cdec/antenna/tag/e2806894000050038661fd4f, 86
1652706652.733207, sdrt-health/mac:02010b41cdec/antenna/tag/e2806894000050038662154f, 88
1652706652.747355, sdrt-health/mac:02010b41cdec/antenna/tag/e2806894000050038662154f, 88
1652706652.789384, sdrt-health/mac:02010b41cdec/antenna/tag/e2806894000050038662194f, 85
1652706652.845252, sdrt-health/mac:02010b41cdec/antenna/tag/e2806894000050038662194f, 81
1652706652.845493, sdrt-health/mac:02010b41cdec/antenna/tag/e2806894000040038662114f, 85
1652706652.870637, sdrt-health/mac:02010b41cdec/antenna/tag/e2806894000050038662154f, 88
1652706652.910074, sdrt-health/mac:02010b41cdec/antenna/tag/e2806894000050038661fd4f, 86
1652706652.964814, sdrt-health/mac:02010b41cdec/antenna/tag/e28068940000400386621d4f, 96
1652706652.965292, sdrt-health/mac:02010b41cdec/antenna/tag/e2806894000050038661fd4f, 86
1652706652.980715, sdrt-health/mac:02010b41cdec/antenna/tag/e2806894000050038662154f, 88
1652706652.981255, sdrt-health/mac:02010b41cdec/antenna/tag/e2806894000050038661fd4f, 86
1652706652.989251, sdrt-health/mac:02010b41cdec/antenna/tag/e2806894000050038662154f, 91
1652706653.030228, sdrt-health/mac:02010b41cdec/antenna/tag/e2806894000050038661fd4f, 83
1652706653.087044, sdrt-health/mac:02010b41cdec/antenna/tag/e28068940000400386621d4f, 90
1652706653.087631, sdrt-health/mac:02010b41cdec/antenna/tag/e2806894000050038662154f, 91
1652706653.10151, sdrt-health/mac:02010b41cdec/antenna/tag/e28068940000400386621d4f, 90
1652706653.13038, sdrt-health/mac:02010b41cdec/antenna/tag/e2806894000040038661f94f, 110
1652706653.170481, sdrt-health/mac:02010b41cdec/antenna/tag/e2806894000050038662194f, 88
1652706653.230051, sdrt-health/mac:02010b41cdec/antenna/tag/e2806894000040038662114f, 85
1652706653.23055, sdrt-health/mac:02010b41cdec/antenna/tag/e2806894000050038662154f, 85
1652706653.244991, sdrt-health/mac:02010b41cdec/antenna/tag/e2806894000050038661fd4f, 86
1652706653.308356, sdrt-health/mac:02010b41cdec/antenna/tag/e2806894000050038662194f, 81
1652706653.308861, sdrt-health/mac:02010b41cdec/antenna/tag/e2806894000040038662114f, 85
1652706653.331122, sdrt-health/mac:02010b41cdec/antenna/tag/e2806894000040038662114f, 88
1652706653.393677, sdrt-health/mac:02010b41cdec/antenna/tag/e28068940000400386621d4f, 77
1652706653.394008, sdrt-health/mac:02010b41cdec/antenna/tag/e2806894000050038662154f, 85
1652706653.427445, sdrt-health/mac:02010b41cdec/antenna/tag/e2806894000050038662154f, 91
1652706653.455143, sdrt-health/mac:02010b41cdec/antenna/tag/e28068940000400386621d4f, 96
1652706653.455805, sdrt-health/mac:02010b41cdec/antenna/tag/e2806894000050038662154f, 88
1652706653.560506, sdrt-health/mac:02010b41cdec/antenna/tag/e2806894000040038662114f, 85
1652706653.600892, sdrt-health/mac:02010b41cdec/antenna/tag/e28068940000500386620d4f, 81
1652706653.648083, sdrt-health/mac:02010b41cdec/antenna/tag/e2806894000050038661fd4f, 86
1652706653.690479, sdrt-health/mac:02010b41cdec/antenna/tag/e2806894000050038661fd4f, 86
1652706653.730951, sdrt-health/mac:02010b41cdec/antenna/tag/e2806894000050038662194f, 87
1652706653.771533, sdrt-health/mac:02010b41cdec/antenna/tag/e2806894000050038662154f, 88
1652706653.820976, sdrt-health/mac:02010b41cdec/antenna/tag/e2806894000050038662154f, 88
1652706653.860515, sdrt-health/mac:02010b41cdec/antenna/tag/e2806894000050038662194f, 94
1652706653.899988, sdrt-health/mac:02010b41cdec/antenna/tag/e2806894000050038662154f, 88
1652706653.948077, sdrt-health/mac:02010b41cdec/antenna/tag/e28068940000400386621d4f, 96
1652706654.001878, sdrt-health/mac:02010b41cdec/antenna/tag/e2806894000050038662194f, 82
1652706654.002337, sdrt-health/mac:02010b41cdec/antenna/tag/e2806894000050038662154f, 91
1652706654.01964, sdrt-health/mac:02010b41cdec/antenna/tag/e2806894000050038662154f, 88
1652706654.067875, sdrt-health/mac:02010b41cdec/antenna/tag/e2806894000050038661fd4f, 86
1652706654.097749, sdrt-health/mac:02010b41cdec/antenna/tag/e28068940000400386621d4f, 90
1652706654.098012, sdrt-health/mac:02010b41cdec/antenna/tag/e28068940000400386621d4f, 96
1652706654.113363, sdrt-health/mac:02010b41cdec/antenna/tag/e2806894000050038662154f, 88
1652706654.113594, sdrt-health/mac:02010b41cdec/antenna/tag/e28068940000400386621d4f, 90
1652706654.151377, sdrt-health/mac:02010b41cdec/antenna/tag/e2806894000040038662114f, 85
1652706654.219181, sdrt-health/mac:02010b41cdec/antenna/tag/e2806894000040038662114f, 88
1652706654.248845, sdrt-health/mac:02010b41cdec/antenna/tag/e2806894000050038662194f, 83
1652706654.249383, sdrt-health/mac:02010b41cdec/antenna/tag/e28068940000400386621d4f, 96
1652706654.249737, sdrt-health/mac:02010b41cdec/antenna/tag/e2806894000040038662114f, 88
1652706654.250098, sdrt-health/mac:02010b41cdec/antenna/tag/e2806894000050038662194f, 81
1652706654.263783, sdrt-health/mac:02010b41cdec/antenna/tag/e2806894000050038662154f, 88
1652706654.310499, sdrt-health/mac:02010b41cdec/antenna/tag/e28068940000400386621d4f, 96
1652706654.351739, sdrt-health/mac:02010b41cdec/antenna/tag/e2806894000050038661fd4f, 86
1652706654.389514, sdrt-health/mac:02010b41cdec/antenna/tag/e2806894000050038662194f, 83
1652706654.470535, sdrt-health/mac:02010b41cdec/antenna/tag/e2806894000050038661fd4f, 83
1652706654.518126, sdrt-health/mac:02010b41cdec/antenna/tag/e2806894000040038662114f, 85
1652706654.559789, sdrt-health/mac:02010b41cdec/antenna/tag/e2806894000050038662194f, 81
1652706654.601151, sdrt-health/mac:02010b41cdec/antenna/tag/e2806894000050038662194f, 87
1652706654.681873, sdrt-health/mac:02010b41cdec/antenna/tag/e2806894000040038662114f, 85
1652706654.721351, sdrt-health/mac:02010b41cdec/antenna/tag/e28068940000400386621d4f, 77
1652706654.760745, sdrt-health/mac:02010b41cdec/antenna/tag/e28068940000400386621d4f, 77
1652706654.820336, sdrt-health/mac:02010b41cdec/antenna/tag/e28068940000400386621d4f, 96
1652706654.862309, sdrt-health/mac:02010b41cdec/antenna/tag/e2806894000040038662114f, 88
1652706654.928842, sdrt-health/mac:02010b41cdec/antenna/tag/e28068940000400386621d4f, 96
1652706654.929303, sdrt-health/mac:02010b41cdec/antenna/tag/e2806894000050038662154f, 91
1652706654.943615, sdrt-health/mac:02010b41cdec/antenna/tag/e2806894000050038662154f, 88
1652706654.950291, sdrt-health/mac:02010b41cdec/antenna/tag/e2806894000050038662154f, 88
1652706654.958779, sdrt-health/mac:02010b41cdec/antenna/tag/e28068940000400386621d4f, 77
1652706654.991001, sdrt-health/mac:02010b41cdec/antenna/tag/e2806894000050038661fd4f, 83
1652706655.021348, sdrt-health/mac:02010b41cdec/antenna/tag/e2806894000050038662154f, 88
1652706655.021792, sdrt-health/mac:02010b41cdec/antenna/tag/e2806894000040038662114f, 88
1652706655.039833, sdrt-health/mac:02010b41cdec/antenna/tag/e2806894000050038662194f, 81
1652706655.080112, sdrt-health/mac:02010b41cdec/antenna/tag/e28068940000400386621d4f, 90
1652706655.131266, sdrt-health/mac:02010b41cdec/antenna/tag/e2806894000050038661fd4f, 86
1652706655.16593, sdrt-health/mac:02010b41cdec/antenna/tag/e28068940000500386620d4f, 81
1652706655.166283, sdrt-health/mac:02010b41cdec/antenna/tag/e28068940000400386621d4f, 90
1652706655.166473, sdrt-health/mac:02010b41cdec/antenna/tag/e2806894000050038661fd4f, 83
1652706655.181964, sdrt-health/mac:02010b41cdec/antenna/tag/e2806894000050038661fd4f, 86
1652706655.182258, sdrt-health/mac:02010b41cdec/antenna/tag/e2806894000050038662154f, 91
1652706655.18246, sdrt-health/mac:02010b41cdec/antenna/tag/e2806894000050038662154f, 88
1652706655.209942, sdrt-health/mac:02010b41cdec/antenna/tag/e28068940000400386621d4f, 90
1652706655.250006, sdrt-health/mac:02010b41cdec/antenna/tag/e2806894000050038662154f, 91
1652706655.291057, sdrt-health/mac:02010b41cdec/antenna/tag/e2806894000050038662154f, 91
1652706655.395514, sdrt-health/mac:02010b41cdec/antenna/tag/e2806894000040038662114f, 91
1652706655.396031, sdrt-health/mac:02010b41cdec/antenna/tag/e2806894000050038662154f, 88
1652706655.470586, sdrt-health/mac:02010b41cdec/antenna/tag/e28068940000400386621d4f, 90
1652706655.509993, sdrt-health/mac:02010b41cdec/antenna/tag/e2806894000050038662154f, 85
1652706655.539317, sdrt-health/mac:02010b41cdec/antenna/tag/e2806894000050038661fd4f, 86
1652706655.540802, sdrt-health/mac:02010b41cdec/antenna/tag/e2806894000040038662114f, 88
1652706655.554156, sdrt-health/mac:02010b41cdec/antenna/tag/e28068940000400386621d4f, 96
1652706655.554599, sdrt-health/mac:02010b41cdec/antenna/tag/e2806894000050038661fd4f, 86
1652706655.590743, sdrt-health/mac:02010b41cdec/antenna/tag/e28068940000400386621d4f, 90
1652706655.63062, sdrt-health/mac:02010b41cdec/antenna/tag/e2806894000050038661fd4f, 86
1652706655.660684, sdrt-health/mac:02010b41cdec/antenna/tag/e2806894000050038662154f, 88
1652706655.660997, sdrt-health/mac:02010b41cdec/antenna/tag/e2806894000050038661fd4f, 86
1652706655.675361, sdrt-health/mac:02010b41cdec/antenna/tag/e28068940000400386621d4f, 90
1652706655.675624, sdrt-health/mac:02010b41cdec/antenna/tag/e2806894000050038661fd4f, 83
1652706655.6758, sdrt-health/mac:02010b41cdec/antenna/tag/e2806894000040038662114f, 88
1652706655.720459, sdrt-health/mac:02010b41cdec/antenna/tag/e2806894000050038661fd4f, 86
1652706655.760872, sdrt-health/mac:02010b41cdec/antenna/tag/e2806894000050038662154f, 88
1652706655.794291, sdrt-health/mac:02010b41cdec/antenna/tag/e2806894000050038661fd4f, 83
1652706655.794623, sdrt-health/mac:02010b41cdec/antenna/tag/e2806894000040038662114f, 85
1652706655.794834, sdrt-health/mac:02010b41cdec/antenna/tag/e28068940000400386621d4f, 96
1652706655.817415, sdrt-health/mac:02010b41cdec/antenna/tag/e2806894000050038662154f, 88
1652706655.860515, sdrt-health/mac:02010b41cdec/antenna/tag/e2806894000050038662154f, 85
1652706655.900354, sdrt-health/mac:02010b41cdec/antenna/tag/e2806894000040038662114f, 85
1652706655.956983, sdrt-health/mac:02010b41cdec/antenna/tag/e2806894000050038661fd4f, 86
1652706655.957531, sdrt-health/mac:02010b41cdec/antenna/tag/e2806894000050038661fd4f, 83
1652706655.980133, sdrt-health/mac:02010b41cdec/antenna/tag/e2806894000050038661fd4f, 83
1652706656.029407, sdrt-health/mac:02010b41cdec/antenna/tag/e2806894000050038661fd4f, 83
1652706656.087443, sdrt-health/mac:02010b41cdec/antenna/tag/e2806894000040038662114f, 85
1652706656.088005, sdrt-health/mac:02010b41cdec/antenna/tag/e2806894000040038662114f, 88
1652706656.103056, sdrt-health/mac:02010b41cdec/antenna/tag/e2806894000050038662194f, 83
1652706656.12065, sdrt-health/mac:02010b41cdec/antenna/tag/e28068940000400386621d4f, 90
1652706656.160283, sdrt-health/mac:02010b41cdec/antenna/tag/e2806894000040038662114f, 85
1652706656.200588, sdrt-health/mac:02010b41cdec/antenna/tag/e28068940000500386620d4f, 93
1652706656.230554, sdrt-health/mac:02010b41cdec/antenna/tag/e28068940000400386621d4f, 90
1652706656.230828, sdrt-health/mac:02010b41cdec/antenna/tag/e2806894000050038661fd4f, 83
1652706656.248434, sdrt-health/mac:02010b41cdec/antenna/tag/e28068940000400386621d4f, 77
1652706656.283163, sdrt-health/mac:02010b41cdec/antenna/tag/e2806894000050038661fd4f, 83
1652706656.345047, sdrt-health/mac:02010b41cdec/antenna/tag/e2806894000050038662194f, 83
1652706656.345543, sdrt-health/mac:02010b41cdec/antenna/tag/e2806894000050038661fd4f, 83
1652706656.361041, sdrt-health/mac:02010b41cdec/antenna/tag/e2806894000040038662114f, 88
1652706656.399609, sdrt-health/mac:02010b41cdec/antenna/tag/e2806894000050038662154f, 88
1652706656.400076, sdrt-health/mac:02010b41cdec/antenna/tag/e28068940000500386620d4f, 94
1652706656.420321, sdrt-health/mac:02010b41cdec/antenna/tag/e2806894000050038662154f, 91
1652706656.459089, sdrt-health/mac:02010b41cdec/antenna/tag/e2806894000040038662114f, 88
1652706656.50938, sdrt-health/mac:02010b41cdec/antenna/tag/e2806894000040038662114f, 88
1652706656.560561, sdrt-health/mac:02010b41cdec/antenna/tag/e2806894000050038662154f, 88
1652706656.590672, sdrt-health/mac:02010b41cdec/antenna/tag/e2806894000050038662154f, 88
1652706656.591313, sdrt-health/mac:02010b41cdec/antenna/tag/e2806894000050038661fd4f, 86
1652706656.591613, sdrt-health/mac:02010b41cdec/antenna/tag/e2806894000050038661fd4f, 83
1652706656.606824, sdrt-health/mac:02010b41cdec/antenna/tag/e28068940000400386621d4f, 96
1652706656.674426, sdrt-health/mac:02010b41cdec/antenna/tag/e28068940000400386621d4f, 96
1652706656.674909, sdrt-health/mac:02010b41cdec/antenna/tag/e28068940000400386621d4f, 96
1652706656.691214, sdrt-health/mac:02010b41cdec/antenna/tag/e2806894000050038662194f, 83
1652706656.748521, sdrt-health/mac:02010b41cdec/antenna/tag/e2806894000050038662154f, 85
1652706656.748985, sdrt-health/mac:02010b41cdec/antenna/tag/e2806894000040038662114f, 91
1652706656.76487, sdrt-health/mac:02010b41cdec/antenna/tag/e2806894000050038662154f, 91
1652706656.786403, sdrt-health/mac:02010b41cdec/antenna/tag/e2806894000040038662114f, 88
1652706656.844501, sdrt-health/mac:02010b41cdec/antenna/tag/e2806894000050038662154f, 91
1652706656.844936, sdrt-health/mac:02010b41cdec/antenna/tag/e2806894000040038662114f, 88
1652706656.859586, sdrt-health/mac:02010b41cdec/antenna/tag/e28068940000400386621d4f, 90
1652706656.868964, sdrt-health/mac:02010b41cdec/antenna/tag/e28068940000400386621d4f, 96
1652706656.873966, sdrt-health/mac:02010b41cdec/antenna/tag/e2806894000050038661fd4f, 83
1652706656.909375, sdrt-health/mac:02010b41cdec/antenna/tag/e28068940000400386621d4f, 96
1652706656.9385, sdrt-health/mac:02010b41cdec/antenna/tag/e2806894000050038661fd4f, 83
1652706656.939071, sdrt-health/mac:02010b41cdec/antenna/tag/e28068940000400386621d4f, 77
1652706656.952394, sdrt-health/mac:02010b41cdec/antenna/tag/e2806894000050038662194f, 94
1652706656.990416, sdrt-health/mac:02010b41cdec/antenna/tag/e2806894000050038662154f, 88
1652706657.036954, sdrt-health/mac:02010b41cdec/antenna/tag/e2806894000050038661fd4f, 83
1652706657.08767, sdrt-health/mac:02010b41cdec/antenna/tag/e28068940000400386621d4f, 96
1652706657.130099, sdrt-health/mac:02010b41cdec/antenna/tag/e2806894000040038662114f, 88
1652706657.180666, sdrt-health/mac:02010b41cdec/antenna/tag/e2806894000050038661fd4f, 83
1652706657.236511, sdrt-health/mac:02010b41cdec/antenna/tag/e2806894000050038662154f, 91
1652706657.237161, sdrt-health/mac:02010b41cdec/antenna/tag/e2806894000050038661fd4f, 86
1652706657.250702, sdrt-health/mac:02010b41cdec/antenna/tag/e2806894000040038662114f, 88
1652706657.279012, sdrt-health/mac:02010b41cdec/antenna/tag/e2806894000050038662154f, 91
1652706657.27924, sdrt-health/mac:02010b41cdec/antenna/tag/e2806894000040038662114f, 91
1652706657.27937, sdrt-health/mac:02010b41cdec/antenna/tag/e2806894000050038662194f, 81
1652706657.318636, sdrt-health/mac:02010b41cdec/antenna/tag/e2806894000040038662114f, 88
1652706657.375202, sdrt-health/mac:02010b41cdec/antenna/tag/e28068940000500386620d4f, 93
1652706657.375721, sdrt-health/mac:02010b41cdec/antenna/tag/e28068940000400386621d4f, 96
1652706657.390134, sdrt-health/mac:02010b41cdec/antenna/tag/e2806894000050038661fd4f, 83
1652706657.407893, sdrt-health/mac:02010b41cdec/antenna/tag/e2806894000040038662114f, 88
1652706657.464094, sdrt-health/mac:02010b41cdec/antenna/tag/e2806894000040038662114f, 88
1652706657.464529, sdrt-health/mac:02010b41cdec/antenna/tag/e2806894000050038661fd4f, 86
1652706657.49075, sdrt-health/mac:02010b41cdec/antenna/tag/e28068940000500386620d4f, 83
1652706657.520634, sdrt-health/mac:02010b41cdec/antenna/tag/e2806894000050038661fd4f, 83
1652706657.521135, sdrt-health/mac:02010b41cdec/antenna/tag/e28068940000400386621d4f, 96
1652706657.539641, sdrt-health/mac:02010b41cdec/antenna/tag/e2806894000050038662154f, 91
1652706657.596199, sdrt-health/mac:02010b41cdec/antenna/tag/e2806894000050038662154f, 91
1652706657.596665, sdrt-health/mac:02010b41cdec/antenna/tag/e2806894000040038662114f, 88
1652706657.627403, sdrt-health/mac:02010b41cdec/antenna/tag/e2806894000040038662114f, 88
1652706657.656728, sdrt-health/mac:02010b41cdec/antenna/tag/e2806894000050038661fd4f, 86
1652706657.657667, sdrt-health/mac:02010b41cdec/antenna/tag/e28068940000500386620d4f, 81
1652706657.678661, sdrt-health/mac:02010b41cdec/antenna/tag/e28068940000400386621d4f, 96
1652706657.71432, sdrt-health/mac:02010b41cdec/antenna/tag/e2806894000050038661fd4f, 83
1652706657.746617, sdrt-health/mac:02010b41cdec/antenna/tag/e2806894000050038662154f, 88
1652706657.747019, sdrt-health/mac:02010b41cdec/antenna/tag/e28068940000400386621d4f, 90
1652706657.76017, sdrt-health/mac:02010b41cdec/antenna/tag/e2806894000050038661fd4f, 83
1652706657.799612, sdrt-health/mac:02010b41cdec/antenna/tag/e2806894000040038662114f, 88
1652706657.848084, sdrt-health/mac:02010b41cdec/antenna/tag/e2806894000050038661fd4f, 83
1652706657.904272, sdrt-health/mac:02010b41cdec/antenna/tag/e2806894000050038662154f, 88
1652706657.904736, sdrt-health/mac:02010b41cdec/antenna/tag/e2806894000050038661fd4f, 83
1652706657.918886, sdrt-health/mac:02010b41cdec/antenna/tag/e2806894000050038661fd4f, 83
1652706657.929756, sdrt-health/mac:02010b41cdec/antenna/tag/e2806894000050038661fd4f, 83
1652706657.966099, sdrt-health/mac:02010b41cdec/antenna/tag/e2806894000050038661fd4f, 83
1652706658.018667, sdrt-health/mac:02010b41cdec/antenna/tag/e28068940000400386621d4f, 90
1652706658.084132, sdrt-health/mac:02010b41cdec/antenna/tag/e28068940000400386621d4f, 90
1652706658.084582, sdrt-health/mac:02010b41cdec/antenna/tag/e2806894000050038662154f, 85
1652706658.099293, sdrt-health/mac:02010b41cdec/antenna/tag/e2806894000050038662154f, 88
1652706658.140742, sdrt-health/mac:02010b41cdec/antenna/tag/e2806894000050038662194f, 83
1652706658.200815, sdrt-health/mac:02010b41cdec/antenna/tag/e2806894000050038662154f, 88
1652706658.311622, sdrt-health/mac:02010b41cdec/antenna/tag/e28068940000400386621d4f, 96
1652706658.34145, sdrt-health/mac:02010b41cdec/antenna/tag/e2806894000040038662114f, 97
1652706658.341998, sdrt-health/mac:02010b41cdec/antenna/tag/e28068940000400386621d4f, 96
1652706658.356069, sdrt-health/mac:02010b41cdec/antenna/tag/e2806894000040038662114f, 91
1652706658.356633, sdrt-health/mac:02010b41cdec/antenna/tag/e2806894000050038661fd4f, 86
1652706658.357259, sdrt-health/mac:02010b41cdec/antenna/tag/e2806894000050038661fd4f, 83
1652706658.357577, sdrt-health/mac:02010b41cdec/antenna/tag/e2806894000050038661fd4f, 83
1652706658.400626, sdrt-health/mac:02010b41cdec/antenna/tag/e2806894000050038661fd4f, 86
1652706658.434407, sdrt-health/mac:02010b41cdec/antenna/tag/e2806894000050038662154f, 88
1652706658.434801, sdrt-health/mac:02010b41cdec/antenna/tag/e2806894000050038661fd4f, 83
1652706658.450242, sdrt-health/mac:02010b41cdec/antenna/tag/e28068940000400386621d4f, 77
1652706658.501724, sdrt-health/mac:02010b41cdec/antenna/tag/e2806894000050038661fd4f, 83
1652706658.53081, sdrt-health/mac:02010b41cdec/antenna/tag/e28068940000400386621d4f, 96
1652706658.531257, sdrt-health/mac:02010b41cdec/antenna/tag/e2806894000040038662114f, 85
1652706658.531528, sdrt-health/mac:02010b41cdec/antenna/tag/e28068940000500386620d4f, 83
1652706658.558282, sdrt-health/mac:02010b41cdec/antenna/tag/e2806894000050038661fd4f, 86
1652706658.586965, sdrt-health/mac:02010b41cdec/antenna/tag/e2806894000050038661fd4f, 83
1652706658.587339, sdrt-health/mac:02010b41cdec/antenna/tag/e28068940000400386621d4f, 96
1652706658.609569, sdrt-health/mac:02010b41cdec/antenna/tag/e2806894000050038661fd4f, 83
1652706658.652152, sdrt-health/mac:02010b41cdec/antenna/tag/e2806894000050038661fd4f, 86
1652706658.700157, sdrt-health/mac:02010b41cdec/antenna/tag/e28068940000500386620d4f, 81
1652706658.739813, sdrt-health/mac:02010b41cdec/antenna/tag/e28068940000400386621d4f, 77
1652706658.79635, sdrt-health/mac:02010b41cdec/antenna/tag/e2806894000050038662154f, 85
1652706658.796919, sdrt-health/mac:02010b41cdec/antenna/tag/e2806894000050038662194f, 84
1652706658.830464, sdrt-health/mac:02010b41cdec/antenna/tag/e2806894000040038662114f, 85
1652706658.891026, sdrt-health/mac:02010b41cdec/antenna/tag/e2806894000050038662154f, 85
1652706658.891493, sdrt-health/mac:02010b41cdec/antenna/tag/e2806894000040038662114f, 88
1652706658.910004, sdrt-health/mac:02010b41cdec/antenna/tag/e2806894000050038661fd4f, 83
1652706658.939145, sdrt-health/mac:02010b41cdec/antenna/tag/e28068940000500386620d4f, 87
1652706658.939539, sdrt-health/mac:02010b41cdec/antenna/tag/e28068940000400386621d4f, 96
1652706658.939861, sdrt-health/mac:02010b41cdec/antenna/tag/e28068940000500386620d4f, 93
1652706658.952947, sdrt-health/mac:02010b41cdec/antenna/tag/e28068940000400386621d4f, 96
1652706658.998497, sdrt-health/mac:02010b41cdec/antenna/tag/e28068940000400386621d4f, 90
1652706659.246159, sdrt-health/mac:02010b41cdec/antenna/tag/e2806894000040038662114f, 91
1652706659.246641, sdrt-health/mac:02010b41cdec/antenna/tag/e2806894000050038662154f, 91
1652706659.261423, sdrt-health/mac:02010b41cdec/antenna/tag/e2806894000050038662154f, 91
1652706659.278814, sdrt-health/mac:02010b41cdec/antenna/tag/e2806894000050038661fd4f, 86
1652706659.309968, sdrt-health/mac:02010b41cdec/antenna/tag/e28068940000400386621d4f, 96
1652706659.310294, sdrt-health/mac:02010b41cdec/antenna/tag/e28068940000400386621d4f, 96
1652706659.310505, sdrt-health/mac:02010b41cdec/antenna/tag/e2806894000050038661fd4f, 86
1652706659.310713, sdrt-health/mac:02010b41cdec/antenna/tag/e28068940000500386620d4f, 81
1652706659.310908, sdrt-health/mac:02010b41cdec/antenna/tag/e28068940000400386621d4f, 96
1652706659.311116, sdrt-health/mac:02010b41cdec/antenna/tag/e2806894000040038662114f, 93
1652706659.326123, sdrt-health/mac:02010b41cdec/antenna/tag/e2806894000050038662154f, 88
1652706659.360365, sdrt-health/mac:02010b41cdec/antenna/tag/e2806894000050038662154f, 91
1652706659.410433, sdrt-health/mac:02010b41cdec/antenna/tag/e2806894000040038662114f, 91
1652706659.465928, sdrt-health/mac:02010b41cdec/antenna/tag/e2806894000050038662154f, 88
1652706659.496698, sdrt-health/mac:02010b41cdec/antenna/tag/e2806894000040038662114f, 88
1652706659.497152, sdrt-health/mac:02010b41cdec/antenna/tag/e28068940000500386620d4f, 94
1652706659.511798, sdrt-health/mac:02010b41cdec/antenna/tag/e28068940000500386620d4f, 88
1652706659.547924, sdrt-health/mac:02010b41cdec/antenna/tag/e28068940000500386620d4f, 81
1652706659.577187, sdrt-health/mac:02010b41cdec/antenna/tag/e2806894000040038662114f, 91
1652706659.577462, sdrt-health/mac:02010b41cdec/antenna/tag/e28068940000500386620d4f, 81
1652706659.591245, sdrt-health/mac:02010b41cdec/antenna/tag/e2806894000040038662114f, 88
1652706659.64808, sdrt-health/mac:02010b41cdec/antenna/tag/e2806894000050038662154f, 85
1652706659.691075, sdrt-health/mac:02010b41cdec/antenna/tag/e28068940000400386621d4f, 77
1652706659.765661, sdrt-health/mac:02010b41cdec/antenna/tag/e2806894000050038662154f, 88
1652706659.766127, sdrt-health/mac:02010b41cdec/antenna/tag/e2806894000050038661fd4f, 83
1652706659.800313, sdrt-health/mac:02010b41cdec/antenna/tag/e2806894000050038662194f, 84
1652706659.832335, sdrt-health/mac:02010b41cdec/antenna/tag/e2806894000050038662154f, 85
1652706659.832655, sdrt-health/mac:02010b41cdec/antenna/tag/e28068940000400386621d4f, 77
1652706659.84699, sdrt-health/mac:02010b41cdec/antenna/tag/e28068940000400386621d4f, 96
1652706659.847317, sdrt-health/mac:02010b41cdec/antenna/tag/e2806894000050038662154f, 85
1652706659.918732, sdrt-health/mac:02010b41cdec/antenna/tag/e28068940000500386620d4f, 87
1652706659.969179, sdrt-health/mac:02010b41cdec/antenna/tag/e2806894000040038662114f, 88
1652706660.042394, sdrt-health/mac:02010b41cdec/antenna/tag/e28068940000400386621d4f, 90
1652706660.080311, sdrt-health/mac:02010b41cdec/antenna/tag/e2806894000050038661fd4f, 86
1652706660.131414, sdrt-health/mac:02010b41cdec/antenna/tag/e2806894000040038662114f, 88
1652706660.170893, sdrt-health/mac:02010b41cdec/antenna/tag/e2806894000040038662114f, 91
1652706660.229282, sdrt-health/mac:02010b41cdec/antenna/tag/e28068940000400386621d4f, 96
1652706660.229744, sdrt-health/mac:02010b41cdec/antenna/tag/e2806894000040038662114f, 91
1652706660.243922, sdrt-health/mac:02010b41cdec/antenna/tag/e2806894000050038662154f, 88
1652706660.259788, sdrt-health/mac:02010b41cdec/antenna/tag/e2806894000050038662194f, 81
1652706660.308507, sdrt-health/mac:02010b41cdec/antenna/tag/e2806894000050038661fd4f, 83
1652706660.359402, sdrt-health/mac:02010b41cdec/antenna/tag/e2806894000050038662194f, 83
1652706660.390465, sdrt-health/mac:02010b41cdec/antenna/tag/e2806894000050038662194f, 94
1652706660.390828, sdrt-health/mac:02010b41cdec/antenna/tag/e28068940000400386621d4f, 77
1652706660.404996, sdrt-health/mac:02010b41cdec/antenna/tag/e2806894000050038662194f, 81
1652706660.405958, sdrt-health/mac:02010b41cdec/antenna/tag/e28068940000400386621d4f, 96
1652706660.449479, sdrt-health/mac:02010b41cdec/antenna/tag/e2806894000050038661fd4f, 86
1652706660.505944, sdrt-health/mac:02010b41cdec/antenna/tag/e2806894000040038662114f, 88
1652706660.506511, sdrt-health/mac:02010b41cdec/antenna/tag/e2806894000040038662114f, 91
1652706660.520744, sdrt-health/mac:02010b41cdec/antenna/tag/e2806894000040038662114f, 91
1652706660.541483, sdrt-health/mac:02010b41cdec/antenna/tag/e2806894000040038662114f, 88
1652706660.611984, sdrt-health/mac:02010b41cdec/antenna/tag/e28068940000400386621d4f, 90
1652706660.665479, sdrt-health/mac:02010b41cdec/antenna/tag/e2806894000050038661fd4f, 83
1652706660.666382, sdrt-health/mac:02010b41cdec/antenna/tag/e28068940000400386621d4f, 96
1652706660.690194, sdrt-health/mac:02010b41cdec/antenna/tag/e28068940000400386621d4f, 96
1652706660.743747, sdrt-health/mac:02010b41cdec/antenna/tag/e2806894000050038662154f, 88
1652706660.744218, sdrt-health/mac:02010b41cdec/antenna/tag/e2806894000040038662114f, 85
1652706660.770036, sdrt-health/mac:02010b41cdec/antenna/tag/e28068940000500386620d4f, 94
1652706660.810637, sdrt-health/mac:02010b41cdec/antenna/tag/e28068940000500386620d4f, 81
1652706660.859284, sdrt-health/mac:02010b41cdec/antenna/tag/e2806894000050038661fd4f, 83
1652706660.925608, sdrt-health/mac:02010b41cdec/antenna/tag/e2806894000050038662194f, 88
1652706660.925855, sdrt-health/mac:02010b41cdec/antenna/tag/e2806894000050038662154f, 85
1652706660.950257, sdrt-health/mac:02010b41cdec/antenna/tag/e28068940000500386620d4f, 83
1652706660.991185, sdrt-health/mac:02010b41cdec/antenna/tag/e2806894000050038662154f, 88
1652706661.029673, sdrt-health/mac:02010b41cdec/antenna/tag/e2806894000050038662194f, 88
1652706661.07769, sdrt-health/mac:02010b41cdec/antenna/tag/e28068940000400386621d4f, 77
1652706661.129237, sdrt-health/mac:02010b41cdec/antenna/tag/e28068940000500386620d4f, 81
1652706661.178172, sdrt-health/mac:02010b41cdec/antenna/tag/e2806894000050038662194f, 81
1652706661.220328, sdrt-health/mac:02010b41cdec/antenna/tag/e2806894000050038662154f, 85
1652706661.660029, sdrt-health/mac:02010b41cdec/antenna/tag/e28068940000500386620d4f, 81
1652706661.660621, sdrt-health/mac:02010b41cdec/antenna/tag/scan, scan stopped
