1652706481.901683, sdrt-health/mac:02010b41cdec/antenna/power/set, {"power": 290}
1652706482.970757, sdrt-health/mac:02010b41cdec/antenna/power/set, 
1652706486.924304, sdrt-health/mac:02010b41cdec/antenna/tag/scan, {"time": 20000}
1652706487.347669, sdrt-health/mac:02010b41cdec/antenna/tag/e28068940000500386620d4f, 87
1652706487.387028, sdrt-health/mac:02010b41cdec/antenna/tag/e2806894000040038662114f, 88
1652706487.426814, sdrt-health/mac:02010b41cdec/antenna/tag/e2806894000050038661fd4f, 83
1652706487.469269, sdrt-health/mac:02010b41cdec/antenna/tag/e2806894000050038661fd4f, 83
1652706487.518894, sdrt-health/mac:02010b41cdec/antenna/tag/e28068940000500386620d4f, 84
1652706487.572863, sdrt-health/mac:02010b41cdec/antenna/tag/e28068940000400386621d4f, 96
1652706487.573377, sdrt-health/mac:02010b41cdec/antenna/tag/e2806894000040038662114f, 85
1652706487.589816, sdrt-health/mac:02010b41cdec/antenna/tag/e2806894000050038662154f, 88
1652706487.590096, sdrt-health/mac:02010b41cdec/antenna/tag/e2806894000040038662114f, 88
1652706487.607592, sdrt-health/mac:02010b41cdec/antenna/tag/e28068940000400386621d4f, 96
1652706487.661104, sdrt-health/mac:02010b41cdec/antenna/tag/e28068940000500386620d4f, 81
1652706487.712784, sdrt-health/mac:02010b41cdec/antenna/tag/e2806894000040038662114f, 88
1652706487.713303, sdrt-health/mac:02010b41cdec/antenna/tag/e2806894000050038662154f, 97
1652706487.732204, sdrt-health/mac:02010b41cdec/antenna/tag/e28068940000500386620d4f, 87
1652706487.732488, sdrt-health/mac:02010b41cdec/antenna/tag/e2806894000050038662154f, 97
1652706487.732692, sdrt-health/mac:02010b41cdec/antenna/tag/e2806894000050038662154f, 88
1652706487.77782, sdrt-health/mac:02010b41cdec/antenna/tag/e28068940000400386621d4f, 90
1652706487.842027, sdrt-health/mac:02010b41cdec/antenna/tag/e2806894000050038661fd4f, 86
1652706487.842548, sdrt-health/mac:02010b41cdec/antenna/tag/e2806894000050038662154f, 88
1652706487.869744, sdrt-health/mac:02010b41cdec/antenna/tag/e2806894000050038662154f, 88
1652706487.922466, sdrt-health/mac:02010b41cdec/antenna/tag/e2806894000050038662194f, 83
1652706487.923038, sdrt-health/mac:02010b41cdec/antenna/tag/e2806894000050038662154f, 91
1652706487.936506, sdrt-health/mac:02010b41cdec/antenna/tag/e2806894000050038662194f, 83
1652706487.947011, sdrt-health/mac:02010b41cdec/antenna/tag/e2806894000050038661fd4f, 86
1652706487.997873, sdrt-health/mac:02010b41cdec/antenna/tag/e28068940000500386620d4f, 93
1652706488.037016, sdrt-health/mac:02010b41cdec/antenna/tag/e28068940000500386620d4f, 87
1652706488.107566, sdrt-health/mac:02010b41cdec/antenna/tag/e28068940000400386621d4f, 96
1652706488.147653, sdrt-health/mac:02010b41cdec/antenna/tag/e2806894000040038662214f, 81
1652706488.196335, sdrt-health/mac:02010b41cdec/antenna/tag/e2806894000040038662114f, 85
1652706488.262281, sdrt-health/mac:02010b41cdec/antenna/tag/e2806894000050038662154f, 85
1652706488.262792, sdrt-health/mac:02010b41cdec/antenna/tag/e2806894000050038661fd4f, 83
1652706488.295486, sdrt-health/mac:02010b41cdec/antenna/tag/e2806894000040038662114f, 88
1652706488.341773, sdrt-health/mac:02010b41cdec/antenna/tag/e28068940000500386620d4f, 87
1652706488.436805, sdrt-health/mac:02010b41cdec/antenna/tag/e2806894000050038662154f, 88
1652706488.50759, sdrt-health/mac:02010b41cdec/antenna/tag/e2806894000040038662114f, 91
1652706488.536034, sdrt-health/mac:02010b41cdec/antenna/tag/e2806894000040038662114f, 85
1652706488.536302, sdrt-health/mac:02010b41cdec/antenna/tag/e28068940000500386620d4f, 83
1652706488.577933, sdrt-health/mac:02010b41cdec/antenna/tag/e28068940000500386620d4f, 93
1652706488.664333, sdrt-health/mac:02010b41cdec/antenna/tag/e28068940000500386620d4f, 81
1652706488.664872, sdrt-health/mac:02010b41cdec/antenna/tag/e28068940000500386620d4f, 81
1652706488.679988, sdrt-health/mac:02010b41cdec/antenna/tag/e2806894000050038662154f, 85
1652706488.708699, sdrt-health/mac:02010b41cdec/antenna/tag/e28068940000500386620d4f, 87
1652706488.771735, sdrt-health/mac:02010b41cdec/antenna/tag/e28068940000500386620d4f, 93
1652706488.772318, sdrt-health/mac:02010b41cdec/antenna/tag/e2806894000050038661fd4f, 86
1652706488.789501, sdrt-health/mac:02010b41cdec/antenna/tag/e28068940000500386620d4f, 81
1652706488.812158, sdrt-health/mac:02010b41cdec/antenna/tag/e28068940000400386621d4f, 96
1652706488.873458, sdrt-health/mac:02010b41cdec/antenna/tag/e28068940000500386620d4f, 87
1652706488.874025, sdrt-health/mac:02010b41cdec/antenna/tag/e2806894000050038662154f, 91
1652706488.888778, sdrt-health/mac:02010b41cdec/antenna/tag/e2806894000040038662114f, 88
1652706488.889207, sdrt-health/mac:02010b41cdec/antenna/tag/e2806894000050038661fd4f, 86
1652706488.889571, sdrt-health/mac:02010b41cdec/antenna/tag/e2806894000040038662114f, 88
1652706488.901504, sdrt-health/mac:02010b41cdec/antenna/tag/e2806894000050038662154f, 88
1652706488.906046, sdrt-health/mac:02010b41cdec/antenna/tag/e28068940000500386620d4f, 93
1652706488.936379, sdrt-health/mac:02010b41cdec/antenna/tag/e2806894000050038661fd4f, 83
1652706488.991644, sdrt-health/mac:02010b41cdec/antenna/tag/e2806894000050038661fd4f, 83
1652706488.991924, sdrt-health/mac:02010b41cdec/antenna/tag/e2806894000050038661fd4f, 86
1652706489.005374, sdrt-health/mac:02010b41cdec/antenna/tag/e28068940000400386621d4f, 96
1652706489.044858, sdrt-health/mac:02010b41cdec/antenna/tag/e2806894000050038662154f, 88
1652706489.045165, sdrt-health/mac:02010b41cdec/antenna/tag/e2806894000040038662114f, 88
1652706489.068179, sdrt-health/mac:02010b41cdec/antenna/tag/e2806894000050038662154f, 88
1652706489.123251, sdrt-health/mac:02010b41cdec/antenna/tag/e2806894000040038662214f, 94
1652706489.123539, sdrt-health/mac:02010b41cdec/antenna/tag/e2806894000050038661fd4f, 83
1652706489.137422, sdrt-health/mac:02010b41cdec/antenna/tag/e28068940000400386621d4f, 77
1652706489.137633, sdrt-health/mac:02010b41cdec/antenna/tag/e28068940000500386620d4f, 83
1652706489.15748, sdrt-health/mac:02010b41cdec/antenna/tag/e28068940000400386621d4f, 96
1652706489.219683, sdrt-health/mac:02010b41cdec/antenna/tag/e2806894000050038662154f, 88
1652706489.728056, sdrt-health/mac:02010b41cdec/antenna/tag/e28068940000400386621d4f, 90
1652706489.756617, sdrt-health/mac:02010b41cdec/antenna/tag/e2806894000040038662114f, 91
1652706489.756949, sdrt-health/mac:02010b41cdec/antenna/tag/e2806894000050038661fd4f, 86
1652706489.757272, sdrt-health/mac:02010b41cdec/antenna/tag/e2806894000040038662114f, 91
1652706489.757569, sdrt-health/mac:02010b41cdec/antenna/tag/e28068940000400386621d4f, 90
1652706489.75784, sdrt-health/mac:02010b41cdec/antenna/tag/e2806894000050038662154f, 88
1652706489.758098, sdrt-health/mac:02010b41cdec/antenna/tag/e2806894000050038661fd4f, 86
1652706489.758349, sdrt-health/mac:02010b41cdec/antenna/tag/e2806894000050038662194f, 94
1652706489.75865, sdrt-health/mac:02010b41cdec/antenna/tag/e2806894000050038661fd4f, 86
1652706489.758899, sdrt-health/mac:02010b41cdec/antenna/tag/e28068940000400386621d4f, 77
1652706489.771568, sdrt-health/mac:02010b41cdec/antenna/tag/e2806894000040038662114f, 88
1652706489.771794, sdrt-health/mac:02010b41cdec/antenna/tag/e28068940000400386621d4f, 77
1652706489.771954, sdrt-health/mac:02010b41cdec/antenna/tag/e2806894000040038662114f, 85
1652706489.772148, sdrt-health/mac:02010b41cdec/antenna/tag/e28068940000500386620d4f, 87
1652706489.817588, sdrt-health/mac:02010b41cdec/antenna/tag/e2806894000050038662194f, 81
1652706489.861914, sdrt-health/mac:02010b41cdec/antenna/tag/e2806894000050038661fd4f, 86
1652706489.908028, sdrt-health/mac:02010b41cdec/antenna/tag/e2806894000050038662154f, 91
1652706489.948362, sdrt-health/mac:02010b41cdec/antenna/tag/e2806894000050038661fd4f, 83
1652706489.997097, sdrt-health/mac:02010b41cdec/antenna/tag/e2806894000050038662194f, 81
1652706490.068158, sdrt-health/mac:02010b41cdec/antenna/tag/e2806894000050038662154f, 91
1652706490.10832, sdrt-health/mac:02010b41cdec/antenna/tag/e28068940000400386621d4f, 96
1652706490.137134, sdrt-health/mac:02010b41cdec/antenna/tag/e2806894000040038662114f, 85
1652706490.137341, sdrt-health/mac:02010b41cdec/antenna/tag/e2806894000050038662194f, 83
1652706490.157591, sdrt-health/mac:02010b41cdec/antenna/tag/e2806894000050038661fd4f, 86
1652706490.217173, sdrt-health/mac:02010b41cdec/antenna/tag/e2806894000050038661fd4f, 86
1652706490.258509, sdrt-health/mac:02010b41cdec/antenna/tag/e28068940000400386621d4f, 96
1652706490.291337, sdrt-health/mac:02010b41cdec/antenna/tag/e2806894000050038662154f, 97
1652706490.291874, sdrt-health/mac:02010b41cdec/antenna/tag/e28068940000500386620d4f, 83
1652706490.311471, sdrt-health/mac:02010b41cdec/antenna/tag/e2806894000040038662114f, 88
1652706490.34922, sdrt-health/mac:02010b41cdec/antenna/tag/e28068940000500386620d4f, 88
1652706490.389869, sdrt-health/mac:02010b41cdec/antenna/tag/e28068940000500386620d4f, 81
1652706490.430954, sdrt-health/mac:02010b41cdec/antenna/tag/e2806894000050038661fd4f, 86
1652706490.484678, sdrt-health/mac:02010b41cdec/antenna/tag/e2806894000040038662114f, 88
1652706490.48525, sdrt-health/mac:02010b41cdec/antenna/tag/e2806894000050038662154f, 88
1652706490.501461, sdrt-health/mac:02010b41cdec/antenna/tag/e2806894000040038662114f, 88
1652706490.501883, sdrt-health/mac:02010b41cdec/antenna/tag/e2806894000050038662154f, 88
1652706490.508865, sdrt-health/mac:02010b41cdec/antenna/tag/e2806894000040038662114f, 85
1652706490.515089, sdrt-health/mac:02010b41cdec/antenna/tag/e2806894000050038661fd4f, 83
1652706490.547552, sdrt-health/mac:02010b41cdec/antenna/tag/e2806894000050038662154f, 85
1652706490.598076, sdrt-health/mac:02010b41cdec/antenna/tag/e2806894000040038662114f, 88
1652706490.697777, sdrt-health/mac:02010b41cdec/antenna/tag/e28068940000400386621d4f, 96
1652706490.752755, sdrt-health/mac:02010b41cdec/antenna/tag/e28068940000400386621d4f, 96
1652706490.75325, sdrt-health/mac:02010b41cdec/antenna/tag/e2806894000050038661fd4f, 83
1652706490.768155, sdrt-health/mac:02010b41cdec/antenna/tag/e2806894000050038661fd4f, 86
1652706490.797381, sdrt-health/mac:02010b41cdec/antenna/tag/e28068940000500386620d4f, 81
1652706490.797644, sdrt-health/mac:02010b41cdec/antenna/tag/e28068940000500386620d4f, 81
1652706490.797857, sdrt-health/mac:02010b41cdec/antenna/tag/e28068940000400386621d4f, 90
1652706490.798049, sdrt-health/mac:02010b41cdec/antenna/tag/e2806894000050038662154f, 91
1652706490.820403, sdrt-health/mac:02010b41cdec/antenna/tag/e28068940000500386620d4f, 88
1652706490.877968, sdrt-health/mac:02010b41cdec/antenna/tag/e28068940000400386621d4f, 77
1652706490.918034, sdrt-health/mac:02010b41cdec/antenna/tag/e2806894000050038662194f, 84
1652706490.987127, sdrt-health/mac:02010b41cdec/antenna/tag/e2806894000050038661fd4f, 83
1652706491.058333, sdrt-health/mac:02010b41cdec/antenna/tag/e28068940000500386620d4f, 83
1652706491.107582, sdrt-health/mac:02010b41cdec/antenna/tag/e28068940000500386620d4f, 87
1652706491.146463, sdrt-health/mac:02010b41cdec/antenna/tag/e2806894000050038661fd4f, 86
1652706491.188753, sdrt-health/mac:02010b41cdec/antenna/tag/e2806894000050038662154f, 91
1652706491.335963, sdrt-health/mac:02010b41cdec/antenna/tag/e28068940000400386621d4f, 96
1652706491.336572, sdrt-health/mac:02010b41cdec/antenna/tag/e2806894000040038662114f, 88
1652706491.374196, sdrt-health/mac:02010b41cdec/antenna/tag/e28068940000400386621d4f, 90
1652706491.422955, sdrt-health/mac:02010b41cdec/antenna/tag/e28068940000400386621d4f, 90
1652706491.471112, sdrt-health/mac:02010b41cdec/antenna/tag/e2806894000050038662154f, 88
1652706491.471447, sdrt-health/mac:02010b41cdec/antenna/tag/e2806894000050038662154f, 88
1652706491.486162, sdrt-health/mac:02010b41cdec/antenna/tag/e2806894000050038661fd4f, 86
1652706491.486425, sdrt-health/mac:02010b41cdec/antenna/tag/e2806894000050038662194f, 81
1652706491.507587, sdrt-health/mac:02010b41cdec/antenna/tag/e2806894000050038661fd4f, 83
1652706491.562312, sdrt-health/mac:02010b41cdec/antenna/tag/e2806894000050038662194f, 94
1652706491.562785, sdrt-health/mac:02010b41cdec/antenna/tag/e2806894000050038662194f, 81
1652706491.576388, sdrt-health/mac:02010b41cdec/antenna/tag/e2806894000050038661fd4f, 83
1652706491.576634, sdrt-health/mac:02010b41cdec/antenna/tag/e28068940000400386621d4f, 77
1652706491.629606, sdrt-health/mac:02010b41cdec/antenna/tag/e2806894000050038662194f, 81
1652706491.677196, sdrt-health/mac:02010b41cdec/antenna/tag/e2806894000050038662194f, 81
1652706491.731826, sdrt-health/mac:02010b41cdec/antenna/tag/e2806894000050038662154f, 88
1652706491.732158, sdrt-health/mac:02010b41cdec/antenna/tag/e2806894000050038661fd4f, 86
1652706491.757187, sdrt-health/mac:02010b41cdec/antenna/tag/e2806894000050038661fd4f, 86
1652706491.796917, sdrt-health/mac:02010b41cdec/antenna/tag/e28068940000500386620d4f, 87
1652706491.85122, sdrt-health/mac:02010b41cdec/antenna/tag/e2806894000050038661fd4f, 83
1652706491.851689, sdrt-health/mac:02010b41cdec/antenna/tag/e2806894000050038662154f, 88
1652706491.866424, sdrt-health/mac:02010b41cdec/antenna/tag/e28068940000400386621d4f, 96
1652706491.876448, sdrt-health/mac:02010b41cdec/antenna/tag/e28068940000400386621d4f, 96
1652706491.916704, sdrt-health/mac:02010b41cdec/antenna/tag/e2806894000050038662154f, 88
1652706491.956821, sdrt-health/mac:02010b41cdec/antenna/tag/e2806894000050038662154f, 88
1652706491.986315, sdrt-health/mac:02010b41cdec/antenna/tag/e28068940000400386621d4f, 96
1652706491.986723, sdrt-health/mac:02010b41cdec/antenna/tag/e28068940000400386621d4f, 96
1652706492.000662, sdrt-health/mac:02010b41cdec/antenna/tag/e28068940000400386621d4f, 90
1652706492.037542, sdrt-health/mac:02010b41cdec/antenna/tag/e2806894000040038662114f, 88
1652706492.076921, sdrt-health/mac:02010b41cdec/antenna/tag/e2806894000050038662154f, 91
1652706492.107166, sdrt-health/mac:02010b41cdec/antenna/tag/e2806894000050038662194f, 83
1652706492.10752, sdrt-health/mac:02010b41cdec/antenna/tag/e2806894000050038662154f, 91
1652706492.147113, sdrt-health/mac:02010b41cdec/antenna/tag/e2806894000040038662114f, 88
1652706492.187138, sdrt-health/mac:02010b41cdec/antenna/tag/e28068940000400386621d4f, 77
1652706492.226873, sdrt-health/mac:02010b41cdec/antenna/tag/e28068940000500386620d4f, 83
1652706492.267067, sdrt-health/mac:02010b41cdec/antenna/tag/e2806894000050038662194f, 81
1652706492.307924, sdrt-health/mac:02010b41cdec/antenna/tag/e28068940000400386621d4f, 96
1652706492.34662, sdrt-health/mac:02010b41cdec/antenna/tag/e2806894000050038662194f, 83
1652706492.400912, sdrt-health/mac:02010b41cdec/antenna/tag/e2806894000050038662154f, 85
1652706492.401442, sdrt-health/mac:02010b41cdec/antenna/tag/e28068940000400386621d4f, 96
1652706492.425808, sdrt-health/mac:02010b41cdec/antenna/tag/e28068940000500386620d4f, 88
1652706492.482416, sdrt-health/mac:02010b41cdec/antenna/tag/e2806894000050038662154f, 85
1652706492.482876, sdrt-health/mac:02010b41cdec/antenna/tag/e2806894000050038661fd4f, 86
1652706492.536779, sdrt-health/mac:02010b41cdec/antenna/tag/e2806894000050038662194f, 83
1652706492.57716, sdrt-health/mac:02010b41cdec/antenna/tag/e2806894000040038662114f, 88
1652706492.604634, sdrt-health/mac:02010b41cdec/antenna/tag/e2806894000050038661fd4f, 86
1652706492.605031, sdrt-health/mac:02010b41cdec/antenna/tag/e2806894000050038661fd4f, 83
1652706492.627722, sdrt-health/mac:02010b41cdec/antenna/tag/e28068940000400386621d4f, 96
1652706492.681924, sdrt-health/mac:02010b41cdec/antenna/tag/e2806894000050038662194f, 81
1652706492.682403, sdrt-health/mac:02010b41cdec/antenna/tag/e28068940000400386621d4f, 77
1652706492.707553, sdrt-health/mac:02010b41cdec/antenna/tag/e2806894000050038661fd4f, 86
1652706492.76129, sdrt-health/mac:02010b41cdec/antenna/tag/e2806894000040038662114f, 88
1652706492.761779, sdrt-health/mac:02010b41cdec/antenna/tag/e2806894000050038662154f, 88
1652706492.762149, sdrt-health/mac:02010b41cdec/antenna/tag/e28068940000500386620d4f, 81
1652706492.786731, sdrt-health/mac:02010b41cdec/antenna/tag/e2806894000040038662114f, 91
1652706492.826423, sdrt-health/mac:02010b41cdec/antenna/tag/e2806894000050038662154f, 88
1652706492.869414, sdrt-health/mac:02010b41cdec/antenna/tag/e2806894000040038662114f, 91
1652706492.899396, sdrt-health/mac:02010b41cdec/antenna/tag/e2806894000050038662154f, 88
1652706492.899808, sdrt-health/mac:02010b41cdec/antenna/tag/e2806894000050038661fd4f, 86
1652706492.913905, sdrt-health/mac:02010b41cdec/antenna/tag/e28068940000400386621d4f, 96
1652706492.947235, sdrt-health/mac:02010b41cdec/antenna/tag/e28068940000400386621d4f, 96
1652706493.04726, sdrt-health/mac:02010b41cdec/antenna/tag/e2806894000040038662114f, 85
1652706493.110579, sdrt-health/mac:02010b41cdec/antenna/tag/e2806894000050038662194f, 81
1652706493.162878, sdrt-health/mac:02010b41cdec/antenna/tag/e2806894000050038662154f, 85
1652706493.163363, sdrt-health/mac:02010b41cdec/antenna/tag/e2806894000050038661fd4f, 83
1652706493.187535, sdrt-health/mac:02010b41cdec/antenna/tag/e2806894000040038661f94f, 81
1652706493.228336, sdrt-health/mac:02010b41cdec/antenna/tag/e2806894000050038662154f, 91
1652706493.268388, sdrt-health/mac:02010b41cdec/antenna/tag/e2806894000050038661fd4f, 86
1652706493.349447, sdrt-health/mac:02010b41cdec/antenna/tag/e2806894000050038662154f, 88
1652706493.349992, sdrt-health/mac:02010b41cdec/antenna/tag/e28068940000500386620d4f, 81
1652706493.350414, sdrt-health/mac:02010b41cdec/antenna/tag/e28068940000400386621d4f, 90
1652706493.387294, sdrt-health/mac:02010b41cdec/antenna/tag/e2806894000050038662154f, 88
1652706493.414967, sdrt-health/mac:02010b41cdec/antenna/tag/e2806894000050038661fd4f, 86
1652706493.415186, sdrt-health/mac:02010b41cdec/antenna/tag/e2806894000050038661fd4f, 86
1652706493.415324, sdrt-health/mac:02010b41cdec/antenna/tag/e28068940000400386621d4f, 90
1652706493.437434, sdrt-health/mac:02010b41cdec/antenna/tag/e2806894000040038662114f, 91
1652706493.477478, sdrt-health/mac:02010b41cdec/antenna/tag/e28068940000400386621d4f, 90
1652706493.532591, sdrt-health/mac:02010b41cdec/antenna/tag/e2806894000050038662154f, 88
1652706493.533061, sdrt-health/mac:02010b41cdec/antenna/tag/e2806894000040038662114f, 88
1652706493.556073, sdrt-health/mac:02010b41cdec/antenna/tag/e28068940000400386621d4f, 96
1652706493.60795, sdrt-health/mac:02010b41cdec/antenna/tag/e28068940000400386621d4f, 96
1652706493.657124, sdrt-health/mac:02010b41cdec/antenna/tag/e2806894000050038662154f, 88
1652706493.690369, sdrt-health/mac:02010b41cdec/antenna/tag/e2806894000050038661fd4f, 83
1652706493.690883, sdrt-health/mac:02010b41cdec/antenna/tag/e2806894000050038662194f, 81
1652706493.709354, sdrt-health/mac:02010b41cdec/antenna/tag/e28068940000400386621d4f, 96
1652706493.70983, sdrt-health/mac:02010b41cdec/antenna/tag/e28068940000400386621d4f, 77
1652706493.747379, sdrt-health/mac:02010b41cdec/antenna/tag/e28068940000400386621d4f, 96
1652706493.786794, sdrt-health/mac:02010b41cdec/antenna/tag/e28068940000500386620d4f, 88
1652706493.818753, sdrt-health/mac:02010b41cdec/antenna/tag/e2806894000050038661fd4f, 83
1652706493.819066, sdrt-health/mac:02010b41cdec/antenna/tag/e2806894000050038662194f, 83
1652706493.834025, sdrt-health/mac:02010b41cdec/antenna/tag/e28068940000500386620d4f, 84
1652706493.866977, sdrt-health/mac:02010b41cdec/antenna/tag/e28068940000400386621d4f, 96
1652706493.90781, sdrt-health/mac:02010b41cdec/antenna/tag/e2806894000040038662114f, 88
1652706493.948334, sdrt-health/mac:02010b41cdec/antenna/tag/e28068940000400386621d4f, 96
1652706493.987478, sdrt-health/mac:02010b41cdec/antenna/tag/e28068940000400386621d4f, 96
1652706494.015234, sdrt-health/mac:02010b41cdec/antenna/tag/e2806894000050038662154f, 88
1652706494.015504, sdrt-health/mac:02010b41cdec/antenna/tag/e28068940000400386621d4f, 96
1652706494.027975, sdrt-health/mac:02010b41cdec/antenna/tag/e2806894000050038662154f, 88
1652706494.028322, sdrt-health/mac:02010b41cdec/antenna/tag/e2806894000050038662194f, 94
1652706494.074253, sdrt-health/mac:02010b41cdec/antenna/tag/e2806894000040038662114f, 88
1652706494.107251, sdrt-health/mac:02010b41cdec/antenna/tag/e2806894000040038662114f, 85
1652706494.149742, sdrt-health/mac:02010b41cdec/antenna/tag/e28068940000400386621d4f, 90
1652706494.227074, sdrt-health/mac:02010b41cdec/antenna/tag/e2806894000040038662114f, 91
1652706494.26738, sdrt-health/mac:02010b41cdec/antenna/tag/e2806894000050038662154f, 85
1652706494.322328, sdrt-health/mac:02010b41cdec/antenna/tag/e2806894000040038662114f, 91
1652706494.322903, sdrt-health/mac:02010b41cdec/antenna/tag/e28068940000500386620d4f, 81
1652706494.350994, sdrt-health/mac:02010b41cdec/antenna/tag/e2806894000050038661fd4f, 86
1652706494.397047, sdrt-health/mac:02010b41cdec/antenna/tag/e2806894000050038662154f, 88
1652706494.436969, sdrt-health/mac:02010b41cdec/antenna/tag/e2806894000040038662114f, 91
1652706494.465754, sdrt-health/mac:02010b41cdec/antenna/tag/e28068940000400386621d4f, 90
1652706494.466036, sdrt-health/mac:02010b41cdec/antenna/tag/e2806894000050038662194f, 94
1652706494.46623, sdrt-health/mac:02010b41cdec/antenna/tag/e2806894000040038662114f, 91
1652706494.479823, sdrt-health/mac:02010b41cdec/antenna/tag/e2806894000040038662114f, 88
1652706494.517105, sdrt-health/mac:02010b41cdec/antenna/tag/e28068940000500386620d4f, 93
1652706494.557371, sdrt-health/mac:02010b41cdec/antenna/tag/e28068940000500386620d4f, 81
1652706494.597672, sdrt-health/mac:02010b41cdec/antenna/tag/e2806894000050038661fd4f, 86
1652706494.637108, sdrt-health/mac:02010b41cdec/antenna/tag/e2806894000050038661fd4f, 83
1652706494.691148, sdrt-health/mac:02010b41cdec/antenna/tag/e28068940000400386621d4f, 96
1652706494.691715, sdrt-health/mac:02010b41cdec/antenna/tag/e2806894000050038662154f, 88
1652706494.717307, sdrt-health/mac:02010b41cdec/antenna/tag/e2806894000050038661fd4f, 83
1652706494.756307, sdrt-health/mac:02010b41cdec/antenna/tag/e2806894000040038662114f, 88
1652706494.797161, sdrt-health/mac:02010b41cdec/antenna/tag/e2806894000050038662194f, 94
1652706494.836688, sdrt-health/mac:02010b41cdec/antenna/tag/e2806894000040038662114f, 88
1652706494.90795, sdrt-health/mac:02010b41cdec/antenna/tag/e2806894000050038662194f, 81
1652706494.946975, sdrt-health/mac:02010b41cdec/antenna/tag/e2806894000050038661fd4f, 86
1652706494.97414, sdrt-health/mac:02010b41cdec/antenna/tag/e2806894000050038662194f, 87
1652706494.974391, sdrt-health/mac:02010b41cdec/antenna/tag/e2806894000050038661fd4f, 83
1652706495.026844, sdrt-health/mac:02010b41cdec/antenna/tag/e28068940000500386620d4f, 87
1652706495.067519, sdrt-health/mac:02010b41cdec/antenna/tag/e28068940000400386621d4f, 96
1652706495.068593, sdrt-health/mac:02010b41cdec/antenna/tag/e2806894000040038662114f, 88
1652706495.08226, sdrt-health/mac:02010b41cdec/antenna/tag/e28068940000500386620d4f, 83
1652706495.185108, sdrt-health/mac:02010b41cdec/antenna/tag/e2806894000040038662114f, 85
1652706495.268678, sdrt-health/mac:02010b41cdec/antenna/tag/e2806894000050038662154f, 91
1652706495.321656, sdrt-health/mac:02010b41cdec/antenna/tag/e28068940000400386621d4f, 96
1652706495.322122, sdrt-health/mac:02010b41cdec/antenna/tag/e2806894000040038662114f, 88
1652706495.322552, sdrt-health/mac:02010b41cdec/antenna/tag/e2806894000050038662154f, 91
1652706495.335921, sdrt-health/mac:02010b41cdec/antenna/tag/e2806894000040038662114f, 85
1652706495.347342, sdrt-health/mac:02010b41cdec/antenna/tag/e2806894000050038662154f, 91
1652706495.349627, sdrt-health/mac:02010b41cdec/antenna/tag/e28068940000400386621d4f, 96
1652706495.349863, sdrt-health/mac:02010b41cdec/antenna/tag/e28068940000500386620d4f, 83
1652706495.38731, sdrt-health/mac:02010b41cdec/antenna/tag/e28068940000500386620d4f, 87
1652706495.42742, sdrt-health/mac:02010b41cdec/antenna/tag/e2806894000040038662114f, 88
1652706495.467661, sdrt-health/mac:02010b41cdec/antenna/tag/e28068940000500386620d4f, 83
1652706495.52108, sdrt-health/mac:02010b41cdec/antenna/tag/e28068940000500386620d4f, 87
1652706495.521544, sdrt-health/mac:02010b41cdec/antenna/tag/e28068940000400386621d4f, 90
1652706495.546663, sdrt-health/mac:02010b41cdec/antenna/tag/e2806894000040038662214f, 88
1652706495.587704, sdrt-health/mac:02010b41cdec/antenna/tag/e2806894000050038661fd4f, 86
1652706495.642218, sdrt-health/mac:02010b41cdec/antenna/tag/e28068940000400386621d4f, 96
1652706495.642748, sdrt-health/mac:02010b41cdec/antenna/tag/e2806894000050038661fd4f, 83
1652706495.678207, sdrt-health/mac:02010b41cdec/antenna/tag/e2806894000050038661fd4f, 83
1652706495.730667, sdrt-health/mac:02010b41cdec/antenna/tag/e28068940000500386620d4f, 83
1652706495.731144, sdrt-health/mac:02010b41cdec/antenna/tag/e28068940000500386620d4f, 83
1652706495.745728, sdrt-health/mac:02010b41cdec/antenna/tag/e2806894000040038662114f, 88
1652706495.745955, sdrt-health/mac:02010b41cdec/antenna/tag/e2806894000050038662154f, 88
1652706495.757241, sdrt-health/mac:02010b41cdec/antenna/tag/e2806894000040038662114f, 88
1652706495.759764, sdrt-health/mac:02010b41cdec/antenna/tag/e2806894000050038662154f, 91
1652706495.815464, sdrt-health/mac:02010b41cdec/antenna/tag/e2806894000050038662154f, 88
1652706495.843315, sdrt-health/mac:02010b41cdec/antenna/tag/e2806894000040038662114f, 97
1652706495.843651, sdrt-health/mac:02010b41cdec/antenna/tag/e28068940000400386621d4f, 90
1652706495.916541, sdrt-health/mac:02010b41cdec/antenna/tag/e2806894000050038662154f, 88
1652706495.988177, sdrt-health/mac:02010b41cdec/antenna/tag/e2806894000050038662194f, 94
1652706496.094669, sdrt-health/mac:02010b41cdec/antenna/tag/e2806894000050038661fd4f, 86
1652706496.09518, sdrt-health/mac:02010b41cdec/antenna/tag/e28068940000500386620d4f, 81
1652706496.157275, sdrt-health/mac:02010b41cdec/antenna/tag/e2806894000040038662114f, 85
1652706496.19732, sdrt-health/mac:02010b41cdec/antenna/tag/e2806894000050038662194f, 94
1652706496.238286, sdrt-health/mac:02010b41cdec/antenna/tag/e2806894000040038662114f, 88
1652706496.277438, sdrt-health/mac:02010b41cdec/antenna/tag/e28068940000500386620d4f, 85
1652706496.330507, sdrt-health/mac:02010b41cdec/antenna/tag/e2806894000050038662194f, 81
1652706496.330956, sdrt-health/mac:02010b41cdec/antenna/tag/e2806894000050038662194f, 81
1652706496.376176, sdrt-health/mac:02010b41cdec/antenna/tag/e2806894000050038662194f, 81
1652706496.453753, sdrt-health/mac:02010b41cdec/antenna/tag/e2806894000050038662194f, 94
1652706496.454278, sdrt-health/mac:02010b41cdec/antenna/tag/e2806894000050038661fd4f, 83
1652706496.477494, sdrt-health/mac:02010b41cdec/antenna/tag/e2806894000040038662214f, 81
1652706496.51748, sdrt-health/mac:02010b41cdec/antenna/tag/e2806894000040038662114f, 88
1652706496.571084, sdrt-health/mac:02010b41cdec/antenna/tag/e28068940000500386620d4f, 83
1652706496.571535, sdrt-health/mac:02010b41cdec/antenna/tag/e2806894000050038662194f, 84
1652706496.598437, sdrt-health/mac:02010b41cdec/antenna/tag/e2806894000050038662154f, 88
1652706496.650737, sdrt-health/mac:02010b41cdec/antenna/tag/e2806894000040038662114f, 88
1652706496.651207, sdrt-health/mac:02010b41cdec/antenna/tag/e28068940000500386620d4f, 93
1652706496.676512, sdrt-health/mac:02010b41cdec/antenna/tag/e28068940000400386621d4f, 96
1652706496.72706, sdrt-health/mac:02010b41cdec/antenna/tag/e2806894000040038662114f, 91
1652706496.758566, sdrt-health/mac:02010b41cdec/antenna/tag/e28068940000400386621d4f, 90
1652706496.758803, sdrt-health/mac:02010b41cdec/antenna/tag/e2806894000050038661fd4f, 86
1652706496.776156, sdrt-health/mac:02010b41cdec/antenna/tag/e28068940000400386621d4f, 96
1652706496.85925, sdrt-health/mac:02010b41cdec/antenna/tag/e28068940000500386620d4f, 81
1652706496.931138, sdrt-health/mac:02010b41cdec/antenna/tag/e2806894000050038662154f, 91
1652706496.931602, sdrt-health/mac:02010b41cdec/antenna/tag/e2806894000050038661fd4f, 86
1652706496.946878, sdrt-health/mac:02010b41cdec/antenna/tag/e28068940000400386621d4f, 96
1652706496.947295, sdrt-health/mac:02010b41cdec/antenna/tag/e2806894000040038662114f, 85
1652706496.947502, sdrt-health/mac:02010b41cdec/antenna/tag/e28068940000500386620d4f, 81
1652706496.960165, sdrt-health/mac:02010b41cdec/antenna/tag/e2806894000050038661fd4f, 86
1652706496.96044, sdrt-health/mac:02010b41cdec/antenna/tag/e2806894000050038661fd4f, 83
1652706496.960627, sdrt-health/mac:02010b41cdec/antenna/tag/e2806894000050038662194f, 81
1652706496.996926, sdrt-health/mac:02010b41cdec/antenna/tag/e2806894000040038662114f, 85
1652706496.998253, sdrt-health/mac:02010b41cdec/antenna/tag/e2806894000050038661fd4f, 83
1652706497.038381, sdrt-health/mac:02010b41cdec/antenna/tag/e2806894000040038662114f, 88
1652706497.120673, sdrt-health/mac:02010b41cdec/antenna/tag/e28068940000400386621d4f, 96
1652706497.121186, sdrt-health/mac:02010b41cdec/antenna/tag/e2806894000050038661fd4f, 86
1652706497.135274, sdrt-health/mac:02010b41cdec/antenna/tag/e2806894000050038662154f, 88
1652706497.1871, sdrt-health/mac:02010b41cdec/antenna/tag/e28068940000400386621d4f, 90
1652706497.223828, sdrt-health/mac:02010b41cdec/antenna/tag/e28068940000500386620d4f, 81
1652706497.224123, sdrt-health/mac:02010b41cdec/antenna/tag/e2806894000040038662114f, 88
1652706497.241692, sdrt-health/mac:02010b41cdec/antenna/tag/e28068940000500386620d4f, 83
1652706497.241917, sdrt-health/mac:02010b41cdec/antenna/tag/e2806894000040038662114f, 88
1652706497.242103, sdrt-health/mac:02010b41cdec/antenna/tag/e28068940000400386621d4f, 96
1652706497.277354, sdrt-health/mac:02010b41cdec/antenna/tag/e2806894000050038662154f, 88
1652706497.332725, sdrt-health/mac:02010b41cdec/antenna/tag/e28068940000400386621d4f, 90
1652706497.333247, sdrt-health/mac:02010b41cdec/antenna/tag/e28068940000500386620d4f, 94
1652706497.376984, sdrt-health/mac:02010b41cdec/antenna/tag/e2806894000050038661fd4f, 83
1652706497.429573, sdrt-health/mac:02010b41cdec/antenna/tag/e28068940000400386621d4f, 77
1652706497.49616, sdrt-health/mac:02010b41cdec/antenna/tag/e2806894000050038662154f, 85
1652706497.537124, sdrt-health/mac:02010b41cdec/antenna/tag/e28068940000500386620d4f, 83
1652706497.667587, sdrt-health/mac:02010b41cdec/antenna/tag/e2806894000050038662154f, 91
1652706497.709124, sdrt-health/mac:02010b41cdec/antenna/tag/e28068940000500386620d4f, 87
1652706497.761961, sdrt-health/mac:02010b41cdec/antenna/tag/e2806894000040038662114f, 88
1652706497.762418, sdrt-health/mac:02010b41cdec/antenna/tag/e2806894000040038662114f, 91
1652706497.776379, sdrt-health/mac:02010b41cdec/antenna/tag/e28068940000500386620d4f, 93
1652706497.822653, sdrt-health/mac:02010b41cdec/antenna/tag/e28068940000500386620d4f, 83
1652706497.823078, sdrt-health/mac:02010b41cdec/antenna/tag/e2806894000050038661fd4f, 83
1652706497.8471, sdrt-health/mac:02010b41cdec/antenna/tag/e2806894000050038661fd4f, 86
1652706497.921269, sdrt-health/mac:02010b41cdec/antenna/tag/e28068940000500386620d4f, 83
1652706497.921519, sdrt-health/mac:02010b41cdec/antenna/tag/e2806894000050038662194f, 81
1652706497.936118, sdrt-health/mac:02010b41cdec/antenna/tag/e2806894000050038661fd4f, 86
1652706497.936344, sdrt-health/mac:02010b41cdec/antenna/tag/e2806894000050038661fd4f, 83
1652706497.946748, sdrt-health/mac:02010b41cdec/antenna/tag/e2806894000050038661fd4f, 86
1652706497.987547, sdrt-health/mac:02010b41cdec/antenna/tag/e2806894000040038662114f, 91
1652706498.016991, sdrt-health/mac:02010b41cdec/antenna/tag/e2806894000040038662114f, 85
1652706498.017197, sdrt-health/mac:02010b41cdec/antenna/tag/e28068940000500386620d4f, 82
1652706498.031309, sdrt-health/mac:02010b41cdec/antenna/tag/e2806894000050038661fd4f, 86
1652706498.067348, sdrt-health/mac:02010b41cdec/antenna/tag/e2806894000050038662154f, 85
1652706498.123311, sdrt-health/mac:02010b41cdec/antenna/tag/e2806894000050038661fd4f, 83
1652706498.123881, sdrt-health/mac:02010b41cdec/antenna/tag/e28068940000400386621d4f, 96
1652706498.146312, sdrt-health/mac:02010b41cdec/antenna/tag/e2806894000050038662154f, 91
1652706498.18688, sdrt-health/mac:02010b41cdec/antenna/tag/e2806894000040038662114f, 88
1652706498.187778, sdrt-health/mac:02010b41cdec/antenna/tag/e2806894000050038661fd4f, 86
1652706498.202651, sdrt-health/mac:02010b41cdec/antenna/tag/e2806894000050038662154f, 88
1652706498.227514, sdrt-health/mac:02010b41cdec/antenna/tag/e2806894000040038662114f, 88
1652706498.281218, sdrt-health/mac:02010b41cdec/antenna/tag/e2806894000050038661fd4f, 86
1652706498.281696, sdrt-health/mac:02010b41cdec/antenna/tag/e2806894000040038661f94f, 81
1652706498.306834, sdrt-health/mac:02010b41cdec/antenna/tag/e2806894000050038661fd4f, 83
1652706498.430945, sdrt-health/mac:02010b41cdec/antenna/tag/e2806894000050038662154f, 88
1652706498.431402, sdrt-health/mac:02010b41cdec/antenna/tag/e2806894000050038661fd4f, 83
1652706498.479003, sdrt-health/mac:02010b41cdec/antenna/tag/e2806894000050038662194f, 81
1652706498.509326, sdrt-health/mac:02010b41cdec/antenna/tag/e2806894000050038662154f, 88
1652706498.510568, sdrt-health/mac:02010b41cdec/antenna/tag/e2806894000050038661fd4f, 86
1652706498.524897, sdrt-health/mac:02010b41cdec/antenna/tag/e2806894000050038661fd4f, 83
1652706498.525312, sdrt-health/mac:02010b41cdec/antenna/tag/e2806894000040038662114f, 88
1652706498.557592, sdrt-health/mac:02010b41cdec/antenna/tag/e2806894000040038662114f, 88
1652706498.611105, sdrt-health/mac:02010b41cdec/antenna/tag/e2806894000050038662154f, 85
1652706498.611511, sdrt-health/mac:02010b41cdec/antenna/tag/e28068940000400386621d4f, 96
1652706498.637409, sdrt-health/mac:02010b41cdec/antenna/tag/e2806894000040038662214f, 94
1652706498.677837, sdrt-health/mac:02010b41cdec/antenna/tag/e28068940000500386620d4f, 83
1652706498.718477, sdrt-health/mac:02010b41cdec/antenna/tag/e28068940000500386620d4f, 81
1652706498.757622, sdrt-health/mac:02010b41cdec/antenna/tag/e2806894000040038662114f, 85
1652706498.821997, sdrt-health/mac:02010b41cdec/antenna/tag/e2806894000040038662214f, 82
1652706498.822508, sdrt-health/mac:02010b41cdec/antenna/tag/e2806894000050038661fd4f, 83
1652706498.837235, sdrt-health/mac:02010b41cdec/antenna/tag/e2806894000040038662114f, 85
1652706498.856662, sdrt-health/mac:02010b41cdec/antenna/tag/e2806894000040038662114f, 88
1652706498.933491, sdrt-health/mac:02010b41cdec/antenna/tag/e2806894000040038662114f, 85
1652706498.933799, sdrt-health/mac:02010b41cdec/antenna/tag/e2806894000050038662194f, 81
1652706498.958962, sdrt-health/mac:02010b41cdec/antenna/tag/e2806894000050038662154f, 85
1652706498.99784, sdrt-health/mac:02010b41cdec/antenna/tag/e2806894000040038662114f, 88
1652706499.053243, sdrt-health/mac:02010b41cdec/antenna/tag/e2806894000050038661fd4f, 83
1652706499.053714, sdrt-health/mac:02010b41cdec/antenna/tag/e2806894000050038662194f, 83
1652706499.06889, sdrt-health/mac:02010b41cdec/antenna/tag/e2806894000050038661fd4f, 86
1652706499.077692, sdrt-health/mac:02010b41cdec/antenna/tag/e2806894000050038662154f, 88
1652706499.118108, sdrt-health/mac:02010b41cdec/antenna/tag/e2806894000040038662114f, 88
1652706499.151826, sdrt-health/mac:02010b41cdec/antenna/tag/e2806894000050038662154f, 88
1652706499.152111, sdrt-health/mac:02010b41cdec/antenna/tag/e2806894000050038662194f, 81
1652706499.167244, sdrt-health/mac:02010b41cdec/antenna/tag/e2806894000050038662194f, 81
1652706499.19698, sdrt-health/mac:02010b41cdec/antenna/tag/e28068940000500386620d4f, 83
1652706499.238371, sdrt-health/mac:02010b41cdec/antenna/tag/e28068940000400386621d4f, 77
1652706499.29763, sdrt-health/mac:02010b41cdec/antenna/tag/e2806894000040038662114f, 88
1652706499.347555, sdrt-health/mac:02010b41cdec/antenna/tag/e2806894000040038662114f, 91
1652706499.378985, sdrt-health/mac:02010b41cdec/antenna/tag/e28068940000500386620d4f, 81
1652706499.379343, sdrt-health/mac:02010b41cdec/antenna/tag/e2806894000050038661fd4f, 86
1652706499.393844, sdrt-health/mac:02010b41cdec/antenna/tag/e2806894000050038662154f, 88
1652706499.394214, sdrt-health/mac:02010b41cdec/antenna/tag/e2806894000040038662114f, 91
1652706499.428231, sdrt-health/mac:02010b41cdec/antenna/tag/e2806894000040038662114f, 97
1652706499.492374, sdrt-health/mac:02010b41cdec/antenna/tag/e2806894000050038662154f, 88
1652706499.492843, sdrt-health/mac:02010b41cdec/antenna/tag/e2806894000050038661fd4f, 86
1652706499.507564, sdrt-health/mac:02010b41cdec/antenna/tag/e2806894000050038661fd4f, 86
1652706499.547466, sdrt-health/mac:02010b41cdec/antenna/tag/e2806894000040038662114f, 88
1652706499.68844, sdrt-health/mac:02010b41cdec/antenna/tag/e2806894000050038662154f, 91
1652706499.738716, sdrt-health/mac:02010b41cdec/antenna/tag/e2806894000040038662114f, 88
1652706499.769883, sdrt-health/mac:02010b41cdec/antenna/tag/e2806894000050038661fd4f, 86
1652706499.770248, sdrt-health/mac:02010b41cdec/antenna/tag/e28068940000400386621d4f, 96
1652706499.770499, sdrt-health/mac:02010b41cdec/antenna/tag/e2806894000050038661fd4f, 86
1652706499.786721, sdrt-health/mac:02010b41cdec/antenna/tag/e2806894000050038662154f, 91
1652706499.78705, sdrt-health/mac:02010b41cdec/antenna/tag/e2806894000050038661fd4f, 86
1652706499.826442, sdrt-health/mac:02010b41cdec/antenna/tag/e2806894000050038661fd4f, 86
1652706499.89586, sdrt-health/mac:02010b41cdec/antenna/tag/e2806894000050038662154f, 88
1652706499.896379, sdrt-health/mac:02010b41cdec/antenna/tag/e2806894000050038661fd4f, 83
1652706499.957975, sdrt-health/mac:02010b41cdec/antenna/tag/e28068940000400386621d4f, 96
1652706499.997697, sdrt-health/mac:02010b41cdec/antenna/tag/e2806894000050038661fd4f, 83
1652706500.037087, sdrt-health/mac:02010b41cdec/antenna/tag/e2806894000050038661fd4f, 83
1652706500.077951, sdrt-health/mac:02010b41cdec/antenna/tag/e2806894000050038661fd4f, 83
1652706500.118694, sdrt-health/mac:02010b41cdec/antenna/tag/e28068940000400386621d4f, 96
1652706500.172602, sdrt-health/mac:02010b41cdec/antenna/tag/e2806894000050038662194f, 94
1652706500.172999, sdrt-health/mac:02010b41cdec/antenna/tag/e2806894000040038662114f, 85
1652706500.187527, sdrt-health/mac:02010b41cdec/antenna/tag/e2806894000050038662194f, 81
1652706500.216452, sdrt-health/mac:02010b41cdec/antenna/tag/e2806894000040038662114f, 85
1652706500.216673, sdrt-health/mac:02010b41cdec/antenna/tag/e2806894000050038662194f, 81
1652706500.237088, sdrt-health/mac:02010b41cdec/antenna/tag/e2806894000040038662114f, 85
1652706500.277074, sdrt-health/mac:02010b41cdec/antenna/tag/e2806894000050038662194f, 94
1652706500.354016, sdrt-health/mac:02010b41cdec/antenna/tag/e2806894000040038662114f, 88
1652706500.354518, sdrt-health/mac:02010b41cdec/antenna/tag/e28068940000500386620d4f, 87
1652706500.369598, sdrt-health/mac:02010b41cdec/antenna/tag/e2806894000050038661fd4f, 83
1652706500.469532, sdrt-health/mac:02010b41cdec/antenna/tag/e2806894000050038662154f, 88
1652706500.54812, sdrt-health/mac:02010b41cdec/antenna/tag/e2806894000050038662154f, 88
1652706500.614176, sdrt-health/mac:02010b41cdec/antenna/tag/e28068940000400386621d4f, 96
1652706500.614726, sdrt-health/mac:02010b41cdec/antenna/tag/e2806894000040038662114f, 88
1652706500.637853, sdrt-health/mac:02010b41cdec/antenna/tag/e28068940000500386620d4f, 83
1652706500.693757, sdrt-health/mac:02010b41cdec/antenna/tag/e2806894000050038661fd4f, 86
1652706500.69424, sdrt-health/mac:02010b41cdec/antenna/tag/e28068940000400386621d4f, 90
1652706500.708936, sdrt-health/mac:02010b41cdec/antenna/tag/e2806894000050038662154f, 88
1652706500.709181, sdrt-health/mac:02010b41cdec/antenna/tag/e28068940000500386620d4f, 93
1652706500.717846, sdrt-health/mac:02010b41cdec/antenna/tag/e2806894000050038662154f, 91
1652706500.759792, sdrt-health/mac:02010b41cdec/antenna/tag/e28068940000500386620d4f, 94
1652706500.814328, sdrt-health/mac:02010b41cdec/antenna/tag/e2806894000050038662154f, 88
1652706500.814635, sdrt-health/mac:02010b41cdec/antenna/tag/e2806894000040038662114f, 88
1652706500.837419, sdrt-health/mac:02010b41cdec/antenna/tag/e2806894000050038662154f, 91
1652706500.908128, sdrt-health/mac:02010b41cdec/antenna/tag/e2806894000050038662194f, 83
1652706500.994053, sdrt-health/mac:02010b41cdec/antenna/tag/e2806894000040038662114f, 88
1652706500.994542, sdrt-health/mac:02010b41cdec/antenna/tag/e28068940000400386621d4f, 90
1652706501.01704, sdrt-health/mac:02010b41cdec/antenna/tag/e28068940000500386620d4f, 93
1652706501.073903, sdrt-health/mac:02010b41cdec/antenna/tag/e2806894000040038662114f, 85
1652706501.074415, sdrt-health/mac:02010b41cdec/antenna/tag/e2806894000040038662114f, 88
1652706501.089481, sdrt-health/mac:02010b41cdec/antenna/tag/e2806894000040038662114f, 88
1652706501.090116, sdrt-health/mac:02010b41cdec/antenna/tag/e2806894000050038661fd4f, 83
1652706501.090725, sdrt-health/mac:02010b41cdec/antenna/tag/e2806894000040038662114f, 91
1652706501.117749, sdrt-health/mac:02010b41cdec/antenna/tag/e2806894000040038662114f, 85
1652706501.157587, sdrt-health/mac:02010b41cdec/antenna/tag/e2806894000040038662114f, 85
1652706501.271958, sdrt-health/mac:02010b41cdec/antenna/tag/e28068940000500386620d4f, 88
1652706501.27243, sdrt-health/mac:02010b41cdec/antenna/tag/e28068940000400386621d4f, 96
1652706501.317956, sdrt-health/mac:02010b41cdec/antenna/tag/e2806894000050038661fd4f, 86
1652706501.374327, sdrt-health/mac:02010b41cdec/antenna/tag/e2806894000040038662114f, 85
1652706501.374808, sdrt-health/mac:02010b41cdec/antenna/tag/e28068940000400386621d4f, 96
1652706501.396737, sdrt-health/mac:02010b41cdec/antenna/tag/e2806894000050038662194f, 81
1652706501.452788, sdrt-health/mac:02010b41cdec/antenna/tag/e28068940000400386621d4f, 96
1652706501.453305, sdrt-health/mac:02010b41cdec/antenna/tag/e2806894000040038662114f, 88
1652706501.469776, sdrt-health/mac:02010b41cdec/antenna/tag/e2806894000050038662194f, 94
1652706501.496597, sdrt-health/mac:02010b41cdec/antenna/tag/e2806894000050038662154f, 91
1652706501.553612, sdrt-health/mac:02010b41cdec/antenna/tag/e2806894000050038661fd4f, 86
1652706501.554121, sdrt-health/mac:02010b41cdec/antenna/tag/e2806894000050038662154f, 88
1652706501.588705, sdrt-health/mac:02010b41cdec/antenna/tag/e28068940000500386620d4f, 85
1652706501.619314, sdrt-health/mac:02010b41cdec/antenna/tag/e2806894000050038662154f, 88
1652706501.619717, sdrt-health/mac:02010b41cdec/antenna/tag/e2806894000040038662114f, 88
1652706501.619979, sdrt-health/mac:02010b41cdec/antenna/tag/e28068940000500386620d4f, 87
1652706501.637547, sdrt-health/mac:02010b41cdec/antenna/tag/e28068940000500386620d4f, 87
1652706501.67729, sdrt-health/mac:02010b41cdec/antenna/tag/e2806894000050038662154f, 91
1652706501.78417, sdrt-health/mac:02010b41cdec/antenna/tag/e2806894000050038662154f, 88
1652706501.784617, sdrt-health/mac:02010b41cdec/antenna/tag/e28068940000500386620d4f, 81
1652706501.817243, sdrt-health/mac:02010b41cdec/antenna/tag/e2806894000040038662114f, 88
1652706501.875202, sdrt-health/mac:02010b41cdec/antenna/tag/e2806894000050038662154f, 88
1652706501.875691, sdrt-health/mac:02010b41cdec/antenna/tag/e28068940000500386620d4f, 83
1652706501.90715, sdrt-health/mac:02010b41cdec/antenna/tag/e2806894000050038662154f, 88
1652706501.963642, sdrt-health/mac:02010b41cdec/antenna/tag/e28068940000400386621d4f, 90
1652706501.964112, sdrt-health/mac:02010b41cdec/antenna/tag/e2806894000040038662114f, 88
1652706501.999436, sdrt-health/mac:02010b41cdec/antenna/tag/e2806894000040038662114f, 88
1652706502.052379, sdrt-health/mac:02010b41cdec/antenna/tag/e2806894000050038662154f, 88
1652706502.052843, sdrt-health/mac:02010b41cdec/antenna/tag/e2806894000040038662214f, 84
1652706502.067357, sdrt-health/mac:02010b41cdec/antenna/tag/e2806894000050038662154f, 88
1652706502.067851, sdrt-health/mac:02010b41cdec/antenna/tag/e2806894000050038661fd4f, 83
1652706502.077865, sdrt-health/mac:02010b41cdec/antenna/tag/e2806894000050038662154f, 85
1652706502.118184, sdrt-health/mac:02010b41cdec/antenna/tag/e28068940000400386621d4f, 77
1652706502.203436, sdrt-health/mac:02010b41cdec/antenna/tag/e2806894000040038662214f, 94
1652706502.203896, sdrt-health/mac:02010b41cdec/antenna/tag/e2806894000050038661fd4f, 83
1652706502.227589, sdrt-health/mac:02010b41cdec/antenna/tag/e2806894000040038662114f, 88
1652706502.313643, sdrt-health/mac:02010b41cdec/antenna/tag/e28068940000400386621d4f, 90
1652706502.314121, sdrt-health/mac:02010b41cdec/antenna/tag/e2806894000040038662114f, 88
1652706502.329618, sdrt-health/mac:02010b41cdec/antenna/tag/e28068940000400386621d4f, 90
1652706502.390029, sdrt-health/mac:02010b41cdec/antenna/tag/e2806894000040038662114f, 91
1652706502.390587, sdrt-health/mac:02010b41cdec/antenna/tag/e2806894000050038662194f, 81
1652706502.418597, sdrt-health/mac:02010b41cdec/antenna/tag/e2806894000050038662154f, 91
1652706502.448086, sdrt-health/mac:02010b41cdec/antenna/tag/e28068940000400386621d4f, 90
1652706502.44832, sdrt-health/mac:02010b41cdec/antenna/tag/e2806894000050038661fd4f, 86
1652706502.448466, sdrt-health/mac:02010b41cdec/antenna/tag/e2806894000040038662114f, 91
1652706502.468422, sdrt-health/mac:02010b41cdec/antenna/tag/e2806894000050038662194f, 83
1652706502.500696, sdrt-health/mac:02010b41cdec/antenna/tag/e2806894000050038662154f, 88
1652706502.501017, sdrt-health/mac:02010b41cdec/antenna/tag/e2806894000050038662154f, 88
1652706502.548684, sdrt-health/mac:02010b41cdec/antenna/tag/e2806894000050038662154f, 88
1652706502.586393, sdrt-health/mac:02010b41cdec/antenna/tag/e2806894000040038662114f, 88
1652706502.638992, sdrt-health/mac:02010b41cdec/antenna/tag/e2806894000040038662114f, 85
1652706502.676985, sdrt-health/mac:02010b41cdec/antenna/tag/e2806894000040038662114f, 85
1652706502.717413, sdrt-health/mac:02010b41cdec/antenna/tag/e28068940000400386621d4f, 90
1652706502.772794, sdrt-health/mac:02010b41cdec/antenna/tag/e2806894000050038661fd4f, 83
1652706502.773223, sdrt-health/mac:02010b41cdec/antenna/tag/e28068940000400386621d4f, 96
1652706502.787087, sdrt-health/mac:02010b41cdec/antenna/tag/e2806894000050038661fd4f, 83
1652706502.787361, sdrt-health/mac:02010b41cdec/antenna/tag/e2806894000050038662194f, 88
1652706502.85603, sdrt-health/mac:02010b41cdec/antenna/tag/e2806894000040038662114f, 88
1652706502.948661, sdrt-health/mac:02010b41cdec/antenna/tag/e28068940000400386621d4f, 77
1652706502.988748, sdrt-health/mac:02010b41cdec/antenna/tag/e2806894000050038661fd4f, 83
1652706503.042234, sdrt-health/mac:02010b41cdec/antenna/tag/e2806894000040038662214f, 88
1652706503.042674, sdrt-health/mac:02010b41cdec/antenna/tag/e2806894000050038662194f, 82
1652706503.05603, sdrt-health/mac:02010b41cdec/antenna/tag/e2806894000040038662114f, 85
1652706503.066608, sdrt-health/mac:02010b41cdec/antenna/tag/e28068940000500386620d4f, 87
1652706503.070647, sdrt-health/mac:02010b41cdec/antenna/tag/e2806894000050038662154f, 91
1652706503.107293, sdrt-health/mac:02010b41cdec/antenna/tag/e2806894000050038662194f, 81
1652706503.147665, sdrt-health/mac:02010b41cdec/antenna/tag/e2806894000050038661fd4f, 86
1652706503.208257, sdrt-health/mac:02010b41cdec/antenna/tag/e28068940000500386620d4f, 83
1652706503.256539, sdrt-health/mac:02010b41cdec/antenna/tag/e2806894000040038662114f, 88
1652706503.309057, sdrt-health/mac:02010b41cdec/antenna/tag/e2806894000050038662154f, 91
1652706503.34677, sdrt-health/mac:02010b41cdec/antenna/tag/e2806894000040038662114f, 88
1652706503.387288, sdrt-health/mac:02010b41cdec/antenna/tag/e28068940000400386621d4f, 90
1652706503.442371, sdrt-health/mac:02010b41cdec/antenna/tag/e2806894000050038661fd4f, 86
1652706503.443033, sdrt-health/mac:02010b41cdec/antenna/tag/e28068940000500386620d4f, 83
1652706503.468401, sdrt-health/mac:02010b41cdec/antenna/tag/e2806894000050038662194f, 94
1652706503.554039, sdrt-health/mac:02010b41cdec/antenna/tag/e2806894000050038662194f, 81
1652706503.554573, sdrt-health/mac:02010b41cdec/antenna/tag/e28068940000400386621d4f, 96
1652706503.687955, sdrt-health/mac:02010b41cdec/antenna/tag/e28068940000400386621d4f, 96
1652706503.717212, sdrt-health/mac:02010b41cdec/antenna/tag/e28068940000500386620d4f, 87
1652706503.717558, sdrt-health/mac:02010b41cdec/antenna/tag/e28068940000500386620d4f, 81
1652706503.717864, sdrt-health/mac:02010b41cdec/antenna/tag/e28068940000400386621d4f, 96
1652706503.718144, sdrt-health/mac:02010b41cdec/antenna/tag/e2806894000050038661fd4f, 90
1652706503.736334, sdrt-health/mac:02010b41cdec/antenna/tag/e2806894000050038661fd4f, 86
1652706503.812874, sdrt-health/mac:02010b41cdec/antenna/tag/e2806894000040038662114f, 85
1652706503.813338, sdrt-health/mac:02010b41cdec/antenna/tag/e2806894000050038661fd4f, 86
1652706503.813711, sdrt-health/mac:02010b41cdec/antenna/tag/e2806894000040038662114f, 91
1652706503.814086, sdrt-health/mac:02010b41cdec/antenna/tag/e28068940000400386621d4f, 96
1652706503.837829, sdrt-health/mac:02010b41cdec/antenna/tag/e28068940000400386621d4f, 77
1652706503.888752, sdrt-health/mac:02010b41cdec/antenna/tag/e2806894000040038662114f, 85
1652706503.928029, sdrt-health/mac:02010b41cdec/antenna/tag/e28068940000400386621d4f, 77
1652706503.978287, sdrt-health/mac:02010b41cdec/antenna/tag/e2806894000040038662214f, 84
1652706504.017775, sdrt-health/mac:02010b41cdec/antenna/tag/e2806894000050038661fd4f, 83
1652706504.068632, sdrt-health/mac:02010b41cdec/antenna/tag/e2806894000050038662194f, 88
1652706504.107418, sdrt-health/mac:02010b41cdec/antenna/tag/e2806894000040038662054f, 83
1652706504.148004, sdrt-health/mac:02010b41cdec/antenna/tag/e2806894000050038662154f, 91
1652706504.254207, sdrt-health/mac:02010b41cdec/antenna/tag/e28068940000400386621d4f, 96
1652706504.254704, sdrt-health/mac:02010b41cdec/antenna/tag/e28068940000500386620d4f, 83
1652706504.269966, sdrt-health/mac:02010b41cdec/antenna/tag/e2806894000050038661fd4f, 83
1652706504.302971, sdrt-health/mac:02010b41cdec/antenna/tag/e2806894000040038662114f, 85
1652706504.303304, sdrt-health/mac:02010b41cdec/antenna/tag/e2806894000040038661f94f, 94
1652706504.303526, sdrt-health/mac:02010b41cdec/antenna/tag/e2806894000050038661fd4f, 86
1652706504.303763, sdrt-health/mac:02010b41cdec/antenna/tag/e2806894000040038662114f, 85
1652706504.318922, sdrt-health/mac:02010b41cdec/antenna/tag/e28068940000400386621d4f, 90
1652706504.350513, sdrt-health/mac:02010b41cdec/antenna/tag/e28068940000500386620d4f, 83
1652706504.3508, sdrt-health/mac:02010b41cdec/antenna/tag/e2806894000050038662154f, 88
1652706504.366019, sdrt-health/mac:02010b41cdec/antenna/tag/e2806894000050038662154f, 88
1652706504.397253, sdrt-health/mac:02010b41cdec/antenna/tag/e28068940000400386621d4f, 90
1652706504.453116, sdrt-health/mac:02010b41cdec/antenna/tag/e2806894000050038661fd4f, 83
1652706504.453474, sdrt-health/mac:02010b41cdec/antenna/tag/e28068940000400386621d4f, 90
1652706504.468909, sdrt-health/mac:02010b41cdec/antenna/tag/e2806894000050038662154f, 91
1652706504.46933, sdrt-health/mac:02010b41cdec/antenna/tag/e2806894000050038662194f, 81
1652706504.478026, sdrt-health/mac:02010b41cdec/antenna/tag/e2806894000040038662114f, 91
1652706504.517568, sdrt-health/mac:02010b41cdec/antenna/tag/e2806894000040038662114f, 85
1652706504.58426, sdrt-health/mac:02010b41cdec/antenna/tag/e2806894000050038662154f, 85
1652706504.584763, sdrt-health/mac:02010b41cdec/antenna/tag/e28068940000500386620d4f, 81
1652706504.630212, sdrt-health/mac:02010b41cdec/antenna/tag/e2806894000050038661fd4f, 86
1652706504.677715, sdrt-health/mac:02010b41cdec/antenna/tag/e2806894000050038662194f, 81
1652706504.731437, sdrt-health/mac:02010b41cdec/antenna/tag/e2806894000050038661fd4f, 83
1652706504.731888, sdrt-health/mac:02010b41cdec/antenna/tag/e2806894000050038662194f, 81
1652706504.746218, sdrt-health/mac:02010b41cdec/antenna/tag/e2806894000050038662194f, 81
1652706504.757681, sdrt-health/mac:02010b41cdec/antenna/tag/e2806894000050038661fd4f, 86
1652706504.762845, sdrt-health/mac:02010b41cdec/antenna/tag/e28068940000400386621d4f, 90
1652706504.798718, sdrt-health/mac:02010b41cdec/antenna/tag/e28068940000400386621d4f, 90
1652706504.855881, sdrt-health/mac:02010b41cdec/antenna/tag/e2806894000050038661fd4f, 86
1652706504.856359, sdrt-health/mac:02010b41cdec/antenna/tag/e28068940000500386620d4f, 83
1652706504.875111, sdrt-health/mac:02010b41cdec/antenna/tag/e28068940000400386621d4f, 96
1652706504.875384, sdrt-health/mac:02010b41cdec/antenna/tag/e2806894000040038662114f, 88
1652706504.875558, sdrt-health/mac:02010b41cdec/antenna/tag/e2806894000050038662154f, 91
1652706504.889605, sdrt-health/mac:02010b41cdec/antenna/tag/e2806894000050038662194f, 83
1652706504.936717, sdrt-health/mac:02010b41cdec/antenna/tag/e2806894000050038662194f, 81
1652706504.978227, sdrt-health/mac:02010b41cdec/antenna/tag/e2806894000050038662154f, 88
1652706505.027989, sdrt-health/mac:02010b41cdec/antenna/tag/e2806894000050038661fd4f, 83
1652706505.067818, sdrt-health/mac:02010b41cdec/antenna/tag/e2806894000050038662154f, 88
1652706505.133375, sdrt-health/mac:02010b41cdec/antenna/tag/e2806894000050038662194f, 87
1652706505.133856, sdrt-health/mac:02010b41cdec/antenna/tag/e2806894000040038662114f, 88
1652706505.134226, sdrt-health/mac:02010b41cdec/antenna/tag/e2806894000050038662194f, 83
1652706505.150235, sdrt-health/mac:02010b41cdec/antenna/tag/e2806894000050038661fd4f, 86
1652706505.157041, sdrt-health/mac:02010b41cdec/antenna/tag/e2806894000050038661fd4f, 83
1652706505.198811, sdrt-health/mac:02010b41cdec/antenna/tag/e2806894000040038662214f, 88
1652706505.253278, sdrt-health/mac:02010b41cdec/antenna/tag/e2806894000050038662154f, 88
1652706505.253744, sdrt-health/mac:02010b41cdec/antenna/tag/e28068940000400386621d4f, 77
1652706505.270337, sdrt-health/mac:02010b41cdec/antenna/tag/e2806894000050038662154f, 85
1652706505.277244, sdrt-health/mac:02010b41cdec/antenna/tag/e2806894000050038662154f, 88
1652706505.31704, sdrt-health/mac:02010b41cdec/antenna/tag/e2806894000040038662114f, 85
1652706505.371272, sdrt-health/mac:02010b41cdec/antenna/tag/e2806894000050038661fd4f, 83
1652706505.371726, sdrt-health/mac:02010b41cdec/antenna/tag/e28068940000400386621d4f, 77
1652706505.427753, sdrt-health/mac:02010b41cdec/antenna/tag/e2806894000050038662154f, 88
1652706505.468038, sdrt-health/mac:02010b41cdec/antenna/tag/e28068940000400386621d4f, 77
1652706505.508672, sdrt-health/mac:02010b41cdec/antenna/tag/e2806894000050038662194f, 94
1652706505.590996, sdrt-health/mac:02010b41cdec/antenna/tag/e28068940000500386620d4f, 81
1652706505.591496, sdrt-health/mac:02010b41cdec/antenna/tag/e2806894000050038662194f, 94
1652706505.61829, sdrt-health/mac:02010b41cdec/antenna/tag/e2806894000050038661fd4f, 83
1652706505.646508, sdrt-health/mac:02010b41cdec/antenna/tag/e2806894000040038662114f, 91
1652706505.646789, sdrt-health/mac:02010b41cdec/antenna/tag/e2806894000050038662194f, 81
1652706505.647022, sdrt-health/mac:02010b41cdec/antenna/tag/e2806894000050038662194f, 81
1652706505.667423, sdrt-health/mac:02010b41cdec/antenna/tag/e2806894000050038662194f, 81
1652706505.717517, sdrt-health/mac:02010b41cdec/antenna/tag/e2806894000040038662114f, 88
1652706505.808832, sdrt-health/mac:02010b41cdec/antenna/tag/e2806894000040038662114f, 91
1652706505.848785, sdrt-health/mac:02010b41cdec/antenna/tag/e2806894000050038662154f, 88
1652706505.878788, sdrt-health/mac:02010b41cdec/antenna/tag/e2806894000040038662114f, 88
1652706505.87906, sdrt-health/mac:02010b41cdec/antenna/tag/e28068940000500386620d4f, 88
1652706505.948568, sdrt-health/mac:02010b41cdec/antenna/tag/e28068940000500386620d4f, 81
1652706506.013535, sdrt-health/mac:02010b41cdec/antenna/tag/e28068940000400386621d4f, 96
1652706506.014007, sdrt-health/mac:02010b41cdec/antenna/tag/e2806894000050038661fd4f, 86
1652706506.02946, sdrt-health/mac:02010b41cdec/antenna/tag/e28068940000400386621d4f, 96
1652706506.029799, sdrt-health/mac:02010b41cdec/antenna/tag/e28068940000400386621d4f, 90
1652706506.067772, sdrt-health/mac:02010b41cdec/antenna/tag/e2806894000040038662114f, 85
1652706506.106682, sdrt-health/mac:02010b41cdec/antenna/tag/e2806894000050038662154f, 88
1652706506.147168, sdrt-health/mac:02010b41cdec/antenna/tag/e28068940000500386620d4f, 84
1652706506.275294, sdrt-health/mac:02010b41cdec/antenna/tag/e2806894000050038662154f, 91
1652706506.327795, sdrt-health/mac:02010b41cdec/antenna/tag/e2806894000050038662154f, 91
1652706506.376667, sdrt-health/mac:02010b41cdec/antenna/tag/e28068940000400386621d4f, 90
1652706506.419068, sdrt-health/mac:02010b41cdec/antenna/tag/e2806894000050038661fd4f, 86
1652706506.501038, sdrt-health/mac:02010b41cdec/antenna/tag/e28068940000400386621d4f, 90
1652706506.501552, sdrt-health/mac:02010b41cdec/antenna/tag/e2806894000050038662194f, 81
1652706506.536736, sdrt-health/mac:02010b41cdec/antenna/tag/e2806894000050038661fd4f, 86
1652706506.577369, sdrt-health/mac:02010b41cdec/antenna/tag/e2806894000050038661fd4f, 83
1652706506.608709, sdrt-health/mac:02010b41cdec/antenna/tag/e2806894000040038662114f, 85
1652706506.656794, sdrt-health/mac:02010b41cdec/antenna/tag/e2806894000050038662154f, 88
1652706506.720803, sdrt-health/mac:02010b41cdec/antenna/tag/e28068940000400386621d4f, 90
1652706506.721318, sdrt-health/mac:02010b41cdec/antenna/tag/e2806894000050038662194f, 81
1652706506.745977, sdrt-health/mac:02010b41cdec/antenna/tag/e2806894000040038662114f, 88
1652706506.796369, sdrt-health/mac:02010b41cdec/antenna/tag/e2806894000050038661fd4f, 83
1652706506.797185, sdrt-health/mac:02010b41cdec/antenna/tag/e28068940000400386621d4f, 77
1652706506.810307, sdrt-health/mac:02010b41cdec/antenna/tag/e2806894000040038662114f, 85
1652706506.837105, sdrt-health/mac:02010b41cdec/antenna/tag/e28068940000500386620d4f, 87
1652706506.876423, sdrt-health/mac:02010b41cdec/antenna/tag/e2806894000040038662114f, 88
1652706506.917825, sdrt-health/mac:02010b41cdec/antenna/tag/e2806894000050038661fd4f, 83
1652706506.977803, sdrt-health/mac:02010b41cdec/antenna/tag/e28068940000400386621d4f, 96
1652706507.027357, sdrt-health/mac:02010b41cdec/antenna/tag/e2806894000050038662194f, 83
1652706507.081178, sdrt-health/mac:02010b41cdec/antenna/tag/e2806894000040038662114f, 85
1652706507.081705, sdrt-health/mac:02010b41cdec/antenna/tag/e28068940000400386621d4f, 90
1652706507.095807, sdrt-health/mac:02010b41cdec/antenna/tag/e2806894000050038662194f, 94
1652706507.106554, sdrt-health/mac:02010b41cdec/antenna/tag/e2806894000050038661fd4f, 86
1652706507.14698, sdrt-health/mac:02010b41cdec/antenna/tag/e28068940000400386621d4f, 90
1652706507.147555, sdrt-health/mac:02010b41cdec/antenna/tag/e2806894000050038662154f, 97
1652706507.218354, sdrt-health/mac:02010b41cdec/antenna/tag/e2806894000050038661fd4f, 86
1652706507.267943, sdrt-health/mac:02010b41cdec/antenna/tag/e28068940000400386621d4f, 90
1652706507.342829, sdrt-health/mac:02010b41cdec/antenna/tag/e28068940000500386620d4f, 94
1652706507.343328, sdrt-health/mac:02010b41cdec/antenna/tag/e2806894000040038662114f, 91
1652706507.48929, sdrt-health/mac:02010b41cdec/antenna/tag/scan, scan stopped
