1652706687.291421, sdrt-health/mac:02010b41cdec/antenna/power/set, {"power": 280}
1652706688.371057, sdrt-health/mac:02010b41cdec/antenna/power/set, 
1652706692.313653, sdrt-health/mac:02010b41cdec/antenna/tag/scan, {"time": 20000}
1652706692.691272, sdrt-health/mac:02010b41cdec/antenna/tag/e2806894000050038661fd4f, 83
1652706692.746485, sdrt-health/mac:02010b41cdec/antenna/tag/e28068940000400386621d4f, 96
1652706692.776754, sdrt-health/mac:02010b41cdec/antenna/tag/e2806894000050038662154f, 91
1652706692.777398, sdrt-health/mac:02010b41cdec/antenna/tag/e2806894000050038661fd4f, 83
1652706692.790856, sdrt-health/mac:02010b41cdec/antenna/tag/e28068940000400386621d4f, 77
1652706692.850857, sdrt-health/mac:02010b41cdec/antenna/tag/e28068940000400386621d4f, 96
1652706692.910712, sdrt-health/mac:02010b41cdec/antenna/tag/e28068940000500386620d4f, 93
1652706692.950493, sdrt-health/mac:02010b41cdec/antenna/tag/e2806894000050038662154f, 91
1652706693.013542, sdrt-health/mac:02010b41cdec/antenna/tag/e2806894000040038662114f, 85
1652706693.014044, sdrt-health/mac:02010b41cdec/antenna/tag/e28068940000500386620d4f, 83
1652706693.027771, sdrt-health/mac:02010b41cdec/antenna/tag/e28068940000500386620d4f, 87
1652706693.040082, sdrt-health/mac:02010b41cdec/antenna/tag/e28068940000400386621d4f, 90
1652706693.042218, sdrt-health/mac:02010b41cdec/antenna/tag/e28068940000400386621d4f, 96
1652706693.091401, sdrt-health/mac:02010b41cdec/antenna/tag/e28068940000400386621d4f, 96
1652706693.144662, sdrt-health/mac:02010b41cdec/antenna/tag/e2806894000050038662154f, 88
1652706693.145081, sdrt-health/mac:02010b41cdec/antenna/tag/e2806894000050038662194f, 84
1652706693.145543, sdrt-health/mac:02010b41cdec/antenna/tag/e28068940000400386621d4f, 96
1652706693.159263, sdrt-health/mac:02010b41cdec/antenna/tag/e2806894000050038662154f, 88
1652706693.159637, sdrt-health/mac:02010b41cdec/antenna/tag/e2806894000050038662194f, 81
1652706693.169683, sdrt-health/mac:02010b41cdec/antenna/tag/e2806894000050038662154f, 91
1652706693.210161, sdrt-health/mac:02010b41cdec/antenna/tag/e2806894000050038661fd4f, 83
1652706693.26618, sdrt-health/mac:02010b41cdec/antenna/tag/e2806894000040038662114f, 88
1652706693.266662, sdrt-health/mac:02010b41cdec/antenna/tag/e2806894000050038661fd4f, 83
1652706693.281557, sdrt-health/mac:02010b41cdec/antenna/tag/e2806894000050038661fd4f, 86
1652706693.308221, sdrt-health/mac:02010b41cdec/antenna/tag/e28068940000400386621d4f, 90
1652706693.36021, sdrt-health/mac:02010b41cdec/antenna/tag/e2806894000040038662114f, 88
1652706693.414291, sdrt-health/mac:02010b41cdec/antenna/tag/e2806894000050038662154f, 88
1652706693.414826, sdrt-health/mac:02010b41cdec/antenna/tag/e2806894000050038661fd4f, 86
1652706693.452027, sdrt-health/mac:02010b41cdec/antenna/tag/e2806894000050038662154f, 91
1652706693.490855, sdrt-health/mac:02010b41cdec/antenna/tag/e2806894000050038662154f, 85
1652706693.546119, sdrt-health/mac:02010b41cdec/antenna/tag/e2806894000050038661fd4f, 83
1652706693.546574, sdrt-health/mac:02010b41cdec/antenna/tag/e28068940000400386621d4f, 90
1652706693.579222, sdrt-health/mac:02010b41cdec/antenna/tag/e28068940000400386621d4f, 90
1652706693.625208, sdrt-health/mac:02010b41cdec/antenna/tag/e2806894000050038661fd4f, 83
1652706693.688712, sdrt-health/mac:02010b41cdec/antenna/tag/e2806894000040038662114f, 88
1652706693.689214, sdrt-health/mac:02010b41cdec/antenna/tag/e28068940000500386620d4f, 83
1652706693.704279, sdrt-health/mac:02010b41cdec/antenna/tag/e28068940000500386620d4f, 83
1652706693.710928, sdrt-health/mac:02010b41cdec/antenna/tag/e28068940000400386621d4f, 96
1652706693.760528, sdrt-health/mac:02010b41cdec/antenna/tag/e2806894000050038662194f, 83
1652706693.82662, sdrt-health/mac:02010b41cdec/antenna/tag/e2806894000040038662114f, 85
1652706693.827149, sdrt-health/mac:02010b41cdec/antenna/tag/e2806894000050038661fd4f, 83
1652706693.841412, sdrt-health/mac:02010b41cdec/antenna/tag/e2806894000050038662154f, 85
1652706693.859713, sdrt-health/mac:02010b41cdec/antenna/tag/e2806894000050038662154f, 91
1652706693.916171, sdrt-health/mac:02010b41cdec/antenna/tag/e2806894000050038661fd4f, 83
1652706693.916621, sdrt-health/mac:02010b41cdec/antenna/tag/e28068940000500386620d4f, 87
1652706693.931299, sdrt-health/mac:02010b41cdec/antenna/tag/e28068940000400386621d4f, 96
1652706693.950578, sdrt-health/mac:02010b41cdec/antenna/tag/e2806894000050038662154f, 88
1652706693.986483, sdrt-health/mac:02010b41cdec/antenna/tag/e2806894000050038661fd4f, 83
1652706694.038668, sdrt-health/mac:02010b41cdec/antenna/tag/e2806894000050038661fd4f, 86
1652706694.090242, sdrt-health/mac:02010b41cdec/antenna/tag/e28068940000500386620d4f, 83
1652706694.136534, sdrt-health/mac:02010b41cdec/antenna/tag/e28068940000400386621d4f, 90
1652706694.166027, sdrt-health/mac:02010b41cdec/antenna/tag/e2806894000050038661fd4f, 83
1652706694.166267, sdrt-health/mac:02010b41cdec/antenna/tag/e2806894000050038662154f, 88
1652706694.259537, sdrt-health/mac:02010b41cdec/antenna/tag/e2806894000040038662114f, 85
1652706694.322551, sdrt-health/mac:02010b41cdec/antenna/tag/e28068940000400386621d4f, 90
1652706694.354052, sdrt-health/mac:02010b41cdec/antenna/tag/e2806894000050038661fd4f, 86
1652706694.354537, sdrt-health/mac:02010b41cdec/antenna/tag/e2806894000050038662154f, 88
1652706694.368256, sdrt-health/mac:02010b41cdec/antenna/tag/e2806894000050038661fd4f, 86
1652706694.368631, sdrt-health/mac:02010b41cdec/antenna/tag/e2806894000050038662154f, 88
1652706694.368972, sdrt-health/mac:02010b41cdec/antenna/tag/e28068940000500386620d4f, 83
1652706694.409763, sdrt-health/mac:02010b41cdec/antenna/tag/e28068940000500386620d4f, 81
1652706694.45019, sdrt-health/mac:02010b41cdec/antenna/tag/e2806894000050038662154f, 88
1652706694.48977, sdrt-health/mac:02010b41cdec/antenna/tag/e2806894000050038662154f, 88
1652706694.530463, sdrt-health/mac:02010b41cdec/antenna/tag/e28068940000500386620d4f, 87
1652706694.586463, sdrt-health/mac:02010b41cdec/antenna/tag/e28068940000500386620d4f, 87
1652706694.587004, sdrt-health/mac:02010b41cdec/antenna/tag/e28068940000400386621d4f, 90
1652706694.624617, sdrt-health/mac:02010b41cdec/antenna/tag/e28068940000400386621d4f, 96
1652706694.670498, sdrt-health/mac:02010b41cdec/antenna/tag/e28068940000400386621d4f, 96
1652706694.733933, sdrt-health/mac:02010b41cdec/antenna/tag/e2806894000050038661fd4f, 83
1652706694.73421, sdrt-health/mac:02010b41cdec/antenna/tag/e28068940000400386621d4f, 77
1652706694.777664, sdrt-health/mac:02010b41cdec/antenna/tag/e2806894000050038661fd4f, 83
1652706694.809231, sdrt-health/mac:02010b41cdec/antenna/tag/e2806894000050038662154f, 88
1652706694.809676, sdrt-health/mac:02010b41cdec/antenna/tag/e28068940000400386621d4f, 90
1652706694.824471, sdrt-health/mac:02010b41cdec/antenna/tag/e28068940000500386620d4f, 83
1652706694.82486, sdrt-health/mac:02010b41cdec/antenna/tag/e2806894000050038662154f, 88
1652706694.898559, sdrt-health/mac:02010b41cdec/antenna/tag/e2806894000050038661fd4f, 83
1652706694.93562, sdrt-health/mac:02010b41cdec/antenna/tag/e2806894000050038662154f, 88
1652706694.964672, sdrt-health/mac:02010b41cdec/antenna/tag/e28068940000400386621d4f, 90
1652706694.964892, sdrt-health/mac:02010b41cdec/antenna/tag/e2806894000050038662154f, 85
1652706694.988186, sdrt-health/mac:02010b41cdec/antenna/tag/e2806894000040038662114f, 91
1652706695.030762, sdrt-health/mac:02010b41cdec/antenna/tag/e28068940000400386621d4f, 90
1652706695.07929, sdrt-health/mac:02010b41cdec/antenna/tag/e2806894000040038662114f, 88
1652706695.110903, sdrt-health/mac:02010b41cdec/antenna/tag/e2806894000050038661fd4f, 86
1652706695.11133, sdrt-health/mac:02010b41cdec/antenna/tag/e2806894000050038662154f, 88
1652706695.125075, sdrt-health/mac:02010b41cdec/antenna/tag/e2806894000050038661fd4f, 86
1652706695.125375, sdrt-health/mac:02010b41cdec/antenna/tag/e2806894000050038661fd4f, 83
1652706695.157574, sdrt-health/mac:02010b41cdec/antenna/tag/e2806894000050038661fd4f, 86
1652706695.208605, sdrt-health/mac:02010b41cdec/antenna/tag/e28068940000500386620d4f, 81
1652706695.275244, sdrt-health/mac:02010b41cdec/antenna/tag/e28068940000400386621d4f, 90
1652706695.275824, sdrt-health/mac:02010b41cdec/antenna/tag/e28068940000400386621d4f, 96
1652706695.2899, sdrt-health/mac:02010b41cdec/antenna/tag/e28068940000400386621d4f, 96
1652706695.300611, sdrt-health/mac:02010b41cdec/antenna/tag/e2806894000050038661fd4f, 83
1652706695.347805, sdrt-health/mac:02010b41cdec/antenna/tag/e28068940000500386620d4f, 87
1652706695.41599, sdrt-health/mac:02010b41cdec/antenna/tag/e2806894000050038661fd4f, 83
1652706695.416496, sdrt-health/mac:02010b41cdec/antenna/tag/e2806894000040038662114f, 88
1652706695.417049, sdrt-health/mac:02010b41cdec/antenna/tag/e2806894000050038661fd4f, 83
1652706695.430927, sdrt-health/mac:02010b41cdec/antenna/tag/e2806894000040038662114f, 88
1652706695.449831, sdrt-health/mac:02010b41cdec/antenna/tag/e2806894000040038662114f, 85
1652706695.4801, sdrt-health/mac:02010b41cdec/antenna/tag/e28068940000500386620d4f, 83
1652706695.480345, sdrt-health/mac:02010b41cdec/antenna/tag/e28068940000400386621d4f, 96
1652706695.50039, sdrt-health/mac:02010b41cdec/antenna/tag/e2806894000040038662114f, 85
1652706695.551152, sdrt-health/mac:02010b41cdec/antenna/tag/e2806894000050038662194f, 84
1652706695.604785, sdrt-health/mac:02010b41cdec/antenna/tag/e2806894000050038662194f, 84
1652706695.605341, sdrt-health/mac:02010b41cdec/antenna/tag/e28068940000500386620d4f, 81
1652706695.620692, sdrt-health/mac:02010b41cdec/antenna/tag/e28068940000400386621d4f, 96
1652706695.653306, sdrt-health/mac:02010b41cdec/antenna/tag/e2806894000050038662194f, 84
1652706695.65371, sdrt-health/mac:02010b41cdec/antenna/tag/e28068940000500386620d4f, 81
1652706695.681329, sdrt-health/mac:02010b41cdec/antenna/tag/e28068940000500386620d4f, 87
1652706695.735776, sdrt-health/mac:02010b41cdec/antenna/tag/e28068940000400386621d4f, 96
1652706695.736364, sdrt-health/mac:02010b41cdec/antenna/tag/e2806894000040038662114f, 88
1652706695.750819, sdrt-health/mac:02010b41cdec/antenna/tag/e2806894000050038661fd4f, 86
1652706695.76922, sdrt-health/mac:02010b41cdec/antenna/tag/e2806894000050038662154f, 88
1652706695.817477, sdrt-health/mac:02010b41cdec/antenna/tag/e2806894000040038662114f, 85
1652706695.859458, sdrt-health/mac:02010b41cdec/antenna/tag/e28068940000500386620d4f, 83
1652706695.914552, sdrt-health/mac:02010b41cdec/antenna/tag/e2806894000050038661fd4f, 86
1652706695.914808, sdrt-health/mac:02010b41cdec/antenna/tag/e2806894000050038661fd4f, 86
1652706695.950428, sdrt-health/mac:02010b41cdec/antenna/tag/e2806894000050038662154f, 88
1652706695.989862, sdrt-health/mac:02010b41cdec/antenna/tag/e28068940000500386620d4f, 81
1652706696.019809, sdrt-health/mac:02010b41cdec/antenna/tag/e2806894000050038662154f, 91
1652706696.020272, sdrt-health/mac:02010b41cdec/antenna/tag/e28068940000400386621d4f, 96
1652706696.034588, sdrt-health/mac:02010b41cdec/antenna/tag/e28068940000400386621d4f, 96
1652706696.069867, sdrt-health/mac:02010b41cdec/antenna/tag/e2806894000050038662154f, 85
1652706696.110033, sdrt-health/mac:02010b41cdec/antenna/tag/e2806894000050038662154f, 88
1652706696.16658, sdrt-health/mac:02010b41cdec/antenna/tag/e2806894000050038661fd4f, 83
1652706696.167091, sdrt-health/mac:02010b41cdec/antenna/tag/e28068940000400386621d4f, 96
1652706696.209299, sdrt-health/mac:02010b41cdec/antenna/tag/e2806894000040038662114f, 88
1652706696.250546, sdrt-health/mac:02010b41cdec/antenna/tag/e2806894000050038661fd4f, 86
1652706696.311812, sdrt-health/mac:02010b41cdec/antenna/tag/e28068940000400386621d4f, 90
1652706696.312332, sdrt-health/mac:02010b41cdec/antenna/tag/e28068940000400386621d4f, 86
1652706696.342085, sdrt-health/mac:02010b41cdec/antenna/tag/e2806894000040038662114f, 88
1652706696.394352, sdrt-health/mac:02010b41cdec/antenna/tag/e2806894000050038662154f, 88
1652706696.394898, sdrt-health/mac:02010b41cdec/antenna/tag/e2806894000050038661fd4f, 83
1652706696.407337, sdrt-health/mac:02010b41cdec/antenna/tag/e28068940000400386621d4f, 90
1652706696.427616, sdrt-health/mac:02010b41cdec/antenna/tag/e28068940000400386621d4f, 96
1652706696.465663, sdrt-health/mac:02010b41cdec/antenna/tag/e2806894000050038661fd4f, 83
1652706696.523508, sdrt-health/mac:02010b41cdec/antenna/tag/e2806894000050038661fd4f, 83
1652706696.523913, sdrt-health/mac:02010b41cdec/antenna/tag/e2806894000050038662154f, 85
1652706696.536906, sdrt-health/mac:02010b41cdec/antenna/tag/e2806894000050038662194f, 81
1652706696.558866, sdrt-health/mac:02010b41cdec/antenna/tag/e2806894000040038662114f, 85
1652706696.599615, sdrt-health/mac:02010b41cdec/antenna/tag/e28068940000500386620d4f, 83
1652706696.641678, sdrt-health/mac:02010b41cdec/antenna/tag/e2806894000040038662114f, 85
1652706696.669691, sdrt-health/mac:02010b41cdec/antenna/tag/e2806894000050038661fd4f, 83
1652706696.670086, sdrt-health/mac:02010b41cdec/antenna/tag/e2806894000050038662194f, 94
1652706696.689092, sdrt-health/mac:02010b41cdec/antenna/tag/e2806894000040038662114f, 88
1652706696.748775, sdrt-health/mac:02010b41cdec/antenna/tag/e2806894000040038662114f, 85
1652706696.797756, sdrt-health/mac:02010b41cdec/antenna/tag/e28068940000500386620d4f, 87
1652706696.839475, sdrt-health/mac:02010b41cdec/antenna/tag/e2806894000050038661fd4f, 83
1652706696.887407, sdrt-health/mac:02010b41cdec/antenna/tag/e2806894000040038662114f, 85
1652706696.929535, sdrt-health/mac:02010b41cdec/antenna/tag/e2806894000050038661fd4f, 86
1652706696.977742, sdrt-health/mac:02010b41cdec/antenna/tag/e2806894000050038661fd4f, 83
1652706697.04646, sdrt-health/mac:02010b41cdec/antenna/tag/e2806894000050038662154f, 88
1652706697.047388, sdrt-health/mac:02010b41cdec/antenna/tag/e2806894000050038662194f, 81
1652706697.059938, sdrt-health/mac:02010b41cdec/antenna/tag/e2806894000050038662154f, 88
1652706697.062154, sdrt-health/mac:02010b41cdec/antenna/tag/e2806894000050038662194f, 94
1652706697.108668, sdrt-health/mac:02010b41cdec/antenna/tag/e2806894000050038661fd4f, 86
1652706697.14975, sdrt-health/mac:02010b41cdec/antenna/tag/e2806894000050038661fd4f, 97
1652706697.204867, sdrt-health/mac:02010b41cdec/antenna/tag/e2806894000050038662194f, 81
1652706697.205319, sdrt-health/mac:02010b41cdec/antenna/tag/e2806894000050038662194f, 83
1652706697.228071, sdrt-health/mac:02010b41cdec/antenna/tag/e2806894000050038662154f, 88
1652706697.270186, sdrt-health/mac:02010b41cdec/antenna/tag/e2806894000050038662194f, 94
1652706697.334754, sdrt-health/mac:02010b41cdec/antenna/tag/e2806894000050038661fd4f, 86
1652706697.335468, sdrt-health/mac:02010b41cdec/antenna/tag/e2806894000050038661fd4f, 83
1652706697.359547, sdrt-health/mac:02010b41cdec/antenna/tag/e2806894000050038661fd4f, 83
1652706697.424061, sdrt-health/mac:02010b41cdec/antenna/tag/e28068940000400386621d4f, 90
1652706697.424404, sdrt-health/mac:02010b41cdec/antenna/tag/e28068940000500386620d4f, 87
1652706697.439341, sdrt-health/mac:02010b41cdec/antenna/tag/e2806894000050038662154f, 88
1652706697.473096, sdrt-health/mac:02010b41cdec/antenna/tag/e28068940000500386620d4f, 83
1652706697.473503, sdrt-health/mac:02010b41cdec/antenna/tag/e2806894000050038662154f, 88
1652706697.512089, sdrt-health/mac:02010b41cdec/antenna/tag/e2806894000050038662154f, 91
1652706697.512539, sdrt-health/mac:02010b41cdec/antenna/tag/e2806894000050038662154f, 88
1652706697.526437, sdrt-health/mac:02010b41cdec/antenna/tag/e28068940000400386621d4f, 96
1652706697.569863, sdrt-health/mac:02010b41cdec/antenna/tag/e2806894000050038661fd4f, 83
1652706697.596783, sdrt-health/mac:02010b41cdec/antenna/tag/e2806894000050038662154f, 88
1652706697.597061, sdrt-health/mac:02010b41cdec/antenna/tag/e2806894000050038662194f, 88
1652706697.597184, sdrt-health/mac:02010b41cdec/antenna/tag/e2806894000040038662114f, 88
1652706697.647155, sdrt-health/mac:02010b41cdec/antenna/tag/e2806894000050038662154f, 85
1652706697.689295, sdrt-health/mac:02010b41cdec/antenna/tag/e2806894000050038662154f, 88
1652706697.730403, sdrt-health/mac:02010b41cdec/antenna/tag/e2806894000050038661fd4f, 83
1652706697.768337, sdrt-health/mac:02010b41cdec/antenna/tag/e28068940000400386621d4f, 96
1652706697.817851, sdrt-health/mac:02010b41cdec/antenna/tag/e2806894000050038661fd4f, 83
1652706697.872863, sdrt-health/mac:02010b41cdec/antenna/tag/e28068940000500386620d4f, 81
1652706697.873074, sdrt-health/mac:02010b41cdec/antenna/tag/e2806894000040038662114f, 85
1652706697.873611, sdrt-health/mac:02010b41cdec/antenna/tag/e2806894000050038662194f, 83
1652706697.873757, sdrt-health/mac:02010b41cdec/antenna/tag/e2806894000040038662114f, 88
1652706697.920131, sdrt-health/mac:02010b41cdec/antenna/tag/e28068940000400386621d4f, 96
1652706697.972538, sdrt-health/mac:02010b41cdec/antenna/tag/e28068940000400386621d4f, 96
1652706697.972758, sdrt-health/mac:02010b41cdec/antenna/tag/e2806894000050038662194f, 81
1652706698.005945, sdrt-health/mac:02010b41cdec/antenna/tag/e2806894000050038662194f, 81
1652706698.051374, sdrt-health/mac:02010b41cdec/antenna/tag/e28068940000400386621d4f, 77
1652706698.080118, sdrt-health/mac:02010b41cdec/antenna/tag/e2806894000040038662114f, 85
1652706698.080456, sdrt-health/mac:02010b41cdec/antenna/tag/e2806894000050038662194f, 83
1652706698.080686, sdrt-health/mac:02010b41cdec/antenna/tag/e28068940000400386621d4f, 96
1652706698.094125, sdrt-health/mac:02010b41cdec/antenna/tag/e2806894000040038662114f, 85
1652706698.147969, sdrt-health/mac:02010b41cdec/antenna/tag/e2806894000050038662154f, 88
1652706698.189119, sdrt-health/mac:02010b41cdec/antenna/tag/e2806894000040038662114f, 88
1652706698.244164, sdrt-health/mac:02010b41cdec/antenna/tag/e2806894000050038661fd4f, 83
1652706698.244397, sdrt-health/mac:02010b41cdec/antenna/tag/e28068940000400386621d4f, 77
1652706698.280085, sdrt-health/mac:02010b41cdec/antenna/tag/e2806894000050038661fd4f, 83
1652706698.348488, sdrt-health/mac:02010b41cdec/antenna/tag/e2806894000040038662114f, 88
1652706698.348746, sdrt-health/mac:02010b41cdec/antenna/tag/e2806894000040038662114f, 85
1652706698.363167, sdrt-health/mac:02010b41cdec/antenna/tag/e28068940000400386621d4f, 77
1652706698.363432, sdrt-health/mac:02010b41cdec/antenna/tag/e2806894000050038662154f, 85
1652706698.38773, sdrt-health/mac:02010b41cdec/antenna/tag/e2806894000040038662114f, 88
1652706698.429914, sdrt-health/mac:02010b41cdec/antenna/tag/e28068940000400386621d4f, 90
1652706698.458044, sdrt-health/mac:02010b41cdec/antenna/tag/e2806894000040038662114f, 88
1652706698.458318, sdrt-health/mac:02010b41cdec/antenna/tag/e28068940000400386621d4f, 90
1652706698.472188, sdrt-health/mac:02010b41cdec/antenna/tag/e2806894000050038661fd4f, 86
1652706698.472449, sdrt-health/mac:02010b41cdec/antenna/tag/e2806894000040038662114f, 88
1652706698.472621, sdrt-health/mac:02010b41cdec/antenna/tag/e2806894000050038662154f, 88
1652706698.519728, sdrt-health/mac:02010b41cdec/antenna/tag/e2806894000040038662114f, 91
1652706698.55999, sdrt-health/mac:02010b41cdec/antenna/tag/e2806894000050038661fd4f, 86
1652706698.622097, sdrt-health/mac:02010b41cdec/antenna/tag/e2806894000050038662194f, 81
1652706698.622292, sdrt-health/mac:02010b41cdec/antenna/tag/e2806894000050038661fd4f, 86
1652706698.637134, sdrt-health/mac:02010b41cdec/antenna/tag/e2806894000040038662114f, 91
1652706698.650275, sdrt-health/mac:02010b41cdec/antenna/tag/e2806894000040038662114f, 85
1652706698.70986, sdrt-health/mac:02010b41cdec/antenna/tag/e2806894000050038662154f, 85
1652706698.710061, sdrt-health/mac:02010b41cdec/antenna/tag/e2806894000040038662114f, 85
1652706698.723859, sdrt-health/mac:02010b41cdec/antenna/tag/e2806894000050038661fd4f, 83
1652706698.729381, sdrt-health/mac:02010b41cdec/antenna/tag/e2806894000050038661fd4f, 83
1652706698.738407, sdrt-health/mac:02010b41cdec/antenna/tag/e2806894000040038662114f, 88
1652706698.780609, sdrt-health/mac:02010b41cdec/antenna/tag/e2806894000040038662114f, 88
1652706698.821425, sdrt-health/mac:02010b41cdec/antenna/tag/e2806894000050038662154f, 88
1652706698.854117, sdrt-health/mac:02010b41cdec/antenna/tag/e28068940000400386621d4f, 96
1652706698.854398, sdrt-health/mac:02010b41cdec/antenna/tag/e2806894000050038661fd4f, 86
1652706698.854566, sdrt-health/mac:02010b41cdec/antenna/tag/e2806894000050038661fd4f, 86
1652706698.870172, sdrt-health/mac:02010b41cdec/antenna/tag/e28068940000400386621d4f, 96
1652706698.870491, sdrt-health/mac:02010b41cdec/antenna/tag/e2806894000040038662114f, 88
1652706698.870649, sdrt-health/mac:02010b41cdec/antenna/tag/e2806894000050038662154f, 91
1652706698.920307, sdrt-health/mac:02010b41cdec/antenna/tag/e2806894000050038661fd4f, 86
1652706698.96028, sdrt-health/mac:02010b41cdec/antenna/tag/e2806894000040038662114f, 91
1652706698.990387, sdrt-health/mac:02010b41cdec/antenna/tag/e2806894000050038662154f, 88
1652706698.990584, sdrt-health/mac:02010b41cdec/antenna/tag/e2806894000050038662154f, 88
1652706699.004518, sdrt-health/mac:02010b41cdec/antenna/tag/e28068940000400386621d4f, 90
1652706699.041737, sdrt-health/mac:02010b41cdec/antenna/tag/e2806894000040038662114f, 85
1652706699.097683, sdrt-health/mac:02010b41cdec/antenna/tag/e2806894000050038662194f, 94
1652706699.140646, sdrt-health/mac:02010b41cdec/antenna/tag/e2806894000050038662194f, 81
1652706699.202602, sdrt-health/mac:02010b41cdec/antenna/tag/e2806894000050038662154f, 88
1652706699.203166, sdrt-health/mac:02010b41cdec/antenna/tag/e2806894000040038662114f, 85
1652706699.230487, sdrt-health/mac:02010b41cdec/antenna/tag/e2806894000050038662154f, 88
1652706699.260653, sdrt-health/mac:02010b41cdec/antenna/tag/e28068940000400386621d4f, 96
1652706699.260867, sdrt-health/mac:02010b41cdec/antenna/tag/e28068940000400386621d4f, 96
1652706699.275441, sdrt-health/mac:02010b41cdec/antenna/tag/e2806894000040038662114f, 88
1652706699.328184, sdrt-health/mac:02010b41cdec/antenna/tag/e2806894000050038662154f, 88
1652706699.369233, sdrt-health/mac:02010b41cdec/antenna/tag/e2806894000050038661fd4f, 97
1652706699.458626, sdrt-health/mac:02010b41cdec/antenna/tag/e2806894000050038662154f, 88
1652706699.499603, sdrt-health/mac:02010b41cdec/antenna/tag/e28068940000400386621d4f, 90
1652706699.590678, sdrt-health/mac:02010b41cdec/antenna/tag/e2806894000050038662154f, 88
1652706699.679659, sdrt-health/mac:02010b41cdec/antenna/tag/e28068940000500386620d4f, 83
1652706699.729505, sdrt-health/mac:02010b41cdec/antenna/tag/e2806894000050038661fd4f, 86
1652706699.778522, sdrt-health/mac:02010b41cdec/antenna/tag/e2806894000040038662114f, 85
1652706699.820609, sdrt-health/mac:02010b41cdec/antenna/tag/e28068940000400386621d4f, 90
1652706699.869689, sdrt-health/mac:02010b41cdec/antenna/tag/e2806894000050038661fd4f, 86
1652706699.933442, sdrt-health/mac:02010b41cdec/antenna/tag/e2806894000050038662154f, 88
1652706699.933904, sdrt-health/mac:02010b41cdec/antenna/tag/e2806894000050038662154f, 91
1652706699.948089, sdrt-health/mac:02010b41cdec/antenna/tag/e2806894000040038662114f, 88
1652706699.978726, sdrt-health/mac:02010b41cdec/antenna/tag/e28068940000400386621d4f, 90
1652706699.97895, sdrt-health/mac:02010b41cdec/antenna/tag/e2806894000050038662154f, 91
1652706699.979116, sdrt-health/mac:02010b41cdec/antenna/tag/e28068940000400386621d4f, 90
1652706700.000375, sdrt-health/mac:02010b41cdec/antenna/tag/e2806894000040038662114f, 91
1652706700.04009, sdrt-health/mac:02010b41cdec/antenna/tag/e2806894000050038662154f, 91
1652706700.094662, sdrt-health/mac:02010b41cdec/antenna/tag/e28068940000400386621d4f, 96
1652706700.094946, sdrt-health/mac:02010b41cdec/antenna/tag/e28068940000400386621d4f, 90
1652706700.108536, sdrt-health/mac:02010b41cdec/antenna/tag/e2806894000050038662154f, 91
1652706700.129371, sdrt-health/mac:02010b41cdec/antenna/tag/e2806894000040038662114f, 85
1652706700.190087, sdrt-health/mac:02010b41cdec/antenna/tag/e2806894000050038661fd4f, 83
1652706700.229862, sdrt-health/mac:02010b41cdec/antenna/tag/e2806894000050038662154f, 88
1652706700.259442, sdrt-health/mac:02010b41cdec/antenna/tag/e2806894000050038662154f, 85
1652706700.259657, sdrt-health/mac:02010b41cdec/antenna/tag/e2806894000040038662114f, 85
1652706700.281159, sdrt-health/mac:02010b41cdec/antenna/tag/e28068940000400386621d4f, 96
1652706700.342557, sdrt-health/mac:02010b41cdec/antenna/tag/e28068940000400386621d4f, 96
1652706700.342763, sdrt-health/mac:02010b41cdec/antenna/tag/e2806894000040038662114f, 88
1652706700.356689, sdrt-health/mac:02010b41cdec/antenna/tag/e2806894000040038662114f, 88
1652706700.36247, sdrt-health/mac:02010b41cdec/antenna/tag/e28068940000400386621d4f, 96
1652706700.371322, sdrt-health/mac:02010b41cdec/antenna/tag/e28068940000500386620d4f, 87
1652706700.41024, sdrt-health/mac:02010b41cdec/antenna/tag/e2806894000050038662154f, 88
1652706700.473895, sdrt-health/mac:02010b41cdec/antenna/tag/e2806894000050038662154f, 91
1652706700.47434, sdrt-health/mac:02010b41cdec/antenna/tag/e2806894000050038662154f, 88
1652706700.580105, sdrt-health/mac:02010b41cdec/antenna/tag/e2806894000050038662154f, 88
1652706700.609562, sdrt-health/mac:02010b41cdec/antenna/tag/e2806894000050038661fd4f, 86
1652706700.609764, sdrt-health/mac:02010b41cdec/antenna/tag/e2806894000040038662114f, 88
1652706700.638434, sdrt-health/mac:02010b41cdec/antenna/tag/e2806894000050038661fd4f, 86
1652706700.668153, sdrt-health/mac:02010b41cdec/antenna/tag/e2806894000040038662114f, 88
1652706700.668369, sdrt-health/mac:02010b41cdec/antenna/tag/e2806894000050038661fd4f, 83
1652706700.668504, sdrt-health/mac:02010b41cdec/antenna/tag/e2806894000050038662154f, 88
1652706700.668645, sdrt-health/mac:02010b41cdec/antenna/tag/e28068940000500386620d4f, 83
1652706700.668776, sdrt-health/mac:02010b41cdec/antenna/tag/e2806894000050038661fd4f, 83
1652706700.687112, sdrt-health/mac:02010b41cdec/antenna/tag/e2806894000050038662154f, 91
1652706700.744369, sdrt-health/mac:02010b41cdec/antenna/tag/e2806894000040038662114f, 85
1652706700.744605, sdrt-health/mac:02010b41cdec/antenna/tag/e2806894000040038662114f, 88
1652706700.759163, sdrt-health/mac:02010b41cdec/antenna/tag/e2806894000050038662154f, 91
1652706700.770278, sdrt-health/mac:02010b41cdec/antenna/tag/e2806894000040038662114f, 85
1652706700.819403, sdrt-health/mac:02010b41cdec/antenna/tag/e28068940000400386621d4f, 90
1652706700.8599, sdrt-health/mac:02010b41cdec/antenna/tag/e28068940000400386621d4f, 90
1652706700.91368, sdrt-health/mac:02010b41cdec/antenna/tag/e2806894000050038662154f, 91
1652706700.914028, sdrt-health/mac:02010b41cdec/antenna/tag/e28068940000500386620d4f, 87
1652706700.93868, sdrt-health/mac:02010b41cdec/antenna/tag/e2806894000050038662154f, 91
1652706700.990219, sdrt-health/mac:02010b41cdec/antenna/tag/e2806894000050038662154f, 85
1652706701.046834, sdrt-health/mac:02010b41cdec/antenna/tag/e2806894000050038662154f, 88
1652706701.047281, sdrt-health/mac:02010b41cdec/antenna/tag/e2806894000050038662154f, 88
1652706701.080968, sdrt-health/mac:02010b41cdec/antenna/tag/e2806894000050038662154f, 85
1652706701.137587, sdrt-health/mac:02010b41cdec/antenna/tag/e2806894000050038662154f, 85
1652706701.239758, sdrt-health/mac:02010b41cdec/antenna/tag/e2806894000050038662154f, 85
1652706701.269933, sdrt-health/mac:02010b41cdec/antenna/tag/e28068940000400386621d4f, 77
1652706701.270229, sdrt-health/mac:02010b41cdec/antenna/tag/e28068940000500386620d4f, 81
1652706701.284781, sdrt-health/mac:02010b41cdec/antenna/tag/e28068940000500386620d4f, 93
1652706701.28498, sdrt-health/mac:02010b41cdec/antenna/tag/e2806894000050038661fd4f, 83
1652706701.285113, sdrt-health/mac:02010b41cdec/antenna/tag/e28068940000500386620d4f, 83
1652706701.285225, sdrt-health/mac:02010b41cdec/antenna/tag/e2806894000050038662154f, 88
1652706701.338262, sdrt-health/mac:02010b41cdec/antenna/tag/e2806894000040038662114f, 88
1652706701.395628, sdrt-health/mac:02010b41cdec/antenna/tag/e28068940000500386620d4f, 83
1652706701.396064, sdrt-health/mac:02010b41cdec/antenna/tag/e28068940000400386621d4f, 90
1652706701.410002, sdrt-health/mac:02010b41cdec/antenna/tag/e2806894000050038661fd4f, 83
1652706701.421323, sdrt-health/mac:02010b41cdec/antenna/tag/e2806894000040038662114f, 91
1652706701.424126, sdrt-health/mac:02010b41cdec/antenna/tag/e28068940000400386621d4f, 90
1652706701.470215, sdrt-health/mac:02010b41cdec/antenna/tag/e28068940000400386621d4f, 90
1652706701.551796, sdrt-health/mac:02010b41cdec/antenna/tag/e2806894000040038662114f, 91
1652706701.60668, sdrt-health/mac:02010b41cdec/antenna/tag/e2806894000050038662154f, 88
1652706701.606923, sdrt-health/mac:02010b41cdec/antenna/tag/e2806894000050038661fd4f, 83
1652706701.621642, sdrt-health/mac:02010b41cdec/antenna/tag/e2806894000050038661fd4f, 86
1652706701.621844, sdrt-health/mac:02010b41cdec/antenna/tag/e28068940000400386621d4f, 90
1652706701.621973, sdrt-health/mac:02010b41cdec/antenna/tag/e2806894000050038661fd4f, 86
1652706701.639666, sdrt-health/mac:02010b41cdec/antenna/tag/e28068940000500386620d4f, 83
1652706701.695468, sdrt-health/mac:02010b41cdec/antenna/tag/e2806894000050038661fd4f, 83
1652706701.695683, sdrt-health/mac:02010b41cdec/antenna/tag/e2806894000050038661fd4f, 83
1652706701.710824, sdrt-health/mac:02010b41cdec/antenna/tag/e2806894000050038662154f, 88
1652706701.751727, sdrt-health/mac:02010b41cdec/antenna/tag/e28068940000400386621d4f, 96
1652706701.751955, sdrt-health/mac:02010b41cdec/antenna/tag/e2806894000050038662154f, 85
1652706701.766551, sdrt-health/mac:02010b41cdec/antenna/tag/e2806894000040038662114f, 85
1652706701.780115, sdrt-health/mac:02010b41cdec/antenna/tag/e2806894000050038662154f, 85
1652706701.781419, sdrt-health/mac:02010b41cdec/antenna/tag/e2806894000040038662114f, 88
1652706701.781598, sdrt-health/mac:02010b41cdec/antenna/tag/e28068940000400386621d4f, 96
1652706701.827215, sdrt-health/mac:02010b41cdec/antenna/tag/e2806894000040038662114f, 88
1652706701.877711, sdrt-health/mac:02010b41cdec/antenna/tag/e28068940000400386621d4f, 96
1652706701.933296, sdrt-health/mac:02010b41cdec/antenna/tag/e2806894000040038662114f, 85
1652706701.933523, sdrt-health/mac:02010b41cdec/antenna/tag/e2806894000040038662114f, 88
1652706701.947661, sdrt-health/mac:02010b41cdec/antenna/tag/e2806894000050038662154f, 88
1652706701.985716, sdrt-health/mac:02010b41cdec/antenna/tag/e2806894000040038662114f, 85
1652706701.986121, sdrt-health/mac:02010b41cdec/antenna/tag/e2806894000050038661fd4f, 83
1652706702.019323, sdrt-health/mac:02010b41cdec/antenna/tag/e2806894000050038661fd4f, 83
1652706702.082437, sdrt-health/mac:02010b41cdec/antenna/tag/e28068940000400386621d4f, 77
1652706702.082735, sdrt-health/mac:02010b41cdec/antenna/tag/e2806894000050038662154f, 85
1652706702.097551, sdrt-health/mac:02010b41cdec/antenna/tag/e28068940000400386621d4f, 96
1652706702.097759, sdrt-health/mac:02010b41cdec/antenna/tag/e2806894000040038662114f, 93
1652706702.109912, sdrt-health/mac:02010b41cdec/antenna/tag/e28068940000500386620d4f, 83
1652706702.113269, sdrt-health/mac:02010b41cdec/antenna/tag/e2806894000050038662154f, 88
1652706702.167644, sdrt-health/mac:02010b41cdec/antenna/tag/e28068940000400386621d4f, 96
1652706702.203303, sdrt-health/mac:02010b41cdec/antenna/tag/e2806894000050038662154f, 91
1652706702.274507, sdrt-health/mac:02010b41cdec/antenna/tag/e2806894000040038662114f, 85
1652706702.27487, sdrt-health/mac:02010b41cdec/antenna/tag/e2806894000050038661fd4f, 86
1652706702.329669, sdrt-health/mac:02010b41cdec/antenna/tag/e28068940000400386621d4f, 90
1652706702.370219, sdrt-health/mac:02010b41cdec/antenna/tag/e28068940000500386620d4f, 81
1652706702.409294, sdrt-health/mac:02010b41cdec/antenna/tag/e28068940000400386621d4f, 90
1652706702.449753, sdrt-health/mac:02010b41cdec/antenna/tag/e2806894000050038662154f, 91
1652706702.500494, sdrt-health/mac:02010b41cdec/antenna/tag/e2806894000050038662154f, 91
1652706702.53959, sdrt-health/mac:02010b41cdec/antenna/tag/e2806894000050038661fd4f, 83
1652706702.57913, sdrt-health/mac:02010b41cdec/antenna/tag/e28068940000400386621d4f, 96
1652706702.649479, sdrt-health/mac:02010b41cdec/antenna/tag/e2806894000050038662154f, 88
1652706702.649713, sdrt-health/mac:02010b41cdec/antenna/tag/e2806894000050038661fd4f, 83
1652706702.664611, sdrt-health/mac:02010b41cdec/antenna/tag/e2806894000050038662154f, 85
1652706702.679157, sdrt-health/mac:02010b41cdec/antenna/tag/e2806894000040038662114f, 85
1652706702.682867, sdrt-health/mac:02010b41cdec/antenna/tag/e2806894000050038661fd4f, 83
1652706702.739516, sdrt-health/mac:02010b41cdec/antenna/tag/e2806894000050038662154f, 88
1652706702.79759, sdrt-health/mac:02010b41cdec/antenna/tag/e28068940000400386621d4f, 90
1652706702.797904, sdrt-health/mac:02010b41cdec/antenna/tag/e2806894000040038662114f, 88
1652706702.798105, sdrt-health/mac:02010b41cdec/antenna/tag/e2806894000040038662114f, 88
1652706702.819003, sdrt-health/mac:02010b41cdec/antenna/tag/e2806894000040038662114f, 91
1652706702.859681, sdrt-health/mac:02010b41cdec/antenna/tag/e2806894000040038662114f, 88
1652706702.899511, sdrt-health/mac:02010b41cdec/antenna/tag/e2806894000050038661fd4f, 83
1652706702.952969, sdrt-health/mac:02010b41cdec/antenna/tag/e2806894000050038661fd4f, 86
1652706702.953221, sdrt-health/mac:02010b41cdec/antenna/tag/e2806894000050038661fd4f, 83
1652706702.967152, sdrt-health/mac:02010b41cdec/antenna/tag/e2806894000050038662194f, 88
1652706702.988688, sdrt-health/mac:02010b41cdec/antenna/tag/e2806894000050038662194f, 88
1652706703.019001, sdrt-health/mac:02010b41cdec/antenna/tag/e28068940000400386621d4f, 77
1652706703.019285, sdrt-health/mac:02010b41cdec/antenna/tag/e28068940000400386621d4f, 96
1652706703.034278, sdrt-health/mac:02010b41cdec/antenna/tag/e28068940000400386621d4f, 96
1652706703.064394, sdrt-health/mac:02010b41cdec/antenna/tag/e28068940000400386621d4f, 96
1652706703.124407, sdrt-health/mac:02010b41cdec/antenna/tag/e2806894000050038662194f, 82
1652706703.124628, sdrt-health/mac:02010b41cdec/antenna/tag/e2806894000050038661fd4f, 83
1652706703.210521, sdrt-health/mac:02010b41cdec/antenna/tag/e28068940000500386620d4f, 83
1652706703.250407, sdrt-health/mac:02010b41cdec/antenna/tag/e28068940000400386621d4f, 96
1652706703.310117, sdrt-health/mac:02010b41cdec/antenna/tag/e2806894000040038662114f, 85
1652706703.350835, sdrt-health/mac:02010b41cdec/antenna/tag/e28068940000400386621d4f, 90
1652706703.39829, sdrt-health/mac:02010b41cdec/antenna/tag/e2806894000050038661fd4f, 83
1652706703.455815, sdrt-health/mac:02010b41cdec/antenna/tag/e28068940000500386620d4f, 81
1652706703.456021, sdrt-health/mac:02010b41cdec/antenna/tag/e2806894000040038662114f, 88
1652706703.484249, sdrt-health/mac:02010b41cdec/antenna/tag/e2806894000050038662194f, 81
1652706703.545884, sdrt-health/mac:02010b41cdec/antenna/tag/e2806894000040038662114f, 91
1652706703.546394, sdrt-health/mac:02010b41cdec/antenna/tag/e2806894000050038661fd4f, 86
1652706703.579836, sdrt-health/mac:02010b41cdec/antenna/tag/e2806894000050038662154f, 88
1652706703.629212, sdrt-health/mac:02010b41cdec/antenna/tag/e2806894000050038661fd4f, 83
1652706703.670189, sdrt-health/mac:02010b41cdec/antenna/tag/e2806894000050038662194f, 88
1652706703.725778, sdrt-health/mac:02010b41cdec/antenna/tag/e2806894000050038662154f, 88
1652706703.726007, sdrt-health/mac:02010b41cdec/antenna/tag/e2806894000050038662154f, 88
1652706703.750584, sdrt-health/mac:02010b41cdec/antenna/tag/e2806894000040038662114f, 88
1652706703.804516, sdrt-health/mac:02010b41cdec/antenna/tag/e2806894000040038662114f, 91
1652706703.804747, sdrt-health/mac:02010b41cdec/antenna/tag/e28068940000400386621d4f, 96
1652706703.849711, sdrt-health/mac:02010b41cdec/antenna/tag/e28068940000500386620d4f, 87
1652706703.898477, sdrt-health/mac:02010b41cdec/antenna/tag/e2806894000050038661fd4f, 83
1652706703.995563, sdrt-health/mac:02010b41cdec/antenna/tag/e28068940000400386621d4f, 90
1652706703.995936, sdrt-health/mac:02010b41cdec/antenna/tag/e2806894000050038662194f, 81
1652706704.030125, sdrt-health/mac:02010b41cdec/antenna/tag/e2806894000050038662154f, 88
1652706704.112284, sdrt-health/mac:02010b41cdec/antenna/tag/e2806894000040038662114f, 88
1652706704.112818, sdrt-health/mac:02010b41cdec/antenna/tag/e2806894000050038662194f, 83
1652706704.138891, sdrt-health/mac:02010b41cdec/antenna/tag/e2806894000040038662114f, 85
1652706704.179985, sdrt-health/mac:02010b41cdec/antenna/tag/e2806894000050038662194f, 83
1652706704.271103, sdrt-health/mac:02010b41cdec/antenna/tag/e28068940000500386620d4f, 87
1652706704.31848, sdrt-health/mac:02010b41cdec/antenna/tag/e2806894000040038662114f, 85
1652706704.360357, sdrt-health/mac:02010b41cdec/antenna/tag/e2806894000040038662114f, 85
1652706704.417638, sdrt-health/mac:02010b41cdec/antenna/tag/e2806894000050038662154f, 88
1652706704.475865, sdrt-health/mac:02010b41cdec/antenna/tag/e2806894000050038662194f, 81
1652706704.476308, sdrt-health/mac:02010b41cdec/antenna/tag/e2806894000040038662114f, 85
1652706704.530949, sdrt-health/mac:02010b41cdec/antenna/tag/e2806894000050038662194f, 94
1652706704.629425, sdrt-health/mac:02010b41cdec/antenna/tag/e2806894000040038662114f, 88
1652706704.709802, sdrt-health/mac:02010b41cdec/antenna/tag/e2806894000050038662154f, 88
1652706704.765616, sdrt-health/mac:02010b41cdec/antenna/tag/e2806894000050038662194f, 94
1652706704.765854, sdrt-health/mac:02010b41cdec/antenna/tag/e2806894000040038662114f, 85
1652706704.797729, sdrt-health/mac:02010b41cdec/antenna/tag/e2806894000050038662194f, 81
1652706704.880348, sdrt-health/mac:02010b41cdec/antenna/tag/e28068940000400386621d4f, 90
1652706704.92007, sdrt-health/mac:02010b41cdec/antenna/tag/e2806894000040038662114f, 88
1652706704.998156, sdrt-health/mac:02010b41cdec/antenna/tag/e2806894000050038661fd4f, 86
1652706704.998525, sdrt-health/mac:02010b41cdec/antenna/tag/e2806894000040038662114f, 88
1652706705.013073, sdrt-health/mac:02010b41cdec/antenna/tag/e28068940000400386621d4f, 90
1652706705.043664, sdrt-health/mac:02010b41cdec/antenna/tag/e2806894000050038662154f, 88
1652706705.043996, sdrt-health/mac:02010b41cdec/antenna/tag/e28068940000400386621d4f, 90
1652706705.078336, sdrt-health/mac:02010b41cdec/antenna/tag/e2806894000050038661fd4f, 83
1652706705.133992, sdrt-health/mac:02010b41cdec/antenna/tag/e2806894000040038662114f, 88
1652706705.134204, sdrt-health/mac:02010b41cdec/antenna/tag/e2806894000040038662114f, 91
1652706705.161717, sdrt-health/mac:02010b41cdec/antenna/tag/e2806894000050038662194f, 81
1652706705.199901, sdrt-health/mac:02010b41cdec/antenna/tag/e28068940000400386621d4f, 77
1652706705.254093, sdrt-health/mac:02010b41cdec/antenna/tag/e2806894000040038662114f, 85
1652706705.25432, sdrt-health/mac:02010b41cdec/antenna/tag/e2806894000050038662154f, 88
1652706705.278924, sdrt-health/mac:02010b41cdec/antenna/tag/e2806894000050038662154f, 88
1652706705.334111, sdrt-health/mac:02010b41cdec/antenna/tag/e2806894000050038661fd4f, 86
1652706705.334339, sdrt-health/mac:02010b41cdec/antenna/tag/e2806894000050038662154f, 91
1652706705.378157, sdrt-health/mac:02010b41cdec/antenna/tag/e2806894000050038662154f, 88
1652706705.407049, sdrt-health/mac:02010b41cdec/antenna/tag/e2806894000040038662114f, 88
1652706705.40725, sdrt-health/mac:02010b41cdec/antenna/tag/e2806894000050038661fd4f, 86
1652706705.420222, sdrt-health/mac:02010b41cdec/antenna/tag/e2806894000050038661fd4f, 86
1652706705.470269, sdrt-health/mac:02010b41cdec/antenna/tag/e28068940000400386621d4f, 90
1652706705.49942, sdrt-health/mac:02010b41cdec/antenna/tag/e2806894000050038661fd4f, 86
1652706705.499662, sdrt-health/mac:02010b41cdec/antenna/tag/e2806894000050038662154f, 91
1652706705.540334, sdrt-health/mac:02010b41cdec/antenna/tag/e2806894000050038661fd4f, 83
1652706705.589769, sdrt-health/mac:02010b41cdec/antenna/tag/e2806894000040038662114f, 85
1652706705.678736, sdrt-health/mac:02010b41cdec/antenna/tag/e28068940000400386621d4f, 96
1652706705.678968, sdrt-health/mac:02010b41cdec/antenna/tag/e2806894000050038661fd4f, 83
1652706705.700005, sdrt-health/mac:02010b41cdec/antenna/tag/e2806894000050038662154f, 91
1652706705.740143, sdrt-health/mac:02010b41cdec/antenna/tag/e28068940000400386621d4f, 96
1652706705.793641, sdrt-health/mac:02010b41cdec/antenna/tag/e2806894000050038662154f, 88
1652706705.793857, sdrt-health/mac:02010b41cdec/antenna/tag/e2806894000050038661fd4f, 83
1652706705.828542, sdrt-health/mac:02010b41cdec/antenna/tag/e28068940000400386621d4f, 96
1652706705.886217, sdrt-health/mac:02010b41cdec/antenna/tag/e2806894000050038662154f, 88
1652706705.886595, sdrt-health/mac:02010b41cdec/antenna/tag/e2806894000050038661fd4f, 83
1652706705.900301, sdrt-health/mac:02010b41cdec/antenna/tag/e2806894000050038662154f, 85
1652706705.900512, sdrt-health/mac:02010b41cdec/antenna/tag/e2806894000040038662114f, 85
1652706705.919739, sdrt-health/mac:02010b41cdec/antenna/tag/e2806894000040038662114f, 85
1652706705.960287, sdrt-health/mac:02010b41cdec/antenna/tag/e28068940000400386621d4f, 90
1652706705.99145, sdrt-health/mac:02010b41cdec/antenna/tag/e28068940000500386620d4f, 87
1652706705.991672, sdrt-health/mac:02010b41cdec/antenna/tag/e2806894000050038661fd4f, 83
1652706706.008669, sdrt-health/mac:02010b41cdec/antenna/tag/e28068940000400386621d4f, 90
1652706706.040812, sdrt-health/mac:02010b41cdec/antenna/tag/e2806894000050038662154f, 91
1652706706.041005, sdrt-health/mac:02010b41cdec/antenna/tag/e2806894000040038662114f, 88
1652706706.058744, sdrt-health/mac:02010b41cdec/antenna/tag/e2806894000040038662114f, 85
1652706706.102182, sdrt-health/mac:02010b41cdec/antenna/tag/e2806894000050038662194f, 81
1652706706.132375, sdrt-health/mac:02010b41cdec/antenna/tag/e2806894000050038661fd4f, 83
1652706706.1326, sdrt-health/mac:02010b41cdec/antenna/tag/e28068940000400386621d4f, 96
1652706706.147205, sdrt-health/mac:02010b41cdec/antenna/tag/e2806894000040038662114f, 85
1652706706.229727, sdrt-health/mac:02010b41cdec/antenna/tag/e28068940000400386621d4f, 90
1652706706.308083, sdrt-health/mac:02010b41cdec/antenna/tag/e2806894000050038662154f, 88
1652706706.357574, sdrt-health/mac:02010b41cdec/antenna/tag/e28068940000400386621d4f, 90
1652706706.387413, sdrt-health/mac:02010b41cdec/antenna/tag/e2806894000050038661fd4f, 86
1652706706.387627, sdrt-health/mac:02010b41cdec/antenna/tag/e28068940000400386621d4f, 90
1652706706.387758, sdrt-health/mac:02010b41cdec/antenna/tag/e28068940000400386621d4f, 90
1652706706.400697, sdrt-health/mac:02010b41cdec/antenna/tag/e2806894000050038662154f, 91
1652706706.400942, sdrt-health/mac:02010b41cdec/antenna/tag/e2806894000050038662154f, 88
1652706706.439895, sdrt-health/mac:02010b41cdec/antenna/tag/e2806894000040038662114f, 91
1652706706.479121, sdrt-health/mac:02010b41cdec/antenna/tag/e2806894000050038662194f, 83
1652706706.535182, sdrt-health/mac:02010b41cdec/antenna/tag/e2806894000040038662114f, 88
1652706706.53541, sdrt-health/mac:02010b41cdec/antenna/tag/e2806894000050038662154f, 85
1652706706.550728, sdrt-health/mac:02010b41cdec/antenna/tag/e2806894000050038662154f, 88
1652706706.551013, sdrt-health/mac:02010b41cdec/antenna/tag/e2806894000050038661fd4f, 83
1652706706.568269, sdrt-health/mac:02010b41cdec/antenna/tag/e28068940000400386621d4f, 90
1652706706.610342, sdrt-health/mac:02010b41cdec/antenna/tag/e2806894000050038662154f, 88
1652706706.649854, sdrt-health/mac:02010b41cdec/antenna/tag/e2806894000040038662114f, 88
1652706706.703084, sdrt-health/mac:02010b41cdec/antenna/tag/e2806894000040038662114f, 88
1652706706.703521, sdrt-health/mac:02010b41cdec/antenna/tag/e2806894000040038662114f, 85
1652706706.731318, sdrt-health/mac:02010b41cdec/antenna/tag/e2806894000050038661fd4f, 83
1652706706.769802, sdrt-health/mac:02010b41cdec/antenna/tag/e28068940000400386621d4f, 96
1652706706.830504, sdrt-health/mac:02010b41cdec/antenna/tag/e2806894000050038661fd4f, 83
1652706706.880895, sdrt-health/mac:02010b41cdec/antenna/tag/e28068940000400386621d4f, 96
1652706706.935211, sdrt-health/mac:02010b41cdec/antenna/tag/e2806894000050038661fd4f, 83
1652706706.935419, sdrt-health/mac:02010b41cdec/antenna/tag/e2806894000040038662114f, 85
1652706706.950109, sdrt-health/mac:02010b41cdec/antenna/tag/e28068940000400386621d4f, 96
1652706706.970142, sdrt-health/mac:02010b41cdec/antenna/tag/e2806894000050038662194f, 83
1652706707.012879, sdrt-health/mac:02010b41cdec/antenna/tag/e2806894000050038662194f, 88
1652706707.071524, sdrt-health/mac:02010b41cdec/antenna/tag/e2806894000040038662114f, 88
1652706707.071732, sdrt-health/mac:02010b41cdec/antenna/tag/e2806894000040038662114f, 91
1652706707.086887, sdrt-health/mac:02010b41cdec/antenna/tag/e2806894000050038662154f, 91
1652706707.128946, sdrt-health/mac:02010b41cdec/antenna/tag/e2806894000040038662114f, 88
1652706707.177252, sdrt-health/mac:02010b41cdec/antenna/tag/e28068940000500386620d4f, 83
1652706707.220303, sdrt-health/mac:02010b41cdec/antenna/tag/e28068940000400386621d4f, 96
1652706707.25897, sdrt-health/mac:02010b41cdec/antenna/tag/e28068940000500386620d4f, 83
1652706707.322922, sdrt-health/mac:02010b41cdec/antenna/tag/e2806894000050038661fd4f, 83
1652706707.323174, sdrt-health/mac:02010b41cdec/antenna/tag/e2806894000050038662154f, 91
1652706707.337041, sdrt-health/mac:02010b41cdec/antenna/tag/e28068940000500386620d4f, 87
1652706707.34921, sdrt-health/mac:02010b41cdec/antenna/tag/e28068940000500386620d4f, 81
1652706707.352409, sdrt-health/mac:02010b41cdec/antenna/tag/e2806894000050038662154f, 88
1652706707.389057, sdrt-health/mac:02010b41cdec/antenna/tag/e28068940000500386620d4f, 83
1652706707.429111, sdrt-health/mac:02010b41cdec/antenna/tag/e2806894000050038661fd4f, 86
1652706707.469498, sdrt-health/mac:02010b41cdec/antenna/tag/e2806894000050038661fd4f, 83
1652706707.519694, sdrt-health/mac:02010b41cdec/antenna/tag/e28068940000500386620d4f, 83
1652706707.549011, sdrt-health/mac:02010b41cdec/antenna/tag/e2806894000050038661fd4f, 83
1652706707.549252, sdrt-health/mac:02010b41cdec/antenna/tag/e2806894000050038662154f, 85
1652706707.56785, sdrt-health/mac:02010b41cdec/antenna/tag/e2806894000050038661fd4f, 83
1652706707.624894, sdrt-health/mac:02010b41cdec/antenna/tag/e2806894000040038662114f, 85
1652706707.62509, sdrt-health/mac:02010b41cdec/antenna/tag/e2806894000050038662154f, 85
1652706707.661497, sdrt-health/mac:02010b41cdec/antenna/tag/e2806894000040038661f94f, 88
1652706707.693201, sdrt-health/mac:02010b41cdec/antenna/tag/e2806894000040038662114f, 85
1652706707.693486, sdrt-health/mac:02010b41cdec/antenna/tag/e28068940000400386621d4f, 77
1652706707.708031, sdrt-health/mac:02010b41cdec/antenna/tag/e2806894000050038661fd4f, 83
1652706707.772741, sdrt-health/mac:02010b41cdec/antenna/tag/e28068940000400386621d4f, 96
1652706707.772974, sdrt-health/mac:02010b41cdec/antenna/tag/e28068940000500386620d4f, 87
1652706707.799248, sdrt-health/mac:02010b41cdec/antenna/tag/e2806894000050038661fd4f, 83
1652706707.853986, sdrt-health/mac:02010b41cdec/antenna/tag/e28068940000400386621d4f, 90
1652706707.854229, sdrt-health/mac:02010b41cdec/antenna/tag/e2806894000050038661fd4f, 83
1652706707.887596, sdrt-health/mac:02010b41cdec/antenna/tag/e2806894000050038661fd4f, 83
1652706707.929138, sdrt-health/mac:02010b41cdec/antenna/tag/e2806894000050038661fd4f, 86
1652706707.969442, sdrt-health/mac:02010b41cdec/antenna/tag/e2806894000050038662154f, 88
1652706708.032106, sdrt-health/mac:02010b41cdec/antenna/tag/e2806894000040038662114f, 91
1652706708.03242, sdrt-health/mac:02010b41cdec/antenna/tag/e2806894000040038662114f, 88
1652706708.060322, sdrt-health/mac:02010b41cdec/antenna/tag/e2806894000050038661fd4f, 86
1652706708.109518, sdrt-health/mac:02010b41cdec/antenna/tag/e2806894000050038661fd4f, 86
1652706708.158209, sdrt-health/mac:02010b41cdec/antenna/tag/e2806894000050038662154f, 85
1652706708.217386, sdrt-health/mac:02010b41cdec/antenna/tag/e2806894000050038662154f, 85
1652706708.217863, sdrt-health/mac:02010b41cdec/antenna/tag/e2806894000050038661fd4f, 83
1652706708.269639, sdrt-health/mac:02010b41cdec/antenna/tag/e2806894000040038662114f, 88
1652706708.310205, sdrt-health/mac:02010b41cdec/antenna/tag/e28068940000400386621d4f, 96
1652706708.351057, sdrt-health/mac:02010b41cdec/antenna/tag/e28068940000400386621d4f, 96
1652706708.403911, sdrt-health/mac:02010b41cdec/antenna/tag/e2806894000050038662154f, 88
1652706708.404117, sdrt-health/mac:02010b41cdec/antenna/tag/e28068940000400386621d4f, 96
1652706708.418159, sdrt-health/mac:02010b41cdec/antenna/tag/e2806894000050038662154f, 88
1652706708.441305, sdrt-health/mac:02010b41cdec/antenna/tag/e2806894000050038661fd4f, 83
1652706708.51244, sdrt-health/mac:02010b41cdec/antenna/tag/e28068940000400386621d4f, 96
1652706708.512672, sdrt-health/mac:02010b41cdec/antenna/tag/e2806894000050038662154f, 88
1652706708.538909, sdrt-health/mac:02010b41cdec/antenna/tag/e28068940000400386621d4f, 96
1652706708.579412, sdrt-health/mac:02010b41cdec/antenna/tag/e2806894000040038662114f, 85
1652706708.619799, sdrt-health/mac:02010b41cdec/antenna/tag/e28068940000500386620d4f, 81
1652706708.659213, sdrt-health/mac:02010b41cdec/antenna/tag/e28068940000500386620d4f, 87
1652706708.699574, sdrt-health/mac:02010b41cdec/antenna/tag/e28068940000500386620d4f, 83
1652706708.750156, sdrt-health/mac:02010b41cdec/antenna/tag/e2806894000040038662114f, 91
1652706708.797734, sdrt-health/mac:02010b41cdec/antenna/tag/e28068940000400386621d4f, 90
1652706708.84042, sdrt-health/mac:02010b41cdec/antenna/tag/e28068940000500386620d4f, 83
1652706708.886977, sdrt-health/mac:02010b41cdec/antenna/tag/e28068940000500386620d4f, 83
1652706708.929819, sdrt-health/mac:02010b41cdec/antenna/tag/e28068940000500386620d4f, 81
1652706708.96994, sdrt-health/mac:02010b41cdec/antenna/tag/e28068940000400386621d4f, 90
1652706709.02419, sdrt-health/mac:02010b41cdec/antenna/tag/e2806894000040038662114f, 88
1652706709.024403, sdrt-health/mac:02010b41cdec/antenna/tag/e2806894000050038662154f, 91
1652706709.050446, sdrt-health/mac:02010b41cdec/antenna/tag/e2806894000050038662154f, 85
1652706709.07931, sdrt-health/mac:02010b41cdec/antenna/tag/e2806894000050038662154f, 88
1652706709.079518, sdrt-health/mac:02010b41cdec/antenna/tag/e28068940000400386621d4f, 96
1652706709.093517, sdrt-health/mac:02010b41cdec/antenna/tag/e2806894000050038662194f, 83
1652706709.093742, sdrt-health/mac:02010b41cdec/antenna/tag/e2806894000050038662154f, 85
1652706709.140134, sdrt-health/mac:02010b41cdec/antenna/tag/e28068940000400386621d4f, 96
1652706709.211673, sdrt-health/mac:02010b41cdec/antenna/tag/e2806894000050038662194f, 94
1652706709.212001, sdrt-health/mac:02010b41cdec/antenna/tag/e28068940000400386621d4f, 90
1652706709.225852, sdrt-health/mac:02010b41cdec/antenna/tag/e2806894000050038661fd4f, 86
1652706709.270717, sdrt-health/mac:02010b41cdec/antenna/tag/e2806894000050038661fd4f, 86
1652706709.271143, sdrt-health/mac:02010b41cdec/antenna/tag/e2806894000050038662154f, 91
1652706709.286325, sdrt-health/mac:02010b41cdec/antenna/tag/e2806894000050038662154f, 88
1652706709.286615, sdrt-health/mac:02010b41cdec/antenna/tag/e2806894000050038662154f, 91
1652706709.297957, sdrt-health/mac:02010b41cdec/antenna/tag/e2806894000040038662114f, 91
1652706709.339245, sdrt-health/mac:02010b41cdec/antenna/tag/e2806894000050038661fd4f, 86
1652706709.388569, sdrt-health/mac:02010b41cdec/antenna/tag/e2806894000040038662114f, 91
1652706709.445299, sdrt-health/mac:02010b41cdec/antenna/tag/e2806894000050038662154f, 88
1652706709.445496, sdrt-health/mac:02010b41cdec/antenna/tag/e2806894000050038661fd4f, 83
1652706709.480527, sdrt-health/mac:02010b41cdec/antenna/tag/e2806894000050038661fd4f, 83
1652706709.511459, sdrt-health/mac:02010b41cdec/antenna/tag/e2806894000040038662114f, 85
1652706709.511748, sdrt-health/mac:02010b41cdec/antenna/tag/e2806894000050038662154f, 85
1652706709.527042, sdrt-health/mac:02010b41cdec/antenna/tag/e2806894000050038662154f, 85
1652706709.56997, sdrt-health/mac:02010b41cdec/antenna/tag/e2806894000050038662154f, 85
1652706709.609639, sdrt-health/mac:02010b41cdec/antenna/tag/e28068940000400386621d4f, 96
1652706709.649547, sdrt-health/mac:02010b41cdec/antenna/tag/e2806894000040038662114f, 93
1652706709.704885, sdrt-health/mac:02010b41cdec/antenna/tag/e2806894000050038661fd4f, 83
1652706709.705236, sdrt-health/mac:02010b41cdec/antenna/tag/e2806894000050038661fd4f, 83
1652706709.719487, sdrt-health/mac:02010b41cdec/antenna/tag/e2806894000040038662114f, 88
1652706709.729719, sdrt-health/mac:02010b41cdec/antenna/tag/e2806894000050038661fd4f, 83
1652706709.734375, sdrt-health/mac:02010b41cdec/antenna/tag/e28068940000500386620d4f, 83
1652706709.769816, sdrt-health/mac:02010b41cdec/antenna/tag/e28068940000400386621d4f, 90
1652706709.81061, sdrt-health/mac:02010b41cdec/antenna/tag/e28068940000400386621d4f, 90
1652706709.851952, sdrt-health/mac:02010b41cdec/antenna/tag/e2806894000050038662154f, 88
1652706709.903039, sdrt-health/mac:02010b41cdec/antenna/tag/e2806894000050038661fd4f, 86
1652706709.90332, sdrt-health/mac:02010b41cdec/antenna/tag/e2806894000040038662114f, 88
1652706709.916043, sdrt-health/mac:02010b41cdec/antenna/tag/e28068940000500386620d4f, 87
1652706709.929612, sdrt-health/mac:02010b41cdec/antenna/tag/e28068940000400386621d4f, 90
1652706709.970441, sdrt-health/mac:02010b41cdec/antenna/tag/e2806894000040038662114f, 91
1652706710.01066, sdrt-health/mac:02010b41cdec/antenna/tag/e2806894000050038662194f, 94
1652706710.057664, sdrt-health/mac:02010b41cdec/antenna/tag/e2806894000050038662154f, 85
1652706710.115181, sdrt-health/mac:02010b41cdec/antenna/tag/e2806894000040038662114f, 88
1652706710.115398, sdrt-health/mac:02010b41cdec/antenna/tag/e2806894000040038662114f, 93
1652706710.150642, sdrt-health/mac:02010b41cdec/antenna/tag/e2806894000040038662114f, 85
1652706710.178479, sdrt-health/mac:02010b41cdec/antenna/tag/e2806894000050038662194f, 81
1652706710.178657, sdrt-health/mac:02010b41cdec/antenna/tag/e2806894000050038662154f, 88
1652706710.207335, sdrt-health/mac:02010b41cdec/antenna/tag/e2806894000050038662154f, 85
1652706710.237983, sdrt-health/mac:02010b41cdec/antenna/tag/e2806894000040038662114f, 93
1652706710.238183, sdrt-health/mac:02010b41cdec/antenna/tag/e2806894000040038662114f, 88
1652706710.261471, sdrt-health/mac:02010b41cdec/antenna/tag/e2806894000050038662154f, 88
1652706710.290641, sdrt-health/mac:02010b41cdec/antenna/tag/e2806894000050038662154f, 88
1652706710.290894, sdrt-health/mac:02010b41cdec/antenna/tag/e28068940000400386621d4f, 96
1652706710.291079, sdrt-health/mac:02010b41cdec/antenna/tag/e2806894000050038662154f, 88
1652706710.305766, sdrt-health/mac:02010b41cdec/antenna/tag/e28068940000400386621d4f, 96
1652706710.306039, sdrt-health/mac:02010b41cdec/antenna/tag/e2806894000050038662194f, 81
1652706710.339816, sdrt-health/mac:02010b41cdec/antenna/tag/e2806894000050038662154f, 88
1652706710.380237, sdrt-health/mac:02010b41cdec/antenna/tag/e2806894000050038662154f, 91
1652706710.434751, sdrt-health/mac:02010b41cdec/antenna/tag/e28068940000400386621d4f, 90
1652706710.434997, sdrt-health/mac:02010b41cdec/antenna/tag/e28068940000500386620d4f, 83
1652706710.449946, sdrt-health/mac:02010b41cdec/antenna/tag/e2806894000040038662114f, 88
1652706710.470263, sdrt-health/mac:02010b41cdec/antenna/tag/e2806894000050038662194f, 94
1652706710.527066, sdrt-health/mac:02010b41cdec/antenna/tag/e2806894000050038662154f, 88
1652706710.556078, sdrt-health/mac:02010b41cdec/antenna/tag/e2806894000050038661fd4f, 83
1652706710.55632, sdrt-health/mac:02010b41cdec/antenna/tag/e28068940000400386621d4f, 96
1652706710.58847, sdrt-health/mac:02010b41cdec/antenna/tag/e2806894000040038662114f, 88
1652706710.643317, sdrt-health/mac:02010b41cdec/antenna/tag/e2806894000050038661fd4f, 83
1652706710.643597, sdrt-health/mac:02010b41cdec/antenna/tag/e2806894000050038662154f, 88
1652706710.657682, sdrt-health/mac:02010b41cdec/antenna/tag/e28068940000400386621d4f, 96
1652706710.671049, sdrt-health/mac:02010b41cdec/antenna/tag/e28068940000400386621d4f, 96
1652706710.671326, sdrt-health/mac:02010b41cdec/antenna/tag/e2806894000050038662154f, 88
1652706710.671533, sdrt-health/mac:02010b41cdec/antenna/tag/e2806894000040038662114f, 88
1652706710.719508, sdrt-health/mac:02010b41cdec/antenna/state, connected
1652706710.720665, sdrt-health/mac:02010b41cdec/fw, {"version":"1.8.1","model":"200","hash":"2f556501b58f1dad542af428d7928d18","timestamp":1652706707}
1652706710.758684, sdrt-health/mac:02010b41cdec/antenna/tag/e28068940000400386621d4f, 96
1652706710.799824, sdrt-health/mac:02010b41cdec/antenna/tag/e2806894000050038662154f, 85
1652706710.854654, sdrt-health/mac:02010b41cdec/antenna/tag/e2806894000050038661fd4f, 83
1652706710.854878, sdrt-health/mac:02010b41cdec/antenna/tag/e2806894000050038661fd4f, 83
1652706710.854997, sdrt-health/mac:02010b41cdec/antenna/tag/e2806894000040038662114f, 93
1652706710.88724, sdrt-health/mac:02010b41cdec/antenna/tag/e2806894000040038662114f, 85
1652706710.916967, sdrt-health/mac:02010b41cdec/antenna/tag/e2806894000040038662114f, 85
1652706710.917199, sdrt-health/mac:02010b41cdec/antenna/tag/e28068940000400386621d4f, 96
1652706710.930753, sdrt-health/mac:02010b41cdec/antenna/tag/e2806894000050038661fd4f, 83
1652706710.931009, sdrt-health/mac:02010b41cdec/antenna/version, 
1652706710.946195, sdrt-health/mac:02010b41cdec/antenna/tag/e2806894000040038662114f, 85
1652706711.01761, sdrt-health/mac:02010b41cdec/antenna/tag/e28068940000500386620d4f, 94
1652706711.076211, sdrt-health/mac:02010b41cdec/antenna/tag/e28068940000400386621d4f, 96
1652706711.106565, sdrt-health/mac:02010b41cdec/antenna/tag/e2806894000050038662154f, 85
1652706711.106784, sdrt-health/mac:02010b41cdec/antenna/tag/e28068940000400386621d4f, 77
1652706711.127461, sdrt-health/mac:02010b41cdec/antenna/tag/e2806894000040038662114f, 93
1652706711.169722, sdrt-health/mac:02010b41cdec/antenna/tag/e2806894000040038662114f, 88
1652706711.211932, sdrt-health/mac:02010b41cdec/antenna/tag/e2806894000040038662114f, 88
1652706711.250353, sdrt-health/mac:02010b41cdec/antenna/tag/e2806894000050038662154f, 85
1652706711.289336, sdrt-health/mac:02010b41cdec/antenna/tag/e28068940000500386620d4f, 94
1652706711.379168, sdrt-health/mac:02010b41cdec/antenna/tag/e2806894000050038661fd4f, 86
1652706711.422283, sdrt-health/mac:02010b41cdec/antenna/tag/e28068940000400386621d4f, 90
1652706711.493916, sdrt-health/mac:02010b41cdec/antenna/tag/e2806894000050038662154f, 91
1652706711.494313, sdrt-health/mac:02010b41cdec/antenna/tag/e2806894000050038661fd4f, 86
1652706711.508047, sdrt-health/mac:02010b41cdec/antenna/tag/e28068940000400386621d4f, 90
1652706711.554792, sdrt-health/mac:02010b41cdec/antenna/tag/e2806894000040038662114f, 88
1652706711.555007, sdrt-health/mac:02010b41cdec/antenna/tag/e2806894000050038661fd4f, 86
1652706711.569837, sdrt-health/mac:02010b41cdec/antenna/tag/e2806894000040038662114f, 91
1652706711.580327, sdrt-health/mac:02010b41cdec/antenna/tag/e28068940000400386621d4f, 96
1652706711.630011, sdrt-health/mac:02010b41cdec/antenna/tag/e2806894000040038662114f, 88
1652706711.690219, sdrt-health/mac:02010b41cdec/antenna/tag/e2806894000050038662154f, 88
1652706711.72995, sdrt-health/mac:02010b41cdec/antenna/tag/e2806894000050038661fd4f, 83
1652706711.78621, sdrt-health/mac:02010b41cdec/antenna/tag/e28068940000400386621d4f, 77
1652706711.78646, sdrt-health/mac:02010b41cdec/antenna/tag/e2806894000050038662154f, 91
1652706711.809175, sdrt-health/mac:02010b41cdec/antenna/tag/e2806894000050038662154f, 88
1652706711.849756, sdrt-health/mac:02010b41cdec/antenna/tag/e2806894000040038662114f, 88
1652706711.93678, sdrt-health/mac:02010b41cdec/antenna/tag/e28068940000400386621d4f, 90
1652706711.937237, sdrt-health/mac:02010b41cdec/antenna/tag/e2806894000040038662114f, 88
1652706711.961146, sdrt-health/mac:02010b41cdec/antenna/tag/e28068940000400386621d4f, 90
1652706712.017289, sdrt-health/mac:02010b41cdec/antenna/tag/e2806894000040038662114f, 88
1652706712.017561, sdrt-health/mac:02010b41cdec/antenna/tag/e28068940000400386621d4f, 90
1652706712.058818, sdrt-health/mac:02010b41cdec/antenna/tag/e2806894000050038662194f, 81
1652706712.114084, sdrt-health/mac:02010b41cdec/antenna/tag/e2806894000040038662114f, 85
1652706712.114298, sdrt-health/mac:02010b41cdec/antenna/tag/e2806894000040038662114f, 85
1652706712.127748, sdrt-health/mac:02010b41cdec/antenna/tag/e2806894000050038662194f, 81
1652706712.195173, sdrt-health/mac:02010b41cdec/antenna/tag/e2806894000050038661fd4f, 83
1652706712.195402, sdrt-health/mac:02010b41cdec/antenna/tag/e2806894000050038661fd4f, 83
1652706712.280827, sdrt-health/mac:02010b41cdec/antenna/tag/e2806894000050038662154f, 88
1652706712.360252, sdrt-health/mac:02010b41cdec/antenna/tag/e2806894000050038662194f, 81
1652706712.445403, sdrt-health/mac:02010b41cdec/antenna/tag/e2806894000050038661fd4f, 83
1652706712.445805, sdrt-health/mac:02010b41cdec/antenna/tag/e2806894000040038662114f, 88
1652706712.469628, sdrt-health/mac:02010b41cdec/antenna/tag/e2806894000050038661fd4f, 83
1652706712.50918, sdrt-health/mac:02010b41cdec/antenna/tag/e2806894000050038661fd4f, 83
1652706712.561565, sdrt-health/mac:02010b41cdec/antenna/tag/e2806894000050038662154f, 85
1652706712.799067, sdrt-health/mac:02010b41cdec/antenna/tag/scan, scan stopped
