1652706507.522706, sdrt-health/mac:02010b41cdec/antenna/power/set, {"power": 300}
1652706508.590918, sdrt-health/mac:02010b41cdec/antenna/power/set, 
1652706512.545909, sdrt-health/mac:02010b41cdec/antenna/tag/scan, {"time": 20000}
1652706512.908777, sdrt-health/mac:02010b41cdec/antenna/tag/e28068940000400386621d4f, 96
1652706512.947286, sdrt-health/mac:02010b41cdec/antenna/tag/e28068940000500386620d4f, 94
1652706512.988009, sdrt-health/mac:02010b41cdec/antenna/tag/e28068940000400386621d4f, 77
1652706513.027563, sdrt-health/mac:02010b41cdec/antenna/tag/e2806894000050038661fd4f, 86
1652706513.082121, sdrt-health/mac:02010b41cdec/antenna/tag/e28068940000400386621d4f, 96
1652706513.082693, sdrt-health/mac:02010b41cdec/antenna/tag/e2806894000050038662194f, 81
1652706513.108389, sdrt-health/mac:02010b41cdec/antenna/tag/e2806894000050038662154f, 97
1652706513.161734, sdrt-health/mac:02010b41cdec/antenna/tag/e28068940000500386620d4f, 93
1652706513.161952, sdrt-health/mac:02010b41cdec/antenna/tag/e2806894000040038662114f, 88
1652706513.176396, sdrt-health/mac:02010b41cdec/antenna/tag/e28068940000500386620d4f, 83
1652706513.217845, sdrt-health/mac:02010b41cdec/antenna/tag/e2806894000050038662154f, 91
1652706513.267864, sdrt-health/mac:02010b41cdec/antenna/tag/e2806894000050038662154f, 91
1652706513.298083, sdrt-health/mac:02010b41cdec/antenna/tag/e28068940000400386621d4f, 77
1652706513.298395, sdrt-health/mac:02010b41cdec/antenna/tag/e2806894000050038661fd4f, 86
1652706513.416633, sdrt-health/mac:02010b41cdec/antenna/tag/e2806894000050038662154f, 91
1652706513.467489, sdrt-health/mac:02010b41cdec/antenna/tag/e2806894000050038661fd4f, 83
1652706513.542161, sdrt-health/mac:02010b41cdec/antenna/tag/e2806894000050038661fd4f, 86
1652706513.542624, sdrt-health/mac:02010b41cdec/antenna/tag/e2806894000040038662114f, 85
1652706513.557331, sdrt-health/mac:02010b41cdec/antenna/tag/e28068940000500386620d4f, 87
1652706513.576743, sdrt-health/mac:02010b41cdec/antenna/tag/e2806894000050038662154f, 91
1652706513.633545, sdrt-health/mac:02010b41cdec/antenna/tag/e2806894000040038662114f, 91
1652706513.634042, sdrt-health/mac:02010b41cdec/antenna/tag/e2806894000040038661f94f, 94
1652706513.649726, sdrt-health/mac:02010b41cdec/antenna/tag/e28068940000400386621d4f, 90
1652706513.667815, sdrt-health/mac:02010b41cdec/antenna/tag/e2806894000050038662154f, 97
1652706513.748176, sdrt-health/mac:02010b41cdec/antenna/tag/e2806894000040038662114f, 88
1652706513.787692, sdrt-health/mac:02010b41cdec/antenna/tag/e28068940000500386620d4f, 93
1652706513.82815, sdrt-health/mac:02010b41cdec/antenna/tag/e2806894000050038661fd4f, 86
1652706513.869107, sdrt-health/mac:02010b41cdec/antenna/tag/e2806894000040038661f94f, 94
1652706513.900493, sdrt-health/mac:02010b41cdec/antenna/tag/e2806894000050038661fd4f, 83
1652706513.900973, sdrt-health/mac:02010b41cdec/antenna/tag/e2806894000050038662154f, 88
1652706513.914835, sdrt-health/mac:02010b41cdec/antenna/tag/e2806894000040038662114f, 88
1652706513.91503, sdrt-health/mac:02010b41cdec/antenna/tag/e2806894000050038662154f, 88
1652706513.948008, sdrt-health/mac:02010b41cdec/antenna/tag/e28068940000400386621d4f, 77
1652706514.002106, sdrt-health/mac:02010b41cdec/antenna/tag/e2806894000040038662214f, 83
1652706514.002381, sdrt-health/mac:02010b41cdec/antenna/tag/e2806894000050038661fd4f, 83
1652706514.017343, sdrt-health/mac:02010b41cdec/antenna/tag/e2806894000040038662054f, 88
1652706514.05171, sdrt-health/mac:02010b41cdec/antenna/tag/e28068940000400386621d4f, 96
1652706514.052032, sdrt-health/mac:02010b41cdec/antenna/tag/e2806894000040038662114f, 88
1652706514.066235, sdrt-health/mac:02010b41cdec/antenna/tag/e2806894000050038661fd4f, 83
1652706514.088449, sdrt-health/mac:02010b41cdec/antenna/tag/e28068940000500386620d4f, 87
1652706514.144927, sdrt-health/mac:02010b41cdec/antenna/tag/e2806894000050038662194f, 81
1652706514.175093, sdrt-health/mac:02010b41cdec/antenna/tag/e2806894000050038661fd4f, 86
1652706514.175308, sdrt-health/mac:02010b41cdec/antenna/tag/e2806894000050038662154f, 88
1652706514.307926, sdrt-health/mac:02010b41cdec/antenna/tag/e28068940000500386620d4f, 81
1652706514.34087, sdrt-health/mac:02010b41cdec/antenna/tag/e28068940000500386620d4f, 81
1652706514.341428, sdrt-health/mac:02010b41cdec/antenna/tag/e2806894000050038661fd4f, 86
1652706514.341744, sdrt-health/mac:02010b41cdec/antenna/tag/e2806894000050038662194f, 83
1652706514.358525, sdrt-health/mac:02010b41cdec/antenna/tag/e2806894000040038661f94f, 94
1652706514.397235, sdrt-health/mac:02010b41cdec/antenna/tag/e2806894000040038662114f, 85
1652706514.436383, sdrt-health/mac:02010b41cdec/antenna/tag/e2806894000050038662154f, 85
1652706514.477818, sdrt-health/mac:02010b41cdec/antenna/tag/e2806894000040038662214f, 81
1652706514.517593, sdrt-health/mac:02010b41cdec/antenna/tag/e2806894000050038662154f, 91
1652706514.558894, sdrt-health/mac:02010b41cdec/antenna/tag/e2806894000050038662154f, 91
1652706514.600518, sdrt-health/mac:02010b41cdec/antenna/tag/e2806894000050038662154f, 91
1652706514.638613, sdrt-health/mac:02010b41cdec/antenna/tag/e2806894000050038661fd4f, 86
1652706514.678024, sdrt-health/mac:02010b41cdec/antenna/tag/e28068940000400386621d4f, 96
1652706514.743508, sdrt-health/mac:02010b41cdec/antenna/tag/e28068940000500386620d4f, 93
1652706514.743992, sdrt-health/mac:02010b41cdec/antenna/tag/e2806894000050038661fd4f, 86
1652706514.758567, sdrt-health/mac:02010b41cdec/antenna/tag/e28068940000400386621d4f, 96
1652706514.777185, sdrt-health/mac:02010b41cdec/antenna/tag/e2806894000040038662114f, 88
1652706514.818896, sdrt-health/mac:02010b41cdec/antenna/tag/e2806894000040038662214f, 81
1652706514.914442, sdrt-health/mac:02010b41cdec/antenna/tag/e28068940000400386621d4f, 77
1652706514.914903, sdrt-health/mac:02010b41cdec/antenna/tag/e2806894000040038662114f, 88
1652706514.94878, sdrt-health/mac:02010b41cdec/antenna/tag/e2806894000050038661fd4f, 86
1652706514.997554, sdrt-health/mac:02010b41cdec/antenna/tag/e2806894000050038661fd4f, 86
1652706515.037778, sdrt-health/mac:02010b41cdec/antenna/tag/e2806894000050038661fd4f, 90
1652706515.092648, sdrt-health/mac:02010b41cdec/antenna/tag/e28068940000500386620d4f, 93
1652706515.093096, sdrt-health/mac:02010b41cdec/antenna/tag/e2806894000040038661f94f, 81
1652706515.118179, sdrt-health/mac:02010b41cdec/antenna/tag/e2806894000050038661fd4f, 86
1652706515.204459, sdrt-health/mac:02010b41cdec/antenna/tag/e2806894000050038662154f, 88
1652706515.204901, sdrt-health/mac:02010b41cdec/antenna/tag/e28068940000500386620d4f, 81
1652706515.218936, sdrt-health/mac:02010b41cdec/antenna/tag/e28068940000400386621d4f, 96
1652706515.219237, sdrt-health/mac:02010b41cdec/antenna/tag/e2806894000050038662154f, 91
1652706515.219432, sdrt-health/mac:02010b41cdec/antenna/tag/e28068940000500386620d4f, 81
1652706515.234528, sdrt-health/mac:02010b41cdec/antenna/tag/e2806894000050038662154f, 88
1652706515.287383, sdrt-health/mac:02010b41cdec/antenna/tag/e2806894000040038662214f, 88
1652706515.348545, sdrt-health/mac:02010b41cdec/antenna/tag/e2806894000050038661fd4f, 83
1652706515.607525, sdrt-health/mac:02010b41cdec/antenna/tag/e2806894000050038661fd4f, 86
1652706515.637327, sdrt-health/mac:02010b41cdec/antenna/tag/e2806894000040038662054f, 81
1652706515.637619, sdrt-health/mac:02010b41cdec/antenna/tag/e28068940000500386620d4f, 83
1652706515.637827, sdrt-health/mac:02010b41cdec/antenna/tag/e2806894000050038661fd4f, 90
1652706515.638092, sdrt-health/mac:02010b41cdec/antenna/tag/e2806894000050038662154f, 91
1652706515.708036, sdrt-health/mac:02010b41cdec/antenna/tag/e2806894000040038662054f, 81
1652706515.736366, sdrt-health/mac:02010b41cdec/antenna/tag/e2806894000050038662154f, 88
1652706515.736693, sdrt-health/mac:02010b41cdec/antenna/tag/e2806894000050038662154f, 91
1652706515.737077, sdrt-health/mac:02010b41cdec/antenna/tag/e2806894000050038662154f, 88
1652706515.751371, sdrt-health/mac:02010b41cdec/antenna/tag/e2806894000040038662214f, 81
1652706515.751592, sdrt-health/mac:02010b41cdec/antenna/tag/e28068940000500386620d4f, 87
1652706515.790685, sdrt-health/mac:02010b41cdec/antenna/tag/e2806894000050038661fd4f, 86
1652706515.82741, sdrt-health/mac:02010b41cdec/antenna/tag/e2806894000050038662154f, 85
1652706515.866697, sdrt-health/mac:02010b41cdec/antenna/tag/e2806894000050038662194f, 81
1652706515.908404, sdrt-health/mac:02010b41cdec/antenna/tag/e2806894000050038662194f, 88
1652706515.9578, sdrt-health/mac:02010b41cdec/antenna/tag/e2806894000040038662114f, 85
1652706515.988091, sdrt-health/mac:02010b41cdec/antenna/tag/e2806894000050038661fd4f, 83
1652706515.988614, sdrt-health/mac:02010b41cdec/antenna/tag/e2806894000050038662154f, 88
1652706515.99684, sdrt-health/mac:02010b41cdec/antenna/tag/e28068940000500386620d4f, 87
1652706518.430528, sdrt-health/mac:02010b41cdec/antenna/tag/e2806894000050038662154f, 91
1652706518.459148, sdrt-health/mac:02010b41cdec/antenna/tag/e2806894000040038661f94f, 94
1652706518.459733, sdrt-health/mac:02010b41cdec/antenna/tag/e2806894000050038662154f, 88
1652706518.460093, sdrt-health/mac:02010b41cdec/antenna/tag/e2806894000040038661f94f, 81
1652706518.460435, sdrt-health/mac:02010b41cdec/antenna/tag/e2806894000040038662114f, 91
1652706518.498066, sdrt-health/mac:02010b41cdec/antenna/tag/e2806894000050038662154f, 88
1652706518.527521, sdrt-health/mac:02010b41cdec/antenna/tag/e28068940000500386620d4f, 94
1652706518.527908, sdrt-health/mac:02010b41cdec/antenna/tag/e28068940000400386621d4f, 96
1652706518.528223, sdrt-health/mac:02010b41cdec/antenna/tag/e2806894000040038662114f, 97
1652706518.528463, sdrt-health/mac:02010b41cdec/antenna/tag/e2806894000040038662054f, 103
1652706518.528643, sdrt-health/mac:02010b41cdec/antenna/tag/e2806894000050038662154f, 85
1652706518.528821, sdrt-health/mac:02010b41cdec/antenna/tag/e2806894000040038662214f, 100
1652706518.528999, sdrt-health/mac:02010b41cdec/antenna/tag/e2806894000050038662154f, 85
1652706518.529201, sdrt-health/mac:02010b41cdec/antenna/tag/e2806894000040038662114f, 88
1652706518.52938, sdrt-health/mac:02010b41cdec/antenna/tag/e2806894000050038662154f, 85
1652706518.529645, sdrt-health/mac:02010b41cdec/antenna/tag/e2806894000050038662194f, 81
1652706518.52985, sdrt-health/mac:02010b41cdec/antenna/tag/e2806894000040038662114f, 91
1652706518.530035, sdrt-health/mac:02010b41cdec/antenna/tag/e2806894000050038662194f, 87
1652706518.530329, sdrt-health/mac:02010b41cdec/antenna/tag/e28068940000400386621d4f, 90
1652706518.530598, sdrt-health/mac:02010b41cdec/antenna/tag/e2806894000050038662154f, 91
1652706518.530831, sdrt-health/mac:02010b41cdec/antenna/tag/e2806894000050038661fd4f, 86
1652706518.531046, sdrt-health/mac:02010b41cdec/antenna/tag/e2806894000050038661fd4f, 86
1652706518.531308, sdrt-health/mac:02010b41cdec/antenna/tag/e2806894000050038662194f, 81
1652706518.531521, sdrt-health/mac:02010b41cdec/antenna/tag/e2806894000040038662114f, 88
1652706518.531759, sdrt-health/mac:02010b41cdec/antenna/tag/e28068940000400386621d4f, 96
1652706518.532047, sdrt-health/mac:02010b41cdec/antenna/tag/e2806894000040038662114f, 88
1652706518.532341, sdrt-health/mac:02010b41cdec/antenna/tag/e2806894000050038662194f, 87
1652706518.532597, sdrt-health/mac:02010b41cdec/antenna/tag/e2806894000050038662154f, 91
1652706518.532767, sdrt-health/mac:02010b41cdec/antenna/tag/e2806894000050038662154f, 88
1652706518.545007, sdrt-health/mac:02010b41cdec/antenna/tag/e2806894000040038662114f, 88
1652706518.575971, sdrt-health/mac:02010b41cdec/antenna/tag/e2806894000050038662194f, 84
1652706518.576285, sdrt-health/mac:02010b41cdec/antenna/tag/e28068940000400386621d4f, 96
1652706518.576626, sdrt-health/mac:02010b41cdec/antenna/tag/e2806894000050038661fd4f, 83
1652706518.576898, sdrt-health/mac:02010b41cdec/antenna/tag/e28068940000500386620d4f, 82
1652706518.589918, sdrt-health/mac:02010b41cdec/antenna/tag/e2806894000050038662194f, 81
1652706518.618972, sdrt-health/mac:02010b41cdec/antenna/tag/e28068940000400386621d4f, 77
1652706518.619214, sdrt-health/mac:02010b41cdec/antenna/tag/e2806894000040038662114f, 85
1652706518.61945, sdrt-health/mac:02010b41cdec/antenna/tag/e2806894000040038662214f, 88
1652706518.619679, sdrt-health/mac:02010b41cdec/antenna/tag/e2806894000050038662154f, 85
1652706518.619929, sdrt-health/mac:02010b41cdec/antenna/tag/e2806894000050038661fd4f, 83
1652706518.620158, sdrt-health/mac:02010b41cdec/antenna/tag/e2806894000050038662194f, 82
1652706518.620416, sdrt-health/mac:02010b41cdec/antenna/tag/e2806894000050038662154f, 91
1652706518.620667, sdrt-health/mac:02010b41cdec/antenna/tag/e2806894000050038662154f, 97
1652706518.620916, sdrt-health/mac:02010b41cdec/antenna/tag/e2806894000050038662194f, 94
1652706518.621257, sdrt-health/mac:02010b41cdec/antenna/tag/e28068940000400386621d4f, 77
1652706518.621619, sdrt-health/mac:02010b41cdec/antenna/tag/e2806894000050038662154f, 88
1652706518.621921, sdrt-health/mac:02010b41cdec/antenna/tag/e28068940000500386620d4f, 88
1652706518.622257, sdrt-health/mac:02010b41cdec/antenna/tag/e2806894000050038662154f, 85
1652706518.622582, sdrt-health/mac:02010b41cdec/antenna/tag/e2806894000040038662054f, 83
1652706518.622775, sdrt-health/mac:02010b41cdec/antenna/tag/e2806894000050038661fd4f, 86
1652706518.622969, sdrt-health/mac:02010b41cdec/antenna/tag/e28068940000400386621d4f, 90
1652706518.623166, sdrt-health/mac:02010b41cdec/antenna/tag/e28068940000500386620d4f, 81
1652706518.623419, sdrt-health/mac:02010b41cdec/antenna/tag/e2806894000050038662194f, 83
1652706518.623651, sdrt-health/mac:02010b41cdec/antenna/tag/e28068940000400386621d4f, 96
1652706518.623872, sdrt-health/mac:02010b41cdec/antenna/tag/e2806894000040038662114f, 97
1652706518.6324, sdrt-health/mac:02010b41cdec/antenna/tag/e28068940000500386620d4f, 81
1652706518.632612, sdrt-health/mac:02010b41cdec/antenna/tag/e2806894000040038662114f, 88
1652706518.632729, sdrt-health/mac:02010b41cdec/antenna/tag/e28068940000400386621d4f, 77
1652706518.632839, sdrt-health/mac:02010b41cdec/antenna/tag/e2806894000050038662154f, 91
1652706518.648331, sdrt-health/mac:02010b41cdec/antenna/tag/e2806894000040038662114f, 88
1652706518.648554, sdrt-health/mac:02010b41cdec/antenna/tag/e2806894000050038662154f, 88
1652706518.648704, sdrt-health/mac:02010b41cdec/antenna/tag/e2806894000050038662154f, 88
1652706518.64883, sdrt-health/mac:02010b41cdec/antenna/tag/e28068940000400386621d4f, 90
1652706518.648953, sdrt-health/mac:02010b41cdec/antenna/tag/e2806894000050038661fd4f, 90
1652706518.649095, sdrt-health/mac:02010b41cdec/antenna/tag/e2806894000040038662114f, 88
1652706518.649222, sdrt-health/mac:02010b41cdec/antenna/tag/e2806894000040038662054f, 84
1652706518.649348, sdrt-health/mac:02010b41cdec/antenna/tag/e28068940000500386620d4f, 83
1652706518.649473, sdrt-health/mac:02010b41cdec/antenna/tag/e2806894000040038662114f, 91
1652706518.649597, sdrt-health/mac:02010b41cdec/antenna/tag/e2806894000040038662054f, 88
1652706518.649723, sdrt-health/mac:02010b41cdec/antenna/tag/e2806894000050038662154f, 88
1652706518.649849, sdrt-health/mac:02010b41cdec/antenna/tag/e2806894000050038662194f, 94
1652706518.649974, sdrt-health/mac:02010b41cdec/antenna/tag/e2806894000040038662114f, 85
1652706518.650111, sdrt-health/mac:02010b41cdec/antenna/tag/e28068940000500386620d4f, 81
1652706518.650235, sdrt-health/mac:02010b41cdec/antenna/tag/e2806894000050038662194f, 83
1652706518.650359, sdrt-health/mac:02010b41cdec/antenna/tag/e2806894000050038662154f, 91
1652706518.650483, sdrt-health/mac:02010b41cdec/antenna/tag/e2806894000040038662114f, 88
1652706518.650609, sdrt-health/mac:02010b41cdec/antenna/tag/e2806894000040038662054f, 88
1652706518.650734, sdrt-health/mac:02010b41cdec/antenna/tag/e2806894000050038661fd4f, 86
1652706518.65086, sdrt-health/mac:02010b41cdec/antenna/tag/e2806894000050038662194f, 83
1652706518.650986, sdrt-health/mac:02010b41cdec/antenna/tag/e2806894000040038662054f, 81
1652706518.651149, sdrt-health/mac:02010b41cdec/antenna/tag/e28068940000500386620d4f, 81
1652706518.662622, sdrt-health/mac:02010b41cdec/antenna/tag/e2806894000050038661fd4f, 83
1652706518.690349, sdrt-health/mac:02010b41cdec/antenna/tag/e2806894000050038662194f, 83
1652706518.690739, sdrt-health/mac:02010b41cdec/antenna/tag/e28068940000400386621d4f, 77
1652706518.690937, sdrt-health/mac:02010b41cdec/antenna/tag/e28068940000400386621d4f, 96
1652706518.716506, sdrt-health/mac:02010b41cdec/antenna/tag/e2806894000050038662194f, 88
1652706518.757083, sdrt-health/mac:02010b41cdec/antenna/tag/e2806894000050038661fd4f, 83
1652706518.79701, sdrt-health/mac:02010b41cdec/antenna/tag/e2806894000050038662194f, 81
1652706518.82531, sdrt-health/mac:02010b41cdec/antenna/tag/e2806894000040038662214f, 82
1652706518.825769, sdrt-health/mac:02010b41cdec/antenna/tag/e2806894000050038662154f, 88
1652706518.838884, sdrt-health/mac:02010b41cdec/antenna/tag/e28068940000500386620d4f, 83
1652706518.883702, sdrt-health/mac:02010b41cdec/antenna/tag/e2806894000050038661fd4f, 83
1652706518.926607, sdrt-health/mac:02010b41cdec/antenna/tag/e28068940000500386620d4f, 87
1652706518.969564, sdrt-health/mac:02010b41cdec/antenna/tag/e28068940000400386621d4f, 96
1652706519.006889, sdrt-health/mac:02010b41cdec/antenna/tag/e28068940000500386620d4f, 85
1652706519.057472, sdrt-health/mac:02010b41cdec/antenna/tag/e28068940000400386621d4f, 90
1652706519.109863, sdrt-health/mac:02010b41cdec/antenna/tag/e2806894000050038661fd4f, 86
1652706519.161683, sdrt-health/mac:02010b41cdec/antenna/tag/e2806894000050038661fd4f, 86
1652706519.162132, sdrt-health/mac:02010b41cdec/antenna/tag/e28068940000400386621d4f, 90
1652706519.196925, sdrt-health/mac:02010b41cdec/antenna/tag/e2806894000050038662154f, 88
1652706519.263185, sdrt-health/mac:02010b41cdec/antenna/tag/e2806894000050038662194f, 94
1652706519.263656, sdrt-health/mac:02010b41cdec/antenna/tag/e2806894000040038662114f, 91
1652706519.276574, sdrt-health/mac:02010b41cdec/antenna/tag/e2806894000050038662154f, 88
1652706519.286309, sdrt-health/mac:02010b41cdec/antenna/tag/e28068940000400386621d4f, 96
1652706519.327191, sdrt-health/mac:02010b41cdec/antenna/tag/e28068940000400386621d4f, 96
1652706519.369788, sdrt-health/mac:02010b41cdec/antenna/tag/e2806894000040038662114f, 88
1652706519.435639, sdrt-health/mac:02010b41cdec/antenna/tag/e28068940000400386621d4f, 96
1652706519.436181, sdrt-health/mac:02010b41cdec/antenna/tag/e2806894000050038662154f, 91
1652706519.450614, sdrt-health/mac:02010b41cdec/antenna/tag/e2806894000040038662114f, 88
1652706519.468152, sdrt-health/mac:02010b41cdec/antenna/tag/e2806894000040038662114f, 85
1652706519.49826, sdrt-health/mac:02010b41cdec/antenna/tag/e28068940000400386621d4f, 77
1652706519.498551, sdrt-health/mac:02010b41cdec/antenna/tag/e2806894000050038661fd4f, 86
1652706519.513905, sdrt-health/mac:02010b41cdec/antenna/tag/e2806894000050038662154f, 85
1652706519.514067, sdrt-health/mac:02010b41cdec/antenna/tag/e2806894000050038662154f, 85
1652706519.557164, sdrt-health/mac:02010b41cdec/antenna/tag/e2806894000050038662194f, 94
1652706519.59707, sdrt-health/mac:02010b41cdec/antenna/tag/e2806894000050038661fd4f, 86
1652706519.648431, sdrt-health/mac:02010b41cdec/antenna/tag/e2806894000040038662114f, 91
1652706519.703294, sdrt-health/mac:02010b41cdec/antenna/tag/e2806894000050038662154f, 91
1652706519.70374, sdrt-health/mac:02010b41cdec/antenna/tag/e2806894000050038662154f, 88
1652706519.746387, sdrt-health/mac:02010b41cdec/antenna/tag/e2806894000050038661fd4f, 86
1652706519.804036, sdrt-health/mac:02010b41cdec/antenna/tag/e28068940000400386621d4f, 96
1652706519.866074, sdrt-health/mac:02010b41cdec/antenna/tag/e2806894000050038662154f, 91
1652706519.866514, sdrt-health/mac:02010b41cdec/antenna/tag/e28068940000500386620d4f, 87
1652706519.882502, sdrt-health/mac:02010b41cdec/antenna/tag/e2806894000050038662154f, 91
1652706519.890114, sdrt-health/mac:02010b41cdec/antenna/tag/e28068940000500386620d4f, 87
1652706519.897712, sdrt-health/mac:02010b41cdec/antenna/tag/e28068940000500386620d4f, 87
1652706519.954623, sdrt-health/mac:02010b41cdec/antenna/tag/e2806894000040038661f94f, 88
1652706519.999385, sdrt-health/mac:02010b41cdec/antenna/tag/e28068940000500386620d4f, 83
1652706520.030853, sdrt-health/mac:02010b41cdec/antenna/tag/e2806894000050038661fd4f, 83
1652706520.031158, sdrt-health/mac:02010b41cdec/antenna/tag/e28068940000400386621d4f, 96
1652706520.031393, sdrt-health/mac:02010b41cdec/antenna/tag/e2806894000040038662114f, 88
1652706520.048156, sdrt-health/mac:02010b41cdec/antenna/tag/e28068940000500386620d4f, 83
1652706520.076894, sdrt-health/mac:02010b41cdec/antenna/tag/e2806894000040038661f94f, 94
1652706520.116581, sdrt-health/mac:02010b41cdec/antenna/tag/e2806894000050038662194f, 82
1652706520.177249, sdrt-health/mac:02010b41cdec/antenna/tag/e2806894000040038662054f, 81
1652706520.177548, sdrt-health/mac:02010b41cdec/antenna/tag/e2806894000040038662114f, 88
1652706520.192317, sdrt-health/mac:02010b41cdec/antenna/tag/e2806894000050038662154f, 91
1652706520.206002, sdrt-health/mac:02010b41cdec/antenna/tag/e28068940000400386621d4f, 90
1652706520.247718, sdrt-health/mac:02010b41cdec/antenna/tag/e28068940000500386620d4f, 87
1652706520.28973, sdrt-health/mac:02010b41cdec/antenna/tag/e2806894000050038661fd4f, 83
1652706520.363982, sdrt-health/mac:02010b41cdec/antenna/tag/e28068940000400386621d4f, 90
1652706520.364498, sdrt-health/mac:02010b41cdec/antenna/tag/e2806894000040038662114f, 88
1652706520.378728, sdrt-health/mac:02010b41cdec/antenna/tag/e2806894000040038662114f, 85
1652706520.40858, sdrt-health/mac:02010b41cdec/antenna/tag/e2806894000040038662054f, 88
1652706520.440237, sdrt-health/mac:02010b41cdec/antenna/tag/e28068940000400386621d4f, 77
1652706520.440785, sdrt-health/mac:02010b41cdec/antenna/tag/e28068940000500386620d4f, 81
1652706520.454708, sdrt-health/mac:02010b41cdec/antenna/tag/e28068940000400386621d4f, 77
1652706520.486878, sdrt-health/mac:02010b41cdec/antenna/tag/e2806894000040038662114f, 88
1652706520.545562, sdrt-health/mac:02010b41cdec/antenna/tag/e2806894000050038662154f, 88
1652706520.546016, sdrt-health/mac:02010b41cdec/antenna/tag/e2806894000050038661fd4f, 83
1652706520.566602, sdrt-health/mac:02010b41cdec/antenna/tag/e2806894000050038662154f, 88
1652706520.616788, sdrt-health/mac:02010b41cdec/antenna/tag/e28068940000400386621d4f, 90
1652706520.658488, sdrt-health/mac:02010b41cdec/antenna/tag/e2806894000050038662194f, 94
1652706520.70668, sdrt-health/mac:02010b41cdec/antenna/tag/e2806894000050038662154f, 88
1652706520.771836, sdrt-health/mac:02010b41cdec/antenna/tag/e2806894000050038661fd4f, 86
1652706520.772324, sdrt-health/mac:02010b41cdec/antenna/tag/e2806894000050038662154f, 88
1652706520.796557, sdrt-health/mac:02010b41cdec/antenna/tag/e2806894000040038662054f, 81
1652706520.83692, sdrt-health/mac:02010b41cdec/antenna/tag/e28068940000400386621d4f, 96
1652706520.875694, sdrt-health/mac:02010b41cdec/antenna/tag/e28068940000400386621d4f, 77
1652706520.916231, sdrt-health/mac:02010b41cdec/antenna/tag/e2806894000040038661f94f, 84
1652706520.9833, sdrt-health/mac:02010b41cdec/antenna/tag/e2806894000040038661f94f, 82
1652706520.983851, sdrt-health/mac:02010b41cdec/antenna/tag/e28068940000400386621d4f, 77
1652706520.998733, sdrt-health/mac:02010b41cdec/antenna/tag/e2806894000040038662214f, 81
1652706520.999013, sdrt-health/mac:02010b41cdec/antenna/tag/e2806894000040038662114f, 88
1652706520.9992, sdrt-health/mac:02010b41cdec/antenna/tag/e28068940000400386621d4f, 96
1652706521.013313, sdrt-health/mac:02010b41cdec/antenna/tag/e28068940000400386621d4f, 96
1652706521.065895, sdrt-health/mac:02010b41cdec/antenna/tag/e2806894000050038662194f, 87
1652706521.12225, sdrt-health/mac:02010b41cdec/antenna/tag/e2806894000050038662154f, 91
1652706521.122716, sdrt-health/mac:02010b41cdec/antenna/tag/e2806894000050038662154f, 91
1652706521.148097, sdrt-health/mac:02010b41cdec/antenna/tag/e2806894000050038662194f, 83
1652706521.177998, sdrt-health/mac:02010b41cdec/antenna/tag/e2806894000040038662114f, 88
1652706521.178348, sdrt-health/mac:02010b41cdec/antenna/tag/e2806894000050038661fd4f, 86
1652706521.192147, sdrt-health/mac:02010b41cdec/antenna/tag/e28068940000400386621d4f, 96
1652706521.235399, sdrt-health/mac:02010b41cdec/antenna/tag/e2806894000040038662114f, 88
1652706521.301438, sdrt-health/mac:02010b41cdec/antenna/tag/e28068940000400386621d4f, 96
1652706521.301898, sdrt-health/mac:02010b41cdec/antenna/tag/e2806894000040038662214f, 81
1652706521.315773, sdrt-health/mac:02010b41cdec/antenna/tag/e2806894000040038662114f, 88
1652706521.325451, sdrt-health/mac:02010b41cdec/antenna/tag/e2806894000050038662194f, 88
1652706521.366244, sdrt-health/mac:02010b41cdec/antenna/tag/e2806894000050038662154f, 85
1652706521.407532, sdrt-health/mac:02010b41cdec/antenna/tag/e2806894000050038662194f, 83
1652706521.466366, sdrt-health/mac:02010b41cdec/antenna/tag/e28068940000400386621d4f, 96
1652706521.539385, sdrt-health/mac:02010b41cdec/antenna/tag/e28068940000500386620d4f, 93
1652706521.578666, sdrt-health/mac:02010b41cdec/antenna/tag/e2806894000040038661f94f, 94
1652706521.608062, sdrt-health/mac:02010b41cdec/antenna/tag/e2806894000050038662154f, 97
1652706521.608628, sdrt-health/mac:02010b41cdec/antenna/tag/e2806894000050038661fd4f, 86
1652706521.622891, sdrt-health/mac:02010b41cdec/antenna/tag/e2806894000050038662154f, 91
1652706521.656638, sdrt-health/mac:02010b41cdec/antenna/tag/e28068940000400386621d4f, 96
1652706521.711197, sdrt-health/mac:02010b41cdec/antenna/tag/e28068940000500386620d4f, 83
1652706521.711684, sdrt-health/mac:02010b41cdec/antenna/tag/e28068940000400386621d4f, 96
1652706521.735783, sdrt-health/mac:02010b41cdec/antenna/tag/e2806894000040038662054f, 84
1652706521.776291, sdrt-health/mac:02010b41cdec/antenna/tag/e2806894000040038662214f, 88
1652706521.825926, sdrt-health/mac:02010b41cdec/antenna/tag/e28068940000400386621d4f, 96
1652706521.868718, sdrt-health/mac:02010b41cdec/antenna/tag/e2806894000050038662194f, 87
1652706521.930799, sdrt-health/mac:02010b41cdec/antenna/tag/e2806894000050038661fd4f, 83
1652706521.931381, sdrt-health/mac:02010b41cdec/antenna/tag/e28068940000500386620d4f, 87
1652706521.989193, sdrt-health/mac:02010b41cdec/antenna/tag/e2806894000040038662114f, 88
1652706522.017886, sdrt-health/mac:02010b41cdec/antenna/tag/e28068940000400386621d4f, 96
1652706522.018268, sdrt-health/mac:02010b41cdec/antenna/tag/e28068940000500386620d4f, 81
1652706522.032636, sdrt-health/mac:02010b41cdec/antenna/tag/e28068940000400386621d4f, 96
1652706522.032835, sdrt-health/mac:02010b41cdec/antenna/tag/e2806894000040038662054f, 81
1652706522.075737, sdrt-health/mac:02010b41cdec/antenna/tag/e2806894000050038661fd4f, 86
1652706522.131845, sdrt-health/mac:02010b41cdec/antenna/tag/e2806894000050038661fd4f, 86
1652706522.132354, sdrt-health/mac:02010b41cdec/antenna/tag/e2806894000050038661fd4f, 83
1652706522.177678, sdrt-health/mac:02010b41cdec/antenna/tag/e28068940000400386621d4f, 77
1652706522.216914, sdrt-health/mac:02010b41cdec/antenna/tag/e2806894000040038662114f, 85
1652706522.281118, sdrt-health/mac:02010b41cdec/antenna/tag/e2806894000050038662154f, 88
1652706522.281645, sdrt-health/mac:02010b41cdec/antenna/tag/e2806894000050038661fd4f, 83
1652706522.296694, sdrt-health/mac:02010b41cdec/antenna/tag/e2806894000040038662114f, 88
1652706522.306473, sdrt-health/mac:02010b41cdec/antenna/tag/e2806894000040038662214f, 84
1652706522.356898, sdrt-health/mac:02010b41cdec/antenna/tag/e2806894000050038662154f, 85
1652706522.398619, sdrt-health/mac:02010b41cdec/antenna/tag/e28068940000400386621d4f, 77
1652706522.438635, sdrt-health/mac:02010b41cdec/antenna/tag/e2806894000050038662194f, 94
1652706522.493881, sdrt-health/mac:02010b41cdec/antenna/tag/e2806894000050038662154f, 91
1652706522.494381, sdrt-health/mac:02010b41cdec/antenna/tag/e2806894000040038662114f, 85
1652706522.508762, sdrt-health/mac:02010b41cdec/antenna/tag/e28068940000400386621d4f, 96
1652706522.567447, sdrt-health/mac:02010b41cdec/antenna/tag/e2806894000050038661fd4f, 86
1652706522.627773, sdrt-health/mac:02010b41cdec/antenna/tag/e2806894000050038662154f, 91
1652706522.691476, sdrt-health/mac:02010b41cdec/antenna/tag/e28068940000400386621d4f, 96
1652706522.692028, sdrt-health/mac:02010b41cdec/antenna/tag/e2806894000050038662194f, 81
1652706522.748809, sdrt-health/mac:02010b41cdec/antenna/tag/e2806894000040038662114f, 97
1652706522.777274, sdrt-health/mac:02010b41cdec/antenna/tag/e28068940000500386620d4f, 94
1652706522.777593, sdrt-health/mac:02010b41cdec/antenna/tag/e2806894000050038661fd4f, 90
1652706522.790563, sdrt-health/mac:02010b41cdec/antenna/tag/e2806894000040038662114f, 91
1652706522.79089, sdrt-health/mac:02010b41cdec/antenna/tag/e2806894000050038662154f, 91
1652706522.791079, sdrt-health/mac:02010b41cdec/antenna/tag/e2806894000050038661fd4f, 90
1652706522.827316, sdrt-health/mac:02010b41cdec/antenna/tag/e28068940000500386620d4f, 81
1652706522.888244, sdrt-health/mac:02010b41cdec/antenna/tag/e28068940000400386621d4f, 77
1652706522.88874, sdrt-health/mac:02010b41cdec/antenna/tag/e2806894000050038661fd4f, 86
1652706522.930186, sdrt-health/mac:02010b41cdec/antenna/tag/e2806894000050038662194f, 81
1652706522.959874, sdrt-health/mac:02010b41cdec/antenna/tag/e28068940000400386621d4f, 77
1652706522.960137, sdrt-health/mac:02010b41cdec/antenna/tag/e2806894000040038662214f, 88
1652706522.976281, sdrt-health/mac:02010b41cdec/antenna/tag/e2806894000040038662114f, 88
1652706522.976477, sdrt-health/mac:02010b41cdec/antenna/tag/e28068940000400386621d4f, 96
1652706523.007113, sdrt-health/mac:02010b41cdec/antenna/tag/e2806894000050038662194f, 81
1652706523.061631, sdrt-health/mac:02010b41cdec/antenna/tag/e2806894000040038662114f, 88
1652706523.062017, sdrt-health/mac:02010b41cdec/antenna/tag/e28068940000400386621d4f, 96
1652706523.095265, sdrt-health/mac:02010b41cdec/antenna/tag/e28068940000400386621d4f, 96
1652706523.146163, sdrt-health/mac:02010b41cdec/antenna/tag/e28068940000400386621d4f, 96
1652706523.210797, sdrt-health/mac:02010b41cdec/antenna/tag/e28068940000400386621d4f, 90
1652706523.211299, sdrt-health/mac:02010b41cdec/antenna/tag/e2806894000040038662114f, 88
1652706523.237582, sdrt-health/mac:02010b41cdec/antenna/tag/e2806894000040038662114f, 88
1652706523.286847, sdrt-health/mac:02010b41cdec/antenna/tag/e2806894000040038662054f, 84
1652706523.340951, sdrt-health/mac:02010b41cdec/antenna/tag/e28068940000500386620d4f, 83
1652706523.341495, sdrt-health/mac:02010b41cdec/antenna/tag/e2806894000040038662114f, 85
1652706523.393767, sdrt-health/mac:02010b41cdec/antenna/tag/e28068940000400386621d4f, 90
1652706523.42748, sdrt-health/mac:02010b41cdec/antenna/tag/e2806894000050038661fd4f, 86
1652706523.527773, sdrt-health/mac:02010b41cdec/antenna/tag/e2806894000040038662214f, 81
1652706523.586658, sdrt-health/mac:02010b41cdec/antenna/tag/e28068940000400386621d4f, 77
1652706523.647986, sdrt-health/mac:02010b41cdec/antenna/tag/e2806894000050038662194f, 88
1652706523.648588, sdrt-health/mac:02010b41cdec/antenna/tag/e28068940000500386620d4f, 83
1652706523.678697, sdrt-health/mac:02010b41cdec/antenna/tag/e2806894000040038662054f, 88
1652706523.716105, sdrt-health/mac:02010b41cdec/antenna/tag/e28068940000500386620d4f, 93
1652706523.769153, sdrt-health/mac:02010b41cdec/antenna/tag/e2806894000050038662154f, 85
1652706523.809112, sdrt-health/mac:02010b41cdec/antenna/tag/e28068940000500386620d4f, 83
1652706523.885094, sdrt-health/mac:02010b41cdec/antenna/tag/e28068940000500386620d4f, 83
1652706523.885605, sdrt-health/mac:02010b41cdec/antenna/tag/e2806894000050038662154f, 88
1652706523.907256, sdrt-health/mac:02010b41cdec/antenna/tag/e2806894000050038662154f, 97
1652706523.948086, sdrt-health/mac:02010b41cdec/antenna/tag/e2806894000040038662054f, 88
1652706523.995343, sdrt-health/mac:02010b41cdec/antenna/tag/e2806894000050038661fd4f, 90
1652706524.041369, sdrt-health/mac:02010b41cdec/antenna/tag/e28068940000400386621d4f, 77
1652706524.07249, sdrt-health/mac:02010b41cdec/antenna/tag/e2806894000040038662054f, 83
1652706524.072717, sdrt-health/mac:02010b41cdec/antenna/tag/e2806894000050038662194f, 83
1652706524.088705, sdrt-health/mac:02010b41cdec/antenna/tag/e2806894000050038662194f, 94
1652706524.127232, sdrt-health/mac:02010b41cdec/antenna/tag/e28068940000500386620d4f, 87
1652706524.190856, sdrt-health/mac:02010b41cdec/antenna/tag/e28068940000400386621d4f, 90
1652706524.191319, sdrt-health/mac:02010b41cdec/antenna/tag/e2806894000050038661fd4f, 83
1652706524.20723, sdrt-health/mac:02010b41cdec/antenna/tag/e2806894000040038662114f, 97
1652706524.265109, sdrt-health/mac:02010b41cdec/antenna/tag/e2806894000050038662154f, 88
1652706524.26556, sdrt-health/mac:02010b41cdec/antenna/tag/e2806894000040038661f94f, 88
1652706524.281647, sdrt-health/mac:02010b41cdec/antenna/tag/e28068940000400386621d4f, 96
1652706524.319381, sdrt-health/mac:02010b41cdec/antenna/tag/e2806894000050038662154f, 91
1652706524.399063, sdrt-health/mac:02010b41cdec/antenna/tag/e2806894000040038662054f, 88
1652706524.399524, sdrt-health/mac:02010b41cdec/antenna/tag/e2806894000040038662054f, 81
1652706524.413228, sdrt-health/mac:02010b41cdec/antenna/tag/e2806894000050038661fd4f, 86
1652706524.413718, sdrt-health/mac:02010b41cdec/antenna/tag/e2806894000050038662154f, 97
1652706524.425913, sdrt-health/mac:02010b41cdec/antenna/tag/e2806894000040038662214f, 81
1652706524.467691, sdrt-health/mac:02010b41cdec/antenna/tag/e28068940000500386620d4f, 88
1652706524.526729, sdrt-health/mac:02010b41cdec/antenna/tag/e2806894000040038662114f, 85
1652706524.527264, sdrt-health/mac:02010b41cdec/antenna/tag/e2806894000040038662054f, 81
1652706524.547168, sdrt-health/mac:02010b41cdec/antenna/tag/e2806894000050038661fd4f, 86
1652706524.602319, sdrt-health/mac:02010b41cdec/antenna/tag/e2806894000050038662154f, 88
1652706524.602581, sdrt-health/mac:02010b41cdec/antenna/tag/e2806894000040038662114f, 88
1652706524.628147, sdrt-health/mac:02010b41cdec/antenna/tag/e2806894000040038662114f, 88
1652706524.666744, sdrt-health/mac:02010b41cdec/antenna/tag/e2806894000040038662054f, 87
1652706524.723486, sdrt-health/mac:02010b41cdec/antenna/tag/e28068940000400386621d4f, 96
1652706524.724035, sdrt-health/mac:02010b41cdec/antenna/tag/e2806894000040038662054f, 83
1652706524.746433, sdrt-health/mac:02010b41cdec/antenna/tag/e2806894000050038662154f, 88
1652706524.80521, sdrt-health/mac:02010b41cdec/antenna/tag/e2806894000050038662194f, 81
1652706524.80573, sdrt-health/mac:02010b41cdec/antenna/tag/e2806894000040038662054f, 83
1652706524.820874, sdrt-health/mac:02010b41cdec/antenna/tag/e2806894000040038662214f, 81
1652706524.829885, sdrt-health/mac:02010b41cdec/antenna/tag/e2806894000040038662114f, 88
1652706524.837213, sdrt-health/mac:02010b41cdec/antenna/tag/e2806894000040038662214f, 88
1652706524.837417, sdrt-health/mac:02010b41cdec/antenna/tag/e28068940000400386621d4f, 96
1652706524.877395, sdrt-health/mac:02010b41cdec/antenna/tag/e2806894000050038661fd4f, 83
1652706524.919568, sdrt-health/mac:02010b41cdec/antenna/tag/e2806894000040038662114f, 91
1652706524.976394, sdrt-health/mac:02010b41cdec/antenna/tag/e28068940000500386620d4f, 83
1652706524.976986, sdrt-health/mac:02010b41cdec/antenna/tag/e2806894000040038661f94f, 94
1652706525.077381, sdrt-health/mac:02010b41cdec/antenna/tag/e2806894000050038661fd4f, 83
1652706525.136198, sdrt-health/mac:02010b41cdec/antenna/tag/e2806894000050038662194f, 81
1652706525.204614, sdrt-health/mac:02010b41cdec/antenna/tag/e2806894000050038662154f, 91
1652706525.205119, sdrt-health/mac:02010b41cdec/antenna/tag/e2806894000040038662114f, 88
1652706525.223034, sdrt-health/mac:02010b41cdec/antenna/tag/e2806894000040038662054f, 83
1652706525.236014, sdrt-health/mac:02010b41cdec/antenna/tag/e2806894000050038662154f, 88
1652706525.240942, sdrt-health/mac:02010b41cdec/antenna/tag/e2806894000040038662054f, 81
1652706525.241401, sdrt-health/mac:02010b41cdec/antenna/tag/e2806894000050038662194f, 81
1652706525.2881, sdrt-health/mac:02010b41cdec/antenna/tag/e2806894000040038662114f, 88
1652706525.336253, sdrt-health/mac:02010b41cdec/antenna/tag/e2806894000050038662194f, 83
1652706525.377706, sdrt-health/mac:02010b41cdec/antenna/tag/e2806894000040038662054f, 81
1652706525.415189, sdrt-health/mac:02010b41cdec/antenna/tag/e2806894000040038662114f, 88
1652706525.415601, sdrt-health/mac:02010b41cdec/antenna/tag/e28068940000500386620d4f, 81
1652706525.43579, sdrt-health/mac:02010b41cdec/antenna/tag/e28068940000400386621d4f, 96
1652706525.451197, sdrt-health/mac:02010b41cdec/antenna/tag/e2806894000050038662194f, 81
1652706525.455946, sdrt-health/mac:02010b41cdec/antenna/tag/e2806894000050038661fd4f, 86
1652706525.498039, sdrt-health/mac:02010b41cdec/antenna/tag/e2806894000040038662114f, 91
1652706525.558972, sdrt-health/mac:02010b41cdec/antenna/tag/e2806894000050038662194f, 94
1652706525.559472, sdrt-health/mac:02010b41cdec/antenna/tag/e28068940000400386621d4f, 90
1652706525.578589, sdrt-health/mac:02010b41cdec/antenna/tag/e28068940000500386620d4f, 83
1652706525.635086, sdrt-health/mac:02010b41cdec/antenna/tag/e2806894000040038662054f, 81
1652706525.635531, sdrt-health/mac:02010b41cdec/antenna/tag/e28068940000400386621d4f, 96
1652706525.678338, sdrt-health/mac:02010b41cdec/antenna/tag/e28068940000400386621d4f, 96
1652706525.717402, sdrt-health/mac:02010b41cdec/antenna/tag/e2806894000040038662114f, 97
1652706525.774447, sdrt-health/mac:02010b41cdec/antenna/tag/e2806894000050038662194f, 93
1652706525.774964, sdrt-health/mac:02010b41cdec/antenna/tag/e2806894000040038662114f, 97
1652706525.797672, sdrt-health/mac:02010b41cdec/antenna/tag/e28068940000400386621d4f, 96
1652706525.84556, sdrt-health/mac:02010b41cdec/antenna/tag/e2806894000050038662194f, 81
1652706525.887016, sdrt-health/mac:02010b41cdec/antenna/tag/e2806894000050038662154f, 97
1652706525.941491, sdrt-health/mac:02010b41cdec/antenna/tag/e28068940000500386620d4f, 85
1652706525.941939, sdrt-health/mac:02010b41cdec/antenna/tag/e2806894000050038662194f, 81
1652706525.968142, sdrt-health/mac:02010b41cdec/antenna/tag/e2806894000040038662114f, 91
1652706526.005926, sdrt-health/mac:02010b41cdec/antenna/tag/e28068940000400386621d4f, 77
1652706526.090528, sdrt-health/mac:02010b41cdec/antenna/tag/e2806894000050038662194f, 85
1652706526.091014, sdrt-health/mac:02010b41cdec/antenna/tag/e28068940000500386620d4f, 88
1652706526.118523, sdrt-health/mac:02010b41cdec/antenna/tag/e2806894000040038662114f, 97
1652706526.181626, sdrt-health/mac:02010b41cdec/antenna/tag/e28068940000500386620d4f, 85
1652706526.181942, sdrt-health/mac:02010b41cdec/antenna/tag/e2806894000050038662154f, 83
1652706526.200231, sdrt-health/mac:02010b41cdec/antenna/tag/e2806894000050038662154f, 91
1652706526.23795, sdrt-health/mac:02010b41cdec/antenna/tag/e2806894000040038662114f, 97
1652706526.27762, sdrt-health/mac:02010b41cdec/antenna/tag/e2806894000040038662114f, 83
1652706526.317943, sdrt-health/mac:02010b41cdec/antenna/tag/e2806894000040038662114f, 97
1652706526.35756, sdrt-health/mac:02010b41cdec/antenna/tag/e2806894000050038662154f, 88
1652706526.46038, sdrt-health/mac:02010b41cdec/antenna/tag/e2806894000050038662194f, 88
1652706526.497772, sdrt-health/mac:02010b41cdec/antenna/tag/e28068940000500386620d4f, 83
1652706526.537776, sdrt-health/mac:02010b41cdec/antenna/tag/e2806894000040038662114f, 97
1652706526.61001, sdrt-health/mac:02010b41cdec/antenna/tag/e28068940000500386620d4f, 87
1652706526.610473, sdrt-health/mac:02010b41cdec/antenna/tag/e2806894000050038662154f, 83
1652706526.631398, sdrt-health/mac:02010b41cdec/antenna/tag/e28068940000500386620d4f, 81
1652706526.65688, sdrt-health/mac:02010b41cdec/antenna/tag/e2806894000040038662114f, 88
1652706526.717896, sdrt-health/mac:02010b41cdec/antenna/tag/e2806894000050038662154f, 97
1652706526.756977, sdrt-health/mac:02010b41cdec/antenna/tag/e28068940000400386621d4f, 90
1652706526.822362, sdrt-health/mac:02010b41cdec/antenna/tag/e28068940000500386620d4f, 85
1652706526.823069, sdrt-health/mac:02010b41cdec/antenna/tag/e28068940000500386620d4f, 85
1652706526.838705, sdrt-health/mac:02010b41cdec/antenna/tag/e28068940000500386620d4f, 93
1652706526.848641, sdrt-health/mac:02010b41cdec/antenna/tag/e2806894000050038661fd4f, 83
1652706526.854336, sdrt-health/mac:02010b41cdec/antenna/tag/e28068940000500386620d4f, 94
1652706526.907631, sdrt-health/mac:02010b41cdec/antenna/tag/e2806894000040038661f94f, 81
1652706526.967532, sdrt-health/mac:02010b41cdec/antenna/tag/e2806894000050038662154f, 88
1652706527.00717, sdrt-health/mac:02010b41cdec/antenna/tag/e2806894000050038662194f, 88
1652706527.05588, sdrt-health/mac:02010b41cdec/antenna/tag/e28068940000400386621d4f, 96
1652706527.134701, sdrt-health/mac:02010b41cdec/antenna/tag/e2806894000050038662194f, 94
1652706527.135206, sdrt-health/mac:02010b41cdec/antenna/tag/e2806894000040038662114f, 91
1652706527.135564, sdrt-health/mac:02010b41cdec/antenna/tag/e2806894000050038662014f, 110
1652706527.156809, sdrt-health/mac:02010b41cdec/antenna/tag/e2806894000040038662054f, 87
1652706527.197163, sdrt-health/mac:02010b41cdec/antenna/tag/e28068940000500386620d4f, 93
1652706527.237531, sdrt-health/mac:02010b41cdec/antenna/tag/e2806894000040038662054f, 87
1652706527.317488, sdrt-health/mac:02010b41cdec/antenna/tag/e2806894000040038662114f, 97
1652706527.357277, sdrt-health/mac:02010b41cdec/antenna/tag/e2806894000040038662214f, 94
1652706527.401795, sdrt-health/mac:02010b41cdec/antenna/tag/e28068940000400386621d4f, 77
1652706527.438575, sdrt-health/mac:02010b41cdec/antenna/tag/e2806894000050038662194f, 82
1652706527.502877, sdrt-health/mac:02010b41cdec/antenna/tag/e2806894000040038662214f, 94
1652706527.503381, sdrt-health/mac:02010b41cdec/antenna/tag/e28068940000500386620d4f, 87
1652706527.550739, sdrt-health/mac:02010b41cdec/antenna/tag/e2806894000040038662054f, 87
1652706527.551106, sdrt-health/mac:02010b41cdec/antenna/tag/e2806894000050038661fd4f, 91
1652706527.551405, sdrt-health/mac:02010b41cdec/antenna/tag/e2806894000040038662054f, 84
1652706527.676261, sdrt-health/mac:02010b41cdec/antenna/tag/e28068940000400386621d4f, 96
1652706527.676745, sdrt-health/mac:02010b41cdec/antenna/tag/e28068940000500386620d4f, 85
1652706527.677171, sdrt-health/mac:02010b41cdec/antenna/tag/e28068940000400386621d4f, 90
1652706527.677496, sdrt-health/mac:02010b41cdec/antenna/tag/e28068940000400386621d4f, 77
1652706527.69027, sdrt-health/mac:02010b41cdec/antenna/tag/e2806894000040038662114f, 83
1652706527.7434, sdrt-health/mac:02010b41cdec/antenna/tag/e2806894000050038662154f, 97
1652706527.743898, sdrt-health/mac:02010b41cdec/antenna/tag/e28068940000400386621d4f, 96
1652706527.758375, sdrt-health/mac:02010b41cdec/antenna/tag/e2806894000040038662114f, 83
1652706527.777689, sdrt-health/mac:02010b41cdec/antenna/tag/e28068940000400386621d4f, 77
1652706527.82733, sdrt-health/mac:02010b41cdec/antenna/tag/e2806894000050038662154f, 85
1652706527.884411, sdrt-health/mac:02010b41cdec/antenna/tag/e2806894000040038662054f, 81
1652706527.884911, sdrt-health/mac:02010b41cdec/antenna/tag/e28068940000400386621d4f, 77
1652706527.88525, sdrt-health/mac:02010b41cdec/antenna/tag/e2806894000040038662054f, 83
1652706527.908949, sdrt-health/mac:02010b41cdec/antenna/tag/e2806894000050038662154f, 85
1652706527.963488, sdrt-health/mac:02010b41cdec/antenna/tag/e28068940000400386621d4f, 96
1652706527.963975, sdrt-health/mac:02010b41cdec/antenna/tag/e2806894000050038661fd4f, 97
1652706527.986331, sdrt-health/mac:02010b41cdec/antenna/tag/e28068940000500386620d4f, 85
1652706528.026731, sdrt-health/mac:02010b41cdec/antenna/tag/e28068940000500386620d4f, 88
1652706528.083965, sdrt-health/mac:02010b41cdec/antenna/tag/e2806894000050038661fd4f, 86
1652706528.084397, sdrt-health/mac:02010b41cdec/antenna/tag/e2806894000050038662154f, 88
1652706528.106289, sdrt-health/mac:02010b41cdec/antenna/tag/e2806894000050038661fd4f, 90
1652706528.202267, sdrt-health/mac:02010b41cdec/antenna/tag/e28068940000500386620d4f, 93
1652706528.202788, sdrt-health/mac:02010b41cdec/antenna/tag/e28068940000500386620d4f, 81
1652706528.226637, sdrt-health/mac:02010b41cdec/antenna/tag/e28068940000500386620d4f, 83
1652706528.269044, sdrt-health/mac:02010b41cdec/antenna/tag/e2806894000050038662154f, 88
1652706528.308153, sdrt-health/mac:02010b41cdec/antenna/tag/e28068940000500386620d4f, 84
1652706528.33818, sdrt-health/mac:02010b41cdec/antenna/tag/e2806894000050038662154f, 88
1652706528.338452, sdrt-health/mac:02010b41cdec/antenna/tag/e2806894000050038662194f, 85
1652706528.338662, sdrt-health/mac:02010b41cdec/antenna/tag/e2806894000040038662114f, 97
1652706528.396108, sdrt-health/mac:02010b41cdec/antenna/tag/e2806894000040038662114f, 88
1652706528.436767, sdrt-health/mac:02010b41cdec/antenna/tag/e2806894000050038661fd4f, 83
1652706528.477462, sdrt-health/mac:02010b41cdec/antenna/tag/e2806894000050038662154f, 91
1652706528.558983, sdrt-health/mac:02010b41cdec/antenna/tag/e2806894000050038662154f, 83
1652706528.559488, sdrt-health/mac:02010b41cdec/antenna/tag/e28068940000400386621d4f, 90
1652706528.607092, sdrt-health/mac:02010b41cdec/antenna/tag/e28068940000500386620d4f, 87
1652706528.60754, sdrt-health/mac:02010b41cdec/antenna/tag/e28068940000500386620d4f, 87
1652706528.609894, sdrt-health/mac:02010b41cdec/antenna/tag/e2806894000040038662114f, 88
1652706528.661364, sdrt-health/mac:02010b41cdec/antenna/tag/e28068940000500386620d4f, 93
1652706528.692119, sdrt-health/mac:02010b41cdec/antenna/tag/e28068940000500386620d4f, 83
1652706528.718764, sdrt-health/mac:02010b41cdec/antenna/tag/e2806894000040038662114f, 81
1652706528.758004, sdrt-health/mac:02010b41cdec/antenna/tag/e2806894000040038662114f, 87
1652706528.806444, sdrt-health/mac:02010b41cdec/antenna/tag/e28068940000500386620d4f, 81
1652706528.849798, sdrt-health/mac:02010b41cdec/antenna/tag/e28068940000400386621d4f, 77
1652706528.888531, sdrt-health/mac:02010b41cdec/antenna/tag/e2806894000050038662194f, 81
1652706528.935475, sdrt-health/mac:02010b41cdec/antenna/tag/e28068940000500386620d4f, 81
1652706528.979116, sdrt-health/mac:02010b41cdec/antenna/tag/e28068940000400386621d4f, 96
1652706529.033313, sdrt-health/mac:02010b41cdec/antenna/tag/e2806894000050038661fd4f, 83
1652706529.033774, sdrt-health/mac:02010b41cdec/antenna/tag/e28068940000400386621d4f, 96
1652706529.0499, sdrt-health/mac:02010b41cdec/antenna/tag/e28068940000500386620d4f, 83
1652706529.058293, sdrt-health/mac:02010b41cdec/antenna/tag/e2806894000040038662114f, 93
1652706529.107608, sdrt-health/mac:02010b41cdec/antenna/tag/e28068940000400386621d4f, 90
1652706529.149709, sdrt-health/mac:02010b41cdec/antenna/tag/e28068940000500386620d4f, 88
1652706529.20451, sdrt-health/mac:02010b41cdec/antenna/tag/e28068940000500386620d4f, 88
1652706529.204926, sdrt-health/mac:02010b41cdec/antenna/tag/e2806894000040038662114f, 93
1652706529.226082, sdrt-health/mac:02010b41cdec/antenna/tag/e2806894000050038661fd4f, 83
1652706529.307559, sdrt-health/mac:02010b41cdec/antenna/tag/e28068940000400386621d4f, 96
1652706529.348079, sdrt-health/mac:02010b41cdec/antenna/tag/e2806894000040038662114f, 83
1652706529.404902, sdrt-health/mac:02010b41cdec/antenna/tag/e2806894000050038662154f, 93
1652706529.405357, sdrt-health/mac:02010b41cdec/antenna/tag/e2806894000050038661fd4f, 83
1652706529.435015, sdrt-health/mac:02010b41cdec/antenna/tag/e28068940000400386621d4f, 96
1652706529.478478, sdrt-health/mac:02010b41cdec/antenna/tag/e28068940000400386621d4f, 90
1652706529.544651, sdrt-health/mac:02010b41cdec/antenna/tag/e2806894000050038661fd4f, 83
1652706529.545119, sdrt-health/mac:02010b41cdec/antenna/tag/e2806894000050038661fd4f, 83
1652706529.576413, sdrt-health/mac:02010b41cdec/antenna/tag/e28068940000400386621d4f, 90
1652706529.576829, sdrt-health/mac:02010b41cdec/antenna/tag/e2806894000040038662114f, 87
1652706529.615121, sdrt-health/mac:02010b41cdec/antenna/tag/e2806894000040038662114f, 93
1652706529.676199, sdrt-health/mac:02010b41cdec/antenna/tag/e2806894000050038662154f, 87
1652706529.676692, sdrt-health/mac:02010b41cdec/antenna/tag/e2806894000040038662114f, 85
1652706529.70005, sdrt-health/mac:02010b41cdec/antenna/tag/e2806894000050038662154f, 81
1652706529.755514, sdrt-health/mac:02010b41cdec/antenna/tag/e2806894000050038662154f, 83
1652706529.755718, sdrt-health/mac:02010b41cdec/antenna/tag/e2806894000040038662114f, 83
1652706529.772336, sdrt-health/mac:02010b41cdec/antenna/tag/e28068940000400386621d4f, 90
1652706529.786233, sdrt-health/mac:02010b41cdec/antenna/tag/e28068940000400386621d4f, 90
1652706529.788512, sdrt-health/mac:02010b41cdec/antenna/tag/e2806894000040038662114f, 93
1652706529.788761, sdrt-health/mac:02010b41cdec/antenna/tag/e2806894000050038661fd4f, 86
1652706529.836417, sdrt-health/mac:02010b41cdec/antenna/tag/e2806894000040038662114f, 83
1652706529.884268, sdrt-health/mac:02010b41cdec/antenna/tag/e2806894000050038661fd4f, 86
1652706529.954731, sdrt-health/mac:02010b41cdec/antenna/tag/e28068940000400386621d4f, 90
1652706529.955265, sdrt-health/mac:02010b41cdec/antenna/tag/e2806894000040038662114f, 85
1652706529.97068, sdrt-health/mac:02010b41cdec/antenna/tag/e2806894000050038661fd4f, 86
1652706529.995128, sdrt-health/mac:02010b41cdec/antenna/tag/e2806894000050038661fd4f, 86
1652706530.027983, sdrt-health/mac:02010b41cdec/antenna/tag/e2806894000040038662114f, 93
1652706530.068198, sdrt-health/mac:02010b41cdec/antenna/tag/e28068940000500386620d4f, 87
1652706530.133816, sdrt-health/mac:02010b41cdec/antenna/tag/e2806894000040038662114f, 87
1652706530.134262, sdrt-health/mac:02010b41cdec/antenna/tag/e2806894000050038661fd4f, 97
1652706530.165257, sdrt-health/mac:02010b41cdec/antenna/tag/e2806894000050038662154f, 87
1652706530.201551, sdrt-health/mac:02010b41cdec/antenna/tag/e2806894000040038662114f, 87
1652706530.20192, sdrt-health/mac:02010b41cdec/antenna/tag/e2806894000050038661fd4f, 88
1652706530.219123, sdrt-health/mac:02010b41cdec/antenna/tag/e28068940000400386621d4f, 90
1652706530.247039, sdrt-health/mac:02010b41cdec/antenna/tag/e28068940000400386621d4f, 96
1652706530.303869, sdrt-health/mac:02010b41cdec/antenna/tag/e2806894000050038661fd4f, 97
1652706530.304373, sdrt-health/mac:02010b41cdec/antenna/tag/e2806894000050038662154f, 88
1652706530.320831, sdrt-health/mac:02010b41cdec/antenna/tag/e2806894000040038662114f, 93
1652706530.334833, sdrt-health/mac:02010b41cdec/antenna/tag/e2806894000040038662114f, 85
1652706530.431896, sdrt-health/mac:02010b41cdec/antenna/tag/e28068940000400386621d4f, 90
1652706530.46996, sdrt-health/mac:02010b41cdec/antenna/tag/e28068940000400386621d4f, 77
1652706530.523461, sdrt-health/mac:02010b41cdec/antenna/tag/e2806894000050038661fd4f, 83
1652706530.52399, sdrt-health/mac:02010b41cdec/antenna/tag/e2806894000050038662154f, 88
1652706530.524402, sdrt-health/mac:02010b41cdec/antenna/tag/e2806894000040038662114f, 85
1652706530.539922, sdrt-health/mac:02010b41cdec/antenna/tag/e28068940000400386621d4f, 77
1652706530.567712, sdrt-health/mac:02010b41cdec/antenna/tag/e2806894000040038662114f, 85
1652706530.613471, sdrt-health/mac:02010b41cdec/antenna/tag/e28068940000400386621d4f, 77
1652706530.613935, sdrt-health/mac:02010b41cdec/antenna/tag/e2806894000040038662214f, 84
1652706530.636415, sdrt-health/mac:02010b41cdec/antenna/tag/e2806894000050038662154f, 93
1652706530.677943, sdrt-health/mac:02010b41cdec/antenna/tag/e2806894000050038661fd4f, 97
1652706530.746236, sdrt-health/mac:02010b41cdec/antenna/tag/e2806894000040038662114f, 88
1652706530.746747, sdrt-health/mac:02010b41cdec/antenna/tag/e2806894000050038662154f, 87
1652706530.747315, sdrt-health/mac:02010b41cdec/antenna/state, connected
1652706530.747822, sdrt-health/mac:02010b41cdec/fw, {"version":"1.8.1","model":"200","hash":"2f556501b58f1dad542af428d7928d18","timestamp":1652706527}
1652706530.779141, sdrt-health/mac:02010b41cdec/antenna/tag/e2806894000040038662114f, 85
1652706530.817783, sdrt-health/mac:02010b41cdec/antenna/tag/e2806894000040038662054f, 84
1652706530.873662, sdrt-health/mac:02010b41cdec/antenna/tag/e2806894000050038662154f, 93
1652706530.937576, sdrt-health/mac:02010b41cdec/antenna/tag/e2806894000040038662114f, 88
1652706530.938034, sdrt-health/mac:02010b41cdec/antenna/tag/e28068940000400386621d4f, 77
1652706530.938424, sdrt-health/mac:02010b41cdec/antenna/version, h@bO
1652706530.999129, sdrt-health/mac:02010b41cdec/antenna/tag/e2806894000050038662154f, 81
1652706531.061275, sdrt-health/mac:02010b41cdec/antenna/tag/e28068940000500386620d4f, 84
1652706531.061755, sdrt-health/mac:02010b41cdec/antenna/tag/e2806894000040038662114f, 85
1652706531.076213, sdrt-health/mac:02010b41cdec/antenna/tag/e28068940000400386621d4f, 90
1652706531.087109, sdrt-health/mac:02010b41cdec/antenna/tag/e28068940000400386621d4f, 90
1652706531.090164, sdrt-health/mac:02010b41cdec/antenna/tag/e2806894000040038662114f, 88
1652706531.090445, sdrt-health/mac:02010b41cdec/antenna/tag/e2806894000050038661fd4f, 83
1652706531.126787, sdrt-health/mac:02010b41cdec/antenna/tag/e28068940000400386621d4f, 90
1652706531.167913, sdrt-health/mac:02010b41cdec/antenna/tag/e28068940000400386621d4f, 96
1652706531.221158, sdrt-health/mac:02010b41cdec/antenna/tag/e2806894000040038662114f, 88
1652706531.2214, sdrt-health/mac:02010b41cdec/antenna/tag/e2806894000040038662114f, 88
1652706531.236617, sdrt-health/mac:02010b41cdec/antenna/tag/e2806894000050038661fd4f, 83
1652706531.267761, sdrt-health/mac:02010b41cdec/antenna/tag/e2806894000050038661fd4f, 83
1652706531.315791, sdrt-health/mac:02010b41cdec/antenna/tag/e28068940000500386620d4f, 94
1652706531.372004, sdrt-health/mac:02010b41cdec/antenna/tag/e28068940000400386621d4f, 77
1652706531.372634, sdrt-health/mac:02010b41cdec/antenna/tag/e2806894000050038662194f, 88
1652706531.386886, sdrt-health/mac:02010b41cdec/antenna/tag/e2806894000040038662114f, 93
1652706531.396773, sdrt-health/mac:02010b41cdec/antenna/tag/e28068940000500386620d4f, 83
1652706531.437349, sdrt-health/mac:02010b41cdec/antenna/tag/e2806894000050038662154f, 83
1652706531.499445, sdrt-health/mac:02010b41cdec/antenna/tag/e2806894000050038662154f, 93
1652706531.499956, sdrt-health/mac:02010b41cdec/antenna/tag/e28068940000400386621d4f, 90
1652706531.50033, sdrt-health/mac:02010b41cdec/antenna/tag/e2806894000040038662114f, 87
1652706531.514563, sdrt-health/mac:02010b41cdec/antenna/tag/e2806894000050038662154f, 81
1652706531.514833, sdrt-health/mac:02010b41cdec/antenna/tag/e28068940000500386620d4f, 81
1652706531.516238, sdrt-health/mac:02010b41cdec/antenna/tag/e2806894000050038661fd4f, 83
1652706531.559283, sdrt-health/mac:02010b41cdec/antenna/tag/e2806894000050038662194f, 87
1652706531.616048, sdrt-health/mac:02010b41cdec/antenna/tag/e28068940000400386621d4f, 96
1652706531.616542, sdrt-health/mac:02010b41cdec/antenna/tag/e2806894000050038661fd4f, 83
1652706531.617021, sdrt-health/mac:02010b41cdec/antenna/tag/e28068940000500386620d4f, 87
1652706531.643897, sdrt-health/mac:02010b41cdec/antenna/tag/e2806894000040038662114f, 83
1652706531.687871, sdrt-health/mac:02010b41cdec/antenna/tag/e2806894000050038662154f, 85
1652706531.732121, sdrt-health/mac:02010b41cdec/antenna/tag/e2806894000050038662154f, 85
1652706531.733185, sdrt-health/mac:02010b41cdec/antenna/tag/e2806894000050038661fd4f, 97
1652706531.747655, sdrt-health/mac:02010b41cdec/antenna/tag/e28068940000400386621d4f, 96
1652706531.797423, sdrt-health/mac:02010b41cdec/antenna/tag/e2806894000050038661fd4f, 83
1652706531.836247, sdrt-health/mac:02010b41cdec/antenna/tag/e28068940000400386621d4f, 77
1652706531.89622, sdrt-health/mac:02010b41cdec/antenna/tag/e28068940000400386621d4f, 77
1652706531.896767, sdrt-health/mac:02010b41cdec/antenna/tag/e28068940000500386620d4f, 83
1652706531.897142, sdrt-health/mac:02010b41cdec/antenna/tag/e28068940000500386620d4f, 83
1652706531.913312, sdrt-health/mac:02010b41cdec/antenna/tag/e2806894000040038662114f, 87
1652706531.918153, sdrt-health/mac:02010b41cdec/antenna/tag/e2806894000040038662114f, 85
1652706531.92947, sdrt-health/mac:02010b41cdec/antenna/tag/e28068940000500386620d4f, 83
1652706531.965283, sdrt-health/mac:02010b41cdec/antenna/tag/e2806894000040038662114f, 88
1652706532.032355, sdrt-health/mac:02010b41cdec/antenna/tag/e28068940000400386621d4f, 96
1652706532.032764, sdrt-health/mac:02010b41cdec/antenna/tag/e2806894000050038661fd4f, 90
1652706532.03311, sdrt-health/mac:02010b41cdec/antenna/tag/e2806894000040038662114f, 87
1652706532.049099, sdrt-health/mac:02010b41cdec/antenna/tag/e2806894000040038662114f, 93
1652706532.05599, sdrt-health/mac:02010b41cdec/antenna/tag/e2806894000040038662114f, 85
1652706532.098132, sdrt-health/mac:02010b41cdec/antenna/tag/e2806894000040038662114f, 85
1652706532.139102, sdrt-health/mac:02010b41cdec/antenna/tag/e28068940000400386621d4f, 96
1652706532.201683, sdrt-health/mac:02010b41cdec/antenna/tag/e2806894000050038661fd4f, 90
1652706532.202153, sdrt-health/mac:02010b41cdec/antenna/tag/e28068940000500386620d4f, 81
1652706532.202551, sdrt-health/mac:02010b41cdec/antenna/tag/e28068940000400386621d4f, 96
1652706532.227547, sdrt-health/mac:02010b41cdec/antenna/tag/e2806894000050038661fd4f, 86
1652706532.286029, sdrt-health/mac:02010b41cdec/antenna/tag/e2806894000050038661fd4f, 86
1652706532.286518, sdrt-health/mac:02010b41cdec/antenna/tag/e2806894000050038661fd4f, 83
1652706532.301801, sdrt-health/mac:02010b41cdec/antenna/tag/e28068940000400386621d4f, 96
1652706532.318518, sdrt-health/mac:02010b41cdec/antenna/tag/e2806894000040038662114f, 85
1652706532.365293, sdrt-health/mac:02010b41cdec/antenna/tag/e28068940000400386621d4f, 96
1652706532.407712, sdrt-health/mac:02010b41cdec/antenna/tag/e28068940000400386621d4f, 90
1652706532.462833, sdrt-health/mac:02010b41cdec/antenna/tag/e2806894000040038662114f, 85
1652706532.46335, sdrt-health/mac:02010b41cdec/antenna/tag/e2806894000040038662114f, 85
1652706532.487441, sdrt-health/mac:02010b41cdec/antenna/tag/e28068940000500386620d4f, 83
1652706532.540996, sdrt-health/mac:02010b41cdec/antenna/tag/e2806894000050038661fd4f, 91
1652706532.541433, sdrt-health/mac:02010b41cdec/antenna/tag/e28068940000500386620d4f, 94
1652706532.586183, sdrt-health/mac:02010b41cdec/antenna/tag/e28068940000400386621d4f, 96
1652706532.615584, sdrt-health/mac:02010b41cdec/antenna/tag/e2806894000040038662114f, 85
1652706532.656446, sdrt-health/mac:02010b41cdec/antenna/tag/e28068940000500386620d4f, 81
1652706532.697324, sdrt-health/mac:02010b41cdec/antenna/tag/e28068940000400386621d4f, 96
1652706532.73745, sdrt-health/mac:02010b41cdec/antenna/tag/e2806894000050038661fd4f, 90
1652706532.767123, sdrt-health/mac:02010b41cdec/antenna/tag/e28068940000500386620d4f, 93
1652706532.767376, sdrt-health/mac:02010b41cdec/antenna/tag/e2806894000040038662114f, 85
1652706532.781585, sdrt-health/mac:02010b41cdec/antenna/tag/e28068940000400386621d4f, 96
1652706532.781824, sdrt-health/mac:02010b41cdec/antenna/tag/e2806894000040038662114f, 85
1652706532.861592, sdrt-health/mac:02010b41cdec/antenna/tag/e28068940000400386621d4f, 96
1652706532.915948, sdrt-health/mac:02010b41cdec/antenna/tag/e28068940000500386620d4f, 85
1652706533.077492, sdrt-health/mac:02010b41cdec/antenna/tag/scan, scan stopped
