1652706533.10909, sdrt-health/mac:02010b41cdec/antenna/power/set, {"power": 280}
1652706534.255208, sdrt-health/mac:02010b41cdec/antenna/power/set, 
1652706538.131354, sdrt-health/mac:02010b41cdec/antenna/tag/scan, {"time": 20000}
1652706538.588244, sdrt-health/mac:02010b41cdec/antenna/tag/e28068940000400386621d4f, 90
1652706538.646953, sdrt-health/mac:02010b41cdec/antenna/tag/e2806894000040038662114f, 88
1652706538.677078, sdrt-health/mac:02010b41cdec/antenna/tag/e28068940000500386620d4f, 93
1652706538.677381, sdrt-health/mac:02010b41cdec/antenna/tag/e28068940000400386621d4f, 90
1652706538.697354, sdrt-health/mac:02010b41cdec/antenna/tag/e2806894000040038662114f, 88
1652706538.746491, sdrt-health/mac:02010b41cdec/antenna/tag/e2806894000050038662194f, 88
1652706538.777036, sdrt-health/mac:02010b41cdec/antenna/tag/e2806894000040038662114f, 85
1652706538.777418, sdrt-health/mac:02010b41cdec/antenna/tag/e2806894000040038662214f, 94
1652706538.793027, sdrt-health/mac:02010b41cdec/antenna/tag/e2806894000050038661fd4f, 86
1652706538.836744, sdrt-health/mac:02010b41cdec/antenna/tag/e2806894000050038661fd4f, 83
1652706538.877881, sdrt-health/mac:02010b41cdec/antenna/tag/e28068940000500386620d4f, 87
1652706538.919613, sdrt-health/mac:02010b41cdec/antenna/tag/e28068940000400386621d4f, 90
1652706538.983666, sdrt-health/mac:02010b41cdec/antenna/tag/e2806894000040038662114f, 85
1652706538.984175, sdrt-health/mac:02010b41cdec/antenna/tag/e2806894000040038662114f, 91
1652706539.01564, sdrt-health/mac:02010b41cdec/antenna/tag/e28068940000400386621d4f, 90
1652706539.067451, sdrt-health/mac:02010b41cdec/antenna/tag/e2806894000050038661fd4f, 83
1652706539.124396, sdrt-health/mac:02010b41cdec/antenna/tag/e2806894000050038662154f, 85
1652706539.124848, sdrt-health/mac:02010b41cdec/antenna/tag/e2806894000050038661fd4f, 86
1652706539.139901, sdrt-health/mac:02010b41cdec/antenna/tag/e2806894000050038662154f, 88
1652706539.156631, sdrt-health/mac:02010b41cdec/antenna/tag/e2806894000050038661fd4f, 83
1652706539.206138, sdrt-health/mac:02010b41cdec/antenna/tag/e28068940000400386621d4f, 90
1652706539.249644, sdrt-health/mac:02010b41cdec/antenna/tag/e28068940000500386620d4f, 83
1652706539.304382, sdrt-health/mac:02010b41cdec/antenna/tag/e2806894000040038662214f, 88
1652706539.304886, sdrt-health/mac:02010b41cdec/antenna/tag/e28068940000400386621d4f, 77
1652706539.305226, sdrt-health/mac:02010b41cdec/antenna/tag/e2806894000040038662214f, 82
1652706539.319775, sdrt-health/mac:02010b41cdec/antenna/tag/e28068940000400386621d4f, 77
1652706539.387891, sdrt-health/mac:02010b41cdec/antenna/tag/e28068940000500386620d4f, 87
1652706539.457409, sdrt-health/mac:02010b41cdec/antenna/tag/e2806894000050038662154f, 91
1652706539.520852, sdrt-health/mac:02010b41cdec/antenna/tag/e28068940000500386620d4f, 83
1652706539.521393, sdrt-health/mac:02010b41cdec/antenna/tag/e28068940000500386620d4f, 83
1652706539.536436, sdrt-health/mac:02010b41cdec/antenna/tag/e2806894000040038662054f, 81
1652706539.556532, sdrt-health/mac:02010b41cdec/antenna/tag/e28068940000400386621d4f, 90
1652706539.586506, sdrt-health/mac:02010b41cdec/antenna/tag/e2806894000040038662114f, 85
1652706539.586883, sdrt-health/mac:02010b41cdec/antenna/tag/e28068940000500386620d4f, 87
1652706539.609547, sdrt-health/mac:02010b41cdec/antenna/tag/e2806894000050038661fd4f, 83
1652706539.648437, sdrt-health/mac:02010b41cdec/antenna/tag/e2806894000050038661fd4f, 83
1652706539.704039, sdrt-health/mac:02010b41cdec/antenna/tag/e28068940000500386620d4f, 81
1652706539.704388, sdrt-health/mac:02010b41cdec/antenna/tag/e28068940000400386621d4f, 77
1652706539.719851, sdrt-health/mac:02010b41cdec/antenna/tag/e2806894000050038662154f, 85
1652706539.736727, sdrt-health/mac:02010b41cdec/antenna/tag/e2806894000050038661fd4f, 83
1652706539.785573, sdrt-health/mac:02010b41cdec/antenna/tag/e2806894000050038661fd4f, 83
1652706539.852125, sdrt-health/mac:02010b41cdec/antenna/tag/e2806894000040038662114f, 85
1652706539.85263, sdrt-health/mac:02010b41cdec/antenna/tag/e2806894000050038661fd4f, 83
1652706539.870638, sdrt-health/mac:02010b41cdec/antenna/tag/e28068940000500386620d4f, 87
1652706539.902933, sdrt-health/mac:02010b41cdec/antenna/tag/e2806894000050038661fd4f, 86
1652706539.903265, sdrt-health/mac:02010b41cdec/antenna/tag/e2806894000050038661fd4f, 86
1652706539.9035, sdrt-health/mac:02010b41cdec/antenna/tag/e2806894000040038662114f, 88
1652706539.947829, sdrt-health/mac:02010b41cdec/antenna/tag/e2806894000050038661fd4f, 86
1652706540.027506, sdrt-health/mac:02010b41cdec/antenna/tag/e28068940000400386621d4f, 90
1652706540.058642, sdrt-health/mac:02010b41cdec/antenna/tag/e2806894000050038661fd4f, 86
1652706540.099127, sdrt-health/mac:02010b41cdec/antenna/tag/e2806894000050038661fd4f, 86
1652706540.141405, sdrt-health/mac:02010b41cdec/antenna/tag/e2806894000040038662114f, 88
1652706540.175522, sdrt-health/mac:02010b41cdec/antenna/tag/e2806894000050038662154f, 85
1652706540.175939, sdrt-health/mac:02010b41cdec/antenna/tag/e2806894000040038662114f, 85
1652706540.192053, sdrt-health/mac:02010b41cdec/antenna/tag/e2806894000050038662194f, 84
1652706540.192593, sdrt-health/mac:02010b41cdec/antenna/tag/e2806894000050038662154f, 85
1652706540.192994, sdrt-health/mac:02010b41cdec/antenna/tag/e28068940000400386621d4f, 96
1652706540.216885, sdrt-health/mac:02010b41cdec/antenna/tag/e2806894000050038661fd4f, 83
1652706540.24963, sdrt-health/mac:02010b41cdec/antenna/tag/e2806894000050038661fd4f, 83
1652706540.249997, sdrt-health/mac:02010b41cdec/antenna/tag/e2806894000040038662114f, 85
1652706540.265137, sdrt-health/mac:02010b41cdec/antenna/tag/e2806894000050038662154f, 88
1652706540.298284, sdrt-health/mac:02010b41cdec/antenna/tag/e28068940000400386621d4f, 90
1652706540.329342, sdrt-health/mac:02010b41cdec/antenna/tag/e2806894000050038661fd4f, 86
1652706540.329635, sdrt-health/mac:02010b41cdec/antenna/tag/e28068940000400386621d4f, 96
1652706540.34714, sdrt-health/mac:02010b41cdec/antenna/tag/e2806894000050038661fd4f, 86
1652706540.404274, sdrt-health/mac:02010b41cdec/antenna/tag/e2806894000050038661fd4f, 86
1652706540.404772, sdrt-health/mac:02010b41cdec/antenna/tag/e28068940000400386621d4f, 96
1652706540.419599, sdrt-health/mac:02010b41cdec/antenna/tag/e2806894000050038661fd4f, 86
1652706540.427497, sdrt-health/mac:02010b41cdec/antenna/tag/e28068940000400386621d4f, 96
1652706540.435493, sdrt-health/mac:02010b41cdec/antenna/tag/e2806894000050038661fd4f, 86
1652706540.435815, sdrt-health/mac:02010b41cdec/antenna/tag/e2806894000050038661fd4f, 86
1652706540.467343, sdrt-health/mac:02010b41cdec/antenna/tag/e2806894000050038662154f, 88
1652706540.540841, sdrt-health/mac:02010b41cdec/antenna/tag/e28068940000400386621d4f, 90
1652706540.541296, sdrt-health/mac:02010b41cdec/antenna/tag/e28068940000400386621d4f, 90
1652706540.541668, sdrt-health/mac:02010b41cdec/antenna/tag/e2806894000050038662154f, 93
1652706540.567209, sdrt-health/mac:02010b41cdec/antenna/tag/e2806894000050038661fd4f, 83
1652706540.621462, sdrt-health/mac:02010b41cdec/antenna/tag/e28068940000500386620d4f, 88
1652706540.621923, sdrt-health/mac:02010b41cdec/antenna/tag/e28068940000400386621d4f, 77
1652706540.64666, sdrt-health/mac:02010b41cdec/antenna/tag/e28068940000500386620d4f, 88
1652706540.687967, sdrt-health/mac:02010b41cdec/antenna/tag/e2806894000050038662154f, 85
1652706540.728184, sdrt-health/mac:02010b41cdec/antenna/tag/e2806894000050038662154f, 93
1652706540.786513, sdrt-health/mac:02010b41cdec/antenna/tag/e2806894000050038662154f, 85
1652706540.787025, sdrt-health/mac:02010b41cdec/antenna/tag/e2806894000040038662114f, 85
1652706540.808024, sdrt-health/mac:02010b41cdec/antenna/tag/e2806894000050038662154f, 91
1652706540.840782, sdrt-health/mac:02010b41cdec/antenna/tag/e2806894000050038661fd4f, 83
1652706540.841232, sdrt-health/mac:02010b41cdec/antenna/tag/e28068940000400386621d4f, 96
1652706540.856485, sdrt-health/mac:02010b41cdec/antenna/tag/e28068940000400386621d4f, 90
1652706540.889811, sdrt-health/mac:02010b41cdec/antenna/tag/e2806894000040038662114f, 88
1652706540.935981, sdrt-health/mac:02010b41cdec/antenna/tag/e2806894000040038662114f, 88
1652706540.976977, sdrt-health/mac:02010b41cdec/antenna/tag/e2806894000040038662114f, 88
1652706541.0079, sdrt-health/mac:02010b41cdec/antenna/tag/e28068940000400386621d4f, 90
1652706541.008369, sdrt-health/mac:02010b41cdec/antenna/tag/e28068940000400386621d4f, 90
1652706541.023742, sdrt-health/mac:02010b41cdec/antenna/tag/e28068940000500386620d4f, 83
1652706541.087269, sdrt-health/mac:02010b41cdec/antenna/tag/e2806894000040038662114f, 91
1652706541.1289, sdrt-health/mac:02010b41cdec/antenna/tag/e28068940000400386621d4f, 90
1652706541.184732, sdrt-health/mac:02010b41cdec/antenna/tag/e2806894000040038662114f, 88
1652706541.185249, sdrt-health/mac:02010b41cdec/antenna/tag/e2806894000040038662114f, 85
1652706541.217704, sdrt-health/mac:02010b41cdec/antenna/tag/e2806894000040038662114f, 85
1652706541.257501, sdrt-health/mac:02010b41cdec/antenna/tag/e2806894000050038662194f, 81
1652706541.314957, sdrt-health/mac:02010b41cdec/antenna/tag/e2806894000040038662114f, 85
1652706541.31533, sdrt-health/mac:02010b41cdec/antenna/tag/e2806894000040038662114f, 88
1652706541.339575, sdrt-health/mac:02010b41cdec/antenna/tag/e2806894000050038662194f, 83
1652706541.378252, sdrt-health/mac:02010b41cdec/antenna/tag/e2806894000040038662114f, 88
1652706541.408749, sdrt-health/mac:02010b41cdec/antenna/tag/e2806894000050038662194f, 81
1652706541.409183, sdrt-health/mac:02010b41cdec/antenna/tag/e2806894000050038661fd4f, 83
1652706541.423139, sdrt-health/mac:02010b41cdec/antenna/tag/e2806894000050038661fd4f, 83
1652706541.470142, sdrt-health/mac:02010b41cdec/antenna/tag/e2806894000050038662154f, 88
1652706541.503392, sdrt-health/mac:02010b41cdec/antenna/tag/e28068940000500386620d4f, 83
1652706541.50367, sdrt-health/mac:02010b41cdec/antenna/tag/e2806894000050038661fd4f, 83
1652706541.519552, sdrt-health/mac:02010b41cdec/antenna/tag/e2806894000050038661fd4f, 83
1652706541.519837, sdrt-health/mac:02010b41cdec/antenna/tag/e28068940000400386621d4f, 90
1652706541.520068, sdrt-health/mac:02010b41cdec/antenna/tag/e2806894000040038662114f, 88
1652706541.547845, sdrt-health/mac:02010b41cdec/antenna/tag/e2806894000040038662114f, 85
1652706541.586519, sdrt-health/mac:02010b41cdec/antenna/tag/e2806894000050038662194f, 84
1652706541.627909, sdrt-health/mac:02010b41cdec/antenna/tag/e2806894000050038661fd4f, 83
1652706541.683741, sdrt-health/mac:02010b41cdec/antenna/tag/e28068940000400386621d4f, 96
1652706541.684244, sdrt-health/mac:02010b41cdec/antenna/tag/e2806894000040038662114f, 85
1652706541.698714, sdrt-health/mac:02010b41cdec/antenna/tag/e2806894000050038661fd4f, 83
1652706541.707843, sdrt-health/mac:02010b41cdec/antenna/tag/e2806894000050038661fd4f, 83
1652706541.714691, sdrt-health/mac:02010b41cdec/antenna/tag/e2806894000040038662114f, 85
1652706541.714948, sdrt-health/mac:02010b41cdec/antenna/tag/e2806894000040038662114f, 88
1652706541.757438, sdrt-health/mac:02010b41cdec/antenna/tag/e2806894000050038662194f, 88
1652706541.843106, sdrt-health/mac:02010b41cdec/antenna/tag/e2806894000050038662154f, 85
1652706541.843649, sdrt-health/mac:02010b41cdec/antenna/tag/e2806894000040038662114f, 85
1652706541.869156, sdrt-health/mac:02010b41cdec/antenna/tag/e28068940000400386621d4f, 96
1652706541.907662, sdrt-health/mac:02010b41cdec/antenna/tag/e2806894000040038662114f, 85
1652706541.985388, sdrt-health/mac:02010b41cdec/antenna/tag/e28068940000400386621d4f, 96
1652706542.027551, sdrt-health/mac:02010b41cdec/antenna/tag/e2806894000050038662154f, 85
1652706542.089908, sdrt-health/mac:02010b41cdec/antenna/tag/e2806894000040038662114f, 85
1652706542.090496, sdrt-health/mac:02010b41cdec/antenna/tag/e28068940000400386621d4f, 96
1652706542.127723, sdrt-health/mac:02010b41cdec/antenna/tag/e2806894000040038662114f, 85
1652706542.182495, sdrt-health/mac:02010b41cdec/antenna/tag/e2806894000050038662194f, 88
1652706542.182993, sdrt-health/mac:02010b41cdec/antenna/tag/e2806894000050038662154f, 85
1652706542.209354, sdrt-health/mac:02010b41cdec/antenna/tag/e2806894000050038662154f, 88
1652706542.337158, sdrt-health/mac:02010b41cdec/antenna/tag/e2806894000050038661fd4f, 83
1652706542.38735, sdrt-health/mac:02010b41cdec/antenna/tag/e2806894000050038662154f, 85
1652706542.418518, sdrt-health/mac:02010b41cdec/antenna/tag/e2806894000050038662194f, 94
1652706542.419019, sdrt-health/mac:02010b41cdec/antenna/tag/e28068940000400386621d4f, 96
1652706542.433522, sdrt-health/mac:02010b41cdec/antenna/tag/e28068940000400386621d4f, 96
1652706542.433843, sdrt-health/mac:02010b41cdec/antenna/tag/e28068940000400386621d4f, 96
1652706542.477136, sdrt-health/mac:02010b41cdec/antenna/tag/e28068940000400386621d4f, 90
1652706542.533537, sdrt-health/mac:02010b41cdec/antenna/tag/e2806894000050038661fd4f, 86
1652706542.534041, sdrt-health/mac:02010b41cdec/antenna/tag/e2806894000050038661fd4f, 86
1652706542.565837, sdrt-health/mac:02010b41cdec/antenna/tag/e2806894000050038662154f, 88
1652706542.598424, sdrt-health/mac:02010b41cdec/antenna/tag/e2806894000050038661fd4f, 83
1652706542.598798, sdrt-health/mac:02010b41cdec/antenna/tag/e28068940000400386621d4f, 90
1652706542.612999, sdrt-health/mac:02010b41cdec/antenna/tag/e28068940000400386621d4f, 90
1652706542.647697, sdrt-health/mac:02010b41cdec/antenna/tag/e28068940000400386621d4f, 90
1652706542.704124, sdrt-health/mac:02010b41cdec/antenna/tag/e2806894000050038661fd4f, 86
1652706542.70459, sdrt-health/mac:02010b41cdec/antenna/tag/e28068940000400386621d4f, 90
1652706542.720506, sdrt-health/mac:02010b41cdec/antenna/tag/e2806894000050038661fd4f, 86
1652706542.720998, sdrt-health/mac:02010b41cdec/antenna/tag/e2806894000050038662154f, 88
1652706542.767067, sdrt-health/mac:02010b41cdec/antenna/tag/e2806894000040038662114f, 87
1652706542.807435, sdrt-health/mac:02010b41cdec/antenna/tag/e2806894000050038662154f, 85
1652706542.883976, sdrt-health/mac:02010b41cdec/antenna/tag/e2806894000040038662114f, 85
1652706542.884684, sdrt-health/mac:02010b41cdec/antenna/tag/e2806894000040038662114f, 85
1652706542.915478, sdrt-health/mac:02010b41cdec/antenna/tag/e2806894000050038662154f, 88
1652706542.969524, sdrt-health/mac:02010b41cdec/antenna/tag/e28068940000500386620d4f, 81
1652706542.999457, sdrt-health/mac:02010b41cdec/antenna/tag/e2806894000040038662114f, 88
1652706542.999744, sdrt-health/mac:02010b41cdec/antenna/tag/e2806894000050038661fd4f, 83
1652706543.016211, sdrt-health/mac:02010b41cdec/antenna/tag/e2806894000040038662114f, 91
1652706543.016447, sdrt-health/mac:02010b41cdec/antenna/tag/e2806894000050038661fd4f, 86
1652706543.016589, sdrt-health/mac:02010b41cdec/antenna/tag/e28068940000400386621d4f, 90
1652706543.056494, sdrt-health/mac:02010b41cdec/antenna/tag/e2806894000040038662114f, 88
1652706543.124273, sdrt-health/mac:02010b41cdec/antenna/tag/e2806894000040038662114f, 88
1652706543.12475, sdrt-health/mac:02010b41cdec/antenna/tag/e2806894000050038662154f, 88
1652706543.141066, sdrt-health/mac:02010b41cdec/antenna/tag/e2806894000050038661fd4f, 86
1652706543.149377, sdrt-health/mac:02010b41cdec/antenna/tag/e2806894000050038661fd4f, 83
1652706543.156322, sdrt-health/mac:02010b41cdec/antenna/tag/e2806894000040038662114f, 88
1652706543.156617, sdrt-health/mac:02010b41cdec/antenna/tag/e2806894000050038661fd4f, 83
1652706543.19509, sdrt-health/mac:02010b41cdec/antenna/tag/e2806894000050038662154f, 88
1652706543.237226, sdrt-health/mac:02010b41cdec/antenna/tag/e2806894000050038661fd4f, 83
1652706543.277552, sdrt-health/mac:02010b41cdec/antenna/tag/e2806894000050038662154f, 85
1652706543.32123, sdrt-health/mac:02010b41cdec/antenna/tag/e2806894000050038662194f, 83
1652706543.381306, sdrt-health/mac:02010b41cdec/antenna/tag/e2806894000040038662114f, 88
1652706543.38179, sdrt-health/mac:02010b41cdec/antenna/tag/e2806894000050038661fd4f, 83
1652706543.407699, sdrt-health/mac:02010b41cdec/antenna/tag/e2806894000050038661fd4f, 86
1652706543.516623, sdrt-health/mac:02010b41cdec/antenna/tag/e28068940000400386621d4f, 96
1652706543.51721, sdrt-health/mac:02010b41cdec/antenna/tag/e2806894000050038662154f, 91
1652706543.567703, sdrt-health/mac:02010b41cdec/antenna/tag/e28068940000500386620d4f, 83
1652706543.632448, sdrt-health/mac:02010b41cdec/antenna/tag/e28068940000400386621d4f, 90
1652706543.632916, sdrt-health/mac:02010b41cdec/antenna/tag/e2806894000050038662154f, 88
1652706543.649176, sdrt-health/mac:02010b41cdec/antenna/tag/e2806894000050038662154f, 88
1652706543.649669, sdrt-health/mac:02010b41cdec/antenna/tag/e2806894000050038661fd4f, 83
1652706543.665309, sdrt-health/mac:02010b41cdec/antenna/tag/e28068940000400386621d4f, 96
1652706543.699412, sdrt-health/mac:02010b41cdec/antenna/tag/e2806894000050038661fd4f, 83
1652706543.730558, sdrt-health/mac:02010b41cdec/antenna/tag/e2806894000040038662114f, 85
1652706543.730927, sdrt-health/mac:02010b41cdec/antenna/tag/e2806894000050038661fd4f, 83
1652706543.745275, sdrt-health/mac:02010b41cdec/antenna/tag/e2806894000050038662194f, 81
1652706543.776547, sdrt-health/mac:02010b41cdec/antenna/tag/e2806894000040038661f94f, 81
1652706543.818063, sdrt-health/mac:02010b41cdec/antenna/tag/e2806894000050038662154f, 88
1652706543.86012, sdrt-health/mac:02010b41cdec/antenna/tag/e28068940000500386620d4f, 83
1652706543.918508, sdrt-health/mac:02010b41cdec/antenna/tag/e28068940000500386620d4f, 81
1652706543.919004, sdrt-health/mac:02010b41cdec/antenna/tag/e2806894000040038662114f, 88
1652706543.983659, sdrt-health/mac:02010b41cdec/antenna/tag/e28068940000400386621d4f, 90
1652706544.016678, sdrt-health/mac:02010b41cdec/antenna/tag/e2806894000050038662154f, 88
1652706544.065472, sdrt-health/mac:02010b41cdec/antenna/tag/e2806894000040038662114f, 85
1652706544.126278, sdrt-health/mac:02010b41cdec/antenna/tag/e2806894000050038661fd4f, 83
1652706544.126772, sdrt-health/mac:02010b41cdec/antenna/tag/e2806894000050038662154f, 88
1652706544.141582, sdrt-health/mac:02010b41cdec/antenna/tag/e2806894000050038662154f, 88
1652706544.147951, sdrt-health/mac:02010b41cdec/antenna/tag/e2806894000050038661fd4f, 83
1652706544.194641, sdrt-health/mac:02010b41cdec/antenna/tag/e28068940000500386620d4f, 93
1652706544.242323, sdrt-health/mac:02010b41cdec/antenna/tag/e2806894000040038662114f, 85
1652706544.242834, sdrt-health/mac:02010b41cdec/antenna/tag/e2806894000050038661fd4f, 83
1652706544.2582, sdrt-health/mac:02010b41cdec/antenna/tag/e2806894000050038662154f, 91
1652706544.267273, sdrt-health/mac:02010b41cdec/antenna/tag/e28068940000500386620d4f, 83
1652706544.307928, sdrt-health/mac:02010b41cdec/antenna/tag/e2806894000040038662114f, 85
1652706544.364536, sdrt-health/mac:02010b41cdec/antenna/tag/e2806894000050038661fd4f, 83
1652706544.365032, sdrt-health/mac:02010b41cdec/antenna/tag/e28068940000400386621d4f, 96
1652706544.380408, sdrt-health/mac:02010b41cdec/antenna/tag/e2806894000050038662154f, 85
1652706544.387095, sdrt-health/mac:02010b41cdec/antenna/tag/e2806894000050038662154f, 85
1652706544.427784, sdrt-health/mac:02010b41cdec/antenna/tag/e28068940000500386620d4f, 87
1652706544.483228, sdrt-health/mac:02010b41cdec/antenna/tag/e2806894000050038662154f, 91
1652706544.483737, sdrt-health/mac:02010b41cdec/antenna/tag/e2806894000050038662154f, 91
1652706544.507907, sdrt-health/mac:02010b41cdec/antenna/tag/e2806894000050038662154f, 91
1652706544.56402, sdrt-health/mac:02010b41cdec/antenna/tag/e28068940000400386621d4f, 96
1652706544.564389, sdrt-health/mac:02010b41cdec/antenna/tag/e28068940000400386621d4f, 96
1652706544.597356, sdrt-health/mac:02010b41cdec/antenna/tag/e2806894000050038662194f, 83
1652706544.636214, sdrt-health/mac:02010b41cdec/antenna/tag/e28068940000400386621d4f, 90
1652706544.702369, sdrt-health/mac:02010b41cdec/antenna/tag/e2806894000050038661fd4f, 83
1652706544.702837, sdrt-health/mac:02010b41cdec/antenna/tag/e2806894000050038661fd4f, 83
1652706544.742592, sdrt-health/mac:02010b41cdec/antenna/tag/e2806894000040038662114f, 88
1652706544.817388, sdrt-health/mac:02010b41cdec/antenna/tag/e28068940000400386621d4f, 90
1652706544.857741, sdrt-health/mac:02010b41cdec/antenna/tag/e2806894000050038661fd4f, 86
1652706544.889723, sdrt-health/mac:02010b41cdec/antenna/tag/e28068940000500386620d4f, 83
1652706544.889941, sdrt-health/mac:02010b41cdec/antenna/tag/e2806894000040038662114f, 88
1652706544.937126, sdrt-health/mac:02010b41cdec/antenna/tag/e28068940000400386621d4f, 90
1652706544.977174, sdrt-health/mac:02010b41cdec/antenna/tag/e28068940000500386620d4f, 83
1652706545.018886, sdrt-health/mac:02010b41cdec/antenna/tag/e2806894000050038662154f, 91
1652706545.075262, sdrt-health/mac:02010b41cdec/antenna/tag/e2806894000040038662114f, 85
1652706545.07575, sdrt-health/mac:02010b41cdec/antenna/tag/e2806894000040038662114f, 88
1652706545.096175, sdrt-health/mac:02010b41cdec/antenna/tag/e2806894000050038661fd4f, 83
1652706545.153135, sdrt-health/mac:02010b41cdec/antenna/tag/e2806894000050038662154f, 91
1652706545.153628, sdrt-health/mac:02010b41cdec/antenna/tag/e28068940000500386620d4f, 87
1652706545.208038, sdrt-health/mac:02010b41cdec/antenna/tag/e28068940000500386620d4f, 81
1652706545.256362, sdrt-health/mac:02010b41cdec/antenna/tag/e2806894000050038661fd4f, 83
1652706545.288559, sdrt-health/mac:02010b41cdec/antenna/tag/e2806894000040038662114f, 85
1652706545.28895, sdrt-health/mac:02010b41cdec/antenna/tag/e2806894000050038662154f, 88
1652706545.327576, sdrt-health/mac:02010b41cdec/antenna/tag/e2806894000040038662054f, 81
1652706545.385971, sdrt-health/mac:02010b41cdec/antenna/tag/e28068940000500386620d4f, 83
1652706545.42831, sdrt-health/mac:02010b41cdec/antenna/tag/e2806894000050038661fd4f, 83
1652706545.467316, sdrt-health/mac:02010b41cdec/antenna/tag/e2806894000050038661fd4f, 86
1652706545.522258, sdrt-health/mac:02010b41cdec/antenna/tag/e2806894000040038662114f, 88
1652706545.522848, sdrt-health/mac:02010b41cdec/antenna/tag/e28068940000400386621d4f, 90
1652706545.558467, sdrt-health/mac:02010b41cdec/antenna/tag/e2806894000050038662154f, 85
1652706545.598447, sdrt-health/mac:02010b41cdec/antenna/tag/e28068940000400386621d4f, 90
1652706545.637601, sdrt-health/mac:02010b41cdec/antenna/tag/e28068940000400386621d4f, 90
1652706545.692712, sdrt-health/mac:02010b41cdec/antenna/tag/e2806894000050038662154f, 88
1652706545.693041, sdrt-health/mac:02010b41cdec/antenna/tag/e2806894000050038661fd4f, 86
1652706545.717886, sdrt-health/mac:02010b41cdec/antenna/tag/e2806894000050038661fd4f, 83
1652706545.758269, sdrt-health/mac:02010b41cdec/antenna/tag/e2806894000050038661fd4f, 83
1652706545.823646, sdrt-health/mac:02010b41cdec/antenna/tag/e28068940000400386621d4f, 96
1652706545.824111, sdrt-health/mac:02010b41cdec/antenna/tag/e2806894000050038661fd4f, 97
1652706545.839066, sdrt-health/mac:02010b41cdec/antenna/tag/e2806894000040038662114f, 85
1652706545.899435, sdrt-health/mac:02010b41cdec/antenna/tag/e2806894000040038662114f, 85
1652706545.96757, sdrt-health/mac:02010b41cdec/antenna/tag/e2806894000050038661fd4f, 83
1652706546.006761, sdrt-health/mac:02010b41cdec/antenna/tag/e28068940000500386620d4f, 87
1652706546.046673, sdrt-health/mac:02010b41cdec/antenna/tag/e28068940000400386621d4f, 96
1652706546.086751, sdrt-health/mac:02010b41cdec/antenna/tag/e2806894000040038662114f, 85
1652706546.156756, sdrt-health/mac:02010b41cdec/antenna/tag/e2806894000050038662154f, 85
1652706546.197629, sdrt-health/mac:02010b41cdec/antenna/tag/e28068940000400386621d4f, 96
1652706546.246346, sdrt-health/mac:02010b41cdec/antenna/tag/e2806894000050038661fd4f, 86
1652706546.295834, sdrt-health/mac:02010b41cdec/antenna/tag/e2806894000040038662114f, 88
1652706546.338601, sdrt-health/mac:02010b41cdec/antenna/tag/e2806894000040038662114f, 88
1652706546.369185, sdrt-health/mac:02010b41cdec/antenna/tag/e28068940000500386620d4f, 83
1652706546.369556, sdrt-health/mac:02010b41cdec/antenna/tag/e2806894000050038661fd4f, 83
1652706546.396405, sdrt-health/mac:02010b41cdec/antenna/tag/e2806894000050038661fd4f, 86
1652706546.430082, sdrt-health/mac:02010b41cdec/antenna/tag/e28068940000500386620d4f, 83
1652706546.468061, sdrt-health/mac:02010b41cdec/antenna/tag/e2806894000050038662154f, 88
1652706546.525612, sdrt-health/mac:02010b41cdec/antenna/tag/e2806894000050038661fd4f, 86
1652706546.526107, sdrt-health/mac:02010b41cdec/antenna/tag/e2806894000050038662154f, 91
1652706546.547364, sdrt-health/mac:02010b41cdec/antenna/tag/e28068940000500386620d4f, 83
1652706546.609133, sdrt-health/mac:02010b41cdec/antenna/tag/e2806894000040038662114f, 88
1652706546.609602, sdrt-health/mac:02010b41cdec/antenna/tag/e2806894000040038662114f, 88
1652706546.627394, sdrt-health/mac:02010b41cdec/antenna/tag/e28068940000400386621d4f, 96
1652706546.667274, sdrt-health/mac:02010b41cdec/antenna/tag/e2806894000040038662114f, 85
1652706546.732975, sdrt-health/mac:02010b41cdec/antenna/tag/e2806894000050038661fd4f, 83
1652706546.733523, sdrt-health/mac:02010b41cdec/antenna/tag/e2806894000040038662114f, 88
1652706546.748797, sdrt-health/mac:02010b41cdec/antenna/tag/e2806894000050038661fd4f, 83
1652706546.757136, sdrt-health/mac:02010b41cdec/antenna/tag/e2806894000050038662154f, 88
1652706546.764432, sdrt-health/mac:02010b41cdec/antenna/tag/e2806894000050038661fd4f, 86
1652706546.795994, sdrt-health/mac:02010b41cdec/antenna/tag/e2806894000050038662154f, 91
1652706546.852807, sdrt-health/mac:02010b41cdec/antenna/tag/e2806894000050038661fd4f, 86
1652706546.853055, sdrt-health/mac:02010b41cdec/antenna/tag/e2806894000050038661fd4f, 86
1652706546.867982, sdrt-health/mac:02010b41cdec/antenna/tag/e2806894000040038662114f, 88
1652706547.032901, sdrt-health/mac:02010b41cdec/antenna/tag/e2806894000050038662154f, 91
1652706547.033406, sdrt-health/mac:02010b41cdec/antenna/tag/e2806894000050038661fd4f, 83
1652706547.065509, sdrt-health/mac:02010b41cdec/antenna/tag/e2806894000050038662154f, 85
1652706547.134341, sdrt-health/mac:02010b41cdec/antenna/tag/e2806894000050038661fd4f, 83
1652706547.134858, sdrt-health/mac:02010b41cdec/antenna/tag/e2806894000050038662154f, 88
1652706547.149774, sdrt-health/mac:02010b41cdec/antenna/tag/e2806894000050038662154f, 85
1652706547.158611, sdrt-health/mac:02010b41cdec/antenna/tag/e2806894000050038662154f, 85
1652706547.165237, sdrt-health/mac:02010b41cdec/antenna/tag/e2806894000050038662154f, 93
1652706547.199207, sdrt-health/mac:02010b41cdec/antenna/tag/e28068940000400386621d4f, 96
1652706547.24909, sdrt-health/mac:02010b41cdec/antenna/tag/e28068940000500386620d4f, 94
1652706547.249602, sdrt-health/mac:02010b41cdec/antenna/tag/e28068940000400386621d4f, 96
1652706547.276536, sdrt-health/mac:02010b41cdec/antenna/tag/e28068940000400386621d4f, 96
1652706547.317417, sdrt-health/mac:02010b41cdec/antenna/tag/e28068940000500386620d4f, 81
1652706547.379813, sdrt-health/mac:02010b41cdec/antenna/tag/e2806894000050038661fd4f, 83
1652706547.380125, sdrt-health/mac:02010b41cdec/antenna/tag/e28068940000500386620d4f, 87
1652706547.408848, sdrt-health/mac:02010b41cdec/antenna/tag/e28068940000500386620d4f, 87
1652706547.449016, sdrt-health/mac:02010b41cdec/antenna/tag/e28068940000500386620d4f, 83
1652706547.478475, sdrt-health/mac:02010b41cdec/antenna/tag/e28068940000400386621d4f, 90
1652706547.478723, sdrt-health/mac:02010b41cdec/antenna/tag/e2806894000050038661fd4f, 83
1652706547.49472, sdrt-health/mac:02010b41cdec/antenna/tag/e2806894000040038662114f, 88
1652706547.530125, sdrt-health/mac:02010b41cdec/antenna/tag/e2806894000050038662154f, 88
1652706547.530436, sdrt-health/mac:02010b41cdec/antenna/tag/e2806894000050038661fd4f, 86
1652706547.530635, sdrt-health/mac:02010b41cdec/antenna/tag/e2806894000040038662114f, 88
1652706547.543765, sdrt-health/mac:02010b41cdec/antenna/tag/e2806894000040038662114f, 88
1652706547.576599, sdrt-health/mac:02010b41cdec/antenna/tag/e2806894000050038661fd4f, 86
1652706547.616948, sdrt-health/mac:02010b41cdec/antenna/tag/e2806894000050038661fd4f, 86
1652706547.710228, sdrt-health/mac:02010b41cdec/antenna/tag/e2806894000040038662114f, 85
1652706547.747507, sdrt-health/mac:02010b41cdec/antenna/tag/e2806894000050038662154f, 85
1652706547.809528, sdrt-health/mac:02010b41cdec/antenna/tag/e2806894000040038662114f, 85
1652706547.809983, sdrt-health/mac:02010b41cdec/antenna/tag/e2806894000050038662194f, 83
1652706547.832542, sdrt-health/mac:02010b41cdec/antenna/tag/e2806894000040038662114f, 88
1652706547.86436, sdrt-health/mac:02010b41cdec/antenna/tag/e2806894000050038662194f, 81
1652706547.864717, sdrt-health/mac:02010b41cdec/antenna/tag/e2806894000050038662194f, 94
1652706547.943055, sdrt-health/mac:02010b41cdec/antenna/tag/e2806894000050038661fd4f, 83
1652706548.009062, sdrt-health/mac:02010b41cdec/antenna/tag/e28068940000500386620d4f, 87
1652706548.066235, sdrt-health/mac:02010b41cdec/antenna/tag/e2806894000050038661fd4f, 83
1652706548.066706, sdrt-health/mac:02010b41cdec/antenna/tag/e2806894000050038661fd4f, 83
1652706548.205575, sdrt-health/mac:02010b41cdec/antenna/tag/e28068940000400386621d4f, 96
1652706548.248538, sdrt-health/mac:02010b41cdec/antenna/tag/e28068940000400386621d4f, 96
1652706548.286428, sdrt-health/mac:02010b41cdec/antenna/tag/e2806894000050038662154f, 88
1652706548.372158, sdrt-health/mac:02010b41cdec/antenna/tag/e28068940000400386621d4f, 96
1652706548.372682, sdrt-health/mac:02010b41cdec/antenna/tag/e2806894000050038662154f, 85
1652706548.396694, sdrt-health/mac:02010b41cdec/antenna/tag/e2806894000040038662114f, 85
1652706548.455315, sdrt-health/mac:02010b41cdec/antenna/tag/e28068940000400386621d4f, 96
1652706548.516142, sdrt-health/mac:02010b41cdec/antenna/tag/e2806894000050038662194f, 81
1652706548.567185, sdrt-health/mac:02010b41cdec/antenna/tag/e28068940000400386621d4f, 96
1652706548.609049, sdrt-health/mac:02010b41cdec/antenna/tag/e28068940000400386621d4f, 77
1652706548.663845, sdrt-health/mac:02010b41cdec/antenna/tag/e28068940000400386621d4f, 77
1652706548.664311, sdrt-health/mac:02010b41cdec/antenna/tag/e2806894000040038662114f, 85
1652706548.680517, sdrt-health/mac:02010b41cdec/antenna/tag/e2806894000050038662154f, 93
1652706548.694827, sdrt-health/mac:02010b41cdec/antenna/tag/e2806894000050038662194f, 88
1652706548.736137, sdrt-health/mac:02010b41cdec/antenna/tag/e2806894000050038662194f, 81
1652706548.782037, sdrt-health/mac:02010b41cdec/antenna/tag/e2806894000050038661fd4f, 86
1652706548.811385, sdrt-health/mac:02010b41cdec/antenna/tag/e2806894000050038662194f, 81
1652706548.811651, sdrt-health/mac:02010b41cdec/antenna/tag/e28068940000400386621d4f, 90
1652706548.854907, sdrt-health/mac:02010b41cdec/antenna/tag/e2806894000050038661fd4f, 83
1652706548.909657, sdrt-health/mac:02010b41cdec/antenna/tag/e2806894000050038662154f, 85
1652706548.962754, sdrt-health/mac:02010b41cdec/antenna/tag/e2806894000050038661fd4f, 83
1652706548.963083, sdrt-health/mac:02010b41cdec/antenna/tag/e2806894000050038662194f, 81
1652706548.987986, sdrt-health/mac:02010b41cdec/antenna/tag/e2806894000050038661fd4f, 83
1652706549.042131, sdrt-health/mac:02010b41cdec/antenna/tag/e2806894000040038662114f, 88
1652706549.042558, sdrt-health/mac:02010b41cdec/antenna/tag/e2806894000050038662154f, 88
1652706549.056493, sdrt-health/mac:02010b41cdec/antenna/tag/e28068940000400386621d4f, 90
1652706549.104064, sdrt-health/mac:02010b41cdec/antenna/tag/e2806894000040038662114f, 88
1652706549.104361, sdrt-health/mac:02010b41cdec/antenna/tag/e2806894000050038661fd4f, 83
1652706549.118251, sdrt-health/mac:02010b41cdec/antenna/tag/e2806894000050038662154f, 91
1652706549.118537, sdrt-health/mac:02010b41cdec/antenna/tag/e2806894000050038661fd4f, 86
1652706549.157794, sdrt-health/mac:02010b41cdec/antenna/tag/e2806894000050038662194f, 94
1652706549.198245, sdrt-health/mac:02010b41cdec/antenna/tag/e2806894000050038662154f, 88
1652706549.254467, sdrt-health/mac:02010b41cdec/antenna/tag/e2806894000050038662194f, 94
1652706549.254962, sdrt-health/mac:02010b41cdec/antenna/tag/e2806894000050038662194f, 81
1652706549.284684, sdrt-health/mac:02010b41cdec/antenna/tag/e2806894000040038662114f, 85
1652706549.317272, sdrt-health/mac:02010b41cdec/antenna/tag/e2806894000050038661fd4f, 86
1652706549.356352, sdrt-health/mac:02010b41cdec/antenna/tag/e28068940000400386621d4f, 90
1652706549.396209, sdrt-health/mac:02010b41cdec/antenna/tag/e28068940000400386621d4f, 90
1652706549.451304, sdrt-health/mac:02010b41cdec/antenna/tag/e2806894000040038662114f, 85
1652706549.45184, sdrt-health/mac:02010b41cdec/antenna/tag/e28068940000500386620d4f, 83
1652706549.476938, sdrt-health/mac:02010b41cdec/antenna/tag/e2806894000050038661fd4f, 86
1652706549.51766, sdrt-health/mac:02010b41cdec/antenna/tag/e2806894000050038662154f, 88
1652706549.54866, sdrt-health/mac:02010b41cdec/antenna/tag/e2806894000050038661fd4f, 83
1652706549.548977, sdrt-health/mac:02010b41cdec/antenna/tag/e2806894000050038661fd4f, 86
1652706549.566268, sdrt-health/mac:02010b41cdec/antenna/tag/e2806894000050038662154f, 88
1652706549.595787, sdrt-health/mac:02010b41cdec/antenna/tag/e28068940000400386621d4f, 90
1652706549.596114, sdrt-health/mac:02010b41cdec/antenna/tag/e2806894000040038662114f, 91
1652706549.596329, sdrt-health/mac:02010b41cdec/antenna/tag/e28068940000400386621d4f, 90
1652706549.610253, sdrt-health/mac:02010b41cdec/antenna/tag/e2806894000050038661fd4f, 83
1652706549.657452, sdrt-health/mac:02010b41cdec/antenna/tag/e2806894000050038661fd4f, 83
1652706549.713699, sdrt-health/mac:02010b41cdec/antenna/tag/e28068940000400386621d4f, 96
1652706549.714228, sdrt-health/mac:02010b41cdec/antenna/tag/e2806894000050038662194f, 84
1652706549.729707, sdrt-health/mac:02010b41cdec/antenna/tag/e2806894000050038662154f, 88
1652706549.730205, sdrt-health/mac:02010b41cdec/antenna/tag/e2806894000040038662114f, 85
1652706549.731912, sdrt-health/mac:02010b41cdec/antenna/tag/e2806894000050038661fd4f, 83
1652706549.767464, sdrt-health/mac:02010b41cdec/antenna/tag/e2806894000050038661fd4f, 83
1652706549.836738, sdrt-health/mac:02010b41cdec/antenna/tag/e2806894000050038661fd4f, 83
1652706549.837277, sdrt-health/mac:02010b41cdec/antenna/tag/e2806894000050038662154f, 88
1652706549.856025, sdrt-health/mac:02010b41cdec/antenna/tag/e2806894000050038662154f, 88
1652706549.923208, sdrt-health/mac:02010b41cdec/antenna/tag/e28068940000400386621d4f, 90
1652706549.923739, sdrt-health/mac:02010b41cdec/antenna/tag/e28068940000400386621d4f, 96
1652706549.947378, sdrt-health/mac:02010b41cdec/antenna/tag/e2806894000050038662154f, 85
1652706550.00209, sdrt-health/mac:02010b41cdec/antenna/tag/e2806894000050038662154f, 85
1652706550.00262, sdrt-health/mac:02010b41cdec/antenna/tag/e2806894000050038661fd4f, 83
1652706550.03113, sdrt-health/mac:02010b41cdec/antenna/tag/e2806894000050038661fd4f, 83
1652706550.0614, sdrt-health/mac:02010b41cdec/antenna/tag/e2806894000040038662114f, 85
1652706550.061693, sdrt-health/mac:02010b41cdec/antenna/tag/e2806894000040038662114f, 88
1652706550.08599, sdrt-health/mac:02010b41cdec/antenna/tag/e2806894000050038661fd4f, 83
1652706550.136406, sdrt-health/mac:02010b41cdec/antenna/tag/e28068940000400386621d4f, 96
1652706550.180292, sdrt-health/mac:02010b41cdec/antenna/tag/e28068940000400386621d4f, 96
1652706550.2195, sdrt-health/mac:02010b41cdec/antenna/tag/e2806894000050038661fd4f, 83
1652706550.279817, sdrt-health/mac:02010b41cdec/antenna/tag/e2806894000050038662194f, 94
1652706550.280342, sdrt-health/mac:02010b41cdec/antenna/tag/e2806894000050038661fd4f, 83
1652706550.31614, sdrt-health/mac:02010b41cdec/antenna/tag/e28068940000500386620d4f, 81
1652706550.373222, sdrt-health/mac:02010b41cdec/antenna/tag/e2806894000050038662154f, 88
1652706550.373758, sdrt-health/mac:02010b41cdec/antenna/tag/e2806894000040038662114f, 85
1652706550.388839, sdrt-health/mac:02010b41cdec/antenna/tag/e2806894000040038662114f, 88
1652706550.399636, sdrt-health/mac:02010b41cdec/antenna/tag/e2806894000040038662114f, 91
1652706550.436783, sdrt-health/mac:02010b41cdec/antenna/tag/e2806894000050038661fd4f, 83
1652706550.497992, sdrt-health/mac:02010b41cdec/antenna/tag/e28068940000400386621d4f, 90
1652706550.498515, sdrt-health/mac:02010b41cdec/antenna/tag/e2806894000040038662114f, 88
1652706550.513278, sdrt-health/mac:02010b41cdec/antenna/tag/e2806894000050038662154f, 88
1652706550.527167, sdrt-health/mac:02010b41cdec/antenna/tag/e2806894000050038662154f, 91
1652706550.574783, sdrt-health/mac:02010b41cdec/antenna/tag/e2806894000050038662194f, 94
1652706550.632849, sdrt-health/mac:02010b41cdec/antenna/tag/e2806894000050038661fd4f, 86
1652706550.633323, sdrt-health/mac:02010b41cdec/antenna/tag/e2806894000050038662194f, 94
1652706550.633666, sdrt-health/mac:02010b41cdec/antenna/tag/e2806894000050038662154f, 88
1652706550.648721, sdrt-health/mac:02010b41cdec/antenna/tag/e28068940000400386621d4f, 96
1652706550.659046, sdrt-health/mac:02010b41cdec/antenna/tag/e2806894000050038661fd4f, 83
1652706550.662298, sdrt-health/mac:02010b41cdec/antenna/tag/e2806894000040038662114f, 85
1652706550.705167, sdrt-health/mac:02010b41cdec/antenna/tag/e2806894000050038661fd4f, 83
1652706550.826456, sdrt-health/mac:02010b41cdec/antenna/tag/e28068940000400386621d4f, 96
1652706550.887842, sdrt-health/mac:02010b41cdec/antenna/tag/e2806894000050038662194f, 81
1652706550.94188, sdrt-health/mac:02010b41cdec/antenna/tag/e2806894000050038662154f, 88
1652706550.942404, sdrt-health/mac:02010b41cdec/antenna/tag/e2806894000050038661fd4f, 83
1652706550.942747, sdrt-health/mac:02010b41cdec/antenna/tag/e28068940000500386620d4f, 87
1652706550.969862, sdrt-health/mac:02010b41cdec/antenna/tag/e28068940000400386621d4f, 96
1652706551.033125, sdrt-health/mac:02010b41cdec/antenna/tag/e28068940000500386620d4f, 87
1652706551.033619, sdrt-health/mac:02010b41cdec/antenna/tag/e2806894000040038662114f, 85
1652706551.047902, sdrt-health/mac:02010b41cdec/antenna/tag/e2806894000050038662154f, 91
1652706551.078696, sdrt-health/mac:02010b41cdec/antenna/tag/e2806894000050038661fd4f, 86
1652706551.078892, sdrt-health/mac:02010b41cdec/antenna/tag/e2806894000050038661fd4f, 86
1652706551.105854, sdrt-health/mac:02010b41cdec/antenna/tag/e28068940000400386621d4f, 90
1652706551.163107, sdrt-health/mac:02010b41cdec/antenna/tag/e2806894000050038661fd4f, 86
1652706551.163611, sdrt-health/mac:02010b41cdec/antenna/tag/e28068940000400386621d4f, 96
1652706551.18673, sdrt-health/mac:02010b41cdec/antenna/tag/e28068940000400386621d4f, 90
1652706551.22648, sdrt-health/mac:02010b41cdec/antenna/tag/e2806894000040038662114f, 85
1652706551.273915, sdrt-health/mac:02010b41cdec/antenna/tag/e2806894000050038662154f, 88
1652706551.304128, sdrt-health/mac:02010b41cdec/antenna/tag/e28068940000400386621d4f, 96
1652706551.304485, sdrt-health/mac:02010b41cdec/antenna/tag/e2806894000040038662114f, 85
1652706551.304721, sdrt-health/mac:02010b41cdec/antenna/tag/e2806894000050038661fd4f, 83
1652706551.317852, sdrt-health/mac:02010b41cdec/antenna/tag/e2806894000040038662054f, 81
1652706551.318123, sdrt-health/mac:02010b41cdec/antenna/tag/e2806894000050038661fd4f, 83
1652706551.357227, sdrt-health/mac:02010b41cdec/antenna/tag/e2806894000050038661fd4f, 83
1652706551.398458, sdrt-health/mac:02010b41cdec/antenna/tag/e2806894000040038662114f, 85
1652706551.450924, sdrt-health/mac:02010b41cdec/antenna/tag/e28068940000500386620d4f, 87
1652706551.451403, sdrt-health/mac:02010b41cdec/antenna/tag/e28068940000500386620d4f, 81
1652706551.487556, sdrt-health/mac:02010b41cdec/antenna/tag/e28068940000400386621d4f, 90
1652706551.541764, sdrt-health/mac:02010b41cdec/antenna/tag/e28068940000500386620d4f, 87
1652706551.542342, sdrt-health/mac:02010b41cdec/antenna/tag/e2806894000050038662154f, 88
1652706551.556075, sdrt-health/mac:02010b41cdec/antenna/tag/e2806894000040038662114f, 85
1652706551.556522, sdrt-health/mac:02010b41cdec/antenna/tag/e2806894000050038661fd4f, 86
1652706551.566711, sdrt-health/mac:02010b41cdec/antenna/tag/e2806894000050038661fd4f, 83
1652706551.60732, sdrt-health/mac:02010b41cdec/antenna/tag/e28068940000400386621d4f, 90
1652706551.662458, sdrt-health/mac:02010b41cdec/antenna/tag/e2806894000050038662154f, 88
1652706551.662965, sdrt-health/mac:02010b41cdec/antenna/tag/e2806894000050038661fd4f, 86
1652706551.686414, sdrt-health/mac:02010b41cdec/antenna/tag/e2806894000040038662114f, 88
1652706551.728146, sdrt-health/mac:02010b41cdec/antenna/tag/e2806894000040038662114f, 85
1652706551.758306, sdrt-health/mac:02010b41cdec/antenna/tag/e2806894000050038662154f, 88
1652706551.758566, sdrt-health/mac:02010b41cdec/antenna/tag/e28068940000500386620d4f, 94
1652706551.829376, sdrt-health/mac:02010b41cdec/antenna/tag/e2806894000040038662114f, 88
1652706551.886912, sdrt-health/mac:02010b41cdec/antenna/tag/e2806894000050038661fd4f, 83
1652706551.937379, sdrt-health/mac:02010b41cdec/antenna/tag/e28068940000400386621d4f, 90
1652706552.000683, sdrt-health/mac:02010b41cdec/antenna/tag/e2806894000050038661fd4f, 83
1652706552.001154, sdrt-health/mac:02010b41cdec/antenna/tag/e28068940000400386621d4f, 90
1652706552.016498, sdrt-health/mac:02010b41cdec/antenna/tag/e2806894000050038661fd4f, 83
1652706552.026482, sdrt-health/mac:02010b41cdec/antenna/tag/e28068940000400386621d4f, 90
1652706552.03111, sdrt-health/mac:02010b41cdec/antenna/tag/e2806894000040038662114f, 88
1652706552.066793, sdrt-health/mac:02010b41cdec/antenna/tag/e2806894000050038662154f, 88
1652706552.10757, sdrt-health/mac:02010b41cdec/antenna/tag/e2806894000040038662114f, 91
1652706552.145792, sdrt-health/mac:02010b41cdec/antenna/tag/e2806894000050038662154f, 88
1652706552.186557, sdrt-health/mac:02010b41cdec/antenna/tag/e28068940000400386621d4f, 90
1652706552.297626, sdrt-health/mac:02010b41cdec/antenna/tag/e2806894000040038662114f, 91
1652706552.298167, sdrt-health/mac:02010b41cdec/antenna/tag/e2806894000040038662114f, 85
1652706552.312805, sdrt-health/mac:02010b41cdec/antenna/tag/e2806894000040038662114f, 85
1652706552.335509, sdrt-health/mac:02010b41cdec/antenna/tag/e2806894000050038662154f, 85
1652706552.364993, sdrt-health/mac:02010b41cdec/antenna/tag/e2806894000040038662214f, 94
1652706552.365386, sdrt-health/mac:02010b41cdec/antenna/tag/e2806894000050038662154f, 85
1652706552.365675, sdrt-health/mac:02010b41cdec/antenna/tag/e2806894000040038662114f, 85
1652706552.384328, sdrt-health/mac:02010b41cdec/antenna/tag/e2806894000040038662114f, 85
1652706552.427556, sdrt-health/mac:02010b41cdec/antenna/tag/e28068940000400386621d4f, 96
1652706552.456924, sdrt-health/mac:02010b41cdec/antenna/tag/e28068940000500386620d4f, 87
1652706552.457186, sdrt-health/mac:02010b41cdec/antenna/tag/e28068940000500386620d4f, 83
1652706552.476297, sdrt-health/mac:02010b41cdec/antenna/tag/e28068940000500386620d4f, 87
1652706552.526211, sdrt-health/mac:02010b41cdec/antenna/tag/e2806894000050038662154f, 91
1652706552.576183, sdrt-health/mac:02010b41cdec/antenna/tag/e28068940000400386621d4f, 90
1652706552.631838, sdrt-health/mac:02010b41cdec/antenna/tag/e2806894000050038661fd4f, 83
1652706552.632303, sdrt-health/mac:02010b41cdec/antenna/tag/e2806894000050038661fd4f, 83
1652706552.647234, sdrt-health/mac:02010b41cdec/antenna/tag/e28068940000500386620d4f, 94
1652706552.667675, sdrt-health/mac:02010b41cdec/antenna/tag/e28068940000400386621d4f, 96
1652706552.698303, sdrt-health/mac:02010b41cdec/antenna/tag/e2806894000050038661fd4f, 83
1652706552.69851, sdrt-health/mac:02010b41cdec/antenna/tag/e2806894000040038662114f, 85
1652706552.718608, sdrt-health/mac:02010b41cdec/antenna/tag/e2806894000050038662154f, 85
1652706552.718964, sdrt-health/mac:02010b41cdec/antenna/tag/e28068940000500386620d4f, 84
1652706552.719214, sdrt-health/mac:02010b41cdec/antenna/tag/e28068940000400386621d4f, 96
1652706552.765029, sdrt-health/mac:02010b41cdec/antenna/tag/e2806894000040038662114f, 88
1652706552.835148, sdrt-health/mac:02010b41cdec/antenna/tag/e28068940000500386620d4f, 83
1652706552.866105, sdrt-health/mac:02010b41cdec/antenna/tag/e2806894000050038661fd4f, 86
1652706552.866311, sdrt-health/mac:02010b41cdec/antenna/tag/e28068940000400386621d4f, 90
1652706552.866443, sdrt-health/mac:02010b41cdec/antenna/tag/e2806894000050038661fd4f, 86
1652706552.882162, sdrt-health/mac:02010b41cdec/antenna/tag/e2806894000050038662154f, 91
1652706552.88239, sdrt-health/mac:02010b41cdec/antenna/tag/e2806894000040038662114f, 85
1652706552.912153, sdrt-health/mac:02010b41cdec/antenna/tag/e2806894000050038662154f, 91
1652706552.943693, sdrt-health/mac:02010b41cdec/antenna/tag/e28068940000500386620d4f, 81
1652706552.944218, sdrt-health/mac:02010b41cdec/antenna/tag/e2806894000040038662114f, 88
1652706552.944586, sdrt-health/mac:02010b41cdec/antenna/tag/e2806894000050038662154f, 88
1652706553.016233, sdrt-health/mac:02010b41cdec/antenna/tag/e28068940000500386620d4f, 83
1652706553.056356, sdrt-health/mac:02010b41cdec/antenna/tag/e2806894000050038662154f, 88
1652706553.100331, sdrt-health/mac:02010b41cdec/antenna/tag/e2806894000040038662114f, 88
1652706553.162153, sdrt-health/mac:02010b41cdec/antenna/tag/e28068940000500386620d4f, 83
1652706553.162606, sdrt-health/mac:02010b41cdec/antenna/tag/e2806894000040038662114f, 88
1652706553.179662, sdrt-health/mac:02010b41cdec/antenna/tag/e2806894000040038662114f, 85
1652706553.249436, sdrt-health/mac:02010b41cdec/antenna/tag/e2806894000050038662154f, 85
1652706553.24997, sdrt-health/mac:02010b41cdec/antenna/tag/e2806894000040038662114f, 88
1652706553.279057, sdrt-health/mac:02010b41cdec/antenna/tag/e2806894000050038661fd4f, 86
1652706553.333303, sdrt-health/mac:02010b41cdec/antenna/tag/e2806894000050038662154f, 91
1652706553.333758, sdrt-health/mac:02010b41cdec/antenna/tag/e2806894000050038661fd4f, 86
1652706553.347448, sdrt-health/mac:02010b41cdec/antenna/tag/e28068940000400386621d4f, 96
1652706553.357517, sdrt-health/mac:02010b41cdec/antenna/tag/e2806894000050038661fd4f, 86
1652706553.39247, sdrt-health/mac:02010b41cdec/antenna/tag/e2806894000050038661fd4f, 86
1652706553.436251, sdrt-health/mac:02010b41cdec/antenna/tag/e2806894000050038661fd4f, 86
1652706553.479592, sdrt-health/mac:02010b41cdec/antenna/tag/e28068940000500386620d4f, 88
1652706553.531619, sdrt-health/mac:02010b41cdec/antenna/tag/e2806894000040038662114f, 88
1652706553.532227, sdrt-health/mac:02010b41cdec/antenna/tag/e2806894000040038662114f, 85
1652706553.550543, sdrt-health/mac:02010b41cdec/antenna/tag/e28068940000400386621d4f, 77
1652706553.596371, sdrt-health/mac:02010b41cdec/antenna/tag/e2806894000050038662154f, 85
1652706553.636943, sdrt-health/mac:02010b41cdec/antenna/tag/e2806894000050038661fd4f, 83
1652706553.686668, sdrt-health/mac:02010b41cdec/antenna/tag/e2806894000050038661fd4f, 83
1652706553.740092, sdrt-health/mac:02010b41cdec/antenna/tag/e28068940000500386620d4f, 83
1652706553.740662, sdrt-health/mac:02010b41cdec/antenna/tag/e28068940000400386621d4f, 77
1652706553.766563, sdrt-health/mac:02010b41cdec/antenna/tag/e2806894000050038661fd4f, 83
1652706553.817054, sdrt-health/mac:02010b41cdec/antenna/tag/e2806894000050038662154f, 88
1652706553.864444, sdrt-health/mac:02010b41cdec/antenna/tag/e28068940000500386620d4f, 87
1652706553.922843, sdrt-health/mac:02010b41cdec/antenna/tag/e2806894000050038662154f, 88
1652706553.953119, sdrt-health/mac:02010b41cdec/antenna/tag/e2806894000050038662154f, 88
1652706553.953485, sdrt-health/mac:02010b41cdec/antenna/tag/e2806894000040038662114f, 88
1652706553.967446, sdrt-health/mac:02010b41cdec/antenna/tag/e2806894000040038662114f, 85
1652706554.057633, sdrt-health/mac:02010b41cdec/antenna/tag/e2806894000040038662114f, 91
1652706554.097714, sdrt-health/mac:02010b41cdec/antenna/tag/e2806894000050038661fd4f, 83
1652706554.139411, sdrt-health/mac:02010b41cdec/antenna/tag/e2806894000050038662194f, 84
1652706554.190099, sdrt-health/mac:02010b41cdec/antenna/tag/e2806894000040038662114f, 88
1652706554.19063, sdrt-health/mac:02010b41cdec/antenna/tag/e2806894000040038662114f, 85
1652706554.228743, sdrt-health/mac:02010b41cdec/antenna/tag/e28068940000400386621d4f, 77
1652706554.267173, sdrt-health/mac:02010b41cdec/antenna/tag/e2806894000050038662194f, 81
1652706554.306664, sdrt-health/mac:02010b41cdec/antenna/tag/e28068940000400386621d4f, 90
1652706554.346353, sdrt-health/mac:02010b41cdec/antenna/tag/e2806894000050038662194f, 81
1652706554.401418, sdrt-health/mac:02010b41cdec/antenna/tag/e2806894000050038662194f, 81
1652706554.401926, sdrt-health/mac:02010b41cdec/antenna/tag/e2806894000050038662154f, 88
1652706554.427141, sdrt-health/mac:02010b41cdec/antenna/tag/e2806894000050038662154f, 88
1652706554.467625, sdrt-health/mac:02010b41cdec/antenna/tag/e2806894000050038662154f, 88
1652706554.521728, sdrt-health/mac:02010b41cdec/antenna/tag/e2806894000050038661fd4f, 83
1652706554.522353, sdrt-health/mac:02010b41cdec/antenna/tag/e28068940000500386620d4f, 83
1652706554.537387, sdrt-health/mac:02010b41cdec/antenna/tag/e2806894000050038661fd4f, 86
1652706554.57067, sdrt-health/mac:02010b41cdec/antenna/tag/e28068940000400386621d4f, 90
1652706554.570978, sdrt-health/mac:02010b41cdec/antenna/tag/e2806894000050038661fd4f, 86
1652706554.597275, sdrt-health/mac:02010b41cdec/antenna/tag/e28068940000400386621d4f, 96
1652706554.636685, sdrt-health/mac:02010b41cdec/antenna/tag/e2806894000050038661fd4f, 83
1652706554.700033, sdrt-health/mac:02010b41cdec/antenna/tag/e2806894000050038662194f, 87
1652706554.701283, sdrt-health/mac:02010b41cdec/antenna/tag/e2806894000050038662154f, 85
1652706554.727338, sdrt-health/mac:02010b41cdec/antenna/tag/e2806894000050038662154f, 88
1652706554.929071, sdrt-health/mac:02010b41cdec/antenna/tag/e2806894000040038662114f, 85
1652706554.929533, sdrt-health/mac:02010b41cdec/antenna/tag/e2806894000040038662114f, 88
1652706554.958715, sdrt-health/mac:02010b41cdec/antenna/tag/e2806894000050038662154f, 85
1652706555.005464, sdrt-health/mac:02010b41cdec/antenna/tag/e2806894000050038662194f, 81
1652706555.00663, sdrt-health/mac:02010b41cdec/antenna/tag/e2806894000050038662194f, 94
1652706555.055135, sdrt-health/mac:02010b41cdec/antenna/tag/e2806894000050038662154f, 88
1652706555.11571, sdrt-health/mac:02010b41cdec/antenna/tag/e2806894000050038662154f, 85
1652706555.116168, sdrt-health/mac:02010b41cdec/antenna/tag/e2806894000050038662154f, 85
1652706555.132552, sdrt-health/mac:02010b41cdec/antenna/tag/e28068940000400386621d4f, 77
1652706555.170852, sdrt-health/mac:02010b41cdec/antenna/tag/e2806894000050038661fd4f, 83
1652706555.171248, sdrt-health/mac:02010b41cdec/antenna/tag/e2806894000050038661fd4f, 83
1652706555.198357, sdrt-health/mac:02010b41cdec/antenna/tag/e28068940000400386621d4f, 77
1652706555.244843, sdrt-health/mac:02010b41cdec/antenna/tag/e28068940000400386621d4f, 90
1652706555.302451, sdrt-health/mac:02010b41cdec/antenna/tag/e2806894000050038662154f, 88
1652706555.302951, sdrt-health/mac:02010b41cdec/antenna/tag/e2806894000050038662154f, 88
1652706555.318196, sdrt-health/mac:02010b41cdec/antenna/tag/e28068940000400386621d4f, 96
1652706555.318755, sdrt-health/mac:02010b41cdec/antenna/tag/e2806894000050038662194f, 81
1652706555.319153, sdrt-health/mac:02010b41cdec/antenna/tag/e28068940000400386621d4f, 96
1652706555.336895, sdrt-health/mac:02010b41cdec/antenna/tag/e2806894000050038661fd4f, 83
1652706555.401153, sdrt-health/mac:02010b41cdec/antenna/tag/e2806894000050038661fd4f, 86
1652706555.402694, sdrt-health/mac:02010b41cdec/antenna/tag/e28068940000400386621d4f, 77
1652706555.417194, sdrt-health/mac:02010b41cdec/antenna/tag/e2806894000050038662194f, 81
1652706555.417686, sdrt-health/mac:02010b41cdec/antenna/tag/e2806894000050038661fd4f, 83
1652706555.418026, sdrt-health/mac:02010b41cdec/antenna/tag/e28068940000400386621d4f, 77
1652706555.427627, sdrt-health/mac:02010b41cdec/antenna/tag/e2806894000050038661fd4f, 83
1652706555.433063, sdrt-health/mac:02010b41cdec/antenna/tag/e28068940000400386621d4f, 96
1652706555.433319, sdrt-health/mac:02010b41cdec/antenna/tag/e28068940000400386621d4f, 96
1652706555.46887, sdrt-health/mac:02010b41cdec/antenna/tag/e28068940000400386621d4f, 90
1652706555.537594, sdrt-health/mac:02010b41cdec/antenna/tag/e2806894000040038662114f, 88
1652706555.587992, sdrt-health/mac:02010b41cdec/antenna/tag/e2806894000050038661fd4f, 86
1652706555.642419, sdrt-health/mac:02010b41cdec/antenna/tag/e28068940000400386621d4f, 90
1652706555.642927, sdrt-health/mac:02010b41cdec/antenna/tag/e2806894000040038662114f, 88
1652706555.675928, sdrt-health/mac:02010b41cdec/antenna/tag/e2806894000040038662114f, 88
1652706555.732746, sdrt-health/mac:02010b41cdec/antenna/tag/e28068940000400386621d4f, 90
1652706555.733224, sdrt-health/mac:02010b41cdec/antenna/tag/e2806894000050038662154f, 88
1652706555.754348, sdrt-health/mac:02010b41cdec/antenna/tag/e2806894000050038662154f, 88
1652706555.817796, sdrt-health/mac:02010b41cdec/antenna/tag/e2806894000050038662194f, 81
1652706555.818258, sdrt-health/mac:02010b41cdec/antenna/tag/e2806894000050038662154f, 88
1652706555.834575, sdrt-health/mac:02010b41cdec/antenna/tag/e28068940000400386621d4f, 77
1652706555.839533, sdrt-health/mac:02010b41cdec/antenna/tag/e2806894000050038661fd4f, 83
1652706555.850683, sdrt-health/mac:02010b41cdec/antenna/tag/e28068940000400386621d4f, 96
1652706555.90019, sdrt-health/mac:02010b41cdec/antenna/tag/e28068940000400386621d4f, 96
1652706555.950398, sdrt-health/mac:02010b41cdec/antenna/tag/e2806894000050038661fd4f, 86
1652706555.950858, sdrt-health/mac:02010b41cdec/antenna/tag/e2806894000050038661fd4f, 83
1652706555.951229, sdrt-health/mac:02010b41cdec/antenna/tag/e28068940000400386621d4f, 96
1652706555.995447, sdrt-health/mac:02010b41cdec/antenna/tag/e2806894000050038662154f, 88
1652706556.040165, sdrt-health/mac:02010b41cdec/antenna/tag/e2806894000050038662154f, 88
1652706556.071818, sdrt-health/mac:02010b41cdec/antenna/tag/e2806894000040038662114f, 91
1652706556.07234, sdrt-health/mac:02010b41cdec/antenna/tag/e2806894000040038662114f, 91
1652706556.072657, sdrt-health/mac:02010b41cdec/antenna/tag/e2806894000050038661fd4f, 86
1652706556.087219, sdrt-health/mac:02010b41cdec/antenna/tag/e28068940000400386621d4f, 90
1652706556.119748, sdrt-health/mac:02010b41cdec/antenna/tag/e2806894000050038661fd4f, 86
1652706556.120025, sdrt-health/mac:02010b41cdec/antenna/tag/e2806894000050038662154f, 88
1652706556.139283, sdrt-health/mac:02010b41cdec/antenna/tag/e28068940000400386621d4f, 96
1652706556.168519, sdrt-health/mac:02010b41cdec/antenna/tag/e2806894000040038662114f, 85
1652706556.224641, sdrt-health/mac:02010b41cdec/antenna/tag/e2806894000050038661fd4f, 83
1652706556.225297, sdrt-health/mac:02010b41cdec/antenna/tag/e2806894000050038662154f, 85
1652706556.239546, sdrt-health/mac:02010b41cdec/antenna/tag/e2806894000050038661fd4f, 83
1652706556.247641, sdrt-health/mac:02010b41cdec/antenna/tag/e2806894000050038661fd4f, 83
1652706556.286602, sdrt-health/mac:02010b41cdec/antenna/tag/e2806894000040038662114f, 85
1652706556.326526, sdrt-health/mac:02010b41cdec/antenna/tag/e28068940000400386621d4f, 96
1652706556.366682, sdrt-health/mac:02010b41cdec/antenna/tag/e2806894000050038661fd4f, 83
1652706556.408093, sdrt-health/mac:02010b41cdec/antenna/tag/e28068940000400386621d4f, 96
1652706556.463506, sdrt-health/mac:02010b41cdec/antenna/tag/e2806894000050038662154f, 85
1652706556.464023, sdrt-health/mac:02010b41cdec/antenna/tag/e2806894000050038661fd4f, 83
1652706556.486743, sdrt-health/mac:02010b41cdec/antenna/tag/e28068940000400386621d4f, 96
1652706556.526594, sdrt-health/mac:02010b41cdec/antenna/tag/e28068940000400386621d4f, 90
1652706556.556655, sdrt-health/mac:02010b41cdec/antenna/tag/e28068940000500386620d4f, 83
1652706556.557332, sdrt-health/mac:02010b41cdec/antenna/tag/e28068940000400386621d4f, 90
1652706556.572286, sdrt-health/mac:02010b41cdec/antenna/tag/e2806894000050038661fd4f, 83
1652706556.572761, sdrt-health/mac:02010b41cdec/antenna/tag/e2806894000040038662114f, 85
1652706556.614245, sdrt-health/mac:02010b41cdec/antenna/tag/e28068940000400386621d4f, 96
1652706556.664612, sdrt-health/mac:02010b41cdec/antenna/tag/e2806894000040038662114f, 85
1652706556.723159, sdrt-health/mac:02010b41cdec/antenna/tag/e2806894000050038662194f, 81
1652706556.723678, sdrt-health/mac:02010b41cdec/antenna/tag/e2806894000050038662194f, 84
1652706556.738908, sdrt-health/mac:02010b41cdec/antenna/tag/e28068940000400386621d4f, 96
1652706556.747996, sdrt-health/mac:02010b41cdec/antenna/tag/e2806894000050038662154f, 85
1652706556.786382, sdrt-health/mac:02010b41cdec/antenna/tag/e28068940000400386621d4f, 96
1652706556.842689, sdrt-health/mac:02010b41cdec/antenna/tag/e2806894000050038662154f, 88
1652706556.843162, sdrt-health/mac:02010b41cdec/antenna/tag/e2806894000050038662154f, 88
1652706556.858457, sdrt-health/mac:02010b41cdec/antenna/tag/e28068940000500386620d4f, 81
1652706556.867742, sdrt-health/mac:02010b41cdec/antenna/tag/e2806894000050038662154f, 88
1652706556.906281, sdrt-health/mac:02010b41cdec/antenna/tag/e28068940000400386621d4f, 90
1652706556.946465, sdrt-health/mac:02010b41cdec/antenna/tag/e2806894000050038661fd4f, 86
1652706557.002638, sdrt-health/mac:02010b41cdec/antenna/tag/e2806894000040038662114f, 91
1652706557.0031, sdrt-health/mac:02010b41cdec/antenna/tag/e28068940000400386621d4f, 90
1652706557.016476, sdrt-health/mac:02010b41cdec/antenna/tag/e2806894000050038661fd4f, 86
1652706557.036515, sdrt-health/mac:02010b41cdec/antenna/tag/e28068940000400386621d4f, 90
1652706557.112894, sdrt-health/mac:02010b41cdec/antenna/tag/e2806894000050038662194f, 87
1652706557.113362, sdrt-health/mac:02010b41cdec/antenna/tag/e28068940000400386621d4f, 96
1652706557.136598, sdrt-health/mac:02010b41cdec/antenna/tag/e2806894000050038662154f, 91
1652706557.175903, sdrt-health/mac:02010b41cdec/antenna/tag/e28068940000400386621d4f, 90
1652706557.216818, sdrt-health/mac:02010b41cdec/antenna/tag/e2806894000050038661fd4f, 83
1652706557.257226, sdrt-health/mac:02010b41cdec/antenna/tag/e2806894000040038662114f, 88
1652706557.296813, sdrt-health/mac:02010b41cdec/antenna/tag/e28068940000400386621d4f, 96
1652706557.338972, sdrt-health/mac:02010b41cdec/antenna/tag/e2806894000040038662114f, 85
1652706557.392015, sdrt-health/mac:02010b41cdec/antenna/tag/e2806894000050038662194f, 83
1652706557.392481, sdrt-health/mac:02010b41cdec/antenna/tag/e28068940000400386621d4f, 96
1652706557.447606, sdrt-health/mac:02010b41cdec/antenna/tag/e2806894000050038662154f, 88
1652706557.487649, sdrt-health/mac:02010b41cdec/antenna/tag/e2806894000050038661fd4f, 86
1652706557.535669, sdrt-health/mac:02010b41cdec/antenna/tag/e2806894000040038662114f, 85
1652706557.586843, sdrt-health/mac:02010b41cdec/antenna/tag/e2806894000050038661fd4f, 83
1652706557.617259, sdrt-health/mac:02010b41cdec/antenna/tag/e2806894000040038662114f, 91
1652706557.617498, sdrt-health/mac:02010b41cdec/antenna/tag/e2806894000050038662154f, 88
1652706557.632531, sdrt-health/mac:02010b41cdec/antenna/tag/e2806894000050038661fd4f, 83
1652706557.632784, sdrt-health/mac:02010b41cdec/antenna/tag/e28068940000400386621d4f, 90
1652706557.632941, sdrt-health/mac:02010b41cdec/antenna/tag/e28068940000400386621d4f, 90
1652706557.667818, sdrt-health/mac:02010b41cdec/antenna/tag/e2806894000040038662114f, 88
1652706557.717287, sdrt-health/mac:02010b41cdec/antenna/tag/e2806894000040038662114f, 88
1652706557.747401, sdrt-health/mac:02010b41cdec/antenna/tag/e28068940000400386621d4f, 90
1652706557.747804, sdrt-health/mac:02010b41cdec/antenna/tag/e2806894000050038662154f, 88
1652706557.761768, sdrt-health/mac:02010b41cdec/antenna/tag/e2806894000040038662114f, 88
1652706557.762201, sdrt-health/mac:02010b41cdec/antenna/tag/e28068940000400386621d4f, 90
1652706557.806798, sdrt-health/mac:02010b41cdec/antenna/tag/e28068940000400386621d4f, 90
1652706557.854365, sdrt-health/mac:02010b41cdec/antenna/tag/e28068940000500386620d4f, 83
1652706557.912595, sdrt-health/mac:02010b41cdec/antenna/tag/e2806894000040038662114f, 88
1652706557.913057, sdrt-health/mac:02010b41cdec/antenna/tag/e2806894000050038661fd4f, 86
1652706557.913432, sdrt-health/mac:02010b41cdec/antenna/tag/e2806894000040038662114f, 85
1652706557.913766, sdrt-health/mac:02010b41cdec/antenna/tag/e28068940000500386620d4f, 83
1652706557.945781, sdrt-health/mac:02010b41cdec/antenna/tag/e28068940000500386620d4f, 81
1652706557.985899, sdrt-health/mac:02010b41cdec/antenna/tag/e2806894000050038661fd4f, 86
1652706558.041905, sdrt-health/mac:02010b41cdec/antenna/tag/e2806894000050038661fd4f, 86
1652706558.042393, sdrt-health/mac:02010b41cdec/antenna/tag/e28068940000500386620d4f, 83
1652706558.042735, sdrt-health/mac:02010b41cdec/antenna/tag/e2806894000050038661fd4f, 86
1652706558.057031, sdrt-health/mac:02010b41cdec/antenna/tag/e2806894000040038662114f, 85
1652706558.066515, sdrt-health/mac:02010b41cdec/antenna/tag/e2806894000050038661fd4f, 86
1652706558.117405, sdrt-health/mac:02010b41cdec/antenna/tag/e28068940000400386621d4f, 90
1652706558.171843, sdrt-health/mac:02010b41cdec/antenna/tag/e2806894000050038661fd4f, 83
1652706558.172525, sdrt-health/mac:02010b41cdec/antenna/tag/e28068940000400386621d4f, 90
1652706558.186977, sdrt-health/mac:02010b41cdec/antenna/tag/e2806894000050038661fd4f, 83
1652706558.231367, sdrt-health/mac:02010b41cdec/antenna/tag/e2806894000040038662114f, 88
1652706558.231641, sdrt-health/mac:02010b41cdec/antenna/tag/e2806894000040038662214f, 81
1652706558.256324, sdrt-health/mac:02010b41cdec/antenna/tag/e28068940000400386621d4f, 77
1652706558.313313, sdrt-health/mac:02010b41cdec/antenna/tag/e2806894000050038661fd4f, 86
1652706558.313784, sdrt-health/mac:02010b41cdec/antenna/tag/e2806894000040038662214f, 83
1652706558.329191, sdrt-health/mac:02010b41cdec/antenna/tag/e2806894000050038662154f, 85
1652706558.329472, sdrt-health/mac:02010b41cdec/antenna/tag/e2806894000050038661fd4f, 83
1652706558.345927, sdrt-health/mac:02010b41cdec/antenna/tag/e28068940000400386621d4f, 90
1652706558.401732, sdrt-health/mac:02010b41cdec/antenna/tag/e28068940000500386620d4f, 87
1652706558.402263, sdrt-health/mac:02010b41cdec/antenna/tag/e28068940000400386621d4f, 90
1652706558.416053, sdrt-health/mac:02010b41cdec/antenna/tag/e2806894000040038662114f, 88
1652706558.435732, sdrt-health/mac:02010b41cdec/antenna/tag/e2806894000050038661fd4f, 83
1652706558.486207, sdrt-health/mac:02010b41cdec/antenna/tag/e2806894000050038661fd4f, 86
1652706558.518776, sdrt-health/mac:02010b41cdec/antenna/tag/e2806894000050038662154f, 91
1652706558.519004, sdrt-health/mac:02010b41cdec/antenna/tag/e28068940000400386621d4f, 90
1652706558.533836, sdrt-health/mac:02010b41cdec/antenna/tag/e2806894000050038661fd4f, 86
1652706558.53408, sdrt-health/mac:02010b41cdec/antenna/tag/e28068940000400386621d4f, 90
1652706558.707526, sdrt-health/mac:02010b41cdec/antenna/tag/scan, scan stopped
