1652707148.67915, sdrt-health/mac:02010b41cdec/antenna/power/set, {"power": 280}
1652707149.75658, sdrt-health/mac:02010b41cdec/antenna/power/set, 
1652707153.702381, sdrt-health/mac:02010b41cdec/antenna/tag/scan, {"time": 20000}
1652707154.04429, sdrt-health/mac:02010b41cdec/antenna/tag/e28068940000400386621d4f, 77
1652707154.092034, sdrt-health/mac:02010b41cdec/antenna/tag/e2806894000040038662114f, 85
1652707154.120741, sdrt-health/mac:02010b41cdec/antenna/tag/e2806894000050038662194f, 94
1652707154.121077, sdrt-health/mac:02010b41cdec/antenna/tag/e28068940000400386621d4f, 96
1652707154.139128, sdrt-health/mac:02010b41cdec/antenna/tag/e2806894000050038662154f, 85
1652707154.178449, sdrt-health/mac:02010b41cdec/antenna/tag/e2806894000040038662114f, 85
1652707154.227253, sdrt-health/mac:02010b41cdec/antenna/tag/e28068940000400386621d4f, 96
1652707154.257742, sdrt-health/mac:02010b41cdec/antenna/tag/e28068940000500386620d4f, 87
1652707154.258022, sdrt-health/mac:02010b41cdec/antenna/tag/e2806894000050038662154f, 88
1652707154.323573, sdrt-health/mac:02010b41cdec/antenna/tag/e2806894000050038662154f, 88
1652707154.407709, sdrt-health/mac:02010b41cdec/antenna/tag/e2806894000040038662114f, 88
1652707154.436656, sdrt-health/mac:02010b41cdec/antenna/tag/e2806894000050038662194f, 81
1652707154.43687, sdrt-health/mac:02010b41cdec/antenna/tag/e2806894000040038662114f, 88
1652707154.457368, sdrt-health/mac:02010b41cdec/antenna/tag/e2806894000040038661f94f, 81
1652707154.525013, sdrt-health/mac:02010b41cdec/antenna/tag/e2806894000040038662114f, 85
1652707154.525553, sdrt-health/mac:02010b41cdec/antenna/tag/e28068940000500386620d4f, 87
1652707154.541021, sdrt-health/mac:02010b41cdec/antenna/tag/e2806894000050038662154f, 88
1652707154.568411, sdrt-health/mac:02010b41cdec/antenna/tag/e2806894000040038662114f, 88
1652707154.609252, sdrt-health/mac:02010b41cdec/antenna/tag/e28068940000500386620d4f, 83
1652707154.657604, sdrt-health/mac:02010b41cdec/antenna/tag/e2806894000040038662114f, 85
1652707154.712463, sdrt-health/mac:02010b41cdec/antenna/tag/e2806894000050038662154f, 91
1652707154.712996, sdrt-health/mac:02010b41cdec/antenna/tag/e2806894000050038662154f, 91
1652707154.738594, sdrt-health/mac:02010b41cdec/antenna/tag/e28068940000400386621d4f, 96
1652707154.803764, sdrt-health/mac:02010b41cdec/antenna/tag/e2806894000050038661fd4f, 86
1652707154.804307, sdrt-health/mac:02010b41cdec/antenna/tag/e28068940000500386620d4f, 83
1652707154.858939, sdrt-health/mac:02010b41cdec/antenna/tag/e28068940000500386620d4f, 83
1652707154.898374, sdrt-health/mac:02010b41cdec/antenna/tag/e2806894000050038661fd4f, 83
1652707154.938793, sdrt-health/mac:02010b41cdec/antenna/tag/e28068940000500386620d4f, 87
1652707154.981616, sdrt-health/mac:02010b41cdec/antenna/tag/e2806894000050038662154f, 88
1652707155.011913, sdrt-health/mac:02010b41cdec/antenna/tag/e28068940000400386621d4f, 77
1652707155.012252, sdrt-health/mac:02010b41cdec/antenna/tag/e2806894000050038661fd4f, 83
1652707155.012541, sdrt-health/mac:02010b41cdec/antenna/tag/e2806894000040038662114f, 85
1652707155.028614, sdrt-health/mac:02010b41cdec/antenna/tag/e2806894000040038662214f, 84
1652707155.068266, sdrt-health/mac:02010b41cdec/antenna/tag/e2806894000050038662154f, 85
1652707155.110243, sdrt-health/mac:02010b41cdec/antenna/tag/e2806894000050038661fd4f, 83
1652707155.166161, sdrt-health/mac:02010b41cdec/antenna/tag/e28068940000400386621d4f, 90
1652707155.166672, sdrt-health/mac:02010b41cdec/antenna/tag/e28068940000400386621d4f, 96
1652707155.185828, sdrt-health/mac:02010b41cdec/antenna/tag/e2806894000050038662154f, 88
1652707155.265039, sdrt-health/mac:02010b41cdec/antenna/tag/e28068940000500386620d4f, 83
1652707155.265495, sdrt-health/mac:02010b41cdec/antenna/tag/e2806894000050038662154f, 88
1652707155.295264, sdrt-health/mac:02010b41cdec/antenna/tag/e28068940000400386621d4f, 90
1652707155.337889, sdrt-health/mac:02010b41cdec/antenna/tag/e2806894000040038662114f, 91
1652707155.395464, sdrt-health/mac:02010b41cdec/antenna/tag/e2806894000040038662114f, 91
1652707155.395952, sdrt-health/mac:02010b41cdec/antenna/tag/e28068940000400386621d4f, 96
1652707155.410034, sdrt-health/mac:02010b41cdec/antenna/tag/e2806894000050038661fd4f, 86
1652707155.417526, sdrt-health/mac:02010b41cdec/antenna/tag/e2806894000050038662154f, 88
1652707155.423863, sdrt-health/mac:02010b41cdec/antenna/tag/e2806894000040038662114f, 91
1652707155.482322, sdrt-health/mac:02010b41cdec/antenna/tag/e2806894000050038661fd4f, 83
1652707155.558824, sdrt-health/mac:02010b41cdec/antenna/tag/e28068940000500386620d4f, 83
1652707155.598786, sdrt-health/mac:02010b41cdec/antenna/tag/e2806894000050038662154f, 91
1652707155.638149, sdrt-health/mac:02010b41cdec/antenna/tag/e2806894000040038662114f, 88
1652707155.694081, sdrt-health/mac:02010b41cdec/antenna/tag/e28068940000500386620d4f, 81
1652707155.694505, sdrt-health/mac:02010b41cdec/antenna/tag/e2806894000050038662154f, 88
1652707155.708897, sdrt-health/mac:02010b41cdec/antenna/tag/e2806894000050038662154f, 88
1652707155.728512, sdrt-health/mac:02010b41cdec/antenna/tag/e28068940000500386620d4f, 87
1652707155.770899, sdrt-health/mac:02010b41cdec/antenna/tag/e28068940000500386620d4f, 83
1652707155.824826, sdrt-health/mac:02010b41cdec/antenna/tag/e2806894000050038661fd4f, 83
1652707155.825152, sdrt-health/mac:02010b41cdec/antenna/tag/e2806894000040038662114f, 85
1652707155.839671, sdrt-health/mac:02010b41cdec/antenna/tag/e28068940000400386621d4f, 96
1652707155.877645, sdrt-health/mac:02010b41cdec/antenna/tag/e2806894000050038661fd4f, 83
1652707155.919549, sdrt-health/mac:02010b41cdec/antenna/tag/e2806894000050038662154f, 88
1652707155.973146, sdrt-health/mac:02010b41cdec/antenna/tag/e28068940000400386621d4f, 77
1652707155.973617, sdrt-health/mac:02010b41cdec/antenna/tag/e28068940000400386621d4f, 77
1652707155.998462, sdrt-health/mac:02010b41cdec/antenna/tag/e28068940000400386621d4f, 90
1652707156.05892, sdrt-health/mac:02010b41cdec/antenna/tag/e2806894000050038661fd4f, 83
1652707156.059473, sdrt-health/mac:02010b41cdec/antenna/tag/e28068940000400386621d4f, 90
1652707156.079598, sdrt-health/mac:02010b41cdec/antenna/tag/e2806894000050038662154f, 88
1652707156.080007, sdrt-health/mac:02010b41cdec/antenna/tag/e28068940000500386620d4f, 93
1652707156.080444, sdrt-health/mac:02010b41cdec/antenna/tag/e2806894000040038662114f, 88
1652707156.118561, sdrt-health/mac:02010b41cdec/antenna/tag/e2806894000040038662114f, 88
1652707156.177243, sdrt-health/mac:02010b41cdec/antenna/tag/e2806894000050038661fd4f, 86
1652707156.233144, sdrt-health/mac:02010b41cdec/antenna/tag/e28068940000400386621d4f, 90
1652707156.233507, sdrt-health/mac:02010b41cdec/antenna/tag/e2806894000050038661fd4f, 86
1652707156.246886, sdrt-health/mac:02010b41cdec/antenna/tag/e28068940000500386620d4f, 94
1652707156.282955, sdrt-health/mac:02010b41cdec/antenna/tag/e2806894000050038662154f, 91
1652707156.283266, sdrt-health/mac:02010b41cdec/antenna/tag/e2806894000050038662154f, 91
1652707156.309407, sdrt-health/mac:02010b41cdec/antenna/tag/e2806894000050038662154f, 91
1652707156.362874, sdrt-health/mac:02010b41cdec/antenna/tag/e28068940000400386621d4f, 90
1652707156.363235, sdrt-health/mac:02010b41cdec/antenna/tag/e2806894000040038662114f, 85
1652707156.400437, sdrt-health/mac:02010b41cdec/antenna/tag/e2806894000050038662154f, 85
1652707156.44815, sdrt-health/mac:02010b41cdec/antenna/tag/e2806894000050038662154f, 88
1652707156.488646, sdrt-health/mac:02010b41cdec/antenna/tag/e2806894000050038661fd4f, 83
1652707156.517828, sdrt-health/mac:02010b41cdec/antenna/tag/e2806894000050038661fd4f, 83
1652707156.518094, sdrt-health/mac:02010b41cdec/antenna/tag/e28068940000400386621d4f, 96
1652707156.531344, sdrt-health/mac:02010b41cdec/antenna/tag/e2806894000050038661fd4f, 86
1652707156.531643, sdrt-health/mac:02010b41cdec/antenna/tag/e28068940000400386621d4f, 90
1652707156.586362, sdrt-health/mac:02010b41cdec/antenna/tag/e2806894000040038662114f, 85
1652707156.645975, sdrt-health/mac:02010b41cdec/antenna/tag/e2806894000050038662154f, 91
1652707156.646455, sdrt-health/mac:02010b41cdec/antenna/tag/e28068940000500386620d4f, 83
1652707156.662029, sdrt-health/mac:02010b41cdec/antenna/tag/e2806894000050038661fd4f, 86
1652707156.677416, sdrt-health/mac:02010b41cdec/antenna/tag/e2806894000050038661fd4f, 86
1652707156.67803, sdrt-health/mac:02010b41cdec/antenna/tag/e2806894000050038662154f, 91
1652707156.67842, sdrt-health/mac:02010b41cdec/antenna/tag/e28068940000400386621d4f, 90
1652707156.718159, sdrt-health/mac:02010b41cdec/antenna/tag/e2806894000040038662114f, 88
1652707156.780444, sdrt-health/mac:02010b41cdec/antenna/tag/e2806894000040038662114f, 85
1652707156.818014, sdrt-health/mac:02010b41cdec/antenna/tag/e28068940000500386620d4f, 81
1652707156.917947, sdrt-health/mac:02010b41cdec/antenna/tag/e28068940000500386620d4f, 81
1652707156.957718, sdrt-health/mac:02010b41cdec/antenna/tag/e28068940000400386621d4f, 96
1652707156.998111, sdrt-health/mac:02010b41cdec/antenna/tag/e2806894000040038662114f, 85
1652707157.038991, sdrt-health/mac:02010b41cdec/antenna/tag/e2806894000040038662114f, 88
1652707157.086438, sdrt-health/mac:02010b41cdec/antenna/tag/e2806894000050038661fd4f, 83
1652707157.152631, sdrt-health/mac:02010b41cdec/antenna/tag/e28068940000400386621d4f, 90
1652707157.153139, sdrt-health/mac:02010b41cdec/antenna/tag/e2806894000050038661fd4f, 83
1652707157.179457, sdrt-health/mac:02010b41cdec/antenna/tag/e2806894000050038661fd4f, 86
1652707157.240598, sdrt-health/mac:02010b41cdec/antenna/tag/e2806894000050038661fd4f, 86
1652707157.241053, sdrt-health/mac:02010b41cdec/antenna/tag/e28068940000500386620d4f, 87
1652707157.269786, sdrt-health/mac:02010b41cdec/antenna/tag/e28068940000400386621d4f, 96
1652707157.317449, sdrt-health/mac:02010b41cdec/antenna/tag/e28068940000400386621d4f, 96
1652707157.384145, sdrt-health/mac:02010b41cdec/antenna/tag/e2806894000040038662114f, 91
1652707157.384681, sdrt-health/mac:02010b41cdec/antenna/tag/e28068940000400386621d4f, 96
1652707157.417201, sdrt-health/mac:02010b41cdec/antenna/tag/e2806894000050038661fd4f, 86
1652707157.476592, sdrt-health/mac:02010b41cdec/antenna/tag/e28068940000400386621d4f, 77
1652707157.51033, sdrt-health/mac:02010b41cdec/antenna/tag/e2806894000050038662194f, 88
1652707157.510803, sdrt-health/mac:02010b41cdec/antenna/tag/e2806894000050038662154f, 85
1652707157.524431, sdrt-health/mac:02010b41cdec/antenna/tag/e28068940000400386621d4f, 96
1652707157.524945, sdrt-health/mac:02010b41cdec/antenna/tag/e2806894000050038662154f, 88
1652707157.563502, sdrt-health/mac:02010b41cdec/antenna/tag/e2806894000040038662114f, 88
1652707157.616397, sdrt-health/mac:02010b41cdec/antenna/tag/e2806894000050038662154f, 88
1652707157.680237, sdrt-health/mac:02010b41cdec/antenna/tag/e2806894000050038661fd4f, 86
1652707157.68074, sdrt-health/mac:02010b41cdec/antenna/tag/e28068940000400386621d4f, 96
1652707157.695776, sdrt-health/mac:02010b41cdec/antenna/tag/e2806894000050038661fd4f, 86
1652707157.708658, sdrt-health/mac:02010b41cdec/antenna/tag/e28068940000400386621d4f, 90
1652707157.711642, sdrt-health/mac:02010b41cdec/antenna/tag/e2806894000050038661fd4f, 83
1652707157.711987, sdrt-health/mac:02010b41cdec/antenna/tag/e2806894000050038662154f, 88
1652707157.748097, sdrt-health/mac:02010b41cdec/antenna/tag/e28068940000500386620d4f, 81
1652707157.78878, sdrt-health/mac:02010b41cdec/antenna/tag/e2806894000050038661fd4f, 83
1652707157.828032, sdrt-health/mac:02010b41cdec/antenna/tag/e2806894000050038661fd4f, 83
1652707157.884806, sdrt-health/mac:02010b41cdec/antenna/tag/e2806894000040038662114f, 88
1652707157.88525, sdrt-health/mac:02010b41cdec/antenna/tag/e2806894000040038662114f, 88
1652707157.929216, sdrt-health/mac:02010b41cdec/antenna/tag/e2806894000040038662114f, 85
1652707157.96892, sdrt-health/mac:02010b41cdec/antenna/tag/e28068940000400386621d4f, 96
1652707157.997062, sdrt-health/mac:02010b41cdec/antenna/tag/e28068940000400386621d4f, 96
1652707157.997407, sdrt-health/mac:02010b41cdec/antenna/tag/e2806894000050038662194f, 81
1652707158.011916, sdrt-health/mac:02010b41cdec/antenna/tag/e2806894000050038662154f, 88
1652707158.077344, sdrt-health/mac:02010b41cdec/antenna/tag/e2806894000050038662154f, 85
1652707158.126539, sdrt-health/mac:02010b41cdec/antenna/tag/e2806894000050038662154f, 85
1652707158.168894, sdrt-health/mac:02010b41cdec/antenna/tag/e2806894000050038661fd4f, 83
1652707158.208295, sdrt-health/mac:02010b41cdec/antenna/tag/e2806894000040038662114f, 88
1652707158.248227, sdrt-health/mac:02010b41cdec/antenna/tag/e2806894000050038661fd4f, 83
1652707158.287196, sdrt-health/mac:02010b41cdec/antenna/tag/e28068940000400386621d4f, 96
1652707158.32919, sdrt-health/mac:02010b41cdec/antenna/tag/e2806894000050038662194f, 81
1652707158.377263, sdrt-health/mac:02010b41cdec/antenna/tag/e2806894000040038662054f, 84
1652707158.43596, sdrt-health/mac:02010b41cdec/antenna/tag/e2806894000050038662154f, 85
1652707158.436414, sdrt-health/mac:02010b41cdec/antenna/tag/e28068940000500386620d4f, 81
1652707158.45484, sdrt-health/mac:02010b41cdec/antenna/tag/e2806894000040038662114f, 85
1652707158.455104, sdrt-health/mac:02010b41cdec/antenna/tag/e28068940000500386620d4f, 81
1652707158.459902, sdrt-health/mac:02010b41cdec/antenna/tag/e2806894000050038662194f, 81
1652707158.517859, sdrt-health/mac:02010b41cdec/antenna/tag/e2806894000050038662154f, 85
1652707158.576528, sdrt-health/mac:02010b41cdec/antenna/tag/e2806894000040038662114f, 85
1652707158.577101, sdrt-health/mac:02010b41cdec/antenna/tag/e2806894000050038662154f, 88
1652707158.591863, sdrt-health/mac:02010b41cdec/antenna/tag/e2806894000040038662114f, 88
1652707158.609328, sdrt-health/mac:02010b41cdec/antenna/tag/e28068940000400386621d4f, 96
1652707158.666995, sdrt-health/mac:02010b41cdec/antenna/tag/e2806894000050038661fd4f, 83
1652707158.734974, sdrt-health/mac:02010b41cdec/antenna/tag/e2806894000050038662194f, 88
1652707158.73548, sdrt-health/mac:02010b41cdec/antenna/tag/e2806894000040038662114f, 91
1652707158.752738, sdrt-health/mac:02010b41cdec/antenna/tag/e28068940000400386621d4f, 90
1652707158.785818, sdrt-health/mac:02010b41cdec/antenna/tag/e2806894000040038662114f, 88
1652707158.786225, sdrt-health/mac:02010b41cdec/antenna/tag/e2806894000050038662154f, 88
1652707158.801775, sdrt-health/mac:02010b41cdec/antenna/tag/e2806894000050038661fd4f, 83
1652707158.847248, sdrt-health/mac:02010b41cdec/antenna/tag/e2806894000050038662154f, 88
1652707158.924573, sdrt-health/mac:02010b41cdec/antenna/tag/e2806894000040038662114f, 91
1652707158.95739, sdrt-health/mac:02010b41cdec/antenna/tag/e2806894000050038662194f, 81
1652707158.957834, sdrt-health/mac:02010b41cdec/antenna/tag/e28068940000400386621d4f, 96
1652707158.971242, sdrt-health/mac:02010b41cdec/antenna/tag/e2806894000050038662154f, 88
1652707158.971486, sdrt-health/mac:02010b41cdec/antenna/tag/e2806894000050038661fd4f, 86
1652707158.971606, sdrt-health/mac:02010b41cdec/antenna/tag/e2806894000050038662194f, 94
1652707158.971733, sdrt-health/mac:02010b41cdec/antenna/tag/e28068940000400386621d4f, 90
1652707159.009599, sdrt-health/mac:02010b41cdec/antenna/tag/e28068940000400386621d4f, 77
1652707159.058412, sdrt-health/mac:02010b41cdec/antenna/tag/e2806894000050038661fd4f, 83
1652707159.087557, sdrt-health/mac:02010b41cdec/antenna/tag/e2806894000050038662154f, 85
1652707159.087948, sdrt-health/mac:02010b41cdec/antenna/tag/e2806894000050038661fd4f, 83
1652707159.106457, sdrt-health/mac:02010b41cdec/antenna/tag/e2806894000050038662194f, 94
1652707159.156792, sdrt-health/mac:02010b41cdec/antenna/tag/e2806894000050038661fd4f, 86
1652707159.187673, sdrt-health/mac:02010b41cdec/antenna/tag/e2806894000040038661f94f, 88
1652707159.187916, sdrt-health/mac:02010b41cdec/antenna/tag/e2806894000040038662114f, 88
1652707159.188077, sdrt-health/mac:02010b41cdec/antenna/tag/e2806894000050038662154f, 91
1652707159.20805, sdrt-health/mac:02010b41cdec/antenna/tag/e2806894000050038661fd4f, 86
1652707159.239203, sdrt-health/mac:02010b41cdec/antenna/tag/e2806894000040038662114f, 88
1652707159.239522, sdrt-health/mac:02010b41cdec/antenna/tag/e2806894000050038662154f, 88
1652707159.239745, sdrt-health/mac:02010b41cdec/antenna/tag/e2806894000040038662114f, 88
1652707159.259143, sdrt-health/mac:02010b41cdec/antenna/tag/e28068940000400386621d4f, 90
1652707159.291383, sdrt-health/mac:02010b41cdec/antenna/tag/e2806894000050038661fd4f, 86
1652707159.346527, sdrt-health/mac:02010b41cdec/antenna/tag/e28068940000400386621d4f, 90
1652707159.404333, sdrt-health/mac:02010b41cdec/antenna/tag/e2806894000050038661fd4f, 86
1652707159.404828, sdrt-health/mac:02010b41cdec/antenna/tag/e28068940000400386621d4f, 96
1652707159.420178, sdrt-health/mac:02010b41cdec/antenna/tag/e2806894000050038662194f, 88
1652707159.429371, sdrt-health/mac:02010b41cdec/antenna/tag/e2806894000050038661fd4f, 83
1652707159.436528, sdrt-health/mac:02010b41cdec/antenna/tag/e2806894000050038662154f, 88
1652707159.468892, sdrt-health/mac:02010b41cdec/antenna/tag/e2806894000040038662114f, 88
1652707159.534806, sdrt-health/mac:02010b41cdec/antenna/tag/e2806894000050038662154f, 88
1652707159.535288, sdrt-health/mac:02010b41cdec/antenna/tag/e2806894000050038662154f, 85
1652707159.549547, sdrt-health/mac:02010b41cdec/antenna/tag/e2806894000050038662194f, 94
1652707159.559243, sdrt-health/mac:02010b41cdec/antenna/tag/e28068940000400386621d4f, 96
1652707159.563982, sdrt-health/mac:02010b41cdec/antenna/tag/e2806894000050038662154f, 88
1652707159.564222, sdrt-health/mac:02010b41cdec/antenna/tag/e2806894000050038661fd4f, 83
1652707159.609916, sdrt-health/mac:02010b41cdec/antenna/tag/e28068940000400386621d4f, 96
1652707159.659006, sdrt-health/mac:02010b41cdec/antenna/tag/e28068940000400386621d4f, 96
1652707159.714174, sdrt-health/mac:02010b41cdec/antenna/tag/e2806894000050038661fd4f, 83
1652707159.714661, sdrt-health/mac:02010b41cdec/antenna/tag/e28068940000400386621d4f, 96
1652707159.7394, sdrt-health/mac:02010b41cdec/antenna/tag/e2806894000050038662154f, 85
1652707159.779659, sdrt-health/mac:02010b41cdec/antenna/tag/e28068940000400386621d4f, 96
1652707159.832902, sdrt-health/mac:02010b41cdec/antenna/tag/e28068940000500386620d4f, 83
1652707159.885304, sdrt-health/mac:02010b41cdec/antenna/tag/e28068940000500386620d4f, 83
1652707159.885764, sdrt-health/mac:02010b41cdec/antenna/tag/e28068940000400386621d4f, 96
1652707159.909255, sdrt-health/mac:02010b41cdec/antenna/tag/e28068940000400386621d4f, 96
1652707159.98211, sdrt-health/mac:02010b41cdec/antenna/tag/e2806894000040038662114f, 93
1652707159.982341, sdrt-health/mac:02010b41cdec/antenna/tag/e2806894000040038662114f, 85
1652707160.036743, sdrt-health/mac:02010b41cdec/antenna/tag/e2806894000050038661fd4f, 86
1652707160.080764, sdrt-health/mac:02010b41cdec/antenna/tag/e2806894000050038661fd4f, 90
1652707160.133743, sdrt-health/mac:02010b41cdec/antenna/tag/e28068940000500386620d4f, 81
1652707160.134181, sdrt-health/mac:02010b41cdec/antenna/tag/e28068940000400386621d4f, 96
1652707160.150025, sdrt-health/mac:02010b41cdec/antenna/tag/e2806894000040038662114f, 85
1652707160.158332, sdrt-health/mac:02010b41cdec/antenna/tag/e2806894000040038662114f, 91
1652707160.198216, sdrt-health/mac:02010b41cdec/antenna/tag/e28068940000400386621d4f, 90
1652707160.262924, sdrt-health/mac:02010b41cdec/antenna/tag/e2806894000040038662114f, 91
1652707160.263421, sdrt-health/mac:02010b41cdec/antenna/tag/e2806894000050038662154f, 85
1652707160.309509, sdrt-health/mac:02010b41cdec/antenna/tag/e2806894000050038661fd4f, 86
1652707160.310119, sdrt-health/mac:02010b41cdec/antenna/tag/e28068940000400386621d4f, 90
1652707160.310585, sdrt-health/mac:02010b41cdec/antenna/tag/e2806894000050038661fd4f, 86
1652707160.328282, sdrt-health/mac:02010b41cdec/antenna/tag/e2806894000050038662154f, 91
1652707160.391752, sdrt-health/mac:02010b41cdec/antenna/tag/e2806894000050038662154f, 88
1652707160.392218, sdrt-health/mac:02010b41cdec/antenna/tag/e28068940000400386621d4f, 96
1652707160.40591, sdrt-health/mac:02010b41cdec/antenna/tag/e2806894000040038662114f, 88
1652707160.417539, sdrt-health/mac:02010b41cdec/antenna/tag/e2806894000050038661fd4f, 83
1652707160.458511, sdrt-health/mac:02010b41cdec/antenna/tag/e2806894000040038662114f, 88
1652707160.506525, sdrt-health/mac:02010b41cdec/antenna/tag/e28068940000400386621d4f, 90
1652707160.570966, sdrt-health/mac:02010b41cdec/antenna/tag/e28068940000500386620d4f, 93
1652707160.571435, sdrt-health/mac:02010b41cdec/antenna/tag/e28068940000500386620d4f, 83
1652707160.57181, sdrt-health/mac:02010b41cdec/antenna/tag/e2806894000040038662114f, 88
1652707160.609194, sdrt-health/mac:02010b41cdec/antenna/tag/e2806894000050038662154f, 85
1652707160.659025, sdrt-health/mac:02010b41cdec/antenna/tag/e2806894000050038662194f, 94
1652707160.698552, sdrt-health/mac:02010b41cdec/antenna/tag/e2806894000050038661fd4f, 83
1652707160.757279, sdrt-health/mac:02010b41cdec/antenna/tag/e28068940000400386621d4f, 96
1652707160.757718, sdrt-health/mac:02010b41cdec/antenna/tag/e2806894000050038661fd4f, 83
1652707160.772477, sdrt-health/mac:02010b41cdec/antenna/tag/e28068940000500386620d4f, 87
1652707160.809681, sdrt-health/mac:02010b41cdec/antenna/tag/e2806894000050038662194f, 81
1652707160.858897, sdrt-health/mac:02010b41cdec/antenna/tag/e2806894000050038662194f, 88
1652707160.922675, sdrt-health/mac:02010b41cdec/antenna/tag/e2806894000050038662154f, 88
1652707160.923161, sdrt-health/mac:02010b41cdec/antenna/tag/e2806894000040038662114f, 88
1652707160.945069, sdrt-health/mac:02010b41cdec/antenna/tag/e2806894000040038662114f, 85
1652707160.987678, sdrt-health/mac:02010b41cdec/antenna/tag/e28068940000500386620d4f, 83
1652707161.061271, sdrt-health/mac:02010b41cdec/antenna/tag/e2806894000040038662114f, 85
1652707161.061784, sdrt-health/mac:02010b41cdec/antenna/tag/e28068940000400386621d4f, 90
1652707161.080744, sdrt-health/mac:02010b41cdec/antenna/tag/e2806894000050038662154f, 91
1652707161.135603, sdrt-health/mac:02010b41cdec/antenna/tag/e2806894000050038662154f, 91
1652707161.136023, sdrt-health/mac:02010b41cdec/antenna/tag/e28068940000400386621d4f, 90
1652707161.151343, sdrt-health/mac:02010b41cdec/antenna/tag/e2806894000040038662114f, 88
1652707161.159458, sdrt-health/mac:02010b41cdec/antenna/tag/e28068940000500386620d4f, 81
1652707161.198458, sdrt-health/mac:02010b41cdec/antenna/tag/e28068940000500386620d4f, 81
1652707161.263283, sdrt-health/mac:02010b41cdec/antenna/tag/e2806894000040038662114f, 88
1652707161.263701, sdrt-health/mac:02010b41cdec/antenna/tag/e2806894000050038662154f, 88
1652707161.277343, sdrt-health/mac:02010b41cdec/antenna/tag/e28068940000500386620d4f, 81
1652707161.319659, sdrt-health/mac:02010b41cdec/antenna/tag/e28068940000400386621d4f, 90
1652707161.319899, sdrt-health/mac:02010b41cdec/antenna/tag/e28068940000500386620d4f, 88
1652707161.335406, sdrt-health/mac:02010b41cdec/antenna/tag/e28068940000400386621d4f, 96
1652707161.347709, sdrt-health/mac:02010b41cdec/antenna/tag/e28068940000400386621d4f, 90
1652707161.350389, sdrt-health/mac:02010b41cdec/antenna/tag/e28068940000400386621d4f, 90
1652707161.397627, sdrt-health/mac:02010b41cdec/antenna/tag/e28068940000500386620d4f, 83
1652707161.460311, sdrt-health/mac:02010b41cdec/antenna/tag/e2806894000040038662114f, 88
1652707161.46088, sdrt-health/mac:02010b41cdec/antenna/tag/e28068940000400386621d4f, 90
1652707161.476082, sdrt-health/mac:02010b41cdec/antenna/tag/e2806894000050038662154f, 85
1652707161.509554, sdrt-health/mac:02010b41cdec/antenna/tag/e2806894000050038662154f, 88
1652707161.509983, sdrt-health/mac:02010b41cdec/antenna/tag/e28068940000400386621d4f, 77
1652707161.530198, sdrt-health/mac:02010b41cdec/antenna/tag/e2806894000050038661fd4f, 83
1652707161.55946, sdrt-health/mac:02010b41cdec/antenna/tag/e28068940000400386621d4f, 77
1652707161.559761, sdrt-health/mac:02010b41cdec/antenna/tag/e2806894000040038662114f, 85
1652707161.586788, sdrt-health/mac:02010b41cdec/antenna/tag/e2806894000050038662154f, 88
1652707161.620343, sdrt-health/mac:02010b41cdec/antenna/tag/e28068940000400386621d4f, 90
1652707161.668968, sdrt-health/mac:02010b41cdec/antenna/tag/e28068940000400386621d4f, 96
1652707161.716778, sdrt-health/mac:02010b41cdec/antenna/tag/e2806894000050038661fd4f, 86
1652707161.766311, sdrt-health/mac:02010b41cdec/antenna/tag/e2806894000050038662154f, 88
1652707161.823386, sdrt-health/mac:02010b41cdec/antenna/tag/e2806894000050038661fd4f, 86
1652707161.823869, sdrt-health/mac:02010b41cdec/antenna/tag/e2806894000040038662114f, 91
1652707161.838528, sdrt-health/mac:02010b41cdec/antenna/tag/e28068940000400386621d4f, 86
1652707161.839719, sdrt-health/mac:02010b41cdec/antenna/tag/e2806894000050038661fd4f, 86
1652707161.859568, sdrt-health/mac:02010b41cdec/antenna/tag/e2806894000050038661fd4f, 86
1652707161.891333, sdrt-health/mac:02010b41cdec/antenna/tag/e2806894000040038662114f, 88
1652707161.891701, sdrt-health/mac:02010b41cdec/antenna/tag/e28068940000400386621d4f, 90
1652707161.907829, sdrt-health/mac:02010b41cdec/antenna/tag/e2806894000050038661fd4f, 86
1652707161.991731, sdrt-health/mac:02010b41cdec/antenna/tag/e2806894000040038662114f, 88
1652707161.992231, sdrt-health/mac:02010b41cdec/antenna/tag/e2806894000050038662154f, 85
1652707162.027684, sdrt-health/mac:02010b41cdec/antenna/tag/e28068940000400386621d4f, 96
1652707162.068587, sdrt-health/mac:02010b41cdec/antenna/tag/e2806894000050038662154f, 85
1652707162.110502, sdrt-health/mac:02010b41cdec/antenna/tag/e28068940000400386621d4f, 96
1652707162.164923, sdrt-health/mac:02010b41cdec/antenna/tag/e28068940000400386621d4f, 96
1652707162.165434, sdrt-health/mac:02010b41cdec/antenna/tag/e2806894000050038661fd4f, 83
1652707162.181311, sdrt-health/mac:02010b41cdec/antenna/tag/e28068940000500386620d4f, 83
1652707162.188569, sdrt-health/mac:02010b41cdec/antenna/tag/e28068940000500386620d4f, 87
1652707162.197818, sdrt-health/mac:02010b41cdec/antenna/tag/e2806894000050038662154f, 91
1652707162.246232, sdrt-health/mac:02010b41cdec/antenna/tag/e28068940000500386620d4f, 87
1652707162.288761, sdrt-health/mac:02010b41cdec/antenna/tag/e28068940000500386620d4f, 83
1652707162.343576, sdrt-health/mac:02010b41cdec/antenna/tag/e2806894000050038661fd4f, 83
1652707162.344289, sdrt-health/mac:02010b41cdec/antenna/tag/e2806894000040038662114f, 85
1652707162.357361, sdrt-health/mac:02010b41cdec/antenna/tag/e28068940000500386620d4f, 81
1652707162.398133, sdrt-health/mac:02010b41cdec/antenna/tag/e2806894000040038662114f, 85
1652707162.441325, sdrt-health/mac:02010b41cdec/antenna/tag/e2806894000050038662154f, 85
1652707162.493302, sdrt-health/mac:02010b41cdec/antenna/tag/e28068940000500386620d4f, 81
1652707162.493806, sdrt-health/mac:02010b41cdec/antenna/tag/e2806894000050038661fd4f, 83
1652707162.529089, sdrt-health/mac:02010b41cdec/antenna/tag/e2806894000050038661fd4f, 83
1652707162.591959, sdrt-health/mac:02010b41cdec/antenna/tag/e28068940000500386620d4f, 87
1652707162.592473, sdrt-health/mac:02010b41cdec/antenna/tag/e2806894000050038661fd4f, 83
1652707162.607726, sdrt-health/mac:02010b41cdec/antenna/tag/e28068940000500386620d4f, 83
1652707162.665319, sdrt-health/mac:02010b41cdec/antenna/tag/e28068940000500386620d4f, 87
1652707162.665787, sdrt-health/mac:02010b41cdec/antenna/tag/e28068940000400386621d4f, 90
1652707162.698939, sdrt-health/mac:02010b41cdec/antenna/tag/e28068940000500386620d4f, 83
1652707162.778197, sdrt-health/mac:02010b41cdec/antenna/tag/e2806894000050038662154f, 88
1652707162.828738, sdrt-health/mac:02010b41cdec/antenna/tag/e2806894000050038661fd4f, 83
1652707162.869018, sdrt-health/mac:02010b41cdec/antenna/tag/e28068940000500386620d4f, 81
1652707162.91165, sdrt-health/mac:02010b41cdec/antenna/tag/e28068940000400386621d4f, 96
1652707162.964728, sdrt-health/mac:02010b41cdec/antenna/tag/e2806894000050038662154f, 85
1652707162.96528, sdrt-health/mac:02010b41cdec/antenna/tag/e2806894000040038662114f, 85
1652707162.987898, sdrt-health/mac:02010b41cdec/antenna/tag/e2806894000050038662194f, 84
1652707163.062848, sdrt-health/mac:02010b41cdec/antenna/tag/e28068940000400386621d4f, 96
1652707163.0634, sdrt-health/mac:02010b41cdec/antenna/tag/e2806894000040038662114f, 88
1652707163.097261, sdrt-health/mac:02010b41cdec/antenna/tag/e2806894000050038662154f, 88
1652707163.126598, sdrt-health/mac:02010b41cdec/antenna/tag/e2806894000050038661fd4f, 86
1652707163.126996, sdrt-health/mac:02010b41cdec/antenna/tag/e2806894000050038662154f, 88
1652707163.148295, sdrt-health/mac:02010b41cdec/antenna/tag/e28068940000400386621d4f, 96
1652707163.188526, sdrt-health/mac:02010b41cdec/antenna/tag/e2806894000050038662154f, 88
1652707163.22958, sdrt-health/mac:02010b41cdec/antenna/tag/e2806894000050038661fd4f, 86
1652707163.262886, sdrt-health/mac:02010b41cdec/antenna/tag/e2806894000050038662154f, 88
1652707163.263216, sdrt-health/mac:02010b41cdec/antenna/tag/e2806894000050038661fd4f, 86
1652707163.278862, sdrt-health/mac:02010b41cdec/antenna/tag/e28068940000400386621d4f, 77
1652707163.336005, sdrt-health/mac:02010b41cdec/antenna/tag/e28068940000500386620d4f, 94
1652707163.379358, sdrt-health/mac:02010b41cdec/antenna/tag/e28068940000500386620d4f, 81
1652707163.434658, sdrt-health/mac:02010b41cdec/antenna/tag/e28068940000400386621d4f, 77
1652707163.435145, sdrt-health/mac:02010b41cdec/antenna/tag/e2806894000040038662114f, 85
1652707163.449172, sdrt-health/mac:02010b41cdec/antenna/tag/e2806894000050038661fd4f, 83
1652707163.458492, sdrt-health/mac:02010b41cdec/antenna/tag/e28068940000400386621d4f, 96
1652707163.507134, sdrt-health/mac:02010b41cdec/antenna/tag/e2806894000040038662114f, 85
1652707163.575445, sdrt-health/mac:02010b41cdec/antenna/tag/e28068940000400386621d4f, 96
1652707163.575944, sdrt-health/mac:02010b41cdec/antenna/tag/e28068940000400386621d4f, 96
1652707163.590571, sdrt-health/mac:02010b41cdec/antenna/tag/e28068940000400386621d4f, 90
1652707163.60014, sdrt-health/mac:02010b41cdec/antenna/tag/e2806894000050038662154f, 91
1652707163.605892, sdrt-health/mac:02010b41cdec/antenna/tag/e2806894000050038661fd4f, 83
1652707163.648347, sdrt-health/mac:02010b41cdec/antenna/tag/e2806894000040038662114f, 88
1652707163.696491, sdrt-health/mac:02010b41cdec/antenna/tag/e2806894000040038662114f, 85
1652707163.752473, sdrt-health/mac:02010b41cdec/antenna/tag/e28068940000400386621d4f, 96
1652707163.752839, sdrt-health/mac:02010b41cdec/antenna/tag/e28068940000400386621d4f, 90
1652707163.766711, sdrt-health/mac:02010b41cdec/antenna/tag/e2806894000040038662114f, 88
1652707163.779439, sdrt-health/mac:02010b41cdec/antenna/tag/e2806894000050038661fd4f, 86
1652707163.818306, sdrt-health/mac:02010b41cdec/antenna/tag/e2806894000050038661fd4f, 83
1652707163.872549, sdrt-health/mac:02010b41cdec/antenna/tag/e28068940000400386621d4f, 90
1652707163.873052, sdrt-health/mac:02010b41cdec/antenna/tag/e2806894000050038661fd4f, 86
1652707163.927644, sdrt-health/mac:02010b41cdec/antenna/tag/e2806894000040038662054f, 88
1652707164.029833, sdrt-health/mac:02010b41cdec/antenna/tag/e28068940000400386621d4f, 77
1652707164.0588, sdrt-health/mac:02010b41cdec/antenna/tag/e2806894000050038662154f, 85
1652707164.058982, sdrt-health/mac:02010b41cdec/antenna/tag/e2806894000040038662114f, 85
1652707164.07745, sdrt-health/mac:02010b41cdec/antenna/tag/e28068940000400386621d4f, 77
1652707164.107008, sdrt-health/mac:02010b41cdec/antenna/tag/e2806894000050038661fd4f, 83
1652707164.107442, sdrt-health/mac:02010b41cdec/antenna/tag/e2806894000050038662194f, 94
1652707164.107711, sdrt-health/mac:02010b41cdec/antenna/tag/e2806894000050038662154f, 88
1652707164.121352, sdrt-health/mac:02010b41cdec/antenna/tag/e2806894000040038662114f, 88
1652707164.121682, sdrt-health/mac:02010b41cdec/antenna/tag/e2806894000050038661fd4f, 83
1652707164.121924, sdrt-health/mac:02010b41cdec/antenna/tag/e2806894000040038662114f, 91
1652707164.178107, sdrt-health/mac:02010b41cdec/antenna/tag/e2806894000040038661f94f, 81
1652707164.218632, sdrt-health/mac:02010b41cdec/antenna/tag/e2806894000050038662154f, 85
1652707164.25921, sdrt-health/mac:02010b41cdec/antenna/tag/e2806894000050038661fd4f, 83
1652707164.307743, sdrt-health/mac:02010b41cdec/antenna/tag/e2806894000040038662114f, 91
1652707164.356613, sdrt-health/mac:02010b41cdec/antenna/tag/e2806894000040038662114f, 88
1652707164.397292, sdrt-health/mac:02010b41cdec/antenna/tag/e28068940000400386621d4f, 96
1652707164.439435, sdrt-health/mac:02010b41cdec/antenna/tag/e2806894000050038662194f, 81
1652707164.4865, sdrt-health/mac:02010b41cdec/antenna/tag/e2806894000050038662194f, 84
1652707164.519315, sdrt-health/mac:02010b41cdec/antenna/tag/e2806894000050038662194f, 84
1652707164.51983, sdrt-health/mac:02010b41cdec/antenna/tag/e28068940000400386621d4f, 96
1652707164.53466, sdrt-health/mac:02010b41cdec/antenna/tag/e28068940000400386621d4f, 96
1652707164.535647, sdrt-health/mac:02010b41cdec/antenna/tag/e2806894000050038662194f, 84
1652707164.53585, sdrt-health/mac:02010b41cdec/antenna/tag/e2806894000050038662194f, 94
1652707164.57865, sdrt-health/mac:02010b41cdec/antenna/tag/e2806894000040038662114f, 85
1652707164.62769, sdrt-health/mac:02010b41cdec/antenna/tag/e28068940000400386621d4f, 96
1652707164.658866, sdrt-health/mac:02010b41cdec/antenna/tag/e2806894000050038661fd4f, 83
1652707164.659308, sdrt-health/mac:02010b41cdec/antenna/tag/e2806894000050038662154f, 85
1652707164.674568, sdrt-health/mac:02010b41cdec/antenna/tag/e2806894000040038662114f, 85
1652707164.729245, sdrt-health/mac:02010b41cdec/antenna/tag/e2806894000040038662114f, 85
1652707164.776998, sdrt-health/mac:02010b41cdec/antenna/tag/e2806894000050038661fd4f, 83
1652707164.813931, sdrt-health/mac:02010b41cdec/antenna/tag/e2806894000050038662154f, 88
1652707164.814503, sdrt-health/mac:02010b41cdec/antenna/tag/e2806894000050038662154f, 85
1652707164.828518, sdrt-health/mac:02010b41cdec/antenna/tag/e2806894000040038662114f, 85
1652707164.877907, sdrt-health/mac:02010b41cdec/antenna/tag/e2806894000050038662154f, 85
1652707164.935785, sdrt-health/mac:02010b41cdec/antenna/tag/e2806894000050038661fd4f, 83
1652707164.936329, sdrt-health/mac:02010b41cdec/antenna/tag/e2806894000040038662114f, 85
1652707164.950542, sdrt-health/mac:02010b41cdec/antenna/tag/e28068940000400386621d4f, 77
1652707164.976816, sdrt-health/mac:02010b41cdec/antenna/tag/e28068940000400386621d4f, 96
1652707165.019978, sdrt-health/mac:02010b41cdec/antenna/tag/e2806894000040038662114f, 88
1652707165.051658, sdrt-health/mac:02010b41cdec/antenna/tag/e28068940000400386621d4f, 96
1652707165.051865, sdrt-health/mac:02010b41cdec/antenna/tag/e2806894000050038662194f, 83
1652707165.051999, sdrt-health/mac:02010b41cdec/antenna/tag/e2806894000050038661fd4f, 83
1652707165.066254, sdrt-health/mac:02010b41cdec/antenna/tag/e28068940000400386621d4f, 96
1652707165.067307, sdrt-health/mac:02010b41cdec/antenna/tag/e2806894000050038662194f, 81
1652707165.108776, sdrt-health/mac:02010b41cdec/antenna/tag/e2806894000040038662114f, 85
1652707165.264623, sdrt-health/mac:02010b41cdec/antenna/tag/e2806894000050038661fd4f, 83
1652707165.265166, sdrt-health/mac:02010b41cdec/antenna/tag/e2806894000050038661fd4f, 83
1652707165.297393, sdrt-health/mac:02010b41cdec/antenna/tag/e2806894000040038662114f, 88
1652707165.331524, sdrt-health/mac:02010b41cdec/antenna/tag/e2806894000040038662114f, 88
1652707165.331934, sdrt-health/mac:02010b41cdec/antenna/tag/e2806894000050038661fd4f, 86
1652707165.381119, sdrt-health/mac:02010b41cdec/antenna/tag/e2806894000050038662194f, 88
1652707165.460004, sdrt-health/mac:02010b41cdec/antenna/tag/e2806894000050038661fd4f, 86
1652707165.514307, sdrt-health/mac:02010b41cdec/antenna/tag/e2806894000050038662154f, 88
1652707165.514774, sdrt-health/mac:02010b41cdec/antenna/tag/e28068940000400386621d4f, 77
1652707165.538247, sdrt-health/mac:02010b41cdec/antenna/tag/e2806894000040038662114f, 85
1652707165.601338, sdrt-health/mac:02010b41cdec/antenna/tag/e2806894000040038662114f, 85
1652707165.601804, sdrt-health/mac:02010b41cdec/antenna/tag/e2806894000050038661fd4f, 83
1652707165.615953, sdrt-health/mac:02010b41cdec/antenna/tag/e2806894000050038662154f, 85
1652707165.622064, sdrt-health/mac:02010b41cdec/antenna/tag/e2806894000050038662154f, 91
1652707165.630284, sdrt-health/mac:02010b41cdec/antenna/tag/e2806894000050038661fd4f, 86
1652707165.630487, sdrt-health/mac:02010b41cdec/antenna/tag/e2806894000040038662114f, 88
1652707165.668029, sdrt-health/mac:02010b41cdec/antenna/tag/e2806894000050038662154f, 91
1652707165.724682, sdrt-health/mac:02010b41cdec/antenna/tag/e2806894000050038662154f, 91
1652707165.72515, sdrt-health/mac:02010b41cdec/antenna/tag/e28068940000400386621d4f, 90
1652707165.759994, sdrt-health/mac:02010b41cdec/antenna/tag/e2806894000040038662114f, 88
1652707165.808449, sdrt-health/mac:02010b41cdec/antenna/tag/e2806894000050038661fd4f, 83
1652707165.878288, sdrt-health/mac:02010b41cdec/antenna/tag/e2806894000050038661fd4f, 83
1652707165.926017, sdrt-health/mac:02010b41cdec/antenna/tag/e2806894000040038662114f, 88
1652707165.991345, sdrt-health/mac:02010b41cdec/antenna/tag/e2806894000050038662194f, 94
1652707165.99184, sdrt-health/mac:02010b41cdec/antenna/tag/e2806894000050038661fd4f, 83
1652707166.017436, sdrt-health/mac:02010b41cdec/antenna/tag/e2806894000040038662114f, 85
1652707166.067751, sdrt-health/mac:02010b41cdec/antenna/tag/e2806894000050038662154f, 88
1652707166.129163, sdrt-health/mac:02010b41cdec/antenna/tag/e2806894000050038661fd4f, 83
1652707166.176249, sdrt-health/mac:02010b41cdec/antenna/tag/e2806894000050038661fd4f, 83
1652707166.234402, sdrt-health/mac:02010b41cdec/antenna/tag/e2806894000050038662194f, 94
1652707166.23467, sdrt-health/mac:02010b41cdec/antenna/tag/e2806894000050038662154f, 85
1652707166.250326, sdrt-health/mac:02010b41cdec/antenna/tag/e2806894000050038661fd4f, 97
1652707166.250716, sdrt-health/mac:02010b41cdec/antenna/tag/e2806894000050038662154f, 85
1652707166.269587, sdrt-health/mac:02010b41cdec/antenna/tag/e2806894000050038662154f, 88
1652707166.318531, sdrt-health/mac:02010b41cdec/antenna/tag/e2806894000050038661fd4f, 83
1652707166.373818, sdrt-health/mac:02010b41cdec/antenna/tag/e28068940000400386621d4f, 90
1652707166.374244, sdrt-health/mac:02010b41cdec/antenna/tag/e28068940000400386621d4f, 90
1652707166.388525, sdrt-health/mac:02010b41cdec/antenna/tag/e2806894000040038662114f, 85
1652707166.398318, sdrt-health/mac:02010b41cdec/antenna/tag/e2806894000050038662154f, 88
1652707166.438862, sdrt-health/mac:02010b41cdec/antenna/tag/e28068940000400386621d4f, 90
1652707166.477361, sdrt-health/mac:02010b41cdec/antenna/tag/e28068940000400386621d4f, 96
1652707166.518163, sdrt-health/mac:02010b41cdec/antenna/tag/e2806894000050038662154f, 88
1652707166.559692, sdrt-health/mac:02010b41cdec/antenna/tag/e2806894000050038661fd4f, 86
1652707166.59144, sdrt-health/mac:02010b41cdec/antenna/tag/e2806894000050038662154f, 91
1652707166.591824, sdrt-health/mac:02010b41cdec/antenna/tag/e28068940000500386620d4f, 81
1652707166.607094, sdrt-health/mac:02010b41cdec/antenna/tag/e28068940000500386620d4f, 83
1652707166.648702, sdrt-health/mac:02010b41cdec/antenna/tag/e2806894000050038661fd4f, 86
1652707166.707033, sdrt-health/mac:02010b41cdec/antenna/tag/e2806894000050038661fd4f, 86
1652707166.787545, sdrt-health/mac:02010b41cdec/antenna/tag/e2806894000050038662194f, 81
1652707166.828686, sdrt-health/mac:02010b41cdec/antenna/tag/e28068940000400386621d4f, 96
1652707166.868765, sdrt-health/mac:02010b41cdec/antenna/tag/e2806894000050038662154f, 91
1652707166.9233, sdrt-health/mac:02010b41cdec/antenna/tag/e2806894000050038662194f, 83
1652707166.923792, sdrt-health/mac:02010b41cdec/antenna/tag/e28068940000400386621d4f, 90
1652707166.950102, sdrt-health/mac:02010b41cdec/antenna/tag/e28068940000400386621d4f, 96
1652707166.999235, sdrt-health/mac:02010b41cdec/antenna/tag/e28068940000500386620d4f, 83
1652707167.053044, sdrt-health/mac:02010b41cdec/antenna/tag/e28068940000500386620d4f, 83
1652707167.053549, sdrt-health/mac:02010b41cdec/antenna/tag/e2806894000050038661fd4f, 83
1652707167.088015, sdrt-health/mac:02010b41cdec/antenna/tag/e2806894000050038662194f, 81
1652707167.142969, sdrt-health/mac:02010b41cdec/antenna/tag/e2806894000040038662114f, 85
1652707167.143556, sdrt-health/mac:02010b41cdec/antenna/tag/e2806894000040038662114f, 88
1652707167.157138, sdrt-health/mac:02010b41cdec/antenna/tag/e2806894000050038662154f, 88
1652707167.167191, sdrt-health/mac:02010b41cdec/antenna/tag/e2806894000050038662154f, 88
1652707167.217988, sdrt-health/mac:02010b41cdec/antenna/tag/e2806894000040038662114f, 85
1652707167.450428, sdrt-health/mac:02010b41cdec/antenna/tag/e2806894000040038662114f, 85
1652707167.458712, sdrt-health/mac:02010b41cdec/antenna/tag/e2806894000050038661fd4f, 83
1652707167.480623, sdrt-health/mac:02010b41cdec/antenna/tag/e28068940000500386620d4f, 87
1652707167.481157, sdrt-health/mac:02010b41cdec/antenna/tag/e28068940000400386621d4f, 96
1652707167.481495, sdrt-health/mac:02010b41cdec/antenna/tag/e2806894000040038662114f, 85
1652707167.502304, sdrt-health/mac:02010b41cdec/antenna/tag/e2806894000040038662114f, 91
1652707167.532622, sdrt-health/mac:02010b41cdec/antenna/tag/e28068940000400386621d4f, 96
1652707167.532907, sdrt-health/mac:02010b41cdec/antenna/tag/e2806894000050038661fd4f, 83
1652707167.533133, sdrt-health/mac:02010b41cdec/antenna/tag/e28068940000500386620d4f, 93
1652707167.533325, sdrt-health/mac:02010b41cdec/antenna/tag/e2806894000050038662154f, 91
1652707167.533531, sdrt-health/mac:02010b41cdec/antenna/tag/e2806894000040038662114f, 88
1652707167.533765, sdrt-health/mac:02010b41cdec/antenna/tag/e2806894000050038662154f, 88
1652707167.556007, sdrt-health/mac:02010b41cdec/antenna/tag/e2806894000040038662114f, 85
1652707167.599685, sdrt-health/mac:02010b41cdec/antenna/tag/e28068940000400386621d4f, 90
1652707167.65497, sdrt-health/mac:02010b41cdec/antenna/tag/e2806894000040038662114f, 88
1652707167.655484, sdrt-health/mac:02010b41cdec/antenna/tag/e28068940000400386621d4f, 90
1652707167.669568, sdrt-health/mac:02010b41cdec/antenna/tag/e2806894000050038662154f, 88
1652707167.677684, sdrt-health/mac:02010b41cdec/antenna/tag/e28068940000500386620d4f, 87
1652707167.716752, sdrt-health/mac:02010b41cdec/antenna/tag/e28068940000500386620d4f, 81
1652707167.77597, sdrt-health/mac:02010b41cdec/antenna/tag/e2806894000040038662114f, 88
1652707167.834272, sdrt-health/mac:02010b41cdec/antenna/tag/e2806894000050038661fd4f, 86
1652707167.834663, sdrt-health/mac:02010b41cdec/antenna/tag/e2806894000050038661fd4f, 86
1652707167.867917, sdrt-health/mac:02010b41cdec/antenna/tag/e2806894000050038661fd4f, 83
1652707167.929232, sdrt-health/mac:02010b41cdec/antenna/tag/e2806894000050038661fd4f, 83
1652707167.929693, sdrt-health/mac:02010b41cdec/antenna/tag/e2806894000050038662154f, 88
1652707167.948269, sdrt-health/mac:02010b41cdec/antenna/tag/e2806894000050038662154f, 88
1652707167.988618, sdrt-health/mac:02010b41cdec/antenna/tag/e28068940000400386621d4f, 77
1652707167.99158, sdrt-health/mac:02010b41cdec/antenna/tag/e2806894000040038662114f, 85
1652707168.028411, sdrt-health/mac:02010b41cdec/antenna/tag/e2806894000040038662214f, 88
1652707168.085597, sdrt-health/mac:02010b41cdec/antenna/tag/e28068940000500386620d4f, 83
1652707168.086102, sdrt-health/mac:02010b41cdec/antenna/tag/e2806894000050038661fd4f, 83
1652707168.117698, sdrt-health/mac:02010b41cdec/antenna/tag/e2806894000050038662154f, 88
1652707168.148609, sdrt-health/mac:02010b41cdec/antenna/tag/e2806894000050038662154f, 88
1652707168.149002, sdrt-health/mac:02010b41cdec/antenna/tag/e28068940000500386620d4f, 93
1652707168.163272, sdrt-health/mac:02010b41cdec/antenna/tag/e2806894000040038662114f, 85
1652707168.163667, sdrt-health/mac:02010b41cdec/antenna/tag/e28068940000500386620d4f, 83
1652707168.199716, sdrt-health/mac:02010b41cdec/antenna/tag/e2806894000050038661fd4f, 83
1652707168.249437, sdrt-health/mac:02010b41cdec/antenna/tag/e2806894000050038661fd4f, 83
1652707168.289459, sdrt-health/mac:02010b41cdec/antenna/tag/e2806894000050038662154f, 88
1652707168.32267, sdrt-health/mac:02010b41cdec/antenna/tag/e2806894000040038662114f, 88
1652707168.323237, sdrt-health/mac:02010b41cdec/antenna/tag/e28068940000400386621d4f, 90
1652707168.338646, sdrt-health/mac:02010b41cdec/antenna/tag/e2806894000050038662154f, 91
1652707168.367444, sdrt-health/mac:02010b41cdec/antenna/tag/e2806894000050038662154f, 88
1652707168.409119, sdrt-health/mac:02010b41cdec/antenna/tag/e2806894000050038661fd4f, 83
1652707168.439256, sdrt-health/mac:02010b41cdec/antenna/tag/e2806894000040038662114f, 88
1652707168.439584, sdrt-health/mac:02010b41cdec/antenna/tag/e2806894000050038661fd4f, 83
1652707168.456229, sdrt-health/mac:02010b41cdec/antenna/tag/e2806894000050038662154f, 85
1652707168.498439, sdrt-health/mac:02010b41cdec/antenna/tag/e2806894000050038662154f, 85
1652707168.537957, sdrt-health/mac:02010b41cdec/antenna/tag/e2806894000050038662154f, 85
1652707168.578267, sdrt-health/mac:02010b41cdec/antenna/tag/e2806894000050038661fd4f, 83
1652707168.618004, sdrt-health/mac:02010b41cdec/antenna/tag/e2806894000050038661fd4f, 83
1652707168.66654, sdrt-health/mac:02010b41cdec/antenna/tag/e2806894000040038662114f, 88
1652707168.667574, sdrt-health/mac:02010b41cdec/antenna/tag/e28068940000400386621d4f, 90
1652707168.717592, sdrt-health/mac:02010b41cdec/antenna/tag/e2806894000050038662154f, 88
1652707168.750416, sdrt-health/mac:02010b41cdec/antenna/tag/e28068940000500386620d4f, 81
1652707168.750767, sdrt-health/mac:02010b41cdec/antenna/tag/e2806894000050038662154f, 85
1652707168.766845, sdrt-health/mac:02010b41cdec/antenna/tag/e2806894000050038662154f, 91
1652707168.823328, sdrt-health/mac:02010b41cdec/antenna/tag/e28068940000500386620d4f, 93
1652707168.823785, sdrt-health/mac:02010b41cdec/antenna/tag/e2806894000050038661fd4f, 83
1652707168.838431, sdrt-health/mac:02010b41cdec/antenna/tag/e28068940000500386620d4f, 87
1652707168.879335, sdrt-health/mac:02010b41cdec/antenna/tag/e28068940000400386621d4f, 77
1652707168.928366, sdrt-health/mac:02010b41cdec/antenna/tag/e28068940000500386620d4f, 81
1652707168.967495, sdrt-health/mac:02010b41cdec/antenna/tag/e28068940000500386620d4f, 83
1652707168.998675, sdrt-health/mac:02010b41cdec/antenna/tag/e2806894000050038661fd4f, 83
1652707168.999041, sdrt-health/mac:02010b41cdec/antenna/tag/e2806894000040038662114f, 85
1652707169.014866, sdrt-health/mac:02010b41cdec/antenna/tag/e2806894000040038662114f, 85
1652707169.058076, sdrt-health/mac:02010b41cdec/antenna/tag/e2806894000050038662154f, 88
1652707169.114372, sdrt-health/mac:02010b41cdec/antenna/tag/e2806894000050038662154f, 88
1652707169.114796, sdrt-health/mac:02010b41cdec/antenna/tag/e2806894000050038661fd4f, 86
1652707169.129294, sdrt-health/mac:02010b41cdec/antenna/tag/e28068940000400386621d4f, 96
1652707169.13855, sdrt-health/mac:02010b41cdec/antenna/tag/e2806894000050038661fd4f, 86
1652707169.14534, sdrt-health/mac:02010b41cdec/antenna/tag/e28068940000400386621d4f, 96
1652707169.145544, sdrt-health/mac:02010b41cdec/antenna/tag/e2806894000040038662114f, 85
1652707169.198567, sdrt-health/mac:02010b41cdec/antenna/tag/e2806894000050038661fd4f, 86
1652707169.298855, sdrt-health/mac:02010b41cdec/antenna/tag/e28068940000400386621d4f, 96
1652707169.347792, sdrt-health/mac:02010b41cdec/antenna/tag/e28068940000500386620d4f, 94
1652707169.43283, sdrt-health/mac:02010b41cdec/antenna/tag/e2806894000050038661fd4f, 83
1652707169.433367, sdrt-health/mac:02010b41cdec/antenna/tag/e2806894000050038662194f, 94
1652707169.465345, sdrt-health/mac:02010b41cdec/antenna/tag/e2806894000050038662194f, 94
1652707169.510058, sdrt-health/mac:02010b41cdec/antenna/tag/e2806894000050038662154f, 88
1652707169.557417, sdrt-health/mac:02010b41cdec/antenna/tag/e2806894000040038662114f, 88
1652707169.621082, sdrt-health/mac:02010b41cdec/antenna/tag/e2806894000050038662154f, 91
1652707169.621586, sdrt-health/mac:02010b41cdec/antenna/tag/e2806894000040038662114f, 85
1652707169.647717, sdrt-health/mac:02010b41cdec/antenna/tag/e28068940000400386621d4f, 90
1652707169.704428, sdrt-health/mac:02010b41cdec/antenna/tag/e2806894000050038661fd4f, 86
1652707169.704833, sdrt-health/mac:02010b41cdec/antenna/tag/e28068940000400386621d4f, 96
1652707169.719413, sdrt-health/mac:02010b41cdec/antenna/tag/e2806894000040038662114f, 88
1652707169.780027, sdrt-health/mac:02010b41cdec/antenna/tag/e28068940000400386621d4f, 96
1652707169.836487, sdrt-health/mac:02010b41cdec/antenna/tag/e2806894000050038662154f, 85
1652707169.878896, sdrt-health/mac:02010b41cdec/antenna/tag/e2806894000040038662114f, 85
1652707169.91764, sdrt-health/mac:02010b41cdec/antenna/tag/e2806894000040038662114f, 85
1652707169.957472, sdrt-health/mac:02010b41cdec/antenna/tag/e2806894000040038662114f, 85
1652707169.997858, sdrt-health/mac:02010b41cdec/antenna/tag/e2806894000050038661fd4f, 83
1652707170.039008, sdrt-health/mac:02010b41cdec/antenna/tag/e28068940000400386621d4f, 90
1652707170.097265, sdrt-health/mac:02010b41cdec/antenna/tag/e2806894000050038661fd4f, 83
1652707170.097797, sdrt-health/mac:02010b41cdec/antenna/tag/e28068940000400386621d4f, 90
1652707170.112839, sdrt-health/mac:02010b41cdec/antenna/tag/e28068940000500386620d4f, 87
1652707170.113449, sdrt-health/mac:02010b41cdec/antenna/tag/e2806894000050038662154f, 88
1652707170.117971, sdrt-health/mac:02010b41cdec/antenna/tag/e28068940000500386620d4f, 83
1652707170.167162, sdrt-health/mac:02010b41cdec/antenna/tag/e28068940000500386620d4f, 87
1652707170.208353, sdrt-health/mac:02010b41cdec/antenna/tag/e2806894000050038662154f, 88
1652707170.263205, sdrt-health/mac:02010b41cdec/antenna/tag/e2806894000050038661fd4f, 86
1652707170.263669, sdrt-health/mac:02010b41cdec/antenna/tag/e28068940000500386620d4f, 81
1652707170.354599, sdrt-health/mac:02010b41cdec/antenna/tag/e2806894000050038661fd4f, 86
1652707170.355114, sdrt-health/mac:02010b41cdec/antenna/tag/e2806894000050038661fd4f, 86
1652707170.424033, sdrt-health/mac:02010b41cdec/antenna/tag/e2806894000050038662194f, 81
1652707170.469506, sdrt-health/mac:02010b41cdec/antenna/tag/e28068940000400386621d4f, 77
1652707170.524493, sdrt-health/mac:02010b41cdec/antenna/tag/e28068940000400386621d4f, 77
1652707170.524994, sdrt-health/mac:02010b41cdec/antenna/tag/e2806894000050038661fd4f, 83
1652707170.539705, sdrt-health/mac:02010b41cdec/antenna/tag/e2806894000040038662114f, 85
1652707170.54023, sdrt-health/mac:02010b41cdec/antenna/tag/e2806894000050038662154f, 85
1652707170.563891, sdrt-health/mac:02010b41cdec/antenna/tag/e2806894000050038662194f, 81
1652707170.621673, sdrt-health/mac:02010b41cdec/antenna/tag/e2806894000040038662114f, 91
1652707170.658394, sdrt-health/mac:02010b41cdec/antenna/tag/e2806894000050038662154f, 91
1652707170.658877, sdrt-health/mac:02010b41cdec/antenna/tag/e2806894000050038662154f, 88
1652707170.675195, sdrt-health/mac:02010b41cdec/antenna/tag/e2806894000050038662194f, 94
1652707170.675432, sdrt-health/mac:02010b41cdec/antenna/tag/e2806894000040038662114f, 97
1652707170.717401, sdrt-health/mac:02010b41cdec/antenna/tag/e28068940000500386620d4f, 83
1652707170.755743, sdrt-health/mac:02010b41cdec/antenna/tag/e2806894000040038662114f, 88
1652707170.756097, sdrt-health/mac:02010b41cdec/antenna/tag/e2806894000050038661fd4f, 83
1652707170.777188, sdrt-health/mac:02010b41cdec/antenna/tag/e28068940000400386621d4f, 90
1652707170.832734, sdrt-health/mac:02010b41cdec/antenna/tag/e2806894000050038662154f, 88
1652707170.833177, sdrt-health/mac:02010b41cdec/antenna/tag/e2806894000050038661fd4f, 86
1652707170.848529, sdrt-health/mac:02010b41cdec/antenna/tag/e2806894000040038662114f, 85
1652707170.848803, sdrt-health/mac:02010b41cdec/antenna/tag/e2806894000050038661fd4f, 83
1652707170.866864, sdrt-health/mac:02010b41cdec/antenna/tag/e2806894000040038662114f, 88
1652707170.928614, sdrt-health/mac:02010b41cdec/antenna/tag/e2806894000050038662194f, 81
1652707170.929033, sdrt-health/mac:02010b41cdec/antenna/tag/e2806894000050038662154f, 88
1652707170.945026, sdrt-health/mac:02010b41cdec/antenna/tag/e2806894000050038662194f, 81
1652707170.949875, sdrt-health/mac:02010b41cdec/antenna/tag/e2806894000050038661fd4f, 83
1652707170.961081, sdrt-health/mac:02010b41cdec/antenna/tag/e28068940000400386621d4f, 96
1652707170.999431, sdrt-health/mac:02010b41cdec/antenna/tag/e2806894000050038661fd4f, 83
1652707171.052992, sdrt-health/mac:02010b41cdec/antenna/tag/e2806894000050038662194f, 94
1652707171.053497, sdrt-health/mac:02010b41cdec/antenna/tag/e28068940000400386621d4f, 96
1652707171.07914, sdrt-health/mac:02010b41cdec/antenna/tag/e28068940000400386621d4f, 96
1652707171.117942, sdrt-health/mac:02010b41cdec/antenna/tag/e2806894000050038662154f, 85
1652707171.175417, sdrt-health/mac:02010b41cdec/antenna/tag/e2806894000040038662114f, 85
1652707171.176048, sdrt-health/mac:02010b41cdec/antenna/tag/e28068940000500386620d4f, 87
1652707171.192228, sdrt-health/mac:02010b41cdec/antenna/tag/e28068940000500386620d4f, 81
1652707171.192724, sdrt-health/mac:02010b41cdec/antenna/tag/e2806894000050038662154f, 85
1652707171.210766, sdrt-health/mac:02010b41cdec/antenna/tag/e2806894000040038662114f, 88
1652707171.259643, sdrt-health/mac:02010b41cdec/antenna/tag/e2806894000050038661fd4f, 83
1652707171.314176, sdrt-health/mac:02010b41cdec/antenna/tag/e2806894000050038662194f, 81
1652707171.314689, sdrt-health/mac:02010b41cdec/antenna/tag/e2806894000050038661fd4f, 83
1652707171.332905, sdrt-health/mac:02010b41cdec/antenna/tag/e28068940000400386621d4f, 96
1652707171.348643, sdrt-health/mac:02010b41cdec/antenna/tag/e2806894000050038662154f, 93
1652707171.388379, sdrt-health/mac:02010b41cdec/antenna/tag/e28068940000400386621d4f, 96
1652707171.474653, sdrt-health/mac:02010b41cdec/antenna/tag/e28068940000500386620d4f, 88
1652707171.475131, sdrt-health/mac:02010b41cdec/antenna/tag/e28068940000400386621d4f, 90
1652707171.498904, sdrt-health/mac:02010b41cdec/antenna/tag/e2806894000050038661fd4f, 86
1652707171.539967, sdrt-health/mac:02010b41cdec/antenna/tag/e28068940000400386621d4f, 96
1652707171.602956, sdrt-health/mac:02010b41cdec/antenna/tag/e2806894000050038662154f, 88
1652707171.603424, sdrt-health/mac:02010b41cdec/antenna/tag/e28068940000400386621d4f, 77
1652707171.629181, sdrt-health/mac:02010b41cdec/antenna/tag/e2806894000050038662194f, 88
1652707171.669117, sdrt-health/mac:02010b41cdec/antenna/tag/e2806894000050038662194f, 88
1652707171.728881, sdrt-health/mac:02010b41cdec/antenna/tag/e2806894000050038661fd4f, 83
1652707171.769111, sdrt-health/mac:02010b41cdec/antenna/tag/e2806894000040038662114f, 88
1652707171.83127, sdrt-health/mac:02010b41cdec/antenna/tag/e2806894000050038662154f, 91
1652707171.831742, sdrt-health/mac:02010b41cdec/antenna/tag/e2806894000040038662114f, 88
1652707171.846311, sdrt-health/mac:02010b41cdec/antenna/tag/e2806894000050038662154f, 91
1652707171.866297, sdrt-health/mac:02010b41cdec/antenna/tag/e2806894000050038662154f, 88
1652707171.917176, sdrt-health/mac:02010b41cdec/antenna/tag/e2806894000050038661fd4f, 86
1652707171.917404, sdrt-health/mac:02010b41cdec/antenna/tag/e28068940000400386621d4f, 90
1652707171.941383, sdrt-health/mac:02010b41cdec/antenna/tag/e28068940000400386621d4f, 96
1652707171.941596, sdrt-health/mac:02010b41cdec/antenna/tag/e28068940000400386621d4f, 96
1652707171.987889, sdrt-health/mac:02010b41cdec/antenna/tag/e2806894000050038662194f, 81
1652707172.036639, sdrt-health/mac:02010b41cdec/antenna/tag/e2806894000050038662154f, 85
1652707172.103392, sdrt-health/mac:02010b41cdec/antenna/tag/e2806894000050038662154f, 91
1652707172.103636, sdrt-health/mac:02010b41cdec/antenna/tag/e2806894000050038662154f, 85
1652707172.138049, sdrt-health/mac:02010b41cdec/antenna/tag/e2806894000050038662154f, 91
1652707172.195491, sdrt-health/mac:02010b41cdec/antenna/tag/e2806894000050038661fd4f, 83
1652707172.195888, sdrt-health/mac:02010b41cdec/antenna/tag/e2806894000050038661fd4f, 83
1652707172.214506, sdrt-health/mac:02010b41cdec/antenna/tag/e28068940000400386621d4f, 96
1652707172.214733, sdrt-health/mac:02010b41cdec/antenna/tag/e28068940000400386621d4f, 90
1652707172.226941, sdrt-health/mac:02010b41cdec/antenna/tag/e2806894000040038662114f, 88
1652707172.23031, sdrt-health/mac:02010b41cdec/antenna/tag/e2806894000050038661fd4f, 86
1652707172.276591, sdrt-health/mac:02010b41cdec/antenna/tag/e2806894000050038661fd4f, 86
1652707172.337222, sdrt-health/mac:02010b41cdec/antenna/tag/e2806894000050038662154f, 88
1652707172.337766, sdrt-health/mac:02010b41cdec/antenna/tag/e2806894000040038662114f, 91
1652707172.338266, sdrt-health/mac:02010b41cdec/antenna/tag/e2806894000040038662114f, 91
1652707172.353841, sdrt-health/mac:02010b41cdec/antenna/tag/e2806894000050038661fd4f, 86
1652707172.370061, sdrt-health/mac:02010b41cdec/antenna/tag/e28068940000400386621d4f, 90
1652707172.41389, sdrt-health/mac:02010b41cdec/antenna/tag/e2806894000050038661fd4f, 83
1652707172.473033, sdrt-health/mac:02010b41cdec/antenna/tag/e2806894000050038662194f, 81
1652707172.473496, sdrt-health/mac:02010b41cdec/antenna/tag/e2806894000050038661fd4f, 83
1652707172.473836, sdrt-health/mac:02010b41cdec/antenna/tag/e2806894000050038661fd4f, 83
1652707172.494869, sdrt-health/mac:02010b41cdec/antenna/tag/e2806894000050038662194f, 94
1652707172.501336, sdrt-health/mac:02010b41cdec/antenna/tag/e28068940000400386621d4f, 96
1652707172.538594, sdrt-health/mac:02010b41cdec/antenna/tag/e2806894000050038661fd4f, 83
1652707172.593365, sdrt-health/mac:02010b41cdec/antenna/tag/e2806894000050038662194f, 88
1652707172.593976, sdrt-health/mac:02010b41cdec/antenna/tag/e28068940000400386621d4f, 96
1652707172.607743, sdrt-health/mac:02010b41cdec/antenna/tag/e2806894000050038662194f, 94
1652707172.628665, sdrt-health/mac:02010b41cdec/antenna/tag/e2806894000050038662194f, 83
1652707172.668182, sdrt-health/mac:02010b41cdec/antenna/tag/e2806894000050038662194f, 81
1652707172.709563, sdrt-health/mac:02010b41cdec/antenna/tag/e2806894000050038662194f, 81
1652707172.742553, sdrt-health/mac:02010b41cdec/antenna/tag/e2806894000040038662114f, 85
1652707172.74316, sdrt-health/mac:02010b41cdec/antenna/tag/e2806894000050038662154f, 85
1652707172.758737, sdrt-health/mac:02010b41cdec/antenna/tag/e2806894000050038661fd4f, 83
1652707172.825601, sdrt-health/mac:02010b41cdec/antenna/tag/e2806894000050038661fd4f, 83
1652707172.857516, sdrt-health/mac:02010b41cdec/antenna/tag/e2806894000050038661fd4f, 97
1652707172.857857, sdrt-health/mac:02010b41cdec/antenna/tag/e28068940000400386621d4f, 96
1652707172.87459, sdrt-health/mac:02010b41cdec/antenna/tag/e2806894000050038662154f, 88
1652707172.908596, sdrt-health/mac:02010b41cdec/antenna/tag/e28068940000400386621d4f, 96
1652707172.965239, sdrt-health/mac:02010b41cdec/antenna/tag/e2806894000050038662154f, 88
1652707172.965758, sdrt-health/mac:02010b41cdec/antenna/tag/e2806894000040038662114f, 88
1652707172.981088, sdrt-health/mac:02010b41cdec/antenna/tag/e2806894000050038662194f, 84
1652707172.988458, sdrt-health/mac:02010b41cdec/antenna/tag/e28068940000400386621d4f, 96
1652707172.996749, sdrt-health/mac:02010b41cdec/antenna/tag/e2806894000050038662154f, 85
1652707173.028946, sdrt-health/mac:02010b41cdec/antenna/tag/e28068940000500386620d4f, 81
1652707173.085343, sdrt-health/mac:02010b41cdec/antenna/tag/e28068940000400386621d4f, 96
1652707173.085857, sdrt-health/mac:02010b41cdec/antenna/tag/e2806894000050038662154f, 91
1652707173.101659, sdrt-health/mac:02010b41cdec/antenna/tag/e28068940000400386621d4f, 96
1652707173.132992, sdrt-health/mac:02010b41cdec/antenna/tag/e28068940000400386621d4f, 96
1652707173.133312, sdrt-health/mac:02010b41cdec/antenna/tag/e2806894000050038662154f, 91
1652707173.133519, sdrt-health/mac:02010b41cdec/antenna/tag/e2806894000050038661fd4f, 86
1652707173.149135, sdrt-health/mac:02010b41cdec/antenna/tag/e2806894000050038661fd4f, 86
1652707173.197783, sdrt-health/mac:02010b41cdec/antenna/tag/e28068940000400386621d4f, 90
1652707173.238797, sdrt-health/mac:02010b41cdec/antenna/tag/e2806894000040038662114f, 88
1652707173.270843, sdrt-health/mac:02010b41cdec/antenna/tag/e2806894000050038661fd4f, 86
1652707173.271217, sdrt-health/mac:02010b41cdec/antenna/tag/e2806894000050038662154f, 88
1652707173.296583, sdrt-health/mac:02010b41cdec/antenna/tag/e2806894000050038662154f, 88
1652707173.341954, sdrt-health/mac:02010b41cdec/antenna/tag/e28068940000400386621d4f, 96
1652707173.378542, sdrt-health/mac:02010b41cdec/antenna/tag/e2806894000040038662114f, 88
1652707173.420415, sdrt-health/mac:02010b41cdec/antenna/tag/e2806894000050038661fd4f, 97
1652707173.460093, sdrt-health/mac:02010b41cdec/antenna/tag/e28068940000500386620d4f, 93
1652707173.494175, sdrt-health/mac:02010b41cdec/antenna/tag/e28068940000400386621d4f, 96
1652707173.49492, sdrt-health/mac:02010b41cdec/antenna/tag/e2806894000050038661fd4f, 83
1652707173.511124, sdrt-health/mac:02010b41cdec/antenna/tag/e28068940000500386620d4f, 81
1652707173.565933, sdrt-health/mac:02010b41cdec/antenna/tag/e2806894000050038662154f, 88
1652707173.598776, sdrt-health/mac:02010b41cdec/antenna/tag/e2806894000050038661fd4f, 83
1652707173.630382, sdrt-health/mac:02010b41cdec/antenna/tag/e28068940000400386621d4f, 96
1652707173.630781, sdrt-health/mac:02010b41cdec/antenna/tag/e28068940000400386621d4f, 96
1652707173.648586, sdrt-health/mac:02010b41cdec/antenna/tag/e2806894000050038661fd4f, 97
1652707173.688139, sdrt-health/mac:02010b41cdec/antenna/tag/e28068940000500386620d4f, 87
1652707173.743884, sdrt-health/mac:02010b41cdec/antenna/tag/e2806894000050038661fd4f, 83
1652707173.74449, sdrt-health/mac:02010b41cdec/antenna/tag/e2806894000050038662154f, 88
1652707173.759166, sdrt-health/mac:02010b41cdec/antenna/tag/e2806894000040038662114f, 88
1652707173.768177, sdrt-health/mac:02010b41cdec/antenna/tag/e28068940000400386621d4f, 96
1652707173.774841, sdrt-health/mac:02010b41cdec/antenna/tag/e2806894000050038661fd4f, 83
1652707173.775089, sdrt-health/mac:02010b41cdec/antenna/tag/e2806894000040038662114f, 85
1652707173.819278, sdrt-health/mac:02010b41cdec/antenna/tag/e2806894000040038662114f, 85
1652707173.858515, sdrt-health/mac:02010b41cdec/antenna/tag/e2806894000050038662154f, 91
1652707173.915812, sdrt-health/mac:02010b41cdec/antenna/tag/e2806894000050038661fd4f, 83
1652707173.916274, sdrt-health/mac:02010b41cdec/antenna/tag/e2806894000040038662114f, 85
1652707173.932141, sdrt-health/mac:02010b41cdec/antenna/tag/e2806894000040038662114f, 88
1652707173.965336, sdrt-health/mac:02010b41cdec/antenna/tag/e2806894000050038662194f, 94
1652707173.965621, sdrt-health/mac:02010b41cdec/antenna/tag/e2806894000040038662114f, 88
1652707173.965823, sdrt-health/mac:02010b41cdec/antenna/tag/e2806894000050038661fd4f, 83
1652707173.987025, sdrt-health/mac:02010b41cdec/antenna/tag/e28068940000400386621d4f, 90
1652707174.180229, sdrt-health/mac:02010b41cdec/antenna/tag/scan, scan stopped
