1652706815.250019, sdrt-health/mac:02010b41cdec/antenna/power/set, {"power": 300}
1652706816.330588, sdrt-health/mac:02010b41cdec/antenna/power/set, 
1652706820.271897, sdrt-health/mac:02010b41cdec/antenna/tag/scan, {"time": 20000}
1652706820.798862, sdrt-health/mac:02010b41cdec/antenna/tag/e2806894000040038661f94f, 100
1652706820.868607, sdrt-health/mac:02010b41cdec/antenna/tag/e28068940000400386621d4f, 96
1652706820.919268, sdrt-health/mac:02010b41cdec/antenna/tag/e2806894000040038662114f, 88
1652706820.960594, sdrt-health/mac:02010b41cdec/antenna/tag/e2806894000040038662114f, 91
1652706821.030877, sdrt-health/mac:02010b41cdec/antenna/tag/e28068940000500386620d4f, 81
1652706821.070551, sdrt-health/mac:02010b41cdec/antenna/tag/e28068940000500386620d4f, 81
1652706821.12106, sdrt-health/mac:02010b41cdec/antenna/tag/e2806894000050038662194f, 87
1652706821.160016, sdrt-health/mac:02010b41cdec/antenna/tag/e28068940000400386621d4f, 96
1652706821.233613, sdrt-health/mac:02010b41cdec/antenna/tag/e2806894000050038662154f, 88
1652706821.234143, sdrt-health/mac:02010b41cdec/antenna/tag/e28068940000500386620d4f, 94
1652706821.249098, sdrt-health/mac:02010b41cdec/antenna/tag/e2806894000050038662154f, 88
1652706821.260865, sdrt-health/mac:02010b41cdec/antenna/tag/e2806894000050038661fd4f, 86
1652706821.2657, sdrt-health/mac:02010b41cdec/antenna/tag/e28068940000500386620d4f, 81
1652706821.309959, sdrt-health/mac:02010b41cdec/antenna/tag/e2806894000050038662194f, 83
1652706821.38313, sdrt-health/mac:02010b41cdec/antenna/tag/e28068940000400386621d4f, 77
1652706821.383717, sdrt-health/mac:02010b41cdec/antenna/tag/e2806894000050038661fd4f, 86
1652706821.398885, sdrt-health/mac:02010b41cdec/antenna/tag/e2806894000050038662154f, 88
1652706821.439905, sdrt-health/mac:02010b41cdec/antenna/tag/e2806894000050038662154f, 88
1652706821.471644, sdrt-health/mac:02010b41cdec/antenna/tag/e2806894000040038662114f, 97
1652706821.471906, sdrt-health/mac:02010b41cdec/antenna/tag/e28068940000400386621d4f, 96
1652706821.495811, sdrt-health/mac:02010b41cdec/antenna/tag/e2806894000050038662154f, 91
1652706821.54945, sdrt-health/mac:02010b41cdec/antenna/tag/e2806894000050038662194f, 83
1652706821.549757, sdrt-health/mac:02010b41cdec/antenna/tag/e2806894000040038662054f, 81
1652706821.569963, sdrt-health/mac:02010b41cdec/antenna/tag/e2806894000050038661fd4f, 83
1652706821.580635, sdrt-health/mac:02010b41cdec/antenna/tag/e28068940000400386621d4f, 96
1652706821.627812, sdrt-health/mac:02010b41cdec/antenna/tag/e28068940000400386621d4f, 90
1652706821.670337, sdrt-health/mac:02010b41cdec/antenna/tag/e28068940000400386621d4f, 96
1652706821.725945, sdrt-health/mac:02010b41cdec/antenna/tag/e2806894000040038662054f, 82
1652706821.72646, sdrt-health/mac:02010b41cdec/antenna/tag/e28068940000400386621d4f, 96
1652706821.740898, sdrt-health/mac:02010b41cdec/antenna/tag/e2806894000050038661fd4f, 86
1652706821.758836, sdrt-health/mac:02010b41cdec/antenna/tag/e28068940000500386620d4f, 94
1652706821.800948, sdrt-health/mac:02010b41cdec/antenna/tag/e28068940000400386621d4f, 96
1652706821.855111, sdrt-health/mac:02010b41cdec/antenna/tag/e2806894000050038662154f, 88
1652706821.855609, sdrt-health/mac:02010b41cdec/antenna/tag/e28068940000400386621d4f, 77
1652706821.901112, sdrt-health/mac:02010b41cdec/antenna/tag/e2806894000050038662154f, 85
1652706821.941, sdrt-health/mac:02010b41cdec/antenna/tag/e28068940000400386621d4f, 77
1652706821.999436, sdrt-health/mac:02010b41cdec/antenna/tag/e2806894000050038662194f, 94
1652706821.999908, sdrt-health/mac:02010b41cdec/antenna/tag/e2806894000050038661fd4f, 86
1652706822.014743, sdrt-health/mac:02010b41cdec/antenna/tag/e28068940000500386620d4f, 87
1652706822.043647, sdrt-health/mac:02010b41cdec/antenna/tag/e28068940000500386620d4f, 87
1652706822.04392, sdrt-health/mac:02010b41cdec/antenna/tag/e28068940000400386621d4f, 77
1652706822.102086, sdrt-health/mac:02010b41cdec/antenna/tag/e2806894000050038662154f, 91
1652706822.133164, sdrt-health/mac:02010b41cdec/antenna/tag/e2806894000050038661fd4f, 83
1652706822.133722, sdrt-health/mac:02010b41cdec/antenna/tag/e2806894000040038662054f, 82
1652706822.158294, sdrt-health/mac:02010b41cdec/antenna/tag/e2806894000040038662054f, 84
1652706822.210607, sdrt-health/mac:02010b41cdec/antenna/tag/e2806894000050038662154f, 85
1652706822.267613, sdrt-health/mac:02010b41cdec/antenna/tag/e28068940000400386621d4f, 77
1652706822.296229, sdrt-health/mac:02010b41cdec/antenna/tag/e2806894000050038662154f, 88
1652706822.296474, sdrt-health/mac:02010b41cdec/antenna/tag/e28068940000500386620d4f, 83
1652706822.310206, sdrt-health/mac:02010b41cdec/antenna/tag/e2806894000050038661fd4f, 86
1652706822.359656, sdrt-health/mac:02010b41cdec/antenna/tag/e2806894000050038662194f, 87
1652706822.410307, sdrt-health/mac:02010b41cdec/antenna/tag/e28068940000400386621d4f, 96
1652706822.465997, sdrt-health/mac:02010b41cdec/antenna/tag/e2806894000050038662154f, 88
1652706822.495002, sdrt-health/mac:02010b41cdec/antenna/tag/e2806894000050038661fd4f, 86
1652706822.49525, sdrt-health/mac:02010b41cdec/antenna/tag/e2806894000050038661fd4f, 86
1652706822.519937, sdrt-health/mac:02010b41cdec/antenna/tag/e28068940000500386620d4f, 81
1652706822.57611, sdrt-health/mac:02010b41cdec/antenna/tag/e2806894000050038662154f, 88
1652706822.576623, sdrt-health/mac:02010b41cdec/antenna/tag/e2806894000040038662054f, 94
1652706822.619075, sdrt-health/mac:02010b41cdec/antenna/tag/e2806894000040038662114f, 91
1652706822.66749, sdrt-health/mac:02010b41cdec/antenna/tag/e28068940000400386621d4f, 96
1652706822.709896, sdrt-health/mac:02010b41cdec/antenna/tag/e28068940000500386620d4f, 82
1652706822.766739, sdrt-health/mac:02010b41cdec/antenna/tag/e2806894000050038661fd4f, 86
1652706822.767568, sdrt-health/mac:02010b41cdec/antenna/tag/e2806894000040038662114f, 88
1652706822.800029, sdrt-health/mac:02010b41cdec/antenna/tag/e2806894000040038662114f, 97
1652706822.839535, sdrt-health/mac:02010b41cdec/antenna/tag/e2806894000040038662114f, 88
1652706822.904153, sdrt-health/mac:02010b41cdec/antenna/tag/e2806894000040038662114f, 88
1652706822.904657, sdrt-health/mac:02010b41cdec/antenna/tag/e2806894000050038661fd4f, 97
1652706822.92149, sdrt-health/mac:02010b41cdec/antenna/tag/e2806894000050038662154f, 88
1652706822.922005, sdrt-health/mac:02010b41cdec/antenna/tag/e28068940000500386620d4f, 82
1652706822.939393, sdrt-health/mac:02010b41cdec/antenna/tag/e2806894000050038661fd4f, 86
1652706822.999398, sdrt-health/mac:02010b41cdec/antenna/tag/e2806894000040038662054f, 81
1652706823.030376, sdrt-health/mac:02010b41cdec/antenna/tag/e2806894000040038662054f, 94
1652706823.030645, sdrt-health/mac:02010b41cdec/antenna/tag/e28068940000400386621d4f, 96
1652706823.045404, sdrt-health/mac:02010b41cdec/antenna/tag/e2806894000040038662054f, 94
1652706823.045648, sdrt-health/mac:02010b41cdec/antenna/tag/e2806894000040038662114f, 88
1652706823.078377, sdrt-health/mac:02010b41cdec/antenna/tag/e2806894000050038661fd4f, 86
1652706823.120742, sdrt-health/mac:02010b41cdec/antenna/tag/e2806894000040038662114f, 91
1652706823.161091, sdrt-health/mac:02010b41cdec/antenna/tag/e2806894000050038662194f, 81
1652706823.20134, sdrt-health/mac:02010b41cdec/antenna/tag/e2806894000050038661fd4f, 83
1652706823.239504, sdrt-health/mac:02010b41cdec/antenna/tag/e2806894000050038661fd4f, 83
1652706823.295815, sdrt-health/mac:02010b41cdec/antenna/tag/e2806894000040038662114f, 88
1652706823.296288, sdrt-health/mac:02010b41cdec/antenna/tag/e2806894000040038662114f, 88
1652706823.310517, sdrt-health/mac:02010b41cdec/antenna/tag/e2806894000050038661fd4f, 86
1652706823.319204, sdrt-health/mac:02010b41cdec/antenna/tag/e2806894000050038662194f, 83
1652706823.368482, sdrt-health/mac:02010b41cdec/antenna/tag/e28068940000500386620d4f, 88
1652706823.41117, sdrt-health/mac:02010b41cdec/antenna/tag/e2806894000050038662194f, 81
1652706823.473726, sdrt-health/mac:02010b41cdec/antenna/tag/e2806894000040038662054f, 94
1652706823.474328, sdrt-health/mac:02010b41cdec/antenna/tag/e2806894000050038662154f, 88
1652706823.508684, sdrt-health/mac:02010b41cdec/antenna/tag/e28068940000500386620d4f, 81
1652706823.647294, sdrt-health/mac:02010b41cdec/antenna/tag/e28068940000400386621d4f, 96
1652706823.710121, sdrt-health/mac:02010b41cdec/antenna/tag/e2806894000050038662194f, 83
1652706823.761087, sdrt-health/mac:02010b41cdec/antenna/tag/e2806894000040038662054f, 110
1652706823.800247, sdrt-health/mac:02010b41cdec/antenna/tag/e28068940000500386620d4f, 81
1652706823.856215, sdrt-health/mac:02010b41cdec/antenna/tag/e2806894000040038662114f, 85
1652706823.856648, sdrt-health/mac:02010b41cdec/antenna/tag/e2806894000050038661fd4f, 83
1652706823.881037, sdrt-health/mac:02010b41cdec/antenna/tag/e2806894000040038662054f, 81
1652706823.918681, sdrt-health/mac:02010b41cdec/antenna/tag/e2806894000040038662114f, 91
1652706823.919833, sdrt-health/mac:02010b41cdec/antenna/tag/e2806894000050038662154f, 91
1652706823.968198, sdrt-health/mac:02010b41cdec/antenna/tag/e28068940000400386621d4f, 96
1652706824.010545, sdrt-health/mac:02010b41cdec/antenna/tag/e2806894000050038661fd4f, 86
1652706824.080203, sdrt-health/mac:02010b41cdec/antenna/tag/e28068940000500386620d4f, 81
1652706824.080696, sdrt-health/mac:02010b41cdec/antenna/tag/e2806894000050038661fd4f, 86
1652706824.081037, sdrt-health/mac:02010b41cdec/antenna/tag/e2806894000050038662194f, 94
1652706824.096982, sdrt-health/mac:02010b41cdec/antenna/tag/e2806894000040038662114f, 91
1652706824.109314, sdrt-health/mac:02010b41cdec/antenna/tag/e28068940000400386621d4f, 90
1652706824.159447, sdrt-health/mac:02010b41cdec/antenna/tag/e2806894000050038661fd4f, 86
1652706824.210305, sdrt-health/mac:02010b41cdec/antenna/tag/e28068940000400386621d4f, 96
1652706824.264154, sdrt-health/mac:02010b41cdec/antenna/tag/e2806894000050038662194f, 87
1652706824.264623, sdrt-health/mac:02010b41cdec/antenna/tag/e2806894000050038662194f, 94
1652706824.264999, sdrt-health/mac:02010b41cdec/antenna/tag/e28068940000500386620d4f, 85
1652706824.30145, sdrt-health/mac:02010b41cdec/antenna/tag/e28068940000500386620d4f, 83
1652706824.357324, sdrt-health/mac:02010b41cdec/antenna/tag/e2806894000040038662054f, 81
1652706824.357771, sdrt-health/mac:02010b41cdec/antenna/tag/e2806894000050038662154f, 91
1652706824.400227, sdrt-health/mac:02010b41cdec/antenna/tag/e2806894000040038662114f, 88
1652706824.457864, sdrt-health/mac:02010b41cdec/antenna/tag/e2806894000050038662194f, 83
1652706824.488863, sdrt-health/mac:02010b41cdec/antenna/tag/e28068940000500386620d4f, 81
1652706824.489455, sdrt-health/mac:02010b41cdec/antenna/tag/e2806894000040038662114f, 88
1652706824.489728, sdrt-health/mac:02010b41cdec/antenna/tag/e2806894000050038662154f, 91
1652706824.504632, sdrt-health/mac:02010b41cdec/antenna/tag/e28068940000400386621d4f, 77
1652706824.504912, sdrt-health/mac:02010b41cdec/antenna/tag/e2806894000050038662194f, 81
1652706824.570646, sdrt-health/mac:02010b41cdec/antenna/tag/e2806894000040038662114f, 85
1652706824.619916, sdrt-health/mac:02010b41cdec/antenna/tag/e2806894000050038662194f, 83
1652706824.66833, sdrt-health/mac:02010b41cdec/antenna/tag/e2806894000050038662194f, 94
1652706824.711344, sdrt-health/mac:02010b41cdec/antenna/tag/e2806894000050038662154f, 88
1652706824.766571, sdrt-health/mac:02010b41cdec/antenna/tag/e2806894000050038662194f, 81
1652706824.767158, sdrt-health/mac:02010b41cdec/antenna/tag/e2806894000040038662114f, 88
1652706824.781541, sdrt-health/mac:02010b41cdec/antenna/tag/e2806894000040038662114f, 85
1652706824.789595, sdrt-health/mac:02010b41cdec/antenna/tag/e2806894000050038662154f, 91
1652706824.840502, sdrt-health/mac:02010b41cdec/antenna/tag/e28068940000500386620d4f, 85
1652706824.882112, sdrt-health/mac:02010b41cdec/antenna/tag/e2806894000050038662154f, 88
1652706824.936826, sdrt-health/mac:02010b41cdec/antenna/tag/e2806894000040038662114f, 88
1652706824.980584, sdrt-health/mac:02010b41cdec/antenna/tag/e2806894000050038662154f, 91
1652706825.034049, sdrt-health/mac:02010b41cdec/antenna/tag/e2806894000050038662154f, 91
1652706825.034756, sdrt-health/mac:02010b41cdec/antenna/tag/e2806894000040038662054f, 83
1652706825.035109, sdrt-health/mac:02010b41cdec/antenna/tag/e28068940000500386620d4f, 87
1652706825.059083, sdrt-health/mac:02010b41cdec/antenna/tag/e2806894000050038661fd4f, 86
1652706825.122349, sdrt-health/mac:02010b41cdec/antenna/tag/e2806894000040038662114f, 88
1652706825.122863, sdrt-health/mac:02010b41cdec/antenna/tag/e2806894000050038662154f, 91
1652706825.138613, sdrt-health/mac:02010b41cdec/antenna/tag/e2806894000050038661fd4f, 86
1652706825.159656, sdrt-health/mac:02010b41cdec/antenna/tag/e2806894000040038662054f, 94
1652706825.226337, sdrt-health/mac:02010b41cdec/antenna/tag/e2806894000050038661fd4f, 86
1652706825.258636, sdrt-health/mac:02010b41cdec/antenna/tag/e28068940000400386621d4f, 90
1652706825.258929, sdrt-health/mac:02010b41cdec/antenna/tag/e2806894000040038662054f, 83
1652706825.274177, sdrt-health/mac:02010b41cdec/antenna/tag/e28068940000500386620d4f, 87
1652706825.329276, sdrt-health/mac:02010b41cdec/antenna/tag/e2806894000040038662114f, 85
1652706825.396282, sdrt-health/mac:02010b41cdec/antenna/tag/e28068940000500386620d4f, 81
1652706825.396796, sdrt-health/mac:02010b41cdec/antenna/tag/e2806894000050038662154f, 88
1652706825.41061, sdrt-health/mac:02010b41cdec/antenna/tag/e2806894000040038662054f, 88
1652706825.439921, sdrt-health/mac:02010b41cdec/antenna/tag/e2806894000050038661fd4f, 83
1652706825.496166, sdrt-health/mac:02010b41cdec/antenna/tag/e2806894000040038662114f, 88
1652706825.496724, sdrt-health/mac:02010b41cdec/antenna/tag/e28068940000400386621d4f, 96
1652706825.510883, sdrt-health/mac:02010b41cdec/antenna/tag/e28068940000500386620d4f, 93
1652706825.548537, sdrt-health/mac:02010b41cdec/antenna/tag/e2806894000040038662114f, 88
1652706825.548818, sdrt-health/mac:02010b41cdec/antenna/tag/e28068940000400386621d4f, 90
1652706825.549124, sdrt-health/mac:02010b41cdec/antenna/tag/e2806894000040038662054f, 81
1652706825.586814, sdrt-health/mac:02010b41cdec/antenna/tag/e2806894000050038661fd4f, 86
1652706825.639187, sdrt-health/mac:02010b41cdec/antenna/tag/e2806894000050038662154f, 88
1652706825.705578, sdrt-health/mac:02010b41cdec/antenna/tag/e2806894000050038661fd4f, 86
1652706825.706045, sdrt-health/mac:02010b41cdec/antenna/tag/e2806894000050038661fd4f, 86
1652706825.721128, sdrt-health/mac:02010b41cdec/antenna/tag/e2806894000040038662054f, 88
1652706825.739047, sdrt-health/mac:02010b41cdec/antenna/tag/e2806894000040038662114f, 91
1652706825.797565, sdrt-health/mac:02010b41cdec/antenna/tag/e28068940000400386621d4f, 90
1652706825.798126, sdrt-health/mac:02010b41cdec/antenna/tag/e2806894000050038662154f, 88
1652706825.828605, sdrt-health/mac:02010b41cdec/antenna/tag/e2806894000040038661f94f, 82
1652706825.864188, sdrt-health/mac:02010b41cdec/antenna/tag/e28068940000400386621d4f, 77
1652706825.86442, sdrt-health/mac:02010b41cdec/antenna/tag/e2806894000040038662114f, 88
1652706825.879939, sdrt-health/mac:02010b41cdec/antenna/tag/e2806894000040038662114f, 88
1652706825.970123, sdrt-health/mac:02010b41cdec/antenna/tag/e2806894000050038662154f, 91
1652706826.018171, sdrt-health/mac:02010b41cdec/antenna/tag/e2806894000050038661fd4f, 83
1652706826.075396, sdrt-health/mac:02010b41cdec/antenna/tag/e2806894000040038662114f, 88
1652706826.075904, sdrt-health/mac:02010b41cdec/antenna/tag/e2806894000040038662114f, 91
1652706826.100785, sdrt-health/mac:02010b41cdec/antenna/tag/e28068940000400386621d4f, 96
1652706826.157444, sdrt-health/mac:02010b41cdec/antenna/tag/e28068940000400386621d4f, 96
1652706826.157995, sdrt-health/mac:02010b41cdec/antenna/tag/e2806894000050038662154f, 91
1652706826.171951, sdrt-health/mac:02010b41cdec/antenna/tag/e2806894000050038661fd4f, 86
1652706826.172312, sdrt-health/mac:02010b41cdec/antenna/tag/e2806894000040038662114f, 85
1652706826.197389, sdrt-health/mac:02010b41cdec/antenna/tag/e2806894000050038661fd4f, 83
1652706826.240039, sdrt-health/mac:02010b41cdec/antenna/tag/e2806894000040038662114f, 85
1652706826.269602, sdrt-health/mac:02010b41cdec/antenna/tag/e2806894000040038662114f, 88
1652706826.270006, sdrt-health/mac:02010b41cdec/antenna/tag/e28068940000500386620d4f, 81
1652706826.28732, sdrt-health/mac:02010b41cdec/antenna/tag/e28068940000500386620d4f, 87
1652706826.330517, sdrt-health/mac:02010b41cdec/antenna/tag/e2806894000050038662154f, 88
1652706826.404574, sdrt-health/mac:02010b41cdec/antenna/tag/e28068940000500386620d4f, 87
1652706826.405038, sdrt-health/mac:02010b41cdec/antenna/tag/e2806894000050038662194f, 83
1652706826.420759, sdrt-health/mac:02010b41cdec/antenna/tag/e2806894000040038662114f, 91
1652706826.429328, sdrt-health/mac:02010b41cdec/antenna/tag/e2806894000050038662154f, 91
1652706826.469739, sdrt-health/mac:02010b41cdec/antenna/tag/e2806894000050038662154f, 91
1652706826.510391, sdrt-health/mac:02010b41cdec/antenna/tag/e2806894000050038661fd4f, 90
1652706826.549288, sdrt-health/mac:02010b41cdec/antenna/tag/e2806894000050038662194f, 81
1652706826.592016, sdrt-health/mac:02010b41cdec/antenna/tag/e2806894000040038662054f, 94
1652706826.659205, sdrt-health/mac:02010b41cdec/antenna/tag/e28068940000400386621d4f, 96
1652706826.699539, sdrt-health/mac:02010b41cdec/antenna/tag/e28068940000500386620d4f, 83
1652706826.747114, sdrt-health/mac:02010b41cdec/antenna/tag/e2806894000050038662154f, 85
1652706826.780256, sdrt-health/mac:02010b41cdec/antenna/tag/e28068940000500386620d4f, 88
1652706826.780468, sdrt-health/mac:02010b41cdec/antenna/tag/e2806894000050038662194f, 94
1652706826.798769, sdrt-health/mac:02010b41cdec/antenna/tag/e2806894000040038662114f, 85
1652706826.799035, sdrt-health/mac:02010b41cdec/antenna/tag/e2806894000040038662054f, 84
1652706826.799215, sdrt-health/mac:02010b41cdec/antenna/tag/e28068940000500386620d4f, 81
1652706826.827799, sdrt-health/mac:02010b41cdec/antenna/tag/e28068940000500386620d4f, 94
1652706826.888833, sdrt-health/mac:02010b41cdec/antenna/tag/e28068940000400386621d4f, 96
1652706826.945376, sdrt-health/mac:02010b41cdec/antenna/tag/e2806894000050038661fd4f, 86
1652706826.945842, sdrt-health/mac:02010b41cdec/antenna/tag/e2806894000050038662154f, 91
1652706827.000063, sdrt-health/mac:02010b41cdec/antenna/tag/e2806894000040038662114f, 91
1652706827.039315, sdrt-health/mac:02010b41cdec/antenna/tag/e2806894000040038662054f, 81
1652706827.079991, sdrt-health/mac:02010b41cdec/antenna/tag/e2806894000040038662054f, 88
1652706827.136153, sdrt-health/mac:02010b41cdec/antenna/tag/e28068940000500386620d4f, 83
1652706827.136542, sdrt-health/mac:02010b41cdec/antenna/tag/e2806894000050038662194f, 84
1652706827.170386, sdrt-health/mac:02010b41cdec/antenna/tag/e28068940000500386620d4f, 87
1652706827.223956, sdrt-health/mac:02010b41cdec/antenna/tag/e2806894000050038661fd4f, 83
1652706827.224262, sdrt-health/mac:02010b41cdec/antenna/tag/e2806894000050038662194f, 84
1652706827.248423, sdrt-health/mac:02010b41cdec/antenna/tag/e28068940000500386620d4f, 87
1652706827.289316, sdrt-health/mac:02010b41cdec/antenna/tag/e2806894000040038662114f, 88
1652706827.330539, sdrt-health/mac:02010b41cdec/antenna/tag/e2806894000050038662154f, 88
1652706827.370155, sdrt-health/mac:02010b41cdec/antenna/tag/e2806894000040038662114f, 88
1652706827.409543, sdrt-health/mac:02010b41cdec/antenna/tag/e2806894000050038662194f, 87
1652706827.464629, sdrt-health/mac:02010b41cdec/antenna/tag/e28068940000500386620d4f, 93
1652706827.465099, sdrt-health/mac:02010b41cdec/antenna/tag/e28068940000500386620d4f, 93
1652706827.480693, sdrt-health/mac:02010b41cdec/antenna/tag/e2806894000050038661fd4f, 86
1652706827.534692, sdrt-health/mac:02010b41cdec/antenna/tag/e28068940000400386621d4f, 96
1652706827.53519, sdrt-health/mac:02010b41cdec/antenna/tag/e2806894000050038661fd4f, 86
1652706827.579271, sdrt-health/mac:02010b41cdec/antenna/tag/e28068940000500386620d4f, 83
1652706827.613038, sdrt-health/mac:02010b41cdec/antenna/tag/e2806894000050038661fd4f, 86
1652706827.613503, sdrt-health/mac:02010b41cdec/antenna/tag/e28068940000400386621d4f, 90
1652706827.629426, sdrt-health/mac:02010b41cdec/antenna/tag/e2806894000050038662194f, 81
1652706827.682009, sdrt-health/mac:02010b41cdec/antenna/tag/e28068940000500386620d4f, 81
1652706827.789298, sdrt-health/mac:02010b41cdec/antenna/tag/e2806894000040038662114f, 88
1652706827.858783, sdrt-health/mac:02010b41cdec/antenna/tag/e28068940000400386621d4f, 77
1652706827.916973, sdrt-health/mac:02010b41cdec/antenna/tag/e2806894000050038662194f, 83
1652706827.917473, sdrt-health/mac:02010b41cdec/antenna/tag/e2806894000050038662154f, 91
1652706827.931604, sdrt-health/mac:02010b41cdec/antenna/tag/e2806894000040038662114f, 91
1652706827.932081, sdrt-health/mac:02010b41cdec/antenna/tag/e2806894000050038662194f, 81
1652706827.940774, sdrt-health/mac:02010b41cdec/antenna/tag/e2806894000050038661fd4f, 86
1652706827.95202, sdrt-health/mac:02010b41cdec/antenna/tag/e2806894000050038662154f, 88
1652706827.989631, sdrt-health/mac:02010b41cdec/antenna/tag/e28068940000400386621d4f, 96
1652706828.041142, sdrt-health/mac:02010b41cdec/antenna/tag/e28068940000500386620d4f, 85
1652706828.081501, sdrt-health/mac:02010b41cdec/antenna/tag/e2806894000050038661fd4f, 83
1652706828.136665, sdrt-health/mac:02010b41cdec/antenna/tag/e2806894000040038662114f, 91
1652706828.137205, sdrt-health/mac:02010b41cdec/antenna/tag/e2806894000050038661fd4f, 86
1652706828.137556, sdrt-health/mac:02010b41cdec/antenna/tag/e28068940000400386621d4f, 96
1652706828.169494, sdrt-health/mac:02010b41cdec/antenna/tag/e2806894000050038662194f, 94
1652706828.226682, sdrt-health/mac:02010b41cdec/antenna/tag/e28068940000400386621d4f, 96
1652706828.226969, sdrt-health/mac:02010b41cdec/antenna/tag/e2806894000040038662114f, 88
1652706828.28852, sdrt-health/mac:02010b41cdec/antenna/tag/e2806894000050038662154f, 91
1652706828.340337, sdrt-health/mac:02010b41cdec/antenna/tag/e2806894000050038661fd4f, 83
1652706828.341493, sdrt-health/mac:02010b41cdec/antenna/tag/e2806894000040038662114f, 88
1652706828.410279, sdrt-health/mac:02010b41cdec/antenna/tag/e28068940000400386621d4f, 77
1652706828.460013, sdrt-health/mac:02010b41cdec/antenna/tag/e2806894000050038661fd4f, 83
1652706828.515293, sdrt-health/mac:02010b41cdec/antenna/tag/e28068940000400386621d4f, 77
1652706828.515686, sdrt-health/mac:02010b41cdec/antenna/tag/e2806894000050038661fd4f, 83
1652706828.547032, sdrt-health/mac:02010b41cdec/antenna/tag/e2806894000050038662194f, 88
1652706828.576325, sdrt-health/mac:02010b41cdec/antenna/tag/e2806894000040038662054f, 84
1652706828.576616, sdrt-health/mac:02010b41cdec/antenna/tag/e2806894000040038662114f, 85
1652706828.598816, sdrt-health/mac:02010b41cdec/antenna/tag/e2806894000040038662114f, 88
1652706828.65512, sdrt-health/mac:02010b41cdec/antenna/tag/e2806894000050038662194f, 81
1652706828.655635, sdrt-health/mac:02010b41cdec/antenna/tag/e2806894000050038662154f, 85
1652706828.669509, sdrt-health/mac:02010b41cdec/antenna/tag/e28068940000500386620d4f, 81
1652706828.690009, sdrt-health/mac:02010b41cdec/antenna/tag/e28068940000400386621d4f, 77
1652706828.757537, sdrt-health/mac:02010b41cdec/antenna/tag/e2806894000050038661fd4f, 86
1652706828.758013, sdrt-health/mac:02010b41cdec/antenna/tag/e2806894000040038662114f, 85
1652706828.772907, sdrt-health/mac:02010b41cdec/antenna/tag/e2806894000050038662194f, 88
1652706828.781095, sdrt-health/mac:02010b41cdec/antenna/tag/e2806894000050038661fd4f, 86
1652706828.829944, sdrt-health/mac:02010b41cdec/antenna/tag/e2806894000050038662154f, 85
1652706828.878231, sdrt-health/mac:02010b41cdec/antenna/tag/e2806894000040038662114f, 88
1652706828.935917, sdrt-health/mac:02010b41cdec/antenna/tag/e2806894000050038661fd4f, 86
1652706828.936425, sdrt-health/mac:02010b41cdec/antenna/tag/e28068940000500386620d4f, 94
1652706828.969985, sdrt-health/mac:02010b41cdec/antenna/tag/e28068940000400386621d4f, 77
1652706829.014206, sdrt-health/mac:02010b41cdec/antenna/tag/e28068940000400386621d4f, 77
1652706829.068917, sdrt-health/mac:02010b41cdec/antenna/tag/e28068940000400386621d4f, 90
1652706829.124623, sdrt-health/mac:02010b41cdec/antenna/tag/e2806894000040038662054f, 94
1652706829.125151, sdrt-health/mac:02010b41cdec/antenna/tag/e2806894000050038661fd4f, 86
1652706829.140165, sdrt-health/mac:02010b41cdec/antenna/tag/e2806894000050038662154f, 88
1652706829.173254, sdrt-health/mac:02010b41cdec/antenna/tag/e28068940000500386620d4f, 81
1652706829.173556, sdrt-health/mac:02010b41cdec/antenna/tag/e28068940000500386620d4f, 83
1652706829.1894, sdrt-health/mac:02010b41cdec/antenna/tag/e2806894000050038661fd4f, 86
1652706829.241546, sdrt-health/mac:02010b41cdec/antenna/tag/e2806894000050038662154f, 88
1652706829.28758, sdrt-health/mac:02010b41cdec/antenna/tag/e2806894000050038662194f, 81
1652706829.342782, sdrt-health/mac:02010b41cdec/antenna/tag/e2806894000040038662114f, 91
1652706829.343115, sdrt-health/mac:02010b41cdec/antenna/tag/e2806894000050038661fd4f, 83
1652706829.357366, sdrt-health/mac:02010b41cdec/antenna/tag/e2806894000040038662114f, 85
1652706829.357575, sdrt-health/mac:02010b41cdec/antenna/tag/e2806894000050038662194f, 81
1652706829.370312, sdrt-health/mac:02010b41cdec/antenna/tag/e2806894000050038662154f, 88
1652706829.439386, sdrt-health/mac:02010b41cdec/antenna/tag/e2806894000050038662154f, 91
1652706829.487932, sdrt-health/mac:02010b41cdec/antenna/tag/e28068940000500386620d4f, 81
1652706829.518192, sdrt-health/mac:02010b41cdec/antenna/tag/e28068940000400386621d4f, 96
1652706829.51857, sdrt-health/mac:02010b41cdec/antenna/tag/e2806894000050038661fd4f, 86
1652706829.531908, sdrt-health/mac:02010b41cdec/antenna/tag/e28068940000400386621d4f, 96
1652706829.569887, sdrt-health/mac:02010b41cdec/antenna/tag/e2806894000050038662194f, 84
1652706829.619388, sdrt-health/mac:02010b41cdec/antenna/tag/e2806894000050038661fd4f, 90
1652706829.65987, sdrt-health/mac:02010b41cdec/antenna/tag/e2806894000050038662154f, 91
1652706829.713721, sdrt-health/mac:02010b41cdec/antenna/tag/e2806894000050038662194f, 81
1652706829.714202, sdrt-health/mac:02010b41cdec/antenna/tag/e2806894000040038662114f, 91
1652706829.739755, sdrt-health/mac:02010b41cdec/antenna/tag/e28068940000400386621d4f, 77
1652706829.781573, sdrt-health/mac:02010b41cdec/antenna/tag/e28068940000400386621d4f, 77
1652706829.903441, sdrt-health/mac:02010b41cdec/antenna/tag/e2806894000050038661fd4f, 83
1652706829.903931, sdrt-health/mac:02010b41cdec/antenna/tag/e2806894000050038662154f, 91
1652706829.969744, sdrt-health/mac:02010b41cdec/antenna/tag/e2806894000040038662114f, 85
1652706830.01, sdrt-health/mac:02010b41cdec/antenna/tag/e2806894000050038662194f, 83
1652706830.049067, sdrt-health/mac:02010b41cdec/antenna/tag/e2806894000050038662154f, 85
1652706830.078469, sdrt-health/mac:02010b41cdec/antenna/tag/e2806894000040038662114f, 88
1652706830.078783, sdrt-health/mac:02010b41cdec/antenna/tag/e2806894000050038662194f, 81
1652706830.078983, sdrt-health/mac:02010b41cdec/antenna/tag/e2806894000050038661fd4f, 83
1652706830.094763, sdrt-health/mac:02010b41cdec/antenna/tag/e28068940000400386621d4f, 96
1652706830.14121, sdrt-health/mac:02010b41cdec/antenna/tag/e28068940000500386620d4f, 93
1652706830.194954, sdrt-health/mac:02010b41cdec/antenna/tag/e2806894000050038662154f, 91
1652706830.195428, sdrt-health/mac:02010b41cdec/antenna/tag/e2806894000050038662194f, 88
1652706830.210392, sdrt-health/mac:02010b41cdec/antenna/tag/e2806894000040038662054f, 81
1652706830.219412, sdrt-health/mac:02010b41cdec/antenna/tag/e2806894000040038662114f, 88
1652706830.268286, sdrt-health/mac:02010b41cdec/antenna/tag/e2806894000050038662194f, 81
1652706830.360033, sdrt-health/mac:02010b41cdec/antenna/tag/e28068940000500386620d4f, 81
1652706830.39948, sdrt-health/mac:02010b41cdec/antenna/tag/e2806894000040038662054f, 94
1652706830.441039, sdrt-health/mac:02010b41cdec/antenna/tag/e28068940000500386620d4f, 87
1652706830.494289, sdrt-health/mac:02010b41cdec/antenna/tag/e2806894000040038662054f, 83
1652706830.494794, sdrt-health/mac:02010b41cdec/antenna/tag/e2806894000050038661fd4f, 86
1652706830.49513, sdrt-health/mac:02010b41cdec/antenna/tag/e2806894000050038661fd4f, 86
1652706830.521157, sdrt-health/mac:02010b41cdec/antenna/tag/e2806894000040038662054f, 83
1652706830.57927, sdrt-health/mac:02010b41cdec/antenna/tag/e28068940000400386621d4f, 96
1652706830.579731, sdrt-health/mac:02010b41cdec/antenna/tag/e28068940000400386621d4f, 96
1652706830.594154, sdrt-health/mac:02010b41cdec/antenna/tag/e2806894000040038662054f, 81
1652706830.620114, sdrt-health/mac:02010b41cdec/antenna/tag/e28068940000400386621d4f, 77
1652706830.670118, sdrt-health/mac:02010b41cdec/antenna/tag/e2806894000050038662194f, 93
1652706830.701615, sdrt-health/mac:02010b41cdec/antenna/tag/e28068940000400386621d4f, 96
1652706830.702136, sdrt-health/mac:02010b41cdec/antenna/tag/e2806894000040038662114f, 91
1652706830.702513, sdrt-health/mac:02010b41cdec/antenna/tag/e28068940000500386620d4f, 84
1652706830.719062, sdrt-health/mac:02010b41cdec/antenna/tag/e2806894000050038662194f, 81
1652706830.719346, sdrt-health/mac:02010b41cdec/antenna/state, connected
1652706830.735386, sdrt-health/mac:02010b41cdec/fw, {"version":"1.8.1","model":"200","hash":"2f556501b58f1dad542af428d7928d18","timestamp":1652706827}
1652706830.759619, sdrt-health/mac:02010b41cdec/antenna/tag/e2806894000050038661fd4f, 86
1652706830.799343, sdrt-health/mac:02010b41cdec/antenna/tag/e2806894000040038662114f, 91
1652706830.839574, sdrt-health/mac:02010b41cdec/antenna/tag/e2806894000050038661fd4f, 83
1652706830.920828, sdrt-health/mac:02010b41cdec/antenna/version, h@bO
1652706830.968177, sdrt-health/mac:02010b41cdec/antenna/tag/e2806894000040038662114f, 85
1652706831.017644, sdrt-health/mac:02010b41cdec/antenna/tag/e2806894000050038662194f, 83
1652706831.077484, sdrt-health/mac:02010b41cdec/antenna/tag/e2806894000050038662154f, 91
1652706831.077991, sdrt-health/mac:02010b41cdec/antenna/tag/e28068940000500386620d4f, 87
1652706831.095342, sdrt-health/mac:02010b41cdec/antenna/tag/e28068940000400386621d4f, 96
1652706831.099616, sdrt-health/mac:02010b41cdec/antenna/tag/e2806894000050038662194f, 83
1652706831.120733, sdrt-health/mac:02010b41cdec/antenna/tag/e2806894000050038662154f, 91
1652706831.134371, sdrt-health/mac:02010b41cdec/antenna/tag/e2806894000050038662154f, 97
1652706831.202969, sdrt-health/mac:02010b41cdec/antenna/tag/e2806894000050038662194f, 81
1652706831.203444, sdrt-health/mac:02010b41cdec/antenna/tag/e2806894000050038662154f, 88
1652706831.230118, sdrt-health/mac:02010b41cdec/antenna/tag/e2806894000050038662194f, 81
1652706831.277813, sdrt-health/mac:02010b41cdec/antenna/tag/e2806894000050038662154f, 91
1652706831.336461, sdrt-health/mac:02010b41cdec/antenna/tag/e2806894000040038662114f, 88
1652706831.337107, sdrt-health/mac:02010b41cdec/antenna/tag/e2806894000040038662114f, 88
1652706831.352774, sdrt-health/mac:02010b41cdec/antenna/tag/e28068940000500386620d4f, 93
1652706831.418343, sdrt-health/mac:02010b41cdec/antenna/tag/e28068940000400386621d4f, 96
1652706831.418803, sdrt-health/mac:02010b41cdec/antenna/tag/e2806894000050038662154f, 91
1652706831.440564, sdrt-health/mac:02010b41cdec/antenna/tag/e28068940000500386620d4f, 87
1652706831.489285, sdrt-health/mac:02010b41cdec/antenna/tag/e28068940000500386620d4f, 87
1652706831.523105, sdrt-health/mac:02010b41cdec/antenna/tag/e2806894000050038661fd4f, 86
1652706831.523504, sdrt-health/mac:02010b41cdec/antenna/tag/e2806894000040038662114f, 88
1652706831.537788, sdrt-health/mac:02010b41cdec/antenna/tag/e2806894000050038662154f, 91
1652706831.53815, sdrt-health/mac:02010b41cdec/antenna/tag/e2806894000040038661f94f, 94
1652706831.580985, sdrt-health/mac:02010b41cdec/antenna/tag/e28068940000400386621d4f, 96
1652706831.654735, sdrt-health/mac:02010b41cdec/antenna/tag/e2806894000050038661fd4f, 86
1652706831.655218, sdrt-health/mac:02010b41cdec/antenna/tag/e2806894000050038662194f, 88
1652706831.682932, sdrt-health/mac:02010b41cdec/antenna/tag/e2806894000050038662154f, 91
1652706831.715067, sdrt-health/mac:02010b41cdec/antenna/tag/e28068940000400386621d4f, 96
1652706831.715417, sdrt-health/mac:02010b41cdec/antenna/tag/e2806894000050038661fd4f, 86
1652706831.73004, sdrt-health/mac:02010b41cdec/antenna/tag/e2806894000050038661fd4f, 86
1652706831.759546, sdrt-health/mac:02010b41cdec/antenna/tag/e28068940000400386621d4f, 96
1652706831.811956, sdrt-health/mac:02010b41cdec/antenna/tag/e28068940000500386620d4f, 83
1652706831.850613, sdrt-health/mac:02010b41cdec/antenna/tag/e2806894000050038662154f, 88
1652706831.882868, sdrt-health/mac:02010b41cdec/antenna/tag/e2806894000040038662114f, 93
1652706831.883251, sdrt-health/mac:02010b41cdec/antenna/tag/e28068940000400386621d4f, 77
1652706831.899065, sdrt-health/mac:02010b41cdec/antenna/tag/e2806894000040038662114f, 88
1652706831.948423, sdrt-health/mac:02010b41cdec/antenna/tag/e2806894000050038662154f, 91
1652706831.98236, sdrt-health/mac:02010b41cdec/antenna/tag/e2806894000040038662054f, 81
1652706831.982678, sdrt-health/mac:02010b41cdec/antenna/tag/e28068940000400386621d4f, 96
1652706831.999401, sdrt-health/mac:02010b41cdec/antenna/tag/e2806894000040038662114f, 88
1652706831.999696, sdrt-health/mac:02010b41cdec/antenna/tag/e28068940000500386620d4f, 93
1652706832.041086, sdrt-health/mac:02010b41cdec/antenna/tag/e2806894000050038661fd4f, 86
1652706832.083779, sdrt-health/mac:02010b41cdec/antenna/tag/e2806894000050038661fd4f, 86
1652706832.135989, sdrt-health/mac:02010b41cdec/antenna/tag/e2806894000050038662194f, 94
1652706832.136472, sdrt-health/mac:02010b41cdec/antenna/tag/e2806894000040038662054f, 94
1652706832.15217, sdrt-health/mac:02010b41cdec/antenna/tag/e28068940000500386620d4f, 94
1652706832.169127, sdrt-health/mac:02010b41cdec/antenna/tag/e2806894000050038662194f, 83
1652706832.211077, sdrt-health/mac:02010b41cdec/antenna/tag/e2806894000050038661fd4f, 86
1652706832.249699, sdrt-health/mac:02010b41cdec/antenna/tag/e28068940000400386621d4f, 90
1652706832.317711, sdrt-health/mac:02010b41cdec/antenna/tag/e28068940000500386620d4f, 81
1652706832.318167, sdrt-health/mac:02010b41cdec/antenna/tag/e2806894000050038662194f, 81
1652706832.359493, sdrt-health/mac:02010b41cdec/antenna/tag/e2806894000050038662154f, 85
1652706832.391544, sdrt-health/mac:02010b41cdec/antenna/tag/e2806894000050038661fd4f, 83
1652706832.391801, sdrt-health/mac:02010b41cdec/antenna/tag/e28068940000500386620d4f, 81
1652706832.406776, sdrt-health/mac:02010b41cdec/antenna/tag/e2806894000050038662194f, 81
1652706832.45077, sdrt-health/mac:02010b41cdec/antenna/tag/e2806894000050038662194f, 83
1652706832.498614, sdrt-health/mac:02010b41cdec/antenna/tag/e2806894000040038662114f, 88
1652706832.539911, sdrt-health/mac:02010b41cdec/antenna/tag/e2806894000050038661fd4f, 83
1652706832.590303, sdrt-health/mac:02010b41cdec/antenna/tag/e2806894000050038661fd4f, 86
1652706832.632136, sdrt-health/mac:02010b41cdec/antenna/tag/e2806894000050038662194f, 81
1652706832.706624, sdrt-health/mac:02010b41cdec/antenna/tag/e2806894000040038662114f, 88
1652706832.707129, sdrt-health/mac:02010b41cdec/antenna/tag/e2806894000040038661f94f, 84
1652706832.739282, sdrt-health/mac:02010b41cdec/antenna/tag/e2806894000050038661fd4f, 86
1652706832.792866, sdrt-health/mac:02010b41cdec/antenna/tag/e2806894000050038662154f, 88
1652706832.824258, sdrt-health/mac:02010b41cdec/antenna/tag/e2806894000040038661f94f, 94
1652706832.824547, sdrt-health/mac:02010b41cdec/antenna/tag/e2806894000050038662194f, 88
1652706832.842563, sdrt-health/mac:02010b41cdec/antenna/tag/e2806894000040038662114f, 88
1652706832.864595, sdrt-health/mac:02010b41cdec/antenna/tag/e2806894000050038661fd4f, 83
1652706832.919637, sdrt-health/mac:02010b41cdec/antenna/tag/e28068940000500386620d4f, 85
1652706832.978576, sdrt-health/mac:02010b41cdec/antenna/tag/e2806894000040038662114f, 91
1652706832.97913, sdrt-health/mac:02010b41cdec/antenna/tag/e28068940000400386621d4f, 96
1652706832.994342, sdrt-health/mac:02010b41cdec/antenna/tag/e28068940000400386621d4f, 96
1652706832.994719, sdrt-health/mac:02010b41cdec/antenna/tag/e2806894000040038662114f, 91
1652706832.999972, sdrt-health/mac:02010b41cdec/antenna/tag/e2806894000040038662054f, 94
1652706833.009998, sdrt-health/mac:02010b41cdec/antenna/tag/e2806894000040038662114f, 88
1652706833.04895, sdrt-health/mac:02010b41cdec/antenna/tag/e2806894000040038662114f, 88
1652706833.100511, sdrt-health/mac:02010b41cdec/antenna/tag/e2806894000040038662054f, 81
1652706833.149209, sdrt-health/mac:02010b41cdec/antenna/tag/e28068940000500386620d4f, 87
1652706833.207961, sdrt-health/mac:02010b41cdec/antenna/tag/e28068940000400386621d4f, 96
1652706833.20843, sdrt-health/mac:02010b41cdec/antenna/tag/e2806894000050038662154f, 88
1652706833.208774, sdrt-health/mac:02010b41cdec/antenna/tag/e28068940000500386620d4f, 81
1652706833.225834, sdrt-health/mac:02010b41cdec/antenna/tag/e2806894000040038662114f, 88
1652706833.226133, sdrt-health/mac:02010b41cdec/antenna/tag/e28068940000400386621d4f, 96
1652706833.239978, sdrt-health/mac:02010b41cdec/antenna/tag/e28068940000500386620d4f, 81
1652706833.280928, sdrt-health/mac:02010b41cdec/antenna/tag/e2806894000050038661fd4f, 86
1652706833.31991, sdrt-health/mac:02010b41cdec/antenna/tag/e2806894000050038662154f, 85
1652706833.379055, sdrt-health/mac:02010b41cdec/antenna/tag/e2806894000040038662054f, 84
1652706833.379529, sdrt-health/mac:02010b41cdec/antenna/tag/e28068940000500386620d4f, 87
1652706833.400727, sdrt-health/mac:02010b41cdec/antenna/tag/e2806894000040038662114f, 88
1652706833.457506, sdrt-health/mac:02010b41cdec/antenna/tag/e28068940000400386621d4f, 90
1652706833.457968, sdrt-health/mac:02010b41cdec/antenna/tag/e28068940000400386621d4f, 90
1652706833.490109, sdrt-health/mac:02010b41cdec/antenna/tag/e28068940000400386621d4f, 96
1652706833.547062, sdrt-health/mac:02010b41cdec/antenna/tag/e2806894000050038661fd4f, 86
1652706833.547532, sdrt-health/mac:02010b41cdec/antenna/tag/e2806894000040038662054f, 83
1652706833.563335, sdrt-health/mac:02010b41cdec/antenna/tag/e28068940000500386620d4f, 88
1652706833.620067, sdrt-health/mac:02010b41cdec/antenna/tag/e2806894000050038661fd4f, 83
1652706833.691722, sdrt-health/mac:02010b41cdec/antenna/tag/e2806894000050038662194f, 84
1652706833.801046, sdrt-health/mac:02010b41cdec/antenna/tag/e2806894000050038662154f, 88
1652706833.850076, sdrt-health/mac:02010b41cdec/antenna/tag/e2806894000050038662154f, 85
1652706833.913451, sdrt-health/mac:02010b41cdec/antenna/tag/e2806894000050038662154f, 97
1652706833.913919, sdrt-health/mac:02010b41cdec/antenna/tag/e28068940000400386621d4f, 96
1652706833.930219, sdrt-health/mac:02010b41cdec/antenna/tag/e28068940000400386621d4f, 96
1652706833.940964, sdrt-health/mac:02010b41cdec/antenna/tag/e2806894000040038662114f, 88
1652706833.947071, sdrt-health/mac:02010b41cdec/antenna/tag/e28068940000500386620d4f, 93
1652706833.947322, sdrt-health/mac:02010b41cdec/antenna/tag/e2806894000050038661fd4f, 86
1652706833.947478, sdrt-health/mac:02010b41cdec/antenna/tag/e28068940000400386621d4f, 96
1652706833.991355, sdrt-health/mac:02010b41cdec/antenna/tag/e2806894000040038662114f, 88
1652706834.040252, sdrt-health/mac:02010b41cdec/antenna/tag/e2806894000050038662154f, 91
1652706834.09726, sdrt-health/mac:02010b41cdec/antenna/tag/e2806894000050038662154f, 88
1652706834.097736, sdrt-health/mac:02010b41cdec/antenna/tag/e28068940000400386621d4f, 96
1652706834.120887, sdrt-health/mac:02010b41cdec/antenna/tag/e2806894000050038662194f, 94
1652706834.170393, sdrt-health/mac:02010b41cdec/antenna/tag/e2806894000040038662054f, 88
1652706834.234904, sdrt-health/mac:02010b41cdec/antenna/tag/e28068940000500386620d4f, 94
1652706834.235362, sdrt-health/mac:02010b41cdec/antenna/tag/e2806894000050038662194f, 81
1652706834.290095, sdrt-health/mac:02010b41cdec/antenna/tag/e2806894000040038662114f, 91
1652706834.329896, sdrt-health/mac:02010b41cdec/antenna/tag/e2806894000050038661fd4f, 86
1652706834.385913, sdrt-health/mac:02010b41cdec/antenna/tag/e2806894000050038662194f, 81
1652706834.386375, sdrt-health/mac:02010b41cdec/antenna/tag/e2806894000040038662114f, 85
1652706834.410322, sdrt-health/mac:02010b41cdec/antenna/tag/e28068940000500386620d4f, 81
1652706834.474582, sdrt-health/mac:02010b41cdec/antenna/tag/e2806894000040038662114f, 91
1652706834.475048, sdrt-health/mac:02010b41cdec/antenna/tag/e2806894000050038661fd4f, 86
1652706834.49203, sdrt-health/mac:02010b41cdec/antenna/tag/e28068940000500386620d4f, 88
1652706834.500693, sdrt-health/mac:02010b41cdec/antenna/tag/e28068940000400386621d4f, 96
1652706834.540837, sdrt-health/mac:02010b41cdec/antenna/tag/e28068940000400386621d4f, 90
1652706834.605083, sdrt-health/mac:02010b41cdec/antenna/tag/e28068940000500386620d4f, 83
1652706834.605613, sdrt-health/mac:02010b41cdec/antenna/tag/e28068940000400386621d4f, 96
1652706834.605945, sdrt-health/mac:02010b41cdec/antenna/tag/e2806894000050038661fd4f, 83
1652706834.620538, sdrt-health/mac:02010b41cdec/antenna/tag/e2806894000050038662154f, 91
1652706834.621382, sdrt-health/mac:02010b41cdec/antenna/tag/e28068940000400386621d4f, 90
1652706834.629634, sdrt-health/mac:02010b41cdec/antenna/tag/e28068940000500386620d4f, 88
1652706834.680052, sdrt-health/mac:02010b41cdec/antenna/tag/e2806894000050038661fd4f, 86
1652706834.741896, sdrt-health/mac:02010b41cdec/antenna/tag/e2806894000050038662194f, 83
1652706834.742398, sdrt-health/mac:02010b41cdec/antenna/tag/e2806894000040038662114f, 88
1652706834.742733, sdrt-health/mac:02010b41cdec/antenna/tag/e28068940000500386620d4f, 94
1652706834.758383, sdrt-health/mac:02010b41cdec/antenna/tag/e2806894000050038661fd4f, 83
1652706834.762176, sdrt-health/mac:02010b41cdec/antenna/tag/e2806894000050038662154f, 91
1652706834.810757, sdrt-health/mac:02010b41cdec/antenna/tag/e2806894000050038662194f, 94
1652706834.87696, sdrt-health/mac:02010b41cdec/antenna/tag/e2806894000040038662114f, 88
1652706834.877438, sdrt-health/mac:02010b41cdec/antenna/tag/e2806894000050038661fd4f, 86
1652706834.877779, sdrt-health/mac:02010b41cdec/antenna/tag/e2806894000050038662154f, 91
1652706834.908807, sdrt-health/mac:02010b41cdec/antenna/tag/e2806894000050038662154f, 85
1652706834.951013, sdrt-health/mac:02010b41cdec/antenna/tag/e28068940000500386620d4f, 87
1652706834.991227, sdrt-health/mac:02010b41cdec/antenna/tag/e2806894000040038661f94f, 88
1652706835.094673, sdrt-health/mac:02010b41cdec/antenna/tag/e2806894000050038662154f, 85
1652706835.0952, sdrt-health/mac:02010b41cdec/antenna/tag/e2806894000040038662114f, 85
1652706835.119909, sdrt-health/mac:02010b41cdec/antenna/tag/e2806894000040038662114f, 85
1652706835.161402, sdrt-health/mac:02010b41cdec/antenna/tag/e28068940000400386621d4f, 77
1652706835.231424, sdrt-health/mac:02010b41cdec/antenna/tag/e28068940000500386620d4f, 81
1652706835.270651, sdrt-health/mac:02010b41cdec/antenna/tag/e2806894000050038661fd4f, 86
1652706835.311073, sdrt-health/mac:02010b41cdec/antenna/tag/e2806894000050038661fd4f, 86
1652706835.366426, sdrt-health/mac:02010b41cdec/antenna/tag/e2806894000050038662154f, 91
1652706835.367096, sdrt-health/mac:02010b41cdec/antenna/tag/e2806894000040038662114f, 88
1652706835.389615, sdrt-health/mac:02010b41cdec/antenna/tag/e2806894000050038662194f, 94
1652706835.438223, sdrt-health/mac:02010b41cdec/antenna/tag/e28068940000400386621d4f, 77
1652706835.525267, sdrt-health/mac:02010b41cdec/antenna/tag/e2806894000040038662114f, 88
1652706835.559149, sdrt-health/mac:02010b41cdec/antenna/tag/e2806894000050038662194f, 81
1652706835.559623, sdrt-health/mac:02010b41cdec/antenna/tag/e28068940000500386620d4f, 81
1652706835.559943, sdrt-health/mac:02010b41cdec/antenna/tag/e28068940000500386620d4f, 81
1652706835.575074, sdrt-health/mac:02010b41cdec/antenna/tag/e2806894000040038662054f, 81
1652706835.611151, sdrt-health/mac:02010b41cdec/antenna/tag/e28068940000500386620d4f, 94
1652706835.700081, sdrt-health/mac:02010b41cdec/antenna/tag/e2806894000050038661fd4f, 86
1652706835.740091, sdrt-health/mac:02010b41cdec/antenna/tag/e2806894000050038662194f, 83
1652706835.817121, sdrt-health/mac:02010b41cdec/antenna/tag/e28068940000400386621d4f, 96
1652706835.817621, sdrt-health/mac:02010b41cdec/antenna/tag/e28068940000500386620d4f, 83
1652706835.891058, sdrt-health/mac:02010b41cdec/antenna/tag/e2806894000040038662114f, 88
1652706835.940294, sdrt-health/mac:02010b41cdec/antenna/tag/e2806894000040038662114f, 91
1652706836.061242, sdrt-health/mac:02010b41cdec/antenna/tag/e2806894000050038661fd4f, 86
1652706836.097632, sdrt-health/mac:02010b41cdec/antenna/tag/e2806894000050038661fd4f, 86
1652706836.098131, sdrt-health/mac:02010b41cdec/antenna/tag/e28068940000400386621d4f, 90
1652706836.098435, sdrt-health/mac:02010b41cdec/antenna/tag/e2806894000040038662114f, 91
1652706836.14075, sdrt-health/mac:02010b41cdec/antenna/tag/e2806894000050038661fd4f, 90
1652706836.179639, sdrt-health/mac:02010b41cdec/antenna/tag/e2806894000050038661fd4f, 86
1652706836.22019, sdrt-health/mac:02010b41cdec/antenna/tag/e28068940000500386620d4f, 84
1652706836.276416, sdrt-health/mac:02010b41cdec/antenna/tag/e2806894000040038662114f, 85
1652706836.358136, sdrt-health/mac:02010b41cdec/antenna/tag/e2806894000050038662154f, 91
1652706836.358631, sdrt-health/mac:02010b41cdec/antenna/tag/e2806894000040038662114f, 85
1652706836.388128, sdrt-health/mac:02010b41cdec/antenna/tag/e2806894000050038661fd4f, 83
1652706836.45712, sdrt-health/mac:02010b41cdec/antenna/tag/e2806894000040038662114f, 88
1652706836.457599, sdrt-health/mac:02010b41cdec/antenna/tag/e2806894000050038661fd4f, 83
1652706836.474108, sdrt-health/mac:02010b41cdec/antenna/tag/e2806894000050038662154f, 88
1652706836.493664, sdrt-health/mac:02010b41cdec/antenna/tag/e28068940000500386620d4f, 81
1652706836.526768, sdrt-health/mac:02010b41cdec/antenna/tag/e2806894000050038661fd4f, 97
1652706836.630612, sdrt-health/mac:02010b41cdec/antenna/tag/e2806894000040038662114f, 85
1652706836.631079, sdrt-health/mac:02010b41cdec/antenna/tag/e2806894000040038662054f, 81
1652706836.65079, sdrt-health/mac:02010b41cdec/antenna/tag/e28068940000400386621d4f, 96
1652706836.711679, sdrt-health/mac:02010b41cdec/antenna/tag/e2806894000050038662154f, 88
1652706836.712143, sdrt-health/mac:02010b41cdec/antenna/tag/e28068940000400386621d4f, 96
1652706836.738964, sdrt-health/mac:02010b41cdec/antenna/tag/e2806894000050038662194f, 83
1652706836.785312, sdrt-health/mac:02010b41cdec/antenna/tag/e2806894000040038662114f, 85
1652706836.7856, sdrt-health/mac:02010b41cdec/antenna/tag/e28068940000500386620d4f, 94
1652706836.804589, sdrt-health/mac:02010b41cdec/antenna/tag/e2806894000050038661fd4f, 83
1652706836.811134, sdrt-health/mac:02010b41cdec/antenna/tag/e28068940000500386620d4f, 81
1652706836.821173, sdrt-health/mac:02010b41cdec/antenna/tag/e2806894000040038662054f, 94
1652706836.87017, sdrt-health/mac:02010b41cdec/antenna/tag/e2806894000040038662054f, 84
1652706836.910338, sdrt-health/mac:02010b41cdec/antenna/tag/e2806894000050038661fd4f, 86
1652706836.967105, sdrt-health/mac:02010b41cdec/antenna/tag/e2806894000040038662114f, 88
1652706836.967618, sdrt-health/mac:02010b41cdec/antenna/tag/e2806894000050038662194f, 82
1652706837.001715, sdrt-health/mac:02010b41cdec/antenna/tag/e28068940000500386620d4f, 81
1652706837.041597, sdrt-health/mac:02010b41cdec/antenna/tag/e2806894000040038662114f, 91
1652706837.07986, sdrt-health/mac:02010b41cdec/antenna/tag/e2806894000050038662154f, 88
1652706837.128079, sdrt-health/mac:02010b41cdec/antenna/tag/e2806894000040038662114f, 91
1652706837.178712, sdrt-health/mac:02010b41cdec/antenna/tag/e2806894000050038662194f, 87
1652706837.209927, sdrt-health/mac:02010b41cdec/antenna/tag/e2806894000040038662114f, 88
1652706837.21021, sdrt-health/mac:02010b41cdec/antenna/tag/e2806894000040038662114f, 91
1652706837.226687, sdrt-health/mac:02010b41cdec/antenna/tag/e2806894000050038662154f, 91
1652706837.226924, sdrt-health/mac:02010b41cdec/antenna/tag/e2806894000050038661fd4f, 86
1652706837.24999, sdrt-health/mac:02010b41cdec/antenna/tag/e2806894000050038661fd4f, 86
1652706837.313449, sdrt-health/mac:02010b41cdec/antenna/tag/e2806894000040038662054f, 94
1652706837.313909, sdrt-health/mac:02010b41cdec/antenna/tag/e2806894000050038662154f, 91
1652706837.330027, sdrt-health/mac:02010b41cdec/antenna/tag/e2806894000040038662054f, 94
1652706837.340413, sdrt-health/mac:02010b41cdec/antenna/tag/e28068940000500386620d4f, 81
1652706837.399112, sdrt-health/mac:02010b41cdec/antenna/tag/e28068940000400386621d4f, 77
1652706837.448053, sdrt-health/mac:02010b41cdec/antenna/tag/e28068940000500386620d4f, 94
1652706837.554424, sdrt-health/mac:02010b41cdec/antenna/tag/e2806894000050038662154f, 88
1652706837.554894, sdrt-health/mac:02010b41cdec/antenna/tag/e2806894000050038662154f, 91
1652706837.589072, sdrt-health/mac:02010b41cdec/antenna/tag/e2806894000050038662154f, 88
1652706837.646194, sdrt-health/mac:02010b41cdec/antenna/tag/e2806894000050038661fd4f, 83
1652706837.646734, sdrt-health/mac:02010b41cdec/antenna/tag/e2806894000040038662114f, 88
1652706837.662824, sdrt-health/mac:02010b41cdec/antenna/tag/e2806894000040038662114f, 88
1652706837.687725, sdrt-health/mac:02010b41cdec/antenna/tag/e2806894000050038662194f, 81
1652706837.725352, sdrt-health/mac:02010b41cdec/antenna/tag/e2806894000050038662194f, 81
1652706837.785783, sdrt-health/mac:02010b41cdec/antenna/tag/e2806894000050038661fd4f, 86
1652706837.786096, sdrt-health/mac:02010b41cdec/antenna/tag/e28068940000500386620d4f, 87
1652706837.812226, sdrt-health/mac:02010b41cdec/antenna/tag/e2806894000050038662154f, 91
1652706837.846913, sdrt-health/mac:02010b41cdec/antenna/tag/e2806894000040038662114f, 88
1652706837.847151, sdrt-health/mac:02010b41cdec/antenna/tag/e28068940000400386621d4f, 96
1652706837.865241, sdrt-health/mac:02010b41cdec/antenna/tag/e2806894000050038661fd4f, 86
1652706837.8656, sdrt-health/mac:02010b41cdec/antenna/tag/e2806894000040038662114f, 91
1652706837.900716, sdrt-health/mac:02010b41cdec/antenna/tag/e2806894000040038661f94f, 83
1652706837.940566, sdrt-health/mac:02010b41cdec/antenna/tag/e2806894000050038661fd4f, 86
1652706837.980598, sdrt-health/mac:02010b41cdec/antenna/tag/e28068940000400386621d4f, 96
1652706838.100712, sdrt-health/mac:02010b41cdec/antenna/tag/e28068940000500386620d4f, 87
1652706838.201009, sdrt-health/mac:02010b41cdec/antenna/tag/e2806894000050038661fd4f, 83
1652706838.240326, sdrt-health/mac:02010b41cdec/antenna/tag/e28068940000500386620d4f, 83
1652706838.30661, sdrt-health/mac:02010b41cdec/antenna/tag/e28068940000400386621d4f, 96
1652706838.307121, sdrt-health/mac:02010b41cdec/antenna/tag/e2806894000040038661f94f, 81
1652706838.32424, sdrt-health/mac:02010b41cdec/antenna/tag/e2806894000040038662054f, 94
1652706838.339942, sdrt-health/mac:02010b41cdec/antenna/tag/e28068940000500386620d4f, 83
1652706838.411237, sdrt-health/mac:02010b41cdec/antenna/tag/e2806894000040038662114f, 88
1652706838.458609, sdrt-health/mac:02010b41cdec/antenna/tag/e28068940000400386621d4f, 96
1652706838.542366, sdrt-health/mac:02010b41cdec/antenna/tag/e2806894000050038661fd4f, 86
1652706838.542865, sdrt-health/mac:02010b41cdec/antenna/tag/e2806894000040038662054f, 88
1652706838.670957, sdrt-health/mac:02010b41cdec/antenna/tag/e2806894000040038662114f, 91
1652706838.71169, sdrt-health/mac:02010b41cdec/antenna/tag/e2806894000050038662154f, 88
1652706838.807882, sdrt-health/mac:02010b41cdec/antenna/tag/e2806894000050038662154f, 88
1652706838.849268, sdrt-health/mac:02010b41cdec/antenna/tag/e2806894000040038661f94f, 94
1652706838.889788, sdrt-health/mac:02010b41cdec/antenna/tag/e2806894000050038661fd4f, 83
1652706838.963593, sdrt-health/mac:02010b41cdec/antenna/tag/e28068940000500386620d4f, 83
1652706838.964126, sdrt-health/mac:02010b41cdec/antenna/tag/e2806894000040038662114f, 97
1652706838.991368, sdrt-health/mac:02010b41cdec/antenna/tag/e2806894000050038662154f, 91
1652706839.024715, sdrt-health/mac:02010b41cdec/antenna/tag/e2806894000050038661fd4f, 86
1652706839.024991, sdrt-health/mac:02010b41cdec/antenna/tag/e2806894000040038662114f, 88
1652706839.025162, sdrt-health/mac:02010b41cdec/antenna/tag/e2806894000040038662114f, 88
1652706839.050262, sdrt-health/mac:02010b41cdec/antenna/tag/e28068940000500386620d4f, 93
1652706839.085524, sdrt-health/mac:02010b41cdec/antenna/tag/e2806894000040038662114f, 88
1652706839.129803, sdrt-health/mac:02010b41cdec/antenna/tag/e2806894000050038661fd4f, 86
1652706839.217067, sdrt-health/mac:02010b41cdec/antenna/tag/e28068940000400386621d4f, 96
1652706839.21767, sdrt-health/mac:02010b41cdec/antenna/tag/e2806894000040038662114f, 85
1652706839.248555, sdrt-health/mac:02010b41cdec/antenna/tag/e2806894000050038662194f, 81
1652706839.248994, sdrt-health/mac:02010b41cdec/antenna/tag/e2806894000040038661f94f, 110
1652706839.298496, sdrt-health/mac:02010b41cdec/antenna/tag/e2806894000050038662194f, 83
1652706839.355639, sdrt-health/mac:02010b41cdec/antenna/tag/e2806894000050038662154f, 85
1652706839.356169, sdrt-health/mac:02010b41cdec/antenna/tag/e2806894000050038662194f, 81
1652706839.372603, sdrt-health/mac:02010b41cdec/antenna/tag/e2806894000050038662154f, 97
1652706839.380409, sdrt-health/mac:02010b41cdec/antenna/tag/e2806894000040038662114f, 88
1652706839.431565, sdrt-health/mac:02010b41cdec/antenna/tag/e2806894000050038661fd4f, 83
1652706839.497208, sdrt-health/mac:02010b41cdec/antenna/tag/e2806894000050038662154f, 91
1652706839.497659, sdrt-health/mac:02010b41cdec/antenna/tag/e2806894000050038662154f, 97
1652706839.512877, sdrt-health/mac:02010b41cdec/antenna/tag/e28068940000500386620d4f, 94
1652706839.539573, sdrt-health/mac:02010b41cdec/antenna/tag/e2806894000050038662194f, 81
1652706839.571628, sdrt-health/mac:02010b41cdec/antenna/tag/e28068940000400386621d4f, 96
1652706839.571874, sdrt-health/mac:02010b41cdec/antenna/tag/e2806894000050038661fd4f, 90
1652706839.587333, sdrt-health/mac:02010b41cdec/antenna/tag/e2806894000040038662114f, 88
1652706839.58771, sdrt-health/mac:02010b41cdec/antenna/tag/e2806894000040038662054f, 88
1652706839.622247, sdrt-health/mac:02010b41cdec/antenna/tag/e2806894000040038662114f, 88
1652706839.670955, sdrt-health/mac:02010b41cdec/antenna/tag/e2806894000040038662054f, 88
1652706839.710541, sdrt-health/mac:02010b41cdec/antenna/tag/e2806894000040038662114f, 91
1652706839.773526, sdrt-health/mac:02010b41cdec/antenna/tag/e2806894000050038662194f, 83
1652706839.774047, sdrt-health/mac:02010b41cdec/antenna/tag/e2806894000040038662054f, 84
1652706839.789761, sdrt-health/mac:02010b41cdec/antenna/tag/e2806894000050038662194f, 81
1652706839.800184, sdrt-health/mac:02010b41cdec/antenna/tag/e28068940000400386621d4f, 96
1652706839.806209, sdrt-health/mac:02010b41cdec/antenna/tag/e2806894000040038662114f, 85
1652706839.806415, sdrt-health/mac:02010b41cdec/antenna/tag/e2806894000040038662114f, 88
1652706839.842525, sdrt-health/mac:02010b41cdec/antenna/tag/e2806894000040038662114f, 88
1652706839.890542, sdrt-health/mac:02010b41cdec/antenna/tag/e2806894000040038662114f, 88
1652706839.93843, sdrt-health/mac:02010b41cdec/antenna/tag/e2806894000050038661fd4f, 86
1652706840.014676, sdrt-health/mac:02010b41cdec/antenna/tag/e2806894000040038662054f, 81
1652706840.015422, sdrt-health/mac:02010b41cdec/antenna/tag/e2806894000050038661fd4f, 86
1652706840.131243, sdrt-health/mac:02010b41cdec/antenna/tag/e2806894000050038662194f, 94
1652706840.172736, sdrt-health/mac:02010b41cdec/antenna/tag/e28068940000500386620d4f, 87
1652706840.295927, sdrt-health/mac:02010b41cdec/antenna/tag/e2806894000040038662114f, 85
1652706840.296457, sdrt-health/mac:02010b41cdec/antenna/tag/e28068940000500386620d4f, 81
1652706840.330351, sdrt-health/mac:02010b41cdec/antenna/tag/e2806894000050038662194f, 81
1652706840.401239, sdrt-health/mac:02010b41cdec/antenna/tag/e28068940000500386620d4f, 87
1652706840.44997, sdrt-health/mac:02010b41cdec/antenna/tag/e2806894000040038662114f, 88
1652706840.50731, sdrt-health/mac:02010b41cdec/antenna/tag/e2806894000050038662154f, 88
1652706840.50777, sdrt-health/mac:02010b41cdec/antenna/tag/e2806894000050038662154f, 91
1652706840.529586, sdrt-health/mac:02010b41cdec/antenna/tag/e2806894000040038661f94f, 88
1652706840.56982, sdrt-health/mac:02010b41cdec/antenna/tag/e28068940000500386620d4f, 87
1652706840.610038, sdrt-health/mac:02010b41cdec/antenna/tag/e28068940000400386621d4f, 96
1652706840.650915, sdrt-health/mac:02010b41cdec/antenna/tag/e2806894000040038662054f, 94
1652706840.705219, sdrt-health/mac:02010b41cdec/antenna/tag/e2806894000050038662194f, 93
1652706840.705658, sdrt-health/mac:02010b41cdec/antenna/tag/e28068940000500386620d4f, 94
1652706840.881172, sdrt-health/mac:02010b41cdec/antenna/tag/scan, scan stopped
