1652706456.262198, sdrt-health/mac:02010b41cdec/state, online
1652706456.263101, sdrt-health/mac:02010b41cdec/antenna/power/set, {"power": 280}
1652706457.356188, sdrt-health/mac:02010b41cdec/antenna/power/set, 
1652706461.284696, sdrt-health/mac:02010b41cdec/antenna/tag/scan, {"time": 20000}
1652706461.687695, sdrt-health/mac:02010b41cdec/antenna/tag/e2806894000050038662154f, 85
1652706461.736385, sdrt-health/mac:02010b41cdec/antenna/tag/e2806894000050038662194f, 81
1652706461.77718, sdrt-health/mac:02010b41cdec/antenna/tag/e2806894000050038662154f, 85
1652706461.840763, sdrt-health/mac:02010b41cdec/antenna/tag/e28068940000400386621d4f, 96
1652706461.841302, sdrt-health/mac:02010b41cdec/antenna/tag/e2806894000050038661fd4f, 83
1652706461.841831, sdrt-health/mac:02010b41cdec/antenna/tag/e2806894000040038662114f, 85
1652706461.842197, sdrt-health/mac:02010b41cdec/antenna/tag/e28068940000400386621d4f, 77
1652706461.842521, sdrt-health/mac:02010b41cdec/antenna/tag/e2806894000050038661fd4f, 83
1652706461.87701, sdrt-health/mac:02010b41cdec/antenna/tag/e28068940000400386621d4f, 96
1652706461.947181, sdrt-health/mac:02010b41cdec/antenna/tag/e2806894000050038662154f, 91
1652706461.98752, sdrt-health/mac:02010b41cdec/antenna/tag/e28068940000400386621d4f, 90
1652706462.050861, sdrt-health/mac:02010b41cdec/antenna/tag/e2806894000040038662114f, 88
1652706462.051205, sdrt-health/mac:02010b41cdec/antenna/tag/e2806894000050038662154f, 88
1652706462.065014, sdrt-health/mac:02010b41cdec/antenna/tag/e2806894000040038662114f, 88
1652706462.065286, sdrt-health/mac:02010b41cdec/antenna/tag/e2806894000050038662154f, 88
1652706462.097517, sdrt-health/mac:02010b41cdec/antenna/tag/e2806894000050038661fd4f, 86
1652706462.169608, sdrt-health/mac:02010b41cdec/antenna/tag/e2806894000050038661fd4f, 83
1652706462.170161, sdrt-health/mac:02010b41cdec/antenna/tag/e28068940000400386621d4f, 90
1652706462.183154, sdrt-health/mac:02010b41cdec/antenna/tag/e2806894000050038661fd4f, 83
1652706462.219158, sdrt-health/mac:02010b41cdec/antenna/tag/e28068940000400386621d4f, 96
1652706462.246131, sdrt-health/mac:02010b41cdec/antenna/tag/e2806894000050038662194f, 84
1652706462.246413, sdrt-health/mac:02010b41cdec/antenna/tag/e2806894000050038661fd4f, 83
1652706462.260425, sdrt-health/mac:02010b41cdec/antenna/tag/e2806894000050038661fd4f, 83
1652706462.317151, sdrt-health/mac:02010b41cdec/antenna/tag/e2806894000050038662154f, 88
1652706462.373564, sdrt-health/mac:02010b41cdec/antenna/tag/e2806894000050038662154f, 88
1652706462.373908, sdrt-health/mac:02010b41cdec/antenna/tag/e28068940000400386621d4f, 96
1652706462.388299, sdrt-health/mac:02010b41cdec/antenna/tag/e2806894000040038662114f, 85
1652706462.397958, sdrt-health/mac:02010b41cdec/antenna/tag/e2806894000050038661fd4f, 83
1652706462.436889, sdrt-health/mac:02010b41cdec/antenna/tag/e2806894000050038662194f, 81
1652706462.491842, sdrt-health/mac:02010b41cdec/antenna/tag/e2806894000050038661fd4f, 83
1652706462.492394, sdrt-health/mac:02010b41cdec/antenna/tag/e2806894000050038662194f, 81
1652706462.519106, sdrt-health/mac:02010b41cdec/antenna/tag/e2806894000050038662154f, 88
1652706462.556254, sdrt-health/mac:02010b41cdec/antenna/tag/e28068940000500386620d4f, 83
1652706462.59711, sdrt-health/mac:02010b41cdec/antenna/tag/e2806894000050038662154f, 88
1652706462.710469, sdrt-health/mac:02010b41cdec/antenna/tag/e2806894000040038662114f, 88
1652706462.711049, sdrt-health/mac:02010b41cdec/antenna/tag/e28068940000400386621d4f, 96
1652706462.757683, sdrt-health/mac:02010b41cdec/antenna/tag/e2806894000050038662154f, 85
1652706462.811203, sdrt-health/mac:02010b41cdec/antenna/tag/e2806894000040038662114f, 85
1652706462.811707, sdrt-health/mac:02010b41cdec/antenna/tag/e2806894000050038661fd4f, 86
1652706462.824779, sdrt-health/mac:02010b41cdec/antenna/tag/e2806894000040038662114f, 88
1652706462.837315, sdrt-health/mac:02010b41cdec/antenna/tag/e28068940000400386621d4f, 96
1652706462.876662, sdrt-health/mac:02010b41cdec/antenna/tag/e2806894000040038662114f, 88
1652706462.90578, sdrt-health/mac:02010b41cdec/antenna/tag/e2806894000040038662114f, 88
1652706462.90606, sdrt-health/mac:02010b41cdec/antenna/tag/e2806894000050038661fd4f, 86
1652706462.918889, sdrt-health/mac:02010b41cdec/antenna/tag/e2806894000040038662114f, 91
1652706462.9191, sdrt-health/mac:02010b41cdec/antenna/tag/e2806894000050038661fd4f, 86
1652706462.957846, sdrt-health/mac:02010b41cdec/antenna/tag/e2806894000050038662154f, 88
1652706463.011823, sdrt-health/mac:02010b41cdec/antenna/tag/e28068940000400386621d4f, 90
1652706463.012297, sdrt-health/mac:02010b41cdec/antenna/tag/e28068940000400386621d4f, 90
1652706463.026802, sdrt-health/mac:02010b41cdec/antenna/tag/e2806894000040038662114f, 85
1652706463.062495, sdrt-health/mac:02010b41cdec/antenna/tag/e2806894000050038661fd4f, 86
1652706463.062745, sdrt-health/mac:02010b41cdec/antenna/tag/e2806894000050038662154f, 91
1652706463.096253, sdrt-health/mac:02010b41cdec/antenna/tag/e2806894000050038662154f, 91
1652706463.1253, sdrt-health/mac:02010b41cdec/antenna/tag/e2806894000050038662194f, 94
1652706463.125597, sdrt-health/mac:02010b41cdec/antenna/tag/e28068940000400386621d4f, 90
1652706463.209393, sdrt-health/mac:02010b41cdec/antenna/tag/e2806894000050038662154f, 88
1652706463.257594, sdrt-health/mac:02010b41cdec/antenna/tag/e2806894000050038662154f, 88
1652706463.297834, sdrt-health/mac:02010b41cdec/antenna/tag/e2806894000050038661fd4f, 83
1652706463.347359, sdrt-health/mac:02010b41cdec/antenna/tag/e28068940000400386621d4f, 96
1652706463.403596, sdrt-health/mac:02010b41cdec/antenna/tag/e28068940000400386621d4f, 77
1652706463.404152, sdrt-health/mac:02010b41cdec/antenna/tag/e2806894000040038662114f, 85
1652706463.417376, sdrt-health/mac:02010b41cdec/antenna/tag/e2806894000050038661fd4f, 83
1652706463.417923, sdrt-health/mac:02010b41cdec/antenna/tag/e2806894000050038662194f, 81
1652706463.496839, sdrt-health/mac:02010b41cdec/antenna/tag/e2806894000040038662114f, 88
1652706463.577595, sdrt-health/mac:02010b41cdec/antenna/tag/e2806894000050038662154f, 88
1652706463.627962, sdrt-health/mac:02010b41cdec/antenna/tag/e2806894000050038662154f, 91
1652706463.657812, sdrt-health/mac:02010b41cdec/antenna/tag/e2806894000050038662154f, 88
1652706463.65802, sdrt-health/mac:02010b41cdec/antenna/tag/e2806894000050038661fd4f, 83
1652706463.67442, sdrt-health/mac:02010b41cdec/antenna/tag/e2806894000050038662194f, 94
1652706463.708618, sdrt-health/mac:02010b41cdec/antenna/tag/e28068940000400386621d4f, 96
1652706463.7368, sdrt-health/mac:02010b41cdec/antenna/tag/e28068940000500386620d4f, 81
1652706463.737111, sdrt-health/mac:02010b41cdec/antenna/tag/e2806894000040038662114f, 85
1652706463.750195, sdrt-health/mac:02010b41cdec/antenna/tag/e28068940000500386620d4f, 81
1652706463.750439, sdrt-health/mac:02010b41cdec/antenna/tag/e28068940000500386620d4f, 87
1652706463.787279, sdrt-health/mac:02010b41cdec/antenna/tag/e2806894000040038662114f, 88
1652706463.909989, sdrt-health/mac:02010b41cdec/antenna/tag/e2806894000050038662154f, 88
1652706463.910453, sdrt-health/mac:02010b41cdec/antenna/tag/e28068940000500386620d4f, 81
1652706463.936255, sdrt-health/mac:02010b41cdec/antenna/tag/e28068940000400386621d4f, 90
1652706463.936711, sdrt-health/mac:02010b41cdec/antenna/tag/e2806894000050038661fd4f, 86
1652706463.996036, sdrt-health/mac:02010b41cdec/antenna/tag/e28068940000400386621d4f, 96
1652706464.024793, sdrt-health/mac:02010b41cdec/antenna/tag/e2806894000050038661fd4f, 83
1652706464.025419, sdrt-health/mac:02010b41cdec/antenna/tag/e2806894000050038662154f, 91
1652706464.039042, sdrt-health/mac:02010b41cdec/antenna/tag/e28068940000500386620d4f, 83
1652706464.039474, sdrt-health/mac:02010b41cdec/antenna/tag/e2806894000040038662114f, 85
1652706464.076721, sdrt-health/mac:02010b41cdec/antenna/tag/e2806894000040038662114f, 88
1652706464.116598, sdrt-health/mac:02010b41cdec/antenna/tag/e2806894000050038662154f, 88
1652706464.147326, sdrt-health/mac:02010b41cdec/antenna/tag/e2806894000050038661fd4f, 83
1652706464.147805, sdrt-health/mac:02010b41cdec/antenna/tag/e2806894000050038661fd4f, 83
1652706464.161705, sdrt-health/mac:02010b41cdec/antenna/tag/e2806894000050038662154f, 88
1652706464.162974, sdrt-health/mac:02010b41cdec/antenna/tag/e28068940000400386621d4f, 96
1652706464.19727, sdrt-health/mac:02010b41cdec/antenna/tag/e2806894000040038662214f, 81
1652706464.238309, sdrt-health/mac:02010b41cdec/antenna/tag/e28068940000400386621d4f, 96
1652706464.29871, sdrt-health/mac:02010b41cdec/antenna/tag/e2806894000050038662154f, 88
1652706464.351012, sdrt-health/mac:02010b41cdec/antenna/tag/e2806894000050038661fd4f, 83
1652706464.351572, sdrt-health/mac:02010b41cdec/antenna/tag/e2806894000040038662214f, 88
1652706464.376407, sdrt-health/mac:02010b41cdec/antenna/tag/e2806894000040038662114f, 85
1652706464.377076, sdrt-health/mac:02010b41cdec/antenna/tag/e2806894000040038662114f, 85
1652706464.394646, sdrt-health/mac:02010b41cdec/antenna/tag/e28068940000500386620d4f, 87
1652706464.477341, sdrt-health/mac:02010b41cdec/antenna/tag/e28068940000400386621d4f, 86
1652706464.517259, sdrt-health/mac:02010b41cdec/antenna/tag/e2806894000040038662114f, 88
1652706464.556132, sdrt-health/mac:02010b41cdec/antenna/tag/e2806894000050038662154f, 88
1652706464.556773, sdrt-health/mac:02010b41cdec/antenna/tag/e28068940000400386621d4f, 90
1652706464.597301, sdrt-health/mac:02010b41cdec/antenna/tag/e28068940000400386621d4f, 96
1652706464.636192, sdrt-health/mac:02010b41cdec/antenna/tag/e2806894000040038662114f, 91
1652706464.636482, sdrt-health/mac:02010b41cdec/antenna/tag/e2806894000050038662154f, 88
1652706464.691612, sdrt-health/mac:02010b41cdec/antenna/tag/e2806894000040038662114f, 91
1652706464.692024, sdrt-health/mac:02010b41cdec/antenna/tag/e2806894000050038661fd4f, 86
1652706464.737137, sdrt-health/mac:02010b41cdec/antenna/tag/e2806894000040038662214f, 81
1652706464.787538, sdrt-health/mac:02010b41cdec/antenna/tag/e2806894000050038661fd4f, 83
1652706464.86845, sdrt-health/mac:02010b41cdec/antenna/tag/e2806894000050038662154f, 88
1652706464.908272, sdrt-health/mac:02010b41cdec/antenna/tag/e28068940000400386621d4f, 96
1652706464.955705, sdrt-health/mac:02010b41cdec/antenna/tag/e28068940000400386621d4f, 90
1652706464.956193, sdrt-health/mac:02010b41cdec/antenna/tag/e2806894000050038661fd4f, 86
1652706464.970535, sdrt-health/mac:02010b41cdec/antenna/tag/e28068940000400386621d4f, 96
1652706464.997328, sdrt-health/mac:02010b41cdec/antenna/tag/e28068940000400386621d4f, 96
1652706465.047399, sdrt-health/mac:02010b41cdec/antenna/tag/e2806894000050038662154f, 88
1652706465.047743, sdrt-health/mac:02010b41cdec/antenna/tag/e28068940000400386621d4f, 96
1652706465.096823, sdrt-health/mac:02010b41cdec/antenna/tag/e2806894000050038661fd4f, 83
1652706465.154295, sdrt-health/mac:02010b41cdec/antenna/tag/e2806894000040038662114f, 85
1652706465.15479, sdrt-health/mac:02010b41cdec/antenna/tag/e28068940000400386621d4f, 96
1652706465.155133, sdrt-health/mac:02010b41cdec/antenna/tag/e2806894000040038662114f, 85
1652706465.16874, sdrt-health/mac:02010b41cdec/antenna/tag/e28068940000400386621d4f, 96
1652706465.176826, sdrt-health/mac:02010b41cdec/antenna/tag/e28068940000400386621d4f, 96
1652706465.184682, sdrt-health/mac:02010b41cdec/antenna/tag/e2806894000040038662114f, 88
1652706465.217479, sdrt-health/mac:02010b41cdec/antenna/tag/e2806894000040038662114f, 85
1652706465.247837, sdrt-health/mac:02010b41cdec/antenna/tag/e2806894000050038662154f, 91
1652706465.288418, sdrt-health/mac:02010b41cdec/antenna/tag/e2806894000040038662114f, 85
1652706465.337252, sdrt-health/mac:02010b41cdec/antenna/tag/e28068940000500386620d4f, 81
1652706465.391645, sdrt-health/mac:02010b41cdec/antenna/tag/e2806894000040038662114f, 88
1652706465.392178, sdrt-health/mac:02010b41cdec/antenna/tag/e2806894000040038662114f, 85
1652706465.405364, sdrt-health/mac:02010b41cdec/antenna/tag/e2806894000040038662114f, 85
1652706465.438214, sdrt-health/mac:02010b41cdec/antenna/tag/e2806894000050038662154f, 91
1652706465.477312, sdrt-health/mac:02010b41cdec/antenna/tag/e2806894000050038662154f, 91
1652706465.505933, sdrt-health/mac:02010b41cdec/antenna/tag/e2806894000050038662154f, 91
1652706465.506276, sdrt-health/mac:02010b41cdec/antenna/tag/e28068940000500386620d4f, 81
1652706465.538218, sdrt-health/mac:02010b41cdec/antenna/tag/e2806894000050038662154f, 91
1652706465.611487, sdrt-health/mac:02010b41cdec/antenna/tag/e28068940000500386620d4f, 81
1652706465.611682, sdrt-health/mac:02010b41cdec/antenna/tag/e28068940000500386620d4f, 83
1652706465.627091, sdrt-health/mac:02010b41cdec/antenna/tag/e2806894000050038662154f, 88
1652706465.680904, sdrt-health/mac:02010b41cdec/antenna/tag/e2806894000050038661fd4f, 86
1652706465.681114, sdrt-health/mac:02010b41cdec/antenna/tag/e2806894000050038662194f, 94
1652706465.69533, sdrt-health/mac:02010b41cdec/antenna/tag/e2806894000050038661fd4f, 83
1652706465.709346, sdrt-health/mac:02010b41cdec/antenna/tag/e2806894000040038662114f, 85
1652706465.759399, sdrt-health/mac:02010b41cdec/antenna/tag/e2806894000050038661fd4f, 83
1652706465.831688, sdrt-health/mac:02010b41cdec/antenna/tag/e2806894000050038661fd4f, 83
1652706465.832193, sdrt-health/mac:02010b41cdec/antenna/tag/e2806894000050038661fd4f, 86
1652706465.845971, sdrt-health/mac:02010b41cdec/antenna/tag/e28068940000500386620d4f, 83
1652706465.876585, sdrt-health/mac:02010b41cdec/antenna/tag/e2806894000050038661fd4f, 86
1652706465.876895, sdrt-health/mac:02010b41cdec/antenna/tag/e2806894000050038662154f, 88
1652706465.928938, sdrt-health/mac:02010b41cdec/antenna/tag/e2806894000050038662154f, 88
1652706465.976656, sdrt-health/mac:02010b41cdec/antenna/tag/e2806894000040038662114f, 88
1652706466.006712, sdrt-health/mac:02010b41cdec/antenna/tag/e2806894000050038662154f, 85
1652706466.007141, sdrt-health/mac:02010b41cdec/antenna/tag/e28068940000400386621d4f, 90
1652706466.022133, sdrt-health/mac:02010b41cdec/antenna/tag/e28068940000400386621d4f, 90
1652706466.022586, sdrt-health/mac:02010b41cdec/antenna/tag/e2806894000050038662154f, 91
1652706466.058877, sdrt-health/mac:02010b41cdec/antenna/tag/e28068940000400386621d4f, 77
1652706466.113539, sdrt-health/mac:02010b41cdec/antenna/tag/e2806894000050038662154f, 85
1652706466.114089, sdrt-health/mac:02010b41cdec/antenna/tag/e28068940000400386621d4f, 77
1652706466.148229, sdrt-health/mac:02010b41cdec/antenna/tag/e28068940000400386621d4f, 96
1652706466.203918, sdrt-health/mac:02010b41cdec/antenna/tag/e2806894000050038662154f, 93
1652706466.204351, sdrt-health/mac:02010b41cdec/antenna/tag/e2806894000050038662154f, 85
1652706466.218617, sdrt-health/mac:02010b41cdec/antenna/tag/e28068940000400386621d4f, 77
1652706466.219112, sdrt-health/mac:02010b41cdec/antenna/tag/e28068940000400386621d4f, 77
1652706466.227723, sdrt-health/mac:02010b41cdec/antenna/tag/e2806894000050038662154f, 85
1652706466.233977, sdrt-health/mac:02010b41cdec/antenna/tag/e28068940000400386621d4f, 77
1652706466.297575, sdrt-health/mac:02010b41cdec/antenna/tag/e28068940000500386620d4f, 83
1652706466.338298, sdrt-health/mac:02010b41cdec/antenna/tag/e28068940000500386620d4f, 83
1652706466.403042, sdrt-health/mac:02010b41cdec/antenna/tag/e28068940000400386621d4f, 90
1652706466.403553, sdrt-health/mac:02010b41cdec/antenna/tag/e2806894000050038661fd4f, 83
1652706466.418372, sdrt-health/mac:02010b41cdec/antenna/tag/e2806894000050038661fd4f, 83
1652706466.427474, sdrt-health/mac:02010b41cdec/antenna/tag/e2806894000050038662154f, 91
1652706466.43277, sdrt-health/mac:02010b41cdec/antenna/tag/e2806894000050038661fd4f, 83
1652706466.499542, sdrt-health/mac:02010b41cdec/antenna/tag/e28068940000400386621d4f, 96
1652706466.558945, sdrt-health/mac:02010b41cdec/antenna/tag/e28068940000400386621d4f, 90
1652706466.617071, sdrt-health/mac:02010b41cdec/antenna/tag/e2806894000050038661fd4f, 86
1652706466.674948, sdrt-health/mac:02010b41cdec/antenna/tag/e28068940000400386621d4f, 90
1652706466.675419, sdrt-health/mac:02010b41cdec/antenna/tag/e2806894000050038662194f, 94
1652706466.708255, sdrt-health/mac:02010b41cdec/antenna/tag/e2806894000050038662194f, 94
1652706466.738315, sdrt-health/mac:02010b41cdec/antenna/tag/e2806894000050038661fd4f, 83
1652706466.738571, sdrt-health/mac:02010b41cdec/antenna/tag/e28068940000400386621d4f, 77
1652706466.753682, sdrt-health/mac:02010b41cdec/antenna/tag/e2806894000050038662194f, 88
1652706466.754216, sdrt-health/mac:02010b41cdec/antenna/tag/e2806894000040038662114f, 85
1652706466.754385, sdrt-health/mac:02010b41cdec/antenna/tag/e2806894000050038662154f, 88
1652706466.80738, sdrt-health/mac:02010b41cdec/antenna/tag/e2806894000040038662114f, 85
1652706466.881049, sdrt-health/mac:02010b41cdec/antenna/tag/e2806894000050038662194f, 84
1652706466.881514, sdrt-health/mac:02010b41cdec/antenna/tag/e2806894000050038662194f, 94
1652706466.895037, sdrt-health/mac:02010b41cdec/antenna/tag/e2806894000050038661fd4f, 86
1652706466.895647, sdrt-health/mac:02010b41cdec/antenna/tag/e2806894000050038662154f, 88
1652706466.90753, sdrt-health/mac:02010b41cdec/antenna/tag/e28068940000400386621d4f, 90
1652706466.911197, sdrt-health/mac:02010b41cdec/antenna/tag/e2806894000050038662154f, 91
1652706466.947211, sdrt-health/mac:02010b41cdec/antenna/tag/e2806894000040038661f94f, 81
1652706467.014457, sdrt-health/mac:02010b41cdec/antenna/tag/e2806894000050038662154f, 88
1652706467.01497, sdrt-health/mac:02010b41cdec/antenna/tag/e2806894000040038662114f, 88
1652706467.03787, sdrt-health/mac:02010b41cdec/antenna/tag/e2806894000050038662154f, 88
1652706467.092133, sdrt-health/mac:02010b41cdec/antenna/tag/e28068940000400386621d4f, 96
1652706467.092573, sdrt-health/mac:02010b41cdec/antenna/tag/e28068940000400386621d4f, 96
1652706467.117892, sdrt-health/mac:02010b41cdec/antenna/tag/e28068940000400386621d4f, 96
1652706467.222591, sdrt-health/mac:02010b41cdec/antenna/tag/e2806894000040038662114f, 88
1652706467.223235, sdrt-health/mac:02010b41cdec/antenna/tag/e2806894000050038662194f, 88
1652706467.258356, sdrt-health/mac:02010b41cdec/antenna/tag/e2806894000050038661fd4f, 83
1652706467.312644, sdrt-health/mac:02010b41cdec/antenna/tag/e2806894000050038662194f, 94
1652706467.313176, sdrt-health/mac:02010b41cdec/antenna/tag/e2806894000050038662154f, 88
1652706467.327076, sdrt-health/mac:02010b41cdec/antenna/tag/e2806894000040038662114f, 85
1652706467.327541, sdrt-health/mac:02010b41cdec/antenna/tag/e2806894000050038662194f, 88
1652706467.347754, sdrt-health/mac:02010b41cdec/antenna/tag/e2806894000040038662214f, 94
1652706467.376144, sdrt-health/mac:02010b41cdec/antenna/tag/e2806894000040038662114f, 88
1652706467.376575, sdrt-health/mac:02010b41cdec/antenna/tag/e2806894000050038662154f, 85
1652706467.390376, sdrt-health/mac:02010b41cdec/antenna/tag/e2806894000050038662154f, 85
1652706467.427881, sdrt-health/mac:02010b41cdec/antenna/tag/e28068940000500386620d4f, 81
1652706467.481873, sdrt-health/mac:02010b41cdec/antenna/tag/e2806894000040038662214f, 82
1652706467.482335, sdrt-health/mac:02010b41cdec/antenna/tag/e2806894000050038662194f, 81
1652706467.517226, sdrt-health/mac:02010b41cdec/antenna/tag/e2806894000040038662114f, 85
1652706467.571273, sdrt-health/mac:02010b41cdec/antenna/tag/e2806894000050038661fd4f, 83
1652706467.571743, sdrt-health/mac:02010b41cdec/antenna/tag/e2806894000050038662154f, 85
1652706467.585069, sdrt-health/mac:02010b41cdec/antenna/tag/e28068940000400386621d4f, 96
1652706467.596647, sdrt-health/mac:02010b41cdec/antenna/tag/e2806894000040038662114f, 85
1652706467.599282, sdrt-health/mac:02010b41cdec/antenna/tag/e28068940000400386621d4f, 77
1652706467.637386, sdrt-health/mac:02010b41cdec/antenna/tag/e28068940000400386621d4f, 77
1652706467.692639, sdrt-health/mac:02010b41cdec/antenna/tag/e2806894000040038662114f, 93
1652706467.693094, sdrt-health/mac:02010b41cdec/antenna/tag/e28068940000500386620d4f, 81
1652706467.736286, sdrt-health/mac:02010b41cdec/antenna/tag/e2806894000050038661fd4f, 83
1652706467.77763, sdrt-health/mac:02010b41cdec/antenna/tag/e2806894000050038662154f, 88
1652706467.827577, sdrt-health/mac:02010b41cdec/antenna/tag/e2806894000040038662114f, 88
1652706467.828067, sdrt-health/mac:02010b41cdec/antenna/tag/e2806894000050038662154f, 85
1652706467.868815, sdrt-health/mac:02010b41cdec/antenna/tag/e2806894000040038662114f, 88
1652706467.907019, sdrt-health/mac:02010b41cdec/antenna/tag/e2806894000050038661fd4f, 83
1652706467.956164, sdrt-health/mac:02010b41cdec/antenna/tag/e2806894000050038662154f, 88
1652706468.027157, sdrt-health/mac:02010b41cdec/antenna/tag/e2806894000050038662154f, 88
1652706468.067548, sdrt-health/mac:02010b41cdec/antenna/tag/e28068940000400386621d4f, 96
1652706468.138622, sdrt-health/mac:02010b41cdec/antenna/tag/e2806894000050038661fd4f, 83
1652706468.139309, sdrt-health/mac:02010b41cdec/antenna/tag/e2806894000040038662114f, 88
1652706468.153251, sdrt-health/mac:02010b41cdec/antenna/tag/e28068940000400386621d4f, 90
1652706468.197098, sdrt-health/mac:02010b41cdec/antenna/tag/e2806894000040038662114f, 91
1652706468.284275, sdrt-health/mac:02010b41cdec/antenna/tag/e2806894000050038662194f, 94
1652706468.284738, sdrt-health/mac:02010b41cdec/antenna/tag/e2806894000040038662114f, 93
1652706468.319109, sdrt-health/mac:02010b41cdec/antenna/tag/e2806894000050038662154f, 93
1652706468.357041, sdrt-health/mac:02010b41cdec/antenna/tag/e2806894000050038662154f, 85
1652706468.397991, sdrt-health/mac:02010b41cdec/antenna/tag/e2806894000050038662154f, 91
1652706468.45391, sdrt-health/mac:02010b41cdec/antenna/tag/e2806894000050038662154f, 88
1652706468.454418, sdrt-health/mac:02010b41cdec/antenna/tag/e28068940000400386621d4f, 90
1652706468.470072, sdrt-health/mac:02010b41cdec/antenna/tag/e2806894000040038662114f, 88
1652706468.498845, sdrt-health/mac:02010b41cdec/antenna/tag/e2806894000050038662154f, 88
1652706468.499139, sdrt-health/mac:02010b41cdec/antenna/tag/e28068940000400386621d4f, 90
1652706468.49936, sdrt-health/mac:02010b41cdec/antenna/tag/e2806894000040038662114f, 88
1652706468.51863, sdrt-health/mac:02010b41cdec/antenna/tag/e28068940000400386621d4f, 90
1652706468.581633, sdrt-health/mac:02010b41cdec/antenna/tag/e2806894000040038662114f, 91
1652706468.582119, sdrt-health/mac:02010b41cdec/antenna/tag/e28068940000400386621d4f, 90
1652706468.595326, sdrt-health/mac:02010b41cdec/antenna/tag/e2806894000050038661fd4f, 86
1652706468.595796, sdrt-health/mac:02010b41cdec/antenna/tag/e28068940000400386621d4f, 90
1652706468.596219, sdrt-health/mac:02010b41cdec/antenna/tag/e2806894000050038661fd4f, 83
1652706468.617202, sdrt-health/mac:02010b41cdec/antenna/tag/e2806894000050038661fd4f, 86
1652706468.665779, sdrt-health/mac:02010b41cdec/antenna/tag/e2806894000050038661fd4f, 83
1652706468.732058, sdrt-health/mac:02010b41cdec/antenna/tag/e2806894000050038662154f, 88
1652706468.732533, sdrt-health/mac:02010b41cdec/antenna/tag/e2806894000050038661fd4f, 83
1652706468.756803, sdrt-health/mac:02010b41cdec/antenna/tag/e28068940000400386621d4f, 90
1652706468.757257, sdrt-health/mac:02010b41cdec/antenna/tag/e2806894000050038661fd4f, 83
1652706468.797483, sdrt-health/mac:02010b41cdec/antenna/tag/e28068940000400386621d4f, 96
1652706468.850812, sdrt-health/mac:02010b41cdec/antenna/tag/e2806894000040038662114f, 88
1652706468.851277, sdrt-health/mac:02010b41cdec/antenna/tag/e2806894000040038662114f, 88
1652706468.877101, sdrt-health/mac:02010b41cdec/antenna/tag/e2806894000040038662114f, 88
1652706468.917373, sdrt-health/mac:02010b41cdec/antenna/tag/e2806894000040038662114f, 85
1652706468.949208, sdrt-health/mac:02010b41cdec/antenna/tag/e28068940000400386621d4f, 96
1652706468.949418, sdrt-health/mac:02010b41cdec/antenna/tag/e2806894000050038661fd4f, 83
1652706468.964087, sdrt-health/mac:02010b41cdec/antenna/tag/e2806894000050038662154f, 85
1652706468.964298, sdrt-health/mac:02010b41cdec/antenna/tag/e2806894000040038662114f, 85
1652706468.996666, sdrt-health/mac:02010b41cdec/antenna/tag/e2806894000050038662154f, 85
1652706469.037557, sdrt-health/mac:02010b41cdec/antenna/tag/e2806894000050038662154f, 91
1652706469.077177, sdrt-health/mac:02010b41cdec/antenna/tag/e28068940000400386621d4f, 96
1652706469.108137, sdrt-health/mac:02010b41cdec/antenna/tag/e2806894000050038661fd4f, 83
1652706469.108773, sdrt-health/mac:02010b41cdec/antenna/tag/e2806894000050038661fd4f, 83
1652706469.121734, sdrt-health/mac:02010b41cdec/antenna/tag/e2806894000040038662114f, 85
1652706469.157923, sdrt-health/mac:02010b41cdec/antenna/tag/e28068940000400386621d4f, 96
1652706469.196012, sdrt-health/mac:02010b41cdec/antenna/tag/e2806894000050038661fd4f, 83
1652706469.197116, sdrt-health/mac:02010b41cdec/antenna/tag/e2806894000050038662154f, 88
1652706469.210324, sdrt-health/mac:02010b41cdec/antenna/tag/e28068940000400386621d4f, 96
1652706469.237806, sdrt-health/mac:02010b41cdec/antenna/tag/e2806894000040038662114f, 88
1652706469.292634, sdrt-health/mac:02010b41cdec/antenna/tag/e2806894000050038661fd4f, 83
1652706469.293148, sdrt-health/mac:02010b41cdec/antenna/tag/e2806894000050038661fd4f, 86
1652706469.336246, sdrt-health/mac:02010b41cdec/antenna/tag/e28068940000500386620d4f, 83
1652706469.390871, sdrt-health/mac:02010b41cdec/antenna/tag/e2806894000050038662154f, 91
1652706469.391415, sdrt-health/mac:02010b41cdec/antenna/tag/e2806894000050038661fd4f, 86
1652706469.405283, sdrt-health/mac:02010b41cdec/antenna/tag/e2806894000050038661fd4f, 86
1652706469.427316, sdrt-health/mac:02010b41cdec/antenna/tag/e2806894000050038661fd4f, 86
1652706469.467146, sdrt-health/mac:02010b41cdec/antenna/tag/e2806894000040038662114f, 88
1652706469.521002, sdrt-health/mac:02010b41cdec/antenna/tag/e2806894000050038661fd4f, 86
1652706469.521348, sdrt-health/mac:02010b41cdec/antenna/tag/e28068940000400386621d4f, 90
1652706469.547377, sdrt-health/mac:02010b41cdec/antenna/tag/e28068940000400386621d4f, 90
1652706469.589048, sdrt-health/mac:02010b41cdec/antenna/tag/e2806894000050038662194f, 87
1652706469.642343, sdrt-health/mac:02010b41cdec/antenna/tag/e2806894000050038662154f, 88
1652706469.642805, sdrt-health/mac:02010b41cdec/antenna/tag/e2806894000050038661fd4f, 83
1652706469.65706, sdrt-health/mac:02010b41cdec/antenna/tag/e2806894000050038661fd4f, 86
1652706469.66788, sdrt-health/mac:02010b41cdec/antenna/tag/e2806894000050038661fd4f, 86
1652706469.707623, sdrt-health/mac:02010b41cdec/antenna/tag/e28068940000400386621d4f, 90
1652706469.747015, sdrt-health/mac:02010b41cdec/antenna/tag/e28068940000400386621d4f, 96
1652706469.775695, sdrt-health/mac:02010b41cdec/antenna/tag/e28068940000500386620d4f, 83
1652706469.77604, sdrt-health/mac:02010b41cdec/antenna/tag/e2806894000050038661fd4f, 83
1652706469.797388, sdrt-health/mac:02010b41cdec/antenna/tag/e2806894000050038661fd4f, 83
1652706469.837399, sdrt-health/mac:02010b41cdec/antenna/tag/e2806894000050038662154f, 88
1652706469.876574, sdrt-health/mac:02010b41cdec/antenna/tag/e2806894000050038661fd4f, 83
1652706469.905622, sdrt-health/mac:02010b41cdec/antenna/tag/e28068940000400386621d4f, 96
1652706469.905882, sdrt-health/mac:02010b41cdec/antenna/tag/e2806894000050038662154f, 85
1652706469.919202, sdrt-health/mac:02010b41cdec/antenna/tag/e2806894000050038661fd4f, 83
1652706469.956548, sdrt-health/mac:02010b41cdec/antenna/tag/e28068940000400386621d4f, 96
1652706470.011945, sdrt-health/mac:02010b41cdec/antenna/tag/e28068940000500386620d4f, 87
1652706470.012443, sdrt-health/mac:02010b41cdec/antenna/tag/e2806894000050038661fd4f, 83
1652706470.037306, sdrt-health/mac:02010b41cdec/antenna/tag/e2806894000040038662114f, 88
1652706470.076949, sdrt-health/mac:02010b41cdec/antenna/tag/e2806894000040038662114f, 88
1652706470.118127, sdrt-health/mac:02010b41cdec/antenna/tag/e28068940000400386621d4f, 90
1652706470.158344, sdrt-health/mac:02010b41cdec/antenna/tag/e2806894000050038662194f, 81
1652706470.212519, sdrt-health/mac:02010b41cdec/antenna/tag/e2806894000050038661fd4f, 83
1652706470.212978, sdrt-health/mac:02010b41cdec/antenna/tag/e2806894000050038661fd4f, 83
1652706470.237114, sdrt-health/mac:02010b41cdec/antenna/tag/e2806894000040038662114f, 85
1652706470.292554, sdrt-health/mac:02010b41cdec/antenna/tag/e28068940000400386621d4f, 90
1652706470.293002, sdrt-health/mac:02010b41cdec/antenna/tag/e2806894000050038661fd4f, 83
1652706470.307297, sdrt-health/mac:02010b41cdec/antenna/tag/e2806894000040038662114f, 85
1652706470.327301, sdrt-health/mac:02010b41cdec/antenna/tag/e2806894000050038661fd4f, 86
1652706470.393884, sdrt-health/mac:02010b41cdec/antenna/tag/e2806894000040038662114f, 88
1652706470.394355, sdrt-health/mac:02010b41cdec/antenna/tag/e2806894000050038661fd4f, 86
1652706470.409504, sdrt-health/mac:02010b41cdec/antenna/tag/e28068940000500386620d4f, 83
1652706470.418144, sdrt-health/mac:02010b41cdec/antenna/tag/e28068940000500386620d4f, 93
1652706470.457589, sdrt-health/mac:02010b41cdec/antenna/tag/e28068940000500386620d4f, 83
1652706470.497575, sdrt-health/mac:02010b41cdec/antenna/tag/e2806894000050038662154f, 91
1652706470.498608, sdrt-health/mac:02010b41cdec/antenna/tag/e28068940000500386620d4f, 83
1652706470.564553, sdrt-health/mac:02010b41cdec/antenna/tag/e2806894000040038662114f, 88
1652706470.565028, sdrt-health/mac:02010b41cdec/antenna/tag/e28068940000500386620d4f, 83
1652706470.616733, sdrt-health/mac:02010b41cdec/antenna/tag/e2806894000050038662154f, 88
1652706470.657914, sdrt-health/mac:02010b41cdec/antenna/tag/e2806894000050038661fd4f, 83
1652706470.687244, sdrt-health/mac:02010b41cdec/antenna/tag/e2806894000040038662114f, 88
1652706470.687643, sdrt-health/mac:02010b41cdec/antenna/tag/e28068940000400386621d4f, 90
1652706470.708436, sdrt-health/mac:02010b41cdec/antenna/tag/e2806894000050038661fd4f, 97
1652706470.708802, sdrt-health/mac:02010b41cdec/antenna/state, connected
1652706470.723806, sdrt-health/mac:02010b41cdec/fw, {"version":"1.8.1","model":"200","hash":"2f556501b58f1dad542af428d7928d18","timestamp":1652706467}
1652706470.748161, sdrt-health/mac:02010b41cdec/antenna/tag/e2806894000050038661fd4f, 83
1652706470.789449, sdrt-health/mac:02010b41cdec/antenna/tag/e2806894000050038662154f, 88
1652706470.830032, sdrt-health/mac:02010b41cdec/antenna/tag/e2806894000050038661fd4f, 83
1652706470.868334, sdrt-health/mac:02010b41cdec/antenna/tag/e2806894000050038661fd4f, 83
1652706470.925347, sdrt-health/mac:02010b41cdec/antenna/tag/e28068940000500386620d4f, 83
1652706470.92584, sdrt-health/mac:02010b41cdec/antenna/tag/e2806894000050038662154f, 85
1652706470.949536, sdrt-health/mac:02010b41cdec/antenna/tag/e2806894000040038662114f, 85
1652706471.031596, sdrt-health/mac:02010b41cdec/antenna/tag/e2806894000050038661fd4f, 86
1652706471.03206, sdrt-health/mac:02010b41cdec/antenna/tag/e2806894000040038662114f, 91
1652706471.045938, sdrt-health/mac:02010b41cdec/antenna/tag/e2806894000050038661fd4f, 86
1652706471.046379, sdrt-health/mac:02010b41cdec/antenna/tag/e2806894000040038662114f, 91
1652706471.046694, sdrt-health/mac:02010b41cdec/antenna/tag/e2806894000050038661fd4f, 86
1652706471.058116, sdrt-health/mac:02010b41cdec/antenna/tag/e28068940000400386621d4f, 90
1652706471.062799, sdrt-health/mac:02010b41cdec/antenna/tag/e2806894000050038662154f, 85
1652706471.0631, sdrt-health/mac:02010b41cdec/antenna/tag/e28068940000400386621d4f, 90
1652706471.090209, sdrt-health/mac:02010b41cdec/antenna/tag/e2806894000040038662114f, 88
1652706471.136843, sdrt-health/mac:02010b41cdec/antenna/tag/e2806894000050038661fd4f, 86
1652706471.137325, sdrt-health/mac:02010b41cdec/antenna/version, 
1652706471.137691, sdrt-health/mac:02010b41cdec/antenna/tag/e28068940000400386621d4f, 90
1652706471.18816, sdrt-health/mac:02010b41cdec/antenna/tag/e2806894000050038661fd4f, 86
1652706471.24424, sdrt-health/mac:02010b41cdec/antenna/tag/e2806894000040038662114f, 91
1652706471.244712, sdrt-health/mac:02010b41cdec/antenna/tag/e2806894000050038662154f, 88
1652706471.24506, sdrt-health/mac:02010b41cdec/antenna/tag/e2806894000040038662114f, 88
1652706471.268876, sdrt-health/mac:02010b41cdec/antenna/tag/e2806894000040038662214f, 81
1652706471.309709, sdrt-health/mac:02010b41cdec/antenna/tag/e2806894000050038661fd4f, 86
1652706471.383738, sdrt-health/mac:02010b41cdec/antenna/tag/e2806894000050038662154f, 85
1652706471.383988, sdrt-health/mac:02010b41cdec/antenna/tag/e2806894000050038662154f, 88
1652706471.509277, sdrt-health/mac:02010b41cdec/antenna/tag/e2806894000050038662154f, 91
1652706471.559385, sdrt-health/mac:02010b41cdec/antenna/tag/e2806894000050038661fd4f, 83
1652706471.614273, sdrt-health/mac:02010b41cdec/antenna/tag/e2806894000040038662114f, 88
1652706471.614643, sdrt-health/mac:02010b41cdec/antenna/tag/e28068940000500386620d4f, 87
1652706471.628445, sdrt-health/mac:02010b41cdec/antenna/tag/e2806894000050038661fd4f, 83
1652706471.637371, sdrt-health/mac:02010b41cdec/antenna/tag/e2806894000050038661fd4f, 83
1652706471.678421, sdrt-health/mac:02010b41cdec/antenna/tag/e2806894000050038661fd4f, 83
1652706471.734646, sdrt-health/mac:02010b41cdec/antenna/tag/e2806894000050038662154f, 85
1652706471.735131, sdrt-health/mac:02010b41cdec/antenna/tag/e2806894000050038661fd4f, 83
1652706471.749836, sdrt-health/mac:02010b41cdec/antenna/tag/e28068940000500386620d4f, 83
1652706471.758859, sdrt-health/mac:02010b41cdec/antenna/tag/e28068940000500386620d4f, 83
1652706471.764195, sdrt-health/mac:02010b41cdec/antenna/tag/e28068940000400386621d4f, 90
1652706471.797936, sdrt-health/mac:02010b41cdec/antenna/tag/e28068940000500386620d4f, 87
1652706471.851413, sdrt-health/mac:02010b41cdec/antenna/tag/e28068940000400386621d4f, 96
1652706471.851901, sdrt-health/mac:02010b41cdec/antenna/tag/e2806894000050038662154f, 88
1652706471.85228, sdrt-health/mac:02010b41cdec/antenna/tag/e2806894000050038661fd4f, 83
1652706471.866472, sdrt-health/mac:02010b41cdec/antenna/tag/e28068940000400386621d4f, 96
1652706471.897078, sdrt-health/mac:02010b41cdec/antenna/tag/e28068940000400386621d4f, 90
1652706471.937835, sdrt-health/mac:02010b41cdec/antenna/tag/e2806894000050038662154f, 88
1652706472.007052, sdrt-health/mac:02010b41cdec/antenna/tag/e28068940000400386621d4f, 90
1652706472.007597, sdrt-health/mac:02010b41cdec/antenna/tag/e2806894000050038662154f, 88
1652706472.055116, sdrt-health/mac:02010b41cdec/antenna/tag/e28068940000400386621d4f, 90
1652706472.09794, sdrt-health/mac:02010b41cdec/antenna/tag/e2806894000040038662114f, 88
1652706472.173814, sdrt-health/mac:02010b41cdec/antenna/tag/e2806894000040038662114f, 88
1652706472.174325, sdrt-health/mac:02010b41cdec/antenna/tag/e2806894000050038661fd4f, 83
1652706472.198164, sdrt-health/mac:02010b41cdec/antenna/tag/e28068940000400386621d4f, 96
1652706472.228993, sdrt-health/mac:02010b41cdec/antenna/tag/e2806894000050038662194f, 81
1652706472.229343, sdrt-health/mac:02010b41cdec/antenna/tag/e2806894000050038662194f, 94
1652706472.305341, sdrt-health/mac:02010b41cdec/antenna/tag/e2806894000050038662154f, 88
1652706472.364716, sdrt-health/mac:02010b41cdec/antenna/tag/e2806894000050038662154f, 88
1652706472.365224, sdrt-health/mac:02010b41cdec/antenna/tag/e28068940000400386621d4f, 90
1652706472.380517, sdrt-health/mac:02010b41cdec/antenna/tag/e2806894000040038662114f, 88
1652706472.380882, sdrt-health/mac:02010b41cdec/antenna/tag/e28068940000500386620d4f, 94
1652706472.381186, sdrt-health/mac:02010b41cdec/antenna/tag/e2806894000050038661fd4f, 86
1652706472.397049, sdrt-health/mac:02010b41cdec/antenna/tag/e2806894000050038662154f, 88
1652706472.42883, sdrt-health/mac:02010b41cdec/antenna/tag/e2806894000050038662154f, 88
1652706472.485536, sdrt-health/mac:02010b41cdec/antenna/tag/e28068940000400386621d4f, 90
1652706472.486077, sdrt-health/mac:02010b41cdec/antenna/tag/e2806894000040038662114f, 88
1652706472.501326, sdrt-health/mac:02010b41cdec/antenna/tag/e2806894000050038662154f, 88
1652706472.536845, sdrt-health/mac:02010b41cdec/antenna/tag/e2806894000040038662114f, 85
1652706472.578463, sdrt-health/mac:02010b41cdec/antenna/tag/e28068940000400386621d4f, 77
1652706472.643659, sdrt-health/mac:02010b41cdec/antenna/tag/e28068940000500386620d4f, 81
1652706472.644128, sdrt-health/mac:02010b41cdec/antenna/tag/e2806894000050038661fd4f, 83
1652706472.669042, sdrt-health/mac:02010b41cdec/antenna/tag/e28068940000500386620d4f, 83
1652706472.719245, sdrt-health/mac:02010b41cdec/antenna/tag/e28068940000400386621d4f, 77
1652706472.810515, sdrt-health/mac:02010b41cdec/antenna/tag/e2806894000050038662154f, 85
1652706472.877393, sdrt-health/mac:02010b41cdec/antenna/tag/e28068940000400386621d4f, 96
1652706472.908999, sdrt-health/mac:02010b41cdec/antenna/tag/e2806894000050038662154f, 88
1652706472.909391, sdrt-health/mac:02010b41cdec/antenna/tag/e28068940000400386621d4f, 96
1652706473.037996, sdrt-health/mac:02010b41cdec/antenna/tag/e2806894000050038662154f, 88
1652706473.078427, sdrt-health/mac:02010b41cdec/antenna/tag/e28068940000400386621d4f, 90
1652706473.109366, sdrt-health/mac:02010b41cdec/antenna/tag/e2806894000050038662154f, 88
1652706473.109658, sdrt-health/mac:02010b41cdec/antenna/tag/e2806894000040038662114f, 88
1652706473.124502, sdrt-health/mac:02010b41cdec/antenna/tag/e2806894000050038662194f, 84
1652706473.124828, sdrt-health/mac:02010b41cdec/antenna/tag/e2806894000050038662194f, 83
1652706473.157318, sdrt-health/mac:02010b41cdec/antenna/tag/e2806894000040038662114f, 88
1652706473.197312, sdrt-health/mac:02010b41cdec/antenna/tag/e2806894000040038662114f, 85
1652706473.2554, sdrt-health/mac:02010b41cdec/antenna/tag/e2806894000050038661fd4f, 83
1652706473.25587, sdrt-health/mac:02010b41cdec/antenna/tag/e2806894000050038662154f, 88
1652706473.26998, sdrt-health/mac:02010b41cdec/antenna/tag/e28068940000400386621d4f, 77
1652706473.338444, sdrt-health/mac:02010b41cdec/antenna/tag/e2806894000040038662114f, 93
1652706473.402744, sdrt-health/mac:02010b41cdec/antenna/tag/e2806894000050038662154f, 88
1652706473.403216, sdrt-health/mac:02010b41cdec/antenna/tag/e2806894000040038662114f, 91
1652706473.41726, sdrt-health/mac:02010b41cdec/antenna/tag/e2806894000050038661fd4f, 86
1652706473.464645, sdrt-health/mac:02010b41cdec/antenna/tag/e28068940000400386621d4f, 90
1652706473.465155, sdrt-health/mac:02010b41cdec/antenna/tag/e2806894000040038662114f, 85
1652706473.499287, sdrt-health/mac:02010b41cdec/antenna/tag/e28068940000500386620d4f, 81
1652706473.553876, sdrt-health/mac:02010b41cdec/antenna/tag/e2806894000050038661fd4f, 86
1652706473.554342, sdrt-health/mac:02010b41cdec/antenna/tag/e28068940000400386621d4f, 90
1652706473.568779, sdrt-health/mac:02010b41cdec/antenna/tag/e2806894000040038662114f, 88
1652706473.569312, sdrt-health/mac:02010b41cdec/antenna/tag/e2806894000050038662154f, 88
1652706473.587384, sdrt-health/mac:02010b41cdec/antenna/tag/e2806894000050038662194f, 88
1652706473.628708, sdrt-health/mac:02010b41cdec/antenna/tag/e2806894000050038662154f, 88
1652706473.682442, sdrt-health/mac:02010b41cdec/antenna/tag/e2806894000050038662194f, 81
1652706473.682904, sdrt-health/mac:02010b41cdec/antenna/tag/e2806894000050038662154f, 88
1652706473.697139, sdrt-health/mac:02010b41cdec/antenna/tag/e2806894000050038662194f, 84
1652706473.707626, sdrt-health/mac:02010b41cdec/antenna/tag/e2806894000050038662194f, 84
1652706473.747017, sdrt-health/mac:02010b41cdec/antenna/tag/e2806894000050038662194f, 81
1652706473.789909, sdrt-health/mac:02010b41cdec/antenna/tag/e2806894000050038662154f, 91
1652706473.822919, sdrt-health/mac:02010b41cdec/antenna/tag/e2806894000040038662114f, 85
1652706473.823271, sdrt-health/mac:02010b41cdec/antenna/tag/e2806894000050038661fd4f, 83
1652706473.839626, sdrt-health/mac:02010b41cdec/antenna/tag/e2806894000040038662214f, 94
1652706473.868062, sdrt-health/mac:02010b41cdec/antenna/tag/e28068940000400386621d4f, 96
1652706473.907946, sdrt-health/mac:02010b41cdec/antenna/tag/e2806894000040038662214f, 94
1652706473.948094, sdrt-health/mac:02010b41cdec/antenna/tag/e2806894000050038662154f, 88
1652706474.009502, sdrt-health/mac:02010b41cdec/antenna/tag/e2806894000040038662114f, 85
1652706474.058152, sdrt-health/mac:02010b41cdec/antenna/tag/e28068940000400386621d4f, 77
1652706474.107653, sdrt-health/mac:02010b41cdec/antenna/tag/e2806894000040038662114f, 85
1652706474.138854, sdrt-health/mac:02010b41cdec/antenna/tag/e28068940000400386621d4f, 77
1652706474.139316, sdrt-health/mac:02010b41cdec/antenna/tag/e2806894000050038661fd4f, 83
1652706474.153748, sdrt-health/mac:02010b41cdec/antenna/tag/e2806894000050038662154f, 85
1652706474.153962, sdrt-health/mac:02010b41cdec/antenna/tag/e28068940000400386621d4f, 77
1652706474.187822, sdrt-health/mac:02010b41cdec/antenna/tag/e2806894000050038662194f, 88
1652706474.25928, sdrt-health/mac:02010b41cdec/antenna/tag/e2806894000050038662154f, 88
1652706474.309671, sdrt-health/mac:02010b41cdec/antenna/tag/e2806894000050038661fd4f, 83
1652706474.363674, sdrt-health/mac:02010b41cdec/antenna/tag/e2806894000050038661fd4f, 83
1652706474.364116, sdrt-health/mac:02010b41cdec/antenna/tag/e2806894000050038661fd4f, 83
1652706474.388085, sdrt-health/mac:02010b41cdec/antenna/tag/e2806894000040038662114f, 85
1652706474.50556, sdrt-health/mac:02010b41cdec/antenna/tag/e28068940000500386620d4f, 83
1652706474.506028, sdrt-health/mac:02010b41cdec/antenna/tag/e2806894000050038661fd4f, 83
1652706474.568577, sdrt-health/mac:02010b41cdec/antenna/tag/e2806894000050038661fd4f, 86
1652706474.597422, sdrt-health/mac:02010b41cdec/antenna/tag/e2806894000050038662154f, 91
1652706474.597742, sdrt-health/mac:02010b41cdec/antenna/tag/e28068940000400386621d4f, 90
1652706474.637584, sdrt-health/mac:02010b41cdec/antenna/tag/e2806894000040038662114f, 91
1652706474.666112, sdrt-health/mac:02010b41cdec/antenna/tag/e2806894000050038661fd4f, 86
1652706474.666373, sdrt-health/mac:02010b41cdec/antenna/tag/e28068940000400386621d4f, 90
1652706474.697953, sdrt-health/mac:02010b41cdec/antenna/tag/e2806894000050038661fd4f, 83
1652706474.72794, sdrt-health/mac:02010b41cdec/antenna/tag/e2806894000050038662154f, 88
1652706474.728289, sdrt-health/mac:02010b41cdec/antenna/tag/e2806894000050038662154f, 88
1652706474.777325, sdrt-health/mac:02010b41cdec/antenna/tag/e2806894000050038662154f, 85
1652706474.826426, sdrt-health/mac:02010b41cdec/antenna/tag/e2806894000040038662114f, 85
1652706474.857734, sdrt-health/mac:02010b41cdec/antenna/tag/e28068940000400386621d4f, 77
1652706474.858436, sdrt-health/mac:02010b41cdec/antenna/tag/e2806894000050038661fd4f, 83
1652706474.858972, sdrt-health/mac:02010b41cdec/antenna/tag/e2806894000040038662114f, 88
1652706474.873446, sdrt-health/mac:02010b41cdec/antenna/tag/e28068940000400386621d4f, 77
1652706474.907969, sdrt-health/mac:02010b41cdec/antenna/tag/e2806894000050038662154f, 88
1652706474.963096, sdrt-health/mac:02010b41cdec/antenna/tag/e2806894000050038661fd4f, 86
1652706474.963558, sdrt-health/mac:02010b41cdec/antenna/tag/e2806894000050038661fd4f, 86
1652706474.978868, sdrt-health/mac:02010b41cdec/antenna/tag/e2806894000050038662154f, 91
1652706475.056961, sdrt-health/mac:02010b41cdec/antenna/tag/e28068940000400386621d4f, 96
1652706475.057573, sdrt-health/mac:02010b41cdec/antenna/tag/e28068940000500386620d4f, 94
1652706475.107796, sdrt-health/mac:02010b41cdec/antenna/tag/e28068940000400386621d4f, 90
1652706475.137826, sdrt-health/mac:02010b41cdec/antenna/tag/e2806894000050038661fd4f, 83
1652706475.138293, sdrt-health/mac:02010b41cdec/antenna/tag/e2806894000050038661fd4f, 83
1652706475.138574, sdrt-health/mac:02010b41cdec/antenna/tag/e2806894000050038662154f, 88
1652706475.138833, sdrt-health/mac:02010b41cdec/antenna/tag/e2806894000040038662114f, 88
1652706475.139091, sdrt-health/mac:02010b41cdec/antenna/tag/e2806894000050038662154f, 88
1652706475.15226, sdrt-health/mac:02010b41cdec/antenna/tag/e28068940000400386621d4f, 90
1652706475.152468, sdrt-health/mac:02010b41cdec/antenna/tag/e2806894000050038662154f, 88
1652706475.189163, sdrt-health/mac:02010b41cdec/antenna/tag/e2806894000050038662194f, 81
1652706475.290842, sdrt-health/mac:02010b41cdec/antenna/tag/e2806894000050038662194f, 81
1652706475.291587, sdrt-health/mac:02010b41cdec/antenna/tag/e28068940000400386621d4f, 96
1652706475.309639, sdrt-health/mac:02010b41cdec/antenna/tag/e28068940000400386621d4f, 90
1652706475.339853, sdrt-health/mac:02010b41cdec/antenna/tag/e2806894000050038662154f, 85
1652706475.340126, sdrt-health/mac:02010b41cdec/antenna/tag/e2806894000040038662114f, 85
1652706475.355171, sdrt-health/mac:02010b41cdec/antenna/tag/e2806894000050038662154f, 88
1652706475.355532, sdrt-health/mac:02010b41cdec/antenna/tag/e28068940000400386621d4f, 96
1652706475.425118, sdrt-health/mac:02010b41cdec/antenna/tag/e2806894000040038662114f, 85
1652706475.469156, sdrt-health/mac:02010b41cdec/antenna/tag/e2806894000050038662194f, 81
1652706475.524437, sdrt-health/mac:02010b41cdec/antenna/tag/e2806894000040038662114f, 85
1652706475.524976, sdrt-health/mac:02010b41cdec/antenna/tag/e2806894000050038661fd4f, 83
1652706475.548991, sdrt-health/mac:02010b41cdec/antenna/tag/e28068940000400386621d4f, 96
1652706475.589584, sdrt-health/mac:02010b41cdec/antenna/tag/e28068940000500386620d4f, 83
1652706475.676482, sdrt-health/mac:02010b41cdec/antenna/tag/e2806894000050038661fd4f, 83
1652706475.729285, sdrt-health/mac:02010b41cdec/antenna/tag/e2806894000040038662114f, 85
1652706475.793208, sdrt-health/mac:02010b41cdec/antenna/tag/e2806894000050038661fd4f, 83
1652706475.793689, sdrt-health/mac:02010b41cdec/antenna/tag/e28068940000400386621d4f, 96
1652706475.808554, sdrt-health/mac:02010b41cdec/antenna/tag/e2806894000040038662114f, 85
1652706475.817229, sdrt-health/mac:02010b41cdec/antenna/tag/e28068940000400386621d4f, 90
1652706475.824159, sdrt-health/mac:02010b41cdec/antenna/tag/e2806894000040038662114f, 85
1652706475.824528, sdrt-health/mac:02010b41cdec/antenna/tag/e2806894000050038661fd4f, 86
1652706475.824826, sdrt-health/mac:02010b41cdec/antenna/tag/e2806894000050038662154f, 91
1652706475.857147, sdrt-health/mac:02010b41cdec/antenna/tag/e2806894000040038662114f, 88
1652706475.958002, sdrt-health/mac:02010b41cdec/antenna/tag/e2806894000050038661fd4f, 83
1652706475.999979, sdrt-health/mac:02010b41cdec/antenna/tag/e28068940000400386621d4f, 96
1652706476.078275, sdrt-health/mac:02010b41cdec/antenna/tag/e2806894000050038661fd4f, 83
1652706476.11834, sdrt-health/mac:02010b41cdec/antenna/tag/e2806894000040038662114f, 88
1652706476.1728, sdrt-health/mac:02010b41cdec/antenna/tag/e2806894000050038662194f, 81
1652706476.173171, sdrt-health/mac:02010b41cdec/antenna/tag/e2806894000050038661fd4f, 86
1652706476.198554, sdrt-health/mac:02010b41cdec/antenna/tag/e2806894000050038661fd4f, 83
1652706476.228758, sdrt-health/mac:02010b41cdec/antenna/tag/e28068940000500386620d4f, 81
1652706476.229055, sdrt-health/mac:02010b41cdec/antenna/tag/e28068940000400386621d4f, 90
1652706476.2424, sdrt-health/mac:02010b41cdec/antenna/tag/e2806894000040038662114f, 88
1652706476.277222, sdrt-health/mac:02010b41cdec/antenna/tag/e2806894000040038662114f, 88
1652706476.333103, sdrt-health/mac:02010b41cdec/antenna/tag/e28068940000400386621d4f, 96
1652706476.333509, sdrt-health/mac:02010b41cdec/antenna/tag/e2806894000050038662194f, 83
1652706476.358476, sdrt-health/mac:02010b41cdec/antenna/tag/e2806894000050038662194f, 88
1652706476.399147, sdrt-health/mac:02010b41cdec/antenna/tag/e28068940000400386621d4f, 96
1652706476.438671, sdrt-health/mac:02010b41cdec/antenna/tag/e28068940000400386621d4f, 96
1652706476.478567, sdrt-health/mac:02010b41cdec/antenna/tag/e28068940000500386620d4f, 87
1652706476.508281, sdrt-health/mac:02010b41cdec/antenna/tag/e2806894000050038662154f, 91
1652706476.508761, sdrt-health/mac:02010b41cdec/antenna/tag/e2806894000050038661fd4f, 83
1652706476.522975, sdrt-health/mac:02010b41cdec/antenna/tag/e28068940000500386620d4f, 83
1652706476.523286, sdrt-health/mac:02010b41cdec/antenna/tag/e2806894000050038662154f, 91
1652706476.523568, sdrt-health/mac:02010b41cdec/antenna/tag/e2806894000050038661fd4f, 83
1652706476.567187, sdrt-health/mac:02010b41cdec/antenna/tag/e2806894000050038662154f, 91
1652706476.617229, sdrt-health/mac:02010b41cdec/antenna/tag/e2806894000040038662114f, 88
1652706476.657795, sdrt-health/mac:02010b41cdec/antenna/tag/e2806894000040038662114f, 85
1652706476.710152, sdrt-health/mac:02010b41cdec/antenna/tag/e2806894000040038662114f, 85
1652706476.762604, sdrt-health/mac:02010b41cdec/antenna/tag/e2806894000050038661fd4f, 83
1652706476.762805, sdrt-health/mac:02010b41cdec/antenna/tag/e28068940000500386620d4f, 87
1652706476.780298, sdrt-health/mac:02010b41cdec/antenna/tag/e28068940000500386620d4f, 87
1652706476.780503, sdrt-health/mac:02010b41cdec/antenna/tag/e2806894000050038662154f, 88
1652706476.804143, sdrt-health/mac:02010b41cdec/antenna/tag/e2806894000050038661fd4f, 83
1652706476.881234, sdrt-health/mac:02010b41cdec/antenna/tag/e28068940000400386621d4f, 90
1652706476.881737, sdrt-health/mac:02010b41cdec/antenna/tag/e28068940000400386621d4f, 90
1652706476.896124, sdrt-health/mac:02010b41cdec/antenna/tag/e28068940000400386621d4f, 90
1652706476.909932, sdrt-health/mac:02010b41cdec/antenna/tag/e2806894000050038661fd4f, 86
1652706476.910195, sdrt-health/mac:02010b41cdec/antenna/tag/e28068940000500386620d4f, 88
1652706476.91107, sdrt-health/mac:02010b41cdec/antenna/tag/e2806894000050038661fd4f, 86
1652706476.911247, sdrt-health/mac:02010b41cdec/antenna/tag/e28068940000500386620d4f, 81
1652706476.911408, sdrt-health/mac:02010b41cdec/antenna/tag/e2806894000050038662154f, 97
1652706476.94769, sdrt-health/mac:02010b41cdec/antenna/tag/e28068940000400386621d4f, 96
1652706476.997832, sdrt-health/mac:02010b41cdec/antenna/tag/e2806894000040038662114f, 88
1652706477.057128, sdrt-health/mac:02010b41cdec/antenna/tag/e28068940000500386620d4f, 81
1652706477.05771, sdrt-health/mac:02010b41cdec/antenna/tag/e28068940000500386620d4f, 83
1652706477.071442, sdrt-health/mac:02010b41cdec/antenna/tag/e2806894000050038662154f, 91
1652706477.071924, sdrt-health/mac:02010b41cdec/antenna/tag/e2806894000040038662114f, 85
1652706477.07819, sdrt-health/mac:02010b41cdec/antenna/tag/e2806894000040038662114f, 88
1652706477.117198, sdrt-health/mac:02010b41cdec/antenna/tag/e2806894000040038661f94f, 94
1652706477.172334, sdrt-health/mac:02010b41cdec/antenna/tag/e2806894000050038662154f, 88
1652706477.172797, sdrt-health/mac:02010b41cdec/antenna/tag/e28068940000500386620d4f, 87
1652706477.187178, sdrt-health/mac:02010b41cdec/antenna/tag/e2806894000050038661fd4f, 83
1652706477.198748, sdrt-health/mac:02010b41cdec/antenna/tag/e2806894000040038662114f, 88
1652706477.239898, sdrt-health/mac:02010b41cdec/antenna/tag/e2806894000040038662114f, 88
1652706477.293887, sdrt-health/mac:02010b41cdec/antenna/tag/e2806894000050038661fd4f, 83
1652706477.294406, sdrt-health/mac:02010b41cdec/antenna/tag/e2806894000040038662114f, 85
1652706477.319669, sdrt-health/mac:02010b41cdec/antenna/tag/e2806894000040038662214f, 88
1652706477.373595, sdrt-health/mac:02010b41cdec/antenna/tag/e2806894000040038662114f, 85
1652706477.374139, sdrt-health/mac:02010b41cdec/antenna/tag/e28068940000500386620d4f, 87
1652706477.392196, sdrt-health/mac:02010b41cdec/antenna/tag/e2806894000050038661fd4f, 83
1652706477.397501, sdrt-health/mac:02010b41cdec/antenna/tag/e2806894000050038662154f, 88
1652706477.461191, sdrt-health/mac:02010b41cdec/antenna/tag/e2806894000050038661fd4f, 86
1652706477.508295, sdrt-health/mac:02010b41cdec/antenna/tag/e28068940000400386621d4f, 90
1652706477.54766, sdrt-health/mac:02010b41cdec/antenna/tag/e28068940000400386621d4f, 90
1652706477.577376, sdrt-health/mac:02010b41cdec/antenna/tag/e28068940000400386621d4f, 90
1652706477.577691, sdrt-health/mac:02010b41cdec/antenna/tag/e2806894000050038661fd4f, 83
1652706477.592558, sdrt-health/mac:02010b41cdec/antenna/tag/e2806894000050038661fd4f, 86
1652706477.628079, sdrt-health/mac:02010b41cdec/antenna/tag/e28068940000400386621d4f, 90
1652706477.668539, sdrt-health/mac:02010b41cdec/antenna/tag/e2806894000040038662114f, 88
1652706477.722935, sdrt-health/mac:02010b41cdec/antenna/tag/e28068940000400386621d4f, 96
1652706477.723448, sdrt-health/mac:02010b41cdec/antenna/tag/e28068940000400386621d4f, 90
1652706477.738382, sdrt-health/mac:02010b41cdec/antenna/tag/e2806894000040038662114f, 91
1652706477.748079, sdrt-health/mac:02010b41cdec/antenna/tag/e2806894000050038662154f, 85
1652706477.787867, sdrt-health/mac:02010b41cdec/antenna/tag/e2806894000050038661fd4f, 83
1652706477.843824, sdrt-health/mac:02010b41cdec/antenna/tag/e2806894000040038662214f, 94
1652706477.844292, sdrt-health/mac:02010b41cdec/antenna/tag/e2806894000050038661fd4f, 86
1652706477.844662, sdrt-health/mac:02010b41cdec/antenna/tag/e2806894000040038662214f, 94
1652706477.869567, sdrt-health/mac:02010b41cdec/antenna/tag/e28068940000500386620d4f, 83
1652706477.909036, sdrt-health/mac:02010b41cdec/antenna/tag/e28068940000500386620d4f, 87
1652706477.948018, sdrt-health/mac:02010b41cdec/antenna/tag/e2806894000050038662154f, 91
1652706478.052998, sdrt-health/mac:02010b41cdec/antenna/tag/e2806894000050038661fd4f, 83
1652706478.053552, sdrt-health/mac:02010b41cdec/antenna/tag/e28068940000500386620d4f, 83
1652706478.078299, sdrt-health/mac:02010b41cdec/antenna/tag/e28068940000400386621d4f, 96
1652706478.107691, sdrt-health/mac:02010b41cdec/antenna/tag/e2806894000050038661fd4f, 83
1652706478.108102, sdrt-health/mac:02010b41cdec/antenna/tag/e2806894000040038662114f, 88
1652706478.121862, sdrt-health/mac:02010b41cdec/antenna/tag/e2806894000040038662114f, 85
1652706478.15762, sdrt-health/mac:02010b41cdec/antenna/tag/e2806894000040038662114f, 85
1652706478.198377, sdrt-health/mac:02010b41cdec/antenna/tag/e28068940000400386621d4f, 77
1652706478.249025, sdrt-health/mac:02010b41cdec/antenna/tag/e2806894000050038661fd4f, 83
1652706478.297505, sdrt-health/mac:02010b41cdec/antenna/tag/e2806894000050038661fd4f, 86
1652706478.354212, sdrt-health/mac:02010b41cdec/antenna/tag/e2806894000050038662154f, 91
1652706478.354678, sdrt-health/mac:02010b41cdec/antenna/tag/e28068940000500386620d4f, 87
1652706478.369475, sdrt-health/mac:02010b41cdec/antenna/tag/e2806894000040038662114f, 88
1652706478.369999, sdrt-health/mac:02010b41cdec/antenna/tag/e28068940000400386621d4f, 96
1652706478.37037, sdrt-health/mac:02010b41cdec/antenna/tag/e28068940000400386621d4f, 90
1652706478.398021, sdrt-health/mac:02010b41cdec/antenna/tag/e28068940000400386621d4f, 90
1652706478.467539, sdrt-health/mac:02010b41cdec/antenna/tag/e28068940000400386621d4f, 90
1652706478.507965, sdrt-health/mac:02010b41cdec/antenna/tag/e2806894000050038661fd4f, 86
1652706478.56464, sdrt-health/mac:02010b41cdec/antenna/tag/e2806894000050038661fd4f, 86
1652706478.565172, sdrt-health/mac:02010b41cdec/antenna/tag/e28068940000400386621d4f, 90
1652706478.578211, sdrt-health/mac:02010b41cdec/antenna/tag/e28068940000400386621d4f, 90
1652706478.608031, sdrt-health/mac:02010b41cdec/antenna/tag/e2806894000050038662154f, 91
1652706478.608599, sdrt-health/mac:02010b41cdec/antenna/tag/e2806894000050038661fd4f, 86
1652706478.608988, sdrt-health/mac:02010b41cdec/antenna/tag/e2806894000040038662114f, 85
1652706478.627361, sdrt-health/mac:02010b41cdec/antenna/tag/e28068940000400386621d4f, 90
1652706478.669391, sdrt-health/mac:02010b41cdec/antenna/tag/e28068940000400386621d4f, 96
1652706478.70126, sdrt-health/mac:02010b41cdec/antenna/tag/e28068940000400386621d4f, 96
1652706478.701603, sdrt-health/mac:02010b41cdec/antenna/tag/e2806894000050038662154f, 85
1652706478.716365, sdrt-health/mac:02010b41cdec/antenna/tag/e2806894000050038662154f, 88
1652706478.788579, sdrt-health/mac:02010b41cdec/antenna/tag/e2806894000040038662114f, 88
1652706478.828332, sdrt-health/mac:02010b41cdec/antenna/tag/e2806894000050038662154f, 88
1652706478.883082, sdrt-health/mac:02010b41cdec/antenna/tag/e28068940000400386621d4f, 96
1652706478.883551, sdrt-health/mac:02010b41cdec/antenna/tag/e2806894000050038662154f, 97
1652706478.909494, sdrt-health/mac:02010b41cdec/antenna/tag/e2806894000040038662114f, 88
1652706478.948699, sdrt-health/mac:02010b41cdec/antenna/tag/e2806894000050038662154f, 91
1652706479.003894, sdrt-health/mac:02010b41cdec/antenna/tag/e2806894000050038661fd4f, 83
1652706479.004404, sdrt-health/mac:02010b41cdec/antenna/tag/e28068940000400386621d4f, 90
1652706479.018408, sdrt-health/mac:02010b41cdec/antenna/tag/e2806894000050038662154f, 88
1652706479.018646, sdrt-health/mac:02010b41cdec/antenna/tag/e2806894000040038662114f, 88
1652706479.027889, sdrt-health/mac:02010b41cdec/antenna/tag/e2806894000040038662114f, 85
1652706479.068403, sdrt-health/mac:02010b41cdec/antenna/tag/e2806894000050038662154f, 93
1652706479.108174, sdrt-health/mac:02010b41cdec/antenna/tag/e2806894000050038662194f, 82
1652706479.194622, sdrt-health/mac:02010b41cdec/antenna/tag/e2806894000040038662114f, 85
1652706479.195169, sdrt-health/mac:02010b41cdec/antenna/tag/e28068940000500386620d4f, 94
1652706479.228297, sdrt-health/mac:02010b41cdec/antenna/tag/e2806894000050038662154f, 85
1652706479.302495, sdrt-health/mac:02010b41cdec/antenna/tag/e2806894000040038662114f, 85
1652706479.302972, sdrt-health/mac:02010b41cdec/antenna/tag/e2806894000040038662114f, 88
1652706479.3383, sdrt-health/mac:02010b41cdec/antenna/tag/e28068940000500386620d4f, 87
1652706479.378558, sdrt-health/mac:02010b41cdec/antenna/tag/e28068940000500386620d4f, 87
1652706479.443923, sdrt-health/mac:02010b41cdec/antenna/tag/e2806894000050038661fd4f, 83
1652706479.445289, sdrt-health/mac:02010b41cdec/antenna/tag/e28068940000500386620d4f, 83
1652706479.514337, sdrt-health/mac:02010b41cdec/antenna/tag/e2806894000050038661fd4f, 83
1652706479.591676, sdrt-health/mac:02010b41cdec/antenna/tag/e28068940000500386620d4f, 83
1652706479.592176, sdrt-health/mac:02010b41cdec/antenna/tag/e28068940000500386620d4f, 83
1652706479.605694, sdrt-health/mac:02010b41cdec/antenna/tag/e2806894000050038662154f, 88
1652706479.640994, sdrt-health/mac:02010b41cdec/antenna/tag/e2806894000050038662194f, 83
1652706479.641454, sdrt-health/mac:02010b41cdec/antenna/tag/e28068940000400386621d4f, 90
1652706479.661118, sdrt-health/mac:02010b41cdec/antenna/tag/e2806894000050038661fd4f, 86
1652706479.661761, sdrt-health/mac:02010b41cdec/antenna/tag/e2806894000040038662114f, 91
1652706479.687879, sdrt-health/mac:02010b41cdec/antenna/tag/e2806894000050038662194f, 94
1652706479.736163, sdrt-health/mac:02010b41cdec/antenna/tag/e2806894000050038662154f, 85
1652706479.798412, sdrt-health/mac:02010b41cdec/antenna/tag/e2806894000050038662194f, 94
1652706479.829085, sdrt-health/mac:02010b41cdec/antenna/tag/e2806894000040038662114f, 85
1652706479.829426, sdrt-health/mac:02010b41cdec/antenna/tag/e2806894000050038662154f, 85
1652706479.858103, sdrt-health/mac:02010b41cdec/antenna/tag/e28068940000400386621d4f, 90
1652706479.896896, sdrt-health/mac:02010b41cdec/antenna/tag/e2806894000050038662154f, 91
1652706479.926377, sdrt-health/mac:02010b41cdec/antenna/tag/e2806894000050038662154f, 91
1652706479.926576, sdrt-health/mac:02010b41cdec/antenna/tag/e2806894000050038661fd4f, 86
1652706479.948025, sdrt-health/mac:02010b41cdec/antenna/tag/e28068940000400386621d4f, 90
1652706479.999516, sdrt-health/mac:02010b41cdec/antenna/tag/e28068940000500386620d4f, 83
1652706480.053706, sdrt-health/mac:02010b41cdec/antenna/tag/e2806894000040038662114f, 85
1652706480.113672, sdrt-health/mac:02010b41cdec/antenna/tag/e28068940000400386621d4f, 90
1652706480.114146, sdrt-health/mac:02010b41cdec/antenna/tag/e2806894000050038662194f, 83
1652706480.129826, sdrt-health/mac:02010b41cdec/antenna/tag/e28068940000400386621d4f, 96
1652706480.139102, sdrt-health/mac:02010b41cdec/antenna/tag/e2806894000040038662114f, 85
1652706480.14492, sdrt-health/mac:02010b41cdec/antenna/tag/e2806894000050038662154f, 91
1652706480.145145, sdrt-health/mac:02010b41cdec/antenna/tag/e2806894000040038662114f, 91
1652706480.217371, sdrt-health/mac:02010b41cdec/antenna/tag/e2806894000050038661fd4f, 83
1652706480.259327, sdrt-health/mac:02010b41cdec/antenna/tag/e28068940000400386621d4f, 96
1652706480.323511, sdrt-health/mac:02010b41cdec/antenna/tag/e2806894000050038662194f, 83
1652706480.323799, sdrt-health/mac:02010b41cdec/antenna/tag/e28068940000400386621d4f, 90
1652706480.348312, sdrt-health/mac:02010b41cdec/antenna/tag/e2806894000040038662214f, 94
1652706480.388306, sdrt-health/mac:02010b41cdec/antenna/tag/e28068940000500386620d4f, 81
1652706480.42908, sdrt-health/mac:02010b41cdec/antenna/tag/e2806894000050038662154f, 85
1652706480.493561, sdrt-health/mac:02010b41cdec/antenna/tag/e2806894000040038662214f, 94
1652706480.494065, sdrt-health/mac:02010b41cdec/antenna/tag/e2806894000050038661fd4f, 83
1652706480.56726, sdrt-health/mac:02010b41cdec/antenna/tag/e2806894000050038661fd4f, 83
1652706480.618351, sdrt-health/mac:02010b41cdec/antenna/tag/e28068940000500386620d4f, 81
1652706480.6587, sdrt-health/mac:02010b41cdec/antenna/tag/e2806894000050038662194f, 83
1652706480.690173, sdrt-health/mac:02010b41cdec/antenna/tag/e28068940000400386621d4f, 77
1652706480.690796, sdrt-health/mac:02010b41cdec/antenna/tag/e2806894000050038662194f, 94
1652706480.728989, sdrt-health/mac:02010b41cdec/antenna/tag/e28068940000400386621d4f, 96
1652706480.777214, sdrt-health/mac:02010b41cdec/antenna/tag/e2806894000050038662154f, 88
1652706480.873472, sdrt-health/mac:02010b41cdec/antenna/tag/e2806894000050038662194f, 83
1652706480.874103, sdrt-health/mac:02010b41cdec/antenna/tag/e2806894000050038661fd4f, 83
1652706480.898375, sdrt-health/mac:02010b41cdec/antenna/tag/e2806894000050038662154f, 88
1652706480.963053, sdrt-health/mac:02010b41cdec/antenna/tag/e28068940000400386621d4f, 77
1652706480.963718, sdrt-health/mac:02010b41cdec/antenna/tag/e2806894000050038662154f, 85
1652706480.97677, sdrt-health/mac:02010b41cdec/antenna/tag/e28068940000500386620d4f, 94
1652706480.998062, sdrt-health/mac:02010b41cdec/antenna/tag/e2806894000050038662154f, 88
1652706481.054548, sdrt-health/mac:02010b41cdec/antenna/tag/e2806894000050038661fd4f, 86
1652706481.055052, sdrt-health/mac:02010b41cdec/antenna/tag/e2806894000050038662154f, 88
1652706481.098473, sdrt-health/mac:02010b41cdec/antenna/tag/e2806894000050038661fd4f, 83
1652706481.15381, sdrt-health/mac:02010b41cdec/antenna/tag/e28068940000400386621d4f, 90
1652706481.154277, sdrt-health/mac:02010b41cdec/antenna/tag/e28068940000400386621d4f, 90
1652706481.169205, sdrt-health/mac:02010b41cdec/antenna/tag/e2806894000040038662114f, 88
1652706481.197743, sdrt-health/mac:02010b41cdec/antenna/tag/e2806894000050038661fd4f, 86
1652706481.283489, sdrt-health/mac:02010b41cdec/antenna/tag/e2806894000040038662114f, 91
1652706481.283956, sdrt-health/mac:02010b41cdec/antenna/tag/e28068940000400386621d4f, 96
1652706481.307887, sdrt-health/mac:02010b41cdec/antenna/tag/e2806894000050038662154f, 85
1652706481.369987, sdrt-health/mac:02010b41cdec/antenna/tag/e2806894000050038662154f, 88
1652706481.37047, sdrt-health/mac:02010b41cdec/antenna/tag/e2806894000050038662194f, 88
1652706481.388121, sdrt-health/mac:02010b41cdec/antenna/tag/e2806894000050038661fd4f, 83
1652706481.427969, sdrt-health/mac:02010b41cdec/antenna/tag/e2806894000050038662154f, 91
1652706481.517749, sdrt-health/mac:02010b41cdec/antenna/tag/e2806894000040038662114f, 88
1652706481.558087, sdrt-health/mac:02010b41cdec/antenna/tag/e2806894000050038661fd4f, 86
1652706481.599126, sdrt-health/mac:02010b41cdec/antenna/tag/e2806894000050038661fd4f, 86
1652706481.637987, sdrt-health/mac:02010b41cdec/antenna/tag/e28068940000400386621d4f, 96
1652706481.869597, sdrt-health/mac:02010b41cdec/antenna/tag/scan, scan stopped
