1652706943.300302, sdrt-health/mac:02010b41cdec/antenna/power/set, {"power": 290}
1652706944.400762, sdrt-health/mac:02010b41cdec/antenna/power/set, 
1652706948.322664, sdrt-health/mac:02010b41cdec/antenna/tag/scan, {"time": 20000}
1652706948.717525, sdrt-health/mac:02010b41cdec/antenna/tag/e28068940000500386620d4f, 83
1652706948.758673, sdrt-health/mac:02010b41cdec/antenna/tag/e2806894000050038662194f, 93
1652706948.759235, sdrt-health/mac:02010b41cdec/antenna/tag/e2806894000050038661fd4f, 90
1652706948.799298, sdrt-health/mac:02010b41cdec/antenna/tag/e2806894000050038662194f, 83
1652706948.856426, sdrt-health/mac:02010b41cdec/antenna/tag/e2806894000050038661fd4f, 83
1652706948.900191, sdrt-health/mac:02010b41cdec/antenna/tag/e28068940000400386621d4f, 90
1652706948.929996, sdrt-health/mac:02010b41cdec/antenna/tag/e28068940000500386620d4f, 87
1652706948.930352, sdrt-health/mac:02010b41cdec/antenna/tag/e2806894000040038662114f, 85
1652706948.948932, sdrt-health/mac:02010b41cdec/antenna/tag/e28068940000500386620d4f, 87
1652706948.977158, sdrt-health/mac:02010b41cdec/antenna/tag/e2806894000050038662154f, 88
1652706948.977425, sdrt-health/mac:02010b41cdec/antenna/tag/e2806894000040038662114f, 88
1652706948.998338, sdrt-health/mac:02010b41cdec/antenna/tag/e2806894000040038662114f, 88
1652706949.040027, sdrt-health/mac:02010b41cdec/antenna/tag/e2806894000050038661fd4f, 86
1652706949.096277, sdrt-health/mac:02010b41cdec/antenna/tag/e2806894000050038662154f, 91
1652706949.096789, sdrt-health/mac:02010b41cdec/antenna/tag/e2806894000050038661fd4f, 83
1652706949.111416, sdrt-health/mac:02010b41cdec/antenna/tag/e28068940000400386621d4f, 96
1652706949.129509, sdrt-health/mac:02010b41cdec/antenna/tag/e2806894000050038662154f, 88
1652706949.185954, sdrt-health/mac:02010b41cdec/antenna/tag/e2806894000050038662154f, 91
1652706949.214598, sdrt-health/mac:02010b41cdec/antenna/tag/e28068940000400386621d4f, 90
1652706949.215243, sdrt-health/mac:02010b41cdec/antenna/tag/e2806894000040038662114f, 88
1652706949.227942, sdrt-health/mac:02010b41cdec/antenna/tag/e28068940000500386620d4f, 87
1652706949.228223, sdrt-health/mac:02010b41cdec/antenna/tag/e2806894000050038662154f, 88
1652706949.267651, sdrt-health/mac:02010b41cdec/antenna/tag/e28068940000500386620d4f, 83
1652706949.307845, sdrt-health/mac:02010b41cdec/antenna/tag/e28068940000400386621d4f, 90
1652706949.349472, sdrt-health/mac:02010b41cdec/antenna/tag/e28068940000400386621d4f, 90
1652706949.406544, sdrt-health/mac:02010b41cdec/antenna/tag/e28068940000500386620d4f, 83
1652706949.407155, sdrt-health/mac:02010b41cdec/antenna/tag/e2806894000040038662114f, 85
1652706949.429155, sdrt-health/mac:02010b41cdec/antenna/tag/e28068940000500386620d4f, 81
1652706949.53877, sdrt-health/mac:02010b41cdec/antenna/tag/e28068940000500386620d4f, 83
1652706949.608995, sdrt-health/mac:02010b41cdec/antenna/tag/e2806894000050038661fd4f, 83
1652706949.649838, sdrt-health/mac:02010b41cdec/antenna/tag/e28068940000400386621d4f, 96
1652706949.687339, sdrt-health/mac:02010b41cdec/antenna/tag/e28068940000400386621d4f, 96
1652706949.717376, sdrt-health/mac:02010b41cdec/antenna/tag/e2806894000040038662114f, 91
1652706949.71783, sdrt-health/mac:02010b41cdec/antenna/tag/e2806894000050038661fd4f, 83
1652706949.730865, sdrt-health/mac:02010b41cdec/antenna/tag/e2806894000050038662154f, 88
1652706949.768422, sdrt-health/mac:02010b41cdec/antenna/tag/e2806894000040038662114f, 88
1652706949.849854, sdrt-health/mac:02010b41cdec/antenna/tag/e2806894000050038662154f, 85
1652706949.898698, sdrt-health/mac:02010b41cdec/antenna/tag/e2806894000050038662154f, 85
1652706949.946716, sdrt-health/mac:02010b41cdec/antenna/tag/e2806894000050038662194f, 88
1652706950.001203, sdrt-health/mac:02010b41cdec/antenna/tag/e2806894000050038662154f, 85
1652706950.00174, sdrt-health/mac:02010b41cdec/antenna/tag/e28068940000400386621d4f, 77
1652706950.016744, sdrt-health/mac:02010b41cdec/antenna/tag/e2806894000050038662194f, 82
1652706950.079589, sdrt-health/mac:02010b41cdec/antenna/tag/e2806894000050038661fd4f, 83
1652706950.148509, sdrt-health/mac:02010b41cdec/antenna/tag/e28068940000400386621d4f, 96
1652706950.187857, sdrt-health/mac:02010b41cdec/antenna/tag/e2806894000050038662154f, 97
1652706950.228679, sdrt-health/mac:02010b41cdec/antenna/tag/e28068940000500386620d4f, 83
1652706950.256793, sdrt-health/mac:02010b41cdec/antenna/tag/e28068940000400386621d4f, 96
1652706950.25719, sdrt-health/mac:02010b41cdec/antenna/tag/e2806894000040038662114f, 97
1652706950.299671, sdrt-health/mac:02010b41cdec/antenna/tag/e2806894000050038662194f, 88
1652706950.347329, sdrt-health/mac:02010b41cdec/antenna/tag/e2806894000050038662154f, 85
1652706950.445062, sdrt-health/mac:02010b41cdec/antenna/tag/e28068940000500386620d4f, 83
1652706950.445602, sdrt-health/mac:02010b41cdec/antenna/tag/e2806894000050038662154f, 91
1652706950.479231, sdrt-health/mac:02010b41cdec/antenna/tag/e2806894000050038662194f, 88
1652706950.533122, sdrt-health/mac:02010b41cdec/antenna/tag/e2806894000050038661fd4f, 86
1652706950.533573, sdrt-health/mac:02010b41cdec/antenna/tag/e2806894000050038661fd4f, 83
1652706950.5678, sdrt-health/mac:02010b41cdec/antenna/tag/e2806894000050038661fd4f, 86
1652706950.631725, sdrt-health/mac:02010b41cdec/antenna/tag/e2806894000050038662154f, 97
1652706950.632193, sdrt-health/mac:02010b41cdec/antenna/tag/e2806894000050038662154f, 91
1652706950.645653, sdrt-health/mac:02010b41cdec/antenna/tag/e2806894000040038662114f, 88
1652706950.666642, sdrt-health/mac:02010b41cdec/antenna/tag/e28068940000400386621d4f, 96
1652706950.709995, sdrt-health/mac:02010b41cdec/antenna/tag/e28068940000400386621d4f, 90
1652706950.73795, sdrt-health/mac:02010b41cdec/antenna/tag/e2806894000050038662154f, 91
1652706950.738251, sdrt-health/mac:02010b41cdec/antenna/tag/e2806894000050038662154f, 91
1652706950.73846, sdrt-health/mac:02010b41cdec/antenna/state, connected
1652706950.738713, sdrt-health/mac:02010b41cdec/fw, {"version":"1.8.1","model":"200","hash":"2f556501b58f1dad542af428d7928d18","timestamp":1652706947}
1652706950.758443, sdrt-health/mac:02010b41cdec/antenna/tag/e28068940000500386620d4f, 87
1652706950.758706, sdrt-health/mac:02010b41cdec/antenna/tag/e28068940000500386620d4f, 81
1652706950.807741, sdrt-health/mac:02010b41cdec/antenna/tag/e2806894000040038662114f, 85
1652706950.847979, sdrt-health/mac:02010b41cdec/antenna/tag/e2806894000050038661fd4f, 83
1652706950.888621, sdrt-health/mac:02010b41cdec/antenna/tag/e2806894000050038662154f, 88
1652706950.929187, sdrt-health/mac:02010b41cdec/antenna/tag/e28068940000500386620d4f, 81
1652706950.969409, sdrt-health/mac:02010b41cdec/antenna/tag/e2806894000050038661fd4f, 86
1652706951.042376, sdrt-health/mac:02010b41cdec/antenna/tag/e2806894000050038662154f, 91
1652706951.042876, sdrt-health/mac:02010b41cdec/antenna/tag/e28068940000500386620d4f, 81
1652706951.056444, sdrt-health/mac:02010b41cdec/antenna/tag/e2806894000040038662114f, 91
1652706951.069599, sdrt-health/mac:02010b41cdec/antenna/tag/e2806894000050038662154f, 91
1652706951.0706, sdrt-health/mac:02010b41cdec/antenna/tag/e2806894000040038662114f, 91
1652706951.14315, sdrt-health/mac:02010b41cdec/antenna/tag/e2806894000050038661fd4f, 86
1652706951.143662, sdrt-health/mac:02010b41cdec/antenna/tag/e2806894000040038662114f, 88
1652706951.213218, sdrt-health/mac:02010b41cdec/antenna/tag/e2806894000050038662154f, 91
1652706951.213728, sdrt-health/mac:02010b41cdec/antenna/version, 
1652706951.214067, sdrt-health/mac:02010b41cdec/antenna/tag/e28068940000500386620d4f, 84
1652706951.214522, sdrt-health/mac:02010b41cdec/antenna/tag/e28068940000400386621d4f, 90
1652706951.214935, sdrt-health/mac:02010b41cdec/antenna/tag/e2806894000050038662154f, 91
1652706951.238581, sdrt-health/mac:02010b41cdec/antenna/tag/e2806894000040038662114f, 85
1652706951.302172, sdrt-health/mac:02010b41cdec/antenna/tag/e2806894000040038662114f, 85
1652706951.302632, sdrt-health/mac:02010b41cdec/antenna/tag/e2806894000050038662194f, 94
1652706951.348572, sdrt-health/mac:02010b41cdec/antenna/tag/e2806894000050038661fd4f, 86
1652706951.389145, sdrt-health/mac:02010b41cdec/antenna/tag/e28068940000500386620d4f, 81
1652706951.429839, sdrt-health/mac:02010b41cdec/antenna/tag/e2806894000040038662114f, 85
1652706951.48262, sdrt-health/mac:02010b41cdec/antenna/tag/e28068940000500386620d4f, 83
1652706951.483079, sdrt-health/mac:02010b41cdec/antenna/tag/e28068940000500386620d4f, 87
1652706951.50921, sdrt-health/mac:02010b41cdec/antenna/tag/e2806894000050038661fd4f, 83
1652706951.548623, sdrt-health/mac:02010b41cdec/antenna/tag/e2806894000050038662154f, 91
1652706951.603425, sdrt-health/mac:02010b41cdec/antenna/tag/e28068940000500386620d4f, 83
1652706951.603951, sdrt-health/mac:02010b41cdec/antenna/tag/e2806894000050038662154f, 88
1652706951.639085, sdrt-health/mac:02010b41cdec/antenna/tag/e28068940000500386620d4f, 83
1652706951.639529, sdrt-health/mac:02010b41cdec/antenna/tag/e2806894000040038662114f, 88
1652706951.653822, sdrt-health/mac:02010b41cdec/antenna/tag/e2806894000050038661fd4f, 83
1652706951.677502, sdrt-health/mac:02010b41cdec/antenna/tag/e28068940000500386620d4f, 83
1652706951.728809, sdrt-health/mac:02010b41cdec/antenna/tag/e2806894000050038661fd4f, 86
1652706951.729312, sdrt-health/mac:02010b41cdec/antenna/tag/e2806894000050038661fd4f, 86
1652706951.768653, sdrt-health/mac:02010b41cdec/antenna/tag/e2806894000050038661fd4f, 86
1652706951.808766, sdrt-health/mac:02010b41cdec/antenna/tag/e2806894000050038662154f, 88
1652706951.861209, sdrt-health/mac:02010b41cdec/antenna/tag/e2806894000050038661fd4f, 86
1652706951.861669, sdrt-health/mac:02010b41cdec/antenna/tag/e2806894000050038661fd4f, 86
1652706951.947097, sdrt-health/mac:02010b41cdec/antenna/tag/e2806894000050038662154f, 85
1652706951.998798, sdrt-health/mac:02010b41cdec/antenna/tag/e2806894000040038662114f, 91
1652706952.048458, sdrt-health/mac:02010b41cdec/antenna/tag/e2806894000040038662114f, 91
1652706952.10396, sdrt-health/mac:02010b41cdec/antenna/tag/e28068940000400386621d4f, 96
1652706952.104501, sdrt-health/mac:02010b41cdec/antenna/tag/e2806894000050038661fd4f, 86
1652706952.138281, sdrt-health/mac:02010b41cdec/antenna/tag/e2806894000050038661fd4f, 83
1652706952.168825, sdrt-health/mac:02010b41cdec/antenna/tag/e28068940000500386620d4f, 83
1652706952.169375, sdrt-health/mac:02010b41cdec/antenna/tag/e28068940000400386621d4f, 90
1652706952.183, sdrt-health/mac:02010b41cdec/antenna/tag/e2806894000050038662154f, 88
1652706952.183558, sdrt-health/mac:02010b41cdec/antenna/tag/e28068940000500386620d4f, 83
1652706952.219581, sdrt-health/mac:02010b41cdec/antenna/tag/e2806894000050038661fd4f, 83
1652706952.268704, sdrt-health/mac:02010b41cdec/antenna/tag/e2806894000050038661fd4f, 83
1652706952.298294, sdrt-health/mac:02010b41cdec/antenna/tag/e2806894000050038662194f, 81
1652706952.298846, sdrt-health/mac:02010b41cdec/antenna/tag/e28068940000400386621d4f, 96
1652706952.312077, sdrt-health/mac:02010b41cdec/antenna/tag/e2806894000050038662154f, 88
1652706952.357223, sdrt-health/mac:02010b41cdec/antenna/tag/e2806894000040038662114f, 85
1652706952.399574, sdrt-health/mac:02010b41cdec/antenna/tag/e2806894000040038662114f, 88
1652706952.448587, sdrt-health/mac:02010b41cdec/antenna/tag/e2806894000040038662114f, 88
1652706952.488924, sdrt-health/mac:02010b41cdec/antenna/tag/e28068940000500386620d4f, 81
1652706952.529887, sdrt-health/mac:02010b41cdec/antenna/tag/e2806894000050038662194f, 94
1652706952.584866, sdrt-health/mac:02010b41cdec/antenna/tag/e28068940000400386621d4f, 77
1652706952.585317, sdrt-health/mac:02010b41cdec/antenna/tag/e2806894000050038661fd4f, 83
1652706952.598769, sdrt-health/mac:02010b41cdec/antenna/tag/e2806894000040038662114f, 88
1652706952.618883, sdrt-health/mac:02010b41cdec/antenna/tag/e2806894000050038661fd4f, 83
1652706952.670005, sdrt-health/mac:02010b41cdec/antenna/tag/e2806894000050038662194f, 87
1652706952.742954, sdrt-health/mac:02010b41cdec/antenna/tag/e2806894000050038661fd4f, 83
1652706952.743468, sdrt-health/mac:02010b41cdec/antenna/tag/e28068940000400386621d4f, 77
1652706952.743891, sdrt-health/mac:02010b41cdec/antenna/tag/e2806894000040038662114f, 88
1652706952.751683, sdrt-health/mac:02010b41cdec/antenna/tag/e28068940000400386621d4f, 77
1652706952.768383, sdrt-health/mac:02010b41cdec/antenna/tag/e28068940000500386620d4f, 83
1652706952.819139, sdrt-health/mac:02010b41cdec/antenna/tag/e28068940000400386621d4f, 77
1652706952.858026, sdrt-health/mac:02010b41cdec/antenna/tag/e2806894000040038662114f, 88
1652706952.943655, sdrt-health/mac:02010b41cdec/antenna/tag/e2806894000050038661fd4f, 83
1652706952.944111, sdrt-health/mac:02010b41cdec/antenna/tag/e28068940000400386621d4f, 96
1652706952.979407, sdrt-health/mac:02010b41cdec/antenna/tag/e2806894000050038661fd4f, 86
1652706953.032311, sdrt-health/mac:02010b41cdec/antenna/tag/e2806894000050038662154f, 91
1652706953.032769, sdrt-health/mac:02010b41cdec/antenna/tag/e2806894000040038662114f, 85
1652706953.068484, sdrt-health/mac:02010b41cdec/antenna/tag/e2806894000050038662194f, 94
1652706953.122224, sdrt-health/mac:02010b41cdec/antenna/tag/e28068940000400386621d4f, 77
1652706953.122687, sdrt-health/mac:02010b41cdec/antenna/tag/e2806894000050038661fd4f, 86
1652706953.136229, sdrt-health/mac:02010b41cdec/antenna/tag/e28068940000500386620d4f, 81
1652706953.188906, sdrt-health/mac:02010b41cdec/antenna/tag/e28068940000500386620d4f, 81
1652706953.235688, sdrt-health/mac:02010b41cdec/antenna/tag/e28068940000500386620d4f, 88
1652706953.288192, sdrt-health/mac:02010b41cdec/antenna/tag/e28068940000400386621d4f, 90
1652706953.34297, sdrt-health/mac:02010b41cdec/antenna/tag/e28068940000400386621d4f, 96
1652706953.343538, sdrt-health/mac:02010b41cdec/antenna/tag/e2806894000050038662154f, 91
1652706953.378937, sdrt-health/mac:02010b41cdec/antenna/tag/e2806894000050038661fd4f, 83
1652706953.45111, sdrt-health/mac:02010b41cdec/antenna/tag/e2806894000050038662194f, 83
1652706953.451622, sdrt-health/mac:02010b41cdec/antenna/tag/e28068940000500386620d4f, 81
1652706953.478115, sdrt-health/mac:02010b41cdec/antenna/tag/e2806894000050038662194f, 81
1652706953.518995, sdrt-health/mac:02010b41cdec/antenna/tag/e2806894000050038661fd4f, 83
1652706953.557983, sdrt-health/mac:02010b41cdec/antenna/tag/e2806894000050038661fd4f, 86
1652706953.622257, sdrt-health/mac:02010b41cdec/antenna/tag/e2806894000050038661fd4f, 86
1652706953.622798, sdrt-health/mac:02010b41cdec/antenna/tag/e2806894000050038662154f, 91
1652706953.636396, sdrt-health/mac:02010b41cdec/antenna/tag/e28068940000500386620d4f, 94
1652706953.657231, sdrt-health/mac:02010b41cdec/antenna/tag/e28068940000500386620d4f, 94
1652706953.699059, sdrt-health/mac:02010b41cdec/antenna/tag/e2806894000040038662114f, 91
1652706953.737169, sdrt-health/mac:02010b41cdec/antenna/tag/e28068940000500386620d4f, 94
1652706953.778171, sdrt-health/mac:02010b41cdec/antenna/tag/e2806894000050038662154f, 88
1652706953.82712, sdrt-health/mac:02010b41cdec/antenna/tag/e2806894000050038662154f, 88
1652706953.855397, sdrt-health/mac:02010b41cdec/antenna/tag/e2806894000050038661fd4f, 83
1652706953.855661, sdrt-health/mac:02010b41cdec/antenna/tag/e28068940000400386621d4f, 96
1652706953.869234, sdrt-health/mac:02010b41cdec/antenna/tag/e2806894000050038661fd4f, 83
1652706953.898005, sdrt-health/mac:02010b41cdec/antenna/tag/e2806894000040038662114f, 85
1652706953.898341, sdrt-health/mac:02010b41cdec/antenna/tag/e28068940000400386621d4f, 96
1652706953.918734, sdrt-health/mac:02010b41cdec/antenna/tag/e2806894000040038662114f, 85
1652706953.967998, sdrt-health/mac:02010b41cdec/antenna/tag/e2806894000050038661fd4f, 83
1652706954.009875, sdrt-health/mac:02010b41cdec/antenna/tag/e2806894000050038662194f, 88
1652706954.081016, sdrt-health/mac:02010b41cdec/antenna/tag/e2806894000050038662154f, 88
1652706954.081536, sdrt-health/mac:02010b41cdec/antenna/tag/e2806894000040038662114f, 85
1652706954.107123, sdrt-health/mac:02010b41cdec/antenna/tag/e2806894000040038662114f, 88
1652706954.137766, sdrt-health/mac:02010b41cdec/antenna/tag/e2806894000050038661fd4f, 83
1652706954.138094, sdrt-health/mac:02010b41cdec/antenna/tag/e28068940000500386620d4f, 84
1652706954.151433, sdrt-health/mac:02010b41cdec/antenna/tag/e2806894000050038661fd4f, 83
1652706954.188229, sdrt-health/mac:02010b41cdec/antenna/tag/e2806894000050038661fd4f, 83
1652706954.229733, sdrt-health/mac:02010b41cdec/antenna/tag/e2806894000050038662154f, 88
1652706954.269539, sdrt-health/mac:02010b41cdec/antenna/tag/e2806894000050038661fd4f, 83
1652706954.298771, sdrt-health/mac:02010b41cdec/antenna/tag/e28068940000500386620d4f, 93
1652706954.299171, sdrt-health/mac:02010b41cdec/antenna/tag/e2806894000050038662154f, 88
1652706954.357826, sdrt-health/mac:02010b41cdec/antenna/tag/e2806894000050038661fd4f, 83
1652706954.399691, sdrt-health/mac:02010b41cdec/antenna/tag/e2806894000040038662114f, 88
1652706954.479573, sdrt-health/mac:02010b41cdec/antenna/tag/e28068940000400386621d4f, 96
1652706954.518996, sdrt-health/mac:02010b41cdec/antenna/tag/e2806894000050038662154f, 91
1652706954.602577, sdrt-health/mac:02010b41cdec/antenna/tag/e2806894000050038661fd4f, 86
1652706954.603135, sdrt-health/mac:02010b41cdec/antenna/tag/e28068940000400386621d4f, 96
1652706954.637028, sdrt-health/mac:02010b41cdec/antenna/tag/e2806894000050038661fd4f, 86
1652706954.739822, sdrt-health/mac:02010b41cdec/antenna/tag/e2806894000040038662114f, 88
1652706954.740293, sdrt-health/mac:02010b41cdec/antenna/tag/e28068940000400386621d4f, 96
1652706954.768304, sdrt-health/mac:02010b41cdec/antenna/tag/e2806894000040038662114f, 88
1652706954.807995, sdrt-health/mac:02010b41cdec/antenna/tag/e28068940000400386621d4f, 96
1652706954.859067, sdrt-health/mac:02010b41cdec/antenna/tag/e2806894000050038661fd4f, 83
1652706954.918587, sdrt-health/mac:02010b41cdec/antenna/tag/e2806894000040038662114f, 88
1652706954.919078, sdrt-health/mac:02010b41cdec/antenna/tag/e2806894000050038661fd4f, 83
1652706954.93391, sdrt-health/mac:02010b41cdec/antenna/tag/e28068940000400386621d4f, 90
1652706954.934204, sdrt-health/mac:02010b41cdec/antenna/tag/e2806894000050038662154f, 91
1652706954.949425, sdrt-health/mac:02010b41cdec/antenna/tag/e2806894000050038661fd4f, 83
1652706955.006561, sdrt-health/mac:02010b41cdec/antenna/tag/e2806894000040038662114f, 85
1652706955.049057, sdrt-health/mac:02010b41cdec/antenna/tag/e28068940000400386621d4f, 77
1652706955.089048, sdrt-health/mac:02010b41cdec/antenna/tag/e28068940000500386620d4f, 93
1652706955.130065, sdrt-health/mac:02010b41cdec/antenna/tag/e2806894000040038662114f, 85
1652706955.168253, sdrt-health/mac:02010b41cdec/antenna/tag/e2806894000050038661fd4f, 86
1652706955.20914, sdrt-health/mac:02010b41cdec/antenna/tag/e2806894000050038661fd4f, 86
1652706955.248786, sdrt-health/mac:02010b41cdec/antenna/tag/e2806894000050038661fd4f, 86
1652706955.249489, sdrt-health/mac:02010b41cdec/antenna/tag/e2806894000050038662154f, 91
1652706955.288679, sdrt-health/mac:02010b41cdec/antenna/tag/e2806894000050038662194f, 87
1652706955.348433, sdrt-health/mac:02010b41cdec/antenna/tag/e2806894000040038662114f, 88
1652706955.396147, sdrt-health/mac:02010b41cdec/antenna/tag/e2806894000050038662154f, 88
1652706955.425652, sdrt-health/mac:02010b41cdec/antenna/tag/e2806894000050038662154f, 88
1652706955.425937, sdrt-health/mac:02010b41cdec/antenna/tag/e2806894000040038662114f, 88
1652706955.426142, sdrt-health/mac:02010b41cdec/antenna/tag/e28068940000400386621d4f, 90
1652706955.439202, sdrt-health/mac:02010b41cdec/antenna/tag/e2806894000040038662114f, 88
1652706955.439452, sdrt-health/mac:02010b41cdec/antenna/tag/e2806894000050038661fd4f, 83
1652706955.488916, sdrt-health/mac:02010b41cdec/antenna/tag/e28068940000500386620d4f, 87
1652706955.547729, sdrt-health/mac:02010b41cdec/antenna/tag/e2806894000040038662114f, 88
1652706955.548226, sdrt-health/mac:02010b41cdec/antenna/tag/e2806894000050038661fd4f, 86
1652706955.568022, sdrt-health/mac:02010b41cdec/antenna/tag/e28068940000500386620d4f, 83
1652706955.671741, sdrt-health/mac:02010b41cdec/antenna/tag/e2806894000050038662154f, 91
1652706955.672345, sdrt-health/mac:02010b41cdec/antenna/tag/e28068940000400386621d4f, 96
1652706955.707597, sdrt-health/mac:02010b41cdec/antenna/tag/e2806894000050038662154f, 91
1652706955.736141, sdrt-health/mac:02010b41cdec/antenna/tag/e28068940000400386621d4f, 90
1652706955.736733, sdrt-health/mac:02010b41cdec/antenna/tag/e2806894000050038662154f, 91
1652706955.751216, sdrt-health/mac:02010b41cdec/antenna/tag/e28068940000400386621d4f, 96
1652706955.789025, sdrt-health/mac:02010b41cdec/antenna/tag/e28068940000400386621d4f, 90
1652706955.81642, sdrt-health/mac:02010b41cdec/antenna/tag/e2806894000050038661fd4f, 83
1652706955.816889, sdrt-health/mac:02010b41cdec/antenna/tag/e28068940000500386620d4f, 83
1652706955.83108, sdrt-health/mac:02010b41cdec/antenna/tag/e28068940000400386621d4f, 96
1652706955.8315, sdrt-health/mac:02010b41cdec/antenna/tag/e2806894000040038662114f, 88
1652706955.832102, sdrt-health/mac:02010b41cdec/antenna/tag/e2806894000050038661fd4f, 83
1652706955.881359, sdrt-health/mac:02010b41cdec/antenna/tag/e28068940000400386621d4f, 77
1652706956.017039, sdrt-health/mac:02010b41cdec/antenna/tag/e28068940000400386621d4f, 90
1652706956.066287, sdrt-health/mac:02010b41cdec/antenna/tag/e2806894000050038662154f, 88
1652706956.1307, sdrt-health/mac:02010b41cdec/antenna/tag/e2806894000040038662114f, 88
1652706956.13143, sdrt-health/mac:02010b41cdec/antenna/tag/e2806894000050038661fd4f, 83
1652706956.158108, sdrt-health/mac:02010b41cdec/antenna/tag/e2806894000040038662114f, 91
1652706956.209114, sdrt-health/mac:02010b41cdec/antenna/tag/e28068940000400386621d4f, 90
1652706956.264435, sdrt-health/mac:02010b41cdec/antenna/tag/e2806894000040038662114f, 91
1652706956.264956, sdrt-health/mac:02010b41cdec/antenna/tag/e2806894000050038662154f, 85
1652706956.279261, sdrt-health/mac:02010b41cdec/antenna/tag/e2806894000040038662114f, 91
1652706956.279716, sdrt-health/mac:02010b41cdec/antenna/tag/e28068940000400386621d4f, 96
1652706956.300882, sdrt-health/mac:02010b41cdec/antenna/tag/e28068940000400386621d4f, 96
1652706956.34852, sdrt-health/mac:02010b41cdec/antenna/tag/e2806894000040038662114f, 91
1652706956.37684, sdrt-health/mac:02010b41cdec/antenna/tag/e28068940000400386621d4f, 90
1652706956.377183, sdrt-health/mac:02010b41cdec/antenna/tag/e2806894000050038661fd4f, 86
1652706956.392123, sdrt-health/mac:02010b41cdec/antenna/tag/e28068940000400386621d4f, 90
1652706956.437996, sdrt-health/mac:02010b41cdec/antenna/tag/e2806894000050038662154f, 85
1652706956.489234, sdrt-health/mac:02010b41cdec/antenna/tag/e2806894000040038662114f, 85
1652706956.517979, sdrt-health/mac:02010b41cdec/antenna/tag/e2806894000050038661fd4f, 83
1652706956.518454, sdrt-health/mac:02010b41cdec/antenna/tag/e28068940000400386621d4f, 77
1652706956.538071, sdrt-health/mac:02010b41cdec/antenna/tag/e2806894000050038662154f, 91
1652706956.593911, sdrt-health/mac:02010b41cdec/antenna/tag/e2806894000050038661fd4f, 83
1652706956.594404, sdrt-health/mac:02010b41cdec/antenna/tag/e2806894000040038662114f, 88
1652706956.62032, sdrt-health/mac:02010b41cdec/antenna/tag/e28068940000500386620d4f, 87
1652706956.669752, sdrt-health/mac:02010b41cdec/antenna/tag/e28068940000500386620d4f, 83
1652706956.722032, sdrt-health/mac:02010b41cdec/antenna/tag/e2806894000050038662154f, 91
1652706956.722565, sdrt-health/mac:02010b41cdec/antenna/tag/e28068940000400386621d4f, 96
1652706956.759076, sdrt-health/mac:02010b41cdec/antenna/tag/e28068940000500386620d4f, 93
1652706956.759411, sdrt-health/mac:02010b41cdec/antenna/tag/e2806894000040038662114f, 88
1652706956.798549, sdrt-health/mac:02010b41cdec/antenna/tag/e2806894000040038662054f, 94
1652706956.838628, sdrt-health/mac:02010b41cdec/antenna/tag/e2806894000050038662194f, 88
1652706956.879735, sdrt-health/mac:02010b41cdec/antenna/tag/e2806894000050038661fd4f, 83
1652706956.912619, sdrt-health/mac:02010b41cdec/antenna/tag/e2806894000050038662154f, 88
1652706956.912971, sdrt-health/mac:02010b41cdec/antenna/tag/e2806894000050038662194f, 81
1652706956.929173, sdrt-health/mac:02010b41cdec/antenna/tag/e2806894000050038662194f, 81
1652706956.987281, sdrt-health/mac:02010b41cdec/antenna/tag/e2806894000050038661fd4f, 83
1652706957.015497, sdrt-health/mac:02010b41cdec/antenna/tag/e28068940000400386621d4f, 90
1652706957.015837, sdrt-health/mac:02010b41cdec/antenna/tag/e2806894000050038662154f, 91
1652706957.02941, sdrt-health/mac:02010b41cdec/antenna/tag/e28068940000400386621d4f, 90
1652706957.029786, sdrt-health/mac:02010b41cdec/antenna/tag/e2806894000040038662114f, 88
1652706957.07702, sdrt-health/mac:02010b41cdec/antenna/tag/e28068940000500386620d4f, 83
1652706957.133106, sdrt-health/mac:02010b41cdec/antenna/tag/e28068940000400386621d4f, 90
1652706957.13353, sdrt-health/mac:02010b41cdec/antenna/tag/e28068940000500386620d4f, 87
1652706957.177437, sdrt-health/mac:02010b41cdec/antenna/tag/e28068940000400386621d4f, 90
1652706957.218136, sdrt-health/mac:02010b41cdec/antenna/tag/e2806894000040038662114f, 88
1652706957.267735, sdrt-health/mac:02010b41cdec/antenna/tag/e28068940000400386621d4f, 96
1652706957.298118, sdrt-health/mac:02010b41cdec/antenna/tag/e2806894000050038662154f, 91
1652706957.298601, sdrt-health/mac:02010b41cdec/antenna/tag/e2806894000050038662154f, 88
1652706957.316809, sdrt-health/mac:02010b41cdec/antenna/tag/e28068940000400386621d4f, 96
1652706957.36738, sdrt-health/mac:02010b41cdec/antenna/tag/e2806894000050038661fd4f, 83
1652706957.4092, sdrt-health/mac:02010b41cdec/antenna/tag/e2806894000050038661fd4f, 86
1652706957.46324, sdrt-health/mac:02010b41cdec/antenna/tag/e2806894000040038662114f, 88
1652706957.46368, sdrt-health/mac:02010b41cdec/antenna/tag/e2806894000050038661fd4f, 86
1652706957.476101, sdrt-health/mac:02010b41cdec/antenna/tag/e2806894000040038662114f, 88
1652706957.496526, sdrt-health/mac:02010b41cdec/antenna/tag/e2806894000040038662114f, 88
1652706957.551695, sdrt-health/mac:02010b41cdec/antenna/tag/e28068940000400386621d4f, 96
1652706957.552152, sdrt-health/mac:02010b41cdec/antenna/tag/e28068940000500386620d4f, 81
1652706957.565878, sdrt-health/mac:02010b41cdec/antenna/tag/e2806894000050038661fd4f, 86
1652706957.587075, sdrt-health/mac:02010b41cdec/antenna/tag/e2806894000050038662154f, 88
1652706957.627333, sdrt-health/mac:02010b41cdec/antenna/tag/e2806894000050038661fd4f, 86
1652706957.698274, sdrt-health/mac:02010b41cdec/antenna/tag/e28068940000500386620d4f, 83
1652706957.738768, sdrt-health/mac:02010b41cdec/antenna/tag/e2806894000050038661fd4f, 83
1652706957.787067, sdrt-health/mac:02010b41cdec/antenna/tag/e2806894000050038662194f, 81
1652706957.862232, sdrt-health/mac:02010b41cdec/antenna/tag/e2806894000040038662114f, 88
1652706957.862756, sdrt-health/mac:02010b41cdec/antenna/tag/e2806894000050038662154f, 88
1652706957.896752, sdrt-health/mac:02010b41cdec/antenna/tag/e2806894000050038662154f, 85
1652706957.961239, sdrt-health/mac:02010b41cdec/antenna/tag/e2806894000040038662114f, 85
1652706957.961706, sdrt-health/mac:02010b41cdec/antenna/tag/e2806894000040038662114f, 85
1652706957.987124, sdrt-health/mac:02010b41cdec/antenna/tag/e2806894000040038662114f, 88
1652706958.015344, sdrt-health/mac:02010b41cdec/antenna/tag/e2806894000050038662154f, 91
1652706958.015691, sdrt-health/mac:02010b41cdec/antenna/tag/e2806894000050038662154f, 88
1652706958.029207, sdrt-health/mac:02010b41cdec/antenna/tag/e28068940000500386620d4f, 87
1652706958.029543, sdrt-health/mac:02010b41cdec/antenna/tag/e2806894000040038662114f, 88
1652706958.087455, sdrt-health/mac:02010b41cdec/antenna/tag/e2806894000050038661fd4f, 86
1652706958.129935, sdrt-health/mac:02010b41cdec/antenna/tag/e28068940000500386620d4f, 87
1652706958.164538, sdrt-health/mac:02010b41cdec/antenna/tag/e2806894000040038662114f, 88
1652706958.165068, sdrt-health/mac:02010b41cdec/antenna/tag/e28068940000400386621d4f, 90
1652706958.179251, sdrt-health/mac:02010b41cdec/antenna/tag/e2806894000050038662154f, 88
1652706958.247917, sdrt-health/mac:02010b41cdec/antenna/tag/e2806894000050038662154f, 88
1652706958.287926, sdrt-health/mac:02010b41cdec/antenna/tag/e2806894000040038662114f, 91
1652706958.328782, sdrt-health/mac:02010b41cdec/antenna/tag/e2806894000050038662194f, 81
1652706958.376931, sdrt-health/mac:02010b41cdec/antenna/tag/e2806894000050038661fd4f, 83
1652706958.405283, sdrt-health/mac:02010b41cdec/antenna/tag/e2806894000050038662194f, 94
1652706958.405656, sdrt-health/mac:02010b41cdec/antenna/tag/e28068940000400386621d4f, 77
1652706958.418319, sdrt-health/mac:02010b41cdec/antenna/tag/e28068940000500386620d4f, 84
1652706958.488909, sdrt-health/mac:02010b41cdec/antenna/tag/e2806894000040038662114f, 88
1652706958.527751, sdrt-health/mac:02010b41cdec/antenna/tag/e28068940000400386621d4f, 96
1652706958.583879, sdrt-health/mac:02010b41cdec/antenna/tag/e2806894000040038662114f, 88
1652706958.584373, sdrt-health/mac:02010b41cdec/antenna/tag/e2806894000050038662154f, 88
1652706958.610331, sdrt-health/mac:02010b41cdec/antenna/tag/e2806894000050038661fd4f, 83
1652706958.649234, sdrt-health/mac:02010b41cdec/antenna/tag/e2806894000050038662154f, 88
1652706958.699072, sdrt-health/mac:02010b41cdec/antenna/tag/e2806894000050038662154f, 88
1652706958.738785, sdrt-health/mac:02010b41cdec/antenna/tag/e2806894000050038662194f, 83
1652706958.794903, sdrt-health/mac:02010b41cdec/antenna/tag/e2806894000040038662114f, 88
1652706958.795349, sdrt-health/mac:02010b41cdec/antenna/tag/e2806894000040038661f94f, 82
1652706958.808836, sdrt-health/mac:02010b41cdec/antenna/tag/e2806894000050038662194f, 83
1652706958.828526, sdrt-health/mac:02010b41cdec/antenna/tag/e2806894000040038662114f, 85
1652706958.858642, sdrt-health/mac:02010b41cdec/antenna/tag/e2806894000050038662194f, 83
1652706958.859005, sdrt-health/mac:02010b41cdec/antenna/tag/e28068940000400386621d4f, 96
1652706958.888782, sdrt-health/mac:02010b41cdec/antenna/tag/e28068940000400386621d4f, 96
1652706958.94812, sdrt-health/mac:02010b41cdec/antenna/tag/e2806894000040038662114f, 88
1652706959.006376, sdrt-health/mac:02010b41cdec/antenna/tag/e2806894000050038662194f, 84
1652706959.006971, sdrt-health/mac:02010b41cdec/antenna/tag/e2806894000050038662154f, 85
1652706959.021583, sdrt-health/mac:02010b41cdec/antenna/tag/e2806894000040038662114f, 85
1652706959.045968, sdrt-health/mac:02010b41cdec/antenna/tag/e28068940000500386620d4f, 81
1652706959.090203, sdrt-health/mac:02010b41cdec/antenna/tag/e28068940000500386620d4f, 83
1652706959.141727, sdrt-health/mac:02010b41cdec/antenna/tag/e2806894000040038662114f, 85
1652706959.141963, sdrt-health/mac:02010b41cdec/antenna/tag/e2806894000050038662154f, 85
1652706959.17467, sdrt-health/mac:02010b41cdec/antenna/tag/e28068940000400386621d4f, 77
1652706959.216631, sdrt-health/mac:02010b41cdec/antenna/tag/e2806894000040038662114f, 85
1652706959.217447, sdrt-health/mac:02010b41cdec/antenna/tag/e2806894000050038662194f, 94
1652706959.229972, sdrt-health/mac:02010b41cdec/antenna/tag/e2806894000050038662154f, 88
1652706959.23023, sdrt-health/mac:02010b41cdec/antenna/tag/e28068940000400386621d4f, 77
1652706959.26556, sdrt-health/mac:02010b41cdec/antenna/tag/e28068940000400386621d4f, 77
1652706959.346734, sdrt-health/mac:02010b41cdec/antenna/tag/e28068940000500386620d4f, 94
1652706959.347409, sdrt-health/mac:02010b41cdec/antenna/tag/e2806894000050038661fd4f, 83
1652706959.361076, sdrt-health/mac:02010b41cdec/antenna/tag/e2806894000040038662114f, 88
1652706959.393427, sdrt-health/mac:02010b41cdec/antenna/tag/e2806894000050038662194f, 83
1652706959.393693, sdrt-health/mac:02010b41cdec/antenna/tag/e2806894000050038661fd4f, 86
1652706959.406746, sdrt-health/mac:02010b41cdec/antenna/tag/e2806894000050038662154f, 88
1652706959.430302, sdrt-health/mac:02010b41cdec/antenna/tag/e2806894000040038662114f, 88
1652706959.478331, sdrt-health/mac:02010b41cdec/antenna/tag/e2806894000050038662194f, 88
1652706959.533465, sdrt-health/mac:02010b41cdec/antenna/tag/e28068940000400386621d4f, 96
1652706959.534002, sdrt-health/mac:02010b41cdec/antenna/tag/e2806894000050038662154f, 88
1652706959.567967, sdrt-health/mac:02010b41cdec/antenna/tag/e28068940000400386621d4f, 77
1652706959.609064, sdrt-health/mac:02010b41cdec/antenna/tag/e28068940000500386620d4f, 83
1652706959.662054, sdrt-health/mac:02010b41cdec/antenna/tag/e28068940000400386621d4f, 77
1652706959.662572, sdrt-health/mac:02010b41cdec/antenna/tag/e2806894000050038661fd4f, 86
1652706959.685234, sdrt-health/mac:02010b41cdec/antenna/tag/e2806894000040038662114f, 91
1652706959.727818, sdrt-health/mac:02010b41cdec/antenna/tag/e2806894000050038662154f, 88
1652706959.769249, sdrt-health/mac:02010b41cdec/antenna/tag/e28068940000500386620d4f, 81
1652706959.809025, sdrt-health/mac:02010b41cdec/antenna/tag/e2806894000040038662114f, 91
1652706959.849161, sdrt-health/mac:02010b41cdec/antenna/tag/e2806894000050038661fd4f, 86
1652706959.927415, sdrt-health/mac:02010b41cdec/antenna/tag/e2806894000050038661fd4f, 83
1652706959.927964, sdrt-health/mac:02010b41cdec/antenna/tag/e2806894000050038662154f, 85
1652706959.957376, sdrt-health/mac:02010b41cdec/antenna/tag/e2806894000050038662154f, 85
1652706960.048565, sdrt-health/mac:02010b41cdec/antenna/tag/e28068940000400386621d4f, 96
1652706960.089493, sdrt-health/mac:02010b41cdec/antenna/tag/e2806894000050038661fd4f, 83
1652706960.143678, sdrt-health/mac:02010b41cdec/antenna/tag/e2806894000050038661fd4f, 86
1652706960.144195, sdrt-health/mac:02010b41cdec/antenna/tag/e2806894000050038662154f, 91
1652706960.157597, sdrt-health/mac:02010b41cdec/antenna/tag/e2806894000040038662114f, 88
1652706960.179539, sdrt-health/mac:02010b41cdec/antenna/tag/e2806894000040038662114f, 91
1652706960.218982, sdrt-health/mac:02010b41cdec/antenna/tag/e2806894000050038661fd4f, 86
1652706960.272665, sdrt-health/mac:02010b41cdec/antenna/tag/e2806894000050038661fd4f, 86
1652706960.273095, sdrt-health/mac:02010b41cdec/antenna/tag/e2806894000050038662154f, 88
1652706960.285806, sdrt-health/mac:02010b41cdec/antenna/tag/e28068940000400386621d4f, 90
1652706960.286028, sdrt-health/mac:02010b41cdec/antenna/tag/e2806894000050038661fd4f, 86
1652706960.328284, sdrt-health/mac:02010b41cdec/antenna/tag/e28068940000400386621d4f, 96
1652706960.376668, sdrt-health/mac:02010b41cdec/antenna/tag/e2806894000050038662154f, 88
1652706960.405259, sdrt-health/mac:02010b41cdec/antenna/tag/e28068940000400386621d4f, 77
1652706960.405597, sdrt-health/mac:02010b41cdec/antenna/tag/e2806894000050038662154f, 85
1652706960.41885, sdrt-health/mac:02010b41cdec/antenna/tag/e2806894000050038662194f, 81
1652706960.4587, sdrt-health/mac:02010b41cdec/antenna/tag/e2806894000050038661fd4f, 83
1652706960.498268, sdrt-health/mac:02010b41cdec/antenna/tag/e28068940000400386621d4f, 96
1652706960.538011, sdrt-health/mac:02010b41cdec/antenna/tag/e2806894000040038662114f, 85
1652706960.579225, sdrt-health/mac:02010b41cdec/antenna/tag/e2806894000050038661fd4f, 83
1652706960.618297, sdrt-health/mac:02010b41cdec/antenna/tag/e2806894000050038661fd4f, 83
1652706960.672954, sdrt-health/mac:02010b41cdec/antenna/tag/e2806894000050038662194f, 87
1652706960.673409, sdrt-health/mac:02010b41cdec/antenna/tag/e28068940000400386621d4f, 77
1652706960.697994, sdrt-health/mac:02010b41cdec/antenna/tag/e28068940000500386620d4f, 93
1652706960.739662, sdrt-health/mac:02010b41cdec/antenna/tag/e2806894000040038662114f, 88
1652706960.781372, sdrt-health/mac:02010b41cdec/antenna/tag/e2806894000040038662114f, 88
1652706960.828093, sdrt-health/mac:02010b41cdec/antenna/tag/e2806894000040038662114f, 88
1652706960.867485, sdrt-health/mac:02010b41cdec/antenna/tag/e2806894000040038662114f, 88
1652706960.910651, sdrt-health/mac:02010b41cdec/antenna/tag/e28068940000400386621d4f, 96
1652706960.939172, sdrt-health/mac:02010b41cdec/antenna/tag/e2806894000050038661fd4f, 83
1652706960.939478, sdrt-health/mac:02010b41cdec/antenna/tag/e2806894000050038662154f, 88
1652706960.939702, sdrt-health/mac:02010b41cdec/antenna/tag/e2806894000040038662114f, 88
1652706960.951625, sdrt-health/mac:02010b41cdec/antenna/tag/e28068940000500386620d4f, 83
1652706960.999292, sdrt-health/mac:02010b41cdec/antenna/tag/e2806894000050038662154f, 88
1652706961.03975, sdrt-health/mac:02010b41cdec/antenna/tag/e28068940000400386621d4f, 96
1652706961.078949, sdrt-health/mac:02010b41cdec/antenna/tag/e28068940000400386621d4f, 90
1652706961.118155, sdrt-health/mac:02010b41cdec/antenna/tag/e2806894000040038662114f, 88
1652706961.145358, sdrt-health/mac:02010b41cdec/antenna/tag/e2806894000040038662114f, 88
1652706961.145638, sdrt-health/mac:02010b41cdec/antenna/tag/e2806894000050038661fd4f, 86
1652706961.218086, sdrt-health/mac:02010b41cdec/antenna/tag/e2806894000050038662154f, 91
1652706961.26791, sdrt-health/mac:02010b41cdec/antenna/tag/e2806894000050038661fd4f, 86
1652706961.358148, sdrt-health/mac:02010b41cdec/antenna/tag/e28068940000500386620d4f, 87
1652706961.399052, sdrt-health/mac:02010b41cdec/antenna/tag/e28068940000400386621d4f, 90
1652706961.438192, sdrt-health/mac:02010b41cdec/antenna/tag/e2806894000050038662154f, 88
1652706961.479358, sdrt-health/mac:02010b41cdec/antenna/tag/e28068940000500386620d4f, 81
1652706961.517918, sdrt-health/mac:02010b41cdec/antenna/tag/e2806894000040038662114f, 85
1652706961.575289, sdrt-health/mac:02010b41cdec/antenna/tag/e28068940000400386621d4f, 77
1652706961.575743, sdrt-health/mac:02010b41cdec/antenna/tag/e2806894000050038662154f, 85
1652706961.589025, sdrt-health/mac:02010b41cdec/antenna/tag/e2806894000040038662114f, 85
1652706961.598447, sdrt-health/mac:02010b41cdec/antenna/tag/e28068940000500386620d4f, 93
1652706961.648475, sdrt-health/mac:02010b41cdec/antenna/tag/e2806894000040038662114f, 88
1652706961.896841, sdrt-health/mac:02010b41cdec/antenna/tag/e2806894000040038662114f, 88
1652706961.925065, sdrt-health/mac:02010b41cdec/antenna/tag/e2806894000040038662114f, 85
1652706961.925348, sdrt-health/mac:02010b41cdec/antenna/tag/e2806894000050038661fd4f, 83
1652706962.011221, sdrt-health/mac:02010b41cdec/antenna/tag/e2806894000040038662114f, 88
1652706962.041407, sdrt-health/mac:02010b41cdec/antenna/tag/e2806894000050038661fd4f, 86
1652706962.041842, sdrt-health/mac:02010b41cdec/antenna/tag/e2806894000050038662194f, 81
1652706962.042106, sdrt-health/mac:02010b41cdec/antenna/tag/e2806894000050038662194f, 87
1652706962.0423, sdrt-health/mac:02010b41cdec/antenna/tag/e2806894000050038662154f, 88
1652706962.042487, sdrt-health/mac:02010b41cdec/antenna/tag/e2806894000050038662154f, 97
1652706962.042675, sdrt-health/mac:02010b41cdec/antenna/tag/e2806894000050038662154f, 88
1652706962.042859, sdrt-health/mac:02010b41cdec/antenna/tag/e2806894000050038661fd4f, 83
1652706962.04307, sdrt-health/mac:02010b41cdec/antenna/tag/e28068940000400386621d4f, 90
1652706962.043258, sdrt-health/mac:02010b41cdec/antenna/tag/e2806894000040038662114f, 88
1652706962.074224, sdrt-health/mac:02010b41cdec/antenna/tag/e28068940000400386621d4f, 90
1652706962.101242, sdrt-health/mac:02010b41cdec/antenna/tag/e2806894000050038661fd4f, 83
1652706962.101677, sdrt-health/mac:02010b41cdec/antenna/tag/e28068940000500386620d4f, 81
1652706962.1019, sdrt-health/mac:02010b41cdec/antenna/tag/e2806894000050038662154f, 88
1652706962.126487, sdrt-health/mac:02010b41cdec/antenna/tag/e2806894000050038661fd4f, 86
1652706962.180824, sdrt-health/mac:02010b41cdec/antenna/tag/e2806894000050038661fd4f, 86
1652706962.209593, sdrt-health/mac:02010b41cdec/antenna/tag/e28068940000500386620d4f, 83
1652706962.209868, sdrt-health/mac:02010b41cdec/antenna/tag/e2806894000050038661fd4f, 90
1652706962.210028, sdrt-health/mac:02010b41cdec/antenna/tag/e28068940000400386621d4f, 96
1652706962.226332, sdrt-health/mac:02010b41cdec/antenna/tag/e28068940000400386621d4f, 96
1652706962.289117, sdrt-health/mac:02010b41cdec/antenna/tag/e2806894000040038662114f, 88
1652706962.32844, sdrt-health/mac:02010b41cdec/antenna/tag/e2806894000050038662154f, 88
1652706962.38634, sdrt-health/mac:02010b41cdec/antenna/tag/e28068940000500386620d4f, 83
1652706962.386831, sdrt-health/mac:02010b41cdec/antenna/tag/e28068940000400386621d4f, 96
1652706962.418954, sdrt-health/mac:02010b41cdec/antenna/tag/e2806894000050038661fd4f, 83
1652706962.457643, sdrt-health/mac:02010b41cdec/antenna/tag/e28068940000500386620d4f, 94
1652706962.485809, sdrt-health/mac:02010b41cdec/antenna/tag/e2806894000050038661fd4f, 86
1652706962.486172, sdrt-health/mac:02010b41cdec/antenna/tag/e28068940000400386621d4f, 77
1652706962.486543, sdrt-health/mac:02010b41cdec/antenna/tag/e2806894000040038662114f, 85
1652706962.518412, sdrt-health/mac:02010b41cdec/antenna/tag/e28068940000400386621d4f, 90
1652706962.590641, sdrt-health/mac:02010b41cdec/antenna/tag/e2806894000040038662114f, 88
1652706962.658314, sdrt-health/mac:02010b41cdec/antenna/tag/e2806894000050038661fd4f, 86
1652706962.698659, sdrt-health/mac:02010b41cdec/antenna/tag/e28068940000400386621d4f, 90
1652706962.753714, sdrt-health/mac:02010b41cdec/antenna/tag/e2806894000050038662154f, 85
1652706962.75506, sdrt-health/mac:02010b41cdec/antenna/tag/e2806894000040038662114f, 88
1652706962.788526, sdrt-health/mac:02010b41cdec/antenna/tag/e2806894000050038662194f, 81
1652706962.851693, sdrt-health/mac:02010b41cdec/antenna/tag/e2806894000040038662114f, 91
1652706962.852159, sdrt-health/mac:02010b41cdec/antenna/tag/e2806894000050038662154f, 88
1652706962.86599, sdrt-health/mac:02010b41cdec/antenna/tag/e2806894000050038662194f, 83
1652706962.878487, sdrt-health/mac:02010b41cdec/antenna/tag/e2806894000050038662194f, 88
1652706962.880708, sdrt-health/mac:02010b41cdec/antenna/tag/e2806894000040038662114f, 91
1652706962.940346, sdrt-health/mac:02010b41cdec/antenna/tag/e28068940000500386620d4f, 87
1652706962.987432, sdrt-health/mac:02010b41cdec/antenna/tag/e2806894000040038662114f, 85
1652706963.030429, sdrt-health/mac:02010b41cdec/antenna/tag/e28068940000500386620d4f, 87
1652706963.069417, sdrt-health/mac:02010b41cdec/antenna/tag/e2806894000040038662114f, 88
1652706963.122821, sdrt-health/mac:02010b41cdec/antenna/tag/e2806894000040038662114f, 88
1652706963.123279, sdrt-health/mac:02010b41cdec/antenna/tag/e2806894000050038662154f, 88
1652706963.136713, sdrt-health/mac:02010b41cdec/antenna/tag/e28068940000400386621d4f, 96
1652706963.157377, sdrt-health/mac:02010b41cdec/antenna/tag/e28068940000500386620d4f, 87
1652706963.207086, sdrt-health/mac:02010b41cdec/antenna/tag/e28068940000500386620d4f, 83
1652706963.276264, sdrt-health/mac:02010b41cdec/antenna/tag/e2806894000040038662114f, 88
1652706963.276717, sdrt-health/mac:02010b41cdec/antenna/tag/e28068940000400386621d4f, 96
1652706963.29035, sdrt-health/mac:02010b41cdec/antenna/tag/e2806894000050038661fd4f, 83
1652706963.321403, sdrt-health/mac:02010b41cdec/antenna/tag/e28068940000500386620d4f, 87
1652706963.321734, sdrt-health/mac:02010b41cdec/antenna/tag/e28068940000500386620d4f, 94
1652706963.349706, sdrt-health/mac:02010b41cdec/antenna/tag/e2806894000050038661fd4f, 83
1652706963.38825, sdrt-health/mac:02010b41cdec/antenna/tag/e2806894000050038661fd4f, 86
1652706963.459666, sdrt-health/mac:02010b41cdec/antenna/tag/e2806894000040038662114f, 88
1652706963.508364, sdrt-health/mac:02010b41cdec/antenna/tag/e2806894000050038661fd4f, 86
1652706963.550679, sdrt-health/mac:02010b41cdec/antenna/tag/e28068940000400386621d4f, 96
1652706963.588454, sdrt-health/mac:02010b41cdec/antenna/tag/e2806894000050038661fd4f, 86
1652706963.628509, sdrt-health/mac:02010b41cdec/antenna/tag/e28068940000500386620d4f, 87
1652706963.682828, sdrt-health/mac:02010b41cdec/antenna/tag/e2806894000050038662154f, 88
1652706963.683342, sdrt-health/mac:02010b41cdec/antenna/tag/e28068940000400386621d4f, 96
1652706963.71674, sdrt-health/mac:02010b41cdec/antenna/tag/e2806894000050038662154f, 91
1652706963.78214, sdrt-health/mac:02010b41cdec/antenna/tag/e2806894000040038662114f, 88
1652706963.782694, sdrt-health/mac:02010b41cdec/antenna/tag/e28068940000500386620d4f, 81
1652706963.796567, sdrt-health/mac:02010b41cdec/antenna/tag/e28068940000500386620d4f, 81
1652706963.810404, sdrt-health/mac:02010b41cdec/antenna/tag/e2806894000040038662114f, 93
1652706963.849322, sdrt-health/mac:02010b41cdec/antenna/tag/e28068940000400386621d4f, 96
1652706963.902573, sdrt-health/mac:02010b41cdec/antenna/tag/e2806894000050038662154f, 88
1652706963.903028, sdrt-health/mac:02010b41cdec/antenna/tag/e2806894000050038662194f, 83
1652706963.949009, sdrt-health/mac:02010b41cdec/antenna/tag/e2806894000040038662114f, 91
1652706964.002908, sdrt-health/mac:02010b41cdec/antenna/tag/e2806894000050038662154f, 91
1652706964.031531, sdrt-health/mac:02010b41cdec/antenna/tag/e28068940000400386621d4f, 96
1652706964.03192, sdrt-health/mac:02010b41cdec/antenna/tag/e2806894000050038661fd4f, 86
1652706964.044852, sdrt-health/mac:02010b41cdec/antenna/tag/e28068940000500386620d4f, 81
1652706964.045062, sdrt-health/mac:02010b41cdec/antenna/tag/e2806894000040038662114f, 91
1652706964.087349, sdrt-health/mac:02010b41cdec/antenna/tag/e2806894000040038662114f, 88
1652706964.216248, sdrt-health/mac:02010b41cdec/antenna/tag/e28068940000500386620d4f, 84
1652706964.216715, sdrt-health/mac:02010b41cdec/antenna/tag/e2806894000040038662114f, 85
1652706964.259407, sdrt-health/mac:02010b41cdec/antenna/tag/e2806894000050038662194f, 94
1652706964.306723, sdrt-health/mac:02010b41cdec/antenna/tag/e2806894000050038662154f, 88
1652706964.362504, sdrt-health/mac:02010b41cdec/antenna/tag/e2806894000040038662114f, 88
1652706964.362991, sdrt-health/mac:02010b41cdec/antenna/tag/e2806894000050038661fd4f, 83
1652706964.376252, sdrt-health/mac:02010b41cdec/antenna/tag/e2806894000040038662114f, 85
1652706964.406411, sdrt-health/mac:02010b41cdec/antenna/tag/e2806894000050038662154f, 88
1652706964.406734, sdrt-health/mac:02010b41cdec/antenna/tag/e28068940000500386620d4f, 83
1652706964.407049, sdrt-health/mac:02010b41cdec/antenna/tag/e2806894000040038662114f, 85
1652706964.458903, sdrt-health/mac:02010b41cdec/antenna/tag/e2806894000050038662154f, 88
1652706964.498382, sdrt-health/mac:02010b41cdec/antenna/tag/e2806894000050038662154f, 91
1652706964.527163, sdrt-health/mac:02010b41cdec/antenna/tag/e2806894000040038662114f, 88
1652706964.527455, sdrt-health/mac:02010b41cdec/antenna/tag/e2806894000040038662114f, 88
1652706964.541492, sdrt-health/mac:02010b41cdec/antenna/tag/e2806894000050038662154f, 91
1652706964.541698, sdrt-health/mac:02010b41cdec/antenna/tag/e2806894000050038662154f, 91
1652706964.590173, sdrt-health/mac:02010b41cdec/antenna/tag/e2806894000050038661fd4f, 83
1652706964.629289, sdrt-health/mac:02010b41cdec/antenna/tag/e28068940000400386621d4f, 96
1652706964.657388, sdrt-health/mac:02010b41cdec/antenna/tag/e2806894000050038662154f, 88
1652706964.657633, sdrt-health/mac:02010b41cdec/antenna/tag/e2806894000040038662114f, 88
1652706964.677087, sdrt-health/mac:02010b41cdec/antenna/tag/e28068940000400386621d4f, 90
1652706964.72885, sdrt-health/mac:02010b41cdec/antenna/tag/e2806894000040038662114f, 88
1652706964.781352, sdrt-health/mac:02010b41cdec/antenna/tag/e2806894000040038662114f, 88
1652706964.78168, sdrt-health/mac:02010b41cdec/antenna/tag/e2806894000050038662154f, 88
1652706964.795112, sdrt-health/mac:02010b41cdec/antenna/tag/e2806894000050038662194f, 83
1652706964.795522, sdrt-health/mac:02010b41cdec/antenna/tag/e2806894000050038661fd4f, 83
1652706964.808864, sdrt-health/mac:02010b41cdec/antenna/tag/e28068940000400386621d4f, 96
1652706964.881089, sdrt-health/mac:02010b41cdec/antenna/tag/e2806894000050038662154f, 88
1652706964.881617, sdrt-health/mac:02010b41cdec/antenna/tag/e2806894000050038662154f, 88
1652706964.896231, sdrt-health/mac:02010b41cdec/antenna/tag/e2806894000050038661fd4f, 83
1652706964.91003, sdrt-health/mac:02010b41cdec/antenna/tag/e28068940000500386620d4f, 94
1652706964.97277, sdrt-health/mac:02010b41cdec/antenna/tag/e2806894000050038661fd4f, 83
1652706964.973209, sdrt-health/mac:02010b41cdec/antenna/tag/e28068940000500386620d4f, 83
1652706965.008895, sdrt-health/mac:02010b41cdec/antenna/tag/e2806894000050038662154f, 88
1652706965.0721, sdrt-health/mac:02010b41cdec/antenna/tag/e2806894000050038661fd4f, 86
1652706965.072617, sdrt-health/mac:02010b41cdec/antenna/tag/e2806894000050038662194f, 94
1652706965.085495, sdrt-health/mac:02010b41cdec/antenna/tag/e2806894000050038661fd4f, 86
1652706965.098651, sdrt-health/mac:02010b41cdec/antenna/tag/e2806894000050038661fd4f, 86
1652706965.169914, sdrt-health/mac:02010b41cdec/antenna/tag/e2806894000040038662114f, 88
1652706965.170357, sdrt-health/mac:02010b41cdec/antenna/tag/e2806894000040038662114f, 88
1652706965.183603, sdrt-health/mac:02010b41cdec/antenna/tag/e2806894000050038661fd4f, 83
1652706965.183897, sdrt-health/mac:02010b41cdec/antenna/tag/e2806894000050038661fd4f, 83
1652706965.184094, sdrt-health/mac:02010b41cdec/antenna/tag/e28068940000500386620d4f, 83
1652706965.206634, sdrt-health/mac:02010b41cdec/antenna/tag/e28068940000500386620d4f, 83
1652706965.234308, sdrt-health/mac:02010b41cdec/antenna/tag/e2806894000050038661fd4f, 83
1652706965.234638, sdrt-health/mac:02010b41cdec/antenna/tag/e28068940000400386621d4f, 90
1652706965.248618, sdrt-health/mac:02010b41cdec/antenna/tag/e28068940000400386621d4f, 96
1652706965.302564, sdrt-health/mac:02010b41cdec/antenna/tag/e28068940000400386621d4f, 90
1652706965.303056, sdrt-health/mac:02010b41cdec/antenna/tag/e2806894000050038662194f, 94
1652706965.377434, sdrt-health/mac:02010b41cdec/antenna/tag/e2806894000050038661fd4f, 83
1652706965.417506, sdrt-health/mac:02010b41cdec/antenna/tag/e2806894000040038662114f, 88
1652706965.459384, sdrt-health/mac:02010b41cdec/antenna/tag/e2806894000050038662154f, 88
1652706965.498514, sdrt-health/mac:02010b41cdec/antenna/tag/e2806894000050038661fd4f, 83
1652706965.546709, sdrt-health/mac:02010b41cdec/antenna/tag/e2806894000040038662114f, 85
1652706965.547237, sdrt-health/mac:02010b41cdec/antenna/tag/e2806894000050038662154f, 88
1652706965.596147, sdrt-health/mac:02010b41cdec/antenna/tag/e2806894000050038661fd4f, 83
1652706965.647015, sdrt-health/mac:02010b41cdec/antenna/tag/e2806894000050038662154f, 88
1652706965.697879, sdrt-health/mac:02010b41cdec/antenna/tag/e2806894000050038661fd4f, 83
1652706965.782474, sdrt-health/mac:02010b41cdec/antenna/tag/e2806894000050038662194f, 83
1652706965.783011, sdrt-health/mac:02010b41cdec/antenna/tag/e2806894000050038661fd4f, 83
1652706965.807453, sdrt-health/mac:02010b41cdec/antenna/tag/e28068940000500386620d4f, 81
1652706965.807788, sdrt-health/mac:02010b41cdec/antenna/tag/e2806894000040038662114f, 85
1652706965.908728, sdrt-health/mac:02010b41cdec/antenna/tag/e28068940000400386621d4f, 96
1652706965.979507, sdrt-health/mac:02010b41cdec/antenna/tag/e2806894000050038661fd4f, 83
1652706966.040617, sdrt-health/mac:02010b41cdec/antenna/tag/e28068940000400386621d4f, 96
1652706966.04113, sdrt-health/mac:02010b41cdec/antenna/tag/e2806894000050038661fd4f, 86
1652706966.041477, sdrt-health/mac:02010b41cdec/antenna/tag/e28068940000400386621d4f, 77
1652706966.076112, sdrt-health/mac:02010b41cdec/antenna/tag/e2806894000050038661fd4f, 86
1652706966.105507, sdrt-health/mac:02010b41cdec/antenna/tag/e2806894000050038661fd4f, 83
1652706966.105759, sdrt-health/mac:02010b41cdec/antenna/tag/e2806894000050038662194f, 81
1652706966.105938, sdrt-health/mac:02010b41cdec/antenna/tag/e2806894000050038662194f, 81
1652706966.118386, sdrt-health/mac:02010b41cdec/antenna/tag/e2806894000040038662114f, 85
1652706966.158944, sdrt-health/mac:02010b41cdec/antenna/tag/e28068940000500386620d4f, 81
1652706966.214809, sdrt-health/mac:02010b41cdec/antenna/tag/e2806894000040038662114f, 91
1652706966.215312, sdrt-health/mac:02010b41cdec/antenna/tag/e2806894000050038661fd4f, 86
1652706966.309803, sdrt-health/mac:02010b41cdec/antenna/tag/e2806894000050038661fd4f, 86
1652706966.369804, sdrt-health/mac:02010b41cdec/antenna/tag/e28068940000400386621d4f, 96
1652706966.42286, sdrt-health/mac:02010b41cdec/antenna/tag/e28068940000400386621d4f, 96
1652706966.423407, sdrt-health/mac:02010b41cdec/antenna/tag/e2806894000050038662154f, 88
1652706966.448763, sdrt-health/mac:02010b41cdec/antenna/tag/e2806894000050038662194f, 87
1652706966.489447, sdrt-health/mac:02010b41cdec/antenna/tag/e2806894000050038661fd4f, 83
1652706966.537314, sdrt-health/mac:02010b41cdec/antenna/tag/e2806894000040038662114f, 88
1652706966.578113, sdrt-health/mac:02010b41cdec/antenna/tag/e28068940000400386621d4f, 90
1652706966.632954, sdrt-health/mac:02010b41cdec/antenna/tag/e28068940000500386620d4f, 81
1652706966.63346, sdrt-health/mac:02010b41cdec/antenna/tag/e28068940000500386620d4f, 83
1652706966.646693, sdrt-health/mac:02010b41cdec/antenna/tag/e2806894000050038661fd4f, 86
1652706966.678092, sdrt-health/mac:02010b41cdec/antenna/tag/e28068940000400386621d4f, 96
1652706966.718738, sdrt-health/mac:02010b41cdec/antenna/tag/e2806894000050038662194f, 81
1652706966.779387, sdrt-health/mac:02010b41cdec/antenna/tag/e2806894000050038662154f, 88
1652706966.779597, sdrt-health/mac:02010b41cdec/antenna/tag/e28068940000400386621d4f, 90
1652706966.810843, sdrt-health/mac:02010b41cdec/antenna/tag/e28068940000400386621d4f, 96
1652706966.864496, sdrt-health/mac:02010b41cdec/antenna/tag/e2806894000050038662194f, 84
1652706966.865005, sdrt-health/mac:02010b41cdec/antenna/tag/e2806894000050038661fd4f, 83
1652706966.880595, sdrt-health/mac:02010b41cdec/antenna/tag/e2806894000050038662194f, 81
1652706966.916201, sdrt-health/mac:02010b41cdec/antenna/tag/e2806894000040038662114f, 85
1652706966.91673, sdrt-health/mac:02010b41cdec/antenna/tag/e28068940000400386621d4f, 96
1652706966.931968, sdrt-health/mac:02010b41cdec/antenna/tag/e2806894000050038662154f, 88
1652706966.932343, sdrt-health/mac:02010b41cdec/antenna/tag/e2806894000040038662114f, 88
1652706966.958391, sdrt-health/mac:02010b41cdec/antenna/tag/e2806894000050038661fd4f, 83
1652706967.001589, sdrt-health/mac:02010b41cdec/antenna/tag/e2806894000050038662154f, 88
1652706967.033537, sdrt-health/mac:02010b41cdec/antenna/tag/e2806894000050038662194f, 87
1652706967.03398, sdrt-health/mac:02010b41cdec/antenna/tag/e2806894000040038662114f, 88
1652706967.0596, sdrt-health/mac:02010b41cdec/antenna/tag/e28068940000400386621d4f, 77
1652706967.108814, sdrt-health/mac:02010b41cdec/antenna/tag/e2806894000040038662114f, 88
1652706967.164438, sdrt-health/mac:02010b41cdec/antenna/tag/e2806894000050038662194f, 87
1652706967.165135, sdrt-health/mac:02010b41cdec/antenna/tag/e2806894000040038662114f, 85
1652706967.179737, sdrt-health/mac:02010b41cdec/antenna/tag/e2806894000050038662154f, 88
1652706967.180215, sdrt-health/mac:02010b41cdec/antenna/tag/e28068940000400386621d4f, 96
1652706967.198811, sdrt-health/mac:02010b41cdec/antenna/tag/e2806894000050038661fd4f, 83
1652706967.248247, sdrt-health/mac:02010b41cdec/antenna/tag/e2806894000050038662154f, 88
1652706967.29694, sdrt-health/mac:02010b41cdec/antenna/tag/e28068940000400386621d4f, 96
1652706967.327957, sdrt-health/mac:02010b41cdec/antenna/tag/e28068940000500386620d4f, 87
1652706967.328469, sdrt-health/mac:02010b41cdec/antenna/tag/e28068940000400386621d4f, 96
1652706967.342805, sdrt-health/mac:02010b41cdec/antenna/tag/e2806894000050038662154f, 88
1652706967.343111, sdrt-health/mac:02010b41cdec/antenna/tag/e28068940000400386621d4f, 96
1652706967.387712, sdrt-health/mac:02010b41cdec/antenna/tag/e28068940000400386621d4f, 77
1652706967.462159, sdrt-health/mac:02010b41cdec/antenna/tag/e2806894000050038662154f, 88
1652706967.462674, sdrt-health/mac:02010b41cdec/antenna/tag/e28068940000500386620d4f, 81
1652706967.489597, sdrt-health/mac:02010b41cdec/antenna/tag/e2806894000040038662114f, 88
1652706967.552052, sdrt-health/mac:02010b41cdec/antenna/tag/e28068940000500386620d4f, 88
1652706967.55258, sdrt-health/mac:02010b41cdec/antenna/tag/e2806894000050038661fd4f, 86
1652706967.566434, sdrt-health/mac:02010b41cdec/antenna/tag/e2806894000050038662154f, 88
1652706967.567032, sdrt-health/mac:02010b41cdec/antenna/tag/e2806894000050038662154f, 88
1652706967.579048, sdrt-health/mac:02010b41cdec/antenna/tag/e2806894000050038662154f, 88
1652706967.667145, sdrt-health/mac:02010b41cdec/antenna/tag/e28068940000400386621d4f, 96
1652706967.708663, sdrt-health/mac:02010b41cdec/antenna/tag/e2806894000050038661fd4f, 86
1652706967.763566, sdrt-health/mac:02010b41cdec/antenna/tag/e2806894000050038661fd4f, 86
1652706967.764041, sdrt-health/mac:02010b41cdec/antenna/tag/e28068940000400386621d4f, 96
1652706967.778726, sdrt-health/mac:02010b41cdec/antenna/tag/e2806894000040038662114f, 91
1652706967.788566, sdrt-health/mac:02010b41cdec/antenna/tag/e28068940000400386621d4f, 96
1652706967.831084, sdrt-health/mac:02010b41cdec/antenna/tag/e28068940000400386621d4f, 96
1652706967.880738, sdrt-health/mac:02010b41cdec/antenna/tag/e28068940000400386621d4f, 96
1652706967.946393, sdrt-health/mac:02010b41cdec/antenna/tag/e2806894000040038662114f, 88
1652706967.947158, sdrt-health/mac:02010b41cdec/antenna/tag/e28068940000500386620d4f, 83
1652706967.94775, sdrt-health/mac:02010b41cdec/antenna/tag/e28068940000400386621d4f, 90
1652706967.960782, sdrt-health/mac:02010b41cdec/antenna/tag/e2806894000050038661fd4f, 83
1652706967.967974, sdrt-health/mac:02010b41cdec/antenna/tag/e2806894000040038662114f, 88
1652706967.976181, sdrt-health/mac:02010b41cdec/antenna/tag/e28068940000400386621d4f, 77
1652706968.195073, sdrt-health/mac:02010b41cdec/antenna/tag/e2806894000050038662154f, 85
1652706968.226194, sdrt-health/mac:02010b41cdec/antenna/tag/e2806894000040038662114f, 88
1652706968.226522, sdrt-health/mac:02010b41cdec/antenna/tag/e28068940000400386621d4f, 77
1652706968.226793, sdrt-health/mac:02010b41cdec/antenna/tag/e2806894000050038661fd4f, 83
1652706968.227111, sdrt-health/mac:02010b41cdec/antenna/tag/e28068940000400386621d4f, 96
1652706968.241167, sdrt-health/mac:02010b41cdec/antenna/tag/e2806894000050038662154f, 88
1652706968.241431, sdrt-health/mac:02010b41cdec/antenna/tag/e28068940000400386621d4f, 96
1652706968.241562, sdrt-health/mac:02010b41cdec/antenna/tag/e2806894000050038662194f, 83
1652706968.277233, sdrt-health/mac:02010b41cdec/antenna/tag/e2806894000050038662194f, 81
1652706968.333283, sdrt-health/mac:02010b41cdec/antenna/tag/e2806894000050038661fd4f, 86
1652706968.333769, sdrt-health/mac:02010b41cdec/antenna/tag/e28068940000400386621d4f, 96
1652706968.347861, sdrt-health/mac:02010b41cdec/antenna/tag/e2806894000050038662194f, 81
1652706968.383351, sdrt-health/mac:02010b41cdec/antenna/tag/e2806894000050038662154f, 88
1652706968.38398, sdrt-health/mac:02010b41cdec/antenna/tag/e2806894000050038662154f, 88
1652706968.408697, sdrt-health/mac:02010b41cdec/antenna/tag/e2806894000040038662114f, 88
1652706968.449101, sdrt-health/mac:02010b41cdec/antenna/tag/e2806894000050038662154f, 88
1652706968.504668, sdrt-health/mac:02010b41cdec/antenna/tag/e28068940000500386620d4f, 87
1652706968.50518, sdrt-health/mac:02010b41cdec/antenna/tag/e28068940000500386620d4f, 83
1652706968.540153, sdrt-health/mac:02010b41cdec/antenna/tag/e2806894000050038662154f, 91
1652706968.586842, sdrt-health/mac:02010b41cdec/antenna/tag/e2806894000050038662154f, 88
1652706968.588966, sdrt-health/mac:02010b41cdec/antenna/tag/e2806894000050038662154f, 88
1652706968.60116, sdrt-health/mac:02010b41cdec/antenna/tag/e2806894000050038661fd4f, 86
1652706968.628457, sdrt-health/mac:02010b41cdec/antenna/tag/e2806894000050038661fd4f, 86
1652706968.702375, sdrt-health/mac:02010b41cdec/antenna/tag/e2806894000050038662154f, 88
1652706968.70286, sdrt-health/mac:02010b41cdec/antenna/tag/e2806894000040038662114f, 91
1652706968.717312, sdrt-health/mac:02010b41cdec/antenna/tag/e28068940000500386620d4f, 83
1652706968.879349, sdrt-health/mac:02010b41cdec/antenna/tag/scan, scan stopped
