1652706738.50891, sdrt-health/mac:02010b41cdec/antenna/power/set, {"power": 300}
1652706739.658411, sdrt-health/mac:02010b41cdec/antenna/power/set, 
1652706743.530246, sdrt-health/mac:02010b41cdec/antenna/tag/scan, {"time": 20000}
1652706743.951002, sdrt-health/mac:02010b41cdec/antenna/tag/e2806894000050038662154f, 91
1652706743.996032, sdrt-health/mac:02010b41cdec/antenna/tag/e2806894000050038661fd4f, 86
1652706744.024041, sdrt-health/mac:02010b41cdec/antenna/tag/e2806894000040038662114f, 88
1652706744.024295, sdrt-health/mac:02010b41cdec/antenna/tag/e2806894000050038662154f, 91
1652706744.02447, sdrt-health/mac:02010b41cdec/antenna/tag/e2806894000040038662054f, 94
1652706744.045, sdrt-health/mac:02010b41cdec/antenna/tag/e2806894000050038661fd4f, 86
1652706744.088996, sdrt-health/mac:02010b41cdec/antenna/tag/e2806894000040038662114f, 91
1652706744.129213, sdrt-health/mac:02010b41cdec/antenna/tag/e2806894000040038662054f, 81
1652706744.181666, sdrt-health/mac:02010b41cdec/antenna/tag/e28068940000500386620d4f, 83
1652706744.181936, sdrt-health/mac:02010b41cdec/antenna/tag/e2806894000050038661fd4f, 86
1652706744.21953, sdrt-health/mac:02010b41cdec/antenna/tag/e28068940000400386621d4f, 90
1652706744.290353, sdrt-health/mac:02010b41cdec/antenna/tag/e2806894000040038662114f, 88
1652706744.2906, sdrt-health/mac:02010b41cdec/antenna/tag/e2806894000050038662154f, 88
1652706744.303893, sdrt-health/mac:02010b41cdec/antenna/tag/e2806894000050038661fd4f, 86
1652706744.331692, sdrt-health/mac:02010b41cdec/antenna/tag/e2806894000040038662054f, 81
1652706744.331913, sdrt-health/mac:02010b41cdec/antenna/tag/e2806894000050038662194f, 84
1652706744.377959, sdrt-health/mac:02010b41cdec/antenna/tag/e2806894000050038662154f, 85
1652706744.406786, sdrt-health/mac:02010b41cdec/antenna/tag/e28068940000400386621d4f, 77
1652706744.407019, sdrt-health/mac:02010b41cdec/antenna/tag/e2806894000040038662114f, 85
1652706744.420521, sdrt-health/mac:02010b41cdec/antenna/tag/e2806894000040038662114f, 88
1652706744.420817, sdrt-health/mac:02010b41cdec/antenna/tag/e2806894000050038661fd4f, 86
1652706744.478399, sdrt-health/mac:02010b41cdec/antenna/tag/e28068940000500386620d4f, 87
1652706744.507127, sdrt-health/mac:02010b41cdec/antenna/tag/e2806894000050038662154f, 91
1652706744.50753, sdrt-health/mac:02010b41cdec/antenna/tag/e28068940000400386621d4f, 96
1652706744.530982, sdrt-health/mac:02010b41cdec/antenna/tag/e2806894000040038662054f, 84
1652706744.559559, sdrt-health/mac:02010b41cdec/antenna/tag/e28068940000500386620d4f, 87
1652706744.559792, sdrt-health/mac:02010b41cdec/antenna/tag/e2806894000050038661fd4f, 83
1652706744.559926, sdrt-health/mac:02010b41cdec/antenna/tag/e2806894000040038662114f, 88
1652706744.579328, sdrt-health/mac:02010b41cdec/antenna/tag/e2806894000040038662054f, 94
1652706744.62971, sdrt-health/mac:02010b41cdec/antenna/tag/e2806894000050038662194f, 88
1652706744.670035, sdrt-health/mac:02010b41cdec/antenna/tag/e28068940000400386621d4f, 96
1652706744.730771, sdrt-health/mac:02010b41cdec/antenna/tag/e28068940000500386620d4f, 88
1652706744.731237, sdrt-health/mac:02010b41cdec/antenna/tag/e2806894000040038662114f, 91
1652706744.759651, sdrt-health/mac:02010b41cdec/antenna/tag/e2806894000050038662154f, 88
1652706744.800582, sdrt-health/mac:02010b41cdec/antenna/tag/e28068940000400386621d4f, 96
1652706744.847969, sdrt-health/mac:02010b41cdec/antenna/tag/e2806894000050038661fd4f, 86
1652706744.90318, sdrt-health/mac:02010b41cdec/antenna/tag/e2806894000050038662194f, 88
1652706744.903796, sdrt-health/mac:02010b41cdec/antenna/tag/e2806894000050038661fd4f, 83
1652706744.939341, sdrt-health/mac:02010b41cdec/antenna/tag/e2806894000050038662194f, 94
1652706744.987532, sdrt-health/mac:02010b41cdec/antenna/tag/e2806894000040038662114f, 91
1652706745.03916, sdrt-health/mac:02010b41cdec/antenna/tag/e28068940000500386620d4f, 93
1652706745.079713, sdrt-health/mac:02010b41cdec/antenna/tag/e28068940000500386620d4f, 87
1652706745.118845, sdrt-health/mac:02010b41cdec/antenna/tag/e2806894000050038662194f, 81
1652706745.174243, sdrt-health/mac:02010b41cdec/antenna/tag/e28068940000400386621d4f, 96
1652706745.174593, sdrt-health/mac:02010b41cdec/antenna/tag/e2806894000050038662194f, 83
1652706745.188561, sdrt-health/mac:02010b41cdec/antenna/tag/e2806894000050038662154f, 91
1652706745.18893, sdrt-health/mac:02010b41cdec/antenna/tag/e28068940000400386621d4f, 96
1652706745.20905, sdrt-health/mac:02010b41cdec/antenna/tag/e2806894000050038661fd4f, 83
1652706745.265103, sdrt-health/mac:02010b41cdec/antenna/tag/e28068940000500386620d4f, 87
1652706745.265557, sdrt-health/mac:02010b41cdec/antenna/tag/e2806894000040038662114f, 88
1652706745.279717, sdrt-health/mac:02010b41cdec/antenna/tag/e28068940000400386621d4f, 77
1652706745.280298, sdrt-health/mac:02010b41cdec/antenna/tag/e2806894000040038662114f, 88
1652706745.307138, sdrt-health/mac:02010b41cdec/antenna/tag/e2806894000040038661f94f, 94
1652706745.350544, sdrt-health/mac:02010b41cdec/antenna/tag/e28068940000400386621d4f, 96
1652706745.389273, sdrt-health/mac:02010b41cdec/antenna/tag/e2806894000050038661fd4f, 86
1652706745.39094, sdrt-health/mac:02010b41cdec/antenna/tag/e28068940000500386620d4f, 93
1652706745.429454, sdrt-health/mac:02010b41cdec/antenna/tag/e2806894000050038662154f, 91
1652706745.484883, sdrt-health/mac:02010b41cdec/antenna/tag/e28068940000400386621d4f, 96
1652706745.485426, sdrt-health/mac:02010b41cdec/antenna/tag/e28068940000500386620d4f, 87
1652706745.508133, sdrt-health/mac:02010b41cdec/antenna/tag/e2806894000040038661f94f, 94
1652706745.56927, sdrt-health/mac:02010b41cdec/antenna/tag/e28068940000500386620d4f, 93
1652706745.569796, sdrt-health/mac:02010b41cdec/antenna/tag/e28068940000400386621d4f, 77
1652706745.598641, sdrt-health/mac:02010b41cdec/antenna/tag/e2806894000040038662114f, 85
1652706745.640889, sdrt-health/mac:02010b41cdec/antenna/tag/e2806894000050038661fd4f, 86
1652706745.669172, sdrt-health/mac:02010b41cdec/antenna/tag/e28068940000500386620d4f, 81
1652706745.669535, sdrt-health/mac:02010b41cdec/antenna/tag/e28068940000400386621d4f, 96
1652706745.692617, sdrt-health/mac:02010b41cdec/antenna/tag/e28068940000400386621d4f, 96
1652706745.739757, sdrt-health/mac:02010b41cdec/antenna/tag/e2806894000040038662054f, 94
1652706745.80163, sdrt-health/mac:02010b41cdec/antenna/tag/e28068940000400386621d4f, 90
1652706745.802256, sdrt-health/mac:02010b41cdec/antenna/tag/e28068940000400386621d4f, 77
1652706745.837033, sdrt-health/mac:02010b41cdec/antenna/tag/e28068940000500386620d4f, 84
1652706745.894278, sdrt-health/mac:02010b41cdec/antenna/tag/e2806894000040038662114f, 88
1652706745.89484, sdrt-health/mac:02010b41cdec/antenna/tag/e2806894000040038662054f, 81
1652706745.931274, sdrt-health/mac:02010b41cdec/antenna/tag/e2806894000050038662154f, 97
1652706745.98744, sdrt-health/mac:02010b41cdec/antenna/tag/e28068940000500386620d4f, 81
1652706746.05551, sdrt-health/mac:02010b41cdec/antenna/tag/e28068940000500386620d4f, 81
1652706746.056145, sdrt-health/mac:02010b41cdec/antenna/tag/e28068940000500386620d4f, 83
1652706746.089868, sdrt-health/mac:02010b41cdec/antenna/tag/e28068940000500386620d4f, 83
1652706746.119693, sdrt-health/mac:02010b41cdec/antenna/tag/e2806894000040038662114f, 91
1652706746.120035, sdrt-health/mac:02010b41cdec/antenna/tag/e2806894000050038661fd4f, 86
1652706746.1579, sdrt-health/mac:02010b41cdec/antenna/tag/e2806894000050038661fd4f, 86
1652706746.219483, sdrt-health/mac:02010b41cdec/antenna/tag/e2806894000050038661fd4f, 86
1652706746.251062, sdrt-health/mac:02010b41cdec/antenna/tag/e28068940000500386620d4f, 83
1652706746.251657, sdrt-health/mac:02010b41cdec/antenna/tag/e2806894000050038661fd4f, 86
1652706746.307293, sdrt-health/mac:02010b41cdec/antenna/tag/e2806894000050038661fd4f, 86
1652706746.344521, sdrt-health/mac:02010b41cdec/antenna/tag/e2806894000040038662114f, 88
1652706746.400081, sdrt-health/mac:02010b41cdec/antenna/tag/e2806894000050038662194f, 88
1652706746.441115, sdrt-health/mac:02010b41cdec/antenna/tag/e28068940000500386620d4f, 87
1652706746.505457, sdrt-health/mac:02010b41cdec/antenna/tag/e28068940000400386621d4f, 96
1652706746.505953, sdrt-health/mac:02010b41cdec/antenna/tag/e2806894000050038662154f, 88
1652706746.520002, sdrt-health/mac:02010b41cdec/antenna/tag/e2806894000050038662154f, 91
1652706746.547764, sdrt-health/mac:02010b41cdec/antenna/tag/e2806894000040038661f94f, 88
1652706746.589634, sdrt-health/mac:02010b41cdec/antenna/tag/e2806894000050038662154f, 91
1652706746.694302, sdrt-health/mac:02010b41cdec/antenna/tag/e28068940000400386621d4f, 96
1652706746.694771, sdrt-health/mac:02010b41cdec/antenna/tag/e28068940000500386620d4f, 81
1652706746.740138, sdrt-health/mac:02010b41cdec/antenna/tag/e2806894000040038662054f, 88
1652706746.821547, sdrt-health/mac:02010b41cdec/antenna/tag/e2806894000050038662154f, 88
1652706746.860607, sdrt-health/mac:02010b41cdec/antenna/tag/e28068940000500386620d4f, 83
1652706746.920578, sdrt-health/mac:02010b41cdec/antenna/tag/e2806894000050038662154f, 88
1652706746.959892, sdrt-health/mac:02010b41cdec/antenna/tag/e2806894000040038662114f, 91
1652706746.988373, sdrt-health/mac:02010b41cdec/antenna/tag/e2806894000050038661fd4f, 86
1652706746.9887, sdrt-health/mac:02010b41cdec/antenna/tag/e2806894000050038662154f, 88
1652706747.009557, sdrt-health/mac:02010b41cdec/antenna/tag/e2806894000050038662194f, 83
1652706747.039093, sdrt-health/mac:02010b41cdec/antenna/tag/e2806894000050038661fd4f, 86
1652706747.039394, sdrt-health/mac:02010b41cdec/antenna/tag/e28068940000400386621d4f, 96
1652706747.053668, sdrt-health/mac:02010b41cdec/antenna/tag/e2806894000050038662154f, 91
1652706747.115065, sdrt-health/mac:02010b41cdec/antenna/tag/e28068940000500386620d4f, 87
1652706747.150657, sdrt-health/mac:02010b41cdec/antenna/tag/e2806894000050038662154f, 88
1652706747.188905, sdrt-health/mac:02010b41cdec/antenna/tag/e28068940000400386621d4f, 96
1652706747.232619, sdrt-health/mac:02010b41cdec/antenna/tag/e2806894000040038662054f, 88
1652706747.28004, sdrt-health/mac:02010b41cdec/antenna/tag/e2806894000040038662114f, 85
1652706747.335939, sdrt-health/mac:02010b41cdec/antenna/tag/e2806894000050038662194f, 83
1652706747.336326, sdrt-health/mac:02010b41cdec/antenna/tag/e2806894000050038662154f, 97
1652706747.350364, sdrt-health/mac:02010b41cdec/antenna/tag/e2806894000040038662114f, 91
1652706747.376899, sdrt-health/mac:02010b41cdec/antenna/tag/e2806894000050038662194f, 81
1652706747.419401, sdrt-health/mac:02010b41cdec/antenna/tag/e2806894000040038662114f, 88
1652706747.470273, sdrt-health/mac:02010b41cdec/antenna/tag/e2806894000050038662154f, 85
1652706747.52622, sdrt-health/mac:02010b41cdec/antenna/tag/e2806894000050038661fd4f, 83
1652706747.526702, sdrt-health/mac:02010b41cdec/antenna/tag/e2806894000050038662194f, 81
1652706747.541519, sdrt-health/mac:02010b41cdec/antenna/tag/e2806894000040038661f94f, 88
1652706747.571316, sdrt-health/mac:02010b41cdec/antenna/tag/e2806894000050038662194f, 81
1652706747.609387, sdrt-health/mac:02010b41cdec/antenna/tag/e2806894000040038662114f, 85
1652706747.65037, sdrt-health/mac:02010b41cdec/antenna/tag/e2806894000050038662154f, 91
1652706747.716493, sdrt-health/mac:02010b41cdec/antenna/tag/e2806894000050038661fd4f, 83
1652706747.716844, sdrt-health/mac:02010b41cdec/antenna/tag/e28068940000400386621d4f, 77
1652706747.750024, sdrt-health/mac:02010b41cdec/antenna/tag/e2806894000050038662154f, 85
1652706747.79143, sdrt-health/mac:02010b41cdec/antenna/tag/e28068940000400386621d4f, 77
1652706747.830254, sdrt-health/mac:02010b41cdec/antenna/tag/e28068940000400386621d4f, 96
1652706747.878558, sdrt-health/mac:02010b41cdec/antenna/tag/e2806894000050038662194f, 81
1652706747.909145, sdrt-health/mac:02010b41cdec/antenna/tag/e28068940000400386621d4f, 96
1652706747.909531, sdrt-health/mac:02010b41cdec/antenna/tag/e2806894000050038661fd4f, 86
1652706747.929642, sdrt-health/mac:02010b41cdec/antenna/tag/e2806894000050038662154f, 88
1652706747.980791, sdrt-health/mac:02010b41cdec/antenna/tag/e2806894000050038662194f, 81
1652706748.031951, sdrt-health/mac:02010b41cdec/antenna/tag/e2806894000050038662154f, 88
1652706748.080854, sdrt-health/mac:02010b41cdec/antenna/tag/e2806894000040038662114f, 91
1652706748.119732, sdrt-health/mac:02010b41cdec/antenna/tag/e2806894000050038661fd4f, 86
1652706748.18335, sdrt-health/mac:02010b41cdec/antenna/tag/e2806894000050038662154f, 88
1652706748.183908, sdrt-health/mac:02010b41cdec/antenna/tag/e2806894000050038662154f, 91
1652706748.220456, sdrt-health/mac:02010b41cdec/antenna/tag/e2806894000050038662154f, 91
1652706748.361057, sdrt-health/mac:02010b41cdec/antenna/tag/e2806894000050038661fd4f, 86
1652706748.399968, sdrt-health/mac:02010b41cdec/antenna/tag/e2806894000040038662114f, 88
1652706748.496141, sdrt-health/mac:02010b41cdec/antenna/tag/e2806894000050038662154f, 88
1652706748.496606, sdrt-health/mac:02010b41cdec/antenna/tag/e2806894000040038662114f, 91
1652706748.520664, sdrt-health/mac:02010b41cdec/antenna/tag/e2806894000050038661fd4f, 86
1652706748.584783, sdrt-health/mac:02010b41cdec/antenna/tag/e2806894000050038662154f, 88
1652706748.58538, sdrt-health/mac:02010b41cdec/antenna/tag/e2806894000050038662154f, 91
1652706748.599596, sdrt-health/mac:02010b41cdec/antenna/tag/e2806894000050038662154f, 91
1652706748.609972, sdrt-health/mac:02010b41cdec/antenna/tag/e2806894000040038662114f, 91
1652706748.659668, sdrt-health/mac:02010b41cdec/antenna/tag/e2806894000040038662054f, 88
1652706748.699403, sdrt-health/mac:02010b41cdec/antenna/tag/e2806894000050038662154f, 88
1652706748.754495, sdrt-health/mac:02010b41cdec/antenna/tag/e2806894000050038661fd4f, 86
1652706748.754959, sdrt-health/mac:02010b41cdec/antenna/tag/e2806894000040038662054f, 81
1652706748.755332, sdrt-health/mac:02010b41cdec/antenna/tag/e28068940000500386620d4f, 81
1652706748.790656, sdrt-health/mac:02010b41cdec/antenna/tag/e28068940000400386621d4f, 96
1652706748.84964, sdrt-health/mac:02010b41cdec/antenna/tag/e28068940000500386620d4f, 88
1652706748.920184, sdrt-health/mac:02010b41cdec/antenna/tag/e2806894000050038661fd4f, 86
1652706748.920681, sdrt-health/mac:02010b41cdec/antenna/tag/e2806894000050038662194f, 83
1652706748.934093, sdrt-health/mac:02010b41cdec/antenna/tag/e2806894000040038662054f, 82
1652706748.958681, sdrt-health/mac:02010b41cdec/antenna/tag/e28068940000400386621d4f, 77
1652706749.014744, sdrt-health/mac:02010b41cdec/antenna/tag/e28068940000500386620d4f, 81
1652706749.01529, sdrt-health/mac:02010b41cdec/antenna/tag/e2806894000050038662154f, 88
1652706749.040227, sdrt-health/mac:02010b41cdec/antenna/tag/e28068940000500386620d4f, 88
1652706749.094104, sdrt-health/mac:02010b41cdec/antenna/tag/e2806894000050038662154f, 85
1652706749.094619, sdrt-health/mac:02010b41cdec/antenna/tag/e2806894000050038662154f, 88
1652706749.108669, sdrt-health/mac:02010b41cdec/antenna/tag/e28068940000500386620d4f, 94
1652706749.119708, sdrt-health/mac:02010b41cdec/antenna/tag/e2806894000040038662054f, 81
1652706749.162107, sdrt-health/mac:02010b41cdec/antenna/tag/e28068940000400386621d4f, 96
1652706749.225609, sdrt-health/mac:02010b41cdec/antenna/tag/e2806894000040038662054f, 84
1652706749.226071, sdrt-health/mac:02010b41cdec/antenna/tag/e2806894000050038661fd4f, 86
1652706749.240153, sdrt-health/mac:02010b41cdec/antenna/tag/e2806894000050038662154f, 97
1652706749.260881, sdrt-health/mac:02010b41cdec/antenna/tag/e28068940000500386620d4f, 83
1652706749.3109, sdrt-health/mac:02010b41cdec/antenna/tag/e28068940000500386620d4f, 81
1652706749.350461, sdrt-health/mac:02010b41cdec/antenna/tag/e2806894000050038662154f, 88
1652706749.41146, sdrt-health/mac:02010b41cdec/antenna/tag/e28068940000500386620d4f, 84
1652706749.411912, sdrt-health/mac:02010b41cdec/antenna/tag/e2806894000040038662114f, 88
1652706749.440826, sdrt-health/mac:02010b41cdec/antenna/tag/e28068940000400386621d4f, 96
1652706749.480797, sdrt-health/mac:02010b41cdec/antenna/tag/e2806894000040038662114f, 88
1652706749.543056, sdrt-health/mac:02010b41cdec/antenna/tag/e2806894000040038662114f, 88
1652706749.543619, sdrt-health/mac:02010b41cdec/antenna/tag/e2806894000050038662154f, 88
1652706749.557459, sdrt-health/mac:02010b41cdec/antenna/tag/e2806894000040038662114f, 88
1652706749.598785, sdrt-health/mac:02010b41cdec/antenna/tag/e2806894000050038662154f, 88
1652706749.680042, sdrt-health/mac:02010b41cdec/antenna/tag/e2806894000050038662194f, 87
1652706749.722164, sdrt-health/mac:02010b41cdec/antenna/tag/e2806894000050038661fd4f, 83
1652706749.784888, sdrt-health/mac:02010b41cdec/antenna/tag/e2806894000040038662114f, 88
1652706749.785575, sdrt-health/mac:02010b41cdec/antenna/tag/e2806894000040038662114f, 88
1652706749.819947, sdrt-health/mac:02010b41cdec/antenna/tag/e2806894000040038662054f, 81
1652706749.875782, sdrt-health/mac:02010b41cdec/antenna/tag/e2806894000050038661fd4f, 83
1652706749.876076, sdrt-health/mac:02010b41cdec/antenna/tag/e2806894000050038662154f, 88
1652706749.890112, sdrt-health/mac:02010b41cdec/antenna/tag/e2806894000040038662054f, 81
1652706749.910275, sdrt-health/mac:02010b41cdec/antenna/tag/e28068940000400386621d4f, 96
1652706749.967497, sdrt-health/mac:02010b41cdec/antenna/tag/e2806894000050038661fd4f, 83
1652706749.997254, sdrt-health/mac:02010b41cdec/antenna/tag/e2806894000050038662194f, 83
1652706749.99748, sdrt-health/mac:02010b41cdec/antenna/tag/e2806894000050038661fd4f, 83
1652706750.011944, sdrt-health/mac:02010b41cdec/antenna/tag/e2806894000040038662054f, 94
1652706750.012146, sdrt-health/mac:02010b41cdec/antenna/tag/e2806894000050038662194f, 94
1652706750.050464, sdrt-health/mac:02010b41cdec/antenna/tag/e2806894000050038662194f, 81
1652706750.11307, sdrt-health/mac:02010b41cdec/antenna/tag/e2806894000050038662154f, 97
1652706750.11329, sdrt-health/mac:02010b41cdec/antenna/tag/e2806894000040038662114f, 91
1652706750.127809, sdrt-health/mac:02010b41cdec/antenna/tag/e2806894000040038662114f, 88
1652706750.140548, sdrt-health/mac:02010b41cdec/antenna/tag/e2806894000050038661fd4f, 86
1652706750.143212, sdrt-health/mac:02010b41cdec/antenna/tag/e2806894000050038662194f, 81
1652706750.189328, sdrt-health/mac:02010b41cdec/antenna/tag/e2806894000050038662154f, 91
1652706750.241958, sdrt-health/mac:02010b41cdec/antenna/tag/e2806894000050038662194f, 81
1652706750.305162, sdrt-health/mac:02010b41cdec/antenna/tag/e28068940000400386621d4f, 96
1652706750.30564, sdrt-health/mac:02010b41cdec/antenna/tag/e28068940000400386621d4f, 96
1652706750.339158, sdrt-health/mac:02010b41cdec/antenna/tag/e28068940000400386621d4f, 96
1652706750.402967, sdrt-health/mac:02010b41cdec/antenna/tag/e2806894000050038661fd4f, 86
1652706750.403187, sdrt-health/mac:02010b41cdec/antenna/tag/e2806894000040038662054f, 81
1652706750.418787, sdrt-health/mac:02010b41cdec/antenna/tag/e28068940000400386621d4f, 96
1652706750.429954, sdrt-health/mac:02010b41cdec/antenna/tag/e28068940000400386621d4f, 96
1652706750.479572, sdrt-health/mac:02010b41cdec/antenna/tag/e28068940000500386620d4f, 93
1652706750.479893, sdrt-health/mac:02010b41cdec/antenna/tag/e2806894000040038662114f, 88
1652706750.502447, sdrt-health/mac:02010b41cdec/antenna/tag/e2806894000050038662154f, 88
1652706750.550843, sdrt-health/mac:02010b41cdec/antenna/tag/e2806894000040038662114f, 91
1652706750.614667, sdrt-health/mac:02010b41cdec/antenna/tag/e28068940000500386620d4f, 83
1652706750.615127, sdrt-health/mac:02010b41cdec/antenna/tag/e28068940000400386621d4f, 90
1652706750.615517, sdrt-health/mac:02010b41cdec/antenna/tag/e2806894000050038661fd4f, 86
1652706750.629262, sdrt-health/mac:02010b41cdec/antenna/tag/e2806894000040038661f94f, 88
1652706750.664176, sdrt-health/mac:02010b41cdec/antenna/tag/e2806894000050038662154f, 91
1652706750.664521, sdrt-health/mac:02010b41cdec/antenna/tag/e2806894000040038662114f, 88
1652706750.688779, sdrt-health/mac:02010b41cdec/antenna/tag/e2806894000040038661f94f, 84
1652706750.729478, sdrt-health/mac:02010b41cdec/antenna/tag/e2806894000050038661fd4f, 83
1652706750.75713, sdrt-health/mac:02010b41cdec/antenna/tag/e28068940000400386621d4f, 96
1652706750.757407, sdrt-health/mac:02010b41cdec/antenna/tag/e2806894000040038662054f, 82
1652706750.771418, sdrt-health/mac:02010b41cdec/antenna/tag/e2806894000040038662054f, 81
1652706750.820142, sdrt-health/mac:02010b41cdec/antenna/tag/e28068940000500386620d4f, 83
1652706750.868683, sdrt-health/mac:02010b41cdec/antenna/tag/e2806894000050038661fd4f, 86
1652706750.922327, sdrt-health/mac:02010b41cdec/antenna/tag/e2806894000040038661f94f, 88
1652706750.922705, sdrt-health/mac:02010b41cdec/antenna/tag/e2806894000050038662154f, 88
1652706750.950199, sdrt-health/mac:02010b41cdec/antenna/tag/e2806894000050038662154f, 88
1652706750.988229, sdrt-health/mac:02010b41cdec/antenna/tag/e2806894000040038662054f, 94
1652706751.029028, sdrt-health/mac:02010b41cdec/antenna/tag/e28068940000500386620d4f, 83
1652706751.069336, sdrt-health/mac:02010b41cdec/antenna/tag/e28068940000500386620d4f, 94
1652706751.129467, sdrt-health/mac:02010b41cdec/antenna/tag/e2806894000050038662194f, 94
1652706751.177147, sdrt-health/mac:02010b41cdec/antenna/tag/e28068940000400386621d4f, 96
1652706751.241802, sdrt-health/mac:02010b41cdec/antenna/tag/e2806894000050038662194f, 81
1652706751.242312, sdrt-health/mac:02010b41cdec/antenna/tag/e28068940000500386620d4f, 94
1652706751.255394, sdrt-health/mac:02010b41cdec/antenna/tag/e28068940000500386620d4f, 81
1652706751.270158, sdrt-health/mac:02010b41cdec/antenna/tag/e2806894000050038662154f, 91
1652706751.298259, sdrt-health/mac:02010b41cdec/antenna/tag/e2806894000040038662114f, 88
1652706751.298591, sdrt-health/mac:02010b41cdec/antenna/tag/e2806894000050038661fd4f, 86
1652706751.318489, sdrt-health/mac:02010b41cdec/antenna/tag/e2806894000050038662154f, 88
1652706751.368984, sdrt-health/mac:02010b41cdec/antenna/tag/e28068940000400386621d4f, 77
1652706751.369468, sdrt-health/mac:02010b41cdec/antenna/tag/e28068940000500386620d4f, 87
1652706751.410754, sdrt-health/mac:02010b41cdec/antenna/tag/e2806894000050038661fd4f, 86
1652706751.440731, sdrt-health/mac:02010b41cdec/antenna/tag/e2806894000040038662114f, 88
1652706751.441181, sdrt-health/mac:02010b41cdec/antenna/tag/e2806894000050038662154f, 85
1652706751.460696, sdrt-health/mac:02010b41cdec/antenna/tag/e2806894000040038662114f, 88
1652706751.517697, sdrt-health/mac:02010b41cdec/antenna/tag/e2806894000050038662194f, 83
1652706751.601154, sdrt-health/mac:02010b41cdec/antenna/tag/e2806894000050038662154f, 91
1652706751.639112, sdrt-health/mac:02010b41cdec/antenna/tag/e2806894000050038662194f, 83
1652706751.680141, sdrt-health/mac:02010b41cdec/antenna/tag/e2806894000040038662114f, 88
1652706751.719282, sdrt-health/mac:02010b41cdec/antenna/tag/e2806894000040038662114f, 85
1652706751.758969, sdrt-health/mac:02010b41cdec/antenna/tag/e2806894000050038662154f, 85
1652706751.799823, sdrt-health/mac:02010b41cdec/antenna/tag/e28068940000500386620d4f, 87
1652706751.852496, sdrt-health/mac:02010b41cdec/antenna/tag/e2806894000040038662114f, 88
1652706751.853072, sdrt-health/mac:02010b41cdec/antenna/tag/e2806894000050038662194f, 82
1652706751.879851, sdrt-health/mac:02010b41cdec/antenna/tag/e2806894000050038662154f, 91
1652706751.920793, sdrt-health/mac:02010b41cdec/antenna/tag/e28068940000400386621d4f, 96
1652706752.001408, sdrt-health/mac:02010b41cdec/antenna/tag/e2806894000050038662154f, 83
1652706752.002002, sdrt-health/mac:02010b41cdec/antenna/tag/e2806894000050038662154f, 91
1652706752.028781, sdrt-health/mac:02010b41cdec/antenna/tag/e28068940000500386620d4f, 83
1652706752.057395, sdrt-health/mac:02010b41cdec/antenna/tag/e2806894000050038661fd4f, 86
1652706752.057705, sdrt-health/mac:02010b41cdec/antenna/tag/e28068940000400386621d4f, 96
1652706752.071313, sdrt-health/mac:02010b41cdec/antenna/tag/e28068940000500386620d4f, 87
1652706752.071607, sdrt-health/mac:02010b41cdec/antenna/tag/e2806894000050038661fd4f, 86
1652706752.129227, sdrt-health/mac:02010b41cdec/antenna/tag/e2806894000040038662114f, 88
1652706752.178861, sdrt-health/mac:02010b41cdec/antenna/tag/e28068940000400386621d4f, 96
1652706752.227604, sdrt-health/mac:02010b41cdec/antenna/tag/e2806894000040038662054f, 94
1652706752.269234, sdrt-health/mac:02010b41cdec/antenna/tag/e2806894000050038661fd4f, 83
1652706752.333875, sdrt-health/mac:02010b41cdec/antenna/tag/e28068940000400386621d4f, 77
1652706752.334387, sdrt-health/mac:02010b41cdec/antenna/tag/e28068940000500386620d4f, 84
1652706752.367375, sdrt-health/mac:02010b41cdec/antenna/tag/e2806894000050038661fd4f, 83
1652706752.419452, sdrt-health/mac:02010b41cdec/antenna/tag/e2806894000040038662114f, 91
1652706752.459908, sdrt-health/mac:02010b41cdec/antenna/tag/e2806894000040038662054f, 81
1652706752.523264, sdrt-health/mac:02010b41cdec/antenna/tag/e28068940000400386621d4f, 96
1652706752.523732, sdrt-health/mac:02010b41cdec/antenna/tag/e28068940000400386621d4f, 96
1652706752.548913, sdrt-health/mac:02010b41cdec/antenna/tag/e28068940000500386620d4f, 94
1652706752.589409, sdrt-health/mac:02010b41cdec/antenna/tag/e2806894000050038662154f, 91
1652706752.627728, sdrt-health/mac:02010b41cdec/antenna/tag/e2806894000050038661fd4f, 86
1652706752.677896, sdrt-health/mac:02010b41cdec/antenna/tag/e2806894000050038661fd4f, 86
1652706752.734652, sdrt-health/mac:02010b41cdec/antenna/tag/e2806894000050038662194f, 81
1652706752.735414, sdrt-health/mac:02010b41cdec/antenna/tag/e28068940000500386620d4f, 81
1652706752.736029, sdrt-health/mac:02010b41cdec/antenna/tag/e28068940000400386621d4f, 77
1652706752.736559, sdrt-health/mac:02010b41cdec/antenna/tag/e2806894000040038662114f, 85
1652706752.799065, sdrt-health/mac:02010b41cdec/antenna/tag/e2806894000050038661fd4f, 86
1652706752.855763, sdrt-health/mac:02010b41cdec/antenna/tag/e28068940000400386621d4f, 77
1652706752.931539, sdrt-health/mac:02010b41cdec/antenna/tag/e2806894000050038662194f, 81
1652706752.932034, sdrt-health/mac:02010b41cdec/antenna/tag/e2806894000050038662154f, 85
1652706752.945609, sdrt-health/mac:02010b41cdec/antenna/tag/e2806894000050038662154f, 88
1652706752.972136, sdrt-health/mac:02010b41cdec/antenna/tag/e2806894000050038662154f, 91
1652706752.972577, sdrt-health/mac:02010b41cdec/antenna/tag/e2806894000040038662114f, 88
1652706752.999771, sdrt-health/mac:02010b41cdec/antenna/tag/e28068940000500386620d4f, 85
1652706753.040267, sdrt-health/mac:02010b41cdec/antenna/tag/e2806894000050038662154f, 88
1652706753.078768, sdrt-health/mac:02010b41cdec/antenna/tag/e2806894000040038662114f, 88
1652706753.133318, sdrt-health/mac:02010b41cdec/antenna/tag/e2806894000050038662154f, 91
1652706753.133514, sdrt-health/mac:02010b41cdec/antenna/tag/e28068940000400386621d4f, 96
1652706753.147632, sdrt-health/mac:02010b41cdec/antenna/tag/e2806894000040038662114f, 91
1652706753.168705, sdrt-health/mac:02010b41cdec/antenna/tag/e2806894000040038662054f, 84
1652706753.210057, sdrt-health/mac:02010b41cdec/antenna/tag/e2806894000050038662154f, 88
1652706753.249907, sdrt-health/mac:02010b41cdec/antenna/tag/e28068940000400386621d4f, 96
1652706753.305526, sdrt-health/mac:02010b41cdec/antenna/tag/e2806894000040038662054f, 82
1652706753.305981, sdrt-health/mac:02010b41cdec/antenna/tag/e2806894000050038662154f, 85
1652706753.320021, sdrt-health/mac:02010b41cdec/antenna/tag/e2806894000050038661fd4f, 86
1652706753.348842, sdrt-health/mac:02010b41cdec/antenna/tag/e2806894000040038662114f, 88
1652706753.34918, sdrt-health/mac:02010b41cdec/antenna/tag/e2806894000040038662114f, 88
1652706753.362859, sdrt-health/mac:02010b41cdec/antenna/tag/e2806894000050038662154f, 88
1652706753.389392, sdrt-health/mac:02010b41cdec/antenna/tag/e2806894000050038662194f, 81
1652706753.438916, sdrt-health/mac:02010b41cdec/antenna/tag/e2806894000050038662154f, 91
1652706753.478644, sdrt-health/mac:02010b41cdec/antenna/tag/e28068940000400386621d4f, 96
1652706753.543114, sdrt-health/mac:02010b41cdec/antenna/tag/e2806894000050038661fd4f, 86
1652706753.543638, sdrt-health/mac:02010b41cdec/antenna/tag/e2806894000050038662194f, 81
1652706753.568938, sdrt-health/mac:02010b41cdec/antenna/tag/e2806894000050038661fd4f, 86
1652706753.634194, sdrt-health/mac:02010b41cdec/antenna/tag/e2806894000050038662154f, 88
1652706753.634652, sdrt-health/mac:02010b41cdec/antenna/tag/e28068940000500386620d4f, 93
1652706753.669579, sdrt-health/mac:02010b41cdec/antenna/tag/e2806894000050038662194f, 94
1652706753.717653, sdrt-health/mac:02010b41cdec/antenna/tag/e28068940000400386621d4f, 96
1652706753.78365, sdrt-health/mac:02010b41cdec/antenna/tag/e2806894000040038662054f, 81
1652706753.784166, sdrt-health/mac:02010b41cdec/antenna/tag/e2806894000040038662114f, 88
1652706753.784587, sdrt-health/mac:02010b41cdec/antenna/tag/e28068940000500386620d4f, 94
1652706753.819325, sdrt-health/mac:02010b41cdec/antenna/tag/e28068940000400386621d4f, 90
1652706753.855024, sdrt-health/mac:02010b41cdec/antenna/tag/e2806894000040038662114f, 88
1652706753.914397, sdrt-health/mac:02010b41cdec/antenna/tag/e2806894000050038661fd4f, 86
1652706753.91485, sdrt-health/mac:02010b41cdec/antenna/tag/e2806894000050038661fd4f, 83
1652706753.927417, sdrt-health/mac:02010b41cdec/antenna/tag/e2806894000040038662114f, 88
1652706753.949638, sdrt-health/mac:02010b41cdec/antenna/tag/e2806894000040038661f94f, 84
1652706753.998702, sdrt-health/mac:02010b41cdec/antenna/tag/e28068940000400386621d4f, 77
1652706754.053366, sdrt-health/mac:02010b41cdec/antenna/tag/e28068940000400386621d4f, 77
1652706754.053882, sdrt-health/mac:02010b41cdec/antenna/tag/e2806894000040038661f94f, 100
1652706754.088964, sdrt-health/mac:02010b41cdec/antenna/tag/e2806894000050038662154f, 88
1652706754.129288, sdrt-health/mac:02010b41cdec/antenna/tag/e28068940000400386621d4f, 77
1652706754.157178, sdrt-health/mac:02010b41cdec/antenna/tag/e2806894000040038662054f, 81
1652706754.157474, sdrt-health/mac:02010b41cdec/antenna/tag/e28068940000500386620d4f, 83
1652706754.179544, sdrt-health/mac:02010b41cdec/antenna/tag/e2806894000050038662194f, 81
1652706754.230162, sdrt-health/mac:02010b41cdec/antenna/tag/e28068940000400386621d4f, 77
1652706754.277145, sdrt-health/mac:02010b41cdec/antenna/tag/e28068940000400386621d4f, 77
1652706754.322666, sdrt-health/mac:02010b41cdec/antenna/tag/e2806894000050038662154f, 88
1652706754.369487, sdrt-health/mac:02010b41cdec/antenna/tag/e2806894000040038662114f, 88
1652706754.435882, sdrt-health/mac:02010b41cdec/antenna/tag/e28068940000400386621d4f, 96
1652706754.436446, sdrt-health/mac:02010b41cdec/antenna/tag/e2806894000040038662114f, 88
1652706754.469827, sdrt-health/mac:02010b41cdec/antenna/tag/e2806894000050038662154f, 85
1652706754.508498, sdrt-health/mac:02010b41cdec/antenna/tag/e2806894000050038661fd4f, 86
1652706754.622299, sdrt-health/mac:02010b41cdec/antenna/tag/e2806894000050038662154f, 85
1652706754.622502, sdrt-health/mac:02010b41cdec/antenna/tag/e28068940000400386621d4f, 96
1652706754.689064, sdrt-health/mac:02010b41cdec/antenna/tag/e28068940000500386620d4f, 94
1652706754.689316, sdrt-health/mac:02010b41cdec/antenna/tag/e28068940000400386621d4f, 96
1652706754.729037, sdrt-health/mac:02010b41cdec/antenna/tag/e28068940000400386621d4f, 96
1652706754.769042, sdrt-health/mac:02010b41cdec/antenna/tag/e2806894000050038661fd4f, 86
1652706754.82314, sdrt-health/mac:02010b41cdec/antenna/tag/e2806894000040038662114f, 91
1652706754.823326, sdrt-health/mac:02010b41cdec/antenna/tag/e28068940000500386620d4f, 82
1652706754.823447, sdrt-health/mac:02010b41cdec/antenna/tag/e28068940000400386621d4f, 96
1652706754.86951, sdrt-health/mac:02010b41cdec/antenna/tag/e2806894000050038662154f, 88
1652706754.909222, sdrt-health/mac:02010b41cdec/antenna/tag/e2806894000050038662154f, 88
1652706754.957896, sdrt-health/mac:02010b41cdec/antenna/tag/e28068940000400386621d4f, 77
1652706755.010012, sdrt-health/mac:02010b41cdec/antenna/tag/e2806894000050038662154f, 88
1652706755.047001, sdrt-health/mac:02010b41cdec/antenna/tag/e28068940000500386620d4f, 81
1652706755.047192, sdrt-health/mac:02010b41cdec/antenna/tag/e2806894000040038662054f, 83
1652706755.063308, sdrt-health/mac:02010b41cdec/antenna/tag/e2806894000040038662114f, 88
1652706755.139967, sdrt-health/mac:02010b41cdec/antenna/tag/e2806894000050038662194f, 83
1652706755.179187, sdrt-health/mac:02010b41cdec/antenna/tag/e2806894000050038661fd4f, 86
1652706755.219175, sdrt-health/mac:02010b41cdec/antenna/tag/e2806894000050038662154f, 88
1652706755.278135, sdrt-health/mac:02010b41cdec/antenna/tag/e28068940000500386620d4f, 81
1652706755.319961, sdrt-health/mac:02010b41cdec/antenna/tag/e2806894000040038662054f, 82
1652706755.380915, sdrt-health/mac:02010b41cdec/antenna/tag/e2806894000050038662194f, 87
1652706755.381143, sdrt-health/mac:02010b41cdec/antenna/tag/e28068940000500386620d4f, 84
1652706755.408302, sdrt-health/mac:02010b41cdec/antenna/tag/e2806894000050038662154f, 88
1652706755.408869, sdrt-health/mac:02010b41cdec/antenna/tag/e28068940000500386620d4f, 94
1652706755.45708, sdrt-health/mac:02010b41cdec/antenna/tag/e2806894000050038662154f, 91
1652706755.514027, sdrt-health/mac:02010b41cdec/antenna/tag/e2806894000040038662114f, 85
1652706755.514218, sdrt-health/mac:02010b41cdec/antenna/tag/e2806894000050038662194f, 81
1652706755.56058, sdrt-health/mac:02010b41cdec/antenna/tag/e28068940000500386620d4f, 82
1652706755.588729, sdrt-health/mac:02010b41cdec/antenna/tag/e2806894000040038662114f, 85
1652706755.589096, sdrt-health/mac:02010b41cdec/antenna/tag/e28068940000500386620d4f, 88
1652706755.607756, sdrt-health/mac:02010b41cdec/antenna/tag/e2806894000040038662114f, 88
1652706755.635483, sdrt-health/mac:02010b41cdec/antenna/tag/e28068940000400386621d4f, 77
1652706755.635753, sdrt-health/mac:02010b41cdec/antenna/tag/e2806894000050038661fd4f, 86
1652706755.650085, sdrt-health/mac:02010b41cdec/antenna/tag/e2806894000050038662154f, 91
1652706755.677629, sdrt-health/mac:02010b41cdec/antenna/tag/e2806894000050038661fd4f, 83
1652706755.677836, sdrt-health/mac:02010b41cdec/antenna/tag/e2806894000050038662154f, 91
1652706755.699648, sdrt-health/mac:02010b41cdec/antenna/tag/e28068940000400386621d4f, 96
1652706755.739863, sdrt-health/mac:02010b41cdec/antenna/tag/e2806894000050038661fd4f, 86
1652706755.814386, sdrt-health/mac:02010b41cdec/antenna/tag/e2806894000040038662114f, 88
1652706755.814932, sdrt-health/mac:02010b41cdec/antenna/tag/e2806894000040038662054f, 81
1652706755.847074, sdrt-health/mac:02010b41cdec/antenna/tag/e2806894000050038662194f, 81
1652706755.889204, sdrt-health/mac:02010b41cdec/antenna/tag/e2806894000040038662054f, 84
1652706755.931283, sdrt-health/mac:02010b41cdec/antenna/tag/e2806894000050038662154f, 91
1652706755.959136, sdrt-health/mac:02010b41cdec/antenna/tag/e28068940000500386620d4f, 85
1652706755.959407, sdrt-health/mac:02010b41cdec/antenna/tag/e28068940000500386620d4f, 85
1652706755.979478, sdrt-health/mac:02010b41cdec/antenna/tag/e2806894000040038662054f, 84
1652706756.033578, sdrt-health/mac:02010b41cdec/antenna/tag/e28068940000500386620d4f, 83
1652706756.033895, sdrt-health/mac:02010b41cdec/antenna/tag/e28068940000500386620d4f, 94
1652706756.070474, sdrt-health/mac:02010b41cdec/antenna/tag/e28068940000500386620d4f, 88
1652706756.109277, sdrt-health/mac:02010b41cdec/antenna/tag/e2806894000050038662154f, 91
1652706756.204063, sdrt-health/mac:02010b41cdec/antenna/tag/e2806894000040038662114f, 91
1652706756.204514, sdrt-health/mac:02010b41cdec/antenna/tag/e2806894000050038662194f, 93
1652706756.224979, sdrt-health/mac:02010b41cdec/antenna/tag/e2806894000050038662194f, 83
1652706756.283879, sdrt-health/mac:02010b41cdec/antenna/tag/e2806894000050038662154f, 91
1652706756.284407, sdrt-health/mac:02010b41cdec/antenna/tag/e2806894000050038662154f, 88
1652706756.308616, sdrt-health/mac:02010b41cdec/antenna/tag/e2806894000040038662054f, 83
1652706756.348865, sdrt-health/mac:02010b41cdec/antenna/tag/e28068940000500386620d4f, 87
1652706756.405747, sdrt-health/mac:02010b41cdec/antenna/tag/e2806894000040038662054f, 81
1652706756.406207, sdrt-health/mac:02010b41cdec/antenna/tag/e28068940000400386621d4f, 90
1652706756.429642, sdrt-health/mac:02010b41cdec/antenna/tag/e2806894000050038662194f, 83
1652706756.468972, sdrt-health/mac:02010b41cdec/antenna/tag/e28068940000400386621d4f, 77
1652706756.516147, sdrt-health/mac:02010b41cdec/antenna/tag/e2806894000050038661fd4f, 83
1652706756.56695, sdrt-health/mac:02010b41cdec/antenna/tag/e2806894000050038661fd4f, 86
1652706756.567406, sdrt-health/mac:02010b41cdec/antenna/tag/e2806894000050038661fd4f, 86
1652706756.58235, sdrt-health/mac:02010b41cdec/antenna/tag/e2806894000050038662154f, 91
1652706756.616895, sdrt-health/mac:02010b41cdec/antenna/tag/e2806894000050038661fd4f, 83
1652706756.691346, sdrt-health/mac:02010b41cdec/antenna/tag/e2806894000050038662154f, 91
1652706756.691818, sdrt-health/mac:02010b41cdec/antenna/tag/e2806894000050038662154f, 88
1652706756.720647, sdrt-health/mac:02010b41cdec/antenna/tag/e2806894000040038662114f, 88
1652706756.772252, sdrt-health/mac:02010b41cdec/antenna/tag/e2806894000050038661fd4f, 86
1652706756.772473, sdrt-health/mac:02010b41cdec/antenna/tag/e2806894000050038661fd4f, 86
1652706756.81777, sdrt-health/mac:02010b41cdec/antenna/tag/e2806894000050038662154f, 97
1652706756.890752, sdrt-health/mac:02010b41cdec/antenna/tag/e28068940000400386621d4f, 96
1652706756.919976, sdrt-health/mac:02010b41cdec/antenna/tag/e28068940000500386620d4f, 83
1652706756.920325, sdrt-health/mac:02010b41cdec/antenna/tag/e2806894000040038662054f, 94
1652706756.939427, sdrt-health/mac:02010b41cdec/antenna/tag/e28068940000500386620d4f, 93
1652706756.98957, sdrt-health/mac:02010b41cdec/antenna/tag/e2806894000040038662114f, 88
1652706757.017402, sdrt-health/mac:02010b41cdec/antenna/tag/e2806894000050038662154f, 91
1652706757.017808, sdrt-health/mac:02010b41cdec/antenna/tag/e2806894000040038662054f, 88
1652706757.031468, sdrt-health/mac:02010b41cdec/antenna/tag/e2806894000040038662114f, 91
1652706757.080199, sdrt-health/mac:02010b41cdec/antenna/tag/e28068940000500386620d4f, 83
1652706757.139765, sdrt-health/mac:02010b41cdec/antenna/tag/e2806894000040038662054f, 82
1652706757.140013, sdrt-health/mac:02010b41cdec/antenna/tag/e2806894000040038662114f, 88
1652706757.154342, sdrt-health/mac:02010b41cdec/antenna/tag/e2806894000050038661fd4f, 86
1652706757.201044, sdrt-health/mac:02010b41cdec/antenna/tag/e28068940000400386621d4f, 96
1652706757.248903, sdrt-health/mac:02010b41cdec/antenna/tag/e2806894000050038662154f, 91
1652706757.249364, sdrt-health/mac:02010b41cdec/antenna/tag/e2806894000050038661fd4f, 86
1652706757.288338, sdrt-health/mac:02010b41cdec/antenna/tag/e2806894000040038662114f, 88
1652706757.344124, sdrt-health/mac:02010b41cdec/antenna/tag/e28068940000500386620d4f, 83
1652706757.344691, sdrt-health/mac:02010b41cdec/antenna/tag/e28068940000500386620d4f, 87
1652706757.368637, sdrt-health/mac:02010b41cdec/antenna/tag/e2806894000050038661fd4f, 86
1652706757.46719, sdrt-health/mac:02010b41cdec/antenna/tag/e2806894000040038662054f, 110
1652706757.517605, sdrt-health/mac:02010b41cdec/antenna/tag/e28068940000500386620d4f, 93
1652706757.559327, sdrt-health/mac:02010b41cdec/antenna/tag/e2806894000040038662054f, 83
1652706757.614006, sdrt-health/mac:02010b41cdec/antenna/tag/e28068940000400386621d4f, 96
1652706757.614375, sdrt-health/mac:02010b41cdec/antenna/tag/e28068940000400386621d4f, 90
1652706757.628024, sdrt-health/mac:02010b41cdec/antenna/tag/e2806894000040038662114f, 91
1652706757.64878, sdrt-health/mac:02010b41cdec/antenna/tag/e2806894000050038661fd4f, 86
1652706757.684775, sdrt-health/mac:02010b41cdec/antenna/tag/e28068940000400386621d4f, 90
1652706757.737409, sdrt-health/mac:02010b41cdec/antenna/tag/e2806894000050038661fd4f, 86
1652706757.801552, sdrt-health/mac:02010b41cdec/antenna/tag/e28068940000500386620d4f, 94
1652706757.802128, sdrt-health/mac:02010b41cdec/antenna/tag/e28068940000400386621d4f, 96
1652706757.814658, sdrt-health/mac:02010b41cdec/antenna/tag/e2806894000040038662114f, 91
1652706757.829801, sdrt-health/mac:02010b41cdec/antenna/tag/e2806894000040038662054f, 88
1652706757.887715, sdrt-health/mac:02010b41cdec/antenna/tag/e28068940000400386621d4f, 77
1652706757.938203, sdrt-health/mac:02010b41cdec/antenna/tag/e28068940000500386620d4f, 81
1652706758.004034, sdrt-health/mac:02010b41cdec/antenna/tag/e2806894000050038661fd4f, 83
1652706758.004596, sdrt-health/mac:02010b41cdec/antenna/tag/e2806894000040038662114f, 91
1652706758.018329, sdrt-health/mac:02010b41cdec/antenna/tag/e28068940000400386621d4f, 96
1652706758.039305, sdrt-health/mac:02010b41cdec/antenna/tag/e2806894000050038662154f, 91
1652706758.08841, sdrt-health/mac:02010b41cdec/antenna/tag/e2806894000040038662114f, 91
1652706758.132429, sdrt-health/mac:02010b41cdec/antenna/tag/e2806894000040038662114f, 88
1652706758.161532, sdrt-health/mac:02010b41cdec/antenna/tag/e2806894000050038662154f, 91
1652706758.161899, sdrt-health/mac:02010b41cdec/antenna/tag/e2806894000050038661fd4f, 86
1652706758.176027, sdrt-health/mac:02010b41cdec/antenna/tag/e28068940000500386620d4f, 93
1652706758.176965, sdrt-health/mac:02010b41cdec/antenna/tag/e2806894000040038662114f, 88
1652706758.241701, sdrt-health/mac:02010b41cdec/antenna/tag/e2806894000040038661f94f, 103
1652706758.290222, sdrt-health/mac:02010b41cdec/antenna/tag/e28068940000500386620d4f, 83
1652706758.330058, sdrt-health/mac:02010b41cdec/antenna/tag/e2806894000050038662194f, 82
1652706758.368937, sdrt-health/mac:02010b41cdec/antenna/tag/e2806894000050038661fd4f, 86
1652706758.41964, sdrt-health/mac:02010b41cdec/antenna/tag/e2806894000040038662114f, 88
1652706758.459475, sdrt-health/mac:02010b41cdec/antenna/tag/e2806894000050038662154f, 91
1652706758.500514, sdrt-health/mac:02010b41cdec/antenna/tag/e28068940000400386621d4f, 96
1652706758.541101, sdrt-health/mac:02010b41cdec/antenna/tag/e28068940000400386621d4f, 96
1652706758.579388, sdrt-health/mac:02010b41cdec/antenna/tag/e2806894000040038662114f, 91
1652706758.620717, sdrt-health/mac:02010b41cdec/antenna/tag/e2806894000050038662154f, 88
1652706758.66085, sdrt-health/mac:02010b41cdec/antenna/tag/e28068940000400386621d4f, 96
1652706758.700423, sdrt-health/mac:02010b41cdec/antenna/tag/e2806894000050038661fd4f, 90
1652706758.781524, sdrt-health/mac:02010b41cdec/antenna/tag/e2806894000040038662114f, 88
1652706758.830426, sdrt-health/mac:02010b41cdec/antenna/tag/e28068940000500386620d4f, 88
1652706758.86966, sdrt-health/mac:02010b41cdec/antenna/tag/e2806894000040038662114f, 85
1652706758.917591, sdrt-health/mac:02010b41cdec/antenna/tag/e2806894000050038661fd4f, 90
1652706758.959384, sdrt-health/mac:02010b41cdec/antenna/tag/e2806894000050038661fd4f, 86
1652706759.023691, sdrt-health/mac:02010b41cdec/antenna/tag/e2806894000040038662054f, 81
1652706759.024207, sdrt-health/mac:02010b41cdec/antenna/tag/e2806894000050038662154f, 88
1652706759.059905, sdrt-health/mac:02010b41cdec/antenna/tag/e28068940000500386620d4f, 94
1652706759.098422, sdrt-health/mac:02010b41cdec/antenna/tag/e28068940000500386620d4f, 81
1652706759.148029, sdrt-health/mac:02010b41cdec/antenna/tag/e28068940000500386620d4f, 87
1652706759.207907, sdrt-health/mac:02010b41cdec/antenna/tag/e2806894000050038662154f, 85
1652706759.237334, sdrt-health/mac:02010b41cdec/antenna/tag/e2806894000050038662194f, 94
1652706759.237832, sdrt-health/mac:02010b41cdec/antenna/tag/e2806894000040038662114f, 85
1652706759.252948, sdrt-health/mac:02010b41cdec/antenna/tag/e28068940000400386621d4f, 77
1652706759.289118, sdrt-health/mac:02010b41cdec/antenna/tag/e2806894000050038662154f, 88
1652706759.328997, sdrt-health/mac:02010b41cdec/antenna/tag/e2806894000050038661fd4f, 83
1652706759.37349, sdrt-health/mac:02010b41cdec/antenna/tag/e2806894000040038662114f, 88
1652706759.418623, sdrt-health/mac:02010b41cdec/antenna/tag/e2806894000050038662154f, 91
1652706759.458582, sdrt-health/mac:02010b41cdec/antenna/tag/e2806894000040038662114f, 88
1652706759.459001, sdrt-health/mac:02010b41cdec/antenna/tag/e28068940000500386620d4f, 93
1652706759.499546, sdrt-health/mac:02010b41cdec/antenna/tag/e2806894000050038662154f, 91
1652706759.553675, sdrt-health/mac:02010b41cdec/antenna/tag/e2806894000050038662154f, 91
1652706759.554251, sdrt-health/mac:02010b41cdec/antenna/tag/e2806894000050038661fd4f, 86
1652706759.568259, sdrt-health/mac:02010b41cdec/antenna/tag/e2806894000050038662154f, 88
1652706759.596096, sdrt-health/mac:02010b41cdec/antenna/tag/e28068940000400386621d4f, 90
1652706759.596333, sdrt-health/mac:02010b41cdec/antenna/tag/e2806894000050038662154f, 91
1652706759.646183, sdrt-health/mac:02010b41cdec/antenna/tag/e28068940000400386621d4f, 90
1652706759.674266, sdrt-health/mac:02010b41cdec/antenna/tag/e2806894000050038661fd4f, 83
1652706759.674608, sdrt-health/mac:02010b41cdec/antenna/tag/e2806894000040038662054f, 81
1652706759.704964, sdrt-health/mac:02010b41cdec/antenna/tag/e28068940000500386620d4f, 94
1652706759.7425, sdrt-health/mac:02010b41cdec/antenna/tag/e2806894000050038662194f, 83
1652706759.771453, sdrt-health/mac:02010b41cdec/antenna/tag/e2806894000050038662154f, 88
1652706759.772063, sdrt-health/mac:02010b41cdec/antenna/tag/e2806894000050038661fd4f, 86
1652706759.788793, sdrt-health/mac:02010b41cdec/antenna/tag/e28068940000500386620d4f, 94
1652706759.83175, sdrt-health/mac:02010b41cdec/antenna/tag/e28068940000400386621d4f, 77
1652706759.883103, sdrt-health/mac:02010b41cdec/antenna/tag/e2806894000040038662114f, 91
1652706759.883618, sdrt-health/mac:02010b41cdec/antenna/tag/e2806894000050038662154f, 88
1652706759.897219, sdrt-health/mac:02010b41cdec/antenna/tag/e28068940000400386621d4f, 77
1652706759.928206, sdrt-health/mac:02010b41cdec/antenna/tag/e2806894000040038662114f, 91
1652706759.980586, sdrt-health/mac:02010b41cdec/antenna/tag/e2806894000050038662194f, 81
1652706760.032895, sdrt-health/mac:02010b41cdec/antenna/tag/e28068940000400386621d4f, 96
1652706760.033281, sdrt-health/mac:02010b41cdec/antenna/tag/e2806894000050038662194f, 81
1652706760.047122, sdrt-health/mac:02010b41cdec/antenna/tag/e2806894000050038661fd4f, 86
1652706760.069341, sdrt-health/mac:02010b41cdec/antenna/tag/e2806894000040038662054f, 81
1652706760.119944, sdrt-health/mac:02010b41cdec/antenna/tag/e2806894000050038661fd4f, 86
1652706760.174257, sdrt-health/mac:02010b41cdec/antenna/tag/e2806894000050038662154f, 88
1652706760.174717, sdrt-health/mac:02010b41cdec/antenna/tag/e2806894000050038661fd4f, 83
1652706760.208319, sdrt-health/mac:02010b41cdec/antenna/tag/e2806894000040038662114f, 85
1652706760.237021, sdrt-health/mac:02010b41cdec/antenna/tag/e28068940000500386620d4f, 81
1652706760.23751, sdrt-health/mac:02010b41cdec/antenna/tag/e2806894000050038662194f, 81
1652706760.251027, sdrt-health/mac:02010b41cdec/antenna/tag/e2806894000050038662194f, 88
1652706760.299059, sdrt-health/mac:02010b41cdec/antenna/tag/e2806894000050038662154f, 88
1652706760.339795, sdrt-health/mac:02010b41cdec/antenna/tag/e2806894000050038662154f, 91
1652706760.392435, sdrt-health/mac:02010b41cdec/antenna/tag/e28068940000400386621d4f, 77
1652706760.392958, sdrt-health/mac:02010b41cdec/antenna/tag/e2806894000050038662194f, 94
1652706760.405757, sdrt-health/mac:02010b41cdec/antenna/tag/e2806894000050038662194f, 87
1652706760.428904, sdrt-health/mac:02010b41cdec/antenna/tag/e2806894000050038662154f, 88
1652706760.485733, sdrt-health/mac:02010b41cdec/antenna/tag/e28068940000400386621d4f, 77
1652706760.613646, sdrt-health/mac:02010b41cdec/antenna/tag/e2806894000040038662114f, 88
1652706760.614124, sdrt-health/mac:02010b41cdec/antenna/tag/e2806894000050038662194f, 88
1652706760.627443, sdrt-health/mac:02010b41cdec/antenna/tag/e2806894000040038662114f, 85
1652706760.628091, sdrt-health/mac:02010b41cdec/antenna/tag/e2806894000050038662154f, 88
1652706760.6494, sdrt-health/mac:02010b41cdec/antenna/tag/e28068940000500386620d4f, 94
1652706760.677515, sdrt-health/mac:02010b41cdec/antenna/tag/e2806894000050038662194f, 81
1652706760.677791, sdrt-health/mac:02010b41cdec/antenna/tag/e2806894000050038662194f, 81
1652706760.677965, sdrt-health/mac:02010b41cdec/antenna/tag/e2806894000040038662114f, 85
1652706760.696715, sdrt-health/mac:02010b41cdec/antenna/tag/e28068940000500386620d4f, 88
1652706760.748974, sdrt-health/mac:02010b41cdec/antenna/tag/e2806894000050038662194f, 81
1652706760.749494, sdrt-health/mac:02010b41cdec/antenna/tag/e28068940000500386620d4f, 81
1652706760.763873, sdrt-health/mac:02010b41cdec/antenna/tag/e2806894000050038661fd4f, 83
1652706760.789479, sdrt-health/mac:02010b41cdec/antenna/tag/e2806894000040038662114f, 88
1652706760.844059, sdrt-health/mac:02010b41cdec/antenna/tag/e28068940000400386621d4f, 77
1652706760.844559, sdrt-health/mac:02010b41cdec/antenna/tag/e28068940000400386621d4f, 77
1652706760.878065, sdrt-health/mac:02010b41cdec/antenna/tag/e28068940000400386621d4f, 96
1652706760.907662, sdrt-health/mac:02010b41cdec/antenna/tag/e2806894000050038662194f, 88
1652706760.907988, sdrt-health/mac:02010b41cdec/antenna/tag/e28068940000400386621d4f, 77
1652706760.928288, sdrt-health/mac:02010b41cdec/antenna/tag/e2806894000050038662194f, 81
1652706760.957806, sdrt-health/mac:02010b41cdec/antenna/tag/e2806894000040038662114f, 88
1652706760.958091, sdrt-health/mac:02010b41cdec/antenna/tag/e2806894000050038661fd4f, 86
1652706760.9785, sdrt-health/mac:02010b41cdec/antenna/tag/e2806894000050038661fd4f, 83
1652706761.029892, sdrt-health/mac:02010b41cdec/antenna/tag/e2806894000050038662154f, 85
1652706761.030442, sdrt-health/mac:02010b41cdec/antenna/tag/e28068940000500386620d4f, 83
1652706761.043446, sdrt-health/mac:02010b41cdec/antenna/tag/e28068940000400386621d4f, 77
1652706761.058846, sdrt-health/mac:02010b41cdec/antenna/tag/e28068940000400386621d4f, 77
1652706761.100314, sdrt-health/mac:02010b41cdec/antenna/tag/e28068940000400386621d4f, 96
1652706761.140714, sdrt-health/mac:02010b41cdec/antenna/tag/e2806894000050038662154f, 91
1652706761.168992, sdrt-health/mac:02010b41cdec/antenna/tag/e2806894000040038662114f, 88
1652706761.169646, sdrt-health/mac:02010b41cdec/antenna/tag/e28068940000500386620d4f, 83
1652706761.189083, sdrt-health/mac:02010b41cdec/antenna/tag/e2806894000050038661fd4f, 86
1652706761.228807, sdrt-health/mac:02010b41cdec/antenna/tag/e2806894000040038662114f, 91
1652706761.279766, sdrt-health/mac:02010b41cdec/antenna/tag/e2806894000040038662114f, 97
1652706761.310382, sdrt-health/mac:02010b41cdec/antenna/tag/e28068940000400386621d4f, 96
1652706761.310849, sdrt-health/mac:02010b41cdec/antenna/tag/e28068940000500386620d4f, 84
1652706761.324328, sdrt-health/mac:02010b41cdec/antenna/tag/e28068940000400386621d4f, 96
1652706761.388456, sdrt-health/mac:02010b41cdec/antenna/tag/e28068940000400386621d4f, 77
1652706761.428825, sdrt-health/mac:02010b41cdec/antenna/tag/e28068940000500386620d4f, 81
1652706761.491058, sdrt-health/mac:02010b41cdec/antenna/tag/e28068940000400386621d4f, 77
1652706761.491524, sdrt-health/mac:02010b41cdec/antenna/tag/e28068940000400386621d4f, 96
1652706761.52984, sdrt-health/mac:02010b41cdec/antenna/tag/e28068940000400386621d4f, 90
1652706761.577496, sdrt-health/mac:02010b41cdec/antenna/tag/e2806894000040038662054f, 88
1652706761.619652, sdrt-health/mac:02010b41cdec/antenna/tag/e28068940000500386620d4f, 94
1652706761.659519, sdrt-health/mac:02010b41cdec/antenna/tag/e2806894000040038662054f, 94
1652706761.699097, sdrt-health/mac:02010b41cdec/antenna/tag/e2806894000050038661fd4f, 86
1652706761.760583, sdrt-health/mac:02010b41cdec/antenna/tag/e2806894000040038662114f, 91
1652706761.760869, sdrt-health/mac:02010b41cdec/antenna/tag/e2806894000050038662194f, 94
1652706761.78966, sdrt-health/mac:02010b41cdec/antenna/tag/e2806894000040038662054f, 82
1652706761.843585, sdrt-health/mac:02010b41cdec/antenna/tag/e2806894000050038662194f, 81
1652706761.843995, sdrt-health/mac:02010b41cdec/antenna/tag/e2806894000050038662154f, 88
1652706761.877224, sdrt-health/mac:02010b41cdec/antenna/tag/e28068940000400386621d4f, 96
1652706761.942829, sdrt-health/mac:02010b41cdec/antenna/tag/e2806894000040038662114f, 88
1652706761.943317, sdrt-health/mac:02010b41cdec/antenna/tag/e28068940000400386621d4f, 96
1652706761.969034, sdrt-health/mac:02010b41cdec/antenna/tag/e2806894000050038661fd4f, 83
1652706762.061417, sdrt-health/mac:02010b41cdec/antenna/tag/e28068940000500386620d4f, 88
1652706762.109146, sdrt-health/mac:02010b41cdec/antenna/tag/e2806894000050038662154f, 85
1652706762.165429, sdrt-health/mac:02010b41cdec/antenna/tag/e2806894000050038661fd4f, 83
1652706762.165991, sdrt-health/mac:02010b41cdec/antenna/tag/e2806894000040038662114f, 88
1652706762.180125, sdrt-health/mac:02010b41cdec/antenna/tag/e28068940000500386620d4f, 93
1652706762.200674, sdrt-health/mac:02010b41cdec/antenna/tag/e2806894000040038662054f, 94
1652706762.272456, sdrt-health/mac:02010b41cdec/antenna/tag/e2806894000040038662114f, 91
1652706762.272919, sdrt-health/mac:02010b41cdec/antenna/tag/e28068940000400386621d4f, 96
1652706762.300311, sdrt-health/mac:02010b41cdec/antenna/tag/e2806894000040038662054f, 88
1652706762.362641, sdrt-health/mac:02010b41cdec/antenna/tag/e2806894000050038662194f, 83
1652706762.362955, sdrt-health/mac:02010b41cdec/antenna/tag/e28068940000400386621d4f, 77
1652706762.391136, sdrt-health/mac:02010b41cdec/antenna/tag/e28068940000500386620d4f, 83
1652706762.445398, sdrt-health/mac:02010b41cdec/antenna/tag/e2806894000040038662114f, 88
1652706762.445895, sdrt-health/mac:02010b41cdec/antenna/tag/e2806894000040038662114f, 85
1652706762.460064, sdrt-health/mac:02010b41cdec/antenna/tag/e28068940000500386620d4f, 81
1652706762.479106, sdrt-health/mac:02010b41cdec/antenna/tag/e2806894000050038661fd4f, 86
1652706762.55476, sdrt-health/mac:02010b41cdec/antenna/tag/e2806894000040038662054f, 81
1652706762.55521, sdrt-health/mac:02010b41cdec/antenna/tag/e2806894000050038662154f, 91
1652706762.587363, sdrt-health/mac:02010b41cdec/antenna/tag/e2806894000040038662114f, 91
1652706762.617027, sdrt-health/mac:02010b41cdec/antenna/tag/e2806894000040038662054f, 88
1652706762.617222, sdrt-health/mac:02010b41cdec/antenna/tag/e2806894000050038661fd4f, 86
1652706762.63256, sdrt-health/mac:02010b41cdec/antenna/tag/e28068940000400386621d4f, 90
1652706762.632882, sdrt-health/mac:02010b41cdec/antenna/tag/e2806894000040038662114f, 91
1652706762.670479, sdrt-health/mac:02010b41cdec/antenna/tag/e2806894000050038662154f, 91
1652706762.725809, sdrt-health/mac:02010b41cdec/antenna/tag/e2806894000050038662194f, 93
1652706762.726216, sdrt-health/mac:02010b41cdec/antenna/tag/e2806894000040038662114f, 88
1652706762.739643, sdrt-health/mac:02010b41cdec/antenna/tag/e2806894000040038662114f, 91
1652706762.749906, sdrt-health/mac:02010b41cdec/antenna/tag/e2806894000050038662194f, 81
1652706762.754603, sdrt-health/mac:02010b41cdec/antenna/tag/e28068940000400386621d4f, 96
1652706762.754912, sdrt-health/mac:02010b41cdec/antenna/tag/e2806894000050038661fd4f, 86
1652706762.788929, sdrt-health/mac:02010b41cdec/antenna/tag/e28068940000500386620d4f, 88
1652706762.818368, sdrt-health/mac:02010b41cdec/antenna/tag/e2806894000040038662054f, 94
1652706762.818819, sdrt-health/mac:02010b41cdec/antenna/tag/e2806894000050038662154f, 91
1652706762.838105, sdrt-health/mac:02010b41cdec/antenna/tag/e2806894000040038662114f, 88
1652706762.922728, sdrt-health/mac:02010b41cdec/antenna/tag/e28068940000500386620d4f, 85
1652706762.923193, sdrt-health/mac:02010b41cdec/antenna/tag/e2806894000050038662154f, 85
1652706762.949836, sdrt-health/mac:02010b41cdec/antenna/tag/e28068940000400386621d4f, 77
1652706762.989904, sdrt-health/mac:02010b41cdec/antenna/tag/e28068940000400386621d4f, 77
1652706763.07466, sdrt-health/mac:02010b41cdec/antenna/tag/e2806894000050038662154f, 88
1652706763.075196, sdrt-health/mac:02010b41cdec/antenna/tag/e28068940000400386621d4f, 96
1652706763.099962, sdrt-health/mac:02010b41cdec/antenna/tag/e2806894000050038661fd4f, 83
1652706763.139358, sdrt-health/mac:02010b41cdec/antenna/tag/e28068940000400386621d4f, 96
1652706763.180073, sdrt-health/mac:02010b41cdec/antenna/tag/e28068940000400386621d4f, 96
1652706763.220063, sdrt-health/mac:02010b41cdec/antenna/tag/e2806894000050038662154f, 88
1652706763.260207, sdrt-health/mac:02010b41cdec/antenna/tag/e2806894000050038661fd4f, 86
1652706763.334135, sdrt-health/mac:02010b41cdec/antenna/tag/e2806894000050038662194f, 83
1652706763.334833, sdrt-health/mac:02010b41cdec/antenna/tag/e2806894000050038661fd4f, 86
1652706763.359124, sdrt-health/mac:02010b41cdec/antenna/tag/e2806894000050038661fd4f, 86
1652706763.39956, sdrt-health/mac:02010b41cdec/antenna/tag/e2806894000050038662154f, 91
1652706763.440121, sdrt-health/mac:02010b41cdec/antenna/tag/e2806894000040038661f94f, 94
1652706763.494952, sdrt-health/mac:02010b41cdec/antenna/tag/e2806894000040038662054f, 94
1652706763.495435, sdrt-health/mac:02010b41cdec/antenna/tag/e2806894000050038662154f, 88
1652706763.509802, sdrt-health/mac:02010b41cdec/antenna/tag/e2806894000050038661fd4f, 86
1652706763.570121, sdrt-health/mac:02010b41cdec/antenna/tag/e2806894000050038662154f, 91
1652706763.62812, sdrt-health/mac:02010b41cdec/antenna/tag/e2806894000040038661f94f, 88
1652706763.731477, sdrt-health/mac:02010b41cdec/antenna/tag/e2806894000040038662114f, 91
1652706763.731952, sdrt-health/mac:02010b41cdec/antenna/tag/e2806894000040038662054f, 94
1652706763.759101, sdrt-health/mac:02010b41cdec/antenna/tag/e28068940000400386621d4f, 90
1652706763.823443, sdrt-health/mac:02010b41cdec/antenna/tag/e28068940000400386621d4f, 96
1652706763.825018, sdrt-health/mac:02010b41cdec/antenna/tag/e2806894000040038662054f, 84
1652706763.844354, sdrt-health/mac:02010b41cdec/antenna/tag/e2806894000040038662054f, 94
1652706763.873761, sdrt-health/mac:02010b41cdec/antenna/tag/e2806894000050038662154f, 91
1652706763.87414, sdrt-health/mac:02010b41cdec/antenna/tag/e2806894000040038661f94f, 84
1652706763.874409, sdrt-health/mac:02010b41cdec/antenna/tag/e28068940000400386621d4f, 77
1652706764.078726, sdrt-health/mac:02010b41cdec/antenna/tag/scan, scan stopped
