1652706661.691945, sdrt-health/mac:02010b41cdec/antenna/power/set, {"power": 300}
1652706663.084567, sdrt-health/mac:02010b41cdec/antenna/power/set, 
1652706666.713503, sdrt-health/mac:02010b41cdec/antenna/tag/scan, {"time": 20000}
1652706667.109693, sdrt-health/mac:02010b41cdec/antenna/tag/e28068940000400386621d4f, 77
1652706667.152117, sdrt-health/mac:02010b41cdec/antenna/tag/e2806894000040038661f94f, 81
1652706667.18997, sdrt-health/mac:02010b41cdec/antenna/tag/e2806894000050038662154f, 88
1652706667.238463, sdrt-health/mac:02010b41cdec/antenna/tag/e2806894000040038662054f, 94
1652706667.294318, sdrt-health/mac:02010b41cdec/antenna/tag/e28068940000400386621d4f, 96
1652706667.294886, sdrt-health/mac:02010b41cdec/antenna/tag/e2806894000050038661fd4f, 83
1652706667.320463, sdrt-health/mac:02010b41cdec/antenna/tag/e2806894000050038662194f, 81
1652706667.374225, sdrt-health/mac:02010b41cdec/antenna/tag/e2806894000040038662114f, 88
1652706667.374703, sdrt-health/mac:02010b41cdec/antenna/tag/e2806894000040038662114f, 91
1652706667.410783, sdrt-health/mac:02010b41cdec/antenna/tag/e2806894000050038662154f, 88
1652706667.438831, sdrt-health/mac:02010b41cdec/antenna/tag/e28068940000500386620d4f, 88
1652706667.43929, sdrt-health/mac:02010b41cdec/antenna/tag/e2806894000050038662194f, 94
1652706667.458299, sdrt-health/mac:02010b41cdec/antenna/tag/e28068940000500386620d4f, 83
1652706667.486689, sdrt-health/mac:02010b41cdec/antenna/tag/e2806894000050038662194f, 87
1652706667.487132, sdrt-health/mac:02010b41cdec/antenna/tag/e2806894000050038661fd4f, 83
1652706667.530063, sdrt-health/mac:02010b41cdec/antenna/tag/e2806894000040038662114f, 91
1652706667.569436, sdrt-health/mac:02010b41cdec/antenna/tag/e28068940000500386620d4f, 83
1652706667.610589, sdrt-health/mac:02010b41cdec/antenna/tag/e2806894000050038661fd4f, 86
1652706667.650239, sdrt-health/mac:02010b41cdec/antenna/tag/e2806894000050038662154f, 88
1652706667.689606, sdrt-health/mac:02010b41cdec/antenna/tag/e2806894000050038662154f, 88
1652706667.73825, sdrt-health/mac:02010b41cdec/antenna/tag/e2806894000050038661fd4f, 86
1652706667.794991, sdrt-health/mac:02010b41cdec/antenna/tag/e2806894000040038662114f, 88
1652706667.795844, sdrt-health/mac:02010b41cdec/antenna/tag/e2806894000050038662194f, 83
1652706667.819699, sdrt-health/mac:02010b41cdec/antenna/tag/e2806894000050038661fd4f, 83
1652706667.878623, sdrt-health/mac:02010b41cdec/antenna/tag/e28068940000400386621d4f, 96
1652706667.87908, sdrt-health/mac:02010b41cdec/antenna/tag/e28068940000500386620d4f, 81
1652706667.893477, sdrt-health/mac:02010b41cdec/antenna/tag/e28068940000400386621d4f, 96
1652706667.899802, sdrt-health/mac:02010b41cdec/antenna/tag/e2806894000040038662114f, 88
1652706667.971065, sdrt-health/mac:02010b41cdec/antenna/tag/e2806894000050038662154f, 88
1652706668.012341, sdrt-health/mac:02010b41cdec/antenna/tag/e2806894000050038661fd4f, 83
1652706668.059988, sdrt-health/mac:02010b41cdec/antenna/tag/e28068940000500386620d4f, 81
1652706668.154902, sdrt-health/mac:02010b41cdec/antenna/tag/e28068940000400386621d4f, 77
1652706668.155369, sdrt-health/mac:02010b41cdec/antenna/tag/e2806894000050038661fd4f, 83
1652706668.180862, sdrt-health/mac:02010b41cdec/antenna/tag/e2806894000050038662154f, 91
1652706668.228135, sdrt-health/mac:02010b41cdec/antenna/tag/e2806894000040038662054f, 81
1652706668.285867, sdrt-health/mac:02010b41cdec/antenna/tag/e2806894000040038662114f, 88
1652706668.286386, sdrt-health/mac:02010b41cdec/antenna/tag/e2806894000050038661fd4f, 83
1652706668.300447, sdrt-health/mac:02010b41cdec/antenna/tag/e2806894000040038662114f, 85
1652706668.370415, sdrt-health/mac:02010b41cdec/antenna/tag/e2806894000050038662154f, 91
1652706668.428324, sdrt-health/mac:02010b41cdec/antenna/tag/e28068940000500386620d4f, 81
1652706668.47098, sdrt-health/mac:02010b41cdec/antenna/tag/e2806894000040038662054f, 84
1652706668.511195, sdrt-health/mac:02010b41cdec/antenna/tag/e2806894000040038662114f, 88
1652706668.539384, sdrt-health/mac:02010b41cdec/antenna/tag/e2806894000040038662114f, 91
1652706668.539882, sdrt-health/mac:02010b41cdec/antenna/tag/e2806894000050038662154f, 88
1652706668.57014, sdrt-health/mac:02010b41cdec/antenna/tag/e28068940000500386620d4f, 83
1652706668.617741, sdrt-health/mac:02010b41cdec/antenna/tag/e2806894000040038662054f, 81
1652706668.647778, sdrt-health/mac:02010b41cdec/antenna/tag/e2806894000040038662114f, 91
1652706668.648014, sdrt-health/mac:02010b41cdec/antenna/tag/e2806894000050038661fd4f, 86
1652706668.662028, sdrt-health/mac:02010b41cdec/antenna/tag/e2806894000050038661fd4f, 86
1652706668.662245, sdrt-health/mac:02010b41cdec/antenna/tag/e2806894000050038662154f, 88
1652706668.711905, sdrt-health/mac:02010b41cdec/antenna/tag/e2806894000040038662114f, 88
1652706668.760332, sdrt-health/mac:02010b41cdec/antenna/tag/e2806894000050038662194f, 94
1652706668.80123, sdrt-health/mac:02010b41cdec/antenna/tag/e28068940000400386621d4f, 96
1652706668.840611, sdrt-health/mac:02010b41cdec/antenna/tag/e28068940000500386620d4f, 93
1652706668.906314, sdrt-health/mac:02010b41cdec/antenna/tag/e2806894000040038662054f, 81
1652706668.9068, sdrt-health/mac:02010b41cdec/antenna/tag/e28068940000500386620d4f, 93
1652706668.940141, sdrt-health/mac:02010b41cdec/antenna/tag/e2806894000050038661fd4f, 83
1652706668.98211, sdrt-health/mac:02010b41cdec/antenna/tag/e2806894000040038662054f, 88
1652706669.012857, sdrt-health/mac:02010b41cdec/antenna/tag/e2806894000050038661fd4f, 86
1652706669.013235, sdrt-health/mac:02010b41cdec/antenna/tag/e28068940000500386620d4f, 88
1652706669.028093, sdrt-health/mac:02010b41cdec/antenna/tag/e28068940000500386620d4f, 84
1652706669.081745, sdrt-health/mac:02010b41cdec/antenna/tag/e2806894000050038662154f, 91
1652706669.130306, sdrt-health/mac:02010b41cdec/antenna/tag/e2806894000050038662194f, 87
1652706669.195211, sdrt-health/mac:02010b41cdec/antenna/tag/e2806894000050038661fd4f, 86
1652706669.195615, sdrt-health/mac:02010b41cdec/antenna/tag/e2806894000050038662154f, 91
1652706669.21011, sdrt-health/mac:02010b41cdec/antenna/tag/e28068940000500386620d4f, 93
1652706669.220378, sdrt-health/mac:02010b41cdec/antenna/tag/e2806894000050038662154f, 88
1652706669.260568, sdrt-health/mac:02010b41cdec/antenna/tag/e28068940000400386621d4f, 90
1652706669.323716, sdrt-health/mac:02010b41cdec/antenna/tag/e2806894000050038662194f, 83
1652706669.324192, sdrt-health/mac:02010b41cdec/antenna/tag/e2806894000050038661fd4f, 86
1652706669.339254, sdrt-health/mac:02010b41cdec/antenna/tag/e2806894000050038662154f, 91
1652706669.374025, sdrt-health/mac:02010b41cdec/antenna/tag/e2806894000050038662194f, 87
1652706669.374389, sdrt-health/mac:02010b41cdec/antenna/tag/e2806894000040038662054f, 82
1652706669.390043, sdrt-health/mac:02010b41cdec/antenna/tag/e2806894000050038661fd4f, 83
1652706669.409813, sdrt-health/mac:02010b41cdec/antenna/tag/e28068940000500386620d4f, 87
1652706669.439827, sdrt-health/mac:02010b41cdec/antenna/tag/e2806894000040038662114f, 88
1652706669.440169, sdrt-health/mac:02010b41cdec/antenna/tag/e2806894000050038662154f, 88
1652706669.480945, sdrt-health/mac:02010b41cdec/antenna/tag/e2806894000040038662114f, 88
1652706669.54183, sdrt-health/mac:02010b41cdec/antenna/tag/e2806894000040038662114f, 88
1652706669.581976, sdrt-health/mac:02010b41cdec/antenna/tag/e2806894000050038661fd4f, 86
1652706669.662591, sdrt-health/mac:02010b41cdec/antenna/tag/e2806894000050038662154f, 97
1652706669.708389, sdrt-health/mac:02010b41cdec/antenna/tag/e2806894000040038662114f, 88
1652706669.750104, sdrt-health/mac:02010b41cdec/antenna/tag/e28068940000500386620d4f, 85
1652706669.798181, sdrt-health/mac:02010b41cdec/antenna/tag/e2806894000050038661fd4f, 86
1652706669.839988, sdrt-health/mac:02010b41cdec/antenna/tag/e2806894000040038662114f, 88
1652706669.895216, sdrt-health/mac:02010b41cdec/antenna/tag/e28068940000400386621d4f, 96
1652706669.895677, sdrt-health/mac:02010b41cdec/antenna/tag/e2806894000040038661f94f, 81
1652706669.929923, sdrt-health/mac:02010b41cdec/antenna/tag/e2806894000050038662154f, 85
1652706669.984577, sdrt-health/mac:02010b41cdec/antenna/tag/e2806894000050038661fd4f, 83
1652706669.985048, sdrt-health/mac:02010b41cdec/antenna/tag/e2806894000050038661fd4f, 83
1652706669.999845, sdrt-health/mac:02010b41cdec/antenna/tag/e2806894000040038661f94f, 110
1652706670.021376, sdrt-health/mac:02010b41cdec/antenna/tag/e28068940000400386621d4f, 96
1652706670.05275, sdrt-health/mac:02010b41cdec/antenna/tag/e2806894000050038662154f, 88
1652706670.053094, sdrt-health/mac:02010b41cdec/antenna/tag/e2806894000050038661fd4f, 83
1652706670.079246, sdrt-health/mac:02010b41cdec/antenna/tag/e2806894000040038662054f, 81
1652706670.12491, sdrt-health/mac:02010b41cdec/antenna/tag/e28068940000500386620d4f, 93
1652706670.125172, sdrt-health/mac:02010b41cdec/antenna/tag/e2806894000050038662154f, 88
1652706670.160692, sdrt-health/mac:02010b41cdec/antenna/tag/e28068940000500386620d4f, 88
1652706670.2016, sdrt-health/mac:02010b41cdec/antenna/tag/e2806894000040038662054f, 94
1652706670.257027, sdrt-health/mac:02010b41cdec/antenna/tag/e2806894000040038662114f, 91
1652706670.257532, sdrt-health/mac:02010b41cdec/antenna/tag/e2806894000050038662154f, 88
1652706670.290691, sdrt-health/mac:02010b41cdec/antenna/tag/e2806894000040038662114f, 91
1652706670.330968, sdrt-health/mac:02010b41cdec/antenna/tag/e2806894000050038662194f, 81
1652706670.384982, sdrt-health/mac:02010b41cdec/antenna/tag/e2806894000040038662114f, 91
1652706670.385271, sdrt-health/mac:02010b41cdec/antenna/tag/e28068940000500386620d4f, 83
1652706670.409975, sdrt-health/mac:02010b41cdec/antenna/tag/e2806894000050038662154f, 85
1652706670.454275, sdrt-health/mac:02010b41cdec/antenna/tag/e28068940000400386621d4f, 77
1652706670.504517, sdrt-health/mac:02010b41cdec/antenna/tag/e2806894000050038662194f, 81
1652706670.505274, sdrt-health/mac:02010b41cdec/antenna/tag/e2806894000050038662154f, 88
1652706670.530892, sdrt-health/mac:02010b41cdec/antenna/tag/e2806894000050038661fd4f, 86
1652706670.560941, sdrt-health/mac:02010b41cdec/antenna/tag/e28068940000400386621d4f, 96
1652706670.561228, sdrt-health/mac:02010b41cdec/antenna/tag/e2806894000050038662194f, 81
1652706670.575402, sdrt-health/mac:02010b41cdec/antenna/tag/e28068940000500386620d4f, 93
1652706670.62011, sdrt-health/mac:02010b41cdec/antenna/tag/e2806894000050038662154f, 97
1652706670.68896, sdrt-health/mac:02010b41cdec/antenna/tag/e2806894000050038661fd4f, 86
1652706670.730781, sdrt-health/mac:02010b41cdec/antenna/tag/e2806894000040038662114f, 88
1652706670.796242, sdrt-health/mac:02010b41cdec/antenna/tag/e2806894000050038661fd4f, 86
1652706670.796771, sdrt-health/mac:02010b41cdec/antenna/tag/e2806894000050038662194f, 84
1652706670.903575, sdrt-health/mac:02010b41cdec/antenna/tag/e2806894000040038661f94f, 94
1652706670.939869, sdrt-health/mac:02010b41cdec/antenna/tag/e2806894000040038662114f, 85
1652706670.940618, sdrt-health/mac:02010b41cdec/antenna/tag/e28068940000400386621d4f, 77
1652706670.956094, sdrt-health/mac:02010b41cdec/antenna/tag/e2806894000050038662154f, 88
1652706670.956558, sdrt-health/mac:02010b41cdec/antenna/tag/e28068940000500386620d4f, 93
1652706670.957086, sdrt-health/mac:02010b41cdec/antenna/tag/e2806894000050038662154f, 91
1652706671.009232, sdrt-health/mac:02010b41cdec/antenna/tag/e2806894000050038662194f, 81
1652706671.064063, sdrt-health/mac:02010b41cdec/antenna/tag/e2806894000050038662194f, 83
1652706671.064528, sdrt-health/mac:02010b41cdec/antenna/tag/e2806894000040038662114f, 88
1652706671.079673, sdrt-health/mac:02010b41cdec/antenna/tag/e2806894000050038661fd4f, 86
1652706671.08014, sdrt-health/mac:02010b41cdec/antenna/tag/e28068940000500386620d4f, 87
1652706671.100523, sdrt-health/mac:02010b41cdec/antenna/tag/e2806894000050038662154f, 91
1652706671.149374, sdrt-health/mac:02010b41cdec/antenna/tag/e28068940000400386621d4f, 96
1652706671.190556, sdrt-health/mac:02010b41cdec/antenna/tag/e2806894000040038662114f, 88
1652706671.253576, sdrt-health/mac:02010b41cdec/antenna/tag/e2806894000040038662054f, 88
1652706671.254036, sdrt-health/mac:02010b41cdec/antenna/tag/e2806894000050038662154f, 91
1652706671.27856, sdrt-health/mac:02010b41cdec/antenna/tag/e28068940000400386621d4f, 96
1652706671.319251, sdrt-health/mac:02010b41cdec/antenna/tag/e28068940000400386621d4f, 77
1652706671.359091, sdrt-health/mac:02010b41cdec/antenna/tag/e2806894000040038662114f, 88
1652706671.400111, sdrt-health/mac:02010b41cdec/antenna/tag/e2806894000050038661fd4f, 86
1652706671.58179, sdrt-health/mac:02010b41cdec/antenna/tag/e28068940000400386621d4f, 77
1652706671.58233, sdrt-health/mac:02010b41cdec/antenna/tag/e28068940000500386620d4f, 83
1652706671.609818, sdrt-health/mac:02010b41cdec/antenna/tag/e2806894000040038662114f, 91
1652706671.648573, sdrt-health/mac:02010b41cdec/antenna/tag/e2806894000050038661fd4f, 86
1652706671.689451, sdrt-health/mac:02010b41cdec/antenna/tag/e28068940000500386620d4f, 83
1652706671.728908, sdrt-health/mac:02010b41cdec/antenna/tag/e2806894000050038662194f, 81
1652706671.770295, sdrt-health/mac:02010b41cdec/antenna/tag/e2806894000050038661fd4f, 83
1652706671.809745, sdrt-health/mac:02010b41cdec/antenna/tag/e28068940000500386620d4f, 87
1652706671.849194, sdrt-health/mac:02010b41cdec/antenna/tag/e2806894000040038662114f, 88
1652706671.890079, sdrt-health/mac:02010b41cdec/antenna/tag/e28068940000400386621d4f, 77
1652706671.919312, sdrt-health/mac:02010b41cdec/antenna/tag/e2806894000050038661fd4f, 83
1652706671.919895, sdrt-health/mac:02010b41cdec/antenna/tag/e28068940000400386621d4f, 77
1652706671.933255, sdrt-health/mac:02010b41cdec/antenna/tag/e2806894000050038661fd4f, 83
1652706671.977831, sdrt-health/mac:02010b41cdec/antenna/tag/e28068940000400386621d4f, 96
1652706671.978543, sdrt-health/mac:02010b41cdec/antenna/tag/e2806894000050038661fd4f, 86
1652706671.992878, sdrt-health/mac:02010b41cdec/antenna/tag/e2806894000050038662154f, 91
1652706672.055337, sdrt-health/mac:02010b41cdec/antenna/tag/e2806894000050038662194f, 94
1652706672.083706, sdrt-health/mac:02010b41cdec/antenna/tag/e2806894000040038662114f, 88
1652706672.084002, sdrt-health/mac:02010b41cdec/antenna/tag/e28068940000500386620d4f, 85
1652706672.084205, sdrt-health/mac:02010b41cdec/antenna/tag/e28068940000400386621d4f, 96
1652706672.101314, sdrt-health/mac:02010b41cdec/antenna/tag/e28068940000500386620d4f, 83
1652706672.129628, sdrt-health/mac:02010b41cdec/antenna/tag/e2806894000050038661fd4f, 86
1652706672.129846, sdrt-health/mac:02010b41cdec/antenna/tag/e2806894000040038662114f, 91
1652706672.142931, sdrt-health/mac:02010b41cdec/antenna/tag/e2806894000050038662154f, 88
1652706672.143177, sdrt-health/mac:02010b41cdec/antenna/tag/e28068940000500386620d4f, 87
1652706672.19049, sdrt-health/mac:02010b41cdec/antenna/tag/e28068940000400386621d4f, 96
1652706672.239318, sdrt-health/mac:02010b41cdec/antenna/tag/e2806894000050038661fd4f, 86
1652706672.327983, sdrt-health/mac:02010b41cdec/antenna/tag/e2806894000040038662114f, 91
1652706672.328604, sdrt-health/mac:02010b41cdec/antenna/tag/e2806894000040038662114f, 91
1652706672.342017, sdrt-health/mac:02010b41cdec/antenna/tag/e28068940000400386621d4f, 96
1652706672.34257, sdrt-health/mac:02010b41cdec/antenna/tag/e2806894000050038662154f, 85
1652706672.342925, sdrt-health/mac:02010b41cdec/antenna/tag/e2806894000050038661fd4f, 86
1652706672.430074, sdrt-health/mac:02010b41cdec/antenna/tag/e28068940000500386620d4f, 81
1652706672.460571, sdrt-health/mac:02010b41cdec/antenna/tag/e2806894000040038662114f, 88
1652706672.461161, sdrt-health/mac:02010b41cdec/antenna/tag/e2806894000050038662194f, 81
1652706672.461473, sdrt-health/mac:02010b41cdec/antenna/tag/e2806894000050038661fd4f, 86
1652706672.491124, sdrt-health/mac:02010b41cdec/antenna/tag/e28068940000500386620d4f, 81
1652706672.519288, sdrt-health/mac:02010b41cdec/antenna/tag/e2806894000050038661fd4f, 86
1652706672.51954, sdrt-health/mac:02010b41cdec/antenna/tag/e2806894000040038662114f, 85
1652706672.519839, sdrt-health/mac:02010b41cdec/antenna/tag/e2806894000050038662154f, 88
1652706672.520056, sdrt-health/mac:02010b41cdec/antenna/tag/e28068940000400386621d4f, 96
1652706672.539864, sdrt-health/mac:02010b41cdec/antenna/tag/e2806894000050038662194f, 81
1652706672.61345, sdrt-health/mac:02010b41cdec/antenna/tag/e2806894000050038661fd4f, 86
1652706672.613919, sdrt-health/mac:02010b41cdec/antenna/tag/e2806894000040038662114f, 91
1652706672.61532, sdrt-health/mac:02010b41cdec/antenna/tag/e2806894000050038662154f, 97
1652706672.640399, sdrt-health/mac:02010b41cdec/antenna/tag/e28068940000500386620d4f, 87
1652706672.641122, sdrt-health/mac:02010b41cdec/antenna/tag/e2806894000040038662114f, 88
1652706672.689997, sdrt-health/mac:02010b41cdec/antenna/tag/e2806894000050038662154f, 88
1652706672.729179, sdrt-health/mac:02010b41cdec/antenna/tag/e2806894000040038662054f, 88
1652706672.779733, sdrt-health/mac:02010b41cdec/antenna/tag/e2806894000050038662194f, 94
1652706672.829499, sdrt-health/mac:02010b41cdec/antenna/tag/e2806894000040038662114f, 88
1652706672.867868, sdrt-health/mac:02010b41cdec/antenna/tag/e28068940000400386621d4f, 77
1652706672.917145, sdrt-health/mac:02010b41cdec/antenna/tag/e2806894000050038662194f, 82
1652706672.917654, sdrt-health/mac:02010b41cdec/antenna/tag/e2806894000050038662154f, 91
1652706672.973053, sdrt-health/mac:02010b41cdec/antenna/tag/e2806894000050038661fd4f, 86
1652706672.973592, sdrt-health/mac:02010b41cdec/antenna/tag/e2806894000040038662114f, 91
1652706672.988297, sdrt-health/mac:02010b41cdec/antenna/tag/e28068940000400386621d4f, 96
1652706672.999398, sdrt-health/mac:02010b41cdec/antenna/tag/e2806894000050038662194f, 88
1652706673.070542, sdrt-health/mac:02010b41cdec/antenna/tag/e2806894000050038661fd4f, 83
1652706673.108556, sdrt-health/mac:02010b41cdec/antenna/tag/e28068940000400386621d4f, 77
1652706673.160552, sdrt-health/mac:02010b41cdec/antenna/tag/e2806894000050038662154f, 88
1652706673.221854, sdrt-health/mac:02010b41cdec/antenna/tag/e2806894000040038662054f, 88
1652706673.22236, sdrt-health/mac:02010b41cdec/antenna/tag/e2806894000050038662194f, 81
1652706673.249152, sdrt-health/mac:02010b41cdec/antenna/tag/e2806894000040038662114f, 85
1652706673.313302, sdrt-health/mac:02010b41cdec/antenna/tag/e2806894000050038661fd4f, 83
1652706673.313736, sdrt-health/mac:02010b41cdec/antenna/tag/e2806894000040038662114f, 85
1652706673.32781, sdrt-health/mac:02010b41cdec/antenna/tag/e2806894000050038662154f, 85
1652706673.410019, sdrt-health/mac:02010b41cdec/antenna/tag/e2806894000040038662114f, 88
1652706673.478196, sdrt-health/mac:02010b41cdec/antenna/tag/e2806894000050038662154f, 97
1652706673.559911, sdrt-health/mac:02010b41cdec/antenna/tag/e2806894000050038662154f, 85
1652706673.607454, sdrt-health/mac:02010b41cdec/antenna/tag/e2806894000050038662194f, 81
1652706673.662451, sdrt-health/mac:02010b41cdec/antenna/tag/e2806894000050038661fd4f, 86
1652706673.663056, sdrt-health/mac:02010b41cdec/antenna/tag/e2806894000050038661fd4f, 86
1652706673.675743, sdrt-health/mac:02010b41cdec/antenna/tag/e28068940000400386621d4f, 96
1652706673.68937, sdrt-health/mac:02010b41cdec/antenna/tag/e28068940000500386620d4f, 81
1652706673.754142, sdrt-health/mac:02010b41cdec/antenna/tag/e28068940000500386620d4f, 81
1652706673.75466, sdrt-health/mac:02010b41cdec/antenna/tag/e2806894000040038662054f, 81
1652706673.789227, sdrt-health/mac:02010b41cdec/antenna/tag/e2806894000040038662114f, 91
1652706673.828855, sdrt-health/mac:02010b41cdec/antenna/tag/e28068940000500386620d4f, 84
1652706673.870517, sdrt-health/mac:02010b41cdec/antenna/tag/e28068940000500386620d4f, 88
1652706673.90956, sdrt-health/mac:02010b41cdec/antenna/tag/e28068940000500386620d4f, 84
1652706673.949643, sdrt-health/mac:02010b41cdec/antenna/tag/e2806894000050038662154f, 88
1652706674.01905, sdrt-health/mac:02010b41cdec/antenna/tag/e2806894000050038662154f, 88
1652706674.069244, sdrt-health/mac:02010b41cdec/antenna/tag/e2806894000050038662154f, 91
1652706674.133748, sdrt-health/mac:02010b41cdec/antenna/tag/e2806894000050038661fd4f, 86
1652706674.134225, sdrt-health/mac:02010b41cdec/antenna/tag/e2806894000050038661fd4f, 86
1652706674.159553, sdrt-health/mac:02010b41cdec/antenna/tag/e2806894000040038662054f, 81
1652706674.201166, sdrt-health/mac:02010b41cdec/antenna/tag/e2806894000050038662194f, 84
1652706674.239769, sdrt-health/mac:02010b41cdec/antenna/tag/e2806894000050038662154f, 88
1652706674.279162, sdrt-health/mac:02010b41cdec/antenna/tag/e2806894000040038662054f, 81
1652706674.318891, sdrt-health/mac:02010b41cdec/antenna/tag/e2806894000050038661fd4f, 86
1652706674.381103, sdrt-health/mac:02010b41cdec/antenna/tag/e2806894000050038661fd4f, 83
1652706674.381595, sdrt-health/mac:02010b41cdec/antenna/tag/e2806894000050038662194f, 83
1652706674.396218, sdrt-health/mac:02010b41cdec/antenna/tag/e2806894000050038662194f, 83
1652706674.409371, sdrt-health/mac:02010b41cdec/antenna/tag/e2806894000050038662154f, 88
1652706674.459834, sdrt-health/mac:02010b41cdec/antenna/tag/e28068940000500386620d4f, 81
1652706674.508031, sdrt-health/mac:02010b41cdec/antenna/tag/e2806894000050038662194f, 87
1652706674.564656, sdrt-health/mac:02010b41cdec/antenna/tag/e2806894000050038662154f, 91
1652706674.565124, sdrt-health/mac:02010b41cdec/antenna/tag/e2806894000050038662154f, 88
1652706674.600106, sdrt-health/mac:02010b41cdec/antenna/tag/e28068940000500386620d4f, 84
1652706674.64111, sdrt-health/mac:02010b41cdec/antenna/tag/e2806894000050038661fd4f, 83
1652706674.69477, sdrt-health/mac:02010b41cdec/antenna/tag/e2806894000050038662194f, 83
1652706674.695282, sdrt-health/mac:02010b41cdec/antenna/tag/e28068940000500386620d4f, 83
1652706674.718936, sdrt-health/mac:02010b41cdec/antenna/tag/e28068940000400386621d4f, 96
1652706674.767266, sdrt-health/mac:02010b41cdec/antenna/tag/e2806894000050038661fd4f, 83
1652706674.795025, sdrt-health/mac:02010b41cdec/antenna/tag/e2806894000050038662154f, 91
1652706674.795285, sdrt-health/mac:02010b41cdec/antenna/tag/e2806894000050038662154f, 88
1652706674.810796, sdrt-health/mac:02010b41cdec/antenna/tag/e2806894000050038662154f, 88
1652706674.811088, sdrt-health/mac:02010b41cdec/antenna/tag/e2806894000040038662054f, 110
1652706674.858511, sdrt-health/mac:02010b41cdec/antenna/tag/e2806894000040038662114f, 88
1652706674.900525, sdrt-health/mac:02010b41cdec/antenna/tag/e2806894000040038662114f, 88
1652706674.900943, sdrt-health/mac:02010b41cdec/antenna/tag/e28068940000500386620d4f, 103
1652706674.966728, sdrt-health/mac:02010b41cdec/antenna/tag/e28068940000500386620d4f, 83
1652706675.010228, sdrt-health/mac:02010b41cdec/antenna/tag/e28068940000500386620d4f, 81
1652706675.071235, sdrt-health/mac:02010b41cdec/antenna/tag/e2806894000040038662054f, 81
1652706675.071704, sdrt-health/mac:02010b41cdec/antenna/tag/e2806894000040038662114f, 91
1652706675.07205, sdrt-health/mac:02010b41cdec/antenna/tag/e2806894000040038662114f, 91
1652706675.1011, sdrt-health/mac:02010b41cdec/antenna/tag/e2806894000050038662154f, 88
1652706675.153552, sdrt-health/mac:02010b41cdec/antenna/tag/e28068940000500386620d4f, 94
1652706675.154081, sdrt-health/mac:02010b41cdec/antenna/tag/e28068940000500386620d4f, 94
1652706675.167734, sdrt-health/mac:02010b41cdec/antenna/tag/e2806894000050038662154f, 91
1652706675.209435, sdrt-health/mac:02010b41cdec/antenna/tag/e28068940000400386621d4f, 96
1652706675.24996, sdrt-health/mac:02010b41cdec/antenna/tag/e2806894000040038662114f, 88
1652706675.366961, sdrt-health/mac:02010b41cdec/antenna/tag/e28068940000400386621d4f, 96
1652706675.619835, sdrt-health/mac:02010b41cdec/antenna/tag/e2806894000050038662154f, 91
1652706675.681969, sdrt-health/mac:02010b41cdec/antenna/tag/e2806894000040038662114f, 88
1652706675.682441, sdrt-health/mac:02010b41cdec/antenna/tag/e2806894000040038662114f, 88
1652706675.696698, sdrt-health/mac:02010b41cdec/antenna/tag/e2806894000040038662114f, 85
1652706675.697266, sdrt-health/mac:02010b41cdec/antenna/tag/e28068940000400386621d4f, 77
1652706675.697571, sdrt-health/mac:02010b41cdec/antenna/tag/e28068940000500386620d4f, 88
1652706675.716457, sdrt-health/mac:02010b41cdec/antenna/tag/e2806894000050038662194f, 87
1652706675.716684, sdrt-health/mac:02010b41cdec/antenna/tag/e2806894000050038662194f, 88
1652706675.716779, sdrt-health/mac:02010b41cdec/antenna/tag/e2806894000050038662194f, 81
1652706675.716905, sdrt-health/mac:02010b41cdec/antenna/tag/e28068940000400386621d4f, 96
1652706675.717027, sdrt-health/mac:02010b41cdec/antenna/tag/e2806894000040038662114f, 88
1652706675.717141, sdrt-health/mac:02010b41cdec/antenna/tag/e28068940000500386620d4f, 93
1652706675.760228, sdrt-health/mac:02010b41cdec/antenna/tag/e2806894000050038662154f, 91
1652706675.799804, sdrt-health/mac:02010b41cdec/antenna/tag/e2806894000040038662114f, 91
1652706675.862167, sdrt-health/mac:02010b41cdec/antenna/tag/e2806894000050038662194f, 83
1652706675.862594, sdrt-health/mac:02010b41cdec/antenna/tag/e28068940000500386620d4f, 93
1652706675.888769, sdrt-health/mac:02010b41cdec/antenna/tag/e28068940000500386620d4f, 85
1652706675.929687, sdrt-health/mac:02010b41cdec/antenna/tag/e2806894000050038661fd4f, 83
1652706675.98295, sdrt-health/mac:02010b41cdec/antenna/tag/e28068940000400386621d4f, 96
1652706675.983444, sdrt-health/mac:02010b41cdec/antenna/tag/e28068940000500386620d4f, 93
1652706676.010206, sdrt-health/mac:02010b41cdec/antenna/tag/e2806894000040038661f94f, 94
1652706676.073832, sdrt-health/mac:02010b41cdec/antenna/tag/e28068940000400386621d4f, 96
1652706676.074301, sdrt-health/mac:02010b41cdec/antenna/tag/e28068940000500386620d4f, 83
1652706676.090633, sdrt-health/mac:02010b41cdec/antenna/tag/e2806894000050038662154f, 91
1652706676.116611, sdrt-health/mac:02010b41cdec/antenna/tag/e2806894000040038662114f, 91
1652706676.160241, sdrt-health/mac:02010b41cdec/antenna/tag/e2806894000050038662154f, 91
1652706676.284255, sdrt-health/mac:02010b41cdec/antenna/tag/e28068940000500386620d4f, 85
1652706676.284727, sdrt-health/mac:02010b41cdec/antenna/tag/e2806894000040038662114f, 88
1652706676.29902, sdrt-health/mac:02010b41cdec/antenna/tag/e28068940000400386621d4f, 96
1652706676.299434, sdrt-health/mac:02010b41cdec/antenna/tag/e28068940000500386620d4f, 81
1652706676.310226, sdrt-health/mac:02010b41cdec/antenna/tag/e28068940000400386621d4f, 96
1652706676.314755, sdrt-health/mac:02010b41cdec/antenna/tag/e28068940000400386621d4f, 96
1652706676.315002, sdrt-health/mac:02010b41cdec/antenna/tag/e2806894000050038662154f, 91
1652706676.34933, sdrt-health/mac:02010b41cdec/antenna/tag/e2806894000040038662114f, 85
1652706676.39793, sdrt-health/mac:02010b41cdec/antenna/tag/e2806894000040038661f94f, 94
1652706676.455577, sdrt-health/mac:02010b41cdec/antenna/tag/e28068940000400386621d4f, 77
1652706676.456046, sdrt-health/mac:02010b41cdec/antenna/tag/e28068940000500386620d4f, 83
1652706676.470387, sdrt-health/mac:02010b41cdec/antenna/tag/e2806894000040038662114f, 85
1652706676.523283, sdrt-health/mac:02010b41cdec/antenna/tag/e2806894000040038662054f, 84
1652706676.523515, sdrt-health/mac:02010b41cdec/antenna/tag/e2806894000040038662114f, 88
1652706676.55875, sdrt-health/mac:02010b41cdec/antenna/tag/e28068940000500386620d4f, 83
1652706676.65354, sdrt-health/mac:02010b41cdec/antenna/tag/e2806894000050038662154f, 91
1652706676.653907, sdrt-health/mac:02010b41cdec/antenna/tag/e2806894000050038662154f, 97
1652706676.697612, sdrt-health/mac:02010b41cdec/antenna/tag/e2806894000040038662054f, 82
1652706676.757965, sdrt-health/mac:02010b41cdec/antenna/tag/e2806894000050038662154f, 88
1652706676.82337, sdrt-health/mac:02010b41cdec/antenna/tag/e2806894000050038661fd4f, 86
1652706676.823576, sdrt-health/mac:02010b41cdec/antenna/tag/e2806894000040038662054f, 94
1652706676.857351, sdrt-health/mac:02010b41cdec/antenna/tag/e28068940000500386620d4f, 81
1652706676.900839, sdrt-health/mac:02010b41cdec/antenna/tag/e2806894000040038662114f, 88
1652706676.972082, sdrt-health/mac:02010b41cdec/antenna/tag/e2806894000050038662154f, 85
1652706676.972366, sdrt-health/mac:02010b41cdec/antenna/tag/e2806894000050038662154f, 85
1652706676.986349, sdrt-health/mac:02010b41cdec/antenna/tag/e2806894000040038662114f, 88
1652706677.009812, sdrt-health/mac:02010b41cdec/antenna/tag/e28068940000500386620d4f, 94
1652706677.063038, sdrt-health/mac:02010b41cdec/antenna/tag/e2806894000050038661fd4f, 83
1652706677.063271, sdrt-health/mac:02010b41cdec/antenna/tag/e2806894000050038662194f, 81
1652706677.096885, sdrt-health/mac:02010b41cdec/antenna/tag/e2806894000040038662114f, 88
1652706677.097246, sdrt-health/mac:02010b41cdec/antenna/tag/e2806894000050038662194f, 81
1652706677.149314, sdrt-health/mac:02010b41cdec/antenna/tag/e2806894000050038661fd4f, 86
1652706677.189165, sdrt-health/mac:02010b41cdec/antenna/tag/e28068940000400386621d4f, 96
1652706677.243881, sdrt-health/mac:02010b41cdec/antenna/tag/e28068940000400386621d4f, 96
1652706677.244393, sdrt-health/mac:02010b41cdec/antenna/tag/e2806894000050038662154f, 91
1652706677.258752, sdrt-health/mac:02010b41cdec/antenna/tag/e2806894000050038662154f, 88
1652706677.270052, sdrt-health/mac:02010b41cdec/antenna/tag/e2806894000050038662154f, 85
1652706677.327549, sdrt-health/mac:02010b41cdec/antenna/tag/e28068940000400386621d4f, 77
1652706677.384195, sdrt-health/mac:02010b41cdec/antenna/tag/e28068940000500386620d4f, 81
1652706677.384655, sdrt-health/mac:02010b41cdec/antenna/tag/e2806894000040038661f94f, 82
1652706677.420047, sdrt-health/mac:02010b41cdec/antenna/tag/e2806894000050038661fd4f, 86
1652706677.482183, sdrt-health/mac:02010b41cdec/antenna/tag/e2806894000050038661fd4f, 86
1652706677.482659, sdrt-health/mac:02010b41cdec/antenna/tag/e28068940000400386621d4f, 96
1652706677.496478, sdrt-health/mac:02010b41cdec/antenna/tag/e2806894000050038661fd4f, 86
1652706677.509372, sdrt-health/mac:02010b41cdec/antenna/tag/e2806894000050038662194f, 81
1652706677.510308, sdrt-health/mac:02010b41cdec/antenna/tag/e2806894000050038661fd4f, 83
1652706677.54892, sdrt-health/mac:02010b41cdec/antenna/tag/e2806894000050038661fd4f, 90
1652706677.597278, sdrt-health/mac:02010b41cdec/antenna/tag/e2806894000040038662114f, 91
1652706677.712215, sdrt-health/mac:02010b41cdec/antenna/tag/e2806894000040038662114f, 88
1652706677.712689, sdrt-health/mac:02010b41cdec/antenna/tag/e28068940000400386621d4f, 96
1652706677.748724, sdrt-health/mac:02010b41cdec/antenna/tag/e2806894000050038661fd4f, 86
1652706677.776943, sdrt-health/mac:02010b41cdec/antenna/tag/e28068940000500386620d4f, 87
1652706677.777129, sdrt-health/mac:02010b41cdec/antenna/tag/e2806894000040038662114f, 88
1652706677.792359, sdrt-health/mac:02010b41cdec/antenna/tag/e2806894000040038662054f, 84
1652706677.828993, sdrt-health/mac:02010b41cdec/antenna/tag/e2806894000050038662194f, 87
1652706677.877997, sdrt-health/mac:02010b41cdec/antenna/tag/e2806894000050038662194f, 87
1652706677.976451, sdrt-health/mac:02010b41cdec/antenna/tag/e2806894000040038662054f, 83
1652706678.034981, sdrt-health/mac:02010b41cdec/antenna/tag/e28068940000500386620d4f, 81
1652706678.072029, sdrt-health/mac:02010b41cdec/antenna/tag/e2806894000040038662114f, 88
1652706678.072486, sdrt-health/mac:02010b41cdec/antenna/tag/e2806894000040038662114f, 88
1652706678.087862, sdrt-health/mac:02010b41cdec/antenna/tag/e2806894000040038662114f, 91
1652706678.088212, sdrt-health/mac:02010b41cdec/antenna/tag/e28068940000400386621d4f, 90
1652706678.129183, sdrt-health/mac:02010b41cdec/antenna/tag/e28068940000500386620d4f, 87
1652706678.184807, sdrt-health/mac:02010b41cdec/antenna/tag/e28068940000400386621d4f, 96
1652706678.185268, sdrt-health/mac:02010b41cdec/antenna/tag/e2806894000050038662154f, 88
1652706678.219894, sdrt-health/mac:02010b41cdec/antenna/tag/e28068940000500386620d4f, 81
1652706678.283181, sdrt-health/mac:02010b41cdec/antenna/tag/e2806894000050038662154f, 85
1652706678.283552, sdrt-health/mac:02010b41cdec/antenna/tag/e2806894000050038661fd4f, 86
1652706678.3308, sdrt-health/mac:02010b41cdec/antenna/tag/e28068940000500386620d4f, 87
1652706678.370369, sdrt-health/mac:02010b41cdec/antenna/tag/e28068940000400386621d4f, 77
1652706678.423823, sdrt-health/mac:02010b41cdec/antenna/tag/e2806894000050038662154f, 85
1652706678.424295, sdrt-health/mac:02010b41cdec/antenna/tag/e2806894000050038661fd4f, 83
1652706678.488212, sdrt-health/mac:02010b41cdec/antenna/tag/e28068940000400386621d4f, 96
1652706678.529542, sdrt-health/mac:02010b41cdec/antenna/tag/e28068940000500386620d4f, 93
1652706678.568622, sdrt-health/mac:02010b41cdec/antenna/tag/e2806894000040038662054f, 94
1652706678.609501, sdrt-health/mac:02010b41cdec/antenna/tag/e28068940000500386620d4f, 93
1652706678.673371, sdrt-health/mac:02010b41cdec/antenna/tag/e2806894000050038662154f, 88
1652706678.673849, sdrt-health/mac:02010b41cdec/antenna/tag/e28068940000400386621d4f, 90
1652706678.675336, sdrt-health/mac:02010b41cdec/antenna/tag/e28068940000500386620d4f, 87
1652706678.676247, sdrt-health/mac:02010b41cdec/antenna/tag/e2806894000040038661f94f, 94
1652706678.700308, sdrt-health/mac:02010b41cdec/antenna/tag/e2806894000050038661fd4f, 86
1652706678.757105, sdrt-health/mac:02010b41cdec/antenna/tag/e2806894000040038662054f, 84
1652706678.813833, sdrt-health/mac:02010b41cdec/antenna/tag/e28068940000500386620d4f, 84
1652706678.814327, sdrt-health/mac:02010b41cdec/antenna/tag/e2806894000050038662154f, 88
1652706678.910652, sdrt-health/mac:02010b41cdec/antenna/tag/e2806894000050038661fd4f, 86
1652706678.95813, sdrt-health/mac:02010b41cdec/antenna/tag/e2806894000050038662154f, 88
1652706678.999753, sdrt-health/mac:02010b41cdec/antenna/tag/e2806894000050038662154f, 85
1652706679.028365, sdrt-health/mac:02010b41cdec/antenna/tag/e2806894000050038662154f, 91
1652706679.028723, sdrt-health/mac:02010b41cdec/antenna/tag/e2806894000050038661fd4f, 86
1652706679.04335, sdrt-health/mac:02010b41cdec/antenna/tag/e2806894000050038662194f, 87
1652706679.043562, sdrt-health/mac:02010b41cdec/antenna/tag/e2806894000040038662114f, 91
1652706679.090529, sdrt-health/mac:02010b41cdec/antenna/tag/e28068940000500386620d4f, 87
1652706679.147547, sdrt-health/mac:02010b41cdec/antenna/tag/e2806894000050038662154f, 91
1652706679.148047, sdrt-health/mac:02010b41cdec/antenna/tag/e28068940000400386621d4f, 96
1652706679.190586, sdrt-health/mac:02010b41cdec/antenna/tag/e2806894000050038661fd4f, 83
1652706679.254284, sdrt-health/mac:02010b41cdec/antenna/tag/e28068940000400386621d4f, 96
1652706679.254849, sdrt-health/mac:02010b41cdec/antenna/tag/e2806894000050038661fd4f, 83
1652706679.269216, sdrt-health/mac:02010b41cdec/antenna/tag/e2806894000040038662054f, 94
1652706679.279806, sdrt-health/mac:02010b41cdec/antenna/tag/e2806894000050038661fd4f, 83
1652706679.28285, sdrt-health/mac:02010b41cdec/antenna/tag/e2806894000050038662194f, 81
1652706679.283214, sdrt-health/mac:02010b41cdec/antenna/tag/e2806894000040038662114f, 85
1652706679.319209, sdrt-health/mac:02010b41cdec/antenna/tag/e28068940000400386621d4f, 96
1652706679.377031, sdrt-health/mac:02010b41cdec/antenna/tag/e2806894000040038662114f, 88
1652706679.489637, sdrt-health/mac:02010b41cdec/antenna/tag/e2806894000040038661f94f, 88
1652706679.540933, sdrt-health/mac:02010b41cdec/antenna/tag/e2806894000050038662194f, 81
1652706679.61058, sdrt-health/mac:02010b41cdec/antenna/tag/e2806894000050038661fd4f, 86
1652706679.611044, sdrt-health/mac:02010b41cdec/antenna/tag/e2806894000040038662114f, 88
1652706679.640026, sdrt-health/mac:02010b41cdec/antenna/tag/e2806894000040038662054f, 88
1652706679.692312, sdrt-health/mac:02010b41cdec/antenna/tag/e2806894000050038661fd4f, 83
1652706679.692774, sdrt-health/mac:02010b41cdec/antenna/tag/e2806894000050038662154f, 88
1652706679.719173, sdrt-health/mac:02010b41cdec/antenna/tag/e2806894000050038661fd4f, 83
1652706679.759874, sdrt-health/mac:02010b41cdec/antenna/tag/e2806894000050038662194f, 94
1652706679.799227, sdrt-health/mac:02010b41cdec/antenna/tag/e2806894000050038662154f, 85
1652706679.84823, sdrt-health/mac:02010b41cdec/antenna/tag/e2806894000050038662194f, 81
1652706679.903822, sdrt-health/mac:02010b41cdec/antenna/tag/e28068940000400386621d4f, 77
1652706679.904325, sdrt-health/mac:02010b41cdec/antenna/tag/e28068940000400386621d4f, 90
1652706679.917164, sdrt-health/mac:02010b41cdec/antenna/tag/e2806894000050038662154f, 88
1652706679.917385, sdrt-health/mac:02010b41cdec/antenna/tag/e2806894000040038662114f, 91
1652706679.937012, sdrt-health/mac:02010b41cdec/antenna/tag/e2806894000050038662194f, 81
1652706679.993699, sdrt-health/mac:02010b41cdec/antenna/tag/e2806894000050038662154f, 91
1652706679.994246, sdrt-health/mac:02010b41cdec/antenna/tag/e2806894000040038662114f, 88
1652706680.019574, sdrt-health/mac:02010b41cdec/antenna/tag/e2806894000050038662194f, 94
1652706680.059105, sdrt-health/mac:02010b41cdec/antenna/tag/e2806894000050038662154f, 88
1652706680.115603, sdrt-health/mac:02010b41cdec/antenna/tag/e28068940000500386620d4f, 81
1652706680.116084, sdrt-health/mac:02010b41cdec/antenna/tag/e2806894000050038662194f, 81
1652706680.159058, sdrt-health/mac:02010b41cdec/antenna/tag/e2806894000040038662114f, 91
1652706680.199578, sdrt-health/mac:02010b41cdec/antenna/tag/e2806894000050038662154f, 91
1652706680.240472, sdrt-health/mac:02010b41cdec/antenna/tag/e28068940000500386620d4f, 84
1652706680.305604, sdrt-health/mac:02010b41cdec/antenna/tag/e28068940000400386621d4f, 96
1652706680.306145, sdrt-health/mac:02010b41cdec/antenna/tag/e2806894000050038662194f, 81
1652706680.32012, sdrt-health/mac:02010b41cdec/antenna/tag/e2806894000040038662114f, 85
1652706680.338168, sdrt-health/mac:02010b41cdec/antenna/tag/e28068940000400386621d4f, 96
1652706680.370722, sdrt-health/mac:02010b41cdec/antenna/tag/e2806894000050038662154f, 88
1652706680.408503, sdrt-health/mac:02010b41cdec/antenna/tag/e2806894000040038662114f, 88
1652706680.449337, sdrt-health/mac:02010b41cdec/antenna/tag/e2806894000040038662114f, 88
1652706680.488629, sdrt-health/mac:02010b41cdec/antenna/tag/e28068940000400386621d4f, 77
1652706680.538009, sdrt-health/mac:02010b41cdec/antenna/tag/e28068940000500386620d4f, 87
1652706680.60352, sdrt-health/mac:02010b41cdec/antenna/tag/e2806894000040038662114f, 88
1652706680.604036, sdrt-health/mac:02010b41cdec/antenna/tag/e2806894000050038661fd4f, 86
1652706680.616422, sdrt-health/mac:02010b41cdec/antenna/tag/e28068940000400386621d4f, 90
1652706680.628992, sdrt-health/mac:02010b41cdec/antenna/tag/e2806894000040038662054f, 88
1652706680.76628, sdrt-health/mac:02010b41cdec/antenna/tag/e2806894000050038661fd4f, 86
1652706680.825202, sdrt-health/mac:02010b41cdec/antenna/tag/e2806894000050038661fd4f, 86
1652706680.825737, sdrt-health/mac:02010b41cdec/antenna/tag/e2806894000040038662114f, 91
1652706680.826105, sdrt-health/mac:02010b41cdec/antenna/tag/e2806894000040038662054f, 84
1652706680.867922, sdrt-health/mac:02010b41cdec/antenna/tag/e2806894000050038661fd4f, 83
1652706680.909264, sdrt-health/mac:02010b41cdec/antenna/tag/e2806894000040038662054f, 81
1652706680.950186, sdrt-health/mac:02010b41cdec/antenna/tag/e2806894000050038662194f, 81
1652706681.003712, sdrt-health/mac:02010b41cdec/antenna/tag/e2806894000040038662054f, 83
1652706681.00422, sdrt-health/mac:02010b41cdec/antenna/tag/e2806894000040038662054f, 81
1652706681.077668, sdrt-health/mac:02010b41cdec/antenna/tag/e2806894000050038662154f, 88
1652706681.128074, sdrt-health/mac:02010b41cdec/antenna/tag/e2806894000050038661fd4f, 83
1652706681.182031, sdrt-health/mac:02010b41cdec/antenna/tag/e28068940000400386621d4f, 96
1652706681.219719, sdrt-health/mac:02010b41cdec/antenna/tag/e28068940000400386621d4f, 96
1652706681.269616, sdrt-health/mac:02010b41cdec/antenna/tag/e28068940000500386620d4f, 87
1652706681.310783, sdrt-health/mac:02010b41cdec/antenna/tag/e28068940000400386621d4f, 77
1652706681.542673, sdrt-health/mac:02010b41cdec/antenna/tag/e2806894000040038662114f, 88
1652706681.57141, sdrt-health/mac:02010b41cdec/antenna/tag/e2806894000050038662194f, 81
1652706681.571867, sdrt-health/mac:02010b41cdec/antenna/tag/e28068940000500386620d4f, 82
1652706681.599385, sdrt-health/mac:02010b41cdec/antenna/tag/e28068940000500386620d4f, 81
1652706681.62666, sdrt-health/mac:02010b41cdec/antenna/tag/e2806894000040038662114f, 88
1652706681.62693, sdrt-health/mac:02010b41cdec/antenna/tag/e2806894000040038662114f, 88
1652706681.627112, sdrt-health/mac:02010b41cdec/antenna/tag/e2806894000040038662054f, 94
1652706681.627306, sdrt-health/mac:02010b41cdec/antenna/tag/e2806894000050038661fd4f, 86
1652706681.639553, sdrt-health/mac:02010b41cdec/antenna/tag/e28068940000400386621d4f, 96
1652706681.639799, sdrt-health/mac:02010b41cdec/antenna/tag/e2806894000040038662114f, 88
1652706681.881893, sdrt-health/mac:02010b41cdec/antenna/tag/e28068940000400386621d4f, 96
1652706682.055898, sdrt-health/mac:02010b41cdec/antenna/tag/e28068940000400386621d4f, 96
1652706682.056373, sdrt-health/mac:02010b41cdec/antenna/tag/e28068940000500386620d4f, 94
1652706682.06995, sdrt-health/mac:02010b41cdec/antenna/tag/e2806894000040038662114f, 97
1652706682.07141, sdrt-health/mac:02010b41cdec/antenna/tag/e28068940000400386621d4f, 96
1652706682.071957, sdrt-health/mac:02010b41cdec/antenna/tag/e2806894000050038662154f, 91
1652706682.142035, sdrt-health/mac:02010b41cdec/antenna/tag/e28068940000400386621d4f, 96
1652706682.174658, sdrt-health/mac:02010b41cdec/antenna/tag/e2806894000040038662054f, 81
1652706682.175227, sdrt-health/mac:02010b41cdec/antenna/tag/e2806894000040038662114f, 88
1652706682.278695, sdrt-health/mac:02010b41cdec/antenna/tag/e2806894000040038662114f, 85
1652706682.306769, sdrt-health/mac:02010b41cdec/antenna/tag/e2806894000050038662154f, 88
1652706682.307254, sdrt-health/mac:02010b41cdec/antenna/tag/e2806894000050038662194f, 83
1652706682.307549, sdrt-health/mac:02010b41cdec/antenna/tag/e2806894000050038661fd4f, 83
1652706682.307751, sdrt-health/mac:02010b41cdec/antenna/tag/e2806894000050038662194f, 88
1652706682.320602, sdrt-health/mac:02010b41cdec/antenna/tag/e2806894000050038662154f, 91
1652706682.321087, sdrt-health/mac:02010b41cdec/antenna/tag/e2806894000040038662114f, 88
1652706682.321382, sdrt-health/mac:02010b41cdec/antenna/tag/e2806894000050038661fd4f, 86
1652706682.37426, sdrt-health/mac:02010b41cdec/antenna/tag/e2806894000050038662154f, 91
1652706682.444168, sdrt-health/mac:02010b41cdec/antenna/tag/e2806894000050038661fd4f, 83
1652706682.444707, sdrt-health/mac:02010b41cdec/antenna/tag/e28068940000400386621d4f, 96
1652706682.458799, sdrt-health/mac:02010b41cdec/antenna/tag/e2806894000040038662054f, 81
1652706682.490962, sdrt-health/mac:02010b41cdec/antenna/tag/e2806894000050038661fd4f, 83
1652706682.491529, sdrt-health/mac:02010b41cdec/antenna/tag/e2806894000050038661fd4f, 86
1652706682.519551, sdrt-health/mac:02010b41cdec/antenna/tag/e2806894000040038662054f, 81
1652706682.587141, sdrt-health/mac:02010b41cdec/antenna/tag/e28068940000500386620d4f, 87
1652706682.64445, sdrt-health/mac:02010b41cdec/antenna/tag/e28068940000400386621d4f, 90
1652706682.645284, sdrt-health/mac:02010b41cdec/antenna/tag/e28068940000400386621d4f, 90
1652706682.720234, sdrt-health/mac:02010b41cdec/antenna/tag/e2806894000040038662114f, 88
1652706682.799353, sdrt-health/mac:02010b41cdec/antenna/tag/e28068940000400386621d4f, 96
1652706682.914646, sdrt-health/mac:02010b41cdec/antenna/tag/e2806894000040038662054f, 84
1652706682.915144, sdrt-health/mac:02010b41cdec/antenna/tag/e2806894000050038662154f, 88
1652706682.939806, sdrt-health/mac:02010b41cdec/antenna/tag/e2806894000040038662054f, 88
1652706683.009195, sdrt-health/mac:02010b41cdec/antenna/tag/e2806894000040038662114f, 91
1652706683.050936, sdrt-health/mac:02010b41cdec/antenna/tag/e2806894000050038662154f, 91
1652706683.118963, sdrt-health/mac:02010b41cdec/antenna/tag/e2806894000050038661fd4f, 86
1652706683.168223, sdrt-health/mac:02010b41cdec/antenna/tag/e2806894000050038662194f, 94
1652706683.22336, sdrt-health/mac:02010b41cdec/antenna/tag/e2806894000050038661fd4f, 86
1652706683.223642, sdrt-health/mac:02010b41cdec/antenna/tag/e28068940000400386621d4f, 96
1652706683.237212, sdrt-health/mac:02010b41cdec/antenna/tag/e2806894000050038661fd4f, 86
1652706683.249642, sdrt-health/mac:02010b41cdec/antenna/tag/e2806894000040038662114f, 91
1652706683.300538, sdrt-health/mac:02010b41cdec/antenna/tag/e2806894000050038661fd4f, 86
1652706683.347668, sdrt-health/mac:02010b41cdec/antenna/tag/e28068940000500386620d4f, 81
1652706683.454325, sdrt-health/mac:02010b41cdec/antenna/tag/e28068940000500386620d4f, 88
1652706683.454733, sdrt-health/mac:02010b41cdec/antenna/tag/e2806894000040038661f94f, 82
1652706683.5086, sdrt-health/mac:02010b41cdec/antenna/tag/e2806894000040038662114f, 88
1652706683.54904, sdrt-health/mac:02010b41cdec/antenna/tag/e2806894000050038662154f, 91
1652706683.609377, sdrt-health/mac:02010b41cdec/antenna/tag/e28068940000400386621d4f, 96
1652706683.609656, sdrt-health/mac:02010b41cdec/antenna/tag/e2806894000050038661fd4f, 83
1652706683.687095, sdrt-health/mac:02010b41cdec/antenna/tag/e2806894000040038662114f, 88
1652706683.732541, sdrt-health/mac:02010b41cdec/antenna/tag/e2806894000050038662194f, 83
1652706683.761561, sdrt-health/mac:02010b41cdec/antenna/tag/e2806894000050038662154f, 91
1652706683.761817, sdrt-health/mac:02010b41cdec/antenna/tag/e28068940000500386620d4f, 83
1652706683.775785, sdrt-health/mac:02010b41cdec/antenna/tag/e28068940000500386620d4f, 83
1652706683.810313, sdrt-health/mac:02010b41cdec/antenna/tag/e2806894000050038662154f, 88
1652706683.866954, sdrt-health/mac:02010b41cdec/antenna/tag/e28068940000400386621d4f, 77
1652706683.867195, sdrt-health/mac:02010b41cdec/antenna/tag/e2806894000050038662194f, 88
1652706683.880875, sdrt-health/mac:02010b41cdec/antenna/tag/e28068940000500386620d4f, 81
1652706683.913076, sdrt-health/mac:02010b41cdec/antenna/tag/e2806894000040038661f94f, 82
1652706683.913294, sdrt-health/mac:02010b41cdec/antenna/tag/e28068940000500386620d4f, 93
1652706683.93851, sdrt-health/mac:02010b41cdec/antenna/tag/e2806894000040038662114f, 88
1652706683.979298, sdrt-health/mac:02010b41cdec/antenna/tag/e2806894000050038662194f, 87
1652706684.018954, sdrt-health/mac:02010b41cdec/antenna/tag/e2806894000040038661f94f, 81
1652706684.061332, sdrt-health/mac:02010b41cdec/antenna/tag/e2806894000050038661fd4f, 90
1652706684.10806, sdrt-health/mac:02010b41cdec/antenna/tag/e28068940000400386621d4f, 96
1652706684.175541, sdrt-health/mac:02010b41cdec/antenna/tag/e2806894000040038662054f, 83
1652706684.176016, sdrt-health/mac:02010b41cdec/antenna/tag/e28068940000500386620d4f, 83
1652706684.209183, sdrt-health/mac:02010b41cdec/antenna/tag/e28068940000500386620d4f, 93
1652706684.257271, sdrt-health/mac:02010b41cdec/antenna/tag/e28068940000400386621d4f, 96
1652706684.300378, sdrt-health/mac:02010b41cdec/antenna/tag/e2806894000040038662054f, 88
1652706684.339684, sdrt-health/mac:02010b41cdec/antenna/tag/e2806894000050038661fd4f, 83
1652706684.381026, sdrt-health/mac:02010b41cdec/antenna/tag/e2806894000050038661fd4f, 83
1652706684.419521, sdrt-health/mac:02010b41cdec/antenna/tag/e2806894000050038661fd4f, 86
1652706684.459619, sdrt-health/mac:02010b41cdec/antenna/tag/e2806894000040038662054f, 83
1652706684.499569, sdrt-health/mac:02010b41cdec/antenna/tag/e28068940000400386621d4f, 96
1652706684.539342, sdrt-health/mac:02010b41cdec/antenna/tag/e28068940000400386621d4f, 90
1652706684.578618, sdrt-health/mac:02010b41cdec/antenna/tag/e28068940000500386620d4f, 94
1652706684.642821, sdrt-health/mac:02010b41cdec/antenna/tag/e2806894000040038662054f, 81
1652706684.643357, sdrt-health/mac:02010b41cdec/antenna/tag/e28068940000400386621d4f, 90
1652706684.656559, sdrt-health/mac:02010b41cdec/antenna/tag/e28068940000500386620d4f, 84
1652706684.71983, sdrt-health/mac:02010b41cdec/antenna/tag/e2806894000050038662194f, 81
1652706684.763465, sdrt-health/mac:02010b41cdec/antenna/tag/e2806894000050038662194f, 84
1652706684.831408, sdrt-health/mac:02010b41cdec/antenna/tag/e28068940000400386621d4f, 77
1652706684.831941, sdrt-health/mac:02010b41cdec/antenna/tag/e2806894000050038661fd4f, 83
1652706684.861173, sdrt-health/mac:02010b41cdec/antenna/tag/e2806894000050038661fd4f, 83
1652706684.861784, sdrt-health/mac:02010b41cdec/antenna/tag/e2806894000050038661fd4f, 83
1652706684.899637, sdrt-health/mac:02010b41cdec/antenna/tag/e2806894000050038662154f, 88
1652706684.927306, sdrt-health/mac:02010b41cdec/antenna/tag/e28068940000500386620d4f, 83
1652706684.927644, sdrt-health/mac:02010b41cdec/antenna/tag/e28068940000400386621d4f, 77
1652706684.989284, sdrt-health/mac:02010b41cdec/antenna/tag/e2806894000050038662194f, 81
1652706685.07939, sdrt-health/mac:02010b41cdec/antenna/tag/e2806894000040038661f94f, 94
1652706685.128759, sdrt-health/mac:02010b41cdec/antenna/tag/e2806894000050038661fd4f, 86
1652706685.36269, sdrt-health/mac:02010b41cdec/antenna/tag/e28068940000500386620d4f, 93
1652706685.386832, sdrt-health/mac:02010b41cdec/antenna/tag/e2806894000050038661fd4f, 86
1652706685.441668, sdrt-health/mac:02010b41cdec/antenna/tag/e2806894000040038662054f, 94
1652706685.442441, sdrt-health/mac:02010b41cdec/antenna/tag/e2806894000050038662154f, 91
1652706685.455297, sdrt-health/mac:02010b41cdec/antenna/tag/e2806894000050038661fd4f, 86
1652706685.456074, sdrt-health/mac:02010b41cdec/antenna/tag/e2806894000050038662194f, 81
1652706685.456296, sdrt-health/mac:02010b41cdec/antenna/tag/e2806894000040038662114f, 88
1652706685.456493, sdrt-health/mac:02010b41cdec/antenna/tag/e2806894000050038661fd4f, 86
1652706685.456696, sdrt-health/mac:02010b41cdec/antenna/tag/e28068940000400386621d4f, 96
1652706685.456867, sdrt-health/mac:02010b41cdec/antenna/tag/e28068940000400386621d4f, 77
1652706685.457022, sdrt-health/mac:02010b41cdec/antenna/tag/e2806894000040038662114f, 85
1652706685.457192, sdrt-health/mac:02010b41cdec/antenna/tag/e2806894000040038662114f, 93
1652706685.570038, sdrt-health/mac:02010b41cdec/antenna/tag/e2806894000040038662114f, 88
1652706685.597848, sdrt-health/mac:02010b41cdec/antenna/tag/e28068940000400386621d4f, 96
1652706685.598191, sdrt-health/mac:02010b41cdec/antenna/tag/e2806894000050038662154f, 85
1652706685.598424, sdrt-health/mac:02010b41cdec/antenna/tag/e28068940000400386621d4f, 96
1652706685.598634, sdrt-health/mac:02010b41cdec/antenna/tag/e2806894000050038662154f, 88
1652706685.598844, sdrt-health/mac:02010b41cdec/antenna/tag/e2806894000050038662194f, 81
1652706685.625101, sdrt-health/mac:02010b41cdec/antenna/tag/e2806894000050038661fd4f, 86
1652706685.625382, sdrt-health/mac:02010b41cdec/antenna/tag/e28068940000500386620d4f, 87
1652706685.671587, sdrt-health/mac:02010b41cdec/antenna/tag/e2806894000040038662114f, 88
1652706685.67266, sdrt-health/mac:02010b41cdec/antenna/tag/e2806894000040038662114f, 91
1652706685.68495, sdrt-health/mac:02010b41cdec/antenna/tag/e2806894000050038662154f, 91
1652706685.685175, sdrt-health/mac:02010b41cdec/antenna/tag/e2806894000040038662114f, 91
1652706685.719542, sdrt-health/mac:02010b41cdec/antenna/tag/e2806894000040038662114f, 88
1652706685.770307, sdrt-health/mac:02010b41cdec/antenna/tag/e2806894000050038661fd4f, 86
1652706685.823657, sdrt-health/mac:02010b41cdec/antenna/tag/e28068940000500386620d4f, 81
1652706685.82411, sdrt-health/mac:02010b41cdec/antenna/tag/e2806894000050038662194f, 83
1652706685.878939, sdrt-health/mac:02010b41cdec/antenna/tag/e28068940000400386621d4f, 96
1652706685.919859, sdrt-health/mac:02010b41cdec/antenna/tag/e2806894000050038661fd4f, 83
1652706685.960189, sdrt-health/mac:02010b41cdec/antenna/tag/e2806894000050038662154f, 88
1652706685.998839, sdrt-health/mac:02010b41cdec/antenna/tag/e2806894000050038662194f, 94
1652706686.054485, sdrt-health/mac:02010b41cdec/antenna/tag/e2806894000050038661fd4f, 86
1652706686.054927, sdrt-health/mac:02010b41cdec/antenna/tag/e28068940000400386621d4f, 77
1652706686.07641, sdrt-health/mac:02010b41cdec/antenna/tag/e2806894000050038662154f, 85
1652706686.076717, sdrt-health/mac:02010b41cdec/antenna/tag/e2806894000040038662114f, 85
1652706686.076994, sdrt-health/mac:02010b41cdec/antenna/tag/e28068940000500386620d4f, 81
1652706686.091779, sdrt-health/mac:02010b41cdec/antenna/tag/e2806894000050038661fd4f, 83
1652706686.129793, sdrt-health/mac:02010b41cdec/antenna/tag/e28068940000500386620d4f, 83
1652706686.183554, sdrt-health/mac:02010b41cdec/antenna/tag/e2806894000050038662154f, 88
1652706686.183942, sdrt-health/mac:02010b41cdec/antenna/tag/e2806894000040038662114f, 85
1652706686.184181, sdrt-health/mac:02010b41cdec/antenna/tag/e28068940000500386620d4f, 88
1652706686.210588, sdrt-health/mac:02010b41cdec/antenna/tag/e2806894000040038662114f, 88
1652706686.248909, sdrt-health/mac:02010b41cdec/antenna/tag/e28068940000400386621d4f, 77
1652706686.302162, sdrt-health/mac:02010b41cdec/antenna/tag/e28068940000500386620d4f, 81
1652706686.30285, sdrt-health/mac:02010b41cdec/antenna/tag/e2806894000050038662154f, 85
1652706686.328927, sdrt-health/mac:02010b41cdec/antenna/tag/e2806894000050038661fd4f, 86
1652706686.389588, sdrt-health/mac:02010b41cdec/antenna/tag/e2806894000050038662154f, 91
1652706686.431053, sdrt-health/mac:02010b41cdec/antenna/tag/e2806894000040038662114f, 88
1652706686.46985, sdrt-health/mac:02010b41cdec/antenna/tag/e2806894000050038662154f, 88
1652706686.517416, sdrt-health/mac:02010b41cdec/antenna/tag/e2806894000050038662154f, 88
1652706686.575734, sdrt-health/mac:02010b41cdec/antenna/tag/e2806894000050038662154f, 88
1652706686.576097, sdrt-health/mac:02010b41cdec/antenna/tag/e2806894000050038662154f, 88
1652706686.610246, sdrt-health/mac:02010b41cdec/antenna/tag/e2806894000050038661fd4f, 86
1652706686.673769, sdrt-health/mac:02010b41cdec/antenna/tag/e2806894000040038662114f, 85
1652706686.674242, sdrt-health/mac:02010b41cdec/antenna/tag/e2806894000040038662114f, 91
1652706686.701933, sdrt-health/mac:02010b41cdec/antenna/tag/e28068940000400386621d4f, 90
1652706686.800023, sdrt-health/mac:02010b41cdec/antenna/tag/e2806894000050038662154f, 88
1652706686.840735, sdrt-health/mac:02010b41cdec/antenna/tag/e2806894000050038661fd4f, 86
1652706686.887603, sdrt-health/mac:02010b41cdec/antenna/tag/e2806894000050038662154f, 91
1652706686.943229, sdrt-health/mac:02010b41cdec/antenna/tag/e2806894000050038662154f, 88
1652706686.990417, sdrt-health/mac:02010b41cdec/antenna/tag/e2806894000040038662114f, 85
1652706687.045013, sdrt-health/mac:02010b41cdec/antenna/tag/e2806894000050038661fd4f, 83
1652706687.045471, sdrt-health/mac:02010b41cdec/antenna/tag/e2806894000050038661fd4f, 90
1652706687.070116, sdrt-health/mac:02010b41cdec/antenna/tag/e28068940000500386620d4f, 81
1652706687.261658, sdrt-health/mac:02010b41cdec/antenna/tag/scan, scan stopped
