1652707097.54375, sdrt-health/mac:02010b41cdec/antenna/power/set, {"power": 290}
1652707098.598089, sdrt-health/mac:02010b41cdec/antenna/power/set, 
1652707102.565698, sdrt-health/mac:02010b41cdec/antenna/tag/scan, {"time": 20000}
1652707102.979523, sdrt-health/mac:02010b41cdec/antenna/tag/e2806894000040038662214f, 81
1652707103.019912, sdrt-health/mac:02010b41cdec/antenna/tag/e28068940000400386621d4f, 77
1652707103.049666, sdrt-health/mac:02010b41cdec/antenna/tag/e2806894000050038661fd4f, 83
1652707103.050025, sdrt-health/mac:02010b41cdec/antenna/tag/e28068940000400386621d4f, 96
1652707103.069634, sdrt-health/mac:02010b41cdec/antenna/tag/e2806894000050038662154f, 88
1652707103.098929, sdrt-health/mac:02010b41cdec/antenna/tag/e28068940000500386620d4f, 84
1652707103.099176, sdrt-health/mac:02010b41cdec/antenna/tag/e28068940000400386621d4f, 96
1652707103.11912, sdrt-health/mac:02010b41cdec/antenna/tag/e28068940000400386621d4f, 90
1652707103.119346, sdrt-health/mac:02010b41cdec/antenna/tag/e28068940000500386620d4f, 81
1652707103.119496, sdrt-health/mac:02010b41cdec/antenna/tag/e2806894000040038662114f, 91
1652707103.159137, sdrt-health/mac:02010b41cdec/antenna/tag/e28068940000400386621d4f, 96
1652707103.21524, sdrt-health/mac:02010b41cdec/antenna/tag/e2806894000040038662114f, 91
1652707103.215692, sdrt-health/mac:02010b41cdec/antenna/tag/e2806894000050038661fd4f, 86
1652707103.248767, sdrt-health/mac:02010b41cdec/antenna/tag/e2806894000050038661fd4f, 86
1652707103.303769, sdrt-health/mac:02010b41cdec/antenna/tag/e28068940000400386621d4f, 90
1652707103.304243, sdrt-health/mac:02010b41cdec/antenna/tag/e28068940000500386620d4f, 94
1652707103.318144, sdrt-health/mac:02010b41cdec/antenna/tag/e2806894000040038662114f, 88
1652707103.379685, sdrt-health/mac:02010b41cdec/antenna/tag/e2806894000050038662154f, 87
1652707103.417409, sdrt-health/mac:02010b41cdec/antenna/tag/e2806894000050038661fd4f, 83
1652707103.459287, sdrt-health/mac:02010b41cdec/antenna/tag/e2806894000040038662114f, 88
1652707103.506677, sdrt-health/mac:02010b41cdec/antenna/tag/e28068940000400386621d4f, 96
1652707103.551155, sdrt-health/mac:02010b41cdec/antenna/tag/e2806894000050038662194f, 81
1652707103.581442, sdrt-health/mac:02010b41cdec/antenna/tag/e2806894000040038662114f, 88
1652707103.581795, sdrt-health/mac:02010b41cdec/antenna/tag/e2806894000050038662194f, 84
1652707103.598187, sdrt-health/mac:02010b41cdec/antenna/tag/e2806894000050038661fd4f, 86
1652707103.647539, sdrt-health/mac:02010b41cdec/antenna/tag/e2806894000050038661fd4f, 83
1652707103.648831, sdrt-health/mac:02010b41cdec/antenna/tag/e28068940000400386621d4f, 77
1652707103.66275, sdrt-health/mac:02010b41cdec/antenna/tag/e2806894000050038661fd4f, 83
1652707103.688332, sdrt-health/mac:02010b41cdec/antenna/tag/e28068940000400386621d4f, 77
1652707103.778655, sdrt-health/mac:02010b41cdec/antenna/tag/e28068940000400386621d4f, 96
1652707103.828058, sdrt-health/mac:02010b41cdec/antenna/tag/e28068940000400386621d4f, 96
1652707103.858108, sdrt-health/mac:02010b41cdec/antenna/tag/e2806894000050038662154f, 88
1652707103.858415, sdrt-health/mac:02010b41cdec/antenna/tag/e2806894000050038661fd4f, 83
1652707103.880085, sdrt-health/mac:02010b41cdec/antenna/tag/e2806894000050038662154f, 85
1652707103.929912, sdrt-health/mac:02010b41cdec/antenna/tag/e2806894000040038662114f, 85
1652707103.983846, sdrt-health/mac:02010b41cdec/antenna/tag/e28068940000400386621d4f, 96
1652707103.98433, sdrt-health/mac:02010b41cdec/antenna/tag/e2806894000050038661fd4f, 83
1652707103.998512, sdrt-health/mac:02010b41cdec/antenna/tag/e28068940000400386621d4f, 96
1652707104.015389, sdrt-health/mac:02010b41cdec/antenna/tag/e28068940000500386620d4f, 93
1652707104.067152, sdrt-health/mac:02010b41cdec/antenna/tag/e2806894000040038662114f, 88
1652707104.097488, sdrt-health/mac:02010b41cdec/antenna/tag/e28068940000500386620d4f, 81
1652707104.097838, sdrt-health/mac:02010b41cdec/antenna/tag/e28068940000500386620d4f, 83
1652707104.111999, sdrt-health/mac:02010b41cdec/antenna/tag/e2806894000050038662154f, 91
1652707104.148832, sdrt-health/mac:02010b41cdec/antenna/tag/e2806894000050038662154f, 88
1652707104.187733, sdrt-health/mac:02010b41cdec/antenna/tag/e28068940000500386620d4f, 94
1652707104.22954, sdrt-health/mac:02010b41cdec/antenna/tag/e2806894000050038662154f, 88
1652707104.305498, sdrt-health/mac:02010b41cdec/antenna/tag/e2806894000040038662114f, 91
1652707104.306009, sdrt-health/mac:02010b41cdec/antenna/tag/e2806894000050038662154f, 91
1652707104.328485, sdrt-health/mac:02010b41cdec/antenna/tag/e28068940000400386621d4f, 96
1652707104.331533, sdrt-health/mac:02010b41cdec/antenna/tag/e2806894000050038662154f, 88
1652707104.378025, sdrt-health/mac:02010b41cdec/antenna/tag/e2806894000040038662114f, 85
1652707104.451159, sdrt-health/mac:02010b41cdec/antenna/tag/e2806894000050038662154f, 91
1652707104.451609, sdrt-health/mac:02010b41cdec/antenna/tag/e2806894000050038662154f, 88
1652707104.465888, sdrt-health/mac:02010b41cdec/antenna/tag/e28068940000500386620d4f, 93
1652707104.478917, sdrt-health/mac:02010b41cdec/antenna/tag/e2806894000040038662114f, 88
1652707104.479883, sdrt-health/mac:02010b41cdec/antenna/tag/e28068940000400386621d4f, 96
1652707104.480277, sdrt-health/mac:02010b41cdec/antenna/tag/e2806894000050038662154f, 88
1652707104.529081, sdrt-health/mac:02010b41cdec/antenna/tag/e2806894000050038662154f, 88
1652707104.568671, sdrt-health/mac:02010b41cdec/antenna/tag/e2806894000050038662154f, 88
1652707104.632678, sdrt-health/mac:02010b41cdec/antenna/tag/e2806894000040038662114f, 85
1652707104.633145, sdrt-health/mac:02010b41cdec/antenna/tag/e28068940000400386621d4f, 77
1652707104.6477, sdrt-health/mac:02010b41cdec/antenna/tag/e2806894000050038662194f, 81
1652707104.659504, sdrt-health/mac:02010b41cdec/antenna/tag/e2806894000050038662194f, 81
1652707104.70926, sdrt-health/mac:02010b41cdec/antenna/tag/e2806894000050038661fd4f, 83
1652707104.766224, sdrt-health/mac:02010b41cdec/antenna/tag/e2806894000040038662114f, 88
1652707104.766623, sdrt-health/mac:02010b41cdec/antenna/tag/e28068940000400386621d4f, 90
1652707104.782848, sdrt-health/mac:02010b41cdec/antenna/tag/e2806894000050038661fd4f, 83
1652707104.803813, sdrt-health/mac:02010b41cdec/antenna/tag/e2806894000050038661fd4f, 83
1652707104.928748, sdrt-health/mac:02010b41cdec/antenna/tag/e28068940000500386620d4f, 83
1652707104.967345, sdrt-health/mac:02010b41cdec/antenna/tag/e2806894000050038662154f, 88
1652707105.016048, sdrt-health/mac:02010b41cdec/antenna/tag/e28068940000400386621d4f, 96
1652707105.017058, sdrt-health/mac:02010b41cdec/antenna/tag/e2806894000050038661fd4f, 83
1652707105.029623, sdrt-health/mac:02010b41cdec/antenna/tag/e28068940000400386621d4f, 96
1652707105.029901, sdrt-health/mac:02010b41cdec/antenna/tag/e2806894000050038662154f, 88
1652707105.057907, sdrt-health/mac:02010b41cdec/antenna/tag/e2806894000050038662154f, 91
1652707105.111977, sdrt-health/mac:02010b41cdec/antenna/tag/e28068940000400386621d4f, 96
1652707105.112486, sdrt-health/mac:02010b41cdec/antenna/tag/e2806894000050038661fd4f, 83
1652707105.125317, sdrt-health/mac:02010b41cdec/antenna/tag/e28068940000500386620d4f, 93
1652707105.152612, sdrt-health/mac:02010b41cdec/antenna/tag/e28068940000500386620d4f, 93
1652707105.152833, sdrt-health/mac:02010b41cdec/antenna/tag/e28068940000400386621d4f, 96
1652707105.187828, sdrt-health/mac:02010b41cdec/antenna/tag/e28068940000400386621d4f, 96
1652707105.248629, sdrt-health/mac:02010b41cdec/antenna/tag/e2806894000050038661fd4f, 86
1652707105.29832, sdrt-health/mac:02010b41cdec/antenna/tag/e2806894000050038662154f, 88
1652707105.337703, sdrt-health/mac:02010b41cdec/antenna/tag/e28068940000500386620d4f, 83
1652707105.378174, sdrt-health/mac:02010b41cdec/antenna/tag/e2806894000040038662114f, 88
1652707105.418373, sdrt-health/mac:02010b41cdec/antenna/tag/e2806894000050038661fd4f, 83
1652707105.460483, sdrt-health/mac:02010b41cdec/antenna/tag/e2806894000050038661fd4f, 83
1652707105.513395, sdrt-health/mac:02010b41cdec/antenna/tag/e28068940000400386621d4f, 77
1652707105.51389, sdrt-health/mac:02010b41cdec/antenna/tag/e2806894000050038662154f, 85
1652707105.538255, sdrt-health/mac:02010b41cdec/antenna/tag/e2806894000040038662114f, 85
1652707105.566437, sdrt-health/mac:02010b41cdec/antenna/tag/e28068940000500386620d4f, 81
1652707105.566742, sdrt-health/mac:02010b41cdec/antenna/tag/e2806894000040038662214f, 94
1652707105.597729, sdrt-health/mac:02010b41cdec/antenna/tag/e2806894000050038661fd4f, 83
1652707105.638025, sdrt-health/mac:02010b41cdec/antenna/tag/e28068940000400386621d4f, 90
1652707105.692573, sdrt-health/mac:02010b41cdec/antenna/tag/e2806894000050038661fd4f, 83
1652707105.69302, sdrt-health/mac:02010b41cdec/antenna/tag/e2806894000050038662154f, 88
1652707105.727433, sdrt-health/mac:02010b41cdec/antenna/tag/e2806894000050038661fd4f, 86
1652707105.77653, sdrt-health/mac:02010b41cdec/antenna/tag/e2806894000050038662194f, 93
1652707105.832655, sdrt-health/mac:02010b41cdec/antenna/tag/e2806894000040038662114f, 91
1652707105.833142, sdrt-health/mac:02010b41cdec/antenna/tag/e2806894000050038662194f, 94
1652707105.868053, sdrt-health/mac:02010b41cdec/antenna/tag/e2806894000050038662194f, 84
1652707105.922782, sdrt-health/mac:02010b41cdec/antenna/tag/e2806894000040038662114f, 91
1652707105.952634, sdrt-health/mac:02010b41cdec/antenna/tag/e2806894000050038661fd4f, 86
1652707105.953009, sdrt-health/mac:02010b41cdec/antenna/tag/e28068940000400386621d4f, 90
1652707105.968701, sdrt-health/mac:02010b41cdec/antenna/tag/e28068940000500386620d4f, 87
1652707106.017635, sdrt-health/mac:02010b41cdec/antenna/tag/e2806894000050038662154f, 85
1652707106.049411, sdrt-health/mac:02010b41cdec/antenna/tag/e2806894000040038662114f, 85
1652707106.049875, sdrt-health/mac:02010b41cdec/antenna/tag/e2806894000040038662214f, 94
1652707106.064861, sdrt-health/mac:02010b41cdec/antenna/tag/e2806894000050038661fd4f, 86
1652707106.107797, sdrt-health/mac:02010b41cdec/antenna/tag/e2806894000050038661fd4f, 83
1652707106.149014, sdrt-health/mac:02010b41cdec/antenna/tag/e28068940000500386620d4f, 87
1652707106.202908, sdrt-health/mac:02010b41cdec/antenna/tag/e2806894000050038662154f, 88
1652707106.203255, sdrt-health/mac:02010b41cdec/antenna/tag/e2806894000050038661fd4f, 83
1652707106.239843, sdrt-health/mac:02010b41cdec/antenna/tag/e2806894000050038662154f, 88
1652707106.289636, sdrt-health/mac:02010b41cdec/antenna/tag/e28068940000400386621d4f, 90
1652707106.335206, sdrt-health/mac:02010b41cdec/antenna/tag/e2806894000050038661fd4f, 86
1652707106.400334, sdrt-health/mac:02010b41cdec/antenna/tag/e2806894000050038662154f, 91
1652707106.40069, sdrt-health/mac:02010b41cdec/antenna/tag/e2806894000050038662194f, 97
1652707106.414707, sdrt-health/mac:02010b41cdec/antenna/tag/e28068940000400386621d4f, 77
1652707106.415166, sdrt-health/mac:02010b41cdec/antenna/tag/e2806894000050038662154f, 85
1652707106.428848, sdrt-health/mac:02010b41cdec/antenna/tag/e2806894000040038662114f, 85
1652707106.498652, sdrt-health/mac:02010b41cdec/antenna/tag/e2806894000050038662154f, 85
1652707106.499142, sdrt-health/mac:02010b41cdec/antenna/tag/e2806894000050038662154f, 91
1652707106.530211, sdrt-health/mac:02010b41cdec/antenna/tag/e2806894000040038662114f, 88
1652707106.582721, sdrt-health/mac:02010b41cdec/antenna/tag/e28068940000400386621d4f, 96
1652707106.583431, sdrt-health/mac:02010b41cdec/antenna/tag/e2806894000050038662194f, 83
1652707106.628417, sdrt-health/mac:02010b41cdec/antenna/tag/e2806894000050038662154f, 91
1652707106.668882, sdrt-health/mac:02010b41cdec/antenna/tag/e2806894000050038661fd4f, 86
1652707106.774154, sdrt-health/mac:02010b41cdec/antenna/tag/e2806894000050038661fd4f, 86
1652707106.774547, sdrt-health/mac:02010b41cdec/antenna/tag/e2806894000040038662114f, 88
1652707106.855392, sdrt-health/mac:02010b41cdec/antenna/tag/e28068940000400386621d4f, 90
1652707106.895516, sdrt-health/mac:02010b41cdec/antenna/tag/e2806894000050038662154f, 91
1652707106.896084, sdrt-health/mac:02010b41cdec/antenna/tag/e2806894000040038662114f, 88
1652707106.91718, sdrt-health/mac:02010b41cdec/antenna/tag/e28068940000500386620d4f, 81
1652707106.939282, sdrt-health/mac:02010b41cdec/antenna/tag/e28068940000400386621d4f, 96
1652707107.005293, sdrt-health/mac:02010b41cdec/antenna/tag/e28068940000500386620d4f, 87
1652707107.050647, sdrt-health/mac:02010b41cdec/antenna/tag/e28068940000500386620d4f, 81
1652707107.089753, sdrt-health/mac:02010b41cdec/antenna/tag/e2806894000050038662154f, 91
1652707107.15555, sdrt-health/mac:02010b41cdec/antenna/tag/e28068940000500386620d4f, 83
1652707107.156023, sdrt-health/mac:02010b41cdec/antenna/tag/e2806894000040038662114f, 91
1652707107.178734, sdrt-health/mac:02010b41cdec/antenna/tag/e28068940000500386620d4f, 94
1652707107.217613, sdrt-health/mac:02010b41cdec/antenna/tag/e2806894000050038661fd4f, 86
1652707107.327903, sdrt-health/mac:02010b41cdec/antenna/tag/e28068940000500386620d4f, 87
1652707107.388347, sdrt-health/mac:02010b41cdec/antenna/tag/e2806894000050038661fd4f, 83
1652707107.44315, sdrt-health/mac:02010b41cdec/antenna/tag/e28068940000500386620d4f, 94
1652707107.443593, sdrt-health/mac:02010b41cdec/antenna/tag/e2806894000040038662114f, 85
1652707107.468187, sdrt-health/mac:02010b41cdec/antenna/tag/e2806894000040038662214f, 88
1652707107.509071, sdrt-health/mac:02010b41cdec/antenna/tag/e2806894000050038661fd4f, 86
1652707107.549347, sdrt-health/mac:02010b41cdec/antenna/tag/e28068940000500386620d4f, 87
1652707107.611806, sdrt-health/mac:02010b41cdec/antenna/tag/e2806894000040038662114f, 88
1652707107.612484, sdrt-health/mac:02010b41cdec/antenna/tag/e2806894000050038662154f, 91
1652707107.627043, sdrt-health/mac:02010b41cdec/antenna/tag/e28068940000400386621d4f, 96
1652707107.656409, sdrt-health/mac:02010b41cdec/antenna/tag/e28068940000400386621d4f, 96
1652707107.716566, sdrt-health/mac:02010b41cdec/antenna/tag/e28068940000400386621d4f, 90
1652707107.754118, sdrt-health/mac:02010b41cdec/antenna/tag/e2806894000050038661fd4f, 86
1652707107.754421, sdrt-health/mac:02010b41cdec/antenna/tag/e2806894000050038662154f, 88
1652707107.769251, sdrt-health/mac:02010b41cdec/antenna/tag/e2806894000050038661fd4f, 86
1652707107.769705, sdrt-health/mac:02010b41cdec/antenna/tag/e2806894000050038661fd4f, 86
1652707107.817548, sdrt-health/mac:02010b41cdec/antenna/tag/e2806894000050038661fd4f, 86
1652707107.866657, sdrt-health/mac:02010b41cdec/antenna/tag/e28068940000400386621d4f, 90
1652707107.934827, sdrt-health/mac:02010b41cdec/antenna/tag/e2806894000050038662194f, 81
1652707107.935396, sdrt-health/mac:02010b41cdec/antenna/tag/e28068940000400386621d4f, 96
1652707107.949581, sdrt-health/mac:02010b41cdec/antenna/tag/e28068940000500386620d4f, 88
1652707107.9964, sdrt-health/mac:02010b41cdec/antenna/tag/e2806894000050038662154f, 88
1652707108.077852, sdrt-health/mac:02010b41cdec/antenna/tag/e2806894000050038661fd4f, 83
1652707108.11867, sdrt-health/mac:02010b41cdec/antenna/tag/e2806894000050038662154f, 91
1652707108.173517, sdrt-health/mac:02010b41cdec/antenna/tag/e28068940000400386621d4f, 96
1652707108.174032, sdrt-health/mac:02010b41cdec/antenna/tag/e2806894000050038661fd4f, 83
1652707108.199075, sdrt-health/mac:02010b41cdec/antenna/tag/e28068940000400386621d4f, 96
1652707108.2409, sdrt-health/mac:02010b41cdec/antenna/tag/e2806894000050038661fd4f, 86
1652707108.287282, sdrt-health/mac:02010b41cdec/antenna/tag/e2806894000050038662154f, 91
1652707108.344038, sdrt-health/mac:02010b41cdec/antenna/tag/e2806894000050038662194f, 83
1652707108.403129, sdrt-health/mac:02010b41cdec/antenna/tag/e2806894000050038662194f, 83
1652707108.40364, sdrt-health/mac:02010b41cdec/antenna/tag/e2806894000050038661fd4f, 86
1652707108.418745, sdrt-health/mac:02010b41cdec/antenna/tag/e28068940000400386621d4f, 96
1652707108.419177, sdrt-health/mac:02010b41cdec/antenna/tag/e2806894000050038662194f, 88
1652707108.429146, sdrt-health/mac:02010b41cdec/antenna/tag/e28068940000400386621d4f, 96
1652707108.435456, sdrt-health/mac:02010b41cdec/antenna/tag/e28068940000400386621d4f, 96
1652707108.470183, sdrt-health/mac:02010b41cdec/antenna/tag/e28068940000400386621d4f, 96
1652707108.534334, sdrt-health/mac:02010b41cdec/antenna/tag/e2806894000050038662154f, 91
1652707108.534851, sdrt-health/mac:02010b41cdec/antenna/tag/e2806894000040038662114f, 88
1652707108.566636, sdrt-health/mac:02010b41cdec/antenna/tag/e2806894000040038662114f, 85
1652707108.607403, sdrt-health/mac:02010b41cdec/antenna/tag/e2806894000050038661fd4f, 83
1652707108.662883, sdrt-health/mac:02010b41cdec/antenna/tag/e2806894000040038662214f, 94
1652707108.663322, sdrt-health/mac:02010b41cdec/antenna/tag/e28068940000400386621d4f, 77
1652707108.677901, sdrt-health/mac:02010b41cdec/antenna/tag/e2806894000050038662154f, 85
1652707108.729588, sdrt-health/mac:02010b41cdec/antenna/tag/e2806894000050038662154f, 88
1652707108.769369, sdrt-health/mac:02010b41cdec/antenna/tag/e28068940000400386621d4f, 96
1652707108.837016, sdrt-health/mac:02010b41cdec/antenna/tag/e2806894000050038662194f, 94
1652707108.837516, sdrt-health/mac:02010b41cdec/antenna/tag/e2806894000050038662194f, 83
1652707108.86, sdrt-health/mac:02010b41cdec/antenna/tag/e2806894000050038662154f, 85
1652707108.906548, sdrt-health/mac:02010b41cdec/antenna/tag/e2806894000040038662114f, 88
1652707108.965426, sdrt-health/mac:02010b41cdec/antenna/tag/e2806894000040038662114f, 88
1652707108.96593, sdrt-health/mac:02010b41cdec/antenna/tag/e2806894000040038662114f, 88
1652707109.007173, sdrt-health/mac:02010b41cdec/antenna/tag/e2806894000050038661fd4f, 83
1652707109.065279, sdrt-health/mac:02010b41cdec/antenna/tag/e2806894000050038662194f, 81
1652707109.065877, sdrt-health/mac:02010b41cdec/antenna/tag/e2806894000040038662114f, 88
1652707109.079693, sdrt-health/mac:02010b41cdec/antenna/tag/e2806894000050038662154f, 91
1652707109.097351, sdrt-health/mac:02010b41cdec/antenna/tag/e2806894000050038661fd4f, 83
1652707109.156542, sdrt-health/mac:02010b41cdec/antenna/tag/e2806894000040038662114f, 85
1652707109.157036, sdrt-health/mac:02010b41cdec/antenna/tag/e2806894000040038662114f, 88
1652707109.171267, sdrt-health/mac:02010b41cdec/antenna/tag/e28068940000400386621d4f, 77
1652707109.18793, sdrt-health/mac:02010b41cdec/antenna/tag/e2806894000050038662154f, 85
1652707109.229328, sdrt-health/mac:02010b41cdec/antenna/tag/e2806894000050038661fd4f, 86
1652707109.285443, sdrt-health/mac:02010b41cdec/antenna/tag/e28068940000500386620d4f, 81
1652707109.285959, sdrt-health/mac:02010b41cdec/antenna/tag/e28068940000400386621d4f, 90
1652707109.300583, sdrt-health/mac:02010b41cdec/antenna/tag/e2806894000040038662114f, 91
1652707109.30094, sdrt-health/mac:02010b41cdec/antenna/tag/e2806894000050038662154f, 88
1652707109.301229, sdrt-health/mac:02010b41cdec/antenna/tag/e28068940000400386621d4f, 96
1652707109.318861, sdrt-health/mac:02010b41cdec/antenna/tag/e2806894000040038662114f, 88
1652707109.36868, sdrt-health/mac:02010b41cdec/antenna/tag/e2806894000040038662114f, 91
1652707109.437287, sdrt-health/mac:02010b41cdec/antenna/tag/e28068940000400386621d4f, 96
1652707109.470691, sdrt-health/mac:02010b41cdec/antenna/tag/e2806894000050038662194f, 81
1652707109.471021, sdrt-health/mac:02010b41cdec/antenna/tag/e2806894000040038662114f, 91
1652707109.471279, sdrt-health/mac:02010b41cdec/antenna/tag/e2806894000050038662194f, 94
1652707109.484368, sdrt-health/mac:02010b41cdec/antenna/tag/e2806894000050038662194f, 81
1652707109.484583, sdrt-health/mac:02010b41cdec/antenna/tag/e2806894000040038662114f, 85
1652707109.529453, sdrt-health/mac:02010b41cdec/antenna/tag/e28068940000400386621d4f, 77
1652707109.583453, sdrt-health/mac:02010b41cdec/antenna/tag/e2806894000050038662154f, 88
1652707109.583968, sdrt-health/mac:02010b41cdec/antenna/tag/e2806894000050038662154f, 88
1652707109.598382, sdrt-health/mac:02010b41cdec/antenna/tag/e2806894000040038662114f, 88
1652707109.648899, sdrt-health/mac:02010b41cdec/antenna/tag/e28068940000400386621d4f, 96
1652707109.697801, sdrt-health/mac:02010b41cdec/antenna/tag/e28068940000500386620d4f, 83
1652707109.756809, sdrt-health/mac:02010b41cdec/antenna/tag/e2806894000050038661fd4f, 86
1652707109.757338, sdrt-health/mac:02010b41cdec/antenna/tag/e2806894000050038662154f, 88
1652707109.772294, sdrt-health/mac:02010b41cdec/antenna/tag/e2806894000050038661fd4f, 86
1652707109.788838, sdrt-health/mac:02010b41cdec/antenna/tag/e28068940000500386620d4f, 83
1652707109.856156, sdrt-health/mac:02010b41cdec/antenna/tag/e2806894000050038661fd4f, 86
1652707109.856679, sdrt-health/mac:02010b41cdec/antenna/tag/e2806894000050038662154f, 88
1652707109.871032, sdrt-health/mac:02010b41cdec/antenna/tag/e28068940000400386621d4f, 90
1652707109.889866, sdrt-health/mac:02010b41cdec/antenna/tag/e2806894000050038662154f, 88
1652707109.955252, sdrt-health/mac:02010b41cdec/antenna/tag/e2806894000050038661fd4f, 83
1652707109.955772, sdrt-health/mac:02010b41cdec/antenna/tag/e2806894000040038662114f, 85
1652707109.970692, sdrt-health/mac:02010b41cdec/antenna/tag/e2806894000040038662114f, 88
1652707109.971208, sdrt-health/mac:02010b41cdec/antenna/tag/e2806894000050038662154f, 91
1652707109.986803, sdrt-health/mac:02010b41cdec/antenna/tag/e2806894000040038662114f, 88
1652707110.054295, sdrt-health/mac:02010b41cdec/antenna/tag/e2806894000050038662154f, 88
1652707110.054802, sdrt-health/mac:02010b41cdec/antenna/tag/e2806894000040038662114f, 85
1652707110.068634, sdrt-health/mac:02010b41cdec/antenna/tag/e2806894000050038662154f, 88
1652707110.068946, sdrt-health/mac:02010b41cdec/antenna/tag/e2806894000040038662114f, 88
1652707110.086628, sdrt-health/mac:02010b41cdec/antenna/tag/e28068940000400386621d4f, 96
1652707110.151426, sdrt-health/mac:02010b41cdec/antenna/tag/e2806894000040038662114f, 85
1652707110.151793, sdrt-health/mac:02010b41cdec/antenna/tag/e2806894000040038662114f, 85
1652707110.184705, sdrt-health/mac:02010b41cdec/antenna/tag/e28068940000500386620d4f, 88
1652707110.215037, sdrt-health/mac:02010b41cdec/antenna/tag/e2806894000040038662114f, 88
1652707110.215467, sdrt-health/mac:02010b41cdec/antenna/tag/e2806894000040038662114f, 85
1652707110.22974, sdrt-health/mac:02010b41cdec/antenna/tag/e2806894000050038661fd4f, 83
1652707110.230116, sdrt-health/mac:02010b41cdec/antenna/tag/e2806894000050038662154f, 88
1652707110.277607, sdrt-health/mac:02010b41cdec/antenna/tag/e2806894000050038662154f, 91
1652707110.33354, sdrt-health/mac:02010b41cdec/antenna/tag/e28068940000500386620d4f, 87
1652707110.33407, sdrt-health/mac:02010b41cdec/antenna/tag/e2806894000040038662114f, 85
1652707110.358225, sdrt-health/mac:02010b41cdec/antenna/tag/e28068940000500386620d4f, 93
1652707110.399516, sdrt-health/mac:02010b41cdec/antenna/tag/e28068940000500386620d4f, 84
1652707110.431583, sdrt-health/mac:02010b41cdec/antenna/tag/e2806894000050038661fd4f, 83
1652707110.431986, sdrt-health/mac:02010b41cdec/antenna/tag/e2806894000050038661fd4f, 83
1652707110.451915, sdrt-health/mac:02010b41cdec/antenna/tag/e2806894000040038662114f, 85
1652707110.483024, sdrt-health/mac:02010b41cdec/antenna/tag/e2806894000050038662194f, 81
1652707110.483393, sdrt-health/mac:02010b41cdec/antenna/tag/e2806894000040038662114f, 88
1652707110.498476, sdrt-health/mac:02010b41cdec/antenna/tag/e2806894000050038662194f, 81
1652707110.549699, sdrt-health/mac:02010b41cdec/antenna/tag/e28068940000400386621d4f, 96
1652707110.582929, sdrt-health/mac:02010b41cdec/antenna/tag/e2806894000050038662154f, 91
1652707110.58315, sdrt-health/mac:02010b41cdec/antenna/tag/e2806894000050038661fd4f, 90
1652707110.597781, sdrt-health/mac:02010b41cdec/antenna/tag/e28068940000500386620d4f, 93
1652707110.638013, sdrt-health/mac:02010b41cdec/antenna/tag/e28068940000400386621d4f, 90
1652707110.681094, sdrt-health/mac:02010b41cdec/antenna/tag/e2806894000040038662114f, 91
1652707110.713105, sdrt-health/mac:02010b41cdec/antenna/tag/e28068940000500386620d4f, 81
1652707110.713519, sdrt-health/mac:02010b41cdec/antenna/tag/e2806894000050038662154f, 88
1652707110.727851, sdrt-health/mac:02010b41cdec/antenna/tag/e2806894000040038662114f, 91
1652707110.813264, sdrt-health/mac:02010b41cdec/antenna/tag/e2806894000050038661fd4f, 83
1652707110.813809, sdrt-health/mac:02010b41cdec/antenna/tag/e2806894000040038662114f, 88
1652707110.838147, sdrt-health/mac:02010b41cdec/antenna/tag/e2806894000050038662194f, 81
1652707110.903253, sdrt-health/mac:02010b41cdec/antenna/tag/e2806894000050038661fd4f, 86
1652707110.903714, sdrt-health/mac:02010b41cdec/antenna/tag/e28068940000400386621d4f, 90
1652707110.928605, sdrt-health/mac:02010b41cdec/antenna/tag/e28068940000500386620d4f, 93
1652707110.970117, sdrt-health/mac:02010b41cdec/antenna/tag/e28068940000400386621d4f, 96
1652707111.00838, sdrt-health/mac:02010b41cdec/antenna/tag/e28068940000500386620d4f, 87
1652707111.062412, sdrt-health/mac:02010b41cdec/antenna/tag/e28068940000400386621d4f, 96
1652707111.062867, sdrt-health/mac:02010b41cdec/antenna/tag/e28068940000400386621d4f, 77
1652707111.077178, sdrt-health/mac:02010b41cdec/antenna/tag/e28068940000400386621d4f, 96
1652707111.077674, sdrt-health/mac:02010b41cdec/antenna/tag/e2806894000040038662114f, 85
1652707111.107994, sdrt-health/mac:02010b41cdec/antenna/tag/e2806894000050038662194f, 87
1652707111.159384, sdrt-health/mac:02010b41cdec/antenna/tag/e2806894000040038662054f, 81
1652707111.206464, sdrt-health/mac:02010b41cdec/antenna/tag/e2806894000050038661fd4f, 83
1652707111.447621, sdrt-health/mac:02010b41cdec/antenna/tag/e2806894000050038661fd4f, 86
1652707111.478092, sdrt-health/mac:02010b41cdec/antenna/tag/e2806894000050038662154f, 91
1652707111.478658, sdrt-health/mac:02010b41cdec/antenna/tag/e28068940000500386620d4f, 93
1652707111.500161, sdrt-health/mac:02010b41cdec/antenna/tag/e2806894000050038661fd4f, 86
1652707111.540056, sdrt-health/mac:02010b41cdec/antenna/tag/e2806894000050038662194f, 81
1652707111.540402, sdrt-health/mac:02010b41cdec/antenna/tag/e2806894000050038662194f, 81
1652707111.540656, sdrt-health/mac:02010b41cdec/antenna/tag/e2806894000040038662114f, 88
1652707111.540895, sdrt-health/mac:02010b41cdec/antenna/tag/e28068940000500386620d4f, 83
1652707111.541161, sdrt-health/mac:02010b41cdec/antenna/tag/e2806894000050038662154f, 85
1652707111.541396, sdrt-health/mac:02010b41cdec/antenna/tag/e2806894000050038662154f, 88
1652707111.541655, sdrt-health/mac:02010b41cdec/antenna/tag/e28068940000400386621d4f, 96
1652707111.588051, sdrt-health/mac:02010b41cdec/antenna/tag/e2806894000040038662114f, 85
1652707111.628132, sdrt-health/mac:02010b41cdec/antenna/tag/e2806894000050038661fd4f, 86
1652707111.689454, sdrt-health/mac:02010b41cdec/antenna/tag/e2806894000050038661fd4f, 86
1652707111.729297, sdrt-health/mac:02010b41cdec/antenna/tag/e2806894000050038661fd4f, 83
1652707111.768697, sdrt-health/mac:02010b41cdec/antenna/tag/e28068940000400386621d4f, 90
1652707111.807568, sdrt-health/mac:02010b41cdec/antenna/tag/e2806894000050038661fd4f, 83
1652707111.848709, sdrt-health/mac:02010b41cdec/antenna/tag/e2806894000040038662114f, 88
1652707111.90382, sdrt-health/mac:02010b41cdec/antenna/tag/e2806894000050038661fd4f, 83
1652707111.904394, sdrt-health/mac:02010b41cdec/antenna/tag/e28068940000400386621d4f, 96
1652707111.918074, sdrt-health/mac:02010b41cdec/antenna/tag/e2806894000050038662154f, 88
1652707111.918474, sdrt-health/mac:02010b41cdec/antenna/tag/e28068940000500386620d4f, 83
1652707111.938276, sdrt-health/mac:02010b41cdec/antenna/tag/e2806894000040038662214f, 84
1652707112.007339, sdrt-health/mac:02010b41cdec/antenna/tag/e2806894000040038662114f, 88
1652707112.049441, sdrt-health/mac:02010b41cdec/antenna/tag/e28068940000400386621d4f, 96
1652707112.088626, sdrt-health/mac:02010b41cdec/antenna/tag/e28068940000400386621d4f, 96
1652707112.128334, sdrt-health/mac:02010b41cdec/antenna/tag/e28068940000500386620d4f, 87
1652707112.183594, sdrt-health/mac:02010b41cdec/antenna/tag/e28068940000400386621d4f, 96
1652707112.1841, sdrt-health/mac:02010b41cdec/antenna/tag/e2806894000040038662114f, 88
1652707112.198703, sdrt-health/mac:02010b41cdec/antenna/tag/e2806894000050038661fd4f, 86
1652707112.208701, sdrt-health/mac:02010b41cdec/antenna/tag/e2806894000040038662114f, 88
1652707112.213318, sdrt-health/mac:02010b41cdec/antenna/tag/e2806894000050038661fd4f, 90
1652707112.260352, sdrt-health/mac:02010b41cdec/antenna/tag/e2806894000050038661fd4f, 86
1652707112.355407, sdrt-health/mac:02010b41cdec/antenna/tag/e28068940000400386621d4f, 90
1652707112.355869, sdrt-health/mac:02010b41cdec/antenna/tag/e2806894000040038662114f, 91
1652707112.389062, sdrt-health/mac:02010b41cdec/antenna/tag/e2806894000050038662154f, 88
1652707112.437598, sdrt-health/mac:02010b41cdec/antenna/tag/e2806894000050038661fd4f, 83
1652707112.4799, sdrt-health/mac:02010b41cdec/antenna/tag/e2806894000050038661fd4f, 83
1652707112.53439, sdrt-health/mac:02010b41cdec/antenna/tag/e28068940000500386620d4f, 81
1652707112.534956, sdrt-health/mac:02010b41cdec/antenna/tag/e28068940000400386621d4f, 77
1652707112.548795, sdrt-health/mac:02010b41cdec/antenna/tag/e2806894000050038662154f, 85
1652707112.557977, sdrt-health/mac:02010b41cdec/antenna/tag/e2806894000050038662154f, 85
1652707112.563748, sdrt-health/mac:02010b41cdec/antenna/tag/e28068940000500386620d4f, 83
1652707112.598781, sdrt-health/mac:02010b41cdec/antenna/tag/e28068940000500386620d4f, 87
1652707112.652788, sdrt-health/mac:02010b41cdec/antenna/tag/e28068940000400386621d4f, 90
1652707112.653235, sdrt-health/mac:02010b41cdec/antenna/tag/e2806894000040038662114f, 88
1652707112.678517, sdrt-health/mac:02010b41cdec/antenna/tag/e2806894000040038662114f, 88
1652707112.708973, sdrt-health/mac:02010b41cdec/antenna/tag/e2806894000050038661fd4f, 83
1652707112.709359, sdrt-health/mac:02010b41cdec/antenna/tag/e28068940000500386620d4f, 87
1652707112.723164, sdrt-health/mac:02010b41cdec/antenna/tag/e2806894000050038661fd4f, 83
1652707112.723448, sdrt-health/mac:02010b41cdec/antenna/tag/e2806894000050038662154f, 91
1652707112.784775, sdrt-health/mac:02010b41cdec/antenna/tag/e28068940000500386620d4f, 87
1652707112.855464, sdrt-health/mac:02010b41cdec/antenna/tag/e2806894000050038662194f, 94
1652707112.856032, sdrt-health/mac:02010b41cdec/antenna/tag/e2806894000040038662114f, 88
1652707112.898753, sdrt-health/mac:02010b41cdec/antenna/tag/e2806894000050038662194f, 81
1652707112.899368, sdrt-health/mac:02010b41cdec/antenna/tag/e28068940000400386621d4f, 77
1652707112.923804, sdrt-health/mac:02010b41cdec/antenna/tag/e2806894000050038662194f, 88
1652707112.947651, sdrt-health/mac:02010b41cdec/antenna/tag/e2806894000040038662114f, 85
1652707112.994287, sdrt-health/mac:02010b41cdec/antenna/tag/e2806894000050038662154f, 91
1652707113.020375, sdrt-health/mac:02010b41cdec/antenna/tag/e28068940000500386620d4f, 87
1652707113.022969, sdrt-health/mac:02010b41cdec/antenna/tag/e2806894000040038662114f, 88
1652707113.058394, sdrt-health/mac:02010b41cdec/antenna/tag/e28068940000500386620d4f, 93
1652707113.107326, sdrt-health/mac:02010b41cdec/antenna/tag/e2806894000040038661f94f, 88
1652707113.148736, sdrt-health/mac:02010b41cdec/antenna/tag/e2806894000040038662114f, 85
1652707113.203048, sdrt-health/mac:02010b41cdec/antenna/tag/e2806894000050038661fd4f, 86
1652707113.203609, sdrt-health/mac:02010b41cdec/antenna/tag/e28068940000500386620d4f, 93
1652707113.20428, sdrt-health/mac:02010b41cdec/antenna/tag/e28068940000400386621d4f, 90
1652707113.218601, sdrt-health/mac:02010b41cdec/antenna/tag/e28068940000500386620d4f, 87
1652707113.248617, sdrt-health/mac:02010b41cdec/antenna/tag/e2806894000050038662154f, 91
1652707113.290538, sdrt-health/mac:02010b41cdec/antenna/tag/e28068940000500386620d4f, 81
1652707113.343082, sdrt-health/mac:02010b41cdec/antenna/tag/e28068940000500386620d4f, 81
1652707113.343551, sdrt-health/mac:02010b41cdec/antenna/tag/e2806894000050038661fd4f, 86
1652707113.357296, sdrt-health/mac:02010b41cdec/antenna/tag/e2806894000040038662114f, 88
1652707113.376502, sdrt-health/mac:02010b41cdec/antenna/tag/e2806894000050038661fd4f, 83
1652707113.41781, sdrt-health/mac:02010b41cdec/antenna/tag/e2806894000050038662194f, 83
1652707113.467796, sdrt-health/mac:02010b41cdec/antenna/tag/e2806894000040038662114f, 88
1652707113.57672, sdrt-health/mac:02010b41cdec/antenna/tag/e2806894000040038662114f, 88
1652707113.629364, sdrt-health/mac:02010b41cdec/antenna/tag/e28068940000500386620d4f, 87
1652707113.669701, sdrt-health/mac:02010b41cdec/antenna/tag/e28068940000400386621d4f, 90
1652707113.708244, sdrt-health/mac:02010b41cdec/antenna/tag/e28068940000400386621d4f, 96
1652707113.800708, sdrt-health/mac:02010b41cdec/antenna/tag/e2806894000050038662154f, 85
1652707113.840464, sdrt-health/mac:02010b41cdec/antenna/tag/e2806894000050038662194f, 88
1652707113.871036, sdrt-health/mac:02010b41cdec/antenna/tag/e28068940000500386620d4f, 83
1652707113.87209, sdrt-health/mac:02010b41cdec/antenna/tag/e2806894000050038662154f, 85
1652707113.88911, sdrt-health/mac:02010b41cdec/antenna/tag/e2806894000050038662154f, 85
1652707113.946312, sdrt-health/mac:02010b41cdec/antenna/tag/e28068940000500386620d4f, 87
1652707114.025165, sdrt-health/mac:02010b41cdec/antenna/tag/e2806894000040038662214f, 81
1652707114.025733, sdrt-health/mac:02010b41cdec/antenna/tag/e2806894000050038661fd4f, 83
1652707114.049019, sdrt-health/mac:02010b41cdec/antenna/tag/e2806894000050038662154f, 88
1652707114.089851, sdrt-health/mac:02010b41cdec/antenna/tag/e28068940000500386620d4f, 93
1652707114.136817, sdrt-health/mac:02010b41cdec/antenna/tag/e28068940000400386621d4f, 96
1652707114.178657, sdrt-health/mac:02010b41cdec/antenna/tag/e2806894000040038662114f, 88
1652707114.218332, sdrt-health/mac:02010b41cdec/antenna/tag/e28068940000500386620d4f, 87
1652707114.220041, sdrt-health/mac:02010b41cdec/antenna/tag/e2806894000040038662114f, 85
1652707114.259533, sdrt-health/mac:02010b41cdec/antenna/tag/e2806894000050038661fd4f, 86
1652707114.309137, sdrt-health/mac:02010b41cdec/antenna/tag/e2806894000050038661fd4f, 86
1652707114.359887, sdrt-health/mac:02010b41cdec/antenna/tag/e28068940000400386621d4f, 90
1652707114.412531, sdrt-health/mac:02010b41cdec/antenna/tag/e28068940000400386621d4f, 90
1652707114.41298, sdrt-health/mac:02010b41cdec/antenna/tag/e28068940000400386621d4f, 90
1652707114.413366, sdrt-health/mac:02010b41cdec/antenna/tag/e2806894000050038661fd4f, 86
1652707114.438047, sdrt-health/mac:02010b41cdec/antenna/tag/e2806894000050038662194f, 81
1652707114.468603, sdrt-health/mac:02010b41cdec/antenna/tag/e28068940000400386621d4f, 77
1652707114.468998, sdrt-health/mac:02010b41cdec/antenna/tag/e2806894000050038662154f, 88
1652707114.482312, sdrt-health/mac:02010b41cdec/antenna/tag/e2806894000050038662154f, 85
1652707114.482812, sdrt-health/mac:02010b41cdec/antenna/tag/e2806894000040038662114f, 85
1652707114.518749, sdrt-health/mac:02010b41cdec/antenna/tag/e28068940000500386620d4f, 81
1652707114.559775, sdrt-health/mac:02010b41cdec/antenna/tag/e2806894000050038662194f, 81
1652707114.597918, sdrt-health/mac:02010b41cdec/antenna/tag/e2806894000040038662114f, 91
1652707114.639508, sdrt-health/mac:02010b41cdec/antenna/tag/e2806894000050038661fd4f, 86
1652707114.678449, sdrt-health/mac:02010b41cdec/antenna/tag/e2806894000040038662114f, 88
1652707114.745192, sdrt-health/mac:02010b41cdec/antenna/tag/e2806894000050038661fd4f, 83
1652707114.745701, sdrt-health/mac:02010b41cdec/antenna/tag/e28068940000400386621d4f, 96
1652707114.761523, sdrt-health/mac:02010b41cdec/antenna/tag/e2806894000050038662154f, 88
1652707114.768401, sdrt-health/mac:02010b41cdec/antenna/tag/e2806894000040038662114f, 88
1652707114.776737, sdrt-health/mac:02010b41cdec/antenna/tag/e2806894000050038661fd4f, 86
1652707114.829117, sdrt-health/mac:02010b41cdec/antenna/tag/e2806894000050038661fd4f, 86
1652707114.887483, sdrt-health/mac:02010b41cdec/antenna/tag/e2806894000050038662194f, 88
1652707114.949265, sdrt-health/mac:02010b41cdec/antenna/tag/e2806894000050038662194f, 94
1652707114.949845, sdrt-health/mac:02010b41cdec/antenna/tag/e2806894000050038662194f, 83
1652707114.969841, sdrt-health/mac:02010b41cdec/antenna/tag/e2806894000050038662154f, 97
1652707115.002361, sdrt-health/mac:02010b41cdec/antenna/tag/e28068940000400386621d4f, 96
1652707115.002729, sdrt-health/mac:02010b41cdec/antenna/tag/e2806894000050038662194f, 88
1652707115.017767, sdrt-health/mac:02010b41cdec/antenna/tag/e28068940000400386621d4f, 96
1652707115.018083, sdrt-health/mac:02010b41cdec/antenna/tag/e2806894000040038662114f, 91
1652707115.048475, sdrt-health/mac:02010b41cdec/antenna/tag/e2806894000050038662194f, 81
1652707115.089066, sdrt-health/mac:02010b41cdec/antenna/tag/e28068940000400386621d4f, 96
1652707115.145405, sdrt-health/mac:02010b41cdec/antenna/tag/e2806894000040038662214f, 81
1652707115.145988, sdrt-health/mac:02010b41cdec/antenna/tag/e28068940000500386620d4f, 87
1652707115.159955, sdrt-health/mac:02010b41cdec/antenna/tag/e28068940000400386621d4f, 77
1652707115.160482, sdrt-health/mac:02010b41cdec/antenna/tag/e2806894000040038662214f, 88
1652707115.181179, sdrt-health/mac:02010b41cdec/antenna/tag/e2806894000040038662214f, 81
1652707115.227016, sdrt-health/mac:02010b41cdec/antenna/tag/e28068940000400386621d4f, 77
1652707115.284624, sdrt-health/mac:02010b41cdec/antenna/tag/e2806894000040038662114f, 85
1652707115.285136, sdrt-health/mac:02010b41cdec/antenna/tag/e2806894000040038662114f, 85
1652707115.299807, sdrt-health/mac:02010b41cdec/antenna/tag/e28068940000400386621d4f, 77
1652707115.300174, sdrt-health/mac:02010b41cdec/antenna/tag/e2806894000050038662194f, 94
1652707115.300352, sdrt-health/mac:02010b41cdec/antenna/tag/e2806894000050038661fd4f, 83
1652707115.318152, sdrt-health/mac:02010b41cdec/antenna/tag/e2806894000050038661fd4f, 83
1652707115.358773, sdrt-health/mac:02010b41cdec/antenna/tag/e2806894000050038662194f, 81
1652707115.406737, sdrt-health/mac:02010b41cdec/antenna/tag/e28068940000400386621d4f, 77
1652707115.478771, sdrt-health/mac:02010b41cdec/antenna/tag/e2806894000050038662154f, 91
1652707115.529741, sdrt-health/mac:02010b41cdec/antenna/tag/e2806894000050038662154f, 91
1652707115.560647, sdrt-health/mac:02010b41cdec/antenna/tag/e2806894000050038662194f, 94
1652707115.561143, sdrt-health/mac:02010b41cdec/antenna/tag/e28068940000400386621d4f, 96
1652707115.575167, sdrt-health/mac:02010b41cdec/antenna/tag/e2806894000040038662114f, 88
1652707115.618516, sdrt-health/mac:02010b41cdec/antenna/tag/e2806894000050038662194f, 81
1652707115.658695, sdrt-health/mac:02010b41cdec/antenna/tag/e28068940000400386621d4f, 77
1652707115.691703, sdrt-health/mac:02010b41cdec/antenna/tag/e28068940000500386620d4f, 84
1652707115.691999, sdrt-health/mac:02010b41cdec/antenna/tag/e28068940000400386621d4f, 77
1652707115.709391, sdrt-health/mac:02010b41cdec/antenna/tag/e28068940000500386620d4f, 94
1652707115.738165, sdrt-health/mac:02010b41cdec/antenna/tag/e28068940000400386621d4f, 90
1652707115.794158, sdrt-health/mac:02010b41cdec/antenna/tag/e2806894000040038662114f, 88
1652707115.794779, sdrt-health/mac:02010b41cdec/antenna/tag/e28068940000400386621d4f, 90
1652707115.808884, sdrt-health/mac:02010b41cdec/antenna/tag/e2806894000040038662114f, 91
1652707115.820822, sdrt-health/mac:02010b41cdec/antenna/tag/e2806894000050038662154f, 88
1652707115.824277, sdrt-health/mac:02010b41cdec/antenna/tag/e2806894000040038662114f, 91
1652707115.867828, sdrt-health/mac:02010b41cdec/antenna/tag/e2806894000050038661fd4f, 83
1652707115.909304, sdrt-health/mac:02010b41cdec/antenna/tag/e2806894000050038662194f, 81
1652707115.985916, sdrt-health/mac:02010b41cdec/antenna/tag/e2806894000040038662114f, 91
1652707115.986393, sdrt-health/mac:02010b41cdec/antenna/tag/e28068940000400386621d4f, 77
1652707116.028382, sdrt-health/mac:02010b41cdec/antenna/tag/e2806894000040038662114f, 85
1652707116.076479, sdrt-health/mac:02010b41cdec/antenna/tag/e2806894000050038662154f, 85
1652707116.135756, sdrt-health/mac:02010b41cdec/antenna/tag/e28068940000500386620d4f, 81
1652707116.136228, sdrt-health/mac:02010b41cdec/antenna/tag/e28068940000500386620d4f, 83
1652707116.150165, sdrt-health/mac:02010b41cdec/antenna/tag/e2806894000040038662114f, 88
1652707116.175049, sdrt-health/mac:02010b41cdec/antenna/tag/e28068940000500386620d4f, 81
1652707116.233585, sdrt-health/mac:02010b41cdec/antenna/tag/e2806894000050038662154f, 88
1652707116.233852, sdrt-health/mac:02010b41cdec/antenna/tag/e2806894000050038661fd4f, 86
1652707116.268228, sdrt-health/mac:02010b41cdec/antenna/tag/e28068940000400386621d4f, 90
1652707116.309489, sdrt-health/mac:02010b41cdec/antenna/tag/e2806894000040038662114f, 88
1652707116.397345, sdrt-health/mac:02010b41cdec/antenna/tag/e2806894000050038661fd4f, 83
1652707116.439314, sdrt-health/mac:02010b41cdec/antenna/tag/e2806894000040038662114f, 85
1652707116.498402, sdrt-health/mac:02010b41cdec/antenna/tag/e2806894000050038662154f, 88
1652707116.539373, sdrt-health/mac:02010b41cdec/antenna/tag/e2806894000040038662114f, 88
1652707116.571682, sdrt-health/mac:02010b41cdec/antenna/tag/e28068940000400386621d4f, 96
1652707116.573542, sdrt-health/mac:02010b41cdec/antenna/tag/e2806894000040038662114f, 88
1652707116.586664, sdrt-health/mac:02010b41cdec/antenna/tag/e2806894000050038662154f, 88
1652707116.618185, sdrt-health/mac:02010b41cdec/antenna/tag/e2806894000040038662114f, 88
1652707116.666945, sdrt-health/mac:02010b41cdec/antenna/tag/e2806894000050038662154f, 88
1652707116.709392, sdrt-health/mac:02010b41cdec/antenna/tag/e2806894000050038662194f, 94
1652707116.76313, sdrt-health/mac:02010b41cdec/antenna/tag/e2806894000050038661fd4f, 83
1652707116.763597, sdrt-health/mac:02010b41cdec/antenna/tag/e28068940000400386621d4f, 96
1652707116.799765, sdrt-health/mac:02010b41cdec/antenna/tag/e2806894000040038662114f, 88
1652707116.886184, sdrt-health/mac:02010b41cdec/antenna/tag/e2806894000050038661fd4f, 83
1652707116.899159, sdrt-health/mac:02010b41cdec/antenna/tag/e2806894000050038662154f, 88
1652707116.946745, sdrt-health/mac:02010b41cdec/antenna/tag/e2806894000050038661fd4f, 83
1652707116.981287, sdrt-health/mac:02010b41cdec/antenna/tag/e2806894000040038662114f, 85
1652707117.045348, sdrt-health/mac:02010b41cdec/antenna/tag/e2806894000050038662154f, 88
1652707117.045841, sdrt-health/mac:02010b41cdec/antenna/tag/e2806894000050038662154f, 88
1652707117.0794, sdrt-health/mac:02010b41cdec/antenna/tag/e28068940000500386620d4f, 81
1652707117.111839, sdrt-health/mac:02010b41cdec/antenna/tag/e2806894000050038662154f, 91
1652707117.112372, sdrt-health/mac:02010b41cdec/antenna/tag/e2806894000050038661fd4f, 86
1652707117.142245, sdrt-health/mac:02010b41cdec/antenna/tag/e2806894000050038661fd4f, 86
1652707117.194499, sdrt-health/mac:02010b41cdec/antenna/tag/e28068940000500386620d4f, 87
1652707117.195017, sdrt-health/mac:02010b41cdec/antenna/tag/e2806894000050038662154f, 91
1652707117.208989, sdrt-health/mac:02010b41cdec/antenna/tag/e2806894000040038662114f, 91
1652707117.218302, sdrt-health/mac:02010b41cdec/antenna/tag/e28068940000500386620d4f, 94
1652707117.268771, sdrt-health/mac:02010b41cdec/antenna/tag/e2806894000040038662054f, 94
1652707117.308752, sdrt-health/mac:02010b41cdec/antenna/tag/e2806894000050038662194f, 83
1652707117.368182, sdrt-health/mac:02010b41cdec/antenna/tag/e2806894000050038662154f, 91
1652707117.368641, sdrt-health/mac:02010b41cdec/antenna/tag/e2806894000050038661fd4f, 86
1652707117.385603, sdrt-health/mac:02010b41cdec/antenna/tag/e2806894000040038662114f, 88
1652707117.400225, sdrt-health/mac:02010b41cdec/antenna/tag/e2806894000040038662114f, 91
1652707117.44913, sdrt-health/mac:02010b41cdec/antenna/tag/e28068940000500386620d4f, 87
1652707117.568865, sdrt-health/mac:02010b41cdec/antenna/tag/e2806894000050038661fd4f, 97
1652707117.644343, sdrt-health/mac:02010b41cdec/antenna/tag/e2806894000040038662114f, 88
1652707117.644934, sdrt-health/mac:02010b41cdec/antenna/tag/e2806894000050038662154f, 91
1652707117.645339, sdrt-health/mac:02010b41cdec/antenna/tag/e2806894000040038662114f, 85
1652707117.649141, sdrt-health/mac:02010b41cdec/antenna/tag/e2806894000040038662114f, 88
1652707117.649659, sdrt-health/mac:02010b41cdec/antenna/tag/e28068940000400386621d4f, 77
1652707117.709821, sdrt-health/mac:02010b41cdec/antenna/tag/e2806894000050038662154f, 91
1652707117.741933, sdrt-health/mac:02010b41cdec/antenna/tag/e2806894000040038662114f, 85
1652707117.775636, sdrt-health/mac:02010b41cdec/antenna/tag/e2806894000050038661fd4f, 83
1652707117.837812, sdrt-health/mac:02010b41cdec/antenna/tag/e2806894000040038662114f, 85
1652707117.838281, sdrt-health/mac:02010b41cdec/antenna/tag/e2806894000040038662114f, 85
1652707117.83862, sdrt-health/mac:02010b41cdec/antenna/tag/e28068940000400386621d4f, 96
1652707117.838963, sdrt-health/mac:02010b41cdec/antenna/tag/e2806894000040038662114f, 88
1652707117.859921, sdrt-health/mac:02010b41cdec/antenna/tag/e2806894000050038662194f, 83
1652707117.888772, sdrt-health/mac:02010b41cdec/antenna/tag/e28068940000400386621d4f, 96
1652707117.889043, sdrt-health/mac:02010b41cdec/antenna/tag/e2806894000050038662154f, 88
1652707117.903356, sdrt-health/mac:02010b41cdec/antenna/tag/e2806894000040038662114f, 88
1652707117.940273, sdrt-health/mac:02010b41cdec/antenna/tag/e2806894000040038662114f, 88
1652707117.979001, sdrt-health/mac:02010b41cdec/antenna/tag/e28068940000400386621d4f, 90
1652707118.044065, sdrt-health/mac:02010b41cdec/antenna/tag/e2806894000050038661fd4f, 83
1652707118.044597, sdrt-health/mac:02010b41cdec/antenna/tag/e28068940000400386621d4f, 96
1652707118.078763, sdrt-health/mac:02010b41cdec/antenna/tag/e2806894000050038662154f, 88
1652707118.107781, sdrt-health/mac:02010b41cdec/antenna/tag/e2806894000040038662114f, 88
1652707118.108142, sdrt-health/mac:02010b41cdec/antenna/tag/e28068940000400386621d4f, 96
1652707118.122193, sdrt-health/mac:02010b41cdec/antenna/tag/e28068940000400386621d4f, 90
1652707118.15284, sdrt-health/mac:02010b41cdec/antenna/tag/e2806894000040038662114f, 88
1652707118.20734, sdrt-health/mac:02010b41cdec/antenna/tag/e28068940000500386620d4f, 81
1652707118.24861, sdrt-health/mac:02010b41cdec/antenna/tag/e2806894000040038662114f, 85
1652707118.303693, sdrt-health/mac:02010b41cdec/antenna/tag/e28068940000400386621d4f, 96
1652707118.304234, sdrt-health/mac:02010b41cdec/antenna/tag/e2806894000050038662154f, 88
1652707118.319492, sdrt-health/mac:02010b41cdec/antenna/tag/e2806894000050038662154f, 91
1652707118.329325, sdrt-health/mac:02010b41cdec/antenna/tag/e2806894000050038662154f, 88
1652707118.387521, sdrt-health/mac:02010b41cdec/antenna/tag/e28068940000400386621d4f, 90
1652707118.453631, sdrt-health/mac:02010b41cdec/antenna/tag/e2806894000050038661fd4f, 83
1652707118.45415, sdrt-health/mac:02010b41cdec/antenna/tag/e28068940000400386621d4f, 90
1652707118.480522, sdrt-health/mac:02010b41cdec/antenna/tag/e2806894000050038661fd4f, 83
1652707118.549274, sdrt-health/mac:02010b41cdec/antenna/tag/e2806894000040038662214f, 83
1652707118.549732, sdrt-health/mac:02010b41cdec/antenna/tag/e28068940000400386621d4f, 77
1652707118.579929, sdrt-health/mac:02010b41cdec/antenna/tag/e28068940000500386620d4f, 93
1652707118.620617, sdrt-health/mac:02010b41cdec/antenna/tag/e2806894000050038661fd4f, 83
1652707118.675052, sdrt-health/mac:02010b41cdec/antenna/tag/e28068940000400386621d4f, 96
1652707118.675403, sdrt-health/mac:02010b41cdec/antenna/tag/e28068940000500386620d4f, 83
1652707118.690879, sdrt-health/mac:02010b41cdec/antenna/tag/e2806894000040038662114f, 85
1652707118.721932, sdrt-health/mac:02010b41cdec/antenna/tag/e2806894000050038662154f, 88
1652707118.722158, sdrt-health/mac:02010b41cdec/antenna/tag/e2806894000050038662154f, 91
1652707118.743804, sdrt-health/mac:02010b41cdec/antenna/tag/e2806894000040038662114f, 91
1652707118.776213, sdrt-health/mac:02010b41cdec/antenna/tag/e2806894000050038662154f, 88
1652707118.776634, sdrt-health/mac:02010b41cdec/antenna/tag/e2806894000040038662114f, 91
1652707118.792121, sdrt-health/mac:02010b41cdec/antenna/tag/e28068940000400386621d4f, 96
1652707118.792499, sdrt-health/mac:02010b41cdec/antenna/tag/e2806894000050038661fd4f, 86
1652707118.83867, sdrt-health/mac:02010b41cdec/antenna/tag/e28068940000400386621d4f, 90
1652707118.879841, sdrt-health/mac:02010b41cdec/antenna/tag/e28068940000400386621d4f, 90
1652707118.936986, sdrt-health/mac:02010b41cdec/antenna/tag/e2806894000040038662114f, 91
1652707118.937439, sdrt-health/mac:02010b41cdec/antenna/tag/e2806894000050038662154f, 88
1652707118.980818, sdrt-health/mac:02010b41cdec/antenna/tag/e2806894000050038662154f, 85
1652707119.021669, sdrt-health/mac:02010b41cdec/antenna/tag/e2806894000050038662154f, 85
1652707119.070855, sdrt-health/mac:02010b41cdec/antenna/tag/e2806894000050038661fd4f, 83
1652707119.11054, sdrt-health/mac:02010b41cdec/antenna/tag/e2806894000050038662194f, 81
1652707119.143329, sdrt-health/mac:02010b41cdec/antenna/tag/e2806894000050038661fd4f, 83
1652707119.143824, sdrt-health/mac:02010b41cdec/antenna/tag/e28068940000500386620d4f, 93
1652707119.160039, sdrt-health/mac:02010b41cdec/antenna/tag/e2806894000050038662154f, 91
1652707119.210055, sdrt-health/mac:02010b41cdec/antenna/tag/e28068940000500386620d4f, 87
1652707119.266721, sdrt-health/mac:02010b41cdec/antenna/tag/e2806894000050038661fd4f, 83
1652707119.268143, sdrt-health/mac:02010b41cdec/antenna/tag/e28068940000500386620d4f, 87
1652707119.289322, sdrt-health/mac:02010b41cdec/antenna/tag/e2806894000050038662154f, 91
1652707119.328652, sdrt-health/mac:02010b41cdec/antenna/tag/e28068940000500386620d4f, 87
1652707119.383852, sdrt-health/mac:02010b41cdec/antenna/tag/e2806894000040038662114f, 88
1652707119.384372, sdrt-health/mac:02010b41cdec/antenna/tag/e2806894000040038662114f, 88
1652707119.398672, sdrt-health/mac:02010b41cdec/antenna/tag/e2806894000050038662194f, 103
1652707119.409993, sdrt-health/mac:02010b41cdec/antenna/tag/e28068940000500386620d4f, 81
1652707119.413987, sdrt-health/mac:02010b41cdec/antenna/tag/e28068940000400386621d4f, 77
1652707119.414434, sdrt-health/mac:02010b41cdec/antenna/tag/e2806894000050038661fd4f, 83
1652707119.458373, sdrt-health/mac:02010b41cdec/antenna/tag/e2806894000040038662114f, 85
1652707119.502756, sdrt-health/mac:02010b41cdec/antenna/tag/e2806894000040038662114f, 88
1652707119.565312, sdrt-health/mac:02010b41cdec/antenna/tag/e28068940000500386620d4f, 85
1652707119.56589, sdrt-health/mac:02010b41cdec/antenna/tag/e28068940000400386621d4f, 90
1652707119.588995, sdrt-health/mac:02010b41cdec/antenna/tag/e2806894000050038662194f, 83
1652707119.6459, sdrt-health/mac:02010b41cdec/antenna/tag/e2806894000050038661fd4f, 83
1652707119.646301, sdrt-health/mac:02010b41cdec/antenna/tag/e2806894000050038661fd4f, 90
1652707119.679601, sdrt-health/mac:02010b41cdec/antenna/tag/e28068940000500386620d4f, 93
1652707119.719396, sdrt-health/mac:02010b41cdec/antenna/tag/e28068940000400386621d4f, 90
1652707119.760681, sdrt-health/mac:02010b41cdec/antenna/tag/e28068940000500386620d4f, 83
1652707119.814321, sdrt-health/mac:02010b41cdec/antenna/tag/e2806894000040038662114f, 88
1652707119.814837, sdrt-health/mac:02010b41cdec/antenna/tag/e28068940000400386621d4f, 96
1652707119.830023, sdrt-health/mac:02010b41cdec/antenna/tag/e2806894000040038662114f, 88
1652707119.869085, sdrt-health/mac:02010b41cdec/antenna/tag/e2806894000050038661fd4f, 83
1652707119.915028, sdrt-health/mac:02010b41cdec/antenna/tag/e2806894000050038662154f, 88
1652707119.946678, sdrt-health/mac:02010b41cdec/antenna/tag/e2806894000050038662194f, 94
1652707119.947057, sdrt-health/mac:02010b41cdec/antenna/tag/e2806894000050038661fd4f, 83
1652707119.96116, sdrt-health/mac:02010b41cdec/antenna/tag/e28068940000500386620d4f, 94
1652707120.009486, sdrt-health/mac:02010b41cdec/antenna/tag/e2806894000040038661f94f, 94
1652707120.051732, sdrt-health/mac:02010b41cdec/antenna/tag/e2806894000050038662154f, 91
1652707120.086764, sdrt-health/mac:02010b41cdec/antenna/tag/e2806894000040038662114f, 88
1652707120.087256, sdrt-health/mac:02010b41cdec/antenna/tag/e28068940000400386621d4f, 90
1652707120.102617, sdrt-health/mac:02010b41cdec/antenna/tag/e2806894000040038662114f, 88
1652707120.10283, sdrt-health/mac:02010b41cdec/antenna/tag/e2806894000050038661fd4f, 86
1652707120.139123, sdrt-health/mac:02010b41cdec/antenna/tag/e2806894000040038662114f, 91
1652707120.179232, sdrt-health/mac:02010b41cdec/antenna/tag/e2806894000050038662154f, 91
1652707120.220209, sdrt-health/mac:02010b41cdec/antenna/tag/e2806894000040038662114f, 88
1652707120.260647, sdrt-health/mac:02010b41cdec/antenna/tag/e28068940000400386621d4f, 77
1652707120.310412, sdrt-health/mac:02010b41cdec/antenna/tag/e2806894000050038662194f, 94
1652707120.359845, sdrt-health/mac:02010b41cdec/antenna/tag/e28068940000400386621d4f, 77
1652707120.40799, sdrt-health/mac:02010b41cdec/antenna/tag/e28068940000400386621d4f, 77
1652707120.533702, sdrt-health/mac:02010b41cdec/antenna/tag/e2806894000050038661fd4f, 83
1652707120.534161, sdrt-health/mac:02010b41cdec/antenna/tag/e2806894000040038662114f, 88
1652707120.587673, sdrt-health/mac:02010b41cdec/antenna/tag/e2806894000050038661fd4f, 83
1652707120.644258, sdrt-health/mac:02010b41cdec/antenna/tag/e2806894000050038662154f, 88
1652707120.644805, sdrt-health/mac:02010b41cdec/antenna/tag/e2806894000050038662154f, 91
1652707120.659021, sdrt-health/mac:02010b41cdec/antenna/tag/e2806894000050038661fd4f, 83
1652707120.667698, sdrt-health/mac:02010b41cdec/antenna/tag/e2806894000050038661fd4f, 86
1652707120.710184, sdrt-health/mac:02010b41cdec/antenna/tag/e28068940000500386620d4f, 83
1652707120.749574, sdrt-health/mac:02010b41cdec/antenna/tag/e2806894000050038662154f, 88
1652707120.800015, sdrt-health/mac:02010b41cdec/antenna/tag/e2806894000050038661fd4f, 83
1652707120.966099, sdrt-health/mac:02010b41cdec/antenna/tag/e2806894000040038662114f, 88
1652707120.966583, sdrt-health/mac:02010b41cdec/antenna/tag/e28068940000400386621d4f, 96
1652707120.967039, sdrt-health/mac:02010b41cdec/antenna/tag/e2806894000040038662114f, 88
1652707120.967367, sdrt-health/mac:02010b41cdec/antenna/tag/e2806894000050038661fd4f, 86
1652707120.967685, sdrt-health/mac:02010b41cdec/antenna/tag/e2806894000050038662154f, 88
1652707121.065429, sdrt-health/mac:02010b41cdec/antenna/tag/e2806894000050038662194f, 81
1652707121.118046, sdrt-health/mac:02010b41cdec/antenna/tag/e2806894000050038662154f, 88
1652707121.118572, sdrt-health/mac:02010b41cdec/antenna/tag/e2806894000050038662154f, 85
1652707121.118919, sdrt-health/mac:02010b41cdec/antenna/tag/e28068940000500386620d4f, 81
1652707121.11924, sdrt-health/mac:02010b41cdec/antenna/tag/e2806894000050038662194f, 94
1652707121.132577, sdrt-health/mac:02010b41cdec/antenna/tag/e28068940000400386621d4f, 90
1652707121.132836, sdrt-health/mac:02010b41cdec/antenna/tag/e28068940000400386621d4f, 96
1652707121.133016, sdrt-health/mac:02010b41cdec/antenna/tag/e2806894000040038662114f, 88
1652707121.145202, sdrt-health/mac:02010b41cdec/antenna/tag/e2806894000050038662154f, 88
1652707121.196168, sdrt-health/mac:02010b41cdec/antenna/tag/e28068940000500386620d4f, 83
1652707121.253651, sdrt-health/mac:02010b41cdec/antenna/tag/e2806894000050038661fd4f, 83
1652707121.254177, sdrt-health/mac:02010b41cdec/antenna/tag/e2806894000040038662114f, 88
1652707121.268618, sdrt-health/mac:02010b41cdec/antenna/tag/e28068940000400386621d4f, 90
1652707121.279008, sdrt-health/mac:02010b41cdec/antenna/tag/e28068940000500386620d4f, 83
1652707121.338759, sdrt-health/mac:02010b41cdec/antenna/tag/e2806894000050038662194f, 81
1652707121.380132, sdrt-health/mac:02010b41cdec/antenna/tag/e2806894000050038662154f, 88
1652707121.439897, sdrt-health/mac:02010b41cdec/antenna/tag/e28068940000400386621d4f, 96
1652707121.509435, sdrt-health/mac:02010b41cdec/antenna/tag/e2806894000050038662194f, 88
1652707121.568765, sdrt-health/mac:02010b41cdec/antenna/tag/e2806894000040038662214f, 88
1652707121.609314, sdrt-health/mac:02010b41cdec/antenna/tag/e2806894000050038661fd4f, 83
1652707121.649492, sdrt-health/mac:02010b41cdec/antenna/tag/e28068940000500386620d4f, 81
1652707121.691131, sdrt-health/mac:02010b41cdec/antenna/tag/e2806894000050038662194f, 87
1652707121.738172, sdrt-health/mac:02010b41cdec/antenna/tag/e2806894000050038662154f, 88
1652707121.79278, sdrt-health/mac:02010b41cdec/antenna/tag/e2806894000050038661fd4f, 83
1652707121.793038, sdrt-health/mac:02010b41cdec/antenna/tag/e28068940000400386621d4f, 77
1652707121.806955, sdrt-health/mac:02010b41cdec/antenna/tag/e2806894000050038662154f, 88
1652707121.836785, sdrt-health/mac:02010b41cdec/antenna/tag/e2806894000050038662194f, 94
1652707121.837171, sdrt-health/mac:02010b41cdec/antenna/tag/e28068940000500386620d4f, 83
1652707121.857915, sdrt-health/mac:02010b41cdec/antenna/tag/e2806894000050038662154f, 88
1652707121.913081, sdrt-health/mac:02010b41cdec/antenna/tag/e2806894000050038662194f, 88
1652707121.913593, sdrt-health/mac:02010b41cdec/antenna/tag/e2806894000050038662154f, 85
1652707121.938617, sdrt-health/mac:02010b41cdec/antenna/tag/e28068940000500386620d4f, 81
1652707121.978437, sdrt-health/mac:02010b41cdec/antenna/tag/e2806894000040038662114f, 88
1652707122.029826, sdrt-health/mac:02010b41cdec/antenna/tag/e2806894000050038661fd4f, 83
1652707122.102955, sdrt-health/mac:02010b41cdec/antenna/tag/e2806894000050038661fd4f, 86
1652707122.103517, sdrt-health/mac:02010b41cdec/antenna/tag/e2806894000040038662114f, 85
1652707122.118343, sdrt-health/mac:02010b41cdec/antenna/tag/e2806894000040038662114f, 85
1652707122.135778, sdrt-health/mac:02010b41cdec/antenna/tag/e2806894000050038662194f, 81
1652707122.205278, sdrt-health/mac:02010b41cdec/antenna/tag/e2806894000050038661fd4f, 86
1652707122.20583, sdrt-health/mac:02010b41cdec/antenna/tag/e2806894000040038662114f, 88
1652707122.228462, sdrt-health/mac:02010b41cdec/antenna/tag/e2806894000050038662154f, 88
1652707122.294117, sdrt-health/mac:02010b41cdec/antenna/tag/e2806894000050038661fd4f, 86
1652707122.294731, sdrt-health/mac:02010b41cdec/antenna/tag/e28068940000400386621d4f, 96
1652707122.310423, sdrt-health/mac:02010b41cdec/antenna/tag/e2806894000050038662154f, 88
1652707122.328533, sdrt-health/mac:02010b41cdec/antenna/tag/e28068940000500386620d4f, 88
1652707122.367433, sdrt-health/mac:02010b41cdec/antenna/tag/e2806894000050038662154f, 97
1652707122.4083, sdrt-health/mac:02010b41cdec/antenna/tag/e28068940000400386621d4f, 96
1652707122.464494, sdrt-health/mac:02010b41cdec/antenna/tag/e2806894000040038662114f, 91
1652707122.464972, sdrt-health/mac:02010b41cdec/antenna/tag/e28068940000400386621d4f, 96
1652707122.498704, sdrt-health/mac:02010b41cdec/antenna/tag/e2806894000040038662114f, 85
1652707122.553307, sdrt-health/mac:02010b41cdec/antenna/tag/e2806894000050038662194f, 81
1652707122.553778, sdrt-health/mac:02010b41cdec/antenna/tag/e2806894000050038662154f, 88
1652707122.567016, sdrt-health/mac:02010b41cdec/antenna/tag/e28068940000400386621d4f, 96
1652707122.588888, sdrt-health/mac:02010b41cdec/antenna/tag/e28068940000500386620d4f, 83
1652707122.629464, sdrt-health/mac:02010b41cdec/antenna/tag/e28068940000400386621d4f, 96
1652707122.682964, sdrt-health/mac:02010b41cdec/antenna/tag/e2806894000040038662114f, 88
1652707122.68347, sdrt-health/mac:02010b41cdec/antenna/tag/e28068940000500386620d4f, 87
1652707122.708877, sdrt-health/mac:02010b41cdec/antenna/tag/e28068940000400386621d4f, 96
1652707122.749796, sdrt-health/mac:02010b41cdec/antenna/tag/e28068940000400386621d4f, 90
1652707122.894494, sdrt-health/mac:02010b41cdec/antenna/tag/e2806894000040038662114f, 85
1652707123.109554, sdrt-health/mac:02010b41cdec/antenna/tag/scan, scan stopped
