1652706892.121653, sdrt-health/mac:02010b41cdec/antenna/power/set, {"power": 300}
1652706893.216401, sdrt-health/mac:02010b41cdec/antenna/power/set, 
1652706897.14235, sdrt-health/mac:02010b41cdec/antenna/tag/scan, {"time": 20000}
1652706897.541157, sdrt-health/mac:02010b41cdec/antenna/tag/e2806894000050038661fd4f, 86
1652706897.591073, sdrt-health/mac:02010b41cdec/antenna/tag/e28068940000500386620d4f, 94
1652706897.630601, sdrt-health/mac:02010b41cdec/antenna/tag/e28068940000400386621d4f, 90
1652706897.672141, sdrt-health/mac:02010b41cdec/antenna/tag/e2806894000050038662194f, 83
1652706897.70291, sdrt-health/mac:02010b41cdec/antenna/tag/e2806894000050038662154f, 91
1652706897.703197, sdrt-health/mac:02010b41cdec/antenna/tag/e2806894000050038661fd4f, 83
1652706897.720683, sdrt-health/mac:02010b41cdec/antenna/tag/e2806894000040038662114f, 88
1652706897.758717, sdrt-health/mac:02010b41cdec/antenna/tag/e2806894000050038662154f, 91
1652706897.810199, sdrt-health/mac:02010b41cdec/antenna/tag/e28068940000500386620d4f, 88
1652706897.843286, sdrt-health/mac:02010b41cdec/antenna/tag/e2806894000040038662114f, 85
1652706897.843504, sdrt-health/mac:02010b41cdec/antenna/tag/e2806894000050038662154f, 91
1652706897.859642, sdrt-health/mac:02010b41cdec/antenna/tag/e28068940000500386620d4f, 84
1652706897.8599, sdrt-health/mac:02010b41cdec/antenna/tag/e2806894000040038662114f, 91
1652706897.900423, sdrt-health/mac:02010b41cdec/antenna/tag/e28068940000400386621d4f, 96
1652706897.990988, sdrt-health/mac:02010b41cdec/antenna/tag/e2806894000050038662194f, 83
1652706898.030119, sdrt-health/mac:02010b41cdec/antenna/tag/e28068940000400386621d4f, 77
1652706898.069453, sdrt-health/mac:02010b41cdec/antenna/tag/e28068940000400386621d4f, 96
1652706898.110165, sdrt-health/mac:02010b41cdec/antenna/tag/e28068940000500386620d4f, 87
1652706898.150513, sdrt-health/mac:02010b41cdec/antenna/tag/e28068940000400386621d4f, 96
1652706898.193836, sdrt-health/mac:02010b41cdec/antenna/tag/e28068940000400386621d4f, 77
1652706898.254995, sdrt-health/mac:02010b41cdec/antenna/tag/e2806894000040038662114f, 88
1652706898.255457, sdrt-health/mac:02010b41cdec/antenna/tag/e2806894000050038662154f, 91
1652706898.269564, sdrt-health/mac:02010b41cdec/antenna/tag/e28068940000400386621d4f, 77
1652706898.313279, sdrt-health/mac:02010b41cdec/antenna/tag/e28068940000500386620d4f, 94
1652706898.313627, sdrt-health/mac:02010b41cdec/antenna/tag/e2806894000040038662054f, 81
1652706898.359916, sdrt-health/mac:02010b41cdec/antenna/tag/e2806894000040038662114f, 88
1652706898.481842, sdrt-health/mac:02010b41cdec/antenna/tag/e2806894000040038662054f, 81
1652706898.521661, sdrt-health/mac:02010b41cdec/antenna/tag/e2806894000040038662054f, 94
1652706898.55306, sdrt-health/mac:02010b41cdec/antenna/tag/e28068940000400386621d4f, 96
1652706898.553389, sdrt-health/mac:02010b41cdec/antenna/tag/e2806894000040038662114f, 91
1652706898.569957, sdrt-health/mac:02010b41cdec/antenna/tag/e2806894000050038661fd4f, 83
1652706898.611697, sdrt-health/mac:02010b41cdec/antenna/tag/e28068940000400386621d4f, 96
1652706898.664677, sdrt-health/mac:02010b41cdec/antenna/tag/e2806894000040038662114f, 88
1652706898.665168, sdrt-health/mac:02010b41cdec/antenna/tag/e2806894000050038661fd4f, 86
1652706898.729442, sdrt-health/mac:02010b41cdec/antenna/tag/e2806894000040038662114f, 88
1652706898.769697, sdrt-health/mac:02010b41cdec/antenna/tag/e28068940000500386620d4f, 83
1652706898.824569, sdrt-health/mac:02010b41cdec/antenna/tag/e2806894000040038662114f, 97
1652706898.82503, sdrt-health/mac:02010b41cdec/antenna/tag/e2806894000050038662154f, 91
1652706898.850049, sdrt-health/mac:02010b41cdec/antenna/tag/e2806894000050038662154f, 88
1652706898.905028, sdrt-health/mac:02010b41cdec/antenna/tag/e2806894000040038662114f, 88
1652706898.905542, sdrt-health/mac:02010b41cdec/antenna/tag/e28068940000400386621d4f, 77
1652706898.940867, sdrt-health/mac:02010b41cdec/antenna/tag/e2806894000050038662154f, 91
1652706898.991349, sdrt-health/mac:02010b41cdec/antenna/tag/e2806894000050038662194f, 81
1652706899.022978, sdrt-health/mac:02010b41cdec/antenna/tag/e28068940000500386620d4f, 87
1652706899.023391, sdrt-health/mac:02010b41cdec/antenna/tag/e2806894000050038662154f, 91
1652706899.038568, sdrt-health/mac:02010b41cdec/antenna/tag/e2806894000050038662154f, 91
1652706899.110078, sdrt-health/mac:02010b41cdec/antenna/tag/e28068940000400386621d4f, 77
1652706899.149478, sdrt-health/mac:02010b41cdec/antenna/tag/e28068940000500386620d4f, 94
1652706899.207752, sdrt-health/mac:02010b41cdec/antenna/tag/e2806894000050038662194f, 83
1652706899.208286, sdrt-health/mac:02010b41cdec/antenna/tag/e2806894000050038662154f, 97
1652706899.222229, sdrt-health/mac:02010b41cdec/antenna/tag/e2806894000040038662114f, 88
1652706899.238414, sdrt-health/mac:02010b41cdec/antenna/tag/e28068940000500386620d4f, 87
1652706899.279432, sdrt-health/mac:02010b41cdec/antenna/tag/e28068940000500386620d4f, 87
1652706899.312047, sdrt-health/mac:02010b41cdec/antenna/tag/e2806894000050038661fd4f, 83
1652706899.312507, sdrt-health/mac:02010b41cdec/antenna/tag/e2806894000050038662154f, 91
1652706899.327186, sdrt-health/mac:02010b41cdec/antenna/tag/e2806894000040038662114f, 88
1652706899.376733, sdrt-health/mac:02010b41cdec/antenna/tag/e2806894000040038662114f, 88
1652706899.434959, sdrt-health/mac:02010b41cdec/antenna/tag/e2806894000040038662054f, 82
1652706899.435436, sdrt-health/mac:02010b41cdec/antenna/tag/e28068940000500386620d4f, 87
1652706899.450728, sdrt-health/mac:02010b41cdec/antenna/tag/e2806894000040038662114f, 88
1652706899.481746, sdrt-health/mac:02010b41cdec/antenna/tag/e2806894000050038662154f, 91
1652706899.537049, sdrt-health/mac:02010b41cdec/antenna/tag/e2806894000040038662054f, 81
1652706899.596185, sdrt-health/mac:02010b41cdec/antenna/tag/e2806894000040038662114f, 91
1652706899.596647, sdrt-health/mac:02010b41cdec/antenna/tag/e2806894000040038662114f, 88
1652706899.612351, sdrt-health/mac:02010b41cdec/antenna/tag/e28068940000400386621d4f, 96
1652706899.620109, sdrt-health/mac:02010b41cdec/antenna/tag/e2806894000050038662154f, 91
1652706899.627701, sdrt-health/mac:02010b41cdec/antenna/tag/e2806894000040038662054f, 84
1652706899.659629, sdrt-health/mac:02010b41cdec/antenna/tag/e28068940000500386620d4f, 83
1652706899.725689, sdrt-health/mac:02010b41cdec/antenna/tag/e2806894000040038662114f, 88
1652706899.72616, sdrt-health/mac:02010b41cdec/antenna/tag/e2806894000050038662154f, 88
1652706899.726503, sdrt-health/mac:02010b41cdec/antenna/tag/e2806894000050038661fd4f, 86
1652706899.74112, sdrt-health/mac:02010b41cdec/antenna/tag/e2806894000050038662154f, 88
1652706899.750534, sdrt-health/mac:02010b41cdec/antenna/tag/e2806894000040038661f94f, 82
1652706899.756808, sdrt-health/mac:02010b41cdec/antenna/tag/e2806894000050038662194f, 94
1652706899.800601, sdrt-health/mac:02010b41cdec/antenna/tag/e28068940000400386621d4f, 77
1652706899.869939, sdrt-health/mac:02010b41cdec/antenna/tag/e2806894000050038662154f, 88
1652706899.870444, sdrt-health/mac:02010b41cdec/antenna/tag/e2806894000050038662194f, 94
1652706899.870787, sdrt-health/mac:02010b41cdec/antenna/tag/e2806894000050038662154f, 91
1652706899.908266, sdrt-health/mac:02010b41cdec/antenna/tag/e2806894000040038662054f, 88
1652706899.967352, sdrt-health/mac:02010b41cdec/antenna/tag/e28068940000500386620d4f, 93
1652706899.96786, sdrt-health/mac:02010b41cdec/antenna/tag/e28068940000400386621d4f, 96
1652706899.984987, sdrt-health/mac:02010b41cdec/antenna/tag/e2806894000050038662154f, 91
1652706899.999947, sdrt-health/mac:02010b41cdec/antenna/tag/e2806894000050038662194f, 81
1652706900.041209, sdrt-health/mac:02010b41cdec/antenna/tag/e2806894000040038662114f, 91
1652706900.086888, sdrt-health/mac:02010b41cdec/antenna/tag/e28068940000500386620d4f, 88
1652706900.145693, sdrt-health/mac:02010b41cdec/antenna/tag/e28068940000400386621d4f, 96
1652706900.146224, sdrt-health/mac:02010b41cdec/antenna/tag/e2806894000040038662054f, 88
1652706900.185014, sdrt-health/mac:02010b41cdec/antenna/tag/e2806894000040038662114f, 91
1652706900.230192, sdrt-health/mac:02010b41cdec/antenna/tag/e2806894000050038662154f, 88
1652706900.27093, sdrt-health/mac:02010b41cdec/antenna/tag/e2806894000040038662054f, 94
1652706900.3122, sdrt-health/mac:02010b41cdec/antenna/tag/e2806894000050038662194f, 81
1652706900.361438, sdrt-health/mac:02010b41cdec/antenna/tag/e2806894000050038662194f, 81
1652706900.400738, sdrt-health/mac:02010b41cdec/antenna/tag/e28068940000400386621d4f, 96
1652706900.455364, sdrt-health/mac:02010b41cdec/antenna/tag/e2806894000050038661fd4f, 83
1652706900.455945, sdrt-health/mac:02010b41cdec/antenna/tag/e2806894000050038662154f, 91
1652706900.47131, sdrt-health/mac:02010b41cdec/antenna/tag/e28068940000500386620d4f, 87
1652706900.491143, sdrt-health/mac:02010b41cdec/antenna/tag/e28068940000500386620d4f, 93
1652706900.53099, sdrt-health/mac:02010b41cdec/antenna/tag/e28068940000500386620d4f, 87
1652706900.5867, sdrt-health/mac:02010b41cdec/antenna/tag/e28068940000400386621d4f, 96
1652706900.587316, sdrt-health/mac:02010b41cdec/antenna/tag/e2806894000040038662114f, 88
1652706900.610936, sdrt-health/mac:02010b41cdec/antenna/tag/e2806894000040038662114f, 88
1652706900.677014, sdrt-health/mac:02010b41cdec/antenna/tag/e2806894000050038661fd4f, 83
1652706900.677462, sdrt-health/mac:02010b41cdec/antenna/tag/e2806894000050038661fd4f, 86
1652706900.692978, sdrt-health/mac:02010b41cdec/antenna/tag/e2806894000040038661f94f, 84
1652706900.710168, sdrt-health/mac:02010b41cdec/antenna/tag/e2806894000050038662154f, 85
1652706900.785173, sdrt-health/mac:02010b41cdec/antenna/tag/e28068940000500386620d4f, 87
1652706900.785621, sdrt-health/mac:02010b41cdec/antenna/tag/e2806894000050038662194f, 83
1652706900.809971, sdrt-health/mac:02010b41cdec/antenna/tag/e2806894000050038662154f, 91
1652706900.849137, sdrt-health/mac:02010b41cdec/antenna/tag/e2806894000050038661fd4f, 86
1652706900.960042, sdrt-health/mac:02010b41cdec/antenna/tag/e28068940000400386621d4f, 96
1652706900.960486, sdrt-health/mac:02010b41cdec/antenna/tag/e28068940000400386621d4f, 96
1652706900.998594, sdrt-health/mac:02010b41cdec/antenna/tag/e2806894000050038662154f, 97
1652706901.057322, sdrt-health/mac:02010b41cdec/antenna/tag/e2806894000050038661fd4f, 86
1652706901.057885, sdrt-health/mac:02010b41cdec/antenna/tag/e2806894000040038662114f, 91
1652706901.081146, sdrt-health/mac:02010b41cdec/antenna/tag/e2806894000050038661fd4f, 86
1652706901.122094, sdrt-health/mac:02010b41cdec/antenna/tag/e28068940000500386620d4f, 93
1652706901.153646, sdrt-health/mac:02010b41cdec/antenna/tag/e2806894000050038661fd4f, 90
1652706901.15402, sdrt-health/mac:02010b41cdec/antenna/tag/e28068940000400386621d4f, 96
1652706901.168784, sdrt-health/mac:02010b41cdec/antenna/tag/e2806894000050038662154f, 88
1652706901.21124, sdrt-health/mac:02010b41cdec/antenna/tag/e2806894000040038662054f, 81
1652706901.257484, sdrt-health/mac:02010b41cdec/antenna/tag/e28068940000500386620d4f, 81
1652706901.290503, sdrt-health/mac:02010b41cdec/antenna/tag/e2806894000050038662154f, 88
1652706901.290836, sdrt-health/mac:02010b41cdec/antenna/tag/e2806894000040038662054f, 110
1652706901.306683, sdrt-health/mac:02010b41cdec/antenna/tag/e2806894000050038661fd4f, 86
1652706901.306938, sdrt-health/mac:02010b41cdec/antenna/tag/e2806894000040038662114f, 88
1652706901.349459, sdrt-health/mac:02010b41cdec/antenna/tag/e28068940000500386620d4f, 94
1652706901.438969, sdrt-health/mac:02010b41cdec/antenna/tag/e28068940000500386620d4f, 81
1652706901.482012, sdrt-health/mac:02010b41cdec/antenna/tag/e2806894000050038661fd4f, 86
1652706901.515047, sdrt-health/mac:02010b41cdec/antenna/tag/e28068940000400386621d4f, 96
1652706901.515539, sdrt-health/mac:02010b41cdec/antenna/tag/e28068940000400386621d4f, 96
1652706901.530445, sdrt-health/mac:02010b41cdec/antenna/tag/e2806894000050038661fd4f, 86
1652706901.578483, sdrt-health/mac:02010b41cdec/antenna/tag/e2806894000050038662194f, 81
1652706901.648718, sdrt-health/mac:02010b41cdec/antenna/tag/e2806894000050038661fd4f, 83
1652706901.649181, sdrt-health/mac:02010b41cdec/antenna/tag/e2806894000050038661fd4f, 86
1652706901.665922, sdrt-health/mac:02010b41cdec/antenna/tag/e2806894000050038662154f, 85
1652706901.690722, sdrt-health/mac:02010b41cdec/antenna/tag/e2806894000050038662154f, 85
1652706901.732764, sdrt-health/mac:02010b41cdec/antenna/tag/e2806894000050038661fd4f, 83
1652706901.753227, sdrt-health/mac:02010b41cdec/antenna/tag/e28068940000500386620d4f, 83
1652706901.753538, sdrt-health/mac:02010b41cdec/antenna/tag/e2806894000050038662194f, 94
1652706901.791883, sdrt-health/mac:02010b41cdec/antenna/tag/e2806894000050038662154f, 85
1652706901.830685, sdrt-health/mac:02010b41cdec/antenna/tag/e28068940000400386621d4f, 77
1652706901.830961, sdrt-health/mac:02010b41cdec/antenna/tag/e2806894000040038662114f, 88
1652706901.831145, sdrt-health/mac:02010b41cdec/antenna/tag/e2806894000050038662194f, 84
1652706901.831343, sdrt-health/mac:02010b41cdec/antenna/tag/e28068940000500386620d4f, 93
1652706901.846801, sdrt-health/mac:02010b41cdec/antenna/tag/e2806894000040038662114f, 91
1652706901.880049, sdrt-health/mac:02010b41cdec/antenna/tag/e2806894000050038662154f, 88
1652706901.939211, sdrt-health/mac:02010b41cdec/antenna/tag/e2806894000050038661fd4f, 83
1652706901.939661, sdrt-health/mac:02010b41cdec/antenna/tag/e2806894000050038662194f, 94
1652706901.959879, sdrt-health/mac:02010b41cdec/antenna/tag/e2806894000040038661f94f, 88
1652706902.041432, sdrt-health/mac:02010b41cdec/antenna/tag/e28068940000400386621d4f, 90
1652706902.041935, sdrt-health/mac:02010b41cdec/antenna/tag/e2806894000040038662114f, 91
1652706902.057473, sdrt-health/mac:02010b41cdec/antenna/tag/e2806894000050038662154f, 91
1652706902.057808, sdrt-health/mac:02010b41cdec/antenna/tag/e28068940000500386620d4f, 87
1652706902.05804, sdrt-health/mac:02010b41cdec/antenna/tag/e28068940000400386621d4f, 90
1652706902.135233, sdrt-health/mac:02010b41cdec/antenna/tag/e28068940000400386621d4f, 96
1652706902.207693, sdrt-health/mac:02010b41cdec/antenna/tag/e2806894000050038662154f, 88
1652706902.24319, sdrt-health/mac:02010b41cdec/antenna/tag/e2806894000040038662114f, 91
1652706902.243531, sdrt-health/mac:02010b41cdec/antenna/tag/e2806894000050038662194f, 83
1652706902.262113, sdrt-health/mac:02010b41cdec/antenna/tag/e2806894000050038662194f, 83
1652706902.262406, sdrt-health/mac:02010b41cdec/antenna/tag/e2806894000050038661fd4f, 86
1652706902.262643, sdrt-health/mac:02010b41cdec/antenna/tag/e2806894000050038662154f, 85
1652706902.372153, sdrt-health/mac:02010b41cdec/antenna/tag/e28068940000400386621d4f, 77
1652706902.406633, sdrt-health/mac:02010b41cdec/antenna/tag/e2806894000050038662194f, 83
1652706902.407185, sdrt-health/mac:02010b41cdec/antenna/tag/e28068940000500386620d4f, 88
1652706902.430892, sdrt-health/mac:02010b41cdec/antenna/tag/e2806894000050038662154f, 97
1652706902.462131, sdrt-health/mac:02010b41cdec/antenna/tag/e2806894000050038662194f, 81
1652706902.46233, sdrt-health/mac:02010b41cdec/antenna/tag/e2806894000040038662114f, 88
1652706902.46251, sdrt-health/mac:02010b41cdec/antenna/tag/e28068940000400386621d4f, 96
1652706902.487365, sdrt-health/mac:02010b41cdec/antenna/tag/e28068940000500386620d4f, 88
1652706902.545833, sdrt-health/mac:02010b41cdec/antenna/tag/e2806894000040038662054f, 94
1652706902.546317, sdrt-health/mac:02010b41cdec/antenna/tag/e2806894000040038662114f, 88
1652706902.622774, sdrt-health/mac:02010b41cdec/antenna/tag/e2806894000050038661fd4f, 86
1652706902.701736, sdrt-health/mac:02010b41cdec/antenna/tag/e2806894000050038662194f, 83
1652706902.786311, sdrt-health/mac:02010b41cdec/antenna/tag/e28068940000400386621d4f, 96
1652706902.786768, sdrt-health/mac:02010b41cdec/antenna/tag/e2806894000050038661fd4f, 86
1652706902.842702, sdrt-health/mac:02010b41cdec/antenna/tag/e2806894000050038662154f, 88
1652706902.87553, sdrt-health/mac:02010b41cdec/antenna/tag/e2806894000050038662194f, 94
1652706902.875918, sdrt-health/mac:02010b41cdec/antenna/tag/e2806894000040038662114f, 88
1652706902.905519, sdrt-health/mac:02010b41cdec/antenna/tag/e2806894000040038661f94f, 88
1652706902.9364, sdrt-health/mac:02010b41cdec/antenna/tag/e2806894000040038662114f, 85
1652706902.936638, sdrt-health/mac:02010b41cdec/antenna/tag/e2806894000040038661f94f, 81
1652706902.936761, sdrt-health/mac:02010b41cdec/antenna/tag/e2806894000050038661fd4f, 86
1652706902.953504, sdrt-health/mac:02010b41cdec/antenna/tag/e28068940000500386620d4f, 83
1652706902.953735, sdrt-health/mac:02010b41cdec/antenna/tag/e2806894000050038662194f, 94
1652706902.953871, sdrt-health/mac:02010b41cdec/antenna/tag/e2806894000050038662154f, 88
1652706902.99029, sdrt-health/mac:02010b41cdec/antenna/tag/e2806894000040038662114f, 88
1652706903.029707, sdrt-health/mac:02010b41cdec/antenna/tag/e2806894000050038661fd4f, 83
1652706903.070643, sdrt-health/mac:02010b41cdec/antenna/tag/e2806894000050038662154f, 91
1652706903.126569, sdrt-health/mac:02010b41cdec/antenna/tag/e28068940000500386620d4f, 88
1652706903.127248, sdrt-health/mac:02010b41cdec/antenna/tag/e2806894000050038661fd4f, 83
1652706903.149378, sdrt-health/mac:02010b41cdec/antenna/tag/e28068940000500386620d4f, 87
1652706903.208269, sdrt-health/mac:02010b41cdec/antenna/tag/e2806894000050038662194f, 83
1652706903.20871, sdrt-health/mac:02010b41cdec/antenna/tag/e2806894000050038661fd4f, 83
1652706903.250673, sdrt-health/mac:02010b41cdec/antenna/tag/e2806894000050038662194f, 83
1652706903.290167, sdrt-health/mac:02010b41cdec/antenna/tag/e28068940000400386621d4f, 77
1652706903.330024, sdrt-health/mac:02010b41cdec/antenna/tag/e2806894000050038662154f, 97
1652706903.427155, sdrt-health/mac:02010b41cdec/antenna/tag/e2806894000050038661fd4f, 83
1652706903.427675, sdrt-health/mac:02010b41cdec/antenna/tag/e28068940000400386621d4f, 77
1652706903.460031, sdrt-health/mac:02010b41cdec/antenna/tag/e28068940000500386620d4f, 81
1652706903.516273, sdrt-health/mac:02010b41cdec/antenna/tag/e2806894000050038662194f, 83
1652706903.516751, sdrt-health/mac:02010b41cdec/antenna/tag/e2806894000040038662054f, 94
1652706903.548206, sdrt-health/mac:02010b41cdec/antenna/tag/e2806894000040038662114f, 91
1652706903.590816, sdrt-health/mac:02010b41cdec/antenna/tag/e28068940000500386620d4f, 88
1652706903.621044, sdrt-health/mac:02010b41cdec/antenna/tag/e2806894000050038662154f, 91
1652706903.621348, sdrt-health/mac:02010b41cdec/antenna/tag/e28068940000500386620d4f, 81
1652706903.669923, sdrt-health/mac:02010b41cdec/antenna/tag/e28068940000500386620d4f, 84
1652706903.709269, sdrt-health/mac:02010b41cdec/antenna/tag/e28068940000400386621d4f, 96
1652706903.789003, sdrt-health/mac:02010b41cdec/antenna/tag/e2806894000050038661fd4f, 83
1652706903.850967, sdrt-health/mac:02010b41cdec/antenna/tag/e28068940000400386621d4f, 77
1652706903.915814, sdrt-health/mac:02010b41cdec/antenna/tag/e2806894000050038661fd4f, 83
1652706903.916349, sdrt-health/mac:02010b41cdec/antenna/tag/e2806894000050038662154f, 85
1652706903.94985, sdrt-health/mac:02010b41cdec/antenna/tag/e2806894000050038662154f, 88
1652706903.984315, sdrt-health/mac:02010b41cdec/antenna/tag/e2806894000040038662114f, 88
1652706903.984865, sdrt-health/mac:02010b41cdec/antenna/tag/e2806894000040038662054f, 94
1652706903.985221, sdrt-health/mac:02010b41cdec/antenna/tag/e2806894000050038661fd4f, 86
1652706903.999433, sdrt-health/mac:02010b41cdec/antenna/tag/e28068940000500386620d4f, 81
1652706903.999819, sdrt-health/mac:02010b41cdec/antenna/tag/e2806894000040038662114f, 85
1652706904.039542, sdrt-health/mac:02010b41cdec/antenna/tag/e2806894000050038662154f, 91
1652706904.080135, sdrt-health/mac:02010b41cdec/antenna/tag/e2806894000050038661fd4f, 86
1652706904.113395, sdrt-health/mac:02010b41cdec/antenna/tag/e2806894000050038662154f, 88
1652706904.113939, sdrt-health/mac:02010b41cdec/antenna/tag/e2806894000040038662114f, 91
1652706904.127917, sdrt-health/mac:02010b41cdec/antenna/tag/e2806894000050038662154f, 91
1652706904.170026, sdrt-health/mac:02010b41cdec/antenna/tag/e28068940000400386621d4f, 96
1652706904.211099, sdrt-health/mac:02010b41cdec/antenna/tag/e2806894000050038661fd4f, 83
1652706904.306022, sdrt-health/mac:02010b41cdec/antenna/tag/e2806894000050038662154f, 88
1652706904.306492, sdrt-health/mac:02010b41cdec/antenna/tag/e28068940000400386621d4f, 96
1652706904.340661, sdrt-health/mac:02010b41cdec/antenna/tag/e2806894000050038661fd4f, 86
1652706904.382696, sdrt-health/mac:02010b41cdec/antenna/tag/e28068940000400386621d4f, 77
1652706904.447029, sdrt-health/mac:02010b41cdec/antenna/tag/e2806894000040038662054f, 84
1652706904.447518, sdrt-health/mac:02010b41cdec/antenna/tag/e28068940000400386621d4f, 77
1652706904.480786, sdrt-health/mac:02010b41cdec/antenna/tag/e2806894000050038662194f, 83
1652706904.521544, sdrt-health/mac:02010b41cdec/antenna/tag/e2806894000050038662154f, 88
1652706904.576994, sdrt-health/mac:02010b41cdec/antenna/tag/e28068940000500386620d4f, 94
1652706904.577494, sdrt-health/mac:02010b41cdec/antenna/tag/e2806894000040038662054f, 88
1652706904.611645, sdrt-health/mac:02010b41cdec/antenna/tag/e28068940000400386621d4f, 90
1652706904.645025, sdrt-health/mac:02010b41cdec/antenna/tag/e28068940000500386620d4f, 87
1652706904.645276, sdrt-health/mac:02010b41cdec/antenna/tag/e2806894000050038662154f, 91
1652706904.681298, sdrt-health/mac:02010b41cdec/antenna/tag/e2806894000050038662154f, 88
1652706904.729772, sdrt-health/mac:02010b41cdec/antenna/tag/e28068940000500386620d4f, 84
1652706904.770647, sdrt-health/mac:02010b41cdec/antenna/tag/e2806894000050038662154f, 88
1652706904.830729, sdrt-health/mac:02010b41cdec/antenna/tag/e2806894000040038662114f, 88
1652706904.869281, sdrt-health/mac:02010b41cdec/antenna/tag/e28068940000500386620d4f, 87
1652706904.92014, sdrt-health/mac:02010b41cdec/antenna/tag/e28068940000500386620d4f, 84
1652706905.171857, sdrt-health/mac:02010b41cdec/antenna/tag/e2806894000040038662054f, 81
1652706905.203146, sdrt-health/mac:02010b41cdec/antenna/tag/e2806894000050038662194f, 81
1652706905.203659, sdrt-health/mac:02010b41cdec/antenna/tag/e2806894000040038662114f, 91
1652706905.219832, sdrt-health/mac:02010b41cdec/antenna/tag/e2806894000040038662114f, 91
1652706905.252267, sdrt-health/mac:02010b41cdec/antenna/tag/e28068940000400386621d4f, 96
1652706905.252686, sdrt-health/mac:02010b41cdec/antenna/tag/e28068940000500386620d4f, 94
1652706905.252903, sdrt-health/mac:02010b41cdec/antenna/tag/e2806894000050038662194f, 83
1652706905.253085, sdrt-health/mac:02010b41cdec/antenna/tag/e2806894000050038662154f, 91
1652706905.253265, sdrt-health/mac:02010b41cdec/antenna/tag/e2806894000050038662194f, 83
1652706905.253443, sdrt-health/mac:02010b41cdec/antenna/tag/e2806894000040038662054f, 81
1652706905.269482, sdrt-health/mac:02010b41cdec/antenna/tag/e2806894000050038661fd4f, 83
1652706905.32656, sdrt-health/mac:02010b41cdec/antenna/tag/e28068940000400386621d4f, 96
1652706905.327137, sdrt-health/mac:02010b41cdec/antenna/tag/e2806894000040038662054f, 81
1652706905.341911, sdrt-health/mac:02010b41cdec/antenna/tag/e2806894000050038662154f, 91
1652706905.34889, sdrt-health/mac:02010b41cdec/antenna/tag/e2806894000050038662154f, 85
1652706905.359747, sdrt-health/mac:02010b41cdec/antenna/tag/e2806894000050038662154f, 91
1652706905.389624, sdrt-health/mac:02010b41cdec/antenna/tag/e2806894000050038661fd4f, 83
1652706905.469788, sdrt-health/mac:02010b41cdec/antenna/tag/e2806894000050038661fd4f, 83
1652706905.510827, sdrt-health/mac:02010b41cdec/antenna/tag/e28068940000400386621d4f, 96
1652706905.567295, sdrt-health/mac:02010b41cdec/antenna/tag/e2806894000040038662114f, 85
1652706905.56781, sdrt-health/mac:02010b41cdec/antenna/tag/e2806894000040038662114f, 88
1652706905.568229, sdrt-health/mac:02010b41cdec/antenna/tag/e2806894000050038662194f, 81
1652706905.600315, sdrt-health/mac:02010b41cdec/antenna/tag/e2806894000050038662194f, 83
1652706905.640248, sdrt-health/mac:02010b41cdec/antenna/tag/e2806894000040038662114f, 88
1652706905.703498, sdrt-health/mac:02010b41cdec/antenna/tag/e2806894000050038662154f, 91
1652706905.703997, sdrt-health/mac:02010b41cdec/antenna/tag/e2806894000050038662154f, 91
1652706905.719745, sdrt-health/mac:02010b41cdec/antenna/tag/e2806894000040038662114f, 88
1652706905.771119, sdrt-health/mac:02010b41cdec/antenna/tag/e2806894000050038661fd4f, 86
1652706905.820972, sdrt-health/mac:02010b41cdec/antenna/tag/e2806894000040038662054f, 81
1652706905.860615, sdrt-health/mac:02010b41cdec/antenna/tag/e2806894000040038661f94f, 94
1652706905.921053, sdrt-health/mac:02010b41cdec/antenna/tag/e28068940000400386621d4f, 96
1652706905.960203, sdrt-health/mac:02010b41cdec/antenna/tag/e2806894000050038661fd4f, 86
1652706906.007816, sdrt-health/mac:02010b41cdec/antenna/tag/e2806894000040038662114f, 88
1652706906.038194, sdrt-health/mac:02010b41cdec/antenna/tag/e2806894000040038661f94f, 84
1652706906.038477, sdrt-health/mac:02010b41cdec/antenna/tag/e2806894000040038662054f, 81
1652706906.057709, sdrt-health/mac:02010b41cdec/antenna/tag/e2806894000050038662154f, 91
1652706906.118724, sdrt-health/mac:02010b41cdec/antenna/tag/e2806894000040038662114f, 88
1652706906.119239, sdrt-health/mac:02010b41cdec/antenna/tag/e2806894000040038662054f, 88
1652706906.158416, sdrt-health/mac:02010b41cdec/antenna/tag/e28068940000400386621d4f, 90
1652706906.21642, sdrt-health/mac:02010b41cdec/antenna/tag/e28068940000500386620d4f, 87
1652706906.216956, sdrt-health/mac:02010b41cdec/antenna/tag/e28068940000400386621d4f, 90
1652706906.232452, sdrt-health/mac:02010b41cdec/antenna/tag/e28068940000500386620d4f, 83
1652706906.288939, sdrt-health/mac:02010b41cdec/antenna/tag/e2806894000050038661fd4f, 83
1652706906.330049, sdrt-health/mac:02010b41cdec/antenna/tag/e28068940000400386621d4f, 77
1652706906.368947, sdrt-health/mac:02010b41cdec/antenna/tag/e2806894000040038662114f, 88
1652706906.417954, sdrt-health/mac:02010b41cdec/antenna/tag/e28068940000400386621d4f, 96
1652706906.461998, sdrt-health/mac:02010b41cdec/antenna/tag/e28068940000500386620d4f, 85
1652706906.494963, sdrt-health/mac:02010b41cdec/antenna/tag/e2806894000050038661fd4f, 83
1652706906.495257, sdrt-health/mac:02010b41cdec/antenna/tag/e28068940000400386621d4f, 90
1652706906.513332, sdrt-health/mac:02010b41cdec/antenna/tag/e28068940000500386620d4f, 81
1652706906.557555, sdrt-health/mac:02010b41cdec/antenna/tag/e2806894000050038662194f, 83
1652706906.588923, sdrt-health/mac:02010b41cdec/antenna/tag/e2806894000050038662154f, 91
1652706906.589358, sdrt-health/mac:02010b41cdec/antenna/tag/e28068940000500386620d4f, 81
1652706906.603699, sdrt-health/mac:02010b41cdec/antenna/tag/e2806894000050038662194f, 84
1652706906.603977, sdrt-health/mac:02010b41cdec/antenna/tag/e28068940000400386621d4f, 96
1652706906.639808, sdrt-health/mac:02010b41cdec/antenna/tag/e2806894000050038661fd4f, 86
1652706906.688776, sdrt-health/mac:02010b41cdec/antenna/tag/e2806894000050038662154f, 88
1652706906.72907, sdrt-health/mac:02010b41cdec/antenna/tag/e2806894000050038661fd4f, 86
1652706906.769601, sdrt-health/mac:02010b41cdec/antenna/tag/e2806894000040038661f94f, 82
1652706906.809911, sdrt-health/mac:02010b41cdec/antenna/tag/e2806894000050038662194f, 84
1652706906.879931, sdrt-health/mac:02010b41cdec/antenna/tag/e2806894000050038662154f, 91
1652706906.92249, sdrt-health/mac:02010b41cdec/antenna/tag/e28068940000500386620d4f, 87
1652706906.978283, sdrt-health/mac:02010b41cdec/antenna/tag/e2806894000040038662114f, 88
1652706906.978826, sdrt-health/mac:02010b41cdec/antenna/tag/e28068940000400386621d4f, 96
1652706906.99533, sdrt-health/mac:02010b41cdec/antenna/tag/e2806894000050038662154f, 97
1652706907.018072, sdrt-health/mac:02010b41cdec/antenna/tag/e2806894000050038662194f, 81
1652706907.075344, sdrt-health/mac:02010b41cdec/antenna/tag/e2806894000040038662114f, 88
1652706907.075797, sdrt-health/mac:02010b41cdec/antenna/tag/e28068940000400386621d4f, 96
1652706907.093036, sdrt-health/mac:02010b41cdec/antenna/tag/e2806894000040038662114f, 88
1652706907.100457, sdrt-health/mac:02010b41cdec/antenna/tag/e2806894000050038661fd4f, 83
1652706907.136032, sdrt-health/mac:02010b41cdec/antenna/tag/e2806894000040038661f94f, 84
1652706907.183913, sdrt-health/mac:02010b41cdec/antenna/tag/e28068940000500386620d4f, 87
1652706907.237347, sdrt-health/mac:02010b41cdec/antenna/tag/e28068940000400386621d4f, 77
1652706907.308337, sdrt-health/mac:02010b41cdec/antenna/tag/e28068940000500386620d4f, 88
1652706907.308804, sdrt-health/mac:02010b41cdec/antenna/tag/e2806894000050038662194f, 87
1652706907.309146, sdrt-health/mac:02010b41cdec/antenna/tag/e28068940000400386621d4f, 96
1652706907.358735, sdrt-health/mac:02010b41cdec/antenna/tag/e2806894000050038661fd4f, 86
1652706907.400307, sdrt-health/mac:02010b41cdec/antenna/tag/e28068940000400386621d4f, 96
1652706907.467743, sdrt-health/mac:02010b41cdec/antenna/tag/e2806894000050038662154f, 91
1652706907.540338, sdrt-health/mac:02010b41cdec/antenna/tag/e2806894000050038662194f, 84
1652706907.581175, sdrt-health/mac:02010b41cdec/antenna/tag/e28068940000500386620d4f, 83
1652706907.619541, sdrt-health/mac:02010b41cdec/antenna/tag/e2806894000040038662054f, 81
1652706907.670338, sdrt-health/mac:02010b41cdec/antenna/tag/e2806894000050038662194f, 83
1652706907.709667, sdrt-health/mac:02010b41cdec/antenna/tag/e28068940000400386621d4f, 96
1652706907.766149, sdrt-health/mac:02010b41cdec/antenna/tag/e2806894000050038662154f, 88
1652706907.76672, sdrt-health/mac:02010b41cdec/antenna/tag/e2806894000040038662054f, 84
1652706907.781167, sdrt-health/mac:02010b41cdec/antenna/tag/e2806894000050038661fd4f, 83
1652706907.813072, sdrt-health/mac:02010b41cdec/antenna/tag/e2806894000050038662194f, 87
1652706907.813375, sdrt-health/mac:02010b41cdec/antenna/tag/e2806894000040038662114f, 88
1652706907.839708, sdrt-health/mac:02010b41cdec/antenna/tag/e2806894000050038662154f, 91
1652706907.88085, sdrt-health/mac:02010b41cdec/antenna/tag/e28068940000500386620d4f, 83
1652706907.978695, sdrt-health/mac:02010b41cdec/antenna/tag/e2806894000040038662054f, 94
1652706908.029953, sdrt-health/mac:02010b41cdec/antenna/tag/e28068940000500386620d4f, 94
1652706908.088113, sdrt-health/mac:02010b41cdec/antenna/tag/e28068940000400386621d4f, 90
1652706908.088565, sdrt-health/mac:02010b41cdec/antenna/tag/e2806894000050038662194f, 94
1652706908.104168, sdrt-health/mac:02010b41cdec/antenna/tag/e2806894000050038662154f, 85
1652706908.119157, sdrt-health/mac:02010b41cdec/antenna/tag/e28068940000400386621d4f, 77
1652706908.15349, sdrt-health/mac:02010b41cdec/antenna/tag/e2806894000050038661fd4f, 83
1652706908.153843, sdrt-health/mac:02010b41cdec/antenna/tag/e2806894000050038661fd4f, 86
1652706908.180883, sdrt-health/mac:02010b41cdec/antenna/tag/e28068940000400386621d4f, 77
1652706908.231542, sdrt-health/mac:02010b41cdec/antenna/tag/e2806894000050038662194f, 94
1652706908.26456, sdrt-health/mac:02010b41cdec/antenna/tag/e28068940000400386621d4f, 77
1652706908.264934, sdrt-health/mac:02010b41cdec/antenna/tag/e2806894000050038661fd4f, 83
1652706908.279957, sdrt-health/mac:02010b41cdec/antenna/tag/e28068940000500386620d4f, 81
1652706908.312801, sdrt-health/mac:02010b41cdec/antenna/tag/e2806894000050038661fd4f, 86
1652706908.313013, sdrt-health/mac:02010b41cdec/antenna/tag/e2806894000050038662154f, 85
1652706908.31316, sdrt-health/mac:02010b41cdec/antenna/tag/e28068940000500386620d4f, 83
1652706908.328673, sdrt-health/mac:02010b41cdec/antenna/tag/e2806894000050038662194f, 88
1652706908.379108, sdrt-health/mac:02010b41cdec/antenna/tag/e2806894000050038662194f, 88
1652706908.436402, sdrt-health/mac:02010b41cdec/antenna/tag/e2806894000050038661fd4f, 83
1652706908.436942, sdrt-health/mac:02010b41cdec/antenna/tag/e2806894000050038662154f, 88
1652706908.479119, sdrt-health/mac:02010b41cdec/antenna/tag/e2806894000050038662154f, 88
1652706908.523713, sdrt-health/mac:02010b41cdec/antenna/tag/e28068940000400386621d4f, 96
1652706908.573109, sdrt-health/mac:02010b41cdec/antenna/tag/e28068940000500386620d4f, 87
1652706908.573601, sdrt-health/mac:02010b41cdec/antenna/tag/e2806894000040038662114f, 88
1652706908.591849, sdrt-health/mac:02010b41cdec/antenna/tag/e2806894000050038661fd4f, 86
1652706908.611185, sdrt-health/mac:02010b41cdec/antenna/tag/e2806894000050038661fd4f, 86
1652706908.643507, sdrt-health/mac:02010b41cdec/antenna/tag/e2806894000050038662154f, 91
1652706908.643892, sdrt-health/mac:02010b41cdec/antenna/tag/e28068940000400386621d4f, 90
1652706908.659883, sdrt-health/mac:02010b41cdec/antenna/tag/e2806894000050038662194f, 87
1652706908.697652, sdrt-health/mac:02010b41cdec/antenna/tag/e2806894000050038662154f, 85
1652706908.740451, sdrt-health/mac:02010b41cdec/antenna/tag/e28068940000400386621d4f, 77
1652706908.782903, sdrt-health/mac:02010b41cdec/antenna/tag/e2806894000050038662154f, 88
1652706908.85609, sdrt-health/mac:02010b41cdec/antenna/tag/e28068940000500386620d4f, 88
1652706908.856545, sdrt-health/mac:02010b41cdec/antenna/tag/e2806894000050038661fd4f, 86
1652706908.879575, sdrt-health/mac:02010b41cdec/antenna/tag/e2806894000050038662194f, 87
1652706908.92087, sdrt-health/mac:02010b41cdec/antenna/tag/e2806894000050038662194f, 83
1652706908.960439, sdrt-health/mac:02010b41cdec/antenna/tag/e2806894000040038661f94f, 82
1652706908.999517, sdrt-health/mac:02010b41cdec/antenna/tag/e2806894000040038661f94f, 81
1652706909.040605, sdrt-health/mac:02010b41cdec/antenna/tag/e2806894000050038662154f, 91
1652706909.098967, sdrt-health/mac:02010b41cdec/antenna/tag/e2806894000050038661fd4f, 83
1652706909.09953, sdrt-health/mac:02010b41cdec/antenna/tag/e28068940000500386620d4f, 83
1652706909.121691, sdrt-health/mac:02010b41cdec/antenna/tag/e2806894000050038662194f, 87
1652706909.176227, sdrt-health/mac:02010b41cdec/antenna/tag/e2806894000040038662114f, 88
1652706909.1768, sdrt-health/mac:02010b41cdec/antenna/tag/e28068940000400386621d4f, 96
1652706909.192006, sdrt-health/mac:02010b41cdec/antenna/tag/e2806894000050038661fd4f, 83
1652706909.206827, sdrt-health/mac:02010b41cdec/antenna/tag/e2806894000050038662154f, 91
1652706909.25151, sdrt-health/mac:02010b41cdec/antenna/tag/e2806894000050038662194f, 94
1652706909.323602, sdrt-health/mac:02010b41cdec/antenna/tag/e2806894000040038662114f, 88
1652706909.323812, sdrt-health/mac:02010b41cdec/antenna/tag/e2806894000050038662194f, 81
1652706909.339269, sdrt-health/mac:02010b41cdec/antenna/tag/e2806894000050038662154f, 97
1652706909.403518, sdrt-health/mac:02010b41cdec/antenna/tag/e2806894000040038662114f, 88
1652706909.404027, sdrt-health/mac:02010b41cdec/antenna/tag/e2806894000040038661f94f, 88
1652706909.43199, sdrt-health/mac:02010b41cdec/antenna/tag/e2806894000050038662154f, 85
1652706909.469808, sdrt-health/mac:02010b41cdec/antenna/tag/e2806894000040038661f94f, 88
1652706909.510466, sdrt-health/mac:02010b41cdec/antenna/tag/e2806894000050038662194f, 81
1652706909.54624, sdrt-health/mac:02010b41cdec/antenna/tag/e2806894000050038661fd4f, 83
1652706909.546595, sdrt-health/mac:02010b41cdec/antenna/tag/e2806894000050038661fd4f, 83
1652706909.568684, sdrt-health/mac:02010b41cdec/antenna/tag/e2806894000050038662194f, 81
1652706909.626793, sdrt-health/mac:02010b41cdec/antenna/tag/e2806894000050038662154f, 88
1652706909.627388, sdrt-health/mac:02010b41cdec/antenna/tag/e2806894000050038661fd4f, 86
1652706909.642996, sdrt-health/mac:02010b41cdec/antenna/tag/e2806894000040038662114f, 88
1652706909.659657, sdrt-health/mac:02010b41cdec/antenna/tag/e2806894000050038661fd4f, 83
1652706909.726505, sdrt-health/mac:02010b41cdec/antenna/tag/e2806894000050038662154f, 85
1652706909.727044, sdrt-health/mac:02010b41cdec/antenna/tag/e28068940000400386621d4f, 77
1652706909.744757, sdrt-health/mac:02010b41cdec/antenna/tag/e28068940000400386621d4f, 77
1652706909.750168, sdrt-health/mac:02010b41cdec/antenna/tag/e2806894000050038662154f, 88
1652706909.760921, sdrt-health/mac:02010b41cdec/antenna/tag/e28068940000400386621d4f, 96
1652706909.790975, sdrt-health/mac:02010b41cdec/antenna/tag/e2806894000050038662194f, 88
1652706909.865469, sdrt-health/mac:02010b41cdec/antenna/tag/e2806894000050038662154f, 88
1652706909.865875, sdrt-health/mac:02010b41cdec/antenna/tag/e28068940000400386621d4f, 96
1652706909.866183, sdrt-health/mac:02010b41cdec/antenna/tag/e2806894000050038661fd4f, 90
1652706909.898249, sdrt-health/mac:02010b41cdec/antenna/tag/e2806894000050038662194f, 94
1652706909.94851, sdrt-health/mac:02010b41cdec/antenna/tag/e2806894000040038662114f, 88
1652706910.013553, sdrt-health/mac:02010b41cdec/antenna/tag/e2806894000050038662154f, 85
1652706910.014102, sdrt-health/mac:02010b41cdec/antenna/tag/e28068940000400386621d4f, 90
1652706910.05006, sdrt-health/mac:02010b41cdec/antenna/tag/e2806894000050038662194f, 84
1652706910.123804, sdrt-health/mac:02010b41cdec/antenna/tag/e28068940000500386620d4f, 81
1652706910.124573, sdrt-health/mac:02010b41cdec/antenna/tag/e2806894000040038662114f, 88
1652706910.141621, sdrt-health/mac:02010b41cdec/antenna/tag/e28068940000500386620d4f, 81
1652706910.149429, sdrt-health/mac:02010b41cdec/antenna/tag/e2806894000050038662194f, 87
1652706910.199512, sdrt-health/mac:02010b41cdec/antenna/tag/e2806894000050038662154f, 88
1652706910.240248, sdrt-health/mac:02010b41cdec/antenna/tag/e28068940000500386620d4f, 81
1652706910.280442, sdrt-health/mac:02010b41cdec/antenna/tag/e2806894000040038662114f, 85
1652706910.335687, sdrt-health/mac:02010b41cdec/antenna/tag/e28068940000500386620d4f, 88
1652706910.336146, sdrt-health/mac:02010b41cdec/antenna/tag/e28068940000400386621d4f, 77
1652706910.420374, sdrt-health/mac:02010b41cdec/antenna/tag/e2806894000050038661fd4f, 86
1652706910.460383, sdrt-health/mac:02010b41cdec/antenna/tag/e28068940000400386621d4f, 96
1652706910.500711, sdrt-health/mac:02010b41cdec/antenna/tag/e2806894000050038661fd4f, 86
1652706910.54149, sdrt-health/mac:02010b41cdec/antenna/tag/e2806894000050038662194f, 88
1652706910.616264, sdrt-health/mac:02010b41cdec/antenna/tag/e2806894000050038661fd4f, 86
1652706910.616772, sdrt-health/mac:02010b41cdec/antenna/tag/e28068940000500386620d4f, 83
1652706910.632441, sdrt-health/mac:02010b41cdec/antenna/tag/e2806894000050038661fd4f, 83
1652706910.649864, sdrt-health/mac:02010b41cdec/antenna/tag/e2806894000050038662194f, 83
1652706910.690643, sdrt-health/mac:02010b41cdec/antenna/tag/e2806894000050038662154f, 88
1652706910.730805, sdrt-health/mac:02010b41cdec/antenna/tag/e2806894000050038662154f, 88
1652706910.810938, sdrt-health/mac:02010b41cdec/antenna/tag/e28068940000400386621d4f, 77
1652706910.850055, sdrt-health/mac:02010b41cdec/antenna/tag/e2806894000050038661fd4f, 86
1652706910.897785, sdrt-health/mac:02010b41cdec/antenna/tag/e28068940000500386620d4f, 94
1652706910.941202, sdrt-health/mac:02010b41cdec/antenna/tag/e2806894000050038662194f, 87
1652706911.005811, sdrt-health/mac:02010b41cdec/antenna/tag/e2806894000050038662194f, 83
1652706911.006336, sdrt-health/mac:02010b41cdec/antenna/tag/e28068940000500386620d4f, 81
1652706911.029529, sdrt-health/mac:02010b41cdec/antenna/tag/e2806894000050038662194f, 87
1652706911.08083, sdrt-health/mac:02010b41cdec/antenna/tag/e28068940000500386620d4f, 87
1652706911.120159, sdrt-health/mac:02010b41cdec/antenna/tag/e2806894000040038662114f, 91
1652706911.158517, sdrt-health/mac:02010b41cdec/antenna/tag/e2806894000040038662114f, 88
1652706911.202293, sdrt-health/mac:02010b41cdec/antenna/tag/e2806894000040038662114f, 88
1652706911.263158, sdrt-health/mac:02010b41cdec/antenna/tag/e2806894000050038662194f, 81
1652706911.263605, sdrt-health/mac:02010b41cdec/antenna/tag/e2806894000040038662114f, 88
1652706911.27842, sdrt-health/mac:02010b41cdec/antenna/tag/e2806894000050038662194f, 81
1652706911.318263, sdrt-health/mac:02010b41cdec/antenna/tag/e2806894000050038661fd4f, 86
1652706911.371487, sdrt-health/mac:02010b41cdec/antenna/tag/e2806894000040038662054f, 83
1652706911.408301, sdrt-health/mac:02010b41cdec/antenna/tag/e2806894000050038662194f, 88
1652706911.408648, sdrt-health/mac:02010b41cdec/antenna/tag/e2806894000040038662114f, 88
1652706911.408883, sdrt-health/mac:02010b41cdec/antenna/tag/e2806894000050038661fd4f, 86
1652706911.423523, sdrt-health/mac:02010b41cdec/antenna/tag/e2806894000050038662154f, 91
1652706911.423727, sdrt-health/mac:02010b41cdec/antenna/tag/e28068940000500386620d4f, 83
1652706911.478781, sdrt-health/mac:02010b41cdec/antenna/tag/e2806894000050038661fd4f, 86
1652706911.536526, sdrt-health/mac:02010b41cdec/antenna/tag/e2806894000050038662194f, 87
1652706911.537088, sdrt-health/mac:02010b41cdec/antenna/tag/e2806894000040038662114f, 91
1652706911.5677, sdrt-health/mac:02010b41cdec/antenna/tag/e2806894000050038662194f, 94
1652706911.617442, sdrt-health/mac:02010b41cdec/antenna/tag/e28068940000500386620d4f, 88
1652706911.677568, sdrt-health/mac:02010b41cdec/antenna/tag/e28068940000400386621d4f, 96
1652706911.678027, sdrt-health/mac:02010b41cdec/antenna/tag/e2806894000040038662114f, 91
1652706911.711082, sdrt-health/mac:02010b41cdec/antenna/tag/e28068940000400386621d4f, 96
1652706911.749383, sdrt-health/mac:02010b41cdec/antenna/tag/e28068940000500386620d4f, 81
1652706911.790595, sdrt-health/mac:02010b41cdec/antenna/tag/e2806894000050038661fd4f, 83
1652706911.846487, sdrt-health/mac:02010b41cdec/antenna/tag/e2806894000050038662154f, 88
1652706911.847202, sdrt-health/mac:02010b41cdec/antenna/tag/e2806894000040038662114f, 88
1652706911.87768, sdrt-health/mac:02010b41cdec/antenna/tag/e2806894000050038662194f, 83
1652706911.959977, sdrt-health/mac:02010b41cdec/antenna/tag/e28068940000500386620d4f, 87
1652706912.000759, sdrt-health/mac:02010b41cdec/antenna/tag/e2806894000050038661fd4f, 83
1652706912.061486, sdrt-health/mac:02010b41cdec/antenna/tag/e2806894000050038662194f, 81
1652706912.061997, sdrt-health/mac:02010b41cdec/antenna/tag/e2806894000050038662194f, 83
1652706912.081806, sdrt-health/mac:02010b41cdec/antenna/tag/e2806894000050038662194f, 87
1652706912.121308, sdrt-health/mac:02010b41cdec/antenna/tag/e2806894000050038662154f, 88
1652706912.221541, sdrt-health/mac:02010b41cdec/antenna/tag/e2806894000050038661fd4f, 86
1652706912.259948, sdrt-health/mac:02010b41cdec/antenna/tag/e2806894000050038662154f, 91
1652706912.296672, sdrt-health/mac:02010b41cdec/antenna/tag/e28068940000400386621d4f, 96
1652706912.297012, sdrt-health/mac:02010b41cdec/antenna/tag/e2806894000050038661fd4f, 86
1652706912.297404, sdrt-health/mac:02010b41cdec/antenna/tag/e28068940000500386620d4f, 87
1652706912.324101, sdrt-health/mac:02010b41cdec/antenna/tag/e28068940000400386621d4f, 96
1652706912.372876, sdrt-health/mac:02010b41cdec/antenna/tag/e2806894000040038662054f, 88
1652706912.43458, sdrt-health/mac:02010b41cdec/antenna/tag/e2806894000040038661f94f, 84
1652706912.43508, sdrt-health/mac:02010b41cdec/antenna/tag/e2806894000050038661fd4f, 86
1652706912.489425, sdrt-health/mac:02010b41cdec/antenna/tag/e28068940000500386620d4f, 87
1652706912.530981, sdrt-health/mac:02010b41cdec/antenna/tag/e2806894000050038662194f, 81
1652706912.563738, sdrt-health/mac:02010b41cdec/antenna/tag/e2806894000050038662154f, 97
1652706912.564138, sdrt-health/mac:02010b41cdec/antenna/tag/e2806894000040038661f94f, 94
1652706912.588654, sdrt-health/mac:02010b41cdec/antenna/tag/e2806894000050038662154f, 88
1652706912.63155, sdrt-health/mac:02010b41cdec/antenna/tag/e28068940000400386621d4f, 96
1652706912.662571, sdrt-health/mac:02010b41cdec/antenna/tag/e2806894000040038662054f, 81
1652706912.662772, sdrt-health/mac:02010b41cdec/antenna/tag/e2806894000040038662114f, 91
1652706912.662907, sdrt-health/mac:02010b41cdec/antenna/tag/e28068940000400386621d4f, 96
1652706912.678087, sdrt-health/mac:02010b41cdec/antenna/tag/e2806894000040038662114f, 91
1652706912.709709, sdrt-health/mac:02010b41cdec/antenna/tag/e2806894000050038661fd4f, 83
1652706912.750388, sdrt-health/mac:02010b41cdec/antenna/tag/e2806894000050038661fd4f, 83
1652706912.794794, sdrt-health/mac:02010b41cdec/antenna/tag/e2806894000040038662114f, 85
1652706912.830502, sdrt-health/mac:02010b41cdec/antenna/tag/e2806894000050038662154f, 88
1652706912.886841, sdrt-health/mac:02010b41cdec/antenna/tag/e2806894000040038662114f, 85
1652706912.887464, sdrt-health/mac:02010b41cdec/antenna/tag/e28068940000500386620d4f, 87
1652706912.910347, sdrt-health/mac:02010b41cdec/antenna/tag/e2806894000050038662154f, 88
1652706912.948991, sdrt-health/mac:02010b41cdec/antenna/tag/e28068940000400386621d4f, 90
1652706912.980997, sdrt-health/mac:02010b41cdec/antenna/tag/e2806894000050038662154f, 88
1652706912.981368, sdrt-health/mac:02010b41cdec/antenna/tag/e2806894000050038661fd4f, 83
1652706913.00121, sdrt-health/mac:02010b41cdec/antenna/tag/e2806894000050038662194f, 83
1652706913.04123, sdrt-health/mac:02010b41cdec/antenna/tag/e2806894000050038661fd4f, 86
1652706913.144027, sdrt-health/mac:02010b41cdec/antenna/tag/e2806894000050038662154f, 91
1652706913.144537, sdrt-health/mac:02010b41cdec/antenna/tag/e28068940000400386621d4f, 96
1652706913.170679, sdrt-health/mac:02010b41cdec/antenna/tag/e2806894000050038662154f, 88
1652706913.209923, sdrt-health/mac:02010b41cdec/antenna/tag/e2806894000040038662114f, 88
1652706913.249773, sdrt-health/mac:02010b41cdec/antenna/tag/e2806894000050038662194f, 110
1652706913.316482, sdrt-health/mac:02010b41cdec/antenna/tag/e28068940000400386621d4f, 77
1652706913.349916, sdrt-health/mac:02010b41cdec/antenna/tag/e2806894000050038662154f, 85
1652706913.350342, sdrt-health/mac:02010b41cdec/antenna/tag/e2806894000050038661fd4f, 83
1652706913.350644, sdrt-health/mac:02010b41cdec/antenna/tag/e28068940000500386620d4f, 81
1652706913.365784, sdrt-health/mac:02010b41cdec/antenna/tag/e2806894000040038662114f, 85
1652706913.366319, sdrt-health/mac:02010b41cdec/antenna/tag/e28068940000400386621d4f, 77
1652706913.400545, sdrt-health/mac:02010b41cdec/antenna/tag/e28068940000500386620d4f, 93
1652706913.477354, sdrt-health/mac:02010b41cdec/antenna/tag/e2806894000050038662154f, 97
1652706913.477912, sdrt-health/mac:02010b41cdec/antenna/tag/e2806894000050038661fd4f, 86
1652706913.493078, sdrt-health/mac:02010b41cdec/antenna/tag/e2806894000040038662114f, 91
1652706913.592566, sdrt-health/mac:02010b41cdec/antenna/tag/e2806894000050038661fd4f, 86
1652706913.640946, sdrt-health/mac:02010b41cdec/antenna/tag/e2806894000040038661f94f, 84
1652706913.721812, sdrt-health/mac:02010b41cdec/antenna/tag/e2806894000050038662194f, 81
1652706913.754402, sdrt-health/mac:02010b41cdec/antenna/tag/e28068940000400386621d4f, 77
1652706913.754806, sdrt-health/mac:02010b41cdec/antenna/tag/e2806894000050038662194f, 81
1652706913.768645, sdrt-health/mac:02010b41cdec/antenna/tag/e28068940000500386620d4f, 94
1652706913.810469, sdrt-health/mac:02010b41cdec/antenna/tag/e2806894000050038661fd4f, 86
1652706913.866151, sdrt-health/mac:02010b41cdec/antenna/tag/e28068940000500386620d4f, 87
1652706913.86662, sdrt-health/mac:02010b41cdec/antenna/tag/e28068940000400386621d4f, 96
1652706913.910968, sdrt-health/mac:02010b41cdec/antenna/tag/e2806894000050038662194f, 100
1652706913.951057, sdrt-health/mac:02010b41cdec/antenna/tag/e2806894000040038662114f, 88
1652706914.058621, sdrt-health/mac:02010b41cdec/antenna/tag/e2806894000050038662154f, 91
1652706914.120734, sdrt-health/mac:02010b41cdec/antenna/tag/e2806894000050038662194f, 94
1652706914.176033, sdrt-health/mac:02010b41cdec/antenna/tag/e2806894000050038662154f, 91
1652706914.176465, sdrt-health/mac:02010b41cdec/antenna/tag/e2806894000040038662114f, 88
1652706914.191516, sdrt-health/mac:02010b41cdec/antenna/tag/e2806894000050038662194f, 83
1652706914.199647, sdrt-health/mac:02010b41cdec/antenna/tag/e2806894000050038662154f, 88
1652706914.210051, sdrt-health/mac:02010b41cdec/antenna/tag/e2806894000040038662054f, 88
1652706914.210295, sdrt-health/mac:02010b41cdec/antenna/tag/e28068940000400386621d4f, 96
1652706914.23889, sdrt-health/mac:02010b41cdec/antenna/tag/e2806894000050038661fd4f, 86
1652706914.279763, sdrt-health/mac:02010b41cdec/antenna/tag/e28068940000400386621d4f, 77
1652706914.331344, sdrt-health/mac:02010b41cdec/antenna/tag/e28068940000500386620d4f, 94
1652706914.386706, sdrt-health/mac:02010b41cdec/antenna/tag/e2806894000050038662154f, 88
1652706914.387296, sdrt-health/mac:02010b41cdec/antenna/tag/e2806894000050038661fd4f, 86
1652706914.404858, sdrt-health/mac:02010b41cdec/antenna/tag/e28068940000500386620d4f, 81
1652706914.431549, sdrt-health/mac:02010b41cdec/antenna/tag/e2806894000040038662114f, 88
1652706914.470686, sdrt-health/mac:02010b41cdec/antenna/tag/e28068940000400386621d4f, 90
1652706914.511684, sdrt-health/mac:02010b41cdec/antenna/tag/e2806894000050038661fd4f, 86
1652706914.546871, sdrt-health/mac:02010b41cdec/antenna/tag/e2806894000050038662154f, 88
1652706914.547268, sdrt-health/mac:02010b41cdec/antenna/tag/e2806894000040038662054f, 81
1652706914.600976, sdrt-health/mac:02010b41cdec/antenna/tag/e2806894000050038662194f, 88
1652706914.649432, sdrt-health/mac:02010b41cdec/antenna/tag/e2806894000040038662114f, 88
1652706914.689841, sdrt-health/mac:02010b41cdec/antenna/tag/e28068940000500386620d4f, 81
1652706914.729572, sdrt-health/mac:02010b41cdec/antenna/tag/e2806894000040038662114f, 85
1652706914.778195, sdrt-health/mac:02010b41cdec/antenna/tag/e28068940000500386620d4f, 81
1652706914.809304, sdrt-health/mac:02010b41cdec/antenna/tag/e2806894000040038662114f, 88
1652706914.809669, sdrt-health/mac:02010b41cdec/antenna/tag/e28068940000400386621d4f, 77
1652706914.823858, sdrt-health/mac:02010b41cdec/antenna/tag/e2806894000040038662114f, 91
1652706914.869529, sdrt-health/mac:02010b41cdec/antenna/tag/e2806894000050038661fd4f, 83
1652706914.935618, sdrt-health/mac:02010b41cdec/antenna/tag/e2806894000050038662154f, 97
1652706914.968339, sdrt-health/mac:02010b41cdec/antenna/tag/e2806894000050038661fd4f, 86
1652706914.968911, sdrt-health/mac:02010b41cdec/antenna/tag/e2806894000050038661fd4f, 83
1652706914.988227, sdrt-health/mac:02010b41cdec/antenna/tag/e2806894000050038661fd4f, 86
1652706915.04609, sdrt-health/mac:02010b41cdec/antenna/tag/e2806894000040038661f94f, 81
1652706915.046571, sdrt-health/mac:02010b41cdec/antenna/tag/e2806894000040038662114f, 91
1652706915.070193, sdrt-health/mac:02010b41cdec/antenna/tag/e2806894000050038661fd4f, 90
1652706915.109226, sdrt-health/mac:02010b41cdec/antenna/tag/e2806894000050038662194f, 83
1652706915.166589, sdrt-health/mac:02010b41cdec/antenna/tag/e2806894000050038662154f, 91
1652706915.167124, sdrt-health/mac:02010b41cdec/antenna/tag/e28068940000400386621d4f, 96
1652706915.18315, sdrt-health/mac:02010b41cdec/antenna/tag/e28068940000500386620d4f, 84
1652706915.189678, sdrt-health/mac:02010b41cdec/antenna/tag/e2806894000050038662154f, 88
1652706915.25052, sdrt-health/mac:02010b41cdec/antenna/tag/e28068940000400386621d4f, 77
1652706915.299295, sdrt-health/mac:02010b41cdec/antenna/tag/e2806894000050038662154f, 88
1652706915.35544, sdrt-health/mac:02010b41cdec/antenna/tag/e2806894000040038662114f, 88
1652706915.35593, sdrt-health/mac:02010b41cdec/antenna/tag/e2806894000050038661fd4f, 83
1652706915.356346, sdrt-health/mac:02010b41cdec/antenna/tag/e2806894000040038662114f, 91
1652706915.379441, sdrt-health/mac:02010b41cdec/antenna/tag/e2806894000050038662194f, 87
1652706915.445446, sdrt-health/mac:02010b41cdec/antenna/tag/e28068940000500386620d4f, 88
1652706915.445896, sdrt-health/mac:02010b41cdec/antenna/tag/e2806894000050038662154f, 88
1652706915.469929, sdrt-health/mac:02010b41cdec/antenna/tag/e2806894000050038662154f, 88
1652706915.510415, sdrt-health/mac:02010b41cdec/antenna/tag/e28068940000400386621d4f, 96
1652706915.559052, sdrt-health/mac:02010b41cdec/antenna/tag/e28068940000500386620d4f, 87
1652706915.592699, sdrt-health/mac:02010b41cdec/antenna/tag/e2806894000050038662154f, 91
1652706915.593181, sdrt-health/mac:02010b41cdec/antenna/tag/e28068940000400386621d4f, 90
1652706915.60878, sdrt-health/mac:02010b41cdec/antenna/tag/e2806894000040038662054f, 84
1652706915.649734, sdrt-health/mac:02010b41cdec/antenna/tag/e2806894000050038662194f, 81
1652706915.692252, sdrt-health/mac:02010b41cdec/antenna/tag/e2806894000050038662194f, 81
1652706915.742175, sdrt-health/mac:02010b41cdec/antenna/tag/e2806894000050038662194f, 93
1652706915.790778, sdrt-health/mac:02010b41cdec/antenna/tag/e2806894000050038662154f, 88
1652706915.831437, sdrt-health/mac:02010b41cdec/antenna/tag/e2806894000040038662114f, 88
1652706915.8875, sdrt-health/mac:02010b41cdec/antenna/tag/e2806894000050038661fd4f, 83
1652706915.888041, sdrt-health/mac:02010b41cdec/antenna/tag/e2806894000050038661fd4f, 86
1652706915.903216, sdrt-health/mac:02010b41cdec/antenna/tag/e2806894000040038662114f, 91
1652706915.910756, sdrt-health/mac:02010b41cdec/antenna/tag/e2806894000050038662194f, 88
1652706915.922944, sdrt-health/mac:02010b41cdec/antenna/tag/e2806894000050038662154f, 88
1652706915.997068, sdrt-health/mac:02010b41cdec/antenna/tag/e2806894000050038662194f, 94
1652706916.040216, sdrt-health/mac:02010b41cdec/antenna/tag/e2806894000050038661fd4f, 83
1652706916.079788, sdrt-health/mac:02010b41cdec/antenna/tag/e2806894000050038662194f, 94
1652706916.135301, sdrt-health/mac:02010b41cdec/antenna/tag/e2806894000040038662114f, 85
1652706916.135809, sdrt-health/mac:02010b41cdec/antenna/tag/e28068940000400386621d4f, 77
1652706916.136233, sdrt-health/mac:02010b41cdec/antenna/tag/e2806894000050038661fd4f, 83
1652706916.186919, sdrt-health/mac:02010b41cdec/antenna/tag/e2806894000050038662194f, 81
1652706916.217223, sdrt-health/mac:02010b41cdec/antenna/tag/e28068940000400386621d4f, 77
1652706916.21756, sdrt-health/mac:02010b41cdec/antenna/tag/e2806894000050038661fd4f, 86
1652706916.23262, sdrt-health/mac:02010b41cdec/antenna/tag/e2806894000050038662194f, 83
1652706916.232948, sdrt-health/mac:02010b41cdec/antenna/tag/e28068940000500386620d4f, 83
1652706916.233139, sdrt-health/mac:02010b41cdec/antenna/tag/e2806894000050038662154f, 88
1652706916.271562, sdrt-health/mac:02010b41cdec/antenna/tag/e2806894000050038662194f, 83
1652706916.30562, sdrt-health/mac:02010b41cdec/antenna/tag/e2806894000040038662114f, 91
1652706916.30599, sdrt-health/mac:02010b41cdec/antenna/tag/e2806894000040038662114f, 91
1652706916.306269, sdrt-health/mac:02010b41cdec/antenna/tag/e2806894000050038661fd4f, 86
1652706916.327688, sdrt-health/mac:02010b41cdec/antenna/tag/e28068940000400386621d4f, 96
1652706916.397705, sdrt-health/mac:02010b41cdec/antenna/tag/e2806894000050038662194f, 93
1652706916.398154, sdrt-health/mac:02010b41cdec/antenna/tag/e2806894000050038662194f, 83
1652706916.420526, sdrt-health/mac:02010b41cdec/antenna/tag/e2806894000050038662194f, 83
1652706916.460181, sdrt-health/mac:02010b41cdec/antenna/tag/e2806894000050038662154f, 85
1652706916.507726, sdrt-health/mac:02010b41cdec/antenna/tag/e2806894000050038662154f, 88
1652706916.549761, sdrt-health/mac:02010b41cdec/antenna/tag/e2806894000040038662114f, 91
1652706916.584284, sdrt-health/mac:02010b41cdec/antenna/tag/e28068940000500386620d4f, 94
1652706916.584998, sdrt-health/mac:02010b41cdec/antenna/tag/e2806894000040038662114f, 88
1652706916.600307, sdrt-health/mac:02010b41cdec/antenna/tag/e2806894000050038662194f, 88
1652706916.600658, sdrt-health/mac:02010b41cdec/antenna/tag/e28068940000500386620d4f, 94
1652706916.639764, sdrt-health/mac:02010b41cdec/antenna/tag/e2806894000050038661fd4f, 86
1652706916.67952, sdrt-health/mac:02010b41cdec/antenna/tag/e28068940000500386620d4f, 94
1652706916.719335, sdrt-health/mac:02010b41cdec/antenna/tag/e2806894000050038662194f, 94
1652706916.759856, sdrt-health/mac:02010b41cdec/antenna/tag/e2806894000050038662154f, 85
1652706916.807362, sdrt-health/mac:02010b41cdec/antenna/tag/e2806894000050038662154f, 91
1652706916.849988, sdrt-health/mac:02010b41cdec/antenna/tag/e28068940000500386620d4f, 94
1652706916.906631, sdrt-health/mac:02010b41cdec/antenna/tag/e2806894000040038662114f, 88
1652706916.907275, sdrt-health/mac:02010b41cdec/antenna/tag/e2806894000040038662114f, 88
1652706916.937129, sdrt-health/mac:02010b41cdec/antenna/tag/e2806894000040038662054f, 81
1652706916.967342, sdrt-health/mac:02010b41cdec/antenna/tag/e28068940000500386620d4f, 83
1652706916.967737, sdrt-health/mac:02010b41cdec/antenna/tag/e2806894000050038662154f, 91
1652706916.983693, sdrt-health/mac:02010b41cdec/antenna/tag/e2806894000050038661fd4f, 86
1652706916.984154, sdrt-health/mac:02010b41cdec/antenna/tag/e28068940000400386621d4f, 96
1652706917.027963, sdrt-health/mac:02010b41cdec/antenna/tag/e28068940000400386621d4f, 90
1652706917.088527, sdrt-health/mac:02010b41cdec/antenna/tag/e2806894000050038661fd4f, 86
1652706917.089049, sdrt-health/mac:02010b41cdec/antenna/tag/e28068940000500386620d4f, 81
1652706917.110959, sdrt-health/mac:02010b41cdec/antenna/tag/e2806894000050038662154f, 88
1652706917.218381, sdrt-health/mac:02010b41cdec/antenna/tag/e2806894000050038661fd4f, 86
1652706917.218918, sdrt-health/mac:02010b41cdec/antenna/tag/e28068940000500386620d4f, 84
1652706917.247015, sdrt-health/mac:02010b41cdec/antenna/tag/e2806894000040038662114f, 88
1652706917.289169, sdrt-health/mac:02010b41cdec/antenna/tag/e2806894000050038662154f, 91
1652706917.329792, sdrt-health/mac:02010b41cdec/antenna/tag/e2806894000050038662194f, 81
1652706917.370126, sdrt-health/mac:02010b41cdec/antenna/tag/e2806894000040038662054f, 84
1652706917.370611, sdrt-health/mac:02010b41cdec/antenna/tag/e28068940000500386620d4f, 110
1652706917.386624, sdrt-health/mac:02010b41cdec/antenna/tag/e2806894000040038662114f, 88
1652706917.410829, sdrt-health/mac:02010b41cdec/antenna/tag/e2806894000050038662154f, 88
1652706917.460278, sdrt-health/mac:02010b41cdec/antenna/tag/e28068940000500386620d4f, 84
1652706917.677323, sdrt-health/mac:02010b41cdec/antenna/tag/scan, scan stopped
