1652706712.823609, sdrt-health/mac:02010b41cdec/antenna/power/set, {"power": 290}
1652706713.92655, sdrt-health/mac:02010b41cdec/antenna/power/set, 
1652706717.844655, sdrt-health/mac:02010b41cdec/antenna/tag/scan, {"time": 20000}
1652706718.348321, sdrt-health/mac:02010b41cdec/antenna/tag/e2806894000040038662114f, 91
1652706718.39887, sdrt-health/mac:02010b41cdec/antenna/tag/e2806894000050038661fd4f, 86
1652706718.472885, sdrt-health/mac:02010b41cdec/antenna/tag/e2806894000050038662194f, 81
1652706718.47311, sdrt-health/mac:02010b41cdec/antenna/tag/e28068940000500386620d4f, 83
1652706718.500968, sdrt-health/mac:02010b41cdec/antenna/tag/e2806894000040038662114f, 91
1652706718.563423, sdrt-health/mac:02010b41cdec/antenna/tag/e2806894000050038661fd4f, 83
1652706718.563613, sdrt-health/mac:02010b41cdec/antenna/tag/e2806894000050038662154f, 91
1652706718.57687, sdrt-health/mac:02010b41cdec/antenna/tag/e28068940000400386621d4f, 90
1652706718.577114, sdrt-health/mac:02010b41cdec/antenna/tag/e2806894000050038661fd4f, 83
1652706718.63892, sdrt-health/mac:02010b41cdec/antenna/tag/e28068940000500386620d4f, 81
1652706718.678816, sdrt-health/mac:02010b41cdec/antenna/tag/e2806894000050038662154f, 88
1652706718.77257, sdrt-health/mac:02010b41cdec/antenna/tag/e2806894000050038662194f, 81
1652706718.772946, sdrt-health/mac:02010b41cdec/antenna/tag/e28068940000500386620d4f, 83
1652706718.800692, sdrt-health/mac:02010b41cdec/antenna/tag/e2806894000050038662154f, 88
1652706718.828993, sdrt-health/mac:02010b41cdec/antenna/tag/e2806894000050038661fd4f, 83
1652706718.829199, sdrt-health/mac:02010b41cdec/antenna/tag/e28068940000400386621d4f, 90
1652706718.850092, sdrt-health/mac:02010b41cdec/antenna/tag/e2806894000050038662194f, 87
1652706718.900071, sdrt-health/mac:02010b41cdec/antenna/tag/e28068940000400386621d4f, 96
1652706718.929588, sdrt-health/mac:02010b41cdec/antenna/tag/e2806894000050038662194f, 83
1652706718.929809, sdrt-health/mac:02010b41cdec/antenna/tag/e2806894000050038661fd4f, 86
1652706718.949202, sdrt-health/mac:02010b41cdec/antenna/tag/e2806894000050038662154f, 88
1652706719.02662, sdrt-health/mac:02010b41cdec/antenna/tag/e2806894000040038662114f, 88
1652706719.026923, sdrt-health/mac:02010b41cdec/antenna/tag/e2806894000040038662114f, 88
1652706719.059463, sdrt-health/mac:02010b41cdec/antenna/tag/e28068940000400386621d4f, 96
1652706719.088948, sdrt-health/mac:02010b41cdec/antenna/tag/e2806894000050038662154f, 88
1652706719.089301, sdrt-health/mac:02010b41cdec/antenna/tag/e28068940000500386620d4f, 87
1652706719.103238, sdrt-health/mac:02010b41cdec/antenna/tag/e28068940000400386621d4f, 90
1652706719.134568, sdrt-health/mac:02010b41cdec/antenna/tag/e2806894000050038662154f, 91
1652706719.200257, sdrt-health/mac:02010b41cdec/antenna/tag/e2806894000040038662114f, 91
1652706719.200521, sdrt-health/mac:02010b41cdec/antenna/tag/e28068940000500386620d4f, 87
1652706719.228962, sdrt-health/mac:02010b41cdec/antenna/tag/e2806894000050038662154f, 91
1652706719.229209, sdrt-health/mac:02010b41cdec/antenna/tag/e2806894000050038662154f, 91
1652706719.269093, sdrt-health/mac:02010b41cdec/antenna/tag/e28068940000500386620d4f, 81
1652706719.323043, sdrt-health/mac:02010b41cdec/antenna/tag/e2806894000050038662154f, 88
1652706719.323287, sdrt-health/mac:02010b41cdec/antenna/tag/e2806894000050038662154f, 88
1652706719.356828, sdrt-health/mac:02010b41cdec/antenna/tag/e28068940000500386620d4f, 83
1652706719.39854, sdrt-health/mac:02010b41cdec/antenna/tag/e2806894000050038661fd4f, 83
1652706719.463897, sdrt-health/mac:02010b41cdec/antenna/tag/e28068940000500386620d4f, 87
1652706719.464312, sdrt-health/mac:02010b41cdec/antenna/tag/e2806894000040038662114f, 88
1652706719.478023, sdrt-health/mac:02010b41cdec/antenna/tag/e28068940000500386620d4f, 93
1652706719.530962, sdrt-health/mac:02010b41cdec/antenna/tag/e2806894000040038662114f, 88
1652706719.531212, sdrt-health/mac:02010b41cdec/antenna/tag/e2806894000050038662154f, 85
1652706719.558955, sdrt-health/mac:02010b41cdec/antenna/tag/e28068940000500386620d4f, 81
1652706719.59918, sdrt-health/mac:02010b41cdec/antenna/tag/e28068940000400386621d4f, 77
1652706719.639167, sdrt-health/mac:02010b41cdec/antenna/tag/e28068940000400386621d4f, 90
1652706719.693495, sdrt-health/mac:02010b41cdec/antenna/tag/e2806894000040038662114f, 88
1652706719.693882, sdrt-health/mac:02010b41cdec/antenna/tag/e2806894000050038662154f, 88
1652706719.707686, sdrt-health/mac:02010b41cdec/antenna/tag/e28068940000500386620d4f, 87
1652706719.707907, sdrt-health/mac:02010b41cdec/antenna/tag/e2806894000050038661fd4f, 83
1652706719.749489, sdrt-health/mac:02010b41cdec/antenna/tag/e2806894000050038661fd4f, 90
1652706719.788219, sdrt-health/mac:02010b41cdec/antenna/tag/e2806894000050038662154f, 88
1652706719.842567, sdrt-health/mac:02010b41cdec/antenna/tag/e2806894000040038662114f, 91
1652706719.842812, sdrt-health/mac:02010b41cdec/antenna/tag/e2806894000040038662114f, 91
1652706719.857125, sdrt-health/mac:02010b41cdec/antenna/tag/e2806894000050038662154f, 91
1652706719.869688, sdrt-health/mac:02010b41cdec/antenna/tag/e2806894000050038661fd4f, 86
1652706719.908518, sdrt-health/mac:02010b41cdec/antenna/tag/e2806894000050038661fd4f, 83
1652706719.908716, sdrt-health/mac:02010b41cdec/antenna/tag/e2806894000050038662154f, 85
1652706719.948599, sdrt-health/mac:02010b41cdec/antenna/tag/e2806894000050038661fd4f, 86
1652706719.988445, sdrt-health/mac:02010b41cdec/antenna/tag/e2806894000040038662114f, 91
1652706720.050552, sdrt-health/mac:02010b41cdec/antenna/tag/e28068940000400386621d4f, 96
1652706720.05083, sdrt-health/mac:02010b41cdec/antenna/tag/e2806894000050038662194f, 81
1652706720.050948, sdrt-health/mac:02010b41cdec/antenna/tag/e28068940000400386621d4f, 96
1652706720.064489, sdrt-health/mac:02010b41cdec/antenna/tag/e2806894000050038661fd4f, 86
1652706720.079087, sdrt-health/mac:02010b41cdec/antenna/tag/e28068940000400386621d4f, 77
1652706720.132168, sdrt-health/mac:02010b41cdec/antenna/tag/e28068940000400386621d4f, 77
1652706720.132397, sdrt-health/mac:02010b41cdec/antenna/tag/e2806894000050038661fd4f, 83
1652706720.159024, sdrt-health/mac:02010b41cdec/antenna/tag/e2806894000050038662194f, 83
1652706720.209865, sdrt-health/mac:02010b41cdec/antenna/tag/e2806894000050038661fd4f, 83
1652706720.269007, sdrt-health/mac:02010b41cdec/antenna/tag/e28068940000400386621d4f, 96
1652706720.309574, sdrt-health/mac:02010b41cdec/antenna/tag/e2806894000050038661fd4f, 86
1652706720.368322, sdrt-health/mac:02010b41cdec/antenna/tag/e2806894000050038662154f, 88
1652706720.39918, sdrt-health/mac:02010b41cdec/antenna/tag/e2806894000050038662194f, 94
1652706720.399376, sdrt-health/mac:02010b41cdec/antenna/tag/e2806894000050038661fd4f, 83
1652706720.417115, sdrt-health/mac:02010b41cdec/antenna/tag/e2806894000050038661fd4f, 86
1652706720.459238, sdrt-health/mac:02010b41cdec/antenna/tag/e28068940000400386621d4f, 96
1652706720.534784, sdrt-health/mac:02010b41cdec/antenna/tag/e28068940000500386620d4f, 83
1652706720.53498, sdrt-health/mac:02010b41cdec/antenna/tag/e2806894000040038662114f, 85
1652706720.54796, sdrt-health/mac:02010b41cdec/antenna/tag/e28068940000500386620d4f, 81
1652706720.556437, sdrt-health/mac:02010b41cdec/antenna/tag/e28068940000500386620d4f, 83
1652706720.561781, sdrt-health/mac:02010b41cdec/antenna/tag/e2806894000050038661fd4f, 83
1652706720.60036, sdrt-health/mac:02010b41cdec/antenna/tag/e2806894000050038661fd4f, 83
1652706720.64849, sdrt-health/mac:02010b41cdec/antenna/tag/e28068940000500386620d4f, 81
1652706720.709421, sdrt-health/mac:02010b41cdec/antenna/tag/e2806894000040038662114f, 97
1652706720.767104, sdrt-health/mac:02010b41cdec/antenna/tag/e2806894000050038662154f, 97
1652706720.818779, sdrt-health/mac:02010b41cdec/antenna/tag/e2806894000050038662154f, 91
1652706720.868247, sdrt-health/mac:02010b41cdec/antenna/tag/e2806894000050038662154f, 91
1652706720.919867, sdrt-health/mac:02010b41cdec/antenna/tag/e2806894000040038662114f, 91
1652706720.958032, sdrt-health/mac:02010b41cdec/antenna/tag/e2806894000040038662114f, 88
1652706720.986757, sdrt-health/mac:02010b41cdec/antenna/tag/e28068940000400386621d4f, 96
1652706720.987068, sdrt-health/mac:02010b41cdec/antenna/tag/e28068940000500386620d4f, 81
1652706720.99935, sdrt-health/mac:02010b41cdec/antenna/tag/e2806894000040038662114f, 88
1652706720.99958, sdrt-health/mac:02010b41cdec/antenna/tag/e2806894000050038661fd4f, 83
1652706721.038505, sdrt-health/mac:02010b41cdec/antenna/tag/e2806894000050038662194f, 83
1652706721.08106, sdrt-health/mac:02010b41cdec/antenna/tag/e28068940000500386620d4f, 87
1652706721.129392, sdrt-health/mac:02010b41cdec/antenna/tag/e2806894000050038662154f, 88
1652706721.180276, sdrt-health/mac:02010b41cdec/antenna/tag/e2806894000050038661fd4f, 86
1652706721.253503, sdrt-health/mac:02010b41cdec/antenna/tag/e2806894000050038662154f, 91
1652706721.283221, sdrt-health/mac:02010b41cdec/antenna/tag/e2806894000050038662154f, 91
1652706721.283476, sdrt-health/mac:02010b41cdec/antenna/tag/e28068940000400386621d4f, 96
1652706721.283624, sdrt-health/mac:02010b41cdec/antenna/tag/e2806894000050038661fd4f, 86
1652706721.370072, sdrt-health/mac:02010b41cdec/antenna/tag/e28068940000500386620d4f, 82
1652706721.398541, sdrt-health/mac:02010b41cdec/antenna/tag/e2806894000050038661fd4f, 86
1652706721.398851, sdrt-health/mac:02010b41cdec/antenna/tag/e2806894000040038662114f, 88
1652706721.420313, sdrt-health/mac:02010b41cdec/antenna/tag/e2806894000040038662114f, 85
1652706721.449179, sdrt-health/mac:02010b41cdec/antenna/tag/e28068940000500386620d4f, 87
1652706721.449394, sdrt-health/mac:02010b41cdec/antenna/tag/e2806894000050038661fd4f, 86
1652706721.469775, sdrt-health/mac:02010b41cdec/antenna/tag/e2806894000050038661fd4f, 83
1652706721.54004, sdrt-health/mac:02010b41cdec/antenna/tag/e2806894000050038662154f, 85
1652706721.540233, sdrt-health/mac:02010b41cdec/antenna/tag/e28068940000500386620d4f, 83
1652706721.639503, sdrt-health/mac:02010b41cdec/antenna/tag/e2806894000050038662154f, 91
1652706721.717298, sdrt-health/mac:02010b41cdec/antenna/tag/e2806894000050038661fd4f, 83
1652706721.781075, sdrt-health/mac:02010b41cdec/antenna/tag/e2806894000050038661fd4f, 83
1652706721.781276, sdrt-health/mac:02010b41cdec/antenna/tag/e2806894000040038662114f, 88
1652706721.794979, sdrt-health/mac:02010b41cdec/antenna/tag/e28068940000500386620d4f, 83
1652706721.809248, sdrt-health/mac:02010b41cdec/antenna/tag/e2806894000050038662154f, 91
1652706721.837754, sdrt-health/mac:02010b41cdec/antenna/tag/e2806894000050038661fd4f, 83
1652706721.837968, sdrt-health/mac:02010b41cdec/antenna/tag/e28068940000400386621d4f, 96
1652706721.852493, sdrt-health/mac:02010b41cdec/antenna/tag/e28068940000400386621d4f, 90
1652706721.852866, sdrt-health/mac:02010b41cdec/antenna/tag/e2806894000040038662114f, 88
1652706721.890664, sdrt-health/mac:02010b41cdec/antenna/tag/e28068940000400386621d4f, 90
1652706721.919476, sdrt-health/mac:02010b41cdec/antenna/tag/e2806894000040038662114f, 91
1652706721.919876, sdrt-health/mac:02010b41cdec/antenna/tag/e28068940000400386621d4f, 96
1652706721.94628, sdrt-health/mac:02010b41cdec/antenna/tag/e2806894000050038661fd4f, 86
1652706721.989055, sdrt-health/mac:02010b41cdec/antenna/tag/e2806894000050038662194f, 87
1652706721.989945, sdrt-health/mac:02010b41cdec/antenna/tag/e2806894000040038662114f, 85
1652706722.002916, sdrt-health/mac:02010b41cdec/antenna/tag/e2806894000050038661fd4f, 83
1652706722.038237, sdrt-health/mac:02010b41cdec/antenna/tag/e2806894000040038662114f, 85
1652706722.14405, sdrt-health/mac:02010b41cdec/antenna/tag/e2806894000050038662154f, 85
1652706722.144295, sdrt-health/mac:02010b41cdec/antenna/tag/e2806894000050038662194f, 87
1652706722.17007, sdrt-health/mac:02010b41cdec/antenna/tag/e2806894000050038661fd4f, 86
1652706722.17139, sdrt-health/mac:02010b41cdec/antenna/tag/e2806894000040038662114f, 91
1652706722.222419, sdrt-health/mac:02010b41cdec/antenna/tag/e2806894000050038662194f, 93
1652706722.280815, sdrt-health/mac:02010b41cdec/antenna/tag/e2806894000040038662114f, 91
1652706722.308331, sdrt-health/mac:02010b41cdec/antenna/tag/e28068940000400386621d4f, 90
1652706722.308549, sdrt-health/mac:02010b41cdec/antenna/tag/e2806894000050038662154f, 91
1652706722.308701, sdrt-health/mac:02010b41cdec/antenna/tag/e2806894000040038662114f, 88
1652706722.327896, sdrt-health/mac:02010b41cdec/antenna/tag/e28068940000400386621d4f, 90
1652706722.384097, sdrt-health/mac:02010b41cdec/antenna/tag/e2806894000050038662154f, 91
1652706722.384376, sdrt-health/mac:02010b41cdec/antenna/tag/e2806894000050038661fd4f, 83
1652706722.398327, sdrt-health/mac:02010b41cdec/antenna/tag/e28068940000400386621d4f, 96
1652706722.409527, sdrt-health/mac:02010b41cdec/antenna/tag/e2806894000050038661fd4f, 83
1652706722.411819, sdrt-health/mac:02010b41cdec/antenna/tag/e28068940000400386621d4f, 96
1652706722.449337, sdrt-health/mac:02010b41cdec/antenna/tag/e2806894000050038661fd4f, 86
1652706722.517683, sdrt-health/mac:02010b41cdec/antenna/tag/e2806894000050038662194f, 83
1652706722.56606, sdrt-health/mac:02010b41cdec/antenna/tag/e2806894000050038662154f, 88
1652706722.608935, sdrt-health/mac:02010b41cdec/antenna/tag/e2806894000050038661fd4f, 83
1652706722.658743, sdrt-health/mac:02010b41cdec/antenna/tag/e2806894000050038662154f, 88
1652706722.711819, sdrt-health/mac:02010b41cdec/antenna/tag/e28068940000400386621d4f, 77
1652706722.712176, sdrt-health/mac:02010b41cdec/antenna/tag/e28068940000400386621d4f, 77
1652706722.750389, sdrt-health/mac:02010b41cdec/antenna/tag/e2806894000050038662194f, 81
1652706722.788354, sdrt-health/mac:02010b41cdec/antenna/tag/e2806894000040038662114f, 88
1652706722.87289, sdrt-health/mac:02010b41cdec/antenna/tag/e2806894000050038661fd4f, 83
1652706722.873109, sdrt-health/mac:02010b41cdec/antenna/tag/e2806894000050038661fd4f, 83
1652706722.899608, sdrt-health/mac:02010b41cdec/antenna/tag/e2806894000050038661fd4f, 83
1652706722.92559, sdrt-health/mac:02010b41cdec/antenna/tag/e28068940000400386621d4f, 77
1652706722.925798, sdrt-health/mac:02010b41cdec/antenna/tag/e2806894000050038662154f, 85
1652706722.949125, sdrt-health/mac:02010b41cdec/antenna/tag/e2806894000050038662194f, 81
1652706722.99862, sdrt-health/mac:02010b41cdec/antenna/tag/e2806894000050038662194f, 81
1652706723.04991, sdrt-health/mac:02010b41cdec/antenna/tag/e2806894000050038662154f, 88
1652706723.089887, sdrt-health/mac:02010b41cdec/antenna/tag/e2806894000050038662154f, 91
1652706723.140242, sdrt-health/mac:02010b41cdec/antenna/tag/e2806894000040038662114f, 88
1652706723.189505, sdrt-health/mac:02010b41cdec/antenna/tag/e28068940000500386620d4f, 81
1652706723.293117, sdrt-health/mac:02010b41cdec/antenna/tag/e2806894000050038661fd4f, 83
1652706723.293506, sdrt-health/mac:02010b41cdec/antenna/tag/e28068940000400386621d4f, 96
1652706723.329083, sdrt-health/mac:02010b41cdec/antenna/tag/e2806894000050038662154f, 88
1652706723.401722, sdrt-health/mac:02010b41cdec/antenna/tag/e2806894000050038661fd4f, 86
1652706723.402158, sdrt-health/mac:02010b41cdec/antenna/tag/e28068940000500386620d4f, 83
1652706723.415628, sdrt-health/mac:02010b41cdec/antenna/tag/e2806894000040038662114f, 88
1652706723.4383, sdrt-health/mac:02010b41cdec/antenna/tag/e2806894000050038662194f, 81
1652706723.503958, sdrt-health/mac:02010b41cdec/antenna/tag/e2806894000040038662114f, 88
1652706723.50418, sdrt-health/mac:02010b41cdec/antenna/tag/e2806894000040038662114f, 91
1652706723.516941, sdrt-health/mac:02010b41cdec/antenna/tag/e2806894000050038662194f, 94
1652706723.517155, sdrt-health/mac:02010b41cdec/antenna/tag/e28068940000400386621d4f, 96
1652706723.529208, sdrt-health/mac:02010b41cdec/antenna/tag/e28068940000400386621d4f, 77
1652706723.530805, sdrt-health/mac:02010b41cdec/antenna/tag/e2806894000050038662194f, 88
1652706723.569312, sdrt-health/mac:02010b41cdec/antenna/tag/e28068940000400386621d4f, 77
1652706723.596625, sdrt-health/mac:02010b41cdec/antenna/tag/e2806894000050038662194f, 87
1652706723.596889, sdrt-health/mac:02010b41cdec/antenna/tag/e28068940000500386620d4f, 82
1652706723.650542, sdrt-health/mac:02010b41cdec/antenna/tag/e28068940000500386620d4f, 81
1652706723.691858, sdrt-health/mac:02010b41cdec/antenna/tag/e2806894000050038662154f, 88
1652706723.761794, sdrt-health/mac:02010b41cdec/antenna/tag/e2806894000040038662114f, 88
1652706723.762263, sdrt-health/mac:02010b41cdec/antenna/tag/e28068940000400386621d4f, 96
1652706723.775472, sdrt-health/mac:02010b41cdec/antenna/tag/e2806894000050038661fd4f, 86
1652706723.834334, sdrt-health/mac:02010b41cdec/antenna/tag/e28068940000500386620d4f, 88
1652706723.834576, sdrt-health/mac:02010b41cdec/antenna/tag/e2806894000040038662114f, 91
1652706723.859127, sdrt-health/mac:02010b41cdec/antenna/tag/e2806894000040038662114f, 91
1652706723.912802, sdrt-health/mac:02010b41cdec/antenna/tag/e2806894000050038662154f, 88
1652706723.913179, sdrt-health/mac:02010b41cdec/antenna/tag/e2806894000050038661fd4f, 86
1652706723.947103, sdrt-health/mac:02010b41cdec/antenna/tag/e2806894000050038661fd4f, 83
1652706724.003111, sdrt-health/mac:02010b41cdec/antenna/tag/e2806894000050038662154f, 88
1652706724.003516, sdrt-health/mac:02010b41cdec/antenna/tag/e28068940000400386621d4f, 96
1652706724.016884, sdrt-health/mac:02010b41cdec/antenna/tag/e28068940000400386621d4f, 96
1652706724.047677, sdrt-health/mac:02010b41cdec/antenna/tag/e2806894000050038662194f, 81
1652706724.086449, sdrt-health/mac:02010b41cdec/antenna/tag/e2806894000040038662114f, 85
1652706724.113714, sdrt-health/mac:02010b41cdec/antenna/tag/e2806894000050038662154f, 88
1652706724.113938, sdrt-health/mac:02010b41cdec/antenna/tag/e2806894000050038661fd4f, 83
1652706724.129523, sdrt-health/mac:02010b41cdec/antenna/tag/e2806894000040038662114f, 88
1652706724.192344, sdrt-health/mac:02010b41cdec/antenna/tag/e28068940000400386621d4f, 96
1652706724.192557, sdrt-health/mac:02010b41cdec/antenna/tag/e2806894000050038661fd4f, 83
1652706724.230519, sdrt-health/mac:02010b41cdec/antenna/tag/e2806894000040038662114f, 85
1652706724.282456, sdrt-health/mac:02010b41cdec/antenna/tag/e2806894000050038662194f, 83
1652706724.282683, sdrt-health/mac:02010b41cdec/antenna/tag/e2806894000050038662154f, 85
1652706724.296005, sdrt-health/mac:02010b41cdec/antenna/tag/e28068940000400386621d4f, 96
1652706724.329114, sdrt-health/mac:02010b41cdec/antenna/tag/e2806894000040038662114f, 88
1652706724.387575, sdrt-health/mac:02010b41cdec/antenna/tag/e28068940000500386620d4f, 87
1652706724.4152, sdrt-health/mac:02010b41cdec/antenna/tag/e2806894000050038661fd4f, 83
1652706724.415432, sdrt-health/mac:02010b41cdec/antenna/tag/e28068940000500386620d4f, 93
1652706724.429578, sdrt-health/mac:02010b41cdec/antenna/tag/e2806894000050038661fd4f, 83
1652706724.482694, sdrt-health/mac:02010b41cdec/antenna/tag/e2806894000050038661fd4f, 83
1652706724.482919, sdrt-health/mac:02010b41cdec/antenna/tag/e2806894000050038662194f, 94
1652706724.508958, sdrt-health/mac:02010b41cdec/antenna/tag/e2806894000050038661fd4f, 83
1652706724.550547, sdrt-health/mac:02010b41cdec/antenna/tag/e2806894000050038662154f, 88
1652706724.590013, sdrt-health/mac:02010b41cdec/antenna/tag/e28068940000400386621d4f, 90
1652706724.639142, sdrt-health/mac:02010b41cdec/antenna/tag/e2806894000050038661fd4f, 86
1652706724.70243, sdrt-health/mac:02010b41cdec/antenna/tag/e2806894000050038661fd4f, 83
1652706724.702666, sdrt-health/mac:02010b41cdec/antenna/tag/e2806894000050038662154f, 88
1652706724.717261, sdrt-health/mac:02010b41cdec/antenna/tag/e28068940000400386621d4f, 96
1652706724.728774, sdrt-health/mac:02010b41cdec/antenna/tag/e2806894000050038661fd4f, 86
1652706724.734425, sdrt-health/mac:02010b41cdec/antenna/tag/e28068940000400386621d4f, 90
1652706724.734646, sdrt-health/mac:02010b41cdec/antenna/tag/e2806894000050038662154f, 88
1652706724.769977, sdrt-health/mac:02010b41cdec/antenna/tag/e2806894000050038662154f, 91
1652706724.808462, sdrt-health/mac:02010b41cdec/antenna/tag/e2806894000050038661fd4f, 86
1652706724.849615, sdrt-health/mac:02010b41cdec/antenna/tag/e2806894000040038662114f, 91
1652706724.889307, sdrt-health/mac:02010b41cdec/antenna/tag/e2806894000050038662194f, 88
1652706724.939336, sdrt-health/mac:02010b41cdec/antenna/tag/e2806894000040038662054f, 84
1652706724.987098, sdrt-health/mac:02010b41cdec/antenna/tag/e2806894000050038662154f, 91
1652706725.029039, sdrt-health/mac:02010b41cdec/antenna/tag/e2806894000040038662114f, 88
1652706725.081953, sdrt-health/mac:02010b41cdec/antenna/tag/e2806894000050038662154f, 88
1652706725.08219, sdrt-health/mac:02010b41cdec/antenna/tag/e2806894000050038661fd4f, 83
1652706725.095578, sdrt-health/mac:02010b41cdec/antenna/tag/e28068940000500386620d4f, 81
1652706725.117099, sdrt-health/mac:02010b41cdec/antenna/tag/e28068940000500386620d4f, 84
1652706725.160388, sdrt-health/mac:02010b41cdec/antenna/tag/e2806894000050038661fd4f, 83
1652706725.207808, sdrt-health/mac:02010b41cdec/antenna/tag/e2806894000050038662154f, 88
1652706725.249104, sdrt-health/mac:02010b41cdec/antenna/tag/e2806894000040038662114f, 88
1652706725.297834, sdrt-health/mac:02010b41cdec/antenna/tag/e2806894000050038662154f, 91
1652706725.362019, sdrt-health/mac:02010b41cdec/antenna/tag/e28068940000500386620d4f, 83
1652706725.36227, sdrt-health/mac:02010b41cdec/antenna/tag/e28068940000400386621d4f, 96
1652706725.374937, sdrt-health/mac:02010b41cdec/antenna/tag/e28068940000400386621d4f, 96
1652706725.388722, sdrt-health/mac:02010b41cdec/antenna/tag/e2806894000050038662154f, 97
1652706725.428551, sdrt-health/mac:02010b41cdec/antenna/tag/e2806894000040038662114f, 91
1652706725.488469, sdrt-health/mac:02010b41cdec/antenna/tag/e2806894000050038661fd4f, 83
1652706725.529022, sdrt-health/mac:02010b41cdec/antenna/tag/e28068940000400386621d4f, 90
1652706725.529274, sdrt-health/mac:02010b41cdec/antenna/tag/e28068940000500386620d4f, 83
1652706725.606431, sdrt-health/mac:02010b41cdec/antenna/tag/e2806894000040038662114f, 88
1652706725.656956, sdrt-health/mac:02010b41cdec/antenna/tag/e28068940000500386620d4f, 87
1652706725.698785, sdrt-health/mac:02010b41cdec/antenna/tag/e28068940000500386620d4f, 87
1652706725.699101, sdrt-health/mac:02010b41cdec/antenna/tag/e2806894000050038662154f, 88
1652706725.759294, sdrt-health/mac:02010b41cdec/antenna/tag/e2806894000050038661fd4f, 83
1652706725.799069, sdrt-health/mac:02010b41cdec/antenna/tag/e2806894000050038661fd4f, 86
1652706725.853639, sdrt-health/mac:02010b41cdec/antenna/tag/e2806894000050038662154f, 91
1652706725.853865, sdrt-health/mac:02010b41cdec/antenna/tag/e28068940000500386620d4f, 87
1652706725.868257, sdrt-health/mac:02010b41cdec/antenna/tag/e2806894000050038662154f, 91
1652706725.955278, sdrt-health/mac:02010b41cdec/antenna/tag/e28068940000400386621d4f, 90
1652706725.998281, sdrt-health/mac:02010b41cdec/antenna/tag/e28068940000400386621d4f, 77
1652706726.052894, sdrt-health/mac:02010b41cdec/antenna/tag/e2806894000050038661fd4f, 83
1652706726.053137, sdrt-health/mac:02010b41cdec/antenna/tag/e2806894000040038662114f, 88
1652706726.080897, sdrt-health/mac:02010b41cdec/antenna/tag/e2806894000050038662154f, 85
1652706726.140527, sdrt-health/mac:02010b41cdec/antenna/tag/e2806894000050038661fd4f, 86
1652706726.140749, sdrt-health/mac:02010b41cdec/antenna/tag/e2806894000050038661fd4f, 83
1652706726.169527, sdrt-health/mac:02010b41cdec/antenna/tag/e28068940000500386620d4f, 93
1652706726.209186, sdrt-health/mac:02010b41cdec/antenna/tag/e2806894000050038662154f, 88
1652706726.284975, sdrt-health/mac:02010b41cdec/antenna/tag/e28068940000500386620d4f, 87
1652706726.285244, sdrt-health/mac:02010b41cdec/antenna/tag/e2806894000050038661fd4f, 86
1652706726.307042, sdrt-health/mac:02010b41cdec/antenna/tag/e2806894000050038662154f, 88
1652706726.363742, sdrt-health/mac:02010b41cdec/antenna/tag/e28068940000400386621d4f, 90
1652706726.364122, sdrt-health/mac:02010b41cdec/antenna/tag/e2806894000050038662194f, 82
1652706726.377215, sdrt-health/mac:02010b41cdec/antenna/tag/e2806894000040038662114f, 91
1652706726.388562, sdrt-health/mac:02010b41cdec/antenna/tag/e2806894000040038662114f, 91
1652706726.430356, sdrt-health/mac:02010b41cdec/antenna/tag/e2806894000050038662194f, 81
1652706726.482487, sdrt-health/mac:02010b41cdec/antenna/tag/e2806894000040038662114f, 91
1652706726.482729, sdrt-health/mac:02010b41cdec/antenna/tag/e2806894000040038662114f, 91
1652706726.496056, sdrt-health/mac:02010b41cdec/antenna/tag/e2806894000050038662194f, 94
1652706726.538747, sdrt-health/mac:02010b41cdec/antenna/tag/e2806894000050038661fd4f, 86
1652706726.579987, sdrt-health/mac:02010b41cdec/antenna/tag/e28068940000400386621d4f, 77
1652706726.648689, sdrt-health/mac:02010b41cdec/antenna/tag/e2806894000050038662194f, 81
1652706726.699016, sdrt-health/mac:02010b41cdec/antenna/tag/e28068940000400386621d4f, 90
1652706726.755134, sdrt-health/mac:02010b41cdec/antenna/tag/e2806894000040038662114f, 88
1652706726.755362, sdrt-health/mac:02010b41cdec/antenna/tag/e28068940000400386621d4f, 90
1652706726.769166, sdrt-health/mac:02010b41cdec/antenna/tag/e2806894000050038661fd4f, 83
1652706726.788044, sdrt-health/mac:02010b41cdec/antenna/tag/e2806894000050038661fd4f, 86
1652706726.829845, sdrt-health/mac:02010b41cdec/antenna/tag/e28068940000500386620d4f, 87
1652706726.909107, sdrt-health/mac:02010b41cdec/antenna/tag/e28068940000400386621d4f, 77
1652706726.959525, sdrt-health/mac:02010b41cdec/antenna/tag/e2806894000050038661fd4f, 83
1652706727.010319, sdrt-health/mac:02010b41cdec/antenna/tag/e28068940000400386621d4f, 77
1652706727.059014, sdrt-health/mac:02010b41cdec/antenna/tag/e2806894000040038662114f, 88
1652706727.109105, sdrt-health/mac:02010b41cdec/antenna/tag/e2806894000050038662194f, 94
1652706727.151997, sdrt-health/mac:02010b41cdec/antenna/tag/e28068940000400386621d4f, 96
1652706727.200567, sdrt-health/mac:02010b41cdec/antenna/tag/e2806894000050038661fd4f, 86
1652706727.252354, sdrt-health/mac:02010b41cdec/antenna/tag/e2806894000050038661fd4f, 90
1652706727.282631, sdrt-health/mac:02010b41cdec/antenna/tag/e28068940000400386621d4f, 96
1652706727.282876, sdrt-health/mac:02010b41cdec/antenna/tag/e2806894000050038662154f, 91
1652706727.283013, sdrt-health/mac:02010b41cdec/antenna/tag/e2806894000050038661fd4f, 86
1652706727.300228, sdrt-health/mac:02010b41cdec/antenna/tag/e2806894000050038662154f, 97
1652706727.367878, sdrt-health/mac:02010b41cdec/antenna/tag/e2806894000050038662154f, 91
1652706727.368116, sdrt-health/mac:02010b41cdec/antenna/tag/e2806894000050038661fd4f, 86
1652706727.381895, sdrt-health/mac:02010b41cdec/antenna/tag/e2806894000050038661fd4f, 86
1652706727.382207, sdrt-health/mac:02010b41cdec/antenna/tag/e2806894000040038662114f, 88
1652706727.382444, sdrt-health/mac:02010b41cdec/antenna/tag/e2806894000050038661fd4f, 86
1652706727.407819, sdrt-health/mac:02010b41cdec/antenna/tag/e2806894000040038662114f, 91
1652706727.466375, sdrt-health/mac:02010b41cdec/antenna/tag/e2806894000040038662114f, 85
1652706727.46679, sdrt-health/mac:02010b41cdec/antenna/tag/e2806894000050038662154f, 88
1652706727.517874, sdrt-health/mac:02010b41cdec/antenna/tag/e2806894000050038661fd4f, 83
1652706727.57334, sdrt-health/mac:02010b41cdec/antenna/tag/e2806894000040038662114f, 85
1652706727.57384, sdrt-health/mac:02010b41cdec/antenna/tag/e28068940000500386620d4f, 87
1652706727.611223, sdrt-health/mac:02010b41cdec/antenna/tag/e2806894000040038662114f, 88
1652706727.720702, sdrt-health/mac:02010b41cdec/antenna/tag/e2806894000050038661fd4f, 86
1652706727.750762, sdrt-health/mac:02010b41cdec/antenna/tag/e2806894000050038662154f, 91
1652706727.750989, sdrt-health/mac:02010b41cdec/antenna/tag/e2806894000040038662114f, 91
1652706727.751111, sdrt-health/mac:02010b41cdec/antenna/tag/e2806894000050038661fd4f, 86
1652706727.765705, sdrt-health/mac:02010b41cdec/antenna/tag/e28068940000500386620d4f, 81
1652706727.765895, sdrt-health/mac:02010b41cdec/antenna/tag/e2806894000050038661fd4f, 83
1652706727.766016, sdrt-health/mac:02010b41cdec/antenna/tag/e28068940000400386621d4f, 96
1652706727.894098, sdrt-health/mac:02010b41cdec/antenna/tag/e2806894000050038662154f, 88
1652706727.967763, sdrt-health/mac:02010b41cdec/antenna/tag/e2806894000050038662154f, 85
1652706728.008356, sdrt-health/mac:02010b41cdec/antenna/tag/e28068940000500386620d4f, 81
1652706728.072013, sdrt-health/mac:02010b41cdec/antenna/tag/e28068940000400386621d4f, 96
1652706728.072375, sdrt-health/mac:02010b41cdec/antenna/tag/e2806894000050038662154f, 85
1652706728.099644, sdrt-health/mac:02010b41cdec/antenna/tag/e2806894000050038662154f, 88
1652706728.100488, sdrt-health/mac:02010b41cdec/antenna/tag/e2806894000050038661fd4f, 83
1652706728.157031, sdrt-health/mac:02010b41cdec/antenna/tag/e2806894000040038662114f, 85
1652706728.240669, sdrt-health/mac:02010b41cdec/antenna/tag/e28068940000500386620d4f, 87
1652706728.241088, sdrt-health/mac:02010b41cdec/antenna/tag/e2806894000050038662154f, 88
1652706728.269569, sdrt-health/mac:02010b41cdec/antenna/tag/e28068940000400386621d4f, 90
1652706728.269879, sdrt-health/mac:02010b41cdec/antenna/tag/e28068940000400386621d4f, 90
1652706728.340982, sdrt-health/mac:02010b41cdec/antenna/tag/e28068940000400386621d4f, 96
1652706728.397115, sdrt-health/mac:02010b41cdec/antenna/tag/e2806894000040038662114f, 91
1652706728.453583, sdrt-health/mac:02010b41cdec/antenna/tag/e2806894000050038661fd4f, 83
1652706728.453838, sdrt-health/mac:02010b41cdec/antenna/tag/e2806894000040038662114f, 88
1652706728.454018, sdrt-health/mac:02010b41cdec/antenna/tag/e2806894000050038662194f, 81
1652706728.478672, sdrt-health/mac:02010b41cdec/antenna/tag/e2806894000050038661fd4f, 86
1652706728.532629, sdrt-health/mac:02010b41cdec/antenna/tag/e2806894000050038662194f, 81
1652706728.532868, sdrt-health/mac:02010b41cdec/antenna/tag/e2806894000050038662154f, 88
1652706728.546022, sdrt-health/mac:02010b41cdec/antenna/tag/e2806894000050038662194f, 81
1652706728.55899, sdrt-health/mac:02010b41cdec/antenna/tag/e2806894000050038661fd4f, 83
1652706728.606496, sdrt-health/mac:02010b41cdec/antenna/tag/e2806894000050038662154f, 88
1652706728.650268, sdrt-health/mac:02010b41cdec/antenna/tag/e28068940000400386621d4f, 96
1652706728.704271, sdrt-health/mac:02010b41cdec/antenna/tag/e2806894000040038662114f, 91
1652706728.70449, sdrt-health/mac:02010b41cdec/antenna/tag/e2806894000050038662154f, 91
1652706728.704638, sdrt-health/mac:02010b41cdec/antenna/tag/e2806894000050038662194f, 83
1652706728.734386, sdrt-health/mac:02010b41cdec/antenna/tag/e2806894000050038662194f, 83
1652706728.738167, sdrt-health/mac:02010b41cdec/antenna/tag/e28068940000400386621d4f, 96
1652706728.777607, sdrt-health/mac:02010b41cdec/antenna/tag/e2806894000050038661fd4f, 83
1652706728.834457, sdrt-health/mac:02010b41cdec/antenna/tag/e2806894000050038661fd4f, 83
1652706728.834813, sdrt-health/mac:02010b41cdec/antenna/tag/e28068940000500386620d4f, 87
1652706728.859024, sdrt-health/mac:02010b41cdec/antenna/tag/e2806894000040038662114f, 85
1652706728.899179, sdrt-health/mac:02010b41cdec/antenna/tag/e2806894000050038662194f, 94
1652706728.938995, sdrt-health/mac:02010b41cdec/antenna/tag/e2806894000040038662114f, 88
1652706729.019503, sdrt-health/mac:02010b41cdec/antenna/tag/e2806894000050038662154f, 91
1652706729.059646, sdrt-health/mac:02010b41cdec/antenna/tag/e2806894000040038662114f, 88
1652706729.109868, sdrt-health/mac:02010b41cdec/antenna/tag/e2806894000040038662114f, 88
1652706729.168928, sdrt-health/mac:02010b41cdec/antenna/tag/e2806894000040038662114f, 85
1652706729.210088, sdrt-health/mac:02010b41cdec/antenna/tag/e2806894000050038662154f, 85
1652706729.264011, sdrt-health/mac:02010b41cdec/antenna/tag/e28068940000500386620d4f, 81
1652706729.264261, sdrt-health/mac:02010b41cdec/antenna/tag/e2806894000050038662154f, 85
1652706729.308644, sdrt-health/mac:02010b41cdec/antenna/tag/e2806894000050038661fd4f, 83
1652706729.364148, sdrt-health/mac:02010b41cdec/antenna/tag/e28068940000400386621d4f, 96
1652706729.3644, sdrt-health/mac:02010b41cdec/antenna/tag/e28068940000400386621d4f, 96
1652706729.419075, sdrt-health/mac:02010b41cdec/antenna/tag/e2806894000050038661fd4f, 83
1652706729.459689, sdrt-health/mac:02010b41cdec/antenna/tag/e28068940000400386621d4f, 77
1652706729.500126, sdrt-health/mac:02010b41cdec/antenna/tag/e2806894000040038662114f, 88
1652706729.539068, sdrt-health/mac:02010b41cdec/antenna/tag/e2806894000050038662194f, 94
1652706729.615872, sdrt-health/mac:02010b41cdec/antenna/tag/e28068940000400386621d4f, 96
1652706729.616249, sdrt-health/mac:02010b41cdec/antenna/tag/e2806894000050038662154f, 97
1652706729.640197, sdrt-health/mac:02010b41cdec/antenna/tag/e28068940000400386621d4f, 96
1652706729.694886, sdrt-health/mac:02010b41cdec/antenna/tag/e2806894000040038662114f, 85
1652706729.695116, sdrt-health/mac:02010b41cdec/antenna/tag/e2806894000050038661fd4f, 83
1652706729.709594, sdrt-health/mac:02010b41cdec/antenna/tag/e2806894000040038662114f, 88
1652706729.720539, sdrt-health/mac:02010b41cdec/antenna/tag/e2806894000050038662154f, 85
1652706729.725193, sdrt-health/mac:02010b41cdec/antenna/tag/e2806894000050038662154f, 88
1652706729.759686, sdrt-health/mac:02010b41cdec/antenna/tag/e2806894000050038661fd4f, 86
1652706729.800897, sdrt-health/mac:02010b41cdec/antenna/tag/e2806894000040038662114f, 97
1652706729.85593, sdrt-health/mac:02010b41cdec/antenna/tag/e2806894000050038661fd4f, 83
1652706729.85637, sdrt-health/mac:02010b41cdec/antenna/tag/e28068940000500386620d4f, 81
1652706729.856678, sdrt-health/mac:02010b41cdec/antenna/tag/e28068940000500386620d4f, 94
1652706729.889412, sdrt-health/mac:02010b41cdec/antenna/tag/e28068940000400386621d4f, 90
1652706729.92976, sdrt-health/mac:02010b41cdec/antenna/tag/e28068940000400386621d4f, 96
1652706729.986148, sdrt-health/mac:02010b41cdec/antenna/tag/e2806894000040038662114f, 91
1652706729.986361, sdrt-health/mac:02010b41cdec/antenna/tag/e2806894000050038662154f, 91
1652706730.011257, sdrt-health/mac:02010b41cdec/antenna/tag/e28068940000400386621d4f, 90
1652706730.065342, sdrt-health/mac:02010b41cdec/antenna/tag/e28068940000400386621d4f, 77
1652706730.127174, sdrt-health/mac:02010b41cdec/antenna/tag/e28068940000500386620d4f, 88
1652706730.127487, sdrt-health/mac:02010b41cdec/antenna/tag/e2806894000050038661fd4f, 83
1652706730.142059, sdrt-health/mac:02010b41cdec/antenna/tag/e2806894000050038662194f, 93
1652706730.160565, sdrt-health/mac:02010b41cdec/antenna/tag/e28068940000400386621d4f, 96
1652706730.20017, sdrt-health/mac:02010b41cdec/antenna/tag/e28068940000500386620d4f, 81
1652706730.231902, sdrt-health/mac:02010b41cdec/antenna/tag/e2806894000050038661fd4f, 86
1652706730.232125, sdrt-health/mac:02010b41cdec/antenna/tag/e2806894000040038662114f, 88
1652706730.232242, sdrt-health/mac:02010b41cdec/antenna/tag/e28068940000400386621d4f, 90
1652706730.248076, sdrt-health/mac:02010b41cdec/antenna/tag/e2806894000050038661fd4f, 86
1652706730.290226, sdrt-health/mac:02010b41cdec/antenna/tag/e2806894000050038661fd4f, 86
1652706730.329981, sdrt-health/mac:02010b41cdec/antenna/tag/e2806894000050038661fd4f, 83
1652706730.385609, sdrt-health/mac:02010b41cdec/antenna/tag/e2806894000040038662114f, 91
1652706730.385855, sdrt-health/mac:02010b41cdec/antenna/tag/e2806894000050038662194f, 82
1652706730.386022, sdrt-health/mac:02010b41cdec/antenna/tag/e28068940000400386621d4f, 90
1652706730.410397, sdrt-health/mac:02010b41cdec/antenna/tag/e2806894000050038662194f, 83
1652706730.449877, sdrt-health/mac:02010b41cdec/antenna/tag/e2806894000040038662114f, 88
1652706730.489246, sdrt-health/mac:02010b41cdec/antenna/tag/e28068940000500386620d4f, 88
1652706730.529986, sdrt-health/mac:02010b41cdec/antenna/tag/e2806894000050038662194f, 94
1652706730.58916, sdrt-health/mac:02010b41cdec/antenna/tag/e2806894000040038662054f, 81
1652706730.630477, sdrt-health/mac:02010b41cdec/antenna/tag/e2806894000050038661fd4f, 83
1652706730.678166, sdrt-health/mac:02010b41cdec/antenna/tag/e2806894000050038662154f, 91
1652706730.728306, sdrt-health/mac:02010b41cdec/antenna/tag/e2806894000040038662114f, 88
1652706730.784062, sdrt-health/mac:02010b41cdec/antenna/tag/e2806894000050038662194f, 83
1652706730.784293, sdrt-health/mac:02010b41cdec/antenna/tag/e2806894000050038662154f, 85
1652706730.798366, sdrt-health/mac:02010b41cdec/antenna/tag/e2806894000040038662114f, 88
1652706730.84163, sdrt-health/mac:02010b41cdec/antenna/tag/e2806894000050038662194f, 87
1652706730.84185, sdrt-health/mac:02010b41cdec/antenna/tag/e28068940000400386621d4f, 96
1652706730.870407, sdrt-health/mac:02010b41cdec/antenna/tag/e2806894000050038662154f, 88
1652706731.099927, sdrt-health/mac:02010b41cdec/antenna/tag/e28068940000400386621d4f, 96
1652706731.163902, sdrt-health/mac:02010b41cdec/antenna/tag/e2806894000040038662114f, 91
1652706731.164289, sdrt-health/mac:02010b41cdec/antenna/tag/e28068940000400386621d4f, 96
1652706731.178034, sdrt-health/mac:02010b41cdec/antenna/tag/e2806894000040038662114f, 85
1652706731.178264, sdrt-health/mac:02010b41cdec/antenna/tag/e2806894000050038662194f, 81
1652706731.178398, sdrt-health/mac:02010b41cdec/antenna/tag/e2806894000040038662114f, 88
1652706731.178546, sdrt-health/mac:02010b41cdec/antenna/tag/e28068940000400386621d4f, 96
1652706731.178671, sdrt-health/mac:02010b41cdec/antenna/tag/e2806894000050038662154f, 88
1652706731.178801, sdrt-health/mac:02010b41cdec/antenna/tag/e28068940000400386621d4f, 77
1652706731.178924, sdrt-health/mac:02010b41cdec/antenna/tag/e2806894000050038662154f, 91
1652706731.198193, sdrt-health/mac:02010b41cdec/antenna/tag/e2806894000050038661fd4f, 90
1652706731.253249, sdrt-health/mac:02010b41cdec/antenna/tag/e2806894000050038661fd4f, 86
1652706731.253429, sdrt-health/mac:02010b41cdec/antenna/tag/e28068940000500386620d4f, 82
1652706731.280186, sdrt-health/mac:02010b41cdec/antenna/tag/e2806894000040038662114f, 88
1652706731.344061, sdrt-health/mac:02010b41cdec/antenna/tag/e2806894000040038662114f, 91
1652706731.344306, sdrt-health/mac:02010b41cdec/antenna/tag/e2806894000040038662114f, 91
1652706731.369854, sdrt-health/mac:02010b41cdec/antenna/tag/e2806894000050038661fd4f, 83
1652706731.448259, sdrt-health/mac:02010b41cdec/antenna/tag/e2806894000050038662194f, 81
1652706731.448562, sdrt-health/mac:02010b41cdec/antenna/tag/e2806894000050038661fd4f, 83
1652706731.46292, sdrt-health/mac:02010b41cdec/antenna/tag/e2806894000040038662114f, 88
1652706731.463113, sdrt-health/mac:02010b41cdec/antenna/tag/e28068940000400386621d4f, 96
1652706731.479986, sdrt-health/mac:02010b41cdec/antenna/tag/e28068940000400386621d4f, 90
1652706731.519892, sdrt-health/mac:02010b41cdec/antenna/tag/e2806894000050038661fd4f, 83
1652706731.575063, sdrt-health/mac:02010b41cdec/antenna/tag/e2806894000050038661fd4f, 83
1652706731.575473, sdrt-health/mac:02010b41cdec/antenna/tag/e2806894000050038661fd4f, 83
1652706731.589532, sdrt-health/mac:02010b41cdec/antenna/tag/e28068940000500386620d4f, 83
1652706731.639358, sdrt-health/mac:02010b41cdec/antenna/tag/e2806894000040038662114f, 85
1652706731.672725, sdrt-health/mac:02010b41cdec/antenna/tag/e28068940000500386620d4f, 84
1652706731.719872, sdrt-health/mac:02010b41cdec/antenna/tag/e28068940000500386620d4f, 83
1652706731.759704, sdrt-health/mac:02010b41cdec/antenna/tag/e2806894000040038662114f, 88
1652706731.859467, sdrt-health/mac:02010b41cdec/antenna/tag/e2806894000050038661fd4f, 83
1652706731.899365, sdrt-health/mac:02010b41cdec/antenna/tag/e2806894000050038661fd4f, 86
1652706731.954137, sdrt-health/mac:02010b41cdec/antenna/tag/e2806894000050038662154f, 91
1652706731.954346, sdrt-health/mac:02010b41cdec/antenna/tag/e2806894000040038662114f, 88
1652706731.988842, sdrt-health/mac:02010b41cdec/antenna/tag/e28068940000500386620d4f, 83
1652706732.030756, sdrt-health/mac:02010b41cdec/antenna/tag/e28068940000400386621d4f, 96
1652706732.111347, sdrt-health/mac:02010b41cdec/antenna/tag/e2806894000050038662154f, 88
1652706732.11161, sdrt-health/mac:02010b41cdec/antenna/tag/e2806894000040038662114f, 91
1652706732.127676, sdrt-health/mac:02010b41cdec/antenna/tag/e28068940000400386621d4f, 96
1652706732.152046, sdrt-health/mac:02010b41cdec/antenna/tag/e2806894000040038662114f, 88
1652706732.184173, sdrt-health/mac:02010b41cdec/antenna/tag/e28068940000400386621d4f, 90
1652706732.184421, sdrt-health/mac:02010b41cdec/antenna/tag/e2806894000050038661fd4f, 83
1652706732.184575, sdrt-health/mac:02010b41cdec/antenna/tag/e28068940000500386620d4f, 83
1652706732.200347, sdrt-health/mac:02010b41cdec/antenna/tag/e2806894000050038661fd4f, 86
1652706732.230924, sdrt-health/mac:02010b41cdec/antenna/tag/e2806894000050038662154f, 88
1652706732.231206, sdrt-health/mac:02010b41cdec/antenna/tag/e2806894000050038662154f, 88
1652706732.245402, sdrt-health/mac:02010b41cdec/antenna/tag/e2806894000050038662154f, 91
1652706732.290732, sdrt-health/mac:02010b41cdec/antenna/tag/e28068940000500386620d4f, 83
1652706732.344291, sdrt-health/mac:02010b41cdec/antenna/tag/e2806894000040038662114f, 91
1652706732.344795, sdrt-health/mac:02010b41cdec/antenna/tag/e2806894000050038661fd4f, 86
1652706732.358322, sdrt-health/mac:02010b41cdec/antenna/tag/e28068940000500386620d4f, 87
1652706732.370536, sdrt-health/mac:02010b41cdec/antenna/tag/e2806894000050038661fd4f, 97
1652706732.374469, sdrt-health/mac:02010b41cdec/antenna/tag/e28068940000500386620d4f, 87
1652706732.408407, sdrt-health/mac:02010b41cdec/antenna/tag/e28068940000400386621d4f, 90
1652706732.449839, sdrt-health/mac:02010b41cdec/antenna/tag/e2806894000050038662154f, 91
1652706732.505713, sdrt-health/mac:02010b41cdec/antenna/tag/e28068940000400386621d4f, 96
1652706732.505916, sdrt-health/mac:02010b41cdec/antenna/tag/e28068940000400386621d4f, 77
1652706732.547212, sdrt-health/mac:02010b41cdec/antenna/tag/e2806894000040038662114f, 85
1652706732.577444, sdrt-health/mac:02010b41cdec/antenna/tag/e28068940000400386621d4f, 96
1652706732.577689, sdrt-health/mac:02010b41cdec/antenna/tag/e2806894000050038662154f, 85
1652706732.59203, sdrt-health/mac:02010b41cdec/antenna/tag/e2806894000050038662154f, 85
1652706732.669416, sdrt-health/mac:02010b41cdec/antenna/tag/e28068940000500386620d4f, 85
1652706732.771141, sdrt-health/mac:02010b41cdec/antenna/tag/e2806894000050038662154f, 88
1652706732.860992, sdrt-health/mac:02010b41cdec/antenna/tag/e28068940000400386621d4f, 90
1652706732.890883, sdrt-health/mac:02010b41cdec/antenna/tag/e2806894000040038662114f, 91
1652706732.891159, sdrt-health/mac:02010b41cdec/antenna/tag/e2806894000040038662114f, 91
1652706732.891377, sdrt-health/mac:02010b41cdec/antenna/tag/e28068940000400386621d4f, 90
1652706732.89156, sdrt-health/mac:02010b41cdec/antenna/tag/e28068940000400386621d4f, 90
1652706732.909617, sdrt-health/mac:02010b41cdec/antenna/tag/e28068940000400386621d4f, 96
1652706732.950008, sdrt-health/mac:02010b41cdec/antenna/tag/e2806894000050038662194f, 81
1652706732.978673, sdrt-health/mac:02010b41cdec/antenna/tag/e2806894000050038661fd4f, 86
1652706732.978882, sdrt-health/mac:02010b41cdec/antenna/tag/e28068940000400386621d4f, 90
1652706732.992855, sdrt-health/mac:02010b41cdec/antenna/tag/e2806894000050038661fd4f, 86
1652706733.039246, sdrt-health/mac:02010b41cdec/antenna/tag/e2806894000050038661fd4f, 83
1652706733.096925, sdrt-health/mac:02010b41cdec/antenna/tag/e2806894000050038662154f, 88
1652706733.097138, sdrt-health/mac:02010b41cdec/antenna/tag/e28068940000400386621d4f, 77
1652706733.112312, sdrt-health/mac:02010b41cdec/antenna/tag/e2806894000050038661fd4f, 83
1652706733.112578, sdrt-health/mac:02010b41cdec/antenna/tag/e28068940000400386621d4f, 96
1652706733.112733, sdrt-health/mac:02010b41cdec/antenna/tag/e2806894000040038662114f, 85
1652706733.138844, sdrt-health/mac:02010b41cdec/antenna/tag/e2806894000050038662154f, 88
1652706733.1794, sdrt-health/mac:02010b41cdec/antenna/tag/e2806894000040038662114f, 88
1652706733.228758, sdrt-health/mac:02010b41cdec/antenna/tag/e2806894000050038661fd4f, 83
1652706733.270183, sdrt-health/mac:02010b41cdec/antenna/tag/e2806894000050038661fd4f, 86
1652706733.335262, sdrt-health/mac:02010b41cdec/antenna/tag/e2806894000050038661fd4f, 86
1652706733.335501, sdrt-health/mac:02010b41cdec/antenna/tag/e28068940000400386621d4f, 96
1652706733.363117, sdrt-health/mac:02010b41cdec/antenna/tag/e2806894000040038662114f, 88
1652706733.432027, sdrt-health/mac:02010b41cdec/antenna/tag/e2806894000050038662154f, 91
1652706733.432274, sdrt-health/mac:02010b41cdec/antenna/tag/e2806894000040038662114f, 85
1652706733.461476, sdrt-health/mac:02010b41cdec/antenna/tag/e28068940000500386620d4f, 81
1652706733.585773, sdrt-health/mac:02010b41cdec/antenna/tag/e2806894000050038662154f, 88
1652706733.586168, sdrt-health/mac:02010b41cdec/antenna/tag/e2806894000050038662154f, 91
1652706733.650446, sdrt-health/mac:02010b41cdec/antenna/tag/e28068940000500386620d4f, 87
1652706733.682237, sdrt-health/mac:02010b41cdec/antenna/tag/e2806894000050038661fd4f, 83
1652706733.682578, sdrt-health/mac:02010b41cdec/antenna/tag/e2806894000050038661fd4f, 86
1652706733.699511, sdrt-health/mac:02010b41cdec/antenna/tag/e2806894000050038661fd4f, 86
1652706733.74011, sdrt-health/mac:02010b41cdec/antenna/tag/e28068940000500386620d4f, 88
1652706733.814322, sdrt-health/mac:02010b41cdec/antenna/tag/e2806894000050038662154f, 88
1652706733.814563, sdrt-health/mac:02010b41cdec/antenna/tag/e28068940000500386620d4f, 81
1652706733.841231, sdrt-health/mac:02010b41cdec/antenna/tag/e2806894000040038662114f, 91
1652706733.88034, sdrt-health/mac:02010b41cdec/antenna/tag/e28068940000400386621d4f, 90
1652706733.950185, sdrt-health/mac:02010b41cdec/antenna/tag/e2806894000050038662154f, 85
1652706733.989871, sdrt-health/mac:02010b41cdec/antenna/tag/e2806894000050038661fd4f, 83
1652706734.029692, sdrt-health/mac:02010b41cdec/antenna/tag/e28068940000400386621d4f, 77
1652706734.07025, sdrt-health/mac:02010b41cdec/antenna/tag/e28068940000400386621d4f, 90
1652706734.134616, sdrt-health/mac:02010b41cdec/antenna/tag/e2806894000050038661fd4f, 86
1652706734.13486, sdrt-health/mac:02010b41cdec/antenna/tag/e2806894000040038662114f, 88
1652706734.14886, sdrt-health/mac:02010b41cdec/antenna/tag/e2806894000050038662154f, 88
1652706734.14907, sdrt-health/mac:02010b41cdec/antenna/tag/e2806894000050038661fd4f, 86
1652706734.149207, sdrt-health/mac:02010b41cdec/antenna/tag/e2806894000040038662114f, 88
1652706734.170169, sdrt-health/mac:02010b41cdec/antenna/tag/e28068940000400386621d4f, 96
1652706734.228119, sdrt-health/mac:02010b41cdec/antenna/tag/e28068940000400386621d4f, 90
1652706734.27003, sdrt-health/mac:02010b41cdec/antenna/tag/e2806894000050038661fd4f, 86
1652706734.309492, sdrt-health/mac:02010b41cdec/antenna/tag/e28068940000400386621d4f, 90
1652706734.363638, sdrt-health/mac:02010b41cdec/antenna/tag/e28068940000400386621d4f, 77
1652706734.363888, sdrt-health/mac:02010b41cdec/antenna/tag/e2806894000040038661f94f, 84
1652706734.529679, sdrt-health/mac:02010b41cdec/antenna/tag/e28068940000400386621d4f, 77
1652706734.569699, sdrt-health/mac:02010b41cdec/antenna/tag/e28068940000400386621d4f, 96
1652706734.609931, sdrt-health/mac:02010b41cdec/antenna/tag/e28068940000400386621d4f, 96
1652706734.663869, sdrt-health/mac:02010b41cdec/antenna/tag/e2806894000050038662154f, 91
1652706734.664335, sdrt-health/mac:02010b41cdec/antenna/tag/e28068940000400386621d4f, 90
1652706734.689768, sdrt-health/mac:02010b41cdec/antenna/tag/e2806894000050038661fd4f, 83
1652706734.739583, sdrt-health/mac:02010b41cdec/antenna/tag/e2806894000050038662154f, 88
1652706734.79484, sdrt-health/mac:02010b41cdec/antenna/tag/e2806894000040038662114f, 88
1652706734.795309, sdrt-health/mac:02010b41cdec/antenna/tag/e2806894000040038662114f, 88
1652706734.80876, sdrt-health/mac:02010b41cdec/antenna/tag/e28068940000500386620d4f, 87
1652706734.829892, sdrt-health/mac:02010b41cdec/antenna/tag/e2806894000040038662114f, 91
1652706734.878292, sdrt-health/mac:02010b41cdec/antenna/tag/e28068940000400386621d4f, 96
1652706735.111072, sdrt-health/mac:02010b41cdec/antenna/tag/e2806894000040038662114f, 91
1652706735.119995, sdrt-health/mac:02010b41cdec/antenna/tag/e28068940000400386621d4f, 96
1652706735.125697, sdrt-health/mac:02010b41cdec/antenna/tag/e2806894000050038662194f, 81
1652706735.125918, sdrt-health/mac:02010b41cdec/antenna/tag/e2806894000050038661fd4f, 83
1652706735.184125, sdrt-health/mac:02010b41cdec/antenna/tag/e2806894000050038662154f, 85
1652706735.214915, sdrt-health/mac:02010b41cdec/antenna/tag/e2806894000040038662114f, 85
1652706735.215153, sdrt-health/mac:02010b41cdec/antenna/tag/e2806894000040038662114f, 88
1652706735.215268, sdrt-health/mac:02010b41cdec/antenna/tag/e2806894000050038662194f, 81
1652706735.215377, sdrt-health/mac:02010b41cdec/antenna/tag/e28068940000400386621d4f, 77
1652706735.215485, sdrt-health/mac:02010b41cdec/antenna/tag/e2806894000050038662154f, 88
1652706735.215593, sdrt-health/mac:02010b41cdec/antenna/tag/e28068940000400386621d4f, 96
1652706735.2157, sdrt-health/mac:02010b41cdec/antenna/tag/e2806894000050038661fd4f, 86
1652706735.215805, sdrt-health/mac:02010b41cdec/antenna/tag/e2806894000050038661fd4f, 86
1652706735.231415, sdrt-health/mac:02010b41cdec/antenna/tag/e2806894000040038662114f, 88
1652706735.315261, sdrt-health/mac:02010b41cdec/antenna/tag/e2806894000040038662114f, 88
1652706735.316127, sdrt-health/mac:02010b41cdec/antenna/tag/e28068940000500386620d4f, 83
1652706735.349637, sdrt-health/mac:02010b41cdec/antenna/tag/e28068940000400386621d4f, 96
1652706735.39074, sdrt-health/mac:02010b41cdec/antenna/tag/e28068940000400386621d4f, 96
1652706735.421012, sdrt-health/mac:02010b41cdec/antenna/tag/e2806894000050038662194f, 81
1652706735.421239, sdrt-health/mac:02010b41cdec/antenna/tag/e2806894000040038662114f, 88
1652706735.43817, sdrt-health/mac:02010b41cdec/antenna/tag/e2806894000050038662194f, 81
1652706735.524459, sdrt-health/mac:02010b41cdec/antenna/tag/e2806894000050038661fd4f, 83
1652706735.524658, sdrt-health/mac:02010b41cdec/antenna/tag/e28068940000400386621d4f, 96
1652706735.560189, sdrt-health/mac:02010b41cdec/antenna/tag/e2806894000050038662194f, 88
1652706735.614512, sdrt-health/mac:02010b41cdec/antenna/tag/e28068940000400386621d4f, 90
1652706735.614897, sdrt-health/mac:02010b41cdec/antenna/tag/e2806894000050038661fd4f, 83
1652706735.634917, sdrt-health/mac:02010b41cdec/antenna/tag/e2806894000050038662194f, 84
1652706735.695073, sdrt-health/mac:02010b41cdec/antenna/tag/e28068940000400386621d4f, 77
1652706735.695474, sdrt-health/mac:02010b41cdec/antenna/tag/e2806894000050038662194f, 81
1652706735.739168, sdrt-health/mac:02010b41cdec/antenna/tag/e28068940000400386621d4f, 96
1652706735.786919, sdrt-health/mac:02010b41cdec/antenna/tag/e2806894000050038661fd4f, 83
1652706735.831095, sdrt-health/mac:02010b41cdec/antenna/tag/e2806894000050038662194f, 83
1652706735.903242, sdrt-health/mac:02010b41cdec/antenna/tag/e2806894000050038662194f, 83
1652706735.903606, sdrt-health/mac:02010b41cdec/antenna/tag/e2806894000050038661fd4f, 83
1652706735.940071, sdrt-health/mac:02010b41cdec/antenna/tag/e2806894000040038662114f, 85
1652706735.981517, sdrt-health/mac:02010b41cdec/antenna/tag/e28068940000400386621d4f, 77
1652706736.064141, sdrt-health/mac:02010b41cdec/antenna/tag/e2806894000050038661fd4f, 83
1652706736.064434, sdrt-health/mac:02010b41cdec/antenna/tag/e2806894000040038662114f, 88
1652706736.099706, sdrt-health/mac:02010b41cdec/antenna/tag/e28068940000400386621d4f, 96
1652706736.14972, sdrt-health/mac:02010b41cdec/antenna/tag/e2806894000050038661fd4f, 86
1652706736.150893, sdrt-health/mac:02010b41cdec/antenna/tag/e2806894000050038661fd4f, 83
1652706736.199126, sdrt-health/mac:02010b41cdec/antenna/tag/e28068940000500386620d4f, 81
1652706736.263023, sdrt-health/mac:02010b41cdec/antenna/tag/e2806894000050038661fd4f, 83
1652706736.263255, sdrt-health/mac:02010b41cdec/antenna/tag/e2806894000050038662194f, 81
1652706736.277427, sdrt-health/mac:02010b41cdec/antenna/tag/e2806894000050038662194f, 81
1652706736.306707, sdrt-health/mac:02010b41cdec/antenna/tag/e28068940000400386621d4f, 96
1652706736.334269, sdrt-health/mac:02010b41cdec/antenna/tag/e28068940000500386620d4f, 94
1652706736.334639, sdrt-health/mac:02010b41cdec/antenna/tag/e2806894000050038661fd4f, 83
1652706736.350783, sdrt-health/mac:02010b41cdec/antenna/tag/e28068940000500386620d4f, 94
1652706736.41477, sdrt-health/mac:02010b41cdec/antenna/tag/e28068940000400386621d4f, 90
1652706736.415209, sdrt-health/mac:02010b41cdec/antenna/tag/e2806894000040038662114f, 88
1652706736.430255, sdrt-health/mac:02010b41cdec/antenna/tag/e2806894000050038662194f, 81
1652706736.447367, sdrt-health/mac:02010b41cdec/antenna/tag/e2806894000040038662114f, 91
1652706736.498121, sdrt-health/mac:02010b41cdec/antenna/tag/e28068940000400386621d4f, 90
1652706736.527139, sdrt-health/mac:02010b41cdec/antenna/tag/e2806894000050038661fd4f, 83
1652706736.527342, sdrt-health/mac:02010b41cdec/antenna/tag/e28068940000400386621d4f, 96
1652706736.540391, sdrt-health/mac:02010b41cdec/antenna/tag/e28068940000400386621d4f, 96
1652706736.588449, sdrt-health/mac:02010b41cdec/antenna/tag/e2806894000050038662194f, 83
1652706736.588684, sdrt-health/mac:02010b41cdec/antenna/tag/e2806894000050038662194f, 87
1652706736.637753, sdrt-health/mac:02010b41cdec/antenna/tag/e28068940000500386620d4f, 81
1652706736.692798, sdrt-health/mac:02010b41cdec/antenna/tag/e28068940000500386620d4f, 88
1652706736.693151, sdrt-health/mac:02010b41cdec/antenna/tag/e28068940000500386620d4f, 81
1652706736.70667, sdrt-health/mac:02010b41cdec/antenna/tag/e2806894000050038662154f, 91
1652706736.718842, sdrt-health/mac:02010b41cdec/antenna/tag/e2806894000040038662114f, 91
1652706736.778528, sdrt-health/mac:02010b41cdec/antenna/tag/e28068940000400386621d4f, 90
1652706736.819163, sdrt-health/mac:02010b41cdec/antenna/tag/e2806894000040038662114f, 91
1652706736.819418, sdrt-health/mac:02010b41cdec/antenna/tag/e28068940000400386621d4f, 90
1652706736.872618, sdrt-health/mac:02010b41cdec/antenna/tag/e2806894000050038661fd4f, 83
1652706736.872934, sdrt-health/mac:02010b41cdec/antenna/tag/e2806894000050038661fd4f, 86
1652706736.918626, sdrt-health/mac:02010b41cdec/antenna/tag/e2806894000050038661fd4f, 83
1652706736.958041, sdrt-health/mac:02010b41cdec/antenna/tag/e28068940000400386621d4f, 96
1652706737.013304, sdrt-health/mac:02010b41cdec/antenna/tag/e2806894000050038662154f, 88
1652706737.013743, sdrt-health/mac:02010b41cdec/antenna/tag/e2806894000050038661fd4f, 83
1652706737.027537, sdrt-health/mac:02010b41cdec/antenna/tag/e28068940000400386621d4f, 96
1652706737.05919, sdrt-health/mac:02010b41cdec/antenna/tag/e2806894000040038662114f, 88
1652706737.099488, sdrt-health/mac:02010b41cdec/antenna/tag/e28068940000400386621d4f, 96
1652706737.148903, sdrt-health/mac:02010b41cdec/antenna/tag/e28068940000400386621d4f, 96
1652706737.179337, sdrt-health/mac:02010b41cdec/antenna/tag/e2806894000050038662194f, 94
1652706737.179585, sdrt-health/mac:02010b41cdec/antenna/tag/e2806894000040038662114f, 88
1652706737.194429, sdrt-health/mac:02010b41cdec/antenna/tag/e2806894000050038662194f, 87
1652706737.194635, sdrt-health/mac:02010b41cdec/antenna/tag/e2806894000040038662114f, 88
1652706737.194764, sdrt-health/mac:02010b41cdec/antenna/tag/e28068940000400386621d4f, 77
1652706737.319925, sdrt-health/mac:02010b41cdec/antenna/tag/e2806894000040038662114f, 88
1652706737.37959, sdrt-health/mac:02010b41cdec/antenna/tag/e2806894000050038662154f, 88
1652706737.439934, sdrt-health/mac:02010b41cdec/antenna/tag/e28068940000400386621d4f, 90
1652706737.44031, sdrt-health/mac:02010b41cdec/antenna/tag/e2806894000040038662114f, 85
1652706737.459081, sdrt-health/mac:02010b41cdec/antenna/tag/e28068940000400386621d4f, 96
1652706737.499206, sdrt-health/mac:02010b41cdec/antenna/tag/e2806894000050038661fd4f, 83
1652706737.5392, sdrt-health/mac:02010b41cdec/antenna/tag/e2806894000040038662114f, 88
1652706737.579997, sdrt-health/mac:02010b41cdec/antenna/tag/e2806894000040038662114f, 91
1652706737.619631, sdrt-health/mac:02010b41cdec/antenna/tag/e2806894000050038662154f, 88
1652706737.61996, sdrt-health/mac:02010b41cdec/antenna/tag/e2806894000040038662114f, 91
1652706737.666667, sdrt-health/mac:02010b41cdec/antenna/tag/e28068940000500386620d4f, 83
1652706737.708316, sdrt-health/mac:02010b41cdec/antenna/tag/e28068940000400386621d4f, 96
1652706737.750104, sdrt-health/mac:02010b41cdec/antenna/tag/e2806894000050038662154f, 88
1652706737.800864, sdrt-health/mac:02010b41cdec/antenna/tag/e2806894000050038661fd4f, 86
1652706737.801267, sdrt-health/mac:02010b41cdec/antenna/tag/e2806894000040038662114f, 91
1652706737.801589, sdrt-health/mac:02010b41cdec/antenna/tag/e2806894000040038662114f, 91
1652706737.814596, sdrt-health/mac:02010b41cdec/antenna/tag/e2806894000050038661fd4f, 86
1652706737.829093, sdrt-health/mac:02010b41cdec/antenna/tag/e2806894000050038661fd4f, 86
1652706737.948464, sdrt-health/mac:02010b41cdec/antenna/tag/e2806894000040038662114f, 88
1652706738.007374, sdrt-health/mac:02010b41cdec/antenna/tag/e2806894000050038662154f, 91
1652706738.063714, sdrt-health/mac:02010b41cdec/antenna/tag/e28068940000500386620d4f, 87
1652706738.063944, sdrt-health/mac:02010b41cdec/antenna/tag/e28068940000400386621d4f, 90
1652706738.077075, sdrt-health/mac:02010b41cdec/antenna/tag/e2806894000050038662154f, 88
1652706738.077382, sdrt-health/mac:02010b41cdec/antenna/tag/e2806894000040038662114f, 88
1652706738.077582, sdrt-health/mac:02010b41cdec/antenna/tag/e28068940000500386620d4f, 85
1652706738.092566, sdrt-health/mac:02010b41cdec/antenna/tag/e28068940000500386620d4f, 94
1652706738.127988, sdrt-health/mac:02010b41cdec/antenna/tag/e2806894000040038662114f, 85
1652706738.240741, sdrt-health/mac:02010b41cdec/antenna/tag/e28068940000400386621d4f, 96
1652706738.300799, sdrt-health/mac:02010b41cdec/antenna/tag/e2806894000050038661fd4f, 83
1652706738.301054, sdrt-health/mac:02010b41cdec/antenna/tag/e2806894000050038662194f, 81
1652706738.301188, sdrt-health/mac:02010b41cdec/antenna/tag/e28068940000500386620d4f, 83
1652706738.315924, sdrt-health/mac:02010b41cdec/antenna/tag/e28068940000500386620d4f, 83
1652706738.31613, sdrt-health/mac:02010b41cdec/antenna/tag/e2806894000040038662114f, 88
1652706738.387166, sdrt-health/mac:02010b41cdec/antenna/tag/e2806894000050038662154f, 88
1652706738.481378, sdrt-health/mac:02010b41cdec/antenna/tag/scan, scan stopped
