1652706994.521233, sdrt-health/mac:02010b41cdec/antenna/power/set, {"power": 280}
1652706995.616302, sdrt-health/mac:02010b41cdec/antenna/power/set, 
1652706999.542769, sdrt-health/mac:02010b41cdec/antenna/tag/scan, {"time": 20000}
1652706999.901811, sdrt-health/mac:02010b41cdec/antenna/tag/e28068940000500386620d4f, 83
1652706999.957146, sdrt-health/mac:02010b41cdec/antenna/tag/e28068940000400386621d4f, 77
1652707000.07977, sdrt-health/mac:02010b41cdec/antenna/tag/e28068940000400386621d4f, 96
1652707000.080248, sdrt-health/mac:02010b41cdec/antenna/tag/e2806894000040038662114f, 88
1652707000.12575, sdrt-health/mac:02010b41cdec/antenna/tag/e28068940000400386621d4f, 96
1652707000.167964, sdrt-health/mac:02010b41cdec/antenna/tag/e28068940000500386620d4f, 81
1652707000.208382, sdrt-health/mac:02010b41cdec/antenna/tag/e2806894000050038662154f, 88
1652707000.279156, sdrt-health/mac:02010b41cdec/antenna/tag/e2806894000050038662154f, 97
1652707000.318845, sdrt-health/mac:02010b41cdec/antenna/tag/e28068940000400386621d4f, 90
1652707000.358332, sdrt-health/mac:02010b41cdec/antenna/tag/e2806894000050038662154f, 91
1652707000.421925, sdrt-health/mac:02010b41cdec/antenna/tag/e28068940000400386621d4f, 90
1652707000.422181, sdrt-health/mac:02010b41cdec/antenna/tag/e2806894000050038662154f, 85
1652707000.446958, sdrt-health/mac:02010b41cdec/antenna/tag/e2806894000040038662114f, 88
1652707000.487693, sdrt-health/mac:02010b41cdec/antenna/tag/e2806894000050038661fd4f, 83
1652707000.527438, sdrt-health/mac:02010b41cdec/antenna/tag/e2806894000050038661fd4f, 86
1652707000.575584, sdrt-health/mac:02010b41cdec/antenna/tag/e2806894000050038662154f, 91
1652707000.619297, sdrt-health/mac:02010b41cdec/antenna/tag/e2806894000050038662154f, 91
1652707000.680296, sdrt-health/mac:02010b41cdec/antenna/tag/e2806894000040038662114f, 88
1652707000.680548, sdrt-health/mac:02010b41cdec/antenna/tag/e2806894000040038662114f, 88
1652707000.708096, sdrt-health/mac:02010b41cdec/antenna/tag/e2806894000040038662114f, 88
1652707000.760777, sdrt-health/mac:02010b41cdec/antenna/tag/e28068940000400386621d4f, 90
1652707000.761003, sdrt-health/mac:02010b41cdec/antenna/tag/e28068940000400386621d4f, 86
1652707000.79795, sdrt-health/mac:02010b41cdec/antenna/tag/e2806894000050038661fd4f, 83
1652707000.83766, sdrt-health/mac:02010b41cdec/antenna/tag/e28068940000400386621d4f, 96
1652707000.90125, sdrt-health/mac:02010b41cdec/antenna/tag/e28068940000500386620d4f, 81
1652707000.901696, sdrt-health/mac:02010b41cdec/antenna/tag/e28068940000400386621d4f, 77
1652707000.928635, sdrt-health/mac:02010b41cdec/antenna/tag/e2806894000050038662194f, 81
1652707000.967422, sdrt-health/mac:02010b41cdec/antenna/tag/e2806894000040038662114f, 85
1652707001.007551, sdrt-health/mac:02010b41cdec/antenna/tag/e2806894000050038662194f, 81
1652707001.058137, sdrt-health/mac:02010b41cdec/antenna/tag/e2806894000050038661fd4f, 83
1652707001.097419, sdrt-health/mac:02010b41cdec/antenna/tag/e28068940000500386620d4f, 83
1652707001.152396, sdrt-health/mac:02010b41cdec/antenna/tag/e2806894000050038662154f, 88
1652707001.152627, sdrt-health/mac:02010b41cdec/antenna/tag/e2806894000040038662114f, 85
1652707001.166756, sdrt-health/mac:02010b41cdec/antenna/tag/e2806894000050038661fd4f, 83
1652707001.188685, sdrt-health/mac:02010b41cdec/antenna/tag/e2806894000040038662114f, 88
1652707001.23764, sdrt-health/mac:02010b41cdec/antenna/tag/e2806894000050038662154f, 88
1652707001.293766, sdrt-health/mac:02010b41cdec/antenna/tag/e28068940000400386621d4f, 90
1652707001.29418, sdrt-health/mac:02010b41cdec/antenna/tag/e2806894000050038662154f, 91
1652707001.335729, sdrt-health/mac:02010b41cdec/antenna/tag/e2806894000050038661fd4f, 86
1652707001.370486, sdrt-health/mac:02010b41cdec/antenna/tag/e28068940000400386621d4f, 96
1652707001.370701, sdrt-health/mac:02010b41cdec/antenna/tag/e2806894000050038662154f, 88
1652707001.386113, sdrt-health/mac:02010b41cdec/antenna/tag/e2806894000050038661fd4f, 86
1652707001.450154, sdrt-health/mac:02010b41cdec/antenna/tag/e2806894000040038662114f, 91
1652707001.450557, sdrt-health/mac:02010b41cdec/antenna/tag/e2806894000050038661fd4f, 86
1652707001.463916, sdrt-health/mac:02010b41cdec/antenna/tag/e28068940000400386621d4f, 96
1652707001.47872, sdrt-health/mac:02010b41cdec/antenna/tag/e28068940000400386621d4f, 77
1652707001.533882, sdrt-health/mac:02010b41cdec/antenna/tag/e2806894000050038662154f, 88
1652707001.534293, sdrt-health/mac:02010b41cdec/antenna/tag/e2806894000050038662194f, 83
1652707001.548627, sdrt-health/mac:02010b41cdec/antenna/tag/e28068940000400386621d4f, 96
1652707001.566975, sdrt-health/mac:02010b41cdec/antenna/tag/e2806894000050038662194f, 81
1652707001.608851, sdrt-health/mac:02010b41cdec/antenna/tag/e2806894000050038662194f, 83
1652707001.642871, sdrt-health/mac:02010b41cdec/antenna/tag/e28068940000400386621d4f, 90
1652707001.643081, sdrt-health/mac:02010b41cdec/antenna/tag/e28068940000400386621d4f, 96
1652707001.64321, sdrt-health/mac:02010b41cdec/antenna/tag/e2806894000050038662154f, 88
1652707001.657982, sdrt-health/mac:02010b41cdec/antenna/tag/e2806894000050038661fd4f, 86
1652707001.732409, sdrt-health/mac:02010b41cdec/antenna/tag/e2806894000040038661f94f, 81
1652707001.781267, sdrt-health/mac:02010b41cdec/antenna/tag/e2806894000040038662114f, 88
1652707001.781459, sdrt-health/mac:02010b41cdec/antenna/tag/e28068940000400386621d4f, 90
1652707001.795507, sdrt-health/mac:02010b41cdec/antenna/tag/e28068940000500386620d4f, 83
1652707001.795752, sdrt-health/mac:02010b41cdec/antenna/tag/e2806894000050038661fd4f, 86
1652707001.815589, sdrt-health/mac:02010b41cdec/antenna/tag/e2806894000050038662154f, 88
1652707001.987716, sdrt-health/mac:02010b41cdec/antenna/tag/e2806894000040038662114f, 88
1652707002.028141, sdrt-health/mac:02010b41cdec/antenna/tag/e2806894000040038662114f, 85
1652707002.093604, sdrt-health/mac:02010b41cdec/antenna/tag/e2806894000050038662154f, 91
1652707002.093827, sdrt-health/mac:02010b41cdec/antenna/tag/e2806894000050038661fd4f, 83
1652707002.120986, sdrt-health/mac:02010b41cdec/antenna/tag/e2806894000050038662154f, 85
1652707002.171521, sdrt-health/mac:02010b41cdec/antenna/tag/e2806894000050038662154f, 85
1652707002.171822, sdrt-health/mac:02010b41cdec/antenna/tag/e2806894000040038662214f, 81
1652707002.206527, sdrt-health/mac:02010b41cdec/antenna/tag/e28068940000400386621d4f, 96
1652707002.248325, sdrt-health/mac:02010b41cdec/antenna/tag/e2806894000050038662194f, 81
1652707002.297485, sdrt-health/mac:02010b41cdec/antenna/tag/e2806894000050038662194f, 94
1652707002.35052, sdrt-health/mac:02010b41cdec/antenna/tag/e2806894000050038662194f, 94
1652707002.35073, sdrt-health/mac:02010b41cdec/antenna/tag/e2806894000050038662194f, 81
1652707002.364258, sdrt-health/mac:02010b41cdec/antenna/tag/e2806894000040038662114f, 85
1652707002.377069, sdrt-health/mac:02010b41cdec/antenna/tag/e2806894000050038662194f, 81
1652707002.381058, sdrt-health/mac:02010b41cdec/antenna/tag/e2806894000040038662114f, 85
1652707002.507871, sdrt-health/mac:02010b41cdec/antenna/tag/e2806894000040038662114f, 88
1652707002.546979, sdrt-health/mac:02010b41cdec/antenna/tag/e28068940000400386621d4f, 96
1652707002.586595, sdrt-health/mac:02010b41cdec/antenna/tag/e28068940000400386621d4f, 96
1652707002.647426, sdrt-health/mac:02010b41cdec/antenna/tag/e28068940000400386621d4f, 77
1652707002.701805, sdrt-health/mac:02010b41cdec/antenna/tag/e2806894000050038662154f, 85
1652707002.729191, sdrt-health/mac:02010b41cdec/antenna/tag/e2806894000040038662114f, 88
1652707002.7294, sdrt-health/mac:02010b41cdec/antenna/tag/e28068940000400386621d4f, 77
1652707002.757053, sdrt-health/mac:02010b41cdec/antenna/tag/e2806894000040038662114f, 85
1652707002.89734, sdrt-health/mac:02010b41cdec/antenna/tag/e2806894000050038661fd4f, 83
1652707002.897583, sdrt-health/mac:02010b41cdec/antenna/tag/e2806894000050038662154f, 88
1652707003.103027, sdrt-health/mac:02010b41cdec/antenna/tag/e2806894000040038662114f, 88
1652707003.103457, sdrt-health/mac:02010b41cdec/antenna/tag/e2806894000050038661fd4f, 86
1652707003.103759, sdrt-health/mac:02010b41cdec/antenna/tag/e2806894000050038662154f, 88
1652707003.104066, sdrt-health/mac:02010b41cdec/antenna/tag/e2806894000050038662154f, 88
1652707003.105029, sdrt-health/mac:02010b41cdec/antenna/tag/e28068940000400386621d4f, 90
1652707003.105439, sdrt-health/mac:02010b41cdec/antenna/tag/e2806894000050038662154f, 88
1652707003.105875, sdrt-health/mac:02010b41cdec/antenna/tag/e2806894000040038662114f, 91
1652707003.186963, sdrt-health/mac:02010b41cdec/antenna/tag/e2806894000050038662194f, 87
1652707003.18719, sdrt-health/mac:02010b41cdec/antenna/tag/e28068940000400386621d4f, 90
1652707003.20159, sdrt-health/mac:02010b41cdec/antenna/tag/e2806894000050038662194f, 81
1652707003.33024, sdrt-health/mac:02010b41cdec/antenna/tag/e28068940000400386621d4f, 77
1652707003.33067, sdrt-health/mac:02010b41cdec/antenna/tag/e2806894000040038662114f, 85
1652707003.331063, sdrt-health/mac:02010b41cdec/antenna/tag/e2806894000050038662154f, 85
1652707003.331361, sdrt-health/mac:02010b41cdec/antenna/tag/e2806894000040038662114f, 88
1652707003.387152, sdrt-health/mac:02010b41cdec/antenna/tag/e2806894000040038662114f, 88
1652707003.501575, sdrt-health/mac:02010b41cdec/antenna/tag/e2806894000050038662154f, 88
1652707003.501963, sdrt-health/mac:02010b41cdec/antenna/tag/e2806894000050038661fd4f, 86
1652707003.50226, sdrt-health/mac:02010b41cdec/antenna/tag/e2806894000050038662154f, 88
1652707003.502642, sdrt-health/mac:02010b41cdec/antenna/tag/e28068940000400386621d4f, 90
1652707003.502929, sdrt-health/mac:02010b41cdec/antenna/tag/e2806894000040038662114f, 91
1652707003.503311, sdrt-health/mac:02010b41cdec/antenna/tag/e2806894000050038662154f, 85
1652707003.503669, sdrt-health/mac:02010b41cdec/antenna/tag/e28068940000400386621d4f, 96
1652707003.504133, sdrt-health/mac:02010b41cdec/antenna/tag/e2806894000050038662154f, 88
1652707003.504568, sdrt-health/mac:02010b41cdec/antenna/tag/e2806894000040038662114f, 85
1652707003.504926, sdrt-health/mac:02010b41cdec/antenna/tag/e2806894000050038661fd4f, 83
1652707003.505225, sdrt-health/mac:02010b41cdec/antenna/tag/e2806894000050038661fd4f, 83
1652707003.552584, sdrt-health/mac:02010b41cdec/antenna/tag/e2806894000050038662194f, 83
1652707003.58647, sdrt-health/mac:02010b41cdec/antenna/tag/e2806894000050038661fd4f, 83
1652707003.671864, sdrt-health/mac:02010b41cdec/antenna/tag/e2806894000040038662114f, 88
1652707003.672137, sdrt-health/mac:02010b41cdec/antenna/tag/e2806894000040038662114f, 88
1652707003.672319, sdrt-health/mac:02010b41cdec/antenna/tag/e28068940000400386621d4f, 96
1652707003.672491, sdrt-health/mac:02010b41cdec/antenna/tag/e2806894000050038661fd4f, 83
1652707003.692675, sdrt-health/mac:02010b41cdec/antenna/tag/e2806894000040038662114f, 85
1652707003.692917, sdrt-health/mac:02010b41cdec/antenna/tag/e28068940000400386621d4f, 96
1652707003.724814, sdrt-health/mac:02010b41cdec/antenna/tag/e2806894000050038662154f, 85
1652707003.786308, sdrt-health/mac:02010b41cdec/antenna/tag/e2806894000040038662114f, 85
1652707003.786516, sdrt-health/mac:02010b41cdec/antenna/tag/e28068940000400386621d4f, 96
1652707003.80891, sdrt-health/mac:02010b41cdec/antenna/tag/e2806894000050038662154f, 85
1652707003.892883, sdrt-health/mac:02010b41cdec/antenna/tag/e28068940000500386620d4f, 83
1652707003.89317, sdrt-health/mac:02010b41cdec/antenna/tag/e2806894000040038662114f, 85
1652707003.923668, sdrt-health/mac:02010b41cdec/antenna/tag/e2806894000050038662154f, 88
1652707003.94819, sdrt-health/mac:02010b41cdec/antenna/tag/e2806894000050038662154f, 88
1652707004.089642, sdrt-health/mac:02010b41cdec/antenna/tag/e28068940000400386621d4f, 96
1652707004.090027, sdrt-health/mac:02010b41cdec/antenna/tag/e2806894000040038662114f, 88
1652707004.182841, sdrt-health/mac:02010b41cdec/antenna/tag/e2806894000050038662154f, 88
1652707004.183247, sdrt-health/mac:02010b41cdec/antenna/tag/e2806894000040038662114f, 85
1652707004.183521, sdrt-health/mac:02010b41cdec/antenna/tag/e2806894000040038662114f, 88
1652707004.18378, sdrt-health/mac:02010b41cdec/antenna/tag/e28068940000400386621d4f, 90
1652707004.184039, sdrt-health/mac:02010b41cdec/antenna/tag/e2806894000050038661fd4f, 86
1652707004.204185, sdrt-health/mac:02010b41cdec/antenna/tag/e2806894000050038661fd4f, 86
1652707004.371923, sdrt-health/mac:02010b41cdec/antenna/tag/e2806894000040038662114f, 91
1652707004.372333, sdrt-health/mac:02010b41cdec/antenna/tag/e28068940000400386621d4f, 90
1652707004.372692, sdrt-health/mac:02010b41cdec/antenna/tag/e2806894000050038661fd4f, 83
1652707004.373025, sdrt-health/mac:02010b41cdec/antenna/tag/e2806894000050038661fd4f, 86
1652707004.373381, sdrt-health/mac:02010b41cdec/antenna/tag/e28068940000400386621d4f, 90
1652707004.373701, sdrt-health/mac:02010b41cdec/antenna/tag/e2806894000050038661fd4f, 83
1652707004.373999, sdrt-health/mac:02010b41cdec/antenna/tag/e2806894000050038662154f, 88
1652707004.374363, sdrt-health/mac:02010b41cdec/antenna/tag/e2806894000050038662154f, 88
1652707004.424076, sdrt-health/mac:02010b41cdec/antenna/tag/e28068940000400386621d4f, 96
1652707004.424417, sdrt-health/mac:02010b41cdec/antenna/tag/e2806894000050038661fd4f, 86
1652707004.424703, sdrt-health/mac:02010b41cdec/antenna/tag/e28068940000400386621d4f, 96
1652707004.424927, sdrt-health/mac:02010b41cdec/antenna/tag/e2806894000050038662154f, 88
1652707004.425142, sdrt-health/mac:02010b41cdec/antenna/tag/e2806894000050038662194f, 83
1652707004.429003, sdrt-health/mac:02010b41cdec/antenna/tag/e28068940000500386620d4f, 83
1652707004.485425, sdrt-health/mac:02010b41cdec/antenna/tag/e28068940000400386621d4f, 96
1652707004.528008, sdrt-health/mac:02010b41cdec/antenna/tag/e2806894000050038661fd4f, 83
1652707004.585921, sdrt-health/mac:02010b41cdec/antenna/tag/e2806894000040038662114f, 88
1652707004.586206, sdrt-health/mac:02010b41cdec/antenna/tag/e2806894000040038662114f, 85
1652707004.619834, sdrt-health/mac:02010b41cdec/antenna/tag/e2806894000050038662154f, 88
1652707004.680721, sdrt-health/mac:02010b41cdec/antenna/tag/e2806894000040038662114f, 85
1652707004.681166, sdrt-health/mac:02010b41cdec/antenna/tag/e2806894000040038662114f, 88
1652707004.718087, sdrt-health/mac:02010b41cdec/antenna/tag/e2806894000040038662114f, 85
1652707004.757618, sdrt-health/mac:02010b41cdec/antenna/tag/e2806894000050038662154f, 91
1652707004.812707, sdrt-health/mac:02010b41cdec/antenna/tag/e2806894000040038662114f, 85
1652707004.813372, sdrt-health/mac:02010b41cdec/antenna/tag/e28068940000500386620d4f, 87
1652707004.827436, sdrt-health/mac:02010b41cdec/antenna/tag/e2806894000050038661fd4f, 83
1652707004.847341, sdrt-health/mac:02010b41cdec/antenna/tag/e2806894000050038661fd4f, 86
1652707004.851148, sdrt-health/mac:02010b41cdec/antenna/tag/e2806894000050038662194f, 81
1652707004.851454, sdrt-health/mac:02010b41cdec/antenna/tag/e28068940000400386621d4f, 96
1652707004.888851, sdrt-health/mac:02010b41cdec/antenna/tag/e2806894000050038662154f, 91
1652707004.976928, sdrt-health/mac:02010b41cdec/antenna/tag/e2806894000050038661fd4f, 83
1652707005.018126, sdrt-health/mac:02010b41cdec/antenna/tag/e28068940000500386620d4f, 83
1652707005.091143, sdrt-health/mac:02010b41cdec/antenna/tag/e2806894000050038661fd4f, 83
1652707005.091609, sdrt-health/mac:02010b41cdec/antenna/tag/e2806894000040038662114f, 88
1652707005.091885, sdrt-health/mac:02010b41cdec/antenna/tag/e2806894000040038662114f, 88
1652707005.159654, sdrt-health/mac:02010b41cdec/antenna/tag/e2806894000050038661fd4f, 83
1652707005.212737, sdrt-health/mac:02010b41cdec/antenna/tag/e2806894000040038662114f, 88
1652707005.452046, sdrt-health/mac:02010b41cdec/antenna/tag/e28068940000400386621d4f, 90
1652707005.522663, sdrt-health/mac:02010b41cdec/antenna/tag/e28068940000400386621d4f, 90
1652707005.523082, sdrt-health/mac:02010b41cdec/antenna/tag/e2806894000050038661fd4f, 86
1652707005.565718, sdrt-health/mac:02010b41cdec/antenna/tag/e28068940000400386621d4f, 90
1652707005.565966, sdrt-health/mac:02010b41cdec/antenna/tag/e2806894000040038662114f, 88
1652707005.566179, sdrt-health/mac:02010b41cdec/antenna/tag/e28068940000400386621d4f, 96
1652707005.653445, sdrt-health/mac:02010b41cdec/antenna/tag/e28068940000400386621d4f, 90
1652707005.65386, sdrt-health/mac:02010b41cdec/antenna/tag/e2806894000050038661fd4f, 83
1652707005.654175, sdrt-health/mac:02010b41cdec/antenna/tag/e28068940000400386621d4f, 90
1652707005.655123, sdrt-health/mac:02010b41cdec/antenna/tag/e2806894000040038662214f, 83
1652707005.655269, sdrt-health/mac:02010b41cdec/antenna/tag/e28068940000400386621d4f, 77
1652707005.655384, sdrt-health/mac:02010b41cdec/antenna/tag/e2806894000050038662154f, 88
1652707005.655493, sdrt-health/mac:02010b41cdec/antenna/tag/e28068940000500386620d4f, 87
1652707005.713967, sdrt-health/mac:02010b41cdec/antenna/tag/e2806894000050038661fd4f, 83
1652707005.757737, sdrt-health/mac:02010b41cdec/antenna/tag/e2806894000050038661fd4f, 83
1652707005.757966, sdrt-health/mac:02010b41cdec/antenna/tag/e2806894000050038661fd4f, 86
1652707005.822116, sdrt-health/mac:02010b41cdec/antenna/tag/e2806894000050038662154f, 88
1652707005.822559, sdrt-health/mac:02010b41cdec/antenna/tag/e2806894000040038662114f, 91
1652707005.822852, sdrt-health/mac:02010b41cdec/antenna/tag/e2806894000040038662114f, 91
1652707005.885229, sdrt-health/mac:02010b41cdec/antenna/tag/e2806894000050038661fd4f, 83
1652707005.919704, sdrt-health/mac:02010b41cdec/antenna/tag/e2806894000040038662114f, 88
1652707005.989611, sdrt-health/mac:02010b41cdec/antenna/tag/e2806894000050038662154f, 88
1652707006.093071, sdrt-health/mac:02010b41cdec/antenna/tag/e2806894000040038662114f, 91
1652707006.093515, sdrt-health/mac:02010b41cdec/antenna/tag/e2806894000050038661fd4f, 83
1652707006.138316, sdrt-health/mac:02010b41cdec/antenna/tag/e2806894000040038662214f, 81
1652707006.263215, sdrt-health/mac:02010b41cdec/antenna/tag/e2806894000050038662154f, 85
1652707006.263611, sdrt-health/mac:02010b41cdec/antenna/tag/e2806894000040038662114f, 88
1652707006.263904, sdrt-health/mac:02010b41cdec/antenna/tag/e2806894000040038662114f, 85
1652707006.26426, sdrt-health/mac:02010b41cdec/antenna/tag/e28068940000400386621d4f, 96
1652707006.264539, sdrt-health/mac:02010b41cdec/antenna/tag/e28068940000500386620d4f, 83
1652707006.264851, sdrt-health/mac:02010b41cdec/antenna/tag/e2806894000050038661fd4f, 83
1652707006.265172, sdrt-health/mac:02010b41cdec/antenna/tag/e2806894000050038661fd4f, 83
1652707006.34356, sdrt-health/mac:02010b41cdec/antenna/tag/e2806894000050038661fd4f, 83
1652707006.350039, sdrt-health/mac:02010b41cdec/antenna/tag/e2806894000050038662154f, 91
1652707006.365197, sdrt-health/mac:02010b41cdec/antenna/tag/e28068940000400386621d4f, 90
1652707006.365466, sdrt-health/mac:02010b41cdec/antenna/tag/e2806894000050038662154f, 88
1652707006.365729, sdrt-health/mac:02010b41cdec/antenna/tag/e28068940000400386621d4f, 90
1652707006.43164, sdrt-health/mac:02010b41cdec/antenna/tag/e2806894000040038662214f, 88
1652707006.571677, sdrt-health/mac:02010b41cdec/antenna/tag/e2806894000050038662194f, 84
1652707006.572056, sdrt-health/mac:02010b41cdec/antenna/tag/e2806894000050038662154f, 85
1652707006.572333, sdrt-health/mac:02010b41cdec/antenna/tag/e28068940000400386621d4f, 77
1652707006.572593, sdrt-health/mac:02010b41cdec/antenna/tag/e2806894000040038662114f, 85
1652707006.727251, sdrt-health/mac:02010b41cdec/antenna/tag/e28068940000500386620d4f, 87
1652707006.812468, sdrt-health/mac:02010b41cdec/antenna/tag/e28068940000500386620d4f, 87
1652707006.908512, sdrt-health/mac:02010b41cdec/antenna/tag/e2806894000040038662114f, 85
1652707006.908872, sdrt-health/mac:02010b41cdec/antenna/tag/e2806894000050038661fd4f, 83
1652707006.909141, sdrt-health/mac:02010b41cdec/antenna/tag/e2806894000050038661fd4f, 86
1652707006.909375, sdrt-health/mac:02010b41cdec/antenna/tag/e2806894000050038662154f, 91
1652707006.968653, sdrt-health/mac:02010b41cdec/antenna/tag/e2806894000040038662114f, 88
1652707006.968864, sdrt-health/mac:02010b41cdec/antenna/tag/e28068940000400386621d4f, 96
1652707006.968978, sdrt-health/mac:02010b41cdec/antenna/tag/e28068940000500386620d4f, 83
1652707006.969087, sdrt-health/mac:02010b41cdec/antenna/tag/e2806894000050038662154f, 91
1652707006.969194, sdrt-health/mac:02010b41cdec/antenna/tag/e2806894000050038661fd4f, 86
1652707006.969302, sdrt-health/mac:02010b41cdec/antenna/tag/e28068940000400386621d4f, 96
1652707006.969408, sdrt-health/mac:02010b41cdec/antenna/tag/e2806894000050038662194f, 81
1652707006.969538, sdrt-health/mac:02010b41cdec/antenna/tag/e2806894000050038662194f, 81
1652707007.046378, sdrt-health/mac:02010b41cdec/antenna/tag/e2806894000050038662194f, 84
1652707007.046742, sdrt-health/mac:02010b41cdec/antenna/tag/e2806894000040038662114f, 88
1652707007.084069, sdrt-health/mac:02010b41cdec/antenna/tag/e2806894000050038662154f, 91
1652707007.12469, sdrt-health/mac:02010b41cdec/antenna/tag/e28068940000400386621d4f, 96
1652707007.238894, sdrt-health/mac:02010b41cdec/antenna/tag/e2806894000040038662114f, 88
1652707007.239171, sdrt-health/mac:02010b41cdec/antenna/tag/e2806894000040038662114f, 91
1652707007.239286, sdrt-health/mac:02010b41cdec/antenna/tag/e2806894000040038662114f, 91
1652707007.284352, sdrt-health/mac:02010b41cdec/antenna/tag/e2806894000050038662154f, 88
1652707007.284558, sdrt-health/mac:02010b41cdec/antenna/tag/e2806894000050038661fd4f, 86
1652707007.284675, sdrt-health/mac:02010b41cdec/antenna/tag/e2806894000040038662114f, 88
1652707007.284797, sdrt-health/mac:02010b41cdec/antenna/tag/e2806894000050038661fd4f, 86
1652707007.284918, sdrt-health/mac:02010b41cdec/antenna/tag/e28068940000400386621d4f, 90
1652707007.31359, sdrt-health/mac:02010b41cdec/antenna/tag/e28068940000400386621d4f, 77
1652707007.353334, sdrt-health/mac:02010b41cdec/antenna/tag/e2806894000050038661fd4f, 83
1652707007.353561, sdrt-health/mac:02010b41cdec/antenna/tag/e2806894000040038662114f, 85
1652707007.404367, sdrt-health/mac:02010b41cdec/antenna/tag/e2806894000050038661fd4f, 83
1652707007.434167, sdrt-health/mac:02010b41cdec/antenna/tag/e28068940000500386620d4f, 81
1652707007.469182, sdrt-health/mac:02010b41cdec/antenna/tag/e2806894000050038662154f, 85
1652707007.579213, sdrt-health/mac:02010b41cdec/antenna/tag/e28068940000500386620d4f, 94
1652707007.579777, sdrt-health/mac:02010b41cdec/antenna/tag/e2806894000040038662114f, 93
1652707007.617731, sdrt-health/mac:02010b41cdec/antenna/tag/e2806894000040038662114f, 88
1652707007.693455, sdrt-health/mac:02010b41cdec/antenna/tag/e2806894000040038662114f, 85
1652707007.693852, sdrt-health/mac:02010b41cdec/antenna/tag/e2806894000050038661fd4f, 83
1652707007.694128, sdrt-health/mac:02010b41cdec/antenna/tag/e28068940000400386621d4f, 90
1652707007.718371, sdrt-health/mac:02010b41cdec/antenna/tag/e2806894000050038662154f, 88
1652707007.729301, sdrt-health/mac:02010b41cdec/antenna/tag/e28068940000400386621d4f, 90
1652707007.772674, sdrt-health/mac:02010b41cdec/antenna/tag/e2806894000050038661fd4f, 83
1652707007.811271, sdrt-health/mac:02010b41cdec/antenna/tag/e28068940000500386620d4f, 83
1652707007.811497, sdrt-health/mac:02010b41cdec/antenna/tag/e2806894000040038662114f, 88
1652707007.811613, sdrt-health/mac:02010b41cdec/antenna/tag/e28068940000400386621d4f, 90
1652707007.827478, sdrt-health/mac:02010b41cdec/antenna/tag/e2806894000050038662194f, 81
1652707007.855687, sdrt-health/mac:02010b41cdec/antenna/tag/e2806894000050038661fd4f, 86
1652707007.874138, sdrt-health/mac:02010b41cdec/antenna/tag/e2806894000040038662114f, 88
1652707007.874578, sdrt-health/mac:02010b41cdec/antenna/tag/e2806894000050038661fd4f, 86
1652707007.910539, sdrt-health/mac:02010b41cdec/antenna/tag/e2806894000050038661fd4f, 86
1652707007.955642, sdrt-health/mac:02010b41cdec/antenna/tag/e2806894000050038661fd4f, 83
1652707008.068244, sdrt-health/mac:02010b41cdec/antenna/tag/e28068940000400386621d4f, 96
1652707008.17053, sdrt-health/mac:02010b41cdec/antenna/tag/e2806894000050038662194f, 94
1652707008.255994, sdrt-health/mac:02010b41cdec/antenna/tag/e28068940000400386621d4f, 96
1652707008.256231, sdrt-health/mac:02010b41cdec/antenna/tag/e2806894000050038662154f, 88
1652707008.256351, sdrt-health/mac:02010b41cdec/antenna/tag/e2806894000040038662114f, 85
1652707008.288345, sdrt-health/mac:02010b41cdec/antenna/tag/e28068940000500386620d4f, 81
1652707008.366147, sdrt-health/mac:02010b41cdec/antenna/tag/e2806894000050038661fd4f, 83
1652707008.422296, sdrt-health/mac:02010b41cdec/antenna/tag/e2806894000040038662114f, 85
1652707008.440602, sdrt-health/mac:02010b41cdec/antenna/tag/e28068940000400386621d4f, 96
1652707008.498723, sdrt-health/mac:02010b41cdec/antenna/tag/e28068940000400386621d4f, 96
1652707008.603222, sdrt-health/mac:02010b41cdec/antenna/tag/e2806894000050038661fd4f, 83
1652707008.603648, sdrt-health/mac:02010b41cdec/antenna/tag/e2806894000050038662194f, 94
1652707008.603983, sdrt-health/mac:02010b41cdec/antenna/tag/e2806894000050038662194f, 81
1652707008.684586, sdrt-health/mac:02010b41cdec/antenna/tag/e2806894000050038661fd4f, 83
1652707008.684999, sdrt-health/mac:02010b41cdec/antenna/tag/e2806894000040038662114f, 85
1652707008.707905, sdrt-health/mac:02010b41cdec/antenna/tag/e2806894000040038662114f, 88
1652707008.731534, sdrt-health/mac:02010b41cdec/antenna/tag/e2806894000040038662114f, 85
1652707008.737416, sdrt-health/mac:02010b41cdec/antenna/tag/e2806894000050038662154f, 85
1652707008.888636, sdrt-health/mac:02010b41cdec/antenna/tag/e2806894000050038662154f, 85
1652707008.928037, sdrt-health/mac:02010b41cdec/antenna/tag/e2806894000040038662114f, 85
1652707009.007235, sdrt-health/mac:02010b41cdec/antenna/tag/e28068940000400386621d4f, 77
1652707009.007627, sdrt-health/mac:02010b41cdec/antenna/tag/e2806894000050038662194f, 81
1652707009.040085, sdrt-health/mac:02010b41cdec/antenna/tag/e2806894000050038661fd4f, 83
1652707009.040399, sdrt-health/mac:02010b41cdec/antenna/tag/e28068940000400386621d4f, 96
1652707009.066919, sdrt-health/mac:02010b41cdec/antenna/tag/e2806894000050038662154f, 91
1652707009.152519, sdrt-health/mac:02010b41cdec/antenna/tag/e2806894000050038662194f, 94
1652707009.152977, sdrt-health/mac:02010b41cdec/antenna/tag/e2806894000050038661fd4f, 83
1652707009.231393, sdrt-health/mac:02010b41cdec/antenna/tag/e2806894000050038661fd4f, 83
1652707009.280652, sdrt-health/mac:02010b41cdec/antenna/tag/e28068940000400386621d4f, 77
1652707009.349922, sdrt-health/mac:02010b41cdec/antenna/tag/e28068940000400386621d4f, 77
1652707009.350126, sdrt-health/mac:02010b41cdec/antenna/tag/e28068940000400386621d4f, 90
1652707009.350244, sdrt-health/mac:02010b41cdec/antenna/tag/e28068940000400386621d4f, 90
1652707009.439236, sdrt-health/mac:02010b41cdec/antenna/tag/e2806894000050038661fd4f, 86
1652707009.498968, sdrt-health/mac:02010b41cdec/antenna/tag/e2806894000040038662114f, 91
1652707009.562132, sdrt-health/mac:02010b41cdec/antenna/tag/e2806894000050038662194f, 83
1652707009.562543, sdrt-health/mac:02010b41cdec/antenna/tag/e2806894000050038662194f, 83
1652707009.594004, sdrt-health/mac:02010b41cdec/antenna/tag/e2806894000050038662154f, 88
1652707009.594406, sdrt-health/mac:02010b41cdec/antenna/tag/e2806894000050038661fd4f, 83
1652707009.594729, sdrt-health/mac:02010b41cdec/antenna/tag/e2806894000050038661fd4f, 83
1652707009.799481, sdrt-health/mac:02010b41cdec/antenna/tag/e28068940000400386621d4f, 77
1652707009.799737, sdrt-health/mac:02010b41cdec/antenna/tag/e2806894000050038661fd4f, 83
1652707009.79988, sdrt-health/mac:02010b41cdec/antenna/tag/e2806894000050038662154f, 85
1652707009.800017, sdrt-health/mac:02010b41cdec/antenna/tag/e2806894000050038661fd4f, 86
1652707009.800175, sdrt-health/mac:02010b41cdec/antenna/tag/e2806894000050038662154f, 88
1652707009.800314, sdrt-health/mac:02010b41cdec/antenna/tag/e2806894000040038662114f, 88
1652707009.800447, sdrt-health/mac:02010b41cdec/antenna/tag/e2806894000040038662054f, 83
1652707009.817313, sdrt-health/mac:02010b41cdec/antenna/tag/e2806894000050038661fd4f, 83
1652707009.850668, sdrt-health/mac:02010b41cdec/antenna/tag/e2806894000040038662114f, 88
1652707009.850884, sdrt-health/mac:02010b41cdec/antenna/tag/e2806894000050038662154f, 88
1652707009.864312, sdrt-health/mac:02010b41cdec/antenna/tag/e2806894000050038661fd4f, 86
1652707009.864642, sdrt-health/mac:02010b41cdec/antenna/tag/e28068940000400386621d4f, 90
1652707009.919543, sdrt-health/mac:02010b41cdec/antenna/tag/e2806894000050038661fd4f, 83
1652707009.970244, sdrt-health/mac:02010b41cdec/antenna/tag/e2806894000040038662114f, 85
1652707010.011265, sdrt-health/mac:02010b41cdec/antenna/tag/e2806894000050038661fd4f, 97
1652707010.142781, sdrt-health/mac:02010b41cdec/antenna/tag/e28068940000400386621d4f, 96
1652707010.143162, sdrt-health/mac:02010b41cdec/antenna/tag/e2806894000050038662194f, 81
1652707010.193318, sdrt-health/mac:02010b41cdec/antenna/tag/e28068940000400386621d4f, 96
1652707010.193743, sdrt-health/mac:02010b41cdec/antenna/tag/e2806894000050038662194f, 83
1652707010.193907, sdrt-health/mac:02010b41cdec/antenna/tag/e2806894000050038662194f, 81
1652707010.241684, sdrt-health/mac:02010b41cdec/antenna/tag/e2806894000040038662114f, 85
1652707010.360136, sdrt-health/mac:02010b41cdec/antenna/tag/e2806894000050038662194f, 83
1652707010.36053, sdrt-health/mac:02010b41cdec/antenna/tag/e2806894000050038661fd4f, 83
1652707010.360929, sdrt-health/mac:02010b41cdec/antenna/tag/e2806894000050038662154f, 91
1652707010.361294, sdrt-health/mac:02010b41cdec/antenna/tag/e28068940000500386620d4f, 83
1652707010.374159, sdrt-health/mac:02010b41cdec/antenna/tag/e2806894000050038661fd4f, 83
1652707010.387622, sdrt-health/mac:02010b41cdec/antenna/tag/e2806894000050038662154f, 91
1652707010.441084, sdrt-health/mac:02010b41cdec/antenna/tag/e28068940000400386621d4f, 96
1652707010.44132, sdrt-health/mac:02010b41cdec/antenna/tag/e2806894000050038662194f, 83
1652707010.47555, sdrt-health/mac:02010b41cdec/antenna/tag/e2806894000040038662114f, 85
1652707010.525579, sdrt-health/mac:02010b41cdec/antenna/tag/e2806894000050038662194f, 83
1652707010.52585, sdrt-health/mac:02010b41cdec/antenna/tag/e2806894000050038662154f, 88
1652707010.538999, sdrt-health/mac:02010b41cdec/antenna/tag/e28068940000400386621d4f, 96
1652707010.567325, sdrt-health/mac:02010b41cdec/antenna/tag/e28068940000400386621d4f, 96
1652707010.608624, sdrt-health/mac:02010b41cdec/antenna/tag/e2806894000040038662114f, 85
1652707010.669134, sdrt-health/mac:02010b41cdec/antenna/tag/e28068940000400386621d4f, 90
1652707010.669462, sdrt-health/mac:02010b41cdec/antenna/tag/e2806894000040038662114f, 85
1652707010.697531, sdrt-health/mac:02010b41cdec/antenna/tag/e2806894000050038662154f, 88
1652707010.724074, sdrt-health/mac:02010b41cdec/antenna/tag/e2806894000040038662114f, 91
1652707010.724316, sdrt-health/mac:02010b41cdec/antenna/tag/e2806894000040038662114f, 88
1652707010.73854, sdrt-health/mac:02010b41cdec/antenna/tag/e2806894000050038662154f, 88
1652707010.738745, sdrt-health/mac:02010b41cdec/antenna/state, connected
1652707010.754125, sdrt-health/mac:02010b41cdec/fw, {"version":"1.8.1","model":"200","hash":"2f556501b58f1dad542af428d7928d18","timestamp":1652707007}
1652707010.788684, sdrt-health/mac:02010b41cdec/antenna/tag/e28068940000400386621d4f, 96
1652707010.829311, sdrt-health/mac:02010b41cdec/antenna/tag/e2806894000040038662114f, 88
1652707010.829858, sdrt-health/mac:02010b41cdec/antenna/tag/e2806894000040038662114f, 91
1652707010.867708, sdrt-health/mac:02010b41cdec/antenna/tag/e2806894000050038662194f, 83
1652707010.895451, sdrt-health/mac:02010b41cdec/antenna/tag/e2806894000050038662194f, 88
1652707010.895728, sdrt-health/mac:02010b41cdec/antenna/tag/e2806894000040038662114f, 88
1652707010.917226, sdrt-health/mac:02010b41cdec/antenna/tag/e2806894000050038662154f, 91
1652707010.972956, sdrt-health/mac:02010b41cdec/antenna/tag/e28068940000400386621d4f, 96
1652707010.973179, sdrt-health/mac:02010b41cdec/antenna/tag/e28068940000400386621d4f, 90
1652707011.008347, sdrt-health/mac:02010b41cdec/antenna/tag/e2806894000050038662154f, 88
1652707011.06179, sdrt-health/mac:02010b41cdec/antenna/tag/e2806894000040038662114f, 88
1652707011.062196, sdrt-health/mac:02010b41cdec/antenna/tag/e2806894000040038662114f, 85
1652707011.074956, sdrt-health/mac:02010b41cdec/antenna/tag/e28068940000400386621d4f, 86
1652707011.097972, sdrt-health/mac:02010b41cdec/antenna/tag/e28068940000400386621d4f, 77
1652707011.145701, sdrt-health/mac:02010b41cdec/antenna/tag/e2806894000050038661fd4f, 83
1652707011.171579, sdrt-health/mac:02010b41cdec/antenna/tag/e28068940000400386621d4f, 96
1652707011.171832, sdrt-health/mac:02010b41cdec/antenna/version, hPbO
1652707011.171952, sdrt-health/mac:02010b41cdec/antenna/tag/e2806894000040038662114f, 85
1652707011.186974, sdrt-health/mac:02010b41cdec/antenna/tag/e2806894000050038661fd4f, 83
1652707011.238223, sdrt-health/mac:02010b41cdec/antenna/tag/e28068940000400386621d4f, 96
1652707011.301544, sdrt-health/mac:02010b41cdec/antenna/tag/e2806894000050038662154f, 88
1652707011.30195, sdrt-health/mac:02010b41cdec/antenna/tag/e2806894000050038662154f, 88
1652707011.377826, sdrt-health/mac:02010b41cdec/antenna/tag/e2806894000050038662194f, 83
1652707011.425479, sdrt-health/mac:02010b41cdec/antenna/tag/e2806894000050038661fd4f, 83
1652707011.477916, sdrt-health/mac:02010b41cdec/antenna/tag/e2806894000050038661fd4f, 83
1652707011.54097, sdrt-health/mac:02010b41cdec/antenna/tag/e28068940000500386620d4f, 83
1652707011.541208, sdrt-health/mac:02010b41cdec/antenna/tag/e2806894000040038662114f, 85
1652707011.553768, sdrt-health/mac:02010b41cdec/antenna/tag/e2806894000050038661fd4f, 83
1652707011.591813, sdrt-health/mac:02010b41cdec/antenna/tag/e28068940000500386620d4f, 87
1652707011.592105, sdrt-health/mac:02010b41cdec/antenna/tag/e28068940000400386621d4f, 90
1652707011.637616, sdrt-health/mac:02010b41cdec/antenna/tag/e2806894000050038662154f, 88
1652707011.691778, sdrt-health/mac:02010b41cdec/antenna/tag/e28068940000500386620d4f, 83
1652707011.692002, sdrt-health/mac:02010b41cdec/antenna/tag/e2806894000050038661fd4f, 86
1652707011.72819, sdrt-health/mac:02010b41cdec/antenna/tag/e2806894000050038661fd4f, 86
1652707011.757461, sdrt-health/mac:02010b41cdec/antenna/tag/e2806894000040038662114f, 88
1652707011.757677, sdrt-health/mac:02010b41cdec/antenna/tag/e28068940000500386620d4f, 81
1652707011.771249, sdrt-health/mac:02010b41cdec/antenna/tag/e2806894000050038661fd4f, 86
1652707011.771479, sdrt-health/mac:02010b41cdec/antenna/tag/e2806894000050038661fd4f, 90
1652707011.818028, sdrt-health/mac:02010b41cdec/antenna/tag/e2806894000050038662154f, 88
1652707011.86898, sdrt-health/mac:02010b41cdec/antenna/tag/e2806894000050038662154f, 88
1652707011.898196, sdrt-health/mac:02010b41cdec/antenna/tag/e2806894000040038661f94f, 94
1652707011.898599, sdrt-health/mac:02010b41cdec/antenna/tag/e2806894000050038661fd4f, 83
1652707011.912196, sdrt-health/mac:02010b41cdec/antenna/tag/e28068940000500386620d4f, 83
1652707011.912594, sdrt-health/mac:02010b41cdec/antenna/tag/e28068940000400386621d4f, 90
1652707011.957541, sdrt-health/mac:02010b41cdec/antenna/tag/e28068940000500386620d4f, 93
1652707012.011571, sdrt-health/mac:02010b41cdec/antenna/tag/e2806894000050038661fd4f, 97
1652707012.011805, sdrt-health/mac:02010b41cdec/antenna/tag/e2806894000040038662214f, 88
1652707012.025865, sdrt-health/mac:02010b41cdec/antenna/tag/e2806894000050038661fd4f, 83
1652707012.037244, sdrt-health/mac:02010b41cdec/antenna/tag/e2806894000040038662114f, 85
1652707012.078397, sdrt-health/mac:02010b41cdec/antenna/tag/e2806894000040038662214f, 94
1652707012.118979, sdrt-health/mac:02010b41cdec/antenna/tag/e2806894000050038661fd4f, 83
1652707012.158152, sdrt-health/mac:02010b41cdec/antenna/tag/e28068940000500386620d4f, 83
1652707012.197346, sdrt-health/mac:02010b41cdec/antenna/tag/e28068940000400386621d4f, 90
1652707012.237926, sdrt-health/mac:02010b41cdec/antenna/tag/e28068940000400386621d4f, 90
1652707012.301093, sdrt-health/mac:02010b41cdec/antenna/tag/e2806894000050038661fd4f, 83
1652707012.301301, sdrt-health/mac:02010b41cdec/antenna/tag/e2806894000050038662154f, 88
1652707012.314648, sdrt-health/mac:02010b41cdec/antenna/tag/e2806894000050038661fd4f, 86
1652707012.329693, sdrt-health/mac:02010b41cdec/antenna/tag/e2806894000050038662154f, 88
1652707012.378923, sdrt-health/mac:02010b41cdec/antenna/tag/e2806894000050038662154f, 88
1652707012.431088, sdrt-health/mac:02010b41cdec/antenna/tag/e2806894000050038661fd4f, 86
1652707012.43131, sdrt-health/mac:02010b41cdec/antenna/tag/e28068940000400386621d4f, 90
1652707012.446678, sdrt-health/mac:02010b41cdec/antenna/tag/e2806894000050038661fd4f, 83
1652707012.501039, sdrt-health/mac:02010b41cdec/antenna/tag/e28068940000400386621d4f, 90
1652707012.501266, sdrt-health/mac:02010b41cdec/antenna/tag/e28068940000500386620d4f, 81
1652707012.537664, sdrt-health/mac:02010b41cdec/antenna/tag/e28068940000400386621d4f, 77
1652707012.591295, sdrt-health/mac:02010b41cdec/antenna/tag/e2806894000050038662154f, 85
1652707012.5915, sdrt-health/mac:02010b41cdec/antenna/tag/e2806894000050038661fd4f, 83
1652707012.605428, sdrt-health/mac:02010b41cdec/antenna/tag/e28068940000400386621d4f, 77
1652707012.648362, sdrt-health/mac:02010b41cdec/antenna/tag/e2806894000050038661fd4f, 83
1652707012.697977, sdrt-health/mac:02010b41cdec/antenna/tag/e28068940000400386621d4f, 96
1652707012.698895, sdrt-health/mac:02010b41cdec/antenna/tag/e2806894000050038661fd4f, 83
1652707012.746128, sdrt-health/mac:02010b41cdec/antenna/tag/e2806894000040038662114f, 85
1652707012.794991, sdrt-health/mac:02010b41cdec/antenna/tag/e2806894000050038661fd4f, 83
1652707012.841179, sdrt-health/mac:02010b41cdec/antenna/tag/e2806894000050038662154f, 88
1652707012.88737, sdrt-health/mac:02010b41cdec/antenna/tag/e2806894000050038662154f, 85
1652707012.941291, sdrt-health/mac:02010b41cdec/antenna/tag/e2806894000050038661fd4f, 83
1652707013.033147, sdrt-health/mac:02010b41cdec/antenna/tag/e28068940000500386620d4f, 83
1652707013.033484, sdrt-health/mac:02010b41cdec/antenna/tag/e28068940000400386621d4f, 96
1652707013.057504, sdrt-health/mac:02010b41cdec/antenna/tag/e28068940000400386621d4f, 90
1652707013.144968, sdrt-health/mac:02010b41cdec/antenna/tag/e2806894000050038662154f, 88
1652707013.145402, sdrt-health/mac:02010b41cdec/antenna/tag/e2806894000050038661fd4f, 83
1652707013.178277, sdrt-health/mac:02010b41cdec/antenna/tag/e28068940000400386621d4f, 90
1652707013.178511, sdrt-health/mac:02010b41cdec/antenna/tag/e2806894000050038662154f, 97
1652707013.178681, sdrt-health/mac:02010b41cdec/antenna/tag/e28068940000400386621d4f, 96
1652707013.204341, sdrt-health/mac:02010b41cdec/antenna/tag/e28068940000500386620d4f, 81
1652707013.204662, sdrt-health/mac:02010b41cdec/antenna/tag/e28068940000500386620d4f, 83
1652707013.282852, sdrt-health/mac:02010b41cdec/antenna/tag/e2806894000050038662154f, 91
1652707013.333039, sdrt-health/mac:02010b41cdec/antenna/tag/e2806894000040038662114f, 88
1652707013.363673, sdrt-health/mac:02010b41cdec/antenna/tag/e2806894000050038662154f, 91
1652707013.46613, sdrt-health/mac:02010b41cdec/antenna/tag/e28068940000400386621d4f, 90
1652707013.466538, sdrt-health/mac:02010b41cdec/antenna/tag/e2806894000050038662194f, 81
1652707013.528056, sdrt-health/mac:02010b41cdec/antenna/tag/e28068940000400386621d4f, 96
1652707013.528302, sdrt-health/mac:02010b41cdec/antenna/tag/e2806894000050038662194f, 81
1652707013.601667, sdrt-health/mac:02010b41cdec/antenna/tag/e2806894000040038662114f, 88
1652707013.647515, sdrt-health/mac:02010b41cdec/antenna/tag/e2806894000050038662154f, 88
1652707013.688214, sdrt-health/mac:02010b41cdec/antenna/tag/e2806894000040038662114f, 91
1652707013.71552, sdrt-health/mac:02010b41cdec/antenna/tag/e2806894000050038662154f, 88
1652707013.715834, sdrt-health/mac:02010b41cdec/antenna/tag/e2806894000050038662154f, 88
1652707013.728496, sdrt-health/mac:02010b41cdec/antenna/tag/e2806894000050038661fd4f, 86
1652707013.728699, sdrt-health/mac:02010b41cdec/antenna/tag/e28068940000400386621d4f, 90
1652707013.728821, sdrt-health/mac:02010b41cdec/antenna/tag/e2806894000050038662154f, 88
1652707013.768359, sdrt-health/mac:02010b41cdec/antenna/tag/e2806894000050038661fd4f, 86
1652707013.830299, sdrt-health/mac:02010b41cdec/antenna/tag/e28068940000400386621d4f, 90
1652707013.830611, sdrt-health/mac:02010b41cdec/antenna/tag/e28068940000400386621d4f, 77
1652707013.844228, sdrt-health/mac:02010b41cdec/antenna/tag/e28068940000500386620d4f, 81
1652707013.861039, sdrt-health/mac:02010b41cdec/antenna/tag/e28068940000400386621d4f, 77
1652707013.888973, sdrt-health/mac:02010b41cdec/antenna/tag/e2806894000050038662154f, 85
1652707013.889204, sdrt-health/mac:02010b41cdec/antenna/tag/e2806894000050038661fd4f, 83
1652707013.889319, sdrt-health/mac:02010b41cdec/antenna/tag/e2806894000040038662114f, 85
1652707013.918633, sdrt-health/mac:02010b41cdec/antenna/tag/e2806894000050038662154f, 85
1652707013.969211, sdrt-health/mac:02010b41cdec/antenna/tag/e2806894000050038661fd4f, 83
1652707013.998441, sdrt-health/mac:02010b41cdec/antenna/tag/e2806894000050038662154f, 85
1652707013.998657, sdrt-health/mac:02010b41cdec/antenna/tag/e2806894000040038662114f, 93
1652707014.06566, sdrt-health/mac:02010b41cdec/antenna/tag/e28068940000500386620d4f, 83
1652707014.103428, sdrt-health/mac:02010b41cdec/antenna/tag/e2806894000050038661fd4f, 83
1652707014.131226, sdrt-health/mac:02010b41cdec/antenna/tag/e2806894000050038662154f, 91
1652707014.131546, sdrt-health/mac:02010b41cdec/antenna/tag/e28068940000400386621d4f, 96
1652707014.17628, sdrt-health/mac:02010b41cdec/antenna/tag/e28068940000400386621d4f, 90
1652707014.211555, sdrt-health/mac:02010b41cdec/antenna/tag/e2806894000050038661fd4f, 83
1652707014.239497, sdrt-health/mac:02010b41cdec/antenna/tag/e2806894000050038662154f, 88
1652707014.239704, sdrt-health/mac:02010b41cdec/antenna/tag/e2806894000050038661fd4f, 83
1652707014.257886, sdrt-health/mac:02010b41cdec/antenna/tag/e28068940000500386620d4f, 83
1652707014.306039, sdrt-health/mac:02010b41cdec/antenna/tag/e2806894000050038661fd4f, 83
1652707014.355808, sdrt-health/mac:02010b41cdec/antenna/tag/e2806894000050038662194f, 83
1652707014.414629, sdrt-health/mac:02010b41cdec/antenna/tag/e28068940000400386621d4f, 96
1652707014.441928, sdrt-health/mac:02010b41cdec/antenna/tag/e2806894000040038662114f, 88
1652707014.442224, sdrt-health/mac:02010b41cdec/antenna/tag/e28068940000400386621d4f, 90
1652707014.467821, sdrt-health/mac:02010b41cdec/antenna/tag/e28068940000400386621d4f, 77
1652707014.540142, sdrt-health/mac:02010b41cdec/antenna/tag/e2806894000050038661fd4f, 83
1652707014.540493, sdrt-health/mac:02010b41cdec/antenna/tag/e2806894000050038662154f, 85
1652707014.554452, sdrt-health/mac:02010b41cdec/antenna/tag/e28068940000400386621d4f, 77
1652707014.577549, sdrt-health/mac:02010b41cdec/antenna/tag/e2806894000050038662194f, 87
1652707014.628523, sdrt-health/mac:02010b41cdec/antenna/tag/e2806894000050038662154f, 88
1652707014.68122, sdrt-health/mac:02010b41cdec/antenna/tag/e2806894000040038662114f, 85
1652707014.681648, sdrt-health/mac:02010b41cdec/antenna/tag/e28068940000400386621d4f, 96
1652707014.707504, sdrt-health/mac:02010b41cdec/antenna/tag/e28068940000400386621d4f, 90
1652707014.769095, sdrt-health/mac:02010b41cdec/antenna/tag/e2806894000050038662154f, 88
1652707014.769423, sdrt-health/mac:02010b41cdec/antenna/tag/e28068940000400386621d4f, 90
1652707014.815113, sdrt-health/mac:02010b41cdec/antenna/tag/e2806894000050038662154f, 85
1652707014.879562, sdrt-health/mac:02010b41cdec/antenna/tag/e2806894000050038661fd4f, 83
1652707014.879789, sdrt-health/mac:02010b41cdec/antenna/tag/e2806894000050038661fd4f, 86
1652707014.893441, sdrt-health/mac:02010b41cdec/antenna/tag/e2806894000050038662154f, 88
1652707014.90781, sdrt-health/mac:02010b41cdec/antenna/tag/e2806894000050038662154f, 88
1652707014.963208, sdrt-health/mac:02010b41cdec/antenna/tag/e2806894000050038662194f, 81
1652707014.963443, sdrt-health/mac:02010b41cdec/antenna/tag/e2806894000050038662154f, 85
1652707014.997585, sdrt-health/mac:02010b41cdec/antenna/tag/e2806894000050038662154f, 91
1652707015.102759, sdrt-health/mac:02010b41cdec/antenna/tag/e28068940000400386621d4f, 90
1652707015.10324, sdrt-health/mac:02010b41cdec/antenna/tag/e2806894000050038661fd4f, 83
1652707015.130251, sdrt-health/mac:02010b41cdec/antenna/tag/e28068940000400386621d4f, 77
1652707015.180716, sdrt-health/mac:02010b41cdec/antenna/tag/e2806894000040038662114f, 85
1652707015.181087, sdrt-health/mac:02010b41cdec/antenna/tag/e28068940000500386620d4f, 83
1652707015.195412, sdrt-health/mac:02010b41cdec/antenna/tag/e2806894000040038662214f, 88
1652707015.224453, sdrt-health/mac:02010b41cdec/antenna/tag/e2806894000050038662154f, 85
1652707015.224692, sdrt-health/mac:02010b41cdec/antenna/tag/e2806894000040038662114f, 88
1652707015.24837, sdrt-health/mac:02010b41cdec/antenna/tag/e2806894000050038662194f, 81
1652707015.288063, sdrt-health/mac:02010b41cdec/antenna/tag/e28068940000400386621d4f, 77
1652707015.351933, sdrt-health/mac:02010b41cdec/antenna/tag/e2806894000050038661fd4f, 83
1652707015.35215, sdrt-health/mac:02010b41cdec/antenna/tag/e2806894000050038662194f, 81
1652707015.387404, sdrt-health/mac:02010b41cdec/antenna/tag/e28068940000400386621d4f, 77
1652707015.442705, sdrt-health/mac:02010b41cdec/antenna/tag/e2806894000050038661fd4f, 83
1652707015.443102, sdrt-health/mac:02010b41cdec/antenna/tag/e28068940000500386620d4f, 88
1652707015.467647, sdrt-health/mac:02010b41cdec/antenna/tag/e2806894000050038662154f, 85
1652707015.509628, sdrt-health/mac:02010b41cdec/antenna/tag/e2806894000050038662154f, 91
1652707015.566247, sdrt-health/mac:02010b41cdec/antenna/tag/e2806894000050038662194f, 94
1652707015.621478, sdrt-health/mac:02010b41cdec/antenna/tag/e2806894000050038662194f, 83
1652707015.621705, sdrt-health/mac:02010b41cdec/antenna/tag/e2806894000040038662114f, 88
1652707015.63636, sdrt-health/mac:02010b41cdec/antenna/tag/e2806894000040038662114f, 85
1652707015.657993, sdrt-health/mac:02010b41cdec/antenna/tag/e2806894000050038662194f, 84
1652707015.723756, sdrt-health/mac:02010b41cdec/antenna/tag/e2806894000050038661fd4f, 83
1652707015.724131, sdrt-health/mac:02010b41cdec/antenna/tag/e2806894000040038662114f, 85
1652707015.747432, sdrt-health/mac:02010b41cdec/antenna/tag/e2806894000040038662114f, 88
1652707015.799992, sdrt-health/mac:02010b41cdec/antenna/tag/e28068940000400386621d4f, 90
1652707015.882918, sdrt-health/mac:02010b41cdec/antenna/tag/e2806894000050038662154f, 91
1652707015.88332, sdrt-health/mac:02010b41cdec/antenna/tag/e2806894000050038662154f, 88
1652707015.909896, sdrt-health/mac:02010b41cdec/antenna/tag/e28068940000400386621d4f, 96
1652707015.947723, sdrt-health/mac:02010b41cdec/antenna/tag/e2806894000040038662114f, 91
1652707016.01693, sdrt-health/mac:02010b41cdec/antenna/tag/e2806894000050038662154f, 85
1652707016.058151, sdrt-health/mac:02010b41cdec/antenna/tag/e28068940000400386621d4f, 77
1652707016.119601, sdrt-health/mac:02010b41cdec/antenna/tag/e2806894000050038661fd4f, 83
1652707016.119846, sdrt-health/mac:02010b41cdec/antenna/tag/e2806894000040038662114f, 88
1652707016.133515, sdrt-health/mac:02010b41cdec/antenna/tag/e2806894000050038662154f, 88
1652707016.147926, sdrt-health/mac:02010b41cdec/antenna/tag/e2806894000050038662154f, 88
1652707016.148293, sdrt-health/mac:02010b41cdec/antenna/tag/e2806894000050038661fd4f, 86
1652707016.197381, sdrt-health/mac:02010b41cdec/antenna/tag/e2806894000040038662114f, 88
1652707016.267817, sdrt-health/mac:02010b41cdec/antenna/tag/e2806894000040038661f94f, 81
1652707016.328114, sdrt-health/mac:02010b41cdec/antenna/tag/e2806894000040038662114f, 91
1652707016.387303, sdrt-health/mac:02010b41cdec/antenna/tag/e28068940000400386621d4f, 96
1652707016.435549, sdrt-health/mac:02010b41cdec/antenna/tag/e2806894000050038662154f, 85
1652707016.477612, sdrt-health/mac:02010b41cdec/antenna/tag/e2806894000050038662154f, 85
1652707016.517703, sdrt-health/mac:02010b41cdec/antenna/tag/e2806894000050038661fd4f, 83
1652707016.565398, sdrt-health/mac:02010b41cdec/antenna/tag/e28068940000400386621d4f, 96
1652707016.623407, sdrt-health/mac:02010b41cdec/antenna/tag/e28068940000400386621d4f, 96
1652707016.623623, sdrt-health/mac:02010b41cdec/antenna/tag/e2806894000050038662154f, 88
1652707016.704912, sdrt-health/mac:02010b41cdec/antenna/tag/e28068940000400386621d4f, 77
1652707016.748157, sdrt-health/mac:02010b41cdec/antenna/tag/e2806894000050038662194f, 81
1652707016.811271, sdrt-health/mac:02010b41cdec/antenna/tag/e2806894000050038662154f, 85
1652707016.811453, sdrt-health/mac:02010b41cdec/antenna/tag/e28068940000400386621d4f, 90
1652707016.837395, sdrt-health/mac:02010b41cdec/antenna/tag/e2806894000050038661fd4f, 97
1652707016.885967, sdrt-health/mac:02010b41cdec/antenna/tag/e2806894000040038662114f, 88
1652707016.915583, sdrt-health/mac:02010b41cdec/antenna/tag/e2806894000050038662154f, 85
1652707016.915787, sdrt-health/mac:02010b41cdec/antenna/tag/e2806894000050038661fd4f, 83
1652707016.929379, sdrt-health/mac:02010b41cdec/antenna/tag/e2806894000050038661fd4f, 83
1652707016.977684, sdrt-health/mac:02010b41cdec/antenna/tag/e2806894000050038662154f, 85
1652707017.032141, sdrt-health/mac:02010b41cdec/antenna/tag/e2806894000040038662114f, 88
1652707017.032517, sdrt-health/mac:02010b41cdec/antenna/tag/e2806894000050038662194f, 88
1652707017.047623, sdrt-health/mac:02010b41cdec/antenna/tag/e2806894000040038662114f, 85
1652707017.065944, sdrt-health/mac:02010b41cdec/antenna/tag/e2806894000040038662114f, 88
1652707017.104579, sdrt-health/mac:02010b41cdec/antenna/tag/e2806894000050038662154f, 91
1652707017.131708, sdrt-health/mac:02010b41cdec/antenna/tag/e28068940000400386621d4f, 90
1652707017.1319, sdrt-health/mac:02010b41cdec/antenna/tag/e2806894000050038661fd4f, 86
1652707017.147513, sdrt-health/mac:02010b41cdec/antenna/tag/e28068940000500386620d4f, 83
1652707017.201799, sdrt-health/mac:02010b41cdec/antenna/tag/e28068940000400386621d4f, 90
1652707017.202063, sdrt-health/mac:02010b41cdec/antenna/tag/e2806894000050038661fd4f, 86
1652707017.23749, sdrt-health/mac:02010b41cdec/antenna/tag/e2806894000050038661fd4f, 86
1652707017.277548, sdrt-health/mac:02010b41cdec/antenna/tag/e28068940000400386621d4f, 90
1652707017.336286, sdrt-health/mac:02010b41cdec/antenna/tag/e28068940000400386621d4f, 90
1652707017.364136, sdrt-health/mac:02010b41cdec/antenna/tag/e2806894000050038661fd4f, 83
1652707017.364333, sdrt-health/mac:02010b41cdec/antenna/tag/e2806894000050038662194f, 81
1652707017.378567, sdrt-health/mac:02010b41cdec/antenna/tag/e2806894000040038662114f, 91
1652707017.416711, sdrt-health/mac:02010b41cdec/antenna/tag/e2806894000050038661fd4f, 86
1652707017.457963, sdrt-health/mac:02010b41cdec/antenna/tag/e2806894000050038661fd4f, 83
1652707017.512098, sdrt-health/mac:02010b41cdec/antenna/tag/e28068940000400386621d4f, 90
1652707017.512329, sdrt-health/mac:02010b41cdec/antenna/tag/e28068940000400386621d4f, 90
1652707017.526661, sdrt-health/mac:02010b41cdec/antenna/tag/e28068940000500386620d4f, 83
1652707017.54844, sdrt-health/mac:02010b41cdec/antenna/tag/e28068940000400386621d4f, 90
1652707017.606116, sdrt-health/mac:02010b41cdec/antenna/tag/e28068940000400386621d4f, 96
1652707017.683947, sdrt-health/mac:02010b41cdec/antenna/tag/e2806894000040038662114f, 93
1652707017.684178, sdrt-health/mac:02010b41cdec/antenna/tag/e2806894000040038662114f, 85
1652707017.699011, sdrt-health/mac:02010b41cdec/antenna/tag/e2806894000050038662194f, 88
1652707017.699307, sdrt-health/mac:02010b41cdec/antenna/tag/e2806894000050038661fd4f, 97
1652707017.699493, sdrt-health/mac:02010b41cdec/antenna/tag/e2806894000050038661fd4f, 83
1652707017.716879, sdrt-health/mac:02010b41cdec/antenna/tag/e2806894000040038662114f, 88
1652707017.758865, sdrt-health/mac:02010b41cdec/antenna/tag/e28068940000500386620d4f, 83
1652707017.806936, sdrt-health/mac:02010b41cdec/antenna/tag/e2806894000050038662154f, 88
1652707017.861947, sdrt-health/mac:02010b41cdec/antenna/tag/e2806894000050038661fd4f, 83
1652707017.862154, sdrt-health/mac:02010b41cdec/antenna/tag/e2806894000050038661fd4f, 83
1652707017.876084, sdrt-health/mac:02010b41cdec/antenna/tag/e2806894000050038662154f, 88
1652707017.911677, sdrt-health/mac:02010b41cdec/antenna/tag/e2806894000040038662114f, 88
1652707017.911921, sdrt-health/mac:02010b41cdec/antenna/tag/e28068940000400386621d4f, 96
1652707017.931847, sdrt-health/mac:02010b41cdec/antenna/tag/e2806894000050038661fd4f, 86
1652707017.9579, sdrt-health/mac:02010b41cdec/antenna/tag/e2806894000050038662154f, 88
1652707017.998369, sdrt-health/mac:02010b41cdec/antenna/tag/e2806894000050038661fd4f, 83
1652707018.014838, sdrt-health/mac:02010b41cdec/antenna/tag/e2806894000050038661fd4f, 83
1652707018.058504, sdrt-health/mac:02010b41cdec/antenna/tag/e2806894000040038662114f, 85
1652707018.130535, sdrt-health/mac:02010b41cdec/antenna/tag/e2806894000050038662154f, 88
1652707018.130948, sdrt-health/mac:02010b41cdec/antenna/tag/e2806894000050038662154f, 88
1652707018.131337, sdrt-health/mac:02010b41cdec/antenna/tag/e2806894000040038662114f, 88
1652707018.13172, sdrt-health/mac:02010b41cdec/antenna/tag/e2806894000040038662114f, 88
1652707018.146869, sdrt-health/mac:02010b41cdec/antenna/tag/e2806894000050038662154f, 91
1652707018.147177, sdrt-health/mac:02010b41cdec/antenna/tag/e2806894000040038662114f, 88
1652707018.184816, sdrt-health/mac:02010b41cdec/antenna/tag/e28068940000500386620d4f, 83
1652707018.226125, sdrt-health/mac:02010b41cdec/antenna/tag/e2806894000040038662114f, 88
1652707018.22659, sdrt-health/mac:02010b41cdec/antenna/tag/e28068940000400386621d4f, 90
1652707018.257937, sdrt-health/mac:02010b41cdec/antenna/tag/e2806894000050038662154f, 88
1652707018.29795, sdrt-health/mac:02010b41cdec/antenna/tag/e2806894000040038662114f, 88
1652707018.360616, sdrt-health/mac:02010b41cdec/antenna/tag/e2806894000050038662154f, 88
1652707018.360926, sdrt-health/mac:02010b41cdec/antenna/tag/e2806894000050038662154f, 88
1652707018.388583, sdrt-health/mac:02010b41cdec/antenna/tag/e28068940000400386621d4f, 90
1652707018.389368, sdrt-health/mac:02010b41cdec/antenna/tag/e28068940000500386620d4f, 83
1652707018.402523, sdrt-health/mac:02010b41cdec/antenna/tag/e2806894000050038662154f, 88
1652707018.428795, sdrt-health/mac:02010b41cdec/antenna/tag/e28068940000500386620d4f, 81
1652707018.486425, sdrt-health/mac:02010b41cdec/antenna/tag/e28068940000500386620d4f, 94
1652707018.528592, sdrt-health/mac:02010b41cdec/antenna/tag/e28068940000500386620d4f, 81
1652707018.580576, sdrt-health/mac:02010b41cdec/antenna/tag/e2806894000040038662214f, 81
1652707018.580758, sdrt-health/mac:02010b41cdec/antenna/tag/e2806894000040038662114f, 93
1652707018.595142, sdrt-health/mac:02010b41cdec/antenna/tag/e28068940000400386621d4f, 96
1652707018.615887, sdrt-health/mac:02010b41cdec/antenna/tag/e28068940000500386620d4f, 87
1652707018.671662, sdrt-health/mac:02010b41cdec/antenna/tag/e28068940000400386621d4f, 90
1652707018.671911, sdrt-health/mac:02010b41cdec/antenna/tag/e28068940000500386620d4f, 87
1652707018.698074, sdrt-health/mac:02010b41cdec/antenna/tag/e28068940000500386620d4f, 93
1652707018.746097, sdrt-health/mac:02010b41cdec/antenna/tag/e2806894000050038662154f, 88
1652707018.80409, sdrt-health/mac:02010b41cdec/antenna/tag/e2806894000040038662114f, 91
1652707018.804346, sdrt-health/mac:02010b41cdec/antenna/tag/e2806894000050038662154f, 88
1652707018.848003, sdrt-health/mac:02010b41cdec/antenna/tag/e28068940000400386621d4f, 90
1652707018.927705, sdrt-health/mac:02010b41cdec/antenna/tag/e2806894000050038661fd4f, 86
1652707018.928189, sdrt-health/mac:02010b41cdec/antenna/tag/e2806894000050038662154f, 88
1652707018.942669, sdrt-health/mac:02010b41cdec/antenna/tag/e2806894000050038661fd4f, 86
1652707018.969676, sdrt-health/mac:02010b41cdec/antenna/tag/e2806894000050038661fd4f, 86
1652707018.969927, sdrt-health/mac:02010b41cdec/antenna/tag/e2806894000050038661fd4f, 86
1652707018.970043, sdrt-health/mac:02010b41cdec/antenna/tag/e2806894000040038662114f, 91
1652707018.970154, sdrt-health/mac:02010b41cdec/antenna/tag/e28068940000400386621d4f, 90
1652707018.998631, sdrt-health/mac:02010b41cdec/antenna/tag/e28068940000400386621d4f, 96
1652707019.040442, sdrt-health/mac:02010b41cdec/antenna/tag/e2806894000040038662214f, 94
1652707019.093083, sdrt-health/mac:02010b41cdec/antenna/tag/e28068940000500386620d4f, 81
1652707019.093272, sdrt-health/mac:02010b41cdec/antenna/tag/e2806894000040038662214f, 94
1652707019.107205, sdrt-health/mac:02010b41cdec/antenna/tag/e2806894000050038662154f, 85
1652707019.107536, sdrt-health/mac:02010b41cdec/antenna/tag/e28068940000400386621d4f, 77
1652707019.128305, sdrt-health/mac:02010b41cdec/antenna/tag/e2806894000040038662114f, 85
1652707019.178442, sdrt-health/mac:02010b41cdec/antenna/tag/e28068940000500386620d4f, 87
1652707019.207528, sdrt-health/mac:02010b41cdec/antenna/tag/e28068940000400386621d4f, 90
1652707019.207748, sdrt-health/mac:02010b41cdec/antenna/tag/e28068940000500386620d4f, 83
1652707019.221915, sdrt-health/mac:02010b41cdec/antenna/tag/e2806894000040038662114f, 88
1652707019.222129, sdrt-health/mac:02010b41cdec/antenna/tag/e2806894000040038662114f, 85
1652707019.258063, sdrt-health/mac:02010b41cdec/antenna/tag/e2806894000040038662114f, 85
1652707019.30751, sdrt-health/mac:02010b41cdec/antenna/tag/e2806894000040038662114f, 88
1652707019.348488, sdrt-health/mac:02010b41cdec/antenna/tag/e2806894000040038662114f, 85
1652707019.378533, sdrt-health/mac:02010b41cdec/antenna/tag/e28068940000400386621d4f, 96
1652707019.378716, sdrt-health/mac:02010b41cdec/antenna/tag/e28068940000400386621d4f, 96
1652707019.392121, sdrt-health/mac:02010b41cdec/antenna/tag/e28068940000400386621d4f, 77
1652707019.445613, sdrt-health/mac:02010b41cdec/antenna/tag/e28068940000500386620d4f, 81
1652707019.487485, sdrt-health/mac:02010b41cdec/antenna/tag/e28068940000500386620d4f, 94
1652707019.527612, sdrt-health/mac:02010b41cdec/antenna/tag/e28068940000500386620d4f, 93
1652707019.56801, sdrt-health/mac:02010b41cdec/antenna/tag/e2806894000050038661fd4f, 83
1652707019.63081, sdrt-health/mac:02010b41cdec/antenna/tag/e2806894000050038662154f, 88
1652707019.63102, sdrt-health/mac:02010b41cdec/antenna/tag/e2806894000040038662114f, 85
1652707019.644051, sdrt-health/mac:02010b41cdec/antenna/tag/e2806894000050038661fd4f, 83
1652707019.658233, sdrt-health/mac:02010b41cdec/antenna/tag/e2806894000050038661fd4f, 86
1652707019.708447, sdrt-health/mac:02010b41cdec/antenna/tag/e28068940000400386621d4f, 90
1652707019.761006, sdrt-health/mac:02010b41cdec/antenna/tag/e2806894000040038662114f, 88
1652707019.761215, sdrt-health/mac:02010b41cdec/antenna/tag/e2806894000050038662154f, 91
1652707019.798014, sdrt-health/mac:02010b41cdec/antenna/tag/e2806894000050038662154f, 91
1652707019.839512, sdrt-health/mac:02010b41cdec/antenna/tag/e28068940000500386620d4f, 81
1652707020.041297, sdrt-health/mac:02010b41cdec/antenna/tag/e28068940000500386620d4f, 81
1652707020.041511, sdrt-health/mac:02010b41cdec/antenna/tag/scan, scan stopped
