1652707199.792079, sdrt-health/mac:02010b41cdec/antenna/power/set, {"power": 300}
1652707200.886443, sdrt-health/mac:02010b41cdec/antenna/power/set, 
1652707204.959851, sdrt-health/mac:02010b41cdec/antenna/tag/scan, {"time": 20000}
1652707205.182162, sdrt-health/mac:02010b41cdec/antenna/tag/e2806894000050038661fd4f, 86
1652707205.212268, sdrt-health/mac:02010b41cdec/antenna/tag/e28068940000400386621d4f, 77
1652707205.280238, sdrt-health/mac:02010b41cdec/antenna/tag/e28068940000400386621d4f, 96
1652707205.290505, sdrt-health/mac:02010b41cdec/antenna/tag/e2806894000040038662114f, 88
1652707205.371718, sdrt-health/mac:02010b41cdec/antenna/tag/e2806894000050038662154f, 91
1652707205.462386, sdrt-health/mac:02010b41cdec/antenna/tag/e2806894000040038662114f, 85
1652707205.462871, sdrt-health/mac:02010b41cdec/antenna/tag/e28068940000500386620d4f, 93
1652707205.46328, sdrt-health/mac:02010b41cdec/antenna/tag/e2806894000050038662194f, 83
1652707205.493025, sdrt-health/mac:02010b41cdec/antenna/tag/e2806894000040038662214f, 94
1652707205.493654, sdrt-health/mac:02010b41cdec/antenna/tag/e2806894000040038662114f, 85
1652707205.539674, sdrt-health/mac:02010b41cdec/antenna/tag/e2806894000040038662214f, 81
1652707205.598503, sdrt-health/mac:02010b41cdec/antenna/tag/e2806894000040038662114f, 88
1652707205.598928, sdrt-health/mac:02010b41cdec/antenna/tag/e28068940000500386620d4f, 94
1652707205.599288, sdrt-health/mac:02010b41cdec/antenna/tag/e2806894000040038662214f, 88
1652707205.599583, sdrt-health/mac:02010b41cdec/antenna/tag/e28068940000400386621d4f, 96
1652707205.621302, sdrt-health/mac:02010b41cdec/antenna/tag/e2806894000050038662194f, 83
1652707205.621565, sdrt-health/mac:02010b41cdec/antenna/tag/e28068940000500386620d4f, 85
1652707205.621726, sdrt-health/mac:02010b41cdec/antenna/tag/e28068940000400386621d4f, 96
1652707205.646388, sdrt-health/mac:02010b41cdec/antenna/tag/e2806894000050038662194f, 94
1652707205.717442, sdrt-health/mac:02010b41cdec/antenna/tag/e28068940000400386621d4f, 96
1652707205.717917, sdrt-health/mac:02010b41cdec/antenna/tag/e2806894000050038662154f, 91
1652707205.743826, sdrt-health/mac:02010b41cdec/antenna/tag/e2806894000040038662114f, 88
1652707205.805836, sdrt-health/mac:02010b41cdec/antenna/tag/e2806894000050038661fd4f, 90
1652707205.806307, sdrt-health/mac:02010b41cdec/antenna/tag/e2806894000050038661fd4f, 86
1652707205.828554, sdrt-health/mac:02010b41cdec/antenna/tag/e28068940000500386620d4f, 83
1652707205.842535, sdrt-health/mac:02010b41cdec/antenna/tag/e28068940000400386621d4f, 96
1652707205.889892, sdrt-health/mac:02010b41cdec/antenna/tag/e2806894000040038662114f, 88
1652707205.980172, sdrt-health/mac:02010b41cdec/antenna/tag/e2806894000040038662054f, 83
1652707205.980707, sdrt-health/mac:02010b41cdec/antenna/tag/e2806894000050038662154f, 91
1652707206.007665, sdrt-health/mac:02010b41cdec/antenna/tag/e2806894000040038662114f, 91
1652707206.007895, sdrt-health/mac:02010b41cdec/antenna/tag/e2806894000050038661fd4f, 83
1652707206.008066, sdrt-health/mac:02010b41cdec/antenna/tag/e2806894000040038662114f, 85
1652707206.038648, sdrt-health/mac:02010b41cdec/antenna/tag/e2806894000050038662194f, 81
1652707206.10817, sdrt-health/mac:02010b41cdec/antenna/tag/e2806894000040038662214f, 82
1652707206.108643, sdrt-health/mac:02010b41cdec/antenna/tag/e2806894000040038662114f, 91
1652707206.134589, sdrt-health/mac:02010b41cdec/antenna/tag/e2806894000040038662054f, 81
1652707206.134957, sdrt-health/mac:02010b41cdec/antenna/tag/e2806894000040038662054f, 94
1652707206.135234, sdrt-health/mac:02010b41cdec/antenna/tag/e2806894000050038661fd4f, 86
1652707206.175467, sdrt-health/mac:02010b41cdec/antenna/tag/e28068940000400386621d4f, 96
1652707206.211634, sdrt-health/mac:02010b41cdec/antenna/tag/e2806894000050038661fd4f, 86
1652707206.265806, sdrt-health/mac:02010b41cdec/antenna/tag/e2806894000040038662054f, 83
1652707206.330089, sdrt-health/mac:02010b41cdec/antenna/tag/e28068940000400386621d4f, 90
1652707206.330559, sdrt-health/mac:02010b41cdec/antenna/tag/e2806894000050038662154f, 91
1652707206.361393, sdrt-health/mac:02010b41cdec/antenna/tag/e2806894000040038662114f, 88
1652707206.361833, sdrt-health/mac:02010b41cdec/antenna/tag/e2806894000050038662154f, 93
1652707206.36228, sdrt-health/mac:02010b41cdec/antenna/tag/e2806894000050038662154f, 85
1652707206.420412, sdrt-health/mac:02010b41cdec/antenna/tag/e2806894000050038661fd4f, 86
1652707206.428901, sdrt-health/mac:02010b41cdec/antenna/tag/e28068940000400386621d4f, 77
1652707206.489641, sdrt-health/mac:02010b41cdec/antenna/tag/e2806894000040038662214f, 88
1652707206.533671, sdrt-health/mac:02010b41cdec/antenna/tag/e2806894000050038662194f, 94
1652707206.578106, sdrt-health/mac:02010b41cdec/antenna/tag/e2806894000050038661fd4f, 86
1652707206.693818, sdrt-health/mac:02010b41cdec/antenna/tag/e28068940000500386620d4f, 83
1652707206.694278, sdrt-health/mac:02010b41cdec/antenna/tag/e2806894000050038662154f, 91
1652707206.694653, sdrt-health/mac:02010b41cdec/antenna/tag/e2806894000050038662194f, 81
1652707206.694989, sdrt-health/mac:02010b41cdec/antenna/tag/e2806894000040038662114f, 85
1652707206.729049, sdrt-health/mac:02010b41cdec/antenna/tag/e28068940000500386620d4f, 93
1652707206.865266, sdrt-health/mac:02010b41cdec/antenna/tag/e2806894000050038661fd4f, 86
1652707206.86576, sdrt-health/mac:02010b41cdec/antenna/tag/e28068940000400386621d4f, 96
1652707206.866103, sdrt-health/mac:02010b41cdec/antenna/tag/e2806894000050038662154f, 91
1652707206.866464, sdrt-health/mac:02010b41cdec/antenna/tag/e2806894000040038662114f, 88
1652707206.881022, sdrt-health/mac:02010b41cdec/antenna/tag/e2806894000050038662154f, 91
1652707207.007426, sdrt-health/mac:02010b41cdec/antenna/tag/e28068940000400386621d4f, 96
1652707207.076877, sdrt-health/mac:02010b41cdec/antenna/tag/e2806894000050038661fd4f, 86
1652707207.077338, sdrt-health/mac:02010b41cdec/antenna/tag/e2806894000050038662154f, 91
1652707207.077676, sdrt-health/mac:02010b41cdec/antenna/tag/e28068940000400386621d4f, 96
1652707207.078024, sdrt-health/mac:02010b41cdec/antenna/tag/e28068940000500386620d4f, 94
1652707207.162083, sdrt-health/mac:02010b41cdec/antenna/tag/e2806894000050038662194f, 81
1652707207.210989, sdrt-health/mac:02010b41cdec/antenna/tag/e2806894000050038662194f, 83
1652707207.259366, sdrt-health/mac:02010b41cdec/antenna/tag/e2806894000050038661fd4f, 83
1652707207.259814, sdrt-health/mac:02010b41cdec/antenna/tag/e2806894000050038661fd4f, 86
1652707207.260336, sdrt-health/mac:02010b41cdec/antenna/tag/e2806894000050038662154f, 88
1652707207.260543, sdrt-health/mac:02010b41cdec/antenna/tag/e2806894000050038661fd4f, 86
1652707207.260722, sdrt-health/mac:02010b41cdec/antenna/tag/e2806894000050038662194f, 87
1652707207.26516, sdrt-health/mac:02010b41cdec/antenna/tag/e2806894000040038662114f, 85
1652707207.343246, sdrt-health/mac:02010b41cdec/antenna/tag/e2806894000050038661fd4f, 86
1652707207.401908, sdrt-health/mac:02010b41cdec/antenna/tag/e2806894000050038661fd4f, 86
1652707207.402472, sdrt-health/mac:02010b41cdec/antenna/tag/e2806894000040038662054f, 81
1652707207.402872, sdrt-health/mac:02010b41cdec/antenna/tag/e28068940000500386620d4f, 94
1652707207.464931, sdrt-health/mac:02010b41cdec/antenna/tag/e2806894000050038661fd4f, 86
1652707207.465412, sdrt-health/mac:02010b41cdec/antenna/tag/e2806894000050038662194f, 81
1652707207.517139, sdrt-health/mac:02010b41cdec/antenna/tag/e28068940000500386620d4f, 81
1652707207.652804, sdrt-health/mac:02010b41cdec/antenna/tag/e2806894000050038661fd4f, 83
1652707207.653354, sdrt-health/mac:02010b41cdec/antenna/tag/e2806894000040038662114f, 91
1652707207.653724, sdrt-health/mac:02010b41cdec/antenna/tag/e2806894000050038662194f, 84
1652707207.690948, sdrt-health/mac:02010b41cdec/antenna/tag/e2806894000050038662154f, 91
1652707207.691424, sdrt-health/mac:02010b41cdec/antenna/tag/e2806894000040038662114f, 85
1652707207.691782, sdrt-health/mac:02010b41cdec/antenna/tag/e2806894000040038662114f, 88
1652707207.723024, sdrt-health/mac:02010b41cdec/antenna/tag/e28068940000400386621d4f, 96
1652707207.723286, sdrt-health/mac:02010b41cdec/antenna/tag/e2806894000040038662214f, 88
1652707207.723468, sdrt-health/mac:02010b41cdec/antenna/tag/e2806894000050038661fd4f, 83
1652707207.724504, sdrt-health/mac:02010b41cdec/antenna/tag/e2806894000050038662154f, 85
1652707207.724715, sdrt-health/mac:02010b41cdec/antenna/tag/e2806894000050038661fd4f, 83
1652707207.77168, sdrt-health/mac:02010b41cdec/antenna/tag/e2806894000040038662114f, 88
1652707207.973445, sdrt-health/mac:02010b41cdec/antenna/tag/e28068940000500386620d4f, 81
1652707207.97394, sdrt-health/mac:02010b41cdec/antenna/tag/e2806894000040038661f94f, 110
1652707207.974297, sdrt-health/mac:02010b41cdec/antenna/tag/e2806894000040038662054f, 110
1652707207.974719, sdrt-health/mac:02010b41cdec/antenna/tag/e2806894000050038662194f, 83
1652707207.975062, sdrt-health/mac:02010b41cdec/antenna/tag/e2806894000050038662154f, 88
1652707207.986779, sdrt-health/mac:02010b41cdec/antenna/tag/e28068940000400386621d4f, 77
1652707207.989284, sdrt-health/mac:02010b41cdec/antenna/tag/e2806894000050038662194f, 88
1652707208.017984, sdrt-health/mac:02010b41cdec/antenna/tag/e2806894000050038661fd4f, 83
1652707208.018214, sdrt-health/mac:02010b41cdec/antenna/tag/e2806894000050038662154f, 85
1652707208.018424, sdrt-health/mac:02010b41cdec/antenna/tag/e2806894000050038661fd4f, 83
1652707208.018629, sdrt-health/mac:02010b41cdec/antenna/tag/e28068940000500386620d4f, 94
1652707208.032175, sdrt-health/mac:02010b41cdec/antenna/tag/e28068940000400386621d4f, 96
1652707208.079019, sdrt-health/mac:02010b41cdec/antenna/tag/e2806894000050038661fd4f, 86
1652707208.146832, sdrt-health/mac:02010b41cdec/antenna/tag/e2806894000050038662194f, 81
1652707208.147336, sdrt-health/mac:02010b41cdec/antenna/tag/e2806894000050038661fd4f, 90
1652707208.177409, sdrt-health/mac:02010b41cdec/antenna/tag/e28068940000400386621d4f, 96
1652707208.346562, sdrt-health/mac:02010b41cdec/antenna/tag/e2806894000040038662114f, 85
1652707208.347126, sdrt-health/mac:02010b41cdec/antenna/tag/e28068940000400386621d4f, 77
1652707208.34751, sdrt-health/mac:02010b41cdec/antenna/tag/e2806894000050038662154f, 85
1652707208.347884, sdrt-health/mac:02010b41cdec/antenna/tag/e28068940000400386621d4f, 77
1652707208.366064, sdrt-health/mac:02010b41cdec/antenna/tag/e2806894000050038662154f, 91
1652707208.379173, sdrt-health/mac:02010b41cdec/antenna/tag/e28068940000400386621d4f, 96
1652707208.42651, sdrt-health/mac:02010b41cdec/antenna/tag/e2806894000050038662194f, 81
1652707208.464735, sdrt-health/mac:02010b41cdec/antenna/tag/e28068940000400386621d4f, 96
1652707208.511021, sdrt-health/mac:02010b41cdec/antenna/tag/e2806894000050038662194f, 94
1652707208.607197, sdrt-health/mac:02010b41cdec/antenna/tag/e2806894000040038662114f, 85
1652707208.689215, sdrt-health/mac:02010b41cdec/antenna/tag/e2806894000050038662154f, 88
1652707208.864583, sdrt-health/mac:02010b41cdec/antenna/tag/e2806894000040038662054f, 94
1652707208.865077, sdrt-health/mac:02010b41cdec/antenna/tag/e2806894000050038661fd4f, 86
1652707208.865614, sdrt-health/mac:02010b41cdec/antenna/tag/e28068940000500386620d4f, 81
1652707208.866083, sdrt-health/mac:02010b41cdec/antenna/tag/e28068940000500386620d4f, 83
1652707208.901145, sdrt-health/mac:02010b41cdec/antenna/tag/e28068940000500386620d4f, 81
1652707209.028199, sdrt-health/mac:02010b41cdec/antenna/tag/e2806894000050038662194f, 81
1652707209.028685, sdrt-health/mac:02010b41cdec/antenna/tag/e2806894000040038662214f, 81
1652707209.029123, sdrt-health/mac:02010b41cdec/antenna/tag/e2806894000050038662194f, 81
1652707209.052866, sdrt-health/mac:02010b41cdec/antenna/tag/e2806894000040038662214f, 81
1652707209.053143, sdrt-health/mac:02010b41cdec/antenna/tag/e28068940000400386621d4f, 96
1652707209.154705, sdrt-health/mac:02010b41cdec/antenna/tag/e28068940000400386621d4f, 96
1652707209.17821, sdrt-health/mac:02010b41cdec/antenna/tag/e28068940000500386620d4f, 81
1652707209.223359, sdrt-health/mac:02010b41cdec/antenna/tag/e2806894000050038662194f, 84
1652707209.223618, sdrt-health/mac:02010b41cdec/antenna/tag/e2806894000050038662154f, 88
1652707209.223798, sdrt-health/mac:02010b41cdec/antenna/tag/e2806894000040038662114f, 88
1652707209.300093, sdrt-health/mac:02010b41cdec/antenna/tag/e2806894000050038662194f, 83
1652707209.300582, sdrt-health/mac:02010b41cdec/antenna/tag/e28068940000400386621d4f, 77
1652707209.300921, sdrt-health/mac:02010b41cdec/antenna/tag/e28068940000500386620d4f, 94
1652707209.301329, sdrt-health/mac:02010b41cdec/antenna/tag/e2806894000040038662114f, 85
1652707209.382861, sdrt-health/mac:02010b41cdec/antenna/tag/e2806894000050038661fd4f, 83
1652707209.383348, sdrt-health/mac:02010b41cdec/antenna/tag/e28068940000400386621d4f, 96
1652707209.383735, sdrt-health/mac:02010b41cdec/antenna/tag/e28068940000500386620d4f, 87
1652707209.384082, sdrt-health/mac:02010b41cdec/antenna/tag/e2806894000050038662154f, 91
1652707209.384591, sdrt-health/mac:02010b41cdec/antenna/tag/e28068940000500386620d4f, 93
1652707209.462135, sdrt-health/mac:02010b41cdec/antenna/tag/e2806894000040038662114f, 88
1652707209.462601, sdrt-health/mac:02010b41cdec/antenna/tag/e2806894000040038662114f, 85
1652707209.5043, sdrt-health/mac:02010b41cdec/antenna/tag/e2806894000040038662214f, 88
1652707209.53721, sdrt-health/mac:02010b41cdec/antenna/tag/e2806894000040038662054f, 94
1652707209.673851, sdrt-health/mac:02010b41cdec/antenna/tag/e2806894000040038662214f, 84
1652707209.674422, sdrt-health/mac:02010b41cdec/antenna/tag/e2806894000050038661fd4f, 86
1652707209.675464, sdrt-health/mac:02010b41cdec/antenna/tag/e2806894000040038662054f, 88
1652707209.753837, sdrt-health/mac:02010b41cdec/antenna/tag/e2806894000050038661fd4f, 86
1652707209.754322, sdrt-health/mac:02010b41cdec/antenna/tag/e2806894000040038662114f, 88
1652707209.794611, sdrt-health/mac:02010b41cdec/antenna/tag/e2806894000050038661fd4f, 86
1652707209.874008, sdrt-health/mac:02010b41cdec/antenna/tag/e28068940000400386621d4f, 96
1652707209.874555, sdrt-health/mac:02010b41cdec/antenna/tag/e2806894000040038662114f, 88
1652707209.874893, sdrt-health/mac:02010b41cdec/antenna/tag/e2806894000050038662154f, 91
1652707209.875229, sdrt-health/mac:02010b41cdec/antenna/tag/e2806894000050038661fd4f, 86
1652707209.875724, sdrt-health/mac:02010b41cdec/antenna/tag/e2806894000040038662114f, 88
1652707209.876104, sdrt-health/mac:02010b41cdec/antenna/tag/e2806894000050038662194f, 83
1652707209.906952, sdrt-health/mac:02010b41cdec/antenna/tag/e2806894000050038661fd4f, 86
1652707210.107004, sdrt-health/mac:02010b41cdec/antenna/tag/e28068940000400386621d4f, 96
1652707210.107603, sdrt-health/mac:02010b41cdec/antenna/tag/e2806894000050038662194f, 83
1652707210.107943, sdrt-health/mac:02010b41cdec/antenna/tag/e28068940000400386621d4f, 96
1652707210.108304, sdrt-health/mac:02010b41cdec/antenna/tag/e2806894000040038662114f, 88
1652707210.139906, sdrt-health/mac:02010b41cdec/antenna/tag/e28068940000400386621d4f, 77
1652707210.157645, sdrt-health/mac:02010b41cdec/antenna/tag/e2806894000050038662194f, 81
1652707210.218643, sdrt-health/mac:02010b41cdec/antenna/tag/e2806894000040038662114f, 85
1652707210.248864, sdrt-health/mac:02010b41cdec/antenna/tag/e28068940000500386620d4f, 85
1652707210.348235, sdrt-health/mac:02010b41cdec/antenna/tag/e28068940000500386620d4f, 93
1652707210.348693, sdrt-health/mac:02010b41cdec/antenna/tag/e2806894000040038662114f, 88
1652707210.369865, sdrt-health/mac:02010b41cdec/antenna/tag/e2806894000050038662154f, 91
1652707210.478214, sdrt-health/mac:02010b41cdec/antenna/tag/e2806894000050038662154f, 88
1652707210.504779, sdrt-health/mac:02010b41cdec/antenna/tag/e28068940000400386621d4f, 96
1652707210.505155, sdrt-health/mac:02010b41cdec/antenna/tag/e28068940000500386620d4f, 81
1652707210.538669, sdrt-health/mac:02010b41cdec/antenna/tag/e28068940000500386620d4f, 87
1652707210.666337, sdrt-health/mac:02010b41cdec/antenna/tag/e28068940000500386620d4f, 83
1652707210.666906, sdrt-health/mac:02010b41cdec/antenna/tag/e2806894000050038661fd4f, 83
1652707210.716934, sdrt-health/mac:02010b41cdec/antenna/tag/e2806894000040038662114f, 88
1652707210.717287, sdrt-health/mac:02010b41cdec/antenna/tag/e28068940000500386620d4f, 93
1652707210.717576, sdrt-health/mac:02010b41cdec/antenna/tag/e2806894000050038662154f, 91
1652707210.794109, sdrt-health/mac:02010b41cdec/antenna/tag/e2806894000050038661fd4f, 86
1652707210.795755, sdrt-health/mac:02010b41cdec/antenna/tag/e2806894000040038662054f, 81
1652707210.796151, sdrt-health/mac:02010b41cdec/antenna/tag/e2806894000050038661fd4f, 86
1652707210.796562, sdrt-health/mac:02010b41cdec/antenna/tag/e2806894000040038662054f, 81
1652707210.809697, sdrt-health/mac:02010b41cdec/antenna/tag/e28068940000400386621d4f, 96
1652707210.895435, sdrt-health/mac:02010b41cdec/antenna/tag/e2806894000040038661f94f, 81
1652707210.895991, sdrt-health/mac:02010b41cdec/antenna/tag/e2806894000040038662114f, 85
1652707210.896399, sdrt-health/mac:02010b41cdec/antenna/tag/e2806894000040038662114f, 88
1652707210.896877, sdrt-health/mac:02010b41cdec/antenna/tag/e2806894000050038661fd4f, 90
1652707210.897315, sdrt-health/mac:02010b41cdec/antenna/tag/e28068940000500386620d4f, 83
1652707210.97637, sdrt-health/mac:02010b41cdec/antenna/tag/e2806894000040038662054f, 81
1652707211.036661, sdrt-health/mac:02010b41cdec/antenna/tag/e2806894000040038662114f, 88
1652707211.037186, sdrt-health/mac:02010b41cdec/antenna/tag/e2806894000040038662054f, 81
1652707211.120336, sdrt-health/mac:02010b41cdec/antenna/tag/e2806894000040038662214f, 81
1652707211.120836, sdrt-health/mac:02010b41cdec/antenna/tag/e2806894000050038661fd4f, 86
1652707211.168377, sdrt-health/mac:02010b41cdec/antenna/tag/e28068940000500386620d4f, 83
1652707211.168881, sdrt-health/mac:02010b41cdec/antenna/tag/e2806894000040038662214f, 81
1652707211.190639, sdrt-health/mac:02010b41cdec/antenna/tag/e2806894000050038662154f, 91
1652707211.255844, sdrt-health/mac:02010b41cdec/antenna/tag/e28068940000400386621d4f, 96
1652707211.427381, sdrt-health/mac:02010b41cdec/antenna/tag/e28068940000500386620d4f, 94
1652707211.480537, sdrt-health/mac:02010b41cdec/antenna/tag/e2806894000040038662054f, 94
1652707211.48099, sdrt-health/mac:02010b41cdec/antenna/tag/e28068940000400386621d4f, 96
1652707211.48138, sdrt-health/mac:02010b41cdec/antenna/tag/e2806894000050038661fd4f, 86
1652707211.500158, sdrt-health/mac:02010b41cdec/antenna/tag/e2806894000040038662054f, 82
1652707211.515671, sdrt-health/mac:02010b41cdec/antenna/tag/e2806894000050038662154f, 91
1652707211.539635, sdrt-health/mac:02010b41cdec/antenna/tag/e2806894000040038662114f, 91
1652707211.621, sdrt-health/mac:02010b41cdec/antenna/tag/e2806894000050038662194f, 84
1652707211.621512, sdrt-health/mac:02010b41cdec/antenna/tag/e2806894000040038662054f, 82
1652707211.656079, sdrt-health/mac:02010b41cdec/antenna/tag/e2806894000040038662214f, 81
1652707211.656555, sdrt-health/mac:02010b41cdec/antenna/tag/e2806894000050038661fd4f, 83
1652707211.656953, sdrt-health/mac:02010b41cdec/antenna/tag/e28068940000500386620d4f, 83
1652707211.689167, sdrt-health/mac:02010b41cdec/antenna/tag/e2806894000040038662114f, 88
1652707211.689472, sdrt-health/mac:02010b41cdec/antenna/tag/e2806894000040038662114f, 91
1652707211.720204, sdrt-health/mac:02010b41cdec/antenna/tag/e28068940000500386620d4f, 87
1652707211.793147, sdrt-health/mac:02010b41cdec/antenna/tag/e2806894000050038661fd4f, 83
1652707211.793412, sdrt-health/mac:02010b41cdec/antenna/tag/e2806894000040038662114f, 88
1652707211.860929, sdrt-health/mac:02010b41cdec/antenna/tag/e28068940000400386621d4f, 96
1652707211.929679, sdrt-health/mac:02010b41cdec/antenna/tag/e2806894000040038662114f, 88
1652707211.974138, sdrt-health/mac:02010b41cdec/antenna/tag/e2806894000050038662154f, 88
1652707212.00965, sdrt-health/mac:02010b41cdec/antenna/tag/e2806894000040038662214f, 88
1652707212.082443, sdrt-health/mac:02010b41cdec/antenna/tag/e2806894000050038661fd4f, 83
1652707212.125206, sdrt-health/mac:02010b41cdec/antenna/tag/e28068940000500386620d4f, 85
1652707212.219943, sdrt-health/mac:02010b41cdec/antenna/tag/e28068940000500386620d4f, 85
1652707212.220558, sdrt-health/mac:02010b41cdec/antenna/tag/e2806894000050038662154f, 91
1652707212.238375, sdrt-health/mac:02010b41cdec/antenna/tag/e2806894000050038662194f, 81
1652707212.238866, sdrt-health/mac:02010b41cdec/antenna/tag/e2806894000040038662054f, 81
1652707212.25923, sdrt-health/mac:02010b41cdec/antenna/tag/e28068940000400386621d4f, 96
1652707212.326514, sdrt-health/mac:02010b41cdec/antenna/tag/e2806894000050038661fd4f, 86
1652707212.327166, sdrt-health/mac:02010b41cdec/antenna/tag/e28068940000500386620d4f, 94
1652707212.348234, sdrt-health/mac:02010b41cdec/antenna/tag/e2806894000040038662114f, 88
1652707212.434096, sdrt-health/mac:02010b41cdec/antenna/tag/e28068940000400386621d4f, 77
1652707212.469323, sdrt-health/mac:02010b41cdec/antenna/tag/e28068940000400386621d4f, 77
1652707212.519571, sdrt-health/mac:02010b41cdec/antenna/tag/e2806894000040038662114f, 85
1652707212.558869, sdrt-health/mac:02010b41cdec/antenna/tag/e28068940000500386620d4f, 94
1652707212.598185, sdrt-health/mac:02010b41cdec/antenna/tag/e28068940000500386620d4f, 83
1652707212.640282, sdrt-health/mac:02010b41cdec/antenna/tag/e2806894000050038661fd4f, 86
1652707212.703965, sdrt-health/mac:02010b41cdec/antenna/tag/e28068940000500386620d4f, 81
1652707212.704494, sdrt-health/mac:02010b41cdec/antenna/tag/e2806894000040038662114f, 88
1652707212.822704, sdrt-health/mac:02010b41cdec/antenna/tag/e2806894000040038662054f, 94
1652707212.823219, sdrt-health/mac:02010b41cdec/antenna/tag/e2806894000040038662114f, 91
1652707212.823564, sdrt-health/mac:02010b41cdec/antenna/tag/e2806894000040038662054f, 82
1652707212.823939, sdrt-health/mac:02010b41cdec/antenna/tag/e2806894000050038662154f, 88
1652707212.824257, sdrt-health/mac:02010b41cdec/antenna/tag/e28068940000400386621d4f, 96
1652707212.850136, sdrt-health/mac:02010b41cdec/antenna/tag/e2806894000050038662194f, 81
1652707212.905124, sdrt-health/mac:02010b41cdec/antenna/tag/e2806894000050038662154f, 85
1652707212.960969, sdrt-health/mac:02010b41cdec/antenna/tag/e2806894000050038661fd4f, 83
1652707212.961527, sdrt-health/mac:02010b41cdec/antenna/tag/e2806894000040038662114f, 88
1652707213.005036, sdrt-health/mac:02010b41cdec/antenna/tag/e2806894000040038662114f, 85
1652707213.005245, sdrt-health/mac:02010b41cdec/antenna/tag/e2806894000050038662154f, 88
1652707213.009917, sdrt-health/mac:02010b41cdec/antenna/tag/e2806894000040038662214f, 84
1652707213.025615, sdrt-health/mac:02010b41cdec/antenna/tag/e2806894000050038662194f, 94
1652707213.025878, sdrt-health/mac:02010b41cdec/antenna/tag/e2806894000050038661fd4f, 86
1652707213.047384, sdrt-health/mac:02010b41cdec/antenna/tag/e2806894000050038661fd4f, 86
1652707213.1312, sdrt-health/mac:02010b41cdec/antenna/tag/e2806894000040038662214f, 81
1652707213.131681, sdrt-health/mac:02010b41cdec/antenna/tag/e2806894000050038662154f, 88
1652707213.160866, sdrt-health/mac:02010b41cdec/antenna/tag/e2806894000050038661fd4f, 83
1652707213.161196, sdrt-health/mac:02010b41cdec/antenna/tag/e2806894000050038661fd4f, 83
1652707213.188801, sdrt-health/mac:02010b41cdec/antenna/tag/e28068940000400386621d4f, 96
1652707213.237721, sdrt-health/mac:02010b41cdec/antenna/tag/e2806894000040038661f94f, 94
1652707213.310676, sdrt-health/mac:02010b41cdec/antenna/tag/e2806894000040038662054f, 94
1652707213.311196, sdrt-health/mac:02010b41cdec/antenna/tag/e28068940000500386620d4f, 87
1652707213.332577, sdrt-health/mac:02010b41cdec/antenna/tag/e2806894000040038661f94f, 81
1652707213.403474, sdrt-health/mac:02010b41cdec/antenna/tag/e2806894000040038661f94f, 88
1652707213.40394, sdrt-health/mac:02010b41cdec/antenna/tag/e2806894000050038662194f, 81
1652707213.518268, sdrt-health/mac:02010b41cdec/antenna/tag/e28068940000400386621d4f, 96
1652707213.518727, sdrt-health/mac:02010b41cdec/antenna/tag/e2806894000050038662154f, 88
1652707213.519098, sdrt-health/mac:02010b41cdec/antenna/tag/e2806894000050038662194f, 81
1652707213.519459, sdrt-health/mac:02010b41cdec/antenna/tag/e28068940000500386620d4f, 81
1652707213.527518, sdrt-health/mac:02010b41cdec/antenna/tag/e2806894000050038662194f, 81
1652707213.557333, sdrt-health/mac:02010b41cdec/antenna/tag/e2806894000040038662114f, 85
1652707213.597776, sdrt-health/mac:02010b41cdec/antenna/tag/e2806894000050038662194f, 81
1652707213.637801, sdrt-health/mac:02010b41cdec/antenna/tag/e2806894000050038662194f, 94
1652707213.689255, sdrt-health/mac:02010b41cdec/antenna/tag/e28068940000400386621d4f, 96
1652707213.797354, sdrt-health/mac:02010b41cdec/antenna/tag/e28068940000500386620d4f, 88
1652707213.797893, sdrt-health/mac:02010b41cdec/antenna/tag/e2806894000050038662154f, 88
1652707213.798264, sdrt-health/mac:02010b41cdec/antenna/tag/e2806894000050038662154f, 88
1652707213.830722, sdrt-health/mac:02010b41cdec/antenna/tag/e2806894000040038662054f, 94
1652707213.912057, sdrt-health/mac:02010b41cdec/antenna/tag/e2806894000040038662114f, 88
1652707213.91261, sdrt-health/mac:02010b41cdec/antenna/tag/e2806894000040038662114f, 88
1652707213.944318, sdrt-health/mac:02010b41cdec/antenna/tag/e2806894000050038661fd4f, 83
1652707214.028379, sdrt-health/mac:02010b41cdec/antenna/tag/e2806894000050038662154f, 91
1652707214.028838, sdrt-health/mac:02010b41cdec/antenna/tag/e2806894000040038662114f, 88
1652707214.029235, sdrt-health/mac:02010b41cdec/antenna/tag/e2806894000050038661fd4f, 83
1652707214.029558, sdrt-health/mac:02010b41cdec/antenna/tag/e2806894000040038662054f, 82
1652707214.08855, sdrt-health/mac:02010b41cdec/antenna/tag/e28068940000400386621d4f, 96
1652707214.089021, sdrt-health/mac:02010b41cdec/antenna/tag/e2806894000050038662194f, 93
1652707214.089402, sdrt-health/mac:02010b41cdec/antenna/tag/e28068940000400386621d4f, 77
1652707214.089716, sdrt-health/mac:02010b41cdec/antenna/tag/e2806894000050038661fd4f, 83
1652707214.090033, sdrt-health/mac:02010b41cdec/antenna/tag/e2806894000050038661fd4f, 86
1652707214.090414, sdrt-health/mac:02010b41cdec/antenna/tag/e28068940000400386621d4f, 96
1652707214.118848, sdrt-health/mac:02010b41cdec/antenna/tag/e2806894000050038662154f, 88
1652707214.194178, sdrt-health/mac:02010b41cdec/antenna/tag/e2806894000050038662194f, 83
1652707214.194687, sdrt-health/mac:02010b41cdec/antenna/tag/e28068940000500386620d4f, 87
1652707214.211883, sdrt-health/mac:02010b41cdec/antenna/tag/e2806894000050038662194f, 81
1652707214.268166, sdrt-health/mac:02010b41cdec/antenna/tag/e2806894000040038661f94f, 84
1652707214.268641, sdrt-health/mac:02010b41cdec/antenna/tag/e28068940000500386620d4f, 87
1652707214.326229, sdrt-health/mac:02010b41cdec/antenna/tag/e28068940000400386621d4f, 96
1652707214.326699, sdrt-health/mac:02010b41cdec/antenna/tag/e2806894000040038662114f, 88
1652707214.327324, sdrt-health/mac:02010b41cdec/antenna/tag/e2806894000050038661fd4f, 86
1652707214.338031, sdrt-health/mac:02010b41cdec/antenna/tag/e2806894000050038662154f, 88
1652707214.34527, sdrt-health/mac:02010b41cdec/antenna/tag/e2806894000040038662054f, 88
1652707214.345559, sdrt-health/mac:02010b41cdec/antenna/tag/e2806894000040038662214f, 94
1652707214.398244, sdrt-health/mac:02010b41cdec/antenna/tag/e2806894000050038661fd4f, 86
1652707214.438959, sdrt-health/mac:02010b41cdec/antenna/tag/e2806894000050038662194f, 88
1652707214.485511, sdrt-health/mac:02010b41cdec/antenna/tag/e2806894000050038662154f, 85
1652707214.547061, sdrt-health/mac:02010b41cdec/antenna/tag/e2806894000050038662194f, 94
1652707214.547549, sdrt-health/mac:02010b41cdec/antenna/tag/e2806894000050038661fd4f, 83
1652707214.547903, sdrt-health/mac:02010b41cdec/antenna/tag/e28068940000400386621d4f, 96
1652707214.580846, sdrt-health/mac:02010b41cdec/antenna/tag/e2806894000040038662114f, 85
1652707214.671813, sdrt-health/mac:02010b41cdec/antenna/tag/e2806894000050038661fd4f, 83
1652707214.672299, sdrt-health/mac:02010b41cdec/antenna/tag/e28068940000400386621d4f, 96
1652707214.672688, sdrt-health/mac:02010b41cdec/antenna/tag/e2806894000050038662154f, 88
1652707214.673005, sdrt-health/mac:02010b41cdec/antenna/tag/e2806894000040038662114f, 91
1652707214.760185, sdrt-health/mac:02010b41cdec/antenna/tag/e2806894000050038662154f, 85
1652707214.760723, sdrt-health/mac:02010b41cdec/antenna/tag/e2806894000050038662194f, 88
1652707214.828899, sdrt-health/mac:02010b41cdec/antenna/tag/e2806894000040038662114f, 91
1652707214.884081, sdrt-health/mac:02010b41cdec/antenna/tag/e2806894000040038662054f, 84
1652707214.917339, sdrt-health/mac:02010b41cdec/antenna/tag/e2806894000050038662154f, 88
1652707214.966649, sdrt-health/mac:02010b41cdec/antenna/tag/e28068940000400386621d4f, 96
1652707215.035023, sdrt-health/mac:02010b41cdec/antenna/tag/e28068940000500386620d4f, 88
1652707215.035233, sdrt-health/mac:02010b41cdec/antenna/tag/e2806894000050038662154f, 91
1652707215.065951, sdrt-health/mac:02010b41cdec/antenna/tag/e2806894000050038662154f, 85
1652707215.110657, sdrt-health/mac:02010b41cdec/antenna/tag/e2806894000050038662154f, 88
1652707215.160197, sdrt-health/mac:02010b41cdec/antenna/tag/e28068940000500386620d4f, 81
1652707215.160651, sdrt-health/mac:02010b41cdec/antenna/tag/e2806894000050038662154f, 88
1652707215.161025, sdrt-health/mac:02010b41cdec/antenna/tag/e28068940000500386620d4f, 88
1652707215.252526, sdrt-health/mac:02010b41cdec/antenna/tag/e2806894000050038662194f, 81
1652707215.253013, sdrt-health/mac:02010b41cdec/antenna/tag/e2806894000040038662114f, 91
1652707215.279476, sdrt-health/mac:02010b41cdec/antenna/tag/e2806894000040038662114f, 91
1652707215.333838, sdrt-health/mac:02010b41cdec/antenna/tag/e2806894000050038662154f, 91
1652707215.334117, sdrt-health/mac:02010b41cdec/antenna/tag/e2806894000040038662054f, 81
1652707215.33431, sdrt-health/mac:02010b41cdec/antenna/tag/e28068940000500386620d4f, 83
1652707215.352224, sdrt-health/mac:02010b41cdec/antenna/tag/e2806894000040038662054f, 81
1652707215.378449, sdrt-health/mac:02010b41cdec/antenna/tag/e28068940000400386621d4f, 90
1652707215.471795, sdrt-health/mac:02010b41cdec/antenna/tag/e2806894000040038662054f, 88
1652707215.538235, sdrt-health/mac:02010b41cdec/antenna/tag/e2806894000040038662214f, 82
1652707215.538736, sdrt-health/mac:02010b41cdec/antenna/tag/e2806894000050038661fd4f, 83
1652707215.55909, sdrt-health/mac:02010b41cdec/antenna/tag/e2806894000050038662154f, 91
1652707215.559524, sdrt-health/mac:02010b41cdec/antenna/tag/e2806894000050038661fd4f, 83
1652707215.559871, sdrt-health/mac:02010b41cdec/antenna/tag/e2806894000050038662154f, 91
1652707215.590447, sdrt-health/mac:02010b41cdec/antenna/tag/e2806894000050038662194f, 81
1652707215.658222, sdrt-health/mac:02010b41cdec/antenna/tag/e2806894000050038661fd4f, 83
1652707215.658951, sdrt-health/mac:02010b41cdec/antenna/tag/e28068940000500386620d4f, 94
1652707215.681475, sdrt-health/mac:02010b41cdec/antenna/tag/e2806894000050038662194f, 81
1652707215.718812, sdrt-health/mac:02010b41cdec/antenna/tag/e2806894000050038661fd4f, 83
1652707215.719016, sdrt-health/mac:02010b41cdec/antenna/tag/e28068940000500386620d4f, 81
1652707215.750419, sdrt-health/mac:02010b41cdec/antenna/tag/e2806894000050038661fd4f, 86
1652707215.79689, sdrt-health/mac:02010b41cdec/antenna/tag/e28068940000400386621d4f, 77
1652707215.905173, sdrt-health/mac:02010b41cdec/antenna/tag/e28068940000500386620d4f, 94
1652707215.905702, sdrt-health/mac:02010b41cdec/antenna/tag/e2806894000050038662154f, 88
1652707215.919745, sdrt-health/mac:02010b41cdec/antenna/tag/e2806894000040038662114f, 88
1652707215.920369, sdrt-health/mac:02010b41cdec/antenna/tag/e2806894000050038661fd4f, 83
1652707215.920674, sdrt-health/mac:02010b41cdec/antenna/tag/e2806894000050038661fd4f, 83
1652707215.920886, sdrt-health/mac:02010b41cdec/antenna/tag/e2806894000050038662154f, 91
1652707215.927318, sdrt-health/mac:02010b41cdec/antenna/tag/e2806894000050038661fd4f, 83
1652707215.976316, sdrt-health/mac:02010b41cdec/antenna/tag/e2806894000050038662194f, 83
1652707216.05908, sdrt-health/mac:02010b41cdec/antenna/tag/e28068940000500386620d4f, 81
1652707216.059551, sdrt-health/mac:02010b41cdec/antenna/tag/e2806894000040038662214f, 88
1652707216.088946, sdrt-health/mac:02010b41cdec/antenna/tag/e2806894000040038662054f, 88
1652707216.283242, sdrt-health/mac:02010b41cdec/antenna/tag/e28068940000500386620d4f, 87
1652707216.341268, sdrt-health/mac:02010b41cdec/antenna/tag/e2806894000040038662054f, 81
1652707216.438004, sdrt-health/mac:02010b41cdec/antenna/tag/e2806894000040038662114f, 88
1652707216.438557, sdrt-health/mac:02010b41cdec/antenna/tag/e2806894000050038661fd4f, 86
1652707216.438925, sdrt-health/mac:02010b41cdec/antenna/tag/e28068940000500386620d4f, 87
1652707216.439262, sdrt-health/mac:02010b41cdec/antenna/tag/e2806894000040038662054f, 94
1652707216.440654, sdrt-health/mac:02010b41cdec/antenna/tag/e2806894000050038662154f, 88
1652707216.44107, sdrt-health/mac:02010b41cdec/antenna/tag/e2806894000050038662154f, 91
1652707216.441661, sdrt-health/mac:02010b41cdec/antenna/tag/e2806894000050038662194f, 81
1652707216.442213, sdrt-health/mac:02010b41cdec/antenna/tag/e2806894000040038662114f, 97
1652707216.442594, sdrt-health/mac:02010b41cdec/antenna/tag/e28068940000400386621d4f, 96
1652707216.529522, sdrt-health/mac:02010b41cdec/antenna/tag/e2806894000050038662154f, 88
1652707216.554397, sdrt-health/mac:02010b41cdec/antenna/tag/e2806894000050038661fd4f, 83
1652707216.600621, sdrt-health/mac:02010b41cdec/antenna/tag/e2806894000040038662114f, 88
1652707216.628943, sdrt-health/mac:02010b41cdec/antenna/tag/e28068940000500386620d4f, 82
1652707216.729298, sdrt-health/mac:02010b41cdec/antenna/tag/e2806894000050038662154f, 88
1652707216.729809, sdrt-health/mac:02010b41cdec/antenna/tag/e28068940000400386621d4f, 77
1652707216.730151, sdrt-health/mac:02010b41cdec/antenna/tag/e2806894000040038662114f, 85
1652707216.762699, sdrt-health/mac:02010b41cdec/antenna/tag/e2806894000050038661fd4f, 83
1652707216.809518, sdrt-health/mac:02010b41cdec/antenna/tag/e28068940000500386620d4f, 87
1652707216.87711, sdrt-health/mac:02010b41cdec/antenna/tag/e2806894000050038662154f, 88
1652707216.921669, sdrt-health/mac:02010b41cdec/antenna/tag/e2806894000050038662194f, 81
1652707216.985923, sdrt-health/mac:02010b41cdec/antenna/tag/e28068940000500386620d4f, 81
1652707217.10128, sdrt-health/mac:02010b41cdec/antenna/tag/e2806894000050038662154f, 88
1652707217.10175, sdrt-health/mac:02010b41cdec/antenna/tag/e2806894000040038662054f, 94
1652707217.10213, sdrt-health/mac:02010b41cdec/antenna/tag/e2806894000050038662154f, 91
1652707217.120291, sdrt-health/mac:02010b41cdec/antenna/tag/e28068940000500386620d4f, 87
1652707217.120695, sdrt-health/mac:02010b41cdec/antenna/tag/e2806894000040038662054f, 81
1652707217.159824, sdrt-health/mac:02010b41cdec/antenna/tag/e2806894000040038662054f, 88
1652707217.211197, sdrt-health/mac:02010b41cdec/antenna/tag/e2806894000040038661f94f, 88
1652707217.261535, sdrt-health/mac:02010b41cdec/antenna/tag/e2806894000040038661f94f, 81
1652707217.262072, sdrt-health/mac:02010b41cdec/antenna/tag/e28068940000500386620d4f, 87
1652707217.304724, sdrt-health/mac:02010b41cdec/antenna/tag/e2806894000040038662114f, 88
1652707217.305136, sdrt-health/mac:02010b41cdec/antenna/tag/e2806894000040038661f94f, 94
1652707217.309298, sdrt-health/mac:02010b41cdec/antenna/tag/e28068940000400386621d4f, 96
1652707217.364892, sdrt-health/mac:02010b41cdec/antenna/tag/e2806894000050038662154f, 91
1652707217.40957, sdrt-health/mac:02010b41cdec/antenna/tag/e28068940000400386621d4f, 90
1652707217.4623, sdrt-health/mac:02010b41cdec/antenna/tag/e28068940000500386620d4f, 87
1652707217.49947, sdrt-health/mac:02010b41cdec/antenna/tag/e2806894000050038662154f, 85
1652707217.551043, sdrt-health/mac:02010b41cdec/antenna/tag/e2806894000040038662214f, 81
1652707217.600455, sdrt-health/mac:02010b41cdec/antenna/tag/e2806894000050038662154f, 85
1652707217.600914, sdrt-health/mac:02010b41cdec/antenna/tag/e2806894000040038662214f, 94
1652707217.640477, sdrt-health/mac:02010b41cdec/antenna/tag/e28068940000500386620d4f, 87
1652707217.680737, sdrt-health/mac:02010b41cdec/antenna/tag/e2806894000050038662154f, 91
1652707217.721685, sdrt-health/mac:02010b41cdec/antenna/tag/e2806894000040038662054f, 81
1652707217.785127, sdrt-health/mac:02010b41cdec/antenna/tag/e2806894000050038661fd4f, 83
1652707217.785632, sdrt-health/mac:02010b41cdec/antenna/tag/e2806894000050038662194f, 81
1652707217.813363, sdrt-health/mac:02010b41cdec/antenna/tag/e2806894000040038662054f, 88
1652707217.845122, sdrt-health/mac:02010b41cdec/antenna/tag/e28068940000400386621d4f, 96
1652707217.855447, sdrt-health/mac:02010b41cdec/antenna/tag/e2806894000050038662194f, 81
1652707217.89534, sdrt-health/mac:02010b41cdec/antenna/tag/e2806894000040038662114f, 91
1652707217.960474, sdrt-health/mac:02010b41cdec/antenna/tag/e2806894000050038662154f, 88
1652707217.994333, sdrt-health/mac:02010b41cdec/antenna/tag/e28068940000500386620d4f, 84
1652707218.103428, sdrt-health/mac:02010b41cdec/antenna/tag/e2806894000050038661fd4f, 86
1652707218.10389, sdrt-health/mac:02010b41cdec/antenna/tag/e28068940000400386621d4f, 96
1652707218.10427, sdrt-health/mac:02010b41cdec/antenna/tag/e2806894000040038662114f, 88
1652707218.127404, sdrt-health/mac:02010b41cdec/antenna/tag/e2806894000040038662214f, 88
1652707218.440824, sdrt-health/mac:02010b41cdec/antenna/tag/e2806894000050038662154f, 88
1652707218.582471, sdrt-health/mac:02010b41cdec/antenna/tag/e2806894000040038662054f, 84
1652707218.582942, sdrt-health/mac:02010b41cdec/antenna/tag/e2806894000040038661f94f, 84
1652707218.583315, sdrt-health/mac:02010b41cdec/antenna/tag/e2806894000040038662214f, 81
1652707218.583629, sdrt-health/mac:02010b41cdec/antenna/tag/e2806894000050038662154f, 97
1652707218.58399, sdrt-health/mac:02010b41cdec/antenna/tag/e2806894000050038661fd4f, 83
1652707218.584333, sdrt-health/mac:02010b41cdec/antenna/tag/e28068940000400386621d4f, 96
1652707218.584726, sdrt-health/mac:02010b41cdec/antenna/tag/e2806894000050038662194f, 81
1652707218.585117, sdrt-health/mac:02010b41cdec/antenna/tag/e28068940000500386620d4f, 87
1652707218.585589, sdrt-health/mac:02010b41cdec/antenna/tag/e2806894000050038662194f, 81
1652707218.586204, sdrt-health/mac:02010b41cdec/antenna/tag/e2806894000050038662154f, 91
1652707218.586784, sdrt-health/mac:02010b41cdec/antenna/tag/e2806894000040038662114f, 85
1652707218.587311, sdrt-health/mac:02010b41cdec/antenna/tag/e28068940000400386621d4f, 77
1652707218.58778, sdrt-health/mac:02010b41cdec/antenna/tag/e28068940000500386620d4f, 93
1652707218.58817, sdrt-health/mac:02010b41cdec/antenna/tag/e2806894000050038662154f, 85
1652707218.612736, sdrt-health/mac:02010b41cdec/antenna/tag/e2806894000050038661fd4f, 86
1652707218.695415, sdrt-health/mac:02010b41cdec/antenna/tag/e2806894000050038662194f, 81
1652707218.80961, sdrt-health/mac:02010b41cdec/antenna/tag/e28068940000500386620d4f, 87
1652707218.810225, sdrt-health/mac:02010b41cdec/antenna/tag/e2806894000040038662114f, 88
1652707218.870958, sdrt-health/mac:02010b41cdec/antenna/tag/e2806894000050038662154f, 91
1652707218.871506, sdrt-health/mac:02010b41cdec/antenna/tag/e2806894000040038662054f, 94
1652707218.871895, sdrt-health/mac:02010b41cdec/antenna/tag/e28068940000500386620d4f, 81
1652707218.963691, sdrt-health/mac:02010b41cdec/antenna/tag/e28068940000400386621d4f, 96
1652707218.964326, sdrt-health/mac:02010b41cdec/antenna/tag/e2806894000040038662114f, 88
1652707218.964676, sdrt-health/mac:02010b41cdec/antenna/tag/e2806894000040038662114f, 88
1652707218.965031, sdrt-health/mac:02010b41cdec/antenna/tag/e2806894000050038661fd4f, 86
1652707218.96544, sdrt-health/mac:02010b41cdec/antenna/tag/e2806894000040038662054f, 81
1652707218.966368, sdrt-health/mac:02010b41cdec/antenna/tag/e2806894000040038662214f, 84
1652707218.980289, sdrt-health/mac:02010b41cdec/antenna/tag/e28068940000500386620d4f, 88
1652707219.085128, sdrt-health/mac:02010b41cdec/antenna/tag/e28068940000400386621d4f, 77
1652707219.085707, sdrt-health/mac:02010b41cdec/antenna/tag/e2806894000040038662054f, 94
1652707219.10483, sdrt-health/mac:02010b41cdec/antenna/tag/e28068940000400386621d4f, 77
1652707219.105097, sdrt-health/mac:02010b41cdec/antenna/tag/e2806894000040038662054f, 88
1652707219.10527, sdrt-health/mac:02010b41cdec/antenna/tag/e2806894000050038662154f, 91
1652707219.140512, sdrt-health/mac:02010b41cdec/antenna/tag/e2806894000050038662154f, 88
1652707219.242551, sdrt-health/mac:02010b41cdec/antenna/tag/e28068940000400386621d4f, 96
1652707219.243125, sdrt-health/mac:02010b41cdec/antenna/tag/e28068940000500386620d4f, 83
1652707219.279797, sdrt-health/mac:02010b41cdec/antenna/tag/e2806894000050038662154f, 91
1652707219.280195, sdrt-health/mac:02010b41cdec/antenna/tag/e2806894000040038662114f, 91
1652707219.280555, sdrt-health/mac:02010b41cdec/antenna/tag/e2806894000040038662114f, 91
1652707219.308411, sdrt-health/mac:02010b41cdec/antenna/tag/e2806894000050038661fd4f, 86
1652707219.433265, sdrt-health/mac:02010b41cdec/antenna/tag/e28068940000400386621d4f, 90
1652707219.433739, sdrt-health/mac:02010b41cdec/antenna/tag/e2806894000050038661fd4f, 86
1652707219.434121, sdrt-health/mac:02010b41cdec/antenna/tag/e2806894000050038661fd4f, 83
1652707219.562085, sdrt-health/mac:02010b41cdec/antenna/tag/e28068940000400386621d4f, 77
1652707219.562561, sdrt-health/mac:02010b41cdec/antenna/tag/e2806894000050038661fd4f, 86
1652707219.562905, sdrt-health/mac:02010b41cdec/antenna/tag/e2806894000040038662214f, 94
1652707219.563286, sdrt-health/mac:02010b41cdec/antenna/tag/e2806894000040038662214f, 81
1652707219.563632, sdrt-health/mac:02010b41cdec/antenna/tag/e2806894000040038662114f, 88
1652707219.660638, sdrt-health/mac:02010b41cdec/antenna/tag/e2806894000050038662194f, 94
1652707219.736582, sdrt-health/mac:02010b41cdec/antenna/tag/e2806894000040038662114f, 88
1652707219.810996, sdrt-health/mac:02010b41cdec/antenna/tag/e2806894000050038661fd4f, 86
1652707219.811498, sdrt-health/mac:02010b41cdec/antenna/tag/e2806894000040038661f94f, 88
1652707219.811843, sdrt-health/mac:02010b41cdec/antenna/tag/e28068940000400386621d4f, 90
1652707219.812177, sdrt-health/mac:02010b41cdec/antenna/tag/e2806894000040038662054f, 81
1652707219.858239, sdrt-health/mac:02010b41cdec/antenna/tag/e28068940000400386621d4f, 96
1652707220.009159, sdrt-health/mac:02010b41cdec/antenna/tag/e28068940000400386621d4f, 77
1652707220.051601, sdrt-health/mac:02010b41cdec/antenna/tag/e2806894000050038662154f, 88
1652707220.299603, sdrt-health/mac:02010b41cdec/antenna/tag/e28068940000400386621d4f, 77
1652707220.30011, sdrt-health/mac:02010b41cdec/antenna/tag/e28068940000500386620d4f, 83
1652707220.300565, sdrt-health/mac:02010b41cdec/antenna/tag/e2806894000050038661fd4f, 86
1652707220.300942, sdrt-health/mac:02010b41cdec/antenna/tag/e2806894000050038661fd4f, 86
1652707220.301376, sdrt-health/mac:02010b41cdec/antenna/tag/e2806894000040038662114f, 91
1652707220.420039, sdrt-health/mac:02010b41cdec/antenna/tag/e2806894000050038662194f, 87
1652707220.547126, sdrt-health/mac:02010b41cdec/antenna/tag/e28068940000400386621d4f, 96
1652707220.547615, sdrt-health/mac:02010b41cdec/antenna/tag/e2806894000050038661fd4f, 86
1652707220.547949, sdrt-health/mac:02010b41cdec/antenna/tag/e28068940000400386621d4f, 90
1652707220.548332, sdrt-health/mac:02010b41cdec/antenna/tag/e2806894000050038661fd4f, 86
1652707220.548675, sdrt-health/mac:02010b41cdec/antenna/tag/e28068940000500386620d4f, 85
1652707220.549016, sdrt-health/mac:02010b41cdec/antenna/tag/e2806894000040038662114f, 88
1652707220.549397, sdrt-health/mac:02010b41cdec/antenna/tag/e28068940000400386621d4f, 96
1652707220.549713, sdrt-health/mac:02010b41cdec/antenna/tag/e2806894000040038662114f, 88
1652707220.606777, sdrt-health/mac:02010b41cdec/antenna/tag/e2806894000050038662154f, 91
1652707220.675919, sdrt-health/mac:02010b41cdec/antenna/tag/e28068940000400386621d4f, 96
1652707220.67639, sdrt-health/mac:02010b41cdec/antenna/tag/e2806894000040038662114f, 88
1652707220.676738, sdrt-health/mac:02010b41cdec/antenna/tag/e2806894000050038662194f, 87
1652707220.677176, sdrt-health/mac:02010b41cdec/antenna/tag/e2806894000040038662114f, 88
1652707220.677549, sdrt-health/mac:02010b41cdec/antenna/tag/e2806894000050038661fd4f, 83
1652707220.677967, sdrt-health/mac:02010b41cdec/antenna/tag/e2806894000050038662194f, 81
1652707220.714552, sdrt-health/mac:02010b41cdec/antenna/tag/e28068940000400386621d4f, 77
1652707220.741201, sdrt-health/mac:02010b41cdec/antenna/tag/e2806894000050038662194f, 88
1652707220.741592, sdrt-health/mac:02010b41cdec/antenna/tag/e2806894000040038662214f, 94
1652707220.741871, sdrt-health/mac:02010b41cdec/antenna/tag/e2806894000050038661fd4f, 86
1652707220.742289, sdrt-health/mac:02010b41cdec/antenna/tag/e2806894000050038662154f, 85
1652707220.787839, sdrt-health/mac:02010b41cdec/antenna/tag/e2806894000050038662194f, 81
1652707220.849309, sdrt-health/mac:02010b41cdec/antenna/tag/e2806894000040038662054f, 110
1652707220.872146, sdrt-health/mac:02010b41cdec/antenna/tag/e2806894000040038662214f, 82
1652707220.960974, sdrt-health/mac:02010b41cdec/antenna/tag/e2806894000040038662114f, 85
1652707220.96176, sdrt-health/mac:02010b41cdec/antenna/tag/e28068940000500386620d4f, 81
1652707220.98328, sdrt-health/mac:02010b41cdec/antenna/tag/e2806894000050038662194f, 81
1652707220.983571, sdrt-health/mac:02010b41cdec/antenna/tag/e28068940000400386621d4f, 77
1652707221.03528, sdrt-health/mac:02010b41cdec/antenna/tag/e2806894000050038662154f, 91
1652707221.06158, sdrt-health/mac:02010b41cdec/antenna/tag/e2806894000050038662194f, 83
1652707221.103478, sdrt-health/mac:02010b41cdec/antenna/tag/e2806894000050038662154f, 91
1652707221.166237, sdrt-health/mac:02010b41cdec/antenna/tag/e2806894000050038662194f, 81
1652707221.166738, sdrt-health/mac:02010b41cdec/antenna/tag/e2806894000040038662114f, 85
1652707221.192156, sdrt-health/mac:02010b41cdec/antenna/tag/e28068940000500386620d4f, 83
1652707221.249746, sdrt-health/mac:02010b41cdec/antenna/tag/e2806894000040038662114f, 88
1652707221.250201, sdrt-health/mac:02010b41cdec/antenna/tag/e28068940000500386620d4f, 81
1652707221.277656, sdrt-health/mac:02010b41cdec/antenna/tag/e28068940000500386620d4f, 81
1652707221.338495, sdrt-health/mac:02010b41cdec/antenna/tag/e2806894000040038662054f, 81
1652707221.443913, sdrt-health/mac:02010b41cdec/antenna/tag/e28068940000400386621d4f, 96
1652707221.444414, sdrt-health/mac:02010b41cdec/antenna/tag/e2806894000040038662114f, 91
1652707221.496057, sdrt-health/mac:02010b41cdec/antenna/tag/e2806894000050038662194f, 83
1652707221.496514, sdrt-health/mac:02010b41cdec/antenna/tag/e28068940000400386621d4f, 96
1652707221.496963, sdrt-health/mac:02010b41cdec/antenna/tag/e28068940000500386620d4f, 82
1652707221.57788, sdrt-health/mac:02010b41cdec/antenna/tag/e28068940000400386621d4f, 96
1652707221.578437, sdrt-health/mac:02010b41cdec/antenna/tag/e2806894000050038662194f, 83
1652707221.631436, sdrt-health/mac:02010b41cdec/antenna/tag/e2806894000050038661fd4f, 83
1652707221.696494, sdrt-health/mac:02010b41cdec/antenna/tag/e2806894000040038662114f, 93
1652707221.943375, sdrt-health/mac:02010b41cdec/antenna/tag/e2806894000050038662194f, 81
1652707221.943837, sdrt-health/mac:02010b41cdec/antenna/tag/e2806894000050038662154f, 91
1652707221.944207, sdrt-health/mac:02010b41cdec/antenna/tag/e2806894000040038662114f, 88
1652707221.944529, sdrt-health/mac:02010b41cdec/antenna/tag/e2806894000050038662154f, 91
1652707221.944839, sdrt-health/mac:02010b41cdec/antenna/tag/e2806894000040038662114f, 88
1652707221.94518, sdrt-health/mac:02010b41cdec/antenna/tag/e2806894000050038661fd4f, 90
1652707221.970715, sdrt-health/mac:02010b41cdec/antenna/tag/e2806894000040038662054f, 88
1652707222.047543, sdrt-health/mac:02010b41cdec/antenna/tag/e28068940000400386621d4f, 96
1652707222.326782, sdrt-health/mac:02010b41cdec/antenna/tag/e2806894000050038662154f, 88
1652707222.327373, sdrt-health/mac:02010b41cdec/antenna/tag/e28068940000500386620d4f, 87
1652707222.327746, sdrt-health/mac:02010b41cdec/antenna/tag/e2806894000040038662114f, 85
1652707222.328169, sdrt-health/mac:02010b41cdec/antenna/tag/e2806894000050038661fd4f, 83
1652707222.345524, sdrt-health/mac:02010b41cdec/antenna/tag/e2806894000040038662054f, 84
1652707222.346026, sdrt-health/mac:02010b41cdec/antenna/tag/e28068940000400386621d4f, 96
1652707222.346383, sdrt-health/mac:02010b41cdec/antenna/tag/e2806894000040038662114f, 85
1652707222.346777, sdrt-health/mac:02010b41cdec/antenna/tag/e2806894000050038662194f, 83
1652707222.347017, sdrt-health/mac:02010b41cdec/antenna/tag/e2806894000050038662154f, 85
1652707222.360429, sdrt-health/mac:02010b41cdec/antenna/tag/e2806894000050038661fd4f, 83
1652707222.462896, sdrt-health/mac:02010b41cdec/antenna/tag/e28068940000400386621d4f, 96
1652707222.586716, sdrt-health/mac:02010b41cdec/antenna/tag/e2806894000040038662114f, 85
1652707222.58703, sdrt-health/mac:02010b41cdec/antenna/tag/e2806894000050038662154f, 91
1652707222.587168, sdrt-health/mac:02010b41cdec/antenna/tag/e2806894000050038662154f, 88
1652707222.587258, sdrt-health/mac:02010b41cdec/antenna/tag/e2806894000050038662154f, 88
1652707222.600122, sdrt-health/mac:02010b41cdec/antenna/tag/e2806894000050038662194f, 81
1652707222.673228, sdrt-health/mac:02010b41cdec/antenna/tag/e2806894000040038662114f, 85
1652707222.825858, sdrt-health/mac:02010b41cdec/antenna/tag/e28068940000500386620d4f, 87
1652707222.826299, sdrt-health/mac:02010b41cdec/antenna/tag/e2806894000050038661fd4f, 86
1652707222.826669, sdrt-health/mac:02010b41cdec/antenna/tag/e2806894000040038662114f, 88
1652707222.8579, sdrt-health/mac:02010b41cdec/antenna/tag/e28068940000500386620d4f, 88
1652707222.858374, sdrt-health/mac:02010b41cdec/antenna/tag/e2806894000040038662114f, 91
1652707222.858922, sdrt-health/mac:02010b41cdec/antenna/tag/e28068940000400386621d4f, 90
1652707222.859269, sdrt-health/mac:02010b41cdec/antenna/tag/e2806894000040038662054f, 88
1652707222.85958, sdrt-health/mac:02010b41cdec/antenna/tag/e2806894000050038662154f, 97
1652707222.859821, sdrt-health/mac:02010b41cdec/antenna/tag/e28068940000400386621d4f, 77
1652707222.983177, sdrt-health/mac:02010b41cdec/antenna/tag/e2806894000040038662114f, 88
1652707222.98365, sdrt-health/mac:02010b41cdec/antenna/tag/e2806894000050038662194f, 83
1652707222.984027, sdrt-health/mac:02010b41cdec/antenna/tag/e2806894000050038662194f, 83
1652707222.984399, sdrt-health/mac:02010b41cdec/antenna/tag/e28068940000400386621d4f, 96
1652707222.988803, sdrt-health/mac:02010b41cdec/antenna/tag/e2806894000050038661fd4f, 83
1652707223.095117, sdrt-health/mac:02010b41cdec/antenna/tag/e2806894000040038662054f, 83
1652707223.557348, sdrt-health/mac:02010b41cdec/antenna/tag/e2806894000050038661fd4f, 86
1652707223.557876, sdrt-health/mac:02010b41cdec/antenna/tag/e28068940000500386620d4f, 87
1652707223.558324, sdrt-health/mac:02010b41cdec/antenna/tag/e2806894000050038662154f, 91
1652707223.558833, sdrt-health/mac:02010b41cdec/antenna/tag/e2806894000050038661fd4f, 83
1652707223.559276, sdrt-health/mac:02010b41cdec/antenna/tag/e28068940000500386620d4f, 87
1652707223.621595, sdrt-health/mac:02010b41cdec/antenna/tag/e2806894000040038662114f, 88
1652707223.62208, sdrt-health/mac:02010b41cdec/antenna/tag/e2806894000040038662114f, 88
1652707223.699479, sdrt-health/mac:02010b41cdec/antenna/tag/e2806894000050038661fd4f, 86
1652707223.699943, sdrt-health/mac:02010b41cdec/antenna/tag/e2806894000050038661fd4f, 86
1652707223.700288, sdrt-health/mac:02010b41cdec/antenna/tag/e2806894000050038662194f, 81
1652707223.700611, sdrt-health/mac:02010b41cdec/antenna/tag/e2806894000040038662054f, 94
1652707223.700925, sdrt-health/mac:02010b41cdec/antenna/tag/e2806894000050038662154f, 88
1652707223.701237, sdrt-health/mac:02010b41cdec/antenna/tag/e28068940000400386621d4f, 96
1652707223.701616, sdrt-health/mac:02010b41cdec/antenna/tag/e2806894000050038661fd4f, 86
1652707223.701978, sdrt-health/mac:02010b41cdec/antenna/tag/e28068940000400386621d4f, 96
1652707223.820819, sdrt-health/mac:02010b41cdec/antenna/tag/e28068940000500386620d4f, 87
1652707223.82129, sdrt-health/mac:02010b41cdec/antenna/tag/e28068940000400386621d4f, 96
1652707223.94565, sdrt-health/mac:02010b41cdec/antenna/tag/e28068940000400386621d4f, 96
1652707223.946148, sdrt-health/mac:02010b41cdec/antenna/tag/e2806894000050038661fd4f, 86
1652707223.946565, sdrt-health/mac:02010b41cdec/antenna/tag/e2806894000050038661fd4f, 83
1652707223.946987, sdrt-health/mac:02010b41cdec/antenna/tag/e2806894000050038662154f, 88
1652707224.069868, sdrt-health/mac:02010b41cdec/antenna/tag/e2806894000040038662114f, 88
1652707224.070321, sdrt-health/mac:02010b41cdec/antenna/tag/e2806894000050038661fd4f, 86
1652707224.07071, sdrt-health/mac:02010b41cdec/antenna/tag/e2806894000040038662054f, 88
1652707224.071022, sdrt-health/mac:02010b41cdec/antenna/tag/e2806894000040038662114f, 88
1652707224.138155, sdrt-health/mac:02010b41cdec/antenna/tag/e2806894000040038661f94f, 94
1652707224.311515, sdrt-health/mac:02010b41cdec/antenna/tag/e2806894000040038662214f, 81
1652707224.312134, sdrt-health/mac:02010b41cdec/antenna/tag/e28068940000500386620d4f, 83
1652707224.312558, sdrt-health/mac:02010b41cdec/antenna/tag/e2806894000040038662114f, 91
1652707224.31296, sdrt-health/mac:02010b41cdec/antenna/tag/e28068940000400386621d4f, 90
1652707224.353454, sdrt-health/mac:02010b41cdec/antenna/tag/e28068940000400386621d4f, 96
1652707224.353922, sdrt-health/mac:02010b41cdec/antenna/tag/e2806894000050038661fd4f, 83
1652707224.354277, sdrt-health/mac:02010b41cdec/antenna/tag/e2806894000040038662114f, 88
1652707224.354588, sdrt-health/mac:02010b41cdec/antenna/tag/e28068940000400386621d4f, 96
1652707224.35492, sdrt-health/mac:02010b41cdec/antenna/tag/e28068940000400386621d4f, 90
1652707224.355452, sdrt-health/mac:02010b41cdec/antenna/tag/e2806894000040038662114f, 91
1652707224.355879, sdrt-health/mac:02010b41cdec/antenna/tag/e28068940000500386620d4f, 81
1652707224.356343, sdrt-health/mac:02010b41cdec/antenna/tag/e2806894000040038662054f, 88
1652707224.442443, sdrt-health/mac:02010b41cdec/antenna/tag/e28068940000500386620d4f, 84
1652707224.606796, sdrt-health/mac:02010b41cdec/antenna/tag/e2806894000040038662114f, 91
1652707224.607302, sdrt-health/mac:02010b41cdec/antenna/tag/e28068940000500386620d4f, 88
1652707224.646303, sdrt-health/mac:02010b41cdec/antenna/tag/e28068940000400386621d4f, 96
1652707224.646875, sdrt-health/mac:02010b41cdec/antenna/tag/e2806894000050038662154f, 88
1652707224.64731, sdrt-health/mac:02010b41cdec/antenna/tag/e2806894000040038662054f, 84
1652707224.737802, sdrt-health/mac:02010b41cdec/antenna/tag/e2806894000050038662194f, 103
1652707224.738266, sdrt-health/mac:02010b41cdec/antenna/tag/e28068940000500386620d4f, 83
1652707224.7386, sdrt-health/mac:02010b41cdec/antenna/tag/e2806894000040038662214f, 81
1652707224.738977, sdrt-health/mac:02010b41cdec/antenna/tag/e2806894000040038662114f, 88
1652707224.80026, sdrt-health/mac:02010b41cdec/antenna/tag/e2806894000050038661fd4f, 83
1652707224.800779, sdrt-health/mac:02010b41cdec/antenna/tag/e28068940000400386621d4f, 96
1652707224.866227, sdrt-health/mac:02010b41cdec/antenna/tag/e2806894000040038662114f, 91
1652707224.866791, sdrt-health/mac:02010b41cdec/antenna/tag/e28068940000500386620d4f, 93
1652707224.867331, sdrt-health/mac:02010b41cdec/antenna/tag/e2806894000050038662154f, 88
1652707224.943336, sdrt-health/mac:02010b41cdec/antenna/tag/e2806894000040038662114f, 88
1652707224.943804, sdrt-health/mac:02010b41cdec/antenna/tag/e2806894000050038661fd4f, 83
1652707224.944174, sdrt-health/mac:02010b41cdec/antenna/tag/e28068940000400386621d4f, 77
1652707224.944512, sdrt-health/mac:02010b41cdec/antenna/tag/e2806894000050038661fd4f, 83
1652707225.017919, sdrt-health/mac:02010b41cdec/antenna/tag/e2806894000050038661fd4f, 86
1652707225.018416, sdrt-health/mac:02010b41cdec/antenna/tag/e2806894000050038661fd4f, 86
1652707225.045114, sdrt-health/mac:02010b41cdec/antenna/tag/e2806894000050038662194f, 88
1652707225.045621, sdrt-health/mac:02010b41cdec/antenna/tag/e2806894000050038662194f, 94
1652707225.045956, sdrt-health/mac:02010b41cdec/antenna/tag/e2806894000050038661fd4f, 83
1652707225.081058, sdrt-health/mac:02010b41cdec/antenna/tag/e2806894000050038662154f, 91
1652707225.106401, sdrt-health/mac:02010b41cdec/antenna/tag/e2806894000050038662154f, 91
1652707225.439961, sdrt-health/mac:02010b41cdec/antenna/tag/e2806894000040038662114f, 88
1652707225.440541, sdrt-health/mac:02010b41cdec/antenna/tag/scan, scan stopped
