1652707123.143621, sdrt-health/mac:02010b41cdec/antenna/power/set, {"power": 300}
1652707124.197245, sdrt-health/mac:02010b41cdec/antenna/power/set, 
1652707128.163662, sdrt-health/mac:02010b41cdec/antenna/tag/scan, {"time": 20000}
1652707128.503856, sdrt-health/mac:02010b41cdec/antenna/tag/e2806894000050038661fd4f, 83
1652707128.557057, sdrt-health/mac:02010b41cdec/antenna/tag/e28068940000500386620d4f, 93
1652707128.586399, sdrt-health/mac:02010b41cdec/antenna/tag/e2806894000040038662054f, 83
1652707128.586774, sdrt-health/mac:02010b41cdec/antenna/tag/e28068940000500386620d4f, 87
1652707128.601605, sdrt-health/mac:02010b41cdec/antenna/tag/e2806894000050038661fd4f, 83
1652707128.601825, sdrt-health/mac:02010b41cdec/antenna/tag/e28068940000400386621d4f, 96
1652707128.601966, sdrt-health/mac:02010b41cdec/antenna/tag/e2806894000050038661fd4f, 83
1652707128.659041, sdrt-health/mac:02010b41cdec/antenna/tag/e2806894000040038662054f, 82
1652707128.722893, sdrt-health/mac:02010b41cdec/antenna/tag/e2806894000040038662114f, 88
1652707128.72336, sdrt-health/mac:02010b41cdec/antenna/tag/e2806894000040038662214f, 81
1652707128.748617, sdrt-health/mac:02010b41cdec/antenna/tag/e2806894000040038662114f, 85
1652707128.777061, sdrt-health/mac:02010b41cdec/antenna/tag/e2806894000050038662194f, 83
1652707128.7774, sdrt-health/mac:02010b41cdec/antenna/tag/e2806894000040038662054f, 84
1652707128.791318, sdrt-health/mac:02010b41cdec/antenna/tag/e28068940000400386621d4f, 96
1652707128.791704, sdrt-health/mac:02010b41cdec/antenna/tag/e2806894000050038662154f, 91
1652707128.829253, sdrt-health/mac:02010b41cdec/antenna/tag/e28068940000400386621d4f, 96
1652707128.867944, sdrt-health/mac:02010b41cdec/antenna/tag/e2806894000050038662154f, 91
1652707128.916268, sdrt-health/mac:02010b41cdec/antenna/tag/e2806894000040038662114f, 88
1652707128.981034, sdrt-health/mac:02010b41cdec/antenna/tag/e28068940000400386621d4f, 96
1652707128.981518, sdrt-health/mac:02010b41cdec/antenna/tag/e28068940000400386621d4f, 96
1652707128.995043, sdrt-health/mac:02010b41cdec/antenna/tag/e2806894000050038662154f, 88
1652707129.008916, sdrt-health/mac:02010b41cdec/antenna/tag/e2806894000040038662114f, 88
1652707129.045916, sdrt-health/mac:02010b41cdec/antenna/tag/e2806894000050038662154f, 88
1652707129.283872, sdrt-health/mac:02010b41cdec/antenna/tag/e2806894000050038661fd4f, 86
1652707129.291223, sdrt-health/mac:02010b41cdec/antenna/tag/e2806894000050038662154f, 88
1652707129.428297, sdrt-health/mac:02010b41cdec/antenna/tag/e28068940000400386621d4f, 96
1652707129.428777, sdrt-health/mac:02010b41cdec/antenna/tag/e2806894000050038662154f, 97
1652707129.442412, sdrt-health/mac:02010b41cdec/antenna/tag/e2806894000050038662194f, 94
1652707129.442931, sdrt-health/mac:02010b41cdec/antenna/tag/e2806894000040038662054f, 81
1652707129.443254, sdrt-health/mac:02010b41cdec/antenna/tag/e28068940000500386620d4f, 87
1652707129.443528, sdrt-health/mac:02010b41cdec/antenna/tag/e2806894000040038662054f, 88
1652707129.444135, sdrt-health/mac:02010b41cdec/antenna/tag/e2806894000050038662154f, 88
1652707129.444602, sdrt-health/mac:02010b41cdec/antenna/tag/e2806894000050038661fd4f, 83
1652707129.444971, sdrt-health/mac:02010b41cdec/antenna/tag/e2806894000040038662054f, 81
1652707129.445216, sdrt-health/mac:02010b41cdec/antenna/tag/e2806894000040038662054f, 88
1652707129.445431, sdrt-health/mac:02010b41cdec/antenna/tag/e28068940000400386621d4f, 77
1652707129.46795, sdrt-health/mac:02010b41cdec/antenna/tag/e28068940000500386620d4f, 87
1652707129.50164, sdrt-health/mac:02010b41cdec/antenna/tag/e2806894000050038662194f, 83
1652707129.50192, sdrt-health/mac:02010b41cdec/antenna/tag/e2806894000040038662114f, 85
1652707129.517084, sdrt-health/mac:02010b41cdec/antenna/tag/e28068940000500386620d4f, 93
1652707129.517313, sdrt-health/mac:02010b41cdec/antenna/tag/e2806894000040038662114f, 91
1652707129.559158, sdrt-health/mac:02010b41cdec/antenna/tag/e2806894000050038662194f, 81
1652707129.688238, sdrt-health/mac:02010b41cdec/antenna/tag/e28068940000500386620d4f, 93
1652707129.737487, sdrt-health/mac:02010b41cdec/antenna/tag/e2806894000040038662054f, 94
1652707129.793069, sdrt-health/mac:02010b41cdec/antenna/tag/e28068940000500386620d4f, 87
1652707129.793537, sdrt-health/mac:02010b41cdec/antenna/tag/e2806894000040038662054f, 87
1652707129.80784, sdrt-health/mac:02010b41cdec/antenna/tag/e2806894000050038662154f, 88
1652707129.817703, sdrt-health/mac:02010b41cdec/antenna/tag/e2806894000050038662154f, 88
1652707129.859107, sdrt-health/mac:02010b41cdec/antenna/tag/e28068940000400386621d4f, 96
1652707129.914948, sdrt-health/mac:02010b41cdec/antenna/tag/e2806894000050038661fd4f, 86
1652707129.915514, sdrt-health/mac:02010b41cdec/antenna/tag/e28068940000400386621d4f, 96
1652707129.93818, sdrt-health/mac:02010b41cdec/antenna/tag/e2806894000040038661f94f, 81
1652707129.994799, sdrt-health/mac:02010b41cdec/antenna/tag/e2806894000050038662154f, 91
1652707130.025891, sdrt-health/mac:02010b41cdec/antenna/tag/e28068940000400386621d4f, 96
1652707130.026134, sdrt-health/mac:02010b41cdec/antenna/tag/e2806894000040038661f94f, 81
1652707130.040422, sdrt-health/mac:02010b41cdec/antenna/tag/e2806894000050038662154f, 97
1652707130.088251, sdrt-health/mac:02010b41cdec/antenna/tag/e2806894000050038662154f, 88
1652707130.12966, sdrt-health/mac:02010b41cdec/antenna/tag/e28068940000500386620d4f, 85
1652707130.158906, sdrt-health/mac:02010b41cdec/antenna/tag/e2806894000050038661fd4f, 86
1652707130.159279, sdrt-health/mac:02010b41cdec/antenna/tag/e2806894000050038662154f, 88
1652707130.159515, sdrt-health/mac:02010b41cdec/antenna/tag/e28068940000400386621d4f, 90
1652707130.173309, sdrt-health/mac:02010b41cdec/antenna/tag/e2806894000040038662114f, 88
1652707130.17351, sdrt-health/mac:02010b41cdec/antenna/tag/e2806894000050038661fd4f, 86
1652707130.218905, sdrt-health/mac:02010b41cdec/antenna/tag/e2806894000040038662114f, 88
1652707130.25882, sdrt-health/mac:02010b41cdec/antenna/tag/e28068940000500386620d4f, 83
1652707130.313691, sdrt-health/mac:02010b41cdec/antenna/tag/e2806894000040038662214f, 83
1652707130.314256, sdrt-health/mac:02010b41cdec/antenna/tag/e2806894000050038662154f, 88
1652707130.337345, sdrt-health/mac:02010b41cdec/antenna/tag/e28068940000400386621d4f, 96
1652707130.393579, sdrt-health/mac:02010b41cdec/antenna/tag/e2806894000040038662114f, 88
1652707130.394132, sdrt-health/mac:02010b41cdec/antenna/tag/e2806894000050038662154f, 88
1652707130.434772, sdrt-health/mac:02010b41cdec/antenna/tag/e2806894000050038662154f, 91
1652707130.493984, sdrt-health/mac:02010b41cdec/antenna/tag/e2806894000040038662114f, 88
1652707130.494488, sdrt-health/mac:02010b41cdec/antenna/tag/e2806894000040038662114f, 91
1652707130.527979, sdrt-health/mac:02010b41cdec/antenna/tag/e2806894000050038662194f, 88
1652707130.612487, sdrt-health/mac:02010b41cdec/antenna/tag/e2806894000040038662114f, 91
1652707130.613003, sdrt-health/mac:02010b41cdec/antenna/tag/e2806894000050038662194f, 94
1652707130.649536, sdrt-health/mac:02010b41cdec/antenna/tag/e2806894000040038662114f, 91
1652707130.710918, sdrt-health/mac:02010b41cdec/antenna/tag/e2806894000050038662154f, 88
1652707130.71141, sdrt-health/mac:02010b41cdec/antenna/tag/e2806894000040038662114f, 88
1652707130.747461, sdrt-health/mac:02010b41cdec/antenna/state, connected
1652707130.748103, sdrt-health/mac:02010b41cdec/fw, {"version":"1.8.1","model":"200","hash":"2f556501b58f1dad542af428d7928d18","timestamp":1652707127}
1652707130.763198, sdrt-health/mac:02010b41cdec/antenna/tag/e2806894000040038662114f, 88
1652707130.763606, sdrt-health/mac:02010b41cdec/antenna/tag/e2806894000050038661fd4f, 83
1652707130.789119, sdrt-health/mac:02010b41cdec/antenna/tag/e2806894000040038662054f, 84
1652707130.853634, sdrt-health/mac:02010b41cdec/antenna/tag/e2806894000050038662194f, 97
1652707130.854144, sdrt-health/mac:02010b41cdec/antenna/tag/e2806894000050038661fd4f, 86
1652707130.913048, sdrt-health/mac:02010b41cdec/antenna/tag/e2806894000040038662114f, 88
1652707130.948527, sdrt-health/mac:02010b41cdec/antenna/tag/e2806894000050038662154f, 91
1652707131.002004, sdrt-health/mac:02010b41cdec/antenna/version, hPbO
1652707131.038264, sdrt-health/mac:02010b41cdec/antenna/tag/e28068940000500386620d4f, 93
1652707131.041835, sdrt-health/mac:02010b41cdec/antenna/tag/e2806894000040038662114f, 88
1652707131.079603, sdrt-health/mac:02010b41cdec/antenna/tag/e2806894000050038662194f, 81
1652707131.133805, sdrt-health/mac:02010b41cdec/antenna/tag/e2806894000050038661fd4f, 86
1652707131.134267, sdrt-health/mac:02010b41cdec/antenna/tag/e2806894000050038661fd4f, 86
1652707131.149549, sdrt-health/mac:02010b41cdec/antenna/tag/e2806894000050038662194f, 82
1652707131.168172, sdrt-health/mac:02010b41cdec/antenna/tag/e28068940000400386621d4f, 77
1652707131.208992, sdrt-health/mac:02010b41cdec/antenna/tag/e2806894000050038661fd4f, 86
1652707131.274566, sdrt-health/mac:02010b41cdec/antenna/tag/e2806894000040038662114f, 88
1652707131.27508, sdrt-health/mac:02010b41cdec/antenna/tag/e2806894000050038662154f, 91
1652707131.289378, sdrt-health/mac:02010b41cdec/antenna/tag/e28068940000500386620d4f, 83
1652707131.309202, sdrt-health/mac:02010b41cdec/antenna/tag/e2806894000040038662114f, 88
1652707131.376083, sdrt-health/mac:02010b41cdec/antenna/tag/e28068940000500386620d4f, 83
1652707131.376642, sdrt-health/mac:02010b41cdec/antenna/tag/e28068940000400386621d4f, 96
1652707131.404896, sdrt-health/mac:02010b41cdec/antenna/tag/e2806894000050038661fd4f, 90
1652707131.4057, sdrt-health/mac:02010b41cdec/antenna/tag/e2806894000040038662114f, 88
1652707131.44963, sdrt-health/mac:02010b41cdec/antenna/tag/e2806894000050038661fd4f, 86
1652707131.522963, sdrt-health/mac:02010b41cdec/antenna/tag/e2806894000040038662054f, 81
1652707131.523565, sdrt-health/mac:02010b41cdec/antenna/tag/e28068940000500386620d4f, 87
1652707131.523997, sdrt-health/mac:02010b41cdec/antenna/tag/e2806894000050038662154f, 91
1652707131.555721, sdrt-health/mac:02010b41cdec/antenna/tag/e2806894000040038662114f, 88
1652707131.556179, sdrt-health/mac:02010b41cdec/antenna/tag/e2806894000040038662054f, 83
1652707131.556426, sdrt-health/mac:02010b41cdec/antenna/tag/e2806894000040038662114f, 91
1652707131.598492, sdrt-health/mac:02010b41cdec/antenna/tag/e2806894000040038662054f, 84
1652707131.653508, sdrt-health/mac:02010b41cdec/antenna/tag/e28068940000400386621d4f, 96
1652707131.654046, sdrt-health/mac:02010b41cdec/antenna/tag/e2806894000050038662154f, 88
1652707131.679142, sdrt-health/mac:02010b41cdec/antenna/tag/e2806894000050038662154f, 91
1652707131.729043, sdrt-health/mac:02010b41cdec/antenna/tag/e2806894000040038662214f, 84
1652707131.824289, sdrt-health/mac:02010b41cdec/antenna/tag/e28068940000500386620d4f, 88
1652707131.824881, sdrt-health/mac:02010b41cdec/antenna/tag/e2806894000040038662114f, 88
1652707131.848633, sdrt-health/mac:02010b41cdec/antenna/tag/e28068940000500386620d4f, 83
1652707131.88822, sdrt-health/mac:02010b41cdec/antenna/tag/e28068940000400386621d4f, 90
1652707131.946841, sdrt-health/mac:02010b41cdec/antenna/tag/e2806894000050038662154f, 91
1652707132.011727, sdrt-health/mac:02010b41cdec/antenna/tag/e28068940000400386621d4f, 96
1652707132.012288, sdrt-health/mac:02010b41cdec/antenna/tag/e2806894000050038662154f, 91
1652707132.026969, sdrt-health/mac:02010b41cdec/antenna/tag/e28068940000500386620d4f, 87
1652707132.027591, sdrt-health/mac:02010b41cdec/antenna/tag/e2806894000040038662054f, 81
1652707132.053699, sdrt-health/mac:02010b41cdec/antenna/tag/e28068940000500386620d4f, 87
1652707132.113601, sdrt-health/mac:02010b41cdec/antenna/tag/e2806894000050038662194f, 84
1652707132.114131, sdrt-health/mac:02010b41cdec/antenna/tag/e2806894000050038662154f, 85
1652707132.128856, sdrt-health/mac:02010b41cdec/antenna/tag/e2806894000050038661fd4f, 83
1652707132.129375, sdrt-health/mac:02010b41cdec/antenna/tag/e2806894000050038662154f, 88
1652707132.168833, sdrt-health/mac:02010b41cdec/antenna/tag/e2806894000040038662114f, 88
1652707132.208307, sdrt-health/mac:02010b41cdec/antenna/tag/e28068940000500386620d4f, 81
1652707132.279375, sdrt-health/mac:02010b41cdec/antenna/tag/e2806894000040038662214f, 81
1652707132.279847, sdrt-health/mac:02010b41cdec/antenna/tag/e28068940000500386620d4f, 83
1652707132.29457, sdrt-health/mac:02010b41cdec/antenna/tag/e2806894000040038662114f, 85
1652707132.294895, sdrt-health/mac:02010b41cdec/antenna/tag/e2806894000050038661fd4f, 83
1652707132.308739, sdrt-health/mac:02010b41cdec/antenna/tag/e2806894000050038662154f, 88
1652707132.360028, sdrt-health/mac:02010b41cdec/antenna/tag/e2806894000050038661fd4f, 83
1652707132.39956, sdrt-health/mac:02010b41cdec/antenna/tag/e2806894000050038662194f, 88
1652707132.462513, sdrt-health/mac:02010b41cdec/antenna/tag/e2806894000040038661f94f, 81
1652707132.463088, sdrt-health/mac:02010b41cdec/antenna/tag/e2806894000050038662154f, 88
1652707132.477993, sdrt-health/mac:02010b41cdec/antenna/tag/e2806894000040038662114f, 88
1652707132.48793, sdrt-health/mac:02010b41cdec/antenna/tag/e2806894000050038661fd4f, 86
1652707132.547488, sdrt-health/mac:02010b41cdec/antenna/tag/e2806894000040038662114f, 91
1652707132.596927, sdrt-health/mac:02010b41cdec/antenna/tag/e2806894000050038661fd4f, 86
1652707132.65295, sdrt-health/mac:02010b41cdec/antenna/tag/e2806894000040038662114f, 91
1652707132.653469, sdrt-health/mac:02010b41cdec/antenna/tag/e2806894000050038662154f, 88
1652707132.679769, sdrt-health/mac:02010b41cdec/antenna/tag/e28068940000500386620d4f, 94
1652707132.732672, sdrt-health/mac:02010b41cdec/antenna/tag/e2806894000050038662154f, 85
1652707132.733134, sdrt-health/mac:02010b41cdec/antenna/tag/e2806894000050038662154f, 85
1652707132.748192, sdrt-health/mac:02010b41cdec/antenna/tag/e2806894000050038661fd4f, 83
1652707132.765543, sdrt-health/mac:02010b41cdec/antenna/tag/e28068940000500386620d4f, 81
1652707132.797016, sdrt-health/mac:02010b41cdec/antenna/tag/e2806894000050038662194f, 81
1652707132.797216, sdrt-health/mac:02010b41cdec/antenna/tag/e28068940000400386621d4f, 77
1652707132.81159, sdrt-health/mac:02010b41cdec/antenna/tag/e2806894000050038661fd4f, 86
1652707132.811839, sdrt-health/mac:02010b41cdec/antenna/tag/e2806894000050038662154f, 97
1652707132.859382, sdrt-health/mac:02010b41cdec/antenna/tag/e2806894000040038662114f, 88
1652707132.909205, sdrt-health/mac:02010b41cdec/antenna/tag/e2806894000050038662154f, 91
1652707132.949449, sdrt-health/mac:02010b41cdec/antenna/tag/e2806894000040038662054f, 81
1652707133.00398, sdrt-health/mac:02010b41cdec/antenna/tag/e2806894000050038661fd4f, 86
1652707133.004495, sdrt-health/mac:02010b41cdec/antenna/tag/e2806894000050038661fd4f, 86
1652707133.020291, sdrt-health/mac:02010b41cdec/antenna/tag/e2806894000040038662114f, 85
1652707133.020835, sdrt-health/mac:02010b41cdec/antenna/tag/e28068940000400386621d4f, 96
1652707133.029214, sdrt-health/mac:02010b41cdec/antenna/tag/e2806894000050038661fd4f, 86
1652707133.067117, sdrt-health/mac:02010b41cdec/antenna/tag/e2806894000040038662114f, 88
1652707133.108161, sdrt-health/mac:02010b41cdec/antenna/tag/e28068940000400386621d4f, 96
1652707133.149324, sdrt-health/mac:02010b41cdec/antenna/tag/e2806894000050038662194f, 83
1652707133.18914, sdrt-health/mac:02010b41cdec/antenna/tag/e2806894000040038662114f, 88
1652707133.227849, sdrt-health/mac:02010b41cdec/antenna/tag/e2806894000050038662154f, 97
1652707133.268195, sdrt-health/mac:02010b41cdec/antenna/tag/e2806894000050038662194f, 83
1652707133.339666, sdrt-health/mac:02010b41cdec/antenna/tag/e2806894000050038661fd4f, 83
1652707133.379647, sdrt-health/mac:02010b41cdec/antenna/tag/e28068940000400386621d4f, 77
1652707133.418295, sdrt-health/mac:02010b41cdec/antenna/tag/e28068940000400386621d4f, 77
1652707133.493851, sdrt-health/mac:02010b41cdec/antenna/tag/e2806894000040038662054f, 84
1652707133.494391, sdrt-health/mac:02010b41cdec/antenna/tag/e2806894000050038661fd4f, 83
1652707133.527495, sdrt-health/mac:02010b41cdec/antenna/tag/e2806894000050038662154f, 85
1652707133.556657, sdrt-health/mac:02010b41cdec/antenna/tag/e2806894000050038662194f, 84
1652707133.556939, sdrt-health/mac:02010b41cdec/antenna/tag/e2806894000040038662054f, 82
1652707133.571731, sdrt-health/mac:02010b41cdec/antenna/tag/e28068940000400386621d4f, 77
1652707133.618302, sdrt-health/mac:02010b41cdec/antenna/tag/e2806894000040038662214f, 84
1652707133.680825, sdrt-health/mac:02010b41cdec/antenna/tag/e2806894000050038662194f, 88
1652707133.682661, sdrt-health/mac:02010b41cdec/antenna/tag/e28068940000500386620d4f, 83
1652707133.699247, sdrt-health/mac:02010b41cdec/antenna/tag/e2806894000040038662214f, 88
1652707133.708822, sdrt-health/mac:02010b41cdec/antenna/tag/e28068940000400386621d4f, 77
1652707133.757398, sdrt-health/mac:02010b41cdec/antenna/tag/e2806894000040038662114f, 88
1652707133.797124, sdrt-health/mac:02010b41cdec/antenna/tag/e28068940000400386621d4f, 77
1652707133.79796, sdrt-health/mac:02010b41cdec/antenna/tag/e2806894000040038662114f, 88
1652707133.798368, sdrt-health/mac:02010b41cdec/antenna/tag/e2806894000040038662114f, 88
1652707133.905405, sdrt-health/mac:02010b41cdec/antenna/tag/e2806894000050038662194f, 94
1652707133.968093, sdrt-health/mac:02010b41cdec/antenna/tag/e28068940000500386620d4f, 81
1652707134.009203, sdrt-health/mac:02010b41cdec/antenna/tag/e2806894000050038661fd4f, 86
1652707134.071959, sdrt-health/mac:02010b41cdec/antenna/tag/e28068940000400386621d4f, 96
1652707134.072421, sdrt-health/mac:02010b41cdec/antenna/tag/e2806894000050038662154f, 88
1652707134.086676, sdrt-health/mac:02010b41cdec/antenna/tag/e2806894000050038662154f, 88
1652707134.098778, sdrt-health/mac:02010b41cdec/antenna/tag/e28068940000500386620d4f, 84
1652707134.157554, sdrt-health/mac:02010b41cdec/antenna/tag/e2806894000040038662114f, 91
1652707134.214459, sdrt-health/mac:02010b41cdec/antenna/tag/e2806894000050038662154f, 91
1652707134.214927, sdrt-health/mac:02010b41cdec/antenna/tag/e2806894000050038662154f, 88
1652707134.229387, sdrt-health/mac:02010b41cdec/antenna/tag/e28068940000400386621d4f, 90
1652707134.263054, sdrt-health/mac:02010b41cdec/antenna/tag/e28068940000400386621d4f, 96
1652707134.263493, sdrt-health/mac:02010b41cdec/antenna/tag/e28068940000400386621d4f, 77
1652707134.276643, sdrt-health/mac:02010b41cdec/antenna/tag/e2806894000050038662194f, 94
1652707134.305701, sdrt-health/mac:02010b41cdec/antenna/tag/e2806894000040038662114f, 85
1652707134.33545, sdrt-health/mac:02010b41cdec/antenna/tag/e2806894000050038661fd4f, 86
1652707134.335721, sdrt-health/mac:02010b41cdec/antenna/tag/e2806894000050038662154f, 88
1652707134.351132, sdrt-health/mac:02010b41cdec/antenna/tag/e2806894000050038662194f, 81
1652707134.389112, sdrt-health/mac:02010b41cdec/antenna/tag/e2806894000050038662154f, 88
1652707134.436654, sdrt-health/mac:02010b41cdec/antenna/tag/e2806894000050038662154f, 88
1652707134.494875, sdrt-health/mac:02010b41cdec/antenna/tag/e2806894000040038662114f, 88
1652707134.495393, sdrt-health/mac:02010b41cdec/antenna/tag/e28068940000400386621d4f, 90
1652707134.509953, sdrt-health/mac:02010b41cdec/antenna/tag/e2806894000050038661fd4f, 86
1652707134.529741, sdrt-health/mac:02010b41cdec/antenna/tag/e28068940000400386621d4f, 96
1652707134.596602, sdrt-health/mac:02010b41cdec/antenna/tag/e2806894000040038662054f, 81
1652707134.597102, sdrt-health/mac:02010b41cdec/antenna/tag/e28068940000400386621d4f, 90
1652707134.621049, sdrt-health/mac:02010b41cdec/antenna/tag/e2806894000040038662054f, 81
1652707134.668236, sdrt-health/mac:02010b41cdec/antenna/tag/e2806894000050038661fd4f, 83
1652707134.709986, sdrt-health/mac:02010b41cdec/antenna/tag/e2806894000040038662114f, 85
1652707134.774372, sdrt-health/mac:02010b41cdec/antenna/tag/e28068940000400386621d4f, 77
1652707134.774677, sdrt-health/mac:02010b41cdec/antenna/tag/e2806894000050038662154f, 88
1652707134.808119, sdrt-health/mac:02010b41cdec/antenna/tag/e2806894000040038662114f, 85
1652707134.848891, sdrt-health/mac:02010b41cdec/antenna/tag/e2806894000050038662194f, 83
1652707134.895268, sdrt-health/mac:02010b41cdec/antenna/tag/e2806894000050038661fd4f, 83
1652707134.957249, sdrt-health/mac:02010b41cdec/antenna/tag/e28068940000400386621d4f, 77
1652707134.957673, sdrt-health/mac:02010b41cdec/antenna/tag/e2806894000050038662154f, 85
1652707134.972412, sdrt-health/mac:02010b41cdec/antenna/tag/e28068940000500386620d4f, 81
1652707134.989487, sdrt-health/mac:02010b41cdec/antenna/tag/e2806894000040038662114f, 85
1652707135.041878, sdrt-health/mac:02010b41cdec/antenna/tag/e28068940000400386621d4f, 96
1652707135.104977, sdrt-health/mac:02010b41cdec/antenna/tag/e28068940000500386620d4f, 83
1652707135.105488, sdrt-health/mac:02010b41cdec/antenna/tag/e2806894000050038661fd4f, 83
1652707135.121101, sdrt-health/mac:02010b41cdec/antenna/tag/e28068940000400386621d4f, 96
1652707135.121328, sdrt-health/mac:02010b41cdec/antenna/tag/e2806894000040038662114f, 88
1652707135.148476, sdrt-health/mac:02010b41cdec/antenna/tag/e28068940000500386620d4f, 81
1652707135.207622, sdrt-health/mac:02010b41cdec/antenna/tag/e2806894000050038662194f, 83
1652707135.261583, sdrt-health/mac:02010b41cdec/antenna/tag/e2806894000040038662114f, 85
1652707135.262159, sdrt-health/mac:02010b41cdec/antenna/tag/e2806894000040038662054f, 81
1652707135.277123, sdrt-health/mac:02010b41cdec/antenna/tag/e2806894000040038662114f, 85
1652707135.288157, sdrt-health/mac:02010b41cdec/antenna/tag/e28068940000400386621d4f, 96
1652707135.292278, sdrt-health/mac:02010b41cdec/antenna/tag/e2806894000050038661fd4f, 90
1652707135.327764, sdrt-health/mac:02010b41cdec/antenna/tag/e28068940000500386620d4f, 87
1652707135.422234, sdrt-health/mac:02010b41cdec/antenna/tag/e2806894000050038662154f, 91
1652707135.422791, sdrt-health/mac:02010b41cdec/antenna/tag/e2806894000040038662054f, 88
1652707135.457237, sdrt-health/mac:02010b41cdec/antenna/tag/e2806894000050038662154f, 88
1652707135.506796, sdrt-health/mac:02010b41cdec/antenna/tag/e28068940000400386621d4f, 96
1652707135.564042, sdrt-health/mac:02010b41cdec/antenna/tag/e28068940000500386620d4f, 81
1652707135.564603, sdrt-health/mac:02010b41cdec/antenna/tag/e2806894000050038661fd4f, 86
1652707135.588909, sdrt-health/mac:02010b41cdec/antenna/tag/e2806894000050038662154f, 88
1652707135.62812, sdrt-health/mac:02010b41cdec/antenna/tag/e2806894000050038662154f, 97
1652707135.668671, sdrt-health/mac:02010b41cdec/antenna/tag/e28068940000500386620d4f, 87
1652707135.724614, sdrt-health/mac:02010b41cdec/antenna/tag/e28068940000500386620d4f, 87
1652707135.72508, sdrt-health/mac:02010b41cdec/antenna/tag/e2806894000040038662054f, 94
1652707135.740219, sdrt-health/mac:02010b41cdec/antenna/tag/e2806894000050038662154f, 88
1652707135.759331, sdrt-health/mac:02010b41cdec/antenna/tag/e2806894000050038661fd4f, 83
1652707135.79909, sdrt-health/mac:02010b41cdec/antenna/tag/e2806894000050038661fd4f, 83
1652707135.827637, sdrt-health/mac:02010b41cdec/antenna/tag/e2806894000040038662214f, 81
1652707135.827981, sdrt-health/mac:02010b41cdec/antenna/tag/e28068940000400386621d4f, 96
1652707135.842766, sdrt-health/mac:02010b41cdec/antenna/tag/e2806894000050038661fd4f, 86
1652707135.843171, sdrt-health/mac:02010b41cdec/antenna/tag/e2806894000050038662194f, 84
1652707135.879236, sdrt-health/mac:02010b41cdec/antenna/tag/e2806894000040038662054f, 110
1652707135.879773, sdrt-health/mac:02010b41cdec/antenna/tag/e2806894000050038662154f, 88
1652707135.89468, sdrt-health/mac:02010b41cdec/antenna/tag/e2806894000040038662114f, 88
1652707135.929413, sdrt-health/mac:02010b41cdec/antenna/tag/e2806894000050038661fd4f, 83
1652707135.980911, sdrt-health/mac:02010b41cdec/antenna/tag/e28068940000400386621d4f, 96
1652707136.083651, sdrt-health/mac:02010b41cdec/antenna/tag/e2806894000050038662154f, 91
1652707136.084151, sdrt-health/mac:02010b41cdec/antenna/tag/e28068940000400386621d4f, 96
1652707136.11962, sdrt-health/mac:02010b41cdec/antenna/tag/e28068940000400386621d4f, 96
1652707136.183989, sdrt-health/mac:02010b41cdec/antenna/tag/e2806894000040038662114f, 91
1652707136.184505, sdrt-health/mac:02010b41cdec/antenna/tag/e28068940000400386621d4f, 96
1652707136.207848, sdrt-health/mac:02010b41cdec/antenna/tag/e2806894000040038662114f, 88
1652707136.272478, sdrt-health/mac:02010b41cdec/antenna/tag/e2806894000050038661fd4f, 83
1652707136.272978, sdrt-health/mac:02010b41cdec/antenna/tag/e28068940000400386621d4f, 96
1652707136.286789, sdrt-health/mac:02010b41cdec/antenna/tag/e28068940000500386620d4f, 83
1652707136.299479, sdrt-health/mac:02010b41cdec/antenna/tag/e2806894000050038661fd4f, 83
1652707136.338964, sdrt-health/mac:02010b41cdec/antenna/tag/e2806894000040038661f94f, 88
1652707136.39358, sdrt-health/mac:02010b41cdec/antenna/tag/e2806894000050038661fd4f, 86
1652707136.394104, sdrt-health/mac:02010b41cdec/antenna/tag/e2806894000040038662054f, 88
1652707136.408005, sdrt-health/mac:02010b41cdec/antenna/tag/e2806894000050038662154f, 91
1652707136.428099, sdrt-health/mac:02010b41cdec/antenna/tag/e2806894000050038661fd4f, 90
1652707136.478326, sdrt-health/mac:02010b41cdec/antenna/tag/e2806894000040038661f94f, 94
1652707136.533195, sdrt-health/mac:02010b41cdec/antenna/tag/e2806894000040038662114f, 85
1652707136.533667, sdrt-health/mac:02010b41cdec/antenna/tag/e2806894000050038662154f, 91
1652707136.547521, sdrt-health/mac:02010b41cdec/antenna/tag/e2806894000040038661f94f, 81
1652707136.588715, sdrt-health/mac:02010b41cdec/antenna/tag/e2806894000050038661fd4f, 83
1652707136.629964, sdrt-health/mac:02010b41cdec/antenna/tag/e28068940000400386621d4f, 90
1652707136.678594, sdrt-health/mac:02010b41cdec/antenna/tag/e2806894000050038662154f, 91
1652707136.679166, sdrt-health/mac:02010b41cdec/antenna/tag/e2806894000040038662114f, 88
1652707136.693553, sdrt-health/mac:02010b41cdec/antenna/tag/e2806894000050038662154f, 88
1652707136.743489, sdrt-health/mac:02010b41cdec/antenna/tag/e2806894000050038662154f, 88
1652707136.803262, sdrt-health/mac:02010b41cdec/antenna/tag/e2806894000040038661f94f, 84
1652707136.803605, sdrt-health/mac:02010b41cdec/antenna/tag/e2806894000040038662114f, 88
1652707136.803831, sdrt-health/mac:02010b41cdec/antenna/tag/e2806894000040038662114f, 85
1652707136.878305, sdrt-health/mac:02010b41cdec/antenna/tag/e28068940000500386620d4f, 83
1652707136.973123, sdrt-health/mac:02010b41cdec/antenna/tag/e2806894000040038662114f, 88
1652707137.01771, sdrt-health/mac:02010b41cdec/antenna/tag/e28068940000500386620d4f, 87
1652707137.051285, sdrt-health/mac:02010b41cdec/antenna/tag/e2806894000040038662054f, 81
1652707137.089746, sdrt-health/mac:02010b41cdec/antenna/tag/e2806894000040038662114f, 91
1652707137.173555, sdrt-health/mac:02010b41cdec/antenna/tag/e2806894000040038662114f, 88
1652707137.174058, sdrt-health/mac:02010b41cdec/antenna/tag/e2806894000040038662114f, 91
1652707137.227997, sdrt-health/mac:02010b41cdec/antenna/tag/e28068940000400386621d4f, 96
1652707137.261434, sdrt-health/mac:02010b41cdec/antenna/tag/e28068940000500386620d4f, 84
1652707137.26213, sdrt-health/mac:02010b41cdec/antenna/tag/e28068940000400386621d4f, 96
1652707137.277744, sdrt-health/mac:02010b41cdec/antenna/tag/e2806894000040038662114f, 91
1652707137.278216, sdrt-health/mac:02010b41cdec/antenna/tag/e28068940000500386620d4f, 83
1652707137.278617, sdrt-health/mac:02010b41cdec/antenna/tag/e2806894000050038661fd4f, 86
1652707137.317059, sdrt-health/mac:02010b41cdec/antenna/tag/e28068940000500386620d4f, 87
1652707137.386587, sdrt-health/mac:02010b41cdec/antenna/tag/e2806894000050038662194f, 82
1652707137.387177, sdrt-health/mac:02010b41cdec/antenna/tag/e28068940000400386621d4f, 96
1652707137.426539, sdrt-health/mac:02010b41cdec/antenna/tag/e2806894000040038662114f, 88
1652707137.500792, sdrt-health/mac:02010b41cdec/antenna/tag/e2806894000050038662194f, 81
1652707137.501297, sdrt-health/mac:02010b41cdec/antenna/tag/e2806894000040038662114f, 88
1652707137.529724, sdrt-health/mac:02010b41cdec/antenna/tag/e2806894000040038662114f, 88
1652707137.55943, sdrt-health/mac:02010b41cdec/antenna/tag/e2806894000050038661fd4f, 83
1652707137.559883, sdrt-health/mac:02010b41cdec/antenna/tag/e2806894000050038662194f, 81
1652707137.560198, sdrt-health/mac:02010b41cdec/antenna/tag/e2806894000040038662114f, 85
1652707137.578648, sdrt-health/mac:02010b41cdec/antenna/tag/e28068940000400386621d4f, 77
1652707137.634321, sdrt-health/mac:02010b41cdec/antenna/tag/e2806894000050038662154f, 91
1652707137.63481, sdrt-health/mac:02010b41cdec/antenna/tag/e2806894000050038662154f, 85
1652707137.736309, sdrt-health/mac:02010b41cdec/antenna/tag/e2806894000040038662114f, 88
1652707137.799194, sdrt-health/mac:02010b41cdec/antenna/tag/e2806894000050038661fd4f, 83
1652707137.904238, sdrt-health/mac:02010b41cdec/antenna/tag/e2806894000040038662114f, 88
1652707137.904754, sdrt-health/mac:02010b41cdec/antenna/tag/e2806894000040038662054f, 94
1652707137.936521, sdrt-health/mac:02010b41cdec/antenna/tag/e28068940000400386621d4f, 96
1652707137.965526, sdrt-health/mac:02010b41cdec/antenna/tag/e2806894000050038662154f, 91
1652707137.965932, sdrt-health/mac:02010b41cdec/antenna/tag/e2806894000040038662114f, 91
1652707137.984092, sdrt-health/mac:02010b41cdec/antenna/tag/e28068940000500386620d4f, 87
1652707138.017855, sdrt-health/mac:02010b41cdec/antenna/tag/e2806894000050038662154f, 91
1652707138.073434, sdrt-health/mac:02010b41cdec/antenna/tag/e28068940000400386621d4f, 96
1652707138.073961, sdrt-health/mac:02010b41cdec/antenna/tag/e28068940000500386620d4f, 83
1652707138.099202, sdrt-health/mac:02010b41cdec/antenna/tag/e28068940000400386621d4f, 96
1652707138.153128, sdrt-health/mac:02010b41cdec/antenna/tag/e2806894000040038662114f, 88
1652707138.1535, sdrt-health/mac:02010b41cdec/antenna/tag/e2806894000050038661fd4f, 83
1652707138.187651, sdrt-health/mac:02010b41cdec/antenna/tag/e28068940000400386621d4f, 77
1652707138.242953, sdrt-health/mac:02010b41cdec/antenna/tag/e2806894000040038662054f, 81
1652707138.243423, sdrt-health/mac:02010b41cdec/antenna/tag/e28068940000500386620d4f, 84
1652707138.267853, sdrt-health/mac:02010b41cdec/antenna/tag/e2806894000050038662154f, 91
1652707138.328557, sdrt-health/mac:02010b41cdec/antenna/tag/e28068940000500386620d4f, 87
1652707138.400292, sdrt-health/mac:02010b41cdec/antenna/tag/e2806894000040038662114f, 88
1652707138.438595, sdrt-health/mac:02010b41cdec/antenna/tag/e28068940000500386620d4f, 83
1652707138.478416, sdrt-health/mac:02010b41cdec/antenna/tag/e28068940000500386620d4f, 81
1652707138.533465, sdrt-health/mac:02010b41cdec/antenna/tag/e2806894000040038662114f, 88
1652707138.533991, sdrt-health/mac:02010b41cdec/antenna/tag/e2806894000040038662114f, 85
1652707138.569694, sdrt-health/mac:02010b41cdec/antenna/tag/e28068940000400386621d4f, 77
1652707138.649555, sdrt-health/mac:02010b41cdec/antenna/tag/e28068940000400386621d4f, 77
1652707138.689782, sdrt-health/mac:02010b41cdec/antenna/tag/e28068940000400386621d4f, 77
1652707138.730569, sdrt-health/mac:02010b41cdec/antenna/tag/e2806894000040038662214f, 88
1652707138.784333, sdrt-health/mac:02010b41cdec/antenna/tag/e2806894000050038662154f, 88
1652707138.784687, sdrt-health/mac:02010b41cdec/antenna/tag/e2806894000050038662194f, 94
1652707138.826616, sdrt-health/mac:02010b41cdec/antenna/tag/e2806894000050038661fd4f, 83
1652707138.878648, sdrt-health/mac:02010b41cdec/antenna/tag/e2806894000050038662154f, 88
1652707138.911346, sdrt-health/mac:02010b41cdec/antenna/tag/e28068940000400386621d4f, 96
1652707138.95026, sdrt-health/mac:02010b41cdec/antenna/tag/e2806894000040038662054f, 81
1652707139.005788, sdrt-health/mac:02010b41cdec/antenna/tag/e2806894000040038662114f, 88
1652707139.006264, sdrt-health/mac:02010b41cdec/antenna/tag/e2806894000050038661fd4f, 86
1652707139.021568, sdrt-health/mac:02010b41cdec/antenna/tag/e28068940000500386620d4f, 87
1652707139.061981, sdrt-health/mac:02010b41cdec/antenna/tag/e28068940000400386621d4f, 96
1652707139.062486, sdrt-health/mac:02010b41cdec/antenna/tag/e2806894000040038662114f, 91
1652707139.088575, sdrt-health/mac:02010b41cdec/antenna/tag/e2806894000050038661fd4f, 86
1652707139.144524, sdrt-health/mac:02010b41cdec/antenna/tag/e2806894000040038662054f, 94
1652707139.145085, sdrt-health/mac:02010b41cdec/antenna/tag/e2806894000040038662054f, 88
1652707139.159873, sdrt-health/mac:02010b41cdec/antenna/tag/e2806894000050038662194f, 87
1652707139.169059, sdrt-health/mac:02010b41cdec/antenna/tag/e2806894000050038662194f, 81
1652707139.209545, sdrt-health/mac:02010b41cdec/antenna/tag/e28068940000400386621d4f, 77
1652707139.267607, sdrt-health/mac:02010b41cdec/antenna/tag/e2806894000050038661fd4f, 83
1652707139.268113, sdrt-health/mac:02010b41cdec/antenna/tag/e2806894000040038662114f, 91
1652707139.309808, sdrt-health/mac:02010b41cdec/antenna/tag/e2806894000040038662114f, 91
1652707139.348967, sdrt-health/mac:02010b41cdec/antenna/tag/e2806894000050038662194f, 81
1652707139.439872, sdrt-health/mac:02010b41cdec/antenna/tag/e28068940000400386621d4f, 96
1652707139.47953, sdrt-health/mac:02010b41cdec/antenna/tag/e2806894000050038662154f, 88
1652707139.509905, sdrt-health/mac:02010b41cdec/antenna/tag/e28068940000500386620d4f, 87
1652707139.51032, sdrt-health/mac:02010b41cdec/antenna/tag/e28068940000400386621d4f, 96
1652707139.524348, sdrt-health/mac:02010b41cdec/antenna/tag/e28068940000500386620d4f, 83
1652707139.524577, sdrt-health/mac:02010b41cdec/antenna/tag/e2806894000050038661fd4f, 86
1652707139.63415, sdrt-health/mac:02010b41cdec/antenna/tag/e2806894000050038662154f, 91
1652707139.699521, sdrt-health/mac:02010b41cdec/antenna/tag/e2806894000050038662154f, 91
1652707139.74729, sdrt-health/mac:02010b41cdec/antenna/tag/e2806894000050038662154f, 91
1652707139.77793, sdrt-health/mac:02010b41cdec/antenna/tag/e2806894000040038662114f, 88
1652707139.778419, sdrt-health/mac:02010b41cdec/antenna/tag/e28068940000400386621d4f, 77
1652707139.820338, sdrt-health/mac:02010b41cdec/antenna/tag/e2806894000050038661fd4f, 83
1652707139.859845, sdrt-health/mac:02010b41cdec/antenna/tag/e2806894000040038662054f, 94
1652707139.904466, sdrt-health/mac:02010b41cdec/antenna/tag/e28068940000400386621d4f, 77
1652707139.956007, sdrt-health/mac:02010b41cdec/antenna/tag/e2806894000040038662114f, 85
1652707139.956482, sdrt-health/mac:02010b41cdec/antenna/tag/e28068940000500386620d4f, 81
1652707140.03666, sdrt-health/mac:02010b41cdec/antenna/tag/e28068940000500386620d4f, 94
1652707140.079546, sdrt-health/mac:02010b41cdec/antenna/tag/e28068940000400386621d4f, 77
1652707140.141389, sdrt-health/mac:02010b41cdec/antenna/tag/e2806894000050038662154f, 85
1652707140.178359, sdrt-health/mac:02010b41cdec/antenna/tag/e2806894000050038661fd4f, 83
1652707140.227822, sdrt-health/mac:02010b41cdec/antenna/tag/e28068940000400386621d4f, 77
1652707140.260342, sdrt-health/mac:02010b41cdec/antenna/tag/e2806894000040038662114f, 88
1652707140.329492, sdrt-health/mac:02010b41cdec/antenna/tag/e2806894000040038662214f, 88
1652707140.369494, sdrt-health/mac:02010b41cdec/antenna/tag/e28068940000500386620d4f, 93
1652707140.42481, sdrt-health/mac:02010b41cdec/antenna/tag/e28068940000400386621d4f, 77
1652707140.425279, sdrt-health/mac:02010b41cdec/antenna/tag/e2806894000050038662154f, 88
1652707140.440501, sdrt-health/mac:02010b41cdec/antenna/tag/e2806894000040038662114f, 88
1652707140.448023, sdrt-health/mac:02010b41cdec/antenna/tag/e2806894000050038661fd4f, 83
1652707140.506166, sdrt-health/mac:02010b41cdec/antenna/tag/e2806894000050038662154f, 85
1652707140.565253, sdrt-health/mac:02010b41cdec/antenna/tag/e28068940000500386620d4f, 81
1652707140.565743, sdrt-health/mac:02010b41cdec/antenna/tag/e2806894000050038661fd4f, 86
1652707140.57983, sdrt-health/mac:02010b41cdec/antenna/tag/e28068940000500386620d4f, 81
1652707140.588836, sdrt-health/mac:02010b41cdec/antenna/tag/e2806894000050038662194f, 94
1652707140.629709, sdrt-health/mac:02010b41cdec/antenna/tag/e28068940000400386621d4f, 96
1652707140.68411, sdrt-health/mac:02010b41cdec/antenna/tag/e2806894000040038662114f, 91
1652707140.684579, sdrt-health/mac:02010b41cdec/antenna/tag/e28068940000500386620d4f, 82
1652707140.709239, sdrt-health/mac:02010b41cdec/antenna/tag/e2806894000050038661fd4f, 86
1652707140.759763, sdrt-health/mac:02010b41cdec/antenna/tag/e28068940000500386620d4f, 94
1652707140.79924, sdrt-health/mac:02010b41cdec/antenna/tag/e2806894000050038662194f, 83
1652707140.855314, sdrt-health/mac:02010b41cdec/antenna/tag/e2806894000050038662154f, 91
1652707140.855833, sdrt-health/mac:02010b41cdec/antenna/tag/e2806894000040038662114f, 85
1652707140.880159, sdrt-health/mac:02010b41cdec/antenna/tag/e2806894000040038662114f, 88
1652707140.953736, sdrt-health/mac:02010b41cdec/antenna/tag/e28068940000400386621d4f, 90
1652707140.959782, sdrt-health/mac:02010b41cdec/antenna/tag/e2806894000040038662114f, 88
1652707141.039892, sdrt-health/mac:02010b41cdec/antenna/tag/e2806894000050038662194f, 84
1652707141.073574, sdrt-health/mac:02010b41cdec/antenna/tag/e2806894000040038662114f, 91
1652707141.08595, sdrt-health/mac:02010b41cdec/antenna/tag/e28068940000400386621d4f, 96
1652707141.129252, sdrt-health/mac:02010b41cdec/antenna/tag/e28068940000400386621d4f, 77
1652707141.170117, sdrt-health/mac:02010b41cdec/antenna/tag/e2806894000040038662114f, 88
1652707141.240083, sdrt-health/mac:02010b41cdec/antenna/tag/e2806894000050038662154f, 85
1652707141.278885, sdrt-health/mac:02010b41cdec/antenna/tag/e2806894000040038662054f, 81
1652707141.343201, sdrt-health/mac:02010b41cdec/antenna/tag/e2806894000050038661fd4f, 86
1652707141.343718, sdrt-health/mac:02010b41cdec/antenna/tag/e28068940000400386621d4f, 96
1652707141.34412, sdrt-health/mac:02010b41cdec/antenna/tag/e2806894000050038661fd4f, 83
1652707141.368126, sdrt-health/mac:02010b41cdec/antenna/tag/e2806894000050038661fd4f, 83
1652707141.418609, sdrt-health/mac:02010b41cdec/antenna/tag/e2806894000040038662054f, 94
1652707141.475767, sdrt-health/mac:02010b41cdec/antenna/tag/e2806894000040038662214f, 81
1652707141.476229, sdrt-health/mac:02010b41cdec/antenna/tag/e2806894000040038662054f, 88
1652707141.498896, sdrt-health/mac:02010b41cdec/antenna/tag/e2806894000050038661fd4f, 86
1652707141.54783, sdrt-health/mac:02010b41cdec/antenna/tag/e2806894000050038662154f, 88
1652707141.604559, sdrt-health/mac:02010b41cdec/antenna/tag/e28068940000500386620d4f, 87
1652707141.605005, sdrt-health/mac:02010b41cdec/antenna/tag/e2806894000040038662114f, 85
1652707141.619781, sdrt-health/mac:02010b41cdec/antenna/tag/e2806894000050038661fd4f, 83
1652707141.637963, sdrt-health/mac:02010b41cdec/antenna/tag/e2806894000050038662194f, 81
1652707141.678332, sdrt-health/mac:02010b41cdec/antenna/tag/e2806894000040038662054f, 82
1652707141.727064, sdrt-health/mac:02010b41cdec/antenna/tag/e2806894000040038662114f, 85
1652707141.805532, sdrt-health/mac:02010b41cdec/antenna/tag/e2806894000040038662054f, 84
1652707141.805788, sdrt-health/mac:02010b41cdec/antenna/tag/e28068940000400386621d4f, 96
1652707141.828975, sdrt-health/mac:02010b41cdec/antenna/tag/e2806894000050038662154f, 97
1652707141.920798, sdrt-health/mac:02010b41cdec/antenna/tag/e2806894000040038662114f, 97
1652707141.921314, sdrt-health/mac:02010b41cdec/antenna/tag/e2806894000050038662154f, 91
1652707141.944295, sdrt-health/mac:02010b41cdec/antenna/tag/e28068940000400386621d4f, 96
1652707141.994246, sdrt-health/mac:02010b41cdec/antenna/tag/e2806894000050038662154f, 85
1652707141.994594, sdrt-health/mac:02010b41cdec/antenna/tag/e2806894000040038662114f, 91
1652707142.01721, sdrt-health/mac:02010b41cdec/antenna/tag/e2806894000050038662154f, 91
1652707142.068826, sdrt-health/mac:02010b41cdec/antenna/tag/e2806894000040038662114f, 91
1652707142.126576, sdrt-health/mac:02010b41cdec/antenna/tag/e28068940000400386621d4f, 90
1652707142.127222, sdrt-health/mac:02010b41cdec/antenna/tag/e2806894000050038661fd4f, 86
1652707142.14263, sdrt-health/mac:02010b41cdec/antenna/tag/e2806894000050038662154f, 88
1652707142.151069, sdrt-health/mac:02010b41cdec/antenna/tag/e2806894000050038662194f, 87
1652707142.159046, sdrt-health/mac:02010b41cdec/antenna/tag/e2806894000040038662054f, 88
1652707142.189405, sdrt-health/mac:02010b41cdec/antenna/tag/e2806894000040038662114f, 88
1652707142.239543, sdrt-health/mac:02010b41cdec/antenna/tag/e28068940000400386621d4f, 96
1652707142.305921, sdrt-health/mac:02010b41cdec/antenna/tag/e28068940000500386620d4f, 87
1652707142.306435, sdrt-health/mac:02010b41cdec/antenna/tag/e2806894000040038662114f, 91
1652707142.306907, sdrt-health/mac:02010b41cdec/antenna/tag/e28068940000500386620d4f, 83
1652707142.321146, sdrt-health/mac:02010b41cdec/antenna/tag/e28068940000500386620d4f, 83
1652707142.328787, sdrt-health/mac:02010b41cdec/antenna/tag/e2806894000050038662194f, 81
1652707142.337977, sdrt-health/mac:02010b41cdec/antenna/tag/e2806894000050038662194f, 81
1652707142.369533, sdrt-health/mac:02010b41cdec/antenna/tag/e2806894000050038662194f, 83
1652707142.409325, sdrt-health/mac:02010b41cdec/antenna/tag/e28068940000400386621d4f, 96
1652707142.457383, sdrt-health/mac:02010b41cdec/antenna/tag/e2806894000040038662114f, 88
1652707142.516049, sdrt-health/mac:02010b41cdec/antenna/tag/e2806894000050038662194f, 83
1652707142.516476, sdrt-health/mac:02010b41cdec/antenna/tag/e2806894000050038661fd4f, 86
1652707142.559724, sdrt-health/mac:02010b41cdec/antenna/tag/e2806894000040038662114f, 88
1652707142.607164, sdrt-health/mac:02010b41cdec/antenna/tag/e2806894000050038661fd4f, 86
1652707142.63775, sdrt-health/mac:02010b41cdec/antenna/tag/e28068940000400386621d4f, 96
1652707142.638011, sdrt-health/mac:02010b41cdec/antenna/tag/e2806894000050038662154f, 97
1652707142.638205, sdrt-health/mac:02010b41cdec/antenna/tag/e2806894000050038662194f, 81
1652707142.652751, sdrt-health/mac:02010b41cdec/antenna/tag/e2806894000050038661fd4f, 90
1652707142.652957, sdrt-health/mac:02010b41cdec/antenna/tag/e2806894000050038662154f, 88
1652707142.7076, sdrt-health/mac:02010b41cdec/antenna/tag/e2806894000040038662114f, 85
1652707142.767371, sdrt-health/mac:02010b41cdec/antenna/tag/e28068940000400386621d4f, 96
1652707142.826972, sdrt-health/mac:02010b41cdec/antenna/tag/e2806894000050038662154f, 91
1652707142.827578, sdrt-health/mac:02010b41cdec/antenna/tag/e28068940000400386621d4f, 96
1652707142.858745, sdrt-health/mac:02010b41cdec/antenna/tag/e2806894000050038662154f, 88
1652707142.899245, sdrt-health/mac:02010b41cdec/antenna/tag/e28068940000500386620d4f, 81
1652707142.957183, sdrt-health/mac:02010b41cdec/antenna/tag/e2806894000050038661fd4f, 86
1652707142.957657, sdrt-health/mac:02010b41cdec/antenna/tag/e28068940000400386621d4f, 90
1652707143.089194, sdrt-health/mac:02010b41cdec/antenna/tag/e28068940000400386621d4f, 96
1652707143.139292, sdrt-health/mac:02010b41cdec/antenna/tag/e28068940000500386620d4f, 85
1652707143.237615, sdrt-health/mac:02010b41cdec/antenna/tag/e28068940000500386620d4f, 83
1652707143.278879, sdrt-health/mac:02010b41cdec/antenna/tag/e2806894000040038662054f, 94
1652707143.327665, sdrt-health/mac:02010b41cdec/antenna/tag/e2806894000050038661fd4f, 86
1652707143.379538, sdrt-health/mac:02010b41cdec/antenna/tag/e2806894000050038661fd4f, 83
1652707143.443517, sdrt-health/mac:02010b41cdec/antenna/tag/e2806894000050038662154f, 88
1652707143.444028, sdrt-health/mac:02010b41cdec/antenna/tag/e28068940000500386620d4f, 87
1652707143.46065, sdrt-health/mac:02010b41cdec/antenna/tag/e28068940000400386621d4f, 77
1652707143.460996, sdrt-health/mac:02010b41cdec/antenna/tag/e2806894000050038661fd4f, 83
1652707143.480332, sdrt-health/mac:02010b41cdec/antenna/tag/e28068940000400386621d4f, 96
1652707143.519114, sdrt-health/mac:02010b41cdec/antenna/tag/e28068940000500386620d4f, 88
1652707143.560543, sdrt-health/mac:02010b41cdec/antenna/tag/e2806894000050038661fd4f, 86
1652707143.670075, sdrt-health/mac:02010b41cdec/antenna/tag/e2806894000040038662114f, 91
1652707143.670616, sdrt-health/mac:02010b41cdec/antenna/tag/e28068940000500386620d4f, 81
1652707143.688906, sdrt-health/mac:02010b41cdec/antenna/tag/e2806894000040038662114f, 88
1652707143.745306, sdrt-health/mac:02010b41cdec/antenna/tag/e2806894000050038662154f, 88
1652707143.745762, sdrt-health/mac:02010b41cdec/antenna/tag/e28068940000500386620d4f, 83
1652707143.760853, sdrt-health/mac:02010b41cdec/antenna/tag/e2806894000040038661f94f, 94
1652707143.768112, sdrt-health/mac:02010b41cdec/antenna/tag/e2806894000050038662194f, 82
1652707143.776378, sdrt-health/mac:02010b41cdec/antenna/tag/e2806894000040038662214f, 81
1652707143.810623, sdrt-health/mac:02010b41cdec/antenna/tag/e2806894000040038662114f, 88
1652707143.874766, sdrt-health/mac:02010b41cdec/antenna/tag/e2806894000040038661f94f, 94
1652707143.875266, sdrt-health/mac:02010b41cdec/antenna/tag/e2806894000040038662114f, 91
1652707143.890822, sdrt-health/mac:02010b41cdec/antenna/tag/e2806894000050038662154f, 91
1652707143.903873, sdrt-health/mac:02010b41cdec/antenna/tag/e2806894000050038662194f, 81
1652707143.949688, sdrt-health/mac:02010b41cdec/antenna/tag/e2806894000050038662194f, 94
1652707144.013013, sdrt-health/mac:02010b41cdec/antenna/tag/e2806894000050038661fd4f, 86
1652707144.013518, sdrt-health/mac:02010b41cdec/antenna/tag/e2806894000050038662194f, 83
1652707144.013861, sdrt-health/mac:02010b41cdec/antenna/tag/e28068940000500386620d4f, 87
1652707144.029216, sdrt-health/mac:02010b41cdec/antenna/tag/e2806894000050038662154f, 91
1652707144.040663, sdrt-health/mac:02010b41cdec/antenna/tag/e2806894000050038662154f, 91
1652707144.045539, sdrt-health/mac:02010b41cdec/antenna/tag/e2806894000050038662154f, 88
1652707144.089992, sdrt-health/mac:02010b41cdec/antenna/tag/e28068940000400386621d4f, 77
1652707144.130653, sdrt-health/mac:02010b41cdec/antenna/tag/e2806894000040038662114f, 85
1652707144.185458, sdrt-health/mac:02010b41cdec/antenna/tag/e2806894000050038662194f, 88
1652707144.185916, sdrt-health/mac:02010b41cdec/antenna/tag/e2806894000050038662194f, 81
1652707144.217581, sdrt-health/mac:02010b41cdec/antenna/tag/e28068940000500386620d4f, 87
1652707144.25982, sdrt-health/mac:02010b41cdec/antenna/tag/e28068940000400386621d4f, 96
1652707144.299099, sdrt-health/mac:02010b41cdec/antenna/tag/e2806894000050038662154f, 88
1652707144.356165, sdrt-health/mac:02010b41cdec/antenna/tag/e2806894000050038661fd4f, 86
1652707144.356631, sdrt-health/mac:02010b41cdec/antenna/tag/e2806894000040038662114f, 88
1652707144.379119, sdrt-health/mac:02010b41cdec/antenna/tag/e2806894000040038662054f, 81
1652707144.429143, sdrt-health/mac:02010b41cdec/antenna/tag/e28068940000500386620d4f, 83
1652707144.486087, sdrt-health/mac:02010b41cdec/antenna/tag/e2806894000040038662114f, 88
1652707144.486589, sdrt-health/mac:02010b41cdec/antenna/tag/e2806894000050038662154f, 91
1652707144.511054, sdrt-health/mac:02010b41cdec/antenna/tag/e28068940000500386620d4f, 85
1652707144.550577, sdrt-health/mac:02010b41cdec/antenna/tag/e28068940000400386621d4f, 96
1652707144.591086, sdrt-health/mac:02010b41cdec/antenna/tag/e2806894000050038662154f, 91
1652707144.65572, sdrt-health/mac:02010b41cdec/antenna/tag/e28068940000400386621d4f, 96
1652707144.656189, sdrt-health/mac:02010b41cdec/antenna/tag/e2806894000050038662154f, 91
1652707144.759402, sdrt-health/mac:02010b41cdec/antenna/tag/e28068940000400386621d4f, 96
1652707144.816803, sdrt-health/mac:02010b41cdec/antenna/tag/e2806894000050038662154f, 91
1652707144.883207, sdrt-health/mac:02010b41cdec/antenna/tag/e2806894000040038662054f, 88
1652707144.883629, sdrt-health/mac:02010b41cdec/antenna/tag/e2806894000040038662114f, 85
1652707144.915247, sdrt-health/mac:02010b41cdec/antenna/tag/e2806894000040038662114f, 91
1652707144.969141, sdrt-health/mac:02010b41cdec/antenna/tag/e28068940000400386621d4f, 90
1652707145.00901, sdrt-health/mac:02010b41cdec/antenna/tag/e28068940000400386621d4f, 77
1652707145.049426, sdrt-health/mac:02010b41cdec/antenna/tag/e2806894000050038662154f, 85
1652707145.090414, sdrt-health/mac:02010b41cdec/antenna/tag/e28068940000500386620d4f, 83
1652707145.147499, sdrt-health/mac:02010b41cdec/antenna/tag/e28068940000400386621d4f, 77
1652707145.147947, sdrt-health/mac:02010b41cdec/antenna/tag/e2806894000050038662154f, 93
1652707145.181552, sdrt-health/mac:02010b41cdec/antenna/tag/e2806894000050038662154f, 85
1652707145.241773, sdrt-health/mac:02010b41cdec/antenna/tag/e2806894000050038662194f, 94
1652707145.242209, sdrt-health/mac:02010b41cdec/antenna/tag/e2806894000050038661fd4f, 83
1652707145.257136, sdrt-health/mac:02010b41cdec/antenna/tag/e28068940000500386620d4f, 87
1652707145.268391, sdrt-health/mac:02010b41cdec/antenna/tag/e2806894000040038662214f, 81
1652707145.310704, sdrt-health/mac:02010b41cdec/antenna/tag/e2806894000050038661fd4f, 86
1652707145.366337, sdrt-health/mac:02010b41cdec/antenna/tag/e2806894000050038662154f, 88
1652707145.366807, sdrt-health/mac:02010b41cdec/antenna/tag/e2806894000040038662114f, 88
1652707145.381888, sdrt-health/mac:02010b41cdec/antenna/tag/e28068940000500386620d4f, 93
1652707145.388773, sdrt-health/mac:02010b41cdec/antenna/tag/e2806894000040038662114f, 91
1652707145.398249, sdrt-health/mac:02010b41cdec/antenna/tag/e2806894000050038662194f, 94
1652707145.438959, sdrt-health/mac:02010b41cdec/antenna/tag/e2806894000040038661f94f, 88
1652707145.479089, sdrt-health/mac:02010b41cdec/antenna/tag/e2806894000050038662154f, 91
1652707145.5191, sdrt-health/mac:02010b41cdec/antenna/tag/e28068940000500386620d4f, 83
1652707145.5597, sdrt-health/mac:02010b41cdec/antenna/tag/e2806894000040038662054f, 81
1652707145.62639, sdrt-health/mac:02010b41cdec/antenna/tag/e2806894000050038662154f, 88
1652707145.627032, sdrt-health/mac:02010b41cdec/antenna/tag/e2806894000050038662154f, 88
1652707145.689098, sdrt-health/mac:02010b41cdec/antenna/tag/e28068940000400386621d4f, 77
1652707145.72922, sdrt-health/mac:02010b41cdec/antenna/tag/e2806894000050038662154f, 88
1652707145.768833, sdrt-health/mac:02010b41cdec/antenna/tag/e2806894000050038661fd4f, 86
1652707145.828665, sdrt-health/mac:02010b41cdec/antenna/tag/e2806894000040038662114f, 91
1652707145.86959, sdrt-health/mac:02010b41cdec/antenna/tag/e2806894000050038662154f, 88
1652707145.9281, sdrt-health/mac:02010b41cdec/antenna/tag/e2806894000040038662054f, 84
1652707145.978147, sdrt-health/mac:02010b41cdec/antenna/tag/e2806894000050038662154f, 88
1652707146.018714, sdrt-health/mac:02010b41cdec/antenna/tag/e28068940000500386620d4f, 87
1652707146.07961, sdrt-health/mac:02010b41cdec/antenna/tag/e2806894000040038662114f, 88
1652707146.118994, sdrt-health/mac:02010b41cdec/antenna/tag/e28068940000500386620d4f, 81
1652707146.223, sdrt-health/mac:02010b41cdec/antenna/tag/e2806894000050038662194f, 81
1652707146.223505, sdrt-health/mac:02010b41cdec/antenna/tag/e2806894000050038662154f, 91
1652707146.256179, sdrt-health/mac:02010b41cdec/antenna/tag/e2806894000050038662194f, 83
1652707146.31536, sdrt-health/mac:02010b41cdec/antenna/tag/e2806894000040038662114f, 88
1652707146.31591, sdrt-health/mac:02010b41cdec/antenna/tag/e2806894000040038662114f, 91
1652707146.347744, sdrt-health/mac:02010b41cdec/antenna/tag/e2806894000040038661f94f, 82
1652707146.388272, sdrt-health/mac:02010b41cdec/antenna/tag/e28068940000400386621d4f, 77
1652707146.443345, sdrt-health/mac:02010b41cdec/antenna/tag/e28068940000500386620d4f, 87
1652707146.443751, sdrt-health/mac:02010b41cdec/antenna/tag/e2806894000040038661f94f, 94
1652707146.456743, sdrt-health/mac:02010b41cdec/antenna/tag/e28068940000400386621d4f, 77
1652707146.469371, sdrt-health/mac:02010b41cdec/antenna/tag/e2806894000050038661fd4f, 83
1652707146.508703, sdrt-health/mac:02010b41cdec/antenna/tag/e2806894000040038662214f, 83
1652707146.594514, sdrt-health/mac:02010b41cdec/antenna/tag/e2806894000040038662054f, 94
1652707146.595029, sdrt-health/mac:02010b41cdec/antenna/tag/e28068940000500386620d4f, 81
1652707146.61807, sdrt-health/mac:02010b41cdec/antenna/tag/e2806894000050038662194f, 84
1652707146.658749, sdrt-health/mac:02010b41cdec/antenna/tag/e28068940000500386620d4f, 81
1652707146.713402, sdrt-health/mac:02010b41cdec/antenna/tag/e2806894000050038661fd4f, 83
1652707146.713949, sdrt-health/mac:02010b41cdec/antenna/tag/e2806894000050038662194f, 83
1652707146.738393, sdrt-health/mac:02010b41cdec/antenna/tag/e2806894000050038662154f, 91
1652707146.771271, sdrt-health/mac:02010b41cdec/antenna/tag/e2806894000040038662114f, 91
1652707146.771504, sdrt-health/mac:02010b41cdec/antenna/tag/e28068940000400386621d4f, 96
1652707146.838403, sdrt-health/mac:02010b41cdec/antenna/tag/e2806894000050038662154f, 88
1652707146.879059, sdrt-health/mac:02010b41cdec/antenna/tag/e2806894000040038662114f, 88
1652707146.965985, sdrt-health/mac:02010b41cdec/antenna/tag/e28068940000500386620d4f, 83
1652707146.966231, sdrt-health/mac:02010b41cdec/antenna/tag/e28068940000400386621d4f, 77
1652707147.003722, sdrt-health/mac:02010b41cdec/antenna/tag/e2806894000050038662194f, 84
1652707147.033556, sdrt-health/mac:02010b41cdec/antenna/tag/e2806894000050038661fd4f, 86
1652707147.034098, sdrt-health/mac:02010b41cdec/antenna/tag/e28068940000400386621d4f, 90
1652707147.059841, sdrt-health/mac:02010b41cdec/antenna/tag/e2806894000040038662114f, 91
1652707147.091102, sdrt-health/mac:02010b41cdec/antenna/tag/e28068940000400386621d4f, 96
1652707147.091305, sdrt-health/mac:02010b41cdec/antenna/tag/e2806894000050038661fd4f, 83
1652707147.106601, sdrt-health/mac:02010b41cdec/antenna/tag/e2806894000040038662114f, 97
1652707147.137457, sdrt-health/mac:02010b41cdec/antenna/tag/e28068940000400386621d4f, 90
1652707147.255657, sdrt-health/mac:02010b41cdec/antenna/tag/e28068940000500386620d4f, 81
1652707147.256117, sdrt-health/mac:02010b41cdec/antenna/tag/e28068940000400386621d4f, 77
1652707147.327047, sdrt-health/mac:02010b41cdec/antenna/tag/e2806894000040038662114f, 85
1652707147.384273, sdrt-health/mac:02010b41cdec/antenna/tag/e28068940000400386621d4f, 77
1652707147.38483, sdrt-health/mac:02010b41cdec/antenna/tag/e2806894000050038661fd4f, 86
1652707147.399454, sdrt-health/mac:02010b41cdec/antenna/tag/e2806894000050038661fd4f, 86
1652707147.409984, sdrt-health/mac:02010b41cdec/antenna/tag/e28068940000500386620d4f, 83
1652707147.414973, sdrt-health/mac:02010b41cdec/antenna/tag/e2806894000050038662154f, 91
1652707147.449992, sdrt-health/mac:02010b41cdec/antenna/tag/e2806894000040038662114f, 91
1652707147.519197, sdrt-health/mac:02010b41cdec/antenna/tag/e2806894000050038662154f, 91
1652707147.576134, sdrt-health/mac:02010b41cdec/antenna/tag/e2806894000040038662054f, 81
1652707147.608395, sdrt-health/mac:02010b41cdec/antenna/tag/e2806894000040038662114f, 91
1652707147.608868, sdrt-health/mac:02010b41cdec/antenna/tag/e28068940000500386620d4f, 81
1652707147.609109, sdrt-health/mac:02010b41cdec/antenna/tag/e2806894000050038661fd4f, 86
1652707147.629051, sdrt-health/mac:02010b41cdec/antenna/tag/e2806894000050038662154f, 88
1652707147.688032, sdrt-health/mac:02010b41cdec/antenna/tag/e2806894000040038662114f, 88
1652707147.688503, sdrt-health/mac:02010b41cdec/antenna/tag/e2806894000040038662214f, 110
1652707147.688883, sdrt-health/mac:02010b41cdec/antenna/tag/e2806894000050038662154f, 88
1652707147.748981, sdrt-health/mac:02010b41cdec/antenna/tag/e2806894000050038662154f, 88
1652707147.795888, sdrt-health/mac:02010b41cdec/antenna/tag/e2806894000040038662054f, 88
1652707147.85548, sdrt-health/mac:02010b41cdec/antenna/tag/e28068940000500386620d4f, 84
1652707147.855917, sdrt-health/mac:02010b41cdec/antenna/tag/e2806894000050038662194f, 94
1652707147.871959, sdrt-health/mac:02010b41cdec/antenna/tag/e28068940000500386620d4f, 81
1652707147.936758, sdrt-health/mac:02010b41cdec/antenna/tag/e2806894000040038662054f, 82
1652707147.937308, sdrt-health/mac:02010b41cdec/antenna/tag/e28068940000500386620d4f, 81
1652707147.960576, sdrt-health/mac:02010b41cdec/antenna/tag/e2806894000050038662194f, 81
1652707148.024337, sdrt-health/mac:02010b41cdec/antenna/tag/e2806894000040038662054f, 88
1652707148.024823, sdrt-health/mac:02010b41cdec/antenna/tag/e2806894000050038662154f, 88
1652707148.067571, sdrt-health/mac:02010b41cdec/antenna/tag/e2806894000050038661fd4f, 83
1652707148.128438, sdrt-health/mac:02010b41cdec/antenna/tag/e2806894000050038662154f, 88
1652707148.128945, sdrt-health/mac:02010b41cdec/antenna/tag/e28068940000500386620d4f, 93
1652707148.144274, sdrt-health/mac:02010b41cdec/antenna/tag/e2806894000040038662114f, 88
1652707148.144765, sdrt-health/mac:02010b41cdec/antenna/tag/e2806894000040038662114f, 85
1652707148.158978, sdrt-health/mac:02010b41cdec/antenna/tag/e2806894000050038662154f, 88
1652707148.198321, sdrt-health/mac:02010b41cdec/antenna/tag/e2806894000040038662214f, 94
1652707148.240123, sdrt-health/mac:02010b41cdec/antenna/tag/e2806894000050038662194f, 87
1652707148.273401, sdrt-health/mac:02010b41cdec/antenna/tag/e2806894000050038661fd4f, 83
1652707148.273743, sdrt-health/mac:02010b41cdec/antenna/tag/e2806894000040038662114f, 85
1652707148.288657, sdrt-health/mac:02010b41cdec/antenna/tag/e2806894000040038662054f, 84
1652707148.319081, sdrt-health/mac:02010b41cdec/antenna/tag/e28068940000400386621d4f, 96
1652707148.35909, sdrt-health/mac:02010b41cdec/antenna/tag/e28068940000400386621d4f, 96
1652707148.423805, sdrt-health/mac:02010b41cdec/antenna/tag/e2806894000050038662154f, 97
1652707148.424317, sdrt-health/mac:02010b41cdec/antenna/tag/e28068940000500386620d4f, 94
1652707148.449784, sdrt-health/mac:02010b41cdec/antenna/tag/e2806894000040038662054f, 82
1652707148.649269, sdrt-health/mac:02010b41cdec/antenna/tag/scan, scan stopped
