1652706789.6985, sdrt-health/mac:02010b41cdec/antenna/power/set, {"power": 290}
1652706790.78055, sdrt-health/mac:02010b41cdec/antenna/power/set, 
1652706794.72137, sdrt-health/mac:02010b41cdec/antenna/tag/scan, {"time": 20000}
1652706795.060648, sdrt-health/mac:02010b41cdec/antenna/tag/e28068940000400386621d4f, 96
1652706795.109037, sdrt-health/mac:02010b41cdec/antenna/tag/e2806894000050038661fd4f, 86
1652706795.166771, sdrt-health/mac:02010b41cdec/antenna/tag/e2806894000040038662114f, 88
1652706795.167275, sdrt-health/mac:02010b41cdec/antenna/tag/e28068940000400386621d4f, 96
1652706795.182677, sdrt-health/mac:02010b41cdec/antenna/tag/e2806894000050038661fd4f, 90
1652706795.190493, sdrt-health/mac:02010b41cdec/antenna/tag/e2806894000040038662114f, 88
1652706795.198519, sdrt-health/mac:02010b41cdec/antenna/tag/e2806894000050038662154f, 97
1652706795.238428, sdrt-health/mac:02010b41cdec/antenna/tag/e2806894000050038661fd4f, 86
1652706795.315955, sdrt-health/mac:02010b41cdec/antenna/tag/e2806894000050038662154f, 91
1652706795.316522, sdrt-health/mac:02010b41cdec/antenna/tag/e2806894000040038662114f, 88
1652706795.351135, sdrt-health/mac:02010b41cdec/antenna/tag/e2806894000050038662154f, 88
1652706795.4188, sdrt-health/mac:02010b41cdec/antenna/tag/e2806894000040038662114f, 88
1652706795.463997, sdrt-health/mac:02010b41cdec/antenna/tag/e2806894000040038662114f, 85
1652706795.52795, sdrt-health/mac:02010b41cdec/antenna/tag/e28068940000500386620d4f, 88
1652706795.528505, sdrt-health/mac:02010b41cdec/antenna/tag/e28068940000400386621d4f, 96
1652706795.550014, sdrt-health/mac:02010b41cdec/antenna/tag/e28068940000500386620d4f, 81
1652706795.616531, sdrt-health/mac:02010b41cdec/antenna/tag/e2806894000050038661fd4f, 86
1652706795.617093, sdrt-health/mac:02010b41cdec/antenna/tag/e28068940000400386621d4f, 90
1652706795.639949, sdrt-health/mac:02010b41cdec/antenna/tag/e2806894000040038662114f, 91
1652706795.697439, sdrt-health/mac:02010b41cdec/antenna/tag/e2806894000050038662154f, 91
1652706795.697979, sdrt-health/mac:02010b41cdec/antenna/tag/e28068940000500386620d4f, 83
1652706795.727689, sdrt-health/mac:02010b41cdec/antenna/tag/e2806894000040038662114f, 85
1652706795.7705, sdrt-health/mac:02010b41cdec/antenna/tag/e2806894000050038661fd4f, 83
1652706795.827501, sdrt-health/mac:02010b41cdec/antenna/tag/e2806894000050038661fd4f, 83
1652706795.827899, sdrt-health/mac:02010b41cdec/antenna/tag/e2806894000050038661fd4f, 83
1652706795.844521, sdrt-health/mac:02010b41cdec/antenna/tag/e2806894000050038662154f, 88
1652706795.868293, sdrt-health/mac:02010b41cdec/antenna/tag/e28068940000400386621d4f, 77
1652706795.938939, sdrt-health/mac:02010b41cdec/antenna/tag/e2806894000050038661fd4f, 83
1652706795.939349, sdrt-health/mac:02010b41cdec/antenna/tag/e2806894000040038662114f, 85
1652706795.960405, sdrt-health/mac:02010b41cdec/antenna/tag/e2806894000050038662154f, 88
1652706796.017844, sdrt-health/mac:02010b41cdec/antenna/tag/e28068940000400386621d4f, 77
1652706796.01838, sdrt-health/mac:02010b41cdec/antenna/tag/e2806894000040038662114f, 88
1652706796.03639, sdrt-health/mac:02010b41cdec/antenna/tag/e28068940000400386621d4f, 90
1652706796.08912, sdrt-health/mac:02010b41cdec/antenna/tag/e28068940000400386621d4f, 90
1652706796.08963, sdrt-health/mac:02010b41cdec/antenna/tag/e2806894000050038662154f, 91
1652706796.103736, sdrt-health/mac:02010b41cdec/antenna/tag/e28068940000400386621d4f, 96
1652706796.119708, sdrt-health/mac:02010b41cdec/antenna/tag/e28068940000400386621d4f, 96
1652706796.185155, sdrt-health/mac:02010b41cdec/antenna/tag/e2806894000050038662154f, 91
1652706796.185622, sdrt-health/mac:02010b41cdec/antenna/tag/e2806894000050038662154f, 91
1652706796.201546, sdrt-health/mac:02010b41cdec/antenna/tag/e2806894000050038662154f, 91
1652706796.210739, sdrt-health/mac:02010b41cdec/antenna/tag/e2806894000040038662114f, 88
1652706796.260105, sdrt-health/mac:02010b41cdec/antenna/tag/e2806894000040038662114f, 91
1652706796.318695, sdrt-health/mac:02010b41cdec/antenna/tag/e2806894000050038662154f, 91
1652706796.319193, sdrt-health/mac:02010b41cdec/antenna/tag/e2806894000040038662114f, 91
1652706796.334568, sdrt-health/mac:02010b41cdec/antenna/tag/e2806894000040038662114f, 97
1652706796.359216, sdrt-health/mac:02010b41cdec/antenna/tag/e2806894000050038661fd4f, 86
1652706796.400484, sdrt-health/mac:02010b41cdec/antenna/tag/e2806894000040038662114f, 85
1652706796.465597, sdrt-health/mac:02010b41cdec/antenna/tag/e28068940000400386621d4f, 77
1652706796.466131, sdrt-health/mac:02010b41cdec/antenna/tag/e2806894000050038662194f, 81
1652706796.480857, sdrt-health/mac:02010b41cdec/antenna/tag/e2806894000050038662154f, 88
1652706796.481136, sdrt-health/mac:02010b41cdec/antenna/tag/e28068940000400386621d4f, 77
1652706796.481342, sdrt-health/mac:02010b41cdec/antenna/tag/e2806894000050038661fd4f, 83
1652706796.49726, sdrt-health/mac:02010b41cdec/antenna/tag/e2806894000040038662114f, 91
1652706796.548594, sdrt-health/mac:02010b41cdec/antenna/tag/e28068940000400386621d4f, 90
1652706796.598977, sdrt-health/mac:02010b41cdec/antenna/tag/e2806894000050038662194f, 83
1652706796.657114, sdrt-health/mac:02010b41cdec/antenna/tag/e2806894000050038662154f, 97
1652706796.65754, sdrt-health/mac:02010b41cdec/antenna/tag/e2806894000040038662114f, 91
1652706796.657841, sdrt-health/mac:02010b41cdec/antenna/tag/e2806894000050038662154f, 91
1652706796.672855, sdrt-health/mac:02010b41cdec/antenna/tag/e2806894000040038662114f, 91
1652706796.682198, sdrt-health/mac:02010b41cdec/antenna/tag/e2806894000050038662154f, 88
1652706796.739487, sdrt-health/mac:02010b41cdec/antenna/tag/e28068940000500386620d4f, 81
1652706796.793667, sdrt-health/mac:02010b41cdec/antenna/tag/e2806894000040038662114f, 88
1652706796.793981, sdrt-health/mac:02010b41cdec/antenna/tag/e2806894000040038662114f, 88
1652706796.808571, sdrt-health/mac:02010b41cdec/antenna/tag/e2806894000050038662194f, 83
1652706796.839182, sdrt-health/mac:02010b41cdec/antenna/tag/e2806894000050038662154f, 88
1652706796.839514, sdrt-health/mac:02010b41cdec/antenna/tag/e2806894000050038662154f, 88
1652706796.839732, sdrt-health/mac:02010b41cdec/antenna/tag/e2806894000050038662194f, 81
1652706796.890121, sdrt-health/mac:02010b41cdec/antenna/tag/e28068940000400386621d4f, 96
1652706796.931926, sdrt-health/mac:02010b41cdec/antenna/tag/e2806894000050038661fd4f, 83
1652706796.994709, sdrt-health/mac:02010b41cdec/antenna/tag/e2806894000050038661fd4f, 83
1652706796.995172, sdrt-health/mac:02010b41cdec/antenna/tag/e28068940000400386621d4f, 96
1652706797.009891, sdrt-health/mac:02010b41cdec/antenna/tag/e2806894000050038661fd4f, 83
1652706797.010376, sdrt-health/mac:02010b41cdec/antenna/tag/e28068940000400386621d4f, 96
1652706797.029346, sdrt-health/mac:02010b41cdec/antenna/tag/e28068940000400386621d4f, 96
1652706797.068619, sdrt-health/mac:02010b41cdec/antenna/tag/e28068940000500386620d4f, 87
1652706797.109646, sdrt-health/mac:02010b41cdec/antenna/tag/e2806894000040038662114f, 88
1652706797.171587, sdrt-health/mac:02010b41cdec/antenna/tag/e28068940000500386620d4f, 94
1652706797.172086, sdrt-health/mac:02010b41cdec/antenna/tag/e2806894000040038662114f, 85
1652706797.217442, sdrt-health/mac:02010b41cdec/antenna/tag/e2806894000050038662154f, 85
1652706797.290564, sdrt-health/mac:02010b41cdec/antenna/tag/e2806894000050038662194f, 87
1652706797.291031, sdrt-health/mac:02010b41cdec/antenna/tag/e2806894000050038662194f, 83
1652706797.305408, sdrt-health/mac:02010b41cdec/antenna/tag/e2806894000040038662114f, 88
1652706797.319527, sdrt-health/mac:02010b41cdec/antenna/tag/e2806894000040038662114f, 85
1652706797.319996, sdrt-health/mac:02010b41cdec/antenna/tag/e2806894000040038662114f, 88
1652706797.32029, sdrt-health/mac:02010b41cdec/antenna/tag/e2806894000050038661fd4f, 83
1652706797.3694, sdrt-health/mac:02010b41cdec/antenna/tag/e28068940000400386621d4f, 77
1652706797.460942, sdrt-health/mac:02010b41cdec/antenna/tag/e2806894000050038662194f, 81
1652706797.461552, sdrt-health/mac:02010b41cdec/antenna/tag/e28068940000400386621d4f, 96
1652706797.477222, sdrt-health/mac:02010b41cdec/antenna/tag/e2806894000050038662194f, 81
1652706797.477571, sdrt-health/mac:02010b41cdec/antenna/tag/e2806894000050038662194f, 84
1652706797.506269, sdrt-health/mac:02010b41cdec/antenna/tag/e2806894000050038661fd4f, 83
1652706797.536729, sdrt-health/mac:02010b41cdec/antenna/tag/e2806894000050038661fd4f, 86
1652706797.537079, sdrt-health/mac:02010b41cdec/antenna/tag/e28068940000400386621d4f, 96
1652706797.537294, sdrt-health/mac:02010b41cdec/antenna/tag/e2806894000050038662194f, 81
1652706797.537511, sdrt-health/mac:02010b41cdec/antenna/tag/e2806894000050038661fd4f, 86
1652706797.55129, sdrt-health/mac:02010b41cdec/antenna/tag/e2806894000050038661fd4f, 83
1652706797.608519, sdrt-health/mac:02010b41cdec/antenna/tag/e28068940000500386620d4f, 88
1652706797.650592, sdrt-health/mac:02010b41cdec/antenna/tag/e28068940000500386620d4f, 83
1652706797.692508, sdrt-health/mac:02010b41cdec/antenna/tag/e2806894000050038661fd4f, 86
1652706797.722437, sdrt-health/mac:02010b41cdec/antenna/tag/e28068940000400386621d4f, 90
1652706797.722794, sdrt-health/mac:02010b41cdec/antenna/tag/e28068940000500386620d4f, 88
1652706797.723058, sdrt-health/mac:02010b41cdec/antenna/tag/e2806894000050038662154f, 88
1652706797.73734, sdrt-health/mac:02010b41cdec/antenna/tag/e2806894000050038662154f, 88
1652706797.790891, sdrt-health/mac:02010b41cdec/antenna/tag/e2806894000050038662194f, 82
1652706797.831572, sdrt-health/mac:02010b41cdec/antenna/tag/e2806894000040038662114f, 91
1652706797.884037, sdrt-health/mac:02010b41cdec/antenna/tag/e28068940000400386621d4f, 96
1652706797.884695, sdrt-health/mac:02010b41cdec/antenna/tag/e2806894000040038662114f, 91
1652706797.911552, sdrt-health/mac:02010b41cdec/antenna/tag/e28068940000400386621d4f, 96
1652706797.949289, sdrt-health/mac:02010b41cdec/antenna/tag/e28068940000500386620d4f, 81
1652706798.092816, sdrt-health/mac:02010b41cdec/antenna/tag/e2806894000050038662154f, 91
1652706798.093336, sdrt-health/mac:02010b41cdec/antenna/tag/e2806894000050038662154f, 91
1652706798.130677, sdrt-health/mac:02010b41cdec/antenna/tag/e2806894000040038662114f, 88
1652706798.186346, sdrt-health/mac:02010b41cdec/antenna/tag/e28068940000400386621d4f, 90
1652706798.1868, sdrt-health/mac:02010b41cdec/antenna/tag/e2806894000050038661fd4f, 86
1652706798.210115, sdrt-health/mac:02010b41cdec/antenna/tag/e2806894000050038662154f, 88
1652706798.251096, sdrt-health/mac:02010b41cdec/antenna/tag/e28068940000400386621d4f, 90
1652706798.333637, sdrt-health/mac:02010b41cdec/antenna/tag/e2806894000050038661fd4f, 83
1652706798.334201, sdrt-health/mac:02010b41cdec/antenna/tag/e28068940000400386621d4f, 96
1652706798.359801, sdrt-health/mac:02010b41cdec/antenna/tag/e2806894000040038662114f, 85
1652706798.414597, sdrt-health/mac:02010b41cdec/antenna/tag/e2806894000050038662154f, 88
1652706798.415108, sdrt-health/mac:02010b41cdec/antenna/tag/e28068940000400386621d4f, 96
1652706798.430345, sdrt-health/mac:02010b41cdec/antenna/tag/e2806894000050038661fd4f, 83
1652706798.459456, sdrt-health/mac:02010b41cdec/antenna/tag/e28068940000400386621d4f, 96
1652706798.517093, sdrt-health/mac:02010b41cdec/antenna/tag/e2806894000050038661fd4f, 83
1652706798.517696, sdrt-health/mac:02010b41cdec/antenna/tag/e2806894000050038662154f, 88
1652706798.531551, sdrt-health/mac:02010b41cdec/antenna/tag/e2806894000050038661fd4f, 83
1652706798.57417, sdrt-health/mac:02010b41cdec/antenna/tag/e28068940000500386620d4f, 81
1652706798.622886, sdrt-health/mac:02010b41cdec/antenna/tag/e2806894000050038662154f, 88
1652706798.679106, sdrt-health/mac:02010b41cdec/antenna/tag/e28068940000400386621d4f, 96
1652706798.710449, sdrt-health/mac:02010b41cdec/antenna/tag/e2806894000040038662114f, 85
1652706798.710761, sdrt-health/mac:02010b41cdec/antenna/tag/e2806894000050038661fd4f, 83
1652706798.733437, sdrt-health/mac:02010b41cdec/antenna/tag/e2806894000050038662154f, 91
1652706798.764697, sdrt-health/mac:02010b41cdec/antenna/tag/e28068940000500386620d4f, 87
1652706798.827135, sdrt-health/mac:02010b41cdec/antenna/tag/e2806894000050038662154f, 88
1652706798.827581, sdrt-health/mac:02010b41cdec/antenna/tag/e2806894000050038661fd4f, 83
1652706798.860006, sdrt-health/mac:02010b41cdec/antenna/tag/e2806894000050038661fd4f, 83
1652706798.896826, sdrt-health/mac:02010b41cdec/antenna/tag/e2806894000050038661fd4f, 83
1652706798.897133, sdrt-health/mac:02010b41cdec/antenna/tag/e2806894000040038662114f, 85
1652706798.912174, sdrt-health/mac:02010b41cdec/antenna/tag/e2806894000040038662114f, 85
1652706798.912382, sdrt-health/mac:02010b41cdec/antenna/tag/e28068940000400386621d4f, 96
1652706798.939634, sdrt-health/mac:02010b41cdec/antenna/tag/e2806894000050038662194f, 87
1652706798.997935, sdrt-health/mac:02010b41cdec/antenna/tag/e28068940000400386621d4f, 90
1652706799.054909, sdrt-health/mac:02010b41cdec/antenna/tag/e2806894000040038662114f, 88
1652706799.055409, sdrt-health/mac:02010b41cdec/antenna/tag/e28068940000500386620d4f, 81
1652706799.069367, sdrt-health/mac:02010b41cdec/antenna/tag/e2806894000050038661fd4f, 86
1652706799.069693, sdrt-health/mac:02010b41cdec/antenna/tag/e2806894000050038661fd4f, 86
1652706799.100942, sdrt-health/mac:02010b41cdec/antenna/tag/e2806894000040038662114f, 88
1652706799.140754, sdrt-health/mac:02010b41cdec/antenna/tag/e28068940000400386621d4f, 90
1652706799.181239, sdrt-health/mac:02010b41cdec/antenna/tag/e2806894000040038662114f, 88
1652706799.210848, sdrt-health/mac:02010b41cdec/antenna/tag/e2806894000050038662154f, 88
1652706799.211187, sdrt-health/mac:02010b41cdec/antenna/tag/e2806894000050038661fd4f, 86
1652706799.226436, sdrt-health/mac:02010b41cdec/antenna/tag/e2806894000050038661fd4f, 83
1652706799.263984, sdrt-health/mac:02010b41cdec/antenna/tag/e2806894000050038662194f, 94
1652706799.316151, sdrt-health/mac:02010b41cdec/antenna/tag/e2806894000050038661fd4f, 86
1652706799.316691, sdrt-health/mac:02010b41cdec/antenna/tag/e2806894000040038662114f, 88
1652706799.330867, sdrt-health/mac:02010b41cdec/antenna/tag/e28068940000400386621d4f, 96
1652706799.390098, sdrt-health/mac:02010b41cdec/antenna/tag/e2806894000050038662154f, 88
1652706799.473347, sdrt-health/mac:02010b41cdec/antenna/tag/e28068940000400386621d4f, 77
1652706799.514448, sdrt-health/mac:02010b41cdec/antenna/tag/e2806894000040038662114f, 85
1652706799.577779, sdrt-health/mac:02010b41cdec/antenna/tag/e2806894000050038661fd4f, 83
1652706799.578244, sdrt-health/mac:02010b41cdec/antenna/tag/e2806894000040038662114f, 93
1652706799.593231, sdrt-health/mac:02010b41cdec/antenna/tag/e28068940000500386620d4f, 84
1652706799.596662, sdrt-health/mac:02010b41cdec/antenna/tag/e2806894000040038662114f, 88
1652706799.649126, sdrt-health/mac:02010b41cdec/antenna/tag/e28068940000400386621d4f, 96
1652706799.698365, sdrt-health/mac:02010b41cdec/antenna/tag/e2806894000040038662114f, 88
1652706799.767096, sdrt-health/mac:02010b41cdec/antenna/tag/e2806894000050038662154f, 91
1652706799.767643, sdrt-health/mac:02010b41cdec/antenna/tag/e2806894000040038662114f, 91
1652706799.799962, sdrt-health/mac:02010b41cdec/antenna/tag/e28068940000400386621d4f, 96
1652706799.857139, sdrt-health/mac:02010b41cdec/antenna/tag/e2806894000050038661fd4f, 83
1652706799.890041, sdrt-health/mac:02010b41cdec/antenna/tag/e28068940000400386621d4f, 90
1652706799.890398, sdrt-health/mac:02010b41cdec/antenna/tag/e2806894000050038662194f, 87
1652706799.904661, sdrt-health/mac:02010b41cdec/antenna/tag/e28068940000500386620d4f, 85
1652706799.939544, sdrt-health/mac:02010b41cdec/antenna/tag/e2806894000050038661fd4f, 83
1652706799.980685, sdrt-health/mac:02010b41cdec/antenna/tag/e28068940000400386621d4f, 90
1652706800.019747, sdrt-health/mac:02010b41cdec/antenna/tag/e28068940000400386621d4f, 96
1652706800.04885, sdrt-health/mac:02010b41cdec/antenna/tag/e28068940000500386620d4f, 81
1652706800.049197, sdrt-health/mac:02010b41cdec/antenna/tag/e28068940000400386621d4f, 90
1652706800.063014, sdrt-health/mac:02010b41cdec/antenna/tag/e2806894000040038662114f, 88
1652706800.095261, sdrt-health/mac:02010b41cdec/antenna/tag/e2806894000050038661fd4f, 86
1652706800.124532, sdrt-health/mac:02010b41cdec/antenna/tag/e2806894000040038662114f, 88
1652706800.1248, sdrt-health/mac:02010b41cdec/antenna/tag/e28068940000400386621d4f, 96
1652706800.13861, sdrt-health/mac:02010b41cdec/antenna/tag/e28068940000400386621d4f, 96
1652706800.139679, sdrt-health/mac:02010b41cdec/antenna/tag/e2806894000040038662114f, 88
1652706800.170395, sdrt-health/mac:02010b41cdec/antenna/tag/e2806894000050038661fd4f, 86
1652706800.226716, sdrt-health/mac:02010b41cdec/antenna/tag/e2806894000040038662114f, 88
1652706800.287349, sdrt-health/mac:02010b41cdec/antenna/tag/e28068940000400386621d4f, 96
1652706800.287804, sdrt-health/mac:02010b41cdec/antenna/tag/e28068940000400386621d4f, 96
1652706800.309849, sdrt-health/mac:02010b41cdec/antenna/tag/e2806894000040038662114f, 88
1652706800.373598, sdrt-health/mac:02010b41cdec/antenna/tag/e2806894000040038662114f, 88
1652706800.374092, sdrt-health/mac:02010b41cdec/antenna/tag/e28068940000500386620d4f, 87
1652706800.388335, sdrt-health/mac:02010b41cdec/antenna/tag/e28068940000400386621d4f, 96
1652706800.418699, sdrt-health/mac:02010b41cdec/antenna/tag/e2806894000040038662114f, 88
1652706800.418918, sdrt-health/mac:02010b41cdec/antenna/tag/e2806894000040038662114f, 85
1652706800.449178, sdrt-health/mac:02010b41cdec/antenna/tag/e28068940000400386621d4f, 77
1652706800.512624, sdrt-health/mac:02010b41cdec/antenna/tag/e2806894000050038662154f, 85
1652706800.513077, sdrt-health/mac:02010b41cdec/antenna/tag/e2806894000040038662114f, 85
1652706800.527422, sdrt-health/mac:02010b41cdec/antenna/tag/e2806894000050038661fd4f, 97
1652706800.551251, sdrt-health/mac:02010b41cdec/antenna/tag/e2806894000040038662114f, 88
1652706800.590509, sdrt-health/mac:02010b41cdec/antenna/tag/e28068940000500386620d4f, 87
1652706800.654384, sdrt-health/mac:02010b41cdec/antenna/tag/e2806894000040038662114f, 88
1652706800.654901, sdrt-health/mac:02010b41cdec/antenna/tag/e2806894000040038662114f, 91
1652706800.681377, sdrt-health/mac:02010b41cdec/antenna/tag/e28068940000400386621d4f, 90
1652706800.720934, sdrt-health/mac:02010b41cdec/antenna/tag/e28068940000400386621d4f, 90
1652706800.759517, sdrt-health/mac:02010b41cdec/antenna/tag/e2806894000050038662154f, 88
1652706800.81547, sdrt-health/mac:02010b41cdec/antenna/tag/e2806894000050038662154f, 88
1652706800.816003, sdrt-health/mac:02010b41cdec/antenna/tag/e2806894000050038662154f, 88
1652706800.830107, sdrt-health/mac:02010b41cdec/antenna/tag/e2806894000050038661fd4f, 86
1652706800.850363, sdrt-health/mac:02010b41cdec/antenna/tag/e2806894000050038662194f, 83
1652706800.890591, sdrt-health/mac:02010b41cdec/antenna/tag/e2806894000050038661fd4f, 83
1652706800.940768, sdrt-health/mac:02010b41cdec/antenna/tag/e2806894000050038661fd4f, 83
1652706800.996095, sdrt-health/mac:02010b41cdec/antenna/tag/e28068940000500386620d4f, 94
1652706800.996632, sdrt-health/mac:02010b41cdec/antenna/tag/e2806894000050038662154f, 85
1652706801.010501, sdrt-health/mac:02010b41cdec/antenna/tag/e2806894000050038661fd4f, 83
1652706801.011038, sdrt-health/mac:02010b41cdec/antenna/tag/e28068940000500386620d4f, 81
1652706801.029254, sdrt-health/mac:02010b41cdec/antenna/tag/e2806894000050038662154f, 85
1652706801.079306, sdrt-health/mac:02010b41cdec/antenna/tag/e2806894000050038661fd4f, 83
1652706801.134854, sdrt-health/mac:02010b41cdec/antenna/tag/e28068940000500386620d4f, 93
1652706801.135444, sdrt-health/mac:02010b41cdec/antenna/tag/e28068940000400386621d4f, 96
1652706801.169567, sdrt-health/mac:02010b41cdec/antenna/tag/e28068940000400386621d4f, 96
1652706801.210584, sdrt-health/mac:02010b41cdec/antenna/tag/e28068940000500386620d4f, 87
1652706801.239505, sdrt-health/mac:02010b41cdec/antenna/tag/e2806894000040038662114f, 88
1652706801.239988, sdrt-health/mac:02010b41cdec/antenna/tag/e2806894000050038662194f, 83
1652706801.310219, sdrt-health/mac:02010b41cdec/antenna/tag/e2806894000050038661fd4f, 86
1652706801.350309, sdrt-health/mac:02010b41cdec/antenna/tag/e28068940000500386620d4f, 83
1652706801.40859, sdrt-health/mac:02010b41cdec/antenna/tag/e2806894000050038662194f, 84
1652706801.438412, sdrt-health/mac:02010b41cdec/antenna/tag/e28068940000500386620d4f, 83
1652706801.438626, sdrt-health/mac:02010b41cdec/antenna/tag/e28068940000400386621d4f, 77
1652706801.461714, sdrt-health/mac:02010b41cdec/antenna/tag/e28068940000400386621d4f, 90
1652706801.499918, sdrt-health/mac:02010b41cdec/antenna/tag/e2806894000050038661fd4f, 86
1652706801.532841, sdrt-health/mac:02010b41cdec/antenna/tag/e2806894000050038662194f, 87
1652706801.533264, sdrt-health/mac:02010b41cdec/antenna/tag/e2806894000050038661fd4f, 83
1652706801.5618, sdrt-health/mac:02010b41cdec/antenna/tag/e28068940000400386621d4f, 96
1652706801.620221, sdrt-health/mac:02010b41cdec/antenna/tag/e2806894000050038661fd4f, 86
1652706801.693691, sdrt-health/mac:02010b41cdec/antenna/tag/e28068940000400386621d4f, 96
1652706801.694223, sdrt-health/mac:02010b41cdec/antenna/tag/e2806894000050038661fd4f, 86
1652706801.70822, sdrt-health/mac:02010b41cdec/antenna/tag/e2806894000040038662114f, 88
1652706801.72003, sdrt-health/mac:02010b41cdec/antenna/tag/e28068940000500386620d4f, 83
1652706801.769517, sdrt-health/mac:02010b41cdec/antenna/tag/e2806894000040038662114f, 88
1652706801.83486, sdrt-health/mac:02010b41cdec/antenna/tag/e2806894000050038661fd4f, 86
1652706801.835393, sdrt-health/mac:02010b41cdec/antenna/tag/e2806894000050038662154f, 91
1652706801.855901, sdrt-health/mac:02010b41cdec/antenna/tag/e2806894000050038662194f, 81
1652706801.918059, sdrt-health/mac:02010b41cdec/antenna/tag/e2806894000040038662114f, 88
1652706801.918559, sdrt-health/mac:02010b41cdec/antenna/tag/e2806894000050038662194f, 88
1652706801.950155, sdrt-health/mac:02010b41cdec/antenna/tag/e28068940000400386621d4f, 90
1652706801.990018, sdrt-health/mac:02010b41cdec/antenna/tag/e2806894000050038662154f, 91
1652706802.018625, sdrt-health/mac:02010b41cdec/antenna/tag/e2806894000050038661fd4f, 86
1652706802.01917, sdrt-health/mac:02010b41cdec/antenna/tag/e2806894000050038662154f, 91
1652706802.037187, sdrt-health/mac:02010b41cdec/antenna/tag/e2806894000050038662154f, 91
1652706802.094243, sdrt-health/mac:02010b41cdec/antenna/tag/e28068940000500386620d4f, 81
1652706802.094785, sdrt-health/mac:02010b41cdec/antenna/tag/e28068940000400386621d4f, 96
1652706802.11978, sdrt-health/mac:02010b41cdec/antenna/tag/e2806894000040038662114f, 88
1652706802.176332, sdrt-health/mac:02010b41cdec/antenna/tag/e2806894000040038662114f, 88
1652706802.176911, sdrt-health/mac:02010b41cdec/antenna/tag/e28068940000400386621d4f, 96
1652706802.210516, sdrt-health/mac:02010b41cdec/antenna/tag/e2806894000050038662154f, 88
1652706802.2494, sdrt-health/mac:02010b41cdec/antenna/tag/e2806894000040038661f94f, 88
1652706802.290231, sdrt-health/mac:02010b41cdec/antenna/tag/e28068940000400386621d4f, 77
1652706802.321695, sdrt-health/mac:02010b41cdec/antenna/tag/e2806894000050038662194f, 88
1652706802.322019, sdrt-health/mac:02010b41cdec/antenna/tag/e2806894000050038662154f, 85
1652706802.341348, sdrt-health/mac:02010b41cdec/antenna/tag/e28068940000500386620d4f, 83
1652706802.395269, sdrt-health/mac:02010b41cdec/antenna/tag/e2806894000050038661fd4f, 83
1652706802.42753, sdrt-health/mac:02010b41cdec/antenna/tag/e2806894000050038662154f, 85
1652706802.427973, sdrt-health/mac:02010b41cdec/antenna/tag/e2806894000050038662194f, 81
1652706802.441508, sdrt-health/mac:02010b41cdec/antenna/tag/e2806894000050038662194f, 81
1652706802.441735, sdrt-health/mac:02010b41cdec/antenna/tag/e28068940000500386620d4f, 94
1652706802.480266, sdrt-health/mac:02010b41cdec/antenna/tag/e28068940000500386620d4f, 83
1652706802.52823, sdrt-health/mac:02010b41cdec/antenna/tag/e28068940000400386621d4f, 90
1652706802.583405, sdrt-health/mac:02010b41cdec/antenna/tag/e2806894000050038661fd4f, 86
1652706802.5838, sdrt-health/mac:02010b41cdec/antenna/tag/e2806894000050038662154f, 88
1652706802.598549, sdrt-health/mac:02010b41cdec/antenna/tag/e2806894000040038662114f, 88
1652706802.618919, sdrt-health/mac:02010b41cdec/antenna/tag/e2806894000040038662054f, 81
1652706802.674682, sdrt-health/mac:02010b41cdec/antenna/tag/e2806894000050038662154f, 88
1652706802.675192, sdrt-health/mac:02010b41cdec/antenna/tag/e2806894000050038662154f, 91
1652706802.700764, sdrt-health/mac:02010b41cdec/antenna/tag/e28068940000500386620d4f, 87
1652706802.72841, sdrt-health/mac:02010b41cdec/antenna/tag/e2806894000050038661fd4f, 83
1652706802.729306, sdrt-health/mac:02010b41cdec/antenna/tag/e2806894000050038662154f, 91
1652706802.757793, sdrt-health/mac:02010b41cdec/antenna/tag/e2806894000050038662154f, 88
1652706802.836082, sdrt-health/mac:02010b41cdec/antenna/tag/e2806894000050038662194f, 81
1652706802.836536, sdrt-health/mac:02010b41cdec/antenna/tag/e2806894000040038662114f, 91
1652706802.8371, sdrt-health/mac:02010b41cdec/antenna/tag/e2806894000050038662154f, 85
1652706802.837613, sdrt-health/mac:02010b41cdec/antenna/tag/e2806894000050038661fd4f, 83
1652706802.869932, sdrt-health/mac:02010b41cdec/antenna/tag/e28068940000400386621d4f, 77
1652706802.920003, sdrt-health/mac:02010b41cdec/antenna/tag/e2806894000050038661fd4f, 83
1652706802.999253, sdrt-health/mac:02010b41cdec/antenna/tag/e2806894000050038662154f, 91
1652706803.03938, sdrt-health/mac:02010b41cdec/antenna/tag/e2806894000050038661fd4f, 83
1652706803.10096, sdrt-health/mac:02010b41cdec/antenna/tag/e28068940000400386621d4f, 96
1652706803.101489, sdrt-health/mac:02010b41cdec/antenna/tag/e2806894000050038662194f, 83
1652706803.101874, sdrt-health/mac:02010b41cdec/antenna/tag/e2806894000050038661fd4f, 86
1652706803.102196, sdrt-health/mac:02010b41cdec/antenna/tag/e28068940000400386621d4f, 96
1652706803.120619, sdrt-health/mac:02010b41cdec/antenna/tag/e28068940000400386621d4f, 90
1652706803.184385, sdrt-health/mac:02010b41cdec/antenna/tag/e2806894000050038661fd4f, 83
1652706803.184971, sdrt-health/mac:02010b41cdec/antenna/tag/e28068940000400386621d4f, 96
1652706803.209898, sdrt-health/mac:02010b41cdec/antenna/tag/e28068940000500386620d4f, 93
1652706803.274198, sdrt-health/mac:02010b41cdec/antenna/tag/e2806894000050038661fd4f, 83
1652706803.274772, sdrt-health/mac:02010b41cdec/antenna/tag/e2806894000050038662154f, 88
1652706803.288922, sdrt-health/mac:02010b41cdec/antenna/tag/e2806894000050038661fd4f, 83
1652706803.299469, sdrt-health/mac:02010b41cdec/antenna/tag/e2806894000050038662154f, 88
1652706803.304641, sdrt-health/mac:02010b41cdec/antenna/tag/e2806894000050038661fd4f, 83
1652706803.349285, sdrt-health/mac:02010b41cdec/antenna/tag/e2806894000050038662154f, 88
1652706803.383758, sdrt-health/mac:02010b41cdec/antenna/tag/e2806894000050038662194f, 94
1652706803.384282, sdrt-health/mac:02010b41cdec/antenna/tag/e2806894000050038662154f, 88
1652706803.384608, sdrt-health/mac:02010b41cdec/antenna/tag/e2806894000050038661fd4f, 83
1652706803.3972, sdrt-health/mac:02010b41cdec/antenna/tag/e2806894000050038662154f, 85
1652706803.397397, sdrt-health/mac:02010b41cdec/antenna/tag/e2806894000050038661fd4f, 83
1652706803.439797, sdrt-health/mac:02010b41cdec/antenna/tag/e2806894000050038662154f, 88
1652706803.470421, sdrt-health/mac:02010b41cdec/antenna/tag/e2806894000050038662194f, 81
1652706803.470804, sdrt-health/mac:02010b41cdec/antenna/tag/e2806894000050038662154f, 85
1652706803.484813, sdrt-health/mac:02010b41cdec/antenna/tag/e2806894000050038662194f, 83
1652706803.530368, sdrt-health/mac:02010b41cdec/antenna/tag/e2806894000050038662154f, 88
1652706803.603002, sdrt-health/mac:02010b41cdec/antenna/tag/e2806894000040038662114f, 85
1652706803.603599, sdrt-health/mac:02010b41cdec/antenna/tag/e28068940000500386620d4f, 81
1652706803.617324, sdrt-health/mac:02010b41cdec/antenna/tag/e2806894000050038662154f, 85
1652706803.630166, sdrt-health/mac:02010b41cdec/antenna/tag/e2806894000050038662154f, 88
1652706803.687504, sdrt-health/mac:02010b41cdec/antenna/tag/e2806894000050038662194f, 87
1652706803.74992, sdrt-health/mac:02010b41cdec/antenna/tag/e28068940000400386621d4f, 96
1652706803.750373, sdrt-health/mac:02010b41cdec/antenna/tag/e2806894000050038662154f, 85
1652706803.766651, sdrt-health/mac:02010b41cdec/antenna/tag/e28068940000400386621d4f, 96
1652706803.795843, sdrt-health/mac:02010b41cdec/antenna/tag/e2806894000050038661fd4f, 83
1652706803.79613, sdrt-health/mac:02010b41cdec/antenna/tag/e2806894000050038661fd4f, 86
1652706803.829259, sdrt-health/mac:02010b41cdec/antenna/tag/e2806894000050038662154f, 88
1652706803.858427, sdrt-health/mac:02010b41cdec/antenna/tag/e2806894000050038661fd4f, 83
1652706803.85869, sdrt-health/mac:02010b41cdec/antenna/tag/e2806894000040038662114f, 85
1652706803.880318, sdrt-health/mac:02010b41cdec/antenna/tag/e28068940000500386620d4f, 81
1652706803.930403, sdrt-health/mac:02010b41cdec/antenna/tag/e2806894000050038661fd4f, 86
1652706803.991145, sdrt-health/mac:02010b41cdec/antenna/tag/e28068940000400386621d4f, 96
1652706804.040745, sdrt-health/mac:02010b41cdec/antenna/tag/e28068940000500386620d4f, 94
1652706804.090153, sdrt-health/mac:02010b41cdec/antenna/tag/e28068940000400386621d4f, 77
1652706804.144821, sdrt-health/mac:02010b41cdec/antenna/tag/e28068940000500386620d4f, 94
1652706804.145324, sdrt-health/mac:02010b41cdec/antenna/tag/e2806894000050038661fd4f, 83
1652706804.1601, sdrt-health/mac:02010b41cdec/antenna/tag/e28068940000400386621d4f, 77
1652706804.169323, sdrt-health/mac:02010b41cdec/antenna/tag/e2806894000040038662114f, 91
1652706804.217515, sdrt-health/mac:02010b41cdec/antenna/tag/e2806894000050038662154f, 91
1652706804.247188, sdrt-health/mac:02010b41cdec/antenna/tag/e28068940000500386620d4f, 94
1652706804.247515, sdrt-health/mac:02010b41cdec/antenna/tag/e28068940000400386621d4f, 90
1652706804.260373, sdrt-health/mac:02010b41cdec/antenna/tag/e2806894000040038662114f, 91
1652706804.260617, sdrt-health/mac:02010b41cdec/antenna/tag/e2806894000050038661fd4f, 86
1652706804.260781, sdrt-health/mac:02010b41cdec/antenna/tag/e28068940000400386621d4f, 90
1652706804.296123, sdrt-health/mac:02010b41cdec/antenna/tag/e28068940000400386621d4f, 96
1652706804.340176, sdrt-health/mac:02010b41cdec/antenna/tag/e2806894000050038662154f, 88
1652706804.380262, sdrt-health/mac:02010b41cdec/antenna/tag/e2806894000040038662114f, 91
1652706804.42842, sdrt-health/mac:02010b41cdec/antenna/tag/e2806894000040038662114f, 85
1652706804.472783, sdrt-health/mac:02010b41cdec/antenna/tag/e28068940000500386620d4f, 88
1652706804.528304, sdrt-health/mac:02010b41cdec/antenna/tag/e2806894000040038662114f, 85
1652706804.568968, sdrt-health/mac:02010b41cdec/antenna/tag/e2806894000040038662114f, 88
1652706804.62518, sdrt-health/mac:02010b41cdec/antenna/tag/e2806894000040038662114f, 88
1652706804.625745, sdrt-health/mac:02010b41cdec/antenna/tag/e2806894000040038662114f, 88
1652706804.639328, sdrt-health/mac:02010b41cdec/antenna/tag/e2806894000050038662154f, 91
1652706804.649714, sdrt-health/mac:02010b41cdec/antenna/tag/e2806894000050038661fd4f, 86
1652706804.653844, sdrt-health/mac:02010b41cdec/antenna/tag/e28068940000400386621d4f, 96
1652706804.700263, sdrt-health/mac:02010b41cdec/antenna/tag/e28068940000400386621d4f, 96
1652706804.773289, sdrt-health/mac:02010b41cdec/antenna/tag/e28068940000400386621d4f, 90
1652706804.805342, sdrt-health/mac:02010b41cdec/antenna/tag/e2806894000040038662114f, 91
1652706804.805808, sdrt-health/mac:02010b41cdec/antenna/tag/e2806894000040038662114f, 91
1652706804.806184, sdrt-health/mac:02010b41cdec/antenna/tag/e2806894000050038662154f, 88
1652706804.820422, sdrt-health/mac:02010b41cdec/antenna/tag/e2806894000040038662114f, 91
1652706804.861459, sdrt-health/mac:02010b41cdec/antenna/tag/e28068940000400386621d4f, 96
1652706804.91809, sdrt-health/mac:02010b41cdec/antenna/tag/e2806894000050038661fd4f, 83
1652706804.918558, sdrt-health/mac:02010b41cdec/antenna/tag/e2806894000040038662114f, 85
1652706804.93317, sdrt-health/mac:02010b41cdec/antenna/tag/e2806894000040038662114f, 85
1652706804.93949, sdrt-health/mac:02010b41cdec/antenna/tag/e2806894000040038662114f, 88
1652706804.988341, sdrt-health/mac:02010b41cdec/antenna/tag/e2806894000050038662194f, 81
1652706805.018419, sdrt-health/mac:02010b41cdec/antenna/tag/e2806894000040038662114f, 85
1652706805.018755, sdrt-health/mac:02010b41cdec/antenna/tag/e2806894000050038662154f, 88
1652706805.033218, sdrt-health/mac:02010b41cdec/antenna/tag/e28068940000400386621d4f, 96
1652706805.033537, sdrt-health/mac:02010b41cdec/antenna/tag/e28068940000400386621d4f, 96
1652706805.033974, sdrt-health/mac:02010b41cdec/antenna/tag/e2806894000050038662194f, 94
1652706805.079352, sdrt-health/mac:02010b41cdec/antenna/tag/e2806894000050038662194f, 81
1652706805.132424, sdrt-health/mac:02010b41cdec/antenna/tag/e28068940000400386621d4f, 77
1652706805.162328, sdrt-health/mac:02010b41cdec/antenna/tag/e28068940000400386621d4f, 96
1652706805.162621, sdrt-health/mac:02010b41cdec/antenna/tag/e2806894000050038661fd4f, 83
1652706805.177543, sdrt-health/mac:02010b41cdec/antenna/tag/e2806894000050038662154f, 88
1652706805.219957, sdrt-health/mac:02010b41cdec/antenna/tag/e2806894000050038661fd4f, 83
1652706805.260143, sdrt-health/mac:02010b41cdec/antenna/tag/e2806894000050038662154f, 88
1652706805.308902, sdrt-health/mac:02010b41cdec/antenna/tag/e28068940000400386621d4f, 96
1652706805.358491, sdrt-health/mac:02010b41cdec/antenna/tag/e28068940000400386621d4f, 96
1652706805.407453, sdrt-health/mac:02010b41cdec/antenna/tag/e2806894000040038662114f, 85
1652706805.465165, sdrt-health/mac:02010b41cdec/antenna/tag/e28068940000400386621d4f, 96
1652706805.465618, sdrt-health/mac:02010b41cdec/antenna/tag/e2806894000040038662114f, 88
1652706805.500125, sdrt-health/mac:02010b41cdec/antenna/tag/e2806894000040038662114f, 91
1652706805.565825, sdrt-health/mac:02010b41cdec/antenna/tag/e28068940000500386620d4f, 81
1652706805.566124, sdrt-health/mac:02010b41cdec/antenna/tag/e2806894000050038661fd4f, 86
1652706805.581996, sdrt-health/mac:02010b41cdec/antenna/tag/e28068940000400386621d4f, 96
1652706805.582468, sdrt-health/mac:02010b41cdec/antenna/tag/e2806894000050038661fd4f, 86
1652706805.582828, sdrt-health/mac:02010b41cdec/antenna/tag/e28068940000500386620d4f, 81
1652706805.598939, sdrt-health/mac:02010b41cdec/antenna/tag/e2806894000050038661fd4f, 86
1652706805.629784, sdrt-health/mac:02010b41cdec/antenna/tag/e28068940000500386620d4f, 94
1652706805.677642, sdrt-health/mac:02010b41cdec/antenna/tag/e2806894000040038662114f, 88
1652706805.743993, sdrt-health/mac:02010b41cdec/antenna/tag/e2806894000050038661fd4f, 86
1652706805.744562, sdrt-health/mac:02010b41cdec/antenna/tag/e28068940000400386621d4f, 96
1652706805.744955, sdrt-health/mac:02010b41cdec/antenna/tag/e28068940000400386621d4f, 90
1652706805.769256, sdrt-health/mac:02010b41cdec/antenna/tag/e2806894000050038661fd4f, 86
1652706805.810052, sdrt-health/mac:02010b41cdec/antenna/tag/e2806894000050038662154f, 97
1652706805.866065, sdrt-health/mac:02010b41cdec/antenna/tag/e28068940000400386621d4f, 96
1652706805.866535, sdrt-health/mac:02010b41cdec/antenna/tag/e2806894000050038662154f, 88
1652706805.889499, sdrt-health/mac:02010b41cdec/antenna/tag/e28068940000500386620d4f, 81
1652706805.945866, sdrt-health/mac:02010b41cdec/antenna/tag/e28068940000500386620d4f, 85
1652706805.946435, sdrt-health/mac:02010b41cdec/antenna/tag/e28068940000400386621d4f, 96
1652706806.00085, sdrt-health/mac:02010b41cdec/antenna/tag/e2806894000050038662154f, 88
1652706806.067457, sdrt-health/mac:02010b41cdec/antenna/tag/e2806894000050038662194f, 83
1652706806.130058, sdrt-health/mac:02010b41cdec/antenna/tag/e28068940000500386620d4f, 93
1652706806.168854, sdrt-health/mac:02010b41cdec/antenna/tag/e2806894000050038661fd4f, 83
1652706806.210778, sdrt-health/mac:02010b41cdec/antenna/tag/e2806894000040038662114f, 88
1652706806.248958, sdrt-health/mac:02010b41cdec/antenna/tag/e2806894000040038662114f, 88
1652706806.304032, sdrt-health/mac:02010b41cdec/antenna/tag/e2806894000050038662154f, 91
1652706806.30448, sdrt-health/mac:02010b41cdec/antenna/tag/e28068940000400386621d4f, 90
1652706806.339393, sdrt-health/mac:02010b41cdec/antenna/tag/e2806894000050038661fd4f, 86
1652706806.387721, sdrt-health/mac:02010b41cdec/antenna/tag/e28068940000500386620d4f, 87
1652706806.445535, sdrt-health/mac:02010b41cdec/antenna/tag/e28068940000500386620d4f, 93
1652706806.446085, sdrt-health/mac:02010b41cdec/antenna/tag/e28068940000400386621d4f, 90
1652706806.45987, sdrt-health/mac:02010b41cdec/antenna/tag/e2806894000040038662114f, 91
1652706806.480993, sdrt-health/mac:02010b41cdec/antenna/tag/e28068940000500386620d4f, 87
1652706806.536257, sdrt-health/mac:02010b41cdec/antenna/tag/e2806894000040038662114f, 91
1652706806.536751, sdrt-health/mac:02010b41cdec/antenna/tag/e2806894000040038662114f, 88
1652706806.551037, sdrt-health/mac:02010b41cdec/antenna/tag/e2806894000040038662114f, 88
1652706806.559366, sdrt-health/mac:02010b41cdec/antenna/tag/e2806894000050038661fd4f, 90
1652706806.608102, sdrt-health/mac:02010b41cdec/antenna/tag/e2806894000040038662114f, 91
1652706806.665943, sdrt-health/mac:02010b41cdec/antenna/tag/e2806894000040038662114f, 88
1652706806.666493, sdrt-health/mac:02010b41cdec/antenna/tag/e2806894000040038662114f, 88
1652706806.688565, sdrt-health/mac:02010b41cdec/antenna/tag/e2806894000050038661fd4f, 83
1652706806.729411, sdrt-health/mac:02010b41cdec/antenna/tag/e28068940000500386620d4f, 83
1652706806.800926, sdrt-health/mac:02010b41cdec/antenna/tag/e2806894000050038662154f, 88
1652706806.839484, sdrt-health/mac:02010b41cdec/antenna/tag/e28068940000400386621d4f, 96
1652706806.914489, sdrt-health/mac:02010b41cdec/antenna/tag/e2806894000040038662114f, 85
1652706806.915003, sdrt-health/mac:02010b41cdec/antenna/tag/e2806894000050038662154f, 85
1652706806.939409, sdrt-health/mac:02010b41cdec/antenna/tag/e2806894000040038662114f, 85
1652706806.980398, sdrt-health/mac:02010b41cdec/antenna/tag/e28068940000500386620d4f, 83
1652706807.033228, sdrt-health/mac:02010b41cdec/antenna/tag/e2806894000050038662154f, 85
1652706807.033594, sdrt-health/mac:02010b41cdec/antenna/tag/e28068940000500386620d4f, 93
1652706807.047629, sdrt-health/mac:02010b41cdec/antenna/tag/e2806894000050038662154f, 85
1652706807.059247, sdrt-health/mac:02010b41cdec/antenna/tag/e2806894000040038662114f, 88
1652706807.062061, sdrt-health/mac:02010b41cdec/antenna/tag/e2806894000050038662154f, 88
1652706807.101747, sdrt-health/mac:02010b41cdec/antenna/tag/e28068940000400386621d4f, 90
1652706807.190648, sdrt-health/mac:02010b41cdec/antenna/tag/e2806894000040038662114f, 85
1652706807.191175, sdrt-health/mac:02010b41cdec/antenna/tag/e28068940000400386621d4f, 96
1652706807.228129, sdrt-health/mac:02010b41cdec/antenna/tag/e28068940000400386621d4f, 90
1652706807.270402, sdrt-health/mac:02010b41cdec/antenna/tag/e28068940000400386621d4f, 96
1652706807.319885, sdrt-health/mac:02010b41cdec/antenna/tag/e2806894000050038662154f, 91
1652706807.383272, sdrt-health/mac:02010b41cdec/antenna/tag/e2806894000040038662114f, 91
1652706807.383768, sdrt-health/mac:02010b41cdec/antenna/tag/e2806894000040038662114f, 88
1652706807.398086, sdrt-health/mac:02010b41cdec/antenna/tag/e2806894000050038661fd4f, 86
1652706807.41994, sdrt-health/mac:02010b41cdec/antenna/tag/e2806894000050038661fd4f, 83
1652706807.468497, sdrt-health/mac:02010b41cdec/antenna/tag/e2806894000040038662114f, 88
1652706807.497632, sdrt-health/mac:02010b41cdec/antenna/tag/e2806894000050038662154f, 85
1652706807.497843, sdrt-health/mac:02010b41cdec/antenna/tag/e2806894000050038661fd4f, 83
1652706807.52042, sdrt-health/mac:02010b41cdec/antenna/tag/e2806894000050038661fd4f, 83
1652706807.596371, sdrt-health/mac:02010b41cdec/antenna/tag/e28068940000500386620d4f, 81
1652706807.597021, sdrt-health/mac:02010b41cdec/antenna/tag/e2806894000050038662194f, 81
1652706807.61135, sdrt-health/mac:02010b41cdec/antenna/tag/e2806894000050038661fd4f, 86
1652706807.620673, sdrt-health/mac:02010b41cdec/antenna/tag/e2806894000050038662194f, 81
1652706807.668319, sdrt-health/mac:02010b41cdec/antenna/tag/e2806894000050038661fd4f, 83
1652706807.710652, sdrt-health/mac:02010b41cdec/antenna/tag/e2806894000050038662154f, 88
1652706807.749586, sdrt-health/mac:02010b41cdec/antenna/tag/e2806894000050038661fd4f, 86
1652706807.789867, sdrt-health/mac:02010b41cdec/antenna/tag/e2806894000050038661fd4f, 83
1652706807.830423, sdrt-health/mac:02010b41cdec/antenna/tag/e2806894000050038662194f, 94
1652706807.880711, sdrt-health/mac:02010b41cdec/antenna/tag/e2806894000050038662154f, 85
1652706807.946657, sdrt-health/mac:02010b41cdec/antenna/tag/e2806894000050038662154f, 88
1652706807.94719, sdrt-health/mac:02010b41cdec/antenna/tag/e2806894000050038661fd4f, 83
1652706807.969924, sdrt-health/mac:02010b41cdec/antenna/tag/e2806894000040038662114f, 91
1652706808.078189, sdrt-health/mac:02010b41cdec/antenna/tag/e2806894000050038662154f, 91
1652706808.079596, sdrt-health/mac:02010b41cdec/antenna/tag/e2806894000040038662114f, 85
1652706808.118401, sdrt-health/mac:02010b41cdec/antenna/tag/e2806894000050038661fd4f, 86
1652706808.184994, sdrt-health/mac:02010b41cdec/antenna/tag/e28068940000500386620d4f, 83
1652706808.18555, sdrt-health/mac:02010b41cdec/antenna/tag/e28068940000400386621d4f, 96
1652706808.20049, sdrt-health/mac:02010b41cdec/antenna/tag/e28068940000500386620d4f, 87
1652706808.200886, sdrt-health/mac:02010b41cdec/antenna/tag/e2806894000050038662154f, 91
1652706808.23046, sdrt-health/mac:02010b41cdec/antenna/tag/e2806894000050038661fd4f, 86
1652706808.289712, sdrt-health/mac:02010b41cdec/antenna/tag/e28068940000400386621d4f, 90
1652706808.372349, sdrt-health/mac:02010b41cdec/antenna/tag/e2806894000050038662154f, 88
1652706808.372855, sdrt-health/mac:02010b41cdec/antenna/tag/e28068940000400386621d4f, 96
1652706808.389085, sdrt-health/mac:02010b41cdec/antenna/tag/e28068940000400386621d4f, 96
1652706808.389586, sdrt-health/mac:02010b41cdec/antenna/tag/e2806894000050038662154f, 88
1652706808.389868, sdrt-health/mac:02010b41cdec/antenna/tag/e2806894000050038661fd4f, 83
1652706808.409407, sdrt-health/mac:02010b41cdec/antenna/tag/e2806894000040038662114f, 88
1652706808.476435, sdrt-health/mac:02010b41cdec/antenna/tag/e2806894000050038662194f, 81
1652706808.477006, sdrt-health/mac:02010b41cdec/antenna/tag/e2806894000050038662154f, 88
1652706808.511643, sdrt-health/mac:02010b41cdec/antenna/tag/e2806894000040038662114f, 88
1652706808.561922, sdrt-health/mac:02010b41cdec/antenna/tag/e2806894000040038662114f, 91
1652706808.596048, sdrt-health/mac:02010b41cdec/antenna/tag/e28068940000400386621d4f, 96
1652706808.596461, sdrt-health/mac:02010b41cdec/antenna/tag/e2806894000050038662154f, 91
1652706808.613056, sdrt-health/mac:02010b41cdec/antenna/tag/e2806894000040038662114f, 88
1652706808.649664, sdrt-health/mac:02010b41cdec/antenna/tag/e2806894000050038662154f, 88
1652706808.68413, sdrt-health/mac:02010b41cdec/antenna/tag/e2806894000050038661fd4f, 83
1652706808.684492, sdrt-health/mac:02010b41cdec/antenna/tag/e28068940000400386621d4f, 90
1652706808.70043, sdrt-health/mac:02010b41cdec/antenna/tag/e2806894000050038662154f, 88
1652706808.700955, sdrt-health/mac:02010b41cdec/antenna/tag/e28068940000500386620d4f, 88
1652706808.747763, sdrt-health/mac:02010b41cdec/antenna/tag/e28068940000500386620d4f, 83
1652706808.808062, sdrt-health/mac:02010b41cdec/antenna/tag/e2806894000050038661fd4f, 83
1652706808.80857, sdrt-health/mac:02010b41cdec/antenna/tag/e2806894000040038662114f, 85
1652706808.840541, sdrt-health/mac:02010b41cdec/antenna/tag/e2806894000050038662194f, 81
1652706808.89539, sdrt-health/mac:02010b41cdec/antenna/tag/e28068940000500386620d4f, 81
1652706808.895839, sdrt-health/mac:02010b41cdec/antenna/tag/e2806894000040038661f94f, 84
1652706808.928205, sdrt-health/mac:02010b41cdec/antenna/tag/e2806894000050038662194f, 81
1652706808.985452, sdrt-health/mac:02010b41cdec/antenna/tag/e28068940000400386621d4f, 96
1652706808.985912, sdrt-health/mac:02010b41cdec/antenna/tag/e2806894000050038662154f, 88
1652706809.029775, sdrt-health/mac:02010b41cdec/antenna/tag/e28068940000500386620d4f, 87
1652706809.087272, sdrt-health/mac:02010b41cdec/antenna/tag/e2806894000040038662114f, 88
1652706809.087756, sdrt-health/mac:02010b41cdec/antenna/tag/e28068940000500386620d4f, 83
1652706809.110146, sdrt-health/mac:02010b41cdec/antenna/tag/e2806894000040038662114f, 88
1652706809.16935, sdrt-health/mac:02010b41cdec/antenna/tag/e28068940000500386620d4f, 83
1652706809.227804, sdrt-health/mac:02010b41cdec/antenna/tag/e28068940000400386621d4f, 90
1652706809.22821, sdrt-health/mac:02010b41cdec/antenna/tag/e2806894000050038661fd4f, 86
1652706809.260761, sdrt-health/mac:02010b41cdec/antenna/tag/e2806894000040038662114f, 91
1652706809.301466, sdrt-health/mac:02010b41cdec/antenna/tag/e28068940000400386621d4f, 96
1652706809.340984, sdrt-health/mac:02010b41cdec/antenna/tag/e2806894000050038661fd4f, 86
1652706809.380179, sdrt-health/mac:02010b41cdec/antenna/tag/e28068940000400386621d4f, 77
1652706809.430426, sdrt-health/mac:02010b41cdec/antenna/tag/e2806894000050038662154f, 85
1652706809.488171, sdrt-health/mac:02010b41cdec/antenna/tag/e28068940000400386621d4f, 77
1652706809.488644, sdrt-health/mac:02010b41cdec/antenna/tag/e28068940000400386621d4f, 77
1652706809.520338, sdrt-health/mac:02010b41cdec/antenna/tag/e28068940000400386621d4f, 96
1652706809.560743, sdrt-health/mac:02010b41cdec/antenna/tag/e2806894000050038662194f, 83
1652706809.601757, sdrt-health/mac:02010b41cdec/antenna/tag/e2806894000050038662154f, 88
1652706809.651259, sdrt-health/mac:02010b41cdec/antenna/tag/e2806894000050038662154f, 91
1652706809.766322, sdrt-health/mac:02010b41cdec/antenna/tag/e2806894000050038662154f, 88
1652706809.766798, sdrt-health/mac:02010b41cdec/antenna/tag/e2806894000050038662154f, 88
1652706809.82496, sdrt-health/mac:02010b41cdec/antenna/tag/e28068940000400386621d4f, 96
1652706809.935461, sdrt-health/mac:02010b41cdec/antenna/tag/e2806894000040038662114f, 88
1652706809.93596, sdrt-health/mac:02010b41cdec/antenna/tag/e2806894000050038662194f, 87
1652706810.002207, sdrt-health/mac:02010b41cdec/antenna/tag/e28068940000400386621d4f, 90
1652706810.056018, sdrt-health/mac:02010b41cdec/antenna/tag/e2806894000040038662114f, 91
1652706810.056525, sdrt-health/mac:02010b41cdec/antenna/tag/e28068940000400386621d4f, 96
1652706810.08082, sdrt-health/mac:02010b41cdec/antenna/tag/e2806894000050038661fd4f, 83
1652706810.137734, sdrt-health/mac:02010b41cdec/antenna/tag/e28068940000400386621d4f, 77
1652706810.13818, sdrt-health/mac:02010b41cdec/antenna/tag/e28068940000500386620d4f, 81
1652706810.161679, sdrt-health/mac:02010b41cdec/antenna/tag/e28068940000400386621d4f, 96
1652706810.217937, sdrt-health/mac:02010b41cdec/antenna/tag/e2806894000050038662194f, 83
1652706810.21845, sdrt-health/mac:02010b41cdec/antenna/tag/e2806894000050038661fd4f, 83
1652706810.250419, sdrt-health/mac:02010b41cdec/antenna/tag/e2806894000050038662194f, 81
1652706810.291195, sdrt-health/mac:02010b41cdec/antenna/tag/e28068940000400386621d4f, 77
1652706810.350336, sdrt-health/mac:02010b41cdec/antenna/tag/e2806894000050038662194f, 83
1652706810.35093, sdrt-health/mac:02010b41cdec/antenna/tag/e2806894000050038662154f, 85
1652706810.36617, sdrt-health/mac:02010b41cdec/antenna/tag/e2806894000050038662154f, 88
1652706810.369889, sdrt-health/mac:02010b41cdec/antenna/tag/e28068940000500386620d4f, 81
1652706810.410697, sdrt-health/mac:02010b41cdec/antenna/tag/e2806894000040038662114f, 88
1652706810.466351, sdrt-health/mac:02010b41cdec/antenna/tag/e2806894000050038662194f, 81
1652706810.466989, sdrt-health/mac:02010b41cdec/antenna/tag/e28068940000400386621d4f, 96
1652706810.503822, sdrt-health/mac:02010b41cdec/antenna/tag/e2806894000050038661fd4f, 86
1652706810.55717, sdrt-health/mac:02010b41cdec/antenna/tag/e28068940000400386621d4f, 96
1652706810.557667, sdrt-health/mac:02010b41cdec/antenna/tag/e28068940000400386621d4f, 77
1652706810.579591, sdrt-health/mac:02010b41cdec/antenna/tag/e28068940000500386620d4f, 83
1652706810.679984, sdrt-health/mac:02010b41cdec/antenna/tag/e28068940000500386620d4f, 94
1652706810.759104, sdrt-health/mac:02010b41cdec/antenna/tag/e28068940000400386621d4f, 90
1652706810.789926, sdrt-health/mac:02010b41cdec/antenna/tag/e2806894000040038662114f, 91
1652706810.790428, sdrt-health/mac:02010b41cdec/antenna/tag/e2806894000050038661fd4f, 86
1652706810.790891, sdrt-health/mac:02010b41cdec/antenna/tag/e28068940000500386620d4f, 94
1652706810.80585, sdrt-health/mac:02010b41cdec/antenna/tag/e2806894000050038661fd4f, 86
1652706810.806121, sdrt-health/mac:02010b41cdec/antenna/tag/e2806894000050038662154f, 88
1652706810.866968, sdrt-health/mac:02010b41cdec/antenna/tag/e2806894000050038662194f, 83
1652706810.926425, sdrt-health/mac:02010b41cdec/antenna/tag/e2806894000050038661fd4f, 86
1652706810.927035, sdrt-health/mac:02010b41cdec/antenna/tag/e2806894000050038662154f, 88
1652706810.950576, sdrt-health/mac:02010b41cdec/antenna/tag/e28068940000400386621d4f, 77
1652706810.999193, sdrt-health/mac:02010b41cdec/antenna/tag/e2806894000050038662154f, 88
1652706811.065976, sdrt-health/mac:02010b41cdec/antenna/tag/e2806894000040038662114f, 88
1652706811.066535, sdrt-health/mac:02010b41cdec/antenna/tag/e2806894000040038662114f, 88
1652706811.089195, sdrt-health/mac:02010b41cdec/antenna/tag/e28068940000400386621d4f, 90
1652706811.145307, sdrt-health/mac:02010b41cdec/antenna/tag/e2806894000050038661fd4f, 83
1652706811.145846, sdrt-health/mac:02010b41cdec/antenna/tag/e28068940000400386621d4f, 90
1652706811.189928, sdrt-health/mac:02010b41cdec/antenna/tag/e28068940000400386621d4f, 96
1652706811.232581, sdrt-health/mac:02010b41cdec/antenna/tag/e2806894000050038661fd4f, 86
1652706811.29705, sdrt-health/mac:02010b41cdec/antenna/tag/e2806894000040038662114f, 91
1652706811.297495, sdrt-health/mac:02010b41cdec/antenna/tag/e2806894000050038662154f, 88
1652706811.312326, sdrt-health/mac:02010b41cdec/antenna/tag/e2806894000050038661fd4f, 86
1652706811.346789, sdrt-health/mac:02010b41cdec/antenna/tag/e2806894000050038661fd4f, 86
1652706811.347109, sdrt-health/mac:02010b41cdec/antenna/tag/e2806894000050038661fd4f, 83
1652706811.362148, sdrt-health/mac:02010b41cdec/antenna/tag/e28068940000400386621d4f, 96
1652706811.362438, sdrt-health/mac:02010b41cdec/antenna/tag/e2806894000040038662114f, 85
1652706811.398099, sdrt-health/mac:02010b41cdec/antenna/tag/e2806894000050038661fd4f, 83
1652706811.430131, sdrt-health/mac:02010b41cdec/antenna/tag/e2806894000050038662194f, 88
1652706811.430501, sdrt-health/mac:02010b41cdec/antenna/tag/e2806894000050038662154f, 88
1652706811.44661, sdrt-health/mac:02010b41cdec/antenna/tag/e2806894000050038662194f, 83
1652706811.4796, sdrt-health/mac:02010b41cdec/antenna/tag/e2806894000050038662194f, 81
1652706811.52964, sdrt-health/mac:02010b41cdec/antenna/tag/e2806894000050038661fd4f, 83
1652706811.564122, sdrt-health/mac:02010b41cdec/antenna/tag/e28068940000400386621d4f, 90
1652706811.564524, sdrt-health/mac:02010b41cdec/antenna/tag/e2806894000040038662114f, 88
1652706811.580496, sdrt-health/mac:02010b41cdec/antenna/tag/e2806894000050038661fd4f, 86
1652706811.580702, sdrt-health/mac:02010b41cdec/antenna/tag/e2806894000040038662114f, 85
1652706811.621566, sdrt-health/mac:02010b41cdec/antenna/tag/e2806894000050038661fd4f, 83
1652706811.696109, sdrt-health/mac:02010b41cdec/antenna/tag/e28068940000400386621d4f, 77
1652706811.696619, sdrt-health/mac:02010b41cdec/antenna/tag/e28068940000500386620d4f, 81
1652706811.712234, sdrt-health/mac:02010b41cdec/antenna/tag/e2806894000040038662114f, 88
1652706811.712652, sdrt-health/mac:02010b41cdec/antenna/tag/e2806894000050038662194f, 81
1652706811.720097, sdrt-health/mac:02010b41cdec/antenna/tag/e28068940000400386621d4f, 96
1652706811.769847, sdrt-health/mac:02010b41cdec/antenna/tag/e2806894000050038661fd4f, 83
1652706811.862103, sdrt-health/mac:02010b41cdec/antenna/tag/e28068940000500386620d4f, 87
1652706811.862609, sdrt-health/mac:02010b41cdec/antenna/tag/e2806894000050038661fd4f, 83
1652706811.877774, sdrt-health/mac:02010b41cdec/antenna/tag/e2806894000050038661fd4f, 83
1652706811.878338, sdrt-health/mac:02010b41cdec/antenna/tag/e2806894000040038662114f, 85
1652706811.929935, sdrt-health/mac:02010b41cdec/antenna/tag/e28068940000500386620d4f, 84
1652706811.986721, sdrt-health/mac:02010b41cdec/antenna/tag/e2806894000050038662154f, 88
1652706811.987297, sdrt-health/mac:02010b41cdec/antenna/tag/e2806894000050038662154f, 91
1652706812.019412, sdrt-health/mac:02010b41cdec/antenna/tag/e2806894000050038662154f, 91
1652706812.051182, sdrt-health/mac:02010b41cdec/antenna/tag/e28068940000500386620d4f, 81
1652706812.051546, sdrt-health/mac:02010b41cdec/antenna/tag/e28068940000400386621d4f, 96
1652706812.090098, sdrt-health/mac:02010b41cdec/antenna/tag/e28068940000400386621d4f, 90
1652706812.129636, sdrt-health/mac:02010b41cdec/antenna/tag/e2806894000050038662154f, 88
1652706812.161379, sdrt-health/mac:02010b41cdec/antenna/tag/e2806894000040038662114f, 91
1652706812.161705, sdrt-health/mac:02010b41cdec/antenna/tag/e28068940000400386621d4f, 96
1652706812.179395, sdrt-health/mac:02010b41cdec/antenna/tag/e2806894000040038662114f, 91
1652706812.236004, sdrt-health/mac:02010b41cdec/antenna/tag/e2806894000050038662154f, 88
1652706812.236477, sdrt-health/mac:02010b41cdec/antenna/tag/e2806894000050038662154f, 88
1652706812.260907, sdrt-health/mac:02010b41cdec/antenna/tag/e2806894000050038662154f, 91
1652706812.303592, sdrt-health/mac:02010b41cdec/antenna/tag/e28068940000400386621d4f, 96
1652706812.36409, sdrt-health/mac:02010b41cdec/antenna/tag/e2806894000050038662154f, 97
1652706812.36459, sdrt-health/mac:02010b41cdec/antenna/tag/e2806894000050038662154f, 88
1652706812.379675, sdrt-health/mac:02010b41cdec/antenna/tag/e2806894000050038662154f, 91
1652706812.409446, sdrt-health/mac:02010b41cdec/antenna/tag/e28068940000500386620d4f, 83
1652706812.475252, sdrt-health/mac:02010b41cdec/antenna/tag/e28068940000500386620d4f, 87
1652706812.4757, sdrt-health/mac:02010b41cdec/antenna/tag/e28068940000500386620d4f, 87
1652706812.494485, sdrt-health/mac:02010b41cdec/antenna/tag/e2806894000050038662154f, 85
1652706812.535375, sdrt-health/mac:02010b41cdec/antenna/tag/e28068940000500386620d4f, 93
1652706812.535804, sdrt-health/mac:02010b41cdec/antenna/tag/e2806894000040038662114f, 85
1652706812.569695, sdrt-health/mac:02010b41cdec/antenna/tag/e2806894000050038661fd4f, 83
1652706812.635824, sdrt-health/mac:02010b41cdec/antenna/tag/e2806894000040038662114f, 88
1652706812.636274, sdrt-health/mac:02010b41cdec/antenna/tag/e2806894000050038662194f, 81
1652706812.651192, sdrt-health/mac:02010b41cdec/antenna/tag/e28068940000500386620d4f, 87
1652706812.659925, sdrt-health/mac:02010b41cdec/antenna/tag/e2806894000050038662154f, 91
1652706812.669836, sdrt-health/mac:02010b41cdec/antenna/tag/e2806894000040038662114f, 88
1652706812.710233, sdrt-health/mac:02010b41cdec/antenna/tag/e28068940000400386621d4f, 96
1652706812.762404, sdrt-health/mac:02010b41cdec/antenna/tag/e28068940000400386621d4f, 96
1652706812.820767, sdrt-health/mac:02010b41cdec/antenna/tag/e2806894000050038662194f, 83
1652706812.877735, sdrt-health/mac:02010b41cdec/antenna/tag/e2806894000050038662154f, 88
1652706812.878232, sdrt-health/mac:02010b41cdec/antenna/tag/e2806894000050038662154f, 88
1652706812.8787, sdrt-health/mac:02010b41cdec/antenna/tag/e28068940000400386621d4f, 90
1652706812.898856, sdrt-health/mac:02010b41cdec/antenna/tag/e2806894000040038662114f, 88
1652706812.929689, sdrt-health/mac:02010b41cdec/antenna/tag/e2806894000050038661fd4f, 86
1652706812.930085, sdrt-health/mac:02010b41cdec/antenna/tag/e28068940000500386620d4f, 87
1652706812.946206, sdrt-health/mac:02010b41cdec/antenna/tag/e2806894000050038662154f, 88
1652706812.946569, sdrt-health/mac:02010b41cdec/antenna/tag/e28068940000500386620d4f, 87
1652706812.980475, sdrt-health/mac:02010b41cdec/antenna/tag/e2806894000040038662114f, 88
1652706813.020252, sdrt-health/mac:02010b41cdec/antenna/tag/e28068940000400386621d4f, 90
1652706813.076368, sdrt-health/mac:02010b41cdec/antenna/tag/e2806894000040038662114f, 88
1652706813.076973, sdrt-health/mac:02010b41cdec/antenna/tag/e28068940000400386621d4f, 96
1652706813.091707, sdrt-health/mac:02010b41cdec/antenna/tag/e28068940000400386621d4f, 96
1652706813.140866, sdrt-health/mac:02010b41cdec/antenna/tag/e2806894000040038662114f, 88
1652706813.182404, sdrt-health/mac:02010b41cdec/antenna/tag/e2806894000050038661fd4f, 86
1652706813.239398, sdrt-health/mac:02010b41cdec/antenna/tag/e2806894000050038661fd4f, 86
1652706813.239845, sdrt-health/mac:02010b41cdec/antenna/tag/e2806894000040038662114f, 88
1652706813.272459, sdrt-health/mac:02010b41cdec/antenna/tag/e2806894000040038662114f, 88
1652706813.310045, sdrt-health/mac:02010b41cdec/antenna/tag/e28068940000400386621d4f, 96
1652706813.397634, sdrt-health/mac:02010b41cdec/antenna/tag/e28068940000400386621d4f, 96
1652706813.398145, sdrt-health/mac:02010b41cdec/antenna/tag/e2806894000050038661fd4f, 83
1652706813.424057, sdrt-health/mac:02010b41cdec/antenna/tag/e28068940000500386620d4f, 85
1652706813.481297, sdrt-health/mac:02010b41cdec/antenna/tag/e2806894000040038662114f, 85
1652706813.519097, sdrt-health/mac:02010b41cdec/antenna/tag/e28068940000500386620d4f, 83
1652706813.560197, sdrt-health/mac:02010b41cdec/antenna/tag/e28068940000500386620d4f, 81
1652706813.617612, sdrt-health/mac:02010b41cdec/antenna/tag/e2806894000040038662114f, 88
1652706813.61821, sdrt-health/mac:02010b41cdec/antenna/tag/e2806894000050038662154f, 88
1652706813.633926, sdrt-health/mac:02010b41cdec/antenna/tag/e2806894000050038661fd4f, 83
1652706813.666387, sdrt-health/mac:02010b41cdec/antenna/tag/e28068940000400386621d4f, 96
1652706813.666679, sdrt-health/mac:02010b41cdec/antenna/tag/e28068940000400386621d4f, 90
1652706813.700623, sdrt-health/mac:02010b41cdec/antenna/tag/e2806894000050038661fd4f, 83
1652706813.740818, sdrt-health/mac:02010b41cdec/antenna/tag/e2806894000050038662154f, 88
1652706813.772659, sdrt-health/mac:02010b41cdec/antenna/tag/e2806894000040038662114f, 91
1652706813.772971, sdrt-health/mac:02010b41cdec/antenna/tag/e2806894000050038661fd4f, 86
1652706813.788132, sdrt-health/mac:02010b41cdec/antenna/tag/e2806894000050038661fd4f, 86
1652706813.788545, sdrt-health/mac:02010b41cdec/antenna/tag/e2806894000040038662114f, 91
1652706813.851275, sdrt-health/mac:02010b41cdec/antenna/tag/e2806894000050038662194f, 94
1652706813.904825, sdrt-health/mac:02010b41cdec/antenna/tag/e28068940000400386621d4f, 90
1652706813.942185, sdrt-health/mac:02010b41cdec/antenna/tag/e2806894000050038661fd4f, 86
1652706813.979683, sdrt-health/mac:02010b41cdec/antenna/tag/e2806894000040038662114f, 85
1652706814.03605, sdrt-health/mac:02010b41cdec/antenna/tag/e28068940000400386621d4f, 77
1652706814.036607, sdrt-health/mac:02010b41cdec/antenna/tag/e2806894000050038661fd4f, 83
1652706814.051213, sdrt-health/mac:02010b41cdec/antenna/tag/e28068940000500386620d4f, 83
1652706814.079155, sdrt-health/mac:02010b41cdec/antenna/tag/e28068940000400386621d4f, 90
1652706814.121134, sdrt-health/mac:02010b41cdec/antenna/tag/e28068940000400386621d4f, 96
1652706814.152405, sdrt-health/mac:02010b41cdec/antenna/tag/e2806894000040038662114f, 88
1652706814.153359, sdrt-health/mac:02010b41cdec/antenna/tag/e2806894000050038662194f, 81
1652706814.167988, sdrt-health/mac:02010b41cdec/antenna/tag/e28068940000400386621d4f, 96
1652706814.20951, sdrt-health/mac:02010b41cdec/antenna/tag/e28068940000400386621d4f, 96
1652706814.277807, sdrt-health/mac:02010b41cdec/antenna/tag/e28068940000400386621d4f, 96
1652706814.278347, sdrt-health/mac:02010b41cdec/antenna/tag/e28068940000400386621d4f, 96
1652706814.307601, sdrt-health/mac:02010b41cdec/antenna/tag/e2806894000050038661fd4f, 86
1652706814.351788, sdrt-health/mac:02010b41cdec/antenna/tag/e28068940000400386621d4f, 96
1652706814.40625, sdrt-health/mac:02010b41cdec/antenna/tag/e28068940000500386620d4f, 83
1652706814.406768, sdrt-health/mac:02010b41cdec/antenna/tag/e28068940000500386620d4f, 81
1652706814.432319, sdrt-health/mac:02010b41cdec/antenna/tag/e2806894000050038662194f, 81
1652706814.478422, sdrt-health/mac:02010b41cdec/antenna/tag/e2806894000050038662194f, 81
1652706814.531884, sdrt-health/mac:02010b41cdec/antenna/tag/e2806894000050038661fd4f, 86
1652706814.571085, sdrt-health/mac:02010b41cdec/antenna/tag/e28068940000400386621d4f, 96
1652706814.610718, sdrt-health/mac:02010b41cdec/antenna/tag/e28068940000500386620d4f, 83
1652706814.651669, sdrt-health/mac:02010b41cdec/antenna/tag/e2806894000040038662114f, 88
1652706814.683163, sdrt-health/mac:02010b41cdec/antenna/tag/e28068940000500386620d4f, 83
1652706814.683449, sdrt-health/mac:02010b41cdec/antenna/tag/e2806894000040038662114f, 88
1652706814.683708, sdrt-health/mac:02010b41cdec/antenna/tag/e2806894000050038661fd4f, 86
1652706814.708756, sdrt-health/mac:02010b41cdec/antenna/tag/e2806894000050038661fd4f, 86
1652706814.758402, sdrt-health/mac:02010b41cdec/antenna/tag/e2806894000040038662114f, 91
1652706814.789898, sdrt-health/mac:02010b41cdec/antenna/tag/e28068940000400386621d4f, 96
1652706814.790322, sdrt-health/mac:02010b41cdec/antenna/tag/e28068940000400386621d4f, 96
1652706814.80713, sdrt-health/mac:02010b41cdec/antenna/tag/e2806894000050038661fd4f, 86
1652706814.867971, sdrt-health/mac:02010b41cdec/antenna/tag/e2806894000050038661fd4f, 83
1652706814.937516, sdrt-health/mac:02010b41cdec/antenna/tag/e28068940000400386621d4f, 96
1652706814.938035, sdrt-health/mac:02010b41cdec/antenna/tag/e2806894000050038662194f, 81
1652706814.95518, sdrt-health/mac:02010b41cdec/antenna/tag/e28068940000400386621d4f, 96
1652706814.955745, sdrt-health/mac:02010b41cdec/antenna/tag/e28068940000500386620d4f, 94
1652706814.987742, sdrt-health/mac:02010b41cdec/antenna/tag/e28068940000400386621d4f, 90
1652706815.030715, sdrt-health/mac:02010b41cdec/antenna/tag/e2806894000050038662154f, 88
1652706815.218502, sdrt-health/mac:02010b41cdec/antenna/tag/scan, scan stopped
