1652706558.735675, sdrt-health/mac:02010b41cdec/antenna/power/set, {"power": 290}
1652706559.797962, sdrt-health/mac:02010b41cdec/antenna/power/set, 
1652706563.759326, sdrt-health/mac:02010b41cdec/antenna/tag/scan, {"time": 20000}
1652706564.196, sdrt-health/mac:02010b41cdec/antenna/tag/e28068940000500386620d4f, 87
1652706564.255331, sdrt-health/mac:02010b41cdec/antenna/tag/e28068940000500386620d4f, 83
1652706564.323859, sdrt-health/mac:02010b41cdec/antenna/tag/e28068940000400386621d4f, 90
1652706564.324338, sdrt-health/mac:02010b41cdec/antenna/tag/e28068940000500386620d4f, 93
1652706564.342912, sdrt-health/mac:02010b41cdec/antenna/tag/e2806894000050038662154f, 88
1652706564.347684, sdrt-health/mac:02010b41cdec/antenna/tag/e2806894000050038661fd4f, 83
1652706564.359512, sdrt-health/mac:02010b41cdec/antenna/tag/e2806894000050038662194f, 81
1652706564.387435, sdrt-health/mac:02010b41cdec/antenna/tag/e2806894000050038662194f, 94
1652706564.484311, sdrt-health/mac:02010b41cdec/antenna/tag/e28068940000500386620d4f, 93
1652706564.484779, sdrt-health/mac:02010b41cdec/antenna/tag/e28068940000400386621d4f, 77
1652706564.514815, sdrt-health/mac:02010b41cdec/antenna/tag/e2806894000050038662154f, 85
1652706564.577281, sdrt-health/mac:02010b41cdec/antenna/tag/e2806894000050038662154f, 85
1652706564.577739, sdrt-health/mac:02010b41cdec/antenna/tag/e28068940000400386621d4f, 77
1652706564.593158, sdrt-health/mac:02010b41cdec/antenna/tag/e28068940000400386621d4f, 96
1652706564.597839, sdrt-health/mac:02010b41cdec/antenna/tag/e2806894000050038662154f, 88
1652706564.608497, sdrt-health/mac:02010b41cdec/antenna/tag/e2806894000050038662154f, 88
1652706564.637925, sdrt-health/mac:02010b41cdec/antenna/tag/e28068940000500386620d4f, 87
1652706564.693029, sdrt-health/mac:02010b41cdec/antenna/tag/e2806894000050038661fd4f, 86
1652706564.69345, sdrt-health/mac:02010b41cdec/antenna/tag/e2806894000050038662194f, 81
1652706564.758788, sdrt-health/mac:02010b41cdec/antenna/tag/e28068940000400386621d4f, 90
1652706564.806509, sdrt-health/mac:02010b41cdec/antenna/tag/e2806894000050038661fd4f, 86
1652706564.857064, sdrt-health/mac:02010b41cdec/antenna/tag/e2806894000050038661fd4f, 83
1652706564.887756, sdrt-health/mac:02010b41cdec/antenna/tag/e28068940000400386621d4f, 96
1652706564.888063, sdrt-health/mac:02010b41cdec/antenna/tag/e2806894000050038661fd4f, 83
1652706564.904375, sdrt-health/mac:02010b41cdec/antenna/tag/e2806894000050038661fd4f, 90
1652706564.938224, sdrt-health/mac:02010b41cdec/antenna/tag/e28068940000500386620d4f, 81
1652706564.978868, sdrt-health/mac:02010b41cdec/antenna/tag/e2806894000050038662194f, 83
1652706565.012289, sdrt-health/mac:02010b41cdec/antenna/tag/e2806894000040038662114f, 85
1652706565.01264, sdrt-health/mac:02010b41cdec/antenna/tag/e2806894000050038662194f, 93
1652706565.027887, sdrt-health/mac:02010b41cdec/antenna/tag/e2806894000050038662194f, 81
1652706565.078747, sdrt-health/mac:02010b41cdec/antenna/tag/e28068940000500386620d4f, 94
1652706565.116673, sdrt-health/mac:02010b41cdec/antenna/tag/e28068940000400386621d4f, 90
1652706565.157439, sdrt-health/mac:02010b41cdec/antenna/tag/e2806894000050038661fd4f, 86
1652706565.22579, sdrt-health/mac:02010b41cdec/antenna/tag/e28068940000500386620d4f, 81
1652706565.226363, sdrt-health/mac:02010b41cdec/antenna/tag/e2806894000050038661fd4f, 86
1652706565.241582, sdrt-health/mac:02010b41cdec/antenna/tag/e28068940000400386621d4f, 90
1652706565.284001, sdrt-health/mac:02010b41cdec/antenna/tag/e2806894000050038662154f, 91
1652706565.315874, sdrt-health/mac:02010b41cdec/antenna/tag/e28068940000500386620d4f, 81
1652706565.316178, sdrt-health/mac:02010b41cdec/antenna/tag/e2806894000050038661fd4f, 86
1652706565.331129, sdrt-health/mac:02010b41cdec/antenna/tag/e2806894000050038662154f, 88
1652706565.376838, sdrt-health/mac:02010b41cdec/antenna/tag/e2806894000040038662114f, 85
1652706565.409307, sdrt-health/mac:02010b41cdec/antenna/tag/e2806894000050038662154f, 85
1652706565.409537, sdrt-health/mac:02010b41cdec/antenna/tag/e2806894000050038661fd4f, 83
1652706565.425984, sdrt-health/mac:02010b41cdec/antenna/tag/e2806894000040038662114f, 85
1652706565.4262, sdrt-health/mac:02010b41cdec/antenna/tag/e28068940000400386621d4f, 77
1652706565.457404, sdrt-health/mac:02010b41cdec/antenna/tag/e2806894000050038662194f, 94
1652706565.497415, sdrt-health/mac:02010b41cdec/antenna/tag/e28068940000400386621d4f, 77
1652706565.537102, sdrt-health/mac:02010b41cdec/antenna/tag/e2806894000050038662194f, 88
1652706565.601999, sdrt-health/mac:02010b41cdec/antenna/tag/e2806894000040038662114f, 88
1652706565.602559, sdrt-health/mac:02010b41cdec/antenna/tag/e28068940000500386620d4f, 87
1652706565.627692, sdrt-health/mac:02010b41cdec/antenna/tag/e28068940000400386621d4f, 96
1652706565.683465, sdrt-health/mac:02010b41cdec/antenna/tag/e28068940000500386620d4f, 87
1652706565.68393, sdrt-health/mac:02010b41cdec/antenna/tag/e2806894000050038662154f, 88
1652706565.70838, sdrt-health/mac:02010b41cdec/antenna/tag/e2806894000040038662114f, 85
1652706565.748847, sdrt-health/mac:02010b41cdec/antenna/tag/e28068940000400386621d4f, 96
1652706565.787093, sdrt-health/mac:02010b41cdec/antenna/tag/e28068940000500386620d4f, 87
1652706565.81797, sdrt-health/mac:02010b41cdec/antenna/tag/e2806894000050038662154f, 88
1652706565.818425, sdrt-health/mac:02010b41cdec/antenna/tag/e28068940000400386621d4f, 90
1652706565.833161, sdrt-health/mac:02010b41cdec/antenna/tag/e2806894000050038662154f, 88
1652706565.866492, sdrt-health/mac:02010b41cdec/antenna/tag/e2806894000050038662154f, 88
1652706565.907737, sdrt-health/mac:02010b41cdec/antenna/tag/e28068940000400386621d4f, 96
1652706565.962931, sdrt-health/mac:02010b41cdec/antenna/tag/e2806894000050038662194f, 83
1652706565.963495, sdrt-health/mac:02010b41cdec/antenna/tag/e2806894000050038661fd4f, 86
1652706565.979822, sdrt-health/mac:02010b41cdec/antenna/tag/e2806894000050038662194f, 83
1652706566.018842, sdrt-health/mac:02010b41cdec/antenna/tag/e28068940000400386621d4f, 77
1652706566.066197, sdrt-health/mac:02010b41cdec/antenna/tag/e2806894000050038662194f, 81
1652706566.107426, sdrt-health/mac:02010b41cdec/antenna/tag/e2806894000050038662154f, 85
1652706566.154609, sdrt-health/mac:02010b41cdec/antenna/tag/e28068940000400386621d4f, 96
1652706566.218699, sdrt-health/mac:02010b41cdec/antenna/tag/e2806894000050038661fd4f, 86
1652706566.219776, sdrt-health/mac:02010b41cdec/antenna/tag/e2806894000040038662114f, 91
1652706566.233112, sdrt-health/mac:02010b41cdec/antenna/tag/e28068940000400386621d4f, 96
1652706566.238638, sdrt-health/mac:02010b41cdec/antenna/tag/e2806894000050038662154f, 88
1652706566.287185, sdrt-health/mac:02010b41cdec/antenna/tag/e2806894000050038662154f, 88
1652706566.350405, sdrt-health/mac:02010b41cdec/antenna/tag/e28068940000500386620d4f, 87
1652706566.350869, sdrt-health/mac:02010b41cdec/antenna/tag/e2806894000050038662154f, 88
1652706566.351227, sdrt-health/mac:02010b41cdec/antenna/tag/e2806894000050038662154f, 88
1652706566.36517, sdrt-health/mac:02010b41cdec/antenna/tag/e28068940000500386620d4f, 87
1652706566.37588, sdrt-health/mac:02010b41cdec/antenna/tag/e2806894000050038662154f, 88
1652706566.379513, sdrt-health/mac:02010b41cdec/antenna/tag/e2806894000050038662154f, 88
1652706566.41962, sdrt-health/mac:02010b41cdec/antenna/tag/e2806894000040038662114f, 85
1652706566.480776, sdrt-health/mac:02010b41cdec/antenna/tag/e2806894000050038661fd4f, 83
1652706566.481329, sdrt-health/mac:02010b41cdec/antenna/tag/e2806894000050038662154f, 88
1652706566.510124, sdrt-health/mac:02010b41cdec/antenna/tag/e2806894000050038662154f, 88
1652706566.549441, sdrt-health/mac:02010b41cdec/antenna/tag/e2806894000050038662154f, 85
1652706566.602248, sdrt-health/mac:02010b41cdec/antenna/tag/e2806894000040038662114f, 88
1652706566.602746, sdrt-health/mac:02010b41cdec/antenna/tag/e2806894000050038662154f, 85
1652706566.620708, sdrt-health/mac:02010b41cdec/antenna/tag/e28068940000400386621d4f, 96
1652706566.627027, sdrt-health/mac:02010b41cdec/antenna/tag/e2806894000050038661fd4f, 83
1652706566.667408, sdrt-health/mac:02010b41cdec/antenna/tag/e28068940000400386621d4f, 77
1652706566.774011, sdrt-health/mac:02010b41cdec/antenna/tag/e28068940000400386621d4f, 96
1652706567.024748, sdrt-health/mac:02010b41cdec/antenna/tag/e28068940000400386621d4f, 96
1652706567.053807, sdrt-health/mac:02010b41cdec/antenna/tag/e2806894000040038662114f, 85
1652706567.054263, sdrt-health/mac:02010b41cdec/antenna/tag/e2806894000050038662194f, 83
1652706567.070951, sdrt-health/mac:02010b41cdec/antenna/tag/e2806894000050038662154f, 88
1652706567.100575, sdrt-health/mac:02010b41cdec/antenna/tag/e2806894000040038662114f, 88
1652706567.100877, sdrt-health/mac:02010b41cdec/antenna/tag/e28068940000400386621d4f, 77
1652706567.101095, sdrt-health/mac:02010b41cdec/antenna/tag/e2806894000050038661fd4f, 83
1652706567.101324, sdrt-health/mac:02010b41cdec/antenna/tag/e2806894000050038662154f, 88
1652706567.101578, sdrt-health/mac:02010b41cdec/antenna/tag/e2806894000050038662154f, 88
1652706567.101772, sdrt-health/mac:02010b41cdec/antenna/tag/e2806894000050038662154f, 88
1652706567.101965, sdrt-health/mac:02010b41cdec/antenna/tag/e2806894000050038661fd4f, 83
1652706567.102158, sdrt-health/mac:02010b41cdec/antenna/tag/e28068940000400386621d4f, 96
1652706567.128043, sdrt-health/mac:02010b41cdec/antenna/tag/e2806894000040038662114f, 88
1652706567.181414, sdrt-health/mac:02010b41cdec/antenna/tag/e2806894000050038662194f, 88
1652706567.181885, sdrt-health/mac:02010b41cdec/antenna/tag/e2806894000050038662194f, 83
1652706567.208802, sdrt-health/mac:02010b41cdec/antenna/tag/e2806894000040038662114f, 88
1652706567.311698, sdrt-health/mac:02010b41cdec/antenna/tag/e28068940000500386620d4f, 81
1652706567.312237, sdrt-health/mac:02010b41cdec/antenna/tag/e2806894000050038662154f, 88
1652706567.383795, sdrt-health/mac:02010b41cdec/antenna/tag/e2806894000050038661fd4f, 86
1652706567.414265, sdrt-health/mac:02010b41cdec/antenna/tag/e28068940000500386620d4f, 82
1652706567.414689, sdrt-health/mac:02010b41cdec/antenna/tag/e28068940000400386621d4f, 90
1652706567.414973, sdrt-health/mac:02010b41cdec/antenna/tag/e2806894000040038662114f, 91
1652706567.444555, sdrt-health/mac:02010b41cdec/antenna/tag/e2806894000050038662154f, 88
1652706567.498248, sdrt-health/mac:02010b41cdec/antenna/tag/e2806894000050038662154f, 91
1652706567.596248, sdrt-health/mac:02010b41cdec/antenna/tag/e2806894000050038662154f, 88
1652706567.63821, sdrt-health/mac:02010b41cdec/antenna/tag/e2806894000050038662154f, 91
1652706567.6879, sdrt-health/mac:02010b41cdec/antenna/tag/e2806894000050038661fd4f, 86
1652706567.72727, sdrt-health/mac:02010b41cdec/antenna/tag/e28068940000500386620d4f, 82
1652706567.784101, sdrt-health/mac:02010b41cdec/antenna/tag/e28068940000400386621d4f, 96
1652706567.784457, sdrt-health/mac:02010b41cdec/antenna/tag/e2806894000050038661fd4f, 86
1652706567.807386, sdrt-health/mac:02010b41cdec/antenna/tag/e2806894000040038662114f, 91
1652706567.847138, sdrt-health/mac:02010b41cdec/antenna/tag/e2806894000050038661fd4f, 83
1652706567.878832, sdrt-health/mac:02010b41cdec/antenna/tag/e2806894000050038662194f, 81
1652706567.879164, sdrt-health/mac:02010b41cdec/antenna/tag/e28068940000400386621d4f, 90
1652706567.896971, sdrt-health/mac:02010b41cdec/antenna/tag/e2806894000040038662114f, 91
1652706568.002993, sdrt-health/mac:02010b41cdec/antenna/tag/e28068940000400386621d4f, 96
1652706568.003454, sdrt-health/mac:02010b41cdec/antenna/tag/e2806894000050038662154f, 88
1652706568.029255, sdrt-health/mac:02010b41cdec/antenna/tag/e2806894000050038662154f, 88
1652706568.065829, sdrt-health/mac:02010b41cdec/antenna/tag/e2806894000050038661fd4f, 83
1652706568.1274, sdrt-health/mac:02010b41cdec/antenna/tag/e2806894000050038662194f, 83
1652706568.183694, sdrt-health/mac:02010b41cdec/antenna/tag/e2806894000040038662114f, 85
1652706568.184164, sdrt-health/mac:02010b41cdec/antenna/tag/e2806894000050038661fd4f, 83
1652706568.197836, sdrt-health/mac:02010b41cdec/antenna/tag/e2806894000050038661fd4f, 83
1652706568.222713, sdrt-health/mac:02010b41cdec/antenna/tag/e2806894000050038662194f, 94
1652706568.282071, sdrt-health/mac:02010b41cdec/antenna/tag/e2806894000050038661fd4f, 83
1652706568.282536, sdrt-health/mac:02010b41cdec/antenna/tag/e2806894000050038661fd4f, 83
1652706568.29728, sdrt-health/mac:02010b41cdec/antenna/tag/e2806894000040038662114f, 85
1652706568.306561, sdrt-health/mac:02010b41cdec/antenna/tag/e2806894000050038662154f, 88
1652706568.348293, sdrt-health/mac:02010b41cdec/antenna/tag/e28068940000500386620d4f, 87
1652706568.39425, sdrt-health/mac:02010b41cdec/antenna/tag/e28068940000400386621d4f, 96
1652706568.446548, sdrt-health/mac:02010b41cdec/antenna/tag/e2806894000050038661fd4f, 83
1652706568.488045, sdrt-health/mac:02010b41cdec/antenna/tag/e28068940000400386621d4f, 96
1652706568.542632, sdrt-health/mac:02010b41cdec/antenna/tag/e2806894000050038662154f, 88
1652706568.543101, sdrt-health/mac:02010b41cdec/antenna/tag/e2806894000050038661fd4f, 83
1652706568.557244, sdrt-health/mac:02010b41cdec/antenna/tag/e2806894000040038662114f, 88
1652706568.566015, sdrt-health/mac:02010b41cdec/antenna/tag/e2806894000050038662194f, 83
1652706568.605927, sdrt-health/mac:02010b41cdec/antenna/tag/e2806894000050038662154f, 91
1652706568.647267, sdrt-health/mac:02010b41cdec/antenna/tag/e2806894000040038662114f, 88
1652706568.694828, sdrt-health/mac:02010b41cdec/antenna/tag/e28068940000400386621d4f, 90
1652706568.739319, sdrt-health/mac:02010b41cdec/antenna/tag/e28068940000400386621d4f, 90
1652706568.793077, sdrt-health/mac:02010b41cdec/antenna/tag/e2806894000050038661fd4f, 83
1652706568.793587, sdrt-health/mac:02010b41cdec/antenna/tag/e28068940000400386621d4f, 90
1652706568.793977, sdrt-health/mac:02010b41cdec/antenna/tag/e2806894000040038662114f, 88
1652706568.808956, sdrt-health/mac:02010b41cdec/antenna/tag/e2806894000050038662154f, 91
1652706568.825525, sdrt-health/mac:02010b41cdec/antenna/tag/e28068940000400386621d4f, 90
1652706568.858757, sdrt-health/mac:02010b41cdec/antenna/tag/e2806894000050038661fd4f, 86
1652706568.859123, sdrt-health/mac:02010b41cdec/antenna/tag/e28068940000400386621d4f, 90
1652706568.874557, sdrt-health/mac:02010b41cdec/antenna/tag/e2806894000040038662114f, 88
1652706568.915502, sdrt-health/mac:02010b41cdec/antenna/tag/e2806894000050038662194f, 87
1652706568.966085, sdrt-health/mac:02010b41cdec/antenna/tag/e2806894000040038662114f, 88
1652706569.041318, sdrt-health/mac:02010b41cdec/antenna/tag/e28068940000400386621d4f, 77
1652706569.041587, sdrt-health/mac:02010b41cdec/antenna/tag/e28068940000400386621d4f, 96
1652706569.056581, sdrt-health/mac:02010b41cdec/antenna/tag/e2806894000050038662154f, 91
1652706569.066777, sdrt-health/mac:02010b41cdec/antenna/tag/e2806894000050038662154f, 85
1652706569.071342, sdrt-health/mac:02010b41cdec/antenna/tag/e2806894000050038661fd4f, 83
1652706569.110384, sdrt-health/mac:02010b41cdec/antenna/tag/e2806894000050038661fd4f, 83
1652706569.157182, sdrt-health/mac:02010b41cdec/antenna/tag/e28068940000400386621d4f, 77
1652706569.205972, sdrt-health/mac:02010b41cdec/antenna/tag/e2806894000050038661fd4f, 83
1652706569.24962, sdrt-health/mac:02010b41cdec/antenna/tag/e2806894000040038662114f, 88
1652706569.297067, sdrt-health/mac:02010b41cdec/antenna/tag/e2806894000050038661fd4f, 83
1652706569.354115, sdrt-health/mac:02010b41cdec/antenna/tag/e2806894000050038661fd4f, 83
1652706569.354584, sdrt-health/mac:02010b41cdec/antenna/tag/e28068940000500386620d4f, 87
1652706569.377959, sdrt-health/mac:02010b41cdec/antenna/tag/e2806894000050038662154f, 91
1652706569.443481, sdrt-health/mac:02010b41cdec/antenna/tag/e2806894000050038662194f, 83
1652706569.443915, sdrt-health/mac:02010b41cdec/antenna/tag/e2806894000050038662154f, 97
1652706569.458861, sdrt-health/mac:02010b41cdec/antenna/tag/e2806894000050038661fd4f, 86
1652706569.474085, sdrt-health/mac:02010b41cdec/antenna/tag/e2806894000050038662194f, 87
1652706569.534361, sdrt-health/mac:02010b41cdec/antenna/tag/e28068940000400386621d4f, 96
1652706569.585833, sdrt-health/mac:02010b41cdec/antenna/tag/e28068940000500386620d4f, 93
1652706569.628388, sdrt-health/mac:02010b41cdec/antenna/tag/e28068940000500386620d4f, 87
1652706569.666743, sdrt-health/mac:02010b41cdec/antenna/tag/e2806894000050038661fd4f, 83
1652706569.696074, sdrt-health/mac:02010b41cdec/antenna/tag/e2806894000050038661fd4f, 83
1652706569.69719, sdrt-health/mac:02010b41cdec/antenna/tag/e28068940000400386621d4f, 86
1652706569.71034, sdrt-health/mac:02010b41cdec/antenna/tag/e28068940000500386620d4f, 83
1652706569.745885, sdrt-health/mac:02010b41cdec/antenna/tag/e2806894000040038662114f, 88
1652706569.787319, sdrt-health/mac:02010b41cdec/antenna/tag/e28068940000500386620d4f, 83
1652706569.819587, sdrt-health/mac:02010b41cdec/antenna/tag/e28068940000400386621d4f, 96
1652706569.820215, sdrt-health/mac:02010b41cdec/antenna/tag/e2806894000050038661fd4f, 90
1652706569.834923, sdrt-health/mac:02010b41cdec/antenna/tag/e28068940000500386620d4f, 87
1652706569.877758, sdrt-health/mac:02010b41cdec/antenna/tag/e2806894000050038661fd4f, 86
1652706569.930882, sdrt-health/mac:02010b41cdec/antenna/tag/e2806894000040038662114f, 91
1652706569.931336, sdrt-health/mac:02010b41cdec/antenna/tag/e2806894000050038662154f, 88
1652706569.957328, sdrt-health/mac:02010b41cdec/antenna/tag/e2806894000040038662114f, 88
1652706570.021688, sdrt-health/mac:02010b41cdec/antenna/tag/e28068940000400386621d4f, 90
1652706570.022401, sdrt-health/mac:02010b41cdec/antenna/tag/e28068940000400386621d4f, 90
1652706570.047193, sdrt-health/mac:02010b41cdec/antenna/tag/e2806894000040038662114f, 88
1652706570.08644, sdrt-health/mac:02010b41cdec/antenna/tag/e28068940000500386620d4f, 83
1652706570.137495, sdrt-health/mac:02010b41cdec/antenna/tag/e2806894000040038662214f, 81
1652706570.17899, sdrt-health/mac:02010b41cdec/antenna/tag/e2806894000040038662114f, 88
1652706570.2417, sdrt-health/mac:02010b41cdec/antenna/tag/e28068940000500386620d4f, 87
1652706570.242211, sdrt-health/mac:02010b41cdec/antenna/tag/e2806894000050038662154f, 88
1652706570.286308, sdrt-health/mac:02010b41cdec/antenna/tag/e2806894000050038661fd4f, 86
1652706570.335145, sdrt-health/mac:02010b41cdec/antenna/tag/e2806894000040038662114f, 91
1652706570.404507, sdrt-health/mac:02010b41cdec/antenna/tag/e2806894000050038661fd4f, 86
1652706570.404965, sdrt-health/mac:02010b41cdec/antenna/tag/e2806894000050038661fd4f, 86
1652706570.419757, sdrt-health/mac:02010b41cdec/antenna/tag/e2806894000040038662114f, 91
1652706570.420327, sdrt-health/mac:02010b41cdec/antenna/tag/e28068940000400386621d4f, 96
1652706570.437445, sdrt-health/mac:02010b41cdec/antenna/tag/e28068940000500386620d4f, 81
1652706570.468086, sdrt-health/mac:02010b41cdec/antenna/tag/e28068940000400386621d4f, 96
1652706570.468534, sdrt-health/mac:02010b41cdec/antenna/tag/e2806894000040038662114f, 91
1652706570.483708, sdrt-health/mac:02010b41cdec/antenna/tag/e2806894000050038662154f, 88
1652706570.483912, sdrt-health/mac:02010b41cdec/antenna/tag/e2806894000050038662154f, 88
1652706570.52681, sdrt-health/mac:02010b41cdec/antenna/tag/e28068940000400386621d4f, 96
1652706570.568006, sdrt-health/mac:02010b41cdec/antenna/tag/e2806894000050038661fd4f, 83
1652706570.627658, sdrt-health/mac:02010b41cdec/antenna/tag/e2806894000040038662214f, 84
1652706570.667296, sdrt-health/mac:02010b41cdec/antenna/tag/e2806894000050038661fd4f, 86
1652706570.7364, sdrt-health/mac:02010b41cdec/antenna/tag/e28068940000500386620d4f, 85
1652706570.776977, sdrt-health/mac:02010b41cdec/antenna/tag/e28068940000400386621d4f, 90
1652706570.824266, sdrt-health/mac:02010b41cdec/antenna/tag/e28068940000500386620d4f, 83
1652706570.88112, sdrt-health/mac:02010b41cdec/antenna/tag/e2806894000040038662114f, 88
1652706570.88162, sdrt-health/mac:02010b41cdec/antenna/tag/e2806894000050038661fd4f, 83
1652706570.90047, sdrt-health/mac:02010b41cdec/antenna/tag/e2806894000050038662154f, 88
1652706570.915912, sdrt-health/mac:02010b41cdec/antenna/tag/e2806894000050038662154f, 88
1652706570.982037, sdrt-health/mac:02010b41cdec/antenna/tag/e28068940000400386621d4f, 96
1652706570.982539, sdrt-health/mac:02010b41cdec/antenna/tag/e28068940000400386621d4f, 96
1652706570.997842, sdrt-health/mac:02010b41cdec/antenna/tag/e2806894000050038661fd4f, 86
1652706570.998209, sdrt-health/mac:02010b41cdec/antenna/tag/e2806894000050038662154f, 88
1652706571.007908, sdrt-health/mac:02010b41cdec/antenna/tag/e2806894000040038662114f, 88
1652706571.013424, sdrt-health/mac:02010b41cdec/antenna/tag/e28068940000500386620d4f, 81
1652706571.013611, sdrt-health/mac:02010b41cdec/antenna/tag/e2806894000050038662154f, 88
1652706571.01373, sdrt-health/mac:02010b41cdec/antenna/tag/e28068940000400386621d4f, 96
1652706571.057352, sdrt-health/mac:02010b41cdec/antenna/tag/e2806894000050038661fd4f, 86
1652706571.096337, sdrt-health/mac:02010b41cdec/antenna/tag/e28068940000500386620d4f, 87
1652706571.187787, sdrt-health/mac:02010b41cdec/antenna/tag/e28068940000500386620d4f, 87
1652706571.227627, sdrt-health/mac:02010b41cdec/antenna/tag/e28068940000400386621d4f, 96
1652706571.266094, sdrt-health/mac:02010b41cdec/antenna/tag/e2806894000040038662114f, 91
1652706571.307179, sdrt-health/mac:02010b41cdec/antenna/tag/e2806894000050038661fd4f, 86
1652706571.347947, sdrt-health/mac:02010b41cdec/antenna/tag/e2806894000050038661fd4f, 86
1652706571.401205, sdrt-health/mac:02010b41cdec/antenna/tag/e2806894000040038662114f, 91
1652706571.40177, sdrt-health/mac:02010b41cdec/antenna/tag/e28068940000400386621d4f, 90
1652706571.416381, sdrt-health/mac:02010b41cdec/antenna/tag/e2806894000040038662114f, 85
1652706571.448519, sdrt-health/mac:02010b41cdec/antenna/tag/e28068940000400386621d4f, 96
1652706571.448862, sdrt-health/mac:02010b41cdec/antenna/tag/e28068940000500386620d4f, 87
1652706571.449111, sdrt-health/mac:02010b41cdec/antenna/tag/e28068940000400386621d4f, 90
1652706571.466493, sdrt-health/mac:02010b41cdec/antenna/tag/e28068940000400386621d4f, 96
1652706571.520903, sdrt-health/mac:02010b41cdec/antenna/tag/e2806894000040038662114f, 85
1652706571.52146, sdrt-health/mac:02010b41cdec/antenna/tag/e2806894000050038662154f, 88
1652706571.53582, sdrt-health/mac:02010b41cdec/antenna/tag/e2806894000050038662194f, 81
1652706571.54633, sdrt-health/mac:02010b41cdec/antenna/tag/e2806894000050038662194f, 94
1652706571.550428, sdrt-health/mac:02010b41cdec/antenna/tag/e2806894000050038662154f, 85
1652706571.59408, sdrt-health/mac:02010b41cdec/antenna/tag/e2806894000050038662154f, 88
1652706571.647157, sdrt-health/mac:02010b41cdec/antenna/tag/e2806894000050038661fd4f, 86
1652706571.700977, sdrt-health/mac:02010b41cdec/antenna/tag/e2806894000040038662114f, 88
1652706571.701456, sdrt-health/mac:02010b41cdec/antenna/tag/e2806894000050038661fd4f, 83
1652706571.716017, sdrt-health/mac:02010b41cdec/antenna/tag/e28068940000500386620d4f, 94
1652706571.745736, sdrt-health/mac:02010b41cdec/antenna/tag/e28068940000500386620d4f, 81
1652706571.745972, sdrt-health/mac:02010b41cdec/antenna/tag/e28068940000500386620d4f, 94
1652706571.746171, sdrt-health/mac:02010b41cdec/antenna/tag/e2806894000040038662114f, 91
1652706571.746332, sdrt-health/mac:02010b41cdec/antenna/tag/e28068940000500386620d4f, 94
1652706571.761185, sdrt-health/mac:02010b41cdec/antenna/tag/e28068940000400386621d4f, 96
1652706571.806004, sdrt-health/mac:02010b41cdec/antenna/tag/e2806894000050038661fd4f, 86
1652706571.846832, sdrt-health/mac:02010b41cdec/antenna/tag/e28068940000400386621d4f, 77
1652706571.901352, sdrt-health/mac:02010b41cdec/antenna/tag/e28068940000500386620d4f, 87
1652706571.901863, sdrt-health/mac:02010b41cdec/antenna/tag/e28068940000400386621d4f, 96
1652706571.926958, sdrt-health/mac:02010b41cdec/antenna/tag/e28068940000500386620d4f, 83
1652706571.985237, sdrt-health/mac:02010b41cdec/antenna/tag/e2806894000050038661fd4f, 83
1652706571.985743, sdrt-health/mac:02010b41cdec/antenna/tag/e28068940000500386620d4f, 81
1652706572.006207, sdrt-health/mac:02010b41cdec/antenna/tag/e28068940000500386620d4f, 94
1652706572.047085, sdrt-health/mac:02010b41cdec/antenna/tag/e2806894000040038662114f, 85
1652706572.077383, sdrt-health/mac:02010b41cdec/antenna/tag/e2806894000050038662154f, 85
1652706572.077593, sdrt-health/mac:02010b41cdec/antenna/tag/e2806894000050038661fd4f, 97
1652706572.093872, sdrt-health/mac:02010b41cdec/antenna/tag/e2806894000040038662114f, 85
1652706572.137674, sdrt-health/mac:02010b41cdec/antenna/tag/e2806894000050038661fd4f, 83
1652706572.169332, sdrt-health/mac:02010b41cdec/antenna/tag/e2806894000040038662114f, 85
1652706572.170358, sdrt-health/mac:02010b41cdec/antenna/tag/e28068940000500386620d4f, 93
1652706572.183704, sdrt-health/mac:02010b41cdec/antenna/tag/e2806894000040038662114f, 85
1652706572.224944, sdrt-health/mac:02010b41cdec/antenna/tag/e28068940000400386621d4f, 96
1652706572.266969, sdrt-health/mac:02010b41cdec/antenna/tag/e28068940000400386621d4f, 90
1652706572.300717, sdrt-health/mac:02010b41cdec/antenna/tag/e2806894000050038661fd4f, 83
1652706572.301036, sdrt-health/mac:02010b41cdec/antenna/tag/e28068940000400386621d4f, 90
1652706572.315764, sdrt-health/mac:02010b41cdec/antenna/tag/e2806894000050038661fd4f, 86
1652706572.316033, sdrt-health/mac:02010b41cdec/antenna/tag/e28068940000400386621d4f, 96
1652706572.36683, sdrt-health/mac:02010b41cdec/antenna/tag/e2806894000050038661fd4f, 86
1652706572.407968, sdrt-health/mac:02010b41cdec/antenna/tag/e2806894000050038662194f, 83
1652706572.447462, sdrt-health/mac:02010b41cdec/antenna/tag/e28068940000400386621d4f, 90
1652706572.486124, sdrt-health/mac:02010b41cdec/antenna/tag/e2806894000040038661f94f, 88
1652706572.526954, sdrt-health/mac:02010b41cdec/antenna/tag/e2806894000040038662114f, 88
1652706572.566226, sdrt-health/mac:02010b41cdec/antenna/tag/e28068940000500386620d4f, 88
1652706572.670887, sdrt-health/mac:02010b41cdec/antenna/tag/e2806894000050038662154f, 85
1652706572.671479, sdrt-health/mac:02010b41cdec/antenna/tag/e28068940000400386621d4f, 90
1652706572.696428, sdrt-health/mac:02010b41cdec/antenna/tag/e2806894000040038662114f, 88
1652706572.771508, sdrt-health/mac:02010b41cdec/antenna/tag/e2806894000050038662194f, 81
1652706572.772012, sdrt-health/mac:02010b41cdec/antenna/tag/e2806894000040038662054f, 81
1652706572.805431, sdrt-health/mac:02010b41cdec/antenna/tag/e2806894000040038662114f, 91
1652706572.861311, sdrt-health/mac:02010b41cdec/antenna/tag/e28068940000500386620d4f, 87
1652706572.861804, sdrt-health/mac:02010b41cdec/antenna/tag/e2806894000050038661fd4f, 86
1652706572.88602, sdrt-health/mac:02010b41cdec/antenna/tag/e2806894000050038661fd4f, 83
1652706572.927363, sdrt-health/mac:02010b41cdec/antenna/tag/e2806894000050038662194f, 87
1652706572.981101, sdrt-health/mac:02010b41cdec/antenna/tag/e2806894000050038662154f, 88
1652706572.981565, sdrt-health/mac:02010b41cdec/antenna/tag/e28068940000400386621d4f, 96
1652706572.998153, sdrt-health/mac:02010b41cdec/antenna/tag/e2806894000040038662114f, 85
1652706572.998505, sdrt-health/mac:02010b41cdec/antenna/tag/e2806894000050038661fd4f, 83
1652706573.005752, sdrt-health/mac:02010b41cdec/antenna/tag/e2806894000050038661fd4f, 83
1652706573.046529, sdrt-health/mac:02010b41cdec/antenna/tag/e2806894000040038662114f, 88
1652706573.11166, sdrt-health/mac:02010b41cdec/antenna/tag/e2806894000050038662154f, 91
1652706573.11212, sdrt-health/mac:02010b41cdec/antenna/tag/e2806894000040038662114f, 88
1652706573.128245, sdrt-health/mac:02010b41cdec/antenna/tag/e2806894000050038662194f, 83
1652706573.159762, sdrt-health/mac:02010b41cdec/antenna/tag/e2806894000040038662114f, 91
1652706573.16008, sdrt-health/mac:02010b41cdec/antenna/tag/e2806894000050038662194f, 83
1652706573.160287, sdrt-health/mac:02010b41cdec/antenna/tag/e2806894000050038662154f, 85
1652706573.178146, sdrt-health/mac:02010b41cdec/antenna/tag/e2806894000050038662194f, 84
1652706573.231539, sdrt-health/mac:02010b41cdec/antenna/tag/e2806894000040038662114f, 85
1652706573.232, sdrt-health/mac:02010b41cdec/antenna/tag/e2806894000050038662194f, 88
1652706573.247291, sdrt-health/mac:02010b41cdec/antenna/tag/e28068940000400386621d4f, 77
1652706573.255938, sdrt-health/mac:02010b41cdec/antenna/tag/e2806894000050038661fd4f, 83
1652706573.296928, sdrt-health/mac:02010b41cdec/antenna/tag/e28068940000500386620d4f, 88
1652706573.352916, sdrt-health/mac:02010b41cdec/antenna/tag/e28068940000400386621d4f, 77
1652706573.353257, sdrt-health/mac:02010b41cdec/antenna/tag/e2806894000050038662194f, 81
1652706573.37067, sdrt-health/mac:02010b41cdec/antenna/tag/e2806894000050038662154f, 85
1652706573.43038, sdrt-health/mac:02010b41cdec/antenna/tag/e2806894000050038661fd4f, 83
1652706573.431496, sdrt-health/mac:02010b41cdec/antenna/tag/e2806894000050038661fd4f, 86
1652706573.473613, sdrt-health/mac:02010b41cdec/antenna/tag/e2806894000040038662114f, 85
1652706573.552676, sdrt-health/mac:02010b41cdec/antenna/tag/e2806894000050038662154f, 88
1652706573.553162, sdrt-health/mac:02010b41cdec/antenna/tag/e2806894000050038662194f, 83
1652706573.586667, sdrt-health/mac:02010b41cdec/antenna/tag/e2806894000050038662154f, 91
1652706573.63498, sdrt-health/mac:02010b41cdec/antenna/tag/e2806894000050038661fd4f, 86
1652706573.677632, sdrt-health/mac:02010b41cdec/antenna/tag/e2806894000040038662114f, 93
1652706573.716226, sdrt-health/mac:02010b41cdec/antenna/tag/e2806894000050038662154f, 85
1652706573.758167, sdrt-health/mac:02010b41cdec/antenna/tag/e2806894000050038662154f, 88
1652706573.789869, sdrt-health/mac:02010b41cdec/antenna/tag/e2806894000050038661fd4f, 86
1652706573.790385, sdrt-health/mac:02010b41cdec/antenna/tag/e2806894000050038662194f, 83
1652706573.804287, sdrt-health/mac:02010b41cdec/antenna/tag/e28068940000400386621d4f, 90
1652706573.804536, sdrt-health/mac:02010b41cdec/antenna/tag/e2806894000050038662154f, 88
1652706573.836111, sdrt-health/mac:02010b41cdec/antenna/tag/e28068940000500386620d4f, 81
1652706573.875492, sdrt-health/mac:02010b41cdec/antenna/tag/e2806894000040038662114f, 91
1652706573.876527, sdrt-health/mac:02010b41cdec/antenna/tag/e28068940000500386620d4f, 94
1652706573.916286, sdrt-health/mac:02010b41cdec/antenna/tag/e2806894000050038662194f, 81
1652706573.957498, sdrt-health/mac:02010b41cdec/antenna/tag/e2806894000040038662114f, 97
1652706573.996039, sdrt-health/mac:02010b41cdec/antenna/tag/e2806894000040038662114f, 91
1652706574.037862, sdrt-health/mac:02010b41cdec/antenna/tag/e2806894000040038662114f, 91
1652706574.075677, sdrt-health/mac:02010b41cdec/antenna/tag/e2806894000040038662114f, 88
1652706574.116213, sdrt-health/mac:02010b41cdec/antenna/tag/e2806894000050038662154f, 88
1652706574.200578, sdrt-health/mac:02010b41cdec/antenna/tag/e2806894000040038662114f, 85
1652706574.201046, sdrt-health/mac:02010b41cdec/antenna/tag/e28068940000500386620d4f, 83
1652706574.22604, sdrt-health/mac:02010b41cdec/antenna/tag/e2806894000040038662114f, 88
1652706574.266164, sdrt-health/mac:02010b41cdec/antenna/tag/e2806894000050038661fd4f, 86
1652706574.307164, sdrt-health/mac:02010b41cdec/antenna/tag/e2806894000040038662114f, 88
1652706574.346837, sdrt-health/mac:02010b41cdec/antenna/tag/e28068940000500386620d4f, 94
1652706574.396716, sdrt-health/mac:02010b41cdec/antenna/tag/e28068940000400386621d4f, 90
1652706574.447158, sdrt-health/mac:02010b41cdec/antenna/tag/e2806894000050038662154f, 88
1652706574.501327, sdrt-health/mac:02010b41cdec/antenna/tag/e2806894000040038662114f, 85
1652706574.501798, sdrt-health/mac:02010b41cdec/antenna/tag/e2806894000050038662154f, 88
1652706574.516357, sdrt-health/mac:02010b41cdec/antenna/tag/e2806894000050038661fd4f, 83
1652706574.516898, sdrt-health/mac:02010b41cdec/antenna/tag/e2806894000040038662114f, 85
1652706574.531878, sdrt-health/mac:02010b41cdec/antenna/tag/e2806894000050038662194f, 81
1652706574.536313, sdrt-health/mac:02010b41cdec/antenna/tag/e2806894000050038662154f, 85
1652706574.566697, sdrt-health/mac:02010b41cdec/antenna/tag/e2806894000050038662154f, 88
1652706574.614664, sdrt-health/mac:02010b41cdec/antenna/tag/e2806894000040038662114f, 85
1652706574.672925, sdrt-health/mac:02010b41cdec/antenna/tag/e2806894000050038662154f, 88
1652706574.673381, sdrt-health/mac:02010b41cdec/antenna/tag/e2806894000050038662194f, 84
1652706574.68784, sdrt-health/mac:02010b41cdec/antenna/tag/e2806894000040038662114f, 85
1652706574.71833, sdrt-health/mac:02010b41cdec/antenna/tag/e2806894000040038662114f, 88
1652706574.718788, sdrt-health/mac:02010b41cdec/antenna/tag/e2806894000040038662114f, 88
1652706574.735625, sdrt-health/mac:02010b41cdec/antenna/tag/e2806894000050038662194f, 83
1652706574.785343, sdrt-health/mac:02010b41cdec/antenna/tag/e28068940000400386621d4f, 96
1652706574.815541, sdrt-health/mac:02010b41cdec/antenna/tag/e2806894000050038662194f, 83
1652706574.817108, sdrt-health/mac:02010b41cdec/antenna/tag/e2806894000050038661fd4f, 83
1652706574.829957, sdrt-health/mac:02010b41cdec/antenna/tag/e28068940000400386621d4f, 96
1652706574.866436, sdrt-health/mac:02010b41cdec/antenna/tag/e28068940000400386621d4f, 96
1652706574.906889, sdrt-health/mac:02010b41cdec/antenna/tag/e28068940000400386621d4f, 96
1652706574.976822, sdrt-health/mac:02010b41cdec/antenna/tag/e2806894000050038662154f, 88
1652706575.016267, sdrt-health/mac:02010b41cdec/antenna/tag/e2806894000050038662194f, 83
1652706575.078673, sdrt-health/mac:02010b41cdec/antenna/tag/e2806894000050038662194f, 81
1652706575.079131, sdrt-health/mac:02010b41cdec/antenna/tag/e2806894000050038662154f, 88
1652706575.093692, sdrt-health/mac:02010b41cdec/antenna/tag/e28068940000400386621d4f, 96
1652706575.10612, sdrt-health/mac:02010b41cdec/antenna/tag/e28068940000500386620d4f, 83
1652706575.107541, sdrt-health/mac:02010b41cdec/antenna/tag/e2806894000050038661fd4f, 86
1652706575.154904, sdrt-health/mac:02010b41cdec/antenna/tag/e2806894000050038662154f, 91
1652706575.210914, sdrt-health/mac:02010b41cdec/antenna/tag/e2806894000040038662114f, 88
1652706575.211407, sdrt-health/mac:02010b41cdec/antenna/tag/e2806894000050038662154f, 88
1652706575.225395, sdrt-health/mac:02010b41cdec/antenna/tag/e2806894000040038662114f, 88
1652706575.258192, sdrt-health/mac:02010b41cdec/antenna/tag/e2806894000050038662154f, 88
1652706575.258832, sdrt-health/mac:02010b41cdec/antenna/tag/e28068940000500386620d4f, 83
1652706575.286659, sdrt-health/mac:02010b41cdec/antenna/tag/e2806894000050038661fd4f, 83
1652706575.316533, sdrt-health/mac:02010b41cdec/antenna/tag/e2806894000040038662114f, 88
1652706575.316891, sdrt-health/mac:02010b41cdec/antenna/tag/e2806894000050038662154f, 91
1652706575.356385, sdrt-health/mac:02010b41cdec/antenna/tag/e28068940000400386621d4f, 96
1652706575.395503, sdrt-health/mac:02010b41cdec/antenna/tag/e2806894000050038661fd4f, 86
1652706575.436184, sdrt-health/mac:02010b41cdec/antenna/tag/e2806894000050038662194f, 81
1652706575.486999, sdrt-health/mac:02010b41cdec/antenna/tag/e2806894000040038662114f, 85
1652706575.526018, sdrt-health/mac:02010b41cdec/antenna/tag/e2806894000050038661fd4f, 83
1652706575.56794, sdrt-health/mac:02010b41cdec/antenna/tag/e2806894000050038661fd4f, 83
1652706575.597183, sdrt-health/mac:02010b41cdec/antenna/tag/e28068940000400386621d4f, 90
1652706575.597388, sdrt-health/mac:02010b41cdec/antenna/tag/e28068940000400386621d4f, 96
1652706575.611274, sdrt-health/mac:02010b41cdec/antenna/tag/e2806894000050038662194f, 83
1652706575.655281, sdrt-health/mac:02010b41cdec/antenna/tag/e28068940000400386621d4f, 77
1652706575.719751, sdrt-health/mac:02010b41cdec/antenna/tag/e28068940000400386621d4f, 96
1652706575.720338, sdrt-health/mac:02010b41cdec/antenna/tag/e28068940000400386621d4f, 77
1652706575.73501, sdrt-health/mac:02010b41cdec/antenna/tag/e28068940000400386621d4f, 77
1652706575.74574, sdrt-health/mac:02010b41cdec/antenna/tag/e28068940000400386621d4f, 96
1652706575.794396, sdrt-health/mac:02010b41cdec/antenna/tag/e28068940000500386620d4f, 87
1652706575.822643, sdrt-health/mac:02010b41cdec/antenna/tag/e2806894000050038662154f, 88
1652706575.823071, sdrt-health/mac:02010b41cdec/antenna/tag/e28068940000400386621d4f, 96
1652706575.843252, sdrt-health/mac:02010b41cdec/antenna/tag/e28068940000500386620d4f, 87
1652706575.871224, sdrt-health/mac:02010b41cdec/antenna/tag/e2806894000050038662154f, 88
1652706575.871433, sdrt-health/mac:02010b41cdec/antenna/tag/e28068940000500386620d4f, 93
1652706575.885777, sdrt-health/mac:02010b41cdec/antenna/tag/e2806894000050038662194f, 93
1652706575.934285, sdrt-health/mac:02010b41cdec/antenna/tag/e28068940000400386621d4f, 96
1652706575.934652, sdrt-health/mac:02010b41cdec/antenna/tag/e2806894000050038662154f, 91
1652706575.948499, sdrt-health/mac:02010b41cdec/antenna/tag/e2806894000050038662194f, 81
1652706575.955036, sdrt-health/mac:02010b41cdec/antenna/tag/e2806894000050038661fd4f, 83
1652706575.963739, sdrt-health/mac:02010b41cdec/antenna/tag/e2806894000050038662154f, 91
1652706575.997889, sdrt-health/mac:02010b41cdec/antenna/tag/e28068940000500386620d4f, 85
1652706576.036493, sdrt-health/mac:02010b41cdec/antenna/tag/e2806894000050038662154f, 88
1652706576.07664, sdrt-health/mac:02010b41cdec/antenna/tag/e2806894000050038661fd4f, 83
1652706576.131924, sdrt-health/mac:02010b41cdec/antenna/tag/e28068940000500386620d4f, 87
1652706576.132456, sdrt-health/mac:02010b41cdec/antenna/tag/e2806894000040038662114f, 88
1652706576.132794, sdrt-health/mac:02010b41cdec/antenna/tag/e2806894000040038662114f, 88
1652706576.149842, sdrt-health/mac:02010b41cdec/antenna/tag/e28068940000400386621d4f, 96
1652706576.193159, sdrt-health/mac:02010b41cdec/antenna/tag/e28068940000500386620d4f, 93
1652706576.236441, sdrt-health/mac:02010b41cdec/antenna/tag/e2806894000050038662154f, 91
1652706576.2862, sdrt-health/mac:02010b41cdec/antenna/tag/e28068940000500386620d4f, 87
1652706576.316486, sdrt-health/mac:02010b41cdec/antenna/tag/e2806894000050038662154f, 88
1652706576.31683, sdrt-health/mac:02010b41cdec/antenna/tag/e2806894000050038661fd4f, 86
1652706576.331507, sdrt-health/mac:02010b41cdec/antenna/tag/e28068940000500386620d4f, 93
1652706576.374585, sdrt-health/mac:02010b41cdec/antenna/tag/e28068940000500386620d4f, 82
1652706576.418022, sdrt-health/mac:02010b41cdec/antenna/tag/e2806894000050038662154f, 88
1652706576.471437, sdrt-health/mac:02010b41cdec/antenna/tag/e2806894000050038661fd4f, 83
1652706576.4723, sdrt-health/mac:02010b41cdec/antenna/tag/e28068940000400386621d4f, 90
1652706576.486203, sdrt-health/mac:02010b41cdec/antenna/tag/e2806894000040038662114f, 88
1652706576.495802, sdrt-health/mac:02010b41cdec/antenna/tag/e28068940000400386621d4f, 90
1652706576.537495, sdrt-health/mac:02010b41cdec/antenna/tag/e2806894000040038662214f, 81
1652706576.601178, sdrt-health/mac:02010b41cdec/antenna/tag/e2806894000050038662154f, 88
1652706576.601677, sdrt-health/mac:02010b41cdec/antenna/tag/e2806894000040038662214f, 82
1652706576.626236, sdrt-health/mac:02010b41cdec/antenna/tag/e2806894000050038661fd4f, 83
1652706576.665439, sdrt-health/mac:02010b41cdec/antenna/tag/e2806894000040038662114f, 85
1652706576.706323, sdrt-health/mac:02010b41cdec/antenna/tag/e2806894000050038662154f, 85
1652706576.765182, sdrt-health/mac:02010b41cdec/antenna/tag/e28068940000400386621d4f, 90
1652706576.831281, sdrt-health/mac:02010b41cdec/antenna/tag/e2806894000040038662114f, 85
1652706576.831789, sdrt-health/mac:02010b41cdec/antenna/tag/e2806894000040038662114f, 91
1652706576.845956, sdrt-health/mac:02010b41cdec/antenna/tag/e2806894000050038661fd4f, 86
1652706576.846609, sdrt-health/mac:02010b41cdec/antenna/tag/e2806894000050038662154f, 88
1652706576.858303, sdrt-health/mac:02010b41cdec/antenna/tag/e2806894000050038662194f, 94
1652706576.904518, sdrt-health/mac:02010b41cdec/antenna/tag/e28068940000500386620d4f, 83
1652706576.954788, sdrt-health/mac:02010b41cdec/antenna/tag/e28068940000500386620d4f, 94
1652706577.010793, sdrt-health/mac:02010b41cdec/antenna/tag/e28068940000400386621d4f, 96
1652706577.011291, sdrt-health/mac:02010b41cdec/antenna/tag/e2806894000050038662194f, 94
1652706577.025079, sdrt-health/mac:02010b41cdec/antenna/tag/e2806894000050038662154f, 91
1652706577.025607, sdrt-health/mac:02010b41cdec/antenna/tag/e28068940000500386620d4f, 94
1652706577.025791, sdrt-health/mac:02010b41cdec/antenna/tag/e2806894000040038662114f, 88
1652706577.041253, sdrt-health/mac:02010b41cdec/antenna/tag/e2806894000040038661f94f, 88
1652706577.076438, sdrt-health/mac:02010b41cdec/antenna/tag/e2806894000040038662114f, 85
1652706577.116816, sdrt-health/mac:02010b41cdec/antenna/tag/e2806894000050038661fd4f, 86
1652706577.181911, sdrt-health/mac:02010b41cdec/antenna/tag/e28068940000500386620d4f, 81
1652706577.182416, sdrt-health/mac:02010b41cdec/antenna/tag/e28068940000400386621d4f, 77
1652706577.1828, sdrt-health/mac:02010b41cdec/antenna/tag/e2806894000040038662114f, 88
1652706577.207343, sdrt-health/mac:02010b41cdec/antenna/tag/e28068940000500386620d4f, 93
1652706577.254713, sdrt-health/mac:02010b41cdec/antenna/tag/e2806894000050038661fd4f, 86
1652706577.295665, sdrt-health/mac:02010b41cdec/antenna/tag/e2806894000050038662194f, 88
1652706577.337214, sdrt-health/mac:02010b41cdec/antenna/tag/e28068940000500386620d4f, 87
1652706577.3757, sdrt-health/mac:02010b41cdec/antenna/tag/e2806894000050038661fd4f, 83
1652706577.462345, sdrt-health/mac:02010b41cdec/antenna/tag/e28068940000400386621d4f, 96
1652706577.462817, sdrt-health/mac:02010b41cdec/antenna/tag/e2806894000050038661fd4f, 83
1652706577.514297, sdrt-health/mac:02010b41cdec/antenna/tag/e2806894000050038662154f, 85
1652706577.587061, sdrt-health/mac:02010b41cdec/antenna/tag/e2806894000050038661fd4f, 86
1652706577.625979, sdrt-health/mac:02010b41cdec/antenna/tag/e2806894000050038661fd4f, 86
1652706577.666718, sdrt-health/mac:02010b41cdec/antenna/tag/e2806894000050038662154f, 88
1652706577.720158, sdrt-health/mac:02010b41cdec/antenna/tag/e2806894000050038662194f, 81
1652706577.720565, sdrt-health/mac:02010b41cdec/antenna/tag/e28068940000500386620d4f, 81
1652706577.75895, sdrt-health/mac:02010b41cdec/antenna/tag/e28068940000400386621d4f, 96
1652706577.788864, sdrt-health/mac:02010b41cdec/antenna/tag/e2806894000050038661fd4f, 86
1652706577.789135, sdrt-health/mac:02010b41cdec/antenna/tag/e28068940000500386620d4f, 83
1652706577.802089, sdrt-health/mac:02010b41cdec/antenna/tag/e28068940000500386620d4f, 94
1652706577.802366, sdrt-health/mac:02010b41cdec/antenna/tag/e2806894000050038662154f, 88
1652706577.844564, sdrt-health/mac:02010b41cdec/antenna/tag/e2806894000050038661fd4f, 83
1652706577.901139, sdrt-health/mac:02010b41cdec/antenna/tag/e2806894000050038662154f, 88
1652706577.901623, sdrt-health/mac:02010b41cdec/antenna/tag/e28068940000500386620d4f, 87
1652706577.915476, sdrt-health/mac:02010b41cdec/antenna/tag/e2806894000050038662154f, 91
1652706577.926293, sdrt-health/mac:02010b41cdec/antenna/tag/e2806894000040038662114f, 91
1652706577.966017, sdrt-health/mac:02010b41cdec/antenna/tag/e2806894000040038662054f, 94
1652706578.020535, sdrt-health/mac:02010b41cdec/antenna/tag/e2806894000050038662194f, 94
1652706578.020753, sdrt-health/mac:02010b41cdec/antenna/tag/e2806894000050038661fd4f, 83
1652706578.020904, sdrt-health/mac:02010b41cdec/antenna/tag/e2806894000050038662194f, 94
1652706578.054833, sdrt-health/mac:02010b41cdec/antenna/tag/e2806894000050038662194f, 83
1652706578.109426, sdrt-health/mac:02010b41cdec/antenna/tag/e2806894000050038661fd4f, 83
1652706578.109899, sdrt-health/mac:02010b41cdec/antenna/tag/e2806894000050038661fd4f, 90
1652706578.136216, sdrt-health/mac:02010b41cdec/antenna/tag/e2806894000050038661fd4f, 86
1652706578.177246, sdrt-health/mac:02010b41cdec/antenna/tag/e2806894000040038662114f, 88
1652706578.219849, sdrt-health/mac:02010b41cdec/antenna/tag/e2806894000050038661fd4f, 86
1652706578.271935, sdrt-health/mac:02010b41cdec/antenna/tag/e2806894000040038662114f, 88
1652706578.272292, sdrt-health/mac:02010b41cdec/antenna/tag/e28068940000400386621d4f, 90
1652706578.285573, sdrt-health/mac:02010b41cdec/antenna/tag/e2806894000040038662114f, 88
1652706578.296357, sdrt-health/mac:02010b41cdec/antenna/tag/e28068940000400386621d4f, 90
1652706578.3009, sdrt-health/mac:02010b41cdec/antenna/tag/e2806894000040038662114f, 88
1652706578.356195, sdrt-health/mac:02010b41cdec/antenna/tag/e2806894000050038662194f, 94
1652706578.397548, sdrt-health/mac:02010b41cdec/antenna/tag/e28068940000500386620d4f, 83
1652706578.450406, sdrt-health/mac:02010b41cdec/antenna/tag/e2806894000050038662154f, 85
1652706578.450874, sdrt-health/mac:02010b41cdec/antenna/tag/e2806894000050038662194f, 94
1652706578.464833, sdrt-health/mac:02010b41cdec/antenna/tag/e28068940000400386621d4f, 77
1652706578.493288, sdrt-health/mac:02010b41cdec/antenna/tag/e2806894000040038662114f, 85
1652706578.536682, sdrt-health/mac:02010b41cdec/antenna/tag/e28068940000500386620d4f, 87
1652706578.584225, sdrt-health/mac:02010b41cdec/antenna/tag/e2806894000040038662114f, 88
1652706578.640413, sdrt-health/mac:02010b41cdec/antenna/tag/e2806894000050038662154f, 85
1652706578.640927, sdrt-health/mac:02010b41cdec/antenna/tag/e28068940000500386620d4f, 87
1652706578.665465, sdrt-health/mac:02010b41cdec/antenna/tag/e2806894000050038662154f, 85
1652706578.704603, sdrt-health/mac:02010b41cdec/antenna/tag/e2806894000050038662154f, 85
1652706578.755883, sdrt-health/mac:02010b41cdec/antenna/tag/e2806894000040038662114f, 88
1652706578.795158, sdrt-health/mac:02010b41cdec/antenna/tag/e28068940000500386620d4f, 93
1652706578.837194, sdrt-health/mac:02010b41cdec/antenna/tag/e28068940000500386620d4f, 87
1652706578.891142, sdrt-health/mac:02010b41cdec/antenna/tag/e2806894000050038661fd4f, 86
1652706578.891858, sdrt-health/mac:02010b41cdec/antenna/tag/e2806894000050038661fd4f, 86
1652706578.905249, sdrt-health/mac:02010b41cdec/antenna/tag/e28068940000400386621d4f, 96
1652706578.916803, sdrt-health/mac:02010b41cdec/antenna/tag/e2806894000050038662194f, 94
1652706578.919427, sdrt-health/mac:02010b41cdec/antenna/tag/e2806894000050038661fd4f, 86
1652706578.919849, sdrt-health/mac:02010b41cdec/antenna/tag/e28068940000400386621d4f, 90
1652706578.954643, sdrt-health/mac:02010b41cdec/antenna/tag/e28068940000400386621d4f, 90
1652706578.997138, sdrt-health/mac:02010b41cdec/antenna/tag/e28068940000400386621d4f, 77
1652706579.048413, sdrt-health/mac:02010b41cdec/antenna/tag/e2806894000050038661fd4f, 83
1652706579.048915, sdrt-health/mac:02010b41cdec/antenna/tag/e2806894000040038662114f, 85
1652706579.077116, sdrt-health/mac:02010b41cdec/antenna/tag/e2806894000050038662194f, 88
1652706579.166425, sdrt-health/mac:02010b41cdec/antenna/tag/e2806894000050038661fd4f, 86
1652706579.207354, sdrt-health/mac:02010b41cdec/antenna/tag/e28068940000400386621d4f, 96
1652706579.236517, sdrt-health/mac:02010b41cdec/antenna/tag/e2806894000040038662114f, 91
1652706579.236962, sdrt-health/mac:02010b41cdec/antenna/tag/e2806894000050038662194f, 83
1652706579.251484, sdrt-health/mac:02010b41cdec/antenna/tag/e2806894000040038662114f, 88
1652706579.286298, sdrt-health/mac:02010b41cdec/antenna/tag/e2806894000050038662154f, 91
1652706579.339897, sdrt-health/mac:02010b41cdec/antenna/tag/e2806894000040038662114f, 88
1652706579.340573, sdrt-health/mac:02010b41cdec/antenna/tag/e2806894000050038662154f, 88
1652706579.355385, sdrt-health/mac:02010b41cdec/antenna/tag/e2806894000050038661fd4f, 86
1652706579.365929, sdrt-health/mac:02010b41cdec/antenna/tag/e2806894000040038662114f, 88
1652706579.414819, sdrt-health/mac:02010b41cdec/antenna/tag/e2806894000050038661fd4f, 83
1652706579.4433, sdrt-health/mac:02010b41cdec/antenna/tag/e2806894000050038662154f, 91
1652706579.443703, sdrt-health/mac:02010b41cdec/antenna/tag/e2806894000050038661fd4f, 86
1652706579.457293, sdrt-health/mac:02010b41cdec/antenna/tag/e2806894000040038662114f, 88
1652706579.50579, sdrt-health/mac:02010b41cdec/antenna/tag/e28068940000400386621d4f, 90
1652706579.546182, sdrt-health/mac:02010b41cdec/antenna/tag/e2806894000050038662154f, 88
1652706579.654465, sdrt-health/mac:02010b41cdec/antenna/tag/e2806894000040038662214f, 81
1652706579.699483, sdrt-health/mac:02010b41cdec/antenna/tag/e2806894000040038662214f, 94
1652706579.776415, sdrt-health/mac:02010b41cdec/antenna/tag/e2806894000040038662114f, 85
1652706579.77692, sdrt-health/mac:02010b41cdec/antenna/tag/e2806894000040038662114f, 85
1652706579.789359, sdrt-health/mac:02010b41cdec/antenna/tag/e2806894000040038662214f, 81
1652706579.829505, sdrt-health/mac:02010b41cdec/antenna/tag/e28068940000500386620d4f, 83
1652706579.829844, sdrt-health/mac:02010b41cdec/antenna/tag/e2806894000050038662154f, 88
1652706579.866242, sdrt-health/mac:02010b41cdec/antenna/tag/e28068940000500386620d4f, 81
1652706579.899967, sdrt-health/mac:02010b41cdec/antenna/tag/e2806894000050038662194f, 83
1652706579.900314, sdrt-health/mac:02010b41cdec/antenna/tag/e28068940000500386620d4f, 84
1652706579.914221, sdrt-health/mac:02010b41cdec/antenna/tag/e28068940000500386620d4f, 83
1652706579.94601, sdrt-health/mac:02010b41cdec/antenna/tag/e2806894000050038661fd4f, 83
1652706580.000576, sdrt-health/mac:02010b41cdec/antenna/tag/e2806894000050038662194f, 81
1652706580.001034, sdrt-health/mac:02010b41cdec/antenna/tag/e2806894000050038662154f, 88
1652706580.016502, sdrt-health/mac:02010b41cdec/antenna/tag/e2806894000050038662194f, 88
1652706580.027231, sdrt-health/mac:02010b41cdec/antenna/tag/e28068940000400386621d4f, 96
1652706580.06702, sdrt-health/mac:02010b41cdec/antenna/tag/e2806894000050038662194f, 83
1652706580.122084, sdrt-health/mac:02010b41cdec/antenna/tag/e2806894000040038662114f, 88
1652706580.122646, sdrt-health/mac:02010b41cdec/antenna/tag/e28068940000400386621d4f, 96
1652706580.137688, sdrt-health/mac:02010b41cdec/antenna/tag/e2806894000050038662194f, 88
1652706580.145413, sdrt-health/mac:02010b41cdec/antenna/tag/e2806894000050038661fd4f, 86
1652706580.186521, sdrt-health/mac:02010b41cdec/antenna/tag/e2806894000050038662154f, 88
1652706580.224872, sdrt-health/mac:02010b41cdec/antenna/tag/e2806894000050038661fd4f, 86
1652706580.270505, sdrt-health/mac:02010b41cdec/antenna/tag/e2806894000040038662114f, 88
1652706580.324925, sdrt-health/mac:02010b41cdec/antenna/tag/e2806894000050038661fd4f, 86
1652706580.406107, sdrt-health/mac:02010b41cdec/antenna/tag/e2806894000050038662154f, 91
1652706580.453002, sdrt-health/mac:02010b41cdec/antenna/tag/e2806894000040038662114f, 91
1652706580.507526, sdrt-health/mac:02010b41cdec/antenna/tag/e2806894000050038662194f, 87
1652706580.50812, sdrt-health/mac:02010b41cdec/antenna/tag/e2806894000050038661fd4f, 86
1652706580.508485, sdrt-health/mac:02010b41cdec/antenna/tag/e28068940000400386621d4f, 96
1652706580.551296, sdrt-health/mac:02010b41cdec/antenna/tag/e2806894000040038662114f, 88
1652706580.606123, sdrt-health/mac:02010b41cdec/antenna/tag/e2806894000040038662114f, 85
1652706580.63424, sdrt-health/mac:02010b41cdec/antenna/tag/e2806894000050038662194f, 83
1652706580.634586, sdrt-health/mac:02010b41cdec/antenna/tag/e2806894000050038661fd4f, 83
1652706580.647659, sdrt-health/mac:02010b41cdec/antenna/tag/e2806894000050038661fd4f, 83
1652706580.686947, sdrt-health/mac:02010b41cdec/antenna/tag/e2806894000050038662154f, 88
1652706580.727371, sdrt-health/mac:02010b41cdec/antenna/tag/e2806894000040038662114f, 88
1652706580.780086, sdrt-health/mac:02010b41cdec/antenna/tag/e28068940000400386621d4f, 90
1652706580.780568, sdrt-health/mac:02010b41cdec/antenna/tag/e28068940000500386620d4f, 81
1652706580.793821, sdrt-health/mac:02010b41cdec/antenna/tag/e28068940000400386621d4f, 90
1652706580.804435, sdrt-health/mac:02010b41cdec/antenna/tag/e28068940000400386621d4f, 90
1652706580.845977, sdrt-health/mac:02010b41cdec/antenna/tag/e2806894000040038662114f, 88
1652706580.902272, sdrt-health/mac:02010b41cdec/antenna/tag/e2806894000050038662194f, 81
1652706580.902691, sdrt-health/mac:02010b41cdec/antenna/tag/e28068940000400386621d4f, 90
1652706580.918069, sdrt-health/mac:02010b41cdec/antenna/tag/e2806894000050038661fd4f, 83
1652706580.946578, sdrt-health/mac:02010b41cdec/antenna/tag/e2806894000050038662154f, 88
1652706580.946832, sdrt-health/mac:02010b41cdec/antenna/tag/e28068940000400386621d4f, 90
1652706580.966226, sdrt-health/mac:02010b41cdec/antenna/tag/e2806894000050038662154f, 88
1652706580.993147, sdrt-health/mac:02010b41cdec/antenna/tag/e2806894000050038662194f, 81
1652706580.993368, sdrt-health/mac:02010b41cdec/antenna/tag/e2806894000050038662154f, 85
1652706581.007702, sdrt-health/mac:02010b41cdec/antenna/tag/e2806894000050038662194f, 81
1652706581.045307, sdrt-health/mac:02010b41cdec/antenna/tag/e2806894000040038662114f, 85
1652706581.094858, sdrt-health/mac:02010b41cdec/antenna/tag/e2806894000050038662154f, 91
1652706581.136695, sdrt-health/mac:02010b41cdec/antenna/tag/e2806894000050038662154f, 88
1652706581.176329, sdrt-health/mac:02010b41cdec/antenna/tag/e2806894000050038662154f, 88
1652706581.229066, sdrt-health/mac:02010b41cdec/antenna/tag/e28068940000400386621d4f, 96
1652706581.229534, sdrt-health/mac:02010b41cdec/antenna/tag/e2806894000050038662154f, 85
1652706581.263272, sdrt-health/mac:02010b41cdec/antenna/tag/e2806894000050038661fd4f, 83
1652706581.306518, sdrt-health/mac:02010b41cdec/antenna/tag/e2806894000040038662114f, 85
1652706581.354449, sdrt-health/mac:02010b41cdec/antenna/tag/e2806894000050038662154f, 88
1652706581.400354, sdrt-health/mac:02010b41cdec/antenna/tag/e2806894000040038662114f, 88
1652706581.400652, sdrt-health/mac:02010b41cdec/antenna/tag/e28068940000400386621d4f, 96
1652706581.442539, sdrt-health/mac:02010b41cdec/antenna/tag/e2806894000040038662114f, 85
1652706581.443022, sdrt-health/mac:02010b41cdec/antenna/tag/e28068940000400386621d4f, 90
1652706581.456262, sdrt-health/mac:02010b41cdec/antenna/tag/e28068940000500386620d4f, 83
1652706581.493423, sdrt-health/mac:02010b41cdec/antenna/tag/e28068940000400386621d4f, 96
1652706581.536402, sdrt-health/mac:02010b41cdec/antenna/tag/e2806894000040038662114f, 85
1652706581.564501, sdrt-health/mac:02010b41cdec/antenna/tag/e2806894000050038661fd4f, 83
1652706581.564787, sdrt-health/mac:02010b41cdec/antenna/tag/e2806894000040038662114f, 91
1652706581.5855, sdrt-health/mac:02010b41cdec/antenna/tag/e2806894000050038662154f, 91
1652706581.625557, sdrt-health/mac:02010b41cdec/antenna/tag/e2806894000050038661fd4f, 86
1652706581.674079, sdrt-health/mac:02010b41cdec/antenna/tag/e2806894000050038661fd4f, 86
1652706581.727434, sdrt-health/mac:02010b41cdec/antenna/tag/e2806894000050038661fd4f, 86
1652706581.790118, sdrt-health/mac:02010b41cdec/antenna/tag/e2806894000050038661fd4f, 86
1652706581.790518, sdrt-health/mac:02010b41cdec/antenna/tag/e28068940000500386620d4f, 81
1652706581.804949, sdrt-health/mac:02010b41cdec/antenna/tag/e28068940000400386621d4f, 90
1652706581.815937, sdrt-health/mac:02010b41cdec/antenna/tag/e2806894000050038661fd4f, 86
1652706581.819162, sdrt-health/mac:02010b41cdec/antenna/tag/e28068940000400386621d4f, 90
1652706581.819488, sdrt-health/mac:02010b41cdec/antenna/tag/e2806894000050038661fd4f, 86
1652706581.863615, sdrt-health/mac:02010b41cdec/antenna/tag/e2806894000050038662154f, 91
1652706581.905512, sdrt-health/mac:02010b41cdec/antenna/tag/e2806894000050038661fd4f, 83
1652706581.946488, sdrt-health/mac:02010b41cdec/antenna/tag/e2806894000050038662194f, 94
1652706582.007921, sdrt-health/mac:02010b41cdec/antenna/tag/e2806894000050038662154f, 85
1652706582.008256, sdrt-health/mac:02010b41cdec/antenna/tag/e2806894000050038661fd4f, 83
1652706582.036191, sdrt-health/mac:02010b41cdec/antenna/tag/e28068940000400386621d4f, 96
1652706582.088819, sdrt-health/mac:02010b41cdec/antenna/tag/e2806894000050038662154f, 88
1652706582.089279, sdrt-health/mac:02010b41cdec/antenna/tag/e28068940000400386621d4f, 96
1652706582.115217, sdrt-health/mac:02010b41cdec/antenna/tag/e28068940000400386621d4f, 96
1652706582.155571, sdrt-health/mac:02010b41cdec/antenna/tag/e2806894000050038661fd4f, 83
1652706582.209777, sdrt-health/mac:02010b41cdec/antenna/tag/e28068940000500386620d4f, 94
1652706582.210238, sdrt-health/mac:02010b41cdec/antenna/tag/e28068940000500386620d4f, 94
1652706582.22434, sdrt-health/mac:02010b41cdec/antenna/tag/e2806894000040038662114f, 88
1652706582.276482, sdrt-health/mac:02010b41cdec/antenna/tag/e2806894000040038662114f, 88
1652706582.316298, sdrt-health/mac:02010b41cdec/antenna/tag/e28068940000400386621d4f, 96
1652706582.317293, sdrt-health/mac:02010b41cdec/antenna/tag/e2806894000040038662114f, 85
1652706582.35572, sdrt-health/mac:02010b41cdec/antenna/tag/e2806894000050038661fd4f, 83
1652706582.396161, sdrt-health/mac:02010b41cdec/antenna/tag/e2806894000050038662154f, 97
1652706582.435666, sdrt-health/mac:02010b41cdec/antenna/tag/e2806894000050038662154f, 88
1652706582.475944, sdrt-health/mac:02010b41cdec/antenna/tag/e2806894000050038662194f, 87
1652706582.529891, sdrt-health/mac:02010b41cdec/antenna/tag/e2806894000040038662114f, 88
1652706582.530412, sdrt-health/mac:02010b41cdec/antenna/tag/e2806894000040038662114f, 88
1652706582.554709, sdrt-health/mac:02010b41cdec/antenna/tag/e2806894000040038662114f, 85
1652706582.596648, sdrt-health/mac:02010b41cdec/antenna/tag/e28068940000400386621d4f, 90
1652706582.627855, sdrt-health/mac:02010b41cdec/antenna/tag/e28068940000400386621d4f, 96
1652706582.628166, sdrt-health/mac:02010b41cdec/antenna/tag/e2806894000040038662114f, 85
1652706582.676618, sdrt-health/mac:02010b41cdec/antenna/tag/e28068940000500386620d4f, 87
1652706582.715819, sdrt-health/mac:02010b41cdec/antenna/tag/e2806894000050038661fd4f, 86
1652706582.770135, sdrt-health/mac:02010b41cdec/antenna/tag/e2806894000050038662154f, 91
1652706582.770454, sdrt-health/mac:02010b41cdec/antenna/tag/e2806894000050038662154f, 88
1652706582.804493, sdrt-health/mac:02010b41cdec/antenna/tag/e2806894000050038661fd4f, 86
1652706582.846744, sdrt-health/mac:02010b41cdec/antenna/tag/e2806894000050038661fd4f, 86
1652706582.8756, sdrt-health/mac:02010b41cdec/antenna/tag/e28068940000400386621d4f, 90
1652706582.876001, sdrt-health/mac:02010b41cdec/antenna/tag/e2806894000040038662114f, 88
1652706582.894484, sdrt-health/mac:02010b41cdec/antenna/tag/e28068940000400386621d4f, 96
1652706582.895193, sdrt-health/mac:02010b41cdec/antenna/tag/e2806894000040038662114f, 85
1652706582.946032, sdrt-health/mac:02010b41cdec/antenna/tag/e28068940000400386621d4f, 96
1652706583.019221, sdrt-health/mac:02010b41cdec/antenna/tag/e2806894000050038661fd4f, 83
1652706583.019767, sdrt-health/mac:02010b41cdec/antenna/tag/e2806894000040038662214f, 81
1652706583.05653, sdrt-health/mac:02010b41cdec/antenna/tag/e28068940000500386620d4f, 81
1652706583.083904, sdrt-health/mac:02010b41cdec/antenna/tag/e2806894000050038662154f, 85
1652706583.084285, sdrt-health/mac:02010b41cdec/antenna/tag/e2806894000050038661fd4f, 83
1652706583.098135, sdrt-health/mac:02010b41cdec/antenna/tag/e28068940000500386620d4f, 81
1652706583.098369, sdrt-health/mac:02010b41cdec/antenna/tag/e28068940000400386621d4f, 77
1652706583.155897, sdrt-health/mac:02010b41cdec/antenna/tag/e2806894000050038662154f, 91
1652706583.216836, sdrt-health/mac:02010b41cdec/antenna/tag/e2806894000050038662154f, 88
1652706583.283558, sdrt-health/mac:02010b41cdec/antenna/tag/e2806894000050038662154f, 91
1652706583.353795, sdrt-health/mac:02010b41cdec/antenna/tag/e2806894000050038662154f, 88
1652706583.395983, sdrt-health/mac:02010b41cdec/antenna/tag/e2806894000040038662114f, 91
1652706583.435558, sdrt-health/mac:02010b41cdec/antenna/tag/e2806894000040038662114f, 88
1652706583.485004, sdrt-health/mac:02010b41cdec/antenna/tag/e2806894000050038662194f, 83
1652706583.5153, sdrt-health/mac:02010b41cdec/antenna/tag/e28068940000400386621d4f, 96
1652706583.515708, sdrt-health/mac:02010b41cdec/antenna/tag/e2806894000050038661fd4f, 86
1652706583.542342, sdrt-health/mac:02010b41cdec/antenna/tag/e2806894000050038662194f, 88
1652706583.542934, sdrt-health/mac:02010b41cdec/antenna/tag/e2806894000040038662114f, 91
1652706583.566085, sdrt-health/mac:02010b41cdec/antenna/tag/e2806894000050038662154f, 85
1652706583.62136, sdrt-health/mac:02010b41cdec/antenna/tag/e28068940000500386620d4f, 87
1652706583.621849, sdrt-health/mac:02010b41cdec/antenna/tag/e2806894000050038661fd4f, 83
1652706583.635358, sdrt-health/mac:02010b41cdec/antenna/tag/e2806894000050038662154f, 85
1652706583.645877, sdrt-health/mac:02010b41cdec/antenna/tag/e2806894000040038662114f, 85
1652706583.686437, sdrt-health/mac:02010b41cdec/antenna/tag/e2806894000050038662194f, 81
1652706583.725041, sdrt-health/mac:02010b41cdec/antenna/tag/e28068940000400386621d4f, 96
1652706583.767575, sdrt-health/mac:02010b41cdec/antenna/tag/e2806894000050038662194f, 94
1652706583.822743, sdrt-health/mac:02010b41cdec/antenna/tag/e2806894000050038661fd4f, 83
1652706583.823299, sdrt-health/mac:02010b41cdec/antenna/tag/e2806894000050038661fd4f, 83
1652706583.859133, sdrt-health/mac:02010b41cdec/antenna/tag/e2806894000040038662114f, 85
1652706583.910006, sdrt-health/mac:02010b41cdec/antenna/tag/e28068940000500386620d4f, 87
1652706583.910468, sdrt-health/mac:02010b41cdec/antenna/tag/e28068940000400386621d4f, 96
1652706583.936088, sdrt-health/mac:02010b41cdec/antenna/tag/e28068940000400386621d4f, 77
1652706583.988551, sdrt-health/mac:02010b41cdec/antenna/tag/e2806894000050038662194f, 82
1652706583.988905, sdrt-health/mac:02010b41cdec/antenna/tag/e2806894000050038662194f, 84
1652706584.002279, sdrt-health/mac:02010b41cdec/antenna/tag/e2806894000050038662154f, 85
1652706584.008716, sdrt-health/mac:02010b41cdec/antenna/tag/e28068940000400386621d4f, 77
1652706584.064244, sdrt-health/mac:02010b41cdec/antenna/tag/e2806894000040038662114f, 85
1652706584.107858, sdrt-health/mac:02010b41cdec/antenna/tag/e28068940000400386621d4f, 90
1652706584.548508, sdrt-health/mac:02010b41cdec/antenna/tag/e2806894000050038662194f, 81
1652706584.54907, sdrt-health/mac:02010b41cdec/antenna/tag/scan, scan stopped
