1652707020.066816, sdrt-health/mac:02010b41cdec/antenna/power/set, {"power": 290}
1652707021.147658, sdrt-health/mac:02010b41cdec/antenna/power/set, 
1652707025.087464, sdrt-health/mac:02010b41cdec/antenna/tag/scan, {"time": 20000}
1652707025.546227, sdrt-health/mac:02010b41cdec/antenna/tag/e28068940000400386621d4f, 96
1652707025.591506, sdrt-health/mac:02010b41cdec/antenna/tag/e28068940000500386620d4f, 81
1652707025.66218, sdrt-health/mac:02010b41cdec/antenna/tag/e2806894000040038662114f, 88
1652707025.662854, sdrt-health/mac:02010b41cdec/antenna/tag/e2806894000050038661fd4f, 86
1652707025.676435, sdrt-health/mac:02010b41cdec/antenna/tag/e28068940000400386621d4f, 90
1652707025.721143, sdrt-health/mac:02010b41cdec/antenna/tag/e2806894000040038662214f, 94
1652707025.721401, sdrt-health/mac:02010b41cdec/antenna/tag/e2806894000050038662154f, 88
1652707025.747961, sdrt-health/mac:02010b41cdec/antenna/tag/e2806894000050038662194f, 82
1652707025.811579, sdrt-health/mac:02010b41cdec/antenna/tag/e2806894000040038662214f, 81
1652707025.811813, sdrt-health/mac:02010b41cdec/antenna/tag/e28068940000500386620d4f, 83
1652707025.838031, sdrt-health/mac:02010b41cdec/antenna/tag/e2806894000050038662194f, 81
1652707025.87739, sdrt-health/mac:02010b41cdec/antenna/tag/e28068940000400386621d4f, 77
1652707025.91763, sdrt-health/mac:02010b41cdec/antenna/tag/e2806894000050038661fd4f, 86
1652707025.959871, sdrt-health/mac:02010b41cdec/antenna/tag/e2806894000040038662114f, 88
1652707025.999636, sdrt-health/mac:02010b41cdec/antenna/tag/e2806894000050038662154f, 88
1652707026.051636, sdrt-health/mac:02010b41cdec/antenna/tag/e28068940000400386621d4f, 96
1652707026.051915, sdrt-health/mac:02010b41cdec/antenna/tag/e28068940000400386621d4f, 90
1652707026.07765, sdrt-health/mac:02010b41cdec/antenna/tag/e2806894000050038662154f, 88
1652707026.11759, sdrt-health/mac:02010b41cdec/antenna/tag/e2806894000040038662114f, 88
1652707026.156568, sdrt-health/mac:02010b41cdec/antenna/tag/e28068940000500386620d4f, 87
1652707026.205235, sdrt-health/mac:02010b41cdec/antenna/tag/e2806894000050038661fd4f, 86
1652707026.234429, sdrt-health/mac:02010b41cdec/antenna/tag/e2806894000040038662114f, 91
1652707026.234796, sdrt-health/mac:02010b41cdec/antenna/tag/e28068940000400386621d4f, 96
1652707026.248648, sdrt-health/mac:02010b41cdec/antenna/tag/e2806894000040038662114f, 88
1652707026.287581, sdrt-health/mac:02010b41cdec/antenna/tag/e2806894000050038662194f, 81
1652707026.335646, sdrt-health/mac:02010b41cdec/antenna/tag/e2806894000050038662194f, 88
1652707026.418207, sdrt-health/mac:02010b41cdec/antenna/tag/e2806894000040038662114f, 88
1652707026.418528, sdrt-health/mac:02010b41cdec/antenna/tag/e2806894000050038661fd4f, 83
1652707026.433601, sdrt-health/mac:02010b41cdec/antenna/tag/e28068940000500386620d4f, 87
1652707026.433816, sdrt-health/mac:02010b41cdec/antenna/tag/e28068940000400386621d4f, 77
1652707026.433935, sdrt-health/mac:02010b41cdec/antenna/tag/e2806894000050038661fd4f, 83
1652707026.457338, sdrt-health/mac:02010b41cdec/antenna/tag/e2806894000050038662154f, 97
1652707026.520713, sdrt-health/mac:02010b41cdec/antenna/tag/e2806894000040038662114f, 91
1652707026.520922, sdrt-health/mac:02010b41cdec/antenna/tag/e28068940000400386621d4f, 90
1652707026.535816, sdrt-health/mac:02010b41cdec/antenna/tag/e28068940000400386621d4f, 96
1652707026.55583, sdrt-health/mac:02010b41cdec/antenna/tag/e2806894000050038662154f, 88
1652707026.612367, sdrt-health/mac:02010b41cdec/antenna/tag/e28068940000400386621d4f, 96
1652707026.612933, sdrt-health/mac:02010b41cdec/antenna/tag/e28068940000400386621d4f, 90
1652707026.627397, sdrt-health/mac:02010b41cdec/antenna/tag/e2806894000050038662154f, 88
1652707026.637464, sdrt-health/mac:02010b41cdec/antenna/tag/e28068940000500386620d4f, 81
1652707026.6864, sdrt-health/mac:02010b41cdec/antenna/tag/e2806894000040038662114f, 88
1652707026.730588, sdrt-health/mac:02010b41cdec/antenna/tag/e2806894000050038662194f, 83
1652707026.808874, sdrt-health/mac:02010b41cdec/antenna/tag/e2806894000050038662194f, 94
1652707027.047546, sdrt-health/mac:02010b41cdec/antenna/tag/e2806894000050038661fd4f, 83
1652707027.04778, sdrt-health/mac:02010b41cdec/antenna/tag/e2806894000050038662154f, 88
1652707027.047905, sdrt-health/mac:02010b41cdec/antenna/tag/e2806894000040038662114f, 88
1652707027.048023, sdrt-health/mac:02010b41cdec/antenna/tag/e2806894000040038662114f, 88
1652707027.143892, sdrt-health/mac:02010b41cdec/antenna/tag/e2806894000050038662194f, 83
1652707027.265527, sdrt-health/mac:02010b41cdec/antenna/tag/e2806894000050038662154f, 91
1652707027.265917, sdrt-health/mac:02010b41cdec/antenna/tag/e2806894000050038661fd4f, 83
1652707027.26624, sdrt-health/mac:02010b41cdec/antenna/tag/e2806894000050038661fd4f, 83
1652707027.266502, sdrt-health/mac:02010b41cdec/antenna/tag/e2806894000050038662154f, 88
1652707027.266759, sdrt-health/mac:02010b41cdec/antenna/tag/e2806894000040038662114f, 85
1652707027.267031, sdrt-health/mac:02010b41cdec/antenna/tag/e2806894000050038662194f, 81
1652707027.267329, sdrt-health/mac:02010b41cdec/antenna/tag/e28068940000500386620d4f, 84
1652707027.26766, sdrt-health/mac:02010b41cdec/antenna/tag/e2806894000040038662114f, 85
1652707027.309607, sdrt-health/mac:02010b41cdec/antenna/tag/e2806894000050038662154f, 88
1652707027.318862, sdrt-health/mac:02010b41cdec/antenna/tag/e2806894000050038661fd4f, 86
1652707027.319055, sdrt-health/mac:02010b41cdec/antenna/tag/e2806894000050038662154f, 88
1652707027.319193, sdrt-health/mac:02010b41cdec/antenna/tag/e2806894000050038661fd4f, 83
1652707027.378442, sdrt-health/mac:02010b41cdec/antenna/tag/e2806894000050038661fd4f, 83
1652707027.418865, sdrt-health/mac:02010b41cdec/antenna/tag/e28068940000400386621d4f, 96
1652707027.532007, sdrt-health/mac:02010b41cdec/antenna/tag/e2806894000040038662114f, 88
1652707027.532259, sdrt-health/mac:02010b41cdec/antenna/tag/e2806894000050038662194f, 88
1652707027.595268, sdrt-health/mac:02010b41cdec/antenna/tag/e28068940000400386621d4f, 77
1652707027.651765, sdrt-health/mac:02010b41cdec/antenna/tag/e2806894000050038662194f, 84
1652707027.652044, sdrt-health/mac:02010b41cdec/antenna/tag/e28068940000500386620d4f, 82
1652707027.665494, sdrt-health/mac:02010b41cdec/antenna/tag/e28068940000400386621d4f, 90
1652707027.677882, sdrt-health/mac:02010b41cdec/antenna/tag/e2806894000040038662114f, 91
1652707027.679528, sdrt-health/mac:02010b41cdec/antenna/tag/e2806894000050038662154f, 88
1652707027.717816, sdrt-health/mac:02010b41cdec/antenna/tag/e2806894000050038662154f, 88
1652707027.766453, sdrt-health/mac:02010b41cdec/antenna/tag/e2806894000040038662114f, 91
1652707027.820736, sdrt-health/mac:02010b41cdec/antenna/tag/e2806894000050038662154f, 88
1652707027.82093, sdrt-health/mac:02010b41cdec/antenna/tag/e2806894000050038661fd4f, 86
1652707027.848056, sdrt-health/mac:02010b41cdec/antenna/tag/e2806894000050038662154f, 88
1652707027.848301, sdrt-health/mac:02010b41cdec/antenna/tag/e28068940000400386621d4f, 96
1652707027.887655, sdrt-health/mac:02010b41cdec/antenna/tag/e28068940000400386621d4f, 77
1652707027.927508, sdrt-health/mac:02010b41cdec/antenna/tag/e2806894000050038661fd4f, 83
1652707027.968113, sdrt-health/mac:02010b41cdec/antenna/tag/e28068940000500386620d4f, 88
1652707028.007827, sdrt-health/mac:02010b41cdec/antenna/tag/e2806894000050038661fd4f, 86
1652707028.048471, sdrt-health/mac:02010b41cdec/antenna/tag/e28068940000400386621d4f, 90
1652707028.09981, sdrt-health/mac:02010b41cdec/antenna/tag/e2806894000050038662154f, 88
1652707028.100085, sdrt-health/mac:02010b41cdec/antenna/tag/e2806894000050038661fd4f, 86
1652707028.100274, sdrt-health/mac:02010b41cdec/antenna/tag/e2806894000040038662114f, 88
1652707028.140372, sdrt-health/mac:02010b41cdec/antenna/tag/e2806894000040038662114f, 91
1652707028.186418, sdrt-health/mac:02010b41cdec/antenna/tag/e28068940000500386620d4f, 81
1652707028.22801, sdrt-health/mac:02010b41cdec/antenna/tag/e2806894000040038662114f, 88
1652707028.267982, sdrt-health/mac:02010b41cdec/antenna/tag/e2806894000050038662154f, 88
1652707028.307139, sdrt-health/mac:02010b41cdec/antenna/tag/e2806894000040038662114f, 88
1652707028.334254, sdrt-health/mac:02010b41cdec/antenna/tag/e28068940000400386621d4f, 96
1652707028.335224, sdrt-health/mac:02010b41cdec/antenna/tag/e2806894000050038662194f, 94
1652707028.348045, sdrt-health/mac:02010b41cdec/antenna/tag/e2806894000050038661fd4f, 83
1652707028.407718, sdrt-health/mac:02010b41cdec/antenna/tag/e2806894000050038662154f, 88
1652707028.449646, sdrt-health/mac:02010b41cdec/antenna/tag/e2806894000050038662194f, 88
1652707028.50336, sdrt-health/mac:02010b41cdec/antenna/tag/e2806894000050038661fd4f, 83
1652707028.503591, sdrt-health/mac:02010b41cdec/antenna/tag/e2806894000050038661fd4f, 83
1652707028.578036, sdrt-health/mac:02010b41cdec/antenna/tag/e2806894000050038662154f, 88
1652707028.608217, sdrt-health/mac:02010b41cdec/antenna/tag/e28068940000400386621d4f, 77
1652707028.661888, sdrt-health/mac:02010b41cdec/antenna/tag/e28068940000400386621d4f, 77
1652707028.662078, sdrt-health/mac:02010b41cdec/antenna/tag/e28068940000400386621d4f, 90
1652707028.697516, sdrt-health/mac:02010b41cdec/antenna/tag/e2806894000050038661fd4f, 83
1652707028.752243, sdrt-health/mac:02010b41cdec/antenna/tag/e28068940000400386621d4f, 96
1652707028.752685, sdrt-health/mac:02010b41cdec/antenna/tag/e28068940000400386621d4f, 96
1652707028.838301, sdrt-health/mac:02010b41cdec/antenna/tag/e28068940000500386620d4f, 84
1652707028.880114, sdrt-health/mac:02010b41cdec/antenna/tag/e2806894000050038661fd4f, 83
1652707028.93163, sdrt-health/mac:02010b41cdec/antenna/tag/e28068940000400386621d4f, 96
1652707028.931847, sdrt-health/mac:02010b41cdec/antenna/tag/e2806894000050038662154f, 88
1652707028.979985, sdrt-health/mac:02010b41cdec/antenna/tag/e2806894000050038662154f, 97
1652707029.01355, sdrt-health/mac:02010b41cdec/antenna/tag/e28068940000400386621d4f, 90
1652707029.013915, sdrt-health/mac:02010b41cdec/antenna/tag/e2806894000050038662154f, 91
1652707029.028002, sdrt-health/mac:02010b41cdec/antenna/tag/e2806894000040038662114f, 88
1652707029.028265, sdrt-health/mac:02010b41cdec/antenna/tag/e28068940000500386620d4f, 87
1652707029.078429, sdrt-health/mac:02010b41cdec/antenna/tag/e28068940000400386621d4f, 90
1652707029.138053, sdrt-health/mac:02010b41cdec/antenna/tag/e2806894000050038662154f, 88
1652707029.185607, sdrt-health/mac:02010b41cdec/antenna/tag/e2806894000050038662194f, 81
1652707029.227912, sdrt-health/mac:02010b41cdec/antenna/tag/e28068940000400386621d4f, 96
1652707029.305806, sdrt-health/mac:02010b41cdec/antenna/tag/e2806894000050038661fd4f, 86
1652707029.30605, sdrt-health/mac:02010b41cdec/antenna/tag/e2806894000050038661fd4f, 86
1652707029.329771, sdrt-health/mac:02010b41cdec/antenna/tag/e2806894000050038661fd4f, 83
1652707029.379919, sdrt-health/mac:02010b41cdec/antenna/tag/e28068940000500386620d4f, 93
1652707029.44354, sdrt-health/mac:02010b41cdec/antenna/tag/e2806894000050038661fd4f, 83
1652707029.443866, sdrt-health/mac:02010b41cdec/antenna/tag/e28068940000500386620d4f, 81
1652707029.457506, sdrt-health/mac:02010b41cdec/antenna/tag/e2806894000050038661fd4f, 83
1652707029.487077, sdrt-health/mac:02010b41cdec/antenna/tag/e28068940000500386620d4f, 88
1652707029.528975, sdrt-health/mac:02010b41cdec/antenna/tag/e2806894000040038662114f, 85
1652707029.568032, sdrt-health/mac:02010b41cdec/antenna/tag/e2806894000050038661fd4f, 83
1652707029.608315, sdrt-health/mac:02010b41cdec/antenna/tag/e28068940000400386621d4f, 96
1652707029.608564, sdrt-health/mac:02010b41cdec/antenna/tag/e2806894000050038661fd4f, 86
1652707029.657101, sdrt-health/mac:02010b41cdec/antenna/tag/e28068940000500386620d4f, 83
1652707029.72672, sdrt-health/mac:02010b41cdec/antenna/tag/e2806894000040038662114f, 88
1652707029.726985, sdrt-health/mac:02010b41cdec/antenna/tag/e28068940000500386620d4f, 93
1652707029.727135, sdrt-health/mac:02010b41cdec/antenna/tag/e2806894000050038662154f, 88
1652707029.753352, sdrt-health/mac:02010b41cdec/antenna/tag/e2806894000050038662194f, 87
1652707029.812947, sdrt-health/mac:02010b41cdec/antenna/tag/e28068940000400386621d4f, 96
1652707029.813209, sdrt-health/mac:02010b41cdec/antenna/tag/e28068940000400386621d4f, 96
1652707029.851439, sdrt-health/mac:02010b41cdec/antenna/tag/e28068940000400386621d4f, 96
1652707029.896574, sdrt-health/mac:02010b41cdec/antenna/tag/e28068940000500386620d4f, 83
1652707029.929872, sdrt-health/mac:02010b41cdec/antenna/tag/e28068940000500386620d4f, 87
1652707030.027953, sdrt-health/mac:02010b41cdec/antenna/tag/e28068940000500386620d4f, 81
1652707030.055947, sdrt-health/mac:02010b41cdec/antenna/tag/e2806894000050038661fd4f, 86
1652707030.0562, sdrt-health/mac:02010b41cdec/antenna/tag/e28068940000500386620d4f, 81
1652707030.07035, sdrt-health/mac:02010b41cdec/antenna/tag/e28068940000400386621d4f, 90
1652707030.117028, sdrt-health/mac:02010b41cdec/antenna/tag/e28068940000500386620d4f, 83
1652707030.158568, sdrt-health/mac:02010b41cdec/antenna/tag/e28068940000500386620d4f, 83
1652707030.159083, sdrt-health/mac:02010b41cdec/antenna/tag/e28068940000400386621d4f, 96
1652707030.197903, sdrt-health/mac:02010b41cdec/antenna/tag/e2806894000050038662154f, 91
1652707030.251701, sdrt-health/mac:02010b41cdec/antenna/tag/e2806894000050038662154f, 88
1652707030.310311, sdrt-health/mac:02010b41cdec/antenna/tag/e28068940000500386620d4f, 83
1652707030.310566, sdrt-health/mac:02010b41cdec/antenna/tag/e28068940000400386621d4f, 90
1652707030.359041, sdrt-health/mac:02010b41cdec/antenna/tag/e2806894000040038662114f, 88
1652707030.500026, sdrt-health/mac:02010b41cdec/antenna/tag/e28068940000500386620d4f, 93
1652707030.541391, sdrt-health/mac:02010b41cdec/antenna/tag/e2806894000050038661fd4f, 83
1652707030.630625, sdrt-health/mac:02010b41cdec/antenna/tag/e28068940000400386621d4f, 90
1652707030.668851, sdrt-health/mac:02010b41cdec/antenna/tag/e2806894000050038662154f, 88
1652707030.743939, sdrt-health/mac:02010b41cdec/antenna/tag/e2806894000050038662154f, 91
1652707030.744538, sdrt-health/mac:02010b41cdec/antenna/tag/e2806894000040038662114f, 91
1652707030.767524, sdrt-health/mac:02010b41cdec/antenna/tag/e2806894000050038661fd4f, 86
1652707030.83865, sdrt-health/mac:02010b41cdec/antenna/tag/e2806894000040038662114f, 88
1652707030.839115, sdrt-health/mac:02010b41cdec/antenna/tag/e2806894000050038662154f, 88
1652707030.852642, sdrt-health/mac:02010b41cdec/antenna/tag/e2806894000050038661fd4f, 86
1652707030.87595, sdrt-health/mac:02010b41cdec/antenna/tag/e2806894000050038662154f, 88
1652707030.942926, sdrt-health/mac:02010b41cdec/antenna/tag/e2806894000050038662154f, 88
1652707030.943167, sdrt-health/mac:02010b41cdec/antenna/tag/e28068940000400386621d4f, 77
1652707030.955885, sdrt-health/mac:02010b41cdec/antenna/tag/e28068940000400386621d4f, 96
1652707030.977352, sdrt-health/mac:02010b41cdec/antenna/tag/e2806894000040038662114f, 85
1652707031.044625, sdrt-health/mac:02010b41cdec/antenna/tag/e2806894000050038662154f, 88
1652707031.045164, sdrt-health/mac:02010b41cdec/antenna/tag/e2806894000050038662154f, 88
1652707031.059349, sdrt-health/mac:02010b41cdec/antenna/tag/e2806894000050038662154f, 88
1652707031.079664, sdrt-health/mac:02010b41cdec/antenna/tag/e2806894000050038662194f, 83
1652707031.111584, sdrt-health/mac:02010b41cdec/antenna/tag/e2806894000050038662194f, 81
1652707031.111969, sdrt-health/mac:02010b41cdec/antenna/tag/e28068940000500386620d4f, 87
1652707031.128169, sdrt-health/mac:02010b41cdec/antenna/tag/e2806894000050038662154f, 91
1652707031.168132, sdrt-health/mac:02010b41cdec/antenna/tag/e2806894000050038661fd4f, 83
1652707031.168725, sdrt-health/mac:02010b41cdec/antenna/tag/e28068940000400386621d4f, 96
1652707031.232423, sdrt-health/mac:02010b41cdec/antenna/tag/e2806894000050038662194f, 81
1652707031.232901, sdrt-health/mac:02010b41cdec/antenna/tag/e2806894000050038662154f, 88
1652707031.267197, sdrt-health/mac:02010b41cdec/antenna/tag/e2806894000050038662154f, 85
1652707031.30792, sdrt-health/mac:02010b41cdec/antenna/tag/e2806894000040038662114f, 85
1652707031.363923, sdrt-health/mac:02010b41cdec/antenna/tag/e2806894000050038662194f, 81
1652707031.364489, sdrt-health/mac:02010b41cdec/antenna/tag/e2806894000050038662154f, 85
1652707031.378797, sdrt-health/mac:02010b41cdec/antenna/tag/e2806894000050038662154f, 88
1652707031.407761, sdrt-health/mac:02010b41cdec/antenna/tag/e2806894000050038662154f, 88
1652707031.47267, sdrt-health/mac:02010b41cdec/antenna/tag/e2806894000050038661fd4f, 86
1652707031.473101, sdrt-health/mac:02010b41cdec/antenna/tag/e28068940000500386620d4f, 83
1652707031.526145, sdrt-health/mac:02010b41cdec/antenna/tag/e2806894000050038662154f, 88
1652707031.576504, sdrt-health/mac:02010b41cdec/antenna/tag/e28068940000400386621d4f, 96
1652707031.642419, sdrt-health/mac:02010b41cdec/antenna/tag/e28068940000500386620d4f, 83
1652707031.642878, sdrt-health/mac:02010b41cdec/antenna/tag/e2806894000050038662154f, 91
1652707031.668798, sdrt-health/mac:02010b41cdec/antenna/tag/e2806894000050038661fd4f, 86
1652707031.729247, sdrt-health/mac:02010b41cdec/antenna/tag/e28068940000400386621d4f, 90
1652707031.729975, sdrt-health/mac:02010b41cdec/antenna/tag/e2806894000040038662114f, 88
1652707031.743573, sdrt-health/mac:02010b41cdec/antenna/tag/e2806894000040038662114f, 88
1652707031.757932, sdrt-health/mac:02010b41cdec/antenna/tag/e2806894000050038661fd4f, 86
1652707031.813975, sdrt-health/mac:02010b41cdec/antenna/tag/e28068940000400386621d4f, 90
1652707031.814429, sdrt-health/mac:02010b41cdec/antenna/tag/e28068940000500386620d4f, 88
1652707031.827446, sdrt-health/mac:02010b41cdec/antenna/tag/e2806894000050038661fd4f, 83
1652707031.827655, sdrt-health/mac:02010b41cdec/antenna/tag/e28068940000400386621d4f, 77
1652707031.827786, sdrt-health/mac:02010b41cdec/antenna/tag/e2806894000040038662114f, 88
1652707031.898538, sdrt-health/mac:02010b41cdec/antenna/tag/e2806894000040038662114f, 88
1652707031.978556, sdrt-health/mac:02010b41cdec/antenna/tag/e2806894000040038662114f, 88
1652707032.007239, sdrt-health/mac:02010b41cdec/antenna/tag/e2806894000050038661fd4f, 86
1652707032.007561, sdrt-health/mac:02010b41cdec/antenna/tag/e28068940000500386620d4f, 81
1652707032.022068, sdrt-health/mac:02010b41cdec/antenna/tag/e28068940000500386620d4f, 83
1652707032.058232, sdrt-health/mac:02010b41cdec/antenna/tag/e2806894000050038661fd4f, 86
1652707032.098857, sdrt-health/mac:02010b41cdec/antenna/tag/e2806894000040038662114f, 88
1652707032.160987, sdrt-health/mac:02010b41cdec/antenna/tag/e28068940000400386621d4f, 90
1652707032.161453, sdrt-health/mac:02010b41cdec/antenna/tag/e2806894000050038661fd4f, 86
1652707032.176688, sdrt-health/mac:02010b41cdec/antenna/tag/e28068940000500386620d4f, 81
1652707032.188899, sdrt-health/mac:02010b41cdec/antenna/tag/e2806894000050038661fd4f, 83
1652707032.192302, sdrt-health/mac:02010b41cdec/antenna/tag/e28068940000500386620d4f, 81
1652707032.238906, sdrt-health/mac:02010b41cdec/antenna/tag/e2806894000040038662114f, 88
1652707032.269612, sdrt-health/mac:02010b41cdec/antenna/tag/e28068940000500386620d4f, 94
1652707032.270008, sdrt-health/mac:02010b41cdec/antenna/tag/e2806894000050038662154f, 85
1652707032.307761, sdrt-health/mac:02010b41cdec/antenna/tag/e28068940000500386620d4f, 81
1652707032.347483, sdrt-health/mac:02010b41cdec/antenna/tag/e2806894000050038661fd4f, 83
1652707032.398313, sdrt-health/mac:02010b41cdec/antenna/tag/e2806894000040038662114f, 85
1652707032.509598, sdrt-health/mac:02010b41cdec/antenna/tag/e2806894000040038662114f, 88
1652707032.539881, sdrt-health/mac:02010b41cdec/antenna/tag/e2806894000050038662154f, 91
1652707032.540338, sdrt-health/mac:02010b41cdec/antenna/tag/e28068940000500386620d4f, 83
1652707032.556021, sdrt-health/mac:02010b41cdec/antenna/tag/e28068940000500386620d4f, 93
1652707032.584429, sdrt-health/mac:02010b41cdec/antenna/tag/e2806894000040038662114f, 85
1652707032.584688, sdrt-health/mac:02010b41cdec/antenna/tag/e2806894000050038661fd4f, 83
1652707032.584865, sdrt-health/mac:02010b41cdec/antenna/tag/e2806894000050038661fd4f, 86
1652707032.598378, sdrt-health/mac:02010b41cdec/antenna/tag/e2806894000040038662114f, 88
1652707032.59876, sdrt-health/mac:02010b41cdec/antenna/tag/e2806894000050038661fd4f, 83
1652707032.599031, sdrt-health/mac:02010b41cdec/antenna/tag/e28068940000500386620d4f, 81
1652707032.64674, sdrt-health/mac:02010b41cdec/antenna/tag/e2806894000040038662114f, 88
1652707032.687366, sdrt-health/mac:02010b41cdec/antenna/tag/e2806894000050038662194f, 88
1652707032.772682, sdrt-health/mac:02010b41cdec/antenna/tag/e2806894000050038661fd4f, 86
1652707032.773188, sdrt-health/mac:02010b41cdec/antenna/tag/e2806894000050038661fd4f, 86
1652707032.822163, sdrt-health/mac:02010b41cdec/antenna/tag/e2806894000050038662154f, 88
1652707032.838911, sdrt-health/mac:02010b41cdec/antenna/tag/e2806894000040038662114f, 85
1652707032.871864, sdrt-health/mac:02010b41cdec/antenna/tag/e2806894000050038662194f, 83
1652707032.90882, sdrt-health/mac:02010b41cdec/antenna/tag/e2806894000050038662154f, 88
1652707032.957338, sdrt-health/mac:02010b41cdec/antenna/tag/e2806894000050038662154f, 91
1652707033.02646, sdrt-health/mac:02010b41cdec/antenna/tag/e2806894000050038662154f, 88
1652707033.154758, sdrt-health/mac:02010b41cdec/antenna/tag/e2806894000040038662114f, 88
1652707033.155257, sdrt-health/mac:02010b41cdec/antenna/tag/e2806894000050038662154f, 91
1652707033.188922, sdrt-health/mac:02010b41cdec/antenna/tag/e2806894000050038661fd4f, 83
1652707033.217921, sdrt-health/mac:02010b41cdec/antenna/tag/e2806894000050038662154f, 88
1652707033.218269, sdrt-health/mac:02010b41cdec/antenna/tag/e2806894000050038662154f, 91
1652707033.21849, sdrt-health/mac:02010b41cdec/antenna/tag/e28068940000400386621d4f, 90
1652707033.231506, sdrt-health/mac:02010b41cdec/antenna/tag/e2806894000050038662194f, 83
1652707033.231778, sdrt-health/mac:02010b41cdec/antenna/tag/e2806894000050038662154f, 88
1652707033.231956, sdrt-health/mac:02010b41cdec/antenna/tag/e2806894000050038662194f, 81
1652707033.278496, sdrt-health/mac:02010b41cdec/antenna/tag/e2806894000050038662154f, 88
1652707033.332661, sdrt-health/mac:02010b41cdec/antenna/tag/e2806894000050038661fd4f, 83
1652707033.332939, sdrt-health/mac:02010b41cdec/antenna/tag/e2806894000050038662154f, 88
1652707033.367504, sdrt-health/mac:02010b41cdec/antenna/tag/e28068940000400386621d4f, 77
1652707033.407165, sdrt-health/mac:02010b41cdec/antenna/tag/e2806894000050038662194f, 81
1652707033.472366, sdrt-health/mac:02010b41cdec/antenna/tag/e2806894000040038662114f, 88
1652707033.47286, sdrt-health/mac:02010b41cdec/antenna/tag/e28068940000400386621d4f, 96
1652707033.515649, sdrt-health/mac:02010b41cdec/antenna/tag/e28068940000400386621d4f, 77
1652707033.542568, sdrt-health/mac:02010b41cdec/antenna/tag/e2806894000040038662214f, 81
1652707033.542811, sdrt-health/mac:02010b41cdec/antenna/tag/e28068940000400386621d4f, 77
1652707033.556891, sdrt-health/mac:02010b41cdec/antenna/tag/e2806894000050038661fd4f, 86
1652707033.612688, sdrt-health/mac:02010b41cdec/antenna/tag/e2806894000050038662154f, 88
1652707033.613236, sdrt-health/mac:02010b41cdec/antenna/tag/e2806894000040038662054f, 81
1652707033.639825, sdrt-health/mac:02010b41cdec/antenna/tag/e2806894000050038661fd4f, 83
1652707033.667875, sdrt-health/mac:02010b41cdec/antenna/tag/e2806894000040038662114f, 85
1652707033.668313, sdrt-health/mac:02010b41cdec/antenna/tag/e28068940000400386621d4f, 96
1652707033.682165, sdrt-health/mac:02010b41cdec/antenna/tag/e28068940000500386620d4f, 84
1652707033.682459, sdrt-health/mac:02010b41cdec/antenna/tag/e2806894000050038662194f, 81
1652707033.727848, sdrt-health/mac:02010b41cdec/antenna/tag/e2806894000050038662154f, 85
1652707033.776656, sdrt-health/mac:02010b41cdec/antenna/tag/e28068940000400386621d4f, 77
1652707033.859287, sdrt-health/mac:02010b41cdec/antenna/tag/e28068940000400386621d4f, 90
1652707033.898384, sdrt-health/mac:02010b41cdec/antenna/tag/e2806894000040038662114f, 91
1652707033.992523, sdrt-health/mac:02010b41cdec/antenna/tag/e2806894000050038662154f, 91
1652707033.992995, sdrt-health/mac:02010b41cdec/antenna/tag/e2806894000040038662114f, 85
1652707034.038317, sdrt-health/mac:02010b41cdec/antenna/tag/e28068940000400386621d4f, 77
1652707034.06731, sdrt-health/mac:02010b41cdec/antenna/tag/e2806894000050038661fd4f, 83
1652707034.067769, sdrt-health/mac:02010b41cdec/antenna/tag/e28068940000400386621d4f, 77
1652707034.08254, sdrt-health/mac:02010b41cdec/antenna/tag/e2806894000040038662114f, 85
1652707034.082997, sdrt-health/mac:02010b41cdec/antenna/tag/e2806894000050038662194f, 84
1652707034.083894, sdrt-health/mac:02010b41cdec/antenna/tag/e2806894000050038661fd4f, 83
1652707034.084203, sdrt-health/mac:02010b41cdec/antenna/tag/e2806894000050038662154f, 88
1652707034.128761, sdrt-health/mac:02010b41cdec/antenna/tag/e28068940000400386621d4f, 90
1652707034.17597, sdrt-health/mac:02010b41cdec/antenna/tag/e2806894000050038662154f, 88
1652707034.20417, sdrt-health/mac:02010b41cdec/antenna/tag/e28068940000400386621d4f, 96
1652707034.20459, sdrt-health/mac:02010b41cdec/antenna/tag/e28068940000400386621d4f, 90
1652707034.225767, sdrt-health/mac:02010b41cdec/antenna/tag/e2806894000050038661fd4f, 86
1652707034.268134, sdrt-health/mac:02010b41cdec/antenna/tag/e2806894000050038661fd4f, 86
1652707034.268495, sdrt-health/mac:02010b41cdec/antenna/tag/e28068940000400386621d4f, 96
1652707034.316112, sdrt-health/mac:02010b41cdec/antenna/tag/e28068940000400386621d4f, 90
1652707034.371894, sdrt-health/mac:02010b41cdec/antenna/tag/e28068940000400386621d4f, 96
1652707034.372546, sdrt-health/mac:02010b41cdec/antenna/tag/e2806894000050038662194f, 81
1652707034.372957, sdrt-health/mac:02010b41cdec/antenna/tag/e2806894000050038661fd4f, 86
1652707034.39765, sdrt-health/mac:02010b41cdec/antenna/tag/e28068940000500386620d4f, 84
1652707034.398058, sdrt-health/mac:02010b41cdec/antenna/tag/e2806894000050038662154f, 85
1652707034.412458, sdrt-health/mac:02010b41cdec/antenna/tag/e2806894000040038662114f, 85
1652707034.438201, sdrt-health/mac:02010b41cdec/antenna/tag/e2806894000040038662114f, 88
1652707034.487831, sdrt-health/mac:02010b41cdec/antenna/tag/e2806894000050038662194f, 81
1652707034.53555, sdrt-health/mac:02010b41cdec/antenna/tag/e2806894000050038662154f, 91
1652707034.578177, sdrt-health/mac:02010b41cdec/antenna/tag/e2806894000040038662114f, 88
1652707034.661657, sdrt-health/mac:02010b41cdec/antenna/tag/e28068940000400386621d4f, 90
1652707034.662199, sdrt-health/mac:02010b41cdec/antenna/tag/e2806894000050038661fd4f, 86
1652707034.69554, sdrt-health/mac:02010b41cdec/antenna/tag/e28068940000400386621d4f, 90
1652707034.751326, sdrt-health/mac:02010b41cdec/antenna/tag/e2806894000050038662194f, 81
1652707034.751796, sdrt-health/mac:02010b41cdec/antenna/tag/e2806894000050038661fd4f, 86
1652707034.765549, sdrt-health/mac:02010b41cdec/antenna/tag/e28068940000400386621d4f, 90
1652707034.77696, sdrt-health/mac:02010b41cdec/antenna/tag/e2806894000050038662194f, 81
1652707034.850645, sdrt-health/mac:02010b41cdec/antenna/tag/e2806894000040038662214f, 83
1652707034.878993, sdrt-health/mac:02010b41cdec/antenna/tag/e2806894000050038662154f, 85
1652707034.879371, sdrt-health/mac:02010b41cdec/antenna/tag/e2806894000050038662194f, 94
1652707034.904939, sdrt-health/mac:02010b41cdec/antenna/tag/e28068940000400386621d4f, 96
1652707034.962222, sdrt-health/mac:02010b41cdec/antenna/tag/e2806894000040038662114f, 85
1652707034.962839, sdrt-health/mac:02010b41cdec/antenna/tag/e2806894000050038662194f, 81
1652707034.976403, sdrt-health/mac:02010b41cdec/antenna/tag/e2806894000050038662154f, 88
1652707035.011947, sdrt-health/mac:02010b41cdec/antenna/tag/e28068940000400386621d4f, 96
1652707035.012323, sdrt-health/mac:02010b41cdec/antenna/tag/e28068940000400386621d4f, 96
1652707035.047671, sdrt-health/mac:02010b41cdec/antenna/tag/e2806894000050038661fd4f, 83
1652707035.087405, sdrt-health/mac:02010b41cdec/antenna/tag/e28068940000500386620d4f, 84
1652707035.12859, sdrt-health/mac:02010b41cdec/antenna/tag/e28068940000500386620d4f, 81
1652707035.186709, sdrt-health/mac:02010b41cdec/antenna/tag/e28068940000500386620d4f, 93
1652707035.257221, sdrt-health/mac:02010b41cdec/antenna/tag/e2806894000050038661fd4f, 83
1652707035.257728, sdrt-health/mac:02010b41cdec/antenna/tag/e2806894000050038662154f, 88
1652707035.271613, sdrt-health/mac:02010b41cdec/antenna/tag/e2806894000050038661fd4f, 83
1652707035.296237, sdrt-health/mac:02010b41cdec/antenna/tag/e2806894000040038662214f, 84
1652707035.338874, sdrt-health/mac:02010b41cdec/antenna/tag/e28068940000500386620d4f, 94
1652707035.339246, sdrt-health/mac:02010b41cdec/antenna/tag/e28068940000400386621d4f, 96
1652707035.379486, sdrt-health/mac:02010b41cdec/antenna/tag/e2806894000040038662214f, 94
1652707035.442002, sdrt-health/mac:02010b41cdec/antenna/tag/e28068940000500386620d4f, 88
1652707035.442472, sdrt-health/mac:02010b41cdec/antenna/tag/e28068940000400386621d4f, 96
1652707035.486654, sdrt-health/mac:02010b41cdec/antenna/tag/e28068940000500386620d4f, 81
1652707035.537631, sdrt-health/mac:02010b41cdec/antenna/tag/e2806894000040038662114f, 88
1652707035.619962, sdrt-health/mac:02010b41cdec/antenna/tag/e28068940000400386621d4f, 96
1652707035.620426, sdrt-health/mac:02010b41cdec/antenna/tag/e2806894000050038662154f, 85
1652707035.63489, sdrt-health/mac:02010b41cdec/antenna/tag/e28068940000400386621d4f, 90
1652707035.650556, sdrt-health/mac:02010b41cdec/antenna/tag/e28068940000500386620d4f, 94
1652707035.711633, sdrt-health/mac:02010b41cdec/antenna/tag/e2806894000040038662114f, 97
1652707035.712102, sdrt-health/mac:02010b41cdec/antenna/tag/e2806894000050038662194f, 81
1652707035.739462, sdrt-health/mac:02010b41cdec/antenna/tag/e2806894000050038662194f, 83
1652707035.792539, sdrt-health/mac:02010b41cdec/antenna/tag/e2806894000050038661fd4f, 86
1652707035.792776, sdrt-health/mac:02010b41cdec/antenna/tag/e28068940000400386621d4f, 96
1652707035.828973, sdrt-health/mac:02010b41cdec/antenna/tag/e2806894000040038661f94f, 81
1652707035.883998, sdrt-health/mac:02010b41cdec/antenna/tag/e2806894000040038662114f, 88
1652707035.884468, sdrt-health/mac:02010b41cdec/antenna/tag/e2806894000050038661fd4f, 83
1652707035.898315, sdrt-health/mac:02010b41cdec/antenna/tag/e28068940000500386620d4f, 87
1652707035.917879, sdrt-health/mac:02010b41cdec/antenna/tag/e2806894000040038662114f, 85
1652707035.958844, sdrt-health/mac:02010b41cdec/antenna/tag/e2806894000040038662114f, 85
1652707035.959399, sdrt-health/mac:02010b41cdec/antenna/tag/e2806894000040038662214f, 110
1652707035.998458, sdrt-health/mac:02010b41cdec/antenna/tag/e2806894000050038661fd4f, 83
1652707036.071129, sdrt-health/mac:02010b41cdec/antenna/tag/e28068940000400386621d4f, 77
1652707036.071654, sdrt-health/mac:02010b41cdec/antenna/tag/e2806894000050038661fd4f, 83
1652707036.106341, sdrt-health/mac:02010b41cdec/antenna/tag/e28068940000400386621d4f, 96
1652707036.231163, sdrt-health/mac:02010b41cdec/antenna/tag/e2806894000050038662154f, 88
1652707036.231724, sdrt-health/mac:02010b41cdec/antenna/tag/e2806894000040038662114f, 85
1652707036.244269, sdrt-health/mac:02010b41cdec/antenna/tag/e2806894000050038662154f, 91
1652707036.24463, sdrt-health/mac:02010b41cdec/antenna/tag/e2806894000040038662114f, 88
1652707036.244877, sdrt-health/mac:02010b41cdec/antenna/tag/e2806894000050038662154f, 91
1652707036.258776, sdrt-health/mac:02010b41cdec/antenna/tag/e2806894000040038662114f, 91
1652707036.287334, sdrt-health/mac:02010b41cdec/antenna/tag/e2806894000050038662154f, 88
1652707036.287544, sdrt-health/mac:02010b41cdec/antenna/tag/e2806894000050038662154f, 88
1652707036.28768, sdrt-health/mac:02010b41cdec/antenna/tag/e2806894000050038662194f, 87
1652707036.287806, sdrt-health/mac:02010b41cdec/antenna/tag/e2806894000050038662154f, 88
1652707036.300877, sdrt-health/mac:02010b41cdec/antenna/tag/e28068940000400386621d4f, 96
1652707036.337643, sdrt-health/mac:02010b41cdec/antenna/tag/e28068940000400386621d4f, 90
1652707036.402926, sdrt-health/mac:02010b41cdec/antenna/tag/e28068940000500386620d4f, 85
1652707036.403396, sdrt-health/mac:02010b41cdec/antenna/tag/e2806894000050038662154f, 88
1652707036.41937, sdrt-health/mac:02010b41cdec/antenna/tag/e2806894000040038662114f, 88
1652707036.419897, sdrt-health/mac:02010b41cdec/antenna/tag/e2806894000050038661fd4f, 83
1652707036.430793, sdrt-health/mac:02010b41cdec/antenna/tag/e28068940000400386621d4f, 96
1652707036.480174, sdrt-health/mac:02010b41cdec/antenna/tag/e28068940000400386621d4f, 96
1652707036.544196, sdrt-health/mac:02010b41cdec/antenna/tag/e2806894000040038662114f, 88
1652707036.544711, sdrt-health/mac:02010b41cdec/antenna/tag/e28068940000400386621d4f, 90
1652707036.557338, sdrt-health/mac:02010b41cdec/antenna/tag/e2806894000050038661fd4f, 86
1652707036.592961, sdrt-health/mac:02010b41cdec/antenna/tag/e28068940000500386620d4f, 83
1652707036.593258, sdrt-health/mac:02010b41cdec/antenna/tag/e2806894000040038662114f, 88
1652707036.661037, sdrt-health/mac:02010b41cdec/antenna/tag/e2806894000040038662114f, 88
1652707036.688827, sdrt-health/mac:02010b41cdec/antenna/tag/e2806894000050038661fd4f, 86
1652707036.689225, sdrt-health/mac:02010b41cdec/antenna/tag/e28068940000400386621d4f, 96
1652707036.717043, sdrt-health/mac:02010b41cdec/antenna/tag/e2806894000050038662154f, 91
1652707036.757408, sdrt-health/mac:02010b41cdec/antenna/tag/e28068940000500386620d4f, 83
1652707036.757742, sdrt-health/mac:02010b41cdec/antenna/tag/e2806894000040038662114f, 88
1652707036.816658, sdrt-health/mac:02010b41cdec/antenna/tag/e28068940000400386621d4f, 96
1652707036.817302, sdrt-health/mac:02010b41cdec/antenna/tag/e2806894000050038661fd4f, 83
1652707036.817646, sdrt-health/mac:02010b41cdec/antenna/tag/e28068940000500386620d4f, 87
1652707036.859817, sdrt-health/mac:02010b41cdec/antenna/tag/e28068940000400386621d4f, 77
1652707036.895346, sdrt-health/mac:02010b41cdec/antenna/tag/e2806894000040038662214f, 81
1652707036.98378, sdrt-health/mac:02010b41cdec/antenna/tag/e2806894000050038661fd4f, 83
1652707036.984328, sdrt-health/mac:02010b41cdec/antenna/tag/e28068940000500386620d4f, 85
1652707037.018055, sdrt-health/mac:02010b41cdec/antenna/tag/e28068940000500386620d4f, 87
1652707037.072591, sdrt-health/mac:02010b41cdec/antenna/tag/e2806894000050038661fd4f, 83
1652707037.073057, sdrt-health/mac:02010b41cdec/antenna/tag/e2806894000050038661fd4f, 83
1652707037.097239, sdrt-health/mac:02010b41cdec/antenna/tag/e2806894000040038662114f, 91
1652707037.13699, sdrt-health/mac:02010b41cdec/antenna/tag/e2806894000050038662154f, 88
1652707037.178494, sdrt-health/mac:02010b41cdec/antenna/tag/e28068940000400386621d4f, 90
1652707037.242147, sdrt-health/mac:02010b41cdec/antenna/tag/e2806894000050038661fd4f, 86
1652707037.242626, sdrt-health/mac:02010b41cdec/antenna/tag/e2806894000050038661fd4f, 86
1652707037.292698, sdrt-health/mac:02010b41cdec/antenna/tag/e28068940000400386621d4f, 90
1652707037.432194, sdrt-health/mac:02010b41cdec/antenna/tag/e2806894000050038662194f, 82
1652707037.432705, sdrt-health/mac:02010b41cdec/antenna/tag/e2806894000050038662154f, 85
1652707037.448201, sdrt-health/mac:02010b41cdec/antenna/tag/e28068940000400386621d4f, 90
1652707037.448623, sdrt-health/mac:02010b41cdec/antenna/tag/e2806894000050038661fd4f, 86
1652707037.468299, sdrt-health/mac:02010b41cdec/antenna/tag/e2806894000050038661fd4f, 83
1652707037.496635, sdrt-health/mac:02010b41cdec/antenna/tag/e2806894000050038661fd4f, 83
1652707037.49712, sdrt-health/mac:02010b41cdec/antenna/tag/e2806894000040038662114f, 88
1652707037.708983, sdrt-health/mac:02010b41cdec/antenna/tag/e2806894000050038662154f, 91
1652707037.768196, sdrt-health/mac:02010b41cdec/antenna/tag/e2806894000040038662114f, 88
1652707037.768699, sdrt-health/mac:02010b41cdec/antenna/tag/e2806894000050038661fd4f, 83
1652707037.781507, sdrt-health/mac:02010b41cdec/antenna/tag/e2806894000050038662194f, 94
1652707037.782104, sdrt-health/mac:02010b41cdec/antenna/tag/e2806894000050038661fd4f, 83
1652707037.782608, sdrt-health/mac:02010b41cdec/antenna/tag/e2806894000050038661fd4f, 83
1652707037.782931, sdrt-health/mac:02010b41cdec/antenna/tag/e28068940000400386621d4f, 96
1652707037.783219, sdrt-health/mac:02010b41cdec/antenna/tag/e2806894000040038662114f, 88
1652707037.783521, sdrt-health/mac:02010b41cdec/antenna/tag/e2806894000040038662114f, 85
1652707037.783846, sdrt-health/mac:02010b41cdec/antenna/tag/e2806894000050038661fd4f, 86
1652707037.784169, sdrt-health/mac:02010b41cdec/antenna/tag/e2806894000050038662154f, 88
1652707037.797397, sdrt-health/mac:02010b41cdec/antenna/tag/e28068940000400386621d4f, 77
1652707037.837366, sdrt-health/mac:02010b41cdec/antenna/tag/e2806894000050038662154f, 85
1652707037.838187, sdrt-health/mac:02010b41cdec/antenna/tag/e2806894000050038662154f, 85
1652707037.906606, sdrt-health/mac:02010b41cdec/antenna/tag/e28068940000500386620d4f, 93
1652707037.941377, sdrt-health/mac:02010b41cdec/antenna/tag/e2806894000050038661fd4f, 86
1652707038.00973, sdrt-health/mac:02010b41cdec/antenna/tag/e2806894000040038662114f, 85
1652707038.010242, sdrt-health/mac:02010b41cdec/antenna/tag/e28068940000400386621d4f, 96
1652707038.037426, sdrt-health/mac:02010b41cdec/antenna/tag/e2806894000050038661fd4f, 86
1652707038.079745, sdrt-health/mac:02010b41cdec/antenna/tag/e2806894000050038662154f, 88
1652707038.15318, sdrt-health/mac:02010b41cdec/antenna/tag/e2806894000040038662114f, 88
1652707038.153693, sdrt-health/mac:02010b41cdec/antenna/tag/e28068940000400386621d4f, 96
1652707038.195676, sdrt-health/mac:02010b41cdec/antenna/tag/e2806894000050038661fd4f, 90
1652707038.254098, sdrt-health/mac:02010b41cdec/antenna/tag/e28068940000400386621d4f, 90
1652707038.254566, sdrt-health/mac:02010b41cdec/antenna/tag/e2806894000050038662154f, 91
1652707038.267042, sdrt-health/mac:02010b41cdec/antenna/tag/e2806894000050038661fd4f, 86
1652707038.302055, sdrt-health/mac:02010b41cdec/antenna/tag/e2806894000040038662114f, 88
1652707038.302479, sdrt-health/mac:02010b41cdec/antenna/tag/e2806894000040038662114f, 88
1652707038.339095, sdrt-health/mac:02010b41cdec/antenna/tag/e2806894000050038661fd4f, 83
1652707038.391691, sdrt-health/mac:02010b41cdec/antenna/tag/e2806894000040038662114f, 85
1652707038.3922, sdrt-health/mac:02010b41cdec/antenna/tag/e28068940000400386621d4f, 96
1652707038.427698, sdrt-health/mac:02010b41cdec/antenna/tag/e2806894000050038662154f, 88
1652707038.46747, sdrt-health/mac:02010b41cdec/antenna/tag/e2806894000050038662154f, 91
1652707038.517694, sdrt-health/mac:02010b41cdec/antenna/tag/e2806894000050038662154f, 91
1652707038.558542, sdrt-health/mac:02010b41cdec/antenna/tag/e2806894000050038662154f, 91
1652707038.587435, sdrt-health/mac:02010b41cdec/antenna/tag/e2806894000050038661fd4f, 90
1652707038.587721, sdrt-health/mac:02010b41cdec/antenna/tag/e2806894000040038662114f, 91
1652707038.587921, sdrt-health/mac:02010b41cdec/antenna/tag/e2806894000050038662154f, 91
1652707038.601069, sdrt-health/mac:02010b41cdec/antenna/tag/e2806894000040038662114f, 91
1652707038.677028, sdrt-health/mac:02010b41cdec/antenna/tag/e28068940000400386621d4f, 77
1652707038.737738, sdrt-health/mac:02010b41cdec/antenna/tag/e2806894000050038662194f, 94
1652707038.797628, sdrt-health/mac:02010b41cdec/antenna/tag/e2806894000050038662154f, 85
1652707038.837505, sdrt-health/mac:02010b41cdec/antenna/tag/e28068940000400386621d4f, 77
1652707038.8773, sdrt-health/mac:02010b41cdec/antenna/tag/e28068940000500386620d4f, 83
1652707038.918224, sdrt-health/mac:02010b41cdec/antenna/tag/e2806894000040038662114f, 88
1652707038.959154, sdrt-health/mac:02010b41cdec/antenna/tag/e2806894000050038662154f, 88
1652707039.000203, sdrt-health/mac:02010b41cdec/antenna/tag/e28068940000500386620d4f, 87
1652707039.061942, sdrt-health/mac:02010b41cdec/antenna/tag/e2806894000040038662114f, 85
1652707039.062618, sdrt-health/mac:02010b41cdec/antenna/tag/e28068940000400386621d4f, 90
1652707039.088506, sdrt-health/mac:02010b41cdec/antenna/tag/e28068940000500386620d4f, 87
1652707039.135835, sdrt-health/mac:02010b41cdec/antenna/tag/e2806894000040038662114f, 88
1652707039.194609, sdrt-health/mac:02010b41cdec/antenna/tag/e28068940000400386621d4f, 96
1652707039.195074, sdrt-health/mac:02010b41cdec/antenna/tag/e28068940000500386620d4f, 83
1652707039.228694, sdrt-health/mac:02010b41cdec/antenna/tag/e2806894000050038662154f, 88
1652707039.256583, sdrt-health/mac:02010b41cdec/antenna/tag/e2806894000040038662114f, 91
1652707039.256868, sdrt-health/mac:02010b41cdec/antenna/tag/e2806894000050038661fd4f, 86
1652707039.326287, sdrt-health/mac:02010b41cdec/antenna/tag/e28068940000500386620d4f, 88
1652707039.434398, sdrt-health/mac:02010b41cdec/antenna/tag/e2806894000050038662194f, 83
1652707039.463448, sdrt-health/mac:02010b41cdec/antenna/tag/e2806894000050038661fd4f, 83
1652707039.463943, sdrt-health/mac:02010b41cdec/antenna/tag/e2806894000040038662114f, 85
1652707039.486952, sdrt-health/mac:02010b41cdec/antenna/tag/e2806894000050038662194f, 81
1652707039.514742, sdrt-health/mac:02010b41cdec/antenna/tag/e28068940000400386621d4f, 96
1652707039.515007, sdrt-health/mac:02010b41cdec/antenna/tag/e2806894000050038662154f, 91
1652707039.535888, sdrt-health/mac:02010b41cdec/antenna/tag/e2806894000050038662154f, 91
1652707039.563121, sdrt-health/mac:02010b41cdec/antenna/tag/e2806894000050038662154f, 91
1652707039.563511, sdrt-health/mac:02010b41cdec/antenna/tag/e28068940000400386621d4f, 96
1652707039.578158, sdrt-health/mac:02010b41cdec/antenna/tag/e2806894000050038662154f, 88
1652707039.641, sdrt-health/mac:02010b41cdec/antenna/tag/e28068940000400386621d4f, 90
1652707039.641474, sdrt-health/mac:02010b41cdec/antenna/tag/e2806894000050038662154f, 88
1652707039.667699, sdrt-health/mac:02010b41cdec/antenna/tag/e2806894000050038661fd4f, 83
1652707039.740098, sdrt-health/mac:02010b41cdec/antenna/tag/e2806894000040038662114f, 88
1652707039.740569, sdrt-health/mac:02010b41cdec/antenna/tag/e2806894000040038662114f, 88
1652707039.768691, sdrt-health/mac:02010b41cdec/antenna/tag/e2806894000050038661fd4f, 83
1652707039.815443, sdrt-health/mac:02010b41cdec/antenna/tag/e2806894000050038662154f, 88
1652707039.872282, sdrt-health/mac:02010b41cdec/antenna/tag/e2806894000050038661fd4f, 83
1652707039.872801, sdrt-health/mac:02010b41cdec/antenna/tag/e2806894000050038661fd4f, 86
1652707039.886585, sdrt-health/mac:02010b41cdec/antenna/tag/e28068940000400386621d4f, 96
1652707039.913892, sdrt-health/mac:02010b41cdec/antenna/tag/e2806894000050038662194f, 81
1652707039.914512, sdrt-health/mac:02010b41cdec/antenna/tag/e28068940000400386621d4f, 96
1652707039.960329, sdrt-health/mac:02010b41cdec/antenna/tag/e2806894000050038662154f, 88
1652707040.009524, sdrt-health/mac:02010b41cdec/antenna/tag/e2806894000040038662214f, 94
1652707040.049915, sdrt-health/mac:02010b41cdec/antenna/tag/e2806894000050038662154f, 88
1652707040.080042, sdrt-health/mac:02010b41cdec/antenna/tag/e28068940000500386620d4f, 94
1652707040.080447, sdrt-health/mac:02010b41cdec/antenna/tag/e28068940000400386621d4f, 96
1652707040.097701, sdrt-health/mac:02010b41cdec/antenna/tag/e28068940000400386621d4f, 96
1652707040.146388, sdrt-health/mac:02010b41cdec/antenna/tag/e2806894000040038662114f, 85
1652707040.204971, sdrt-health/mac:02010b41cdec/antenna/tag/e28068940000400386621d4f, 77
1652707040.205468, sdrt-health/mac:02010b41cdec/antenna/tag/e2806894000050038662194f, 87
1652707040.219411, sdrt-health/mac:02010b41cdec/antenna/tag/e2806894000050038661fd4f, 83
1652707040.23862, sdrt-health/mac:02010b41cdec/antenna/tag/e2806894000050038662194f, 83
1652707040.296015, sdrt-health/mac:02010b41cdec/antenna/tag/e2806894000050038662154f, 85
1652707040.337114, sdrt-health/mac:02010b41cdec/antenna/tag/e2806894000050038662154f, 88
1652707040.377961, sdrt-health/mac:02010b41cdec/antenna/tag/e2806894000040038662114f, 88
1652707040.417422, sdrt-health/mac:02010b41cdec/antenna/tag/e2806894000050038662194f, 88
1652707040.418514, sdrt-health/mac:02010b41cdec/antenna/tag/e28068940000400386621d4f, 96
1652707040.457508, sdrt-health/mac:02010b41cdec/antenna/tag/e2806894000040038662114f, 88
1652707040.497934, sdrt-health/mac:02010b41cdec/antenna/tag/e28068940000400386621d4f, 77
1652707040.553659, sdrt-health/mac:02010b41cdec/antenna/tag/e2806894000040038662114f, 85
1652707040.554105, sdrt-health/mac:02010b41cdec/antenna/tag/e2806894000040038662114f, 85
1652707040.568527, sdrt-health/mac:02010b41cdec/antenna/tag/e2806894000050038662194f, 94
1652707040.607759, sdrt-health/mac:02010b41cdec/antenna/tag/e28068940000500386620d4f, 84
1652707040.656665, sdrt-health/mac:02010b41cdec/antenna/tag/e28068940000500386620d4f, 83
1652707040.698022, sdrt-health/mac:02010b41cdec/antenna/tag/e2806894000050038662154f, 88
1652707040.69852, sdrt-health/mac:02010b41cdec/antenna/tag/e2806894000050038661fd4f, 86
1652707040.779904, sdrt-health/mac:02010b41cdec/antenna/tag/e2806894000050038662154f, 88
1652707040.823358, sdrt-health/mac:02010b41cdec/antenna/tag/e28068940000400386621d4f, 96
1652707040.8527, sdrt-health/mac:02010b41cdec/antenna/tag/e28068940000400386621d4f, 96
1652707040.907428, sdrt-health/mac:02010b41cdec/antenna/tag/e2806894000040038661f94f, 88
1652707040.952843, sdrt-health/mac:02010b41cdec/antenna/tag/e2806894000050038662194f, 87
1652707040.981257, sdrt-health/mac:02010b41cdec/antenna/tag/e28068940000400386621d4f, 77
1652707041.018945, sdrt-health/mac:02010b41cdec/antenna/tag/e28068940000500386620d4f, 81
1652707041.072893, sdrt-health/mac:02010b41cdec/antenna/tag/e2806894000040038662114f, 88
1652707041.07338, sdrt-health/mac:02010b41cdec/antenna/tag/e2806894000050038662154f, 88
1652707041.086415, sdrt-health/mac:02010b41cdec/antenna/tag/e2806894000050038662154f, 88
1652707041.09363, sdrt-health/mac:02010b41cdec/antenna/tag/e2806894000050038662154f, 91
1652707041.138618, sdrt-health/mac:02010b41cdec/antenna/tag/e2806894000040038662114f, 88
1652707041.180003, sdrt-health/mac:02010b41cdec/antenna/tag/e2806894000050038662154f, 91
1652707041.229303, sdrt-health/mac:02010b41cdec/antenna/tag/e28068940000400386621d4f, 90
1652707041.290807, sdrt-health/mac:02010b41cdec/antenna/tag/e2806894000050038661fd4f, 86
1652707041.291313, sdrt-health/mac:02010b41cdec/antenna/tag/e2806894000040038662114f, 85
1652707041.328943, sdrt-health/mac:02010b41cdec/antenna/tag/e2806894000050038662154f, 85
1652707041.369009, sdrt-health/mac:02010b41cdec/antenna/tag/e2806894000040038662114f, 88
1652707041.369785, sdrt-health/mac:02010b41cdec/antenna/tag/e2806894000050038661fd4f, 83
1652707041.429365, sdrt-health/mac:02010b41cdec/antenna/tag/e2806894000050038662154f, 88
1652707041.476902, sdrt-health/mac:02010b41cdec/antenna/tag/e2806894000050038662154f, 88
1652707041.533534, sdrt-health/mac:02010b41cdec/antenna/tag/e2806894000050038661fd4f, 83
1652707041.53403, sdrt-health/mac:02010b41cdec/antenna/tag/e2806894000050038662154f, 88
1652707041.548052, sdrt-health/mac:02010b41cdec/antenna/tag/e2806894000050038661fd4f, 83
1652707041.657089, sdrt-health/mac:02010b41cdec/antenna/tag/e2806894000050038662154f, 91
1652707041.686764, sdrt-health/mac:02010b41cdec/antenna/tag/e28068940000400386621d4f, 77
1652707041.687223, sdrt-health/mac:02010b41cdec/antenna/tag/e2806894000050038661fd4f, 83
1652707041.687575, sdrt-health/mac:02010b41cdec/antenna/tag/e2806894000050038662154f, 88
1652707041.714289, sdrt-health/mac:02010b41cdec/antenna/tag/e2806894000050038661fd4f, 86
1652707041.743184, sdrt-health/mac:02010b41cdec/antenna/tag/e2806894000050038662194f, 81
1652707041.743449, sdrt-health/mac:02010b41cdec/antenna/tag/e2806894000050038662194f, 93
1652707041.743629, sdrt-health/mac:02010b41cdec/antenna/tag/e2806894000040038662114f, 88
1652707041.743799, sdrt-health/mac:02010b41cdec/antenna/tag/e2806894000050038661fd4f, 83
1652707041.766763, sdrt-health/mac:02010b41cdec/antenna/tag/e2806894000040038662114f, 85
1652707041.795393, sdrt-health/mac:02010b41cdec/antenna/tag/e2806894000050038662154f, 88
1652707041.795745, sdrt-health/mac:02010b41cdec/antenna/tag/e28068940000400386621d4f, 96
1652707041.795914, sdrt-health/mac:02010b41cdec/antenna/tag/e2806894000050038661fd4f, 83
1652707041.80862, sdrt-health/mac:02010b41cdec/antenna/tag/e2806894000050038662194f, 81
1652707041.808852, sdrt-health/mac:02010b41cdec/antenna/tag/e28068940000400386621d4f, 96
1652707041.809012, sdrt-health/mac:02010b41cdec/antenna/tag/e2806894000050038661fd4f, 86
1652707041.848141, sdrt-health/mac:02010b41cdec/antenna/tag/e2806894000040038662114f, 88
1652707041.897262, sdrt-health/mac:02010b41cdec/antenna/tag/e2806894000050038662154f, 85
1652707041.939206, sdrt-health/mac:02010b41cdec/antenna/tag/e2806894000040038662114f, 88
1652707041.978501, sdrt-health/mac:02010b41cdec/antenna/tag/e28068940000400386621d4f, 96
1652707042.005614, sdrt-health/mac:02010b41cdec/antenna/tag/e2806894000050038662154f, 88
1652707042.005971, sdrt-health/mac:02010b41cdec/antenna/tag/e2806894000050038661fd4f, 86
1652707042.02928, sdrt-health/mac:02010b41cdec/antenna/tag/e28068940000400386621d4f, 96
1652707042.104191, sdrt-health/mac:02010b41cdec/antenna/tag/e28068940000400386621d4f, 96
1652707042.104665, sdrt-health/mac:02010b41cdec/antenna/tag/e2806894000040038662054f, 81
1652707042.11747, sdrt-health/mac:02010b41cdec/antenna/tag/e28068940000400386621d4f, 90
1652707042.221557, sdrt-health/mac:02010b41cdec/antenna/tag/e2806894000050038662154f, 91
1652707042.222157, sdrt-health/mac:02010b41cdec/antenna/tag/e2806894000050038662154f, 91
1652707042.286622, sdrt-health/mac:02010b41cdec/antenna/tag/e2806894000050038662154f, 91
1652707042.313491, sdrt-health/mac:02010b41cdec/antenna/tag/e2806894000050038662194f, 81
1652707042.314178, sdrt-health/mac:02010b41cdec/antenna/tag/e2806894000050038661fd4f, 86
1652707042.327977, sdrt-health/mac:02010b41cdec/antenna/tag/e2806894000050038661fd4f, 83
1652707042.401773, sdrt-health/mac:02010b41cdec/antenna/tag/e2806894000050038662154f, 88
1652707042.402074, sdrt-health/mac:02010b41cdec/antenna/tag/e2806894000050038662154f, 88
1652707042.427742, sdrt-health/mac:02010b41cdec/antenna/tag/e2806894000050038662154f, 91
1652707042.46794, sdrt-health/mac:02010b41cdec/antenna/tag/e2806894000050038661fd4f, 83
1652707042.532036, sdrt-health/mac:02010b41cdec/antenna/tag/e2806894000050038662194f, 83
1652707042.53257, sdrt-health/mac:02010b41cdec/antenna/tag/e2806894000050038662154f, 88
1652707042.58625, sdrt-health/mac:02010b41cdec/antenna/tag/e2806894000050038661fd4f, 83
1652707042.636197, sdrt-health/mac:02010b41cdec/antenna/tag/e2806894000050038661fd4f, 83
1652707042.677456, sdrt-health/mac:02010b41cdec/antenna/tag/e2806894000050038662154f, 91
1652707042.726417, sdrt-health/mac:02010b41cdec/antenna/tag/e2806894000050038662154f, 91
1652707042.727493, sdrt-health/mac:02010b41cdec/antenna/tag/e28068940000400386621d4f, 96
1652707042.767336, sdrt-health/mac:02010b41cdec/antenna/tag/e2806894000050038661fd4f, 86
1652707042.807713, sdrt-health/mac:02010b41cdec/antenna/tag/e28068940000400386621d4f, 90
1652707042.848931, sdrt-health/mac:02010b41cdec/antenna/tag/e2806894000040038662114f, 88
1652707042.903499, sdrt-health/mac:02010b41cdec/antenna/tag/e2806894000040038662114f, 88
1652707042.903965, sdrt-health/mac:02010b41cdec/antenna/tag/e2806894000050038662154f, 91
1652707042.917598, sdrt-health/mac:02010b41cdec/antenna/tag/e28068940000500386620d4f, 87
1652707042.938159, sdrt-health/mac:02010b41cdec/antenna/tag/e28068940000400386621d4f, 96
1652707042.989863, sdrt-health/mac:02010b41cdec/antenna/tag/e28068940000400386621d4f, 90
1652707043.037735, sdrt-health/mac:02010b41cdec/antenna/tag/e2806894000050038661fd4f, 86
1652707043.06659, sdrt-health/mac:02010b41cdec/antenna/tag/e2806894000050038662154f, 88
1652707043.067142, sdrt-health/mac:02010b41cdec/antenna/tag/e2806894000050038662154f, 91
1652707043.097348, sdrt-health/mac:02010b41cdec/antenna/tag/e2806894000040038662114f, 88
1652707043.161371, sdrt-health/mac:02010b41cdec/antenna/tag/e2806894000050038662154f, 91
1652707043.161882, sdrt-health/mac:02010b41cdec/antenna/tag/e2806894000050038662154f, 88
1652707043.176464, sdrt-health/mac:02010b41cdec/antenna/tag/e28068940000400386621d4f, 90
1652707043.211826, sdrt-health/mac:02010b41cdec/antenna/tag/e2806894000050038661fd4f, 86
1652707043.2125, sdrt-health/mac:02010b41cdec/antenna/tag/e28068940000500386620d4f, 87
1652707043.239129, sdrt-health/mac:02010b41cdec/antenna/tag/e2806894000050038661fd4f, 83
1652707043.27869, sdrt-health/mac:02010b41cdec/antenna/tag/e2806894000040038662114f, 91
1652707043.31909, sdrt-health/mac:02010b41cdec/antenna/tag/e2806894000050038661fd4f, 83
1652707043.373447, sdrt-health/mac:02010b41cdec/antenna/tag/e2806894000050038661fd4f, 83
1652707043.373915, sdrt-health/mac:02010b41cdec/antenna/tag/e2806894000050038661fd4f, 83
1652707043.387465, sdrt-health/mac:02010b41cdec/antenna/tag/e2806894000040038662214f, 81
1652707043.415611, sdrt-health/mac:02010b41cdec/antenna/tag/e28068940000500386620d4f, 81
1652707043.464034, sdrt-health/mac:02010b41cdec/antenna/tag/e2806894000040038662114f, 88
1652707043.464487, sdrt-health/mac:02010b41cdec/antenna/tag/e2806894000040038662214f, 81
1652707043.499056, sdrt-health/mac:02010b41cdec/antenna/tag/e28068940000400386621d4f, 90
1652707043.538401, sdrt-health/mac:02010b41cdec/antenna/tag/e28068940000500386620d4f, 81
1652707043.595723, sdrt-health/mac:02010b41cdec/antenna/tag/e2806894000050038662154f, 91
1652707043.646409, sdrt-health/mac:02010b41cdec/antenna/tag/e2806894000050038662154f, 88
1652707043.67432, sdrt-health/mac:02010b41cdec/antenna/tag/e28068940000500386620d4f, 81
1652707043.674882, sdrt-health/mac:02010b41cdec/antenna/tag/e2806894000040038662114f, 91
1652707043.675022, sdrt-health/mac:02010b41cdec/antenna/tag/e2806894000050038662154f, 88
1652707043.696287, sdrt-health/mac:02010b41cdec/antenna/tag/e28068940000500386620d4f, 88
1652707043.761981, sdrt-health/mac:02010b41cdec/antenna/tag/e2806894000040038662114f, 91
1652707043.762908, sdrt-health/mac:02010b41cdec/antenna/tag/e2806894000040038662114f, 91
1652707043.797605, sdrt-health/mac:02010b41cdec/antenna/tag/e2806894000050038661fd4f, 86
1652707043.869467, sdrt-health/mac:02010b41cdec/antenna/tag/e2806894000040038662214f, 81
1652707043.909182, sdrt-health/mac:02010b41cdec/antenna/tag/e2806894000050038662154f, 85
1652707043.958195, sdrt-health/mac:02010b41cdec/antenna/tag/e28068940000500386620d4f, 81
1652707043.987184, sdrt-health/mac:02010b41cdec/antenna/tag/e28068940000500386620d4f, 83
1652707043.987417, sdrt-health/mac:02010b41cdec/antenna/tag/e2806894000040038662214f, 81
1652707044.001473, sdrt-health/mac:02010b41cdec/antenna/tag/e28068940000400386621d4f, 96
1652707044.048366, sdrt-health/mac:02010b41cdec/antenna/tag/e28068940000400386621d4f, 96
1652707044.108522, sdrt-health/mac:02010b41cdec/antenna/tag/e2806894000040038662114f, 88
1652707044.108768, sdrt-health/mac:02010b41cdec/antenna/tag/e2806894000040038662114f, 85
1652707044.187954, sdrt-health/mac:02010b41cdec/antenna/tag/e2806894000050038661fd4f, 83
1652707044.239871, sdrt-health/mac:02010b41cdec/antenna/tag/e28068940000500386620d4f, 93
1652707044.286801, sdrt-health/mac:02010b41cdec/antenna/tag/e2806894000050038662194f, 84
1652707044.316055, sdrt-health/mac:02010b41cdec/antenna/tag/e2806894000050038661fd4f, 83
1652707044.316615, sdrt-health/mac:02010b41cdec/antenna/tag/e28068940000500386620d4f, 83
1652707044.329136, sdrt-health/mac:02010b41cdec/antenna/tag/e2806894000040038662214f, 94
1652707044.37864, sdrt-health/mac:02010b41cdec/antenna/tag/e28068940000500386620d4f, 83
1652707044.418887, sdrt-health/mac:02010b41cdec/antenna/tag/e28068940000400386621d4f, 96
1652707044.457242, sdrt-health/mac:02010b41cdec/antenna/tag/e28068940000400386621d4f, 96
1652707044.497585, sdrt-health/mac:02010b41cdec/antenna/tag/e2806894000050038662154f, 91
1652707044.537497, sdrt-health/mac:02010b41cdec/antenna/tag/e2806894000050038662154f, 91
1652707044.563403, sdrt-health/mac:02010b41cdec/antenna/tag/e2806894000040038662114f, 88
1652707044.564009, sdrt-health/mac:02010b41cdec/antenna/tag/e2806894000050038661fd4f, 86
1652707044.578206, sdrt-health/mac:02010b41cdec/antenna/tag/e2806894000050038662154f, 91
1652707044.607333, sdrt-health/mac:02010b41cdec/antenna/tag/e2806894000040038662114f, 91
1652707044.607587, sdrt-health/mac:02010b41cdec/antenna/tag/e28068940000500386620d4f, 85
1652707044.64772, sdrt-health/mac:02010b41cdec/antenna/tag/e2806894000050038661fd4f, 86
1652707044.697362, sdrt-health/mac:02010b41cdec/antenna/tag/e2806894000040038662114f, 91
1652707044.760872, sdrt-health/mac:02010b41cdec/antenna/tag/e2806894000050038662154f, 88
1652707044.761392, sdrt-health/mac:02010b41cdec/antenna/tag/e2806894000050038661fd4f, 83
1652707044.774397, sdrt-health/mac:02010b41cdec/antenna/tag/e28068940000500386620d4f, 87
1652707044.788269, sdrt-health/mac:02010b41cdec/antenna/tag/e2806894000050038662194f, 83
1652707044.827916, sdrt-health/mac:02010b41cdec/antenna/tag/e2806894000050038662154f, 88
1652707044.876109, sdrt-health/mac:02010b41cdec/antenna/tag/e2806894000050038662154f, 88
1652707044.902741, sdrt-health/mac:02010b41cdec/antenna/tag/e2806894000040038662114f, 85
1652707044.903259, sdrt-health/mac:02010b41cdec/antenna/tag/e2806894000050038662154f, 85
1652707044.917939, sdrt-health/mac:02010b41cdec/antenna/tag/e2806894000050038662154f, 88
1652707044.979742, sdrt-health/mac:02010b41cdec/antenna/tag/e2806894000040038662114f, 91
1652707044.981061, sdrt-health/mac:02010b41cdec/antenna/tag/e28068940000500386620d4f, 93
1652707044.993866, sdrt-health/mac:02010b41cdec/antenna/tag/e28068940000500386620d4f, 83
1652707045.040789, sdrt-health/mac:02010b41cdec/antenna/tag/e2806894000050038661fd4f, 86
1652707045.04123, sdrt-health/mac:02010b41cdec/antenna/tag/e2806894000040038662114f, 88
1652707045.054819, sdrt-health/mac:02010b41cdec/antenna/tag/e2806894000040038662114f, 91
1652707045.07463, sdrt-health/mac:02010b41cdec/antenna/tag/e2806894000040038662114f, 91
1652707045.144223, sdrt-health/mac:02010b41cdec/antenna/tag/e2806894000040038662114f, 91
1652707045.144709, sdrt-health/mac:02010b41cdec/antenna/tag/e2806894000040038662114f, 88
1652707045.197481, sdrt-health/mac:02010b41cdec/antenna/tag/e28068940000500386620d4f, 83
1652707045.247275, sdrt-health/mac:02010b41cdec/antenna/tag/e2806894000040038662114f, 88
1652707045.297048, sdrt-health/mac:02010b41cdec/antenna/tag/e2806894000040038662214f, 84
1652707045.339637, sdrt-health/mac:02010b41cdec/antenna/tag/e28068940000400386621d4f, 77
1652707045.378387, sdrt-health/mac:02010b41cdec/antenna/tag/e2806894000050038662194f, 81
1652707045.426162, sdrt-health/mac:02010b41cdec/antenna/tag/e28068940000500386620d4f, 87
1652707045.469614, sdrt-health/mac:02010b41cdec/antenna/tag/e2806894000050038661fd4f, 83
1652707045.909651, sdrt-health/mac:02010b41cdec/antenna/tag/e2806894000050038662154f, 91
1652707045.910183, sdrt-health/mac:02010b41cdec/antenna/tag/scan, scan stopped
