1652706610.248486, sdrt-health/mac:02010b41cdec/antenna/power/set, {"power": 280}
1652706611.374846, sdrt-health/mac:02010b41cdec/antenna/power/set, 
1652706615.271661, sdrt-health/mac:02010b41cdec/antenna/tag/scan, {"time": 20000}
1652706615.627521, sdrt-health/mac:02010b41cdec/antenna/tag/e2806894000040038662114f, 88
1652706615.669114, sdrt-health/mac:02010b41cdec/antenna/tag/e28068940000500386620d4f, 81
1652706615.730279, sdrt-health/mac:02010b41cdec/antenna/tag/e28068940000400386621d4f, 90
1652706615.730784, sdrt-health/mac:02010b41cdec/antenna/tag/e28068940000500386620d4f, 94
1652706615.744905, sdrt-health/mac:02010b41cdec/antenna/tag/e28068940000400386621d4f, 86
1652706615.766968, sdrt-health/mac:02010b41cdec/antenna/tag/e28068940000400386621d4f, 90
1652706615.794508, sdrt-health/mac:02010b41cdec/antenna/tag/e2806894000050038662154f, 88
1652706615.794943, sdrt-health/mac:02010b41cdec/antenna/tag/e2806894000050038661fd4f, 83
1652706615.816268, sdrt-health/mac:02010b41cdec/antenna/tag/e2806894000050038662154f, 88
1652706615.928524, sdrt-health/mac:02010b41cdec/antenna/tag/e28068940000400386621d4f, 90
1652706615.92908, sdrt-health/mac:02010b41cdec/antenna/tag/e2806894000040038662114f, 88
1652706615.966346, sdrt-health/mac:02010b41cdec/antenna/tag/e28068940000400386621d4f, 77
1652706616.05803, sdrt-health/mac:02010b41cdec/antenna/tag/e2806894000040038662114f, 88
1652706616.058475, sdrt-health/mac:02010b41cdec/antenna/tag/e2806894000040038662114f, 91
1652706616.086303, sdrt-health/mac:02010b41cdec/antenna/tag/e2806894000040038662114f, 88
1652706616.168693, sdrt-health/mac:02010b41cdec/antenna/tag/e2806894000050038661fd4f, 86
1652706616.169161, sdrt-health/mac:02010b41cdec/antenna/tag/e28068940000400386621d4f, 96
1652706616.189732, sdrt-health/mac:02010b41cdec/antenna/tag/e2806894000050038662154f, 88
1652706616.240228, sdrt-health/mac:02010b41cdec/antenna/tag/e2806894000040038662114f, 85
1652706616.240695, sdrt-health/mac:02010b41cdec/antenna/tag/e28068940000500386620d4f, 87
1652706616.266571, sdrt-health/mac:02010b41cdec/antenna/tag/e2806894000050038662194f, 81
1652706616.321149, sdrt-health/mac:02010b41cdec/antenna/tag/e28068940000400386621d4f, 96
1652706616.321866, sdrt-health/mac:02010b41cdec/antenna/tag/e28068940000400386621d4f, 96
1652706616.333839, sdrt-health/mac:02010b41cdec/antenna/tag/e2806894000050038661fd4f, 83
1652706616.361682, sdrt-health/mac:02010b41cdec/antenna/tag/e2806894000050038662154f, 88
1652706616.36191, sdrt-health/mac:02010b41cdec/antenna/tag/e2806894000040038662114f, 88
1652706616.362082, sdrt-health/mac:02010b41cdec/antenna/tag/e2806894000050038662194f, 94
1652706616.386458, sdrt-health/mac:02010b41cdec/antenna/tag/e2806894000050038661fd4f, 86
1652706616.42874, sdrt-health/mac:02010b41cdec/antenna/tag/e2806894000050038662194f, 83
1652706616.491078, sdrt-health/mac:02010b41cdec/antenna/tag/e2806894000040038662114f, 85
1652706616.491585, sdrt-health/mac:02010b41cdec/antenna/tag/e2806894000050038662194f, 94
1652706616.51554, sdrt-health/mac:02010b41cdec/antenna/tag/e2806894000050038662154f, 88
1652706616.571211, sdrt-health/mac:02010b41cdec/antenna/tag/e28068940000500386620d4f, 83
1652706616.571686, sdrt-health/mac:02010b41cdec/antenna/tag/e2806894000040038662214f, 94
1652706616.585141, sdrt-health/mac:02010b41cdec/antenna/tag/e2806894000040038661f94f, 84
1652706616.585458, sdrt-health/mac:02010b41cdec/antenna/tag/e28068940000400386621d4f, 77
1652706616.604686, sdrt-health/mac:02010b41cdec/antenna/tag/e2806894000040038662114f, 88
1652706616.660219, sdrt-health/mac:02010b41cdec/antenna/tag/e2806894000040038662214f, 94
1652706616.660731, sdrt-health/mac:02010b41cdec/antenna/tag/e2806894000040038662114f, 88
1652706616.694279, sdrt-health/mac:02010b41cdec/antenna/tag/e2806894000050038662154f, 88
1652706616.761241, sdrt-health/mac:02010b41cdec/antenna/tag/e2806894000050038662194f, 83
1652706616.761428, sdrt-health/mac:02010b41cdec/antenna/tag/e28068940000400386621d4f, 96
1652706616.775044, sdrt-health/mac:02010b41cdec/antenna/tag/e28068940000400386621d4f, 96
1652706616.786462, sdrt-health/mac:02010b41cdec/antenna/tag/e28068940000500386620d4f, 88
1652706616.844421, sdrt-health/mac:02010b41cdec/antenna/tag/e28068940000500386620d4f, 81
1652706616.90089, sdrt-health/mac:02010b41cdec/antenna/tag/e2806894000040038662114f, 85
1652706616.901357, sdrt-health/mac:02010b41cdec/antenna/tag/e2806894000050038661fd4f, 83
1652706616.915762, sdrt-health/mac:02010b41cdec/antenna/tag/e28068940000400386621d4f, 96
1652706616.943617, sdrt-health/mac:02010b41cdec/antenna/tag/e2806894000050038662194f, 81
1652706616.991087, sdrt-health/mac:02010b41cdec/antenna/tag/e2806894000040038662114f, 88
1652706616.991514, sdrt-health/mac:02010b41cdec/antenna/tag/e28068940000400386621d4f, 96
1652706617.005117, sdrt-health/mac:02010b41cdec/antenna/tag/e2806894000050038661fd4f, 86
1652706617.015072, sdrt-health/mac:02010b41cdec/antenna/tag/e2806894000050038661fd4f, 83
1652706617.056176, sdrt-health/mac:02010b41cdec/antenna/tag/e28068940000500386620d4f, 94
1652706617.098315, sdrt-health/mac:02010b41cdec/antenna/tag/e2806894000050038662154f, 85
1652706617.197864, sdrt-health/mac:02010b41cdec/antenna/tag/e2806894000040038662114f, 85
1652706617.198425, sdrt-health/mac:02010b41cdec/antenna/tag/e2806894000040038662114f, 91
1652706617.22696, sdrt-health/mac:02010b41cdec/antenna/tag/e28068940000400386621d4f, 90
1652706617.281027, sdrt-health/mac:02010b41cdec/antenna/tag/e2806894000050038661fd4f, 83
1652706617.281491, sdrt-health/mac:02010b41cdec/antenna/tag/e28068940000400386621d4f, 90
1652706617.295602, sdrt-health/mac:02010b41cdec/antenna/tag/e28068940000400386621d4f, 90
1652706617.296057, sdrt-health/mac:02010b41cdec/antenna/tag/e2806894000050038661fd4f, 86
1652706617.314571, sdrt-health/mac:02010b41cdec/antenna/tag/e28068940000400386621d4f, 96
1652706617.385773, sdrt-health/mac:02010b41cdec/antenna/tag/e2806894000050038661fd4f, 86
1652706617.386303, sdrt-health/mac:02010b41cdec/antenna/tag/e28068940000400386621d4f, 96
1652706617.400363, sdrt-health/mac:02010b41cdec/antenna/tag/e28068940000400386621d4f, 90
1652706617.41573, sdrt-health/mac:02010b41cdec/antenna/tag/e2806894000050038662154f, 88
1652706617.467384, sdrt-health/mac:02010b41cdec/antenna/tag/e2806894000050038662154f, 88
1652706617.496, sdrt-health/mac:02010b41cdec/antenna/tag/e2806894000050038662154f, 88
1652706617.496331, sdrt-health/mac:02010b41cdec/antenna/tag/e2806894000050038661fd4f, 83
1652706617.509335, sdrt-health/mac:02010b41cdec/antenna/tag/e28068940000400386621d4f, 96
1652706617.509592, sdrt-health/mac:02010b41cdec/antenna/tag/e2806894000050038661fd4f, 83
1652706617.575916, sdrt-health/mac:02010b41cdec/antenna/tag/e2806894000050038661fd4f, 86
1652706617.619167, sdrt-health/mac:02010b41cdec/antenna/tag/e2806894000050038661fd4f, 83
1652706617.679195, sdrt-health/mac:02010b41cdec/antenna/tag/e2806894000040038662114f, 88
1652706617.679783, sdrt-health/mac:02010b41cdec/antenna/tag/e28068940000400386621d4f, 90
1652706617.694999, sdrt-health/mac:02010b41cdec/antenna/tag/e28068940000400386621d4f, 90
1652706617.707276, sdrt-health/mac:02010b41cdec/antenna/tag/e28068940000400386621d4f, 90
1652706617.709297, sdrt-health/mac:02010b41cdec/antenna/tag/e2806894000050038662154f, 85
1652706617.709631, sdrt-health/mac:02010b41cdec/antenna/tag/e2806894000040038662114f, 88
1652706617.746423, sdrt-health/mac:02010b41cdec/antenna/tag/e2806894000050038662154f, 85
1652706617.836069, sdrt-health/mac:02010b41cdec/antenna/tag/e28068940000400386621d4f, 96
1652706617.875197, sdrt-health/mac:02010b41cdec/antenna/tag/e2806894000050038662194f, 81
1652706617.945398, sdrt-health/mac:02010b41cdec/antenna/tag/e2806894000050038662154f, 88
1652706617.9459, sdrt-health/mac:02010b41cdec/antenna/tag/e2806894000050038662154f, 88
1652706617.977872, sdrt-health/mac:02010b41cdec/antenna/tag/e2806894000040038662114f, 85
1652706618.026714, sdrt-health/mac:02010b41cdec/antenna/tag/e2806894000050038662194f, 83
1652706618.095903, sdrt-health/mac:02010b41cdec/antenna/tag/e2806894000040038662114f, 85
1652706618.096377, sdrt-health/mac:02010b41cdec/antenna/tag/e2806894000040038662114f, 88
1652706618.110313, sdrt-health/mac:02010b41cdec/antenna/tag/e2806894000050038662154f, 91
1652706618.148807, sdrt-health/mac:02010b41cdec/antenna/tag/e2806894000050038661fd4f, 83
1652706618.202257, sdrt-health/mac:02010b41cdec/antenna/tag/e2806894000050038662154f, 85
1652706618.202523, sdrt-health/mac:02010b41cdec/antenna/tag/e2806894000040038662114f, 85
1652706618.253707, sdrt-health/mac:02010b41cdec/antenna/tag/e28068940000500386620d4f, 93
1652706618.297113, sdrt-health/mac:02010b41cdec/antenna/tag/e28068940000500386620d4f, 87
1652706618.350398, sdrt-health/mac:02010b41cdec/antenna/tag/e28068940000400386621d4f, 96
1652706618.350806, sdrt-health/mac:02010b41cdec/antenna/tag/e2806894000050038662154f, 88
1652706618.376461, sdrt-health/mac:02010b41cdec/antenna/tag/e2806894000040038662114f, 85
1652706618.419038, sdrt-health/mac:02010b41cdec/antenna/tag/e28068940000400386621d4f, 96
1652706618.454279, sdrt-health/mac:02010b41cdec/antenna/tag/e28068940000400386621d4f, 96
1652706618.496914, sdrt-health/mac:02010b41cdec/antenna/tag/e28068940000400386621d4f, 90
1652706618.54546, sdrt-health/mac:02010b41cdec/antenna/tag/e28068940000500386620d4f, 94
1652706618.586025, sdrt-health/mac:02010b41cdec/antenna/tag/e2806894000050038662154f, 88
1652706618.624698, sdrt-health/mac:02010b41cdec/antenna/tag/e2806894000040038662114f, 91
1652706618.675128, sdrt-health/mac:02010b41cdec/antenna/tag/e28068940000400386621d4f, 90
1652706618.703726, sdrt-health/mac:02010b41cdec/antenna/tag/e2806894000040038662114f, 88
1652706618.704197, sdrt-health/mac:02010b41cdec/antenna/tag/e28068940000400386621d4f, 90
1652706618.718694, sdrt-health/mac:02010b41cdec/antenna/tag/e28068940000400386621d4f, 90
1652706618.719124, sdrt-health/mac:02010b41cdec/antenna/tag/e2806894000050038662154f, 85
1652706618.755784, sdrt-health/mac:02010b41cdec/antenna/tag/e2806894000050038662154f, 91
1652706618.811724, sdrt-health/mac:02010b41cdec/antenna/tag/e2806894000040038662114f, 88
1652706618.812194, sdrt-health/mac:02010b41cdec/antenna/tag/e2806894000040038662114f, 85
1652706618.826443, sdrt-health/mac:02010b41cdec/antenna/tag/e2806894000050038661fd4f, 86
1652706618.844248, sdrt-health/mac:02010b41cdec/antenna/tag/e2806894000050038661fd4f, 83
1652706618.8955, sdrt-health/mac:02010b41cdec/antenna/tag/e2806894000050038661fd4f, 83
1652706618.896082, sdrt-health/mac:02010b41cdec/antenna/tag/e28068940000400386621d4f, 90
1652706618.910197, sdrt-health/mac:02010b41cdec/antenna/tag/e2806894000050038661fd4f, 83
1652706618.935298, sdrt-health/mac:02010b41cdec/antenna/tag/e2806894000050038661fd4f, 97
1652706618.985949, sdrt-health/mac:02010b41cdec/antenna/tag/e2806894000050038662194f, 83
1652706619.026181, sdrt-health/mac:02010b41cdec/antenna/tag/e2806894000050038661fd4f, 83
1652706619.079369, sdrt-health/mac:02010b41cdec/antenna/tag/e2806894000050038662154f, 85
1652706619.07983, sdrt-health/mac:02010b41cdec/antenna/tag/e2806894000040038662114f, 88
1652706619.093814, sdrt-health/mac:02010b41cdec/antenna/tag/e2806894000050038662154f, 85
1652706619.106538, sdrt-health/mac:02010b41cdec/antenna/tag/e2806894000040038662114f, 85
1652706619.188075, sdrt-health/mac:02010b41cdec/antenna/tag/e2806894000050038661fd4f, 83
1652706619.229135, sdrt-health/mac:02010b41cdec/antenna/tag/e2806894000040038662114f, 88
1652706619.281262, sdrt-health/mac:02010b41cdec/antenna/tag/e2806894000040038662114f, 85
1652706619.281737, sdrt-health/mac:02010b41cdec/antenna/tag/e2806894000040038662114f, 85
1652706619.306918, sdrt-health/mac:02010b41cdec/antenna/tag/e2806894000050038662194f, 81
1652706619.347545, sdrt-health/mac:02010b41cdec/antenna/tag/e2806894000050038662154f, 91
1652706619.375472, sdrt-health/mac:02010b41cdec/antenna/tag/e2806894000050038662194f, 87
1652706619.376068, sdrt-health/mac:02010b41cdec/antenna/tag/e2806894000050038662154f, 88
1652706619.389535, sdrt-health/mac:02010b41cdec/antenna/tag/e2806894000050038662154f, 88
1652706619.389916, sdrt-health/mac:02010b41cdec/antenna/tag/e2806894000040038662054f, 81
1652706619.434281, sdrt-health/mac:02010b41cdec/antenna/tag/e2806894000050038662154f, 88
1652706619.484346, sdrt-health/mac:02010b41cdec/antenna/tag/e2806894000040038662114f, 85
1652706619.545282, sdrt-health/mac:02010b41cdec/antenna/tag/e2806894000050038661fd4f, 86
1652706619.594384, sdrt-health/mac:02010b41cdec/antenna/tag/e2806894000050038661fd4f, 83
1652706619.651282, sdrt-health/mac:02010b41cdec/antenna/tag/e2806894000050038662154f, 88
1652706619.651749, sdrt-health/mac:02010b41cdec/antenna/tag/e2806894000040038662114f, 88
1652706619.676009, sdrt-health/mac:02010b41cdec/antenna/tag/e28068940000500386620d4f, 81
1652706619.73837, sdrt-health/mac:02010b41cdec/antenna/tag/e28068940000400386621d4f, 90
1652706619.738926, sdrt-health/mac:02010b41cdec/antenna/tag/e2806894000050038661fd4f, 86
1652706619.752125, sdrt-health/mac:02010b41cdec/antenna/tag/e28068940000400386621d4f, 96
1652706619.76628, sdrt-health/mac:02010b41cdec/antenna/tag/e28068940000500386620d4f, 81
1652706619.805815, sdrt-health/mac:02010b41cdec/antenna/tag/e2806894000050038662154f, 88
1652706619.854373, sdrt-health/mac:02010b41cdec/antenna/tag/e2806894000050038662154f, 88
1652706619.89769, sdrt-health/mac:02010b41cdec/antenna/tag/e2806894000050038662154f, 88
1652706619.958815, sdrt-health/mac:02010b41cdec/antenna/tag/e28068940000400386621d4f, 77
1652706619.959328, sdrt-health/mac:02010b41cdec/antenna/tag/e2806894000050038661fd4f, 83
1652706619.973328, sdrt-health/mac:02010b41cdec/antenna/tag/e28068940000500386620d4f, 81
1652706620.0088, sdrt-health/mac:02010b41cdec/antenna/tag/e2806894000040038662214f, 88
1652706620.009272, sdrt-health/mac:02010b41cdec/antenna/tag/e28068940000500386620d4f, 81
1652706620.044401, sdrt-health/mac:02010b41cdec/antenna/tag/e2806894000050038662154f, 88
1652706620.086156, sdrt-health/mac:02010b41cdec/antenna/tag/e2806894000050038662154f, 88
1652706620.138213, sdrt-health/mac:02010b41cdec/antenna/tag/e2806894000040038662114f, 88
1652706620.138833, sdrt-health/mac:02010b41cdec/antenna/tag/e2806894000050038662154f, 88
1652706620.190446, sdrt-health/mac:02010b41cdec/antenna/tag/e28068940000400386621d4f, 90
1652706620.253007, sdrt-health/mac:02010b41cdec/antenna/tag/e2806894000050038662154f, 91
1652706620.25351, sdrt-health/mac:02010b41cdec/antenna/tag/e2806894000050038662154f, 88
1652706620.267107, sdrt-health/mac:02010b41cdec/antenna/tag/e2806894000050038661fd4f, 86
1652706620.267451, sdrt-health/mac:02010b41cdec/antenna/tag/e2806894000040038662114f, 91
1652706620.277313, sdrt-health/mac:02010b41cdec/antenna/tag/e2806894000050038662154f, 88
1652706620.355732, sdrt-health/mac:02010b41cdec/antenna/tag/e2806894000050038662154f, 85
1652706620.40313, sdrt-health/mac:02010b41cdec/antenna/tag/e2806894000040038662114f, 88
1652706620.462413, sdrt-health/mac:02010b41cdec/antenna/tag/e28068940000400386621d4f, 90
1652706620.462804, sdrt-health/mac:02010b41cdec/antenna/tag/e28068940000500386620d4f, 83
1652706620.47709, sdrt-health/mac:02010b41cdec/antenna/tag/e28068940000400386621d4f, 77
1652706620.487021, sdrt-health/mac:02010b41cdec/antenna/tag/e2806894000040038662114f, 85
1652706620.527092, sdrt-health/mac:02010b41cdec/antenna/tag/e28068940000400386621d4f, 77
1652706620.567594, sdrt-health/mac:02010b41cdec/antenna/tag/e2806894000050038661fd4f, 86
1652706620.606661, sdrt-health/mac:02010b41cdec/antenna/tag/e2806894000050038662154f, 88
1652706620.659745, sdrt-health/mac:02010b41cdec/antenna/tag/e2806894000040038662114f, 88
1652706620.660183, sdrt-health/mac:02010b41cdec/antenna/tag/e2806894000050038662154f, 88
1652706620.684853, sdrt-health/mac:02010b41cdec/antenna/tag/e28068940000500386620d4f, 81
1652706620.727462, sdrt-health/mac:02010b41cdec/antenna/tag/e2806894000040038662114f, 85
1652706620.779649, sdrt-health/mac:02010b41cdec/antenna/tag/e28068940000400386621d4f, 96
1652706620.780185, sdrt-health/mac:02010b41cdec/antenna/tag/e28068940000500386620d4f, 83
1652706620.794336, sdrt-health/mac:02010b41cdec/antenna/tag/e2806894000040038662114f, 85
1652706620.806347, sdrt-health/mac:02010b41cdec/antenna/tag/e2806894000040038662114f, 85
1652706620.877535, sdrt-health/mac:02010b41cdec/antenna/tag/e28068940000500386620d4f, 83
1652706620.920414, sdrt-health/mac:02010b41cdec/antenna/tag/e2806894000050038661fd4f, 83
1652706620.96998, sdrt-health/mac:02010b41cdec/antenna/tag/e2806894000040038662114f, 85
1652706620.970499, sdrt-health/mac:02010b41cdec/antenna/tag/e2806894000040038662114f, 85
1652706620.996493, sdrt-health/mac:02010b41cdec/antenna/tag/e2806894000050038662154f, 91
1652706621.050533, sdrt-health/mac:02010b41cdec/antenna/tag/e28068940000500386620d4f, 83
1652706621.050987, sdrt-health/mac:02010b41cdec/antenna/tag/e2806894000050038661fd4f, 83
1652706621.051269, sdrt-health/mac:02010b41cdec/antenna/tag/e28068940000400386621d4f, 96
1652706621.051547, sdrt-health/mac:02010b41cdec/antenna/tag/e2806894000050038661fd4f, 83
1652706621.076057, sdrt-health/mac:02010b41cdec/antenna/tag/e2806894000050038661fd4f, 86
1652706621.126195, sdrt-health/mac:02010b41cdec/antenna/tag/e28068940000400386621d4f, 96
1652706621.127095, sdrt-health/mac:02010b41cdec/antenna/tag/e2806894000040038662114f, 88
1652706621.1661, sdrt-health/mac:02010b41cdec/antenna/tag/e2806894000050038662154f, 91
1652706621.221452, sdrt-health/mac:02010b41cdec/antenna/tag/e28068940000500386620d4f, 83
1652706621.222002, sdrt-health/mac:02010b41cdec/antenna/tag/e28068940000500386620d4f, 81
1652706621.246315, sdrt-health/mac:02010b41cdec/antenna/tag/e28068940000500386620d4f, 81
1652706621.301858, sdrt-health/mac:02010b41cdec/antenna/tag/e2806894000040038662114f, 88
1652706621.302333, sdrt-health/mac:02010b41cdec/antenna/tag/e28068940000500386620d4f, 81
1652706621.316336, sdrt-health/mac:02010b41cdec/antenna/tag/e28068940000400386621d4f, 96
1652706621.357333, sdrt-health/mac:02010b41cdec/antenna/tag/e2806894000040038662114f, 85
1652706621.396623, sdrt-health/mac:02010b41cdec/antenna/tag/e2806894000050038662154f, 85
1652706621.450734, sdrt-health/mac:02010b41cdec/antenna/tag/e2806894000050038662154f, 88
1652706621.451197, sdrt-health/mac:02010b41cdec/antenna/tag/e2806894000050038662194f, 94
1652706621.48569, sdrt-health/mac:02010b41cdec/antenna/tag/e28068940000400386621d4f, 96
1652706621.525817, sdrt-health/mac:02010b41cdec/antenna/tag/e28068940000400386621d4f, 90
1652706621.526497, sdrt-health/mac:02010b41cdec/antenna/tag/e2806894000050038662154f, 91
1652706621.574496, sdrt-health/mac:02010b41cdec/antenna/tag/e2806894000040038662114f, 88
1652706621.617445, sdrt-health/mac:02010b41cdec/antenna/tag/e2806894000050038662154f, 88
1652706621.67011, sdrt-health/mac:02010b41cdec/antenna/tag/e2806894000050038662154f, 88
1652706621.670608, sdrt-health/mac:02010b41cdec/antenna/tag/e2806894000050038661fd4f, 86
1652706621.696823, sdrt-health/mac:02010b41cdec/antenna/tag/e2806894000050038661fd4f, 83
1652706621.736689, sdrt-health/mac:02010b41cdec/antenna/tag/e28068940000400386621d4f, 96
1652706621.784239, sdrt-health/mac:02010b41cdec/antenna/tag/e2806894000050038661fd4f, 83
1652706621.82727, sdrt-health/mac:02010b41cdec/antenna/tag/e2806894000050038662154f, 85
1652706621.888435, sdrt-health/mac:02010b41cdec/antenna/tag/e2806894000050038661fd4f, 83
1652706621.888903, sdrt-health/mac:02010b41cdec/antenna/tag/e2806894000050038662194f, 94
1652706621.924822, sdrt-health/mac:02010b41cdec/antenna/tag/e2806894000050038662154f, 85
1652706621.966224, sdrt-health/mac:02010b41cdec/antenna/tag/e2806894000050038662194f, 81
1652706622.005184, sdrt-health/mac:02010b41cdec/antenna/tag/e2806894000050038661fd4f, 83
1652706622.057275, sdrt-health/mac:02010b41cdec/antenna/tag/e2806894000050038662154f, 88
1652706622.135504, sdrt-health/mac:02010b41cdec/antenna/tag/e2806894000050038662154f, 88
1652706622.187693, sdrt-health/mac:02010b41cdec/antenna/tag/e2806894000040038662114f, 88
1652706622.258859, sdrt-health/mac:02010b41cdec/antenna/tag/e2806894000050038661fd4f, 83
1652706622.259407, sdrt-health/mac:02010b41cdec/antenna/tag/e2806894000050038662194f, 94
1652706622.285923, sdrt-health/mac:02010b41cdec/antenna/tag/e2806894000040038662114f, 91
1652706622.325763, sdrt-health/mac:02010b41cdec/antenna/tag/e2806894000050038662154f, 88
1652706622.353355, sdrt-health/mac:02010b41cdec/antenna/tag/e28068940000400386621d4f, 90
1652706622.353747, sdrt-health/mac:02010b41cdec/antenna/tag/e2806894000050038661fd4f, 86
1652706622.366937, sdrt-health/mac:02010b41cdec/antenna/tag/e2806894000050038661fd4f, 83
1652706622.406455, sdrt-health/mac:02010b41cdec/antenna/tag/e28068940000400386621d4f, 77
1652706622.459318, sdrt-health/mac:02010b41cdec/antenna/tag/e2806894000050038661fd4f, 83
1652706622.459758, sdrt-health/mac:02010b41cdec/antenna/tag/e2806894000050038662194f, 81
1652706622.485398, sdrt-health/mac:02010b41cdec/antenna/tag/e2806894000050038661fd4f, 83
1652706622.525847, sdrt-health/mac:02010b41cdec/antenna/tag/e2806894000050038661fd4f, 83
1652706622.584719, sdrt-health/mac:02010b41cdec/antenna/tag/e2806894000050038661fd4f, 86
1652706622.585184, sdrt-health/mac:02010b41cdec/antenna/tag/e2806894000050038662194f, 81
1652706622.617282, sdrt-health/mac:02010b41cdec/antenna/tag/e2806894000040038661f94f, 94
1652706622.654654, sdrt-health/mac:02010b41cdec/antenna/tag/e2806894000040038662114f, 91
1652706622.695877, sdrt-health/mac:02010b41cdec/antenna/tag/e2806894000050038661fd4f, 83
1652706622.749769, sdrt-health/mac:02010b41cdec/antenna/tag/e28068940000400386621d4f, 90
1652706622.750273, sdrt-health/mac:02010b41cdec/antenna/tag/e28068940000500386620d4f, 83
1652706622.763512, sdrt-health/mac:02010b41cdec/antenna/tag/e2806894000050038662154f, 91
1652706622.776086, sdrt-health/mac:02010b41cdec/antenna/tag/e2806894000050038662154f, 88
1652706622.816098, sdrt-health/mac:02010b41cdec/antenna/tag/e2806894000050038662154f, 85
1652706622.869266, sdrt-health/mac:02010b41cdec/antenna/tag/e2806894000050038662194f, 81
1652706622.869748, sdrt-health/mac:02010b41cdec/antenna/tag/e2806894000050038661fd4f, 83
1652706622.895604, sdrt-health/mac:02010b41cdec/antenna/tag/e2806894000050038661fd4f, 83
1652706622.949671, sdrt-health/mac:02010b41cdec/antenna/tag/e2806894000040038662114f, 88
1652706622.950146, sdrt-health/mac:02010b41cdec/antenna/tag/e2806894000050038662194f, 81
1652706622.98331, sdrt-health/mac:02010b41cdec/antenna/tag/e2806894000050038662154f, 91
1652706623.041778, sdrt-health/mac:02010b41cdec/antenna/tag/e2806894000050038662154f, 88
1652706623.042069, sdrt-health/mac:02010b41cdec/antenna/tag/e2806894000050038662154f, 85
1652706623.057108, sdrt-health/mac:02010b41cdec/antenna/tag/e2806894000050038661fd4f, 83
1652706623.096305, sdrt-health/mac:02010b41cdec/antenna/tag/e2806894000050038662194f, 84
1652706623.1365, sdrt-health/mac:02010b41cdec/antenna/tag/e28068940000500386620d4f, 81
1652706623.175245, sdrt-health/mac:02010b41cdec/antenna/tag/e2806894000050038662154f, 85
1652706623.215381, sdrt-health/mac:02010b41cdec/antenna/tag/e28068940000400386621d4f, 96
1652706623.275561, sdrt-health/mac:02010b41cdec/antenna/tag/e28068940000400386621d4f, 77
1652706623.316316, sdrt-health/mac:02010b41cdec/antenna/tag/e2806894000050038662154f, 85
1652706623.316817, sdrt-health/mac:02010b41cdec/antenna/tag/e2806894000050038662154f, 85
1652706623.359063, sdrt-health/mac:02010b41cdec/antenna/tag/e2806894000050038662194f, 81
1652706623.452526, sdrt-health/mac:02010b41cdec/antenna/tag/e2806894000050038661fd4f, 83
1652706623.452985, sdrt-health/mac:02010b41cdec/antenna/tag/e2806894000050038661fd4f, 83
1652706623.477413, sdrt-health/mac:02010b41cdec/antenna/tag/e2806894000040038662114f, 88
1652706623.524272, sdrt-health/mac:02010b41cdec/antenna/tag/e2806894000050038662154f, 88
1652706623.525277, sdrt-health/mac:02010b41cdec/antenna/tag/e2806894000050038662194f, 81
1652706623.575952, sdrt-health/mac:02010b41cdec/antenna/tag/e2806894000050038662194f, 81
1652706623.631037, sdrt-health/mac:02010b41cdec/antenna/tag/e2806894000050038662154f, 88
1652706623.6315, sdrt-health/mac:02010b41cdec/antenna/tag/e2806894000050038662154f, 85
1652706623.631845, sdrt-health/mac:02010b41cdec/antenna/tag/e2806894000050038661fd4f, 83
1652706623.646038, sdrt-health/mac:02010b41cdec/antenna/tag/e28068940000500386620d4f, 88
1652706623.69548, sdrt-health/mac:02010b41cdec/antenna/tag/e28068940000400386621d4f, 90
1652706623.795971, sdrt-health/mac:02010b41cdec/antenna/tag/e2806894000050038662154f, 91
1652706623.855924, sdrt-health/mac:02010b41cdec/antenna/tag/e2806894000040038662114f, 88
1652706623.908384, sdrt-health/mac:02010b41cdec/antenna/tag/e28068940000400386621d4f, 90
1652706623.90889, sdrt-health/mac:02010b41cdec/antenna/tag/e2806894000040038662114f, 91
1652706623.922189, sdrt-health/mac:02010b41cdec/antenna/tag/e2806894000050038662154f, 88
1652706623.943942, sdrt-health/mac:02010b41cdec/antenna/tag/e28068940000400386621d4f, 96
1652706624.010338, sdrt-health/mac:02010b41cdec/antenna/tag/e28068940000400386621d4f, 77
1652706624.010798, sdrt-health/mac:02010b41cdec/antenna/tag/e2806894000050038661fd4f, 83
1652706624.035923, sdrt-health/mac:02010b41cdec/antenna/tag/e2806894000050038661fd4f, 97
1652706624.076123, sdrt-health/mac:02010b41cdec/antenna/tag/e2806894000050038661fd4f, 86
1652706624.115893, sdrt-health/mac:02010b41cdec/antenna/tag/e2806894000040038662114f, 85
1652706624.1439, sdrt-health/mac:02010b41cdec/antenna/tag/e2806894000050038661fd4f, 86
1652706624.144152, sdrt-health/mac:02010b41cdec/antenna/tag/e28068940000400386621d4f, 90
1652706624.157906, sdrt-health/mac:02010b41cdec/antenna/tag/e2806894000040038662114f, 88
1652706624.195321, sdrt-health/mac:02010b41cdec/antenna/tag/e2806894000040038662114f, 88
1652706624.335461, sdrt-health/mac:02010b41cdec/antenna/tag/e2806894000050038661fd4f, 86
1652706624.336565, sdrt-health/mac:02010b41cdec/antenna/tag/e28068940000400386621d4f, 90
1652706624.387931, sdrt-health/mac:02010b41cdec/antenna/tag/e2806894000040038662114f, 88
1652706624.416776, sdrt-health/mac:02010b41cdec/antenna/tag/e2806894000050038661fd4f, 83
1652706624.417336, sdrt-health/mac:02010b41cdec/antenna/tag/e2806894000050038661fd4f, 83
1652706624.41768, sdrt-health/mac:02010b41cdec/antenna/tag/e2806894000040038662114f, 85
1652706624.418021, sdrt-health/mac:02010b41cdec/antenna/tag/e2806894000050038662154f, 85
1652706624.430575, sdrt-health/mac:02010b41cdec/antenna/tag/e2806894000050038661fd4f, 83
1652706624.474026, sdrt-health/mac:02010b41cdec/antenna/tag/e2806894000050038661fd4f, 83
1652706624.531104, sdrt-health/mac:02010b41cdec/antenna/tag/e28068940000400386621d4f, 96
1652706624.531616, sdrt-health/mac:02010b41cdec/antenna/tag/e2806894000050038662194f, 83
1652706624.545612, sdrt-health/mac:02010b41cdec/antenna/tag/e2806894000050038661fd4f, 83
1652706624.563592, sdrt-health/mac:02010b41cdec/antenna/tag/e2806894000040038662114f, 85
1652706624.666481, sdrt-health/mac:02010b41cdec/antenna/tag/e2806894000040038662114f, 93
1652706624.715323, sdrt-health/mac:02010b41cdec/antenna/tag/e28068940000500386620d4f, 81
1652706624.755278, sdrt-health/mac:02010b41cdec/antenna/tag/e2806894000050038662154f, 88
1652706624.803443, sdrt-health/mac:02010b41cdec/antenna/tag/e2806894000050038661fd4f, 83
1652706624.860412, sdrt-health/mac:02010b41cdec/antenna/tag/e28068940000400386621d4f, 96
1652706624.860903, sdrt-health/mac:02010b41cdec/antenna/tag/e2806894000040038662054f, 82
1652706624.885596, sdrt-health/mac:02010b41cdec/antenna/tag/e28068940000400386621d4f, 90
1652706624.925175, sdrt-health/mac:02010b41cdec/antenna/tag/e2806894000040038662114f, 85
1652706624.973253, sdrt-health/mac:02010b41cdec/antenna/tag/e2806894000050038662154f, 91
1652706625.015981, sdrt-health/mac:02010b41cdec/antenna/tag/e2806894000050038661fd4f, 86
1652706625.070299, sdrt-health/mac:02010b41cdec/antenna/tag/e2806894000050038661fd4f, 83
1652706625.070844, sdrt-health/mac:02010b41cdec/antenna/tag/e28068940000500386620d4f, 94
1652706625.085299, sdrt-health/mac:02010b41cdec/antenna/tag/e28068940000400386621d4f, 96
1652706625.096087, sdrt-health/mac:02010b41cdec/antenna/tag/e28068940000400386621d4f, 90
1652706625.135989, sdrt-health/mac:02010b41cdec/antenna/tag/e28068940000400386621d4f, 90
1652706625.257694, sdrt-health/mac:02010b41cdec/antenna/tag/e2806894000050038662154f, 88
1652706625.258171, sdrt-health/mac:02010b41cdec/antenna/tag/e2806894000050038662154f, 91
1652706625.315574, sdrt-health/mac:02010b41cdec/antenna/tag/e28068940000400386621d4f, 96
1652706625.343567, sdrt-health/mac:02010b41cdec/antenna/tag/e2806894000050038662194f, 87
1652706625.344152, sdrt-health/mac:02010b41cdec/antenna/tag/e28068940000400386621d4f, 90
1652706625.38617, sdrt-health/mac:02010b41cdec/antenna/tag/e28068940000500386620d4f, 87
1652706625.433471, sdrt-health/mac:02010b41cdec/antenna/tag/e2806894000050038661fd4f, 83
1652706625.503104, sdrt-health/mac:02010b41cdec/antenna/tag/e28068940000500386620d4f, 83
1652706625.503478, sdrt-health/mac:02010b41cdec/antenna/tag/e28068940000400386621d4f, 96
1652706625.536104, sdrt-health/mac:02010b41cdec/antenna/tag/e2806894000050038662154f, 85
1652706625.591474, sdrt-health/mac:02010b41cdec/antenna/tag/e2806894000050038662194f, 83
1652706625.591938, sdrt-health/mac:02010b41cdec/antenna/tag/e2806894000050038661fd4f, 83
1652706625.609694, sdrt-health/mac:02010b41cdec/antenna/tag/e2806894000050038662194f, 81
1652706625.62387, sdrt-health/mac:02010b41cdec/antenna/tag/e2806894000050038662154f, 88
1652706625.666231, sdrt-health/mac:02010b41cdec/antenna/tag/e28068940000500386620d4f, 87
1652706625.696723, sdrt-health/mac:02010b41cdec/antenna/tag/e2806894000040038662114f, 85
1652706625.696967, sdrt-health/mac:02010b41cdec/antenna/tag/e2806894000050038661fd4f, 83
1652706625.711452, sdrt-health/mac:02010b41cdec/antenna/tag/e2806894000050038662154f, 88
1652706625.711695, sdrt-health/mac:02010b41cdec/antenna/tag/e28068940000500386620d4f, 87
1652706625.754863, sdrt-health/mac:02010b41cdec/antenna/tag/e28068940000400386621d4f, 96
1652706625.825395, sdrt-health/mac:02010b41cdec/antenna/tag/e2806894000040038662114f, 88
1652706625.865594, sdrt-health/mac:02010b41cdec/antenna/tag/e2806894000040038662114f, 88
1652706625.914503, sdrt-health/mac:02010b41cdec/antenna/tag/e2806894000040038662114f, 88
1652706625.943067, sdrt-health/mac:02010b41cdec/antenna/tag/e28068940000500386620d4f, 83
1652706625.943575, sdrt-health/mac:02010b41cdec/antenna/tag/e2806894000050038662154f, 88
1652706625.943979, sdrt-health/mac:02010b41cdec/antenna/tag/e2806894000040038662114f, 85
1652706625.975344, sdrt-health/mac:02010b41cdec/antenna/tag/e28068940000400386621d4f, 90
1652706626.041865, sdrt-health/mac:02010b41cdec/antenna/tag/e2806894000050038662154f, 91
1652706626.042349, sdrt-health/mac:02010b41cdec/antenna/tag/e2806894000050038661fd4f, 97
1652706626.042754, sdrt-health/mac:02010b41cdec/antenna/tag/e2806894000050038661fd4f, 83
1652706626.070668, sdrt-health/mac:02010b41cdec/antenna/tag/e2806894000050038662154f, 91
1652706626.159819, sdrt-health/mac:02010b41cdec/antenna/tag/e2806894000050038661fd4f, 86
1652706626.160071, sdrt-health/mac:02010b41cdec/antenna/tag/e28068940000500386620d4f, 81
1652706626.204976, sdrt-health/mac:02010b41cdec/antenna/tag/e2806894000050038661fd4f, 86
1652706626.262223, sdrt-health/mac:02010b41cdec/antenna/tag/e28068940000500386620d4f, 94
1652706626.26275, sdrt-health/mac:02010b41cdec/antenna/tag/e2806894000040038662114f, 85
1652706626.277686, sdrt-health/mac:02010b41cdec/antenna/tag/e2806894000050038662154f, 91
1652706626.306966, sdrt-health/mac:02010b41cdec/antenna/tag/e2806894000050038661fd4f, 83
1652706626.348566, sdrt-health/mac:02010b41cdec/antenna/tag/e2806894000050038662154f, 88
1652706626.379898, sdrt-health/mac:02010b41cdec/antenna/tag/e28068940000500386620d4f, 83
1652706626.380111, sdrt-health/mac:02010b41cdec/antenna/tag/e2806894000050038661fd4f, 83
1652706626.39552, sdrt-health/mac:02010b41cdec/antenna/tag/e2806894000050038661fd4f, 83
1652706626.426906, sdrt-health/mac:02010b41cdec/antenna/tag/e2806894000040038662114f, 85
1652706626.480359, sdrt-health/mac:02010b41cdec/antenna/tag/e2806894000050038662154f, 85
1652706626.480872, sdrt-health/mac:02010b41cdec/antenna/tag/e28068940000500386620d4f, 81
1652706626.50621, sdrt-health/mac:02010b41cdec/antenna/tag/e2806894000040038662114f, 85
1652706626.561914, sdrt-health/mac:02010b41cdec/antenna/tag/e2806894000040038662114f, 88
1652706626.562363, sdrt-health/mac:02010b41cdec/antenna/tag/e2806894000040038662114f, 85
1652706626.586664, sdrt-health/mac:02010b41cdec/antenna/tag/e2806894000050038661fd4f, 97
1652706626.642436, sdrt-health/mac:02010b41cdec/antenna/tag/e28068940000400386621d4f, 90
1652706626.642887, sdrt-health/mac:02010b41cdec/antenna/tag/e28068940000400386621d4f, 90
1652706626.657714, sdrt-health/mac:02010b41cdec/antenna/tag/e28068940000400386621d4f, 96
1652706626.686013, sdrt-health/mac:02010b41cdec/antenna/tag/e2806894000050038662154f, 85
1652706626.686393, sdrt-health/mac:02010b41cdec/antenna/tag/e28068940000400386621d4f, 90
1652706626.686747, sdrt-health/mac:02010b41cdec/antenna/tag/e2806894000050038662154f, 88
1652706626.705858, sdrt-health/mac:02010b41cdec/antenna/tag/e2806894000050038661fd4f, 83
1652706626.736035, sdrt-health/mac:02010b41cdec/antenna/tag/e2806894000040038662114f, 88
1652706626.736333, sdrt-health/mac:02010b41cdec/antenna/tag/e2806894000040038662114f, 91
1652706626.786053, sdrt-health/mac:02010b41cdec/antenna/tag/e2806894000050038662154f, 88
1652706626.82841, sdrt-health/mac:02010b41cdec/antenna/tag/e2806894000050038661fd4f, 86
1652706626.857823, sdrt-health/mac:02010b41cdec/antenna/tag/e28068940000400386621d4f, 90
1652706626.858193, sdrt-health/mac:02010b41cdec/antenna/tag/e2806894000040038662114f, 91
1652706626.871585, sdrt-health/mac:02010b41cdec/antenna/tag/e2806894000050038661fd4f, 86
1652706626.872043, sdrt-health/mac:02010b41cdec/antenna/tag/e2806894000040038662114f, 91
1652706626.872438, sdrt-health/mac:02010b41cdec/antenna/tag/e2806894000050038661fd4f, 86
1652706626.906084, sdrt-health/mac:02010b41cdec/antenna/tag/e2806894000050038661fd4f, 86
1652706626.946223, sdrt-health/mac:02010b41cdec/antenna/tag/e2806894000050038661fd4f, 83
1652706626.986955, sdrt-health/mac:02010b41cdec/antenna/tag/e28068940000500386620d4f, 81
1652706627.026993, sdrt-health/mac:02010b41cdec/antenna/tag/e2806894000050038661fd4f, 83
1652706627.081658, sdrt-health/mac:02010b41cdec/antenna/tag/e28068940000500386620d4f, 81
1652706627.082125, sdrt-health/mac:02010b41cdec/antenna/tag/e28068940000500386620d4f, 81
1652706627.096653, sdrt-health/mac:02010b41cdec/antenna/tag/e2806894000050038662154f, 88
1652706627.106483, sdrt-health/mac:02010b41cdec/antenna/tag/e2806894000050038661fd4f, 83
1652706627.144922, sdrt-health/mac:02010b41cdec/antenna/tag/e28068940000400386621d4f, 96
1652706627.231427, sdrt-health/mac:02010b41cdec/antenna/tag/e2806894000040038662114f, 85
1652706627.231892, sdrt-health/mac:02010b41cdec/antenna/tag/e2806894000050038662154f, 88
1652706627.266241, sdrt-health/mac:02010b41cdec/antenna/tag/e2806894000050038662154f, 91
1652706627.324832, sdrt-health/mac:02010b41cdec/antenna/tag/e2806894000050038661fd4f, 83
1652706627.365407, sdrt-health/mac:02010b41cdec/antenna/tag/e28068940000500386620d4f, 81
1652706627.407159, sdrt-health/mac:02010b41cdec/antenna/tag/e2806894000050038661fd4f, 83
1652706627.515591, sdrt-health/mac:02010b41cdec/antenna/tag/e28068940000500386620d4f, 83
1652706627.566136, sdrt-health/mac:02010b41cdec/antenna/tag/e2806894000040038662114f, 88
1652706627.614646, sdrt-health/mac:02010b41cdec/antenna/tag/e2806894000040038662114f, 85
1652706627.682178, sdrt-health/mac:02010b41cdec/antenna/tag/e2806894000050038661fd4f, 86
1652706627.682677, sdrt-health/mac:02010b41cdec/antenna/tag/e28068940000500386620d4f, 81
1652706627.706262, sdrt-health/mac:02010b41cdec/antenna/tag/e2806894000040038662114f, 88
1652706627.755731, sdrt-health/mac:02010b41cdec/antenna/tag/e2806894000050038661fd4f, 86
1652706627.796675, sdrt-health/mac:02010b41cdec/antenna/tag/e28068940000500386620d4f, 81
1652706627.836694, sdrt-health/mac:02010b41cdec/antenna/tag/e2806894000050038662194f, 81
1652706627.876423, sdrt-health/mac:02010b41cdec/antenna/tag/e28068940000400386621d4f, 96
1652706627.932237, sdrt-health/mac:02010b41cdec/antenna/tag/e2806894000040038662114f, 88
1652706627.932699, sdrt-health/mac:02010b41cdec/antenna/tag/e2806894000040038662114f, 85
1652706627.948053, sdrt-health/mac:02010b41cdec/antenna/tag/e28068940000400386621d4f, 96
1652706627.957071, sdrt-health/mac:02010b41cdec/antenna/tag/e28068940000400386621d4f, 90
1652706627.996294, sdrt-health/mac:02010b41cdec/antenna/tag/e2806894000040038662114f, 88
1652706628.061031, sdrt-health/mac:02010b41cdec/antenna/tag/e28068940000400386621d4f, 96
1652706628.061485, sdrt-health/mac:02010b41cdec/antenna/tag/e2806894000050038662154f, 88
1652706628.061872, sdrt-health/mac:02010b41cdec/antenna/tag/e2806894000040038662114f, 88
1652706628.075844, sdrt-health/mac:02010b41cdec/antenna/tag/e28068940000400386621d4f, 90
1652706628.105895, sdrt-health/mac:02010b41cdec/antenna/tag/e2806894000050038661fd4f, 86
1652706628.136254, sdrt-health/mac:02010b41cdec/antenna/tag/e2806894000040038662114f, 85
1652706628.136507, sdrt-health/mac:02010b41cdec/antenna/tag/e2806894000050038661fd4f, 83
1652706628.157686, sdrt-health/mac:02010b41cdec/antenna/tag/e2806894000040038662114f, 88
1652706628.186816, sdrt-health/mac:02010b41cdec/antenna/tag/e28068940000400386621d4f, 90
1652706628.187097, sdrt-health/mac:02010b41cdec/antenna/tag/e2806894000050038661fd4f, 86
1652706628.187426, sdrt-health/mac:02010b41cdec/antenna/tag/e2806894000050038662154f, 88
1652706628.201506, sdrt-health/mac:02010b41cdec/antenna/tag/e2806894000050038661fd4f, 83
1652706628.23671, sdrt-health/mac:02010b41cdec/antenna/tag/e2806894000040038662114f, 85
1652706628.276222, sdrt-health/mac:02010b41cdec/antenna/tag/e28068940000500386620d4f, 94
1652706628.323662, sdrt-health/mac:02010b41cdec/antenna/tag/e2806894000050038661fd4f, 83
1652706628.406502, sdrt-health/mac:02010b41cdec/antenna/tag/e28068940000500386620d4f, 88
1652706628.446563, sdrt-health/mac:02010b41cdec/antenna/tag/e28068940000400386621d4f, 96
1652706628.486737, sdrt-health/mac:02010b41cdec/antenna/tag/e28068940000400386621d4f, 96
1652706628.534716, sdrt-health/mac:02010b41cdec/antenna/tag/e2806894000050038662154f, 88
1652706628.587891, sdrt-health/mac:02010b41cdec/antenna/tag/e28068940000500386620d4f, 87
1652706628.617774, sdrt-health/mac:02010b41cdec/antenna/tag/e28068940000500386620d4f, 93
1652706628.618108, sdrt-health/mac:02010b41cdec/antenna/tag/e2806894000050038662154f, 85
1652706628.632517, sdrt-health/mac:02010b41cdec/antenna/tag/e2806894000050038662154f, 88
1652706628.632792, sdrt-health/mac:02010b41cdec/antenna/tag/e28068940000500386620d4f, 87
1652706628.67503, sdrt-health/mac:02010b41cdec/antenna/tag/e28068940000500386620d4f, 83
1652706628.731194, sdrt-health/mac:02010b41cdec/antenna/tag/e2806894000040038662114f, 88
1652706628.731691, sdrt-health/mac:02010b41cdec/antenna/tag/e2806894000050038662154f, 88
1652706628.746119, sdrt-health/mac:02010b41cdec/antenna/tag/e28068940000500386620d4f, 83
1652706628.789765, sdrt-health/mac:02010b41cdec/antenna/tag/e2806894000040038662114f, 88
1652706628.790298, sdrt-health/mac:02010b41cdec/antenna/tag/e2806894000050038662154f, 88
1652706628.822166, sdrt-health/mac:02010b41cdec/antenna/tag/e2806894000050038661fd4f, 83
1652706628.871017, sdrt-health/mac:02010b41cdec/antenna/tag/e2806894000050038662154f, 88
1652706628.87125, sdrt-health/mac:02010b41cdec/antenna/tag/e2806894000050038662194f, 81
1652706628.897213, sdrt-health/mac:02010b41cdec/antenna/tag/e2806894000050038662194f, 88
1652706628.959618, sdrt-health/mac:02010b41cdec/antenna/tag/e28068940000400386621d4f, 77
1652706628.959989, sdrt-health/mac:02010b41cdec/antenna/tag/e2806894000050038662194f, 81
1652706628.974512, sdrt-health/mac:02010b41cdec/antenna/tag/e2806894000050038661fd4f, 83
1652706628.986914, sdrt-health/mac:02010b41cdec/antenna/tag/e2806894000050038662194f, 81
1652706628.989819, sdrt-health/mac:02010b41cdec/antenna/tag/e2806894000050038661fd4f, 83
1652706629.027646, sdrt-health/mac:02010b41cdec/antenna/tag/e2806894000050038662194f, 83
1652706629.081696, sdrt-health/mac:02010b41cdec/antenna/tag/e2806894000050038661fd4f, 86
1652706629.082147, sdrt-health/mac:02010b41cdec/antenna/tag/e2806894000050038662194f, 81
1652706629.0964, sdrt-health/mac:02010b41cdec/antenna/tag/e2806894000050038661fd4f, 83
1652706629.113132, sdrt-health/mac:02010b41cdec/antenna/tag/e2806894000050038661fd4f, 86
1652706629.180939, sdrt-health/mac:02010b41cdec/antenna/tag/e2806894000050038662194f, 94
1652706629.181505, sdrt-health/mac:02010b41cdec/antenna/tag/e2806894000050038661fd4f, 83
1652706629.195161, sdrt-health/mac:02010b41cdec/antenna/tag/e2806894000040038662114f, 85
1652706629.216264, sdrt-health/mac:02010b41cdec/antenna/tag/e28068940000500386620d4f, 81
1652706629.271266, sdrt-health/mac:02010b41cdec/antenna/tag/e28068940000500386620d4f, 81
1652706629.271735, sdrt-health/mac:02010b41cdec/antenna/tag/e28068940000400386621d4f, 96
1652706629.285404, sdrt-health/mac:02010b41cdec/antenna/tag/e28068940000400386621d4f, 96
1652706629.303616, sdrt-health/mac:02010b41cdec/antenna/tag/e2806894000050038662194f, 81
1652706629.371507, sdrt-health/mac:02010b41cdec/antenna/tag/e2806894000040038662114f, 93
1652706629.372002, sdrt-health/mac:02010b41cdec/antenna/tag/e2806894000050038662194f, 94
1652706629.38688, sdrt-health/mac:02010b41cdec/antenna/tag/e2806894000050038662194f, 81
1652706629.397446, sdrt-health/mac:02010b41cdec/antenna/tag/e2806894000050038662194f, 83
1652706629.448019, sdrt-health/mac:02010b41cdec/antenna/tag/e2806894000050038661fd4f, 83
1652706629.494463, sdrt-health/mac:02010b41cdec/antenna/tag/e28068940000400386621d4f, 90
1652706629.560611, sdrt-health/mac:02010b41cdec/antenna/tag/e2806894000040038662114f, 88
1652706629.561077, sdrt-health/mac:02010b41cdec/antenna/tag/e28068940000400386621d4f, 96
1652706629.575246, sdrt-health/mac:02010b41cdec/antenna/tag/e2806894000050038662154f, 85
1652706629.605018, sdrt-health/mac:02010b41cdec/antenna/tag/e2806894000050038661fd4f, 83
1652706629.636311, sdrt-health/mac:02010b41cdec/antenna/tag/e2806894000040038662114f, 85
1652706629.636659, sdrt-health/mac:02010b41cdec/antenna/tag/e2806894000050038661fd4f, 83
1652706629.65725, sdrt-health/mac:02010b41cdec/antenna/tag/e28068940000500386620d4f, 83
1652706629.714601, sdrt-health/mac:02010b41cdec/antenna/tag/e2806894000050038662154f, 88
1652706629.715071, sdrt-health/mac:02010b41cdec/antenna/tag/e2806894000050038662194f, 83
1652706629.730092, sdrt-health/mac:02010b41cdec/antenna/tag/e2806894000050038661fd4f, 83
1652706629.730586, sdrt-health/mac:02010b41cdec/antenna/tag/e28068940000400386621d4f, 96
1652706629.730954, sdrt-health/mac:02010b41cdec/antenna/tag/e2806894000050038662194f, 81
1652706629.74732, sdrt-health/mac:02010b41cdec/antenna/tag/e2806894000050038662194f, 81
1652706629.785531, sdrt-health/mac:02010b41cdec/antenna/tag/e2806894000050038662194f, 81
1652706629.826575, sdrt-health/mac:02010b41cdec/antenna/tag/e2806894000050038661fd4f, 83
1652706629.882012, sdrt-health/mac:02010b41cdec/antenna/tag/e2806894000050038662154f, 88
1652706629.882476, sdrt-health/mac:02010b41cdec/antenna/tag/e2806894000050038662194f, 81
1652706629.936635, sdrt-health/mac:02010b41cdec/antenna/tag/e2806894000050038662154f, 85
1652706629.995943, sdrt-health/mac:02010b41cdec/antenna/tag/e2806894000040038662114f, 88
1652706630.052435, sdrt-health/mac:02010b41cdec/antenna/tag/e28068940000400386621d4f, 96
1652706630.052873, sdrt-health/mac:02010b41cdec/antenna/tag/e2806894000040038662114f, 85
1652706630.068263, sdrt-health/mac:02010b41cdec/antenna/tag/e2806894000050038662154f, 88
1652706630.068752, sdrt-health/mac:02010b41cdec/antenna/tag/e2806894000040038662114f, 85
1652706630.076177, sdrt-health/mac:02010b41cdec/antenna/tag/e2806894000050038662154f, 85
1652706630.082731, sdrt-health/mac:02010b41cdec/antenna/tag/e2806894000040038662114f, 88
1652706630.082985, sdrt-health/mac:02010b41cdec/antenna/tag/e2806894000050038661fd4f, 83
1652706630.140193, sdrt-health/mac:02010b41cdec/antenna/tag/e28068940000400386621d4f, 77
1652706630.211441, sdrt-health/mac:02010b41cdec/antenna/tag/e28068940000400386621d4f, 77
1652706630.211911, sdrt-health/mac:02010b41cdec/antenna/tag/e2806894000050038661fd4f, 83
1652706630.226534, sdrt-health/mac:02010b41cdec/antenna/tag/e2806894000050038661fd4f, 86
1652706630.235986, sdrt-health/mac:02010b41cdec/antenna/tag/e2806894000040038662114f, 91
1652706630.240471, sdrt-health/mac:02010b41cdec/antenna/tag/e2806894000050038661fd4f, 83
1652706630.27186, sdrt-health/mac:02010b41cdec/antenna/tag/e2806894000050038662154f, 88
1652706630.316126, sdrt-health/mac:02010b41cdec/antenna/tag/e2806894000050038662154f, 88
1652706630.357716, sdrt-health/mac:02010b41cdec/antenna/tag/e2806894000050038662154f, 88
1652706630.410012, sdrt-health/mac:02010b41cdec/antenna/tag/e2806894000040038662114f, 91
1652706630.410466, sdrt-health/mac:02010b41cdec/antenna/tag/e2806894000050038662194f, 84
1652706630.425335, sdrt-health/mac:02010b41cdec/antenna/tag/e2806894000050038662154f, 88
1652706630.475687, sdrt-health/mac:02010b41cdec/antenna/tag/e2806894000050038662154f, 88
1652706630.517692, sdrt-health/mac:02010b41cdec/antenna/tag/e2806894000050038662194f, 83
1652706630.556138, sdrt-health/mac:02010b41cdec/antenna/tag/e2806894000050038661fd4f, 86
1652706630.595482, sdrt-health/mac:02010b41cdec/antenna/tag/e2806894000050038661fd4f, 83
1652706630.626113, sdrt-health/mac:02010b41cdec/antenna/tag/e28068940000400386621d4f, 96
1652706630.626497, sdrt-health/mac:02010b41cdec/antenna/tag/e2806894000040038662114f, 88
1652706630.643734, sdrt-health/mac:02010b41cdec/antenna/tag/e2806894000050038662154f, 88
1652706630.71989, sdrt-health/mac:02010b41cdec/antenna/tag/e2806894000040038662114f, 88
1652706630.720348, sdrt-health/mac:02010b41cdec/antenna/tag/e2806894000050038662154f, 88
1652706630.747418, sdrt-health/mac:02010b41cdec/antenna/tag/e2806894000050038661fd4f, 83
1652706630.831701, sdrt-health/mac:02010b41cdec/antenna/tag/e2806894000040038662114f, 91
1652706630.832179, sdrt-health/mac:02010b41cdec/antenna/tag/e2806894000050038662154f, 85
1652706630.855015, sdrt-health/mac:02010b41cdec/antenna/tag/e2806894000040038662114f, 85
1652706630.896416, sdrt-health/mac:02010b41cdec/antenna/tag/e2806894000050038662194f, 94
1652706630.968616, sdrt-health/mac:02010b41cdec/antenna/tag/e2806894000040038662114f, 85
1652706630.969041, sdrt-health/mac:02010b41cdec/antenna/tag/e2806894000050038662154f, 88
1652706630.998716, sdrt-health/mac:02010b41cdec/antenna/tag/e2806894000040038662114f, 88
1652706631.029209, sdrt-health/mac:02010b41cdec/antenna/tag/e2806894000050038662154f, 88
1652706631.029516, sdrt-health/mac:02010b41cdec/antenna/tag/e2806894000050038661fd4f, 83
1652706631.053013, sdrt-health/mac:02010b41cdec/antenna/tag/e2806894000050038661fd4f, 83
1652706631.082156, sdrt-health/mac:02010b41cdec/antenna/tag/e28068940000400386621d4f, 96
1652706631.082413, sdrt-health/mac:02010b41cdec/antenna/tag/e2806894000050038662154f, 88
1652706631.0961, sdrt-health/mac:02010b41cdec/antenna/tag/e2806894000050038662154f, 85
1652706631.145144, sdrt-health/mac:02010b41cdec/antenna/tag/e2806894000050038662194f, 83
1652706631.187879, sdrt-health/mac:02010b41cdec/antenna/tag/e2806894000050038662194f, 83
1652706631.243243, sdrt-health/mac:02010b41cdec/antenna/tag/e2806894000050038661fd4f, 83
1652706631.243716, sdrt-health/mac:02010b41cdec/antenna/tag/e2806894000050038661fd4f, 83
1652706631.258165, sdrt-health/mac:02010b41cdec/antenna/tag/e28068940000400386621d4f, 96
1652706631.258563, sdrt-health/mac:02010b41cdec/antenna/tag/e2806894000050038662154f, 88
1652706631.258927, sdrt-health/mac:02010b41cdec/antenna/tag/e28068940000500386620d4f, 83
1652706631.273146, sdrt-health/mac:02010b41cdec/antenna/tag/e28068940000500386620d4f, 87
1652706631.306201, sdrt-health/mac:02010b41cdec/antenna/tag/e28068940000500386620d4f, 83
1652706631.346971, sdrt-health/mac:02010b41cdec/antenna/tag/e2806894000050038661fd4f, 83
1652706631.38677, sdrt-health/mac:02010b41cdec/antenna/tag/e2806894000050038662154f, 88
1652706631.440589, sdrt-health/mac:02010b41cdec/antenna/tag/e2806894000050038662194f, 83
1652706631.441086, sdrt-health/mac:02010b41cdec/antenna/tag/e2806894000050038662154f, 88
1652706631.441483, sdrt-health/mac:02010b41cdec/antenna/tag/e28068940000400386621d4f, 90
1652706631.467726, sdrt-health/mac:02010b41cdec/antenna/tag/e28068940000400386621d4f, 90
1652706631.506673, sdrt-health/mac:02010b41cdec/antenna/tag/e28068940000500386620d4f, 81
1652706631.547151, sdrt-health/mac:02010b41cdec/antenna/tag/e28068940000500386620d4f, 83
1652706631.578833, sdrt-health/mac:02010b41cdec/antenna/tag/e28068940000500386620d4f, 81
1652706631.579218, sdrt-health/mac:02010b41cdec/antenna/tag/e2806894000050038662154f, 88
1652706631.593528, sdrt-health/mac:02010b41cdec/antenna/tag/e28068940000500386620d4f, 83
1652706631.746309, sdrt-health/mac:02010b41cdec/antenna/tag/e2806894000050038662154f, 88
1652706631.787429, sdrt-health/mac:02010b41cdec/antenna/tag/e2806894000050038662194f, 85
1652706631.843539, sdrt-health/mac:02010b41cdec/antenna/tag/e28068940000400386621d4f, 90
1652706631.844044, sdrt-health/mac:02010b41cdec/antenna/tag/e2806894000050038661fd4f, 83
1652706631.859013, sdrt-health/mac:02010b41cdec/antenna/tag/e2806894000050038662194f, 93
1652706631.866866, sdrt-health/mac:02010b41cdec/antenna/tag/e28068940000500386620d4f, 83
1652706631.874309, sdrt-health/mac:02010b41cdec/antenna/tag/e28068940000400386621d4f, 96
1652706631.907263, sdrt-health/mac:02010b41cdec/antenna/tag/e2806894000040038662114f, 85
1652706631.964574, sdrt-health/mac:02010b41cdec/antenna/tag/e28068940000500386620d4f, 93
1652706631.965036, sdrt-health/mac:02010b41cdec/antenna/tag/e2806894000050038661fd4f, 83
1652706631.980097, sdrt-health/mac:02010b41cdec/antenna/tag/e28068940000400386621d4f, 96
1652706631.995084, sdrt-health/mac:02010b41cdec/antenna/tag/e28068940000400386621d4f, 96
1652706632.046202, sdrt-health/mac:02010b41cdec/antenna/tag/e2806894000040038662114f, 85
1652706632.095477, sdrt-health/mac:02010b41cdec/antenna/tag/e28068940000400386621d4f, 90
1652706632.145671, sdrt-health/mac:02010b41cdec/antenna/tag/e28068940000400386621d4f, 96
1652706632.187089, sdrt-health/mac:02010b41cdec/antenna/tag/e28068940000400386621d4f, 90
1652706632.216657, sdrt-health/mac:02010b41cdec/antenna/tag/e28068940000400386621d4f, 96
1652706632.217038, sdrt-health/mac:02010b41cdec/antenna/tag/e2806894000040038662114f, 85
1652706632.232421, sdrt-health/mac:02010b41cdec/antenna/tag/e2806894000050038661fd4f, 83
1652706632.266996, sdrt-health/mac:02010b41cdec/antenna/tag/e2806894000050038662154f, 91
1652706632.321847, sdrt-health/mac:02010b41cdec/antenna/tag/e2806894000050038662194f, 81
1652706632.322414, sdrt-health/mac:02010b41cdec/antenna/tag/e2806894000050038661fd4f, 86
1652706632.365701, sdrt-health/mac:02010b41cdec/antenna/tag/e2806894000040038662114f, 91
1652706632.434579, sdrt-health/mac:02010b41cdec/antenna/tag/e2806894000050038662154f, 88
1652706632.477286, sdrt-health/mac:02010b41cdec/antenna/tag/e2806894000050038661fd4f, 83
1652706632.541415, sdrt-health/mac:02010b41cdec/antenna/tag/e28068940000400386621d4f, 90
1652706632.542009, sdrt-health/mac:02010b41cdec/antenna/tag/e2806894000040038662114f, 88
1652706632.565831, sdrt-health/mac:02010b41cdec/antenna/tag/e28068940000400386621d4f, 96
1652706632.62249, sdrt-health/mac:02010b41cdec/antenna/tag/e2806894000040038662114f, 88
1652706632.622889, sdrt-health/mac:02010b41cdec/antenna/tag/e2806894000050038662154f, 88
1652706632.637487, sdrt-health/mac:02010b41cdec/antenna/tag/e2806894000040038662114f, 88
1652706632.64937, sdrt-health/mac:02010b41cdec/antenna/tag/e2806894000040038662114f, 88
1652706632.694146, sdrt-health/mac:02010b41cdec/antenna/tag/e2806894000050038662154f, 91
1652706632.751974, sdrt-health/mac:02010b41cdec/antenna/tag/e2806894000050038661fd4f, 86
1652706632.752534, sdrt-health/mac:02010b41cdec/antenna/tag/e28068940000500386620d4f, 83
1652706632.752928, sdrt-health/mac:02010b41cdec/antenna/tag/e2806894000050038661fd4f, 86
1652706632.76698, sdrt-health/mac:02010b41cdec/antenna/tag/e2806894000050038661fd4f, 86
1652706632.786044, sdrt-health/mac:02010b41cdec/antenna/tag/e2806894000050038661fd4f, 83
1652706632.836052, sdrt-health/mac:02010b41cdec/antenna/tag/e28068940000500386620d4f, 87
1652706632.891858, sdrt-health/mac:02010b41cdec/antenna/tag/e2806894000040038662114f, 85
1652706632.892327, sdrt-health/mac:02010b41cdec/antenna/tag/e2806894000040038662114f, 85
1652706632.906534, sdrt-health/mac:02010b41cdec/antenna/tag/e28068940000500386620d4f, 87
1652706632.917958, sdrt-health/mac:02010b41cdec/antenna/tag/e28068940000500386620d4f, 81
1652706632.921392, sdrt-health/mac:02010b41cdec/antenna/tag/e2806894000050038661fd4f, 83
1652706632.967641, sdrt-health/mac:02010b41cdec/antenna/tag/e2806894000040038662114f, 85
1652706633.005686, sdrt-health/mac:02010b41cdec/antenna/tag/e28068940000400386621d4f, 77
1652706633.006535, sdrt-health/mac:02010b41cdec/antenna/tag/e28068940000500386620d4f, 81
1652706633.064332, sdrt-health/mac:02010b41cdec/antenna/tag/e28068940000400386621d4f, 90
1652706633.100505, sdrt-health/mac:02010b41cdec/antenna/tag/e28068940000400386621d4f, 90
1652706633.151998, sdrt-health/mac:02010b41cdec/antenna/tag/e2806894000040038662114f, 85
1652706633.152236, sdrt-health/mac:02010b41cdec/antenna/tag/e2806894000050038662154f, 88
1652706633.195038, sdrt-health/mac:02010b41cdec/antenna/tag/e2806894000050038662154f, 88
1652706633.236656, sdrt-health/mac:02010b41cdec/antenna/tag/e2806894000050038661fd4f, 86
1652706633.28778, sdrt-health/mac:02010b41cdec/antenna/tag/e2806894000040038662114f, 91
1652706633.327174, sdrt-health/mac:02010b41cdec/antenna/tag/e2806894000050038662154f, 91
1652706633.381629, sdrt-health/mac:02010b41cdec/antenna/tag/e28068940000400386621d4f, 90
1652706633.382085, sdrt-health/mac:02010b41cdec/antenna/tag/e2806894000040038662114f, 88
1652706633.397673, sdrt-health/mac:02010b41cdec/antenna/tag/e2806894000050038661fd4f, 86
1652706633.405371, sdrt-health/mac:02010b41cdec/antenna/tag/e2806894000040038662114f, 88
1652706633.455715, sdrt-health/mac:02010b41cdec/antenna/tag/e2806894000040038662114f, 88
1652706633.513875, sdrt-health/mac:02010b41cdec/antenna/tag/e28068940000400386621d4f, 96
1652706633.514341, sdrt-health/mac:02010b41cdec/antenna/tag/e28068940000500386620d4f, 83
1652706633.514724, sdrt-health/mac:02010b41cdec/antenna/tag/e28068940000400386621d4f, 77
1652706633.515108, sdrt-health/mac:02010b41cdec/antenna/tag/e2806894000050038661fd4f, 83
1652706633.543984, sdrt-health/mac:02010b41cdec/antenna/tag/e2806894000040038662114f, 85
1652706633.5866, sdrt-health/mac:02010b41cdec/antenna/tag/e2806894000040038662114f, 88
1652706633.64001, sdrt-health/mac:02010b41cdec/antenna/tag/e28068940000400386621d4f, 96
1652706633.640501, sdrt-health/mac:02010b41cdec/antenna/tag/e2806894000050038662154f, 91
1652706633.654783, sdrt-health/mac:02010b41cdec/antenna/tag/e28068940000400386621d4f, 90
1652706633.669334, sdrt-health/mac:02010b41cdec/antenna/tag/e2806894000040038662114f, 85
1652706633.708954, sdrt-health/mac:02010b41cdec/antenna/tag/e28068940000400386621d4f, 96
1652706633.760217, sdrt-health/mac:02010b41cdec/antenna/tag/e2806894000040038662114f, 85
1652706633.76074, sdrt-health/mac:02010b41cdec/antenna/tag/e2806894000040038662114f, 88
1652706633.786674, sdrt-health/mac:02010b41cdec/antenna/tag/e2806894000050038662154f, 85
1652706633.826555, sdrt-health/mac:02010b41cdec/antenna/tag/e2806894000050038662154f, 88
1652706633.865911, sdrt-health/mac:02010b41cdec/antenna/tag/e2806894000050038662154f, 85
1652706633.920047, sdrt-health/mac:02010b41cdec/antenna/tag/e2806894000040038662114f, 85
1652706633.920768, sdrt-health/mac:02010b41cdec/antenna/tag/e28068940000400386621d4f, 77
1652706633.93508, sdrt-health/mac:02010b41cdec/antenna/tag/e2806894000040038662114f, 85
1652706633.956277, sdrt-health/mac:02010b41cdec/antenna/tag/e2806894000050038661fd4f, 83
1652706633.997153, sdrt-health/mac:02010b41cdec/antenna/tag/e28068940000500386620d4f, 93
1652706634.036453, sdrt-health/mac:02010b41cdec/antenna/tag/e28068940000400386621d4f, 96
1652706634.07684, sdrt-health/mac:02010b41cdec/antenna/tag/e28068940000400386621d4f, 96
1652706634.115487, sdrt-health/mac:02010b41cdec/antenna/tag/e2806894000050038662154f, 88
1652706634.166703, sdrt-health/mac:02010b41cdec/antenna/tag/e28068940000500386620d4f, 94
1652706634.222113, sdrt-health/mac:02010b41cdec/antenna/tag/e2806894000050038662154f, 91
1652706634.222551, sdrt-health/mac:02010b41cdec/antenna/tag/e28068940000400386621d4f, 96
1652706634.237557, sdrt-health/mac:02010b41cdec/antenna/tag/e2806894000050038661fd4f, 86
1652706634.276451, sdrt-health/mac:02010b41cdec/antenna/tag/e2806894000050038662154f, 88
1652706634.315993, sdrt-health/mac:02010b41cdec/antenna/tag/e2806894000050038661fd4f, 86
1652706634.357349, sdrt-health/mac:02010b41cdec/antenna/tag/e2806894000050038661fd4f, 83
1652706634.41187, sdrt-health/mac:02010b41cdec/antenna/tag/e28068940000400386621d4f, 96
1652706634.412329, sdrt-health/mac:02010b41cdec/antenna/tag/e2806894000050038662194f, 83
1652706634.426732, sdrt-health/mac:02010b41cdec/antenna/tag/e2806894000050038661fd4f, 83
1652706634.436191, sdrt-health/mac:02010b41cdec/antenna/tag/e2806894000040038662114f, 85
1652706634.486218, sdrt-health/mac:02010b41cdec/antenna/tag/e28068940000500386620d4f, 94
1652706634.52793, sdrt-health/mac:02010b41cdec/antenna/tag/e28068940000400386621d4f, 90
1652706634.566614, sdrt-health/mac:02010b41cdec/antenna/tag/e2806894000040038662114f, 88
1652706634.607699, sdrt-health/mac:02010b41cdec/antenna/tag/e2806894000050038661fd4f, 83
1652706634.662689, sdrt-health/mac:02010b41cdec/antenna/tag/e28068940000400386621d4f, 90
1652706634.663278, sdrt-health/mac:02010b41cdec/antenna/tag/e28068940000400386621d4f, 90
1652706634.678236, sdrt-health/mac:02010b41cdec/antenna/tag/e2806894000050038662154f, 91
1652706634.695687, sdrt-health/mac:02010b41cdec/antenna/tag/e28068940000400386621d4f, 90
1652706634.751262, sdrt-health/mac:02010b41cdec/antenna/tag/e2806894000050038661fd4f, 83
1652706634.751748, sdrt-health/mac:02010b41cdec/antenna/tag/e28068940000400386621d4f, 96
1652706634.777163, sdrt-health/mac:02010b41cdec/antenna/tag/e28068940000400386621d4f, 96
1652706634.818115, sdrt-health/mac:02010b41cdec/antenna/tag/e28068940000400386621d4f, 96
1652706634.870189, sdrt-health/mac:02010b41cdec/antenna/tag/e2806894000050038661fd4f, 83
1652706634.870656, sdrt-health/mac:02010b41cdec/antenna/tag/e28068940000500386620d4f, 81
1652706634.884574, sdrt-health/mac:02010b41cdec/antenna/tag/e2806894000050038662194f, 82
1652706634.898487, sdrt-health/mac:02010b41cdec/antenna/tag/e28068940000500386620d4f, 83
1652706634.961461, sdrt-health/mac:02010b41cdec/antenna/tag/e2806894000050038662194f, 84
1652706634.96193, sdrt-health/mac:02010b41cdec/antenna/tag/e28068940000500386620d4f, 81
1652706634.986595, sdrt-health/mac:02010b41cdec/antenna/tag/e2806894000050038661fd4f, 83
1652706635.025999, sdrt-health/mac:02010b41cdec/antenna/tag/e28068940000400386621d4f, 96
1652706635.066466, sdrt-health/mac:02010b41cdec/antenna/tag/e28068940000500386620d4f, 87
1652706635.105918, sdrt-health/mac:02010b41cdec/antenna/tag/e28068940000400386621d4f, 90
1652706635.197546, sdrt-health/mac:02010b41cdec/antenna/tag/e2806894000050038661fd4f, 83
1652706635.256662, sdrt-health/mac:02010b41cdec/antenna/tag/e2806894000050038662194f, 81
1652706635.300484, sdrt-health/mac:02010b41cdec/antenna/tag/e2806894000050038661fd4f, 86
1652706635.399501, sdrt-health/mac:02010b41cdec/antenna/tag/e2806894000040038662114f, 88
1652706635.400044, sdrt-health/mac:02010b41cdec/antenna/tag/e28068940000400386621d4f, 77
1652706635.427939, sdrt-health/mac:02010b41cdec/antenna/tag/e2806894000040038662114f, 88
1652706635.483439, sdrt-health/mac:02010b41cdec/antenna/tag/e2806894000050038662194f, 94
1652706635.483902, sdrt-health/mac:02010b41cdec/antenna/tag/e2806894000050038662194f, 81
1652706635.497659, sdrt-health/mac:02010b41cdec/antenna/tag/e2806894000050038661fd4f, 83
1652706635.527302, sdrt-health/mac:02010b41cdec/antenna/tag/e2806894000050038662154f, 85
1652706635.527687, sdrt-health/mac:02010b41cdec/antenna/tag/e2806894000050038662154f, 88
1652706635.54739, sdrt-health/mac:02010b41cdec/antenna/tag/e2806894000050038661fd4f, 86
1652706635.762963, sdrt-health/mac:02010b41cdec/antenna/tag/e2806894000040038662114f, 88
1652706635.763487, sdrt-health/mac:02010b41cdec/antenna/tag/scan, scan stopped
