1652707071.754863, sdrt-health/mac:02010b41cdec/antenna/power/set, {"power": 280}
1652707072.846702, sdrt-health/mac:02010b41cdec/antenna/power/set, 
1652707076.776339, sdrt-health/mac:02010b41cdec/antenna/tag/scan, {"time": 20000}
1652707077.507904, sdrt-health/mac:02010b41cdec/antenna/tag/e2806894000050038662194f, 81
1652707077.552573, sdrt-health/mac:02010b41cdec/antenna/tag/e28068940000400386621d4f, 77
1652707077.582977, sdrt-health/mac:02010b41cdec/antenna/tag/e2806894000050038662154f, 85
1652707077.583494, sdrt-health/mac:02010b41cdec/antenna/tag/e2806894000050038661fd4f, 97
1652707077.598681, sdrt-health/mac:02010b41cdec/antenna/tag/e2806894000040038662114f, 88
1652707077.663198, sdrt-health/mac:02010b41cdec/antenna/tag/e2806894000050038662154f, 85
1652707077.663736, sdrt-health/mac:02010b41cdec/antenna/tag/e2806894000050038662154f, 91
1652707077.67742, sdrt-health/mac:02010b41cdec/antenna/tag/e2806894000050038662194f, 84
1652707077.70743, sdrt-health/mac:02010b41cdec/antenna/tag/e2806894000040038662114f, 88
1652707077.707851, sdrt-health/mac:02010b41cdec/antenna/tag/e2806894000050038662154f, 85
1652707077.738307, sdrt-health/mac:02010b41cdec/antenna/tag/e2806894000050038661fd4f, 83
1652707077.778768, sdrt-health/mac:02010b41cdec/antenna/tag/e2806894000050038661fd4f, 83
1652707077.835271, sdrt-health/mac:02010b41cdec/antenna/tag/e2806894000050038661fd4f, 83
1652707077.835775, sdrt-health/mac:02010b41cdec/antenna/tag/e2806894000040038662114f, 88
1652707077.85236, sdrt-health/mac:02010b41cdec/antenna/tag/e2806894000050038662194f, 94
1652707077.852763, sdrt-health/mac:02010b41cdec/antenna/tag/e28068940000400386621d4f, 77
1652707077.867637, sdrt-health/mac:02010b41cdec/antenna/tag/e2806894000050038662154f, 85
1652707077.958744, sdrt-health/mac:02010b41cdec/antenna/tag/e2806894000040038662114f, 88
1652707078.008516, sdrt-health/mac:02010b41cdec/antenna/tag/e2806894000040038662114f, 91
1652707078.055707, sdrt-health/mac:02010b41cdec/antenna/tag/e28068940000400386621d4f, 90
1652707078.123324, sdrt-health/mac:02010b41cdec/antenna/tag/e2806894000050038661fd4f, 86
1652707078.123834, sdrt-health/mac:02010b41cdec/antenna/tag/e2806894000050038662154f, 88
1652707078.139637, sdrt-health/mac:02010b41cdec/antenna/tag/e2806894000050038662194f, 81
1652707078.139878, sdrt-health/mac:02010b41cdec/antenna/tag/e28068940000400386621d4f, 96
1652707078.140047, sdrt-health/mac:02010b41cdec/antenna/tag/e28068940000400386621d4f, 96
1652707078.148533, sdrt-health/mac:02010b41cdec/antenna/tag/e28068940000400386621d4f, 77
1652707078.154671, sdrt-health/mac:02010b41cdec/antenna/tag/e2806894000040038662114f, 85
1652707078.198559, sdrt-health/mac:02010b41cdec/antenna/tag/e28068940000400386621d4f, 77
1652707078.248412, sdrt-health/mac:02010b41cdec/antenna/tag/e2806894000050038662194f, 83
1652707078.301652, sdrt-health/mac:02010b41cdec/antenna/tag/e28068940000400386621d4f, 90
1652707078.363092, sdrt-health/mac:02010b41cdec/antenna/tag/e2806894000050038662154f, 88
1652707078.363551, sdrt-health/mac:02010b41cdec/antenna/tag/e2806894000040038662114f, 88
1652707078.377156, sdrt-health/mac:02010b41cdec/antenna/tag/e2806894000050038661fd4f, 86
1652707078.390177, sdrt-health/mac:02010b41cdec/antenna/tag/e2806894000050038662154f, 88
1652707078.391423, sdrt-health/mac:02010b41cdec/antenna/tag/e2806894000050038661fd4f, 86
1652707078.391802, sdrt-health/mac:02010b41cdec/antenna/tag/e2806894000040038662114f, 85
1652707078.437755, sdrt-health/mac:02010b41cdec/antenna/tag/e2806894000050038662154f, 88
1652707078.466767, sdrt-health/mac:02010b41cdec/antenna/tag/e2806894000040038662114f, 88
1652707078.467095, sdrt-health/mac:02010b41cdec/antenna/tag/e2806894000050038661fd4f, 86
1652707078.467343, sdrt-health/mac:02010b41cdec/antenna/tag/e2806894000040038662114f, 91
1652707078.480508, sdrt-health/mac:02010b41cdec/antenna/tag/e28068940000400386621d4f, 90
1652707078.480822, sdrt-health/mac:02010b41cdec/antenna/tag/e2806894000040038662114f, 88
1652707078.481001, sdrt-health/mac:02010b41cdec/antenna/tag/e28068940000400386621d4f, 90
1652707078.528067, sdrt-health/mac:02010b41cdec/antenna/tag/e2806894000050038661fd4f, 86
1652707078.579463, sdrt-health/mac:02010b41cdec/antenna/tag/e28068940000400386621d4f, 96
1652707078.636183, sdrt-health/mac:02010b41cdec/antenna/tag/e28068940000400386621d4f, 96
1652707078.636746, sdrt-health/mac:02010b41cdec/antenna/tag/e2806894000050038661fd4f, 83
1652707078.652203, sdrt-health/mac:02010b41cdec/antenna/tag/e2806894000050038662194f, 84
1652707078.658672, sdrt-health/mac:02010b41cdec/antenna/tag/e2806894000050038662194f, 94
1652707078.707358, sdrt-health/mac:02010b41cdec/antenna/tag/e2806894000050038662154f, 88
1652707078.763528, sdrt-health/mac:02010b41cdec/antenna/tag/e2806894000040038662114f, 85
1652707078.763984, sdrt-health/mac:02010b41cdec/antenna/tag/e2806894000050038661fd4f, 83
1652707078.777828, sdrt-health/mac:02010b41cdec/antenna/tag/e2806894000040038662114f, 85
1652707078.821036, sdrt-health/mac:02010b41cdec/antenna/tag/e2806894000040038662114f, 85
1652707078.82139, sdrt-health/mac:02010b41cdec/antenna/tag/e2806894000050038662194f, 81
1652707078.849587, sdrt-health/mac:02010b41cdec/antenna/tag/e2806894000050038662194f, 94
1652707078.887052, sdrt-health/mac:02010b41cdec/antenna/tag/e28068940000400386621d4f, 96
1652707078.962498, sdrt-health/mac:02010b41cdec/antenna/tag/e2806894000040038662114f, 88
1652707079.018688, sdrt-health/mac:02010b41cdec/antenna/tag/e2806894000050038662154f, 88
1652707079.08115, sdrt-health/mac:02010b41cdec/antenna/tag/e2806894000050038661fd4f, 83
1652707079.081647, sdrt-health/mac:02010b41cdec/antenna/tag/e2806894000050038661fd4f, 83
1652707079.127433, sdrt-health/mac:02010b41cdec/antenna/tag/e28068940000400386621d4f, 96
1652707079.184147, sdrt-health/mac:02010b41cdec/antenna/tag/e28068940000400386621d4f, 96
1652707079.184734, sdrt-health/mac:02010b41cdec/antenna/tag/e2806894000050038662194f, 81
1652707079.199278, sdrt-health/mac:02010b41cdec/antenna/tag/e2806894000050038662194f, 81
1652707079.219419, sdrt-health/mac:02010b41cdec/antenna/tag/e28068940000500386620d4f, 81
1652707079.250444, sdrt-health/mac:02010b41cdec/antenna/tag/e2806894000040038662114f, 88
1652707079.250687, sdrt-health/mac:02010b41cdec/antenna/tag/e2806894000050038662154f, 88
1652707079.269189, sdrt-health/mac:02010b41cdec/antenna/tag/e2806894000050038661fd4f, 86
1652707079.298607, sdrt-health/mac:02010b41cdec/antenna/tag/e28068940000500386620d4f, 87
1652707079.29893, sdrt-health/mac:02010b41cdec/antenna/tag/e2806894000040038662114f, 88
1652707079.299154, sdrt-health/mac:02010b41cdec/antenna/tag/e2806894000050038662154f, 88
1652707079.349704, sdrt-health/mac:02010b41cdec/antenna/tag/e28068940000400386621d4f, 90
1652707079.398941, sdrt-health/mac:02010b41cdec/antenna/tag/e2806894000050038662154f, 85
1652707079.454984, sdrt-health/mac:02010b41cdec/antenna/tag/e28068940000400386621d4f, 96
1652707079.455419, sdrt-health/mac:02010b41cdec/antenna/tag/e28068940000400386621d4f, 96
1652707079.478983, sdrt-health/mac:02010b41cdec/antenna/tag/e2806894000050038662194f, 81
1652707079.604636, sdrt-health/mac:02010b41cdec/antenna/tag/e2806894000040038662114f, 91
1652707079.605104, sdrt-health/mac:02010b41cdec/antenna/tag/e2806894000050038662154f, 85
1652707079.638849, sdrt-health/mac:02010b41cdec/antenna/tag/e28068940000400386621d4f, 96
1652707079.679376, sdrt-health/mac:02010b41cdec/antenna/tag/e2806894000040038662114f, 85
1652707079.743259, sdrt-health/mac:02010b41cdec/antenna/tag/e2806894000050038661fd4f, 83
1652707079.743726, sdrt-health/mac:02010b41cdec/antenna/tag/e2806894000050038661fd4f, 83
1652707079.778573, sdrt-health/mac:02010b41cdec/antenna/tag/e2806894000050038661fd4f, 83
1652707079.808424, sdrt-health/mac:02010b41cdec/antenna/tag/e2806894000050038661fd4f, 83
1652707079.80877, sdrt-health/mac:02010b41cdec/antenna/tag/e28068940000400386621d4f, 96
1652707079.823163, sdrt-health/mac:02010b41cdec/antenna/tag/e2806894000050038662194f, 94
1652707079.876115, sdrt-health/mac:02010b41cdec/antenna/tag/e28068940000500386620d4f, 83
1652707079.906124, sdrt-health/mac:02010b41cdec/antenna/tag/e2806894000050038662154f, 91
1652707079.906398, sdrt-health/mac:02010b41cdec/antenna/tag/e2806894000050038661fd4f, 83
1652707079.927602, sdrt-health/mac:02010b41cdec/antenna/tag/e28068940000400386621d4f, 96
1652707079.958312, sdrt-health/mac:02010b41cdec/antenna/tag/e2806894000040038662114f, 85
1652707079.958593, sdrt-health/mac:02010b41cdec/antenna/tag/e2806894000050038662154f, 88
1652707079.973138, sdrt-health/mac:02010b41cdec/antenna/tag/e2806894000050038662194f, 88
1652707080.007789, sdrt-health/mac:02010b41cdec/antenna/tag/e2806894000050038662194f, 87
1652707080.062117, sdrt-health/mac:02010b41cdec/antenna/tag/e2806894000040038662114f, 88
1652707080.062343, sdrt-health/mac:02010b41cdec/antenna/tag/e2806894000050038662154f, 88
1652707080.076529, sdrt-health/mac:02010b41cdec/antenna/tag/e2806894000050038661fd4f, 83
1652707080.076747, sdrt-health/mac:02010b41cdec/antenna/tag/e28068940000400386621d4f, 96
1652707080.128609, sdrt-health/mac:02010b41cdec/antenna/tag/e28068940000500386620d4f, 81
1652707080.168541, sdrt-health/mac:02010b41cdec/antenna/tag/e28068940000400386621d4f, 90
1652707080.225292, sdrt-health/mac:02010b41cdec/antenna/tag/e28068940000500386620d4f, 87
1652707080.22573, sdrt-health/mac:02010b41cdec/antenna/tag/e28068940000500386620d4f, 83
1652707080.299189, sdrt-health/mac:02010b41cdec/antenna/tag/e28068940000500386620d4f, 87
1652707080.348748, sdrt-health/mac:02010b41cdec/antenna/tag/e28068940000400386621d4f, 90
1652707080.390807, sdrt-health/mac:02010b41cdec/antenna/tag/e28068940000400386621d4f, 90
1652707080.457329, sdrt-health/mac:02010b41cdec/antenna/tag/e2806894000040038662114f, 88
1652707080.457828, sdrt-health/mac:02010b41cdec/antenna/tag/e28068940000500386620d4f, 81
1652707080.472304, sdrt-health/mac:02010b41cdec/antenna/tag/e2806894000050038661fd4f, 83
1652707080.490893, sdrt-health/mac:02010b41cdec/antenna/tag/e28068940000500386620d4f, 87
1652707080.530962, sdrt-health/mac:02010b41cdec/antenna/tag/e2806894000050038662154f, 88
1652707080.592666, sdrt-health/mac:02010b41cdec/antenna/tag/e2806894000050038661fd4f, 83
1652707080.592871, sdrt-health/mac:02010b41cdec/antenna/tag/e28068940000500386620d4f, 81
1652707080.607143, sdrt-health/mac:02010b41cdec/antenna/tag/e2806894000050038662154f, 88
1652707080.616285, sdrt-health/mac:02010b41cdec/antenna/tag/e2806894000040038662214f, 94
1652707080.657108, sdrt-health/mac:02010b41cdec/antenna/tag/e2806894000050038661fd4f, 83
1652707080.699725, sdrt-health/mac:02010b41cdec/antenna/tag/e2806894000040038662214f, 94
1652707080.754932, sdrt-health/mac:02010b41cdec/antenna/tag/e28068940000400386621d4f, 96
1652707080.755545, sdrt-health/mac:02010b41cdec/antenna/tag/e28068940000400386621d4f, 90
1652707080.788548, sdrt-health/mac:02010b41cdec/antenna/tag/e2806894000040038662114f, 85
1652707080.843289, sdrt-health/mac:02010b41cdec/antenna/tag/e2806894000050038661fd4f, 83
1652707080.843765, sdrt-health/mac:02010b41cdec/antenna/tag/e2806894000050038661fd4f, 83
1652707080.880138, sdrt-health/mac:02010b41cdec/antenna/tag/e2806894000040038662114f, 91
1652707080.929006, sdrt-health/mac:02010b41cdec/antenna/tag/e2806894000040038662114f, 91
1652707080.979085, sdrt-health/mac:02010b41cdec/antenna/tag/e28068940000400386621d4f, 90
1652707081.007957, sdrt-health/mac:02010b41cdec/antenna/tag/e2806894000040038662114f, 91
1652707081.008274, sdrt-health/mac:02010b41cdec/antenna/tag/e2806894000050038662154f, 88
1652707081.008498, sdrt-health/mac:02010b41cdec/antenna/tag/e2806894000050038661fd4f, 86
1652707081.026546, sdrt-health/mac:02010b41cdec/antenna/tag/e2806894000050038661fd4f, 86
1652707081.068731, sdrt-health/mac:02010b41cdec/antenna/tag/e28068940000400386621d4f, 90
1652707081.126376, sdrt-health/mac:02010b41cdec/antenna/tag/e2806894000050038662154f, 91
1652707081.184385, sdrt-health/mac:02010b41cdec/antenna/tag/e2806894000040038662114f, 88
1652707081.18458, sdrt-health/mac:02010b41cdec/antenna/tag/e28068940000500386620d4f, 94
1652707081.199441, sdrt-health/mac:02010b41cdec/antenna/tag/e2806894000050038662154f, 88
1652707081.218559, sdrt-health/mac:02010b41cdec/antenna/tag/e2806894000040038662214f, 94
1652707081.274916, sdrt-health/mac:02010b41cdec/antenna/tag/e2806894000050038661fd4f, 83
1652707081.275436, sdrt-health/mac:02010b41cdec/antenna/tag/e2806894000040038662214f, 88
1652707081.307774, sdrt-health/mac:02010b41cdec/antenna/tag/e28068940000500386620d4f, 87
1652707081.37147, sdrt-health/mac:02010b41cdec/antenna/tag/e2806894000050038661fd4f, 83
1652707081.371979, sdrt-health/mac:02010b41cdec/antenna/tag/e28068940000400386621d4f, 90
1652707081.386819, sdrt-health/mac:02010b41cdec/antenna/tag/e2806894000050038661fd4f, 83
1652707081.398402, sdrt-health/mac:02010b41cdec/antenna/tag/e28068940000500386620d4f, 87
1652707081.401345, sdrt-health/mac:02010b41cdec/antenna/tag/e2806894000050038661fd4f, 83
1652707081.447637, sdrt-health/mac:02010b41cdec/antenna/tag/e28068940000500386620d4f, 83
1652707081.490983, sdrt-health/mac:02010b41cdec/antenna/tag/e2806894000050038661fd4f, 83
1652707081.542576, sdrt-health/mac:02010b41cdec/antenna/tag/e2806894000050038662154f, 88
1652707081.542999, sdrt-health/mac:02010b41cdec/antenna/tag/e2806894000050038662154f, 85
1652707081.568109, sdrt-health/mac:02010b41cdec/antenna/tag/e28068940000500386620d4f, 81
1652707081.597613, sdrt-health/mac:02010b41cdec/antenna/tag/e2806894000050038661fd4f, 83
1652707081.598057, sdrt-health/mac:02010b41cdec/antenna/tag/e28068940000400386621d4f, 96
1652707081.611852, sdrt-health/mac:02010b41cdec/antenna/tag/e28068940000400386621d4f, 77
1652707081.658635, sdrt-health/mac:02010b41cdec/antenna/tag/e28068940000400386621d4f, 90
1652707081.697403, sdrt-health/mac:02010b41cdec/antenna/tag/e28068940000500386620d4f, 87
1652707081.72655, sdrt-health/mac:02010b41cdec/antenna/tag/e2806894000050038661fd4f, 83
1652707081.72676, sdrt-health/mac:02010b41cdec/antenna/tag/e2806894000040038662114f, 85
1652707081.741349, sdrt-health/mac:02010b41cdec/antenna/tag/e2806894000050038661fd4f, 83
1652707081.788366, sdrt-health/mac:02010b41cdec/antenna/tag/e2806894000040038662114f, 85
1652707081.828912, sdrt-health/mac:02010b41cdec/antenna/tag/e2806894000050038661fd4f, 86
1652707081.884749, sdrt-health/mac:02010b41cdec/antenna/tag/e2806894000040038662114f, 88
1652707081.88526, sdrt-health/mac:02010b41cdec/antenna/tag/e2806894000050038661fd4f, 86
1652707081.909017, sdrt-health/mac:02010b41cdec/antenna/tag/e2806894000050038662154f, 88
1652707081.96608, sdrt-health/mac:02010b41cdec/antenna/tag/e2806894000050038662154f, 91
1652707081.966591, sdrt-health/mac:02010b41cdec/antenna/tag/e2806894000050038662154f, 88
1652707081.981359, sdrt-health/mac:02010b41cdec/antenna/tag/e2806894000050038661fd4f, 86
1652707082.022438, sdrt-health/mac:02010b41cdec/antenna/tag/e28068940000400386621d4f, 96
1652707082.022822, sdrt-health/mac:02010b41cdec/antenna/tag/e28068940000400386621d4f, 96
1652707082.036575, sdrt-health/mac:02010b41cdec/antenna/tag/e2806894000050038661fd4f, 86
1652707082.048605, sdrt-health/mac:02010b41cdec/antenna/tag/e28068940000400386621d4f, 90
1652707082.05134, sdrt-health/mac:02010b41cdec/antenna/tag/e2806894000050038661fd4f, 83
1652707082.098913, sdrt-health/mac:02010b41cdec/antenna/tag/e2806894000050038661fd4f, 97
1652707082.163417, sdrt-health/mac:02010b41cdec/antenna/tag/e2806894000040038662114f, 85
1652707082.163905, sdrt-health/mac:02010b41cdec/antenna/tag/e2806894000050038662154f, 88
1652707082.164238, sdrt-health/mac:02010b41cdec/antenna/tag/e2806894000050038662194f, 81
1652707082.20759, sdrt-health/mac:02010b41cdec/antenna/tag/e2806894000050038661fd4f, 86
1652707082.248899, sdrt-health/mac:02010b41cdec/antenna/tag/e2806894000040038662114f, 88
1652707082.296709, sdrt-health/mac:02010b41cdec/antenna/tag/e28068940000500386620d4f, 81
1652707082.34746, sdrt-health/mac:02010b41cdec/antenna/tag/e28068940000400386621d4f, 96
1652707082.37786, sdrt-health/mac:02010b41cdec/antenna/tag/e2806894000040038662114f, 91
1652707082.378264, sdrt-health/mac:02010b41cdec/antenna/tag/e2806894000050038661fd4f, 86
1652707082.399658, sdrt-health/mac:02010b41cdec/antenna/tag/e28068940000400386621d4f, 96
1652707082.400068, sdrt-health/mac:02010b41cdec/antenna/tag/e28068940000400386621d4f, 90
1652707082.400396, sdrt-health/mac:02010b41cdec/antenna/tag/e2806894000050038662154f, 91
1652707082.43869, sdrt-health/mac:02010b41cdec/antenna/tag/e2806894000040038662114f, 85
1652707082.503413, sdrt-health/mac:02010b41cdec/antenna/tag/e28068940000500386620d4f, 81
1652707082.503871, sdrt-health/mac:02010b41cdec/antenna/tag/e28068940000400386621d4f, 96
1652707082.51773, sdrt-health/mac:02010b41cdec/antenna/tag/e2806894000040038661f94f, 88
1652707082.551144, sdrt-health/mac:02010b41cdec/antenna/tag/e28068940000400386621d4f, 77
1652707082.551405, sdrt-health/mac:02010b41cdec/antenna/tag/e2806894000050038662154f, 85
1652707082.565269, sdrt-health/mac:02010b41cdec/antenna/tag/e28068940000500386620d4f, 81
1652707082.598985, sdrt-health/mac:02010b41cdec/antenna/tag/e2806894000040038662114f, 85
1652707082.647474, sdrt-health/mac:02010b41cdec/antenna/tag/e28068940000500386620d4f, 81
1652707082.692362, sdrt-health/mac:02010b41cdec/antenna/tag/e28068940000500386620d4f, 81
1652707082.758897, sdrt-health/mac:02010b41cdec/antenna/tag/e2806894000040038662114f, 85
1652707082.812802, sdrt-health/mac:02010b41cdec/antenna/tag/e28068940000400386621d4f, 90
1652707082.813326, sdrt-health/mac:02010b41cdec/antenna/tag/e2806894000050038661fd4f, 83
1652707082.827354, sdrt-health/mac:02010b41cdec/antenna/tag/e28068940000400386621d4f, 96
1652707082.837725, sdrt-health/mac:02010b41cdec/antenna/tag/e2806894000050038661fd4f, 83
1652707082.88876, sdrt-health/mac:02010b41cdec/antenna/tag/e2806894000040038662114f, 88
1652707082.928786, sdrt-health/mac:02010b41cdec/antenna/tag/e28068940000500386620d4f, 87
1652707082.991627, sdrt-health/mac:02010b41cdec/antenna/tag/e2806894000050038662154f, 91
1652707082.992083, sdrt-health/mac:02010b41cdec/antenna/tag/e2806894000050038662154f, 88
1652707083.006987, sdrt-health/mac:02010b41cdec/antenna/tag/e2806894000040038662114f, 91
1652707083.019015, sdrt-health/mac:02010b41cdec/antenna/tag/e2806894000040038662114f, 88
1652707083.022076, sdrt-health/mac:02010b41cdec/antenna/tag/e2806894000050038661fd4f, 86
1652707083.059171, sdrt-health/mac:02010b41cdec/antenna/tag/e2806894000050038662194f, 84
1652707083.11254, sdrt-health/mac:02010b41cdec/antenna/tag/e2806894000040038662114f, 91
1652707083.113025, sdrt-health/mac:02010b41cdec/antenna/tag/e2806894000040038662114f, 85
1652707083.137616, sdrt-health/mac:02010b41cdec/antenna/tag/e2806894000050038662194f, 81
1652707083.189607, sdrt-health/mac:02010b41cdec/antenna/tag/e2806894000050038662194f, 88
1652707083.251742, sdrt-health/mac:02010b41cdec/antenna/tag/e2806894000050038662194f, 94
1652707083.252157, sdrt-health/mac:02010b41cdec/antenna/tag/e2806894000050038662194f, 81
1652707083.266059, sdrt-health/mac:02010b41cdec/antenna/tag/e28068940000400386621d4f, 96
1652707083.312525, sdrt-health/mac:02010b41cdec/antenna/tag/e2806894000040038662114f, 88
1652707083.359822, sdrt-health/mac:02010b41cdec/antenna/tag/e2806894000040038662114f, 88
1652707083.417287, sdrt-health/mac:02010b41cdec/antenna/tag/e28068940000500386620d4f, 87
1652707083.417796, sdrt-health/mac:02010b41cdec/antenna/tag/e28068940000400386621d4f, 90
1652707083.448278, sdrt-health/mac:02010b41cdec/antenna/tag/e28068940000500386620d4f, 83
1652707083.487648, sdrt-health/mac:02010b41cdec/antenna/tag/e28068940000400386621d4f, 96
1652707083.528593, sdrt-health/mac:02010b41cdec/antenna/tag/e2806894000040038662114f, 85
1652707083.59289, sdrt-health/mac:02010b41cdec/antenna/tag/e2806894000040038662114f, 88
1652707083.593418, sdrt-health/mac:02010b41cdec/antenna/tag/e2806894000050038662154f, 85
1652707083.611683, sdrt-health/mac:02010b41cdec/antenna/tag/e28068940000400386621d4f, 96
1652707083.673783, sdrt-health/mac:02010b41cdec/antenna/tag/e2806894000050038662154f, 91
1652707083.674335, sdrt-health/mac:02010b41cdec/antenna/tag/e2806894000050038662154f, 88
1652707083.68838, sdrt-health/mac:02010b41cdec/antenna/tag/e28068940000400386621d4f, 96
1652707083.709204, sdrt-health/mac:02010b41cdec/antenna/tag/e2806894000050038661fd4f, 83
1652707083.781705, sdrt-health/mac:02010b41cdec/antenna/tag/e2806894000040038662114f, 88
1652707083.782302, sdrt-health/mac:02010b41cdec/antenna/tag/e2806894000040038662214f, 84
1652707083.797393, sdrt-health/mac:02010b41cdec/antenna/tag/e28068940000500386620d4f, 81
1652707083.809116, sdrt-health/mac:02010b41cdec/antenna/tag/e2806894000050038662154f, 85
1652707083.812073, sdrt-health/mac:02010b41cdec/antenna/tag/e2806894000040038662114f, 85
1652707083.81271, sdrt-health/mac:02010b41cdec/antenna/tag/e28068940000400386621d4f, 77
1652707083.848565, sdrt-health/mac:02010b41cdec/antenna/tag/e28068940000500386620d4f, 94
1652707083.887179, sdrt-health/mac:02010b41cdec/antenna/tag/e2806894000050038662154f, 85
1652707083.928468, sdrt-health/mac:02010b41cdec/antenna/tag/e2806894000040038662114f, 85
1652707083.970637, sdrt-health/mac:02010b41cdec/antenna/tag/e2806894000050038661fd4f, 83
1652707084.023345, sdrt-health/mac:02010b41cdec/antenna/tag/e2806894000050038662194f, 83
1652707084.023837, sdrt-health/mac:02010b41cdec/antenna/tag/e2806894000050038662194f, 81
1652707084.049049, sdrt-health/mac:02010b41cdec/antenna/tag/e28068940000500386620d4f, 81
1652707084.096825, sdrt-health/mac:02010b41cdec/antenna/tag/e2806894000050038662194f, 84
1652707084.13932, sdrt-health/mac:02010b41cdec/antenna/tag/e2806894000050038661fd4f, 86
1652707084.195033, sdrt-health/mac:02010b41cdec/antenna/tag/e28068940000400386621d4f, 90
1652707084.195382, sdrt-health/mac:02010b41cdec/antenna/tag/e2806894000050038662154f, 88
1652707084.210372, sdrt-health/mac:02010b41cdec/antenna/tag/e2806894000040038662114f, 88
1652707084.226412, sdrt-health/mac:02010b41cdec/antenna/tag/e2806894000050038662154f, 88
1652707084.256567, sdrt-health/mac:02010b41cdec/antenna/tag/e2806894000040038662114f, 88
1652707084.256796, sdrt-health/mac:02010b41cdec/antenna/tag/e2806894000050038662154f, 88
1652707084.270482, sdrt-health/mac:02010b41cdec/antenna/tag/e2806894000040038662114f, 85
1652707084.270704, sdrt-health/mac:02010b41cdec/antenna/tag/e28068940000500386620d4f, 81
1652707084.270851, sdrt-health/mac:02010b41cdec/antenna/tag/e2806894000050038662154f, 85
1652707084.320142, sdrt-health/mac:02010b41cdec/antenna/tag/e2806894000040038662114f, 85
1652707084.349138, sdrt-health/mac:02010b41cdec/antenna/tag/e2806894000050038662154f, 85
1652707084.349488, sdrt-health/mac:02010b41cdec/antenna/tag/e2806894000050038662194f, 94
1652707084.366832, sdrt-health/mac:02010b41cdec/antenna/tag/e2806894000050038661fd4f, 83
1652707084.433736, sdrt-health/mac:02010b41cdec/antenna/tag/e2806894000040038662114f, 85
1652707084.434237, sdrt-health/mac:02010b41cdec/antenna/tag/e2806894000040038662114f, 88
1652707084.459339, sdrt-health/mac:02010b41cdec/antenna/tag/e2806894000050038662154f, 88
1652707084.492987, sdrt-health/mac:02010b41cdec/antenna/tag/e2806894000040038662114f, 91
1652707084.493368, sdrt-health/mac:02010b41cdec/antenna/tag/e2806894000050038661fd4f, 83
1652707084.529777, sdrt-health/mac:02010b41cdec/antenna/tag/e2806894000040038662114f, 88
1652707084.579664, sdrt-health/mac:02010b41cdec/antenna/tag/e28068940000400386621d4f, 90
1652707084.627138, sdrt-health/mac:02010b41cdec/antenna/tag/e28068940000400386621d4f, 96
1652707084.668451, sdrt-health/mac:02010b41cdec/antenna/tag/e2806894000050038661fd4f, 83
1652707084.735727, sdrt-health/mac:02010b41cdec/antenna/tag/e2806894000040038662114f, 85
1652707084.736192, sdrt-health/mac:02010b41cdec/antenna/tag/e2806894000050038662154f, 85
1652707084.765258, sdrt-health/mac:02010b41cdec/antenna/tag/e2806894000050038662194f, 81
1652707084.807883, sdrt-health/mac:02010b41cdec/antenna/tag/e2806894000050038662154f, 88
1652707084.848597, sdrt-health/mac:02010b41cdec/antenna/tag/e28068940000400386621d4f, 90
1652707084.920509, sdrt-health/mac:02010b41cdec/antenna/tag/e2806894000050038661fd4f, 86
1652707084.921003, sdrt-health/mac:02010b41cdec/antenna/tag/e2806894000050038662154f, 88
1652707084.94922, sdrt-health/mac:02010b41cdec/antenna/tag/e2806894000050038662154f, 88
1652707085.011273, sdrt-health/mac:02010b41cdec/antenna/tag/e2806894000050038661fd4f, 86
1652707085.01185, sdrt-health/mac:02010b41cdec/antenna/tag/e28068940000400386621d4f, 90
1652707085.026648, sdrt-health/mac:02010b41cdec/antenna/tag/e2806894000040038662114f, 88
1652707085.028059, sdrt-health/mac:02010b41cdec/antenna/tag/e2806894000050038662154f, 88
1652707085.030682, sdrt-health/mac:02010b41cdec/antenna/tag/e2806894000050038662154f, 85
1652707085.108637, sdrt-health/mac:02010b41cdec/antenna/tag/e28068940000400386621d4f, 96
1652707085.165435, sdrt-health/mac:02010b41cdec/antenna/tag/e2806894000040038662114f, 85
1652707085.165901, sdrt-health/mac:02010b41cdec/antenna/tag/e28068940000400386621d4f, 96
1652707085.178867, sdrt-health/mac:02010b41cdec/antenna/tag/e2806894000050038661fd4f, 83
1652707085.209813, sdrt-health/mac:02010b41cdec/antenna/tag/e2806894000040038662114f, 85
1652707085.210111, sdrt-health/mac:02010b41cdec/antenna/tag/e2806894000050038662194f, 83
1652707085.210332, sdrt-health/mac:02010b41cdec/antenna/tag/e28068940000400386621d4f, 96
1652707085.210526, sdrt-health/mac:02010b41cdec/antenna/tag/e2806894000040038662114f, 88
1652707085.239361, sdrt-health/mac:02010b41cdec/antenna/tag/e2806894000050038661fd4f, 83
1652707085.304509, sdrt-health/mac:02010b41cdec/antenna/tag/e2806894000050038661fd4f, 83
1652707085.305131, sdrt-health/mac:02010b41cdec/antenna/tag/e2806894000050038662154f, 88
1652707085.320241, sdrt-health/mac:02010b41cdec/antenna/tag/e28068940000400386621d4f, 96
1652707085.338493, sdrt-health/mac:02010b41cdec/antenna/tag/e28068940000400386621d4f, 96
1652707085.373135, sdrt-health/mac:02010b41cdec/antenna/tag/e2806894000040038662114f, 85
1652707085.373358, sdrt-health/mac:02010b41cdec/antenna/tag/e2806894000050038661fd4f, 83
1652707085.38752, sdrt-health/mac:02010b41cdec/antenna/tag/e2806894000050038662154f, 88
1652707085.387727, sdrt-health/mac:02010b41cdec/antenna/tag/e2806894000050038661fd4f, 83
1652707085.449949, sdrt-health/mac:02010b41cdec/antenna/tag/e2806894000050038661fd4f, 83
1652707085.488801, sdrt-health/mac:02010b41cdec/antenna/tag/e28068940000500386620d4f, 83
1652707085.545919, sdrt-health/mac:02010b41cdec/antenna/tag/e2806894000050038662154f, 85
1652707085.546444, sdrt-health/mac:02010b41cdec/antenna/tag/e2806894000050038662154f, 88
1652707085.560695, sdrt-health/mac:02010b41cdec/antenna/tag/e28068940000500386620d4f, 83
1652707085.577628, sdrt-health/mac:02010b41cdec/antenna/tag/e2806894000050038662194f, 81
1652707085.61917, sdrt-health/mac:02010b41cdec/antenna/tag/e28068940000400386621d4f, 96
1652707085.687273, sdrt-health/mac:02010b41cdec/antenna/tag/e2806894000050038662194f, 94
1652707085.687762, sdrt-health/mac:02010b41cdec/antenna/tag/e2806894000050038662154f, 85
1652707085.702373, sdrt-health/mac:02010b41cdec/antenna/tag/e2806894000050038662194f, 81
1652707085.718297, sdrt-health/mac:02010b41cdec/antenna/tag/e2806894000050038662154f, 91
1652707085.758691, sdrt-health/mac:02010b41cdec/antenna/tag/e28068940000500386620d4f, 81
1652707085.813528, sdrt-health/mac:02010b41cdec/antenna/tag/e2806894000050038661fd4f, 86
1652707085.814032, sdrt-health/mac:02010b41cdec/antenna/tag/e28068940000400386621d4f, 90
1652707085.847458, sdrt-health/mac:02010b41cdec/antenna/tag/e2806894000050038661fd4f, 86
1652707085.911286, sdrt-health/mac:02010b41cdec/antenna/tag/e2806894000050038662154f, 85
1652707085.911864, sdrt-health/mac:02010b41cdec/antenna/tag/e2806894000050038661fd4f, 86
1652707085.925678, sdrt-health/mac:02010b41cdec/antenna/tag/e2806894000040038662114f, 91
1652707085.926157, sdrt-health/mac:02010b41cdec/antenna/tag/e2806894000050038662154f, 88
1652707085.949122, sdrt-health/mac:02010b41cdec/antenna/tag/e2806894000050038662154f, 88
1652707086.014475, sdrt-health/mac:02010b41cdec/antenna/tag/e2806894000050038662194f, 88
1652707086.015039, sdrt-health/mac:02010b41cdec/antenna/tag/e2806894000050038662154f, 88
1652707086.030575, sdrt-health/mac:02010b41cdec/antenna/tag/e2806894000050038662154f, 88
1652707086.031157, sdrt-health/mac:02010b41cdec/antenna/tag/e2806894000040038662114f, 88
1652707086.048879, sdrt-health/mac:02010b41cdec/antenna/tag/e2806894000050038662194f, 81
1652707086.078198, sdrt-health/mac:02010b41cdec/antenna/tag/e28068940000400386621d4f, 96
1652707086.078555, sdrt-health/mac:02010b41cdec/antenna/tag/e2806894000040038662114f, 88
1652707086.098226, sdrt-health/mac:02010b41cdec/antenna/tag/e2806894000040038662114f, 88
1652707086.145903, sdrt-health/mac:02010b41cdec/antenna/tag/e2806894000050038661fd4f, 83
1652707086.189676, sdrt-health/mac:02010b41cdec/antenna/tag/e2806894000050038662154f, 88
1652707086.243686, sdrt-health/mac:02010b41cdec/antenna/tag/e28068940000400386621d4f, 90
1652707086.244207, sdrt-health/mac:02010b41cdec/antenna/tag/e28068940000400386621d4f, 96
1652707086.257113, sdrt-health/mac:02010b41cdec/antenna/tag/e2806894000050038662154f, 88
1652707086.269228, sdrt-health/mac:02010b41cdec/antenna/tag/e2806894000050038662154f, 88
1652707086.27192, sdrt-health/mac:02010b41cdec/antenna/tag/e2806894000050038662194f, 81
1652707086.309228, sdrt-health/mac:02010b41cdec/antenna/tag/e2806894000050038662154f, 85
1652707086.383195, sdrt-health/mac:02010b41cdec/antenna/tag/e2806894000050038661fd4f, 83
1652707086.383728, sdrt-health/mac:02010b41cdec/antenna/tag/e2806894000050038662154f, 88
1652707086.408418, sdrt-health/mac:02010b41cdec/antenna/tag/e2806894000040038662114f, 85
1652707086.490195, sdrt-health/mac:02010b41cdec/antenna/tag/e28068940000500386620d4f, 87
1652707086.490747, sdrt-health/mac:02010b41cdec/antenna/tag/e2806894000050038662194f, 94
1652707086.520437, sdrt-health/mac:02010b41cdec/antenna/tag/e2806894000050038662194f, 94
1652707086.560641, sdrt-health/mac:02010b41cdec/antenna/tag/e28068940000400386621d4f, 96
1652707086.590285, sdrt-health/mac:02010b41cdec/antenna/tag/e2806894000050038661fd4f, 86
1652707086.590536, sdrt-health/mac:02010b41cdec/antenna/tag/e28068940000400386621d4f, 90
1652707086.621322, sdrt-health/mac:02010b41cdec/antenna/tag/e2806894000050038661fd4f, 83
1652707086.659253, sdrt-health/mac:02010b41cdec/antenna/tag/e2806894000050038661fd4f, 83
1652707086.698818, sdrt-health/mac:02010b41cdec/antenna/tag/e2806894000040038662114f, 85
1652707086.739188, sdrt-health/mac:02010b41cdec/antenna/tag/e2806894000040038662114f, 85
1652707086.796815, sdrt-health/mac:02010b41cdec/antenna/tag/e2806894000040038662114f, 85
1652707086.797152, sdrt-health/mac:02010b41cdec/antenna/tag/e2806894000050038661fd4f, 86
1652707086.819835, sdrt-health/mac:02010b41cdec/antenna/tag/e28068940000400386621d4f, 90
1652707086.858817, sdrt-health/mac:02010b41cdec/antenna/tag/e2806894000040038662114f, 85
1652707086.899454, sdrt-health/mac:02010b41cdec/antenna/tag/e2806894000050038661fd4f, 83
1652707086.940764, sdrt-health/mac:02010b41cdec/antenna/tag/e2806894000050038662154f, 91
1652707086.995154, sdrt-health/mac:02010b41cdec/antenna/tag/e2806894000040038662114f, 85
1652707086.995732, sdrt-health/mac:02010b41cdec/antenna/tag/e28068940000500386620d4f, 81
1652707087.011273, sdrt-health/mac:02010b41cdec/antenna/tag/e28068940000500386620d4f, 83
1652707087.019571, sdrt-health/mac:02010b41cdec/antenna/tag/e2806894000040038661f94f, 81
1652707087.028118, sdrt-health/mac:02010b41cdec/antenna/tag/e2806894000040038662114f, 88
1652707087.028522, sdrt-health/mac:02010b41cdec/antenna/tag/e28068940000500386620d4f, 93
1652707087.108701, sdrt-health/mac:02010b41cdec/antenna/tag/e2806894000050038661fd4f, 83
1652707087.149886, sdrt-health/mac:02010b41cdec/antenna/tag/e2806894000040038662214f, 94
1652707087.20497, sdrt-health/mac:02010b41cdec/antenna/tag/e28068940000400386621d4f, 96
1652707087.205469, sdrt-health/mac:02010b41cdec/antenna/tag/e2806894000050038662154f, 88
1652707087.239913, sdrt-health/mac:02010b41cdec/antenna/tag/e28068940000500386620d4f, 94
1652707087.288303, sdrt-health/mac:02010b41cdec/antenna/tag/e2806894000050038661fd4f, 83
1652707087.343449, sdrt-health/mac:02010b41cdec/antenna/tag/e28068940000500386620d4f, 83
1652707087.344014, sdrt-health/mac:02010b41cdec/antenna/tag/e28068940000400386621d4f, 96
1652707087.357766, sdrt-health/mac:02010b41cdec/antenna/tag/e28068940000500386620d4f, 83
1652707087.358218, sdrt-health/mac:02010b41cdec/antenna/tag/e28068940000400386621d4f, 90
1652707087.369414, sdrt-health/mac:02010b41cdec/antenna/tag/e28068940000400386621d4f, 90
1652707087.419094, sdrt-health/mac:02010b41cdec/antenna/tag/e2806894000040038662114f, 91
1652707087.458637, sdrt-health/mac:02010b41cdec/antenna/tag/e2806894000050038661fd4f, 86
1652707087.533635, sdrt-health/mac:02010b41cdec/antenna/tag/e2806894000050038662154f, 88
1652707087.534101, sdrt-health/mac:02010b41cdec/antenna/tag/e28068940000400386621d4f, 90
1652707087.57148, sdrt-health/mac:02010b41cdec/antenna/tag/e2806894000050038661fd4f, 86
1652707087.634636, sdrt-health/mac:02010b41cdec/antenna/tag/e2806894000050038662154f, 91
1652707087.635151, sdrt-health/mac:02010b41cdec/antenna/tag/e2806894000050038661fd4f, 86
1652707087.650095, sdrt-health/mac:02010b41cdec/antenna/tag/e2806894000050038662154f, 88
1652707087.658321, sdrt-health/mac:02010b41cdec/antenna/tag/e2806894000050038662154f, 85
1652707087.664534, sdrt-health/mac:02010b41cdec/antenna/tag/e2806894000050038661fd4f, 83
1652707087.698893, sdrt-health/mac:02010b41cdec/antenna/tag/e28068940000400386621d4f, 77
1652707087.765943, sdrt-health/mac:02010b41cdec/antenna/tag/e2806894000050038662154f, 85
1652707087.810625, sdrt-health/mac:02010b41cdec/antenna/tag/e2806894000050038662154f, 88
1652707087.875793, sdrt-health/mac:02010b41cdec/antenna/tag/e28068940000400386621d4f, 96
1652707087.876302, sdrt-health/mac:02010b41cdec/antenna/tag/e28068940000500386620d4f, 81
1652707087.891751, sdrt-health/mac:02010b41cdec/antenna/tag/e2806894000040038662114f, 85
1652707087.922941, sdrt-health/mac:02010b41cdec/antenna/tag/e2806894000050038661fd4f, 83
1652707087.991074, sdrt-health/mac:02010b41cdec/antenna/tag/e28068940000400386621d4f, 96
1652707087.991577, sdrt-health/mac:02010b41cdec/antenna/tag/e2806894000040038662114f, 85
1652707088.005456, sdrt-health/mac:02010b41cdec/antenna/tag/e2806894000050038661fd4f, 83
1652707088.0441, sdrt-health/mac:02010b41cdec/antenna/tag/e2806894000040038662114f, 85
1652707088.044298, sdrt-health/mac:02010b41cdec/antenna/tag/e2806894000050038662154f, 88
1652707088.058827, sdrt-health/mac:02010b41cdec/antenna/tag/e28068940000500386620d4f, 81
1652707088.081029, sdrt-health/mac:02010b41cdec/antenna/tag/e2806894000040038662114f, 85
1652707088.110922, sdrt-health/mac:02010b41cdec/antenna/tag/e2806894000050038662154f, 85
1652707088.111171, sdrt-health/mac:02010b41cdec/antenna/tag/e2806894000050038661fd4f, 83
1652707088.126426, sdrt-health/mac:02010b41cdec/antenna/tag/e2806894000050038662154f, 85
1652707088.168567, sdrt-health/mac:02010b41cdec/antenna/tag/e28068940000500386620d4f, 87
1652707088.207944, sdrt-health/mac:02010b41cdec/antenna/tag/e2806894000040038662114f, 85
1652707088.263992, sdrt-health/mac:02010b41cdec/antenna/tag/e28068940000400386621d4f, 96
1652707088.264551, sdrt-health/mac:02010b41cdec/antenna/tag/e2806894000040038662114f, 85
1652707088.278534, sdrt-health/mac:02010b41cdec/antenna/tag/e28068940000400386621d4f, 96
1652707088.298753, sdrt-health/mac:02010b41cdec/antenna/tag/e28068940000400386621d4f, 90
1652707088.349464, sdrt-health/mac:02010b41cdec/antenna/tag/e2806894000050038662154f, 91
1652707088.377022, sdrt-health/mac:02010b41cdec/antenna/tag/e2806894000050038661fd4f, 86
1652707088.377263, sdrt-health/mac:02010b41cdec/antenna/tag/e2806894000040038662114f, 88
1652707088.390362, sdrt-health/mac:02010b41cdec/antenna/tag/e2806894000050038662154f, 88
1652707088.429087, sdrt-health/mac:02010b41cdec/antenna/tag/e2806894000050038662154f, 88
1652707088.489901, sdrt-health/mac:02010b41cdec/antenna/tag/e28068940000400386621d4f, 90
1652707088.559886, sdrt-health/mac:02010b41cdec/antenna/tag/e2806894000050038662194f, 94
1652707088.602082, sdrt-health/mac:02010b41cdec/antenna/tag/e28068940000400386621d4f, 96
1652707088.709755, sdrt-health/mac:02010b41cdec/antenna/tag/e2806894000050038662154f, 91
1652707088.766008, sdrt-health/mac:02010b41cdec/antenna/tag/e28068940000500386620d4f, 81
1652707088.835571, sdrt-health/mac:02010b41cdec/antenna/tag/e2806894000050038661fd4f, 83
1652707088.879142, sdrt-health/mac:02010b41cdec/antenna/tag/e2806894000050038662154f, 88
1652707088.937358, sdrt-health/mac:02010b41cdec/antenna/tag/e2806894000040038662114f, 88
1652707088.937821, sdrt-health/mac:02010b41cdec/antenna/tag/e2806894000050038662154f, 88
1652707088.938181, sdrt-health/mac:02010b41cdec/antenna/tag/e28068940000400386621d4f, 90
1652707089.018265, sdrt-health/mac:02010b41cdec/antenna/tag/e2806894000050038661fd4f, 83
1652707089.018759, sdrt-health/mac:02010b41cdec/antenna/tag/e2806894000040038662114f, 85
1652707089.019124, sdrt-health/mac:02010b41cdec/antenna/tag/e28068940000400386621d4f, 77
1652707089.076269, sdrt-health/mac:02010b41cdec/antenna/tag/e2806894000040038662114f, 85
1652707089.135565, sdrt-health/mac:02010b41cdec/antenna/tag/e2806894000040038662114f, 85
1652707089.18834, sdrt-health/mac:02010b41cdec/antenna/tag/e2806894000050038662154f, 87
1652707089.188859, sdrt-health/mac:02010b41cdec/antenna/tag/e2806894000050038662154f, 88
1652707089.259675, sdrt-health/mac:02010b41cdec/antenna/tag/e2806894000050038661fd4f, 83
1652707089.260127, sdrt-health/mac:02010b41cdec/antenna/tag/e2806894000040038662114f, 85
1652707089.260501, sdrt-health/mac:02010b41cdec/antenna/tag/e2806894000050038662154f, 88
1652707089.293867, sdrt-health/mac:02010b41cdec/antenna/tag/e28068940000400386621d4f, 96
1652707089.294347, sdrt-health/mac:02010b41cdec/antenna/tag/e28068940000400386621d4f, 96
1652707089.298853, sdrt-health/mac:02010b41cdec/antenna/tag/e2806894000040038662114f, 88
1652707089.348302, sdrt-health/mac:02010b41cdec/antenna/tag/e2806894000040038662114f, 85
1652707089.434408, sdrt-health/mac:02010b41cdec/antenna/tag/e28068940000500386620d4f, 83
1652707089.43486, sdrt-health/mac:02010b41cdec/antenna/tag/e28068940000400386621d4f, 90
1652707089.435236, sdrt-health/mac:02010b41cdec/antenna/tag/e28068940000400386621d4f, 90
1652707089.448653, sdrt-health/mac:02010b41cdec/antenna/tag/e2806894000050038661fd4f, 83
1652707089.44904, sdrt-health/mac:02010b41cdec/antenna/tag/e28068940000400386621d4f, 90
1652707089.496631, sdrt-health/mac:02010b41cdec/antenna/tag/e2806894000050038662154f, 85
1652707089.539771, sdrt-health/mac:02010b41cdec/antenna/tag/e2806894000040038662114f, 88
1652707089.571309, sdrt-health/mac:02010b41cdec/antenna/tag/e2806894000050038662154f, 88
1652707089.571557, sdrt-health/mac:02010b41cdec/antenna/tag/e28068940000400386621d4f, 90
1652707089.596877, sdrt-health/mac:02010b41cdec/antenna/tag/e2806894000040038662114f, 91
1652707089.63975, sdrt-health/mac:02010b41cdec/antenna/tag/e2806894000050038662194f, 81
1652707089.701874, sdrt-health/mac:02010b41cdec/antenna/tag/e2806894000040038662114f, 85
1652707089.702355, sdrt-health/mac:02010b41cdec/antenna/tag/e28068940000400386621d4f, 77
1652707089.729053, sdrt-health/mac:02010b41cdec/antenna/tag/e2806894000040038662114f, 88
1652707089.767313, sdrt-health/mac:02010b41cdec/antenna/tag/e28068940000400386621d4f, 96
1652707089.809383, sdrt-health/mac:02010b41cdec/antenna/tag/e2806894000050038661fd4f, 83
1652707089.848885, sdrt-health/mac:02010b41cdec/antenna/tag/e2806894000040038662114f, 88
1652707089.899087, sdrt-health/mac:02010b41cdec/antenna/tag/e2806894000050038662154f, 88
1652707089.949478, sdrt-health/mac:02010b41cdec/antenna/tag/e2806894000040038662114f, 85
1652707089.984216, sdrt-health/mac:02010b41cdec/antenna/tag/e2806894000050038662154f, 88
1652707089.984598, sdrt-health/mac:02010b41cdec/antenna/tag/e28068940000500386620d4f, 87
1652707089.984902, sdrt-health/mac:02010b41cdec/antenna/tag/e28068940000400386621d4f, 90
1652707090.026084, sdrt-health/mac:02010b41cdec/antenna/tag/e28068940000400386621d4f, 96
1652707090.075983, sdrt-health/mac:02010b41cdec/antenna/tag/e2806894000040038662114f, 88
1652707090.133178, sdrt-health/mac:02010b41cdec/antenna/tag/e2806894000050038661fd4f, 83
1652707090.133685, sdrt-health/mac:02010b41cdec/antenna/tag/e2806894000050038662194f, 94
1652707090.16846, sdrt-health/mac:02010b41cdec/antenna/tag/e28068940000400386621d4f, 96
1652707090.208663, sdrt-health/mac:02010b41cdec/antenna/tag/e2806894000050038662154f, 97
1652707090.26273, sdrt-health/mac:02010b41cdec/antenna/tag/e28068940000400386621d4f, 96
1652707090.263276, sdrt-health/mac:02010b41cdec/antenna/tag/e2806894000050038661fd4f, 83
1652707090.277269, sdrt-health/mac:02010b41cdec/antenna/tag/e28068940000400386621d4f, 96
1652707090.287597, sdrt-health/mac:02010b41cdec/antenna/tag/e2806894000040038662214f, 81
1652707090.291633, sdrt-health/mac:02010b41cdec/antenna/tag/e2806894000050038661fd4f, 83
1652707090.36781, sdrt-health/mac:02010b41cdec/antenna/tag/e2806894000050038662154f, 88
1652707090.408142, sdrt-health/mac:02010b41cdec/antenna/tag/e2806894000040038662114f, 88
1652707090.463687, sdrt-health/mac:02010b41cdec/antenna/tag/e2806894000050038662194f, 94
1652707090.464178, sdrt-health/mac:02010b41cdec/antenna/tag/e2806894000050038661fd4f, 83
1652707090.477266, sdrt-health/mac:02010b41cdec/antenna/tag/e2806894000050038662154f, 85
1652707090.52763, sdrt-health/mac:02010b41cdec/antenna/tag/e2806894000040038662114f, 85
1652707090.568984, sdrt-health/mac:02010b41cdec/antenna/tag/e2806894000050038662194f, 82
1652707090.639168, sdrt-health/mac:02010b41cdec/antenna/tag/e28068940000400386621d4f, 96
1652707090.687709, sdrt-health/mac:02010b41cdec/antenna/tag/e2806894000040038662114f, 88
1652707090.744968, sdrt-health/mac:02010b41cdec/antenna/tag/e2806894000040038662114f, 85
1652707090.745436, sdrt-health/mac:02010b41cdec/antenna/tag/e28068940000400386621d4f, 96
1652707090.769797, sdrt-health/mac:02010b41cdec/antenna/tag/e2806894000040038662114f, 85
1652707090.800594, sdrt-health/mac:02010b41cdec/antenna/tag/e28068940000400386621d4f, 77
1652707090.800866, sdrt-health/mac:02010b41cdec/antenna/tag/e2806894000050038661fd4f, 86
1652707090.81808, sdrt-health/mac:02010b41cdec/antenna/tag/e2806894000050038661fd4f, 83
1652707090.875282, sdrt-health/mac:02010b41cdec/antenna/tag/e2806894000050038662194f, 94
1652707090.875746, sdrt-health/mac:02010b41cdec/antenna/tag/e2806894000050038661fd4f, 83
1652707090.91751, sdrt-health/mac:02010b41cdec/antenna/tag/e2806894000050038662154f, 88
1652707090.958864, sdrt-health/mac:02010b41cdec/antenna/tag/e28068940000400386621d4f, 90
1652707090.987638, sdrt-health/mac:02010b41cdec/antenna/tag/e2806894000050038661fd4f, 86
1652707090.987897, sdrt-health/mac:02010b41cdec/antenna/tag/e2806894000040038662114f, 91
1652707090.988069, sdrt-health/mac:02010b41cdec/antenna/tag/e2806894000050038661fd4f, 86
1652707091.001947, sdrt-health/mac:02010b41cdec/antenna/tag/e2806894000040038662114f, 88
1652707091.037194, sdrt-health/mac:02010b41cdec/antenna/tag/e2806894000050038662154f, 88
1652707091.092541, sdrt-health/mac:02010b41cdec/antenna/tag/e28068940000400386621d4f, 90
1652707091.09304, sdrt-health/mac:02010b41cdec/antenna/tag/e2806894000050038661fd4f, 86
1652707091.125966, sdrt-health/mac:02010b41cdec/antenna/tag/e28068940000400386621d4f, 90
1652707091.167937, sdrt-health/mac:02010b41cdec/antenna/tag/e2806894000040038662114f, 85
1652707091.223107, sdrt-health/mac:02010b41cdec/antenna/tag/e2806894000050038662154f, 85
1652707091.273904, sdrt-health/mac:02010b41cdec/antenna/tag/e2806894000040038662114f, 93
1652707091.274266, sdrt-health/mac:02010b41cdec/antenna/tag/e2806894000050038661fd4f, 83
1652707091.289232, sdrt-health/mac:02010b41cdec/antenna/tag/e2806894000040038662114f, 85
1652707091.307515, sdrt-health/mac:02010b41cdec/antenna/tag/e28068940000400386621d4f, 90
1652707091.348819, sdrt-health/mac:02010b41cdec/antenna/tag/e2806894000040038662114f, 88
1652707091.376812, sdrt-health/mac:02010b41cdec/antenna/tag/e2806894000050038662154f, 88
1652707091.377087, sdrt-health/mac:02010b41cdec/antenna/tag/e2806894000040038662114f, 88
1652707091.377289, sdrt-health/mac:02010b41cdec/antenna/tag/e2806894000050038662154f, 88
1652707091.41576, sdrt-health/mac:02010b41cdec/antenna/tag/e2806894000050038661fd4f, 83
1652707091.46631, sdrt-health/mac:02010b41cdec/antenna/tag/e2806894000040038662114f, 91
1652707091.531124, sdrt-health/mac:02010b41cdec/antenna/tag/e2806894000040038662114f, 88
1652707091.531594, sdrt-health/mac:02010b41cdec/antenna/tag/e2806894000050038662154f, 88
1652707091.545287, sdrt-health/mac:02010b41cdec/antenna/tag/e2806894000050038662154f, 88
1652707091.557704, sdrt-health/mac:02010b41cdec/antenna/tag/e2806894000050038662154f, 85
1652707091.560605, sdrt-health/mac:02010b41cdec/antenna/tag/e28068940000400386621d4f, 90
1652707091.60671, sdrt-health/mac:02010b41cdec/antenna/tag/e2806894000040038662114f, 88
1652707091.692502, sdrt-health/mac:02010b41cdec/antenna/tag/e2806894000050038662194f, 88
1652707091.692968, sdrt-health/mac:02010b41cdec/antenna/tag/e28068940000400386621d4f, 96
1652707091.717768, sdrt-health/mac:02010b41cdec/antenna/tag/e2806894000050038662154f, 88
1652707091.77225, sdrt-health/mac:02010b41cdec/antenna/tag/e2806894000050038661fd4f, 83
1652707091.772531, sdrt-health/mac:02010b41cdec/antenna/tag/e28068940000400386621d4f, 90
1652707091.816319, sdrt-health/mac:02010b41cdec/antenna/tag/e2806894000040038662114f, 85
1652707091.859206, sdrt-health/mac:02010b41cdec/antenna/tag/e2806894000050038662154f, 85
1652707091.952377, sdrt-health/mac:02010b41cdec/antenna/tag/e2806894000040038662114f, 85
1652707091.952904, sdrt-health/mac:02010b41cdec/antenna/tag/e2806894000050038662154f, 88
1652707091.9966, sdrt-health/mac:02010b41cdec/antenna/tag/e2806894000050038661fd4f, 83
1652707092.037988, sdrt-health/mac:02010b41cdec/antenna/tag/e2806894000050038662154f, 88
1652707092.079473, sdrt-health/mac:02010b41cdec/antenna/tag/e2806894000040038661f94f, 88
1652707092.135369, sdrt-health/mac:02010b41cdec/antenna/tag/e2806894000040038662114f, 85
1652707092.135875, sdrt-health/mac:02010b41cdec/antenna/tag/e2806894000050038662194f, 94
1652707092.167624, sdrt-health/mac:02010b41cdec/antenna/tag/e28068940000400386621d4f, 96
1652707092.209157, sdrt-health/mac:02010b41cdec/antenna/tag/e28068940000500386620d4f, 81
1652707092.280685, sdrt-health/mac:02010b41cdec/antenna/tag/e28068940000400386621d4f, 90
1652707092.281128, sdrt-health/mac:02010b41cdec/antenna/tag/e2806894000050038661fd4f, 86
1652707092.294308, sdrt-health/mac:02010b41cdec/antenna/tag/e28068940000400386621d4f, 96
1652707092.294846, sdrt-health/mac:02010b41cdec/antenna/tag/e2806894000040038662114f, 88
1652707092.295274, sdrt-health/mac:02010b41cdec/antenna/tag/e2806894000050038662154f, 88
1652707092.298055, sdrt-health/mac:02010b41cdec/antenna/tag/e2806894000050038661fd4f, 86
1652707092.337789, sdrt-health/mac:02010b41cdec/antenna/tag/e2806894000040038662114f, 91
1652707092.394249, sdrt-health/mac:02010b41cdec/antenna/tag/e2806894000050038662154f, 88
1652707092.394738, sdrt-health/mac:02010b41cdec/antenna/tag/e2806894000050038662154f, 88
1652707092.435827, sdrt-health/mac:02010b41cdec/antenna/tag/e2806894000050038662154f, 88
1652707092.496645, sdrt-health/mac:02010b41cdec/antenna/tag/e2806894000050038662154f, 91
1652707092.5544, sdrt-health/mac:02010b41cdec/antenna/tag/e2806894000050038661fd4f, 86
1652707092.554949, sdrt-health/mac:02010b41cdec/antenna/tag/e2806894000050038661fd4f, 86
1652707092.569722, sdrt-health/mac:02010b41cdec/antenna/tag/e2806894000050038662154f, 91
1652707092.588512, sdrt-health/mac:02010b41cdec/antenna/tag/e2806894000040038662114f, 88
1652707092.627878, sdrt-health/mac:02010b41cdec/antenna/tag/e28068940000500386620d4f, 93
1652707092.696275, sdrt-health/mac:02010b41cdec/antenna/tag/e28068940000400386621d4f, 90
1652707092.696795, sdrt-health/mac:02010b41cdec/antenna/tag/e2806894000050038661fd4f, 83
1652707092.718486, sdrt-health/mac:02010b41cdec/antenna/tag/e28068940000400386621d4f, 77
1652707092.774871, sdrt-health/mac:02010b41cdec/antenna/tag/e2806894000050038661fd4f, 83
1652707092.775322, sdrt-health/mac:02010b41cdec/antenna/tag/e2806894000050038661fd4f, 83
1652707092.810084, sdrt-health/mac:02010b41cdec/antenna/tag/e2806894000050038662154f, 85
1652707092.841337, sdrt-health/mac:02010b41cdec/antenna/tag/e2806894000050038662194f, 81
1652707092.841735, sdrt-health/mac:02010b41cdec/antenna/tag/e2806894000040038662114f, 85
1652707092.842003, sdrt-health/mac:02010b41cdec/antenna/tag/e2806894000050038661fd4f, 83
1652707092.85747, sdrt-health/mac:02010b41cdec/antenna/tag/e28068940000400386621d4f, 90
1652707092.920025, sdrt-health/mac:02010b41cdec/antenna/tag/e2806894000050038661fd4f, 83
1652707092.949466, sdrt-health/mac:02010b41cdec/antenna/tag/e28068940000500386620d4f, 87
1652707092.949786, sdrt-health/mac:02010b41cdec/antenna/tag/e28068940000400386621d4f, 96
1652707092.950789, sdrt-health/mac:02010b41cdec/antenna/tag/e2806894000050038662154f, 88
1652707093.00882, sdrt-health/mac:02010b41cdec/antenna/tag/e2806894000050038661fd4f, 86
1652707093.056383, sdrt-health/mac:02010b41cdec/antenna/tag/e28068940000400386621d4f, 96
1652707093.10015, sdrt-health/mac:02010b41cdec/antenna/tag/e2806894000050038661fd4f, 83
1652707093.140173, sdrt-health/mac:02010b41cdec/antenna/tag/e2806894000050038661fd4f, 97
1652707093.202153, sdrt-health/mac:02010b41cdec/antenna/tag/e28068940000400386621d4f, 90
1652707093.202704, sdrt-health/mac:02010b41cdec/antenna/tag/e2806894000050038662154f, 85
1652707093.217327, sdrt-health/mac:02010b41cdec/antenna/tag/e28068940000500386620d4f, 87
1652707093.228763, sdrt-health/mac:02010b41cdec/antenna/tag/e28068940000400386621d4f, 90
1652707093.231993, sdrt-health/mac:02010b41cdec/antenna/tag/e28068940000400386621d4f, 90
1652707093.268212, sdrt-health/mac:02010b41cdec/antenna/tag/e2806894000050038662154f, 88
1652707093.326126, sdrt-health/mac:02010b41cdec/antenna/tag/e28068940000400386621d4f, 96
1652707093.326548, sdrt-health/mac:02010b41cdec/antenna/tag/e2806894000050038661fd4f, 86
1652707093.342341, sdrt-health/mac:02010b41cdec/antenna/tag/e2806894000040038662114f, 88
1652707093.358967, sdrt-health/mac:02010b41cdec/antenna/tag/e28068940000500386620d4f, 81
1652707093.3986, sdrt-health/mac:02010b41cdec/antenna/tag/e2806894000040038662114f, 88
1652707093.444305, sdrt-health/mac:02010b41cdec/antenna/tag/e2806894000050038661fd4f, 90
1652707093.534924, sdrt-health/mac:02010b41cdec/antenna/tag/e2806894000050038661fd4f, 86
1652707093.535431, sdrt-health/mac:02010b41cdec/antenna/tag/e2806894000040038662114f, 85
1652707093.557967, sdrt-health/mac:02010b41cdec/antenna/tag/e2806894000050038661fd4f, 83
1652707093.598285, sdrt-health/mac:02010b41cdec/antenna/tag/e28068940000500386620d4f, 87
1652707093.657983, sdrt-health/mac:02010b41cdec/antenna/tag/e2806894000040038662214f, 82
1652707093.721621, sdrt-health/mac:02010b41cdec/antenna/tag/e28068940000400386621d4f, 96
1652707093.722077, sdrt-health/mac:02010b41cdec/antenna/tag/e2806894000040038662114f, 85
1652707093.736569, sdrt-health/mac:02010b41cdec/antenna/tag/e28068940000500386620d4f, 81
1652707093.748939, sdrt-health/mac:02010b41cdec/antenna/tag/e2806894000050038661fd4f, 83
1652707093.796544, sdrt-health/mac:02010b41cdec/antenna/tag/e2806894000050038661fd4f, 83
1652707093.852854, sdrt-health/mac:02010b41cdec/antenna/tag/e2806894000050038662154f, 85
1652707093.853363, sdrt-health/mac:02010b41cdec/antenna/tag/e2806894000040038662114f, 85
1652707093.8779, sdrt-health/mac:02010b41cdec/antenna/tag/e2806894000040038662114f, 91
1652707093.919937, sdrt-health/mac:02010b41cdec/antenna/tag/e2806894000050038661fd4f, 86
1652707094.161335, sdrt-health/mac:02010b41cdec/antenna/tag/e2806894000050038662154f, 88
1652707094.161971, sdrt-health/mac:02010b41cdec/antenna/tag/e28068940000400386621d4f, 90
1652707094.162347, sdrt-health/mac:02010b41cdec/antenna/tag/e28068940000400386621d4f, 90
1652707094.162738, sdrt-health/mac:02010b41cdec/antenna/tag/e28068940000400386621d4f, 90
1652707094.203125, sdrt-health/mac:02010b41cdec/antenna/tag/e28068940000400386621d4f, 96
1652707094.240845, sdrt-health/mac:02010b41cdec/antenna/tag/e2806894000050038662154f, 88
1652707094.2762, sdrt-health/mac:02010b41cdec/antenna/tag/e2806894000050038662154f, 85
1652707094.276621, sdrt-health/mac:02010b41cdec/antenna/tag/e28068940000500386620d4f, 81
1652707094.276949, sdrt-health/mac:02010b41cdec/antenna/tag/e28068940000400386621d4f, 96
1652707094.27722, sdrt-health/mac:02010b41cdec/antenna/tag/e28068940000500386620d4f, 83
1652707094.282425, sdrt-health/mac:02010b41cdec/antenna/tag/e28068940000400386621d4f, 90
1652707094.327766, sdrt-health/mac:02010b41cdec/antenna/tag/e2806894000050038661fd4f, 83
1652707094.369448, sdrt-health/mac:02010b41cdec/antenna/tag/e28068940000500386620d4f, 83
1652707094.435317, sdrt-health/mac:02010b41cdec/antenna/tag/e2806894000040038662114f, 88
1652707094.435778, sdrt-health/mac:02010b41cdec/antenna/tag/e28068940000500386620d4f, 87
1652707094.453279, sdrt-health/mac:02010b41cdec/antenna/tag/e2806894000040038662114f, 85
1652707094.468209, sdrt-health/mac:02010b41cdec/antenna/tag/e2806894000050038661fd4f, 83
1652707094.524041, sdrt-health/mac:02010b41cdec/antenna/tag/e2806894000040038662114f, 88
1652707094.524461, sdrt-health/mac:02010b41cdec/antenna/tag/e2806894000050038662154f, 88
1652707094.539539, sdrt-health/mac:02010b41cdec/antenna/tag/e28068940000400386621d4f, 96
1652707094.55741, sdrt-health/mac:02010b41cdec/antenna/tag/e28068940000400386621d4f, 96
1652707094.59885, sdrt-health/mac:02010b41cdec/antenna/tag/e2806894000050038662154f, 85
1652707094.707278, sdrt-health/mac:02010b41cdec/antenna/tag/e28068940000500386620d4f, 83
1652707094.707739, sdrt-health/mac:02010b41cdec/antenna/tag/e2806894000040038662114f, 85
1652707094.74727, sdrt-health/mac:02010b41cdec/antenna/tag/e28068940000400386621d4f, 96
1652707094.806435, sdrt-health/mac:02010b41cdec/antenna/tag/e2806894000050038661fd4f, 86
1652707094.883127, sdrt-health/mac:02010b41cdec/antenna/tag/e28068940000400386621d4f, 90
1652707094.883629, sdrt-health/mac:02010b41cdec/antenna/tag/e2806894000050038662154f, 91
1652707094.897907, sdrt-health/mac:02010b41cdec/antenna/tag/e28068940000500386620d4f, 81
1652707094.898223, sdrt-health/mac:02010b41cdec/antenna/tag/e2806894000050038661fd4f, 86
1652707094.898447, sdrt-health/mac:02010b41cdec/antenna/tag/e2806894000050038662154f, 88
1652707094.91779, sdrt-health/mac:02010b41cdec/antenna/tag/e2806894000050038661fd4f, 86
1652707094.975081, sdrt-health/mac:02010b41cdec/antenna/tag/e2806894000050038661fd4f, 86
1652707094.975305, sdrt-health/mac:02010b41cdec/antenna/tag/e28068940000500386620d4f, 94
1652707095.089706, sdrt-health/mac:02010b41cdec/antenna/tag/e28068940000400386621d4f, 96
1652707095.129948, sdrt-health/mac:02010b41cdec/antenna/tag/e2806894000050038661fd4f, 83
1652707095.215161, sdrt-health/mac:02010b41cdec/antenna/tag/e2806894000050038662154f, 85
1652707095.215663, sdrt-health/mac:02010b41cdec/antenna/tag/e2806894000040038662114f, 88
1652707095.239485, sdrt-health/mac:02010b41cdec/antenna/tag/e2806894000050038661fd4f, 86
1652707095.293998, sdrt-health/mac:02010b41cdec/antenna/tag/e2806894000040038662114f, 88
1652707095.294512, sdrt-health/mac:02010b41cdec/antenna/tag/e2806894000050038661fd4f, 86
1652707095.308913, sdrt-health/mac:02010b41cdec/antenna/tag/e28068940000400386621d4f, 96
1652707095.348339, sdrt-health/mac:02010b41cdec/antenna/tag/e2806894000050038661fd4f, 86
1652707095.389508, sdrt-health/mac:02010b41cdec/antenna/tag/e2806894000050038662154f, 88
1652707095.428147, sdrt-health/mac:02010b41cdec/antenna/tag/e2806894000040038662114f, 85
1652707095.469317, sdrt-health/mac:02010b41cdec/antenna/tag/e2806894000050038662154f, 85
1652707095.523377, sdrt-health/mac:02010b41cdec/antenna/tag/e2806894000050038662154f, 85
1652707095.523876, sdrt-health/mac:02010b41cdec/antenna/tag/e2806894000040038662114f, 93
1652707095.567726, sdrt-health/mac:02010b41cdec/antenna/tag/e2806894000040038662114f, 85
1652707095.639134, sdrt-health/mac:02010b41cdec/antenna/tag/e2806894000050038661fd4f, 83
1652707095.688158, sdrt-health/mac:02010b41cdec/antenna/tag/e2806894000040038662114f, 85
1652707095.737196, sdrt-health/mac:02010b41cdec/antenna/tag/e28068940000400386621d4f, 96
1652707095.797281, sdrt-health/mac:02010b41cdec/antenna/tag/e28068940000500386620d4f, 87
1652707095.797732, sdrt-health/mac:02010b41cdec/antenna/tag/e28068940000500386620d4f, 87
1652707095.82891, sdrt-health/mac:02010b41cdec/antenna/tag/e2806894000040038662114f, 85
1652707095.877761, sdrt-health/mac:02010b41cdec/antenna/tag/e2806894000040038662114f, 88
1652707095.925888, sdrt-health/mac:02010b41cdec/antenna/tag/e2806894000050038662154f, 88
1652707095.955819, sdrt-health/mac:02010b41cdec/antenna/tag/e2806894000050038661fd4f, 83
1652707095.95613, sdrt-health/mac:02010b41cdec/antenna/tag/e2806894000050038661fd4f, 83
1652707095.956376, sdrt-health/mac:02010b41cdec/antenna/tag/e2806894000050038662154f, 88
1652707095.971181, sdrt-health/mac:02010b41cdec/antenna/tag/e2806894000050038661fd4f, 83
1652707096.003384, sdrt-health/mac:02010b41cdec/antenna/tag/e28068940000400386621d4f, 90
1652707096.048691, sdrt-health/mac:02010b41cdec/antenna/tag/e2806894000040038662114f, 88
1652707096.103313, sdrt-health/mac:02010b41cdec/antenna/tag/e2806894000040038662114f, 88
1652707096.103824, sdrt-health/mac:02010b41cdec/antenna/tag/e28068940000400386621d4f, 96
1652707096.117657, sdrt-health/mac:02010b41cdec/antenna/tag/e2806894000040038662114f, 88
1652707096.128459, sdrt-health/mac:02010b41cdec/antenna/tag/e2806894000050038662154f, 85
1652707096.169261, sdrt-health/mac:02010b41cdec/antenna/tag/e2806894000050038661fd4f, 97
1652707096.232087, sdrt-health/mac:02010b41cdec/antenna/tag/e28068940000400386621d4f, 77
1652707096.232562, sdrt-health/mac:02010b41cdec/antenna/tag/e2806894000050038662154f, 88
1652707096.259489, sdrt-health/mac:02010b41cdec/antenna/tag/e2806894000050038662154f, 88
1652707096.290792, sdrt-health/mac:02010b41cdec/antenna/tag/e28068940000400386621d4f, 90
1652707096.291111, sdrt-health/mac:02010b41cdec/antenna/tag/e28068940000400386621d4f, 96
1652707096.305138, sdrt-health/mac:02010b41cdec/antenna/tag/e2806894000050038661fd4f, 86
1652707096.338756, sdrt-health/mac:02010b41cdec/antenna/tag/e28068940000400386621d4f, 90
1652707096.381126, sdrt-health/mac:02010b41cdec/antenna/tag/e2806894000040038662114f, 88
1652707096.433631, sdrt-health/mac:02010b41cdec/antenna/tag/e2806894000050038662154f, 88
1652707096.434136, sdrt-health/mac:02010b41cdec/antenna/tag/e28068940000400386621d4f, 90
1652707096.478238, sdrt-health/mac:02010b41cdec/antenna/tag/e2806894000050038662154f, 88
1652707096.518892, sdrt-health/mac:02010b41cdec/antenna/tag/e2806894000050038661fd4f, 83
1652707096.561812, sdrt-health/mac:02010b41cdec/antenna/tag/e2806894000050038661fd4f, 86
1652707096.613627, sdrt-health/mac:02010b41cdec/antenna/tag/e28068940000400386621d4f, 90
1652707096.614094, sdrt-health/mac:02010b41cdec/antenna/tag/e2806894000050038661fd4f, 83
1652707096.646609, sdrt-health/mac:02010b41cdec/antenna/tag/e28068940000400386621d4f, 96
1652707096.70527, sdrt-health/mac:02010b41cdec/antenna/tag/e2806894000050038662154f, 88
1652707096.705765, sdrt-health/mac:02010b41cdec/antenna/tag/e2806894000050038661fd4f, 86
1652707096.757672, sdrt-health/mac:02010b41cdec/antenna/tag/e28068940000500386620d4f, 83
1652707096.806364, sdrt-health/mac:02010b41cdec/antenna/tag/e2806894000050038661fd4f, 97
1652707096.875224, sdrt-health/mac:02010b41cdec/antenna/tag/e28068940000400386621d4f, 96
1652707096.875741, sdrt-health/mac:02010b41cdec/antenna/tag/e2806894000050038662194f, 81
1652707096.908553, sdrt-health/mac:02010b41cdec/antenna/tag/e2806894000050038662154f, 88
1652707096.963701, sdrt-health/mac:02010b41cdec/antenna/tag/e2806894000050038661fd4f, 83
1652707096.994759, sdrt-health/mac:02010b41cdec/antenna/tag/e28068940000400386621d4f, 96
1652707096.995269, sdrt-health/mac:02010b41cdec/antenna/tag/e2806894000050038662194f, 81
1652707097.009156, sdrt-health/mac:02010b41cdec/antenna/tag/e28068940000500386620d4f, 83
1652707097.009463, sdrt-health/mac:02010b41cdec/antenna/tag/e2806894000050038662154f, 85
1652707097.038913, sdrt-health/mac:02010b41cdec/antenna/tag/e2806894000050038661fd4f, 83
1652707097.079588, sdrt-health/mac:02010b41cdec/antenna/tag/e28068940000400386621d4f, 96
1652707097.14399, sdrt-health/mac:02010b41cdec/antenna/tag/e2806894000050038661fd4f, 83
1652707097.144566, sdrt-health/mac:02010b41cdec/antenna/tag/e2806894000040038661f94f, 84
1652707097.167162, sdrt-health/mac:02010b41cdec/antenna/tag/e2806894000050038662194f, 83
1652707097.196739, sdrt-health/mac:02010b41cdec/antenna/tag/e2806894000050038661fd4f, 86
1652707097.197074, sdrt-health/mac:02010b41cdec/antenna/tag/e2806894000050038662154f, 91
1652707097.216695, sdrt-health/mac:02010b41cdec/antenna/tag/e2806894000050038662194f, 81
1652707097.247121, sdrt-health/mac:02010b41cdec/antenna/tag/e2806894000040038662114f, 85
1652707097.247375, sdrt-health/mac:02010b41cdec/antenna/tag/e28068940000400386621d4f, 96
1652707097.262637, sdrt-health/mac:02010b41cdec/antenna/tag/e28068940000400386621d4f, 96
1652707097.510479, sdrt-health/mac:02010b41cdec/antenna/tag/scan, scan stopped
