1652702314.646047, sdrt-health/mac:02010b41cdec/antenna/power/set, {"power": 280}
1652702315.747727, sdrt-health/mac:02010b41cdec/antenna/power/set, 
1652702319.669644, sdrt-health/mac:02010b41cdec/antenna/tag/scan, {"time": 20000}
1652702320.031851, sdrt-health/mac:02010b41cdec/antenna/tag/e28068940000400386621d4f, 77
1652702320.083512, sdrt-health/mac:02010b41cdec/antenna/tag/e2806894000040038662054f, 81
1652702320.123819, sdrt-health/mac:02010b41cdec/antenna/tag/e2806894000040038662114f, 87
1652702320.162633, sdrt-health/mac:02010b41cdec/antenna/tag/e2806894000040038662114f, 93
1652702320.231333, sdrt-health/mac:02010b41cdec/antenna/tag/e28068940000400386621d4f, 90
1652702320.23178, sdrt-health/mac:02010b41cdec/antenna/tag/e28068940000400386621d4f, 90
1652702320.252553, sdrt-health/mac:02010b41cdec/antenna/tag/e2806894000040038662114f, 93
1652702320.327671, sdrt-health/mac:02010b41cdec/antenna/tag/e2806894000040038662114f, 85
1652702320.32812, sdrt-health/mac:02010b41cdec/antenna/tag/e28068940000400386621d4f, 90
1652702320.341451, sdrt-health/mac:02010b41cdec/antenna/tag/e2806894000050038661fd4f, 97
1652702320.341884, sdrt-health/mac:02010b41cdec/antenna/tag/e28068940000500386620d4f, 83
1652702320.375182, sdrt-health/mac:02010b41cdec/antenna/tag/e2806894000050038662154f, 85
1652702320.422644, sdrt-health/mac:02010b41cdec/antenna/tag/e2806894000050038662154f, 85
1652702320.451854, sdrt-health/mac:02010b41cdec/antenna/tag/e28068940000400386621d4f, 96
1652702320.452129, sdrt-health/mac:02010b41cdec/antenna/tag/e2806894000040038662114f, 88
1652702320.493429, sdrt-health/mac:02010b41cdec/antenna/tag/e2806894000040038662114f, 85
1652702320.537713, sdrt-health/mac:02010b41cdec/antenna/tag/e2806894000050038661fd4f, 91
1652702320.538582, sdrt-health/mac:02010b41cdec/antenna/tag/e2806894000040038662114f, 85
1652702320.632605, sdrt-health/mac:02010b41cdec/antenna/tag/e28068940000500386620d4f, 83
1652702320.673254, sdrt-health/mac:02010b41cdec/antenna/tag/e2806894000050038662154f, 85
1652702320.758703, sdrt-health/mac:02010b41cdec/antenna/tag/e28068940000500386620d4f, 83
1652702320.75922, sdrt-health/mac:02010b41cdec/antenna/tag/e2806894000050038661fd4f, 91
1652702320.818568, sdrt-health/mac:02010b41cdec/antenna/tag/e2806894000050038661fd4f, 97
1652702320.888346, sdrt-health/mac:02010b41cdec/antenna/tag/e2806894000040038662114f, 85
1652702320.888887, sdrt-health/mac:02010b41cdec/antenna/tag/e2806894000050038661fd4f, 91
1652702320.912082, sdrt-health/mac:02010b41cdec/antenna/tag/e28068940000400386621d4f, 96
1652702320.979111, sdrt-health/mac:02010b41cdec/antenna/tag/e28068940000400386621d4f, 96
1652702320.979613, sdrt-health/mac:02010b41cdec/antenna/tag/e2806894000040038662114f, 85
1652702320.995171, sdrt-health/mac:02010b41cdec/antenna/tag/e2806894000050038661fd4f, 97
1652702321.003282, sdrt-health/mac:02010b41cdec/antenna/tag/e28068940000500386620d4f, 83
1652702321.011279, sdrt-health/mac:02010b41cdec/antenna/tag/e2806894000040038662114f, 81
1652702321.106944, sdrt-health/mac:02010b41cdec/antenna/tag/e28068940000500386620d4f, 83
1652702321.184972, sdrt-health/mac:02010b41cdec/antenna/tag/e28068940000400386621d4f, 77
1652702321.215589, sdrt-health/mac:02010b41cdec/antenna/tag/e28068940000400386621d4f, 77
1652702321.215944, sdrt-health/mac:02010b41cdec/antenna/tag/e28068940000500386620d4f, 83
1652702321.216224, sdrt-health/mac:02010b41cdec/antenna/tag/e2806894000050038662154f, 85
1652702321.230643, sdrt-health/mac:02010b41cdec/antenna/tag/e2806894000040038662114f, 93
1652702321.27302, sdrt-health/mac:02010b41cdec/antenna/tag/e2806894000040038662114f, 85
1652702321.312319, sdrt-health/mac:02010b41cdec/antenna/tag/e2806894000050038661fd4f, 91
1652702321.379212, sdrt-health/mac:02010b41cdec/antenna/tag/e2806894000040038662114f, 85
1652702321.379701, sdrt-health/mac:02010b41cdec/antenna/tag/e2806894000040038662114f, 85
1652702321.404869, sdrt-health/mac:02010b41cdec/antenna/tag/e2806894000040038662114f, 87
1652702321.437228, sdrt-health/mac:02010b41cdec/antenna/tag/e2806894000050038661fd4f, 91
1652702321.437528, sdrt-health/mac:02010b41cdec/antenna/tag/e2806894000040038662114f, 83
1652702321.453237, sdrt-health/mac:02010b41cdec/antenna/tag/e2806894000050038662154f, 85
1652702321.453482, sdrt-health/mac:02010b41cdec/antenna/tag/e2806894000040038662114f, 85
1652702321.482883, sdrt-health/mac:02010b41cdec/antenna/tag/e2806894000050038662154f, 93
1652702321.539628, sdrt-health/mac:02010b41cdec/antenna/tag/e28068940000500386620d4f, 83
1652702321.540081, sdrt-health/mac:02010b41cdec/antenna/tag/e28068940000500386620d4f, 83
1652702321.554127, sdrt-health/mac:02010b41cdec/antenna/tag/e2806894000050038662154f, 88
1652702321.564605, sdrt-health/mac:02010b41cdec/antenna/tag/e28068940000400386621d4f, 96
1652702321.570886, sdrt-health/mac:02010b41cdec/antenna/tag/e28068940000400386621d4f, 77
1652702321.603709, sdrt-health/mac:02010b41cdec/antenna/tag/e28068940000500386620d4f, 83
1652702321.643297, sdrt-health/mac:02010b41cdec/antenna/tag/e2806894000040038662214f, 94
1652702321.725287, sdrt-health/mac:02010b41cdec/antenna/tag/e28068940000500386620d4f, 83
1652702321.725514, sdrt-health/mac:02010b41cdec/antenna/tag/e2806894000050038661fd4f, 91
1652702321.763096, sdrt-health/mac:02010b41cdec/antenna/tag/e28068940000500386620d4f, 83
1652702321.802691, sdrt-health/mac:02010b41cdec/antenna/tag/e2806894000050038661fd4f, 91
1652702321.80308, sdrt-health/mac:02010b41cdec/antenna/tag/e2806894000040038662114f, 85
1652702321.817608, sdrt-health/mac:02010b41cdec/antenna/tag/e2806894000050038661fd4f, 97
1652702321.817999, sdrt-health/mac:02010b41cdec/antenna/tag/e2806894000050038661fd4f, 97
1652702321.84267, sdrt-health/mac:02010b41cdec/antenna/tag/e28068940000400386621d4f, 90
1652702321.912012, sdrt-health/mac:02010b41cdec/antenna/tag/e2806894000040038662114f, 88
1652702321.912314, sdrt-health/mac:02010b41cdec/antenna/tag/e2806894000040038662114f, 85
1652702321.943379, sdrt-health/mac:02010b41cdec/antenna/tag/e2806894000050038661fd4f, 83
1652702321.973903, sdrt-health/mac:02010b41cdec/antenna/tag/e28068940000400386621d4f, 96
1652702321.974176, sdrt-health/mac:02010b41cdec/antenna/tag/e2806894000040038661f94f, 81
1652702321.992626, sdrt-health/mac:02010b41cdec/antenna/tag/e2806894000040038662114f, 93
1652702322.033025, sdrt-health/mac:02010b41cdec/antenna/tag/e2806894000040038662114f, 93
1652702322.064132, sdrt-health/mac:02010b41cdec/antenna/tag/e28068940000500386620d4f, 83
1652702322.064474, sdrt-health/mac:02010b41cdec/antenna/tag/e28068940000400386621d4f, 77
1652702322.091597, sdrt-health/mac:02010b41cdec/antenna/tag/e2806894000050038662154f, 93
1652702322.153614, sdrt-health/mac:02010b41cdec/antenna/tag/e2806894000050038661fd4f, 91
1652702322.154116, sdrt-health/mac:02010b41cdec/antenna/tag/e2806894000050038661fd4f, 97
1652702322.170542, sdrt-health/mac:02010b41cdec/antenna/tag/e28068940000500386620d4f, 83
1652702322.182359, sdrt-health/mac:02010b41cdec/antenna/tag/e28068940000500386620d4f, 83
1652702322.185793, sdrt-health/mac:02010b41cdec/antenna/tag/e2806894000050038662154f, 88
1652702322.186223, sdrt-health/mac:02010b41cdec/antenna/tag/e28068940000400386621d4f, 96
1652702322.243519, sdrt-health/mac:02010b41cdec/antenna/tag/e2806894000050038661fd4f, 97
1652702322.273548, sdrt-health/mac:02010b41cdec/antenna/tag/e2806894000050038662154f, 88
1652702322.273983, sdrt-health/mac:02010b41cdec/antenna/tag/e28068940000400386621d4f, 96
1652702322.274314, sdrt-health/mac:02010b41cdec/antenna/tag/e2806894000040038662114f, 85
1652702322.29628, sdrt-health/mac:02010b41cdec/antenna/tag/e2806894000040038662114f, 85
1652702322.368359, sdrt-health/mac:02010b41cdec/antenna/tag/e28068940000400386621d4f, 96
1652702322.36881, sdrt-health/mac:02010b41cdec/antenna/tag/e2806894000040038662114f, 88
1652702322.404918, sdrt-health/mac:02010b41cdec/antenna/tag/e28068940000400386621d4f, 96
1652702322.457147, sdrt-health/mac:02010b41cdec/antenna/tag/e28068940000500386620d4f, 83
1652702322.527666, sdrt-health/mac:02010b41cdec/antenna/tag/e2806894000050038661fd4f, 97
1652702322.528247, sdrt-health/mac:02010b41cdec/antenna/tag/e2806894000040038662114f, 85
1652702322.543739, sdrt-health/mac:02010b41cdec/antenna/tag/e28068940000500386620d4f, 90
1652702322.570952, sdrt-health/mac:02010b41cdec/antenna/tag/e28068940000500386620d4f, 83
1652702322.632526, sdrt-health/mac:02010b41cdec/antenna/tag/e2806894000050038662154f, 93
1652702322.633037, sdrt-health/mac:02010b41cdec/antenna/tag/e28068940000400386621d4f, 96
1652702322.647562, sdrt-health/mac:02010b41cdec/antenna/tag/e2806894000050038662154f, 93
1652702322.662537, sdrt-health/mac:02010b41cdec/antenna/tag/e28068940000400386621d4f, 96
1652702322.712349, sdrt-health/mac:02010b41cdec/antenna/tag/e28068940000400386621d4f, 77
1652702322.752398, sdrt-health/mac:02010b41cdec/antenna/tag/e2806894000040038662114f, 87
1652702322.819532, sdrt-health/mac:02010b41cdec/antenna/tag/e2806894000050038661fd4f, 91
1652702322.819909, sdrt-health/mac:02010b41cdec/antenna/tag/e28068940000500386620d4f, 80
1652702322.820184, sdrt-health/mac:02010b41cdec/antenna/tag/e2806894000040038662114f, 85
1652702322.841506, sdrt-health/mac:02010b41cdec/antenna/tag/e28068940000400386621d4f, 96
1652702322.953247, sdrt-health/mac:02010b41cdec/antenna/tag/e2806894000040038662114f, 93
1652702322.953523, sdrt-health/mac:02010b41cdec/antenna/tag/e2806894000040038662114f, 85
1652702322.982373, sdrt-health/mac:02010b41cdec/antenna/tag/e2806894000040038662114f, 85
1652702322.982745, sdrt-health/mac:02010b41cdec/antenna/tag/e28068940000400386621d4f, 96
1652702323.032633, sdrt-health/mac:02010b41cdec/antenna/tag/e2806894000040038662114f, 93
1652702323.104841, sdrt-health/mac:02010b41cdec/antenna/tag/e2806894000050038661fd4f, 91
1652702323.105364, sdrt-health/mac:02010b41cdec/antenna/tag/e2806894000050038662154f, 93
1652702323.105784, sdrt-health/mac:02010b41cdec/antenna/tag/e28068940000400386621d4f, 96
1652702323.141236, sdrt-health/mac:02010b41cdec/antenna/tag/e2806894000050038661fd4f, 83
1652702323.170832, sdrt-health/mac:02010b41cdec/antenna/tag/e2806894000040038662114f, 93
1652702323.171088, sdrt-health/mac:02010b41cdec/antenna/tag/e2806894000040038662114f, 85
1652702323.192934, sdrt-health/mac:02010b41cdec/antenna/tag/e2806894000040038662114f, 88
1652702323.232339, sdrt-health/mac:02010b41cdec/antenna/tag/e28068940000400386621d4f, 90
1652702323.232634, sdrt-health/mac:02010b41cdec/antenna/tag/e2806894000040038662114f, 85
1652702323.291246, sdrt-health/mac:02010b41cdec/antenna/tag/e2806894000050038662154f, 85
1652702323.368272, sdrt-health/mac:02010b41cdec/antenna/tag/e28068940000400386621d4f, 96
1652702323.368815, sdrt-health/mac:02010b41cdec/antenna/tag/e28068940000400386621d4f, 96
1652702323.401144, sdrt-health/mac:02010b41cdec/antenna/tag/e28068940000400386621d4f, 96
1652702323.429561, sdrt-health/mac:02010b41cdec/antenna/tag/e28068940000500386620d4f, 83
1652702323.429977, sdrt-health/mac:02010b41cdec/antenna/tag/e2806894000050038661fd4f, 83
1652702323.445032, sdrt-health/mac:02010b41cdec/antenna/tag/e2806894000050038662154f, 85
1652702323.482834, sdrt-health/mac:02010b41cdec/antenna/tag/e2806894000040038662114f, 93
1652702323.530734, sdrt-health/mac:02010b41cdec/antenna/tag/e2806894000050038661fd4f, 91
1652702323.606624, sdrt-health/mac:02010b41cdec/antenna/tag/e28068940000400386621d4f, 96
1652702323.607198, sdrt-health/mac:02010b41cdec/antenna/tag/e2806894000050038662154f, 93
1652702323.633574, sdrt-health/mac:02010b41cdec/antenna/tag/e2806894000050038662154f, 93
1652702323.684651, sdrt-health/mac:02010b41cdec/antenna/tag/e2806894000050038661fd4f, 97
1652702323.752134, sdrt-health/mac:02010b41cdec/antenna/tag/e2806894000040038662114f, 83
1652702323.792287, sdrt-health/mac:02010b41cdec/antenna/tag/e2806894000040038662114f, 87
1652702323.906056, sdrt-health/mac:02010b41cdec/antenna/tag/e28068940000400386621d4f, 96
1652702323.963233, sdrt-health/mac:02010b41cdec/antenna/tag/e2806894000040038662114f, 85
1652702324.01392, sdrt-health/mac:02010b41cdec/antenna/tag/e28068940000500386620d4f, 83
1652702324.071245, sdrt-health/mac:02010b41cdec/antenna/tag/e2806894000050038661fd4f, 91
1652702324.07173, sdrt-health/mac:02010b41cdec/antenna/tag/e28068940000400386621d4f, 96
1652702324.087128, sdrt-health/mac:02010b41cdec/antenna/tag/e28068940000500386620d4f, 80
1652702324.08758, sdrt-health/mac:02010b41cdec/antenna/tag/e2806894000050038661fd4f, 97
1652702324.102545, sdrt-health/mac:02010b41cdec/antenna/tag/e2806894000040038662114f, 85
1652702324.168342, sdrt-health/mac:02010b41cdec/antenna/tag/e2806894000040038662114f, 93
1652702324.168642, sdrt-health/mac:02010b41cdec/antenna/tag/e2806894000050038661fd4f, 83
1652702324.191711, sdrt-health/mac:02010b41cdec/antenna/tag/e28068940000500386620d4f, 80
1652702324.221628, sdrt-health/mac:02010b41cdec/antenna/tag/e28068940000500386620d4f, 83
1652702324.221858, sdrt-health/mac:02010b41cdec/antenna/tag/e2806894000050038661fd4f, 83
1652702324.242945, sdrt-health/mac:02010b41cdec/antenna/tag/e2806894000050038661fd4f, 83
1652702324.284683, sdrt-health/mac:02010b41cdec/antenna/tag/e2806894000050038662154f, 85
1652702324.314639, sdrt-health/mac:02010b41cdec/antenna/tag/e2806894000040038662114f, 85
1652702324.314936, sdrt-health/mac:02010b41cdec/antenna/tag/e2806894000050038661fd4f, 83
1652702324.330812, sdrt-health/mac:02010b41cdec/antenna/tag/e28068940000500386620d4f, 80
1652702324.331232, sdrt-health/mac:02010b41cdec/antenna/tag/e2806894000050038662154f, 88
1652702324.363152, sdrt-health/mac:02010b41cdec/antenna/tag/e2806894000050038661fd4f, 97
1652702324.402872, sdrt-health/mac:02010b41cdec/antenna/tag/e2806894000040038662114f, 93
1652702324.404037, sdrt-health/mac:02010b41cdec/antenna/tag/e28068940000500386620d4f, 83
1652702324.442908, sdrt-health/mac:02010b41cdec/antenna/tag/e28068940000500386620d4f, 80
1652702324.483511, sdrt-health/mac:02010b41cdec/antenna/tag/e28068940000500386620d4f, 83
1652702324.524077, sdrt-health/mac:02010b41cdec/antenna/tag/e2806894000040038662214f, 88
1652702324.578531, sdrt-health/mac:02010b41cdec/antenna/tag/e28068940000500386620d4f, 83
1652702324.578977, sdrt-health/mac:02010b41cdec/antenna/tag/e28068940000400386621d4f, 77
1652702324.652775, sdrt-health/mac:02010b41cdec/antenna/tag/e2806894000050038661fd4f, 97
1652702324.744561, sdrt-health/mac:02010b41cdec/antenna/tag/e2806894000040038662114f, 85
1652702324.808354, sdrt-health/mac:02010b41cdec/antenna/tag/e28068940000500386620d4f, 83
1652702324.80895, sdrt-health/mac:02010b41cdec/antenna/tag/e2806894000050038662154f, 85
1652702324.825283, sdrt-health/mac:02010b41cdec/antenna/tag/e2806894000040038662114f, 88
1652702324.999028, sdrt-health/mac:02010b41cdec/antenna/tag/e28068940000500386620d4f, 83
1652702324.99958, sdrt-health/mac:02010b41cdec/antenna/tag/e2806894000050038662154f, 85
1652702325.014903, sdrt-health/mac:02010b41cdec/antenna/tag/e2806894000040038662114f, 85
1652702325.015262, sdrt-health/mac:02010b41cdec/antenna/tag/e2806894000050038661fd4f, 97
1652702325.015492, sdrt-health/mac:02010b41cdec/antenna/tag/e2806894000040038662114f, 85
1652702325.015746, sdrt-health/mac:02010b41cdec/antenna/tag/e2806894000040038662114f, 88
1652702325.015999, sdrt-health/mac:02010b41cdec/antenna/tag/e2806894000050038662154f, 85
1652702325.016226, sdrt-health/mac:02010b41cdec/antenna/tag/e2806894000050038662154f, 85
1652702325.033718, sdrt-health/mac:02010b41cdec/antenna/tag/e28068940000500386620d4f, 83
1652702325.03551, sdrt-health/mac:02010b41cdec/antenna/tag/e2806894000050038662154f, 87
1652702325.035738, sdrt-health/mac:02010b41cdec/antenna/tag/e2806894000040038662114f, 87
1652702325.074586, sdrt-health/mac:02010b41cdec/antenna/tag/e28068940000500386620d4f, 90
1652702325.10735, sdrt-health/mac:02010b41cdec/antenna/tag/e28068940000400386621d4f, 96
1652702325.107764, sdrt-health/mac:02010b41cdec/antenna/tag/e2806894000050038662154f, 85
1652702325.1081, sdrt-health/mac:02010b41cdec/antenna/tag/e28068940000400386621d4f, 77
1652702325.123321, sdrt-health/mac:02010b41cdec/antenna/tag/e28068940000500386620d4f, 83
1652702325.162336, sdrt-health/mac:02010b41cdec/antenna/tag/e28068940000500386620d4f, 83
1652702325.163641, sdrt-health/mac:02010b41cdec/antenna/tag/e2806894000050038661fd4f, 97
1652702325.177498, sdrt-health/mac:02010b41cdec/antenna/tag/e28068940000500386620d4f, 80
1652702325.202991, sdrt-health/mac:02010b41cdec/antenna/tag/e2806894000050038662154f, 85
1652702325.259219, sdrt-health/mac:02010b41cdec/antenna/tag/e28068940000400386621d4f, 96
1652702325.259823, sdrt-health/mac:02010b41cdec/antenna/tag/e2806894000050038661fd4f, 97
1652702325.282989, sdrt-health/mac:02010b41cdec/antenna/tag/e2806894000050038662154f, 88
1652702325.321968, sdrt-health/mac:02010b41cdec/antenna/tag/e2806894000050038662154f, 85
1652702325.361492, sdrt-health/mac:02010b41cdec/antenna/tag/e28068940000400386621d4f, 96
1652702325.420152, sdrt-health/mac:02010b41cdec/antenna/tag/e2806894000050038662154f, 88
1652702325.420428, sdrt-health/mac:02010b41cdec/antenna/tag/e2806894000050038662154f, 83
1652702325.442938, sdrt-health/mac:02010b41cdec/antenna/tag/e28068940000400386621d4f, 77
1652702325.4745, sdrt-health/mac:02010b41cdec/antenna/tag/e28068940000500386620d4f, 83
1652702325.474966, sdrt-health/mac:02010b41cdec/antenna/tag/e2806894000050038662154f, 93
1652702325.534273, sdrt-health/mac:02010b41cdec/antenna/tag/e2806894000050038662154f, 85
1652702325.60357, sdrt-health/mac:02010b41cdec/antenna/tag/e28068940000400386621d4f, 96
1652702325.657537, sdrt-health/mac:02010b41cdec/antenna/tag/e2806894000040038662114f, 87
1652702325.65777, sdrt-health/mac:02010b41cdec/antenna/tag/e2806894000050038662154f, 85
1652702325.673426, sdrt-health/mac:02010b41cdec/antenna/tag/e28068940000500386620d4f, 80
1652702325.682204, sdrt-health/mac:02010b41cdec/antenna/tag/e28068940000400386621d4f, 96
1652702325.722808, sdrt-health/mac:02010b41cdec/antenna/tag/e28068940000500386620d4f, 80
1652702325.762796, sdrt-health/mac:02010b41cdec/antenna/tag/e28068940000400386621d4f, 96
1652702325.831817, sdrt-health/mac:02010b41cdec/antenna/tag/e2806894000050038662154f, 85
1652702325.832318, sdrt-health/mac:02010b41cdec/antenna/tag/e2806894000040038662054f, 82
1652702325.847702, sdrt-health/mac:02010b41cdec/antenna/tag/e28068940000500386620d4f, 83
1652702325.86245, sdrt-health/mac:02010b41cdec/antenna/tag/e2806894000040038662114f, 85
1652702325.928853, sdrt-health/mac:02010b41cdec/antenna/tag/e28068940000500386620d4f, 83
1652702325.929223, sdrt-health/mac:02010b41cdec/antenna/tag/e28068940000500386620d4f, 83
1652702325.944509, sdrt-health/mac:02010b41cdec/antenna/tag/e28068940000400386621d4f, 96
1652702325.954541, sdrt-health/mac:02010b41cdec/antenna/tag/e28068940000500386620d4f, 83
1652702326.002215, sdrt-health/mac:02010b41cdec/antenna/tag/e28068940000400386621d4f, 96
1652702326.059517, sdrt-health/mac:02010b41cdec/antenna/tag/e28068940000500386620d4f, 83
1652702326.059898, sdrt-health/mac:02010b41cdec/antenna/tag/e28068940000500386620d4f, 83
1652702326.093112, sdrt-health/mac:02010b41cdec/antenna/tag/e28068940000500386620d4f, 83
1652702326.170257, sdrt-health/mac:02010b41cdec/antenna/tag/e2806894000050038661fd4f, 83
1652702326.170622, sdrt-health/mac:02010b41cdec/antenna/tag/e28068940000500386620d4f, 83
1652702326.185892, sdrt-health/mac:02010b41cdec/antenna/tag/e2806894000040038662114f, 85
1652702326.186136, sdrt-health/mac:02010b41cdec/antenna/tag/e28068940000400386621d4f, 96
1652702326.192818, sdrt-health/mac:02010b41cdec/antenna/tag/e28068940000400386621d4f, 96
1652702326.201114, sdrt-health/mac:02010b41cdec/antenna/tag/e2806894000040038662114f, 85
1652702326.242747, sdrt-health/mac:02010b41cdec/antenna/tag/e2806894000050038662154f, 88
1652702326.28335, sdrt-health/mac:02010b41cdec/antenna/tag/e2806894000040038662114f, 85
1652702326.341248, sdrt-health/mac:02010b41cdec/antenna/tag/e28068940000500386620d4f, 83
1652702326.341862, sdrt-health/mac:02010b41cdec/antenna/tag/e28068940000500386620d4f, 83
1652702326.356281, sdrt-health/mac:02010b41cdec/antenna/tag/e2806894000040038662114f, 93
1652702326.364479, sdrt-health/mac:02010b41cdec/antenna/tag/e2806894000050038662154f, 93
1652702326.371847, sdrt-health/mac:02010b41cdec/antenna/tag/e28068940000500386620d4f, 83
1652702326.403329, sdrt-health/mac:02010b41cdec/antenna/tag/e2806894000040038662114f, 93
1652702326.474336, sdrt-health/mac:02010b41cdec/antenna/tag/e28068940000400386621d4f, 77
1652702326.474584, sdrt-health/mac:02010b41cdec/antenna/tag/e28068940000400386621d4f, 77
1652702326.505736, sdrt-health/mac:02010b41cdec/antenna/tag/e2806894000040038662114f, 93
1652702326.539614, sdrt-health/mac:02010b41cdec/antenna/tag/e28068940000500386620d4f, 83
1652702326.539905, sdrt-health/mac:02010b41cdec/antenna/tag/e2806894000040038662114f, 87
1652702326.55806, sdrt-health/mac:02010b41cdec/antenna/tag/e28068940000400386621d4f, 77
1652702326.593384, sdrt-health/mac:02010b41cdec/antenna/tag/e28068940000500386620d4f, 83
1652702326.625946, sdrt-health/mac:02010b41cdec/antenna/tag/e2806894000050038662154f, 88
1652702326.62628, sdrt-health/mac:02010b41cdec/antenna/tag/e2806894000040038662114f, 87
1652702326.644578, sdrt-health/mac:02010b41cdec/antenna/tag/e28068940000400386621d4f, 96
1652702326.713033, sdrt-health/mac:02010b41cdec/antenna/tag/e28068940000500386620d4f, 83
1652702326.713587, sdrt-health/mac:02010b41cdec/antenna/tag/e2806894000040038662114f, 93
1652702326.743035, sdrt-health/mac:02010b41cdec/antenna/tag/e2806894000040038662114f, 85
1652702326.810157, sdrt-health/mac:02010b41cdec/antenna/tag/e2806894000050038662154f, 85
1652702326.81086, sdrt-health/mac:02010b41cdec/antenna/tag/e2806894000050038662154f, 85
1652702326.824937, sdrt-health/mac:02010b41cdec/antenna/tag/e28068940000400386621d4f, 96
1652702326.834497, sdrt-health/mac:02010b41cdec/antenna/tag/e2806894000050038661fd4f, 83
1652702326.840608, sdrt-health/mac:02010b41cdec/antenna/tag/e2806894000050038661fd4f, 97
1652702326.890818, sdrt-health/mac:02010b41cdec/antenna/tag/e2806894000050038662194f, 83
1652702326.954078, sdrt-health/mac:02010b41cdec/antenna/tag/e28068940000400386621d4f, 96
1652702326.954671, sdrt-health/mac:02010b41cdec/antenna/tag/e28068940000400386621d4f, 96
1652702326.970189, sdrt-health/mac:02010b41cdec/antenna/tag/e28068940000400386621d4f, 96
1652702326.981225, sdrt-health/mac:02010b41cdec/antenna/tag/e28068940000400386621d4f, 96
1652702327.034185, sdrt-health/mac:02010b41cdec/antenna/tag/e2806894000040038662114f, 93
1652702327.091249, sdrt-health/mac:02010b41cdec/antenna/tag/e2806894000050038662154f, 87
1652702327.091763, sdrt-health/mac:02010b41cdec/antenna/tag/e28068940000500386620d4f, 83
1652702327.092212, sdrt-health/mac:02010b41cdec/antenna/tag/e28068940000400386621d4f, 77
1652702327.108512, sdrt-health/mac:02010b41cdec/antenna/tag/e2806894000040038662114f, 93
1652702327.140487, sdrt-health/mac:02010b41cdec/antenna/tag/e2806894000040038662114f, 85
1652702327.226363, sdrt-health/mac:02010b41cdec/antenna/tag/e28068940000400386621d4f, 96
1652702327.226989, sdrt-health/mac:02010b41cdec/antenna/tag/e28068940000400386621d4f, 96
1652702327.24165, sdrt-health/mac:02010b41cdec/antenna/tag/e2806894000050038662154f, 88
1652702327.257164, sdrt-health/mac:02010b41cdec/antenna/tag/e28068940000400386621d4f, 96
1652702327.316989, sdrt-health/mac:02010b41cdec/antenna/tag/e2806894000040038662114f, 85
1652702327.317419, sdrt-health/mac:02010b41cdec/antenna/tag/e28068940000500386620d4f, 83
1652702327.353489, sdrt-health/mac:02010b41cdec/antenna/tag/e28068940000500386620d4f, 83
1652702327.393025, sdrt-health/mac:02010b41cdec/antenna/tag/e28068940000500386620d4f, 83
1652702327.423742, sdrt-health/mac:02010b41cdec/antenna/tag/e28068940000400386621d4f, 96
1652702327.423944, sdrt-health/mac:02010b41cdec/antenna/tag/e2806894000050038662154f, 85
1652702327.424062, sdrt-health/mac:02010b41cdec/antenna/tag/e2806894000050038661fd4f, 97
1652702327.442547, sdrt-health/mac:02010b41cdec/antenna/tag/e28068940000400386621d4f, 96
1652702327.471775, sdrt-health/mac:02010b41cdec/antenna/tag/e2806894000050038662154f, 88
1652702327.472264, sdrt-health/mac:02010b41cdec/antenna/tag/e2806894000040038662114f, 85
1652702327.47267, sdrt-health/mac:02010b41cdec/antenna/tag/e28068940000400386621d4f, 96
1652702327.486653, sdrt-health/mac:02010b41cdec/antenna/tag/e28068940000400386621d4f, 77
1652702327.522477, sdrt-health/mac:02010b41cdec/antenna/tag/e28068940000500386620d4f, 90
1652702327.578483, sdrt-health/mac:02010b41cdec/antenna/tag/e28068940000400386621d4f, 96
1652702327.57893, sdrt-health/mac:02010b41cdec/antenna/tag/e28068940000500386620d4f, 90
1652702327.602479, sdrt-health/mac:02010b41cdec/antenna/tag/e28068940000400386621d4f, 77
1652702327.64205, sdrt-health/mac:02010b41cdec/antenna/tag/e28068940000400386621d4f, 77
1652702327.682552, sdrt-health/mac:02010b41cdec/antenna/tag/e2806894000040038662114f, 87
1652702327.722302, sdrt-health/mac:02010b41cdec/antenna/tag/e28068940000400386621d4f, 96
1652702327.762487, sdrt-health/mac:02010b41cdec/antenna/tag/e28068940000400386621d4f, 77
1652702327.818994, sdrt-health/mac:02010b41cdec/antenna/tag/e28068940000400386621d4f, 77
1652702327.819508, sdrt-health/mac:02010b41cdec/antenna/tag/e2806894000050038662154f, 93
1652702327.835651, sdrt-health/mac:02010b41cdec/antenna/tag/e28068940000400386621d4f, 77
1652702327.843008, sdrt-health/mac:02010b41cdec/antenna/tag/e28068940000400386621d4f, 96
1652702327.882837, sdrt-health/mac:02010b41cdec/antenna/tag/e28068940000400386621d4f, 77
1652702327.922021, sdrt-health/mac:02010b41cdec/antenna/tag/e2806894000050038662154f, 85
1652702327.979068, sdrt-health/mac:02010b41cdec/antenna/tag/e2806894000050038661fd4f, 91
1652702327.979718, sdrt-health/mac:02010b41cdec/antenna/tag/e28068940000500386620d4f, 83
1652702327.980317, sdrt-health/mac:02010b41cdec/antenna/tag/e28068940000400386621d4f, 77
1652702328.002134, sdrt-health/mac:02010b41cdec/antenna/tag/e28068940000500386620d4f, 83
1652702328.043216, sdrt-health/mac:02010b41cdec/antenna/tag/e28068940000500386620d4f, 83
1652702328.043686, sdrt-health/mac:02010b41cdec/antenna/tag/e28068940000400386621d4f, 96
1652702328.087002, sdrt-health/mac:02010b41cdec/antenna/tag/e2806894000050038662154f, 85
1652702328.137267, sdrt-health/mac:02010b41cdec/antenna/tag/e2806894000050038662154f, 93
1652702328.185143, sdrt-health/mac:02010b41cdec/antenna/tag/e28068940000400386621d4f, 77
1652702328.249288, sdrt-health/mac:02010b41cdec/antenna/tag/e28068940000400386621d4f, 77
1652702328.24981, sdrt-health/mac:02010b41cdec/antenna/tag/e2806894000050038662154f, 93
1652702328.264503, sdrt-health/mac:02010b41cdec/antenna/tag/e28068940000400386621d4f, 77
1652702328.299146, sdrt-health/mac:02010b41cdec/antenna/tag/e2806894000050038662154f, 87
1652702328.299453, sdrt-health/mac:02010b41cdec/antenna/tag/e2806894000050038662154f, 85
1652702328.315292, sdrt-health/mac:02010b41cdec/antenna/tag/e28068940000400386621d4f, 90
1652702328.333105, sdrt-health/mac:02010b41cdec/antenna/tag/e2806894000040038662114f, 88
1652702328.392512, sdrt-health/mac:02010b41cdec/antenna/tag/e28068940000500386620d4f, 83
1652702328.393067, sdrt-health/mac:02010b41cdec/antenna/tag/e28068940000500386620d4f, 83
1652702328.410059, sdrt-health/mac:02010b41cdec/antenna/tag/e2806894000050038662154f, 85
1652702328.456378, sdrt-health/mac:02010b41cdec/antenna/tag/e28068940000500386620d4f, 83
1652702328.500072, sdrt-health/mac:02010b41cdec/antenna/tag/e2806894000050038662154f, 85
1652702328.500508, sdrt-health/mac:02010b41cdec/antenna/tag/e2806894000050038661fd4f, 97
1652702328.500856, sdrt-health/mac:02010b41cdec/antenna/tag/e28068940000400386621d4f, 96
1652702328.516633, sdrt-health/mac:02010b41cdec/antenna/tag/e2806894000050038662154f, 85
1652702328.51714, sdrt-health/mac:02010b41cdec/antenna/tag/e28068940000400386621d4f, 96
1652702328.553298, sdrt-health/mac:02010b41cdec/antenna/tag/e28068940000400386621d4f, 77
1652702328.608135, sdrt-health/mac:02010b41cdec/antenna/tag/e2806894000050038662154f, 87
1652702328.608632, sdrt-health/mac:02010b41cdec/antenna/tag/e28068940000400386621d4f, 77
1652702328.623875, sdrt-health/mac:02010b41cdec/antenna/tag/e2806894000050038662154f, 83
1652702328.64224, sdrt-health/mac:02010b41cdec/antenna/tag/e2806894000040038662114f, 85
1652702328.682935, sdrt-health/mac:02010b41cdec/antenna/tag/e2806894000040038662114f, 85
1652702328.723195, sdrt-health/mac:02010b41cdec/antenna/tag/e2806894000050038662154f, 85
1652702328.81639, sdrt-health/mac:02010b41cdec/antenna/tag/e28068940000400386621d4f, 96
1652702328.817045, sdrt-health/mac:02010b41cdec/antenna/tag/e28068940000400386621d4f, 90
1652702328.834745, sdrt-health/mac:02010b41cdec/antenna/tag/e28068940000500386620d4f, 83
1652702328.868214, sdrt-health/mac:02010b41cdec/antenna/tag/e2806894000050038661fd4f, 83
1652702328.868516, sdrt-health/mac:02010b41cdec/antenna/tag/e2806894000050038661fd4f, 83
1652702328.902202, sdrt-health/mac:02010b41cdec/antenna/tag/e28068940000400386621d4f, 90
1652702328.931965, sdrt-health/mac:02010b41cdec/antenna/tag/e28068940000500386620d4f, 80
1652702328.932307, sdrt-health/mac:02010b41cdec/antenna/tag/e28068940000400386621d4f, 90
1652702328.953699, sdrt-health/mac:02010b41cdec/antenna/tag/e2806894000050038662154f, 87
1652702328.985458, sdrt-health/mac:02010b41cdec/antenna/tag/e28068940000500386620d4f, 83
1652702328.985784, sdrt-health/mac:02010b41cdec/antenna/tag/e28068940000400386621d4f, 96
1652702329.000714, sdrt-health/mac:02010b41cdec/antenna/tag/e28068940000400386621d4f, 96
1652702329.000991, sdrt-health/mac:02010b41cdec/antenna/tag/e28068940000500386620d4f, 83
1652702329.042471, sdrt-health/mac:02010b41cdec/antenna/tag/e28068940000400386621d4f, 96
1652702329.08377, sdrt-health/mac:02010b41cdec/antenna/tag/e28068940000500386620d4f, 83
1652702329.141572, sdrt-health/mac:02010b41cdec/antenna/tag/e2806894000050038662154f, 85
1652702329.142152, sdrt-health/mac:02010b41cdec/antenna/tag/e28068940000500386620d4f, 83
1652702329.157196, sdrt-health/mac:02010b41cdec/antenna/tag/e2806894000050038661fd4f, 91
1652702329.157619, sdrt-health/mac:02010b41cdec/antenna/tag/e2806894000040038662114f, 85
1652702329.162317, sdrt-health/mac:02010b41cdec/antenna/tag/e2806894000040038662114f, 85
1652702329.203251, sdrt-health/mac:02010b41cdec/antenna/tag/e2806894000040038662114f, 93
1652702329.25898, sdrt-health/mac:02010b41cdec/antenna/tag/e28068940000500386620d4f, 83
1652702329.259616, sdrt-health/mac:02010b41cdec/antenna/tag/e2806894000050038662154f, 93
1652702329.284158, sdrt-health/mac:02010b41cdec/antenna/tag/e2806894000040038662114f, 85
1652702329.338527, sdrt-health/mac:02010b41cdec/antenna/tag/e2806894000040038662114f, 85
1652702329.399679, sdrt-health/mac:02010b41cdec/antenna/tag/e2806894000050038662154f, 85
1652702329.400261, sdrt-health/mac:02010b41cdec/antenna/tag/e2806894000040038662114f, 83
1652702329.415015, sdrt-health/mac:02010b41cdec/antenna/tag/e2806894000050038661fd4f, 91
1652702329.457349, sdrt-health/mac:02010b41cdec/antenna/tag/e28068940000400386621d4f, 90
1652702329.457644, sdrt-health/mac:02010b41cdec/antenna/tag/e28068940000500386620d4f, 80
1652702329.472291, sdrt-health/mac:02010b41cdec/antenna/tag/e28068940000400386621d4f, 96
1652702329.472538, sdrt-health/mac:02010b41cdec/antenna/tag/e28068940000500386620d4f, 83
1652702329.481921, sdrt-health/mac:02010b41cdec/antenna/tag/e28068940000400386621d4f, 77
1652702329.485998, sdrt-health/mac:02010b41cdec/antenna/tag/e2806894000040038662114f, 93
1652702329.521804, sdrt-health/mac:02010b41cdec/antenna/tag/e2806894000050038662154f, 87
1652702329.577417, sdrt-health/mac:02010b41cdec/antenna/tag/e28068940000400386621d4f, 96
1652702329.57791, sdrt-health/mac:02010b41cdec/antenna/tag/e28068940000400386621d4f, 96
1652702329.601541, sdrt-health/mac:02010b41cdec/antenna/tag/e2806894000050038662154f, 88
1652702329.642348, sdrt-health/mac:02010b41cdec/antenna/tag/e28068940000500386620d4f, 83
1652702329.682142, sdrt-health/mac:02010b41cdec/antenna/tag/e2806894000050038661fd4f, 97
1652702329.722799, sdrt-health/mac:02010b41cdec/antenna/tag/e2806894000040038662114f, 88
1652702329.753517, sdrt-health/mac:02010b41cdec/antenna/tag/e28068940000400386621d4f, 90
1652702329.753954, sdrt-health/mac:02010b41cdec/antenna/tag/e2806894000040038662114f, 88
1652702329.769134, sdrt-health/mac:02010b41cdec/antenna/tag/e28068940000500386620d4f, 83
1652702329.769377, sdrt-health/mac:02010b41cdec/antenna/tag/e28068940000500386620d4f, 83
1652702329.832966, sdrt-health/mac:02010b41cdec/antenna/tag/e2806894000050038661fd4f, 91
1652702329.873145, sdrt-health/mac:02010b41cdec/antenna/tag/e28068940000400386621d4f, 96
1652702329.936999, sdrt-health/mac:02010b41cdec/antenna/tag/e2806894000040038662114f, 88
1652702329.937488, sdrt-health/mac:02010b41cdec/antenna/tag/e2806894000050038661fd4f, 97
1652702329.952283, sdrt-health/mac:02010b41cdec/antenna/tag/e2806894000050038662154f, 85
1652702329.95286, sdrt-health/mac:02010b41cdec/antenna/tag/e2806894000050038661fd4f, 83
1652702329.962531, sdrt-health/mac:02010b41cdec/antenna/tag/e2806894000050038661fd4f, 91
1652702329.966768, sdrt-health/mac:02010b41cdec/antenna/tag/e2806894000050038662154f, 88
1652702330.003849, sdrt-health/mac:02010b41cdec/antenna/tag/e2806894000040038662114f, 87
1652702330.071786, sdrt-health/mac:02010b41cdec/antenna/tag/e2806894000050038662154f, 85
1652702330.072231, sdrt-health/mac:02010b41cdec/antenna/tag/e28068940000500386620d4f, 83
1652702330.11172, sdrt-health/mac:02010b41cdec/antenna/tag/e28068940000500386620d4f, 83
1652702330.17156, sdrt-health/mac:02010b41cdec/antenna/tag/e2806894000050038662154f, 93
1652702330.20276, sdrt-health/mac:02010b41cdec/antenna/tag/e2806894000050038661fd4f, 97
1652702330.20314, sdrt-health/mac:02010b41cdec/antenna/tag/e2806894000040038662114f, 93
1652702330.219775, sdrt-health/mac:02010b41cdec/antenna/tag/e2806894000040038662114f, 93
1652702330.275256, sdrt-health/mac:02010b41cdec/antenna/tag/e28068940000500386620d4f, 83
1652702330.307888, sdrt-health/mac:02010b41cdec/antenna/tag/e2806894000040038662114f, 93
1652702330.308443, sdrt-health/mac:02010b41cdec/antenna/tag/e2806894000050038662154f, 88
1652702330.323516, sdrt-health/mac:02010b41cdec/antenna/tag/e28068940000500386620d4f, 80
1652702330.323784, sdrt-health/mac:02010b41cdec/antenna/tag/e2806894000040038662114f, 87
1652702330.363256, sdrt-health/mac:02010b41cdec/antenna/tag/e2806894000050038662154f, 88
1652702330.423719, sdrt-health/mac:02010b41cdec/antenna/tag/e28068940000400386621d4f, 96
1652702330.474012, sdrt-health/mac:02010b41cdec/antenna/tag/e28068940000400386621d4f, 96
1652702330.51397, sdrt-health/mac:02010b41cdec/antenna/tag/e2806894000050038661fd4f, 88
1652702330.579221, sdrt-health/mac:02010b41cdec/antenna/tag/e28068940000400386621d4f, 96
1652702330.579751, sdrt-health/mac:02010b41cdec/antenna/tag/e28068940000400386621d4f, 96
1652702330.645218, sdrt-health/mac:02010b41cdec/antenna/tag/e28068940000500386620d4f, 83
1652702330.720188, sdrt-health/mac:02010b41cdec/antenna/tag/e2806894000050038661fd4f, 97
1652702330.720643, sdrt-health/mac:02010b41cdec/antenna/tag/e2806894000050038662154f, 85
1652702330.735617, sdrt-health/mac:02010b41cdec/antenna/tag/e2806894000040038662114f, 85
1652702330.735903, sdrt-health/mac:02010b41cdec/antenna/state, connected
1652702330.73612, sdrt-health/mac:02010b41cdec/fw, {"version":"1.8.1","model":"200","hash":"2f556501b58f1dad542af428d7928d18","timestamp":1652702327}
1652702330.736353, sdrt-health/mac:02010b41cdec/antenna/tag/e28068940000400386621d4f, 96
1652702330.753643, sdrt-health/mac:02010b41cdec/antenna/tag/e28068940000400386621d4f, 96
1652702330.818529, sdrt-health/mac:02010b41cdec/antenna/tag/e2806894000040038662114f, 87
1652702330.819034, sdrt-health/mac:02010b41cdec/antenna/tag/e2806894000050038662154f, 85
1652702330.835006, sdrt-health/mac:02010b41cdec/antenna/tag/e2806894000040038662114f, 85
1652702330.856553, sdrt-health/mac:02010b41cdec/antenna/tag/e2806894000040038662114f, 85
1652702330.91694, sdrt-health/mac:02010b41cdec/antenna/tag/e28068940000500386620d4f, 83
1652702330.918074, sdrt-health/mac:02010b41cdec/antenna/tag/e28068940000500386620d4f, 83
1652702330.933334, sdrt-health/mac:02010b41cdec/antenna/tag/e28068940000400386621d4f, 96
1652702330.933542, sdrt-health/mac:02010b41cdec/antenna/tag/e2806894000050038662154f, 85
1652702330.933696, sdrt-health/mac:02010b41cdec/antenna/version, 
1652702330.933826, sdrt-health/mac:02010b41cdec/antenna/tag/e2806894000050038661fd4f, 91
1652702330.951968, sdrt-health/mac:02010b41cdec/antenna/tag/e28068940000400386621d4f, 96
1652702331.0057, sdrt-health/mac:02010b41cdec/antenna/tag/e2806894000040038662114f, 85
1652702331.006152, sdrt-health/mac:02010b41cdec/antenna/tag/e28068940000500386620d4f, 80
1652702331.020634, sdrt-health/mac:02010b41cdec/antenna/tag/e28068940000500386620d4f, 83
1652702331.054454, sdrt-health/mac:02010b41cdec/antenna/tag/e2806894000040038662114f, 87
1652702331.111837, sdrt-health/mac:02010b41cdec/antenna/tag/e2806894000050038662154f, 85
1652702331.112304, sdrt-health/mac:02010b41cdec/antenna/tag/e2806894000050038661fd4f, 91
1652702331.127371, sdrt-health/mac:02010b41cdec/antenna/tag/e2806894000050038662154f, 93
1652702331.141896, sdrt-health/mac:02010b41cdec/antenna/tag/e28068940000400386621d4f, 96
1652702331.193375, sdrt-health/mac:02010b41cdec/antenna/tag/e28068940000400386621d4f, 96
1652702331.242499, sdrt-health/mac:02010b41cdec/antenna/tag/e2806894000050038662154f, 85
1652702331.291686, sdrt-health/mac:02010b41cdec/antenna/tag/e2806894000050038662154f, 85
1652702331.353432, sdrt-health/mac:02010b41cdec/antenna/tag/e2806894000040038662114f, 88
1652702331.353898, sdrt-health/mac:02010b41cdec/antenna/tag/e28068940000400386621d4f, 96
1652702331.38255, sdrt-health/mac:02010b41cdec/antenna/tag/e2806894000050038662154f, 85
1652702331.382867, sdrt-health/mac:02010b41cdec/antenna/tag/e2806894000050038662154f, 85
1652702331.432047, sdrt-health/mac:02010b41cdec/antenna/tag/e28068940000400386621d4f, 96
1652702331.488479, sdrt-health/mac:02010b41cdec/antenna/tag/e2806894000040038662114f, 88
1652702331.488967, sdrt-health/mac:02010b41cdec/antenna/tag/e2806894000050038662154f, 85
1652702331.489309, sdrt-health/mac:02010b41cdec/antenna/tag/e2806894000040038662114f, 85
1652702331.504122, sdrt-health/mac:02010b41cdec/antenna/tag/e2806894000040038662114f, 88
1652702331.504629, sdrt-health/mac:02010b41cdec/antenna/tag/e28068940000500386620d4f, 83
1652702331.522613, sdrt-health/mac:02010b41cdec/antenna/tag/e2806894000040038662114f, 93
1652702331.579119, sdrt-health/mac:02010b41cdec/antenna/tag/e28068940000500386620d4f, 83
1652702331.579656, sdrt-health/mac:02010b41cdec/antenna/tag/e28068940000400386621d4f, 77
1652702331.594161, sdrt-health/mac:02010b41cdec/antenna/tag/e2806894000040038662114f, 93
1652702331.602462, sdrt-health/mac:02010b41cdec/antenna/tag/e2806894000050038661fd4f, 91
1652702331.610346, sdrt-health/mac:02010b41cdec/antenna/tag/e28068940000500386620d4f, 83
1652702331.610599, sdrt-health/mac:02010b41cdec/antenna/tag/e28068940000400386621d4f, 77
1652702331.656924, sdrt-health/mac:02010b41cdec/antenna/tag/e2806894000050038662154f, 85
1652702331.702246, sdrt-health/mac:02010b41cdec/antenna/tag/e28068940000500386620d4f, 80
1652702331.76628, sdrt-health/mac:02010b41cdec/antenna/tag/e2806894000050038662154f, 85
1652702331.766482, sdrt-health/mac:02010b41cdec/antenna/tag/e28068940000400386621d4f, 96
1652702331.780675, sdrt-health/mac:02010b41cdec/antenna/tag/e2806894000040038662114f, 93
1652702331.792761, sdrt-health/mac:02010b41cdec/antenna/tag/e28068940000400386621d4f, 96
1652702331.84161, sdrt-health/mac:02010b41cdec/antenna/tag/e2806894000040038662114f, 93
1652702331.842138, sdrt-health/mac:02010b41cdec/antenna/tag/e28068940000500386620d4f, 80
1652702331.91272, sdrt-health/mac:02010b41cdec/antenna/tag/e2806894000050038662154f, 85
1652702331.950998, sdrt-health/mac:02010b41cdec/antenna/tag/e2806894000040038662114f, 87
1652702332.004246, sdrt-health/mac:02010b41cdec/antenna/tag/e2806894000050038661fd4f, 91
1652702332.070661, sdrt-health/mac:02010b41cdec/antenna/tag/e28068940000400386621d4f, 77
1652702332.071122, sdrt-health/mac:02010b41cdec/antenna/tag/e2806894000050038661fd4f, 91
1652702332.071507, sdrt-health/mac:02010b41cdec/antenna/tag/e2806894000050038661fd4f, 97
1652702332.08593, sdrt-health/mac:02010b41cdec/antenna/tag/e28068940000400386621d4f, 96
1652702332.102303, sdrt-health/mac:02010b41cdec/antenna/tag/e2806894000040038662114f, 93
1652702332.174057, sdrt-health/mac:02010b41cdec/antenna/tag/e28068940000400386621d4f, 96
1652702332.174279, sdrt-health/mac:02010b41cdec/antenna/tag/e28068940000400386621d4f, 96
1652702332.203595, sdrt-health/mac:02010b41cdec/antenna/tag/e28068940000400386621d4f, 96
1652702332.23418, sdrt-health/mac:02010b41cdec/antenna/tag/e2806894000050038662154f, 85
1652702332.234406, sdrt-health/mac:02010b41cdec/antenna/tag/e28068940000500386620d4f, 83
1652702332.23499, sdrt-health/mac:02010b41cdec/antenna/tag/e2806894000040038662114f, 93
1652702332.248498, sdrt-health/mac:02010b41cdec/antenna/tag/e28068940000500386620d4f, 83
1652702332.296567, sdrt-health/mac:02010b41cdec/antenna/tag/e2806894000050038662154f, 88
1652702332.351392, sdrt-health/mac:02010b41cdec/antenna/tag/e2806894000040038662114f, 85
1652702332.380922, sdrt-health/mac:02010b41cdec/antenna/tag/e2806894000050038662154f, 88
1652702332.38114, sdrt-health/mac:02010b41cdec/antenna/tag/e28068940000500386620d4f, 83
1652702332.411704, sdrt-health/mac:02010b41cdec/antenna/tag/e2806894000040038662114f, 85
1652702332.471102, sdrt-health/mac:02010b41cdec/antenna/tag/e28068940000500386620d4f, 83
1652702332.471336, sdrt-health/mac:02010b41cdec/antenna/tag/e28068940000500386620d4f, 83
1652702332.48613, sdrt-health/mac:02010b41cdec/antenna/tag/e2806894000050038661fd4f, 97
1652702332.525905, sdrt-health/mac:02010b41cdec/antenna/tag/e2806894000040038662114f, 85
1652702332.526171, sdrt-health/mac:02010b41cdec/antenna/tag/e2806894000050038662154f, 85
1652702332.540716, sdrt-health/mac:02010b41cdec/antenna/tag/e2806894000050038662154f, 83
1652702332.59915, sdrt-health/mac:02010b41cdec/antenna/tag/e2806894000040038662114f, 93
1652702332.629981, sdrt-health/mac:02010b41cdec/antenna/tag/e2806894000040038662114f, 85
1652702332.630244, sdrt-health/mac:02010b41cdec/antenna/tag/e28068940000400386621d4f, 96
1652702332.647285, sdrt-health/mac:02010b41cdec/antenna/tag/e2806894000050038661fd4f, 83
1652702332.647482, sdrt-health/mac:02010b41cdec/antenna/tag/e28068940000400386621d4f, 96
1652702332.647613, sdrt-health/mac:02010b41cdec/antenna/tag/e2806894000040038662114f, 85
1652702332.647767, sdrt-health/mac:02010b41cdec/antenna/tag/e2806894000050038661fd4f, 83
1652702332.683455, sdrt-health/mac:02010b41cdec/antenna/tag/e2806894000050038661fd4f, 83
1652702332.722135, sdrt-health/mac:02010b41cdec/antenna/tag/e2806894000050038662154f, 85
1652702332.7763, sdrt-health/mac:02010b41cdec/antenna/tag/e2806894000050038661fd4f, 83
1652702332.776739, sdrt-health/mac:02010b41cdec/antenna/tag/e28068940000500386620d4f, 83
1652702332.822905, sdrt-health/mac:02010b41cdec/antenna/tag/e2806894000050038662154f, 85
1652702332.852107, sdrt-health/mac:02010b41cdec/antenna/tag/e28068940000500386620d4f, 83
1652702332.852296, sdrt-health/mac:02010b41cdec/antenna/tag/e2806894000050038662154f, 93
1652702332.871576, sdrt-health/mac:02010b41cdec/antenna/tag/e2806894000050038661fd4f, 88
1652702332.926397, sdrt-health/mac:02010b41cdec/antenna/tag/e28068940000400386621d4f, 77
1652702332.926616, sdrt-health/mac:02010b41cdec/antenna/tag/e2806894000040038662114f, 93
1652702332.94073, sdrt-health/mac:02010b41cdec/antenna/tag/e28068940000500386620d4f, 83
1652702332.978653, sdrt-health/mac:02010b41cdec/antenna/tag/e2806894000040038662114f, 88
1652702332.978934, sdrt-health/mac:02010b41cdec/antenna/tag/e2806894000040038662114f, 85
1652702333.002371, sdrt-health/mac:02010b41cdec/antenna/tag/e28068940000500386620d4f, 83
1652702333.002606, sdrt-health/mac:02010b41cdec/antenna/tag/e2806894000040038662114f, 87
1652702333.019244, sdrt-health/mac:02010b41cdec/antenna/tag/e28068940000500386620d4f, 83
1652702333.082602, sdrt-health/mac:02010b41cdec/antenna/tag/e2806894000050038662154f, 88
1652702333.121593, sdrt-health/mac:02010b41cdec/antenna/tag/e2806894000040038662114f, 87
1652702333.194494, sdrt-health/mac:02010b41cdec/antenna/tag/e28068940000400386621d4f, 96
1652702333.195001, sdrt-health/mac:02010b41cdec/antenna/tag/e2806894000050038662154f, 88
1652702333.209524, sdrt-health/mac:02010b41cdec/antenna/tag/e28068940000400386621d4f, 96
1652702333.228491, sdrt-health/mac:02010b41cdec/antenna/tag/e2806894000050038661fd4f, 91
1652702333.325119, sdrt-health/mac:02010b41cdec/antenna/tag/e2806894000050038662154f, 85
1652702333.325527, sdrt-health/mac:02010b41cdec/antenna/tag/e2806894000050038662154f, 85
1652702333.341034, sdrt-health/mac:02010b41cdec/antenna/tag/e2806894000050038661fd4f, 97
1652702333.37305, sdrt-health/mac:02010b41cdec/antenna/tag/e2806894000040038662114f, 88
1652702333.415255, sdrt-health/mac:02010b41cdec/antenna/tag/e2806894000040038662114f, 88
1652702333.477457, sdrt-health/mac:02010b41cdec/antenna/tag/e28068940000500386620d4f, 90
1652702333.478076, sdrt-health/mac:02010b41cdec/antenna/tag/e2806894000050038662154f, 88
1652702333.52042, sdrt-health/mac:02010b41cdec/antenna/tag/e28068940000500386620d4f, 83
1652702333.551998, sdrt-health/mac:02010b41cdec/antenna/tag/e28068940000400386621d4f, 77
1652702333.552198, sdrt-health/mac:02010b41cdec/antenna/tag/e2806894000040038662114f, 93
1652702333.567194, sdrt-health/mac:02010b41cdec/antenna/tag/e2806894000050038661fd4f, 91
1652702333.567558, sdrt-health/mac:02010b41cdec/antenna/tag/e2806894000050038661fd4f, 91
1652702333.601879, sdrt-health/mac:02010b41cdec/antenna/tag/e2806894000050038661fd4f, 97
1652702333.602291, sdrt-health/mac:02010b41cdec/antenna/tag/e2806894000040038662114f, 88
1652702333.674627, sdrt-health/mac:02010b41cdec/antenna/tag/e2806894000050038661fd4f, 83
1652702333.67502, sdrt-health/mac:02010b41cdec/antenna/tag/e2806894000040038662114f, 88
1652702333.722401, sdrt-health/mac:02010b41cdec/antenna/tag/e2806894000050038662154f, 88
1652702333.777176, sdrt-health/mac:02010b41cdec/antenna/tag/e2806894000050038661fd4f, 83
1652702333.777584, sdrt-health/mac:02010b41cdec/antenna/tag/e2806894000050038661fd4f, 97
1652702333.777895, sdrt-health/mac:02010b41cdec/antenna/tag/e2806894000050038661fd4f, 91
1652702333.802722, sdrt-health/mac:02010b41cdec/antenna/tag/e28068940000500386620d4f, 83
1652702333.856679, sdrt-health/mac:02010b41cdec/antenna/tag/e28068940000500386620d4f, 83
1652702333.856969, sdrt-health/mac:02010b41cdec/antenna/tag/e2806894000050038661fd4f, 97
1652702333.882074, sdrt-health/mac:02010b41cdec/antenna/tag/e28068940000500386620d4f, 83
1652702333.911538, sdrt-health/mac:02010b41cdec/antenna/tag/e2806894000050038661fd4f, 97
1652702333.911861, sdrt-health/mac:02010b41cdec/antenna/tag/e28068940000500386620d4f, 83
1652702333.93078, sdrt-health/mac:02010b41cdec/antenna/tag/e28068940000400386621d4f, 96
1652702333.991158, sdrt-health/mac:02010b41cdec/antenna/tag/e2806894000050038661fd4f, 91
1652702333.991491, sdrt-health/mac:02010b41cdec/antenna/tag/e2806894000050038662154f, 85
1652702334.005809, sdrt-health/mac:02010b41cdec/antenna/tag/e28068940000500386620d4f, 83
1652702334.025189, sdrt-health/mac:02010b41cdec/antenna/tag/e28068940000500386620d4f, 90
1652702334.087755, sdrt-health/mac:02010b41cdec/antenna/tag/e2806894000050038661fd4f, 97
1652702334.088098, sdrt-health/mac:02010b41cdec/antenna/tag/e2806894000040038662114f, 93
1652702334.136744, sdrt-health/mac:02010b41cdec/antenna/tag/e2806894000050038661fd4f, 91
1652702334.182082, sdrt-health/mac:02010b41cdec/antenna/tag/e28068940000500386620d4f, 83
1652702334.272092, sdrt-health/mac:02010b41cdec/antenna/tag/e2806894000050038662154f, 87
1652702334.324027, sdrt-health/mac:02010b41cdec/antenna/tag/e28068940000500386620d4f, 83
1652702334.377568, sdrt-health/mac:02010b41cdec/antenna/tag/e2806894000050038662154f, 87
1652702334.377851, sdrt-health/mac:02010b41cdec/antenna/tag/e2806894000040038662114f, 85
1652702334.402702, sdrt-health/mac:02010b41cdec/antenna/tag/e2806894000040038662114f, 85
1652702334.442198, sdrt-health/mac:02010b41cdec/antenna/tag/e2806894000040038662114f, 93
1652702334.496595, sdrt-health/mac:02010b41cdec/antenna/tag/e2806894000050038661fd4f, 91
1652702334.496888, sdrt-health/mac:02010b41cdec/antenna/tag/e2806894000040038662114f, 93
1652702334.521748, sdrt-health/mac:02010b41cdec/antenna/tag/e2806894000040038662114f, 88
1652702334.601691, sdrt-health/mac:02010b41cdec/antenna/tag/e2806894000050038661fd4f, 91
1652702334.602138, sdrt-health/mac:02010b41cdec/antenna/tag/e2806894000050038662154f, 93
1652702334.631585, sdrt-health/mac:02010b41cdec/antenna/tag/e2806894000050038662154f, 93
1652702334.672533, sdrt-health/mac:02010b41cdec/antenna/tag/e28068940000400386621d4f, 77
1652702334.739672, sdrt-health/mac:02010b41cdec/antenna/tag/e28068940000400386621d4f, 77
1652702334.740014, sdrt-health/mac:02010b41cdec/antenna/tag/e28068940000400386621d4f, 77
1652702334.755363, sdrt-health/mac:02010b41cdec/antenna/tag/e28068940000400386621d4f, 77
1652702334.761658, sdrt-health/mac:02010b41cdec/antenna/tag/e28068940000400386621d4f, 96
1652702334.821325, sdrt-health/mac:02010b41cdec/antenna/tag/e2806894000050038661fd4f, 97
1652702334.886523, sdrt-health/mac:02010b41cdec/antenna/tag/e2806894000040038662114f, 88
1652702334.887383, sdrt-health/mac:02010b41cdec/antenna/tag/e2806894000050038662154f, 85
1652702334.949634, sdrt-health/mac:02010b41cdec/antenna/tag/e2806894000040038662114f, 88
1652702334.980326, sdrt-health/mac:02010b41cdec/antenna/tag/e2806894000050038661fd4f, 83
1652702334.980673, sdrt-health/mac:02010b41cdec/antenna/tag/e2806894000050038662154f, 85
1652702334.980875, sdrt-health/mac:02010b41cdec/antenna/tag/e28068940000400386621d4f, 90
1652702334.995755, sdrt-health/mac:02010b41cdec/antenna/tag/e2806894000050038662154f, 85
1652702334.996072, sdrt-health/mac:02010b41cdec/antenna/tag/e28068940000500386620d4f, 83
1652702334.996724, sdrt-health/mac:02010b41cdec/antenna/tag/e28068940000500386620d4f, 83
1652702335.042626, sdrt-health/mac:02010b41cdec/antenna/tag/e28068940000500386620d4f, 90
1652702335.096257, sdrt-health/mac:02010b41cdec/antenna/tag/e2806894000050038661fd4f, 91
1652702335.096677, sdrt-health/mac:02010b41cdec/antenna/tag/e2806894000050038661fd4f, 91
1652702335.12229, sdrt-health/mac:02010b41cdec/antenna/tag/e2806894000040038662114f, 93
1652702335.122948, sdrt-health/mac:02010b41cdec/antenna/tag/e2806894000050038661fd4f, 91
1652702335.17534, sdrt-health/mac:02010b41cdec/antenna/tag/e2806894000050038661fd4f, 91
1652702335.222204, sdrt-health/mac:02010b41cdec/antenna/tag/e2806894000040038662114f, 85
1652702335.286683, sdrt-health/mac:02010b41cdec/antenna/tag/e2806894000050038661fd4f, 83
1652702335.287029, sdrt-health/mac:02010b41cdec/antenna/tag/e2806894000040038662114f, 85
1652702335.312145, sdrt-health/mac:02010b41cdec/antenna/tag/e2806894000040038662114f, 88
1652702335.341728, sdrt-health/mac:02010b41cdec/antenna/tag/e28068940000400386621d4f, 96
1652702335.342256, sdrt-health/mac:02010b41cdec/antenna/tag/e28068940000400386621d4f, 90
1652702335.361665, sdrt-health/mac:02010b41cdec/antenna/tag/e2806894000040038662114f, 88
1652702335.432314, sdrt-health/mac:02010b41cdec/antenna/tag/e2806894000040038662114f, 93
1652702335.471537, sdrt-health/mac:02010b41cdec/antenna/tag/e28068940000500386620d4f, 90
1652702335.52386, sdrt-health/mac:02010b41cdec/antenna/tag/e28068940000500386620d4f, 90
1652702335.525169, sdrt-health/mac:02010b41cdec/antenna/tag/e28068940000400386621d4f, 96
1652702335.562483, sdrt-health/mac:02010b41cdec/antenna/tag/e28068940000400386621d4f, 96
1652702335.617074, sdrt-health/mac:02010b41cdec/antenna/tag/e28068940000500386620d4f, 83
1652702335.617257, sdrt-health/mac:02010b41cdec/antenna/tag/e2806894000050038662154f, 87
1652702335.632728, sdrt-health/mac:02010b41cdec/antenna/tag/e2806894000040038662114f, 85
1652702335.6421, sdrt-health/mac:02010b41cdec/antenna/tag/e2806894000050038662154f, 85
1652702335.647656, sdrt-health/mac:02010b41cdec/antenna/tag/e2806894000050038662154f, 85
1652702335.683006, sdrt-health/mac:02010b41cdec/antenna/tag/e2806894000050038662154f, 85
1652702335.767032, sdrt-health/mac:02010b41cdec/antenna/tag/e28068940000400386621d4f, 96
1652702335.767216, sdrt-health/mac:02010b41cdec/antenna/tag/e2806894000050038661fd4f, 91
1652702335.792467, sdrt-health/mac:02010b41cdec/antenna/tag/e2806894000050038662154f, 87
1652702335.858189, sdrt-health/mac:02010b41cdec/antenna/tag/e2806894000050038662154f, 85
1652702335.927713, sdrt-health/mac:02010b41cdec/antenna/tag/e2806894000050038662154f, 88
1652702335.927978, sdrt-health/mac:02010b41cdec/antenna/tag/e2806894000040038662114f, 85
1652702335.94252, sdrt-health/mac:02010b41cdec/antenna/tag/e2806894000040038662114f, 83
1652702335.94285, sdrt-health/mac:02010b41cdec/antenna/tag/e28068940000400386621d4f, 96
1652702335.97901, sdrt-health/mac:02010b41cdec/antenna/tag/e28068940000400386621d4f, 96
1652702336.008014, sdrt-health/mac:02010b41cdec/antenna/tag/e2806894000040038662114f, 85
1652702336.008248, sdrt-health/mac:02010b41cdec/antenna/tag/e28068940000500386620d4f, 83
1652702336.021976, sdrt-health/mac:02010b41cdec/antenna/tag/e2806894000050038662154f, 93
1652702336.022181, sdrt-health/mac:02010b41cdec/antenna/tag/e2806894000050038661fd4f, 91
1652702336.022317, sdrt-health/mac:02010b41cdec/antenna/tag/e28068940000500386620d4f, 83
1652702336.072751, sdrt-health/mac:02010b41cdec/antenna/tag/e28068940000500386620d4f, 83
1652702336.112907, sdrt-health/mac:02010b41cdec/antenna/tag/e28068940000500386620d4f, 83
1652702336.177239, sdrt-health/mac:02010b41cdec/antenna/tag/e2806894000040038662114f, 85
1652702336.177445, sdrt-health/mac:02010b41cdec/antenna/tag/e28068940000400386621d4f, 96
1652702336.193009, sdrt-health/mac:02010b41cdec/antenna/tag/e2806894000050038662154f, 88
1652702336.20353, sdrt-health/mac:02010b41cdec/antenna/tag/e28068940000400386621d4f, 90
1652702336.209014, sdrt-health/mac:02010b41cdec/antenna/tag/e2806894000050038662154f, 85
1652702336.250361, sdrt-health/mac:02010b41cdec/antenna/tag/e2806894000050038662154f, 88
1652702336.311759, sdrt-health/mac:02010b41cdec/antenna/tag/e2806894000050038661fd4f, 97
1652702336.312276, sdrt-health/mac:02010b41cdec/antenna/tag/e2806894000050038661fd4f, 97
1652702336.326602, sdrt-health/mac:02010b41cdec/antenna/tag/e28068940000500386620d4f, 83
1652702336.341683, sdrt-health/mac:02010b41cdec/antenna/tag/e28068940000500386620d4f, 83
1652702336.40677, sdrt-health/mac:02010b41cdec/antenna/tag/e2806894000040038662114f, 85
1652702336.407002, sdrt-health/mac:02010b41cdec/antenna/tag/e28068940000400386621d4f, 96
1652702336.431587, sdrt-health/mac:02010b41cdec/antenna/tag/e2806894000050038662154f, 85
1652702336.482131, sdrt-health/mac:02010b41cdec/antenna/tag/e2806894000040038662054f, 81
1652702336.537043, sdrt-health/mac:02010b41cdec/antenna/tag/e2806894000040038662114f, 93
1652702336.601581, sdrt-health/mac:02010b41cdec/antenna/tag/e28068940000500386620d4f, 80
1652702336.602204, sdrt-health/mac:02010b41cdec/antenna/tag/e28068940000500386620d4f, 83
1652702336.619892, sdrt-health/mac:02010b41cdec/antenna/tag/e28068940000500386620d4f, 83
1652702336.633018, sdrt-health/mac:02010b41cdec/antenna/tag/e2806894000050038662154f, 85
1652702336.673673, sdrt-health/mac:02010b41cdec/antenna/tag/e28068940000500386620d4f, 83
1652702336.737304, sdrt-health/mac:02010b41cdec/antenna/tag/e2806894000050038662154f, 85
1652702336.737613, sdrt-health/mac:02010b41cdec/antenna/tag/e2806894000050038662154f, 88
1652702336.752059, sdrt-health/mac:02010b41cdec/antenna/tag/e2806894000040038661f94f, 84
1652702336.761825, sdrt-health/mac:02010b41cdec/antenna/tag/e28068940000400386621d4f, 96
1652702336.802032, sdrt-health/mac:02010b41cdec/antenna/tag/e28068940000500386620d4f, 83
1652702336.859287, sdrt-health/mac:02010b41cdec/antenna/tag/e2806894000040038662114f, 93
1652702336.859855, sdrt-health/mac:02010b41cdec/antenna/tag/e2806894000050038661fd4f, 91
1652702336.860307, sdrt-health/mac:02010b41cdec/antenna/tag/e2806894000040038662114f, 85
1652702336.875077, sdrt-health/mac:02010b41cdec/antenna/tag/e2806894000050038661fd4f, 97
1652702336.88186, sdrt-health/mac:02010b41cdec/antenna/tag/e28068940000400386621d4f, 96
1652702336.89084, sdrt-health/mac:02010b41cdec/antenna/tag/e2806894000050038661fd4f, 97
1652702336.891097, sdrt-health/mac:02010b41cdec/antenna/tag/e2806894000040038662114f, 88
1652702336.921981, sdrt-health/mac:02010b41cdec/antenna/tag/e2806894000050038662154f, 93
1652702336.978579, sdrt-health/mac:02010b41cdec/antenna/tag/e2806894000050038661fd4f, 83
1652702336.979006, sdrt-health/mac:02010b41cdec/antenna/tag/e2806894000050038661fd4f, 91
1652702337.002577, sdrt-health/mac:02010b41cdec/antenna/tag/e2806894000040038662114f, 93
1652702337.042982, sdrt-health/mac:02010b41cdec/antenna/tag/e2806894000040038662114f, 87
1652702337.1295, sdrt-health/mac:02010b41cdec/antenna/tag/e2806894000050038661fd4f, 91
1652702337.129977, sdrt-health/mac:02010b41cdec/antenna/tag/e28068940000400386621d4f, 96
1652702337.155096, sdrt-health/mac:02010b41cdec/antenna/tag/e2806894000050038662154f, 88
1652702337.187249, sdrt-health/mac:02010b41cdec/antenna/tag/e2806894000040038662114f, 93
1652702337.187789, sdrt-health/mac:02010b41cdec/antenna/tag/e28068940000400386621d4f, 90
1652702337.203038, sdrt-health/mac:02010b41cdec/antenna/tag/e2806894000050038661fd4f, 97
1652702337.243036, sdrt-health/mac:02010b41cdec/antenna/tag/e2806894000050038661fd4f, 97
1652702337.282829, sdrt-health/mac:02010b41cdec/antenna/tag/e2806894000040038662114f, 85
1652702337.322785, sdrt-health/mac:02010b41cdec/antenna/tag/e2806894000050038661fd4f, 83
1652702337.363349, sdrt-health/mac:02010b41cdec/antenna/tag/e28068940000500386620d4f, 83
1652702337.40293, sdrt-health/mac:02010b41cdec/antenna/tag/e2806894000050038662154f, 85
1652702337.4593, sdrt-health/mac:02010b41cdec/antenna/tag/e2806894000040038662114f, 93
1652702337.460047, sdrt-health/mac:02010b41cdec/antenna/tag/e28068940000500386620d4f, 83
1652702337.474862, sdrt-health/mac:02010b41cdec/antenna/tag/e28068940000500386620d4f, 83
1652702337.513243, sdrt-health/mac:02010b41cdec/antenna/tag/e2806894000050038662154f, 85
1652702337.553293, sdrt-health/mac:02010b41cdec/antenna/tag/e28068940000500386620d4f, 83
1652702337.641088, sdrt-health/mac:02010b41cdec/antenna/tag/e2806894000040038662114f, 93
1652702337.641549, sdrt-health/mac:02010b41cdec/antenna/tag/e28068940000500386620d4f, 83
1652702337.684765, sdrt-health/mac:02010b41cdec/antenna/tag/e2806894000040038662114f, 93
1652702337.783342, sdrt-health/mac:02010b41cdec/antenna/tag/e28068940000500386620d4f, 83
1652702337.783855, sdrt-health/mac:02010b41cdec/antenna/tag/e2806894000050038662154f, 85
1652702337.799618, sdrt-health/mac:02010b41cdec/antenna/tag/e2806894000050038661fd4f, 91
1652702337.817473, sdrt-health/mac:02010b41cdec/antenna/tag/e28068940000400386621d4f, 96
1652702337.85013, sdrt-health/mac:02010b41cdec/antenna/tag/e2806894000040038662114f, 85
1652702337.850405, sdrt-health/mac:02010b41cdec/antenna/tag/e28068940000400386621d4f, 90
1652702337.866606, sdrt-health/mac:02010b41cdec/antenna/tag/e2806894000050038662154f, 93
1652702337.866828, sdrt-health/mac:02010b41cdec/antenna/tag/e2806894000050038661fd4f, 97
1652702337.866982, sdrt-health/mac:02010b41cdec/antenna/tag/e28068940000500386620d4f, 83
1652702337.913486, sdrt-health/mac:02010b41cdec/antenna/tag/e28068940000500386620d4f, 83
1652702337.945124, sdrt-health/mac:02010b41cdec/antenna/tag/e2806894000050038661fd4f, 83
1652702337.945624, sdrt-health/mac:02010b41cdec/antenna/tag/e28068940000500386620d4f, 83
1652702337.96065, sdrt-health/mac:02010b41cdec/antenna/tag/e2806894000050038661fd4f, 83
1652702337.961002, sdrt-health/mac:02010b41cdec/antenna/tag/e2806894000050038662154f, 85
1652702338.013873, sdrt-health/mac:02010b41cdec/antenna/tag/e28068940000400386621d4f, 77
1652702338.057573, sdrt-health/mac:02010b41cdec/antenna/tag/e2806894000050038662154f, 85
1652702338.110951, sdrt-health/mac:02010b41cdec/antenna/tag/e28068940000400386621d4f, 77
1652702338.142401, sdrt-health/mac:02010b41cdec/antenna/tag/e2806894000040038662114f, 93
1652702338.142611, sdrt-health/mac:02010b41cdec/antenna/tag/e2806894000040038662114f, 85
1652702338.142774, sdrt-health/mac:02010b41cdec/antenna/tag/e28068940000400386621d4f, 77
1652702338.163555, sdrt-health/mac:02010b41cdec/antenna/tag/e2806894000040038662114f, 87
1652702338.2053, sdrt-health/mac:02010b41cdec/antenna/tag/e2806894000050038661fd4f, 83
1652702338.235627, sdrt-health/mac:02010b41cdec/antenna/tag/e28068940000400386621d4f, 96
1652702338.235958, sdrt-health/mac:02010b41cdec/antenna/tag/e2806894000050038662154f, 88
1652702338.272874, sdrt-health/mac:02010b41cdec/antenna/tag/e28068940000400386621d4f, 96
1652702338.323858, sdrt-health/mac:02010b41cdec/antenna/tag/e28068940000500386620d4f, 83
1652702338.379249, sdrt-health/mac:02010b41cdec/antenna/tag/e2806894000040038662114f, 87
1652702338.379747, sdrt-health/mac:02010b41cdec/antenna/tag/e28068940000400386621d4f, 96
1652702338.404383, sdrt-health/mac:02010b41cdec/antenna/tag/e28068940000500386620d4f, 83
1652702338.445539, sdrt-health/mac:02010b41cdec/antenna/tag/e2806894000050038661fd4f, 91
1652702338.510873, sdrt-health/mac:02010b41cdec/antenna/tag/e28068940000500386620d4f, 83
1652702338.511375, sdrt-health/mac:02010b41cdec/antenna/tag/e2806894000050038662154f, 93
1652702338.527361, sdrt-health/mac:02010b41cdec/antenna/tag/e28068940000500386620d4f, 83
1652702338.571069, sdrt-health/mac:02010b41cdec/antenna/tag/e28068940000500386620d4f, 83
1652702338.633412, sdrt-health/mac:02010b41cdec/antenna/tag/e2806894000050038661fd4f, 97
1652702338.633923, sdrt-health/mac:02010b41cdec/antenna/tag/e28068940000400386621d4f, 96
1652702338.648711, sdrt-health/mac:02010b41cdec/antenna/tag/e28068940000500386620d4f, 80
1652702338.663218, sdrt-health/mac:02010b41cdec/antenna/tag/e28068940000400386621d4f, 96
1652702338.713329, sdrt-health/mac:02010b41cdec/antenna/tag/e2806894000050038661fd4f, 97
1652702338.780597, sdrt-health/mac:02010b41cdec/antenna/tag/e28068940000500386620d4f, 83
1652702338.781056, sdrt-health/mac:02010b41cdec/antenna/tag/e28068940000400386621d4f, 96
1652702338.805095, sdrt-health/mac:02010b41cdec/antenna/tag/e2806894000040038662114f, 88
1652702338.841659, sdrt-health/mac:02010b41cdec/antenna/tag/e2806894000050038661fd4f, 83
1652702338.842095, sdrt-health/mac:02010b41cdec/antenna/tag/e2806894000040038662114f, 85
1652702338.872819, sdrt-health/mac:02010b41cdec/antenna/tag/e28068940000400386621d4f, 90
1652702338.942159, sdrt-health/mac:02010b41cdec/antenna/tag/e28068940000500386620d4f, 83
1652702338.983552, sdrt-health/mac:02010b41cdec/antenna/tag/e28068940000400386621d4f, 77
1652702339.033237, sdrt-health/mac:02010b41cdec/antenna/tag/e2806894000040038662114f, 85
1652702339.100299, sdrt-health/mac:02010b41cdec/antenna/tag/e2806894000050038661fd4f, 97
1652702339.151597, sdrt-health/mac:02010b41cdec/antenna/tag/e2806894000040038662114f, 88
1652702339.183756, sdrt-health/mac:02010b41cdec/antenna/tag/e2806894000050038662154f, 85
1652702339.184133, sdrt-health/mac:02010b41cdec/antenna/tag/e28068940000500386620d4f, 83
1652702339.202631, sdrt-health/mac:02010b41cdec/antenna/tag/e2806894000040038662114f, 85
1652702339.256366, sdrt-health/mac:02010b41cdec/antenna/tag/e2806894000050038662154f, 85
1652702339.302713, sdrt-health/mac:02010b41cdec/antenna/tag/e2806894000050038661fd4f, 97
1652702339.353208, sdrt-health/mac:02010b41cdec/antenna/tag/e28068940000400386621d4f, 77
1652702339.40301, sdrt-health/mac:02010b41cdec/antenna/tag/e28068940000500386620d4f, 83
1652702339.461461, sdrt-health/mac:02010b41cdec/antenna/tag/e2806894000050038661fd4f, 91
1652702339.461934, sdrt-health/mac:02010b41cdec/antenna/tag/e28068940000500386620d4f, 83
1652702339.483584, sdrt-health/mac:02010b41cdec/antenna/tag/e2806894000050038661fd4f, 97
1652702339.515716, sdrt-health/mac:02010b41cdec/antenna/tag/e28068940000400386621d4f, 77
1652702339.516035, sdrt-health/mac:02010b41cdec/antenna/tag/e2806894000050038662154f, 87
1652702339.532197, sdrt-health/mac:02010b41cdec/antenna/tag/e2806894000050038662154f, 93
1652702339.532412, sdrt-health/mac:02010b41cdec/antenna/tag/e2806894000040038662114f, 87
1652702339.532552, sdrt-health/mac:02010b41cdec/antenna/tag/e2806894000040038662114f, 93
1652702339.56431, sdrt-health/mac:02010b41cdec/antenna/tag/e28068940000500386620d4f, 83
1652702339.621788, sdrt-health/mac:02010b41cdec/antenna/tag/e28068940000500386620d4f, 80
1652702339.622135, sdrt-health/mac:02010b41cdec/antenna/tag/e2806894000040038662114f, 93
1652702339.638181, sdrt-health/mac:02010b41cdec/antenna/tag/e28068940000400386621d4f, 96
1652702339.647266, sdrt-health/mac:02010b41cdec/antenna/tag/e28068940000500386620d4f, 83
1652702339.657341, sdrt-health/mac:02010b41cdec/antenna/tag/e2806894000050038661fd4f, 91
1652702339.689199, sdrt-health/mac:02010b41cdec/antenna/tag/e2806894000050038662154f, 88
1652702339.736966, sdrt-health/mac:02010b41cdec/antenna/tag/e2806894000050038662154f, 93
1652702339.767952, sdrt-health/mac:02010b41cdec/antenna/tag/e28068940000500386620d4f, 83
1652702339.768205, sdrt-health/mac:02010b41cdec/antenna/tag/e2806894000040038662114f, 85
1652702339.768384, sdrt-health/mac:02010b41cdec/antenna/tag/e28068940000400386621d4f, 96
1652702339.782801, sdrt-health/mac:02010b41cdec/antenna/tag/e2806894000050038662154f, 93
1652702339.832787, sdrt-health/mac:02010b41cdec/antenna/tag/e2806894000050038661fd4f, 83
1652702339.8763, sdrt-health/mac:02010b41cdec/antenna/tag/e28068940000500386620d4f, 83
1652702339.940288, sdrt-health/mac:02010b41cdec/antenna/tag/e28068940000500386620d4f, 83
1652702339.94064, sdrt-health/mac:02010b41cdec/antenna/tag/e28068940000400386621d4f, 90
1652702339.956743, sdrt-health/mac:02010b41cdec/antenna/tag/e2806894000040038662114f, 88
1652702339.963485, sdrt-health/mac:02010b41cdec/antenna/tag/e2806894000040038662114f, 85
1652702340.003867, sdrt-health/mac:02010b41cdec/antenna/tag/e2806894000050038662154f, 93
1652702340.196762, sdrt-health/mac:02010b41cdec/antenna/tag/scan, scan stopped
