1652702570.96437, sdrt-health/mac:02010b41cdec/antenna/power/set, {"power": 290}
1652702572.103482, sdrt-health/mac:02010b41cdec/antenna/power/set, 
1652702575.987036, sdrt-health/mac:02010b41cdec/antenna/tag/scan, {"time": 20000}
1652702576.399461, sdrt-health/mac:02010b41cdec/antenna/tag/e28068940000400386621d4f, 77
1652702576.457673, sdrt-health/mac:02010b41cdec/antenna/tag/e2806894000040038662114f, 85
1652702576.516083, sdrt-health/mac:02010b41cdec/antenna/tag/e2806894000050038661fd4f, 91
1652702576.516606, sdrt-health/mac:02010b41cdec/antenna/tag/e28068940000400386621d4f, 77
1652702576.559271, sdrt-health/mac:02010b41cdec/antenna/tag/e2806894000040038662114f, 88
1652702576.601683, sdrt-health/mac:02010b41cdec/antenna/tag/e28068940000500386620d4f, 83
1652702576.633654, sdrt-health/mac:02010b41cdec/antenna/tag/e2806894000050038662154f, 93
1652702576.634137, sdrt-health/mac:02010b41cdec/antenna/tag/e28068940000400386621d4f, 96
1652702576.649762, sdrt-health/mac:02010b41cdec/antenna/tag/e28068940000400386621d4f, 77
1652702576.682827, sdrt-health/mac:02010b41cdec/antenna/tag/e2806894000050038662154f, 93
1652702576.722706, sdrt-health/mac:02010b41cdec/antenna/tag/e2806894000050038662154f, 87
1652702576.75398, sdrt-health/mac:02010b41cdec/antenna/tag/e2806894000050038661fd4f, 91
1652702576.754484, sdrt-health/mac:02010b41cdec/antenna/tag/e28068940000400386621d4f, 77
1652702576.776542, sdrt-health/mac:02010b41cdec/antenna/tag/e2806894000040038662054f, 81
1652702576.821787, sdrt-health/mac:02010b41cdec/antenna/tag/e2806894000040038662114f, 91
1652702576.87101, sdrt-health/mac:02010b41cdec/antenna/tag/e28068940000400386621d4f, 77
1652702576.911759, sdrt-health/mac:02010b41cdec/antenna/tag/e2806894000050038662154f, 85
1652702576.952111, sdrt-health/mac:02010b41cdec/antenna/tag/e28068940000400386621d4f, 77
1652702577.015132, sdrt-health/mac:02010b41cdec/antenna/tag/e2806894000050038662154f, 85
1652702577.015636, sdrt-health/mac:02010b41cdec/antenna/tag/e28068940000400386621d4f, 96
1652702577.031177, sdrt-health/mac:02010b41cdec/antenna/tag/e28068940000500386620d4f, 83
1652702577.063122, sdrt-health/mac:02010b41cdec/antenna/tag/e2806894000050038662154f, 85
1652702577.063615, sdrt-health/mac:02010b41cdec/antenna/tag/e2806894000050038662194f, 88
1652702577.095966, sdrt-health/mac:02010b41cdec/antenna/tag/e28068940000400386621d4f, 77
1652702577.141487, sdrt-health/mac:02010b41cdec/antenna/tag/e2806894000050038662154f, 85
1652702577.142432, sdrt-health/mac:02010b41cdec/antenna/tag/e2806894000050038661fd4f, 88
1652702577.192406, sdrt-health/mac:02010b41cdec/antenna/tag/e2806894000050038662154f, 88
1652702577.254293, sdrt-health/mac:02010b41cdec/antenna/tag/e28068940000500386620d4f, 83
1652702577.25477, sdrt-health/mac:02010b41cdec/antenna/tag/e2806894000050038661fd4f, 83
1652702577.269127, sdrt-health/mac:02010b41cdec/antenna/tag/e2806894000040038662114f, 85
1652702577.281201, sdrt-health/mac:02010b41cdec/antenna/tag/e28068940000400386621d4f, 96
1652702577.284448, sdrt-health/mac:02010b41cdec/antenna/tag/e2806894000040038662114f, 85
1652702577.321637, sdrt-health/mac:02010b41cdec/antenna/tag/e2806894000040038662114f, 85
1652702577.381031, sdrt-health/mac:02010b41cdec/antenna/tag/e2806894000050038661fd4f, 83
1652702577.381583, sdrt-health/mac:02010b41cdec/antenna/tag/e2806894000050038662154f, 85
1652702577.396977, sdrt-health/mac:02010b41cdec/antenna/tag/e28068940000400386621d4f, 96
1652702577.415394, sdrt-health/mac:02010b41cdec/antenna/tag/e2806894000050038662154f, 85
1652702577.461531, sdrt-health/mac:02010b41cdec/antenna/tag/e2806894000050038661fd4f, 88
1652702577.461987, sdrt-health/mac:02010b41cdec/antenna/tag/e2806894000040038662114f, 85
1652702577.478868, sdrt-health/mac:02010b41cdec/antenna/tag/e28068940000500386620d4f, 83
1652702577.512724, sdrt-health/mac:02010b41cdec/antenna/tag/e2806894000050038661fd4f, 97
1652702577.578216, sdrt-health/mac:02010b41cdec/antenna/tag/e2806894000040038662114f, 85
1652702577.578719, sdrt-health/mac:02010b41cdec/antenna/tag/e2806894000050038662154f, 93
1652702577.602131, sdrt-health/mac:02010b41cdec/antenna/tag/e28068940000500386620d4f, 83
1652702577.64127, sdrt-health/mac:02010b41cdec/antenna/tag/e28068940000400386621d4f, 77
1652702577.691177, sdrt-health/mac:02010b41cdec/antenna/tag/e28068940000500386620d4f, 90
1652702577.735386, sdrt-health/mac:02010b41cdec/antenna/tag/e2806894000040038662114f, 85
1652702577.782084, sdrt-health/mac:02010b41cdec/antenna/tag/e2806894000050038661fd4f, 97
1652702577.847641, sdrt-health/mac:02010b41cdec/antenna/tag/e2806894000050038662154f, 88
1652702577.848188, sdrt-health/mac:02010b41cdec/antenna/tag/e2806894000050038662154f, 88
1652702577.88283, sdrt-health/mac:02010b41cdec/antenna/tag/e2806894000040038662114f, 85
1652702577.937495, sdrt-health/mac:02010b41cdec/antenna/tag/e28068940000500386620d4f, 83
1652702577.93805, sdrt-health/mac:02010b41cdec/antenna/tag/e2806894000040038662114f, 87
1652702577.953935, sdrt-health/mac:02010b41cdec/antenna/tag/e28068940000500386620d4f, 83
1652702577.961132, sdrt-health/mac:02010b41cdec/antenna/tag/e2806894000040038662114f, 88
1652702578.002185, sdrt-health/mac:02010b41cdec/antenna/tag/e2806894000040038662114f, 85
1652702578.042541, sdrt-health/mac:02010b41cdec/antenna/tag/e28068940000400386621d4f, 96
1652702578.094355, sdrt-health/mac:02010b41cdec/antenna/tag/e28068940000400386621d4f, 77
1652702578.168864, sdrt-health/mac:02010b41cdec/antenna/tag/e28068940000400386621d4f, 96
1652702578.169173, sdrt-health/mac:02010b41cdec/antenna/tag/e28068940000500386620d4f, 83
1652702578.191352, sdrt-health/mac:02010b41cdec/antenna/tag/e2806894000040038662114f, 88
1652702578.25642, sdrt-health/mac:02010b41cdec/antenna/tag/e2806894000050038661fd4f, 83
1652702578.257026, sdrt-health/mac:02010b41cdec/antenna/tag/e2806894000050038661fd4f, 83
1652702578.271632, sdrt-health/mac:02010b41cdec/antenna/tag/e2806894000040038662114f, 88
1652702578.32818, sdrt-health/mac:02010b41cdec/antenna/tag/e28068940000500386620d4f, 90
1652702578.32871, sdrt-health/mac:02010b41cdec/antenna/tag/e2806894000050038661fd4f, 83
1652702578.351587, sdrt-health/mac:02010b41cdec/antenna/tag/e2806894000050038661fd4f, 83
1652702578.416529, sdrt-health/mac:02010b41cdec/antenna/tag/e2806894000050038661fd4f, 83
1652702578.417069, sdrt-health/mac:02010b41cdec/antenna/tag/e2806894000040038662114f, 85
1652702578.432132, sdrt-health/mac:02010b41cdec/antenna/tag/e2806894000050038662154f, 93
1652702578.457581, sdrt-health/mac:02010b41cdec/antenna/tag/e2806894000040038662114f, 85
1652702578.517157, sdrt-health/mac:02010b41cdec/antenna/tag/e2806894000040038662114f, 93
1652702578.517631, sdrt-health/mac:02010b41cdec/antenna/tag/e28068940000400386621d4f, 96
1652702578.532553, sdrt-health/mac:02010b41cdec/antenna/tag/e2806894000040038662114f, 93
1652702578.533094, sdrt-health/mac:02010b41cdec/antenna/tag/e2806894000050038661fd4f, 91
1652702578.533562, sdrt-health/mac:02010b41cdec/antenna/tag/e28068940000400386621d4f, 96
1652702578.55115, sdrt-health/mac:02010b41cdec/antenna/tag/e28068940000400386621d4f, 77
1652702578.605592, sdrt-health/mac:02010b41cdec/antenna/tag/e2806894000050038661fd4f, 97
1652702578.606092, sdrt-health/mac:02010b41cdec/antenna/tag/e2806894000050038662154f, 85
1652702578.641172, sdrt-health/mac:02010b41cdec/antenna/tag/e2806894000040038662114f, 85
1652702578.69854, sdrt-health/mac:02010b41cdec/antenna/tag/e2806894000050038661fd4f, 97
1652702578.699102, sdrt-health/mac:02010b41cdec/antenna/tag/e2806894000040038662114f, 85
1652702578.731517, sdrt-health/mac:02010b41cdec/antenna/tag/e2806894000040038662114f, 93
1652702578.775485, sdrt-health/mac:02010b41cdec/antenna/tag/e28068940000500386620d4f, 83
1652702578.821793, sdrt-health/mac:02010b41cdec/antenna/tag/e2806894000050038661fd4f, 97
1652702578.886513, sdrt-health/mac:02010b41cdec/antenna/tag/e2806894000050038662154f, 88
1652702578.887121, sdrt-health/mac:02010b41cdec/antenna/tag/e2806894000040038662114f, 88
1652702578.92019, sdrt-health/mac:02010b41cdec/antenna/tag/e2806894000050038661fd4f, 97
1652702578.950963, sdrt-health/mac:02010b41cdec/antenna/tag/e2806894000050038661fd4f, 83
1652702578.951468, sdrt-health/mac:02010b41cdec/antenna/tag/e28068940000400386621d4f, 77
1652702578.9702, sdrt-health/mac:02010b41cdec/antenna/tag/e28068940000500386620d4f, 83
1652702579.03132, sdrt-health/mac:02010b41cdec/antenna/tag/e2806894000040038662114f, 91
1652702579.03188, sdrt-health/mac:02010b41cdec/antenna/tag/e28068940000400386621d4f, 96
1652702579.052482, sdrt-health/mac:02010b41cdec/antenna/tag/e2806894000040038662114f, 85
1652702579.110467, sdrt-health/mac:02010b41cdec/antenna/tag/e28068940000400386621d4f, 96
1652702579.110981, sdrt-health/mac:02010b41cdec/antenna/tag/e2806894000040038662114f, 93
1652702579.142143, sdrt-health/mac:02010b41cdec/antenna/tag/e2806894000040038662114f, 85
1652702579.207848, sdrt-health/mac:02010b41cdec/antenna/tag/e28068940000400386621d4f, 96
1652702579.208399, sdrt-health/mac:02010b41cdec/antenna/tag/e28068940000400386621d4f, 96
1652702579.232302, sdrt-health/mac:02010b41cdec/antenna/tag/e2806894000050038661fd4f, 83
1652702579.289024, sdrt-health/mac:02010b41cdec/antenna/tag/e28068940000500386620d4f, 90
1652702579.289541, sdrt-health/mac:02010b41cdec/antenna/tag/e28068940000500386620d4f, 83
1652702579.305245, sdrt-health/mac:02010b41cdec/antenna/tag/e2806894000050038661fd4f, 83
1652702579.305839, sdrt-health/mac:02010b41cdec/antenna/tag/e2806894000040038662114f, 85
1652702579.321598, sdrt-health/mac:02010b41cdec/antenna/tag/e2806894000050038661fd4f, 83
1652702579.381582, sdrt-health/mac:02010b41cdec/antenna/tag/e28068940000400386621d4f, 96
1652702579.459405, sdrt-health/mac:02010b41cdec/antenna/tag/e2806894000040038662114f, 85
1652702579.512946, sdrt-health/mac:02010b41cdec/antenna/tag/e2806894000040038662114f, 85
1652702579.561997, sdrt-health/mac:02010b41cdec/antenna/tag/e2806894000040038661f94f, 81
1652702579.671194, sdrt-health/mac:02010b41cdec/antenna/tag/e2806894000040038662114f, 85
1652702579.722921, sdrt-health/mac:02010b41cdec/antenna/tag/e28068940000400386621d4f, 96
1652702579.773491, sdrt-health/mac:02010b41cdec/antenna/tag/e2806894000050038662154f, 85
1652702579.831417, sdrt-health/mac:02010b41cdec/antenna/tag/e2806894000050038661fd4f, 83
1652702579.832048, sdrt-health/mac:02010b41cdec/antenna/tag/e28068940000400386621d4f, 96
1652702579.871195, sdrt-health/mac:02010b41cdec/antenna/tag/e28068940000400386621d4f, 90
1652702579.920324, sdrt-health/mac:02010b41cdec/antenna/tag/e28068940000400386621d4f, 96
1652702579.980145, sdrt-health/mac:02010b41cdec/antenna/tag/e2806894000050038662154f, 85
1652702579.980655, sdrt-health/mac:02010b41cdec/antenna/tag/e2806894000050038661fd4f, 97
1652702580.001638, sdrt-health/mac:02010b41cdec/antenna/tag/e2806894000050038662154f, 85
1652702580.074371, sdrt-health/mac:02010b41cdec/antenna/tag/e2806894000050038661fd4f, 97
1652702580.075016, sdrt-health/mac:02010b41cdec/antenna/tag/e2806894000050038662154f, 93
1652702580.091254, sdrt-health/mac:02010b41cdec/antenna/tag/e2806894000040038662214f, 94
1652702580.100435, sdrt-health/mac:02010b41cdec/antenna/tag/e28068940000400386621d4f, 77
1652702580.108267, sdrt-health/mac:02010b41cdec/antenna/tag/e28068940000400386621d4f, 77
1652702580.151681, sdrt-health/mac:02010b41cdec/antenna/tag/e2806894000040038661f94f, 81
1652702580.192256, sdrt-health/mac:02010b41cdec/antenna/tag/e2806894000050038662154f, 88
1652702580.257025, sdrt-health/mac:02010b41cdec/antenna/tag/e2806894000050038661fd4f, 97
1652702580.257517, sdrt-health/mac:02010b41cdec/antenna/tag/e28068940000400386621d4f, 96
1652702580.257915, sdrt-health/mac:02010b41cdec/antenna/tag/e2806894000050038662154f, 88
1652702580.281221, sdrt-health/mac:02010b41cdec/antenna/tag/e28068940000500386620d4f, 83
1652702580.340407, sdrt-health/mac:02010b41cdec/antenna/tag/e28068940000500386620d4f, 80
1652702580.34086, sdrt-health/mac:02010b41cdec/antenna/tag/e28068940000500386620d4f, 83
1652702580.375045, sdrt-health/mac:02010b41cdec/antenna/tag/e28068940000500386620d4f, 80
1652702580.424233, sdrt-health/mac:02010b41cdec/antenna/tag/e2806894000050038661fd4f, 97
1652702580.495034, sdrt-health/mac:02010b41cdec/antenna/tag/e28068940000500386620d4f, 83
1652702580.495624, sdrt-health/mac:02010b41cdec/antenna/tag/e2806894000050038661fd4f, 91
1652702580.510551, sdrt-health/mac:02010b41cdec/antenna/tag/e2806894000040038662214f, 94
1652702580.544347, sdrt-health/mac:02010b41cdec/antenna/tag/e28068940000500386620d4f, 83
1652702580.544944, sdrt-health/mac:02010b41cdec/antenna/tag/e2806894000050038662154f, 85
1652702580.545417, sdrt-health/mac:02010b41cdec/antenna/tag/e28068940000500386620d4f, 83
1652702580.560976, sdrt-health/mac:02010b41cdec/antenna/tag/e2806894000050038661fd4f, 97
1652702580.617038, sdrt-health/mac:02010b41cdec/antenna/tag/e2806894000040038662114f, 93
1652702580.617548, sdrt-health/mac:02010b41cdec/antenna/tag/e2806894000050038661fd4f, 97
1652702580.632487, sdrt-health/mac:02010b41cdec/antenna/tag/e28068940000500386620d4f, 83
1652702580.641309, sdrt-health/mac:02010b41cdec/antenna/tag/e2806894000040038662114f, 87
1652702580.695559, sdrt-health/mac:02010b41cdec/antenna/tag/e2806894000040038662114f, 85
1652702580.759106, sdrt-health/mac:02010b41cdec/antenna/tag/e28068940000400386621d4f, 96
1652702580.759647, sdrt-health/mac:02010b41cdec/antenna/tag/e28068940000400386621d4f, 96
1652702580.801412, sdrt-health/mac:02010b41cdec/antenna/tag/e2806894000040038662114f, 85
1652702580.855905, sdrt-health/mac:02010b41cdec/antenna/tag/e28068940000400386621d4f, 96
1652702580.856347, sdrt-health/mac:02010b41cdec/antenna/tag/e28068940000400386621d4f, 96
1652702580.8812, sdrt-health/mac:02010b41cdec/antenna/tag/e28068940000500386620d4f, 83
1652702580.921515, sdrt-health/mac:02010b41cdec/antenna/tag/e28068940000500386620d4f, 83
1652702580.969559, sdrt-health/mac:02010b41cdec/antenna/tag/e28068940000500386620d4f, 83
1652702581.000949, sdrt-health/mac:02010b41cdec/antenna/tag/e2806894000050038661fd4f, 91
1652702581.001385, sdrt-health/mac:02010b41cdec/antenna/tag/e2806894000050038662154f, 85
1652702581.015653, sdrt-health/mac:02010b41cdec/antenna/tag/e28068940000400386621d4f, 96
1652702581.016155, sdrt-health/mac:02010b41cdec/antenna/tag/e2806894000040038662114f, 93
1652702581.016454, sdrt-health/mac:02010b41cdec/antenna/tag/e2806894000050038662154f, 93
1652702581.061087, sdrt-health/mac:02010b41cdec/antenna/tag/e2806894000040038662114f, 85
1652702581.111791, sdrt-health/mac:02010b41cdec/antenna/tag/e2806894000040038662114f, 85
1652702581.142992, sdrt-health/mac:02010b41cdec/antenna/tag/e2806894000050038662154f, 91
1652702581.143538, sdrt-health/mac:02010b41cdec/antenna/tag/e2806894000050038662154f, 88
1652702581.143903, sdrt-health/mac:02010b41cdec/antenna/tag/e2806894000040038662114f, 85
1652702581.174976, sdrt-health/mac:02010b41cdec/antenna/tag/e28068940000400386621d4f, 96
1652702581.175523, sdrt-health/mac:02010b41cdec/antenna/tag/e2806894000050038662154f, 88
1652702581.203361, sdrt-health/mac:02010b41cdec/antenna/tag/e2806894000050038662154f, 85
1652702581.240811, sdrt-health/mac:02010b41cdec/antenna/tag/e28068940000500386620d4f, 90
1652702581.272955, sdrt-health/mac:02010b41cdec/antenna/tag/e2806894000040038662114f, 88
1652702581.273452, sdrt-health/mac:02010b41cdec/antenna/tag/e2806894000050038662154f, 88
1652702581.289811, sdrt-health/mac:02010b41cdec/antenna/tag/e28068940000400386621d4f, 96
1652702581.321267, sdrt-health/mac:02010b41cdec/antenna/tag/e28068940000400386621d4f, 77
1652702581.361813, sdrt-health/mac:02010b41cdec/antenna/tag/e2806894000050038661fd4f, 91
1652702581.401657, sdrt-health/mac:02010b41cdec/antenna/tag/e2806894000050038662154f, 93
1652702581.44559, sdrt-health/mac:02010b41cdec/antenna/tag/e28068940000500386620d4f, 80
1652702581.495146, sdrt-health/mac:02010b41cdec/antenna/tag/e2806894000050038662154f, 93
1652702581.528483, sdrt-health/mac:02010b41cdec/antenna/tag/e28068940000500386620d4f, 83
1652702581.528943, sdrt-health/mac:02010b41cdec/antenna/tag/e28068940000500386620d4f, 90
1652702581.529309, sdrt-health/mac:02010b41cdec/antenna/tag/e2806894000050038662154f, 85
1652702581.544934, sdrt-health/mac:02010b41cdec/antenna/tag/e2806894000050038661fd4f, 91
1652702581.545443, sdrt-health/mac:02010b41cdec/antenna/tag/e2806894000050038662154f, 93
1652702581.611353, sdrt-health/mac:02010b41cdec/antenna/tag/e2806894000050038662154f, 88
1652702581.65717, sdrt-health/mac:02010b41cdec/antenna/tag/e2806894000050038662154f, 85
1652702581.711597, sdrt-health/mac:02010b41cdec/antenna/tag/e28068940000500386620d4f, 83
1652702581.785041, sdrt-health/mac:02010b41cdec/antenna/tag/e2806894000050038662154f, 88
1652702581.78558, sdrt-health/mac:02010b41cdec/antenna/tag/e2806894000050038662154f, 85
1652702581.80218, sdrt-health/mac:02010b41cdec/antenna/tag/e2806894000040038662114f, 93
1652702581.83373, sdrt-health/mac:02010b41cdec/antenna/tag/e28068940000400386621d4f, 96
1652702581.834233, sdrt-health/mac:02010b41cdec/antenna/tag/e28068940000400386621d4f, 96
1652702581.861635, sdrt-health/mac:02010b41cdec/antenna/tag/e28068940000400386621d4f, 96
1652702581.862509, sdrt-health/mac:02010b41cdec/antenna/tag/e2806894000050038661fd4f, 97
1652702581.912223, sdrt-health/mac:02010b41cdec/antenna/tag/e28068940000500386620d4f, 83
1652702581.960167, sdrt-health/mac:02010b41cdec/antenna/tag/e2806894000050038662154f, 88
1652702582.018231, sdrt-health/mac:02010b41cdec/antenna/tag/e2806894000040038662114f, 88
1652702582.018765, sdrt-health/mac:02010b41cdec/antenna/tag/e2806894000040038662114f, 93
1652702582.040827, sdrt-health/mac:02010b41cdec/antenna/tag/e2806894000050038662154f, 93
1652702582.041392, sdrt-health/mac:02010b41cdec/antenna/tag/e28068940000400386621d4f, 77
1652702582.056593, sdrt-health/mac:02010b41cdec/antenna/tag/e28068940000500386620d4f, 83
1652702582.082484, sdrt-health/mac:02010b41cdec/antenna/tag/e2806894000050038662154f, 93
1652702582.176521, sdrt-health/mac:02010b41cdec/antenna/tag/e2806894000050038662154f, 85
1652702582.17709, sdrt-health/mac:02010b41cdec/antenna/tag/e2806894000050038662154f, 85
1652702582.191685, sdrt-health/mac:02010b41cdec/antenna/tag/e2806894000050038662154f, 85
1652702582.224197, sdrt-health/mac:02010b41cdec/antenna/tag/e28068940000400386621d4f, 96
1652702582.224667, sdrt-health/mac:02010b41cdec/antenna/tag/e2806894000050038661fd4f, 83
1652702582.225033, sdrt-health/mac:02010b41cdec/antenna/tag/e28068940000400386621d4f, 96
1652702582.2421, sdrt-health/mac:02010b41cdec/antenna/tag/e28068940000400386621d4f, 96
1652702582.295849, sdrt-health/mac:02010b41cdec/antenna/tag/e28068940000400386621d4f, 96
1652702582.349065, sdrt-health/mac:02010b41cdec/antenna/tag/e2806894000050038661fd4f, 97
1652702582.349688, sdrt-health/mac:02010b41cdec/antenna/tag/e28068940000500386620d4f, 83
1652702582.365075, sdrt-health/mac:02010b41cdec/antenna/tag/e2806894000050038661fd4f, 97
1652702582.375967, sdrt-health/mac:02010b41cdec/antenna/tag/e2806894000050038662154f, 85
1652702582.421406, sdrt-health/mac:02010b41cdec/antenna/tag/e28068940000400386621d4f, 96
1652702582.421889, sdrt-health/mac:02010b41cdec/antenna/tag/e2806894000040038662114f, 88
1652702582.436706, sdrt-health/mac:02010b41cdec/antenna/tag/e28068940000400386621d4f, 77
1652702582.492944, sdrt-health/mac:02010b41cdec/antenna/tag/e28068940000500386620d4f, 83
1652702582.536001, sdrt-health/mac:02010b41cdec/antenna/tag/e2806894000050038661fd4f, 97
1652702582.581066, sdrt-health/mac:02010b41cdec/antenna/tag/e28068940000500386620d4f, 90
1652702582.631233, sdrt-health/mac:02010b41cdec/antenna/tag/e28068940000500386620d4f, 83
1652702582.672043, sdrt-health/mac:02010b41cdec/antenna/tag/e28068940000500386620d4f, 90
1652702582.673477, sdrt-health/mac:02010b41cdec/antenna/tag/e2806894000040038662214f, 88
1652702582.738051, sdrt-health/mac:02010b41cdec/antenna/tag/e28068940000400386621d4f, 77
1652702582.738554, sdrt-health/mac:02010b41cdec/antenna/tag/e2806894000040038662214f, 110
1652702582.738896, sdrt-health/mac:02010b41cdec/antenna/tag/e28068940000500386620d4f, 83
1652702582.753383, sdrt-health/mac:02010b41cdec/antenna/tag/e2806894000050038662154f, 85
1652702582.761305, sdrt-health/mac:02010b41cdec/antenna/tag/e2806894000040038662114f, 85
1652702582.80266, sdrt-health/mac:02010b41cdec/antenna/tag/e28068940000400386621d4f, 96
1652702582.841288, sdrt-health/mac:02010b41cdec/antenna/tag/e28068940000500386620d4f, 83
1652702582.93517, sdrt-health/mac:02010b41cdec/antenna/tag/e28068940000400386621d4f, 77
1652702582.935735, sdrt-health/mac:02010b41cdec/antenna/tag/e2806894000050038662154f, 85
1652702582.961785, sdrt-health/mac:02010b41cdec/antenna/tag/e28068940000500386620d4f, 90
1652702582.993306, sdrt-health/mac:02010b41cdec/antenna/tag/e2806894000040038662114f, 93
1652702582.993787, sdrt-health/mac:02010b41cdec/antenna/tag/e2806894000050038661fd4f, 91
1652702583.00899, sdrt-health/mac:02010b41cdec/antenna/tag/e28068940000500386620d4f, 83
1652702583.009617, sdrt-health/mac:02010b41cdec/antenna/tag/e2806894000040038662114f, 93
1652702583.041982, sdrt-health/mac:02010b41cdec/antenna/tag/e2806894000040038662114f, 88
1652702583.099303, sdrt-health/mac:02010b41cdec/antenna/tag/e2806894000050038661fd4f, 83
1652702583.099839, sdrt-health/mac:02010b41cdec/antenna/tag/e28068940000500386620d4f, 83
1652702583.114733, sdrt-health/mac:02010b41cdec/antenna/tag/e2806894000050038661fd4f, 97
1652702583.121487, sdrt-health/mac:02010b41cdec/antenna/tag/e28068940000400386621d4f, 96
1652702583.131048, sdrt-health/mac:02010b41cdec/antenna/tag/e2806894000040038662114f, 88
1652702583.161167, sdrt-health/mac:02010b41cdec/antenna/tag/e2806894000040038662114f, 88
1652702583.216617, sdrt-health/mac:02010b41cdec/antenna/tag/e2806894000040038662114f, 85
1652702583.217305, sdrt-health/mac:02010b41cdec/antenna/tag/e28068940000500386620d4f, 83
1652702583.231924, sdrt-health/mac:02010b41cdec/antenna/tag/e28068940000400386621d4f, 77
1652702583.267461, sdrt-health/mac:02010b41cdec/antenna/tag/e2806894000050038661fd4f, 91
1652702583.268036, sdrt-health/mac:02010b41cdec/antenna/tag/e2806894000040038662114f, 93
1652702583.268438, sdrt-health/mac:02010b41cdec/antenna/tag/e28068940000500386620d4f, 83
1652702583.268811, sdrt-health/mac:02010b41cdec/antenna/tag/e2806894000050038662154f, 85
1652702583.291379, sdrt-health/mac:02010b41cdec/antenna/tag/e2806894000040038662054f, 88
1652702583.350901, sdrt-health/mac:02010b41cdec/antenna/tag/e28068940000400386621d4f, 96
1652702583.351451, sdrt-health/mac:02010b41cdec/antenna/tag/e28068940000400386621d4f, 96
1652702583.36744, sdrt-health/mac:02010b41cdec/antenna/tag/e28068940000400386621d4f, 96
1652702583.382528, sdrt-health/mac:02010b41cdec/antenna/tag/e2806894000050038661fd4f, 83
1652702583.432181, sdrt-health/mac:02010b41cdec/antenna/tag/e2806894000050038661fd4f, 97
1652702583.461636, sdrt-health/mac:02010b41cdec/antenna/tag/e2806894000050038662194f, 88
1652702583.462216, sdrt-health/mac:02010b41cdec/antenna/tag/e28068940000500386620d4f, 83
1652702583.478485, sdrt-health/mac:02010b41cdec/antenna/tag/e2806894000050038661fd4f, 83
1652702583.553076, sdrt-health/mac:02010b41cdec/antenna/tag/e2806894000050038661fd4f, 88
1652702583.600745, sdrt-health/mac:02010b41cdec/antenna/tag/e2806894000050038662154f, 85
1652702583.601274, sdrt-health/mac:02010b41cdec/antenna/tag/e28068940000500386620d4f, 83
1652702583.617632, sdrt-health/mac:02010b41cdec/antenna/tag/e28068940000400386621d4f, 77
1652702583.657693, sdrt-health/mac:02010b41cdec/antenna/tag/e2806894000050038662154f, 85
1652702583.720198, sdrt-health/mac:02010b41cdec/antenna/tag/e28068940000500386620d4f, 83
1652702583.720664, sdrt-health/mac:02010b41cdec/antenna/tag/e2806894000050038661fd4f, 97
1652702583.755569, sdrt-health/mac:02010b41cdec/antenna/tag/e2806894000050038662154f, 88
1652702583.81716, sdrt-health/mac:02010b41cdec/antenna/tag/e28068940000500386620d4f, 83
1652702583.817655, sdrt-health/mac:02010b41cdec/antenna/tag/e28068940000400386621d4f, 96
1652702583.832855, sdrt-health/mac:02010b41cdec/antenna/tag/e28068940000400386621d4f, 96
1652702583.841151, sdrt-health/mac:02010b41cdec/antenna/tag/e2806894000050038662154f, 88
1652702583.882497, sdrt-health/mac:02010b41cdec/antenna/tag/e2806894000050038662154f, 88
1652702583.914214, sdrt-health/mac:02010b41cdec/antenna/tag/e28068940000400386621d4f, 96
1652702583.914733, sdrt-health/mac:02010b41cdec/antenna/tag/e2806894000050038662154f, 85
1652702583.94532, sdrt-health/mac:02010b41cdec/antenna/tag/e2806894000040038662114f, 85
1652702584.002172, sdrt-health/mac:02010b41cdec/antenna/tag/e2806894000040038662114f, 85
1652702584.081654, sdrt-health/mac:02010b41cdec/antenna/tag/e2806894000040038662114f, 85
1652702584.12128, sdrt-health/mac:02010b41cdec/antenna/tag/e2806894000050038662154f, 85
1652702584.161161, sdrt-health/mac:02010b41cdec/antenna/tag/e28068940000500386620d4f, 90
1652702584.20101, sdrt-health/mac:02010b41cdec/antenna/tag/e28068940000500386620d4f, 83
1652702584.258692, sdrt-health/mac:02010b41cdec/antenna/tag/e2806894000050038662194f, 81
1652702584.259533, sdrt-health/mac:02010b41cdec/antenna/tag/e2806894000050038661fd4f, 91
1652702584.321263, sdrt-health/mac:02010b41cdec/antenna/tag/e28068940000500386620d4f, 80
1652702584.361901, sdrt-health/mac:02010b41cdec/antenna/tag/e2806894000050038661fd4f, 88
1652702584.418863, sdrt-health/mac:02010b41cdec/antenna/tag/e28068940000400386621d4f, 96
1652702584.419056, sdrt-health/mac:02010b41cdec/antenna/tag/e2806894000040038662114f, 87
1652702584.472615, sdrt-health/mac:02010b41cdec/antenna/tag/e2806894000040038662114f, 85
1652702584.512494, sdrt-health/mac:02010b41cdec/antenna/tag/e2806894000040038662114f, 85
1652702584.608482, sdrt-health/mac:02010b41cdec/antenna/tag/e2806894000050038662154f, 93
1652702584.609047, sdrt-health/mac:02010b41cdec/antenna/tag/e2806894000040038662114f, 85
1652702584.641922, sdrt-health/mac:02010b41cdec/antenna/tag/e2806894000040038662114f, 88
1652702584.682435, sdrt-health/mac:02010b41cdec/antenna/tag/e2806894000050038662154f, 88
1652702584.752456, sdrt-health/mac:02010b41cdec/antenna/tag/e2806894000050038661fd4f, 97
1652702584.801611, sdrt-health/mac:02010b41cdec/antenna/tag/e28068940000500386620d4f, 83
1652702584.834632, sdrt-health/mac:02010b41cdec/antenna/tag/e2806894000050038662154f, 85
1652702584.835089, sdrt-health/mac:02010b41cdec/antenna/tag/e28068940000400386621d4f, 96
1652702584.849939, sdrt-health/mac:02010b41cdec/antenna/tag/e2806894000050038662194f, 83
1652702584.850402, sdrt-health/mac:02010b41cdec/antenna/tag/e28068940000400386621d4f, 96
1652702584.880822, sdrt-health/mac:02010b41cdec/antenna/tag/e28068940000500386620d4f, 83
1652702584.937637, sdrt-health/mac:02010b41cdec/antenna/tag/e2806894000050038661fd4f, 83
1652702584.937927, sdrt-health/mac:02010b41cdec/antenna/tag/e2806894000050038662154f, 85
1652702584.938108, sdrt-health/mac:02010b41cdec/antenna/tag/e2806894000050038662194f, 84
1652702584.971723, sdrt-health/mac:02010b41cdec/antenna/tag/e2806894000050038662154f, 88
1652702585.016057, sdrt-health/mac:02010b41cdec/antenna/tag/e28068940000500386620d4f, 90
1652702585.053221, sdrt-health/mac:02010b41cdec/antenna/tag/e2806894000050038661fd4f, 91
1652702585.133202, sdrt-health/mac:02010b41cdec/antenna/tag/e2806894000050038662154f, 93
1652702585.176154, sdrt-health/mac:02010b41cdec/antenna/tag/e28068940000500386620d4f, 90
1652702585.228954, sdrt-health/mac:02010b41cdec/antenna/tag/e2806894000050038662154f, 93
1652702585.229466, sdrt-health/mac:02010b41cdec/antenna/tag/e2806894000050038662154f, 85
1652702585.255854, sdrt-health/mac:02010b41cdec/antenna/tag/e2806894000050038662154f, 85
1652702585.289926, sdrt-health/mac:02010b41cdec/antenna/tag/e28068940000400386621d4f, 96
1652702585.290436, sdrt-health/mac:02010b41cdec/antenna/tag/e2806894000050038661fd4f, 83
1652702585.306173, sdrt-health/mac:02010b41cdec/antenna/tag/e2806894000050038662154f, 88
1652702585.373052, sdrt-health/mac:02010b41cdec/antenna/tag/e28068940000400386621d4f, 77
1652702585.418862, sdrt-health/mac:02010b41cdec/antenna/tag/e28068940000500386620d4f, 83
1652702585.472191, sdrt-health/mac:02010b41cdec/antenna/tag/e2806894000050038661fd4f, 97
1652702585.47264, sdrt-health/mac:02010b41cdec/antenna/tag/e28068940000500386620d4f, 83
1652702585.491197, sdrt-health/mac:02010b41cdec/antenna/tag/e2806894000040038662114f, 88
1652702585.525441, sdrt-health/mac:02010b41cdec/antenna/tag/e2806894000050038662154f, 85
1652702585.525897, sdrt-health/mac:02010b41cdec/antenna/tag/e2806894000050038662154f, 85
1652702585.544127, sdrt-health/mac:02010b41cdec/antenna/tag/e2806894000040038662114f, 85
1652702585.575444, sdrt-health/mac:02010b41cdec/antenna/tag/e28068940000400386621d4f, 96
1652702585.57591, sdrt-health/mac:02010b41cdec/antenna/tag/e2806894000040038662114f, 85
1652702585.576322, sdrt-health/mac:02010b41cdec/antenna/tag/e28068940000500386620d4f, 83
1652702585.601663, sdrt-health/mac:02010b41cdec/antenna/tag/e2806894000050038661fd4f, 88
1652702585.656223, sdrt-health/mac:02010b41cdec/antenna/tag/e28068940000400386621d4f, 96
1652702585.687597, sdrt-health/mac:02010b41cdec/antenna/tag/e2806894000050038661fd4f, 97
1652702585.688096, sdrt-health/mac:02010b41cdec/antenna/tag/e28068940000500386620d4f, 83
1652702585.706656, sdrt-health/mac:02010b41cdec/antenna/tag/e28068940000400386621d4f, 96
1652702585.752412, sdrt-health/mac:02010b41cdec/antenna/tag/e2806894000040038662114f, 85
1652702585.815862, sdrt-health/mac:02010b41cdec/antenna/tag/e2806894000040038662114f, 85
1652702585.816405, sdrt-health/mac:02010b41cdec/antenna/tag/e28068940000400386621d4f, 96
1652702585.831491, sdrt-health/mac:02010b41cdec/antenna/tag/e28068940000500386620d4f, 83
1652702585.832094, sdrt-health/mac:02010b41cdec/antenna/tag/e2806894000050038662154f, 85
1652702585.832504, sdrt-health/mac:02010b41cdec/antenna/tag/e2806894000040038662114f, 87
1652702585.850126, sdrt-health/mac:02010b41cdec/antenna/tag/e28068940000400386621d4f, 96
1652702585.882432, sdrt-health/mac:02010b41cdec/antenna/tag/e2806894000050038661fd4f, 83
1652702585.882939, sdrt-health/mac:02010b41cdec/antenna/tag/e28068940000400386621d4f, 96
1652702585.898335, sdrt-health/mac:02010b41cdec/antenna/tag/e28068940000400386621d4f, 90
1652702585.943504, sdrt-health/mac:02010b41cdec/antenna/tag/e2806894000050038662154f, 85
1652702586.017513, sdrt-health/mac:02010b41cdec/antenna/tag/e28068940000500386620d4f, 83
1652702586.018063, sdrt-health/mac:02010b41cdec/antenna/tag/e2806894000050038662154f, 85
1652702586.034112, sdrt-health/mac:02010b41cdec/antenna/tag/e2806894000040038662114f, 85
1652702586.041879, sdrt-health/mac:02010b41cdec/antenna/tag/e2806894000050038662154f, 93
1652702586.083153, sdrt-health/mac:02010b41cdec/antenna/tag/e2806894000050038661fd4f, 91
1652702586.122364, sdrt-health/mac:02010b41cdec/antenna/tag/e2806894000050038662154f, 85
1652702586.161969, sdrt-health/mac:02010b41cdec/antenna/tag/e28068940000400386621d4f, 96
1652702586.201935, sdrt-health/mac:02010b41cdec/antenna/tag/e2806894000040038662114f, 85
1652702586.271431, sdrt-health/mac:02010b41cdec/antenna/tag/e28068940000400386621d4f, 96
1652702586.328231, sdrt-health/mac:02010b41cdec/antenna/tag/e2806894000050038661fd4f, 91
1652702586.328748, sdrt-health/mac:02010b41cdec/antenna/tag/e28068940000400386621d4f, 96
1652702586.34526, sdrt-health/mac:02010b41cdec/antenna/tag/e2806894000050038661fd4f, 83
1652702586.345716, sdrt-health/mac:02010b41cdec/antenna/tag/e28068940000400386621d4f, 96
1652702586.346113, sdrt-health/mac:02010b41cdec/antenna/tag/e28068940000500386620d4f, 83
1652702586.363093, sdrt-health/mac:02010b41cdec/antenna/tag/e2806894000050038662154f, 85
1652702586.402503, sdrt-health/mac:02010b41cdec/antenna/tag/e2806894000050038662154f, 85
1652702586.441163, sdrt-health/mac:02010b41cdec/antenna/tag/e28068940000500386620d4f, 83
1652702586.481417, sdrt-health/mac:02010b41cdec/antenna/tag/e2806894000050038661fd4f, 91
1652702586.537933, sdrt-health/mac:02010b41cdec/antenna/tag/e2806894000050038662154f, 85
1652702586.53842, sdrt-health/mac:02010b41cdec/antenna/tag/e2806894000040038662114f, 85
1652702586.538758, sdrt-health/mac:02010b41cdec/antenna/tag/e2806894000040038661f94f, 84
1652702586.563375, sdrt-health/mac:02010b41cdec/antenna/tag/e2806894000040038662114f, 87
1652702586.663105, sdrt-health/mac:02010b41cdec/antenna/tag/e2806894000040038662114f, 85
1652702586.73364, sdrt-health/mac:02010b41cdec/antenna/tag/e28068940000500386620d4f, 83
1652702586.790754, sdrt-health/mac:02010b41cdec/antenna/tag/e2806894000040038662114f, 85
1652702586.79128, sdrt-health/mac:02010b41cdec/antenna/tag/e2806894000050038662154f, 88
1652702586.805778, sdrt-health/mac:02010b41cdec/antenna/tag/e28068940000400386621d4f, 96
1652702586.812133, sdrt-health/mac:02010b41cdec/antenna/tag/e2806894000040038662114f, 93
1652702586.821625, sdrt-health/mac:02010b41cdec/antenna/tag/e28068940000400386621d4f, 77
1652702586.856592, sdrt-health/mac:02010b41cdec/antenna/tag/e28068940000400386621d4f, 96
1652702586.925535, sdrt-health/mac:02010b41cdec/antenna/tag/e28068940000500386620d4f, 83
1652702586.926056, sdrt-health/mac:02010b41cdec/antenna/tag/e2806894000050038661fd4f, 97
1652702586.942493, sdrt-health/mac:02010b41cdec/antenna/tag/e2806894000050038662154f, 85
1652702586.951929, sdrt-health/mac:02010b41cdec/antenna/tag/e2806894000050038662154f, 93
1652702586.958511, sdrt-health/mac:02010b41cdec/antenna/tag/e2806894000050038662154f, 93
1652702586.992072, sdrt-health/mac:02010b41cdec/antenna/tag/e28068940000500386620d4f, 90
1652702587.04325, sdrt-health/mac:02010b41cdec/antenna/tag/e28068940000500386620d4f, 83
1652702587.082409, sdrt-health/mac:02010b41cdec/antenna/tag/e28068940000400386621d4f, 96
1652702587.139575, sdrt-health/mac:02010b41cdec/antenna/tag/e2806894000050038661fd4f, 97
1652702587.140079, sdrt-health/mac:02010b41cdec/antenna/tag/e28068940000500386620d4f, 83
1652702587.162968, sdrt-health/mac:02010b41cdec/antenna/tag/e28068940000500386620d4f, 83
1652702587.201924, sdrt-health/mac:02010b41cdec/antenna/tag/e2806894000040038662114f, 85
1652702587.234058, sdrt-health/mac:02010b41cdec/antenna/tag/e2806894000050038662154f, 85
1652702587.234602, sdrt-health/mac:02010b41cdec/antenna/tag/e28068940000500386620d4f, 83
1652702587.249819, sdrt-health/mac:02010b41cdec/antenna/tag/e28068940000400386621d4f, 96
1652702587.302103, sdrt-health/mac:02010b41cdec/antenna/tag/e28068940000400386621d4f, 96
1652702587.377787, sdrt-health/mac:02010b41cdec/antenna/tag/e28068940000500386620d4f, 83
1652702587.411468, sdrt-health/mac:02010b41cdec/antenna/tag/e2806894000050038661fd4f, 83
1652702587.411975, sdrt-health/mac:02010b41cdec/antenna/tag/e28068940000500386620d4f, 80
1652702587.433642, sdrt-health/mac:02010b41cdec/antenna/tag/e2806894000050038662154f, 85
1652702587.47264, sdrt-health/mac:02010b41cdec/antenna/tag/e2806894000050038662154f, 85
1652702587.505623, sdrt-health/mac:02010b41cdec/antenna/tag/e2806894000050038661fd4f, 91
1652702587.506176, sdrt-health/mac:02010b41cdec/antenna/tag/e28068940000500386620d4f, 83
1652702587.521293, sdrt-health/mac:02010b41cdec/antenna/tag/e2806894000050038662154f, 85
1652702587.562998, sdrt-health/mac:02010b41cdec/antenna/tag/e2806894000050038662154f, 88
1652702587.600869, sdrt-health/mac:02010b41cdec/antenna/tag/e28068940000400386621d4f, 96
1652702587.700767, sdrt-health/mac:02010b41cdec/antenna/tag/e2806894000050038661fd4f, 83
1652702587.753296, sdrt-health/mac:02010b41cdec/antenna/tag/e28068940000500386620d4f, 83
1652702587.787602, sdrt-health/mac:02010b41cdec/antenna/tag/e2806894000050038662154f, 88
1652702587.788104, sdrt-health/mac:02010b41cdec/antenna/tag/e2806894000040038662114f, 85
1652702587.804174, sdrt-health/mac:02010b41cdec/antenna/tag/e28068940000400386621d4f, 96
1652702587.80471, sdrt-health/mac:02010b41cdec/antenna/tag/e28068940000500386620d4f, 90
1652702587.843642, sdrt-health/mac:02010b41cdec/antenna/tag/e2806894000050038662154f, 87
1652702587.898349, sdrt-health/mac:02010b41cdec/antenna/tag/e28068940000500386620d4f, 83
1652702587.898809, sdrt-health/mac:02010b41cdec/antenna/tag/e2806894000040038662114f, 88
1652702587.914271, sdrt-health/mac:02010b41cdec/antenna/tag/e28068940000500386620d4f, 90
1652702587.922845, sdrt-health/mac:02010b41cdec/antenna/tag/e2806894000050038661fd4f, 97
1652702587.930884, sdrt-health/mac:02010b41cdec/antenna/tag/e2806894000050038662154f, 93
1652702587.931325, sdrt-health/mac:02010b41cdec/antenna/tag/e2806894000050038661fd4f, 91
1652702587.963321, sdrt-health/mac:02010b41cdec/antenna/tag/e2806894000050038661fd4f, 91
1652702588.025128, sdrt-health/mac:02010b41cdec/antenna/tag/e2806894000040038662114f, 85
1652702588.025624, sdrt-health/mac:02010b41cdec/antenna/tag/e28068940000400386621d4f, 77
1652702588.042027, sdrt-health/mac:02010b41cdec/antenna/tag/e2806894000050038662154f, 93
1652702588.057334, sdrt-health/mac:02010b41cdec/antenna/tag/e2806894000050038662154f, 87
1652702588.102591, sdrt-health/mac:02010b41cdec/antenna/tag/e2806894000050038662154f, 88
1652702588.162441, sdrt-health/mac:02010b41cdec/antenna/tag/e2806894000050038662154f, 85
1652702588.215726, sdrt-health/mac:02010b41cdec/antenna/tag/e2806894000050038661fd4f, 91
1652702588.26806, sdrt-health/mac:02010b41cdec/antenna/tag/e28068940000400386621d4f, 96
1652702588.268569, sdrt-health/mac:02010b41cdec/antenna/tag/e2806894000050038662154f, 85
1652702588.309121, sdrt-health/mac:02010b41cdec/antenna/tag/e2806894000040038662114f, 83
1652702588.352918, sdrt-health/mac:02010b41cdec/antenna/tag/e2806894000040038662114f, 85
1652702588.41745, sdrt-health/mac:02010b41cdec/antenna/tag/e28068940000500386620d4f, 83
1652702588.417812, sdrt-health/mac:02010b41cdec/antenna/tag/e2806894000040038662114f, 88
1652702588.432962, sdrt-health/mac:02010b41cdec/antenna/tag/e2806894000040038662114f, 88
1652702588.433291, sdrt-health/mac:02010b41cdec/antenna/tag/e28068940000500386620d4f, 83
1652702588.441521, sdrt-health/mac:02010b41cdec/antenna/tag/e28068940000400386621d4f, 96
1652702588.448395, sdrt-health/mac:02010b41cdec/antenna/tag/e2806894000050038661fd4f, 83
1652702588.489889, sdrt-health/mac:02010b41cdec/antenna/tag/e2806894000050038662194f, 88
1652702588.552795, sdrt-health/mac:02010b41cdec/antenna/tag/e2806894000050038661fd4f, 97
1652702588.553259, sdrt-health/mac:02010b41cdec/antenna/tag/e28068940000400386621d4f, 77
1652702588.553664, sdrt-health/mac:02010b41cdec/antenna/tag/e28068940000500386620d4f, 83
1652702588.554002, sdrt-health/mac:02010b41cdec/antenna/tag/e28068940000500386620d4f, 83
1652702588.590329, sdrt-health/mac:02010b41cdec/antenna/tag/e2806894000050038662154f, 87
1652702588.642888, sdrt-health/mac:02010b41cdec/antenna/tag/e28068940000500386620d4f, 83
1652702588.682032, sdrt-health/mac:02010b41cdec/antenna/tag/e28068940000400386621d4f, 96
1652702588.807502, sdrt-health/mac:02010b41cdec/antenna/tag/e2806894000050038661fd4f, 97
1652702588.808052, sdrt-health/mac:02010b41cdec/antenna/tag/e2806894000050038661fd4f, 91
1652702588.831876, sdrt-health/mac:02010b41cdec/antenna/tag/e28068940000400386621d4f, 96
1652702588.886881, sdrt-health/mac:02010b41cdec/antenna/tag/e2806894000050038661fd4f, 97
1652702588.887465, sdrt-health/mac:02010b41cdec/antenna/tag/e2806894000050038661fd4f, 91
1652702588.922905, sdrt-health/mac:02010b41cdec/antenna/tag/e2806894000050038662154f, 93
1652702588.953151, sdrt-health/mac:02010b41cdec/antenna/tag/e2806894000050038662154f, 85
1652702588.953672, sdrt-health/mac:02010b41cdec/antenna/tag/e28068940000400386621d4f, 96
1652702588.968275, sdrt-health/mac:02010b41cdec/antenna/tag/e2806894000050038661fd4f, 91
1652702588.96882, sdrt-health/mac:02010b41cdec/antenna/tag/e28068940000500386620d4f, 83
1652702588.969204, sdrt-health/mac:02010b41cdec/antenna/tag/e2806894000040038662114f, 85
1652702589.001845, sdrt-health/mac:02010b41cdec/antenna/tag/e28068940000400386621d4f, 96
1652702589.041027, sdrt-health/mac:02010b41cdec/antenna/tag/e2806894000050038661fd4f, 91
1652702589.097373, sdrt-health/mac:02010b41cdec/antenna/tag/e2806894000050038662154f, 93
1652702589.097892, sdrt-health/mac:02010b41cdec/antenna/tag/e28068940000400386621d4f, 96
1652702589.112262, sdrt-health/mac:02010b41cdec/antenna/tag/e2806894000050038662154f, 85
1652702589.112896, sdrt-health/mac:02010b41cdec/antenna/tag/e2806894000040038662114f, 87
1652702589.151378, sdrt-health/mac:02010b41cdec/antenna/tag/e28068940000400386621d4f, 77
1652702589.201013, sdrt-health/mac:02010b41cdec/antenna/tag/e2806894000050038662154f, 85
1652702589.241373, sdrt-health/mac:02010b41cdec/antenna/tag/e2806894000040038662214f, 81
1652702589.296702, sdrt-health/mac:02010b41cdec/antenna/tag/e28068940000500386620d4f, 90
1652702589.297288, sdrt-health/mac:02010b41cdec/antenna/tag/e28068940000400386621d4f, 96
1652702589.321624, sdrt-health/mac:02010b41cdec/antenna/tag/e28068940000500386620d4f, 83
1652702589.369877, sdrt-health/mac:02010b41cdec/antenna/tag/e28068940000400386621d4f, 77
1652702589.416114, sdrt-health/mac:02010b41cdec/antenna/tag/e28068940000500386620d4f, 90
1652702589.461429, sdrt-health/mac:02010b41cdec/antenna/tag/e2806894000050038661fd4f, 97
1652702589.490749, sdrt-health/mac:02010b41cdec/antenna/tag/e2806894000050038661fd4f, 97
1652702589.491206, sdrt-health/mac:02010b41cdec/antenna/tag/e2806894000040038662114f, 85
1652702589.491549, sdrt-health/mac:02010b41cdec/antenna/tag/e28068940000500386620d4f, 83
1652702589.512688, sdrt-health/mac:02010b41cdec/antenna/tag/e28068940000500386620d4f, 90
1652702589.553543, sdrt-health/mac:02010b41cdec/antenna/tag/e2806894000050038662154f, 88
1652702589.618381, sdrt-health/mac:02010b41cdec/antenna/tag/e2806894000050038662154f, 88
1652702589.618888, sdrt-health/mac:02010b41cdec/antenna/tag/e28068940000400386621d4f, 96
1652702589.642063, sdrt-health/mac:02010b41cdec/antenna/tag/e28068940000500386620d4f, 83
1652702589.681652, sdrt-health/mac:02010b41cdec/antenna/tag/e28068940000400386621d4f, 77
1652702589.737053, sdrt-health/mac:02010b41cdec/antenna/tag/e2806894000050038662154f, 93
1652702589.737532, sdrt-health/mac:02010b41cdec/antenna/tag/e2806894000040038662114f, 87
1652702589.752042, sdrt-health/mac:02010b41cdec/antenna/tag/e2806894000050038662154f, 93
1652702589.752648, sdrt-health/mac:02010b41cdec/antenna/tag/e28068940000500386620d4f, 83
1652702589.762937, sdrt-health/mac:02010b41cdec/antenna/tag/e2806894000050038662154f, 85
1652702589.816265, sdrt-health/mac:02010b41cdec/antenna/tag/e28068940000400386621d4f, 96
1652702589.879579, sdrt-health/mac:02010b41cdec/antenna/tag/e2806894000050038662154f, 88
1652702589.880184, sdrt-health/mac:02010b41cdec/antenna/tag/e2806894000050038661fd4f, 97
1652702589.921581, sdrt-health/mac:02010b41cdec/antenna/tag/e2806894000050038661fd4f, 83
1652702589.976584, sdrt-health/mac:02010b41cdec/antenna/tag/e2806894000050038661fd4f, 83
1652702589.977135, sdrt-health/mac:02010b41cdec/antenna/tag/e2806894000040038662114f, 88
1652702589.991845, sdrt-health/mac:02010b41cdec/antenna/tag/e2806894000050038662154f, 85
1652702590.011455, sdrt-health/mac:02010b41cdec/antenna/tag/e28068940000400386621d4f, 96
1652702590.055362, sdrt-health/mac:02010b41cdec/antenna/tag/e2806894000050038662194f, 94
1652702590.181778, sdrt-health/mac:02010b41cdec/antenna/tag/e2806894000050038662154f, 88
1652702590.230893, sdrt-health/mac:02010b41cdec/antenna/tag/e28068940000500386620d4f, 83
1652702590.295276, sdrt-health/mac:02010b41cdec/antenna/tag/e28068940000400386621d4f, 96
1652702590.326166, sdrt-health/mac:02010b41cdec/antenna/tag/e2806894000040038662114f, 85
1652702590.326669, sdrt-health/mac:02010b41cdec/antenna/tag/e2806894000040038662114f, 85
1652702590.342955, sdrt-health/mac:02010b41cdec/antenna/tag/e28068940000400386621d4f, 96
1652702590.343464, sdrt-health/mac:02010b41cdec/antenna/tag/e28068940000400386621d4f, 96
1652702590.376493, sdrt-health/mac:02010b41cdec/antenna/tag/e2806894000040038662114f, 85
1652702590.421176, sdrt-health/mac:02010b41cdec/antenna/tag/e2806894000040038662114f, 88
1652702590.471547, sdrt-health/mac:02010b41cdec/antenna/tag/e2806894000040038662114f, 85
1652702590.511766, sdrt-health/mac:02010b41cdec/antenna/tag/e28068940000500386620d4f, 83
1652702590.54413, sdrt-health/mac:02010b41cdec/antenna/tag/e2806894000050038661fd4f, 97
1652702590.544594, sdrt-health/mac:02010b41cdec/antenna/tag/e2806894000050038661fd4f, 97
1652702590.544974, sdrt-health/mac:02010b41cdec/antenna/tag/e28068940000500386620d4f, 90
1652702590.560469, sdrt-health/mac:02010b41cdec/antenna/tag/e28068940000500386620d4f, 90
1652702590.59108, sdrt-health/mac:02010b41cdec/antenna/tag/e2806894000050038661fd4f, 91
1652702590.656767, sdrt-health/mac:02010b41cdec/antenna/tag/e28068940000500386620d4f, 83
1652702590.657346, sdrt-health/mac:02010b41cdec/antenna/tag/e28068940000500386620d4f, 90
1652702590.671771, sdrt-health/mac:02010b41cdec/antenna/tag/e2806894000040038662114f, 88
1652702590.712166, sdrt-health/mac:02010b41cdec/antenna/tag/e2806894000050038662154f, 85
1652702590.712679, sdrt-health/mac:02010b41cdec/antenna/tag/e28068940000400386621d4f, 96
1652702590.728949, sdrt-health/mac:02010b41cdec/antenna/tag/e28068940000400386621d4f, 77
1652702590.741979, sdrt-health/mac:02010b41cdec/antenna/tag/e28068940000500386620d4f, 90
1652702590.748119, sdrt-health/mac:02010b41cdec/antenna/tag/e28068940000400386621d4f, 77
1652702590.791656, sdrt-health/mac:02010b41cdec/antenna/tag/e2806894000050038661fd4f, 97
1652702590.822257, sdrt-health/mac:02010b41cdec/antenna/tag/e28068940000500386620d4f, 83
1652702590.822771, sdrt-health/mac:02010b41cdec/antenna/tag/e2806894000050038662194f, 88
1652702590.855346, sdrt-health/mac:02010b41cdec/antenna/tag/e28068940000400386621d4f, 96
1652702590.90247, sdrt-health/mac:02010b41cdec/antenna/tag/e2806894000050038661fd4f, 91
1652702590.966676, sdrt-health/mac:02010b41cdec/antenna/tag/e2806894000040038662114f, 85
1652702590.967255, sdrt-health/mac:02010b41cdec/antenna/tag/e28068940000500386620d4f, 83
1652702590.982739, sdrt-health/mac:02010b41cdec/antenna/tag/e2806894000040038662114f, 93
1652702590.991814, sdrt-health/mac:02010b41cdec/antenna/tag/e28068940000500386620d4f, 90
1652702590.998235, sdrt-health/mac:02010b41cdec/antenna/tag/e2806894000040038662114f, 85
1652702590.998674, sdrt-health/mac:02010b41cdec/antenna/tag/e2806894000050038661fd4f, 91
1652702590.998985, sdrt-health/mac:02010b41cdec/antenna/tag/e2806894000050038662154f, 87
1652702591.042523, sdrt-health/mac:02010b41cdec/antenna/tag/e2806894000040038662114f, 85
1652702591.111249, sdrt-health/mac:02010b41cdec/antenna/tag/e2806894000050038662154f, 91
1652702591.15274, sdrt-health/mac:02010b41cdec/antenna/tag/e28068940000500386620d4f, 83
1652702591.207516, sdrt-health/mac:02010b41cdec/antenna/tag/e28068940000400386621d4f, 96
1652702591.208021, sdrt-health/mac:02010b41cdec/antenna/tag/e2806894000050038662154f, 85
1652702591.231783, sdrt-health/mac:02010b41cdec/antenna/tag/e28068940000400386621d4f, 90
1652702591.263892, sdrt-health/mac:02010b41cdec/antenna/tag/e2806894000050038661fd4f, 97
1652702591.264451, sdrt-health/mac:02010b41cdec/antenna/tag/e28068940000500386620d4f, 83
1652702591.28198, sdrt-health/mac:02010b41cdec/antenna/tag/e2806894000040038662114f, 91
1652702591.372201, sdrt-health/mac:02010b41cdec/antenna/tag/e28068940000500386620d4f, 90
1652702591.442518, sdrt-health/mac:02010b41cdec/antenna/tag/e2806894000050038662154f, 88
1652702591.496745, sdrt-health/mac:02010b41cdec/antenna/tag/e28068940000400386621d4f, 96
1652702591.497284, sdrt-health/mac:02010b41cdec/antenna/tag/e2806894000050038662154f, 85
1652702591.522163, sdrt-health/mac:02010b41cdec/antenna/tag/e2806894000050038662154f, 85
1652702591.607234, sdrt-health/mac:02010b41cdec/antenna/tag/e28068940000500386620d4f, 83
1652702591.607812, sdrt-health/mac:02010b41cdec/antenna/tag/e28068940000400386621d4f, 96
1652702591.632286, sdrt-health/mac:02010b41cdec/antenna/tag/e2806894000050038661fd4f, 91
1652702591.684917, sdrt-health/mac:02010b41cdec/antenna/tag/e2806894000050038662194f, 81
1652702591.715297, sdrt-health/mac:02010b41cdec/antenna/tag/e28068940000500386620d4f, 83
1652702591.715859, sdrt-health/mac:02010b41cdec/antenna/tag/e2806894000040038662114f, 85
1652702591.782124, sdrt-health/mac:02010b41cdec/antenna/tag/e28068940000500386620d4f, 83
1652702591.832061, sdrt-health/mac:02010b41cdec/antenna/tag/e2806894000040038662114f, 93
1652702591.872276, sdrt-health/mac:02010b41cdec/antenna/tag/e2806894000040038662114f, 93
1652702591.903156, sdrt-health/mac:02010b41cdec/antenna/tag/e28068940000500386620d4f, 83
1652702591.903446, sdrt-health/mac:02010b41cdec/antenna/tag/e2806894000050038662154f, 85
1652702591.92116, sdrt-health/mac:02010b41cdec/antenna/tag/e28068940000500386620d4f, 83
1652702591.98534, sdrt-health/mac:02010b41cdec/antenna/tag/e2806894000040038662114f, 85
1652702591.985935, sdrt-health/mac:02010b41cdec/antenna/tag/e2806894000050038662154f, 85
1652702592.002328, sdrt-health/mac:02010b41cdec/antenna/tag/e28068940000500386620d4f, 83
1652702592.002826, sdrt-health/mac:02010b41cdec/antenna/tag/e28068940000400386621d4f, 96
1652702592.042512, sdrt-health/mac:02010b41cdec/antenna/tag/e2806894000040038662114f, 93
1652702592.089895, sdrt-health/mac:02010b41cdec/antenna/tag/e2806894000050038661fd4f, 91
1652702592.122885, sdrt-health/mac:02010b41cdec/antenna/tag/e28068940000500386620d4f, 83
1652702592.123358, sdrt-health/mac:02010b41cdec/antenna/tag/e2806894000040038662114f, 85
1652702592.138221, sdrt-health/mac:02010b41cdec/antenna/tag/e28068940000500386620d4f, 83
1652702592.181439, sdrt-health/mac:02010b41cdec/antenna/tag/e28068940000400386621d4f, 96
1652702592.232111, sdrt-health/mac:02010b41cdec/antenna/tag/e28068940000500386620d4f, 83
1652702592.272969, sdrt-health/mac:02010b41cdec/antenna/tag/e2806894000050038662154f, 85
1652702592.32263, sdrt-health/mac:02010b41cdec/antenna/tag/e2806894000050038661fd4f, 83
1652702592.362122, sdrt-health/mac:02010b41cdec/antenna/tag/e2806894000040038662114f, 85
1652702592.411945, sdrt-health/mac:02010b41cdec/antenna/tag/e2806894000040038662114f, 85
1652702592.455792, sdrt-health/mac:02010b41cdec/antenna/tag/e28068940000400386621d4f, 96
1652702592.528275, sdrt-health/mac:02010b41cdec/antenna/tag/e2806894000050038662154f, 85
1652702592.528851, sdrt-health/mac:02010b41cdec/antenna/tag/e2806894000040038661f94f, 88
1652702592.562128, sdrt-health/mac:02010b41cdec/antenna/tag/e28068940000500386620d4f, 90
1652702592.657227, sdrt-health/mac:02010b41cdec/antenna/tag/e2806894000040038661f94f, 83
1652702592.657682, sdrt-health/mac:02010b41cdec/antenna/tag/e28068940000400386621d4f, 96
1652702592.681573, sdrt-health/mac:02010b41cdec/antenna/tag/e2806894000050038661fd4f, 91
1652702592.722701, sdrt-health/mac:02010b41cdec/antenna/tag/e2806894000050038661fd4f, 91
1652702592.754056, sdrt-health/mac:02010b41cdec/antenna/tag/e2806894000050038662154f, 85
1652702592.754587, sdrt-health/mac:02010b41cdec/antenna/tag/e28068940000400386621d4f, 96
1652702592.770571, sdrt-health/mac:02010b41cdec/antenna/tag/e28068940000400386621d4f, 96
1652702592.802705, sdrt-health/mac:02010b41cdec/antenna/tag/e2806894000050038662154f, 85
1652702592.842061, sdrt-health/mac:02010b41cdec/antenna/tag/e28068940000400386621d4f, 96
1652702592.89929, sdrt-health/mac:02010b41cdec/antenna/tag/e28068940000500386620d4f, 83
1652702592.899807, sdrt-health/mac:02010b41cdec/antenna/tag/e28068940000400386621d4f, 96
1652702592.923459, sdrt-health/mac:02010b41cdec/antenna/tag/e28068940000400386621d4f, 96
1652702592.97917, sdrt-health/mac:02010b41cdec/antenna/tag/e28068940000400386621d4f, 96
1652702592.97962, sdrt-health/mac:02010b41cdec/antenna/tag/e2806894000050038661fd4f, 83
1652702593.001158, sdrt-health/mac:02010b41cdec/antenna/tag/e28068940000500386620d4f, 83
1652702593.042796, sdrt-health/mac:02010b41cdec/antenna/tag/e28068940000400386621d4f, 77
1652702593.09798, sdrt-health/mac:02010b41cdec/antenna/tag/e28068940000500386620d4f, 83
1652702593.098481, sdrt-health/mac:02010b41cdec/antenna/tag/e28068940000500386620d4f, 83
1652702593.113258, sdrt-health/mac:02010b41cdec/antenna/tag/e2806894000040038661f94f, 84
1652702593.12106, sdrt-health/mac:02010b41cdec/antenna/tag/e2806894000050038661fd4f, 91
1652702593.160538, sdrt-health/mac:02010b41cdec/antenna/tag/e2806894000040038662114f, 93
1652702593.201887, sdrt-health/mac:02010b41cdec/antenna/tag/e28068940000500386620d4f, 83
1652702593.257818, sdrt-health/mac:02010b41cdec/antenna/tag/e2806894000050038661fd4f, 83
1652702593.258287, sdrt-health/mac:02010b41cdec/antenna/tag/e28068940000500386620d4f, 83
1652702593.274463, sdrt-health/mac:02010b41cdec/antenna/tag/e2806894000050038662154f, 88
1652702593.280561, sdrt-health/mac:02010b41cdec/antenna/tag/e28068940000500386620d4f, 80
1652702593.32133, sdrt-health/mac:02010b41cdec/antenna/tag/e2806894000050038662154f, 85
1652702593.377372, sdrt-health/mac:02010b41cdec/antenna/tag/e2806894000050038662154f, 88
1652702593.377819, sdrt-health/mac:02010b41cdec/antenna/tag/e2806894000050038661fd4f, 91
1652702593.393072, sdrt-health/mac:02010b41cdec/antenna/tag/e2806894000040038662114f, 85
1652702593.401514, sdrt-health/mac:02010b41cdec/antenna/tag/e2806894000050038662154f, 85
1652702593.441961, sdrt-health/mac:02010b41cdec/antenna/tag/e2806894000050038662154f, 85
1652702593.47378, sdrt-health/mac:02010b41cdec/antenna/tag/e2806894000040038662114f, 93
1652702593.474276, sdrt-health/mac:02010b41cdec/antenna/tag/e2806894000040038662114f, 93
1652702593.474617, sdrt-health/mac:02010b41cdec/antenna/tag/e2806894000040038661f94f, 82
1652702593.489289, sdrt-health/mac:02010b41cdec/antenna/tag/e28068940000500386620d4f, 90
1652702593.489754, sdrt-health/mac:02010b41cdec/antenna/tag/e2806894000050038662154f, 85
1652702593.552093, sdrt-health/mac:02010b41cdec/antenna/tag/e28068940000500386620d4f, 80
1652702593.602042, sdrt-health/mac:02010b41cdec/antenna/tag/e28068940000400386621d4f, 96
1652702593.663584, sdrt-health/mac:02010b41cdec/antenna/tag/e28068940000400386621d4f, 96
1652702593.664096, sdrt-health/mac:02010b41cdec/antenna/tag/e28068940000400386621d4f, 96
1652702593.681234, sdrt-health/mac:02010b41cdec/antenna/tag/e2806894000050038661fd4f, 83
1652702593.721027, sdrt-health/mac:02010b41cdec/antenna/tag/e28068940000500386620d4f, 83
1652702593.761718, sdrt-health/mac:02010b41cdec/antenna/tag/e2806894000040038662114f, 93
1652702593.792764, sdrt-health/mac:02010b41cdec/antenna/tag/e28068940000400386621d4f, 96
1652702593.793263, sdrt-health/mac:02010b41cdec/antenna/tag/e28068940000400386621d4f, 96
1652702593.815565, sdrt-health/mac:02010b41cdec/antenna/tag/e28068940000400386621d4f, 96
1652702593.87808, sdrt-health/mac:02010b41cdec/antenna/tag/e28068940000500386620d4f, 83
1652702593.878588, sdrt-health/mac:02010b41cdec/antenna/tag/e2806894000050038661fd4f, 86
1652702593.892263, sdrt-health/mac:02010b41cdec/antenna/tag/e28068940000500386620d4f, 83
1652702593.926561, sdrt-health/mac:02010b41cdec/antenna/tag/e2806894000050038662154f, 88
1652702593.927201, sdrt-health/mac:02010b41cdec/antenna/tag/e2806894000050038661fd4f, 83
1652702593.953024, sdrt-health/mac:02010b41cdec/antenna/tag/e2806894000050038662154f, 83
1652702594.004743, sdrt-health/mac:02010b41cdec/antenna/tag/e2806894000040038662114f, 85
1652702594.071353, sdrt-health/mac:02010b41cdec/antenna/tag/e28068940000400386621d4f, 96
1652702594.071853, sdrt-health/mac:02010b41cdec/antenna/tag/e2806894000050038661fd4f, 91
1652702594.086959, sdrt-health/mac:02010b41cdec/antenna/tag/e28068940000400386621d4f, 96
1652702594.102033, sdrt-health/mac:02010b41cdec/antenna/tag/e28068940000400386621d4f, 96
1652702594.167214, sdrt-health/mac:02010b41cdec/antenna/tag/e2806894000050038662154f, 88
1652702594.167714, sdrt-health/mac:02010b41cdec/antenna/tag/e28068940000400386621d4f, 96
1652702594.192113, sdrt-health/mac:02010b41cdec/antenna/tag/e2806894000040038662114f, 85
1652702594.230606, sdrt-health/mac:02010b41cdec/antenna/tag/e28068940000400386621d4f, 96
1652702594.261427, sdrt-health/mac:02010b41cdec/antenna/tag/e28068940000500386620d4f, 83
1652702594.261876, sdrt-health/mac:02010b41cdec/antenna/tag/e2806894000040038662114f, 88
1652702594.275646, sdrt-health/mac:02010b41cdec/antenna/tag/e2806894000050038662154f, 88
1652702594.322584, sdrt-health/mac:02010b41cdec/antenna/tag/e28068940000400386621d4f, 77
1652702594.361355, sdrt-health/mac:02010b41cdec/antenna/tag/e2806894000050038661fd4f, 97
1652702594.403953, sdrt-health/mac:02010b41cdec/antenna/tag/e2806894000040038662114f, 93
1652702594.491236, sdrt-health/mac:02010b41cdec/antenna/tag/e2806894000050038661fd4f, 88
1652702594.535417, sdrt-health/mac:02010b41cdec/antenna/tag/e28068940000400386621d4f, 77
1652702594.572093, sdrt-health/mac:02010b41cdec/antenna/tag/e2806894000050038662154f, 87
1652702594.614531, sdrt-health/mac:02010b41cdec/antenna/tag/e2806894000050038662154f, 88
1652702594.667299, sdrt-health/mac:02010b41cdec/antenna/tag/e2806894000050038662154f, 88
1652702594.667746, sdrt-health/mac:02010b41cdec/antenna/tag/e2806894000050038661fd4f, 91
1652702594.684294, sdrt-health/mac:02010b41cdec/antenna/tag/e2806894000040038662114f, 87
1652702594.684767, sdrt-health/mac:02010b41cdec/antenna/tag/e28068940000400386621d4f, 77
1652702594.712385, sdrt-health/mac:02010b41cdec/antenna/tag/e28068940000500386620d4f, 83
1652702594.751879, sdrt-health/mac:02010b41cdec/antenna/tag/e28068940000500386620d4f, 83
1652702594.803628, sdrt-health/mac:02010b41cdec/antenna/tag/e28068940000500386620d4f, 83
1652702594.859275, sdrt-health/mac:02010b41cdec/antenna/tag/e2806894000040038662114f, 85
1652702594.859877, sdrt-health/mac:02010b41cdec/antenna/tag/e2806894000040038662114f, 88
1652702594.880437, sdrt-health/mac:02010b41cdec/antenna/tag/e2806894000040038662114f, 88
1652702594.936846, sdrt-health/mac:02010b41cdec/antenna/tag/e2806894000050038661fd4f, 83
1652702594.937337, sdrt-health/mac:02010b41cdec/antenna/tag/e28068940000500386620d4f, 83
1652702594.991518, sdrt-health/mac:02010b41cdec/antenna/tag/e28068940000500386620d4f, 90
1652702595.041191, sdrt-health/mac:02010b41cdec/antenna/tag/e2806894000040038662114f, 93
1652702595.071242, sdrt-health/mac:02010b41cdec/antenna/tag/e2806894000050038661fd4f, 91
1652702595.071742, sdrt-health/mac:02010b41cdec/antenna/tag/e2806894000050038662194f, 88
1652702595.086872, sdrt-health/mac:02010b41cdec/antenna/tag/e28068940000400386621d4f, 77
1652702595.087444, sdrt-health/mac:02010b41cdec/antenna/tag/e2806894000050038661fd4f, 97
1652702595.121777, sdrt-health/mac:02010b41cdec/antenna/tag/e2806894000050038662194f, 82
1652702595.176427, sdrt-health/mac:02010b41cdec/antenna/tag/e2806894000050038662154f, 85
1652702595.17694, sdrt-health/mac:02010b41cdec/antenna/tag/e2806894000050038661fd4f, 83
1652702595.193689, sdrt-health/mac:02010b41cdec/antenna/tag/e28068940000500386620d4f, 80
1652702595.202799, sdrt-health/mac:02010b41cdec/antenna/tag/e2806894000050038662154f, 88
1652702595.210204, sdrt-health/mac:02010b41cdec/antenna/tag/e2806894000040038662114f, 88
1652702595.241846, sdrt-health/mac:02010b41cdec/antenna/tag/e2806894000050038662154f, 85
1652702595.301611, sdrt-health/mac:02010b41cdec/antenna/tag/e2806894000040038662114f, 93
1652702595.351325, sdrt-health/mac:02010b41cdec/antenna/tag/e2806894000050038662154f, 93
1652702595.407294, sdrt-health/mac:02010b41cdec/antenna/tag/e28068940000500386620d4f, 83
1652702595.407784, sdrt-health/mac:02010b41cdec/antenna/tag/e28068940000500386620d4f, 83
1652702595.423379, sdrt-health/mac:02010b41cdec/antenna/tag/e2806894000050038662154f, 85
1652702595.44242, sdrt-health/mac:02010b41cdec/antenna/tag/e2806894000040038662114f, 88
1652702595.47325, sdrt-health/mac:02010b41cdec/antenna/tag/e28068940000400386621d4f, 77
1652702595.473825, sdrt-health/mac:02010b41cdec/antenna/tag/e2806894000050038661fd4f, 91
1652702595.474222, sdrt-health/mac:02010b41cdec/antenna/tag/e2806894000040038662114f, 85
1652702595.511762, sdrt-health/mac:02010b41cdec/antenna/tag/e2806894000040038662114f, 83
1652702595.551029, sdrt-health/mac:02010b41cdec/antenna/tag/e2806894000040038662114f, 91
1652702595.61554, sdrt-health/mac:02010b41cdec/antenna/tag/e2806894000040038662114f, 85
1652702595.616044, sdrt-health/mac:02010b41cdec/antenna/tag/e2806894000050038661fd4f, 97
1652702595.6165, sdrt-health/mac:02010b41cdec/antenna/tag/e28068940000500386620d4f, 83
1652702595.680964, sdrt-health/mac:02010b41cdec/antenna/tag/e2806894000040038662214f, 84
1652702595.720613, sdrt-health/mac:02010b41cdec/antenna/tag/e2806894000050038661fd4f, 97
1652702595.761969, sdrt-health/mac:02010b41cdec/antenna/tag/e28068940000500386620d4f, 90
1652702595.801513, sdrt-health/mac:02010b41cdec/antenna/tag/e28068940000500386620d4f, 83
1652702595.841721, sdrt-health/mac:02010b41cdec/antenna/tag/e2806894000040038662114f, 93
1652702595.842217, sdrt-health/mac:02010b41cdec/antenna/tag/e28068940000400386621d4f, 77
1652702595.911087, sdrt-health/mac:02010b41cdec/antenna/tag/e28068940000400386621d4f, 77
1652702595.951901, sdrt-health/mac:02010b41cdec/antenna/tag/e2806894000050038661fd4f, 91
1652702596.002431, sdrt-health/mac:02010b41cdec/antenna/tag/e28068940000500386620d4f, 83
1652702596.041736, sdrt-health/mac:02010b41cdec/antenna/tag/e28068940000500386620d4f, 83
1652702596.099251, sdrt-health/mac:02010b41cdec/antenna/tag/e2806894000050038661fd4f, 83
1652702596.099793, sdrt-health/mac:02010b41cdec/antenna/tag/e28068940000400386621d4f, 96
1652702596.121774, sdrt-health/mac:02010b41cdec/antenna/tag/e28068940000500386620d4f, 83
1652702596.161747, sdrt-health/mac:02010b41cdec/antenna/tag/e28068940000500386620d4f, 83
1652702596.246595, sdrt-health/mac:02010b41cdec/antenna/tag/e28068940000400386621d4f, 77
1652702596.24709, sdrt-health/mac:02010b41cdec/antenna/tag/e28068940000500386620d4f, 90
1652702596.284031, sdrt-health/mac:02010b41cdec/antenna/tag/e2806894000050038662154f, 85
1652702596.417196, sdrt-health/mac:02010b41cdec/antenna/tag/e2806894000050038662154f, 88
1652702596.417661, sdrt-health/mac:02010b41cdec/antenna/tag/e2806894000050038661fd4f, 83
1652702596.514979, sdrt-health/mac:02010b41cdec/antenna/tag/scan, scan stopped
