1652702647.753479, sdrt-health/mac:02010b41cdec/antenna/power/set, {"power": 290}
1652702648.812782, sdrt-health/mac:02010b41cdec/antenna/power/set, 
1652702652.775816, sdrt-health/mac:02010b41cdec/antenna/tag/scan, {"time": 20000}
1652702653.191532, sdrt-health/mac:02010b41cdec/antenna/tag/e28068940000400386621d4f, 96
1652702653.230301, sdrt-health/mac:02010b41cdec/antenna/tag/e28068940000400386621d4f, 77
1652702653.296277, sdrt-health/mac:02010b41cdec/antenna/tag/e2806894000050038661fd4f, 97
1652702653.296705, sdrt-health/mac:02010b41cdec/antenna/tag/e2806894000050038661fd4f, 97
1652702653.297149, sdrt-health/mac:02010b41cdec/antenna/tag/e2806894000050038662154f, 88
1652702653.297472, sdrt-health/mac:02010b41cdec/antenna/tag/e2806894000040038662114f, 93
1652702653.336353, sdrt-health/mac:02010b41cdec/antenna/tag/e2806894000050038661fd4f, 83
1652702653.39576, sdrt-health/mac:02010b41cdec/antenna/tag/e2806894000050038662154f, 85
1652702653.39625, sdrt-health/mac:02010b41cdec/antenna/tag/e2806894000040038662114f, 91
1652702653.461413, sdrt-health/mac:02010b41cdec/antenna/tag/e2806894000040038662114f, 85
1652702653.51944, sdrt-health/mac:02010b41cdec/antenna/tag/e2806894000050038661fd4f, 91
1652702653.550024, sdrt-health/mac:02010b41cdec/antenna/tag/e28068940000400386621d4f, 77
1652702653.550483, sdrt-health/mac:02010b41cdec/antenna/tag/e2806894000050038661fd4f, 91
1652702653.565426, sdrt-health/mac:02010b41cdec/antenna/tag/e2806894000050038661fd4f, 91
1652702653.619386, sdrt-health/mac:02010b41cdec/antenna/tag/e2806894000040038662114f, 85
1652702653.647498, sdrt-health/mac:02010b41cdec/antenna/tag/e28068940000400386621d4f, 96
1652702653.6484, sdrt-health/mac:02010b41cdec/antenna/tag/e28068940000400386621d4f, 96
1652702653.648637, sdrt-health/mac:02010b41cdec/antenna/tag/e28068940000500386620d4f, 83
1652702653.670755, sdrt-health/mac:02010b41cdec/antenna/tag/e2806894000040038662114f, 85
1652702653.700743, sdrt-health/mac:02010b41cdec/antenna/tag/e2806894000050038661fd4f, 97
1652702653.700957, sdrt-health/mac:02010b41cdec/antenna/tag/e28068940000400386621d4f, 96
1652702653.716307, sdrt-health/mac:02010b41cdec/antenna/tag/e28068940000500386620d4f, 83
1652702653.762684, sdrt-health/mac:02010b41cdec/antenna/tag/e28068940000400386621d4f, 96
1652702653.817224, sdrt-health/mac:02010b41cdec/antenna/tag/e2806894000050038661fd4f, 97
1652702653.817627, sdrt-health/mac:02010b41cdec/antenna/tag/e28068940000500386620d4f, 83
1652702653.833614, sdrt-health/mac:02010b41cdec/antenna/tag/e2806894000050038661fd4f, 83
1652702653.841208, sdrt-health/mac:02010b41cdec/antenna/tag/e28068940000500386620d4f, 83
1652702653.849016, sdrt-health/mac:02010b41cdec/antenna/tag/e2806894000050038661fd4f, 97
1652702653.881498, sdrt-health/mac:02010b41cdec/antenna/tag/e2806894000040038662114f, 88
1652702653.93609, sdrt-health/mac:02010b41cdec/antenna/tag/e2806894000040038662114f, 85
1652702653.936454, sdrt-health/mac:02010b41cdec/antenna/tag/e2806894000050038662154f, 85
1652702653.961907, sdrt-health/mac:02010b41cdec/antenna/tag/e28068940000400386621d4f, 77
1652702654.002866, sdrt-health/mac:02010b41cdec/antenna/tag/e2806894000050038662154f, 85
1652702654.041477, sdrt-health/mac:02010b41cdec/antenna/tag/e2806894000050038661fd4f, 91
1652702654.090558, sdrt-health/mac:02010b41cdec/antenna/tag/e2806894000050038661fd4f, 91
1652702654.13514, sdrt-health/mac:02010b41cdec/antenna/tag/e28068940000500386620d4f, 83
1652702654.135777, sdrt-health/mac:02010b41cdec/antenna/tag/e2806894000040038662114f, 85
1652702654.214964, sdrt-health/mac:02010b41cdec/antenna/tag/e28068940000500386620d4f, 83
1652702654.271539, sdrt-health/mac:02010b41cdec/antenna/tag/e2806894000050038662154f, 85
1652702654.310799, sdrt-health/mac:02010b41cdec/antenna/tag/e2806894000050038661fd4f, 83
1652702654.351167, sdrt-health/mac:02010b41cdec/antenna/tag/e28068940000500386620d4f, 83
1652702654.402218, sdrt-health/mac:02010b41cdec/antenna/tag/e28068940000400386621d4f, 96
1652702654.455814, sdrt-health/mac:02010b41cdec/antenna/tag/e28068940000400386621d4f, 96
1652702654.456295, sdrt-health/mac:02010b41cdec/antenna/tag/e2806894000050038661fd4f, 83
1652702654.456629, sdrt-health/mac:02010b41cdec/antenna/tag/e2806894000040038662114f, 88
1652702654.510953, sdrt-health/mac:02010b41cdec/antenna/tag/e2806894000050038662154f, 85
1652702654.551141, sdrt-health/mac:02010b41cdec/antenna/tag/e28068940000400386621d4f, 77
1652702654.61532, sdrt-health/mac:02010b41cdec/antenna/tag/e2806894000040038662114f, 93
1652702654.652443, sdrt-health/mac:02010b41cdec/antenna/tag/e2806894000050038661fd4f, 97
1652702654.711349, sdrt-health/mac:02010b41cdec/antenna/tag/e28068940000400386621d4f, 96
1652702654.711804, sdrt-health/mac:02010b41cdec/antenna/tag/e28068940000500386620d4f, 80
1652702654.741637, sdrt-health/mac:02010b41cdec/antenna/tag/e2806894000050038661fd4f, 97
1652702654.791018, sdrt-health/mac:02010b41cdec/antenna/tag/e28068940000500386620d4f, 83
1652702654.821682, sdrt-health/mac:02010b41cdec/antenna/tag/e28068940000400386621d4f, 96
1652702654.822074, sdrt-health/mac:02010b41cdec/antenna/tag/e2806894000050038662154f, 85
1652702654.83808, sdrt-health/mac:02010b41cdec/antenna/tag/e2806894000050038661fd4f, 91
1652702654.88062, sdrt-health/mac:02010b41cdec/antenna/tag/e28068940000400386621d4f, 77
1652702654.920388, sdrt-health/mac:02010b41cdec/antenna/tag/e2806894000040038661f94f, 84
1652702654.977715, sdrt-health/mac:02010b41cdec/antenna/tag/e2806894000040038661f94f, 94
1652702654.978179, sdrt-health/mac:02010b41cdec/antenna/tag/e2806894000040038662114f, 93
1652702655.001335, sdrt-health/mac:02010b41cdec/antenna/tag/e2806894000040038662114f, 93
1652702655.041412, sdrt-health/mac:02010b41cdec/antenna/tag/e2806894000050038662154f, 85
1652702655.041822, sdrt-health/mac:02010b41cdec/antenna/tag/e28068940000500386620d4f, 80
1652702655.057217, sdrt-health/mac:02010b41cdec/antenna/tag/e2806894000050038662154f, 85
1652702655.080158, sdrt-health/mac:02010b41cdec/antenna/tag/e28068940000500386620d4f, 83
1652702655.137826, sdrt-health/mac:02010b41cdec/antenna/tag/e2806894000050038662154f, 85
1652702655.138383, sdrt-health/mac:02010b41cdec/antenna/tag/e2806894000050038662154f, 85
1652702655.162659, sdrt-health/mac:02010b41cdec/antenna/tag/e2806894000040038662114f, 85
1652702655.201276, sdrt-health/mac:02010b41cdec/antenna/tag/e2806894000050038662154f, 85
1652702655.258134, sdrt-health/mac:02010b41cdec/antenna/tag/e2806894000040038662114f, 88
1652702655.258664, sdrt-health/mac:02010b41cdec/antenna/tag/e28068940000400386621d4f, 96
1652702655.29187, sdrt-health/mac:02010b41cdec/antenna/tag/e2806894000040038662114f, 88
1652702655.351341, sdrt-health/mac:02010b41cdec/antenna/tag/e28068940000400386621d4f, 96
1652702655.351841, sdrt-health/mac:02010b41cdec/antenna/tag/e2806894000050038661fd4f, 83
1652702655.373091, sdrt-health/mac:02010b41cdec/antenna/tag/e28068940000400386621d4f, 77
1652702655.414788, sdrt-health/mac:02010b41cdec/antenna/tag/e2806894000050038662154f, 85
1652702655.451072, sdrt-health/mac:02010b41cdec/antenna/tag/e2806894000040038662114f, 85
1652702655.510523, sdrt-health/mac:02010b41cdec/antenna/tag/e2806894000050038661fd4f, 91
1652702655.511022, sdrt-health/mac:02010b41cdec/antenna/tag/e28068940000400386621d4f, 77
1652702655.541652, sdrt-health/mac:02010b41cdec/antenna/tag/e2806894000050038662154f, 88
1652702655.575122, sdrt-health/mac:02010b41cdec/antenna/tag/e2806894000040038662114f, 85
1652702655.575543, sdrt-health/mac:02010b41cdec/antenna/tag/e2806894000040038662114f, 85
1652702655.592876, sdrt-health/mac:02010b41cdec/antenna/tag/e28068940000500386620d4f, 90
1652702655.68143, sdrt-health/mac:02010b41cdec/antenna/tag/e2806894000040038662114f, 85
1652702655.753001, sdrt-health/mac:02010b41cdec/antenna/tag/e28068940000500386620d4f, 83
1652702655.806056, sdrt-health/mac:02010b41cdec/antenna/tag/e28068940000500386620d4f, 83
1652702655.806789, sdrt-health/mac:02010b41cdec/antenna/tag/e2806894000050038661fd4f, 97
1652702655.821068, sdrt-health/mac:02010b41cdec/antenna/tag/e28068940000500386620d4f, 90
1652702655.841323, sdrt-health/mac:02010b41cdec/antenna/tag/e28068940000400386621d4f, 77
1652702655.871511, sdrt-health/mac:02010b41cdec/antenna/tag/e28068940000400386621d4f, 77
1652702655.872933, sdrt-health/mac:02010b41cdec/antenna/tag/e2806894000050038662154f, 93
1652702655.887019, sdrt-health/mac:02010b41cdec/antenna/tag/e28068940000500386620d4f, 83
1652702655.88746, sdrt-health/mac:02010b41cdec/antenna/tag/e28068940000400386621d4f, 77
1652702655.921338, sdrt-health/mac:02010b41cdec/antenna/tag/e2806894000050038662154f, 87
1652702655.960788, sdrt-health/mac:02010b41cdec/antenna/tag/e28068940000500386620d4f, 83
1652702656.041823, sdrt-health/mac:02010b41cdec/antenna/tag/e2806894000050038661fd4f, 97
1652702656.081597, sdrt-health/mac:02010b41cdec/antenna/tag/e2806894000040038662114f, 85
1652702656.15003, sdrt-health/mac:02010b41cdec/antenna/tag/e2806894000040038662114f, 85
1652702656.150562, sdrt-health/mac:02010b41cdec/antenna/tag/e28068940000500386620d4f, 83
1652702656.165287, sdrt-health/mac:02010b41cdec/antenna/tag/e28068940000500386620d4f, 83
1652702656.165742, sdrt-health/mac:02010b41cdec/antenna/tag/e28068940000400386621d4f, 77
1652702656.182044, sdrt-health/mac:02010b41cdec/antenna/tag/e2806894000050038662154f, 85
1652702656.231818, sdrt-health/mac:02010b41cdec/antenna/tag/e2806894000040038662114f, 85
1652702656.286616, sdrt-health/mac:02010b41cdec/antenna/tag/e2806894000040038662114f, 85
1652702656.2872, sdrt-health/mac:02010b41cdec/antenna/tag/e2806894000050038662154f, 85
1652702656.321997, sdrt-health/mac:02010b41cdec/antenna/tag/e28068940000400386621d4f, 96
1652702656.360831, sdrt-health/mac:02010b41cdec/antenna/tag/e28068940000400386621d4f, 96
1652702656.401198, sdrt-health/mac:02010b41cdec/antenna/tag/e2806894000050038661fd4f, 83
1652702656.457857, sdrt-health/mac:02010b41cdec/antenna/tag/e28068940000400386621d4f, 96
1652702656.458342, sdrt-health/mac:02010b41cdec/antenna/tag/e28068940000400386621d4f, 77
1652702656.482022, sdrt-health/mac:02010b41cdec/antenna/tag/e28068940000500386620d4f, 83
1652702656.482718, sdrt-health/mac:02010b41cdec/antenna/tag/e2806894000040038662114f, 93
1652702656.520826, sdrt-health/mac:02010b41cdec/antenna/tag/e28068940000400386621d4f, 77
1652702656.521626, sdrt-health/mac:02010b41cdec/antenna/tag/e2806894000050038661fd4f, 91
1652702656.560966, sdrt-health/mac:02010b41cdec/antenna/tag/e2806894000050038662194f, 81
1652702656.631268, sdrt-health/mac:02010b41cdec/antenna/tag/e2806894000050038661fd4f, 83
1652702656.678432, sdrt-health/mac:02010b41cdec/antenna/tag/e2806894000050038662194f, 82
1652702656.721331, sdrt-health/mac:02010b41cdec/antenna/tag/e28068940000500386620d4f, 83
1652702656.777026, sdrt-health/mac:02010b41cdec/antenna/tag/e2806894000040038662114f, 85
1652702656.777599, sdrt-health/mac:02010b41cdec/antenna/tag/e28068940000400386621d4f, 96
1652702656.792096, sdrt-health/mac:02010b41cdec/antenna/tag/e28068940000500386620d4f, 83
1652702656.800385, sdrt-health/mac:02010b41cdec/antenna/tag/e28068940000400386621d4f, 96
1652702656.841811, sdrt-health/mac:02010b41cdec/antenna/tag/e28068940000400386621d4f, 96
1652702656.84209, sdrt-health/mac:02010b41cdec/antenna/tag/e28068940000500386620d4f, 90
1652702656.873906, sdrt-health/mac:02010b41cdec/antenna/tag/e2806894000050038661fd4f, 91
1652702656.874397, sdrt-health/mac:02010b41cdec/antenna/tag/e28068940000400386621d4f, 77
1652702656.888586, sdrt-health/mac:02010b41cdec/antenna/tag/e2806894000040038662114f, 85
1652702656.888884, sdrt-health/mac:02010b41cdec/antenna/tag/e28068940000500386620d4f, 90
1652702656.920884, sdrt-health/mac:02010b41cdec/antenna/tag/e2806894000040038662114f, 88
1652702656.976639, sdrt-health/mac:02010b41cdec/antenna/tag/e2806894000050038662154f, 93
1652702656.977151, sdrt-health/mac:02010b41cdec/antenna/tag/e2806894000050038662154f, 87
1652702657.000762, sdrt-health/mac:02010b41cdec/antenna/tag/e2806894000050038661fd4f, 97
1652702657.040795, sdrt-health/mac:02010b41cdec/antenna/tag/e28068940000400386621d4f, 96
1652702657.071181, sdrt-health/mac:02010b41cdec/antenna/tag/e2806894000050038661fd4f, 83
1652702657.071486, sdrt-health/mac:02010b41cdec/antenna/tag/e28068940000400386621d4f, 96
1652702657.094223, sdrt-health/mac:02010b41cdec/antenna/tag/e2806894000040038662114f, 93
1652702657.221512, sdrt-health/mac:02010b41cdec/antenna/tag/e2806894000050038662154f, 87
1652702657.271103, sdrt-health/mac:02010b41cdec/antenna/tag/e2806894000040038662114f, 85
1652702657.27142, sdrt-health/mac:02010b41cdec/antenna/tag/e2806894000050038661fd4f, 91
1652702657.311496, sdrt-health/mac:02010b41cdec/antenna/tag/e2806894000050038662154f, 87
1652702657.367536, sdrt-health/mac:02010b41cdec/antenna/tag/e2806894000050038662154f, 85
1652702657.368027, sdrt-health/mac:02010b41cdec/antenna/tag/e28068940000400386621d4f, 77
1652702657.382884, sdrt-health/mac:02010b41cdec/antenna/tag/e2806894000050038662154f, 93
1652702657.414417, sdrt-health/mac:02010b41cdec/antenna/tag/e2806894000050038661fd4f, 83
1652702657.414687, sdrt-health/mac:02010b41cdec/antenna/tag/e2806894000040038662114f, 85
1652702657.41493, sdrt-health/mac:02010b41cdec/antenna/tag/e28068940000400386621d4f, 77
1652702657.441652, sdrt-health/mac:02010b41cdec/antenna/tag/e28068940000500386620d4f, 83
1652702657.473179, sdrt-health/mac:02010b41cdec/antenna/tag/e2806894000050038661fd4f, 91
1652702657.473422, sdrt-health/mac:02010b41cdec/antenna/tag/e2806894000050038662154f, 93
1652702657.488133, sdrt-health/mac:02010b41cdec/antenna/tag/e2806894000040038662114f, 88
1652702657.520989, sdrt-health/mac:02010b41cdec/antenna/tag/e2806894000050038662154f, 93
1652702657.561378, sdrt-health/mac:02010b41cdec/antenna/tag/e2806894000040038662114f, 91
1652702657.616523, sdrt-health/mac:02010b41cdec/antenna/tag/e2806894000050038661fd4f, 97
1652702657.61705, sdrt-health/mac:02010b41cdec/antenna/tag/e2806894000050038661fd4f, 91
1652702657.641529, sdrt-health/mac:02010b41cdec/antenna/tag/e28068940000400386621d4f, 77
1652702657.671759, sdrt-health/mac:02010b41cdec/antenna/tag/e2806894000050038662154f, 93
1652702657.672107, sdrt-health/mac:02010b41cdec/antenna/tag/e28068940000500386620d4f, 83
1652702657.686627, sdrt-health/mac:02010b41cdec/antenna/tag/e2806894000040038662114f, 85
1652702657.771008, sdrt-health/mac:02010b41cdec/antenna/tag/e2806894000050038662154f, 85
1652702657.816403, sdrt-health/mac:02010b41cdec/antenna/tag/e2806894000050038661fd4f, 83
1652702657.87949, sdrt-health/mac:02010b41cdec/antenna/tag/e2806894000040038662114f, 91
1652702657.880074, sdrt-health/mac:02010b41cdec/antenna/tag/e2806894000050038661fd4f, 97
1652702657.904338, sdrt-health/mac:02010b41cdec/antenna/tag/e2806894000050038662154f, 85
1652702657.941102, sdrt-health/mac:02010b41cdec/antenna/tag/e28068940000500386620d4f, 83
1652702657.992104, sdrt-health/mac:02010b41cdec/antenna/tag/e28068940000400386621d4f, 77
1652702658.030614, sdrt-health/mac:02010b41cdec/antenna/tag/e28068940000400386621d4f, 77
1652702658.097229, sdrt-health/mac:02010b41cdec/antenna/tag/e2806894000050038662154f, 93
1652702658.097426, sdrt-health/mac:02010b41cdec/antenna/tag/e2806894000050038661fd4f, 97
1652702658.113115, sdrt-health/mac:02010b41cdec/antenna/tag/e2806894000040038662114f, 85
1652702658.151212, sdrt-health/mac:02010b41cdec/antenna/tag/e2806894000050038661fd4f, 91
1652702658.191424, sdrt-health/mac:02010b41cdec/antenna/tag/e2806894000040038662114f, 88
1652702658.250461, sdrt-health/mac:02010b41cdec/antenna/tag/e28068940000400386621d4f, 96
1652702658.251091, sdrt-health/mac:02010b41cdec/antenna/tag/e28068940000500386620d4f, 83
1652702658.265879, sdrt-health/mac:02010b41cdec/antenna/tag/e2806894000050038661fd4f, 83
1652702658.271267, sdrt-health/mac:02010b41cdec/antenna/tag/e28068940000400386621d4f, 90
1652702658.281878, sdrt-health/mac:02010b41cdec/antenna/tag/e2806894000040038662114f, 88
1652702658.32069, sdrt-health/mac:02010b41cdec/antenna/tag/e28068940000400386621d4f, 96
1652702658.362198, sdrt-health/mac:02010b41cdec/antenna/tag/e2806894000040038662114f, 88
1652702658.402138, sdrt-health/mac:02010b41cdec/antenna/tag/e28068940000400386621d4f, 77
1652702658.456101, sdrt-health/mac:02010b41cdec/antenna/tag/e2806894000050038662154f, 93
1652702658.456599, sdrt-health/mac:02010b41cdec/antenna/tag/e2806894000050038661fd4f, 91
1652702658.471533, sdrt-health/mac:02010b41cdec/antenna/tag/e2806894000050038662154f, 85
1652702658.483206, sdrt-health/mac:02010b41cdec/antenna/tag/e2806894000040038662114f, 88
1652702658.521388, sdrt-health/mac:02010b41cdec/antenna/tag/e28068940000500386620d4f, 83
1652702658.561268, sdrt-health/mac:02010b41cdec/antenna/tag/e2806894000050038661fd4f, 97
1652702658.602301, sdrt-health/mac:02010b41cdec/antenna/tag/e28068940000500386620d4f, 90
1652702658.656819, sdrt-health/mac:02010b41cdec/antenna/tag/e2806894000050038661fd4f, 91
1652702658.657391, sdrt-health/mac:02010b41cdec/antenna/tag/e2806894000050038661fd4f, 91
1652702658.693941, sdrt-health/mac:02010b41cdec/antenna/tag/e2806894000040038662114f, 85
1652702658.731348, sdrt-health/mac:02010b41cdec/antenna/tag/e2806894000050038661fd4f, 91
1652702658.789997, sdrt-health/mac:02010b41cdec/antenna/tag/e2806894000050038662154f, 93
1652702658.790562, sdrt-health/mac:02010b41cdec/antenna/tag/e2806894000040038662114f, 93
1652702658.820589, sdrt-health/mac:02010b41cdec/antenna/tag/e2806894000050038662154f, 88
1652702658.886315, sdrt-health/mac:02010b41cdec/antenna/tag/e2806894000050038661fd4f, 97
1652702658.886836, sdrt-health/mac:02010b41cdec/antenna/tag/e2806894000050038662154f, 88
1652702658.910682, sdrt-health/mac:02010b41cdec/antenna/tag/e2806894000040038662114f, 93
1652702658.942562, sdrt-health/mac:02010b41cdec/antenna/tag/e2806894000050038662154f, 85
1652702658.94279, sdrt-health/mac:02010b41cdec/antenna/tag/e28068940000400386621d4f, 96
1652702658.963978, sdrt-health/mac:02010b41cdec/antenna/tag/e28068940000500386620d4f, 90
1652702659.031762, sdrt-health/mac:02010b41cdec/antenna/tag/e2806894000050038662154f, 93
1652702659.03222, sdrt-health/mac:02010b41cdec/antenna/tag/e28068940000500386620d4f, 80
1652702659.047199, sdrt-health/mac:02010b41cdec/antenna/tag/e2806894000040038662114f, 85
1652702659.047609, sdrt-health/mac:02010b41cdec/antenna/tag/e2806894000050038662154f, 93
1652702659.060849, sdrt-health/mac:02010b41cdec/antenna/tag/e2806894000050038661fd4f, 97
1652702659.119358, sdrt-health/mac:02010b41cdec/antenna/tag/e28068940000500386620d4f, 83
1652702659.161648, sdrt-health/mac:02010b41cdec/antenna/tag/e28068940000500386620d4f, 90
1652702659.201701, sdrt-health/mac:02010b41cdec/antenna/tag/e2806894000050038661fd4f, 83
1652702659.273284, sdrt-health/mac:02010b41cdec/antenna/tag/e2806894000040038662114f, 97
1652702659.273837, sdrt-health/mac:02010b41cdec/antenna/tag/e2806894000050038661fd4f, 83
1652702659.289048, sdrt-health/mac:02010b41cdec/antenna/tag/e28068940000500386620d4f, 90
1652702659.319494, sdrt-health/mac:02010b41cdec/antenna/tag/e2806894000050038661fd4f, 91
1652702659.319943, sdrt-health/mac:02010b41cdec/antenna/tag/e2806894000050038661fd4f, 97
1652702659.320458, sdrt-health/mac:02010b41cdec/antenna/tag/e28068940000500386620d4f, 90
1652702659.351969, sdrt-health/mac:02010b41cdec/antenna/tag/e2806894000040038662114f, 85
1652702659.406224, sdrt-health/mac:02010b41cdec/antenna/tag/e2806894000050038662194f, 94
1652702659.406704, sdrt-health/mac:02010b41cdec/antenna/tag/e28068940000400386621d4f, 96
1652702659.441972, sdrt-health/mac:02010b41cdec/antenna/tag/e28068940000400386621d4f, 96
1652702659.48197, sdrt-health/mac:02010b41cdec/antenna/tag/e28068940000500386620d4f, 83
1652702659.51292, sdrt-health/mac:02010b41cdec/antenna/tag/e2806894000050038661fd4f, 97
1652702659.513323, sdrt-health/mac:02010b41cdec/antenna/tag/e2806894000040038662114f, 87
1652702659.528555, sdrt-health/mac:02010b41cdec/antenna/tag/e2806894000050038662154f, 85
1652702659.528859, sdrt-health/mac:02010b41cdec/antenna/tag/e28068940000500386620d4f, 83
1652702659.529091, sdrt-health/mac:02010b41cdec/antenna/tag/e2806894000050038661fd4f, 91
1652702659.562078, sdrt-health/mac:02010b41cdec/antenna/tag/e28068940000500386620d4f, 83
1652702659.617297, sdrt-health/mac:02010b41cdec/antenna/tag/e2806894000050038661fd4f, 91
1652702659.617799, sdrt-health/mac:02010b41cdec/antenna/tag/e2806894000050038662154f, 83
1652702659.632389, sdrt-health/mac:02010b41cdec/antenna/tag/e28068940000400386621d4f, 77
1652702659.640571, sdrt-health/mac:02010b41cdec/antenna/tag/e2806894000050038662154f, 93
1652702659.701372, sdrt-health/mac:02010b41cdec/antenna/tag/e2806894000050038661fd4f, 97
1652702659.751048, sdrt-health/mac:02010b41cdec/antenna/tag/e2806894000050038662154f, 85
1652702659.806503, sdrt-health/mac:02010b41cdec/antenna/tag/e28068940000400386621d4f, 96
1652702659.807029, sdrt-health/mac:02010b41cdec/antenna/tag/e2806894000050038661fd4f, 97
1652702659.840335, sdrt-health/mac:02010b41cdec/antenna/tag/e28068940000500386620d4f, 83
1652702659.871202, sdrt-health/mac:02010b41cdec/antenna/tag/e2806894000050038661fd4f, 83
1652702659.87158, sdrt-health/mac:02010b41cdec/antenna/tag/e28068940000400386621d4f, 96
1652702659.886689, sdrt-health/mac:02010b41cdec/antenna/tag/e28068940000500386620d4f, 83
1652702659.920961, sdrt-health/mac:02010b41cdec/antenna/tag/e28068940000500386620d4f, 83
1652702659.960712, sdrt-health/mac:02010b41cdec/antenna/tag/e28068940000500386620d4f, 83
1652702659.962715, sdrt-health/mac:02010b41cdec/antenna/tag/e2806894000050038661fd4f, 97
1652702660.001436, sdrt-health/mac:02010b41cdec/antenna/tag/e2806894000040038662114f, 93
1652702660.057561, sdrt-health/mac:02010b41cdec/antenna/tag/e2806894000050038661fd4f, 97
1652702660.058061, sdrt-health/mac:02010b41cdec/antenna/tag/e2806894000050038662154f, 93
1652702660.075067, sdrt-health/mac:02010b41cdec/antenna/tag/e2806894000040038662114f, 93
1652702660.105135, sdrt-health/mac:02010b41cdec/antenna/tag/e2806894000050038662154f, 85
1652702660.105433, sdrt-health/mac:02010b41cdec/antenna/tag/e2806894000050038662154f, 85
1652702660.105658, sdrt-health/mac:02010b41cdec/antenna/tag/e2806894000040038662114f, 85
1652702660.135824, sdrt-health/mac:02010b41cdec/antenna/tag/e2806894000050038661fd4f, 83
1652702660.165891, sdrt-health/mac:02010b41cdec/antenna/tag/e28068940000400386621d4f, 90
1652702660.16626, sdrt-health/mac:02010b41cdec/antenna/tag/e2806894000050038662154f, 88
1652702660.18103, sdrt-health/mac:02010b41cdec/antenna/tag/e2806894000040038662114f, 85
1652702660.2305, sdrt-health/mac:02010b41cdec/antenna/tag/e2806894000040038662114f, 85
1652702660.286639, sdrt-health/mac:02010b41cdec/antenna/tag/e2806894000050038662154f, 88
1652702660.287237, sdrt-health/mac:02010b41cdec/antenna/tag/e28068940000500386620d4f, 83
1652702660.302514, sdrt-health/mac:02010b41cdec/antenna/tag/e2806894000040038662114f, 85
1652702660.303013, sdrt-health/mac:02010b41cdec/antenna/tag/e2806894000050038662154f, 88
1652702660.303352, sdrt-health/mac:02010b41cdec/antenna/tag/e2806894000040038662114f, 85
1652702660.321643, sdrt-health/mac:02010b41cdec/antenna/tag/e2806894000050038661fd4f, 83
1652702660.362621, sdrt-health/mac:02010b41cdec/antenna/tag/e2806894000050038661fd4f, 97
1652702660.415446, sdrt-health/mac:02010b41cdec/antenna/tag/e28068940000400386621d4f, 96
1652702660.415827, sdrt-health/mac:02010b41cdec/antenna/tag/e2806894000050038662154f, 88
1652702660.430762, sdrt-health/mac:02010b41cdec/antenna/tag/e2806894000050038661fd4f, 97
1652702660.443595, sdrt-health/mac:02010b41cdec/antenna/tag/e2806894000040038662114f, 83
1652702660.482445, sdrt-health/mac:02010b41cdec/antenna/tag/e28068940000500386620d4f, 83
1652702660.520978, sdrt-health/mac:02010b41cdec/antenna/tag/e2806894000040038662214f, 94
1652702660.576905, sdrt-health/mac:02010b41cdec/antenna/tag/e2806894000040038662114f, 93
1652702660.577398, sdrt-health/mac:02010b41cdec/antenna/tag/e2806894000040038661f94f, 82
1652702660.651188, sdrt-health/mac:02010b41cdec/antenna/tag/e2806894000050038661fd4f, 97
1652702660.730253, sdrt-health/mac:02010b41cdec/antenna/tag/e28068940000500386620d4f, 83
1652702660.777405, sdrt-health/mac:02010b41cdec/antenna/tag/e2806894000050038662154f, 85
1652702660.777757, sdrt-health/mac:02010b41cdec/antenna/tag/e2806894000050038662154f, 85
1652702660.7922, sdrt-health/mac:02010b41cdec/antenna/tag/e2806894000050038661fd4f, 83
1652702660.799834, sdrt-health/mac:02010b41cdec/antenna/tag/e28068940000400386621d4f, 96
1652702660.842713, sdrt-health/mac:02010b41cdec/antenna/tag/e28068940000400386621d4f, 96
1652702660.881524, sdrt-health/mac:02010b41cdec/antenna/tag/e2806894000050038661fd4f, 83
1652702660.938075, sdrt-health/mac:02010b41cdec/antenna/tag/e28068940000500386620d4f, 83
1652702660.938621, sdrt-health/mac:02010b41cdec/antenna/tag/e2806894000050038661fd4f, 83
1652702660.953129, sdrt-health/mac:02010b41cdec/antenna/tag/e2806894000050038662154f, 85
1652702660.961227, sdrt-health/mac:02010b41cdec/antenna/tag/e2806894000050038661fd4f, 83
1652702661.000758, sdrt-health/mac:02010b41cdec/antenna/tag/e2806894000040038662214f, 81
1652702661.042906, sdrt-health/mac:02010b41cdec/antenna/tag/e28068940000400386621d4f, 77
1652702661.096837, sdrt-health/mac:02010b41cdec/antenna/tag/e28068940000500386620d4f, 83
1652702661.097323, sdrt-health/mac:02010b41cdec/antenna/tag/e2806894000040038662214f, 81
1652702661.122026, sdrt-health/mac:02010b41cdec/antenna/tag/e2806894000050038662154f, 91
1652702661.241686, sdrt-health/mac:02010b41cdec/antenna/tag/e2806894000050038662154f, 88
1652702661.281967, sdrt-health/mac:02010b41cdec/antenna/tag/e28068940000400386621d4f, 96
1652702661.321954, sdrt-health/mac:02010b41cdec/antenna/tag/e28068940000400386621d4f, 96
1652702661.352604, sdrt-health/mac:02010b41cdec/antenna/tag/e28068940000500386620d4f, 83
1652702661.35317, sdrt-health/mac:02010b41cdec/antenna/tag/e28068940000400386621d4f, 77
1652702661.371446, sdrt-health/mac:02010b41cdec/antenna/tag/e28068940000400386621d4f, 77
1652702661.414554, sdrt-health/mac:02010b41cdec/antenna/tag/e2806894000050038662154f, 87
1652702661.459324, sdrt-health/mac:02010b41cdec/antenna/tag/e28068940000500386620d4f, 83
1652702661.489032, sdrt-health/mac:02010b41cdec/antenna/tag/e2806894000050038661fd4f, 91
1652702661.489387, sdrt-health/mac:02010b41cdec/antenna/tag/e28068940000400386621d4f, 77
1652702661.511198, sdrt-health/mac:02010b41cdec/antenna/tag/e2806894000050038661fd4f, 97
1652702661.575738, sdrt-health/mac:02010b41cdec/antenna/tag/e2806894000050038662154f, 88
1652702661.610979, sdrt-health/mac:02010b41cdec/antenna/tag/e28068940000400386621d4f, 90
1652702661.775367, sdrt-health/mac:02010b41cdec/antenna/tag/e28068940000400386621d4f, 96
1652702661.77588, sdrt-health/mac:02010b41cdec/antenna/tag/e2806894000050038661fd4f, 83
1652702661.831148, sdrt-health/mac:02010b41cdec/antenna/tag/e2806894000040038662114f, 85
1652702661.831625, sdrt-health/mac:02010b41cdec/antenna/tag/e28068940000400386621d4f, 96
1652702661.84851, sdrt-health/mac:02010b41cdec/antenna/tag/e2806894000040038662114f, 88
1652702661.848953, sdrt-health/mac:02010b41cdec/antenna/tag/e2806894000050038662154f, 85
1652702661.879351, sdrt-health/mac:02010b41cdec/antenna/tag/e2806894000050038662154f, 85
1652702661.879654, sdrt-health/mac:02010b41cdec/antenna/tag/e2806894000050038661fd4f, 83
1652702661.913095, sdrt-health/mac:02010b41cdec/antenna/tag/e2806894000050038661fd4f, 88
1652702661.976499, sdrt-health/mac:02010b41cdec/antenna/tag/e2806894000050038662154f, 85
1652702661.977106, sdrt-health/mac:02010b41cdec/antenna/tag/e2806894000050038661fd4f, 97
1652702662.031273, sdrt-health/mac:02010b41cdec/antenna/tag/e2806894000050038662154f, 93
1652702662.062486, sdrt-health/mac:02010b41cdec/antenna/tag/e2806894000050038661fd4f, 91
1652702662.062854, sdrt-health/mac:02010b41cdec/antenna/tag/e2806894000050038662154f, 88
1652702662.102766, sdrt-health/mac:02010b41cdec/antenna/tag/e2806894000050038661fd4f, 97
1652702662.133601, sdrt-health/mac:02010b41cdec/antenna/tag/e2806894000050038662154f, 91
1652702662.133957, sdrt-health/mac:02010b41cdec/antenna/tag/e28068940000400386621d4f, 96
1652702662.161525, sdrt-health/mac:02010b41cdec/antenna/tag/e2806894000040038662114f, 85
1652702662.19085, sdrt-health/mac:02010b41cdec/antenna/tag/e28068940000400386621d4f, 96
1652702662.191167, sdrt-health/mac:02010b41cdec/antenna/tag/e2806894000040038662114f, 88
1652702662.205295, sdrt-health/mac:02010b41cdec/antenna/tag/e28068940000500386620d4f, 83
1652702662.205582, sdrt-health/mac:02010b41cdec/antenna/tag/e28068940000400386621d4f, 90
1652702662.241141, sdrt-health/mac:02010b41cdec/antenna/tag/e2806894000040038662114f, 88
1652702662.280737, sdrt-health/mac:02010b41cdec/antenna/tag/e2806894000050038662154f, 85
1652702662.28117, sdrt-health/mac:02010b41cdec/antenna/tag/e28068940000500386620d4f, 90
1652702662.321091, sdrt-health/mac:02010b41cdec/antenna/tag/e2806894000040038662114f, 85
1652702662.377763, sdrt-health/mac:02010b41cdec/antenna/tag/e28068940000400386621d4f, 77
1652702662.378296, sdrt-health/mac:02010b41cdec/antenna/tag/e28068940000500386620d4f, 83
1652702662.423529, sdrt-health/mac:02010b41cdec/antenna/tag/e28068940000500386620d4f, 90
1652702662.471196, sdrt-health/mac:02010b41cdec/antenna/tag/e2806894000040038662114f, 85
1652702662.530202, sdrt-health/mac:02010b41cdec/antenna/tag/e28068940000500386620d4f, 83
1652702662.530658, sdrt-health/mac:02010b41cdec/antenna/tag/e28068940000400386621d4f, 77
1652702662.571201, sdrt-health/mac:02010b41cdec/antenna/tag/e2806894000050038661fd4f, 91
1652702662.630095, sdrt-health/mac:02010b41cdec/antenna/tag/e28068940000400386621d4f, 77
1652702662.630588, sdrt-health/mac:02010b41cdec/antenna/tag/e2806894000050038662154f, 88
1652702662.671645, sdrt-health/mac:02010b41cdec/antenna/tag/e28068940000500386620d4f, 83
1652702662.727518, sdrt-health/mac:02010b41cdec/antenna/tag/e28068940000500386620d4f, 83
1652702662.727982, sdrt-health/mac:02010b41cdec/antenna/tag/e2806894000040038662114f, 85
1652702662.751253, sdrt-health/mac:02010b41cdec/antenna/tag/e28068940000500386620d4f, 83
1652702662.819249, sdrt-health/mac:02010b41cdec/antenna/tag/e2806894000040038662114f, 85
1652702662.819793, sdrt-health/mac:02010b41cdec/antenna/tag/e2806894000050038661fd4f, 97
1652702662.83487, sdrt-health/mac:02010b41cdec/antenna/tag/e2806894000040038662114f, 88
1652702662.842276, sdrt-health/mac:02010b41cdec/antenna/tag/e2806894000050038661fd4f, 83
1652702662.850279, sdrt-health/mac:02010b41cdec/antenna/tag/e28068940000500386620d4f, 83
1652702662.882155, sdrt-health/mac:02010b41cdec/antenna/tag/e2806894000050038661fd4f, 83
1652702662.960561, sdrt-health/mac:02010b41cdec/antenna/tag/e2806894000050038662154f, 87
1652702663.000914, sdrt-health/mac:02010b41cdec/antenna/tag/e2806894000050038661fd4f, 91
1652702663.075681, sdrt-health/mac:02010b41cdec/antenna/tag/e2806894000050038661fd4f, 97
1652702663.076146, sdrt-health/mac:02010b41cdec/antenna/tag/e2806894000050038661fd4f, 83
1652702663.112392, sdrt-health/mac:02010b41cdec/antenna/tag/e2806894000050038662154f, 85
1652702663.151288, sdrt-health/mac:02010b41cdec/antenna/tag/e2806894000050038662154f, 85
1652702663.218483, sdrt-health/mac:02010b41cdec/antenna/tag/e2806894000050038661fd4f, 97
1652702663.219031, sdrt-health/mac:02010b41cdec/antenna/tag/e2806894000050038662154f, 85
1652702663.234228, sdrt-health/mac:02010b41cdec/antenna/tag/e2806894000050038661fd4f, 97
1652702663.240987, sdrt-health/mac:02010b41cdec/antenna/tag/e2806894000050038661fd4f, 97
1652702663.281741, sdrt-health/mac:02010b41cdec/antenna/tag/e2806894000050038662154f, 85
1652702663.33703, sdrt-health/mac:02010b41cdec/antenna/tag/e2806894000040038662114f, 93
1652702663.337515, sdrt-health/mac:02010b41cdec/antenna/tag/e2806894000040038662114f, 85
1652702663.36148, sdrt-health/mac:02010b41cdec/antenna/tag/e2806894000050038661fd4f, 91
1652702663.415695, sdrt-health/mac:02010b41cdec/antenna/tag/e2806894000040038662114f, 85
1652702663.416161, sdrt-health/mac:02010b41cdec/antenna/tag/e2806894000050038662154f, 93
1652702663.432691, sdrt-health/mac:02010b41cdec/antenna/tag/e2806894000040038662114f, 85
1652702663.441228, sdrt-health/mac:02010b41cdec/antenna/tag/e2806894000040038662114f, 88
1652702663.481502, sdrt-health/mac:02010b41cdec/antenna/tag/e2806894000050038662154f, 93
1652702663.535962, sdrt-health/mac:02010b41cdec/antenna/tag/e28068940000400386621d4f, 77
1652702663.536509, sdrt-health/mac:02010b41cdec/antenna/tag/e28068940000500386620d4f, 83
1652702663.551262, sdrt-health/mac:02010b41cdec/antenna/tag/e2806894000050038662154f, 88
1652702663.560274, sdrt-health/mac:02010b41cdec/antenna/tag/e2806894000040038661f94f, 82
1652702663.60108, sdrt-health/mac:02010b41cdec/antenna/tag/e2806894000040038662214f, 94
1652702663.702696, sdrt-health/mac:02010b41cdec/antenna/tag/e28068940000500386620d4f, 90
1652702663.762492, sdrt-health/mac:02010b41cdec/antenna/tag/e2806894000040038662114f, 85
1652702663.800725, sdrt-health/mac:02010b41cdec/antenna/tag/e2806894000050038661fd4f, 91
1652702663.801199, sdrt-health/mac:02010b41cdec/antenna/tag/e2806894000050038662154f, 87
1652702663.858154, sdrt-health/mac:02010b41cdec/antenna/tag/e2806894000050038661fd4f, 91
1652702663.858696, sdrt-health/mac:02010b41cdec/antenna/tag/e2806894000050038661fd4f, 91
1652702663.880342, sdrt-health/mac:02010b41cdec/antenna/tag/e28068940000500386620d4f, 83
1652702663.921588, sdrt-health/mac:02010b41cdec/antenna/tag/e2806894000050038661fd4f, 91
1652702663.976018, sdrt-health/mac:02010b41cdec/antenna/tag/e28068940000400386621d4f, 77
1652702663.976511, sdrt-health/mac:02010b41cdec/antenna/tag/e28068940000400386621d4f, 96
1652702664.001013, sdrt-health/mac:02010b41cdec/antenna/tag/e2806894000050038662154f, 93
1652702664.001725, sdrt-health/mac:02010b41cdec/antenna/tag/e28068940000500386620d4f, 83
1652702664.041579, sdrt-health/mac:02010b41cdec/antenna/tag/e2806894000050038662154f, 85
1652702664.081828, sdrt-health/mac:02010b41cdec/antenna/tag/e2806894000050038661fd4f, 97
1652702664.121478, sdrt-health/mac:02010b41cdec/antenna/tag/e2806894000050038661fd4f, 91
1652702664.12199, sdrt-health/mac:02010b41cdec/antenna/tag/e2806894000050038662154f, 85
1652702664.176738, sdrt-health/mac:02010b41cdec/antenna/tag/e2806894000050038662154f, 93
1652702664.177243, sdrt-health/mac:02010b41cdec/antenna/tag/e28068940000500386620d4f, 83
1652702664.191322, sdrt-health/mac:02010b41cdec/antenna/tag/e28068940000400386621d4f, 77
1652702664.201195, sdrt-health/mac:02010b41cdec/antenna/tag/e2806894000040038662114f, 93
1652702664.205467, sdrt-health/mac:02010b41cdec/antenna/tag/e2806894000050038661fd4f, 91
1652702664.25218, sdrt-health/mac:02010b41cdec/antenna/tag/e2806894000050038661fd4f, 83
1652702664.313593, sdrt-health/mac:02010b41cdec/antenna/tag/e28068940000400386621d4f, 96
1652702664.314109, sdrt-health/mac:02010b41cdec/antenna/tag/e2806894000050038662154f, 85
1652702664.329003, sdrt-health/mac:02010b41cdec/antenna/tag/e2806894000050038661fd4f, 97
1652702664.358898, sdrt-health/mac:02010b41cdec/antenna/tag/e28068940000400386621d4f, 96
1652702664.359143, sdrt-health/mac:02010b41cdec/antenna/tag/e28068940000400386621d4f, 96
1652702664.359327, sdrt-health/mac:02010b41cdec/antenna/tag/e2806894000050038662154f, 85
1652702664.399532, sdrt-health/mac:02010b41cdec/antenna/tag/e2806894000050038662154f, 85
1652702664.40009, sdrt-health/mac:02010b41cdec/antenna/tag/e28068940000500386620d4f, 83
1652702664.455396, sdrt-health/mac:02010b41cdec/antenna/tag/e28068940000400386621d4f, 96
1652702664.537429, sdrt-health/mac:02010b41cdec/antenna/tag/e2806894000050038662154f, 85
1652702664.53793, sdrt-health/mac:02010b41cdec/antenna/tag/e28068940000400386621d4f, 77
1652702664.56122, sdrt-health/mac:02010b41cdec/antenna/tag/e2806894000040038662114f, 93
1652702664.618967, sdrt-health/mac:02010b41cdec/antenna/tag/e2806894000050038661fd4f, 91
1652702664.619464, sdrt-health/mac:02010b41cdec/antenna/tag/e28068940000500386620d4f, 83
1652702664.642033, sdrt-health/mac:02010b41cdec/antenna/tag/e28068940000400386621d4f, 96
1652702664.698452, sdrt-health/mac:02010b41cdec/antenna/tag/e2806894000040038662054f, 94
1652702664.699051, sdrt-health/mac:02010b41cdec/antenna/tag/e2806894000050038662154f, 88
1652702664.714037, sdrt-health/mac:02010b41cdec/antenna/tag/e2806894000040038662114f, 88
1652702664.72125, sdrt-health/mac:02010b41cdec/antenna/tag/e2806894000050038662154f, 88
1652702664.730688, sdrt-health/mac:02010b41cdec/antenna/tag/e2806894000050038661fd4f, 83
1652702664.759796, sdrt-health/mac:02010b41cdec/antenna/tag/e28068940000400386621d4f, 96
1652702664.80219, sdrt-health/mac:02010b41cdec/antenna/tag/e2806894000040038662114f, 88
1652702664.857385, sdrt-health/mac:02010b41cdec/antenna/tag/e28068940000500386620d4f, 83
1652702664.85794, sdrt-health/mac:02010b41cdec/antenna/tag/e2806894000050038662154f, 88
1652702664.881258, sdrt-health/mac:02010b41cdec/antenna/tag/e2806894000050038662154f, 85
1652702664.92153, sdrt-health/mac:02010b41cdec/antenna/tag/e2806894000050038661fd4f, 91
1652702664.976639, sdrt-health/mac:02010b41cdec/antenna/tag/e2806894000050038661fd4f, 97
1652702664.97717, sdrt-health/mac:02010b41cdec/antenna/tag/e28068940000400386621d4f, 96
1652702664.991481, sdrt-health/mac:02010b41cdec/antenna/tag/e2806894000050038662154f, 93
1652702665.000705, sdrt-health/mac:02010b41cdec/antenna/tag/e2806894000040038662114f, 85
1652702665.041997, sdrt-health/mac:02010b41cdec/antenna/tag/e2806894000040038662114f, 85
1652702665.096045, sdrt-health/mac:02010b41cdec/antenna/tag/e28068940000500386620d4f, 83
1652702665.096416, sdrt-health/mac:02010b41cdec/antenna/tag/e2806894000050038662154f, 85
1652702665.110786, sdrt-health/mac:02010b41cdec/antenna/tag/e28068940000500386620d4f, 83
1652702665.120749, sdrt-health/mac:02010b41cdec/antenna/tag/e2806894000050038662154f, 85
1652702665.161312, sdrt-health/mac:02010b41cdec/antenna/tag/e2806894000050038662154f, 93
1652702665.216904, sdrt-health/mac:02010b41cdec/antenna/tag/e2806894000050038662194f, 94
1652702665.21737, sdrt-health/mac:02010b41cdec/antenna/tag/e2806894000050038662194f, 88
1652702665.232875, sdrt-health/mac:02010b41cdec/antenna/tag/e2806894000040038662114f, 93
1652702665.242667, sdrt-health/mac:02010b41cdec/antenna/tag/e2806894000050038662194f, 94
1652702665.282203, sdrt-health/mac:02010b41cdec/antenna/tag/e2806894000050038661fd4f, 97
1652702665.320317, sdrt-health/mac:02010b41cdec/antenna/tag/e2806894000040038662114f, 87
1652702665.377312, sdrt-health/mac:02010b41cdec/antenna/tag/e28068940000500386620d4f, 83
1652702665.377781, sdrt-health/mac:02010b41cdec/antenna/tag/e2806894000050038661fd4f, 91
1652702665.392483, sdrt-health/mac:02010b41cdec/antenna/tag/e28068940000500386620d4f, 83
1652702665.401096, sdrt-health/mac:02010b41cdec/antenna/tag/e28068940000500386620d4f, 83
1652702665.462866, sdrt-health/mac:02010b41cdec/antenna/tag/e28068940000400386621d4f, 96
1652702665.531442, sdrt-health/mac:02010b41cdec/antenna/tag/e28068940000400386621d4f, 96
1652702665.575078, sdrt-health/mac:02010b41cdec/antenna/tag/e28068940000500386620d4f, 90
1652702665.628326, sdrt-health/mac:02010b41cdec/antenna/tag/e2806894000050038661fd4f, 86
1652702665.628797, sdrt-health/mac:02010b41cdec/antenna/tag/e2806894000050038662154f, 91
1652702665.629132, sdrt-health/mac:02010b41cdec/antenna/tag/e28068940000400386621d4f, 96
1652702665.644582, sdrt-health/mac:02010b41cdec/antenna/tag/e2806894000050038661fd4f, 83
1652702665.655549, sdrt-health/mac:02010b41cdec/antenna/tag/e28068940000400386621d4f, 96
1652702665.701125, sdrt-health/mac:02010b41cdec/antenna/tag/e28068940000400386621d4f, 96
1652702665.701935, sdrt-health/mac:02010b41cdec/antenna/tag/e28068940000500386620d4f, 90
1652702665.753618, sdrt-health/mac:02010b41cdec/antenna/tag/e28068940000400386621d4f, 96
1652702665.792292, sdrt-health/mac:02010b41cdec/antenna/tag/e2806894000040038662114f, 88
1652702665.843183, sdrt-health/mac:02010b41cdec/antenna/tag/e2806894000050038662154f, 93
1652702665.899095, sdrt-health/mac:02010b41cdec/antenna/tag/e2806894000050038661fd4f, 83
1652702665.899601, sdrt-health/mac:02010b41cdec/antenna/tag/e2806894000050038662194f, 81
1652702665.900001, sdrt-health/mac:02010b41cdec/antenna/tag/e28068940000400386621d4f, 96
1652702665.915615, sdrt-health/mac:02010b41cdec/antenna/tag/e28068940000500386620d4f, 83
1652702665.923438, sdrt-health/mac:02010b41cdec/antenna/tag/e28068940000500386620d4f, 83
1652702665.96182, sdrt-health/mac:02010b41cdec/antenna/tag/e2806894000040038662114f, 85
1652702666.0288, sdrt-health/mac:02010b41cdec/antenna/tag/e2806894000050038661fd4f, 88
1652702666.029365, sdrt-health/mac:02010b41cdec/antenna/tag/e28068940000500386620d4f, 83
1652702666.045991, sdrt-health/mac:02010b41cdec/antenna/tag/e2806894000050038661fd4f, 88
1652702666.080226, sdrt-health/mac:02010b41cdec/antenna/tag/e28068940000500386620d4f, 83
1652702666.080518, sdrt-health/mac:02010b41cdec/antenna/tag/e2806894000050038661fd4f, 91
1652702666.102765, sdrt-health/mac:02010b41cdec/antenna/tag/e28068940000500386620d4f, 83
1652702666.167417, sdrt-health/mac:02010b41cdec/antenna/tag/e28068940000400386621d4f, 77
1652702666.167782, sdrt-health/mac:02010b41cdec/antenna/tag/e28068940000500386620d4f, 83
1652702666.182801, sdrt-health/mac:02010b41cdec/antenna/tag/e2806894000050038661fd4f, 91
1652702666.183098, sdrt-health/mac:02010b41cdec/antenna/tag/e2806894000040038662114f, 85
1652702666.191486, sdrt-health/mac:02010b41cdec/antenna/tag/e28068940000500386620d4f, 83
1652702666.243151, sdrt-health/mac:02010b41cdec/antenna/tag/e2806894000050038662154f, 88
1652702666.281816, sdrt-health/mac:02010b41cdec/antenna/tag/e2806894000050038661fd4f, 97
1652702666.321048, sdrt-health/mac:02010b41cdec/antenna/tag/e28068940000500386620d4f, 83
1652702666.362286, sdrt-health/mac:02010b41cdec/antenna/tag/e28068940000400386621d4f, 77
1652702666.403196, sdrt-health/mac:02010b41cdec/antenna/tag/e28068940000500386620d4f, 83
1652702666.490047, sdrt-health/mac:02010b41cdec/antenna/tag/e2806894000050038662154f, 93
1652702666.490488, sdrt-health/mac:02010b41cdec/antenna/tag/e2806894000050038662154f, 88
1652702666.514554, sdrt-health/mac:02010b41cdec/antenna/tag/e2806894000050038661fd4f, 88
1652702666.545551, sdrt-health/mac:02010b41cdec/antenna/tag/e2806894000040038662114f, 85
1652702666.545775, sdrt-health/mac:02010b41cdec/antenna/tag/e2806894000050038662154f, 85
1652702666.593612, sdrt-health/mac:02010b41cdec/antenna/tag/e2806894000050038661fd4f, 97
1652702666.642561, sdrt-health/mac:02010b41cdec/antenna/tag/e2806894000050038661fd4f, 83
1652702666.674994, sdrt-health/mac:02010b41cdec/antenna/tag/e28068940000400386621d4f, 96
1652702666.675376, sdrt-health/mac:02010b41cdec/antenna/tag/e2806894000040038662114f, 85
1652702666.675701, sdrt-health/mac:02010b41cdec/antenna/tag/e28068940000500386620d4f, 83
1652702666.689762, sdrt-health/mac:02010b41cdec/antenna/tag/e2806894000050038661fd4f, 83
1652702666.689988, sdrt-health/mac:02010b41cdec/antenna/tag/e2806894000050038661fd4f, 83
1652702666.722591, sdrt-health/mac:02010b41cdec/antenna/tag/e2806894000050038661fd4f, 83
1652702666.778509, sdrt-health/mac:02010b41cdec/antenna/tag/e2806894000040038662114f, 85
1652702666.778975, sdrt-health/mac:02010b41cdec/antenna/tag/e28068940000400386621d4f, 96
1652702666.802192, sdrt-health/mac:02010b41cdec/antenna/tag/e2806894000040038662114f, 85
1652702666.862142, sdrt-health/mac:02010b41cdec/antenna/tag/e28068940000500386620d4f, 83
1652702666.862599, sdrt-health/mac:02010b41cdec/antenna/tag/e2806894000040038662114f, 85
1652702666.87812, sdrt-health/mac:02010b41cdec/antenna/tag/e28068940000500386620d4f, 83
1652702666.881664, sdrt-health/mac:02010b41cdec/antenna/tag/e2806894000050038662154f, 85
1652702666.89486, sdrt-health/mac:02010b41cdec/antenna/tag/e28068940000500386620d4f, 83
1652702666.921627, sdrt-health/mac:02010b41cdec/antenna/tag/e2806894000040038662114f, 93
1652702666.963261, sdrt-health/mac:02010b41cdec/antenna/tag/e2806894000040038661f94f, 88
1652702667.002441, sdrt-health/mac:02010b41cdec/antenna/tag/e2806894000050038661fd4f, 97
1652702667.044556, sdrt-health/mac:02010b41cdec/antenna/tag/e2806894000040038661f94f, 88
1652702667.09752, sdrt-health/mac:02010b41cdec/antenna/tag/e2806894000050038662154f, 85
1652702667.142033, sdrt-health/mac:02010b41cdec/antenna/tag/e28068940000500386620d4f, 83
1652702667.216013, sdrt-health/mac:02010b41cdec/antenna/tag/e28068940000400386621d4f, 96
1652702667.216232, sdrt-health/mac:02010b41cdec/antenna/tag/e2806894000040038662114f, 85
1652702667.216369, sdrt-health/mac:02010b41cdec/antenna/tag/e2806894000050038661fd4f, 91
1652702667.241584, sdrt-health/mac:02010b41cdec/antenna/tag/e2806894000050038661fd4f, 97
1652702667.272366, sdrt-health/mac:02010b41cdec/antenna/tag/e28068940000500386620d4f, 83
1652702667.27277, sdrt-health/mac:02010b41cdec/antenna/tag/e28068940000400386621d4f, 96
1652702667.371546, sdrt-health/mac:02010b41cdec/antenna/tag/e2806894000040038662114f, 88
1652702667.405081, sdrt-health/mac:02010b41cdec/antenna/tag/e28068940000400386621d4f, 96
1652702667.405323, sdrt-health/mac:02010b41cdec/antenna/tag/e2806894000050038662154f, 85
1652702667.421032, sdrt-health/mac:02010b41cdec/antenna/tag/e2806894000040038662114f, 88
1652702667.461574, sdrt-health/mac:02010b41cdec/antenna/tag/e28068940000500386620d4f, 83
1652702667.511904, sdrt-health/mac:02010b41cdec/antenna/tag/e28068940000500386620d4f, 83
1652702667.546012, sdrt-health/mac:02010b41cdec/antenna/tag/e2806894000050038662154f, 85
1652702667.546218, sdrt-health/mac:02010b41cdec/antenna/tag/e2806894000040038662214f, 88
1652702667.563229, sdrt-health/mac:02010b41cdec/antenna/tag/e2806894000040038661f94f, 83
1652702667.563514, sdrt-health/mac:02010b41cdec/antenna/tag/e2806894000050038662154f, 85
1652702667.61376, sdrt-health/mac:02010b41cdec/antenna/tag/e2806894000050038661fd4f, 88
1652702667.641503, sdrt-health/mac:02010b41cdec/antenna/tag/e2806894000050038661fd4f, 97
1652702667.681712, sdrt-health/mac:02010b41cdec/antenna/tag/e2806894000050038662154f, 88
1652702667.7226, sdrt-health/mac:02010b41cdec/antenna/tag/e28068940000500386620d4f, 83
1652702667.768829, sdrt-health/mac:02010b41cdec/antenna/tag/e28068940000500386620d4f, 80
1652702667.831313, sdrt-health/mac:02010b41cdec/antenna/tag/e28068940000500386620d4f, 80
1652702667.831511, sdrt-health/mac:02010b41cdec/antenna/tag/e2806894000050038661fd4f, 97
1652702667.863477, sdrt-health/mac:02010b41cdec/antenna/tag/e2806894000040038662114f, 93
1652702667.913403, sdrt-health/mac:02010b41cdec/antenna/tag/e2806894000040038662214f, 88
1652702667.952006, sdrt-health/mac:02010b41cdec/antenna/tag/e28068940000500386620d4f, 90
1652702667.98333, sdrt-health/mac:02010b41cdec/antenna/tag/e28068940000400386621d4f, 77
1652702667.983532, sdrt-health/mac:02010b41cdec/antenna/tag/e28068940000500386620d4f, 90
1652702667.998988, sdrt-health/mac:02010b41cdec/antenna/tag/e2806894000040038662114f, 87
1652702668.03301, sdrt-health/mac:02010b41cdec/antenna/tag/e2806894000050038661fd4f, 83
1652702668.097054, sdrt-health/mac:02010b41cdec/antenna/tag/e28068940000500386620d4f, 80
1652702668.097384, sdrt-health/mac:02010b41cdec/antenna/tag/e2806894000050038662154f, 88
1652702668.114233, sdrt-health/mac:02010b41cdec/antenna/tag/e28068940000500386620d4f, 80
1652702668.171265, sdrt-health/mac:02010b41cdec/antenna/tag/e2806894000040038662114f, 85
1652702668.217327, sdrt-health/mac:02010b41cdec/antenna/tag/e28068940000500386620d4f, 83
1652702668.277232, sdrt-health/mac:02010b41cdec/antenna/tag/e2806894000050038662154f, 88
1652702668.277447, sdrt-health/mac:02010b41cdec/antenna/tag/e2806894000040038662114f, 85
1652702668.313169, sdrt-health/mac:02010b41cdec/antenna/tag/e2806894000050038662154f, 88
1652702668.378012, sdrt-health/mac:02010b41cdec/antenna/tag/e28068940000500386620d4f, 90
1652702668.378228, sdrt-health/mac:02010b41cdec/antenna/tag/e2806894000050038661fd4f, 83
1652702668.3936, sdrt-health/mac:02010b41cdec/antenna/tag/e2806894000050038662154f, 88
1652702668.425417, sdrt-health/mac:02010b41cdec/antenna/tag/e28068940000400386621d4f, 96
1652702668.425635, sdrt-health/mac:02010b41cdec/antenna/tag/e28068940000400386621d4f, 96
1652702668.442331, sdrt-health/mac:02010b41cdec/antenna/tag/e28068940000500386620d4f, 83
1652702668.482151, sdrt-health/mac:02010b41cdec/antenna/tag/e28068940000400386621d4f, 77
1652702668.56262, sdrt-health/mac:02010b41cdec/antenna/tag/e2806894000040038662114f, 85
1652702668.618634, sdrt-health/mac:02010b41cdec/antenna/tag/e2806894000040038662114f, 85
1652702668.619037, sdrt-health/mac:02010b41cdec/antenna/tag/e2806894000050038661fd4f, 83
1652702668.634359, sdrt-health/mac:02010b41cdec/antenna/tag/e2806894000040038662114f, 85
1652702668.634674, sdrt-health/mac:02010b41cdec/antenna/tag/e2806894000050038661fd4f, 83
1652702668.642704, sdrt-health/mac:02010b41cdec/antenna/tag/e2806894000050038661fd4f, 97
1652702668.682441, sdrt-health/mac:02010b41cdec/antenna/tag/e2806894000040038662114f, 88
1652702668.723044, sdrt-health/mac:02010b41cdec/antenna/tag/e28068940000400386621d4f, 96
1652702668.761633, sdrt-health/mac:02010b41cdec/antenna/tag/e28068940000500386620d4f, 83
1652702668.825435, sdrt-health/mac:02010b41cdec/antenna/tag/e28068940000400386621d4f, 96
1652702668.826553, sdrt-health/mac:02010b41cdec/antenna/tag/e28068940000400386621d4f, 77
1652702668.876722, sdrt-health/mac:02010b41cdec/antenna/tag/e28068940000400386621d4f, 77
1652702668.909533, sdrt-health/mac:02010b41cdec/antenna/tag/e28068940000400386621d4f, 77
1652702668.909838, sdrt-health/mac:02010b41cdec/antenna/tag/e28068940000500386620d4f, 83
1652702668.925401, sdrt-health/mac:02010b41cdec/antenna/tag/e2806894000050038661fd4f, 88
1652702668.96894, sdrt-health/mac:02010b41cdec/antenna/tag/e2806894000050038662154f, 85
1652702669.015734, sdrt-health/mac:02010b41cdec/antenna/tag/e28068940000500386620d4f, 83
1652702669.051562, sdrt-health/mac:02010b41cdec/antenna/tag/e28068940000500386620d4f, 83
1652702669.094814, sdrt-health/mac:02010b41cdec/antenna/tag/e2806894000050038662154f, 85
1652702669.176749, sdrt-health/mac:02010b41cdec/antenna/tag/e2806894000050038661fd4f, 91
1652702669.212547, sdrt-health/mac:02010b41cdec/antenna/tag/e2806894000050038662154f, 85
1652702669.287997, sdrt-health/mac:02010b41cdec/antenna/tag/e28068940000500386620d4f, 83
1652702669.28863, sdrt-health/mac:02010b41cdec/antenna/tag/e28068940000500386620d4f, 80
1652702669.304073, sdrt-health/mac:02010b41cdec/antenna/tag/e28068940000500386620d4f, 83
1652702669.311568, sdrt-health/mac:02010b41cdec/antenna/tag/e28068940000500386620d4f, 83
1652702669.362269, sdrt-health/mac:02010b41cdec/antenna/tag/e2806894000050038662154f, 85
1652702669.432591, sdrt-health/mac:02010b41cdec/antenna/tag/e2806894000050038661fd4f, 97
1652702669.433068, sdrt-health/mac:02010b41cdec/antenna/tag/e28068940000400386621d4f, 96
1652702669.449278, sdrt-health/mac:02010b41cdec/antenna/tag/e2806894000050038661fd4f, 83
1652702669.46123, sdrt-health/mac:02010b41cdec/antenna/tag/e2806894000050038662194f, 94
1652702669.512889, sdrt-health/mac:02010b41cdec/antenna/tag/e2806894000050038662194f, 82
1652702669.601933, sdrt-health/mac:02010b41cdec/antenna/tag/e2806894000040038662114f, 85
1652702669.602452, sdrt-health/mac:02010b41cdec/antenna/tag/e28068940000400386621d4f, 77
1652702669.619321, sdrt-health/mac:02010b41cdec/antenna/tag/e2806894000050038662154f, 85
1652702669.652942, sdrt-health/mac:02010b41cdec/antenna/tag/e2806894000050038662194f, 82
1652702669.653255, sdrt-health/mac:02010b41cdec/antenna/tag/e2806894000050038661fd4f, 97
1652702669.653458, sdrt-health/mac:02010b41cdec/antenna/tag/e28068940000400386621d4f, 96
1652702669.653633, sdrt-health/mac:02010b41cdec/antenna/tag/e28068940000400386621d4f, 96
1652702669.692257, sdrt-health/mac:02010b41cdec/antenna/tag/e28068940000500386620d4f, 83
1652702669.736496, sdrt-health/mac:02010b41cdec/antenna/tag/e2806894000050038661fd4f, 97
1652702669.787262, sdrt-health/mac:02010b41cdec/antenna/tag/e28068940000400386621d4f, 96
1652702669.787677, sdrt-health/mac:02010b41cdec/antenna/tag/e2806894000050038662154f, 85
1652702669.80292, sdrt-health/mac:02010b41cdec/antenna/tag/e28068940000400386621d4f, 96
1652702669.815122, sdrt-health/mac:02010b41cdec/antenna/tag/e2806894000040038662114f, 93
1652702669.86143, sdrt-health/mac:02010b41cdec/antenna/tag/e2806894000050038661fd4f, 91
1652702669.91265, sdrt-health/mac:02010b41cdec/antenna/tag/e28068940000400386621d4f, 96
1652702669.952999, sdrt-health/mac:02010b41cdec/antenna/tag/e28068940000500386620d4f, 90
1652702670.001624, sdrt-health/mac:02010b41cdec/antenna/tag/e28068940000500386620d4f, 83
1652702670.04263, sdrt-health/mac:02010b41cdec/antenna/tag/e2806894000050038662154f, 85
1652702670.107697, sdrt-health/mac:02010b41cdec/antenna/tag/e2806894000050038661fd4f, 91
1652702670.108083, sdrt-health/mac:02010b41cdec/antenna/tag/e28068940000400386621d4f, 77
1652702670.151027, sdrt-health/mac:02010b41cdec/antenna/tag/e28068940000400386621d4f, 77
1652702670.191116, sdrt-health/mac:02010b41cdec/antenna/tag/e28068940000500386620d4f, 83
1652702670.242051, sdrt-health/mac:02010b41cdec/antenna/tag/e2806894000050038662154f, 85
1652702670.282306, sdrt-health/mac:02010b41cdec/antenna/tag/e28068940000400386621d4f, 77
1652702670.321851, sdrt-health/mac:02010b41cdec/antenna/tag/e2806894000050038662154f, 85
1652702670.379597, sdrt-health/mac:02010b41cdec/antenna/tag/e28068940000500386620d4f, 90
1652702670.379802, sdrt-health/mac:02010b41cdec/antenna/tag/e2806894000050038662154f, 85
1652702670.397671, sdrt-health/mac:02010b41cdec/antenna/tag/e28068940000500386620d4f, 90
1652702670.402599, sdrt-health/mac:02010b41cdec/antenna/tag/e28068940000400386621d4f, 77
1652702670.41504, sdrt-health/mac:02010b41cdec/antenna/tag/e2806894000050038661fd4f, 88
1652702670.441215, sdrt-health/mac:02010b41cdec/antenna/tag/e28068940000500386620d4f, 90
1652702670.481915, sdrt-health/mac:02010b41cdec/antenna/tag/e28068940000500386620d4f, 83
1652702670.538584, sdrt-health/mac:02010b41cdec/antenna/tag/e2806894000050038661fd4f, 91
1652702670.538934, sdrt-health/mac:02010b41cdec/antenna/tag/e2806894000040038662114f, 91
1652702670.561756, sdrt-health/mac:02010b41cdec/antenna/tag/e2806894000050038661fd4f, 97
1652702670.618531, sdrt-health/mac:02010b41cdec/antenna/tag/e28068940000500386620d4f, 90
1652702670.618772, sdrt-health/mac:02010b41cdec/antenna/tag/e2806894000050038661fd4f, 91
1652702670.642071, sdrt-health/mac:02010b41cdec/antenna/tag/e28068940000400386621d4f, 77
1652702670.697765, sdrt-health/mac:02010b41cdec/antenna/tag/e2806894000050038662154f, 87
1652702670.698162, sdrt-health/mac:02010b41cdec/antenna/tag/e2806894000040038662114f, 85
1652702670.730883, sdrt-health/mac:02010b41cdec/antenna/tag/e2806894000040038662114f, 93
1652702670.798617, sdrt-health/mac:02010b41cdec/antenna/tag/e2806894000040038662054f, 81
1652702670.798849, sdrt-health/mac:02010b41cdec/antenna/tag/e2806894000040038662114f, 88
1652702670.815196, sdrt-health/mac:02010b41cdec/antenna/tag/e2806894000040038662114f, 85
1652702670.821662, sdrt-health/mac:02010b41cdec/antenna/tag/e28068940000400386621d4f, 96
1652702670.830696, sdrt-health/mac:02010b41cdec/antenna/tag/e2806894000040038662114f, 91
1652702670.871148, sdrt-health/mac:02010b41cdec/antenna/tag/e2806894000050038662154f, 85
1652702670.912211, sdrt-health/mac:02010b41cdec/antenna/tag/e28068940000400386621d4f, 77
1652702670.986793, sdrt-health/mac:02010b41cdec/antenna/tag/e2806894000050038662154f, 88
1652702670.987322, sdrt-health/mac:02010b41cdec/antenna/tag/e2806894000040038662114f, 85
1652702671.031567, sdrt-health/mac:02010b41cdec/antenna/tag/e2806894000040038662114f, 93
1652702671.071421, sdrt-health/mac:02010b41cdec/antenna/tag/e2806894000050038662154f, 85
1652702671.127824, sdrt-health/mac:02010b41cdec/antenna/tag/e2806894000050038662154f, 85
1652702671.12828, sdrt-health/mac:02010b41cdec/antenna/tag/e2806894000050038662154f, 88
1652702671.152007, sdrt-health/mac:02010b41cdec/antenna/tag/e28068940000500386620d4f, 83
1652702671.21812, sdrt-health/mac:02010b41cdec/antenna/tag/e2806894000050038661fd4f, 83
1652702671.218856, sdrt-health/mac:02010b41cdec/antenna/tag/e28068940000400386621d4f, 96
1652702671.23481, sdrt-health/mac:02010b41cdec/antenna/tag/e2806894000050038662154f, 85
1652702671.235409, sdrt-health/mac:02010b41cdec/antenna/tag/e2806894000040038662114f, 85
1652702671.257592, sdrt-health/mac:02010b41cdec/antenna/tag/e28068940000400386621d4f, 96
1652702671.31096, sdrt-health/mac:02010b41cdec/antenna/tag/e2806894000050038662154f, 88
1652702671.351645, sdrt-health/mac:02010b41cdec/antenna/tag/e28068940000500386620d4f, 83
1652702671.39137, sdrt-health/mac:02010b41cdec/antenna/tag/e28068940000500386620d4f, 90
1652702671.458648, sdrt-health/mac:02010b41cdec/antenna/tag/e2806894000040038662114f, 93
1652702671.458931, sdrt-health/mac:02010b41cdec/antenna/tag/e2806894000040038662114f, 93
1652702671.474202, sdrt-health/mac:02010b41cdec/antenna/tag/e28068940000500386620d4f, 83
1652702671.474437, sdrt-health/mac:02010b41cdec/antenna/tag/e2806894000050038662154f, 85
1652702671.480934, sdrt-health/mac:02010b41cdec/antenna/tag/e2806894000050038661fd4f, 88
1652702671.52253, sdrt-health/mac:02010b41cdec/antenna/tag/e2806894000050038661fd4f, 97
1652702671.576977, sdrt-health/mac:02010b41cdec/antenna/tag/e2806894000040038662114f, 85
1652702671.577318, sdrt-health/mac:02010b41cdec/antenna/tag/e2806894000050038661fd4f, 91
1652702671.601262, sdrt-health/mac:02010b41cdec/antenna/tag/e2806894000050038662154f, 88
1652702671.696151, sdrt-health/mac:02010b41cdec/antenna/tag/e2806894000050038661fd4f, 88
1652702671.696642, sdrt-health/mac:02010b41cdec/antenna/tag/e2806894000050038662154f, 85
1652702671.721468, sdrt-health/mac:02010b41cdec/antenna/tag/e28068940000400386621d4f, 77
1652702671.778207, sdrt-health/mac:02010b41cdec/antenna/tag/e2806894000050038662194f, 88
1652702671.778556, sdrt-health/mac:02010b41cdec/antenna/tag/e2806894000050038662154f, 85
1652702671.802516, sdrt-health/mac:02010b41cdec/antenna/tag/e28068940000400386621d4f, 96
1652702671.849772, sdrt-health/mac:02010b41cdec/antenna/tag/e2806894000040038662114f, 93
1652702671.895623, sdrt-health/mac:02010b41cdec/antenna/tag/e2806894000050038662154f, 93
1652702671.932145, sdrt-health/mac:02010b41cdec/antenna/tag/e28068940000400386621d4f, 96
1652702671.992054, sdrt-health/mac:02010b41cdec/antenna/tag/e28068940000400386621d4f, 96
1652702671.99226, sdrt-health/mac:02010b41cdec/antenna/tag/e2806894000050038661fd4f, 91
1652702672.021478, sdrt-health/mac:02010b41cdec/antenna/tag/e2806894000050038662154f, 85
1652702672.080862, sdrt-health/mac:02010b41cdec/antenna/tag/e2806894000040038662114f, 85
1652702672.138333, sdrt-health/mac:02010b41cdec/antenna/tag/e2806894000050038662154f, 88
1652702672.138712, sdrt-health/mac:02010b41cdec/antenna/tag/e28068940000400386621d4f, 96
1652702672.171425, sdrt-health/mac:02010b41cdec/antenna/tag/e28068940000500386620d4f, 83
1652702672.251763, sdrt-health/mac:02010b41cdec/antenna/tag/e2806894000040038662114f, 88
1652702672.252255, sdrt-health/mac:02010b41cdec/antenna/tag/e2806894000050038661fd4f, 97
1652702672.267742, sdrt-health/mac:02010b41cdec/antenna/tag/e28068940000400386621d4f, 90
1652702672.300088, sdrt-health/mac:02010b41cdec/antenna/tag/e2806894000040038662114f, 88
1652702672.3006, sdrt-health/mac:02010b41cdec/antenna/tag/e2806894000050038662154f, 85
1652702672.300965, sdrt-health/mac:02010b41cdec/antenna/tag/e28068940000400386621d4f, 96
1652702672.329616, sdrt-health/mac:02010b41cdec/antenna/tag/e28068940000400386621d4f, 96
1652702672.36178, sdrt-health/mac:02010b41cdec/antenna/tag/e2806894000050038662154f, 85
1652702672.362181, sdrt-health/mac:02010b41cdec/antenna/tag/e28068940000500386620d4f, 83
1652702672.3775, sdrt-health/mac:02010b41cdec/antenna/tag/e2806894000050038661fd4f, 83
1652702672.377747, sdrt-health/mac:02010b41cdec/antenna/tag/e28068940000500386620d4f, 83
1652702672.377897, sdrt-health/mac:02010b41cdec/antenna/tag/e28068940000400386621d4f, 96
1652702672.378009, sdrt-health/mac:02010b41cdec/antenna/tag/e28068940000400386621d4f, 96
1652702672.442815, sdrt-health/mac:02010b41cdec/antenna/tag/e28068940000400386621d4f, 77
1652702672.484405, sdrt-health/mac:02010b41cdec/antenna/tag/e2806894000050038662154f, 85
1652702672.568629, sdrt-health/mac:02010b41cdec/antenna/tag/e28068940000500386620d4f, 83
1652702672.56913, sdrt-health/mac:02010b41cdec/antenna/tag/e2806894000050038661fd4f, 91
1652702672.590919, sdrt-health/mac:02010b41cdec/antenna/tag/e28068940000500386620d4f, 90
1652702672.622975, sdrt-health/mac:02010b41cdec/antenna/tag/e2806894000040038662114f, 93
1652702672.623198, sdrt-health/mac:02010b41cdec/antenna/tag/e28068940000500386620d4f, 83
1652702672.648458, sdrt-health/mac:02010b41cdec/antenna/tag/e2806894000040038662114f, 93
1652702672.704153, sdrt-health/mac:02010b41cdec/antenna/tag/e2806894000050038661fd4f, 97
1652702672.753677, sdrt-health/mac:02010b41cdec/antenna/tag/e2806894000040038662114f, 93
1652702672.787203, sdrt-health/mac:02010b41cdec/antenna/tag/e28068940000400386621d4f, 96
1652702672.787428, sdrt-health/mac:02010b41cdec/antenna/tag/e2806894000040038662114f, 93
1652702672.810757, sdrt-health/mac:02010b41cdec/antenna/tag/e2806894000050038662154f, 93
1652702672.855647, sdrt-health/mac:02010b41cdec/antenna/tag/e2806894000050038662154f, 85
1652702672.892892, sdrt-health/mac:02010b41cdec/antenna/tag/e2806894000040038662114f, 85
1652702672.935089, sdrt-health/mac:02010b41cdec/antenna/tag/e28068940000500386620d4f, 83
1652702672.971741, sdrt-health/mac:02010b41cdec/antenna/tag/e2806894000050038661fd4f, 91
1652702673.016456, sdrt-health/mac:02010b41cdec/antenna/tag/e2806894000040038662114f, 87
1652702673.047639, sdrt-health/mac:02010b41cdec/antenna/tag/e2806894000040038662114f, 93
1652702673.047841, sdrt-health/mac:02010b41cdec/antenna/tag/e2806894000050038661fd4f, 91
1652702673.064117, sdrt-health/mac:02010b41cdec/antenna/tag/e28068940000500386620d4f, 83
1652702673.112205, sdrt-health/mac:02010b41cdec/antenna/tag/e2806894000040038662114f, 85
1652702673.337348, sdrt-health/mac:02010b41cdec/antenna/tag/scan, scan stopped
