1652702775.747088, sdrt-health/mac:02010b41cdec/antenna/power/set, {"power": 280}
1652702776.823513, sdrt-health/mac:02010b41cdec/antenna/power/set, 
1652702780.770716, sdrt-health/mac:02010b41cdec/antenna/tag/scan, {"time": 20000}
1652702781.141532, sdrt-health/mac:02010b41cdec/antenna/tag/e2806894000040038662114f, 93
1652702781.200642, sdrt-health/mac:02010b41cdec/antenna/tag/e28068940000400386621d4f, 77
1652702781.258792, sdrt-health/mac:02010b41cdec/antenna/tag/e28068940000400386621d4f, 77
1652702781.259313, sdrt-health/mac:02010b41cdec/antenna/tag/e2806894000050038662154f, 93
1652702781.275627, sdrt-health/mac:02010b41cdec/antenna/tag/e28068940000400386621d4f, 77
1652702781.281214, sdrt-health/mac:02010b41cdec/antenna/tag/e2806894000050038662154f, 93
1652702781.290911, sdrt-health/mac:02010b41cdec/antenna/tag/e2806894000050038661fd4f, 88
1652702781.321283, sdrt-health/mac:02010b41cdec/antenna/tag/e28068940000400386621d4f, 96
1652702781.379538, sdrt-health/mac:02010b41cdec/antenna/tag/e2806894000040038662114f, 93
1652702781.380027, sdrt-health/mac:02010b41cdec/antenna/tag/e2806894000050038662154f, 87
1652702781.380344, sdrt-health/mac:02010b41cdec/antenna/tag/e2806894000050038661fd4f, 91
1652702781.417469, sdrt-health/mac:02010b41cdec/antenna/tag/e28068940000500386620d4f, 83
1652702781.464007, sdrt-health/mac:02010b41cdec/antenna/tag/e28068940000400386621d4f, 77
1652702781.496034, sdrt-health/mac:02010b41cdec/antenna/tag/e2806894000050038661fd4f, 91
1652702781.496287, sdrt-health/mac:02010b41cdec/antenna/tag/e28068940000400386621d4f, 77
1652702781.51144, sdrt-health/mac:02010b41cdec/antenna/tag/e28068940000400386621d4f, 96
1652702781.551068, sdrt-health/mac:02010b41cdec/antenna/tag/e2806894000050038662154f, 85
1652702781.587158, sdrt-health/mac:02010b41cdec/antenna/tag/e28068940000400386621d4f, 90
1652702781.587432, sdrt-health/mac:02010b41cdec/antenna/tag/e28068940000500386620d4f, 83
1652702781.609602, sdrt-health/mac:02010b41cdec/antenna/tag/e2806894000040038662114f, 88
1652702781.65593, sdrt-health/mac:02010b41cdec/antenna/tag/e28068940000400386621d4f, 77
1652702781.701653, sdrt-health/mac:02010b41cdec/antenna/tag/e28068940000500386620d4f, 83
1652702781.768332, sdrt-health/mac:02010b41cdec/antenna/tag/e2806894000040038662114f, 93
1652702781.768834, sdrt-health/mac:02010b41cdec/antenna/tag/e2806894000040038662114f, 93
1652702781.791824, sdrt-health/mac:02010b41cdec/antenna/tag/e2806894000040038662054f, 88
1652702781.823081, sdrt-health/mac:02010b41cdec/antenna/tag/e2806894000040038662114f, 85
1652702781.823372, sdrt-health/mac:02010b41cdec/antenna/tag/e2806894000040038662114f, 85
1652702781.841442, sdrt-health/mac:02010b41cdec/antenna/tag/e28068940000400386621d4f, 96
1652702781.872856, sdrt-health/mac:02010b41cdec/antenna/tag/e28068940000500386620d4f, 83
1652702781.873104, sdrt-health/mac:02010b41cdec/antenna/tag/e28068940000400386621d4f, 96
1652702781.932688, sdrt-health/mac:02010b41cdec/antenna/tag/e2806894000040038662114f, 85
1652702781.980383, sdrt-health/mac:02010b41cdec/antenna/tag/e28068940000500386620d4f, 83
1652702782.022839, sdrt-health/mac:02010b41cdec/antenna/tag/e28068940000400386621d4f, 96
1652702782.087472, sdrt-health/mac:02010b41cdec/antenna/tag/e28068940000400386621d4f, 77
1652702782.087944, sdrt-health/mac:02010b41cdec/antenna/tag/e28068940000500386620d4f, 83
1652702782.103101, sdrt-health/mac:02010b41cdec/antenna/tag/e2806894000050038662154f, 93
1652702782.120099, sdrt-health/mac:02010b41cdec/antenna/tag/e2806894000050038662194f, 88
1652702782.1724, sdrt-health/mac:02010b41cdec/antenna/tag/e28068940000400386621d4f, 96
1652702782.172861, sdrt-health/mac:02010b41cdec/antenna/tag/e2806894000050038662154f, 85
1652702782.215457, sdrt-health/mac:02010b41cdec/antenna/tag/e2806894000040038662114f, 85
1652702782.286781, sdrt-health/mac:02010b41cdec/antenna/tag/e2806894000050038662154f, 85
1652702782.287305, sdrt-health/mac:02010b41cdec/antenna/tag/e28068940000500386620d4f, 80
1652702782.302208, sdrt-health/mac:02010b41cdec/antenna/tag/e28068940000500386620d4f, 83
1652702782.321263, sdrt-health/mac:02010b41cdec/antenna/tag/e2806894000040038662114f, 91
1652702782.407061, sdrt-health/mac:02010b41cdec/antenna/tag/e2806894000050038661fd4f, 97
1652702782.407519, sdrt-health/mac:02010b41cdec/antenna/tag/e2806894000050038662154f, 85
1652702782.431832, sdrt-health/mac:02010b41cdec/antenna/tag/e28068940000400386621d4f, 96
1652702782.496436, sdrt-health/mac:02010b41cdec/antenna/tag/e28068940000500386620d4f, 83
1652702782.497033, sdrt-health/mac:02010b41cdec/antenna/tag/e28068940000400386621d4f, 96
1652702782.562224, sdrt-health/mac:02010b41cdec/antenna/tag/e28068940000400386621d4f, 96
1652702782.600714, sdrt-health/mac:02010b41cdec/antenna/tag/e28068940000500386620d4f, 83
1652702782.64144, sdrt-health/mac:02010b41cdec/antenna/tag/e2806894000050038661fd4f, 91
1652702782.681607, sdrt-health/mac:02010b41cdec/antenna/tag/e2806894000040038662114f, 85
1652702782.721841, sdrt-health/mac:02010b41cdec/antenna/tag/e2806894000050038661fd4f, 91
1652702782.753653, sdrt-health/mac:02010b41cdec/antenna/tag/e2806894000040038662114f, 93
1652702782.753934, sdrt-health/mac:02010b41cdec/antenna/tag/e28068940000400386621d4f, 77
1652702782.769824, sdrt-health/mac:02010b41cdec/antenna/tag/e2806894000040038662114f, 85
1652702782.831967, sdrt-health/mac:02010b41cdec/antenna/tag/e2806894000040038662114f, 87
1652702782.882185, sdrt-health/mac:02010b41cdec/antenna/tag/e28068940000400386621d4f, 96
1652702782.922787, sdrt-health/mac:02010b41cdec/antenna/tag/e28068940000400386621d4f, 96
1652702782.977169, sdrt-health/mac:02010b41cdec/antenna/tag/e28068940000500386620d4f, 83
1652702782.977635, sdrt-health/mac:02010b41cdec/antenna/tag/e28068940000400386621d4f, 96
1652702782.99295, sdrt-health/mac:02010b41cdec/antenna/tag/e28068940000500386620d4f, 83
1652702783.001587, sdrt-health/mac:02010b41cdec/antenna/tag/e2806894000040038662114f, 93
1652702783.041914, sdrt-health/mac:02010b41cdec/antenna/tag/e28068940000400386621d4f, 96
1652702783.081648, sdrt-health/mac:02010b41cdec/antenna/tag/e28068940000400386621d4f, 96
1652702783.150823, sdrt-health/mac:02010b41cdec/antenna/tag/e28068940000500386620d4f, 83
1652702783.151347, sdrt-health/mac:02010b41cdec/antenna/tag/e2806894000040038662114f, 85
1652702783.151685, sdrt-health/mac:02010b41cdec/antenna/tag/e2806894000040038662114f, 85
1652702783.167197, sdrt-health/mac:02010b41cdec/antenna/tag/e2806894000050038662154f, 88
1652702783.190938, sdrt-health/mac:02010b41cdec/antenna/tag/e2806894000050038661fd4f, 97
1652702783.231127, sdrt-health/mac:02010b41cdec/antenna/tag/e2806894000040038662114f, 85
1652702783.281222, sdrt-health/mac:02010b41cdec/antenna/tag/e2806894000050038661fd4f, 97
1652702783.338651, sdrt-health/mac:02010b41cdec/antenna/tag/e2806894000050038661fd4f, 97
1652702783.339159, sdrt-health/mac:02010b41cdec/antenna/tag/e2806894000050038661fd4f, 91
1652702783.363409, sdrt-health/mac:02010b41cdec/antenna/tag/e28068940000400386621d4f, 96
1652702783.418919, sdrt-health/mac:02010b41cdec/antenna/tag/e2806894000040038662114f, 88
1652702783.419291, sdrt-health/mac:02010b41cdec/antenna/tag/e28068940000500386620d4f, 83
1652702783.435496, sdrt-health/mac:02010b41cdec/antenna/tag/e2806894000050038662154f, 85
1652702783.441286, sdrt-health/mac:02010b41cdec/antenna/tag/e2806894000050038661fd4f, 88
1652702783.481314, sdrt-health/mac:02010b41cdec/antenna/tag/e2806894000050038662154f, 85
1652702783.54089, sdrt-health/mac:02010b41cdec/antenna/tag/e2806894000040038662114f, 87
1652702783.541345, sdrt-health/mac:02010b41cdec/antenna/tag/e2806894000050038661fd4f, 91
1652702783.557697, sdrt-health/mac:02010b41cdec/antenna/tag/e28068940000500386620d4f, 83
1652702783.591855, sdrt-health/mac:02010b41cdec/antenna/tag/e28068940000500386620d4f, 83
1652702783.592107, sdrt-health/mac:02010b41cdec/antenna/tag/e28068940000500386620d4f, 83
1652702783.62131, sdrt-health/mac:02010b41cdec/antenna/tag/e2806894000050038662154f, 85
1652702783.652958, sdrt-health/mac:02010b41cdec/antenna/tag/e28068940000500386620d4f, 83
1652702783.653622, sdrt-health/mac:02010b41cdec/antenna/tag/e2806894000040038662114f, 85
1652702783.671334, sdrt-health/mac:02010b41cdec/antenna/tag/e28068940000400386621d4f, 96
1652702783.739307, sdrt-health/mac:02010b41cdec/antenna/tag/e28068940000500386620d4f, 83
1652702783.739818, sdrt-health/mac:02010b41cdec/antenna/tag/e28068940000400386621d4f, 96
1652702783.755123, sdrt-health/mac:02010b41cdec/antenna/tag/e28068940000500386620d4f, 80
1652702783.760871, sdrt-health/mac:02010b41cdec/antenna/tag/e2806894000050038661fd4f, 97
1652702783.771446, sdrt-health/mac:02010b41cdec/antenna/tag/e28068940000500386620d4f, 80
1652702783.802332, sdrt-health/mac:02010b41cdec/antenna/tag/e28068940000400386621d4f, 96
1652702783.85858, sdrt-health/mac:02010b41cdec/antenna/tag/e28068940000500386620d4f, 80
1652702783.859031, sdrt-health/mac:02010b41cdec/antenna/tag/e28068940000500386620d4f, 80
1652702783.874907, sdrt-health/mac:02010b41cdec/antenna/tag/e28068940000500386620d4f, 83
1652702783.881986, sdrt-health/mac:02010b41cdec/antenna/tag/e2806894000050038661fd4f, 97
1652702783.921596, sdrt-health/mac:02010b41cdec/antenna/tag/e28068940000500386620d4f, 83
1652702783.961546, sdrt-health/mac:02010b41cdec/antenna/tag/e28068940000500386620d4f, 80
1652702784.005816, sdrt-health/mac:02010b41cdec/antenna/tag/e2806894000040038662114f, 93
1652702784.074486, sdrt-health/mac:02010b41cdec/antenna/tag/e2806894000050038662154f, 93
1652702784.074941, sdrt-health/mac:02010b41cdec/antenna/tag/e28068940000400386621d4f, 96
1652702784.091549, sdrt-health/mac:02010b41cdec/antenna/tag/e2806894000050038661fd4f, 88
1652702784.110508, sdrt-health/mac:02010b41cdec/antenna/tag/e2806894000050038661fd4f, 83
1652702784.161446, sdrt-health/mac:02010b41cdec/antenna/tag/e28068940000500386620d4f, 83
1652702784.194256, sdrt-health/mac:02010b41cdec/antenna/tag/e28068940000500386620d4f, 80
1652702784.194563, sdrt-health/mac:02010b41cdec/antenna/tag/e2806894000040038662114f, 93
1652702784.251481, sdrt-health/mac:02010b41cdec/antenna/tag/e2806894000050038661fd4f, 83
1652702784.29622, sdrt-health/mac:02010b41cdec/antenna/tag/e2806894000040038662114f, 87
1652702784.345374, sdrt-health/mac:02010b41cdec/antenna/tag/e2806894000050038662154f, 88
1652702784.399642, sdrt-health/mac:02010b41cdec/antenna/tag/e2806894000050038661fd4f, 83
1652702784.400268, sdrt-health/mac:02010b41cdec/antenna/tag/e2806894000050038661fd4f, 91
1652702784.431129, sdrt-health/mac:02010b41cdec/antenna/tag/e2806894000050038662154f, 85
1652702784.482153, sdrt-health/mac:02010b41cdec/antenna/tag/e28068940000400386621d4f, 96
1652702784.524827, sdrt-health/mac:02010b41cdec/antenna/tag/e2806894000050038661fd4f, 91
1652702784.555305, sdrt-health/mac:02010b41cdec/antenna/tag/e28068940000500386620d4f, 83
1652702784.555591, sdrt-health/mac:02010b41cdec/antenna/tag/e2806894000040038662214f, 81
1652702784.571076, sdrt-health/mac:02010b41cdec/antenna/tag/e2806894000050038662154f, 87
1652702784.631641, sdrt-health/mac:02010b41cdec/antenna/tag/e28068940000400386621d4f, 96
1652702784.67177, sdrt-health/mac:02010b41cdec/antenna/tag/e28068940000500386620d4f, 83
1652702784.736523, sdrt-health/mac:02010b41cdec/antenna/tag/e2806894000050038661fd4f, 91
1652702784.737087, sdrt-health/mac:02010b41cdec/antenna/tag/e2806894000050038662154f, 85
1652702784.775413, sdrt-health/mac:02010b41cdec/antenna/tag/e2806894000040038662114f, 91
1652702784.840872, sdrt-health/mac:02010b41cdec/antenna/tag/e2806894000050038662154f, 85
1652702784.841354, sdrt-health/mac:02010b41cdec/antenna/tag/e28068940000500386620d4f, 83
1652702784.862955, sdrt-health/mac:02010b41cdec/antenna/tag/e2806894000050038662154f, 85
1652702784.872971, sdrt-health/mac:02010b41cdec/antenna/tag/e28068940000400386621d4f, 96
1652702784.911491, sdrt-health/mac:02010b41cdec/antenna/tag/e28068940000400386621d4f, 96
1652702784.978018, sdrt-health/mac:02010b41cdec/antenna/tag/e2806894000040038662114f, 85
1652702784.978545, sdrt-health/mac:02010b41cdec/antenna/tag/e2806894000040038662114f, 85
1652702784.994308, sdrt-health/mac:02010b41cdec/antenna/tag/e2806894000050038661fd4f, 97
1652702785.015717, sdrt-health/mac:02010b41cdec/antenna/tag/e2806894000050038661fd4f, 88
1652702785.061502, sdrt-health/mac:02010b41cdec/antenna/tag/e2806894000040038662114f, 93
1652702785.094505, sdrt-health/mac:02010b41cdec/antenna/tag/e28068940000500386620d4f, 83
1652702785.094802, sdrt-health/mac:02010b41cdec/antenna/tag/e2806894000050038662154f, 87
1652702785.131246, sdrt-health/mac:02010b41cdec/antenna/tag/e28068940000400386621d4f, 96
1652702785.202495, sdrt-health/mac:02010b41cdec/antenna/tag/e28068940000400386621d4f, 96
1652702785.255248, sdrt-health/mac:02010b41cdec/antenna/tag/e2806894000040038662114f, 87
1652702785.302105, sdrt-health/mac:02010b41cdec/antenna/tag/e2806894000050038662154f, 88
1652702785.333709, sdrt-health/mac:02010b41cdec/antenna/tag/e2806894000050038661fd4f, 97
1652702785.334219, sdrt-health/mac:02010b41cdec/antenna/tag/e2806894000040038662114f, 83
1652702785.351278, sdrt-health/mac:02010b41cdec/antenna/tag/e2806894000050038661fd4f, 97
1652702785.409876, sdrt-health/mac:02010b41cdec/antenna/tag/e2806894000050038662154f, 85
1652702785.410343, sdrt-health/mac:02010b41cdec/antenna/tag/e28068940000400386621d4f, 96
1652702785.442685, sdrt-health/mac:02010b41cdec/antenna/tag/e28068940000400386621d4f, 77
1652702785.498778, sdrt-health/mac:02010b41cdec/antenna/tag/e28068940000400386621d4f, 77
1652702785.49924, sdrt-health/mac:02010b41cdec/antenna/tag/e2806894000040038662114f, 87
1652702785.514832, sdrt-health/mac:02010b41cdec/antenna/tag/e2806894000050038662154f, 93
1652702785.521403, sdrt-health/mac:02010b41cdec/antenna/tag/e2806894000050038662154f, 85
1652702785.561378, sdrt-health/mac:02010b41cdec/antenna/tag/e28068940000400386621d4f, 96
1652702785.617044, sdrt-health/mac:02010b41cdec/antenna/tag/e28068940000500386620d4f, 80
1652702785.617597, sdrt-health/mac:02010b41cdec/antenna/tag/e28068940000400386621d4f, 96
1652702785.633129, sdrt-health/mac:02010b41cdec/antenna/tag/e2806894000040038662114f, 87
1652702785.641623, sdrt-health/mac:02010b41cdec/antenna/tag/e2806894000040038662114f, 93
1652702785.681462, sdrt-health/mac:02010b41cdec/antenna/tag/e2806894000040038662114f, 93
1652702785.739983, sdrt-health/mac:02010b41cdec/antenna/tag/e28068940000400386621d4f, 96
1652702785.740474, sdrt-health/mac:02010b41cdec/antenna/tag/e2806894000050038661fd4f, 97
1652702785.756518, sdrt-health/mac:02010b41cdec/antenna/tag/e2806894000050038661fd4f, 97
1652702785.781824, sdrt-health/mac:02010b41cdec/antenna/tag/e2806894000050038661fd4f, 97
1652702785.822536, sdrt-health/mac:02010b41cdec/antenna/tag/e28068940000500386620d4f, 83
1652702785.888453, sdrt-health/mac:02010b41cdec/antenna/tag/e2806894000050038661fd4f, 97
1652702785.888962, sdrt-health/mac:02010b41cdec/antenna/tag/e28068940000500386620d4f, 83
1652702785.921543, sdrt-health/mac:02010b41cdec/antenna/tag/e28068940000500386620d4f, 83
1652702785.961654, sdrt-health/mac:02010b41cdec/antenna/tag/e2806894000040038662114f, 85
1652702786.017579, sdrt-health/mac:02010b41cdec/antenna/tag/e28068940000500386620d4f, 83
1652702786.018156, sdrt-health/mac:02010b41cdec/antenna/tag/e2806894000050038662154f, 93
1652702786.033686, sdrt-health/mac:02010b41cdec/antenna/tag/e2806894000050038661fd4f, 91
1652702786.04158, sdrt-health/mac:02010b41cdec/antenna/tag/e2806894000050038661fd4f, 97
1652702786.090729, sdrt-health/mac:02010b41cdec/antenna/tag/e2806894000050038662154f, 85
1652702786.15375, sdrt-health/mac:02010b41cdec/antenna/tag/e2806894000050038662154f, 85
1652702786.154097, sdrt-health/mac:02010b41cdec/antenna/tag/e28068940000400386621d4f, 96
1652702786.216071, sdrt-health/mac:02010b41cdec/antenna/tag/e2806894000040038662114f, 85
1652702786.261215, sdrt-health/mac:02010b41cdec/antenna/tag/e28068940000400386621d4f, 90
1652702786.32936, sdrt-health/mac:02010b41cdec/antenna/tag/e2806894000040038662114f, 85
1652702786.329818, sdrt-health/mac:02010b41cdec/antenna/tag/e2806894000040038662114f, 93
1652702786.358015, sdrt-health/mac:02010b41cdec/antenna/tag/e28068940000500386620d4f, 83
1652702786.41677, sdrt-health/mac:02010b41cdec/antenna/tag/e2806894000050038661fd4f, 88
1652702786.417432, sdrt-health/mac:02010b41cdec/antenna/tag/e2806894000050038662154f, 93
1652702786.470818, sdrt-health/mac:02010b41cdec/antenna/tag/e28068940000400386621d4f, 77
1652702786.512466, sdrt-health/mac:02010b41cdec/antenna/tag/e2806894000040038662114f, 93
1652702786.544168, sdrt-health/mac:02010b41cdec/antenna/tag/e2806894000050038662154f, 93
1652702786.544489, sdrt-health/mac:02010b41cdec/antenna/tag/e28068940000400386621d4f, 77
1652702786.544723, sdrt-health/mac:02010b41cdec/antenna/tag/e2806894000050038661fd4f, 91
1652702786.561237, sdrt-health/mac:02010b41cdec/antenna/tag/e2806894000050038662154f, 85
1652702786.602631, sdrt-health/mac:02010b41cdec/antenna/tag/e28068940000500386620d4f, 80
1652702786.635682, sdrt-health/mac:02010b41cdec/antenna/tag/e2806894000050038661fd4f, 91
1652702786.635974, sdrt-health/mac:02010b41cdec/antenna/tag/e2806894000050038662154f, 85
1652702786.652967, sdrt-health/mac:02010b41cdec/antenna/tag/e28068940000400386621d4f, 96
1652702786.725565, sdrt-health/mac:02010b41cdec/antenna/tag/e2806894000050038661fd4f, 91
1652702786.777546, sdrt-health/mac:02010b41cdec/antenna/tag/e28068940000400386621d4f, 96
1652702786.7781, sdrt-health/mac:02010b41cdec/antenna/tag/e28068940000400386621d4f, 96
1652702786.794621, sdrt-health/mac:02010b41cdec/antenna/tag/e2806894000050038661fd4f, 97
1652702786.821707, sdrt-health/mac:02010b41cdec/antenna/tag/e28068940000500386620d4f, 83
1652702786.873541, sdrt-health/mac:02010b41cdec/antenna/tag/e2806894000050038662154f, 93
1652702786.924347, sdrt-health/mac:02010b41cdec/antenna/tag/e2806894000050038662154f, 85
1652702786.95822, sdrt-health/mac:02010b41cdec/antenna/tag/e2806894000040038662114f, 88
1652702786.958603, sdrt-health/mac:02010b41cdec/antenna/tag/e2806894000050038661fd4f, 97
1652702786.958898, sdrt-health/mac:02010b41cdec/antenna/tag/e2806894000050038662154f, 85
1652702786.97337, sdrt-health/mac:02010b41cdec/antenna/tag/e2806894000050038662154f, 87
1652702787.001242, sdrt-health/mac:02010b41cdec/antenna/tag/e2806894000050038662154f, 93
1652702787.041949, sdrt-health/mac:02010b41cdec/antenna/tag/e2806894000050038661fd4f, 88
1652702787.09862, sdrt-health/mac:02010b41cdec/antenna/tag/e2806894000050038661fd4f, 91
1652702787.098946, sdrt-health/mac:02010b41cdec/antenna/tag/e28068940000400386621d4f, 77
1652702787.129377, sdrt-health/mac:02010b41cdec/antenna/tag/e28068940000400386621d4f, 96
1652702787.183457, sdrt-health/mac:02010b41cdec/antenna/tag/e28068940000400386621d4f, 96
1652702787.238073, sdrt-health/mac:02010b41cdec/antenna/tag/e28068940000400386621d4f, 96
1652702787.238566, sdrt-health/mac:02010b41cdec/antenna/tag/e2806894000050038661fd4f, 91
1652702787.263066, sdrt-health/mac:02010b41cdec/antenna/tag/e28068940000400386621d4f, 96
1652702787.301955, sdrt-health/mac:02010b41cdec/antenna/tag/e2806894000050038662154f, 85
1652702787.36915, sdrt-health/mac:02010b41cdec/antenna/tag/e2806894000050038661fd4f, 91
1652702787.369701, sdrt-health/mac:02010b41cdec/antenna/tag/e28068940000400386621d4f, 96
1652702787.391614, sdrt-health/mac:02010b41cdec/antenna/tag/e2806894000050038661fd4f, 91
1652702787.449717, sdrt-health/mac:02010b41cdec/antenna/tag/e28068940000400386621d4f, 96
1652702787.511209, sdrt-health/mac:02010b41cdec/antenna/tag/e28068940000500386620d4f, 83
1652702787.51169, sdrt-health/mac:02010b41cdec/antenna/tag/e28068940000500386620d4f, 80
1652702787.527071, sdrt-health/mac:02010b41cdec/antenna/tag/e28068940000500386620d4f, 83
1652702787.549269, sdrt-health/mac:02010b41cdec/antenna/tag/e2806894000050038662154f, 87
1652702787.602082, sdrt-health/mac:02010b41cdec/antenna/tag/e28068940000400386621d4f, 96
1652702787.668342, sdrt-health/mac:02010b41cdec/antenna/tag/e2806894000050038661fd4f, 88
1652702787.712038, sdrt-health/mac:02010b41cdec/antenna/tag/e2806894000050038661fd4f, 91
1652702787.76095, sdrt-health/mac:02010b41cdec/antenna/tag/e2806894000050038662154f, 87
1652702787.801706, sdrt-health/mac:02010b41cdec/antenna/tag/e28068940000400386621d4f, 96
1652702787.84543, sdrt-health/mac:02010b41cdec/antenna/tag/e28068940000400386621d4f, 77
1652702788.000658, sdrt-health/mac:02010b41cdec/antenna/tag/e28068940000400386621d4f, 96
1652702788.062024, sdrt-health/mac:02010b41cdec/antenna/tag/e28068940000500386620d4f, 83
1652702788.109979, sdrt-health/mac:02010b41cdec/antenna/tag/e28068940000400386621d4f, 96
1652702788.142784, sdrt-health/mac:02010b41cdec/antenna/tag/e28068940000500386620d4f, 80
1652702788.143092, sdrt-health/mac:02010b41cdec/antenna/tag/e2806894000050038662154f, 85
1652702788.143317, sdrt-health/mac:02010b41cdec/antenna/tag/e28068940000400386621d4f, 96
1652702788.161823, sdrt-health/mac:02010b41cdec/antenna/tag/e28068940000400386621d4f, 77
1652702788.234935, sdrt-health/mac:02010b41cdec/antenna/tag/e28068940000500386620d4f, 83
1652702788.235394, sdrt-health/mac:02010b41cdec/antenna/tag/e2806894000050038662154f, 87
1652702788.251143, sdrt-health/mac:02010b41cdec/antenna/tag/e28068940000500386620d4f, 83
1652702788.251461, sdrt-health/mac:02010b41cdec/antenna/tag/e2806894000050038661fd4f, 91
1652702788.270807, sdrt-health/mac:02010b41cdec/antenna/tag/e2806894000050038661fd4f, 97
1652702788.33062, sdrt-health/mac:02010b41cdec/antenna/tag/e28068940000500386620d4f, 83
1652702788.391138, sdrt-health/mac:02010b41cdec/antenna/tag/e2806894000050038662154f, 85
1652702788.391596, sdrt-health/mac:02010b41cdec/antenna/tag/e28068940000500386620d4f, 83
1652702788.430836, sdrt-health/mac:02010b41cdec/antenna/tag/e28068940000500386620d4f, 83
1652702788.482583, sdrt-health/mac:02010b41cdec/antenna/tag/e28068940000400386621d4f, 96
1652702788.537333, sdrt-health/mac:02010b41cdec/antenna/tag/e28068940000500386620d4f, 83
1652702788.537727, sdrt-health/mac:02010b41cdec/antenna/tag/e2806894000050038661fd4f, 91
1652702788.571717, sdrt-health/mac:02010b41cdec/antenna/tag/e28068940000400386621d4f, 77
1652702788.633034, sdrt-health/mac:02010b41cdec/antenna/tag/e2806894000050038662154f, 93
1652702788.633605, sdrt-health/mac:02010b41cdec/antenna/tag/e2806894000050038661fd4f, 97
1652702788.649271, sdrt-health/mac:02010b41cdec/antenna/tag/e2806894000050038662154f, 93
1652702788.66096, sdrt-health/mac:02010b41cdec/antenna/tag/e2806894000040038662114f, 85
1652702788.710682, sdrt-health/mac:02010b41cdec/antenna/tag/e28068940000500386620d4f, 83
1652702788.752245, sdrt-health/mac:02010b41cdec/antenna/tag/e2806894000050038662154f, 85
1652702788.801638, sdrt-health/mac:02010b41cdec/antenna/tag/e2806894000040038662114f, 85
1652702788.841387, sdrt-health/mac:02010b41cdec/antenna/tag/e28068940000500386620d4f, 83
1652702788.899226, sdrt-health/mac:02010b41cdec/antenna/tag/e28068940000400386621d4f, 96
1652702788.899842, sdrt-health/mac:02010b41cdec/antenna/tag/e2806894000050038662154f, 85
1652702788.920886, sdrt-health/mac:02010b41cdec/antenna/tag/e28068940000400386621d4f, 96
1652702788.961233, sdrt-health/mac:02010b41cdec/antenna/tag/e2806894000050038662154f, 85
1652702789.002778, sdrt-health/mac:02010b41cdec/antenna/tag/e2806894000040038662114f, 88
1652702789.035753, sdrt-health/mac:02010b41cdec/antenna/tag/e28068940000400386621d4f, 96
1652702789.036112, sdrt-health/mac:02010b41cdec/antenna/tag/e2806894000050038661fd4f, 91
1652702789.052548, sdrt-health/mac:02010b41cdec/antenna/tag/e2806894000050038661fd4f, 88
1652702789.081119, sdrt-health/mac:02010b41cdec/antenna/tag/e2806894000050038662154f, 87
1652702789.115102, sdrt-health/mac:02010b41cdec/antenna/tag/e2806894000050038661fd4f, 91
1652702789.115403, sdrt-health/mac:02010b41cdec/antenna/tag/e28068940000500386620d4f, 83
1652702789.130971, sdrt-health/mac:02010b41cdec/antenna/tag/e2806894000040038662114f, 85
1652702789.131269, sdrt-health/mac:02010b41cdec/antenna/tag/e2806894000050038662154f, 87
1652702789.176029, sdrt-health/mac:02010b41cdec/antenna/tag/e2806894000050038661fd4f, 91
1652702789.220803, sdrt-health/mac:02010b41cdec/antenna/tag/e2806894000050038662154f, 93
1652702789.289313, sdrt-health/mac:02010b41cdec/antenna/tag/e2806894000040038662114f, 85
1652702789.289799, sdrt-health/mac:02010b41cdec/antenna/tag/e28068940000400386621d4f, 77
1652702789.310638, sdrt-health/mac:02010b41cdec/antenna/tag/e28068940000400386621d4f, 77
1652702789.377962, sdrt-health/mac:02010b41cdec/antenna/tag/e28068940000400386621d4f, 96
1652702789.378465, sdrt-health/mac:02010b41cdec/antenna/tag/e2806894000050038662154f, 93
1652702789.394049, sdrt-health/mac:02010b41cdec/antenna/tag/e2806894000050038662154f, 88
1652702789.40164, sdrt-health/mac:02010b41cdec/antenna/tag/e28068940000500386620d4f, 83
1652702789.410137, sdrt-health/mac:02010b41cdec/antenna/tag/e28068940000400386621d4f, 96
1652702789.441441, sdrt-health/mac:02010b41cdec/antenna/tag/e28068940000400386621d4f, 96
1652702789.484773, sdrt-health/mac:02010b41cdec/antenna/tag/e28068940000500386620d4f, 83
1652702789.521729, sdrt-health/mac:02010b41cdec/antenna/tag/e28068940000500386620d4f, 90
1652702789.57805, sdrt-health/mac:02010b41cdec/antenna/tag/e28068940000400386621d4f, 96
1652702789.578545, sdrt-health/mac:02010b41cdec/antenna/tag/e28068940000400386621d4f, 96
1652702789.596725, sdrt-health/mac:02010b41cdec/antenna/tag/e28068940000500386620d4f, 83
1652702789.600677, sdrt-health/mac:02010b41cdec/antenna/tag/e2806894000050038662154f, 85
1652702789.640998, sdrt-health/mac:02010b41cdec/antenna/tag/e2806894000050038662154f, 85
1652702789.706639, sdrt-health/mac:02010b41cdec/antenna/tag/e2806894000050038661fd4f, 97
1652702789.707468, sdrt-health/mac:02010b41cdec/antenna/tag/e2806894000050038661fd4f, 83
1652702789.735979, sdrt-health/mac:02010b41cdec/antenna/tag/e28068940000500386620d4f, 83
1652702789.781733, sdrt-health/mac:02010b41cdec/antenna/tag/e28068940000400386621d4f, 96
1652702789.813883, sdrt-health/mac:02010b41cdec/antenna/tag/e28068940000500386620d4f, 83
1652702789.814155, sdrt-health/mac:02010b41cdec/antenna/tag/e2806894000050038661fd4f, 97
1652702789.833299, sdrt-health/mac:02010b41cdec/antenna/tag/e2806894000050038661fd4f, 97
1652702789.871515, sdrt-health/mac:02010b41cdec/antenna/tag/e28068940000500386620d4f, 90
1652702789.922378, sdrt-health/mac:02010b41cdec/antenna/tag/e2806894000040038662114f, 88
1652702789.967495, sdrt-health/mac:02010b41cdec/antenna/tag/e28068940000400386621d4f, 96
1652702790.011069, sdrt-health/mac:02010b41cdec/antenna/tag/e2806894000050038661fd4f, 88
1652702790.055225, sdrt-health/mac:02010b41cdec/antenna/tag/e28068940000400386621d4f, 96
1652702790.087191, sdrt-health/mac:02010b41cdec/antenna/tag/e2806894000050038661fd4f, 88
1652702790.08754, sdrt-health/mac:02010b41cdec/antenna/tag/e2806894000040038662114f, 85
1652702790.101672, sdrt-health/mac:02010b41cdec/antenna/tag/e2806894000050038661fd4f, 97
1652702790.101933, sdrt-health/mac:02010b41cdec/antenna/tag/e28068940000400386621d4f, 77
1652702790.151428, sdrt-health/mac:02010b41cdec/antenna/tag/e28068940000400386621d4f, 77
1652702790.192047, sdrt-health/mac:02010b41cdec/antenna/tag/e2806894000040038662114f, 85
1652702790.241268, sdrt-health/mac:02010b41cdec/antenna/tag/e2806894000040038662114f, 93
1652702790.282637, sdrt-health/mac:02010b41cdec/antenna/tag/e28068940000500386620d4f, 83
1652702790.338856, sdrt-health/mac:02010b41cdec/antenna/tag/e2806894000050038661fd4f, 97
1652702790.339406, sdrt-health/mac:02010b41cdec/antenna/tag/e28068940000500386620d4f, 80
1652702790.363241, sdrt-health/mac:02010b41cdec/antenna/tag/e28068940000500386620d4f, 83
1652702790.396721, sdrt-health/mac:02010b41cdec/antenna/tag/e2806894000050038661fd4f, 97
1652702790.3972, sdrt-health/mac:02010b41cdec/antenna/tag/e28068940000400386621d4f, 96
1652702790.412953, sdrt-health/mac:02010b41cdec/antenna/tag/e28068940000400386621d4f, 96
1652702790.413164, sdrt-health/mac:02010b41cdec/antenna/tag/e2806894000040038662114f, 88
1652702790.44022, sdrt-health/mac:02010b41cdec/antenna/tag/e2806894000050038662154f, 88
1652702790.499583, sdrt-health/mac:02010b41cdec/antenna/tag/e28068940000400386621d4f, 96
1652702790.500155, sdrt-health/mac:02010b41cdec/antenna/tag/e28068940000400386621d4f, 77
1652702790.520781, sdrt-health/mac:02010b41cdec/antenna/tag/e2806894000040038662114f, 93
1652702790.577963, sdrt-health/mac:02010b41cdec/antenna/tag/e2806894000040038662114f, 93
1652702790.578484, sdrt-health/mac:02010b41cdec/antenna/tag/e2806894000050038662154f, 87
1652702790.594936, sdrt-health/mac:02010b41cdec/antenna/tag/e2806894000050038661fd4f, 91
1652702790.603333, sdrt-health/mac:02010b41cdec/antenna/tag/e2806894000050038661fd4f, 83
1652702790.641405, sdrt-health/mac:02010b41cdec/antenna/tag/e2806894000050038662154f, 85
1652702790.675051, sdrt-health/mac:02010b41cdec/antenna/tag/e28068940000500386620d4f, 83
1652702790.675357, sdrt-health/mac:02010b41cdec/antenna/tag/e2806894000050038662154f, 85
1652702790.675558, sdrt-health/mac:02010b41cdec/antenna/tag/e2806894000040038662114f, 85
1652702790.732148, sdrt-health/mac:02010b41cdec/antenna/tag/e28068940000500386620d4f, 83
1652702790.775274, sdrt-health/mac:02010b41cdec/antenna/tag/e2806894000050038661fd4f, 83
1652702790.80906, sdrt-health/mac:02010b41cdec/antenna/tag/e28068940000500386620d4f, 83
1652702790.809523, sdrt-health/mac:02010b41cdec/antenna/tag/e2806894000050038661fd4f, 83
1652702790.825369, sdrt-health/mac:02010b41cdec/antenna/tag/e2806894000050038662154f, 88
1652702790.825578, sdrt-health/mac:02010b41cdec/antenna/tag/e2806894000050038662154f, 85
1652702790.871661, sdrt-health/mac:02010b41cdec/antenna/tag/e28068940000500386620d4f, 80
1652702790.927488, sdrt-health/mac:02010b41cdec/antenna/tag/e2806894000050038662154f, 85
1652702790.92795, sdrt-health/mac:02010b41cdec/antenna/tag/e2806894000050038661fd4f, 91
1652702790.982382, sdrt-health/mac:02010b41cdec/antenna/tag/e2806894000040038662114f, 93
1652702791.042251, sdrt-health/mac:02010b41cdec/antenna/tag/e28068940000400386621d4f, 77
1652702791.081297, sdrt-health/mac:02010b41cdec/antenna/tag/e2806894000040038662214f, 94
1652702791.141012, sdrt-health/mac:02010b41cdec/antenna/tag/e28068940000400386621d4f, 96
1652702791.191468, sdrt-health/mac:02010b41cdec/antenna/tag/e2806894000050038661fd4f, 91
1652702791.273048, sdrt-health/mac:02010b41cdec/antenna/tag/e28068940000400386621d4f, 96
1652702791.27355, sdrt-health/mac:02010b41cdec/antenna/tag/e2806894000050038662154f, 85
1652702791.300917, sdrt-health/mac:02010b41cdec/antenna/tag/e2806894000050038662154f, 93
1652702791.332534, sdrt-health/mac:02010b41cdec/antenna/tag/e2806894000050038662154f, 85
1652702791.333021, sdrt-health/mac:02010b41cdec/antenna/tag/e2806894000040038662114f, 88
1652702791.351696, sdrt-health/mac:02010b41cdec/antenna/tag/e28068940000400386621d4f, 96
1652702791.408237, sdrt-health/mac:02010b41cdec/antenna/tag/e28068940000400386621d4f, 96
1652702791.408576, sdrt-health/mac:02010b41cdec/antenna/tag/e28068940000400386621d4f, 96
1652702791.441143, sdrt-health/mac:02010b41cdec/antenna/tag/e2806894000050038661fd4f, 83
1652702791.49739, sdrt-health/mac:02010b41cdec/antenna/tag/e28068940000400386621d4f, 96
1652702791.49788, sdrt-health/mac:02010b41cdec/antenna/tag/e2806894000040038662114f, 88
1652702791.513552, sdrt-health/mac:02010b41cdec/antenna/tag/e28068940000500386620d4f, 83
1652702791.545973, sdrt-health/mac:02010b41cdec/antenna/tag/e2806894000040038662114f, 85
1652702791.546219, sdrt-health/mac:02010b41cdec/antenna/tag/e2806894000040038662114f, 83
1652702791.546382, sdrt-health/mac:02010b41cdec/antenna/tag/e2806894000050038661fd4f, 91
1652702791.560981, sdrt-health/mac:02010b41cdec/antenna/tag/e28068940000500386620d4f, 80
1652702791.61855, sdrt-health/mac:02010b41cdec/antenna/tag/e2806894000050038662154f, 93
1652702791.619071, sdrt-health/mac:02010b41cdec/antenna/tag/e28068940000400386621d4f, 77
1652702791.634447, sdrt-health/mac:02010b41cdec/antenna/tag/e28068940000500386620d4f, 83
1652702791.641153, sdrt-health/mac:02010b41cdec/antenna/tag/e28068940000400386621d4f, 96
1652702791.683984, sdrt-health/mac:02010b41cdec/antenna/tag/e28068940000500386620d4f, 80
1652702791.721352, sdrt-health/mac:02010b41cdec/antenna/tag/e2806894000040038662114f, 93
1652702791.760887, sdrt-health/mac:02010b41cdec/antenna/tag/e28068940000500386620d4f, 80
1652702791.806505, sdrt-health/mac:02010b41cdec/antenna/tag/e28068940000500386620d4f, 80
1652702791.859041, sdrt-health/mac:02010b41cdec/antenna/tag/e28068940000500386620d4f, 80
1652702791.859526, sdrt-health/mac:02010b41cdec/antenna/tag/e2806894000050038662154f, 85
1652702791.875677, sdrt-health/mac:02010b41cdec/antenna/tag/e28068940000500386620d4f, 80
1652702791.908367, sdrt-health/mac:02010b41cdec/antenna/tag/e28068940000400386621d4f, 96
1652702791.909524, sdrt-health/mac:02010b41cdec/antenna/tag/e28068940000500386620d4f, 80
1652702791.90982, sdrt-health/mac:02010b41cdec/antenna/tag/e2806894000050038662154f, 85
1652702791.924579, sdrt-health/mac:02010b41cdec/antenna/tag/e28068940000400386621d4f, 77
1652702791.962315, sdrt-health/mac:02010b41cdec/antenna/tag/e28068940000500386620d4f, 83
1652702792.018666, sdrt-health/mac:02010b41cdec/antenna/tag/e2806894000050038661fd4f, 88
1652702792.019133, sdrt-health/mac:02010b41cdec/antenna/tag/e28068940000500386620d4f, 83
1652702792.041818, sdrt-health/mac:02010b41cdec/antenna/tag/e28068940000500386620d4f, 80
1652702792.08189, sdrt-health/mac:02010b41cdec/antenna/tag/e2806894000050038662154f, 85
1652702792.122642, sdrt-health/mac:02010b41cdec/antenna/tag/e2806894000050038662154f, 85
1652702792.122861, sdrt-health/mac:02010b41cdec/antenna/tag/e28068940000400386621d4f, 96
1652702792.122994, sdrt-health/mac:02010b41cdec/antenna/tag/e28068940000500386620d4f, 80
1652702792.171509, sdrt-health/mac:02010b41cdec/antenna/tag/e28068940000500386620d4f, 83
1652702792.21534, sdrt-health/mac:02010b41cdec/antenna/tag/e2806894000040038662114f, 85
1652702792.260988, sdrt-health/mac:02010b41cdec/antenna/tag/e28068940000500386620d4f, 83
1652702792.323099, sdrt-health/mac:02010b41cdec/antenna/tag/e28068940000500386620d4f, 83
1652702792.355242, sdrt-health/mac:02010b41cdec/antenna/tag/e28068940000400386621d4f, 96
1652702792.355667, sdrt-health/mac:02010b41cdec/antenna/tag/e2806894000050038662154f, 88
1652702792.370863, sdrt-health/mac:02010b41cdec/antenna/tag/e28068940000500386620d4f, 80
1652702792.371286, sdrt-health/mac:02010b41cdec/antenna/tag/e2806894000050038661fd4f, 83
1652702792.420821, sdrt-health/mac:02010b41cdec/antenna/tag/e2806894000050038661fd4f, 91
1652702792.471864, sdrt-health/mac:02010b41cdec/antenna/tag/e2806894000050038661fd4f, 88
1652702792.512173, sdrt-health/mac:02010b41cdec/antenna/tag/e2806894000050038661fd4f, 91
1652702792.544074, sdrt-health/mac:02010b41cdec/antenna/tag/e2806894000040038662114f, 85
1652702792.544328, sdrt-health/mac:02010b41cdec/antenna/tag/e2806894000050038662154f, 87
1652702792.544499, sdrt-health/mac:02010b41cdec/antenna/tag/e2806894000050038662154f, 93
1652702792.564723, sdrt-health/mac:02010b41cdec/antenna/tag/e2806894000050038662154f, 85
1652702792.622559, sdrt-health/mac:02010b41cdec/antenna/tag/e2806894000040038662114f, 93
1652702792.623024, sdrt-health/mac:02010b41cdec/antenna/tag/e28068940000500386620d4f, 83
1652702792.700955, sdrt-health/mac:02010b41cdec/antenna/tag/e2806894000050038662154f, 85
1652702792.740784, sdrt-health/mac:02010b41cdec/antenna/tag/e28068940000500386620d4f, 83
1652702792.792111, sdrt-health/mac:02010b41cdec/antenna/tag/e2806894000040038662114f, 85
1652702792.850291, sdrt-health/mac:02010b41cdec/antenna/tag/e2806894000050038661fd4f, 97
1652702792.850797, sdrt-health/mac:02010b41cdec/antenna/tag/e2806894000050038661fd4f, 88
1652702792.881955, sdrt-health/mac:02010b41cdec/antenna/tag/e2806894000040038662114f, 85
1652702792.950184, sdrt-health/mac:02010b41cdec/antenna/tag/e2806894000050038661fd4f, 88
1652702792.950704, sdrt-health/mac:02010b41cdec/antenna/tag/e2806894000050038661fd4f, 91
1652702792.988232, sdrt-health/mac:02010b41cdec/antenna/tag/e28068940000400386621d4f, 77
1652702793.057369, sdrt-health/mac:02010b41cdec/antenna/tag/e2806894000050038662154f, 87
1652702793.057844, sdrt-health/mac:02010b41cdec/antenna/tag/e2806894000040038662114f, 85
1652702793.074186, sdrt-health/mac:02010b41cdec/antenna/tag/e28068940000400386621d4f, 77
1652702793.100363, sdrt-health/mac:02010b41cdec/antenna/tag/e28068940000400386621d4f, 96
1652702793.164937, sdrt-health/mac:02010b41cdec/antenna/tag/e2806894000040038662114f, 85
1652702793.165165, sdrt-health/mac:02010b41cdec/antenna/tag/e28068940000500386620d4f, 80
1652702793.201084, sdrt-health/mac:02010b41cdec/antenna/tag/e28068940000500386620d4f, 80
1652702793.257665, sdrt-health/mac:02010b41cdec/antenna/tag/e2806894000050038662154f, 85
1652702793.291171, sdrt-health/mac:02010b41cdec/antenna/tag/e2806894000050038662154f, 85
1652702793.291543, sdrt-health/mac:02010b41cdec/antenna/tag/e28068940000500386620d4f, 83
1652702793.308114, sdrt-health/mac:02010b41cdec/antenna/tag/e2806894000050038661fd4f, 97
1652702793.308317, sdrt-health/mac:02010b41cdec/antenna/tag/e2806894000050038662154f, 85
1652702793.308443, sdrt-health/mac:02010b41cdec/antenna/tag/e28068940000400386621d4f, 96
1652702793.359778, sdrt-health/mac:02010b41cdec/antenna/tag/e2806894000050038662194f, 83
1652702793.416353, sdrt-health/mac:02010b41cdec/antenna/tag/e28068940000400386621d4f, 96
1652702793.416828, sdrt-health/mac:02010b41cdec/antenna/tag/e28068940000400386621d4f, 90
1652702793.431754, sdrt-health/mac:02010b41cdec/antenna/tag/e2806894000050038661fd4f, 91
1652702793.441632, sdrt-health/mac:02010b41cdec/antenna/tag/e2806894000050038661fd4f, 83
1652702793.447237, sdrt-health/mac:02010b41cdec/antenna/tag/e2806894000050038662154f, 85
1652702793.481423, sdrt-health/mac:02010b41cdec/antenna/tag/e2806894000050038661fd4f, 88
1652702793.529858, sdrt-health/mac:02010b41cdec/antenna/tag/e28068940000500386620d4f, 90
1652702793.591978, sdrt-health/mac:02010b41cdec/antenna/tag/e2806894000050038661fd4f, 97
1652702793.592416, sdrt-health/mac:02010b41cdec/antenna/tag/e28068940000500386620d4f, 83
1652702793.607122, sdrt-health/mac:02010b41cdec/antenna/tag/e28068940000400386621d4f, 77
1652702793.647533, sdrt-health/mac:02010b41cdec/antenna/tag/e28068940000500386620d4f, 83
1652702793.647934, sdrt-health/mac:02010b41cdec/antenna/tag/e2806894000050038662154f, 88
1652702793.68108, sdrt-health/mac:02010b41cdec/antenna/tag/e28068940000400386621d4f, 96
1652702793.713781, sdrt-health/mac:02010b41cdec/antenna/tag/e28068940000500386620d4f, 83
1652702793.71418, sdrt-health/mac:02010b41cdec/antenna/tag/e28068940000500386620d4f, 83
1652702793.728936, sdrt-health/mac:02010b41cdec/antenna/tag/e28068940000500386620d4f, 80
1652702793.771022, sdrt-health/mac:02010b41cdec/antenna/tag/e28068940000500386620d4f, 83
1652702793.81544, sdrt-health/mac:02010b41cdec/antenna/tag/e2806894000050038662154f, 85
1652702793.880529, sdrt-health/mac:02010b41cdec/antenna/tag/e2806894000040038662114f, 93
1652702793.88099, sdrt-health/mac:02010b41cdec/antenna/tag/e2806894000040038662114f, 85
1652702793.912121, sdrt-health/mac:02010b41cdec/antenna/tag/e2806894000040038662114f, 85
1652702793.969366, sdrt-health/mac:02010b41cdec/antenna/tag/e2806894000050038661fd4f, 91
1652702793.969828, sdrt-health/mac:02010b41cdec/antenna/tag/e2806894000050038661fd4f, 91
1652702793.9864, sdrt-health/mac:02010b41cdec/antenna/tag/e2806894000050038662154f, 93
1652702794.02042, sdrt-health/mac:02010b41cdec/antenna/tag/e2806894000050038661fd4f, 88
1652702794.071508, sdrt-health/mac:02010b41cdec/antenna/tag/e2806894000050038662154f, 88
1652702794.128475, sdrt-health/mac:02010b41cdec/antenna/tag/e28068940000400386621d4f, 96
1652702794.12896, sdrt-health/mac:02010b41cdec/antenna/tag/e28068940000400386621d4f, 77
1652702794.151419, sdrt-health/mac:02010b41cdec/antenna/tag/e28068940000500386620d4f, 90
1652702794.182909, sdrt-health/mac:02010b41cdec/antenna/tag/e2806894000050038661fd4f, 88
1652702794.183415, sdrt-health/mac:02010b41cdec/antenna/tag/e2806894000050038661fd4f, 91
1652702794.198992, sdrt-health/mac:02010b41cdec/antenna/tag/e2806894000050038662154f, 93
1652702794.241248, sdrt-health/mac:02010b41cdec/antenna/tag/e2806894000050038661fd4f, 91
1652702794.281984, sdrt-health/mac:02010b41cdec/antenna/tag/e2806894000050038662154f, 87
1652702794.337824, sdrt-health/mac:02010b41cdec/antenna/tag/e2806894000040038662114f, 85
1652702794.338287, sdrt-health/mac:02010b41cdec/antenna/tag/e2806894000050038662154f, 87
1652702794.354393, sdrt-health/mac:02010b41cdec/antenna/tag/e28068940000500386620d4f, 90
1652702794.375098, sdrt-health/mac:02010b41cdec/antenna/tag/e28068940000500386620d4f, 83
1652702794.421629, sdrt-health/mac:02010b41cdec/antenna/tag/e2806894000050038661fd4f, 91
1652702794.47505, sdrt-health/mac:02010b41cdec/antenna/tag/e28068940000400386621d4f, 77
1652702794.526926, sdrt-health/mac:02010b41cdec/antenna/tag/e2806894000040038662114f, 87
1652702794.528246, sdrt-health/mac:02010b41cdec/antenna/tag/e2806894000040038662114f, 88
1652702794.562635, sdrt-health/mac:02010b41cdec/antenna/tag/e2806894000050038661fd4f, 83
1652702794.599884, sdrt-health/mac:02010b41cdec/antenna/tag/e2806894000050038662154f, 85
1652702794.600177, sdrt-health/mac:02010b41cdec/antenna/tag/e2806894000050038662154f, 88
1652702794.616316, sdrt-health/mac:02010b41cdec/antenna/tag/e2806894000050038661fd4f, 97
1652702794.643601, sdrt-health/mac:02010b41cdec/antenna/tag/e28068940000500386620d4f, 83
1652702794.696609, sdrt-health/mac:02010b41cdec/antenna/tag/e2806894000050038662154f, 93
1652702794.697129, sdrt-health/mac:02010b41cdec/antenna/tag/e2806894000050038662154f, 93
1652702794.712515, sdrt-health/mac:02010b41cdec/antenna/tag/e2806894000040038662114f, 93
1652702794.720684, sdrt-health/mac:02010b41cdec/antenna/tag/e2806894000050038661fd4f, 91
1652702794.762582, sdrt-health/mac:02010b41cdec/antenna/tag/e28068940000400386621d4f, 96
1652702794.800415, sdrt-health/mac:02010b41cdec/antenna/tag/e2806894000050038661fd4f, 83
1652702794.858436, sdrt-health/mac:02010b41cdec/antenna/tag/e2806894000040038662114f, 88
1652702794.85884, sdrt-health/mac:02010b41cdec/antenna/tag/e2806894000040038662114f, 88
1652702794.883308, sdrt-health/mac:02010b41cdec/antenna/tag/e2806894000040038662114f, 88
1652702794.950896, sdrt-health/mac:02010b41cdec/antenna/tag/e2806894000040038662114f, 85
1652702794.990607, sdrt-health/mac:02010b41cdec/antenna/tag/e2806894000050038661fd4f, 83
1652702794.991513, sdrt-health/mac:02010b41cdec/antenna/tag/e2806894000040038662114f, 88
1652702795.041836, sdrt-health/mac:02010b41cdec/antenna/tag/e2806894000040038662114f, 85
1652702795.098362, sdrt-health/mac:02010b41cdec/antenna/tag/e2806894000050038661fd4f, 91
1652702795.098871, sdrt-health/mac:02010b41cdec/antenna/tag/e28068940000500386620d4f, 83
1652702795.099288, sdrt-health/mac:02010b41cdec/antenna/tag/e28068940000400386621d4f, 77
1652702795.161075, sdrt-health/mac:02010b41cdec/antenna/tag/e2806894000050038662154f, 88
1652702795.201503, sdrt-health/mac:02010b41cdec/antenna/tag/e2806894000040038662114f, 85
1652702795.259729, sdrt-health/mac:02010b41cdec/antenna/tag/e2806894000050038661fd4f, 97
1652702795.260179, sdrt-health/mac:02010b41cdec/antenna/tag/e2806894000050038662154f, 85
1652702795.27552, sdrt-health/mac:02010b41cdec/antenna/tag/e2806894000040038662114f, 85
1652702795.308582, sdrt-health/mac:02010b41cdec/antenna/tag/e2806894000040038662114f, 88
1652702795.377457, sdrt-health/mac:02010b41cdec/antenna/tag/e28068940000500386620d4f, 83
1652702795.378004, sdrt-health/mac:02010b41cdec/antenna/tag/e28068940000500386620d4f, 83
1652702795.393011, sdrt-health/mac:02010b41cdec/antenna/tag/e28068940000400386621d4f, 90
1652702795.40193, sdrt-health/mac:02010b41cdec/antenna/tag/e2806894000050038661fd4f, 83
1652702795.441374, sdrt-health/mac:02010b41cdec/antenna/tag/e2806894000040038662114f, 87
1652702795.497525, sdrt-health/mac:02010b41cdec/antenna/tag/e2806894000050038662154f, 85
1652702795.497986, sdrt-health/mac:02010b41cdec/antenna/tag/e2806894000040038662114f, 85
1652702795.49833, sdrt-health/mac:02010b41cdec/antenna/tag/e28068940000500386620d4f, 83
1652702795.51385, sdrt-health/mac:02010b41cdec/antenna/tag/e28068940000400386621d4f, 96
1652702795.521874, sdrt-health/mac:02010b41cdec/antenna/tag/e2806894000050038661fd4f, 91
1652702795.5621, sdrt-health/mac:02010b41cdec/antenna/tag/e2806894000050038661fd4f, 91
1652702795.618303, sdrt-health/mac:02010b41cdec/antenna/tag/e28068940000400386621d4f, 77
1652702795.618783, sdrt-health/mac:02010b41cdec/antenna/tag/e28068940000500386620d4f, 83
1652702795.634929, sdrt-health/mac:02010b41cdec/antenna/tag/e28068940000500386620d4f, 90
1652702795.642149, sdrt-health/mac:02010b41cdec/antenna/tag/e28068940000500386620d4f, 83
1652702795.681299, sdrt-health/mac:02010b41cdec/antenna/tag/e28068940000500386620d4f, 83
1652702795.722345, sdrt-health/mac:02010b41cdec/antenna/tag/e28068940000400386621d4f, 77
1652702795.772191, sdrt-health/mac:02010b41cdec/antenna/tag/e2806894000040038662114f, 85
1652702795.85944, sdrt-health/mac:02010b41cdec/antenna/tag/e2806894000050038662154f, 87
1652702795.859994, sdrt-health/mac:02010b41cdec/antenna/tag/e2806894000050038662154f, 85
1652702795.876077, sdrt-health/mac:02010b41cdec/antenna/tag/e28068940000400386621d4f, 96
1652702795.876273, sdrt-health/mac:02010b41cdec/antenna/tag/e2806894000050038662154f, 93
1652702795.876524, sdrt-health/mac:02010b41cdec/antenna/tag/e2806894000040038662114f, 87
1652702795.893687, sdrt-health/mac:02010b41cdec/antenna/tag/e2806894000050038662154f, 85
1652702795.940981, sdrt-health/mac:02010b41cdec/antenna/tag/e28068940000400386621d4f, 96
1652702795.99235, sdrt-health/mac:02010b41cdec/antenna/tag/e28068940000500386620d4f, 83
1652702796.058151, sdrt-health/mac:02010b41cdec/antenna/tag/e2806894000050038662154f, 93
1652702796.058628, sdrt-health/mac:02010b41cdec/antenna/tag/e2806894000040038662114f, 85
1652702796.07513, sdrt-health/mac:02010b41cdec/antenna/tag/e2806894000050038661fd4f, 88
1652702796.082813, sdrt-health/mac:02010b41cdec/antenna/tag/e28068940000400386621d4f, 96
1652702796.092843, sdrt-health/mac:02010b41cdec/antenna/tag/e2806894000050038661fd4f, 83
1652702796.093072, sdrt-health/mac:02010b41cdec/antenna/tag/e2806894000050038661fd4f, 97
1652702796.09321, sdrt-health/mac:02010b41cdec/antenna/tag/e28068940000500386620d4f, 83
1652702796.122928, sdrt-health/mac:02010b41cdec/antenna/tag/e2806894000050038662154f, 85
1652702796.177977, sdrt-health/mac:02010b41cdec/antenna/tag/e28068940000500386620d4f, 83
1652702796.178427, sdrt-health/mac:02010b41cdec/antenna/tag/e2806894000040038662114f, 85
1652702796.201783, sdrt-health/mac:02010b41cdec/antenna/tag/e2806894000040038662114f, 88
1652702796.257905, sdrt-health/mac:02010b41cdec/antenna/tag/e2806894000040038662114f, 85
1652702796.258417, sdrt-health/mac:02010b41cdec/antenna/tag/e2806894000050038662154f, 85
1652702796.273289, sdrt-health/mac:02010b41cdec/antenna/tag/e28068940000500386620d4f, 83
1652702796.28119, sdrt-health/mac:02010b41cdec/antenna/tag/e2806894000050038662154f, 85
1652702796.321261, sdrt-health/mac:02010b41cdec/antenna/tag/e2806894000040038662114f, 88
1652702796.360321, sdrt-health/mac:02010b41cdec/antenna/tag/e2806894000040038662114f, 88
1652702796.401309, sdrt-health/mac:02010b41cdec/antenna/tag/e2806894000050038662154f, 85
1652702796.457833, sdrt-health/mac:02010b41cdec/antenna/tag/e28068940000500386620d4f, 83
1652702796.458328, sdrt-health/mac:02010b41cdec/antenna/tag/e28068940000500386620d4f, 83
1652702796.482157, sdrt-health/mac:02010b41cdec/antenna/tag/e2806894000050038661fd4f, 91
1652702796.520366, sdrt-health/mac:02010b41cdec/antenna/tag/e28068940000500386620d4f, 80
1652702796.57678, sdrt-health/mac:02010b41cdec/antenna/tag/e2806894000050038662154f, 85
1652702796.577282, sdrt-health/mac:02010b41cdec/antenna/tag/e2806894000040038662114f, 85
1652702796.60108, sdrt-health/mac:02010b41cdec/antenna/tag/e28068940000500386620d4f, 83
1652702796.665772, sdrt-health/mac:02010b41cdec/antenna/tag/e28068940000400386621d4f, 96
1652702796.666444, sdrt-health/mac:02010b41cdec/antenna/tag/e28068940000400386621d4f, 77
1652702796.69512, sdrt-health/mac:02010b41cdec/antenna/tag/e2806894000040038662114f, 93
1652702796.750257, sdrt-health/mac:02010b41cdec/antenna/tag/e2806894000050038662154f, 88
1652702796.78199, sdrt-health/mac:02010b41cdec/antenna/tag/e28068940000400386621d4f, 96
1652702796.782199, sdrt-health/mac:02010b41cdec/antenna/tag/e28068940000500386620d4f, 80
1652702796.796997, sdrt-health/mac:02010b41cdec/antenna/tag/e2806894000050038662154f, 85
1652702796.797202, sdrt-health/mac:02010b41cdec/antenna/tag/e28068940000400386621d4f, 96
1652702796.797322, sdrt-health/mac:02010b41cdec/antenna/tag/e28068940000500386620d4f, 80
1652702796.82982, sdrt-health/mac:02010b41cdec/antenna/tag/e2806894000050038661fd4f, 97
1652702796.880925, sdrt-health/mac:02010b41cdec/antenna/tag/e2806894000050038661fd4f, 97
1652702796.998094, sdrt-health/mac:02010b41cdec/antenna/tag/e28068940000500386620d4f, 83
1652702796.998633, sdrt-health/mac:02010b41cdec/antenna/tag/e2806894000050038662154f, 85
1652702797.112817, sdrt-health/mac:02010b41cdec/antenna/tag/e2806894000050038662154f, 85
1652702797.150087, sdrt-health/mac:02010b41cdec/antenna/tag/e2806894000040038662114f, 85
1652702797.209784, sdrt-health/mac:02010b41cdec/antenna/tag/e2806894000050038661fd4f, 97
1652702797.269874, sdrt-health/mac:02010b41cdec/antenna/tag/e28068940000400386621d4f, 90
1652702797.270377, sdrt-health/mac:02010b41cdec/antenna/tag/e28068940000400386621d4f, 96
1652702797.270713, sdrt-health/mac:02010b41cdec/antenna/tag/e28068940000500386620d4f, 83
1652702797.27108, sdrt-health/mac:02010b41cdec/antenna/tag/e2806894000050038661fd4f, 97
1652702797.290752, sdrt-health/mac:02010b41cdec/antenna/tag/e28068940000400386621d4f, 96
1652702797.364486, sdrt-health/mac:02010b41cdec/antenna/tag/e28068940000400386621d4f, 96
1652702797.365003, sdrt-health/mac:02010b41cdec/antenna/tag/e2806894000050038661fd4f, 97
1652702797.390709, sdrt-health/mac:02010b41cdec/antenna/tag/e2806894000050038661fd4f, 91
1652702797.456688, sdrt-health/mac:02010b41cdec/antenna/tag/e28068940000400386621d4f, 96
1652702797.457173, sdrt-health/mac:02010b41cdec/antenna/tag/e28068940000400386621d4f, 96
1652702797.471712, sdrt-health/mac:02010b41cdec/antenna/tag/e2806894000050038661fd4f, 91
1652702797.472106, sdrt-health/mac:02010b41cdec/antenna/tag/e2806894000050038662154f, 85
1652702797.480202, sdrt-health/mac:02010b41cdec/antenna/tag/e2806894000050038661fd4f, 91
1652702797.520348, sdrt-health/mac:02010b41cdec/antenna/tag/e2806894000050038661fd4f, 91
1652702797.576086, sdrt-health/mac:02010b41cdec/antenna/tag/e2806894000050038662154f, 85
1652702797.576546, sdrt-health/mac:02010b41cdec/antenna/tag/e2806894000050038662154f, 85
1652702797.60086, sdrt-health/mac:02010b41cdec/antenna/tag/e2806894000040038662114f, 87
1652702797.655746, sdrt-health/mac:02010b41cdec/antenna/tag/e28068940000400386621d4f, 96
1652702797.656182, sdrt-health/mac:02010b41cdec/antenna/tag/e2806894000040038662114f, 85
1652702797.68002, sdrt-health/mac:02010b41cdec/antenna/tag/e2806894000040038662114f, 87
1652702797.746781, sdrt-health/mac:02010b41cdec/antenna/tag/e28068940000500386620d4f, 83
1652702797.815437, sdrt-health/mac:02010b41cdec/antenna/tag/e2806894000050038661fd4f, 91
1652702797.815913, sdrt-health/mac:02010b41cdec/antenna/tag/e2806894000050038661fd4f, 83
1652702797.832218, sdrt-health/mac:02010b41cdec/antenna/tag/e28068940000400386621d4f, 96
1652702797.86544, sdrt-health/mac:02010b41cdec/antenna/tag/e2806894000040038662114f, 88
1652702797.865875, sdrt-health/mac:02010b41cdec/antenna/tag/e2806894000050038662154f, 85
1652702797.866202, sdrt-health/mac:02010b41cdec/antenna/tag/e2806894000050038662154f, 85
1652702797.881818, sdrt-health/mac:02010b41cdec/antenna/tag/e2806894000050038662154f, 85
1652702797.920262, sdrt-health/mac:02010b41cdec/antenna/tag/e28068940000400386621d4f, 96
1652702798.036518, sdrt-health/mac:02010b41cdec/antenna/tag/e2806894000050038662154f, 85
1652702798.037008, sdrt-health/mac:02010b41cdec/antenna/tag/e2806894000050038662154f, 85
1652702798.071494, sdrt-health/mac:02010b41cdec/antenna/tag/e2806894000040038662114f, 85
1652702798.126705, sdrt-health/mac:02010b41cdec/antenna/tag/e28068940000500386620d4f, 83
1652702798.127315, sdrt-health/mac:02010b41cdec/antenna/tag/e2806894000040038662114f, 85
1652702798.143174, sdrt-health/mac:02010b41cdec/antenna/tag/e2806894000050038662154f, 85
1652702798.160821, sdrt-health/mac:02010b41cdec/antenna/tag/e2806894000050038661fd4f, 97
1652702798.216794, sdrt-health/mac:02010b41cdec/antenna/tag/e28068940000400386621d4f, 96
1652702798.217276, sdrt-health/mac:02010b41cdec/antenna/tag/e2806894000050038662154f, 85
1652702798.232099, sdrt-health/mac:02010b41cdec/antenna/tag/e2806894000050038661fd4f, 97
1652702798.239991, sdrt-health/mac:02010b41cdec/antenna/tag/e28068940000400386621d4f, 96
1652702798.247873, sdrt-health/mac:02010b41cdec/antenna/tag/e28068940000500386620d4f, 80
1652702798.295133, sdrt-health/mac:02010b41cdec/antenna/tag/e28068940000500386620d4f, 83
1652702798.330316, sdrt-health/mac:02010b41cdec/antenna/tag/e28068940000500386620d4f, 80
1652702798.389484, sdrt-health/mac:02010b41cdec/antenna/tag/e2806894000050038661fd4f, 91
1652702798.389985, sdrt-health/mac:02010b41cdec/antenna/tag/e28068940000400386621d4f, 96
1652702798.390322, sdrt-health/mac:02010b41cdec/antenna/tag/e28068940000500386620d4f, 80
1652702798.420626, sdrt-health/mac:02010b41cdec/antenna/tag/e2806894000040038662114f, 93
1652702798.470927, sdrt-health/mac:02010b41cdec/antenna/tag/e2806894000050038661fd4f, 88
1652702798.526024, sdrt-health/mac:02010b41cdec/antenna/tag/e2806894000050038662154f, 93
1652702798.526487, sdrt-health/mac:02010b41cdec/antenna/tag/e2806894000040038662114f, 93
1652702798.540443, sdrt-health/mac:02010b41cdec/antenna/tag/e28068940000500386620d4f, 83
1652702798.560652, sdrt-health/mac:02010b41cdec/antenna/tag/e2806894000040038662114f, 87
1652702798.616235, sdrt-health/mac:02010b41cdec/antenna/tag/e28068940000500386620d4f, 83
1652702798.616695, sdrt-health/mac:02010b41cdec/antenna/tag/e28068940000500386620d4f, 80
1652702798.631626, sdrt-health/mac:02010b41cdec/antenna/tag/e2806894000050038662154f, 85
1652702798.640329, sdrt-health/mac:02010b41cdec/antenna/tag/e28068940000500386620d4f, 83
1652702798.681282, sdrt-health/mac:02010b41cdec/antenna/tag/e2806894000050038661fd4f, 83
1652702798.721215, sdrt-health/mac:02010b41cdec/antenna/tag/e2806894000040038662114f, 85
1652702798.792431, sdrt-health/mac:02010b41cdec/antenna/tag/e2806894000040038662114f, 85
1652702798.8299, sdrt-health/mac:02010b41cdec/antenna/tag/e28068940000400386621d4f, 96
1652702798.896323, sdrt-health/mac:02010b41cdec/antenna/tag/e2806894000050038661fd4f, 83
1652702798.8968, sdrt-health/mac:02010b41cdec/antenna/tag/e28068940000400386621d4f, 96
1652702798.911845, sdrt-health/mac:02010b41cdec/antenna/tag/e2806894000050038662154f, 85
1652702798.920139, sdrt-health/mac:02010b41cdec/antenna/tag/e2806894000050038662154f, 87
1652702798.961165, sdrt-health/mac:02010b41cdec/antenna/tag/e28068940000500386620d4f, 83
1652702799.017248, sdrt-health/mac:02010b41cdec/antenna/tag/e2806894000040038662114f, 85
1652702799.017847, sdrt-health/mac:02010b41cdec/antenna/tag/e2806894000040038662114f, 85
1652702799.032978, sdrt-health/mac:02010b41cdec/antenna/tag/e2806894000050038662154f, 93
1652702799.040105, sdrt-health/mac:02010b41cdec/antenna/tag/e28068940000400386621d4f, 96
1652702799.081279, sdrt-health/mac:02010b41cdec/antenna/tag/e2806894000050038662154f, 85
1652702799.129994, sdrt-health/mac:02010b41cdec/antenna/tag/e2806894000050038661fd4f, 97
1652702799.206533, sdrt-health/mac:02010b41cdec/antenna/tag/e28068940000400386621d4f, 96
1652702799.206789, sdrt-health/mac:02010b41cdec/antenna/tag/e2806894000050038662154f, 85
1652702799.220522, sdrt-health/mac:02010b41cdec/antenna/tag/e28068940000400386621d4f, 96
1652702799.230767, sdrt-health/mac:02010b41cdec/antenna/tag/e2806894000040038662114f, 88
1652702799.270016, sdrt-health/mac:02010b41cdec/antenna/tag/e2806894000050038662154f, 88
1652702799.311412, sdrt-health/mac:02010b41cdec/antenna/tag/e2806894000050038662154f, 85
1652702799.362862, sdrt-health/mac:02010b41cdec/antenna/tag/e28068940000400386621d4f, 77
1652702799.416399, sdrt-health/mac:02010b41cdec/antenna/tag/e2806894000050038662154f, 93
1652702799.416778, sdrt-health/mac:02010b41cdec/antenna/tag/e2806894000040038662114f, 85
1652702799.441108, sdrt-health/mac:02010b41cdec/antenna/tag/e28068940000400386621d4f, 77
1652702799.482127, sdrt-health/mac:02010b41cdec/antenna/tag/e2806894000050038662154f, 83
1652702799.521507, sdrt-health/mac:02010b41cdec/antenna/tag/e2806894000040038662114f, 85
1652702799.562248, sdrt-health/mac:02010b41cdec/antenna/tag/e28068940000500386620d4f, 83
1652702799.60069, sdrt-health/mac:02010b41cdec/antenna/tag/e28068940000500386620d4f, 83
1652702799.630987, sdrt-health/mac:02010b41cdec/antenna/tag/e2806894000050038661fd4f, 91
1652702799.631208, sdrt-health/mac:02010b41cdec/antenna/tag/e2806894000050038662154f, 85
1652702799.656527, sdrt-health/mac:02010b41cdec/antenna/tag/e28068940000400386621d4f, 96
1652702799.75763, sdrt-health/mac:02010b41cdec/antenna/tag/e2806894000050038661fd4f, 91
1652702799.759176, sdrt-health/mac:02010b41cdec/antenna/tag/e2806894000040038662114f, 87
1652702799.773364, sdrt-health/mac:02010b41cdec/antenna/tag/e28068940000500386620d4f, 80
1652702799.787803, sdrt-health/mac:02010b41cdec/antenna/tag/e2806894000050038662154f, 93
1652702799.863929, sdrt-health/mac:02010b41cdec/antenna/tag/e28068940000400386621d4f, 96
1652702799.864441, sdrt-health/mac:02010b41cdec/antenna/tag/e28068940000400386621d4f, 96
1652702799.882945, sdrt-health/mac:02010b41cdec/antenna/tag/e2806894000050038661fd4f, 97
1652702799.936508, sdrt-health/mac:02010b41cdec/antenna/tag/e28068940000500386620d4f, 80
1652702799.937081, sdrt-health/mac:02010b41cdec/antenna/tag/e2806894000050038661fd4f, 83
1652702799.95254, sdrt-health/mac:02010b41cdec/antenna/tag/e28068940000500386620d4f, 83
1652702799.959032, sdrt-health/mac:02010b41cdec/antenna/tag/e28068940000500386620d4f, 83
1652702800.000757, sdrt-health/mac:02010b41cdec/antenna/tag/e2806894000050038662154f, 93
1652702800.040896, sdrt-health/mac:02010b41cdec/antenna/tag/e28068940000400386621d4f, 77
1652702800.09587, sdrt-health/mac:02010b41cdec/antenna/tag/e2806894000050038661fd4f, 88
1652702800.096372, sdrt-health/mac:02010b41cdec/antenna/tag/e2806894000050038661fd4f, 83
1652702800.121008, sdrt-health/mac:02010b41cdec/antenna/tag/e2806894000050038662154f, 85
1652702800.170945, sdrt-health/mac:02010b41cdec/antenna/tag/e28068940000400386621d4f, 96
1652702800.214475, sdrt-health/mac:02010b41cdec/antenna/tag/e28068940000400386621d4f, 96
1652702800.250277, sdrt-health/mac:02010b41cdec/antenna/tag/e2806894000050038661fd4f, 83
1652702800.281924, sdrt-health/mac:02010b41cdec/antenna/tag/e28068940000500386620d4f, 83
1652702800.28253, sdrt-health/mac:02010b41cdec/antenna/tag/e28068940000400386621d4f, 96
1652702800.296704, sdrt-health/mac:02010b41cdec/antenna/tag/e28068940000400386621d4f, 96
1652702800.348351, sdrt-health/mac:02010b41cdec/antenna/tag/e28068940000500386620d4f, 83
1652702800.401442, sdrt-health/mac:02010b41cdec/antenna/tag/e28068940000500386620d4f, 83
1652702800.432943, sdrt-health/mac:02010b41cdec/antenna/tag/e2806894000050038661fd4f, 97
1652702800.433427, sdrt-health/mac:02010b41cdec/antenna/tag/e2806894000050038662154f, 85
1652702800.447732, sdrt-health/mac:02010b41cdec/antenna/tag/e2806894000050038662154f, 93
1652702800.448064, sdrt-health/mac:02010b41cdec/antenna/tag/e2806894000050038661fd4f, 91
1652702800.448299, sdrt-health/mac:02010b41cdec/antenna/tag/e2806894000040038662114f, 93
1652702800.481162, sdrt-health/mac:02010b41cdec/antenna/tag/e28068940000400386621d4f, 96
1652702800.536976, sdrt-health/mac:02010b41cdec/antenna/tag/e2806894000040038662114f, 83
1652702800.537333, sdrt-health/mac:02010b41cdec/antenna/tag/e28068940000500386620d4f, 83
1652702800.55226, sdrt-health/mac:02010b41cdec/antenna/tag/e28068940000500386620d4f, 83
1652702800.561483, sdrt-health/mac:02010b41cdec/antenna/tag/e2806894000050038662154f, 85
1652702800.56862, sdrt-health/mac:02010b41cdec/antenna/tag/e2806894000050038662154f, 88
1652702800.601865, sdrt-health/mac:02010b41cdec/antenna/tag/e2806894000050038662154f, 93
1652702800.650763, sdrt-health/mac:02010b41cdec/antenna/tag/e28068940000400386621d4f, 77
1652702800.69559, sdrt-health/mac:02010b41cdec/antenna/tag/e2806894000050038662154f, 85
1652702800.758087, sdrt-health/mac:02010b41cdec/antenna/tag/e2806894000050038661fd4f, 91
1652702800.75855, sdrt-health/mac:02010b41cdec/antenna/tag/e2806894000040038662114f, 85
1652702800.791206, sdrt-health/mac:02010b41cdec/antenna/tag/e2806894000050038661fd4f, 91
1652702800.897679, sdrt-health/mac:02010b41cdec/antenna/tag/e2806894000050038662154f, 87
1652702800.898129, sdrt-health/mac:02010b41cdec/antenna/tag/e2806894000050038661fd4f, 91
1652702800.923211, sdrt-health/mac:02010b41cdec/antenna/tag/e2806894000050038661fd4f, 91
1652702800.99138, sdrt-health/mac:02010b41cdec/antenna/tag/e28068940000400386621d4f, 96
1652702801.040151, sdrt-health/mac:02010b41cdec/antenna/tag/e2806894000050038661fd4f, 97
1652702801.070548, sdrt-health/mac:02010b41cdec/antenna/tag/e2806894000040038662114f, 88
1652702801.070873, sdrt-health/mac:02010b41cdec/antenna/tag/e2806894000050038662154f, 85
1652702801.093835, sdrt-health/mac:02010b41cdec/antenna/tag/e28068940000400386621d4f, 96
1652702801.244494, sdrt-health/mac:02010b41cdec/antenna/tag/scan, scan stopped
