1652702622.152012, sdrt-health/mac:02010b41cdec/antenna/power/set, {"power": 280}
1652702623.220548, sdrt-health/mac:02010b41cdec/antenna/power/set, 
1652702627.173983, sdrt-health/mac:02010b41cdec/antenna/tag/scan, {"time": 20000}
1652702627.542056, sdrt-health/mac:02010b41cdec/antenna/tag/e2806894000050038661fd4f, 88
1652702627.591532, sdrt-health/mac:02010b41cdec/antenna/tag/e28068940000500386620d4f, 80
1652702627.631914, sdrt-health/mac:02010b41cdec/antenna/tag/e28068940000500386620d4f, 83
1652702627.661343, sdrt-health/mac:02010b41cdec/antenna/tag/e2806894000050038661fd4f, 91
1652702627.661643, sdrt-health/mac:02010b41cdec/antenna/tag/e28068940000400386621d4f, 96
1652702627.661831, sdrt-health/mac:02010b41cdec/antenna/tag/e2806894000050038661fd4f, 91
1652702627.679592, sdrt-health/mac:02010b41cdec/antenna/tag/e2806894000040038662114f, 85
1652702627.751668, sdrt-health/mac:02010b41cdec/antenna/tag/e2806894000040038662114f, 85
1652702627.791397, sdrt-health/mac:02010b41cdec/antenna/tag/e28068940000500386620d4f, 83
1652702627.865826, sdrt-health/mac:02010b41cdec/antenna/tag/e28068940000500386620d4f, 83
1652702627.866297, sdrt-health/mac:02010b41cdec/antenna/tag/e28068940000400386621d4f, 90
1652702627.895328, sdrt-health/mac:02010b41cdec/antenna/tag/e2806894000040038662114f, 88
1652702627.956845, sdrt-health/mac:02010b41cdec/antenna/tag/e28068940000500386620d4f, 83
1652702627.957369, sdrt-health/mac:02010b41cdec/antenna/tag/e28068940000400386621d4f, 90
1652702627.972507, sdrt-health/mac:02010b41cdec/antenna/tag/e28068940000500386620d4f, 83
1652702628.006093, sdrt-health/mac:02010b41cdec/antenna/tag/e28068940000400386621d4f, 96
1652702628.00669, sdrt-health/mac:02010b41cdec/antenna/tag/e28068940000400386621d4f, 96
1652702628.03363, sdrt-health/mac:02010b41cdec/antenna/tag/e28068940000500386620d4f, 83
1652702628.06407, sdrt-health/mac:02010b41cdec/antenna/tag/e2806894000050038662154f, 85
1652702628.064416, sdrt-health/mac:02010b41cdec/antenna/tag/e28068940000400386621d4f, 96
1652702628.091321, sdrt-health/mac:02010b41cdec/antenna/tag/e2806894000050038661fd4f, 83
1652702628.162662, sdrt-health/mac:02010b41cdec/antenna/tag/e2806894000040038662114f, 85
1652702628.163021, sdrt-health/mac:02010b41cdec/antenna/tag/e2806894000050038662154f, 85
1652702628.199308, sdrt-health/mac:02010b41cdec/antenna/tag/e28068940000500386620d4f, 83
1652702628.228362, sdrt-health/mac:02010b41cdec/antenna/tag/e2806894000050038661fd4f, 91
1652702628.228629, sdrt-health/mac:02010b41cdec/antenna/tag/e28068940000500386620d4f, 83
1652702628.243293, sdrt-health/mac:02010b41cdec/antenna/tag/e2806894000050038662154f, 85
1652702628.243584, sdrt-health/mac:02010b41cdec/antenna/tag/e2806894000050038662154f, 87
1652702628.281027, sdrt-health/mac:02010b41cdec/antenna/tag/e28068940000500386620d4f, 83
1652702628.340126, sdrt-health/mac:02010b41cdec/antenna/tag/e28068940000500386620d4f, 83
1652702628.340696, sdrt-health/mac:02010b41cdec/antenna/tag/e28068940000500386620d4f, 83
1652702628.360075, sdrt-health/mac:02010b41cdec/antenna/tag/e2806894000040038662214f, 88
1652702628.360293, sdrt-health/mac:02010b41cdec/antenna/tag/e2806894000040038662114f, 93
1652702628.361795, sdrt-health/mac:02010b41cdec/antenna/tag/e2806894000040038662114f, 93
1652702628.401739, sdrt-health/mac:02010b41cdec/antenna/tag/e28068940000500386620d4f, 80
1652702628.45669, sdrt-health/mac:02010b41cdec/antenna/tag/e2806894000050038662154f, 85
1652702628.457212, sdrt-health/mac:02010b41cdec/antenna/tag/e2806894000040038662114f, 87
1652702628.471855, sdrt-health/mac:02010b41cdec/antenna/tag/e28068940000400386621d4f, 96
1652702628.481196, sdrt-health/mac:02010b41cdec/antenna/tag/e28068940000400386621d4f, 96
1652702628.521059, sdrt-health/mac:02010b41cdec/antenna/tag/e28068940000400386621d4f, 96
1652702628.522357, sdrt-health/mac:02010b41cdec/antenna/tag/e2806894000050038662194f, 93
1652702628.561785, sdrt-health/mac:02010b41cdec/antenna/tag/e2806894000050038662154f, 88
1652702628.562243, sdrt-health/mac:02010b41cdec/antenna/tag/e28068940000500386620d4f, 90
1652702628.60063, sdrt-health/mac:02010b41cdec/antenna/tag/e28068940000400386621d4f, 96
1652702628.641563, sdrt-health/mac:02010b41cdec/antenna/tag/e28068940000500386620d4f, 80
1652702628.680617, sdrt-health/mac:02010b41cdec/antenna/tag/e2806894000050038661fd4f, 91
1652702628.738578, sdrt-health/mac:02010b41cdec/antenna/tag/e28068940000400386621d4f, 96
1652702628.739085, sdrt-health/mac:02010b41cdec/antenna/tag/e28068940000400386621d4f, 96
1652702628.775623, sdrt-health/mac:02010b41cdec/antenna/tag/e28068940000400386621d4f, 90
1652702628.811585, sdrt-health/mac:02010b41cdec/antenna/tag/e2806894000050038662154f, 85
1652702628.871426, sdrt-health/mac:02010b41cdec/antenna/tag/e28068940000400386621d4f, 96
1652702628.87195, sdrt-health/mac:02010b41cdec/antenna/tag/e28068940000500386620d4f, 80
1652702628.886324, sdrt-health/mac:02010b41cdec/antenna/tag/e2806894000040038662114f, 87
1652702628.900617, sdrt-health/mac:02010b41cdec/antenna/tag/e28068940000500386620d4f, 83
1652702628.961266, sdrt-health/mac:02010b41cdec/antenna/tag/e2806894000040038662114f, 85
1652702629.015909, sdrt-health/mac:02010b41cdec/antenna/tag/e2806894000040038662114f, 85
1652702629.063104, sdrt-health/mac:02010b41cdec/antenna/tag/e28068940000400386621d4f, 96
1652702629.136598, sdrt-health/mac:02010b41cdec/antenna/tag/e28068940000500386620d4f, 83
1652702629.137198, sdrt-health/mac:02010b41cdec/antenna/tag/e2806894000040038662114f, 85
1652702629.150745, sdrt-health/mac:02010b41cdec/antenna/tag/e28068940000400386621d4f, 96
1652702629.160867, sdrt-health/mac:02010b41cdec/antenna/tag/e28068940000400386621d4f, 77
1652702629.165671, sdrt-health/mac:02010b41cdec/antenna/tag/e2806894000040038662114f, 93
1652702629.200984, sdrt-health/mac:02010b41cdec/antenna/tag/e2806894000050038661fd4f, 91
1652702629.291008, sdrt-health/mac:02010b41cdec/antenna/tag/e2806894000050038661fd4f, 91
1652702629.335316, sdrt-health/mac:02010b41cdec/antenna/tag/e28068940000400386621d4f, 96
1652702629.336071, sdrt-health/mac:02010b41cdec/antenna/tag/e28068940000500386620d4f, 80
1652702629.415024, sdrt-health/mac:02010b41cdec/antenna/tag/e28068940000500386620d4f, 83
1652702629.483235, sdrt-health/mac:02010b41cdec/antenna/tag/e28068940000400386621d4f, 96
1652702629.512867, sdrt-health/mac:02010b41cdec/antenna/tag/e2806894000040038662114f, 85
1652702629.513146, sdrt-health/mac:02010b41cdec/antenna/tag/e2806894000050038661fd4f, 97
1652702629.513341, sdrt-health/mac:02010b41cdec/antenna/tag/e28068940000500386620d4f, 83
1652702629.513522, sdrt-health/mac:02010b41cdec/antenna/tag/e28068940000400386621d4f, 96
1652702629.541459, sdrt-health/mac:02010b41cdec/antenna/tag/e28068940000400386621d4f, 96
1652702629.609983, sdrt-health/mac:02010b41cdec/antenna/tag/e2806894000040038662114f, 88
1652702629.670417, sdrt-health/mac:02010b41cdec/antenna/tag/e28068940000500386620d4f, 83
1652702629.670996, sdrt-health/mac:02010b41cdec/antenna/tag/e28068940000500386620d4f, 83
1652702629.701471, sdrt-health/mac:02010b41cdec/antenna/tag/e2806894000050038661fd4f, 91
1652702629.732311, sdrt-health/mac:02010b41cdec/antenna/tag/e28068940000500386620d4f, 83
1652702629.732586, sdrt-health/mac:02010b41cdec/antenna/tag/e2806894000050038661fd4f, 91
1652702629.751354, sdrt-health/mac:02010b41cdec/antenna/tag/e2806894000050038662154f, 93
1652702629.781999, sdrt-health/mac:02010b41cdec/antenna/tag/e2806894000040038662114f, 85
1652702629.782249, sdrt-health/mac:02010b41cdec/antenna/tag/e2806894000050038661fd4f, 91
1652702629.815851, sdrt-health/mac:02010b41cdec/antenna/tag/e2806894000050038662154f, 85
1652702629.861449, sdrt-health/mac:02010b41cdec/antenna/tag/e2806894000050038662154f, 85
1652702629.926424, sdrt-health/mac:02010b41cdec/antenna/tag/e2806894000050038661fd4f, 97
1652702629.926963, sdrt-health/mac:02010b41cdec/antenna/tag/e28068940000500386620d4f, 80
1652702629.951908, sdrt-health/mac:02010b41cdec/antenna/tag/e28068940000500386620d4f, 80
1652702629.953894, sdrt-health/mac:02010b41cdec/antenna/tag/e28068940000400386621d4f, 96
1652702629.968771, sdrt-health/mac:02010b41cdec/antenna/tag/e2806894000050038661fd4f, 97
1652702629.992442, sdrt-health/mac:02010b41cdec/antenna/tag/e2806894000040038662114f, 87
1652702630.064094, sdrt-health/mac:02010b41cdec/antenna/tag/e2806894000050038661fd4f, 83
1652702630.064605, sdrt-health/mac:02010b41cdec/antenna/tag/e28068940000400386621d4f, 96
1652702630.656971, sdrt-health/mac:02010b41cdec/antenna/tag/e2806894000050038661fd4f, 91
1652702630.687158, sdrt-health/mac:02010b41cdec/antenna/tag/e2806894000050038662154f, 93
1652702630.687654, sdrt-health/mac:02010b41cdec/antenna/tag/e2806894000050038661fd4f, 97
1652702630.688075, sdrt-health/mac:02010b41cdec/antenna/tag/e2806894000040038662114f, 93
1652702630.688548, sdrt-health/mac:02010b41cdec/antenna/tag/e28068940000500386620d4f, 80
1652702630.688913, sdrt-health/mac:02010b41cdec/antenna/tag/e2806894000050038662154f, 85
1652702630.689296, sdrt-health/mac:02010b41cdec/antenna/tag/e2806894000050038661fd4f, 97
1652702630.689694, sdrt-health/mac:02010b41cdec/antenna/tag/e28068940000400386621d4f, 96
1652702630.690037, sdrt-health/mac:02010b41cdec/antenna/tag/e2806894000050038661fd4f, 83
1652702630.690405, sdrt-health/mac:02010b41cdec/antenna/tag/e28068940000400386621d4f, 90
1652702630.690731, sdrt-health/mac:02010b41cdec/antenna/tag/e28068940000500386620d4f, 83
1652702630.691046, sdrt-health/mac:02010b41cdec/antenna/tag/e2806894000040038662114f, 93
1652702630.691232, sdrt-health/mac:02010b41cdec/antenna/tag/e2806894000040038662114f, 93
1652702630.69143, sdrt-health/mac:02010b41cdec/antenna/tag/e28068940000400386621d4f, 96
1652702630.691636, sdrt-health/mac:02010b41cdec/antenna/tag/e2806894000050038662154f, 88
1652702630.691828, sdrt-health/mac:02010b41cdec/antenna/tag/e2806894000050038661fd4f, 97
1652702630.692013, sdrt-health/mac:02010b41cdec/antenna/tag/e28068940000400386621d4f, 96
1652702630.692236, sdrt-health/mac:02010b41cdec/antenna/tag/e2806894000050038662154f, 88
1652702630.692516, sdrt-health/mac:02010b41cdec/antenna/tag/e2806894000050038661fd4f, 91
1652702630.692747, sdrt-health/mac:02010b41cdec/antenna/tag/e2806894000050038662154f, 85
1652702630.727256, sdrt-health/mac:02010b41cdec/antenna/tag/e28068940000500386620d4f, 83
1652702630.758302, sdrt-health/mac:02010b41cdec/antenna/tag/e2806894000040038662114f, 93
1652702630.758674, sdrt-health/mac:02010b41cdec/antenna/tag/e28068940000400386621d4f, 77
1652702630.758861, sdrt-health/mac:02010b41cdec/antenna/tag/e2806894000050038661fd4f, 91
1652702630.759037, sdrt-health/mac:02010b41cdec/antenna/state, connected
1652702630.759236, sdrt-health/mac:02010b41cdec/fw, {"version":"1.8.1","model":"200","hash":"2f556501b58f1dad542af428d7928d18","timestamp":1652702627}
1652702630.776063, sdrt-health/mac:02010b41cdec/antenna/tag/e2806894000050038661fd4f, 83
1652702630.806089, sdrt-health/mac:02010b41cdec/antenna/tag/e28068940000400386621d4f, 96
1652702630.806415, sdrt-health/mac:02010b41cdec/antenna/tag/e2806894000050038661fd4f, 83
1652702630.821323, sdrt-health/mac:02010b41cdec/antenna/tag/e28068940000400386621d4f, 96
1652702630.872451, sdrt-health/mac:02010b41cdec/antenna/tag/e2806894000050038662154f, 85
1652702630.911764, sdrt-health/mac:02010b41cdec/antenna/version, hPbO
1652702630.912225, sdrt-health/mac:02010b41cdec/antenna/tag/e2806894000050038661fd4f, 91
1652702630.961856, sdrt-health/mac:02010b41cdec/antenna/tag/e28068940000500386620d4f, 83
1652702631.002512, sdrt-health/mac:02010b41cdec/antenna/tag/e28068940000500386620d4f, 83
1652702631.057987, sdrt-health/mac:02010b41cdec/antenna/tag/e2806894000050038661fd4f, 91
1652702631.058458, sdrt-health/mac:02010b41cdec/antenna/tag/e2806894000050038662154f, 93
1652702631.058801, sdrt-health/mac:02010b41cdec/antenna/tag/e2806894000050038661fd4f, 91
1652702631.082241, sdrt-health/mac:02010b41cdec/antenna/tag/e2806894000050038662154f, 93
1652702631.120739, sdrt-health/mac:02010b41cdec/antenna/tag/e2806894000050038662154f, 87
1652702631.122255, sdrt-health/mac:02010b41cdec/antenna/tag/e2806894000050038661fd4f, 88
1652702631.161177, sdrt-health/mac:02010b41cdec/antenna/tag/e28068940000500386620d4f, 83
1652702631.200905, sdrt-health/mac:02010b41cdec/antenna/tag/e28068940000500386620d4f, 80
1652702631.241865, sdrt-health/mac:02010b41cdec/antenna/tag/e2806894000040038662114f, 87
1652702631.310998, sdrt-health/mac:02010b41cdec/antenna/tag/e28068940000400386621d4f, 96
1652702631.361319, sdrt-health/mac:02010b41cdec/antenna/tag/e28068940000400386621d4f, 96
1652702631.414626, sdrt-health/mac:02010b41cdec/antenna/tag/e2806894000050038661fd4f, 97
1652702631.465815, sdrt-health/mac:02010b41cdec/antenna/tag/e2806894000050038662154f, 85
1652702631.466158, sdrt-health/mac:02010b41cdec/antenna/tag/e2806894000050038662154f, 93
1652702631.466438, sdrt-health/mac:02010b41cdec/antenna/tag/e2806894000040038662114f, 93
1652702631.480501, sdrt-health/mac:02010b41cdec/antenna/tag/e28068940000500386620d4f, 83
1652702631.494956, sdrt-health/mac:02010b41cdec/antenna/tag/e28068940000500386620d4f, 83
1652702631.5405, sdrt-health/mac:02010b41cdec/antenna/tag/e2806894000040038662114f, 88
1652702631.609381, sdrt-health/mac:02010b41cdec/antenna/tag/e2806894000050038662154f, 88
1652702631.609897, sdrt-health/mac:02010b41cdec/antenna/tag/e2806894000050038662154f, 85
1652702631.624936, sdrt-health/mac:02010b41cdec/antenna/tag/e28068940000400386621d4f, 77
1652702631.655213, sdrt-health/mac:02010b41cdec/antenna/tag/e2806894000040038662114f, 88
1652702631.655479, sdrt-health/mac:02010b41cdec/antenna/tag/e28068940000400386621d4f, 77
1652702631.682015, sdrt-health/mac:02010b41cdec/antenna/tag/e2806894000050038662154f, 85
1652702631.713359, sdrt-health/mac:02010b41cdec/antenna/tag/e2806894000050038661fd4f, 88
1652702631.71359, sdrt-health/mac:02010b41cdec/antenna/tag/e2806894000050038662154f, 93
1652702631.751509, sdrt-health/mac:02010b41cdec/antenna/tag/e2806894000050038662154f, 85
1652702631.816054, sdrt-health/mac:02010b41cdec/antenna/tag/e28068940000500386620d4f, 80
1652702631.861502, sdrt-health/mac:02010b41cdec/antenna/tag/e28068940000500386620d4f, 83
1652702631.911963, sdrt-health/mac:02010b41cdec/antenna/tag/e28068940000500386620d4f, 83
1652702631.952042, sdrt-health/mac:02010b41cdec/antenna/tag/e2806894000050038662154f, 93
1652702631.983346, sdrt-health/mac:02010b41cdec/antenna/tag/e2806894000040038662114f, 93
1652702631.983635, sdrt-health/mac:02010b41cdec/antenna/tag/e2806894000050038662154f, 85
1652702632.000044, sdrt-health/mac:02010b41cdec/antenna/tag/e28068940000500386620d4f, 80
1652702632.042116, sdrt-health/mac:02010b41cdec/antenna/tag/e2806894000050038662154f, 85
1652702632.071352, sdrt-health/mac:02010b41cdec/antenna/tag/e2806894000040038662114f, 85
1652702632.071618, sdrt-health/mac:02010b41cdec/antenna/tag/e28068940000500386620d4f, 83
1652702632.088458, sdrt-health/mac:02010b41cdec/antenna/tag/e28068940000500386620d4f, 83
1652702632.135371, sdrt-health/mac:02010b41cdec/antenna/tag/e28068940000500386620d4f, 83
1652702632.182142, sdrt-health/mac:02010b41cdec/antenna/tag/e28068940000500386620d4f, 83
1652702632.212969, sdrt-health/mac:02010b41cdec/antenna/tag/e28068940000400386621d4f, 96
1652702632.213195, sdrt-health/mac:02010b41cdec/antenna/tag/e28068940000500386620d4f, 83
1652702632.23835, sdrt-health/mac:02010b41cdec/antenna/tag/e2806894000040038662114f, 88
1652702632.282151, sdrt-health/mac:02010b41cdec/antenna/tag/e2806894000050038662194f, 84
1652702632.337513, sdrt-health/mac:02010b41cdec/antenna/tag/e2806894000050038662154f, 87
1652702632.337971, sdrt-health/mac:02010b41cdec/antenna/tag/e28068940000500386620d4f, 83
1652702632.353163, sdrt-health/mac:02010b41cdec/antenna/tag/e28068940000400386621d4f, 77
1652702632.361363, sdrt-health/mac:02010b41cdec/antenna/tag/e2806894000050038662154f, 93
1652702632.367667, sdrt-health/mac:02010b41cdec/antenna/tag/e2806894000050038661fd4f, 91
1652702632.403896, sdrt-health/mac:02010b41cdec/antenna/tag/e2806894000050038662154f, 93
1652702632.471572, sdrt-health/mac:02010b41cdec/antenna/tag/e2806894000050038661fd4f, 91
1652702632.472335, sdrt-health/mac:02010b41cdec/antenna/tag/e28068940000400386621d4f, 77
1652702632.486324, sdrt-health/mac:02010b41cdec/antenna/tag/e2806894000050038662154f, 87
1652702632.500914, sdrt-health/mac:02010b41cdec/antenna/tag/e28068940000400386621d4f, 77
1652702632.550818, sdrt-health/mac:02010b41cdec/antenna/tag/e28068940000500386620d4f, 90
1652702632.591616, sdrt-health/mac:02010b41cdec/antenna/tag/e2806894000050038662154f, 93
1652702632.642591, sdrt-health/mac:02010b41cdec/antenna/tag/e28068940000500386620d4f, 83
1652702632.680908, sdrt-health/mac:02010b41cdec/antenna/tag/e2806894000050038661fd4f, 91
1652702632.736048, sdrt-health/mac:02010b41cdec/antenna/tag/e28068940000400386621d4f, 77
1652702632.736725, sdrt-health/mac:02010b41cdec/antenna/tag/e28068940000500386620d4f, 83
1652702632.751994, sdrt-health/mac:02010b41cdec/antenna/tag/e28068940000500386620d4f, 83
1652702632.761669, sdrt-health/mac:02010b41cdec/antenna/tag/e2806894000050038662154f, 93
1652702632.767746, sdrt-health/mac:02010b41cdec/antenna/tag/e28068940000400386621d4f, 96
1652702632.767964, sdrt-health/mac:02010b41cdec/antenna/tag/e2806894000050038661fd4f, 91
1652702632.801226, sdrt-health/mac:02010b41cdec/antenna/tag/e28068940000500386620d4f, 83
1652702632.840452, sdrt-health/mac:02010b41cdec/antenna/tag/e2806894000050038661fd4f, 91
1652702632.882192, sdrt-health/mac:02010b41cdec/antenna/tag/e2806894000050038661fd4f, 91
1652702632.956736, sdrt-health/mac:02010b41cdec/antenna/tag/e28068940000400386621d4f, 77
1652702632.957273, sdrt-health/mac:02010b41cdec/antenna/tag/e2806894000050038662154f, 87
1652702632.957652, sdrt-health/mac:02010b41cdec/antenna/tag/e2806894000050038661fd4f, 97
1652702632.990996, sdrt-health/mac:02010b41cdec/antenna/tag/e28068940000400386621d4f, 96
1652702633.065891, sdrt-health/mac:02010b41cdec/antenna/tag/e28068940000500386620d4f, 83
1652702633.066338, sdrt-health/mac:02010b41cdec/antenna/tag/e2806894000040038662114f, 88
1652702633.094487, sdrt-health/mac:02010b41cdec/antenna/tag/e2806894000050038661fd4f, 97
1652702633.151872, sdrt-health/mac:02010b41cdec/antenna/tag/e2806894000050038661fd4f, 83
1652702633.180716, sdrt-health/mac:02010b41cdec/antenna/tag/e2806894000050038662154f, 85
1652702633.180951, sdrt-health/mac:02010b41cdec/antenna/tag/e2806894000050038661fd4f, 97
1652702633.220752, sdrt-health/mac:02010b41cdec/antenna/tag/e2806894000040038662114f, 85
1652702633.285281, sdrt-health/mac:02010b41cdec/antenna/tag/e28068940000500386620d4f, 90
1652702633.28578, sdrt-health/mac:02010b41cdec/antenna/tag/e2806894000040038662114f, 85
1652702633.300409, sdrt-health/mac:02010b41cdec/antenna/tag/e2806894000050038662154f, 87
1652702633.330864, sdrt-health/mac:02010b41cdec/antenna/tag/e2806894000050038661fd4f, 91
1652702633.331128, sdrt-health/mac:02010b41cdec/antenna/tag/e28068940000400386621d4f, 96
1652702633.360693, sdrt-health/mac:02010b41cdec/antenna/tag/e28068940000400386621d4f, 96
1652702633.391982, sdrt-health/mac:02010b41cdec/antenna/tag/e2806894000050038661fd4f, 83
1652702633.392202, sdrt-health/mac:02010b41cdec/antenna/tag/e2806894000040038662114f, 85
1652702633.409658, sdrt-health/mac:02010b41cdec/antenna/tag/e28068940000400386621d4f, 96
1652702633.409874, sdrt-health/mac:02010b41cdec/antenna/tag/e28068940000500386620d4f, 83
1652702633.497984, sdrt-health/mac:02010b41cdec/antenna/tag/e28068940000500386620d4f, 83
1652702633.57518, sdrt-health/mac:02010b41cdec/antenna/tag/e28068940000400386621d4f, 96
1652702633.620544, sdrt-health/mac:02010b41cdec/antenna/tag/e2806894000040038662114f, 85
1652702633.686649, sdrt-health/mac:02010b41cdec/antenna/tag/e2806894000050038662154f, 87
1652702633.686952, sdrt-health/mac:02010b41cdec/antenna/tag/e28068940000500386620d4f, 83
1652702633.711396, sdrt-health/mac:02010b41cdec/antenna/tag/e28068940000400386621d4f, 96
1652702633.760287, sdrt-health/mac:02010b41cdec/antenna/tag/e2806894000050038662154f, 93
1652702633.802618, sdrt-health/mac:02010b41cdec/antenna/tag/e2806894000050038662154f, 85
1652702633.876526, sdrt-health/mac:02010b41cdec/antenna/tag/e2806894000040038662114f, 88
1652702633.877065, sdrt-health/mac:02010b41cdec/antenna/tag/e2806894000050038662154f, 93
1652702633.911241, sdrt-health/mac:02010b41cdec/antenna/tag/e2806894000050038662154f, 87
1652702633.951443, sdrt-health/mac:02010b41cdec/antenna/tag/e2806894000050038661fd4f, 91
1652702634.00099, sdrt-health/mac:02010b41cdec/antenna/tag/e2806894000040038662114f, 93
1652702634.058053, sdrt-health/mac:02010b41cdec/antenna/tag/e2806894000050038661fd4f, 91
1652702634.058624, sdrt-health/mac:02010b41cdec/antenna/tag/e28068940000400386621d4f, 77
1652702634.081629, sdrt-health/mac:02010b41cdec/antenna/tag/e2806894000040038662054f, 84
1652702634.120759, sdrt-health/mac:02010b41cdec/antenna/tag/e28068940000400386621d4f, 96
1652702634.177383, sdrt-health/mac:02010b41cdec/antenna/tag/e2806894000040038662114f, 85
1652702634.177905, sdrt-health/mac:02010b41cdec/antenna/tag/e28068940000400386621d4f, 96
1652702634.201376, sdrt-health/mac:02010b41cdec/antenna/tag/e2806894000050038661fd4f, 91
1652702634.241225, sdrt-health/mac:02010b41cdec/antenna/tag/e2806894000040038661f94f, 94
1652702634.269483, sdrt-health/mac:02010b41cdec/antenna/tag/e2806894000050038661fd4f, 97
1652702634.26979, sdrt-health/mac:02010b41cdec/antenna/tag/e2806894000050038662154f, 88
1652702634.270085, sdrt-health/mac:02010b41cdec/antenna/tag/e28068940000500386620d4f, 83
1652702634.311299, sdrt-health/mac:02010b41cdec/antenna/tag/e2806894000040038662114f, 85
1652702634.350227, sdrt-health/mac:02010b41cdec/antenna/tag/e2806894000040038662114f, 88
1652702634.420804, sdrt-health/mac:02010b41cdec/antenna/tag/e2806894000050038661fd4f, 83
1652702634.472365, sdrt-health/mac:02010b41cdec/antenna/tag/e2806894000050038662154f, 88
1652702634.512213, sdrt-health/mac:02010b41cdec/antenna/tag/e2806894000040038662114f, 85
1652702634.561514, sdrt-health/mac:02010b41cdec/antenna/tag/e28068940000500386620d4f, 83
1652702634.646052, sdrt-health/mac:02010b41cdec/antenna/tag/e2806894000050038662154f, 85
1652702634.646607, sdrt-health/mac:02010b41cdec/antenna/tag/e2806894000050038661fd4f, 91
1652702634.670458, sdrt-health/mac:02010b41cdec/antenna/tag/e2806894000050038661fd4f, 91
1652702634.721317, sdrt-health/mac:02010b41cdec/antenna/tag/e28068940000400386621d4f, 77
1652702634.762392, sdrt-health/mac:02010b41cdec/antenna/tag/e28068940000400386621d4f, 96
1652702634.792313, sdrt-health/mac:02010b41cdec/antenna/tag/e2806894000050038662154f, 87
1652702634.792559, sdrt-health/mac:02010b41cdec/antenna/tag/e28068940000500386620d4f, 83
1652702634.807727, sdrt-health/mac:02010b41cdec/antenna/tag/e28068940000400386621d4f, 96
1652702634.80818, sdrt-health/mac:02010b41cdec/antenna/tag/e2806894000050038662154f, 83
1652702634.841268, sdrt-health/mac:02010b41cdec/antenna/tag/e2806894000040038662114f, 85
1652702634.88213, sdrt-health/mac:02010b41cdec/antenna/tag/e2806894000040038662114f, 87
1652702634.938001, sdrt-health/mac:02010b41cdec/antenna/tag/e2806894000050038662154f, 85
1652702634.938695, sdrt-health/mac:02010b41cdec/antenna/tag/e28068940000400386621d4f, 96
1652702634.953987, sdrt-health/mac:02010b41cdec/antenna/tag/e2806894000040038662114f, 93
1652702634.962004, sdrt-health/mac:02010b41cdec/antenna/tag/e2806894000050038661fd4f, 91
1652702634.968538, sdrt-health/mac:02010b41cdec/antenna/tag/e28068940000500386620d4f, 83
1652702635.00108, sdrt-health/mac:02010b41cdec/antenna/tag/e28068940000500386620d4f, 83
1652702635.041241, sdrt-health/mac:02010b41cdec/antenna/tag/e28068940000400386621d4f, 96
1652702635.095586, sdrt-health/mac:02010b41cdec/antenna/tag/e28068940000500386620d4f, 83
1652702635.095823, sdrt-health/mac:02010b41cdec/antenna/tag/e2806894000050038661fd4f, 83
1652702635.121257, sdrt-health/mac:02010b41cdec/antenna/tag/e28068940000500386620d4f, 90
1652702635.176633, sdrt-health/mac:02010b41cdec/antenna/tag/e28068940000500386620d4f, 80
1652702635.177044, sdrt-health/mac:02010b41cdec/antenna/tag/e2806894000050038661fd4f, 91
1652702635.191954, sdrt-health/mac:02010b41cdec/antenna/tag/e2806894000050038662154f, 85
1652702635.201456, sdrt-health/mac:02010b41cdec/antenna/tag/e28068940000500386620d4f, 80
1652702635.207532, sdrt-health/mac:02010b41cdec/antenna/tag/e28068940000400386621d4f, 96
1652702635.271838, sdrt-health/mac:02010b41cdec/antenna/tag/e28068940000500386620d4f, 83
1652702635.272491, sdrt-health/mac:02010b41cdec/antenna/tag/e28068940000400386621d4f, 96
1652702635.313112, sdrt-health/mac:02010b41cdec/antenna/tag/e2806894000050038662154f, 85
1652702635.376318, sdrt-health/mac:02010b41cdec/antenna/tag/e2806894000040038662114f, 85
1652702635.37694, sdrt-health/mac:02010b41cdec/antenna/tag/e2806894000050038661fd4f, 83
1652702635.391109, sdrt-health/mac:02010b41cdec/antenna/tag/e28068940000500386620d4f, 83
1652702635.401038, sdrt-health/mac:02010b41cdec/antenna/tag/e28068940000400386621d4f, 96
1652702635.440711, sdrt-health/mac:02010b41cdec/antenna/tag/e28068940000500386620d4f, 83
1652702635.481328, sdrt-health/mac:02010b41cdec/antenna/tag/e2806894000050038662154f, 85
1652702635.565696, sdrt-health/mac:02010b41cdec/antenna/tag/e2806894000040038662114f, 85
1652702635.566162, sdrt-health/mac:02010b41cdec/antenna/tag/e2806894000050038661fd4f, 91
1652702635.601893, sdrt-health/mac:02010b41cdec/antenna/tag/e2806894000050038662154f, 85
1652702635.640835, sdrt-health/mac:02010b41cdec/antenna/tag/e28068940000500386620d4f, 80
1652702635.696376, sdrt-health/mac:02010b41cdec/antenna/tag/e28068940000500386620d4f, 83
1652702635.696646, sdrt-health/mac:02010b41cdec/antenna/tag/e2806894000040038662214f, 88
1652702635.711659, sdrt-health/mac:02010b41cdec/antenna/tag/e28068940000500386620d4f, 83
1652702635.721058, sdrt-health/mac:02010b41cdec/antenna/tag/e28068940000400386621d4f, 77
1652702635.761376, sdrt-health/mac:02010b41cdec/antenna/tag/e28068940000400386621d4f, 77
1652702635.801151, sdrt-health/mac:02010b41cdec/antenna/tag/e28068940000500386620d4f, 83
1652702635.841462, sdrt-health/mac:02010b41cdec/antenna/tag/e2806894000040038662114f, 87
1652702635.881048, sdrt-health/mac:02010b41cdec/antenna/tag/e28068940000500386620d4f, 83
1652702635.951591, sdrt-health/mac:02010b41cdec/antenna/tag/e2806894000050038662154f, 85
1652702635.983626, sdrt-health/mac:02010b41cdec/antenna/tag/e28068940000500386620d4f, 83
1652702635.984047, sdrt-health/mac:02010b41cdec/antenna/tag/e2806894000040038662114f, 88
1652702636.002167, sdrt-health/mac:02010b41cdec/antenna/tag/e2806894000040038662114f, 88
1652702636.07049, sdrt-health/mac:02010b41cdec/antenna/tag/e28068940000500386620d4f, 83
1652702636.111805, sdrt-health/mac:02010b41cdec/antenna/tag/e2806894000040038662114f, 88
1652702636.177799, sdrt-health/mac:02010b41cdec/antenna/tag/e28068940000400386621d4f, 96
1652702636.178245, sdrt-health/mac:02010b41cdec/antenna/tag/e28068940000500386620d4f, 83
1652702636.201439, sdrt-health/mac:02010b41cdec/antenna/tag/e28068940000500386620d4f, 83
1652702636.258452, sdrt-health/mac:02010b41cdec/antenna/tag/e28068940000400386621d4f, 77
1652702636.258953, sdrt-health/mac:02010b41cdec/antenna/tag/e2806894000040038662114f, 87
1652702636.31603, sdrt-health/mac:02010b41cdec/antenna/tag/e2806894000050038662154f, 85
1652702636.351266, sdrt-health/mac:02010b41cdec/antenna/tag/e2806894000040038662114f, 87
1652702636.380161, sdrt-health/mac:02010b41cdec/antenna/tag/e28068940000400386621d4f, 96
1652702636.380527, sdrt-health/mac:02010b41cdec/antenna/tag/e28068940000500386620d4f, 80
1652702636.400644, sdrt-health/mac:02010b41cdec/antenna/tag/e28068940000400386621d4f, 96
1652702636.454744, sdrt-health/mac:02010b41cdec/antenna/tag/e2806894000050038661fd4f, 91
1652702636.455198, sdrt-health/mac:02010b41cdec/antenna/tag/e2806894000050038661fd4f, 97
1652702636.470332, sdrt-health/mac:02010b41cdec/antenna/tag/e2806894000040038662114f, 85
1652702636.479935, sdrt-health/mac:02010b41cdec/antenna/tag/e2806894000050038662154f, 85
1652702636.48479, sdrt-health/mac:02010b41cdec/antenna/tag/e28068940000400386621d4f, 96
1652702636.571881, sdrt-health/mac:02010b41cdec/antenna/tag/e2806894000050038662154f, 85
1652702636.614743, sdrt-health/mac:02010b41cdec/antenna/tag/e28068940000500386620d4f, 83
1652702636.67625, sdrt-health/mac:02010b41cdec/antenna/tag/e2806894000040038662114f, 85
1652702636.676589, sdrt-health/mac:02010b41cdec/antenna/tag/e28068940000500386620d4f, 83
1652702636.720063, sdrt-health/mac:02010b41cdec/antenna/tag/e2806894000050038662154f, 85
1652702636.761216, sdrt-health/mac:02010b41cdec/antenna/tag/e2806894000050038661fd4f, 97
1652702636.802536, sdrt-health/mac:02010b41cdec/antenna/tag/e2806894000040038662114f, 93
1652702636.84089, sdrt-health/mac:02010b41cdec/antenna/tag/e28068940000500386620d4f, 83
1652702636.907823, sdrt-health/mac:02010b41cdec/antenna/tag/e2806894000040038662114f, 85
1652702636.908327, sdrt-health/mac:02010b41cdec/antenna/tag/e28068940000500386620d4f, 83
1652702636.923542, sdrt-health/mac:02010b41cdec/antenna/tag/e28068940000400386621d4f, 96
1652702636.969938, sdrt-health/mac:02010b41cdec/antenna/tag/e28068940000500386620d4f, 83
1652702637.029941, sdrt-health/mac:02010b41cdec/antenna/tag/e28068940000500386620d4f, 80
1652702637.030493, sdrt-health/mac:02010b41cdec/antenna/tag/e2806894000040038662114f, 93
1652702637.060699, sdrt-health/mac:02010b41cdec/antenna/tag/e2806894000050038662154f, 85
1652702637.111063, sdrt-health/mac:02010b41cdec/antenna/tag/e2806894000050038661fd4f, 91
1652702637.141, sdrt-health/mac:02010b41cdec/antenna/tag/e28068940000500386620d4f, 83
1652702637.14127, sdrt-health/mac:02010b41cdec/antenna/tag/e2806894000050038661fd4f, 91
1652702637.156071, sdrt-health/mac:02010b41cdec/antenna/tag/e2806894000050038662154f, 93
1652702637.231448, sdrt-health/mac:02010b41cdec/antenna/tag/e2806894000050038661fd4f, 97
1652702637.291905, sdrt-health/mac:02010b41cdec/antenna/tag/e28068940000500386620d4f, 80
1652702637.368224, sdrt-health/mac:02010b41cdec/antenna/tag/e2806894000050038662154f, 85
1652702637.368807, sdrt-health/mac:02010b41cdec/antenna/tag/e2806894000050038661fd4f, 97
1652702637.391193, sdrt-health/mac:02010b41cdec/antenna/tag/e2806894000050038662154f, 85
1652702637.487686, sdrt-health/mac:02010b41cdec/antenna/tag/e28068940000500386620d4f, 83
1652702637.488187, sdrt-health/mac:02010b41cdec/antenna/tag/e28068940000400386621d4f, 77
1652702637.530424, sdrt-health/mac:02010b41cdec/antenna/tag/e28068940000500386620d4f, 83
1652702637.58985, sdrt-health/mac:02010b41cdec/antenna/tag/e2806894000050038661fd4f, 88
1652702637.590301, sdrt-health/mac:02010b41cdec/antenna/tag/e2806894000050038661fd4f, 88
1652702637.606364, sdrt-health/mac:02010b41cdec/antenna/tag/e28068940000500386620d4f, 83
1652702637.620522, sdrt-health/mac:02010b41cdec/antenna/tag/e2806894000040038662114f, 93
1652702637.681122, sdrt-health/mac:02010b41cdec/antenna/tag/e28068940000500386620d4f, 83
1652702637.736437, sdrt-health/mac:02010b41cdec/antenna/tag/e28068940000400386621d4f, 77
1652702637.737124, sdrt-health/mac:02010b41cdec/antenna/tag/e2806894000050038662154f, 93
1652702637.751575, sdrt-health/mac:02010b41cdec/antenna/tag/e2806894000050038662154f, 85
1652702637.77092, sdrt-health/mac:02010b41cdec/antenna/tag/e28068940000400386621d4f, 96
1652702637.801087, sdrt-health/mac:02010b41cdec/antenna/tag/e2806894000050038662154f, 85
1652702637.801413, sdrt-health/mac:02010b41cdec/antenna/tag/e28068940000500386620d4f, 83
1652702637.826724, sdrt-health/mac:02010b41cdec/antenna/tag/e2806894000040038662114f, 93
1652702637.895467, sdrt-health/mac:02010b41cdec/antenna/tag/e2806894000050038662154f, 88
1652702637.925148, sdrt-health/mac:02010b41cdec/antenna/tag/e2806894000040038662114f, 93
1652702637.925632, sdrt-health/mac:02010b41cdec/antenna/tag/e2806894000050038661fd4f, 97
1652702637.941757, sdrt-health/mac:02010b41cdec/antenna/tag/e28068940000400386621d4f, 96
1652702638.00572, sdrt-health/mac:02010b41cdec/antenna/tag/e2806894000040038662114f, 85
1652702638.00622, sdrt-health/mac:02010b41cdec/antenna/tag/e2806894000040038662114f, 88
1652702638.031197, sdrt-health/mac:02010b41cdec/antenna/tag/e28068940000500386620d4f, 83
1652702638.096802, sdrt-health/mac:02010b41cdec/antenna/tag/e2806894000040038662114f, 88
1652702638.097377, sdrt-health/mac:02010b41cdec/antenna/tag/e2806894000050038662154f, 85
1652702638.112441, sdrt-health/mac:02010b41cdec/antenna/tag/e2806894000050038662154f, 85
1652702638.165822, sdrt-health/mac:02010b41cdec/antenna/tag/e2806894000050038662154f, 85
1652702638.166019, sdrt-health/mac:02010b41cdec/antenna/tag/e2806894000040038662114f, 85
1652702638.190654, sdrt-health/mac:02010b41cdec/antenna/tag/e2806894000050038661fd4f, 91
1652702638.256243, sdrt-health/mac:02010b41cdec/antenna/tag/e28068940000500386620d4f, 90
1652702638.256733, sdrt-health/mac:02010b41cdec/antenna/tag/e2806894000050038661fd4f, 91
1652702638.28103, sdrt-health/mac:02010b41cdec/antenna/tag/e2806894000050038661fd4f, 97
1652702638.335074, sdrt-health/mac:02010b41cdec/antenna/tag/e28068940000500386620d4f, 83
1652702638.33553, sdrt-health/mac:02010b41cdec/antenna/tag/e28068940000500386620d4f, 83
1652702638.361986, sdrt-health/mac:02010b41cdec/antenna/tag/e28068940000500386620d4f, 83
1652702638.402031, sdrt-health/mac:02010b41cdec/antenna/tag/e2806894000050038662154f, 85
1652702638.441405, sdrt-health/mac:02010b41cdec/antenna/tag/e28068940000500386620d4f, 83
1652702638.481955, sdrt-health/mac:02010b41cdec/antenna/tag/e2806894000050038662154f, 85
1652702638.522703, sdrt-health/mac:02010b41cdec/antenna/tag/e2806894000050038662154f, 93
1652702638.57645, sdrt-health/mac:02010b41cdec/antenna/tag/e28068940000400386621d4f, 90
1652702638.576962, sdrt-health/mac:02010b41cdec/antenna/tag/e2806894000050038662154f, 93
1652702638.5912, sdrt-health/mac:02010b41cdec/antenna/tag/e2806894000040038662114f, 85
1652702638.601251, sdrt-health/mac:02010b41cdec/antenna/tag/e2806894000040038662114f, 85
1652702638.641499, sdrt-health/mac:02010b41cdec/antenna/tag/e2806894000050038661fd4f, 97
1652702638.695938, sdrt-health/mac:02010b41cdec/antenna/tag/e28068940000400386621d4f, 96
1652702638.696191, sdrt-health/mac:02010b41cdec/antenna/tag/e2806894000050038662154f, 85
1652702638.72068, sdrt-health/mac:02010b41cdec/antenna/tag/e28068940000500386620d4f, 83
1652702638.759872, sdrt-health/mac:02010b41cdec/antenna/tag/e28068940000500386620d4f, 83
1652702638.801311, sdrt-health/mac:02010b41cdec/antenna/tag/e2806894000050038662154f, 93
1652702638.839969, sdrt-health/mac:02010b41cdec/antenna/tag/e2806894000050038662154f, 85
1652702638.896203, sdrt-health/mac:02010b41cdec/antenna/tag/e2806894000050038661fd4f, 91
1652702638.896719, sdrt-health/mac:02010b41cdec/antenna/tag/e28068940000500386620d4f, 83
1652702638.920942, sdrt-health/mac:02010b41cdec/antenna/tag/e28068940000500386620d4f, 90
1652702639.047931, sdrt-health/mac:02010b41cdec/antenna/tag/e2806894000050038661fd4f, 91
1652702639.048402, sdrt-health/mac:02010b41cdec/antenna/tag/e28068940000400386621d4f, 77
1652702639.070548, sdrt-health/mac:02010b41cdec/antenna/tag/e28068940000400386621d4f, 96
1652702639.136907, sdrt-health/mac:02010b41cdec/antenna/tag/e2806894000050038662154f, 85
1652702639.137321, sdrt-health/mac:02010b41cdec/antenna/tag/e2806894000040038662114f, 85
1652702639.153074, sdrt-health/mac:02010b41cdec/antenna/tag/e28068940000400386621d4f, 77
1652702639.182497, sdrt-health/mac:02010b41cdec/antenna/tag/e28068940000400386621d4f, 96
1652702639.182689, sdrt-health/mac:02010b41cdec/antenna/tag/e28068940000400386621d4f, 96
1652702639.201979, sdrt-health/mac:02010b41cdec/antenna/tag/e2806894000050038661fd4f, 83
1652702639.257984, sdrt-health/mac:02010b41cdec/antenna/tag/e28068940000500386620d4f, 83
1652702639.258517, sdrt-health/mac:02010b41cdec/antenna/tag/e2806894000050038662154f, 85
1652702639.274789, sdrt-health/mac:02010b41cdec/antenna/tag/e28068940000500386620d4f, 90
1652702639.275035, sdrt-health/mac:02010b41cdec/antenna/tag/e2806894000050038662154f, 88
1652702639.288609, sdrt-health/mac:02010b41cdec/antenna/tag/e2806894000040038661f94f, 84
1652702639.321145, sdrt-health/mac:02010b41cdec/antenna/tag/e28068940000400386621d4f, 77
1652702639.374976, sdrt-health/mac:02010b41cdec/antenna/tag/e2806894000050038662154f, 87
1652702639.375438, sdrt-health/mac:02010b41cdec/antenna/tag/e28068940000500386620d4f, 83
1652702639.389843, sdrt-health/mac:02010b41cdec/antenna/tag/e2806894000050038662154f, 93
1652702639.40114, sdrt-health/mac:02010b41cdec/antenna/tag/e2806894000050038662154f, 93
1652702639.44068, sdrt-health/mac:02010b41cdec/antenna/tag/e2806894000050038662154f, 93
1652702639.495408, sdrt-health/mac:02010b41cdec/antenna/tag/e2806894000050038662154f, 85
1652702639.555377, sdrt-health/mac:02010b41cdec/antenna/tag/e28068940000400386621d4f, 96
1652702639.555882, sdrt-health/mac:02010b41cdec/antenna/tag/e28068940000400386621d4f, 96
1652702639.611355, sdrt-health/mac:02010b41cdec/antenna/tag/e28068940000400386621d4f, 96
1652702639.641347, sdrt-health/mac:02010b41cdec/antenna/tag/e2806894000040038662114f, 88
1652702639.641835, sdrt-health/mac:02010b41cdec/antenna/tag/e2806894000050038661fd4f, 97
1652702639.657773, sdrt-health/mac:02010b41cdec/antenna/tag/e2806894000050038661fd4f, 97
1652702639.65809, sdrt-health/mac:02010b41cdec/antenna/tag/e2806894000050038662154f, 85
1652702639.701072, sdrt-health/mac:02010b41cdec/antenna/tag/e2806894000050038662154f, 87
1652702639.76694, sdrt-health/mac:02010b41cdec/antenna/tag/e2806894000040038662114f, 85
1652702639.767442, sdrt-health/mac:02010b41cdec/antenna/tag/e28068940000500386620d4f, 83
1652702639.791577, sdrt-health/mac:02010b41cdec/antenna/tag/e28068940000400386621d4f, 77
1652702639.865591, sdrt-health/mac:02010b41cdec/antenna/tag/e28068940000500386620d4f, 83
1652702639.866098, sdrt-health/mac:02010b41cdec/antenna/tag/e28068940000500386620d4f, 83
1652702639.882086, sdrt-health/mac:02010b41cdec/antenna/tag/e28068940000400386621d4f, 96
1652702639.882406, sdrt-health/mac:02010b41cdec/antenna/tag/e28068940000500386620d4f, 83
1652702639.895138, sdrt-health/mac:02010b41cdec/antenna/tag/e2806894000040038662114f, 85
1652702639.897878, sdrt-health/mac:02010b41cdec/antenna/tag/e28068940000400386621d4f, 96
1652702639.89815, sdrt-health/mac:02010b41cdec/antenna/tag/e28068940000500386620d4f, 83
1652702639.950679, sdrt-health/mac:02010b41cdec/antenna/tag/e28068940000400386621d4f, 96
1652702640.031873, sdrt-health/mac:02010b41cdec/antenna/tag/e28068940000500386620d4f, 90
1652702640.1036, sdrt-health/mac:02010b41cdec/antenna/tag/e2806894000050038662154f, 85
1652702640.104157, sdrt-health/mac:02010b41cdec/antenna/tag/e28068940000500386620d4f, 83
1652702640.104541, sdrt-health/mac:02010b41cdec/antenna/tag/e28068940000400386621d4f, 96
1652702640.136114, sdrt-health/mac:02010b41cdec/antenna/tag/e2806894000050038661fd4f, 88
1652702640.181294, sdrt-health/mac:02010b41cdec/antenna/tag/e28068940000500386620d4f, 90
1652702640.23211, sdrt-health/mac:02010b41cdec/antenna/tag/e2806894000050038661fd4f, 91
1652702640.262054, sdrt-health/mac:02010b41cdec/antenna/tag/e28068940000500386620d4f, 83
1652702640.262294, sdrt-health/mac:02010b41cdec/antenna/tag/e2806894000040038662114f, 88
1652702640.276969, sdrt-health/mac:02010b41cdec/antenna/tag/e28068940000400386621d4f, 96
1652702640.277207, sdrt-health/mac:02010b41cdec/antenna/tag/e28068940000400386621d4f, 96
1652702640.321665, sdrt-health/mac:02010b41cdec/antenna/tag/e2806894000040038662114f, 85
1652702640.362487, sdrt-health/mac:02010b41cdec/antenna/tag/e2806894000040038662114f, 85
1652702640.417403, sdrt-health/mac:02010b41cdec/antenna/tag/e28068940000500386620d4f, 83
1652702640.417667, sdrt-health/mac:02010b41cdec/antenna/tag/e28068940000500386620d4f, 83
1652702640.44051, sdrt-health/mac:02010b41cdec/antenna/tag/e2806894000040038662114f, 93
1652702640.481586, sdrt-health/mac:02010b41cdec/antenna/tag/e28068940000500386620d4f, 80
1652702640.511522, sdrt-health/mac:02010b41cdec/antenna/tag/e2806894000040038662114f, 87
1652702640.511785, sdrt-health/mac:02010b41cdec/antenna/tag/e2806894000040038662114f, 83
1652702640.535232, sdrt-health/mac:02010b41cdec/antenna/tag/e2806894000050038661fd4f, 91
1652702640.618397, sdrt-health/mac:02010b41cdec/antenna/tag/e2806894000050038662154f, 85
1652702640.618849, sdrt-health/mac:02010b41cdec/antenna/tag/e2806894000040038662114f, 93
1652702640.640838, sdrt-health/mac:02010b41cdec/antenna/tag/e28068940000500386620d4f, 83
1652702640.641667, sdrt-health/mac:02010b41cdec/antenna/tag/e28068940000400386621d4f, 96
1652702640.681817, sdrt-health/mac:02010b41cdec/antenna/tag/e28068940000500386620d4f, 83
1652702640.745462, sdrt-health/mac:02010b41cdec/antenna/tag/e2806894000050038662154f, 85
1652702640.745967, sdrt-health/mac:02010b41cdec/antenna/tag/e2806894000040038662114f, 85
1652702640.746391, sdrt-health/mac:02010b41cdec/antenna/tag/e2806894000040038662114f, 85
1652702640.775176, sdrt-health/mac:02010b41cdec/antenna/tag/e28068940000500386620d4f, 83
1652702640.805797, sdrt-health/mac:02010b41cdec/antenna/tag/e28068940000400386621d4f, 96
1652702640.806184, sdrt-health/mac:02010b41cdec/antenna/tag/e2806894000040038662114f, 85
1652702640.820538, sdrt-health/mac:02010b41cdec/antenna/tag/e2806894000050038661fd4f, 97
1652702640.820972, sdrt-health/mac:02010b41cdec/antenna/tag/e2806894000040038662114f, 85
1652702640.854869, sdrt-health/mac:02010b41cdec/antenna/tag/e2806894000040038662114f, 85
1652702640.908912, sdrt-health/mac:02010b41cdec/antenna/tag/e28068940000500386620d4f, 83
1652702640.96003, sdrt-health/mac:02010b41cdec/antenna/tag/e2806894000050038661fd4f, 97
1652702641.004068, sdrt-health/mac:02010b41cdec/antenna/tag/e2806894000050038662154f, 85
1652702641.033101, sdrt-health/mac:02010b41cdec/antenna/tag/e2806894000050038661fd4f, 97
1652702641.033544, sdrt-health/mac:02010b41cdec/antenna/tag/e2806894000050038661fd4f, 97
1652702641.049096, sdrt-health/mac:02010b41cdec/antenna/tag/e28068940000500386620d4f, 83
1652702641.082424, sdrt-health/mac:02010b41cdec/antenna/tag/e2806894000040038662114f, 93
1652702641.136267, sdrt-health/mac:02010b41cdec/antenna/tag/e28068940000500386620d4f, 83
1652702641.136774, sdrt-health/mac:02010b41cdec/antenna/tag/e28068940000500386620d4f, 83
1652702641.151089, sdrt-health/mac:02010b41cdec/antenna/tag/e2806894000050038661fd4f, 91
1652702641.174557, sdrt-health/mac:02010b41cdec/antenna/tag/e28068940000500386620d4f, 83
1652702641.22209, sdrt-health/mac:02010b41cdec/antenna/tag/e28068940000500386620d4f, 80
1652702641.28606, sdrt-health/mac:02010b41cdec/antenna/tag/e28068940000400386621d4f, 90
1652702641.28654, sdrt-health/mac:02010b41cdec/antenna/tag/e28068940000500386620d4f, 83
1652702641.28695, sdrt-health/mac:02010b41cdec/antenna/tag/e28068940000400386621d4f, 77
1652702641.287293, sdrt-health/mac:02010b41cdec/antenna/tag/e2806894000040038662114f, 85
1652702641.319576, sdrt-health/mac:02010b41cdec/antenna/tag/e2806894000050038662154f, 85
1652702641.376824, sdrt-health/mac:02010b41cdec/antenna/tag/e2806894000050038661fd4f, 91
1652702641.377355, sdrt-health/mac:02010b41cdec/antenna/tag/e2806894000050038662154f, 93
1652702641.400692, sdrt-health/mac:02010b41cdec/antenna/tag/e28068940000500386620d4f, 83
1652702641.442232, sdrt-health/mac:02010b41cdec/antenna/tag/e2806894000040038662114f, 87
1652702641.482549, sdrt-health/mac:02010b41cdec/antenna/tag/e28068940000500386620d4f, 83
1652702641.53641, sdrt-health/mac:02010b41cdec/antenna/tag/e28068940000400386621d4f, 96
1652702641.537021, sdrt-health/mac:02010b41cdec/antenna/tag/e28068940000400386621d4f, 96
1652702641.551971, sdrt-health/mac:02010b41cdec/antenna/tag/e28068940000400386621d4f, 96
1652702641.561178, sdrt-health/mac:02010b41cdec/antenna/tag/e2806894000050038661fd4f, 97
1652702641.568435, sdrt-health/mac:02010b41cdec/antenna/tag/e2806894000050038661fd4f, 97
1652702641.601341, sdrt-health/mac:02010b41cdec/antenna/tag/e28068940000400386621d4f, 96
1652702641.764153, sdrt-health/mac:02010b41cdec/antenna/tag/e28068940000500386620d4f, 83
1652702641.801416, sdrt-health/mac:02010b41cdec/antenna/tag/e2806894000050038662154f, 85
1652702641.856459, sdrt-health/mac:02010b41cdec/antenna/tag/e28068940000400386621d4f, 96
1652702641.857048, sdrt-health/mac:02010b41cdec/antenna/tag/e2806894000050038662154f, 85
1652702641.871393, sdrt-health/mac:02010b41cdec/antenna/tag/e2806894000050038661fd4f, 83
1652702641.8803, sdrt-health/mac:02010b41cdec/antenna/tag/e2806894000050038661fd4f, 83
1652702641.921332, sdrt-health/mac:02010b41cdec/antenna/tag/e28068940000400386621d4f, 96
1652702641.961443, sdrt-health/mac:02010b41cdec/antenna/tag/e2806894000040038662114f, 93
1652702642.015762, sdrt-health/mac:02010b41cdec/antenna/tag/e2806894000050038662154f, 85
1652702642.016257, sdrt-health/mac:02010b41cdec/antenna/tag/e2806894000040038662114f, 93
1652702642.040882, sdrt-health/mac:02010b41cdec/antenna/tag/e2806894000050038661fd4f, 91
1652702642.097558, sdrt-health/mac:02010b41cdec/antenna/tag/e2806894000050038662154f, 85
1652702642.098014, sdrt-health/mac:02010b41cdec/antenna/tag/e28068940000400386621d4f, 96
1652702642.114602, sdrt-health/mac:02010b41cdec/antenna/tag/e2806894000050038662154f, 85
1652702642.121962, sdrt-health/mac:02010b41cdec/antenna/tag/e2806894000040038662114f, 85
1652702642.129727, sdrt-health/mac:02010b41cdec/antenna/tag/e2806894000050038661fd4f, 91
1652702642.171443, sdrt-health/mac:02010b41cdec/antenna/tag/e28068940000500386620d4f, 83
1652702642.215786, sdrt-health/mac:02010b41cdec/antenna/tag/e2806894000040038662214f, 82
1652702642.261132, sdrt-health/mac:02010b41cdec/antenna/tag/e28068940000400386621d4f, 77
1652702642.326247, sdrt-health/mac:02010b41cdec/antenna/tag/e2806894000050038662154f, 85
1652702642.326705, sdrt-health/mac:02010b41cdec/antenna/tag/e28068940000500386620d4f, 83
1652702642.351652, sdrt-health/mac:02010b41cdec/antenna/tag/e2806894000050038661fd4f, 91
1652702642.420813, sdrt-health/mac:02010b41cdec/antenna/tag/e2806894000040038662114f, 93
1652702642.496338, sdrt-health/mac:02010b41cdec/antenna/tag/e2806894000050038661fd4f, 91
1652702642.496902, sdrt-health/mac:02010b41cdec/antenna/tag/e2806894000050038661fd4f, 83
1652702642.511894, sdrt-health/mac:02010b41cdec/antenna/tag/e2806894000040038662114f, 88
1652702642.520541, sdrt-health/mac:02010b41cdec/antenna/tag/e28068940000500386620d4f, 83
1652702642.561049, sdrt-health/mac:02010b41cdec/antenna/tag/e28068940000500386620d4f, 83
1652702642.616287, sdrt-health/mac:02010b41cdec/antenna/tag/e28068940000500386620d4f, 83
1652702642.661217, sdrt-health/mac:02010b41cdec/antenna/tag/e2806894000050038662154f, 93
1652702642.711721, sdrt-health/mac:02010b41cdec/antenna/tag/e28068940000500386620d4f, 83
1652702642.744933, sdrt-health/mac:02010b41cdec/antenna/tag/e2806894000050038661fd4f, 91
1652702642.74542, sdrt-health/mac:02010b41cdec/antenna/tag/e28068940000500386620d4f, 80
1652702642.760552, sdrt-health/mac:02010b41cdec/antenna/tag/e28068940000500386620d4f, 83
1652702642.760853, sdrt-health/mac:02010b41cdec/antenna/tag/e2806894000050038662154f, 93
1652702642.761042, sdrt-health/mac:02010b41cdec/antenna/tag/e2806894000050038661fd4f, 91
1652702642.808483, sdrt-health/mac:02010b41cdec/antenna/tag/e2806894000040038662114f, 87
1652702642.855993, sdrt-health/mac:02010b41cdec/antenna/tag/e2806894000050038661fd4f, 97
1652702642.907832, sdrt-health/mac:02010b41cdec/antenna/tag/e28068940000500386620d4f, 80
1652702642.908298, sdrt-health/mac:02010b41cdec/antenna/tag/e2806894000050038662154f, 85
1652702642.923539, sdrt-health/mac:02010b41cdec/antenna/tag/e28068940000400386621d4f, 96
1652702642.934794, sdrt-health/mac:02010b41cdec/antenna/tag/e2806894000050038662154f, 85
1652702642.982297, sdrt-health/mac:02010b41cdec/antenna/tag/e2806894000050038661fd4f, 97
1652702643.047202, sdrt-health/mac:02010b41cdec/antenna/tag/e28068940000400386621d4f, 96
1652702643.048144, sdrt-health/mac:02010b41cdec/antenna/tag/e28068940000500386620d4f, 83
1652702643.062857, sdrt-health/mac:02010b41cdec/antenna/tag/e2806894000040038662114f, 87
1652702643.071654, sdrt-health/mac:02010b41cdec/antenna/tag/e2806894000050038662154f, 85
1652702643.123257, sdrt-health/mac:02010b41cdec/antenna/tag/e28068940000500386620d4f, 83
1652702643.161463, sdrt-health/mac:02010b41cdec/antenna/tag/e2806894000040038662114f, 85
1652702643.201107, sdrt-health/mac:02010b41cdec/antenna/tag/e2806894000040038662114f, 93
1652702643.257791, sdrt-health/mac:02010b41cdec/antenna/tag/e2806894000050038661fd4f, 91
1652702643.258316, sdrt-health/mac:02010b41cdec/antenna/tag/e28068940000500386620d4f, 80
1652702643.273054, sdrt-health/mac:02010b41cdec/antenna/tag/e2806894000050038662154f, 85
1652702643.281018, sdrt-health/mac:02010b41cdec/antenna/tag/e28068940000500386620d4f, 80
1652702643.336483, sdrt-health/mac:02010b41cdec/antenna/tag/e28068940000500386620d4f, 80
1652702643.381484, sdrt-health/mac:02010b41cdec/antenna/tag/e2806894000050038661fd4f, 97
1652702643.450609, sdrt-health/mac:02010b41cdec/antenna/tag/e2806894000050038662154f, 85
1652702643.495694, sdrt-health/mac:02010b41cdec/antenna/tag/e2806894000050038662154f, 88
1652702643.559247, sdrt-health/mac:02010b41cdec/antenna/tag/e2806894000040038662114f, 88
1652702643.559805, sdrt-health/mac:02010b41cdec/antenna/tag/e28068940000500386620d4f, 80
1652702643.5752, sdrt-health/mac:02010b41cdec/antenna/tag/e28068940000400386621d4f, 96
1652702643.605726, sdrt-health/mac:02010b41cdec/antenna/tag/e28068940000400386621d4f, 96
1652702643.60621, sdrt-health/mac:02010b41cdec/antenna/tag/e28068940000400386621d4f, 96
1652702643.631239, sdrt-health/mac:02010b41cdec/antenna/tag/e2806894000050038661fd4f, 88
1652702643.632054, sdrt-health/mac:02010b41cdec/antenna/tag/e28068940000500386620d4f, 80
1652702643.687447, sdrt-health/mac:02010b41cdec/antenna/tag/e2806894000040038662114f, 93
1652702643.743935, sdrt-health/mac:02010b41cdec/antenna/tag/e28068940000400386621d4f, 96
1652702643.782382, sdrt-health/mac:02010b41cdec/antenna/tag/e28068940000500386620d4f, 83
1652702643.831266, sdrt-health/mac:02010b41cdec/antenna/tag/e28068940000400386621d4f, 96
1652702643.872925, sdrt-health/mac:02010b41cdec/antenna/tag/e28068940000400386621d4f, 90
1652702643.920219, sdrt-health/mac:02010b41cdec/antenna/tag/e28068940000400386621d4f, 96
1652702643.97773, sdrt-health/mac:02010b41cdec/antenna/tag/e2806894000050038662154f, 85
1652702643.978235, sdrt-health/mac:02010b41cdec/antenna/tag/e2806894000050038662154f, 88
1652702644.01082, sdrt-health/mac:02010b41cdec/antenna/tag/e2806894000050038662154f, 85
1652702644.042434, sdrt-health/mac:02010b41cdec/antenna/tag/e2806894000050038661fd4f, 91
1652702644.042756, sdrt-health/mac:02010b41cdec/antenna/tag/e2806894000050038662154f, 87
1652702644.059685, sdrt-health/mac:02010b41cdec/antenna/tag/e28068940000400386621d4f, 77
1652702644.059988, sdrt-health/mac:02010b41cdec/antenna/tag/e2806894000050038662154f, 83
1652702644.102945, sdrt-health/mac:02010b41cdec/antenna/tag/e28068940000400386621d4f, 77
1652702644.151969, sdrt-health/mac:02010b41cdec/antenna/tag/e2806894000050038662154f, 93
1652702644.205025, sdrt-health/mac:02010b41cdec/antenna/tag/e28068940000500386620d4f, 83
1652702644.205267, sdrt-health/mac:02010b41cdec/antenna/tag/e28068940000500386620d4f, 90
1652702644.219449, sdrt-health/mac:02010b41cdec/antenna/tag/e2806894000050038661fd4f, 91
1652702644.240578, sdrt-health/mac:02010b41cdec/antenna/tag/e2806894000050038661fd4f, 97
1652702644.280662, sdrt-health/mac:02010b41cdec/antenna/tag/e28068940000500386620d4f, 80
1652702644.281145, sdrt-health/mac:02010b41cdec/antenna/tag/e28068940000500386620d4f, 80
1652702644.321515, sdrt-health/mac:02010b41cdec/antenna/tag/e2806894000050038661fd4f, 97
1652702644.391536, sdrt-health/mac:02010b41cdec/antenna/tag/e28068940000400386621d4f, 96
1652702644.392091, sdrt-health/mac:02010b41cdec/antenna/tag/e28068940000400386621d4f, 96
1652702644.407602, sdrt-health/mac:02010b41cdec/antenna/tag/e2806894000050038661fd4f, 97
1652702644.42184, sdrt-health/mac:02010b41cdec/antenna/tag/e28068940000400386621d4f, 96
1652702644.471294, sdrt-health/mac:02010b41cdec/antenna/tag/e28068940000400386621d4f, 96
1652702644.51054, sdrt-health/mac:02010b41cdec/antenna/tag/e2806894000050038662194f, 81
1652702644.567015, sdrt-health/mac:02010b41cdec/antenna/tag/e28068940000400386621d4f, 96
1652702644.567509, sdrt-health/mac:02010b41cdec/antenna/tag/e2806894000050038662154f, 85
1652702644.58142, sdrt-health/mac:02010b41cdec/antenna/tag/e2806894000050038661fd4f, 97
1652702644.602139, sdrt-health/mac:02010b41cdec/antenna/tag/e2806894000050038661fd4f, 97
1652702644.641278, sdrt-health/mac:02010b41cdec/antenna/tag/e2806894000050038661fd4f, 91
1652702644.695976, sdrt-health/mac:02010b41cdec/antenna/tag/e2806894000050038661fd4f, 97
1652702644.756379, sdrt-health/mac:02010b41cdec/antenna/tag/e2806894000040038662114f, 93
1652702644.756822, sdrt-health/mac:02010b41cdec/antenna/tag/e2806894000050038661fd4f, 97
1652702644.79129, sdrt-health/mac:02010b41cdec/antenna/tag/e2806894000040038662114f, 85
1652702644.821813, sdrt-health/mac:02010b41cdec/antenna/tag/e2806894000050038661fd4f, 83
1652702644.822274, sdrt-health/mac:02010b41cdec/antenna/tag/e2806894000040038662114f, 88
1652702644.836372, sdrt-health/mac:02010b41cdec/antenna/tag/e2806894000040038662114f, 85
1652702644.881827, sdrt-health/mac:02010b41cdec/antenna/tag/e2806894000040038662114f, 85
1652702644.935813, sdrt-health/mac:02010b41cdec/antenna/tag/e28068940000500386620d4f, 80
1652702644.996045, sdrt-health/mac:02010b41cdec/antenna/tag/e28068940000400386621d4f, 96
1652702644.996514, sdrt-health/mac:02010b41cdec/antenna/tag/e2806894000050038661fd4f, 97
1652702645.011837, sdrt-health/mac:02010b41cdec/antenna/tag/e2806894000040038662114f, 85
1652702645.040562, sdrt-health/mac:02010b41cdec/antenna/tag/e2806894000040038662114f, 85
1652702645.111055, sdrt-health/mac:02010b41cdec/antenna/tag/e2806894000050038662154f, 93
1652702645.150457, sdrt-health/mac:02010b41cdec/antenna/tag/e2806894000050038662154f, 88
1652702645.201537, sdrt-health/mac:02010b41cdec/antenna/tag/e28068940000400386621d4f, 96
1652702645.240566, sdrt-health/mac:02010b41cdec/antenna/tag/e2806894000050038661fd4f, 97
1652702645.281377, sdrt-health/mac:02010b41cdec/antenna/tag/e2806894000040038661f94f, 88
1652702645.321013, sdrt-health/mac:02010b41cdec/antenna/tag/e28068940000500386620d4f, 83
1652702645.36319, sdrt-health/mac:02010b41cdec/antenna/tag/e2806894000040038662114f, 93
1652702645.415207, sdrt-health/mac:02010b41cdec/antenna/tag/e28068940000500386620d4f, 83
1652702645.450574, sdrt-health/mac:02010b41cdec/antenna/tag/e28068940000400386621d4f, 96
1652702645.479643, sdrt-health/mac:02010b41cdec/antenna/tag/e28068940000500386620d4f, 83
1652702645.480003, sdrt-health/mac:02010b41cdec/antenna/tag/e2806894000050038661fd4f, 91
1652702645.494916, sdrt-health/mac:02010b41cdec/antenna/tag/e28068940000500386620d4f, 83
1652702645.542626, sdrt-health/mac:02010b41cdec/antenna/tag/e28068940000500386620d4f, 83
1652702645.591805, sdrt-health/mac:02010b41cdec/antenna/tag/e28068940000500386620d4f, 83
1652702645.657106, sdrt-health/mac:02010b41cdec/antenna/tag/e2806894000050038662154f, 87
1652702645.657553, sdrt-health/mac:02010b41cdec/antenna/tag/e28068940000400386621d4f, 96
1652702645.672557, sdrt-health/mac:02010b41cdec/antenna/tag/e2806894000050038662154f, 87
1652702645.680258, sdrt-health/mac:02010b41cdec/antenna/tag/e2806894000050038661fd4f, 91
1652702645.687376, sdrt-health/mac:02010b41cdec/antenna/tag/e28068940000500386620d4f, 90
1652702645.721452, sdrt-health/mac:02010b41cdec/antenna/tag/e2806894000040038662114f, 88
1652702645.776822, sdrt-health/mac:02010b41cdec/antenna/tag/e28068940000500386620d4f, 80
1652702645.777225, sdrt-health/mac:02010b41cdec/antenna/tag/e2806894000050038661fd4f, 97
1652702645.801605, sdrt-health/mac:02010b41cdec/antenna/tag/e2806894000040038662114f, 93
1652702645.841713, sdrt-health/mac:02010b41cdec/antenna/tag/e2806894000050038661fd4f, 97
1652702645.912291, sdrt-health/mac:02010b41cdec/antenna/tag/e28068940000500386620d4f, 83
1652702645.912835, sdrt-health/mac:02010b41cdec/antenna/tag/e2806894000050038662154f, 85
1652702645.928934, sdrt-health/mac:02010b41cdec/antenna/tag/e28068940000500386620d4f, 83
1652702645.92927, sdrt-health/mac:02010b41cdec/antenna/tag/e2806894000040038662114f, 93
1652702645.949646, sdrt-health/mac:02010b41cdec/antenna/tag/e2806894000040038662054f, 94
1652702646.017087, sdrt-health/mac:02010b41cdec/antenna/tag/e2806894000050038661fd4f, 97
1652702646.017585, sdrt-health/mac:02010b41cdec/antenna/tag/e2806894000040038662114f, 88
1652702646.032402, sdrt-health/mac:02010b41cdec/antenna/tag/e28068940000400386621d4f, 90
1652702646.032956, sdrt-health/mac:02010b41cdec/antenna/tag/e2806894000050038662154f, 85
1652702646.056018, sdrt-health/mac:02010b41cdec/antenna/tag/e28068940000400386621d4f, 96
1652702646.110454, sdrt-health/mac:02010b41cdec/antenna/tag/e2806894000050038661fd4f, 97
1652702646.169755, sdrt-health/mac:02010b41cdec/antenna/tag/e2806894000040038662114f, 85
1652702646.231703, sdrt-health/mac:02010b41cdec/antenna/tag/e28068940000500386620d4f, 83
1652702646.232196, sdrt-health/mac:02010b41cdec/antenna/tag/e2806894000050038662154f, 93
1652702646.248029, sdrt-health/mac:02010b41cdec/antenna/tag/e28068940000500386620d4f, 83
1652702646.249497, sdrt-health/mac:02010b41cdec/antenna/tag/e28068940000400386621d4f, 77
1652702646.262617, sdrt-health/mac:02010b41cdec/antenna/tag/e2806894000050038661fd4f, 88
1652702646.265069, sdrt-health/mac:02010b41cdec/antenna/tag/e28068940000500386620d4f, 83
1652702646.265338, sdrt-health/mac:02010b41cdec/antenna/tag/e2806894000050038662154f, 87
1652702646.312393, sdrt-health/mac:02010b41cdec/antenna/tag/e2806894000040038662114f, 85
1652702646.353302, sdrt-health/mac:02010b41cdec/antenna/tag/e28068940000500386620d4f, 83
1652702646.40208, sdrt-health/mac:02010b41cdec/antenna/tag/e28068940000500386620d4f, 83
1652702646.432183, sdrt-health/mac:02010b41cdec/antenna/tag/e2806894000040038662114f, 85
1652702646.432454, sdrt-health/mac:02010b41cdec/antenna/tag/e28068940000500386620d4f, 80
1652702646.447604, sdrt-health/mac:02010b41cdec/antenna/tag/e2806894000040038662114f, 85
1652702646.44808, sdrt-health/mac:02010b41cdec/antenna/tag/e28068940000500386620d4f, 83
1652702646.480965, sdrt-health/mac:02010b41cdec/antenna/tag/e2806894000040038662114f, 85
1652702646.520694, sdrt-health/mac:02010b41cdec/antenna/tag/e2806894000050038661fd4f, 97
1652702646.561295, sdrt-health/mac:02010b41cdec/antenna/tag/e28068940000500386620d4f, 80
1652702646.601356, sdrt-health/mac:02010b41cdec/antenna/tag/e28068940000400386621d4f, 96
1652702646.657654, sdrt-health/mac:02010b41cdec/antenna/tag/e2806894000050038661fd4f, 91
1652702646.658223, sdrt-health/mac:02010b41cdec/antenna/tag/e28068940000500386620d4f, 83
1652702646.672151, sdrt-health/mac:02010b41cdec/antenna/tag/e28068940000500386620d4f, 83
1652702646.70302, sdrt-health/mac:02010b41cdec/antenna/tag/e2806894000050038662154f, 93
1652702646.703302, sdrt-health/mac:02010b41cdec/antenna/tag/e28068940000400386621d4f, 96
1652702646.728418, sdrt-health/mac:02010b41cdec/antenna/tag/e28068940000500386620d4f, 83
1652702646.730574, sdrt-health/mac:02010b41cdec/antenna/tag/e2806894000050038662154f, 93
1652702646.775363, sdrt-health/mac:02010b41cdec/antenna/tag/e28068940000400386621d4f, 96
1652702646.805482, sdrt-health/mac:02010b41cdec/antenna/tag/e28068940000500386620d4f, 83
1652702646.80574, sdrt-health/mac:02010b41cdec/antenna/tag/e2806894000050038662154f, 93
1652702646.823581, sdrt-health/mac:02010b41cdec/antenna/tag/e2806894000050038662154f, 93
1652702646.885012, sdrt-health/mac:02010b41cdec/antenna/tag/e28068940000400386621d4f, 96
1652702646.88547, sdrt-health/mac:02010b41cdec/antenna/tag/e2806894000050038662154f, 87
1652702646.901297, sdrt-health/mac:02010b41cdec/antenna/tag/e2806894000040038662114f, 93
1652702646.931732, sdrt-health/mac:02010b41cdec/antenna/tag/e28068940000500386620d4f, 83
1652702646.932061, sdrt-health/mac:02010b41cdec/antenna/tag/e2806894000040038662114f, 85
1652702646.932276, sdrt-health/mac:02010b41cdec/antenna/tag/e2806894000050038661fd4f, 91
1652702647.002004, sdrt-health/mac:02010b41cdec/antenna/tag/e28068940000500386620d4f, 83
1652702647.082333, sdrt-health/mac:02010b41cdec/antenna/tag/e28068940000500386620d4f, 83
1652702647.129026, sdrt-health/mac:02010b41cdec/antenna/tag/e28068940000400386621d4f, 96
1652702647.129592, sdrt-health/mac:02010b41cdec/antenna/tag/e28068940000500386620d4f, 83
1652702647.145208, sdrt-health/mac:02010b41cdec/antenna/tag/e2806894000040038662114f, 85
1652702647.1755, sdrt-health/mac:02010b41cdec/antenna/tag/e28068940000400386621d4f, 96
1652702647.205428, sdrt-health/mac:02010b41cdec/antenna/tag/e2806894000050038662154f, 93
1652702647.20564, sdrt-health/mac:02010b41cdec/antenna/tag/e28068940000500386620d4f, 83
1652702647.230557, sdrt-health/mac:02010b41cdec/antenna/tag/e2806894000040038662114f, 93
1652702647.29537, sdrt-health/mac:02010b41cdec/antenna/tag/e2806894000040038662114f, 85
1652702647.295898, sdrt-health/mac:02010b41cdec/antenna/tag/e2806894000040038662114f, 88
1652702647.310639, sdrt-health/mac:02010b41cdec/antenna/tag/e28068940000500386620d4f, 83
1652702647.310999, sdrt-health/mac:02010b41cdec/antenna/tag/e2806894000050038662154f, 88
1652702647.320873, sdrt-health/mac:02010b41cdec/antenna/tag/e28068940000400386621d4f, 96
1652702647.362228, sdrt-health/mac:02010b41cdec/antenna/tag/e2806894000040038662114f, 88
1652702647.41576, sdrt-health/mac:02010b41cdec/antenna/tag/e2806894000050038661fd4f, 97
1652702647.416142, sdrt-health/mac:02010b41cdec/antenna/tag/e28068940000500386620d4f, 80
1652702647.441768, sdrt-health/mac:02010b41cdec/antenna/tag/e2806894000040038662114f, 88
1652702647.471757, sdrt-health/mac:02010b41cdec/antenna/tag/e28068940000500386620d4f, 83
1652702647.472179, sdrt-health/mac:02010b41cdec/antenna/tag/e28068940000500386620d4f, 83
1652702647.495194, sdrt-health/mac:02010b41cdec/antenna/tag/e28068940000400386621d4f, 96
1652702647.723388, sdrt-health/mac:02010b41cdec/antenna/tag/scan, scan stopped
