1652702852.560368, sdrt-health/mac:02010b41cdec/antenna/power/set, {"power": 280}
1652702853.632175, sdrt-health/mac:02010b41cdec/antenna/power/set, 
1652702857.584559, sdrt-health/mac:02010b41cdec/antenna/tag/scan, {"time": 20000}
1652702857.941989, sdrt-health/mac:02010b41cdec/antenna/tag/e2806894000050038662154f, 85
1652702857.999422, sdrt-health/mac:02010b41cdec/antenna/tag/e28068940000500386620d4f, 80
1652702858.058515, sdrt-health/mac:02010b41cdec/antenna/tag/e2806894000040038662114f, 93
1652702858.05899, sdrt-health/mac:02010b41cdec/antenna/tag/e2806894000050038662154f, 85
1652702858.07489, sdrt-health/mac:02010b41cdec/antenna/tag/e2806894000040038662114f, 87
1652702858.091317, sdrt-health/mac:02010b41cdec/antenna/tag/e28068940000400386621d4f, 96
1652702858.150809, sdrt-health/mac:02010b41cdec/antenna/tag/e2806894000040038662114f, 93
1652702858.15132, sdrt-health/mac:02010b41cdec/antenna/tag/e2806894000040038662114f, 85
1652702858.180423, sdrt-health/mac:02010b41cdec/antenna/tag/e28068940000500386620d4f, 83
1652702858.248026, sdrt-health/mac:02010b41cdec/antenna/tag/e2806894000050038662154f, 85
1652702858.248604, sdrt-health/mac:02010b41cdec/antenna/tag/e28068940000500386620d4f, 83
1652702858.263928, sdrt-health/mac:02010b41cdec/antenna/tag/e2806894000040038662114f, 85
1652702858.30108, sdrt-health/mac:02010b41cdec/antenna/tag/e2806894000050038661fd4f, 91
1652702858.301313, sdrt-health/mac:02010b41cdec/antenna/tag/e2806894000050038661fd4f, 97
1652702858.301505, sdrt-health/mac:02010b41cdec/antenna/tag/e2806894000040038662114f, 87
1652702858.301692, sdrt-health/mac:02010b41cdec/antenna/tag/e2806894000040038662114f, 93
1652702858.3292, sdrt-health/mac:02010b41cdec/antenna/tag/e2806894000050038662154f, 88
1652702858.37661, sdrt-health/mac:02010b41cdec/antenna/tag/e2806894000050038662154f, 85
1652702858.376812, sdrt-health/mac:02010b41cdec/antenna/tag/e28068940000500386620d4f, 83
1652702858.415918, sdrt-health/mac:02010b41cdec/antenna/tag/e28068940000500386620d4f, 90
1652702858.470836, sdrt-health/mac:02010b41cdec/antenna/tag/e2806894000050038661fd4f, 83
1652702858.471342, sdrt-health/mac:02010b41cdec/antenna/tag/e2806894000050038662154f, 85
1652702858.486078, sdrt-health/mac:02010b41cdec/antenna/tag/e28068940000500386620d4f, 83
1652702858.500499, sdrt-health/mac:02010b41cdec/antenna/tag/e28068940000500386620d4f, 83
1652702858.55033, sdrt-health/mac:02010b41cdec/antenna/tag/e2806894000050038662154f, 85
1652702858.591248, sdrt-health/mac:02010b41cdec/antenna/tag/e2806894000050038661fd4f, 91
1652702858.62363, sdrt-health/mac:02010b41cdec/antenna/tag/e28068940000400386621d4f, 96
1652702858.623962, sdrt-health/mac:02010b41cdec/antenna/tag/e28068940000500386620d4f, 80
1652702858.670998, sdrt-health/mac:02010b41cdec/antenna/tag/e28068940000500386620d4f, 83
1652702858.722362, sdrt-health/mac:02010b41cdec/antenna/tag/e28068940000500386620d4f, 83
1652702858.778137, sdrt-health/mac:02010b41cdec/antenna/tag/e28068940000400386621d4f, 96
1652702858.778608, sdrt-health/mac:02010b41cdec/antenna/tag/e28068940000400386621d4f, 96
1652702858.821177, sdrt-health/mac:02010b41cdec/antenna/tag/e28068940000400386621d4f, 96
1652702858.853294, sdrt-health/mac:02010b41cdec/antenna/tag/e2806894000050038661fd4f, 83
1652702858.853623, sdrt-health/mac:02010b41cdec/antenna/tag/e28068940000400386621d4f, 96
1652702858.881855, sdrt-health/mac:02010b41cdec/antenna/tag/e2806894000040038662114f, 87
1652702858.915271, sdrt-health/mac:02010b41cdec/antenna/tag/e28068940000400386621d4f, 96
1652702858.915779, sdrt-health/mac:02010b41cdec/antenna/tag/e2806894000050038661fd4f, 83
1652702858.935314, sdrt-health/mac:02010b41cdec/antenna/tag/e28068940000400386621d4f, 96
1652702858.982336, sdrt-health/mac:02010b41cdec/antenna/tag/e2806894000050038661fd4f, 97
1652702859.014678, sdrt-health/mac:02010b41cdec/antenna/tag/e28068940000500386620d4f, 83
1652702859.015276, sdrt-health/mac:02010b41cdec/antenna/tag/e2806894000050038661fd4f, 97
1652702859.031626, sdrt-health/mac:02010b41cdec/antenna/tag/e2806894000050038661fd4f, 91
1652702859.071425, sdrt-health/mac:02010b41cdec/antenna/tag/e28068940000500386620d4f, 83
1652702859.137583, sdrt-health/mac:02010b41cdec/antenna/tag/e2806894000050038661fd4f, 91
1652702859.138075, sdrt-health/mac:02010b41cdec/antenna/tag/e28068940000400386621d4f, 77
1652702859.152858, sdrt-health/mac:02010b41cdec/antenna/tag/e2806894000040038662214f, 84
1652702859.174218, sdrt-health/mac:02010b41cdec/antenna/tag/e28068940000400386621d4f, 96
1652702859.22249, sdrt-health/mac:02010b41cdec/antenna/tag/e2806894000050038661fd4f, 91
1652702859.254293, sdrt-health/mac:02010b41cdec/antenna/tag/e28068940000500386620d4f, 83
1652702859.254673, sdrt-health/mac:02010b41cdec/antenna/tag/e2806894000050038662154f, 85
1652702859.364075, sdrt-health/mac:02010b41cdec/antenna/tag/e2806894000050038662154f, 87
1652702859.39755, sdrt-health/mac:02010b41cdec/antenna/tag/e28068940000500386620d4f, 83
1652702859.397771, sdrt-health/mac:02010b41cdec/antenna/tag/e28068940000500386620d4f, 83
1652702859.397911, sdrt-health/mac:02010b41cdec/antenna/tag/e2806894000050038661fd4f, 83
1652702859.398188, sdrt-health/mac:02010b41cdec/antenna/tag/e2806894000040038662114f, 88
1652702859.398705, sdrt-health/mac:02010b41cdec/antenna/tag/e2806894000050038661fd4f, 97
1652702859.415257, sdrt-health/mac:02010b41cdec/antenna/tag/e28068940000500386620d4f, 83
1652702859.481319, sdrt-health/mac:02010b41cdec/antenna/tag/e28068940000500386620d4f, 83
1652702859.481852, sdrt-health/mac:02010b41cdec/antenna/tag/e2806894000040038662114f, 88
1652702859.51166, sdrt-health/mac:02010b41cdec/antenna/tag/e2806894000050038662154f, 85
1652702859.546732, sdrt-health/mac:02010b41cdec/antenna/tag/e2806894000040038662114f, 88
1652702859.547068, sdrt-health/mac:02010b41cdec/antenna/tag/e2806894000050038661fd4f, 83
1652702859.562601, sdrt-health/mac:02010b41cdec/antenna/tag/e2806894000050038661fd4f, 91
1652702859.562817, sdrt-health/mac:02010b41cdec/antenna/tag/e2806894000040038662114f, 85
1652702859.601091, sdrt-health/mac:02010b41cdec/antenna/tag/e2806894000050038661fd4f, 91
1652702859.659196, sdrt-health/mac:02010b41cdec/antenna/tag/e2806894000050038662154f, 85
1652702859.659657, sdrt-health/mac:02010b41cdec/antenna/tag/e28068940000400386621d4f, 77
1652702859.682649, sdrt-health/mac:02010b41cdec/antenna/tag/e2806894000050038662154f, 85
1652702859.72223, sdrt-health/mac:02010b41cdec/antenna/tag/e2806894000050038661fd4f, 91
1652702859.779631, sdrt-health/mac:02010b41cdec/antenna/tag/e2806894000050038661fd4f, 97
1652702859.780167, sdrt-health/mac:02010b41cdec/antenna/tag/e2806894000040038662114f, 83
1652702859.796464, sdrt-health/mac:02010b41cdec/antenna/tag/e2806894000050038662154f, 88
1652702859.851577, sdrt-health/mac:02010b41cdec/antenna/tag/e28068940000500386620d4f, 80
1652702859.852068, sdrt-health/mac:02010b41cdec/antenna/tag/e2806894000040038662114f, 87
1652702859.872057, sdrt-health/mac:02010b41cdec/antenna/tag/e2806894000050038662154f, 85
1652702859.921632, sdrt-health/mac:02010b41cdec/antenna/tag/e2806894000050038661fd4f, 83
1652702859.962224, sdrt-health/mac:02010b41cdec/antenna/tag/e2806894000040038662114f, 87
1652702860.00166, sdrt-health/mac:02010b41cdec/antenna/tag/e2806894000050038661fd4f, 91
1652702860.041997, sdrt-health/mac:02010b41cdec/antenna/tag/e2806894000050038662154f, 85
1652702860.082265, sdrt-health/mac:02010b41cdec/antenna/tag/e2806894000050038661fd4f, 97
1652702860.121941, sdrt-health/mac:02010b41cdec/antenna/tag/e28068940000400386621d4f, 96
1652702860.220841, sdrt-health/mac:02010b41cdec/antenna/tag/e2806894000050038661fd4f, 97
1652702860.221331, sdrt-health/mac:02010b41cdec/antenna/tag/e2806894000040038661f94f, 81
1652702860.242892, sdrt-health/mac:02010b41cdec/antenna/tag/e2806894000050038661fd4f, 83
1652702860.299099, sdrt-health/mac:02010b41cdec/antenna/tag/e28068940000400386621d4f, 96
1652702860.299684, sdrt-health/mac:02010b41cdec/antenna/tag/e28068940000500386620d4f, 83
1652702860.315779, sdrt-health/mac:02010b41cdec/antenna/tag/e28068940000400386621d4f, 96
1652702860.349991, sdrt-health/mac:02010b41cdec/antenna/tag/e28068940000500386620d4f, 83
1652702860.400985, sdrt-health/mac:02010b41cdec/antenna/tag/e28068940000400386621d4f, 96
1652702860.458439, sdrt-health/mac:02010b41cdec/antenna/tag/e28068940000500386620d4f, 83
1652702860.458899, sdrt-health/mac:02010b41cdec/antenna/tag/e2806894000040038662114f, 93
1652702860.482359, sdrt-health/mac:02010b41cdec/antenna/tag/e28068940000400386621d4f, 77
1652702860.536483, sdrt-health/mac:02010b41cdec/antenna/tag/e2806894000050038661fd4f, 91
1652702860.582164, sdrt-health/mac:02010b41cdec/antenna/tag/e28068940000500386620d4f, 83
1652702860.632121, sdrt-health/mac:02010b41cdec/antenna/tag/e2806894000050038661fd4f, 83
1652702860.671979, sdrt-health/mac:02010b41cdec/antenna/tag/e28068940000400386621d4f, 96
1652702860.74089, sdrt-health/mac:02010b41cdec/antenna/tag/e2806894000050038662154f, 85
1652702860.741368, sdrt-health/mac:02010b41cdec/antenna/tag/e28068940000500386620d4f, 83
1652702860.763488, sdrt-health/mac:02010b41cdec/antenna/tag/e28068940000400386621d4f, 96
1652702860.800006, sdrt-health/mac:02010b41cdec/antenna/tag/e2806894000050038662154f, 85
1652702860.844086, sdrt-health/mac:02010b41cdec/antenna/tag/e2806894000050038661fd4f, 88
1652702860.892724, sdrt-health/mac:02010b41cdec/antenna/tag/e28068940000400386621d4f, 77
1652702860.926351, sdrt-health/mac:02010b41cdec/antenna/tag/e2806894000050038662154f, 93
1652702860.926681, sdrt-health/mac:02010b41cdec/antenna/tag/e2806894000040038662114f, 85
1652702860.947866, sdrt-health/mac:02010b41cdec/antenna/tag/e2806894000050038661fd4f, 88
1652702861.018239, sdrt-health/mac:02010b41cdec/antenna/tag/e2806894000040038662114f, 87
1652702861.063142, sdrt-health/mac:02010b41cdec/antenna/tag/e28068940000500386620d4f, 83
1652702861.129349, sdrt-health/mac:02010b41cdec/antenna/tag/e28068940000500386620d4f, 83
1652702861.129855, sdrt-health/mac:02010b41cdec/antenna/tag/e2806894000040038662114f, 87
1652702861.151703, sdrt-health/mac:02010b41cdec/antenna/tag/e2806894000050038661fd4f, 91
1652702861.186246, sdrt-health/mac:02010b41cdec/antenna/tag/e2806894000040038662114f, 93
1652702861.186593, sdrt-health/mac:02010b41cdec/antenna/tag/e28068940000500386620d4f, 80
1652702861.201785, sdrt-health/mac:02010b41cdec/antenna/tag/e2806894000040038662114f, 87
1652702861.202096, sdrt-health/mac:02010b41cdec/antenna/tag/e28068940000400386621d4f, 77
1652702861.255898, sdrt-health/mac:02010b41cdec/antenna/tag/e2806894000050038662154f, 88
1652702861.318613, sdrt-health/mac:02010b41cdec/antenna/tag/e2806894000040038662114f, 85
1652702861.319117, sdrt-health/mac:02010b41cdec/antenna/tag/e2806894000050038661fd4f, 91
1652702861.360769, sdrt-health/mac:02010b41cdec/antenna/tag/e28068940000400386621d4f, 96
1652702861.401532, sdrt-health/mac:02010b41cdec/antenna/tag/e28068940000400386621d4f, 96
1652702861.468124, sdrt-health/mac:02010b41cdec/antenna/tag/e2806894000050038661fd4f, 97
1652702861.468627, sdrt-health/mac:02010b41cdec/antenna/tag/e2806894000040038662114f, 88
1652702861.484236, sdrt-health/mac:02010b41cdec/antenna/tag/e28068940000500386620d4f, 83
1652702861.484906, sdrt-health/mac:02010b41cdec/antenna/tag/e2806894000050038661fd4f, 83
1652702861.495519, sdrt-health/mac:02010b41cdec/antenna/tag/e2806894000050038662154f, 88
1652702861.50138, sdrt-health/mac:02010b41cdec/antenna/tag/e2806894000050038662154f, 93
1652702861.541977, sdrt-health/mac:02010b41cdec/antenna/tag/e2806894000040038662114f, 85
1652702861.608237, sdrt-health/mac:02010b41cdec/antenna/tag/e2806894000050038661fd4f, 91
1652702861.608703, sdrt-health/mac:02010b41cdec/antenna/tag/e28068940000400386621d4f, 77
1652702861.624482, sdrt-health/mac:02010b41cdec/antenna/tag/e28068940000500386620d4f, 83
1652702861.632102, sdrt-health/mac:02010b41cdec/antenna/tag/e28068940000500386620d4f, 83
1652702861.642548, sdrt-health/mac:02010b41cdec/antenna/tag/e28068940000400386621d4f, 96
1652702861.692673, sdrt-health/mac:02010b41cdec/antenna/tag/e28068940000400386621d4f, 96
1652702861.752279, sdrt-health/mac:02010b41cdec/antenna/tag/e28068940000500386620d4f, 83
1652702861.752786, sdrt-health/mac:02010b41cdec/antenna/tag/e2806894000040038662114f, 85
1652702861.782134, sdrt-health/mac:02010b41cdec/antenna/tag/e2806894000040038662114f, 85
1652702861.849203, sdrt-health/mac:02010b41cdec/antenna/tag/e2806894000050038661fd4f, 91
1652702861.849688, sdrt-health/mac:02010b41cdec/antenna/tag/e28068940000500386620d4f, 80
1652702861.865645, sdrt-health/mac:02010b41cdec/antenna/tag/e2806894000050038662154f, 85
1652702861.8661, sdrt-health/mac:02010b41cdec/antenna/tag/e28068940000400386621d4f, 90
1652702861.872078, sdrt-health/mac:02010b41cdec/antenna/tag/e28068940000400386621d4f, 96
1652702861.882673, sdrt-health/mac:02010b41cdec/antenna/tag/e2806894000050038662154f, 85
1652702861.920872, sdrt-health/mac:02010b41cdec/antenna/tag/e2806894000050038661fd4f, 97
1652702861.961887, sdrt-health/mac:02010b41cdec/antenna/tag/e2806894000040038662114f, 93
1652702862.001312, sdrt-health/mac:02010b41cdec/antenna/tag/e2806894000040038662114f, 81
1652702862.041691, sdrt-health/mac:02010b41cdec/antenna/tag/e2806894000040038662114f, 93
1652702862.082168, sdrt-health/mac:02010b41cdec/antenna/tag/e2806894000050038661fd4f, 97
1652702862.169366, sdrt-health/mac:02010b41cdec/antenna/tag/e28068940000400386621d4f, 96
1652702862.169833, sdrt-health/mac:02010b41cdec/antenna/tag/e28068940000400386621d4f, 77
1652702862.194442, sdrt-health/mac:02010b41cdec/antenna/tag/e28068940000500386620d4f, 83
1652702862.229355, sdrt-health/mac:02010b41cdec/antenna/tag/e2806894000050038662154f, 85
1652702862.229933, sdrt-health/mac:02010b41cdec/antenna/tag/e2806894000040038662114f, 93
1652702862.245846, sdrt-health/mac:02010b41cdec/antenna/tag/e2806894000040038662114f, 93
1652702862.273009, sdrt-health/mac:02010b41cdec/antenna/tag/e28068940000500386620d4f, 80
1652702862.323129, sdrt-health/mac:02010b41cdec/antenna/tag/e28068940000500386620d4f, 83
1652702862.376106, sdrt-health/mac:02010b41cdec/antenna/tag/e2806894000050038661fd4f, 88
1652702862.409698, sdrt-health/mac:02010b41cdec/antenna/tag/e2806894000050038662154f, 87
1652702862.410016, sdrt-health/mac:02010b41cdec/antenna/tag/e2806894000040038662114f, 85
1652702862.428195, sdrt-health/mac:02010b41cdec/antenna/tag/e2806894000050038661fd4f, 91
1652702862.428552, sdrt-health/mac:02010b41cdec/antenna/tag/e2806894000040038662114f, 85
1652702862.45483, sdrt-health/mac:02010b41cdec/antenna/tag/e2806894000040038662114f, 87
1652702862.501349, sdrt-health/mac:02010b41cdec/antenna/tag/e28068940000400386621d4f, 96
1652702862.569329, sdrt-health/mac:02010b41cdec/antenna/tag/e2806894000050038662154f, 93
1652702862.569837, sdrt-health/mac:02010b41cdec/antenna/tag/e28068940000500386620d4f, 83
1652702862.587385, sdrt-health/mac:02010b41cdec/antenna/tag/e28068940000400386621d4f, 77
1652702862.59296, sdrt-health/mac:02010b41cdec/antenna/tag/e28068940000500386620d4f, 83
1652702862.642691, sdrt-health/mac:02010b41cdec/antenna/tag/e28068940000500386620d4f, 83
1652702862.677171, sdrt-health/mac:02010b41cdec/antenna/tag/e28068940000400386621d4f, 96
1652702862.677459, sdrt-health/mac:02010b41cdec/antenna/tag/e2806894000050038661fd4f, 97
1652702862.697647, sdrt-health/mac:02010b41cdec/antenna/tag/e28068940000500386620d4f, 83
1652702862.748797, sdrt-health/mac:02010b41cdec/antenna/tag/e2806894000040038662114f, 87
1652702862.749631, sdrt-health/mac:02010b41cdec/antenna/tag/e2806894000050038662154f, 93
1652702862.765864, sdrt-health/mac:02010b41cdec/antenna/tag/e2806894000050038661fd4f, 91
1652702862.775523, sdrt-health/mac:02010b41cdec/antenna/tag/e2806894000050038661fd4f, 91
1652702862.822453, sdrt-health/mac:02010b41cdec/antenna/tag/e2806894000050038661fd4f, 91
1652702862.889189, sdrt-health/mac:02010b41cdec/antenna/tag/e28068940000500386620d4f, 83
1652702862.889703, sdrt-health/mac:02010b41cdec/antenna/tag/e28068940000400386621d4f, 96
1652702862.913393, sdrt-health/mac:02010b41cdec/antenna/tag/e28068940000400386621d4f, 96
1652702862.987989, sdrt-health/mac:02010b41cdec/antenna/tag/e2806894000050038662154f, 85
1652702863.061532, sdrt-health/mac:02010b41cdec/antenna/tag/e2806894000040038662114f, 85
1652702863.061976, sdrt-health/mac:02010b41cdec/antenna/tag/e28068940000400386621d4f, 96
1652702863.078793, sdrt-health/mac:02010b41cdec/antenna/tag/e2806894000040038662114f, 88
1652702863.082076, sdrt-health/mac:02010b41cdec/antenna/tag/e2806894000040038662114f, 93
1652702863.095783, sdrt-health/mac:02010b41cdec/antenna/tag/e28068940000400386621d4f, 77
1652702863.095992, sdrt-health/mac:02010b41cdec/antenna/tag/e2806894000040038662114f, 93
1652702863.096125, sdrt-health/mac:02010b41cdec/antenna/tag/e28068940000500386620d4f, 83
1652702863.121197, sdrt-health/mac:02010b41cdec/antenna/tag/e2806894000050038662194f, 81
1652702863.162234, sdrt-health/mac:02010b41cdec/antenna/tag/e28068940000400386621d4f, 77
1652702863.21886, sdrt-health/mac:02010b41cdec/antenna/tag/e28068940000500386620d4f, 83
1652702863.219311, sdrt-health/mac:02010b41cdec/antenna/tag/e28068940000500386620d4f, 83
1652702863.242954, sdrt-health/mac:02010b41cdec/antenna/tag/e2806894000040038662114f, 85
1652702863.291866, sdrt-health/mac:02010b41cdec/antenna/tag/e28068940000400386621d4f, 96
1652702863.368406, sdrt-health/mac:02010b41cdec/antenna/tag/e2806894000050038661fd4f, 97
1652702863.368861, sdrt-health/mac:02010b41cdec/antenna/tag/e2806894000040038662114f, 85
1652702863.391098, sdrt-health/mac:02010b41cdec/antenna/tag/e2806894000040038662114f, 85
1652702863.424478, sdrt-health/mac:02010b41cdec/antenna/tag/e2806894000050038661fd4f, 83
1652702863.424735, sdrt-health/mac:02010b41cdec/antenna/tag/e2806894000050038661fd4f, 97
1652702863.44182, sdrt-health/mac:02010b41cdec/antenna/tag/e2806894000050038661fd4f, 91
1652702863.499305, sdrt-health/mac:02010b41cdec/antenna/tag/e2806894000050038661fd4f, 97
1652702863.533848, sdrt-health/mac:02010b41cdec/antenna/tag/e28068940000500386620d4f, 83
1652702863.534339, sdrt-health/mac:02010b41cdec/antenna/tag/e28068940000400386621d4f, 96
1652702863.551529, sdrt-health/mac:02010b41cdec/antenna/tag/e2806894000050038661fd4f, 91
1652702863.584724, sdrt-health/mac:02010b41cdec/antenna/tag/e28068940000500386620d4f, 83
1652702863.585176, sdrt-health/mac:02010b41cdec/antenna/tag/e28068940000400386621d4f, 96
1652702863.6016, sdrt-health/mac:02010b41cdec/antenna/tag/e2806894000050038661fd4f, 91
1652702863.641358, sdrt-health/mac:02010b41cdec/antenna/tag/e2806894000050038662154f, 93
1652702863.674265, sdrt-health/mac:02010b41cdec/antenna/tag/e2806894000040038662114f, 85
1652702863.674485, sdrt-health/mac:02010b41cdec/antenna/tag/e28068940000500386620d4f, 83
1652702863.674629, sdrt-health/mac:02010b41cdec/antenna/tag/e28068940000400386621d4f, 96
1652702863.690622, sdrt-health/mac:02010b41cdec/antenna/tag/e2806894000050038661fd4f, 97
1652702863.721786, sdrt-health/mac:02010b41cdec/antenna/tag/e2806894000040038662114f, 87
1652702863.777564, sdrt-health/mac:02010b41cdec/antenna/tag/e2806894000050038662154f, 85
1652702863.778049, sdrt-health/mac:02010b41cdec/antenna/tag/e2806894000050038662154f, 93
1652702863.80185, sdrt-health/mac:02010b41cdec/antenna/tag/e28068940000400386621d4f, 77
1652702863.860013, sdrt-health/mac:02010b41cdec/antenna/tag/e28068940000400386621d4f, 77
1652702863.86049, sdrt-health/mac:02010b41cdec/antenna/tag/e28068940000400386621d4f, 96
1652702863.87781, sdrt-health/mac:02010b41cdec/antenna/tag/e2806894000040038662054f, 88
1652702863.883751, sdrt-health/mac:02010b41cdec/antenna/tag/e2806894000050038661fd4f, 88
1652702863.92263, sdrt-health/mac:02010b41cdec/antenna/tag/e2806894000050038661fd4f, 91
1652702863.957336, sdrt-health/mac:02010b41cdec/antenna/tag/e2806894000050038662154f, 88
1652702863.957735, sdrt-health/mac:02010b41cdec/antenna/tag/e2806894000040038662114f, 93
1652702863.975929, sdrt-health/mac:02010b41cdec/antenna/tag/e2806894000040038662114f, 93
1652702864.002437, sdrt-health/mac:02010b41cdec/antenna/tag/e2806894000040038662114f, 85
1652702864.044036, sdrt-health/mac:02010b41cdec/antenna/tag/e28068940000400386621d4f, 96
1652702864.077922, sdrt-health/mac:02010b41cdec/antenna/tag/e28068940000400386621d4f, 96
1652702864.078153, sdrt-health/mac:02010b41cdec/antenna/tag/e2806894000050038662154f, 85
1652702864.102674, sdrt-health/mac:02010b41cdec/antenna/tag/e2806894000050038662154f, 85
1652702864.155165, sdrt-health/mac:02010b41cdec/antenna/tag/e2806894000050038661fd4f, 83
1652702864.208832, sdrt-health/mac:02010b41cdec/antenna/tag/e28068940000500386620d4f, 80
1652702864.20912, sdrt-health/mac:02010b41cdec/antenna/tag/e2806894000040038662114f, 85
1652702864.225459, sdrt-health/mac:02010b41cdec/antenna/tag/e2806894000050038661fd4f, 83
1652702864.259588, sdrt-health/mac:02010b41cdec/antenna/tag/e28068940000400386621d4f, 96
1652702864.259808, sdrt-health/mac:02010b41cdec/antenna/tag/e28068940000400386621d4f, 96
1652702864.282567, sdrt-health/mac:02010b41cdec/antenna/tag/e2806894000050038662154f, 85
1652702864.349586, sdrt-health/mac:02010b41cdec/antenna/tag/e2806894000050038662154f, 85
1652702864.350032, sdrt-health/mac:02010b41cdec/antenna/tag/e28068940000500386620d4f, 83
1652702864.411966, sdrt-health/mac:02010b41cdec/antenna/tag/e28068940000400386621d4f, 96
1652702864.455968, sdrt-health/mac:02010b41cdec/antenna/tag/e28068940000500386620d4f, 83
1652702864.490042, sdrt-health/mac:02010b41cdec/antenna/tag/e2806894000050038662154f, 85
1652702864.490361, sdrt-health/mac:02010b41cdec/antenna/tag/e28068940000500386620d4f, 83
1652702864.506233, sdrt-health/mac:02010b41cdec/antenna/tag/e2806894000050038662154f, 85
1652702864.506497, sdrt-health/mac:02010b41cdec/antenna/tag/e28068940000500386620d4f, 80
1652702864.569949, sdrt-health/mac:02010b41cdec/antenna/tag/e28068940000500386620d4f, 80
1652702864.632383, sdrt-health/mac:02010b41cdec/antenna/tag/e2806894000050038661fd4f, 91
1652702864.632886, sdrt-health/mac:02010b41cdec/antenna/tag/e28068940000500386620d4f, 83
1652702864.650228, sdrt-health/mac:02010b41cdec/antenna/tag/e28068940000500386620d4f, 83
1652702864.661687, sdrt-health/mac:02010b41cdec/antenna/tag/e28068940000400386621d4f, 96
1652702864.667499, sdrt-health/mac:02010b41cdec/antenna/tag/e2806894000050038661fd4f, 91
1652702864.667859, sdrt-health/mac:02010b41cdec/antenna/tag/e28068940000400386621d4f, 77
1652702864.72353, sdrt-health/mac:02010b41cdec/antenna/tag/e2806894000050038661fd4f, 88
1652702864.780881, sdrt-health/mac:02010b41cdec/antenna/tag/e2806894000040038662114f, 93
1652702864.78143, sdrt-health/mac:02010b41cdec/antenna/tag/e2806894000040038662114f, 93
1652702864.798779, sdrt-health/mac:02010b41cdec/antenna/tag/e2806894000050038662154f, 85
1652702864.803149, sdrt-health/mac:02010b41cdec/antenna/tag/e2806894000050038661fd4f, 97
1652702864.843016, sdrt-health/mac:02010b41cdec/antenna/tag/e28068940000500386620d4f, 80
1652702864.897288, sdrt-health/mac:02010b41cdec/antenna/tag/e28068940000400386621d4f, 96
1652702864.897729, sdrt-health/mac:02010b41cdec/antenna/tag/e2806894000050038662154f, 88
1652702864.898198, sdrt-health/mac:02010b41cdec/antenna/tag/e2806894000050038662154f, 85
1652702864.92185, sdrt-health/mac:02010b41cdec/antenna/tag/e2806894000050038661fd4f, 97
1652702864.962721, sdrt-health/mac:02010b41cdec/antenna/tag/e2806894000050038661fd4f, 97
1652702865.021584, sdrt-health/mac:02010b41cdec/antenna/tag/e28068940000500386620d4f, 83
1652702865.022047, sdrt-health/mac:02010b41cdec/antenna/tag/e28068940000500386620d4f, 83
1652702865.04295, sdrt-health/mac:02010b41cdec/antenna/tag/e2806894000050038661fd4f, 91
1652702865.081098, sdrt-health/mac:02010b41cdec/antenna/tag/e28068940000400386621d4f, 96
1652702865.221458, sdrt-health/mac:02010b41cdec/antenna/tag/e2806894000050038661fd4f, 91
1652702865.221989, sdrt-health/mac:02010b41cdec/antenna/tag/e28068940000400386621d4f, 96
1652702865.272108, sdrt-health/mac:02010b41cdec/antenna/tag/e2806894000040038661f94f, 94
1652702865.312471, sdrt-health/mac:02010b41cdec/antenna/tag/e28068940000400386621d4f, 96
1652702865.35249, sdrt-health/mac:02010b41cdec/antenna/tag/e2806894000050038661fd4f, 83
1652702865.390595, sdrt-health/mac:02010b41cdec/antenna/tag/e28068940000400386621d4f, 96
1652702865.443039, sdrt-health/mac:02010b41cdec/antenna/tag/e2806894000050038662154f, 85
1652702865.498758, sdrt-health/mac:02010b41cdec/antenna/tag/e2806894000050038661fd4f, 91
1652702865.499282, sdrt-health/mac:02010b41cdec/antenna/tag/e28068940000400386621d4f, 96
1652702865.540824, sdrt-health/mac:02010b41cdec/antenna/tag/e28068940000400386621d4f, 77
1652702865.592992, sdrt-health/mac:02010b41cdec/antenna/tag/e2806894000050038662154f, 93
1652702865.688595, sdrt-health/mac:02010b41cdec/antenna/tag/e2806894000040038662114f, 87
1652702865.689099, sdrt-health/mac:02010b41cdec/antenna/tag/e2806894000040038662114f, 85
1652702865.712203, sdrt-health/mac:02010b41cdec/antenna/tag/e28068940000400386621d4f, 96
1652702865.771144, sdrt-health/mac:02010b41cdec/antenna/tag/e2806894000050038662154f, 85
1652702865.771653, sdrt-health/mac:02010b41cdec/antenna/tag/e2806894000040038662114f, 85
1652702865.789619, sdrt-health/mac:02010b41cdec/antenna/tag/e28068940000500386620d4f, 83
1652702865.823596, sdrt-health/mac:02010b41cdec/antenna/tag/e28068940000400386621d4f, 96
1652702865.823803, sdrt-health/mac:02010b41cdec/antenna/tag/e28068940000500386620d4f, 83
1652702865.840916, sdrt-health/mac:02010b41cdec/antenna/tag/e2806894000050038661fd4f, 83
1652702865.87972, sdrt-health/mac:02010b41cdec/antenna/tag/e28068940000500386620d4f, 83
1652702865.921056, sdrt-health/mac:02010b41cdec/antenna/tag/e28068940000400386621d4f, 96
1652702865.961951, sdrt-health/mac:02010b41cdec/antenna/tag/e28068940000500386620d4f, 83
1652702866.016135, sdrt-health/mac:02010b41cdec/antenna/tag/e2806894000050038661fd4f, 97
1652702866.016633, sdrt-health/mac:02010b41cdec/antenna/tag/e2806894000050038661fd4f, 83
1652702866.040414, sdrt-health/mac:02010b41cdec/antenna/tag/e2806894000050038662154f, 85
1652702866.082986, sdrt-health/mac:02010b41cdec/antenna/tag/e28068940000400386621d4f, 77
1652702866.138345, sdrt-health/mac:02010b41cdec/antenna/tag/e28068940000500386620d4f, 83
1652702866.138845, sdrt-health/mac:02010b41cdec/antenna/tag/e2806894000040038662114f, 93
1652702866.152633, sdrt-health/mac:02010b41cdec/antenna/tag/e2806894000050038661fd4f, 91
1652702866.161296, sdrt-health/mac:02010b41cdec/antenna/tag/e2806894000050038661fd4f, 97
1652702866.200725, sdrt-health/mac:02010b41cdec/antenna/tag/e2806894000050038662154f, 85
1652702866.249327, sdrt-health/mac:02010b41cdec/antenna/tag/e2806894000040038662114f, 87
1652702866.335823, sdrt-health/mac:02010b41cdec/antenna/tag/e2806894000050038662154f, 85
1652702866.336302, sdrt-health/mac:02010b41cdec/antenna/tag/e28068940000500386620d4f, 80
1652702866.374899, sdrt-health/mac:02010b41cdec/antenna/tag/e28068940000500386620d4f, 83
1652702866.410776, sdrt-health/mac:02010b41cdec/antenna/tag/e2806894000050038662154f, 85
1652702866.454331, sdrt-health/mac:02010b41cdec/antenna/tag/e28068940000500386620d4f, 83
1652702866.519411, sdrt-health/mac:02010b41cdec/antenna/tag/e2806894000040038662114f, 87
1652702866.519706, sdrt-health/mac:02010b41cdec/antenna/tag/e2806894000040038662114f, 93
1652702866.5503, sdrt-health/mac:02010b41cdec/antenna/tag/e2806894000040038662114f, 93
1652702866.590965, sdrt-health/mac:02010b41cdec/antenna/tag/e28068940000400386621d4f, 90
1652702866.649691, sdrt-health/mac:02010b41cdec/antenna/tag/e2806894000050038662154f, 85
1652702866.736059, sdrt-health/mac:02010b41cdec/antenna/tag/e28068940000500386620d4f, 80
1652702866.736558, sdrt-health/mac:02010b41cdec/antenna/tag/e28068940000500386620d4f, 83
1652702866.778028, sdrt-health/mac:02010b41cdec/antenna/tag/e28068940000400386621d4f, 96
1652702866.811037, sdrt-health/mac:02010b41cdec/antenna/tag/e2806894000050038661fd4f, 83
1652702866.811372, sdrt-health/mac:02010b41cdec/antenna/tag/e2806894000040038662114f, 85
1652702866.830673, sdrt-health/mac:02010b41cdec/antenna/tag/e2806894000040038662114f, 85
1652702866.881338, sdrt-health/mac:02010b41cdec/antenna/tag/e28068940000400386621d4f, 96
1652702866.988852, sdrt-health/mac:02010b41cdec/antenna/tag/e2806894000040038662114f, 85
1652702866.989384, sdrt-health/mac:02010b41cdec/antenna/tag/e28068940000400386621d4f, 96
1652702866.989723, sdrt-health/mac:02010b41cdec/antenna/tag/e28068940000400386621d4f, 96
1652702866.990041, sdrt-health/mac:02010b41cdec/antenna/tag/e28068940000400386621d4f, 77
1652702867.01528, sdrt-health/mac:02010b41cdec/antenna/tag/e28068940000400386621d4f, 96
1652702867.07801, sdrt-health/mac:02010b41cdec/antenna/tag/e2806894000040038662114f, 85
1652702867.078256, sdrt-health/mac:02010b41cdec/antenna/tag/e2806894000050038661fd4f, 88
1652702867.094847, sdrt-health/mac:02010b41cdec/antenna/tag/e28068940000500386620d4f, 83
1652702867.112137, sdrt-health/mac:02010b41cdec/antenna/tag/e2806894000050038661fd4f, 83
1652702867.179613, sdrt-health/mac:02010b41cdec/antenna/tag/e28068940000500386620d4f, 83
1652702867.180077, sdrt-health/mac:02010b41cdec/antenna/tag/e2806894000050038662154f, 88
1652702867.195985, sdrt-health/mac:02010b41cdec/antenna/tag/e2806894000050038662154f, 88
1652702867.201911, sdrt-health/mac:02010b41cdec/antenna/tag/e2806894000050038661fd4f, 83
1652702867.240613, sdrt-health/mac:02010b41cdec/antenna/tag/e2806894000050038661fd4f, 97
1652702867.281643, sdrt-health/mac:02010b41cdec/antenna/tag/e2806894000050038662154f, 85
1652702867.336222, sdrt-health/mac:02010b41cdec/antenna/tag/e28068940000400386621d4f, 96
1652702867.33668, sdrt-health/mac:02010b41cdec/antenna/tag/e2806894000040038662114f, 85
1652702867.361241, sdrt-health/mac:02010b41cdec/antenna/tag/e2806894000040038662114f, 85
1652702867.400704, sdrt-health/mac:02010b41cdec/antenna/tag/e28068940000500386620d4f, 83
1652702867.433068, sdrt-health/mac:02010b41cdec/antenna/tag/e28068940000500386620d4f, 83
1652702867.433534, sdrt-health/mac:02010b41cdec/antenna/tag/e2806894000050038661fd4f, 91
1652702867.448556, sdrt-health/mac:02010b41cdec/antenna/tag/e2806894000050038662154f, 85
1652702867.481168, sdrt-health/mac:02010b41cdec/antenna/tag/e2806894000050038662154f, 87
1652702867.536432, sdrt-health/mac:02010b41cdec/antenna/tag/e28068940000400386621d4f, 77
1652702867.537003, sdrt-health/mac:02010b41cdec/antenna/tag/e2806894000050038662154f, 93
1652702867.551669, sdrt-health/mac:02010b41cdec/antenna/tag/e2806894000050038661fd4f, 88
1652702867.552828, sdrt-health/mac:02010b41cdec/antenna/tag/e2806894000040038662114f, 85
1652702867.602543, sdrt-health/mac:02010b41cdec/antenna/tag/e2806894000040038662114f, 87
1652702867.641464, sdrt-health/mac:02010b41cdec/antenna/tag/e28068940000500386620d4f, 83
1652702867.754866, sdrt-health/mac:02010b41cdec/antenna/tag/e2806894000050038661fd4f, 91
1652702867.755316, sdrt-health/mac:02010b41cdec/antenna/tag/e28068940000400386621d4f, 96
1652702867.780147, sdrt-health/mac:02010b41cdec/antenna/tag/e2806894000050038661fd4f, 97
1652702867.782897, sdrt-health/mac:02010b41cdec/antenna/tag/e2806894000040038662114f, 85
1652702867.831795, sdrt-health/mac:02010b41cdec/antenna/tag/e28068940000400386621d4f, 96
1652702867.871441, sdrt-health/mac:02010b41cdec/antenna/tag/e2806894000050038662154f, 85
1652702867.929332, sdrt-health/mac:02010b41cdec/antenna/tag/e2806894000050038661fd4f, 97
1652702868.001607, sdrt-health/mac:02010b41cdec/antenna/tag/e28068940000400386621d4f, 96
1652702868.002065, sdrt-health/mac:02010b41cdec/antenna/tag/e2806894000050038662154f, 85
1652702868.002446, sdrt-health/mac:02010b41cdec/antenna/tag/e2806894000050038661fd4f, 83
1652702868.031713, sdrt-health/mac:02010b41cdec/antenna/tag/e28068940000400386621d4f, 77
1652702868.10554, sdrt-health/mac:02010b41cdec/antenna/tag/e2806894000040038662114f, 87
1652702868.106047, sdrt-health/mac:02010b41cdec/antenna/tag/e28068940000500386620d4f, 83
1652702868.121803, sdrt-health/mac:02010b41cdec/antenna/tag/e28068940000400386621d4f, 77
1652702868.153509, sdrt-health/mac:02010b41cdec/antenna/tag/e2806894000050038662154f, 85
1652702868.153837, sdrt-health/mac:02010b41cdec/antenna/tag/e2806894000050038662154f, 85
1652702868.180502, sdrt-health/mac:02010b41cdec/antenna/tag/e2806894000050038661fd4f, 97
1652702868.247534, sdrt-health/mac:02010b41cdec/antenna/tag/e2806894000050038662154f, 85
1652702868.248127, sdrt-health/mac:02010b41cdec/antenna/tag/e28068940000400386621d4f, 96
1652702868.264545, sdrt-health/mac:02010b41cdec/antenna/tag/e28068940000400386621d4f, 96
1652702868.270831, sdrt-health/mac:02010b41cdec/antenna/tag/e28068940000400386621d4f, 96
1652702868.280445, sdrt-health/mac:02010b41cdec/antenna/tag/e2806894000040038662114f, 93
1652702868.321593, sdrt-health/mac:02010b41cdec/antenna/tag/e28068940000400386621d4f, 96
1652702868.376125, sdrt-health/mac:02010b41cdec/antenna/tag/e2806894000050038662154f, 85
1652702868.376524, sdrt-health/mac:02010b41cdec/antenna/tag/e2806894000050038661fd4f, 97
1652702868.401464, sdrt-health/mac:02010b41cdec/antenna/tag/e28068940000400386621d4f, 96
1652702868.455491, sdrt-health/mac:02010b41cdec/antenna/tag/e28068940000400386621d4f, 96
1652702868.521001, sdrt-health/mac:02010b41cdec/antenna/tag/e2806894000040038662114f, 85
1652702868.521499, sdrt-health/mac:02010b41cdec/antenna/tag/e2806894000050038662154f, 85
1652702868.550189, sdrt-health/mac:02010b41cdec/antenna/tag/e2806894000050038661fd4f, 91
1652702868.584546, sdrt-health/mac:02010b41cdec/antenna/tag/e28068940000400386621d4f, 96
1652702868.585123, sdrt-health/mac:02010b41cdec/antenna/tag/e2806894000050038662154f, 93
1652702868.600853, sdrt-health/mac:02010b41cdec/antenna/tag/e28068940000400386621d4f, 77
1652702868.601288, sdrt-health/mac:02010b41cdec/antenna/tag/e2806894000050038661fd4f, 91
1652702868.661629, sdrt-health/mac:02010b41cdec/antenna/tag/e28068940000400386621d4f, 77
1652702868.711826, sdrt-health/mac:02010b41cdec/antenna/tag/e2806894000040038662114f, 93
1652702868.751176, sdrt-health/mac:02010b41cdec/antenna/tag/e2806894000040038662114f, 93
1652702868.802049, sdrt-health/mac:02010b41cdec/antenna/tag/e2806894000050038662154f, 93
1652702868.857745, sdrt-health/mac:02010b41cdec/antenna/tag/e28068940000400386621d4f, 77
1652702868.85821, sdrt-health/mac:02010b41cdec/antenna/tag/e2806894000040038662114f, 85
1652702868.874568, sdrt-health/mac:02010b41cdec/antenna/tag/e28068940000400386621d4f, 77
1652702868.880568, sdrt-health/mac:02010b41cdec/antenna/tag/e2806894000040038662114f, 85
1652702868.948361, sdrt-health/mac:02010b41cdec/antenna/tag/e2806894000040038662114f, 85
1652702869.014596, sdrt-health/mac:02010b41cdec/antenna/tag/e28068940000400386621d4f, 77
1652702869.015154, sdrt-health/mac:02010b41cdec/antenna/tag/e28068940000500386620d4f, 83
1652702869.031373, sdrt-health/mac:02010b41cdec/antenna/tag/e2806894000050038661fd4f, 85
1652702869.031927, sdrt-health/mac:02010b41cdec/antenna/tag/e28068940000500386620d4f, 83
1652702869.032286, sdrt-health/mac:02010b41cdec/antenna/tag/e2806894000040038662114f, 85
1652702869.049639, sdrt-health/mac:02010b41cdec/antenna/tag/e28068940000500386620d4f, 83
1652702869.096013, sdrt-health/mac:02010b41cdec/antenna/tag/e2806894000050038662154f, 85
1652702869.196022, sdrt-health/mac:02010b41cdec/antenna/tag/e28068940000400386621d4f, 77
1652702869.19648, sdrt-health/mac:02010b41cdec/antenna/tag/e2806894000050038661fd4f, 83
1652702869.222057, sdrt-health/mac:02010b41cdec/antenna/tag/e2806894000040038662114f, 93
1652702869.25345, sdrt-health/mac:02010b41cdec/antenna/tag/e2806894000050038661fd4f, 91
1652702869.253767, sdrt-health/mac:02010b41cdec/antenna/tag/e2806894000050038662154f, 85
1652702869.270419, sdrt-health/mac:02010b41cdec/antenna/tag/e2806894000040038662114f, 85
1652702869.327298, sdrt-health/mac:02010b41cdec/antenna/tag/e28068940000500386620d4f, 83
1652702869.327769, sdrt-health/mac:02010b41cdec/antenna/tag/e28068940000500386620d4f, 83
1652702869.360744, sdrt-health/mac:02010b41cdec/antenna/tag/e2806894000040038662114f, 85
1652702869.393803, sdrt-health/mac:02010b41cdec/antenna/tag/e2806894000050038662154f, 85
1652702869.394045, sdrt-health/mac:02010b41cdec/antenna/tag/e28068940000400386621d4f, 96
1652702869.409781, sdrt-health/mac:02010b41cdec/antenna/tag/e2806894000040038662114f, 88
1652702869.441161, sdrt-health/mac:02010b41cdec/antenna/tag/e2806894000040038662114f, 85
1652702869.480885, sdrt-health/mac:02010b41cdec/antenna/tag/e28068940000400386621d4f, 96
1652702869.567255, sdrt-health/mac:02010b41cdec/antenna/tag/e28068940000500386620d4f, 83
1652702869.567717, sdrt-health/mac:02010b41cdec/antenna/tag/e28068940000400386621d4f, 77
1652702869.600648, sdrt-health/mac:02010b41cdec/antenna/tag/e28068940000500386620d4f, 83
1652702869.656973, sdrt-health/mac:02010b41cdec/antenna/tag/e28068940000500386620d4f, 83
1652702869.657347, sdrt-health/mac:02010b41cdec/antenna/tag/e28068940000400386621d4f, 77
1652702869.672708, sdrt-health/mac:02010b41cdec/antenna/tag/e28068940000500386620d4f, 83
1652702869.672953, sdrt-health/mac:02010b41cdec/antenna/tag/e2806894000050038661fd4f, 91
1652702869.67314, sdrt-health/mac:02010b41cdec/antenna/tag/e28068940000400386621d4f, 77
1652702869.673298, sdrt-health/mac:02010b41cdec/antenna/tag/e2806894000050038661fd4f, 88
1652702869.70089, sdrt-health/mac:02010b41cdec/antenna/tag/e28068940000400386621d4f, 96
1652702869.751073, sdrt-health/mac:02010b41cdec/antenna/tag/e2806894000050038662154f, 88
1652702869.79033, sdrt-health/mac:02010b41cdec/antenna/tag/e2806894000040038662114f, 85
1652702869.840941, sdrt-health/mac:02010b41cdec/antenna/tag/e28068940000400386621d4f, 96
1652702869.897304, sdrt-health/mac:02010b41cdec/antenna/tag/e2806894000040038662114f, 88
1652702869.898271, sdrt-health/mac:02010b41cdec/antenna/tag/e2806894000050038661fd4f, 83
1652702869.921304, sdrt-health/mac:02010b41cdec/antenna/tag/e28068940000400386621d4f, 90
1652702869.961312, sdrt-health/mac:02010b41cdec/antenna/tag/e28068940000400386621d4f, 90
1652702870.016354, sdrt-health/mac:02010b41cdec/antenna/tag/e28068940000500386620d4f, 90
1652702870.016804, sdrt-health/mac:02010b41cdec/antenna/tag/e2806894000050038662154f, 85
1652702870.041412, sdrt-health/mac:02010b41cdec/antenna/tag/e28068940000400386621d4f, 96
1652702870.081882, sdrt-health/mac:02010b41cdec/antenna/tag/e2806894000050038662154f, 93
1652702870.138323, sdrt-health/mac:02010b41cdec/antenna/tag/e2806894000050038662154f, 85
1652702870.138831, sdrt-health/mac:02010b41cdec/antenna/tag/e2806894000050038661fd4f, 91
1652702870.161977, sdrt-health/mac:02010b41cdec/antenna/tag/e2806894000050038662154f, 85
1652702870.216724, sdrt-health/mac:02010b41cdec/antenna/tag/e28068940000400386621d4f, 96
1652702870.217256, sdrt-health/mac:02010b41cdec/antenna/tag/e2806894000050038661fd4f, 91
1652702870.232934, sdrt-health/mac:02010b41cdec/antenna/tag/e28068940000500386620d4f, 83
1652702870.240281, sdrt-health/mac:02010b41cdec/antenna/tag/e28068940000500386620d4f, 83
1652702870.282267, sdrt-health/mac:02010b41cdec/antenna/tag/e2806894000050038662154f, 93
1652702870.339395, sdrt-health/mac:02010b41cdec/antenna/tag/e28068940000500386620d4f, 83
1652702870.339919, sdrt-health/mac:02010b41cdec/antenna/tag/e28068940000400386621d4f, 77
1652702870.361583, sdrt-health/mac:02010b41cdec/antenna/tag/e28068940000500386620d4f, 80
1652702870.418268, sdrt-health/mac:02010b41cdec/antenna/tag/e2806894000040038661f94f, 88
1652702870.418697, sdrt-health/mac:02010b41cdec/antenna/tag/e2806894000050038661fd4f, 88
1652702870.434715, sdrt-health/mac:02010b41cdec/antenna/tag/e2806894000050038661fd4f, 88
1652702870.439723, sdrt-health/mac:02010b41cdec/antenna/tag/e28068940000400386621d4f, 96
1652702870.479644, sdrt-health/mac:02010b41cdec/antenna/tag/e28068940000400386621d4f, 96
1652702870.520535, sdrt-health/mac:02010b41cdec/antenna/tag/e2806894000050038661fd4f, 91
1652702870.576349, sdrt-health/mac:02010b41cdec/antenna/tag/e2806894000050038661fd4f, 91
1652702870.576844, sdrt-health/mac:02010b41cdec/antenna/tag/e2806894000040038662114f, 85
1652702870.592482, sdrt-health/mac:02010b41cdec/antenna/tag/e2806894000040038662114f, 93
1652702870.632159, sdrt-health/mac:02010b41cdec/antenna/tag/e28068940000400386621d4f, 96
1652702870.671751, sdrt-health/mac:02010b41cdec/antenna/tag/e2806894000040038662114f, 85
1652702870.746076, sdrt-health/mac:02010b41cdec/antenna/tag/e28068940000400386621d4f, 90
1652702870.7466, sdrt-health/mac:02010b41cdec/antenna/tag/e2806894000050038661fd4f, 97
1652702870.746984, sdrt-health/mac:02010b41cdec/antenna/state, connected
1652702870.747356, sdrt-health/mac:02010b41cdec/fw, {"version":"1.8.1","model":"200","hash":"2f556501b58f1dad542af428d7928d18","timestamp":1652702867}
1652702870.747618, sdrt-health/mac:02010b41cdec/antenna/tag/e28068940000400386621d4f, 96
1652702870.775036, sdrt-health/mac:02010b41cdec/antenna/tag/e2806894000050038661fd4f, 97
1652702870.83679, sdrt-health/mac:02010b41cdec/antenna/tag/e2806894000050038662154f, 88
1652702870.838334, sdrt-health/mac:02010b41cdec/antenna/tag/e2806894000050038661fd4f, 97
1652702870.838719, sdrt-health/mac:02010b41cdec/antenna/tag/e28068940000500386620d4f, 83
1652702870.852363, sdrt-health/mac:02010b41cdec/antenna/tag/e28068940000400386621d4f, 90
1652702870.852777, sdrt-health/mac:02010b41cdec/antenna/tag/e28068940000500386620d4f, 83
1652702870.871218, sdrt-health/mac:02010b41cdec/antenna/tag/e28068940000500386620d4f, 83
1652702870.928356, sdrt-health/mac:02010b41cdec/antenna/tag/e28068940000400386621d4f, 77
1652702870.928809, sdrt-health/mac:02010b41cdec/antenna/tag/e2806894000050038661fd4f, 97
1652702870.929145, sdrt-health/mac:02010b41cdec/antenna/version, h@bO
1652702870.929514, sdrt-health/mac:02010b41cdec/antenna/tag/e2806894000050038661fd4f, 97
1652702870.960372, sdrt-health/mac:02010b41cdec/antenna/tag/e2806894000040038662114f, 88
1652702871.016153, sdrt-health/mac:02010b41cdec/antenna/tag/e28068940000400386621d4f, 96
1652702871.016662, sdrt-health/mac:02010b41cdec/antenna/tag/e28068940000400386621d4f, 96
1652702871.041476, sdrt-health/mac:02010b41cdec/antenna/tag/e2806894000050038662154f, 85
1652702871.09827, sdrt-health/mac:02010b41cdec/antenna/tag/e2806894000040038662114f, 85
1652702871.098769, sdrt-health/mac:02010b41cdec/antenna/tag/e28068940000400386621d4f, 96
1652702871.114764, sdrt-health/mac:02010b41cdec/antenna/tag/e2806894000050038661fd4f, 91
1652702871.151357, sdrt-health/mac:02010b41cdec/antenna/tag/e2806894000050038662154f, 85
1652702871.213206, sdrt-health/mac:02010b41cdec/antenna/tag/e2806894000050038662154f, 83
1652702871.245575, sdrt-health/mac:02010b41cdec/antenna/tag/e28068940000400386621d4f, 77
1652702871.246074, sdrt-health/mac:02010b41cdec/antenna/tag/e2806894000040038662114f, 85
1652702871.260692, sdrt-health/mac:02010b41cdec/antenna/tag/e2806894000040038662114f, 93
1652702871.26097, sdrt-health/mac:02010b41cdec/antenna/tag/e28068940000400386621d4f, 77
1652702871.300872, sdrt-health/mac:02010b41cdec/antenna/tag/e2806894000040038662114f, 87
1652702871.377789, sdrt-health/mac:02010b41cdec/antenna/tag/e2806894000050038662154f, 85
1652702871.378321, sdrt-health/mac:02010b41cdec/antenna/tag/e2806894000050038662154f, 85
1652702871.400151, sdrt-health/mac:02010b41cdec/antenna/tag/e28068940000400386621d4f, 96
1652702871.456756, sdrt-health/mac:02010b41cdec/antenna/tag/e28068940000400386621d4f, 96
1652702871.457277, sdrt-health/mac:02010b41cdec/antenna/tag/e2806894000040038662114f, 88
1652702871.472478, sdrt-health/mac:02010b41cdec/antenna/tag/e2806894000050038662154f, 88
1652702871.511646, sdrt-health/mac:02010b41cdec/antenna/tag/e2806894000050038662154f, 85
1652702871.551877, sdrt-health/mac:02010b41cdec/antenna/tag/e2806894000050038661fd4f, 91
1652702871.583297, sdrt-health/mac:02010b41cdec/antenna/tag/e2806894000040038662114f, 87
1652702871.583582, sdrt-health/mac:02010b41cdec/antenna/tag/e28068940000400386621d4f, 96
1652702871.608742, sdrt-health/mac:02010b41cdec/antenna/tag/e2806894000050038661fd4f, 88
1652702871.684412, sdrt-health/mac:02010b41cdec/antenna/tag/e2806894000050038661fd4f, 97
1652702871.716257, sdrt-health/mac:02010b41cdec/antenna/tag/e2806894000040038662114f, 87
1652702871.716606, sdrt-health/mac:02010b41cdec/antenna/tag/e28068940000500386620d4f, 83
1652702871.734644, sdrt-health/mac:02010b41cdec/antenna/tag/e2806894000040038662114f, 93
1652702871.810207, sdrt-health/mac:02010b41cdec/antenna/tag/e2806894000050038661fd4f, 97
1652702871.810665, sdrt-health/mac:02010b41cdec/antenna/tag/e2806894000040038662114f, 85
1652702871.84596, sdrt-health/mac:02010b41cdec/antenna/tag/e2806894000040038662114f, 85
1652702871.912231, sdrt-health/mac:02010b41cdec/antenna/tag/e2806894000050038661fd4f, 83
1652702871.91272, sdrt-health/mac:02010b41cdec/antenna/tag/e2806894000050038661fd4f, 97
1652702871.942321, sdrt-health/mac:02010b41cdec/antenna/tag/e2806894000050038661fd4f, 91
1652702871.99507, sdrt-health/mac:02010b41cdec/antenna/tag/e28068940000500386620d4f, 80
1652702872.029577, sdrt-health/mac:02010b41cdec/antenna/tag/e2806894000050038662154f, 85
1652702872.029942, sdrt-health/mac:02010b41cdec/antenna/tag/e2806894000050038661fd4f, 91
1652702872.047063, sdrt-health/mac:02010b41cdec/antenna/tag/e2806894000040038662214f, 88
1652702872.047391, sdrt-health/mac:02010b41cdec/antenna/tag/e2806894000050038661fd4f, 91
1652702872.081662, sdrt-health/mac:02010b41cdec/antenna/tag/e28068940000500386620d4f, 83
1652702872.115349, sdrt-health/mac:02010b41cdec/antenna/tag/e28068940000400386621d4f, 77
1652702872.115719, sdrt-health/mac:02010b41cdec/antenna/tag/e2806894000050038662154f, 93
1652702872.134845, sdrt-health/mac:02010b41cdec/antenna/tag/e2806894000040038662114f, 93
1652702872.135366, sdrt-health/mac:02010b41cdec/antenna/tag/e28068940000400386621d4f, 77
1652702872.135671, sdrt-health/mac:02010b41cdec/antenna/tag/e2806894000050038662154f, 93
1652702872.162806, sdrt-health/mac:02010b41cdec/antenna/tag/e2806894000050038662154f, 85
1652702872.201435, sdrt-health/mac:02010b41cdec/antenna/tag/e2806894000050038662154f, 85
1652702872.251184, sdrt-health/mac:02010b41cdec/antenna/tag/e2806894000050038662154f, 85
1652702872.339068, sdrt-health/mac:02010b41cdec/antenna/tag/e2806894000050038662154f, 85
1652702872.339572, sdrt-health/mac:02010b41cdec/antenna/tag/e2806894000050038662194f, 84
1652702872.356939, sdrt-health/mac:02010b41cdec/antenna/tag/e28068940000500386620d4f, 83
1652702872.362696, sdrt-health/mac:02010b41cdec/antenna/tag/e28068940000500386620d4f, 83
1652702872.375952, sdrt-health/mac:02010b41cdec/antenna/tag/e28068940000400386621d4f, 96
1652702872.431953, sdrt-health/mac:02010b41cdec/antenna/tag/e2806894000050038661fd4f, 97
1652702872.482226, sdrt-health/mac:02010b41cdec/antenna/tag/e28068940000400386621d4f, 96
1652702872.537772, sdrt-health/mac:02010b41cdec/antenna/tag/e28068940000500386620d4f, 83
1652702872.538264, sdrt-health/mac:02010b41cdec/antenna/tag/e2806894000040038662114f, 88
1652702872.56166, sdrt-health/mac:02010b41cdec/antenna/tag/e28068940000400386621d4f, 77
1652702872.632733, sdrt-health/mac:02010b41cdec/antenna/tag/e28068940000500386620d4f, 83
1652702872.633197, sdrt-health/mac:02010b41cdec/antenna/tag/e2806894000040038662114f, 93
1652702872.649233, sdrt-health/mac:02010b41cdec/antenna/tag/e28068940000400386621d4f, 77
1652702872.660639, sdrt-health/mac:02010b41cdec/antenna/tag/e2806894000040038662114f, 85
1652702872.667581, sdrt-health/mac:02010b41cdec/antenna/tag/e2806894000050038662154f, 85
1652702872.711073, sdrt-health/mac:02010b41cdec/antenna/tag/e2806894000050038662154f, 88
1652702872.750962, sdrt-health/mac:02010b41cdec/antenna/tag/e2806894000050038662154f, 85
1652702872.819064, sdrt-health/mac:02010b41cdec/antenna/tag/e2806894000050038661fd4f, 97
1652702872.819596, sdrt-health/mac:02010b41cdec/antenna/tag/e2806894000050038662154f, 85
1652702872.819946, sdrt-health/mac:02010b41cdec/antenna/tag/e28068940000400386621d4f, 96
1652702872.842736, sdrt-health/mac:02010b41cdec/antenna/tag/e2806894000040038662114f, 93
1652702872.88297, sdrt-health/mac:02010b41cdec/antenna/tag/e2806894000050038662154f, 88
1652702872.936887, sdrt-health/mac:02010b41cdec/antenna/tag/e28068940000400386621d4f, 96
1652702872.937357, sdrt-health/mac:02010b41cdec/antenna/tag/e2806894000040038662114f, 87
1652702872.962161, sdrt-health/mac:02010b41cdec/antenna/tag/e2806894000040038662114f, 93
1652702873.018478, sdrt-health/mac:02010b41cdec/antenna/tag/e2806894000050038662154f, 85
1652702873.018911, sdrt-health/mac:02010b41cdec/antenna/tag/e28068940000500386620d4f, 80
1652702873.040636, sdrt-health/mac:02010b41cdec/antenna/tag/e28068940000400386621d4f, 77
1652702873.081991, sdrt-health/mac:02010b41cdec/antenna/tag/e2806894000050038661fd4f, 97
1652702873.115598, sdrt-health/mac:02010b41cdec/antenna/tag/e28068940000400386621d4f, 96
1652702873.115882, sdrt-health/mac:02010b41cdec/antenna/tag/e2806894000040038662114f, 83
1652702873.151123, sdrt-health/mac:02010b41cdec/antenna/tag/e2806894000050038661fd4f, 91
1652702873.201659, sdrt-health/mac:02010b41cdec/antenna/tag/e2806894000050038661fd4f, 83
1652702873.241821, sdrt-health/mac:02010b41cdec/antenna/tag/e28068940000500386620d4f, 83
1652702873.274974, sdrt-health/mac:02010b41cdec/antenna/tag/e28068940000500386620d4f, 83
1652702873.275232, sdrt-health/mac:02010b41cdec/antenna/tag/e2806894000040038662114f, 85
1652702873.291056, sdrt-health/mac:02010b41cdec/antenna/tag/e28068940000400386621d4f, 96
1652702873.348808, sdrt-health/mac:02010b41cdec/antenna/tag/e2806894000050038662154f, 85
1652702873.392688, sdrt-health/mac:02010b41cdec/antenna/tag/e2806894000050038661fd4f, 83
1652702873.426932, sdrt-health/mac:02010b41cdec/antenna/tag/e28068940000400386621d4f, 96
1652702873.427235, sdrt-health/mac:02010b41cdec/antenna/tag/e2806894000050038662154f, 85
1652702873.427432, sdrt-health/mac:02010b41cdec/antenna/tag/e2806894000050038661fd4f, 97
1652702873.449958, sdrt-health/mac:02010b41cdec/antenna/tag/e28068940000500386620d4f, 83
1652702873.512599, sdrt-health/mac:02010b41cdec/antenna/tag/e2806894000040038662114f, 93
1652702873.513058, sdrt-health/mac:02010b41cdec/antenna/tag/e2806894000040038662114f, 93
1652702873.530524, sdrt-health/mac:02010b41cdec/antenna/tag/e2806894000050038661fd4f, 91
1652702873.540837, sdrt-health/mac:02010b41cdec/antenna/tag/e2806894000040038662114f, 93
1652702873.547343, sdrt-health/mac:02010b41cdec/antenna/tag/e28068940000500386620d4f, 83
1652702873.591331, sdrt-health/mac:02010b41cdec/antenna/tag/e28068940000500386620d4f, 83
1652702873.630899, sdrt-health/mac:02010b41cdec/antenna/tag/e2806894000050038661fd4f, 97
1652702873.689735, sdrt-health/mac:02010b41cdec/antenna/tag/e2806894000050038662154f, 88
1652702873.752153, sdrt-health/mac:02010b41cdec/antenna/tag/e28068940000500386620d4f, 83
1652702873.752623, sdrt-health/mac:02010b41cdec/antenna/tag/e28068940000500386620d4f, 83
1652702873.781451, sdrt-health/mac:02010b41cdec/antenna/tag/e28068940000500386620d4f, 83
1652702873.880253, sdrt-health/mac:02010b41cdec/antenna/tag/e28068940000400386621d4f, 96
1652702873.880754, sdrt-health/mac:02010b41cdec/antenna/tag/e28068940000500386620d4f, 83
1652702873.912882, sdrt-health/mac:02010b41cdec/antenna/tag/e2806894000040038662114f, 93
1652702873.951316, sdrt-health/mac:02010b41cdec/antenna/tag/e2806894000050038661fd4f, 91
1652702874.001909, sdrt-health/mac:02010b41cdec/antenna/tag/e2806894000050038661fd4f, 88
1652702874.040843, sdrt-health/mac:02010b41cdec/antenna/tag/e28068940000400386621d4f, 77
1652702874.081653, sdrt-health/mac:02010b41cdec/antenna/tag/e2806894000050038661fd4f, 91
1652702874.122736, sdrt-health/mac:02010b41cdec/antenna/tag/e2806894000050038661fd4f, 97
1652702874.178922, sdrt-health/mac:02010b41cdec/antenna/tag/e2806894000050038662154f, 85
1652702874.17929, sdrt-health/mac:02010b41cdec/antenna/tag/e28068940000400386621d4f, 96
1652702874.195709, sdrt-health/mac:02010b41cdec/antenna/tag/e2806894000040038662114f, 85
1652702874.201787, sdrt-health/mac:02010b41cdec/antenna/tag/e28068940000500386620d4f, 83
1652702874.212411, sdrt-health/mac:02010b41cdec/antenna/tag/e2806894000050038661fd4f, 88
1652702874.254169, sdrt-health/mac:02010b41cdec/antenna/tag/e2806894000050038661fd4f, 97
1652702874.31228, sdrt-health/mac:02010b41cdec/antenna/tag/e28068940000500386620d4f, 80
1652702874.312744, sdrt-health/mac:02010b41cdec/antenna/tag/e2806894000040038662114f, 93
1652702874.313084, sdrt-health/mac:02010b41cdec/antenna/tag/e2806894000050038662154f, 88
1652702874.329138, sdrt-health/mac:02010b41cdec/antenna/tag/e2806894000050038662154f, 85
1652702874.352493, sdrt-health/mac:02010b41cdec/antenna/tag/e28068940000400386621d4f, 96
1652702874.417893, sdrt-health/mac:02010b41cdec/antenna/tag/e2806894000050038662154f, 88
1652702874.418406, sdrt-health/mac:02010b41cdec/antenna/tag/e28068940000500386620d4f, 83
1652702874.442081, sdrt-health/mac:02010b41cdec/antenna/tag/e28068940000500386620d4f, 83
1652702874.508916, sdrt-health/mac:02010b41cdec/antenna/tag/e28068940000500386620d4f, 83
1652702874.509407, sdrt-health/mac:02010b41cdec/antenna/tag/e28068940000500386620d4f, 83
1652702874.535609, sdrt-health/mac:02010b41cdec/antenna/tag/e28068940000400386621d4f, 77
1652702874.590296, sdrt-health/mac:02010b41cdec/antenna/tag/e28068940000400386621d4f, 77
1652702874.66327, sdrt-health/mac:02010b41cdec/antenna/tag/e2806894000050038661fd4f, 91
1652702874.663748, sdrt-health/mac:02010b41cdec/antenna/tag/e28068940000400386621d4f, 96
1652702874.680985, sdrt-health/mac:02010b41cdec/antenna/tag/e2806894000040038662114f, 85
1652702874.696368, sdrt-health/mac:02010b41cdec/antenna/tag/e2806894000050038662154f, 85
1652702874.799521, sdrt-health/mac:02010b41cdec/antenna/tag/e2806894000040038662114f, 93
1652702874.856554, sdrt-health/mac:02010b41cdec/antenna/tag/e2806894000050038661fd4f, 97
1652702874.920376, sdrt-health/mac:02010b41cdec/antenna/tag/e28068940000400386621d4f, 96
1652702874.920878, sdrt-health/mac:02010b41cdec/antenna/tag/e28068940000400386621d4f, 96
1652702874.950588, sdrt-health/mac:02010b41cdec/antenna/tag/e2806894000040038662114f, 88
1652702875.011754, sdrt-health/mac:02010b41cdec/antenna/tag/e2806894000050038662154f, 88
1652702875.012219, sdrt-health/mac:02010b41cdec/antenna/tag/e28068940000500386620d4f, 83
1652702875.042814, sdrt-health/mac:02010b41cdec/antenna/tag/e28068940000500386620d4f, 83
1652702875.09979, sdrt-health/mac:02010b41cdec/antenna/tag/e2806894000050038662154f, 93
1652702875.100012, sdrt-health/mac:02010b41cdec/antenna/tag/e2806894000050038662154f, 88
1652702875.122664, sdrt-health/mac:02010b41cdec/antenna/tag/e2806894000040038662114f, 83
1652702875.206712, sdrt-health/mac:02010b41cdec/antenna/tag/e28068940000500386620d4f, 90
1652702875.207209, sdrt-health/mac:02010b41cdec/antenna/tag/e28068940000500386620d4f, 83
1652702875.224274, sdrt-health/mac:02010b41cdec/antenna/tag/e2806894000040038662114f, 87
1652702875.224673, sdrt-health/mac:02010b41cdec/antenna/tag/e2806894000050038661fd4f, 91
1652702875.231718, sdrt-health/mac:02010b41cdec/antenna/tag/e2806894000050038662154f, 93
1652702875.240673, sdrt-health/mac:02010b41cdec/antenna/tag/e2806894000040038661f94f, 88
1652702875.281646, sdrt-health/mac:02010b41cdec/antenna/tag/e28068940000500386620d4f, 83
1652702875.321433, sdrt-health/mac:02010b41cdec/antenna/tag/e2806894000050038661fd4f, 91
1652702875.362125, sdrt-health/mac:02010b41cdec/antenna/tag/e2806894000050038662154f, 93
1652702875.433154, sdrt-health/mac:02010b41cdec/antenna/tag/e28068940000500386620d4f, 83
1652702875.433654, sdrt-health/mac:02010b41cdec/antenna/tag/e2806894000050038662154f, 85
1652702875.532257, sdrt-health/mac:02010b41cdec/antenna/tag/e28068940000400386621d4f, 96
1652702875.592814, sdrt-health/mac:02010b41cdec/antenna/tag/e28068940000400386621d4f, 96
1652702875.627301, sdrt-health/mac:02010b41cdec/antenna/tag/e2806894000050038661fd4f, 97
1652702875.627613, sdrt-health/mac:02010b41cdec/antenna/tag/e2806894000040038662114f, 87
1652702875.643718, sdrt-health/mac:02010b41cdec/antenna/tag/e2806894000040038662114f, 85
1652702875.644034, sdrt-health/mac:02010b41cdec/antenna/tag/e2806894000050038662154f, 85
1652702875.644282, sdrt-health/mac:02010b41cdec/antenna/tag/e28068940000500386620d4f, 83
1652702875.682177, sdrt-health/mac:02010b41cdec/antenna/tag/e2806894000050038662154f, 85
1652702875.721302, sdrt-health/mac:02010b41cdec/antenna/tag/e28068940000400386621d4f, 77
1652702875.762006, sdrt-health/mac:02010b41cdec/antenna/tag/e28068940000500386620d4f, 83
1652702875.802895, sdrt-health/mac:02010b41cdec/antenna/tag/e2806894000040038662054f, 94
1652702875.843302, sdrt-health/mac:02010b41cdec/antenna/tag/e2806894000040038662114f, 85
1652702875.881814, sdrt-health/mac:02010b41cdec/antenna/tag/e28068940000500386620d4f, 90
1652702875.921904, sdrt-health/mac:02010b41cdec/antenna/tag/e28068940000500386620d4f, 83
1652702875.960982, sdrt-health/mac:02010b41cdec/antenna/tag/e2806894000050038662154f, 88
1652702876.002012, sdrt-health/mac:02010b41cdec/antenna/tag/e2806894000050038661fd4f, 97
1652702876.034945, sdrt-health/mac:02010b41cdec/antenna/tag/e2806894000050038661fd4f, 83
1652702876.035355, sdrt-health/mac:02010b41cdec/antenna/tag/e28068940000400386621d4f, 96
1652702876.073046, sdrt-health/mac:02010b41cdec/antenna/tag/e2806894000050038661fd4f, 91
1652702876.119338, sdrt-health/mac:02010b41cdec/antenna/tag/e2806894000040038662114f, 93
1652702876.219204, sdrt-health/mac:02010b41cdec/antenna/tag/e2806894000050038662194f, 81
1652702876.219706, sdrt-health/mac:02010b41cdec/antenna/tag/e28068940000400386621d4f, 96
1652702876.242558, sdrt-health/mac:02010b41cdec/antenna/tag/e28068940000500386620d4f, 83
1652702876.337649, sdrt-health/mac:02010b41cdec/antenna/tag/e2806894000050038662154f, 88
1652702876.338144, sdrt-health/mac:02010b41cdec/antenna/tag/e2806894000040038662114f, 85
1652702876.376248, sdrt-health/mac:02010b41cdec/antenna/tag/e28068940000500386620d4f, 90
1652702876.413674, sdrt-health/mac:02010b41cdec/antenna/tag/e2806894000050038661fd4f, 97
1652702876.414129, sdrt-health/mac:02010b41cdec/antenna/tag/e28068940000400386621d4f, 96
1652702876.431513, sdrt-health/mac:02010b41cdec/antenna/tag/e2806894000040038662114f, 88
1652702876.47273, sdrt-health/mac:02010b41cdec/antenna/tag/e28068940000400386621d4f, 96
1652702876.512292, sdrt-health/mac:02010b41cdec/antenna/tag/e28068940000400386621d4f, 96
1652702876.546518, sdrt-health/mac:02010b41cdec/antenna/tag/e28068940000500386620d4f, 83
1652702876.546761, sdrt-health/mac:02010b41cdec/antenna/tag/e28068940000500386620d4f, 83
1652702876.562331, sdrt-health/mac:02010b41cdec/antenna/tag/e2806894000040038662114f, 85
1652702876.603607, sdrt-health/mac:02010b41cdec/antenna/tag/e28068940000500386620d4f, 83
1652702876.713468, sdrt-health/mac:02010b41cdec/antenna/tag/e2806894000050038661fd4f, 91
1652702876.778059, sdrt-health/mac:02010b41cdec/antenna/tag/e2806894000050038662154f, 85
1652702876.813923, sdrt-health/mac:02010b41cdec/antenna/tag/e28068940000500386620d4f, 83
1652702876.814295, sdrt-health/mac:02010b41cdec/antenna/tag/e28068940000400386621d4f, 77
1652702876.814681, sdrt-health/mac:02010b41cdec/antenna/tag/e2806894000040038662114f, 85
1652702876.830141, sdrt-health/mac:02010b41cdec/antenna/tag/e2806894000050038661fd4f, 91
1652702876.872388, sdrt-health/mac:02010b41cdec/antenna/tag/e2806894000050038661fd4f, 91
1652702876.910995, sdrt-health/mac:02010b41cdec/antenna/tag/e28068940000500386620d4f, 80
1652702877.041412, sdrt-health/mac:02010b41cdec/antenna/tag/e2806894000050038662154f, 85
1652702877.041891, sdrt-health/mac:02010b41cdec/antenna/tag/e2806894000050038661fd4f, 88
1652702877.112499, sdrt-health/mac:02010b41cdec/antenna/tag/e2806894000040038662114f, 87
1652702877.163203, sdrt-health/mac:02010b41cdec/antenna/tag/e2806894000040038662114f, 85
1652702877.218073, sdrt-health/mac:02010b41cdec/antenna/tag/e2806894000050038662154f, 88
1652702877.218606, sdrt-health/mac:02010b41cdec/antenna/tag/e2806894000050038661fd4f, 83
1652702877.233346, sdrt-health/mac:02010b41cdec/antenna/tag/e28068940000500386620d4f, 83
1652702877.2414, sdrt-health/mac:02010b41cdec/antenna/tag/e2806894000050038661fd4f, 97
1652702877.280954, sdrt-health/mac:02010b41cdec/antenna/tag/e2806894000050038662154f, 85
1652702877.322526, sdrt-health/mac:02010b41cdec/antenna/tag/e28068940000500386620d4f, 83
1652702877.380153, sdrt-health/mac:02010b41cdec/antenna/tag/e2806894000050038661fd4f, 97
1652702877.380618, sdrt-health/mac:02010b41cdec/antenna/tag/e2806894000050038661fd4f, 97
1652702877.396944, sdrt-health/mac:02010b41cdec/antenna/tag/e28068940000500386620d4f, 83
1652702877.402041, sdrt-health/mac:02010b41cdec/antenna/tag/e2806894000050038662154f, 88
1652702877.414784, sdrt-health/mac:02010b41cdec/antenna/tag/e2806894000040038662114f, 85
1652702877.415069, sdrt-health/mac:02010b41cdec/antenna/tag/e2806894000050038662154f, 85
1652702877.442091, sdrt-health/mac:02010b41cdec/antenna/tag/e28068940000500386620d4f, 83
1652702877.540387, sdrt-health/mac:02010b41cdec/antenna/tag/e2806894000050038661fd4f, 83
1652702877.540839, sdrt-health/mac:02010b41cdec/antenna/tag/e2806894000050038661fd4f, 88
1652702877.561047, sdrt-health/mac:02010b41cdec/antenna/tag/e2806894000040038662114f, 93
1652702877.620302, sdrt-health/mac:02010b41cdec/antenna/tag/e28068940000500386620d4f, 83
1652702877.620802, sdrt-health/mac:02010b41cdec/antenna/tag/e28068940000500386620d4f, 83
1652702877.642274, sdrt-health/mac:02010b41cdec/antenna/tag/e2806894000050038662154f, 93
1652702877.769063, sdrt-health/mac:02010b41cdec/antenna/tag/e2806894000050038662154f, 85
1652702877.769563, sdrt-health/mac:02010b41cdec/antenna/tag/e28068940000400386621d4f, 96
1652702877.792588, sdrt-health/mac:02010b41cdec/antenna/tag/e28068940000500386620d4f, 80
1652702877.859677, sdrt-health/mac:02010b41cdec/antenna/tag/e28068940000500386620d4f, 80
1652702877.860265, sdrt-health/mac:02010b41cdec/antenna/tag/e28068940000400386621d4f, 96
1652702877.876715, sdrt-health/mac:02010b41cdec/antenna/tag/e2806894000050038662154f, 88
1652702877.877038, sdrt-health/mac:02010b41cdec/antenna/tag/e28068940000500386620d4f, 83
1652702877.882102, sdrt-health/mac:02010b41cdec/antenna/tag/e2806894000050038661fd4f, 97
1652702878.125091, sdrt-health/mac:02010b41cdec/antenna/tag/scan, scan stopped
