1652702186.341405, sdrt-health/mac:02010b41cdec/antenna/power/set, {"power": 290}
1652702187.417368, sdrt-health/mac:02010b41cdec/antenna/power/set, 
1652702191.364366, sdrt-health/mac:02010b41cdec/antenna/tag/scan, {"time": 20000}
1652702191.739789, sdrt-health/mac:02010b41cdec/antenna/tag/e2806894000050038662154f, 93
1652702191.783773, sdrt-health/mac:02010b41cdec/antenna/tag/e2806894000050038661fd4f, 91
1652702191.833454, sdrt-health/mac:02010b41cdec/antenna/tag/e2806894000050038662154f, 85
1652702191.940726, sdrt-health/mac:02010b41cdec/antenna/tag/e2806894000040038662114f, 85
1652702191.941408, sdrt-health/mac:02010b41cdec/antenna/tag/e28068940000500386620d4f, 83
1652702191.981103, sdrt-health/mac:02010b41cdec/antenna/tag/e28068940000400386621d4f, 96
1652702192.017479, sdrt-health/mac:02010b41cdec/antenna/tag/e2806894000050038662154f, 88
1652702192.01769, sdrt-health/mac:02010b41cdec/antenna/tag/e2806894000050038661fd4f, 97
1652702192.033956, sdrt-health/mac:02010b41cdec/antenna/tag/e28068940000400386621d4f, 96
1652702192.034198, sdrt-health/mac:02010b41cdec/antenna/tag/e2806894000050038661fd4f, 91
1652702192.074319, sdrt-health/mac:02010b41cdec/antenna/tag/e28068940000500386620d4f, 90
1652702192.171511, sdrt-health/mac:02010b41cdec/antenna/tag/e28068940000400386621d4f, 96
1652702192.172013, sdrt-health/mac:02010b41cdec/antenna/tag/e2806894000040038662114f, 85
1652702192.193806, sdrt-health/mac:02010b41cdec/antenna/tag/e28068940000400386621d4f, 96
1652702192.227046, sdrt-health/mac:02010b41cdec/antenna/tag/e2806894000050038661fd4f, 83
1652702192.227241, sdrt-health/mac:02010b41cdec/antenna/tag/e2806894000050038662154f, 91
1652702192.244489, sdrt-health/mac:02010b41cdec/antenna/tag/e2806894000050038661fd4f, 83
1652702192.284182, sdrt-health/mac:02010b41cdec/antenna/tag/e28068940000400386621d4f, 90
1652702192.316006, sdrt-health/mac:02010b41cdec/antenna/tag/e2806894000050038661fd4f, 83
1652702192.316248, sdrt-health/mac:02010b41cdec/antenna/tag/e2806894000040038662114f, 88
1652702192.343861, sdrt-health/mac:02010b41cdec/antenna/tag/e28068940000500386620d4f, 90
1652702192.404219, sdrt-health/mac:02010b41cdec/antenna/tag/e2806894000040038662114f, 88
1652702192.443262, sdrt-health/mac:02010b41cdec/antenna/tag/e28068940000400386621d4f, 96
1652702192.48408, sdrt-health/mac:02010b41cdec/antenna/tag/e28068940000500386620d4f, 83
1652702192.522972, sdrt-health/mac:02010b41cdec/antenna/tag/e2806894000050038662154f, 88
1652702192.563647, sdrt-health/mac:02010b41cdec/antenna/tag/e28068940000500386620d4f, 83
1652702192.596203, sdrt-health/mac:02010b41cdec/antenna/tag/e28068940000400386621d4f, 96
1652702192.596403, sdrt-health/mac:02010b41cdec/antenna/tag/e2806894000050038661fd4f, 91
1652702192.614507, sdrt-health/mac:02010b41cdec/antenna/tag/e2806894000040038662114f, 85
1652702192.61486, sdrt-health/mac:02010b41cdec/antenna/tag/e28068940000400386621d4f, 96
1652702192.615065, sdrt-health/mac:02010b41cdec/antenna/tag/e28068940000500386620d4f, 83
1652702192.645377, sdrt-health/mac:02010b41cdec/antenna/tag/e2806894000040038662114f, 93
1652702192.685287, sdrt-health/mac:02010b41cdec/antenna/tag/e2806894000050038662194f, 84
1652702192.723604, sdrt-health/mac:02010b41cdec/antenna/tag/e2806894000050038662154f, 85
1652702192.780458, sdrt-health/mac:02010b41cdec/antenna/tag/e28068940000500386620d4f, 83
1652702192.780795, sdrt-health/mac:02010b41cdec/antenna/tag/e2806894000040038662114f, 85
1652702192.803619, sdrt-health/mac:02010b41cdec/antenna/tag/e2806894000050038662154f, 88
1652702192.84429, sdrt-health/mac:02010b41cdec/antenna/tag/e2806894000040038662114f, 93
1652702192.901079, sdrt-health/mac:02010b41cdec/antenna/tag/e28068940000500386620d4f, 80
1652702192.901327, sdrt-health/mac:02010b41cdec/antenna/tag/e2806894000050038662154f, 88
1652702192.916796, sdrt-health/mac:02010b41cdec/antenna/tag/e28068940000400386621d4f, 96
1652702192.923756, sdrt-health/mac:02010b41cdec/antenna/tag/e2806894000050038661fd4f, 97
1652702192.932587, sdrt-health/mac:02010b41cdec/antenna/tag/e2806894000050038662154f, 93
1652702192.963983, sdrt-health/mac:02010b41cdec/antenna/tag/e28068940000400386621d4f, 96
1652702193.019679, sdrt-health/mac:02010b41cdec/antenna/tag/e28068940000500386620d4f, 83
1652702193.019892, sdrt-health/mac:02010b41cdec/antenna/tag/e2806894000050038662154f, 88
1652702193.03547, sdrt-health/mac:02010b41cdec/antenna/tag/e28068940000400386621d4f, 96
1652702193.043382, sdrt-health/mac:02010b41cdec/antenna/tag/e2806894000050038662154f, 88
1652702193.083485, sdrt-health/mac:02010b41cdec/antenna/tag/e28068940000500386620d4f, 83
1652702193.147031, sdrt-health/mac:02010b41cdec/antenna/tag/e28068940000400386621d4f, 96
1652702193.221324, sdrt-health/mac:02010b41cdec/antenna/tag/e2806894000040038662114f, 85
1652702193.22152, sdrt-health/mac:02010b41cdec/antenna/tag/e28068940000500386620d4f, 83
1652702193.221651, sdrt-health/mac:02010b41cdec/antenna/tag/e28068940000500386620d4f, 83
1652702193.238958, sdrt-health/mac:02010b41cdec/antenna/tag/e28068940000400386621d4f, 96
1652702193.245668, sdrt-health/mac:02010b41cdec/antenna/tag/e28068940000400386621d4f, 96
1652702193.254757, sdrt-health/mac:02010b41cdec/antenna/tag/e28068940000500386620d4f, 83
1652702193.285937, sdrt-health/mac:02010b41cdec/antenna/tag/e28068940000400386621d4f, 96
1652702193.324238, sdrt-health/mac:02010b41cdec/antenna/tag/e28068940000500386620d4f, 83
1652702193.372149, sdrt-health/mac:02010b41cdec/antenna/tag/e28068940000500386620d4f, 83
1652702193.417845, sdrt-health/mac:02010b41cdec/antenna/tag/e28068940000500386620d4f, 83
1652702193.470071, sdrt-health/mac:02010b41cdec/antenna/tag/e28068940000500386620d4f, 90
1652702193.527236, sdrt-health/mac:02010b41cdec/antenna/tag/e28068940000400386621d4f, 96
1652702193.579614, sdrt-health/mac:02010b41cdec/antenna/tag/e28068940000400386621d4f, 96
1652702193.579915, sdrt-health/mac:02010b41cdec/antenna/tag/e2806894000050038661fd4f, 97
1652702193.580094, sdrt-health/mac:02010b41cdec/antenna/tag/e2806894000050038661fd4f, 97
1652702193.60388, sdrt-health/mac:02010b41cdec/antenna/tag/e2806894000040038661f94f, 83
1652702193.657524, sdrt-health/mac:02010b41cdec/antenna/tag/e2806894000050038662154f, 93
1652702193.65775, sdrt-health/mac:02010b41cdec/antenna/tag/e2806894000040038662114f, 85
1652702193.705001, sdrt-health/mac:02010b41cdec/antenna/tag/e28068940000400386621d4f, 96
1652702193.753635, sdrt-health/mac:02010b41cdec/antenna/tag/e28068940000500386620d4f, 83
1652702193.793992, sdrt-health/mac:02010b41cdec/antenna/tag/e2806894000040038662114f, 85
1652702193.862615, sdrt-health/mac:02010b41cdec/antenna/tag/e2806894000050038662154f, 85
1652702193.914138, sdrt-health/mac:02010b41cdec/antenna/tag/e2806894000040038662114f, 88
1652702193.944917, sdrt-health/mac:02010b41cdec/antenna/tag/e28068940000400386621d4f, 96
1652702193.945436, sdrt-health/mac:02010b41cdec/antenna/tag/e2806894000040038662114f, 85
1652702193.961485, sdrt-health/mac:02010b41cdec/antenna/tag/e2806894000050038661fd4f, 97
1652702194.003204, sdrt-health/mac:02010b41cdec/antenna/tag/e2806894000040038662114f, 88
1652702194.066246, sdrt-health/mac:02010b41cdec/antenna/tag/e2806894000050038661fd4f, 83
1652702194.066611, sdrt-health/mac:02010b41cdec/antenna/tag/e28068940000500386620d4f, 83
1652702194.104555, sdrt-health/mac:02010b41cdec/antenna/tag/e2806894000040038662114f, 85
1652702194.155028, sdrt-health/mac:02010b41cdec/antenna/tag/e28068940000400386621d4f, 77
1652702194.234607, sdrt-health/mac:02010b41cdec/antenna/tag/e2806894000050038662154f, 85
1652702194.234786, sdrt-health/mac:02010b41cdec/antenna/tag/e2806894000050038662154f, 85
1652702194.265043, sdrt-health/mac:02010b41cdec/antenna/tag/e2806894000040038662114f, 93
1652702194.297246, sdrt-health/mac:02010b41cdec/antenna/tag/e2806894000050038661fd4f, 97
1652702194.297481, sdrt-health/mac:02010b41cdec/antenna/tag/e2806894000040038662114f, 93
1652702194.297618, sdrt-health/mac:02010b41cdec/antenna/tag/e28068940000400386621d4f, 96
1652702194.321936, sdrt-health/mac:02010b41cdec/antenna/tag/e2806894000040038662114f, 87
1652702194.352222, sdrt-health/mac:02010b41cdec/antenna/tag/e28068940000500386620d4f, 83
1652702194.403791, sdrt-health/mac:02010b41cdec/antenna/tag/e2806894000050038661fd4f, 97
1652702194.44454, sdrt-health/mac:02010b41cdec/antenna/tag/e28068940000400386621d4f, 96
1652702194.499359, sdrt-health/mac:02010b41cdec/antenna/tag/e2806894000050038661fd4f, 91
1652702194.499694, sdrt-health/mac:02010b41cdec/antenna/tag/e2806894000040038662214f, 94
1652702194.523213, sdrt-health/mac:02010b41cdec/antenna/tag/e28068940000400386621d4f, 77
1652702194.562869, sdrt-health/mac:02010b41cdec/antenna/tag/e28068940000400386621d4f, 77
1652702194.616801, sdrt-health/mac:02010b41cdec/antenna/tag/e2806894000050038662154f, 85
1652702194.653767, sdrt-health/mac:02010b41cdec/antenna/tag/e28068940000500386620d4f, 83
1652702194.685135, sdrt-health/mac:02010b41cdec/antenna/tag/e28068940000500386620d4f, 80
1652702194.685342, sdrt-health/mac:02010b41cdec/antenna/tag/e2806894000050038661fd4f, 83
1652702194.701346, sdrt-health/mac:02010b41cdec/antenna/tag/e2806894000050038662154f, 88
1652702194.743041, sdrt-health/mac:02010b41cdec/antenna/tag/e28068940000400386621d4f, 96
1652702194.794447, sdrt-health/mac:02010b41cdec/antenna/tag/e28068940000400386621d4f, 90
1652702194.859165, sdrt-health/mac:02010b41cdec/antenna/tag/e2806894000050038661fd4f, 83
1652702194.859411, sdrt-health/mac:02010b41cdec/antenna/tag/e2806894000040038662114f, 85
1652702194.875445, sdrt-health/mac:02010b41cdec/antenna/tag/e2806894000050038662154f, 85
1652702194.882921, sdrt-health/mac:02010b41cdec/antenna/tag/e2806894000050038662154f, 91
1652702194.937561, sdrt-health/mac:02010b41cdec/antenna/tag/e28068940000500386620d4f, 83
1652702194.99079, sdrt-health/mac:02010b41cdec/antenna/tag/e2806894000040038662114f, 85
1652702194.99105, sdrt-health/mac:02010b41cdec/antenna/tag/e2806894000050038662154f, 88
1652702195.008275, sdrt-health/mac:02010b41cdec/antenna/tag/e2806894000050038661fd4f, 83
1652702195.020779, sdrt-health/mac:02010b41cdec/antenna/tag/e2806894000050038661fd4f, 97
1652702195.033627, sdrt-health/mac:02010b41cdec/antenna/tag/e28068940000400386621d4f, 96
1652702195.06469, sdrt-health/mac:02010b41cdec/antenna/tag/e2806894000050038662154f, 85
1652702195.13169, sdrt-health/mac:02010b41cdec/antenna/tag/e2806894000050038661fd4f, 91
1652702195.131883, sdrt-health/mac:02010b41cdec/antenna/tag/e2806894000050038662154f, 85
1652702195.132002, sdrt-health/mac:02010b41cdec/antenna/tag/e2806894000050038661fd4f, 91
1652702195.160819, sdrt-health/mac:02010b41cdec/antenna/tag/e2806894000040038662114f, 88
1652702195.219435, sdrt-health/mac:02010b41cdec/antenna/tag/e2806894000050038662154f, 85
1652702195.219655, sdrt-health/mac:02010b41cdec/antenna/tag/e28068940000500386620d4f, 90
1652702195.236635, sdrt-health/mac:02010b41cdec/antenna/tag/e28068940000400386621d4f, 96
1652702195.289818, sdrt-health/mac:02010b41cdec/antenna/tag/e2806894000040038662114f, 85
1652702195.29009, sdrt-health/mac:02010b41cdec/antenna/tag/e2806894000050038661fd4f, 83
1652702195.313319, sdrt-health/mac:02010b41cdec/antenna/tag/e2806894000050038662154f, 88
1652702195.371631, sdrt-health/mac:02010b41cdec/antenna/tag/e2806894000040038662114f, 88
1652702195.371858, sdrt-health/mac:02010b41cdec/antenna/tag/e28068940000500386620d4f, 83
1652702195.404039, sdrt-health/mac:02010b41cdec/antenna/tag/e2806894000050038662154f, 85
1652702195.44432, sdrt-health/mac:02010b41cdec/antenna/tag/e28068940000500386620d4f, 83
1652702195.484384, sdrt-health/mac:02010b41cdec/antenna/tag/e28068940000500386620d4f, 83
1652702195.515843, sdrt-health/mac:02010b41cdec/antenna/tag/e2806894000050038661fd4f, 91
1652702195.516149, sdrt-health/mac:02010b41cdec/antenna/tag/e28068940000400386621d4f, 77
1652702195.532497, sdrt-health/mac:02010b41cdec/antenna/tag/e2806894000050038662154f, 85
1652702195.5328, sdrt-health/mac:02010b41cdec/antenna/tag/e2806894000040038662114f, 85
1652702195.563225, sdrt-health/mac:02010b41cdec/antenna/tag/e28068940000500386620d4f, 90
1652702195.619051, sdrt-health/mac:02010b41cdec/antenna/tag/e28068940000500386620d4f, 83
1652702195.619245, sdrt-health/mac:02010b41cdec/antenna/tag/e2806894000040038662114f, 85
1652702195.634796, sdrt-health/mac:02010b41cdec/antenna/tag/e2806894000050038662154f, 85
1652702195.65711, sdrt-health/mac:02010b41cdec/antenna/tag/e2806894000050038661fd4f, 97
1652702195.703264, sdrt-health/mac:02010b41cdec/antenna/tag/e2806894000040038662114f, 93
1652702195.779739, sdrt-health/mac:02010b41cdec/antenna/tag/e28068940000400386621d4f, 96
1652702195.779972, sdrt-health/mac:02010b41cdec/antenna/tag/e28068940000400386621d4f, 90
1652702195.82649, sdrt-health/mac:02010b41cdec/antenna/tag/e2806894000050038661fd4f, 97
1652702195.881861, sdrt-health/mac:02010b41cdec/antenna/tag/e28068940000500386620d4f, 90
1652702195.882052, sdrt-health/mac:02010b41cdec/antenna/tag/e28068940000500386620d4f, 83
1652702195.900277, sdrt-health/mac:02010b41cdec/antenna/tag/e28068940000400386621d4f, 96
1652702195.900556, sdrt-health/mac:02010b41cdec/antenna/tag/e28068940000500386620d4f, 90
1652702195.913455, sdrt-health/mac:02010b41cdec/antenna/tag/e2806894000050038661fd4f, 97
1652702195.947178, sdrt-health/mac:02010b41cdec/antenna/tag/e28068940000500386620d4f, 83
1652702195.98012, sdrt-health/mac:02010b41cdec/antenna/tag/e2806894000050038662154f, 85
1652702195.98035, sdrt-health/mac:02010b41cdec/antenna/tag/e28068940000400386621d4f, 96
1652702195.999205, sdrt-health/mac:02010b41cdec/antenna/tag/e2806894000050038662154f, 85
1652702196.044214, sdrt-health/mac:02010b41cdec/antenna/tag/e2806894000040038662114f, 85
1652702196.08502, sdrt-health/mac:02010b41cdec/antenna/tag/e28068940000500386620d4f, 90
1652702196.124995, sdrt-health/mac:02010b41cdec/antenna/tag/e2806894000040038662114f, 85
1652702196.156077, sdrt-health/mac:02010b41cdec/antenna/tag/e2806894000050038661fd4f, 91
1652702196.156332, sdrt-health/mac:02010b41cdec/antenna/tag/e28068940000500386620d4f, 83
1652702196.171852, sdrt-health/mac:02010b41cdec/antenna/tag/e28068940000500386620d4f, 90
1652702196.2175, sdrt-health/mac:02010b41cdec/antenna/tag/e28068940000500386620d4f, 83
1652702196.253556, sdrt-health/mac:02010b41cdec/antenna/tag/e28068940000500386620d4f, 90
1652702196.313466, sdrt-health/mac:02010b41cdec/antenna/tag/e2806894000040038662114f, 88
1652702196.313762, sdrt-health/mac:02010b41cdec/antenna/tag/e28068940000500386620d4f, 80
1652702196.342066, sdrt-health/mac:02010b41cdec/antenna/tag/e2806894000040038662114f, 88
1652702196.411488, sdrt-health/mac:02010b41cdec/antenna/tag/e28068940000500386620d4f, 90
1652702196.412047, sdrt-health/mac:02010b41cdec/antenna/tag/e28068940000400386621d4f, 96
1652702196.426092, sdrt-health/mac:02010b41cdec/antenna/tag/e2806894000050038662154f, 88
1652702196.432422, sdrt-health/mac:02010b41cdec/antenna/tag/e2806894000050038662154f, 85
1652702196.482599, sdrt-health/mac:02010b41cdec/antenna/tag/e2806894000050038662154f, 85
1652702196.581667, sdrt-health/mac:02010b41cdec/antenna/tag/e2806894000050038662154f, 85
1652702196.582081, sdrt-health/mac:02010b41cdec/antenna/tag/e28068940000500386620d4f, 83
1652702196.603527, sdrt-health/mac:02010b41cdec/antenna/tag/e28068940000400386621d4f, 96
1652702196.659292, sdrt-health/mac:02010b41cdec/antenna/tag/e2806894000050038661fd4f, 97
1652702196.659551, sdrt-health/mac:02010b41cdec/antenna/tag/e28068940000500386620d4f, 90
1652702196.683816, sdrt-health/mac:02010b41cdec/antenna/tag/e28068940000500386620d4f, 83
1652702196.868184, sdrt-health/mac:02010b41cdec/antenna/tag/e2806894000050038662154f, 85
1652702196.914573, sdrt-health/mac:02010b41cdec/antenna/tag/e28068940000400386621d4f, 77
1652702196.94569, sdrt-health/mac:02010b41cdec/antenna/tag/e2806894000050038662154f, 85
1652702196.945919, sdrt-health/mac:02010b41cdec/antenna/tag/e2806894000040038662114f, 85
1652702196.964087, sdrt-health/mac:02010b41cdec/antenna/tag/e2806894000040038662114f, 87
1652702197.02068, sdrt-health/mac:02010b41cdec/antenna/tag/e2806894000050038662154f, 85
1652702197.020888, sdrt-health/mac:02010b41cdec/antenna/tag/e2806894000050038662154f, 85
1652702197.043398, sdrt-health/mac:02010b41cdec/antenna/tag/e2806894000040038662114f, 85
1652702197.097249, sdrt-health/mac:02010b41cdec/antenna/tag/e2806894000050038662154f, 88
1652702197.144107, sdrt-health/mac:02010b41cdec/antenna/tag/e28068940000500386620d4f, 83
1652702197.193362, sdrt-health/mac:02010b41cdec/antenna/tag/e2806894000050038662154f, 87
1652702197.24343, sdrt-health/mac:02010b41cdec/antenna/tag/e28068940000500386620d4f, 83
1652702197.277748, sdrt-health/mac:02010b41cdec/antenna/tag/e2806894000040038662114f, 93
1652702197.277978, sdrt-health/mac:02010b41cdec/antenna/tag/e2806894000050038662154f, 85
1652702197.278144, sdrt-health/mac:02010b41cdec/antenna/tag/e28068940000500386620d4f, 83
1652702197.29388, sdrt-health/mac:02010b41cdec/antenna/tag/e28068940000400386621d4f, 77
1652702197.294108, sdrt-health/mac:02010b41cdec/antenna/tag/e2806894000050038661fd4f, 91
1652702197.337152, sdrt-health/mac:02010b41cdec/antenna/tag/e2806894000040038662114f, 88
1652702197.384891, sdrt-health/mac:02010b41cdec/antenna/tag/e28068940000500386620d4f, 83
1652702197.433423, sdrt-health/mac:02010b41cdec/antenna/tag/e2806894000040038662114f, 88
1652702197.465478, sdrt-health/mac:02010b41cdec/antenna/tag/e28068940000500386620d4f, 83
1652702197.465821, sdrt-health/mac:02010b41cdec/antenna/tag/e28068940000400386621d4f, 96
1652702197.512986, sdrt-health/mac:02010b41cdec/antenna/tag/e28068940000400386621d4f, 96
1652702197.553059, sdrt-health/mac:02010b41cdec/antenna/tag/e28068940000500386620d4f, 83
1652702197.595008, sdrt-health/mac:02010b41cdec/antenna/tag/e28068940000400386621d4f, 77
1652702197.680828, sdrt-health/mac:02010b41cdec/antenna/tag/e28068940000400386621d4f, 96
1652702197.723849, sdrt-health/mac:02010b41cdec/antenna/tag/e28068940000400386621d4f, 90
1652702197.807641, sdrt-health/mac:02010b41cdec/antenna/tag/e2806894000050038661fd4f, 97
1652702197.873069, sdrt-health/mac:02010b41cdec/antenna/tag/e2806894000040038662114f, 85
1652702197.94796, sdrt-health/mac:02010b41cdec/antenna/tag/e28068940000400386621d4f, 96
1652702197.948237, sdrt-health/mac:02010b41cdec/antenna/tag/e28068940000400386621d4f, 96
1652702197.977021, sdrt-health/mac:02010b41cdec/antenna/tag/e28068940000400386621d4f, 90
1652702198.012778, sdrt-health/mac:02010b41cdec/antenna/tag/e2806894000040038662114f, 85
1652702198.042293, sdrt-health/mac:02010b41cdec/antenna/tag/e2806894000050038661fd4f, 97
1652702198.042494, sdrt-health/mac:02010b41cdec/antenna/tag/e2806894000050038662154f, 93
1652702198.057593, sdrt-health/mac:02010b41cdec/antenna/tag/e2806894000050038661fd4f, 91
1652702198.103373, sdrt-health/mac:02010b41cdec/antenna/tag/e2806894000050038662154f, 85
1652702198.167469, sdrt-health/mac:02010b41cdec/antenna/tag/e2806894000050038661fd4f, 91
1652702198.167719, sdrt-health/mac:02010b41cdec/antenna/tag/e2806894000050038662154f, 93
1652702198.187141, sdrt-health/mac:02010b41cdec/antenna/tag/e2806894000040038662114f, 85
1652702198.289589, sdrt-health/mac:02010b41cdec/antenna/tag/e2806894000050038661fd4f, 83
1652702198.289813, sdrt-health/mac:02010b41cdec/antenna/tag/e2806894000040038662114f, 85
1652702198.322158, sdrt-health/mac:02010b41cdec/antenna/tag/e2806894000050038662154f, 85
1652702198.322706, sdrt-health/mac:02010b41cdec/antenna/tag/e2806894000040038662114f, 93
1652702198.336596, sdrt-health/mac:02010b41cdec/antenna/tag/e2806894000050038661fd4f, 97
1652702198.362353, sdrt-health/mac:02010b41cdec/antenna/tag/e2806894000050038662154f, 85
1652702198.403242, sdrt-health/mac:02010b41cdec/antenna/tag/e2806894000040038662054f, 88
1652702198.403464, sdrt-health/mac:02010b41cdec/antenna/tag/e2806894000050038662154f, 88
1652702198.417877, sdrt-health/mac:02010b41cdec/antenna/tag/e2806894000040038662114f, 85
1652702198.443059, sdrt-health/mac:02010b41cdec/antenna/tag/e2806894000050038661fd4f, 91
1652702198.520198, sdrt-health/mac:02010b41cdec/antenna/tag/e28068940000500386620d4f, 83
1652702198.520461, sdrt-health/mac:02010b41cdec/antenna/tag/e2806894000040038662114f, 87
1652702198.5206, sdrt-health/mac:02010b41cdec/antenna/tag/e2806894000050038662154f, 93
1652702198.56282, sdrt-health/mac:02010b41cdec/antenna/tag/e2806894000040038662114f, 85
1652702198.617585, sdrt-health/mac:02010b41cdec/antenna/tag/e28068940000400386621d4f, 77
1652702198.617804, sdrt-health/mac:02010b41cdec/antenna/tag/e2806894000050038661fd4f, 91
1652702198.632858, sdrt-health/mac:02010b41cdec/antenna/tag/e28068940000500386620d4f, 90
1652702198.653171, sdrt-health/mac:02010b41cdec/antenna/tag/e2806894000050038662154f, 91
1652702198.708719, sdrt-health/mac:02010b41cdec/antenna/tag/e28068940000500386620d4f, 83
1652702198.753687, sdrt-health/mac:02010b41cdec/antenna/tag/e2806894000050038661fd4f, 83
1652702198.803717, sdrt-health/mac:02010b41cdec/antenna/tag/e28068940000500386620d4f, 83
1652702198.859769, sdrt-health/mac:02010b41cdec/antenna/tag/e2806894000050038662154f, 88
1652702198.860021, sdrt-health/mac:02010b41cdec/antenna/tag/e2806894000050038661fd4f, 83
1652702198.891226, sdrt-health/mac:02010b41cdec/antenna/tag/e2806894000040038662114f, 88
1652702198.937556, sdrt-health/mac:02010b41cdec/antenna/tag/e2806894000040038662114f, 88
1652702198.970326, sdrt-health/mac:02010b41cdec/antenna/tag/e28068940000500386620d4f, 90
1652702198.970525, sdrt-health/mac:02010b41cdec/antenna/tag/e28068940000400386621d4f, 96
1652702198.990201, sdrt-health/mac:02010b41cdec/antenna/tag/e2806894000050038662154f, 85
1652702199.058974, sdrt-health/mac:02010b41cdec/antenna/tag/e28068940000400386621d4f, 96
1652702199.05943, sdrt-health/mac:02010b41cdec/antenna/tag/e2806894000040038662114f, 85
1652702199.096541, sdrt-health/mac:02010b41cdec/antenna/tag/e2806894000040038662114f, 93
1652702199.097425, sdrt-health/mac:02010b41cdec/antenna/tag/e28068940000400386621d4f, 96
1652702199.134492, sdrt-health/mac:02010b41cdec/antenna/tag/e2806894000050038662154f, 88
1652702199.178736, sdrt-health/mac:02010b41cdec/antenna/tag/e2806894000050038661fd4f, 91
1652702199.247586, sdrt-health/mac:02010b41cdec/antenna/tag/e2806894000050038662154f, 93
1652702199.247813, sdrt-health/mac:02010b41cdec/antenna/tag/e2806894000050038662154f, 87
1652702199.262885, sdrt-health/mac:02010b41cdec/antenna/tag/e28068940000500386620d4f, 90
1652702199.283404, sdrt-health/mac:02010b41cdec/antenna/tag/e2806894000050038662194f, 81
1652702199.357304, sdrt-health/mac:02010b41cdec/antenna/tag/e2806894000050038662154f, 91
1652702199.417934, sdrt-health/mac:02010b41cdec/antenna/tag/e28068940000500386620d4f, 90
1652702199.464333, sdrt-health/mac:02010b41cdec/antenna/tag/e2806894000050038661fd4f, 83
1652702199.514562, sdrt-health/mac:02010b41cdec/antenna/tag/e2806894000050038661fd4f, 83
1652702199.545612, sdrt-health/mac:02010b41cdec/antenna/tag/e28068940000400386621d4f, 96
1652702199.545826, sdrt-health/mac:02010b41cdec/antenna/tag/e28068940000500386620d4f, 90
1652702199.561867, sdrt-health/mac:02010b41cdec/antenna/tag/e2806894000040038662114f, 85
1652702199.562104, sdrt-health/mac:02010b41cdec/antenna/tag/e2806894000050038662154f, 85
1652702199.603645, sdrt-health/mac:02010b41cdec/antenna/tag/e2806894000050038661fd4f, 91
1652702199.676052, sdrt-health/mac:02010b41cdec/antenna/tag/e2806894000040038662114f, 85
1652702199.676356, sdrt-health/mac:02010b41cdec/antenna/tag/e2806894000050038661fd4f, 97
1652702199.69231, sdrt-health/mac:02010b41cdec/antenna/tag/e2806894000050038662154f, 88
1652702199.758207, sdrt-health/mac:02010b41cdec/antenna/tag/e2806894000050038661fd4f, 91
1652702199.758448, sdrt-health/mac:02010b41cdec/antenna/tag/e2806894000050038661fd4f, 83
1652702199.772819, sdrt-health/mac:02010b41cdec/antenna/tag/e2806894000050038662154f, 85
1652702199.773058, sdrt-health/mac:02010b41cdec/antenna/tag/e2806894000050038661fd4f, 83
1652702199.790892, sdrt-health/mac:02010b41cdec/antenna/tag/e2806894000050038661fd4f, 83
1652702199.860235, sdrt-health/mac:02010b41cdec/antenna/tag/e2806894000040038662114f, 93
1652702199.860519, sdrt-health/mac:02010b41cdec/antenna/tag/e28068940000400386621d4f, 96
1652702199.876183, sdrt-health/mac:02010b41cdec/antenna/tag/e2806894000050038661fd4f, 97
1652702199.876682, sdrt-health/mac:02010b41cdec/antenna/tag/e2806894000040038662114f, 85
1652702199.882908, sdrt-health/mac:02010b41cdec/antenna/tag/e28068940000500386620d4f, 83
1652702199.892528, sdrt-health/mac:02010b41cdec/antenna/tag/e2806894000050038661fd4f, 83
1652702199.964761, sdrt-health/mac:02010b41cdec/antenna/tag/e28068940000400386621d4f, 96
1652702200.0144, sdrt-health/mac:02010b41cdec/antenna/tag/e2806894000050038662154f, 88
1652702200.073606, sdrt-health/mac:02010b41cdec/antenna/tag/e28068940000500386620d4f, 83
1652702200.073811, sdrt-health/mac:02010b41cdec/antenna/tag/e28068940000500386620d4f, 83
1652702200.104987, sdrt-health/mac:02010b41cdec/antenna/tag/e2806894000040038662214f, 88
1652702200.137609, sdrt-health/mac:02010b41cdec/antenna/tag/e2806894000040038662214f, 81
1652702200.137805, sdrt-health/mac:02010b41cdec/antenna/tag/e28068940000400386621d4f, 77
1652702200.155389, sdrt-health/mac:02010b41cdec/antenna/tag/e2806894000040038661f94f, 88
1652702200.192988, sdrt-health/mac:02010b41cdec/antenna/tag/e2806894000050038661fd4f, 91
1652702200.232862, sdrt-health/mac:02010b41cdec/antenna/tag/e2806894000040038662114f, 85
1652702200.275112, sdrt-health/mac:02010b41cdec/antenna/tag/e28068940000400386621d4f, 96
1652702200.329892, sdrt-health/mac:02010b41cdec/antenna/tag/e2806894000050038661fd4f, 97
1652702200.330235, sdrt-health/mac:02010b41cdec/antenna/tag/e2806894000050038661fd4f, 83
1652702200.354922, sdrt-health/mac:02010b41cdec/antenna/tag/e2806894000040038662114f, 88
1652702200.411471, sdrt-health/mac:02010b41cdec/antenna/tag/e2806894000050038662154f, 85
1652702200.50984, sdrt-health/mac:02010b41cdec/antenna/tag/e28068940000400386621d4f, 96
1652702200.51031, sdrt-health/mac:02010b41cdec/antenna/tag/e2806894000050038662154f, 85
1652702200.538729, sdrt-health/mac:02010b41cdec/antenna/tag/e2806894000040038662114f, 85
1652702200.619353, sdrt-health/mac:02010b41cdec/antenna/tag/e2806894000050038662154f, 88
1652702200.619742, sdrt-health/mac:02010b41cdec/antenna/tag/e2806894000040038662214f, 84
1652702200.643984, sdrt-health/mac:02010b41cdec/antenna/tag/e28068940000500386620d4f, 83
1652702200.698579, sdrt-health/mac:02010b41cdec/antenna/tag/e2806894000040038661f94f, 88
1652702200.699038, sdrt-health/mac:02010b41cdec/antenna/tag/e28068940000500386620d4f, 83
1652702200.725428, sdrt-health/mac:02010b41cdec/antenna/tag/e2806894000040038662114f, 85
1652702200.763414, sdrt-health/mac:02010b41cdec/antenna/tag/e28068940000500386620d4f, 80
1652702200.802917, sdrt-health/mac:02010b41cdec/antenna/tag/e2806894000040038662114f, 85
1652702200.835438, sdrt-health/mac:02010b41cdec/antenna/tag/e2806894000050038661fd4f, 83
1652702200.835628, sdrt-health/mac:02010b41cdec/antenna/tag/e2806894000050038662154f, 88
1652702200.851329, sdrt-health/mac:02010b41cdec/antenna/tag/e2806894000050038662154f, 88
1652702200.882846, sdrt-health/mac:02010b41cdec/antenna/tag/e2806894000050038662154f, 88
1652702200.93715, sdrt-health/mac:02010b41cdec/antenna/tag/e2806894000040038662114f, 87
1652702200.975814, sdrt-health/mac:02010b41cdec/antenna/tag/e28068940000500386620d4f, 83
1652702201.055121, sdrt-health/mac:02010b41cdec/antenna/tag/e2806894000040038661f94f, 94
1652702201.055321, sdrt-health/mac:02010b41cdec/antenna/tag/e2806894000040038662214f, 81
1652702201.083859, sdrt-health/mac:02010b41cdec/antenna/tag/e2806894000050038661fd4f, 88
1652702201.124034, sdrt-health/mac:02010b41cdec/antenna/tag/e28068940000400386621d4f, 96
1652702201.154512, sdrt-health/mac:02010b41cdec/antenna/tag/e28068940000400386621d4f, 96
1652702201.154744, sdrt-health/mac:02010b41cdec/antenna/tag/e28068940000500386620d4f, 80
1652702201.169965, sdrt-health/mac:02010b41cdec/antenna/tag/e2806894000050038661fd4f, 97
1652702201.170196, sdrt-health/mac:02010b41cdec/antenna/tag/e28068940000500386620d4f, 83
1652702201.203468, sdrt-health/mac:02010b41cdec/antenna/tag/e2806894000050038662154f, 88
1652702201.274336, sdrt-health/mac:02010b41cdec/antenna/tag/e2806894000040038662114f, 88
1652702201.313442, sdrt-health/mac:02010b41cdec/antenna/tag/e2806894000050038662154f, 88
1652702201.380733, sdrt-health/mac:02010b41cdec/antenna/tag/e2806894000050038661fd4f, 83
1652702201.381073, sdrt-health/mac:02010b41cdec/antenna/tag/e2806894000050038661fd4f, 83
1652702201.454754, sdrt-health/mac:02010b41cdec/antenna/tag/e28068940000500386620d4f, 83
1652702201.49846, sdrt-health/mac:02010b41cdec/antenna/tag/e28068940000500386620d4f, 90
1652702201.527261, sdrt-health/mac:02010b41cdec/antenna/tag/e2806894000050038662154f, 88
1652702201.527488, sdrt-health/mac:02010b41cdec/antenna/tag/e28068940000500386620d4f, 83
1652702201.55259, sdrt-health/mac:02010b41cdec/antenna/tag/e2806894000050038662194f, 84
1652702201.63805, sdrt-health/mac:02010b41cdec/antenna/tag/e28068940000400386621d4f, 77
1652702201.638336, sdrt-health/mac:02010b41cdec/antenna/tag/e2806894000050038662194f, 94
1652702201.684463, sdrt-health/mac:02010b41cdec/antenna/tag/e28068940000500386620d4f, 90
1652702201.736728, sdrt-health/mac:02010b41cdec/antenna/tag/e28068940000500386620d4f, 90
1652702201.736959, sdrt-health/mac:02010b41cdec/antenna/tag/e2806894000040038662114f, 85
1652702201.750698, sdrt-health/mac:02010b41cdec/antenna/tag/e28068940000500386620d4f, 90
1652702201.75107, sdrt-health/mac:02010b41cdec/antenna/tag/e28068940000400386621d4f, 96
1652702201.762112, sdrt-health/mac:02010b41cdec/antenna/tag/e28068940000400386621d4f, 96
1652702201.832813, sdrt-health/mac:02010b41cdec/antenna/tag/e28068940000400386621d4f, 90
1652702201.863162, sdrt-health/mac:02010b41cdec/antenna/tag/e28068940000500386620d4f, 83
1652702201.863413, sdrt-health/mac:02010b41cdec/antenna/tag/e28068940000400386621d4f, 90
1652702201.877821, sdrt-health/mac:02010b41cdec/antenna/tag/e2806894000050038662154f, 85
1652702201.922854, sdrt-health/mac:02010b41cdec/antenna/tag/e2806894000040038661f94f, 94
1652702201.954424, sdrt-health/mac:02010b41cdec/antenna/tag/e2806894000050038662154f, 85
1652702201.954632, sdrt-health/mac:02010b41cdec/antenna/tag/e28068940000500386620d4f, 83
1652702201.954752, sdrt-health/mac:02010b41cdec/antenna/tag/e28068940000400386621d4f, 77
1652702201.969584, sdrt-health/mac:02010b41cdec/antenna/tag/e2806894000050038661fd4f, 91
1652702202.002158, sdrt-health/mac:02010b41cdec/antenna/tag/e2806894000050038662154f, 85
1652702202.042577, sdrt-health/mac:02010b41cdec/antenna/tag/e2806894000040038662214f, 81
1652702202.082684, sdrt-health/mac:02010b41cdec/antenna/tag/e28068940000400386621d4f, 96
1652702202.112253, sdrt-health/mac:02010b41cdec/antenna/tag/e2806894000040038662214f, 88
1652702202.112588, sdrt-health/mac:02010b41cdec/antenna/tag/e2806894000040038661f94f, 88
1652702202.112849, sdrt-health/mac:02010b41cdec/antenna/tag/e28068940000500386620d4f, 90
1652702202.15282, sdrt-health/mac:02010b41cdec/antenna/tag/e2806894000050038661fd4f, 91
1652702202.193667, sdrt-health/mac:02010b41cdec/antenna/tag/e2806894000050038662154f, 88
1652702202.256963, sdrt-health/mac:02010b41cdec/antenna/tag/e2806894000050038661fd4f, 91
1652702202.257174, sdrt-health/mac:02010b41cdec/antenna/tag/e2806894000050038661fd4f, 97
1652702202.296542, sdrt-health/mac:02010b41cdec/antenna/tag/e2806894000050038661fd4f, 83
1652702202.347761, sdrt-health/mac:02010b41cdec/antenna/tag/e28068940000500386620d4f, 83
1652702202.347987, sdrt-health/mac:02010b41cdec/antenna/tag/e2806894000050038661fd4f, 83
1652702202.376938, sdrt-health/mac:02010b41cdec/antenna/tag/e28068940000400386621d4f, 90
1652702202.423839, sdrt-health/mac:02010b41cdec/antenna/tag/e28068940000400386621d4f, 96
1652702202.487013, sdrt-health/mac:02010b41cdec/antenna/tag/e2806894000050038661fd4f, 97
1652702202.487315, sdrt-health/mac:02010b41cdec/antenna/tag/e2806894000040038662114f, 88
1652702202.502535, sdrt-health/mac:02010b41cdec/antenna/tag/e2806894000050038661fd4f, 83
1652702202.537638, sdrt-health/mac:02010b41cdec/antenna/tag/e2806894000050038662154f, 85
1652702202.537856, sdrt-health/mac:02010b41cdec/antenna/tag/e28068940000500386620d4f, 90
1652702202.562555, sdrt-health/mac:02010b41cdec/antenna/tag/e2806894000050038662194f, 94
1652702202.563189, sdrt-health/mac:02010b41cdec/antenna/tag/e2806894000050038661fd4f, 91
1652702202.577897, sdrt-health/mac:02010b41cdec/antenna/tag/e2806894000040038662114f, 83
1652702202.60344, sdrt-health/mac:02010b41cdec/antenna/tag/e28068940000500386620d4f, 83
1652702202.720108, sdrt-health/mac:02010b41cdec/antenna/tag/e2806894000050038661fd4f, 91
1652702202.720329, sdrt-health/mac:02010b41cdec/antenna/tag/e28068940000400386621d4f, 96
1652702202.753431, sdrt-health/mac:02010b41cdec/antenna/tag/e2806894000050038661fd4f, 83
1652702202.803184, sdrt-health/mac:02010b41cdec/antenna/tag/e28068940000400386621d4f, 96
1652702202.845302, sdrt-health/mac:02010b41cdec/antenna/tag/e2806894000050038662154f, 85
1652702202.898141, sdrt-health/mac:02010b41cdec/antenna/tag/e2806894000040038662114f, 85
1652702202.898336, sdrt-health/mac:02010b41cdec/antenna/tag/e2806894000050038661fd4f, 97
1652702202.915253, sdrt-health/mac:02010b41cdec/antenna/tag/e28068940000400386621d4f, 96
1652702202.915478, sdrt-health/mac:02010b41cdec/antenna/tag/e2806894000040038662114f, 93
1652702202.923093, sdrt-health/mac:02010b41cdec/antenna/tag/e2806894000040038662114f, 85
1652702202.955759, sdrt-health/mac:02010b41cdec/antenna/tag/e28068940000400386621d4f, 77
1652702202.999376, sdrt-health/mac:02010b41cdec/antenna/tag/e28068940000400386621d4f, 96
1652702203.100651, sdrt-health/mac:02010b41cdec/antenna/tag/e2806894000050038662154f, 85
1652702203.142778, sdrt-health/mac:02010b41cdec/antenna/tag/e28068940000500386620d4f, 90
1652702203.208895, sdrt-health/mac:02010b41cdec/antenna/tag/e28068940000500386620d4f, 83
1652702203.209116, sdrt-health/mac:02010b41cdec/antenna/tag/e2806894000050038661fd4f, 91
1652702203.233696, sdrt-health/mac:02010b41cdec/antenna/tag/e28068940000500386620d4f, 83
1652702203.284346, sdrt-health/mac:02010b41cdec/antenna/tag/e28068940000500386620d4f, 90
1652702203.34223, sdrt-health/mac:02010b41cdec/antenna/tag/e2806894000050038661fd4f, 97
1652702203.342506, sdrt-health/mac:02010b41cdec/antenna/tag/e2806894000040038662114f, 85
1652702203.358088, sdrt-health/mac:02010b41cdec/antenna/tag/e28068940000400386621d4f, 77
1652702203.363644, sdrt-health/mac:02010b41cdec/antenna/tag/e2806894000050038661fd4f, 91
1652702203.375388, sdrt-health/mac:02010b41cdec/antenna/tag/e28068940000500386620d4f, 83
1652702203.404606, sdrt-health/mac:02010b41cdec/antenna/tag/e2806894000040038662114f, 85
1652702203.483312, sdrt-health/mac:02010b41cdec/antenna/tag/e2806894000040038662114f, 85
1652702203.524368, sdrt-health/mac:02010b41cdec/antenna/tag/e2806894000050038662154f, 93
1652702203.611094, sdrt-health/mac:02010b41cdec/antenna/tag/e28068940000500386620d4f, 90
1652702203.611574, sdrt-health/mac:02010b41cdec/antenna/tag/e2806894000040038662114f, 88
1652702203.632517, sdrt-health/mac:02010b41cdec/antenna/tag/e2806894000050038661fd4f, 83
1652702203.701769, sdrt-health/mac:02010b41cdec/antenna/tag/e28068940000400386621d4f, 96
1652702203.702278, sdrt-health/mac:02010b41cdec/antenna/tag/e2806894000050038661fd4f, 83
1652702203.742756, sdrt-health/mac:02010b41cdec/antenna/tag/e2806894000050038662154f, 93
1652702203.80834, sdrt-health/mac:02010b41cdec/antenna/tag/e2806894000040038662114f, 87
1652702203.80887, sdrt-health/mac:02010b41cdec/antenna/tag/e28068940000400386621d4f, 77
1652702203.825135, sdrt-health/mac:02010b41cdec/antenna/tag/e2806894000050038662154f, 93
1652702203.825618, sdrt-health/mac:02010b41cdec/antenna/tag/e28068940000500386620d4f, 83
1652702203.84414, sdrt-health/mac:02010b41cdec/antenna/tag/e28068940000500386620d4f, 83
1652702203.986172, sdrt-health/mac:02010b41cdec/antenna/tag/e2806894000040038662114f, 88
1652702204.016846, sdrt-health/mac:02010b41cdec/antenna/tag/e28068940000500386620d4f, 90
1652702204.017076, sdrt-health/mac:02010b41cdec/antenna/tag/e28068940000400386621d4f, 96
1652702204.01719, sdrt-health/mac:02010b41cdec/antenna/tag/e28068940000500386620d4f, 90
1652702204.017299, sdrt-health/mac:02010b41cdec/antenna/tag/e28068940000500386620d4f, 83
1652702204.033472, sdrt-health/mac:02010b41cdec/antenna/tag/e2806894000050038662154f, 93
1652702204.100556, sdrt-health/mac:02010b41cdec/antenna/tag/e28068940000400386621d4f, 96
1652702204.100761, sdrt-health/mac:02010b41cdec/antenna/tag/e28068940000500386620d4f, 90
1652702204.116457, sdrt-health/mac:02010b41cdec/antenna/tag/e2806894000040038662114f, 85
1652702204.122285, sdrt-health/mac:02010b41cdec/antenna/tag/e2806894000050038661fd4f, 91
1652702204.164079, sdrt-health/mac:02010b41cdec/antenna/tag/e28068940000400386621d4f, 77
1652702204.202757, sdrt-health/mac:02010b41cdec/antenna/tag/e2806894000050038662194f, 84
1652702204.258662, sdrt-health/mac:02010b41cdec/antenna/tag/e2806894000040038662114f, 93
1652702204.258906, sdrt-health/mac:02010b41cdec/antenna/tag/e2806894000040038662114f, 88
1652702204.276333, sdrt-health/mac:02010b41cdec/antenna/tag/e2806894000050038661fd4f, 83
1652702204.308459, sdrt-health/mac:02010b41cdec/antenna/tag/e28068940000400386621d4f, 96
1652702204.308677, sdrt-health/mac:02010b41cdec/antenna/tag/e28068940000500386620d4f, 83
1652702204.308818, sdrt-health/mac:02010b41cdec/antenna/tag/e2806894000050038662154f, 88
1652702204.332333, sdrt-health/mac:02010b41cdec/antenna/tag/e2806894000040038662114f, 85
1652702204.377572, sdrt-health/mac:02010b41cdec/antenna/tag/e2806894000040038662054f, 84
1652702204.440024, sdrt-health/mac:02010b41cdec/antenna/tag/e28068940000400386621d4f, 96
1652702204.440456, sdrt-health/mac:02010b41cdec/antenna/tag/e2806894000040038662114f, 88
1652702204.478685, sdrt-health/mac:02010b41cdec/antenna/tag/e2806894000050038662154f, 88
1652702204.537556, sdrt-health/mac:02010b41cdec/antenna/tag/e2806894000050038661fd4f, 83
1652702204.538056, sdrt-health/mac:02010b41cdec/antenna/tag/e2806894000050038661fd4f, 97
1652702204.553694, sdrt-health/mac:02010b41cdec/antenna/tag/e2806894000050038662154f, 93
1652702204.554154, sdrt-health/mac:02010b41cdec/antenna/tag/e2806894000040038662114f, 85
1652702204.55449, sdrt-health/mac:02010b41cdec/antenna/tag/e2806894000050038662154f, 85
1652702204.571711, sdrt-health/mac:02010b41cdec/antenna/tag/e2806894000050038661fd4f, 91
1652702204.601673, sdrt-health/mac:02010b41cdec/antenna/tag/e2806894000040038662114f, 85
1652702204.601899, sdrt-health/mac:02010b41cdec/antenna/tag/e28068940000500386620d4f, 83
1652702204.644754, sdrt-health/mac:02010b41cdec/antenna/tag/e2806894000050038662154f, 85
1652702204.691239, sdrt-health/mac:02010b41cdec/antenna/tag/e2806894000040038662114f, 85
1652702204.723804, sdrt-health/mac:02010b41cdec/antenna/tag/e28068940000400386621d4f, 96
1652702204.763593, sdrt-health/mac:02010b41cdec/antenna/tag/e28068940000400386621d4f, 77
1652702204.839123, sdrt-health/mac:02010b41cdec/antenna/tag/e2806894000040038662114f, 88
1652702204.839462, sdrt-health/mac:02010b41cdec/antenna/tag/e2806894000050038662154f, 93
1652702204.87293, sdrt-health/mac:02010b41cdec/antenna/tag/e2806894000050038662154f, 88
1652702204.912367, sdrt-health/mac:02010b41cdec/antenna/tag/e28068940000500386620d4f, 83
1652702204.912773, sdrt-health/mac:02010b41cdec/antenna/tag/e28068940000400386621d4f, 96
1652702204.963286, sdrt-health/mac:02010b41cdec/antenna/tag/e2806894000040038662114f, 85
1652702205.002523, sdrt-health/mac:02010b41cdec/antenna/tag/e28068940000500386620d4f, 83
1652702205.04378, sdrt-health/mac:02010b41cdec/antenna/tag/e2806894000040038662114f, 85
1652702205.100259, sdrt-health/mac:02010b41cdec/antenna/tag/e28068940000400386621d4f, 96
1652702205.100748, sdrt-health/mac:02010b41cdec/antenna/tag/e28068940000500386620d4f, 83
1652702205.123318, sdrt-health/mac:02010b41cdec/antenna/tag/e2806894000050038661fd4f, 91
1652702205.163563, sdrt-health/mac:02010b41cdec/antenna/tag/e2806894000050038661fd4f, 83
1652702205.217804, sdrt-health/mac:02010b41cdec/antenna/tag/e28068940000400386621d4f, 96
1652702205.21815, sdrt-health/mac:02010b41cdec/antenna/tag/e2806894000040038662114f, 85
1652702205.243037, sdrt-health/mac:02010b41cdec/antenna/tag/e2806894000050038661fd4f, 83
1652702205.29214, sdrt-health/mac:02010b41cdec/antenna/tag/e2806894000050038661fd4f, 83
1652702205.322712, sdrt-health/mac:02010b41cdec/antenna/tag/e28068940000500386620d4f, 83
1652702205.323268, sdrt-health/mac:02010b41cdec/antenna/tag/e28068940000500386620d4f, 83
1652702205.362959, sdrt-health/mac:02010b41cdec/antenna/tag/e28068940000400386621d4f, 96
1652702205.406487, sdrt-health/mac:02010b41cdec/antenna/tag/e2806894000050038661fd4f, 83
1652702205.454568, sdrt-health/mac:02010b41cdec/antenna/tag/e2806894000050038662194f, 88
1652702205.497631, sdrt-health/mac:02010b41cdec/antenna/tag/e28068940000400386621d4f, 96
1652702205.548829, sdrt-health/mac:02010b41cdec/antenna/tag/e2806894000050038662154f, 88
1652702205.549039, sdrt-health/mac:02010b41cdec/antenna/tag/e2806894000040038662114f, 85
1652702205.564221, sdrt-health/mac:02010b41cdec/antenna/tag/e2806894000050038661fd4f, 91
1652702205.577312, sdrt-health/mac:02010b41cdec/antenna/tag/e2806894000050038662154f, 88
1652702205.580225, sdrt-health/mac:02010b41cdec/antenna/tag/e2806894000040038662114f, 85
1652702205.580868, sdrt-health/mac:02010b41cdec/antenna/tag/e2806894000050038662154f, 85
1652702205.62255, sdrt-health/mac:02010b41cdec/antenna/tag/e2806894000040038662114f, 85
1652702205.673096, sdrt-health/mac:02010b41cdec/antenna/tag/e2806894000050038662154f, 93
1652702205.720423, sdrt-health/mac:02010b41cdec/antenna/tag/e2806894000050038662154f, 85
1652702205.790612, sdrt-health/mac:02010b41cdec/antenna/tag/e2806894000050038661fd4f, 97
1652702205.790927, sdrt-health/mac:02010b41cdec/antenna/tag/e2806894000040038662114f, 85
1652702205.843765, sdrt-health/mac:02010b41cdec/antenna/tag/e28068940000500386620d4f, 83
1652702205.899815, sdrt-health/mac:02010b41cdec/antenna/tag/e2806894000040038662114f, 85
1652702205.959293, sdrt-health/mac:02010b41cdec/antenna/tag/e28068940000500386620d4f, 83
1652702205.95949, sdrt-health/mac:02010b41cdec/antenna/tag/e2806894000050038661fd4f, 83
1652702205.993785, sdrt-health/mac:02010b41cdec/antenna/tag/e28068940000500386620d4f, 83
1652702206.09025, sdrt-health/mac:02010b41cdec/antenna/tag/e28068940000500386620d4f, 83
1652702206.090637, sdrt-health/mac:02010b41cdec/antenna/tag/e2806894000050038662154f, 88
1652702206.114607, sdrt-health/mac:02010b41cdec/antenna/tag/e28068940000500386620d4f, 83
1652702206.191799, sdrt-health/mac:02010b41cdec/antenna/tag/e28068940000400386621d4f, 96
1652702206.192294, sdrt-health/mac:02010b41cdec/antenna/tag/e2806894000050038662154f, 88
1652702206.236532, sdrt-health/mac:02010b41cdec/antenna/tag/e2806894000050038661fd4f, 83
1652702206.282924, sdrt-health/mac:02010b41cdec/antenna/tag/e2806894000040038662114f, 85
1652702206.323335, sdrt-health/mac:02010b41cdec/antenna/tag/e2806894000040038662114f, 85
1652702206.393404, sdrt-health/mac:02010b41cdec/antenna/tag/e28068940000500386620d4f, 83
1652702206.393666, sdrt-health/mac:02010b41cdec/antenna/tag/e2806894000050038661fd4f, 91
1652702206.40876, sdrt-health/mac:02010b41cdec/antenna/tag/e2806894000050038661fd4f, 83
1652702206.408966, sdrt-health/mac:02010b41cdec/antenna/tag/e28068940000500386620d4f, 83
1652702206.472742, sdrt-health/mac:02010b41cdec/antenna/tag/e2806894000050038661fd4f, 97
1652702206.52215, sdrt-health/mac:02010b41cdec/antenna/tag/e2806894000040038662114f, 85
1652702206.579349, sdrt-health/mac:02010b41cdec/antenna/tag/e28068940000500386620d4f, 83
1652702206.57967, sdrt-health/mac:02010b41cdec/antenna/tag/e2806894000040038662214f, 81
1652702206.605023, sdrt-health/mac:02010b41cdec/antenna/tag/e2806894000050038662154f, 85
1652702206.638518, sdrt-health/mac:02010b41cdec/antenna/tag/e28068940000500386620d4f, 83
1652702206.638742, sdrt-health/mac:02010b41cdec/antenna/tag/e2806894000050038661fd4f, 97
1652702206.655719, sdrt-health/mac:02010b41cdec/antenna/tag/e28068940000500386620d4f, 83
1652702206.656069, sdrt-health/mac:02010b41cdec/antenna/tag/e28068940000500386620d4f, 90
1652702206.656354, sdrt-health/mac:02010b41cdec/antenna/tag/e2806894000050038662154f, 85
1652702206.70086, sdrt-health/mac:02010b41cdec/antenna/tag/e2806894000050038661fd4f, 91
1652702206.758586, sdrt-health/mac:02010b41cdec/antenna/tag/e28068940000400386621d4f, 96
1652702206.759136, sdrt-health/mac:02010b41cdec/antenna/tag/e2806894000040038662114f, 93
1652702206.785682, sdrt-health/mac:02010b41cdec/antenna/tag/e2806894000040038662114f, 93
1652702206.839348, sdrt-health/mac:02010b41cdec/antenna/tag/e28068940000500386620d4f, 83
1652702206.839842, sdrt-health/mac:02010b41cdec/antenna/tag/e28068940000500386620d4f, 83
1652702206.873792, sdrt-health/mac:02010b41cdec/antenna/tag/e28068940000400386621d4f, 96
1652702206.929639, sdrt-health/mac:02010b41cdec/antenna/tag/e2806894000050038662154f, 85
1652702206.930253, sdrt-health/mac:02010b41cdec/antenna/tag/e2806894000050038661fd4f, 83
1652702206.946148, sdrt-health/mac:02010b41cdec/antenna/tag/e28068940000500386620d4f, 83
1652702206.946566, sdrt-health/mac:02010b41cdec/antenna/tag/e2806894000050038662154f, 85
1652702206.964863, sdrt-health/mac:02010b41cdec/antenna/tag/e28068940000500386620d4f, 83
1652702207.020146, sdrt-health/mac:02010b41cdec/antenna/tag/e2806894000040038662114f, 85
1652702207.020431, sdrt-health/mac:02010b41cdec/antenna/tag/e2806894000050038661fd4f, 83
1652702207.036545, sdrt-health/mac:02010b41cdec/antenna/tag/e2806894000050038662154f, 85
1652702207.036838, sdrt-health/mac:02010b41cdec/antenna/tag/e28068940000400386621d4f, 96
1652702207.042822, sdrt-health/mac:02010b41cdec/antenna/tag/e28068940000400386621d4f, 96
1652702207.05301, sdrt-health/mac:02010b41cdec/antenna/tag/e2806894000050038661fd4f, 83
1652702207.11481, sdrt-health/mac:02010b41cdec/antenna/tag/e2806894000050038662154f, 85
1652702207.153843, sdrt-health/mac:02010b41cdec/antenna/tag/e2806894000050038662154f, 93
1652702207.257694, sdrt-health/mac:02010b41cdec/antenna/tag/e2806894000050038662154f, 88
1652702207.3148, sdrt-health/mac:02010b41cdec/antenna/tag/e2806894000050038661fd4f, 97
1652702207.381469, sdrt-health/mac:02010b41cdec/antenna/tag/e28068940000400386621d4f, 96
1652702207.381974, sdrt-health/mac:02010b41cdec/antenna/tag/e28068940000400386621d4f, 96
1652702207.39841, sdrt-health/mac:02010b41cdec/antenna/tag/e2806894000040038662114f, 85
1652702207.405157, sdrt-health/mac:02010b41cdec/antenna/tag/e2806894000050038661fd4f, 91
1652702207.456538, sdrt-health/mac:02010b41cdec/antenna/tag/e2806894000050038662154f, 85
1652702207.497229, sdrt-health/mac:02010b41cdec/antenna/tag/e2806894000050038662154f, 85
1652702207.574546, sdrt-health/mac:02010b41cdec/antenna/tag/e28068940000400386621d4f, 77
1652702207.575089, sdrt-health/mac:02010b41cdec/antenna/tag/e2806894000050038661fd4f, 91
1652702207.60347, sdrt-health/mac:02010b41cdec/antenna/tag/e2806894000040038661f94f, 88
1652702207.644945, sdrt-health/mac:02010b41cdec/antenna/tag/e28068940000400386621d4f, 96
1652702207.709342, sdrt-health/mac:02010b41cdec/antenna/tag/e2806894000050038662154f, 88
1652702207.709592, sdrt-health/mac:02010b41cdec/antenna/tag/e28068940000500386620d4f, 83
1652702207.725699, sdrt-health/mac:02010b41cdec/antenna/tag/e2806894000050038662154f, 88
1652702207.725937, sdrt-health/mac:02010b41cdec/antenna/tag/e2806894000050038661fd4f, 97
1652702207.738275, sdrt-health/mac:02010b41cdec/antenna/tag/e2806894000040038662114f, 93
1652702207.742621, sdrt-health/mac:02010b41cdec/antenna/tag/e2806894000040038662114f, 85
1652702207.78402, sdrt-health/mac:02010b41cdec/antenna/tag/e2806894000040038662114f, 85
1652702207.833479, sdrt-health/mac:02010b41cdec/antenna/tag/e28068940000500386620d4f, 83
1652702207.867895, sdrt-health/mac:02010b41cdec/antenna/tag/e2806894000050038662154f, 91
1652702207.86812, sdrt-health/mac:02010b41cdec/antenna/tag/e2806894000050038661fd4f, 83
1652702207.898504, sdrt-health/mac:02010b41cdec/antenna/tag/e28068940000400386621d4f, 96
1652702207.930028, sdrt-health/mac:02010b41cdec/antenna/tag/e2806894000050038661fd4f, 83
1652702207.930273, sdrt-health/mac:02010b41cdec/antenna/tag/e28068940000500386620d4f, 83
1652702207.94482, sdrt-health/mac:02010b41cdec/antenna/tag/e28068940000400386621d4f, 96
1652702207.945221, sdrt-health/mac:02010b41cdec/antenna/tag/e2806894000050038661fd4f, 83
1652702207.994335, sdrt-health/mac:02010b41cdec/antenna/tag/e28068940000400386621d4f, 96
1652702208.036619, sdrt-health/mac:02010b41cdec/antenna/tag/e28068940000400386621d4f, 96
1652702208.069392, sdrt-health/mac:02010b41cdec/antenna/tag/e28068940000500386620d4f, 90
1652702208.069816, sdrt-health/mac:02010b41cdec/antenna/tag/e2806894000050038661fd4f, 91
1652702208.070191, sdrt-health/mac:02010b41cdec/antenna/tag/e28068940000400386621d4f, 77
1652702208.085964, sdrt-health/mac:02010b41cdec/antenna/tag/e2806894000040038662114f, 85
1652702208.153133, sdrt-health/mac:02010b41cdec/antenna/tag/e28068940000400386621d4f, 90
1652702208.223392, sdrt-health/mac:02010b41cdec/antenna/tag/e2806894000050038662154f, 88
1652702208.278903, sdrt-health/mac:02010b41cdec/antenna/tag/e2806894000040038662114f, 85
1652702208.27938, sdrt-health/mac:02010b41cdec/antenna/tag/e28068940000400386621d4f, 90
1652702208.294413, sdrt-health/mac:02010b41cdec/antenna/tag/e28068940000500386620d4f, 80
1652702208.314064, sdrt-health/mac:02010b41cdec/antenna/tag/e28068940000500386620d4f, 83
1652702208.403291, sdrt-health/mac:02010b41cdec/antenna/tag/e2806894000050038662154f, 88
1652702208.403839, sdrt-health/mac:02010b41cdec/antenna/tag/e28068940000400386621d4f, 77
1652702208.473419, sdrt-health/mac:02010b41cdec/antenna/tag/e2806894000050038662154f, 85
1652702208.552748, sdrt-health/mac:02010b41cdec/antenna/tag/e2806894000050038661fd4f, 91
1652702208.593195, sdrt-health/mac:02010b41cdec/antenna/tag/e2806894000040038661f94f, 84
1652702208.658438, sdrt-health/mac:02010b41cdec/antenna/tag/e2806894000040038661f94f, 88
1652702208.658985, sdrt-health/mac:02010b41cdec/antenna/tag/e2806894000050038661fd4f, 91
1652702208.683719, sdrt-health/mac:02010b41cdec/antenna/tag/e2806894000050038661fd4f, 91
1652702208.723119, sdrt-health/mac:02010b41cdec/antenna/tag/e2806894000040038662114f, 87
1652702208.777655, sdrt-health/mac:02010b41cdec/antenna/tag/e2806894000040038662114f, 85
1652702208.824195, sdrt-health/mac:02010b41cdec/antenna/tag/e28068940000500386620d4f, 83
1652702208.857816, sdrt-health/mac:02010b41cdec/antenna/tag/e28068940000500386620d4f, 83
1652702208.858314, sdrt-health/mac:02010b41cdec/antenna/tag/e28068940000400386621d4f, 96
1652702208.874098, sdrt-health/mac:02010b41cdec/antenna/tag/e2806894000050038662154f, 85
1652702208.874648, sdrt-health/mac:02010b41cdec/antenna/tag/e28068940000400386621d4f, 96
1652702208.875032, sdrt-health/mac:02010b41cdec/antenna/tag/e28068940000500386620d4f, 83
1652702208.914343, sdrt-health/mac:02010b41cdec/antenna/tag/e28068940000500386620d4f, 83
1652702208.971868, sdrt-health/mac:02010b41cdec/antenna/tag/e28068940000400386621d4f, 96
1652702209.017626, sdrt-health/mac:02010b41cdec/antenna/tag/e28068940000400386621d4f, 96
1652702209.054011, sdrt-health/mac:02010b41cdec/antenna/tag/e28068940000400386621d4f, 77
1652702209.113207, sdrt-health/mac:02010b41cdec/antenna/tag/e28068940000400386621d4f, 77
1652702209.113833, sdrt-health/mac:02010b41cdec/antenna/tag/e2806894000050038662194f, 84
1652702209.177948, sdrt-health/mac:02010b41cdec/antenna/tag/e2806894000050038661fd4f, 83
1652702209.2141, sdrt-health/mac:02010b41cdec/antenna/tag/e2806894000050038662154f, 85
1652702209.257659, sdrt-health/mac:02010b41cdec/antenna/tag/e28068940000400386621d4f, 96
1652702209.310352, sdrt-health/mac:02010b41cdec/antenna/tag/e2806894000050038662194f, 81
1652702209.310769, sdrt-health/mac:02010b41cdec/antenna/tag/e2806894000050038661fd4f, 97
1652702209.33658, sdrt-health/mac:02010b41cdec/antenna/tag/e2806894000050038662154f, 85
1652702209.38989, sdrt-health/mac:02010b41cdec/antenna/tag/e28068940000400386621d4f, 96
1652702209.390162, sdrt-health/mac:02010b41cdec/antenna/tag/e2806894000040038662114f, 85
1652702209.406732, sdrt-health/mac:02010b41cdec/antenna/tag/e2806894000050038662154f, 85
1652702209.429423, sdrt-health/mac:02010b41cdec/antenna/tag/e2806894000040038662114f, 85
1652702209.497346, sdrt-health/mac:02010b41cdec/antenna/tag/e2806894000040038662114f, 88
1652702209.551166, sdrt-health/mac:02010b41cdec/antenna/tag/e2806894000040038662114f, 85
1652702209.551553, sdrt-health/mac:02010b41cdec/antenna/tag/e28068940000500386620d4f, 90
1652702209.578354, sdrt-health/mac:02010b41cdec/antenna/tag/e28068940000500386620d4f, 90
1652702209.611149, sdrt-health/mac:02010b41cdec/antenna/tag/e28068940000400386621d4f, 96
1652702209.611845, sdrt-health/mac:02010b41cdec/antenna/tag/e28068940000500386620d4f, 83
1652702209.6319, sdrt-health/mac:02010b41cdec/antenna/tag/e2806894000050038662154f, 91
1652702209.719475, sdrt-health/mac:02010b41cdec/antenna/tag/e28068940000400386621d4f, 96
1652702209.719711, sdrt-health/mac:02010b41cdec/antenna/tag/e2806894000040038661f94f, 88
1652702209.753897, sdrt-health/mac:02010b41cdec/antenna/tag/e2806894000050038662154f, 88
1652702209.793145, sdrt-health/mac:02010b41cdec/antenna/tag/e2806894000040038662114f, 85
1652702209.858327, sdrt-health/mac:02010b41cdec/antenna/tag/e2806894000050038661fd4f, 91
1652702209.858545, sdrt-health/mac:02010b41cdec/antenna/tag/e28068940000500386620d4f, 90
1652702209.899345, sdrt-health/mac:02010b41cdec/antenna/tag/e2806894000050038662154f, 85
1652702209.966605, sdrt-health/mac:02010b41cdec/antenna/tag/e2806894000050038662154f, 87
1652702209.966828, sdrt-health/mac:02010b41cdec/antenna/tag/e28068940000500386620d4f, 83
1652702210.012136, sdrt-health/mac:02010b41cdec/antenna/tag/e28068940000500386620d4f, 90
1652702210.046223, sdrt-health/mac:02010b41cdec/antenna/tag/e2806894000050038662154f, 87
1652702210.04669, sdrt-health/mac:02010b41cdec/antenna/tag/e28068940000400386621d4f, 77
1652702210.047136, sdrt-health/mac:02010b41cdec/antenna/tag/e28068940000400386621d4f, 77
1652702210.062768, sdrt-health/mac:02010b41cdec/antenna/tag/e2806894000050038662154f, 93
1652702210.063136, sdrt-health/mac:02010b41cdec/antenna/tag/e28068940000500386620d4f, 83
1652702210.112395, sdrt-health/mac:02010b41cdec/antenna/tag/e2806894000050038661fd4f, 97
1652702210.164574, sdrt-health/mac:02010b41cdec/antenna/tag/e28068940000500386620d4f, 90
1652702210.195922, sdrt-health/mac:02010b41cdec/antenna/tag/e2806894000050038661fd4f, 83
1652702210.196296, sdrt-health/mac:02010b41cdec/antenna/tag/e2806894000040038662114f, 87
1652702210.196551, sdrt-health/mac:02010b41cdec/antenna/tag/e2806894000050038662154f, 93
1652702210.252019, sdrt-health/mac:02010b41cdec/antenna/tag/e2806894000050038662154f, 85
1652702210.311516, sdrt-health/mac:02010b41cdec/antenna/tag/e2806894000050038662154f, 93
1652702210.377722, sdrt-health/mac:02010b41cdec/antenna/tag/e2806894000050038662154f, 93
1652702210.37811, sdrt-health/mac:02010b41cdec/antenna/tag/e28068940000400386621d4f, 90
1652702210.393847, sdrt-health/mac:02010b41cdec/antenna/tag/e2806894000040038662054f, 84
1652702210.438808, sdrt-health/mac:02010b41cdec/antenna/tag/e2806894000050038661fd4f, 83
1652702210.503149, sdrt-health/mac:02010b41cdec/antenna/tag/e28068940000500386620d4f, 83
1652702210.503594, sdrt-health/mac:02010b41cdec/antenna/tag/e28068940000500386620d4f, 83
1652702210.566462, sdrt-health/mac:02010b41cdec/antenna/tag/e2806894000040038662114f, 88
1652702210.617137, sdrt-health/mac:02010b41cdec/antenna/tag/e2806894000040038662114f, 85
1652702210.673426, sdrt-health/mac:02010b41cdec/antenna/tag/e2806894000040038662114f, 85
1652702210.673902, sdrt-health/mac:02010b41cdec/antenna/tag/e2806894000050038661fd4f, 91
1652702210.699129, sdrt-health/mac:02010b41cdec/antenna/tag/e28068940000400386621d4f, 77
1652702210.732943, sdrt-health/mac:02010b41cdec/antenna/tag/e2806894000050038662194f, 81
1652702210.733462, sdrt-health/mac:02010b41cdec/antenna/state, connected
1652702210.733905, sdrt-health/mac:02010b41cdec/fw, {"version":"1.8.1","model":"200","hash":"2f556501b58f1dad542af428d7928d18","timestamp":1652702207}
1652702210.749841, sdrt-health/mac:02010b41cdec/antenna/tag/e28068940000500386620d4f, 83
1652702210.80936, sdrt-health/mac:02010b41cdec/antenna/tag/e28068940000500386620d4f, 83
1652702210.874847, sdrt-health/mac:02010b41cdec/antenna/tag/e2806894000050038661fd4f, 97
1652702210.875207, sdrt-health/mac:02010b41cdec/antenna/tag/e28068940000400386621d4f, 96
1652702210.892633, sdrt-health/mac:02010b41cdec/antenna/tag/e28068940000400386621d4f, 96
1652702210.928984, sdrt-health/mac:02010b41cdec/antenna/tag/e28068940000500386620d4f, 83
1652702210.929473, sdrt-health/mac:02010b41cdec/antenna/tag/e28068940000500386620d4f, 90
1652702210.945334, sdrt-health/mac:02010b41cdec/antenna/version, hPbO
1652702210.991988, sdrt-health/mac:02010b41cdec/antenna/tag/e28068940000400386621d4f, 90
1652702211.023933, sdrt-health/mac:02010b41cdec/antenna/tag/e2806894000050038662154f, 85
1652702211.02442, sdrt-health/mac:02010b41cdec/antenna/tag/e2806894000040038662114f, 88
1652702211.039577, sdrt-health/mac:02010b41cdec/antenna/tag/e2806894000040038662114f, 85
1652702211.040173, sdrt-health/mac:02010b41cdec/antenna/tag/e2806894000040038662114f, 88
1652702211.040531, sdrt-health/mac:02010b41cdec/antenna/tag/e28068940000400386621d4f, 96
1652702211.083924, sdrt-health/mac:02010b41cdec/antenna/tag/e28068940000500386620d4f, 83
1652702211.133493, sdrt-health/mac:02010b41cdec/antenna/tag/e28068940000500386620d4f, 90
1652702211.231167, sdrt-health/mac:02010b41cdec/antenna/tag/e2806894000050038661fd4f, 91
1652702211.231678, sdrt-health/mac:02010b41cdec/antenna/tag/e28068940000500386620d4f, 83
1652702211.246404, sdrt-health/mac:02010b41cdec/antenna/tag/e2806894000040038662114f, 85
1652702211.246944, sdrt-health/mac:02010b41cdec/antenna/tag/e28068940000500386620d4f, 90
1652702211.271371, sdrt-health/mac:02010b41cdec/antenna/tag/e2806894000040038662114f, 85
1652702211.315021, sdrt-health/mac:02010b41cdec/antenna/tag/e28068940000500386620d4f, 90
1652702211.346702, sdrt-health/mac:02010b41cdec/antenna/tag/e2806894000040038662114f, 93
1652702211.347301, sdrt-health/mac:02010b41cdec/antenna/tag/e28068940000400386621d4f, 96
1652702211.373237, sdrt-health/mac:02010b41cdec/antenna/tag/e2806894000040038662114f, 85
1652702211.422164, sdrt-health/mac:02010b41cdec/antenna/tag/e2806894000040038662114f, 88
1652702211.454357, sdrt-health/mac:02010b41cdec/antenna/tag/e28068940000500386620d4f, 83
1652702211.454716, sdrt-health/mac:02010b41cdec/antenna/tag/e2806894000040038662114f, 85
1652702211.647244, sdrt-health/mac:02010b41cdec/antenna/tag/e28068940000500386620d4f, 83
1652702211.68026, sdrt-health/mac:02010b41cdec/antenna/tag/e2806894000050038662154f, 88
1652702211.680706, sdrt-health/mac:02010b41cdec/antenna/tag/e2806894000050038661fd4f, 91
1652702211.695665, sdrt-health/mac:02010b41cdec/antenna/tag/e2806894000050038662154f, 91
1652702211.696121, sdrt-health/mac:02010b41cdec/antenna/tag/e28068940000500386620d4f, 90
1652702211.69654, sdrt-health/mac:02010b41cdec/antenna/tag/e2806894000050038662194f, 94
1652702211.696918, sdrt-health/mac:02010b41cdec/antenna/tag/e2806894000050038661fd4f, 83
1652702211.697263, sdrt-health/mac:02010b41cdec/antenna/tag/e2806894000050038662154f, 88
1652702211.900563, sdrt-health/mac:02010b41cdec/antenna/tag/scan, scan stopped
