1652702724.565872, sdrt-health/mac:02010b41cdec/antenna/power/set, {"power": 290}
1652702725.656694, sdrt-health/mac:02010b41cdec/antenna/power/set, 
1652702729.589934, sdrt-health/mac:02010b41cdec/antenna/tag/scan, {"time": 20000}
1652702730.000314, sdrt-health/mac:02010b41cdec/antenna/tag/e28068940000500386620d4f, 80
1652702730.04218, sdrt-health/mac:02010b41cdec/antenna/tag/e2806894000040038662114f, 85
1652702730.075171, sdrt-health/mac:02010b41cdec/antenna/tag/e2806894000050038661fd4f, 97
1652702730.075504, sdrt-health/mac:02010b41cdec/antenna/tag/e28068940000500386620d4f, 83
1652702730.091534, sdrt-health/mac:02010b41cdec/antenna/tag/e28068940000400386621d4f, 96
1652702730.122693, sdrt-health/mac:02010b41cdec/antenna/tag/e2806894000050038661fd4f, 83
1652702730.233309, sdrt-health/mac:02010b41cdec/antenna/tag/e28068940000400386621d4f, 96
1652702730.233981, sdrt-health/mac:02010b41cdec/antenna/tag/e2806894000050038662154f, 87
1652702730.263141, sdrt-health/mac:02010b41cdec/antenna/tag/e28068940000500386620d4f, 83
1652702730.330838, sdrt-health/mac:02010b41cdec/antenna/tag/e2806894000050038661fd4f, 97
1652702730.331398, sdrt-health/mac:02010b41cdec/antenna/tag/e28068940000500386620d4f, 83
1652702730.347082, sdrt-health/mac:02010b41cdec/antenna/tag/e2806894000040038662114f, 93
1652702730.35226, sdrt-health/mac:02010b41cdec/antenna/tag/e2806894000040038662114f, 85
1652702730.362666, sdrt-health/mac:02010b41cdec/antenna/tag/e2806894000040038662114f, 93
1652702730.401321, sdrt-health/mac:02010b41cdec/antenna/tag/e28068940000500386620d4f, 90
1652702730.457586, sdrt-health/mac:02010b41cdec/antenna/tag/e28068940000400386621d4f, 77
1652702730.458067, sdrt-health/mac:02010b41cdec/antenna/tag/e28068940000400386621d4f, 77
1652702730.491793, sdrt-health/mac:02010b41cdec/antenna/tag/e2806894000050038661fd4f, 97
1652702730.537434, sdrt-health/mac:02010b41cdec/antenna/tag/e2806894000050038662154f, 88
1652702730.683144, sdrt-health/mac:02010b41cdec/antenna/tag/e28068940000500386620d4f, 83
1652702730.738407, sdrt-health/mac:02010b41cdec/antenna/tag/e28068940000400386621d4f, 96
1652702730.738976, sdrt-health/mac:02010b41cdec/antenna/tag/e28068940000400386621d4f, 96
1652702730.762179, sdrt-health/mac:02010b41cdec/antenna/tag/e2806894000050038661fd4f, 83
1652702730.801286, sdrt-health/mac:02010b41cdec/antenna/tag/e2806894000040038662114f, 88
1652702730.841488, sdrt-health/mac:02010b41cdec/antenna/tag/e2806894000040038662114f, 85
1652702730.887702, sdrt-health/mac:02010b41cdec/antenna/tag/e28068940000400386621d4f, 77
1652702730.938036, sdrt-health/mac:02010b41cdec/antenna/tag/e28068940000500386620d4f, 90
1652702730.938609, sdrt-health/mac:02010b41cdec/antenna/tag/e2806894000040038662114f, 85
1652702730.953853, sdrt-health/mac:02010b41cdec/antenna/tag/e28068940000400386621d4f, 77
1652702730.983178, sdrt-health/mac:02010b41cdec/antenna/tag/e28068940000400386621d4f, 96
1652702731.032671, sdrt-health/mac:02010b41cdec/antenna/tag/e2806894000050038662154f, 85
1652702731.090089, sdrt-health/mac:02010b41cdec/antenna/tag/e2806894000050038661fd4f, 83
1652702731.090552, sdrt-health/mac:02010b41cdec/antenna/tag/e2806894000050038662154f, 85
1652702731.10645, sdrt-health/mac:02010b41cdec/antenna/tag/e2806894000050038662154f, 85
1652702731.106995, sdrt-health/mac:02010b41cdec/antenna/tag/e28068940000500386620d4f, 90
1652702731.121764, sdrt-health/mac:02010b41cdec/antenna/tag/e2806894000050038662154f, 93
1652702731.181969, sdrt-health/mac:02010b41cdec/antenna/tag/e28068940000500386620d4f, 83
1652702731.182452, sdrt-health/mac:02010b41cdec/antenna/tag/e2806894000040038662114f, 85
1652702731.198629, sdrt-health/mac:02010b41cdec/antenna/tag/e2806894000040038662114f, 85
1652702731.203278, sdrt-health/mac:02010b41cdec/antenna/tag/e2806894000050038661fd4f, 91
1652702731.24144, sdrt-health/mac:02010b41cdec/antenna/tag/e2806894000050038661fd4f, 97
1652702731.289694, sdrt-health/mac:02010b41cdec/antenna/tag/e2806894000050038661fd4f, 97
1652702731.351578, sdrt-health/mac:02010b41cdec/antenna/tag/e2806894000050038662154f, 85
1652702731.352086, sdrt-health/mac:02010b41cdec/antenna/tag/e2806894000050038661fd4f, 97
1652702731.382405, sdrt-health/mac:02010b41cdec/antenna/tag/e28068940000400386621d4f, 96
1652702731.450905, sdrt-health/mac:02010b41cdec/antenna/tag/e2806894000050038661fd4f, 83
1652702731.451615, sdrt-health/mac:02010b41cdec/antenna/tag/e2806894000050038662154f, 93
1652702731.472813, sdrt-health/mac:02010b41cdec/antenna/tag/e2806894000050038662154f, 85
1652702731.51239, sdrt-health/mac:02010b41cdec/antenna/tag/e28068940000400386621d4f, 77
1652702731.552098, sdrt-health/mac:02010b41cdec/antenna/tag/e28068940000500386620d4f, 83
1652702731.602906, sdrt-health/mac:02010b41cdec/antenna/tag/e2806894000040038662114f, 87
1652702731.643017, sdrt-health/mac:02010b41cdec/antenna/tag/e2806894000050038662194f, 88
1652702731.709475, sdrt-health/mac:02010b41cdec/antenna/tag/e28068940000500386620d4f, 83
1652702731.710073, sdrt-health/mac:02010b41cdec/antenna/tag/e2806894000050038662154f, 85
1652702731.7277, sdrt-health/mac:02010b41cdec/antenna/tag/e28068940000400386621d4f, 96
1652702731.736165, sdrt-health/mac:02010b41cdec/antenna/tag/e2806894000050038661fd4f, 91
1652702731.782026, sdrt-health/mac:02010b41cdec/antenna/tag/e28068940000400386621d4f, 77
1652702731.848896, sdrt-health/mac:02010b41cdec/antenna/tag/e28068940000500386620d4f, 90
1652702731.849396, sdrt-health/mac:02010b41cdec/antenna/tag/e2806894000040038662114f, 87
1652702731.865793, sdrt-health/mac:02010b41cdec/antenna/tag/e28068940000400386621d4f, 77
1652702731.87234, sdrt-health/mac:02010b41cdec/antenna/tag/e2806894000050038661fd4f, 91
1652702731.882843, sdrt-health/mac:02010b41cdec/antenna/tag/e28068940000400386621d4f, 77
1652702731.930789, sdrt-health/mac:02010b41cdec/antenna/tag/e2806894000040038662114f, 91
1652702731.993624, sdrt-health/mac:02010b41cdec/antenna/tag/e2806894000050038662154f, 85
1652702731.994179, sdrt-health/mac:02010b41cdec/antenna/tag/e2806894000040038662114f, 88
1652702732.010604, sdrt-health/mac:02010b41cdec/antenna/tag/e2806894000050038662154f, 85
1652702732.022122, sdrt-health/mac:02010b41cdec/antenna/tag/e28068940000500386620d4f, 90
1652702732.072843, sdrt-health/mac:02010b41cdec/antenna/tag/e2806894000040038662114f, 85
1652702732.12982, sdrt-health/mac:02010b41cdec/antenna/tag/e2806894000040038662114f, 85
1652702732.13037, sdrt-health/mac:02010b41cdec/antenna/tag/e2806894000050038661fd4f, 91
1652702732.147282, sdrt-health/mac:02010b41cdec/antenna/tag/e2806894000040038662114f, 85
1652702732.179818, sdrt-health/mac:02010b41cdec/antenna/tag/e28068940000500386620d4f, 83
1652702732.180296, sdrt-health/mac:02010b41cdec/antenna/tag/e28068940000500386620d4f, 83
1652702732.180684, sdrt-health/mac:02010b41cdec/antenna/tag/e2806894000040038662114f, 88
1652702732.202095, sdrt-health/mac:02010b41cdec/antenna/tag/e28068940000400386621d4f, 96
1652702732.321848, sdrt-health/mac:02010b41cdec/antenna/tag/e2806894000050038662154f, 85
1652702732.322314, sdrt-health/mac:02010b41cdec/antenna/tag/e2806894000050038662154f, 85
1652702732.393509, sdrt-health/mac:02010b41cdec/antenna/tag/e2806894000040038662114f, 85
1652702732.44985, sdrt-health/mac:02010b41cdec/antenna/tag/e2806894000040038662114f, 88
1652702732.450323, sdrt-health/mac:02010b41cdec/antenna/tag/e28068940000400386621d4f, 77
1652702732.466353, sdrt-health/mac:02010b41cdec/antenna/tag/e2806894000050038662194f, 88
1652702732.482575, sdrt-health/mac:02010b41cdec/antenna/tag/e28068940000500386620d4f, 83
1652702732.522134, sdrt-health/mac:02010b41cdec/antenna/tag/e2806894000050038661fd4f, 91
1652702732.562402, sdrt-health/mac:02010b41cdec/antenna/tag/e2806894000050038662154f, 88
1652702732.618802, sdrt-health/mac:02010b41cdec/antenna/tag/e2806894000050038661fd4f, 83
1652702732.619304, sdrt-health/mac:02010b41cdec/antenna/tag/e28068940000500386620d4f, 83
1652702732.637057, sdrt-health/mac:02010b41cdec/antenna/tag/e2806894000050038662154f, 85
1652702732.651992, sdrt-health/mac:02010b41cdec/antenna/tag/e2806894000050038661fd4f, 97
1652702732.696128, sdrt-health/mac:02010b41cdec/antenna/tag/e2806894000050038661fd4f, 83
1652702732.759048, sdrt-health/mac:02010b41cdec/antenna/tag/e28068940000400386621d4f, 96
1652702732.760618, sdrt-health/mac:02010b41cdec/antenna/tag/e2806894000040038662114f, 88
1652702732.792105, sdrt-health/mac:02010b41cdec/antenna/tag/e2806894000050038662154f, 85
1652702732.831934, sdrt-health/mac:02010b41cdec/antenna/tag/e2806894000050038662154f, 85
1652702732.866556, sdrt-health/mac:02010b41cdec/antenna/tag/e28068940000500386620d4f, 90
1652702732.867202, sdrt-health/mac:02010b41cdec/antenna/tag/e2806894000050038661fd4f, 91
1652702732.867772, sdrt-health/mac:02010b41cdec/antenna/tag/e2806894000050038662154f, 93
1652702732.882173, sdrt-health/mac:02010b41cdec/antenna/tag/e28068940000400386621d4f, 96
1652702732.973678, sdrt-health/mac:02010b41cdec/antenna/tag/e2806894000050038662154f, 85
1652702733.016821, sdrt-health/mac:02010b41cdec/antenna/tag/e28068940000400386621d4f, 96
1652702733.052095, sdrt-health/mac:02010b41cdec/antenna/tag/e2806894000050038662194f, 94
1652702733.096326, sdrt-health/mac:02010b41cdec/antenna/tag/e2806894000040038662114f, 85
1652702733.142089, sdrt-health/mac:02010b41cdec/antenna/tag/e2806894000050038662194f, 94
1652702733.218038, sdrt-health/mac:02010b41cdec/antenna/tag/e28068940000500386620d4f, 83
1652702733.218483, sdrt-health/mac:02010b41cdec/antenna/tag/e2806894000050038662154f, 93
1652702733.242153, sdrt-health/mac:02010b41cdec/antenna/tag/e2806894000040038662114f, 87
1652702733.298752, sdrt-health/mac:02010b41cdec/antenna/tag/e2806894000050038662154f, 93
1652702733.299171, sdrt-health/mac:02010b41cdec/antenna/tag/e28068940000500386620d4f, 83
1652702733.322123, sdrt-health/mac:02010b41cdec/antenna/tag/e28068940000400386621d4f, 77
1652702733.366535, sdrt-health/mac:02010b41cdec/antenna/tag/e28068940000500386620d4f, 83
1652702733.4023, sdrt-health/mac:02010b41cdec/antenna/tag/e2806894000050038661fd4f, 91
1652702733.45882, sdrt-health/mac:02010b41cdec/antenna/tag/e2806894000040038662114f, 85
1652702733.459322, sdrt-health/mac:02010b41cdec/antenna/tag/e2806894000040038662114f, 93
1652702733.481623, sdrt-health/mac:02010b41cdec/antenna/tag/e2806894000040038662114f, 85
1652702733.611151, sdrt-health/mac:02010b41cdec/antenna/tag/e28068940000500386620d4f, 83
1652702733.611637, sdrt-health/mac:02010b41cdec/antenna/tag/e28068940000400386621d4f, 96
1652702733.672521, sdrt-health/mac:02010b41cdec/antenna/tag/e2806894000040038662114f, 85
1652702733.705207, sdrt-health/mac:02010b41cdec/antenna/tag/e2806894000050038661fd4f, 97
1652702733.70568, sdrt-health/mac:02010b41cdec/antenna/tag/e2806894000050038662154f, 85
1652702733.722672, sdrt-health/mac:02010b41cdec/antenna/tag/e2806894000040038662114f, 88
1652702733.763086, sdrt-health/mac:02010b41cdec/antenna/tag/e28068940000400386621d4f, 77
1652702733.818507, sdrt-health/mac:02010b41cdec/antenna/tag/e2806894000050038662194f, 81
1652702733.819014, sdrt-health/mac:02010b41cdec/antenna/tag/e2806894000050038662194f, 84
1652702733.841648, sdrt-health/mac:02010b41cdec/antenna/tag/e2806894000050038662154f, 85
1652702733.882429, sdrt-health/mac:02010b41cdec/antenna/tag/e28068940000400386621d4f, 96
1652702733.91512, sdrt-health/mac:02010b41cdec/antenna/tag/e2806894000050038662154f, 88
1652702733.915338, sdrt-health/mac:02010b41cdec/antenna/tag/e2806894000040038662114f, 85
1652702733.931801, sdrt-health/mac:02010b41cdec/antenna/tag/e28068940000400386621d4f, 96
1652702733.932064, sdrt-health/mac:02010b41cdec/antenna/tag/e2806894000050038662154f, 85
1652702733.932225, sdrt-health/mac:02010b41cdec/antenna/tag/e2806894000040038662114f, 85
1652702733.962508, sdrt-health/mac:02010b41cdec/antenna/tag/e2806894000040038662114f, 85
1652702734.002148, sdrt-health/mac:02010b41cdec/antenna/tag/e2806894000050038662154f, 87
1652702734.041844, sdrt-health/mac:02010b41cdec/antenna/tag/e2806894000050038661fd4f, 97
1652702734.09761, sdrt-health/mac:02010b41cdec/antenna/tag/e28068940000400386621d4f, 96
1652702734.098117, sdrt-health/mac:02010b41cdec/antenna/tag/e28068940000500386620d4f, 90
1652702734.122634, sdrt-health/mac:02010b41cdec/antenna/tag/e2806894000050038661fd4f, 97
1652702734.162033, sdrt-health/mac:02010b41cdec/antenna/tag/e28068940000500386620d4f, 83
1652702734.255484, sdrt-health/mac:02010b41cdec/antenna/tag/e2806894000050038662154f, 88
1652702734.255748, sdrt-health/mac:02010b41cdec/antenna/tag/e28068940000500386620d4f, 90
1652702734.28101, sdrt-health/mac:02010b41cdec/antenna/tag/e2806894000050038662154f, 85
1652702734.316731, sdrt-health/mac:02010b41cdec/antenna/tag/e28068940000400386621d4f, 77
1652702734.317303, sdrt-health/mac:02010b41cdec/antenna/tag/e28068940000400386621d4f, 96
1652702734.333581, sdrt-health/mac:02010b41cdec/antenna/tag/e2806894000050038662154f, 88
1652702734.362604, sdrt-health/mac:02010b41cdec/antenna/tag/e2806894000040038662114f, 85
1652702734.4026, sdrt-health/mac:02010b41cdec/antenna/tag/e28068940000500386620d4f, 83
1652702734.441279, sdrt-health/mac:02010b41cdec/antenna/tag/e28068940000500386620d4f, 83
1652702734.537036, sdrt-health/mac:02010b41cdec/antenna/tag/e28068940000500386620d4f, 80
1652702734.582044, sdrt-health/mac:02010b41cdec/antenna/tag/e28068940000500386620d4f, 83
1652702734.65003, sdrt-health/mac:02010b41cdec/antenna/tag/e2806894000050038661fd4f, 97
1652702734.650744, sdrt-health/mac:02010b41cdec/antenna/tag/e28068940000500386620d4f, 83
1652702734.666735, sdrt-health/mac:02010b41cdec/antenna/tag/e2806894000050038661fd4f, 83
1652702734.672108, sdrt-health/mac:02010b41cdec/antenna/tag/e28068940000400386621d4f, 96
1652702734.722514, sdrt-health/mac:02010b41cdec/antenna/tag/e2806894000050038661fd4f, 83
1652702734.777818, sdrt-health/mac:02010b41cdec/antenna/tag/e28068940000500386620d4f, 83
1652702734.778274, sdrt-health/mac:02010b41cdec/antenna/tag/e28068940000500386620d4f, 83
1652702734.795044, sdrt-health/mac:02010b41cdec/antenna/tag/e28068940000500386620d4f, 83
1652702734.802363, sdrt-health/mac:02010b41cdec/antenna/tag/e2806894000050038661fd4f, 91
1652702734.842325, sdrt-health/mac:02010b41cdec/antenna/tag/e28068940000500386620d4f, 83
1652702734.900299, sdrt-health/mac:02010b41cdec/antenna/tag/e28068940000400386621d4f, 96
1652702734.901015, sdrt-health/mac:02010b41cdec/antenna/tag/e2806894000050038661fd4f, 91
1652702734.922307, sdrt-health/mac:02010b41cdec/antenna/tag/e28068940000400386621d4f, 77
1652702734.979013, sdrt-health/mac:02010b41cdec/antenna/tag/e2806894000040038662214f, 94
1652702734.979459, sdrt-health/mac:02010b41cdec/antenna/tag/e2806894000040038662114f, 93
1652702735.003554, sdrt-health/mac:02010b41cdec/antenna/tag/e28068940000500386620d4f, 83
1652702735.061877, sdrt-health/mac:02010b41cdec/antenna/tag/e28068940000400386621d4f, 96
1652702735.111638, sdrt-health/mac:02010b41cdec/antenna/tag/e28068940000500386620d4f, 83
1652702735.151595, sdrt-health/mac:02010b41cdec/antenna/tag/e2806894000040038662114f, 88
1652702735.202303, sdrt-health/mac:02010b41cdec/antenna/tag/e2806894000050038661fd4f, 83
1652702735.242537, sdrt-health/mac:02010b41cdec/antenna/tag/e2806894000040038662114f, 88
1652702735.29966, sdrt-health/mac:02010b41cdec/antenna/tag/e2806894000050038662154f, 88
1652702735.300155, sdrt-health/mac:02010b41cdec/antenna/tag/e2806894000050038662154f, 85
1652702735.317625, sdrt-health/mac:02010b41cdec/antenna/tag/e28068940000500386620d4f, 83
1652702735.318194, sdrt-health/mac:02010b41cdec/antenna/tag/e2806894000050038661fd4f, 83
1652702735.322204, sdrt-health/mac:02010b41cdec/antenna/tag/e2806894000050038662154f, 85
1652702735.337076, sdrt-health/mac:02010b41cdec/antenna/tag/e2806894000050038661fd4f, 97
1652702735.393819, sdrt-health/mac:02010b41cdec/antenna/tag/e28068940000500386620d4f, 90
1652702735.442976, sdrt-health/mac:02010b41cdec/antenna/tag/e2806894000050038661fd4f, 91
1652702735.499375, sdrt-health/mac:02010b41cdec/antenna/tag/e2806894000040038661f94f, 81
1652702735.4999, sdrt-health/mac:02010b41cdec/antenna/tag/e2806894000040038662214f, 88
1652702735.522974, sdrt-health/mac:02010b41cdec/antenna/tag/e2806894000040038662114f, 87
1652702735.563189, sdrt-health/mac:02010b41cdec/antenna/tag/e2806894000050038662154f, 88
1652702735.610489, sdrt-health/mac:02010b41cdec/antenna/tag/e28068940000500386620d4f, 80
1652702735.643285, sdrt-health/mac:02010b41cdec/antenna/tag/e2806894000050038662154f, 88
1652702735.644239, sdrt-health/mac:02010b41cdec/antenna/tag/e2806894000040038662114f, 83
1652702735.658546, sdrt-health/mac:02010b41cdec/antenna/tag/e2806894000040038662114f, 93
1652702735.702125, sdrt-health/mac:02010b41cdec/antenna/tag/e28068940000400386621d4f, 96
1652702735.752299, sdrt-health/mac:02010b41cdec/antenna/tag/e2806894000050038661fd4f, 97
1652702735.786454, sdrt-health/mac:02010b41cdec/antenna/tag/e2806894000040038662114f, 85
1652702735.786831, sdrt-health/mac:02010b41cdec/antenna/tag/e28068940000400386621d4f, 96
1652702735.803086, sdrt-health/mac:02010b41cdec/antenna/tag/e28068940000400386621d4f, 77
1652702735.844271, sdrt-health/mac:02010b41cdec/antenna/tag/e2806894000050038661fd4f, 97
1652702735.902451, sdrt-health/mac:02010b41cdec/antenna/tag/e2806894000050038662154f, 85
1652702735.902939, sdrt-health/mac:02010b41cdec/antenna/tag/e28068940000500386620d4f, 83
1652702735.917796, sdrt-health/mac:02010b41cdec/antenna/tag/e2806894000050038661fd4f, 91
1652702735.922975, sdrt-health/mac:02010b41cdec/antenna/tag/e2806894000040038662114f, 93
1652702735.961881, sdrt-health/mac:02010b41cdec/antenna/tag/e28068940000500386620d4f, 83
1652702736.018118, sdrt-health/mac:02010b41cdec/antenna/tag/e2806894000050038662154f, 88
1652702736.01867, sdrt-health/mac:02010b41cdec/antenna/tag/e2806894000050038661fd4f, 97
1652702736.081145, sdrt-health/mac:02010b41cdec/antenna/tag/e2806894000040038662114f, 85
1652702736.122448, sdrt-health/mac:02010b41cdec/antenna/tag/e2806894000050038662154f, 85
1652702736.162611, sdrt-health/mac:02010b41cdec/antenna/tag/e2806894000050038662154f, 88
1652702736.202467, sdrt-health/mac:02010b41cdec/antenna/tag/e28068940000500386620d4f, 83
1652702736.259785, sdrt-health/mac:02010b41cdec/antenna/tag/e2806894000040038662114f, 88
1652702736.293999, sdrt-health/mac:02010b41cdec/antenna/tag/e2806894000050038661fd4f, 83
1652702736.29428, sdrt-health/mac:02010b41cdec/antenna/tag/e28068940000400386621d4f, 96
1652702736.348725, sdrt-health/mac:02010b41cdec/antenna/tag/e2806894000040038662114f, 88
1652702736.401985, sdrt-health/mac:02010b41cdec/antenna/tag/e2806894000040038662114f, 85
1652702736.479353, sdrt-health/mac:02010b41cdec/antenna/tag/e28068940000500386620d4f, 83
1652702736.479814, sdrt-health/mac:02010b41cdec/antenna/tag/e28068940000500386620d4f, 83
1652702736.495916, sdrt-health/mac:02010b41cdec/antenna/tag/e2806894000050038662154f, 88
1652702736.512796, sdrt-health/mac:02010b41cdec/antenna/tag/e28068940000400386621d4f, 96
1652702736.548012, sdrt-health/mac:02010b41cdec/antenna/tag/e2806894000040038662114f, 85
1652702736.548265, sdrt-health/mac:02010b41cdec/antenna/tag/e28068940000400386621d4f, 96
1652702736.548437, sdrt-health/mac:02010b41cdec/antenna/tag/e2806894000040038662114f, 85
1652702736.565064, sdrt-health/mac:02010b41cdec/antenna/tag/e28068940000400386621d4f, 96
1652702736.603924, sdrt-health/mac:02010b41cdec/antenna/tag/e2806894000040038662114f, 85
1652702736.661038, sdrt-health/mac:02010b41cdec/antenna/tag/e2806894000050038661fd4f, 83
1652702736.661267, sdrt-health/mac:02010b41cdec/antenna/tag/e28068940000400386621d4f, 96
1652702736.678394, sdrt-health/mac:02010b41cdec/antenna/tag/e28068940000400386621d4f, 96
1652702736.722123, sdrt-health/mac:02010b41cdec/antenna/tag/e28068940000500386620d4f, 83
1652702736.761858, sdrt-health/mac:02010b41cdec/antenna/tag/e28068940000400386621d4f, 77
1652702736.803589, sdrt-health/mac:02010b41cdec/antenna/tag/e28068940000400386621d4f, 77
1652702736.860251, sdrt-health/mac:02010b41cdec/antenna/tag/e2806894000050038661fd4f, 91
1652702736.860707, sdrt-health/mac:02010b41cdec/antenna/tag/e2806894000050038662154f, 87
1652702736.882287, sdrt-health/mac:02010b41cdec/antenna/tag/e28068940000500386620d4f, 83
1652702736.938043, sdrt-health/mac:02010b41cdec/antenna/tag/e2806894000050038662154f, 93
1652702736.984283, sdrt-health/mac:02010b41cdec/antenna/tag/e2806894000050038662154f, 85
1652702737.032362, sdrt-health/mac:02010b41cdec/antenna/tag/e28068940000500386620d4f, 80
1652702737.121541, sdrt-health/mac:02010b41cdec/antenna/tag/e2806894000040038662114f, 85
1652702737.122079, sdrt-health/mac:02010b41cdec/antenna/tag/e28068940000500386620d4f, 83
1652702737.139056, sdrt-health/mac:02010b41cdec/antenna/tag/e2806894000050038662154f, 88
1652702737.174404, sdrt-health/mac:02010b41cdec/antenna/tag/e2806894000050038662154f, 85
1652702737.174766, sdrt-health/mac:02010b41cdec/antenna/tag/e28068940000500386620d4f, 90
1652702737.175015, sdrt-health/mac:02010b41cdec/antenna/tag/e2806894000050038662154f, 85
1652702737.202686, sdrt-health/mac:02010b41cdec/antenna/tag/e28068940000500386620d4f, 90
1652702737.271837, sdrt-health/mac:02010b41cdec/antenna/tag/e2806894000050038661fd4f, 97
1652702737.272262, sdrt-health/mac:02010b41cdec/antenna/tag/e28068940000400386621d4f, 96
1652702737.300907, sdrt-health/mac:02010b41cdec/antenna/tag/e28068940000500386620d4f, 90
1652702737.37635, sdrt-health/mac:02010b41cdec/antenna/tag/e2806894000040038662114f, 88
1652702737.377001, sdrt-health/mac:02010b41cdec/antenna/tag/e2806894000040038662114f, 93
1652702737.402053, sdrt-health/mac:02010b41cdec/antenna/tag/e28068940000400386621d4f, 77
1652702737.434145, sdrt-health/mac:02010b41cdec/antenna/tag/e2806894000050038662194f, 94
1652702737.434501, sdrt-health/mac:02010b41cdec/antenna/tag/e2806894000050038662194f, 84
1652702737.434824, sdrt-health/mac:02010b41cdec/antenna/tag/e2806894000040038662114f, 85
1652702737.449684, sdrt-health/mac:02010b41cdec/antenna/tag/e2806894000050038662194f, 88
1652702737.481807, sdrt-health/mac:02010b41cdec/antenna/tag/e2806894000050038662154f, 85
1652702737.538378, sdrt-health/mac:02010b41cdec/antenna/tag/e28068940000400386621d4f, 96
1652702737.53894, sdrt-health/mac:02010b41cdec/antenna/tag/e2806894000040038662114f, 85
1652702737.562034, sdrt-health/mac:02010b41cdec/antenna/tag/e2806894000040038662114f, 85
1652702737.617244, sdrt-health/mac:02010b41cdec/antenna/tag/e2806894000040038662114f, 88
1652702737.617947, sdrt-health/mac:02010b41cdec/antenna/tag/e2806894000040038662114f, 85
1652702737.642086, sdrt-health/mac:02010b41cdec/antenna/tag/e2806894000050038661fd4f, 83
1652702737.680974, sdrt-health/mac:02010b41cdec/antenna/tag/e28068940000400386621d4f, 96
1652702737.737349, sdrt-health/mac:02010b41cdec/antenna/tag/e2806894000050038662154f, 85
1652702737.737868, sdrt-health/mac:02010b41cdec/antenna/tag/e28068940000500386620d4f, 83
1652702737.761995, sdrt-health/mac:02010b41cdec/antenna/tag/e2806894000050038662154f, 85
1652702737.818033, sdrt-health/mac:02010b41cdec/antenna/tag/e28068940000500386620d4f, 83
1652702737.818548, sdrt-health/mac:02010b41cdec/antenna/tag/e28068940000400386621d4f, 96
1652702737.840998, sdrt-health/mac:02010b41cdec/antenna/tag/e28068940000400386621d4f, 96
1652702737.882183, sdrt-health/mac:02010b41cdec/antenna/tag/e28068940000400386621d4f, 77
1652702737.91527, sdrt-health/mac:02010b41cdec/antenna/tag/e2806894000050038661fd4f, 97
1652702737.915479, sdrt-health/mac:02010b41cdec/antenna/tag/e2806894000050038661fd4f, 83
1652702737.93237, sdrt-health/mac:02010b41cdec/antenna/tag/e2806894000050038662154f, 88
1652702737.961226, sdrt-health/mac:02010b41cdec/antenna/tag/e28068940000500386620d4f, 80
1652702738.011472, sdrt-health/mac:02010b41cdec/antenna/tag/e2806894000040038662114f, 93
1652702738.054573, sdrt-health/mac:02010b41cdec/antenna/tag/e28068940000400386621d4f, 77
1652702738.091434, sdrt-health/mac:02010b41cdec/antenna/tag/e2806894000040038662214f, 81
1652702738.134954, sdrt-health/mac:02010b41cdec/antenna/tag/e2806894000050038661fd4f, 88
1652702738.170433, sdrt-health/mac:02010b41cdec/antenna/tag/e2806894000050038662154f, 87
1652702738.232012, sdrt-health/mac:02010b41cdec/antenna/tag/e2806894000040038662114f, 93
1652702738.232555, sdrt-health/mac:02010b41cdec/antenna/tag/e2806894000050038661fd4f, 91
1652702738.293999, sdrt-health/mac:02010b41cdec/antenna/tag/e28068940000500386620d4f, 83
1652702738.331548, sdrt-health/mac:02010b41cdec/antenna/tag/e2806894000050038662154f, 93
1652702738.364328, sdrt-health/mac:02010b41cdec/antenna/tag/e2806894000040038662114f, 85
1652702738.36461, sdrt-health/mac:02010b41cdec/antenna/tag/e28068940000500386620d4f, 83
1652702738.398988, sdrt-health/mac:02010b41cdec/antenna/tag/e28068940000500386620d4f, 90
1652702738.440848, sdrt-health/mac:02010b41cdec/antenna/tag/e2806894000040038662114f, 85
1652702738.496523, sdrt-health/mac:02010b41cdec/antenna/tag/e2806894000050038662154f, 88
1652702738.497031, sdrt-health/mac:02010b41cdec/antenna/tag/e2806894000050038661fd4f, 97
1652702738.513225, sdrt-health/mac:02010b41cdec/antenna/tag/e28068940000400386621d4f, 96
1652702738.521307, sdrt-health/mac:02010b41cdec/antenna/tag/e28068940000400386621d4f, 77
1652702738.561322, sdrt-health/mac:02010b41cdec/antenna/tag/e28068940000500386620d4f, 90
1652702738.617456, sdrt-health/mac:02010b41cdec/antenna/tag/e28068940000500386620d4f, 90
1652702738.617948, sdrt-health/mac:02010b41cdec/antenna/tag/e28068940000500386620d4f, 83
1652702738.641723, sdrt-health/mac:02010b41cdec/antenna/tag/e28068940000500386620d4f, 83
1652702738.696897, sdrt-health/mac:02010b41cdec/antenna/tag/e28068940000400386621d4f, 96
1652702738.75911, sdrt-health/mac:02010b41cdec/antenna/tag/e2806894000050038662154f, 85
1652702738.759596, sdrt-health/mac:02010b41cdec/antenna/tag/e2806894000050038661fd4f, 97
1652702738.75999, sdrt-health/mac:02010b41cdec/antenna/tag/e28068940000400386621d4f, 96
1652702738.790345, sdrt-health/mac:02010b41cdec/antenna/tag/e2806894000050038662154f, 85
1652702738.831629, sdrt-health/mac:02010b41cdec/antenna/tag/e2806894000050038661fd4f, 83
1652702738.907503, sdrt-health/mac:02010b41cdec/antenna/tag/e28068940000400386621d4f, 96
1652702738.907967, sdrt-health/mac:02010b41cdec/antenna/tag/e2806894000050038661fd4f, 83
1652702738.923396, sdrt-health/mac:02010b41cdec/antenna/tag/e28068940000400386621d4f, 96
1652702738.934269, sdrt-health/mac:02010b41cdec/antenna/tag/e2806894000050038662154f, 85
1652702738.938978, sdrt-health/mac:02010b41cdec/antenna/tag/e2806894000050038661fd4f, 91
1652702738.982425, sdrt-health/mac:02010b41cdec/antenna/tag/e2806894000050038662154f, 93
1652702739.047728, sdrt-health/mac:02010b41cdec/antenna/tag/e2806894000050038662154f, 85
1652702739.048273, sdrt-health/mac:02010b41cdec/antenna/tag/e28068940000400386621d4f, 77
1652702739.079768, sdrt-health/mac:02010b41cdec/antenna/tag/e28068940000400386621d4f, 96
1652702739.137594, sdrt-health/mac:02010b41cdec/antenna/tag/e2806894000040038662114f, 88
1652702739.138117, sdrt-health/mac:02010b41cdec/antenna/tag/e28068940000500386620d4f, 90
1652702739.154054, sdrt-health/mac:02010b41cdec/antenna/tag/e2806894000050038662154f, 85
1652702739.175461, sdrt-health/mac:02010b41cdec/antenna/tag/e28068940000500386620d4f, 83
1652702739.220905, sdrt-health/mac:02010b41cdec/antenna/tag/e2806894000040038662114f, 88
1652702739.287597, sdrt-health/mac:02010b41cdec/antenna/tag/e2806894000050038662154f, 85
1652702739.288078, sdrt-health/mac:02010b41cdec/antenna/tag/e2806894000050038661fd4f, 83
1652702739.304062, sdrt-health/mac:02010b41cdec/antenna/tag/e2806894000050038661fd4f, 97
1652702739.311376, sdrt-health/mac:02010b41cdec/antenna/tag/e28068940000400386621d4f, 77
1652702739.350291, sdrt-health/mac:02010b41cdec/antenna/tag/e2806894000050038662154f, 93
1652702739.391033, sdrt-health/mac:02010b41cdec/antenna/tag/e2806894000050038662154f, 85
1652702739.441339, sdrt-health/mac:02010b41cdec/antenna/tag/e2806894000050038661fd4f, 91
1652702739.481479, sdrt-health/mac:02010b41cdec/antenna/tag/e28068940000500386620d4f, 83
1652702739.522332, sdrt-health/mac:02010b41cdec/antenna/tag/e2806894000050038662154f, 85
1652702739.555392, sdrt-health/mac:02010b41cdec/antenna/tag/e2806894000040038662114f, 85
1652702739.555753, sdrt-health/mac:02010b41cdec/antenna/tag/e28068940000500386620d4f, 90
1652702739.571407, sdrt-health/mac:02010b41cdec/antenna/tag/e28068940000500386620d4f, 90
1652702739.601256, sdrt-health/mac:02010b41cdec/antenna/tag/e2806894000050038661fd4f, 91
1652702739.641935, sdrt-health/mac:02010b41cdec/antenna/tag/e28068940000400386621d4f, 77
1652702739.707905, sdrt-health/mac:02010b41cdec/antenna/tag/e28068940000500386620d4f, 90
1652702739.708451, sdrt-health/mac:02010b41cdec/antenna/tag/e2806894000050038661fd4f, 83
1652702739.736271, sdrt-health/mac:02010b41cdec/antenna/tag/e2806894000040038662114f, 87
1652702739.797215, sdrt-health/mac:02010b41cdec/antenna/tag/e2806894000050038661fd4f, 91
1652702739.797695, sdrt-health/mac:02010b41cdec/antenna/tag/e28068940000400386621d4f, 77
1652702739.833166, sdrt-health/mac:02010b41cdec/antenna/tag/e28068940000400386621d4f, 96
1652702739.87343, sdrt-health/mac:02010b41cdec/antenna/tag/e2806894000040038662114f, 85
1652702739.906981, sdrt-health/mac:02010b41cdec/antenna/tag/e28068940000500386620d4f, 90
1652702739.907188, sdrt-health/mac:02010b41cdec/antenna/tag/e28068940000400386621d4f, 77
1652702739.952228, sdrt-health/mac:02010b41cdec/antenna/tag/e2806894000050038661fd4f, 97
1652702740.001623, sdrt-health/mac:02010b41cdec/antenna/tag/e28068940000400386621d4f, 96
1652702740.097916, sdrt-health/mac:02010b41cdec/antenna/tag/e28068940000500386620d4f, 90
1652702740.098484, sdrt-health/mac:02010b41cdec/antenna/tag/e28068940000400386621d4f, 96
1652702740.118607, sdrt-health/mac:02010b41cdec/antenna/tag/e2806894000040038662114f, 91
1652702740.152168, sdrt-health/mac:02010b41cdec/antenna/tag/e28068940000500386620d4f, 83
1652702740.185705, sdrt-health/mac:02010b41cdec/antenna/tag/e28068940000400386621d4f, 96
1652702740.186141, sdrt-health/mac:02010b41cdec/antenna/tag/e2806894000050038662154f, 85
1652702740.202388, sdrt-health/mac:02010b41cdec/antenna/tag/e2806894000040038662114f, 88
1652702740.243207, sdrt-health/mac:02010b41cdec/antenna/tag/e2806894000040038662114f, 88
1652702740.274389, sdrt-health/mac:02010b41cdec/antenna/tag/e2806894000050038661fd4f, 97
1652702740.274684, sdrt-health/mac:02010b41cdec/antenna/tag/e28068940000500386620d4f, 83
1652702740.274892, sdrt-health/mac:02010b41cdec/antenna/tag/e28068940000400386621d4f, 96
1652702740.290421, sdrt-health/mac:02010b41cdec/antenna/tag/e2806894000050038662154f, 88
1652702740.321758, sdrt-health/mac:02010b41cdec/antenna/tag/e2806894000050038662154f, 85
1652702740.362404, sdrt-health/mac:02010b41cdec/antenna/tag/e2806894000050038662154f, 85
1652702740.420222, sdrt-health/mac:02010b41cdec/antenna/tag/e2806894000050038662154f, 88
1652702740.420768, sdrt-health/mac:02010b41cdec/antenna/tag/e2806894000050038661fd4f, 97
1652702740.441282, sdrt-health/mac:02010b41cdec/antenna/tag/e2806894000050038662154f, 85
1652702740.513155, sdrt-health/mac:02010b41cdec/antenna/tag/e2806894000040038662114f, 85
1652702740.51364, sdrt-health/mac:02010b41cdec/antenna/tag/e28068940000400386621d4f, 77
1652702740.538292, sdrt-health/mac:02010b41cdec/antenna/tag/e2806894000040038662114f, 85
1652702740.598196, sdrt-health/mac:02010b41cdec/antenna/tag/e2806894000050038662154f, 93
1652702740.598619, sdrt-health/mac:02010b41cdec/antenna/tag/e28068940000400386621d4f, 77
1652702740.633472, sdrt-health/mac:02010b41cdec/antenna/tag/e28068940000500386620d4f, 83
1652702740.671977, sdrt-health/mac:02010b41cdec/antenna/tag/e2806894000040038662114f, 87
1652702740.724606, sdrt-health/mac:02010b41cdec/antenna/tag/e2806894000040038662114f, 93
1652702740.782108, sdrt-health/mac:02010b41cdec/antenna/tag/e2806894000040038662114f, 88
1652702740.782332, sdrt-health/mac:02010b41cdec/antenna/tag/e2806894000040038662114f, 88
1652702740.802707, sdrt-health/mac:02010b41cdec/antenna/tag/e2806894000050038662154f, 85
1652702740.841388, sdrt-health/mac:02010b41cdec/antenna/tag/e2806894000050038661fd4f, 97
1652702740.881799, sdrt-health/mac:02010b41cdec/antenna/tag/e28068940000400386621d4f, 96
1652702740.922206, sdrt-health/mac:02010b41cdec/antenna/tag/e28068940000400386621d4f, 96
1652702741.048782, sdrt-health/mac:02010b41cdec/antenna/tag/e28068940000500386620d4f, 83
1652702741.048989, sdrt-health/mac:02010b41cdec/antenna/tag/e2806894000050038661fd4f, 83
1652702741.074947, sdrt-health/mac:02010b41cdec/antenna/tag/e2806894000050038661fd4f, 97
1652702741.13663, sdrt-health/mac:02010b41cdec/antenna/tag/e2806894000040038662114f, 85
1652702741.136847, sdrt-health/mac:02010b41cdec/antenna/tag/e2806894000050038662154f, 88
1652702741.161443, sdrt-health/mac:02010b41cdec/antenna/tag/e2806894000040038662114f, 85
1652702741.19366, sdrt-health/mac:02010b41cdec/antenna/tag/e2806894000050038661fd4f, 83
1652702741.193917, sdrt-health/mac:02010b41cdec/antenna/tag/e28068940000500386620d4f, 83
1652702741.209518, sdrt-health/mac:02010b41cdec/antenna/tag/e2806894000050038662154f, 85
1652702741.209749, sdrt-health/mac:02010b41cdec/antenna/tag/e2806894000040038662114f, 85
1652702741.271595, sdrt-health/mac:02010b41cdec/antenna/tag/e28068940000400386621d4f, 96
1652702741.312151, sdrt-health/mac:02010b41cdec/antenna/tag/e2806894000050038662154f, 85
1652702741.345999, sdrt-health/mac:02010b41cdec/antenna/tag/e2806894000050038661fd4f, 97
1652702741.346242, sdrt-health/mac:02010b41cdec/antenna/tag/e28068940000500386620d4f, 83
1652702741.370996, sdrt-health/mac:02010b41cdec/antenna/tag/e2806894000040038661f94f, 84
1652702741.415728, sdrt-health/mac:02010b41cdec/antenna/tag/e2806894000040038662214f, 81
1652702741.462572, sdrt-health/mac:02010b41cdec/antenna/tag/e2806894000040038662214f, 88
1652702741.530121, sdrt-health/mac:02010b41cdec/antenna/tag/e28068940000400386621d4f, 77
1652702741.530577, sdrt-health/mac:02010b41cdec/antenna/tag/e2806894000050038661fd4f, 91
1652702741.552444, sdrt-health/mac:02010b41cdec/antenna/tag/e2806894000050038661fd4f, 91
1652702741.609952, sdrt-health/mac:02010b41cdec/antenna/tag/e2806894000040038662114f, 85
1652702741.610468, sdrt-health/mac:02010b41cdec/antenna/tag/e2806894000040038662114f, 85
1652702741.628068, sdrt-health/mac:02010b41cdec/antenna/tag/e2806894000050038662154f, 85
1652702741.634358, sdrt-health/mac:02010b41cdec/antenna/tag/e2806894000050038662154f, 88
1652702741.683972, sdrt-health/mac:02010b41cdec/antenna/tag/e28068940000400386621d4f, 90
1652702741.738319, sdrt-health/mac:02010b41cdec/antenna/tag/e28068940000500386620d4f, 83
1652702741.738546, sdrt-health/mac:02010b41cdec/antenna/tag/e28068940000400386621d4f, 96
1652702741.762032, sdrt-health/mac:02010b41cdec/antenna/tag/e28068940000500386620d4f, 83
1652702741.795666, sdrt-health/mac:02010b41cdec/antenna/tag/e2806894000040038662114f, 88
1652702741.795872, sdrt-health/mac:02010b41cdec/antenna/tag/e28068940000500386620d4f, 83
1652702741.812895, sdrt-health/mac:02010b41cdec/antenna/tag/e2806894000040038662114f, 88
1652702741.813118, sdrt-health/mac:02010b41cdec/antenna/tag/e2806894000050038662154f, 85
1652702741.844859, sdrt-health/mac:02010b41cdec/antenna/tag/e28068940000400386621d4f, 96
1652702741.881506, sdrt-health/mac:02010b41cdec/antenna/tag/e2806894000050038662154f, 93
1652702741.921632, sdrt-health/mac:02010b41cdec/antenna/tag/e28068940000400386621d4f, 77
1652702741.978653, sdrt-health/mac:02010b41cdec/antenna/tag/e28068940000500386620d4f, 83
1652702741.978897, sdrt-health/mac:02010b41cdec/antenna/tag/e2806894000050038662154f, 85
1652702742.005425, sdrt-health/mac:02010b41cdec/antenna/tag/e2806894000040038661f94f, 88
1652702742.058215, sdrt-health/mac:02010b41cdec/antenna/tag/e2806894000050038661fd4f, 83
1652702742.058435, sdrt-health/mac:02010b41cdec/antenna/tag/e2806894000050038661fd4f, 91
1652702742.082321, sdrt-health/mac:02010b41cdec/antenna/tag/e2806894000050038662154f, 93
1652702742.139768, sdrt-health/mac:02010b41cdec/antenna/tag/e28068940000400386621d4f, 96
1652702742.14004, sdrt-health/mac:02010b41cdec/antenna/tag/e2806894000050038661fd4f, 83
1652702742.157992, sdrt-health/mac:02010b41cdec/antenna/tag/e2806894000050038662154f, 88
1652702742.162242, sdrt-health/mac:02010b41cdec/antenna/tag/e2806894000050038661fd4f, 97
1652702742.174093, sdrt-health/mac:02010b41cdec/antenna/tag/e2806894000050038662154f, 88
1652702742.203728, sdrt-health/mac:02010b41cdec/antenna/tag/e2806894000050038662154f, 85
1652702742.241361, sdrt-health/mac:02010b41cdec/antenna/tag/e2806894000040038662114f, 93
1652702742.330576, sdrt-health/mac:02010b41cdec/antenna/tag/e2806894000050038661fd4f, 97
1652702742.331156, sdrt-health/mac:02010b41cdec/antenna/tag/e2806894000040038662114f, 85
1652702742.352971, sdrt-health/mac:02010b41cdec/antenna/tag/e28068940000400386621d4f, 77
1652702742.385771, sdrt-health/mac:02010b41cdec/antenna/tag/e2806894000050038662154f, 93
1652702742.386311, sdrt-health/mac:02010b41cdec/antenna/tag/e2806894000050038662154f, 93
1652702742.456111, sdrt-health/mac:02010b41cdec/antenna/tag/e2806894000040038662114f, 93
1652702742.501964, sdrt-health/mac:02010b41cdec/antenna/tag/e28068940000500386620d4f, 80
1652702742.552858, sdrt-health/mac:02010b41cdec/antenna/tag/e28068940000400386621d4f, 96
1652702742.591503, sdrt-health/mac:02010b41cdec/antenna/tag/e2806894000040038662114f, 85
1652702742.648458, sdrt-health/mac:02010b41cdec/antenna/tag/e2806894000050038661fd4f, 83
1652702742.648755, sdrt-health/mac:02010b41cdec/antenna/tag/e28068940000500386620d4f, 90
1652702742.671342, sdrt-health/mac:02010b41cdec/antenna/tag/e2806894000040038662114f, 85
1652702742.722471, sdrt-health/mac:02010b41cdec/antenna/tag/e28068940000500386620d4f, 90
1652702742.778904, sdrt-health/mac:02010b41cdec/antenna/tag/e2806894000050038662154f, 88
1652702742.779177, sdrt-health/mac:02010b41cdec/antenna/tag/e2806894000040038662114f, 88
1652702742.795067, sdrt-health/mac:02010b41cdec/antenna/tag/e2806894000050038661fd4f, 83
1652702742.795337, sdrt-health/mac:02010b41cdec/antenna/tag/e28068940000500386620d4f, 83
1652702742.80185, sdrt-health/mac:02010b41cdec/antenna/tag/e28068940000500386620d4f, 83
1652702742.841459, sdrt-health/mac:02010b41cdec/antenna/tag/e2806894000040038662114f, 85
1652702742.881637, sdrt-health/mac:02010b41cdec/antenna/tag/e28068940000400386621d4f, 77
1652702742.921965, sdrt-health/mac:02010b41cdec/antenna/tag/e28068940000500386620d4f, 83
1652702742.970472, sdrt-health/mac:02010b41cdec/antenna/tag/e2806894000040038662114f, 85
1652702743.016628, sdrt-health/mac:02010b41cdec/antenna/tag/e28068940000400386621d4f, 96
1652702743.078329, sdrt-health/mac:02010b41cdec/antenna/tag/e28068940000500386620d4f, 80
1652702743.078684, sdrt-health/mac:02010b41cdec/antenna/tag/e2806894000050038661fd4f, 97
1652702743.112428, sdrt-health/mac:02010b41cdec/antenna/tag/e28068940000500386620d4f, 83
1652702743.170605, sdrt-health/mac:02010b41cdec/antenna/tag/e2806894000050038661fd4f, 97
1652702743.17108, sdrt-health/mac:02010b41cdec/antenna/tag/e28068940000400386621d4f, 77
1652702743.187746, sdrt-health/mac:02010b41cdec/antenna/tag/e2806894000050038662154f, 88
1652702743.222615, sdrt-health/mac:02010b41cdec/antenna/tag/e2806894000050038662154f, 88
1652702743.222966, sdrt-health/mac:02010b41cdec/antenna/tag/e2806894000050038662154f, 93
1652702743.242664, sdrt-health/mac:02010b41cdec/antenna/tag/e2806894000050038662154f, 93
1652702743.307736, sdrt-health/mac:02010b41cdec/antenna/tag/e28068940000500386620d4f, 83
1652702743.308036, sdrt-health/mac:02010b41cdec/antenna/tag/e28068940000500386620d4f, 83
1652702743.323777, sdrt-health/mac:02010b41cdec/antenna/tag/e2806894000040038662114f, 93
1652702743.336707, sdrt-health/mac:02010b41cdec/antenna/tag/e28068940000500386620d4f, 90
1652702743.341336, sdrt-health/mac:02010b41cdec/antenna/tag/e2806894000040038662114f, 85
1652702743.38168, sdrt-health/mac:02010b41cdec/antenna/tag/e2806894000050038661fd4f, 91
1652702743.432161, sdrt-health/mac:02010b41cdec/antenna/tag/e2806894000050038662154f, 85
1652702743.4877, sdrt-health/mac:02010b41cdec/antenna/tag/e2806894000050038662154f, 93
1652702743.488032, sdrt-health/mac:02010b41cdec/antenna/tag/e2806894000050038662154f, 85
1652702743.521907, sdrt-health/mac:02010b41cdec/antenna/tag/e2806894000050038662154f, 85
1652702743.578445, sdrt-health/mac:02010b41cdec/antenna/tag/e2806894000050038662154f, 88
1652702743.578798, sdrt-health/mac:02010b41cdec/antenna/tag/e28068940000400386621d4f, 77
1652702743.594618, sdrt-health/mac:02010b41cdec/antenna/tag/e2806894000050038662154f, 85
1652702743.62777, sdrt-health/mac:02010b41cdec/antenna/tag/e28068940000400386621d4f, 77
1652702743.628198, sdrt-health/mac:02010b41cdec/antenna/tag/e28068940000500386620d4f, 83
1652702743.655729, sdrt-health/mac:02010b41cdec/antenna/tag/e28068940000400386621d4f, 96
1652702743.708282, sdrt-health/mac:02010b41cdec/antenna/tag/e28068940000400386621d4f, 96
1652702743.708544, sdrt-health/mac:02010b41cdec/antenna/tag/e28068940000400386621d4f, 96
1652702743.762756, sdrt-health/mac:02010b41cdec/antenna/tag/e2806894000050038661fd4f, 83
1652702743.861545, sdrt-health/mac:02010b41cdec/antenna/tag/e2806894000050038662194f, 94
1652702743.91207, sdrt-health/mac:02010b41cdec/antenna/tag/e28068940000400386621d4f, 77
1652702743.951534, sdrt-health/mac:02010b41cdec/antenna/tag/e2806894000050038661fd4f, 91
1652702744.019912, sdrt-health/mac:02010b41cdec/antenna/tag/e2806894000050038662154f, 93
1652702744.020198, sdrt-health/mac:02010b41cdec/antenna/tag/e2806894000050038662154f, 85
1652702744.041361, sdrt-health/mac:02010b41cdec/antenna/tag/e2806894000050038661fd4f, 83
1652702744.081712, sdrt-health/mac:02010b41cdec/antenna/tag/e2806894000050038661fd4f, 83
1652702744.122527, sdrt-health/mac:02010b41cdec/antenna/tag/e2806894000050038661fd4f, 97
1652702744.171215, sdrt-health/mac:02010b41cdec/antenna/tag/e28068940000500386620d4f, 83
1652702744.215698, sdrt-health/mac:02010b41cdec/antenna/tag/e2806894000040038662114f, 85
1652702744.279487, sdrt-health/mac:02010b41cdec/antenna/tag/e28068940000500386620d4f, 83
1652702744.279927, sdrt-health/mac:02010b41cdec/antenna/tag/e28068940000500386620d4f, 83
1652702744.296617, sdrt-health/mac:02010b41cdec/antenna/tag/e28068940000500386620d4f, 83
1652702744.311883, sdrt-health/mac:02010b41cdec/antenna/tag/e2806894000040038662114f, 88
1652702744.372791, sdrt-health/mac:02010b41cdec/antenna/tag/e28068940000400386621d4f, 96
1652702744.373027, sdrt-health/mac:02010b41cdec/antenna/tag/e2806894000040038662114f, 88
1652702744.404509, sdrt-health/mac:02010b41cdec/antenna/tag/e2806894000040038662114f, 88
1652702744.438956, sdrt-health/mac:02010b41cdec/antenna/tag/e2806894000050038661fd4f, 83
1652702744.43946, sdrt-health/mac:02010b41cdec/antenna/tag/e28068940000500386620d4f, 83
1652702744.457098, sdrt-health/mac:02010b41cdec/antenna/tag/e2806894000050038661fd4f, 91
1652702744.492052, sdrt-health/mac:02010b41cdec/antenna/tag/e2806894000050038662154f, 93
1652702744.492262, sdrt-health/mac:02010b41cdec/antenna/tag/e2806894000050038662154f, 88
1652702744.507904, sdrt-health/mac:02010b41cdec/antenna/tag/e2806894000040038662214f, 88
1652702744.552624, sdrt-health/mac:02010b41cdec/antenna/tag/e2806894000040038661f94f, 81
1652702744.607183, sdrt-health/mac:02010b41cdec/antenna/tag/e2806894000050038662154f, 93
1652702744.607377, sdrt-health/mac:02010b41cdec/antenna/tag/e28068940000400386621d4f, 77
1652702744.622837, sdrt-health/mac:02010b41cdec/antenna/tag/e2806894000040038662214f, 81
1652702744.644982, sdrt-health/mac:02010b41cdec/antenna/tag/e2806894000050038662154f, 87
1652702744.695917, sdrt-health/mac:02010b41cdec/antenna/tag/e2806894000050038661fd4f, 91
1652702744.728195, sdrt-health/mac:02010b41cdec/antenna/tag/e2806894000040038662114f, 88
1652702744.728406, sdrt-health/mac:02010b41cdec/antenna/tag/e2806894000040038662114f, 85
1652702744.776298, sdrt-health/mac:02010b41cdec/antenna/tag/e28068940000400386621d4f, 77
1652702744.821461, sdrt-health/mac:02010b41cdec/antenna/tag/e2806894000040038662114f, 85
1652702744.872958, sdrt-health/mac:02010b41cdec/antenna/tag/e28068940000500386620d4f, 90
1652702744.90513, sdrt-health/mac:02010b41cdec/antenna/tag/e2806894000050038662154f, 85
1652702744.905374, sdrt-health/mac:02010b41cdec/antenna/tag/e2806894000040038662114f, 88
1652702744.921632, sdrt-health/mac:02010b41cdec/antenna/tag/e2806894000040038662114f, 88
1652702744.921929, sdrt-health/mac:02010b41cdec/antenna/tag/e2806894000040038662114f, 91
1652702744.922117, sdrt-health/mac:02010b41cdec/antenna/tag/e28068940000500386620d4f, 80
1652702744.962435, sdrt-health/mac:02010b41cdec/antenna/tag/e2806894000050038662154f, 91
1652702745.000122, sdrt-health/mac:02010b41cdec/antenna/tag/e28068940000500386620d4f, 83
1652702745.000438, sdrt-health/mac:02010b41cdec/antenna/tag/e2806894000050038661fd4f, 97
1652702745.016405, sdrt-health/mac:02010b41cdec/antenna/tag/e28068940000400386621d4f, 96
1652702745.066098, sdrt-health/mac:02010b41cdec/antenna/tag/e28068940000400386621d4f, 77
1652702745.140671, sdrt-health/mac:02010b41cdec/antenna/tag/e2806894000040038662114f, 85
1652702745.1409, sdrt-health/mac:02010b41cdec/antenna/tag/e2806894000050038661fd4f, 91
1652702745.159777, sdrt-health/mac:02010b41cdec/antenna/tag/e2806894000050038662154f, 85
1652702745.159989, sdrt-health/mac:02010b41cdec/antenna/tag/e2806894000040038662114f, 87
1652702745.160134, sdrt-health/mac:02010b41cdec/antenna/tag/e2806894000050038662154f, 85
1652702745.161754, sdrt-health/mac:02010b41cdec/antenna/tag/e28068940000400386621d4f, 96
1652702745.175857, sdrt-health/mac:02010b41cdec/antenna/tag/e2806894000050038662154f, 85
1652702745.213335, sdrt-health/mac:02010b41cdec/antenna/tag/e2806894000050038661fd4f, 83
1652702745.287601, sdrt-health/mac:02010b41cdec/antenna/tag/e28068940000500386620d4f, 90
1652702745.287809, sdrt-health/mac:02010b41cdec/antenna/tag/e28068940000500386620d4f, 83
1652702745.313412, sdrt-health/mac:02010b41cdec/antenna/tag/e28068940000500386620d4f, 83
1652702745.348818, sdrt-health/mac:02010b41cdec/antenna/tag/e2806894000050038662154f, 85
1652702745.349013, sdrt-health/mac:02010b41cdec/antenna/tag/e2806894000040038662114f, 85
1652702745.36954, sdrt-health/mac:02010b41cdec/antenna/tag/e28068940000400386621d4f, 96
1652702745.403085, sdrt-health/mac:02010b41cdec/antenna/tag/e2806894000050038662154f, 85
1652702745.403296, sdrt-health/mac:02010b41cdec/antenna/tag/e28068940000400386621d4f, 96
1652702745.42853, sdrt-health/mac:02010b41cdec/antenna/tag/e28068940000400386621d4f, 77
1652702745.487179, sdrt-health/mac:02010b41cdec/antenna/tag/e2806894000050038661fd4f, 91
1652702745.487375, sdrt-health/mac:02010b41cdec/antenna/tag/e2806894000050038662154f, 85
1652702745.561735, sdrt-health/mac:02010b41cdec/antenna/tag/e2806894000050038661fd4f, 97
1652702745.603076, sdrt-health/mac:02010b41cdec/antenna/tag/e2806894000050038662154f, 88
1652702745.679469, sdrt-health/mac:02010b41cdec/antenna/tag/e28068940000400386621d4f, 96
1652702745.752429, sdrt-health/mac:02010b41cdec/antenna/tag/e28068940000400386621d4f, 96
1652702745.75268, sdrt-health/mac:02010b41cdec/antenna/tag/e2806894000050038662154f, 85
1652702745.769806, sdrt-health/mac:02010b41cdec/antenna/tag/e2806894000050038661fd4f, 83
1652702745.791784, sdrt-health/mac:02010b41cdec/antenna/tag/e28068940000500386620d4f, 83
1652702745.850539, sdrt-health/mac:02010b41cdec/antenna/tag/e2806894000050038662154f, 85
1652702745.913312, sdrt-health/mac:02010b41cdec/antenna/tag/e2806894000050038662154f, 93
1652702745.913532, sdrt-health/mac:02010b41cdec/antenna/tag/e28068940000400386621d4f, 96
1652702745.931026, sdrt-health/mac:02010b41cdec/antenna/tag/e2806894000050038662154f, 93
1652702745.931234, sdrt-health/mac:02010b41cdec/antenna/tag/e28068940000500386620d4f, 83
1652702745.942436, sdrt-health/mac:02010b41cdec/antenna/tag/e28068940000500386620d4f, 83
1652702745.948936, sdrt-health/mac:02010b41cdec/antenna/tag/e2806894000050038662154f, 85
1652702745.991874, sdrt-health/mac:02010b41cdec/antenna/tag/e2806894000050038662154f, 85
1652702746.053266, sdrt-health/mac:02010b41cdec/antenna/tag/e2806894000040038662114f, 85
1652702746.053741, sdrt-health/mac:02010b41cdec/antenna/tag/e2806894000050038662154f, 85
1652702746.070749, sdrt-health/mac:02010b41cdec/antenna/tag/e2806894000050038661fd4f, 91
1652702746.082954, sdrt-health/mac:02010b41cdec/antenna/tag/e2806894000050038661fd4f, 97
1652702746.122053, sdrt-health/mac:02010b41cdec/antenna/tag/e2806894000040038662114f, 93
1652702746.187554, sdrt-health/mac:02010b41cdec/antenna/tag/e2806894000050038662154f, 85
1652702746.187809, sdrt-health/mac:02010b41cdec/antenna/tag/e2806894000050038661fd4f, 91
1652702746.225043, sdrt-health/mac:02010b41cdec/antenna/tag/e2806894000050038661fd4f, 97
1652702746.281652, sdrt-health/mac:02010b41cdec/antenna/tag/e2806894000040038662114f, 83
1652702746.282059, sdrt-health/mac:02010b41cdec/antenna/tag/e2806894000040038662114f, 85
1652702746.296813, sdrt-health/mac:02010b41cdec/antenna/tag/e28068940000400386621d4f, 77
1652702746.297139, sdrt-health/mac:02010b41cdec/antenna/tag/e28068940000400386621d4f, 96
1652702746.297294, sdrt-health/mac:02010b41cdec/antenna/tag/e2806894000050038661fd4f, 91
1652702746.342065, sdrt-health/mac:02010b41cdec/antenna/tag/e2806894000050038661fd4f, 91
1652702746.392088, sdrt-health/mac:02010b41cdec/antenna/tag/e28068940000400386621d4f, 96
1652702746.44803, sdrt-health/mac:02010b41cdec/antenna/tag/e28068940000400386621d4f, 96
1652702746.44825, sdrt-health/mac:02010b41cdec/antenna/tag/e2806894000050038661fd4f, 91
1652702746.482151, sdrt-health/mac:02010b41cdec/antenna/tag/e2806894000050038661fd4f, 83
1652702746.517493, sdrt-health/mac:02010b41cdec/antenna/tag/e2806894000050038661fd4f, 97
1652702746.517839, sdrt-health/mac:02010b41cdec/antenna/tag/e28068940000500386620d4f, 83
1652702746.547325, sdrt-health/mac:02010b41cdec/antenna/tag/e2806894000050038661fd4f, 83
1652702746.616223, sdrt-health/mac:02010b41cdec/antenna/tag/e2806894000050038662154f, 88
1652702746.653468, sdrt-health/mac:02010b41cdec/antenna/tag/e28068940000400386621d4f, 96
1652702746.717064, sdrt-health/mac:02010b41cdec/antenna/tag/e28068940000500386620d4f, 83
1652702746.76288, sdrt-health/mac:02010b41cdec/antenna/tag/e28068940000500386620d4f, 83
1652702746.795343, sdrt-health/mac:02010b41cdec/antenna/tag/e2806894000050038662154f, 88
1652702746.79557, sdrt-health/mac:02010b41cdec/antenna/tag/e28068940000500386620d4f, 83
1652702746.819418, sdrt-health/mac:02010b41cdec/antenna/tag/e2806894000040038662114f, 88
1652702746.905222, sdrt-health/mac:02010b41cdec/antenna/tag/e28068940000400386621d4f, 96
1652702746.9057, sdrt-health/mac:02010b41cdec/antenna/tag/e28068940000400386621d4f, 96
1652702746.936554, sdrt-health/mac:02010b41cdec/antenna/tag/e28068940000400386621d4f, 96
1652702746.967475, sdrt-health/mac:02010b41cdec/antenna/tag/e28068940000500386620d4f, 83
1652702746.967813, sdrt-health/mac:02010b41cdec/antenna/tag/e2806894000040038662114f, 85
1652702746.968042, sdrt-health/mac:02010b41cdec/antenna/tag/e28068940000500386620d4f, 83
1652702746.983596, sdrt-health/mac:02010b41cdec/antenna/tag/e2806894000040038662114f, 93
1652702746.983946, sdrt-health/mac:02010b41cdec/antenna/tag/e28068940000500386620d4f, 83
1652702747.030952, sdrt-health/mac:02010b41cdec/antenna/tag/e2806894000040038662114f, 85
1652702747.071414, sdrt-health/mac:02010b41cdec/antenna/tag/e2806894000050038662154f, 93
1652702747.137415, sdrt-health/mac:02010b41cdec/antenna/tag/e2806894000050038662194f, 84
1652702747.137637, sdrt-health/mac:02010b41cdec/antenna/tag/e2806894000040038662114f, 93
1652702747.160998, sdrt-health/mac:02010b41cdec/antenna/tag/e2806894000050038661fd4f, 97
1652702747.200083, sdrt-health/mac:02010b41cdec/antenna/tag/e28068940000500386620d4f, 83
1652702747.256839, sdrt-health/mac:02010b41cdec/antenna/tag/e2806894000050038661fd4f, 97
1652702747.257149, sdrt-health/mac:02010b41cdec/antenna/tag/e2806894000040038662114f, 85
1652702747.281345, sdrt-health/mac:02010b41cdec/antenna/tag/e2806894000050038662194f, 81
1652702747.336727, sdrt-health/mac:02010b41cdec/antenna/tag/e2806894000050038661fd4f, 83
1652702747.336963, sdrt-health/mac:02010b41cdec/antenna/tag/e2806894000050038662194f, 88
1652702747.352414, sdrt-health/mac:02010b41cdec/antenna/tag/e28068940000500386620d4f, 90
1652702747.361807, sdrt-health/mac:02010b41cdec/antenna/tag/e2806894000050038662154f, 85
1652702747.40292, sdrt-health/mac:02010b41cdec/antenna/tag/e2806894000050038662154f, 85
1652702747.440758, sdrt-health/mac:02010b41cdec/antenna/tag/e2806894000050038661fd4f, 91
1652702747.497599, sdrt-health/mac:02010b41cdec/antenna/tag/e2806894000050038661fd4f, 83
1652702747.54238, sdrt-health/mac:02010b41cdec/antenna/tag/e2806894000050038661fd4f, 91
1652702747.592864, sdrt-health/mac:02010b41cdec/antenna/tag/e2806894000050038662154f, 85
1652702747.630772, sdrt-health/mac:02010b41cdec/antenna/tag/e28068940000400386621d4f, 96
1652702747.681104, sdrt-health/mac:02010b41cdec/antenna/tag/e2806894000040038662114f, 85
1652702747.74016, sdrt-health/mac:02010b41cdec/antenna/tag/e2806894000050038662154f, 85
1652702747.740356, sdrt-health/mac:02010b41cdec/antenna/tag/e28068940000500386620d4f, 83
1652702747.755857, sdrt-health/mac:02010b41cdec/antenna/tag/e2806894000040038662114f, 85
1652702747.762065, sdrt-health/mac:02010b41cdec/antenna/tag/e28068940000500386620d4f, 83
1652702747.803104, sdrt-health/mac:02010b41cdec/antenna/tag/e2806894000050038662154f, 85
1652702747.841389, sdrt-health/mac:02010b41cdec/antenna/tag/e2806894000050038662154f, 85
1652702747.881575, sdrt-health/mac:02010b41cdec/antenna/tag/e2806894000040038662214f, 84
1652702747.921324, sdrt-health/mac:02010b41cdec/antenna/tag/e28068940000500386620d4f, 83
1652702748.000704, sdrt-health/mac:02010b41cdec/antenna/tag/e2806894000040038662114f, 93
1652702748.041897, sdrt-health/mac:02010b41cdec/antenna/tag/e2806894000040038662114f, 85
1652702748.080735, sdrt-health/mac:02010b41cdec/antenna/tag/e2806894000050038662154f, 85
1652702748.136242, sdrt-health/mac:02010b41cdec/antenna/tag/e2806894000050038662154f, 85
1652702748.196346, sdrt-health/mac:02010b41cdec/antenna/tag/e28068940000500386620d4f, 90
1652702748.196664, sdrt-health/mac:02010b41cdec/antenna/tag/e2806894000040038662114f, 88
1652702748.213867, sdrt-health/mac:02010b41cdec/antenna/tag/e2806894000050038662154f, 85
1652702748.232526, sdrt-health/mac:02010b41cdec/antenna/tag/e28068940000400386621d4f, 90
1652702748.272311, sdrt-health/mac:02010b41cdec/antenna/tag/e2806894000040038662114f, 88
1652702748.322184, sdrt-health/mac:02010b41cdec/antenna/tag/e28068940000500386620d4f, 90
1652702748.376959, sdrt-health/mac:02010b41cdec/antenna/tag/e2806894000040038662114f, 88
1652702748.377408, sdrt-health/mac:02010b41cdec/antenna/tag/e2806894000050038662154f, 85
1652702748.401248, sdrt-health/mac:02010b41cdec/antenna/tag/e2806894000050038662154f, 87
1652702748.441111, sdrt-health/mac:02010b41cdec/antenna/tag/e2806894000040038662214f, 81
1652702748.481391, sdrt-health/mac:02010b41cdec/antenna/tag/e2806894000050038662154f, 85
1652702748.579035, sdrt-health/mac:02010b41cdec/antenna/tag/e2806894000040038662214f, 84
1652702748.579326, sdrt-health/mac:02010b41cdec/antenna/tag/e2806894000050038661fd4f, 97
1652702748.603997, sdrt-health/mac:02010b41cdec/antenna/tag/e2806894000050038662154f, 88
1652702748.642672, sdrt-health/mac:02010b41cdec/antenna/tag/e28068940000500386620d4f, 83
1652702748.682188, sdrt-health/mac:02010b41cdec/antenna/tag/e28068940000500386620d4f, 80
1652702748.727837, sdrt-health/mac:02010b41cdec/antenna/tag/e28068940000400386621d4f, 96
1652702748.776132, sdrt-health/mac:02010b41cdec/antenna/tag/e2806894000040038662114f, 83
1652702748.83889, sdrt-health/mac:02010b41cdec/antenna/tag/e2806894000040038662114f, 93
1652702748.839135, sdrt-health/mac:02010b41cdec/antenna/tag/e2806894000040038662114f, 93
1652702748.85502, sdrt-health/mac:02010b41cdec/antenna/tag/e2806894000050038661fd4f, 97
1652702748.88828, sdrt-health/mac:02010b41cdec/antenna/tag/e28068940000400386621d4f, 77
1652702748.888493, sdrt-health/mac:02010b41cdec/antenna/tag/e2806894000040038662214f, 82
1652702748.916906, sdrt-health/mac:02010b41cdec/antenna/tag/e28068940000500386620d4f, 83
1652702748.964498, sdrt-health/mac:02010b41cdec/antenna/tag/e2806894000040038662114f, 93
1652702748.998139, sdrt-health/mac:02010b41cdec/antenna/tag/e2806894000050038661fd4f, 97
1652702748.998442, sdrt-health/mac:02010b41cdec/antenna/tag/e28068940000400386621d4f, 77
1652702749.016717, sdrt-health/mac:02010b41cdec/antenna/tag/e28068940000400386621d4f, 96
1652702749.060789, sdrt-health/mac:02010b41cdec/antenna/tag/e2806894000050038662154f, 88
1652702749.128168, sdrt-health/mac:02010b41cdec/antenna/tag/e28068940000500386620d4f, 83
1652702749.128624, sdrt-health/mac:02010b41cdec/antenna/tag/e28068940000500386620d4f, 83
1652702749.145704, sdrt-health/mac:02010b41cdec/antenna/tag/e2806894000050038661fd4f, 97
1652702749.146309, sdrt-health/mac:02010b41cdec/antenna/tag/e28068940000500386620d4f, 83
1652702749.162412, sdrt-health/mac:02010b41cdec/antenna/tag/e28068940000400386621d4f, 96
1652702749.201449, sdrt-health/mac:02010b41cdec/antenna/tag/e2806894000050038662154f, 88
1652702749.257389, sdrt-health/mac:02010b41cdec/antenna/tag/e2806894000050038662154f, 88
1652702749.257837, sdrt-health/mac:02010b41cdec/antenna/tag/e2806894000050038662154f, 85
1652702749.273761, sdrt-health/mac:02010b41cdec/antenna/tag/e28068940000400386621d4f, 96
1652702749.281606, sdrt-health/mac:02010b41cdec/antenna/tag/e2806894000050038662154f, 88
1652702749.321207, sdrt-health/mac:02010b41cdec/antenna/tag/e2806894000050038661fd4f, 91
1652702749.378009, sdrt-health/mac:02010b41cdec/antenna/tag/e2806894000050038662154f, 85
1652702749.378537, sdrt-health/mac:02010b41cdec/antenna/tag/e2806894000040038662114f, 85
1652702749.378867, sdrt-health/mac:02010b41cdec/antenna/tag/e2806894000040038662114f, 88
1652702749.393742, sdrt-health/mac:02010b41cdec/antenna/tag/e2806894000050038661fd4f, 97
1652702749.402142, sdrt-health/mac:02010b41cdec/antenna/tag/e28068940000500386620d4f, 90
1652702749.409193, sdrt-health/mac:02010b41cdec/antenna/tag/e28068940000500386620d4f, 83
1652702749.441717, sdrt-health/mac:02010b41cdec/antenna/tag/e28068940000500386620d4f, 83
1652702749.480815, sdrt-health/mac:02010b41cdec/antenna/tag/e28068940000400386621d4f, 96
1652702749.521313, sdrt-health/mac:02010b41cdec/antenna/tag/e28068940000500386620d4f, 83
1652702749.561417, sdrt-health/mac:02010b41cdec/antenna/tag/e2806894000050038662154f, 88
1652702749.601272, sdrt-health/mac:02010b41cdec/antenna/tag/e28068940000400386621d4f, 96
1652702749.657113, sdrt-health/mac:02010b41cdec/antenna/tag/e2806894000050038662154f, 85
1652702749.657623, sdrt-health/mac:02010b41cdec/antenna/tag/e2806894000050038661fd4f, 83
1652702749.680946, sdrt-health/mac:02010b41cdec/antenna/tag/e2806894000050038662154f, 88
1652702749.737097, sdrt-health/mac:02010b41cdec/antenna/tag/e28068940000400386621d4f, 96
1652702749.737543, sdrt-health/mac:02010b41cdec/antenna/tag/e2806894000050038662154f, 93
1652702749.752468, sdrt-health/mac:02010b41cdec/antenna/tag/e28068940000400386621d4f, 77
1652702749.752864, sdrt-health/mac:02010b41cdec/antenna/tag/e2806894000050038662154f, 85
1652702749.760915, sdrt-health/mac:02010b41cdec/antenna/tag/e2806894000050038661fd4f, 91
1652702749.76912, sdrt-health/mac:02010b41cdec/antenna/tag/e28068940000400386621d4f, 77
1652702749.802103, sdrt-health/mac:02010b41cdec/antenna/tag/e28068940000500386620d4f, 90
1652702749.857902, sdrt-health/mac:02010b41cdec/antenna/tag/e2806894000050038661fd4f, 91
1652702749.858336, sdrt-health/mac:02010b41cdec/antenna/tag/e2806894000050038661fd4f, 91
1652702749.881248, sdrt-health/mac:02010b41cdec/antenna/tag/e2806894000050038661fd4f, 88
1652702750.072288, sdrt-health/mac:02010b41cdec/antenna/tag/scan, scan stopped
