1652702263.130857, sdrt-health/mac:02010b41cdec/antenna/power/set, {"power": 290}
1652702264.272523, sdrt-health/mac:02010b41cdec/antenna/power/set, 
1652702268.152763, sdrt-health/mac:02010b41cdec/antenna/tag/scan, {"time": 20000}
1652702268.494634, sdrt-health/mac:02010b41cdec/antenna/tag/e28068940000500386620d4f, 83
1652702268.562145, sdrt-health/mac:02010b41cdec/antenna/tag/e28068940000500386620d4f, 83
1652702268.602767, sdrt-health/mac:02010b41cdec/antenna/tag/e2806894000040038662214f, 82
1652702268.660825, sdrt-health/mac:02010b41cdec/antenna/tag/e2806894000050038662154f, 93
1652702268.71228, sdrt-health/mac:02010b41cdec/antenna/tag/e2806894000040038662114f, 87
1652702268.712709, sdrt-health/mac:02010b41cdec/antenna/tag/e28068940000500386620d4f, 83
1652702268.751799, sdrt-health/mac:02010b41cdec/antenna/tag/e28068940000400386621d4f, 96
1652702268.752305, sdrt-health/mac:02010b41cdec/antenna/tag/e2806894000040038662114f, 87
1652702268.803413, sdrt-health/mac:02010b41cdec/antenna/tag/e28068940000500386620d4f, 83
1652702268.843818, sdrt-health/mac:02010b41cdec/antenna/tag/e28068940000400386621d4f, 96
1652702268.898649, sdrt-health/mac:02010b41cdec/antenna/tag/e2806894000050038661fd4f, 97
1652702268.899113, sdrt-health/mac:02010b41cdec/antenna/tag/e28068940000500386620d4f, 83
1652702268.899488, sdrt-health/mac:02010b41cdec/antenna/tag/e28068940000500386620d4f, 80
1652702268.913965, sdrt-health/mac:02010b41cdec/antenna/tag/e2806894000050038661fd4f, 97
1652702268.946193, sdrt-health/mac:02010b41cdec/antenna/tag/e2806894000050038662154f, 88
1652702268.946418, sdrt-health/mac:02010b41cdec/antenna/tag/e2806894000050038662154f, 85
1652702268.982786, sdrt-health/mac:02010b41cdec/antenna/tag/e2806894000040038662214f, 84
1652702269.033092, sdrt-health/mac:02010b41cdec/antenna/tag/e2806894000040038661f94f, 94
1652702269.089038, sdrt-health/mac:02010b41cdec/antenna/tag/e28068940000400386621d4f, 77
1652702269.089356, sdrt-health/mac:02010b41cdec/antenna/tag/e2806894000050038662154f, 88
1652702269.124025, sdrt-health/mac:02010b41cdec/antenna/tag/e28068940000500386620d4f, 80
1652702269.17914, sdrt-health/mac:02010b41cdec/antenna/tag/e2806894000040038662114f, 93
1652702269.179359, sdrt-health/mac:02010b41cdec/antenna/tag/e28068940000500386620d4f, 83
1652702269.212366, sdrt-health/mac:02010b41cdec/antenna/tag/e2806894000050038662154f, 91
1652702269.292237, sdrt-health/mac:02010b41cdec/antenna/tag/e28068940000500386620d4f, 90
1652702269.29269, sdrt-health/mac:02010b41cdec/antenna/tag/e2806894000050038661fd4f, 83
1652702269.307571, sdrt-health/mac:02010b41cdec/antenna/tag/e2806894000040038662114f, 85
1652702269.307962, sdrt-health/mac:02010b41cdec/antenna/tag/e2806894000050038662154f, 88
1652702269.312122, sdrt-health/mac:02010b41cdec/antenna/tag/e2806894000050038661fd4f, 83
1652702269.322803, sdrt-health/mac:02010b41cdec/antenna/tag/e2806894000050038662154f, 88
1652702269.362531, sdrt-health/mac:02010b41cdec/antenna/tag/e2806894000040038662114f, 85
1652702269.36288, sdrt-health/mac:02010b41cdec/antenna/tag/e28068940000500386620d4f, 83
1652702269.406823, sdrt-health/mac:02010b41cdec/antenna/tag/e28068940000500386620d4f, 83
1652702269.467664, sdrt-health/mac:02010b41cdec/antenna/tag/e28068940000400386621d4f, 96
1652702269.468117, sdrt-health/mac:02010b41cdec/antenna/tag/e28068940000400386621d4f, 77
1652702269.508558, sdrt-health/mac:02010b41cdec/antenna/tag/e2806894000040038662114f, 85
1652702269.554126, sdrt-health/mac:02010b41cdec/antenna/tag/e2806894000050038662154f, 85
1652702269.661519, sdrt-health/mac:02010b41cdec/antenna/tag/e2806894000040038662114f, 93
1652702269.661973, sdrt-health/mac:02010b41cdec/antenna/tag/e28068940000400386621d4f, 96
1652702269.685041, sdrt-health/mac:02010b41cdec/antenna/tag/e2806894000050038661fd4f, 83
1652702269.71804, sdrt-health/mac:02010b41cdec/antenna/tag/e2806894000040038662114f, 85
1652702269.718304, sdrt-health/mac:02010b41cdec/antenna/tag/e2806894000050038661fd4f, 83
1652702269.718473, sdrt-health/mac:02010b41cdec/antenna/tag/e2806894000050038662154f, 88
1652702269.718644, sdrt-health/mac:02010b41cdec/antenna/tag/e2806894000040038662114f, 85
1652702269.734704, sdrt-health/mac:02010b41cdec/antenna/tag/e2806894000050038662154f, 88
1652702269.735006, sdrt-health/mac:02010b41cdec/antenna/tag/e2806894000040038662114f, 88
1652702269.769897, sdrt-health/mac:02010b41cdec/antenna/tag/e2806894000050038661fd4f, 97
1652702269.802091, sdrt-health/mac:02010b41cdec/antenna/tag/e28068940000500386620d4f, 83
1652702269.802391, sdrt-health/mac:02010b41cdec/antenna/tag/e28068940000400386621d4f, 90
1652702269.830059, sdrt-health/mac:02010b41cdec/antenna/tag/e2806894000050038662154f, 88
1652702269.890244, sdrt-health/mac:02010b41cdec/antenna/tag/e2806894000040038662114f, 85
1652702269.890734, sdrt-health/mac:02010b41cdec/antenna/tag/e2806894000040038662114f, 85
1652702269.924353, sdrt-health/mac:02010b41cdec/antenna/tag/e28068940000400386621d4f, 77
1652702269.977872, sdrt-health/mac:02010b41cdec/antenna/tag/e2806894000040038662114f, 85
1652702269.978354, sdrt-health/mac:02010b41cdec/antenna/tag/e28068940000500386620d4f, 83
1652702270.00284, sdrt-health/mac:02010b41cdec/antenna/tag/e28068940000500386620d4f, 90
1652702270.043874, sdrt-health/mac:02010b41cdec/antenna/tag/e2806894000040038662114f, 93
1652702270.074591, sdrt-health/mac:02010b41cdec/antenna/tag/e28068940000500386620d4f, 90
1652702270.074868, sdrt-health/mac:02010b41cdec/antenna/tag/e28068940000400386621d4f, 77
1652702270.112606, sdrt-health/mac:02010b41cdec/antenna/tag/e2806894000050038661fd4f, 91
1652702270.164327, sdrt-health/mac:02010b41cdec/antenna/tag/e2806894000050038661fd4f, 88
1652702270.203526, sdrt-health/mac:02010b41cdec/antenna/tag/e2806894000050038662154f, 85
1652702270.32405, sdrt-health/mac:02010b41cdec/antenna/tag/e28068940000400386621d4f, 90
1652702270.355483, sdrt-health/mac:02010b41cdec/antenna/tag/e2806894000040038662114f, 85
1652702270.355842, sdrt-health/mac:02010b41cdec/antenna/tag/e2806894000050038661fd4f, 83
1652702270.356056, sdrt-health/mac:02010b41cdec/antenna/tag/e28068940000500386620d4f, 83
1652702270.356265, sdrt-health/mac:02010b41cdec/antenna/tag/e28068940000500386620d4f, 83
1652702270.371927, sdrt-health/mac:02010b41cdec/antenna/tag/e28068940000500386620d4f, 83
1652702270.402257, sdrt-health/mac:02010b41cdec/antenna/tag/e2806894000050038661fd4f, 83
1652702270.443069, sdrt-health/mac:02010b41cdec/antenna/tag/e2806894000050038662154f, 85
1652702270.68189, sdrt-health/mac:02010b41cdec/antenna/tag/e2806894000050038661fd4f, 83
1652702270.725156, sdrt-health/mac:02010b41cdec/antenna/tag/e2806894000050038661fd4f, 97
1652702270.76067, sdrt-health/mac:02010b41cdec/antenna/tag/e2806894000050038662194f, 94
1652702270.761244, sdrt-health/mac:02010b41cdec/antenna/state, connected
1652702270.761783, sdrt-health/mac:02010b41cdec/fw, {"version":"1.8.1","model":"200","hash":"2f556501b58f1dad542af428d7928d18","timestamp":1652702267}
1652702270.762231, sdrt-health/mac:02010b41cdec/antenna/tag/e28068940000500386620d4f, 83
1652702270.77712, sdrt-health/mac:02010b41cdec/antenna/tag/e2806894000050038662154f, 85
1652702270.822809, sdrt-health/mac:02010b41cdec/antenna/tag/e28068940000400386621d4f, 90
1652702270.85179, sdrt-health/mac:02010b41cdec/antenna/tag/e28068940000500386620d4f, 90
1652702270.852006, sdrt-health/mac:02010b41cdec/antenna/tag/e28068940000400386621d4f, 96
1652702270.871465, sdrt-health/mac:02010b41cdec/antenna/tag/e28068940000400386621d4f, 90
1652702270.929182, sdrt-health/mac:02010b41cdec/antenna/tag/e28068940000500386620d4f, 83
1652702270.929643, sdrt-health/mac:02010b41cdec/antenna/tag/e28068940000400386621d4f, 96
1652702270.944785, sdrt-health/mac:02010b41cdec/antenna/tag/e28068940000500386620d4f, 83
1652702270.963754, sdrt-health/mac:02010b41cdec/antenna/tag/e2806894000050038662154f, 93
1652702271.019081, sdrt-health/mac:02010b41cdec/antenna/tag/e2806894000040038662114f, 85
1652702271.019519, sdrt-health/mac:02010b41cdec/antenna/tag/e2806894000050038662154f, 85
1652702271.04297, sdrt-health/mac:02010b41cdec/antenna/tag/e2806894000050038662154f, 83
1652702271.073595, sdrt-health/mac:02010b41cdec/antenna/tag/e2806894000050038661fd4f, 83
1652702271.073837, sdrt-health/mac:02010b41cdec/antenna/tag/e28068940000400386621d4f, 96
1652702271.088606, sdrt-health/mac:02010b41cdec/antenna/tag/e2806894000040038662114f, 87
1652702271.132795, sdrt-health/mac:02010b41cdec/antenna/tag/e28068940000400386621d4f, 77
1652702271.133103, sdrt-health/mac:02010b41cdec/antenna/version, 
1652702271.177874, sdrt-health/mac:02010b41cdec/antenna/tag/e2806894000040038662214f, 88
1652702271.246374, sdrt-health/mac:02010b41cdec/antenna/tag/e28068940000400386621d4f, 77
1652702271.246929, sdrt-health/mac:02010b41cdec/antenna/tag/e28068940000500386620d4f, 90
1652702271.261868, sdrt-health/mac:02010b41cdec/antenna/tag/e2806894000040038662114f, 93
1652702271.283699, sdrt-health/mac:02010b41cdec/antenna/tag/e2806894000040038662114f, 93
1652702271.314161, sdrt-health/mac:02010b41cdec/antenna/tag/e2806894000050038662154f, 85
1652702271.314604, sdrt-health/mac:02010b41cdec/antenna/tag/e28068940000400386621d4f, 77
1652702271.328233, sdrt-health/mac:02010b41cdec/antenna/tag/e2806894000050038661fd4f, 91
1652702271.363525, sdrt-health/mac:02010b41cdec/antenna/tag/e2806894000050038661fd4f, 97
1652702271.393891, sdrt-health/mac:02010b41cdec/antenna/tag/e28068940000500386620d4f, 90
1652702271.394419, sdrt-health/mac:02010b41cdec/antenna/tag/e2806894000050038661fd4f, 91
1652702271.411535, sdrt-health/mac:02010b41cdec/antenna/tag/e2806894000040038662114f, 85
1652702271.454761, sdrt-health/mac:02010b41cdec/antenna/tag/e2806894000040038662114f, 85
1652702271.496375, sdrt-health/mac:02010b41cdec/antenna/tag/e28068940000400386621d4f, 96
1652702271.54311, sdrt-health/mac:02010b41cdec/antenna/tag/e28068940000400386621d4f, 96
1652702271.593065, sdrt-health/mac:02010b41cdec/antenna/tag/e2806894000040038662114f, 83
1652702271.594099, sdrt-health/mac:02010b41cdec/antenna/tag/e2806894000050038662154f, 87
1652702271.632465, sdrt-health/mac:02010b41cdec/antenna/tag/e28068940000500386620d4f, 83
1652702271.683513, sdrt-health/mac:02010b41cdec/antenna/tag/e28068940000400386621d4f, 77
1652702271.722774, sdrt-health/mac:02010b41cdec/antenna/tag/e2806894000050038662154f, 85
1652702271.797286, sdrt-health/mac:02010b41cdec/antenna/tag/e2806894000050038661fd4f, 97
1652702271.797803, sdrt-health/mac:02010b41cdec/antenna/tag/e28068940000500386620d4f, 83
1652702271.811694, sdrt-health/mac:02010b41cdec/antenna/tag/e2806894000040038662114f, 88
1652702271.843133, sdrt-health/mac:02010b41cdec/antenna/tag/e28068940000400386621d4f, 96
1652702271.939797, sdrt-health/mac:02010b41cdec/antenna/tag/e2806894000050038661fd4f, 97
1652702271.940226, sdrt-health/mac:02010b41cdec/antenna/tag/e28068940000500386620d4f, 83
1652702272.057295, sdrt-health/mac:02010b41cdec/antenna/tag/e28068940000400386621d4f, 96
1652702272.089422, sdrt-health/mac:02010b41cdec/antenna/tag/e2806894000050038661fd4f, 83
1652702272.089763, sdrt-health/mac:02010b41cdec/antenna/tag/e2806894000040038662114f, 88
1652702272.090056, sdrt-health/mac:02010b41cdec/antenna/tag/e2806894000050038661fd4f, 83
1652702272.110638, sdrt-health/mac:02010b41cdec/antenna/tag/e2806894000050038662194f, 94
1652702272.147569, sdrt-health/mac:02010b41cdec/antenna/tag/e2806894000040038662114f, 85
1652702272.147873, sdrt-health/mac:02010b41cdec/antenna/tag/e2806894000050038662194f, 84
1652702272.178992, sdrt-health/mac:02010b41cdec/antenna/tag/e28068940000500386620d4f, 90
1652702272.250269, sdrt-health/mac:02010b41cdec/antenna/tag/e2806894000050038662194f, 84
1652702272.250783, sdrt-health/mac:02010b41cdec/antenna/tag/e2806894000040038662114f, 85
1652702272.272696, sdrt-health/mac:02010b41cdec/antenna/tag/e2806894000040038662114f, 88
1652702272.303913, sdrt-health/mac:02010b41cdec/antenna/tag/e28068940000400386621d4f, 96
1652702272.304152, sdrt-health/mac:02010b41cdec/antenna/tag/e2806894000050038662154f, 88
1652702272.304324, sdrt-health/mac:02010b41cdec/antenna/tag/e2806894000040038662114f, 85
1652702272.319643, sdrt-health/mac:02010b41cdec/antenna/tag/e2806894000040038662114f, 97
1652702272.362813, sdrt-health/mac:02010b41cdec/antenna/tag/e28068940000500386620d4f, 83
1652702272.416376, sdrt-health/mac:02010b41cdec/antenna/tag/e2806894000050038662154f, 88
1652702272.416945, sdrt-health/mac:02010b41cdec/antenna/tag/e2806894000050038662154f, 85
1652702272.457257, sdrt-health/mac:02010b41cdec/antenna/tag/e2806894000050038661fd4f, 97
1652702272.50423, sdrt-health/mac:02010b41cdec/antenna/tag/e2806894000050038661fd4f, 91
1652702272.535067, sdrt-health/mac:02010b41cdec/antenna/tag/e28068940000500386620d4f, 83
1652702272.535386, sdrt-health/mac:02010b41cdec/antenna/tag/e2806894000050038662154f, 85
1652702272.535641, sdrt-health/mac:02010b41cdec/antenna/tag/e2806894000040038662114f, 85
1652702272.569357, sdrt-health/mac:02010b41cdec/antenna/tag/e2806894000040038662114f, 85
1652702272.630317, sdrt-health/mac:02010b41cdec/antenna/tag/e28068940000400386621d4f, 96
1652702272.662094, sdrt-health/mac:02010b41cdec/antenna/tag/e2806894000040038662114f, 85
1652702272.662442, sdrt-health/mac:02010b41cdec/antenna/tag/e2806894000050038661fd4f, 97
1652702272.710132, sdrt-health/mac:02010b41cdec/antenna/tag/e2806894000040038662114f, 88
1652702272.778944, sdrt-health/mac:02010b41cdec/antenna/tag/e2806894000050038662154f, 85
1652702272.779447, sdrt-health/mac:02010b41cdec/antenna/tag/e2806894000050038661fd4f, 97
1652702272.796027, sdrt-health/mac:02010b41cdec/antenna/tag/e2806894000050038662194f, 94
1652702272.811288, sdrt-health/mac:02010b41cdec/antenna/tag/e28068940000500386620d4f, 90
1652702272.812414, sdrt-health/mac:02010b41cdec/antenna/tag/e28068940000500386620d4f, 83
1652702272.86858, sdrt-health/mac:02010b41cdec/antenna/tag/e28068940000500386620d4f, 83
1652702272.912982, sdrt-health/mac:02010b41cdec/antenna/tag/e2806894000040038662114f, 85
1652702272.915437, sdrt-health/mac:02010b41cdec/antenna/tag/e28068940000500386620d4f, 80
1652702272.985711, sdrt-health/mac:02010b41cdec/antenna/tag/e28068940000500386620d4f, 83
1652702272.986328, sdrt-health/mac:02010b41cdec/antenna/tag/e28068940000400386621d4f, 96
1652702273.016248, sdrt-health/mac:02010b41cdec/antenna/tag/e28068940000400386621d4f, 96
1652702273.045692, sdrt-health/mac:02010b41cdec/antenna/tag/e28068940000500386620d4f, 90
1652702273.046033, sdrt-health/mac:02010b41cdec/antenna/tag/e2806894000050038661fd4f, 91
1652702273.060892, sdrt-health/mac:02010b41cdec/antenna/tag/e28068940000500386620d4f, 83
1652702273.123017, sdrt-health/mac:02010b41cdec/antenna/tag/e28068940000400386621d4f, 96
1652702273.164387, sdrt-health/mac:02010b41cdec/antenna/tag/e2806894000050038661fd4f, 83
1652702273.203221, sdrt-health/mac:02010b41cdec/antenna/tag/e2806894000050038662154f, 88
1652702273.243981, sdrt-health/mac:02010b41cdec/antenna/tag/e2806894000050038661fd4f, 97
1652702273.278737, sdrt-health/mac:02010b41cdec/antenna/tag/e28068940000400386621d4f, 96
1652702273.279158, sdrt-health/mac:02010b41cdec/antenna/tag/e2806894000050038662154f, 88
1652702273.294628, sdrt-health/mac:02010b41cdec/antenna/tag/e2806894000040038662114f, 88
1652702273.322395, sdrt-health/mac:02010b41cdec/antenna/tag/e28068940000400386621d4f, 96
1652702273.376917, sdrt-health/mac:02010b41cdec/antenna/tag/e2806894000040038662114f, 91
1652702273.377311, sdrt-health/mac:02010b41cdec/antenna/tag/e28068940000500386620d4f, 83
1652702273.416391, sdrt-health/mac:02010b41cdec/antenna/tag/e2806894000050038661fd4f, 83
1652702273.452739, sdrt-health/mac:02010b41cdec/antenna/tag/e2806894000050038661fd4f, 83
1652702273.510843, sdrt-health/mac:02010b41cdec/antenna/tag/e28068940000400386621d4f, 96
1652702273.511371, sdrt-health/mac:02010b41cdec/antenna/tag/e28068940000500386620d4f, 80
1652702273.543129, sdrt-health/mac:02010b41cdec/antenna/tag/e28068940000400386621d4f, 96
1652702273.609916, sdrt-health/mac:02010b41cdec/antenna/tag/e2806894000050038661fd4f, 91
1652702273.610437, sdrt-health/mac:02010b41cdec/antenna/tag/e2806894000040038662114f, 85
1652702273.625169, sdrt-health/mac:02010b41cdec/antenna/tag/e2806894000050038662154f, 85
1652702273.655849, sdrt-health/mac:02010b41cdec/antenna/tag/e2806894000050038661fd4f, 91
1652702273.656181, sdrt-health/mac:02010b41cdec/antenna/tag/e28068940000400386621d4f, 77
1652702273.656389, sdrt-health/mac:02010b41cdec/antenna/tag/e2806894000050038661fd4f, 97
1652702273.657391, sdrt-health/mac:02010b41cdec/antenna/tag/e28068940000400386621d4f, 77
1652702273.682973, sdrt-health/mac:02010b41cdec/antenna/tag/e2806894000050038662194f, 94
1652702273.774859, sdrt-health/mac:02010b41cdec/antenna/tag/e2806894000040038662114f, 85
1652702273.816958, sdrt-health/mac:02010b41cdec/antenna/tag/e2806894000040038662114f, 93
1652702273.863753, sdrt-health/mac:02010b41cdec/antenna/tag/e28068940000400386621d4f, 96
1652702273.912718, sdrt-health/mac:02010b41cdec/antenna/tag/e2806894000050038661fd4f, 97
1652702273.94585, sdrt-health/mac:02010b41cdec/antenna/tag/e28068940000400386621d4f, 96
1652702273.946438, sdrt-health/mac:02010b41cdec/antenna/tag/e28068940000500386620d4f, 90
1652702273.963144, sdrt-health/mac:02010b41cdec/antenna/tag/e2806894000040038662114f, 91
1652702273.963481, sdrt-health/mac:02010b41cdec/antenna/tag/e2806894000050038662154f, 88
1652702273.963731, sdrt-health/mac:02010b41cdec/antenna/tag/e2806894000050038661fd4f, 83
1652702274.00228, sdrt-health/mac:02010b41cdec/antenna/tag/e2806894000040038662114f, 85
1652702274.042222, sdrt-health/mac:02010b41cdec/antenna/tag/e28068940000500386620d4f, 83
1652702274.073199, sdrt-health/mac:02010b41cdec/antenna/tag/e2806894000040038662114f, 93
1652702274.073432, sdrt-health/mac:02010b41cdec/antenna/tag/e28068940000400386621d4f, 96
1652702274.088518, sdrt-health/mac:02010b41cdec/antenna/tag/e2806894000050038662154f, 88
1652702274.125278, sdrt-health/mac:02010b41cdec/antenna/tag/e28068940000400386621d4f, 96
1652702274.169886, sdrt-health/mac:02010b41cdec/antenna/tag/e28068940000400386621d4f, 96
1652702274.217753, sdrt-health/mac:02010b41cdec/antenna/tag/e28068940000500386620d4f, 83
1652702274.279347, sdrt-health/mac:02010b41cdec/antenna/tag/e28068940000400386621d4f, 96
1652702274.279849, sdrt-health/mac:02010b41cdec/antenna/tag/e2806894000040038662114f, 93
1652702274.295395, sdrt-health/mac:02010b41cdec/antenna/tag/e2806894000040038662114f, 85
1652702274.312989, sdrt-health/mac:02010b41cdec/antenna/tag/e2806894000050038662154f, 88
1652702274.352, sdrt-health/mac:02010b41cdec/antenna/tag/e2806894000050038661fd4f, 83
1652702274.418454, sdrt-health/mac:02010b41cdec/antenna/tag/e28068940000400386621d4f, 96
1652702274.41891, sdrt-health/mac:02010b41cdec/antenna/tag/e28068940000400386621d4f, 96
1652702274.443332, sdrt-health/mac:02010b41cdec/antenna/tag/e2806894000040038662114f, 93
1652702274.483509, sdrt-health/mac:02010b41cdec/antenna/tag/e2806894000050038662154f, 85
1652702274.518336, sdrt-health/mac:02010b41cdec/antenna/tag/e2806894000050038661fd4f, 97
1652702274.518715, sdrt-health/mac:02010b41cdec/antenna/tag/e28068940000500386620d4f, 83
1652702274.553559, sdrt-health/mac:02010b41cdec/antenna/tag/e2806894000040038662214f, 88
1652702274.593732, sdrt-health/mac:02010b41cdec/antenna/tag/e2806894000040038661f94f, 88
1652702274.644336, sdrt-health/mac:02010b41cdec/antenna/tag/e2806894000040038662114f, 93
1652702274.683396, sdrt-health/mac:02010b41cdec/antenna/tag/e28068940000400386621d4f, 96
1652702274.722947, sdrt-health/mac:02010b41cdec/antenna/tag/e2806894000050038662154f, 88
1652702274.809444, sdrt-health/mac:02010b41cdec/antenna/tag/e28068940000500386620d4f, 83
1652702274.809976, sdrt-health/mac:02010b41cdec/antenna/tag/e2806894000040038662114f, 88
1652702274.833209, sdrt-health/mac:02010b41cdec/antenna/tag/e2806894000040038662114f, 88
1652702274.899595, sdrt-health/mac:02010b41cdec/antenna/tag/e28068940000400386621d4f, 96
1652702274.900134, sdrt-health/mac:02010b41cdec/antenna/tag/e2806894000040038662114f, 88
1652702274.91448, sdrt-health/mac:02010b41cdec/antenna/tag/e28068940000400386621d4f, 96
1652702274.914784, sdrt-health/mac:02010b41cdec/antenna/tag/e2806894000050038661fd4f, 83
1652702274.923239, sdrt-health/mac:02010b41cdec/antenna/tag/e2806894000050038661fd4f, 83
1652702274.929399, sdrt-health/mac:02010b41cdec/antenna/tag/e28068940000400386621d4f, 96
1652702274.962199, sdrt-health/mac:02010b41cdec/antenna/tag/e2806894000040038662114f, 88
1652702275.043675, sdrt-health/mac:02010b41cdec/antenna/tag/e2806894000040038662214f, 84
1652702275.083101, sdrt-health/mac:02010b41cdec/antenna/tag/e2806894000050038661fd4f, 97
1652702275.1233, sdrt-health/mac:02010b41cdec/antenna/tag/e2806894000040038661f94f, 88
1652702275.178366, sdrt-health/mac:02010b41cdec/antenna/tag/e2806894000050038662154f, 85
1652702275.17898, sdrt-health/mac:02010b41cdec/antenna/tag/e2806894000040038662114f, 93
1652702275.199021, sdrt-health/mac:02010b41cdec/antenna/tag/e28068940000500386620d4f, 80
1652702275.259779, sdrt-health/mac:02010b41cdec/antenna/tag/e2806894000050038661fd4f, 97
1652702275.260391, sdrt-health/mac:02010b41cdec/antenna/tag/e2806894000050038661fd4f, 97
1652702275.27462, sdrt-health/mac:02010b41cdec/antenna/tag/e28068940000500386620d4f, 83
1652702275.30235, sdrt-health/mac:02010b41cdec/antenna/tag/e28068940000500386620d4f, 83
1652702275.353111, sdrt-health/mac:02010b41cdec/antenna/tag/e2806894000040038662114f, 93
1652702275.416007, sdrt-health/mac:02010b41cdec/antenna/tag/e2806894000050038661fd4f, 97
1652702275.416315, sdrt-health/mac:02010b41cdec/antenna/tag/e2806894000050038662154f, 85
1652702275.451761, sdrt-health/mac:02010b41cdec/antenna/tag/e2806894000040038662214f, 88
1652702275.497315, sdrt-health/mac:02010b41cdec/antenna/tag/e2806894000040038661f94f, 81
1652702275.559267, sdrt-health/mac:02010b41cdec/antenna/tag/e2806894000050038662154f, 85
1652702275.559768, sdrt-health/mac:02010b41cdec/antenna/tag/e2806894000050038661fd4f, 88
1652702275.600296, sdrt-health/mac:02010b41cdec/antenna/tag/e2806894000050038662154f, 85
1652702275.660177, sdrt-health/mac:02010b41cdec/antenna/tag/e2806894000050038662154f, 88
1652702275.660852, sdrt-health/mac:02010b41cdec/antenna/tag/e2806894000050038662154f, 88
1652702275.702269, sdrt-health/mac:02010b41cdec/antenna/tag/e28068940000500386620d4f, 83
1652702275.753494, sdrt-health/mac:02010b41cdec/antenna/tag/e28068940000400386621d4f, 96
1652702275.808264, sdrt-health/mac:02010b41cdec/antenna/tag/e2806894000050038662154f, 88
1652702275.808694, sdrt-health/mac:02010b41cdec/antenna/tag/e2806894000050038661fd4f, 83
1652702275.823014, sdrt-health/mac:02010b41cdec/antenna/tag/e28068940000400386621d4f, 96
1652702275.844463, sdrt-health/mac:02010b41cdec/antenna/tag/e28068940000400386621d4f, 96
1652702275.896689, sdrt-health/mac:02010b41cdec/antenna/tag/e28068940000400386621d4f, 96
1652702275.949475, sdrt-health/mac:02010b41cdec/antenna/tag/e28068940000500386620d4f, 83
1652702275.949998, sdrt-health/mac:02010b41cdec/antenna/tag/e2806894000050038662154f, 88
1652702275.965001, sdrt-health/mac:02010b41cdec/antenna/tag/e2806894000040038662114f, 85
1652702275.993177, sdrt-health/mac:02010b41cdec/antenna/tag/e2806894000050038662154f, 93
1652702276.04985, sdrt-health/mac:02010b41cdec/antenna/tag/e2806894000040038662114f, 93
1652702276.050336, sdrt-health/mac:02010b41cdec/antenna/tag/e28068940000500386620d4f, 90
1652702276.067046, sdrt-health/mac:02010b41cdec/antenna/tag/e2806894000050038661fd4f, 97
1652702276.111427, sdrt-health/mac:02010b41cdec/antenna/tag/e2806894000040038662114f, 85
1652702276.112034, sdrt-health/mac:02010b41cdec/antenna/tag/e28068940000500386620d4f, 83
1652702276.155018, sdrt-health/mac:02010b41cdec/antenna/tag/e2806894000050038662154f, 88
1652702276.32293, sdrt-health/mac:02010b41cdec/antenna/tag/e2806894000050038661fd4f, 83
1652702276.354265, sdrt-health/mac:02010b41cdec/antenna/tag/e2806894000040038662114f, 85
1652702276.354551, sdrt-health/mac:02010b41cdec/antenna/tag/e2806894000050038661fd4f, 83
1652702276.35475, sdrt-health/mac:02010b41cdec/antenna/tag/e28068940000400386621d4f, 96
1652702276.354954, sdrt-health/mac:02010b41cdec/antenna/tag/e2806894000050038662154f, 88
1652702276.355144, sdrt-health/mac:02010b41cdec/antenna/tag/e2806894000050038661fd4f, 83
1652702276.355328, sdrt-health/mac:02010b41cdec/antenna/tag/e2806894000050038662154f, 85
1652702276.355513, sdrt-health/mac:02010b41cdec/antenna/tag/e28068940000500386620d4f, 90
1652702276.369075, sdrt-health/mac:02010b41cdec/antenna/tag/e28068940000500386620d4f, 83
1652702276.369297, sdrt-health/mac:02010b41cdec/antenna/tag/e28068940000400386621d4f, 77
1652702276.369957, sdrt-health/mac:02010b41cdec/antenna/tag/e2806894000050038661fd4f, 91
1652702276.402398, sdrt-health/mac:02010b41cdec/antenna/tag/e2806894000050038662154f, 93
1652702276.501875, sdrt-health/mac:02010b41cdec/antenna/tag/e28068940000500386620d4f, 83
1652702276.502358, sdrt-health/mac:02010b41cdec/antenna/tag/e28068940000500386620d4f, 90
1652702276.522682, sdrt-health/mac:02010b41cdec/antenna/tag/e28068940000400386621d4f, 77
1652702276.560856, sdrt-health/mac:02010b41cdec/antenna/tag/e2806894000050038661fd4f, 97
1652702276.561246, sdrt-health/mac:02010b41cdec/antenna/tag/e2806894000050038662154f, 85
1652702276.617003, sdrt-health/mac:02010b41cdec/antenna/tag/e28068940000400386621d4f, 96
1652702276.664055, sdrt-health/mac:02010b41cdec/antenna/tag/e28068940000500386620d4f, 80
1652702276.715046, sdrt-health/mac:02010b41cdec/antenna/tag/e28068940000500386620d4f, 80
1652702276.768057, sdrt-health/mac:02010b41cdec/antenna/tag/e2806894000050038662154f, 88
1652702276.768509, sdrt-health/mac:02010b41cdec/antenna/tag/e2806894000050038661fd4f, 97
1652702276.782915, sdrt-health/mac:02010b41cdec/antenna/tag/e2806894000040038662114f, 88
1652702276.818185, sdrt-health/mac:02010b41cdec/antenna/tag/e2806894000050038661fd4f, 97
1652702276.88913, sdrt-health/mac:02010b41cdec/antenna/tag/e2806894000050038661fd4f, 83
1652702276.889582, sdrt-health/mac:02010b41cdec/antenna/tag/e2806894000050038662194f, 94
1652702276.92147, sdrt-health/mac:02010b41cdec/antenna/tag/e2806894000050038662154f, 88
1652702276.971456, sdrt-health/mac:02010b41cdec/antenna/tag/e2806894000040038662114f, 88
1652702277.033374, sdrt-health/mac:02010b41cdec/antenna/tag/e28068940000400386621d4f, 96
1652702277.033966, sdrt-health/mac:02010b41cdec/antenna/tag/e28068940000400386621d4f, 77
1652702277.083241, sdrt-health/mac:02010b41cdec/antenna/tag/e2806894000040038662114f, 85
1652702277.150673, sdrt-health/mac:02010b41cdec/antenna/tag/e2806894000050038662154f, 85
1652702277.204023, sdrt-health/mac:02010b41cdec/antenna/tag/e28068940000400386621d4f, 96
1652702277.236458, sdrt-health/mac:02010b41cdec/antenna/tag/e2806894000050038661fd4f, 83
1652702277.236705, sdrt-health/mac:02010b41cdec/antenna/tag/e2806894000040038662114f, 88
1652702277.256674, sdrt-health/mac:02010b41cdec/antenna/tag/e2806894000050038661fd4f, 97
1652702277.302674, sdrt-health/mac:02010b41cdec/antenna/tag/e2806894000050038662154f, 85
1652702277.353103, sdrt-health/mac:02010b41cdec/antenna/tag/e2806894000050038661fd4f, 97
1652702277.395653, sdrt-health/mac:02010b41cdec/antenna/tag/e2806894000040038662114f, 88
1652702277.433537, sdrt-health/mac:02010b41cdec/antenna/tag/e28068940000500386620d4f, 90
1652702277.473211, sdrt-health/mac:02010b41cdec/antenna/tag/e2806894000050038662154f, 85
1652702277.521638, sdrt-health/mac:02010b41cdec/antenna/tag/e2806894000040038662114f, 93
1652702277.562449, sdrt-health/mac:02010b41cdec/antenna/tag/e2806894000050038662154f, 85
1652702277.610392, sdrt-health/mac:02010b41cdec/antenna/tag/e2806894000050038661fd4f, 91
1652702277.657138, sdrt-health/mac:02010b41cdec/antenna/tag/e28068940000500386620d4f, 83
1652702277.703351, sdrt-health/mac:02010b41cdec/antenna/tag/e2806894000050038661fd4f, 91
1652702277.752698, sdrt-health/mac:02010b41cdec/antenna/tag/e28068940000400386621d4f, 77
1652702277.807979, sdrt-health/mac:02010b41cdec/antenna/tag/e2806894000050038662154f, 85
1652702277.808223, sdrt-health/mac:02010b41cdec/antenna/tag/e2806894000050038661fd4f, 91
1652702277.823288, sdrt-health/mac:02010b41cdec/antenna/tag/e2806894000040038662114f, 85
1652702277.870732, sdrt-health/mac:02010b41cdec/antenna/tag/e2806894000040038662114f, 85
1652702277.918677, sdrt-health/mac:02010b41cdec/antenna/tag/e2806894000050038661fd4f, 91
1652702277.95194, sdrt-health/mac:02010b41cdec/antenna/tag/e2806894000040038662114f, 93
1652702278.002866, sdrt-health/mac:02010b41cdec/antenna/tag/e2806894000040038662114f, 93
1652702278.05705, sdrt-health/mac:02010b41cdec/antenna/tag/e28068940000500386620d4f, 83
1652702278.057239, sdrt-health/mac:02010b41cdec/antenna/tag/e28068940000400386621d4f, 96
1652702278.072392, sdrt-health/mac:02010b41cdec/antenna/tag/e28068940000500386620d4f, 83
1652702278.082305, sdrt-health/mac:02010b41cdec/antenna/tag/e28068940000500386620d4f, 90
1652702278.09023, sdrt-health/mac:02010b41cdec/antenna/tag/e2806894000040038662114f, 91
1652702278.123669, sdrt-health/mac:02010b41cdec/antenna/tag/e28068940000500386620d4f, 83
1652702278.178714, sdrt-health/mac:02010b41cdec/antenna/tag/e2806894000050038661fd4f, 97
1652702278.178953, sdrt-health/mac:02010b41cdec/antenna/tag/e2806894000050038661fd4f, 91
1652702278.216491, sdrt-health/mac:02010b41cdec/antenna/tag/e2806894000050038661fd4f, 91
1652702278.262135, sdrt-health/mac:02010b41cdec/antenna/tag/e28068940000500386620d4f, 90
1652702278.337237, sdrt-health/mac:02010b41cdec/antenna/tag/e2806894000040038662114f, 85
1652702278.337444, sdrt-health/mac:02010b41cdec/antenna/tag/e2806894000040038662114f, 85
1652702278.362427, sdrt-health/mac:02010b41cdec/antenna/tag/e28068940000400386621d4f, 96
1652702278.392622, sdrt-health/mac:02010b41cdec/antenna/tag/e2806894000050038661fd4f, 83
1652702278.392817, sdrt-health/mac:02010b41cdec/antenna/tag/e2806894000050038661fd4f, 83
1652702278.407312, sdrt-health/mac:02010b41cdec/antenna/tag/e28068940000400386621d4f, 96
1652702278.476098, sdrt-health/mac:02010b41cdec/antenna/tag/e28068940000500386620d4f, 83
1652702278.554107, sdrt-health/mac:02010b41cdec/antenna/tag/e28068940000400386621d4f, 96
1652702278.554362, sdrt-health/mac:02010b41cdec/antenna/tag/e28068940000400386621d4f, 96
1652702278.569644, sdrt-health/mac:02010b41cdec/antenna/tag/e2806894000050038662154f, 85
1652702278.582472, sdrt-health/mac:02010b41cdec/antenna/tag/e2806894000050038662194f, 88
1652702278.585276, sdrt-health/mac:02010b41cdec/antenna/tag/e2806894000040038662114f, 93
1652702278.585554, sdrt-health/mac:02010b41cdec/antenna/tag/e28068940000400386621d4f, 77
1652702278.632636, sdrt-health/mac:02010b41cdec/antenna/tag/e2806894000050038661fd4f, 88
1652702278.671626, sdrt-health/mac:02010b41cdec/antenna/tag/e2806894000040038662114f, 85
1652702278.713671, sdrt-health/mac:02010b41cdec/antenna/tag/e2806894000040038662114f, 85
1652702278.753175, sdrt-health/mac:02010b41cdec/antenna/tag/e28068940000500386620d4f, 83
1652702278.825342, sdrt-health/mac:02010b41cdec/antenna/tag/e2806894000050038662154f, 88
1652702278.825677, sdrt-health/mac:02010b41cdec/antenna/tag/e28068940000500386620d4f, 83
1652702278.868228, sdrt-health/mac:02010b41cdec/antenna/tag/e28068940000500386620d4f, 83
1652702278.954532, sdrt-health/mac:02010b41cdec/antenna/tag/e2806894000050038661fd4f, 97
1652702278.994372, sdrt-health/mac:02010b41cdec/antenna/tag/e28068940000500386620d4f, 83
1652702279.042674, sdrt-health/mac:02010b41cdec/antenna/tag/e2806894000050038662154f, 85
1652702279.113125, sdrt-health/mac:02010b41cdec/antenna/tag/e2806894000040038662114f, 85
1652702279.15253, sdrt-health/mac:02010b41cdec/antenna/tag/e28068940000400386621d4f, 96
1652702279.229038, sdrt-health/mac:02010b41cdec/antenna/tag/e2806894000040038662114f, 85
1652702279.229259, sdrt-health/mac:02010b41cdec/antenna/tag/e28068940000500386620d4f, 83
1652702279.257596, sdrt-health/mac:02010b41cdec/antenna/tag/e28068940000500386620d4f, 83
1652702279.317164, sdrt-health/mac:02010b41cdec/antenna/tag/e2806894000050038662154f, 93
1652702279.350162, sdrt-health/mac:02010b41cdec/antenna/tag/e2806894000050038662194f, 84
1652702279.350399, sdrt-health/mac:02010b41cdec/antenna/tag/e2806894000050038662154f, 87
1652702279.37294, sdrt-health/mac:02010b41cdec/antenna/tag/e2806894000040038662114f, 85
1652702279.430095, sdrt-health/mac:02010b41cdec/antenna/tag/e2806894000050038662154f, 91
1652702279.472335, sdrt-health/mac:02010b41cdec/antenna/tag/e2806894000040038662114f, 85
1652702279.512385, sdrt-health/mac:02010b41cdec/antenna/tag/e2806894000050038662154f, 93
1652702279.578095, sdrt-health/mac:02010b41cdec/antenna/tag/e2806894000050038662154f, 85
1652702279.578588, sdrt-health/mac:02010b41cdec/antenna/tag/e28068940000500386620d4f, 83
1652702279.593797, sdrt-health/mac:02010b41cdec/antenna/tag/e28068940000400386621d4f, 96
1652702279.602467, sdrt-health/mac:02010b41cdec/antenna/tag/e2806894000040038662114f, 85
1652702279.643367, sdrt-health/mac:02010b41cdec/antenna/tag/e2806894000050038661fd4f, 83
1652702279.69052, sdrt-health/mac:02010b41cdec/antenna/tag/e2806894000040038662114f, 93
1652702279.759329, sdrt-health/mac:02010b41cdec/antenna/tag/e2806894000050038662154f, 88
1652702279.759808, sdrt-health/mac:02010b41cdec/antenna/tag/e2806894000050038662154f, 88
1652702279.774209, sdrt-health/mac:02010b41cdec/antenna/tag/e2806894000040038662114f, 88
1652702279.784345, sdrt-health/mac:02010b41cdec/antenna/tag/e28068940000400386621d4f, 90
1652702279.789944, sdrt-health/mac:02010b41cdec/antenna/tag/e28068940000400386621d4f, 96
1652702279.833594, sdrt-health/mac:02010b41cdec/antenna/tag/e2806894000050038662154f, 85
1652702279.898686, sdrt-health/mac:02010b41cdec/antenna/tag/e2806894000050038661fd4f, 83
1652702279.89898, sdrt-health/mac:02010b41cdec/antenna/tag/e2806894000050038661fd4f, 83
1652702279.914004, sdrt-health/mac:02010b41cdec/antenna/tag/e2806894000050038662154f, 85
1652702279.922249, sdrt-health/mac:02010b41cdec/antenna/tag/e2806894000050038662154f, 85
1652702279.92998, sdrt-health/mac:02010b41cdec/antenna/tag/e28068940000500386620d4f, 83
1652702279.96196, sdrt-health/mac:02010b41cdec/antenna/tag/e2806894000050038662194f, 81
1652702280.016127, sdrt-health/mac:02010b41cdec/antenna/tag/e28068940000500386620d4f, 83
1652702280.059164, sdrt-health/mac:02010b41cdec/antenna/tag/e28068940000400386621d4f, 96
1652702280.059431, sdrt-health/mac:02010b41cdec/antenna/tag/e2806894000050038661fd4f, 91
1652702280.153003, sdrt-health/mac:02010b41cdec/antenna/tag/e28068940000500386620d4f, 83
1652702280.153258, sdrt-health/mac:02010b41cdec/antenna/tag/e28068940000500386620d4f, 83
1652702280.195581, sdrt-health/mac:02010b41cdec/antenna/tag/e28068940000400386621d4f, 77
1652702280.225454, sdrt-health/mac:02010b41cdec/antenna/tag/e2806894000050038662154f, 85
1652702280.225671, sdrt-health/mac:02010b41cdec/antenna/tag/e2806894000050038661fd4f, 97
1652702280.24067, sdrt-health/mac:02010b41cdec/antenna/tag/e2806894000050038662154f, 88
1652702280.273928, sdrt-health/mac:02010b41cdec/antenna/tag/e2806894000040038662114f, 87
1652702280.338519, sdrt-health/mac:02010b41cdec/antenna/tag/e28068940000500386620d4f, 83
1652702280.339087, sdrt-health/mac:02010b41cdec/antenna/tag/e28068940000500386620d4f, 80
1652702280.425509, sdrt-health/mac:02010b41cdec/antenna/tag/e2806894000050038662154f, 88
1652702280.483533, sdrt-health/mac:02010b41cdec/antenna/tag/e2806894000050038661fd4f, 97
1652702280.555885, sdrt-health/mac:02010b41cdec/antenna/tag/e28068940000400386621d4f, 96
1652702280.556212, sdrt-health/mac:02010b41cdec/antenna/tag/e2806894000050038662154f, 85
1652702280.556406, sdrt-health/mac:02010b41cdec/antenna/tag/e2806894000050038661fd4f, 97
1652702280.592174, sdrt-health/mac:02010b41cdec/antenna/tag/e28068940000500386620d4f, 83
1652702280.667538, sdrt-health/mac:02010b41cdec/antenna/tag/e2806894000050038662154f, 93
1652702280.667838, sdrt-health/mac:02010b41cdec/antenna/tag/e2806894000040038662114f, 85
1652702280.696468, sdrt-health/mac:02010b41cdec/antenna/tag/e2806894000040038662054f, 84
1652702280.768121, sdrt-health/mac:02010b41cdec/antenna/tag/e2806894000050038662154f, 88
1652702280.76836, sdrt-health/mac:02010b41cdec/antenna/tag/e2806894000040038662114f, 85
1652702280.783456, sdrt-health/mac:02010b41cdec/antenna/tag/e28068940000400386621d4f, 96
1652702280.819946, sdrt-health/mac:02010b41cdec/antenna/tag/e2806894000050038661fd4f, 83
1652702280.872075, sdrt-health/mac:02010b41cdec/antenna/tag/e28068940000400386621d4f, 90
1652702280.911837, sdrt-health/mac:02010b41cdec/antenna/tag/e28068940000400386621d4f, 90
1652702280.979459, sdrt-health/mac:02010b41cdec/antenna/tag/e2806894000050038662154f, 85
1652702280.979681, sdrt-health/mac:02010b41cdec/antenna/tag/e28068940000400386621d4f, 96
1652702280.979818, sdrt-health/mac:02010b41cdec/antenna/tag/e2806894000050038661fd4f, 91
1652702281.003003, sdrt-health/mac:02010b41cdec/antenna/tag/e2806894000050038662154f, 85
1652702281.0513, sdrt-health/mac:02010b41cdec/antenna/tag/e2806894000040038661f94f, 81
1652702281.051591, sdrt-health/mac:02010b41cdec/antenna/tag/e2806894000040038662214f, 88
1652702281.097187, sdrt-health/mac:02010b41cdec/antenna/tag/e28068940000500386620d4f, 83
1652702281.156002, sdrt-health/mac:02010b41cdec/antenna/tag/e28068940000400386621d4f, 96
1652702281.200662, sdrt-health/mac:02010b41cdec/antenna/tag/e2806894000050038662154f, 85
1652702281.256559, sdrt-health/mac:02010b41cdec/antenna/tag/e28068940000500386620d4f, 83
1652702281.307517, sdrt-health/mac:02010b41cdec/antenna/tag/e2806894000040038662114f, 85
1652702281.307739, sdrt-health/mac:02010b41cdec/antenna/tag/e2806894000050038661fd4f, 97
1652702281.321926, sdrt-health/mac:02010b41cdec/antenna/tag/e2806894000040038662114f, 88
1652702281.363619, sdrt-health/mac:02010b41cdec/antenna/tag/e2806894000050038661fd4f, 83
1652702281.363813, sdrt-health/mac:02010b41cdec/antenna/tag/e28068940000500386620d4f, 83
1652702281.393635, sdrt-health/mac:02010b41cdec/antenna/tag/e28068940000500386620d4f, 83
1652702281.432576, sdrt-health/mac:02010b41cdec/antenna/tag/e2806894000040038662114f, 91
1652702281.480759, sdrt-health/mac:02010b41cdec/antenna/tag/e28068940000400386621d4f, 96
1652702281.539365, sdrt-health/mac:02010b41cdec/antenna/tag/e2806894000050038662154f, 85
1652702281.539737, sdrt-health/mac:02010b41cdec/antenna/tag/e28068940000500386620d4f, 83
1652702281.563202, sdrt-health/mac:02010b41cdec/antenna/tag/e28068940000500386620d4f, 80
1652702281.563556, sdrt-health/mac:02010b41cdec/antenna/tag/e28068940000400386621d4f, 77
1652702281.579178, sdrt-health/mac:02010b41cdec/antenna/tag/e2806894000040038661f94f, 94
1652702281.623801, sdrt-health/mac:02010b41cdec/antenna/tag/e28068940000400386621d4f, 77
1652702281.673718, sdrt-health/mac:02010b41cdec/antenna/tag/e2806894000040038662214f, 88
1652702281.720982, sdrt-health/mac:02010b41cdec/antenna/tag/e2806894000050038662154f, 88
1652702281.783151, sdrt-health/mac:02010b41cdec/antenna/tag/e2806894000050038662154f, 88
1652702281.783483, sdrt-health/mac:02010b41cdec/antenna/tag/e2806894000040038662114f, 85
1652702281.799409, sdrt-health/mac:02010b41cdec/antenna/tag/e2806894000050038662154f, 85
1652702281.848236, sdrt-health/mac:02010b41cdec/antenna/tag/e2806894000040038662114f, 87
1652702281.84868, sdrt-health/mac:02010b41cdec/antenna/tag/e28068940000400386621d4f, 96
1652702281.880112, sdrt-health/mac:02010b41cdec/antenna/tag/e28068940000500386620d4f, 83
1652702281.949696, sdrt-health/mac:02010b41cdec/antenna/tag/e28068940000400386621d4f, 77
1652702281.950086, sdrt-health/mac:02010b41cdec/antenna/tag/e28068940000500386620d4f, 90
1652702281.998136, sdrt-health/mac:02010b41cdec/antenna/tag/e28068940000500386620d4f, 90
1652702282.044183, sdrt-health/mac:02010b41cdec/antenna/tag/e28068940000400386621d4f, 77
1652702282.097013, sdrt-health/mac:02010b41cdec/antenna/tag/e2806894000040038662114f, 93
1652702282.097433, sdrt-health/mac:02010b41cdec/antenna/tag/e28068940000400386621d4f, 96
1652702282.123341, sdrt-health/mac:02010b41cdec/antenna/tag/e2806894000050038661fd4f, 97
1652702282.179706, sdrt-health/mac:02010b41cdec/antenna/tag/e2806894000050038662154f, 85
1652702282.180173, sdrt-health/mac:02010b41cdec/antenna/tag/e2806894000040038662114f, 85
1652702282.195124, sdrt-health/mac:02010b41cdec/antenna/tag/e28068940000400386621d4f, 96
1652702282.195691, sdrt-health/mac:02010b41cdec/antenna/tag/e2806894000050038661fd4f, 83
1652702282.242031, sdrt-health/mac:02010b41cdec/antenna/tag/e2806894000050038662154f, 85
1652702282.297828, sdrt-health/mac:02010b41cdec/antenna/tag/e2806894000050038662154f, 85
1652702282.298029, sdrt-health/mac:02010b41cdec/antenna/tag/e28068940000400386621d4f, 96
1652702282.322191, sdrt-health/mac:02010b41cdec/antenna/tag/e2806894000050038662154f, 88
1652702282.376479, sdrt-health/mac:02010b41cdec/antenna/tag/e28068940000400386621d4f, 96
1652702282.428058, sdrt-health/mac:02010b41cdec/antenna/tag/e2806894000050038662154f, 88
1652702282.428341, sdrt-health/mac:02010b41cdec/antenna/tag/e2806894000050038662154f, 88
1652702282.45839, sdrt-health/mac:02010b41cdec/antenna/tag/e2806894000040038662114f, 93
1652702282.504851, sdrt-health/mac:02010b41cdec/antenna/tag/e2806894000050038661fd4f, 91
1652702282.552535, sdrt-health/mac:02010b41cdec/antenna/tag/e2806894000040038662114f, 85
1652702282.582789, sdrt-health/mac:02010b41cdec/antenna/tag/e28068940000500386620d4f, 90
1652702282.582978, sdrt-health/mac:02010b41cdec/antenna/tag/e28068940000400386621d4f, 77
1652702282.583111, sdrt-health/mac:02010b41cdec/antenna/tag/e2806894000040038662114f, 93
1652702282.60264, sdrt-health/mac:02010b41cdec/antenna/tag/e28068940000500386620d4f, 83
1652702282.670783, sdrt-health/mac:02010b41cdec/antenna/tag/e2806894000050038661fd4f, 83
1652702282.72473, sdrt-health/mac:02010b41cdec/antenna/tag/e2806894000040038662114f, 88
1652702282.761573, sdrt-health/mac:02010b41cdec/antenna/tag/e2806894000050038661fd4f, 97
1652702282.802471, sdrt-health/mac:02010b41cdec/antenna/tag/e28068940000500386620d4f, 83
1652702282.873517, sdrt-health/mac:02010b41cdec/antenna/tag/e2806894000050038662154f, 88
1652702282.873787, sdrt-health/mac:02010b41cdec/antenna/tag/e2806894000040038662114f, 85
1652702282.906401, sdrt-health/mac:02010b41cdec/antenna/tag/e28068940000400386621d4f, 77
1652702282.95399, sdrt-health/mac:02010b41cdec/antenna/tag/e28068940000400386621d4f, 77
1652702282.983381, sdrt-health/mac:02010b41cdec/antenna/tag/e2806894000050038662154f, 93
1652702282.983589, sdrt-health/mac:02010b41cdec/antenna/tag/e2806894000050038661fd4f, 97
1652702283.032983, sdrt-health/mac:02010b41cdec/antenna/tag/e2806894000040038662114f, 85
1652702283.104762, sdrt-health/mac:02010b41cdec/antenna/tag/e28068940000500386620d4f, 83
1652702283.136613, sdrt-health/mac:02010b41cdec/antenna/tag/e2806894000050038661fd4f, 91
1652702283.13698, sdrt-health/mac:02010b41cdec/antenna/tag/e28068940000500386620d4f, 83
1652702283.151547, sdrt-health/mac:02010b41cdec/antenna/tag/e2806894000040038662114f, 85
1652702283.151739, sdrt-health/mac:02010b41cdec/antenna/tag/e28068940000500386620d4f, 83
1652702283.151856, sdrt-health/mac:02010b41cdec/antenna/tag/e2806894000040038662114f, 88
1652702283.257935, sdrt-health/mac:02010b41cdec/antenna/tag/e28068940000500386620d4f, 83
1652702283.324119, sdrt-health/mac:02010b41cdec/antenna/tag/e2806894000050038662154f, 85
1652702283.324459, sdrt-health/mac:02010b41cdec/antenna/tag/e2806894000050038662154f, 85
1652702283.338998, sdrt-health/mac:02010b41cdec/antenna/tag/e2806894000050038661fd4f, 97
1652702283.339397, sdrt-health/mac:02010b41cdec/antenna/tag/e2806894000040038662114f, 85
1652702283.339675, sdrt-health/mac:02010b41cdec/antenna/tag/e28068940000400386621d4f, 96
1652702283.339942, sdrt-health/mac:02010b41cdec/antenna/tag/e2806894000050038661fd4f, 83
1652702283.364825, sdrt-health/mac:02010b41cdec/antenna/tag/e2806894000050038662154f, 85
1652702283.405494, sdrt-health/mac:02010b41cdec/antenna/tag/e2806894000050038661fd4f, 83
1652702283.453244, sdrt-health/mac:02010b41cdec/antenna/tag/e2806894000050038661fd4f, 83
1652702283.524562, sdrt-health/mac:02010b41cdec/antenna/tag/e2806894000050038661fd4f, 97
1652702283.524811, sdrt-health/mac:02010b41cdec/antenna/tag/e28068940000500386620d4f, 83
1652702283.539056, sdrt-health/mac:02010b41cdec/antenna/tag/e2806894000050038662194f, 81
1652702283.579841, sdrt-health/mac:02010b41cdec/antenna/tag/e2806894000050038662154f, 85
1652702283.610078, sdrt-health/mac:02010b41cdec/antenna/tag/e2806894000050038661fd4f, 91
1652702283.610439, sdrt-health/mac:02010b41cdec/antenna/tag/e28068940000500386620d4f, 90
1652702283.625758, sdrt-health/mac:02010b41cdec/antenna/tag/e28068940000500386620d4f, 83
1652702283.681141, sdrt-health/mac:02010b41cdec/antenna/tag/e2806894000050038662194f, 81
1652702283.681487, sdrt-health/mac:02010b41cdec/antenna/tag/e2806894000040038662114f, 88
1652702283.696437, sdrt-health/mac:02010b41cdec/antenna/tag/e28068940000400386621d4f, 96
1652702283.723386, sdrt-health/mac:02010b41cdec/antenna/tag/e2806894000050038661fd4f, 83
1652702283.795386, sdrt-health/mac:02010b41cdec/antenna/tag/e28068940000400386621d4f, 90
1652702283.795791, sdrt-health/mac:02010b41cdec/antenna/tag/e2806894000050038661fd4f, 97
1652702283.899253, sdrt-health/mac:02010b41cdec/antenna/tag/e28068940000500386620d4f, 83
1652702283.96424, sdrt-health/mac:02010b41cdec/antenna/tag/e2806894000050038661fd4f, 97
1652702283.994043, sdrt-health/mac:02010b41cdec/antenna/tag/e28068940000500386620d4f, 90
1652702283.99425, sdrt-health/mac:02010b41cdec/antenna/tag/e2806894000050038662154f, 93
1652702284.023442, sdrt-health/mac:02010b41cdec/antenna/tag/e28068940000400386621d4f, 96
1652702284.071061, sdrt-health/mac:02010b41cdec/antenna/tag/e28068940000400386621d4f, 96
1652702284.127887, sdrt-health/mac:02010b41cdec/antenna/tag/e28068940000500386620d4f, 83
1652702284.128177, sdrt-health/mac:02010b41cdec/antenna/tag/e28068940000500386620d4f, 83
1652702284.171323, sdrt-health/mac:02010b41cdec/antenna/tag/e28068940000500386620d4f, 83
1652702284.254908, sdrt-health/mac:02010b41cdec/antenna/tag/e2806894000040038662214f, 94
1652702284.255285, sdrt-health/mac:02010b41cdec/antenna/tag/e2806894000050038662154f, 85
1652702284.269, sdrt-health/mac:02010b41cdec/antenna/tag/e2806894000040038662214f, 94
1652702284.281941, sdrt-health/mac:02010b41cdec/antenna/tag/e28068940000500386620d4f, 90
1652702284.325967, sdrt-health/mac:02010b41cdec/antenna/tag/e2806894000040038662114f, 85
1652702284.432574, sdrt-health/mac:02010b41cdec/antenna/tag/e2806894000050038661fd4f, 91
1652702284.43308, sdrt-health/mac:02010b41cdec/antenna/tag/e2806894000040038662114f, 85
1652702284.465899, sdrt-health/mac:02010b41cdec/antenna/tag/e2806894000040038662114f, 93
1652702284.495419, sdrt-health/mac:02010b41cdec/antenna/tag/e2806894000050038662154f, 93
1652702284.49584, sdrt-health/mac:02010b41cdec/antenna/tag/e2806894000050038661fd4f, 88
1652702284.520325, sdrt-health/mac:02010b41cdec/antenna/tag/e28068940000500386620d4f, 90
1652702284.578877, sdrt-health/mac:02010b41cdec/antenna/tag/e28068940000400386621d4f, 77
1652702284.579202, sdrt-health/mac:02010b41cdec/antenna/tag/e28068940000400386621d4f, 96
1652702284.593227, sdrt-health/mac:02010b41cdec/antenna/tag/e28068940000400386621d4f, 96
1652702284.625658, sdrt-health/mac:02010b41cdec/antenna/tag/e2806894000050038662154f, 93
1652702284.687193, sdrt-health/mac:02010b41cdec/antenna/tag/e2806894000050038662154f, 85
1652702284.687496, sdrt-health/mac:02010b41cdec/antenna/tag/e28068940000400386621d4f, 96
1652702284.702049, sdrt-health/mac:02010b41cdec/antenna/tag/e2806894000050038661fd4f, 91
1652702284.734278, sdrt-health/mac:02010b41cdec/antenna/tag/e28068940000400386621d4f, 77
1652702284.795488, sdrt-health/mac:02010b41cdec/antenna/tag/e2806894000050038662194f, 81
1652702284.79568, sdrt-health/mac:02010b41cdec/antenna/tag/e2806894000040038662114f, 85
1652702284.821591, sdrt-health/mac:02010b41cdec/antenna/tag/e2806894000050038662154f, 88
1652702284.889928, sdrt-health/mac:02010b41cdec/antenna/tag/e2806894000040038662114f, 85
1652702284.890417, sdrt-health/mac:02010b41cdec/antenna/tag/e2806894000050038661fd4f, 83
1652702284.91298, sdrt-health/mac:02010b41cdec/antenna/tag/e28068940000400386621d4f, 96
1652702284.972267, sdrt-health/mac:02010b41cdec/antenna/tag/e2806894000040038662114f, 88
1652702285.033248, sdrt-health/mac:02010b41cdec/antenna/tag/e28068940000400386621d4f, 96
1652702285.062828, sdrt-health/mac:02010b41cdec/antenna/tag/e2806894000040038662114f, 85
1652702285.063152, sdrt-health/mac:02010b41cdec/antenna/tag/e2806894000040038662114f, 88
1652702285.078462, sdrt-health/mac:02010b41cdec/antenna/tag/e2806894000050038662154f, 93
1652702285.078763, sdrt-health/mac:02010b41cdec/antenna/tag/e2806894000050038661fd4f, 88
1652702285.078963, sdrt-health/mac:02010b41cdec/antenna/tag/e2806894000050038662194f, 94
1652702285.122108, sdrt-health/mac:02010b41cdec/antenna/tag/e2806894000050038662194f, 94
1652702285.161929, sdrt-health/mac:02010b41cdec/antenna/tag/e28068940000400386621d4f, 77
1652702285.209897, sdrt-health/mac:02010b41cdec/antenna/tag/e2806894000040038662114f, 85
1652702285.257635, sdrt-health/mac:02010b41cdec/antenna/tag/e2806894000040038662114f, 88
1652702285.313124, sdrt-health/mac:02010b41cdec/antenna/tag/e2806894000050038662154f, 88
1652702285.37269, sdrt-health/mac:02010b41cdec/antenna/tag/e2806894000040038662114f, 88
1652702285.430978, sdrt-health/mac:02010b41cdec/antenna/tag/e2806894000050038662154f, 88
1652702285.431278, sdrt-health/mac:02010b41cdec/antenna/tag/e2806894000050038662154f, 88
1652702285.447535, sdrt-health/mac:02010b41cdec/antenna/tag/e28068940000400386621d4f, 96
1652702285.462402, sdrt-health/mac:02010b41cdec/antenna/tag/e28068940000400386621d4f, 96
1652702285.466139, sdrt-health/mac:02010b41cdec/antenna/tag/e28068940000500386620d4f, 90
1652702285.512913, sdrt-health/mac:02010b41cdec/antenna/tag/e28068940000500386620d4f, 90
1652702285.552006, sdrt-health/mac:02010b41cdec/antenna/tag/e2806894000050038662154f, 88
1652702285.617969, sdrt-health/mac:02010b41cdec/antenna/tag/e2806894000040038662114f, 85
1652702285.618159, sdrt-health/mac:02010b41cdec/antenna/tag/e2806894000050038661fd4f, 97
1652702285.618285, sdrt-health/mac:02010b41cdec/antenna/tag/e2806894000050038661fd4f, 97
1652702285.642106, sdrt-health/mac:02010b41cdec/antenna/tag/e2806894000050038662154f, 85
1652702285.672635, sdrt-health/mac:02010b41cdec/antenna/tag/e2806894000050038661fd4f, 97
1652702285.672948, sdrt-health/mac:02010b41cdec/antenna/tag/e28068940000400386621d4f, 96
1652702285.673099, sdrt-health/mac:02010b41cdec/antenna/tag/e28068940000500386620d4f, 90
1652702285.687836, sdrt-health/mac:02010b41cdec/antenna/tag/e28068940000500386620d4f, 90
1652702285.722628, sdrt-health/mac:02010b41cdec/antenna/tag/e28068940000500386620d4f, 83
1652702285.761438, sdrt-health/mac:02010b41cdec/antenna/tag/e28068940000500386620d4f, 90
1652702285.803173, sdrt-health/mac:02010b41cdec/antenna/tag/e28068940000500386620d4f, 83
1652702285.844751, sdrt-health/mac:02010b41cdec/antenna/tag/e2806894000050038661fd4f, 91
1652702285.882014, sdrt-health/mac:02010b41cdec/antenna/tag/e2806894000050038662154f, 85
1652702285.938056, sdrt-health/mac:02010b41cdec/antenna/tag/e2806894000040038662114f, 87
1652702285.938251, sdrt-health/mac:02010b41cdec/antenna/tag/e2806894000050038661fd4f, 91
1652702285.961589, sdrt-health/mac:02010b41cdec/antenna/tag/e28068940000500386620d4f, 83
1652702286.003957, sdrt-health/mac:02010b41cdec/antenna/tag/e2806894000050038661fd4f, 91
1652702286.04532, sdrt-health/mac:02010b41cdec/antenna/tag/e28068940000400386621d4f, 96
1652702286.083259, sdrt-health/mac:02010b41cdec/antenna/tag/e28068940000500386620d4f, 83
1652702286.122861, sdrt-health/mac:02010b41cdec/antenna/tag/e2806894000040038662114f, 85
1652702286.16842, sdrt-health/mac:02010b41cdec/antenna/tag/e2806894000050038661fd4f, 83
1652702286.202178, sdrt-health/mac:02010b41cdec/antenna/tag/e28068940000400386621d4f, 96
1652702286.203049, sdrt-health/mac:02010b41cdec/antenna/tag/e2806894000050038661fd4f, 91
1652702286.242767, sdrt-health/mac:02010b41cdec/antenna/tag/e2806894000050038661fd4f, 97
1652702286.283666, sdrt-health/mac:02010b41cdec/antenna/tag/e28068940000400386621d4f, 90
1652702286.337019, sdrt-health/mac:02010b41cdec/antenna/tag/e28068940000400386621d4f, 96
1652702286.337219, sdrt-health/mac:02010b41cdec/antenna/tag/e28068940000500386620d4f, 90
1652702286.352446, sdrt-health/mac:02010b41cdec/antenna/tag/e2806894000040038662114f, 85
1652702286.392208, sdrt-health/mac:02010b41cdec/antenna/tag/e28068940000400386621d4f, 96
1652702286.432647, sdrt-health/mac:02010b41cdec/antenna/tag/e2806894000040038662114f, 88
1652702286.483887, sdrt-health/mac:02010b41cdec/antenna/tag/e2806894000050038661fd4f, 83
1652702286.522249, sdrt-health/mac:02010b41cdec/antenna/tag/e2806894000050038661fd4f, 91
1652702286.552506, sdrt-health/mac:02010b41cdec/antenna/tag/e2806894000040038662114f, 85
1652702286.55271, sdrt-health/mac:02010b41cdec/antenna/tag/e28068940000500386620d4f, 83
1652702286.567221, sdrt-health/mac:02010b41cdec/antenna/tag/e2806894000040038662114f, 85
1652702286.60178, sdrt-health/mac:02010b41cdec/antenna/tag/e2806894000050038661fd4f, 91
1652702286.641666, sdrt-health/mac:02010b41cdec/antenna/tag/e2806894000050038662194f, 94
1652702286.716058, sdrt-health/mac:02010b41cdec/antenna/tag/e2806894000050038661fd4f, 91
1652702286.716397, sdrt-health/mac:02010b41cdec/antenna/tag/e2806894000050038662154f, 85
1652702286.730852, sdrt-health/mac:02010b41cdec/antenna/tag/e28068940000500386620d4f, 83
1652702286.741391, sdrt-health/mac:02010b41cdec/antenna/tag/e2806894000050038661fd4f, 91
1652702286.794619, sdrt-health/mac:02010b41cdec/antenna/tag/e28068940000400386621d4f, 96
1652702286.841165, sdrt-health/mac:02010b41cdec/antenna/tag/e2806894000050038661fd4f, 97
1652702286.898504, sdrt-health/mac:02010b41cdec/antenna/tag/e28068940000500386620d4f, 83
1652702286.898726, sdrt-health/mac:02010b41cdec/antenna/tag/e2806894000050038661fd4f, 83
1652702286.913486, sdrt-health/mac:02010b41cdec/antenna/tag/e2806894000050038662154f, 85
1652702286.922401, sdrt-health/mac:02010b41cdec/antenna/tag/e28068940000500386620d4f, 83
1652702286.963698, sdrt-health/mac:02010b41cdec/antenna/tag/e2806894000050038662154f, 85
1652702287.042816, sdrt-health/mac:02010b41cdec/antenna/tag/e28068940000400386621d4f, 96
1652702287.097894, sdrt-health/mac:02010b41cdec/antenna/tag/e28068940000500386620d4f, 83
1652702287.157511, sdrt-health/mac:02010b41cdec/antenna/tag/e2806894000040038662114f, 85
1652702287.157826, sdrt-health/mac:02010b41cdec/antenna/tag/e2806894000050038661fd4f, 91
1652702287.172836, sdrt-health/mac:02010b41cdec/antenna/tag/e2806894000050038661fd4f, 83
1652702287.20726, sdrt-health/mac:02010b41cdec/antenna/tag/e2806894000040038662114f, 85
1652702287.207534, sdrt-health/mac:02010b41cdec/antenna/tag/e28068940000400386621d4f, 96
1652702287.222127, sdrt-health/mac:02010b41cdec/antenna/tag/e2806894000040038662114f, 93
1652702287.222372, sdrt-health/mac:02010b41cdec/antenna/tag/e2806894000050038662154f, 88
1652702287.232492, sdrt-health/mac:02010b41cdec/antenna/tag/e2806894000050038661fd4f, 83
1652702287.236384, sdrt-health/mac:02010b41cdec/antenna/tag/e2806894000050038662154f, 88
1652702287.281829, sdrt-health/mac:02010b41cdec/antenna/tag/e2806894000050038662154f, 88
1652702287.339815, sdrt-health/mac:02010b41cdec/antenna/tag/e2806894000040038662114f, 85
1652702287.399713, sdrt-health/mac:02010b41cdec/antenna/tag/e28068940000500386620d4f, 83
1652702287.400027, sdrt-health/mac:02010b41cdec/antenna/tag/e2806894000040038662114f, 85
1652702287.416061, sdrt-health/mac:02010b41cdec/antenna/tag/e2806894000050038662154f, 85
1652702287.432584, sdrt-health/mac:02010b41cdec/antenna/tag/e2806894000050038662154f, 88
1652702287.464576, sdrt-health/mac:02010b41cdec/antenna/tag/e2806894000040038662114f, 85
1652702287.464905, sdrt-health/mac:02010b41cdec/antenna/tag/e28068940000400386621d4f, 96
1652702287.465164, sdrt-health/mac:02010b41cdec/antenna/tag/e2806894000050038662154f, 88
1652702287.482958, sdrt-health/mac:02010b41cdec/antenna/tag/e2806894000040038662114f, 85
1652702287.544037, sdrt-health/mac:02010b41cdec/antenna/tag/e2806894000040038662214f, 88
1652702287.591804, sdrt-health/mac:02010b41cdec/antenna/tag/e28068940000400386621d4f, 77
1652702287.656845, sdrt-health/mac:02010b41cdec/antenna/tag/e2806894000040038662114f, 87
1652702287.657263, sdrt-health/mac:02010b41cdec/antenna/tag/e2806894000050038661fd4f, 97
1652702287.683558, sdrt-health/mac:02010b41cdec/antenna/tag/e28068940000500386620d4f, 83
1652702287.722977, sdrt-health/mac:02010b41cdec/antenna/tag/e2806894000050038662154f, 85
1652702287.778037, sdrt-health/mac:02010b41cdec/antenna/tag/e2806894000040038662114f, 85
1652702287.778337, sdrt-health/mac:02010b41cdec/antenna/tag/e2806894000050038661fd4f, 97
1652702287.792168, sdrt-health/mac:02010b41cdec/antenna/tag/e2806894000040038662114f, 85
1652702287.803174, sdrt-health/mac:02010b41cdec/antenna/tag/e2806894000040038662114f, 88
1652702287.869286, sdrt-health/mac:02010b41cdec/antenna/tag/e28068940000500386620d4f, 90
1652702287.953856, sdrt-health/mac:02010b41cdec/antenna/tag/e2806894000050038662154f, 85
1652702287.954216, sdrt-health/mac:02010b41cdec/antenna/tag/e2806894000050038661fd4f, 97
1652702287.993162, sdrt-health/mac:02010b41cdec/antenna/tag/e2806894000050038661fd4f, 83
1652702288.023956, sdrt-health/mac:02010b41cdec/antenna/tag/e28068940000400386621d4f, 90
1652702288.024292, sdrt-health/mac:02010b41cdec/antenna/tag/e2806894000050038661fd4f, 83
1652702288.024536, sdrt-health/mac:02010b41cdec/antenna/tag/e28068940000500386620d4f, 83
1652702288.055479, sdrt-health/mac:02010b41cdec/antenna/tag/e28068940000400386621d4f, 96
1652702288.10283, sdrt-health/mac:02010b41cdec/antenna/tag/e28068940000400386621d4f, 77
1652702288.167496, sdrt-health/mac:02010b41cdec/antenna/tag/e2806894000040038662214f, 94
1652702288.167789, sdrt-health/mac:02010b41cdec/antenna/tag/e2806894000040038661f94f, 94
1652702288.185745, sdrt-health/mac:02010b41cdec/antenna/tag/e2806894000040038662214f, 81
1652702288.196318, sdrt-health/mac:02010b41cdec/antenna/tag/e28068940000400386621d4f, 96
1652702288.202455, sdrt-health/mac:02010b41cdec/antenna/tag/e28068940000500386620d4f, 80
1652702288.24292, sdrt-health/mac:02010b41cdec/antenna/tag/e2806894000050038661fd4f, 97
1652702288.281734, sdrt-health/mac:02010b41cdec/antenna/tag/e2806894000050038662154f, 88
1652702288.324132, sdrt-health/mac:02010b41cdec/antenna/tag/e2806894000050038662154f, 88
1652702288.378879, sdrt-health/mac:02010b41cdec/antenna/tag/e28068940000500386620d4f, 80
1652702288.379183, sdrt-health/mac:02010b41cdec/antenna/tag/e2806894000050038661fd4f, 97
1652702288.40241, sdrt-health/mac:02010b41cdec/antenna/tag/e28068940000500386620d4f, 83
1652702288.442989, sdrt-health/mac:02010b41cdec/antenna/tag/e28068940000500386620d4f, 90
1652702288.481533, sdrt-health/mac:02010b41cdec/antenna/tag/e28068940000400386621d4f, 77
1652702288.929426, sdrt-health/mac:02010b41cdec/antenna/tag/e2806894000040038662114f, 87
1652702288.929995, sdrt-health/mac:02010b41cdec/antenna/tag/scan, scan stopped
