1652702750.102889, sdrt-health/mac:02010b41cdec/antenna/power/set, {"power": 300}
1652702750.7128, sdrt-health/mac:02010b41cdec/antenna/state, connected
1652702750.7134, sdrt-health/mac:02010b41cdec/fw, {"version":"1.8.1","model":"200","hash":"2f556501b58f1dad542af428d7928d18","timestamp":1652702747}
1652702751.103679, sdrt-health/mac:02010b41cdec/antenna/version, 
1652702751.214754, sdrt-health/mac:02010b41cdec/antenna/power/set, 
1652702755.127052, sdrt-health/mac:02010b41cdec/antenna/tag/scan, {"time": 20000}
1652702755.542581, sdrt-health/mac:02010b41cdec/antenna/tag/e2806894000040038662114f, 85
1652702755.621305, sdrt-health/mac:02010b41cdec/antenna/tag/e2806894000050038662154f, 85
1652702755.680634, sdrt-health/mac:02010b41cdec/antenna/tag/e2806894000050038662194f, 94
1652702755.737491, sdrt-health/mac:02010b41cdec/antenna/tag/e2806894000040038662114f, 88
1652702755.737715, sdrt-health/mac:02010b41cdec/antenna/tag/e2806894000050038662154f, 85
1652702755.737865, sdrt-health/mac:02010b41cdec/antenna/tag/e2806894000050038661fd4f, 97
1652702755.760734, sdrt-health/mac:02010b41cdec/antenna/tag/e28068940000400386621d4f, 77
1652702755.81571, sdrt-health/mac:02010b41cdec/antenna/tag/e28068940000500386620d4f, 90
1652702755.815938, sdrt-health/mac:02010b41cdec/antenna/tag/e28068940000500386620d4f, 90
1652702755.830934, sdrt-health/mac:02010b41cdec/antenna/tag/e2806894000050038661fd4f, 97
1652702755.863066, sdrt-health/mac:02010b41cdec/antenna/tag/e28068940000400386621d4f, 77
1652702755.863265, sdrt-health/mac:02010b41cdec/antenna/tag/e2806894000050038662194f, 83
1652702755.897703, sdrt-health/mac:02010b41cdec/antenna/tag/e28068940000400386621d4f, 77
1652702755.940725, sdrt-health/mac:02010b41cdec/antenna/tag/e2806894000050038661fd4f, 83
1652702755.991381, sdrt-health/mac:02010b41cdec/antenna/tag/e2806894000040038661f94f, 84
1652702756.030848, sdrt-health/mac:02010b41cdec/antenna/tag/e2806894000050038661fd4f, 83
1652702756.083609, sdrt-health/mac:02010b41cdec/antenna/tag/e2806894000050038662154f, 85
1652702756.160935, sdrt-health/mac:02010b41cdec/antenna/tag/e2806894000040038661f94f, 81
1652702756.201779, sdrt-health/mac:02010b41cdec/antenna/tag/e2806894000050038662154f, 93
1652702756.241711, sdrt-health/mac:02010b41cdec/antenna/tag/e2806894000040038662114f, 88
1652702756.281487, sdrt-health/mac:02010b41cdec/antenna/tag/e2806894000050038661fd4f, 83
1652702756.33651, sdrt-health/mac:02010b41cdec/antenna/tag/e2806894000050038662154f, 85
1652702756.337083, sdrt-health/mac:02010b41cdec/antenna/tag/e2806894000040038662114f, 85
1652702756.362724, sdrt-health/mac:02010b41cdec/antenna/tag/e2806894000040038662214f, 87
1652702756.402472, sdrt-health/mac:02010b41cdec/antenna/tag/e2806894000050038662154f, 85
1652702756.456508, sdrt-health/mac:02010b41cdec/antenna/tag/e2806894000040038661f94f, 81
1652702756.456706, sdrt-health/mac:02010b41cdec/antenna/tag/e28068940000500386620d4f, 83
1652702756.48142, sdrt-health/mac:02010b41cdec/antenna/tag/e2806894000050038662154f, 93
1652702756.520268, sdrt-health/mac:02010b41cdec/antenna/tag/e2806894000050038661fd4f, 91
1652702756.55104, sdrt-health/mac:02010b41cdec/antenna/tag/e28068940000400386621d4f, 77
1652702756.55159, sdrt-health/mac:02010b41cdec/antenna/tag/e2806894000040038661f94f, 94
1652702756.567269, sdrt-health/mac:02010b41cdec/antenna/tag/e2806894000040038662114f, 85
1652702756.567599, sdrt-health/mac:02010b41cdec/antenna/tag/e2806894000050038661fd4f, 97
1652702756.567981, sdrt-health/mac:02010b41cdec/antenna/tag/e2806894000050038662194f, 94
1652702756.60171, sdrt-health/mac:02010b41cdec/antenna/tag/e2806894000040038662114f, 93
1652702756.641163, sdrt-health/mac:02010b41cdec/antenna/tag/e28068940000400386621d4f, 77
1652702756.681516, sdrt-health/mac:02010b41cdec/antenna/tag/e28068940000500386620d4f, 83
1652702756.721442, sdrt-health/mac:02010b41cdec/antenna/tag/e2806894000050038662194f, 81
1652702756.778006, sdrt-health/mac:02010b41cdec/antenna/tag/e2806894000040038662114f, 93
1652702756.778345, sdrt-health/mac:02010b41cdec/antenna/tag/e28068940000400386621d4f, 77
1652702756.801527, sdrt-health/mac:02010b41cdec/antenna/tag/e2806894000050038662154f, 88
1652702756.85957, sdrt-health/mac:02010b41cdec/antenna/tag/e28068940000500386620d4f, 83
1652702756.859991, sdrt-health/mac:02010b41cdec/antenna/tag/e2806894000050038662194f, 81
1652702756.876427, sdrt-health/mac:02010b41cdec/antenna/tag/e28068940000500386620d4f, 90
1652702756.876753, sdrt-health/mac:02010b41cdec/antenna/tag/e2806894000040038662114f, 85
1652702756.881854, sdrt-health/mac:02010b41cdec/antenna/tag/e2806894000050038662154f, 87
1652702757.03472, sdrt-health/mac:02010b41cdec/antenna/tag/e28068940000400386621d4f, 96
1652702757.071892, sdrt-health/mac:02010b41cdec/antenna/tag/e28068940000500386620d4f, 90
1652702757.104012, sdrt-health/mac:02010b41cdec/antenna/tag/e2806894000050038661fd4f, 83
1652702757.10426, sdrt-health/mac:02010b41cdec/antenna/tag/e28068940000500386620d4f, 83
1652702757.121157, sdrt-health/mac:02010b41cdec/antenna/tag/e2806894000050038661fd4f, 97
1652702757.177199, sdrt-health/mac:02010b41cdec/antenna/tag/e2806894000050038661fd4f, 97
1652702757.177636, sdrt-health/mac:02010b41cdec/antenna/tag/e2806894000050038662154f, 85
1652702757.200946, sdrt-health/mac:02010b41cdec/antenna/tag/e2806894000050038661fd4f, 83
1652702757.241162, sdrt-health/mac:02010b41cdec/antenna/tag/e28068940000500386620d4f, 90
1652702757.314127, sdrt-health/mac:02010b41cdec/antenna/tag/e2806894000050038662154f, 85
1652702757.352752, sdrt-health/mac:02010b41cdec/antenna/tag/e28068940000400386621d4f, 77
1652702757.408311, sdrt-health/mac:02010b41cdec/antenna/tag/e2806894000050038661fd4f, 97
1652702757.408559, sdrt-health/mac:02010b41cdec/antenna/tag/e2806894000040038662114f, 88
1652702757.443113, sdrt-health/mac:02010b41cdec/antenna/tag/e2806894000040038662114f, 85
1652702757.481876, sdrt-health/mac:02010b41cdec/antenna/tag/e28068940000400386621d4f, 77
1652702757.517342, sdrt-health/mac:02010b41cdec/antenna/tag/e2806894000050038661fd4f, 83
1652702757.517595, sdrt-health/mac:02010b41cdec/antenna/tag/e2806894000040038662114f, 88
1652702757.51775, sdrt-health/mac:02010b41cdec/antenna/tag/e28068940000500386620d4f, 90
1652702757.612169, sdrt-health/mac:02010b41cdec/antenna/tag/e28068940000500386620d4f, 83
1652702757.656196, sdrt-health/mac:02010b41cdec/antenna/tag/e28068940000400386621d4f, 96
1652702757.656438, sdrt-health/mac:02010b41cdec/antenna/tag/e2806894000040038662114f, 88
1652702757.656561, sdrt-health/mac:02010b41cdec/antenna/tag/e2806894000050038662154f, 85
1652702757.656671, sdrt-health/mac:02010b41cdec/antenna/tag/e28068940000500386620d4f, 83
1652702757.672899, sdrt-health/mac:02010b41cdec/antenna/tag/e2806894000050038662154f, 85
1652702757.711994, sdrt-health/mac:02010b41cdec/antenna/tag/e28068940000400386621d4f, 77
1652702757.762608, sdrt-health/mac:02010b41cdec/antenna/tag/e2806894000050038662194f, 94
1652702757.801558, sdrt-health/mac:02010b41cdec/antenna/tag/e28068940000500386620d4f, 90
1652702757.849886, sdrt-health/mac:02010b41cdec/antenna/tag/e2806894000040038662114f, 88
1652702757.909163, sdrt-health/mac:02010b41cdec/antenna/tag/e2806894000040038661f94f, 88
1652702757.943314, sdrt-health/mac:02010b41cdec/antenna/tag/e2806894000040038662114f, 85
1652702758.000501, sdrt-health/mac:02010b41cdec/antenna/tag/e28068940000400386621d4f, 77
1652702758.033023, sdrt-health/mac:02010b41cdec/antenna/tag/e28068940000500386620d4f, 90
1652702758.033336, sdrt-health/mac:02010b41cdec/antenna/tag/e2806894000050038661fd4f, 97
1652702758.049845, sdrt-health/mac:02010b41cdec/antenna/tag/e2806894000050038662194f, 94
1652702758.084619, sdrt-health/mac:02010b41cdec/antenna/tag/e2806894000040038662114f, 85
1652702758.11822, sdrt-health/mac:02010b41cdec/antenna/tag/e28068940000500386620d4f, 83
1652702758.11848, sdrt-health/mac:02010b41cdec/antenna/tag/e28068940000500386620d4f, 83
1652702758.118696, sdrt-health/mac:02010b41cdec/antenna/tag/e28068940000400386621d4f, 77
1652702758.152861, sdrt-health/mac:02010b41cdec/antenna/tag/e2806894000050038661fd4f, 91
1652702758.193225, sdrt-health/mac:02010b41cdec/antenna/tag/e2806894000050038661fd4f, 91
1652702758.243571, sdrt-health/mac:02010b41cdec/antenna/tag/e2806894000050038662194f, 81
1652702758.277166, sdrt-health/mac:02010b41cdec/antenna/tag/e2806894000040038662114f, 88
1652702758.277417, sdrt-health/mac:02010b41cdec/antenna/tag/e2806894000040038661f94f, 81
1652702758.322901, sdrt-health/mac:02010b41cdec/antenna/tag/e2806894000050038662154f, 88
1652702758.361992, sdrt-health/mac:02010b41cdec/antenna/tag/e2806894000040038662114f, 85
1652702758.404302, sdrt-health/mac:02010b41cdec/antenna/tag/e28068940000400386621d4f, 96
1652702758.443203, sdrt-health/mac:02010b41cdec/antenna/tag/e28068940000400386621d4f, 96
1652702758.48375, sdrt-health/mac:02010b41cdec/antenna/tag/e2806894000040038662114f, 88
1652702758.539593, sdrt-health/mac:02010b41cdec/antenna/tag/e2806894000050038661fd4f, 97
1652702758.539818, sdrt-health/mac:02010b41cdec/antenna/tag/e28068940000400386621d4f, 96
1652702758.555733, sdrt-health/mac:02010b41cdec/antenna/tag/e28068940000500386620d4f, 90
1652702758.562604, sdrt-health/mac:02010b41cdec/antenna/tag/e28068940000500386620d4f, 90
1652702758.601457, sdrt-health/mac:02010b41cdec/antenna/tag/e28068940000400386621d4f, 77
1652702758.658513, sdrt-health/mac:02010b41cdec/antenna/tag/e2806894000050038662194f, 94
1652702758.658902, sdrt-health/mac:02010b41cdec/antenna/tag/e2806894000040038662114f, 93
1652702758.680451, sdrt-health/mac:02010b41cdec/antenna/tag/e2806894000040038662114f, 88
1652702758.720832, sdrt-health/mac:02010b41cdec/antenna/tag/e28068940000500386620d4f, 90
1652702758.795122, sdrt-health/mac:02010b41cdec/antenna/tag/e2806894000050038662154f, 88
1652702758.795638, sdrt-health/mac:02010b41cdec/antenna/tag/e2806894000040038662114f, 85
1652702758.811904, sdrt-health/mac:02010b41cdec/antenna/tag/e2806894000050038661fd4f, 91
1652702758.823124, sdrt-health/mac:02010b41cdec/antenna/tag/e28068940000400386621d4f, 96
1652702758.827577, sdrt-health/mac:02010b41cdec/antenna/tag/e2806894000040038662114f, 93
1652702758.827827, sdrt-health/mac:02010b41cdec/antenna/tag/e2806894000050038662154f, 88
1652702758.872919, sdrt-health/mac:02010b41cdec/antenna/tag/e28068940000500386620d4f, 90
1652702758.927982, sdrt-health/mac:02010b41cdec/antenna/tag/e2806894000040038662114f, 88
1652702758.928282, sdrt-health/mac:02010b41cdec/antenna/tag/e2806894000050038662194f, 81
1652702758.944338, sdrt-health/mac:02010b41cdec/antenna/tag/e28068940000500386620d4f, 83
1652702758.960921, sdrt-health/mac:02010b41cdec/antenna/tag/e2806894000050038662154f, 85
1652702759.000624, sdrt-health/mac:02010b41cdec/antenna/tag/e2806894000050038661fd4f, 97
1652702759.003494, sdrt-health/mac:02010b41cdec/antenna/tag/e28068940000500386620d4f, 83
1652702759.042007, sdrt-health/mac:02010b41cdec/antenna/tag/e28068940000400386621d4f, 77
1652702759.095781, sdrt-health/mac:02010b41cdec/antenna/tag/e28068940000500386620d4f, 83
1652702759.096072, sdrt-health/mac:02010b41cdec/antenna/tag/e28068940000400386621d4f, 77
1652702759.120814, sdrt-health/mac:02010b41cdec/antenna/tag/e2806894000050038662194f, 94
1652702759.176885, sdrt-health/mac:02010b41cdec/antenna/tag/e28068940000400386621d4f, 96
1652702759.17708, sdrt-health/mac:02010b41cdec/antenna/tag/e2806894000040038662114f, 85
1652702759.208935, sdrt-health/mac:02010b41cdec/antenna/tag/e2806894000040038662114f, 88
1652702759.270113, sdrt-health/mac:02010b41cdec/antenna/tag/e28068940000500386620d4f, 90
1652702759.270328, sdrt-health/mac:02010b41cdec/antenna/tag/e28068940000500386620d4f, 83
1652702759.291041, sdrt-health/mac:02010b41cdec/antenna/tag/e2806894000050038662154f, 88
1652702759.366728, sdrt-health/mac:02010b41cdec/antenna/tag/e28068940000500386620d4f, 83
1652702759.415231, sdrt-health/mac:02010b41cdec/antenna/tag/e2806894000050038661fd4f, 83
1652702759.484778, sdrt-health/mac:02010b41cdec/antenna/tag/e28068940000500386620d4f, 83
1652702759.485331, sdrt-health/mac:02010b41cdec/antenna/tag/e2806894000040038662114f, 88
1652702759.500335, sdrt-health/mac:02010b41cdec/antenna/tag/e2806894000050038662154f, 88
1652702759.521918, sdrt-health/mac:02010b41cdec/antenna/tag/e2806894000040038661f94f, 94
1652702759.560881, sdrt-health/mac:02010b41cdec/antenna/tag/e2806894000050038661fd4f, 83
1652702759.610935, sdrt-health/mac:02010b41cdec/antenna/tag/e2806894000040038662114f, 88
1652702759.672004, sdrt-health/mac:02010b41cdec/antenna/tag/e28068940000400386621d4f, 96
1652702759.672229, sdrt-health/mac:02010b41cdec/antenna/tag/e28068940000400386621d4f, 96
1652702759.688645, sdrt-health/mac:02010b41cdec/antenna/tag/e28068940000400386621d4f, 96
1652702759.7137, sdrt-health/mac:02010b41cdec/antenna/tag/e28068940000500386620d4f, 90
1652702759.762317, sdrt-health/mac:02010b41cdec/antenna/tag/e2806894000040038662214f, 94
1652702759.800972, sdrt-health/mac:02010b41cdec/antenna/tag/e2806894000040038661f94f, 94
1652702759.859411, sdrt-health/mac:02010b41cdec/antenna/tag/e2806894000040038662114f, 87
1652702759.859661, sdrt-health/mac:02010b41cdec/antenna/tag/e2806894000050038662154f, 85
1652702759.880787, sdrt-health/mac:02010b41cdec/antenna/tag/e2806894000050038661fd4f, 91
1652702759.928838, sdrt-health/mac:02010b41cdec/antenna/tag/e2806894000050038661fd4f, 91
1652702759.975653, sdrt-health/mac:02010b41cdec/antenna/tag/e28068940000400386621d4f, 96
1652702760.094845, sdrt-health/mac:02010b41cdec/antenna/tag/e2806894000050038661fd4f, 97
1652702760.09535, sdrt-health/mac:02010b41cdec/antenna/tag/e2806894000050038661fd4f, 83
1652702760.111531, sdrt-health/mac:02010b41cdec/antenna/tag/e2806894000040038662114f, 91
1652702760.160895, sdrt-health/mac:02010b41cdec/antenna/tag/e28068940000400386621d4f, 96
1652702760.19481, sdrt-health/mac:02010b41cdec/antenna/tag/e2806894000040038662114f, 88
1652702760.195083, sdrt-health/mac:02010b41cdec/antenna/tag/e2806894000050038662194f, 82
1652702760.212567, sdrt-health/mac:02010b41cdec/antenna/tag/e2806894000050038662154f, 85
1652702760.212828, sdrt-health/mac:02010b41cdec/antenna/tag/e28068940000500386620d4f, 83
1652702760.213009, sdrt-health/mac:02010b41cdec/antenna/tag/e2806894000050038661fd4f, 83
1652702760.213174, sdrt-health/mac:02010b41cdec/antenna/tag/e2806894000040038662114f, 88
1652702760.241624, sdrt-health/mac:02010b41cdec/antenna/tag/e2806894000050038662154f, 85
1652702760.282255, sdrt-health/mac:02010b41cdec/antenna/tag/e2806894000050038662154f, 85
1652702760.315722, sdrt-health/mac:02010b41cdec/antenna/tag/e28068940000500386620d4f, 90
1652702760.315987, sdrt-health/mac:02010b41cdec/antenna/tag/e28068940000500386620d4f, 83
1652702760.333175, sdrt-health/mac:02010b41cdec/antenna/tag/e2806894000040038662214f, 83
1652702760.376181, sdrt-health/mac:02010b41cdec/antenna/tag/e2806894000040038661f94f, 84
1652702760.412463, sdrt-health/mac:02010b41cdec/antenna/tag/e2806894000050038661fd4f, 97
1652702760.47408, sdrt-health/mac:02010b41cdec/antenna/tag/e28068940000400386621d4f, 77
1652702760.474468, sdrt-health/mac:02010b41cdec/antenna/tag/e2806894000040038662114f, 87
1652702760.501301, sdrt-health/mac:02010b41cdec/antenna/tag/e2806894000050038662154f, 85
1652702760.569036, sdrt-health/mac:02010b41cdec/antenna/tag/e28068940000500386620d4f, 83
1652702760.569506, sdrt-health/mac:02010b41cdec/antenna/tag/e2806894000050038662154f, 85
1652702760.585576, sdrt-health/mac:02010b41cdec/antenna/tag/e28068940000500386620d4f, 83
1652702760.591994, sdrt-health/mac:02010b41cdec/antenna/tag/e2806894000050038662154f, 85
1652702760.642752, sdrt-health/mac:02010b41cdec/antenna/tag/e2806894000040038662114f, 93
1652702760.682107, sdrt-health/mac:02010b41cdec/antenna/tag/e28068940000500386620d4f, 83
1652702760.721625, sdrt-health/mac:02010b41cdec/antenna/tag/e28068940000400386621d4f, 77
1652702760.75677, sdrt-health/mac:02010b41cdec/antenna/tag/e2806894000050038662154f, 85
1652702760.757149, sdrt-health/mac:02010b41cdec/antenna/tag/e2806894000040038661f94f, 84
1652702760.757386, sdrt-health/mac:02010b41cdec/antenna/tag/e2806894000040038662214f, 94
1652702760.791981, sdrt-health/mac:02010b41cdec/antenna/tag/e28068940000500386620d4f, 83
1652702760.831567, sdrt-health/mac:02010b41cdec/antenna/tag/e2806894000050038662154f, 85
1652702760.899571, sdrt-health/mac:02010b41cdec/antenna/tag/e28068940000500386620d4f, 83
1652702760.969756, sdrt-health/mac:02010b41cdec/antenna/tag/e28068940000500386620d4f, 83
1652702760.971302, sdrt-health/mac:02010b41cdec/antenna/tag/e28068940000500386620d4f, 90
1652702760.991336, sdrt-health/mac:02010b41cdec/antenna/tag/e2806894000050038661fd4f, 83
1652702761.079331, sdrt-health/mac:02010b41cdec/antenna/tag/e28068940000400386621d4f, 96
1652702761.11206, sdrt-health/mac:02010b41cdec/antenna/tag/e28068940000400386621d4f, 77
1652702761.112338, sdrt-health/mac:02010b41cdec/antenna/tag/e2806894000040038662114f, 85
1652702761.132541, sdrt-health/mac:02010b41cdec/antenna/tag/e2806894000050038661fd4f, 83
1652702761.174589, sdrt-health/mac:02010b41cdec/antenna/tag/e28068940000500386620d4f, 90
1652702761.211828, sdrt-health/mac:02010b41cdec/antenna/tag/e2806894000040038661f94f, 81
1652702761.245701, sdrt-health/mac:02010b41cdec/antenna/tag/e2806894000040038662114f, 85
1652702761.245938, sdrt-health/mac:02010b41cdec/antenna/tag/e28068940000400386621d4f, 77
1652702761.262407, sdrt-health/mac:02010b41cdec/antenna/tag/e2806894000050038662194f, 94
1652702761.26259, sdrt-health/mac:02010b41cdec/antenna/tag/e28068940000500386620d4f, 90
1652702761.302869, sdrt-health/mac:02010b41cdec/antenna/tag/e2806894000050038662194f, 94
1652702761.351922, sdrt-health/mac:02010b41cdec/antenna/tag/e2806894000050038661fd4f, 97
1652702761.441676, sdrt-health/mac:02010b41cdec/antenna/tag/e28068940000500386620d4f, 90
1652702761.475044, sdrt-health/mac:02010b41cdec/antenna/tag/e28068940000400386621d4f, 96
1652702761.475503, sdrt-health/mac:02010b41cdec/antenna/tag/e2806894000050038661fd4f, 83
1652702761.475875, sdrt-health/mac:02010b41cdec/antenna/tag/e2806894000040038662054f, 94
1652702761.498673, sdrt-health/mac:02010b41cdec/antenna/tag/e2806894000040038662114f, 88
1652702761.559931, sdrt-health/mac:02010b41cdec/antenna/tag/e28068940000400386621d4f, 96
1652702761.560448, sdrt-health/mac:02010b41cdec/antenna/tag/e28068940000500386620d4f, 83
1652702761.597393, sdrt-health/mac:02010b41cdec/antenna/tag/e2806894000040038662114f, 85
1652702761.632862, sdrt-health/mac:02010b41cdec/antenna/tag/e28068940000500386620d4f, 83
1652702761.665618, sdrt-health/mac:02010b41cdec/antenna/tag/e2806894000040038661f94f, 88
1652702761.665906, sdrt-health/mac:02010b41cdec/antenna/tag/e28068940000400386621d4f, 77
1652702761.682261, sdrt-health/mac:02010b41cdec/antenna/tag/e2806894000040038661f94f, 83
1652702761.738944, sdrt-health/mac:02010b41cdec/antenna/tag/e2806894000050038662154f, 93
1652702761.739378, sdrt-health/mac:02010b41cdec/antenna/tag/e2806894000050038661fd4f, 91
1652702761.754079, sdrt-health/mac:02010b41cdec/antenna/tag/e2806894000040038662214f, 83
1652702761.762104, sdrt-health/mac:02010b41cdec/antenna/tag/e2806894000050038662154f, 85
1652702761.770597, sdrt-health/mac:02010b41cdec/antenna/tag/e28068940000500386620d4f, 83
1652702761.833707, sdrt-health/mac:02010b41cdec/antenna/tag/e28068940000400386621d4f, 77
1652702761.871714, sdrt-health/mac:02010b41cdec/antenna/tag/e2806894000040038662114f, 87
1652702761.99491, sdrt-health/mac:02010b41cdec/antenna/tag/e2806894000050038661fd4f, 97
1652702761.995183, sdrt-health/mac:02010b41cdec/antenna/tag/e28068940000400386621d4f, 96
1652702762.021262, sdrt-health/mac:02010b41cdec/antenna/tag/e2806894000040038662114f, 87
1652702762.063747, sdrt-health/mac:02010b41cdec/antenna/tag/e2806894000040038662114f, 85
1652702762.118167, sdrt-health/mac:02010b41cdec/antenna/tag/e28068940000400386621d4f, 96
1652702762.118541, sdrt-health/mac:02010b41cdec/antenna/tag/e28068940000500386620d4f, 83
1652702762.152977, sdrt-health/mac:02010b41cdec/antenna/tag/e2806894000050038661fd4f, 83
1652702762.185513, sdrt-health/mac:02010b41cdec/antenna/tag/e28068940000400386621d4f, 77
1652702762.185743, sdrt-health/mac:02010b41cdec/antenna/tag/e2806894000050038662194f, 88
1652702762.201429, sdrt-health/mac:02010b41cdec/antenna/tag/e2806894000040038662114f, 85
1652702762.201686, sdrt-health/mac:02010b41cdec/antenna/tag/e28068940000500386620d4f, 83
1652702762.242295, sdrt-health/mac:02010b41cdec/antenna/tag/e2806894000040038662114f, 88
1652702762.282721, sdrt-health/mac:02010b41cdec/antenna/tag/e28068940000500386620d4f, 90
1652702762.337893, sdrt-health/mac:02010b41cdec/antenna/tag/e2806894000050038661fd4f, 91
1652702762.338392, sdrt-health/mac:02010b41cdec/antenna/tag/e28068940000500386620d4f, 90
1652702762.375549, sdrt-health/mac:02010b41cdec/antenna/tag/e2806894000050038662194f, 83
1652702762.412982, sdrt-health/mac:02010b41cdec/antenna/tag/e2806894000050038661fd4f, 83
1652702762.503558, sdrt-health/mac:02010b41cdec/antenna/tag/e2806894000050038662194f, 81
1652702762.503775, sdrt-health/mac:02010b41cdec/antenna/tag/e28068940000500386620d4f, 90
1652702762.560866, sdrt-health/mac:02010b41cdec/antenna/tag/e2806894000040038662114f, 85
1652702762.60144, sdrt-health/mac:02010b41cdec/antenna/tag/e28068940000400386621d4f, 96
1652702762.642187, sdrt-health/mac:02010b41cdec/antenna/tag/e28068940000400386621d4f, 96
1652702762.682665, sdrt-health/mac:02010b41cdec/antenna/tag/e2806894000050038662154f, 85
1652702762.737521, sdrt-health/mac:02010b41cdec/antenna/tag/e2806894000040038662114f, 88
1652702762.737744, sdrt-health/mac:02010b41cdec/antenna/tag/e2806894000050038661fd4f, 83
1652702762.761882, sdrt-health/mac:02010b41cdec/antenna/tag/e28068940000400386621d4f, 77
1652702762.817584, sdrt-health/mac:02010b41cdec/antenna/tag/e2806894000050038662154f, 85
1652702762.81813, sdrt-health/mac:02010b41cdec/antenna/tag/e28068940000500386620d4f, 83
1652702762.835078, sdrt-health/mac:02010b41cdec/antenna/tag/e2806894000040038662114f, 85
1652702762.842089, sdrt-health/mac:02010b41cdec/antenna/tag/e2806894000050038662194f, 81
1652702762.851876, sdrt-health/mac:02010b41cdec/antenna/tag/e2806894000040038662114f, 88
1652702762.882056, sdrt-health/mac:02010b41cdec/antenna/tag/e2806894000050038661fd4f, 91
1652702762.957602, sdrt-health/mac:02010b41cdec/antenna/tag/e28068940000500386620d4f, 83
1652702762.958104, sdrt-health/mac:02010b41cdec/antenna/tag/e2806894000050038662154f, 93
1652702762.974932, sdrt-health/mac:02010b41cdec/antenna/tag/e2806894000050038661fd4f, 91
1652702762.989973, sdrt-health/mac:02010b41cdec/antenna/tag/e28068940000400386621d4f, 77
1652702763.04268, sdrt-health/mac:02010b41cdec/antenna/tag/e2806894000050038662154f, 85
1652702763.100165, sdrt-health/mac:02010b41cdec/antenna/tag/e2806894000050038662154f, 93
1652702763.100845, sdrt-health/mac:02010b41cdec/antenna/tag/e2806894000050038661fd4f, 91
1652702763.101295, sdrt-health/mac:02010b41cdec/antenna/tag/e28068940000400386621d4f, 77
1652702763.116637, sdrt-health/mac:02010b41cdec/antenna/tag/e2806894000050038662194f, 84
1652702763.132672, sdrt-health/mac:02010b41cdec/antenna/tag/e28068940000500386620d4f, 90
1652702763.284017, sdrt-health/mac:02010b41cdec/antenna/tag/e2806894000050038661fd4f, 83
1652702763.332704, sdrt-health/mac:02010b41cdec/antenna/tag/e2806894000050038662154f, 85
1652702763.372632, sdrt-health/mac:02010b41cdec/antenna/tag/e2806894000050038662194f, 81
1652702763.433231, sdrt-health/mac:02010b41cdec/antenna/tag/e2806894000040038662114f, 85
1652702763.488144, sdrt-health/mac:02010b41cdec/antenna/tag/e2806894000050038661fd4f, 97
1652702763.488604, sdrt-health/mac:02010b41cdec/antenna/tag/e2806894000050038662154f, 85
1652702763.503933, sdrt-health/mac:02010b41cdec/antenna/tag/e28068940000400386621d4f, 77
1652702763.522546, sdrt-health/mac:02010b41cdec/antenna/tag/e2806894000050038661fd4f, 83
1652702763.562319, sdrt-health/mac:02010b41cdec/antenna/tag/e28068940000500386620d4f, 83
1652702763.618368, sdrt-health/mac:02010b41cdec/antenna/tag/e28068940000500386620d4f, 90
1652702763.618868, sdrt-health/mac:02010b41cdec/antenna/tag/e2806894000050038662154f, 85
1652702763.684315, sdrt-health/mac:02010b41cdec/antenna/tag/e2806894000040038662114f, 88
1652702763.722431, sdrt-health/mac:02010b41cdec/antenna/tag/e2806894000050038662194f, 88
1652702763.832757, sdrt-health/mac:02010b41cdec/antenna/tag/e2806894000040038662114f, 88
1652702763.882175, sdrt-health/mac:02010b41cdec/antenna/tag/e2806894000050038662194f, 81
1652702763.922953, sdrt-health/mac:02010b41cdec/antenna/tag/e28068940000500386620d4f, 90
1652702763.963296, sdrt-health/mac:02010b41cdec/antenna/tag/e2806894000050038661fd4f, 83
1652702764.002247, sdrt-health/mac:02010b41cdec/antenna/tag/e2806894000050038661fd4f, 83
1652702764.04348, sdrt-health/mac:02010b41cdec/antenna/tag/e28068940000400386621d4f, 96
1652702764.092571, sdrt-health/mac:02010b41cdec/antenna/tag/e2806894000050038662154f, 85
1652702764.15471, sdrt-health/mac:02010b41cdec/antenna/tag/e2806894000040038662114f, 88
1652702764.154958, sdrt-health/mac:02010b41cdec/antenna/tag/e28068940000500386620d4f, 90
1652702764.171985, sdrt-health/mac:02010b41cdec/antenna/tag/e2806894000050038661fd4f, 83
1652702764.201899, sdrt-health/mac:02010b41cdec/antenna/tag/e2806894000050038662194f, 84
1652702764.243265, sdrt-health/mac:02010b41cdec/antenna/tag/e2806894000050038662154f, 93
1652702764.299801, sdrt-health/mac:02010b41cdec/antenna/tag/e2806894000040038661f94f, 88
1652702764.300226, sdrt-health/mac:02010b41cdec/antenna/tag/e28068940000500386620d4f, 90
1652702764.316097, sdrt-health/mac:02010b41cdec/antenna/tag/e2806894000050038662154f, 93
1652702764.320751, sdrt-health/mac:02010b41cdec/antenna/tag/e2806894000040038662114f, 85
1652702764.332306, sdrt-health/mac:02010b41cdec/antenna/tag/e28068940000500386620d4f, 90
1652702764.362579, sdrt-health/mac:02010b41cdec/antenna/tag/e2806894000040038661f94f, 94
1652702764.441946, sdrt-health/mac:02010b41cdec/antenna/tag/e2806894000050038661fd4f, 97
1652702764.482734, sdrt-health/mac:02010b41cdec/antenna/tag/e2806894000050038662154f, 85
1652702764.570509, sdrt-health/mac:02010b41cdec/antenna/tag/e28068940000500386620d4f, 83
1652702764.571013, sdrt-health/mac:02010b41cdec/antenna/tag/e28068940000500386620d4f, 83
1652702764.591941, sdrt-health/mac:02010b41cdec/antenna/tag/e28068940000400386621d4f, 77
1652702764.656668, sdrt-health/mac:02010b41cdec/antenna/tag/e2806894000050038662154f, 85
1652702764.656941, sdrt-health/mac:02010b41cdec/antenna/tag/e2806894000050038662154f, 85
1652702764.720863, sdrt-health/mac:02010b41cdec/antenna/tag/e2806894000050038661fd4f, 91
1652702764.76234, sdrt-health/mac:02010b41cdec/antenna/tag/e2806894000040038662114f, 85
1652702764.799039, sdrt-health/mac:02010b41cdec/antenna/tag/e28068940000500386620d4f, 83
1652702764.799418, sdrt-health/mac:02010b41cdec/antenna/tag/e2806894000040038662114f, 88
1652702764.815944, sdrt-health/mac:02010b41cdec/antenna/tag/e2806894000050038661fd4f, 91
1652702764.856467, sdrt-health/mac:02010b41cdec/antenna/tag/e28068940000500386620d4f, 83
1652702764.910617, sdrt-health/mac:02010b41cdec/antenna/tag/e2806894000040038662114f, 85
1652702764.961009, sdrt-health/mac:02010b41cdec/antenna/tag/e2806894000050038661fd4f, 83
1652702765.020646, sdrt-health/mac:02010b41cdec/antenna/tag/e2806894000050038661fd4f, 83
1652702765.021152, sdrt-health/mac:02010b41cdec/antenna/tag/e28068940000400386621d4f, 96
1652702765.042129, sdrt-health/mac:02010b41cdec/antenna/tag/e2806894000050038661fd4f, 83
1652702765.099455, sdrt-health/mac:02010b41cdec/antenna/tag/e28068940000400386621d4f, 96
1652702765.099923, sdrt-health/mac:02010b41cdec/antenna/tag/e2806894000050038662154f, 88
1652702765.121709, sdrt-health/mac:02010b41cdec/antenna/tag/e2806894000040038662114f, 93
1652702765.178219, sdrt-health/mac:02010b41cdec/antenna/tag/e28068940000400386621d4f, 96
1652702765.178633, sdrt-health/mac:02010b41cdec/antenna/tag/e2806894000050038662194f, 88
1652702765.20253, sdrt-health/mac:02010b41cdec/antenna/tag/e2806894000040038662114f, 85
1652702765.243102, sdrt-health/mac:02010b41cdec/antenna/tag/e28068940000400386621d4f, 96
1652702765.284128, sdrt-health/mac:02010b41cdec/antenna/tag/e28068940000500386620d4f, 83
1652702765.284539, sdrt-health/mac:02010b41cdec/antenna/tag/e28068940000400386621d4f, 96
1652702765.284779, sdrt-health/mac:02010b41cdec/antenna/tag/e2806894000050038661fd4f, 91
1652702765.322064, sdrt-health/mac:02010b41cdec/antenna/tag/e28068940000400386621d4f, 77
1652702765.365589, sdrt-health/mac:02010b41cdec/antenna/tag/e28068940000400386621d4f, 77
1652702765.40343, sdrt-health/mac:02010b41cdec/antenna/tag/e2806894000050038662154f, 88
1652702765.403724, sdrt-health/mac:02010b41cdec/antenna/tag/e2806894000050038662194f, 81
1652702765.418804, sdrt-health/mac:02010b41cdec/antenna/tag/e2806894000040038662114f, 85
1652702765.419042, sdrt-health/mac:02010b41cdec/antenna/tag/e28068940000400386621d4f, 77
1652702765.441616, sdrt-health/mac:02010b41cdec/antenna/tag/e2806894000050038662154f, 87
1652702765.482443, sdrt-health/mac:02010b41cdec/antenna/tag/e2806894000050038661fd4f, 97
1652702765.541388, sdrt-health/mac:02010b41cdec/antenna/tag/e2806894000050038662154f, 85
1652702765.541919, sdrt-health/mac:02010b41cdec/antenna/tag/e2806894000050038662014f, 82
1652702765.559422, sdrt-health/mac:02010b41cdec/antenna/tag/e2806894000040038662114f, 87
1652702765.575926, sdrt-health/mac:02010b41cdec/antenna/tag/e2806894000040038662114f, 85
1652702765.638341, sdrt-health/mac:02010b41cdec/antenna/tag/e28068940000400386621d4f, 77
1652702765.63854, sdrt-health/mac:02010b41cdec/antenna/tag/e28068940000400386621d4f, 96
1652702765.65483, sdrt-health/mac:02010b41cdec/antenna/tag/e2806894000050038661fd4f, 97
1652702765.674015, sdrt-health/mac:02010b41cdec/antenna/tag/e28068940000500386620d4f, 83
1652702765.727837, sdrt-health/mac:02010b41cdec/antenna/tag/e28068940000400386621d4f, 77
1652702765.728038, sdrt-health/mac:02010b41cdec/antenna/tag/e2806894000050038662154f, 85
1652702765.762202, sdrt-health/mac:02010b41cdec/antenna/tag/e2806894000050038662154f, 85
1652702765.801726, sdrt-health/mac:02010b41cdec/antenna/tag/e2806894000050038661fd4f, 91
1652702765.836173, sdrt-health/mac:02010b41cdec/antenna/tag/e28068940000400386621d4f, 77
1652702765.836464, sdrt-health/mac:02010b41cdec/antenna/tag/e28068940000400386621d4f, 96
1652702765.853553, sdrt-health/mac:02010b41cdec/antenna/tag/e2806894000050038661fd4f, 97
1652702765.91266, sdrt-health/mac:02010b41cdec/antenna/tag/e28068940000400386621d4f, 96
1652702765.945501, sdrt-health/mac:02010b41cdec/antenna/tag/e2806894000050038661fd4f, 83
1652702765.945786, sdrt-health/mac:02010b41cdec/antenna/tag/e2806894000050038661fd4f, 83
1652702765.961969, sdrt-health/mac:02010b41cdec/antenna/tag/e28068940000400386621d4f, 96
1652702766.002102, sdrt-health/mac:02010b41cdec/antenna/tag/e28068940000400386621d4f, 77
1652702766.044948, sdrt-health/mac:02010b41cdec/antenna/tag/e2806894000050038662154f, 88
1652702766.083535, sdrt-health/mac:02010b41cdec/antenna/tag/e2806894000040038662114f, 85
1652702766.148161, sdrt-health/mac:02010b41cdec/antenna/tag/e28068940000500386620d4f, 90
1652702766.148547, sdrt-health/mac:02010b41cdec/antenna/tag/e28068940000500386620d4f, 83
1652702766.164056, sdrt-health/mac:02010b41cdec/antenna/tag/e2806894000050038661fd4f, 97
1652702766.164382, sdrt-health/mac:02010b41cdec/antenna/tag/e28068940000500386620d4f, 90
1652702766.200922, sdrt-health/mac:02010b41cdec/antenna/tag/e28068940000400386621d4f, 96
1652702766.250188, sdrt-health/mac:02010b41cdec/antenna/tag/e2806894000040038662214f, 88
1652702766.305388, sdrt-health/mac:02010b41cdec/antenna/tag/e2806894000040038662214f, 81
1652702766.390728, sdrt-health/mac:02010b41cdec/antenna/tag/e2806894000050038661fd4f, 97
1652702766.459106, sdrt-health/mac:02010b41cdec/antenna/tag/e2806894000040038662114f, 85
1652702766.489971, sdrt-health/mac:02010b41cdec/antenna/tag/e28068940000400386621d4f, 77
1652702766.490189, sdrt-health/mac:02010b41cdec/antenna/tag/e28068940000500386620d4f, 83
1652702766.548266, sdrt-health/mac:02010b41cdec/antenna/tag/e2806894000040038662114f, 85
1652702766.578807, sdrt-health/mac:02010b41cdec/antenna/tag/e2806894000050038661fd4f, 91
1652702766.579001, sdrt-health/mac:02010b41cdec/antenna/tag/e28068940000400386621d4f, 77
1652702766.579118, sdrt-health/mac:02010b41cdec/antenna/tag/e28068940000400386621d4f, 96
1652702766.579225, sdrt-health/mac:02010b41cdec/antenna/tag/e2806894000050038661fd4f, 83
1652702766.579333, sdrt-health/mac:02010b41cdec/antenna/tag/e28068940000400386621d4f, 96
1652702766.595417, sdrt-health/mac:02010b41cdec/antenna/tag/e2806894000040038662114f, 91
1652702766.59571, sdrt-health/mac:02010b41cdec/antenna/tag/e2806894000050038662154f, 85
1652702766.641547, sdrt-health/mac:02010b41cdec/antenna/tag/e2806894000050038662154f, 85
1652702766.681771, sdrt-health/mac:02010b41cdec/antenna/tag/e2806894000050038661fd4f, 83
1652702766.721839, sdrt-health/mac:02010b41cdec/antenna/tag/e28068940000400386621d4f, 96
1652702766.77788, sdrt-health/mac:02010b41cdec/antenna/tag/e28068940000400386621d4f, 96
1652702766.778316, sdrt-health/mac:02010b41cdec/antenna/tag/e28068940000400386621d4f, 77
1652702766.802005, sdrt-health/mac:02010b41cdec/antenna/tag/e2806894000040038662214f, 94
1652702766.856107, sdrt-health/mac:02010b41cdec/antenna/tag/e2806894000050038661fd4f, 97
1652702766.856426, sdrt-health/mac:02010b41cdec/antenna/tag/e2806894000040038662214f, 81
1652702766.872027, sdrt-health/mac:02010b41cdec/antenna/tag/e28068940000500386620d4f, 83
1652702766.883725, sdrt-health/mac:02010b41cdec/antenna/tag/e28068940000400386621d4f, 77
1652702766.920768, sdrt-health/mac:02010b41cdec/antenna/tag/e2806894000050038661fd4f, 97
1652702766.961702, sdrt-health/mac:02010b41cdec/antenna/tag/e2806894000050038661fd4f, 97
1652702767.000978, sdrt-health/mac:02010b41cdec/antenna/tag/e2806894000050038662154f, 85
1652702767.056838, sdrt-health/mac:02010b41cdec/antenna/tag/e28068940000500386620d4f, 80
1652702767.057294, sdrt-health/mac:02010b41cdec/antenna/tag/e2806894000050038661fd4f, 97
1652702767.080459, sdrt-health/mac:02010b41cdec/antenna/tag/e2806894000040038662114f, 93
1652702767.112469, sdrt-health/mac:02010b41cdec/antenna/tag/e2806894000050038662154f, 85
1652702767.112705, sdrt-health/mac:02010b41cdec/antenna/tag/e28068940000500386620d4f, 83
1652702767.127698, sdrt-health/mac:02010b41cdec/antenna/tag/e2806894000040038662114f, 85
1652702767.127961, sdrt-health/mac:02010b41cdec/antenna/tag/e2806894000050038661fd4f, 83
1652702767.162163, sdrt-health/mac:02010b41cdec/antenna/tag/e2806894000040038662214f, 81
1652702767.217647, sdrt-health/mac:02010b41cdec/antenna/tag/e2806894000050038661fd4f, 91
1652702767.218195, sdrt-health/mac:02010b41cdec/antenna/tag/e2806894000040038662114f, 93
1652702767.241311, sdrt-health/mac:02010b41cdec/antenna/tag/e2806894000040038662114f, 85
1652702767.298821, sdrt-health/mac:02010b41cdec/antenna/tag/e2806894000050038662154f, 85
1652702767.299358, sdrt-health/mac:02010b41cdec/antenna/tag/e2806894000050038661fd4f, 91
1652702767.321124, sdrt-health/mac:02010b41cdec/antenna/tag/e2806894000040038662114f, 93
1652702767.361675, sdrt-health/mac:02010b41cdec/antenna/tag/e2806894000040038662114f, 93
1652702767.457623, sdrt-health/mac:02010b41cdec/antenna/tag/e28068940000500386620d4f, 83
1652702767.457843, sdrt-health/mac:02010b41cdec/antenna/tag/e2806894000040038662114f, 85
1652702767.480976, sdrt-health/mac:02010b41cdec/antenna/tag/e2806894000050038662154f, 85
1652702767.569089, sdrt-health/mac:02010b41cdec/antenna/tag/e2806894000040038661f94f, 83
1652702767.569308, sdrt-health/mac:02010b41cdec/antenna/tag/e2806894000040038662114f, 88
1652702767.603079, sdrt-health/mac:02010b41cdec/antenna/tag/e2806894000050038662154f, 88
1652702767.634733, sdrt-health/mac:02010b41cdec/antenna/tag/e2806894000040038662114f, 88
1652702767.634947, sdrt-health/mac:02010b41cdec/antenna/tag/e2806894000050038661fd4f, 83
1652702767.650894, sdrt-health/mac:02010b41cdec/antenna/tag/e2806894000050038661fd4f, 83
1652702767.681608, sdrt-health/mac:02010b41cdec/antenna/tag/e2806894000050038661fd4f, 91
1652702767.721062, sdrt-health/mac:02010b41cdec/antenna/tag/e2806894000050038662194f, 84
1652702767.761003, sdrt-health/mac:02010b41cdec/antenna/tag/e2806894000050038661fd4f, 91
1652702767.81604, sdrt-health/mac:02010b41cdec/antenna/tag/e2806894000040038661f94f, 81
1652702767.816248, sdrt-health/mac:02010b41cdec/antenna/tag/e2806894000040038662114f, 85
1652702767.831531, sdrt-health/mac:02010b41cdec/antenna/tag/e28068940000500386620d4f, 90
1652702767.894712, sdrt-health/mac:02010b41cdec/antenna/tag/e28068940000400386621d4f, 77
1652702767.941132, sdrt-health/mac:02010b41cdec/antenna/tag/e28068940000400386621d4f, 96
1652702767.991416, sdrt-health/mac:02010b41cdec/antenna/tag/e2806894000050038662154f, 88
1652702768.054565, sdrt-health/mac:02010b41cdec/antenna/tag/e2806894000050038662154f, 88
1652702768.055055, sdrt-health/mac:02010b41cdec/antenna/tag/e28068940000500386620d4f, 90
1652702768.0705, sdrt-health/mac:02010b41cdec/antenna/tag/e28068940000400386621d4f, 96
1652702768.070782, sdrt-health/mac:02010b41cdec/antenna/tag/e2806894000050038661fd4f, 97
1652702768.080953, sdrt-health/mac:02010b41cdec/antenna/tag/e2806894000050038661fd4f, 88
1652702768.086906, sdrt-health/mac:02010b41cdec/antenna/tag/e2806894000050038662194f, 84
1652702768.087124, sdrt-health/mac:02010b41cdec/antenna/tag/e28068940000400386621d4f, 77
1652702768.121827, sdrt-health/mac:02010b41cdec/antenna/tag/e2806894000050038661fd4f, 91
1652702768.161172, sdrt-health/mac:02010b41cdec/antenna/tag/e2806894000050038661fd4f, 91
1652702768.202137, sdrt-health/mac:02010b41cdec/antenna/tag/e28068940000400386621d4f, 77
1652702768.242087, sdrt-health/mac:02010b41cdec/antenna/tag/e28068940000500386620d4f, 90
1652702768.298359, sdrt-health/mac:02010b41cdec/antenna/tag/e28068940000400386621d4f, 77
1652702768.298873, sdrt-health/mac:02010b41cdec/antenna/tag/e2806894000040038662114f, 85
1652702768.314465, sdrt-health/mac:02010b41cdec/antenna/tag/e2806894000040038662114f, 85
1652702768.34556, sdrt-health/mac:02010b41cdec/antenna/tag/e2806894000040038662214f, 94
1652702768.345815, sdrt-health/mac:02010b41cdec/antenna/tag/e28068940000400386621d4f, 77
1652702768.360713, sdrt-health/mac:02010b41cdec/antenna/tag/e28068940000500386620d4f, 83
1652702768.665512, sdrt-health/mac:02010b41cdec/antenna/tag/e28068940000500386620d4f, 83
1652702768.696752, sdrt-health/mac:02010b41cdec/antenna/tag/e28068940000500386620d4f, 83
1652702768.697182, sdrt-health/mac:02010b41cdec/antenna/tag/e28068940000400386621d4f, 77
1652702768.697479, sdrt-health/mac:02010b41cdec/antenna/tag/e2806894000040038662114f, 85
1652702768.697751, sdrt-health/mac:02010b41cdec/antenna/tag/e2806894000040038661f94f, 84
1652702768.698022, sdrt-health/mac:02010b41cdec/antenna/tag/e28068940000400386621d4f, 96
1652702768.698322, sdrt-health/mac:02010b41cdec/antenna/tag/e2806894000040038661f94f, 94
1652702768.698592, sdrt-health/mac:02010b41cdec/antenna/tag/e2806894000050038661fd4f, 97
1652702768.698867, sdrt-health/mac:02010b41cdec/antenna/tag/e2806894000040038662114f, 91
1652702768.699172, sdrt-health/mac:02010b41cdec/antenna/tag/e2806894000050038662154f, 85
1652702768.699472, sdrt-health/mac:02010b41cdec/antenna/tag/e28068940000400386621d4f, 96
1652702768.69982, sdrt-health/mac:02010b41cdec/antenna/tag/e2806894000050038662154f, 88
1652702768.721947, sdrt-health/mac:02010b41cdec/antenna/tag/e2806894000050038662154f, 85
1652702768.778573, sdrt-health/mac:02010b41cdec/antenna/tag/e2806894000050038661fd4f, 91
1652702768.778811, sdrt-health/mac:02010b41cdec/antenna/tag/e2806894000050038662154f, 93
1652702768.794295, sdrt-health/mac:02010b41cdec/antenna/tag/e2806894000050038662194f, 84
1652702768.800618, sdrt-health/mac:02010b41cdec/antenna/tag/e28068940000400386621d4f, 77
1652702768.841324, sdrt-health/mac:02010b41cdec/antenna/tag/e2806894000040038662114f, 85
1652702768.881785, sdrt-health/mac:02010b41cdec/antenna/tag/e28068940000500386620d4f, 83
1652702768.921119, sdrt-health/mac:02010b41cdec/antenna/tag/e2806894000050038662154f, 91
1652702768.979427, sdrt-health/mac:02010b41cdec/antenna/tag/e2806894000050038662154f, 88
1652702769.040286, sdrt-health/mac:02010b41cdec/antenna/tag/e2806894000050038661fd4f, 91
1652702769.072686, sdrt-health/mac:02010b41cdec/antenna/tag/e28068940000400386621d4f, 96
1652702769.073063, sdrt-health/mac:02010b41cdec/antenna/tag/e28068940000500386620d4f, 90
1652702769.090884, sdrt-health/mac:02010b41cdec/antenna/tag/e2806894000040038661f94f, 84
1652702769.123528, sdrt-health/mac:02010b41cdec/antenna/tag/e2806894000050038662194f, 88
1652702769.241359, sdrt-health/mac:02010b41cdec/antenna/tag/e2806894000040038662114f, 85
1652702769.282418, sdrt-health/mac:02010b41cdec/antenna/tag/e2806894000050038662194f, 94
1652702769.316176, sdrt-health/mac:02010b41cdec/antenna/tag/e28068940000500386620d4f, 83
1652702769.316636, sdrt-health/mac:02010b41cdec/antenna/tag/e2806894000050038661fd4f, 97
1652702769.332668, sdrt-health/mac:02010b41cdec/antenna/tag/e28068940000400386621d4f, 77
1652702769.332972, sdrt-health/mac:02010b41cdec/antenna/tag/e2806894000050038662194f, 88
1652702769.333243, sdrt-health/mac:02010b41cdec/antenna/tag/e28068940000500386620d4f, 83
1652702769.390159, sdrt-health/mac:02010b41cdec/antenna/tag/e28068940000400386621d4f, 96
1652702769.441726, sdrt-health/mac:02010b41cdec/antenna/tag/e28068940000500386620d4f, 83
1652702769.49831, sdrt-health/mac:02010b41cdec/antenna/tag/e2806894000040038662214f, 81
1652702769.49886, sdrt-health/mac:02010b41cdec/antenna/tag/e28068940000500386620d4f, 90
1652702769.5225, sdrt-health/mac:02010b41cdec/antenna/tag/e2806894000050038661fd4f, 97
1652702769.593035, sdrt-health/mac:02010b41cdec/antenna/tag/e2806894000040038662114f, 88
1652702769.593532, sdrt-health/mac:02010b41cdec/antenna/tag/e28068940000400386621d4f, 77
1652702769.621668, sdrt-health/mac:02010b41cdec/antenna/tag/e28068940000500386620d4f, 90
1652702769.674498, sdrt-health/mac:02010b41cdec/antenna/tag/e2806894000050038662154f, 87
1652702769.711706, sdrt-health/mac:02010b41cdec/antenna/tag/e28068940000400386621d4f, 77
1652702769.762377, sdrt-health/mac:02010b41cdec/antenna/tag/e2806894000050038661fd4f, 91
1652702769.802308, sdrt-health/mac:02010b41cdec/antenna/tag/e28068940000500386620d4f, 90
1652702769.911695, sdrt-health/mac:02010b41cdec/antenna/tag/e2806894000050038662194f, 81
1652702769.951685, sdrt-health/mac:02010b41cdec/antenna/tag/e2806894000040038661f94f, 88
1652702770.008148, sdrt-health/mac:02010b41cdec/antenna/tag/e2806894000050038661fd4f, 91
1652702770.008625, sdrt-health/mac:02010b41cdec/antenna/tag/e2806894000050038662154f, 93
1652702770.024191, sdrt-health/mac:02010b41cdec/antenna/tag/e2806894000050038661fd4f, 91
1652702770.033912, sdrt-health/mac:02010b41cdec/antenna/tag/e2806894000050038662154f, 85
1652702770.039891, sdrt-health/mac:02010b41cdec/antenna/tag/e28068940000400386621d4f, 96
1652702770.08113, sdrt-health/mac:02010b41cdec/antenna/tag/e2806894000050038662154f, 88
1652702770.168608, sdrt-health/mac:02010b41cdec/antenna/tag/e28068940000500386620d4f, 83
1652702770.169107, sdrt-health/mac:02010b41cdec/antenna/tag/e2806894000050038662154f, 88
1652702770.191094, sdrt-health/mac:02010b41cdec/antenna/tag/e2806894000040038662114f, 88
1652702770.296069, sdrt-health/mac:02010b41cdec/antenna/tag/e2806894000040038662114f, 93
1652702770.378264, sdrt-health/mac:02010b41cdec/antenna/tag/e28068940000500386620d4f, 90
1652702770.412789, sdrt-health/mac:02010b41cdec/antenna/tag/e2806894000050038662154f, 85
1652702770.413213, sdrt-health/mac:02010b41cdec/antenna/tag/e28068940000400386621d4f, 77
1652702770.429734, sdrt-health/mac:02010b41cdec/antenna/tag/e28068940000500386620d4f, 90
1652702770.497315, sdrt-health/mac:02010b41cdec/antenna/tag/e2806894000040038662114f, 88
1652702770.497754, sdrt-health/mac:02010b41cdec/antenna/tag/e2806894000050038662154f, 88
1652702770.513733, sdrt-health/mac:02010b41cdec/antenna/tag/e28068940000500386620d4f, 90
1652702770.514202, sdrt-health/mac:02010b41cdec/antenna/tag/e2806894000050038661fd4f, 83
1652702770.552342, sdrt-health/mac:02010b41cdec/antenna/tag/e2806894000050038661fd4f, 83
1652702770.626384, sdrt-health/mac:02010b41cdec/antenna/tag/e2806894000050038661fd4f, 83
1652702770.723282, sdrt-health/mac:02010b41cdec/antenna/tag/e28068940000400386621d4f, 77
1652702770.760794, sdrt-health/mac:02010b41cdec/antenna/tag/e28068940000400386621d4f, 77
1652702770.801483, sdrt-health/mac:02010b41cdec/antenna/tag/e2806894000040038661f94f, 81
1652702770.858998, sdrt-health/mac:02010b41cdec/antenna/tag/e2806894000040038662114f, 85
1652702770.859481, sdrt-health/mac:02010b41cdec/antenna/tag/e28068940000500386620d4f, 90
1652702770.876322, sdrt-health/mac:02010b41cdec/antenna/tag/e28068940000400386621d4f, 77
1652702770.876794, sdrt-health/mac:02010b41cdec/antenna/tag/e2806894000050038662154f, 85
1652702770.882659, sdrt-health/mac:02010b41cdec/antenna/tag/e2806894000050038662154f, 85
1652702770.892779, sdrt-health/mac:02010b41cdec/antenna/tag/e28068940000500386620d4f, 83
1652702770.921234, sdrt-health/mac:02010b41cdec/antenna/tag/e28068940000500386620d4f, 83
1652702770.981915, sdrt-health/mac:02010b41cdec/antenna/tag/e2806894000050038662154f, 85
1652702771.031928, sdrt-health/mac:02010b41cdec/antenna/tag/e2806894000050038662194f, 81
1652702771.087177, sdrt-health/mac:02010b41cdec/antenna/tag/e28068940000500386620d4f, 83
1652702771.087609, sdrt-health/mac:02010b41cdec/antenna/tag/e28068940000500386620d4f, 83
1652702771.120551, sdrt-health/mac:02010b41cdec/antenna/tag/e2806894000040038662114f, 88
1652702771.17778, sdrt-health/mac:02010b41cdec/antenna/tag/e2806894000050038662154f, 91
1652702771.178191, sdrt-health/mac:02010b41cdec/antenna/tag/e2806894000050038661fd4f, 91
1652702771.193561, sdrt-health/mac:02010b41cdec/antenna/tag/e2806894000050038661fd4f, 91
1652702771.202409, sdrt-health/mac:02010b41cdec/antenna/tag/e2806894000050038661fd4f, 91
1652702771.209765, sdrt-health/mac:02010b41cdec/antenna/tag/e2806894000050038662154f, 88
1652702771.271404, sdrt-health/mac:02010b41cdec/antenna/tag/e2806894000050038662154f, 85
1652702771.311355, sdrt-health/mac:02010b41cdec/antenna/tag/e28068940000500386620d4f, 90
1652702771.351306, sdrt-health/mac:02010b41cdec/antenna/tag/e2806894000040038662114f, 85
1652702771.414229, sdrt-health/mac:02010b41cdec/antenna/tag/e2806894000050038661fd4f, 86
1652702771.414709, sdrt-health/mac:02010b41cdec/antenna/tag/e28068940000400386621d4f, 96
1652702771.415052, sdrt-health/mac:02010b41cdec/antenna/tag/e28068940000500386620d4f, 83
1652702771.471116, sdrt-health/mac:02010b41cdec/antenna/tag/e28068940000500386620d4f, 90
1652702771.511408, sdrt-health/mac:02010b41cdec/antenna/tag/e28068940000400386621d4f, 96
1652702771.567582, sdrt-health/mac:02010b41cdec/antenna/tag/e2806894000050038661fd4f, 83
1652702771.568186, sdrt-health/mac:02010b41cdec/antenna/tag/e2806894000050038661fd4f, 83
1652702771.601691, sdrt-health/mac:02010b41cdec/antenna/tag/e2806894000050038662194f, 81
1652702771.642275, sdrt-health/mac:02010b41cdec/antenna/tag/e28068940000400386621d4f, 77
1652702771.698211, sdrt-health/mac:02010b41cdec/antenna/tag/e2806894000040038662114f, 88
1652702771.69868, sdrt-health/mac:02010b41cdec/antenna/tag/e28068940000500386620d4f, 90
1652702771.721956, sdrt-health/mac:02010b41cdec/antenna/tag/e28068940000400386621d4f, 96
1652702771.760833, sdrt-health/mac:02010b41cdec/antenna/tag/e2806894000050038661fd4f, 91
1652702771.830935, sdrt-health/mac:02010b41cdec/antenna/tag/e28068940000500386620d4f, 90
1652702771.881358, sdrt-health/mac:02010b41cdec/antenna/tag/e2806894000050038662154f, 93
1652702771.92179, sdrt-health/mac:02010b41cdec/antenna/tag/e28068940000500386620d4f, 90
1652702771.992713, sdrt-health/mac:02010b41cdec/antenna/tag/e2806894000050038662154f, 93
1652702771.993185, sdrt-health/mac:02010b41cdec/antenna/tag/e2806894000040038662114f, 87
1652702772.021575, sdrt-health/mac:02010b41cdec/antenna/tag/e28068940000500386620d4f, 83
1652702772.07145, sdrt-health/mac:02010b41cdec/antenna/tag/e28068940000400386621d4f, 77
1652702772.110867, sdrt-health/mac:02010b41cdec/antenna/tag/e2806894000050038661fd4f, 97
1652702772.163471, sdrt-health/mac:02010b41cdec/antenna/tag/e2806894000050038662194f, 83
1652702772.217745, sdrt-health/mac:02010b41cdec/antenna/tag/e2806894000040038662114f, 88
1652702772.218238, sdrt-health/mac:02010b41cdec/antenna/tag/e2806894000050038662194f, 88
1652702772.23333, sdrt-health/mac:02010b41cdec/antenna/tag/e2806894000050038662154f, 85
1652702772.241686, sdrt-health/mac:02010b41cdec/antenna/tag/e2806894000050038662154f, 85
1652702772.282022, sdrt-health/mac:02010b41cdec/antenna/tag/e2806894000040038662114f, 93
1652702772.322122, sdrt-health/mac:02010b41cdec/antenna/tag/e28068940000400386621d4f, 77
1652702772.408248, sdrt-health/mac:02010b41cdec/antenna/tag/e2806894000050038662154f, 88
1652702772.408806, sdrt-health/mac:02010b41cdec/antenna/tag/e28068940000400386621d4f, 96
1652702772.431267, sdrt-health/mac:02010b41cdec/antenna/tag/e2806894000050038661fd4f, 91
1652702772.471385, sdrt-health/mac:02010b41cdec/antenna/tag/e2806894000040038661f94f, 81
1652702772.511872, sdrt-health/mac:02010b41cdec/antenna/tag/e2806894000040038661f94f, 88
1652702772.551231, sdrt-health/mac:02010b41cdec/antenna/tag/e2806894000050038661fd4f, 83
1652702772.6096, sdrt-health/mac:02010b41cdec/antenna/tag/e2806894000040038662114f, 85
1652702772.61007, sdrt-health/mac:02010b41cdec/antenna/tag/e2806894000050038661fd4f, 97
1652702772.641517, sdrt-health/mac:02010b41cdec/antenna/tag/e28068940000500386620d4f, 83
1652702772.681334, sdrt-health/mac:02010b41cdec/antenna/tag/e28068940000400386621d4f, 96
1652702772.737365, sdrt-health/mac:02010b41cdec/antenna/tag/e28068940000400386621d4f, 96
1652702772.737872, sdrt-health/mac:02010b41cdec/antenna/tag/e2806894000050038662154f, 88
1652702772.777718, sdrt-health/mac:02010b41cdec/antenna/tag/e28068940000500386620d4f, 90
1652702772.820918, sdrt-health/mac:02010b41cdec/antenna/tag/e2806894000050038662154f, 85
1652702772.871485, sdrt-health/mac:02010b41cdec/antenna/tag/e2806894000050038661fd4f, 91
1652702772.911371, sdrt-health/mac:02010b41cdec/antenna/tag/e28068940000400386621d4f, 77
1652702772.951829, sdrt-health/mac:02010b41cdec/antenna/tag/e2806894000050038661fd4f, 91
1652702772.985055, sdrt-health/mac:02010b41cdec/antenna/tag/e28068940000500386620d4f, 90
1652702772.985352, sdrt-health/mac:02010b41cdec/antenna/tag/e2806894000040038662114f, 93
1652702773.028165, sdrt-health/mac:02010b41cdec/antenna/tag/e2806894000050038662154f, 88
1652702773.071443, sdrt-health/mac:02010b41cdec/antenna/tag/e2806894000050038661fd4f, 83
1652702773.160152, sdrt-health/mac:02010b41cdec/antenna/tag/e28068940000500386620d4f, 90
1652702773.160637, sdrt-health/mac:02010b41cdec/antenna/tag/e2806894000050038662154f, 88
1652702773.192812, sdrt-health/mac:02010b41cdec/antenna/tag/e28068940000500386620d4f, 83
1652702773.248162, sdrt-health/mac:02010b41cdec/antenna/tag/e2806894000050038661fd4f, 83
1652702773.248454, sdrt-health/mac:02010b41cdec/antenna/tag/e2806894000050038662154f, 85
1652702773.282591, sdrt-health/mac:02010b41cdec/antenna/tag/e2806894000040038662114f, 87
1652702773.322201, sdrt-health/mac:02010b41cdec/antenna/tag/e2806894000050038662154f, 85
1652702773.362752, sdrt-health/mac:02010b41cdec/antenna/tag/e2806894000040038662214f, 88
1652702773.431997, sdrt-health/mac:02010b41cdec/antenna/tag/e28068940000500386620d4f, 80
1652702773.472898, sdrt-health/mac:02010b41cdec/antenna/tag/e2806894000040038662114f, 85
1652702773.528852, sdrt-health/mac:02010b41cdec/antenna/tag/e28068940000400386621d4f, 77
1652702773.529314, sdrt-health/mac:02010b41cdec/antenna/tag/e28068940000500386620d4f, 83
1652702773.551788, sdrt-health/mac:02010b41cdec/antenna/tag/e2806894000050038661fd4f, 97
1652702773.610503, sdrt-health/mac:02010b41cdec/antenna/tag/e28068940000400386621d4f, 96
1652702773.61092, sdrt-health/mac:02010b41cdec/antenna/tag/e28068940000500386620d4f, 83
1652702773.627793, sdrt-health/mac:02010b41cdec/antenna/tag/e28068940000400386621d4f, 77
1652702773.632211, sdrt-health/mac:02010b41cdec/antenna/tag/e28068940000500386620d4f, 83
1652702773.683564, sdrt-health/mac:02010b41cdec/antenna/tag/e28068940000500386620d4f, 83
1652702773.721728, sdrt-health/mac:02010b41cdec/antenna/tag/e2806894000050038661fd4f, 91
1652702773.810651, sdrt-health/mac:02010b41cdec/antenna/tag/e2806894000040038662114f, 93
1652702773.811179, sdrt-health/mac:02010b41cdec/antenna/tag/e2806894000050038661fd4f, 83
1652702773.849994, sdrt-health/mac:02010b41cdec/antenna/tag/e2806894000050038662154f, 85
1652702773.895661, sdrt-health/mac:02010b41cdec/antenna/tag/e2806894000050038661fd4f, 83
1652702773.932269, sdrt-health/mac:02010b41cdec/antenna/tag/e28068940000500386620d4f, 83
1652702773.976366, sdrt-health/mac:02010b41cdec/antenna/tag/e2806894000040038662114f, 85
1652702774.101467, sdrt-health/mac:02010b41cdec/antenna/tag/e2806894000040038662114f, 85
1652702774.134372, sdrt-health/mac:02010b41cdec/antenna/tag/e28068940000500386620d4f, 83
1652702774.134931, sdrt-health/mac:02010b41cdec/antenna/tag/e2806894000050038661fd4f, 83
1652702774.135426, sdrt-health/mac:02010b41cdec/antenna/tag/e2806894000040038662114f, 85
1652702774.151037, sdrt-health/mac:02010b41cdec/antenna/tag/e2806894000050038662154f, 88
1652702774.20731, sdrt-health/mac:02010b41cdec/antenna/tag/e2806894000040038662114f, 88
1652702774.207594, sdrt-health/mac:02010b41cdec/antenna/tag/e2806894000050038661fd4f, 91
1652702774.223966, sdrt-health/mac:02010b41cdec/antenna/tag/e2806894000050038662154f, 85
1652702774.240689, sdrt-health/mac:02010b41cdec/antenna/tag/e28068940000400386621d4f, 77
1652702774.297572, sdrt-health/mac:02010b41cdec/antenna/tag/e28068940000400386621d4f, 77
1652702774.3424, sdrt-health/mac:02010b41cdec/antenna/tag/e2806894000050038661fd4f, 83
1652702774.395945, sdrt-health/mac:02010b41cdec/antenna/tag/e2806894000050038662154f, 88
1652702774.455673, sdrt-health/mac:02010b41cdec/antenna/tag/e28068940000400386621d4f, 96
1652702774.456196, sdrt-health/mac:02010b41cdec/antenna/tag/e28068940000500386620d4f, 83
1652702774.469883, sdrt-health/mac:02010b41cdec/antenna/tag/e28068940000500386620d4f, 90
1652702774.481447, sdrt-health/mac:02010b41cdec/antenna/tag/e28068940000400386621d4f, 96
1652702774.485676, sdrt-health/mac:02010b41cdec/antenna/tag/e2806894000050038661fd4f, 83
1652702774.538044, sdrt-health/mac:02010b41cdec/antenna/tag/e28068940000500386620d4f, 90
1652702774.59829, sdrt-health/mac:02010b41cdec/antenna/tag/e2806894000040038662114f, 91
1652702774.598753, sdrt-health/mac:02010b41cdec/antenna/tag/e2806894000040038662114f, 93
1652702774.615167, sdrt-health/mac:02010b41cdec/antenna/tag/e2806894000040038661f94f, 94
1652702774.632182, sdrt-health/mac:02010b41cdec/antenna/tag/e28068940000400386621d4f, 77
1652702774.728044, sdrt-health/mac:02010b41cdec/antenna/tag/e2806894000050038662154f, 85
1652702774.728537, sdrt-health/mac:02010b41cdec/antenna/tag/e28068940000500386620d4f, 90
1652702774.775839, sdrt-health/mac:02010b41cdec/antenna/tag/e28068940000500386620d4f, 90
1652702774.822309, sdrt-health/mac:02010b41cdec/antenna/tag/e2806894000040038662214f, 94
1652702774.872218, sdrt-health/mac:02010b41cdec/antenna/tag/e28068940000500386620d4f, 83
1652702774.911595, sdrt-health/mac:02010b41cdec/antenna/tag/e2806894000050038661fd4f, 97
1652702774.94327, sdrt-health/mac:02010b41cdec/antenna/tag/e2806894000050038661fd4f, 97
1652702774.943503, sdrt-health/mac:02010b41cdec/antenna/tag/e2806894000050038662154f, 85
1652702774.958441, sdrt-health/mac:02010b41cdec/antenna/tag/e2806894000050038662154f, 85
1652702774.990368, sdrt-health/mac:02010b41cdec/antenna/tag/e2806894000050038661fd4f, 83
1652702775.067124, sdrt-health/mac:02010b41cdec/antenna/tag/e2806894000050038662154f, 88
1652702775.06757, sdrt-health/mac:02010b41cdec/antenna/tag/e28068940000400386621d4f, 96
1652702775.08344, sdrt-health/mac:02010b41cdec/antenna/tag/e28068940000500386620d4f, 90
1652702775.083724, sdrt-health/mac:02010b41cdec/antenna/tag/e28068940000500386620d4f, 83
1652702775.083936, sdrt-health/mac:02010b41cdec/antenna/tag/e28068940000400386621d4f, 77
1652702775.100689, sdrt-health/mac:02010b41cdec/antenna/tag/e2806894000050038662194f, 88
1652702775.150348, sdrt-health/mac:02010b41cdec/antenna/tag/e28068940000400386621d4f, 96
1652702775.209525, sdrt-health/mac:02010b41cdec/antenna/tag/e2806894000040038662114f, 85
1652702775.20998, sdrt-health/mac:02010b41cdec/antenna/tag/e2806894000050038662194f, 81
1652702775.210366, sdrt-health/mac:02010b41cdec/antenna/tag/e28068940000400386621d4f, 96
1652702775.22561, sdrt-health/mac:02010b41cdec/antenna/tag/e2806894000050038661fd4f, 97
1652702775.232385, sdrt-health/mac:02010b41cdec/antenna/tag/e28068940000500386620d4f, 83
1652702775.282517, sdrt-health/mac:02010b41cdec/antenna/tag/e2806894000040038662114f, 85
1652702775.336965, sdrt-health/mac:02010b41cdec/antenna/tag/e2806894000050038662154f, 85
1652702775.392196, sdrt-health/mac:02010b41cdec/antenna/tag/e2806894000050038662194f, 81
1652702775.392718, sdrt-health/mac:02010b41cdec/antenna/tag/e2806894000050038661fd4f, 91
1652702775.39306, sdrt-health/mac:02010b41cdec/antenna/tag/e2806894000050038661fd4f, 83
1652702775.407798, sdrt-health/mac:02010b41cdec/antenna/tag/e28068940000400386621d4f, 96
1652702775.415644, sdrt-health/mac:02010b41cdec/antenna/tag/e2806894000040038662114f, 88
1652702775.423498, sdrt-health/mac:02010b41cdec/antenna/tag/e2806894000050038661fd4f, 83
1652702775.461196, sdrt-health/mac:02010b41cdec/antenna/tag/e28068940000400386621d4f, 96
1652702775.527436, sdrt-health/mac:02010b41cdec/antenna/tag/e2806894000050038662154f, 88
1652702775.527948, sdrt-health/mac:02010b41cdec/antenna/tag/e28068940000500386620d4f, 83
1652702775.716633, sdrt-health/mac:02010b41cdec/antenna/tag/scan, scan stopped
