1652702673.364374, sdrt-health/mac:02010b41cdec/antenna/power/set, {"power": 300}
1652702674.442986, sdrt-health/mac:02010b41cdec/antenna/power/set, 
1652702678.385162, sdrt-health/mac:02010b41cdec/antenna/tag/scan, {"time": 20000}
1652702678.731026, sdrt-health/mac:02010b41cdec/antenna/tag/e28068940000500386620d4f, 83
1652702678.775089, sdrt-health/mac:02010b41cdec/antenna/tag/e2806894000040038662114f, 85
1652702678.82106, sdrt-health/mac:02010b41cdec/antenna/tag/e2806894000050038662194f, 82
1652702678.862237, sdrt-health/mac:02010b41cdec/antenna/tag/e2806894000040038662214f, 81
1652702678.915384, sdrt-health/mac:02010b41cdec/antenna/tag/e2806894000040038661f94f, 84
1652702678.915807, sdrt-health/mac:02010b41cdec/antenna/tag/e2806894000040038662214f, 88
1652702678.951228, sdrt-health/mac:02010b41cdec/antenna/tag/e2806894000050038662154f, 85
1652702679.007236, sdrt-health/mac:02010b41cdec/antenna/tag/e2806894000050038662154f, 85
1652702679.007729, sdrt-health/mac:02010b41cdec/antenna/tag/e28068940000500386620d4f, 83
1652702679.023774, sdrt-health/mac:02010b41cdec/antenna/tag/e2806894000050038661fd4f, 97
1652702679.04038, sdrt-health/mac:02010b41cdec/antenna/tag/e2806894000040038662114f, 88
1652702679.081891, sdrt-health/mac:02010b41cdec/antenna/tag/e2806894000040038662114f, 88
1652702679.147707, sdrt-health/mac:02010b41cdec/antenna/tag/e28068940000400386621d4f, 96
1652702679.148009, sdrt-health/mac:02010b41cdec/antenna/tag/e28068940000400386621d4f, 96
1652702679.175313, sdrt-health/mac:02010b41cdec/antenna/tag/e2806894000050038662154f, 85
1652702679.222136, sdrt-health/mac:02010b41cdec/antenna/tag/e28068940000400386621d4f, 96
1652702679.271858, sdrt-health/mac:02010b41cdec/antenna/tag/e2806894000050038661fd4f, 83
1652702679.31219, sdrt-health/mac:02010b41cdec/antenna/tag/e28068940000400386621d4f, 77
1652702679.379224, sdrt-health/mac:02010b41cdec/antenna/tag/e2806894000040038662114f, 88
1652702679.379458, sdrt-health/mac:02010b41cdec/antenna/tag/e2806894000050038662154f, 93
1652702679.394842, sdrt-health/mac:02010b41cdec/antenna/tag/e28068940000500386620d4f, 83
1652702679.402448, sdrt-health/mac:02010b41cdec/antenna/tag/e2806894000050038662154f, 85
1652702679.45619, sdrt-health/mac:02010b41cdec/antenna/tag/e28068940000500386620d4f, 83
1652702679.496092, sdrt-health/mac:02010b41cdec/antenna/tag/e2806894000050038661fd4f, 83
1652702679.56657, sdrt-health/mac:02010b41cdec/antenna/tag/e2806894000040038662114f, 85
1652702679.56683, sdrt-health/mac:02010b41cdec/antenna/tag/e28068940000500386620d4f, 83
1652702679.601848, sdrt-health/mac:02010b41cdec/antenna/tag/e2806894000050038661fd4f, 97
1652702679.636036, sdrt-health/mac:02010b41cdec/antenna/tag/e2806894000040038662114f, 85
1652702679.636375, sdrt-health/mac:02010b41cdec/antenna/tag/e28068940000500386620d4f, 83
1652702679.653559, sdrt-health/mac:02010b41cdec/antenna/tag/e2806894000040038662114f, 93
1652702679.653877, sdrt-health/mac:02010b41cdec/antenna/tag/e2806894000050038662154f, 85
1652702679.689336, sdrt-health/mac:02010b41cdec/antenna/tag/e2806894000040038662214f, 88
1652702679.747799, sdrt-health/mac:02010b41cdec/antenna/tag/e28068940000500386620d4f, 83
1652702679.811019, sdrt-health/mac:02010b41cdec/antenna/tag/e2806894000040038661f94f, 88
1652702679.811515, sdrt-health/mac:02010b41cdec/antenna/tag/e2806894000050038661fd4f, 91
1652702679.828232, sdrt-health/mac:02010b41cdec/antenna/tag/e2806894000050038661fd4f, 91
1652702679.880094, sdrt-health/mac:02010b41cdec/antenna/tag/e28068940000400386621d4f, 77
1652702679.880623, sdrt-health/mac:02010b41cdec/antenna/tag/e28068940000400386621d4f, 77
1652702679.91241, sdrt-health/mac:02010b41cdec/antenna/tag/e2806894000050038662154f, 88
1652702679.963404, sdrt-health/mac:02010b41cdec/antenna/tag/e28068940000500386620d4f, 80
1652702679.999213, sdrt-health/mac:02010b41cdec/antenna/tag/e2806894000050038662154f, 88
1652702679.999604, sdrt-health/mac:02010b41cdec/antenna/tag/e28068940000500386620d4f, 90
1652702680.015176, sdrt-health/mac:02010b41cdec/antenna/tag/e28068940000400386621d4f, 96
1652702680.015503, sdrt-health/mac:02010b41cdec/antenna/tag/e28068940000500386620d4f, 90
1652702680.015758, sdrt-health/mac:02010b41cdec/antenna/tag/e2806894000050038662154f, 88
1652702680.05597, sdrt-health/mac:02010b41cdec/antenna/tag/e2806894000040038662114f, 85
1652702680.121759, sdrt-health/mac:02010b41cdec/antenna/tag/e2806894000040038662114f, 85
1652702680.16934, sdrt-health/mac:02010b41cdec/antenna/tag/e28068940000500386620d4f, 83
1652702680.200891, sdrt-health/mac:02010b41cdec/antenna/tag/e2806894000050038662154f, 88
1652702680.201118, sdrt-health/mac:02010b41cdec/antenna/tag/e2806894000040038662114f, 85
1652702680.201284, sdrt-health/mac:02010b41cdec/antenna/tag/e28068940000500386620d4f, 90
1652702680.215541, sdrt-health/mac:02010b41cdec/antenna/tag/e28068940000500386620d4f, 83
1652702680.262247, sdrt-health/mac:02010b41cdec/antenna/tag/e2806894000040038662114f, 85
1652702680.379872, sdrt-health/mac:02010b41cdec/antenna/tag/e2806894000050038662154f, 93
1652702680.380287, sdrt-health/mac:02010b41cdec/antenna/tag/e28068940000500386620d4f, 83
1652702680.441398, sdrt-health/mac:02010b41cdec/antenna/tag/e2806894000050038661fd4f, 83
1652702680.507359, sdrt-health/mac:02010b41cdec/antenna/tag/e2806894000050038661fd4f, 83
1652702680.507591, sdrt-health/mac:02010b41cdec/antenna/tag/e2806894000050038661fd4f, 83
1652702680.52246, sdrt-health/mac:02010b41cdec/antenna/tag/e28068940000500386620d4f, 90
1652702680.52269, sdrt-health/mac:02010b41cdec/antenna/tag/e2806894000040038662114f, 88
1652702680.53516, sdrt-health/mac:02010b41cdec/antenna/tag/e28068940000400386621d4f, 96
1652702680.582242, sdrt-health/mac:02010b41cdec/antenna/tag/e2806894000040038662114f, 85
1652702680.613977, sdrt-health/mac:02010b41cdec/antenna/tag/e2806894000050038662154f, 91
1652702680.614216, sdrt-health/mac:02010b41cdec/antenna/tag/e28068940000500386620d4f, 83
1652702680.641195, sdrt-health/mac:02010b41cdec/antenna/tag/e2806894000050038662154f, 85
1652702680.682083, sdrt-health/mac:02010b41cdec/antenna/tag/e2806894000050038661fd4f, 97
1652702680.713159, sdrt-health/mac:02010b41cdec/antenna/tag/e2806894000050038662154f, 85
1652702680.713683, sdrt-health/mac:02010b41cdec/antenna/tag/e2806894000040038662114f, 93
1652702680.713833, sdrt-health/mac:02010b41cdec/antenna/tag/e2806894000040038661f94f, 82
1652702680.713937, sdrt-health/mac:02010b41cdec/antenna/tag/e2806894000050038661fd4f, 91
1652702680.728184, sdrt-health/mac:02010b41cdec/antenna/tag/e2806894000050038662154f, 85
1652702680.760696, sdrt-health/mac:02010b41cdec/antenna/tag/e28068940000400386621d4f, 77
1652702680.80239, sdrt-health/mac:02010b41cdec/antenna/tag/e28068940000500386620d4f, 83
1652702680.874782, sdrt-health/mac:02010b41cdec/antenna/tag/e2806894000050038662154f, 85
1652702680.875098, sdrt-health/mac:02010b41cdec/antenna/tag/e28068940000500386620d4f, 83
1652702680.889629, sdrt-health/mac:02010b41cdec/antenna/tag/e2806894000050038661fd4f, 88
1652702680.901063, sdrt-health/mac:02010b41cdec/antenna/tag/e28068940000400386621d4f, 96
1652702680.94431, sdrt-health/mac:02010b41cdec/antenna/tag/e2806894000050038662154f, 88
1652702681.006438, sdrt-health/mac:02010b41cdec/antenna/tag/e2806894000050038662154f, 88
1652702681.006667, sdrt-health/mac:02010b41cdec/antenna/tag/e2806894000050038662154f, 88
1652702681.029971, sdrt-health/mac:02010b41cdec/antenna/tag/e2806894000040038662114f, 85
1652702681.079191, sdrt-health/mac:02010b41cdec/antenna/tag/e2806894000050038662154f, 85
1652702681.137683, sdrt-health/mac:02010b41cdec/antenna/tag/e28068940000400386621d4f, 96
1652702681.138123, sdrt-health/mac:02010b41cdec/antenna/tag/e2806894000050038661fd4f, 97
1652702681.153535, sdrt-health/mac:02010b41cdec/antenna/tag/e2806894000040038662114f, 88
1652702681.160907, sdrt-health/mac:02010b41cdec/antenna/tag/e28068940000400386621d4f, 77
1652702681.168745, sdrt-health/mac:02010b41cdec/antenna/tag/e2806894000050038662194f, 81
1652702681.209647, sdrt-health/mac:02010b41cdec/antenna/tag/e2806894000050038662154f, 88
1652702681.2586, sdrt-health/mac:02010b41cdec/antenna/tag/e28068940000500386620d4f, 90
1652702681.258962, sdrt-health/mac:02010b41cdec/antenna/tag/e2806894000050038662194f, 81
1652702681.300004, sdrt-health/mac:02010b41cdec/antenna/tag/e2806894000050038661fd4f, 91
1652702681.352221, sdrt-health/mac:02010b41cdec/antenna/tag/e28068940000500386620d4f, 83
1652702681.449686, sdrt-health/mac:02010b41cdec/antenna/tag/e28068940000500386620d4f, 83
1652702681.49592, sdrt-health/mac:02010b41cdec/antenna/tag/e2806894000050038662154f, 85
1652702681.542254, sdrt-health/mac:02010b41cdec/antenna/tag/e2806894000050038662154f, 88
1652702681.575858, sdrt-health/mac:02010b41cdec/antenna/tag/e28068940000500386620d4f, 83
1652702681.576212, sdrt-health/mac:02010b41cdec/antenna/tag/e28068940000500386620d4f, 83
1652702681.600018, sdrt-health/mac:02010b41cdec/antenna/tag/e2806894000040038662114f, 88
1652702681.670929, sdrt-health/mac:02010b41cdec/antenna/tag/e2806894000050038662154f, 88
1652702681.671144, sdrt-health/mac:02010b41cdec/antenna/tag/e28068940000500386620d4f, 83
1652702681.687379, sdrt-health/mac:02010b41cdec/antenna/tag/e2806894000050038661fd4f, 83
1652702681.700869, sdrt-health/mac:02010b41cdec/antenna/tag/e2806894000040038661f94f, 94
1652702681.704638, sdrt-health/mac:02010b41cdec/antenna/tag/e2806894000050038661fd4f, 97
1652702681.760502, sdrt-health/mac:02010b41cdec/antenna/tag/e2806894000050038662154f, 85
1652702681.830873, sdrt-health/mac:02010b41cdec/antenna/tag/e2806894000040038661f94f, 84
1652702681.831139, sdrt-health/mac:02010b41cdec/antenna/tag/e2806894000050038661fd4f, 97
1652702681.847053, sdrt-health/mac:02010b41cdec/antenna/tag/e2806894000040038662114f, 88
1652702681.871489, sdrt-health/mac:02010b41cdec/antenna/tag/e2806894000040038662114f, 85
1652702681.922445, sdrt-health/mac:02010b41cdec/antenna/tag/e2806894000040038661f94f, 83
1652702681.979994, sdrt-health/mac:02010b41cdec/antenna/tag/e2806894000040038662214f, 94
1652702681.980703, sdrt-health/mac:02010b41cdec/antenna/tag/e2806894000040038662214f, 94
1652702682.002154, sdrt-health/mac:02010b41cdec/antenna/tag/e2806894000040038662114f, 87
1652702682.035347, sdrt-health/mac:02010b41cdec/antenna/tag/e2806894000040038661f94f, 94
1652702682.035659, sdrt-health/mac:02010b41cdec/antenna/tag/e2806894000040038662214f, 94
1652702682.03585, sdrt-health/mac:02010b41cdec/antenna/tag/e2806894000050038661fd4f, 91
1652702682.082423, sdrt-health/mac:02010b41cdec/antenna/tag/e28068940000500386620d4f, 90
1652702682.121354, sdrt-health/mac:02010b41cdec/antenna/tag/e28068940000500386620d4f, 90
1652702682.152902, sdrt-health/mac:02010b41cdec/antenna/tag/e2806894000040038662114f, 85
1652702682.153304, sdrt-health/mac:02010b41cdec/antenna/tag/e28068940000400386621d4f, 77
1652702682.168789, sdrt-health/mac:02010b41cdec/antenna/tag/e2806894000050038662154f, 85
1652702682.201229, sdrt-health/mac:02010b41cdec/antenna/tag/e2806894000050038662194f, 88
1652702682.25809, sdrt-health/mac:02010b41cdec/antenna/tag/e2806894000050038661fd4f, 91
1652702682.258571, sdrt-health/mac:02010b41cdec/antenna/tag/e28068940000500386620d4f, 90
1652702682.273245, sdrt-health/mac:02010b41cdec/antenna/tag/e28068940000500386620d4f, 83
1652702682.273454, sdrt-health/mac:02010b41cdec/antenna/tag/e2806894000050038662154f, 93
1652702682.29811, sdrt-health/mac:02010b41cdec/antenna/tag/e28068940000500386620d4f, 90
1652702682.349611, sdrt-health/mac:02010b41cdec/antenna/tag/e2806894000040038662114f, 85
1652702682.390746, sdrt-health/mac:02010b41cdec/antenna/tag/e28068940000400386621d4f, 96
1652702682.421306, sdrt-health/mac:02010b41cdec/antenna/tag/e2806894000040038662114f, 88
1652702682.4216, sdrt-health/mac:02010b41cdec/antenna/tag/e2806894000040038662114f, 85
1652702682.437758, sdrt-health/mac:02010b41cdec/antenna/tag/e28068940000400386621d4f, 77
1652702682.481202, sdrt-health/mac:02010b41cdec/antenna/tag/e2806894000040038662114f, 85
1652702682.566442, sdrt-health/mac:02010b41cdec/antenna/tag/e2806894000050038662194f, 88
1652702682.567015, sdrt-health/mac:02010b41cdec/antenna/tag/e2806894000050038662154f, 85
1652702682.591662, sdrt-health/mac:02010b41cdec/antenna/tag/e2806894000040038662114f, 88
1652702682.704466, sdrt-health/mac:02010b41cdec/antenna/tag/e28068940000400386621d4f, 96
1652702682.737141, sdrt-health/mac:02010b41cdec/antenna/tag/e2806894000050038662154f, 88
1652702682.737452, sdrt-health/mac:02010b41cdec/antenna/tag/e28068940000500386620d4f, 83
1652702682.752798, sdrt-health/mac:02010b41cdec/antenna/tag/e2806894000050038662194f, 84
1652702682.753004, sdrt-health/mac:02010b41cdec/antenna/tag/e2806894000050038662194f, 81
1652702682.792101, sdrt-health/mac:02010b41cdec/antenna/tag/e2806894000040038662114f, 88
1652702682.830713, sdrt-health/mac:02010b41cdec/antenna/tag/e2806894000050038662154f, 85
1652702682.882653, sdrt-health/mac:02010b41cdec/antenna/tag/e28068940000500386620d4f, 90
1652702682.935975, sdrt-health/mac:02010b41cdec/antenna/tag/e28068940000400386621d4f, 77
1652702682.936472, sdrt-health/mac:02010b41cdec/antenna/tag/e2806894000050038662194f, 81
1652702683.001559, sdrt-health/mac:02010b41cdec/antenna/tag/e2806894000040038662114f, 85
1652702683.041339, sdrt-health/mac:02010b41cdec/antenna/tag/e2806894000040038662114f, 88
1652702683.081549, sdrt-health/mac:02010b41cdec/antenna/tag/e2806894000050038662154f, 85
1652702683.199717, sdrt-health/mac:02010b41cdec/antenna/tag/e2806894000050038661fd4f, 83
1652702683.230149, sdrt-health/mac:02010b41cdec/antenna/tag/e28068940000500386620d4f, 83
1652702683.230355, sdrt-health/mac:02010b41cdec/antenna/tag/e2806894000040038662114f, 88
1652702683.230569, sdrt-health/mac:02010b41cdec/antenna/tag/e2806894000040038662114f, 88
1652702683.23068, sdrt-health/mac:02010b41cdec/antenna/tag/e2806894000050038662154f, 88
1652702683.246332, sdrt-health/mac:02010b41cdec/antenna/tag/e2806894000050038662154f, 85
1652702683.246556, sdrt-health/mac:02010b41cdec/antenna/tag/e2806894000050038661fd4f, 91
1652702683.281949, sdrt-health/mac:02010b41cdec/antenna/tag/e28068940000400386621d4f, 77
1652702683.316402, sdrt-health/mac:02010b41cdec/antenna/tag/e2806894000050038662154f, 85
1652702683.31676, sdrt-health/mac:02010b41cdec/antenna/tag/e2806894000050038661fd4f, 91
1652702683.336827, sdrt-health/mac:02010b41cdec/antenna/tag/e2806894000040038662114f, 85
1652702683.381756, sdrt-health/mac:02010b41cdec/antenna/tag/e28068940000500386620d4f, 83
1652702683.448202, sdrt-health/mac:02010b41cdec/antenna/tag/e28068940000400386621d4f, 96
1652702683.448744, sdrt-health/mac:02010b41cdec/antenna/tag/e2806894000050038661fd4f, 91
1652702683.471603, sdrt-health/mac:02010b41cdec/antenna/tag/e2806894000050038662194f, 94
1652702683.541953, sdrt-health/mac:02010b41cdec/antenna/tag/e2806894000050038662194f, 94
1652702683.599399, sdrt-health/mac:02010b41cdec/antenna/tag/e2806894000040038662114f, 85
1652702683.656212, sdrt-health/mac:02010b41cdec/antenna/tag/e2806894000050038661fd4f, 91
1652702683.718629, sdrt-health/mac:02010b41cdec/antenna/tag/e28068940000500386620d4f, 83
1652702683.718896, sdrt-health/mac:02010b41cdec/antenna/tag/e2806894000040038662114f, 85
1652702683.751626, sdrt-health/mac:02010b41cdec/antenna/tag/e28068940000500386620d4f, 83
1652702683.782435, sdrt-health/mac:02010b41cdec/antenna/tag/e28068940000400386621d4f, 96
1652702683.782693, sdrt-health/mac:02010b41cdec/antenna/tag/e2806894000040038662114f, 88
1652702683.798212, sdrt-health/mac:02010b41cdec/antenna/tag/e2806894000040038662114f, 85
1652702683.842735, sdrt-health/mac:02010b41cdec/antenna/tag/e28068940000400386621d4f, 96
1652702683.882075, sdrt-health/mac:02010b41cdec/antenna/tag/e2806894000050038662154f, 88
1652702683.915782, sdrt-health/mac:02010b41cdec/antenna/tag/e2806894000040038662114f, 88
1652702683.91602, sdrt-health/mac:02010b41cdec/antenna/tag/e2806894000050038661fd4f, 97
1652702683.932399, sdrt-health/mac:02010b41cdec/antenna/tag/e28068940000500386620d4f, 83
1652702683.961643, sdrt-health/mac:02010b41cdec/antenna/tag/e28068940000400386621d4f, 77
1652702684.018436, sdrt-health/mac:02010b41cdec/antenna/tag/e2806894000040038662114f, 85
1652702684.018895, sdrt-health/mac:02010b41cdec/antenna/tag/e2806894000040038662114f, 88
1652702684.035067, sdrt-health/mac:02010b41cdec/antenna/tag/e28068940000500386620d4f, 90
1652702684.079907, sdrt-health/mac:02010b41cdec/antenna/tag/e2806894000040038662114f, 91
1652702684.136103, sdrt-health/mac:02010b41cdec/antenna/tag/e28068940000500386620d4f, 83
1652702684.166622, sdrt-health/mac:02010b41cdec/antenna/tag/e2806894000040038662114f, 91
1652702684.166993, sdrt-health/mac:02010b41cdec/antenna/tag/e2806894000050038662194f, 81
1652702684.181751, sdrt-health/mac:02010b41cdec/antenna/tag/e2806894000050038662154f, 85
1652702684.212721, sdrt-health/mac:02010b41cdec/antenna/tag/e2806894000040038662114f, 88
1652702684.212932, sdrt-health/mac:02010b41cdec/antenna/tag/e28068940000500386620d4f, 83
1652702684.213051, sdrt-health/mac:02010b41cdec/antenna/tag/e28068940000400386621d4f, 77
1652702684.271668, sdrt-health/mac:02010b41cdec/antenna/tag/e28068940000400386621d4f, 96
1652702684.321705, sdrt-health/mac:02010b41cdec/antenna/tag/e28068940000500386620d4f, 83
1652702684.353835, sdrt-health/mac:02010b41cdec/antenna/tag/e28068940000400386621d4f, 77
1652702684.354258, sdrt-health/mac:02010b41cdec/antenna/tag/e2806894000050038661fd4f, 97
1652702684.391913, sdrt-health/mac:02010b41cdec/antenna/tag/e2806894000050038662194f, 88
1652702684.431715, sdrt-health/mac:02010b41cdec/antenna/tag/e2806894000050038661fd4f, 97
1652702684.498544, sdrt-health/mac:02010b41cdec/antenna/tag/e2806894000040038661f94f, 82
1652702684.499202, sdrt-health/mac:02010b41cdec/antenna/tag/e2806894000040038662114f, 88
1652702684.513662, sdrt-health/mac:02010b41cdec/antenna/tag/e28068940000500386620d4f, 90
1652702684.521627, sdrt-health/mac:02010b41cdec/antenna/tag/e2806894000050038661fd4f, 97
1652702684.562112, sdrt-health/mac:02010b41cdec/antenna/tag/e2806894000050038661fd4f, 97
1652702684.595808, sdrt-health/mac:02010b41cdec/antenna/tag/e2806894000050038662154f, 88
1652702684.59604, sdrt-health/mac:02010b41cdec/antenna/tag/e28068940000400386621d4f, 77
1652702684.613021, sdrt-health/mac:02010b41cdec/antenna/tag/e28068940000500386620d4f, 83
1652702684.613237, sdrt-health/mac:02010b41cdec/antenna/tag/e2806894000050038661fd4f, 97
1652702684.643241, sdrt-health/mac:02010b41cdec/antenna/tag/e28068940000500386620d4f, 90
1652702684.682384, sdrt-health/mac:02010b41cdec/antenna/tag/e2806894000050038662154f, 85
1652702684.721882, sdrt-health/mac:02010b41cdec/antenna/tag/e28068940000400386621d4f, 96
1652702684.778364, sdrt-health/mac:02010b41cdec/antenna/tag/e2806894000050038661fd4f, 83
1652702684.779008, sdrt-health/mac:02010b41cdec/antenna/tag/e2806894000040038662054f, 81
1652702684.801078, sdrt-health/mac:02010b41cdec/antenna/tag/e28068940000500386620d4f, 83
1652702684.858046, sdrt-health/mac:02010b41cdec/antenna/tag/e2806894000040038662114f, 93
1652702684.858234, sdrt-health/mac:02010b41cdec/antenna/tag/e2806894000050038661fd4f, 91
1652702684.872598, sdrt-health/mac:02010b41cdec/antenna/tag/e28068940000500386620d4f, 83
1652702684.9213, sdrt-health/mac:02010b41cdec/antenna/tag/e2806894000050038662154f, 85
1652702684.961694, sdrt-health/mac:02010b41cdec/antenna/tag/e28068940000500386620d4f, 90
1652702685.024334, sdrt-health/mac:02010b41cdec/antenna/tag/e28068940000500386620d4f, 90
1652702685.062824, sdrt-health/mac:02010b41cdec/antenna/tag/e28068940000500386620d4f, 90
1652702685.112737, sdrt-health/mac:02010b41cdec/antenna/tag/e2806894000040038662114f, 85
1652702685.168379, sdrt-health/mac:02010b41cdec/antenna/tag/e2806894000040038661f94f, 94
1652702685.168767, sdrt-health/mac:02010b41cdec/antenna/tag/e28068940000400386621d4f, 96
1652702685.185717, sdrt-health/mac:02010b41cdec/antenna/tag/e28068940000400386621d4f, 96
1652702685.209903, sdrt-health/mac:02010b41cdec/antenna/tag/e2806894000050038661fd4f, 97
1652702685.290177, sdrt-health/mac:02010b41cdec/antenna/tag/e2806894000040038662214f, 88
1652702685.335857, sdrt-health/mac:02010b41cdec/antenna/tag/e2806894000040038662114f, 87
1652702685.457779, sdrt-health/mac:02010b41cdec/antenna/tag/e2806894000040038662214f, 88
1652702685.457998, sdrt-health/mac:02010b41cdec/antenna/tag/e28068940000500386620d4f, 90
1652702685.496201, sdrt-health/mac:02010b41cdec/antenna/tag/e28068940000400386621d4f, 96
1652702685.555458, sdrt-health/mac:02010b41cdec/antenna/tag/e28068940000400386621d4f, 96
1652702685.601026, sdrt-health/mac:02010b41cdec/antenna/tag/e28068940000400386621d4f, 96
1652702685.633129, sdrt-health/mac:02010b41cdec/antenna/tag/e2806894000050038662154f, 88
1652702685.633341, sdrt-health/mac:02010b41cdec/antenna/tag/e2806894000040038662114f, 85
1652702685.68307, sdrt-health/mac:02010b41cdec/antenna/tag/e2806894000050038662154f, 85
1652702685.737215, sdrt-health/mac:02010b41cdec/antenna/tag/e28068940000500386620d4f, 83
1652702685.783496, sdrt-health/mac:02010b41cdec/antenna/tag/e2806894000050038661fd4f, 83
1652702685.89634, sdrt-health/mac:02010b41cdec/antenna/tag/e2806894000040038662114f, 88
1652702685.896721, sdrt-health/mac:02010b41cdec/antenna/tag/e28068940000400386621d4f, 77
1652702685.922021, sdrt-health/mac:02010b41cdec/antenna/tag/e2806894000040038662214f, 82
1652702685.985237, sdrt-health/mac:02010b41cdec/antenna/tag/e2806894000050038661fd4f, 83
1652702686.020279, sdrt-health/mac:02010b41cdec/antenna/tag/e28068940000500386620d4f, 83
1652702686.020623, sdrt-health/mac:02010b41cdec/antenna/tag/e2806894000050038661fd4f, 83
1652702686.036929, sdrt-health/mac:02010b41cdec/antenna/tag/e28068940000400386621d4f, 96
1652702686.037272, sdrt-health/mac:02010b41cdec/antenna/tag/e28068940000500386620d4f, 80
1652702686.03755, sdrt-health/mac:02010b41cdec/antenna/tag/e2806894000050038662154f, 88
1652702686.089554, sdrt-health/mac:02010b41cdec/antenna/tag/e28068940000500386620d4f, 83
1652702686.156156, sdrt-health/mac:02010b41cdec/antenna/tag/e2806894000050038662154f, 85
1652702686.156432, sdrt-health/mac:02010b41cdec/antenna/tag/e2806894000040038662114f, 93
1652702686.17416, sdrt-health/mac:02010b41cdec/antenna/tag/e2806894000050038661fd4f, 83
1652702686.183525, sdrt-health/mac:02010b41cdec/antenna/tag/e28068940000400386621d4f, 77
1652702686.232678, sdrt-health/mac:02010b41cdec/antenna/tag/e2806894000040038662114f, 87
1652702686.297552, sdrt-health/mac:02010b41cdec/antenna/tag/e2806894000050038661fd4f, 88
1652702686.297891, sdrt-health/mac:02010b41cdec/antenna/tag/e2806894000050038662154f, 93
1652702686.298118, sdrt-health/mac:02010b41cdec/antenna/tag/e2806894000050038662154f, 87
1652702686.313884, sdrt-health/mac:02010b41cdec/antenna/tag/e2806894000040038662214f, 84
1652702686.320791, sdrt-health/mac:02010b41cdec/antenna/tag/e28068940000500386620d4f, 83
1652702686.363929, sdrt-health/mac:02010b41cdec/antenna/tag/e2806894000050038662154f, 88
1652702686.401834, sdrt-health/mac:02010b41cdec/antenna/tag/e28068940000500386620d4f, 83
1652702686.457315, sdrt-health/mac:02010b41cdec/antenna/tag/e2806894000050038662154f, 88
1652702686.510211, sdrt-health/mac:02010b41cdec/antenna/tag/e28068940000500386620d4f, 90
1652702686.585889, sdrt-health/mac:02010b41cdec/antenna/tag/e2806894000050038662154f, 91
1652702686.58636, sdrt-health/mac:02010b41cdec/antenna/tag/e28068940000500386620d4f, 90
1652702686.586737, sdrt-health/mac:02010b41cdec/antenna/tag/e28068940000500386620d4f, 83
1652702686.60242, sdrt-health/mac:02010b41cdec/antenna/tag/e2806894000050038662154f, 88
1652702686.63943, sdrt-health/mac:02010b41cdec/antenna/tag/e2806894000050038661fd4f, 83
1652702686.673843, sdrt-health/mac:02010b41cdec/antenna/tag/e28068940000500386620d4f, 90
1652702686.67403, sdrt-health/mac:02010b41cdec/antenna/tag/e2806894000050038661fd4f, 83
1652702686.698139, sdrt-health/mac:02010b41cdec/antenna/tag/e28068940000500386620d4f, 90
1652702686.757275, sdrt-health/mac:02010b41cdec/antenna/tag/e2806894000050038661fd4f, 83
1652702686.757511, sdrt-health/mac:02010b41cdec/antenna/tag/e2806894000050038662154f, 85
1652702686.774376, sdrt-health/mac:02010b41cdec/antenna/tag/e2806894000050038661fd4f, 97
1652702686.827077, sdrt-health/mac:02010b41cdec/antenna/tag/e28068940000400386621d4f, 77
1652702686.827404, sdrt-health/mac:02010b41cdec/antenna/tag/e28068940000400386621d4f, 77
1652702686.842945, sdrt-health/mac:02010b41cdec/antenna/tag/e2806894000050038662154f, 85
1652702686.843228, sdrt-health/mac:02010b41cdec/antenna/tag/e28068940000500386620d4f, 90
1652702686.953528, sdrt-health/mac:02010b41cdec/antenna/tag/e2806894000050038661fd4f, 83
1652702686.986466, sdrt-health/mac:02010b41cdec/antenna/tag/e2806894000040038662114f, 85
1652702686.986672, sdrt-health/mac:02010b41cdec/antenna/tag/e2806894000050038662154f, 88
1652702686.986791, sdrt-health/mac:02010b41cdec/antenna/tag/e28068940000500386620d4f, 90
1652702686.986945, sdrt-health/mac:02010b41cdec/antenna/tag/e2806894000050038662154f, 88
1652702687.032227, sdrt-health/mac:02010b41cdec/antenna/tag/e28068940000400386621d4f, 96
1652702687.071508, sdrt-health/mac:02010b41cdec/antenna/tag/e2806894000050038662154f, 88
1652702687.122321, sdrt-health/mac:02010b41cdec/antenna/tag/e2806894000050038662154f, 85
1652702687.161934, sdrt-health/mac:02010b41cdec/antenna/tag/e28068940000400386621d4f, 77
1652702687.22442, sdrt-health/mac:02010b41cdec/antenna/tag/e2806894000050038661fd4f, 91
1652702687.224677, sdrt-health/mac:02010b41cdec/antenna/tag/e2806894000050038661fd4f, 91
1652702687.242329, sdrt-health/mac:02010b41cdec/antenna/tag/e28068940000400386621d4f, 77
1652702687.282185, sdrt-health/mac:02010b41cdec/antenna/tag/e2806894000050038661fd4f, 97
1652702687.389986, sdrt-health/mac:02010b41cdec/antenna/tag/e28068940000400386621d4f, 77
1652702687.39045, sdrt-health/mac:02010b41cdec/antenna/tag/e2806894000040038662114f, 93
1652702687.417149, sdrt-health/mac:02010b41cdec/antenna/tag/e28068940000500386620d4f, 83
1652702687.490307, sdrt-health/mac:02010b41cdec/antenna/tag/e2806894000050038662154f, 88
1652702687.490774, sdrt-health/mac:02010b41cdec/antenna/tag/e28068940000400386621d4f, 77
1652702687.507346, sdrt-health/mac:02010b41cdec/antenna/tag/e2806894000050038661fd4f, 97
1652702687.541289, sdrt-health/mac:02010b41cdec/antenna/tag/e2806894000050038661fd4f, 83
1652702687.595226, sdrt-health/mac:02010b41cdec/antenna/tag/e2806894000050038662154f, 88
1652702687.65047, sdrt-health/mac:02010b41cdec/antenna/tag/e2806894000050038662154f, 85
1652702687.650987, sdrt-health/mac:02010b41cdec/antenna/tag/e2806894000050038662194f, 81
1652702687.683076, sdrt-health/mac:02010b41cdec/antenna/tag/e2806894000050038661fd4f, 83
1652702687.722978, sdrt-health/mac:02010b41cdec/antenna/tag/e28068940000500386620d4f, 83
1652702687.723193, sdrt-health/mac:02010b41cdec/antenna/tag/e2806894000050038662194f, 81
1652702687.723326, sdrt-health/mac:02010b41cdec/antenna/tag/e2806894000050038661fd4f, 83
1652702687.740011, sdrt-health/mac:02010b41cdec/antenna/tag/e28068940000400386621d4f, 96
1652702687.740337, sdrt-health/mac:02010b41cdec/antenna/tag/e28068940000500386620d4f, 83
1652702687.803092, sdrt-health/mac:02010b41cdec/antenna/tag/e2806894000050038662154f, 85
1652702687.841663, sdrt-health/mac:02010b41cdec/antenna/tag/e28068940000400386621d4f, 77
1652702687.899364, sdrt-health/mac:02010b41cdec/antenna/tag/e28068940000500386620d4f, 90
1652702687.899702, sdrt-health/mac:02010b41cdec/antenna/tag/e2806894000050038661fd4f, 83
1652702687.923441, sdrt-health/mac:02010b41cdec/antenna/tag/e2806894000050038662154f, 85
1652702687.961663, sdrt-health/mac:02010b41cdec/antenna/tag/e28068940000500386620d4f, 83
1652702688.004562, sdrt-health/mac:02010b41cdec/antenna/tag/e2806894000050038661fd4f, 83
1652702688.043434, sdrt-health/mac:02010b41cdec/antenna/tag/e2806894000050038661fd4f, 91
1652702688.100273, sdrt-health/mac:02010b41cdec/antenna/tag/e28068940000500386620d4f, 83
1652702688.100526, sdrt-health/mac:02010b41cdec/antenna/tag/e2806894000040038662114f, 88
1652702688.152038, sdrt-health/mac:02010b41cdec/antenna/tag/e28068940000500386620d4f, 90
1652702688.191681, sdrt-health/mac:02010b41cdec/antenna/tag/e28068940000400386621d4f, 77
1652702688.242506, sdrt-health/mac:02010b41cdec/antenna/tag/e2806894000040038661f94f, 84
1652702688.296264, sdrt-health/mac:02010b41cdec/antenna/tag/e28068940000400386621d4f, 77
1652702688.34154, sdrt-health/mac:02010b41cdec/antenna/tag/e2806894000040038662114f, 88
1652702688.419143, sdrt-health/mac:02010b41cdec/antenna/tag/e2806894000050038662194f, 94
1652702688.419611, sdrt-health/mac:02010b41cdec/antenna/tag/e2806894000050038662194f, 94
1652702688.435918, sdrt-health/mac:02010b41cdec/antenna/tag/e2806894000050038662154f, 88
1652702688.442697, sdrt-health/mac:02010b41cdec/antenna/tag/e2806894000050038662154f, 85
1652702688.48144, sdrt-health/mac:02010b41cdec/antenna/tag/e2806894000040038661f94f, 94
1652702688.614042, sdrt-health/mac:02010b41cdec/antenna/tag/e2806894000040038662214f, 84
1652702688.614579, sdrt-health/mac:02010b41cdec/antenna/tag/e2806894000050038662194f, 81
1652702688.664812, sdrt-health/mac:02010b41cdec/antenna/tag/e2806894000050038661fd4f, 91
1652702688.712313, sdrt-health/mac:02010b41cdec/antenna/tag/e2806894000050038662154f, 85
1652702688.753094, sdrt-health/mac:02010b41cdec/antenna/tag/e2806894000050038661fd4f, 91
1652702688.785988, sdrt-health/mac:02010b41cdec/antenna/tag/e28068940000400386621d4f, 77
1652702688.786287, sdrt-health/mac:02010b41cdec/antenna/tag/e2806894000050038661fd4f, 97
1652702688.802623, sdrt-health/mac:02010b41cdec/antenna/tag/e2806894000050038661fd4f, 83
1652702688.842566, sdrt-health/mac:02010b41cdec/antenna/tag/e2806894000040038662114f, 85
1652702688.923341, sdrt-health/mac:02010b41cdec/antenna/tag/e2806894000040038662114f, 85
1652702688.96303, sdrt-health/mac:02010b41cdec/antenna/tag/e28068940000400386621d4f, 77
1652702689.000375, sdrt-health/mac:02010b41cdec/antenna/tag/e2806894000050038661fd4f, 91
1652702689.000661, sdrt-health/mac:02010b41cdec/antenna/tag/e2806894000050038662154f, 85
1652702689.021061, sdrt-health/mac:02010b41cdec/antenna/tag/e2806894000050038662194f, 83
1652702689.054166, sdrt-health/mac:02010b41cdec/antenna/tag/e2806894000050038661fd4f, 91
1652702689.054518, sdrt-health/mac:02010b41cdec/antenna/tag/e28068940000500386620d4f, 83
1652702689.073117, sdrt-health/mac:02010b41cdec/antenna/tag/e28068940000400386621d4f, 96
1652702689.122432, sdrt-health/mac:02010b41cdec/antenna/tag/e2806894000040038662114f, 88
1652702689.208729, sdrt-health/mac:02010b41cdec/antenna/tag/e2806894000040038662114f, 88
1652702689.209059, sdrt-health/mac:02010b41cdec/antenna/tag/e28068940000400386621d4f, 96
1652702689.232422, sdrt-health/mac:02010b41cdec/antenna/tag/e2806894000050038662154f, 85
1652702689.299572, sdrt-health/mac:02010b41cdec/antenna/tag/e28068940000400386621d4f, 96
1652702689.300041, sdrt-health/mac:02010b41cdec/antenna/tag/e2806894000040038662114f, 85
1652702689.321821, sdrt-health/mac:02010b41cdec/antenna/tag/e2806894000050038662154f, 85
1652702689.362302, sdrt-health/mac:02010b41cdec/antenna/tag/e28068940000400386621d4f, 77
1652702689.43513, sdrt-health/mac:02010b41cdec/antenna/tag/e2806894000040038662114f, 87
1652702689.435653, sdrt-health/mac:02010b41cdec/antenna/tag/e28068940000400386621d4f, 77
1652702689.451733, sdrt-health/mac:02010b41cdec/antenna/tag/e2806894000050038661fd4f, 97
1652702689.462225, sdrt-health/mac:02010b41cdec/antenna/tag/e2806894000050038662154f, 88
1652702689.467738, sdrt-health/mac:02010b41cdec/antenna/tag/e2806894000050038661fd4f, 97
1652702689.511814, sdrt-health/mac:02010b41cdec/antenna/tag/e2806894000050038662154f, 88
1652702689.576787, sdrt-health/mac:02010b41cdec/antenna/tag/e28068940000400386621d4f, 77
1652702689.638837, sdrt-health/mac:02010b41cdec/antenna/tag/e2806894000050038662154f, 88
1652702689.63933, sdrt-health/mac:02010b41cdec/antenna/tag/e2806894000050038662154f, 88
1652702689.639663, sdrt-health/mac:02010b41cdec/antenna/tag/e28068940000500386620d4f, 83
1652702689.656617, sdrt-health/mac:02010b41cdec/antenna/tag/e2806894000050038661fd4f, 83
1652702689.657096, sdrt-health/mac:02010b41cdec/antenna/tag/e28068940000400386621d4f, 96
1652702689.672066, sdrt-health/mac:02010b41cdec/antenna/tag/e2806894000050038662154f, 88
1652702689.711902, sdrt-health/mac:02010b41cdec/antenna/tag/e28068940000500386620d4f, 90
1652702689.780775, sdrt-health/mac:02010b41cdec/antenna/tag/e2806894000050038662154f, 85
1652702689.781289, sdrt-health/mac:02010b41cdec/antenna/tag/e2806894000050038661fd4f, 91
1652702689.79681, sdrt-health/mac:02010b41cdec/antenna/tag/e2806894000050038661fd4f, 91
1652702689.801009, sdrt-health/mac:02010b41cdec/antenna/tag/e2806894000050038662154f, 85
1652702689.841714, sdrt-health/mac:02010b41cdec/antenna/tag/e2806894000050038662154f, 93
1652702689.899731, sdrt-health/mac:02010b41cdec/antenna/tag/e2806894000040038662114f, 85
1652702689.900166, sdrt-health/mac:02010b41cdec/antenna/tag/e2806894000050038662154f, 85
1652702689.916543, sdrt-health/mac:02010b41cdec/antenna/tag/e2806894000040038661f94f, 94
1652702689.922083, sdrt-health/mac:02010b41cdec/antenna/tag/e28068940000400386621d4f, 77
1652702689.932546, sdrt-health/mac:02010b41cdec/antenna/tag/e2806894000050038661fd4f, 97
1652702689.932758, sdrt-health/mac:02010b41cdec/antenna/tag/e2806894000040038662114f, 85
1652702689.961577, sdrt-health/mac:02010b41cdec/antenna/tag/e2806894000040038662114f, 85
1652702690.002952, sdrt-health/mac:02010b41cdec/antenna/tag/e28068940000500386620d4f, 90
1652702690.060556, sdrt-health/mac:02010b41cdec/antenna/tag/e2806894000040038662114f, 85
1652702690.061124, sdrt-health/mac:02010b41cdec/antenna/tag/e2806894000050038661fd4f, 91
1652702690.082681, sdrt-health/mac:02010b41cdec/antenna/tag/e2806894000040038662114f, 85
1652702690.122513, sdrt-health/mac:02010b41cdec/antenna/tag/e2806894000040038662114f, 93
1652702690.162004, sdrt-health/mac:02010b41cdec/antenna/tag/e2806894000050038662154f, 88
1652702690.216769, sdrt-health/mac:02010b41cdec/antenna/tag/e28068940000500386620d4f, 83
1652702690.264675, sdrt-health/mac:02010b41cdec/antenna/tag/e28068940000400386621d4f, 96
1652702690.330422, sdrt-health/mac:02010b41cdec/antenna/tag/e2806894000050038661fd4f, 91
1652702690.330922, sdrt-health/mac:02010b41cdec/antenna/tag/e2806894000050038662154f, 93
1652702690.347236, sdrt-health/mac:02010b41cdec/antenna/tag/e2806894000040038662114f, 85
1652702690.347666, sdrt-health/mac:02010b41cdec/antenna/tag/e2806894000040038661f94f, 88
1652702690.352616, sdrt-health/mac:02010b41cdec/antenna/tag/e28068940000400386621d4f, 96
1652702690.402853, sdrt-health/mac:02010b41cdec/antenna/tag/e2806894000050038662154f, 88
1652702690.460055, sdrt-health/mac:02010b41cdec/antenna/tag/e2806894000050038662154f, 88
1652702690.460552, sdrt-health/mac:02010b41cdec/antenna/tag/e28068940000400386621d4f, 96
1652702690.482953, sdrt-health/mac:02010b41cdec/antenna/tag/e28068940000400386621d4f, 96
1652702690.521438, sdrt-health/mac:02010b41cdec/antenna/tag/e2806894000050038662154f, 88
1652702690.580023, sdrt-health/mac:02010b41cdec/antenna/tag/e2806894000050038662154f, 88
1652702690.580615, sdrt-health/mac:02010b41cdec/antenna/tag/e2806894000050038662154f, 85
1652702690.597959, sdrt-health/mac:02010b41cdec/antenna/tag/e28068940000500386620d4f, 83
1652702690.661949, sdrt-health/mac:02010b41cdec/antenna/tag/e2806894000040038662114f, 85
1652702690.732217, sdrt-health/mac:02010b41cdec/antenna/state, connected
1652702690.732749, sdrt-health/mac:02010b41cdec/fw, {"version":"1.8.1","model":"200","hash":"2f556501b58f1dad542af428d7928d18","timestamp":1652702687}
1652702690.749946, sdrt-health/mac:02010b41cdec/antenna/tag/e2806894000050038662194f, 84
1652702690.776382, sdrt-health/mac:02010b41cdec/antenna/tag/e2806894000050038662154f, 88
1652702690.822987, sdrt-health/mac:02010b41cdec/antenna/tag/e28068940000500386620d4f, 83
1652702690.871774, sdrt-health/mac:02010b41cdec/antenna/tag/e28068940000500386620d4f, 83
1652702690.921865, sdrt-health/mac:02010b41cdec/antenna/tag/e2806894000050038662194f, 94
1652702690.962644, sdrt-health/mac:02010b41cdec/antenna/tag/e2806894000050038662194f, 81
1652702690.997856, sdrt-health/mac:02010b41cdec/antenna/tag/e28068940000400386621d4f, 77
1652702690.99807, sdrt-health/mac:02010b41cdec/antenna/tag/e28068940000500386620d4f, 90
1652702690.998205, sdrt-health/mac:02010b41cdec/antenna/tag/e2806894000050038661fd4f, 91
1652702691.039742, sdrt-health/mac:02010b41cdec/antenna/tag/e2806894000040038662054f, 88
1652702691.082205, sdrt-health/mac:02010b41cdec/antenna/tag/e2806894000040038662114f, 85
1652702691.114399, sdrt-health/mac:02010b41cdec/antenna/version, 
1652702691.152127, sdrt-health/mac:02010b41cdec/antenna/tag/e2806894000050038662194f, 94
1652702691.220668, sdrt-health/mac:02010b41cdec/antenna/tag/e2806894000050038662194f, 88
1652702691.221184, sdrt-health/mac:02010b41cdec/antenna/tag/e2806894000050038661fd4f, 97
1652702691.237707, sdrt-health/mac:02010b41cdec/antenna/tag/e28068940000500386620d4f, 83
1652702691.243446, sdrt-health/mac:02010b41cdec/antenna/tag/e2806894000050038661fd4f, 97
1652702691.283446, sdrt-health/mac:02010b41cdec/antenna/tag/e28068940000400386621d4f, 96
1652702691.340117, sdrt-health/mac:02010b41cdec/antenna/tag/e2806894000040038662114f, 85
1652702691.34041, sdrt-health/mac:02010b41cdec/antenna/tag/e28068940000400386621d4f, 77
1652702691.403982, sdrt-health/mac:02010b41cdec/antenna/tag/e28068940000500386620d4f, 83
1652702691.452429, sdrt-health/mac:02010b41cdec/antenna/tag/e28068940000500386620d4f, 90
1652702691.515478, sdrt-health/mac:02010b41cdec/antenna/tag/e28068940000400386621d4f, 96
1652702691.51599, sdrt-health/mac:02010b41cdec/antenna/tag/e2806894000040038662114f, 93
1652702691.532257, sdrt-health/mac:02010b41cdec/antenna/tag/e2806894000050038661fd4f, 83
1652702691.542044, sdrt-health/mac:02010b41cdec/antenna/tag/e28068940000500386620d4f, 83
1652702691.549177, sdrt-health/mac:02010b41cdec/antenna/tag/e2806894000040038661f94f, 81
1652702691.592861, sdrt-health/mac:02010b41cdec/antenna/tag/e2806894000050038662154f, 88
1652702691.662292, sdrt-health/mac:02010b41cdec/antenna/tag/e2806894000050038661fd4f, 83
1652702691.662555, sdrt-health/mac:02010b41cdec/antenna/tag/e2806894000050038662154f, 88
1652702691.68079, sdrt-health/mac:02010b41cdec/antenna/tag/e2806894000050038662154f, 85
1652702691.721631, sdrt-health/mac:02010b41cdec/antenna/tag/e28068940000500386620d4f, 83
1652702691.810992, sdrt-health/mac:02010b41cdec/antenna/tag/e28068940000400386621d4f, 96
1652702691.811296, sdrt-health/mac:02010b41cdec/antenna/tag/e2806894000040038662114f, 85
1652702691.843307, sdrt-health/mac:02010b41cdec/antenna/tag/e2806894000040038661f94f, 82
1652702691.881895, sdrt-health/mac:02010b41cdec/antenna/tag/e28068940000400386621d4f, 77
1652702691.938268, sdrt-health/mac:02010b41cdec/antenna/tag/e2806894000040038662214f, 84
1652702691.93856, sdrt-health/mac:02010b41cdec/antenna/tag/e28068940000400386621d4f, 96
1652702691.953869, sdrt-health/mac:02010b41cdec/antenna/tag/e2806894000050038662154f, 85
1652702691.962545, sdrt-health/mac:02010b41cdec/antenna/tag/e28068940000500386620d4f, 83
1652702691.970571, sdrt-health/mac:02010b41cdec/antenna/tag/e28068940000400386621d4f, 96
1652702691.970771, sdrt-health/mac:02010b41cdec/antenna/tag/e28068940000400386621d4f, 96
1652702692.009754, sdrt-health/mac:02010b41cdec/antenna/tag/e2806894000040038662114f, 93
1652702692.073103, sdrt-health/mac:02010b41cdec/antenna/tag/e28068940000500386620d4f, 83
1652702692.073398, sdrt-health/mac:02010b41cdec/antenna/tag/e2806894000040038662114f, 85
1652702692.113307, sdrt-health/mac:02010b41cdec/antenna/tag/e2806894000050038661fd4f, 83
1652702692.148667, sdrt-health/mac:02010b41cdec/antenna/tag/e28068940000400386621d4f, 96
1652702692.148883, sdrt-health/mac:02010b41cdec/antenna/tag/e2806894000050038662154f, 88
1652702692.149022, sdrt-health/mac:02010b41cdec/antenna/tag/e28068940000500386620d4f, 83
1652702692.165384, sdrt-health/mac:02010b41cdec/antenna/tag/e2806894000050038661fd4f, 83
1652702692.165726, sdrt-health/mac:02010b41cdec/antenna/tag/e28068940000400386621d4f, 96
1652702692.203042, sdrt-health/mac:02010b41cdec/antenna/tag/e28068940000400386621d4f, 96
1652702692.237527, sdrt-health/mac:02010b41cdec/antenna/tag/e2806894000050038661fd4f, 83
1652702692.238017, sdrt-health/mac:02010b41cdec/antenna/tag/e2806894000040038662114f, 88
1652702692.255574, sdrt-health/mac:02010b41cdec/antenna/tag/e2806894000050038661fd4f, 83
1652702692.282326, sdrt-health/mac:02010b41cdec/antenna/tag/e2806894000040038662114f, 91
1652702692.393801, sdrt-health/mac:02010b41cdec/antenna/tag/e2806894000040038662114f, 87
1652702692.472421, sdrt-health/mac:02010b41cdec/antenna/tag/e2806894000040038662114f, 93
1652702692.529993, sdrt-health/mac:02010b41cdec/antenna/tag/e28068940000400386621d4f, 96
1652702692.53045, sdrt-health/mac:02010b41cdec/antenna/tag/e28068940000500386620d4f, 83
1652702692.546441, sdrt-health/mac:02010b41cdec/antenna/tag/e2806894000050038662154f, 88
1652702692.561728, sdrt-health/mac:02010b41cdec/antenna/tag/e28068940000500386620d4f, 80
1652702692.61826, sdrt-health/mac:02010b41cdec/antenna/tag/e2806894000050038662154f, 88
1652702692.618484, sdrt-health/mac:02010b41cdec/antenna/tag/e28068940000500386620d4f, 83
1652702692.643402, sdrt-health/mac:02010b41cdec/antenna/tag/e28068940000500386620d4f, 83
1652702692.757543, sdrt-health/mac:02010b41cdec/antenna/tag/e2806894000050038662154f, 85
1652702692.757862, sdrt-health/mac:02010b41cdec/antenna/tag/e28068940000500386620d4f, 90
1652702692.863098, sdrt-health/mac:02010b41cdec/antenna/tag/e28068940000400386621d4f, 77
1652702692.921171, sdrt-health/mac:02010b41cdec/antenna/tag/e2806894000050038662154f, 88
1652702692.957608, sdrt-health/mac:02010b41cdec/antenna/tag/e28068940000400386621d4f, 77
1652702692.958028, sdrt-health/mac:02010b41cdec/antenna/tag/e2806894000050038661fd4f, 83
1652702692.97455, sdrt-health/mac:02010b41cdec/antenna/tag/e2806894000050038661fd4f, 83
1652702693.01586, sdrt-health/mac:02010b41cdec/antenna/tag/e28068940000400386621d4f, 77
1652702693.077284, sdrt-health/mac:02010b41cdec/antenna/tag/e2806894000050038662154f, 88
1652702693.077874, sdrt-health/mac:02010b41cdec/antenna/tag/e28068940000400386621d4f, 96
1652702693.12241, sdrt-health/mac:02010b41cdec/antenna/tag/e28068940000400386621d4f, 77
1652702693.153999, sdrt-health/mac:02010b41cdec/antenna/tag/e28068940000500386620d4f, 90
1652702693.154432, sdrt-health/mac:02010b41cdec/antenna/tag/e2806894000050038661fd4f, 83
1652702693.170258, sdrt-health/mac:02010b41cdec/antenna/tag/e2806894000040038662114f, 85
1652702693.283286, sdrt-health/mac:02010b41cdec/antenna/tag/e2806894000040038662114f, 85
1652702693.359622, sdrt-health/mac:02010b41cdec/antenna/tag/e28068940000400386621d4f, 77
1652702693.401783, sdrt-health/mac:02010b41cdec/antenna/tag/e2806894000050038662154f, 88
1652702693.457663, sdrt-health/mac:02010b41cdec/antenna/tag/e2806894000040038662114f, 85
1652702693.457994, sdrt-health/mac:02010b41cdec/antenna/tag/e2806894000040038662114f, 88
1652702693.474443, sdrt-health/mac:02010b41cdec/antenna/tag/e28068940000500386620d4f, 90
1652702693.511506, sdrt-health/mac:02010b41cdec/antenna/tag/e2806894000050038661fd4f, 83
1652702693.553155, sdrt-health/mac:02010b41cdec/antenna/tag/e28068940000500386620d4f, 83
1652702693.602208, sdrt-health/mac:02010b41cdec/antenna/tag/e2806894000040038662114f, 88
1652702693.642071, sdrt-health/mac:02010b41cdec/antenna/tag/e2806894000040038662114f, 93
1652702693.697995, sdrt-health/mac:02010b41cdec/antenna/tag/e28068940000500386620d4f, 90
1652702693.698329, sdrt-health/mac:02010b41cdec/antenna/tag/e28068940000500386620d4f, 90
1652702693.714184, sdrt-health/mac:02010b41cdec/antenna/tag/e2806894000050038662154f, 93
1652702693.71451, sdrt-health/mac:02010b41cdec/antenna/tag/e2806894000040038662114f, 93
1652702693.77254, sdrt-health/mac:02010b41cdec/antenna/tag/e2806894000040038661f94f, 81
1652702693.852961, sdrt-health/mac:02010b41cdec/antenna/tag/e28068940000500386620d4f, 83
1652702693.886575, sdrt-health/mac:02010b41cdec/antenna/tag/e28068940000500386620d4f, 90
1652702693.886916, sdrt-health/mac:02010b41cdec/antenna/tag/e28068940000400386621d4f, 77
1652702693.904342, sdrt-health/mac:02010b41cdec/antenna/tag/e2806894000050038662154f, 85
1652702693.904619, sdrt-health/mac:02010b41cdec/antenna/tag/e2806894000040038662114f, 85
1652702693.904848, sdrt-health/mac:02010b41cdec/antenna/tag/e28068940000400386621d4f, 77
1652702693.941238, sdrt-health/mac:02010b41cdec/antenna/tag/e2806894000050038661fd4f, 91
1652702694.065263, sdrt-health/mac:02010b41cdec/antenna/tag/e28068940000500386620d4f, 83
1652702694.097933, sdrt-health/mac:02010b41cdec/antenna/tag/e28068940000500386620d4f, 90
1652702694.098148, sdrt-health/mac:02010b41cdec/antenna/tag/e28068940000400386621d4f, 96
1652702694.112181, sdrt-health/mac:02010b41cdec/antenna/tag/e2806894000050038662154f, 85
1652702694.162443, sdrt-health/mac:02010b41cdec/antenna/tag/e2806894000050038662194f, 94
1652702694.193418, sdrt-health/mac:02010b41cdec/antenna/tag/e28068940000500386620d4f, 83
1652702694.193668, sdrt-health/mac:02010b41cdec/antenna/tag/e2806894000040038662114f, 91
1652702694.260376, sdrt-health/mac:02010b41cdec/antenna/tag/e2806894000040038662114f, 85
1652702694.331081, sdrt-health/mac:02010b41cdec/antenna/tag/e28068940000400386621d4f, 77
1652702694.362852, sdrt-health/mac:02010b41cdec/antenna/tag/e2806894000050038661fd4f, 91
1652702694.363086, sdrt-health/mac:02010b41cdec/antenna/tag/e28068940000500386620d4f, 90
1652702694.413572, sdrt-health/mac:02010b41cdec/antenna/tag/e2806894000050038662154f, 88
1652702694.455614, sdrt-health/mac:02010b41cdec/antenna/tag/e2806894000050038661fd4f, 97
1652702694.51647, sdrt-health/mac:02010b41cdec/antenna/tag/e28068940000500386620d4f, 90
1652702694.516679, sdrt-health/mac:02010b41cdec/antenna/tag/e28068940000500386620d4f, 90
1652702694.550447, sdrt-health/mac:02010b41cdec/antenna/tag/e28068940000500386620d4f, 83
1652702694.606825, sdrt-health/mac:02010b41cdec/antenna/tag/e2806894000040038662114f, 85
1652702694.607045, sdrt-health/mac:02010b41cdec/antenna/tag/e2806894000040038662114f, 85
1652702694.643159, sdrt-health/mac:02010b41cdec/antenna/tag/e28068940000500386620d4f, 83
1652702694.681976, sdrt-health/mac:02010b41cdec/antenna/tag/e2806894000040038662114f, 85
1652702694.743922, sdrt-health/mac:02010b41cdec/antenna/tag/e2806894000050038662194f, 88
1652702694.74447, sdrt-health/mac:02010b41cdec/antenna/tag/e28068940000500386620d4f, 90
1652702694.77629, sdrt-health/mac:02010b41cdec/antenna/tag/e2806894000040038662114f, 88
1652702694.82073, sdrt-health/mac:02010b41cdec/antenna/tag/e2806894000050038661fd4f, 91
1652702694.887816, sdrt-health/mac:02010b41cdec/antenna/tag/e2806894000040038662114f, 85
1652702694.888315, sdrt-health/mac:02010b41cdec/antenna/tag/e2806894000050038662194f, 94
1652702694.905017, sdrt-health/mac:02010b41cdec/antenna/tag/e2806894000050038661fd4f, 97
1652702694.905543, sdrt-health/mac:02010b41cdec/antenna/tag/e28068940000400386621d4f, 77
1652702694.96008, sdrt-health/mac:02010b41cdec/antenna/tag/e2806894000050038662154f, 85
1652702695.032218, sdrt-health/mac:02010b41cdec/antenna/tag/e28068940000500386620d4f, 90
1652702695.071574, sdrt-health/mac:02010b41cdec/antenna/tag/e2806894000050038662194f, 84
1652702695.102096, sdrt-health/mac:02010b41cdec/antenna/tag/e2806894000050038662154f, 85
1652702695.102476, sdrt-health/mac:02010b41cdec/antenna/tag/e2806894000050038661fd4f, 91
1652702695.13785, sdrt-health/mac:02010b41cdec/antenna/tag/e28068940000400386621d4f, 77
1652702695.167461, sdrt-health/mac:02010b41cdec/antenna/tag/e2806894000050038662154f, 85
1652702695.167714, sdrt-health/mac:02010b41cdec/antenna/tag/e28068940000400386621d4f, 77
1652702695.189953, sdrt-health/mac:02010b41cdec/antenna/tag/e2806894000050038661fd4f, 97
1652702695.230743, sdrt-health/mac:02010b41cdec/antenna/tag/e2806894000050038662194f, 110
1652702695.230978, sdrt-health/mac:02010b41cdec/antenna/tag/e2806894000040038661f94f, 88
1652702695.245778, sdrt-health/mac:02010b41cdec/antenna/tag/e28068940000400386621d4f, 77
1652702695.245993, sdrt-health/mac:02010b41cdec/antenna/tag/e2806894000050038661fd4f, 91
1652702695.285188, sdrt-health/mac:02010b41cdec/antenna/tag/e2806894000050038662194f, 100
1652702695.352477, sdrt-health/mac:02010b41cdec/antenna/tag/e2806894000050038661fd4f, 97
1652702695.430703, sdrt-health/mac:02010b41cdec/antenna/tag/e2806894000050038662194f, 94
1652702695.475346, sdrt-health/mac:02010b41cdec/antenna/tag/e28068940000400386621d4f, 77
1652702695.51511, sdrt-health/mac:02010b41cdec/antenna/tag/e28068940000500386620d4f, 90
1652702695.515345, sdrt-health/mac:02010b41cdec/antenna/tag/e28068940000500386620d4f, 83
1652702695.529908, sdrt-health/mac:02010b41cdec/antenna/tag/e2806894000040038662114f, 93
1652702695.530137, sdrt-health/mac:02010b41cdec/antenna/tag/e2806894000050038662194f, 84
1652702695.575276, sdrt-health/mac:02010b41cdec/antenna/tag/e2806894000050038662154f, 88
1652702695.621096, sdrt-health/mac:02010b41cdec/antenna/tag/e2806894000040038662114f, 88
1652702695.682992, sdrt-health/mac:02010b41cdec/antenna/tag/e28068940000500386620d4f, 83
1652702695.736565, sdrt-health/mac:02010b41cdec/antenna/tag/e2806894000040038662114f, 91
1652702695.737045, sdrt-health/mac:02010b41cdec/antenna/tag/e28068940000500386620d4f, 90
1652702695.762093, sdrt-health/mac:02010b41cdec/antenna/tag/e28068940000400386621d4f, 96
1652702695.801701, sdrt-health/mac:02010b41cdec/antenna/tag/e2806894000050038662194f, 94
1652702695.842244, sdrt-health/mac:02010b41cdec/antenna/tag/e28068940000500386620d4f, 90
1652702695.881121, sdrt-health/mac:02010b41cdec/antenna/tag/e28068940000400386621d4f, 77
1652702695.912467, sdrt-health/mac:02010b41cdec/antenna/tag/e2806894000050038662154f, 85
1652702695.912681, sdrt-health/mac:02010b41cdec/antenna/tag/e2806894000050038662194f, 88
1652702695.91281, sdrt-health/mac:02010b41cdec/antenna/tag/e28068940000400386621d4f, 77
1652702695.952416, sdrt-health/mac:02010b41cdec/antenna/tag/e2806894000050038662154f, 88
1652702696.018464, sdrt-health/mac:02010b41cdec/antenna/tag/e28068940000500386620d4f, 83
1652702696.058564, sdrt-health/mac:02010b41cdec/antenna/tag/e2806894000050038662154f, 91
1652702696.058795, sdrt-health/mac:02010b41cdec/antenna/tag/e2806894000050038662154f, 88
1652702696.07495, sdrt-health/mac:02010b41cdec/antenna/tag/e2806894000050038662154f, 88
1652702696.075183, sdrt-health/mac:02010b41cdec/antenna/tag/e28068940000500386620d4f, 83
1652702696.07532, sdrt-health/mac:02010b41cdec/antenna/tag/e2806894000050038662154f, 85
1652702696.112, sdrt-health/mac:02010b41cdec/antenna/tag/e28068940000500386620d4f, 83
1652702696.177561, sdrt-health/mac:02010b41cdec/antenna/tag/e28068940000400386621d4f, 96
1652702696.178041, sdrt-health/mac:02010b41cdec/antenna/tag/e2806894000040038662114f, 88
1652702696.194696, sdrt-health/mac:02010b41cdec/antenna/tag/e2806894000050038662154f, 85
1652702696.194951, sdrt-health/mac:02010b41cdec/antenna/tag/e2806894000050038662154f, 85
1652702696.216051, sdrt-health/mac:02010b41cdec/antenna/tag/e2806894000050038662154f, 85
1652702696.261032, sdrt-health/mac:02010b41cdec/antenna/tag/e2806894000050038662194f, 94
1652702696.331339, sdrt-health/mac:02010b41cdec/antenna/tag/e2806894000050038662154f, 85
1652702696.332091, sdrt-health/mac:02010b41cdec/antenna/tag/e2806894000040038662114f, 88
1652702696.352864, sdrt-health/mac:02010b41cdec/antenna/tag/e2806894000040038661f94f, 81
1652702696.401537, sdrt-health/mac:02010b41cdec/antenna/tag/e28068940000400386621d4f, 77
1652702696.441601, sdrt-health/mac:02010b41cdec/antenna/tag/e2806894000040038662114f, 85
1652702696.497506, sdrt-health/mac:02010b41cdec/antenna/tag/e2806894000050038661fd4f, 91
1652702696.497732, sdrt-health/mac:02010b41cdec/antenna/tag/e2806894000040038662114f, 85
1652702696.513335, sdrt-health/mac:02010b41cdec/antenna/tag/e2806894000050038661fd4f, 97
1652702696.523025, sdrt-health/mac:02010b41cdec/antenna/tag/e28068940000400386621d4f, 77
1652702696.530214, sdrt-health/mac:02010b41cdec/antenna/tag/e2806894000050038661fd4f, 97
1652702696.603492, sdrt-health/mac:02010b41cdec/antenna/tag/e28068940000500386620d4f, 83
1652702696.643464, sdrt-health/mac:02010b41cdec/antenna/tag/e2806894000040038662054f, 81
1652702696.701802, sdrt-health/mac:02010b41cdec/antenna/tag/e2806894000050038661fd4f, 97
1652702696.702214, sdrt-health/mac:02010b41cdec/antenna/tag/e2806894000050038662154f, 85
1652702696.71876, sdrt-health/mac:02010b41cdec/antenna/tag/e2806894000040038662114f, 93
1652702696.753029, sdrt-health/mac:02010b41cdec/antenna/tag/e2806894000050038661fd4f, 97
1652702696.753339, sdrt-health/mac:02010b41cdec/antenna/tag/e2806894000050038662194f, 84
1652702696.792233, sdrt-health/mac:02010b41cdec/antenna/tag/e2806894000050038662154f, 85
1652702696.830769, sdrt-health/mac:02010b41cdec/antenna/tag/e28068940000400386621d4f, 96
1652702696.830999, sdrt-health/mac:02010b41cdec/antenna/tag/e2806894000040038661f94f, 81
1652702696.848821, sdrt-health/mac:02010b41cdec/antenna/tag/e2806894000050038661fd4f, 83
1652702696.880967, sdrt-health/mac:02010b41cdec/antenna/tag/e28068940000500386620d4f, 83
1652702696.921399, sdrt-health/mac:02010b41cdec/antenna/tag/e28068940000500386620d4f, 83
1652702697.032183, sdrt-health/mac:02010b41cdec/antenna/tag/e2806894000050038661fd4f, 83
1652702697.082919, sdrt-health/mac:02010b41cdec/antenna/tag/e2806894000050038662154f, 85
1652702697.113696, sdrt-health/mac:02010b41cdec/antenna/tag/e28068940000500386620d4f, 83
1652702697.113926, sdrt-health/mac:02010b41cdec/antenna/tag/e2806894000050038662154f, 88
1652702697.132208, sdrt-health/mac:02010b41cdec/antenna/tag/e2806894000050038661fd4f, 83
1652702697.175072, sdrt-health/mac:02010b41cdec/antenna/tag/e2806894000050038662194f, 83
1652702697.227324, sdrt-health/mac:02010b41cdec/antenna/tag/e2806894000050038662154f, 85
1652702697.227642, sdrt-health/mac:02010b41cdec/antenna/tag/e28068940000500386620d4f, 83
1652702697.259667, sdrt-health/mac:02010b41cdec/antenna/tag/e2806894000040038662114f, 93
1652702697.301862, sdrt-health/mac:02010b41cdec/antenna/tag/e2806894000050038661fd4f, 91
1652702697.335633, sdrt-health/mac:02010b41cdec/antenna/tag/e2806894000050038662154f, 88
1652702697.336051, sdrt-health/mac:02010b41cdec/antenna/tag/e2806894000050038661fd4f, 97
1652702697.354413, sdrt-health/mac:02010b41cdec/antenna/tag/e2806894000040038662114f, 85
1652702697.392252, sdrt-health/mac:02010b41cdec/antenna/tag/e2806894000050038662194f, 88
1652702697.462196, sdrt-health/mac:02010b41cdec/antenna/tag/e28068940000400386621d4f, 77
1652702697.462618, sdrt-health/mac:02010b41cdec/antenna/tag/e2806894000050038661fd4f, 91
1652702697.512977, sdrt-health/mac:02010b41cdec/antenna/tag/e2806894000040038662114f, 93
1652702697.553531, sdrt-health/mac:02010b41cdec/antenna/tag/e28068940000400386621d4f, 96
1652702697.61914, sdrt-health/mac:02010b41cdec/antenna/tag/e2806894000050038661fd4f, 83
1652702697.619691, sdrt-health/mac:02010b41cdec/antenna/tag/e2806894000040038662114f, 83
1652702697.63599, sdrt-health/mac:02010b41cdec/antenna/tag/e2806894000040038662114f, 87
1652702697.657335, sdrt-health/mac:02010b41cdec/antenna/tag/e2806894000040038662114f, 85
1652702697.711484, sdrt-health/mac:02010b41cdec/antenna/tag/e28068940000500386620d4f, 90
1652702697.745063, sdrt-health/mac:02010b41cdec/antenna/tag/e2806894000050038662154f, 88
1652702697.745468, sdrt-health/mac:02010b41cdec/antenna/tag/e2806894000040038662114f, 88
1652702697.763268, sdrt-health/mac:02010b41cdec/antenna/tag/e2806894000050038662154f, 85
1652702697.820703, sdrt-health/mac:02010b41cdec/antenna/tag/e28068940000400386621d4f, 77
1652702697.821124, sdrt-health/mac:02010b41cdec/antenna/tag/e2806894000050038662154f, 88
1652702697.837062, sdrt-health/mac:02010b41cdec/antenna/tag/e2806894000050038661fd4f, 97
1652702697.837297, sdrt-health/mac:02010b41cdec/antenna/tag/e2806894000040038662114f, 93
1652702697.840949, sdrt-health/mac:02010b41cdec/antenna/tag/e28068940000400386621d4f, 77
1652702697.930525, sdrt-health/mac:02010b41cdec/antenna/tag/e28068940000500386620d4f, 90
1652702697.982025, sdrt-health/mac:02010b41cdec/antenna/tag/e28068940000400386621d4f, 96
1652702698.01684, sdrt-health/mac:02010b41cdec/antenna/tag/e2806894000040038661f94f, 81
1652702698.017082, sdrt-health/mac:02010b41cdec/antenna/tag/e28068940000400386621d4f, 96
1652702698.039992, sdrt-health/mac:02010b41cdec/antenna/tag/e2806894000040038661f94f, 84
1652702698.071662, sdrt-health/mac:02010b41cdec/antenna/tag/e2806894000050038661fd4f, 83
1652702698.120659, sdrt-health/mac:02010b41cdec/antenna/tag/e2806894000050038661fd4f, 83
1652702698.161316, sdrt-health/mac:02010b41cdec/antenna/tag/e2806894000050038661fd4f, 97
1652702698.203294, sdrt-health/mac:02010b41cdec/antenna/tag/e28068940000500386620d4f, 83
1652702698.263484, sdrt-health/mac:02010b41cdec/antenna/tag/e2806894000040038661f94f, 81
1652702698.264049, sdrt-health/mac:02010b41cdec/antenna/tag/e2806894000050038661fd4f, 83
1652702698.297545, sdrt-health/mac:02010b41cdec/antenna/tag/e2806894000040038662114f, 85
1652702698.342987, sdrt-health/mac:02010b41cdec/antenna/tag/e2806894000040038662214f, 83
1652702698.375861, sdrt-health/mac:02010b41cdec/antenna/tag/e28068940000500386620d4f, 83
1652702698.377122, sdrt-health/mac:02010b41cdec/antenna/tag/e2806894000050038662154f, 88
1652702698.440569, sdrt-health/mac:02010b41cdec/antenna/tag/e28068940000500386620d4f, 83
1652702698.484905, sdrt-health/mac:02010b41cdec/antenna/tag/e2806894000040038662114f, 93
1652702698.725851, sdrt-health/mac:02010b41cdec/antenna/tag/e2806894000040038662114f, 88
1652702698.733813, sdrt-health/mac:02010b41cdec/antenna/tag/e28068940000500386620d4f, 83
1652702698.761136, sdrt-health/mac:02010b41cdec/antenna/tag/e2806894000040038662114f, 85
1652702698.761338, sdrt-health/mac:02010b41cdec/antenna/tag/e2806894000040038662114f, 88
1652702698.761461, sdrt-health/mac:02010b41cdec/antenna/tag/e28068940000500386620d4f, 83
1652702698.837672, sdrt-health/mac:02010b41cdec/antenna/tag/e28068940000400386621d4f, 96
1652702698.87147, sdrt-health/mac:02010b41cdec/antenna/tag/e2806894000050038662154f, 85
1652702698.871724, sdrt-health/mac:02010b41cdec/antenna/tag/e28068940000400386621d4f, 96
1652702698.871902, sdrt-health/mac:02010b41cdec/antenna/tag/e28068940000500386620d4f, 83
1652702698.918396, sdrt-health/mac:02010b41cdec/antenna/tag/scan, scan stopped
