1652702365.815829, sdrt-health/mac:02010b41cdec/antenna/power/set, {"power": 300}
1652702366.942417, sdrt-health/mac:02010b41cdec/antenna/power/set, 
1652702370.838158, sdrt-health/mac:02010b41cdec/antenna/tag/scan, {"time": 20000}
1652702371.273908, sdrt-health/mac:02010b41cdec/antenna/tag/e2806894000050038661fd4f, 97
1652702371.313325, sdrt-health/mac:02010b41cdec/antenna/tag/e28068940000400386621d4f, 77
1652702371.367993, sdrt-health/mac:02010b41cdec/antenna/tag/e2806894000050038662194f, 88
1652702371.368461, sdrt-health/mac:02010b41cdec/antenna/tag/e28068940000400386621d4f, 77
1652702371.385634, sdrt-health/mac:02010b41cdec/antenna/tag/e2806894000050038662154f, 93
1652702371.416188, sdrt-health/mac:02010b41cdec/antenna/tag/e2806894000050038661fd4f, 83
1652702371.462961, sdrt-health/mac:02010b41cdec/antenna/tag/e2806894000050038662154f, 88
1652702371.51328, sdrt-health/mac:02010b41cdec/antenna/tag/e28068940000400386621d4f, 96
1652702371.551965, sdrt-health/mac:02010b41cdec/antenna/tag/e28068940000400386621d4f, 96
1652702371.618453, sdrt-health/mac:02010b41cdec/antenna/tag/e2806894000050038662194f, 88
1652702371.618954, sdrt-health/mac:02010b41cdec/antenna/tag/e2806894000050038661fd4f, 83
1652702371.619294, sdrt-health/mac:02010b41cdec/antenna/tag/e2806894000050038661fd4f, 83
1652702371.619647, sdrt-health/mac:02010b41cdec/antenna/tag/e2806894000050038662154f, 88
1652702371.642693, sdrt-health/mac:02010b41cdec/antenna/tag/e2806894000050038662194f, 81
1652702371.683036, sdrt-health/mac:02010b41cdec/antenna/tag/e28068940000400386621d4f, 77
1652702371.754626, sdrt-health/mac:02010b41cdec/antenna/tag/e2806894000040038662114f, 85
1652702371.80741, sdrt-health/mac:02010b41cdec/antenna/tag/e2806894000050038662154f, 87
1652702371.807912, sdrt-health/mac:02010b41cdec/antenna/tag/e2806894000050038662154f, 88
1652702371.822004, sdrt-health/mac:02010b41cdec/antenna/tag/e2806894000050038662154f, 88
1652702371.842388, sdrt-health/mac:02010b41cdec/antenna/tag/e2806894000050038662154f, 88
1652702371.884391, sdrt-health/mac:02010b41cdec/antenna/tag/e28068940000500386620d4f, 90
1652702371.938315, sdrt-health/mac:02010b41cdec/antenna/tag/e2806894000050038661fd4f, 83
1652702371.938767, sdrt-health/mac:02010b41cdec/antenna/tag/e2806894000050038661fd4f, 83
1652702371.953395, sdrt-health/mac:02010b41cdec/antenna/tag/e28068940000500386620d4f, 90
1652702371.962128, sdrt-health/mac:02010b41cdec/antenna/tag/e2806894000050038661fd4f, 83
1652702372.031827, sdrt-health/mac:02010b41cdec/antenna/tag/e2806894000040038661f94f, 94
1652702372.081952, sdrt-health/mac:02010b41cdec/antenna/tag/e2806894000050038662154f, 85
1652702372.122037, sdrt-health/mac:02010b41cdec/antenna/tag/e2806894000040038662114f, 88
1652702372.163463, sdrt-health/mac:02010b41cdec/antenna/tag/e2806894000050038662154f, 85
1652702372.203704, sdrt-health/mac:02010b41cdec/antenna/tag/e2806894000050038662154f, 85
1652702372.252117, sdrt-health/mac:02010b41cdec/antenna/tag/e2806894000050038662154f, 85
1652702372.312896, sdrt-health/mac:02010b41cdec/antenna/tag/e28068940000400386621d4f, 77
1652702372.353193, sdrt-health/mac:02010b41cdec/antenna/tag/e2806894000050038662194f, 94
1652702372.399941, sdrt-health/mac:02010b41cdec/antenna/tag/e2806894000050038661fd4f, 97
1652702372.442983, sdrt-health/mac:02010b41cdec/antenna/tag/e2806894000050038662154f, 91
1652702372.492571, sdrt-health/mac:02010b41cdec/antenna/tag/e28068940000500386620d4f, 83
1652702372.552958, sdrt-health/mac:02010b41cdec/antenna/tag/e2806894000050038661fd4f, 91
1652702372.553438, sdrt-health/mac:02010b41cdec/antenna/tag/e2806894000040038662114f, 88
1652702372.593033, sdrt-health/mac:02010b41cdec/antenna/tag/e2806894000050038661fd4f, 91
1652702372.593591, sdrt-health/mac:02010b41cdec/antenna/tag/e2806894000040038662114f, 88
1652702372.60905, sdrt-health/mac:02010b41cdec/antenna/tag/e2806894000040038661f94f, 82
1652702372.634841, sdrt-health/mac:02010b41cdec/antenna/tag/e2806894000050038662194f, 82
1652702372.687928, sdrt-health/mac:02010b41cdec/antenna/tag/e28068940000500386620d4f, 83
1652702372.688172, sdrt-health/mac:02010b41cdec/antenna/tag/e2806894000050038662154f, 85
1652702372.68829, sdrt-health/mac:02010b41cdec/antenna/tag/e2806894000050038662154f, 85
1652702372.722498, sdrt-health/mac:02010b41cdec/antenna/tag/e2806894000050038661fd4f, 83
1652702372.75283, sdrt-health/mac:02010b41cdec/antenna/tag/e2806894000040038662114f, 85
1652702372.753324, sdrt-health/mac:02010b41cdec/antenna/tag/e2806894000050038662154f, 88
1652702372.767875, sdrt-health/mac:02010b41cdec/antenna/tag/e28068940000500386620d4f, 83
1652702372.76835, sdrt-health/mac:02010b41cdec/antenna/tag/e2806894000050038661fd4f, 83
1652702372.814228, sdrt-health/mac:02010b41cdec/antenna/tag/e2806894000040038662114f, 88
1652702372.872926, sdrt-health/mac:02010b41cdec/antenna/tag/e28068940000400386621d4f, 77
1652702372.873396, sdrt-health/mac:02010b41cdec/antenna/tag/e28068940000400386621d4f, 96
1652702372.887959, sdrt-health/mac:02010b41cdec/antenna/tag/e2806894000050038662154f, 85
1652702372.902523, sdrt-health/mac:02010b41cdec/antenna/tag/e2806894000050038662154f, 88
1652702372.902993, sdrt-health/mac:02010b41cdec/antenna/tag/e28068940000400386621d4f, 96
1652702372.903419, sdrt-health/mac:02010b41cdec/antenna/tag/e2806894000050038661fd4f, 83
1652702372.971393, sdrt-health/mac:02010b41cdec/antenna/tag/e2806894000040038662114f, 91
1652702373.047314, sdrt-health/mac:02010b41cdec/antenna/tag/e2806894000050038661fd4f, 83
1652702373.047718, sdrt-health/mac:02010b41cdec/antenna/tag/e28068940000500386620d4f, 90
1652702373.062677, sdrt-health/mac:02010b41cdec/antenna/tag/e28068940000400386621d4f, 77
1652702373.072967, sdrt-health/mac:02010b41cdec/antenna/tag/e2806894000050038661fd4f, 83
1652702373.122056, sdrt-health/mac:02010b41cdec/antenna/tag/e2806894000050038662154f, 88
1652702373.176646, sdrt-health/mac:02010b41cdec/antenna/tag/e2806894000050038662154f, 88
1652702373.177021, sdrt-health/mac:02010b41cdec/antenna/tag/e28068940000500386620d4f, 83
1652702373.191372, sdrt-health/mac:02010b41cdec/antenna/tag/e28068940000500386620d4f, 83
1652702373.211708, sdrt-health/mac:02010b41cdec/antenna/tag/e2806894000040038661f94f, 88
1652702373.25729, sdrt-health/mac:02010b41cdec/antenna/tag/e2806894000040038662114f, 88
1652702373.318124, sdrt-health/mac:02010b41cdec/antenna/tag/e28068940000400386621d4f, 77
1652702373.318517, sdrt-health/mac:02010b41cdec/antenna/tag/e2806894000050038662154f, 93
1652702373.333419, sdrt-health/mac:02010b41cdec/antenna/tag/e2806894000050038662194f, 84
1652702373.359435, sdrt-health/mac:02010b41cdec/antenna/tag/e2806894000040038662114f, 93
1652702373.418964, sdrt-health/mac:02010b41cdec/antenna/tag/e2806894000050038662154f, 88
1652702373.477182, sdrt-health/mac:02010b41cdec/antenna/tag/e2806894000040038662114f, 85
1652702373.477618, sdrt-health/mac:02010b41cdec/antenna/tag/e2806894000050038662154f, 88
1652702373.515333, sdrt-health/mac:02010b41cdec/antenna/tag/e2806894000050038661fd4f, 97
1652702373.568046, sdrt-health/mac:02010b41cdec/antenna/tag/e2806894000050038662154f, 85
1652702373.568565, sdrt-health/mac:02010b41cdec/antenna/tag/e28068940000500386620d4f, 83
1652702373.582947, sdrt-health/mac:02010b41cdec/antenna/tag/e28068940000400386621d4f, 77
1652702373.616597, sdrt-health/mac:02010b41cdec/antenna/tag/e28068940000400386621d4f, 77
1652702373.617174, sdrt-health/mac:02010b41cdec/antenna/tag/e2806894000050038661fd4f, 97
1652702373.643277, sdrt-health/mac:02010b41cdec/antenna/tag/e2806894000040038662114f, 85
1652702373.708845, sdrt-health/mac:02010b41cdec/antenna/tag/e2806894000050038661fd4f, 88
1652702373.709353, sdrt-health/mac:02010b41cdec/antenna/tag/e2806894000050038661fd4f, 91
1652702373.723304, sdrt-health/mac:02010b41cdec/antenna/tag/e28068940000500386620d4f, 83
1652702373.769545, sdrt-health/mac:02010b41cdec/antenna/tag/e2806894000050038661fd4f, 91
1652702373.829676, sdrt-health/mac:02010b41cdec/antenna/tag/e28068940000400386621d4f, 96
1652702373.829978, sdrt-health/mac:02010b41cdec/antenna/tag/e2806894000040038661f94f, 88
1652702373.844061, sdrt-health/mac:02010b41cdec/antenna/tag/e2806894000050038662154f, 88
1652702373.932196, sdrt-health/mac:02010b41cdec/antenna/tag/e28068940000500386620d4f, 83
1652702373.992461, sdrt-health/mac:02010b41cdec/antenna/tag/e2806894000050038662154f, 88
1652702374.033152, sdrt-health/mac:02010b41cdec/antenna/tag/e28068940000500386620d4f, 83
1652702374.064971, sdrt-health/mac:02010b41cdec/antenna/tag/e2806894000050038662154f, 85
1652702374.065171, sdrt-health/mac:02010b41cdec/antenna/tag/e2806894000050038662154f, 88
1652702374.082027, sdrt-health/mac:02010b41cdec/antenna/tag/e2806894000050038661fd4f, 97
1652702374.12426, sdrt-health/mac:02010b41cdec/antenna/tag/e2806894000040038661f94f, 84
1652702374.162748, sdrt-health/mac:02010b41cdec/antenna/tag/e28068940000400386621d4f, 77
1652702374.218096, sdrt-health/mac:02010b41cdec/antenna/tag/e2806894000040038662214f, 81
1652702374.21874, sdrt-health/mac:02010b41cdec/antenna/tag/e2806894000040038662214f, 94
1652702374.233549, sdrt-health/mac:02010b41cdec/antenna/tag/e28068940000500386620d4f, 83
1652702374.315149, sdrt-health/mac:02010b41cdec/antenna/tag/e28068940000400386621d4f, 96
1652702374.409099, sdrt-health/mac:02010b41cdec/antenna/tag/e2806894000050038661fd4f, 91
1652702374.439679, sdrt-health/mac:02010b41cdec/antenna/tag/e2806894000050038662154f, 88
1652702374.440139, sdrt-health/mac:02010b41cdec/antenna/tag/e2806894000040038662114f, 93
1652702374.440511, sdrt-health/mac:02010b41cdec/antenna/tag/e2806894000040038662114f, 85
1652702374.45702, sdrt-health/mac:02010b41cdec/antenna/tag/e2806894000050038661fd4f, 83
1652702374.517567, sdrt-health/mac:02010b41cdec/antenna/tag/e2806894000040038662114f, 88
1652702374.517801, sdrt-health/mac:02010b41cdec/antenna/tag/e2806894000040038662114f, 88
1652702374.531754, sdrt-health/mac:02010b41cdec/antenna/tag/e28068940000500386620d4f, 83
1652702374.555137, sdrt-health/mac:02010b41cdec/antenna/tag/e2806894000040038662114f, 88
1652702374.587254, sdrt-health/mac:02010b41cdec/antenna/tag/e28068940000500386620d4f, 90
1652702374.587643, sdrt-health/mac:02010b41cdec/antenna/tag/e2806894000050038662154f, 85
1652702374.602174, sdrt-health/mac:02010b41cdec/antenna/tag/e2806894000050038661fd4f, 83
1652702374.658224, sdrt-health/mac:02010b41cdec/antenna/tag/e2806894000050038662154f, 88
1652702374.658742, sdrt-health/mac:02010b41cdec/antenna/tag/e2806894000050038661fd4f, 97
1652702374.681859, sdrt-health/mac:02010b41cdec/antenna/tag/e2806894000050038661fd4f, 83
1652702374.7227, sdrt-health/mac:02010b41cdec/antenna/tag/e2806894000040038662114f, 87
1652702374.778899, sdrt-health/mac:02010b41cdec/antenna/tag/e2806894000050038661fd4f, 97
1652702374.779492, sdrt-health/mac:02010b41cdec/antenna/tag/e2806894000040038661f94f, 81
1652702374.811285, sdrt-health/mac:02010b41cdec/antenna/tag/e2806894000050038662154f, 88
1652702374.856694, sdrt-health/mac:02010b41cdec/antenna/tag/e28068940000400386621d4f, 77
1652702374.892768, sdrt-health/mac:02010b41cdec/antenna/tag/e2806894000050038662154f, 88
1652702374.953706, sdrt-health/mac:02010b41cdec/antenna/tag/e28068940000400386621d4f, 96
1652702374.954233, sdrt-health/mac:02010b41cdec/antenna/tag/e2806894000050038662154f, 97
1652702374.969219, sdrt-health/mac:02010b41cdec/antenna/tag/e2806894000040038662114f, 93
1652702374.969742, sdrt-health/mac:02010b41cdec/antenna/tag/e28068940000500386620d4f, 83
1652702374.98192, sdrt-health/mac:02010b41cdec/antenna/tag/e2806894000050038662154f, 85
1652702375.032983, sdrt-health/mac:02010b41cdec/antenna/tag/e28068940000400386621d4f, 96
1652702375.0716, sdrt-health/mac:02010b41cdec/antenna/tag/e2806894000040038662214f, 81
1652702375.123397, sdrt-health/mac:02010b41cdec/antenna/tag/e2806894000040038661f94f, 81
1652702375.155349, sdrt-health/mac:02010b41cdec/antenna/tag/e2806894000040038662214f, 84
1652702375.155822, sdrt-health/mac:02010b41cdec/antenna/tag/e2806894000040038662214f, 94
1652702375.172414, sdrt-health/mac:02010b41cdec/antenna/tag/e28068940000400386621d4f, 77
1652702375.210779, sdrt-health/mac:02010b41cdec/antenna/tag/e28068940000400386621d4f, 96
1652702375.274822, sdrt-health/mac:02010b41cdec/antenna/tag/e28068940000500386620d4f, 80
1652702375.275291, sdrt-health/mac:02010b41cdec/antenna/tag/e2806894000050038662154f, 85
1652702375.301444, sdrt-health/mac:02010b41cdec/antenna/tag/e2806894000040038662114f, 85
1652702375.372249, sdrt-health/mac:02010b41cdec/antenna/tag/e2806894000050038662154f, 91
1652702375.37272, sdrt-health/mac:02010b41cdec/antenna/tag/e28068940000500386620d4f, 83
1652702375.393549, sdrt-health/mac:02010b41cdec/antenna/tag/e2806894000040038662114f, 85
1652702375.425178, sdrt-health/mac:02010b41cdec/antenna/tag/e28068940000500386620d4f, 83
1652702375.425685, sdrt-health/mac:02010b41cdec/antenna/tag/e2806894000050038661fd4f, 83
1652702375.482322, sdrt-health/mac:02010b41cdec/antenna/tag/e2806894000050038662154f, 91
1652702375.538103, sdrt-health/mac:02010b41cdec/antenna/tag/e28068940000400386621d4f, 96
1652702375.53859, sdrt-health/mac:02010b41cdec/antenna/tag/e28068940000500386620d4f, 83
1652702375.553151, sdrt-health/mac:02010b41cdec/antenna/tag/e28068940000500386620d4f, 90
1652702375.584332, sdrt-health/mac:02010b41cdec/antenna/tag/e2806894000050038661fd4f, 83
1652702375.584837, sdrt-health/mac:02010b41cdec/antenna/tag/e2806894000040038661f94f, 84
1652702375.585228, sdrt-health/mac:02010b41cdec/antenna/tag/e2806894000050038661fd4f, 97
1652702375.602273, sdrt-health/mac:02010b41cdec/antenna/tag/e28068940000500386620d4f, 90
1652702375.657032, sdrt-health/mac:02010b41cdec/antenna/tag/e2806894000040038662114f, 85
1652702375.657549, sdrt-health/mac:02010b41cdec/antenna/tag/e28068940000500386620d4f, 90
1652702375.672521, sdrt-health/mac:02010b41cdec/antenna/tag/e2806894000050038661fd4f, 91
1652702375.710632, sdrt-health/mac:02010b41cdec/antenna/tag/e28068940000400386621d4f, 96
1652702375.770961, sdrt-health/mac:02010b41cdec/antenna/tag/e28068940000500386620d4f, 90
1652702375.846547, sdrt-health/mac:02010b41cdec/antenna/tag/e2806894000050038662154f, 88
1652702375.847046, sdrt-health/mac:02010b41cdec/antenna/tag/e28068940000400386621d4f, 96
1652702375.9326, sdrt-health/mac:02010b41cdec/antenna/tag/e28068940000400386621d4f, 77
1652702375.964588, sdrt-health/mac:02010b41cdec/antenna/tag/e28068940000500386620d4f, 83
1652702375.965093, sdrt-health/mac:02010b41cdec/antenna/tag/e2806894000040038662114f, 88
1652702375.979241, sdrt-health/mac:02010b41cdec/antenna/tag/e2806894000040038661f94f, 88
1652702375.979761, sdrt-health/mac:02010b41cdec/antenna/tag/e2806894000040038661f94f, 82
1652702376.022468, sdrt-health/mac:02010b41cdec/antenna/tag/e2806894000050038661fd4f, 97
1652702376.054945, sdrt-health/mac:02010b41cdec/antenna/tag/e2806894000050038662154f, 85
1652702376.055406, sdrt-health/mac:02010b41cdec/antenna/tag/e2806894000050038662194f, 84
1652702376.055739, sdrt-health/mac:02010b41cdec/antenna/tag/e2806894000040038662214f, 82
1652702376.072165, sdrt-health/mac:02010b41cdec/antenna/tag/e2806894000040038662114f, 85
1652702376.112998, sdrt-health/mac:02010b41cdec/antenna/tag/e28068940000500386620d4f, 83
1652702376.113984, sdrt-health/mac:02010b41cdec/antenna/tag/e2806894000050038662154f, 85
1652702376.128505, sdrt-health/mac:02010b41cdec/antenna/tag/e2806894000040038662214f, 88
1652702376.163506, sdrt-health/mac:02010b41cdec/antenna/tag/e2806894000040038661f94f, 94
1652702376.203356, sdrt-health/mac:02010b41cdec/antenna/tag/e28068940000400386621d4f, 96
1652702376.243063, sdrt-health/mac:02010b41cdec/antenna/tag/e28068940000500386620d4f, 83
1652702376.273517, sdrt-health/mac:02010b41cdec/antenna/tag/e2806894000040038662114f, 87
1652702376.273976, sdrt-health/mac:02010b41cdec/antenna/tag/e28068940000500386620d4f, 83
1652702376.288269, sdrt-health/mac:02010b41cdec/antenna/tag/e2806894000050038662154f, 88
1652702376.288843, sdrt-health/mac:02010b41cdec/antenna/tag/e2806894000050038661fd4f, 97
1652702376.331456, sdrt-health/mac:02010b41cdec/antenna/tag/e28068940000400386621d4f, 77
1652702376.389422, sdrt-health/mac:02010b41cdec/antenna/tag/e2806894000040038661f94f, 84
1652702376.448494, sdrt-health/mac:02010b41cdec/antenna/tag/e2806894000050038661fd4f, 97
1652702376.448954, sdrt-health/mac:02010b41cdec/antenna/tag/e28068940000400386621d4f, 96
1652702376.464084, sdrt-health/mac:02010b41cdec/antenna/tag/e28068940000400386621d4f, 96
1652702376.482171, sdrt-health/mac:02010b41cdec/antenna/tag/e2806894000050038662194f, 83
1652702376.53702, sdrt-health/mac:02010b41cdec/antenna/tag/e2806894000050038662194f, 82
1652702376.537255, sdrt-health/mac:02010b41cdec/antenna/tag/e2806894000040038662114f, 88
1652702376.553113, sdrt-health/mac:02010b41cdec/antenna/tag/e2806894000050038661fd4f, 83
1652702376.561836, sdrt-health/mac:02010b41cdec/antenna/tag/e2806894000040038662114f, 88
1652702376.567709, sdrt-health/mac:02010b41cdec/antenna/tag/e2806894000050038661fd4f, 83
1652702376.603199, sdrt-health/mac:02010b41cdec/antenna/tag/e2806894000040038661f94f, 88
1652702376.642306, sdrt-health/mac:02010b41cdec/antenna/tag/e2806894000050038662154f, 85
1652702376.700112, sdrt-health/mac:02010b41cdec/antenna/tag/e2806894000040038662114f, 85
1652702376.700586, sdrt-health/mac:02010b41cdec/antenna/tag/e28068940000400386621d4f, 77
1652702376.700925, sdrt-health/mac:02010b41cdec/antenna/tag/e2806894000050038661fd4f, 88
1652702376.701241, sdrt-health/mac:02010b41cdec/antenna/tag/e28068940000400386621d4f, 77
1652702376.701593, sdrt-health/mac:02010b41cdec/antenna/tag/e2806894000040038662114f, 88
1652702376.732694, sdrt-health/mac:02010b41cdec/antenna/tag/e28068940000500386620d4f, 90
1652702376.775467, sdrt-health/mac:02010b41cdec/antenna/tag/e2806894000050038662194f, 81
1652702376.812496, sdrt-health/mac:02010b41cdec/antenna/tag/e2806894000050038662194f, 81
1652702376.902944, sdrt-health/mac:02010b41cdec/antenna/tag/e2806894000050038661fd4f, 97
1652702376.952186, sdrt-health/mac:02010b41cdec/antenna/tag/e28068940000400386621d4f, 96
1652702377.0096, sdrt-health/mac:02010b41cdec/antenna/tag/e28068940000400386621d4f, 96
1652702377.010104, sdrt-health/mac:02010b41cdec/antenna/tag/e28068940000400386621d4f, 77
1652702377.02542, sdrt-health/mac:02010b41cdec/antenna/tag/e2806894000040038662114f, 85
1652702377.051721, sdrt-health/mac:02010b41cdec/antenna/tag/e2806894000050038662154f, 93
1652702377.125392, sdrt-health/mac:02010b41cdec/antenna/tag/e2806894000040038661f94f, 84
1652702377.12588, sdrt-health/mac:02010b41cdec/antenna/tag/e2806894000040038662114f, 85
1652702377.15376, sdrt-health/mac:02010b41cdec/antenna/tag/e2806894000040038662114f, 88
1652702377.216369, sdrt-health/mac:02010b41cdec/antenna/tag/e2806894000050038661fd4f, 97
1652702377.216582, sdrt-health/mac:02010b41cdec/antenna/tag/e2806894000050038662154f, 88
1652702377.256741, sdrt-health/mac:02010b41cdec/antenna/tag/e2806894000040038661f94f, 84
1652702377.338212, sdrt-health/mac:02010b41cdec/antenna/tag/e2806894000040038661f94f, 94
1652702377.383217, sdrt-health/mac:02010b41cdec/antenna/tag/e2806894000050038662154f, 85
1652702377.431876, sdrt-health/mac:02010b41cdec/antenna/tag/e2806894000040038662214f, 88
1652702377.490167, sdrt-health/mac:02010b41cdec/antenna/tag/e2806894000050038661fd4f, 97
1652702377.490789, sdrt-health/mac:02010b41cdec/antenna/tag/e2806894000050038662154f, 93
1652702377.505839, sdrt-health/mac:02010b41cdec/antenna/tag/e2806894000040038662114f, 85
1652702377.522896, sdrt-health/mac:02010b41cdec/antenna/tag/e2806894000040038661f94f, 84
1652702377.578794, sdrt-health/mac:02010b41cdec/antenna/tag/e2806894000050038661fd4f, 91
1652702377.579225, sdrt-health/mac:02010b41cdec/antenna/tag/e28068940000400386621d4f, 77
1652702377.594885, sdrt-health/mac:02010b41cdec/antenna/tag/e2806894000050038661fd4f, 97
1652702377.647937, sdrt-health/mac:02010b41cdec/antenna/tag/e28068940000400386621d4f, 77
1652702377.648413, sdrt-health/mac:02010b41cdec/antenna/tag/e2806894000050038662154f, 87
1652702377.68365, sdrt-health/mac:02010b41cdec/antenna/tag/e2806894000050038661fd4f, 83
1652702377.72293, sdrt-health/mac:02010b41cdec/antenna/tag/e2806894000050038661fd4f, 83
1652702377.754253, sdrt-health/mac:02010b41cdec/antenna/tag/e28068940000400386621d4f, 96
1652702377.75477, sdrt-health/mac:02010b41cdec/antenna/tag/e2806894000050038661fd4f, 83
1652702377.769887, sdrt-health/mac:02010b41cdec/antenna/tag/e2806894000050038661fd4f, 91
1652702377.804141, sdrt-health/mac:02010b41cdec/antenna/tag/e28068940000400386621d4f, 77
1652702377.83778, sdrt-health/mac:02010b41cdec/antenna/tag/e2806894000050038662194f, 81
1652702377.838314, sdrt-health/mac:02010b41cdec/antenna/tag/e2806894000050038661fd4f, 91
1652702377.854207, sdrt-health/mac:02010b41cdec/antenna/tag/e28068940000500386620d4f, 90
1652702377.854658, sdrt-health/mac:02010b41cdec/antenna/tag/e2806894000050038661fd4f, 91
1652702377.855045, sdrt-health/mac:02010b41cdec/antenna/tag/e28068940000400386621d4f, 77
1652702377.941564, sdrt-health/mac:02010b41cdec/antenna/tag/e2806894000050038662154f, 85
1652702377.977029, sdrt-health/mac:02010b41cdec/antenna/tag/e2806894000050038662154f, 85
1652702378.037141, sdrt-health/mac:02010b41cdec/antenna/tag/e28068940000400386621d4f, 96
1652702378.072068, sdrt-health/mac:02010b41cdec/antenna/tag/e2806894000050038661fd4f, 83
1652702378.119416, sdrt-health/mac:02010b41cdec/antenna/tag/e2806894000050038662154f, 85
1652702378.166227, sdrt-health/mac:02010b41cdec/antenna/tag/e28068940000400386621d4f, 96
1652702378.166574, sdrt-health/mac:02010b41cdec/antenna/tag/e2806894000050038661fd4f, 97
1652702378.181812, sdrt-health/mac:02010b41cdec/antenna/tag/e28068940000500386620d4f, 90
1652702378.192419, sdrt-health/mac:02010b41cdec/antenna/tag/e28068940000400386621d4f, 77
1652702378.242124, sdrt-health/mac:02010b41cdec/antenna/tag/e2806894000050038662194f, 84
1652702378.284544, sdrt-health/mac:02010b41cdec/antenna/tag/e2806894000050038661fd4f, 97
1652702378.321512, sdrt-health/mac:02010b41cdec/antenna/tag/e2806894000050038661fd4f, 86
1652702378.426361, sdrt-health/mac:02010b41cdec/antenna/tag/e28068940000400386621d4f, 96
1652702378.426573, sdrt-health/mac:02010b41cdec/antenna/tag/e2806894000050038661fd4f, 83
1652702378.455303, sdrt-health/mac:02010b41cdec/antenna/tag/e28068940000400386621d4f, 96
1652702378.455639, sdrt-health/mac:02010b41cdec/antenna/tag/e28068940000400386621d4f, 96
1652702378.49224, sdrt-health/mac:02010b41cdec/antenna/tag/e28068940000400386621d4f, 77
1652702378.551208, sdrt-health/mac:02010b41cdec/antenna/tag/e2806894000050038662154f, 85
1652702378.592495, sdrt-health/mac:02010b41cdec/antenna/tag/e2806894000050038661fd4f, 97
1652702378.667746, sdrt-health/mac:02010b41cdec/antenna/tag/e2806894000040038662114f, 85
1652702378.668069, sdrt-health/mac:02010b41cdec/antenna/tag/e2806894000050038662194f, 84
1652702378.682398, sdrt-health/mac:02010b41cdec/antenna/tag/e2806894000040038662114f, 88
1652702378.722411, sdrt-health/mac:02010b41cdec/antenna/tag/e28068940000500386620d4f, 83
1652702378.751794, sdrt-health/mac:02010b41cdec/antenna/tag/e2806894000050038662154f, 85
1652702378.751993, sdrt-health/mac:02010b41cdec/antenna/tag/e28068940000400386621d4f, 77
1652702378.76724, sdrt-health/mac:02010b41cdec/antenna/tag/e2806894000050038662154f, 93
1652702378.767556, sdrt-health/mac:02010b41cdec/antenna/tag/e2806894000050038662194f, 94
1652702378.767767, sdrt-health/mac:02010b41cdec/antenna/tag/e2806894000050038662194f, 94
1652702378.80276, sdrt-health/mac:02010b41cdec/antenna/tag/e2806894000040038662114f, 85
1652702378.841492, sdrt-health/mac:02010b41cdec/antenna/tag/e2806894000050038662194f, 94
1652702378.897387, sdrt-health/mac:02010b41cdec/antenna/tag/e2806894000050038661fd4f, 97
1652702378.897608, sdrt-health/mac:02010b41cdec/antenna/tag/e2806894000050038661fd4f, 97
1652702378.948377, sdrt-health/mac:02010b41cdec/antenna/tag/e28068940000500386620d4f, 83
1652702378.981554, sdrt-health/mac:02010b41cdec/antenna/tag/e2806894000050038662154f, 91
1652702379.011052, sdrt-health/mac:02010b41cdec/antenna/tag/e2806894000050038661fd4f, 97
1652702379.011301, sdrt-health/mac:02010b41cdec/antenna/tag/e28068940000400386621d4f, 96
1652702379.031482, sdrt-health/mac:02010b41cdec/antenna/tag/e28068940000500386620d4f, 83
1652702379.096594, sdrt-health/mac:02010b41cdec/antenna/tag/e2806894000050038661fd4f, 97
1652702379.131632, sdrt-health/mac:02010b41cdec/antenna/tag/e2806894000050038662194f, 88
1652702379.176545, sdrt-health/mac:02010b41cdec/antenna/tag/e28068940000400386621d4f, 77
1652702379.222478, sdrt-health/mac:02010b41cdec/antenna/tag/e2806894000050038661fd4f, 83
1652702379.253666, sdrt-health/mac:02010b41cdec/antenna/tag/e2806894000040038662054f, 88
1652702379.254192, sdrt-health/mac:02010b41cdec/antenna/tag/e28068940000500386620d4f, 90
1652702379.273618, sdrt-health/mac:02010b41cdec/antenna/tag/e2806894000040038661f94f, 81
1652702379.364066, sdrt-health/mac:02010b41cdec/antenna/tag/e28068940000500386620d4f, 83
1652702379.418421, sdrt-health/mac:02010b41cdec/antenna/tag/e2806894000040038662114f, 85
1652702379.44886, sdrt-health/mac:02010b41cdec/antenna/tag/e2806894000050038662154f, 88
1652702379.449355, sdrt-health/mac:02010b41cdec/antenna/tag/e28068940000500386620d4f, 90
1652702379.463415, sdrt-health/mac:02010b41cdec/antenna/tag/e28068940000400386621d4f, 77
1652702379.520522, sdrt-health/mac:02010b41cdec/antenna/tag/e2806894000050038662194f, 88
1652702379.563267, sdrt-health/mac:02010b41cdec/antenna/tag/e2806894000050038662154f, 85
1652702379.636664, sdrt-health/mac:02010b41cdec/antenna/tag/e2806894000050038662194f, 88
1652702379.637149, sdrt-health/mac:02010b41cdec/antenna/tag/e2806894000050038662154f, 85
1652702379.67256, sdrt-health/mac:02010b41cdec/antenna/tag/e2806894000050038661fd4f, 83
1652702379.735951, sdrt-health/mac:02010b41cdec/antenna/tag/e2806894000040038662114f, 88
1652702379.782636, sdrt-health/mac:02010b41cdec/antenna/tag/e28068940000500386620d4f, 83
1652702379.815067, sdrt-health/mac:02010b41cdec/antenna/tag/e2806894000040038662114f, 85
1652702379.81563, sdrt-health/mac:02010b41cdec/antenna/tag/e2806894000050038662154f, 85
1652702379.830055, sdrt-health/mac:02010b41cdec/antenna/tag/e2806894000050038661fd4f, 97
1652702379.830583, sdrt-health/mac:02010b41cdec/antenna/tag/e2806894000040038662114f, 85
1652702379.862359, sdrt-health/mac:02010b41cdec/antenna/tag/e2806894000050038662154f, 91
1652702379.926484, sdrt-health/mac:02010b41cdec/antenna/tag/e2806894000050038662014f, 94
1652702379.926977, sdrt-health/mac:02010b41cdec/antenna/tag/e2806894000050038661fd4f, 97
1652702379.952953, sdrt-health/mac:02010b41cdec/antenna/tag/e28068940000500386620d4f, 83
1652702380.002342, sdrt-health/mac:02010b41cdec/antenna/tag/e28068940000500386620d4f, 90
1652702380.058334, sdrt-health/mac:02010b41cdec/antenna/tag/e28068940000500386620d4f, 83
1652702380.058598, sdrt-health/mac:02010b41cdec/antenna/tag/e2806894000050038661fd4f, 97
1652702380.073575, sdrt-health/mac:02010b41cdec/antenna/tag/e28068940000500386620d4f, 83
1652702380.0911, sdrt-health/mac:02010b41cdec/antenna/tag/e2806894000050038661fd4f, 97
1652702380.15907, sdrt-health/mac:02010b41cdec/antenna/tag/e2806894000050038662154f, 85
1652702380.159467, sdrt-health/mac:02010b41cdec/antenna/tag/e2806894000050038661fd4f, 97
1652702380.173809, sdrt-health/mac:02010b41cdec/antenna/tag/e2806894000050038662154f, 85
1652702380.204231, sdrt-health/mac:02010b41cdec/antenna/tag/e2806894000050038662154f, 88
1652702380.204472, sdrt-health/mac:02010b41cdec/antenna/tag/e28068940000400386621d4f, 96
1652702380.297477, sdrt-health/mac:02010b41cdec/antenna/tag/e2806894000040038661f94f, 81
1652702380.348798, sdrt-health/mac:02010b41cdec/antenna/tag/e28068940000500386620d4f, 90
1652702380.381132, sdrt-health/mac:02010b41cdec/antenna/tag/e28068940000500386620d4f, 90
1652702380.381451, sdrt-health/mac:02010b41cdec/antenna/tag/e28068940000400386621d4f, 96
1652702380.404286, sdrt-health/mac:02010b41cdec/antenna/tag/e2806894000050038662154f, 88
1652702380.456141, sdrt-health/mac:02010b41cdec/antenna/tag/e2806894000050038661fd4f, 83
1652702380.486469, sdrt-health/mac:02010b41cdec/antenna/tag/e2806894000050038661fd4f, 83
1652702380.486675, sdrt-health/mac:02010b41cdec/antenna/tag/e2806894000040038662114f, 87
1652702380.48681, sdrt-health/mac:02010b41cdec/antenna/tag/e2806894000050038662154f, 88
1652702380.500413, sdrt-health/mac:02010b41cdec/antenna/tag/e2806894000050038662154f, 85
1652702380.55249, sdrt-health/mac:02010b41cdec/antenna/tag/e2806894000050038661fd4f, 97
1652702380.593125, sdrt-health/mac:02010b41cdec/antenna/tag/e28068940000400386621d4f, 77
1652702380.646432, sdrt-health/mac:02010b41cdec/antenna/tag/e2806894000050038662154f, 88
1652702380.646773, sdrt-health/mac:02010b41cdec/antenna/tag/e28068940000500386620d4f, 83
1652702380.661303, sdrt-health/mac:02010b41cdec/antenna/tag/e2806894000040038662214f, 94
1652702380.682044, sdrt-health/mac:02010b41cdec/antenna/tag/e28068940000500386620d4f, 83
1652702380.721661, sdrt-health/mac:02010b41cdec/antenna/tag/e2806894000050038662154f, 85
1652702380.762771, sdrt-health/mac:02010b41cdec/antenna/tag/e28068940000400386621d4f, 96
1652702380.802778, sdrt-health/mac:02010b41cdec/antenna/tag/e28068940000400386621d4f, 77
1652702380.897028, sdrt-health/mac:02010b41cdec/antenna/tag/e2806894000050038662154f, 88
1652702380.897535, sdrt-health/mac:02010b41cdec/antenna/tag/e2806894000050038661fd4f, 97
1652702380.936655, sdrt-health/mac:02010b41cdec/antenna/tag/e2806894000040038662114f, 88
1652702380.987245, sdrt-health/mac:02010b41cdec/antenna/tag/e2806894000040038662114f, 88
1652702380.987712, sdrt-health/mac:02010b41cdec/antenna/tag/e2806894000050038662154f, 88
1652702381.002036, sdrt-health/mac:02010b41cdec/antenna/tag/e28068940000500386620d4f, 83
1652702381.030509, sdrt-health/mac:02010b41cdec/antenna/tag/e2806894000050038662154f, 85
1652702381.071864, sdrt-health/mac:02010b41cdec/antenna/tag/e2806894000040038662114f, 88
1652702381.137955, sdrt-health/mac:02010b41cdec/antenna/tag/e2806894000050038661fd4f, 83
1652702381.138471, sdrt-health/mac:02010b41cdec/antenna/tag/e2806894000050038661fd4f, 83
1652702381.153623, sdrt-health/mac:02010b41cdec/antenna/tag/e2806894000050038662154f, 85
1652702381.162996, sdrt-health/mac:02010b41cdec/antenna/tag/e2806894000050038662154f, 85
1652702381.170201, sdrt-health/mac:02010b41cdec/antenna/tag/e28068940000500386620d4f, 90
1652702381.203166, sdrt-health/mac:02010b41cdec/antenna/tag/e2806894000040038662214f, 88
1652702381.274512, sdrt-health/mac:02010b41cdec/antenna/tag/e2806894000050038661fd4f, 91
1652702381.274969, sdrt-health/mac:02010b41cdec/antenna/tag/e2806894000040038662114f, 88
1652702381.311057, sdrt-health/mac:02010b41cdec/antenna/tag/e2806894000040038662114f, 85
1652702381.340835, sdrt-health/mac:02010b41cdec/antenna/tag/e2806894000050038661fd4f, 83
1652702381.341287, sdrt-health/mac:02010b41cdec/antenna/tag/e2806894000050038662154f, 88
1652702381.370924, sdrt-health/mac:02010b41cdec/antenna/tag/e2806894000040038662114f, 93
1652702381.46317, sdrt-health/mac:02010b41cdec/antenna/tag/e2806894000040038662114f, 85
1652702381.551054, sdrt-health/mac:02010b41cdec/antenna/tag/e2806894000050038661fd4f, 88
1652702381.59313, sdrt-health/mac:02010b41cdec/antenna/tag/e2806894000050038662154f, 85
1652702381.624961, sdrt-health/mac:02010b41cdec/antenna/tag/e2806894000040038662114f, 93
1652702381.62553, sdrt-health/mac:02010b41cdec/antenna/tag/e2806894000050038661fd4f, 91
1652702381.640363, sdrt-health/mac:02010b41cdec/antenna/tag/e28068940000400386621d4f, 77
1652702381.681501, sdrt-health/mac:02010b41cdec/antenna/tag/e28068940000500386620d4f, 83
1652702381.722416, sdrt-health/mac:02010b41cdec/antenna/tag/e2806894000050038661fd4f, 91
1652702381.763711, sdrt-health/mac:02010b41cdec/antenna/tag/e28068940000500386620d4f, 83
1652702381.802517, sdrt-health/mac:02010b41cdec/antenna/tag/e2806894000040038662114f, 88
1652702381.842324, sdrt-health/mac:02010b41cdec/antenna/tag/e2806894000050038661fd4f, 83
1652702381.949997, sdrt-health/mac:02010b41cdec/antenna/tag/e28068940000500386620d4f, 83
1652702381.950551, sdrt-health/mac:02010b41cdec/antenna/tag/e2806894000050038662154f, 88
1652702381.991689, sdrt-health/mac:02010b41cdec/antenna/tag/e2806894000040038662114f, 85
1652702382.047958, sdrt-health/mac:02010b41cdec/antenna/tag/e2806894000040038662114f, 85
1652702382.048453, sdrt-health/mac:02010b41cdec/antenna/tag/e28068940000500386620d4f, 83
1652702382.063132, sdrt-health/mac:02010b41cdec/antenna/tag/e28068940000500386620d4f, 83
1652702382.08261, sdrt-health/mac:02010b41cdec/antenna/tag/e28068940000500386620d4f, 90
1652702382.083384, sdrt-health/mac:02010b41cdec/antenna/tag/e28068940000500386620d4f, 90
1652702382.123061, sdrt-health/mac:02010b41cdec/antenna/tag/e2806894000040038662214f, 88
1652702382.153489, sdrt-health/mac:02010b41cdec/antenna/tag/e2806894000050038662154f, 85
1652702382.153955, sdrt-health/mac:02010b41cdec/antenna/tag/e2806894000040038661f94f, 88
1652702382.168463, sdrt-health/mac:02010b41cdec/antenna/tag/e2806894000050038662154f, 85
1652702382.224334, sdrt-health/mac:02010b41cdec/antenna/tag/e2806894000050038662154f, 88
1652702382.263296, sdrt-health/mac:02010b41cdec/antenna/tag/e28068940000400386621d4f, 96
1652702382.311485, sdrt-health/mac:02010b41cdec/antenna/tag/e2806894000050038662154f, 88
1652702382.352825, sdrt-health/mac:02010b41cdec/antenna/tag/e2806894000050038661fd4f, 83
1652702382.384432, sdrt-health/mac:02010b41cdec/antenna/tag/e28068940000500386620d4f, 83
1652702382.384866, sdrt-health/mac:02010b41cdec/antenna/tag/e2806894000050038661fd4f, 83
1652702382.409513, sdrt-health/mac:02010b41cdec/antenna/tag/e2806894000050038662154f, 91
1652702382.440912, sdrt-health/mac:02010b41cdec/antenna/tag/e2806894000050038661fd4f, 83
1652702382.441183, sdrt-health/mac:02010b41cdec/antenna/tag/e2806894000040038662114f, 85
1652702382.456872, sdrt-health/mac:02010b41cdec/antenna/tag/e2806894000040038662114f, 88
1652702382.502484, sdrt-health/mac:02010b41cdec/antenna/tag/e2806894000040038661f94f, 88
1652702382.568565, sdrt-health/mac:02010b41cdec/antenna/tag/e28068940000500386620d4f, 83
1652702382.569124, sdrt-health/mac:02010b41cdec/antenna/tag/e2806894000050038661fd4f, 91
1652702382.592433, sdrt-health/mac:02010b41cdec/antenna/tag/e2806894000040038661f94f, 82
1652702382.632031, sdrt-health/mac:02010b41cdec/antenna/tag/e2806894000040038662214f, 94
1652702382.737322, sdrt-health/mac:02010b41cdec/antenna/tag/e28068940000500386620d4f, 83
1652702382.737798, sdrt-health/mac:02010b41cdec/antenna/tag/e2806894000050038662154f, 91
1652702382.762329, sdrt-health/mac:02010b41cdec/antenna/tag/e2806894000050038661fd4f, 97
1652702382.862579, sdrt-health/mac:02010b41cdec/antenna/tag/e28068940000500386620d4f, 83
1652702382.916656, sdrt-health/mac:02010b41cdec/antenna/tag/e2806894000040038662114f, 93
1652702382.91692, sdrt-health/mac:02010b41cdec/antenna/tag/e2806894000040038661f94f, 88
1652702382.931553, sdrt-health/mac:02010b41cdec/antenna/tag/e2806894000040038662114f, 85
1652702382.931786, sdrt-health/mac:02010b41cdec/antenna/tag/e2806894000040038662114f, 85
1652702382.931921, sdrt-health/mac:02010b41cdec/antenna/tag/e28068940000400386621d4f, 96
1652702382.954878, sdrt-health/mac:02010b41cdec/antenna/tag/e28068940000400386621d4f, 96
1652702383.017486, sdrt-health/mac:02010b41cdec/antenna/tag/e2806894000040038661f94f, 94
1652702383.017747, sdrt-health/mac:02010b41cdec/antenna/tag/e2806894000050038662194f, 84
1652702383.03211, sdrt-health/mac:02010b41cdec/antenna/tag/e2806894000050038662154f, 85
1652702383.042064, sdrt-health/mac:02010b41cdec/antenna/tag/e28068940000400386621d4f, 96
1652702383.113269, sdrt-health/mac:02010b41cdec/antenna/tag/e28068940000500386620d4f, 90
1652702383.1595, sdrt-health/mac:02010b41cdec/antenna/tag/e2806894000040038662114f, 85
1652702383.189138, sdrt-health/mac:02010b41cdec/antenna/tag/e28068940000400386621d4f, 77
1652702383.189332, sdrt-health/mac:02010b41cdec/antenna/tag/e2806894000050038662154f, 93
1652702383.189446, sdrt-health/mac:02010b41cdec/antenna/tag/e2806894000050038661fd4f, 97
1652702383.189573, sdrt-health/mac:02010b41cdec/antenna/tag/e28068940000400386621d4f, 77
1652702383.224285, sdrt-health/mac:02010b41cdec/antenna/tag/e2806894000050038661fd4f, 91
1652702383.282357, sdrt-health/mac:02010b41cdec/antenna/tag/e2806894000050038662154f, 88
1652702383.3219, sdrt-health/mac:02010b41cdec/antenna/tag/e28068940000400386621d4f, 77
1652702383.378354, sdrt-health/mac:02010b41cdec/antenna/tag/e28068940000500386620d4f, 83
1652702383.37884, sdrt-health/mac:02010b41cdec/antenna/tag/e28068940000500386620d4f, 90
1652702383.402965, sdrt-health/mac:02010b41cdec/antenna/tag/e28068940000400386621d4f, 96
1652702383.443653, sdrt-health/mac:02010b41cdec/antenna/tag/e2806894000040038662114f, 93
1652702383.498052, sdrt-health/mac:02010b41cdec/antenna/tag/e28068940000500386620d4f, 83
1652702383.498515, sdrt-health/mac:02010b41cdec/antenna/tag/e2806894000040038662114f, 85
1652702383.523499, sdrt-health/mac:02010b41cdec/antenna/tag/e2806894000050038662194f, 84
1652702383.563862, sdrt-health/mac:02010b41cdec/antenna/tag/e2806894000050038661fd4f, 97
1652702383.611063, sdrt-health/mac:02010b41cdec/antenna/tag/e28068940000500386620d4f, 90
1652702383.656996, sdrt-health/mac:02010b41cdec/antenna/tag/e2806894000040038662114f, 88
1652702383.710252, sdrt-health/mac:02010b41cdec/antenna/tag/e2806894000050038662154f, 88
1652702383.710739, sdrt-health/mac:02010b41cdec/antenna/tag/e2806894000040038662114f, 81
1652702383.726723, sdrt-health/mac:02010b41cdec/antenna/tag/e28068940000400386621d4f, 77
1652702383.762163, sdrt-health/mac:02010b41cdec/antenna/tag/e2806894000040038662114f, 93
1652702383.802881, sdrt-health/mac:02010b41cdec/antenna/tag/e28068940000500386620d4f, 83
1652702383.842202, sdrt-health/mac:02010b41cdec/antenna/tag/e2806894000050038661fd4f, 97
1652702383.928154, sdrt-health/mac:02010b41cdec/antenna/tag/e2806894000040038662114f, 85
1652702383.928667, sdrt-health/mac:02010b41cdec/antenna/tag/e2806894000040038662114f, 85
1652702383.955295, sdrt-health/mac:02010b41cdec/antenna/tag/e2806894000050038661fd4f, 97
1652702384.0109, sdrt-health/mac:02010b41cdec/antenna/tag/e28068940000400386621d4f, 77
1652702384.011428, sdrt-health/mac:02010b41cdec/antenna/tag/e2806894000040038662114f, 85
1652702384.033518, sdrt-health/mac:02010b41cdec/antenna/tag/e28068940000500386620d4f, 90
1652702384.197209, sdrt-health/mac:02010b41cdec/antenna/tag/e2806894000050038662154f, 93
1652702384.197432, sdrt-health/mac:02010b41cdec/antenna/tag/e2806894000040038662114f, 85
1652702384.23348, sdrt-health/mac:02010b41cdec/antenna/tag/e2806894000050038662154f, 88
1652702384.287764, sdrt-health/mac:02010b41cdec/antenna/tag/e2806894000050038661fd4f, 97
1652702384.288265, sdrt-health/mac:02010b41cdec/antenna/tag/e2806894000050038662194f, 84
1652702384.322811, sdrt-health/mac:02010b41cdec/antenna/tag/e28068940000500386620d4f, 83
1652702384.323306, sdrt-health/mac:02010b41cdec/antenna/tag/e28068940000400386621d4f, 77
1652702384.362453, sdrt-health/mac:02010b41cdec/antenna/tag/e28068940000500386620d4f, 90
1652702384.417355, sdrt-health/mac:02010b41cdec/antenna/tag/e2806894000040038662114f, 85
1652702384.417748, sdrt-health/mac:02010b41cdec/antenna/tag/e2806894000050038662154f, 85
1652702384.418026, sdrt-health/mac:02010b41cdec/antenna/tag/e2806894000050038661fd4f, 97
1652702384.442077, sdrt-health/mac:02010b41cdec/antenna/tag/e2806894000050038661fd4f, 83
1652702384.492477, sdrt-health/mac:02010b41cdec/antenna/tag/e2806894000040038662114f, 88
1652702384.536483, sdrt-health/mac:02010b41cdec/antenna/tag/e28068940000500386620d4f, 90
1652702384.589084, sdrt-health/mac:02010b41cdec/antenna/tag/e2806894000050038661fd4f, 83
1652702384.589461, sdrt-health/mac:02010b41cdec/antenna/tag/e28068940000400386621d4f, 96
1652702384.604144, sdrt-health/mac:02010b41cdec/antenna/tag/e2806894000040038662114f, 88
1652702384.615914, sdrt-health/mac:02010b41cdec/antenna/tag/e28068940000400386621d4f, 77
1652702384.618155, sdrt-health/mac:02010b41cdec/antenna/tag/e2806894000040038662114f, 91
1652702384.651988, sdrt-health/mac:02010b41cdec/antenna/tag/e2806894000050038662154f, 85
1652702384.712218, sdrt-health/mac:02010b41cdec/antenna/tag/e2806894000050038662194f, 94
1652702384.751798, sdrt-health/mac:02010b41cdec/antenna/tag/e2806894000050038662194f, 88
1652702384.752453, sdrt-health/mac:02010b41cdec/antenna/tag/e28068940000500386620d4f, 90
1652702384.832151, sdrt-health/mac:02010b41cdec/antenna/tag/e2806894000050038662154f, 91
1652702384.882008, sdrt-health/mac:02010b41cdec/antenna/tag/e2806894000040038662114f, 88
1652702384.883077, sdrt-health/mac:02010b41cdec/antenna/tag/e28068940000500386620d4f, 83
1652702385.113869, sdrt-health/mac:02010b41cdec/antenna/tag/e2806894000040038662114f, 88
1652702385.152109, sdrt-health/mac:02010b41cdec/antenna/tag/e28068940000500386620d4f, 83
1652702385.182888, sdrt-health/mac:02010b41cdec/antenna/tag/e2806894000050038662154f, 85
1652702385.184234, sdrt-health/mac:02010b41cdec/antenna/tag/e28068940000500386620d4f, 90
1652702385.18459, sdrt-health/mac:02010b41cdec/antenna/tag/e2806894000040038662114f, 91
1652702385.184946, sdrt-health/mac:02010b41cdec/antenna/tag/e2806894000040038661f94f, 81
1652702385.198753, sdrt-health/mac:02010b41cdec/antenna/tag/e28068940000500386620d4f, 83
1652702385.198936, sdrt-health/mac:02010b41cdec/antenna/tag/e2806894000050038662194f, 82
1652702385.199053, sdrt-health/mac:02010b41cdec/antenna/tag/e28068940000400386621d4f, 96
1652702385.199175, sdrt-health/mac:02010b41cdec/antenna/tag/e2806894000040038661f94f, 83
1652702385.199286, sdrt-health/mac:02010b41cdec/antenna/tag/e2806894000050038662194f, 88
1652702385.231148, sdrt-health/mac:02010b41cdec/antenna/tag/e28068940000400386621d4f, 77
1652702385.281759, sdrt-health/mac:02010b41cdec/antenna/tag/e2806894000050038661fd4f, 97
1652702385.322492, sdrt-health/mac:02010b41cdec/antenna/tag/e2806894000050038662154f, 85
1652702385.377995, sdrt-health/mac:02010b41cdec/antenna/tag/e2806894000040038662114f, 85
1652702385.378456, sdrt-health/mac:02010b41cdec/antenna/tag/e28068940000400386621d4f, 77
1652702385.39409, sdrt-health/mac:02010b41cdec/antenna/tag/e2806894000050038662194f, 84
1652702385.417693, sdrt-health/mac:02010b41cdec/antenna/tag/e28068940000400386621d4f, 77
1652702385.462894, sdrt-health/mac:02010b41cdec/antenna/tag/e28068940000400386621d4f, 77
1652702385.512509, sdrt-health/mac:02010b41cdec/antenna/tag/e2806894000040038662114f, 85
1652702385.56267, sdrt-health/mac:02010b41cdec/antenna/tag/e2806894000050038661fd4f, 91
1652702385.619629, sdrt-health/mac:02010b41cdec/antenna/tag/e2806894000050038662154f, 88
1652702385.620156, sdrt-health/mac:02010b41cdec/antenna/tag/e2806894000050038661fd4f, 91
1652702385.635806, sdrt-health/mac:02010b41cdec/antenna/tag/e2806894000050038662194f, 81
1652702385.641769, sdrt-health/mac:02010b41cdec/antenna/tag/e28068940000500386620d4f, 90
1652702385.652494, sdrt-health/mac:02010b41cdec/antenna/tag/e28068940000400386621d4f, 77
1652702385.652881, sdrt-health/mac:02010b41cdec/antenna/tag/e2806894000050038662154f, 93
1652702385.653224, sdrt-health/mac:02010b41cdec/antenna/tag/e2806894000040038662114f, 93
1652702385.682677, sdrt-health/mac:02010b41cdec/antenna/tag/e28068940000500386620d4f, 83
1652702385.722323, sdrt-health/mac:02010b41cdec/antenna/tag/e2806894000050038661fd4f, 83
1652702385.722815, sdrt-health/mac:02010b41cdec/antenna/tag/e28068940000400386621d4f, 96
1652702385.779014, sdrt-health/mac:02010b41cdec/antenna/tag/e28068940000400386621d4f, 96
1652702385.779512, sdrt-health/mac:02010b41cdec/antenna/tag/e2806894000050038661fd4f, 83
1652702385.794036, sdrt-health/mac:02010b41cdec/antenna/tag/e2806894000050038662154f, 88
1652702385.802325, sdrt-health/mac:02010b41cdec/antenna/tag/e2806894000050038662154f, 88
1652702385.809438, sdrt-health/mac:02010b41cdec/antenna/tag/e2806894000050038661fd4f, 83
1652702385.842071, sdrt-health/mac:02010b41cdec/antenna/tag/e2806894000050038661fd4f, 83
1652702385.883445, sdrt-health/mac:02010b41cdec/antenna/tag/e28068940000400386621d4f, 96
1652702385.92253, sdrt-health/mac:02010b41cdec/antenna/tag/e2806894000050038661fd4f, 83
1652702385.979007, sdrt-health/mac:02010b41cdec/antenna/tag/e28068940000400386621d4f, 96
1652702385.979439, sdrt-health/mac:02010b41cdec/antenna/tag/e2806894000050038662194f, 87
1652702385.979799, sdrt-health/mac:02010b41cdec/antenna/tag/e28068940000400386621d4f, 77
1652702386.022727, sdrt-health/mac:02010b41cdec/antenna/tag/e2806894000050038662154f, 85
1652702386.072097, sdrt-health/mac:02010b41cdec/antenna/tag/e2806894000040038662114f, 88
1652702386.112083, sdrt-health/mac:02010b41cdec/antenna/tag/e28068940000500386620d4f, 83
1652702386.162977, sdrt-health/mac:02010b41cdec/antenna/tag/e2806894000050038662154f, 88
1652702386.21982, sdrt-health/mac:02010b41cdec/antenna/tag/e2806894000040038662114f, 85
1652702386.220226, sdrt-health/mac:02010b41cdec/antenna/tag/e28068940000500386620d4f, 83
1652702386.242778, sdrt-health/mac:02010b41cdec/antenna/tag/e28068940000500386620d4f, 83
1652702386.274827, sdrt-health/mac:02010b41cdec/antenna/tag/e2806894000040038662114f, 85
1652702386.275313, sdrt-health/mac:02010b41cdec/antenna/tag/e28068940000500386620d4f, 90
1652702386.290363, sdrt-health/mac:02010b41cdec/antenna/tag/e2806894000050038662194f, 94
1652702386.323643, sdrt-health/mac:02010b41cdec/antenna/tag/e2806894000050038662154f, 87
1652702386.363847, sdrt-health/mac:02010b41cdec/antenna/tag/e2806894000050038661fd4f, 97
1652702386.419241, sdrt-health/mac:02010b41cdec/antenna/tag/e2806894000050038662154f, 85
1652702386.419595, sdrt-health/mac:02010b41cdec/antenna/tag/e28068940000400386621d4f, 77
1652702386.434696, sdrt-health/mac:02010b41cdec/antenna/tag/e28068940000400386621d4f, 96
1652702386.465687, sdrt-health/mac:02010b41cdec/antenna/tag/e28068940000500386620d4f, 83
1652702386.466077, sdrt-health/mac:02010b41cdec/antenna/tag/e2806894000040038662114f, 93
1652702386.482021, sdrt-health/mac:02010b41cdec/antenna/tag/e2806894000050038662154f, 88
1652702386.538341, sdrt-health/mac:02010b41cdec/antenna/tag/e2806894000050038662194f, 84
1652702386.538894, sdrt-health/mac:02010b41cdec/antenna/tag/e28068940000500386620d4f, 90
1652702386.560871, sdrt-health/mac:02010b41cdec/antenna/tag/e2806894000050038662194f, 81
1652702386.561904, sdrt-health/mac:02010b41cdec/antenna/tag/e2806894000050038661fd4f, 97
1652702386.603691, sdrt-health/mac:02010b41cdec/antenna/tag/e2806894000040038662054f, 94
1652702386.642327, sdrt-health/mac:02010b41cdec/antenna/tag/e2806894000050038661fd4f, 91
1652702386.682456, sdrt-health/mac:02010b41cdec/antenna/tag/e2806894000050038662154f, 88
1652702386.767917, sdrt-health/mac:02010b41cdec/antenna/tag/e28068940000500386620d4f, 83
1652702386.768374, sdrt-health/mac:02010b41cdec/antenna/tag/e28068940000400386621d4f, 77
1652702386.78301, sdrt-health/mac:02010b41cdec/antenna/tag/e28068940000500386620d4f, 83
1652702386.81789, sdrt-health/mac:02010b41cdec/antenna/tag/e28068940000400386621d4f, 96
1652702386.818415, sdrt-health/mac:02010b41cdec/antenna/tag/e2806894000050038662154f, 88
1652702386.833143, sdrt-health/mac:02010b41cdec/antenna/tag/e28068940000400386621d4f, 96
1652702386.841987, sdrt-health/mac:02010b41cdec/antenna/tag/e2806894000050038662154f, 88
1652702386.883336, sdrt-health/mac:02010b41cdec/antenna/tag/e28068940000500386620d4f, 83
1652702386.922858, sdrt-health/mac:02010b41cdec/antenna/tag/e2806894000040038661f94f, 81
1652702386.979058, sdrt-health/mac:02010b41cdec/antenna/tag/e28068940000400386621d4f, 96
1652702386.979609, sdrt-health/mac:02010b41cdec/antenna/tag/e2806894000050038662154f, 88
1652702386.994209, sdrt-health/mac:02010b41cdec/antenna/tag/e2806894000050038661fd4f, 83
1652702387.024444, sdrt-health/mac:02010b41cdec/antenna/tag/e2806894000040038662114f, 85
1652702387.025013, sdrt-health/mac:02010b41cdec/antenna/tag/e2806894000040038662114f, 85
1652702387.042266, sdrt-health/mac:02010b41cdec/antenna/tag/e28068940000500386620d4f, 83
1652702387.115447, sdrt-health/mac:02010b41cdec/antenna/tag/e28068940000400386621d4f, 77
1652702387.115678, sdrt-health/mac:02010b41cdec/antenna/tag/e2806894000050038662154f, 88
1652702387.12993, sdrt-health/mac:02010b41cdec/antenna/tag/e2806894000040038662114f, 85
1652702387.130145, sdrt-health/mac:02010b41cdec/antenna/tag/e2806894000050038661fd4f, 91
1652702387.176675, sdrt-health/mac:02010b41cdec/antenna/tag/e2806894000050038662154f, 85
1652702387.282851, sdrt-health/mac:02010b41cdec/antenna/tag/e2806894000050038662154f, 85
1652702387.322785, sdrt-health/mac:02010b41cdec/antenna/tag/e28068940000400386621d4f, 77
1652702387.374897, sdrt-health/mac:02010b41cdec/antenna/tag/e28068940000500386620d4f, 83
1652702387.449606, sdrt-health/mac:02010b41cdec/antenna/tag/e2806894000050038661fd4f, 97
1652702387.450138, sdrt-health/mac:02010b41cdec/antenna/tag/e28068940000500386620d4f, 90
1652702387.504269, sdrt-health/mac:02010b41cdec/antenna/tag/e28068940000400386621d4f, 96
1652702387.552549, sdrt-health/mac:02010b41cdec/antenna/tag/e2806894000050038661fd4f, 83
1652702387.606757, sdrt-health/mac:02010b41cdec/antenna/tag/e28068940000500386620d4f, 90
1652702387.608181, sdrt-health/mac:02010b41cdec/antenna/tag/e2806894000040038662114f, 88
1652702387.621369, sdrt-health/mac:02010b41cdec/antenna/tag/e28068940000400386621d4f, 96
1652702387.621841, sdrt-health/mac:02010b41cdec/antenna/tag/e2806894000050038662194f, 81
1652702387.633116, sdrt-health/mac:02010b41cdec/antenna/tag/e28068940000400386621d4f, 96
1652702387.681975, sdrt-health/mac:02010b41cdec/antenna/tag/e28068940000400386621d4f, 77
1652702387.711907, sdrt-health/mac:02010b41cdec/antenna/tag/e2806894000040038661f94f, 87
1652702387.712365, sdrt-health/mac:02010b41cdec/antenna/tag/e2806894000050038662154f, 85
1652702387.712737, sdrt-health/mac:02010b41cdec/antenna/tag/e28068940000400386621d4f, 77
1652702387.727507, sdrt-health/mac:02010b41cdec/antenna/tag/e2806894000040038661f94f, 88
1652702387.728036, sdrt-health/mac:02010b41cdec/antenna/tag/e2806894000040038662214f, 81
1652702387.767165, sdrt-health/mac:02010b41cdec/antenna/tag/e28068940000400386621d4f, 77
1652702387.801339, sdrt-health/mac:02010b41cdec/antenna/tag/e2806894000050038661fd4f, 97
1652702387.868024, sdrt-health/mac:02010b41cdec/antenna/tag/e2806894000040038662114f, 85
1652702387.86855, sdrt-health/mac:02010b41cdec/antenna/tag/e28068940000500386620d4f, 83
1652702387.941758, sdrt-health/mac:02010b41cdec/antenna/tag/e2806894000040038662114f, 85
1652702388.001492, sdrt-health/mac:02010b41cdec/antenna/tag/e2806894000040038662114f, 85
1652702388.042581, sdrt-health/mac:02010b41cdec/antenna/tag/e2806894000050038662154f, 85
1652702388.043116, sdrt-health/mac:02010b41cdec/antenna/tag/e2806894000040038662114f, 85
1652702388.082672, sdrt-health/mac:02010b41cdec/antenna/tag/e2806894000040038661f94f, 84
1652702388.083169, sdrt-health/mac:02010b41cdec/antenna/tag/e2806894000040038662214f, 110
1652702388.124213, sdrt-health/mac:02010b41cdec/antenna/tag/e28068940000400386621d4f, 77
1652702388.161864, sdrt-health/mac:02010b41cdec/antenna/tag/e2806894000050038661fd4f, 97
1652702388.201726, sdrt-health/mac:02010b41cdec/antenna/tag/e2806894000050038661fd4f, 97
1652702388.243633, sdrt-health/mac:02010b41cdec/antenna/tag/e28068940000400386621d4f, 96
1652702388.244112, sdrt-health/mac:02010b41cdec/antenna/tag/e2806894000050038661fd4f, 97
1652702388.311925, sdrt-health/mac:02010b41cdec/antenna/tag/e2806894000040038662114f, 85
1652702388.367466, sdrt-health/mac:02010b41cdec/antenna/tag/e28068940000400386621d4f, 96
1652702388.367956, sdrt-health/mac:02010b41cdec/antenna/tag/e2806894000050038662154f, 88
1652702388.382882, sdrt-health/mac:02010b41cdec/antenna/tag/e28068940000500386620d4f, 83
1652702388.450572, sdrt-health/mac:02010b41cdec/antenna/tag/e2806894000040038662114f, 88
1652702388.451079, sdrt-health/mac:02010b41cdec/antenna/tag/e2806894000050038661fd4f, 83
1652702388.482959, sdrt-health/mac:02010b41cdec/antenna/tag/e2806894000040038662114f, 85
1652702388.53779, sdrt-health/mac:02010b41cdec/antenna/tag/e2806894000050038662154f, 88
1652702388.538526, sdrt-health/mac:02010b41cdec/antenna/tag/e28068940000500386620d4f, 83
1652702388.553262, sdrt-health/mac:02010b41cdec/antenna/tag/e28068940000400386621d4f, 77
1652702388.553577, sdrt-health/mac:02010b41cdec/antenna/tag/e28068940000500386620d4f, 80
1652702388.563697, sdrt-health/mac:02010b41cdec/antenna/tag/e28068940000500386620d4f, 90
1652702388.569279, sdrt-health/mac:02010b41cdec/antenna/tag/e2806894000040038661f94f, 81
1652702388.602217, sdrt-health/mac:02010b41cdec/antenna/tag/e28068940000400386621d4f, 77
1652702388.633496, sdrt-health/mac:02010b41cdec/antenna/tag/e2806894000050038662194f, 94
1652702388.633959, sdrt-health/mac:02010b41cdec/antenna/tag/e2806894000040038662114f, 88
1652702388.650415, sdrt-health/mac:02010b41cdec/antenna/tag/e2806894000050038661fd4f, 91
1652702388.650917, sdrt-health/mac:02010b41cdec/antenna/tag/e28068940000500386620d4f, 90
1652702388.651259, sdrt-health/mac:02010b41cdec/antenna/tag/e2806894000050038662194f, 88
1652702388.963559, sdrt-health/mac:02010b41cdec/antenna/tag/e2806894000050038662154f, 91
1652702388.995403, sdrt-health/mac:02010b41cdec/antenna/tag/e28068940000400386621d4f, 77
1652702388.995942, sdrt-health/mac:02010b41cdec/antenna/tag/e2806894000050038662154f, 88
1652702388.99633, sdrt-health/mac:02010b41cdec/antenna/tag/e2806894000050038661fd4f, 83
1652702388.996767, sdrt-health/mac:02010b41cdec/antenna/tag/e2806894000050038661fd4f, 83
1652702388.997186, sdrt-health/mac:02010b41cdec/antenna/tag/e28068940000400386621d4f, 77
1652702388.997586, sdrt-health/mac:02010b41cdec/antenna/tag/e2806894000050038662154f, 88
1652702388.99795, sdrt-health/mac:02010b41cdec/antenna/tag/e2806894000050038661fd4f, 97
1652702388.998351, sdrt-health/mac:02010b41cdec/antenna/tag/e28068940000400386621d4f, 96
1652702388.998873, sdrt-health/mac:02010b41cdec/antenna/tag/e2806894000050038662154f, 88
1652702389.010454, sdrt-health/mac:02010b41cdec/antenna/tag/e2806894000040038662114f, 85
1652702389.010755, sdrt-health/mac:02010b41cdec/antenna/tag/e28068940000500386620d4f, 83
1652702389.010956, sdrt-health/mac:02010b41cdec/antenna/tag/e2806894000040038662114f, 93
1652702389.042925, sdrt-health/mac:02010b41cdec/antenna/tag/e28068940000400386621d4f, 77
1652702389.081417, sdrt-health/mac:02010b41cdec/antenna/tag/e2806894000050038662154f, 85
1652702389.081891, sdrt-health/mac:02010b41cdec/antenna/tag/e2806894000040038662214f, 88
1652702389.123601, sdrt-health/mac:02010b41cdec/antenna/tag/e2806894000040038662114f, 93
1652702389.162528, sdrt-health/mac:02010b41cdec/antenna/tag/e2806894000040038662114f, 87
1652702389.20281, sdrt-health/mac:02010b41cdec/antenna/tag/e28068940000400386621d4f, 77
1652702389.382321, sdrt-health/mac:02010b41cdec/antenna/tag/e2806894000050038661fd4f, 97
1652702389.440116, sdrt-health/mac:02010b41cdec/antenna/tag/e2806894000040038661f94f, 88
1652702389.522738, sdrt-health/mac:02010b41cdec/antenna/tag/e2806894000050038662194f, 82
1652702389.576155, sdrt-health/mac:02010b41cdec/antenna/tag/e2806894000050038662154f, 85
1652702389.613333, sdrt-health/mac:02010b41cdec/antenna/tag/e28068940000500386620d4f, 83
1652702389.670955, sdrt-health/mac:02010b41cdec/antenna/tag/e28068940000400386621d4f, 77
1652702389.671454, sdrt-health/mac:02010b41cdec/antenna/tag/e2806894000040038662114f, 93
1652702389.700982, sdrt-health/mac:02010b41cdec/antenna/tag/e2806894000050038662194f, 81
1652702389.777122, sdrt-health/mac:02010b41cdec/antenna/tag/e28068940000500386620d4f, 83
1652702389.777583, sdrt-health/mac:02010b41cdec/antenna/tag/e28068940000500386620d4f, 90
1652702389.792815, sdrt-health/mac:02010b41cdec/antenna/tag/e28068940000500386620d4f, 90
1652702389.801996, sdrt-health/mac:02010b41cdec/antenna/tag/e28068940000400386621d4f, 96
1652702389.806677, sdrt-health/mac:02010b41cdec/antenna/tag/e2806894000050038662154f, 88
1652702389.842597, sdrt-health/mac:02010b41cdec/antenna/tag/e2806894000050038662194f, 88
1652702389.882098, sdrt-health/mac:02010b41cdec/antenna/tag/e2806894000040038662114f, 85
1652702389.938131, sdrt-health/mac:02010b41cdec/antenna/tag/e28068940000500386620d4f, 90
1652702389.938585, sdrt-health/mac:02010b41cdec/antenna/tag/e2806894000050038661fd4f, 97
1652702389.953926, sdrt-health/mac:02010b41cdec/antenna/tag/e2806894000050038662154f, 88
1652702389.962503, sdrt-health/mac:02010b41cdec/antenna/tag/e28068940000400386621d4f, 96
1652702389.969939, sdrt-health/mac:02010b41cdec/antenna/tag/e2806894000050038662154f, 85
1652702390.002873, sdrt-health/mac:02010b41cdec/antenna/tag/e2806894000040038662114f, 88
1652702390.042147, sdrt-health/mac:02010b41cdec/antenna/tag/e2806894000050038662194f, 88
1652702390.082232, sdrt-health/mac:02010b41cdec/antenna/tag/e28068940000400386621d4f, 77
1652702390.138399, sdrt-health/mac:02010b41cdec/antenna/tag/e2806894000040038662114f, 91
1652702390.138956, sdrt-health/mac:02010b41cdec/antenna/tag/e2806894000050038661fd4f, 97
1652702390.162159, sdrt-health/mac:02010b41cdec/antenna/tag/e28068940000400386621d4f, 96
1652702390.201269, sdrt-health/mac:02010b41cdec/antenna/tag/e2806894000050038661fd4f, 83
1652702390.25134, sdrt-health/mac:02010b41cdec/antenna/tag/e2806894000040038662114f, 85
1652702390.297033, sdrt-health/mac:02010b41cdec/antenna/tag/e2806894000040038662214f, 88
1652702390.350259, sdrt-health/mac:02010b41cdec/antenna/tag/e28068940000500386620d4f, 90
1652702390.392194, sdrt-health/mac:02010b41cdec/antenna/tag/e2806894000050038662154f, 85
1652702390.432894, sdrt-health/mac:02010b41cdec/antenna/tag/e2806894000040038662114f, 88
1652702390.487202, sdrt-health/mac:02010b41cdec/antenna/tag/e2806894000050038661fd4f, 88
1652702390.487754, sdrt-health/mac:02010b41cdec/antenna/tag/e2806894000050038662194f, 84
1652702390.502188, sdrt-health/mac:02010b41cdec/antenna/tag/e2806894000040038661f94f, 94
1652702390.51141, sdrt-health/mac:02010b41cdec/antenna/tag/e2806894000040038662114f, 93
1652702390.562462, sdrt-health/mac:02010b41cdec/antenna/tag/e2806894000050038662154f, 85
1652702390.60265, sdrt-health/mac:02010b41cdec/antenna/tag/e28068940000500386620d4f, 83
1652702390.603144, sdrt-health/mac:02010b41cdec/antenna/tag/e2806894000040038661f94f, 100
1652702390.64197, sdrt-health/mac:02010b41cdec/antenna/tag/e28068940000500386620d4f, 83
1652702390.681689, sdrt-health/mac:02010b41cdec/antenna/tag/e2806894000050038662194f, 81
1652702390.68223, sdrt-health/mac:02010b41cdec/antenna/tag/e28068940000400386621d4f, 96
1652702390.722663, sdrt-health/mac:02010b41cdec/antenna/state, connected
1652702390.723223, sdrt-health/mac:02010b41cdec/fw, {"version":"1.8.1","model":"200","hash":"2f556501b58f1dad542af428d7928d18","timestamp":1652702387}
1652702390.723655, sdrt-health/mac:02010b41cdec/antenna/tag/e2806894000040038662114f, 85
1652702390.762059, sdrt-health/mac:02010b41cdec/antenna/tag/e28068940000400386621d4f, 77
1652702390.802102, sdrt-health/mac:02010b41cdec/antenna/tag/e2806894000050038662154f, 85
1652702390.859605, sdrt-health/mac:02010b41cdec/antenna/tag/e2806894000050038661fd4f, 97
1652702390.86006, sdrt-health/mac:02010b41cdec/antenna/tag/e2806894000050038661fd4f, 88
1652702390.94841, sdrt-health/mac:02010b41cdec/antenna/tag/e28068940000400386621d4f, 96
1652702390.992484, sdrt-health/mac:02010b41cdec/antenna/tag/e2806894000040038662114f, 88
1652702391.049077, sdrt-health/mac:02010b41cdec/antenna/tag/e2806894000050038661fd4f, 83
1652702391.049608, sdrt-health/mac:02010b41cdec/antenna/tag/e2806894000050038662194f, 81
1652702391.099599, sdrt-health/mac:02010b41cdec/antenna/version, 
1652702391.212569, sdrt-health/mac:02010b41cdec/antenna/tag/e2806894000050038662194f, 83
1652702391.242354, sdrt-health/mac:02010b41cdec/antenna/tag/e2806894000050038662154f, 93
1652702391.242805, sdrt-health/mac:02010b41cdec/antenna/tag/e28068940000400386621d4f, 77
1652702391.243243, sdrt-health/mac:02010b41cdec/antenna/tag/e2806894000050038662194f, 82
1652702391.603494, sdrt-health/mac:02010b41cdec/antenna/tag/scan, scan stopped
