1652702417.193965, sdrt-health/mac:02010b41cdec/antenna/power/set, {"power": 290}
1652702418.264457, sdrt-health/mac:02010b41cdec/antenna/power/set, 
1652702422.216601, sdrt-health/mac:02010b41cdec/antenna/tag/scan, {"time": 20000}
1652702422.792561, sdrt-health/mac:02010b41cdec/antenna/tag/e2806894000040038662114f, 88
1652702422.832057, sdrt-health/mac:02010b41cdec/antenna/tag/e28068940000500386620d4f, 83
1652702422.882524, sdrt-health/mac:02010b41cdec/antenna/tag/e28068940000400386621d4f, 96
1652702422.936806, sdrt-health/mac:02010b41cdec/antenna/tag/e2806894000050038662154f, 88
1652702422.937327, sdrt-health/mac:02010b41cdec/antenna/tag/e2806894000050038662154f, 85
1652702422.952515, sdrt-health/mac:02010b41cdec/antenna/tag/e28068940000400386621d4f, 96
1652702422.982345, sdrt-health/mac:02010b41cdec/antenna/tag/e28068940000500386620d4f, 90
1652702423.045996, sdrt-health/mac:02010b41cdec/antenna/tag/e28068940000500386620d4f, 83
1652702423.046421, sdrt-health/mac:02010b41cdec/antenna/tag/e2806894000040038662114f, 85
1652702423.072295, sdrt-health/mac:02010b41cdec/antenna/tag/e2806894000050038661fd4f, 91
1652702423.101787, sdrt-health/mac:02010b41cdec/antenna/tag/e2806894000040038662114f, 85
1652702423.102059, sdrt-health/mac:02010b41cdec/antenna/tag/e28068940000500386620d4f, 83
1652702423.102181, sdrt-health/mac:02010b41cdec/antenna/tag/e2806894000040038662114f, 93
1652702423.121912, sdrt-health/mac:02010b41cdec/antenna/tag/e2806894000040038662114f, 85
1652702423.162031, sdrt-health/mac:02010b41cdec/antenna/tag/e28068940000400386621d4f, 96
1652702423.217613, sdrt-health/mac:02010b41cdec/antenna/tag/e28068940000500386620d4f, 83
1652702423.218165, sdrt-health/mac:02010b41cdec/antenna/tag/e28068940000500386620d4f, 90
1652702423.232819, sdrt-health/mac:02010b41cdec/antenna/tag/e2806894000050038661fd4f, 91
1652702423.233412, sdrt-health/mac:02010b41cdec/antenna/tag/e28068940000400386621d4f, 77
1652702423.243069, sdrt-health/mac:02010b41cdec/antenna/tag/e2806894000050038662154f, 87
1652702423.311797, sdrt-health/mac:02010b41cdec/antenna/tag/e2806894000050038662154f, 88
1652702423.361768, sdrt-health/mac:02010b41cdec/antenna/tag/e2806894000050038661fd4f, 97
1652702423.418491, sdrt-health/mac:02010b41cdec/antenna/tag/e2806894000050038661fd4f, 97
1652702423.418913, sdrt-health/mac:02010b41cdec/antenna/tag/e2806894000040038662114f, 85
1652702423.434512, sdrt-health/mac:02010b41cdec/antenna/tag/e2806894000050038661fd4f, 91
1652702423.442117, sdrt-health/mac:02010b41cdec/antenna/tag/e2806894000050038661fd4f, 83
1652702423.450278, sdrt-health/mac:02010b41cdec/antenna/tag/e28068940000400386621d4f, 96
1652702423.482949, sdrt-health/mac:02010b41cdec/antenna/tag/e28068940000500386620d4f, 83
1652702423.522304, sdrt-health/mac:02010b41cdec/antenna/tag/e2806894000050038661fd4f, 83
1652702423.522805, sdrt-health/mac:02010b41cdec/antenna/tag/e2806894000040038662114f, 85
1652702423.578635, sdrt-health/mac:02010b41cdec/antenna/tag/e2806894000040038662114f, 93
1652702423.579153, sdrt-health/mac:02010b41cdec/antenna/tag/e2806894000040038662114f, 93
1652702423.603003, sdrt-health/mac:02010b41cdec/antenna/tag/e2806894000050038662154f, 88
1652702423.657249, sdrt-health/mac:02010b41cdec/antenna/tag/e2806894000050038661fd4f, 91
1652702423.657826, sdrt-health/mac:02010b41cdec/antenna/tag/e28068940000400386621d4f, 96
1652702423.658211, sdrt-health/mac:02010b41cdec/antenna/tag/e2806894000040038662114f, 85
1652702423.735382, sdrt-health/mac:02010b41cdec/antenna/tag/e2806894000040038662114f, 85
1652702423.817219, sdrt-health/mac:02010b41cdec/antenna/tag/e2806894000050038661fd4f, 83
1652702423.855199, sdrt-health/mac:02010b41cdec/antenna/tag/e2806894000050038661fd4f, 83
1652702423.897642, sdrt-health/mac:02010b41cdec/antenna/tag/e2806894000040038662114f, 85
1652702423.935244, sdrt-health/mac:02010b41cdec/antenna/tag/e28068940000500386620d4f, 83
1652702423.990871, sdrt-health/mac:02010b41cdec/antenna/tag/e28068940000400386621d4f, 96
1652702423.991393, sdrt-health/mac:02010b41cdec/antenna/tag/e2806894000050038662154f, 85
1652702424.013262, sdrt-health/mac:02010b41cdec/antenna/tag/e2806894000040038662114f, 85
1652702424.055807, sdrt-health/mac:02010b41cdec/antenna/tag/e2806894000050038662154f, 85
1652702424.11763, sdrt-health/mac:02010b41cdec/antenna/tag/e2806894000050038662154f, 85
1652702424.185281, sdrt-health/mac:02010b41cdec/antenna/tag/e2806894000040038662114f, 93
1652702424.192991, sdrt-health/mac:02010b41cdec/antenna/tag/e28068940000400386621d4f, 77
1652702424.253988, sdrt-health/mac:02010b41cdec/antenna/tag/e28068940000400386621d4f, 96
1652702424.343072, sdrt-health/mac:02010b41cdec/antenna/tag/e28068940000500386620d4f, 83
1652702424.343519, sdrt-health/mac:02010b41cdec/antenna/tag/e28068940000500386620d4f, 83
1652702424.393405, sdrt-health/mac:02010b41cdec/antenna/tag/e2806894000050038661fd4f, 97
1652702424.463466, sdrt-health/mac:02010b41cdec/antenna/tag/e28068940000500386620d4f, 90
1652702424.463979, sdrt-health/mac:02010b41cdec/antenna/tag/e2806894000050038662154f, 88
1652702424.464318, sdrt-health/mac:02010b41cdec/antenna/tag/e2806894000050038661fd4f, 83
1652702424.479676, sdrt-health/mac:02010b41cdec/antenna/tag/e28068940000400386621d4f, 96
1652702424.480229, sdrt-health/mac:02010b41cdec/antenna/tag/e2806894000040038662114f, 85
1652702424.480612, sdrt-health/mac:02010b41cdec/antenna/tag/e2806894000050038661fd4f, 97
1652702424.483429, sdrt-health/mac:02010b41cdec/antenna/tag/e2806894000050038661fd4f, 83
1652702424.533947, sdrt-health/mac:02010b41cdec/antenna/tag/e2806894000050038661fd4f, 97
1652702424.596747, sdrt-health/mac:02010b41cdec/antenna/tag/e2806894000050038662154f, 85
1652702424.663719, sdrt-health/mac:02010b41cdec/antenna/tag/e2806894000050038662154f, 85
1652702424.664272, sdrt-health/mac:02010b41cdec/antenna/tag/e2806894000050038662154f, 85
1652702424.679317, sdrt-health/mac:02010b41cdec/antenna/tag/e2806894000040038662114f, 93
1652702424.684049, sdrt-health/mac:02010b41cdec/antenna/tag/e2806894000040038661f94f, 84
1652702424.744839, sdrt-health/mac:02010b41cdec/antenna/tag/e2806894000040038662114f, 93
1652702424.858063, sdrt-health/mac:02010b41cdec/antenna/tag/e2806894000050038662154f, 85
1652702424.873176, sdrt-health/mac:02010b41cdec/antenna/tag/e28068940000500386620d4f, 83
1652702424.930542, sdrt-health/mac:02010b41cdec/antenna/tag/e2806894000040038662114f, 87
1652702425.001708, sdrt-health/mac:02010b41cdec/antenna/tag/e2806894000050038662154f, 88
1652702425.002264, sdrt-health/mac:02010b41cdec/antenna/tag/e2806894000050038662154f, 88
1652702425.055281, sdrt-health/mac:02010b41cdec/antenna/tag/e2806894000040038662114f, 93
1652702425.124114, sdrt-health/mac:02010b41cdec/antenna/tag/e2806894000050038662154f, 85
1652702425.124727, sdrt-health/mac:02010b41cdec/antenna/tag/e28068940000500386620d4f, 90
1652702425.125141, sdrt-health/mac:02010b41cdec/antenna/tag/e2806894000050038662154f, 85
1652702425.125574, sdrt-health/mac:02010b41cdec/antenna/tag/e28068940000400386621d4f, 77
1652702425.13945, sdrt-health/mac:02010b41cdec/antenna/tag/e2806894000040038662114f, 85
1652702425.139975, sdrt-health/mac:02010b41cdec/antenna/tag/e28068940000500386620d4f, 83
1652702425.193565, sdrt-health/mac:02010b41cdec/antenna/tag/e28068940000500386620d4f, 80
1652702425.250724, sdrt-health/mac:02010b41cdec/antenna/tag/e2806894000040038662114f, 85
1652702425.251226, sdrt-health/mac:02010b41cdec/antenna/tag/e2806894000050038661fd4f, 97
1652702425.284138, sdrt-health/mac:02010b41cdec/antenna/tag/e28068940000500386620d4f, 83
1652702425.345178, sdrt-health/mac:02010b41cdec/antenna/tag/e28068940000400386621d4f, 96
1652702425.428157, sdrt-health/mac:02010b41cdec/antenna/tag/e2806894000040038662114f, 85
1652702425.428641, sdrt-health/mac:02010b41cdec/antenna/tag/e2806894000050038662154f, 88
1652702425.459019, sdrt-health/mac:02010b41cdec/antenna/tag/e28068940000400386621d4f, 96
1652702425.459483, sdrt-health/mac:02010b41cdec/antenna/tag/e28068940000400386621d4f, 96
1652702425.459835, sdrt-health/mac:02010b41cdec/antenna/tag/e28068940000400386621d4f, 96
1652702425.477926, sdrt-health/mac:02010b41cdec/antenna/tag/e2806894000040038662114f, 85
1652702425.50612, sdrt-health/mac:02010b41cdec/antenna/tag/e2806894000040038662114f, 88
1652702425.538114, sdrt-health/mac:02010b41cdec/antenna/tag/e28068940000500386620d4f, 83
1652702425.538581, sdrt-health/mac:02010b41cdec/antenna/tag/e2806894000050038661fd4f, 83
1652702425.554264, sdrt-health/mac:02010b41cdec/antenna/tag/e2806894000050038661fd4f, 91
1652702425.554781, sdrt-health/mac:02010b41cdec/antenna/tag/e28068940000500386620d4f, 90
1652702425.555192, sdrt-health/mac:02010b41cdec/antenna/tag/e28068940000400386621d4f, 77
1652702425.618738, sdrt-health/mac:02010b41cdec/antenna/tag/e28068940000500386620d4f, 83
1652702425.703092, sdrt-health/mac:02010b41cdec/antenna/tag/e2806894000040038662114f, 85
1652702425.703611, sdrt-health/mac:02010b41cdec/antenna/tag/e2806894000050038661fd4f, 91
1652702425.703987, sdrt-health/mac:02010b41cdec/antenna/tag/e2806894000050038661fd4f, 83
1652702425.756532, sdrt-health/mac:02010b41cdec/antenna/tag/e2806894000050038662154f, 88
1652702425.825418, sdrt-health/mac:02010b41cdec/antenna/tag/e28068940000400386621d4f, 96
1652702425.842769, sdrt-health/mac:02010b41cdec/antenna/tag/e2806894000050038662154f, 88
1652702425.893928, sdrt-health/mac:02010b41cdec/antenna/tag/e2806894000050038662154f, 88
1652702425.962105, sdrt-health/mac:02010b41cdec/antenna/tag/e2806894000050038662154f, 93
1652702426.047381, sdrt-health/mac:02010b41cdec/antenna/tag/e2806894000050038662154f, 93
1652702426.047925, sdrt-health/mac:02010b41cdec/antenna/tag/e2806894000040038662114f, 93
1652702426.100205, sdrt-health/mac:02010b41cdec/antenna/tag/e2806894000040038662114f, 85
1652702426.111709, sdrt-health/mac:02010b41cdec/antenna/tag/e28068940000500386620d4f, 90
1652702426.16852, sdrt-health/mac:02010b41cdec/antenna/tag/e2806894000050038661fd4f, 91
1652702426.17261, sdrt-health/mac:02010b41cdec/antenna/tag/e2806894000050038662154f, 93
1652702426.215173, sdrt-health/mac:02010b41cdec/antenna/tag/e2806894000040038662114f, 85
1652702426.252435, sdrt-health/mac:02010b41cdec/antenna/tag/e28068940000500386620d4f, 83
1652702426.345877, sdrt-health/mac:02010b41cdec/antenna/tag/e2806894000050038661fd4f, 97
1652702426.346323, sdrt-health/mac:02010b41cdec/antenna/tag/e28068940000500386620d4f, 83
1652702426.361081, sdrt-health/mac:02010b41cdec/antenna/tag/e28068940000400386621d4f, 96
1652702426.377358, sdrt-health/mac:02010b41cdec/antenna/tag/e28068940000500386620d4f, 83
1652702426.408832, sdrt-health/mac:02010b41cdec/antenna/tag/e2806894000050038662154f, 88
1652702426.409255, sdrt-health/mac:02010b41cdec/antenna/tag/e2806894000050038661fd4f, 97
1652702426.441537, sdrt-health/mac:02010b41cdec/antenna/tag/e2806894000050038661fd4f, 83
1652702426.482448, sdrt-health/mac:02010b41cdec/antenna/tag/e28068940000500386620d4f, 83
1652702426.522278, sdrt-health/mac:02010b41cdec/antenna/tag/e2806894000050038661fd4f, 83
1652702426.563659, sdrt-health/mac:02010b41cdec/antenna/tag/e2806894000050038662194f, 88
1652702426.647604, sdrt-health/mac:02010b41cdec/antenna/tag/e2806894000050038661fd4f, 97
1652702426.648092, sdrt-health/mac:02010b41cdec/antenna/tag/e2806894000050038662154f, 83
1652702426.648459, sdrt-health/mac:02010b41cdec/antenna/tag/e28068940000500386620d4f, 90
1652702426.648875, sdrt-health/mac:02010b41cdec/antenna/tag/e2806894000050038662154f, 87
1652702426.666589, sdrt-health/mac:02010b41cdec/antenna/tag/e2806894000040038662114f, 85
1652702426.72249, sdrt-health/mac:02010b41cdec/antenna/tag/e2806894000040038662114f, 85
1652702426.779667, sdrt-health/mac:02010b41cdec/antenna/tag/e28068940000500386620d4f, 83
1652702426.780167, sdrt-health/mac:02010b41cdec/antenna/tag/e2806894000050038661fd4f, 83
1652702426.780508, sdrt-health/mac:02010b41cdec/antenna/tag/e2806894000050038662194f, 81
1652702426.802668, sdrt-health/mac:02010b41cdec/antenna/tag/e28068940000400386621d4f, 96
1652702426.845816, sdrt-health/mac:02010b41cdec/antenna/tag/e28068940000500386620d4f, 83
1652702426.878656, sdrt-health/mac:02010b41cdec/antenna/tag/e28068940000400386621d4f, 96
1652702426.879126, sdrt-health/mac:02010b41cdec/antenna/tag/e2806894000050038662154f, 88
1652702426.895233, sdrt-health/mac:02010b41cdec/antenna/tag/e28068940000400386621d4f, 96
1652702426.923351, sdrt-health/mac:02010b41cdec/antenna/tag/e28068940000500386620d4f, 83
1652702426.97823, sdrt-health/mac:02010b41cdec/antenna/tag/e28068940000400386621d4f, 96
1652702426.97872, sdrt-health/mac:02010b41cdec/antenna/tag/e28068940000400386621d4f, 96
1652702427.018934, sdrt-health/mac:02010b41cdec/antenna/tag/e28068940000500386620d4f, 90
1652702427.050489, sdrt-health/mac:02010b41cdec/antenna/tag/e28068940000400386621d4f, 96
1652702427.051002, sdrt-health/mac:02010b41cdec/antenna/tag/e28068940000400386621d4f, 77
1652702427.065928, sdrt-health/mac:02010b41cdec/antenna/tag/e2806894000040038662114f, 88
1652702427.066147, sdrt-health/mac:02010b41cdec/antenna/tag/e28068940000400386621d4f, 96
1652702427.06628, sdrt-health/mac:02010b41cdec/antenna/tag/e2806894000050038662154f, 85
1652702427.11228, sdrt-health/mac:02010b41cdec/antenna/tag/e2806894000040038662114f, 87
1652702427.152678, sdrt-health/mac:02010b41cdec/antenna/tag/e28068940000400386621d4f, 77
1652702427.252543, sdrt-health/mac:02010b41cdec/antenna/tag/e2806894000050038661fd4f, 83
1652702427.253066, sdrt-health/mac:02010b41cdec/antenna/tag/e2806894000050038661fd4f, 91
1652702427.311422, sdrt-health/mac:02010b41cdec/antenna/tag/e2806894000040038661f94f, 84
1652702427.363879, sdrt-health/mac:02010b41cdec/antenna/tag/e2806894000050038662194f, 94
1652702427.420925, sdrt-health/mac:02010b41cdec/antenna/tag/e28068940000400386621d4f, 77
1652702427.421434, sdrt-health/mac:02010b41cdec/antenna/tag/e2806894000050038662194f, 94
1652702427.442659, sdrt-health/mac:02010b41cdec/antenna/tag/e2806894000050038661fd4f, 97
1652702427.499598, sdrt-health/mac:02010b41cdec/antenna/tag/e28068940000400386621d4f, 77
1652702427.500119, sdrt-health/mac:02010b41cdec/antenna/tag/e28068940000400386621d4f, 77
1652702427.516477, sdrt-health/mac:02010b41cdec/antenna/tag/e2806894000050038662154f, 93
1652702427.524675, sdrt-health/mac:02010b41cdec/antenna/tag/e2806894000040038662114f, 93
1652702427.578079, sdrt-health/mac:02010b41cdec/antenna/tag/e28068940000400386621d4f, 77
1652702427.638653, sdrt-health/mac:02010b41cdec/antenna/tag/e2806894000050038661fd4f, 97
1652702427.638901, sdrt-health/mac:02010b41cdec/antenna/tag/e2806894000050038662154f, 85
1652702427.655387, sdrt-health/mac:02010b41cdec/antenna/tag/e28068940000500386620d4f, 90
1652702427.680151, sdrt-health/mac:02010b41cdec/antenna/tag/e2806894000040038662114f, 91
1652702427.759077, sdrt-health/mac:02010b41cdec/antenna/tag/e28068940000500386620d4f, 83
1652702427.759602, sdrt-health/mac:02010b41cdec/antenna/tag/e2806894000050038662194f, 94
1652702427.792204, sdrt-health/mac:02010b41cdec/antenna/tag/e28068940000500386620d4f, 83
1652702427.859538, sdrt-health/mac:02010b41cdec/antenna/tag/e2806894000050038662154f, 93
1652702427.860064, sdrt-health/mac:02010b41cdec/antenna/tag/e2806894000050038661fd4f, 97
1652702427.896935, sdrt-health/mac:02010b41cdec/antenna/tag/e28068940000400386621d4f, 96
1652702427.943868, sdrt-health/mac:02010b41cdec/antenna/tag/e2806894000050038661fd4f, 83
1652702427.976319, sdrt-health/mac:02010b41cdec/antenna/tag/e2806894000050038662154f, 85
1652702427.97688, sdrt-health/mac:02010b41cdec/antenna/tag/e28068940000400386621d4f, 96
1652702427.992429, sdrt-health/mac:02010b41cdec/antenna/tag/e2806894000050038662154f, 88
1652702428.032909, sdrt-health/mac:02010b41cdec/antenna/tag/e2806894000050038662154f, 85
1652702428.083089, sdrt-health/mac:02010b41cdec/antenna/tag/e2806894000040038662114f, 88
1652702428.139839, sdrt-health/mac:02010b41cdec/antenna/tag/e2806894000050038661fd4f, 83
1652702428.140352, sdrt-health/mac:02010b41cdec/antenna/tag/e2806894000050038661fd4f, 91
1652702428.163587, sdrt-health/mac:02010b41cdec/antenna/tag/e2806894000040038662114f, 85
1652702428.269527, sdrt-health/mac:02010b41cdec/antenna/tag/e28068940000500386620d4f, 90
1652702428.270114, sdrt-health/mac:02010b41cdec/antenna/tag/e2806894000040038662114f, 85
1652702428.332482, sdrt-health/mac:02010b41cdec/antenna/tag/e28068940000500386620d4f, 90
1652702428.413956, sdrt-health/mac:02010b41cdec/antenna/tag/e28068940000500386620d4f, 83
1652702428.415567, sdrt-health/mac:02010b41cdec/antenna/tag/e2806894000050038661fd4f, 97
1652702428.43067, sdrt-health/mac:02010b41cdec/antenna/tag/e28068940000500386620d4f, 83
1652702428.461035, sdrt-health/mac:02010b41cdec/antenna/tag/e2806894000050038662154f, 88
1652702428.527959, sdrt-health/mac:02010b41cdec/antenna/tag/e28068940000400386621d4f, 96
1652702428.528429, sdrt-health/mac:02010b41cdec/antenna/tag/e2806894000050038662154f, 85
1652702428.571799, sdrt-health/mac:02010b41cdec/antenna/tag/e28068940000400386621d4f, 96
1652702428.603335, sdrt-health/mac:02010b41cdec/antenna/tag/e28068940000500386620d4f, 90
1652702428.603567, sdrt-health/mac:02010b41cdec/antenna/tag/e2806894000040038662114f, 85
1652702428.619913, sdrt-health/mac:02010b41cdec/antenna/tag/e28068940000500386620d4f, 83
1652702428.662477, sdrt-health/mac:02010b41cdec/antenna/tag/e28068940000400386621d4f, 96
1652702428.696652, sdrt-health/mac:02010b41cdec/antenna/tag/e2806894000040038662114f, 85
1652702428.697033, sdrt-health/mac:02010b41cdec/antenna/tag/e2806894000040038662114f, 85
1652702428.71507, sdrt-health/mac:02010b41cdec/antenna/tag/e28068940000500386620d4f, 90
1652702428.715412, sdrt-health/mac:02010b41cdec/antenna/tag/e2806894000050038662154f, 85
1652702428.755624, sdrt-health/mac:02010b41cdec/antenna/tag/e28068940000400386621d4f, 96
1652702428.803658, sdrt-health/mac:02010b41cdec/antenna/tag/e28068940000400386621d4f, 77
1652702428.860498, sdrt-health/mac:02010b41cdec/antenna/tag/e2806894000050038662154f, 87
1652702428.861084, sdrt-health/mac:02010b41cdec/antenna/tag/e2806894000050038661fd4f, 91
1652702428.87598, sdrt-health/mac:02010b41cdec/antenna/tag/e2806894000050038662154f, 85
1652702428.884539, sdrt-health/mac:02010b41cdec/antenna/tag/e2806894000040038662114f, 83
1652702428.924503, sdrt-health/mac:02010b41cdec/antenna/tag/e2806894000040038662054f, 81
1652702428.976958, sdrt-health/mac:02010b41cdec/antenna/tag/e28068940000500386620d4f, 83
1652702428.977504, sdrt-health/mac:02010b41cdec/antenna/tag/e28068940000400386621d4f, 77
1652702428.992223, sdrt-health/mac:02010b41cdec/antenna/tag/e2806894000050038662154f, 88
1652702429.03286, sdrt-health/mac:02010b41cdec/antenna/tag/e28068940000400386621d4f, 77
1652702429.082741, sdrt-health/mac:02010b41cdec/antenna/tag/e2806894000050038661fd4f, 97
1652702429.124032, sdrt-health/mac:02010b41cdec/antenna/tag/e2806894000040038662114f, 85
1652702429.194992, sdrt-health/mac:02010b41cdec/antenna/tag/e28068940000500386620d4f, 83
1652702429.195549, sdrt-health/mac:02010b41cdec/antenna/tag/e2806894000040038662114f, 85
1652702429.225103, sdrt-health/mac:02010b41cdec/antenna/tag/e28068940000500386620d4f, 83
1652702429.25861, sdrt-health/mac:02010b41cdec/antenna/tag/e2806894000050038662154f, 88
1652702429.259036, sdrt-health/mac:02010b41cdec/antenna/tag/e28068940000500386620d4f, 90
1652702429.273993, sdrt-health/mac:02010b41cdec/antenna/tag/e28068940000400386621d4f, 96
1652702429.322789, sdrt-health/mac:02010b41cdec/antenna/tag/e2806894000040038662114f, 88
1652702429.377885, sdrt-health/mac:02010b41cdec/antenna/tag/e2806894000050038662154f, 85
1652702429.378429, sdrt-health/mac:02010b41cdec/antenna/tag/e2806894000050038661fd4f, 83
1652702429.416067, sdrt-health/mac:02010b41cdec/antenna/tag/e2806894000050038662154f, 88
1652702429.453668, sdrt-health/mac:02010b41cdec/antenna/tag/e2806894000050038661fd4f, 83
1652702429.497174, sdrt-health/mac:02010b41cdec/antenna/tag/e2806894000050038662194f, 81
1652702429.528917, sdrt-health/mac:02010b41cdec/antenna/tag/e2806894000050038662154f, 85
1652702429.529566, sdrt-health/mac:02010b41cdec/antenna/tag/e2806894000050038661fd4f, 83
1652702429.546312, sdrt-health/mac:02010b41cdec/antenna/tag/e2806894000040038662114f, 93
1652702429.591791, sdrt-health/mac:02010b41cdec/antenna/tag/e2806894000050038661fd4f, 91
1652702429.623604, sdrt-health/mac:02010b41cdec/antenna/tag/e2806894000050038662154f, 93
1652702429.624078, sdrt-health/mac:02010b41cdec/antenna/tag/e28068940000400386621d4f, 96
1652702429.639148, sdrt-health/mac:02010b41cdec/antenna/tag/e28068940000500386620d4f, 83
1652702429.639811, sdrt-health/mac:02010b41cdec/antenna/tag/e28068940000400386621d4f, 96
1652702429.682745, sdrt-health/mac:02010b41cdec/antenna/tag/e2806894000050038661fd4f, 91
1652702429.723852, sdrt-health/mac:02010b41cdec/antenna/tag/e2806894000040038662114f, 85
1652702429.779614, sdrt-health/mac:02010b41cdec/antenna/tag/e28068940000500386620d4f, 83
1652702429.780113, sdrt-health/mac:02010b41cdec/antenna/tag/e2806894000050038662154f, 87
1652702429.795356, sdrt-health/mac:02010b41cdec/antenna/tag/e2806894000050038662194f, 88
1652702429.802199, sdrt-health/mac:02010b41cdec/antenna/tag/e28068940000500386620d4f, 80
1652702429.842891, sdrt-health/mac:02010b41cdec/antenna/tag/e2806894000050038661fd4f, 91
1652702429.898279, sdrt-health/mac:02010b41cdec/antenna/tag/e2806894000050038661fd4f, 97
1652702429.898814, sdrt-health/mac:02010b41cdec/antenna/tag/e28068940000500386620d4f, 83
1652702429.913426, sdrt-health/mac:02010b41cdec/antenna/tag/e2806894000040038662114f, 93
1652702429.932044, sdrt-health/mac:02010b41cdec/antenna/tag/e2806894000040038662114f, 91
1652702429.977127, sdrt-health/mac:02010b41cdec/antenna/tag/e28068940000400386621d4f, 96
1652702430.019874, sdrt-health/mac:02010b41cdec/antenna/tag/e2806894000050038662154f, 88
1652702430.087349, sdrt-health/mac:02010b41cdec/antenna/tag/e28068940000400386621d4f, 96
1652702430.087823, sdrt-health/mac:02010b41cdec/antenna/tag/e28068940000500386620d4f, 83
1652702430.112283, sdrt-health/mac:02010b41cdec/antenna/tag/e28068940000500386620d4f, 83
1652702430.178302, sdrt-health/mac:02010b41cdec/antenna/tag/e28068940000500386620d4f, 80
1652702430.178806, sdrt-health/mac:02010b41cdec/antenna/tag/e28068940000500386620d4f, 83
1652702430.244744, sdrt-health/mac:02010b41cdec/antenna/tag/e28068940000400386621d4f, 96
1652702430.300503, sdrt-health/mac:02010b41cdec/antenna/tag/e2806894000050038662154f, 88
1652702430.336427, sdrt-health/mac:02010b41cdec/antenna/tag/e28068940000500386620d4f, 83
1652702430.33701, sdrt-health/mac:02010b41cdec/antenna/tag/e28068940000500386620d4f, 83
1652702430.337473, sdrt-health/mac:02010b41cdec/antenna/tag/e2806894000050038662154f, 88
1652702430.337851, sdrt-health/mac:02010b41cdec/antenna/tag/e2806894000040038662114f, 85
1652702430.352336, sdrt-health/mac:02010b41cdec/antenna/tag/e2806894000050038662154f, 88
1652702430.391648, sdrt-health/mac:02010b41cdec/antenna/tag/e2806894000050038662154f, 88
1652702430.441441, sdrt-health/mac:02010b41cdec/antenna/tag/e2806894000050038662154f, 88
1652702430.497821, sdrt-health/mac:02010b41cdec/antenna/tag/e28068940000500386620d4f, 83
1652702430.498329, sdrt-health/mac:02010b41cdec/antenna/tag/e28068940000500386620d4f, 83
1652702430.522455, sdrt-health/mac:02010b41cdec/antenna/tag/e28068940000500386620d4f, 83
1652702430.587895, sdrt-health/mac:02010b41cdec/antenna/tag/e2806894000040038662114f, 85
1652702430.588393, sdrt-health/mac:02010b41cdec/antenna/tag/e2806894000050038661fd4f, 91
1652702430.604497, sdrt-health/mac:02010b41cdec/antenna/tag/e2806894000040038662114f, 85
1652702430.616446, sdrt-health/mac:02010b41cdec/antenna/tag/e2806894000050038661fd4f, 97
1652702430.619486, sdrt-health/mac:02010b41cdec/antenna/tag/e2806894000040038661f94f, 88
1652702430.662048, sdrt-health/mac:02010b41cdec/antenna/tag/e2806894000040038662114f, 85
1652702430.723788, sdrt-health/mac:02010b41cdec/antenna/tag/e28068940000500386620d4f, 83
1652702430.779543, sdrt-health/mac:02010b41cdec/antenna/tag/e28068940000400386621d4f, 77
1652702430.780056, sdrt-health/mac:02010b41cdec/antenna/tag/e2806894000050038661fd4f, 97
1652702430.796275, sdrt-health/mac:02010b41cdec/antenna/tag/e2806894000050038661fd4f, 97
1652702430.802815, sdrt-health/mac:02010b41cdec/antenna/tag/e2806894000040038662114f, 85
1652702430.859264, sdrt-health/mac:02010b41cdec/antenna/tag/e2806894000050038661fd4f, 83
1652702430.93195, sdrt-health/mac:02010b41cdec/antenna/tag/e2806894000040038662114f, 88
1652702430.932467, sdrt-health/mac:02010b41cdec/antenna/tag/e28068940000500386620d4f, 90
1652702430.951778, sdrt-health/mac:02010b41cdec/antenna/tag/e28068940000500386620d4f, 83
1652702430.964361, sdrt-health/mac:02010b41cdec/antenna/tag/e2806894000050038661fd4f, 83
1652702430.970752, sdrt-health/mac:02010b41cdec/antenna/tag/e2806894000050038661fd4f, 83
1652702431.004139, sdrt-health/mac:02010b41cdec/antenna/tag/e2806894000050038662154f, 85
1652702431.058637, sdrt-health/mac:02010b41cdec/antenna/tag/e2806894000040038662114f, 85
1652702431.059344, sdrt-health/mac:02010b41cdec/antenna/tag/e28068940000500386620d4f, 83
1652702431.125786, sdrt-health/mac:02010b41cdec/antenna/tag/e2806894000040038662214f, 88
1652702431.161775, sdrt-health/mac:02010b41cdec/antenna/tag/e2806894000040038662114f, 85
1652702431.202861, sdrt-health/mac:02010b41cdec/antenna/tag/e2806894000040038662214f, 83
1652702431.257973, sdrt-health/mac:02010b41cdec/antenna/tag/e2806894000040038662114f, 85
1652702431.315884, sdrt-health/mac:02010b41cdec/antenna/tag/e2806894000050038661fd4f, 97
1652702431.345922, sdrt-health/mac:02010b41cdec/antenna/tag/e28068940000400386621d4f, 77
1652702431.346404, sdrt-health/mac:02010b41cdec/antenna/tag/e28068940000500386620d4f, 80
1652702431.360984, sdrt-health/mac:02010b41cdec/antenna/tag/e2806894000050038661fd4f, 97
1652702431.402667, sdrt-health/mac:02010b41cdec/antenna/tag/e28068940000400386621d4f, 96
1652702431.456678, sdrt-health/mac:02010b41cdec/antenna/tag/e28068940000400386621d4f, 96
1652702431.45719, sdrt-health/mac:02010b41cdec/antenna/tag/e2806894000050038662154f, 88
1652702431.472293, sdrt-health/mac:02010b41cdec/antenna/tag/e2806894000040038662114f, 93
1652702431.481721, sdrt-health/mac:02010b41cdec/antenna/tag/e2806894000050038661fd4f, 91
1652702431.488036, sdrt-health/mac:02010b41cdec/antenna/tag/e2806894000050038661fd4f, 88
1652702431.530194, sdrt-health/mac:02010b41cdec/antenna/tag/e28068940000500386620d4f, 90
1652702431.591245, sdrt-health/mac:02010b41cdec/antenna/tag/e2806894000040038661f94f, 81
1652702431.591781, sdrt-health/mac:02010b41cdec/antenna/tag/e2806894000040038662114f, 85
1652702431.592202, sdrt-health/mac:02010b41cdec/antenna/tag/e28068940000400386621d4f, 77
1652702431.606088, sdrt-health/mac:02010b41cdec/antenna/tag/e2806894000040038662214f, 82
1652702431.622693, sdrt-health/mac:02010b41cdec/antenna/tag/e28068940000400386621d4f, 77
1652702431.674437, sdrt-health/mac:02010b41cdec/antenna/tag/e2806894000050038661fd4f, 97
1652702431.706109, sdrt-health/mac:02010b41cdec/antenna/tag/e2806894000040038662114f, 85
1652702431.706621, sdrt-health/mac:02010b41cdec/antenna/tag/e2806894000050038661fd4f, 83
1652702431.747899, sdrt-health/mac:02010b41cdec/antenna/tag/e2806894000050038662154f, 85
1652702431.779273, sdrt-health/mac:02010b41cdec/antenna/tag/e28068940000500386620d4f, 80
1652702431.779737, sdrt-health/mac:02010b41cdec/antenna/tag/e28068940000400386621d4f, 96
1652702431.794719, sdrt-health/mac:02010b41cdec/antenna/tag/e28068940000500386620d4f, 83
1652702431.7952, sdrt-health/mac:02010b41cdec/antenna/tag/e2806894000040038662114f, 85
1652702431.843501, sdrt-health/mac:02010b41cdec/antenna/tag/e2806894000050038662154f, 88
1652702431.92311, sdrt-health/mac:02010b41cdec/antenna/tag/e2806894000050038662154f, 88
1652702431.994324, sdrt-health/mac:02010b41cdec/antenna/tag/e28068940000500386620d4f, 83
1652702431.994798, sdrt-health/mac:02010b41cdec/antenna/tag/e2806894000050038662154f, 88
1652702432.009288, sdrt-health/mac:02010b41cdec/antenna/tag/e28068940000400386621d4f, 96
1652702432.026315, sdrt-health/mac:02010b41cdec/antenna/tag/e28068940000400386621d4f, 90
1652702432.082288, sdrt-health/mac:02010b41cdec/antenna/tag/e28068940000400386621d4f, 96
1652702432.141304, sdrt-health/mac:02010b41cdec/antenna/tag/e28068940000500386620d4f, 83
1652702432.197349, sdrt-health/mac:02010b41cdec/antenna/tag/e2806894000050038661fd4f, 91
1652702432.197892, sdrt-health/mac:02010b41cdec/antenna/tag/e2806894000050038661fd4f, 83
1652702432.224369, sdrt-health/mac:02010b41cdec/antenna/tag/e2806894000040038662114f, 88
1652702432.276623, sdrt-health/mac:02010b41cdec/antenna/tag/e28068940000500386620d4f, 83
1652702432.277117, sdrt-health/mac:02010b41cdec/antenna/tag/e28068940000400386621d4f, 96
1652702432.304292, sdrt-health/mac:02010b41cdec/antenna/tag/e28068940000400386621d4f, 90
1652702432.341736, sdrt-health/mac:02010b41cdec/antenna/tag/e28068940000400386621d4f, 96
1652702432.409377, sdrt-health/mac:02010b41cdec/antenna/tag/e2806894000050038661fd4f, 97
1652702432.40989, sdrt-health/mac:02010b41cdec/antenna/tag/e2806894000050038661fd4f, 83
1652702432.431488, sdrt-health/mac:02010b41cdec/antenna/tag/e2806894000050038661fd4f, 91
1652702432.472395, sdrt-health/mac:02010b41cdec/antenna/tag/e28068940000500386620d4f, 83
1652702432.552373, sdrt-health/mac:02010b41cdec/antenna/tag/e2806894000050038661fd4f, 97
1652702432.552959, sdrt-health/mac:02010b41cdec/antenna/tag/e2806894000040038661f94f, 81
1652702432.591276, sdrt-health/mac:02010b41cdec/antenna/tag/e28068940000400386621d4f, 77
1652702432.642268, sdrt-health/mac:02010b41cdec/antenna/tag/e2806894000050038661fd4f, 97
1652702432.681261, sdrt-health/mac:02010b41cdec/antenna/tag/e2806894000050038662154f, 85
1652702432.741384, sdrt-health/mac:02010b41cdec/antenna/tag/e28068940000400386621d4f, 96
1652702432.741887, sdrt-health/mac:02010b41cdec/antenna/tag/e2806894000050038662154f, 88
1652702432.762018, sdrt-health/mac:02010b41cdec/antenna/tag/e2806894000050038662154f, 91
1652702432.836743, sdrt-health/mac:02010b41cdec/antenna/tag/e28068940000400386621d4f, 77
1652702432.837273, sdrt-health/mac:02010b41cdec/antenna/tag/e2806894000050038661fd4f, 83
1652702432.872812, sdrt-health/mac:02010b41cdec/antenna/tag/e28068940000500386620d4f, 83
1652702432.919376, sdrt-health/mac:02010b41cdec/antenna/tag/e28068940000400386621d4f, 96
1652702432.963272, sdrt-health/mac:02010b41cdec/antenna/tag/e28068940000400386621d4f, 96
1652702433.018862, sdrt-health/mac:02010b41cdec/antenna/tag/e2806894000040038662114f, 88
1652702433.019315, sdrt-health/mac:02010b41cdec/antenna/tag/e2806894000050038662154f, 85
1652702433.035336, sdrt-health/mac:02010b41cdec/antenna/tag/e28068940000500386620d4f, 90
1652702433.070622, sdrt-health/mac:02010b41cdec/antenna/tag/e2806894000050038661fd4f, 97
1652702433.071083, sdrt-health/mac:02010b41cdec/antenna/tag/e2806894000040038662114f, 88
1652702433.086038, sdrt-health/mac:02010b41cdec/antenna/tag/e2806894000050038662194f, 84
1652702433.086679, sdrt-health/mac:02010b41cdec/antenna/tag/e2806894000040038662114f, 85
1652702433.087145, sdrt-health/mac:02010b41cdec/antenna/tag/e2806894000050038661fd4f, 97
1652702433.120518, sdrt-health/mac:02010b41cdec/antenna/tag/e2806894000050038662154f, 87
1652702433.194554, sdrt-health/mac:02010b41cdec/antenna/tag/e2806894000050038662154f, 85
1652702433.256349, sdrt-health/mac:02010b41cdec/antenna/tag/e28068940000500386620d4f, 83
1652702433.30184, sdrt-health/mac:02010b41cdec/antenna/tag/e2806894000040038662114f, 85
1652702433.302391, sdrt-health/mac:02010b41cdec/antenna/tag/e2806894000050038662154f, 85
1652702433.345228, sdrt-health/mac:02010b41cdec/antenna/tag/e2806894000040038662114f, 93
1652702433.379093, sdrt-health/mac:02010b41cdec/antenna/tag/e2806894000050038662154f, 88
1652702433.379548, sdrt-health/mac:02010b41cdec/antenna/tag/e2806894000040038662114f, 87
1652702433.399956, sdrt-health/mac:02010b41cdec/antenna/tag/e2806894000050038661fd4f, 97
1652702433.459495, sdrt-health/mac:02010b41cdec/antenna/tag/e2806894000040038662114f, 85
1652702433.459952, sdrt-health/mac:02010b41cdec/antenna/tag/e28068940000500386620d4f, 83
1652702433.475053, sdrt-health/mac:02010b41cdec/antenna/tag/e28068940000400386621d4f, 96
1652702433.484148, sdrt-health/mac:02010b41cdec/antenna/tag/e2806894000050038661fd4f, 91
1652702433.490906, sdrt-health/mac:02010b41cdec/antenna/tag/e28068940000400386621d4f, 77
1652702433.491389, sdrt-health/mac:02010b41cdec/antenna/tag/e28068940000500386620d4f, 90
1652702433.522787, sdrt-health/mac:02010b41cdec/antenna/tag/e28068940000500386620d4f, 90
1652702433.6084, sdrt-health/mac:02010b41cdec/antenna/tag/e28068940000400386621d4f, 96
1652702433.608986, sdrt-health/mac:02010b41cdec/antenna/tag/e28068940000400386621d4f, 96
1652702433.633307, sdrt-health/mac:02010b41cdec/antenna/tag/e2806894000050038661fd4f, 83
1652702433.681799, sdrt-health/mac:02010b41cdec/antenna/tag/e2806894000050038662154f, 93
1652702433.721942, sdrt-health/mac:02010b41cdec/antenna/tag/e2806894000050038662154f, 85
1652702433.762315, sdrt-health/mac:02010b41cdec/antenna/tag/e28068940000400386621d4f, 77
1652702433.817677, sdrt-health/mac:02010b41cdec/antenna/tag/e28068940000500386620d4f, 83
1652702433.818205, sdrt-health/mac:02010b41cdec/antenna/tag/e28068940000500386620d4f, 83
1652702433.87301, sdrt-health/mac:02010b41cdec/antenna/tag/e2806894000050038661fd4f, 97
1652702433.922381, sdrt-health/mac:02010b41cdec/antenna/tag/e2806894000050038662154f, 93
1652702433.976208, sdrt-health/mac:02010b41cdec/antenna/tag/e2806894000050038661fd4f, 91
1652702434.027728, sdrt-health/mac:02010b41cdec/antenna/tag/e2806894000050038661fd4f, 97
1652702434.028233, sdrt-health/mac:02010b41cdec/antenna/tag/e28068940000500386620d4f, 83
1652702434.04315, sdrt-health/mac:02010b41cdec/antenna/tag/e28068940000400386621d4f, 77
1652702434.043632, sdrt-health/mac:02010b41cdec/antenna/tag/e2806894000040038662114f, 93
1652702434.056243, sdrt-health/mac:02010b41cdec/antenna/tag/e28068940000400386621d4f, 77
1652702434.059653, sdrt-health/mac:02010b41cdec/antenna/tag/e2806894000050038662154f, 85
1652702434.111867, sdrt-health/mac:02010b41cdec/antenna/tag/e2806894000050038662154f, 88
1652702434.163486, sdrt-health/mac:02010b41cdec/antenna/tag/e28068940000500386620d4f, 83
1652702434.216545, sdrt-health/mac:02010b41cdec/antenna/tag/e28068940000400386621d4f, 77
1652702434.217195, sdrt-health/mac:02010b41cdec/antenna/tag/e28068940000500386620d4f, 83
1652702434.31329, sdrt-health/mac:02010b41cdec/antenna/tag/e28068940000400386621d4f, 77
1652702434.400671, sdrt-health/mac:02010b41cdec/antenna/tag/e2806894000050038662154f, 85
1652702434.458201, sdrt-health/mac:02010b41cdec/antenna/tag/e28068940000500386620d4f, 83
1652702434.531586, sdrt-health/mac:02010b41cdec/antenna/tag/e2806894000050038662154f, 88
1652702434.532066, sdrt-health/mac:02010b41cdec/antenna/tag/e2806894000040038662114f, 91
1652702434.547248, sdrt-health/mac:02010b41cdec/antenna/tag/e2806894000050038661fd4f, 83
1652702434.547762, sdrt-health/mac:02010b41cdec/antenna/tag/e2806894000050038662154f, 85
1652702434.562227, sdrt-health/mac:02010b41cdec/antenna/tag/e28068940000500386620d4f, 83
1652702434.601955, sdrt-health/mac:02010b41cdec/antenna/tag/e2806894000040038662114f, 88
1652702434.6517, sdrt-health/mac:02010b41cdec/antenna/tag/e2806894000050038662194f, 94
1652702434.710781, sdrt-health/mac:02010b41cdec/antenna/tag/e2806894000050038662154f, 85
1652702434.71124, sdrt-health/mac:02010b41cdec/antenna/tag/e28068940000400386621d4f, 77
1652702434.726484, sdrt-health/mac:02010b41cdec/antenna/tag/e2806894000050038661fd4f, 88
1652702434.742406, sdrt-health/mac:02010b41cdec/antenna/tag/e2806894000050038662154f, 85
1652702434.801959, sdrt-health/mac:02010b41cdec/antenna/tag/e2806894000050038661fd4f, 83
1652702434.855678, sdrt-health/mac:02010b41cdec/antenna/tag/e2806894000040038662114f, 88
1652702434.856181, sdrt-health/mac:02010b41cdec/antenna/tag/e2806894000050038661fd4f, 83
1652702434.871256, sdrt-health/mac:02010b41cdec/antenna/tag/e2806894000040038662114f, 88
1652702434.936683, sdrt-health/mac:02010b41cdec/antenna/tag/e2806894000040038662114f, 85
1652702434.968059, sdrt-health/mac:02010b41cdec/antenna/tag/e2806894000040038662054f, 94
1652702434.968611, sdrt-health/mac:02010b41cdec/antenna/tag/e28068940000500386620d4f, 83
1652702434.983514, sdrt-health/mac:02010b41cdec/antenna/tag/e2806894000050038661fd4f, 83
1652702435.032802, sdrt-health/mac:02010b41cdec/antenna/tag/e2806894000050038661fd4f, 97
1652702435.088498, sdrt-health/mac:02010b41cdec/antenna/tag/e2806894000040038662114f, 85
1652702435.088979, sdrt-health/mac:02010b41cdec/antenna/tag/e28068940000500386620d4f, 90
1652702435.122745, sdrt-health/mac:02010b41cdec/antenna/tag/e28068940000400386621d4f, 96
1652702435.162177, sdrt-health/mac:02010b41cdec/antenna/tag/e28068940000400386621d4f, 96
1652702435.202234, sdrt-health/mac:02010b41cdec/antenna/tag/e2806894000050038661fd4f, 97
1652702435.242474, sdrt-health/mac:02010b41cdec/antenna/tag/e2806894000050038662154f, 93
1652702435.297733, sdrt-health/mac:02010b41cdec/antenna/tag/e28068940000500386620d4f, 83
1652702435.298189, sdrt-health/mac:02010b41cdec/antenna/tag/e28068940000500386620d4f, 83
1652702435.312876, sdrt-health/mac:02010b41cdec/antenna/tag/e2806894000040038662114f, 85
1652702435.352251, sdrt-health/mac:02010b41cdec/antenna/tag/e2806894000050038662194f, 81
1652702435.391496, sdrt-health/mac:02010b41cdec/antenna/tag/e28068940000500386620d4f, 80
1652702435.442608, sdrt-health/mac:02010b41cdec/antenna/tag/e28068940000400386621d4f, 77
1652702435.498458, sdrt-health/mac:02010b41cdec/antenna/tag/e28068940000400386621d4f, 96
1652702435.499015, sdrt-health/mac:02010b41cdec/antenna/tag/e2806894000040038662114f, 83
1652702435.515195, sdrt-health/mac:02010b41cdec/antenna/tag/e2806894000050038661fd4f, 91
1652702435.545673, sdrt-health/mac:02010b41cdec/antenna/tag/e2806894000050038662154f, 88
1652702435.546131, sdrt-health/mac:02010b41cdec/antenna/tag/e28068940000500386620d4f, 83
1652702435.561589, sdrt-health/mac:02010b41cdec/antenna/tag/e2806894000040038662114f, 85
1652702435.562114, sdrt-health/mac:02010b41cdec/antenna/tag/e2806894000050038661fd4f, 97
1652702435.602917, sdrt-health/mac:02010b41cdec/antenna/tag/e2806894000040038662114f, 85
1652702435.642514, sdrt-health/mac:02010b41cdec/antenna/tag/e28068940000500386620d4f, 83
1652702435.735911, sdrt-health/mac:02010b41cdec/antenna/tag/e2806894000050038662154f, 85
1652702435.792269, sdrt-health/mac:02010b41cdec/antenna/tag/e28068940000400386621d4f, 96
1652702435.792748, sdrt-health/mac:02010b41cdec/antenna/tag/e28068940000500386620d4f, 90
1652702435.842006, sdrt-health/mac:02010b41cdec/antenna/tag/e28068940000500386620d4f, 83
1652702435.882076, sdrt-health/mac:02010b41cdec/antenna/tag/e28068940000500386620d4f, 83
1652702435.967394, sdrt-health/mac:02010b41cdec/antenna/tag/e2806894000040038662114f, 88
1652702435.967937, sdrt-health/mac:02010b41cdec/antenna/tag/e28068940000500386620d4f, 83
1652702436.002748, sdrt-health/mac:02010b41cdec/antenna/tag/e2806894000050038662154f, 85
1652702436.08181, sdrt-health/mac:02010b41cdec/antenna/tag/e2806894000050038662154f, 85
1652702436.136197, sdrt-health/mac:02010b41cdec/antenna/tag/e28068940000400386621d4f, 96
1652702436.189802, sdrt-health/mac:02010b41cdec/antenna/tag/e2806894000050038661fd4f, 91
1652702436.190454, sdrt-health/mac:02010b41cdec/antenna/tag/e2806894000050038662154f, 85
1652702436.206078, sdrt-health/mac:02010b41cdec/antenna/tag/e2806894000050038662154f, 85
1652702436.21641, sdrt-health/mac:02010b41cdec/antenna/tag/e2806894000050038661fd4f, 97
1652702436.223214, sdrt-health/mac:02010b41cdec/antenna/tag/e2806894000050038661fd4f, 91
1652702436.26308, sdrt-health/mac:02010b41cdec/antenna/tag/e2806894000040038662114f, 85
1652702436.330766, sdrt-health/mac:02010b41cdec/antenna/tag/e2806894000050038662154f, 85
1652702436.331275, sdrt-health/mac:02010b41cdec/antenna/tag/e28068940000500386620d4f, 83
1652702436.353359, sdrt-health/mac:02010b41cdec/antenna/tag/e28068940000500386620d4f, 83
1652702436.383963, sdrt-health/mac:02010b41cdec/antenna/tag/e28068940000400386621d4f, 96
1652702436.384454, sdrt-health/mac:02010b41cdec/antenna/tag/e2806894000050038661fd4f, 97
1652702436.400831, sdrt-health/mac:02010b41cdec/antenna/tag/e28068940000500386620d4f, 80
1652702436.469883, sdrt-health/mac:02010b41cdec/antenna/tag/e28068940000500386620d4f, 80
1652702436.470396, sdrt-health/mac:02010b41cdec/antenna/tag/e28068940000500386620d4f, 83
1652702436.502359, sdrt-health/mac:02010b41cdec/antenna/tag/e28068940000400386621d4f, 96
1652702436.568749, sdrt-health/mac:02010b41cdec/antenna/tag/e2806894000050038661fd4f, 97
1652702436.569207, sdrt-health/mac:02010b41cdec/antenna/tag/e2806894000040038662114f, 88
1652702436.583232, sdrt-health/mac:02010b41cdec/antenna/tag/e2806894000050038662154f, 88
1652702436.600471, sdrt-health/mac:02010b41cdec/antenna/tag/e2806894000050038662154f, 85
1652702436.650152, sdrt-health/mac:02010b41cdec/antenna/tag/e2806894000040038662114f, 93
1652702436.729086, sdrt-health/mac:02010b41cdec/antenna/tag/e28068940000400386621d4f, 96
1652702436.776349, sdrt-health/mac:02010b41cdec/antenna/tag/e2806894000050038661fd4f, 97
1652702436.807729, sdrt-health/mac:02010b41cdec/antenna/tag/e28068940000400386621d4f, 96
1652702436.808281, sdrt-health/mac:02010b41cdec/antenna/tag/e2806894000040038662114f, 85
1652702436.855606, sdrt-health/mac:02010b41cdec/antenna/tag/e2806894000050038662154f, 88
1652702436.903548, sdrt-health/mac:02010b41cdec/antenna/tag/e2806894000040038662114f, 93
1652702436.97011, sdrt-health/mac:02010b41cdec/antenna/tag/e28068940000400386621d4f, 96
1652702436.970573, sdrt-health/mac:02010b41cdec/antenna/tag/e28068940000500386620d4f, 83
1652702436.986041, sdrt-health/mac:02010b41cdec/antenna/tag/e28068940000400386621d4f, 96
1652702436.993751, sdrt-health/mac:02010b41cdec/antenna/tag/e28068940000500386620d4f, 83
1652702437.001714, sdrt-health/mac:02010b41cdec/antenna/tag/e28068940000400386621d4f, 96
1652702437.002237, sdrt-health/mac:02010b41cdec/antenna/tag/e2806894000050038661fd4f, 97
1652702437.00262, sdrt-health/mac:02010b41cdec/antenna/tag/e2806894000040038662114f, 87
1652702437.042741, sdrt-health/mac:02010b41cdec/antenna/tag/e2806894000040038662114f, 85
1652702437.100335, sdrt-health/mac:02010b41cdec/antenna/tag/e2806894000050038661fd4f, 91
1652702437.100843, sdrt-health/mac:02010b41cdec/antenna/tag/e2806894000050038661fd4f, 91
1652702437.117288, sdrt-health/mac:02010b41cdec/antenna/tag/e2806894000040038662114f, 87
1652702437.125113, sdrt-health/mac:02010b41cdec/antenna/tag/e2806894000050038661fd4f, 91
1652702437.166641, sdrt-health/mac:02010b41cdec/antenna/tag/e2806894000040038661f94f, 81
1652702437.213353, sdrt-health/mac:02010b41cdec/antenna/tag/e2806894000050038662154f, 85
1652702437.25714, sdrt-health/mac:02010b41cdec/antenna/tag/e28068940000500386620d4f, 83
1652702437.31829, sdrt-health/mac:02010b41cdec/antenna/tag/e28068940000400386621d4f, 96
1652702437.318841, sdrt-health/mac:02010b41cdec/antenna/tag/e2806894000050038661fd4f, 97
1652702437.334462, sdrt-health/mac:02010b41cdec/antenna/tag/e28068940000400386621d4f, 96
1652702437.382971, sdrt-health/mac:02010b41cdec/antenna/tag/e2806894000040038662114f, 88
1652702437.44199, sdrt-health/mac:02010b41cdec/antenna/tag/e2806894000050038661fd4f, 97
1652702437.48381, sdrt-health/mac:02010b41cdec/antenna/tag/e28068940000400386621d4f, 96
1652702437.539346, sdrt-health/mac:02010b41cdec/antenna/tag/e28068940000500386620d4f, 90
1652702437.539802, sdrt-health/mac:02010b41cdec/antenna/tag/e2806894000050038661fd4f, 83
1652702437.556078, sdrt-health/mac:02010b41cdec/antenna/tag/e28068940000400386621d4f, 96
1652702437.561753, sdrt-health/mac:02010b41cdec/antenna/tag/e28068940000500386620d4f, 90
1652702437.573551, sdrt-health/mac:02010b41cdec/antenna/tag/e2806894000040038662114f, 88
1652702437.603276, sdrt-health/mac:02010b41cdec/antenna/tag/e28068940000500386620d4f, 83
1652702437.642527, sdrt-health/mac:02010b41cdec/antenna/tag/e2806894000040038662214f, 81
1652702437.704968, sdrt-health/mac:02010b41cdec/antenna/tag/e28068940000500386620d4f, 83
1652702437.705521, sdrt-health/mac:02010b41cdec/antenna/tag/e2806894000040038662214f, 81
1652702437.721027, sdrt-health/mac:02010b41cdec/antenna/tag/e2806894000040038661f94f, 94
1652702437.754317, sdrt-health/mac:02010b41cdec/antenna/tag/e2806894000050038661fd4f, 97
1652702437.754787, sdrt-health/mac:02010b41cdec/antenna/tag/e28068940000500386620d4f, 83
1652702437.755128, sdrt-health/mac:02010b41cdec/antenna/tag/e2806894000040038661f94f, 88
1652702437.772858, sdrt-health/mac:02010b41cdec/antenna/tag/e28068940000500386620d4f, 80
1652702437.80275, sdrt-health/mac:02010b41cdec/antenna/tag/e28068940000500386620d4f, 83
1652702437.842485, sdrt-health/mac:02010b41cdec/antenna/tag/e28068940000400386621d4f, 96
1652702437.879858, sdrt-health/mac:02010b41cdec/antenna/tag/e28068940000500386620d4f, 83
1652702437.880175, sdrt-health/mac:02010b41cdec/antenna/tag/e2806894000050038661fd4f, 97
1652702437.895335, sdrt-health/mac:02010b41cdec/antenna/tag/e28068940000400386621d4f, 77
1652702437.92205, sdrt-health/mac:02010b41cdec/antenna/tag/e28068940000500386620d4f, 80
1652702437.96189, sdrt-health/mac:02010b41cdec/antenna/tag/e2806894000050038662154f, 88
1652702438.018632, sdrt-health/mac:02010b41cdec/antenna/tag/e2806894000050038661fd4f, 83
1652702438.019038, sdrt-health/mac:02010b41cdec/antenna/tag/e2806894000050038661fd4f, 91
1652702438.041874, sdrt-health/mac:02010b41cdec/antenna/tag/e28068940000400386621d4f, 77
1652702438.096711, sdrt-health/mac:02010b41cdec/antenna/tag/e2806894000040038661f94f, 84
1652702438.09724, sdrt-health/mac:02010b41cdec/antenna/tag/e2806894000040038662114f, 93
1652702438.111846, sdrt-health/mac:02010b41cdec/antenna/tag/e2806894000040038661f94f, 88
1652702438.136239, sdrt-health/mac:02010b41cdec/antenna/tag/e28068940000500386620d4f, 83
1652702438.181923, sdrt-health/mac:02010b41cdec/antenna/tag/e28068940000400386621d4f, 96
1652702438.232821, sdrt-health/mac:02010b41cdec/antenna/tag/e2806894000050038662154f, 85
1652702438.272228, sdrt-health/mac:02010b41cdec/antenna/tag/e28068940000400386621d4f, 96
1652702438.307696, sdrt-health/mac:02010b41cdec/antenna/tag/e2806894000050038662154f, 91
1652702438.308206, sdrt-health/mac:02010b41cdec/antenna/tag/e2806894000040038662114f, 85
1652702438.33586, sdrt-health/mac:02010b41cdec/antenna/tag/e2806894000050038662154f, 88
1652702438.39231, sdrt-health/mac:02010b41cdec/antenna/tag/e28068940000500386620d4f, 90
1652702438.39281, sdrt-health/mac:02010b41cdec/antenna/tag/e2806894000040038662114f, 85
1652702438.40734, sdrt-health/mac:02010b41cdec/antenna/tag/e2806894000050038662154f, 85
1652702438.413991, sdrt-health/mac:02010b41cdec/antenna/tag/e2806894000040038662114f, 85
1652702438.472233, sdrt-health/mac:02010b41cdec/antenna/tag/e28068940000500386620d4f, 83
1652702438.473368, sdrt-health/mac:02010b41cdec/antenna/tag/e2806894000050038661fd4f, 97
1652702438.581176, sdrt-health/mac:02010b41cdec/antenna/tag/e2806894000050038661fd4f, 83
1652702438.613366, sdrt-health/mac:02010b41cdec/antenna/tag/e2806894000050038661fd4f, 91
1652702438.613883, sdrt-health/mac:02010b41cdec/antenna/tag/e2806894000040038662114f, 85
1652702438.614217, sdrt-health/mac:02010b41cdec/antenna/tag/e2806894000050038662154f, 85
1652702438.614531, sdrt-health/mac:02010b41cdec/antenna/tag/e28068940000500386620d4f, 90
1652702438.632011, sdrt-health/mac:02010b41cdec/antenna/tag/e28068940000400386621d4f, 96
1652702438.680471, sdrt-health/mac:02010b41cdec/antenna/tag/e2806894000050038661fd4f, 83
1652702438.723366, sdrt-health/mac:02010b41cdec/antenna/tag/e28068940000500386620d4f, 83
1652702438.791257, sdrt-health/mac:02010b41cdec/antenna/tag/e2806894000050038662154f, 88
1652702438.791748, sdrt-health/mac:02010b41cdec/antenna/tag/e28068940000500386620d4f, 90
1652702438.823326, sdrt-health/mac:02010b41cdec/antenna/tag/e2806894000050038661fd4f, 83
1652702438.872138, sdrt-health/mac:02010b41cdec/antenna/tag/e2806894000040038662114f, 85
1652702438.913797, sdrt-health/mac:02010b41cdec/antenna/tag/e2806894000040038662114f, 85
1652702438.964634, sdrt-health/mac:02010b41cdec/antenna/tag/e2806894000050038662154f, 85
1652702439.003303, sdrt-health/mac:02010b41cdec/antenna/tag/e28068940000500386620d4f, 90
1652702439.042949, sdrt-health/mac:02010b41cdec/antenna/tag/e28068940000400386621d4f, 77
1652702439.08414, sdrt-health/mac:02010b41cdec/antenna/tag/e2806894000040038662114f, 85
1652702439.115655, sdrt-health/mac:02010b41cdec/antenna/tag/e2806894000050038662154f, 85
1652702439.116129, sdrt-health/mac:02010b41cdec/antenna/tag/e28068940000400386621d4f, 77
1652702439.131769, sdrt-health/mac:02010b41cdec/antenna/tag/e28068940000500386620d4f, 83
1652702439.132202, sdrt-health/mac:02010b41cdec/antenna/tag/e28068940000400386621d4f, 77
1652702439.132551, sdrt-health/mac:02010b41cdec/antenna/tag/e2806894000050038662154f, 85
1652702439.177776, sdrt-health/mac:02010b41cdec/antenna/tag/e2806894000050038661fd4f, 97
1652702439.223477, sdrt-health/mac:02010b41cdec/antenna/tag/e2806894000050038661fd4f, 91
1652702439.281004, sdrt-health/mac:02010b41cdec/antenna/tag/e2806894000050038661fd4f, 97
1652702439.340321, sdrt-health/mac:02010b41cdec/antenna/tag/e2806894000040038662114f, 85
1652702439.340785, sdrt-health/mac:02010b41cdec/antenna/tag/e2806894000050038661fd4f, 97
1652702439.381028, sdrt-health/mac:02010b41cdec/antenna/tag/e28068940000400386621d4f, 96
1652702439.448966, sdrt-health/mac:02010b41cdec/antenna/tag/e28068940000500386620d4f, 83
1652702439.44942, sdrt-health/mac:02010b41cdec/antenna/tag/e2806894000040038662114f, 85
1652702439.47368, sdrt-health/mac:02010b41cdec/antenna/tag/e2806894000050038662154f, 88
1652702439.54976, sdrt-health/mac:02010b41cdec/antenna/tag/e2806894000040038662114f, 85
1652702439.550395, sdrt-health/mac:02010b41cdec/antenna/tag/e28068940000500386620d4f, 83
1652702439.567049, sdrt-health/mac:02010b41cdec/antenna/tag/e28068940000500386620d4f, 83
1652702439.576969, sdrt-health/mac:02010b41cdec/antenna/tag/e2806894000050038662154f, 93
1652702439.62448, sdrt-health/mac:02010b41cdec/antenna/tag/e2806894000050038661fd4f, 91
1652702439.691159, sdrt-health/mac:02010b41cdec/antenna/tag/e2806894000050038662194f, 81
1652702439.691705, sdrt-health/mac:02010b41cdec/antenna/tag/e28068940000500386620d4f, 83
1652702439.713089, sdrt-health/mac:02010b41cdec/antenna/tag/e28068940000500386620d4f, 83
1652702439.781432, sdrt-health/mac:02010b41cdec/antenna/tag/e28068940000400386621d4f, 96
1652702439.781924, sdrt-health/mac:02010b41cdec/antenna/tag/e2806894000050038661fd4f, 97
1652702439.802516, sdrt-health/mac:02010b41cdec/antenna/tag/e28068940000400386621d4f, 96
1652702439.861903, sdrt-health/mac:02010b41cdec/antenna/tag/e28068940000500386620d4f, 90
1652702439.862409, sdrt-health/mac:02010b41cdec/antenna/tag/e28068940000500386620d4f, 83
1652702439.882977, sdrt-health/mac:02010b41cdec/antenna/tag/e2806894000050038662154f, 85
1652702439.958069, sdrt-health/mac:02010b41cdec/antenna/tag/e28068940000400386621d4f, 90
1652702439.958516, sdrt-health/mac:02010b41cdec/antenna/tag/e2806894000050038661fd4f, 97
1652702439.994642, sdrt-health/mac:02010b41cdec/antenna/tag/e2806894000040038662114f, 93
1652702440.034895, sdrt-health/mac:02010b41cdec/antenna/tag/e2806894000040038662114f, 85
1652702440.067472, sdrt-health/mac:02010b41cdec/antenna/tag/e2806894000050038661fd4f, 97
1652702440.06799, sdrt-health/mac:02010b41cdec/antenna/tag/e28068940000500386620d4f, 83
1652702440.082877, sdrt-health/mac:02010b41cdec/antenna/tag/e28068940000400386621d4f, 96
1652702440.112651, sdrt-health/mac:02010b41cdec/antenna/tag/e28068940000500386620d4f, 83
1652702440.118312, sdrt-health/mac:02010b41cdec/antenna/tag/e2806894000050038661fd4f, 97
1652702440.216899, sdrt-health/mac:02010b41cdec/antenna/tag/e2806894000040038662114f, 93
1652702440.297022, sdrt-health/mac:02010b41cdec/antenna/tag/e2806894000050038661fd4f, 91
1652702440.35852, sdrt-health/mac:02010b41cdec/antenna/tag/e2806894000050038662154f, 87
1652702440.359123, sdrt-health/mac:02010b41cdec/antenna/tag/e2806894000040038662114f, 85
1652702440.359494, sdrt-health/mac:02010b41cdec/antenna/tag/e28068940000400386621d4f, 77
1652702440.395395, sdrt-health/mac:02010b41cdec/antenna/tag/e2806894000040038662114f, 85
1652702440.440708, sdrt-health/mac:02010b41cdec/antenna/tag/e2806894000050038661fd4f, 88
1652702440.441205, sdrt-health/mac:02010b41cdec/antenna/tag/e28068940000500386620d4f, 83
1652702440.441623, sdrt-health/mac:02010b41cdec/antenna/tag/e28068940000400386621d4f, 77
1652702440.441988, sdrt-health/mac:02010b41cdec/antenna/tag/e28068940000500386620d4f, 90
1652702440.450464, sdrt-health/mac:02010b41cdec/antenna/tag/e2806894000040038662114f, 85
1652702440.483312, sdrt-health/mac:02010b41cdec/antenna/tag/e28068940000400386621d4f, 77
1652702440.523103, sdrt-health/mac:02010b41cdec/antenna/tag/e2806894000050038661fd4f, 91
1652702440.58292, sdrt-health/mac:02010b41cdec/antenna/tag/e2806894000040038662114f, 93
1652702440.583513, sdrt-health/mac:02010b41cdec/antenna/tag/e2806894000050038661fd4f, 91
1652702440.602319, sdrt-health/mac:02010b41cdec/antenna/tag/e28068940000400386621d4f, 77
1652702440.616211, sdrt-health/mac:02010b41cdec/antenna/tag/e28068940000500386620d4f, 90
1652702440.619578, sdrt-health/mac:02010b41cdec/antenna/tag/e28068940000400386621d4f, 96
1652702440.643884, sdrt-health/mac:02010b41cdec/antenna/tag/e28068940000500386620d4f, 90
1652702440.682523, sdrt-health/mac:02010b41cdec/antenna/tag/e28068940000400386621d4f, 96
1652702440.739142, sdrt-health/mac:02010b41cdec/antenna/tag/e28068940000500386620d4f, 83
1652702440.73965, sdrt-health/mac:02010b41cdec/antenna/tag/e2806894000050038662154f, 87
1652702440.762874, sdrt-health/mac:02010b41cdec/antenna/tag/e2806894000050038662154f, 93
1652702440.820406, sdrt-health/mac:02010b41cdec/antenna/tag/e28068940000500386620d4f, 90
1652702440.820941, sdrt-health/mac:02010b41cdec/antenna/tag/e2806894000050038662194f, 84
1652702440.844227, sdrt-health/mac:02010b41cdec/antenna/tag/e2806894000050038662154f, 85
1652702440.902988, sdrt-health/mac:02010b41cdec/antenna/tag/e2806894000040038662054f, 94
1652702440.935067, sdrt-health/mac:02010b41cdec/antenna/tag/e2806894000050038661fd4f, 97
1652702440.935616, sdrt-health/mac:02010b41cdec/antenna/tag/e2806894000040038662114f, 88
1652702440.952706, sdrt-health/mac:02010b41cdec/antenna/tag/e2806894000050038662154f, 85
1652702441.016522, sdrt-health/mac:02010b41cdec/antenna/tag/e28068940000400386621d4f, 96
1652702441.049129, sdrt-health/mac:02010b41cdec/antenna/tag/e2806894000040038662114f, 88
1652702441.049643, sdrt-health/mac:02010b41cdec/antenna/tag/e28068940000500386620d4f, 83
1652702441.070841, sdrt-health/mac:02010b41cdec/antenna/tag/e28068940000500386620d4f, 83
1652702441.123511, sdrt-health/mac:02010b41cdec/antenna/tag/e2806894000050038662154f, 85
1652702441.195352, sdrt-health/mac:02010b41cdec/antenna/tag/e28068940000400386621d4f, 96
1652702441.195815, sdrt-health/mac:02010b41cdec/antenna/tag/e2806894000050038662194f, 94
1652702441.211857, sdrt-health/mac:02010b41cdec/antenna/tag/e2806894000050038662154f, 88
1652702441.231668, sdrt-health/mac:02010b41cdec/antenna/tag/e2806894000050038662154f, 85
1652702441.282715, sdrt-health/mac:02010b41cdec/antenna/tag/e28068940000500386620d4f, 83
1652702441.324487, sdrt-health/mac:02010b41cdec/antenna/tag/e28068940000500386620d4f, 83
1652702441.432149, sdrt-health/mac:02010b41cdec/antenna/tag/e2806894000050038662154f, 88
1652702441.432595, sdrt-health/mac:02010b41cdec/antenna/tag/e28068940000500386620d4f, 83
1652702441.461618, sdrt-health/mac:02010b41cdec/antenna/tag/e2806894000040038662114f, 88
1652702441.512472, sdrt-health/mac:02010b41cdec/antenna/tag/e28068940000500386620d4f, 90
1652702441.560293, sdrt-health/mac:02010b41cdec/antenna/tag/e2806894000040038662114f, 85
1652702441.620024, sdrt-health/mac:02010b41cdec/antenna/tag/e28068940000500386620d4f, 83
1652702441.620471, sdrt-health/mac:02010b41cdec/antenna/tag/e2806894000050038661fd4f, 91
1652702441.636769, sdrt-health/mac:02010b41cdec/antenna/tag/e2806894000050038662154f, 93
1652702441.637387, sdrt-health/mac:02010b41cdec/antenna/tag/e2806894000050038661fd4f, 91
1652702441.643526, sdrt-health/mac:02010b41cdec/antenna/tag/e2806894000050038661fd4f, 97
1652702441.692074, sdrt-health/mac:02010b41cdec/antenna/tag/e2806894000050038662154f, 85
1652702441.726477, sdrt-health/mac:02010b41cdec/antenna/tag/e28068940000500386620d4f, 83
1652702441.727067, sdrt-health/mac:02010b41cdec/antenna/tag/e28068940000500386620d4f, 83
1652702441.743381, sdrt-health/mac:02010b41cdec/antenna/tag/e2806894000050038662154f, 85
1652702441.743918, sdrt-health/mac:02010b41cdec/antenna/tag/e28068940000500386620d4f, 90
1652702441.817333, sdrt-health/mac:02010b41cdec/antenna/tag/e28068940000400386621d4f, 77
1652702441.863751, sdrt-health/mac:02010b41cdec/antenna/tag/e28068940000400386621d4f, 77
1652702441.92805, sdrt-health/mac:02010b41cdec/antenna/tag/e2806894000050038662194f, 88
1652702441.928618, sdrt-health/mac:02010b41cdec/antenna/tag/e28068940000400386621d4f, 96
1652702441.954196, sdrt-health/mac:02010b41cdec/antenna/tag/e28068940000500386620d4f, 83
1652702442.011836, sdrt-health/mac:02010b41cdec/antenna/tag/e2806894000050038661fd4f, 91
1652702442.074931, sdrt-health/mac:02010b41cdec/antenna/tag/e28068940000500386620d4f, 83
1652702442.076429, sdrt-health/mac:02010b41cdec/antenna/tag/e28068940000500386620d4f, 90
1652702442.0907, sdrt-health/mac:02010b41cdec/antenna/tag/e2806894000050038661fd4f, 97
1652702442.127036, sdrt-health/mac:02010b41cdec/antenna/tag/e28068940000500386620d4f, 83
1652702442.127482, sdrt-health/mac:02010b41cdec/antenna/tag/e2806894000040038662114f, 85
1652702442.153147, sdrt-health/mac:02010b41cdec/antenna/tag/e28068940000400386621d4f, 77
1652702442.207877, sdrt-health/mac:02010b41cdec/antenna/tag/e28068940000400386621d4f, 96
1652702442.208381, sdrt-health/mac:02010b41cdec/antenna/tag/e2806894000040038662114f, 85
1652702442.242528, sdrt-health/mac:02010b41cdec/antenna/tag/e2806894000050038661fd4f, 97
1652702442.283988, sdrt-health/mac:02010b41cdec/antenna/tag/e28068940000400386621d4f, 96
1652702442.363593, sdrt-health/mac:02010b41cdec/antenna/tag/e2806894000050038662154f, 85
1652702442.484245, sdrt-health/mac:02010b41cdec/antenna/tag/e2806894000050038662154f, 85
1652702442.552397, sdrt-health/mac:02010b41cdec/antenna/tag/e2806894000040038662114f, 85
1652702442.593557, sdrt-health/mac:02010b41cdec/antenna/tag/e28068940000500386620d4f, 80
1652702442.643154, sdrt-health/mac:02010b41cdec/antenna/tag/e28068940000400386621d4f, 96
1652702442.686374, sdrt-health/mac:02010b41cdec/antenna/tag/e2806894000040038662114f, 85
1652702442.732989, sdrt-health/mac:02010b41cdec/antenna/tag/e2806894000050038662194f, 88
1652702442.93641, sdrt-health/mac:02010b41cdec/antenna/tag/scan, scan stopped
