1652702288.962006, sdrt-health/mac:02010b41cdec/antenna/power/set, {"power": 300}
1652702290.320784, sdrt-health/mac:02010b41cdec/antenna/power/set, 
1652702293.983536, sdrt-health/mac:02010b41cdec/antenna/tag/scan, {"time": 20000}
1652702294.456938, sdrt-health/mac:02010b41cdec/antenna/tag/e28068940000400386621d4f, 96
1652702294.501794, sdrt-health/mac:02010b41cdec/antenna/tag/e28068940000400386621d4f, 77
1652702294.554286, sdrt-health/mac:02010b41cdec/antenna/tag/e28068940000500386620d4f, 90
1652702294.585252, sdrt-health/mac:02010b41cdec/antenna/tag/e2806894000050038661fd4f, 83
1652702294.585527, sdrt-health/mac:02010b41cdec/antenna/tag/e28068940000500386620d4f, 90
1652702294.619888, sdrt-health/mac:02010b41cdec/antenna/tag/e28068940000500386620d4f, 90
1652702294.672656, sdrt-health/mac:02010b41cdec/antenna/tag/e2806894000050038662154f, 85
1652702294.743197, sdrt-health/mac:02010b41cdec/antenna/tag/e2806894000050038661fd4f, 91
1652702294.773423, sdrt-health/mac:02010b41cdec/antenna/tag/e2806894000050038661fd4f, 83
1652702294.773659, sdrt-health/mac:02010b41cdec/antenna/tag/e2806894000040038662114f, 85
1652702294.773807, sdrt-health/mac:02010b41cdec/antenna/tag/e2806894000050038661fd4f, 83
1652702294.794582, sdrt-health/mac:02010b41cdec/antenna/tag/e28068940000500386620d4f, 90
1652702294.850602, sdrt-health/mac:02010b41cdec/antenna/tag/e2806894000050038662154f, 88
1652702294.851019, sdrt-health/mac:02010b41cdec/antenna/tag/e2806894000050038661fd4f, 83
1652702294.88309, sdrt-health/mac:02010b41cdec/antenna/tag/e2806894000050038661fd4f, 83
1652702294.936023, sdrt-health/mac:02010b41cdec/antenna/tag/e28068940000500386620d4f, 90
1652702294.936334, sdrt-health/mac:02010b41cdec/antenna/tag/e2806894000050038661fd4f, 86
1652702294.95125, sdrt-health/mac:02010b41cdec/antenna/tag/e2806894000050038662154f, 85
1652702294.96356, sdrt-health/mac:02010b41cdec/antenna/tag/e2806894000040038662114f, 91
1652702295.002801, sdrt-health/mac:02010b41cdec/antenna/tag/e2806894000050038661fd4f, 91
1652702295.060065, sdrt-health/mac:02010b41cdec/antenna/tag/e2806894000040038662114f, 85
1652702295.060632, sdrt-health/mac:02010b41cdec/antenna/tag/e28068940000400386621d4f, 77
1652702295.074871, sdrt-health/mac:02010b41cdec/antenna/tag/e28068940000500386620d4f, 83
1652702295.08268, sdrt-health/mac:02010b41cdec/antenna/tag/e2806894000040038662114f, 93
1652702295.123969, sdrt-health/mac:02010b41cdec/antenna/tag/e2806894000050038661fd4f, 91
1652702295.162383, sdrt-health/mac:02010b41cdec/antenna/tag/e2806894000040038662114f, 85
1652702295.202993, sdrt-health/mac:02010b41cdec/antenna/tag/e2806894000050038661fd4f, 97
1652702295.242665, sdrt-health/mac:02010b41cdec/antenna/tag/e28068940000400386621d4f, 77
1652702295.291773, sdrt-health/mac:02010b41cdec/antenna/tag/e2806894000050038662154f, 88
1652702295.352212, sdrt-health/mac:02010b41cdec/antenna/tag/e28068940000500386620d4f, 83
1652702295.352545, sdrt-health/mac:02010b41cdec/antenna/tag/e2806894000050038661fd4f, 97
1652702295.352782, sdrt-health/mac:02010b41cdec/antenna/tag/e2806894000050038662154f, 88
1652702295.36654, sdrt-health/mac:02010b41cdec/antenna/tag/e2806894000050038661fd4f, 97
1652702295.39145, sdrt-health/mac:02010b41cdec/antenna/tag/e28068940000400386621d4f, 96
1652702295.468237, sdrt-health/mac:02010b41cdec/antenna/tag/e2806894000050038662154f, 88
1652702295.526157, sdrt-health/mac:02010b41cdec/antenna/tag/e2806894000040038662114f, 85
1652702295.526434, sdrt-health/mac:02010b41cdec/antenna/tag/e28068940000500386620d4f, 83
1652702295.543693, sdrt-health/mac:02010b41cdec/antenna/tag/e2806894000050038662154f, 85
1652702295.553175, sdrt-health/mac:02010b41cdec/antenna/tag/e2806894000040038662114f, 88
1652702295.603341, sdrt-health/mac:02010b41cdec/antenna/tag/e2806894000050038662194f, 82
1652702295.681412, sdrt-health/mac:02010b41cdec/antenna/tag/e2806894000040038662114f, 85
1652702295.74009, sdrt-health/mac:02010b41cdec/antenna/tag/e28068940000500386620d4f, 83
1652702295.740486, sdrt-health/mac:02010b41cdec/antenna/tag/e2806894000050038662154f, 85
1652702295.740833, sdrt-health/mac:02010b41cdec/antenna/tag/e28068940000500386620d4f, 83
1652702295.772222, sdrt-health/mac:02010b41cdec/antenna/tag/e28068940000500386620d4f, 90
1652702295.816649, sdrt-health/mac:02010b41cdec/antenna/tag/e2806894000050038661fd4f, 83
1652702295.878049, sdrt-health/mac:02010b41cdec/antenna/tag/e2806894000040038662114f, 88
1652702295.878879, sdrt-health/mac:02010b41cdec/antenna/tag/e2806894000050038661fd4f, 83
1652702295.913907, sdrt-health/mac:02010b41cdec/antenna/tag/e2806894000050038661fd4f, 83
1652702295.966069, sdrt-health/mac:02010b41cdec/antenna/tag/e2806894000050038662154f, 88
1652702295.966313, sdrt-health/mac:02010b41cdec/antenna/tag/e2806894000040038661f94f, 84
1652702295.982357, sdrt-health/mac:02010b41cdec/antenna/tag/e2806894000050038662014f, 84
1652702296.002237, sdrt-health/mac:02010b41cdec/antenna/tag/e2806894000050038662194f, 94
1652702296.056842, sdrt-health/mac:02010b41cdec/antenna/tag/e2806894000050038662154f, 88
1652702296.161022, sdrt-health/mac:02010b41cdec/antenna/tag/e2806894000050038662154f, 91
1652702296.235645, sdrt-health/mac:02010b41cdec/antenna/tag/e2806894000050038662154f, 88
1652702296.289956, sdrt-health/mac:02010b41cdec/antenna/tag/e2806894000050038661fd4f, 91
1652702296.290278, sdrt-health/mac:02010b41cdec/antenna/tag/e28068940000500386620d4f, 90
1652702296.322312, sdrt-health/mac:02010b41cdec/antenna/tag/e28068940000500386620d4f, 90
1652702296.352347, sdrt-health/mac:02010b41cdec/antenna/tag/e2806894000040038662214f, 93
1652702296.352583, sdrt-health/mac:02010b41cdec/antenna/tag/e28068940000500386620d4f, 90
1652702296.3671, sdrt-health/mac:02010b41cdec/antenna/tag/e2806894000050038662154f, 88
1652702296.403862, sdrt-health/mac:02010b41cdec/antenna/tag/e2806894000040038662214f, 82
1652702296.442673, sdrt-health/mac:02010b41cdec/antenna/tag/e28068940000500386620d4f, 90
1652702296.48322, sdrt-health/mac:02010b41cdec/antenna/tag/e2806894000040038662114f, 85
1652702296.515523, sdrt-health/mac:02010b41cdec/antenna/tag/e2806894000040038662114f, 88
1652702296.515758, sdrt-health/mac:02010b41cdec/antenna/tag/e28068940000500386620d4f, 90
1652702296.531343, sdrt-health/mac:02010b41cdec/antenna/tag/e28068940000400386621d4f, 77
1652702296.583279, sdrt-health/mac:02010b41cdec/antenna/tag/e2806894000050038662194f, 94
1652702296.614372, sdrt-health/mac:02010b41cdec/antenna/tag/e28068940000500386620d4f, 83
1652702296.614634, sdrt-health/mac:02010b41cdec/antenna/tag/e2806894000050038661fd4f, 91
1652702296.671545, sdrt-health/mac:02010b41cdec/antenna/tag/e2806894000040038662114f, 91
1652702296.723635, sdrt-health/mac:02010b41cdec/antenna/tag/e2806894000050038662154f, 85
1652702296.76332, sdrt-health/mac:02010b41cdec/antenna/tag/e28068940000500386620d4f, 90
1652702296.831659, sdrt-health/mac:02010b41cdec/antenna/tag/e28068940000500386620d4f, 83
1652702296.883883, sdrt-health/mac:02010b41cdec/antenna/tag/e2806894000050038662194f, 94
1652702296.923236, sdrt-health/mac:02010b41cdec/antenna/tag/e28068940000400386621d4f, 77
1652702296.962549, sdrt-health/mac:02010b41cdec/antenna/tag/e2806894000040038662114f, 88
1652702297.016826, sdrt-health/mac:02010b41cdec/antenna/tag/e2806894000050038661fd4f, 83
1652702297.078253, sdrt-health/mac:02010b41cdec/antenna/tag/e2806894000050038662154f, 88
1652702297.078639, sdrt-health/mac:02010b41cdec/antenna/tag/e2806894000050038661fd4f, 83
1652702297.122874, sdrt-health/mac:02010b41cdec/antenna/tag/e2806894000050038661fd4f, 86
1652702297.17777, sdrt-health/mac:02010b41cdec/antenna/tag/e2806894000050038661fd4f, 83
1652702297.178206, sdrt-health/mac:02010b41cdec/antenna/tag/e2806894000050038662154f, 85
1652702297.192541, sdrt-health/mac:02010b41cdec/antenna/tag/e2806894000040038662114f, 88
1652702297.222537, sdrt-health/mac:02010b41cdec/antenna/tag/e2806894000050038662194f, 81
1652702297.27257, sdrt-health/mac:02010b41cdec/antenna/tag/e2806894000050038662194f, 88
1652702297.353476, sdrt-health/mac:02010b41cdec/antenna/tag/e28068940000500386620d4f, 90
1652702297.394093, sdrt-health/mac:02010b41cdec/antenna/tag/e28068940000400386621d4f, 96
1652702297.443476, sdrt-health/mac:02010b41cdec/antenna/tag/e28068940000400386621d4f, 96
1652702297.482352, sdrt-health/mac:02010b41cdec/antenna/tag/e28068940000400386621d4f, 96
1652702297.532995, sdrt-health/mac:02010b41cdec/antenna/tag/e28068940000500386620d4f, 90
1652702297.59186, sdrt-health/mac:02010b41cdec/antenna/tag/e28068940000400386621d4f, 96
1652702297.592406, sdrt-health/mac:02010b41cdec/antenna/tag/e2806894000050038661fd4f, 83
1652702297.606207, sdrt-health/mac:02010b41cdec/antenna/tag/e2806894000050038661fd4f, 91
1652702297.622496, sdrt-health/mac:02010b41cdec/antenna/tag/e28068940000500386620d4f, 83
1652702297.663745, sdrt-health/mac:02010b41cdec/antenna/tag/e28068940000400386621d4f, 77
1652702297.7174, sdrt-health/mac:02010b41cdec/antenna/tag/e2806894000050038662194f, 88
1652702297.71776, sdrt-health/mac:02010b41cdec/antenna/tag/e2806894000050038662194f, 81
1652702297.753151, sdrt-health/mac:02010b41cdec/antenna/tag/e2806894000050038662154f, 85
1652702297.809713, sdrt-health/mac:02010b41cdec/antenna/tag/e2806894000040038661f94f, 88
1652702297.8103, sdrt-health/mac:02010b41cdec/antenna/tag/e2806894000050038661fd4f, 91
1652702297.844307, sdrt-health/mac:02010b41cdec/antenna/tag/e2806894000050038661fd4f, 97
1652702297.882784, sdrt-health/mac:02010b41cdec/antenna/tag/e2806894000050038662194f, 84
1652702297.938181, sdrt-health/mac:02010b41cdec/antenna/tag/e2806894000050038661fd4f, 83
1652702297.938479, sdrt-health/mac:02010b41cdec/antenna/tag/e2806894000040038662114f, 88
1652702297.938667, sdrt-health/mac:02010b41cdec/antenna/tag/e2806894000050038662154f, 93
1652702297.938855, sdrt-health/mac:02010b41cdec/antenna/tag/e2806894000050038662154f, 85
1652702297.978855, sdrt-health/mac:02010b41cdec/antenna/tag/e2806894000050038661fd4f, 91
1652702298.02257, sdrt-health/mac:02010b41cdec/antenna/tag/e2806894000040038662114f, 85
1652702298.123363, sdrt-health/mac:02010b41cdec/antenna/tag/e2806894000050038662154f, 85
1652702298.200888, sdrt-health/mac:02010b41cdec/antenna/tag/e2806894000040038661f94f, 88
1652702298.319598, sdrt-health/mac:02010b41cdec/antenna/tag/e28068940000400386621d4f, 96
1652702298.380067, sdrt-health/mac:02010b41cdec/antenna/tag/e28068940000400386621d4f, 96
1652702298.450218, sdrt-health/mac:02010b41cdec/antenna/tag/e28068940000400386621d4f, 96
1652702298.450443, sdrt-health/mac:02010b41cdec/antenna/tag/e2806894000040038662114f, 88
1652702298.466381, sdrt-health/mac:02010b41cdec/antenna/tag/e2806894000050038661fd4f, 97
1652702298.466648, sdrt-health/mac:02010b41cdec/antenna/tag/e2806894000040038662114f, 88
1652702298.46682, sdrt-health/mac:02010b41cdec/antenna/tag/e2806894000050038662154f, 88
1652702298.561888, sdrt-health/mac:02010b41cdec/antenna/tag/e2806894000050038662154f, 85
1652702298.665516, sdrt-health/mac:02010b41cdec/antenna/tag/e2806894000050038661fd4f, 83
1652702298.666391, sdrt-health/mac:02010b41cdec/antenna/tag/e28068940000400386621d4f, 77
1652702298.739848, sdrt-health/mac:02010b41cdec/antenna/tag/e2806894000040038662114f, 87
1652702298.740269, sdrt-health/mac:02010b41cdec/antenna/tag/e2806894000050038661fd4f, 91
1652702298.753581, sdrt-health/mac:02010b41cdec/antenna/tag/e28068940000500386620d4f, 83
1652702298.755249, sdrt-health/mac:02010b41cdec/antenna/tag/e28068940000400386621d4f, 96
1652702298.769145, sdrt-health/mac:02010b41cdec/antenna/tag/e28068940000400386621d4f, 77
1652702298.819136, sdrt-health/mac:02010b41cdec/antenna/tag/e28068940000500386620d4f, 83
1652702298.887994, sdrt-health/mac:02010b41cdec/antenna/tag/e2806894000050038661fd4f, 91
1652702298.88833, sdrt-health/mac:02010b41cdec/antenna/tag/e2806894000050038662194f, 84
1652702298.929867, sdrt-health/mac:02010b41cdec/antenna/tag/e28068940000400386621d4f, 77
1652702298.97183, sdrt-health/mac:02010b41cdec/antenna/tag/e28068940000500386620d4f, 83
1652702299.00167, sdrt-health/mac:02010b41cdec/antenna/tag/e2806894000050038662154f, 88
1652702299.001894, sdrt-health/mac:02010b41cdec/antenna/tag/e28068940000500386620d4f, 83
1652702299.016842, sdrt-health/mac:02010b41cdec/antenna/tag/e28068940000500386620d4f, 90
1652702299.078806, sdrt-health/mac:02010b41cdec/antenna/tag/e2806894000050038662154f, 85
1652702299.079734, sdrt-health/mac:02010b41cdec/antenna/tag/e28068940000500386620d4f, 83
1652702299.094024, sdrt-health/mac:02010b41cdec/antenna/tag/e2806894000050038661fd4f, 97
1652702299.11252, sdrt-health/mac:02010b41cdec/antenna/tag/e2806894000040038662114f, 93
1652702299.192282, sdrt-health/mac:02010b41cdec/antenna/tag/e2806894000050038662194f, 83
1652702299.192642, sdrt-health/mac:02010b41cdec/antenna/tag/e2806894000040038662114f, 85
1652702299.223074, sdrt-health/mac:02010b41cdec/antenna/tag/e28068940000400386621d4f, 96
1652702299.255013, sdrt-health/mac:02010b41cdec/antenna/tag/e28068940000500386620d4f, 83
1652702299.255359, sdrt-health/mac:02010b41cdec/antenna/tag/e28068940000500386620d4f, 83
1652702299.283119, sdrt-health/mac:02010b41cdec/antenna/tag/e28068940000400386621d4f, 77
1652702299.312885, sdrt-health/mac:02010b41cdec/antenna/tag/e28068940000400386621d4f, 96
1652702299.313102, sdrt-health/mac:02010b41cdec/antenna/tag/e2806894000040038661f94f, 81
1652702299.327679, sdrt-health/mac:02010b41cdec/antenna/tag/e2806894000040038661f94f, 94
1652702299.361864, sdrt-health/mac:02010b41cdec/antenna/tag/e2806894000040038662114f, 88
1652702299.449883, sdrt-health/mac:02010b41cdec/antenna/tag/e2806894000040038661f94f, 88
1652702299.450371, sdrt-health/mac:02010b41cdec/antenna/tag/e2806894000040038662114f, 85
1652702299.47228, sdrt-health/mac:02010b41cdec/antenna/tag/e2806894000040038661f94f, 83
1652702299.538277, sdrt-health/mac:02010b41cdec/antenna/tag/e2806894000040038662114f, 85
1652702299.538494, sdrt-health/mac:02010b41cdec/antenna/tag/e28068940000400386621d4f, 96
1652702299.563095, sdrt-health/mac:02010b41cdec/antenna/tag/e2806894000040038662114f, 88
1652702299.610775, sdrt-health/mac:02010b41cdec/antenna/tag/e28068940000400386621d4f, 96
1652702299.640326, sdrt-health/mac:02010b41cdec/antenna/tag/e2806894000050038662154f, 85
1652702299.64052, sdrt-health/mac:02010b41cdec/antenna/tag/e2806894000040038662114f, 85
1652702299.640639, sdrt-health/mac:02010b41cdec/antenna/tag/e2806894000040038661f94f, 88
1652702299.655223, sdrt-health/mac:02010b41cdec/antenna/tag/e28068940000500386620d4f, 83
1652702299.703782, sdrt-health/mac:02010b41cdec/antenna/tag/e2806894000050038661fd4f, 97
1652702299.734312, sdrt-health/mac:02010b41cdec/antenna/tag/e2806894000040038662214f, 81
1652702299.734544, sdrt-health/mac:02010b41cdec/antenna/tag/e28068940000400386621d4f, 77
1652702299.752437, sdrt-health/mac:02010b41cdec/antenna/tag/e2806894000040038662114f, 93
1652702299.830056, sdrt-health/mac:02010b41cdec/antenna/tag/e28068940000400386621d4f, 77
1652702299.830267, sdrt-health/mac:02010b41cdec/antenna/tag/e2806894000040038661f94f, 110
1652702299.874563, sdrt-health/mac:02010b41cdec/antenna/tag/e2806894000040038662114f, 85
1652702300.109885, sdrt-health/mac:02010b41cdec/antenna/tag/e28068940000400386621d4f, 96
1652702300.157535, sdrt-health/mac:02010b41cdec/antenna/tag/e28068940000500386620d4f, 83
1652702300.189545, sdrt-health/mac:02010b41cdec/antenna/tag/e2806894000050038661fd4f, 83
1652702300.18981, sdrt-health/mac:02010b41cdec/antenna/tag/e28068940000400386621d4f, 96
1652702300.19, sdrt-health/mac:02010b41cdec/antenna/tag/e2806894000050038661fd4f, 83
1652702300.190173, sdrt-health/mac:02010b41cdec/antenna/tag/e2806894000050038661fd4f, 83
1652702300.190346, sdrt-health/mac:02010b41cdec/antenna/tag/e28068940000500386620d4f, 90
1652702300.190519, sdrt-health/mac:02010b41cdec/antenna/tag/e2806894000050038661fd4f, 83
1652702300.190687, sdrt-health/mac:02010b41cdec/antenna/tag/e2806894000050038662154f, 85
1652702300.248784, sdrt-health/mac:02010b41cdec/antenna/tag/e2806894000040038661f94f, 81
1652702300.304326, sdrt-health/mac:02010b41cdec/antenna/tag/e2806894000050038662154f, 85
1652702300.361843, sdrt-health/mac:02010b41cdec/antenna/tag/e2806894000050038662154f, 88
1652702300.362079, sdrt-health/mac:02010b41cdec/antenna/tag/e2806894000050038662154f, 88
1652702300.396963, sdrt-health/mac:02010b41cdec/antenna/tag/e28068940000400386621d4f, 77
1652702300.427519, sdrt-health/mac:02010b41cdec/antenna/tag/e28068940000400386621d4f, 77
1652702300.428585, sdrt-health/mac:02010b41cdec/antenna/tag/e2806894000040038662114f, 93
1652702300.44226, sdrt-health/mac:02010b41cdec/antenna/tag/e2806894000040038662114f, 85
1652702300.483122, sdrt-health/mac:02010b41cdec/antenna/tag/e28068940000400386621d4f, 77
1652702300.539965, sdrt-health/mac:02010b41cdec/antenna/tag/e2806894000040038662114f, 85
1652702300.540318, sdrt-health/mac:02010b41cdec/antenna/tag/e28068940000400386621d4f, 96
1652702300.554906, sdrt-health/mac:02010b41cdec/antenna/tag/e28068940000400386621d4f, 77
1652702300.572016, sdrt-health/mac:02010b41cdec/antenna/tag/e2806894000040038661f94f, 82
1652702300.616433, sdrt-health/mac:02010b41cdec/antenna/tag/e2806894000040038661f94f, 94
1652702300.662825, sdrt-health/mac:02010b41cdec/antenna/tag/e2806894000040038662114f, 85
1652702300.663371, sdrt-health/mac:02010b41cdec/antenna/tag/e28068940000500386620d4f, 83
1652702300.713842, sdrt-health/mac:02010b41cdec/antenna/tag/e2806894000050038662154f, 88
1652702300.752847, sdrt-health/mac:02010b41cdec/antenna/tag/e28068940000500386620d4f, 80
1652702300.81749, sdrt-health/mac:02010b41cdec/antenna/tag/e2806894000040038662114f, 93
1652702300.818078, sdrt-health/mac:02010b41cdec/antenna/tag/e28068940000400386621d4f, 96
1652702300.873248, sdrt-health/mac:02010b41cdec/antenna/tag/e2806894000050038662154f, 88
1652702300.913227, sdrt-health/mac:02010b41cdec/antenna/tag/e2806894000050038662154f, 88
1652702300.977572, sdrt-health/mac:02010b41cdec/antenna/tag/e2806894000040038661f94f, 84
1652702300.978112, sdrt-health/mac:02010b41cdec/antenna/tag/e2806894000050038661fd4f, 83
1652702301.03467, sdrt-health/mac:02010b41cdec/antenna/tag/e28068940000500386620d4f, 83
1652702301.073232, sdrt-health/mac:02010b41cdec/antenna/tag/e2806894000050038661fd4f, 97
1652702301.121841, sdrt-health/mac:02010b41cdec/antenna/tag/e28068940000400386621d4f, 77
1652702301.192311, sdrt-health/mac:02010b41cdec/antenna/tag/e2806894000040038662114f, 85
1652702301.192822, sdrt-health/mac:02010b41cdec/antenna/tag/e2806894000050038661fd4f, 97
1652702301.24136, sdrt-health/mac:02010b41cdec/antenna/tag/e2806894000050038662154f, 88
1652702301.299875, sdrt-health/mac:02010b41cdec/antenna/tag/e2806894000040038662114f, 88
1652702301.328912, sdrt-health/mac:02010b41cdec/antenna/tag/e2806894000050038661fd4f, 83
1652702301.329106, sdrt-health/mac:02010b41cdec/antenna/tag/e28068940000500386620d4f, 83
1652702301.366278, sdrt-health/mac:02010b41cdec/antenna/tag/e2806894000050038662154f, 88
1652702301.396771, sdrt-health/mac:02010b41cdec/antenna/tag/e2806894000050038662154f, 88
1652702301.397031, sdrt-health/mac:02010b41cdec/antenna/tag/e28068940000500386620d4f, 83
1652702301.415373, sdrt-health/mac:02010b41cdec/antenna/tag/e2806894000040038662054f, 81
1652702301.446071, sdrt-health/mac:02010b41cdec/antenna/tag/e28068940000400386621d4f, 96
1652702301.446382, sdrt-health/mac:02010b41cdec/antenna/tag/e28068940000500386620d4f, 90
1652702301.512943, sdrt-health/mac:02010b41cdec/antenna/tag/e2806894000050038662154f, 85
1652702301.552784, sdrt-health/mac:02010b41cdec/antenna/tag/e2806894000050038662194f, 82
1652702301.55316, sdrt-health/mac:02010b41cdec/antenna/tag/e2806894000050038662154f, 85
1652702301.602871, sdrt-health/mac:02010b41cdec/antenna/tag/e28068940000400386621d4f, 77
1652702301.643273, sdrt-health/mac:02010b41cdec/antenna/tag/e2806894000050038661fd4f, 91
1652702301.699043, sdrt-health/mac:02010b41cdec/antenna/tag/e2806894000050038662154f, 85
1652702301.699355, sdrt-health/mac:02010b41cdec/antenna/tag/e28068940000400386621d4f, 77
1652702301.699571, sdrt-health/mac:02010b41cdec/antenna/tag/e2806894000040038662114f, 85
1652702301.752945, sdrt-health/mac:02010b41cdec/antenna/tag/e2806894000050038662154f, 88
1652702301.793055, sdrt-health/mac:02010b41cdec/antenna/tag/e28068940000500386620d4f, 83
1652702301.911715, sdrt-health/mac:02010b41cdec/antenna/tag/e2806894000050038662154f, 91
1652702301.911937, sdrt-health/mac:02010b41cdec/antenna/tag/e2806894000040038662114f, 85
1652702301.988849, sdrt-health/mac:02010b41cdec/antenna/tag/e28068940000400386621d4f, 96
1652702302.033538, sdrt-health/mac:02010b41cdec/antenna/tag/e2806894000050038662194f, 81
1652702302.087505, sdrt-health/mac:02010b41cdec/antenna/tag/e2806894000050038662154f, 88
1652702302.087698, sdrt-health/mac:02010b41cdec/antenna/tag/e2806894000050038662194f, 88
1652702302.101181, sdrt-health/mac:02010b41cdec/antenna/tag/e2806894000050038662194f, 84
1652702302.132713, sdrt-health/mac:02010b41cdec/antenna/tag/e2806894000050038662154f, 88
1652702302.132986, sdrt-health/mac:02010b41cdec/antenna/tag/e2806894000050038662154f, 85
1652702302.133198, sdrt-health/mac:02010b41cdec/antenna/tag/e28068940000500386620d4f, 90
1652702302.163079, sdrt-health/mac:02010b41cdec/antenna/tag/e2806894000050038662194f, 94
1652702302.218325, sdrt-health/mac:02010b41cdec/antenna/tag/e2806894000050038661fd4f, 97
1652702302.248226, sdrt-health/mac:02010b41cdec/antenna/tag/e28068940000500386620d4f, 83
1652702302.248506, sdrt-health/mac:02010b41cdec/antenna/tag/e2806894000050038662154f, 87
1652702302.273314, sdrt-health/mac:02010b41cdec/antenna/tag/e28068940000400386621d4f, 77
1652702302.326217, sdrt-health/mac:02010b41cdec/antenna/tag/e2806894000040038662114f, 88
1652702302.412471, sdrt-health/mac:02010b41cdec/antenna/tag/e2806894000050038662014f, 84
1652702302.482676, sdrt-health/mac:02010b41cdec/antenna/tag/e2806894000050038661fd4f, 91
1652702302.482951, sdrt-health/mac:02010b41cdec/antenna/tag/e2806894000040038662114f, 85
1652702302.522382, sdrt-health/mac:02010b41cdec/antenna/tag/e28068940000500386620d4f, 90
1652702302.572839, sdrt-health/mac:02010b41cdec/antenna/tag/e28068940000400386621d4f, 77
1652702302.630742, sdrt-health/mac:02010b41cdec/antenna/tag/e2806894000050038662194f, 94
1652702302.631059, sdrt-health/mac:02010b41cdec/antenna/tag/e2806894000040038661f94f, 84
1652702302.645533, sdrt-health/mac:02010b41cdec/antenna/tag/e2806894000050038661fd4f, 97
1652702302.662164, sdrt-health/mac:02010b41cdec/antenna/tag/e28068940000400386621d4f, 96
1652702302.71295, sdrt-health/mac:02010b41cdec/antenna/tag/e28068940000500386620d4f, 83
1652702302.745359, sdrt-health/mac:02010b41cdec/antenna/tag/e2806894000050038662154f, 85
1652702302.745674, sdrt-health/mac:02010b41cdec/antenna/tag/e2806894000040038662114f, 88
1652702302.760319, sdrt-health/mac:02010b41cdec/antenna/tag/e28068940000500386620d4f, 90
1652702302.760691, sdrt-health/mac:02010b41cdec/antenna/tag/e28068940000400386621d4f, 96
1652702302.811089, sdrt-health/mac:02010b41cdec/antenna/tag/e2806894000040038662114f, 93
1652702302.873463, sdrt-health/mac:02010b41cdec/antenna/tag/e2806894000040038661f94f, 94
1652702302.938384, sdrt-health/mac:02010b41cdec/antenna/tag/e2806894000050038661fd4f, 97
1652702302.938758, sdrt-health/mac:02010b41cdec/antenna/tag/e2806894000050038662154f, 85
1652702302.964317, sdrt-health/mac:02010b41cdec/antenna/tag/e2806894000050038662194f, 88
1652702303.001935, sdrt-health/mac:02010b41cdec/antenna/tag/e2806894000040038662114f, 88
1652702303.0586, sdrt-health/mac:02010b41cdec/antenna/tag/e28068940000400386621d4f, 77
1652702303.059028, sdrt-health/mac:02010b41cdec/antenna/tag/e2806894000050038662154f, 85
1652702303.114204, sdrt-health/mac:02010b41cdec/antenna/tag/e28068940000400386621d4f, 77
1652702303.201955, sdrt-health/mac:02010b41cdec/antenna/tag/e2806894000050038662154f, 85
1652702303.258869, sdrt-health/mac:02010b41cdec/antenna/tag/e2806894000040038662114f, 87
1652702303.259212, sdrt-health/mac:02010b41cdec/antenna/tag/e2806894000050038661fd4f, 83
1652702303.273523, sdrt-health/mac:02010b41cdec/antenna/tag/e28068940000500386620d4f, 90
1652702303.274032, sdrt-health/mac:02010b41cdec/antenna/tag/e28068940000400386621d4f, 77
1652702303.274236, sdrt-health/mac:02010b41cdec/antenna/tag/e2806894000050038662154f, 88
1652702303.318476, sdrt-health/mac:02010b41cdec/antenna/tag/e28068940000400386621d4f, 77
1652702303.386043, sdrt-health/mac:02010b41cdec/antenna/tag/e28068940000500386620d4f, 90
1652702303.386258, sdrt-health/mac:02010b41cdec/antenna/tag/e2806894000040038662114f, 88
1652702303.386401, sdrt-health/mac:02010b41cdec/antenna/tag/e2806894000050038662154f, 85
1652702303.401359, sdrt-health/mac:02010b41cdec/antenna/tag/e28068940000400386621d4f, 77
1652702303.401591, sdrt-health/mac:02010b41cdec/antenna/tag/e2806894000050038661fd4f, 97
1652702303.462528, sdrt-health/mac:02010b41cdec/antenna/tag/e28068940000500386620d4f, 90
1652702303.527648, sdrt-health/mac:02010b41cdec/antenna/tag/e2806894000040038662114f, 88
1652702303.528568, sdrt-health/mac:02010b41cdec/antenna/tag/e2806894000050038661fd4f, 83
1652702303.542272, sdrt-health/mac:02010b41cdec/antenna/tag/e2806894000050038661fd4f, 83
1652702303.55113, sdrt-health/mac:02010b41cdec/antenna/tag/e28068940000400386621d4f, 96
1652702303.621157, sdrt-health/mac:02010b41cdec/antenna/tag/e2806894000050038661fd4f, 83
1652702303.674058, sdrt-health/mac:02010b41cdec/antenna/tag/e2806894000050038662194f, 94
1652702303.72857, sdrt-health/mac:02010b41cdec/antenna/tag/e2806894000050038662154f, 88
1652702303.728779, sdrt-health/mac:02010b41cdec/antenna/tag/e2806894000050038662194f, 81
1652702303.745071, sdrt-health/mac:02010b41cdec/antenna/tag/e2806894000040038662114f, 85
1652702303.774412, sdrt-health/mac:02010b41cdec/antenna/tag/e2806894000040038662114f, 85
1652702303.83537, sdrt-health/mac:02010b41cdec/antenna/tag/e2806894000050038661fd4f, 97
1652702303.875197, sdrt-health/mac:02010b41cdec/antenna/tag/e2806894000050038661fd4f, 83
1652702303.907344, sdrt-health/mac:02010b41cdec/antenna/tag/e28068940000500386620d4f, 90
1652702303.907617, sdrt-health/mac:02010b41cdec/antenna/tag/e28068940000500386620d4f, 90
1652702303.943967, sdrt-health/mac:02010b41cdec/antenna/tag/e2806894000050038661fd4f, 83
1652702303.983656, sdrt-health/mac:02010b41cdec/antenna/tag/e28068940000500386620d4f, 90
1652702304.038311, sdrt-health/mac:02010b41cdec/antenna/tag/e2806894000050038662154f, 88
1652702304.038604, sdrt-health/mac:02010b41cdec/antenna/tag/e2806894000040038662114f, 88
1652702304.084183, sdrt-health/mac:02010b41cdec/antenna/tag/e28068940000400386621d4f, 77
1652702304.13628, sdrt-health/mac:02010b41cdec/antenna/tag/e28068940000500386620d4f, 83
1652702304.174063, sdrt-health/mac:02010b41cdec/antenna/tag/e28068940000400386621d4f, 77
1652702304.215227, sdrt-health/mac:02010b41cdec/antenna/tag/e28068940000400386621d4f, 96
1652702304.262892, sdrt-health/mac:02010b41cdec/antenna/tag/e28068940000400386621d4f, 77
1652702304.312769, sdrt-health/mac:02010b41cdec/antenna/tag/e2806894000040038662114f, 85
1652702304.342717, sdrt-health/mac:02010b41cdec/antenna/tag/e28068940000500386620d4f, 90
1652702304.343287, sdrt-health/mac:02010b41cdec/antenna/tag/e28068940000400386621d4f, 96
1652702304.357877, sdrt-health/mac:02010b41cdec/antenna/tag/e2806894000050038662194f, 82
1652702304.358191, sdrt-health/mac:02010b41cdec/antenna/tag/e2806894000050038661fd4f, 97
1652702304.358426, sdrt-health/mac:02010b41cdec/antenna/tag/e2806894000050038662154f, 85
1652702304.403398, sdrt-health/mac:02010b41cdec/antenna/tag/e2806894000040038662114f, 85
1652702304.487788, sdrt-health/mac:02010b41cdec/antenna/tag/e2806894000040038662114f, 85
1652702304.4882, sdrt-health/mac:02010b41cdec/antenna/tag/e2806894000050038661fd4f, 97
1652702304.511865, sdrt-health/mac:02010b41cdec/antenna/tag/e2806894000040038662114f, 88
1652702304.561394, sdrt-health/mac:02010b41cdec/antenna/tag/e2806894000050038661fd4f, 97
1652702304.592617, sdrt-health/mac:02010b41cdec/antenna/tag/e28068940000500386620d4f, 83
1652702304.593064, sdrt-health/mac:02010b41cdec/antenna/tag/e28068940000400386621d4f, 77
1652702304.619261, sdrt-health/mac:02010b41cdec/antenna/tag/e2806894000050038661fd4f, 97
1652702304.680071, sdrt-health/mac:02010b41cdec/antenna/tag/e2806894000040038661f94f, 81
1652702304.71193, sdrt-health/mac:02010b41cdec/antenna/tag/e2806894000050038661fd4f, 91
1652702304.71236, sdrt-health/mac:02010b41cdec/antenna/tag/e2806894000050038662194f, 84
1652702304.740994, sdrt-health/mac:02010b41cdec/antenna/tag/e2806894000040038661f94f, 84
1652702304.794068, sdrt-health/mac:02010b41cdec/antenna/tag/e2806894000050038661fd4f, 83
1652702304.825372, sdrt-health/mac:02010b41cdec/antenna/tag/e28068940000400386621d4f, 96
1652702304.825738, sdrt-health/mac:02010b41cdec/antenna/tag/e2806894000050038661fd4f, 83
1652702304.841436, sdrt-health/mac:02010b41cdec/antenna/tag/e28068940000500386620d4f, 90
1652702304.881857, sdrt-health/mac:02010b41cdec/antenna/tag/e2806894000050038661fd4f, 83
1652702304.923967, sdrt-health/mac:02010b41cdec/antenna/tag/e28068940000500386620d4f, 90
1652702304.95663, sdrt-health/mac:02010b41cdec/antenna/tag/e28068940000400386621d4f, 96
1652702304.957082, sdrt-health/mac:02010b41cdec/antenna/tag/e2806894000050038661fd4f, 97
1652702304.972804, sdrt-health/mac:02010b41cdec/antenna/tag/e28068940000400386621d4f, 96
1652702305.002359, sdrt-health/mac:02010b41cdec/antenna/tag/e28068940000500386620d4f, 90
1652702305.042323, sdrt-health/mac:02010b41cdec/antenna/tag/e28068940000500386620d4f, 83
1652702305.083438, sdrt-health/mac:02010b41cdec/antenna/tag/e2806894000050038662154f, 85
1652702305.083805, sdrt-health/mac:02010b41cdec/antenna/tag/e28068940000400386621d4f, 96
1652702305.10017, sdrt-health/mac:02010b41cdec/antenna/tag/e2806894000040038662114f, 85
1652702305.123484, sdrt-health/mac:02010b41cdec/antenna/tag/e28068940000500386620d4f, 90
1652702305.177993, sdrt-health/mac:02010b41cdec/antenna/tag/e2806894000050038661fd4f, 91
1652702305.178419, sdrt-health/mac:02010b41cdec/antenna/tag/e2806894000040038662114f, 93
1652702305.192924, sdrt-health/mac:02010b41cdec/antenna/tag/e2806894000050038661fd4f, 91
1652702305.271787, sdrt-health/mac:02010b41cdec/antenna/tag/e2806894000050038662154f, 88
1652702305.272248, sdrt-health/mac:02010b41cdec/antenna/tag/e2806894000050038661fd4f, 97
1652702305.302692, sdrt-health/mac:02010b41cdec/antenna/tag/e28068940000500386620d4f, 90
1652702305.368302, sdrt-health/mac:02010b41cdec/antenna/tag/e28068940000500386620d4f, 90
1652702305.368704, sdrt-health/mac:02010b41cdec/antenna/tag/e2806894000050038662154f, 93
1652702305.382837, sdrt-health/mac:02010b41cdec/antenna/tag/e28068940000400386621d4f, 77
1652702305.400876, sdrt-health/mac:02010b41cdec/antenna/tag/e2806894000050038661fd4f, 97
1652702305.451926, sdrt-health/mac:02010b41cdec/antenna/tag/e28068940000400386621d4f, 77
1652702305.483616, sdrt-health/mac:02010b41cdec/antenna/tag/e28068940000500386620d4f, 83
1652702305.483953, sdrt-health/mac:02010b41cdec/antenna/tag/e28068940000400386621d4f, 77
1652702305.499065, sdrt-health/mac:02010b41cdec/antenna/tag/e2806894000040038662114f, 93
1652702305.560162, sdrt-health/mac:02010b41cdec/antenna/tag/e2806894000050038662194f, 94
1652702305.634284, sdrt-health/mac:02010b41cdec/antenna/tag/e2806894000050038662154f, 88
1652702305.695511, sdrt-health/mac:02010b41cdec/antenna/tag/e28068940000400386621d4f, 77
1652702305.695779, sdrt-health/mac:02010b41cdec/antenna/tag/e2806894000050038661fd4f, 91
1652702305.72322, sdrt-health/mac:02010b41cdec/antenna/tag/e2806894000050038661fd4f, 91
1652702305.789792, sdrt-health/mac:02010b41cdec/antenna/tag/e2806894000050038662154f, 85
1652702305.848435, sdrt-health/mac:02010b41cdec/antenna/tag/e2806894000050038662154f, 85
1652702305.848881, sdrt-health/mac:02010b41cdec/antenna/tag/e2806894000040038661f94f, 88
1652702305.862013, sdrt-health/mac:02010b41cdec/antenna/tag/e2806894000050038661fd4f, 83
1652702305.883154, sdrt-health/mac:02010b41cdec/antenna/tag/e28068940000400386621d4f, 96
1652702305.949688, sdrt-health/mac:02010b41cdec/antenna/tag/e2806894000050038662154f, 88
1652702305.949976, sdrt-health/mac:02010b41cdec/antenna/tag/e28068940000500386620d4f, 90
1652702305.964268, sdrt-health/mac:02010b41cdec/antenna/tag/e2806894000050038662154f, 91
1652702305.992714, sdrt-health/mac:02010b41cdec/antenna/tag/e2806894000040038661f94f, 88
1652702306.050052, sdrt-health/mac:02010b41cdec/antenna/tag/e28068940000400386621d4f, 96
1652702306.050457, sdrt-health/mac:02010b41cdec/antenna/tag/e28068940000500386620d4f, 90
1652702306.088171, sdrt-health/mac:02010b41cdec/antenna/tag/e2806894000050038662014f, 94
1652702306.119379, sdrt-health/mac:02010b41cdec/antenna/tag/e28068940000500386620d4f, 83
1652702306.119581, sdrt-health/mac:02010b41cdec/antenna/tag/e2806894000040038662114f, 88
1652702306.137326, sdrt-health/mac:02010b41cdec/antenna/tag/e2806894000050038662154f, 85
1652702306.196872, sdrt-health/mac:02010b41cdec/antenna/tag/e28068940000400386621d4f, 96
1652702306.197059, sdrt-health/mac:02010b41cdec/antenna/tag/e2806894000040038662114f, 85
1652702306.211027, sdrt-health/mac:02010b41cdec/antenna/tag/e2806894000040038662214f, 84
1652702306.23185, sdrt-health/mac:02010b41cdec/antenna/tag/e2806894000040038662214f, 94
1652702306.281072, sdrt-health/mac:02010b41cdec/antenna/tag/e28068940000500386620d4f, 83
1652702306.339532, sdrt-health/mac:02010b41cdec/antenna/tag/e2806894000050038661fd4f, 97
1652702306.33973, sdrt-health/mac:02010b41cdec/antenna/tag/e28068940000400386621d4f, 96
1652702306.354389, sdrt-health/mac:02010b41cdec/antenna/tag/e2806894000040038662114f, 88
1652702306.3546, sdrt-health/mac:02010b41cdec/antenna/tag/e28068940000500386620d4f, 83
1652702306.377766, sdrt-health/mac:02010b41cdec/antenna/tag/e2806894000050038661fd4f, 97
1652702306.479913, sdrt-health/mac:02010b41cdec/antenna/tag/e28068940000500386620d4f, 83
1652702306.480136, sdrt-health/mac:02010b41cdec/antenna/tag/e2806894000040038662114f, 88
1652702306.522223, sdrt-health/mac:02010b41cdec/antenna/tag/e28068940000500386620d4f, 83
1652702306.588604, sdrt-health/mac:02010b41cdec/antenna/tag/e28068940000400386621d4f, 77
1652702306.58886, sdrt-health/mac:02010b41cdec/antenna/tag/e28068940000400386621d4f, 96
1652702306.604297, sdrt-health/mac:02010b41cdec/antenna/tag/e2806894000050038661fd4f, 83
1652702306.617143, sdrt-health/mac:02010b41cdec/antenna/tag/e2806894000040038662114f, 88
1652702306.619744, sdrt-health/mac:02010b41cdec/antenna/tag/e2806894000050038662154f, 85
1652702306.663771, sdrt-health/mac:02010b41cdec/antenna/tag/e2806894000050038661fd4f, 83
1652702306.727262, sdrt-health/mac:02010b41cdec/antenna/tag/e2806894000040038662114f, 85
1652702306.727961, sdrt-health/mac:02010b41cdec/antenna/tag/e28068940000400386621d4f, 96
1652702306.728493, sdrt-health/mac:02010b41cdec/antenna/tag/e28068940000400386621d4f, 77
1652702306.752949, sdrt-health/mac:02010b41cdec/antenna/tag/e2806894000050038661fd4f, 91
1652702306.802695, sdrt-health/mac:02010b41cdec/antenna/tag/e28068940000500386620d4f, 83
1652702306.857839, sdrt-health/mac:02010b41cdec/antenna/tag/e2806894000040038662114f, 85
1652702306.919191, sdrt-health/mac:02010b41cdec/antenna/tag/e28068940000400386621d4f, 77
1652702306.919564, sdrt-health/mac:02010b41cdec/antenna/tag/e28068940000500386620d4f, 83
1652702306.934816, sdrt-health/mac:02010b41cdec/antenna/tag/e28068940000400386621d4f, 77
1652702306.935065, sdrt-health/mac:02010b41cdec/antenna/tag/e2806894000050038662154f, 88
1652702306.935226, sdrt-health/mac:02010b41cdec/antenna/tag/e28068940000500386620d4f, 83
1652702306.969962, sdrt-health/mac:02010b41cdec/antenna/tag/e28068940000500386620d4f, 83
1652702307.038586, sdrt-health/mac:02010b41cdec/antenna/tag/e2806894000050038662154f, 88
1652702307.039011, sdrt-health/mac:02010b41cdec/antenna/tag/e2806894000050038662154f, 88
1652702307.053289, sdrt-health/mac:02010b41cdec/antenna/tag/e28068940000500386620d4f, 80
1652702307.074098, sdrt-health/mac:02010b41cdec/antenna/tag/e2806894000050038661fd4f, 97
1652702307.137441, sdrt-health/mac:02010b41cdec/antenna/tag/e2806894000050038662154f, 93
1652702307.194149, sdrt-health/mac:02010b41cdec/antenna/tag/e28068940000500386620d4f, 83
1652702307.289847, sdrt-health/mac:02010b41cdec/antenna/tag/e2806894000050038661fd4f, 91
1652702307.290357, sdrt-health/mac:02010b41cdec/antenna/tag/e2806894000040038662054f, 88
1652702307.352957, sdrt-health/mac:02010b41cdec/antenna/tag/e2806894000050038662154f, 88
1652702307.353242, sdrt-health/mac:02010b41cdec/antenna/tag/e2806894000050038662154f, 91
1652702307.353472, sdrt-health/mac:02010b41cdec/antenna/tag/e28068940000500386620d4f, 83
1652702307.404261, sdrt-health/mac:02010b41cdec/antenna/tag/e28068940000500386620d4f, 83
1652702307.436105, sdrt-health/mac:02010b41cdec/antenna/tag/e2806894000050038662154f, 91
1652702307.436387, sdrt-health/mac:02010b41cdec/antenna/tag/e2806894000050038662154f, 88
1652702307.436568, sdrt-health/mac:02010b41cdec/antenna/tag/e28068940000400386621d4f, 96
1652702307.505455, sdrt-health/mac:02010b41cdec/antenna/tag/e2806894000050038661fd4f, 83
1652702307.557841, sdrt-health/mac:02010b41cdec/antenna/tag/e2806894000050038661fd4f, 86
1652702307.558164, sdrt-health/mac:02010b41cdec/antenna/tag/e2806894000040038662114f, 85
1652702307.572961, sdrt-health/mac:02010b41cdec/antenna/tag/e2806894000050038662154f, 88
1652702307.573295, sdrt-health/mac:02010b41cdec/antenna/tag/e2806894000050038662154f, 88
1652702307.573524, sdrt-health/mac:02010b41cdec/antenna/tag/e2806894000040038662114f, 85
1652702307.60019, sdrt-health/mac:02010b41cdec/antenna/tag/e2806894000050038662154f, 85
1652702307.657558, sdrt-health/mac:02010b41cdec/antenna/tag/e2806894000040038662114f, 85
1652702307.657816, sdrt-health/mac:02010b41cdec/antenna/tag/e2806894000050038661fd4f, 97
1652702307.767234, sdrt-health/mac:02010b41cdec/antenna/tag/e2806894000050038662194f, 94
1652702307.767488, sdrt-health/mac:02010b41cdec/antenna/tag/e28068940000400386621d4f, 96
1652702307.792078, sdrt-health/mac:02010b41cdec/antenna/tag/e2806894000040038662114f, 88
1652702307.824959, sdrt-health/mac:02010b41cdec/antenna/tag/e2806894000040038662114f, 85
1652702307.825317, sdrt-health/mac:02010b41cdec/antenna/tag/e2806894000050038662154f, 88
1652702307.863601, sdrt-health/mac:02010b41cdec/antenna/tag/e28068940000500386620d4f, 83
1652702307.927808, sdrt-health/mac:02010b41cdec/antenna/tag/e2806894000040038662114f, 88
1652702307.928788, sdrt-health/mac:02010b41cdec/antenna/tag/e28068940000400386621d4f, 96
1652702307.942973, sdrt-health/mac:02010b41cdec/antenna/tag/e28068940000500386620d4f, 83
1652702307.993792, sdrt-health/mac:02010b41cdec/antenna/tag/e2806894000050038662154f, 85
1652702307.994345, sdrt-health/mac:02010b41cdec/antenna/tag/e2806894000050038661fd4f, 83
1652702308.007407, sdrt-health/mac:02010b41cdec/antenna/tag/e2806894000050038661fd4f, 83
1652702308.035772, sdrt-health/mac:02010b41cdec/antenna/tag/e2806894000050038661fd4f, 97
1652702308.108697, sdrt-health/mac:02010b41cdec/antenna/tag/e2806894000050038661fd4f, 97
1652702308.109008, sdrt-health/mac:02010b41cdec/antenna/tag/e2806894000050038662154f, 85
1652702308.123136, sdrt-health/mac:02010b41cdec/antenna/tag/e28068940000500386620d4f, 83
1652702308.137247, sdrt-health/mac:02010b41cdec/antenna/tag/e2806894000040038661f94f, 94
1652702308.193574, sdrt-health/mac:02010b41cdec/antenna/tag/e2806894000040038661f94f, 81
1652702308.243127, sdrt-health/mac:02010b41cdec/antenna/tag/e2806894000050038662154f, 85
1652702308.275682, sdrt-health/mac:02010b41cdec/antenna/tag/e2806894000040038662214f, 82
1652702308.276169, sdrt-health/mac:02010b41cdec/antenna/tag/e2806894000050038661fd4f, 97
1652702308.276612, sdrt-health/mac:02010b41cdec/antenna/tag/e28068940000500386620d4f, 83
1652702308.291542, sdrt-health/mac:02010b41cdec/antenna/tag/e2806894000050038661fd4f, 97
1652702308.291827, sdrt-health/mac:02010b41cdec/antenna/tag/e2806894000050038662154f, 91
1652702308.323744, sdrt-health/mac:02010b41cdec/antenna/tag/e28068940000400386621d4f, 96
1652702308.394379, sdrt-health/mac:02010b41cdec/antenna/tag/e2806894000040038662114f, 93
1652702308.394922, sdrt-health/mac:02010b41cdec/antenna/tag/e2806894000040038661f94f, 82
1652702308.423426, sdrt-health/mac:02010b41cdec/antenna/tag/e2806894000050038662154f, 88
1652702308.488629, sdrt-health/mac:02010b41cdec/antenna/tag/e2806894000040038662114f, 85
1652702308.488889, sdrt-health/mac:02010b41cdec/antenna/tag/e28068940000500386620d4f, 83
1652702308.51237, sdrt-health/mac:02010b41cdec/antenna/tag/e28068940000500386620d4f, 83
1652702308.577808, sdrt-health/mac:02010b41cdec/antenna/tag/e2806894000050038662194f, 94
1652702308.578438, sdrt-health/mac:02010b41cdec/antenna/tag/e2806894000050038661fd4f, 97
1652702308.601935, sdrt-health/mac:02010b41cdec/antenna/tag/e28068940000500386620d4f, 83
1652702308.602323, sdrt-health/mac:02010b41cdec/antenna/tag/e2806894000050038661fd4f, 83
1652702308.641844, sdrt-health/mac:02010b41cdec/antenna/tag/e2806894000050038662194f, 81
1652702308.682457, sdrt-health/mac:02010b41cdec/antenna/tag/e28068940000500386620d4f, 90
1652702308.723458, sdrt-health/mac:02010b41cdec/antenna/tag/e2806894000050038661fd4f, 91
1652702308.776574, sdrt-health/mac:02010b41cdec/antenna/tag/e28068940000500386620d4f, 90
1652702308.823333, sdrt-health/mac:02010b41cdec/antenna/tag/e28068940000400386621d4f, 77
1652702308.873079, sdrt-health/mac:02010b41cdec/antenna/tag/e2806894000050038662154f, 85
1652702308.928127, sdrt-health/mac:02010b41cdec/antenna/tag/e28068940000500386620d4f, 90
1652702308.9284, sdrt-health/mac:02010b41cdec/antenna/tag/e2806894000050038661fd4f, 83
1652702308.92858, sdrt-health/mac:02010b41cdec/antenna/tag/e2806894000050038661fd4f, 97
1652702308.962339, sdrt-health/mac:02010b41cdec/antenna/tag/e28068940000500386620d4f, 83
1652702308.962671, sdrt-health/mac:02010b41cdec/antenna/tag/e28068940000400386621d4f, 96
1652702308.977635, sdrt-health/mac:02010b41cdec/antenna/tag/e2806894000050038661fd4f, 97
1652702309.032562, sdrt-health/mac:02010b41cdec/antenna/tag/e28068940000400386621d4f, 77
1652702309.077236, sdrt-health/mac:02010b41cdec/antenna/tag/e28068940000500386620d4f, 83
1652702309.137534, sdrt-health/mac:02010b41cdec/antenna/tag/e2806894000050038662154f, 85
1652702309.137887, sdrt-health/mac:02010b41cdec/antenna/tag/e2806894000050038661fd4f, 97
1652702309.178513, sdrt-health/mac:02010b41cdec/antenna/tag/e2806894000050038662154f, 85
1652702309.236728, sdrt-health/mac:02010b41cdec/antenna/tag/e2806894000050038662154f, 85
1652702309.236969, sdrt-health/mac:02010b41cdec/antenna/tag/e28068940000500386620d4f, 83
1652702309.272573, sdrt-health/mac:02010b41cdec/antenna/tag/e2806894000050038661fd4f, 91
1652702309.312777, sdrt-health/mac:02010b41cdec/antenna/tag/e2806894000040038662114f, 93
1652702309.362022, sdrt-health/mac:02010b41cdec/antenna/tag/e2806894000050038661fd4f, 91
1652702309.401734, sdrt-health/mac:02010b41cdec/antenna/tag/e2806894000050038662154f, 93
1652702309.401924, sdrt-health/mac:02010b41cdec/antenna/tag/e2806894000050038662194f, 94
1652702309.442177, sdrt-health/mac:02010b41cdec/antenna/tag/e2806894000050038661fd4f, 97
1652702309.485312, sdrt-health/mac:02010b41cdec/antenna/tag/e2806894000050038661fd4f, 91
1652702309.518518, sdrt-health/mac:02010b41cdec/antenna/tag/e2806894000050038662154f, 93
1652702309.518839, sdrt-health/mac:02010b41cdec/antenna/tag/e28068940000400386621d4f, 77
1652702309.533538, sdrt-health/mac:02010b41cdec/antenna/tag/e28068940000400386621d4f, 77
1652702309.576754, sdrt-health/mac:02010b41cdec/antenna/tag/e2806894000040038662114f, 85
1652702309.622376, sdrt-health/mac:02010b41cdec/antenna/tag/e28068940000400386621d4f, 77
1652702309.652289, sdrt-health/mac:02010b41cdec/antenna/tag/e2806894000050038661fd4f, 97
1652702309.652668, sdrt-health/mac:02010b41cdec/antenna/tag/e2806894000050038661fd4f, 97
1652702309.671697, sdrt-health/mac:02010b41cdec/antenna/tag/e2806894000050038662154f, 93
1652702309.713888, sdrt-health/mac:02010b41cdec/antenna/tag/e2806894000050038661fd4f, 97
1652702309.770128, sdrt-health/mac:02010b41cdec/antenna/tag/e2806894000050038662154f, 85
1652702309.815951, sdrt-health/mac:02010b41cdec/antenna/tag/e2806894000050038662194f, 88
1652702309.853236, sdrt-health/mac:02010b41cdec/antenna/tag/e2806894000050038661fd4f, 97
1652702309.896405, sdrt-health/mac:02010b41cdec/antenna/tag/e28068940000400386621d4f, 77
1652702309.958369, sdrt-health/mac:02010b41cdec/antenna/tag/e28068940000500386620d4f, 90
1652702310.003968, sdrt-health/mac:02010b41cdec/antenna/tag/e28068940000400386621d4f, 96
1652702310.095517, sdrt-health/mac:02010b41cdec/antenna/tag/e2806894000040038662114f, 88
1652702310.095847, sdrt-health/mac:02010b41cdec/antenna/tag/e2806894000050038662154f, 88
1652702310.111222, sdrt-health/mac:02010b41cdec/antenna/tag/e2806894000050038662154f, 85
1652702310.12243, sdrt-health/mac:02010b41cdec/antenna/tag/e28068940000400386621d4f, 96
1652702310.127345, sdrt-health/mac:02010b41cdec/antenna/tag/e2806894000040038662114f, 88
1652702310.127654, sdrt-health/mac:02010b41cdec/antenna/tag/e28068940000400386621d4f, 96
1652702310.162149, sdrt-health/mac:02010b41cdec/antenna/tag/e2806894000050038662154f, 85
1652702310.232359, sdrt-health/mac:02010b41cdec/antenna/tag/e2806894000050038661fd4f, 97
1652702310.272328, sdrt-health/mac:02010b41cdec/antenna/tag/e2806894000050038661fd4f, 97
1652702310.341563, sdrt-health/mac:02010b41cdec/antenna/tag/e28068940000500386620d4f, 90
1652702310.342034, sdrt-health/mac:02010b41cdec/antenna/tag/e2806894000050038661fd4f, 83
1652702310.377187, sdrt-health/mac:02010b41cdec/antenna/tag/e2806894000050038662154f, 88
1652702310.497889, sdrt-health/mac:02010b41cdec/antenna/tag/e28068940000400386621d4f, 96
1652702310.498245, sdrt-health/mac:02010b41cdec/antenna/tag/e2806894000040038662114f, 85
1652702310.512688, sdrt-health/mac:02010b41cdec/antenna/tag/e2806894000050038661fd4f, 83
1652702310.5221, sdrt-health/mac:02010b41cdec/antenna/tag/e2806894000040038662114f, 88
1652702310.527503, sdrt-health/mac:02010b41cdec/antenna/tag/e2806894000050038662154f, 88
1652702310.527891, sdrt-health/mac:02010b41cdec/antenna/tag/e28068940000400386621d4f, 96
1652702310.528038, sdrt-health/mac:02010b41cdec/antenna/tag/e28068940000400386621d4f, 96
1652702310.528199, sdrt-health/mac:02010b41cdec/antenna/tag/e2806894000040038662114f, 88
1652702310.584988, sdrt-health/mac:02010b41cdec/antenna/tag/e28068940000500386620d4f, 90
1652702310.624334, sdrt-health/mac:02010b41cdec/antenna/tag/e28068940000400386621d4f, 96
1652702310.662492, sdrt-health/mac:02010b41cdec/antenna/tag/e28068940000500386620d4f, 90
1652702310.745313, sdrt-health/mac:02010b41cdec/antenna/tag/e2806894000040038661f94f, 94
1652702310.745692, sdrt-health/mac:02010b41cdec/antenna/tag/e2806894000050038661fd4f, 97
1652702310.774927, sdrt-health/mac:02010b41cdec/antenna/tag/e28068940000500386620d4f, 83
1652702310.844331, sdrt-health/mac:02010b41cdec/antenna/tag/e2806894000040038662114f, 93
1652702310.883093, sdrt-health/mac:02010b41cdec/antenna/tag/e2806894000050038662194f, 81
1652702310.92257, sdrt-health/mac:02010b41cdec/antenna/tag/e28068940000500386620d4f, 83
1652702311.001646, sdrt-health/mac:02010b41cdec/antenna/tag/e2806894000050038661fd4f, 97
1652702311.041918, sdrt-health/mac:02010b41cdec/antenna/tag/e28068940000400386621d4f, 96
1652702311.115994, sdrt-health/mac:02010b41cdec/antenna/tag/e28068940000500386620d4f, 83
1652702311.116244, sdrt-health/mac:02010b41cdec/antenna/tag/e2806894000050038661fd4f, 97
1652702311.144096, sdrt-health/mac:02010b41cdec/antenna/tag/e2806894000050038662154f, 93
1652702311.176142, sdrt-health/mac:02010b41cdec/antenna/tag/e2806894000040038662114f, 88
1652702311.176511, sdrt-health/mac:02010b41cdec/antenna/tag/e2806894000050038661fd4f, 97
1652702311.193241, sdrt-health/mac:02010b41cdec/antenna/tag/e2806894000050038661fd4f, 97
1652702311.221468, sdrt-health/mac:02010b41cdec/antenna/tag/e28068940000400386621d4f, 77
1652702311.221667, sdrt-health/mac:02010b41cdec/antenna/tag/e28068940000500386620d4f, 90
1652702311.236456, sdrt-health/mac:02010b41cdec/antenna/tag/e28068940000500386620d4f, 83
1652702311.281889, sdrt-health/mac:02010b41cdec/antenna/tag/e28068940000500386620d4f, 90
1652702311.322343, sdrt-health/mac:02010b41cdec/antenna/tag/e28068940000500386620d4f, 83
1652702311.380615, sdrt-health/mac:02010b41cdec/antenna/tag/e28068940000400386621d4f, 96
1652702311.433587, sdrt-health/mac:02010b41cdec/antenna/tag/e2806894000040038662114f, 85
1652702311.496358, sdrt-health/mac:02010b41cdec/antenna/tag/e2806894000050038661fd4f, 83
1652702311.555974, sdrt-health/mac:02010b41cdec/antenna/tag/e28068940000400386621d4f, 77
1652702311.556177, sdrt-health/mac:02010b41cdec/antenna/tag/e2806894000050038661fd4f, 83
1652702311.571216, sdrt-health/mac:02010b41cdec/antenna/tag/e28068940000500386620d4f, 90
1652702311.571482, sdrt-health/mac:02010b41cdec/antenna/tag/e2806894000050038662194f, 81
1652702311.592439, sdrt-health/mac:02010b41cdec/antenna/tag/e2806894000050038662194f, 94
1652702311.632802, sdrt-health/mac:02010b41cdec/antenna/tag/e2806894000040038662114f, 87
1652702311.682008, sdrt-health/mac:02010b41cdec/antenna/tag/e2806894000040038662114f, 85
1652702311.736241, sdrt-health/mac:02010b41cdec/antenna/tag/e28068940000400386621d4f, 77
1652702311.736581, sdrt-health/mac:02010b41cdec/antenna/tag/e2806894000040038662114f, 85
1652702311.761828, sdrt-health/mac:02010b41cdec/antenna/tag/e28068940000500386620d4f, 90
1652702311.815982, sdrt-health/mac:02010b41cdec/antenna/tag/e2806894000050038662194f, 88
1652702311.862496, sdrt-health/mac:02010b41cdec/antenna/tag/e28068940000500386620d4f, 90
1652702311.891777, sdrt-health/mac:02010b41cdec/antenna/tag/e28068940000400386621d4f, 77
1652702311.891953, sdrt-health/mac:02010b41cdec/antenna/tag/e2806894000040038662114f, 93
1652702311.913032, sdrt-health/mac:02010b41cdec/antenna/tag/e2806894000050038662014f, 88
1652702311.942401, sdrt-health/mac:02010b41cdec/antenna/tag/e2806894000050038661fd4f, 97
1652702311.942696, sdrt-health/mac:02010b41cdec/antenna/tag/e28068940000500386620d4f, 83
1652702311.957436, sdrt-health/mac:02010b41cdec/antenna/tag/e2806894000040038662114f, 88
1652702311.957689, sdrt-health/mac:02010b41cdec/antenna/tag/e2806894000050038662154f, 88
1652702312.00259, sdrt-health/mac:02010b41cdec/antenna/tag/e28068940000500386620d4f, 83
1652702312.043719, sdrt-health/mac:02010b41cdec/antenna/tag/e28068940000400386621d4f, 77
1652702312.098158, sdrt-health/mac:02010b41cdec/antenna/tag/e28068940000400386621d4f, 77
1652702312.098389, sdrt-health/mac:02010b41cdec/antenna/tag/e2806894000040038662114f, 85
1652702312.113479, sdrt-health/mac:02010b41cdec/antenna/tag/e28068940000500386620d4f, 90
1652702312.136261, sdrt-health/mac:02010b41cdec/antenna/tag/e2806894000050038662154f, 85
1652702312.181424, sdrt-health/mac:02010b41cdec/antenna/tag/e2806894000050038661fd4f, 91
1652702312.233835, sdrt-health/mac:02010b41cdec/antenna/tag/e28068940000400386621d4f, 96
1652702312.327316, sdrt-health/mac:02010b41cdec/antenna/tag/e28068940000500386620d4f, 83
1652702312.327716, sdrt-health/mac:02010b41cdec/antenna/tag/e2806894000050038662154f, 91
1652702312.351763, sdrt-health/mac:02010b41cdec/antenna/tag/e2806894000040038661f94f, 88
1652702312.402484, sdrt-health/mac:02010b41cdec/antenna/tag/e2806894000050038662154f, 85
1652702312.441303, sdrt-health/mac:02010b41cdec/antenna/tag/e2806894000040038661f94f, 81
1652702312.484517, sdrt-health/mac:02010b41cdec/antenna/tag/e2806894000050038662154f, 85
1652702312.539577, sdrt-health/mac:02010b41cdec/antenna/tag/e2806894000050038661fd4f, 83
1652702312.539898, sdrt-health/mac:02010b41cdec/antenna/tag/e2806894000050038661fd4f, 97
1652702312.561712, sdrt-health/mac:02010b41cdec/antenna/tag/e2806894000040038662114f, 85
1652702312.616754, sdrt-health/mac:02010b41cdec/antenna/tag/e2806894000040038661f94f, 88
1652702312.671905, sdrt-health/mac:02010b41cdec/antenna/tag/e28068940000500386620d4f, 83
1652702312.73785, sdrt-health/mac:02010b41cdec/antenna/tag/e2806894000040038662214f, 94
1652702312.738098, sdrt-health/mac:02010b41cdec/antenna/tag/e2806894000040038661f94f, 100
1652702312.753009, sdrt-health/mac:02010b41cdec/antenna/tag/e28068940000500386620d4f, 83
1652702312.753238, sdrt-health/mac:02010b41cdec/antenna/tag/e2806894000040038661f94f, 82
1652702312.778065, sdrt-health/mac:02010b41cdec/antenna/tag/e2806894000040038662114f, 85
1652702312.823519, sdrt-health/mac:02010b41cdec/antenna/tag/e28068940000500386620d4f, 83
1652702312.888664, sdrt-health/mac:02010b41cdec/antenna/tag/e28068940000500386620d4f, 83
1652702312.889073, sdrt-health/mac:02010b41cdec/antenna/tag/e2806894000050038662154f, 88
1652702312.971176, sdrt-health/mac:02010b41cdec/antenna/tag/e2806894000040038662114f, 88
1652702313.017225, sdrt-health/mac:02010b41cdec/antenna/tag/e2806894000050038662154f, 85
1652702313.086707, sdrt-health/mac:02010b41cdec/antenna/tag/e2806894000050038661fd4f, 97
1652702313.086972, sdrt-health/mac:02010b41cdec/antenna/tag/e2806894000050038661fd4f, 86
1652702313.112197, sdrt-health/mac:02010b41cdec/antenna/tag/e28068940000500386620d4f, 83
1652702313.14353, sdrt-health/mac:02010b41cdec/antenna/tag/e2806894000050038662194f, 94
1652702313.14382, sdrt-health/mac:02010b41cdec/antenna/tag/e2806894000050038662154f, 85
1652702313.193047, sdrt-health/mac:02010b41cdec/antenna/tag/e2806894000040038662214f, 84
1652702313.273044, sdrt-health/mac:02010b41cdec/antenna/tag/e2806894000050038662154f, 85
1652702313.312148, sdrt-health/mac:02010b41cdec/antenna/tag/e28068940000500386620d4f, 83
1652702313.362928, sdrt-health/mac:02010b41cdec/antenna/tag/e28068940000400386621d4f, 77
1652702313.418794, sdrt-health/mac:02010b41cdec/antenna/tag/e2806894000050038661fd4f, 83
1652702313.419067, sdrt-health/mac:02010b41cdec/antenna/tag/e28068940000400386621d4f, 96
1652702313.43389, sdrt-health/mac:02010b41cdec/antenna/tag/e2806894000050038661fd4f, 97
1652702313.441986, sdrt-health/mac:02010b41cdec/antenna/tag/e28068940000400386621d4f, 96
1652702313.449371, sdrt-health/mac:02010b41cdec/antenna/tag/e2806894000050038661fd4f, 97
1652702313.482158, sdrt-health/mac:02010b41cdec/antenna/tag/e28068940000500386620d4f, 83
1652702313.482469, sdrt-health/mac:02010b41cdec/antenna/tag/e2806894000040038662114f, 87
1652702313.522293, sdrt-health/mac:02010b41cdec/antenna/tag/e28068940000500386620d4f, 83
1652702313.57819, sdrt-health/mac:02010b41cdec/antenna/tag/e28068940000400386621d4f, 77
1652702313.578512, sdrt-health/mac:02010b41cdec/antenna/tag/e28068940000400386621d4f, 77
1652702313.622944, sdrt-health/mac:02010b41cdec/antenna/tag/e2806894000040038662214f, 88
1652702313.672439, sdrt-health/mac:02010b41cdec/antenna/tag/e2806894000040038661f94f, 81
1652702313.712377, sdrt-health/mac:02010b41cdec/antenna/tag/e2806894000050038661fd4f, 97
1652702313.779198, sdrt-health/mac:02010b41cdec/antenna/tag/e2806894000040038662114f, 93
1652702313.779507, sdrt-health/mac:02010b41cdec/antenna/tag/e28068940000400386621d4f, 77
1652702313.796111, sdrt-health/mac:02010b41cdec/antenna/tag/e2806894000050038661fd4f, 97
1652702313.802024, sdrt-health/mac:02010b41cdec/antenna/tag/e2806894000040038662114f, 85
1652702313.842656, sdrt-health/mac:02010b41cdec/antenna/tag/e2806894000050038661fd4f, 83
1652702313.843127, sdrt-health/mac:02010b41cdec/antenna/tag/e28068940000500386620d4f, 83
1652702313.884529, sdrt-health/mac:02010b41cdec/antenna/tag/e28068940000500386620d4f, 83
1652702313.92324, sdrt-health/mac:02010b41cdec/antenna/tag/e2806894000050038661fd4f, 86
1652702313.962487, sdrt-health/mac:02010b41cdec/antenna/tag/e28068940000500386620d4f, 90
1652702314.003074, sdrt-health/mac:02010b41cdec/antenna/tag/e28068940000400386621d4f, 77
1652702314.042023, sdrt-health/mac:02010b41cdec/antenna/tag/e28068940000400386621d4f, 96
1652702314.042467, sdrt-health/mac:02010b41cdec/antenna/tag/e2806894000040038662114f, 85
1652702314.115981, sdrt-health/mac:02010b41cdec/antenna/tag/e28068940000400386621d4f, 77
1652702314.116186, sdrt-health/mac:02010b41cdec/antenna/tag/e28068940000500386620d4f, 83
1652702314.171956, sdrt-health/mac:02010b41cdec/antenna/tag/e2806894000040038662114f, 85
1652702314.245305, sdrt-health/mac:02010b41cdec/antenna/tag/e28068940000400386621d4f, 96
1652702314.312964, sdrt-health/mac:02010b41cdec/antenna/tag/e2806894000050038662154f, 88
1652702314.370224, sdrt-health/mac:02010b41cdec/antenna/tag/e2806894000050038661fd4f, 83
1652702314.3706, sdrt-health/mac:02010b41cdec/antenna/tag/e2806894000050038662154f, 88
1652702314.386241, sdrt-health/mac:02010b41cdec/antenna/tag/e2806894000050038661fd4f, 97
1652702314.386559, sdrt-health/mac:02010b41cdec/antenna/tag/e28068940000500386620d4f, 83
1652702314.401484, sdrt-health/mac:02010b41cdec/antenna/tag/e28068940000400386621d4f, 96
1652702314.617164, sdrt-health/mac:02010b41cdec/antenna/tag/scan, scan stopped
