1652702878.158389, sdrt-health/mac:02010b41cdec/antenna/power/set, {"power": 290}
1652702879.232326, sdrt-health/mac:02010b41cdec/antenna/power/set, 
1652702883.181078, sdrt-health/mac:02010b41cdec/antenna/tag/scan, {"time": 20000}
1652702883.540372, sdrt-health/mac:02010b41cdec/antenna/tag/e2806894000040038662214f, 100
1652702883.612093, sdrt-health/mac:02010b41cdec/antenna/tag/e2806894000050038661fd4f, 83
1652702883.670403, sdrt-health/mac:02010b41cdec/antenna/tag/e2806894000040038662114f, 85
1652702883.711746, sdrt-health/mac:02010b41cdec/antenna/tag/e28068940000500386620d4f, 83
1652702883.776751, sdrt-health/mac:02010b41cdec/antenna/tag/e2806894000040038662114f, 85
1652702883.7775, sdrt-health/mac:02010b41cdec/antenna/tag/e28068940000500386620d4f, 83
1652702883.801037, sdrt-health/mac:02010b41cdec/antenna/tag/e2806894000050038662154f, 88
1652702883.856669, sdrt-health/mac:02010b41cdec/antenna/tag/e28068940000400386621d4f, 96
1652702883.857019, sdrt-health/mac:02010b41cdec/antenna/tag/e28068940000500386620d4f, 83
1652702883.911235, sdrt-health/mac:02010b41cdec/antenna/tag/e2806894000050038661fd4f, 97
1652702883.949884, sdrt-health/mac:02010b41cdec/antenna/tag/e28068940000500386620d4f, 83
1652702884.072084, sdrt-health/mac:02010b41cdec/antenna/tag/e28068940000400386621d4f, 77
1652702884.072629, sdrt-health/mac:02010b41cdec/antenna/tag/e2806894000040038662114f, 85
1652702884.110883, sdrt-health/mac:02010b41cdec/antenna/tag/e2806894000050038662154f, 85
1652702884.187431, sdrt-health/mac:02010b41cdec/antenna/tag/e2806894000050038662154f, 85
1652702884.187727, sdrt-health/mac:02010b41cdec/antenna/tag/e2806894000050038661fd4f, 83
1652702884.21543, sdrt-health/mac:02010b41cdec/antenna/tag/e2806894000050038662154f, 85
1652702884.246541, sdrt-health/mac:02010b41cdec/antenna/tag/e2806894000040038662114f, 88
1652702884.246847, sdrt-health/mac:02010b41cdec/antenna/tag/e2806894000050038662154f, 88
1652702884.26135, sdrt-health/mac:02010b41cdec/antenna/tag/e2806894000050038662154f, 85
1652702884.261628, sdrt-health/mac:02010b41cdec/antenna/tag/e2806894000040038662114f, 88
1652702884.312573, sdrt-health/mac:02010b41cdec/antenna/tag/e2806894000040038662114f, 88
1652702884.36718, sdrt-health/mac:02010b41cdec/antenna/tag/e2806894000050038661fd4f, 83
1652702884.367715, sdrt-health/mac:02010b41cdec/antenna/tag/e28068940000500386620d4f, 83
1652702884.400734, sdrt-health/mac:02010b41cdec/antenna/tag/e28068940000500386620d4f, 83
1652702884.432857, sdrt-health/mac:02010b41cdec/antenna/tag/e2806894000040038661f94f, 94
1652702884.433332, sdrt-health/mac:02010b41cdec/antenna/tag/e2806894000040038662214f, 83
1652702884.43372, sdrt-health/mac:02010b41cdec/antenna/tag/e2806894000040038662114f, 93
1652702884.45014, sdrt-health/mac:02010b41cdec/antenna/tag/e2806894000040038662114f, 93
1652702884.481107, sdrt-health/mac:02010b41cdec/antenna/tag/e2806894000040038662214f, 94
1652702884.520518, sdrt-health/mac:02010b41cdec/antenna/tag/e28068940000400386621d4f, 77
1652702884.555109, sdrt-health/mac:02010b41cdec/antenna/tag/e2806894000050038662154f, 85
1652702884.555442, sdrt-health/mac:02010b41cdec/antenna/tag/e2806894000050038661fd4f, 97
1652702884.571658, sdrt-health/mac:02010b41cdec/antenna/tag/e28068940000500386620d4f, 83
1652702884.571903, sdrt-health/mac:02010b41cdec/antenna/tag/e28068940000400386621d4f, 96
1652702884.600177, sdrt-health/mac:02010b41cdec/antenna/tag/e2806894000040038662114f, 83
1652702884.640373, sdrt-health/mac:02010b41cdec/antenna/tag/e2806894000040038662114f, 87
1652702884.698931, sdrt-health/mac:02010b41cdec/antenna/tag/e2806894000040038662114f, 85
1652702884.699381, sdrt-health/mac:02010b41cdec/antenna/tag/e2806894000050038662154f, 88
1652702884.715266, sdrt-health/mac:02010b41cdec/antenna/tag/e28068940000500386620d4f, 83
1652702884.742976, sdrt-health/mac:02010b41cdec/antenna/tag/e2806894000040038661f94f, 84
1652702884.801389, sdrt-health/mac:02010b41cdec/antenna/tag/e2806894000040038662114f, 93
1652702884.833919, sdrt-health/mac:02010b41cdec/antenna/tag/e28068940000500386620d4f, 90
1652702884.834399, sdrt-health/mac:02010b41cdec/antenna/tag/e28068940000500386620d4f, 90
1652702884.850066, sdrt-health/mac:02010b41cdec/antenna/tag/e2806894000040038662114f, 85
1652702884.850362, sdrt-health/mac:02010b41cdec/antenna/tag/e2806894000050038662154f, 85
1652702884.921913, sdrt-health/mac:02010b41cdec/antenna/tag/e28068940000400386621d4f, 96
1652702884.968901, sdrt-health/mac:02010b41cdec/antenna/tag/e2806894000050038661fd4f, 97
1652702885.031997, sdrt-health/mac:02010b41cdec/antenna/tag/e28068940000400386621d4f, 96
1652702885.032521, sdrt-health/mac:02010b41cdec/antenna/tag/e2806894000040038662114f, 85
1652702885.106567, sdrt-health/mac:02010b41cdec/antenna/tag/e28068940000500386620d4f, 83
1652702885.151321, sdrt-health/mac:02010b41cdec/antenna/tag/e28068940000500386620d4f, 83
1652702885.201386, sdrt-health/mac:02010b41cdec/antenna/tag/e2806894000050038661fd4f, 83
1652702885.273336, sdrt-health/mac:02010b41cdec/antenna/tag/e28068940000400386621d4f, 96
1652702885.273788, sdrt-health/mac:02010b41cdec/antenna/tag/e2806894000050038662154f, 85
1652702885.289142, sdrt-health/mac:02010b41cdec/antenna/tag/e28068940000400386621d4f, 96
1652702885.32056, sdrt-health/mac:02010b41cdec/antenna/tag/e2806894000050038662154f, 88
1652702885.320902, sdrt-health/mac:02010b41cdec/antenna/tag/e28068940000400386621d4f, 96
1652702885.321084, sdrt-health/mac:02010b41cdec/antenna/tag/e2806894000050038662154f, 93
1652702885.321257, sdrt-health/mac:02010b41cdec/antenna/tag/e2806894000050038661fd4f, 91
1652702885.352543, sdrt-health/mac:02010b41cdec/antenna/tag/e2806894000050038662154f, 85
1652702885.458413, sdrt-health/mac:02010b41cdec/antenna/tag/e2806894000050038661fd4f, 91
1652702885.45887, sdrt-health/mac:02010b41cdec/antenna/tag/e2806894000050038662154f, 85
1652702885.482098, sdrt-health/mac:02010b41cdec/antenna/tag/e2806894000050038662154f, 88
1652702885.560531, sdrt-health/mac:02010b41cdec/antenna/tag/e2806894000040038662114f, 85
1652702885.561065, sdrt-health/mac:02010b41cdec/antenna/tag/e2806894000040038662114f, 88
1652702885.590562, sdrt-health/mac:02010b41cdec/antenna/tag/e28068940000400386621d4f, 96
1652702885.591469, sdrt-health/mac:02010b41cdec/antenna/tag/e28068940000400386621d4f, 96
1652702885.630368, sdrt-health/mac:02010b41cdec/antenna/tag/e2806894000050038661fd4f, 83
1652702885.69921, sdrt-health/mac:02010b41cdec/antenna/tag/e2806894000040038662114f, 88
1652702885.699708, sdrt-health/mac:02010b41cdec/antenna/tag/e2806894000040038662114f, 87
1652702885.716114, sdrt-health/mac:02010b41cdec/antenna/tag/e2806894000050038661fd4f, 91
1652702885.720596, sdrt-health/mac:02010b41cdec/antenna/tag/e2806894000050038662154f, 85
1652702885.733122, sdrt-health/mac:02010b41cdec/antenna/tag/e2806894000040038662114f, 93
1652702885.77152, sdrt-health/mac:02010b41cdec/antenna/tag/e2806894000050038662154f, 93
1652702885.83104, sdrt-health/mac:02010b41cdec/antenna/tag/e28068940000500386620d4f, 83
1652702885.879289, sdrt-health/mac:02010b41cdec/antenna/tag/e2806894000050038662154f, 93
1652702885.95485, sdrt-health/mac:02010b41cdec/antenna/tag/e28068940000400386621d4f, 77
1652702885.955316, sdrt-health/mac:02010b41cdec/antenna/tag/e2806894000040038662114f, 93
1652702885.955649, sdrt-health/mac:02010b41cdec/antenna/tag/e28068940000500386620d4f, 83
1652702885.955965, sdrt-health/mac:02010b41cdec/antenna/tag/e2806894000050038661fd4f, 97
1652702885.987365, sdrt-health/mac:02010b41cdec/antenna/tag/e2806894000050038662154f, 88
1652702886.019873, sdrt-health/mac:02010b41cdec/antenna/tag/e28068940000500386620d4f, 80
1652702886.020164, sdrt-health/mac:02010b41cdec/antenna/tag/e2806894000040038662114f, 85
1652702886.020388, sdrt-health/mac:02010b41cdec/antenna/tag/e2806894000050038662154f, 88
1652702886.041072, sdrt-health/mac:02010b41cdec/antenna/tag/e2806894000050038661fd4f, 97
1652702886.106493, sdrt-health/mac:02010b41cdec/antenna/tag/e2806894000050038661fd4f, 97
1652702886.107065, sdrt-health/mac:02010b41cdec/antenna/tag/e2806894000050038661fd4f, 97
1652702886.122715, sdrt-health/mac:02010b41cdec/antenna/tag/e2806894000050038662154f, 85
1652702886.143894, sdrt-health/mac:02010b41cdec/antenna/tag/e28068940000500386620d4f, 83
1652702886.198434, sdrt-health/mac:02010b41cdec/antenna/tag/e2806894000040038662114f, 88
1652702886.199088, sdrt-health/mac:02010b41cdec/antenna/tag/e28068940000500386620d4f, 80
1652702886.213919, sdrt-health/mac:02010b41cdec/antenna/tag/e28068940000500386620d4f, 83
1652702886.245983, sdrt-health/mac:02010b41cdec/antenna/tag/e2806894000040038662114f, 88
1652702886.246288, sdrt-health/mac:02010b41cdec/antenna/tag/e28068940000500386620d4f, 83
1652702886.271119, sdrt-health/mac:02010b41cdec/antenna/tag/e2806894000050038661fd4f, 97
1652702886.319655, sdrt-health/mac:02010b41cdec/antenna/tag/e28068940000500386620d4f, 83
1652702886.376324, sdrt-health/mac:02010b41cdec/antenna/tag/e2806894000050038662194f, 97
1652702886.457454, sdrt-health/mac:02010b41cdec/antenna/tag/e2806894000050038661fd4f, 91
1652702886.457912, sdrt-health/mac:02010b41cdec/antenna/tag/e28068940000500386620d4f, 83
1652702886.481533, sdrt-health/mac:02010b41cdec/antenna/tag/e2806894000050038662154f, 85
1652702886.657094, sdrt-health/mac:02010b41cdec/antenna/tag/e2806894000050038661fd4f, 83
1652702886.65754, sdrt-health/mac:02010b41cdec/antenna/tag/e2806894000040038662114f, 93
1652702886.684114, sdrt-health/mac:02010b41cdec/antenna/tag/e28068940000500386620d4f, 83
1652702886.720603, sdrt-health/mac:02010b41cdec/antenna/tag/e2806894000050038661fd4f, 88
1652702886.761632, sdrt-health/mac:02010b41cdec/antenna/tag/e2806894000040038662114f, 85
1652702886.815614, sdrt-health/mac:02010b41cdec/antenna/tag/e2806894000050038662154f, 85
1652702886.816141, sdrt-health/mac:02010b41cdec/antenna/tag/e2806894000050038661fd4f, 91
1652702886.839912, sdrt-health/mac:02010b41cdec/antenna/tag/e2806894000050038661fd4f, 83
1652702886.891617, sdrt-health/mac:02010b41cdec/antenna/tag/e28068940000400386621d4f, 77
1652702886.923237, sdrt-health/mac:02010b41cdec/antenna/tag/e28068940000400386621d4f, 77
1652702886.923624, sdrt-health/mac:02010b41cdec/antenna/tag/e2806894000050038662154f, 93
1652702886.948505, sdrt-health/mac:02010b41cdec/antenna/tag/e2806894000050038662154f, 91
1652702887.008208, sdrt-health/mac:02010b41cdec/antenna/tag/e2806894000050038661fd4f, 97
1652702887.00871, sdrt-health/mac:02010b41cdec/antenna/tag/e2806894000040038662214f, 94
1652702887.040769, sdrt-health/mac:02010b41cdec/antenna/tag/e28068940000400386621d4f, 77
1652702887.099184, sdrt-health/mac:02010b41cdec/antenna/tag/e28068940000500386620d4f, 83
1652702887.099451, sdrt-health/mac:02010b41cdec/antenna/tag/e2806894000040038662114f, 85
1652702887.121328, sdrt-health/mac:02010b41cdec/antenna/tag/e2806894000050038661fd4f, 91
1652702887.175356, sdrt-health/mac:02010b41cdec/antenna/tag/e2806894000040038662114f, 85
1652702887.20896, sdrt-health/mac:02010b41cdec/antenna/tag/e2806894000050038662154f, 83
1652702887.209303, sdrt-health/mac:02010b41cdec/antenna/tag/e2806894000040038662114f, 85
1652702887.228822, sdrt-health/mac:02010b41cdec/antenna/tag/e2806894000040038662114f, 85
1652702887.28174, sdrt-health/mac:02010b41cdec/antenna/tag/e2806894000050038662154f, 85
1652702887.315087, sdrt-health/mac:02010b41cdec/antenna/tag/e28068940000400386621d4f, 77
1652702887.315697, sdrt-health/mac:02010b41cdec/antenna/tag/e2806894000040038662114f, 93
1652702887.316096, sdrt-health/mac:02010b41cdec/antenna/tag/e2806894000050038661fd4f, 91
1652702887.331459, sdrt-health/mac:02010b41cdec/antenna/tag/e28068940000400386621d4f, 77
1652702887.331712, sdrt-health/mac:02010b41cdec/antenna/tag/e2806894000050038662154f, 87
1652702887.361781, sdrt-health/mac:02010b41cdec/antenna/tag/e2806894000050038662154f, 91
1652702887.401781, sdrt-health/mac:02010b41cdec/antenna/tag/e2806894000050038662154f, 91
1652702887.44441, sdrt-health/mac:02010b41cdec/antenna/tag/e28068940000500386620d4f, 83
1652702887.476747, sdrt-health/mac:02010b41cdec/antenna/tag/e2806894000050038661fd4f, 83
1652702887.477055, sdrt-health/mac:02010b41cdec/antenna/tag/e2806894000050038662154f, 93
1652702887.493085, sdrt-health/mac:02010b41cdec/antenna/tag/e2806894000050038661fd4f, 88
1652702887.52911, sdrt-health/mac:02010b41cdec/antenna/tag/e2806894000050038662154f, 85
1652702887.614071, sdrt-health/mac:02010b41cdec/antenna/tag/e28068940000400386621d4f, 77
1652702887.614445, sdrt-health/mac:02010b41cdec/antenna/tag/e2806894000050038661fd4f, 91
1652702887.629328, sdrt-health/mac:02010b41cdec/antenna/tag/e2806894000050038661fd4f, 97
1652702887.629537, sdrt-health/mac:02010b41cdec/antenna/tag/e28068940000400386621d4f, 77
1652702887.640166, sdrt-health/mac:02010b41cdec/antenna/tag/e28068940000400386621d4f, 96
1652702887.644756, sdrt-health/mac:02010b41cdec/antenna/tag/e2806894000050038661fd4f, 97
1652702887.64496, sdrt-health/mac:02010b41cdec/antenna/tag/e2806894000050038661fd4f, 83
1652702887.681519, sdrt-health/mac:02010b41cdec/antenna/tag/e2806894000050038662154f, 88
1652702887.778547, sdrt-health/mac:02010b41cdec/antenna/tag/e28068940000500386620d4f, 83
1652702887.839728, sdrt-health/mac:02010b41cdec/antenna/tag/e2806894000050038662154f, 88
1652702887.898514, sdrt-health/mac:02010b41cdec/antenna/tag/e2806894000050038662154f, 85
1652702887.89874, sdrt-health/mac:02010b41cdec/antenna/tag/e2806894000050038662154f, 85
1652702887.924644, sdrt-health/mac:02010b41cdec/antenna/tag/e28068940000400386621d4f, 77
1652702887.961306, sdrt-health/mac:02010b41cdec/antenna/tag/e2806894000050038661fd4f, 91
1652702887.99186, sdrt-health/mac:02010b41cdec/antenna/tag/e2806894000050038662154f, 93
1652702887.992071, sdrt-health/mac:02010b41cdec/antenna/tag/e28068940000500386620d4f, 83
1652702888.010796, sdrt-health/mac:02010b41cdec/antenna/tag/e28068940000500386620d4f, 83
1652702888.09606, sdrt-health/mac:02010b41cdec/antenna/tag/e2806894000050038661fd4f, 83
1652702888.096282, sdrt-health/mac:02010b41cdec/antenna/tag/e28068940000500386620d4f, 83
1652702888.128251, sdrt-health/mac:02010b41cdec/antenna/tag/e2806894000040038662114f, 85
1652702888.163113, sdrt-health/mac:02010b41cdec/antenna/tag/e28068940000500386620d4f, 83
1652702888.229805, sdrt-health/mac:02010b41cdec/antenna/tag/e2806894000050038662154f, 88
1652702888.230055, sdrt-health/mac:02010b41cdec/antenna/tag/e28068940000500386620d4f, 83
1652702888.246965, sdrt-health/mac:02010b41cdec/antenna/tag/e2806894000050038662154f, 85
1652702888.24718, sdrt-health/mac:02010b41cdec/antenna/tag/e2806894000050038661fd4f, 83
1652702888.294237, sdrt-health/mac:02010b41cdec/antenna/tag/e28068940000400386621d4f, 96
1652702888.341164, sdrt-health/mac:02010b41cdec/antenna/tag/e28068940000500386620d4f, 90
1652702888.400279, sdrt-health/mac:02010b41cdec/antenna/tag/e28068940000400386621d4f, 77
1652702888.454058, sdrt-health/mac:02010b41cdec/antenna/tag/e2806894000040038662114f, 93
1652702888.454252, sdrt-health/mac:02010b41cdec/antenna/tag/e2806894000040038662114f, 85
1652702888.470121, sdrt-health/mac:02010b41cdec/antenna/tag/e28068940000400386621d4f, 96
1652702888.470351, sdrt-health/mac:02010b41cdec/antenna/tag/e2806894000050038662154f, 85
1652702888.48083, sdrt-health/mac:02010b41cdec/antenna/tag/e28068940000400386621d4f, 96
1652702888.488855, sdrt-health/mac:02010b41cdec/antenna/tag/e2806894000050038661fd4f, 88
1652702888.539807, sdrt-health/mac:02010b41cdec/antenna/tag/e2806894000050038662194f, 88
1652702888.580868, sdrt-health/mac:02010b41cdec/antenna/tag/e2806894000050038661fd4f, 91
1652702888.649393, sdrt-health/mac:02010b41cdec/antenna/tag/e28068940000400386621d4f, 77
1652702888.649647, sdrt-health/mac:02010b41cdec/antenna/tag/e28068940000400386621d4f, 77
1652702888.665166, sdrt-health/mac:02010b41cdec/antenna/tag/e2806894000050038662154f, 87
1652702888.744553, sdrt-health/mac:02010b41cdec/antenna/tag/e2806894000050038661fd4f, 88
1652702888.810386, sdrt-health/mac:02010b41cdec/antenna/tag/e28068940000500386620d4f, 90
1652702888.856127, sdrt-health/mac:02010b41cdec/antenna/tag/e28068940000500386620d4f, 90
1652702888.901913, sdrt-health/mac:02010b41cdec/antenna/tag/e2806894000050038661fd4f, 91
1652702888.966725, sdrt-health/mac:02010b41cdec/antenna/tag/e2806894000050038661fd4f, 83
1652702889.043727, sdrt-health/mac:02010b41cdec/antenna/tag/e2806894000050038662154f, 88
1652702889.075049, sdrt-health/mac:02010b41cdec/antenna/tag/e2806894000040038662114f, 85
1652702889.075848, sdrt-health/mac:02010b41cdec/antenna/tag/e2806894000050038661fd4f, 83
1652702889.076005, sdrt-health/mac:02010b41cdec/antenna/tag/e28068940000500386620d4f, 90
1652702889.095251, sdrt-health/mac:02010b41cdec/antenna/tag/e2806894000050038661fd4f, 83
1652702889.207487, sdrt-health/mac:02010b41cdec/antenna/tag/e28068940000500386620d4f, 83
1652702889.207994, sdrt-health/mac:02010b41cdec/antenna/tag/e2806894000050038662154f, 85
1652702889.254412, sdrt-health/mac:02010b41cdec/antenna/tag/e28068940000400386621d4f, 96
1652702889.301272, sdrt-health/mac:02010b41cdec/antenna/tag/e2806894000040038662114f, 88
1652702889.362136, sdrt-health/mac:02010b41cdec/antenna/tag/e2806894000040038662054f, 88
1652702889.415359, sdrt-health/mac:02010b41cdec/antenna/tag/e28068940000400386621d4f, 96
1652702889.415753, sdrt-health/mac:02010b41cdec/antenna/tag/e2806894000040038662114f, 85
1652702889.430617, sdrt-health/mac:02010b41cdec/antenna/tag/e28068940000500386620d4f, 83
1652702889.441345, sdrt-health/mac:02010b41cdec/antenna/tag/e28068940000500386620d4f, 90
1652702889.447578, sdrt-health/mac:02010b41cdec/antenna/tag/e2806894000050038662194f, 88
1652702889.4826, sdrt-health/mac:02010b41cdec/antenna/tag/e28068940000500386620d4f, 83
1652702889.519926, sdrt-health/mac:02010b41cdec/antenna/tag/e2806894000040038662114f, 85
1652702889.608871, sdrt-health/mac:02010b41cdec/antenna/tag/e28068940000400386621d4f, 77
1652702889.60932, sdrt-health/mac:02010b41cdec/antenna/tag/e2806894000040038662114f, 93
1652702889.631384, sdrt-health/mac:02010b41cdec/antenna/tag/e2806894000050038661fd4f, 97
1652702889.697291, sdrt-health/mac:02010b41cdec/antenna/tag/e2806894000040038662114f, 93
1652702889.697918, sdrt-health/mac:02010b41cdec/antenna/tag/e2806894000050038661fd4f, 97
1652702889.721069, sdrt-health/mac:02010b41cdec/antenna/tag/e2806894000040038662114f, 85
1652702889.753551, sdrt-health/mac:02010b41cdec/antenna/tag/e2806894000050038661fd4f, 97
1652702889.753864, sdrt-health/mac:02010b41cdec/antenna/tag/e28068940000500386620d4f, 83
1652702889.754131, sdrt-health/mac:02010b41cdec/antenna/tag/e2806894000050038662154f, 85
1652702889.770251, sdrt-health/mac:02010b41cdec/antenna/tag/e2806894000050038661fd4f, 97
1652702889.770475, sdrt-health/mac:02010b41cdec/antenna/tag/e28068940000500386620d4f, 83
1652702889.831627, sdrt-health/mac:02010b41cdec/antenna/tag/e28068940000400386621d4f, 96
1652702889.870318, sdrt-health/mac:02010b41cdec/antenna/tag/e2806894000050038661fd4f, 91
1652702889.920637, sdrt-health/mac:02010b41cdec/antenna/tag/e28068940000500386620d4f, 83
1652702890.010375, sdrt-health/mac:02010b41cdec/antenna/tag/e2806894000050038661fd4f, 97
1652702890.010852, sdrt-health/mac:02010b41cdec/antenna/tag/e28068940000400386621d4f, 96
1652702890.027865, sdrt-health/mac:02010b41cdec/antenna/tag/e2806894000050038662154f, 88
1652702890.040642, sdrt-health/mac:02010b41cdec/antenna/tag/e2806894000050038661fd4f, 83
1652702890.044743, sdrt-health/mac:02010b41cdec/antenna/tag/e28068940000500386620d4f, 83
1652702890.044969, sdrt-health/mac:02010b41cdec/antenna/tag/e2806894000040038662114f, 93
1652702890.045104, sdrt-health/mac:02010b41cdec/antenna/tag/e28068940000400386621d4f, 96
1652702890.081364, sdrt-health/mac:02010b41cdec/antenna/tag/e28068940000400386621d4f, 96
1652702890.120526, sdrt-health/mac:02010b41cdec/antenna/tag/e2806894000040038662114f, 85
1652702890.178887, sdrt-health/mac:02010b41cdec/antenna/tag/e28068940000400386621d4f, 96
1652702890.179092, sdrt-health/mac:02010b41cdec/antenna/tag/e2806894000050038661fd4f, 97
1652702890.195428, sdrt-health/mac:02010b41cdec/antenna/tag/e2806894000050038662154f, 88
1652702890.227457, sdrt-health/mac:02010b41cdec/antenna/tag/e2806894000040038662114f, 85
1652702890.227713, sdrt-health/mac:02010b41cdec/antenna/tag/e28068940000400386621d4f, 96
1652702890.249034, sdrt-health/mac:02010b41cdec/antenna/tag/e28068940000400386621d4f, 96
1652702890.305836, sdrt-health/mac:02010b41cdec/antenna/tag/e28068940000500386620d4f, 83
1652702890.358212, sdrt-health/mac:02010b41cdec/antenna/tag/e2806894000040038662114f, 85
1652702890.390278, sdrt-health/mac:02010b41cdec/antenna/tag/e2806894000040038661f94f, 81
1652702890.390537, sdrt-health/mac:02010b41cdec/antenna/tag/e2806894000040038662114f, 85
1652702890.405946, sdrt-health/mac:02010b41cdec/antenna/tag/e2806894000050038661fd4f, 97
1652702890.440747, sdrt-health/mac:02010b41cdec/antenna/tag/e28068940000400386621d4f, 77
1652702890.473476, sdrt-health/mac:02010b41cdec/antenna/tag/e28068940000500386620d4f, 83
1652702890.473777, sdrt-health/mac:02010b41cdec/antenna/tag/e2806894000040038661f94f, 81
1652702890.489424, sdrt-health/mac:02010b41cdec/antenna/tag/e2806894000050038662154f, 93
1652702890.489752, sdrt-health/mac:02010b41cdec/antenna/tag/e2806894000050038661fd4f, 97
1652702890.521732, sdrt-health/mac:02010b41cdec/antenna/tag/e2806894000040038662114f, 85
1652702890.571473, sdrt-health/mac:02010b41cdec/antenna/tag/e2806894000050038661fd4f, 97
1652702890.630525, sdrt-health/mac:02010b41cdec/antenna/tag/e2806894000050038661fd4f, 97
1652702890.630886, sdrt-health/mac:02010b41cdec/antenna/tag/e2806894000050038661fd4f, 97
1652702890.64546, sdrt-health/mac:02010b41cdec/antenna/tag/e28068940000400386621d4f, 96
1652702890.660585, sdrt-health/mac:02010b41cdec/antenna/tag/e2806894000040038662114f, 88
1652702890.725963, sdrt-health/mac:02010b41cdec/antenna/tag/e28068940000500386620d4f, 83
1652702890.726327, sdrt-health/mac:02010b41cdec/antenna/tag/e2806894000050038661fd4f, 83
1652702890.750346, sdrt-health/mac:02010b41cdec/antenna/tag/e2806894000050038661fd4f, 97
1652702890.80869, sdrt-health/mac:02010b41cdec/antenna/tag/e2806894000040038662114f, 91
1652702890.853989, sdrt-health/mac:02010b41cdec/antenna/tag/e28068940000500386620d4f, 90
1652702890.909327, sdrt-health/mac:02010b41cdec/antenna/tag/e28068940000500386620d4f, 83
1652702890.939998, sdrt-health/mac:02010b41cdec/antenna/tag/e2806894000050038662154f, 85
1652702890.940319, sdrt-health/mac:02010b41cdec/antenna/tag/e2806894000050038662154f, 85
1652702890.961416, sdrt-health/mac:02010b41cdec/antenna/tag/e2806894000040038661f94f, 88
1652702891.000995, sdrt-health/mac:02010b41cdec/antenna/tag/e28068940000500386620d4f, 80
1652702891.041051, sdrt-health/mac:02010b41cdec/antenna/tag/e2806894000050038661fd4f, 97
1652702891.080529, sdrt-health/mac:02010b41cdec/antenna/tag/e28068940000500386620d4f, 80
1652702891.145415, sdrt-health/mac:02010b41cdec/antenna/tag/e28068940000400386621d4f, 96
1652702891.145633, sdrt-health/mac:02010b41cdec/antenna/tag/e2806894000050038662154f, 85
1652702891.175392, sdrt-health/mac:02010b41cdec/antenna/tag/e28068940000500386620d4f, 83
1652702891.245125, sdrt-health/mac:02010b41cdec/antenna/tag/e2806894000050038661fd4f, 91
1652702891.245491, sdrt-health/mac:02010b41cdec/antenna/tag/e2806894000050038662154f, 88
1652702891.281761, sdrt-health/mac:02010b41cdec/antenna/tag/e2806894000040038661f94f, 88
1652702891.339126, sdrt-health/mac:02010b41cdec/antenna/tag/e2806894000040038662114f, 93
1652702891.33942, sdrt-health/mac:02010b41cdec/antenna/tag/e2806894000040038662114f, 93
1652702891.381669, sdrt-health/mac:02010b41cdec/antenna/tag/e28068940000500386620d4f, 83
1652702891.430656, sdrt-health/mac:02010b41cdec/antenna/tag/e2806894000050038661fd4f, 97
1652702891.461261, sdrt-health/mac:02010b41cdec/antenna/tag/e28068940000400386621d4f, 96
1652702891.461528, sdrt-health/mac:02010b41cdec/antenna/tag/e2806894000050038662154f, 88
1652702891.518757, sdrt-health/mac:02010b41cdec/antenna/tag/e28068940000500386620d4f, 83
1652702891.58513, sdrt-health/mac:02010b41cdec/antenna/tag/e2806894000050038661fd4f, 83
1652702891.616739, sdrt-health/mac:02010b41cdec/antenna/tag/e2806894000040038662114f, 85
1652702891.617152, sdrt-health/mac:02010b41cdec/antenna/tag/e28068940000500386620d4f, 83
1652702891.617367, sdrt-health/mac:02010b41cdec/antenna/tag/e2806894000050038662154f, 88
1652702891.641652, sdrt-health/mac:02010b41cdec/antenna/tag/e2806894000050038661fd4f, 83
1652702891.708612, sdrt-health/mac:02010b41cdec/antenna/tag/e28068940000500386620d4f, 83
1652702891.708917, sdrt-health/mac:02010b41cdec/antenna/tag/e28068940000500386620d4f, 83
1652702891.726417, sdrt-health/mac:02010b41cdec/antenna/tag/e2806894000050038662154f, 97
1652702891.726702, sdrt-health/mac:02010b41cdec/antenna/tag/e28068940000500386620d4f, 83
1652702891.735902, sdrt-health/mac:02010b41cdec/antenna/tag/e2806894000050038661fd4f, 97
1652702891.780981, sdrt-health/mac:02010b41cdec/antenna/tag/e2806894000050038661fd4f, 91
1652702891.832255, sdrt-health/mac:02010b41cdec/antenna/tag/e28068940000500386620d4f, 90
1652702891.867747, sdrt-health/mac:02010b41cdec/antenna/tag/e2806894000040038662114f, 85
1652702891.868052, sdrt-health/mac:02010b41cdec/antenna/tag/e28068940000400386621d4f, 96
1652702891.883737, sdrt-health/mac:02010b41cdec/antenna/tag/e2806894000050038662154f, 85
1652702891.92079, sdrt-health/mac:02010b41cdec/antenna/tag/e28068940000500386620d4f, 90
1652702891.964298, sdrt-health/mac:02010b41cdec/antenna/tag/e28068940000500386620d4f, 83
1652702892.017054, sdrt-health/mac:02010b41cdec/antenna/tag/e2806894000040038662114f, 85
1652702892.017337, sdrt-health/mac:02010b41cdec/antenna/tag/e28068940000400386621d4f, 96
1652702892.032404, sdrt-health/mac:02010b41cdec/antenna/tag/e2806894000050038661fd4f, 83
1652702892.041592, sdrt-health/mac:02010b41cdec/antenna/tag/e28068940000400386621d4f, 96
1652702892.048898, sdrt-health/mac:02010b41cdec/antenna/tag/e2806894000050038661fd4f, 83
1652702892.08557, sdrt-health/mac:02010b41cdec/antenna/tag/e2806894000050038662154f, 88
1652702892.121648, sdrt-health/mac:02010b41cdec/antenna/tag/e28068940000500386620d4f, 83
1652702892.178137, sdrt-health/mac:02010b41cdec/antenna/tag/e28068940000400386621d4f, 96
1652702892.178383, sdrt-health/mac:02010b41cdec/antenna/tag/e2806894000050038662154f, 88
1652702892.178587, sdrt-health/mac:02010b41cdec/antenna/tag/e28068940000400386621d4f, 77
1652702892.200564, sdrt-health/mac:02010b41cdec/antenna/tag/e28068940000400386621d4f, 77
1652702892.258116, sdrt-health/mac:02010b41cdec/antenna/tag/e2806894000050038662154f, 85
1652702892.258375, sdrt-health/mac:02010b41cdec/antenna/tag/e2806894000050038661fd4f, 91
1652702892.280365, sdrt-health/mac:02010b41cdec/antenna/tag/e2806894000040038662114f, 83
1652702892.322166, sdrt-health/mac:02010b41cdec/antenna/tag/e2806894000040038662114f, 93
1652702892.381075, sdrt-health/mac:02010b41cdec/antenna/tag/e28068940000400386621d4f, 77
1652702892.381363, sdrt-health/mac:02010b41cdec/antenna/tag/e2806894000050038662154f, 85
1652702892.39864, sdrt-health/mac:02010b41cdec/antenna/tag/e2806894000040038662114f, 93
1652702892.431986, sdrt-health/mac:02010b41cdec/antenna/tag/e28068940000400386621d4f, 77
1652702892.432177, sdrt-health/mac:02010b41cdec/antenna/tag/e28068940000400386621d4f, 77
1652702892.468511, sdrt-health/mac:02010b41cdec/antenna/tag/e28068940000400386621d4f, 96
1652702892.500825, sdrt-health/mac:02010b41cdec/antenna/tag/e2806894000040038662114f, 87
1652702892.501083, sdrt-health/mac:02010b41cdec/antenna/tag/e2806894000050038662154f, 85
1652702892.516538, sdrt-health/mac:02010b41cdec/antenna/tag/e28068940000500386620d4f, 83
1652702892.516779, sdrt-health/mac:02010b41cdec/antenna/tag/e2806894000050038662154f, 88
1652702892.516995, sdrt-health/mac:02010b41cdec/antenna/tag/e2806894000050038662154f, 85
1652702892.517166, sdrt-health/mac:02010b41cdec/antenna/tag/e2806894000040038662114f, 93
1652702892.569443, sdrt-health/mac:02010b41cdec/antenna/tag/e2806894000040038662114f, 85
1652702892.635187, sdrt-health/mac:02010b41cdec/antenna/tag/e2806894000050038662154f, 85
1652702892.635375, sdrt-health/mac:02010b41cdec/antenna/tag/e28068940000400386621d4f, 96
1652702892.6628, sdrt-health/mac:02010b41cdec/antenna/tag/e2806894000050038662154f, 85
1652702892.728232, sdrt-health/mac:02010b41cdec/antenna/tag/e2806894000050038662154f, 88
1652702892.728423, sdrt-health/mac:02010b41cdec/antenna/tag/e2806894000050038662154f, 85
1652702892.744918, sdrt-health/mac:02010b41cdec/antenna/tag/e2806894000040038662114f, 91
1652702892.758645, sdrt-health/mac:02010b41cdec/antenna/tag/e28068940000400386621d4f, 77
1652702892.792566, sdrt-health/mac:02010b41cdec/antenna/tag/e2806894000050038662154f, 85
1652702892.83314, sdrt-health/mac:02010b41cdec/antenna/tag/e2806894000050038662154f, 85
1652702892.897442, sdrt-health/mac:02010b41cdec/antenna/tag/e2806894000050038662194f, 82
1652702892.897889, sdrt-health/mac:02010b41cdec/antenna/tag/e28068940000400386621d4f, 77
1652702892.923356, sdrt-health/mac:02010b41cdec/antenna/tag/e28068940000400386621d4f, 77
1652702892.990703, sdrt-health/mac:02010b41cdec/antenna/tag/e2806894000050038662154f, 85
1652702893.04252, sdrt-health/mac:02010b41cdec/antenna/tag/e2806894000050038662154f, 85
1652702893.081236, sdrt-health/mac:02010b41cdec/antenna/tag/e2806894000050038662154f, 85
1652702893.140828, sdrt-health/mac:02010b41cdec/antenna/tag/e2806894000050038662154f, 88
1652702893.189912, sdrt-health/mac:02010b41cdec/antenna/tag/e28068940000500386620d4f, 90
1652702893.230975, sdrt-health/mac:02010b41cdec/antenna/tag/e2806894000040038662114f, 88
1652702893.274155, sdrt-health/mac:02010b41cdec/antenna/tag/e28068940000500386620d4f, 90
1652702893.274649, sdrt-health/mac:02010b41cdec/antenna/tag/e28068940000500386620d4f, 90
1652702893.292128, sdrt-health/mac:02010b41cdec/antenna/tag/e28068940000500386620d4f, 83
1652702893.370871, sdrt-health/mac:02010b41cdec/antenna/tag/e2806894000050038661fd4f, 91
1652702893.441252, sdrt-health/mac:02010b41cdec/antenna/tag/e2806894000050038662154f, 88
1652702893.498246, sdrt-health/mac:02010b41cdec/antenna/tag/e2806894000040038662114f, 85
1652702893.498694, sdrt-health/mac:02010b41cdec/antenna/tag/e2806894000040038662114f, 93
1652702893.512542, sdrt-health/mac:02010b41cdec/antenna/tag/e28068940000400386621d4f, 77
1652702893.52815, sdrt-health/mac:02010b41cdec/antenna/tag/e2806894000040038662114f, 87
1652702893.574234, sdrt-health/mac:02010b41cdec/antenna/tag/e28068940000400386621d4f, 77
1652702893.605714, sdrt-health/mac:02010b41cdec/antenna/tag/e2806894000050038661fd4f, 91
1652702893.606036, sdrt-health/mac:02010b41cdec/antenna/tag/e2806894000050038662154f, 93
1652702893.620657, sdrt-health/mac:02010b41cdec/antenna/tag/e28068940000500386620d4f, 83
1652702893.620852, sdrt-health/mac:02010b41cdec/antenna/tag/e2806894000040038662114f, 88
1652702893.620969, sdrt-health/mac:02010b41cdec/antenna/tag/e2806894000040038662114f, 85
1652702893.671204, sdrt-health/mac:02010b41cdec/antenna/tag/e2806894000050038661fd4f, 91
1652702893.734694, sdrt-health/mac:02010b41cdec/antenna/tag/e28068940000400386621d4f, 77
1652702893.780947, sdrt-health/mac:02010b41cdec/antenna/tag/e2806894000050038661fd4f, 91
1652702893.847925, sdrt-health/mac:02010b41cdec/antenna/tag/e28068940000500386620d4f, 83
1652702893.848417, sdrt-health/mac:02010b41cdec/antenna/tag/e28068940000500386620d4f, 83
1652702893.865985, sdrt-health/mac:02010b41cdec/antenna/tag/e2806894000050038661fd4f, 91
1652702893.871368, sdrt-health/mac:02010b41cdec/antenna/tag/e28068940000500386620d4f, 83
1652702893.884005, sdrt-health/mac:02010b41cdec/antenna/tag/e2806894000050038661fd4f, 83
1652702893.932185, sdrt-health/mac:02010b41cdec/antenna/tag/e2806894000040038662114f, 85
1652702894.010931, sdrt-health/mac:02010b41cdec/antenna/tag/e2806894000050038662154f, 93
1652702894.062496, sdrt-health/mac:02010b41cdec/antenna/tag/e2806894000050038662154f, 87
1652702894.117866, sdrt-health/mac:02010b41cdec/antenna/tag/e2806894000050038661fd4f, 91
1652702894.11837, sdrt-health/mac:02010b41cdec/antenna/tag/e2806894000040038662114f, 85
1652702894.133089, sdrt-health/mac:02010b41cdec/antenna/tag/e2806894000050038661fd4f, 91
1652702894.148945, sdrt-health/mac:02010b41cdec/antenna/tag/e2806894000050038661fd4f, 83
1652702894.149807, sdrt-health/mac:02010b41cdec/antenna/tag/e2806894000050038661fd4f, 83
1652702894.190339, sdrt-health/mac:02010b41cdec/antenna/tag/e28068940000500386620d4f, 83
1652702894.256507, sdrt-health/mac:02010b41cdec/antenna/tag/e2806894000040038662114f, 85
1652702894.257159, sdrt-health/mac:02010b41cdec/antenna/tag/e28068940000400386621d4f, 96
1652702894.273956, sdrt-health/mac:02010b41cdec/antenna/tag/e28068940000400386621d4f, 77
1652702894.281569, sdrt-health/mac:02010b41cdec/antenna/tag/e2806894000040038662114f, 88
1652702894.289304, sdrt-health/mac:02010b41cdec/antenna/tag/e28068940000500386620d4f, 83
1652702894.320185, sdrt-health/mac:02010b41cdec/antenna/tag/e28068940000400386621d4f, 96
1652702894.391165, sdrt-health/mac:02010b41cdec/antenna/tag/e28068940000500386620d4f, 83
1652702894.391671, sdrt-health/mac:02010b41cdec/antenna/tag/e28068940000500386620d4f, 83
1652702894.420976, sdrt-health/mac:02010b41cdec/antenna/tag/e2806894000050038662194f, 88
1652702894.474169, sdrt-health/mac:02010b41cdec/antenna/tag/e2806894000050038661fd4f, 91
1652702894.534269, sdrt-health/mac:02010b41cdec/antenna/tag/e28068940000500386620d4f, 83
1652702894.534764, sdrt-health/mac:02010b41cdec/antenna/tag/e28068940000500386620d4f, 83
1652702894.560892, sdrt-health/mac:02010b41cdec/antenna/tag/e2806894000050038662154f, 88
1652702894.597434, sdrt-health/mac:02010b41cdec/antenna/tag/e2806894000040038662114f, 93
1652702894.597943, sdrt-health/mac:02010b41cdec/antenna/tag/e28068940000500386620d4f, 83
1652702894.617969, sdrt-health/mac:02010b41cdec/antenna/tag/e2806894000050038662154f, 88
1652702894.660628, sdrt-health/mac:02010b41cdec/antenna/tag/e28068940000500386620d4f, 83
1652702894.727064, sdrt-health/mac:02010b41cdec/antenna/tag/e2806894000040038662114f, 85
1652702894.727462, sdrt-health/mac:02010b41cdec/antenna/tag/e28068940000500386620d4f, 83
1652702894.743008, sdrt-health/mac:02010b41cdec/antenna/tag/e28068940000400386621d4f, 96
1652702894.75062, sdrt-health/mac:02010b41cdec/antenna/tag/e2806894000050038662154f, 88
1652702894.760909, sdrt-health/mac:02010b41cdec/antenna/tag/e28068940000400386621d4f, 96
1652702894.800568, sdrt-health/mac:02010b41cdec/antenna/tag/e2806894000050038662154f, 85
1652702894.840347, sdrt-health/mac:02010b41cdec/antenna/tag/e2806894000050038662154f, 85
1652702894.900564, sdrt-health/mac:02010b41cdec/antenna/tag/e2806894000050038661fd4f, 91
1652702894.950645, sdrt-health/mac:02010b41cdec/antenna/tag/e2806894000050038662154f, 85
1652702895.006005, sdrt-health/mac:02010b41cdec/antenna/tag/e28068940000500386620d4f, 83
1652702895.006368, sdrt-health/mac:02010b41cdec/antenna/tag/e2806894000050038661fd4f, 91
1652702895.021511, sdrt-health/mac:02010b41cdec/antenna/tag/e28068940000500386620d4f, 90
1652702895.041093, sdrt-health/mac:02010b41cdec/antenna/tag/e2806894000040038662114f, 85
1652702895.082413, sdrt-health/mac:02010b41cdec/antenna/tag/e28068940000500386620d4f, 83
1652702895.116061, sdrt-health/mac:02010b41cdec/antenna/tag/e2806894000050038662194f, 84
1652702895.116472, sdrt-health/mac:02010b41cdec/antenna/tag/e28068940000400386621d4f, 77
1652702895.132361, sdrt-health/mac:02010b41cdec/antenna/tag/e2806894000050038662154f, 87
1652702895.161117, sdrt-health/mac:02010b41cdec/antenna/tag/e28068940000500386620d4f, 83
1652702895.200843, sdrt-health/mac:02010b41cdec/antenna/tag/e2806894000050038661fd4f, 91
1652702895.25825, sdrt-health/mac:02010b41cdec/antenna/tag/e2806894000050038662154f, 85
1652702895.258699, sdrt-health/mac:02010b41cdec/antenna/tag/e2806894000050038662154f, 88
1652702895.279952, sdrt-health/mac:02010b41cdec/antenna/tag/e2806894000040038662114f, 85
1652702895.320157, sdrt-health/mac:02010b41cdec/antenna/tag/e2806894000040038662054f, 82
1652702895.352721, sdrt-health/mac:02010b41cdec/antenna/tag/e28068940000500386620d4f, 90
1652702895.353035, sdrt-health/mac:02010b41cdec/antenna/tag/e2806894000050038662154f, 85
1652702895.370274, sdrt-health/mac:02010b41cdec/antenna/tag/e28068940000500386620d4f, 90
1652702895.414725, sdrt-health/mac:02010b41cdec/antenna/tag/e2806894000050038662154f, 88
1652702895.471902, sdrt-health/mac:02010b41cdec/antenna/tag/e28068940000400386621d4f, 96
1652702895.520968, sdrt-health/mac:02010b41cdec/antenna/tag/e2806894000040038662114f, 85
1652702895.560794, sdrt-health/mac:02010b41cdec/antenna/tag/e2806894000050038661fd4f, 97
1652702895.617427, sdrt-health/mac:02010b41cdec/antenna/tag/e2806894000050038662154f, 85
1652702895.617977, sdrt-health/mac:02010b41cdec/antenna/tag/e2806894000050038661fd4f, 83
1652702895.657538, sdrt-health/mac:02010b41cdec/antenna/tag/e2806894000040038662114f, 88
1652702895.716155, sdrt-health/mac:02010b41cdec/antenna/tag/e2806894000050038662154f, 85
1652702895.716553, sdrt-health/mac:02010b41cdec/antenna/tag/e2806894000050038662154f, 88
1652702895.750436, sdrt-health/mac:02010b41cdec/antenna/tag/e2806894000050038661fd4f, 83
1652702895.751391, sdrt-health/mac:02010b41cdec/antenna/tag/e28068940000500386620d4f, 83
1652702895.790158, sdrt-health/mac:02010b41cdec/antenna/tag/e2806894000050038661fd4f, 83
1652702895.858313, sdrt-health/mac:02010b41cdec/antenna/tag/e28068940000500386620d4f, 83
1652702895.858779, sdrt-health/mac:02010b41cdec/antenna/tag/e2806894000050038661fd4f, 97
1652702895.876096, sdrt-health/mac:02010b41cdec/antenna/tag/e28068940000500386620d4f, 83
1652702895.919088, sdrt-health/mac:02010b41cdec/antenna/tag/e28068940000400386621d4f, 96
1652702895.919369, sdrt-health/mac:02010b41cdec/antenna/tag/e28068940000500386620d4f, 83
1652702895.91952, sdrt-health/mac:02010b41cdec/antenna/tag/e2806894000050038661fd4f, 97
1652702895.935339, sdrt-health/mac:02010b41cdec/antenna/tag/e2806894000050038661fd4f, 91
1652702895.974583, sdrt-health/mac:02010b41cdec/antenna/tag/e2806894000050038662194f, 110
1652702895.974824, sdrt-health/mac:02010b41cdec/antenna/tag/e28068940000500386620d4f, 83
1652702896.02189, sdrt-health/mac:02010b41cdec/antenna/tag/e2806894000040038662114f, 85
1652702896.054082, sdrt-health/mac:02010b41cdec/antenna/tag/e28068940000400386621d4f, 77
1652702896.054343, sdrt-health/mac:02010b41cdec/antenna/tag/e2806894000050038661fd4f, 91
1652702896.081329, sdrt-health/mac:02010b41cdec/antenna/tag/e2806894000050038662154f, 85
1652702896.119954, sdrt-health/mac:02010b41cdec/antenna/tag/e28068940000500386620d4f, 83
1652702896.162086, sdrt-health/mac:02010b41cdec/antenna/tag/e2806894000050038662154f, 85
1652702896.195384, sdrt-health/mac:02010b41cdec/antenna/tag/e28068940000500386620d4f, 80
1652702896.195669, sdrt-health/mac:02010b41cdec/antenna/tag/e28068940000400386621d4f, 77
1652702896.213008, sdrt-health/mac:02010b41cdec/antenna/tag/e28068940000400386621d4f, 96
1652702896.241916, sdrt-health/mac:02010b41cdec/antenna/tag/e2806894000050038661fd4f, 97
1652702896.275757, sdrt-health/mac:02010b41cdec/antenna/tag/e2806894000040038662114f, 91
1652702896.276105, sdrt-health/mac:02010b41cdec/antenna/tag/e2806894000050038662154f, 85
1652702896.292468, sdrt-health/mac:02010b41cdec/antenna/tag/e28068940000400386621d4f, 96
1652702896.292687, sdrt-health/mac:02010b41cdec/antenna/tag/e2806894000050038661fd4f, 97
1652702896.292803, sdrt-health/mac:02010b41cdec/antenna/tag/e28068940000400386621d4f, 96
1652702896.321782, sdrt-health/mac:02010b41cdec/antenna/tag/e2806894000050038662154f, 85
1652702896.360407, sdrt-health/mac:02010b41cdec/antenna/tag/e2806894000050038661fd4f, 88
1652702896.401129, sdrt-health/mac:02010b41cdec/antenna/tag/e28068940000500386620d4f, 83
1652702896.49883, sdrt-health/mac:02010b41cdec/antenna/tag/e2806894000050038661fd4f, 91
1652702896.499358, sdrt-health/mac:02010b41cdec/antenna/tag/e2806894000050038662154f, 85
1652702896.520374, sdrt-health/mac:02010b41cdec/antenna/tag/e28068940000500386620d4f, 90
1652702896.57758, sdrt-health/mac:02010b41cdec/antenna/tag/e2806894000050038661fd4f, 83
1652702896.578081, sdrt-health/mac:02010b41cdec/antenna/tag/e2806894000040038662114f, 85
1652702896.599756, sdrt-health/mac:02010b41cdec/antenna/tag/e28068940000500386620d4f, 83
1652702896.641435, sdrt-health/mac:02010b41cdec/antenna/tag/e2806894000050038661fd4f, 83
1652702896.712933, sdrt-health/mac:02010b41cdec/antenna/tag/e2806894000040038662114f, 85
1652702896.713391, sdrt-health/mac:02010b41cdec/antenna/tag/e2806894000050038662154f, 85
1652702896.740818, sdrt-health/mac:02010b41cdec/antenna/tag/e2806894000040038662114f, 85
1652702896.79039, sdrt-health/mac:02010b41cdec/antenna/tag/e2806894000050038662154f, 93
1652702896.848543, sdrt-health/mac:02010b41cdec/antenna/tag/e28068940000500386620d4f, 83
1652702896.848785, sdrt-health/mac:02010b41cdec/antenna/tag/e2806894000050038662154f, 88
1652702896.880949, sdrt-health/mac:02010b41cdec/antenna/tag/e2806894000050038662154f, 85
1652702896.915221, sdrt-health/mac:02010b41cdec/antenna/tag/e2806894000040038662214f, 81
1652702896.91567, sdrt-health/mac:02010b41cdec/antenna/tag/e2806894000040038661f94f, 94
1652702896.915924, sdrt-health/mac:02010b41cdec/antenna/tag/e28068940000500386620d4f, 90
1652702896.931984, sdrt-health/mac:02010b41cdec/antenna/tag/e2806894000040038662214f, 84
1652702896.960244, sdrt-health/mac:02010b41cdec/antenna/tag/e28068940000500386620d4f, 83
1652702897.001009, sdrt-health/mac:02010b41cdec/antenna/tag/e2806894000050038661fd4f, 97
1652702897.035549, sdrt-health/mac:02010b41cdec/antenna/tag/e28068940000400386621d4f, 96
1652702897.0358, sdrt-health/mac:02010b41cdec/antenna/tag/e2806894000050038662154f, 85
1652702897.051488, sdrt-health/mac:02010b41cdec/antenna/tag/e2806894000050038662154f, 88
1652702897.051868, sdrt-health/mac:02010b41cdec/antenna/tag/e28068940000400386621d4f, 96
1652702897.094129, sdrt-health/mac:02010b41cdec/antenna/tag/e2806894000050038661fd4f, 97
1652702897.157419, sdrt-health/mac:02010b41cdec/antenna/tag/e28068940000500386620d4f, 83
1652702897.157887, sdrt-health/mac:02010b41cdec/antenna/tag/e28068940000500386620d4f, 83
1652702897.173846, sdrt-health/mac:02010b41cdec/antenna/tag/e28068940000500386620d4f, 83
1652702897.191817, sdrt-health/mac:02010b41cdec/antenna/tag/e2806894000050038662154f, 88
1652702897.231465, sdrt-health/mac:02010b41cdec/antenna/tag/e28068940000400386621d4f, 96
1652702897.298077, sdrt-health/mac:02010b41cdec/antenna/tag/e28068940000400386621d4f, 96
1652702897.298621, sdrt-health/mac:02010b41cdec/antenna/tag/e2806894000050038662154f, 88
1652702897.315481, sdrt-health/mac:02010b41cdec/antenna/tag/e28068940000400386621d4f, 96
1652702897.321155, sdrt-health/mac:02010b41cdec/antenna/tag/e2806894000050038661fd4f, 83
1652702897.361352, sdrt-health/mac:02010b41cdec/antenna/tag/e28068940000400386621d4f, 77
1652702897.401741, sdrt-health/mac:02010b41cdec/antenna/tag/e28068940000500386620d4f, 83
1652702897.441616, sdrt-health/mac:02010b41cdec/antenna/tag/e2806894000040038662214f, 94
1652702897.481595, sdrt-health/mac:02010b41cdec/antenna/tag/e2806894000040038662114f, 93
1652702897.52162, sdrt-health/mac:02010b41cdec/antenna/tag/e28068940000400386621d4f, 77
1652702897.578971, sdrt-health/mac:02010b41cdec/antenna/tag/e2806894000050038662154f, 88
1652702897.579528, sdrt-health/mac:02010b41cdec/antenna/tag/e28068940000400386621d4f, 77
1652702897.602612, sdrt-health/mac:02010b41cdec/antenna/tag/e28068940000400386621d4f, 77
1652702897.641798, sdrt-health/mac:02010b41cdec/antenna/tag/e2806894000040038662114f, 93
1652702897.68177, sdrt-health/mac:02010b41cdec/antenna/tag/e28068940000400386621d4f, 96
1652702897.740756, sdrt-health/mac:02010b41cdec/antenna/tag/e2806894000050038662154f, 85
1652702897.741225, sdrt-health/mac:02010b41cdec/antenna/tag/e2806894000050038662154f, 88
1652702897.761707, sdrt-health/mac:02010b41cdec/antenna/tag/e2806894000050038662154f, 85
1652702897.817228, sdrt-health/mac:02010b41cdec/antenna/tag/e2806894000040038662114f, 85
1652702897.817679, sdrt-health/mac:02010b41cdec/antenna/tag/e2806894000050038661fd4f, 91
1652702897.833486, sdrt-health/mac:02010b41cdec/antenna/tag/e2806894000040038661f94f, 84
1652702897.83373, sdrt-health/mac:02010b41cdec/antenna/tag/e2806894000050038662154f, 93
1652702897.841107, sdrt-health/mac:02010b41cdec/antenna/tag/e28068940000400386621d4f, 77
1652702897.881381, sdrt-health/mac:02010b41cdec/antenna/tag/e2806894000040038662114f, 93
1652702897.92252, sdrt-health/mac:02010b41cdec/antenna/tag/e2806894000050038662154f, 85
1652702897.977109, sdrt-health/mac:02010b41cdec/antenna/tag/e28068940000500386620d4f, 80
1652702898.040401, sdrt-health/mac:02010b41cdec/antenna/tag/e2806894000050038661fd4f, 97
1652702898.040903, sdrt-health/mac:02010b41cdec/antenna/tag/e2806894000050038661fd4f, 83
1652702898.072357, sdrt-health/mac:02010b41cdec/antenna/tag/e28068940000500386620d4f, 83
1652702898.129497, sdrt-health/mac:02010b41cdec/antenna/tag/e28068940000500386620d4f, 83
1652702898.12998, sdrt-health/mac:02010b41cdec/antenna/tag/e2806894000050038661fd4f, 97
1652702898.146547, sdrt-health/mac:02010b41cdec/antenna/tag/e2806894000050038662154f, 88
1652702898.171752, sdrt-health/mac:02010b41cdec/antenna/tag/e28068940000500386620d4f, 83
1652702898.214768, sdrt-health/mac:02010b41cdec/antenna/tag/e2806894000040038662114f, 85
1652702898.298961, sdrt-health/mac:02010b41cdec/antenna/tag/e2806894000050038661fd4f, 83
1652702898.299421, sdrt-health/mac:02010b41cdec/antenna/tag/e2806894000040038662114f, 85
1652702898.320456, sdrt-health/mac:02010b41cdec/antenna/tag/e28068940000500386620d4f, 83
1652702898.382265, sdrt-health/mac:02010b41cdec/antenna/tag/e2806894000050038662154f, 87
1652702898.382841, sdrt-health/mac:02010b41cdec/antenna/tag/e28068940000400386621d4f, 77
1652702898.4034, sdrt-health/mac:02010b41cdec/antenna/tag/e28068940000400386621d4f, 96
1652702898.442072, sdrt-health/mac:02010b41cdec/antenna/tag/e2806894000050038661fd4f, 83
1652702898.482296, sdrt-health/mac:02010b41cdec/antenna/tag/e2806894000050038662154f, 88
1652702898.557804, sdrt-health/mac:02010b41cdec/antenna/tag/e2806894000040038662114f, 85
1652702898.558305, sdrt-health/mac:02010b41cdec/antenna/tag/e2806894000050038661fd4f, 83
1652702898.582749, sdrt-health/mac:02010b41cdec/antenna/tag/e2806894000050038661fd4f, 83
1652702898.617501, sdrt-health/mac:02010b41cdec/antenna/tag/e28068940000500386620d4f, 83
1652702898.618065, sdrt-health/mac:02010b41cdec/antenna/tag/e2806894000050038661fd4f, 83
1652702898.61853, sdrt-health/mac:02010b41cdec/antenna/tag/e2806894000050038661fd4f, 83
1652702898.634803, sdrt-health/mac:02010b41cdec/antenna/tag/e28068940000500386620d4f, 83
1652702898.635462, sdrt-health/mac:02010b41cdec/antenna/tag/e2806894000050038661fd4f, 97
1652702898.670781, sdrt-health/mac:02010b41cdec/antenna/tag/e2806894000050038661fd4f, 91
1652702898.721905, sdrt-health/mac:02010b41cdec/antenna/tag/e2806894000040038662114f, 93
1652702898.793416, sdrt-health/mac:02010b41cdec/antenna/tag/e2806894000050038662154f, 93
1652702898.793979, sdrt-health/mac:02010b41cdec/antenna/tag/e2806894000050038661fd4f, 91
1652702898.810028, sdrt-health/mac:02010b41cdec/antenna/tag/e2806894000050038662154f, 93
1652702898.821489, sdrt-health/mac:02010b41cdec/antenna/tag/e2806894000050038662154f, 93
1652702898.826717, sdrt-health/mac:02010b41cdec/antenna/tag/e2806894000050038662154f, 93
1652702898.826958, sdrt-health/mac:02010b41cdec/antenna/tag/e28068940000500386620d4f, 90
1652702898.881322, sdrt-health/mac:02010b41cdec/antenna/tag/e2806894000050038661fd4f, 88
1652702898.95034, sdrt-health/mac:02010b41cdec/antenna/tag/e2806894000050038661fd4f, 88
1652702898.950871, sdrt-health/mac:02010b41cdec/antenna/tag/e28068940000400386621d4f, 77
1652702898.98204, sdrt-health/mac:02010b41cdec/antenna/tag/e2806894000050038662154f, 85
1652702899.051141, sdrt-health/mac:02010b41cdec/antenna/tag/e2806894000040038662114f, 87
1652702899.051619, sdrt-health/mac:02010b41cdec/antenna/tag/e28068940000400386621d4f, 96
1652702899.080778, sdrt-health/mac:02010b41cdec/antenna/tag/e2806894000050038662154f, 85
1652702899.114032, sdrt-health/mac:02010b41cdec/antenna/tag/e28068940000400386621d4f, 96
1652702899.114493, sdrt-health/mac:02010b41cdec/antenna/tag/e28068940000500386620d4f, 83
1652702899.114813, sdrt-health/mac:02010b41cdec/antenna/tag/e2806894000050038662154f, 85
1652702899.129804, sdrt-health/mac:02010b41cdec/antenna/tag/e28068940000400386621d4f, 96
1652702899.177615, sdrt-health/mac:02010b41cdec/antenna/tag/e28068940000500386620d4f, 83
1652702899.220302, sdrt-health/mac:02010b41cdec/antenna/tag/e28068940000500386620d4f, 83
1652702899.273461, sdrt-health/mac:02010b41cdec/antenna/tag/e2806894000050038661fd4f, 97
1652702899.307599, sdrt-health/mac:02010b41cdec/antenna/tag/e28068940000400386621d4f, 96
1652702899.307883, sdrt-health/mac:02010b41cdec/antenna/tag/e28068940000500386620d4f, 83
1652702899.335595, sdrt-health/mac:02010b41cdec/antenna/tag/e2806894000050038662154f, 93
1652702899.389409, sdrt-health/mac:02010b41cdec/antenna/tag/e2806894000040038662114f, 85
1652702899.452026, sdrt-health/mac:02010b41cdec/antenna/tag/e28068940000400386621d4f, 77
1652702899.527758, sdrt-health/mac:02010b41cdec/antenna/tag/e28068940000400386621d4f, 77
1652702899.528264, sdrt-health/mac:02010b41cdec/antenna/tag/e2806894000050038662194f, 87
1652702899.5442, sdrt-health/mac:02010b41cdec/antenna/tag/e2806894000040038662114f, 88
1652702899.591736, sdrt-health/mac:02010b41cdec/antenna/tag/e28068940000400386621d4f, 96
1652702899.632614, sdrt-health/mac:02010b41cdec/antenna/tag/e28068940000500386620d4f, 90
1652702899.698583, sdrt-health/mac:02010b41cdec/antenna/tag/e2806894000050038662154f, 85
1652702899.699129, sdrt-health/mac:02010b41cdec/antenna/tag/e28068940000400386621d4f, 96
1652702899.715653, sdrt-health/mac:02010b41cdec/antenna/tag/e2806894000040038662114f, 88
1652702899.73634, sdrt-health/mac:02010b41cdec/antenna/tag/e28068940000400386621d4f, 96
1652702899.768258, sdrt-health/mac:02010b41cdec/antenna/tag/e2806894000040038662114f, 85
1652702899.768641, sdrt-health/mac:02010b41cdec/antenna/tag/e28068940000500386620d4f, 90
1652702899.784261, sdrt-health/mac:02010b41cdec/antenna/tag/e28068940000400386621d4f, 77
1652702899.784683, sdrt-health/mac:02010b41cdec/antenna/tag/e2806894000050038662154f, 85
1652702899.785038, sdrt-health/mac:02010b41cdec/antenna/tag/e2806894000040038662114f, 87
1652702899.831688, sdrt-health/mac:02010b41cdec/antenna/tag/e28068940000400386621d4f, 96
1652702899.895792, sdrt-health/mac:02010b41cdec/antenna/tag/e2806894000050038661fd4f, 83
1652702899.974822, sdrt-health/mac:02010b41cdec/antenna/tag/e28068940000400386621d4f, 77
1652702900.056581, sdrt-health/mac:02010b41cdec/antenna/tag/e2806894000040038662114f, 93
1652702900.113772, sdrt-health/mac:02010b41cdec/antenna/tag/e28068940000500386620d4f, 90
1652702900.161409, sdrt-health/mac:02010b41cdec/antenna/tag/e2806894000050038661fd4f, 91
1652702900.260472, sdrt-health/mac:02010b41cdec/antenna/tag/e2806894000050038662154f, 85
1652702900.310804, sdrt-health/mac:02010b41cdec/antenna/tag/e2806894000050038662154f, 85
1652702900.350095, sdrt-health/mac:02010b41cdec/antenna/tag/e2806894000050038662154f, 88
1652702900.400622, sdrt-health/mac:02010b41cdec/antenna/tag/e2806894000050038662154f, 93
1652702900.440503, sdrt-health/mac:02010b41cdec/antenna/tag/e28068940000500386620d4f, 90
1652702900.482698, sdrt-health/mac:02010b41cdec/antenna/tag/e28068940000500386620d4f, 83
1652702900.521628, sdrt-health/mac:02010b41cdec/antenna/tag/e28068940000400386621d4f, 77
1652702900.559811, sdrt-health/mac:02010b41cdec/antenna/tag/e2806894000050038662154f, 87
1652702900.601348, sdrt-health/mac:02010b41cdec/antenna/tag/e2806894000050038662154f, 88
1652702900.640526, sdrt-health/mac:02010b41cdec/antenna/tag/e28068940000500386620d4f, 90
1652702900.696309, sdrt-health/mac:02010b41cdec/antenna/tag/e28068940000400386621d4f, 96
1652702900.751888, sdrt-health/mac:02010b41cdec/antenna/tag/e28068940000500386620d4f, 83
1652702900.783202, sdrt-health/mac:02010b41cdec/antenna/tag/e2806894000050038661fd4f, 83
1652702900.783581, sdrt-health/mac:02010b41cdec/antenna/tag/e28068940000500386620d4f, 83
1652702900.812609, sdrt-health/mac:02010b41cdec/antenna/tag/e2806894000050038661fd4f, 83
1652702900.845945, sdrt-health/mac:02010b41cdec/antenna/tag/e2806894000050038661fd4f, 83
1652702900.846245, sdrt-health/mac:02010b41cdec/antenna/tag/e2806894000040038662114f, 85
1652702900.861098, sdrt-health/mac:02010b41cdec/antenna/tag/e28068940000400386621d4f, 96
1652702900.861532, sdrt-health/mac:02010b41cdec/antenna/tag/e2806894000050038662154f, 88
1652702900.900721, sdrt-health/mac:02010b41cdec/antenna/tag/e2806894000050038661fd4f, 91
1652702900.958621, sdrt-health/mac:02010b41cdec/antenna/tag/e28068940000500386620d4f, 80
1652702901.018631, sdrt-health/mac:02010b41cdec/antenna/tag/e2806894000040038662114f, 93
1652702901.019037, sdrt-health/mac:02010b41cdec/antenna/tag/e2806894000050038661fd4f, 91
1652702901.06113, sdrt-health/mac:02010b41cdec/antenna/tag/e2806894000050038662154f, 88
1652702901.110934, sdrt-health/mac:02010b41cdec/antenna/tag/e2806894000040038662114f, 85
1652702901.193026, sdrt-health/mac:02010b41cdec/antenna/tag/e28068940000400386621d4f, 96
1652702901.193563, sdrt-health/mac:02010b41cdec/antenna/tag/e28068940000400386621d4f, 96
1652702901.211201, sdrt-health/mac:02010b41cdec/antenna/tag/e2806894000040038662114f, 85
1652702901.221286, sdrt-health/mac:02010b41cdec/antenna/tag/e28068940000500386620d4f, 83
1652702901.228275, sdrt-health/mac:02010b41cdec/antenna/tag/e2806894000040038662114f, 88
1652702901.228567, sdrt-health/mac:02010b41cdec/antenna/tag/e2806894000050038662154f, 85
1652702901.290752, sdrt-health/mac:02010b41cdec/antenna/tag/e2806894000050038661fd4f, 97
1652702901.335608, sdrt-health/mac:02010b41cdec/antenna/tag/e2806894000050038662154f, 85
1652702901.381203, sdrt-health/mac:02010b41cdec/antenna/tag/e28068940000500386620d4f, 83
1652702901.431323, sdrt-health/mac:02010b41cdec/antenna/tag/e2806894000040038662114f, 85
1652702901.431883, sdrt-health/mac:02010b41cdec/antenna/tag/e2806894000040038662114f, 85
1652702901.470858, sdrt-health/mac:02010b41cdec/antenna/tag/e28068940000400386621d4f, 96
1652702901.537344, sdrt-health/mac:02010b41cdec/antenna/tag/e2806894000050038662154f, 85
1652702901.537917, sdrt-health/mac:02010b41cdec/antenna/tag/e28068940000400386621d4f, 96
1652702901.56116, sdrt-health/mac:02010b41cdec/antenna/tag/e28068940000400386621d4f, 77
1652702901.596367, sdrt-health/mac:02010b41cdec/antenna/tag/e2806894000050038662154f, 88
1652702901.596691, sdrt-health/mac:02010b41cdec/antenna/tag/e2806894000050038662194f, 82
1652702901.596936, sdrt-health/mac:02010b41cdec/antenna/tag/e28068940000500386620d4f, 90
1652702901.614286, sdrt-health/mac:02010b41cdec/antenna/tag/e2806894000050038662194f, 84
1652702901.61481, sdrt-health/mac:02010b41cdec/antenna/tag/e2806894000050038661fd4f, 97
1652702901.655031, sdrt-health/mac:02010b41cdec/antenna/tag/e28068940000400386621d4f, 96
1652702901.710345, sdrt-health/mac:02010b41cdec/antenna/tag/e28068940000500386620d4f, 83
1652702901.786344, sdrt-health/mac:02010b41cdec/antenna/tag/e28068940000500386620d4f, 83
1652702901.786799, sdrt-health/mac:02010b41cdec/antenna/tag/e2806894000040038662114f, 85
1652702901.828331, sdrt-health/mac:02010b41cdec/antenna/tag/e2806894000050038661fd4f, 91
1652702901.862358, sdrt-health/mac:02010b41cdec/antenna/tag/e2806894000050038662154f, 85
1652702901.862635, sdrt-health/mac:02010b41cdec/antenna/tag/e2806894000050038661fd4f, 91
1652702901.87856, sdrt-health/mac:02010b41cdec/antenna/tag/e2806894000040038662114f, 85
1652702901.878788, sdrt-health/mac:02010b41cdec/antenna/tag/e2806894000040038662114f, 85
1652702901.929222, sdrt-health/mac:02010b41cdec/antenna/tag/e2806894000040038662114f, 93
1652702901.991465, sdrt-health/mac:02010b41cdec/antenna/tag/e28068940000400386621d4f, 96
1652702902.025304, sdrt-health/mac:02010b41cdec/antenna/tag/e28068940000500386620d4f, 90
1652702902.025639, sdrt-health/mac:02010b41cdec/antenna/tag/e2806894000050038661fd4f, 83
1652702902.055005, sdrt-health/mac:02010b41cdec/antenna/tag/e28068940000500386620d4f, 83
1652702902.101478, sdrt-health/mac:02010b41cdec/antenna/tag/e2806894000050038662154f, 88
1652702902.151321, sdrt-health/mac:02010b41cdec/antenna/tag/e2806894000050038661fd4f, 97
1652702902.191783, sdrt-health/mac:02010b41cdec/antenna/tag/e2806894000050038662154f, 88
1652702902.257616, sdrt-health/mac:02010b41cdec/antenna/tag/e2806894000050038661fd4f, 83
1652702902.25808, sdrt-health/mac:02010b41cdec/antenna/tag/e28068940000500386620d4f, 90
1652702902.280895, sdrt-health/mac:02010b41cdec/antenna/tag/e2806894000040038662114f, 85
1652702902.320115, sdrt-health/mac:02010b41cdec/antenna/tag/e2806894000050038661fd4f, 91
1652702902.361228, sdrt-health/mac:02010b41cdec/antenna/tag/e28068940000400386621d4f, 96
1652702902.417264, sdrt-health/mac:02010b41cdec/antenna/tag/e2806894000050038662154f, 88
1652702902.417755, sdrt-health/mac:02010b41cdec/antenna/tag/e2806894000040038662114f, 93
1652702902.434932, sdrt-health/mac:02010b41cdec/antenna/tag/e2806894000050038661fd4f, 91
1652702902.440902, sdrt-health/mac:02010b41cdec/antenna/tag/e2806894000050038662154f, 93
1652702902.4819, sdrt-health/mac:02010b41cdec/antenna/tag/e2806894000050038661fd4f, 91
1652702902.5369, sdrt-health/mac:02010b41cdec/antenna/tag/e28068940000400386621d4f, 77
1652702902.537406, sdrt-health/mac:02010b41cdec/antenna/tag/e2806894000050038661fd4f, 91
1652702902.554336, sdrt-health/mac:02010b41cdec/antenna/tag/e2806894000040038662114f, 93
1652702902.589341, sdrt-health/mac:02010b41cdec/antenna/tag/e28068940000400386621d4f, 77
1652702902.589634, sdrt-health/mac:02010b41cdec/antenna/tag/e28068940000400386621d4f, 96
1652702902.615776, sdrt-health/mac:02010b41cdec/antenna/tag/e28068940000400386621d4f, 77
1652702902.689136, sdrt-health/mac:02010b41cdec/antenna/tag/e28068940000500386620d4f, 80
1652702902.689678, sdrt-health/mac:02010b41cdec/antenna/tag/e2806894000050038662154f, 85
1652702902.708449, sdrt-health/mac:02010b41cdec/antenna/tag/e2806894000050038661fd4f, 91
1652702902.708979, sdrt-health/mac:02010b41cdec/antenna/tag/e2806894000040038662114f, 87
1652702902.721721, sdrt-health/mac:02010b41cdec/antenna/tag/e28068940000400386621d4f, 77
1652702902.762339, sdrt-health/mac:02010b41cdec/antenna/tag/e2806894000050038661fd4f, 83
1652702902.856084, sdrt-health/mac:02010b41cdec/antenna/tag/e28068940000500386620d4f, 83
1652702902.901239, sdrt-health/mac:02010b41cdec/antenna/tag/e28068940000500386620d4f, 83
1652702902.970038, sdrt-health/mac:02010b41cdec/antenna/tag/e28068940000400386621d4f, 77
1652702902.97056, sdrt-health/mac:02010b41cdec/antenna/tag/e28068940000500386620d4f, 83
1652702903.000938, sdrt-health/mac:02010b41cdec/antenna/tag/e2806894000040038662114f, 93
1652702903.041116, sdrt-health/mac:02010b41cdec/antenna/tag/e2806894000040038662114f, 85
1652702903.097826, sdrt-health/mac:02010b41cdec/antenna/tag/e2806894000040038662114f, 88
1652702903.09834, sdrt-health/mac:02010b41cdec/antenna/tag/e2806894000040038662114f, 85
1652702903.122454, sdrt-health/mac:02010b41cdec/antenna/tag/e28068940000500386620d4f, 83
1652702903.178521, sdrt-health/mac:02010b41cdec/antenna/tag/e2806894000050038661fd4f, 83
1652702903.178892, sdrt-health/mac:02010b41cdec/antenna/tag/e28068940000400386621d4f, 96
1652702903.196767, sdrt-health/mac:02010b41cdec/antenna/tag/e2806894000050038661fd4f, 97
1652702903.230565, sdrt-health/mac:02010b41cdec/antenna/tag/e2806894000050038662154f, 85
1652702903.281021, sdrt-health/mac:02010b41cdec/antenna/tag/e28068940000500386620d4f, 83
1652702903.316091, sdrt-health/mac:02010b41cdec/antenna/tag/e2806894000040038662114f, 85
1652702903.316422, sdrt-health/mac:02010b41cdec/antenna/tag/e2806894000040038662114f, 85
1652702903.402114, sdrt-health/mac:02010b41cdec/antenna/tag/e2806894000050038661fd4f, 91
1652702903.461349, sdrt-health/mac:02010b41cdec/antenna/tag/e2806894000040038662114f, 93
1652702903.510292, sdrt-health/mac:02010b41cdec/antenna/tag/e28068940000500386620d4f, 83
1652702903.542444, sdrt-health/mac:02010b41cdec/antenna/tag/e2806894000050038662154f, 88
1652702903.542738, sdrt-health/mac:02010b41cdec/antenna/tag/e2806894000050038661fd4f, 91
1652702903.739726, sdrt-health/mac:02010b41cdec/antenna/tag/scan, scan stopped
