1652702826.955368, sdrt-health/mac:02010b41cdec/antenna/power/set, {"power": 300}
1652702828.023351, sdrt-health/mac:02010b41cdec/antenna/power/set, 
1652702831.977123, sdrt-health/mac:02010b41cdec/antenna/tag/scan, {"time": 20000}
1652702832.384042, sdrt-health/mac:02010b41cdec/antenna/tag/e2806894000040038662114f, 85
1652702832.420903, sdrt-health/mac:02010b41cdec/antenna/tag/e28068940000500386620d4f, 90
1652702832.470564, sdrt-health/mac:02010b41cdec/antenna/tag/e2806894000050038661fd4f, 91
1652702832.511985, sdrt-health/mac:02010b41cdec/antenna/tag/e2806894000050038661fd4f, 97
1652702832.565831, sdrt-health/mac:02010b41cdec/antenna/tag/e2806894000050038661fd4f, 91
1652702832.566339, sdrt-health/mac:02010b41cdec/antenna/tag/e2806894000040038662114f, 85
1652702832.581018, sdrt-health/mac:02010b41cdec/antenna/tag/e28068940000500386620d4f, 80
1652702832.600454, sdrt-health/mac:02010b41cdec/antenna/tag/e28068940000400386621d4f, 77
1652702832.630804, sdrt-health/mac:02010b41cdec/antenna/tag/e2806894000040038662114f, 93
1652702832.631154, sdrt-health/mac:02010b41cdec/antenna/tag/e28068940000400386621d4f, 96
1652702832.645788, sdrt-health/mac:02010b41cdec/antenna/tag/e28068940000400386621d4f, 77
1652702832.680569, sdrt-health/mac:02010b41cdec/antenna/tag/e2806894000050038662154f, 85
1652702832.734782, sdrt-health/mac:02010b41cdec/antenna/tag/e2806894000040038661f94f, 94
1652702832.735303, sdrt-health/mac:02010b41cdec/antenna/tag/e2806894000050038662194f, 87
1652702832.749612, sdrt-health/mac:02010b41cdec/antenna/tag/e28068940000500386620d4f, 90
1652702832.78997, sdrt-health/mac:02010b41cdec/antenna/tag/e28068940000400386621d4f, 96
1652702832.830892, sdrt-health/mac:02010b41cdec/antenna/tag/e28068940000500386620d4f, 83
1652702832.897562, sdrt-health/mac:02010b41cdec/antenna/tag/e2806894000050038662154f, 88
1652702832.898156, sdrt-health/mac:02010b41cdec/antenna/tag/e28068940000500386620d4f, 90
1652702832.920528, sdrt-health/mac:02010b41cdec/antenna/tag/e2806894000050038662154f, 85
1652702832.969375, sdrt-health/mac:02010b41cdec/antenna/tag/e2806894000050038661fd4f, 83
1652702833.032087, sdrt-health/mac:02010b41cdec/antenna/tag/e2806894000050038662154f, 88
1652702833.111757, sdrt-health/mac:02010b41cdec/antenna/tag/e28068940000500386620d4f, 83
1652702833.112217, sdrt-health/mac:02010b41cdec/antenna/tag/e28068940000500386620d4f, 90
1652702833.127532, sdrt-health/mac:02010b41cdec/antenna/tag/e2806894000050038662194f, 81
1652702833.127869, sdrt-health/mac:02010b41cdec/antenna/tag/e2806894000050038661fd4f, 83
1652702833.128104, sdrt-health/mac:02010b41cdec/antenna/tag/e2806894000040038662114f, 88
1652702833.128352, sdrt-health/mac:02010b41cdec/antenna/tag/e28068940000500386620d4f, 90
1652702833.149581, sdrt-health/mac:02010b41cdec/antenna/tag/e2806894000050038661fd4f, 97
1652702833.218218, sdrt-health/mac:02010b41cdec/antenna/tag/e2806894000050038662154f, 85
1652702833.218669, sdrt-health/mac:02010b41cdec/antenna/tag/e2806894000050038662154f, 88
1652702833.234513, sdrt-health/mac:02010b41cdec/antenna/tag/e28068940000500386620d4f, 83
1652702833.240122, sdrt-health/mac:02010b41cdec/antenna/tag/e2806894000040038662114f, 85
1652702833.288006, sdrt-health/mac:02010b41cdec/antenna/tag/e2806894000040038662114f, 85
1652702833.334364, sdrt-health/mac:02010b41cdec/antenna/tag/e28068940000400386621d4f, 77
1652702833.370946, sdrt-health/mac:02010b41cdec/antenna/tag/e28068940000500386620d4f, 90
1652702833.461238, sdrt-health/mac:02010b41cdec/antenna/tag/e2806894000040038662114f, 87
1652702833.558252, sdrt-health/mac:02010b41cdec/antenna/tag/e2806894000050038662194f, 94
1652702833.602288, sdrt-health/mac:02010b41cdec/antenna/tag/e2806894000050038661fd4f, 97
1652702833.631499, sdrt-health/mac:02010b41cdec/antenna/tag/e28068940000400386621d4f, 77
1652702833.631812, sdrt-health/mac:02010b41cdec/antenna/tag/e2806894000050038662154f, 88
1652702833.632105, sdrt-health/mac:02010b41cdec/antenna/tag/e2806894000040038662114f, 88
1652702833.646083, sdrt-health/mac:02010b41cdec/antenna/tag/e2806894000050038662194f, 94
1652702833.646345, sdrt-health/mac:02010b41cdec/antenna/tag/e28068940000500386620d4f, 90
1652702833.646515, sdrt-health/mac:02010b41cdec/antenna/tag/e2806894000050038662154f, 93
1652702833.68883, sdrt-health/mac:02010b41cdec/antenna/tag/e2806894000040038662114f, 93
1652702833.733689, sdrt-health/mac:02010b41cdec/antenna/tag/e28068940000400386621d4f, 96
1652702833.795904, sdrt-health/mac:02010b41cdec/antenna/tag/e28068940000500386620d4f, 83
1652702833.796446, sdrt-health/mac:02010b41cdec/antenna/tag/e2806894000040038662114f, 85
1652702833.811612, sdrt-health/mac:02010b41cdec/antenna/tag/e2806894000050038662154f, 88
1652702833.840985, sdrt-health/mac:02010b41cdec/antenna/tag/e28068940000400386621d4f, 96
1652702833.910509, sdrt-health/mac:02010b41cdec/antenna/tag/e2806894000040038661f94f, 88
1652702833.942723, sdrt-health/mac:02010b41cdec/antenna/tag/e2806894000040038662114f, 85
1652702833.943057, sdrt-health/mac:02010b41cdec/antenna/tag/e28068940000400386621d4f, 96
1652702833.960303, sdrt-health/mac:02010b41cdec/antenna/tag/e2806894000040038661f94f, 84
1652702833.960571, sdrt-health/mac:02010b41cdec/antenna/tag/e28068940000400386621d4f, 77
1652702834.001511, sdrt-health/mac:02010b41cdec/antenna/tag/e28068940000500386620d4f, 90
1652702834.056799, sdrt-health/mac:02010b41cdec/antenna/tag/e28068940000500386620d4f, 83
1652702834.057291, sdrt-health/mac:02010b41cdec/antenna/tag/e2806894000040038661f94f, 81
1652702834.071616, sdrt-health/mac:02010b41cdec/antenna/tag/e2806894000050038661fd4f, 83
1652702834.101742, sdrt-health/mac:02010b41cdec/antenna/tag/e2806894000040038661f94f, 88
1652702834.102052, sdrt-health/mac:02010b41cdec/antenna/tag/e2806894000040038661f94f, 83
1652702834.120827, sdrt-health/mac:02010b41cdec/antenna/tag/e2806894000040038662114f, 88
1652702834.184919, sdrt-health/mac:02010b41cdec/antenna/tag/e28068940000400386621d4f, 77
1652702834.18539, sdrt-health/mac:02010b41cdec/antenna/tag/e2806894000050038661fd4f, 97
1652702834.199794, sdrt-health/mac:02010b41cdec/antenna/tag/e28068940000500386620d4f, 83
1652702834.213896, sdrt-health/mac:02010b41cdec/antenna/tag/e28068940000500386620d4f, 83
1652702834.250647, sdrt-health/mac:02010b41cdec/antenna/tag/e28068940000400386621d4f, 77
1652702834.364022, sdrt-health/mac:02010b41cdec/antenna/tag/e28068940000400386621d4f, 77
1652702834.364523, sdrt-health/mac:02010b41cdec/antenna/tag/e2806894000050038661fd4f, 97
1652702834.401318, sdrt-health/mac:02010b41cdec/antenna/tag/e2806894000050038662154f, 88
1652702834.40177, sdrt-health/mac:02010b41cdec/antenna/tag/e28068940000500386620d4f, 83
1652702834.454589, sdrt-health/mac:02010b41cdec/antenna/tag/e2806894000050038661fd4f, 97
1652702834.504394, sdrt-health/mac:02010b41cdec/antenna/tag/e2806894000050038662154f, 85
1652702834.551363, sdrt-health/mac:02010b41cdec/antenna/tag/e2806894000040038662114f, 91
1652702834.590276, sdrt-health/mac:02010b41cdec/antenna/tag/e2806894000050038661fd4f, 97
1652702834.631129, sdrt-health/mac:02010b41cdec/antenna/tag/e28068940000400386621d4f, 96
1652702834.791521, sdrt-health/mac:02010b41cdec/antenna/tag/e2806894000050038662154f, 85
1652702834.791982, sdrt-health/mac:02010b41cdec/antenna/tag/e2806894000050038661fd4f, 97
1652702834.882379, sdrt-health/mac:02010b41cdec/antenna/tag/e28068940000400386621d4f, 77
1652702834.921002, sdrt-health/mac:02010b41cdec/antenna/tag/e2806894000040038662114f, 93
1652702834.975968, sdrt-health/mac:02010b41cdec/antenna/tag/e2806894000040038662114f, 93
1652702834.976459, sdrt-health/mac:02010b41cdec/antenna/tag/e28068940000500386620d4f, 83
1652702835.014003, sdrt-health/mac:02010b41cdec/antenna/tag/e28068940000500386620d4f, 83
1652702835.060544, sdrt-health/mac:02010b41cdec/antenna/tag/e28068940000400386621d4f, 77
1652702835.11849, sdrt-health/mac:02010b41cdec/antenna/tag/e2806894000050038661fd4f, 91
1652702835.161025, sdrt-health/mac:02010b41cdec/antenna/tag/e28068940000500386620d4f, 90
1652702835.200922, sdrt-health/mac:02010b41cdec/antenna/tag/e2806894000040038661f94f, 81
1652702835.27005, sdrt-health/mac:02010b41cdec/antenna/tag/e2806894000050038661fd4f, 91
1652702835.270562, sdrt-health/mac:02010b41cdec/antenna/tag/e2806894000050038661fd4f, 83
1652702835.30054, sdrt-health/mac:02010b41cdec/antenna/tag/e2806894000050038662154f, 85
1652702835.364723, sdrt-health/mac:02010b41cdec/antenna/tag/e2806894000050038662154f, 85
1652702835.365228, sdrt-health/mac:02010b41cdec/antenna/tag/e2806894000050038661fd4f, 97
1652702835.390607, sdrt-health/mac:02010b41cdec/antenna/tag/e2806894000040038661f94f, 88
1652702835.446475, sdrt-health/mac:02010b41cdec/antenna/tag/e2806894000050038661fd4f, 83
1652702835.446983, sdrt-health/mac:02010b41cdec/antenna/tag/e2806894000040038662114f, 85
1652702835.461171, sdrt-health/mac:02010b41cdec/antenna/tag/e2806894000050038662154f, 88
1652702835.461448, sdrt-health/mac:02010b41cdec/antenna/tag/e2806894000050038661fd4f, 83
1652702835.478862, sdrt-health/mac:02010b41cdec/antenna/tag/e2806894000040038662114f, 85
1652702835.520194, sdrt-health/mac:02010b41cdec/antenna/tag/e2806894000050038662154f, 88
1652702835.52062, sdrt-health/mac:02010b41cdec/antenna/tag/e2806894000040038662114f, 85
1652702835.575229, sdrt-health/mac:02010b41cdec/antenna/tag/e28068940000500386620d4f, 83
1652702835.621221, sdrt-health/mac:02010b41cdec/antenna/tag/e2806894000050038662154f, 88
1652702835.694539, sdrt-health/mac:02010b41cdec/antenna/tag/e28068940000400386621d4f, 96
1652702835.695015, sdrt-health/mac:02010b41cdec/antenna/tag/e28068940000400386621d4f, 77
1652702835.709194, sdrt-health/mac:02010b41cdec/antenna/tag/e2806894000050038662194f, 84
1652702835.709701, sdrt-health/mac:02010b41cdec/antenna/tag/e28068940000400386621d4f, 77
1652702835.710001, sdrt-health/mac:02010b41cdec/antenna/tag/e28068940000500386620d4f, 90
1652702835.725649, sdrt-health/mac:02010b41cdec/antenna/tag/e28068940000500386620d4f, 83
1652702835.800539, sdrt-health/mac:02010b41cdec/antenna/tag/e2806894000050038662154f, 85
1652702835.841908, sdrt-health/mac:02010b41cdec/antenna/tag/e2806894000050038662154f, 88
1652702835.94636, sdrt-health/mac:02010b41cdec/antenna/tag/e2806894000040038662114f, 91
1652702835.946825, sdrt-health/mac:02010b41cdec/antenna/tag/e28068940000400386621d4f, 96
1652702836.056656, sdrt-health/mac:02010b41cdec/antenna/tag/e2806894000050038661fd4f, 91
1652702836.120977, sdrt-health/mac:02010b41cdec/antenna/tag/e28068940000400386621d4f, 77
1652702836.17609, sdrt-health/mac:02010b41cdec/antenna/tag/e2806894000040038661f94f, 84
1652702836.176519, sdrt-health/mac:02010b41cdec/antenna/tag/e2806894000050038662154f, 85
1652702836.200367, sdrt-health/mac:02010b41cdec/antenna/tag/e2806894000040038662214f, 84
1652702836.240979, sdrt-health/mac:02010b41cdec/antenna/tag/e2806894000040038662114f, 85
1652702836.241314, sdrt-health/mac:02010b41cdec/antenna/tag/e2806894000040038662114f, 93
1652702836.280223, sdrt-health/mac:02010b41cdec/antenna/tag/e28068940000400386621d4f, 96
1652702836.320309, sdrt-health/mac:02010b41cdec/antenna/tag/e28068940000500386620d4f, 83
1652702836.376316, sdrt-health/mac:02010b41cdec/antenna/tag/e28068940000400386621d4f, 77
1652702836.376788, sdrt-health/mac:02010b41cdec/antenna/tag/e28068940000500386620d4f, 83
1652702836.392032, sdrt-health/mac:02010b41cdec/antenna/tag/e2806894000050038662154f, 88
1652702836.409616, sdrt-health/mac:02010b41cdec/antenna/tag/e2806894000040038662114f, 87
1652702836.453744, sdrt-health/mac:02010b41cdec/antenna/tag/e28068940000400386621d4f, 96
1652702836.484772, sdrt-health/mac:02010b41cdec/antenna/tag/e28068940000500386620d4f, 83
1652702836.485011, sdrt-health/mac:02010b41cdec/antenna/tag/e2806894000050038662154f, 85
1652702836.485167, sdrt-health/mac:02010b41cdec/antenna/tag/e2806894000050038661fd4f, 83
1652702836.631516, sdrt-health/mac:02010b41cdec/antenna/tag/e2806894000040038661f94f, 81
1652702836.661019, sdrt-health/mac:02010b41cdec/antenna/tag/e2806894000040038662114f, 88
1652702836.661306, sdrt-health/mac:02010b41cdec/antenna/tag/e2806894000050038661fd4f, 83
1652702836.675591, sdrt-health/mac:02010b41cdec/antenna/tag/e2806894000040038662114f, 88
1652702836.72126, sdrt-health/mac:02010b41cdec/antenna/tag/e2806894000050038662194f, 81
1652702836.791328, sdrt-health/mac:02010b41cdec/antenna/tag/e28068940000400386621d4f, 77
1652702836.791881, sdrt-health/mac:02010b41cdec/antenna/tag/e2806894000040038662114f, 85
1652702836.807493, sdrt-health/mac:02010b41cdec/antenna/tag/e2806894000050038662154f, 88
1652702836.839778, sdrt-health/mac:02010b41cdec/antenna/tag/e2806894000050038661fd4f, 83
1652702836.882713, sdrt-health/mac:02010b41cdec/antenna/tag/e2806894000050038662154f, 85
1652702836.92154, sdrt-health/mac:02010b41cdec/antenna/tag/e2806894000050038662154f, 88
1652702836.960944, sdrt-health/mac:02010b41cdec/antenna/tag/e2806894000040038661f94f, 88
1652702837.014042, sdrt-health/mac:02010b41cdec/antenna/tag/e2806894000050038661fd4f, 97
1652702837.060983, sdrt-health/mac:02010b41cdec/antenna/tag/e2806894000050038662154f, 85
1652702837.109985, sdrt-health/mac:02010b41cdec/antenna/tag/e28068940000500386620d4f, 90
1652702837.189686, sdrt-health/mac:02010b41cdec/antenna/tag/e2806894000050038662194f, 94
1652702837.230591, sdrt-health/mac:02010b41cdec/antenna/tag/e2806894000040038662114f, 88
1652702837.262917, sdrt-health/mac:02010b41cdec/antenna/tag/e2806894000050038661fd4f, 97
1652702837.263223, sdrt-health/mac:02010b41cdec/antenna/tag/e28068940000400386621d4f, 96
1652702837.351454, sdrt-health/mac:02010b41cdec/antenna/tag/e28068940000400386621d4f, 77
1652702837.401191, sdrt-health/mac:02010b41cdec/antenna/tag/e2806894000040038662114f, 85
1652702837.44071, sdrt-health/mac:02010b41cdec/antenna/tag/e2806894000040038661f94f, 82
1652702837.48046, sdrt-health/mac:02010b41cdec/antenna/tag/e2806894000050038662194f, 84
1652702837.480853, sdrt-health/mac:02010b41cdec/antenna/tag/e2806894000050038662154f, 85
1652702837.520896, sdrt-health/mac:02010b41cdec/antenna/tag/e28068940000500386620d4f, 90
1652702837.560507, sdrt-health/mac:02010b41cdec/antenna/tag/e2806894000040038661f94f, 94
1652702837.561313, sdrt-health/mac:02010b41cdec/antenna/tag/e28068940000400386621d4f, 77
1652702837.603346, sdrt-health/mac:02010b41cdec/antenna/tag/e2806894000050038662194f, 88
1652702837.641188, sdrt-health/mac:02010b41cdec/antenna/tag/e28068940000400386621d4f, 77
1652702837.697655, sdrt-health/mac:02010b41cdec/antenna/tag/e2806894000050038662194f, 88
1652702837.698137, sdrt-health/mac:02010b41cdec/antenna/tag/e2806894000040038661f94f, 94
1652702837.713543, sdrt-health/mac:02010b41cdec/antenna/tag/e2806894000050038662194f, 84
1652702837.7355, sdrt-health/mac:02010b41cdec/antenna/tag/e2806894000050038661fd4f, 97
1652702837.781029, sdrt-health/mac:02010b41cdec/antenna/tag/e2806894000050038662194f, 83
1652702837.810614, sdrt-health/mac:02010b41cdec/antenna/tag/e2806894000040038662114f, 85
1652702837.810862, sdrt-health/mac:02010b41cdec/antenna/tag/e2806894000050038662154f, 85
1652702837.825975, sdrt-health/mac:02010b41cdec/antenna/tag/e2806894000050038661fd4f, 97
1652702837.870353, sdrt-health/mac:02010b41cdec/antenna/tag/e2806894000040038662114f, 88
1652702837.921126, sdrt-health/mac:02010b41cdec/antenna/tag/e28068940000400386621d4f, 77
1652702837.976557, sdrt-health/mac:02010b41cdec/antenna/tag/e28068940000400386621d4f, 77
1652702837.977251, sdrt-health/mac:02010b41cdec/antenna/tag/e2806894000040038662114f, 93
1652702838.019108, sdrt-health/mac:02010b41cdec/antenna/tag/e28068940000400386621d4f, 77
1652702838.104914, sdrt-health/mac:02010b41cdec/antenna/tag/e2806894000040038662114f, 88
1652702838.105413, sdrt-health/mac:02010b41cdec/antenna/tag/e28068940000500386620d4f, 83
1652702838.121384, sdrt-health/mac:02010b41cdec/antenna/tag/e2806894000050038662154f, 88
1652702838.143515, sdrt-health/mac:02010b41cdec/antenna/tag/e2806894000050038662194f, 81
1652702838.197305, sdrt-health/mac:02010b41cdec/antenna/tag/e2806894000050038662154f, 88
1652702838.197503, sdrt-health/mac:02010b41cdec/antenna/tag/e2806894000050038662194f, 88
1652702838.261019, sdrt-health/mac:02010b41cdec/antenna/tag/e2806894000050038662154f, 83
1652702838.310935, sdrt-health/mac:02010b41cdec/antenna/tag/e2806894000040038662114f, 85
1652702838.366117, sdrt-health/mac:02010b41cdec/antenna/tag/e28068940000500386620d4f, 90
1652702838.366589, sdrt-health/mac:02010b41cdec/antenna/tag/e2806894000050038662194f, 81
1652702838.401524, sdrt-health/mac:02010b41cdec/antenna/tag/e2806894000040038662114f, 85
1652702838.439864, sdrt-health/mac:02010b41cdec/antenna/tag/e28068940000400386621d4f, 96
1652702838.469479, sdrt-health/mac:02010b41cdec/antenna/tag/e2806894000040038662114f, 88
1652702838.470003, sdrt-health/mac:02010b41cdec/antenna/tag/e2806894000050038662154f, 91
1652702838.483358, sdrt-health/mac:02010b41cdec/antenna/tag/e28068940000400386621d4f, 96
1652702838.521353, sdrt-health/mac:02010b41cdec/antenna/tag/e28068940000400386621d4f, 96
1652702838.582953, sdrt-health/mac:02010b41cdec/antenna/tag/e28068940000500386620d4f, 90
1652702838.583417, sdrt-health/mac:02010b41cdec/antenna/tag/e2806894000040038662114f, 85
1652702838.583807, sdrt-health/mac:02010b41cdec/antenna/tag/e28068940000400386621d4f, 96
1652702838.62629, sdrt-health/mac:02010b41cdec/antenna/tag/e2806894000050038662154f, 88
1652702838.67167, sdrt-health/mac:02010b41cdec/antenna/tag/e2806894000050038662154f, 87
1652702838.738931, sdrt-health/mac:02010b41cdec/antenna/tag/e28068940000400386621d4f, 96
1652702838.739434, sdrt-health/mac:02010b41cdec/antenna/tag/e2806894000040038662114f, 93
1652702838.754888, sdrt-health/mac:02010b41cdec/antenna/tag/e28068940000500386620d4f, 90
1652702838.76055, sdrt-health/mac:02010b41cdec/antenna/tag/e2806894000040038661f94f, 94
1652702838.801565, sdrt-health/mac:02010b41cdec/antenna/tag/e2806894000050038661fd4f, 91
1652702838.857969, sdrt-health/mac:02010b41cdec/antenna/tag/e28068940000400386621d4f, 77
1652702838.858444, sdrt-health/mac:02010b41cdec/antenna/tag/e2806894000050038661fd4f, 91
1652702838.875325, sdrt-health/mac:02010b41cdec/antenna/tag/e2806894000040038662114f, 88
1652702838.910082, sdrt-health/mac:02010b41cdec/antenna/tag/e28068940000400386621d4f, 77
1652702838.910349, sdrt-health/mac:02010b41cdec/antenna/tag/e2806894000050038662194f, 94
1652702838.937105, sdrt-health/mac:02010b41cdec/antenna/tag/e2806894000050038662154f, 85
1652702838.968313, sdrt-health/mac:02010b41cdec/antenna/tag/e28068940000500386620d4f, 83
1652702838.968683, sdrt-health/mac:02010b41cdec/antenna/tag/e28068940000400386621d4f, 77
1652702838.988013, sdrt-health/mac:02010b41cdec/antenna/tag/e28068940000500386620d4f, 83
1652702839.021507, sdrt-health/mac:02010b41cdec/antenna/tag/e2806894000050038662154f, 85
1652702839.021769, sdrt-health/mac:02010b41cdec/antenna/tag/e2806894000050038661fd4f, 97
1652702839.041448, sdrt-health/mac:02010b41cdec/antenna/tag/e2806894000050038661fd4f, 97
1652702839.081885, sdrt-health/mac:02010b41cdec/antenna/tag/e28068940000500386620d4f, 83
1652702839.113965, sdrt-health/mac:02010b41cdec/antenna/tag/e2806894000040038662114f, 88
1652702839.114262, sdrt-health/mac:02010b41cdec/antenna/tag/e2806894000040038662114f, 83
1652702839.128888, sdrt-health/mac:02010b41cdec/antenna/tag/e2806894000050038662154f, 88
1652702839.161565, sdrt-health/mac:02010b41cdec/antenna/tag/e2806894000050038662194f, 88
1652702839.2007, sdrt-health/mac:02010b41cdec/antenna/tag/e2806894000040038662114f, 85
1652702839.279628, sdrt-health/mac:02010b41cdec/antenna/tag/e2806894000050038662154f, 85
1652702839.280144, sdrt-health/mac:02010b41cdec/antenna/tag/e28068940000500386620d4f, 90
1652702839.309213, sdrt-health/mac:02010b41cdec/antenna/tag/e2806894000050038662154f, 88
1652702839.340742, sdrt-health/mac:02010b41cdec/antenna/tag/e2806894000050038661fd4f, 97
1652702839.340949, sdrt-health/mac:02010b41cdec/antenna/tag/e28068940000500386620d4f, 90
1652702839.370124, sdrt-health/mac:02010b41cdec/antenna/tag/e2806894000050038661fd4f, 83
1652702839.440336, sdrt-health/mac:02010b41cdec/antenna/tag/e2806894000050038662154f, 88
1652702839.440862, sdrt-health/mac:02010b41cdec/antenna/tag/e2806894000050038662154f, 88
1652702839.463628, sdrt-health/mac:02010b41cdec/antenna/tag/e28068940000400386621d4f, 96
1652702839.528275, sdrt-health/mac:02010b41cdec/antenna/tag/e2806894000040038662114f, 85
1652702839.528774, sdrt-health/mac:02010b41cdec/antenna/tag/e28068940000500386620d4f, 83
1652702839.544276, sdrt-health/mac:02010b41cdec/antenna/tag/e2806894000050038662154f, 88
1652702839.551571, sdrt-health/mac:02010b41cdec/antenna/tag/e2806894000050038662194f, 88
1652702839.560815, sdrt-health/mac:02010b41cdec/antenna/tag/e28068940000500386620d4f, 90
1652702839.610503, sdrt-health/mac:02010b41cdec/antenna/tag/e2806894000050038662194f, 81
1652702839.674237, sdrt-health/mac:02010b41cdec/antenna/tag/e28068940000400386621d4f, 77
1652702839.674728, sdrt-health/mac:02010b41cdec/antenna/tag/e28068940000500386620d4f, 83
1652702839.702353, sdrt-health/mac:02010b41cdec/antenna/tag/e2806894000040038662114f, 93
1652702839.76724, sdrt-health/mac:02010b41cdec/antenna/tag/e2806894000050038661fd4f, 91
1652702839.76772, sdrt-health/mac:02010b41cdec/antenna/tag/e2806894000040038662114f, 85
1652702839.782171, sdrt-health/mac:02010b41cdec/antenna/tag/e2806894000050038661fd4f, 91
1652702839.782673, sdrt-health/mac:02010b41cdec/antenna/tag/e2806894000040038662114f, 88
1652702839.79116, sdrt-health/mac:02010b41cdec/antenna/tag/e2806894000040038662114f, 85
1652702839.861405, sdrt-health/mac:02010b41cdec/antenna/tag/e2806894000050038662154f, 85
1652702839.913955, sdrt-health/mac:02010b41cdec/antenna/tag/e28068940000500386620d4f, 80
1652702839.951991, sdrt-health/mac:02010b41cdec/antenna/tag/e28068940000500386620d4f, 83
1652702840.007169, sdrt-health/mac:02010b41cdec/antenna/tag/e2806894000050038661fd4f, 91
1652702840.007712, sdrt-health/mac:02010b41cdec/antenna/tag/e2806894000050038662154f, 85
1652702840.054499, sdrt-health/mac:02010b41cdec/antenna/tag/e28068940000500386620d4f, 90
1652702840.101017, sdrt-health/mac:02010b41cdec/antenna/tag/e28068940000500386620d4f, 90
1652702840.151142, sdrt-health/mac:02010b41cdec/antenna/tag/e2806894000050038662154f, 88
1652702840.186691, sdrt-health/mac:02010b41cdec/antenna/tag/e2806894000040038662114f, 85
1652702840.187211, sdrt-health/mac:02010b41cdec/antenna/tag/e28068940000400386621d4f, 77
1652702840.203102, sdrt-health/mac:02010b41cdec/antenna/tag/e2806894000040038662114f, 85
1652702840.240859, sdrt-health/mac:02010b41cdec/antenna/tag/e2806894000040038662114f, 93
1652702840.316135, sdrt-health/mac:02010b41cdec/antenna/tag/e2806894000050038661fd4f, 97
1652702840.316643, sdrt-health/mac:02010b41cdec/antenna/tag/e2806894000050038662154f, 91
1652702840.340856, sdrt-health/mac:02010b41cdec/antenna/tag/e28068940000400386621d4f, 96
1652702840.56133, sdrt-health/mac:02010b41cdec/antenna/tag/e2806894000050038662154f, 88
1652702840.592767, sdrt-health/mac:02010b41cdec/antenna/tag/e2806894000050038661fd4f, 97
1652702840.593114, sdrt-health/mac:02010b41cdec/antenna/tag/e2806894000050038661fd4f, 97
1652702840.593338, sdrt-health/mac:02010b41cdec/antenna/tag/e2806894000050038661fd4f, 83
1652702840.593542, sdrt-health/mac:02010b41cdec/antenna/tag/e2806894000040038662114f, 85
1652702840.593703, sdrt-health/mac:02010b41cdec/antenna/tag/e2806894000040038662114f, 85
1652702840.608412, sdrt-health/mac:02010b41cdec/antenna/tag/e2806894000040038662114f, 88
1652702840.608674, sdrt-health/mac:02010b41cdec/antenna/tag/e28068940000500386620d4f, 83
1652702840.640398, sdrt-health/mac:02010b41cdec/antenna/tag/e2806894000040038662114f, 85
1652702840.721559, sdrt-health/mac:02010b41cdec/antenna/tag/e2806894000040038662214f, 84
1652702840.763225, sdrt-health/mac:02010b41cdec/antenna/tag/e2806894000040038662114f, 93
1652702840.818865, sdrt-health/mac:02010b41cdec/antenna/tag/e2806894000050038662154f, 85
1652702840.819364, sdrt-health/mac:02010b41cdec/antenna/tag/e2806894000040038662214f, 94
1652702840.843145, sdrt-health/mac:02010b41cdec/antenna/tag/e2806894000040038662114f, 87
1652702840.882136, sdrt-health/mac:02010b41cdec/antenna/tag/e28068940000500386620d4f, 83
1652702840.95377, sdrt-health/mac:02010b41cdec/antenna/tag/e2806894000050038662154f, 93
1652702840.954242, sdrt-health/mac:02010b41cdec/antenna/tag/e2806894000050038662154f, 88
1652702840.990892, sdrt-health/mac:02010b41cdec/antenna/tag/e2806894000050038662154f, 85
1652702841.04284, sdrt-health/mac:02010b41cdec/antenna/tag/e28068940000500386620d4f, 80
1652702841.076657, sdrt-health/mac:02010b41cdec/antenna/tag/e2806894000050038662154f, 85
1652702841.077927, sdrt-health/mac:02010b41cdec/antenna/tag/e2806894000040038662114f, 88
1652702841.093086, sdrt-health/mac:02010b41cdec/antenna/tag/e28068940000400386621d4f, 96
1652702841.138639, sdrt-health/mac:02010b41cdec/antenna/tag/e2806894000040038662114f, 88
1652702841.169619, sdrt-health/mac:02010b41cdec/antenna/tag/e28068940000400386621d4f, 77
1652702841.170217, sdrt-health/mac:02010b41cdec/antenna/tag/e2806894000050038662154f, 85
1652702841.191947, sdrt-health/mac:02010b41cdec/antenna/tag/e2806894000050038661fd4f, 83
1652702841.281601, sdrt-health/mac:02010b41cdec/antenna/tag/e2806894000040038662214f, 81
1652702841.381998, sdrt-health/mac:02010b41cdec/antenna/tag/e28068940000400386621d4f, 77
1652702841.432466, sdrt-health/mac:02010b41cdec/antenna/tag/e28068940000500386620d4f, 83
1652702841.467108, sdrt-health/mac:02010b41cdec/antenna/tag/e2806894000040038662114f, 85
1652702841.467441, sdrt-health/mac:02010b41cdec/antenna/tag/e28068940000400386621d4f, 77
1652702841.48314, sdrt-health/mac:02010b41cdec/antenna/tag/e28068940000500386620d4f, 80
1652702841.520827, sdrt-health/mac:02010b41cdec/antenna/tag/e2806894000050038662154f, 85
1652702841.57807, sdrt-health/mac:02010b41cdec/antenna/tag/e2806894000050038661fd4f, 83
1652702841.611126, sdrt-health/mac:02010b41cdec/antenna/tag/e2806894000050038662154f, 91
1652702841.611424, sdrt-health/mac:02010b41cdec/antenna/tag/e28068940000500386620d4f, 83
1652702841.611683, sdrt-health/mac:02010b41cdec/antenna/tag/e28068940000500386620d4f, 83
1652702841.627037, sdrt-health/mac:02010b41cdec/antenna/tag/e28068940000500386620d4f, 83
1652702841.681302, sdrt-health/mac:02010b41cdec/antenna/tag/e2806894000040038662114f, 88
1652702841.715642, sdrt-health/mac:02010b41cdec/antenna/tag/e2806894000050038662154f, 93
1652702841.716032, sdrt-health/mac:02010b41cdec/antenna/tag/e2806894000040038661f94f, 81
1652702841.731528, sdrt-health/mac:02010b41cdec/antenna/tag/e28068940000400386621d4f, 77
1652702841.731798, sdrt-health/mac:02010b41cdec/antenna/tag/e2806894000050038661fd4f, 91
1652702841.768399, sdrt-health/mac:02010b41cdec/antenna/tag/e2806894000050038661fd4f, 83
1652702841.832021, sdrt-health/mac:02010b41cdec/antenna/tag/e2806894000050038661fd4f, 83
1652702841.832578, sdrt-health/mac:02010b41cdec/antenna/tag/e28068940000400386621d4f, 96
1652702841.860102, sdrt-health/mac:02010b41cdec/antenna/tag/e2806894000050038662154f, 85
1652702841.910844, sdrt-health/mac:02010b41cdec/antenna/tag/e2806894000050038662154f, 88
1652702841.9418, sdrt-health/mac:02010b41cdec/antenna/tag/e28068940000400386621d4f, 77
1652702841.942066, sdrt-health/mac:02010b41cdec/antenna/tag/e2806894000050038661fd4f, 83
1652702841.957455, sdrt-health/mac:02010b41cdec/antenna/tag/e2806894000040038662114f, 85
1652702842.020714, sdrt-health/mac:02010b41cdec/antenna/tag/e2806894000050038661fd4f, 83
1652702842.071196, sdrt-health/mac:02010b41cdec/antenna/tag/e28068940000400386621d4f, 77
1652702842.111317, sdrt-health/mac:02010b41cdec/antenna/tag/e28068940000400386621d4f, 77
1652702842.151919, sdrt-health/mac:02010b41cdec/antenna/tag/e2806894000050038661fd4f, 91
1652702842.193022, sdrt-health/mac:02010b41cdec/antenna/tag/e28068940000400386621d4f, 96
1652702842.247905, sdrt-health/mac:02010b41cdec/antenna/tag/e2806894000050038661fd4f, 97
1652702842.248374, sdrt-health/mac:02010b41cdec/antenna/tag/e2806894000040038661f94f, 84
1652702842.263867, sdrt-health/mac:02010b41cdec/antenna/tag/e2806894000050038662154f, 88
1652702842.270549, sdrt-health/mac:02010b41cdec/antenna/tag/e2806894000040038662114f, 88
1652702842.322392, sdrt-health/mac:02010b41cdec/antenna/tag/e28068940000500386620d4f, 90
1652702842.377719, sdrt-health/mac:02010b41cdec/antenna/tag/e2806894000050038661fd4f, 83
1652702842.378218, sdrt-health/mac:02010b41cdec/antenna/tag/e2806894000050038662154f, 88
1652702842.393612, sdrt-health/mac:02010b41cdec/antenna/tag/e2806894000050038662154f, 88
1652702842.401437, sdrt-health/mac:02010b41cdec/antenna/tag/e2806894000050038662154f, 85
1652702842.440525, sdrt-health/mac:02010b41cdec/antenna/tag/e28068940000400386621d4f, 77
1652702842.505667, sdrt-health/mac:02010b41cdec/antenna/tag/e2806894000050038661fd4f, 83
1652702842.506194, sdrt-health/mac:02010b41cdec/antenna/tag/e2806894000050038662154f, 85
1652702842.534452, sdrt-health/mac:02010b41cdec/antenna/tag/e28068940000500386620d4f, 90
1652702842.571204, sdrt-health/mac:02010b41cdec/antenna/tag/e28068940000400386621d4f, 77
1652702842.618049, sdrt-health/mac:02010b41cdec/antenna/tag/e2806894000040038661f94f, 94
1652702842.685578, sdrt-health/mac:02010b41cdec/antenna/tag/e2806894000050038661fd4f, 97
1652702842.686025, sdrt-health/mac:02010b41cdec/antenna/tag/e2806894000050038661fd4f, 91
1652702842.702609, sdrt-health/mac:02010b41cdec/antenna/tag/e2806894000040038662214f, 84
1652702842.722195, sdrt-health/mac:02010b41cdec/antenna/tag/e2806894000040038662114f, 93
1652702842.77781, sdrt-health/mac:02010b41cdec/antenna/tag/e2806894000050038661fd4f, 91
1652702842.778279, sdrt-health/mac:02010b41cdec/antenna/tag/e28068940000400386621d4f, 77
1652702842.793396, sdrt-health/mac:02010b41cdec/antenna/tag/e2806894000040038662114f, 93
1652702842.800401, sdrt-health/mac:02010b41cdec/antenna/tag/e28068940000500386620d4f, 83
1652702842.808643, sdrt-health/mac:02010b41cdec/antenna/tag/e28068940000500386620d4f, 83
1652702842.841077, sdrt-health/mac:02010b41cdec/antenna/tag/e2806894000050038662154f, 88
1652702842.92832, sdrt-health/mac:02010b41cdec/antenna/tag/e2806894000040038662114f, 93
1652702842.928863, sdrt-health/mac:02010b41cdec/antenna/tag/e2806894000040038661f94f, 81
1652702842.969539, sdrt-health/mac:02010b41cdec/antenna/tag/e2806894000050038662154f, 91
1652702842.999888, sdrt-health/mac:02010b41cdec/antenna/tag/e28068940000500386620d4f, 90
1652702843.000167, sdrt-health/mac:02010b41cdec/antenna/tag/e2806894000050038661fd4f, 97
1652702843.060919, sdrt-health/mac:02010b41cdec/antenna/tag/e2806894000040038661f94f, 84
1652702843.093783, sdrt-health/mac:02010b41cdec/antenna/tag/e2806894000040038662114f, 85
1652702843.094115, sdrt-health/mac:02010b41cdec/antenna/tag/e2806894000050038662194f, 88
1652702843.111483, sdrt-health/mac:02010b41cdec/antenna/tag/e2806894000050038662154f, 85
1652702843.150843, sdrt-health/mac:02010b41cdec/antenna/tag/e28068940000500386620d4f, 90
1652702843.201205, sdrt-health/mac:02010b41cdec/antenna/tag/e2806894000050038662194f, 82
1652702843.318549, sdrt-health/mac:02010b41cdec/antenna/tag/e2806894000050038661fd4f, 91
1652702843.319108, sdrt-health/mac:02010b41cdec/antenna/tag/e2806894000050038662154f, 88
1652702843.381286, sdrt-health/mac:02010b41cdec/antenna/tag/e28068940000500386620d4f, 90
1652702843.449498, sdrt-health/mac:02010b41cdec/antenna/tag/e28068940000400386621d4f, 96
1652702843.450034, sdrt-health/mac:02010b41cdec/antenna/tag/e2806894000050038662154f, 85
1652702843.48048, sdrt-health/mac:02010b41cdec/antenna/tag/e28068940000400386621d4f, 96
1652702843.519777, sdrt-health/mac:02010b41cdec/antenna/tag/e2806894000040038661f94f, 88
1652702843.520377, sdrt-health/mac:02010b41cdec/antenna/tag/e28068940000500386620d4f, 83
1652702843.535864, sdrt-health/mac:02010b41cdec/antenna/tag/e28068940000500386620d4f, 90
1652702843.574155, sdrt-health/mac:02010b41cdec/antenna/tag/e2806894000040038661f94f, 84
1652702843.612391, sdrt-health/mac:02010b41cdec/antenna/tag/e2806894000050038661fd4f, 97
1652702843.654251, sdrt-health/mac:02010b41cdec/antenna/tag/e2806894000040038661f94f, 88
1652702843.686734, sdrt-health/mac:02010b41cdec/antenna/tag/e28068940000500386620d4f, 90
1652702843.687091, sdrt-health/mac:02010b41cdec/antenna/tag/e2806894000050038662194f, 81
1652702843.687322, sdrt-health/mac:02010b41cdec/antenna/tag/e2806894000040038661f94f, 94
1652702843.702088, sdrt-health/mac:02010b41cdec/antenna/tag/e2806894000040038662114f, 93
1652702843.735558, sdrt-health/mac:02010b41cdec/antenna/tag/e28068940000400386621d4f, 96
1652702843.797006, sdrt-health/mac:02010b41cdec/antenna/tag/e2806894000050038662154f, 88
1652702843.79757, sdrt-health/mac:02010b41cdec/antenna/tag/e28068940000500386620d4f, 90
1652702843.812893, sdrt-health/mac:02010b41cdec/antenna/tag/e2806894000050038662194f, 88
1652702843.83099, sdrt-health/mac:02010b41cdec/antenna/tag/e2806894000040038662214f, 84
1652702843.870645, sdrt-health/mac:02010b41cdec/antenna/tag/e28068940000500386620d4f, 90
1652702843.911302, sdrt-health/mac:02010b41cdec/antenna/tag/e2806894000040038662114f, 93
1652702843.943056, sdrt-health/mac:02010b41cdec/antenna/tag/e28068940000500386620d4f, 90
1652702843.943374, sdrt-health/mac:02010b41cdec/antenna/tag/e2806894000050038661fd4f, 97
1652702843.958626, sdrt-health/mac:02010b41cdec/antenna/tag/e28068940000400386621d4f, 77
1652702843.958811, sdrt-health/mac:02010b41cdec/antenna/tag/e2806894000050038662154f, 85
1652702844.002452, sdrt-health/mac:02010b41cdec/antenna/tag/e2806894000040038661f94f, 81
1652702844.043891, sdrt-health/mac:02010b41cdec/antenna/tag/e28068940000400386621d4f, 77
1652702844.076993, sdrt-health/mac:02010b41cdec/antenna/tag/e2806894000050038661fd4f, 91
1652702844.077493, sdrt-health/mac:02010b41cdec/antenna/tag/e2806894000040038662114f, 85
1652702844.077826, sdrt-health/mac:02010b41cdec/antenna/tag/e2806894000050038662154f, 85
1652702844.092709, sdrt-health/mac:02010b41cdec/antenna/tag/e2806894000050038662154f, 85
1652702844.122383, sdrt-health/mac:02010b41cdec/antenna/tag/e28068940000500386620d4f, 83
1652702844.154034, sdrt-health/mac:02010b41cdec/antenna/tag/e28068940000400386621d4f, 77
1652702844.154362, sdrt-health/mac:02010b41cdec/antenna/tag/e28068940000500386620d4f, 83
1652702844.171074, sdrt-health/mac:02010b41cdec/antenna/tag/e2806894000050038662194f, 83
1652702844.240848, sdrt-health/mac:02010b41cdec/antenna/tag/e2806894000050038661fd4f, 91
1652702844.24138, sdrt-health/mac:02010b41cdec/antenna/tag/e28068940000500386620d4f, 83
1652702844.260825, sdrt-health/mac:02010b41cdec/antenna/tag/e28068940000400386621d4f, 77
1652702844.328019, sdrt-health/mac:02010b41cdec/antenna/tag/e2806894000050038661fd4f, 97
1652702844.328475, sdrt-health/mac:02010b41cdec/antenna/tag/e2806894000050038662194f, 88
1652702844.343887, sdrt-health/mac:02010b41cdec/antenna/tag/e28068940000500386620d4f, 83
1652702844.344368, sdrt-health/mac:02010b41cdec/antenna/tag/e2806894000050038661fd4f, 83
1652702844.344743, sdrt-health/mac:02010b41cdec/antenna/tag/e2806894000050038662194f, 88
1652702844.351273, sdrt-health/mac:02010b41cdec/antenna/tag/e28068940000400386621d4f, 77
1652702844.401274, sdrt-health/mac:02010b41cdec/antenna/tag/e2806894000050038662194f, 88
1652702844.45876, sdrt-health/mac:02010b41cdec/antenna/tag/e28068940000400386621d4f, 77
1652702844.459313, sdrt-health/mac:02010b41cdec/antenna/tag/e2806894000050038662154f, 87
1652702844.474836, sdrt-health/mac:02010b41cdec/antenna/tag/e2806894000050038662194f, 81
1652702844.500566, sdrt-health/mac:02010b41cdec/antenna/tag/e2806894000050038661fd4f, 97
1652702844.535423, sdrt-health/mac:02010b41cdec/antenna/tag/e28068940000400386621d4f, 96
1652702844.535841, sdrt-health/mac:02010b41cdec/antenna/tag/e28068940000500386620d4f, 83
1652702844.550258, sdrt-health/mac:02010b41cdec/antenna/tag/e2806894000050038661fd4f, 83
1652702844.550758, sdrt-health/mac:02010b41cdec/antenna/tag/e2806894000050038661fd4f, 97
1652702844.551095, sdrt-health/mac:02010b41cdec/antenna/tag/e2806894000050038662154f, 85
1652702844.591612, sdrt-health/mac:02010b41cdec/antenna/tag/e2806894000040038662114f, 88
1652702844.641998, sdrt-health/mac:02010b41cdec/antenna/tag/e2806894000040038662114f, 91
1652702844.775547, sdrt-health/mac:02010b41cdec/antenna/tag/e2806894000040038662114f, 88
1652702844.776085, sdrt-health/mac:02010b41cdec/antenna/tag/e2806894000050038662194f, 81
1652702844.792274, sdrt-health/mac:02010b41cdec/antenna/tag/e2806894000050038661fd4f, 83
1652702844.823922, sdrt-health/mac:02010b41cdec/antenna/tag/e2806894000040038662114f, 85
1652702844.824157, sdrt-health/mac:02010b41cdec/antenna/tag/e2806894000050038662194f, 88
1652702844.824346, sdrt-health/mac:02010b41cdec/antenna/tag/e2806894000050038661fd4f, 83
1652702844.824507, sdrt-health/mac:02010b41cdec/antenna/tag/e2806894000050038662194f, 88
1652702844.840335, sdrt-health/mac:02010b41cdec/antenna/tag/e2806894000050038662154f, 93
1652702844.896293, sdrt-health/mac:02010b41cdec/antenna/tag/e2806894000050038662194f, 83
1652702844.896847, sdrt-health/mac:02010b41cdec/antenna/tag/e2806894000040038662114f, 88
1652702844.921345, sdrt-health/mac:02010b41cdec/antenna/tag/e2806894000050038662154f, 88
1652702844.961977, sdrt-health/mac:02010b41cdec/antenna/tag/e2806894000040038662114f, 85
1652702845.037281, sdrt-health/mac:02010b41cdec/antenna/tag/e2806894000050038661fd4f, 83
1652702845.037792, sdrt-health/mac:02010b41cdec/antenna/tag/e2806894000050038661fd4f, 83
1652702845.053431, sdrt-health/mac:02010b41cdec/antenna/tag/e2806894000040038662114f, 88
1652702845.06828, sdrt-health/mac:02010b41cdec/antenna/tag/e2806894000050038662154f, 88
1652702845.068527, sdrt-health/mac:02010b41cdec/antenna/tag/e28068940000400386621d4f, 96
1652702845.068729, sdrt-health/mac:02010b41cdec/antenna/tag/e28068940000500386620d4f, 83
1652702845.121977, sdrt-health/mac:02010b41cdec/antenna/tag/e2806894000050038661fd4f, 83
1652702845.177959, sdrt-health/mac:02010b41cdec/antenna/tag/e2806894000040038661f94f, 94
1652702845.178416, sdrt-health/mac:02010b41cdec/antenna/tag/e2806894000050038662194f, 84
1652702845.194088, sdrt-health/mac:02010b41cdec/antenna/tag/e28068940000500386620d4f, 90
1652702845.200556, sdrt-health/mac:02010b41cdec/antenna/tag/e2806894000050038662194f, 94
1652702845.271788, sdrt-health/mac:02010b41cdec/antenna/tag/e28068940000500386620d4f, 90
1652702845.311179, sdrt-health/mac:02010b41cdec/antenna/tag/e2806894000050038662154f, 88
1652702845.362915, sdrt-health/mac:02010b41cdec/antenna/tag/e28068940000400386621d4f, 77
1652702845.439952, sdrt-health/mac:02010b41cdec/antenna/tag/e2806894000040038662114f, 85
1652702845.440503, sdrt-health/mac:02010b41cdec/antenna/tag/e2806894000040038662054f, 82
1652702845.45578, sdrt-health/mac:02010b41cdec/antenna/tag/e2806894000040038662114f, 93
1652702845.487172, sdrt-health/mac:02010b41cdec/antenna/tag/e28068940000400386621d4f, 77
1652702845.48754, sdrt-health/mac:02010b41cdec/antenna/tag/e2806894000040038662114f, 85
1652702845.487844, sdrt-health/mac:02010b41cdec/antenna/tag/e28068940000500386620d4f, 83
1652702845.488112, sdrt-health/mac:02010b41cdec/antenna/tag/e2806894000050038662194f, 94
1652702845.53092, sdrt-health/mac:02010b41cdec/antenna/tag/e2806894000050038661fd4f, 97
1652702845.587296, sdrt-health/mac:02010b41cdec/antenna/tag/e28068940000400386621d4f, 77
1652702845.632546, sdrt-health/mac:02010b41cdec/antenna/tag/e2806894000050038661fd4f, 91
1652702845.663363, sdrt-health/mac:02010b41cdec/antenna/tag/e2806894000050038662154f, 91
1652702845.663694, sdrt-health/mac:02010b41cdec/antenna/tag/e28068940000500386620d4f, 80
1652702845.682718, sdrt-health/mac:02010b41cdec/antenna/tag/e28068940000500386620d4f, 83
1652702845.739068, sdrt-health/mac:02010b41cdec/antenna/tag/e2806894000050038662154f, 93
1652702845.739496, sdrt-health/mac:02010b41cdec/antenna/tag/e2806894000040038662114f, 85
1652702845.792036, sdrt-health/mac:02010b41cdec/antenna/tag/e2806894000040038662114f, 85
1652702845.84102, sdrt-health/mac:02010b41cdec/antenna/tag/e28068940000400386621d4f, 96
1652702845.897698, sdrt-health/mac:02010b41cdec/antenna/tag/e2806894000050038662154f, 88
1652702845.89816, sdrt-health/mac:02010b41cdec/antenna/tag/e2806894000040038662114f, 85
1652702845.920421, sdrt-health/mac:02010b41cdec/antenna/tag/e2806894000040038662114f, 88
1652702845.960509, sdrt-health/mac:02010b41cdec/antenna/tag/e28068940000500386620d4f, 90
1652702846.000885, sdrt-health/mac:02010b41cdec/antenna/tag/e2806894000050038661fd4f, 83
1652702846.068507, sdrt-health/mac:02010b41cdec/antenna/tag/e2806894000050038661fd4f, 97
1652702846.099085, sdrt-health/mac:02010b41cdec/antenna/tag/e2806894000050038662154f, 88
1652702846.099438, sdrt-health/mac:02010b41cdec/antenna/tag/e28068940000400386621d4f, 96
1652702846.115644, sdrt-health/mac:02010b41cdec/antenna/tag/e28068940000500386620d4f, 90
1652702846.11593, sdrt-health/mac:02010b41cdec/antenna/tag/e2806894000050038661fd4f, 83
1652702846.116118, sdrt-health/mac:02010b41cdec/antenna/tag/e2806894000050038662154f, 85
1652702846.151541, sdrt-health/mac:02010b41cdec/antenna/tag/e28068940000400386621d4f, 96
1652702846.207731, sdrt-health/mac:02010b41cdec/antenna/tag/e2806894000040038662114f, 88
1652702846.208161, sdrt-health/mac:02010b41cdec/antenna/tag/e2806894000040038662114f, 85
1652702846.223351, sdrt-health/mac:02010b41cdec/antenna/tag/e2806894000050038661fd4f, 91
1652702846.241471, sdrt-health/mac:02010b41cdec/antenna/tag/e2806894000050038661fd4f, 91
1652702846.297486, sdrt-health/mac:02010b41cdec/antenna/tag/e2806894000050038661fd4f, 91
1652702846.297943, sdrt-health/mac:02010b41cdec/antenna/tag/e28068940000500386620d4f, 90
1652702846.32269, sdrt-health/mac:02010b41cdec/antenna/tag/e28068940000400386621d4f, 77
1652702846.360917, sdrt-health/mac:02010b41cdec/antenna/tag/e2806894000040038662114f, 88
1652702846.424887, sdrt-health/mac:02010b41cdec/antenna/tag/e28068940000400386621d4f, 77
1652702846.42538, sdrt-health/mac:02010b41cdec/antenna/tag/e2806894000050038661fd4f, 97
1652702846.455067, sdrt-health/mac:02010b41cdec/antenna/tag/e2806894000040038662114f, 85
1652702846.491124, sdrt-health/mac:02010b41cdec/antenna/tag/e2806894000050038662154f, 85
1652702846.551332, sdrt-health/mac:02010b41cdec/antenna/tag/e2806894000050038661fd4f, 97
1652702846.551855, sdrt-health/mac:02010b41cdec/antenna/tag/e2806894000050038662154f, 88
1652702846.567875, sdrt-health/mac:02010b41cdec/antenna/tag/e2806894000040038662114f, 93
1652702846.588587, sdrt-health/mac:02010b41cdec/antenna/tag/e2806894000050038662154f, 88
1652702846.641608, sdrt-health/mac:02010b41cdec/antenna/tag/e2806894000050038661fd4f, 83
1652702846.673169, sdrt-health/mac:02010b41cdec/antenna/tag/e28068940000500386620d4f, 83
1652702846.673469, sdrt-health/mac:02010b41cdec/antenna/tag/e28068940000400386621d4f, 96
1652702846.673591, sdrt-health/mac:02010b41cdec/antenna/tag/e2806894000050038661fd4f, 83
1652702846.689035, sdrt-health/mac:02010b41cdec/antenna/tag/e2806894000050038661fd4f, 91
1652702846.722443, sdrt-health/mac:02010b41cdec/antenna/tag/e2806894000050038661fd4f, 97
1652702846.761183, sdrt-health/mac:02010b41cdec/antenna/tag/e28068940000400386621d4f, 96
1652702846.855256, sdrt-health/mac:02010b41cdec/antenna/tag/e2806894000040038662114f, 93
1652702846.85571, sdrt-health/mac:02010b41cdec/antenna/tag/e2806894000050038661fd4f, 97
1652702846.870344, sdrt-health/mac:02010b41cdec/antenna/tag/e28068940000400386621d4f, 96
1652702846.890881, sdrt-health/mac:02010b41cdec/antenna/tag/e2806894000050038661fd4f, 83
1652702846.920632, sdrt-health/mac:02010b41cdec/antenna/tag/e2806894000040038662114f, 85
1652702846.920816, sdrt-health/mac:02010b41cdec/antenna/tag/e2806894000050038661fd4f, 83
1652702846.935165, sdrt-health/mac:02010b41cdec/antenna/tag/e2806894000040038661f94f, 81
1652702846.980163, sdrt-health/mac:02010b41cdec/antenna/tag/e28068940000400386621d4f, 77
1652702847.04582, sdrt-health/mac:02010b41cdec/antenna/tag/e28068940000400386621d4f, 77
1652702847.046021, sdrt-health/mac:02010b41cdec/antenna/tag/e28068940000500386620d4f, 90
1652702847.061194, sdrt-health/mac:02010b41cdec/antenna/tag/e2806894000050038662154f, 88
1652702847.070337, sdrt-health/mac:02010b41cdec/antenna/tag/e28068940000500386620d4f, 83
1652702847.121536, sdrt-health/mac:02010b41cdec/antenna/tag/e28068940000500386620d4f, 83
1652702847.175292, sdrt-health/mac:02010b41cdec/antenna/tag/e28068940000400386621d4f, 96
1652702847.175481, sdrt-health/mac:02010b41cdec/antenna/tag/e2806894000040038662114f, 85
1652702847.190469, sdrt-health/mac:02010b41cdec/antenna/tag/e28068940000400386621d4f, 96
1652702847.209931, sdrt-health/mac:02010b41cdec/antenna/tag/e2806894000040038662214f, 88
1652702847.254699, sdrt-health/mac:02010b41cdec/antenna/tag/e28068940000400386621d4f, 77
1652702847.350711, sdrt-health/mac:02010b41cdec/antenna/tag/e2806894000040038661f94f, 94
1652702847.350902, sdrt-health/mac:02010b41cdec/antenna/tag/e2806894000050038662154f, 85
1652702847.380408, sdrt-health/mac:02010b41cdec/antenna/tag/e2806894000040038662114f, 93
1652702847.430176, sdrt-health/mac:02010b41cdec/antenna/tag/e28068940000500386620d4f, 90
1652702847.480542, sdrt-health/mac:02010b41cdec/antenna/tag/e2806894000050038661fd4f, 83
1652702847.521894, sdrt-health/mac:02010b41cdec/antenna/tag/e2806894000050038662154f, 85
1652702847.57445, sdrt-health/mac:02010b41cdec/antenna/tag/e28068940000500386620d4f, 83
1652702847.57466, sdrt-health/mac:02010b41cdec/antenna/tag/e2806894000040038662114f, 88
1652702847.611704, sdrt-health/mac:02010b41cdec/antenna/tag/e2806894000040038662114f, 88
1652702847.656794, sdrt-health/mac:02010b41cdec/antenna/tag/e2806894000050038662194f, 103
1652702847.657051, sdrt-health/mac:02010b41cdec/antenna/tag/e28068940000400386621d4f, 96
1652702847.701733, sdrt-health/mac:02010b41cdec/antenna/tag/e2806894000050038661fd4f, 83
1652702847.766294, sdrt-health/mac:02010b41cdec/antenna/tag/e2806894000050038662154f, 85
1652702847.766798, sdrt-health/mac:02010b41cdec/antenna/tag/e2806894000040038662114f, 85
1652702847.781973, sdrt-health/mac:02010b41cdec/antenna/tag/e28068940000500386620d4f, 83
1652702847.816972, sdrt-health/mac:02010b41cdec/antenna/tag/e28068940000400386621d4f, 77
1652702847.817392, sdrt-health/mac:02010b41cdec/antenna/tag/e28068940000500386620d4f, 90
1652702847.861336, sdrt-health/mac:02010b41cdec/antenna/tag/e2806894000050038662154f, 88
1652702847.911294, sdrt-health/mac:02010b41cdec/antenna/tag/e28068940000400386621d4f, 77
1652702848.012453, sdrt-health/mac:02010b41cdec/antenna/tag/e2806894000040038662114f, 87
1652702848.082096, sdrt-health/mac:02010b41cdec/antenna/tag/e28068940000400386621d4f, 77
1652702848.136269, sdrt-health/mac:02010b41cdec/antenna/tag/e2806894000040038662114f, 85
1652702848.13672, sdrt-health/mac:02010b41cdec/antenna/tag/e28068940000500386620d4f, 83
1652702848.152179, sdrt-health/mac:02010b41cdec/antenna/tag/e28068940000400386621d4f, 77
1652702848.161356, sdrt-health/mac:02010b41cdec/antenna/tag/e28068940000400386621d4f, 77
1652702848.168314, sdrt-health/mac:02010b41cdec/antenna/tag/e28068940000500386620d4f, 83
1652702848.19975, sdrt-health/mac:02010b41cdec/antenna/tag/e2806894000050038661fd4f, 91
1652702848.257812, sdrt-health/mac:02010b41cdec/antenna/tag/e2806894000040038662114f, 87
1652702848.258275, sdrt-health/mac:02010b41cdec/antenna/tag/e28068940000400386621d4f, 77
1652702848.281052, sdrt-health/mac:02010b41cdec/antenna/tag/e2806894000050038662154f, 88
1652702848.322751, sdrt-health/mac:02010b41cdec/antenna/tag/e2806894000040038662114f, 85
1652702848.391992, sdrt-health/mac:02010b41cdec/antenna/tag/e2806894000050038662154f, 88
1652702848.43213, sdrt-health/mac:02010b41cdec/antenna/tag/e2806894000050038661fd4f, 97
1652702848.497704, sdrt-health/mac:02010b41cdec/antenna/tag/e28068940000400386621d4f, 96
1652702848.498177, sdrt-health/mac:02010b41cdec/antenna/tag/e2806894000050038661fd4f, 97
1652702848.535819, sdrt-health/mac:02010b41cdec/antenna/tag/e2806894000040038662114f, 85
1652702848.569181, sdrt-health/mac:02010b41cdec/antenna/tag/e2806894000050038662154f, 88
1652702848.56954, sdrt-health/mac:02010b41cdec/antenna/tag/e2806894000050038661fd4f, 83
1652702848.585566, sdrt-health/mac:02010b41cdec/antenna/tag/e2806894000050038662154f, 91
1652702848.585774, sdrt-health/mac:02010b41cdec/antenna/tag/e28068940000400386621d4f, 77
1652702848.632612, sdrt-health/mac:02010b41cdec/antenna/tag/e2806894000050038662154f, 91
1652702848.683844, sdrt-health/mac:02010b41cdec/antenna/tag/e2806894000050038662154f, 93
1652702848.715982, sdrt-health/mac:02010b41cdec/antenna/tag/e2806894000040038661f94f, 82
1652702848.716782, sdrt-health/mac:02010b41cdec/antenna/tag/e2806894000050038662154f, 93
1652702848.732019, sdrt-health/mac:02010b41cdec/antenna/tag/e2806894000050038662194f, 88
1652702848.732371, sdrt-health/mac:02010b41cdec/antenna/tag/e2806894000050038661fd4f, 91
1652702848.761316, sdrt-health/mac:02010b41cdec/antenna/tag/e2806894000050038662154f, 91
1652702848.882958, sdrt-health/mac:02010b41cdec/antenna/tag/e28068940000500386620d4f, 90
1652702848.921175, sdrt-health/mac:02010b41cdec/antenna/tag/e2806894000040038662114f, 88
1652702848.953843, sdrt-health/mac:02010b41cdec/antenna/tag/e2806894000050038662154f, 88
1652702848.954995, sdrt-health/mac:02010b41cdec/antenna/tag/e28068940000400386621d4f, 96
1652702848.980301, sdrt-health/mac:02010b41cdec/antenna/tag/e2806894000050038661fd4f, 83
1652702849.04728, sdrt-health/mac:02010b41cdec/antenna/tag/e28068940000500386620d4f, 83
1652702849.047767, sdrt-health/mac:02010b41cdec/antenna/tag/e28068940000500386620d4f, 83
1652702849.070666, sdrt-health/mac:02010b41cdec/antenna/tag/e28068940000500386620d4f, 83
1652702849.108703, sdrt-health/mac:02010b41cdec/antenna/tag/e2806894000050038661fd4f, 91
1652702849.108925, sdrt-health/mac:02010b41cdec/antenna/tag/e28068940000500386620d4f, 83
1652702849.125863, sdrt-health/mac:02010b41cdec/antenna/tag/e2806894000050038662154f, 85
1652702849.126056, sdrt-health/mac:02010b41cdec/antenna/tag/e2806894000040038661f94f, 94
1652702849.126201, sdrt-health/mac:02010b41cdec/antenna/tag/e28068940000400386621d4f, 77
1652702849.150526, sdrt-health/mac:02010b41cdec/antenna/tag/e28068940000500386620d4f, 90
1652702849.200436, sdrt-health/mac:02010b41cdec/antenna/tag/e2806894000050038662154f, 93
1652702849.242199, sdrt-health/mac:02010b41cdec/antenna/tag/e2806894000040038662214f, 81
1652702849.2747, sdrt-health/mac:02010b41cdec/antenna/tag/e2806894000040038661f94f, 82
1652702849.275184, sdrt-health/mac:02010b41cdec/antenna/tag/e28068940000400386621d4f, 77
1652702849.275522, sdrt-health/mac:02010b41cdec/antenna/tag/e28068940000500386620d4f, 90
1652702849.290516, sdrt-health/mac:02010b41cdec/antenna/tag/e28068940000500386620d4f, 83
1652702849.320704, sdrt-health/mac:02010b41cdec/antenna/tag/e28068940000400386621d4f, 77
1652702849.353589, sdrt-health/mac:02010b41cdec/antenna/tag/e2806894000040038662114f, 85
1652702849.353898, sdrt-health/mac:02010b41cdec/antenna/tag/e2806894000050038662154f, 88
1652702849.369684, sdrt-health/mac:02010b41cdec/antenna/tag/e28068940000400386621d4f, 77
1652702849.369951, sdrt-health/mac:02010b41cdec/antenna/tag/e2806894000050038662154f, 88
1652702849.442675, sdrt-health/mac:02010b41cdec/antenna/tag/e2806894000040038662114f, 93
1652702849.475408, sdrt-health/mac:02010b41cdec/antenna/tag/e2806894000050038661fd4f, 97
1652702849.475672, sdrt-health/mac:02010b41cdec/antenna/tag/e28068940000400386621d4f, 96
1652702849.490553, sdrt-health/mac:02010b41cdec/antenna/tag/e2806894000040038662114f, 85
1652702849.490751, sdrt-health/mac:02010b41cdec/antenna/tag/e28068940000500386620d4f, 83
1652702849.490887, sdrt-health/mac:02010b41cdec/antenna/tag/e28068940000400386621d4f, 96
1652702849.532011, sdrt-health/mac:02010b41cdec/antenna/tag/e2806894000040038662114f, 88
1652702849.59263, sdrt-health/mac:02010b41cdec/antenna/tag/e2806894000050038662194f, 94
1652702849.632126, sdrt-health/mac:02010b41cdec/antenna/tag/e2806894000050038662154f, 88
1652702849.687875, sdrt-health/mac:02010b41cdec/antenna/tag/e2806894000050038662154f, 88
1652702849.688391, sdrt-health/mac:02010b41cdec/antenna/tag/e28068940000500386620d4f, 83
1652702849.710668, sdrt-health/mac:02010b41cdec/antenna/tag/e28068940000400386621d4f, 77
1652702849.785615, sdrt-health/mac:02010b41cdec/antenna/tag/e2806894000050038662154f, 93
1652702849.786098, sdrt-health/mac:02010b41cdec/antenna/tag/e28068940000400386621d4f, 77
1652702849.801957, sdrt-health/mac:02010b41cdec/antenna/tag/e2806894000040038662114f, 85
1652702849.802481, sdrt-health/mac:02010b41cdec/antenna/tag/e2806894000050038662154f, 85
1652702849.815832, sdrt-health/mac:02010b41cdec/antenna/tag/e28068940000500386620d4f, 83
1652702849.861287, sdrt-health/mac:02010b41cdec/antenna/tag/e2806894000040038662114f, 85
1652702849.927488, sdrt-health/mac:02010b41cdec/antenna/tag/e2806894000050038661fd4f, 83
1652702849.927995, sdrt-health/mac:02010b41cdec/antenna/tag/e2806894000050038661fd4f, 83
1652702849.950847, sdrt-health/mac:02010b41cdec/antenna/tag/e2806894000050038661fd4f, 83
1652702849.98995, sdrt-health/mac:02010b41cdec/antenna/tag/e28068940000400386621d4f, 96
1652702850.113504, sdrt-health/mac:02010b41cdec/antenna/tag/e2806894000040038661f94f, 94
1652702850.113824, sdrt-health/mac:02010b41cdec/antenna/tag/e2806894000050038662194f, 82
1652702850.152157, sdrt-health/mac:02010b41cdec/antenna/tag/e2806894000040038662114f, 85
1652702850.272439, sdrt-health/mac:02010b41cdec/antenna/tag/e28068940000500386620d4f, 83
1652702850.321368, sdrt-health/mac:02010b41cdec/antenna/tag/e28068940000400386621d4f, 77
1652702850.361091, sdrt-health/mac:02010b41cdec/antenna/tag/e2806894000050038662154f, 85
1652702850.417261, sdrt-health/mac:02010b41cdec/antenna/tag/e28068940000500386620d4f, 83
1652702850.417683, sdrt-health/mac:02010b41cdec/antenna/tag/e2806894000040038661f94f, 94
1652702850.433511, sdrt-health/mac:02010b41cdec/antenna/tag/e28068940000400386621d4f, 77
1652702850.47869, sdrt-health/mac:02010b41cdec/antenna/tag/e28068940000400386621d4f, 77
1652702850.521986, sdrt-health/mac:02010b41cdec/antenna/tag/e2806894000040038662114f, 85
1652702850.577732, sdrt-health/mac:02010b41cdec/antenna/tag/e2806894000050038662194f, 94
1652702850.578197, sdrt-health/mac:02010b41cdec/antenna/tag/e2806894000050038662154f, 88
1652702850.593922, sdrt-health/mac:02010b41cdec/antenna/tag/e2806894000040038662114f, 85
1652702850.602406, sdrt-health/mac:02010b41cdec/antenna/tag/e28068940000400386621d4f, 77
1652702850.609704, sdrt-health/mac:02010b41cdec/antenna/tag/e2806894000050038661fd4f, 88
1652702850.609919, sdrt-health/mac:02010b41cdec/antenna/tag/e2806894000040038662114f, 85
1652702850.640994, sdrt-health/mac:02010b41cdec/antenna/tag/e2806894000050038661fd4f, 97
1652702850.697145, sdrt-health/mac:02010b41cdec/antenna/tag/e28068940000500386620d4f, 90
1652702850.697603, sdrt-health/mac:02010b41cdec/antenna/tag/e2806894000050038662194f, 82
1652702850.712709, sdrt-health/mac:02010b41cdec/antenna/tag/e2806894000050038662154f, 85
1652702850.720912, sdrt-health/mac:02010b41cdec/antenna/tag/e2806894000040038662114f, 91
1652702850.777342, sdrt-health/mac:02010b41cdec/antenna/tag/e28068940000400386621d4f, 77
1652702850.836174, sdrt-health/mac:02010b41cdec/antenna/tag/e2806894000050038662194f, 81
1652702850.83662, sdrt-health/mac:02010b41cdec/antenna/tag/e2806894000050038661fd4f, 91
1652702850.879363, sdrt-health/mac:02010b41cdec/antenna/tag/e2806894000040038662114f, 93
1652702850.937887, sdrt-health/mac:02010b41cdec/antenna/tag/e28068940000500386620d4f, 83
1652702850.938351, sdrt-health/mac:02010b41cdec/antenna/tag/e2806894000050038661fd4f, 88
1652702850.953287, sdrt-health/mac:02010b41cdec/antenna/tag/e28068940000500386620d4f, 90
1652702850.953578, sdrt-health/mac:02010b41cdec/antenna/tag/e2806894000050038662154f, 85
1652702851.025121, sdrt-health/mac:02010b41cdec/antenna/tag/e2806894000040038662114f, 85
1652702851.082671, sdrt-health/mac:02010b41cdec/antenna/tag/e2806894000050038661fd4f, 97
1652702851.138277, sdrt-health/mac:02010b41cdec/antenna/tag/e2806894000050038662154f, 88
1652702851.138766, sdrt-health/mac:02010b41cdec/antenna/tag/e2806894000040038662114f, 91
1652702851.153587, sdrt-health/mac:02010b41cdec/antenna/tag/e2806894000040038662114f, 88
1652702851.161257, sdrt-health/mac:02010b41cdec/antenna/tag/e2806894000050038662194f, 88
1652702851.169364, sdrt-health/mac:02010b41cdec/antenna/tag/e2806894000050038662194f, 81
1652702851.201051, sdrt-health/mac:02010b41cdec/antenna/tag/e28068940000400386621d4f, 96
1652702851.271397, sdrt-health/mac:02010b41cdec/antenna/tag/e2806894000050038662154f, 85
1652702851.271905, sdrt-health/mac:02010b41cdec/antenna/tag/e28068940000500386620d4f, 83
1652702851.309133, sdrt-health/mac:02010b41cdec/antenna/tag/e2806894000050038662194f, 81
1652702851.362411, sdrt-health/mac:02010b41cdec/antenna/tag/e2806894000050038661fd4f, 91
1652702851.401308, sdrt-health/mac:02010b41cdec/antenna/tag/e28068940000500386620d4f, 90
1652702851.457392, sdrt-health/mac:02010b41cdec/antenna/tag/e28068940000400386621d4f, 96
1652702851.457609, sdrt-health/mac:02010b41cdec/antenna/tag/e28068940000400386621d4f, 96
1652702851.519236, sdrt-health/mac:02010b41cdec/antenna/tag/e2806894000050038661fd4f, 83
1652702851.560754, sdrt-health/mac:02010b41cdec/antenna/tag/e2806894000040038662114f, 88
1652702851.592985, sdrt-health/mac:02010b41cdec/antenna/tag/e2806894000050038662154f, 88
1652702851.594115, sdrt-health/mac:02010b41cdec/antenna/tag/e28068940000500386620d4f, 83
1652702851.608973, sdrt-health/mac:02010b41cdec/antenna/tag/e2806894000040038662114f, 88
1652702851.641302, sdrt-health/mac:02010b41cdec/antenna/tag/e2806894000040038661f94f, 110
1652702851.641642, sdrt-health/mac:02010b41cdec/antenna/tag/e2806894000040038662114f, 85
1652702851.657098, sdrt-health/mac:02010b41cdec/antenna/tag/e2806894000040038661f94f, 81
1652702851.680794, sdrt-health/mac:02010b41cdec/antenna/tag/e28068940000400386621d4f, 77
1652702851.761968, sdrt-health/mac:02010b41cdec/antenna/tag/e28068940000400386621d4f, 96
1652702851.801344, sdrt-health/mac:02010b41cdec/antenna/tag/e2806894000050038662154f, 85
1652702851.842687, sdrt-health/mac:02010b41cdec/antenna/tag/e2806894000050038662194f, 88
1652702851.881648, sdrt-health/mac:02010b41cdec/antenna/tag/e2806894000040038662114f, 88
1652702851.920612, sdrt-health/mac:02010b41cdec/antenna/tag/e2806894000050038662194f, 94
1652702851.962187, sdrt-health/mac:02010b41cdec/antenna/tag/e2806894000050038662154f, 85
1652702852.001749, sdrt-health/mac:02010b41cdec/antenna/tag/e2806894000050038662154f, 85
1652702852.056268, sdrt-health/mac:02010b41cdec/antenna/tag/e28068940000500386620d4f, 83
1652702852.080227, sdrt-health/mac:02010b41cdec/antenna/tag/e2806894000040038662114f, 93
1652702852.135963, sdrt-health/mac:02010b41cdec/antenna/tag/e28068940000400386621d4f, 96
1652702852.263138, sdrt-health/mac:02010b41cdec/antenna/tag/e2806894000050038662154f, 88
1652702852.31153, sdrt-health/mac:02010b41cdec/antenna/tag/e28068940000400386621d4f, 77
1652702852.350711, sdrt-health/mac:02010b41cdec/antenna/tag/e2806894000040038662114f, 88
1652702852.523977, sdrt-health/mac:02010b41cdec/antenna/tag/scan, scan stopped
