1652702698.944186, sdrt-health/mac:02010b41cdec/antenna/power/set, {"power": 280}
1652702700.018026, sdrt-health/mac:02010b41cdec/antenna/power/set, 
1652702703.969676, sdrt-health/mac:02010b41cdec/antenna/tag/scan, {"time": 20000}
1652702704.394386, sdrt-health/mac:02010b41cdec/antenna/tag/e28068940000400386621d4f, 96
1652702704.436562, sdrt-health/mac:02010b41cdec/antenna/tag/e2806894000050038662154f, 85
1652702704.499615, sdrt-health/mac:02010b41cdec/antenna/tag/e2806894000040038662114f, 87
1652702704.500051, sdrt-health/mac:02010b41cdec/antenna/tag/e2806894000050038662154f, 85
1652702704.522923, sdrt-health/mac:02010b41cdec/antenna/tag/e2806894000050038662154f, 93
1652702704.603256, sdrt-health/mac:02010b41cdec/antenna/tag/e2806894000040038662114f, 87
1652702704.658916, sdrt-health/mac:02010b41cdec/antenna/tag/e2806894000040038662114f, 93
1652702704.720653, sdrt-health/mac:02010b41cdec/antenna/tag/e2806894000050038662154f, 85
1652702704.753947, sdrt-health/mac:02010b41cdec/antenna/tag/e28068940000500386620d4f, 80
1652702704.754347, sdrt-health/mac:02010b41cdec/antenna/tag/e2806894000050038661fd4f, 91
1652702704.770284, sdrt-health/mac:02010b41cdec/antenna/tag/e2806894000050038662154f, 85
1652702704.77051, sdrt-health/mac:02010b41cdec/antenna/tag/e28068940000400386621d4f, 96
1652702704.770654, sdrt-health/mac:02010b41cdec/antenna/tag/e2806894000040038662114f, 87
1652702704.813427, sdrt-health/mac:02010b41cdec/antenna/tag/e2806894000040038662114f, 85
1652702704.878695, sdrt-health/mac:02010b41cdec/antenna/tag/e28068940000400386621d4f, 96
1652702704.878991, sdrt-health/mac:02010b41cdec/antenna/tag/e28068940000500386620d4f, 83
1652702704.895181, sdrt-health/mac:02010b41cdec/antenna/tag/e2806894000050038662154f, 88
1652702704.901088, sdrt-health/mac:02010b41cdec/antenna/tag/e2806894000040038662114f, 85
1652702704.914133, sdrt-health/mac:02010b41cdec/antenna/tag/e2806894000050038662154f, 88
1652702704.967719, sdrt-health/mac:02010b41cdec/antenna/tag/e2806894000040038662114f, 85
1652702705.039565, sdrt-health/mac:02010b41cdec/antenna/tag/e28068940000500386620d4f, 83
1652702705.040073, sdrt-health/mac:02010b41cdec/antenna/tag/e2806894000050038662154f, 85
1652702705.061392, sdrt-health/mac:02010b41cdec/antenna/tag/e2806894000050038662154f, 85
1652702705.075925, sdrt-health/mac:02010b41cdec/antenna/tag/e2806894000050038662154f, 93
1652702705.087267, sdrt-health/mac:02010b41cdec/antenna/tag/e28068940000400386621d4f, 77
1652702705.142721, sdrt-health/mac:02010b41cdec/antenna/tag/e2806894000050038661fd4f, 91
1652702705.216819, sdrt-health/mac:02010b41cdec/antenna/tag/e2806894000040038662114f, 93
1652702705.21741, sdrt-health/mac:02010b41cdec/antenna/tag/e2806894000050038662154f, 85
1652702705.217799, sdrt-health/mac:02010b41cdec/antenna/tag/e2806894000050038662154f, 85
1652702705.234428, sdrt-health/mac:02010b41cdec/antenna/tag/e28068940000400386621d4f, 96
1652702705.264247, sdrt-health/mac:02010b41cdec/antenna/tag/e28068940000400386621d4f, 96
1652702705.295932, sdrt-health/mac:02010b41cdec/antenna/tag/e2806894000050038662154f, 88
1652702705.296141, sdrt-health/mac:02010b41cdec/antenna/tag/e2806894000040038662114f, 85
1652702705.296299, sdrt-health/mac:02010b41cdec/antenna/tag/e2806894000040038662114f, 88
1652702705.311301, sdrt-health/mac:02010b41cdec/antenna/tag/e2806894000040038662114f, 85
1652702705.394866, sdrt-health/mac:02010b41cdec/antenna/tag/e28068940000500386620d4f, 83
1652702705.442564, sdrt-health/mac:02010b41cdec/antenna/tag/e28068940000500386620d4f, 83
1652702705.500435, sdrt-health/mac:02010b41cdec/antenna/tag/e2806894000050038662154f, 93
1652702705.50093, sdrt-health/mac:02010b41cdec/antenna/tag/e28068940000400386621d4f, 77
1652702705.51743, sdrt-health/mac:02010b41cdec/antenna/tag/e2806894000050038661fd4f, 91
1652702705.554067, sdrt-health/mac:02010b41cdec/antenna/tag/e28068940000500386620d4f, 83
1652702705.554539, sdrt-health/mac:02010b41cdec/antenna/tag/e2806894000040038662114f, 85
1652702705.58171, sdrt-health/mac:02010b41cdec/antenna/tag/e2806894000040038662114f, 93
1652702705.62179, sdrt-health/mac:02010b41cdec/antenna/tag/e2806894000050038661fd4f, 88
1652702705.677203, sdrt-health/mac:02010b41cdec/antenna/tag/e2806894000050038662154f, 93
1652702705.729471, sdrt-health/mac:02010b41cdec/antenna/tag/e28068940000400386621d4f, 77
1652702705.729644, sdrt-health/mac:02010b41cdec/antenna/tag/e28068940000400386621d4f, 77
1652702705.745821, sdrt-health/mac:02010b41cdec/antenna/tag/e28068940000400386621d4f, 96
1652702705.746092, sdrt-health/mac:02010b41cdec/antenna/tag/e2806894000050038662154f, 93
1652702705.762287, sdrt-health/mac:02010b41cdec/antenna/tag/e28068940000400386621d4f, 90
1652702705.848685, sdrt-health/mac:02010b41cdec/antenna/tag/e2806894000050038661fd4f, 91
1652702705.849134, sdrt-health/mac:02010b41cdec/antenna/tag/e2806894000050038662154f, 85
1652702705.865971, sdrt-health/mac:02010b41cdec/antenna/tag/e2806894000040038662114f, 85
1652702705.866228, sdrt-health/mac:02010b41cdec/antenna/tag/e2806894000050038662154f, 85
1652702705.87308, sdrt-health/mac:02010b41cdec/antenna/tag/e2806894000050038661fd4f, 91
1652702705.883792, sdrt-health/mac:02010b41cdec/antenna/tag/e28068940000400386621d4f, 96
1652702705.884042, sdrt-health/mac:02010b41cdec/antenna/tag/e2806894000050038661fd4f, 91
1652702705.923259, sdrt-health/mac:02010b41cdec/antenna/tag/e28068940000400386621d4f, 96
1652702705.962584, sdrt-health/mac:02010b41cdec/antenna/tag/e28068940000400386621d4f, 96
1652702706.003674, sdrt-health/mac:02010b41cdec/antenna/tag/e2806894000050038662154f, 85
1652702706.059498, sdrt-health/mac:02010b41cdec/antenna/tag/e2806894000050038661fd4f, 83
1652702706.060175, sdrt-health/mac:02010b41cdec/antenna/tag/e2806894000050038661fd4f, 97
1652702706.083046, sdrt-health/mac:02010b41cdec/antenna/tag/e2806894000050038661fd4f, 91
1652702706.123722, sdrt-health/mac:02010b41cdec/antenna/tag/e28068940000400386621d4f, 77
1652702706.179603, sdrt-health/mac:02010b41cdec/antenna/tag/e28068940000400386621d4f, 77
1652702706.180106, sdrt-health/mac:02010b41cdec/antenna/tag/e28068940000400386621d4f, 77
1652702706.194694, sdrt-health/mac:02010b41cdec/antenna/tag/e2806894000050038661fd4f, 88
1652702706.216246, sdrt-health/mac:02010b41cdec/antenna/tag/e28068940000400386621d4f, 96
1652702706.261999, sdrt-health/mac:02010b41cdec/antenna/tag/e2806894000050038661fd4f, 97
1652702706.296329, sdrt-health/mac:02010b41cdec/antenna/tag/e2806894000050038661fd4f, 83
1652702706.296673, sdrt-health/mac:02010b41cdec/antenna/tag/e2806894000040038662114f, 88
1652702706.3125, sdrt-health/mac:02010b41cdec/antenna/tag/e2806894000040038662114f, 85
1652702706.312779, sdrt-health/mac:02010b41cdec/antenna/tag/e2806894000050038662154f, 85
1652702706.352733, sdrt-health/mac:02010b41cdec/antenna/tag/e2806894000050038662154f, 93
1652702706.402023, sdrt-health/mac:02010b41cdec/antenna/tag/e28068940000400386621d4f, 96
1652702706.436436, sdrt-health/mac:02010b41cdec/antenna/tag/e28068940000400386621d4f, 96
1652702706.436924, sdrt-health/mac:02010b41cdec/antenna/tag/e2806894000050038662154f, 85
1652702706.451918, sdrt-health/mac:02010b41cdec/antenna/tag/e28068940000400386621d4f, 96
1652702706.45235, sdrt-health/mac:02010b41cdec/antenna/tag/e2806894000050038661fd4f, 97
1652702706.484209, sdrt-health/mac:02010b41cdec/antenna/tag/e28068940000400386621d4f, 96
1652702706.517206, sdrt-health/mac:02010b41cdec/antenna/tag/e2806894000040038662214f, 94
1652702706.517688, sdrt-health/mac:02010b41cdec/antenna/tag/e2806894000050038661fd4f, 97
1652702706.534112, sdrt-health/mac:02010b41cdec/antenna/tag/e2806894000040038662114f, 85
1652702706.571676, sdrt-health/mac:02010b41cdec/antenna/tag/e2806894000050038662154f, 88
1652702706.634836, sdrt-health/mac:02010b41cdec/antenna/tag/e2806894000050038662154f, 85
1652702706.635543, sdrt-health/mac:02010b41cdec/antenna/tag/e2806894000050038662154f, 88
1652702706.66681, sdrt-health/mac:02010b41cdec/antenna/tag/e2806894000050038662154f, 93
1652702706.721653, sdrt-health/mac:02010b41cdec/antenna/tag/e28068940000500386620d4f, 90
1652702706.763241, sdrt-health/mac:02010b41cdec/antenna/tag/e2806894000050038662154f, 85
1652702706.816531, sdrt-health/mac:02010b41cdec/antenna/tag/e2806894000040038662114f, 93
1652702706.819579, sdrt-health/mac:02010b41cdec/antenna/tag/e28068940000400386621d4f, 77
1652702706.830875, sdrt-health/mac:02010b41cdec/antenna/tag/e2806894000050038661fd4f, 91
1652702706.842603, sdrt-health/mac:02010b41cdec/antenna/tag/e2806894000040038662114f, 85
1652702706.881974, sdrt-health/mac:02010b41cdec/antenna/tag/e2806894000040038662114f, 85
1652702706.936804, sdrt-health/mac:02010b41cdec/antenna/tag/e2806894000050038661fd4f, 91
1652702706.937273, sdrt-health/mac:02010b41cdec/antenna/tag/e28068940000400386621d4f, 77
1652702706.953082, sdrt-health/mac:02010b41cdec/antenna/tag/e28068940000400386621d4f, 77
1652702706.962502, sdrt-health/mac:02010b41cdec/antenna/tag/e28068940000400386621d4f, 77
1652702706.968355, sdrt-health/mac:02010b41cdec/antenna/tag/e28068940000500386620d4f, 83
1652702707.030893, sdrt-health/mac:02010b41cdec/antenna/tag/e2806894000050038661fd4f, 91
1652702707.072055, sdrt-health/mac:02010b41cdec/antenna/tag/e2806894000040038662114f, 85
1652702707.125647, sdrt-health/mac:02010b41cdec/antenna/tag/e2806894000040038662114f, 85
1652702707.176481, sdrt-health/mac:02010b41cdec/antenna/tag/e28068940000500386620d4f, 83
1652702707.23904, sdrt-health/mac:02010b41cdec/antenna/tag/e28068940000400386621d4f, 96
1652702707.239632, sdrt-health/mac:02010b41cdec/antenna/tag/e2806894000040038662114f, 88
1652702707.270966, sdrt-health/mac:02010b41cdec/antenna/tag/e2806894000040038662114f, 93
1652702707.312062, sdrt-health/mac:02010b41cdec/antenna/tag/e2806894000050038661fd4f, 91
1652702707.401791, sdrt-health/mac:02010b41cdec/antenna/tag/e28068940000500386620d4f, 90
1652702707.441183, sdrt-health/mac:02010b41cdec/antenna/tag/e28068940000400386621d4f, 96
1652702707.496665, sdrt-health/mac:02010b41cdec/antenna/tag/e28068940000400386621d4f, 96
1652702707.542088, sdrt-health/mac:02010b41cdec/antenna/tag/e2806894000050038661fd4f, 97
1652702707.573614, sdrt-health/mac:02010b41cdec/antenna/tag/e28068940000400386621d4f, 96
1652702707.573937, sdrt-health/mac:02010b41cdec/antenna/tag/e28068940000500386620d4f, 90
1652702707.601489, sdrt-health/mac:02010b41cdec/antenna/tag/e2806894000050038661fd4f, 83
1652702707.636057, sdrt-health/mac:02010b41cdec/antenna/tag/e2806894000050038662154f, 85
1652702707.636567, sdrt-health/mac:02010b41cdec/antenna/tag/e28068940000500386620d4f, 83
1652702707.637414, sdrt-health/mac:02010b41cdec/antenna/tag/e28068940000500386620d4f, 90
1652702707.638372, sdrt-health/mac:02010b41cdec/antenna/tag/e2806894000050038662154f, 85
1652702707.671249, sdrt-health/mac:02010b41cdec/antenna/tag/e2806894000040038662114f, 85
1652702707.712583, sdrt-health/mac:02010b41cdec/antenna/tag/e2806894000050038661fd4f, 91
1652702707.744108, sdrt-health/mac:02010b41cdec/antenna/tag/e28068940000400386621d4f, 77
1652702707.744306, sdrt-health/mac:02010b41cdec/antenna/tag/e2806894000050038661fd4f, 91
1652702707.761849, sdrt-health/mac:02010b41cdec/antenna/tag/e2806894000040038662114f, 85
1652702707.815441, sdrt-health/mac:02010b41cdec/antenna/tag/e28068940000500386620d4f, 83
1652702707.852803, sdrt-health/mac:02010b41cdec/antenna/tag/e2806894000050038662154f, 85
1652702707.885453, sdrt-health/mac:02010b41cdec/antenna/tag/e28068940000400386621d4f, 96
1652702707.885733, sdrt-health/mac:02010b41cdec/antenna/tag/e2806894000040038662114f, 85
1652702707.915343, sdrt-health/mac:02010b41cdec/antenna/tag/e2806894000040038662114f, 88
1652702707.961383, sdrt-health/mac:02010b41cdec/antenna/tag/e2806894000040038662114f, 85
1652702708.019266, sdrt-health/mac:02010b41cdec/antenna/tag/e28068940000500386620d4f, 83
1652702708.019708, sdrt-health/mac:02010b41cdec/antenna/tag/e2806894000050038662154f, 85
1652702708.056187, sdrt-health/mac:02010b41cdec/antenna/tag/e2806894000050038662154f, 87
1652702708.1004, sdrt-health/mac:02010b41cdec/antenna/tag/e2806894000050038661fd4f, 91
1652702708.168139, sdrt-health/mac:02010b41cdec/antenna/tag/e28068940000500386620d4f, 83
1652702708.168351, sdrt-health/mac:02010b41cdec/antenna/tag/e2806894000050038662154f, 85
1652702708.191502, sdrt-health/mac:02010b41cdec/antenna/tag/e2806894000050038662154f, 85
1652702708.241107, sdrt-health/mac:02010b41cdec/antenna/tag/e28068940000500386620d4f, 90
1652702708.300892, sdrt-health/mac:02010b41cdec/antenna/tag/e2806894000050038662154f, 85
1652702708.301589, sdrt-health/mac:02010b41cdec/antenna/tag/e2806894000050038662154f, 85
1652702708.331967, sdrt-health/mac:02010b41cdec/antenna/tag/e2806894000050038661fd4f, 88
1652702708.366014, sdrt-health/mac:02010b41cdec/antenna/tag/e2806894000040038662114f, 85
1652702708.366426, sdrt-health/mac:02010b41cdec/antenna/tag/e28068940000500386620d4f, 83
1652702708.366757, sdrt-health/mac:02010b41cdec/antenna/tag/e2806894000040038662114f, 85
1652702708.381847, sdrt-health/mac:02010b41cdec/antenna/tag/e2806894000050038662154f, 93
1652702708.421156, sdrt-health/mac:02010b41cdec/antenna/tag/e2806894000050038662154f, 85
1652702708.479736, sdrt-health/mac:02010b41cdec/antenna/tag/e2806894000050038662154f, 88
1652702708.521253, sdrt-health/mac:02010b41cdec/antenna/tag/e28068940000400386621d4f, 96
1652702708.561349, sdrt-health/mac:02010b41cdec/antenna/tag/e2806894000050038661fd4f, 91
1652702708.602131, sdrt-health/mac:02010b41cdec/antenna/tag/e28068940000400386621d4f, 96
1652702708.641728, sdrt-health/mac:02010b41cdec/antenna/tag/e2806894000050038662154f, 93
1652702708.698058, sdrt-health/mac:02010b41cdec/antenna/tag/e28068940000500386620d4f, 83
1652702708.698405, sdrt-health/mac:02010b41cdec/antenna/tag/e28068940000500386620d4f, 83
1652702708.721166, sdrt-health/mac:02010b41cdec/antenna/tag/e2806894000050038662154f, 85
1652702708.776322, sdrt-health/mac:02010b41cdec/antenna/tag/e2806894000040038662114f, 85
1652702708.83693, sdrt-health/mac:02010b41cdec/antenna/tag/e2806894000050038662154f, 85
1652702708.83715, sdrt-health/mac:02010b41cdec/antenna/tag/e28068940000400386621d4f, 96
1652702708.871607, sdrt-health/mac:02010b41cdec/antenna/tag/e28068940000400386621d4f, 96
1652702708.926764, sdrt-health/mac:02010b41cdec/antenna/tag/e2806894000040038662114f, 88
1652702708.927016, sdrt-health/mac:02010b41cdec/antenna/tag/e2806894000050038661fd4f, 83
1652702708.943467, sdrt-health/mac:02010b41cdec/antenna/tag/e2806894000040038662114f, 88
1652702708.96186, sdrt-health/mac:02010b41cdec/antenna/tag/e28068940000400386621d4f, 96
1652702709.022337, sdrt-health/mac:02010b41cdec/antenna/tag/e2806894000050038662154f, 85
1652702709.022761, sdrt-health/mac:02010b41cdec/antenna/tag/e28068940000500386620d4f, 83
1652702709.03855, sdrt-health/mac:02010b41cdec/antenna/tag/e28068940000400386621d4f, 96
1652702709.041004, sdrt-health/mac:02010b41cdec/antenna/tag/e28068940000500386620d4f, 83
1652702709.05487, sdrt-health/mac:02010b41cdec/antenna/tag/e28068940000500386620d4f, 83
1652702709.096276, sdrt-health/mac:02010b41cdec/antenna/tag/e28068940000500386620d4f, 83
1652702709.159533, sdrt-health/mac:02010b41cdec/antenna/tag/e2806894000050038661fd4f, 88
1652702709.159809, sdrt-health/mac:02010b41cdec/antenna/tag/e28068940000500386620d4f, 80
1652702709.160024, sdrt-health/mac:02010b41cdec/antenna/tag/e28068940000400386621d4f, 96
1652702709.174542, sdrt-health/mac:02010b41cdec/antenna/tag/e28068940000500386620d4f, 80
1652702709.174846, sdrt-health/mac:02010b41cdec/antenna/tag/e2806894000050038661fd4f, 91
1652702709.225729, sdrt-health/mac:02010b41cdec/antenna/tag/e2806894000040038662114f, 85
1652702709.289368, sdrt-health/mac:02010b41cdec/antenna/tag/e2806894000040038662114f, 93
1652702709.334543, sdrt-health/mac:02010b41cdec/antenna/tag/e2806894000040038662114f, 83
1652702709.382756, sdrt-health/mac:02010b41cdec/antenna/tag/e28068940000400386621d4f, 96
1652702709.454453, sdrt-health/mac:02010b41cdec/antenna/tag/e2806894000040038662114f, 87
1652702709.454702, sdrt-health/mac:02010b41cdec/antenna/tag/e2806894000040038662114f, 87
1652702709.469887, sdrt-health/mac:02010b41cdec/antenna/tag/e2806894000050038661fd4f, 97
1652702709.481722, sdrt-health/mac:02010b41cdec/antenna/tag/e2806894000040038662114f, 85
1652702709.489135, sdrt-health/mac:02010b41cdec/antenna/tag/e28068940000400386621d4f, 96
1652702709.522784, sdrt-health/mac:02010b41cdec/antenna/tag/e28068940000500386620d4f, 83
1652702709.562407, sdrt-health/mac:02010b41cdec/antenna/tag/e28068940000500386620d4f, 83
1652702709.612594, sdrt-health/mac:02010b41cdec/antenna/tag/e28068940000500386620d4f, 83
1652702709.681582, sdrt-health/mac:02010b41cdec/antenna/tag/e2806894000040038662114f, 87
1652702709.681783, sdrt-health/mac:02010b41cdec/antenna/tag/e2806894000050038662154f, 85
1652702709.681916, sdrt-health/mac:02010b41cdec/antenna/tag/e2806894000050038661fd4f, 88
1652702709.711897, sdrt-health/mac:02010b41cdec/antenna/tag/e2806894000050038661fd4f, 91
1652702709.787587, sdrt-health/mac:02010b41cdec/antenna/tag/e2806894000040038662114f, 93
1652702709.787841, sdrt-health/mac:02010b41cdec/antenna/tag/e2806894000040038662114f, 85
1652702709.803364, sdrt-health/mac:02010b41cdec/antenna/tag/e2806894000040038662114f, 93
1652702709.828091, sdrt-health/mac:02010b41cdec/antenna/tag/e2806894000040038662114f, 85
1652702709.861979, sdrt-health/mac:02010b41cdec/antenna/tag/e2806894000050038661fd4f, 97
1652702709.862197, sdrt-health/mac:02010b41cdec/antenna/tag/e2806894000050038662154f, 85
1652702709.881553, sdrt-health/mac:02010b41cdec/antenna/tag/e2806894000050038662154f, 85
1652702709.912789, sdrt-health/mac:02010b41cdec/antenna/tag/e2806894000050038661fd4f, 97
1652702709.913016, sdrt-health/mac:02010b41cdec/antenna/tag/e28068940000500386620d4f, 83
1652702709.928174, sdrt-health/mac:02010b41cdec/antenna/tag/e2806894000050038662154f, 85
1652702709.961313, sdrt-health/mac:02010b41cdec/antenna/tag/e28068940000500386620d4f, 83
1652702710.000703, sdrt-health/mac:02010b41cdec/antenna/tag/e28068940000500386620d4f, 83
1652702710.042663, sdrt-health/mac:02010b41cdec/antenna/tag/e2806894000050038661fd4f, 91
1652702710.082642, sdrt-health/mac:02010b41cdec/antenna/tag/e2806894000040038662114f, 85
1652702710.149862, sdrt-health/mac:02010b41cdec/antenna/tag/e2806894000050038661fd4f, 91
1652702710.150139, sdrt-health/mac:02010b41cdec/antenna/tag/e28068940000500386620d4f, 83
1652702710.26075, sdrt-health/mac:02010b41cdec/antenna/tag/e28068940000500386620d4f, 83
1652702710.311707, sdrt-health/mac:02010b41cdec/antenna/tag/e2806894000050038661fd4f, 91
1652702710.342326, sdrt-health/mac:02010b41cdec/antenna/tag/e2806894000050038662154f, 85
1652702710.342522, sdrt-health/mac:02010b41cdec/antenna/tag/e28068940000400386621d4f, 96
1652702710.360637, sdrt-health/mac:02010b41cdec/antenna/tag/e2806894000040038662114f, 85
1652702710.410516, sdrt-health/mac:02010b41cdec/antenna/tag/e2806894000050038661fd4f, 83
1652702710.470087, sdrt-health/mac:02010b41cdec/antenna/tag/e2806894000050038662154f, 85
1652702710.47057, sdrt-health/mac:02010b41cdec/antenna/tag/e2806894000050038661fd4f, 91
1652702710.503864, sdrt-health/mac:02010b41cdec/antenna/tag/e2806894000050038661fd4f, 97
1652702710.550614, sdrt-health/mac:02010b41cdec/antenna/tag/e28068940000500386620d4f, 83
1652702710.606234, sdrt-health/mac:02010b41cdec/antenna/tag/e28068940000400386621d4f, 96
1652702710.606694, sdrt-health/mac:02010b41cdec/antenna/tag/e2806894000040038662114f, 85
1652702710.645307, sdrt-health/mac:02010b41cdec/antenna/tag/e28068940000400386621d4f, 77
1652702710.674392, sdrt-health/mac:02010b41cdec/antenna/tag/e28068940000500386620d4f, 83
1652702710.674598, sdrt-health/mac:02010b41cdec/antenna/tag/e2806894000050038662154f, 85
1652702710.69499, sdrt-health/mac:02010b41cdec/antenna/tag/e2806894000040038662114f, 85
1652702710.740383, sdrt-health/mac:02010b41cdec/antenna/tag/e28068940000400386621d4f, 77
1652702710.799426, sdrt-health/mac:02010b41cdec/antenna/tag/e28068940000400386621d4f, 96
1652702710.841673, sdrt-health/mac:02010b41cdec/antenna/tag/e2806894000050038661fd4f, 97
1652702710.871074, sdrt-health/mac:02010b41cdec/antenna/tag/e2806894000050038661fd4f, 83
1652702710.871499, sdrt-health/mac:02010b41cdec/antenna/tag/e28068940000500386620d4f, 83
1652702710.871701, sdrt-health/mac:02010b41cdec/antenna/tag/e2806894000050038662154f, 85
1652702710.907157, sdrt-health/mac:02010b41cdec/antenna/tag/e28068940000500386620d4f, 80
1652702710.982677, sdrt-health/mac:02010b41cdec/antenna/tag/e2806894000050038662154f, 88
1652702710.983068, sdrt-health/mac:02010b41cdec/antenna/tag/e2806894000040038662114f, 87
1652702710.983358, sdrt-health/mac:02010b41cdec/antenna/tag/e2806894000050038662154f, 85
1652702711.005454, sdrt-health/mac:02010b41cdec/antenna/tag/e28068940000400386621d4f, 77
1652702711.051464, sdrt-health/mac:02010b41cdec/antenna/tag/e28068940000400386621d4f, 96
1652702711.083771, sdrt-health/mac:02010b41cdec/antenna/tag/e28068940000500386620d4f, 90
1652702711.08402, sdrt-health/mac:02010b41cdec/antenna/tag/e2806894000050038661fd4f, 91
1652702711.098818, sdrt-health/mac:02010b41cdec/antenna/tag/e28068940000400386621d4f, 96
1652702711.142067, sdrt-health/mac:02010b41cdec/antenna/tag/e2806894000040038662114f, 85
1652702711.191197, sdrt-health/mac:02010b41cdec/antenna/tag/e2806894000050038661fd4f, 97
1652702711.246832, sdrt-health/mac:02010b41cdec/antenna/tag/e28068940000400386621d4f, 96
1652702711.247064, sdrt-health/mac:02010b41cdec/antenna/tag/e28068940000400386621d4f, 90
1652702711.280562, sdrt-health/mac:02010b41cdec/antenna/tag/e2806894000040038662114f, 93
1652702711.323144, sdrt-health/mac:02010b41cdec/antenna/tag/e2806894000050038661fd4f, 83
1652702711.367779, sdrt-health/mac:02010b41cdec/antenna/tag/e2806894000050038662154f, 88
1652702711.407125, sdrt-health/mac:02010b41cdec/antenna/tag/e2806894000050038661fd4f, 97
1652702711.407393, sdrt-health/mac:02010b41cdec/antenna/tag/e2806894000040038662114f, 87
1652702711.440592, sdrt-health/mac:02010b41cdec/antenna/tag/e2806894000050038661fd4f, 83
1652702711.472696, sdrt-health/mac:02010b41cdec/antenna/tag/e2806894000050038661fd4f, 83
1652702711.472955, sdrt-health/mac:02010b41cdec/antenna/tag/e28068940000400386621d4f, 96
1652702711.496393, sdrt-health/mac:02010b41cdec/antenna/tag/e28068940000400386621d4f, 96
1652702711.561689, sdrt-health/mac:02010b41cdec/antenna/tag/e2806894000050038662154f, 93
1652702711.61255, sdrt-health/mac:02010b41cdec/antenna/tag/e2806894000040038662114f, 93
1652702711.655915, sdrt-health/mac:02010b41cdec/antenna/tag/e2806894000050038662154f, 93
1652702711.740657, sdrt-health/mac:02010b41cdec/antenna/tag/e2806894000050038661fd4f, 83
1652702711.816805, sdrt-health/mac:02010b41cdec/antenna/tag/e28068940000400386621d4f, 96
1652702711.875895, sdrt-health/mac:02010b41cdec/antenna/tag/e28068940000400386621d4f, 96
1652702711.876101, sdrt-health/mac:02010b41cdec/antenna/tag/e28068940000400386621d4f, 96
1652702711.890546, sdrt-health/mac:02010b41cdec/antenna/tag/e2806894000050038661fd4f, 97
1652702711.890806, sdrt-health/mac:02010b41cdec/antenna/tag/e28068940000500386620d4f, 83
1652702711.890973, sdrt-health/mac:02010b41cdec/antenna/tag/e28068940000400386621d4f, 96
1652702711.910629, sdrt-health/mac:02010b41cdec/antenna/tag/e2806894000040038662114f, 85
1652702711.965853, sdrt-health/mac:02010b41cdec/antenna/tag/e2806894000050038662154f, 85
1652702711.966062, sdrt-health/mac:02010b41cdec/antenna/tag/e2806894000050038661fd4f, 88
1652702711.98046, sdrt-health/mac:02010b41cdec/antenna/tag/e2806894000040038662114f, 93
1652702712.014981, sdrt-health/mac:02010b41cdec/antenna/tag/e28068940000400386621d4f, 77
1652702712.015203, sdrt-health/mac:02010b41cdec/antenna/tag/e2806894000040038662114f, 87
1652702712.030757, sdrt-health/mac:02010b41cdec/antenna/tag/e2806894000050038662154f, 93
1652702712.030998, sdrt-health/mac:02010b41cdec/antenna/tag/e28068940000500386620d4f, 83
1652702712.049012, sdrt-health/mac:02010b41cdec/antenna/tag/e28068940000400386621d4f, 77
1652702712.091048, sdrt-health/mac:02010b41cdec/antenna/tag/e2806894000050038662194f, 82
1652702712.124908, sdrt-health/mac:02010b41cdec/antenna/tag/e28068940000500386620d4f, 83
1652702712.125228, sdrt-health/mac:02010b41cdec/antenna/tag/e2806894000050038662154f, 93
1652702712.1413, sdrt-health/mac:02010b41cdec/antenna/tag/e2806894000040038662114f, 93
1652702712.141547, sdrt-health/mac:02010b41cdec/antenna/tag/e28068940000400386621d4f, 77
1652702712.183905, sdrt-health/mac:02010b41cdec/antenna/tag/e28068940000500386620d4f, 83
1652702712.241574, sdrt-health/mac:02010b41cdec/antenna/tag/e28068940000500386620d4f, 80
1652702712.297067, sdrt-health/mac:02010b41cdec/antenna/tag/e2806894000050038662154f, 85
1652702712.297592, sdrt-health/mac:02010b41cdec/antenna/tag/e2806894000040038662114f, 87
1652702712.319122, sdrt-health/mac:02010b41cdec/antenna/tag/e28068940000400386621d4f, 96
1652702712.361681, sdrt-health/mac:02010b41cdec/antenna/tag/e2806894000040038662114f, 85
1652702712.36208, sdrt-health/mac:02010b41cdec/antenna/tag/e28068940000400386621d4f, 96
1652702712.379493, sdrt-health/mac:02010b41cdec/antenna/tag/e2806894000040038662114f, 85
1652702712.416148, sdrt-health/mac:02010b41cdec/antenna/tag/e2806894000050038661fd4f, 91
1652702712.447331, sdrt-health/mac:02010b41cdec/antenna/tag/e28068940000400386621d4f, 90
1652702712.447517, sdrt-health/mac:02010b41cdec/antenna/tag/e2806894000050038661fd4f, 97
1652702712.447636, sdrt-health/mac:02010b41cdec/antenna/tag/e2806894000050038662154f, 85
1652702712.471209, sdrt-health/mac:02010b41cdec/antenna/tag/e2806894000050038661fd4f, 83
1652702712.526197, sdrt-health/mac:02010b41cdec/antenna/tag/e2806894000050038662154f, 85
1652702712.526657, sdrt-health/mac:02010b41cdec/antenna/tag/e28068940000400386621d4f, 96
1652702712.541906, sdrt-health/mac:02010b41cdec/antenna/tag/e2806894000040038662114f, 85
1652702712.542289, sdrt-health/mac:02010b41cdec/antenna/tag/e2806894000050038662154f, 85
1652702712.560642, sdrt-health/mac:02010b41cdec/antenna/tag/e2806894000050038661fd4f, 83
1652702712.602546, sdrt-health/mac:02010b41cdec/antenna/tag/e28068940000400386621d4f, 77
1652702712.640163, sdrt-health/mac:02010b41cdec/antenna/tag/e2806894000050038662154f, 93
1652702712.696701, sdrt-health/mac:02010b41cdec/antenna/tag/e2806894000040038662114f, 93
1652702712.696961, sdrt-health/mac:02010b41cdec/antenna/tag/e2806894000050038662154f, 87
1652702712.737326, sdrt-health/mac:02010b41cdec/antenna/tag/e28068940000400386621d4f, 96
1652702712.811637, sdrt-health/mac:02010b41cdec/antenna/tag/e2806894000050038662154f, 85
1652702712.812175, sdrt-health/mac:02010b41cdec/antenna/tag/e2806894000050038662154f, 85
1652702712.826218, sdrt-health/mac:02010b41cdec/antenna/tag/e28068940000400386621d4f, 96
1652702712.826607, sdrt-health/mac:02010b41cdec/antenna/tag/e28068940000500386620d4f, 83
1652702712.832173, sdrt-health/mac:02010b41cdec/antenna/tag/e28068940000500386620d4f, 83
1652702712.883331, sdrt-health/mac:02010b41cdec/antenna/tag/e2806894000040038662114f, 85
1652702712.920181, sdrt-health/mac:02010b41cdec/antenna/tag/e2806894000040038662114f, 85
1652702712.960701, sdrt-health/mac:02010b41cdec/antenna/tag/e2806894000050038661fd4f, 97
1652702713.000979, sdrt-health/mac:02010b41cdec/antenna/tag/e2806894000050038662154f, 93
1652702713.041912, sdrt-health/mac:02010b41cdec/antenna/tag/e2806894000040038662114f, 85
1652702713.071631, sdrt-health/mac:02010b41cdec/antenna/tag/e2806894000040038662114f, 93
1652702713.072071, sdrt-health/mac:02010b41cdec/antenna/tag/e2806894000050038662154f, 93
1652702713.085931, sdrt-health/mac:02010b41cdec/antenna/tag/e2806894000050038661fd4f, 91
1652702713.120531, sdrt-health/mac:02010b41cdec/antenna/tag/e2806894000050038661fd4f, 88
1652702713.17695, sdrt-health/mac:02010b41cdec/antenna/tag/e2806894000040038662114f, 83
1652702713.177171, sdrt-health/mac:02010b41cdec/antenna/tag/e28068940000400386621d4f, 77
1652702713.195184, sdrt-health/mac:02010b41cdec/antenna/tag/e2806894000050038661fd4f, 91
1652702713.212198, sdrt-health/mac:02010b41cdec/antenna/tag/e28068940000500386620d4f, 83
1652702713.275629, sdrt-health/mac:02010b41cdec/antenna/tag/e28068940000400386621d4f, 96
1652702713.276162, sdrt-health/mac:02010b41cdec/antenna/tag/e28068940000500386620d4f, 83
1652702713.295535, sdrt-health/mac:02010b41cdec/antenna/tag/e28068940000400386621d4f, 77
1652702713.340894, sdrt-health/mac:02010b41cdec/antenna/tag/e28068940000400386621d4f, 77
1652702713.341234, sdrt-health/mac:02010b41cdec/antenna/tag/e28068940000400386621d4f, 96
1652702713.341464, sdrt-health/mac:02010b41cdec/antenna/tag/e28068940000500386620d4f, 83
1652702713.370342, sdrt-health/mac:02010b41cdec/antenna/tag/e2806894000050038661fd4f, 88
1652702713.435363, sdrt-health/mac:02010b41cdec/antenna/tag/e2806894000050038661fd4f, 91
1652702713.435881, sdrt-health/mac:02010b41cdec/antenna/tag/e28068940000400386621d4f, 77
1652702713.451639, sdrt-health/mac:02010b41cdec/antenna/tag/e2806894000050038661fd4f, 97
1652702713.452167, sdrt-health/mac:02010b41cdec/antenna/tag/e28068940000400386621d4f, 77
1652702713.46133, sdrt-health/mac:02010b41cdec/antenna/tag/e2806894000040038662114f, 93
1652702713.470181, sdrt-health/mac:02010b41cdec/antenna/tag/e28068940000500386620d4f, 90
1652702713.513134, sdrt-health/mac:02010b41cdec/antenna/tag/e2806894000050038662154f, 85
1652702713.56055, sdrt-health/mac:02010b41cdec/antenna/tag/e2806894000050038662154f, 93
1652702713.616409, sdrt-health/mac:02010b41cdec/antenna/tag/e28068940000500386620d4f, 83
1652702713.616928, sdrt-health/mac:02010b41cdec/antenna/tag/e2806894000040038662114f, 85
1652702713.643795, sdrt-health/mac:02010b41cdec/antenna/tag/e28068940000400386621d4f, 96
1652702713.683958, sdrt-health/mac:02010b41cdec/antenna/tag/e2806894000040038662114f, 87
1652702713.724725, sdrt-health/mac:02010b41cdec/antenna/tag/e2806894000050038661fd4f, 91
1652702713.766236, sdrt-health/mac:02010b41cdec/antenna/tag/e2806894000050038661fd4f, 97
1652702713.807878, sdrt-health/mac:02010b41cdec/antenna/tag/e28068940000400386621d4f, 77
1652702713.80826, sdrt-health/mac:02010b41cdec/antenna/tag/e2806894000050038661fd4f, 91
1652702713.825044, sdrt-health/mac:02010b41cdec/antenna/tag/e28068940000400386621d4f, 77
1652702713.825321, sdrt-health/mac:02010b41cdec/antenna/tag/e28068940000500386620d4f, 83
1652702713.850802, sdrt-health/mac:02010b41cdec/antenna/tag/e28068940000400386621d4f, 77
1652702713.934879, sdrt-health/mac:02010b41cdec/antenna/tag/e28068940000500386620d4f, 83
1652702713.935394, sdrt-health/mac:02010b41cdec/antenna/tag/e2806894000040038662114f, 88
1652702713.949873, sdrt-health/mac:02010b41cdec/antenna/tag/e2806894000050038661fd4f, 83
1652702713.96185, sdrt-health/mac:02010b41cdec/antenna/tag/e2806894000040038662114f, 88
1652702713.96546, sdrt-health/mac:02010b41cdec/antenna/tag/e28068940000500386620d4f, 83
1652702714.022618, sdrt-health/mac:02010b41cdec/antenna/tag/e28068940000400386621d4f, 96
1652702714.062619, sdrt-health/mac:02010b41cdec/antenna/tag/e2806894000040038662114f, 88
1652702714.126048, sdrt-health/mac:02010b41cdec/antenna/tag/e2806894000050038662154f, 85
1652702714.126419, sdrt-health/mac:02010b41cdec/antenna/tag/e28068940000400386621d4f, 96
1652702714.126722, sdrt-health/mac:02010b41cdec/antenna/tag/e28068940000400386621d4f, 96
1652702714.160515, sdrt-health/mac:02010b41cdec/antenna/tag/e28068940000400386621d4f, 77
1652702714.201382, sdrt-health/mac:02010b41cdec/antenna/tag/e2806894000040038662114f, 85
1652702714.256174, sdrt-health/mac:02010b41cdec/antenna/tag/e2806894000050038661fd4f, 91
1652702714.256412, sdrt-health/mac:02010b41cdec/antenna/tag/e28068940000400386621d4f, 77
1652702714.281794, sdrt-health/mac:02010b41cdec/antenna/tag/e28068940000400386621d4f, 90
1652702714.334633, sdrt-health/mac:02010b41cdec/antenna/tag/e2806894000040038662114f, 85
1652702714.334972, sdrt-health/mac:02010b41cdec/antenna/tag/e2806894000050038662154f, 85
1652702714.349453, sdrt-health/mac:02010b41cdec/antenna/tag/e2806894000050038661fd4f, 91
1652702714.364217, sdrt-health/mac:02010b41cdec/antenna/tag/e28068940000500386620d4f, 83
1652702714.369481, sdrt-health/mac:02010b41cdec/antenna/tag/e2806894000050038661fd4f, 97
1652702714.369711, sdrt-health/mac:02010b41cdec/antenna/tag/e2806894000050038662154f, 88
1652702714.421517, sdrt-health/mac:02010b41cdec/antenna/tag/e2806894000050038662154f, 85
1652702714.424304, sdrt-health/mac:02010b41cdec/antenna/tag/e2806894000050038661fd4f, 97
1652702714.47273, sdrt-health/mac:02010b41cdec/antenna/tag/e2806894000050038662154f, 85
1652702714.532704, sdrt-health/mac:02010b41cdec/antenna/tag/e2806894000040038662114f, 85
1652702714.532987, sdrt-health/mac:02010b41cdec/antenna/tag/e2806894000050038661fd4f, 83
1652702714.560436, sdrt-health/mac:02010b41cdec/antenna/tag/e2806894000050038661fd4f, 91
1652702714.58919, sdrt-health/mac:02010b41cdec/antenna/tag/e2806894000050038662154f, 93
1652702714.589404, sdrt-health/mac:02010b41cdec/antenna/tag/e28068940000400386621d4f, 96
1652702714.604708, sdrt-health/mac:02010b41cdec/antenna/tag/e2806894000040038662114f, 85
1652702714.604926, sdrt-health/mac:02010b41cdec/antenna/tag/e28068940000500386620d4f, 83
1652702714.642246, sdrt-health/mac:02010b41cdec/antenna/tag/e28068940000400386621d4f, 96
1652702714.711641, sdrt-health/mac:02010b41cdec/antenna/tag/e28068940000400386621d4f, 96
1652702714.755316, sdrt-health/mac:02010b41cdec/antenna/tag/e28068940000500386620d4f, 83
1652702714.819686, sdrt-health/mac:02010b41cdec/antenna/tag/e28068940000400386621d4f, 96
1652702714.820266, sdrt-health/mac:02010b41cdec/antenna/tag/e28068940000500386620d4f, 83
1652702714.835777, sdrt-health/mac:02010b41cdec/antenna/tag/e28068940000400386621d4f, 77
1652702714.836366, sdrt-health/mac:02010b41cdec/antenna/tag/e28068940000400386621d4f, 77
1652702714.843104, sdrt-health/mac:02010b41cdec/antenna/tag/e28068940000400386621d4f, 77
1652702714.887143, sdrt-health/mac:02010b41cdec/antenna/tag/e2806894000050038661fd4f, 88
1652702714.935609, sdrt-health/mac:02010b41cdec/antenna/tag/e2806894000050038662154f, 85
1652702714.981728, sdrt-health/mac:02010b41cdec/antenna/tag/e2806894000040038662114f, 87
1652702715.03549, sdrt-health/mac:02010b41cdec/antenna/tag/e2806894000040038662114f, 87
1652702715.095733, sdrt-health/mac:02010b41cdec/antenna/tag/e28068940000500386620d4f, 80
1652702715.09602, sdrt-health/mac:02010b41cdec/antenna/tag/e28068940000500386620d4f, 83
1652702715.110815, sdrt-health/mac:02010b41cdec/antenna/tag/e28068940000400386621d4f, 96
1652702715.127831, sdrt-health/mac:02010b41cdec/antenna/tag/e2806894000050038662154f, 93
1652702715.198525, sdrt-health/mac:02010b41cdec/antenna/tag/e28068940000400386621d4f, 96
1652702715.199101, sdrt-health/mac:02010b41cdec/antenna/tag/e28068940000400386621d4f, 96
1652702715.222185, sdrt-health/mac:02010b41cdec/antenna/tag/e2806894000050038661fd4f, 83
1652702715.293044, sdrt-health/mac:02010b41cdec/antenna/tag/e2806894000050038662154f, 85
1652702715.293521, sdrt-health/mac:02010b41cdec/antenna/tag/e28068940000500386620d4f, 80
1652702715.309441, sdrt-health/mac:02010b41cdec/antenna/tag/e28068940000400386621d4f, 96
1652702715.318385, sdrt-health/mac:02010b41cdec/antenna/tag/e28068940000400386621d4f, 96
1652702715.327263, sdrt-health/mac:02010b41cdec/antenna/tag/e28068940000400386621d4f, 96
1652702715.360172, sdrt-health/mac:02010b41cdec/antenna/tag/e28068940000500386620d4f, 83
1652702715.39983, sdrt-health/mac:02010b41cdec/antenna/tag/e28068940000500386620d4f, 83
1652702715.446122, sdrt-health/mac:02010b41cdec/antenna/tag/e28068940000500386620d4f, 83
1652702715.498032, sdrt-health/mac:02010b41cdec/antenna/tag/e2806894000040038662114f, 85
1652702715.585334, sdrt-health/mac:02010b41cdec/antenna/tag/e2806894000050038662154f, 85
1652702715.585796, sdrt-health/mac:02010b41cdec/antenna/tag/e2806894000040038662114f, 85
1652702715.601963, sdrt-health/mac:02010b41cdec/antenna/tag/e2806894000040038662054f, 84
1652702715.657892, sdrt-health/mac:02010b41cdec/antenna/tag/e2806894000050038661fd4f, 91
1652702715.658119, sdrt-health/mac:02010b41cdec/antenna/tag/e2806894000040038662114f, 87
1652702715.673974, sdrt-health/mac:02010b41cdec/antenna/tag/e2806894000050038662154f, 85
1652702715.68213, sdrt-health/mac:02010b41cdec/antenna/tag/e28068940000500386620d4f, 80
1652702715.720663, sdrt-health/mac:02010b41cdec/antenna/tag/e2806894000050038662194f, 81
1652702715.761565, sdrt-health/mac:02010b41cdec/antenna/tag/e28068940000400386621d4f, 77
1652702715.801758, sdrt-health/mac:02010b41cdec/antenna/tag/e2806894000050038661fd4f, 91
1652702715.856944, sdrt-health/mac:02010b41cdec/antenna/tag/e28068940000400386621d4f, 77
1652702715.857338, sdrt-health/mac:02010b41cdec/antenna/tag/e28068940000400386621d4f, 90
1652702715.871336, sdrt-health/mac:02010b41cdec/antenna/tag/e2806894000050038661fd4f, 91
1652702715.895554, sdrt-health/mac:02010b41cdec/antenna/tag/e2806894000050038661fd4f, 97
1652702715.940671, sdrt-health/mac:02010b41cdec/antenna/tag/e28068940000400386621d4f, 96
1652702715.993099, sdrt-health/mac:02010b41cdec/antenna/tag/e28068940000400386621d4f, 96
1652702716.043914, sdrt-health/mac:02010b41cdec/antenna/tag/e2806894000050038662154f, 85
1652702716.04412, sdrt-health/mac:02010b41cdec/antenna/tag/e28068940000400386621d4f, 96
1652702716.097712, sdrt-health/mac:02010b41cdec/antenna/tag/e28068940000500386620d4f, 83
1652702716.134176, sdrt-health/mac:02010b41cdec/antenna/tag/e2806894000040038662114f, 93
1652702716.169614, sdrt-health/mac:02010b41cdec/antenna/tag/e2806894000050038661fd4f, 88
1652702716.234054, sdrt-health/mac:02010b41cdec/antenna/tag/e2806894000050038661fd4f, 91
1652702716.234653, sdrt-health/mac:02010b41cdec/antenna/tag/e2806894000050038662154f, 85
1652702716.263814, sdrt-health/mac:02010b41cdec/antenna/tag/e2806894000050038661fd4f, 91
1652702716.3251, sdrt-health/mac:02010b41cdec/antenna/tag/e2806894000040038662114f, 85
1652702716.380852, sdrt-health/mac:02010b41cdec/antenna/tag/e2806894000040038662114f, 93
1652702716.439858, sdrt-health/mac:02010b41cdec/antenna/tag/e28068940000400386621d4f, 96
1652702716.440044, sdrt-health/mac:02010b41cdec/antenna/tag/e2806894000050038661fd4f, 97
1652702716.456439, sdrt-health/mac:02010b41cdec/antenna/tag/e28068940000500386620d4f, 83
1652702716.47452, sdrt-health/mac:02010b41cdec/antenna/tag/e28068940000500386620d4f, 80
1652702716.522382, sdrt-health/mac:02010b41cdec/antenna/tag/e28068940000400386621d4f, 96
1652702716.561122, sdrt-health/mac:02010b41cdec/antenna/tag/e2806894000040038662114f, 85
1652702716.646536, sdrt-health/mac:02010b41cdec/antenna/tag/e2806894000050038662154f, 85
1652702716.646743, sdrt-health/mac:02010b41cdec/antenna/tag/e2806894000050038661fd4f, 91
1652702716.661899, sdrt-health/mac:02010b41cdec/antenna/tag/e2806894000050038662154f, 85
1652702716.717785, sdrt-health/mac:02010b41cdec/antenna/tag/e28068940000400386621d4f, 77
1652702716.750713, sdrt-health/mac:02010b41cdec/antenna/tag/e2806894000050038661fd4f, 97
1652702716.750929, sdrt-health/mac:02010b41cdec/antenna/tag/e28068940000500386620d4f, 83
1652702716.773606, sdrt-health/mac:02010b41cdec/antenna/tag/e2806894000040038662114f, 85
1652702716.811399, sdrt-health/mac:02010b41cdec/antenna/tag/e2806894000050038661fd4f, 91
1652702716.891788, sdrt-health/mac:02010b41cdec/antenna/tag/e2806894000040038662114f, 85
1652702716.92521, sdrt-health/mac:02010b41cdec/antenna/tag/e28068940000500386620d4f, 83
1652702716.925438, sdrt-health/mac:02010b41cdec/antenna/tag/e28068940000400386621d4f, 96
1652702716.946799, sdrt-health/mac:02010b41cdec/antenna/tag/e28068940000400386621d4f, 96
1652702716.994694, sdrt-health/mac:02010b41cdec/antenna/tag/e2806894000050038662154f, 85
1652702717.042159, sdrt-health/mac:02010b41cdec/antenna/tag/e2806894000050038662154f, 85
1652702717.077626, sdrt-health/mac:02010b41cdec/antenna/tag/e2806894000050038661fd4f, 83
1652702717.077841, sdrt-health/mac:02010b41cdec/antenna/tag/e2806894000050038662154f, 87
1652702717.092908, sdrt-health/mac:02010b41cdec/antenna/tag/e28068940000400386621d4f, 96
1652702717.130932, sdrt-health/mac:02010b41cdec/antenna/tag/e28068940000400386621d4f, 77
1652702717.176002, sdrt-health/mac:02010b41cdec/antenna/tag/e2806894000040038662114f, 85
1652702717.22854, sdrt-health/mac:02010b41cdec/antenna/tag/e28068940000400386621d4f, 77
1652702717.280232, sdrt-health/mac:02010b41cdec/antenna/tag/e2806894000040038662114f, 87
1652702717.320445, sdrt-health/mac:02010b41cdec/antenna/tag/e2806894000050038662154f, 85
1652702717.37644, sdrt-health/mac:02010b41cdec/antenna/tag/e2806894000040038662114f, 93
1652702717.376906, sdrt-health/mac:02010b41cdec/antenna/tag/e2806894000050038661fd4f, 97
1652702717.403759, sdrt-health/mac:02010b41cdec/antenna/tag/e2806894000050038661fd4f, 97
1652702717.457325, sdrt-health/mac:02010b41cdec/antenna/tag/e28068940000500386620d4f, 83
1652702717.457789, sdrt-health/mac:02010b41cdec/antenna/tag/e2806894000040038662114f, 83
1652702717.472527, sdrt-health/mac:02010b41cdec/antenna/tag/e2806894000050038662154f, 85
1652702717.48163, sdrt-health/mac:02010b41cdec/antenna/tag/e28068940000500386620d4f, 80
1652702717.527437, sdrt-health/mac:02010b41cdec/antenna/tag/e28068940000500386620d4f, 90
1652702717.588743, sdrt-health/mac:02010b41cdec/antenna/tag/e2806894000040038662114f, 85
1652702717.58902, sdrt-health/mac:02010b41cdec/antenna/tag/e2806894000050038662154f, 85
1652702717.604753, sdrt-health/mac:02010b41cdec/antenna/tag/e28068940000400386621d4f, 77
1652702717.640439, sdrt-health/mac:02010b41cdec/antenna/tag/e28068940000500386620d4f, 83
1652702717.640638, sdrt-health/mac:02010b41cdec/antenna/tag/e2806894000050038661fd4f, 91
1652702717.670865, sdrt-health/mac:02010b41cdec/antenna/tag/e2806894000050038661fd4f, 97
1652702717.67127, sdrt-health/mac:02010b41cdec/antenna/tag/e2806894000040038662114f, 93
1652702717.685854, sdrt-health/mac:02010b41cdec/antenna/tag/e2806894000050038661fd4f, 97
1652702717.711761, sdrt-health/mac:02010b41cdec/antenna/tag/e28068940000500386620d4f, 80
1652702717.762319, sdrt-health/mac:02010b41cdec/antenna/tag/e2806894000050038661fd4f, 97
1652702717.816219, sdrt-health/mac:02010b41cdec/antenna/tag/e2806894000050038661fd4f, 83
1652702717.845791, sdrt-health/mac:02010b41cdec/antenna/tag/e28068940000500386620d4f, 83
1652702717.84599, sdrt-health/mac:02010b41cdec/antenna/tag/e2806894000050038661fd4f, 97
1652702717.860113, sdrt-health/mac:02010b41cdec/antenna/tag/e28068940000400386621d4f, 96
1652702717.860439, sdrt-health/mac:02010b41cdec/antenna/tag/e2806894000040038662114f, 93
1652702717.860602, sdrt-health/mac:02010b41cdec/antenna/tag/e2806894000040038662114f, 93
1652702717.931845, sdrt-health/mac:02010b41cdec/antenna/tag/e2806894000050038662154f, 91
1652702717.990201, sdrt-health/mac:02010b41cdec/antenna/tag/e2806894000050038662154f, 88
1652702718.052258, sdrt-health/mac:02010b41cdec/antenna/tag/e28068940000400386621d4f, 96
1652702718.052609, sdrt-health/mac:02010b41cdec/antenna/tag/e28068940000400386621d4f, 96
1652702718.084957, sdrt-health/mac:02010b41cdec/antenna/tag/e2806894000050038661fd4f, 91
1652702718.167006, sdrt-health/mac:02010b41cdec/antenna/tag/e2806894000040038662114f, 85
1652702718.167411, sdrt-health/mac:02010b41cdec/antenna/tag/e28068940000500386620d4f, 83
1652702718.167819, sdrt-health/mac:02010b41cdec/antenna/tag/e28068940000400386621d4f, 96
1652702718.168257, sdrt-health/mac:02010b41cdec/antenna/tag/e28068940000500386620d4f, 83
1652702718.214424, sdrt-health/mac:02010b41cdec/antenna/tag/e28068940000500386620d4f, 83
1652702718.249447, sdrt-health/mac:02010b41cdec/antenna/tag/e28068940000400386621d4f, 90
1652702718.249671, sdrt-health/mac:02010b41cdec/antenna/tag/e2806894000040038662114f, 85
1652702718.249808, sdrt-health/mac:02010b41cdec/antenna/tag/e2806894000050038662154f, 85
1652702718.279592, sdrt-health/mac:02010b41cdec/antenna/tag/e2806894000050038661fd4f, 97
1652702718.356428, sdrt-health/mac:02010b41cdec/antenna/tag/e28068940000500386620d4f, 83
1652702718.356873, sdrt-health/mac:02010b41cdec/antenna/tag/e28068940000500386620d4f, 83
1652702718.372207, sdrt-health/mac:02010b41cdec/antenna/tag/e2806894000050038662154f, 85
1652702718.495558, sdrt-health/mac:02010b41cdec/antenna/tag/e2806894000040038662114f, 88
1652702718.525907, sdrt-health/mac:02010b41cdec/antenna/tag/e2806894000050038662154f, 93
1652702718.526236, sdrt-health/mac:02010b41cdec/antenna/tag/e2806894000040038662114f, 93
1652702718.526467, sdrt-health/mac:02010b41cdec/antenna/tag/e2806894000040038662114f, 93
1652702718.56872, sdrt-health/mac:02010b41cdec/antenna/tag/e2806894000050038661fd4f, 88
1652702718.635221, sdrt-health/mac:02010b41cdec/antenna/tag/e28068940000400386621d4f, 77
1652702718.635814, sdrt-health/mac:02010b41cdec/antenna/tag/e2806894000050038661fd4f, 91
1652702718.648752, sdrt-health/mac:02010b41cdec/antenna/tag/e28068940000400386621d4f, 77
1652702718.710384, sdrt-health/mac:02010b41cdec/antenna/tag/e2806894000050038662154f, 85
1652702718.767495, sdrt-health/mac:02010b41cdec/antenna/tag/e2806894000050038662154f, 93
1652702718.902795, sdrt-health/mac:02010b41cdec/antenna/tag/e2806894000040038662114f, 93
1652702718.941362, sdrt-health/mac:02010b41cdec/antenna/tag/e2806894000050038661fd4f, 83
1652702718.941869, sdrt-health/mac:02010b41cdec/antenna/tag/e28068940000400386621d4f, 96
1652702718.957458, sdrt-health/mac:02010b41cdec/antenna/tag/e2806894000040038662114f, 88
1652702719.014919, sdrt-health/mac:02010b41cdec/antenna/tag/e2806894000040038662114f, 85
1652702719.081772, sdrt-health/mac:02010b41cdec/antenna/tag/e28068940000500386620d4f, 83
1652702719.123718, sdrt-health/mac:02010b41cdec/antenna/tag/e2806894000050038662154f, 85
1652702719.194039, sdrt-health/mac:02010b41cdec/antenna/tag/e2806894000040038662114f, 85
1652702719.194307, sdrt-health/mac:02010b41cdec/antenna/tag/e2806894000040038662114f, 85
1652702719.209123, sdrt-health/mac:02010b41cdec/antenna/tag/e2806894000050038662154f, 85
1652702719.209374, sdrt-health/mac:02010b41cdec/antenna/tag/e28068940000400386621d4f, 77
1652702719.209508, sdrt-health/mac:02010b41cdec/antenna/tag/e2806894000040038662114f, 93
1652702719.228712, sdrt-health/mac:02010b41cdec/antenna/tag/e2806894000040038662114f, 85
1652702719.300096, sdrt-health/mac:02010b41cdec/antenna/tag/e28068940000400386621d4f, 90
1652702719.300655, sdrt-health/mac:02010b41cdec/antenna/tag/e28068940000500386620d4f, 83
1652702719.301078, sdrt-health/mac:02010b41cdec/antenna/tag/e2806894000050038662154f, 85
1652702719.316119, sdrt-health/mac:02010b41cdec/antenna/tag/e28068940000400386621d4f, 96
1652702719.316342, sdrt-health/mac:02010b41cdec/antenna/tag/e2806894000040038662114f, 88
1652702719.327732, sdrt-health/mac:02010b41cdec/antenna/tag/e2806894000050038662154f, 85
1652702719.372344, sdrt-health/mac:02010b41cdec/antenna/tag/e28068940000500386620d4f, 83
1652702719.445626, sdrt-health/mac:02010b41cdec/antenna/tag/e28068940000400386621d4f, 96
1652702719.44614, sdrt-health/mac:02010b41cdec/antenna/tag/e2806894000050038662154f, 85
1652702719.446476, sdrt-health/mac:02010b41cdec/antenna/tag/e28068940000400386621d4f, 96
1652702719.472917, sdrt-health/mac:02010b41cdec/antenna/tag/e28068940000500386620d4f, 80
1652702719.524198, sdrt-health/mac:02010b41cdec/antenna/tag/e2806894000050038661fd4f, 91
1652702719.556438, sdrt-health/mac:02010b41cdec/antenna/tag/e28068940000400386621d4f, 96
1652702719.556832, sdrt-health/mac:02010b41cdec/antenna/tag/e28068940000400386621d4f, 96
1652702719.575968, sdrt-health/mac:02010b41cdec/antenna/tag/e2806894000050038661fd4f, 97
1652702719.621968, sdrt-health/mac:02010b41cdec/antenna/tag/e2806894000050038661fd4f, 83
1652702719.677841, sdrt-health/mac:02010b41cdec/antenna/tag/e28068940000400386621d4f, 96
1652702719.678348, sdrt-health/mac:02010b41cdec/antenna/tag/e2806894000040038662114f, 88
1652702719.678693, sdrt-health/mac:02010b41cdec/antenna/tag/e28068940000400386621d4f, 96
1652702719.712478, sdrt-health/mac:02010b41cdec/antenna/tag/e28068940000500386620d4f, 83
1652702719.775238, sdrt-health/mac:02010b41cdec/antenna/tag/e2806894000040038662114f, 87
1652702719.775463, sdrt-health/mac:02010b41cdec/antenna/tag/e28068940000500386620d4f, 83
1652702719.789404, sdrt-health/mac:02010b41cdec/antenna/tag/e2806894000040038662114f, 93
1652702719.81796, sdrt-health/mac:02010b41cdec/antenna/tag/e2806894000040038662114f, 85
1652702719.875843, sdrt-health/mac:02010b41cdec/antenna/tag/e2806894000040038662114f, 85
1652702719.876327, sdrt-health/mac:02010b41cdec/antenna/tag/e2806894000050038661fd4f, 91
1652702719.903112, sdrt-health/mac:02010b41cdec/antenna/tag/e2806894000040038662114f, 88
1652702719.964044, sdrt-health/mac:02010b41cdec/antenna/tag/e28068940000400386621d4f, 77
1652702720.018467, sdrt-health/mac:02010b41cdec/antenna/tag/e2806894000050038661fd4f, 91
1652702720.019067, sdrt-health/mac:02010b41cdec/antenna/tag/e2806894000050038661fd4f, 91
1652702720.033631, sdrt-health/mac:02010b41cdec/antenna/tag/e28068940000400386621d4f, 77
1652702720.063896, sdrt-health/mac:02010b41cdec/antenna/tag/e28068940000500386620d4f, 83
1652702720.064125, sdrt-health/mac:02010b41cdec/antenna/tag/e2806894000040038662114f, 93
1652702720.06428, sdrt-health/mac:02010b41cdec/antenna/tag/e2806894000050038662154f, 93
1652702720.080534, sdrt-health/mac:02010b41cdec/antenna/tag/e2806894000050038662154f, 87
1652702720.136034, sdrt-health/mac:02010b41cdec/antenna/tag/e28068940000400386621d4f, 77
1652702720.136416, sdrt-health/mac:02010b41cdec/antenna/tag/e28068940000400386621d4f, 96
1652702720.160937, sdrt-health/mac:02010b41cdec/antenna/tag/e28068940000400386621d4f, 96
1652702720.256458, sdrt-health/mac:02010b41cdec/antenna/tag/e28068940000500386620d4f, 90
1652702720.256982, sdrt-health/mac:02010b41cdec/antenna/tag/e2806894000040038661f94f, 84
1652702720.360354, sdrt-health/mac:02010b41cdec/antenna/tag/e28068940000400386621d4f, 96
1652702720.430579, sdrt-health/mac:02010b41cdec/antenna/tag/e2806894000040038662114f, 88
1652702720.483947, sdrt-health/mac:02010b41cdec/antenna/tag/e28068940000400386621d4f, 90
1652702720.538536, sdrt-health/mac:02010b41cdec/antenna/tag/e28068940000500386620d4f, 80
1652702720.538757, sdrt-health/mac:02010b41cdec/antenna/tag/e2806894000040038662114f, 88
1652702720.560981, sdrt-health/mac:02010b41cdec/antenna/tag/e2806894000050038662154f, 85
1652702720.561325, sdrt-health/mac:02010b41cdec/antenna/tag/e28068940000500386620d4f, 83
1652702720.603269, sdrt-health/mac:02010b41cdec/antenna/tag/e2806894000040038662114f, 85
1652702720.657533, sdrt-health/mac:02010b41cdec/antenna/tag/e2806894000050038662154f, 85
1652702720.657734, sdrt-health/mac:02010b41cdec/antenna/tag/e28068940000400386621d4f, 77
1652702720.718065, sdrt-health/mac:02010b41cdec/antenna/tag/e28068940000500386620d4f, 83
1652702720.780516, sdrt-health/mac:02010b41cdec/antenna/tag/e2806894000050038662154f, 85
1652702720.820741, sdrt-health/mac:02010b41cdec/antenna/tag/e2806894000050038661fd4f, 97
1652702720.894285, sdrt-health/mac:02010b41cdec/antenna/tag/e2806894000040038662114f, 85
1652702720.894704, sdrt-health/mac:02010b41cdec/antenna/tag/e2806894000050038662154f, 88
1652702720.909702, sdrt-health/mac:02010b41cdec/antenna/tag/e28068940000400386621d4f, 96
1652702720.935698, sdrt-health/mac:02010b41cdec/antenna/tag/e28068940000400386621d4f, 96
1652702720.981774, sdrt-health/mac:02010b41cdec/antenna/tag/e2806894000050038661fd4f, 97
1652702721.0842, sdrt-health/mac:02010b41cdec/antenna/tag/e28068940000400386621d4f, 96
1652702721.084437, sdrt-health/mac:02010b41cdec/antenna/tag/e28068940000400386621d4f, 96
1652702721.121536, sdrt-health/mac:02010b41cdec/antenna/tag/e2806894000050038661fd4f, 88
1652702721.16216, sdrt-health/mac:02010b41cdec/antenna/tag/e28068940000500386620d4f, 90
1652702721.162404, sdrt-health/mac:02010b41cdec/antenna/tag/e28068940000400386621d4f, 96
1652702721.178751, sdrt-health/mac:02010b41cdec/antenna/tag/e2806894000050038661fd4f, 91
1652702721.20059, sdrt-health/mac:02010b41cdec/antenna/tag/e28068940000500386620d4f, 83
1652702721.26231, sdrt-health/mac:02010b41cdec/antenna/tag/e2806894000040038662114f, 85
1652702721.262737, sdrt-health/mac:02010b41cdec/antenna/tag/e2806894000050038662154f, 85
1652702721.278407, sdrt-health/mac:02010b41cdec/antenna/tag/e28068940000500386620d4f, 83
1652702721.309936, sdrt-health/mac:02010b41cdec/antenna/tag/e28068940000400386621d4f, 96
1652702721.310135, sdrt-health/mac:02010b41cdec/antenna/tag/e2806894000050038661fd4f, 91
1652702721.334251, sdrt-health/mac:02010b41cdec/antenna/tag/e2806894000050038661fd4f, 91
1652702721.446486, sdrt-health/mac:02010b41cdec/antenna/tag/e28068940000400386621d4f, 96
1652702721.505326, sdrt-health/mac:02010b41cdec/antenna/tag/e2806894000050038662154f, 93
1652702721.570893, sdrt-health/mac:02010b41cdec/antenna/tag/e2806894000040038662114f, 93
1652702721.571449, sdrt-health/mac:02010b41cdec/antenna/tag/e2806894000050038662154f, 93
1652702721.609025, sdrt-health/mac:02010b41cdec/antenna/tag/e2806894000040038662114f, 88
1652702721.6737, sdrt-health/mac:02010b41cdec/antenna/tag/e28068940000500386620d4f, 83
1652702721.674205, sdrt-health/mac:02010b41cdec/antenna/tag/e2806894000050038662154f, 87
1652702721.702462, sdrt-health/mac:02010b41cdec/antenna/tag/e2806894000050038662154f, 85
1652702721.766419, sdrt-health/mac:02010b41cdec/antenna/tag/e28068940000500386620d4f, 80
1652702721.766901, sdrt-health/mac:02010b41cdec/antenna/tag/e28068940000500386620d4f, 83
1652702721.783303, sdrt-health/mac:02010b41cdec/antenna/tag/e2806894000050038662154f, 85
1652702721.790527, sdrt-health/mac:02010b41cdec/antenna/tag/e28068940000400386621d4f, 96
1652702721.85342, sdrt-health/mac:02010b41cdec/antenna/tag/e2806894000040038662114f, 88
1652702721.890732, sdrt-health/mac:02010b41cdec/antenna/tag/e2806894000050038662154f, 85
1652702721.891096, sdrt-health/mac:02010b41cdec/antenna/tag/e28068940000500386620d4f, 83
1652702721.913278, sdrt-health/mac:02010b41cdec/antenna/tag/e28068940000500386620d4f, 83
1652702722.020605, sdrt-health/mac:02010b41cdec/antenna/tag/e2806894000050038662154f, 88
1652702722.081187, sdrt-health/mac:02010b41cdec/antenna/tag/e28068940000500386620d4f, 80
1652702722.12075, sdrt-health/mac:02010b41cdec/antenna/tag/e28068940000500386620d4f, 83
1652702722.155302, sdrt-health/mac:02010b41cdec/antenna/tag/e2806894000050038662154f, 85
1652702722.155658, sdrt-health/mac:02010b41cdec/antenna/tag/e28068940000400386621d4f, 96
1652702722.219985, sdrt-health/mac:02010b41cdec/antenna/tag/e2806894000050038662154f, 93
1652702722.261098, sdrt-health/mac:02010b41cdec/antenna/tag/e2806894000040038662114f, 87
1652702722.263382, sdrt-health/mac:02010b41cdec/antenna/tag/e2806894000050038662154f, 93
1652702722.342814, sdrt-health/mac:02010b41cdec/antenna/tag/e2806894000050038662154f, 88
1652702722.395461, sdrt-health/mac:02010b41cdec/antenna/tag/e28068940000400386621d4f, 96
1652702722.474651, sdrt-health/mac:02010b41cdec/antenna/tag/e2806894000050038661fd4f, 91
1652702722.475104, sdrt-health/mac:02010b41cdec/antenna/tag/e28068940000500386620d4f, 80
1652702722.475528, sdrt-health/mac:02010b41cdec/antenna/tag/e2806894000040038662114f, 87
1652702722.501095, sdrt-health/mac:02010b41cdec/antenna/tag/e2806894000050038661fd4f, 91
1652702722.533163, sdrt-health/mac:02010b41cdec/antenna/tag/e28068940000400386621d4f, 96
1652702722.533586, sdrt-health/mac:02010b41cdec/antenna/tag/e2806894000050038662154f, 85
1652702722.533941, sdrt-health/mac:02010b41cdec/antenna/tag/e2806894000040038662114f, 93
1652702722.554893, sdrt-health/mac:02010b41cdec/antenna/tag/e2806894000050038661fd4f, 97
1652702722.555201, sdrt-health/mac:02010b41cdec/antenna/tag/e2806894000040038662114f, 87
1652702722.593681, sdrt-health/mac:02010b41cdec/antenna/tag/e2806894000050038661fd4f, 91
1652702722.640496, sdrt-health/mac:02010b41cdec/antenna/tag/e2806894000040038662114f, 93
1652702722.707454, sdrt-health/mac:02010b41cdec/antenna/tag/e28068940000500386620d4f, 80
1652702722.707645, sdrt-health/mac:02010b41cdec/antenna/tag/e2806894000040038662114f, 87
1652702722.744503, sdrt-health/mac:02010b41cdec/antenna/tag/e28068940000400386621d4f, 90
1652702722.808217, sdrt-health/mac:02010b41cdec/antenna/tag/e28068940000400386621d4f, 96
1652702722.842427, sdrt-health/mac:02010b41cdec/antenna/tag/e2806894000050038661fd4f, 97
1652702722.842642, sdrt-health/mac:02010b41cdec/antenna/tag/e2806894000050038661fd4f, 83
1652702722.858631, sdrt-health/mac:02010b41cdec/antenna/tag/e2806894000050038661fd4f, 83
1652702722.903026, sdrt-health/mac:02010b41cdec/antenna/tag/e2806894000040038662114f, 93
1652702722.944898, sdrt-health/mac:02010b41cdec/antenna/tag/e2806894000050038662154f, 85
1652702722.945176, sdrt-health/mac:02010b41cdec/antenna/tag/e28068940000500386620d4f, 83
1652702722.960026, sdrt-health/mac:02010b41cdec/antenna/tag/e2806894000050038662154f, 85
1652702722.960236, sdrt-health/mac:02010b41cdec/antenna/tag/e2806894000050038661fd4f, 83
1652702722.990818, sdrt-health/mac:02010b41cdec/antenna/tag/e2806894000050038661fd4f, 97
1652702723.055597, sdrt-health/mac:02010b41cdec/antenna/tag/e28068940000400386621d4f, 96
1652702723.055802, sdrt-health/mac:02010b41cdec/antenna/tag/e2806894000050038662154f, 85
1652702723.073407, sdrt-health/mac:02010b41cdec/antenna/tag/e2806894000050038661fd4f, 91
1652702723.081829, sdrt-health/mac:02010b41cdec/antenna/tag/e2806894000050038662154f, 85
1652702723.090212, sdrt-health/mac:02010b41cdec/antenna/tag/e28068940000400386621d4f, 90
1652702723.123132, sdrt-health/mac:02010b41cdec/antenna/tag/e28068940000400386621d4f, 77
1652702723.18548, sdrt-health/mac:02010b41cdec/antenna/tag/e28068940000400386621d4f, 77
1652702723.185832, sdrt-health/mac:02010b41cdec/antenna/tag/e2806894000050038661fd4f, 91
1652702723.202203, sdrt-health/mac:02010b41cdec/antenna/tag/e28068940000500386620d4f, 83
1652702723.257276, sdrt-health/mac:02010b41cdec/antenna/tag/e2806894000040038662114f, 85
1652702723.257471, sdrt-health/mac:02010b41cdec/antenna/tag/e2806894000040038662114f, 85
1652702723.309836, sdrt-health/mac:02010b41cdec/antenna/tag/e2806894000050038662154f, 85
1652702723.389913, sdrt-health/mac:02010b41cdec/antenna/tag/e28068940000500386620d4f, 83
1652702723.449357, sdrt-health/mac:02010b41cdec/antenna/tag/e2806894000050038662154f, 85
1652702723.489761, sdrt-health/mac:02010b41cdec/antenna/tag/e2806894000040038662114f, 88
1652702723.490055, sdrt-health/mac:02010b41cdec/antenna/tag/e2806894000050038661fd4f, 83
1652702723.490246, sdrt-health/mac:02010b41cdec/antenna/tag/e2806894000040038662114f, 88
1652702723.512886, sdrt-health/mac:02010b41cdec/antenna/tag/e2806894000040038662114f, 88
1652702723.544097, sdrt-health/mac:02010b41cdec/antenna/tag/e28068940000500386620d4f, 83
1652702723.577589, sdrt-health/mac:02010b41cdec/antenna/tag/e2806894000050038662154f, 85
1652702723.578004, sdrt-health/mac:02010b41cdec/antenna/tag/e28068940000500386620d4f, 83
1652702723.596502, sdrt-health/mac:02010b41cdec/antenna/tag/e2806894000040038662114f, 88
1652702723.596773, sdrt-health/mac:02010b41cdec/antenna/tag/e28068940000400386621d4f, 96
1652702723.665564, sdrt-health/mac:02010b41cdec/antenna/tag/e28068940000500386620d4f, 83
1652702723.726102, sdrt-health/mac:02010b41cdec/antenna/tag/e2806894000050038662154f, 93
1652702723.726644, sdrt-health/mac:02010b41cdec/antenna/tag/e2806894000050038661fd4f, 97
1652702723.742985, sdrt-health/mac:02010b41cdec/antenna/tag/e28068940000500386620d4f, 80
1652702723.743319, sdrt-health/mac:02010b41cdec/antenna/tag/e28068940000500386620d4f, 83
1652702723.769878, sdrt-health/mac:02010b41cdec/antenna/tag/e28068940000500386620d4f, 83
1652702723.818678, sdrt-health/mac:02010b41cdec/antenna/tag/e2806894000040038662114f, 93
1652702723.863089, sdrt-health/mac:02010b41cdec/antenna/tag/e2806894000050038661fd4f, 97
1652702723.942919, sdrt-health/mac:02010b41cdec/antenna/tag/e28068940000500386620d4f, 83
1652702723.943434, sdrt-health/mac:02010b41cdec/antenna/tag/e2806894000050038661fd4f, 97
1652702723.960783, sdrt-health/mac:02010b41cdec/antenna/tag/e28068940000500386620d4f, 80
1652702723.961119, sdrt-health/mac:02010b41cdec/antenna/tag/e28068940000500386620d4f, 80
1652702723.961396, sdrt-health/mac:02010b41cdec/antenna/tag/e2806894000050038662154f, 85
1652702723.977992, sdrt-health/mac:02010b41cdec/antenna/tag/e2806894000040038662114f, 83
1652702724.009256, sdrt-health/mac:02010b41cdec/antenna/tag/e2806894000040038662114f, 93
1652702724.054995, sdrt-health/mac:02010b41cdec/antenna/tag/e2806894000040038662114f, 93
1652702724.121443, sdrt-health/mac:02010b41cdec/antenna/tag/e2806894000040038662114f, 93
1652702724.121891, sdrt-health/mac:02010b41cdec/antenna/tag/e2806894000050038661fd4f, 88
1652702724.137358, sdrt-health/mac:02010b41cdec/antenna/tag/e2806894000050038661fd4f, 91
1652702724.1834, sdrt-health/mac:02010b41cdec/antenna/tag/e28068940000400386621d4f, 96
1652702724.183701, sdrt-health/mac:02010b41cdec/antenna/tag/e2806894000040038662114f, 87
1652702724.220223, sdrt-health/mac:02010b41cdec/antenna/tag/e2806894000050038661fd4f, 97
1652702724.28624, sdrt-health/mac:02010b41cdec/antenna/tag/e2806894000050038662154f, 85
1652702724.286741, sdrt-health/mac:02010b41cdec/antenna/tag/e2806894000040038662114f, 83
1652702724.303593, sdrt-health/mac:02010b41cdec/antenna/tag/e28068940000500386620d4f, 80
1652702724.304026, sdrt-health/mac:02010b41cdec/antenna/tag/e2806894000050038662154f, 85
1652702724.320842, sdrt-health/mac:02010b41cdec/antenna/tag/e2806894000050038662154f, 88
1652702724.528959, sdrt-health/mac:02010b41cdec/antenna/tag/e2806894000040038662114f, 93
1652702724.529418, sdrt-health/mac:02010b41cdec/antenna/tag/scan, scan stopped
