1652702596.549985, sdrt-health/mac:02010b41cdec/antenna/power/set, {"power": 300}
1652702597.654294, sdrt-health/mac:02010b41cdec/antenna/power/set, 
1652702601.575399, sdrt-health/mac:02010b41cdec/antenna/tag/scan, {"time": 20000}
1652702602.011941, sdrt-health/mac:02010b41cdec/antenna/tag/e2806894000050038662154f, 88
1652702602.067087, sdrt-health/mac:02010b41cdec/antenna/tag/e28068940000400386621d4f, 77
1652702602.165652, sdrt-health/mac:02010b41cdec/antenna/tag/e2806894000050038661fd4f, 86
1652702602.166128, sdrt-health/mac:02010b41cdec/antenna/tag/e2806894000050038661fd4f, 83
1652702602.191875, sdrt-health/mac:02010b41cdec/antenna/tag/e28068940000400386621d4f, 77
1652702602.247263, sdrt-health/mac:02010b41cdec/antenna/tag/e2806894000050038662154f, 88
1652702602.247769, sdrt-health/mac:02010b41cdec/antenna/tag/e2806894000040038662114f, 88
1652702602.320998, sdrt-health/mac:02010b41cdec/antenna/tag/e2806894000050038662194f, 84
1652702602.362999, sdrt-health/mac:02010b41cdec/antenna/tag/e2806894000050038662154f, 85
1652702602.401151, sdrt-health/mac:02010b41cdec/antenna/tag/e2806894000050038662194f, 88
1652702602.45497, sdrt-health/mac:02010b41cdec/antenna/tag/e2806894000050038662194f, 88
1652702602.540008, sdrt-health/mac:02010b41cdec/antenna/tag/e2806894000050038662154f, 85
1652702602.540497, sdrt-health/mac:02010b41cdec/antenna/tag/e2806894000040038662114f, 85
1652702602.557594, sdrt-health/mac:02010b41cdec/antenna/tag/e28068940000500386620d4f, 83
1652702602.63258, sdrt-health/mac:02010b41cdec/antenna/tag/e2806894000050038662194f, 81
1652702602.632974, sdrt-health/mac:02010b41cdec/antenna/tag/e2806894000050038662154f, 88
1652702602.650541, sdrt-health/mac:02010b41cdec/antenna/tag/e28068940000400386621d4f, 77
1652702602.661068, sdrt-health/mac:02010b41cdec/antenna/tag/e2806894000050038661fd4f, 97
1652702602.672481, sdrt-health/mac:02010b41cdec/antenna/tag/e2806894000040038662114f, 85
1652702602.711294, sdrt-health/mac:02010b41cdec/antenna/tag/e28068940000400386621d4f, 77
1652702602.767082, sdrt-health/mac:02010b41cdec/antenna/tag/e2806894000050038662154f, 88
1652702602.767574, sdrt-health/mac:02010b41cdec/antenna/tag/e2806894000040038662114f, 85
1652702602.78121, sdrt-health/mac:02010b41cdec/antenna/tag/e28068940000500386620d4f, 83
1652702602.801911, sdrt-health/mac:02010b41cdec/antenna/tag/e2806894000040038661f94f, 88
1652702602.85638, sdrt-health/mac:02010b41cdec/antenna/tag/e2806894000040038661f94f, 81
1652702602.856979, sdrt-health/mac:02010b41cdec/antenna/tag/e2806894000050038661fd4f, 97
1652702602.882969, sdrt-health/mac:02010b41cdec/antenna/tag/e2806894000050038662154f, 88
1652702602.922979, sdrt-health/mac:02010b41cdec/antenna/tag/e28068940000400386621d4f, 77
1652702603.00666, sdrt-health/mac:02010b41cdec/antenna/tag/e2806894000050038661fd4f, 83
1652702603.007203, sdrt-health/mac:02010b41cdec/antenna/tag/e28068940000500386620d4f, 83
1652702603.060777, sdrt-health/mac:02010b41cdec/antenna/tag/e28068940000500386620d4f, 90
1652702603.120283, sdrt-health/mac:02010b41cdec/antenna/tag/e2806894000040038662114f, 91
1652702603.191774, sdrt-health/mac:02010b41cdec/antenna/tag/e28068940000400386621d4f, 96
1652702603.192185, sdrt-health/mac:02010b41cdec/antenna/tag/e28068940000500386620d4f, 90
1652702603.206369, sdrt-health/mac:02010b41cdec/antenna/tag/e2806894000050038662154f, 91
1652702603.23737, sdrt-health/mac:02010b41cdec/antenna/tag/e2806894000050038662154f, 88
1652702603.237903, sdrt-health/mac:02010b41cdec/antenna/tag/e2806894000040038662114f, 85
1652702603.238307, sdrt-health/mac:02010b41cdec/antenna/tag/e2806894000040038662114f, 88
1652702603.27252, sdrt-health/mac:02010b41cdec/antenna/tag/e2806894000050038661fd4f, 83
1652702603.325886, sdrt-health/mac:02010b41cdec/antenna/tag/e28068940000400386621d4f, 96
1652702603.326396, sdrt-health/mac:02010b41cdec/antenna/tag/e2806894000050038661fd4f, 91
1652702603.3618, sdrt-health/mac:02010b41cdec/antenna/tag/e28068940000400386621d4f, 77
1652702603.394539, sdrt-health/mac:02010b41cdec/antenna/tag/e28068940000500386620d4f, 83
1652702603.395116, sdrt-health/mac:02010b41cdec/antenna/tag/e2806894000050038662154f, 85
1652702603.41012, sdrt-health/mac:02010b41cdec/antenna/tag/e2806894000050038662154f, 85
1652702603.410638, sdrt-health/mac:02010b41cdec/antenna/tag/e2806894000050038661fd4f, 97
1652702603.441465, sdrt-health/mac:02010b41cdec/antenna/tag/e2806894000050038662154f, 85
1652702603.481186, sdrt-health/mac:02010b41cdec/antenna/tag/e2806894000050038661fd4f, 97
1652702603.536987, sdrt-health/mac:02010b41cdec/antenna/tag/e28068940000400386621d4f, 77
1652702603.537484, sdrt-health/mac:02010b41cdec/antenna/tag/e2806894000050038661fd4f, 91
1652702603.563013, sdrt-health/mac:02010b41cdec/antenna/tag/e2806894000040038662214f, 84
1652702603.595543, sdrt-health/mac:02010b41cdec/antenna/tag/e2806894000050038662014f, 84
1652702603.596045, sdrt-health/mac:02010b41cdec/antenna/tag/e28068940000400386621d4f, 77
1652702603.612591, sdrt-health/mac:02010b41cdec/antenna/tag/e2806894000050038662154f, 88
1652702603.642402, sdrt-health/mac:02010b41cdec/antenna/tag/e28068940000500386620d4f, 83
1652702603.675212, sdrt-health/mac:02010b41cdec/antenna/tag/e2806894000050038661fd4f, 97
1652702603.67567, sdrt-health/mac:02010b41cdec/antenna/tag/e2806894000050038662154f, 88
1652702603.690638, sdrt-health/mac:02010b41cdec/antenna/tag/e2806894000050038662154f, 91
1652702603.722173, sdrt-health/mac:02010b41cdec/antenna/tag/e2806894000040038662114f, 88
1652702603.777654, sdrt-health/mac:02010b41cdec/antenna/tag/e28068940000400386621d4f, 77
1652702603.778215, sdrt-health/mac:02010b41cdec/antenna/tag/e2806894000040038662114f, 85
1652702603.792634, sdrt-health/mac:02010b41cdec/antenna/tag/e2806894000050038662154f, 88
1652702603.793155, sdrt-health/mac:02010b41cdec/antenna/tag/e2806894000050038661fd4f, 97
1652702603.80331, sdrt-health/mac:02010b41cdec/antenna/tag/e2806894000050038661fd4f, 97
1652702603.841798, sdrt-health/mac:02010b41cdec/antenna/tag/e28068940000500386620d4f, 83
1652702603.932097, sdrt-health/mac:02010b41cdec/antenna/tag/e28068940000400386621d4f, 96
1652702604.042225, sdrt-health/mac:02010b41cdec/antenna/tag/e2806894000050038661fd4f, 97
1652702604.074362, sdrt-health/mac:02010b41cdec/antenna/tag/e28068940000400386621d4f, 96
1652702604.074828, sdrt-health/mac:02010b41cdec/antenna/tag/e28068940000500386620d4f, 90
1652702604.09036, sdrt-health/mac:02010b41cdec/antenna/tag/e28068940000500386620d4f, 90
1652702604.090869, sdrt-health/mac:02010b41cdec/antenna/tag/e28068940000500386620d4f, 83
1652702604.121007, sdrt-health/mac:02010b41cdec/antenna/tag/e28068940000400386621d4f, 77
1652702604.162092, sdrt-health/mac:02010b41cdec/antenna/tag/e2806894000040038661f94f, 81
1652702604.239536, sdrt-health/mac:02010b41cdec/antenna/tag/e2806894000050038662154f, 88
1652702604.239735, sdrt-health/mac:02010b41cdec/antenna/tag/e2806894000050038662154f, 88
1652702604.255158, sdrt-health/mac:02010b41cdec/antenna/tag/e2806894000040038661f94f, 81
1652702604.261682, sdrt-health/mac:02010b41cdec/antenna/tag/e28068940000400386621d4f, 96
1652702604.271045, sdrt-health/mac:02010b41cdec/antenna/tag/e2806894000050038661fd4f, 97
1652702604.271282, sdrt-health/mac:02010b41cdec/antenna/tag/e2806894000040038662114f, 85
1652702604.321221, sdrt-health/mac:02010b41cdec/antenna/tag/e2806894000040038661f94f, 94
1652702604.412495, sdrt-health/mac:02010b41cdec/antenna/tag/e2806894000040038661f94f, 81
1652702604.500808, sdrt-health/mac:02010b41cdec/antenna/tag/e28068940000500386620d4f, 83
1652702604.55923, sdrt-health/mac:02010b41cdec/antenna/tag/e2806894000050038661fd4f, 91
1652702604.559739, sdrt-health/mac:02010b41cdec/antenna/tag/e2806894000040038662114f, 85
1652702604.61787, sdrt-health/mac:02010b41cdec/antenna/tag/e28068940000400386621d4f, 77
1652702604.618445, sdrt-health/mac:02010b41cdec/antenna/tag/e28068940000400386621d4f, 96
1652702604.634988, sdrt-health/mac:02010b41cdec/antenna/tag/e2806894000040038662114f, 88
1652702604.666687, sdrt-health/mac:02010b41cdec/antenna/tag/e2806894000050038662154f, 88
1652702604.667251, sdrt-health/mac:02010b41cdec/antenna/tag/e2806894000040038662114f, 88
1652702604.667637, sdrt-health/mac:02010b41cdec/antenna/tag/e2806894000050038662154f, 88
1652702604.682032, sdrt-health/mac:02010b41cdec/antenna/tag/e2806894000050038661fd4f, 83
1652702604.682564, sdrt-health/mac:02010b41cdec/antenna/tag/e2806894000050038661fd4f, 83
1652702604.682918, sdrt-health/mac:02010b41cdec/antenna/tag/e2806894000040038662114f, 85
1652702604.721024, sdrt-health/mac:02010b41cdec/antenna/tag/e2806894000040038662114f, 91
1652702604.76017, sdrt-health/mac:02010b41cdec/antenna/tag/e2806894000050038661fd4f, 83
1652702604.802431, sdrt-health/mac:02010b41cdec/antenna/tag/e2806894000050038662154f, 85
1652702604.869685, sdrt-health/mac:02010b41cdec/antenna/tag/e2806894000040038662114f, 88
1652702604.870242, sdrt-health/mac:02010b41cdec/antenna/tag/e2806894000040038661f94f, 94
1652702604.901134, sdrt-health/mac:02010b41cdec/antenna/tag/e28068940000500386620d4f, 83
1652702604.951927, sdrt-health/mac:02010b41cdec/antenna/tag/e2806894000050038662154f, 85
1652702604.991835, sdrt-health/mac:02010b41cdec/antenna/tag/e28068940000400386621d4f, 96
1652702605.041751, sdrt-health/mac:02010b41cdec/antenna/tag/e2806894000050038662154f, 85
1652702605.081361, sdrt-health/mac:02010b41cdec/antenna/tag/e2806894000040038662114f, 93
1652702605.129325, sdrt-health/mac:02010b41cdec/antenna/tag/e2806894000050038662154f, 88
1652702605.190983, sdrt-health/mac:02010b41cdec/antenna/tag/e2806894000040038662114f, 93
1652702605.191472, sdrt-health/mac:02010b41cdec/antenna/tag/e2806894000040038662114f, 85
1652702605.22197, sdrt-health/mac:02010b41cdec/antenna/tag/e28068940000500386620d4f, 83
1652702605.296247, sdrt-health/mac:02010b41cdec/antenna/tag/e2806894000050038661fd4f, 97
1652702605.296718, sdrt-health/mac:02010b41cdec/antenna/tag/e2806894000040038661f94f, 84
1652702605.3245, sdrt-health/mac:02010b41cdec/antenna/tag/e2806894000040038661f94f, 88
1652702605.395721, sdrt-health/mac:02010b41cdec/antenna/tag/e2806894000050038662154f, 85
1652702605.396227, sdrt-health/mac:02010b41cdec/antenna/tag/e2806894000040038662114f, 85
1652702605.431226, sdrt-health/mac:02010b41cdec/antenna/tag/e28068940000500386620d4f, 83
1652702605.479887, sdrt-health/mac:02010b41cdec/antenna/tag/e2806894000050038662154f, 88
1652702605.558453, sdrt-health/mac:02010b41cdec/antenna/tag/e28068940000400386621d4f, 96
1652702605.55901, sdrt-health/mac:02010b41cdec/antenna/tag/e2806894000050038662154f, 88
1652702605.591608, sdrt-health/mac:02010b41cdec/antenna/tag/e2806894000050038661fd4f, 83
1652702605.654902, sdrt-health/mac:02010b41cdec/antenna/tag/e2806894000050038662154f, 88
1652702605.692014, sdrt-health/mac:02010b41cdec/antenna/tag/e28068940000400386621d4f, 96
1652702605.767696, sdrt-health/mac:02010b41cdec/antenna/tag/e2806894000050038661fd4f, 83
1652702605.768197, sdrt-health/mac:02010b41cdec/antenna/tag/e2806894000050038662154f, 87
1652702605.792181, sdrt-health/mac:02010b41cdec/antenna/tag/e2806894000040038662114f, 85
1652702605.856381, sdrt-health/mac:02010b41cdec/antenna/tag/e28068940000500386620d4f, 90
1652702605.856942, sdrt-health/mac:02010b41cdec/antenna/tag/e2806894000050038662154f, 85
1652702605.871898, sdrt-health/mac:02010b41cdec/antenna/tag/e2806894000050038662194f, 83
1652702605.896168, sdrt-health/mac:02010b41cdec/antenna/tag/e28068940000400386621d4f, 77
1652702605.957671, sdrt-health/mac:02010b41cdec/antenna/tag/e28068940000500386620d4f, 90
1652702605.958177, sdrt-health/mac:02010b41cdec/antenna/tag/e28068940000500386620d4f, 90
1652702605.972745, sdrt-health/mac:02010b41cdec/antenna/tag/e2806894000050038661fd4f, 83
1652702605.973333, sdrt-health/mac:02010b41cdec/antenna/tag/e2806894000050038662154f, 91
1652702605.991887, sdrt-health/mac:02010b41cdec/antenna/tag/e28068940000500386620d4f, 90
1652702606.031243, sdrt-health/mac:02010b41cdec/antenna/tag/e2806894000040038662114f, 88
1652702606.031763, sdrt-health/mac:02010b41cdec/antenna/tag/e28068940000400386621d4f, 96
1652702606.071223, sdrt-health/mac:02010b41cdec/antenna/tag/e28068940000400386621d4f, 77
1652702606.125687, sdrt-health/mac:02010b41cdec/antenna/tag/e28068940000400386621d4f, 96
1652702606.125918, sdrt-health/mac:02010b41cdec/antenna/tag/e2806894000040038662114f, 88
1652702606.181688, sdrt-health/mac:02010b41cdec/antenna/tag/e2806894000050038661fd4f, 91
1652702606.231781, sdrt-health/mac:02010b41cdec/antenna/tag/e2806894000040038661f94f, 94
1652702606.272218, sdrt-health/mac:02010b41cdec/antenna/tag/e2806894000040038662114f, 93
1652702606.312748, sdrt-health/mac:02010b41cdec/antenna/tag/e2806894000040038662114f, 85
1652702606.345215, sdrt-health/mac:02010b41cdec/antenna/tag/e2806894000050038661fd4f, 88
1652702606.345693, sdrt-health/mac:02010b41cdec/antenna/tag/e2806894000040038662214f, 84
1652702606.362404, sdrt-health/mac:02010b41cdec/antenna/tag/e28068940000500386620d4f, 83
1652702606.401931, sdrt-health/mac:02010b41cdec/antenna/tag/e2806894000040038662114f, 85
1652702606.441731, sdrt-health/mac:02010b41cdec/antenna/tag/e28068940000400386621d4f, 77
1652702606.490274, sdrt-health/mac:02010b41cdec/antenna/tag/e28068940000400386621d4f, 77
1652702606.567604, sdrt-health/mac:02010b41cdec/antenna/tag/e2806894000040038662114f, 85
1652702606.568223, sdrt-health/mac:02010b41cdec/antenna/tag/e2806894000040038662114f, 88
1652702606.592559, sdrt-health/mac:02010b41cdec/antenna/tag/e2806894000040038662114f, 85
1652702606.656371, sdrt-health/mac:02010b41cdec/antenna/tag/e2806894000040038661f94f, 88
1652702606.656955, sdrt-health/mac:02010b41cdec/antenna/tag/e28068940000500386620d4f, 83
1652702606.671142, sdrt-health/mac:02010b41cdec/antenna/tag/e2806894000050038661fd4f, 97
1652702606.71357, sdrt-health/mac:02010b41cdec/antenna/tag/e28068940000400386621d4f, 96
1652702606.769038, sdrt-health/mac:02010b41cdec/antenna/tag/e28068940000500386620d4f, 83
1652702606.76964, sdrt-health/mac:02010b41cdec/antenna/tag/e2806894000050038662194f, 94
1652702606.770124, sdrt-health/mac:02010b41cdec/antenna/tag/e2806894000050038661fd4f, 83
1652702606.770587, sdrt-health/mac:02010b41cdec/antenna/tag/e2806894000050038662194f, 88
1652702606.771004, sdrt-health/mac:02010b41cdec/antenna/tag/e2806894000040038662114f, 88
1652702606.831327, sdrt-health/mac:02010b41cdec/antenna/tag/e28068940000500386620d4f, 90
1652702606.880303, sdrt-health/mac:02010b41cdec/antenna/tag/e2806894000040038662114f, 85
1652702606.961993, sdrt-health/mac:02010b41cdec/antenna/tag/e2806894000050038661fd4f, 83
1652702606.999981, sdrt-health/mac:02010b41cdec/antenna/tag/e2806894000040038662114f, 88
1652702607.040376, sdrt-health/mac:02010b41cdec/antenna/tag/e2806894000050038661fd4f, 83
1652702607.080613, sdrt-health/mac:02010b41cdec/antenna/tag/e2806894000050038661fd4f, 97
1652702607.13776, sdrt-health/mac:02010b41cdec/antenna/tag/e2806894000050038662014f, 84
1652702607.138359, sdrt-health/mac:02010b41cdec/antenna/tag/e28068940000400386621d4f, 96
1652702607.191395, sdrt-health/mac:02010b41cdec/antenna/tag/e28068940000500386620d4f, 83
1652702607.232418, sdrt-health/mac:02010b41cdec/antenna/tag/e28068940000400386621d4f, 77
1652702607.280812, sdrt-health/mac:02010b41cdec/antenna/tag/e28068940000400386621d4f, 77
1652702607.31059, sdrt-health/mac:02010b41cdec/antenna/tag/e2806894000050038662154f, 88
1652702607.311157, sdrt-health/mac:02010b41cdec/antenna/tag/e2806894000040038662114f, 88
1652702607.311566, sdrt-health/mac:02010b41cdec/antenna/tag/e2806894000050038661fd4f, 97
1652702607.326143, sdrt-health/mac:02010b41cdec/antenna/tag/e28068940000500386620d4f, 90
1652702607.360938, sdrt-health/mac:02010b41cdec/antenna/tag/e2806894000040038662114f, 88
1652702607.402058, sdrt-health/mac:02010b41cdec/antenna/tag/e28068940000400386621d4f, 77
1652702607.434153, sdrt-health/mac:02010b41cdec/antenna/tag/e2806894000050038662194f, 81
1652702607.434713, sdrt-health/mac:02010b41cdec/antenna/tag/e2806894000050038661fd4f, 97
1652702607.449186, sdrt-health/mac:02010b41cdec/antenna/tag/e2806894000050038662154f, 93
1652702607.480598, sdrt-health/mac:02010b41cdec/antenna/tag/e2806894000040038662114f, 87
1652702607.523865, sdrt-health/mac:02010b41cdec/antenna/tag/e2806894000040038662214f, 84
1652702607.561589, sdrt-health/mac:02010b41cdec/antenna/tag/e28068940000400386621d4f, 77
1652702607.638202, sdrt-health/mac:02010b41cdec/antenna/tag/e2806894000040038661f94f, 88
1652702607.639995, sdrt-health/mac:02010b41cdec/antenna/tag/e28068940000500386620d4f, 90
1652702607.671277, sdrt-health/mac:02010b41cdec/antenna/tag/e2806894000040038661f94f, 84
1652702607.727834, sdrt-health/mac:02010b41cdec/antenna/tag/e2806894000040038662114f, 85
1652702607.728354, sdrt-health/mac:02010b41cdec/antenna/tag/e28068940000400386621d4f, 77
1652702607.742842, sdrt-health/mac:02010b41cdec/antenna/tag/e28068940000500386620d4f, 90
1652702607.751953, sdrt-health/mac:02010b41cdec/antenna/tag/e2806894000040038661f94f, 81
1652702607.758103, sdrt-health/mac:02010b41cdec/antenna/tag/e28068940000500386620d4f, 90
1652702607.758316, sdrt-health/mac:02010b41cdec/antenna/tag/e28068940000400386621d4f, 77
1652702607.79131, sdrt-health/mac:02010b41cdec/antenna/tag/e28068940000500386620d4f, 90
1652702607.882124, sdrt-health/mac:02010b41cdec/antenna/tag/e2806894000050038661fd4f, 91
1652702607.921337, sdrt-health/mac:02010b41cdec/antenna/tag/e28068940000500386620d4f, 90
1652702607.976648, sdrt-health/mac:02010b41cdec/antenna/tag/e2806894000040038662114f, 85
1652702607.977216, sdrt-health/mac:02010b41cdec/antenna/tag/e2806894000050038662194f, 81
1652702607.977609, sdrt-health/mac:02010b41cdec/antenna/tag/e28068940000400386621d4f, 77
1652702608.001827, sdrt-health/mac:02010b41cdec/antenna/tag/e2806894000050038662154f, 93
1652702608.032305, sdrt-health/mac:02010b41cdec/antenna/tag/e2806894000050038661fd4f, 91
1652702608.032805, sdrt-health/mac:02010b41cdec/antenna/tag/e2806894000040038662114f, 93
1652702608.048388, sdrt-health/mac:02010b41cdec/antenna/tag/e2806894000050038661fd4f, 91
1652702608.109593, sdrt-health/mac:02010b41cdec/antenna/tag/e2806894000050038661fd4f, 83
1652702608.160832, sdrt-health/mac:02010b41cdec/antenna/tag/e28068940000400386621d4f, 96
1652702608.201034, sdrt-health/mac:02010b41cdec/antenna/tag/e2806894000040038662114f, 85
1652702608.230551, sdrt-health/mac:02010b41cdec/antenna/tag/e2806894000040038662114f, 88
1652702608.231134, sdrt-health/mac:02010b41cdec/antenna/tag/e2806894000050038661fd4f, 83
1652702608.246526, sdrt-health/mac:02010b41cdec/antenna/tag/e2806894000040038662114f, 85
1652702608.281857, sdrt-health/mac:02010b41cdec/antenna/tag/e2806894000050038662194f, 84
1652702608.321252, sdrt-health/mac:02010b41cdec/antenna/tag/e2806894000050038661fd4f, 83
1652702608.379097, sdrt-health/mac:02010b41cdec/antenna/tag/e2806894000050038662154f, 85
1652702608.379655, sdrt-health/mac:02010b41cdec/antenna/tag/e2806894000050038661fd4f, 91
1652702608.404523, sdrt-health/mac:02010b41cdec/antenna/tag/e28068940000400386621d4f, 77
1652702608.4558, sdrt-health/mac:02010b41cdec/antenna/tag/e2806894000050038662154f, 85
1652702608.456381, sdrt-health/mac:02010b41cdec/antenna/tag/e2806894000050038661fd4f, 91
1652702608.480571, sdrt-health/mac:02010b41cdec/antenna/tag/e2806894000050038661fd4f, 83
1652702608.522458, sdrt-health/mac:02010b41cdec/antenna/tag/e28068940000400386621d4f, 96
1652702608.587669, sdrt-health/mac:02010b41cdec/antenna/tag/e2806894000050038661fd4f, 83
1652702608.588164, sdrt-health/mac:02010b41cdec/antenna/tag/e2806894000040038662114f, 85
1652702608.602213, sdrt-health/mac:02010b41cdec/antenna/tag/e28068940000500386620d4f, 90
1652702608.632756, sdrt-health/mac:02010b41cdec/antenna/tag/e28068940000400386621d4f, 96
1652702608.63331, sdrt-health/mac:02010b41cdec/antenna/tag/e2806894000050038662154f, 85
1652702608.63373, sdrt-health/mac:02010b41cdec/antenna/tag/e2806894000040038662114f, 88
1652702608.660419, sdrt-health/mac:02010b41cdec/antenna/tag/e2806894000040038662114f, 88
1652702608.727668, sdrt-health/mac:02010b41cdec/antenna/tag/e28068940000400386621d4f, 96
1652702608.728173, sdrt-health/mac:02010b41cdec/antenna/tag/e2806894000050038662154f, 88
1652702608.790748, sdrt-health/mac:02010b41cdec/antenna/tag/e28068940000400386621d4f, 77
1652702608.830573, sdrt-health/mac:02010b41cdec/antenna/tag/e2806894000050038661fd4f, 91
1652702608.89661, sdrt-health/mac:02010b41cdec/antenna/tag/e2806894000040038661f94f, 94
1652702608.897218, sdrt-health/mac:02010b41cdec/antenna/tag/e2806894000050038661fd4f, 97
1652702608.92125, sdrt-health/mac:02010b41cdec/antenna/tag/e2806894000050038662194f, 84
1652702608.977323, sdrt-health/mac:02010b41cdec/antenna/tag/e2806894000040038662114f, 88
1652702608.977901, sdrt-health/mac:02010b41cdec/antenna/tag/e2806894000050038662154f, 93
1652702609.000639, sdrt-health/mac:02010b41cdec/antenna/tag/e28068940000400386621d4f, 77
1652702609.041239, sdrt-health/mac:02010b41cdec/antenna/tag/e2806894000050038662154f, 93
1652702609.110171, sdrt-health/mac:02010b41cdec/antenna/tag/e2806894000040038662114f, 85
1652702609.110728, sdrt-health/mac:02010b41cdec/antenna/tag/e28068940000400386621d4f, 77
1652702609.141148, sdrt-health/mac:02010b41cdec/antenna/tag/e2806894000050038662154f, 93
1652702609.207328, sdrt-health/mac:02010b41cdec/antenna/tag/e2806894000040038662114f, 93
1652702609.207782, sdrt-health/mac:02010b41cdec/antenna/tag/e2806894000050038661fd4f, 97
1652702609.22274, sdrt-health/mac:02010b41cdec/antenna/tag/e28068940000400386621d4f, 77
1652702609.231154, sdrt-health/mac:02010b41cdec/antenna/tag/e2806894000050038661fd4f, 97
1652702609.238589, sdrt-health/mac:02010b41cdec/antenna/tag/e2806894000050038662154f, 85
1652702609.282489, sdrt-health/mac:02010b41cdec/antenna/tag/e28068940000400386621d4f, 77
1652702609.35125, sdrt-health/mac:02010b41cdec/antenna/tag/e2806894000050038662154f, 87
1652702609.351681, sdrt-health/mac:02010b41cdec/antenna/tag/e2806894000050038661fd4f, 91
1652702609.367901, sdrt-health/mac:02010b41cdec/antenna/tag/e28068940000500386620d4f, 90
1652702609.400316, sdrt-health/mac:02010b41cdec/antenna/tag/e2806894000050038662194f, 88
1652702609.400747, sdrt-health/mac:02010b41cdec/antenna/tag/e2806894000040038661f94f, 81
1652702609.43126, sdrt-health/mac:02010b41cdec/antenna/tag/e2806894000040038662114f, 85
1652702609.470879, sdrt-health/mac:02010b41cdec/antenna/tag/e2806894000040038662114f, 85
1652702609.521368, sdrt-health/mac:02010b41cdec/antenna/tag/e2806894000050038662154f, 91
1652702609.562175, sdrt-health/mac:02010b41cdec/antenna/tag/e2806894000050038662154f, 88
1652702609.616263, sdrt-health/mac:02010b41cdec/antenna/tag/e28068940000400386621d4f, 77
1652702609.616799, sdrt-health/mac:02010b41cdec/antenna/tag/e2806894000040038662114f, 88
1652702609.631941, sdrt-health/mac:02010b41cdec/antenna/tag/e2806894000050038661fd4f, 91
1652702609.642775, sdrt-health/mac:02010b41cdec/antenna/tag/e28068940000400386621d4f, 96
1652702609.681931, sdrt-health/mac:02010b41cdec/antenna/tag/e28068940000400386621d4f, 96
1652702609.735235, sdrt-health/mac:02010b41cdec/antenna/tag/e2806894000050038662154f, 85
1652702609.766074, sdrt-health/mac:02010b41cdec/antenna/tag/e28068940000500386620d4f, 90
1652702609.766629, sdrt-health/mac:02010b41cdec/antenna/tag/e2806894000050038662154f, 85
1652702609.781302, sdrt-health/mac:02010b41cdec/antenna/tag/e2806894000050038662194f, 88
1652702609.832911, sdrt-health/mac:02010b41cdec/antenna/tag/e28068940000500386620d4f, 83
1652702609.871109, sdrt-health/mac:02010b41cdec/antenna/tag/e2806894000040038662114f, 85
1652702609.992134, sdrt-health/mac:02010b41cdec/antenna/tag/e2806894000050038662154f, 85
1652702609.992588, sdrt-health/mac:02010b41cdec/antenna/tag/e2806894000050038662154f, 93
1652702610.041718, sdrt-health/mac:02010b41cdec/antenna/tag/e2806894000050038662194f, 81
1652702610.091484, sdrt-health/mac:02010b41cdec/antenna/tag/e2806894000040038662114f, 85
1652702610.135977, sdrt-health/mac:02010b41cdec/antenna/tag/e2806894000040038662114f, 93
1652702610.166635, sdrt-health/mac:02010b41cdec/antenna/tag/e2806894000040038662114f, 93
1652702610.1672, sdrt-health/mac:02010b41cdec/antenna/tag/e2806894000050038661fd4f, 97
1652702610.182901, sdrt-health/mac:02010b41cdec/antenna/tag/e2806894000040038662114f, 85
1652702610.215894, sdrt-health/mac:02010b41cdec/antenna/tag/e2806894000050038661fd4f, 97
1652702610.276462, sdrt-health/mac:02010b41cdec/antenna/tag/e2806894000050038662194f, 82
1652702610.27696, sdrt-health/mac:02010b41cdec/antenna/tag/e2806894000040038662114f, 88
1652702610.292753, sdrt-health/mac:02010b41cdec/antenna/tag/e2806894000050038661fd4f, 97
1652702610.310833, sdrt-health/mac:02010b41cdec/antenna/tag/e2806894000050038662154f, 85
1652702610.351887, sdrt-health/mac:02010b41cdec/antenna/tag/e28068940000500386620d4f, 83
1652702610.423798, sdrt-health/mac:02010b41cdec/antenna/tag/e28068940000500386620d4f, 83
1652702610.424256, sdrt-health/mac:02010b41cdec/antenna/tag/e2806894000040038662114f, 85
1652702610.439536, sdrt-health/mac:02010b41cdec/antenna/tag/e28068940000400386621d4f, 77
1652702610.455627, sdrt-health/mac:02010b41cdec/antenna/tag/e28068940000400386621d4f, 77
1652702610.501777, sdrt-health/mac:02010b41cdec/antenna/tag/e28068940000400386621d4f, 96
1652702610.532025, sdrt-health/mac:02010b41cdec/antenna/tag/e2806894000050038662154f, 88
1652702610.532534, sdrt-health/mac:02010b41cdec/antenna/tag/e28068940000500386620d4f, 83
1652702610.551134, sdrt-health/mac:02010b41cdec/antenna/tag/e2806894000040038661f94f, 94
1652702610.615433, sdrt-health/mac:02010b41cdec/antenna/tag/e28068940000400386621d4f, 96
1652702610.661994, sdrt-health/mac:02010b41cdec/antenna/tag/e2806894000040038662114f, 93
1652702610.725634, sdrt-health/mac:02010b41cdec/antenna/tag/e28068940000500386620d4f, 90
1652702610.726151, sdrt-health/mac:02010b41cdec/antenna/tag/e2806894000040038662114f, 85
1652702610.751747, sdrt-health/mac:02010b41cdec/antenna/tag/e28068940000500386620d4f, 83
1652702610.805788, sdrt-health/mac:02010b41cdec/antenna/tag/e2806894000050038661fd4f, 83
1652702610.806029, sdrt-health/mac:02010b41cdec/antenna/tag/e2806894000050038662154f, 85
1652702610.806287, sdrt-health/mac:02010b41cdec/antenna/tag/e2806894000050038662154f, 88
1652702610.807868, sdrt-health/mac:02010b41cdec/antenna/tag/e28068940000500386620d4f, 90
1652702610.830966, sdrt-health/mac:02010b41cdec/antenna/tag/e2806894000050038661fd4f, 97
1652702610.890827, sdrt-health/mac:02010b41cdec/antenna/tag/e28068940000400386621d4f, 77
1652702610.935931, sdrt-health/mac:02010b41cdec/antenna/tag/e2806894000050038662154f, 85
1652702610.982528, sdrt-health/mac:02010b41cdec/antenna/tag/e2806894000040038662114f, 85
1652702611.046227, sdrt-health/mac:02010b41cdec/antenna/tag/e2806894000040038661f94f, 94
1652702611.046694, sdrt-health/mac:02010b41cdec/antenna/tag/e2806894000050038662154f, 88
1652702611.061571, sdrt-health/mac:02010b41cdec/antenna/tag/e2806894000040038662114f, 88
1652702611.183731, sdrt-health/mac:02010b41cdec/antenna/tag/e2806894000050038662154f, 88
1652702611.216252, sdrt-health/mac:02010b41cdec/antenna/tag/e2806894000050038662154f, 85
1652702611.216706, sdrt-health/mac:02010b41cdec/antenna/tag/e2806894000050038662154f, 85
1652702611.21713, sdrt-health/mac:02010b41cdec/antenna/tag/e2806894000050038662154f, 85
1652702611.217453, sdrt-health/mac:02010b41cdec/antenna/tag/e28068940000400386621d4f, 77
1652702611.230726, sdrt-health/mac:02010b41cdec/antenna/tag/e2806894000040038662114f, 88
1652702611.231747, sdrt-health/mac:02010b41cdec/antenna/tag/e2806894000040038662114f, 88
1652702611.245633, sdrt-health/mac:02010b41cdec/antenna/tag/e28068940000400386621d4f, 96
1652702611.282022, sdrt-health/mac:02010b41cdec/antenna/tag/e2806894000050038662154f, 88
1652702611.336362, sdrt-health/mac:02010b41cdec/antenna/tag/e2806894000050038662194f, 82
1652702611.336913, sdrt-health/mac:02010b41cdec/antenna/tag/e28068940000400386621d4f, 96
1652702611.337272, sdrt-health/mac:02010b41cdec/antenna/tag/e28068940000500386620d4f, 83
1652702611.351724, sdrt-health/mac:02010b41cdec/antenna/tag/e2806894000050038662154f, 85
1652702611.36196, sdrt-health/mac:02010b41cdec/antenna/tag/e2806894000040038662214f, 84
1652702611.401457, sdrt-health/mac:02010b41cdec/antenna/tag/e2806894000040038662214f, 81
1652702611.440417, sdrt-health/mac:02010b41cdec/antenna/tag/e2806894000050038661fd4f, 91
1652702611.496107, sdrt-health/mac:02010b41cdec/antenna/tag/e2806894000040038662114f, 87
1652702611.496651, sdrt-health/mac:02010b41cdec/antenna/tag/e2806894000050038662154f, 85
1652702611.521493, sdrt-health/mac:02010b41cdec/antenna/tag/e2806894000040038662114f, 85
1652702611.641439, sdrt-health/mac:02010b41cdec/antenna/tag/e28068940000400386621d4f, 77
1652702611.681295, sdrt-health/mac:02010b41cdec/antenna/tag/e28068940000500386620d4f, 83
1652702611.750941, sdrt-health/mac:02010b41cdec/antenna/tag/e2806894000050038661fd4f, 97
1652702611.79943, sdrt-health/mac:02010b41cdec/antenna/tag/e28068940000500386620d4f, 90
1652702611.831719, sdrt-health/mac:02010b41cdec/antenna/tag/e2806894000050038661fd4f, 91
1652702611.832305, sdrt-health/mac:02010b41cdec/antenna/tag/e28068940000500386620d4f, 83
1652702611.846421, sdrt-health/mac:02010b41cdec/antenna/tag/e2806894000040038661f94f, 81
1652702611.846978, sdrt-health/mac:02010b41cdec/antenna/tag/e2806894000040038661f94f, 83
1652702611.911695, sdrt-health/mac:02010b41cdec/antenna/tag/e28068940000400386621d4f, 77
1652702611.961483, sdrt-health/mac:02010b41cdec/antenna/tag/e28068940000500386620d4f, 83
1652702612.033257, sdrt-health/mac:02010b41cdec/antenna/tag/e2806894000040038662114f, 85
1652702612.033474, sdrt-health/mac:02010b41cdec/antenna/tag/e2806894000050038662154f, 88
1652702612.048468, sdrt-health/mac:02010b41cdec/antenna/tag/e28068940000500386620d4f, 83
1652702612.072115, sdrt-health/mac:02010b41cdec/antenna/tag/e28068940000400386621d4f, 96
1652702612.111316, sdrt-health/mac:02010b41cdec/antenna/tag/e2806894000050038662154f, 85
1652702612.180397, sdrt-health/mac:02010b41cdec/antenna/tag/e28068940000400386621d4f, 77
1652702612.230744, sdrt-health/mac:02010b41cdec/antenna/tag/e28068940000400386621d4f, 77
1652702612.284675, sdrt-health/mac:02010b41cdec/antenna/tag/e2806894000050038661fd4f, 83
1652702612.284907, sdrt-health/mac:02010b41cdec/antenna/tag/e2806894000050038661fd4f, 97
1652702612.300018, sdrt-health/mac:02010b41cdec/antenna/tag/e2806894000050038662194f, 94
1652702612.321045, sdrt-health/mac:02010b41cdec/antenna/tag/e2806894000050038662154f, 85
1652702612.399737, sdrt-health/mac:02010b41cdec/antenna/tag/e28068940000500386620d4f, 90
1652702612.456782, sdrt-health/mac:02010b41cdec/antenna/tag/e2806894000040038662114f, 85
1652702612.457008, sdrt-health/mac:02010b41cdec/antenna/tag/e2806894000050038661fd4f, 83
1652702612.472312, sdrt-health/mac:02010b41cdec/antenna/tag/e28068940000500386620d4f, 83
1652702612.480968, sdrt-health/mac:02010b41cdec/antenna/tag/e2806894000050038662154f, 88
1652702612.537283, sdrt-health/mac:02010b41cdec/antenna/tag/e28068940000500386620d4f, 90
1652702612.580723, sdrt-health/mac:02010b41cdec/antenna/tag/e2806894000050038661fd4f, 83
1652702612.631511, sdrt-health/mac:02010b41cdec/antenna/tag/e28068940000400386621d4f, 96
1652702612.663266, sdrt-health/mac:02010b41cdec/antenna/tag/e2806894000040038662114f, 85
1652702612.663851, sdrt-health/mac:02010b41cdec/antenna/tag/e28068940000500386620d4f, 83
1652702612.677392, sdrt-health/mac:02010b41cdec/antenna/tag/e28068940000500386620d4f, 83
1652702612.721701, sdrt-health/mac:02010b41cdec/antenna/tag/e2806894000050038662194f, 84
1652702612.777735, sdrt-health/mac:02010b41cdec/antenna/tag/e28068940000400386621d4f, 77
1652702612.778091, sdrt-health/mac:02010b41cdec/antenna/tag/e2806894000050038661fd4f, 97
1652702612.802235, sdrt-health/mac:02010b41cdec/antenna/tag/e28068940000500386620d4f, 83
1652702612.842648, sdrt-health/mac:02010b41cdec/antenna/tag/e2806894000040038661f94f, 81
1652702612.882134, sdrt-health/mac:02010b41cdec/antenna/tag/e28068940000500386620d4f, 90
1652702612.937552, sdrt-health/mac:02010b41cdec/antenna/tag/e2806894000050038662154f, 93
1652702612.938022, sdrt-health/mac:02010b41cdec/antenna/tag/e2806894000050038661fd4f, 97
1652702612.938357, sdrt-health/mac:02010b41cdec/antenna/tag/e2806894000040038662114f, 85
1652702612.961156, sdrt-health/mac:02010b41cdec/antenna/tag/e28068940000500386620d4f, 83
1652702613.122989, sdrt-health/mac:02010b41cdec/antenna/tag/e2806894000050038661fd4f, 91
1652702613.123517, sdrt-health/mac:02010b41cdec/antenna/tag/e2806894000050038662154f, 91
1652702613.158556, sdrt-health/mac:02010b41cdec/antenna/tag/e2806894000040038661f94f, 94
1652702613.190313, sdrt-health/mac:02010b41cdec/antenna/tag/e2806894000050038662154f, 85
1652702613.190561, sdrt-health/mac:02010b41cdec/antenna/tag/e2806894000040038662114f, 85
1652702613.191323, sdrt-health/mac:02010b41cdec/antenna/tag/e28068940000400386621d4f, 96
1652702613.191504, sdrt-health/mac:02010b41cdec/antenna/tag/e2806894000050038662154f, 85
1652702613.19169, sdrt-health/mac:02010b41cdec/antenna/tag/e2806894000040038662114f, 85
1652702613.191837, sdrt-health/mac:02010b41cdec/antenna/tag/e28068940000400386621d4f, 77
1652702613.205768, sdrt-health/mac:02010b41cdec/antenna/tag/e2806894000040038662114f, 88
1652702613.242397, sdrt-health/mac:02010b41cdec/antenna/tag/e2806894000040038662114f, 88
1652702613.281639, sdrt-health/mac:02010b41cdec/antenna/tag/e28068940000500386620d4f, 83
1652702613.321166, sdrt-health/mac:02010b41cdec/antenna/tag/e28068940000500386620d4f, 83
1652702613.378251, sdrt-health/mac:02010b41cdec/antenna/tag/e28068940000400386621d4f, 77
1652702613.378804, sdrt-health/mac:02010b41cdec/antenna/tag/e2806894000050038661fd4f, 97
1652702613.379206, sdrt-health/mac:02010b41cdec/antenna/tag/e2806894000040038662114f, 85
1652702613.416075, sdrt-health/mac:02010b41cdec/antenna/tag/e2806894000050038662154f, 88
1652702613.462032, sdrt-health/mac:02010b41cdec/antenna/tag/e2806894000050038662154f, 85
1652702613.52877, sdrt-health/mac:02010b41cdec/antenna/tag/e2806894000050038661fd4f, 83
1652702613.529288, sdrt-health/mac:02010b41cdec/antenna/tag/e2806894000040038662114f, 88
1652702613.551742, sdrt-health/mac:02010b41cdec/antenna/tag/e2806894000050038662194f, 88
1652702613.601621, sdrt-health/mac:02010b41cdec/antenna/tag/e2806894000050038662014f, 110
1652702613.602162, sdrt-health/mac:02010b41cdec/antenna/tag/e2806894000050038662154f, 85
1652702613.692553, sdrt-health/mac:02010b41cdec/antenna/tag/e28068940000500386620d4f, 90
1652702613.761691, sdrt-health/mac:02010b41cdec/antenna/tag/e2806894000050038661fd4f, 91
1652702613.791659, sdrt-health/mac:02010b41cdec/antenna/tag/e28068940000400386621d4f, 77
1652702613.792144, sdrt-health/mac:02010b41cdec/antenna/tag/e2806894000040038662114f, 85
1652702613.792555, sdrt-health/mac:02010b41cdec/antenna/tag/e2806894000040038662114f, 85
1652702613.807571, sdrt-health/mac:02010b41cdec/antenna/tag/e2806894000050038661fd4f, 91
1652702613.849171, sdrt-health/mac:02010b41cdec/antenna/tag/e2806894000050038662154f, 85
1652702613.902248, sdrt-health/mac:02010b41cdec/antenna/tag/e2806894000050038662154f, 85
1652702613.902741, sdrt-health/mac:02010b41cdec/antenna/tag/e28068940000500386620d4f, 83
1652702613.94133, sdrt-health/mac:02010b41cdec/antenna/tag/e2806894000050038661fd4f, 97
1652702614.007476, sdrt-health/mac:02010b41cdec/antenna/tag/e2806894000040038662114f, 85
1652702614.008034, sdrt-health/mac:02010b41cdec/antenna/tag/e2806894000040038662114f, 93
1652702614.00842, sdrt-health/mac:02010b41cdec/antenna/tag/e2806894000040038661f94f, 82
1652702614.071272, sdrt-health/mac:02010b41cdec/antenna/tag/e2806894000040038662114f, 85
1652702614.111095, sdrt-health/mac:02010b41cdec/antenna/tag/e28068940000500386620d4f, 90
1652702614.161312, sdrt-health/mac:02010b41cdec/antenna/tag/e2806894000050038662154f, 93
1652702614.216845, sdrt-health/mac:02010b41cdec/antenna/tag/e2806894000050038662154f, 87
1652702614.217478, sdrt-health/mac:02010b41cdec/antenna/tag/e2806894000050038662154f, 87
1652702614.261151, sdrt-health/mac:02010b41cdec/antenna/tag/e2806894000040038662114f, 85
1652702614.310875, sdrt-health/mac:02010b41cdec/antenna/tag/e28068940000500386620d4f, 83
1652702614.368022, sdrt-health/mac:02010b41cdec/antenna/tag/e28068940000400386621d4f, 77
1652702614.368566, sdrt-health/mac:02010b41cdec/antenna/tag/e2806894000050038661fd4f, 97
1652702614.383167, sdrt-health/mac:02010b41cdec/antenna/tag/e28068940000400386621d4f, 77
1652702614.401309, sdrt-health/mac:02010b41cdec/antenna/tag/e28068940000500386620d4f, 90
1652702614.430962, sdrt-health/mac:02010b41cdec/antenna/tag/e2806894000050038662154f, 88
1652702614.431341, sdrt-health/mac:02010b41cdec/antenna/tag/e28068940000400386621d4f, 77
1652702614.446057, sdrt-health/mac:02010b41cdec/antenna/tag/e2806894000050038662154f, 88
1652702614.489755, sdrt-health/mac:02010b41cdec/antenna/tag/e2806894000040038662114f, 85
1652702614.551014, sdrt-health/mac:02010b41cdec/antenna/tag/e2806894000040038662114f, 93
1652702614.551445, sdrt-health/mac:02010b41cdec/antenna/tag/e28068940000400386621d4f, 77
1652702614.581764, sdrt-health/mac:02010b41cdec/antenna/tag/e2806894000050038662194f, 81
1652702614.632204, sdrt-health/mac:02010b41cdec/antenna/tag/e28068940000400386621d4f, 96
1652702614.696283, sdrt-health/mac:02010b41cdec/antenna/tag/e2806894000050038662154f, 85
1652702614.69675, sdrt-health/mac:02010b41cdec/antenna/tag/e28068940000400386621d4f, 96
1652702614.730908, sdrt-health/mac:02010b41cdec/antenna/tag/e2806894000040038662114f, 88
1652702614.775734, sdrt-health/mac:02010b41cdec/antenna/tag/e2806894000050038661fd4f, 83
1652702614.821379, sdrt-health/mac:02010b41cdec/antenna/tag/e2806894000040038662114f, 88
1652702614.911435, sdrt-health/mac:02010b41cdec/antenna/tag/e2806894000050038661fd4f, 97
1652702614.961342, sdrt-health/mac:02010b41cdec/antenna/tag/e2806894000050038661fd4f, 91
1652702614.961941, sdrt-health/mac:02010b41cdec/antenna/tag/e2806894000040038662114f, 85
1652702615.000667, sdrt-health/mac:02010b41cdec/antenna/tag/e2806894000040038662114f, 85
1652702615.041255, sdrt-health/mac:02010b41cdec/antenna/tag/e2806894000050038661fd4f, 86
1652702615.082055, sdrt-health/mac:02010b41cdec/antenna/tag/e28068940000500386620d4f, 83
1652702615.156631, sdrt-health/mac:02010b41cdec/antenna/tag/e2806894000040038662114f, 85
1652702615.157197, sdrt-health/mac:02010b41cdec/antenna/tag/e2806894000040038662114f, 88
1652702615.172181, sdrt-health/mac:02010b41cdec/antenna/tag/e2806894000040038662114f, 88
1652702615.201617, sdrt-health/mac:02010b41cdec/antenna/tag/e2806894000050038662154f, 85
1652702615.236069, sdrt-health/mac:02010b41cdec/antenna/tag/e2806894000050038662154f, 85
1652702615.236593, sdrt-health/mac:02010b41cdec/antenna/tag/e28068940000400386621d4f, 96
1652702615.251579, sdrt-health/mac:02010b41cdec/antenna/tag/e28068940000500386620d4f, 83
1652702615.283072, sdrt-health/mac:02010b41cdec/antenna/tag/e2806894000040038662114f, 88
1652702615.351001, sdrt-health/mac:02010b41cdec/antenna/tag/e28068940000500386620d4f, 90
1652702615.351713, sdrt-health/mac:02010b41cdec/antenna/tag/e28068940000500386620d4f, 90
1652702615.39129, sdrt-health/mac:02010b41cdec/antenna/tag/e28068940000400386621d4f, 77
1652702615.441262, sdrt-health/mac:02010b41cdec/antenna/tag/e28068940000400386621d4f, 96
1652702615.483006, sdrt-health/mac:02010b41cdec/antenna/tag/e28068940000500386620d4f, 90
1652702615.521462, sdrt-health/mac:02010b41cdec/antenna/tag/e2806894000050038662194f, 81
1652702615.591956, sdrt-health/mac:02010b41cdec/antenna/tag/e2806894000040038662114f, 85
1652702615.592457, sdrt-health/mac:02010b41cdec/antenna/tag/e2806894000050038662194f, 88
1652702615.608135, sdrt-health/mac:02010b41cdec/antenna/tag/e2806894000050038661fd4f, 91
1652702615.620769, sdrt-health/mac:02010b41cdec/antenna/tag/e28068940000500386620d4f, 90
1652702615.671225, sdrt-health/mac:02010b41cdec/antenna/tag/e28068940000400386621d4f, 77
1652702615.712084, sdrt-health/mac:02010b41cdec/antenna/tag/e28068940000500386620d4f, 83
1652702615.777139, sdrt-health/mac:02010b41cdec/antenna/tag/e2806894000040038662114f, 83
1652702615.777548, sdrt-health/mac:02010b41cdec/antenna/tag/e28068940000500386620d4f, 83
1652702615.800898, sdrt-health/mac:02010b41cdec/antenna/tag/e28068940000500386620d4f, 90
1652702615.841427, sdrt-health/mac:02010b41cdec/antenna/tag/e2806894000050038662154f, 85
1652702615.882701, sdrt-health/mac:02010b41cdec/antenna/tag/e28068940000400386621d4f, 77
1652702615.922654, sdrt-health/mac:02010b41cdec/antenna/tag/e2806894000040038662114f, 88
1652702615.977177, sdrt-health/mac:02010b41cdec/antenna/tag/e2806894000050038662154f, 88
1652702615.977697, sdrt-health/mac:02010b41cdec/antenna/tag/e28068940000400386621d4f, 77
1652702616.000756, sdrt-health/mac:02010b41cdec/antenna/tag/e2806894000050038661fd4f, 97
1652702616.055972, sdrt-health/mac:02010b41cdec/antenna/tag/e2806894000050038661fd4f, 83
1652702616.119072, sdrt-health/mac:02010b41cdec/antenna/tag/e2806894000040038662114f, 91
1652702616.1204, sdrt-health/mac:02010b41cdec/antenna/tag/e28068940000400386621d4f, 96
1652702616.135553, sdrt-health/mac:02010b41cdec/antenna/tag/e2806894000050038661fd4f, 83
1652702616.169351, sdrt-health/mac:02010b41cdec/antenna/tag/e2806894000050038661fd4f, 83
1652702616.21428, sdrt-health/mac:02010b41cdec/antenna/tag/e28068940000400386621d4f, 77
1652702616.259505, sdrt-health/mac:02010b41cdec/antenna/tag/e28068940000500386620d4f, 83
1652702616.327847, sdrt-health/mac:02010b41cdec/antenna/tag/e2806894000050038661fd4f, 97
1652702616.328438, sdrt-health/mac:02010b41cdec/antenna/tag/e2806894000050038662154f, 88
1652702616.342914, sdrt-health/mac:02010b41cdec/antenna/tag/e2806894000040038662114f, 85
1652702616.352053, sdrt-health/mac:02010b41cdec/antenna/tag/e2806894000050038661fd4f, 91
1652702616.358813, sdrt-health/mac:02010b41cdec/antenna/tag/e28068940000500386620d4f, 83
1652702616.359362, sdrt-health/mac:02010b41cdec/antenna/tag/e2806894000050038662154f, 85
1652702616.420864, sdrt-health/mac:02010b41cdec/antenna/tag/e2806894000050038662194f, 88
1652702616.471001, sdrt-health/mac:02010b41cdec/antenna/tag/e2806894000040038662114f, 85
1652702616.52587, sdrt-health/mac:02010b41cdec/antenna/tag/e28068940000500386620d4f, 90
1652702616.526329, sdrt-health/mac:02010b41cdec/antenna/tag/e28068940000400386621d4f, 77
1652702616.541531, sdrt-health/mac:02010b41cdec/antenna/tag/e2806894000050038661fd4f, 91
1652702616.562627, sdrt-health/mac:02010b41cdec/antenna/tag/e2806894000050038662154f, 88
1652702616.60132, sdrt-health/mac:02010b41cdec/antenna/tag/e28068940000500386620d4f, 83
1652702616.602245, sdrt-health/mac:02010b41cdec/antenna/tag/e2806894000050038662154f, 88
1652702616.645788, sdrt-health/mac:02010b41cdec/antenna/tag/e28068940000400386621d4f, 77
1652702616.682593, sdrt-health/mac:02010b41cdec/antenna/tag/e28068940000400386621d4f, 96
1652702616.722386, sdrt-health/mac:02010b41cdec/antenna/tag/e2806894000050038661fd4f, 83
1652702616.760766, sdrt-health/mac:02010b41cdec/antenna/tag/e2806894000050038662154f, 85
1652702616.801049, sdrt-health/mac:02010b41cdec/antenna/tag/e2806894000050038661fd4f, 91
1652702616.841961, sdrt-health/mac:02010b41cdec/antenna/tag/e28068940000500386620d4f, 83
1652702616.881616, sdrt-health/mac:02010b41cdec/antenna/tag/e28068940000400386621d4f, 77
1652702616.957673, sdrt-health/mac:02010b41cdec/antenna/tag/e2806894000040038662114f, 83
1652702616.95819, sdrt-health/mac:02010b41cdec/antenna/tag/e2806894000040038662114f, 93
1652702616.991904, sdrt-health/mac:02010b41cdec/antenna/tag/e2806894000040038662114f, 85
1652702617.041742, sdrt-health/mac:02010b41cdec/antenna/tag/e28068940000500386620d4f, 90
1652702617.082267, sdrt-health/mac:02010b41cdec/antenna/tag/e2806894000040038661f94f, 94
1652702617.121609, sdrt-health/mac:02010b41cdec/antenna/tag/e2806894000040038662114f, 85
1652702617.160763, sdrt-health/mac:02010b41cdec/antenna/tag/e2806894000050038661fd4f, 83
1652702617.201177, sdrt-health/mac:02010b41cdec/antenna/tag/e2806894000050038661fd4f, 97
1652702617.243205, sdrt-health/mac:02010b41cdec/antenna/tag/e2806894000050038662154f, 85
1652702617.28138, sdrt-health/mac:02010b41cdec/antenna/tag/e2806894000050038661fd4f, 97
1652702617.386405, sdrt-health/mac:02010b41cdec/antenna/tag/e28068940000400386621d4f, 96
1652702617.386933, sdrt-health/mac:02010b41cdec/antenna/tag/e2806894000040038661f94f, 88
1652702617.414779, sdrt-health/mac:02010b41cdec/antenna/tag/e2806894000050038661fd4f, 97
1652702617.451791, sdrt-health/mac:02010b41cdec/antenna/tag/e2806894000050038662154f, 85
1652702617.4957, sdrt-health/mac:02010b41cdec/antenna/tag/e2806894000050038662154f, 88
1652702617.558349, sdrt-health/mac:02010b41cdec/antenna/tag/e28068940000400386621d4f, 96
1652702617.558901, sdrt-health/mac:02010b41cdec/antenna/tag/e28068940000400386621d4f, 77
1652702617.602174, sdrt-health/mac:02010b41cdec/antenna/tag/e2806894000050038662154f, 85
1652702617.64369, sdrt-health/mac:02010b41cdec/antenna/tag/e28068940000500386620d4f, 90
1652702617.705576, sdrt-health/mac:02010b41cdec/antenna/tag/e2806894000040038662114f, 88
1652702617.706048, sdrt-health/mac:02010b41cdec/antenna/tag/e2806894000050038661fd4f, 83
1652702617.752451, sdrt-health/mac:02010b41cdec/antenna/tag/e2806894000040038662114f, 91
1652702617.792465, sdrt-health/mac:02010b41cdec/antenna/tag/e2806894000050038662154f, 88
1652702617.85709, sdrt-health/mac:02010b41cdec/antenna/tag/e28068940000400386621d4f, 77
1652702617.857584, sdrt-health/mac:02010b41cdec/antenna/tag/e2806894000050038662154f, 88
1652702617.882482, sdrt-health/mac:02010b41cdec/antenna/tag/e2806894000040038662214f, 81
1652702617.921549, sdrt-health/mac:02010b41cdec/antenna/tag/e2806894000040038662214f, 81
1652702617.960611, sdrt-health/mac:02010b41cdec/antenna/tag/e2806894000050038661fd4f, 91
1652702618.002779, sdrt-health/mac:02010b41cdec/antenna/tag/e28068940000500386620d4f, 83
1652702618.042127, sdrt-health/mac:02010b41cdec/antenna/tag/e2806894000050038661fd4f, 91
1652702618.082685, sdrt-health/mac:02010b41cdec/antenna/tag/e28068940000400386621d4f, 77
1652702618.13521, sdrt-health/mac:02010b41cdec/antenna/tag/e2806894000050038661fd4f, 91
1652702618.18091, sdrt-health/mac:02010b41cdec/antenna/tag/e2806894000050038662154f, 88
1652702618.211628, sdrt-health/mac:02010b41cdec/antenna/tag/e28068940000400386621d4f, 96
1652702618.212133, sdrt-health/mac:02010b41cdec/antenna/tag/e2806894000050038662154f, 85
1652702618.270325, sdrt-health/mac:02010b41cdec/antenna/tag/e2806894000050038661fd4f, 91
1652702618.322177, sdrt-health/mac:02010b41cdec/antenna/tag/e2806894000040038662214f, 81
1652702618.361688, sdrt-health/mac:02010b41cdec/antenna/tag/e2806894000040038662114f, 85
1652702618.401351, sdrt-health/mac:02010b41cdec/antenna/tag/e2806894000050038662154f, 88
1652702618.44246, sdrt-health/mac:02010b41cdec/antenna/tag/e2806894000050038662154f, 85
1652702618.497952, sdrt-health/mac:02010b41cdec/antenna/tag/e28068940000400386621d4f, 77
1652702618.49851, sdrt-health/mac:02010b41cdec/antenna/tag/e2806894000050038661fd4f, 97
1652702618.535887, sdrt-health/mac:02010b41cdec/antenna/tag/e2806894000050038661fd4f, 83
1652702618.568619, sdrt-health/mac:02010b41cdec/antenna/tag/e28068940000400386621d4f, 96
1652702618.569068, sdrt-health/mac:02010b41cdec/antenna/tag/e28068940000500386620d4f, 90
1652702618.583828, sdrt-health/mac:02010b41cdec/antenna/tag/e28068940000500386620d4f, 90
1652702618.584331, sdrt-health/mac:02010b41cdec/antenna/tag/e2806894000050038661fd4f, 83
1652702618.615177, sdrt-health/mac:02010b41cdec/antenna/tag/e28068940000500386620d4f, 90
1652702618.661984, sdrt-health/mac:02010b41cdec/antenna/tag/e2806894000050038662154f, 88
1652702618.72635, sdrt-health/mac:02010b41cdec/antenna/tag/e28068940000500386620d4f, 83
1652702618.727281, sdrt-health/mac:02010b41cdec/antenna/tag/e2806894000050038662154f, 88
1652702618.74292, sdrt-health/mac:02010b41cdec/antenna/tag/e2806894000050038661fd4f, 83
1652702618.753252, sdrt-health/mac:02010b41cdec/antenna/tag/e2806894000040038662114f, 85
1652702618.758537, sdrt-health/mac:02010b41cdec/antenna/tag/e28068940000500386620d4f, 83
1652702618.802287, sdrt-health/mac:02010b41cdec/antenna/tag/e28068940000500386620d4f, 83
1652702618.842698, sdrt-health/mac:02010b41cdec/antenna/tag/e2806894000050038661fd4f, 91
1652702618.891504, sdrt-health/mac:02010b41cdec/antenna/tag/e2806894000040038662114f, 88
1652702618.935764, sdrt-health/mac:02010b41cdec/antenna/tag/e2806894000050038662154f, 88
1652702618.970949, sdrt-health/mac:02010b41cdec/antenna/tag/e2806894000040038662114f, 88
1652702619.015452, sdrt-health/mac:02010b41cdec/antenna/tag/e2806894000050038661fd4f, 97
1652702619.051597, sdrt-health/mac:02010b41cdec/antenna/tag/e28068940000400386621d4f, 96
1652702619.109765, sdrt-health/mac:02010b41cdec/antenna/tag/e2806894000050038661fd4f, 83
1652702619.110241, sdrt-health/mac:02010b41cdec/antenna/tag/e2806894000050038662154f, 88
1652702619.141384, sdrt-health/mac:02010b41cdec/antenna/tag/e28068940000400386621d4f, 77
1652702619.191273, sdrt-health/mac:02010b41cdec/antenna/tag/e2806894000050038662154f, 85
1652702619.191975, sdrt-health/mac:02010b41cdec/antenna/tag/e2806894000050038662194f, 81
1652702619.205242, sdrt-health/mac:02010b41cdec/antenna/tag/e28068940000400386621d4f, 77
1652702619.233712, sdrt-health/mac:02010b41cdec/antenna/tag/e2806894000040038662114f, 85
1652702619.308034, sdrt-health/mac:02010b41cdec/antenna/tag/e2806894000050038661fd4f, 91
1652702619.308541, sdrt-health/mac:02010b41cdec/antenna/tag/e2806894000050038661fd4f, 91
1652702619.335868, sdrt-health/mac:02010b41cdec/antenna/tag/e28068940000400386621d4f, 77
1652702619.400158, sdrt-health/mac:02010b41cdec/antenna/tag/e28068940000500386620d4f, 90
1652702619.400746, sdrt-health/mac:02010b41cdec/antenna/tag/e2806894000040038662114f, 93
1652702619.442316, sdrt-health/mac:02010b41cdec/antenna/tag/e28068940000500386620d4f, 83
1652702619.475749, sdrt-health/mac:02010b41cdec/antenna/tag/e28068940000400386621d4f, 96
1652702619.47628, sdrt-health/mac:02010b41cdec/antenna/tag/e2806894000040038662114f, 93
1652702619.492553, sdrt-health/mac:02010b41cdec/antenna/tag/e2806894000040038662114f, 93
1652702619.531617, sdrt-health/mac:02010b41cdec/antenna/tag/e28068940000400386621d4f, 96
1652702619.655836, sdrt-health/mac:02010b41cdec/antenna/tag/e2806894000050038662154f, 88
1652702619.688572, sdrt-health/mac:02010b41cdec/antenna/tag/e2806894000040038661f94f, 81
1652702619.689141, sdrt-health/mac:02010b41cdec/antenna/tag/e28068940000400386621d4f, 96
1652702619.689742, sdrt-health/mac:02010b41cdec/antenna/tag/e2806894000040038661f94f, 81
1652702619.756143, sdrt-health/mac:02010b41cdec/antenna/tag/e2806894000050038662194f, 94
1652702619.880602, sdrt-health/mac:02010b41cdec/antenna/tag/e2806894000050038662154f, 85
1652702619.915948, sdrt-health/mac:02010b41cdec/antenna/tag/e2806894000050038661fd4f, 83
1652702619.916548, sdrt-health/mac:02010b41cdec/antenna/tag/e2806894000050038662154f, 93
1652702619.917055, sdrt-health/mac:02010b41cdec/antenna/tag/e28068940000500386620d4f, 83
1652702619.917483, sdrt-health/mac:02010b41cdec/antenna/tag/e28068940000400386621d4f, 77
1652702619.931941, sdrt-health/mac:02010b41cdec/antenna/tag/e2806894000040038662114f, 88
1652702620.002131, sdrt-health/mac:02010b41cdec/antenna/tag/e2806894000040038662114f, 91
1652702620.002577, sdrt-health/mac:02010b41cdec/antenna/tag/e28068940000500386620d4f, 83
1652702620.041395, sdrt-health/mac:02010b41cdec/antenna/tag/e2806894000040038662114f, 88
1652702620.097342, sdrt-health/mac:02010b41cdec/antenna/tag/e2806894000040038662114f, 85
1652702620.097838, sdrt-health/mac:02010b41cdec/antenna/tag/e2806894000040038662114f, 85
1652702620.112589, sdrt-health/mac:02010b41cdec/antenna/tag/e28068940000500386620d4f, 83
1652702620.123096, sdrt-health/mac:02010b41cdec/antenna/tag/e2806894000040038662114f, 85
1652702620.162334, sdrt-health/mac:02010b41cdec/antenna/tag/e2806894000040038662114f, 85
1652702620.201795, sdrt-health/mac:02010b41cdec/antenna/tag/e2806894000040038661f94f, 94
1652702620.256375, sdrt-health/mac:02010b41cdec/antenna/tag/e2806894000050038662154f, 93
1652702620.256815, sdrt-health/mac:02010b41cdec/antenna/tag/e2806894000040038662114f, 85
1652702620.281638, sdrt-health/mac:02010b41cdec/antenna/tag/e28068940000400386621d4f, 77
1652702620.314818, sdrt-health/mac:02010b41cdec/antenna/tag/e2806894000050038661fd4f, 97
1652702620.315385, sdrt-health/mac:02010b41cdec/antenna/tag/e2806894000050038662194f, 88
1652702620.331128, sdrt-health/mac:02010b41cdec/antenna/tag/e2806894000050038662154f, 93
1652702620.361705, sdrt-health/mac:02010b41cdec/antenna/tag/e28068940000500386620d4f, 83
1652702620.417639, sdrt-health/mac:02010b41cdec/antenna/tag/e2806894000050038662154f, 85
1652702620.418181, sdrt-health/mac:02010b41cdec/antenna/tag/e28068940000500386620d4f, 90
1652702620.442162, sdrt-health/mac:02010b41cdec/antenna/tag/e28068940000500386620d4f, 90
1652702620.4817, sdrt-health/mac:02010b41cdec/antenna/tag/e2806894000040038662214f, 88
1652702620.536734, sdrt-health/mac:02010b41cdec/antenna/tag/e28068940000400386621d4f, 77
1652702620.53728, sdrt-health/mac:02010b41cdec/antenna/tag/e2806894000040038662114f, 85
1652702620.552094, sdrt-health/mac:02010b41cdec/antenna/tag/e2806894000050038662154f, 93
1652702620.561129, sdrt-health/mac:02010b41cdec/antenna/tag/e28068940000500386620d4f, 83
1652702620.601506, sdrt-health/mac:02010b41cdec/antenna/tag/e2806894000040038662114f, 88
1652702620.656828, sdrt-health/mac:02010b41cdec/antenna/tag/e2806894000040038661f94f, 82
1652702620.657378, sdrt-health/mac:02010b41cdec/antenna/tag/e2806894000050038662154f, 81
1652702620.697169, sdrt-health/mac:02010b41cdec/antenna/tag/e2806894000050038662154f, 85
1652702620.741319, sdrt-health/mac:02010b41cdec/antenna/tag/e2806894000050038662194f, 88
1652702620.800748, sdrt-health/mac:02010b41cdec/antenna/tag/e2806894000050038662154f, 88
1652702620.83311, sdrt-health/mac:02010b41cdec/antenna/tag/e28068940000500386620d4f, 90
1652702620.833437, sdrt-health/mac:02010b41cdec/antenna/tag/e2806894000050038662194f, 84
1652702620.848014, sdrt-health/mac:02010b41cdec/antenna/tag/e28068940000500386620d4f, 83
1652702620.882901, sdrt-health/mac:02010b41cdec/antenna/tag/e2806894000040038662114f, 88
1652702620.920523, sdrt-health/mac:02010b41cdec/antenna/tag/e28068940000500386620d4f, 83
1652702620.961599, sdrt-health/mac:02010b41cdec/antenna/tag/e2806894000040038662114f, 85
1652702621.000774, sdrt-health/mac:02010b41cdec/antenna/tag/e28068940000400386621d4f, 77
1652702621.041646, sdrt-health/mac:02010b41cdec/antenna/tag/e2806894000050038662194f, 81
1652702621.075959, sdrt-health/mac:02010b41cdec/antenna/tag/e28068940000500386620d4f, 90
1652702621.076553, sdrt-health/mac:02010b41cdec/antenna/tag/e2806894000050038662194f, 88
1652702621.095642, sdrt-health/mac:02010b41cdec/antenna/tag/e2806894000050038662154f, 85
1652702621.142068, sdrt-health/mac:02010b41cdec/antenna/tag/e28068940000500386620d4f, 83
1652702621.206757, sdrt-health/mac:02010b41cdec/antenna/tag/e2806894000040038662114f, 88
1652702621.207247, sdrt-health/mac:02010b41cdec/antenna/tag/e28068940000400386621d4f, 96
1652702621.242798, sdrt-health/mac:02010b41cdec/antenna/tag/e28068940000400386621d4f, 96
1652702621.2822, sdrt-health/mac:02010b41cdec/antenna/tag/e28068940000400386621d4f, 77
1652702621.336186, sdrt-health/mac:02010b41cdec/antenna/tag/e2806894000040038662114f, 88
1652702621.336688, sdrt-health/mac:02010b41cdec/antenna/tag/e2806894000050038661fd4f, 83
1652702621.351734, sdrt-health/mac:02010b41cdec/antenna/tag/e28068940000500386620d4f, 83
1652702621.360785, sdrt-health/mac:02010b41cdec/antenna/tag/e2806894000050038661fd4f, 91
1652702621.401044, sdrt-health/mac:02010b41cdec/antenna/tag/e2806894000040038662114f, 85
1652702621.458077, sdrt-health/mac:02010b41cdec/antenna/tag/e28068940000400386621d4f, 77
1652702621.458602, sdrt-health/mac:02010b41cdec/antenna/tag/e28068940000500386620d4f, 90
1652702621.474028, sdrt-health/mac:02010b41cdec/antenna/tag/e2806894000040038662114f, 85
1652702621.481991, sdrt-health/mac:02010b41cdec/antenna/tag/e2806894000050038661fd4f, 83
1652702621.5205, sdrt-health/mac:02010b41cdec/antenna/tag/e28068940000500386620d4f, 83
1652702621.561498, sdrt-health/mac:02010b41cdec/antenna/tag/e2806894000040038662114f, 88
1652702621.645314, sdrt-health/mac:02010b41cdec/antenna/tag/e28068940000500386620d4f, 90
1652702621.645895, sdrt-health/mac:02010b41cdec/antenna/tag/e28068940000400386621d4f, 77
1652702621.646381, sdrt-health/mac:02010b41cdec/antenna/tag/e28068940000400386621d4f, 96
1652702621.646775, sdrt-health/mac:02010b41cdec/antenna/tag/e28068940000500386620d4f, 83
1652702621.681531, sdrt-health/mac:02010b41cdec/antenna/tag/e2806894000040038662114f, 88
1652702621.710837, sdrt-health/mac:02010b41cdec/antenna/tag/e28068940000500386620d4f, 83
1652702621.711367, sdrt-health/mac:02010b41cdec/antenna/tag/e2806894000050038662154f, 88
1652702621.711776, sdrt-health/mac:02010b41cdec/antenna/tag/e28068940000400386621d4f, 96
1652702621.725675, sdrt-health/mac:02010b41cdec/antenna/tag/e2806894000050038661fd4f, 83
1652702621.761478, sdrt-health/mac:02010b41cdec/antenna/tag/e2806894000050038661fd4f, 91
1652702621.792537, sdrt-health/mac:02010b41cdec/antenna/tag/e2806894000040038662054f, 81
1652702621.793111, sdrt-health/mac:02010b41cdec/antenna/tag/e2806894000040038661f94f, 81
1652702621.808102, sdrt-health/mac:02010b41cdec/antenna/tag/e28068940000500386620d4f, 83
1652702621.840944, sdrt-health/mac:02010b41cdec/antenna/tag/e28068940000400386621d4f, 77
1652702621.895971, sdrt-health/mac:02010b41cdec/antenna/tag/e2806894000040038662114f, 88
1652702621.896487, sdrt-health/mac:02010b41cdec/antenna/tag/e2806894000050038662194f, 83
1652702621.920719, sdrt-health/mac:02010b41cdec/antenna/tag/e2806894000040038661f94f, 88
1652702622.113582, sdrt-health/mac:02010b41cdec/antenna/tag/scan, scan stopped
