1652702340.226794, sdrt-health/mac:02010b41cdec/antenna/power/set, {"power": 290}
1652702341.295599, sdrt-health/mac:02010b41cdec/antenna/power/set, 
1652702345.249488, sdrt-health/mac:02010b41cdec/antenna/tag/scan, {"time": 20000}
1652702345.615709, sdrt-health/mac:02010b41cdec/antenna/tag/e2806894000050038661fd4f, 83
1652702345.657026, sdrt-health/mac:02010b41cdec/antenna/tag/e28068940000500386620d4f, 90
1652702345.702839, sdrt-health/mac:02010b41cdec/antenna/tag/e2806894000040038662114f, 88
1652702345.769192, sdrt-health/mac:02010b41cdec/antenna/tag/e2806894000040038662214f, 82
1652702345.76967, sdrt-health/mac:02010b41cdec/antenna/tag/e28068940000400386621d4f, 96
1652702345.770013, sdrt-health/mac:02010b41cdec/antenna/tag/e2806894000050038661fd4f, 91
1652702345.785371, sdrt-health/mac:02010b41cdec/antenna/tag/e28068940000400386621d4f, 77
1652702345.785672, sdrt-health/mac:02010b41cdec/antenna/tag/e28068940000400386621d4f, 77
1652702345.801122, sdrt-health/mac:02010b41cdec/antenna/tag/e2806894000040038662114f, 85
1652702345.842273, sdrt-health/mac:02010b41cdec/antenna/tag/e2806894000050038661fd4f, 88
1652702345.882958, sdrt-health/mac:02010b41cdec/antenna/tag/e2806894000050038662154f, 93
1652702345.939303, sdrt-health/mac:02010b41cdec/antenna/tag/e28068940000400386621d4f, 77
1652702345.939614, sdrt-health/mac:02010b41cdec/antenna/tag/e28068940000400386621d4f, 77
1652702345.978876, sdrt-health/mac:02010b41cdec/antenna/tag/e2806894000050038662154f, 85
1652702346.032397, sdrt-health/mac:02010b41cdec/antenna/tag/e2806894000040038661f94f, 83
1652702346.100827, sdrt-health/mac:02010b41cdec/antenna/tag/e2806894000050038662154f, 87
1652702346.101377, sdrt-health/mac:02010b41cdec/antenna/tag/e28068940000500386620d4f, 83
1652702346.117347, sdrt-health/mac:02010b41cdec/antenna/tag/e2806894000040038662114f, 85
1652702346.123026, sdrt-health/mac:02010b41cdec/antenna/tag/e28068940000500386620d4f, 83
1652702346.161869, sdrt-health/mac:02010b41cdec/antenna/tag/e2806894000050038662154f, 85
1652702346.220482, sdrt-health/mac:02010b41cdec/antenna/tag/e28068940000500386620d4f, 83
1652702346.252916, sdrt-health/mac:02010b41cdec/antenna/tag/e2806894000040038662114f, 85
1652702346.329622, sdrt-health/mac:02010b41cdec/antenna/tag/e2806894000040038662114f, 85
1652702346.330137, sdrt-health/mac:02010b41cdec/antenna/tag/e2806894000040038662114f, 83
1652702346.352497, sdrt-health/mac:02010b41cdec/antenna/tag/e2806894000050038661fd4f, 97
1652702346.384802, sdrt-health/mac:02010b41cdec/antenna/tag/e2806894000050038662154f, 85
1652702346.38504, sdrt-health/mac:02010b41cdec/antenna/tag/e28068940000500386620d4f, 83
1652702346.402853, sdrt-health/mac:02010b41cdec/antenna/tag/e2806894000040038662114f, 93
1652702346.477928, sdrt-health/mac:02010b41cdec/antenna/tag/e2806894000050038661fd4f, 83
1652702346.478378, sdrt-health/mac:02010b41cdec/antenna/tag/e2806894000050038661fd4f, 91
1652702346.495251, sdrt-health/mac:02010b41cdec/antenna/tag/e28068940000500386620d4f, 83
1652702346.502948, sdrt-health/mac:02010b41cdec/antenna/tag/e2806894000050038662154f, 85
1652702346.553518, sdrt-health/mac:02010b41cdec/antenna/tag/e2806894000050038661fd4f, 97
1652702346.59284, sdrt-health/mac:02010b41cdec/antenna/tag/e2806894000050038661fd4f, 83
1652702346.660731, sdrt-health/mac:02010b41cdec/antenna/tag/e2806894000040038662114f, 88
1652702346.661186, sdrt-health/mac:02010b41cdec/antenna/tag/e28068940000500386620d4f, 83
1652702346.676261, sdrt-health/mac:02010b41cdec/antenna/tag/e2806894000050038662154f, 85
1652702346.741912, sdrt-health/mac:02010b41cdec/antenna/tag/e2806894000050038661fd4f, 83
1652702346.742463, sdrt-health/mac:02010b41cdec/antenna/tag/e28068940000400386621d4f, 96
1652702346.762543, sdrt-health/mac:02010b41cdec/antenna/tag/e28068940000500386620d4f, 90
1652702346.820305, sdrt-health/mac:02010b41cdec/antenna/tag/e2806894000050038662154f, 88
1652702346.820857, sdrt-health/mac:02010b41cdec/antenna/tag/e2806894000050038661fd4f, 83
1652702346.836339, sdrt-health/mac:02010b41cdec/antenna/tag/e2806894000050038661fd4f, 97
1652702346.843091, sdrt-health/mac:02010b41cdec/antenna/tag/e2806894000040038662114f, 85
1652702346.85227, sdrt-health/mac:02010b41cdec/antenna/tag/e2806894000050038661fd4f, 91
1652702346.883628, sdrt-health/mac:02010b41cdec/antenna/tag/e2806894000040038662114f, 93
1652702346.922302, sdrt-health/mac:02010b41cdec/antenna/tag/e28068940000400386621d4f, 77
1652702347.042088, sdrt-health/mac:02010b41cdec/antenna/tag/e2806894000050038661fd4f, 97
1652702347.042618, sdrt-health/mac:02010b41cdec/antenna/tag/e2806894000040038662114f, 85
1652702347.099541, sdrt-health/mac:02010b41cdec/antenna/tag/e28068940000500386620d4f, 83
1652702347.16043, sdrt-health/mac:02010b41cdec/antenna/tag/e28068940000500386620d4f, 90
1652702347.160882, sdrt-health/mac:02010b41cdec/antenna/tag/e28068940000500386620d4f, 90
1652702347.177903, sdrt-health/mac:02010b41cdec/antenna/tag/e2806894000050038662154f, 88
1652702347.195578, sdrt-health/mac:02010b41cdec/antenna/tag/e2806894000050038661fd4f, 83
1652702347.198057, sdrt-health/mac:02010b41cdec/antenna/tag/e2806894000040038662114f, 91
1652702347.198361, sdrt-health/mac:02010b41cdec/antenna/tag/e2806894000050038662154f, 85
1652702347.23526, sdrt-health/mac:02010b41cdec/antenna/tag/e2806894000050038662154f, 85
1652702347.299991, sdrt-health/mac:02010b41cdec/antenna/tag/e2806894000040038662114f, 85
1652702347.300497, sdrt-health/mac:02010b41cdec/antenna/tag/e2806894000050038662154f, 87
1652702347.316086, sdrt-health/mac:02010b41cdec/antenna/tag/e2806894000050038661fd4f, 97
1652702347.336734, sdrt-health/mac:02010b41cdec/antenna/tag/e2806894000050038662154f, 88
1652702347.40708, sdrt-health/mac:02010b41cdec/antenna/tag/e2806894000040038662114f, 85
1652702347.407349, sdrt-health/mac:02010b41cdec/antenna/tag/e2806894000050038661fd4f, 97
1652702347.424113, sdrt-health/mac:02010b41cdec/antenna/tag/e2806894000040038662114f, 85
1652702347.457606, sdrt-health/mac:02010b41cdec/antenna/tag/e2806894000050038662154f, 93
1652702347.457857, sdrt-health/mac:02010b41cdec/antenna/tag/e2806894000050038662154f, 85
1652702347.458024, sdrt-health/mac:02010b41cdec/antenna/tag/e2806894000050038662154f, 93
1652702347.472505, sdrt-health/mac:02010b41cdec/antenna/tag/e2806894000040038662114f, 88
1652702347.523468, sdrt-health/mac:02010b41cdec/antenna/tag/e2806894000040038662114f, 85
1652702347.557207, sdrt-health/mac:02010b41cdec/antenna/tag/e2806894000050038662194f, 88
1652702347.557559, sdrt-health/mac:02010b41cdec/antenna/tag/e28068940000500386620d4f, 83
1652702347.57402, sdrt-health/mac:02010b41cdec/antenna/tag/e28068940000500386620d4f, 83
1652702347.574319, sdrt-health/mac:02010b41cdec/antenna/tag/e28068940000400386621d4f, 77
1652702347.603731, sdrt-health/mac:02010b41cdec/antenna/tag/e2806894000050038662154f, 85
1652702347.643735, sdrt-health/mac:02010b41cdec/antenna/tag/e2806894000050038661fd4f, 91
1652702347.71002, sdrt-health/mac:02010b41cdec/antenna/tag/e2806894000050038662154f, 93
1652702347.710566, sdrt-health/mac:02010b41cdec/antenna/tag/e28068940000400386621d4f, 96
1652702347.753823, sdrt-health/mac:02010b41cdec/antenna/tag/e2806894000050038662154f, 85
1652702347.793011, sdrt-health/mac:02010b41cdec/antenna/tag/e2806894000050038661fd4f, 91
1652702347.824589, sdrt-health/mac:02010b41cdec/antenna/tag/e28068940000500386620d4f, 83
1652702347.824808, sdrt-health/mac:02010b41cdec/antenna/tag/e2806894000050038661fd4f, 91
1652702347.83987, sdrt-health/mac:02010b41cdec/antenna/tag/e28068940000500386620d4f, 83
1652702347.840144, sdrt-health/mac:02010b41cdec/antenna/tag/e28068940000400386621d4f, 96
1652702347.840277, sdrt-health/mac:02010b41cdec/antenna/tag/e28068940000500386620d4f, 90
1652702347.840404, sdrt-health/mac:02010b41cdec/antenna/tag/e28068940000400386621d4f, 77
1652702347.871955, sdrt-health/mac:02010b41cdec/antenna/tag/e2806894000050038662154f, 88
1652702347.922593, sdrt-health/mac:02010b41cdec/antenna/tag/e2806894000040038662114f, 85
1652702347.962845, sdrt-health/mac:02010b41cdec/antenna/tag/e28068940000400386621d4f, 96
1652702347.963668, sdrt-health/mac:02010b41cdec/antenna/tag/e28068940000400386621d4f, 96
1652702348.003827, sdrt-health/mac:02010b41cdec/antenna/tag/e28068940000400386621d4f, 96
1652702348.043143, sdrt-health/mac:02010b41cdec/antenna/tag/e28068940000500386620d4f, 83
1652702348.099246, sdrt-health/mac:02010b41cdec/antenna/tag/e2806894000050038661fd4f, 97
1652702348.099635, sdrt-health/mac:02010b41cdec/antenna/tag/e2806894000050038661fd4f, 83
1652702348.124239, sdrt-health/mac:02010b41cdec/antenna/tag/e2806894000050038661fd4f, 83
1652702348.162564, sdrt-health/mac:02010b41cdec/antenna/tag/e2806894000050038661fd4f, 83
1652702348.217819, sdrt-health/mac:02010b41cdec/antenna/tag/e2806894000050038661fd4f, 83
1652702348.296993, sdrt-health/mac:02010b41cdec/antenna/tag/e2806894000040038662114f, 85
1652702348.341612, sdrt-health/mac:02010b41cdec/antenna/tag/e28068940000500386620d4f, 83
1652702348.421684, sdrt-health/mac:02010b41cdec/antenna/tag/e28068940000400386621d4f, 96
1652702348.421904, sdrt-health/mac:02010b41cdec/antenna/tag/e2806894000050038662154f, 85
1652702348.438007, sdrt-health/mac:02010b41cdec/antenna/tag/e2806894000040038662114f, 85
1652702348.438254, sdrt-health/mac:02010b41cdec/antenna/tag/e2806894000040038662114f, 85
1652702348.438413, sdrt-health/mac:02010b41cdec/antenna/tag/e2806894000050038662154f, 85
1652702348.454292, sdrt-health/mac:02010b41cdec/antenna/tag/e28068940000400386621d4f, 77
1652702348.482773, sdrt-health/mac:02010b41cdec/antenna/tag/e2806894000040038662114f, 85
1652702348.522928, sdrt-health/mac:02010b41cdec/antenna/tag/e2806894000050038662154f, 88
1652702348.561784, sdrt-health/mac:02010b41cdec/antenna/tag/e2806894000050038661fd4f, 97
1652702348.601916, sdrt-health/mac:02010b41cdec/antenna/tag/e2806894000040038662114f, 93
1652702348.656305, sdrt-health/mac:02010b41cdec/antenna/tag/e2806894000050038661fd4f, 91
1652702348.65673, sdrt-health/mac:02010b41cdec/antenna/tag/e2806894000050038661fd4f, 97
1652702348.68229, sdrt-health/mac:02010b41cdec/antenna/tag/e2806894000050038662154f, 85
1652702348.722239, sdrt-health/mac:02010b41cdec/antenna/tag/e2806894000050038662154f, 85
1652702348.754577, sdrt-health/mac:02010b41cdec/antenna/tag/e2806894000050038661fd4f, 83
1652702348.754831, sdrt-health/mac:02010b41cdec/antenna/tag/e2806894000050038662154f, 88
1652702348.769459, sdrt-health/mac:02010b41cdec/antenna/tag/e2806894000040038662114f, 85
1652702348.769695, sdrt-health/mac:02010b41cdec/antenna/tag/e28068940000400386621d4f, 96
1652702348.795035, sdrt-health/mac:02010b41cdec/antenna/tag/e28068940000400386621d4f, 96
1652702348.842538, sdrt-health/mac:02010b41cdec/antenna/tag/e2806894000050038661fd4f, 91
1652702348.882639, sdrt-health/mac:02010b41cdec/antenna/tag/e28068940000400386621d4f, 96
1652702348.883026, sdrt-health/mac:02010b41cdec/antenna/tag/e2806894000050038662154f, 85
1652702348.898615, sdrt-health/mac:02010b41cdec/antenna/tag/e2806894000040038662114f, 85
1652702348.937366, sdrt-health/mac:02010b41cdec/antenna/tag/e2806894000050038661fd4f, 83
1652702348.997579, sdrt-health/mac:02010b41cdec/antenna/tag/e2806894000050038662154f, 88
1652702348.997856, sdrt-health/mac:02010b41cdec/antenna/tag/e2806894000040038662114f, 85
1652702349.041773, sdrt-health/mac:02010b41cdec/antenna/tag/e2806894000050038662154f, 88
1652702349.082615, sdrt-health/mac:02010b41cdec/antenna/tag/e2806894000050038662154f, 85
1652702349.138294, sdrt-health/mac:02010b41cdec/antenna/tag/e2806894000050038661fd4f, 83
1652702349.138753, sdrt-health/mac:02010b41cdec/antenna/tag/e2806894000050038662154f, 88
1652702349.154429, sdrt-health/mac:02010b41cdec/antenna/tag/e2806894000050038661fd4f, 83
1652702349.162799, sdrt-health/mac:02010b41cdec/antenna/tag/e2806894000050038662154f, 91
1652702349.16888, sdrt-health/mac:02010b41cdec/antenna/tag/e2806894000050038661fd4f, 91
1652702349.205094, sdrt-health/mac:02010b41cdec/antenna/tag/e28068940000500386620d4f, 83
1652702349.257452, sdrt-health/mac:02010b41cdec/antenna/tag/e2806894000050038662154f, 85
1652702349.257857, sdrt-health/mac:02010b41cdec/antenna/tag/e28068940000400386621d4f, 96
1652702349.258167, sdrt-health/mac:02010b41cdec/antenna/tag/e2806894000050038662154f, 85
1652702349.292319, sdrt-health/mac:02010b41cdec/antenna/tag/e2806894000040038662214f, 88
1652702349.337009, sdrt-health/mac:02010b41cdec/antenna/tag/e2806894000040038661f94f, 81
1652702349.43326, sdrt-health/mac:02010b41cdec/antenna/tag/e28068940000400386621d4f, 96
1652702349.513797, sdrt-health/mac:02010b41cdec/antenna/tag/e28068940000500386620d4f, 83
1652702349.544089, sdrt-health/mac:02010b41cdec/antenna/tag/e2806894000040038662114f, 85
1652702349.54466, sdrt-health/mac:02010b41cdec/antenna/tag/e2806894000040038662114f, 93
1652702349.632371, sdrt-health/mac:02010b41cdec/antenna/tag/e2806894000040038662114f, 85
1652702349.710218, sdrt-health/mac:02010b41cdec/antenna/tag/e28068940000400386621d4f, 96
1652702349.710665, sdrt-health/mac:02010b41cdec/antenna/tag/e2806894000050038661fd4f, 83
1652702349.728856, sdrt-health/mac:02010b41cdec/antenna/tag/e28068940000500386620d4f, 90
1652702349.72938, sdrt-health/mac:02010b41cdec/antenna/tag/e2806894000050038662154f, 88
1652702349.729768, sdrt-health/mac:02010b41cdec/antenna/tag/e28068940000500386620d4f, 90
1652702349.744677, sdrt-health/mac:02010b41cdec/antenna/tag/e28068940000500386620d4f, 90
1652702349.744935, sdrt-health/mac:02010b41cdec/antenna/tag/e28068940000500386620d4f, 90
1652702349.745098, sdrt-health/mac:02010b41cdec/antenna/tag/e28068940000400386621d4f, 96
1652702349.745353, sdrt-health/mac:02010b41cdec/antenna/tag/e28068940000400386621d4f, 96
1652702349.791306, sdrt-health/mac:02010b41cdec/antenna/tag/e28068940000500386620d4f, 83
1652702349.845098, sdrt-health/mac:02010b41cdec/antenna/tag/e28068940000500386620d4f, 90
1652702349.912804, sdrt-health/mac:02010b41cdec/antenna/tag/e2806894000040038662114f, 93
1652702349.913026, sdrt-health/mac:02010b41cdec/antenna/tag/e28068940000400386621d4f, 77
1652702349.944266, sdrt-health/mac:02010b41cdec/antenna/tag/e2806894000040038662114f, 93
1652702349.993433, sdrt-health/mac:02010b41cdec/antenna/tag/e2806894000050038662154f, 88
1652702350.033013, sdrt-health/mac:02010b41cdec/antenna/tag/e2806894000040038662114f, 93
1652702350.131323, sdrt-health/mac:02010b41cdec/antenna/tag/e2806894000050038662154f, 88
1652702350.131784, sdrt-health/mac:02010b41cdec/antenna/tag/e2806894000050038662154f, 88
1652702350.163109, sdrt-health/mac:02010b41cdec/antenna/tag/e28068940000500386620d4f, 83
1652702350.234059, sdrt-health/mac:02010b41cdec/antenna/tag/e2806894000050038661fd4f, 97
1652702350.267507, sdrt-health/mac:02010b41cdec/antenna/tag/e28068940000500386620d4f, 90
1652702350.267741, sdrt-health/mac:02010b41cdec/antenna/tag/e28068940000400386621d4f, 77
1652702350.285974, sdrt-health/mac:02010b41cdec/antenna/tag/e2806894000050038662154f, 85
1652702350.319635, sdrt-health/mac:02010b41cdec/antenna/tag/e2806894000040038662114f, 87
1652702350.320013, sdrt-health/mac:02010b41cdec/antenna/tag/e28068940000400386621d4f, 77
1652702350.336272, sdrt-health/mac:02010b41cdec/antenna/tag/e2806894000050038662154f, 93
1652702350.33647, sdrt-health/mac:02010b41cdec/antenna/tag/e28068940000500386620d4f, 90
1652702350.376672, sdrt-health/mac:02010b41cdec/antenna/tag/e2806894000050038662154f, 88
1652702350.423351, sdrt-health/mac:02010b41cdec/antenna/tag/e28068940000400386621d4f, 96
1652702350.492112, sdrt-health/mac:02010b41cdec/antenna/tag/e2806894000040038662114f, 93
1652702350.492578, sdrt-health/mac:02010b41cdec/antenna/tag/e28068940000400386621d4f, 96
1652702350.512531, sdrt-health/mac:02010b41cdec/antenna/tag/e28068940000400386621d4f, 96
1652702350.543781, sdrt-health/mac:02010b41cdec/antenna/tag/e28068940000500386620d4f, 83
1652702350.544251, sdrt-health/mac:02010b41cdec/antenna/tag/e28068940000400386621d4f, 96
1652702350.558445, sdrt-health/mac:02010b41cdec/antenna/tag/e28068940000400386621d4f, 96
1652702350.636065, sdrt-health/mac:02010b41cdec/antenna/tag/e28068940000500386620d4f, 90
1652702350.712959, sdrt-health/mac:02010b41cdec/antenna/tag/e28068940000400386621d4f, 90
1652702350.758021, sdrt-health/mac:02010b41cdec/antenna/tag/e28068940000500386620d4f, 83
1652702350.7585, sdrt-health/mac:02010b41cdec/antenna/tag/e2806894000050038662154f, 88
1652702350.759068, sdrt-health/mac:02010b41cdec/antenna/tag/e2806894000040038662114f, 85
1652702350.77338, sdrt-health/mac:02010b41cdec/antenna/tag/e28068940000500386620d4f, 83
1652702350.805262, sdrt-health/mac:02010b41cdec/antenna/tag/e2806894000040038662114f, 85
1652702350.908638, sdrt-health/mac:02010b41cdec/antenna/tag/e2806894000040038662114f, 85
1652702350.963711, sdrt-health/mac:02010b41cdec/antenna/tag/e28068940000400386621d4f, 96
1652702350.996, sdrt-health/mac:02010b41cdec/antenna/tag/e28068940000500386620d4f, 83
1652702350.996354, sdrt-health/mac:02010b41cdec/antenna/tag/e2806894000050038661fd4f, 97
1652702350.996596, sdrt-health/mac:02010b41cdec/antenna/tag/e2806894000040038662114f, 88
1652702350.996847, sdrt-health/mac:02010b41cdec/antenna/tag/e2806894000040038662054f, 88
1652702350.997098, sdrt-health/mac:02010b41cdec/antenna/tag/e2806894000040038662114f, 85
1652702351.031105, sdrt-health/mac:02010b41cdec/antenna/tag/e28068940000500386620d4f, 90
1652702351.072845, sdrt-health/mac:02010b41cdec/antenna/tag/e2806894000050038662154f, 88
1652702351.115807, sdrt-health/mac:02010b41cdec/antenna/tag/e28068940000500386620d4f, 90
1652702351.116294, sdrt-health/mac:02010b41cdec/antenna/tag/e28068940000400386621d4f, 96
1652702351.1761, sdrt-health/mac:02010b41cdec/antenna/tag/e2806894000050038661fd4f, 91
1652702351.234037, sdrt-health/mac:02010b41cdec/antenna/tag/e28068940000500386620d4f, 90
1652702351.300191, sdrt-health/mac:02010b41cdec/antenna/tag/e2806894000050038662154f, 85
1652702351.300609, sdrt-health/mac:02010b41cdec/antenna/tag/e2806894000050038662154f, 87
1652702351.315748, sdrt-health/mac:02010b41cdec/antenna/tag/e2806894000050038661fd4f, 91
1652702351.324897, sdrt-health/mac:02010b41cdec/antenna/tag/e2806894000040038662114f, 87
1652702351.330768, sdrt-health/mac:02010b41cdec/antenna/tag/e28068940000500386620d4f, 90
1652702351.36222, sdrt-health/mac:02010b41cdec/antenna/tag/e28068940000500386620d4f, 90
1652702351.402978, sdrt-health/mac:02010b41cdec/antenna/tag/e28068940000500386620d4f, 83
1652702351.457561, sdrt-health/mac:02010b41cdec/antenna/tag/e2806894000050038661fd4f, 97
1652702351.457979, sdrt-health/mac:02010b41cdec/antenna/tag/e2806894000040038662114f, 83
1652702351.471717, sdrt-health/mac:02010b41cdec/antenna/tag/e28068940000400386621d4f, 96
1652702351.508142, sdrt-health/mac:02010b41cdec/antenna/tag/e2806894000050038662154f, 85
1652702351.55255, sdrt-health/mac:02010b41cdec/antenna/tag/e2806894000040038662114f, 85
1652702351.553681, sdrt-health/mac:02010b41cdec/antenna/tag/e28068940000500386620d4f, 83
1652702351.567964, sdrt-health/mac:02010b41cdec/antenna/tag/e2806894000050038662154f, 85
1652702351.603465, sdrt-health/mac:02010b41cdec/antenna/tag/e2806894000040038662114f, 85
1652702351.664126, sdrt-health/mac:02010b41cdec/antenna/tag/e2806894000050038662154f, 88
1652702351.664623, sdrt-health/mac:02010b41cdec/antenna/tag/e28068940000500386620d4f, 83
1652702351.692129, sdrt-health/mac:02010b41cdec/antenna/tag/e28068940000500386620d4f, 83
1652702351.741083, sdrt-health/mac:02010b41cdec/antenna/tag/e28068940000500386620d4f, 83
1652702351.741599, sdrt-health/mac:02010b41cdec/antenna/tag/e28068940000400386621d4f, 96
1652702351.762963, sdrt-health/mac:02010b41cdec/antenna/tag/e28068940000500386620d4f, 90
1652702351.801947, sdrt-health/mac:02010b41cdec/antenna/tag/e2806894000040038662114f, 85
1652702351.842748, sdrt-health/mac:02010b41cdec/antenna/tag/e28068940000500386620d4f, 83
1652702351.883271, sdrt-health/mac:02010b41cdec/antenna/tag/e2806894000040038662114f, 85
1652702351.94286, sdrt-health/mac:02010b41cdec/antenna/tag/e2806894000040038662114f, 85
1652702351.992925, sdrt-health/mac:02010b41cdec/antenna/tag/e28068940000500386620d4f, 83
1652702352.040898, sdrt-health/mac:02010b41cdec/antenna/tag/e28068940000400386621d4f, 96
1652702352.098852, sdrt-health/mac:02010b41cdec/antenna/tag/e28068940000400386621d4f, 96
1652702352.099355, sdrt-health/mac:02010b41cdec/antenna/tag/e2806894000050038661fd4f, 83
1652702352.113651, sdrt-health/mac:02010b41cdec/antenna/tag/e2806894000040038662114f, 85
1652702352.114122, sdrt-health/mac:02010b41cdec/antenna/tag/e28068940000400386621d4f, 96
1652702352.297428, sdrt-health/mac:02010b41cdec/antenna/tag/e2806894000050038662154f, 85
1652702352.332407, sdrt-health/mac:02010b41cdec/antenna/tag/e2806894000050038662154f, 93
1652702352.376498, sdrt-health/mac:02010b41cdec/antenna/tag/e28068940000500386620d4f, 90
1652702352.437447, sdrt-health/mac:02010b41cdec/antenna/tag/e2806894000050038662154f, 85
1652702352.437956, sdrt-health/mac:02010b41cdec/antenna/tag/e2806894000040038662114f, 85
1652702352.473896, sdrt-health/mac:02010b41cdec/antenna/tag/e2806894000040038662214f, 82
1652702352.512849, sdrt-health/mac:02010b41cdec/antenna/tag/e2806894000050038661fd4f, 91
1652702352.56258, sdrt-health/mac:02010b41cdec/antenna/tag/e2806894000040038662114f, 85
1652702352.603027, sdrt-health/mac:02010b41cdec/antenna/tag/e28068940000400386621d4f, 96
1652702352.658395, sdrt-health/mac:02010b41cdec/antenna/tag/e2806894000040038662114f, 85
1652702352.658951, sdrt-health/mac:02010b41cdec/antenna/tag/e2806894000040038662114f, 85
1652702352.676648, sdrt-health/mac:02010b41cdec/antenna/tag/e2806894000050038661fd4f, 97
1652702352.723321, sdrt-health/mac:02010b41cdec/antenna/tag/e2806894000050038662154f, 87
1652702352.762938, sdrt-health/mac:02010b41cdec/antenna/tag/e2806894000050038662154f, 85
1652702352.840174, sdrt-health/mac:02010b41cdec/antenna/tag/e2806894000050038662154f, 85
1652702352.882715, sdrt-health/mac:02010b41cdec/antenna/tag/e2806894000050038661fd4f, 83
1652702352.938286, sdrt-health/mac:02010b41cdec/antenna/tag/e28068940000400386621d4f, 96
1652702352.938695, sdrt-health/mac:02010b41cdec/antenna/tag/e2806894000040038662114f, 87
1652702352.961657, sdrt-health/mac:02010b41cdec/antenna/tag/e2806894000050038662194f, 88
1652702353.002046, sdrt-health/mac:02010b41cdec/antenna/tag/e2806894000050038662154f, 87
1652702353.042752, sdrt-health/mac:02010b41cdec/antenna/tag/e2806894000050038661fd4f, 91
1652702353.099138, sdrt-health/mac:02010b41cdec/antenna/tag/e28068940000500386620d4f, 83
1652702353.152467, sdrt-health/mac:02010b41cdec/antenna/tag/e28068940000500386620d4f, 83
1652702353.21571, sdrt-health/mac:02010b41cdec/antenna/tag/e28068940000500386620d4f, 90
1652702353.216217, sdrt-health/mac:02010b41cdec/antenna/tag/e2806894000050038662154f, 85
1652702353.242435, sdrt-health/mac:02010b41cdec/antenna/tag/e2806894000050038661fd4f, 97
1652702353.297551, sdrt-health/mac:02010b41cdec/antenna/tag/e28068940000500386620d4f, 83
1652702353.298021, sdrt-health/mac:02010b41cdec/antenna/tag/e2806894000040038662114f, 88
1652702353.312277, sdrt-health/mac:02010b41cdec/antenna/tag/e2806894000050038662154f, 85
1652702353.372684, sdrt-health/mac:02010b41cdec/antenna/tag/e28068940000400386621d4f, 77
1652702353.44275, sdrt-health/mac:02010b41cdec/antenna/tag/e2806894000040038662114f, 85
1652702353.482527, sdrt-health/mac:02010b41cdec/antenna/tag/e2806894000050038662154f, 88
1652702353.542635, sdrt-health/mac:02010b41cdec/antenna/tag/e28068940000400386621d4f, 96
1652702353.592902, sdrt-health/mac:02010b41cdec/antenna/tag/e28068940000400386621d4f, 96
1652702353.632167, sdrt-health/mac:02010b41cdec/antenna/tag/e2806894000050038661fd4f, 83
1652702353.683196, sdrt-health/mac:02010b41cdec/antenna/tag/e28068940000400386621d4f, 96
1652702353.739268, sdrt-health/mac:02010b41cdec/antenna/tag/e2806894000050038661fd4f, 83
1652702353.739751, sdrt-health/mac:02010b41cdec/antenna/tag/e2806894000050038662154f, 93
1652702353.803129, sdrt-health/mac:02010b41cdec/antenna/tag/e2806894000050038661fd4f, 91
1652702353.854462, sdrt-health/mac:02010b41cdec/antenna/tag/e2806894000040038662114f, 85
1652702353.896823, sdrt-health/mac:02010b41cdec/antenna/tag/e28068940000500386620d4f, 90
1652702354.015769, sdrt-health/mac:02010b41cdec/antenna/tag/e2806894000050038662154f, 85
1652702354.016297, sdrt-health/mac:02010b41cdec/antenna/tag/e2806894000050038662154f, 93
1652702354.07566, sdrt-health/mac:02010b41cdec/antenna/tag/e2806894000050038661fd4f, 97
1652702354.117144, sdrt-health/mac:02010b41cdec/antenna/tag/e2806894000050038662154f, 85
1652702354.164327, sdrt-health/mac:02010b41cdec/antenna/tag/e28068940000400386621d4f, 77
1652702354.194758, sdrt-health/mac:02010b41cdec/antenna/tag/e2806894000040038662114f, 85
1652702354.195051, sdrt-health/mac:02010b41cdec/antenna/tag/e2806894000050038662154f, 88
1652702354.213525, sdrt-health/mac:02010b41cdec/antenna/tag/e2806894000050038661fd4f, 91
1652702354.213732, sdrt-health/mac:02010b41cdec/antenna/tag/e28068940000400386621d4f, 96
1652702354.242422, sdrt-health/mac:02010b41cdec/antenna/tag/e28068940000500386620d4f, 90
1652702354.282919, sdrt-health/mac:02010b41cdec/antenna/tag/e2806894000050038662154f, 93
1652702354.339653, sdrt-health/mac:02010b41cdec/antenna/tag/e28068940000400386621d4f, 77
1652702354.340176, sdrt-health/mac:02010b41cdec/antenna/tag/e28068940000500386620d4f, 90
1652702354.355927, sdrt-health/mac:02010b41cdec/antenna/tag/e2806894000050038661fd4f, 91
1652702354.363816, sdrt-health/mac:02010b41cdec/antenna/tag/e2806894000050038661fd4f, 83
1652702354.403466, sdrt-health/mac:02010b41cdec/antenna/tag/e28068940000400386621d4f, 96
1652702354.442845, sdrt-health/mac:02010b41cdec/antenna/tag/e28068940000500386620d4f, 83
1652702354.484251, sdrt-health/mac:02010b41cdec/antenna/tag/e28068940000400386621d4f, 96
1652702354.52304, sdrt-health/mac:02010b41cdec/antenna/tag/e2806894000050038661fd4f, 83
1652702354.563345, sdrt-health/mac:02010b41cdec/antenna/tag/e28068940000400386621d4f, 96
1652702354.619518, sdrt-health/mac:02010b41cdec/antenna/tag/e2806894000050038661fd4f, 97
1652702354.620028, sdrt-health/mac:02010b41cdec/antenna/tag/e2806894000040038662114f, 85
1652702354.635506, sdrt-health/mac:02010b41cdec/antenna/tag/e28068940000400386621d4f, 96
1652702354.642394, sdrt-health/mac:02010b41cdec/antenna/tag/e2806894000040038662114f, 85
1652702354.651971, sdrt-health/mac:02010b41cdec/antenna/tag/e28068940000400386621d4f, 96
1652702354.682633, sdrt-health/mac:02010b41cdec/antenna/tag/e28068940000400386621d4f, 96
1652702354.792476, sdrt-health/mac:02010b41cdec/antenna/tag/e2806894000050038662154f, 85
1652702354.873963, sdrt-health/mac:02010b41cdec/antenna/tag/e2806894000040038662114f, 93
1652702354.928202, sdrt-health/mac:02010b41cdec/antenna/tag/e2806894000050038662154f, 85
1652702354.928691, sdrt-health/mac:02010b41cdec/antenna/tag/e2806894000050038662154f, 87
1652702354.929034, sdrt-health/mac:02010b41cdec/antenna/tag/e2806894000050038662194f, 84
1652702355.016513, sdrt-health/mac:02010b41cdec/antenna/tag/e2806894000050038661fd4f, 97
1652702355.062318, sdrt-health/mac:02010b41cdec/antenna/tag/e2806894000050038662154f, 85
1652702355.112416, sdrt-health/mac:02010b41cdec/antenna/tag/e2806894000040038662114f, 93
1652702355.141635, sdrt-health/mac:02010b41cdec/antenna/tag/e2806894000050038661fd4f, 97
1652702355.142356, sdrt-health/mac:02010b41cdec/antenna/tag/e2806894000040038662114f, 93
1652702355.157268, sdrt-health/mac:02010b41cdec/antenna/tag/e2806894000040038662114f, 88
1652702355.202074, sdrt-health/mac:02010b41cdec/antenna/tag/e2806894000040038662114f, 88
1652702355.242311, sdrt-health/mac:02010b41cdec/antenna/tag/e2806894000040038662114f, 88
1652702355.242823, sdrt-health/mac:02010b41cdec/antenna/tag/e2806894000040038662114f, 88
1652702355.281998, sdrt-health/mac:02010b41cdec/antenna/tag/e2806894000040038662114f, 83
1652702355.326909, sdrt-health/mac:02010b41cdec/antenna/tag/e2806894000050038661fd4f, 91
1652702355.376937, sdrt-health/mac:02010b41cdec/antenna/tag/e2806894000040038662114f, 85
1652702355.377488, sdrt-health/mac:02010b41cdec/antenna/tag/e2806894000040038662114f, 87
1652702355.377943, sdrt-health/mac:02010b41cdec/antenna/tag/e2806894000050038661fd4f, 91
1652702355.43512, sdrt-health/mac:02010b41cdec/antenna/tag/e2806894000050038662154f, 85
1652702355.497967, sdrt-health/mac:02010b41cdec/antenna/tag/e2806894000050038661fd4f, 83
1652702355.498493, sdrt-health/mac:02010b41cdec/antenna/tag/e28068940000400386621d4f, 96
1652702355.513481, sdrt-health/mac:02010b41cdec/antenna/tag/e28068940000500386620d4f, 83
1652702355.532735, sdrt-health/mac:02010b41cdec/antenna/tag/e2806894000050038662154f, 88
1652702355.57877, sdrt-health/mac:02010b41cdec/antenna/tag/e2806894000050038662154f, 88
1652702355.62166, sdrt-health/mac:02010b41cdec/antenna/tag/e28068940000400386621d4f, 96
1652702355.687302, sdrt-health/mac:02010b41cdec/antenna/tag/e28068940000400386621d4f, 96
1652702355.687771, sdrt-health/mac:02010b41cdec/antenna/tag/e28068940000500386620d4f, 83
1652702355.712965, sdrt-health/mac:02010b41cdec/antenna/tag/e2806894000050038662154f, 88
1652702355.763835, sdrt-health/mac:02010b41cdec/antenna/tag/e28068940000500386620d4f, 83
1652702355.830291, sdrt-health/mac:02010b41cdec/antenna/tag/e28068940000500386620d4f, 83
1652702355.830558, sdrt-health/mac:02010b41cdec/antenna/tag/e28068940000500386620d4f, 83
1652702355.862, sdrt-health/mac:02010b41cdec/antenna/tag/e2806894000050038662154f, 85
1652702355.926549, sdrt-health/mac:02010b41cdec/antenna/tag/e2806894000050038662154f, 85
1652702355.926916, sdrt-health/mac:02010b41cdec/antenna/tag/e2806894000050038661fd4f, 91
1652702355.942466, sdrt-health/mac:02010b41cdec/antenna/tag/e2806894000050038661fd4f, 97
1652702355.962137, sdrt-health/mac:02010b41cdec/antenna/tag/e2806894000040038662114f, 85
1652702356.003068, sdrt-health/mac:02010b41cdec/antenna/tag/e28068940000400386621d4f, 96
1652702356.065713, sdrt-health/mac:02010b41cdec/antenna/tag/e28068940000400386621d4f, 96
1652702356.117281, sdrt-health/mac:02010b41cdec/antenna/tag/e2806894000040038662114f, 93
1652702356.117837, sdrt-health/mac:02010b41cdec/antenna/tag/e2806894000040038662114f, 88
1652702356.133463, sdrt-health/mac:02010b41cdec/antenna/tag/e2806894000050038661fd4f, 83
1652702356.152553, sdrt-health/mac:02010b41cdec/antenna/tag/e28068940000500386620d4f, 83
1652702356.153044, sdrt-health/mac:02010b41cdec/antenna/tag/e2806894000040038662114f, 88
1652702356.192154, sdrt-health/mac:02010b41cdec/antenna/tag/e2806894000040038662114f, 88
1652702356.242593, sdrt-health/mac:02010b41cdec/antenna/tag/e28068940000400386621d4f, 96
1652702356.282994, sdrt-health/mac:02010b41cdec/antenna/tag/e2806894000050038662154f, 85
1652702356.32214, sdrt-health/mac:02010b41cdec/antenna/tag/e2806894000050038662154f, 93
1652702356.392318, sdrt-health/mac:02010b41cdec/antenna/tag/e28068940000500386620d4f, 90
1652702356.459412, sdrt-health/mac:02010b41cdec/antenna/tag/e2806894000040038662054f, 84
1652702356.501526, sdrt-health/mac:02010b41cdec/antenna/tag/e2806894000050038662154f, 88
1652702356.502917, sdrt-health/mac:02010b41cdec/antenna/tag/e2806894000040038662114f, 93
1652702356.552874, sdrt-health/mac:02010b41cdec/antenna/tag/e2806894000050038661fd4f, 83
1652702356.610401, sdrt-health/mac:02010b41cdec/antenna/tag/e2806894000040038662114f, 93
1652702356.610849, sdrt-health/mac:02010b41cdec/antenna/tag/e2806894000040038662114f, 93
1652702356.642094, sdrt-health/mac:02010b41cdec/antenna/tag/e2806894000050038661fd4f, 97
1652702356.649819, sdrt-health/mac:02010b41cdec/antenna/tag/e2806894000040038662114f, 93
1652702356.660907, sdrt-health/mac:02010b41cdec/antenna/tag/e2806894000050038662154f, 85
1652702356.661244, sdrt-health/mac:02010b41cdec/antenna/tag/e28068940000400386621d4f, 96
1652702356.720803, sdrt-health/mac:02010b41cdec/antenna/tag/e28068940000500386620d4f, 83
1652702356.779617, sdrt-health/mac:02010b41cdec/antenna/tag/e2806894000050038661fd4f, 88
1652702356.84061, sdrt-health/mac:02010b41cdec/antenna/tag/e2806894000040038661f94f, 84
1652702356.84106, sdrt-health/mac:02010b41cdec/antenna/tag/e2806894000040038662214f, 94
1652702356.841408, sdrt-health/mac:02010b41cdec/antenna/tag/e2806894000040038662114f, 93
1652702356.872031, sdrt-health/mac:02010b41cdec/antenna/tag/e2806894000050038662154f, 91
1652702356.926551, sdrt-health/mac:02010b41cdec/antenna/tag/e28068940000500386620d4f, 80
1652702356.926892, sdrt-health/mac:02010b41cdec/antenna/tag/e28068940000400386621d4f, 96
1652702356.927094, sdrt-health/mac:02010b41cdec/antenna/tag/e28068940000500386620d4f, 83
1652702356.964173, sdrt-health/mac:02010b41cdec/antenna/tag/e2806894000050038661fd4f, 83
1652702357.002708, sdrt-health/mac:02010b41cdec/antenna/tag/e2806894000050038661fd4f, 83
1652702357.034776, sdrt-health/mac:02010b41cdec/antenna/tag/e2806894000050038662154f, 88
1652702357.035508, sdrt-health/mac:02010b41cdec/antenna/tag/e28068940000400386621d4f, 96
1652702357.050011, sdrt-health/mac:02010b41cdec/antenna/tag/e2806894000050038662154f, 88
1652702357.050234, sdrt-health/mac:02010b41cdec/antenna/tag/e2806894000040038662114f, 85
1652702357.097394, sdrt-health/mac:02010b41cdec/antenna/tag/e28068940000500386620d4f, 83
1652702357.142386, sdrt-health/mac:02010b41cdec/antenna/tag/e2806894000050038661fd4f, 83
1652702357.202477, sdrt-health/mac:02010b41cdec/antenna/tag/e28068940000400386621d4f, 96
1652702357.234758, sdrt-health/mac:02010b41cdec/antenna/tag/e2806894000050038662154f, 88
1652702357.235075, sdrt-health/mac:02010b41cdec/antenna/tag/e2806894000040038662114f, 88
1652702357.248776, sdrt-health/mac:02010b41cdec/antenna/tag/e2806894000050038662154f, 93
1652702357.249021, sdrt-health/mac:02010b41cdec/antenna/tag/e2806894000040038662114f, 85
1652702357.282479, sdrt-health/mac:02010b41cdec/antenna/tag/e2806894000050038661fd4f, 91
1652702357.33766, sdrt-health/mac:02010b41cdec/antenna/tag/e2806894000050038661fd4f, 97
1652702357.338126, sdrt-health/mac:02010b41cdec/antenna/tag/e2806894000050038661fd4f, 91
1652702357.353121, sdrt-health/mac:02010b41cdec/antenna/tag/e28068940000400386621d4f, 96
1652702357.388306, sdrt-health/mac:02010b41cdec/antenna/tag/e28068940000400386621d4f, 96
1652702357.460226, sdrt-health/mac:02010b41cdec/antenna/tag/e2806894000040038662114f, 85
1652702357.537951, sdrt-health/mac:02010b41cdec/antenna/tag/e2806894000040038662114f, 88
1652702357.538422, sdrt-health/mac:02010b41cdec/antenna/tag/e2806894000050038662154f, 85
1652702357.554015, sdrt-health/mac:02010b41cdec/antenna/tag/e2806894000040038662114f, 85
1652702357.5544, sdrt-health/mac:02010b41cdec/antenna/tag/e2806894000040038662114f, 85
1652702357.554668, sdrt-health/mac:02010b41cdec/antenna/tag/e2806894000050038661fd4f, 83
1652702357.571496, sdrt-health/mac:02010b41cdec/antenna/tag/e2806894000050038661fd4f, 83
1652702357.57173, sdrt-health/mac:02010b41cdec/antenna/tag/e28068940000400386621d4f, 96
1652702357.601569, sdrt-health/mac:02010b41cdec/antenna/tag/e28068940000400386621d4f, 96
1652702357.655957, sdrt-health/mac:02010b41cdec/antenna/tag/e2806894000050038661fd4f, 97
1652702357.656161, sdrt-health/mac:02010b41cdec/antenna/tag/e2806894000050038661fd4f, 97
1652702357.671713, sdrt-health/mac:02010b41cdec/antenna/tag/e28068940000400386621d4f, 77
1652702357.680603, sdrt-health/mac:02010b41cdec/antenna/tag/e28068940000400386621d4f, 77
1652702357.687133, sdrt-health/mac:02010b41cdec/antenna/tag/e28068940000400386621d4f, 77
1652702357.722956, sdrt-health/mac:02010b41cdec/antenna/tag/e28068940000500386620d4f, 83
1652702357.792452, sdrt-health/mac:02010b41cdec/antenna/tag/e2806894000040038662114f, 85
1652702357.792911, sdrt-health/mac:02010b41cdec/antenna/tag/e2806894000040038662114f, 93
1652702357.871719, sdrt-health/mac:02010b41cdec/antenna/tag/e2806894000050038662154f, 85
1652702357.952132, sdrt-health/mac:02010b41cdec/antenna/tag/e2806894000050038662154f, 88
1652702358.03823, sdrt-health/mac:02010b41cdec/antenna/tag/e28068940000400386621d4f, 96
1652702358.038683, sdrt-health/mac:02010b41cdec/antenna/tag/e28068940000400386621d4f, 96
1652702358.053213, sdrt-health/mac:02010b41cdec/antenna/tag/e2806894000050038661fd4f, 97
1652702358.053695, sdrt-health/mac:02010b41cdec/antenna/tag/e28068940000400386621d4f, 96
1652702358.05405, sdrt-health/mac:02010b41cdec/antenna/tag/e2806894000050038661fd4f, 83
1652702358.07298, sdrt-health/mac:02010b41cdec/antenna/tag/e2806894000050038662154f, 85
1652702358.112024, sdrt-health/mac:02010b41cdec/antenna/tag/e2806894000040038662114f, 85
1652702358.178214, sdrt-health/mac:02010b41cdec/antenna/tag/e2806894000050038661fd4f, 97
1652702358.178657, sdrt-health/mac:02010b41cdec/antenna/tag/e2806894000050038661fd4f, 83
1652702358.20194, sdrt-health/mac:02010b41cdec/antenna/tag/e2806894000050038662154f, 88
1652702358.257734, sdrt-health/mac:02010b41cdec/antenna/tag/e2806894000050038661fd4f, 83
1652702358.258321, sdrt-health/mac:02010b41cdec/antenna/tag/e2806894000040038662114f, 88
1652702358.27268, sdrt-health/mac:02010b41cdec/antenna/tag/e2806894000050038662154f, 85
1652702358.281195, sdrt-health/mac:02010b41cdec/antenna/tag/e2806894000040038662114f, 85
1652702358.322926, sdrt-health/mac:02010b41cdec/antenna/tag/e2806894000050038661fd4f, 91
1652702358.426532, sdrt-health/mac:02010b41cdec/antenna/tag/e2806894000050038662154f, 85
1652702358.427083, sdrt-health/mac:02010b41cdec/antenna/tag/e2806894000050038661fd4f, 83
1652702358.442603, sdrt-health/mac:02010b41cdec/antenna/tag/e2806894000050038662154f, 88
1652702358.498045, sdrt-health/mac:02010b41cdec/antenna/tag/e2806894000040038662114f, 85
1652702358.498431, sdrt-health/mac:02010b41cdec/antenna/tag/e28068940000400386621d4f, 96
1652702358.514757, sdrt-health/mac:02010b41cdec/antenna/tag/e28068940000400386621d4f, 90
1652702358.554126, sdrt-health/mac:02010b41cdec/antenna/tag/e28068940000400386621d4f, 96
1652702358.592576, sdrt-health/mac:02010b41cdec/antenna/tag/e2806894000050038661fd4f, 97
1652702358.656653, sdrt-health/mac:02010b41cdec/antenna/tag/e2806894000050038662154f, 85
1652702358.657169, sdrt-health/mac:02010b41cdec/antenna/tag/e2806894000050038661fd4f, 97
1652702358.672864, sdrt-health/mac:02010b41cdec/antenna/tag/e2806894000050038662154f, 85
1652702358.682436, sdrt-health/mac:02010b41cdec/antenna/tag/e2806894000050038662154f, 93
1652702358.68798, sdrt-health/mac:02010b41cdec/antenna/tag/e2806894000050038661fd4f, 91
1652702358.722322, sdrt-health/mac:02010b41cdec/antenna/tag/e2806894000050038661fd4f, 97
1652702358.775488, sdrt-health/mac:02010b41cdec/antenna/tag/e2806894000050038662154f, 85
1652702358.77596, sdrt-health/mac:02010b41cdec/antenna/tag/e28068940000500386620d4f, 83
1652702358.790956, sdrt-health/mac:02010b41cdec/antenna/tag/e28068940000400386621d4f, 96
1652702358.804065, sdrt-health/mac:02010b41cdec/antenna/tag/e28068940000400386621d4f, 77
1652702358.806942, sdrt-health/mac:02010b41cdec/antenna/tag/e2806894000050038662154f, 93
1652702358.868226, sdrt-health/mac:02010b41cdec/antenna/tag/e2806894000040038662114f, 83
1652702358.935284, sdrt-health/mac:02010b41cdec/antenna/tag/e28068940000400386621d4f, 96
1652702358.935733, sdrt-health/mac:02010b41cdec/antenna/tag/e2806894000040038662114f, 88
1652702358.950066, sdrt-health/mac:02010b41cdec/antenna/tag/e2806894000050038661fd4f, 97
1652702358.97117, sdrt-health/mac:02010b41cdec/antenna/tag/e28068940000400386621d4f, 77
1652702359.017495, sdrt-health/mac:02010b41cdec/antenna/tag/e2806894000050038661fd4f, 91
1652702359.112401, sdrt-health/mac:02010b41cdec/antenna/tag/e2806894000050038661fd4f, 97
1652702359.193245, sdrt-health/mac:02010b41cdec/antenna/tag/e28068940000400386621d4f, 77
1652702359.233365, sdrt-health/mac:02010b41cdec/antenna/tag/e28068940000500386620d4f, 83
1652702359.265833, sdrt-health/mac:02010b41cdec/antenna/tag/e2806894000040038662114f, 93
1652702359.266187, sdrt-health/mac:02010b41cdec/antenna/tag/e2806894000050038662154f, 93
1652702359.282051, sdrt-health/mac:02010b41cdec/antenna/tag/e28068940000400386621d4f, 77
1652702359.32216, sdrt-health/mac:02010b41cdec/antenna/tag/e28068940000400386621d4f, 96
1652702359.380294, sdrt-health/mac:02010b41cdec/antenna/tag/e28068940000400386621d4f, 96
1652702359.380841, sdrt-health/mac:02010b41cdec/antenna/tag/e28068940000500386620d4f, 90
1652702359.396096, sdrt-health/mac:02010b41cdec/antenna/tag/e2806894000050038662154f, 88
1652702359.430038, sdrt-health/mac:02010b41cdec/antenna/tag/e28068940000400386621d4f, 96
1652702359.430262, sdrt-health/mac:02010b41cdec/antenna/tag/e28068940000500386620d4f, 83
1652702359.430416, sdrt-health/mac:02010b41cdec/antenna/tag/e2806894000050038661fd4f, 91
1652702359.430566, sdrt-health/mac:02010b41cdec/antenna/tag/e2806894000040038662114f, 85
1652702359.512444, sdrt-health/mac:02010b41cdec/antenna/tag/e28068940000400386621d4f, 77
1652702359.552691, sdrt-health/mac:02010b41cdec/antenna/tag/e2806894000040038662114f, 85
1652702359.601791, sdrt-health/mac:02010b41cdec/antenna/tag/e2806894000040038662114f, 85
1652702359.632628, sdrt-health/mac:02010b41cdec/antenna/tag/e28068940000400386621d4f, 96
1652702359.63371, sdrt-health/mac:02010b41cdec/antenna/tag/e28068940000500386620d4f, 90
1652702359.648027, sdrt-health/mac:02010b41cdec/antenna/tag/e2806894000050038661fd4f, 83
1652702359.648273, sdrt-health/mac:02010b41cdec/antenna/tag/e2806894000050038662154f, 88
1652702359.690627, sdrt-health/mac:02010b41cdec/antenna/tag/e2806894000040038662114f, 88
1652702359.736241, sdrt-health/mac:02010b41cdec/antenna/tag/e2806894000040038662114f, 88
1652702359.772167, sdrt-health/mac:02010b41cdec/antenna/tag/e2806894000040038662114f, 85
1652702359.816678, sdrt-health/mac:02010b41cdec/antenna/tag/e2806894000050038662154f, 85
1652702359.870518, sdrt-health/mac:02010b41cdec/antenna/tag/e2806894000050038662194f, 88
1652702359.921542, sdrt-health/mac:02010b41cdec/antenna/tag/e28068940000400386621d4f, 96
1652702359.921901, sdrt-health/mac:02010b41cdec/antenna/tag/e2806894000050038662154f, 87
1652702359.922071, sdrt-health/mac:02010b41cdec/antenna/tag/e28068940000500386620d4f, 83
1652702359.961984, sdrt-health/mac:02010b41cdec/antenna/tag/e28068940000500386620d4f, 83
1652702360.00245, sdrt-health/mac:02010b41cdec/antenna/tag/e2806894000050038661fd4f, 97
1652702360.034172, sdrt-health/mac:02010b41cdec/antenna/tag/e2806894000050038662154f, 88
1652702360.034648, sdrt-health/mac:02010b41cdec/antenna/tag/e28068940000400386621d4f, 96
1652702360.04904, sdrt-health/mac:02010b41cdec/antenna/tag/e28068940000400386621d4f, 96
1652702360.049284, sdrt-health/mac:02010b41cdec/antenna/tag/e2806894000050038661fd4f, 97
1652702360.082119, sdrt-health/mac:02010b41cdec/antenna/tag/e2806894000050038662154f, 88
1652702360.137225, sdrt-health/mac:02010b41cdec/antenna/tag/e2806894000050038661fd4f, 83
1652702360.196807, sdrt-health/mac:02010b41cdec/antenna/tag/e28068940000500386620d4f, 83
1652702360.197288, sdrt-health/mac:02010b41cdec/antenna/tag/e28068940000400386621d4f, 96
1652702360.211507, sdrt-health/mac:02010b41cdec/antenna/tag/e2806894000050038661fd4f, 83
1652702360.231399, sdrt-health/mac:02010b41cdec/antenna/tag/e2806894000050038661fd4f, 97
1652702360.27399, sdrt-health/mac:02010b41cdec/antenna/tag/e2806894000040038662114f, 88
1652702360.33817, sdrt-health/mac:02010b41cdec/antenna/tag/e28068940000400386621d4f, 96
1652702360.338654, sdrt-health/mac:02010b41cdec/antenna/tag/e28068940000500386620d4f, 83
1652702360.362766, sdrt-health/mac:02010b41cdec/antenna/tag/e28068940000500386620d4f, 90
1652702360.403416, sdrt-health/mac:02010b41cdec/antenna/tag/e2806894000040038662114f, 85
1652702360.457693, sdrt-health/mac:02010b41cdec/antenna/tag/e2806894000050038661fd4f, 97
1652702360.45824, sdrt-health/mac:02010b41cdec/antenna/tag/e2806894000040038662114f, 85
1652702360.481505, sdrt-health/mac:02010b41cdec/antenna/tag/e2806894000040038662114f, 85
1652702360.522446, sdrt-health/mac:02010b41cdec/antenna/tag/e2806894000050038662194f, 83
1652702360.522928, sdrt-health/mac:02010b41cdec/antenna/tag/e2806894000050038661fd4f, 91
1652702360.562748, sdrt-health/mac:02010b41cdec/antenna/tag/e28068940000500386620d4f, 83
1652702360.601382, sdrt-health/mac:02010b41cdec/antenna/tag/e28068940000400386621d4f, 77
1652702360.642542, sdrt-health/mac:02010b41cdec/antenna/tag/e28068940000400386621d4f, 77
1652702360.696994, sdrt-health/mac:02010b41cdec/antenna/tag/e2806894000050038661fd4f, 91
1652702360.697609, sdrt-health/mac:02010b41cdec/antenna/tag/e28068940000500386620d4f, 83
1652702360.712163, sdrt-health/mac:02010b41cdec/antenna/tag/e28068940000400386621d4f, 96
1652702360.731498, sdrt-health/mac:02010b41cdec/antenna/tag/e2806894000050038662154f, 85
1652702360.776097, sdrt-health/mac:02010b41cdec/antenna/tag/e2806894000050038661fd4f, 97
1652702360.82318, sdrt-health/mac:02010b41cdec/antenna/tag/e2806894000040038662114f, 93
1652702360.923419, sdrt-health/mac:02010b41cdec/antenna/tag/e28068940000500386620d4f, 83
1652702360.970219, sdrt-health/mac:02010b41cdec/antenna/tag/e2806894000040038662114f, 85
1652702361.03074, sdrt-health/mac:02010b41cdec/antenna/tag/e2806894000050038662154f, 88
1652702361.031196, sdrt-health/mac:02010b41cdec/antenna/tag/e2806894000050038662154f, 85
1652702361.046317, sdrt-health/mac:02010b41cdec/antenna/tag/e2806894000040038662114f, 88
1652702361.069899, sdrt-health/mac:02010b41cdec/antenna/tag/e28068940000400386621d4f, 96
1652702361.147462, sdrt-health/mac:02010b41cdec/antenna/tag/e2806894000040038662114f, 85
1652702361.148007, sdrt-health/mac:02010b41cdec/antenna/tag/e2806894000050038661fd4f, 83
1652702361.162828, sdrt-health/mac:02010b41cdec/antenna/tag/e28068940000500386620d4f, 90
1652702361.19347, sdrt-health/mac:02010b41cdec/antenna/tag/e28068940000400386621d4f, 96
1652702361.193713, sdrt-health/mac:02010b41cdec/antenna/tag/e28068940000400386621d4f, 96
1652702361.193843, sdrt-health/mac:02010b41cdec/antenna/tag/e28068940000500386620d4f, 83
1652702361.194025, sdrt-health/mac:02010b41cdec/antenna/tag/e2806894000050038661fd4f, 83
1652702361.223874, sdrt-health/mac:02010b41cdec/antenna/tag/e2806894000050038661fd4f, 83
1652702361.341292, sdrt-health/mac:02010b41cdec/antenna/tag/e2806894000050038662154f, 85
1652702361.341891, sdrt-health/mac:02010b41cdec/antenna/tag/e28068940000400386621d4f, 96
1652702361.364003, sdrt-health/mac:02010b41cdec/antenna/tag/e2806894000050038661fd4f, 91
1652702361.402352, sdrt-health/mac:02010b41cdec/antenna/tag/e2806894000050038661fd4f, 91
1652702361.442355, sdrt-health/mac:02010b41cdec/antenna/tag/e28068940000400386621d4f, 77
1652702361.481261, sdrt-health/mac:02010b41cdec/antenna/tag/e28068940000500386620d4f, 83
1652702361.481638, sdrt-health/mac:02010b41cdec/antenna/tag/e2806894000050038662154f, 85
1652702361.523916, sdrt-health/mac:02010b41cdec/antenna/tag/e2806894000050038662154f, 88
1652702361.562128, sdrt-health/mac:02010b41cdec/antenna/tag/e28068940000400386621d4f, 96
1652702361.60288, sdrt-health/mac:02010b41cdec/antenna/tag/e28068940000500386620d4f, 83
1652702361.656625, sdrt-health/mac:02010b41cdec/antenna/tag/e2806894000050038661fd4f, 97
1652702361.657194, sdrt-health/mac:02010b41cdec/antenna/tag/e2806894000050038661fd4f, 83
1652702361.682732, sdrt-health/mac:02010b41cdec/antenna/tag/e2806894000040038662114f, 85
1652702361.736269, sdrt-health/mac:02010b41cdec/antenna/tag/e28068940000500386620d4f, 83
1652702361.78205, sdrt-health/mac:02010b41cdec/antenna/tag/e2806894000050038661fd4f, 97
1652702361.832587, sdrt-health/mac:02010b41cdec/antenna/tag/e28068940000400386621d4f, 96
1652702361.874532, sdrt-health/mac:02010b41cdec/antenna/tag/e28068940000400386621d4f, 96
1652702361.906748, sdrt-health/mac:02010b41cdec/antenna/tag/e28068940000500386620d4f, 83
1652702361.907138, sdrt-health/mac:02010b41cdec/antenna/tag/e2806894000050038662154f, 85
1652702361.954931, sdrt-health/mac:02010b41cdec/antenna/tag/e2806894000050038662154f, 88
1652702362.00368, sdrt-health/mac:02010b41cdec/antenna/tag/e2806894000050038662154f, 88
1652702362.035466, sdrt-health/mac:02010b41cdec/antenna/tag/e2806894000040038662114f, 85
1652702362.035896, sdrt-health/mac:02010b41cdec/antenna/tag/e2806894000040038662054f, 84
1652702362.072657, sdrt-health/mac:02010b41cdec/antenna/tag/e28068940000500386620d4f, 83
1652702362.112805, sdrt-health/mac:02010b41cdec/antenna/tag/e28068940000500386620d4f, 83
1652702362.197516, sdrt-health/mac:02010b41cdec/antenna/tag/e2806894000050038662154f, 88
1652702362.198017, sdrt-health/mac:02010b41cdec/antenna/tag/e28068940000400386621d4f, 96
1652702362.232084, sdrt-health/mac:02010b41cdec/antenna/tag/e28068940000400386621d4f, 96
1652702362.273264, sdrt-health/mac:02010b41cdec/antenna/tag/e2806894000050038661fd4f, 97
1652702362.32296, sdrt-health/mac:02010b41cdec/antenna/tag/e2806894000040038661f94f, 94
1652702362.392497, sdrt-health/mac:02010b41cdec/antenna/tag/e2806894000040038661f94f, 81
1652702362.432502, sdrt-health/mac:02010b41cdec/antenna/tag/e2806894000050038661fd4f, 91
1652702362.485011, sdrt-health/mac:02010b41cdec/antenna/tag/e2806894000050038662154f, 85
1652702362.539632, sdrt-health/mac:02010b41cdec/antenna/tag/e2806894000040038662114f, 85
1652702362.54017, sdrt-health/mac:02010b41cdec/antenna/tag/e2806894000050038662154f, 88
1652702362.554743, sdrt-health/mac:02010b41cdec/antenna/tag/e2806894000050038661fd4f, 91
1652702362.582347, sdrt-health/mac:02010b41cdec/antenna/tag/e2806894000050038661fd4f, 83
1652702362.649276, sdrt-health/mac:02010b41cdec/antenna/tag/e2806894000040038662114f, 88
1652702362.649742, sdrt-health/mac:02010b41cdec/antenna/tag/e2806894000040038662114f, 91
1652702362.666113, sdrt-health/mac:02010b41cdec/antenna/tag/e28068940000400386621d4f, 96
1652702362.681055, sdrt-health/mac:02010b41cdec/antenna/tag/e2806894000050038662154f, 85
1652702362.712841, sdrt-health/mac:02010b41cdec/antenna/tag/e28068940000400386621d4f, 96
1652702362.713207, sdrt-health/mac:02010b41cdec/antenna/tag/e28068940000400386621d4f, 96
1652702362.728666, sdrt-health/mac:02010b41cdec/antenna/tag/e2806894000050038661fd4f, 97
1652702362.762738, sdrt-health/mac:02010b41cdec/antenna/tag/e2806894000050038662154f, 85
1652702362.819931, sdrt-health/mac:02010b41cdec/antenna/tag/e2806894000050038661fd4f, 83
1652702362.820433, sdrt-health/mac:02010b41cdec/antenna/tag/e28068940000400386621d4f, 96
1652702362.836529, sdrt-health/mac:02010b41cdec/antenna/tag/e2806894000050038662154f, 85
1652702362.843081, sdrt-health/mac:02010b41cdec/antenna/tag/e28068940000400386621d4f, 77
1652702362.852811, sdrt-health/mac:02010b41cdec/antenna/tag/e2806894000050038661fd4f, 91
1652702362.982618, sdrt-health/mac:02010b41cdec/antenna/tag/e2806894000050038662154f, 88
1652702363.042543, sdrt-health/mac:02010b41cdec/antenna/tag/e2806894000040038662114f, 93
1652702363.145437, sdrt-health/mac:02010b41cdec/antenna/tag/e28068940000500386620d4f, 83
1652702363.145884, sdrt-health/mac:02010b41cdec/antenna/tag/e2806894000040038662114f, 85
1652702363.193057, sdrt-health/mac:02010b41cdec/antenna/tag/e28068940000500386620d4f, 83
1652702363.223765, sdrt-health/mac:02010b41cdec/antenna/tag/e2806894000050038662154f, 88
1652702363.22422, sdrt-health/mac:02010b41cdec/antenna/tag/e2806894000050038662154f, 88
1652702363.238454, sdrt-health/mac:02010b41cdec/antenna/tag/e2806894000050038662154f, 85
1652702363.292213, sdrt-health/mac:02010b41cdec/antenna/tag/e2806894000050038662154f, 85
1652702363.373039, sdrt-health/mac:02010b41cdec/antenna/tag/e2806894000040038662114f, 87
1652702363.415927, sdrt-health/mac:02010b41cdec/antenna/tag/e28068940000400386621d4f, 96
1652702363.451733, sdrt-health/mac:02010b41cdec/antenna/tag/e2806894000040038662114f, 85
1652702363.5318, sdrt-health/mac:02010b41cdec/antenna/tag/e28068940000500386620d4f, 83
1652702363.577048, sdrt-health/mac:02010b41cdec/antenna/tag/e2806894000040038662114f, 85
1652702363.681741, sdrt-health/mac:02010b41cdec/antenna/tag/e2806894000050038662154f, 88
1652702363.682222, sdrt-health/mac:02010b41cdec/antenna/tag/e28068940000500386620d4f, 90
1652702363.712375, sdrt-health/mac:02010b41cdec/antenna/tag/e28068940000500386620d4f, 83
1652702363.778292, sdrt-health/mac:02010b41cdec/antenna/tag/e2806894000050038662154f, 88
1652702363.778762, sdrt-health/mac:02010b41cdec/antenna/tag/e2806894000050038662154f, 87
1652702363.817877, sdrt-health/mac:02010b41cdec/antenna/tag/e28068940000400386621d4f, 77
1652702363.848979, sdrt-health/mac:02010b41cdec/antenna/tag/e2806894000040038662114f, 87
1652702363.849244, sdrt-health/mac:02010b41cdec/antenna/tag/e2806894000050038662154f, 93
1652702363.872017, sdrt-health/mac:02010b41cdec/antenna/tag/e2806894000050038661fd4f, 91
1652702363.922097, sdrt-health/mac:02010b41cdec/antenna/tag/e28068940000500386620d4f, 83
1652702364.010633, sdrt-health/mac:02010b41cdec/antenna/tag/e2806894000040038662114f, 85
1652702364.07, sdrt-health/mac:02010b41cdec/antenna/tag/e2806894000050038662154f, 88
1652702364.070281, sdrt-health/mac:02010b41cdec/antenna/tag/e2806894000050038661fd4f, 97
1652702364.085753, sdrt-health/mac:02010b41cdec/antenna/tag/e28068940000400386621d4f, 96
1652702364.086009, sdrt-health/mac:02010b41cdec/antenna/tag/e2806894000050038662154f, 88
1652702364.103582, sdrt-health/mac:02010b41cdec/antenna/tag/e28068940000500386620d4f, 83
1652702364.166249, sdrt-health/mac:02010b41cdec/antenna/tag/e2806894000050038661fd4f, 83
1652702364.16644, sdrt-health/mac:02010b41cdec/antenna/tag/e2806894000050038661fd4f, 91
1652702364.192807, sdrt-health/mac:02010b41cdec/antenna/tag/e2806894000040038662114f, 85
1652702364.225838, sdrt-health/mac:02010b41cdec/antenna/tag/e28068940000500386620d4f, 90
1652702364.226396, sdrt-health/mac:02010b41cdec/antenna/tag/e2806894000050038661fd4f, 97
1652702364.241386, sdrt-health/mac:02010b41cdec/antenna/tag/e2806894000040038662114f, 85
1652702364.272203, sdrt-health/mac:02010b41cdec/antenna/tag/e2806894000040038662114f, 85
1652702364.337511, sdrt-health/mac:02010b41cdec/antenna/tag/e28068940000500386620d4f, 83
1652702364.337776, sdrt-health/mac:02010b41cdec/antenna/tag/e2806894000050038662154f, 85
1652702364.35404, sdrt-health/mac:02010b41cdec/antenna/tag/e28068940000400386621d4f, 77
1652702364.362556, sdrt-health/mac:02010b41cdec/antenna/tag/e28068940000500386620d4f, 83
1652702364.413105, sdrt-health/mac:02010b41cdec/antenna/tag/e2806894000040038662114f, 93
1652702364.455634, sdrt-health/mac:02010b41cdec/antenna/tag/e2806894000040038662114f, 85
1652702364.513379, sdrt-health/mac:02010b41cdec/antenna/tag/e28068940000500386620d4f, 83
1652702364.561809, sdrt-health/mac:02010b41cdec/antenna/tag/e2806894000040038662114f, 85
1652702364.630311, sdrt-health/mac:02010b41cdec/antenna/tag/e2806894000050038662154f, 88
1652702364.630525, sdrt-health/mac:02010b41cdec/antenna/tag/e2806894000050038661fd4f, 83
1652702364.645879, sdrt-health/mac:02010b41cdec/antenna/tag/e28068940000400386621d4f, 96
1652702364.698082, sdrt-health/mac:02010b41cdec/antenna/tag/e2806894000050038661fd4f, 97
1652702364.698274, sdrt-health/mac:02010b41cdec/antenna/tag/e2806894000040038662114f, 88
1652702364.721867, sdrt-health/mac:02010b41cdec/antenna/tag/e28068940000500386620d4f, 83
1652702364.751799, sdrt-health/mac:02010b41cdec/antenna/tag/e2806894000040038662114f, 85
1652702364.752072, sdrt-health/mac:02010b41cdec/antenna/tag/e2806894000050038662154f, 85
1652702364.776862, sdrt-health/mac:02010b41cdec/antenna/tag/e2806894000050038662194f, 88
1652702364.824208, sdrt-health/mac:02010b41cdec/antenna/tag/e2806894000040038662114f, 85
1652702364.886806, sdrt-health/mac:02010b41cdec/antenna/tag/e2806894000050038662154f, 88
1652702364.887213, sdrt-health/mac:02010b41cdec/antenna/tag/e2806894000050038662154f, 85
1652702364.902003, sdrt-health/mac:02010b41cdec/antenna/tag/e28068940000500386620d4f, 83
1652702364.922257, sdrt-health/mac:02010b41cdec/antenna/tag/e28068940000500386620d4f, 90
1652702364.97643, sdrt-health/mac:02010b41cdec/antenna/tag/e2806894000050038661fd4f, 97
1652702364.976937, sdrt-health/mac:02010b41cdec/antenna/tag/e28068940000400386621d4f, 90
1652702364.990921, sdrt-health/mac:02010b41cdec/antenna/tag/e28068940000500386620d4f, 83
1652702365.001265, sdrt-health/mac:02010b41cdec/antenna/tag/e28068940000500386620d4f, 83
1652702365.042185, sdrt-health/mac:02010b41cdec/antenna/tag/e2806894000040038662114f, 85
1652702365.081944, sdrt-health/mac:02010b41cdec/antenna/tag/e28068940000400386621d4f, 90
1652702365.138079, sdrt-health/mac:02010b41cdec/antenna/tag/e2806894000040038662114f, 93
1652702365.138564, sdrt-health/mac:02010b41cdec/antenna/tag/e2806894000050038662154f, 85
1652702365.162535, sdrt-health/mac:02010b41cdec/antenna/tag/e2806894000050038662154f, 85
1652702365.202028, sdrt-health/mac:02010b41cdec/antenna/tag/e2806894000050038662154f, 85
1652702365.273031, sdrt-health/mac:02010b41cdec/antenna/tag/e2806894000040038662114f, 88
1652702365.273544, sdrt-health/mac:02010b41cdec/antenna/tag/e28068940000500386620d4f, 90
1652702365.312614, sdrt-health/mac:02010b41cdec/antenna/tag/e2806894000040038662114f, 85
1652702365.34298, sdrt-health/mac:02010b41cdec/antenna/tag/e2806894000040038662114f, 91
1652702365.343285, sdrt-health/mac:02010b41cdec/antenna/tag/e2806894000050038661fd4f, 83
1652702365.369744, sdrt-health/mac:02010b41cdec/antenna/tag/e28068940000400386621d4f, 96
1652702365.428603, sdrt-health/mac:02010b41cdec/antenna/tag/e2806894000050038661fd4f, 83
1652702365.489417, sdrt-health/mac:02010b41cdec/antenna/tag/e2806894000050038661fd4f, 97
1652702365.489955, sdrt-health/mac:02010b41cdec/antenna/tag/e2806894000040038661f94f, 81
1652702365.522336, sdrt-health/mac:02010b41cdec/antenna/tag/e2806894000040038662114f, 93
1652702365.522679, sdrt-health/mac:02010b41cdec/antenna/tag/e2806894000050038662154f, 93
1652702365.538536, sdrt-health/mac:02010b41cdec/antenna/tag/e28068940000400386621d4f, 77
1652702365.538769, sdrt-health/mac:02010b41cdec/antenna/tag/e2806894000040038661f94f, 84
1652702365.562294, sdrt-health/mac:02010b41cdec/antenna/tag/e2806894000050038661fd4f, 91
1652702365.794051, sdrt-health/mac:02010b41cdec/antenna/tag/scan, scan stopped
