1652702494.163047, sdrt-health/mac:02010b41cdec/antenna/power/set, {"power": 290}
1652702495.239916, sdrt-health/mac:02010b41cdec/antenna/power/set, 
1652702499.183261, sdrt-health/mac:02010b41cdec/antenna/tag/scan, {"time": 20000}
1652702499.591654, sdrt-health/mac:02010b41cdec/antenna/tag/e2806894000050038662154f, 85
1652702499.644244, sdrt-health/mac:02010b41cdec/antenna/tag/e2806894000040038662114f, 85
1652702499.682439, sdrt-health/mac:02010b41cdec/antenna/tag/e28068940000500386620d4f, 80
1652702499.682648, sdrt-health/mac:02010b41cdec/antenna/tag/e28068940000400386621d4f, 96
1652702499.696709, sdrt-health/mac:02010b41cdec/antenna/tag/e2806894000050038661fd4f, 97
1652702499.696943, sdrt-health/mac:02010b41cdec/antenna/tag/e2806894000040038662114f, 93
1652702499.697061, sdrt-health/mac:02010b41cdec/antenna/tag/e28068940000500386620d4f, 83
1652702499.721298, sdrt-health/mac:02010b41cdec/antenna/tag/e28068940000500386620d4f, 83
1652702499.771305, sdrt-health/mac:02010b41cdec/antenna/tag/e2806894000050038662154f, 85
1652702499.816599, sdrt-health/mac:02010b41cdec/antenna/tag/e2806894000050038662154f, 88
1652702499.901518, sdrt-health/mac:02010b41cdec/antenna/tag/e28068940000400386621d4f, 96
1652702499.901728, sdrt-health/mac:02010b41cdec/antenna/tag/e28068940000400386621d4f, 96
1652702499.917539, sdrt-health/mac:02010b41cdec/antenna/tag/e2806894000050038662154f, 88
1652702499.933943, sdrt-health/mac:02010b41cdec/antenna/tag/e2806894000050038661fd4f, 83
1652702499.93609, sdrt-health/mac:02010b41cdec/antenna/tag/e2806894000050038662154f, 88
1652702499.936285, sdrt-health/mac:02010b41cdec/antenna/tag/e28068940000500386620d4f, 83
1652702499.975432, sdrt-health/mac:02010b41cdec/antenna/tag/e28068940000500386620d4f, 90
1652702500.021943, sdrt-health/mac:02010b41cdec/antenna/tag/e2806894000040038662114f, 85
1652702500.094848, sdrt-health/mac:02010b41cdec/antenna/tag/e2806894000050038662154f, 87
1652702500.095077, sdrt-health/mac:02010b41cdec/antenna/tag/e2806894000050038661fd4f, 91
1652702500.135886, sdrt-health/mac:02010b41cdec/antenna/tag/e28068940000500386620d4f, 90
1652702500.193594, sdrt-health/mac:02010b41cdec/antenna/tag/e28068940000500386620d4f, 90
1652702500.337327, sdrt-health/mac:02010b41cdec/antenna/tag/e2806894000050038661fd4f, 83
1652702500.337769, sdrt-health/mac:02010b41cdec/antenna/tag/e2806894000040038662114f, 85
1652702500.361928, sdrt-health/mac:02010b41cdec/antenna/tag/e2806894000040038662114f, 85
1652702500.402651, sdrt-health/mac:02010b41cdec/antenna/tag/e2806894000040038662114f, 85
1652702500.459838, sdrt-health/mac:02010b41cdec/antenna/tag/e2806894000040038662114f, 93
1652702500.46012, sdrt-health/mac:02010b41cdec/antenna/tag/e28068940000400386621d4f, 77
1652702500.474747, sdrt-health/mac:02010b41cdec/antenna/tag/e28068940000500386620d4f, 83
1652702500.481561, sdrt-health/mac:02010b41cdec/antenna/tag/e2806894000050038662154f, 93
1652702500.522819, sdrt-health/mac:02010b41cdec/antenna/tag/e2806894000040038662114f, 85
1652702500.562956, sdrt-health/mac:02010b41cdec/antenna/tag/e2806894000050038661fd4f, 91
1652702500.641839, sdrt-health/mac:02010b41cdec/antenna/tag/e2806894000040038662114f, 87
1652702500.700104, sdrt-health/mac:02010b41cdec/antenna/tag/e2806894000050038662154f, 91
1652702500.767223, sdrt-health/mac:02010b41cdec/antenna/tag/e2806894000040038662114f, 85
1652702500.767445, sdrt-health/mac:02010b41cdec/antenna/tag/e28068940000400386621d4f, 77
1652702500.782067, sdrt-health/mac:02010b41cdec/antenna/tag/e28068940000500386620d4f, 83
1652702500.836455, sdrt-health/mac:02010b41cdec/antenna/tag/e28068940000400386621d4f, 96
1652702500.85968, sdrt-health/mac:02010b41cdec/antenna/tag/e28068940000500386620d4f, 83
1652702500.859921, sdrt-health/mac:02010b41cdec/antenna/tag/e2806894000050038661fd4f, 83
1652702500.860103, sdrt-health/mac:02010b41cdec/antenna/tag/e2806894000050038662154f, 85
1652702500.882084, sdrt-health/mac:02010b41cdec/antenna/tag/e28068940000400386621d4f, 96
1652702500.937362, sdrt-health/mac:02010b41cdec/antenna/tag/e2806894000040038662114f, 88
1652702500.980952, sdrt-health/mac:02010b41cdec/antenna/tag/e28068940000400386621d4f, 96
1652702501.012541, sdrt-health/mac:02010b41cdec/antenna/tag/e2806894000050038662154f, 85
1652702501.012813, sdrt-health/mac:02010b41cdec/antenna/tag/e2806894000050038662154f, 85
1652702501.032246, sdrt-health/mac:02010b41cdec/antenna/tag/e2806894000050038662154f, 85
1652702501.071991, sdrt-health/mac:02010b41cdec/antenna/tag/e2806894000050038661fd4f, 91
1652702501.073151, sdrt-health/mac:02010b41cdec/antenna/tag/e2806894000050038662154f, 93
1652702501.123336, sdrt-health/mac:02010b41cdec/antenna/tag/e2806894000040038662114f, 93
1652702501.161914, sdrt-health/mac:02010b41cdec/antenna/tag/e2806894000050038662194f, 81
1652702501.214254, sdrt-health/mac:02010b41cdec/antenna/tag/e2806894000050038662154f, 85
1652702501.257328, sdrt-health/mac:02010b41cdec/antenna/tag/e2806894000050038661fd4f, 83
1652702501.327227, sdrt-health/mac:02010b41cdec/antenna/tag/e28068940000500386620d4f, 83
1652702501.327717, sdrt-health/mac:02010b41cdec/antenna/tag/e2806894000040038662114f, 88
1652702501.328049, sdrt-health/mac:02010b41cdec/antenna/tag/e2806894000040038662114f, 85
1652702501.343624, sdrt-health/mac:02010b41cdec/antenna/tag/e28068940000500386620d4f, 83
1652702501.371028, sdrt-health/mac:02010b41cdec/antenna/tag/e28068940000400386621d4f, 96
1652702501.415864, sdrt-health/mac:02010b41cdec/antenna/tag/e2806894000040038662114f, 85
1652702501.45171, sdrt-health/mac:02010b41cdec/antenna/tag/e2806894000050038662154f, 85
1652702501.520372, sdrt-health/mac:02010b41cdec/antenna/tag/e2806894000050038662154f, 85
1652702501.520647, sdrt-health/mac:02010b41cdec/antenna/tag/e2806894000050038662154f, 85
1652702501.541999, sdrt-health/mac:02010b41cdec/antenna/tag/e2806894000050038661fd4f, 91
1652702501.607671, sdrt-health/mac:02010b41cdec/antenna/tag/e2806894000050038661fd4f, 83
1652702501.607875, sdrt-health/mac:02010b41cdec/antenna/tag/e28068940000500386620d4f, 90
1652702501.625383, sdrt-health/mac:02010b41cdec/antenna/tag/e2806894000050038661fd4f, 97
1652702501.682416, sdrt-health/mac:02010b41cdec/antenna/tag/e2806894000040038661f94f, 82
1652702501.723289, sdrt-health/mac:02010b41cdec/antenna/tag/e2806894000040038662114f, 85
1652702501.762779, sdrt-health/mac:02010b41cdec/antenna/tag/e2806894000050038662154f, 93
1652702501.793843, sdrt-health/mac:02010b41cdec/antenna/tag/e2806894000050038661fd4f, 97
1652702501.794067, sdrt-health/mac:02010b41cdec/antenna/tag/e2806894000040038662114f, 85
1652702501.808601, sdrt-health/mac:02010b41cdec/antenna/tag/e28068940000500386620d4f, 90
1652702501.8416, sdrt-health/mac:02010b41cdec/antenna/tag/e2806894000050038662194f, 82
1652702501.88293, sdrt-health/mac:02010b41cdec/antenna/tag/e2806894000050038661fd4f, 97
1652702501.922071, sdrt-health/mac:02010b41cdec/antenna/tag/e28068940000400386621d4f, 77
1652702501.99269, sdrt-health/mac:02010b41cdec/antenna/tag/e2806894000050038661fd4f, 91
1652702502.032419, sdrt-health/mac:02010b41cdec/antenna/tag/e2806894000050038661fd4f, 91
1652702502.082309, sdrt-health/mac:02010b41cdec/antenna/tag/e2806894000050038661fd4f, 83
1652702502.135692, sdrt-health/mac:02010b41cdec/antenna/tag/e28068940000400386621d4f, 96
1652702502.181309, sdrt-health/mac:02010b41cdec/antenna/tag/e2806894000050038661fd4f, 91
1652702502.231886, sdrt-health/mac:02010b41cdec/antenna/tag/e2806894000050038662154f, 87
1652702502.287765, sdrt-health/mac:02010b41cdec/antenna/tag/e28068940000400386621d4f, 77
1652702502.288254, sdrt-health/mac:02010b41cdec/antenna/tag/e28068940000400386621d4f, 77
1652702502.376192, sdrt-health/mac:02010b41cdec/antenna/tag/e2806894000040038662114f, 88
1652702502.463343, sdrt-health/mac:02010b41cdec/antenna/tag/e28068940000500386620d4f, 90
1652702502.502298, sdrt-health/mac:02010b41cdec/antenna/tag/e28068940000400386621d4f, 77
1652702502.568007, sdrt-health/mac:02010b41cdec/antenna/tag/e2806894000050038661fd4f, 83
1652702502.568218, sdrt-health/mac:02010b41cdec/antenna/tag/e2806894000050038661fd4f, 83
1652702502.582994, sdrt-health/mac:02010b41cdec/antenna/tag/e2806894000050038662154f, 85
1652702502.61611, sdrt-health/mac:02010b41cdec/antenna/tag/e2806894000050038662194f, 82
1652702502.662954, sdrt-health/mac:02010b41cdec/antenna/tag/e2806894000050038662154f, 85
1652702502.746414, sdrt-health/mac:02010b41cdec/antenna/tag/e2806894000050038662154f, 85
1652702502.746608, sdrt-health/mac:02010b41cdec/antenna/tag/e2806894000050038661fd4f, 83
1652702502.762006, sdrt-health/mac:02010b41cdec/antenna/tag/e2806894000050038662154f, 88
1652702502.802506, sdrt-health/mac:02010b41cdec/antenna/tag/e28068940000500386620d4f, 90
1652702502.834978, sdrt-health/mac:02010b41cdec/antenna/tag/e28068940000500386620d4f, 83
1652702502.835458, sdrt-health/mac:02010b41cdec/antenna/tag/e28068940000500386620d4f, 83
1652702502.874302, sdrt-health/mac:02010b41cdec/antenna/tag/e2806894000050038661fd4f, 83
1652702502.922972, sdrt-health/mac:02010b41cdec/antenna/tag/e28068940000400386621d4f, 96
1652702502.975791, sdrt-health/mac:02010b41cdec/antenna/tag/e2806894000040038662114f, 91
1652702502.976025, sdrt-health/mac:02010b41cdec/antenna/tag/e2806894000040038662114f, 88
1652702503.016843, sdrt-health/mac:02010b41cdec/antenna/tag/e2806894000050038661fd4f, 91
1652702503.079731, sdrt-health/mac:02010b41cdec/antenna/tag/e2806894000050038662154f, 85
1652702503.079924, sdrt-health/mac:02010b41cdec/antenna/tag/e28068940000400386621d4f, 96
1652702503.096451, sdrt-health/mac:02010b41cdec/antenna/tag/e2806894000040038662114f, 85
1652702503.112144, sdrt-health/mac:02010b41cdec/antenna/tag/e2806894000040038662114f, 85
1652702503.153133, sdrt-health/mac:02010b41cdec/antenna/tag/e2806894000050038662154f, 85
1652702503.218023, sdrt-health/mac:02010b41cdec/antenna/tag/e2806894000050038661fd4f, 91
1652702503.218264, sdrt-health/mac:02010b41cdec/antenna/tag/e28068940000500386620d4f, 90
1652702503.235847, sdrt-health/mac:02010b41cdec/antenna/tag/e28068940000400386621d4f, 96
1652702503.266836, sdrt-health/mac:02010b41cdec/antenna/tag/e28068940000500386620d4f, 90
1652702503.26738, sdrt-health/mac:02010b41cdec/antenna/tag/e2806894000050038662194f, 88
1652702503.28177, sdrt-health/mac:02010b41cdec/antenna/tag/e2806894000040038662114f, 85
1652702503.321975, sdrt-health/mac:02010b41cdec/antenna/tag/e2806894000050038662194f, 94
1652702503.362678, sdrt-health/mac:02010b41cdec/antenna/tag/e2806894000050038661fd4f, 91
1652702503.4022, sdrt-health/mac:02010b41cdec/antenna/tag/e2806894000040038662114f, 93
1652702503.441617, sdrt-health/mac:02010b41cdec/antenna/tag/e2806894000040038662114f, 83
1652702503.510948, sdrt-health/mac:02010b41cdec/antenna/tag/e2806894000040038662114f, 85
1652702503.552561, sdrt-health/mac:02010b41cdec/antenna/tag/e28068940000400386621d4f, 96
1652702503.62136, sdrt-health/mac:02010b41cdec/antenna/tag/e28068940000400386621d4f, 77
1652702503.621931, sdrt-health/mac:02010b41cdec/antenna/tag/e2806894000040038662114f, 85
1652702503.642664, sdrt-health/mac:02010b41cdec/antenna/tag/e28068940000400386621d4f, 96
1652702503.674232, sdrt-health/mac:02010b41cdec/antenna/tag/e28068940000500386620d4f, 83
1652702503.674666, sdrt-health/mac:02010b41cdec/antenna/tag/e28068940000500386620d4f, 83
1652702503.690087, sdrt-health/mac:02010b41cdec/antenna/tag/e2806894000050038662154f, 88
1652702503.723227, sdrt-health/mac:02010b41cdec/antenna/tag/e2806894000050038662154f, 88
1652702503.791103, sdrt-health/mac:02010b41cdec/antenna/tag/e2806894000050038662154f, 88
1652702503.791376, sdrt-health/mac:02010b41cdec/antenna/tag/e2806894000050038661fd4f, 97
1652702503.817437, sdrt-health/mac:02010b41cdec/antenna/tag/e2806894000040038662114f, 88
1652702503.869628, sdrt-health/mac:02010b41cdec/antenna/tag/e2806894000050038661fd4f, 83
1652702503.903291, sdrt-health/mac:02010b41cdec/antenna/tag/e2806894000050038661fd4f, 97
1652702503.903675, sdrt-health/mac:02010b41cdec/antenna/tag/e28068940000400386621d4f, 96
1652702503.932951, sdrt-health/mac:02010b41cdec/antenna/tag/e2806894000050038661fd4f, 83
1652702503.976529, sdrt-health/mac:02010b41cdec/antenna/tag/e28068940000500386620d4f, 83
1652702504.021765, sdrt-health/mac:02010b41cdec/antenna/tag/e2806894000040038662114f, 93
1652702504.082539, sdrt-health/mac:02010b41cdec/antenna/tag/e2806894000050038662154f, 85
1652702504.135174, sdrt-health/mac:02010b41cdec/antenna/tag/e28068940000400386621d4f, 77
1652702504.13542, sdrt-health/mac:02010b41cdec/antenna/tag/e28068940000500386620d4f, 80
1652702504.149823, sdrt-health/mac:02010b41cdec/antenna/tag/e28068940000400386621d4f, 96
1652702504.161674, sdrt-health/mac:02010b41cdec/antenna/tag/e28068940000500386620d4f, 90
1652702504.165172, sdrt-health/mac:02010b41cdec/antenna/tag/e2806894000050038662194f, 81
1652702504.165414, sdrt-health/mac:02010b41cdec/antenna/tag/e28068940000400386621d4f, 77
1652702504.200087, sdrt-health/mac:02010b41cdec/antenna/tag/e2806894000040038662114f, 88
1652702504.241505, sdrt-health/mac:02010b41cdec/antenna/tag/e2806894000050038662154f, 93
1652702504.283318, sdrt-health/mac:02010b41cdec/antenna/tag/e28068940000500386620d4f, 83
1652702504.320262, sdrt-health/mac:02010b41cdec/antenna/tag/e2806894000050038661fd4f, 83
1652702504.321266, sdrt-health/mac:02010b41cdec/antenna/tag/e2806894000040038662114f, 93
1652702504.375547, sdrt-health/mac:02010b41cdec/antenna/tag/e2806894000050038661fd4f, 91
1652702504.376599, sdrt-health/mac:02010b41cdec/antenna/tag/e28068940000400386621d4f, 77
1652702504.421263, sdrt-health/mac:02010b41cdec/antenna/tag/e2806894000050038662154f, 85
1652702504.47062, sdrt-health/mac:02010b41cdec/antenna/tag/e2806894000050038662154f, 85
1652702504.526642, sdrt-health/mac:02010b41cdec/antenna/tag/e2806894000050038662154f, 93
1652702504.526899, sdrt-health/mac:02010b41cdec/antenna/tag/e28068940000500386620d4f, 83
1652702504.527106, sdrt-health/mac:02010b41cdec/antenna/tag/e28068940000400386621d4f, 96
1652702504.559901, sdrt-health/mac:02010b41cdec/antenna/tag/e28068940000400386621d4f, 96
1652702504.616571, sdrt-health/mac:02010b41cdec/antenna/tag/e2806894000050038661fd4f, 88
1652702504.616797, sdrt-health/mac:02010b41cdec/antenna/tag/e28068940000400386621d4f, 96
1652702504.663459, sdrt-health/mac:02010b41cdec/antenna/tag/e28068940000400386621d4f, 96
1652702504.710275, sdrt-health/mac:02010b41cdec/antenna/tag/e28068940000500386620d4f, 83
1652702504.764937, sdrt-health/mac:02010b41cdec/antenna/tag/e2806894000040038662114f, 93
1652702504.765125, sdrt-health/mac:02010b41cdec/antenna/tag/e2806894000050038662154f, 88
1652702504.80035, sdrt-health/mac:02010b41cdec/antenna/tag/e2806894000050038662154f, 85
1652702504.840508, sdrt-health/mac:02010b41cdec/antenna/tag/e2806894000040038662114f, 85
1652702504.88127, sdrt-health/mac:02010b41cdec/antenna/tag/e2806894000040038662114f, 85
1652702504.935016, sdrt-health/mac:02010b41cdec/antenna/tag/e2806894000050038662154f, 88
1652702504.997775, sdrt-health/mac:02010b41cdec/antenna/tag/e28068940000500386620d4f, 83
1652702504.998096, sdrt-health/mac:02010b41cdec/antenna/tag/e2806894000040038662114f, 85
1652702505.013683, sdrt-health/mac:02010b41cdec/antenna/tag/e2806894000040038662114f, 85
1652702505.031962, sdrt-health/mac:02010b41cdec/antenna/tag/e2806894000050038661fd4f, 97
1652702505.086532, sdrt-health/mac:02010b41cdec/antenna/tag/e28068940000500386620d4f, 83
1652702505.087111, sdrt-health/mac:02010b41cdec/antenna/tag/e2806894000040038662214f, 81
1652702505.122959, sdrt-health/mac:02010b41cdec/antenna/tag/e28068940000400386621d4f, 77
1652702505.162589, sdrt-health/mac:02010b41cdec/antenna/tag/e28068940000500386620d4f, 90
1652702505.195885, sdrt-health/mac:02010b41cdec/antenna/tag/e2806894000040038662214f, 88
1652702505.196393, sdrt-health/mac:02010b41cdec/antenna/tag/e28068940000400386621d4f, 77
1652702505.211729, sdrt-health/mac:02010b41cdec/antenna/tag/e2806894000050038661fd4f, 91
1652702505.212196, sdrt-health/mac:02010b41cdec/antenna/tag/e28068940000400386621d4f, 96
1652702505.242338, sdrt-health/mac:02010b41cdec/antenna/tag/e2806894000050038662154f, 88
1652702505.33639, sdrt-health/mac:02010b41cdec/antenna/tag/e2806894000040038662114f, 85
1652702505.398997, sdrt-health/mac:02010b41cdec/antenna/tag/e28068940000400386621d4f, 96
1652702505.399569, sdrt-health/mac:02010b41cdec/antenna/tag/e2806894000040038662054f, 81
1652702505.416776, sdrt-health/mac:02010b41cdec/antenna/tag/e28068940000400386621d4f, 96
1652702505.41836, sdrt-health/mac:02010b41cdec/antenna/tag/e2806894000040038662114f, 88
1652702505.418761, sdrt-health/mac:02010b41cdec/antenna/tag/e28068940000500386620d4f, 83
1652702505.435553, sdrt-health/mac:02010b41cdec/antenna/tag/e2806894000050038662154f, 85
1652702505.436095, sdrt-health/mac:02010b41cdec/antenna/tag/e28068940000500386620d4f, 83
1652702505.436742, sdrt-health/mac:02010b41cdec/antenna/tag/e2806894000050038662154f, 85
1652702505.437135, sdrt-health/mac:02010b41cdec/antenna/tag/e2806894000040038662114f, 88
1652702505.478908, sdrt-health/mac:02010b41cdec/antenna/tag/e2806894000050038662154f, 93
1652702505.479106, sdrt-health/mac:02010b41cdec/antenna/tag/e2806894000040038662114f, 88
1652702505.536681, sdrt-health/mac:02010b41cdec/antenna/tag/e28068940000400386621d4f, 96
1652702505.537174, sdrt-health/mac:02010b41cdec/antenna/tag/e2806894000040038662114f, 88
1652702505.551956, sdrt-health/mac:02010b41cdec/antenna/tag/e2806894000050038662154f, 88
1652702505.591664, sdrt-health/mac:02010b41cdec/antenna/tag/e2806894000050038662154f, 85
1652702505.592003, sdrt-health/mac:02010b41cdec/antenna/tag/e2806894000040038661f94f, 94
1652702505.620847, sdrt-health/mac:02010b41cdec/antenna/tag/e28068940000400386621d4f, 77
1652702505.670728, sdrt-health/mac:02010b41cdec/antenna/tag/e2806894000040038661f94f, 94
1652702505.711525, sdrt-health/mac:02010b41cdec/antenna/tag/e28068940000400386621d4f, 96
1652702505.762133, sdrt-health/mac:02010b41cdec/antenna/tag/e2806894000050038662154f, 85
1652702505.791653, sdrt-health/mac:02010b41cdec/antenna/tag/e2806894000050038661fd4f, 97
1652702505.79191, sdrt-health/mac:02010b41cdec/antenna/tag/e2806894000050038662154f, 88
1652702505.80925, sdrt-health/mac:02010b41cdec/antenna/tag/e2806894000050038661fd4f, 97
1652702505.841076, sdrt-health/mac:02010b41cdec/antenna/tag/e2806894000040038662114f, 85
1652702505.880909, sdrt-health/mac:02010b41cdec/antenna/tag/e2806894000050038661fd4f, 97
1652702505.912619, sdrt-health/mac:02010b41cdec/antenna/tag/e2806894000050038662154f, 85
1652702505.912817, sdrt-health/mac:02010b41cdec/antenna/tag/e2806894000040038662114f, 93
1652702505.929251, sdrt-health/mac:02010b41cdec/antenna/tag/e2806894000040038662114f, 87
1652702505.99073, sdrt-health/mac:02010b41cdec/antenna/tag/e2806894000050038661fd4f, 97
1652702505.990922, sdrt-health/mac:02010b41cdec/antenna/tag/e2806894000050038661fd4f, 91
1652702506.021093, sdrt-health/mac:02010b41cdec/antenna/tag/e2806894000040038662114f, 85
1652702506.021291, sdrt-health/mac:02010b41cdec/antenna/tag/e28068940000400386621d4f, 77
1652702506.072655, sdrt-health/mac:02010b41cdec/antenna/tag/e2806894000050038661fd4f, 97
1652702506.121278, sdrt-health/mac:02010b41cdec/antenna/tag/e2806894000050038661fd4f, 97
1652702506.161078, sdrt-health/mac:02010b41cdec/antenna/tag/e2806894000040038662114f, 93
1652702506.260741, sdrt-health/mac:02010b41cdec/antenna/tag/e2806894000050038661fd4f, 83
1652702506.311179, sdrt-health/mac:02010b41cdec/antenna/tag/e28068940000500386620d4f, 83
1652702506.342897, sdrt-health/mac:02010b41cdec/antenna/tag/e28068940000400386621d4f, 96
1652702506.343267, sdrt-health/mac:02010b41cdec/antenna/tag/e2806894000050038662154f, 88
1652702506.359842, sdrt-health/mac:02010b41cdec/antenna/tag/e2806894000040038662114f, 85
1652702506.360154, sdrt-health/mac:02010b41cdec/antenna/tag/e2806894000040038662114f, 85
1652702506.402114, sdrt-health/mac:02010b41cdec/antenna/tag/e2806894000050038661fd4f, 83
1652702506.442724, sdrt-health/mac:02010b41cdec/antenna/tag/e2806894000050038661fd4f, 83
1652702506.481578, sdrt-health/mac:02010b41cdec/antenna/tag/e2806894000050038662154f, 93
1652702506.53641, sdrt-health/mac:02010b41cdec/antenna/tag/e2806894000050038661fd4f, 91
1652702506.536608, sdrt-health/mac:02010b41cdec/antenna/tag/e2806894000050038661fd4f, 91
1652702506.551543, sdrt-health/mac:02010b41cdec/antenna/tag/e28068940000500386620d4f, 90
1652702506.561748, sdrt-health/mac:02010b41cdec/antenna/tag/e2806894000040038662114f, 85
1652702506.566117, sdrt-health/mac:02010b41cdec/antenna/tag/e28068940000400386621d4f, 77
1652702506.615091, sdrt-health/mac:02010b41cdec/antenna/tag/e2806894000050038661fd4f, 97
1652702506.677245, sdrt-health/mac:02010b41cdec/antenna/tag/e28068940000400386621d4f, 90
1652702506.677441, sdrt-health/mac:02010b41cdec/antenna/tag/e2806894000050038661fd4f, 83
1652702506.693946, sdrt-health/mac:02010b41cdec/antenna/tag/e2806894000050038661fd4f, 83
1652702506.737511, sdrt-health/mac:02010b41cdec/antenna/tag/e2806894000050038662154f, 85
1652702506.737694, sdrt-health/mac:02010b41cdec/antenna/tag/e2806894000040038662114f, 85
1652702506.761305, sdrt-health/mac:02010b41cdec/antenna/tag/e28068940000500386620d4f, 90
1652702506.815798, sdrt-health/mac:02010b41cdec/antenna/tag/e2806894000050038662154f, 88
1652702506.815992, sdrt-health/mac:02010b41cdec/antenna/tag/e2806894000040038662114f, 85
1652702506.842451, sdrt-health/mac:02010b41cdec/antenna/tag/e28068940000500386620d4f, 83
1652702506.896082, sdrt-health/mac:02010b41cdec/antenna/tag/e2806894000050038661fd4f, 83
1652702506.896305, sdrt-health/mac:02010b41cdec/antenna/tag/e2806894000050038661fd4f, 91
1652702506.910458, sdrt-health/mac:02010b41cdec/antenna/tag/e28068940000500386620d4f, 83
1652702506.921497, sdrt-health/mac:02010b41cdec/antenna/tag/e2806894000050038661fd4f, 91
1652702506.969518, sdrt-health/mac:02010b41cdec/antenna/tag/e2806894000050038661fd4f, 91
1652702507.026885, sdrt-health/mac:02010b41cdec/antenna/tag/e2806894000040038662114f, 93
1652702507.071173, sdrt-health/mac:02010b41cdec/antenna/tag/e2806894000040038662114f, 85
1652702507.14517, sdrt-health/mac:02010b41cdec/antenna/tag/e28068940000400386621d4f, 77
1652702507.145395, sdrt-health/mac:02010b41cdec/antenna/tag/e28068940000500386620d4f, 83
1652702507.175783, sdrt-health/mac:02010b41cdec/antenna/tag/e28068940000500386620d4f, 80
1652702507.205509, sdrt-health/mac:02010b41cdec/antenna/tag/e28068940000400386621d4f, 96
1652702507.206384, sdrt-health/mac:02010b41cdec/antenna/tag/e2806894000040038662114f, 85
1652702507.222253, sdrt-health/mac:02010b41cdec/antenna/tag/e2806894000050038661fd4f, 91
1652702507.252538, sdrt-health/mac:02010b41cdec/antenna/tag/e2806894000040038662114f, 85
1652702507.252768, sdrt-health/mac:02010b41cdec/antenna/tag/e28068940000500386620d4f, 83
1652702507.271424, sdrt-health/mac:02010b41cdec/antenna/tag/e28068940000400386621d4f, 96
1652702507.321613, sdrt-health/mac:02010b41cdec/antenna/tag/e2806894000040038662114f, 85
1652702507.352586, sdrt-health/mac:02010b41cdec/antenna/tag/e2806894000040038662114f, 85
1652702507.353056, sdrt-health/mac:02010b41cdec/antenna/tag/e2806894000050038661fd4f, 97
1652702507.417143, sdrt-health/mac:02010b41cdec/antenna/tag/e28068940000500386620d4f, 80
1652702507.461411, sdrt-health/mac:02010b41cdec/antenna/tag/e2806894000050038662154f, 93
1652702507.531273, sdrt-health/mac:02010b41cdec/antenna/tag/e2806894000040038662114f, 85
1652702507.584048, sdrt-health/mac:02010b41cdec/antenna/tag/e28068940000400386621d4f, 77
1652702507.584528, sdrt-health/mac:02010b41cdec/antenna/tag/e2806894000050038661fd4f, 91
1652702507.598964, sdrt-health/mac:02010b41cdec/antenna/tag/e28068940000500386620d4f, 83
1652702507.621096, sdrt-health/mac:02010b41cdec/antenna/tag/e28068940000400386621d4f, 77
1652702507.689166, sdrt-health/mac:02010b41cdec/antenna/tag/e28068940000500386620d4f, 83
1652702507.689467, sdrt-health/mac:02010b41cdec/antenna/tag/e28068940000500386620d4f, 83
1652702507.714542, sdrt-health/mac:02010b41cdec/antenna/tag/e28068940000500386620d4f, 83
1652702507.781908, sdrt-health/mac:02010b41cdec/antenna/tag/e2806894000050038662154f, 88
1652702507.830812, sdrt-health/mac:02010b41cdec/antenna/tag/e2806894000040038662114f, 85
1652702507.887209, sdrt-health/mac:02010b41cdec/antenna/tag/e28068940000400386621d4f, 96
1652702507.887518, sdrt-health/mac:02010b41cdec/antenna/tag/e28068940000500386620d4f, 83
1652702507.902525, sdrt-health/mac:02010b41cdec/antenna/tag/e2806894000050038662154f, 85
1652702507.920962, sdrt-health/mac:02010b41cdec/antenna/tag/e2806894000050038662154f, 85
1652702507.962181, sdrt-health/mac:02010b41cdec/antenna/tag/e28068940000500386620d4f, 90
1652702507.992418, sdrt-health/mac:02010b41cdec/antenna/tag/e28068940000400386621d4f, 77
1652702507.992718, sdrt-health/mac:02010b41cdec/antenna/tag/e2806894000040038662114f, 85
1652702508.009388, sdrt-health/mac:02010b41cdec/antenna/tag/e28068940000400386621d4f, 96
1652702508.071337, sdrt-health/mac:02010b41cdec/antenna/tag/e2806894000050038662154f, 88
1652702508.071643, sdrt-health/mac:02010b41cdec/antenna/tag/e28068940000500386620d4f, 83
1652702508.100989, sdrt-health/mac:02010b41cdec/antenna/tag/e2806894000050038661fd4f, 91
1652702508.101247, sdrt-health/mac:02010b41cdec/antenna/tag/e2806894000040038662114f, 88
1652702508.150387, sdrt-health/mac:02010b41cdec/antenna/tag/e28068940000400386621d4f, 77
1652702508.191425, sdrt-health/mac:02010b41cdec/antenna/tag/e28068940000400386621d4f, 77
1652702508.256668, sdrt-health/mac:02010b41cdec/antenna/tag/e28068940000500386620d4f, 83
1652702508.257242, sdrt-health/mac:02010b41cdec/antenna/tag/e2806894000050038661fd4f, 97
1652702508.309838, sdrt-health/mac:02010b41cdec/antenna/tag/e2806894000050038662194f, 84
1652702508.350834, sdrt-health/mac:02010b41cdec/antenna/tag/e2806894000040038662114f, 85
1652702508.415712, sdrt-health/mac:02010b41cdec/antenna/tag/e28068940000400386621d4f, 77
1652702508.416043, sdrt-health/mac:02010b41cdec/antenna/tag/e2806894000050038662154f, 93
1652702508.456153, sdrt-health/mac:02010b41cdec/antenna/tag/e2806894000050038661fd4f, 91
1652702508.50148, sdrt-health/mac:02010b41cdec/antenna/tag/e2806894000050038662154f, 85
1652702508.534468, sdrt-health/mac:02010b41cdec/antenna/tag/e2806894000050038661fd4f, 91
1652702508.534875, sdrt-health/mac:02010b41cdec/antenna/tag/e28068940000500386620d4f, 83
1652702508.603037, sdrt-health/mac:02010b41cdec/antenna/tag/e2806894000050038661fd4f, 83
1652702508.642307, sdrt-health/mac:02010b41cdec/antenna/tag/e28068940000500386620d4f, 83
1652702508.698122, sdrt-health/mac:02010b41cdec/antenna/tag/e28068940000500386620d4f, 83
1652702508.698572, sdrt-health/mac:02010b41cdec/antenna/tag/e2806894000050038662194f, 81
1652702508.72079, sdrt-health/mac:02010b41cdec/antenna/tag/e28068940000500386620d4f, 90
1652702508.761306, sdrt-health/mac:02010b41cdec/antenna/tag/e2806894000050038662154f, 85
1652702508.762233, sdrt-health/mac:02010b41cdec/antenna/tag/e2806894000040038662114f, 85
1652702508.855037, sdrt-health/mac:02010b41cdec/antenna/tag/e2806894000050038662154f, 91
1652702508.901509, sdrt-health/mac:02010b41cdec/antenna/tag/e28068940000400386621d4f, 96
1652702508.975464, sdrt-health/mac:02010b41cdec/antenna/tag/e2806894000050038662154f, 85
1652702508.975819, sdrt-health/mac:02010b41cdec/antenna/tag/e28068940000400386621d4f, 96
1652702508.991805, sdrt-health/mac:02010b41cdec/antenna/tag/e2806894000050038662154f, 85
1652702509.030627, sdrt-health/mac:02010b41cdec/antenna/tag/e2806894000050038661fd4f, 83
1652702509.095476, sdrt-health/mac:02010b41cdec/antenna/tag/e2806894000050038661fd4f, 83
1652702509.095655, sdrt-health/mac:02010b41cdec/antenna/tag/e2806894000050038662154f, 93
1652702509.120911, sdrt-health/mac:02010b41cdec/antenna/tag/e2806894000050038662194f, 81
1652702509.16096, sdrt-health/mac:02010b41cdec/antenna/tag/e28068940000400386621d4f, 77
1652702509.213925, sdrt-health/mac:02010b41cdec/antenna/tag/e2806894000050038662154f, 93
1652702509.214159, sdrt-health/mac:02010b41cdec/antenna/tag/e28068940000500386620d4f, 83
1652702509.24156, sdrt-health/mac:02010b41cdec/antenna/tag/e2806894000050038662154f, 85
1652702509.271622, sdrt-health/mac:02010b41cdec/antenna/tag/e28068940000500386620d4f, 90
1652702509.27189, sdrt-health/mac:02010b41cdec/antenna/tag/e2806894000050038661fd4f, 97
1652702509.286683, sdrt-health/mac:02010b41cdec/antenna/tag/e28068940000400386621d4f, 96
1652702509.352677, sdrt-health/mac:02010b41cdec/antenna/tag/e2806894000050038662154f, 85
1652702509.391395, sdrt-health/mac:02010b41cdec/antenna/tag/e28068940000400386621d4f, 96
1652702509.455329, sdrt-health/mac:02010b41cdec/antenna/tag/e28068940000500386620d4f, 90
1652702509.455568, sdrt-health/mac:02010b41cdec/antenna/tag/e28068940000500386620d4f, 90
1652702509.470065, sdrt-health/mac:02010b41cdec/antenna/tag/e28068940000400386621d4f, 96
1652702509.495171, sdrt-health/mac:02010b41cdec/antenna/tag/e2806894000050038662154f, 87
1652702509.556523, sdrt-health/mac:02010b41cdec/antenna/tag/e28068940000400386621d4f, 96
1652702509.557041, sdrt-health/mac:02010b41cdec/antenna/tag/e28068940000400386621d4f, 96
1652702509.571697, sdrt-health/mac:02010b41cdec/antenna/tag/e2806894000050038662154f, 87
1652702509.591363, sdrt-health/mac:02010b41cdec/antenna/tag/e2806894000050038661fd4f, 91
1652702509.631961, sdrt-health/mac:02010b41cdec/antenna/tag/e2806894000050038662154f, 85
1652702509.680934, sdrt-health/mac:02010b41cdec/antenna/tag/e2806894000050038662154f, 85
1652702509.723366, sdrt-health/mac:02010b41cdec/antenna/tag/e28068940000400386621d4f, 77
1652702509.792538, sdrt-health/mac:02010b41cdec/antenna/tag/e2806894000050038661fd4f, 91
1652702509.792725, sdrt-health/mac:02010b41cdec/antenna/tag/e2806894000040038662114f, 85
1652702509.808719, sdrt-health/mac:02010b41cdec/antenna/tag/e28068940000400386621d4f, 77
1652702509.840922, sdrt-health/mac:02010b41cdec/antenna/tag/e2806894000040038662114f, 85
1652702509.881668, sdrt-health/mac:02010b41cdec/antenna/tag/e28068940000500386620d4f, 83
1652702509.938025, sdrt-health/mac:02010b41cdec/antenna/tag/e2806894000050038662154f, 88
1652702509.938407, sdrt-health/mac:02010b41cdec/antenna/tag/e2806894000040038662114f, 93
1652702509.962338, sdrt-health/mac:02010b41cdec/antenna/tag/e28068940000400386621d4f, 77
1652702509.99227, sdrt-health/mac:02010b41cdec/antenna/tag/e2806894000050038661fd4f, 97
1652702509.992584, sdrt-health/mac:02010b41cdec/antenna/tag/e2806894000040038662114f, 85
1652702510.006741, sdrt-health/mac:02010b41cdec/antenna/tag/e2806894000050038661fd4f, 91
1652702510.007014, sdrt-health/mac:02010b41cdec/antenna/tag/e2806894000040038662114f, 85
1652702510.057576, sdrt-health/mac:02010b41cdec/antenna/tag/e2806894000050038661fd4f, 91
1652702510.101942, sdrt-health/mac:02010b41cdec/antenna/tag/e2806894000040038662114f, 85
1652702510.160495, sdrt-health/mac:02010b41cdec/antenna/tag/e28068940000400386621d4f, 96
1652702510.235341, sdrt-health/mac:02010b41cdec/antenna/tag/e2806894000050038661fd4f, 83
1652702510.235805, sdrt-health/mac:02010b41cdec/antenna/tag/e2806894000050038661fd4f, 83
1652702510.251107, sdrt-health/mac:02010b41cdec/antenna/tag/e28068940000500386620d4f, 90
1652702510.282106, sdrt-health/mac:02010b41cdec/antenna/tag/e28068940000400386621d4f, 96
1652702510.282325, sdrt-health/mac:02010b41cdec/antenna/tag/e28068940000400386621d4f, 96
1652702510.311784, sdrt-health/mac:02010b41cdec/antenna/tag/e28068940000400386621d4f, 96
1652702510.361317, sdrt-health/mac:02010b41cdec/antenna/tag/e28068940000400386621d4f, 96
1652702510.391118, sdrt-health/mac:02010b41cdec/antenna/tag/e2806894000050038661fd4f, 83
1652702510.39163, sdrt-health/mac:02010b41cdec/antenna/tag/e28068940000500386620d4f, 90
1652702510.410899, sdrt-health/mac:02010b41cdec/antenna/tag/e2806894000050038661fd4f, 83
1652702510.439895, sdrt-health/mac:02010b41cdec/antenna/tag/e28068940000500386620d4f, 90
1652702510.440096, sdrt-health/mac:02010b41cdec/antenna/tag/e2806894000050038661fd4f, 83
1652702510.455609, sdrt-health/mac:02010b41cdec/antenna/tag/e28068940000500386620d4f, 83
1652702510.526062, sdrt-health/mac:02010b41cdec/antenna/tag/e28068940000400386621d4f, 77
1652702510.526524, sdrt-health/mac:02010b41cdec/antenna/tag/e2806894000040038662114f, 87
1652702510.570137, sdrt-health/mac:02010b41cdec/antenna/tag/e2806894000050038662154f, 85
1652702510.632749, sdrt-health/mac:02010b41cdec/antenna/tag/e2806894000050038662154f, 88
1652702510.633212, sdrt-health/mac:02010b41cdec/antenna/tag/e2806894000050038661fd4f, 91
1652702510.64839, sdrt-health/mac:02010b41cdec/antenna/tag/e2806894000050038662154f, 85
1652702510.648652, sdrt-health/mac:02010b41cdec/antenna/tag/e28068940000400386621d4f, 96
1652702510.683594, sdrt-health/mac:02010b41cdec/antenna/tag/e2806894000050038662194f, 81
1652702510.721254, sdrt-health/mac:02010b41cdec/antenna/state, connected
1652702510.722781, sdrt-health/mac:02010b41cdec/fw, {"version":"1.8.1","model":"200","hash":"2f556501b58f1dad542af428d7928d18","timestamp":1652702507}
1652702510.73601, sdrt-health/mac:02010b41cdec/antenna/tag/e2806894000050038662154f, 93
1652702510.761009, sdrt-health/mac:02010b41cdec/antenna/tag/e2806894000040038662114f, 85
1652702510.812165, sdrt-health/mac:02010b41cdec/antenna/tag/e28068940000400386621d4f, 77
1652702510.85569, sdrt-health/mac:02010b41cdec/antenna/tag/e2806894000050038661fd4f, 91
1652702510.856297, sdrt-health/mac:02010b41cdec/antenna/tag/e28068940000500386620d4f, 83
1652702510.871057, sdrt-health/mac:02010b41cdec/antenna/tag/e28068940000400386621d4f, 96
1652702510.922149, sdrt-health/mac:02010b41cdec/antenna/tag/e2806894000050038662154f, 85
1652702510.963569, sdrt-health/mac:02010b41cdec/antenna/tag/e2806894000050038662154f, 88
1652702511.017148, sdrt-health/mac:02010b41cdec/antenna/tag/e2806894000050038661fd4f, 83
1652702511.017581, sdrt-health/mac:02010b41cdec/antenna/tag/e28068940000400386621d4f, 96
1652702511.042128, sdrt-health/mac:02010b41cdec/antenna/tag/e2806894000050038661fd4f, 91
1652702511.09616, sdrt-health/mac:02010b41cdec/antenna/tag/e2806894000040038662114f, 93
1652702511.126857, sdrt-health/mac:02010b41cdec/antenna/tag/e2806894000050038662154f, 85
1652702511.127044, sdrt-health/mac:02010b41cdec/antenna/tag/e28068940000500386620d4f, 80
1652702511.221939, sdrt-health/mac:02010b41cdec/antenna/version, hPaO
1652702511.222604, sdrt-health/mac:02010b41cdec/antenna/tag/e28068940000500386620d4f, 83
1652702511.237441, sdrt-health/mac:02010b41cdec/antenna/tag/e28068940000500386620d4f, 83
1652702511.237815, sdrt-health/mac:02010b41cdec/antenna/tag/e28068940000400386621d4f, 96
1652702511.28219, sdrt-health/mac:02010b41cdec/antenna/tag/e2806894000050038661fd4f, 97
1652702511.321712, sdrt-health/mac:02010b41cdec/antenna/tag/e28068940000500386620d4f, 83
1652702511.378373, sdrt-health/mac:02010b41cdec/antenna/tag/e2806894000050038661fd4f, 83
1652702511.37872, sdrt-health/mac:02010b41cdec/antenna/tag/e2806894000040038662114f, 85
1652702511.40044, sdrt-health/mac:02010b41cdec/antenna/tag/e2806894000050038661fd4f, 83
1652702511.456361, sdrt-health/mac:02010b41cdec/antenna/tag/e2806894000040038662114f, 93
1652702511.456804, sdrt-health/mac:02010b41cdec/antenna/tag/e2806894000050038661fd4f, 97
1652702511.469808, sdrt-health/mac:02010b41cdec/antenna/tag/e2806894000040038662114f, 85
1652702511.498907, sdrt-health/mac:02010b41cdec/antenna/tag/e2806894000040038662114f, 85
1652702511.499109, sdrt-health/mac:02010b41cdec/antenna/tag/e2806894000040038662114f, 93
1652702511.520827, sdrt-health/mac:02010b41cdec/antenna/tag/e2806894000050038662154f, 85
1652702511.574901, sdrt-health/mac:02010b41cdec/antenna/tag/e2806894000050038662154f, 85
1652702511.645331, sdrt-health/mac:02010b41cdec/antenna/tag/e2806894000050038661fd4f, 91
1652702511.645722, sdrt-health/mac:02010b41cdec/antenna/tag/e28068940000500386620d4f, 83
1652702511.660034, sdrt-health/mac:02010b41cdec/antenna/tag/e28068940000500386620d4f, 83
1652702511.722855, sdrt-health/mac:02010b41cdec/antenna/tag/e2806894000040038662114f, 88
1652702511.762183, sdrt-health/mac:02010b41cdec/antenna/tag/e2806894000040038662114f, 93
1652702511.967247, sdrt-health/mac:02010b41cdec/antenna/tag/e28068940000400386621d4f, 96
1652702511.967548, sdrt-health/mac:02010b41cdec/antenna/tag/e2806894000050038661fd4f, 83
1652702511.981619, sdrt-health/mac:02010b41cdec/antenna/tag/e28068940000500386620d4f, 83
1652702511.981884, sdrt-health/mac:02010b41cdec/antenna/tag/e2806894000050038662154f, 85
1652702511.982017, sdrt-health/mac:02010b41cdec/antenna/tag/e2806894000050038661fd4f, 83
1652702511.982153, sdrt-health/mac:02010b41cdec/antenna/tag/e28068940000400386621d4f, 96
1652702511.982297, sdrt-health/mac:02010b41cdec/antenna/tag/e2806894000050038662154f, 85
1652702511.982449, sdrt-health/mac:02010b41cdec/antenna/tag/e2806894000050038661fd4f, 83
1652702512.001618, sdrt-health/mac:02010b41cdec/antenna/tag/e28068940000500386620d4f, 83
1652702512.069214, sdrt-health/mac:02010b41cdec/antenna/tag/e28068940000400386621d4f, 90
1652702512.069434, sdrt-health/mac:02010b41cdec/antenna/tag/e28068940000500386620d4f, 90
1652702512.101285, sdrt-health/mac:02010b41cdec/antenna/tag/e28068940000400386621d4f, 77
1652702512.16813, sdrt-health/mac:02010b41cdec/antenna/tag/e2806894000040038661f94f, 84
1652702512.168398, sdrt-health/mac:02010b41cdec/antenna/tag/e2806894000040038662214f, 103
1652702512.200402, sdrt-health/mac:02010b41cdec/antenna/tag/e2806894000040038662214f, 94
1652702512.24121, sdrt-health/mac:02010b41cdec/antenna/tag/e2806894000050038661fd4f, 97
1652702512.272658, sdrt-health/mac:02010b41cdec/antenna/tag/e2806894000040038662114f, 81
1652702512.27309, sdrt-health/mac:02010b41cdec/antenna/tag/e28068940000500386620d4f, 80
1652702512.29556, sdrt-health/mac:02010b41cdec/antenna/tag/e2806894000050038662154f, 85
1652702512.325085, sdrt-health/mac:02010b41cdec/antenna/tag/e2806894000040038662114f, 85
1652702512.325545, sdrt-health/mac:02010b41cdec/antenna/tag/e28068940000400386621d4f, 77
1652702512.341204, sdrt-health/mac:02010b41cdec/antenna/tag/e2806894000050038661fd4f, 97
1652702512.371172, sdrt-health/mac:02010b41cdec/antenna/tag/e28068940000400386621d4f, 77
1652702512.372167, sdrt-health/mac:02010b41cdec/antenna/tag/e2806894000050038661fd4f, 97
1652702512.37257, sdrt-health/mac:02010b41cdec/antenna/tag/e2806894000050038661fd4f, 97
1652702512.391932, sdrt-health/mac:02010b41cdec/antenna/tag/e28068940000400386621d4f, 96
1652702512.447212, sdrt-health/mac:02010b41cdec/antenna/tag/e2806894000040038662114f, 87
1652702512.447416, sdrt-health/mac:02010b41cdec/antenna/tag/e28068940000500386620d4f, 83
1652702512.462747, sdrt-health/mac:02010b41cdec/antenna/tag/e2806894000050038662154f, 88
1652702512.48204, sdrt-health/mac:02010b41cdec/antenna/tag/e28068940000400386621d4f, 77
1652702512.522989, sdrt-health/mac:02010b41cdec/antenna/tag/e2806894000050038661fd4f, 91
1652702512.562947, sdrt-health/mac:02010b41cdec/antenna/tag/e28068940000500386620d4f, 83
1652702512.602875, sdrt-health/mac:02010b41cdec/antenna/tag/e2806894000040038662114f, 93
1652702512.67068, sdrt-health/mac:02010b41cdec/antenna/tag/e28068940000500386620d4f, 83
1652702512.670961, sdrt-health/mac:02010b41cdec/antenna/tag/e2806894000040038662114f, 93
1652702512.712164, sdrt-health/mac:02010b41cdec/antenna/tag/e28068940000500386620d4f, 80
1652702512.776477, sdrt-health/mac:02010b41cdec/antenna/tag/e2806894000050038661fd4f, 83
1652702512.776699, sdrt-health/mac:02010b41cdec/antenna/tag/e2806894000050038662154f, 85
1652702512.791645, sdrt-health/mac:02010b41cdec/antenna/tag/e2806894000050038661fd4f, 83
1652702512.802729, sdrt-health/mac:02010b41cdec/antenna/tag/e2806894000050038662154f, 88
1652702512.806584, sdrt-health/mac:02010b41cdec/antenna/tag/e28068940000400386621d4f, 90
1652702512.856807, sdrt-health/mac:02010b41cdec/antenna/tag/e2806894000050038662154f, 91
1652702512.917874, sdrt-health/mac:02010b41cdec/antenna/tag/e2806894000050038661fd4f, 83
1652702512.918091, sdrt-health/mac:02010b41cdec/antenna/tag/e2806894000050038662154f, 88
1652702512.951305, sdrt-health/mac:02010b41cdec/antenna/tag/e2806894000050038662154f, 88
1652702513.059243, sdrt-health/mac:02010b41cdec/antenna/tag/e2806894000040038662114f, 85
1652702513.059567, sdrt-health/mac:02010b41cdec/antenna/tag/e28068940000400386621d4f, 77
1652702513.078509, sdrt-health/mac:02010b41cdec/antenna/tag/e28068940000400386621d4f, 77
1652702513.078729, sdrt-health/mac:02010b41cdec/antenna/tag/e2806894000050038662154f, 85
1652702513.132703, sdrt-health/mac:02010b41cdec/antenna/tag/e2806894000040038662114f, 85
1652702513.207453, sdrt-health/mac:02010b41cdec/antenna/tag/e2806894000050038661fd4f, 97
1652702513.207645, sdrt-health/mac:02010b41cdec/antenna/tag/e2806894000040038662114f, 85
1652702513.232387, sdrt-health/mac:02010b41cdec/antenna/tag/e28068940000400386621d4f, 96
1652702513.282855, sdrt-health/mac:02010b41cdec/antenna/tag/e28068940000400386621d4f, 96
1652702513.316604, sdrt-health/mac:02010b41cdec/antenna/tag/e2806894000040038662114f, 85
1652702513.317849, sdrt-health/mac:02010b41cdec/antenna/tag/e2806894000040038662114f, 85
1652702513.318178, sdrt-health/mac:02010b41cdec/antenna/tag/e2806894000050038662154f, 88
1652702513.334123, sdrt-health/mac:02010b41cdec/antenna/tag/e2806894000050038661fd4f, 83
1652702513.334366, sdrt-health/mac:02010b41cdec/antenna/tag/e28068940000400386621d4f, 96
1652702513.361959, sdrt-health/mac:02010b41cdec/antenna/tag/e2806894000050038662154f, 88
1652702513.401525, sdrt-health/mac:02010b41cdec/antenna/tag/e2806894000050038662154f, 85
1652702513.432436, sdrt-health/mac:02010b41cdec/antenna/tag/e28068940000400386621d4f, 77
1652702513.432698, sdrt-health/mac:02010b41cdec/antenna/tag/e2806894000040038662114f, 93
1652702513.449165, sdrt-health/mac:02010b41cdec/antenna/tag/e2806894000050038662154f, 93
1652702513.449426, sdrt-health/mac:02010b41cdec/antenna/tag/e28068940000500386620d4f, 90
1652702513.481433, sdrt-health/mac:02010b41cdec/antenna/tag/e2806894000050038661fd4f, 91
1652702513.538216, sdrt-health/mac:02010b41cdec/antenna/tag/e2806894000050038662154f, 83
1652702513.538611, sdrt-health/mac:02010b41cdec/antenna/tag/e2806894000050038662154f, 87
1652702513.553469, sdrt-health/mac:02010b41cdec/antenna/tag/e2806894000050038661fd4f, 97
1652702513.553766, sdrt-health/mac:02010b41cdec/antenna/tag/e28068940000500386620d4f, 83
1652702513.562086, sdrt-health/mac:02010b41cdec/antenna/tag/e28068940000500386620d4f, 83
1652702513.602517, sdrt-health/mac:02010b41cdec/antenna/tag/e28068940000500386620d4f, 90
1652702513.642708, sdrt-health/mac:02010b41cdec/antenna/tag/e28068940000500386620d4f, 83
1652702513.681916, sdrt-health/mac:02010b41cdec/antenna/tag/e2806894000040038662114f, 93
1652702513.921833, sdrt-health/mac:02010b41cdec/antenna/tag/e2806894000050038662154f, 88
1652702513.991355, sdrt-health/mac:02010b41cdec/antenna/tag/e2806894000050038661fd4f, 97
1652702514.025739, sdrt-health/mac:02010b41cdec/antenna/tag/e28068940000400386621d4f, 77
1652702514.026298, sdrt-health/mac:02010b41cdec/antenna/tag/e28068940000400386621d4f, 96
1652702514.041569, sdrt-health/mac:02010b41cdec/antenna/tag/e2806894000050038661fd4f, 83
1652702514.042045, sdrt-health/mac:02010b41cdec/antenna/tag/e28068940000400386621d4f, 96
1652702514.042315, sdrt-health/mac:02010b41cdec/antenna/tag/e2806894000050038661fd4f, 97
1652702514.042569, sdrt-health/mac:02010b41cdec/antenna/tag/e2806894000050038662154f, 91
1652702514.042799, sdrt-health/mac:02010b41cdec/antenna/tag/e28068940000500386620d4f, 90
1652702514.043011, sdrt-health/mac:02010b41cdec/antenna/tag/e28068940000500386620d4f, 83
1652702514.043221, sdrt-health/mac:02010b41cdec/antenna/tag/e2806894000050038661fd4f, 83
1652702514.043467, sdrt-health/mac:02010b41cdec/antenna/tag/e28068940000500386620d4f, 90
1652702514.043749, sdrt-health/mac:02010b41cdec/antenna/tag/e2806894000040038662114f, 88
1652702514.044017, sdrt-health/mac:02010b41cdec/antenna/tag/e2806894000050038662154f, 85
1652702514.056711, sdrt-health/mac:02010b41cdec/antenna/tag/e28068940000500386620d4f, 83
1652702514.102367, sdrt-health/mac:02010b41cdec/antenna/tag/e2806894000050038662194f, 88
1652702514.176552, sdrt-health/mac:02010b41cdec/antenna/tag/e2806894000050038662194f, 94
1652702514.176788, sdrt-health/mac:02010b41cdec/antenna/tag/e28068940000400386621d4f, 77
1652702514.191245, sdrt-health/mac:02010b41cdec/antenna/tag/e2806894000050038661fd4f, 83
1652702514.215246, sdrt-health/mac:02010b41cdec/antenna/tag/e28068940000400386621d4f, 77
1652702514.245467, sdrt-health/mac:02010b41cdec/antenna/tag/e28068940000500386620d4f, 90
1652702514.245723, sdrt-health/mac:02010b41cdec/antenna/tag/e2806894000050038661fd4f, 83
1652702514.319564, sdrt-health/mac:02010b41cdec/antenna/tag/e2806894000050038662154f, 88
1652702514.362283, sdrt-health/mac:02010b41cdec/antenna/tag/e28068940000400386621d4f, 96
1652702514.401564, sdrt-health/mac:02010b41cdec/antenna/tag/e2806894000050038661fd4f, 97
1652702514.440493, sdrt-health/mac:02010b41cdec/antenna/tag/e2806894000050038661fd4f, 83
1652702514.482266, sdrt-health/mac:02010b41cdec/antenna/tag/e2806894000040038662114f, 93
1652702514.568796, sdrt-health/mac:02010b41cdec/antenna/tag/e28068940000500386620d4f, 90
1652702514.569379, sdrt-health/mac:02010b41cdec/antenna/tag/e28068940000500386620d4f, 90
1652702514.591995, sdrt-health/mac:02010b41cdec/antenna/tag/e28068940000500386620d4f, 83
1652702514.641427, sdrt-health/mac:02010b41cdec/antenna/tag/e2806894000050038661fd4f, 83
1652702514.682058, sdrt-health/mac:02010b41cdec/antenna/tag/e2806894000050038661fd4f, 88
1652702514.755813, sdrt-health/mac:02010b41cdec/antenna/tag/e2806894000040038662114f, 85
1652702514.756057, sdrt-health/mac:02010b41cdec/antenna/tag/e2806894000040038662114f, 85
1652702514.801362, sdrt-health/mac:02010b41cdec/antenna/tag/e2806894000050038662154f, 93
1652702514.842817, sdrt-health/mac:02010b41cdec/antenna/tag/e2806894000050038662194f, 88
1652702514.881611, sdrt-health/mac:02010b41cdec/antenna/tag/e2806894000050038661fd4f, 88
1652702514.910342, sdrt-health/mac:02010b41cdec/antenna/tag/e28068940000400386621d4f, 96
1652702514.91076, sdrt-health/mac:02010b41cdec/antenna/tag/e28068940000500386620d4f, 83
1652702514.930699, sdrt-health/mac:02010b41cdec/antenna/tag/e2806894000040038662114f, 85
1652702514.965269, sdrt-health/mac:02010b41cdec/antenna/tag/e2806894000050038662154f, 93
1652702514.994156, sdrt-health/mac:02010b41cdec/antenna/tag/e2806894000050038662194f, 84
1652702514.994358, sdrt-health/mac:02010b41cdec/antenna/tag/e28068940000500386620d4f, 83
1652702514.994491, sdrt-health/mac:02010b41cdec/antenna/tag/e2806894000040038662114f, 85
1652702515.031443, sdrt-health/mac:02010b41cdec/antenna/tag/e28068940000500386620d4f, 90
1652702515.071075, sdrt-health/mac:02010b41cdec/antenna/tag/e28068940000500386620d4f, 83
1652702515.121995, sdrt-health/mac:02010b41cdec/antenna/tag/e2806894000040038662114f, 91
1652702515.152501, sdrt-health/mac:02010b41cdec/antenna/tag/e28068940000500386620d4f, 83
1652702515.152715, sdrt-health/mac:02010b41cdec/antenna/tag/e2806894000050038662154f, 85
1652702515.167515, sdrt-health/mac:02010b41cdec/antenna/tag/e2806894000050038661fd4f, 97
1652702515.20223, sdrt-health/mac:02010b41cdec/antenna/tag/e28068940000500386620d4f, 83
1652702515.243468, sdrt-health/mac:02010b41cdec/antenna/tag/e2806894000040038662114f, 85
1652702515.281818, sdrt-health/mac:02010b41cdec/antenna/tag/e2806894000050038661fd4f, 91
1652702515.324154, sdrt-health/mac:02010b41cdec/antenna/tag/e2806894000040038662114f, 88
1652702515.379215, sdrt-health/mac:02010b41cdec/antenna/tag/e2806894000050038662154f, 91
1652702515.379725, sdrt-health/mac:02010b41cdec/antenna/tag/e2806894000050038661fd4f, 83
1652702515.395574, sdrt-health/mac:02010b41cdec/antenna/tag/e2806894000050038662154f, 91
1652702515.416104, sdrt-health/mac:02010b41cdec/antenna/tag/e28068940000400386621d4f, 96
1652702515.461894, sdrt-health/mac:02010b41cdec/antenna/tag/e28068940000400386621d4f, 90
1652702515.513609, sdrt-health/mac:02010b41cdec/antenna/tag/e28068940000400386621d4f, 96
1652702515.553692, sdrt-health/mac:02010b41cdec/antenna/tag/e28068940000500386620d4f, 83
1652702515.603999, sdrt-health/mac:02010b41cdec/antenna/tag/e28068940000500386620d4f, 83
1652702515.641496, sdrt-health/mac:02010b41cdec/antenna/tag/e2806894000050038662154f, 85
1652702515.698751, sdrt-health/mac:02010b41cdec/antenna/tag/e2806894000040038662114f, 88
1652702515.699248, sdrt-health/mac:02010b41cdec/antenna/tag/e28068940000500386620d4f, 83
1652702515.737892, sdrt-health/mac:02010b41cdec/antenna/tag/e2806894000040038662114f, 85
1652702515.781975, sdrt-health/mac:02010b41cdec/antenna/tag/e2806894000050038662154f, 88
1652702515.832411, sdrt-health/mac:02010b41cdec/antenna/tag/e2806894000050038662154f, 85
1652702515.872664, sdrt-health/mac:02010b41cdec/antenna/tag/e2806894000050038662154f, 88
1652702515.905989, sdrt-health/mac:02010b41cdec/antenna/tag/e2806894000050038661fd4f, 97
1652702515.90645, sdrt-health/mac:02010b41cdec/antenna/tag/e28068940000500386620d4f, 83
1652702515.932039, sdrt-health/mac:02010b41cdec/antenna/tag/e2806894000050038661fd4f, 97
1652702515.977559, sdrt-health/mac:02010b41cdec/antenna/tag/e2806894000050038662154f, 85
1652702516.024077, sdrt-health/mac:02010b41cdec/antenna/tag/e28068940000400386621d4f, 77
1652702516.072331, sdrt-health/mac:02010b41cdec/antenna/tag/e2806894000050038661fd4f, 91
1652702516.111547, sdrt-health/mac:02010b41cdec/antenna/tag/e2806894000050038661fd4f, 91
1652702516.162279, sdrt-health/mac:02010b41cdec/antenna/tag/e2806894000050038662194f, 81
1652702516.202069, sdrt-health/mac:02010b41cdec/antenna/tag/e2806894000050038662194f, 88
1652702516.279962, sdrt-health/mac:02010b41cdec/antenna/tag/e28068940000500386620d4f, 83
1652702516.280201, sdrt-health/mac:02010b41cdec/antenna/tag/e28068940000400386621d4f, 77
1652702516.311402, sdrt-health/mac:02010b41cdec/antenna/tag/e2806894000040038662114f, 85
1652702516.352162, sdrt-health/mac:02010b41cdec/antenna/tag/e2806894000040038662114f, 93
1652702516.401479, sdrt-health/mac:02010b41cdec/antenna/tag/e2806894000050038661fd4f, 91
1652702516.457478, sdrt-health/mac:02010b41cdec/antenna/tag/e2806894000040038662114f, 93
1652702516.457685, sdrt-health/mac:02010b41cdec/antenna/tag/e2806894000050038661fd4f, 97
1652702516.473748, sdrt-health/mac:02010b41cdec/antenna/tag/e28068940000400386621d4f, 90
1652702516.48223, sdrt-health/mac:02010b41cdec/antenna/tag/e28068940000400386621d4f, 90
1652702516.521408, sdrt-health/mac:02010b41cdec/antenna/tag/e2806894000040038662114f, 88
1652702516.578, sdrt-health/mac:02010b41cdec/antenna/tag/e2806894000050038662154f, 85
1652702516.578189, sdrt-health/mac:02010b41cdec/antenna/tag/e2806894000050038662154f, 93
1652702516.601785, sdrt-health/mac:02010b41cdec/antenna/tag/e2806894000050038661fd4f, 97
1652702516.652313, sdrt-health/mac:02010b41cdec/antenna/tag/e2806894000050038661fd4f, 83
1652702516.698669, sdrt-health/mac:02010b41cdec/antenna/tag/e28068940000500386620d4f, 83
1652702516.756845, sdrt-health/mac:02010b41cdec/antenna/tag/e28068940000500386620d4f, 83
1652702516.757466, sdrt-health/mac:02010b41cdec/antenna/tag/e2806894000050038661fd4f, 83
1652702516.791005, sdrt-health/mac:02010b41cdec/antenna/tag/e28068940000500386620d4f, 83
1652702516.848947, sdrt-health/mac:02010b41cdec/antenna/tag/e2806894000050038662154f, 88
1652702516.849173, sdrt-health/mac:02010b41cdec/antenna/tag/e2806894000040038662114f, 88
1652702516.865054, sdrt-health/mac:02010b41cdec/antenna/tag/e2806894000050038661fd4f, 83
1652702516.865385, sdrt-health/mac:02010b41cdec/antenna/tag/e2806894000040038662114f, 91
1652702516.882118, sdrt-health/mac:02010b41cdec/antenna/tag/e2806894000050038662154f, 88
1652702516.946666, sdrt-health/mac:02010b41cdec/antenna/tag/e28068940000500386620d4f, 90
1652702516.978829, sdrt-health/mac:02010b41cdec/antenna/tag/e28068940000400386621d4f, 96
1652702516.979231, sdrt-health/mac:02010b41cdec/antenna/tag/e2806894000050038661fd4f, 97
1652702516.979554, sdrt-health/mac:02010b41cdec/antenna/tag/e28068940000400386621d4f, 77
1652702516.994227, sdrt-health/mac:02010b41cdec/antenna/tag/e2806894000050038661fd4f, 83
1652702516.99456, sdrt-health/mac:02010b41cdec/antenna/tag/e28068940000500386620d4f, 90
1652702517.041417, sdrt-health/mac:02010b41cdec/antenna/tag/e28068940000400386621d4f, 96
1652702517.096231, sdrt-health/mac:02010b41cdec/antenna/tag/e2806894000040038662114f, 85
1652702517.142951, sdrt-health/mac:02010b41cdec/antenna/tag/e28068940000500386620d4f, 83
1652702517.207185, sdrt-health/mac:02010b41cdec/antenna/tag/e2806894000050038661fd4f, 91
1652702517.20777, sdrt-health/mac:02010b41cdec/antenna/tag/e2806894000040038662114f, 85
1652702517.222554, sdrt-health/mac:02010b41cdec/antenna/tag/e28068940000500386620d4f, 83
1652702517.232793, sdrt-health/mac:02010b41cdec/antenna/tag/e2806894000050038661fd4f, 91
1652702517.237396, sdrt-health/mac:02010b41cdec/antenna/tag/e2806894000050038661fd4f, 91
1652702517.281337, sdrt-health/mac:02010b41cdec/antenna/tag/e2806894000040038662054f, 84
1652702517.350231, sdrt-health/mac:02010b41cdec/antenna/tag/e28068940000500386620d4f, 83
1652702517.350541, sdrt-health/mac:02010b41cdec/antenna/tag/e2806894000050038661fd4f, 91
1652702517.350835, sdrt-health/mac:02010b41cdec/antenna/tag/e2806894000040038662114f, 93
1652702517.351166, sdrt-health/mac:02010b41cdec/antenna/tag/e2806894000050038662154f, 85
1652702517.382063, sdrt-health/mac:02010b41cdec/antenna/tag/e28068940000400386621d4f, 96
1652702517.449254, sdrt-health/mac:02010b41cdec/antenna/tag/e28068940000400386621d4f, 77
1652702517.449807, sdrt-health/mac:02010b41cdec/antenna/tag/e28068940000400386621d4f, 77
1652702517.471833, sdrt-health/mac:02010b41cdec/antenna/tag/e2806894000050038661fd4f, 97
1652702517.54201, sdrt-health/mac:02010b41cdec/antenna/tag/e28068940000400386621d4f, 96
1652702517.592715, sdrt-health/mac:02010b41cdec/antenna/tag/e28068940000400386621d4f, 96
1652702517.670745, sdrt-health/mac:02010b41cdec/antenna/tag/e2806894000050038661fd4f, 88
1652702517.671247, sdrt-health/mac:02010b41cdec/antenna/tag/e28068940000500386620d4f, 83
1652702517.686768, sdrt-health/mac:02010b41cdec/antenna/tag/e2806894000050038661fd4f, 91
1652702517.68723, sdrt-health/mac:02010b41cdec/antenna/tag/e2806894000040038662114f, 85
1652702517.702698, sdrt-health/mac:02010b41cdec/antenna/tag/e2806894000050038661fd4f, 97
1652702517.75164, sdrt-health/mac:02010b41cdec/antenna/tag/e28068940000400386621d4f, 96
1652702517.802062, sdrt-health/mac:02010b41cdec/antenna/tag/e2806894000050038661fd4f, 97
1652702517.86124, sdrt-health/mac:02010b41cdec/antenna/tag/e2806894000050038661fd4f, 91
1652702517.911397, sdrt-health/mac:02010b41cdec/antenna/tag/e28068940000400386621d4f, 96
1652702517.95237, sdrt-health/mac:02010b41cdec/antenna/tag/e28068940000400386621d4f, 96
1652702518.017778, sdrt-health/mac:02010b41cdec/antenna/tag/e2806894000050038661fd4f, 97
1652702518.018317, sdrt-health/mac:02010b41cdec/antenna/tag/e28068940000400386621d4f, 90
1652702518.033033, sdrt-health/mac:02010b41cdec/antenna/tag/e2806894000050038661fd4f, 91
1652702518.042192, sdrt-health/mac:02010b41cdec/antenna/tag/e28068940000500386620d4f, 83
1652702518.082015, sdrt-health/mac:02010b41cdec/antenna/tag/e2806894000040038662214f, 94
1652702518.136844, sdrt-health/mac:02010b41cdec/antenna/tag/e28068940000500386620d4f, 83
1652702518.137356, sdrt-health/mac:02010b41cdec/antenna/tag/e2806894000050038661fd4f, 88
1652702518.180789, sdrt-health/mac:02010b41cdec/antenna/tag/e28068940000500386620d4f, 83
1652702518.232091, sdrt-health/mac:02010b41cdec/antenna/tag/e2806894000040038662114f, 85
1652702518.260194, sdrt-health/mac:02010b41cdec/antenna/tag/e2806894000050038661fd4f, 88
1652702518.260405, sdrt-health/mac:02010b41cdec/antenna/tag/e2806894000040038662114f, 85
1652702518.317964, sdrt-health/mac:02010b41cdec/antenna/tag/e28068940000500386620d4f, 83
1652702518.399738, sdrt-health/mac:02010b41cdec/antenna/tag/e2806894000050038661fd4f, 88
1652702518.400235, sdrt-health/mac:02010b41cdec/antenna/tag/e28068940000400386621d4f, 77
1652702518.414557, sdrt-health/mac:02010b41cdec/antenna/tag/e2806894000040038662114f, 85
1652702518.415178, sdrt-health/mac:02010b41cdec/antenna/tag/e2806894000040038662114f, 85
1652702518.422448, sdrt-health/mac:02010b41cdec/antenna/tag/e28068940000500386620d4f, 83
1652702518.430348, sdrt-health/mac:02010b41cdec/antenna/tag/e28068940000500386620d4f, 90
1652702518.4716, sdrt-health/mac:02010b41cdec/antenna/tag/e2806894000040038662114f, 85
1652702518.511757, sdrt-health/mac:02010b41cdec/antenna/tag/e28068940000500386620d4f, 83
1652702518.578168, sdrt-health/mac:02010b41cdec/antenna/tag/e28068940000400386621d4f, 96
1652702518.578718, sdrt-health/mac:02010b41cdec/antenna/tag/e28068940000400386621d4f, 77
1652702518.601803, sdrt-health/mac:02010b41cdec/antenna/tag/e2806894000040038662214f, 81
1652702518.641755, sdrt-health/mac:02010b41cdec/antenna/tag/e2806894000040038661f94f, 84
1652702518.712081, sdrt-health/mac:02010b41cdec/antenna/tag/e28068940000400386621d4f, 77
1652702518.751874, sdrt-health/mac:02010b41cdec/antenna/tag/e2806894000050038661fd4f, 91
1652702518.818536, sdrt-health/mac:02010b41cdec/antenna/tag/e2806894000040038662114f, 83
1652702518.819013, sdrt-health/mac:02010b41cdec/antenna/tag/e2806894000050038661fd4f, 88
1652702518.842442, sdrt-health/mac:02010b41cdec/antenna/tag/e28068940000400386621d4f, 77
1652702518.883276, sdrt-health/mac:02010b41cdec/antenna/tag/e28068940000500386620d4f, 83
1652702518.941467, sdrt-health/mac:02010b41cdec/antenna/tag/e2806894000050038661fd4f, 97
1652702518.942019, sdrt-health/mac:02010b41cdec/antenna/tag/e28068940000400386621d4f, 77
1652702518.958013, sdrt-health/mac:02010b41cdec/antenna/tag/e2806894000050038661fd4f, 83
1652702518.958773, sdrt-health/mac:02010b41cdec/antenna/tag/e28068940000500386620d4f, 80
1652702518.962778, sdrt-health/mac:02010b41cdec/antenna/tag/e28068940000500386620d4f, 83
1652702519.001662, sdrt-health/mac:02010b41cdec/antenna/tag/e2806894000050038661fd4f, 83
1652702519.042127, sdrt-health/mac:02010b41cdec/antenna/tag/e28068940000500386620d4f, 83
1652702519.073574, sdrt-health/mac:02010b41cdec/antenna/tag/e28068940000400386621d4f, 77
1652702519.07402, sdrt-health/mac:02010b41cdec/antenna/tag/e28068940000400386621d4f, 77
1652702519.089128, sdrt-health/mac:02010b41cdec/antenna/tag/e2806894000050038661fd4f, 97
1652702519.122896, sdrt-health/mac:02010b41cdec/antenna/tag/e28068940000400386621d4f, 96
1652702519.159554, sdrt-health/mac:02010b41cdec/antenna/tag/e28068940000500386620d4f, 83
1652702519.159935, sdrt-health/mac:02010b41cdec/antenna/tag/e2806894000050038661fd4f, 88
1652702519.175437, sdrt-health/mac:02010b41cdec/antenna/tag/e2806894000050038661fd4f, 85
1652702519.212818, sdrt-health/mac:02010b41cdec/antenna/tag/e28068940000500386620d4f, 80
1652702519.273098, sdrt-health/mac:02010b41cdec/antenna/tag/e28068940000400386621d4f, 77
1652702519.273591, sdrt-health/mac:02010b41cdec/antenna/tag/e28068940000400386621d4f, 96
1652702519.288762, sdrt-health/mac:02010b41cdec/antenna/tag/e28068940000500386620d4f, 83
1652702519.303524, sdrt-health/mac:02010b41cdec/antenna/tag/e28068940000500386620d4f, 90
1652702519.362874, sdrt-health/mac:02010b41cdec/antenna/tag/e2806894000050038661fd4f, 91
1652702519.401701, sdrt-health/mac:02010b41cdec/antenna/tag/e2806894000050038661fd4f, 88
1652702519.45677, sdrt-health/mac:02010b41cdec/antenna/tag/e28068940000400386621d4f, 96
1652702519.457415, sdrt-health/mac:02010b41cdec/antenna/tag/e2806894000050038661fd4f, 88
1652702519.457814, sdrt-health/mac:02010b41cdec/antenna/tag/e28068940000400386621d4f, 96
1652702519.474092, sdrt-health/mac:02010b41cdec/antenna/tag/e2806894000040038662114f, 87
1652702519.47453, sdrt-health/mac:02010b41cdec/antenna/tag/e28068940000500386620d4f, 83
1652702519.481941, sdrt-health/mac:02010b41cdec/antenna/tag/e2806894000040038662114f, 83
1652702519.52248, sdrt-health/mac:02010b41cdec/antenna/tag/e2806894000040038662114f, 83
1652702519.762237, sdrt-health/mac:02010b41cdec/antenna/tag/e28068940000400386621d4f, 96
1652702519.762783, sdrt-health/mac:02010b41cdec/antenna/tag/scan, scan stopped
