1652702442.972812, sdrt-health/mac:02010b41cdec/antenna/power/set, {"power": 300}
1652702444.056381, sdrt-health/mac:02010b41cdec/antenna/power/set, 
1652702447.996714, sdrt-health/mac:02010b41cdec/antenna/tag/scan, {"time": 20000}
1652702448.343147, sdrt-health/mac:02010b41cdec/antenna/tag/e2806894000040038662114f, 88
1652702448.401099, sdrt-health/mac:02010b41cdec/antenna/tag/e2806894000050038661fd4f, 91
1652702448.44391, sdrt-health/mac:02010b41cdec/antenna/tag/e2806894000050038662154f, 85
1652702448.500205, sdrt-health/mac:02010b41cdec/antenna/tag/e28068940000500386620d4f, 83
1652702448.50066, sdrt-health/mac:02010b41cdec/antenna/tag/e28068940000400386621d4f, 77
1652702448.51623, sdrt-health/mac:02010b41cdec/antenna/tag/e2806894000050038662154f, 88
1652702448.51669, sdrt-health/mac:02010b41cdec/antenna/tag/e28068940000500386620d4f, 83
1652702448.539779, sdrt-health/mac:02010b41cdec/antenna/tag/e28068940000500386620d4f, 83
1652702448.593096, sdrt-health/mac:02010b41cdec/antenna/tag/e2806894000050038661fd4f, 83
1652702448.662592, sdrt-health/mac:02010b41cdec/antenna/tag/e28068940000400386621d4f, 96
1652702448.713495, sdrt-health/mac:02010b41cdec/antenna/tag/e2806894000040038662114f, 85
1652702448.754637, sdrt-health/mac:02010b41cdec/antenna/tag/e2806894000050038662154f, 88
1652702448.786678, sdrt-health/mac:02010b41cdec/antenna/tag/e2806894000050038661fd4f, 97
1652702448.787194, sdrt-health/mac:02010b41cdec/antenna/tag/e28068940000500386620d4f, 83
1652702448.803493, sdrt-health/mac:02010b41cdec/antenna/tag/e2806894000040038661f94f, 88
1652702448.843204, sdrt-health/mac:02010b41cdec/antenna/tag/e2806894000050038662154f, 91
1652702448.922723, sdrt-health/mac:02010b41cdec/antenna/tag/e2806894000040038662114f, 85
1652702448.96316, sdrt-health/mac:02010b41cdec/antenna/tag/e2806894000040038662214f, 94
1652702449.003988, sdrt-health/mac:02010b41cdec/antenna/tag/e2806894000040038662214f, 88
1652702449.043307, sdrt-health/mac:02010b41cdec/antenna/tag/e28068940000400386621d4f, 96
1652702449.100333, sdrt-health/mac:02010b41cdec/antenna/tag/e2806894000040038662114f, 87
1652702449.158918, sdrt-health/mac:02010b41cdec/antenna/tag/e28068940000500386620d4f, 83
1652702449.159382, sdrt-health/mac:02010b41cdec/antenna/tag/e2806894000050038661fd4f, 97
1652702449.211366, sdrt-health/mac:02010b41cdec/antenna/tag/e2806894000050038661fd4f, 83
1652702449.272791, sdrt-health/mac:02010b41cdec/antenna/tag/e28068940000400386621d4f, 96
1652702449.272978, sdrt-health/mac:02010b41cdec/antenna/tag/e2806894000050038661fd4f, 83
1652702449.288921, sdrt-health/mac:02010b41cdec/antenna/tag/e2806894000050038662154f, 85
1652702449.303449, sdrt-health/mac:02010b41cdec/antenna/tag/e2806894000050038662194f, 83
1652702449.353981, sdrt-health/mac:02010b41cdec/antenna/tag/e2806894000050038662154f, 85
1652702449.409228, sdrt-health/mac:02010b41cdec/antenna/tag/e2806894000050038661fd4f, 83
1652702449.409689, sdrt-health/mac:02010b41cdec/antenna/tag/e28068940000500386620d4f, 90
1652702449.425196, sdrt-health/mac:02010b41cdec/antenna/tag/e2806894000050038662154f, 88
1652702449.459077, sdrt-health/mac:02010b41cdec/antenna/tag/e2806894000050038662154f, 88
1652702449.459543, sdrt-health/mac:02010b41cdec/antenna/tag/e2806894000050038662154f, 85
1652702449.482275, sdrt-health/mac:02010b41cdec/antenna/tag/e2806894000050038661fd4f, 91
1652702449.541133, sdrt-health/mac:02010b41cdec/antenna/tag/e28068940000500386620d4f, 90
1652702449.541574, sdrt-health/mac:02010b41cdec/antenna/tag/e2806894000040038662214f, 81
1652702449.556338, sdrt-health/mac:02010b41cdec/antenna/tag/e2806894000040038662114f, 85
1652702449.562333, sdrt-health/mac:02010b41cdec/antenna/tag/e28068940000400386621d4f, 77
1652702449.573159, sdrt-health/mac:02010b41cdec/antenna/tag/e2806894000050038662154f, 88
1652702449.604806, sdrt-health/mac:02010b41cdec/antenna/tag/e2806894000040038662114f, 85
1652702449.642853, sdrt-health/mac:02010b41cdec/antenna/tag/e2806894000050038661fd4f, 83
1652702449.720424, sdrt-health/mac:02010b41cdec/antenna/tag/e2806894000050038662154f, 88
1652702449.720886, sdrt-health/mac:02010b41cdec/antenna/tag/e28068940000500386620d4f, 83
1652702449.721266, sdrt-health/mac:02010b41cdec/antenna/tag/e28068940000500386620d4f, 83
1652702449.753408, sdrt-health/mac:02010b41cdec/antenna/tag/e28068940000500386620d4f, 83
1652702449.792706, sdrt-health/mac:02010b41cdec/antenna/tag/e2806894000050038661fd4f, 97
1652702449.833604, sdrt-health/mac:02010b41cdec/antenna/tag/e2806894000050038661fd4f, 91
1652702449.889717, sdrt-health/mac:02010b41cdec/antenna/tag/e28068940000400386621d4f, 77
1652702449.890576, sdrt-health/mac:02010b41cdec/antenna/tag/e2806894000050038661fd4f, 97
1652702449.905455, sdrt-health/mac:02010b41cdec/antenna/tag/e2806894000040038661f94f, 84
1652702449.952504, sdrt-health/mac:02010b41cdec/antenna/tag/e2806894000050038662154f, 88
1652702450.005205, sdrt-health/mac:02010b41cdec/antenna/tag/e28068940000400386621d4f, 77
1652702450.04134, sdrt-health/mac:02010b41cdec/antenna/tag/e28068940000500386620d4f, 83
1652702450.0418, sdrt-health/mac:02010b41cdec/antenna/tag/e28068940000500386620d4f, 83
1652702450.05947, sdrt-health/mac:02010b41cdec/antenna/tag/e2806894000050038662154f, 88
1652702450.059822, sdrt-health/mac:02010b41cdec/antenna/tag/e2806894000040038662114f, 93
1652702450.083867, sdrt-health/mac:02010b41cdec/antenna/tag/e28068940000500386620d4f, 90
1652702450.123201, sdrt-health/mac:02010b41cdec/antenna/tag/e2806894000040038662114f, 85
1652702450.16307, sdrt-health/mac:02010b41cdec/antenna/tag/e28068940000500386620d4f, 83
1652702450.233437, sdrt-health/mac:02010b41cdec/antenna/tag/e2806894000050038661fd4f, 83
1652702450.233986, sdrt-health/mac:02010b41cdec/antenna/tag/e2806894000050038661fd4f, 97
1652702450.264192, sdrt-health/mac:02010b41cdec/antenna/tag/e2806894000050038662154f, 88
1652702450.299183, sdrt-health/mac:02010b41cdec/antenna/tag/e2806894000040038662114f, 85
1652702450.299643, sdrt-health/mac:02010b41cdec/antenna/tag/e2806894000050038661fd4f, 83
1652702450.299981, sdrt-health/mac:02010b41cdec/antenna/tag/e28068940000400386621d4f, 96
1652702450.316378, sdrt-health/mac:02010b41cdec/antenna/tag/e2806894000050038662154f, 91
1652702450.36346, sdrt-health/mac:02010b41cdec/antenna/tag/e2806894000040038662114f, 85
1652702450.403345, sdrt-health/mac:02010b41cdec/antenna/tag/e28068940000400386621d4f, 96
1652702450.460641, sdrt-health/mac:02010b41cdec/antenna/tag/e2806894000040038662114f, 88
1652702450.521405, sdrt-health/mac:02010b41cdec/antenna/tag/e2806894000050038661fd4f, 83
1652702450.570882, sdrt-health/mac:02010b41cdec/antenna/tag/e2806894000050038662154f, 88
1652702450.617004, sdrt-health/mac:02010b41cdec/antenna/tag/e28068940000400386621d4f, 96
1652702450.663237, sdrt-health/mac:02010b41cdec/antenna/tag/e28068940000400386621d4f, 96
1652702450.723374, sdrt-health/mac:02010b41cdec/antenna/tag/e2806894000040038662114f, 85
1652702450.723929, sdrt-health/mac:02010b41cdec/antenna/state, connected
1652702450.740474, sdrt-health/mac:02010b41cdec/fw, {"version":"1.8.1","model":"200","hash":"2f556501b58f1dad542af428d7928d18","timestamp":1652702447}
1652702450.762874, sdrt-health/mac:02010b41cdec/antenna/tag/e28068940000400386621d4f, 77
1652702450.828685, sdrt-health/mac:02010b41cdec/antenna/tag/e2806894000050038662154f, 85
1652702450.829252, sdrt-health/mac:02010b41cdec/antenna/tag/e2806894000040038661f94f, 88
1652702450.866306, sdrt-health/mac:02010b41cdec/antenna/tag/e28068940000500386620d4f, 83
1652702450.90327, sdrt-health/mac:02010b41cdec/antenna/tag/e28068940000500386620d4f, 90
1652702450.903754, sdrt-health/mac:02010b41cdec/antenna/version, h@aO
1652702451.002165, sdrt-health/mac:02010b41cdec/antenna/tag/e28068940000500386620d4f, 83
1652702451.043498, sdrt-health/mac:02010b41cdec/antenna/tag/e2806894000040038662114f, 85
1652702451.123568, sdrt-health/mac:02010b41cdec/antenna/tag/e28068940000400386621d4f, 96
1652702451.124133, sdrt-health/mac:02010b41cdec/antenna/tag/e2806894000040038662114f, 93
1652702451.139603, sdrt-health/mac:02010b41cdec/antenna/tag/e2806894000050038661fd4f, 97
1652702451.195208, sdrt-health/mac:02010b41cdec/antenna/tag/e2806894000050038661fd4f, 97
1652702451.228116, sdrt-health/mac:02010b41cdec/antenna/tag/e28068940000500386620d4f, 83
1652702451.22968, sdrt-health/mac:02010b41cdec/antenna/tag/e28068940000400386621d4f, 96
1652702451.230109, sdrt-health/mac:02010b41cdec/antenna/tag/e2806894000050038661fd4f, 97
1652702451.230436, sdrt-health/mac:02010b41cdec/antenna/tag/e28068940000500386620d4f, 83
1652702451.243135, sdrt-health/mac:02010b41cdec/antenna/tag/e2806894000050038662154f, 88
1652702451.243622, sdrt-health/mac:02010b41cdec/antenna/tag/e2806894000050038661fd4f, 83
1652702451.293474, sdrt-health/mac:02010b41cdec/antenna/tag/e2806894000040038662114f, 91
1652702451.35426, sdrt-health/mac:02010b41cdec/antenna/tag/e28068940000500386620d4f, 83
1652702451.354758, sdrt-health/mac:02010b41cdec/antenna/tag/e2806894000050038661fd4f, 83
1652702451.383404, sdrt-health/mac:02010b41cdec/antenna/tag/e2806894000050038661fd4f, 91
1652702451.433583, sdrt-health/mac:02010b41cdec/antenna/tag/e2806894000050038661fd4f, 97
1652702451.467786, sdrt-health/mac:02010b41cdec/antenna/tag/e2806894000050038662194f, 88
1652702451.46828, sdrt-health/mac:02010b41cdec/antenna/tag/e2806894000040038662114f, 85
1652702451.515462, sdrt-health/mac:02010b41cdec/antenna/tag/e28068940000400386621d4f, 77
1652702451.594616, sdrt-health/mac:02010b41cdec/antenna/tag/e2806894000050038662154f, 85
1652702451.595075, sdrt-health/mac:02010b41cdec/antenna/tag/e2806894000050038662154f, 85
1652702451.612267, sdrt-health/mac:02010b41cdec/antenna/tag/e2806894000040038662114f, 88
1652702451.644989, sdrt-health/mac:02010b41cdec/antenna/tag/e2806894000040038662114f, 88
1652702451.645464, sdrt-health/mac:02010b41cdec/antenna/tag/e2806894000050038662154f, 88
1652702451.645837, sdrt-health/mac:02010b41cdec/antenna/tag/e28068940000400386621d4f, 77
1652702451.673366, sdrt-health/mac:02010b41cdec/antenna/tag/e2806894000050038662154f, 88
1652702451.730515, sdrt-health/mac:02010b41cdec/antenna/tag/e28068940000400386621d4f, 96
1652702451.731077, sdrt-health/mac:02010b41cdec/antenna/tag/e2806894000050038661fd4f, 91
1652702451.74616, sdrt-health/mac:02010b41cdec/antenna/tag/e2806894000040038662114f, 85
1652702451.746631, sdrt-health/mac:02010b41cdec/antenna/tag/e28068940000500386620d4f, 83
1652702451.762864, sdrt-health/mac:02010b41cdec/antenna/tag/e2806894000050038662154f, 85
1652702451.805681, sdrt-health/mac:02010b41cdec/antenna/tag/e2806894000050038662194f, 84
1652702451.845277, sdrt-health/mac:02010b41cdec/antenna/tag/e2806894000050038662194f, 110
1652702451.912609, sdrt-health/mac:02010b41cdec/antenna/tag/e2806894000050038661fd4f, 97
1652702451.954198, sdrt-health/mac:02010b41cdec/antenna/tag/e2806894000040038662114f, 93
1652702451.990436, sdrt-health/mac:02010b41cdec/antenna/tag/e2806894000050038662154f, 85
1652702451.990925, sdrt-health/mac:02010b41cdec/antenna/tag/e28068940000500386620d4f, 90
1652702451.991358, sdrt-health/mac:02010b41cdec/antenna/tag/e28068940000500386620d4f, 90
1652702452.008252, sdrt-health/mac:02010b41cdec/antenna/tag/e2806894000050038661fd4f, 83
1652702452.043228, sdrt-health/mac:02010b41cdec/antenna/tag/e2806894000040038661f94f, 88
1652702452.102423, sdrt-health/mac:02010b41cdec/antenna/tag/e2806894000040038662214f, 84
1652702452.163368, sdrt-health/mac:02010b41cdec/antenna/tag/e28068940000500386620d4f, 90
1652702452.219518, sdrt-health/mac:02010b41cdec/antenna/tag/e28068940000400386621d4f, 77
1652702452.278788, sdrt-health/mac:02010b41cdec/antenna/tag/e2806894000050038662194f, 94
1652702452.279296, sdrt-health/mac:02010b41cdec/antenna/tag/e2806894000040038661f94f, 81
1652702452.313493, sdrt-health/mac:02010b41cdec/antenna/tag/e2806894000050038662154f, 93
1652702452.361926, sdrt-health/mac:02010b41cdec/antenna/tag/e28068940000400386621d4f, 77
1652702452.394464, sdrt-health/mac:02010b41cdec/antenna/tag/e2806894000050038662154f, 85
1652702452.394916, sdrt-health/mac:02010b41cdec/antenna/tag/e2806894000040038662114f, 85
1652702452.395297, sdrt-health/mac:02010b41cdec/antenna/tag/e2806894000050038661fd4f, 91
1652702452.414248, sdrt-health/mac:02010b41cdec/antenna/tag/e2806894000040038662114f, 85
1652702452.459866, sdrt-health/mac:02010b41cdec/antenna/tag/e2806894000050038662194f, 81
1652702452.495145, sdrt-health/mac:02010b41cdec/antenna/tag/e28068940000500386620d4f, 83
1652702452.495597, sdrt-health/mac:02010b41cdec/antenna/tag/e28068940000500386620d4f, 90
1652702452.513101, sdrt-health/mac:02010b41cdec/antenna/tag/e2806894000040038662114f, 88
1652702452.513625, sdrt-health/mac:02010b41cdec/antenna/tag/e2806894000050038662194f, 81
1652702452.571899, sdrt-health/mac:02010b41cdec/antenna/tag/e28068940000500386620d4f, 90
1652702452.616655, sdrt-health/mac:02010b41cdec/antenna/tag/e2806894000050038662154f, 85
1652702452.65416, sdrt-health/mac:02010b41cdec/antenna/tag/e2806894000050038661fd4f, 91
1652702452.720553, sdrt-health/mac:02010b41cdec/antenna/tag/e28068940000400386621d4f, 96
1652702452.780178, sdrt-health/mac:02010b41cdec/antenna/tag/e28068940000500386620d4f, 83
1652702452.780748, sdrt-health/mac:02010b41cdec/antenna/tag/e2806894000050038661fd4f, 83
1652702452.795504, sdrt-health/mac:02010b41cdec/antenna/tag/e2806894000050038662154f, 85
1652702452.812498, sdrt-health/mac:02010b41cdec/antenna/tag/e28068940000500386620d4f, 83
1652702452.870837, sdrt-health/mac:02010b41cdec/antenna/tag/e2806894000050038661fd4f, 83
1652702452.908806, sdrt-health/mac:02010b41cdec/antenna/tag/e2806894000050038662194f, 83
1652702452.909025, sdrt-health/mac:02010b41cdec/antenna/tag/e28068940000400386621d4f, 96
1652702452.924184, sdrt-health/mac:02010b41cdec/antenna/tag/e28068940000500386620d4f, 90
1652702452.924535, sdrt-health/mac:02010b41cdec/antenna/tag/e2806894000050038662194f, 81
1652702452.963782, sdrt-health/mac:02010b41cdec/antenna/tag/e2806894000050038662154f, 87
1652702452.998159, sdrt-health/mac:02010b41cdec/antenna/tag/e2806894000040038662114f, 88
1652702452.998635, sdrt-health/mac:02010b41cdec/antenna/tag/e28068940000400386621d4f, 77
1652702453.016118, sdrt-health/mac:02010b41cdec/antenna/tag/e2806894000050038662154f, 85
1652702453.016672, sdrt-health/mac:02010b41cdec/antenna/tag/e2806894000040038662114f, 85
1652702453.042397, sdrt-health/mac:02010b41cdec/antenna/tag/e2806894000050038661fd4f, 91
1652702453.084617, sdrt-health/mac:02010b41cdec/antenna/tag/e2806894000050038662154f, 88
1652702453.14796, sdrt-health/mac:02010b41cdec/antenna/tag/e2806894000040038662114f, 85
1652702453.148503, sdrt-health/mac:02010b41cdec/antenna/tag/e2806894000050038661fd4f, 83
1652702453.193091, sdrt-health/mac:02010b41cdec/antenna/tag/e2806894000050038661fd4f, 83
1652702453.265581, sdrt-health/mac:02010b41cdec/antenna/tag/e2806894000040038662114f, 85
1652702453.2661, sdrt-health/mac:02010b41cdec/antenna/tag/e2806894000040038662114f, 88
1652702453.283098, sdrt-health/mac:02010b41cdec/antenna/tag/e28068940000500386620d4f, 90
1652702453.283728, sdrt-health/mac:02010b41cdec/antenna/tag/e2806894000050038661fd4f, 83
1652702453.284154, sdrt-health/mac:02010b41cdec/antenna/tag/e2806894000050038661fd4f, 83
1652702453.300158, sdrt-health/mac:02010b41cdec/antenna/tag/e28068940000400386621d4f, 96
1652702453.300719, sdrt-health/mac:02010b41cdec/antenna/tag/e28068940000500386620d4f, 83
1652702453.323032, sdrt-health/mac:02010b41cdec/antenna/tag/e28068940000500386620d4f, 90
1652702453.363104, sdrt-health/mac:02010b41cdec/antenna/tag/e2806894000040038661f94f, 94
1652702453.420459, sdrt-health/mac:02010b41cdec/antenna/tag/e2806894000050038662194f, 94
1652702453.420961, sdrt-health/mac:02010b41cdec/antenna/tag/e2806894000050038661fd4f, 91
1652702453.421406, sdrt-health/mac:02010b41cdec/antenna/tag/e2806894000050038662154f, 85
1652702453.443058, sdrt-health/mac:02010b41cdec/antenna/tag/e2806894000050038661fd4f, 91
1652702453.482816, sdrt-health/mac:02010b41cdec/antenna/tag/e2806894000040038662114f, 85
1652702453.51478, sdrt-health/mac:02010b41cdec/antenna/tag/e28068940000400386621d4f, 96
1652702453.515319, sdrt-health/mac:02010b41cdec/antenna/tag/e2806894000050038662194f, 84
1652702453.531293, sdrt-health/mac:02010b41cdec/antenna/tag/e2806894000040038662114f, 88
1652702453.563252, sdrt-health/mac:02010b41cdec/antenna/tag/e2806894000050038661fd4f, 97
1652702453.620517, sdrt-health/mac:02010b41cdec/antenna/tag/e2806894000040038662114f, 93
1652702453.621962, sdrt-health/mac:02010b41cdec/antenna/tag/e2806894000050038662154f, 93
1652702453.637518, sdrt-health/mac:02010b41cdec/antenna/tag/e28068940000400386621d4f, 77
1652702453.646447, sdrt-health/mac:02010b41cdec/antenna/tag/e2806894000040038662114f, 85
1652702453.654035, sdrt-health/mac:02010b41cdec/antenna/tag/e28068940000500386620d4f, 83
1652702453.695348, sdrt-health/mac:02010b41cdec/antenna/tag/e28068940000400386621d4f, 77
1652702453.754016, sdrt-health/mac:02010b41cdec/antenna/tag/e2806894000050038662194f, 88
1652702453.754514, sdrt-health/mac:02010b41cdec/antenna/tag/e28068940000400386621d4f, 77
1652702453.783417, sdrt-health/mac:02010b41cdec/antenna/tag/e2806894000050038662154f, 85
1652702453.817044, sdrt-health/mac:02010b41cdec/antenna/tag/e2806894000050038661fd4f, 97
1652702453.817582, sdrt-health/mac:02010b41cdec/antenna/tag/e28068940000500386620d4f, 83
1652702453.834934, sdrt-health/mac:02010b41cdec/antenna/tag/e2806894000040038662114f, 87
1652702453.887914, sdrt-health/mac:02010b41cdec/antenna/tag/e2806894000050038661fd4f, 91
1652702453.888428, sdrt-health/mac:02010b41cdec/antenna/tag/e2806894000040038662114f, 85
1652702453.923952, sdrt-health/mac:02010b41cdec/antenna/tag/e2806894000040038661f94f, 88
1652702453.962094, sdrt-health/mac:02010b41cdec/antenna/tag/e2806894000050038662194f, 81
1652702454.004033, sdrt-health/mac:02010b41cdec/antenna/tag/e28068940000400386621d4f, 96
1652702454.061296, sdrt-health/mac:02010b41cdec/antenna/tag/e2806894000040038662114f, 85
1652702454.061809, sdrt-health/mac:02010b41cdec/antenna/tag/e2806894000050038662154f, 88
1652702454.077704, sdrt-health/mac:02010b41cdec/antenna/tag/e28068940000400386621d4f, 96
1652702454.07831, sdrt-health/mac:02010b41cdec/antenna/tag/e2806894000050038661fd4f, 86
1652702454.102345, sdrt-health/mac:02010b41cdec/antenna/tag/e2806894000050038662154f, 88
1652702454.160176, sdrt-health/mac:02010b41cdec/antenna/tag/e28068940000500386620d4f, 83
1652702454.160694, sdrt-health/mac:02010b41cdec/antenna/tag/e28068940000500386620d4f, 90
1652702454.195545, sdrt-health/mac:02010b41cdec/antenna/tag/e28068940000400386621d4f, 90
1652702454.257614, sdrt-health/mac:02010b41cdec/antenna/tag/e28068940000400386621d4f, 96
1652702454.258078, sdrt-health/mac:02010b41cdec/antenna/tag/e28068940000400386621d4f, 96
1652702454.286069, sdrt-health/mac:02010b41cdec/antenna/tag/e2806894000050038662154f, 88
1652702454.317958, sdrt-health/mac:02010b41cdec/antenna/tag/e2806894000050038662194f, 83
1652702454.318566, sdrt-health/mac:02010b41cdec/antenna/tag/e28068940000500386620d4f, 90
1652702454.3644, sdrt-health/mac:02010b41cdec/antenna/tag/e2806894000050038662154f, 88
1652702454.403321, sdrt-health/mac:02010b41cdec/antenna/tag/e2806894000040038662054f, 83
1652702454.443814, sdrt-health/mac:02010b41cdec/antenna/tag/e28068940000500386620d4f, 83
1652702454.513613, sdrt-health/mac:02010b41cdec/antenna/tag/e28068940000400386621d4f, 96
1652702454.514165, sdrt-health/mac:02010b41cdec/antenna/tag/e2806894000040038662114f, 88
1652702454.545948, sdrt-health/mac:02010b41cdec/antenna/tag/e2806894000040038662114f, 85
1652702454.582723, sdrt-health/mac:02010b41cdec/antenna/tag/e2806894000050038662194f, 82
1652702454.583219, sdrt-health/mac:02010b41cdec/antenna/tag/e28068940000400386621d4f, 77
1652702454.600885, sdrt-health/mac:02010b41cdec/antenna/tag/e28068940000500386620d4f, 90
1652702454.601387, sdrt-health/mac:02010b41cdec/antenna/tag/e2806894000050038661fd4f, 97
1652702454.601768, sdrt-health/mac:02010b41cdec/antenna/tag/e2806894000040038662114f, 85
1652702454.602162, sdrt-health/mac:02010b41cdec/antenna/tag/e28068940000400386621d4f, 77
1652702454.671008, sdrt-health/mac:02010b41cdec/antenna/tag/e2806894000050038661fd4f, 97
1652702454.722657, sdrt-health/mac:02010b41cdec/antenna/tag/e2806894000040038662114f, 85
1652702454.765532, sdrt-health/mac:02010b41cdec/antenna/tag/e28068940000400386621d4f, 77
1652702454.80453, sdrt-health/mac:02010b41cdec/antenna/tag/e2806894000050038662154f, 88
1652702454.844922, sdrt-health/mac:02010b41cdec/antenna/tag/e2806894000050038662194f, 81
1652702454.98098, sdrt-health/mac:02010b41cdec/antenna/tag/e2806894000040038662114f, 88
1652702454.98143, sdrt-health/mac:02010b41cdec/antenna/tag/e2806894000040038662114f, 93
1652702455.057307, sdrt-health/mac:02010b41cdec/antenna/tag/e2806894000050038661fd4f, 91
1652702455.089931, sdrt-health/mac:02010b41cdec/antenna/tag/e2806894000040038661f94f, 94
1652702455.090436, sdrt-health/mac:02010b41cdec/antenna/tag/e2806894000040038662114f, 85
1652702455.112272, sdrt-health/mac:02010b41cdec/antenna/tag/e2806894000050038661fd4f, 83
1652702455.175493, sdrt-health/mac:02010b41cdec/antenna/tag/e28068940000500386620d4f, 83
1652702455.175984, sdrt-health/mac:02010b41cdec/antenna/tag/e28068940000500386620d4f, 90
1652702455.203126, sdrt-health/mac:02010b41cdec/antenna/tag/e2806894000040038662114f, 85
1652702455.259435, sdrt-health/mac:02010b41cdec/antenna/tag/e28068940000500386620d4f, 83
1652702455.259995, sdrt-health/mac:02010b41cdec/antenna/tag/e28068940000400386621d4f, 96
1652702455.28312, sdrt-health/mac:02010b41cdec/antenna/tag/e28068940000400386621d4f, 96
1652702455.351971, sdrt-health/mac:02010b41cdec/antenna/tag/e2806894000050038661fd4f, 83
1652702455.395143, sdrt-health/mac:02010b41cdec/antenna/tag/e2806894000050038662154f, 88
1652702455.444563, sdrt-health/mac:02010b41cdec/antenna/tag/e28068940000500386620d4f, 83
1652702455.48402, sdrt-health/mac:02010b41cdec/antenna/tag/e2806894000040038662114f, 93
1652702455.529439, sdrt-health/mac:02010b41cdec/antenna/tag/e2806894000040038662214f, 81
1652702455.592273, sdrt-health/mac:02010b41cdec/antenna/tag/e28068940000500386620d4f, 83
1652702455.693815, sdrt-health/mac:02010b41cdec/antenna/tag/e2806894000040038662114f, 93
1652702455.694435, sdrt-health/mac:02010b41cdec/antenna/tag/e2806894000040038662114f, 88
1652702455.710411, sdrt-health/mac:02010b41cdec/antenna/tag/e2806894000050038662154f, 85
1652702455.711004, sdrt-health/mac:02010b41cdec/antenna/tag/e28068940000400386621d4f, 96
1652702455.741722, sdrt-health/mac:02010b41cdec/antenna/tag/e2806894000050038662154f, 88
1652702455.776179, sdrt-health/mac:02010b41cdec/antenna/tag/e28068940000400386621d4f, 96
1652702455.776677, sdrt-health/mac:02010b41cdec/antenna/tag/e2806894000050038661fd4f, 83
1652702455.7771, sdrt-health/mac:02010b41cdec/antenna/tag/e2806894000050038662154f, 85
1652702455.794258, sdrt-health/mac:02010b41cdec/antenna/tag/e2806894000040038662114f, 88
1652702455.818196, sdrt-health/mac:02010b41cdec/antenna/tag/e28068940000400386621d4f, 96
1652702455.872622, sdrt-health/mac:02010b41cdec/antenna/tag/e2806894000050038662154f, 85
1652702455.946068, sdrt-health/mac:02010b41cdec/antenna/tag/e2806894000050038662154f, 88
1652702455.946564, sdrt-health/mac:02010b41cdec/antenna/tag/e2806894000050038662194f, 94
1652702455.965542, sdrt-health/mac:02010b41cdec/antenna/tag/e2806894000040038661f94f, 82
1652702456.002235, sdrt-health/mac:02010b41cdec/antenna/tag/e2806894000040038662214f, 94
1652702456.059069, sdrt-health/mac:02010b41cdec/antenna/tag/e28068940000500386620d4f, 83
1652702456.05963, sdrt-health/mac:02010b41cdec/antenna/tag/e2806894000040038661f94f, 88
1652702456.081964, sdrt-health/mac:02010b41cdec/antenna/tag/e2806894000050038662154f, 85
1652702456.126413, sdrt-health/mac:02010b41cdec/antenna/tag/e28068940000500386620d4f, 83
1652702456.169271, sdrt-health/mac:02010b41cdec/antenna/tag/e2806894000050038661fd4f, 97
1652702456.216385, sdrt-health/mac:02010b41cdec/antenna/tag/e2806894000040038662114f, 85
1652702456.281491, sdrt-health/mac:02010b41cdec/antenna/tag/e28068940000500386620d4f, 83
1652702456.282018, sdrt-health/mac:02010b41cdec/antenna/tag/e28068940000400386621d4f, 96
1652702456.297683, sdrt-health/mac:02010b41cdec/antenna/tag/e2806894000040038662114f, 83
1652702456.322629, sdrt-health/mac:02010b41cdec/antenna/tag/e28068940000500386620d4f, 83
1652702456.357301, sdrt-health/mac:02010b41cdec/antenna/tag/e2806894000050038661fd4f, 97
1652702456.357773, sdrt-health/mac:02010b41cdec/antenna/tag/e2806894000050038661fd4f, 88
1652702456.376585, sdrt-health/mac:02010b41cdec/antenna/tag/e28068940000500386620d4f, 83
1652702456.377937, sdrt-health/mac:02010b41cdec/antenna/tag/e2806894000040038662114f, 93
1652702456.378317, sdrt-health/mac:02010b41cdec/antenna/tag/e2806894000040038661f94f, 84
1652702456.40325, sdrt-health/mac:02010b41cdec/antenna/tag/e2806894000040038661f94f, 88
1652702456.435624, sdrt-health/mac:02010b41cdec/antenna/tag/e28068940000500386620d4f, 83
1652702456.436101, sdrt-health/mac:02010b41cdec/antenna/tag/e28068940000400386621d4f, 77
1652702456.451086, sdrt-health/mac:02010b41cdec/antenna/tag/e2806894000050038662154f, 88
1652702456.484563, sdrt-health/mac:02010b41cdec/antenna/tag/e2806894000040038662114f, 85
1652702456.543487, sdrt-health/mac:02010b41cdec/antenna/tag/e2806894000050038661fd4f, 97
1652702456.543948, sdrt-health/mac:02010b41cdec/antenna/tag/e28068940000400386621d4f, 96
1652702456.560006, sdrt-health/mac:02010b41cdec/antenna/tag/e2806894000050038662154f, 85
1652702456.560504, sdrt-health/mac:02010b41cdec/antenna/tag/e2806894000050038661fd4f, 83
1652702456.633483, sdrt-health/mac:02010b41cdec/antenna/tag/e28068940000400386621d4f, 96
1652702456.713573, sdrt-health/mac:02010b41cdec/antenna/tag/e2806894000040038662114f, 85
1652702456.753865, sdrt-health/mac:02010b41cdec/antenna/tag/e2806894000050038662154f, 88
1652702456.845909, sdrt-health/mac:02010b41cdec/antenna/tag/e2806894000050038662154f, 85
1652702456.88411, sdrt-health/mac:02010b41cdec/antenna/tag/e2806894000050038662154f, 93
1652702456.97191, sdrt-health/mac:02010b41cdec/antenna/tag/e2806894000050038662154f, 88
1652702457.035287, sdrt-health/mac:02010b41cdec/antenna/tag/e28068940000500386620d4f, 83
1652702457.090122, sdrt-health/mac:02010b41cdec/antenna/tag/e2806894000040038662114f, 88
1652702457.147472, sdrt-health/mac:02010b41cdec/antenna/tag/e2806894000050038662154f, 88
1652702457.148059, sdrt-health/mac:02010b41cdec/antenna/tag/e2806894000050038662154f, 85
1652702457.175558, sdrt-health/mac:02010b41cdec/antenna/tag/e2806894000040038662114f, 85
1652702457.212681, sdrt-health/mac:02010b41cdec/antenna/tag/e2806894000040038662114f, 88
1652702457.255165, sdrt-health/mac:02010b41cdec/antenna/tag/e2806894000050038661fd4f, 91
1652702457.293814, sdrt-health/mac:02010b41cdec/antenna/tag/e28068940000500386620d4f, 90
1652702457.375862, sdrt-health/mac:02010b41cdec/antenna/tag/e2806894000040038661f94f, 88
1652702457.376293, sdrt-health/mac:02010b41cdec/antenna/tag/e28068940000500386620d4f, 90
1652702457.393746, sdrt-health/mac:02010b41cdec/antenna/tag/e2806894000050038662154f, 93
1652702457.397153, sdrt-health/mac:02010b41cdec/antenna/tag/e28068940000400386621d4f, 77
1652702457.414952, sdrt-health/mac:02010b41cdec/antenna/tag/e2806894000040038661f94f, 81
1652702457.443094, sdrt-health/mac:02010b41cdec/antenna/tag/e2806894000040038662214f, 83
1652702457.499447, sdrt-health/mac:02010b41cdec/antenna/tag/e2806894000040038661f94f, 83
1652702457.499891, sdrt-health/mac:02010b41cdec/antenna/tag/e2806894000050038662154f, 85
1652702457.522714, sdrt-health/mac:02010b41cdec/antenna/tag/e28068940000400386621d4f, 77
1652702457.554881, sdrt-health/mac:02010b41cdec/antenna/tag/e2806894000050038661fd4f, 97
1652702457.555378, sdrt-health/mac:02010b41cdec/antenna/tag/e28068940000500386620d4f, 83
1652702457.570182, sdrt-health/mac:02010b41cdec/antenna/tag/e2806894000050038662154f, 91
1652702457.570696, sdrt-health/mac:02010b41cdec/antenna/tag/e2806894000040038662114f, 93
1652702457.571153, sdrt-health/mac:02010b41cdec/antenna/tag/e28068940000400386621d4f, 96
1652702457.613381, sdrt-health/mac:02010b41cdec/antenna/tag/e2806894000050038662154f, 91
1652702457.696324, sdrt-health/mac:02010b41cdec/antenna/tag/e2806894000050038662154f, 88
1652702457.696781, sdrt-health/mac:02010b41cdec/antenna/tag/e28068940000400386621d4f, 96
1652702457.711169, sdrt-health/mac:02010b41cdec/antenna/tag/e2806894000050038661fd4f, 97
1652702457.737163, sdrt-health/mac:02010b41cdec/antenna/tag/e28068940000400386621d4f, 96
1652702457.783176, sdrt-health/mac:02010b41cdec/antenna/tag/e28068940000400386621d4f, 96
1652702457.816087, sdrt-health/mac:02010b41cdec/antenna/tag/e2806894000050038662194f, 94
1652702457.816588, sdrt-health/mac:02010b41cdec/antenna/tag/e2806894000040038662114f, 88
1652702457.847101, sdrt-health/mac:02010b41cdec/antenna/tag/e2806894000050038662194f, 81
1652702457.882577, sdrt-health/mac:02010b41cdec/antenna/tag/e2806894000050038661fd4f, 83
1652702457.883166, sdrt-health/mac:02010b41cdec/antenna/tag/e28068940000500386620d4f, 83
1652702457.898526, sdrt-health/mac:02010b41cdec/antenna/tag/e2806894000050038662194f, 84
1652702457.942517, sdrt-health/mac:02010b41cdec/antenna/tag/e28068940000500386620d4f, 83
1652702457.943063, sdrt-health/mac:02010b41cdec/antenna/tag/e28068940000400386621d4f, 77
1652702458.09538, sdrt-health/mac:02010b41cdec/antenna/tag/e28068940000400386621d4f, 77
1652702458.128117, sdrt-health/mac:02010b41cdec/antenna/tag/e28068940000400386621d4f, 96
1652702458.128602, sdrt-health/mac:02010b41cdec/antenna/tag/e2806894000050038662194f, 88
1652702458.128938, sdrt-health/mac:02010b41cdec/antenna/tag/e28068940000500386620d4f, 90
1652702458.151898, sdrt-health/mac:02010b41cdec/antenna/tag/e2806894000050038662154f, 85
1652702458.204529, sdrt-health/mac:02010b41cdec/antenna/tag/e2806894000050038662014f, 110
1652702458.205168, sdrt-health/mac:02010b41cdec/antenna/tag/e2806894000040038661f94f, 94
1652702458.222421, sdrt-health/mac:02010b41cdec/antenna/tag/e28068940000500386620d4f, 90
1652702458.253334, sdrt-health/mac:02010b41cdec/antenna/tag/e2806894000040038662114f, 88
1652702458.312386, sdrt-health/mac:02010b41cdec/antenna/tag/e2806894000050038662194f, 83
1652702458.378239, sdrt-health/mac:02010b41cdec/antenna/tag/e2806894000040038661f94f, 82
1652702458.378724, sdrt-health/mac:02010b41cdec/antenna/tag/e2806894000050038662194f, 84
1652702458.393729, sdrt-health/mac:02010b41cdec/antenna/tag/e28068940000400386621d4f, 96
1652702458.423658, sdrt-health/mac:02010b41cdec/antenna/tag/e2806894000050038661fd4f, 97
1652702458.481967, sdrt-health/mac:02010b41cdec/antenna/tag/e2806894000040038662114f, 85
1652702458.482449, sdrt-health/mac:02010b41cdec/antenna/tag/e2806894000050038661fd4f, 91
1652702458.497075, sdrt-health/mac:02010b41cdec/antenna/tag/e2806894000050038662154f, 93
1652702458.540822, sdrt-health/mac:02010b41cdec/antenna/tag/e2806894000040038661f94f, 81
1652702458.583335, sdrt-health/mac:02010b41cdec/antenna/tag/e2806894000050038661fd4f, 91
1652702458.659525, sdrt-health/mac:02010b41cdec/antenna/tag/e2806894000040038662214f, 88
1652702458.659981, sdrt-health/mac:02010b41cdec/antenna/tag/e28068940000500386620d4f, 83
1652702458.696476, sdrt-health/mac:02010b41cdec/antenna/tag/e2806894000050038662194f, 94
1652702458.741857, sdrt-health/mac:02010b41cdec/antenna/tag/e28068940000400386621d4f, 77
1652702458.82063, sdrt-health/mac:02010b41cdec/antenna/tag/e2806894000050038662154f, 85
1652702458.821195, sdrt-health/mac:02010b41cdec/antenna/tag/e2806894000050038661fd4f, 91
1652702458.856225, sdrt-health/mac:02010b41cdec/antenna/tag/e28068940000500386620d4f, 83
1652702458.904883, sdrt-health/mac:02010b41cdec/antenna/tag/e2806894000040038662114f, 93
1652702458.96443, sdrt-health/mac:02010b41cdec/antenna/tag/e2806894000040038662114f, 88
1652702459.01581, sdrt-health/mac:02010b41cdec/antenna/tag/e28068940000500386620d4f, 90
1652702459.049157, sdrt-health/mac:02010b41cdec/antenna/tag/e28068940000500386620d4f, 90
1652702459.04974, sdrt-health/mac:02010b41cdec/antenna/tag/e2806894000050038661fd4f, 83
1652702459.065344, sdrt-health/mac:02010b41cdec/antenna/tag/e2806894000050038661fd4f, 91
1652702459.123166, sdrt-health/mac:02010b41cdec/antenna/tag/e2806894000040038662114f, 93
1652702459.154599, sdrt-health/mac:02010b41cdec/antenna/tag/e28068940000500386620d4f, 83
1652702459.155152, sdrt-health/mac:02010b41cdec/antenna/tag/e2806894000050038662194f, 82
1652702459.17565, sdrt-health/mac:02010b41cdec/antenna/tag/e28068940000400386621d4f, 96
1652702459.22386, sdrt-health/mac:02010b41cdec/antenna/tag/e2806894000040038662114f, 88
1652702459.286686, sdrt-health/mac:02010b41cdec/antenna/tag/e2806894000050038661fd4f, 97
1652702459.287261, sdrt-health/mac:02010b41cdec/antenna/tag/e2806894000040038662114f, 88
1652702459.322538, sdrt-health/mac:02010b41cdec/antenna/tag/e28068940000400386621d4f, 96
1652702459.364516, sdrt-health/mac:02010b41cdec/antenna/tag/e2806894000050038661fd4f, 83
1652702459.417802, sdrt-health/mac:02010b41cdec/antenna/tag/e2806894000050038661fd4f, 83
1652702459.418314, sdrt-health/mac:02010b41cdec/antenna/tag/e28068940000400386621d4f, 96
1652702459.437342, sdrt-health/mac:02010b41cdec/antenna/tag/e2806894000050038662194f, 81
1652702459.443686, sdrt-health/mac:02010b41cdec/antenna/tag/e2806894000050038662194f, 84
1652702459.482852, sdrt-health/mac:02010b41cdec/antenna/tag/e2806894000050038662194f, 88
1652702459.535292, sdrt-health/mac:02010b41cdec/antenna/tag/e28068940000400386621d4f, 77
1652702459.604836, sdrt-health/mac:02010b41cdec/antenna/tag/e2806894000050038661fd4f, 97
1652702459.605351, sdrt-health/mac:02010b41cdec/antenna/tag/e2806894000040038662114f, 85
1652702459.623141, sdrt-health/mac:02010b41cdec/antenna/tag/e2806894000050038662154f, 91
1652702459.624172, sdrt-health/mac:02010b41cdec/antenna/tag/e2806894000050038661fd4f, 97
1652702459.64094, sdrt-health/mac:02010b41cdec/antenna/tag/e2806894000050038661fd4f, 83
1652702459.675428, sdrt-health/mac:02010b41cdec/antenna/tag/e28068940000500386620d4f, 83
1652702459.813203, sdrt-health/mac:02010b41cdec/antenna/tag/e28068940000400386621d4f, 96
1652702459.813654, sdrt-health/mac:02010b41cdec/antenna/tag/e28068940000500386620d4f, 83
1652702459.828494, sdrt-health/mac:02010b41cdec/antenna/tag/e28068940000400386621d4f, 96
1652702459.82907, sdrt-health/mac:02010b41cdec/antenna/tag/e2806894000050038661fd4f, 83
1652702459.829473, sdrt-health/mac:02010b41cdec/antenna/tag/e28068940000500386620d4f, 90
1652702459.846307, sdrt-health/mac:02010b41cdec/antenna/tag/e2806894000050038661fd4f, 83
1652702459.846843, sdrt-health/mac:02010b41cdec/antenna/tag/e2806894000050038661fd4f, 97
1652702459.847212, sdrt-health/mac:02010b41cdec/antenna/tag/e2806894000050038662194f, 94
1652702459.883738, sdrt-health/mac:02010b41cdec/antenna/tag/e28068940000400386621d4f, 96
1652702459.924811, sdrt-health/mac:02010b41cdec/antenna/tag/e2806894000050038661fd4f, 91
1652702459.96422, sdrt-health/mac:02010b41cdec/antenna/tag/e2806894000050038662194f, 81
1652702460.02176, sdrt-health/mac:02010b41cdec/antenna/tag/e2806894000050038662154f, 85
1652702460.022312, sdrt-health/mac:02010b41cdec/antenna/tag/e2806894000040038661f94f, 88
1652702460.04517, sdrt-health/mac:02010b41cdec/antenna/tag/e2806894000040038661f94f, 94
1652702460.111806, sdrt-health/mac:02010b41cdec/antenna/tag/e28068940000400386621d4f, 77
1652702460.112391, sdrt-health/mac:02010b41cdec/antenna/tag/e2806894000040038662114f, 85
1652702460.131083, sdrt-health/mac:02010b41cdec/antenna/tag/e2806894000050038662154f, 85
1652702460.137387, sdrt-health/mac:02010b41cdec/antenna/tag/e28068940000500386620d4f, 83
1652702460.1477, sdrt-health/mac:02010b41cdec/antenna/tag/e28068940000400386621d4f, 77
1652702460.148064, sdrt-health/mac:02010b41cdec/antenna/tag/e2806894000050038661fd4f, 91
1652702460.182941, sdrt-health/mac:02010b41cdec/antenna/tag/e2806894000050038662154f, 93
1652702460.233988, sdrt-health/mac:02010b41cdec/antenna/tag/e2806894000050038661fd4f, 97
1652702460.274025, sdrt-health/mac:02010b41cdec/antenna/tag/e2806894000040038662114f, 85
1652702460.322179, sdrt-health/mac:02010b41cdec/antenna/tag/e2806894000050038661fd4f, 97
1652702460.376996, sdrt-health/mac:02010b41cdec/antenna/tag/e28068940000400386621d4f, 77
1652702460.377179, sdrt-health/mac:02010b41cdec/antenna/tag/e2806894000050038662194f, 88
1652702460.39235, sdrt-health/mac:02010b41cdec/antenna/tag/e28068940000400386621d4f, 77
1652702460.421818, sdrt-health/mac:02010b41cdec/antenna/tag/e28068940000400386621d4f, 77
1652702460.422023, sdrt-health/mac:02010b41cdec/antenna/tag/e28068940000500386620d4f, 77
1652702460.422136, sdrt-health/mac:02010b41cdec/antenna/tag/e2806894000040038661f94f, 88
1652702460.463206, sdrt-health/mac:02010b41cdec/antenna/tag/e2806894000050038661fd4f, 97
1652702460.463438, sdrt-health/mac:02010b41cdec/antenna/tag/e2806894000040038662114f, 85
1652702460.510992, sdrt-health/mac:02010b41cdec/antenna/tag/e2806894000050038662154f, 88
1652702460.511325, sdrt-health/mac:02010b41cdec/antenna/tag/e2806894000040038662114f, 88
1652702460.56577, sdrt-health/mac:02010b41cdec/antenna/tag/e2806894000050038662154f, 88
1652702460.624786, sdrt-health/mac:02010b41cdec/antenna/tag/e28068940000500386620d4f, 90
1652702460.624994, sdrt-health/mac:02010b41cdec/antenna/tag/e28068940000500386620d4f, 90
1652702460.625126, sdrt-health/mac:02010b41cdec/antenna/tag/e2806894000040038662114f, 85
1652702460.651403, sdrt-health/mac:02010b41cdec/antenna/tag/e2806894000040038662114f, 91
1652702460.715325, sdrt-health/mac:02010b41cdec/antenna/tag/e2806894000050038662154f, 85
1652702460.715561, sdrt-health/mac:02010b41cdec/antenna/tag/e28068940000400386621d4f, 96
1652702460.762444, sdrt-health/mac:02010b41cdec/antenna/tag/e28068940000500386620d4f, 90
1652702460.811177, sdrt-health/mac:02010b41cdec/antenna/tag/e28068940000400386621d4f, 77
1652702460.869867, sdrt-health/mac:02010b41cdec/antenna/tag/e2806894000050038662154f, 88
1652702460.870122, sdrt-health/mac:02010b41cdec/antenna/tag/e2806894000050038662194f, 94
1652702460.902728, sdrt-health/mac:02010b41cdec/antenna/tag/e28068940000500386620d4f, 83
1652702461.011076, sdrt-health/mac:02010b41cdec/antenna/tag/e2806894000050038661fd4f, 91
1652702461.011617, sdrt-health/mac:02010b41cdec/antenna/tag/e28068940000400386621d4f, 77
1652702461.025271, sdrt-health/mac:02010b41cdec/antenna/tag/e28068940000500386620d4f, 83
1652702461.033084, sdrt-health/mac:02010b41cdec/antenna/tag/e28068940000400386621d4f, 77
1652702461.042419, sdrt-health/mac:02010b41cdec/antenna/tag/e28068940000500386620d4f, 90
1652702461.072985, sdrt-health/mac:02010b41cdec/antenna/tag/e2806894000040038662114f, 85
1652702461.140943, sdrt-health/mac:02010b41cdec/antenna/tag/e2806894000040038661f94f, 88
1652702461.141461, sdrt-health/mac:02010b41cdec/antenna/tag/e2806894000050038662194f, 88
1652702461.161486, sdrt-health/mac:02010b41cdec/antenna/tag/e2806894000050038662154f, 88
1652702461.219504, sdrt-health/mac:02010b41cdec/antenna/tag/e2806894000050038662154f, 88
1652702461.220045, sdrt-health/mac:02010b41cdec/antenna/tag/e2806894000050038661fd4f, 91
1652702461.23768, sdrt-health/mac:02010b41cdec/antenna/tag/e2806894000050038662154f, 91
1652702461.245743, sdrt-health/mac:02010b41cdec/antenna/tag/e28068940000400386621d4f, 96
1652702461.354496, sdrt-health/mac:02010b41cdec/antenna/tag/e2806894000040038662114f, 88
1652702461.355005, sdrt-health/mac:02010b41cdec/antenna/tag/e28068940000400386621d4f, 96
1652702461.372015, sdrt-health/mac:02010b41cdec/antenna/tag/e28068940000500386620d4f, 83
1652702461.390885, sdrt-health/mac:02010b41cdec/antenna/tag/e28068940000500386620d4f, 83
1652702461.444082, sdrt-health/mac:02010b41cdec/antenna/tag/e28068940000400386621d4f, 96
1652702461.499867, sdrt-health/mac:02010b41cdec/antenna/tag/e2806894000050038661fd4f, 97
1652702461.500315, sdrt-health/mac:02010b41cdec/antenna/tag/e2806894000050038661fd4f, 88
1652702461.517584, sdrt-health/mac:02010b41cdec/antenna/tag/e2806894000050038661fd4f, 91
1652702461.524621, sdrt-health/mac:02010b41cdec/antenna/tag/e28068940000400386621d4f, 96
1652702461.605739, sdrt-health/mac:02010b41cdec/antenna/tag/e28068940000400386621d4f, 96
1652702461.657723, sdrt-health/mac:02010b41cdec/antenna/tag/e28068940000400386621d4f, 96
1652702461.658221, sdrt-health/mac:02010b41cdec/antenna/tag/e2806894000050038661fd4f, 97
1652702461.658696, sdrt-health/mac:02010b41cdec/antenna/tag/e2806894000040038662114f, 93
1652702461.68343, sdrt-health/mac:02010b41cdec/antenna/tag/e28068940000500386620d4f, 83
1652702461.713384, sdrt-health/mac:02010b41cdec/antenna/tag/e28068940000400386621d4f, 96
1652702461.71384, sdrt-health/mac:02010b41cdec/antenna/tag/e2806894000040038662114f, 85
1652702461.730138, sdrt-health/mac:02010b41cdec/antenna/tag/e28068940000500386620d4f, 90
1652702461.7629, sdrt-health/mac:02010b41cdec/antenna/tag/e28068940000400386621d4f, 77
1652702461.817346, sdrt-health/mac:02010b41cdec/antenna/tag/e28068940000400386621d4f, 96
1652702461.852932, sdrt-health/mac:02010b41cdec/antenna/tag/e2806894000050038662014f, 82
1652702461.853456, sdrt-health/mac:02010b41cdec/antenna/tag/e28068940000500386620d4f, 83
1652702461.86933, sdrt-health/mac:02010b41cdec/antenna/tag/e2806894000050038662154f, 85
1652702461.869873, sdrt-health/mac:02010b41cdec/antenna/tag/e28068940000500386620d4f, 83
1652702461.87021, sdrt-health/mac:02010b41cdec/antenna/tag/e28068940000400386621d4f, 96
1652702461.922583, sdrt-health/mac:02010b41cdec/antenna/tag/e2806894000040038662114f, 85
1652702461.979833, sdrt-health/mac:02010b41cdec/antenna/tag/e2806894000040038661f94f, 84
1652702461.980395, sdrt-health/mac:02010b41cdec/antenna/tag/e2806894000050038662154f, 93
1652702462.002395, sdrt-health/mac:02010b41cdec/antenna/tag/e2806894000050038662154f, 85
1652702462.056466, sdrt-health/mac:02010b41cdec/antenna/tag/e28068940000500386620d4f, 83
1652702462.103644, sdrt-health/mac:02010b41cdec/antenna/tag/e2806894000050038662154f, 85
1652702462.250382, sdrt-health/mac:02010b41cdec/antenna/tag/e28068940000500386620d4f, 83
1652702462.29752, sdrt-health/mac:02010b41cdec/antenna/tag/e28068940000500386620d4f, 83
1652702462.298027, sdrt-health/mac:02010b41cdec/antenna/tag/e28068940000400386621d4f, 96
1652702462.314636, sdrt-health/mac:02010b41cdec/antenna/tag/e28068940000400386621d4f, 96
1652702462.315138, sdrt-health/mac:02010b41cdec/antenna/tag/e2806894000050038661fd4f, 83
1652702462.315516, sdrt-health/mac:02010b41cdec/antenna/tag/e28068940000500386620d4f, 83
1652702462.34151, sdrt-health/mac:02010b41cdec/antenna/tag/e2806894000050038662194f, 81
1652702462.416814, sdrt-health/mac:02010b41cdec/antenna/tag/e2806894000050038661fd4f, 83
1652702462.417374, sdrt-health/mac:02010b41cdec/antenna/tag/e28068940000400386621d4f, 96
1652702462.417785, sdrt-health/mac:02010b41cdec/antenna/tag/e2806894000050038662194f, 88
1652702462.433761, sdrt-health/mac:02010b41cdec/antenna/tag/e2806894000050038661fd4f, 83
1652702462.442266, sdrt-health/mac:02010b41cdec/antenna/tag/e2806894000050038661fd4f, 97
1652702462.482128, sdrt-health/mac:02010b41cdec/antenna/tag/e2806894000050038662154f, 85
1652702462.523041, sdrt-health/mac:02010b41cdec/antenna/tag/e2806894000040038662114f, 85
1652702462.593212, sdrt-health/mac:02010b41cdec/antenna/tag/e2806894000050038662154f, 88
1652702462.645461, sdrt-health/mac:02010b41cdec/antenna/tag/e2806894000050038661fd4f, 97
1652702462.681922, sdrt-health/mac:02010b41cdec/antenna/tag/e28068940000500386620d4f, 83
1652702462.726357, sdrt-health/mac:02010b41cdec/antenna/tag/e2806894000040038662114f, 85
1652702462.763285, sdrt-health/mac:02010b41cdec/antenna/tag/e28068940000400386621d4f, 77
1652702462.842105, sdrt-health/mac:02010b41cdec/antenna/tag/e28068940000500386620d4f, 80
1652702462.842692, sdrt-health/mac:02010b41cdec/antenna/tag/e2806894000050038661fd4f, 97
1652702462.843053, sdrt-health/mac:02010b41cdec/antenna/tag/e2806894000040038662214f, 81
1652702462.883397, sdrt-health/mac:02010b41cdec/antenna/tag/e2806894000050038661fd4f, 91
1652702462.939203, sdrt-health/mac:02010b41cdec/antenna/tag/e2806894000040038662114f, 85
1652702462.939985, sdrt-health/mac:02010b41cdec/antenna/tag/e2806894000040038662214f, 88
1652702462.972792, sdrt-health/mac:02010b41cdec/antenna/tag/e2806894000040038662114f, 85
1652702463.033256, sdrt-health/mac:02010b41cdec/antenna/tag/e2806894000050038661fd4f, 83
1652702463.033813, sdrt-health/mac:02010b41cdec/antenna/tag/e28068940000500386620d4f, 83
1652702463.04891, sdrt-health/mac:02010b41cdec/antenna/tag/e2806894000040038662114f, 85
1652702463.06375, sdrt-health/mac:02010b41cdec/antenna/tag/e2806894000050038661fd4f, 83
1652702463.065886, sdrt-health/mac:02010b41cdec/antenna/tag/e28068940000500386620d4f, 83
1652702463.098852, sdrt-health/mac:02010b41cdec/antenna/tag/e28068940000500386620d4f, 83
1652702463.149633, sdrt-health/mac:02010b41cdec/antenna/tag/e28068940000400386621d4f, 96
1652702463.193398, sdrt-health/mac:02010b41cdec/antenna/tag/e2806894000040038662114f, 88
1652702463.248864, sdrt-health/mac:02010b41cdec/antenna/tag/e2806894000040038662114f, 85
1652702463.249376, sdrt-health/mac:02010b41cdec/antenna/tag/e2806894000040038662114f, 85
1652702463.249822, sdrt-health/mac:02010b41cdec/antenna/tag/e2806894000050038662154f, 88
1652702463.250202, sdrt-health/mac:02010b41cdec/antenna/tag/e2806894000040038662114f, 88
1652702463.284863, sdrt-health/mac:02010b41cdec/antenna/tag/e28068940000400386621d4f, 96
1652702463.322855, sdrt-health/mac:02010b41cdec/antenna/tag/e2806894000040038662114f, 85
1652702463.362874, sdrt-health/mac:02010b41cdec/antenna/tag/e2806894000040038662114f, 85
1652702463.404444, sdrt-health/mac:02010b41cdec/antenna/tag/e2806894000050038662194f, 81
1652702463.442806, sdrt-health/mac:02010b41cdec/antenna/tag/e2806894000040038661f94f, 81
1652702463.499627, sdrt-health/mac:02010b41cdec/antenna/tag/e2806894000050038661fd4f, 97
1652702463.499851, sdrt-health/mac:02010b41cdec/antenna/tag/e2806894000050038662154f, 85
1652702463.516833, sdrt-health/mac:02010b41cdec/antenna/tag/e28068940000500386620d4f, 83
1652702463.521754, sdrt-health/mac:02010b41cdec/antenna/tag/e2806894000050038661fd4f, 83
1652702463.592318, sdrt-health/mac:02010b41cdec/antenna/tag/e2806894000050038661fd4f, 83
1652702463.632022, sdrt-health/mac:02010b41cdec/antenna/tag/e2806894000040038662114f, 88
1652702463.664851, sdrt-health/mac:02010b41cdec/antenna/tag/e28068940000400386621d4f, 96
1652702463.665466, sdrt-health/mac:02010b41cdec/antenna/tag/e2806894000050038662154f, 85
1652702463.68225, sdrt-health/mac:02010b41cdec/antenna/tag/e2806894000040038662114f, 88
1652702463.6828, sdrt-health/mac:02010b41cdec/antenna/tag/e2806894000050038661fd4f, 83
1652702463.713888, sdrt-health/mac:02010b41cdec/antenna/tag/e28068940000400386621d4f, 96
1652702463.762389, sdrt-health/mac:02010b41cdec/antenna/tag/e28068940000400386621d4f, 77
1652702463.822667, sdrt-health/mac:02010b41cdec/antenna/tag/e2806894000050038661fd4f, 97
1652702463.823206, sdrt-health/mac:02010b41cdec/antenna/tag/e28068940000500386620d4f, 90
1652702463.843872, sdrt-health/mac:02010b41cdec/antenna/tag/e28068940000500386620d4f, 90
1652702463.844526, sdrt-health/mac:02010b41cdec/antenna/tag/e2806894000050038662154f, 85
1652702463.906721, sdrt-health/mac:02010b41cdec/antenna/tag/e2806894000040038662114f, 85
1652702463.968712, sdrt-health/mac:02010b41cdec/antenna/tag/e28068940000400386621d4f, 77
1652702463.969307, sdrt-health/mac:02010b41cdec/antenna/tag/e2806894000050038661fd4f, 91
1652702464.001883, sdrt-health/mac:02010b41cdec/antenna/tag/e2806894000040038662114f, 83
1652702464.04233, sdrt-health/mac:02010b41cdec/antenna/tag/e28068940000500386620d4f, 83
1652702464.160075, sdrt-health/mac:02010b41cdec/antenna/tag/e2806894000050038662154f, 88
1652702464.160418, sdrt-health/mac:02010b41cdec/antenna/tag/e2806894000040038662114f, 88
1652702464.1767, sdrt-health/mac:02010b41cdec/antenna/tag/e2806894000050038661fd4f, 97
1652702464.192878, sdrt-health/mac:02010b41cdec/antenna/tag/e2806894000050038661fd4f, 83
1652702464.229108, sdrt-health/mac:02010b41cdec/antenna/tag/e28068940000500386620d4f, 83
1652702464.229543, sdrt-health/mac:02010b41cdec/antenna/tag/e2806894000040038662114f, 88
1652702464.229896, sdrt-health/mac:02010b41cdec/antenna/tag/e28068940000500386620d4f, 83
1652702464.230185, sdrt-health/mac:02010b41cdec/antenna/tag/e2806894000050038662154f, 85
1652702464.253204, sdrt-health/mac:02010b41cdec/antenna/tag/e2806894000050038661fd4f, 83
1652702464.310085, sdrt-health/mac:02010b41cdec/antenna/tag/e2806894000040038662114f, 85
1652702464.342936, sdrt-health/mac:02010b41cdec/antenna/tag/e2806894000040038662114f, 88
1652702464.343431, sdrt-health/mac:02010b41cdec/antenna/tag/e28068940000500386620d4f, 90
1652702464.358708, sdrt-health/mac:02010b41cdec/antenna/tag/e28068940000500386620d4f, 83
1652702464.359186, sdrt-health/mac:02010b41cdec/antenna/tag/e2806894000040038662114f, 85
1652702464.403757, sdrt-health/mac:02010b41cdec/antenna/tag/e28068940000500386620d4f, 90
1652702464.442307, sdrt-health/mac:02010b41cdec/antenna/tag/e2806894000050038662154f, 85
1652702464.510173, sdrt-health/mac:02010b41cdec/antenna/tag/e2806894000050038662154f, 85
1652702464.511557, sdrt-health/mac:02010b41cdec/antenna/tag/e2806894000050038662154f, 93
1652702464.55464, sdrt-health/mac:02010b41cdec/antenna/tag/e28068940000500386620d4f, 90
1652702464.607201, sdrt-health/mac:02010b41cdec/antenna/tag/e2806894000050038662154f, 85
1652702464.607826, sdrt-health/mac:02010b41cdec/antenna/tag/e28068940000500386620d4f, 83
1652702464.642263, sdrt-health/mac:02010b41cdec/antenna/tag/e2806894000050038661fd4f, 97
1652702464.684004, sdrt-health/mac:02010b41cdec/antenna/tag/e2806894000040038662114f, 85
1652702464.737944, sdrt-health/mac:02010b41cdec/antenna/tag/e28068940000500386620d4f, 83
1652702464.738506, sdrt-health/mac:02010b41cdec/antenna/tag/e2806894000040038662114f, 85
1652702464.762266, sdrt-health/mac:02010b41cdec/antenna/tag/e2806894000050038661fd4f, 97
1652702464.803701, sdrt-health/mac:02010b41cdec/antenna/tag/e2806894000050038662154f, 85
1652702464.843106, sdrt-health/mac:02010b41cdec/antenna/tag/e28068940000500386620d4f, 83
1652702464.898697, sdrt-health/mac:02010b41cdec/antenna/tag/e2806894000050038661fd4f, 91
1652702464.899318, sdrt-health/mac:02010b41cdec/antenna/tag/e28068940000500386620d4f, 83
1652702464.924212, sdrt-health/mac:02010b41cdec/antenna/tag/e2806894000050038662154f, 93
1652702464.980956, sdrt-health/mac:02010b41cdec/antenna/tag/e28068940000400386621d4f, 77
1652702465.03129, sdrt-health/mac:02010b41cdec/antenna/tag/e2806894000040038662214f, 84
1652702465.071315, sdrt-health/mac:02010b41cdec/antenna/tag/e2806894000040038661f94f, 94
1652702465.121849, sdrt-health/mac:02010b41cdec/antenna/tag/e2806894000050038662154f, 85
1652702465.123103, sdrt-health/mac:02010b41cdec/antenna/tag/e28068940000400386621d4f, 77
1652702465.204779, sdrt-health/mac:02010b41cdec/antenna/tag/e2806894000040038661f94f, 82
1652702465.242961, sdrt-health/mac:02010b41cdec/antenna/tag/e2806894000040038662114f, 88
1652702465.244051, sdrt-health/mac:02010b41cdec/antenna/tag/e2806894000050038662194f, 84
1652702465.304425, sdrt-health/mac:02010b41cdec/antenna/tag/e2806894000050038661fd4f, 97
1652702465.353546, sdrt-health/mac:02010b41cdec/antenna/tag/e2806894000040038662114f, 85
1652702465.410809, sdrt-health/mac:02010b41cdec/antenna/tag/e2806894000050038662194f, 94
1652702465.411327, sdrt-health/mac:02010b41cdec/antenna/tag/e28068940000500386620d4f, 90
1652702465.442928, sdrt-health/mac:02010b41cdec/antenna/tag/e28068940000500386620d4f, 83
1652702465.485518, sdrt-health/mac:02010b41cdec/antenna/tag/e28068940000400386621d4f, 77
1652702465.524305, sdrt-health/mac:02010b41cdec/antenna/tag/e2806894000050038661fd4f, 83
1652702465.562892, sdrt-health/mac:02010b41cdec/antenna/tag/e2806894000050038662194f, 84
1652702465.621478, sdrt-health/mac:02010b41cdec/antenna/tag/e2806894000050038661fd4f, 83
1652702465.622144, sdrt-health/mac:02010b41cdec/antenna/tag/e2806894000050038662154f, 85
1652702465.641488, sdrt-health/mac:02010b41cdec/antenna/tag/e28068940000400386621d4f, 77
1652702465.675787, sdrt-health/mac:02010b41cdec/antenna/tag/e2806894000050038662154f, 93
1652702465.676251, sdrt-health/mac:02010b41cdec/antenna/tag/e2806894000050038661fd4f, 83
1652702465.693242, sdrt-health/mac:02010b41cdec/antenna/tag/e28068940000500386620d4f, 90
1652702465.693728, sdrt-health/mac:02010b41cdec/antenna/tag/e28068940000400386621d4f, 96
1652702465.735486, sdrt-health/mac:02010b41cdec/antenna/tag/e2806894000050038662154f, 88
1652702465.838045, sdrt-health/mac:02010b41cdec/antenna/tag/e28068940000500386620d4f, 90
1652702465.838584, sdrt-health/mac:02010b41cdec/antenna/tag/e28068940000400386621d4f, 96
1652702465.86274, sdrt-health/mac:02010b41cdec/antenna/tag/e2806894000050038662194f, 87
1652702465.929234, sdrt-health/mac:02010b41cdec/antenna/tag/e28068940000400386621d4f, 96
1652702465.929631, sdrt-health/mac:02010b41cdec/antenna/tag/e2806894000040038662114f, 91
1652702465.994055, sdrt-health/mac:02010b41cdec/antenna/tag/e2806894000050038662154f, 85
1652702466.03502, sdrt-health/mac:02010b41cdec/antenna/tag/e2806894000040038662114f, 93
1652702466.068324, sdrt-health/mac:02010b41cdec/antenna/tag/e2806894000040038662114f, 85
1652702466.068812, sdrt-health/mac:02010b41cdec/antenna/tag/e2806894000050038661fd4f, 97
1652702466.085666, sdrt-health/mac:02010b41cdec/antenna/tag/e2806894000040038662114f, 88
1652702466.111596, sdrt-health/mac:02010b41cdec/antenna/tag/e28068940000500386620d4f, 90
1652702466.354808, sdrt-health/mac:02010b41cdec/antenna/tag/e2806894000050038661fd4f, 97
1652702466.536633, sdrt-health/mac:02010b41cdec/antenna/tag/e2806894000050038661fd4f, 83
1652702466.554492, sdrt-health/mac:02010b41cdec/antenna/tag/e28068940000500386620d4f, 83
1652702466.589823, sdrt-health/mac:02010b41cdec/antenna/tag/e2806894000050038662154f, 88
1652702466.59043, sdrt-health/mac:02010b41cdec/antenna/tag/e28068940000500386620d4f, 90
1652702466.590933, sdrt-health/mac:02010b41cdec/antenna/tag/e2806894000050038661fd4f, 83
1652702466.591361, sdrt-health/mac:02010b41cdec/antenna/tag/e2806894000040038661f94f, 88
1652702466.591852, sdrt-health/mac:02010b41cdec/antenna/tag/e2806894000040038662114f, 85
1652702466.592294, sdrt-health/mac:02010b41cdec/antenna/tag/e28068940000400386621d4f, 96
1652702466.606398, sdrt-health/mac:02010b41cdec/antenna/tag/e2806894000050038662154f, 93
1652702466.606619, sdrt-health/mac:02010b41cdec/antenna/tag/e28068940000500386620d4f, 90
1652702466.60676, sdrt-health/mac:02010b41cdec/antenna/tag/e2806894000040038661f94f, 81
1652702466.606918, sdrt-health/mac:02010b41cdec/antenna/tag/e28068940000500386620d4f, 90
1652702466.607044, sdrt-health/mac:02010b41cdec/antenna/tag/e2806894000040038661f94f, 82
1652702466.607178, sdrt-health/mac:02010b41cdec/antenna/tag/e2806894000040038662114f, 85
1652702466.607345, sdrt-health/mac:02010b41cdec/antenna/tag/e28068940000500386620d4f, 83
1652702466.639797, sdrt-health/mac:02010b41cdec/antenna/tag/e2806894000050038662194f, 84
1652702466.673646, sdrt-health/mac:02010b41cdec/antenna/tag/e2806894000050038662154f, 93
1652702466.674166, sdrt-health/mac:02010b41cdec/antenna/tag/e2806894000050038662194f, 81
1652702466.719406, sdrt-health/mac:02010b41cdec/antenna/tag/e2806894000050038662154f, 88
1652702466.764032, sdrt-health/mac:02010b41cdec/antenna/tag/e28068940000400386621d4f, 77
1652702466.803423, sdrt-health/mac:02010b41cdec/antenna/tag/e28068940000400386621d4f, 77
1652702466.857008, sdrt-health/mac:02010b41cdec/antenna/tag/e2806894000050038662194f, 82
1652702466.894472, sdrt-health/mac:02010b41cdec/antenna/tag/e2806894000040038661f94f, 88
1652702466.951389, sdrt-health/mac:02010b41cdec/antenna/tag/e2806894000050038661fd4f, 91
1652702466.951916, sdrt-health/mac:02010b41cdec/antenna/tag/e2806894000040038661f94f, 81
1652702466.982847, sdrt-health/mac:02010b41cdec/antenna/tag/e2806894000050038661fd4f, 83
1652702467.03224, sdrt-health/mac:02010b41cdec/antenna/tag/e28068940000400386621d4f, 96
1652702467.090007, sdrt-health/mac:02010b41cdec/antenna/tag/e2806894000040038662114f, 85
1652702467.090357, sdrt-health/mac:02010b41cdec/antenna/tag/e28068940000400386621d4f, 96
1652702467.107366, sdrt-health/mac:02010b41cdec/antenna/tag/e2806894000050038662154f, 88
1652702467.107827, sdrt-health/mac:02010b41cdec/antenna/tag/e2806894000040038662114f, 88
1652702467.123001, sdrt-health/mac:02010b41cdec/antenna/tag/e2806894000050038662154f, 88
1652702467.178129, sdrt-health/mac:02010b41cdec/antenna/tag/e28068940000400386621d4f, 96
1652702467.216271, sdrt-health/mac:02010b41cdec/antenna/tag/e2806894000050038661fd4f, 97
1652702467.216828, sdrt-health/mac:02010b41cdec/antenna/tag/e28068940000500386620d4f, 90
1652702467.233559, sdrt-health/mac:02010b41cdec/antenna/tag/e28068940000400386621d4f, 96
1652702467.272783, sdrt-health/mac:02010b41cdec/antenna/tag/e28068940000400386621d4f, 96
1652702467.353408, sdrt-health/mac:02010b41cdec/antenna/tag/e28068940000500386620d4f, 83
1652702467.353927, sdrt-health/mac:02010b41cdec/antenna/tag/e28068940000500386620d4f, 83
1652702467.370678, sdrt-health/mac:02010b41cdec/antenna/tag/e2806894000050038662154f, 85
1652702467.390303, sdrt-health/mac:02010b41cdec/antenna/tag/e2806894000050038662154f, 88
1652702467.442145, sdrt-health/mac:02010b41cdec/antenna/tag/e2806894000040038662114f, 85
1652702467.498868, sdrt-health/mac:02010b41cdec/antenna/tag/e28068940000500386620d4f, 83
1652702467.499418, sdrt-health/mac:02010b41cdec/antenna/tag/e2806894000040038662114f, 88
1652702467.51946, sdrt-health/mac:02010b41cdec/antenna/tag/e28068940000400386621d4f, 77
1652702467.520031, sdrt-health/mac:02010b41cdec/antenna/tag/e2806894000040038661f94f, 88
1652702467.520454, sdrt-health/mac:02010b41cdec/antenna/tag/e2806894000050038662194f, 82
1652702467.577592, sdrt-health/mac:02010b41cdec/antenna/tag/e2806894000050038661fd4f, 91
1652702467.623671, sdrt-health/mac:02010b41cdec/antenna/tag/e2806894000050038661fd4f, 97
1652702467.673777, sdrt-health/mac:02010b41cdec/antenna/tag/e28068940000400386621d4f, 77
1652702467.728401, sdrt-health/mac:02010b41cdec/antenna/tag/e2806894000050038662154f, 85
1652702467.728874, sdrt-health/mac:02010b41cdec/antenna/tag/e28068940000500386620d4f, 83
1652702467.746073, sdrt-health/mac:02010b41cdec/antenna/tag/e2806894000050038661fd4f, 97
1652702467.7624, sdrt-health/mac:02010b41cdec/antenna/tag/e2806894000050038662154f, 85
1652702467.803406, sdrt-health/mac:02010b41cdec/antenna/tag/e2806894000040038662114f, 88
1652702467.842685, sdrt-health/mac:02010b41cdec/antenna/tag/e28068940000400386621d4f, 77
1652702467.882157, sdrt-health/mac:02010b41cdec/antenna/tag/e28068940000500386620d4f, 90
1652702467.931541, sdrt-health/mac:02010b41cdec/antenna/tag/e28068940000500386620d4f, 83
1652702467.976552, sdrt-health/mac:02010b41cdec/antenna/tag/e2806894000040038662114f, 87
1652702468.039415, sdrt-health/mac:02010b41cdec/antenna/tag/e2806894000050038661fd4f, 97
1652702468.039956, sdrt-health/mac:02010b41cdec/antenna/tag/e2806894000040038661f94f, 81
1652702468.084907, sdrt-health/mac:02010b41cdec/antenna/tag/e28068940000400386621d4f, 96
1652702468.122796, sdrt-health/mac:02010b41cdec/antenna/tag/e28068940000400386621d4f, 96
1652702468.162742, sdrt-health/mac:02010b41cdec/antenna/tag/e2806894000050038661fd4f, 83
1652702468.163826, sdrt-health/mac:02010b41cdec/antenna/tag/e28068940000400386621d4f, 96
1652702468.202371, sdrt-health/mac:02010b41cdec/antenna/tag/e28068940000400386621d4f, 96
1652702468.267365, sdrt-health/mac:02010b41cdec/antenna/tag/e28068940000500386620d4f, 83
1652702468.268046, sdrt-health/mac:02010b41cdec/antenna/tag/e2806894000050038662154f, 88
1652702468.283507, sdrt-health/mac:02010b41cdec/antenna/tag/e2806894000040038662114f, 85
1652702468.296675, sdrt-health/mac:02010b41cdec/antenna/tag/e2806894000040038662054f, 81
1652702468.342387, sdrt-health/mac:02010b41cdec/antenna/tag/e2806894000050038661fd4f, 97
1652702468.5229, sdrt-health/mac:02010b41cdec/antenna/tag/scan, scan stopped
