1652702160.563646, sdrt-health/mac:02010b41cdec/state, online
1652702160.564507, sdrt-health/mac:02010b41cdec/antenna/power/set, {"power": 280}
1652702161.754813, sdrt-health/mac:02010b41cdec/antenna/power/set, 
1652702165.588236, sdrt-health/mac:02010b41cdec/antenna/tag/scan, {"time": 20000}
1652702166.175499, sdrt-health/mac:02010b41cdec/antenna/tag/e28068940000400386621d4f, 96
1652702166.217844, sdrt-health/mac:02010b41cdec/antenna/tag/e28068940000400386621d4f, 90
1652702166.283488, sdrt-health/mac:02010b41cdec/antenna/tag/e28068940000500386620d4f, 90
1652702166.323623, sdrt-health/mac:02010b41cdec/antenna/tag/e28068940000500386620d4f, 90
1652702166.363929, sdrt-health/mac:02010b41cdec/antenna/tag/e28068940000500386620d4f, 90
1652702166.403257, sdrt-health/mac:02010b41cdec/antenna/tag/e28068940000500386620d4f, 90
1652702166.444295, sdrt-health/mac:02010b41cdec/antenna/tag/e2806894000040038662114f, 85
1652702166.514577, sdrt-health/mac:02010b41cdec/antenna/tag/e28068940000500386620d4f, 83
1652702166.515065, sdrt-health/mac:02010b41cdec/antenna/tag/e2806894000050038661fd4f, 83
1652702166.554917, sdrt-health/mac:02010b41cdec/antenna/tag/e28068940000500386620d4f, 83
1652702166.612353, sdrt-health/mac:02010b41cdec/antenna/tag/e2806894000050038661fd4f, 83
1652702166.612823, sdrt-health/mac:02010b41cdec/antenna/tag/e28068940000500386620d4f, 83
1652702166.613219, sdrt-health/mac:02010b41cdec/antenna/tag/e2806894000040038662114f, 85
1652702166.644102, sdrt-health/mac:02010b41cdec/antenna/tag/e28068940000400386621d4f, 96
1652702166.715086, sdrt-health/mac:02010b41cdec/antenna/tag/e2806894000050038661fd4f, 97
1652702166.71563, sdrt-health/mac:02010b41cdec/antenna/tag/e2806894000050038661fd4f, 91
1652702166.730412, sdrt-health/mac:02010b41cdec/antenna/tag/e2806894000050038662154f, 93
1652702166.743213, sdrt-health/mac:02010b41cdec/antenna/tag/e28068940000500386620d4f, 83
1652702166.746107, sdrt-health/mac:02010b41cdec/antenna/tag/e28068940000500386620d4f, 90
1652702166.793131, sdrt-health/mac:02010b41cdec/antenna/tag/e28068940000400386621d4f, 96
1652702166.843568, sdrt-health/mac:02010b41cdec/antenna/tag/e2806894000040038662114f, 85
1652702166.918588, sdrt-health/mac:02010b41cdec/antenna/tag/e2806894000050038661fd4f, 91
1652702166.919024, sdrt-health/mac:02010b41cdec/antenna/tag/e28068940000500386620d4f, 83
1652702166.935781, sdrt-health/mac:02010b41cdec/antenna/tag/e2806894000040038662114f, 85
1652702166.970289, sdrt-health/mac:02010b41cdec/antenna/tag/e2806894000050038662154f, 85
1652702166.970657, sdrt-health/mac:02010b41cdec/antenna/tag/e2806894000050038662154f, 93
1652702166.995287, sdrt-health/mac:02010b41cdec/antenna/tag/e2806894000040038662114f, 85
1652702167.071807, sdrt-health/mac:02010b41cdec/antenna/tag/e28068940000400386621d4f, 77
1652702167.072336, sdrt-health/mac:02010b41cdec/antenna/tag/e2806894000050038662154f, 85
1652702167.097183, sdrt-health/mac:02010b41cdec/antenna/tag/e28068940000500386620d4f, 80
1652702167.163267, sdrt-health/mac:02010b41cdec/antenna/tag/e28068940000400386621d4f, 96
1652702167.163736, sdrt-health/mac:02010b41cdec/antenna/tag/e2806894000050038661fd4f, 91
1652702167.22464, sdrt-health/mac:02010b41cdec/antenna/tag/e28068940000400386621d4f, 96
1652702167.272935, sdrt-health/mac:02010b41cdec/antenna/tag/e2806894000050038661fd4f, 97
1652702167.313703, sdrt-health/mac:02010b41cdec/antenna/tag/e2806894000050038661fd4f, 83
1652702167.372416, sdrt-health/mac:02010b41cdec/antenna/tag/e2806894000050038661fd4f, 83
1652702167.434563, sdrt-health/mac:02010b41cdec/antenna/tag/e2806894000040038662114f, 85
1652702167.435025, sdrt-health/mac:02010b41cdec/antenna/tag/e28068940000500386620d4f, 80
1652702167.454829, sdrt-health/mac:02010b41cdec/antenna/tag/e2806894000050038662154f, 88
1652702167.463801, sdrt-health/mac:02010b41cdec/antenna/tag/e2806894000040038662114f, 88
1652702167.515331, sdrt-health/mac:02010b41cdec/antenna/tag/e2806894000040038662114f, 88
1652702167.553582, sdrt-health/mac:02010b41cdec/antenna/tag/e28068940000400386621d4f, 90
1652702167.662628, sdrt-health/mac:02010b41cdec/antenna/tag/e28068940000500386620d4f, 90
1652702167.663148, sdrt-health/mac:02010b41cdec/antenna/tag/e2806894000050038662154f, 88
1652702167.724061, sdrt-health/mac:02010b41cdec/antenna/tag/e28068940000400386621d4f, 96
1652702167.780894, sdrt-health/mac:02010b41cdec/antenna/tag/e28068940000400386621d4f, 90
1652702167.78157, sdrt-health/mac:02010b41cdec/antenna/tag/e2806894000050038661fd4f, 91
1652702167.804127, sdrt-health/mac:02010b41cdec/antenna/tag/e28068940000500386620d4f, 83
1652702167.834277, sdrt-health/mac:02010b41cdec/antenna/tag/e2806894000050038662154f, 85
1652702167.834535, sdrt-health/mac:02010b41cdec/antenna/tag/e2806894000050038661fd4f, 91
1652702167.874092, sdrt-health/mac:02010b41cdec/antenna/tag/e2806894000040038662114f, 85
1652702167.923511, sdrt-health/mac:02010b41cdec/antenna/tag/e2806894000040038662114f, 85
1652702168.010869, sdrt-health/mac:02010b41cdec/antenna/tag/e2806894000050038662154f, 93
1652702168.011396, sdrt-health/mac:02010b41cdec/antenna/tag/e28068940000400386621d4f, 96
1652702168.034952, sdrt-health/mac:02010b41cdec/antenna/tag/e2806894000050038661fd4f, 97
1652702168.067642, sdrt-health/mac:02010b41cdec/antenna/tag/e2806894000050038662154f, 88
1652702168.067929, sdrt-health/mac:02010b41cdec/antenna/tag/e28068940000400386621d4f, 96
1652702168.094627, sdrt-health/mac:02010b41cdec/antenna/tag/e28068940000400386621d4f, 90
1652702168.137526, sdrt-health/mac:02010b41cdec/antenna/tag/e2806894000050038661fd4f, 97
1652702168.199353, sdrt-health/mac:02010b41cdec/antenna/tag/e2806894000050038661fd4f, 91
1652702168.199631, sdrt-health/mac:02010b41cdec/antenna/tag/e28068940000500386620d4f, 83
1652702168.215848, sdrt-health/mac:02010b41cdec/antenna/tag/e28068940000500386620d4f, 83
1652702168.305712, sdrt-health/mac:02010b41cdec/antenna/tag/e28068940000500386620d4f, 83
1652702168.378487, sdrt-health/mac:02010b41cdec/antenna/tag/e2806894000050038661fd4f, 83
1652702168.424519, sdrt-health/mac:02010b41cdec/antenna/tag/e2806894000040038662114f, 85
1652702168.490156, sdrt-health/mac:02010b41cdec/antenna/tag/e28068940000400386621d4f, 90
1652702168.490675, sdrt-health/mac:02010b41cdec/antenna/tag/e2806894000050038662154f, 88
1652702168.514377, sdrt-health/mac:02010b41cdec/antenna/tag/e2806894000040038662114f, 93
1652702168.562853, sdrt-health/mac:02010b41cdec/antenna/tag/e2806894000050038661fd4f, 83
1652702168.618094, sdrt-health/mac:02010b41cdec/antenna/tag/e2806894000040038662114f, 85
1652702168.618498, sdrt-health/mac:02010b41cdec/antenna/tag/e2806894000050038661fd4f, 83
1652702168.654982, sdrt-health/mac:02010b41cdec/antenna/tag/e2806894000050038661fd4f, 91
1652702168.686761, sdrt-health/mac:02010b41cdec/antenna/tag/e28068940000400386621d4f, 90
1652702168.686994, sdrt-health/mac:02010b41cdec/antenna/tag/e2806894000050038661fd4f, 91
1652702168.687111, sdrt-health/mac:02010b41cdec/antenna/tag/e2806894000050038662154f, 85
1652702168.715576, sdrt-health/mac:02010b41cdec/antenna/tag/e28068940000500386620d4f, 80
1652702168.748457, sdrt-health/mac:02010b41cdec/antenna/tag/e2806894000050038662154f, 88
1652702168.748722, sdrt-health/mac:02010b41cdec/antenna/tag/e2806894000050038662154f, 88
1652702168.748942, sdrt-health/mac:02010b41cdec/antenna/tag/e28068940000400386621d4f, 90
1652702168.767393, sdrt-health/mac:02010b41cdec/antenna/tag/e2806894000040038662114f, 93
1652702168.767624, sdrt-health/mac:02010b41cdec/antenna/tag/e28068940000400386621d4f, 77
1652702168.823841, sdrt-health/mac:02010b41cdec/antenna/tag/e2806894000040038662214f, 94
1652702168.875133, sdrt-health/mac:02010b41cdec/antenna/tag/e2806894000050038662154f, 88
1652702168.913168, sdrt-health/mac:02010b41cdec/antenna/tag/e28068940000400386621d4f, 90
1652702168.983643, sdrt-health/mac:02010b41cdec/antenna/tag/e2806894000040038662114f, 85
1652702168.984108, sdrt-health/mac:02010b41cdec/antenna/tag/e2806894000040038662114f, 93
1652702169.00221, sdrt-health/mac:02010b41cdec/antenna/tag/e28068940000500386620d4f, 83
1652702169.041747, sdrt-health/mac:02010b41cdec/antenna/tag/e28068940000400386621d4f, 90
1652702169.102139, sdrt-health/mac:02010b41cdec/antenna/tag/e2806894000050038662154f, 85
1652702169.164681, sdrt-health/mac:02010b41cdec/antenna/tag/e2806894000050038662154f, 93
1652702169.165096, sdrt-health/mac:02010b41cdec/antenna/tag/e2806894000050038662154f, 85
1652702169.195356, sdrt-health/mac:02010b41cdec/antenna/tag/e2806894000040038662114f, 88
1652702169.252742, sdrt-health/mac:02010b41cdec/antenna/tag/e2806894000050038662154f, 85
1652702169.253045, sdrt-health/mac:02010b41cdec/antenna/tag/e28068940000500386620d4f, 83
1652702169.270432, sdrt-health/mac:02010b41cdec/antenna/tag/e2806894000040038662114f, 88
1652702169.308575, sdrt-health/mac:02010b41cdec/antenna/tag/e2806894000050038661fd4f, 83
1652702169.308837, sdrt-health/mac:02010b41cdec/antenna/tag/e2806894000040038661f94f, 88
1652702169.326958, sdrt-health/mac:02010b41cdec/antenna/tag/e2806894000040038662214f, 84
1652702169.327173, sdrt-health/mac:02010b41cdec/antenna/tag/e2806894000040038662214f, 94
1652702169.369876, sdrt-health/mac:02010b41cdec/antenna/tag/e2806894000050038662154f, 85
1652702169.417134, sdrt-health/mac:02010b41cdec/antenna/tag/e2806894000050038662154f, 88
1652702169.464314, sdrt-health/mac:02010b41cdec/antenna/tag/e28068940000500386620d4f, 80
1652702169.502999, sdrt-health/mac:02010b41cdec/antenna/tag/e28068940000400386621d4f, 96
1652702169.503229, sdrt-health/mac:02010b41cdec/antenna/tag/e2806894000050038661fd4f, 97
1652702169.53169, sdrt-health/mac:02010b41cdec/antenna/tag/e2806894000050038661fd4f, 91
1652702169.552181, sdrt-health/mac:02010b41cdec/antenna/tag/e28068940000400386621d4f, 96
1652702169.62156, sdrt-health/mac:02010b41cdec/antenna/tag/e2806894000050038662154f, 88
1652702169.62204, sdrt-health/mac:02010b41cdec/antenna/tag/e2806894000040038662114f, 87
1652702169.639577, sdrt-health/mac:02010b41cdec/antenna/tag/e28068940000400386621d4f, 96
1652702169.646001, sdrt-health/mac:02010b41cdec/antenna/tag/e2806894000050038662154f, 88
1652702169.660441, sdrt-health/mac:02010b41cdec/antenna/tag/e2806894000050038662154f, 88
1652702169.660687, sdrt-health/mac:02010b41cdec/antenna/tag/e2806894000050038662154f, 85
1652702169.684641, sdrt-health/mac:02010b41cdec/antenna/tag/e2806894000050038662154f, 87
1652702169.7265, sdrt-health/mac:02010b41cdec/antenna/tag/e2806894000040038662114f, 93
1652702169.789943, sdrt-health/mac:02010b41cdec/antenna/tag/e28068940000500386620d4f, 83
1652702169.790141, sdrt-health/mac:02010b41cdec/antenna/tag/e2806894000050038661fd4f, 91
1652702169.811331, sdrt-health/mac:02010b41cdec/antenna/tag/e28068940000500386620d4f, 83
1652702169.818286, sdrt-health/mac:02010b41cdec/antenna/tag/e28068940000400386621d4f, 90
1652702169.864142, sdrt-health/mac:02010b41cdec/antenna/tag/e2806894000040038662114f, 87
1652702169.935834, sdrt-health/mac:02010b41cdec/antenna/tag/e28068940000400386621d4f, 90
1652702169.936224, sdrt-health/mac:02010b41cdec/antenna/tag/e2806894000040038662114f, 87
1652702169.95591, sdrt-health/mac:02010b41cdec/antenna/tag/e2806894000040038662114f, 93
1652702170.00571, sdrt-health/mac:02010b41cdec/antenna/tag/e28068940000400386621d4f, 90
1652702170.086177, sdrt-health/mac:02010b41cdec/antenna/tag/e28068940000400386621d4f, 90
1652702170.127555, sdrt-health/mac:02010b41cdec/antenna/tag/e2806894000050038661fd4f, 83
1652702170.1659, sdrt-health/mac:02010b41cdec/antenna/tag/e2806894000050038662154f, 88
1652702170.166153, sdrt-health/mac:02010b41cdec/antenna/tag/e28068940000400386621d4f, 90
1652702170.243552, sdrt-health/mac:02010b41cdec/antenna/tag/e2806894000050038662154f, 87
1652702170.297753, sdrt-health/mac:02010b41cdec/antenna/tag/e28068940000500386620d4f, 83
1652702170.347969, sdrt-health/mac:02010b41cdec/antenna/tag/e2806894000050038661fd4f, 83
1652702170.414829, sdrt-health/mac:02010b41cdec/antenna/tag/e2806894000050038662154f, 88
1652702170.415324, sdrt-health/mac:02010b41cdec/antenna/tag/e28068940000400386621d4f, 90
1652702170.431115, sdrt-health/mac:02010b41cdec/antenna/tag/e2806894000040038662114f, 85
1652702170.434128, sdrt-health/mac:02010b41cdec/antenna/tag/e28068940000400386621d4f, 90
1652702170.487197, sdrt-health/mac:02010b41cdec/antenna/tag/e2806894000050038662154f, 85
1652702170.58059, sdrt-health/mac:02010b41cdec/antenna/tag/e2806894000050038662154f, 88
1652702170.581147, sdrt-health/mac:02010b41cdec/antenna/tag/e2806894000040038662114f, 93
1652702170.607427, sdrt-health/mac:02010b41cdec/antenna/tag/e2806894000050038662154f, 85
1652702170.645236, sdrt-health/mac:02010b41cdec/antenna/tag/e2806894000050038661fd4f, 97
1652702170.685138, sdrt-health/mac:02010b41cdec/antenna/tag/e2806894000040038662114f, 85
1652702170.685433, sdrt-health/mac:02010b41cdec/antenna/tag/e28068940000400386621d4f, 77
1652702170.701454, sdrt-health/mac:02010b41cdec/antenna/tag/e28068940000400386621d4f, 77
1652702170.73399, sdrt-health/mac:02010b41cdec/antenna/tag/e2806894000050038661fd4f, 88
1652702170.777179, sdrt-health/mac:02010b41cdec/antenna/tag/e2806894000040038662114f, 93
1652702170.814615, sdrt-health/mac:02010b41cdec/antenna/tag/e28068940000500386620d4f, 83
1652702170.876341, sdrt-health/mac:02010b41cdec/antenna/tag/e28068940000500386620d4f, 80
1652702170.876569, sdrt-health/mac:02010b41cdec/antenna/tag/e2806894000040038662114f, 93
1652702170.903425, sdrt-health/mac:02010b41cdec/antenna/tag/e2806894000050038661fd4f, 97
1652702170.967402, sdrt-health/mac:02010b41cdec/antenna/tag/e2806894000050038662154f, 88
1652702171.00418, sdrt-health/mac:02010b41cdec/antenna/tag/e28068940000500386620d4f, 83
1652702171.043646, sdrt-health/mac:02010b41cdec/antenna/tag/e28068940000500386620d4f, 83
1652702171.101876, sdrt-health/mac:02010b41cdec/antenna/tag/e2806894000040038662114f, 85
1652702171.102132, sdrt-health/mac:02010b41cdec/antenna/tag/e2806894000040038662114f, 85
1652702171.124688, sdrt-health/mac:02010b41cdec/antenna/tag/e28068940000500386620d4f, 83
1652702171.180513, sdrt-health/mac:02010b41cdec/antenna/tag/e2806894000050038661fd4f, 83
1652702171.180962, sdrt-health/mac:02010b41cdec/antenna/tag/e2806894000050038662154f, 85
1652702171.197357, sdrt-health/mac:02010b41cdec/antenna/tag/e2806894000040038662114f, 88
1652702171.214119, sdrt-health/mac:02010b41cdec/antenna/tag/e2806894000040038662114f, 87
1652702171.25713, sdrt-health/mac:02010b41cdec/antenna/tag/e28068940000500386620d4f, 83
1652702171.320287, sdrt-health/mac:02010b41cdec/antenna/tag/e28068940000400386621d4f, 77
1652702171.320702, sdrt-health/mac:02010b41cdec/antenna/tag/e2806894000040038662114f, 93
1652702171.356515, sdrt-health/mac:02010b41cdec/antenna/tag/e28068940000500386620d4f, 83
1652702171.39458, sdrt-health/mac:02010b41cdec/antenna/tag/e2806894000050038662154f, 85
1652702171.427583, sdrt-health/mac:02010b41cdec/antenna/tag/e2806894000050038662154f, 85
1652702171.42793, sdrt-health/mac:02010b41cdec/antenna/tag/e2806894000050038662154f, 85
1652702171.465363, sdrt-health/mac:02010b41cdec/antenna/tag/e2806894000050038662154f, 88
1652702171.513771, sdrt-health/mac:02010b41cdec/antenna/tag/e28068940000400386621d4f, 96
1652702171.55345, sdrt-health/mac:02010b41cdec/antenna/tag/e28068940000500386620d4f, 83
1652702171.628412, sdrt-health/mac:02010b41cdec/antenna/tag/e2806894000050038661fd4f, 97
1652702171.629077, sdrt-health/mac:02010b41cdec/antenna/tag/e2806894000050038662194f, 81
1652702171.645917, sdrt-health/mac:02010b41cdec/antenna/tag/e28068940000500386620d4f, 83
1652702171.684249, sdrt-health/mac:02010b41cdec/antenna/tag/e2806894000040038662114f, 85
1652702171.740551, sdrt-health/mac:02010b41cdec/antenna/tag/e2806894000040038662114f, 85
1652702171.740765, sdrt-health/mac:02010b41cdec/antenna/tag/e28068940000500386620d4f, 83
1652702171.76449, sdrt-health/mac:02010b41cdec/antenna/tag/e2806894000040038662114f, 87
1652702171.797517, sdrt-health/mac:02010b41cdec/antenna/tag/e28068940000500386620d4f, 83
1652702171.797792, sdrt-health/mac:02010b41cdec/antenna/tag/e28068940000500386620d4f, 83
1652702171.813252, sdrt-health/mac:02010b41cdec/antenna/tag/e2806894000040038662114f, 88
1652702171.845092, sdrt-health/mac:02010b41cdec/antenna/tag/e2806894000040038662114f, 88
1652702171.883116, sdrt-health/mac:02010b41cdec/antenna/tag/e2806894000040038662114f, 87
1652702171.885323, sdrt-health/mac:02010b41cdec/antenna/tag/e2806894000050038661fd4f, 97
1652702171.922981, sdrt-health/mac:02010b41cdec/antenna/tag/e2806894000050038661fd4f, 97
1652702171.993993, sdrt-health/mac:02010b41cdec/antenna/tag/e2806894000050038661fd4f, 91
1652702172.03845, sdrt-health/mac:02010b41cdec/antenna/tag/e2806894000050038662154f, 85
1652702172.087098, sdrt-health/mac:02010b41cdec/antenna/tag/e28068940000400386621d4f, 96
1652702172.129711, sdrt-health/mac:02010b41cdec/antenna/tag/e2806894000040038662114f, 85
1652702172.130065, sdrt-health/mac:02010b41cdec/antenna/tag/e2806894000040038662114f, 85
1652702172.130353, sdrt-health/mac:02010b41cdec/antenna/tag/e28068940000400386621d4f, 77
1652702172.148955, sdrt-health/mac:02010b41cdec/antenna/tag/e2806894000040038662114f, 93
1652702172.165681, sdrt-health/mac:02010b41cdec/antenna/tag/e28068940000400386621d4f, 77
1652702172.172403, sdrt-health/mac:02010b41cdec/antenna/tag/e2806894000050038662154f, 93
1652702172.20367, sdrt-health/mac:02010b41cdec/antenna/tag/e28068940000400386621d4f, 96
1652702172.262737, sdrt-health/mac:02010b41cdec/antenna/tag/e28068940000500386620d4f, 83
1652702172.263032, sdrt-health/mac:02010b41cdec/antenna/tag/e28068940000500386620d4f, 83
1652702172.284456, sdrt-health/mac:02010b41cdec/antenna/tag/e2806894000040038662114f, 88
1652702172.347722, sdrt-health/mac:02010b41cdec/antenna/tag/e2806894000050038661fd4f, 91
1652702172.348046, sdrt-health/mac:02010b41cdec/antenna/tag/e28068940000500386620d4f, 83
1652702172.368709, sdrt-health/mac:02010b41cdec/antenna/tag/e2806894000050038662154f, 85
1652702172.368976, sdrt-health/mac:02010b41cdec/antenna/tag/e2806894000040038662114f, 87
1652702172.404616, sdrt-health/mac:02010b41cdec/antenna/tag/e2806894000040038662114f, 85
1652702172.452867, sdrt-health/mac:02010b41cdec/antenna/tag/e2806894000050038662154f, 85
1652702172.453103, sdrt-health/mac:02010b41cdec/antenna/tag/e2806894000050038661fd4f, 91
1652702172.471204, sdrt-health/mac:02010b41cdec/antenna/tag/e2806894000040038662114f, 85
1652702172.471451, sdrt-health/mac:02010b41cdec/antenna/tag/e2806894000050038661fd4f, 88
1652702172.48435, sdrt-health/mac:02010b41cdec/antenna/tag/e28068940000500386620d4f, 83
1652702172.486771, sdrt-health/mac:02010b41cdec/antenna/tag/e2806894000050038662154f, 87
1652702172.526151, sdrt-health/mac:02010b41cdec/antenna/tag/e28068940000500386620d4f, 83
1652702172.574745, sdrt-health/mac:02010b41cdec/antenna/tag/e2806894000050038662154f, 85
1652702172.636169, sdrt-health/mac:02010b41cdec/antenna/tag/e2806894000040038662114f, 85
1652702172.636414, sdrt-health/mac:02010b41cdec/antenna/tag/e2806894000050038662154f, 88
1652702172.653881, sdrt-health/mac:02010b41cdec/antenna/tag/e28068940000400386621d4f, 90
1652702172.675383, sdrt-health/mac:02010b41cdec/antenna/tag/e28068940000400386621d4f, 96
1652702172.751339, sdrt-health/mac:02010b41cdec/antenna/tag/e28068940000500386620d4f, 83
1652702172.751752, sdrt-health/mac:02010b41cdec/antenna/tag/e2806894000050038662154f, 85
1652702172.771752, sdrt-health/mac:02010b41cdec/antenna/tag/e28068940000500386620d4f, 83
1652702172.808743, sdrt-health/mac:02010b41cdec/antenna/tag/e28068940000500386620d4f, 83
1652702172.808949, sdrt-health/mac:02010b41cdec/antenna/tag/e28068940000400386621d4f, 96
1652702172.822917, sdrt-health/mac:02010b41cdec/antenna/tag/e28068940000400386621d4f, 77
1652702172.889603, sdrt-health/mac:02010b41cdec/antenna/tag/e2806894000040038662114f, 85
1652702172.890041, sdrt-health/mac:02010b41cdec/antenna/tag/e2806894000050038662154f, 85
1652702172.913943, sdrt-health/mac:02010b41cdec/antenna/tag/e2806894000050038662154f, 91
1652702172.979171, sdrt-health/mac:02010b41cdec/antenna/tag/e2806894000040038662114f, 85
1652702172.979529, sdrt-health/mac:02010b41cdec/antenna/tag/e28068940000500386620d4f, 83
1652702172.99558, sdrt-health/mac:02010b41cdec/antenna/tag/e2806894000050038662154f, 88
1652702173.004884, sdrt-health/mac:02010b41cdec/antenna/tag/e2806894000040038662114f, 85
1652702173.010166, sdrt-health/mac:02010b41cdec/antenna/tag/e28068940000500386620d4f, 83
1652702173.054953, sdrt-health/mac:02010b41cdec/antenna/tag/e2806894000040038662114f, 88
1652702173.115633, sdrt-health/mac:02010b41cdec/antenna/tag/e28068940000500386620d4f, 80
1652702173.116143, sdrt-health/mac:02010b41cdec/antenna/tag/e28068940000500386620d4f, 83
1652702173.116498, sdrt-health/mac:02010b41cdec/antenna/tag/e2806894000040038662114f, 88
1652702173.132151, sdrt-health/mac:02010b41cdec/antenna/tag/e28068940000400386621d4f, 96
1652702173.144104, sdrt-health/mac:02010b41cdec/antenna/tag/e28068940000500386620d4f, 90
1652702173.147706, sdrt-health/mac:02010b41cdec/antenna/tag/e2806894000050038661fd4f, 83
1652702173.201826, sdrt-health/mac:02010b41cdec/antenna/tag/e2806894000050038661fd4f, 97
1652702173.244586, sdrt-health/mac:02010b41cdec/antenna/tag/e2806894000050038661fd4f, 91
1652702173.301083, sdrt-health/mac:02010b41cdec/antenna/tag/e2806894000050038662154f, 93
1652702173.301324, sdrt-health/mac:02010b41cdec/antenna/tag/e2806894000050038662154f, 93
1652702173.301465, sdrt-health/mac:02010b41cdec/antenna/tag/e28068940000500386620d4f, 83
1652702173.324118, sdrt-health/mac:02010b41cdec/antenna/tag/e2806894000050038662154f, 87
1652702173.395947, sdrt-health/mac:02010b41cdec/antenna/tag/e28068940000500386620d4f, 80
1652702173.39645, sdrt-health/mac:02010b41cdec/antenna/tag/e28068940000500386620d4f, 83
1652702173.411691, sdrt-health/mac:02010b41cdec/antenna/tag/e2806894000040038662114f, 88
1652702173.450305, sdrt-health/mac:02010b41cdec/antenna/tag/e2806894000050038661fd4f, 97
1652702173.450565, sdrt-health/mac:02010b41cdec/antenna/tag/e2806894000050038661fd4f, 91
1652702173.473887, sdrt-health/mac:02010b41cdec/antenna/tag/e2806894000050038662154f, 93
1652702173.528848, sdrt-health/mac:02010b41cdec/antenna/tag/e2806894000050038661fd4f, 91
1652702173.564302, sdrt-health/mac:02010b41cdec/antenna/tag/e2806894000050038661fd4f, 91
1652702173.564532, sdrt-health/mac:02010b41cdec/antenna/tag/e28068940000400386621d4f, 96
1652702173.592668, sdrt-health/mac:02010b41cdec/antenna/tag/e2806894000050038661fd4f, 91
1652702173.636584, sdrt-health/mac:02010b41cdec/antenna/tag/e2806894000050038661fd4f, 91
1652702173.673932, sdrt-health/mac:02010b41cdec/antenna/tag/e28068940000500386620d4f, 80
1652702173.674397, sdrt-health/mac:02010b41cdec/antenna/tag/e2806894000040038662114f, 93
1652702173.689508, sdrt-health/mac:02010b41cdec/antenna/tag/e2806894000040038662114f, 85
1652702173.724247, sdrt-health/mac:02010b41cdec/antenna/tag/e2806894000040038662114f, 85
1652702173.765638, sdrt-health/mac:02010b41cdec/antenna/tag/e2806894000050038661fd4f, 91
1652702173.819238, sdrt-health/mac:02010b41cdec/antenna/tag/e2806894000040038662114f, 85
1652702173.819467, sdrt-health/mac:02010b41cdec/antenna/tag/e2806894000050038661fd4f, 91
1652702173.84399, sdrt-health/mac:02010b41cdec/antenna/tag/e28068940000500386620d4f, 83
1652702173.8819, sdrt-health/mac:02010b41cdec/antenna/tag/e2806894000050038662154f, 88
1652702173.882191, sdrt-health/mac:02010b41cdec/antenna/tag/e2806894000040038662114f, 85
1652702173.930245, sdrt-health/mac:02010b41cdec/antenna/tag/e28068940000400386621d4f, 96
1652702173.963643, sdrt-health/mac:02010b41cdec/antenna/tag/e28068940000400386621d4f, 90
1652702174.004092, sdrt-health/mac:02010b41cdec/antenna/tag/e2806894000050038662154f, 88
1652702174.004312, sdrt-health/mac:02010b41cdec/antenna/tag/e28068940000400386621d4f, 90
1652702174.022831, sdrt-health/mac:02010b41cdec/antenna/tag/e28068940000500386620d4f, 90
1652702174.084551, sdrt-health/mac:02010b41cdec/antenna/tag/e28068940000400386621d4f, 96
1652702174.15365, sdrt-health/mac:02010b41cdec/antenna/tag/e2806894000050038661fd4f, 97
1652702174.197247, sdrt-health/mac:02010b41cdec/antenna/tag/e28068940000400386621d4f, 96
1652702174.243586, sdrt-health/mac:02010b41cdec/antenna/tag/e28068940000400386621d4f, 96
1652702174.333671, sdrt-health/mac:02010b41cdec/antenna/tag/e2806894000050038661fd4f, 91
1652702174.378375, sdrt-health/mac:02010b41cdec/antenna/tag/e2806894000040038662114f, 93
1652702174.423602, sdrt-health/mac:02010b41cdec/antenna/tag/e28068940000500386620d4f, 83
1652702174.491161, sdrt-health/mac:02010b41cdec/antenna/tag/e2806894000040038662114f, 85
1652702174.492402, sdrt-health/mac:02010b41cdec/antenna/tag/e2806894000050038662154f, 85
1652702174.517681, sdrt-health/mac:02010b41cdec/antenna/tag/e28068940000400386621d4f, 96
1652702174.6174, sdrt-health/mac:02010b41cdec/antenna/tag/e28068940000500386620d4f, 83
1652702174.664996, sdrt-health/mac:02010b41cdec/antenna/tag/e2806894000050038661fd4f, 83
1652702174.706106, sdrt-health/mac:02010b41cdec/antenna/tag/e2806894000040038662114f, 88
1652702174.706311, sdrt-health/mac:02010b41cdec/antenna/tag/e28068940000400386621d4f, 96
1652702174.706427, sdrt-health/mac:02010b41cdec/antenna/tag/e28068940000400386621d4f, 96
1652702174.706536, sdrt-health/mac:02010b41cdec/antenna/tag/e2806894000050038661fd4f, 83
1652702174.733301, sdrt-health/mac:02010b41cdec/antenna/tag/e2806894000040038662114f, 93
1652702174.780155, sdrt-health/mac:02010b41cdec/antenna/tag/e2806894000050038661fd4f, 91
1652702174.812198, sdrt-health/mac:02010b41cdec/antenna/tag/e28068940000400386621d4f, 90
1652702174.81242, sdrt-health/mac:02010b41cdec/antenna/tag/e2806894000050038662154f, 85
1652702174.830508, sdrt-health/mac:02010b41cdec/antenna/tag/e2806894000040038662114f, 93
1652702175.002111, sdrt-health/mac:02010b41cdec/antenna/tag/e28068940000500386620d4f, 83
1652702175.062291, sdrt-health/mac:02010b41cdec/antenna/tag/e2806894000050038662154f, 88
1652702175.129053, sdrt-health/mac:02010b41cdec/antenna/tag/e2806894000050038662154f, 88
1652702175.129393, sdrt-health/mac:02010b41cdec/antenna/tag/e2806894000040038662114f, 85
1652702175.144899, sdrt-health/mac:02010b41cdec/antenna/tag/e2806894000040038662114f, 85
1652702175.152821, sdrt-health/mac:02010b41cdec/antenna/tag/e2806894000040038662114f, 93
1652702175.161576, sdrt-health/mac:02010b41cdec/antenna/tag/e2806894000050038662154f, 85
1652702175.213759, sdrt-health/mac:02010b41cdec/antenna/tag/e28068940000400386621d4f, 96
1652702175.217062, sdrt-health/mac:02010b41cdec/antenna/tag/e28068940000500386620d4f, 80
1652702175.31947, sdrt-health/mac:02010b41cdec/antenna/tag/e28068940000400386621d4f, 96
1652702175.319683, sdrt-health/mac:02010b41cdec/antenna/tag/e2806894000050038662154f, 85
1652702175.395812, sdrt-health/mac:02010b41cdec/antenna/tag/e2806894000040038662114f, 87
1652702175.429073, sdrt-health/mac:02010b41cdec/antenna/tag/e28068940000400386621d4f, 90
1652702175.429366, sdrt-health/mac:02010b41cdec/antenna/tag/e28068940000400386621d4f, 96
1652702175.45149, sdrt-health/mac:02010b41cdec/antenna/tag/e2806894000050038662154f, 85
1652702175.505588, sdrt-health/mac:02010b41cdec/antenna/tag/e28068940000400386621d4f, 90
1652702175.557896, sdrt-health/mac:02010b41cdec/antenna/tag/e2806894000040038662114f, 93
1652702175.558145, sdrt-health/mac:02010b41cdec/antenna/tag/e28068940000400386621d4f, 96
1652702175.57724, sdrt-health/mac:02010b41cdec/antenna/tag/e2806894000040038662114f, 88
1652702175.608423, sdrt-health/mac:02010b41cdec/antenna/tag/e2806894000050038661fd4f, 86
1652702175.608619, sdrt-health/mac:02010b41cdec/antenna/tag/e2806894000050038662154f, 93
1652702175.632455, sdrt-health/mac:02010b41cdec/antenna/tag/e2806894000050038662154f, 85
1652702175.690586, sdrt-health/mac:02010b41cdec/antenna/tag/e28068940000500386620d4f, 80
1652702175.753723, sdrt-health/mac:02010b41cdec/antenna/tag/e2806894000050038661fd4f, 83
1652702175.753938, sdrt-health/mac:02010b41cdec/antenna/tag/e2806894000050038661fd4f, 83
1652702175.768801, sdrt-health/mac:02010b41cdec/antenna/tag/e2806894000040038662114f, 88
1652702175.769073, sdrt-health/mac:02010b41cdec/antenna/tag/e28068940000500386620d4f, 83
1652702175.782892, sdrt-health/mac:02010b41cdec/antenna/tag/e2806894000050038662154f, 85
1652702175.83256, sdrt-health/mac:02010b41cdec/antenna/tag/e2806894000050038661fd4f, 91
1652702175.8662, sdrt-health/mac:02010b41cdec/antenna/tag/e2806894000050038662154f, 85
1652702175.86644, sdrt-health/mac:02010b41cdec/antenna/tag/e28068940000400386621d4f, 77
1652702175.881916, sdrt-health/mac:02010b41cdec/antenna/tag/e2806894000050038661fd4f, 91
1652702175.93143, sdrt-health/mac:02010b41cdec/antenna/tag/e2806894000040038662114f, 85
1652702175.977704, sdrt-health/mac:02010b41cdec/antenna/tag/e28068940000500386620d4f, 80
1652702175.979903, sdrt-health/mac:02010b41cdec/antenna/tag/e2806894000050038661fd4f, 97
1652702176.02298, sdrt-health/mac:02010b41cdec/antenna/tag/e28068940000500386620d4f, 83
1652702176.072834, sdrt-health/mac:02010b41cdec/antenna/tag/e28068940000400386621d4f, 96
1652702176.073458, sdrt-health/mac:02010b41cdec/antenna/tag/e2806894000050038661fd4f, 97
1652702176.139334, sdrt-health/mac:02010b41cdec/antenna/tag/e28068940000500386620d4f, 83
1652702176.139644, sdrt-health/mac:02010b41cdec/antenna/tag/e2806894000050038662154f, 91
1652702176.155641, sdrt-health/mac:02010b41cdec/antenna/tag/e2806894000040038662114f, 87
1652702176.162955, sdrt-health/mac:02010b41cdec/antenna/tag/e2806894000040038662114f, 93
1652702176.1722, sdrt-health/mac:02010b41cdec/antenna/tag/e2806894000050038661fd4f, 88
1652702176.20362, sdrt-health/mac:02010b41cdec/antenna/tag/e2806894000040038662114f, 87
1652702176.262737, sdrt-health/mac:02010b41cdec/antenna/tag/e2806894000050038662154f, 93
1652702176.330392, sdrt-health/mac:02010b41cdec/antenna/tag/e28068940000500386620d4f, 90
1652702176.330968, sdrt-health/mac:02010b41cdec/antenna/tag/e2806894000050038662154f, 93
1652702176.331456, sdrt-health/mac:02010b41cdec/antenna/tag/e2806894000050038661fd4f, 97
1652702176.353178, sdrt-health/mac:02010b41cdec/antenna/tag/e28068940000400386621d4f, 90
1652702176.353582, sdrt-health/mac:02010b41cdec/antenna/tag/e2806894000040038662114f, 93
1652702176.410692, sdrt-health/mac:02010b41cdec/antenna/tag/e28068940000400386621d4f, 90
1652702176.456284, sdrt-health/mac:02010b41cdec/antenna/tag/e28068940000400386621d4f, 90
1652702176.509505, sdrt-health/mac:02010b41cdec/antenna/tag/e28068940000500386620d4f, 83
1652702176.509685, sdrt-health/mac:02010b41cdec/antenna/tag/e2806894000050038662154f, 88
1652702176.539547, sdrt-health/mac:02010b41cdec/antenna/tag/e2806894000050038661fd4f, 83
1652702176.579968, sdrt-health/mac:02010b41cdec/antenna/tag/e2806894000050038661fd4f, 83
1652702176.580171, sdrt-health/mac:02010b41cdec/antenna/tag/e2806894000050038661fd4f, 83
1652702176.630139, sdrt-health/mac:02010b41cdec/antenna/tag/e2806894000040038662114f, 85
1652702176.682022, sdrt-health/mac:02010b41cdec/antenna/tag/e2806894000050038661fd4f, 83
1652702176.682339, sdrt-health/mac:02010b41cdec/antenna/tag/e2806894000050038662154f, 88
1652702176.699498, sdrt-health/mac:02010b41cdec/antenna/tag/e28068940000400386621d4f, 90
1652702176.713913, sdrt-health/mac:02010b41cdec/antenna/tag/e2806894000050038661fd4f, 91
1652702176.768637, sdrt-health/mac:02010b41cdec/antenna/tag/e2806894000050038662154f, 85
1652702176.768846, sdrt-health/mac:02010b41cdec/antenna/tag/e2806894000050038661fd4f, 91
1652702176.831307, sdrt-health/mac:02010b41cdec/antenna/tag/e28068940000400386621d4f, 96
1652702176.862418, sdrt-health/mac:02010b41cdec/antenna/tag/e2806894000040038662054f, 84
1652702176.86269, sdrt-health/mac:02010b41cdec/antenna/tag/e28068940000400386621d4f, 96
1652702176.902892, sdrt-health/mac:02010b41cdec/antenna/tag/e2806894000050038661fd4f, 83
1652702176.959427, sdrt-health/mac:02010b41cdec/antenna/tag/e2806894000040038662114f, 85
1652702176.992614, sdrt-health/mac:02010b41cdec/antenna/tag/e2806894000050038662154f, 85
1652702176.992822, sdrt-health/mac:02010b41cdec/antenna/tag/e2806894000050038662154f, 88
1652702177.052543, sdrt-health/mac:02010b41cdec/antenna/tag/e2806894000040038662114f, 85
1652702177.084035, sdrt-health/mac:02010b41cdec/antenna/tag/e28068940000500386620d4f, 83
1652702177.084291, sdrt-health/mac:02010b41cdec/antenna/tag/e28068940000400386621d4f, 90
1652702177.103711, sdrt-health/mac:02010b41cdec/antenna/tag/e2806894000040038662114f, 93
1652702177.144217, sdrt-health/mac:02010b41cdec/antenna/tag/e2806894000050038661fd4f, 91
1652702177.173222, sdrt-health/mac:02010b41cdec/antenna/tag/e28068940000400386621d4f, 77
1652702177.173476, sdrt-health/mac:02010b41cdec/antenna/tag/e28068940000500386620d4f, 83
1652702177.192629, sdrt-health/mac:02010b41cdec/antenna/tag/e28068940000500386620d4f, 83
1652702177.233546, sdrt-health/mac:02010b41cdec/antenna/tag/e28068940000500386620d4f, 83
1652702177.234126, sdrt-health/mac:02010b41cdec/antenna/tag/e2806894000050038661fd4f, 97
1652702177.247988, sdrt-health/mac:02010b41cdec/antenna/tag/e2806894000050038662154f, 93
1652702177.248198, sdrt-health/mac:02010b41cdec/antenna/tag/e2806894000040038662114f, 87
1652702177.283183, sdrt-health/mac:02010b41cdec/antenna/tag/e2806894000040038662114f, 85
1652702177.337055, sdrt-health/mac:02010b41cdec/antenna/tag/e28068940000500386620d4f, 83
1652702177.337255, sdrt-health/mac:02010b41cdec/antenna/tag/e2806894000040038662114f, 87
1652702177.362594, sdrt-health/mac:02010b41cdec/antenna/tag/e28068940000400386621d4f, 96
1652702177.362992, sdrt-health/mac:02010b41cdec/antenna/tag/e28068940000400386621d4f, 90
1652702177.403251, sdrt-health/mac:02010b41cdec/antenna/tag/e2806894000040038662114f, 85
1652702177.477667, sdrt-health/mac:02010b41cdec/antenna/tag/e2806894000050038661fd4f, 91
1652702177.477882, sdrt-health/mac:02010b41cdec/antenna/tag/e2806894000040038662114f, 83
1652702177.514233, sdrt-health/mac:02010b41cdec/antenna/tag/e28068940000500386620d4f, 83
1652702177.596437, sdrt-health/mac:02010b41cdec/antenna/tag/e2806894000040038662114f, 85
1652702177.596703, sdrt-health/mac:02010b41cdec/antenna/tag/e28068940000500386620d4f, 83
1652702177.612011, sdrt-health/mac:02010b41cdec/antenna/tag/e28068940000400386621d4f, 96
1652702177.623046, sdrt-health/mac:02010b41cdec/antenna/tag/e28068940000500386620d4f, 83
1652702177.626946, sdrt-health/mac:02010b41cdec/antenna/tag/e2806894000040038662114f, 85
1652702177.676796, sdrt-health/mac:02010b41cdec/antenna/tag/e28068940000400386621d4f, 96
1652702177.713137, sdrt-health/mac:02010b41cdec/antenna/tag/e28068940000400386621d4f, 96
1652702177.780633, sdrt-health/mac:02010b41cdec/antenna/tag/e28068940000400386621d4f, 77
1652702177.780888, sdrt-health/mac:02010b41cdec/antenna/tag/e2806894000050038661fd4f, 91
1652702177.799131, sdrt-health/mac:02010b41cdec/antenna/tag/e28068940000500386620d4f, 83
1652702177.81899, sdrt-health/mac:02010b41cdec/antenna/tag/e2806894000050038662154f, 93
1652702177.851049, sdrt-health/mac:02010b41cdec/antenna/tag/e28068940000500386620d4f, 83
1652702177.851281, sdrt-health/mac:02010b41cdec/antenna/tag/e28068940000400386621d4f, 77
1652702177.866061, sdrt-health/mac:02010b41cdec/antenna/tag/e28068940000500386620d4f, 83
1652702177.912898, sdrt-health/mac:02010b41cdec/antenna/tag/e2806894000050038661fd4f, 83
1652702177.943116, sdrt-health/mac:02010b41cdec/antenna/tag/e2806894000050038662154f, 85
1652702177.943332, sdrt-health/mac:02010b41cdec/antenna/tag/e28068940000500386620d4f, 83
1652702177.959503, sdrt-health/mac:02010b41cdec/antenna/tag/e2806894000050038661fd4f, 97
1652702178.004848, sdrt-health/mac:02010b41cdec/antenna/tag/e2806894000050038661fd4f, 97
1652702178.059095, sdrt-health/mac:02010b41cdec/antenna/tag/e2806894000050038662154f, 88
1652702178.059306, sdrt-health/mac:02010b41cdec/antenna/tag/e2806894000050038661fd4f, 91
1652702178.085005, sdrt-health/mac:02010b41cdec/antenna/tag/e28068940000400386621d4f, 90
1652702178.10348, sdrt-health/mac:02010b41cdec/antenna/tag/e2806894000050038662154f, 85
1652702178.141055, sdrt-health/mac:02010b41cdec/antenna/tag/e28068940000400386621d4f, 96
1652702178.215126, sdrt-health/mac:02010b41cdec/antenna/tag/e2806894000050038662154f, 85
1652702178.215698, sdrt-health/mac:02010b41cdec/antenna/tag/e2806894000050038661fd4f, 97
1652702178.244321, sdrt-health/mac:02010b41cdec/antenna/tag/e2806894000050038662154f, 87
1652702178.286581, sdrt-health/mac:02010b41cdec/antenna/tag/e2806894000050038662154f, 85
1652702178.405747, sdrt-health/mac:02010b41cdec/antenna/tag/e2806894000050038661fd4f, 83
1652702178.406115, sdrt-health/mac:02010b41cdec/antenna/tag/e2806894000040038662114f, 88
1652702178.406381, sdrt-health/mac:02010b41cdec/antenna/tag/e28068940000400386621d4f, 77
1652702178.426003, sdrt-health/mac:02010b41cdec/antenna/tag/e28068940000500386620d4f, 83
1652702178.476198, sdrt-health/mac:02010b41cdec/antenna/tag/e2806894000050038662154f, 85
1652702178.559781, sdrt-health/mac:02010b41cdec/antenna/tag/e28068940000500386620d4f, 83
1652702178.559999, sdrt-health/mac:02010b41cdec/antenna/tag/e2806894000050038662154f, 93
1652702178.58426, sdrt-health/mac:02010b41cdec/antenna/tag/e2806894000040038662114f, 93
1652702178.698417, sdrt-health/mac:02010b41cdec/antenna/tag/e2806894000050038661fd4f, 91
1652702178.757573, sdrt-health/mac:02010b41cdec/antenna/tag/e2806894000050038662154f, 93
1652702178.821512, sdrt-health/mac:02010b41cdec/antenna/tag/e2806894000050038662154f, 93
1652702178.821778, sdrt-health/mac:02010b41cdec/antenna/tag/e2806894000050038661fd4f, 83
1652702178.842118, sdrt-health/mac:02010b41cdec/antenna/tag/e2806894000050038661fd4f, 83
1652702178.846507, sdrt-health/mac:02010b41cdec/antenna/tag/e2806894000050038661fd4f, 83
1652702178.863184, sdrt-health/mac:02010b41cdec/antenna/tag/e2806894000040038662114f, 85
1652702178.887398, sdrt-health/mac:02010b41cdec/antenna/tag/e2806894000040038662114f, 93
1652702178.926642, sdrt-health/mac:02010b41cdec/antenna/tag/e28068940000500386620d4f, 83
1652702178.981287, sdrt-health/mac:02010b41cdec/antenna/tag/e2806894000050038662154f, 87
1652702178.981713, sdrt-health/mac:02010b41cdec/antenna/tag/e2806894000040038662114f, 85
1652702179.003423, sdrt-health/mac:02010b41cdec/antenna/tag/e2806894000040038662114f, 85
1652702179.063403, sdrt-health/mac:02010b41cdec/antenna/tag/e2806894000050038661fd4f, 97
1652702179.102055, sdrt-health/mac:02010b41cdec/antenna/tag/e28068940000500386620d4f, 83
1652702179.10226, sdrt-health/mac:02010b41cdec/antenna/tag/e2806894000050038662154f, 85
1652702179.123109, sdrt-health/mac:02010b41cdec/antenna/tag/e28068940000500386620d4f, 83
1652702179.123318, sdrt-health/mac:02010b41cdec/antenna/tag/e2806894000050038661fd4f, 97
1652702179.153798, sdrt-health/mac:02010b41cdec/antenna/tag/e2806894000050038661fd4f, 83
1652702179.220847, sdrt-health/mac:02010b41cdec/antenna/tag/e2806894000040038662114f, 85
1652702179.221194, sdrt-health/mac:02010b41cdec/antenna/tag/e28068940000500386620d4f, 83
1652702179.241101, sdrt-health/mac:02010b41cdec/antenna/tag/e28068940000400386621d4f, 90
1652702179.257279, sdrt-health/mac:02010b41cdec/antenna/tag/e28068940000500386620d4f, 83
1652702179.320789, sdrt-health/mac:02010b41cdec/antenna/tag/e2806894000040038662114f, 85
1652702179.321076, sdrt-health/mac:02010b41cdec/antenna/tag/e2806894000040038662114f, 93
1652702179.336473, sdrt-health/mac:02010b41cdec/antenna/tag/e28068940000500386620d4f, 90
1652702179.354099, sdrt-health/mac:02010b41cdec/antenna/tag/e2806894000050038661fd4f, 97
1652702179.411277, sdrt-health/mac:02010b41cdec/antenna/tag/e2806894000050038661fd4f, 91
1652702179.411476, sdrt-health/mac:02010b41cdec/antenna/tag/e28068940000500386620d4f, 83
1652702179.470572, sdrt-health/mac:02010b41cdec/antenna/tag/e28068940000500386620d4f, 83
1652702179.501848, sdrt-health/mac:02010b41cdec/antenna/tag/e28068940000500386620d4f, 83
1652702179.502183, sdrt-health/mac:02010b41cdec/antenna/tag/e2806894000050038661fd4f, 83
1652702179.530604, sdrt-health/mac:02010b41cdec/antenna/tag/e2806894000040038662114f, 85
1652702179.577257, sdrt-health/mac:02010b41cdec/antenna/tag/e2806894000050038661fd4f, 83
1652702179.577517, sdrt-health/mac:02010b41cdec/antenna/tag/e2806894000050038662154f, 88
1652702179.613378, sdrt-health/mac:02010b41cdec/antenna/tag/e28068940000400386621d4f, 90
1652702179.65712, sdrt-health/mac:02010b41cdec/antenna/tag/e28068940000400386621d4f, 90
1652702179.702608, sdrt-health/mac:02010b41cdec/antenna/tag/e28068940000400386621d4f, 96
1652702179.732993, sdrt-health/mac:02010b41cdec/antenna/tag/e2806894000040038662114f, 85
1652702179.733301, sdrt-health/mac:02010b41cdec/antenna/tag/e2806894000050038662154f, 85
1652702179.753592, sdrt-health/mac:02010b41cdec/antenna/tag/e28068940000400386621d4f, 96
1652702179.81808, sdrt-health/mac:02010b41cdec/antenna/tag/e28068940000500386620d4f, 83
1652702179.818406, sdrt-health/mac:02010b41cdec/antenna/tag/e28068940000400386621d4f, 96
1652702179.843484, sdrt-health/mac:02010b41cdec/antenna/tag/e2806894000050038661fd4f, 97
1652702179.932787, sdrt-health/mac:02010b41cdec/antenna/tag/e2806894000050038662154f, 93
1652702179.933257, sdrt-health/mac:02010b41cdec/antenna/tag/e2806894000050038662154f, 93
1652702179.957531, sdrt-health/mac:02010b41cdec/antenna/tag/e28068940000400386621d4f, 96
1652702179.998199, sdrt-health/mac:02010b41cdec/antenna/tag/e28068940000400386621d4f, 77
1652702179.998551, sdrt-health/mac:02010b41cdec/antenna/tag/e2806894000050038662154f, 85
1652702180.023306, sdrt-health/mac:02010b41cdec/antenna/tag/e2806894000050038661fd4f, 91
1652702180.023633, sdrt-health/mac:02010b41cdec/antenna/tag/e28068940000400386621d4f, 96
1652702180.042722, sdrt-health/mac:02010b41cdec/antenna/tag/e2806894000040038662114f, 87
1652702180.100529, sdrt-health/mac:02010b41cdec/antenna/tag/e28068940000400386621d4f, 96
1652702180.133399, sdrt-health/mac:02010b41cdec/antenna/tag/e28068940000500386620d4f, 83
1652702180.1338, sdrt-health/mac:02010b41cdec/antenna/tag/e28068940000400386621d4f, 96
1652702180.155841, sdrt-health/mac:02010b41cdec/antenna/tag/e2806894000040038662114f, 85
1652702180.18841, sdrt-health/mac:02010b41cdec/antenna/tag/e28068940000500386620d4f, 80
1652702180.188637, sdrt-health/mac:02010b41cdec/antenna/tag/e2806894000040038662114f, 87
1652702180.205407, sdrt-health/mac:02010b41cdec/antenna/tag/e28068940000500386620d4f, 83
1652702180.243528, sdrt-health/mac:02010b41cdec/antenna/tag/e2806894000040038662114f, 93
1652702180.287524, sdrt-health/mac:02010b41cdec/antenna/tag/e2806894000050038661fd4f, 91
1652702180.338581, sdrt-health/mac:02010b41cdec/antenna/tag/e28068940000500386620d4f, 83
1652702180.338783, sdrt-health/mac:02010b41cdec/antenna/tag/e2806894000040038662114f, 85
1652702180.401298, sdrt-health/mac:02010b41cdec/antenna/tag/e28068940000500386620d4f, 83
1652702180.444332, sdrt-health/mac:02010b41cdec/antenna/tag/e28068940000500386620d4f, 83
1652702180.509191, sdrt-health/mac:02010b41cdec/antenna/tag/e2806894000050038662154f, 88
1652702180.509519, sdrt-health/mac:02010b41cdec/antenna/tag/e28068940000400386621d4f, 90
1652702180.525724, sdrt-health/mac:02010b41cdec/antenna/tag/e2806894000050038662154f, 85
1652702180.54057, sdrt-health/mac:02010b41cdec/antenna/tag/e2806894000050038661fd4f, 83
1652702180.605308, sdrt-health/mac:02010b41cdec/antenna/tag/e2806894000040038662114f, 88
1652702180.605521, sdrt-health/mac:02010b41cdec/antenna/tag/e2806894000040038662114f, 85
1652702180.605668, sdrt-health/mac:02010b41cdec/antenna/tag/e2806894000040038662114f, 85
1652702180.653885, sdrt-health/mac:02010b41cdec/antenna/tag/e28068940000400386621d4f, 96
1652702180.689768, sdrt-health/mac:02010b41cdec/antenna/tag/e28068940000500386620d4f, 83
1652702180.690027, sdrt-health/mac:02010b41cdec/antenna/tag/e2806894000050038662154f, 88
1652702180.708554, sdrt-health/mac:02010b41cdec/antenna/tag/e28068940000400386621d4f, 90
1652702180.761428, sdrt-health/mac:02010b41cdec/antenna/tag/e28068940000500386620d4f, 83
1652702180.762121, sdrt-health/mac:02010b41cdec/antenna/tag/e28068940000500386620d4f, 83
1652702180.803533, sdrt-health/mac:02010b41cdec/antenna/tag/e2806894000050038662154f, 88
1652702180.84473, sdrt-health/mac:02010b41cdec/antenna/tag/e2806894000050038662154f, 93
1652702180.893805, sdrt-health/mac:02010b41cdec/antenna/tag/e28068940000400386621d4f, 96
1652702180.970936, sdrt-health/mac:02010b41cdec/antenna/tag/e2806894000050038661fd4f, 91
1652702180.971128, sdrt-health/mac:02010b41cdec/antenna/tag/e28068940000400386621d4f, 77
1652702180.990042, sdrt-health/mac:02010b41cdec/antenna/tag/e2806894000040038662114f, 87
1652702181.004067, sdrt-health/mac:02010b41cdec/antenna/tag/e2806894000050038662154f, 88
1652702181.007379, sdrt-health/mac:02010b41cdec/antenna/tag/e2806894000050038661fd4f, 97
1652702181.046529, sdrt-health/mac:02010b41cdec/antenna/tag/e28068940000400386621d4f, 96
1652702181.079438, sdrt-health/mac:02010b41cdec/antenna/tag/e2806894000040038662114f, 93
1652702181.0799, sdrt-health/mac:02010b41cdec/antenna/tag/e28068940000500386620d4f, 83
1652702181.080174, sdrt-health/mac:02010b41cdec/antenna/tag/e2806894000050038661fd4f, 91
1652702181.101179, sdrt-health/mac:02010b41cdec/antenna/tag/e28068940000400386621d4f, 90
1652702181.144397, sdrt-health/mac:02010b41cdec/antenna/tag/e2806894000050038662154f, 85
1652702181.198368, sdrt-health/mac:02010b41cdec/antenna/tag/e2806894000050038662154f, 85
1652702181.230152, sdrt-health/mac:02010b41cdec/antenna/tag/e28068940000400386621d4f, 96
1652702181.230474, sdrt-health/mac:02010b41cdec/antenna/tag/e2806894000040038662114f, 85
1652702181.243923, sdrt-health/mac:02010b41cdec/antenna/tag/e28068940000400386621d4f, 96
1652702181.282833, sdrt-health/mac:02010b41cdec/antenna/tag/e28068940000500386620d4f, 83
1652702181.382696, sdrt-health/mac:02010b41cdec/antenna/tag/e2806894000050038661fd4f, 91
1652702181.383168, sdrt-health/mac:02010b41cdec/antenna/tag/e28068940000500386620d4f, 83
1652702181.417538, sdrt-health/mac:02010b41cdec/antenna/tag/e28068940000500386620d4f, 83
1652702181.479018, sdrt-health/mac:02010b41cdec/antenna/tag/e2806894000050038662154f, 85
1652702181.479384, sdrt-health/mac:02010b41cdec/antenna/tag/e28068940000400386621d4f, 90
1652702181.494297, sdrt-health/mac:02010b41cdec/antenna/tag/e2806894000050038662154f, 85
1652702181.513101, sdrt-health/mac:02010b41cdec/antenna/tag/e2806894000050038662154f, 88
1652702181.622727, sdrt-health/mac:02010b41cdec/antenna/tag/e28068940000400386621d4f, 90
1652702181.62299, sdrt-health/mac:02010b41cdec/antenna/tag/e2806894000050038661fd4f, 91
1652702181.683317, sdrt-health/mac:02010b41cdec/antenna/tag/e28068940000400386621d4f, 96
1652702181.719923, sdrt-health/mac:02010b41cdec/antenna/tag/e2806894000040038662114f, 93
1652702181.72012, sdrt-health/mac:02010b41cdec/antenna/tag/e2806894000050038662154f, 88
1652702181.737222, sdrt-health/mac:02010b41cdec/antenna/tag/e2806894000050038662154f, 85
1652702181.78534, sdrt-health/mac:02010b41cdec/antenna/tag/e2806894000040038662214f, 88
1652702181.854639, sdrt-health/mac:02010b41cdec/antenna/tag/e28068940000400386621d4f, 77
1652702181.854958, sdrt-health/mac:02010b41cdec/antenna/tag/e2806894000050038662154f, 93
1652702181.874304, sdrt-health/mac:02010b41cdec/antenna/tag/e2806894000050038661fd4f, 91
1652702181.927552, sdrt-health/mac:02010b41cdec/antenna/tag/e28068940000400386621d4f, 96
1652702181.995645, sdrt-health/mac:02010b41cdec/antenna/tag/e2806894000040038662114f, 85
1652702181.995977, sdrt-health/mac:02010b41cdec/antenna/tag/e2806894000040038662114f, 93
1652702182.011097, sdrt-health/mac:02010b41cdec/antenna/tag/e28068940000500386620d4f, 83
1652702182.078017, sdrt-health/mac:02010b41cdec/antenna/tag/e2806894000040038662114f, 85
1652702182.159394, sdrt-health/mac:02010b41cdec/antenna/tag/e28068940000400386621d4f, 90
1652702182.159798, sdrt-health/mac:02010b41cdec/antenna/tag/e28068940000400386621d4f, 90
1652702182.176015, sdrt-health/mac:02010b41cdec/antenna/tag/e2806894000050038662154f, 85
1652702182.213983, sdrt-health/mac:02010b41cdec/antenna/tag/e2806894000040038662114f, 88
1652702182.214322, sdrt-health/mac:02010b41cdec/antenna/tag/e2806894000050038662154f, 85
1652702182.230794, sdrt-health/mac:02010b41cdec/antenna/tag/e28068940000500386620d4f, 83
1652702182.23143, sdrt-health/mac:02010b41cdec/antenna/tag/e2806894000050038662154f, 93
1652702182.243513, sdrt-health/mac:02010b41cdec/antenna/tag/e28068940000400386621d4f, 96
1652702182.248374, sdrt-health/mac:02010b41cdec/antenna/tag/e28068940000500386620d4f, 83
1652702182.282188, sdrt-health/mac:02010b41cdec/antenna/tag/e28068940000500386620d4f, 90
1652702182.320769, sdrt-health/mac:02010b41cdec/antenna/tag/e2806894000050038661fd4f, 91
1652702182.320975, sdrt-health/mac:02010b41cdec/antenna/tag/e28068940000400386621d4f, 77
1652702182.337027, sdrt-health/mac:02010b41cdec/antenna/tag/e2806894000050038662154f, 93
1652702182.367082, sdrt-health/mac:02010b41cdec/antenna/tag/e28068940000500386620d4f, 83
1652702182.404114, sdrt-health/mac:02010b41cdec/antenna/tag/e2806894000050038661fd4f, 97
1652702182.446408, sdrt-health/mac:02010b41cdec/antenna/tag/e2806894000050038661fd4f, 97
1652702182.537731, sdrt-health/mac:02010b41cdec/antenna/tag/e2806894000050038662154f, 85
1652702182.584812, sdrt-health/mac:02010b41cdec/antenna/tag/e2806894000040038662114f, 93
1652702182.651428, sdrt-health/mac:02010b41cdec/antenna/tag/e28068940000400386621d4f, 96
1652702182.651779, sdrt-health/mac:02010b41cdec/antenna/tag/e28068940000500386620d4f, 83
1652702182.697896, sdrt-health/mac:02010b41cdec/antenna/tag/e2806894000050038662154f, 85
1652702182.750424, sdrt-health/mac:02010b41cdec/antenna/tag/e2806894000040038662114f, 93
1652702182.812761, sdrt-health/mac:02010b41cdec/antenna/tag/e2806894000050038662154f, 85
1652702182.856747, sdrt-health/mac:02010b41cdec/antenna/tag/e2806894000050038661fd4f, 97
1652702182.917828, sdrt-health/mac:02010b41cdec/antenna/tag/e2806894000050038662154f, 88
1652702182.918239, sdrt-health/mac:02010b41cdec/antenna/tag/e28068940000400386621d4f, 96
1652702182.933174, sdrt-health/mac:02010b41cdec/antenna/tag/e2806894000050038662154f, 88
1652702182.954163, sdrt-health/mac:02010b41cdec/antenna/tag/e2806894000040038662114f, 85
1652702183.023114, sdrt-health/mac:02010b41cdec/antenna/tag/e2806894000040038662054f, 84
1652702183.023558, sdrt-health/mac:02010b41cdec/antenna/tag/e28068940000400386621d4f, 90
1652702183.03944, sdrt-health/mac:02010b41cdec/antenna/tag/e2806894000050038662154f, 85
1652702183.0678, sdrt-health/mac:02010b41cdec/antenna/tag/e28068940000500386620d4f, 83
1652702183.104882, sdrt-health/mac:02010b41cdec/antenna/tag/e28068940000500386620d4f, 83
1652702183.150797, sdrt-health/mac:02010b41cdec/antenna/tag/e28068940000500386620d4f, 83
1652702183.212135, sdrt-health/mac:02010b41cdec/antenna/tag/e2806894000050038661fd4f, 91
1652702183.245854, sdrt-health/mac:02010b41cdec/antenna/tag/e2806894000050038662154f, 85
1652702183.352304, sdrt-health/mac:02010b41cdec/antenna/tag/e28068940000400386621d4f, 96
1652702183.352593, sdrt-health/mac:02010b41cdec/antenna/tag/e2806894000050038661fd4f, 83
1652702183.414572, sdrt-health/mac:02010b41cdec/antenna/tag/e28068940000400386621d4f, 90
1652702183.414795, sdrt-health/mac:02010b41cdec/antenna/tag/e2806894000040038662114f, 85
1652702183.447103, sdrt-health/mac:02010b41cdec/antenna/tag/e28068940000400386621d4f, 90
1652702183.513368, sdrt-health/mac:02010b41cdec/antenna/tag/e2806894000040038662114f, 93
1652702183.51356, sdrt-health/mac:02010b41cdec/antenna/tag/e2806894000040038662114f, 85
1652702183.51368, sdrt-health/mac:02010b41cdec/antenna/tag/e28068940000400386621d4f, 90
1652702183.51381, sdrt-health/mac:02010b41cdec/antenna/tag/e28068940000500386620d4f, 83
1652702183.562681, sdrt-health/mac:02010b41cdec/antenna/tag/e2806894000050038662154f, 88
1652702183.595079, sdrt-health/mac:02010b41cdec/antenna/tag/e28068940000500386620d4f, 83
1652702183.653512, sdrt-health/mac:02010b41cdec/antenna/tag/e2806894000050038661fd4f, 91
1652702183.653737, sdrt-health/mac:02010b41cdec/antenna/tag/e2806894000040038662114f, 93
1652702183.653856, sdrt-health/mac:02010b41cdec/antenna/tag/e2806894000050038662154f, 93
1652702183.683132, sdrt-health/mac:02010b41cdec/antenna/tag/e2806894000050038661fd4f, 91
1652702183.737031, sdrt-health/mac:02010b41cdec/antenna/tag/e2806894000040038662114f, 93
1652702183.782988, sdrt-health/mac:02010b41cdec/antenna/tag/e28068940000500386620d4f, 83
1652702183.83296, sdrt-health/mac:02010b41cdec/antenna/tag/e2806894000040038662114f, 93
1652702183.877793, sdrt-health/mac:02010b41cdec/antenna/tag/e2806894000050038662154f, 93
1652702183.911843, sdrt-health/mac:02010b41cdec/antenna/tag/e28068940000500386620d4f, 83
1652702183.912116, sdrt-health/mac:02010b41cdec/antenna/tag/e2806894000040038662114f, 85
1652702183.939229, sdrt-health/mac:02010b41cdec/antenna/tag/e2806894000040038662114f, 93
1652702183.996096, sdrt-health/mac:02010b41cdec/antenna/tag/e2806894000040038662114f, 85
1652702184.052467, sdrt-health/mac:02010b41cdec/antenna/tag/e2806894000050038661fd4f, 97
1652702184.052706, sdrt-health/mac:02010b41cdec/antenna/tag/e2806894000040038662114f, 85
1652702184.073657, sdrt-health/mac:02010b41cdec/antenna/tag/e2806894000050038661fd4f, 97
1652702184.103786, sdrt-health/mac:02010b41cdec/antenna/tag/e28068940000500386620d4f, 83
1652702184.148187, sdrt-health/mac:02010b41cdec/antenna/tag/e2806894000050038661fd4f, 83
1652702184.207425, sdrt-health/mac:02010b41cdec/antenna/tag/e2806894000050038661fd4f, 97
1652702184.207647, sdrt-health/mac:02010b41cdec/antenna/tag/e2806894000040038662114f, 88
1652702184.243247, sdrt-health/mac:02010b41cdec/antenna/tag/e28068940000500386620d4f, 90
1652702184.282505, sdrt-health/mac:02010b41cdec/antenna/tag/e2806894000050038662154f, 93
1652702184.33831, sdrt-health/mac:02010b41cdec/antenna/tag/e2806894000050038661fd4f, 97
1652702184.338533, sdrt-health/mac:02010b41cdec/antenna/tag/e2806894000040038662114f, 85
1652702184.362349, sdrt-health/mac:02010b41cdec/antenna/tag/e2806894000040038662114f, 88
1652702184.404271, sdrt-health/mac:02010b41cdec/antenna/tag/e28068940000400386621d4f, 96
1652702184.442277, sdrt-health/mac:02010b41cdec/antenna/tag/e2806894000050038662154f, 85
1652702184.483883, sdrt-health/mac:02010b41cdec/antenna/tag/e28068940000500386620d4f, 83
1652702184.515491, sdrt-health/mac:02010b41cdec/antenna/tag/e2806894000040038662114f, 93
1652702184.516129, sdrt-health/mac:02010b41cdec/antenna/tag/e2806894000050038661fd4f, 91
1652702184.552568, sdrt-health/mac:02010b41cdec/antenna/tag/e2806894000040038662114f, 93
1652702184.59304, sdrt-health/mac:02010b41cdec/antenna/tag/e2806894000050038662154f, 85
1652702184.642587, sdrt-health/mac:02010b41cdec/antenna/tag/e2806894000050038662154f, 85
1652702184.712001, sdrt-health/mac:02010b41cdec/antenna/tag/e2806894000050038661fd4f, 97
1652702184.712327, sdrt-health/mac:02010b41cdec/antenna/tag/e2806894000050038661fd4f, 91
1652702184.727338, sdrt-health/mac:02010b41cdec/antenna/tag/e28068940000500386620d4f, 83
1652702184.742823, sdrt-health/mac:02010b41cdec/antenna/tag/e2806894000050038662154f, 93
1652702184.773935, sdrt-health/mac:02010b41cdec/antenna/tag/e28068940000500386620d4f, 83
1652702184.774132, sdrt-health/mac:02010b41cdec/antenna/tag/e2806894000050038662154f, 88
1652702184.792165, sdrt-health/mac:02010b41cdec/antenna/tag/e28068940000400386621d4f, 96
1652702184.826773, sdrt-health/mac:02010b41cdec/antenna/tag/e2806894000040038662114f, 88
1652702184.827001, sdrt-health/mac:02010b41cdec/antenna/tag/e28068940000500386620d4f, 83
1652702184.842403, sdrt-health/mac:02010b41cdec/antenna/tag/e2806894000050038662154f, 93
1652702184.883908, sdrt-health/mac:02010b41cdec/antenna/tag/e2806894000040038662114f, 85
1652702184.954481, sdrt-health/mac:02010b41cdec/antenna/tag/e28068940000500386620d4f, 83
1652702184.954826, sdrt-health/mac:02010b41cdec/antenna/tag/e28068940000400386621d4f, 77
1652702184.970383, sdrt-health/mac:02010b41cdec/antenna/tag/e28068940000500386620d4f, 83
1652702184.9825, sdrt-health/mac:02010b41cdec/antenna/tag/e28068940000500386620d4f, 83
1652702185.033543, sdrt-health/mac:02010b41cdec/antenna/tag/e28068940000500386620d4f, 90
1652702185.098184, sdrt-health/mac:02010b41cdec/antenna/tag/e2806894000050038662154f, 87
1652702185.177977, sdrt-health/mac:02010b41cdec/antenna/tag/e28068940000400386621d4f, 96
1652702185.178242, sdrt-health/mac:02010b41cdec/antenna/tag/e2806894000050038662154f, 85
1652702185.193397, sdrt-health/mac:02010b41cdec/antenna/tag/e2806894000040038662114f, 93
1652702185.204314, sdrt-health/mac:02010b41cdec/antenna/tag/e2806894000050038661fd4f, 91
1652702185.209379, sdrt-health/mac:02010b41cdec/antenna/tag/e2806894000050038662154f, 93
1652702185.20957, sdrt-health/mac:02010b41cdec/antenna/tag/e2806894000040038662114f, 93
1652702185.275062, sdrt-health/mac:02010b41cdec/antenna/tag/e28068940000400386621d4f, 90
1652702185.321688, sdrt-health/mac:02010b41cdec/antenna/tag/e28068940000500386620d4f, 90
1652702185.387231, sdrt-health/mac:02010b41cdec/antenna/tag/e2806894000050038662154f, 85
1652702185.387478, sdrt-health/mac:02010b41cdec/antenna/tag/e28068940000400386621d4f, 96
1652702185.416504, sdrt-health/mac:02010b41cdec/antenna/tag/e28068940000500386620d4f, 83
1652702185.480823, sdrt-health/mac:02010b41cdec/antenna/tag/e28068940000500386620d4f, 90
1652702185.481085, sdrt-health/mac:02010b41cdec/antenna/tag/e2806894000050038662154f, 93
1652702185.498079, sdrt-health/mac:02010b41cdec/antenna/tag/e28068940000500386620d4f, 83
1652702185.51304, sdrt-health/mac:02010b41cdec/antenna/tag/e28068940000500386620d4f, 90
1652702185.556054, sdrt-health/mac:02010b41cdec/antenna/tag/e2806894000040038662114f, 85
1652702185.619251, sdrt-health/mac:02010b41cdec/antenna/tag/e28068940000500386620d4f, 83
1652702185.61949, sdrt-health/mac:02010b41cdec/antenna/tag/e2806894000040038662114f, 85
1652702185.636586, sdrt-health/mac:02010b41cdec/antenna/tag/e28068940000500386620d4f, 83
1652702185.658204, sdrt-health/mac:02010b41cdec/antenna/tag/e28068940000500386620d4f, 83
1652702185.731508, sdrt-health/mac:02010b41cdec/antenna/tag/e2806894000050038661fd4f, 97
1652702185.731993, sdrt-health/mac:02010b41cdec/antenna/tag/e2806894000050038662154f, 87
1652702185.74816, sdrt-health/mac:02010b41cdec/antenna/tag/e28068940000400386621d4f, 96
1652702185.780858, sdrt-health/mac:02010b41cdec/antenna/tag/e2806894000050038661fd4f, 97
1652702185.781122, sdrt-health/mac:02010b41cdec/antenna/tag/e2806894000050038662154f, 85
1652702185.781298, sdrt-health/mac:02010b41cdec/antenna/tag/e28068940000400386621d4f, 96
1652702185.818734, sdrt-health/mac:02010b41cdec/antenna/tag/e2806894000050038662154f, 87
1652702185.879992, sdrt-health/mac:02010b41cdec/antenna/tag/e28068940000500386620d4f, 83
1652702185.880259, sdrt-health/mac:02010b41cdec/antenna/tag/e2806894000040038662114f, 93
1652702185.925049, sdrt-health/mac:02010b41cdec/antenna/tag/e2806894000040038662114f, 85
1652702185.979141, sdrt-health/mac:02010b41cdec/antenna/tag/e2806894000050038661fd4f, 97
1652702185.979439, sdrt-health/mac:02010b41cdec/antenna/tag/e2806894000050038661fd4f, 83
1652702185.996877, sdrt-health/mac:02010b41cdec/antenna/tag/e2806894000050038661fd4f, 83
1652702186.023485, sdrt-health/mac:02010b41cdec/antenna/tag/e28068940000400386621d4f, 90
1652702186.072632, sdrt-health/mac:02010b41cdec/antenna/tag/e28068940000500386620d4f, 83
1652702186.13342, sdrt-health/mac:02010b41cdec/antenna/tag/e28068940000500386620d4f, 83
1652702186.133634, sdrt-health/mac:02010b41cdec/antenna/tag/e2806894000040038662114f, 88
1652702186.303113, sdrt-health/mac:02010b41cdec/antenna/tag/scan, scan stopped
