1652702519.799617, sdrt-health/mac:02010b41cdec/antenna/power/set, {"power": 300}
1652702520.874899, sdrt-health/mac:02010b41cdec/antenna/power/set, 
1652702524.821279, sdrt-health/mac:02010b41cdec/antenna/tag/scan, {"time": 20000}
1652702525.191541, sdrt-health/mac:02010b41cdec/antenna/tag/e2806894000040038662214f, 94
1652702525.233433, sdrt-health/mac:02010b41cdec/antenna/tag/e2806894000050038662154f, 85
1652702525.26607, sdrt-health/mac:02010b41cdec/antenna/tag/e2806894000050038661fd4f, 97
1652702525.266626, sdrt-health/mac:02010b41cdec/antenna/tag/e2806894000040038662114f, 88
1652702525.282113, sdrt-health/mac:02010b41cdec/antenna/tag/e28068940000400386621d4f, 77
1652702525.33669, sdrt-health/mac:02010b41cdec/antenna/tag/e28068940000400386621d4f, 77
1652702525.337245, sdrt-health/mac:02010b41cdec/antenna/tag/e2806894000050038661fd4f, 91
1652702525.371774, sdrt-health/mac:02010b41cdec/antenna/tag/e2806894000050038661fd4f, 91
1652702525.415426, sdrt-health/mac:02010b41cdec/antenna/tag/e28068940000500386620d4f, 83
1652702525.477155, sdrt-health/mac:02010b41cdec/antenna/tag/e28068940000400386621d4f, 77
1652702525.477627, sdrt-health/mac:02010b41cdec/antenna/tag/e2806894000050038662154f, 91
1652702525.511856, sdrt-health/mac:02010b41cdec/antenna/tag/e28068940000400386621d4f, 77
1652702525.591134, sdrt-health/mac:02010b41cdec/antenna/tag/e28068940000500386620d4f, 83
1652702525.59164, sdrt-health/mac:02010b41cdec/antenna/tag/e28068940000500386620d4f, 83
1652702525.606212, sdrt-health/mac:02010b41cdec/antenna/tag/e2806894000050038662154f, 91
1652702525.606703, sdrt-health/mac:02010b41cdec/antenna/tag/e2806894000050038662154f, 91
1652702525.621162, sdrt-health/mac:02010b41cdec/antenna/tag/e2806894000040038661f94f, 88
1652702525.651717, sdrt-health/mac:02010b41cdec/antenna/tag/e2806894000050038662154f, 88
1652702525.652315, sdrt-health/mac:02010b41cdec/antenna/tag/e28068940000500386620d4f, 83
1652702525.67173, sdrt-health/mac:02010b41cdec/antenna/tag/e2806894000050038661fd4f, 83
1652702525.728045, sdrt-health/mac:02010b41cdec/antenna/tag/e28068940000400386621d4f, 77
1652702525.72859, sdrt-health/mac:02010b41cdec/antenna/tag/e2806894000050038662154f, 88
1652702525.762057, sdrt-health/mac:02010b41cdec/antenna/tag/e28068940000500386620d4f, 90
1652702525.816021, sdrt-health/mac:02010b41cdec/antenna/tag/e2806894000040038662114f, 85
1652702525.816586, sdrt-health/mac:02010b41cdec/antenna/tag/e28068940000500386620d4f, 90
1652702525.831952, sdrt-health/mac:02010b41cdec/antenna/tag/e2806894000040038662114f, 88
1652702525.86183, sdrt-health/mac:02010b41cdec/antenna/tag/e28068940000500386620d4f, 90
1652702525.912206, sdrt-health/mac:02010b41cdec/antenna/tag/e2806894000040038662114f, 88
1652702525.968037, sdrt-health/mac:02010b41cdec/antenna/tag/e2806894000050038662154f, 85
1652702525.968553, sdrt-health/mac:02010b41cdec/antenna/tag/e2806894000050038661fd4f, 97
1652702525.983705, sdrt-health/mac:02010b41cdec/antenna/tag/e28068940000400386621d4f, 96
1652702526.009736, sdrt-health/mac:02010b41cdec/antenna/tag/e2806894000050038662194f, 87
1652702526.056487, sdrt-health/mac:02010b41cdec/antenna/tag/e2806894000050038662154f, 88
1652702526.086983, sdrt-health/mac:02010b41cdec/antenna/tag/e2806894000050038662194f, 81
1652702526.08731, sdrt-health/mac:02010b41cdec/antenna/tag/e28068940000400386621d4f, 77
1652702526.087525, sdrt-health/mac:02010b41cdec/antenna/tag/e2806894000050038661fd4f, 83
1652702526.303594, sdrt-health/mac:02010b41cdec/antenna/tag/e2806894000050038662154f, 88
1652702526.334122, sdrt-health/mac:02010b41cdec/antenna/tag/e28068940000500386620d4f, 83
1652702526.334583, sdrt-health/mac:02010b41cdec/antenna/tag/e2806894000040038662114f, 85
1652702526.334914, sdrt-health/mac:02010b41cdec/antenna/tag/e2806894000050038661fd4f, 91
1652702526.335295, sdrt-health/mac:02010b41cdec/antenna/tag/e2806894000040038662114f, 85
1652702526.335616, sdrt-health/mac:02010b41cdec/antenna/tag/e28068940000500386620d4f, 83
1652702526.335949, sdrt-health/mac:02010b41cdec/antenna/tag/e2806894000050038662154f, 85
1652702526.33632, sdrt-health/mac:02010b41cdec/antenna/tag/e2806894000050038662194f, 84
1652702526.364329, sdrt-health/mac:02010b41cdec/antenna/tag/e2806894000050038662194f, 88
1652702526.427498, sdrt-health/mac:02010b41cdec/antenna/tag/e28068940000500386620d4f, 83
1652702526.427726, sdrt-health/mac:02010b41cdec/antenna/tag/e2806894000040038662114f, 91
1652702526.481141, sdrt-health/mac:02010b41cdec/antenna/tag/e2806894000050038662154f, 93
1652702526.535744, sdrt-health/mac:02010b41cdec/antenna/tag/e28068940000500386620d4f, 90
1652702526.596103, sdrt-health/mac:02010b41cdec/antenna/tag/e28068940000500386620d4f, 90
1652702526.59665, sdrt-health/mac:02010b41cdec/antenna/tag/e2806894000050038661fd4f, 91
1652702526.611855, sdrt-health/mac:02010b41cdec/antenna/tag/e2806894000050038661fd4f, 97
1652702526.612429, sdrt-health/mac:02010b41cdec/antenna/tag/e2806894000040038661f94f, 94
1652702526.632055, sdrt-health/mac:02010b41cdec/antenna/tag/e2806894000040038661f94f, 84
1652702526.687542, sdrt-health/mac:02010b41cdec/antenna/tag/e2806894000050038661fd4f, 91
1652702526.688099, sdrt-health/mac:02010b41cdec/antenna/tag/e2806894000040038662114f, 85
1652702526.702527, sdrt-health/mac:02010b41cdec/antenna/tag/e2806894000050038661fd4f, 97
1652702526.742265, sdrt-health/mac:02010b41cdec/antenna/tag/e2806894000050038662194f, 88
1652702526.791822, sdrt-health/mac:02010b41cdec/antenna/tag/e2806894000050038662154f, 85
1652702526.846809, sdrt-health/mac:02010b41cdec/antenna/tag/e28068940000500386620d4f, 90
1652702526.847364, sdrt-health/mac:02010b41cdec/antenna/tag/e28068940000400386621d4f, 77
1652702526.862739, sdrt-health/mac:02010b41cdec/antenna/tag/e28068940000500386620d4f, 90
1652702526.881899, sdrt-health/mac:02010b41cdec/antenna/tag/e28068940000500386620d4f, 83
1652702526.921885, sdrt-health/mac:02010b41cdec/antenna/tag/e2806894000050038662154f, 88
1652702526.970328, sdrt-health/mac:02010b41cdec/antenna/tag/e2806894000050038662194f, 88
1652702527.015964, sdrt-health/mac:02010b41cdec/antenna/tag/e2806894000050038662194f, 88
1652702527.051632, sdrt-health/mac:02010b41cdec/antenna/tag/e2806894000040038662114f, 85
1652702527.111449, sdrt-health/mac:02010b41cdec/antenna/tag/e2806894000040038662114f, 85
1652702527.111902, sdrt-health/mac:02010b41cdec/antenna/tag/e28068940000400386621d4f, 77
1652702527.183311, sdrt-health/mac:02010b41cdec/antenna/tag/e28068940000500386620d4f, 90
1652702527.222402, sdrt-health/mac:02010b41cdec/antenna/tag/e2806894000040038662114f, 88
1652702527.222913, sdrt-health/mac:02010b41cdec/antenna/tag/e28068940000400386621d4f, 96
1652702527.237996, sdrt-health/mac:02010b41cdec/antenna/tag/e28068940000400386621d4f, 96
1652702527.238553, sdrt-health/mac:02010b41cdec/antenna/tag/e2806894000040038662114f, 88
1652702527.28199, sdrt-health/mac:02010b41cdec/antenna/tag/e28068940000400386621d4f, 77
1652702527.337274, sdrt-health/mac:02010b41cdec/antenna/tag/e28068940000400386621d4f, 77
1652702527.337738, sdrt-health/mac:02010b41cdec/antenna/tag/e2806894000050038662194f, 81
1652702527.416915, sdrt-health/mac:02010b41cdec/antenna/tag/e2806894000050038661fd4f, 97
1652702527.481989, sdrt-health/mac:02010b41cdec/antenna/tag/e28068940000500386620d4f, 83
1652702527.482505, sdrt-health/mac:02010b41cdec/antenna/tag/e2806894000040038661f94f, 103
1652702527.531077, sdrt-health/mac:02010b41cdec/antenna/tag/e2806894000050038661fd4f, 97
1652702527.607868, sdrt-health/mac:02010b41cdec/antenna/tag/e2806894000040038662114f, 88
1652702527.608383, sdrt-health/mac:02010b41cdec/antenna/tag/e2806894000050038662154f, 88
1652702527.622623, sdrt-health/mac:02010b41cdec/antenna/tag/e28068940000400386621d4f, 96
1652702527.623068, sdrt-health/mac:02010b41cdec/antenna/tag/e2806894000040038662114f, 88
1652702527.623457, sdrt-health/mac:02010b41cdec/antenna/tag/e2806894000050038662154f, 88
1652702527.639276, sdrt-health/mac:02010b41cdec/antenna/tag/e2806894000040038662114f, 85
1652702527.681367, sdrt-health/mac:02010b41cdec/antenna/tag/e28068940000400386621d4f, 96
1652702527.721651, sdrt-health/mac:02010b41cdec/antenna/tag/e2806894000040038662114f, 91
1652702527.762992, sdrt-health/mac:02010b41cdec/antenna/tag/e28068940000500386620d4f, 90
1652702527.802859, sdrt-health/mac:02010b41cdec/antenna/tag/e2806894000050038662154f, 85
1652702527.858792, sdrt-health/mac:02010b41cdec/antenna/tag/e28068940000500386620d4f, 90
1652702527.859324, sdrt-health/mac:02010b41cdec/antenna/tag/e28068940000400386621d4f, 77
1652702527.859733, sdrt-health/mac:02010b41cdec/antenna/tag/e2806894000040038662114f, 85
1652702527.875366, sdrt-health/mac:02010b41cdec/antenna/tag/e28068940000400386621d4f, 77
1652702527.875878, sdrt-health/mac:02010b41cdec/antenna/tag/e2806894000040038662114f, 85
1652702527.883138, sdrt-health/mac:02010b41cdec/antenna/tag/e2806894000050038661fd4f, 91
1652702527.892355, sdrt-health/mac:02010b41cdec/antenna/tag/e2806894000050038662154f, 93
1652702527.922933, sdrt-health/mac:02010b41cdec/antenna/tag/e28068940000400386621d4f, 77
1652702527.962279, sdrt-health/mac:02010b41cdec/antenna/tag/e2806894000050038662154f, 85
1652702528.017151, sdrt-health/mac:02010b41cdec/antenna/tag/e2806894000050038662194f, 88
1652702528.017626, sdrt-health/mac:02010b41cdec/antenna/tag/e2806894000040038662114f, 85
1652702528.032129, sdrt-health/mac:02010b41cdec/antenna/tag/e2806894000050038662194f, 94
1652702528.041146, sdrt-health/mac:02010b41cdec/antenna/tag/e2806894000050038661fd4f, 91
1652702528.083825, sdrt-health/mac:02010b41cdec/antenna/tag/e2806894000050038662154f, 87
1652702528.137891, sdrt-health/mac:02010b41cdec/antenna/tag/e28068940000400386621d4f, 77
1652702528.138453, sdrt-health/mac:02010b41cdec/antenna/tag/e2806894000050038662154f, 93
1652702528.153432, sdrt-health/mac:02010b41cdec/antenna/tag/e2806894000050038661fd4f, 97
1652702528.181776, sdrt-health/mac:02010b41cdec/antenna/tag/e2806894000040038662114f, 93
1652702528.231987, sdrt-health/mac:02010b41cdec/antenna/tag/e2806894000050038662154f, 93
1652702528.272407, sdrt-health/mac:02010b41cdec/antenna/tag/e28068940000400386621d4f, 96
1652702528.337526, sdrt-health/mac:02010b41cdec/antenna/tag/e2806894000040038662114f, 85
1652702528.338031, sdrt-health/mac:02010b41cdec/antenna/tag/e28068940000500386620d4f, 90
1652702528.352663, sdrt-health/mac:02010b41cdec/antenna/tag/e2806894000050038661fd4f, 97
1652702528.375136, sdrt-health/mac:02010b41cdec/antenna/tag/e2806894000050038662194f, 81
1652702528.445867, sdrt-health/mac:02010b41cdec/antenna/tag/e2806894000050038661fd4f, 91
1652702528.446326, sdrt-health/mac:02010b41cdec/antenna/tag/e28068940000400386621d4f, 77
1652702528.48093, sdrt-health/mac:02010b41cdec/antenna/tag/e2806894000050038661fd4f, 83
1652702528.523162, sdrt-health/mac:02010b41cdec/antenna/tag/e28068940000500386620d4f, 90
1652702528.554775, sdrt-health/mac:02010b41cdec/antenna/tag/e2806894000040038662114f, 85
1652702528.555306, sdrt-health/mac:02010b41cdec/antenna/tag/e2806894000050038661fd4f, 83
1652702528.555748, sdrt-health/mac:02010b41cdec/antenna/tag/e28068940000400386621d4f, 96
1652702528.572642, sdrt-health/mac:02010b41cdec/antenna/tag/e28068940000400386621d4f, 96
1652702528.603857, sdrt-health/mac:02010b41cdec/antenna/tag/e2806894000050038661fd4f, 83
1652702528.635802, sdrt-health/mac:02010b41cdec/antenna/tag/e2806894000050038662154f, 88
1652702528.636319, sdrt-health/mac:02010b41cdec/antenna/tag/e28068940000400386621d4f, 96
1652702528.721498, sdrt-health/mac:02010b41cdec/antenna/tag/e2806894000040038662114f, 88
1652702528.761453, sdrt-health/mac:02010b41cdec/antenna/tag/e2806894000050038661fd4f, 83
1652702528.816837, sdrt-health/mac:02010b41cdec/antenna/tag/e2806894000040038662114f, 91
1652702528.817411, sdrt-health/mac:02010b41cdec/antenna/tag/e28068940000500386620d4f, 83
1652702528.84184, sdrt-health/mac:02010b41cdec/antenna/tag/e2806894000040038662114f, 85
1652702528.872178, sdrt-health/mac:02010b41cdec/antenna/tag/e2806894000050038661fd4f, 97
1652702528.872751, sdrt-health/mac:02010b41cdec/antenna/tag/e2806894000040038662114f, 93
1652702528.90262, sdrt-health/mac:02010b41cdec/antenna/tag/e2806894000040038662114f, 93
1652702528.953195, sdrt-health/mac:02010b41cdec/antenna/tag/e2806894000040038662114f, 88
1652702528.992038, sdrt-health/mac:02010b41cdec/antenna/tag/e2806894000050038662194f, 81
1652702529.056877, sdrt-health/mac:02010b41cdec/antenna/tag/e2806894000040038661f94f, 94
1652702529.057444, sdrt-health/mac:02010b41cdec/antenna/tag/e2806894000050038661fd4f, 91
1652702529.071819, sdrt-health/mac:02010b41cdec/antenna/tag/e28068940000500386620d4f, 90
1652702529.096042, sdrt-health/mac:02010b41cdec/antenna/tag/e2806894000050038662154f, 85
1652702529.141825, sdrt-health/mac:02010b41cdec/antenna/tag/e2806894000050038662154f, 85
1652702529.209062, sdrt-health/mac:02010b41cdec/antenna/tag/e2806894000040038662114f, 93
1652702529.209536, sdrt-health/mac:02010b41cdec/antenna/tag/e28068940000400386621d4f, 96
1652702529.224811, sdrt-health/mac:02010b41cdec/antenna/tag/e2806894000050038662154f, 91
1652702529.232796, sdrt-health/mac:02010b41cdec/antenna/tag/e28068940000500386620d4f, 83
1652702529.242216, sdrt-health/mac:02010b41cdec/antenna/tag/e2806894000050038662194f, 88
1652702529.242693, sdrt-health/mac:02010b41cdec/antenna/tag/e2806894000050038662154f, 88
1652702529.282303, sdrt-health/mac:02010b41cdec/antenna/tag/e2806894000050038661fd4f, 97
1652702529.338692, sdrt-health/mac:02010b41cdec/antenna/tag/e2806894000040038662114f, 85
1652702529.339315, sdrt-health/mac:02010b41cdec/antenna/tag/e2806894000050038661fd4f, 83
1652702529.381427, sdrt-health/mac:02010b41cdec/antenna/tag/e28068940000500386620d4f, 83
1652702529.432331, sdrt-health/mac:02010b41cdec/antenna/tag/e2806894000050038661fd4f, 97
1652702529.471256, sdrt-health/mac:02010b41cdec/antenna/tag/e2806894000050038662154f, 88
1652702529.522605, sdrt-health/mac:02010b41cdec/antenna/tag/e2806894000040038661f94f, 81
1652702529.561172, sdrt-health/mac:02010b41cdec/antenna/tag/e2806894000050038662154f, 85
1652702529.617079, sdrt-health/mac:02010b41cdec/antenna/tag/e2806894000040038661f94f, 81
1652702529.617516, sdrt-health/mac:02010b41cdec/antenna/tag/e2806894000050038661fd4f, 83
1652702529.642667, sdrt-health/mac:02010b41cdec/antenna/tag/e28068940000400386621d4f, 96
1652702529.752698, sdrt-health/mac:02010b41cdec/antenna/tag/e2806894000050038661fd4f, 83
1652702529.753231, sdrt-health/mac:02010b41cdec/antenna/tag/e28068940000400386621d4f, 96
1652702529.781839, sdrt-health/mac:02010b41cdec/antenna/tag/e2806894000050038661fd4f, 91
1652702529.81194, sdrt-health/mac:02010b41cdec/antenna/tag/e28068940000400386621d4f, 96
1652702529.812388, sdrt-health/mac:02010b41cdec/antenna/tag/e28068940000500386620d4f, 83
1652702529.812767, sdrt-health/mac:02010b41cdec/antenna/tag/e2806894000040038662114f, 85
1652702529.833366, sdrt-health/mac:02010b41cdec/antenna/tag/e28068940000500386620d4f, 83
1652702529.887, sdrt-health/mac:02010b41cdec/antenna/tag/e2806894000050038661fd4f, 97
1652702529.887461, sdrt-health/mac:02010b41cdec/antenna/tag/e2806894000050038661fd4f, 91
1652702529.902474, sdrt-health/mac:02010b41cdec/antenna/tag/e2806894000040038662214f, 83
1652702529.921671, sdrt-health/mac:02010b41cdec/antenna/tag/e2806894000040038662114f, 85
1652702529.953003, sdrt-health/mac:02010b41cdec/antenna/tag/e2806894000040038661f94f, 88
1652702529.953541, sdrt-health/mac:02010b41cdec/antenna/tag/e28068940000400386621d4f, 77
1652702529.967804, sdrt-health/mac:02010b41cdec/antenna/tag/e2806894000040038661f94f, 81
1652702530.002498, sdrt-health/mac:02010b41cdec/antenna/tag/e2806894000040038662114f, 85
1652702530.041489, sdrt-health/mac:02010b41cdec/antenna/tag/e28068940000400386621d4f, 96
1652702530.081261, sdrt-health/mac:02010b41cdec/antenna/tag/e2806894000050038662154f, 85
1652702530.162845, sdrt-health/mac:02010b41cdec/antenna/tag/e2806894000050038662154f, 85
1652702530.21732, sdrt-health/mac:02010b41cdec/antenna/tag/e28068940000500386620d4f, 83
1652702530.217758, sdrt-health/mac:02010b41cdec/antenna/tag/e2806894000050038662154f, 85
1652702530.25179, sdrt-health/mac:02010b41cdec/antenna/tag/e2806894000040038662114f, 85
1652702530.252267, sdrt-health/mac:02010b41cdec/antenna/tag/e2806894000050038662154f, 85
1652702530.295998, sdrt-health/mac:02010b41cdec/antenna/tag/e28068940000400386621d4f, 96
1652702530.367314, sdrt-health/mac:02010b41cdec/antenna/tag/e2806894000040038662114f, 88
1652702530.368889, sdrt-health/mac:02010b41cdec/antenna/tag/e2806894000050038662194f, 81
1652702530.401581, sdrt-health/mac:02010b41cdec/antenna/tag/e28068940000500386620d4f, 83
1652702530.460362, sdrt-health/mac:02010b41cdec/antenna/tag/e2806894000040038662214f, 94
1652702530.460865, sdrt-health/mac:02010b41cdec/antenna/tag/e28068940000500386620d4f, 90
1652702530.461199, sdrt-health/mac:02010b41cdec/antenna/tag/e2806894000040038662114f, 85
1652702530.46153, sdrt-health/mac:02010b41cdec/antenna/tag/e2806894000050038661fd4f, 97
1652702530.483166, sdrt-health/mac:02010b41cdec/antenna/tag/e28068940000400386621d4f, 77
1652702530.53776, sdrt-health/mac:02010b41cdec/antenna/tag/e28068940000500386620d4f, 83
1652702530.53835, sdrt-health/mac:02010b41cdec/antenna/tag/e28068940000400386621d4f, 77
1652702530.562372, sdrt-health/mac:02010b41cdec/antenna/tag/e2806894000050038661fd4f, 83
1652702530.602304, sdrt-health/mac:02010b41cdec/antenna/tag/e28068940000400386621d4f, 96
1652702530.678473, sdrt-health/mac:02010b41cdec/antenna/tag/e2806894000050038661fd4f, 97
1652702530.678927, sdrt-health/mac:02010b41cdec/antenna/tag/e2806894000050038661fd4f, 97
1652702530.722294, sdrt-health/mac:02010b41cdec/antenna/tag/e28068940000500386620d4f, 83
1652702530.776775, sdrt-health/mac:02010b41cdec/antenna/tag/e28068940000500386620d4f, 83
1652702530.777153, sdrt-health/mac:02010b41cdec/antenna/tag/e2806894000040038662214f, 81
1652702530.812672, sdrt-health/mac:02010b41cdec/antenna/tag/e2806894000040038661f94f, 81
1652702530.87129, sdrt-health/mac:02010b41cdec/antenna/tag/e2806894000050038662154f, 85
1652702530.871789, sdrt-health/mac:02010b41cdec/antenna/tag/e28068940000500386620d4f, 90
1652702530.902235, sdrt-health/mac:02010b41cdec/antenna/tag/e2806894000050038661fd4f, 91
1652702530.952417, sdrt-health/mac:02010b41cdec/antenna/tag/e28068940000400386621d4f, 77
1652702531.015324, sdrt-health/mac:02010b41cdec/antenna/tag/e28068940000400386621d4f, 96
1652702531.015882, sdrt-health/mac:02010b41cdec/antenna/tag/e2806894000050038661fd4f, 97
1652702531.042438, sdrt-health/mac:02010b41cdec/antenna/tag/e2806894000050038661fd4f, 83
1652702531.097746, sdrt-health/mac:02010b41cdec/antenna/tag/e2806894000040038661f94f, 83
1652702531.159353, sdrt-health/mac:02010b41cdec/antenna/tag/e28068940000400386621d4f, 96
1652702531.159857, sdrt-health/mac:02010b41cdec/antenna/tag/e28068940000400386621d4f, 96
1652702531.176785, sdrt-health/mac:02010b41cdec/antenna/tag/e28068940000500386620d4f, 83
1652702531.184233, sdrt-health/mac:02010b41cdec/antenna/tag/e2806894000050038661fd4f, 83
1652702531.222679, sdrt-health/mac:02010b41cdec/antenna/tag/e2806894000050038662154f, 88
1652702531.287832, sdrt-health/mac:02010b41cdec/antenna/tag/e28068940000500386620d4f, 90
1652702531.288417, sdrt-health/mac:02010b41cdec/antenna/tag/e2806894000050038661fd4f, 83
1652702531.312324, sdrt-health/mac:02010b41cdec/antenna/tag/e28068940000400386621d4f, 77
1652702531.361459, sdrt-health/mac:02010b41cdec/antenna/tag/e28068940000500386620d4f, 83
1652702531.43304, sdrt-health/mac:02010b41cdec/antenna/tag/e2806894000050038662194f, 81
1652702531.433515, sdrt-health/mac:02010b41cdec/antenna/tag/e2806894000040038661f94f, 81
1652702531.462976, sdrt-health/mac:02010b41cdec/antenna/tag/e2806894000040038662114f, 85
1652702531.495138, sdrt-health/mac:02010b41cdec/antenna/tag/e28068940000500386620d4f, 90
1652702531.495628, sdrt-health/mac:02010b41cdec/antenna/tag/e2806894000050038661fd4f, 83
1652702531.513628, sdrt-health/mac:02010b41cdec/antenna/tag/e2806894000040038662114f, 88
1652702531.546277, sdrt-health/mac:02010b41cdec/antenna/tag/e2806894000050038662154f, 88
1652702531.54678, sdrt-health/mac:02010b41cdec/antenna/tag/e2806894000050038661fd4f, 83
1652702531.561874, sdrt-health/mac:02010b41cdec/antenna/tag/e2806894000040038662054f, 94
1652702531.602236, sdrt-health/mac:02010b41cdec/antenna/tag/e2806894000050038661fd4f, 83
1652702531.634598, sdrt-health/mac:02010b41cdec/antenna/tag/e2806894000040038662114f, 85
1652702531.635134, sdrt-health/mac:02010b41cdec/antenna/tag/e2806894000050038661fd4f, 83
1652702531.649843, sdrt-health/mac:02010b41cdec/antenna/tag/e28068940000400386621d4f, 96
1652702531.650356, sdrt-health/mac:02010b41cdec/antenna/tag/e2806894000040038662114f, 85
1652702531.683065, sdrt-health/mac:02010b41cdec/antenna/tag/e2806894000040038662114f, 85
1652702531.722507, sdrt-health/mac:02010b41cdec/antenna/tag/e2806894000040038661f94f, 82
1652702531.761955, sdrt-health/mac:02010b41cdec/antenna/tag/e2806894000050038661fd4f, 91
1652702531.818237, sdrt-health/mac:02010b41cdec/antenna/tag/e2806894000040038662114f, 85
1652702531.818699, sdrt-health/mac:02010b41cdec/antenna/tag/e28068940000500386620d4f, 83
1652702531.842593, sdrt-health/mac:02010b41cdec/antenna/tag/e2806894000050038662154f, 87
1652702531.897218, sdrt-health/mac:02010b41cdec/antenna/tag/e2806894000040038661f94f, 88
1652702531.897666, sdrt-health/mac:02010b41cdec/antenna/tag/e2806894000040038661f94f, 94
1652702531.922903, sdrt-health/mac:02010b41cdec/antenna/tag/e2806894000040038662114f, 85
1652702531.979041, sdrt-health/mac:02010b41cdec/antenna/tag/e2806894000040038662214f, 81
1652702531.979608, sdrt-health/mac:02010b41cdec/antenna/tag/e28068940000500386620d4f, 83
1652702532.001935, sdrt-health/mac:02010b41cdec/antenna/tag/e2806894000050038661fd4f, 97
1652702532.088768, sdrt-health/mac:02010b41cdec/antenna/tag/e2806894000050038661fd4f, 97
1652702532.089286, sdrt-health/mac:02010b41cdec/antenna/tag/e2806894000040038661f94f, 81
1652702532.121802, sdrt-health/mac:02010b41cdec/antenna/tag/e2806894000050038662154f, 88
1652702532.178653, sdrt-health/mac:02010b41cdec/antenna/tag/e2806894000040038661f94f, 88
1652702532.179187, sdrt-health/mac:02010b41cdec/antenna/tag/e28068940000500386620d4f, 83
1652702532.194571, sdrt-health/mac:02010b41cdec/antenna/tag/e2806894000040038661f94f, 81
1652702532.202476, sdrt-health/mac:02010b41cdec/antenna/tag/e2806894000050038661fd4f, 83
1652702532.273, sdrt-health/mac:02010b41cdec/antenna/tag/e2806894000050038661fd4f, 83
1652702532.323387, sdrt-health/mac:02010b41cdec/antenna/tag/e28068940000400386621d4f, 96
1652702532.364378, sdrt-health/mac:02010b41cdec/antenna/tag/e2806894000050038662194f, 84
1652702532.402845, sdrt-health/mac:02010b41cdec/antenna/tag/e2806894000050038661fd4f, 97
1652702532.487721, sdrt-health/mac:02010b41cdec/antenna/tag/e28068940000500386620d4f, 90
1652702532.48827, sdrt-health/mac:02010b41cdec/antenna/tag/e2806894000050038662194f, 83
1652702532.512616, sdrt-health/mac:02010b41cdec/antenna/tag/e28068940000500386620d4f, 83
1652702532.54626, sdrt-health/mac:02010b41cdec/antenna/tag/e28068940000400386621d4f, 77
1652702532.546711, sdrt-health/mac:02010b41cdec/antenna/tag/e2806894000040038662114f, 88
1652702532.562526, sdrt-health/mac:02010b41cdec/antenna/tag/e28068940000500386620d4f, 90
1652702532.618355, sdrt-health/mac:02010b41cdec/antenna/tag/e2806894000040038662114f, 88
1652702532.618833, sdrt-health/mac:02010b41cdec/antenna/tag/e28068940000500386620d4f, 90
1652702532.634053, sdrt-health/mac:02010b41cdec/antenna/tag/e2806894000050038662014f, 84
1652702532.634561, sdrt-health/mac:02010b41cdec/antenna/tag/e2806894000040038662114f, 85
1652702532.642574, sdrt-health/mac:02010b41cdec/antenna/tag/e2806894000040038662114f, 85
1652702532.68242, sdrt-health/mac:02010b41cdec/antenna/tag/e2806894000050038662154f, 85
1652702532.723127, sdrt-health/mac:02010b41cdec/antenna/tag/e2806894000040038662114f, 85
1652702532.763127, sdrt-health/mac:02010b41cdec/antenna/tag/e2806894000040038661f94f, 94
1652702532.797167, sdrt-health/mac:02010b41cdec/antenna/tag/e28068940000500386620d4f, 83
1652702532.797621, sdrt-health/mac:02010b41cdec/antenna/tag/e2806894000040038662114f, 88
1652702532.813999, sdrt-health/mac:02010b41cdec/antenna/tag/e2806894000040038661f94f, 88
1652702532.814512, sdrt-health/mac:02010b41cdec/antenna/tag/e28068940000400386621d4f, 77
1652702532.872137, sdrt-health/mac:02010b41cdec/antenna/tag/e2806894000050038661fd4f, 97
1652702532.911899, sdrt-health/mac:02010b41cdec/antenna/tag/e28068940000400386621d4f, 77
1652702532.962953, sdrt-health/mac:02010b41cdec/antenna/tag/e2806894000040038662114f, 88
1652702533.002956, sdrt-health/mac:02010b41cdec/antenna/tag/e2806894000040038662214f, 83
1652702533.052664, sdrt-health/mac:02010b41cdec/antenna/tag/e2806894000050038661fd4f, 97
1652702533.084921, sdrt-health/mac:02010b41cdec/antenna/tag/e2806894000040038661f94f, 88
1652702533.085372, sdrt-health/mac:02010b41cdec/antenna/tag/e28068940000500386620d4f, 83
1652702533.115125, sdrt-health/mac:02010b41cdec/antenna/tag/e2806894000040038661f94f, 88
1652702533.152088, sdrt-health/mac:02010b41cdec/antenna/tag/e2806894000050038661fd4f, 97
1652702533.202247, sdrt-health/mac:02010b41cdec/antenna/tag/e28068940000500386620d4f, 90
1652702533.318965, sdrt-health/mac:02010b41cdec/antenna/tag/e2806894000050038661fd4f, 91
1652702533.319497, sdrt-health/mac:02010b41cdec/antenna/tag/e2806894000040038662114f, 85
1652702533.352667, sdrt-health/mac:02010b41cdec/antenna/tag/e28068940000500386620d4f, 90
1652702533.410765, sdrt-health/mac:02010b41cdec/antenna/tag/e2806894000050038661fd4f, 91
1652702533.411226, sdrt-health/mac:02010b41cdec/antenna/tag/e2806894000050038662194f, 88
1652702533.427081, sdrt-health/mac:02010b41cdec/antenna/tag/e2806894000050038662154f, 85
1652702533.442318, sdrt-health/mac:02010b41cdec/antenna/tag/e2806894000050038662194f, 84
1652702533.496307, sdrt-health/mac:02010b41cdec/antenna/tag/e2806894000040038662114f, 88
1652702533.558469, sdrt-health/mac:02010b41cdec/antenna/tag/e2806894000050038662194f, 81
1652702533.559, sdrt-health/mac:02010b41cdec/antenna/tag/e28068940000500386620d4f, 90
1652702533.574555, sdrt-health/mac:02010b41cdec/antenna/tag/e2806894000050038662154f, 93
1652702533.602296, sdrt-health/mac:02010b41cdec/antenna/tag/e2806894000040038662114f, 85
1652702533.698884, sdrt-health/mac:02010b41cdec/antenna/tag/e28068940000400386621d4f, 77
1652702533.699446, sdrt-health/mac:02010b41cdec/antenna/tag/e2806894000050038661fd4f, 83
1652702533.71601, sdrt-health/mac:02010b41cdec/antenna/tag/e28068940000400386621d4f, 96
1652702533.77274, sdrt-health/mac:02010b41cdec/antenna/tag/e28068940000500386620d4f, 90
1652702533.805411, sdrt-health/mac:02010b41cdec/antenna/tag/e2806894000040038662114f, 88
1652702533.806028, sdrt-health/mac:02010b41cdec/antenna/tag/e2806894000050038662154f, 88
1652702533.87284, sdrt-health/mac:02010b41cdec/antenna/tag/e2806894000050038662154f, 88
1652702533.90707, sdrt-health/mac:02010b41cdec/antenna/tag/e2806894000050038662194f, 83
1652702533.90757, sdrt-health/mac:02010b41cdec/antenna/tag/e2806894000050038662154f, 88
1652702533.907958, sdrt-health/mac:02010b41cdec/antenna/tag/e2806894000050038662194f, 83
1652702533.908275, sdrt-health/mac:02010b41cdec/antenna/tag/e2806894000050038661fd4f, 91
1652702533.908636, sdrt-health/mac:02010b41cdec/antenna/tag/e2806894000040038662114f, 88
1652702533.933749, sdrt-health/mac:02010b41cdec/antenna/tag/e2806894000050038662154f, 93
1652702533.992583, sdrt-health/mac:02010b41cdec/antenna/tag/e2806894000050038662194f, 94
1652702533.993141, sdrt-health/mac:02010b41cdec/antenna/tag/e28068940000500386620d4f, 90
1652702534.009369, sdrt-health/mac:02010b41cdec/antenna/tag/e2806894000050038662194f, 88
1652702534.022774, sdrt-health/mac:02010b41cdec/antenna/tag/e28068940000400386621d4f, 77
1652702534.073457, sdrt-health/mac:02010b41cdec/antenna/tag/e2806894000050038662154f, 85
1652702534.136009, sdrt-health/mac:02010b41cdec/antenna/tag/e28068940000400386621d4f, 96
1652702534.192271, sdrt-health/mac:02010b41cdec/antenna/tag/e28068940000500386620d4f, 90
1652702534.243186, sdrt-health/mac:02010b41cdec/antenna/tag/e28068940000400386621d4f, 96
1652702534.298392, sdrt-health/mac:02010b41cdec/antenna/tag/e2806894000050038661fd4f, 83
1652702534.29885, sdrt-health/mac:02010b41cdec/antenna/tag/e2806894000040038661f94f, 83
1652702534.322345, sdrt-health/mac:02010b41cdec/antenna/tag/e2806894000050038662154f, 85
1652702534.362539, sdrt-health/mac:02010b41cdec/antenna/tag/e2806894000050038661fd4f, 91
1652702534.394157, sdrt-health/mac:02010b41cdec/antenna/tag/e2806894000050038662154f, 93
1652702534.394663, sdrt-health/mac:02010b41cdec/antenna/tag/e2806894000050038661fd4f, 97
1652702534.410562, sdrt-health/mac:02010b41cdec/antenna/tag/e28068940000500386620d4f, 90
1652702534.442538, sdrt-health/mac:02010b41cdec/antenna/tag/e2806894000050038661fd4f, 97
1652702534.499773, sdrt-health/mac:02010b41cdec/antenna/tag/e2806894000050038662154f, 85
1652702534.500253, sdrt-health/mac:02010b41cdec/antenna/tag/e28068940000400386621d4f, 96
1652702534.517466, sdrt-health/mac:02010b41cdec/antenna/tag/e2806894000050038662154f, 85
1652702534.522129, sdrt-health/mac:02010b41cdec/antenna/tag/e2806894000040038661f94f, 94
1652702534.563134, sdrt-health/mac:02010b41cdec/antenna/tag/e28068940000400386621d4f, 77
1652702534.633503, sdrt-health/mac:02010b41cdec/antenna/tag/e2806894000050038662194f, 84
1652702534.672525, sdrt-health/mac:02010b41cdec/antenna/tag/e2806894000050038662154f, 85
1652702534.723117, sdrt-health/mac:02010b41cdec/antenna/tag/e2806894000050038662154f, 85
1652702534.763392, sdrt-health/mac:02010b41cdec/antenna/tag/e2806894000050038662154f, 85
1652702534.795299, sdrt-health/mac:02010b41cdec/antenna/tag/e2806894000050038662154f, 88
1652702534.795789, sdrt-health/mac:02010b41cdec/antenna/tag/e28068940000500386620d4f, 83
1652702534.811442, sdrt-health/mac:02010b41cdec/antenna/tag/e28068940000500386620d4f, 90
1652702534.936241, sdrt-health/mac:02010b41cdec/antenna/tag/e28068940000500386620d4f, 80
1652702534.982856, sdrt-health/mac:02010b41cdec/antenna/tag/e28068940000500386620d4f, 90
1652702535.052932, sdrt-health/mac:02010b41cdec/antenna/tag/e2806894000050038662154f, 88
1652702535.053471, sdrt-health/mac:02010b41cdec/antenna/tag/e2806894000040038662114f, 85
1652702535.070434, sdrt-health/mac:02010b41cdec/antenna/tag/e2806894000050038661fd4f, 97
1652702535.084714, sdrt-health/mac:02010b41cdec/antenna/tag/e2806894000050038661fd4f, 97
1652702535.123916, sdrt-health/mac:02010b41cdec/antenna/tag/e2806894000050038661fd4f, 83
1652702535.165715, sdrt-health/mac:02010b41cdec/antenna/tag/e2806894000050038662154f, 85
1652702535.220956, sdrt-health/mac:02010b41cdec/antenna/tag/e28068940000400386621d4f, 96
1652702535.221561, sdrt-health/mac:02010b41cdec/antenna/tag/e28068940000500386620d4f, 90
1652702535.222056, sdrt-health/mac:02010b41cdec/antenna/tag/e28068940000400386621d4f, 77
1652702535.239068, sdrt-health/mac:02010b41cdec/antenna/tag/e28068940000500386620d4f, 83
1652702535.242972, sdrt-health/mac:02010b41cdec/antenna/tag/e2806894000050038662194f, 87
1652702535.255349, sdrt-health/mac:02010b41cdec/antenna/tag/e28068940000500386620d4f, 83
1652702535.283678, sdrt-health/mac:02010b41cdec/antenna/tag/e2806894000050038662154f, 85
1652702535.353383, sdrt-health/mac:02010b41cdec/antenna/tag/e2806894000040038662114f, 93
1652702535.392434, sdrt-health/mac:02010b41cdec/antenna/tag/e28068940000500386620d4f, 83
1652702535.460817, sdrt-health/mac:02010b41cdec/antenna/tag/e2806894000040038662114f, 85
1652702535.461395, sdrt-health/mac:02010b41cdec/antenna/tag/e2806894000050038662154f, 85
1652702535.478513, sdrt-health/mac:02010b41cdec/antenna/tag/e28068940000500386620d4f, 83
1652702535.482209, sdrt-health/mac:02010b41cdec/antenna/tag/e28068940000500386620d4f, 90
1652702535.494862, sdrt-health/mac:02010b41cdec/antenna/tag/e2806894000040038661f94f, 94
1652702535.522227, sdrt-health/mac:02010b41cdec/antenna/tag/e2806894000040038662114f, 85
1652702535.562325, sdrt-health/mac:02010b41cdec/antenna/tag/e2806894000040038661f94f, 94
1652702535.63222, sdrt-health/mac:02010b41cdec/antenna/tag/e2806894000040038662114f, 88
1652702535.632777, sdrt-health/mac:02010b41cdec/antenna/tag/e28068940000400386621d4f, 77
1652702535.649406, sdrt-health/mac:02010b41cdec/antenna/tag/e2806894000050038661fd4f, 97
1652702535.670261, sdrt-health/mac:02010b41cdec/antenna/tag/e2806894000050038661fd4f, 83
1652702535.728989, sdrt-health/mac:02010b41cdec/antenna/tag/e28068940000500386620d4f, 83
1652702535.729549, sdrt-health/mac:02010b41cdec/antenna/tag/e2806894000040038662114f, 93
1652702535.745947, sdrt-health/mac:02010b41cdec/antenna/tag/e28068940000500386620d4f, 90
1652702535.762591, sdrt-health/mac:02010b41cdec/antenna/tag/e2806894000040038662114f, 88
1652702535.763943, sdrt-health/mac:02010b41cdec/antenna/tag/e28068940000400386621d4f, 77
1652702535.764358, sdrt-health/mac:02010b41cdec/antenna/tag/e2806894000050038661fd4f, 86
1652702535.764725, sdrt-health/mac:02010b41cdec/antenna/tag/e2806894000040038662114f, 88
1652702535.803194, sdrt-health/mac:02010b41cdec/antenna/tag/e2806894000050038661fd4f, 97
1652702535.859131, sdrt-health/mac:02010b41cdec/antenna/tag/e2806894000050038662194f, 94
1652702535.85967, sdrt-health/mac:02010b41cdec/antenna/tag/e28068940000400386621d4f, 96
1652702535.882181, sdrt-health/mac:02010b41cdec/antenna/tag/e2806894000050038662154f, 88
1652702535.939213, sdrt-health/mac:02010b41cdec/antenna/tag/e28068940000400386621d4f, 77
1652702535.939739, sdrt-health/mac:02010b41cdec/antenna/tag/e28068940000500386620d4f, 83
1652702535.976397, sdrt-health/mac:02010b41cdec/antenna/tag/e2806894000040038661f94f, 94
1652702536.022302, sdrt-health/mac:02010b41cdec/antenna/tag/e28068940000500386620d4f, 90
1652702536.088333, sdrt-health/mac:02010b41cdec/antenna/tag/e2806894000040038662114f, 85
1652702536.088878, sdrt-health/mac:02010b41cdec/antenna/tag/e2806894000050038661fd4f, 86
1652702536.103859, sdrt-health/mac:02010b41cdec/antenna/tag/e28068940000400386621d4f, 96
1652702536.112303, sdrt-health/mac:02010b41cdec/antenna/tag/e28068940000400386621d4f, 96
1652702536.163313, sdrt-health/mac:02010b41cdec/antenna/tag/e2806894000050038662154f, 88
1652702536.197528, sdrt-health/mac:02010b41cdec/antenna/tag/e2806894000050038661fd4f, 83
1652702536.198, sdrt-health/mac:02010b41cdec/antenna/tag/e28068940000400386621d4f, 77
1652702536.253636, sdrt-health/mac:02010b41cdec/antenna/tag/e2806894000040038662114f, 85
1652702536.313157, sdrt-health/mac:02010b41cdec/antenna/tag/e28068940000500386620d4f, 90
1652702536.377177, sdrt-health/mac:02010b41cdec/antenna/tag/e2806894000040038662214f, 94
1652702536.423153, sdrt-health/mac:02010b41cdec/antenna/tag/e2806894000050038661fd4f, 97
1652702536.4558, sdrt-health/mac:02010b41cdec/antenna/tag/e28068940000500386620d4f, 83
1652702536.456374, sdrt-health/mac:02010b41cdec/antenna/tag/e2806894000040038662214f, 94
1652702536.472952, sdrt-health/mac:02010b41cdec/antenna/tag/e2806894000050038662154f, 85
1652702536.552684, sdrt-health/mac:02010b41cdec/antenna/tag/e28068940000500386620d4f, 83
1652702536.617071, sdrt-health/mac:02010b41cdec/antenna/tag/e28068940000400386621d4f, 77
1652702536.663787, sdrt-health/mac:02010b41cdec/antenna/tag/e2806894000040038662114f, 88
1652702536.723136, sdrt-health/mac:02010b41cdec/antenna/tag/e2806894000040038662114f, 88
1652702536.755396, sdrt-health/mac:02010b41cdec/antenna/tag/e2806894000050038661fd4f, 83
1652702536.755984, sdrt-health/mac:02010b41cdec/antenna/tag/e2806894000040038662114f, 85
1652702536.771505, sdrt-health/mac:02010b41cdec/antenna/tag/e2806894000050038662194f, 88
1652702536.77206, sdrt-health/mac:02010b41cdec/antenna/tag/e28068940000500386620d4f, 90
1652702536.803079, sdrt-health/mac:02010b41cdec/antenna/tag/e2806894000050038662154f, 88
1652702536.835186, sdrt-health/mac:02010b41cdec/antenna/tag/e28068940000500386620d4f, 83
1652702536.835739, sdrt-health/mac:02010b41cdec/antenna/tag/e2806894000040038662114f, 91
1652702536.836188, sdrt-health/mac:02010b41cdec/antenna/tag/e2806894000050038661fd4f, 83
1652702536.852393, sdrt-health/mac:02010b41cdec/antenna/tag/e2806894000050038662154f, 85
1652702536.852906, sdrt-health/mac:02010b41cdec/antenna/tag/e2806894000040038662114f, 88
1652702536.882012, sdrt-health/mac:02010b41cdec/antenna/tag/e2806894000050038661fd4f, 91
1652702536.922555, sdrt-health/mac:02010b41cdec/antenna/tag/e28068940000400386621d4f, 77
1652702536.96396, sdrt-health/mac:02010b41cdec/antenna/tag/e2806894000050038662154f, 85
1652702537.016546, sdrt-health/mac:02010b41cdec/antenna/tag/e2806894000050038661fd4f, 83
1652702537.06371, sdrt-health/mac:02010b41cdec/antenna/tag/e2806894000040038662114f, 85
1652702537.128916, sdrt-health/mac:02010b41cdec/antenna/tag/e2806894000050038661fd4f, 83
1652702537.129469, sdrt-health/mac:02010b41cdec/antenna/tag/e2806894000050038661fd4f, 83
1652702537.14456, sdrt-health/mac:02010b41cdec/antenna/tag/e28068940000400386621d4f, 96
1652702537.17523, sdrt-health/mac:02010b41cdec/antenna/tag/e28068940000500386620d4f, 83
1652702537.175709, sdrt-health/mac:02010b41cdec/antenna/tag/e28068940000500386620d4f, 83
1652702537.203246, sdrt-health/mac:02010b41cdec/antenna/tag/e28068940000400386621d4f, 96
1652702537.258621, sdrt-health/mac:02010b41cdec/antenna/tag/e28068940000500386620d4f, 83
1652702537.259082, sdrt-health/mac:02010b41cdec/antenna/tag/e2806894000050038662154f, 88
1652702537.275139, sdrt-health/mac:02010b41cdec/antenna/tag/e2806894000040038662114f, 85
1652702537.2922, sdrt-health/mac:02010b41cdec/antenna/tag/e2806894000040038662114f, 85
1652702537.337065, sdrt-health/mac:02010b41cdec/antenna/tag/e2806894000040038662214f, 82
1652702537.369932, sdrt-health/mac:02010b41cdec/antenna/tag/e28068940000400386621d4f, 77
1652702537.370531, sdrt-health/mac:02010b41cdec/antenna/tag/e28068940000400386621d4f, 77
1652702537.385993, sdrt-health/mac:02010b41cdec/antenna/tag/e2806894000050038661fd4f, 91
1652702537.442357, sdrt-health/mac:02010b41cdec/antenna/tag/e2806894000050038661fd4f, 83
1652702537.475106, sdrt-health/mac:02010b41cdec/antenna/tag/e2806894000050038661fd4f, 83
1652702537.475623, sdrt-health/mac:02010b41cdec/antenna/tag/e28068940000500386620d4f, 83
1652702537.492181, sdrt-health/mac:02010b41cdec/antenna/tag/e2806894000040038662114f, 85
1652702537.542061, sdrt-health/mac:02010b41cdec/antenna/tag/e2806894000050038661fd4f, 97
1652702537.575364, sdrt-health/mac:02010b41cdec/antenna/tag/e28068940000500386620d4f, 90
1652702537.575952, sdrt-health/mac:02010b41cdec/antenna/tag/e2806894000050038661fd4f, 83
1652702537.609595, sdrt-health/mac:02010b41cdec/antenna/tag/e2806894000040038662114f, 88
1652702537.642644, sdrt-health/mac:02010b41cdec/antenna/tag/e2806894000050038661fd4f, 97
1652702537.643095, sdrt-health/mac:02010b41cdec/antenna/tag/e2806894000040038662114f, 88
1652702537.643477, sdrt-health/mac:02010b41cdec/antenna/tag/e2806894000050038662154f, 88
1652702537.673139, sdrt-health/mac:02010b41cdec/antenna/tag/e2806894000050038662154f, 88
1652702537.721677, sdrt-health/mac:02010b41cdec/antenna/tag/e28068940000500386620d4f, 83
1652702537.754569, sdrt-health/mac:02010b41cdec/antenna/tag/e2806894000050038662154f, 88
1652702537.755116, sdrt-health/mac:02010b41cdec/antenna/tag/e2806894000040038662114f, 85
1652702537.75553, sdrt-health/mac:02010b41cdec/antenna/tag/e2806894000040038662114f, 88
1652702537.816185, sdrt-health/mac:02010b41cdec/antenna/tag/e2806894000050038661fd4f, 97
1652702537.862422, sdrt-health/mac:02010b41cdec/antenna/tag/e2806894000050038662194f, 83
1652702537.91266, sdrt-health/mac:02010b41cdec/antenna/tag/e2806894000040038661f94f, 84
1652702537.967398, sdrt-health/mac:02010b41cdec/antenna/tag/e2806894000040038661f94f, 81
1652702537.967936, sdrt-health/mac:02010b41cdec/antenna/tag/e2806894000050038662154f, 88
1652702537.982848, sdrt-health/mac:02010b41cdec/antenna/tag/e2806894000040038662114f, 88
1652702537.983403, sdrt-health/mac:02010b41cdec/antenna/tag/e2806894000050038662154f, 88
1652702538.003537, sdrt-health/mac:02010b41cdec/antenna/tag/e2806894000040038662114f, 88
1652702538.097245, sdrt-health/mac:02010b41cdec/antenna/tag/e2806894000050038662154f, 85
1652702538.097745, sdrt-health/mac:02010b41cdec/antenna/tag/e2806894000050038662154f, 88
1652702538.135807, sdrt-health/mac:02010b41cdec/antenna/tag/e2806894000040038662114f, 88
1652702538.181974, sdrt-health/mac:02010b41cdec/antenna/tag/e28068940000500386620d4f, 90
1652702538.23348, sdrt-health/mac:02010b41cdec/antenna/tag/e2806894000050038661fd4f, 91
1652702538.272595, sdrt-health/mac:02010b41cdec/antenna/tag/e2806894000050038662154f, 93
1652702538.322851, sdrt-health/mac:02010b41cdec/antenna/tag/e28068940000400386621d4f, 77
1652702538.378342, sdrt-health/mac:02010b41cdec/antenna/tag/e2806894000040038662114f, 85
1652702538.378843, sdrt-health/mac:02010b41cdec/antenna/tag/e2806894000050038662154f, 85
1652702538.403236, sdrt-health/mac:02010b41cdec/antenna/tag/e2806894000040038662214f, 94
1652702538.488421, sdrt-health/mac:02010b41cdec/antenna/tag/e2806894000050038661fd4f, 97
1652702538.488934, sdrt-health/mac:02010b41cdec/antenna/tag/e28068940000500386620d4f, 83
1652702538.512784, sdrt-health/mac:02010b41cdec/antenna/tag/e2806894000050038662154f, 85
1652702538.595821, sdrt-health/mac:02010b41cdec/antenna/tag/e2806894000040038662114f, 85
1652702538.596312, sdrt-health/mac:02010b41cdec/antenna/tag/e28068940000500386620d4f, 90
1652702538.661148, sdrt-health/mac:02010b41cdec/antenna/tag/e2806894000050038661fd4f, 91
1652702538.692883, sdrt-health/mac:02010b41cdec/antenna/tag/e28068940000400386621d4f, 96
1652702538.693164, sdrt-health/mac:02010b41cdec/antenna/tag/e2806894000040038661f94f, 83
1652702538.712866, sdrt-health/mac:02010b41cdec/antenna/tag/e2806894000050038662194f, 94
1652702538.752225, sdrt-health/mac:02010b41cdec/antenna/tag/e28068940000400386621d4f, 96
1652702538.783434, sdrt-health/mac:02010b41cdec/antenna/tag/e28068940000500386620d4f, 90
1652702538.783941, sdrt-health/mac:02010b41cdec/antenna/tag/e2806894000050038661fd4f, 83
1652702538.802877, sdrt-health/mac:02010b41cdec/antenna/tag/e2806894000050038662194f, 88
1652702538.841813, sdrt-health/mac:02010b41cdec/antenna/tag/e2806894000040038662114f, 85
1652702538.889908, sdrt-health/mac:02010b41cdec/antenna/tag/e2806894000050038661fd4f, 91
1652702538.951955, sdrt-health/mac:02010b41cdec/antenna/tag/e28068940000400386621d4f, 77
1652702538.952537, sdrt-health/mac:02010b41cdec/antenna/tag/e28068940000400386621d4f, 77
1652702538.967692, sdrt-health/mac:02010b41cdec/antenna/tag/e28068940000400386621d4f, 77
1652702539.051773, sdrt-health/mac:02010b41cdec/antenna/tag/e28068940000400386621d4f, 77
1652702539.086948, sdrt-health/mac:02010b41cdec/antenna/tag/e2806894000050038662194f, 94
1652702539.087508, sdrt-health/mac:02010b41cdec/antenna/tag/e2806894000050038662194f, 82
1652702539.088028, sdrt-health/mac:02010b41cdec/antenna/tag/e28068940000500386620d4f, 83
1652702539.088539, sdrt-health/mac:02010b41cdec/antenna/tag/e28068940000500386620d4f, 90
1652702539.104107, sdrt-health/mac:02010b41cdec/antenna/tag/e28068940000500386620d4f, 83
1652702539.142244, sdrt-health/mac:02010b41cdec/antenna/tag/e2806894000050038661fd4f, 83
1652702539.209138, sdrt-health/mac:02010b41cdec/antenna/tag/e2806894000040038662114f, 85
1652702539.209744, sdrt-health/mac:02010b41cdec/antenna/tag/e28068940000400386621d4f, 96
1652702539.22513, sdrt-health/mac:02010b41cdec/antenna/tag/e2806894000040038661f94f, 84
1652702539.225513, sdrt-health/mac:02010b41cdec/antenna/tag/e2806894000040038661f94f, 88
1652702539.233282, sdrt-health/mac:02010b41cdec/antenna/tag/e2806894000040038661f94f, 88
1652702539.24094, sdrt-health/mac:02010b41cdec/antenna/tag/e28068940000500386620d4f, 90
1652702539.290165, sdrt-health/mac:02010b41cdec/antenna/tag/e2806894000050038661fd4f, 97
1652702539.352385, sdrt-health/mac:02010b41cdec/antenna/tag/e2806894000040038662114f, 85
1652702539.392221, sdrt-health/mac:02010b41cdec/antenna/tag/e28068940000500386620d4f, 90
1652702539.442162, sdrt-health/mac:02010b41cdec/antenna/tag/e2806894000050038661fd4f, 91
1652702539.483247, sdrt-health/mac:02010b41cdec/antenna/tag/e28068940000400386621d4f, 77
1652702539.523379, sdrt-health/mac:02010b41cdec/antenna/tag/e2806894000040038662054f, 82
1652702539.593253, sdrt-health/mac:02010b41cdec/antenna/tag/e2806894000040038662114f, 93
1652702539.593752, sdrt-health/mac:02010b41cdec/antenna/tag/e2806894000050038662154f, 85
1652702539.60882, sdrt-health/mac:02010b41cdec/antenna/tag/e2806894000040038662214f, 88
1652702539.622327, sdrt-health/mac:02010b41cdec/antenna/tag/e2806894000040038662114f, 93
1652702539.625588, sdrt-health/mac:02010b41cdec/antenna/tag/e2806894000050038661fd4f, 91
1652702539.672888, sdrt-health/mac:02010b41cdec/antenna/tag/e2806894000050038662194f, 82
1652702539.713357, sdrt-health/mac:02010b41cdec/antenna/tag/e2806894000050038662154f, 85
1652702539.763855, sdrt-health/mac:02010b41cdec/antenna/tag/e2806894000040038662114f, 85
1652702539.802046, sdrt-health/mac:02010b41cdec/antenna/tag/e2806894000050038662154f, 93
1652702539.842549, sdrt-health/mac:02010b41cdec/antenna/tag/e2806894000050038661fd4f, 97
1652702539.898679, sdrt-health/mac:02010b41cdec/antenna/tag/e2806894000050038662154f, 88
1652702539.952564, sdrt-health/mac:02010b41cdec/antenna/tag/e2806894000050038661fd4f, 97
1652702539.985259, sdrt-health/mac:02010b41cdec/antenna/tag/e28068940000400386621d4f, 77
1652702539.985945, sdrt-health/mac:02010b41cdec/antenna/tag/e2806894000050038662194f, 81
1652702539.986476, sdrt-health/mac:02010b41cdec/antenna/tag/e28068940000400386621d4f, 77
1652702540.002951, sdrt-health/mac:02010b41cdec/antenna/tag/e2806894000050038662194f, 84
1652702540.042298, sdrt-health/mac:02010b41cdec/antenna/tag/e2806894000050038662194f, 83
1652702540.083069, sdrt-health/mac:02010b41cdec/antenna/tag/e2806894000050038661fd4f, 91
1652702540.152352, sdrt-health/mac:02010b41cdec/antenna/tag/e2806894000050038662154f, 93
1652702540.152947, sdrt-health/mac:02010b41cdec/antenna/tag/e2806894000050038661fd4f, 97
1652702540.215946, sdrt-health/mac:02010b41cdec/antenna/tag/e2806894000050038662154f, 85
1652702540.271412, sdrt-health/mac:02010b41cdec/antenna/tag/e2806894000040038662114f, 91
1652702540.323618, sdrt-health/mac:02010b41cdec/antenna/tag/e2806894000050038661fd4f, 83
1652702540.379077, sdrt-health/mac:02010b41cdec/antenna/tag/e2806894000050038662194f, 94
1652702540.37963, sdrt-health/mac:02010b41cdec/antenna/tag/e28068940000500386620d4f, 83
1652702540.402552, sdrt-health/mac:02010b41cdec/antenna/tag/e2806894000050038662194f, 87
1652702540.442639, sdrt-health/mac:02010b41cdec/antenna/tag/e28068940000400386621d4f, 77
1652702540.482169, sdrt-health/mac:02010b41cdec/antenna/tag/e28068940000400386621d4f, 77
1652702540.521989, sdrt-health/mac:02010b41cdec/antenna/tag/e2806894000050038661fd4f, 83
1652702540.572336, sdrt-health/mac:02010b41cdec/antenna/tag/e28068940000500386620d4f, 83
1652702540.616085, sdrt-health/mac:02010b41cdec/antenna/tag/e28068940000400386621d4f, 96
1652702540.7773, sdrt-health/mac:02010b41cdec/antenna/tag/e2806894000050038661fd4f, 83
1652702540.80903, sdrt-health/mac:02010b41cdec/antenna/tag/e28068940000500386620d4f, 90
1652702540.809647, sdrt-health/mac:02010b41cdec/antenna/tag/e2806894000050038662154f, 88
1652702540.810083, sdrt-health/mac:02010b41cdec/antenna/tag/e2806894000040038662114f, 88
1652702540.81049, sdrt-health/mac:02010b41cdec/antenna/tag/e28068940000400386621d4f, 96
1652702540.82424, sdrt-health/mac:02010b41cdec/antenna/tag/e28068940000400386621d4f, 96
1652702540.82478, sdrt-health/mac:02010b41cdec/antenna/tag/e28068940000500386620d4f, 90
1652702540.87217, sdrt-health/mac:02010b41cdec/antenna/tag/e28068940000500386620d4f, 90
1652702540.928565, sdrt-health/mac:02010b41cdec/antenna/tag/e2806894000040038661f94f, 88
1652702540.929107, sdrt-health/mac:02010b41cdec/antenna/tag/e2806894000040038661f94f, 94
1652702540.962439, sdrt-health/mac:02010b41cdec/antenna/tag/e2806894000050038661fd4f, 91
1652702541.003293, sdrt-health/mac:02010b41cdec/antenna/tag/e2806894000050038661fd4f, 91
1652702541.037478, sdrt-health/mac:02010b41cdec/antenna/tag/e2806894000050038662154f, 85
1652702541.038119, sdrt-health/mac:02010b41cdec/antenna/tag/e28068940000500386620d4f, 90
1652702541.054287, sdrt-health/mac:02010b41cdec/antenna/tag/e28068940000400386621d4f, 77
1652702541.096675, sdrt-health/mac:02010b41cdec/antenna/tag/e2806894000050038661fd4f, 91
1652702541.15788, sdrt-health/mac:02010b41cdec/antenna/tag/e2806894000050038661fd4f, 91
1652702541.158415, sdrt-health/mac:02010b41cdec/antenna/tag/e2806894000040038662114f, 93
1652702541.174015, sdrt-health/mac:02010b41cdec/antenna/tag/e2806894000040038662114f, 85
1652702541.192124, sdrt-health/mac:02010b41cdec/antenna/tag/e2806894000040038662114f, 87
1652702541.232147, sdrt-health/mac:02010b41cdec/antenna/tag/e2806894000050038661fd4f, 97
1652702541.288822, sdrt-health/mac:02010b41cdec/antenna/tag/e2806894000050038662154f, 88
1652702541.289293, sdrt-health/mac:02010b41cdec/antenna/tag/e28068940000500386620d4f, 83
1652702541.305629, sdrt-health/mac:02010b41cdec/antenna/tag/e2806894000040038662114f, 93
1652702541.322835, sdrt-health/mac:02010b41cdec/antenna/tag/e2806894000050038661fd4f, 88
1652702541.370481, sdrt-health/mac:02010b41cdec/antenna/tag/e2806894000040038662114f, 85
1652702541.432527, sdrt-health/mac:02010b41cdec/antenna/tag/e2806894000050038662194f, 82
1652702541.432799, sdrt-health/mac:02010b41cdec/antenna/tag/e2806894000050038661fd4f, 91
1652702541.471247, sdrt-health/mac:02010b41cdec/antenna/tag/e2806894000040038662114f, 93
1652702541.522209, sdrt-health/mac:02010b41cdec/antenna/tag/e2806894000040038662114f, 85
1652702541.576799, sdrt-health/mac:02010b41cdec/antenna/tag/e2806894000050038661fd4f, 97
1652702541.577342, sdrt-health/mac:02010b41cdec/antenna/tag/e2806894000040038662114f, 85
1652702541.593984, sdrt-health/mac:02010b41cdec/antenna/tag/e2806894000040038662114f, 88
1652702541.603917, sdrt-health/mac:02010b41cdec/antenna/tag/e28068940000500386620d4f, 83
1652702541.610415, sdrt-health/mac:02010b41cdec/antenna/tag/e2806894000040038662114f, 88
1652702541.610866, sdrt-health/mac:02010b41cdec/antenna/tag/e2806894000050038662154f, 91
1652702541.64333, sdrt-health/mac:02010b41cdec/antenna/tag/e2806894000050038661fd4f, 83
1652702541.683428, sdrt-health/mac:02010b41cdec/antenna/tag/e2806894000050038662194f, 81
1652702541.736492, sdrt-health/mac:02010b41cdec/antenna/tag/e2806894000050038662194f, 94
1652702541.782999, sdrt-health/mac:02010b41cdec/antenna/tag/e28068940000400386621d4f, 96
1652702541.855689, sdrt-health/mac:02010b41cdec/antenna/tag/e2806894000050038662194f, 81
1652702541.856179, sdrt-health/mac:02010b41cdec/antenna/tag/e2806894000050038662154f, 85
1652702541.882632, sdrt-health/mac:02010b41cdec/antenna/tag/e2806894000050038662154f, 85
1652702541.915588, sdrt-health/mac:02010b41cdec/antenna/tag/e28068940000400386621d4f, 77
1652702541.916102, sdrt-health/mac:02010b41cdec/antenna/tag/e28068940000500386620d4f, 83
1652702541.931591, sdrt-health/mac:02010b41cdec/antenna/tag/e2806894000050038662154f, 88
1652702541.93211, sdrt-health/mac:02010b41cdec/antenna/tag/e28068940000400386621d4f, 96
1652702541.975324, sdrt-health/mac:02010b41cdec/antenna/tag/e28068940000500386620d4f, 90
1652702542.022564, sdrt-health/mac:02010b41cdec/antenna/tag/e2806894000050038662194f, 88
1652702542.087822, sdrt-health/mac:02010b41cdec/antenna/tag/e2806894000040038661f94f, 82
1652702542.088361, sdrt-health/mac:02010b41cdec/antenna/tag/e2806894000050038661fd4f, 97
1652702542.112543, sdrt-health/mac:02010b41cdec/antenna/tag/e28068940000500386620d4f, 83
1652702542.163424, sdrt-health/mac:02010b41cdec/antenna/tag/e2806894000050038661fd4f, 91
1652702542.232798, sdrt-health/mac:02010b41cdec/antenna/tag/e2806894000040038662114f, 88
1652702542.273696, sdrt-health/mac:02010b41cdec/antenna/tag/e28068940000500386620d4f, 83
1652702542.322907, sdrt-health/mac:02010b41cdec/antenna/tag/e2806894000050038662194f, 88
1652702542.362879, sdrt-health/mac:02010b41cdec/antenna/tag/e2806894000050038662154f, 85
1652702542.418146, sdrt-health/mac:02010b41cdec/antenna/tag/e28068940000400386621d4f, 77
1652702542.418708, sdrt-health/mac:02010b41cdec/antenna/tag/e2806894000040038662114f, 85
1652702542.45835, sdrt-health/mac:02010b41cdec/antenna/tag/e2806894000050038662154f, 93
1652702542.492809, sdrt-health/mac:02010b41cdec/antenna/tag/e28068940000400386621d4f, 77
1652702542.49325, sdrt-health/mac:02010b41cdec/antenna/tag/e28068940000500386620d4f, 83
1652702542.509801, sdrt-health/mac:02010b41cdec/antenna/tag/e28068940000500386620d4f, 90
1652702542.510339, sdrt-health/mac:02010b41cdec/antenna/tag/e28068940000400386621d4f, 96
1652702542.510758, sdrt-health/mac:02010b41cdec/antenna/tag/e2806894000040038661f94f, 88
1652702542.562524, sdrt-health/mac:02010b41cdec/antenna/tag/e28068940000500386620d4f, 90
1652702542.645275, sdrt-health/mac:02010b41cdec/antenna/tag/e2806894000050038662154f, 88
1652702542.685216, sdrt-health/mac:02010b41cdec/antenna/tag/e2806894000040038662114f, 85
1652702542.738767, sdrt-health/mac:02010b41cdec/antenna/tag/e28068940000500386620d4f, 90
1652702542.739246, sdrt-health/mac:02010b41cdec/antenna/tag/e28068940000400386621d4f, 96
1652702542.762839, sdrt-health/mac:02010b41cdec/antenna/tag/e28068940000500386620d4f, 90
1652702542.829005, sdrt-health/mac:02010b41cdec/antenna/tag/e28068940000400386621d4f, 77
1652702542.829544, sdrt-health/mac:02010b41cdec/antenna/tag/e2806894000050038661fd4f, 91
1652702542.845953, sdrt-health/mac:02010b41cdec/antenna/tag/e28068940000500386620d4f, 83
1652702542.855672, sdrt-health/mac:02010b41cdec/antenna/tag/e2806894000050038661fd4f, 97
1652702542.902376, sdrt-health/mac:02010b41cdec/antenna/tag/e2806894000040038662214f, 88
1652702542.935726, sdrt-health/mac:02010b41cdec/antenna/tag/e2806894000050038661fd4f, 97
1652702542.936272, sdrt-health/mac:02010b41cdec/antenna/tag/e2806894000050038662154f, 85
1652702542.952823, sdrt-health/mac:02010b41cdec/antenna/tag/e2806894000050038661fd4f, 91
1652702542.991991, sdrt-health/mac:02010b41cdec/antenna/tag/e2806894000040038661f94f, 100
1652702543.04223, sdrt-health/mac:02010b41cdec/antenna/tag/e28068940000500386620d4f, 90
1652702543.073945, sdrt-health/mac:02010b41cdec/antenna/tag/e2806894000050038662154f, 88
1652702543.07446, sdrt-health/mac:02010b41cdec/antenna/tag/e2806894000050038661fd4f, 91
1652702543.09594, sdrt-health/mac:02010b41cdec/antenna/tag/e2806894000050038662154f, 85
1652702543.157925, sdrt-health/mac:02010b41cdec/antenna/tag/e28068940000400386621d4f, 96
1652702543.158373, sdrt-health/mac:02010b41cdec/antenna/tag/e28068940000400386621d4f, 96
1652702543.192696, sdrt-health/mac:02010b41cdec/antenna/tag/e28068940000500386620d4f, 83
1652702543.225233, sdrt-health/mac:02010b41cdec/antenna/tag/e28068940000400386621d4f, 96
1652702543.225826, sdrt-health/mac:02010b41cdec/antenna/tag/e28068940000400386621d4f, 96
1652702543.303085, sdrt-health/mac:02010b41cdec/antenna/tag/e2806894000040038662114f, 91
1652702543.337617, sdrt-health/mac:02010b41cdec/antenna/tag/e2806894000040038662114f, 88
1652702543.338228, sdrt-health/mac:02010b41cdec/antenna/tag/e28068940000400386621d4f, 96
1652702543.338649, sdrt-health/mac:02010b41cdec/antenna/tag/e2806894000040038662114f, 88
1652702543.355793, sdrt-health/mac:02010b41cdec/antenna/tag/e2806894000050038661fd4f, 97
1652702543.356317, sdrt-health/mac:02010b41cdec/antenna/tag/e2806894000050038662154f, 88
1652702543.403045, sdrt-health/mac:02010b41cdec/antenna/tag/e2806894000050038661fd4f, 97
1652702543.442154, sdrt-health/mac:02010b41cdec/antenna/tag/e2806894000040038662114f, 87
1652702543.498442, sdrt-health/mac:02010b41cdec/antenna/tag/e2806894000040038662214f, 81
1652702543.499036, sdrt-health/mac:02010b41cdec/antenna/tag/e2806894000050038662154f, 93
1652702543.591796, sdrt-health/mac:02010b41cdec/antenna/tag/e2806894000050038661fd4f, 83
1652702543.659197, sdrt-health/mac:02010b41cdec/antenna/tag/e2806894000050038662154f, 88
1652702543.692327, sdrt-health/mac:02010b41cdec/antenna/tag/e28068940000400386621d4f, 77
1652702543.692831, sdrt-health/mac:02010b41cdec/antenna/tag/e28068940000400386621d4f, 96
1652702543.711105, sdrt-health/mac:02010b41cdec/antenna/tag/e2806894000050038662154f, 88
1652702543.778507, sdrt-health/mac:02010b41cdec/antenna/tag/e2806894000050038661fd4f, 97
1652702543.779038, sdrt-health/mac:02010b41cdec/antenna/tag/e28068940000500386620d4f, 83
1652702543.803034, sdrt-health/mac:02010b41cdec/antenna/tag/e2806894000040038661f94f, 88
1652702543.835958, sdrt-health/mac:02010b41cdec/antenna/tag/e2806894000050038661fd4f, 91
1652702543.836466, sdrt-health/mac:02010b41cdec/antenna/tag/e28068940000400386621d4f, 77
1652702543.851814, sdrt-health/mac:02010b41cdec/antenna/tag/e2806894000040038662214f, 84
1652702543.883313, sdrt-health/mac:02010b41cdec/antenna/tag/e28068940000500386620d4f, 90
1652702543.933334, sdrt-health/mac:02010b41cdec/antenna/tag/e2806894000040038662114f, 85
1652702543.988014, sdrt-health/mac:02010b41cdec/antenna/tag/e28068940000500386620d4f, 80
1652702544.035389, sdrt-health/mac:02010b41cdec/antenna/tag/e28068940000400386621d4f, 77
1652702544.098142, sdrt-health/mac:02010b41cdec/antenna/tag/e28068940000500386620d4f, 90
1652702544.098706, sdrt-health/mac:02010b41cdec/antenna/tag/e28068940000400386621d4f, 96
1652702544.113541, sdrt-health/mac:02010b41cdec/antenna/tag/e28068940000500386620d4f, 90
1652702544.14416, sdrt-health/mac:02010b41cdec/antenna/tag/e2806894000040038662114f, 85
1652702544.144614, sdrt-health/mac:02010b41cdec/antenna/tag/e2806894000040038662114f, 85
1652702544.145021, sdrt-health/mac:02010b41cdec/antenna/tag/e2806894000050038662154f, 88
1652702544.145373, sdrt-health/mac:02010b41cdec/antenna/tag/e28068940000500386620d4f, 90
1652702544.19165, sdrt-health/mac:02010b41cdec/antenna/tag/e28068940000500386620d4f, 83
1652702544.268555, sdrt-health/mac:02010b41cdec/antenna/tag/e28068940000400386621d4f, 77
1652702544.26907, sdrt-health/mac:02010b41cdec/antenna/tag/e2806894000050038661fd4f, 83
1652702544.285666, sdrt-health/mac:02010b41cdec/antenna/tag/e2806894000050038662154f, 88
1652702544.286208, sdrt-health/mac:02010b41cdec/antenna/tag/e2806894000050038661fd4f, 83
1652702544.322035, sdrt-health/mac:02010b41cdec/antenna/tag/e2806894000050038661fd4f, 83
1652702544.361334, sdrt-health/mac:02010b41cdec/antenna/tag/e2806894000040038662114f, 88
1652702544.4206, sdrt-health/mac:02010b41cdec/antenna/tag/e2806894000050038661fd4f, 91
1652702544.421241, sdrt-health/mac:02010b41cdec/antenna/tag/e2806894000040038662114f, 88
1652702544.456751, sdrt-health/mac:02010b41cdec/antenna/tag/e2806894000040038662114f, 88
1652702544.519618, sdrt-health/mac:02010b41cdec/antenna/tag/e28068940000500386620d4f, 90
1652702544.520194, sdrt-health/mac:02010b41cdec/antenna/tag/e28068940000500386620d4f, 90
1652702544.551972, sdrt-health/mac:02010b41cdec/antenna/tag/e2806894000040038662114f, 88
1652702544.601274, sdrt-health/mac:02010b41cdec/antenna/tag/e2806894000050038662154f, 88
1652702544.633906, sdrt-health/mac:02010b41cdec/antenna/tag/e2806894000040038662114f, 88
1652702544.63442, sdrt-health/mac:02010b41cdec/antenna/tag/e28068940000500386620d4f, 90
1652702544.649465, sdrt-health/mac:02010b41cdec/antenna/tag/e2806894000050038661fd4f, 83
1652702544.649972, sdrt-health/mac:02010b41cdec/antenna/tag/e28068940000400386621d4f, 96
1652702544.650427, sdrt-health/mac:02010b41cdec/antenna/tag/e28068940000500386620d4f, 83
1652702544.650804, sdrt-health/mac:02010b41cdec/antenna/tag/e28068940000400386621d4f, 96
1652702544.682581, sdrt-health/mac:02010b41cdec/antenna/tag/e28068940000500386620d4f, 83
1652702544.722065, sdrt-health/mac:02010b41cdec/antenna/tag/e28068940000400386621d4f, 77
1652702544.778586, sdrt-health/mac:02010b41cdec/antenna/tag/e2806894000050038662194f, 88
1652702544.779083, sdrt-health/mac:02010b41cdec/antenna/tag/e2806894000050038662154f, 93
1652702544.802145, sdrt-health/mac:02010b41cdec/antenna/tag/e2806894000040038661f94f, 82
1652702544.843079, sdrt-health/mac:02010b41cdec/antenna/tag/e2806894000040038662214f, 88
1652702544.883222, sdrt-health/mac:02010b41cdec/antenna/tag/e28068940000400386621d4f, 77
1652702544.922642, sdrt-health/mac:02010b41cdec/antenna/tag/e2806894000050038661fd4f, 91
1652702544.962363, sdrt-health/mac:02010b41cdec/antenna/tag/e2806894000050038662154f, 88
1652702545.018667, sdrt-health/mac:02010b41cdec/antenna/tag/e2806894000040038662114f, 85
1652702545.019173, sdrt-health/mac:02010b41cdec/antenna/tag/e28068940000400386621d4f, 77
1652702545.095534, sdrt-health/mac:02010b41cdec/antenna/tag/e28068940000400386621d4f, 77
1652702545.147228, sdrt-health/mac:02010b41cdec/antenna/tag/e2806894000050038661fd4f, 97
1652702545.147722, sdrt-health/mac:02010b41cdec/antenna/tag/e2806894000040038661f94f, 83
1652702545.164944, sdrt-health/mac:02010b41cdec/antenna/tag/e28068940000400386621d4f, 96
1652702545.312459, sdrt-health/mac:02010b41cdec/antenna/tag/scan, scan stopped
