1652702391.637527, sdrt-health/mac:02010b41cdec/antenna/power/set, {"power": 280}
1652702392.715214, sdrt-health/mac:02010b41cdec/antenna/power/set, 
1652702396.660599, sdrt-health/mac:02010b41cdec/antenna/tag/scan, {"time": 20000}
1652702397.032635, sdrt-health/mac:02010b41cdec/antenna/tag/e2806894000040038662114f, 85
1652702397.080777, sdrt-health/mac:02010b41cdec/antenna/tag/e2806894000050038662154f, 85
1652702397.122995, sdrt-health/mac:02010b41cdec/antenna/tag/e28068940000400386621d4f, 96
1652702397.178089, sdrt-health/mac:02010b41cdec/antenna/tag/e2806894000050038661fd4f, 91
1652702397.178621, sdrt-health/mac:02010b41cdec/antenna/tag/e2806894000050038661fd4f, 91
1652702397.203852, sdrt-health/mac:02010b41cdec/antenna/tag/e2806894000050038661fd4f, 91
1652702397.25854, sdrt-health/mac:02010b41cdec/antenna/tag/e2806894000050038661fd4f, 91
1652702397.327205, sdrt-health/mac:02010b41cdec/antenna/tag/e28068940000400386621d4f, 96
1652702397.327659, sdrt-health/mac:02010b41cdec/antenna/tag/e2806894000050038661fd4f, 91
1652702397.342602, sdrt-health/mac:02010b41cdec/antenna/tag/e28068940000400386621d4f, 77
1652702397.361344, sdrt-health/mac:02010b41cdec/antenna/tag/e28068940000500386620d4f, 83
1652702397.405212, sdrt-health/mac:02010b41cdec/antenna/tag/e2806894000050038662154f, 87
1652702397.458036, sdrt-health/mac:02010b41cdec/antenna/tag/e28068940000400386621d4f, 96
1652702397.458481, sdrt-health/mac:02010b41cdec/antenna/tag/e28068940000400386621d4f, 96
1652702397.482758, sdrt-health/mac:02010b41cdec/antenna/tag/e28068940000400386621d4f, 96
1652702397.557384, sdrt-health/mac:02010b41cdec/antenna/tag/e28068940000500386620d4f, 80
1652702397.557886, sdrt-health/mac:02010b41cdec/antenna/tag/e2806894000040038662114f, 85
1652702397.593933, sdrt-health/mac:02010b41cdec/antenna/tag/e28068940000500386620d4f, 90
1652702397.646808, sdrt-health/mac:02010b41cdec/antenna/tag/e28068940000400386621d4f, 77
1652702397.647329, sdrt-health/mac:02010b41cdec/antenna/tag/e28068940000500386620d4f, 80
1652702397.662221, sdrt-health/mac:02010b41cdec/antenna/tag/e2806894000040038662114f, 93
1652702397.683525, sdrt-health/mac:02010b41cdec/antenna/tag/e2806894000040038662114f, 85
1652702397.722392, sdrt-health/mac:02010b41cdec/antenna/tag/e2806894000050038662154f, 88
1652702397.777588, sdrt-health/mac:02010b41cdec/antenna/tag/e2806894000050038661fd4f, 97
1652702397.778083, sdrt-health/mac:02010b41cdec/antenna/tag/e2806894000040038662114f, 85
1652702397.832513, sdrt-health/mac:02010b41cdec/antenna/tag/e2806894000040038662114f, 85
1652702397.872604, sdrt-health/mac:02010b41cdec/antenna/tag/e2806894000050038661fd4f, 97
1652702397.913764, sdrt-health/mac:02010b41cdec/antenna/tag/e28068940000400386621d4f, 96
1652702397.980099, sdrt-health/mac:02010b41cdec/antenna/tag/e2806894000040038662114f, 88
1652702397.98058, sdrt-health/mac:02010b41cdec/antenna/tag/e2806894000040038662114f, 85
1652702397.99611, sdrt-health/mac:02010b41cdec/antenna/tag/e28068940000400386621d4f, 96
1652702398.001901, sdrt-health/mac:02010b41cdec/antenna/tag/e2806894000050038662154f, 85
1652702398.042126, sdrt-health/mac:02010b41cdec/antenna/tag/e28068940000400386621d4f, 96
1652702398.096821, sdrt-health/mac:02010b41cdec/antenna/tag/e2806894000050038661fd4f, 97
1652702398.097075, sdrt-health/mac:02010b41cdec/antenna/tag/e2806894000050038661fd4f, 91
1652702398.097207, sdrt-health/mac:02010b41cdec/antenna/tag/e28068940000500386620d4f, 80
1652702398.121553, sdrt-health/mac:02010b41cdec/antenna/tag/e28068940000500386620d4f, 83
1652702398.161362, sdrt-health/mac:02010b41cdec/antenna/tag/e2806894000050038662154f, 88
1652702398.201218, sdrt-health/mac:02010b41cdec/antenna/tag/e2806894000040038662214f, 82
1652702398.255987, sdrt-health/mac:02010b41cdec/antenna/tag/e2806894000050038661fd4f, 91
1652702398.256325, sdrt-health/mac:02010b41cdec/antenna/tag/e2806894000050038662154f, 87
1652702398.271525, sdrt-health/mac:02010b41cdec/antenna/tag/e2806894000040038662114f, 85
1652702398.282384, sdrt-health/mac:02010b41cdec/antenna/tag/e2806894000050038661fd4f, 91
1652702398.331477, sdrt-health/mac:02010b41cdec/antenna/tag/e28068940000500386620d4f, 80
1652702398.376297, sdrt-health/mac:02010b41cdec/antenna/tag/e2806894000050038662154f, 85
1652702398.422108, sdrt-health/mac:02010b41cdec/antenna/tag/e28068940000500386620d4f, 83
1652702398.489366, sdrt-health/mac:02010b41cdec/antenna/tag/e2806894000050038662154f, 85
1652702398.489829, sdrt-health/mac:02010b41cdec/antenna/tag/e2806894000040038661f94f, 84
1652702398.50357, sdrt-health/mac:02010b41cdec/antenna/tag/e2806894000040038662114f, 85
1652702398.512529, sdrt-health/mac:02010b41cdec/antenna/tag/e28068940000400386621d4f, 96
1652702398.520252, sdrt-health/mac:02010b41cdec/antenna/tag/e2806894000040038662114f, 93
1652702398.561862, sdrt-health/mac:02010b41cdec/antenna/tag/e28068940000500386620d4f, 83
1652702398.60216, sdrt-health/mac:02010b41cdec/antenna/tag/e2806894000050038662154f, 85
1652702398.658067, sdrt-health/mac:02010b41cdec/antenna/tag/e28068940000400386621d4f, 96
1652702398.658615, sdrt-health/mac:02010b41cdec/antenna/tag/e28068940000500386620d4f, 83
1652702398.672232, sdrt-health/mac:02010b41cdec/antenna/tag/e28068940000400386621d4f, 96
1652702398.699943, sdrt-health/mac:02010b41cdec/antenna/tag/e2806894000040038662114f, 93
1652702398.761894, sdrt-health/mac:02010b41cdec/antenna/tag/e2806894000050038662154f, 85
1652702398.762336, sdrt-health/mac:02010b41cdec/antenna/tag/e2806894000040038662114f, 85
1652702398.7783, sdrt-health/mac:02010b41cdec/antenna/tag/e2806894000050038662154f, 85
1652702398.81433, sdrt-health/mac:02010b41cdec/antenna/tag/e2806894000050038662154f, 88
1652702398.814774, sdrt-health/mac:02010b41cdec/antenna/tag/e2806894000040038662114f, 85
1652702398.81511, sdrt-health/mac:02010b41cdec/antenna/tag/e2806894000040038662114f, 93
1652702398.832168, sdrt-health/mac:02010b41cdec/antenna/tag/e2806894000050038662154f, 85
1652702398.900104, sdrt-health/mac:02010b41cdec/antenna/tag/e28068940000400386621d4f, 96
1652702398.900639, sdrt-health/mac:02010b41cdec/antenna/tag/e2806894000040038662114f, 85
1652702398.916145, sdrt-health/mac:02010b41cdec/antenna/tag/e2806894000040038662114f, 85
1652702398.916691, sdrt-health/mac:02010b41cdec/antenna/tag/e2806894000040038662114f, 93
1652702398.975505, sdrt-health/mac:02010b41cdec/antenna/tag/e2806894000040038662114f, 85
1652702399.006485, sdrt-health/mac:02010b41cdec/antenna/tag/e2806894000040038662114f, 93
1652702399.147377, sdrt-health/mac:02010b41cdec/antenna/tag/e28068940000400386621d4f, 96
1652702399.147877, sdrt-health/mac:02010b41cdec/antenna/tag/e2806894000040038662114f, 93
1652702399.148291, sdrt-health/mac:02010b41cdec/antenna/tag/e2806894000040038662114f, 93
1652702399.148658, sdrt-health/mac:02010b41cdec/antenna/tag/e2806894000050038662154f, 85
1652702399.14945, sdrt-health/mac:02010b41cdec/antenna/tag/e28068940000400386621d4f, 77
1652702399.176303, sdrt-health/mac:02010b41cdec/antenna/tag/e28068940000500386620d4f, 83
1652702399.256174, sdrt-health/mac:02010b41cdec/antenna/tag/e28068940000500386620d4f, 83
1652702399.292139, sdrt-health/mac:02010b41cdec/antenna/tag/e28068940000500386620d4f, 80
1652702399.364776, sdrt-health/mac:02010b41cdec/antenna/tag/e28068940000500386620d4f, 83
1652702399.418896, sdrt-health/mac:02010b41cdec/antenna/tag/e2806894000040038662114f, 85
1652702399.46217, sdrt-health/mac:02010b41cdec/antenna/tag/e28068940000500386620d4f, 83
1652702399.494339, sdrt-health/mac:02010b41cdec/antenna/tag/e28068940000400386621d4f, 90
1652702399.494796, sdrt-health/mac:02010b41cdec/antenna/tag/e2806894000040038662114f, 88
1652702399.522086, sdrt-health/mac:02010b41cdec/antenna/tag/e28068940000500386620d4f, 83
1652702399.562802, sdrt-health/mac:02010b41cdec/antenna/tag/e2806894000040038662114f, 88
1652702399.594766, sdrt-health/mac:02010b41cdec/antenna/tag/e2806894000050038661fd4f, 83
1652702399.595287, sdrt-health/mac:02010b41cdec/antenna/tag/e2806894000050038662154f, 93
1652702399.59563, sdrt-health/mac:02010b41cdec/antenna/tag/e2806894000040038662114f, 88
1652702399.611144, sdrt-health/mac:02010b41cdec/antenna/tag/e28068940000500386620d4f, 83
1652702399.671088, sdrt-health/mac:02010b41cdec/antenna/tag/e2806894000040038662114f, 85
1652702399.672574, sdrt-health/mac:02010b41cdec/antenna/tag/e2806894000040038662114f, 85
1652702399.686051, sdrt-health/mac:02010b41cdec/antenna/tag/e28068940000500386620d4f, 83
1652702399.71213, sdrt-health/mac:02010b41cdec/antenna/tag/e28068940000400386621d4f, 77
1652702399.744128, sdrt-health/mac:02010b41cdec/antenna/tag/e2806894000050038662154f, 85
1652702399.744558, sdrt-health/mac:02010b41cdec/antenna/tag/e2806894000040038662114f, 85
1652702399.761724, sdrt-health/mac:02010b41cdec/antenna/tag/e28068940000500386620d4f, 83
1652702399.800585, sdrt-health/mac:02010b41cdec/antenna/tag/e28068940000500386620d4f, 80
1652702399.898172, sdrt-health/mac:02010b41cdec/antenna/tag/e2806894000050038661fd4f, 97
1652702399.979545, sdrt-health/mac:02010b41cdec/antenna/tag/e2806894000040038662114f, 87
1652702400.010018, sdrt-health/mac:02010b41cdec/antenna/tag/e28068940000400386621d4f, 96
1652702400.010724, sdrt-health/mac:02010b41cdec/antenna/tag/e2806894000050038662154f, 88
1652702400.025375, sdrt-health/mac:02010b41cdec/antenna/tag/e28068940000500386620d4f, 83
1652702400.071638, sdrt-health/mac:02010b41cdec/antenna/tag/e2806894000050038662154f, 85
1652702400.1301, sdrt-health/mac:02010b41cdec/antenna/tag/e2806894000040038662114f, 85
1652702400.130648, sdrt-health/mac:02010b41cdec/antenna/tag/e28068940000400386621d4f, 77
1652702400.145502, sdrt-health/mac:02010b41cdec/antenna/tag/e2806894000050038661fd4f, 91
1652702400.163888, sdrt-health/mac:02010b41cdec/antenna/tag/e28068940000400386621d4f, 96
1652702400.217973, sdrt-health/mac:02010b41cdec/antenna/tag/e2806894000050038661fd4f, 97
1652702400.218429, sdrt-health/mac:02010b41cdec/antenna/tag/e2806894000040038662114f, 93
1652702400.233065, sdrt-health/mac:02010b41cdec/antenna/tag/e2806894000040038662114f, 87
1652702400.272251, sdrt-health/mac:02010b41cdec/antenna/tag/e2806894000050038661fd4f, 97
1652702400.322087, sdrt-health/mac:02010b41cdec/antenna/tag/e2806894000040038662114f, 93
1652702400.322604, sdrt-health/mac:02010b41cdec/antenna/tag/e28068940000400386621d4f, 96
1652702400.36203, sdrt-health/mac:02010b41cdec/antenna/tag/e28068940000500386620d4f, 80
1652702400.49663, sdrt-health/mac:02010b41cdec/antenna/tag/e28068940000500386620d4f, 83
1652702400.496824, sdrt-health/mac:02010b41cdec/antenna/tag/e28068940000500386620d4f, 83
1652702400.497096, sdrt-health/mac:02010b41cdec/antenna/tag/e28068940000500386620d4f, 83
1652702400.497311, sdrt-health/mac:02010b41cdec/antenna/tag/e28068940000500386620d4f, 83
1652702400.522429, sdrt-health/mac:02010b41cdec/antenna/tag/e2806894000040038662114f, 85
1652702400.561683, sdrt-health/mac:02010b41cdec/antenna/tag/e2806894000040038662114f, 85
1652702400.602727, sdrt-health/mac:02010b41cdec/antenna/tag/e2806894000050038661fd4f, 91
1652702400.656752, sdrt-health/mac:02010b41cdec/antenna/tag/e2806894000050038661fd4f, 91
1652702400.657003, sdrt-health/mac:02010b41cdec/antenna/tag/e28068940000500386620d4f, 83
1652702400.6727, sdrt-health/mac:02010b41cdec/antenna/tag/e2806894000050038662154f, 87
1652702400.681309, sdrt-health/mac:02010b41cdec/antenna/tag/e2806894000050038662154f, 88
1652702400.688141, sdrt-health/mac:02010b41cdec/antenna/tag/e28068940000500386620d4f, 83
1652702400.721367, sdrt-health/mac:02010b41cdec/antenna/tag/e28068940000400386621d4f, 96
1652702400.872013, sdrt-health/mac:02010b41cdec/antenna/tag/e28068940000400386621d4f, 96
1652702400.935646, sdrt-health/mac:02010b41cdec/antenna/tag/e2806894000040038662114f, 93
1652702400.972129, sdrt-health/mac:02010b41cdec/antenna/tag/e2806894000050038661fd4f, 91
1652702400.97237, sdrt-health/mac:02010b41cdec/antenna/tag/e2806894000040038662114f, 93
1652702401.096284, sdrt-health/mac:02010b41cdec/antenna/tag/e2806894000040038662114f, 85
1652702401.141667, sdrt-health/mac:02010b41cdec/antenna/tag/e28068940000500386620d4f, 83
1652702401.193002, sdrt-health/mac:02010b41cdec/antenna/tag/e28068940000500386620d4f, 80
1652702401.232564, sdrt-health/mac:02010b41cdec/antenna/tag/e2806894000050038661fd4f, 88
1652702401.282328, sdrt-health/mac:02010b41cdec/antenna/tag/e2806894000050038662154f, 88
1652702401.353287, sdrt-health/mac:02010b41cdec/antenna/tag/e28068940000400386621d4f, 96
1652702401.353802, sdrt-health/mac:02010b41cdec/antenna/tag/e2806894000050038662154f, 85
1652702401.368496, sdrt-health/mac:02010b41cdec/antenna/tag/e2806894000040038662114f, 93
1652702401.453135, sdrt-health/mac:02010b41cdec/antenna/tag/e28068940000500386620d4f, 83
1652702401.512667, sdrt-health/mac:02010b41cdec/antenna/tag/e28068940000400386621d4f, 96
1652702401.567704, sdrt-health/mac:02010b41cdec/antenna/tag/e2806894000050038662154f, 93
1652702401.568207, sdrt-health/mac:02010b41cdec/antenna/tag/e28068940000400386621d4f, 90
1652702401.592411, sdrt-health/mac:02010b41cdec/antenna/tag/e28068940000400386621d4f, 77
1652702401.631514, sdrt-health/mac:02010b41cdec/antenna/tag/e2806894000040038662114f, 93
1652702401.759166, sdrt-health/mac:02010b41cdec/antenna/tag/e28068940000400386621d4f, 77
1652702401.759868, sdrt-health/mac:02010b41cdec/antenna/tag/e2806894000050038662154f, 85
1652702401.850922, sdrt-health/mac:02010b41cdec/antenna/tag/e2806894000050038662154f, 85
1652702401.896471, sdrt-health/mac:02010b41cdec/antenna/tag/e2806894000050038662154f, 85
1652702401.954631, sdrt-health/mac:02010b41cdec/antenna/tag/e2806894000050038661fd4f, 97
1652702401.955137, sdrt-health/mac:02010b41cdec/antenna/tag/e2806894000050038662154f, 85
1652702401.969425, sdrt-health/mac:02010b41cdec/antenna/tag/e2806894000050038661fd4f, 97
1652702401.991374, sdrt-health/mac:02010b41cdec/antenna/tag/e2806894000050038662154f, 85
1652702402.032469, sdrt-health/mac:02010b41cdec/antenna/tag/e28068940000400386621d4f, 96
1652702402.083165, sdrt-health/mac:02010b41cdec/antenna/tag/e2806894000050038662154f, 93
1652702402.137364, sdrt-health/mac:02010b41cdec/antenna/tag/e28068940000500386620d4f, 83
1652702402.137733, sdrt-health/mac:02010b41cdec/antenna/tag/e28068940000500386620d4f, 90
1652702402.162822, sdrt-health/mac:02010b41cdec/antenna/tag/e2806894000040038662114f, 88
1652702402.195199, sdrt-health/mac:02010b41cdec/antenna/tag/e2806894000040038662114f, 88
1652702402.195681, sdrt-health/mac:02010b41cdec/antenna/tag/e28068940000500386620d4f, 83
1652702402.211315, sdrt-health/mac:02010b41cdec/antenna/tag/e28068940000500386620d4f, 83
1652702402.236303, sdrt-health/mac:02010b41cdec/antenna/tag/e28068940000500386620d4f, 83
1652702402.297193, sdrt-health/mac:02010b41cdec/antenna/tag/e2806894000050038661fd4f, 91
1652702402.297626, sdrt-health/mac:02010b41cdec/antenna/tag/e2806894000050038662154f, 87
1652702402.313167, sdrt-health/mac:02010b41cdec/antenna/tag/e2806894000050038661fd4f, 88
1652702402.343273, sdrt-health/mac:02010b41cdec/antenna/tag/e2806894000050038662154f, 87
1652702402.3435, sdrt-health/mac:02010b41cdec/antenna/tag/e2806894000040038662114f, 87
1652702402.361595, sdrt-health/mac:02010b41cdec/antenna/tag/e28068940000500386620d4f, 83
1652702402.40184, sdrt-health/mac:02010b41cdec/antenna/tag/e28068940000400386621d4f, 77
1652702402.441986, sdrt-health/mac:02010b41cdec/antenna/tag/e2806894000040038662114f, 88
1652702402.492525, sdrt-health/mac:02010b41cdec/antenna/tag/e2806894000050038661fd4f, 97
1652702402.536429, sdrt-health/mac:02010b41cdec/antenna/tag/e2806894000040038662114f, 93
1652702402.587262, sdrt-health/mac:02010b41cdec/antenna/tag/e28068940000400386621d4f, 77
1652702402.587765, sdrt-health/mac:02010b41cdec/antenna/tag/e2806894000050038662154f, 85
1652702402.602433, sdrt-health/mac:02010b41cdec/antenna/tag/e2806894000040038662114f, 93
1652702402.641947, sdrt-health/mac:02010b41cdec/antenna/tag/e2806894000050038661fd4f, 83
1652702402.684378, sdrt-health/mac:02010b41cdec/antenna/tag/e2806894000050038662154f, 85
1652702402.714751, sdrt-health/mac:02010b41cdec/antenna/tag/e28068940000500386620d4f, 90
1652702402.715204, sdrt-health/mac:02010b41cdec/antenna/tag/e2806894000040038662114f, 85
1652702402.729852, sdrt-health/mac:02010b41cdec/antenna/tag/e2806894000050038662154f, 85
1652702402.730384, sdrt-health/mac:02010b41cdec/antenna/tag/e28068940000500386620d4f, 90
1652702402.763466, sdrt-health/mac:02010b41cdec/antenna/tag/e28068940000500386620d4f, 83
1652702402.816363, sdrt-health/mac:02010b41cdec/antenna/tag/e2806894000050038662154f, 93
1652702402.816826, sdrt-health/mac:02010b41cdec/antenna/tag/e2806894000050038662154f, 85
1652702402.872273, sdrt-health/mac:02010b41cdec/antenna/tag/e2806894000040038662054f, 88
1652702402.912763, sdrt-health/mac:02010b41cdec/antenna/tag/e2806894000050038662154f, 85
1652702402.952366, sdrt-health/mac:02010b41cdec/antenna/tag/e28068940000500386620d4f, 83
1652702403.005801, sdrt-health/mac:02010b41cdec/antenna/tag/e28068940000400386621d4f, 96
1652702403.006411, sdrt-health/mac:02010b41cdec/antenna/tag/e28068940000400386621d4f, 96
1652702403.042492, sdrt-health/mac:02010b41cdec/antenna/tag/e2806894000050038662154f, 85
1652702403.097162, sdrt-health/mac:02010b41cdec/antenna/tag/e2806894000050038661fd4f, 83
1652702403.09761, sdrt-health/mac:02010b41cdec/antenna/tag/e28068940000400386621d4f, 96
1652702403.122448, sdrt-health/mac:02010b41cdec/antenna/tag/e28068940000500386620d4f, 83
1652702403.162007, sdrt-health/mac:02010b41cdec/antenna/tag/e28068940000400386621d4f, 77
1652702403.202165, sdrt-health/mac:02010b41cdec/antenna/tag/e2806894000050038662154f, 85
1652702403.292491, sdrt-health/mac:02010b41cdec/antenna/tag/e2806894000040038662114f, 85
1652702403.335963, sdrt-health/mac:02010b41cdec/antenna/tag/e28068940000400386621d4f, 96
1652702403.41896, sdrt-health/mac:02010b41cdec/antenna/tag/e2806894000050038662154f, 88
1652702403.419489, sdrt-health/mac:02010b41cdec/antenna/tag/e2806894000050038662154f, 85
1652702403.434902, sdrt-health/mac:02010b41cdec/antenna/tag/e2806894000040038661f94f, 84
1652702403.435386, sdrt-health/mac:02010b41cdec/antenna/tag/e2806894000040038662114f, 88
1652702403.435962, sdrt-health/mac:02010b41cdec/antenna/tag/e2806894000050038661fd4f, 83
1652702403.5128, sdrt-health/mac:02010b41cdec/antenna/tag/e2806894000050038661fd4f, 83
1652702403.552385, sdrt-health/mac:02010b41cdec/antenna/tag/e2806894000040038662214f, 81
1652702403.583044, sdrt-health/mac:02010b41cdec/antenna/tag/e2806894000040038662114f, 85
1652702403.583616, sdrt-health/mac:02010b41cdec/antenna/tag/e28068940000500386620d4f, 83
1652702403.607863, sdrt-health/mac:02010b41cdec/antenna/tag/e2806894000050038662154f, 85
1652702403.68488, sdrt-health/mac:02010b41cdec/antenna/tag/e2806894000040038662114f, 85
1652702403.685426, sdrt-health/mac:02010b41cdec/antenna/tag/e2806894000050038661fd4f, 97
1652702403.699727, sdrt-health/mac:02010b41cdec/antenna/tag/e2806894000050038661fd4f, 91
1652702403.72089, sdrt-health/mac:02010b41cdec/antenna/tag/e28068940000500386620d4f, 83
1652702403.721401, sdrt-health/mac:02010b41cdec/antenna/tag/e2806894000050038662154f, 85
1652702403.738458, sdrt-health/mac:02010b41cdec/antenna/tag/e28068940000500386620d4f, 83
1652702403.738939, sdrt-health/mac:02010b41cdec/antenna/tag/e2806894000050038661fd4f, 91
1652702403.762155, sdrt-health/mac:02010b41cdec/antenna/tag/e28068940000500386620d4f, 90
1652702403.803094, sdrt-health/mac:02010b41cdec/antenna/tag/e28068940000400386621d4f, 77
1652702403.866007, sdrt-health/mac:02010b41cdec/antenna/tag/e28068940000500386620d4f, 83
1652702403.866562, sdrt-health/mac:02010b41cdec/antenna/tag/e2806894000050038662154f, 93
1652702403.880146, sdrt-health/mac:02010b41cdec/antenna/tag/e28068940000400386621d4f, 77
1652702403.896566, sdrt-health/mac:02010b41cdec/antenna/tag/e2806894000040038662114f, 93
1652702403.945622, sdrt-health/mac:02010b41cdec/antenna/tag/e2806894000040038662114f, 87
1652702403.997275, sdrt-health/mac:02010b41cdec/antenna/tag/e2806894000050038662154f, 85
1652702404.033911, sdrt-health/mac:02010b41cdec/antenna/tag/e2806894000040038662114f, 87
1652702404.097945, sdrt-health/mac:02010b41cdec/antenna/tag/e2806894000050038661fd4f, 91
1652702404.098463, sdrt-health/mac:02010b41cdec/antenna/tag/e2806894000050038661fd4f, 91
1652702404.122876, sdrt-health/mac:02010b41cdec/antenna/tag/e2806894000050038662154f, 87
1652702404.161726, sdrt-health/mac:02010b41cdec/antenna/tag/e28068940000500386620d4f, 83
1652702404.214586, sdrt-health/mac:02010b41cdec/antenna/tag/e28068940000500386620d4f, 80
1652702404.258679, sdrt-health/mac:02010b41cdec/antenna/tag/e2806894000050038661fd4f, 83
1652702404.259157, sdrt-health/mac:02010b41cdec/antenna/tag/e28068940000500386620d4f, 83
1652702404.282334, sdrt-health/mac:02010b41cdec/antenna/tag/e28068940000500386620d4f, 83
1652702404.345537, sdrt-health/mac:02010b41cdec/antenna/tag/e2806894000050038661fd4f, 83
1652702404.346065, sdrt-health/mac:02010b41cdec/antenna/tag/e28068940000500386620d4f, 83
1652702404.35992, sdrt-health/mac:02010b41cdec/antenna/tag/e2806894000050038661fd4f, 83
1652702404.390675, sdrt-health/mac:02010b41cdec/antenna/tag/e28068940000400386621d4f, 90
1652702404.391226, sdrt-health/mac:02010b41cdec/antenna/tag/e28068940000500386620d4f, 83
1652702404.424533, sdrt-health/mac:02010b41cdec/antenna/tag/e2806894000050038662154f, 91
1652702404.472113, sdrt-health/mac:02010b41cdec/antenna/tag/e2806894000050038662154f, 85
1652702404.472665, sdrt-health/mac:02010b41cdec/antenna/tag/e2806894000050038661fd4f, 97
1652702404.512369, sdrt-health/mac:02010b41cdec/antenna/tag/e2806894000050038661fd4f, 97
1652702404.549216, sdrt-health/mac:02010b41cdec/antenna/tag/e2806894000050038662154f, 88
1652702404.549694, sdrt-health/mac:02010b41cdec/antenna/tag/e2806894000050038662154f, 88
1652702404.563113, sdrt-health/mac:02010b41cdec/antenna/tag/e28068940000400386621d4f, 96
1652702404.613937, sdrt-health/mac:02010b41cdec/antenna/tag/e28068940000500386620d4f, 83
1652702404.667637, sdrt-health/mac:02010b41cdec/antenna/tag/e2806894000040038662114f, 93
1652702404.667888, sdrt-health/mac:02010b41cdec/antenna/tag/e28068940000400386621d4f, 96
1652702404.682162, sdrt-health/mac:02010b41cdec/antenna/tag/e28068940000400386621d4f, 96
1652702404.733472, sdrt-health/mac:02010b41cdec/antenna/tag/e2806894000050038662154f, 85
1652702404.733663, sdrt-health/mac:02010b41cdec/antenna/tag/e28068940000400386621d4f, 77
1652702404.75606, sdrt-health/mac:02010b41cdec/antenna/tag/e28068940000400386621d4f, 96
1652702404.823778, sdrt-health/mac:02010b41cdec/antenna/tag/e2806894000050038661fd4f, 91
1652702404.82428, sdrt-health/mac:02010b41cdec/antenna/tag/e2806894000050038662154f, 87
1652702404.83868, sdrt-health/mac:02010b41cdec/antenna/tag/e2806894000040038662114f, 85
1652702404.856007, sdrt-health/mac:02010b41cdec/antenna/tag/e2806894000040038662114f, 85
1652702404.914455, sdrt-health/mac:02010b41cdec/antenna/tag/e2806894000050038662154f, 85
1652702404.951418, sdrt-health/mac:02010b41cdec/antenna/tag/e2806894000050038661fd4f, 83
1652702404.99084, sdrt-health/mac:02010b41cdec/antenna/tag/e28068940000400386621d4f, 96
1652702405.055556, sdrt-health/mac:02010b41cdec/antenna/tag/e28068940000400386621d4f, 96
1652702405.104525, sdrt-health/mac:02010b41cdec/antenna/tag/e28068940000400386621d4f, 96
1652702405.145046, sdrt-health/mac:02010b41cdec/antenna/tag/e2806894000050038662154f, 85
1652702405.214812, sdrt-health/mac:02010b41cdec/antenna/tag/e2806894000040038662114f, 93
1652702405.215273, sdrt-health/mac:02010b41cdec/antenna/tag/e2806894000050038661fd4f, 91
1652702405.230946, sdrt-health/mac:02010b41cdec/antenna/tag/e28068940000500386620d4f, 80
1652702405.282593, sdrt-health/mac:02010b41cdec/antenna/tag/e28068940000500386620d4f, 83
1652702405.312123, sdrt-health/mac:02010b41cdec/antenna/tag/e2806894000050038661fd4f, 97
1652702405.31263, sdrt-health/mac:02010b41cdec/antenna/tag/e28068940000500386620d4f, 83
1652702405.312969, sdrt-health/mac:02010b41cdec/antenna/tag/e28068940000400386621d4f, 96
1652702405.327016, sdrt-health/mac:02010b41cdec/antenna/tag/e28068940000500386620d4f, 80
1652702405.36356, sdrt-health/mac:02010b41cdec/antenna/tag/e2806894000050038661fd4f, 83
1652702405.416892, sdrt-health/mac:02010b41cdec/antenna/tag/e2806894000040038662114f, 93
1652702405.417392, sdrt-health/mac:02010b41cdec/antenna/tag/e28068940000500386620d4f, 83
1652702405.431695, sdrt-health/mac:02010b41cdec/antenna/tag/e2806894000050038661fd4f, 97
1652702405.463156, sdrt-health/mac:02010b41cdec/antenna/tag/e2806894000050038662154f, 85
1652702405.515593, sdrt-health/mac:02010b41cdec/antenna/tag/e2806894000050038661fd4f, 97
1652702405.558115, sdrt-health/mac:02010b41cdec/antenna/tag/e2806894000040038662114f, 93
1652702405.615984, sdrt-health/mac:02010b41cdec/antenna/tag/e28068940000400386621d4f, 96
1652702405.616442, sdrt-health/mac:02010b41cdec/antenna/tag/e2806894000050038661fd4f, 97
1652702405.643477, sdrt-health/mac:02010b41cdec/antenna/tag/e2806894000050038661fd4f, 97
1652702405.675329, sdrt-health/mac:02010b41cdec/antenna/tag/e28068940000500386620d4f, 83
1652702405.675833, sdrt-health/mac:02010b41cdec/antenna/tag/e2806894000050038662154f, 93
1652702405.676172, sdrt-health/mac:02010b41cdec/antenna/tag/e28068940000400386621d4f, 77
1652702405.691688, sdrt-health/mac:02010b41cdec/antenna/tag/e2806894000040038662114f, 87
1652702405.692182, sdrt-health/mac:02010b41cdec/antenna/tag/e2806894000050038661fd4f, 97
1652702405.722986, sdrt-health/mac:02010b41cdec/antenna/tag/e2806894000040038662114f, 93
1652702405.76335, sdrt-health/mac:02010b41cdec/antenna/tag/e28068940000500386620d4f, 80
1652702405.816178, sdrt-health/mac:02010b41cdec/antenna/tag/e2806894000050038662154f, 85
1652702405.816671, sdrt-health/mac:02010b41cdec/antenna/tag/e28068940000500386620d4f, 83
1652702405.84429, sdrt-health/mac:02010b41cdec/antenna/tag/e28068940000500386620d4f, 80
1652702405.898564, sdrt-health/mac:02010b41cdec/antenna/tag/e2806894000050038661fd4f, 83
1652702405.940915, sdrt-health/mac:02010b41cdec/antenna/tag/e28068940000500386620d4f, 90
1652702406.008317, sdrt-health/mac:02010b41cdec/antenna/tag/e2806894000050038661fd4f, 97
1652702406.009118, sdrt-health/mac:02010b41cdec/antenna/tag/e2806894000040038662114f, 85
1652702406.032382, sdrt-health/mac:02010b41cdec/antenna/tag/e28068940000500386620d4f, 83
1652702406.089237, sdrt-health/mac:02010b41cdec/antenna/tag/e2806894000040038662114f, 91
1652702406.089669, sdrt-health/mac:02010b41cdec/antenna/tag/e2806894000040038662114f, 88
1652702406.104104, sdrt-health/mac:02010b41cdec/antenna/tag/e28068940000500386620d4f, 83
1652702406.104483, sdrt-health/mac:02010b41cdec/antenna/tag/e2806894000050038661fd4f, 97
1652702406.112166, sdrt-health/mac:02010b41cdec/antenna/tag/e2806894000050038662154f, 93
1652702406.164556, sdrt-health/mac:02010b41cdec/antenna/tag/e2806894000050038661fd4f, 91
1652702406.196054, sdrt-health/mac:02010b41cdec/antenna/tag/e2806894000040038662114f, 85
1652702406.196504, sdrt-health/mac:02010b41cdec/antenna/tag/e2806894000050038662154f, 93
1652702406.211066, sdrt-health/mac:02010b41cdec/antenna/tag/e2806894000050038662154f, 93
1652702406.262826, sdrt-health/mac:02010b41cdec/antenna/tag/e2806894000040038662114f, 87
1652702406.312185, sdrt-health/mac:02010b41cdec/antenna/tag/e28068940000400386621d4f, 96
1652702406.360621, sdrt-health/mac:02010b41cdec/antenna/tag/e2806894000050038661fd4f, 97
1652702406.361141, sdrt-health/mac:02010b41cdec/antenna/tag/e2806894000050038662154f, 88
1652702406.403154, sdrt-health/mac:02010b41cdec/antenna/tag/e2806894000050038661fd4f, 97
1652702406.475082, sdrt-health/mac:02010b41cdec/antenna/tag/e2806894000040038662114f, 87
1652702406.47562, sdrt-health/mac:02010b41cdec/antenna/tag/e28068940000500386620d4f, 80
1652702406.491093, sdrt-health/mac:02010b41cdec/antenna/tag/e28068940000400386621d4f, 96
1652702406.502998, sdrt-health/mac:02010b41cdec/antenna/tag/e2806894000050038662154f, 85
1652702406.505254, sdrt-health/mac:02010b41cdec/antenna/tag/e2806894000050038661fd4f, 97
1652702406.551843, sdrt-health/mac:02010b41cdec/antenna/tag/e2806894000050038662154f, 87
1652702406.593962, sdrt-health/mac:02010b41cdec/antenna/tag/e2806894000050038661fd4f, 91
1652702406.646714, sdrt-health/mac:02010b41cdec/antenna/tag/e2806894000040038662114f, 93
1652702406.64733, sdrt-health/mac:02010b41cdec/antenna/tag/e2806894000050038661fd4f, 91
1652702406.662057, sdrt-health/mac:02010b41cdec/antenna/tag/e28068940000500386620d4f, 80
1652702406.67943, sdrt-health/mac:02010b41cdec/antenna/tag/e2806894000050038661fd4f, 83
1652702406.749708, sdrt-health/mac:02010b41cdec/antenna/tag/e2806894000050038661fd4f, 91
1652702406.750149, sdrt-health/mac:02010b41cdec/antenna/tag/e2806894000050038662154f, 88
1652702406.76447, sdrt-health/mac:02010b41cdec/antenna/tag/e2806894000040038662114f, 87
1652702406.809375, sdrt-health/mac:02010b41cdec/antenna/tag/e28068940000400386621d4f, 90
1652702406.809843, sdrt-health/mac:02010b41cdec/antenna/tag/e28068940000500386620d4f, 80
1652702406.83318, sdrt-health/mac:02010b41cdec/antenna/tag/e28068940000500386620d4f, 83
1652702406.863504, sdrt-health/mac:02010b41cdec/antenna/tag/e2806894000050038661fd4f, 97
1652702406.863959, sdrt-health/mac:02010b41cdec/antenna/tag/e2806894000040038662114f, 93
1652702406.890814, sdrt-health/mac:02010b41cdec/antenna/tag/e28068940000500386620d4f, 83
1652702406.921557, sdrt-health/mac:02010b41cdec/antenna/tag/e2806894000050038662154f, 88
1652702406.922067, sdrt-health/mac:02010b41cdec/antenna/tag/e28068940000500386620d4f, 83
1652702406.951912, sdrt-health/mac:02010b41cdec/antenna/tag/e28068940000500386620d4f, 83
1652702406.98408, sdrt-health/mac:02010b41cdec/antenna/tag/e2806894000050038661fd4f, 83
1652702406.984633, sdrt-health/mac:02010b41cdec/antenna/tag/e28068940000400386621d4f, 96
1652702407.042813, sdrt-health/mac:02010b41cdec/antenna/tag/e28068940000500386620d4f, 83
1652702407.118628, sdrt-health/mac:02010b41cdec/antenna/tag/e2806894000040038662114f, 93
1652702407.119108, sdrt-health/mac:02010b41cdec/antenna/tag/e2806894000050038662154f, 93
1652702407.134006, sdrt-health/mac:02010b41cdec/antenna/tag/e28068940000400386621d4f, 77
1652702407.134343, sdrt-health/mac:02010b41cdec/antenna/tag/e28068940000500386620d4f, 90
1652702407.142556, sdrt-health/mac:02010b41cdec/antenna/tag/e2806894000050038662154f, 93
1652702407.149033, sdrt-health/mac:02010b41cdec/antenna/tag/e2806894000040038662114f, 85
1652702407.211007, sdrt-health/mac:02010b41cdec/antenna/tag/e2806894000040038662114f, 85
1652702407.271211, sdrt-health/mac:02010b41cdec/antenna/tag/e28068940000400386621d4f, 96
1652702407.271662, sdrt-health/mac:02010b41cdec/antenna/tag/e2806894000050038661fd4f, 83
1652702407.286131, sdrt-health/mac:02010b41cdec/antenna/tag/e28068940000500386620d4f, 83
1652702407.337024, sdrt-health/mac:02010b41cdec/antenna/tag/e2806894000040038662114f, 85
1652702407.337534, sdrt-health/mac:02010b41cdec/antenna/tag/e28068940000500386620d4f, 83
1652702407.362358, sdrt-health/mac:02010b41cdec/antenna/tag/e28068940000400386621d4f, 90
1652702407.461485, sdrt-health/mac:02010b41cdec/antenna/tag/e2806894000050038662154f, 85
1652702407.513608, sdrt-health/mac:02010b41cdec/antenna/tag/e28068940000500386620d4f, 83
1652702407.54276, sdrt-health/mac:02010b41cdec/antenna/tag/e28068940000400386621d4f, 77
1652702407.543106, sdrt-health/mac:02010b41cdec/antenna/tag/e28068940000500386620d4f, 83
1652702407.557173, sdrt-health/mac:02010b41cdec/antenna/tag/e28068940000500386620d4f, 83
1652702407.601284, sdrt-health/mac:02010b41cdec/antenna/tag/e28068940000500386620d4f, 83
1652702407.655876, sdrt-health/mac:02010b41cdec/antenna/tag/e2806894000050038661fd4f, 91
1652702407.656427, sdrt-health/mac:02010b41cdec/antenna/tag/e2806894000050038662154f, 93
1652702407.671589, sdrt-health/mac:02010b41cdec/antenna/tag/e2806894000050038661fd4f, 88
1652702407.682618, sdrt-health/mac:02010b41cdec/antenna/tag/e2806894000050038662154f, 88
1652702407.723167, sdrt-health/mac:02010b41cdec/antenna/tag/e2806894000050038661fd4f, 97
1652702407.754586, sdrt-health/mac:02010b41cdec/antenna/tag/e2806894000050038662154f, 85
1652702407.755122, sdrt-health/mac:02010b41cdec/antenna/tag/e28068940000500386620d4f, 83
1652702407.770123, sdrt-health/mac:02010b41cdec/antenna/tag/e28068940000400386621d4f, 96
1652702407.770649, sdrt-health/mac:02010b41cdec/antenna/tag/e2806894000040038662114f, 83
1652702407.843662, sdrt-health/mac:02010b41cdec/antenna/tag/e28068940000400386621d4f, 96
1652702407.899887, sdrt-health/mac:02010b41cdec/antenna/tag/e28068940000400386621d4f, 90
1652702407.900424, sdrt-health/mac:02010b41cdec/antenna/tag/e2806894000050038662154f, 85
1652702407.91591, sdrt-health/mac:02010b41cdec/antenna/tag/e2806894000050038661fd4f, 83
1652702407.925028, sdrt-health/mac:02010b41cdec/antenna/tag/e28068940000500386620d4f, 83
1652702407.931693, sdrt-health/mac:02010b41cdec/antenna/tag/e2806894000050038662154f, 85
1652702407.962432, sdrt-health/mac:02010b41cdec/antenna/tag/e2806894000050038662154f, 85
1652702408.018152, sdrt-health/mac:02010b41cdec/antenna/tag/e28068940000500386620d4f, 83
1652702408.018678, sdrt-health/mac:02010b41cdec/antenna/tag/e28068940000400386621d4f, 96
1652702408.019056, sdrt-health/mac:02010b41cdec/antenna/tag/e2806894000050038662154f, 85
1652702408.041726, sdrt-health/mac:02010b41cdec/antenna/tag/e28068940000400386621d4f, 96
1652702408.082091, sdrt-health/mac:02010b41cdec/antenna/tag/e28068940000400386621d4f, 77
1652702408.123488, sdrt-health/mac:02010b41cdec/antenna/tag/e2806894000040038662114f, 93
1652702408.185151, sdrt-health/mac:02010b41cdec/antenna/tag/e28068940000400386621d4f, 77
1652702408.185633, sdrt-health/mac:02010b41cdec/antenna/tag/e2806894000050038661fd4f, 91
1652702408.200306, sdrt-health/mac:02010b41cdec/antenna/tag/e28068940000500386620d4f, 83
1652702408.231946, sdrt-health/mac:02010b41cdec/antenna/tag/e2806894000050038662154f, 93
1652702408.232449, sdrt-health/mac:02010b41cdec/antenna/tag/e2806894000050038662154f, 88
1652702408.268788, sdrt-health/mac:02010b41cdec/antenna/tag/e28068940000400386621d4f, 96
1652702408.298059, sdrt-health/mac:02010b41cdec/antenna/tag/e2806894000050038661fd4f, 91
1652702408.29857, sdrt-health/mac:02010b41cdec/antenna/tag/e2806894000050038662154f, 85
1652702408.311861, sdrt-health/mac:02010b41cdec/antenna/tag/e28068940000400386621d4f, 96
1652702408.312339, sdrt-health/mac:02010b41cdec/antenna/tag/e2806894000050038661fd4f, 83
1652702408.351503, sdrt-health/mac:02010b41cdec/antenna/tag/e2806894000040038661f94f, 83
1652702408.417546, sdrt-health/mac:02010b41cdec/antenna/tag/e2806894000040038662114f, 87
1652702408.41805, sdrt-health/mac:02010b41cdec/antenna/tag/e2806894000050038662154f, 85
1652702408.441713, sdrt-health/mac:02010b41cdec/antenna/tag/e28068940000400386621d4f, 90
1652702408.51174, sdrt-health/mac:02010b41cdec/antenna/tag/e28068940000400386621d4f, 96
1652702408.602283, sdrt-health/mac:02010b41cdec/antenna/tag/e2806894000050038661fd4f, 91
1652702408.642599, sdrt-health/mac:02010b41cdec/antenna/tag/e2806894000040038662114f, 93
1652702408.682259, sdrt-health/mac:02010b41cdec/antenna/tag/e28068940000400386621d4f, 96
1652702408.732395, sdrt-health/mac:02010b41cdec/antenna/tag/e2806894000050038661fd4f, 91
1652702408.779013, sdrt-health/mac:02010b41cdec/antenna/tag/e2806894000050038661fd4f, 88
1652702408.809598, sdrt-health/mac:02010b41cdec/antenna/tag/e28068940000500386620d4f, 83
1652702408.810047, sdrt-health/mac:02010b41cdec/antenna/tag/e2806894000050038661fd4f, 88
1652702408.824619, sdrt-health/mac:02010b41cdec/antenna/tag/e28068940000400386621d4f, 77
1652702408.872222, sdrt-health/mac:02010b41cdec/antenna/tag/e28068940000500386620d4f, 83
1652702408.911949, sdrt-health/mac:02010b41cdec/antenna/tag/e2806894000040038662114f, 85
1652702408.95102, sdrt-health/mac:02010b41cdec/antenna/tag/e28068940000500386620d4f, 90
1652702408.951582, sdrt-health/mac:02010b41cdec/antenna/tag/e2806894000050038662154f, 93
1652702408.966601, sdrt-health/mac:02010b41cdec/antenna/tag/e2806894000050038662154f, 87
1652702408.991242, sdrt-health/mac:02010b41cdec/antenna/tag/e2806894000050038662154f, 93
1652702409.098117, sdrt-health/mac:02010b41cdec/antenna/tag/e28068940000400386621d4f, 77
1652702409.098622, sdrt-health/mac:02010b41cdec/antenna/tag/e28068940000500386620d4f, 83
1652702409.114817, sdrt-health/mac:02010b41cdec/antenna/tag/e2806894000050038661fd4f, 97
1652702409.11537, sdrt-health/mac:02010b41cdec/antenna/tag/e2806894000040038662114f, 93
1652702409.122398, sdrt-health/mac:02010b41cdec/antenna/tag/e2806894000040038662114f, 87
1652702409.129889, sdrt-health/mac:02010b41cdec/antenna/tag/e2806894000050038661fd4f, 97
1652702409.161947, sdrt-health/mac:02010b41cdec/antenna/tag/e2806894000040038662114f, 87
1652702409.202053, sdrt-health/mac:02010b41cdec/antenna/tag/e2806894000040038662114f, 87
1652702409.258018, sdrt-health/mac:02010b41cdec/antenna/tag/e28068940000500386620d4f, 83
1652702409.258568, sdrt-health/mac:02010b41cdec/antenna/tag/e28068940000500386620d4f, 83
1652702409.291119, sdrt-health/mac:02010b41cdec/antenna/tag/e28068940000400386621d4f, 77
1652702409.352547, sdrt-health/mac:02010b41cdec/antenna/tag/e2806894000050038661fd4f, 97
1652702409.35305, sdrt-health/mac:02010b41cdec/antenna/tag/e28068940000400386621d4f, 77
1652702409.367785, sdrt-health/mac:02010b41cdec/antenna/tag/e28068940000500386620d4f, 83
1652702409.382101, sdrt-health/mac:02010b41cdec/antenna/tag/e28068940000500386620d4f, 83
1652702409.432993, sdrt-health/mac:02010b41cdec/antenna/tag/e2806894000040038662054f, 84
1652702409.496915, sdrt-health/mac:02010b41cdec/antenna/tag/e2806894000040038662114f, 85
1652702409.497422, sdrt-health/mac:02010b41cdec/antenna/tag/e28068940000400386621d4f, 96
1652702409.512375, sdrt-health/mac:02010b41cdec/antenna/tag/e28068940000400386621d4f, 96
1652702409.52235, sdrt-health/mac:02010b41cdec/antenna/tag/e28068940000400386621d4f, 96
1652702409.561766, sdrt-health/mac:02010b41cdec/antenna/tag/e2806894000050038661fd4f, 83
1652702409.610534, sdrt-health/mac:02010b41cdec/antenna/tag/e2806894000040038662114f, 85
1652702409.659972, sdrt-health/mac:02010b41cdec/antenna/tag/e28068940000500386620d4f, 83
1652702409.691597, sdrt-health/mac:02010b41cdec/antenna/tag/e2806894000050038662154f, 93
1652702409.761127, sdrt-health/mac:02010b41cdec/antenna/tag/e2806894000040038662114f, 85
1652702409.761644, sdrt-health/mac:02010b41cdec/antenna/tag/e2806894000050038662154f, 85
1652702409.761985, sdrt-health/mac:02010b41cdec/antenna/tag/e2806894000050038662154f, 93
1652702409.791653, sdrt-health/mac:02010b41cdec/antenna/tag/e2806894000050038662154f, 85
1652702409.861905, sdrt-health/mac:02010b41cdec/antenna/tag/e2806894000050038661fd4f, 97
1652702409.862375, sdrt-health/mac:02010b41cdec/antenna/tag/e2806894000050038662154f, 85
1652702409.875766, sdrt-health/mac:02010b41cdec/antenna/tag/e2806894000040038662114f, 85
1652702409.906096, sdrt-health/mac:02010b41cdec/antenna/tag/e2806894000050038661fd4f, 83
1652702409.906558, sdrt-health/mac:02010b41cdec/antenna/tag/e28068940000500386620d4f, 83
1652702409.922565, sdrt-health/mac:02010b41cdec/antenna/tag/e28068940000400386621d4f, 96
1652702409.954786, sdrt-health/mac:02010b41cdec/antenna/tag/e2806894000040038662114f, 85
1652702409.955291, sdrt-health/mac:02010b41cdec/antenna/tag/e2806894000050038661fd4f, 83
1652702409.970376, sdrt-health/mac:02010b41cdec/antenna/tag/e2806894000050038662154f, 85
1652702410.003376, sdrt-health/mac:02010b41cdec/antenna/tag/e2806894000040038662114f, 85
1652702410.057817, sdrt-health/mac:02010b41cdec/antenna/tag/e2806894000050038662154f, 85
1652702410.058347, sdrt-health/mac:02010b41cdec/antenna/tag/e2806894000050038662154f, 87
1652702410.083045, sdrt-health/mac:02010b41cdec/antenna/tag/e2806894000050038662154f, 85
1652702410.111882, sdrt-health/mac:02010b41cdec/antenna/tag/e2806894000040038662114f, 85
1652702410.112353, sdrt-health/mac:02010b41cdec/antenna/tag/e2806894000050038662154f, 85
1652702410.127237, sdrt-health/mac:02010b41cdec/antenna/tag/e28068940000500386620d4f, 83
1652702410.161707, sdrt-health/mac:02010b41cdec/antenna/tag/e28068940000500386620d4f, 83
1652702410.202152, sdrt-health/mac:02010b41cdec/antenna/tag/e2806894000040038662114f, 88
1652702410.244154, sdrt-health/mac:02010b41cdec/antenna/tag/e2806894000050038662154f, 85
1652702410.298006, sdrt-health/mac:02010b41cdec/antenna/tag/e2806894000050038662154f, 85
1652702410.298501, sdrt-health/mac:02010b41cdec/antenna/tag/e2806894000050038662154f, 87
1652702410.32355, sdrt-health/mac:02010b41cdec/antenna/tag/e2806894000050038662154f, 87
1652702410.376974, sdrt-health/mac:02010b41cdec/antenna/tag/e28068940000500386620d4f, 83
1652702410.377453, sdrt-health/mac:02010b41cdec/antenna/tag/e2806894000050038662154f, 87
1652702410.393324, sdrt-health/mac:02010b41cdec/antenna/tag/e28068940000400386621d4f, 77
1652702410.393833, sdrt-health/mac:02010b41cdec/antenna/tag/e2806894000050038662154f, 87
1652702410.416787, sdrt-health/mac:02010b41cdec/antenna/tag/e28068940000400386621d4f, 96
1652702410.471669, sdrt-health/mac:02010b41cdec/antenna/tag/e2806894000050038661fd4f, 91
1652702410.527475, sdrt-health/mac:02010b41cdec/antenna/tag/e28068940000500386620d4f, 83
1652702410.527982, sdrt-health/mac:02010b41cdec/antenna/tag/e2806894000050038661fd4f, 91
1652702410.562066, sdrt-health/mac:02010b41cdec/antenna/tag/e2806894000050038662154f, 87
1652702410.602022, sdrt-health/mac:02010b41cdec/antenna/tag/e28068940000400386621d4f, 96
1652702410.658019, sdrt-health/mac:02010b41cdec/antenna/tag/e2806894000050038662154f, 85
1652702410.658453, sdrt-health/mac:02010b41cdec/antenna/tag/e2806894000040038662114f, 85
1652702410.683955, sdrt-health/mac:02010b41cdec/antenna/tag/e28068940000400386621d4f, 96
1652702410.737417, sdrt-health/mac:02010b41cdec/antenna/tag/e2806894000050038661fd4f, 83
1652702410.737975, sdrt-health/mac:02010b41cdec/antenna/tag/e2806894000040038662114f, 85
1652702410.752208, sdrt-health/mac:02010b41cdec/antenna/tag/e28068940000400386621d4f, 96
1652702410.762023, sdrt-health/mac:02010b41cdec/antenna/tag/e28068940000500386620d4f, 83
1652702410.76747, sdrt-health/mac:02010b41cdec/antenna/tag/e2806894000050038661fd4f, 83
1652702410.767992, sdrt-health/mac:02010b41cdec/antenna/tag/e28068940000400386621d4f, 96
1652702410.807735, sdrt-health/mac:02010b41cdec/antenna/tag/e28068940000400386621d4f, 90
1652702410.841235, sdrt-health/mac:02010b41cdec/antenna/tag/e2806894000050038662154f, 85
1652702410.899526, sdrt-health/mac:02010b41cdec/antenna/tag/e28068940000500386620d4f, 83
1652702410.96801, sdrt-health/mac:02010b41cdec/antenna/tag/e2806894000050038661fd4f, 97
1652702410.968469, sdrt-health/mac:02010b41cdec/antenna/tag/e2806894000040038662114f, 88
1652702410.968803, sdrt-health/mac:02010b41cdec/antenna/tag/e28068940000400386621d4f, 90
1652702410.994675, sdrt-health/mac:02010b41cdec/antenna/tag/e2806894000040038662114f, 85
1652702411.05039, sdrt-health/mac:02010b41cdec/antenna/tag/e28068940000500386620d4f, 80
1652702411.050833, sdrt-health/mac:02010b41cdec/antenna/tag/e2806894000050038662154f, 88
1652702411.07286, sdrt-health/mac:02010b41cdec/antenna/tag/e2806894000050038662154f, 85
1652702411.131107, sdrt-health/mac:02010b41cdec/antenna/tag/e2806894000050038662154f, 93
1652702411.19078, sdrt-health/mac:02010b41cdec/antenna/tag/e28068940000500386620d4f, 83
1652702411.19122, sdrt-health/mac:02010b41cdec/antenna/tag/e28068940000500386620d4f, 80
1652702411.206181, sdrt-health/mac:02010b41cdec/antenna/tag/e2806894000050038662154f, 85
1652702411.221906, sdrt-health/mac:02010b41cdec/antenna/tag/e28068940000500386620d4f, 83
1652702411.273699, sdrt-health/mac:02010b41cdec/antenna/tag/e28068940000400386621d4f, 77
1652702411.321529, sdrt-health/mac:02010b41cdec/antenna/tag/e2806894000040038662114f, 93
1652702411.362269, sdrt-health/mac:02010b41cdec/antenna/tag/e2806894000040038662114f, 87
1652702411.418654, sdrt-health/mac:02010b41cdec/antenna/tag/e2806894000050038661fd4f, 91
1652702411.41917, sdrt-health/mac:02010b41cdec/antenna/tag/e28068940000500386620d4f, 83
1652702411.451687, sdrt-health/mac:02010b41cdec/antenna/tag/e2806894000050038662154f, 88
1652702411.49612, sdrt-health/mac:02010b41cdec/antenna/tag/e2806894000050038661fd4f, 83
1652702411.532466, sdrt-health/mac:02010b41cdec/antenna/tag/e28068940000500386620d4f, 83
1652702411.606372, sdrt-health/mac:02010b41cdec/antenna/tag/e28068940000400386621d4f, 96
1652702411.606998, sdrt-health/mac:02010b41cdec/antenna/tag/e2806894000050038662154f, 85
1652702411.632346, sdrt-health/mac:02010b41cdec/antenna/tag/e2806894000040038662114f, 87
1652702411.697071, sdrt-health/mac:02010b41cdec/antenna/tag/e2806894000040038662114f, 87
1652702411.697512, sdrt-health/mac:02010b41cdec/antenna/tag/e2806894000050038661fd4f, 91
1652702411.712058, sdrt-health/mac:02010b41cdec/antenna/tag/e28068940000400386621d4f, 96
1652702411.735752, sdrt-health/mac:02010b41cdec/antenna/tag/e28068940000400386621d4f, 96
1652702411.766479, sdrt-health/mac:02010b41cdec/antenna/tag/e2806894000050038661fd4f, 97
1652702411.766962, sdrt-health/mac:02010b41cdec/antenna/tag/e2806894000050038661fd4f, 97
1652702411.782278, sdrt-health/mac:02010b41cdec/antenna/tag/e28068940000400386621d4f, 96
1652702411.867997, sdrt-health/mac:02010b41cdec/antenna/tag/e28068940000500386620d4f, 83
1652702411.868499, sdrt-health/mac:02010b41cdec/antenna/tag/e28068940000500386620d4f, 80
1652702411.869061, sdrt-health/mac:02010b41cdec/antenna/tag/e2806894000040038662114f, 93
1652702411.895436, sdrt-health/mac:02010b41cdec/antenna/tag/e2806894000050038661fd4f, 83
1652702411.942573, sdrt-health/mac:02010b41cdec/antenna/tag/e2806894000040038662114f, 93
1652702412.007221, sdrt-health/mac:02010b41cdec/antenna/tag/e2806894000050038661fd4f, 97
1652702412.007711, sdrt-health/mac:02010b41cdec/antenna/tag/e2806894000050038661fd4f, 88
1652702412.033052, sdrt-health/mac:02010b41cdec/antenna/tag/e2806894000050038661fd4f, 91
1652702412.096252, sdrt-health/mac:02010b41cdec/antenna/tag/e2806894000040038662114f, 93
1652702412.096805, sdrt-health/mac:02010b41cdec/antenna/tag/e2806894000050038661fd4f, 91
1652702412.111482, sdrt-health/mac:02010b41cdec/antenna/tag/e28068940000500386620d4f, 80
1652702412.122155, sdrt-health/mac:02010b41cdec/antenna/tag/e2806894000040038662114f, 85
1652702412.127281, sdrt-health/mac:02010b41cdec/antenna/tag/e2806894000050038662154f, 85
1652702412.23143, sdrt-health/mac:02010b41cdec/antenna/tag/e2806894000050038662154f, 85
1652702412.312947, sdrt-health/mac:02010b41cdec/antenna/tag/e28068940000400386621d4f, 90
1652702412.343667, sdrt-health/mac:02010b41cdec/antenna/tag/e28068940000400386621d4f, 90
1652702412.344157, sdrt-health/mac:02010b41cdec/antenna/tag/e2806894000050038662154f, 85
1652702412.344545, sdrt-health/mac:02010b41cdec/antenna/tag/e2806894000040038662114f, 87
1652702412.361228, sdrt-health/mac:02010b41cdec/antenna/tag/e28068940000500386620d4f, 83
1652702412.402586, sdrt-health/mac:02010b41cdec/antenna/tag/e2806894000040038662114f, 88
1652702412.455751, sdrt-health/mac:02010b41cdec/antenna/tag/e2806894000050038661fd4f, 83
1652702412.456273, sdrt-health/mac:02010b41cdec/antenna/tag/e2806894000040038662114f, 85
1652702412.482716, sdrt-health/mac:02010b41cdec/antenna/tag/e28068940000400386621d4f, 96
1652702412.523229, sdrt-health/mac:02010b41cdec/antenna/tag/e28068940000400386621d4f, 96
1652702412.561872, sdrt-health/mac:02010b41cdec/antenna/tag/e2806894000050038662154f, 85
1652702412.61886, sdrt-health/mac:02010b41cdec/antenna/tag/e2806894000040038662114f, 88
1652702412.619447, sdrt-health/mac:02010b41cdec/antenna/tag/e2806894000040038662114f, 85
1652702412.634461, sdrt-health/mac:02010b41cdec/antenna/tag/e2806894000050038662154f, 85
1652702412.641298, sdrt-health/mac:02010b41cdec/antenna/tag/e2806894000050038662154f, 93
1652702412.649488, sdrt-health/mac:02010b41cdec/antenna/tag/e2806894000040038662114f, 87
1652702412.682861, sdrt-health/mac:02010b41cdec/antenna/tag/e28068940000400386621d4f, 77
1652702412.730296, sdrt-health/mac:02010b41cdec/antenna/tag/e28068940000400386621d4f, 77
1652702412.79138, sdrt-health/mac:02010b41cdec/antenna/tag/e2806894000040038662114f, 85
1652702412.79188, sdrt-health/mac:02010b41cdec/antenna/tag/e2806894000050038662154f, 85
1652702412.822139, sdrt-health/mac:02010b41cdec/antenna/tag/e2806894000050038662154f, 85
1652702412.881322, sdrt-health/mac:02010b41cdec/antenna/tag/e2806894000040038662114f, 87
1652702412.91243, sdrt-health/mac:02010b41cdec/antenna/tag/e2806894000040038662214f, 88
1652702412.912922, sdrt-health/mac:02010b41cdec/antenna/tag/e28068940000400386621d4f, 96
1652702412.927144, sdrt-health/mac:02010b41cdec/antenna/tag/e28068940000400386621d4f, 96
1652702412.927679, sdrt-health/mac:02010b41cdec/antenna/tag/e28068940000400386621d4f, 96
1652702412.928071, sdrt-health/mac:02010b41cdec/antenna/tag/e2806894000040038662114f, 83
1652702412.928453, sdrt-health/mac:02010b41cdec/antenna/tag/e28068940000500386620d4f, 83
1652702412.963016, sdrt-health/mac:02010b41cdec/antenna/tag/e2806894000050038661fd4f, 97
1652702413.03159, sdrt-health/mac:02010b41cdec/antenna/tag/e28068940000500386620d4f, 80
1652702413.032152, sdrt-health/mac:02010b41cdec/antenna/tag/e28068940000400386621d4f, 96
1652702413.062509, sdrt-health/mac:02010b41cdec/antenna/tag/e28068940000500386620d4f, 83
1652702413.09369, sdrt-health/mac:02010b41cdec/antenna/tag/e28068940000400386621d4f, 77
1652702413.094158, sdrt-health/mac:02010b41cdec/antenna/tag/e2806894000040038662114f, 93
1652702413.094526, sdrt-health/mac:02010b41cdec/antenna/tag/e2806894000050038661fd4f, 91
1652702413.094843, sdrt-health/mac:02010b41cdec/antenna/tag/e2806894000050038662154f, 93
1652702413.112705, sdrt-health/mac:02010b41cdec/antenna/tag/e2806894000050038661fd4f, 91
1652702413.169914, sdrt-health/mac:02010b41cdec/antenna/tag/e28068940000500386620d4f, 83
1652702413.170247, sdrt-health/mac:02010b41cdec/antenna/tag/e28068940000500386620d4f, 80
1652702413.210512, sdrt-health/mac:02010b41cdec/antenna/tag/e28068940000400386621d4f, 96
1652702413.254987, sdrt-health/mac:02010b41cdec/antenna/tag/e28068940000400386621d4f, 96
1652702413.314608, sdrt-health/mac:02010b41cdec/antenna/tag/e2806894000040038662114f, 93
1652702413.31507, sdrt-health/mac:02010b41cdec/antenna/tag/e28068940000400386621d4f, 96
1652702413.32964, sdrt-health/mac:02010b41cdec/antenna/tag/e2806894000040038662114f, 85
1652702413.353258, sdrt-health/mac:02010b41cdec/antenna/tag/e2806894000050038662154f, 85
1652702413.384635, sdrt-health/mac:02010b41cdec/antenna/tag/e2806894000050038661fd4f, 83
1652702413.385144, sdrt-health/mac:02010b41cdec/antenna/tag/e2806894000040038662114f, 85
1652702413.427892, sdrt-health/mac:02010b41cdec/antenna/tag/e28068940000400386621d4f, 96
1652702413.4822, sdrt-health/mac:02010b41cdec/antenna/tag/e28068940000500386620d4f, 83
1652702413.538413, sdrt-health/mac:02010b41cdec/antenna/tag/e28068940000400386621d4f, 96
1652702413.538999, sdrt-health/mac:02010b41cdec/antenna/tag/e2806894000050038662154f, 85
1652702413.562684, sdrt-health/mac:02010b41cdec/antenna/tag/e2806894000040038661f94f, 81
1652702413.594883, sdrt-health/mac:02010b41cdec/antenna/tag/e2806894000050038662154f, 93
1652702413.595408, sdrt-health/mac:02010b41cdec/antenna/tag/e2806894000050038662154f, 87
1652702413.610478, sdrt-health/mac:02010b41cdec/antenna/tag/e28068940000400386621d4f, 96
1652702413.611003, sdrt-health/mac:02010b41cdec/antenna/tag/e2806894000050038661fd4f, 91
1652702413.663617, sdrt-health/mac:02010b41cdec/antenna/tag/e2806894000050038662154f, 83
1652702413.701709, sdrt-health/mac:02010b41cdec/antenna/tag/e28068940000400386621d4f, 96
1652702413.702213, sdrt-health/mac:02010b41cdec/antenna/tag/e2806894000050038662154f, 88
1652702413.752015, sdrt-health/mac:02010b41cdec/antenna/tag/e2806894000040038662114f, 85
1652702413.817861, sdrt-health/mac:02010b41cdec/antenna/tag/e2806894000050038662154f, 88
1652702413.818369, sdrt-health/mac:02010b41cdec/antenna/tag/e2806894000050038661fd4f, 83
1652702413.842777, sdrt-health/mac:02010b41cdec/antenna/tag/e2806894000040038662114f, 93
1652702413.920782, sdrt-health/mac:02010b41cdec/antenna/tag/e2806894000050038662154f, 87
1652702413.963551, sdrt-health/mac:02010b41cdec/antenna/tag/e28068940000500386620d4f, 83
1652702414.026039, sdrt-health/mac:02010b41cdec/antenna/tag/e2806894000050038662154f, 93
1652702414.026505, sdrt-health/mac:02010b41cdec/antenna/tag/e2806894000050038661fd4f, 97
1652702414.041686, sdrt-health/mac:02010b41cdec/antenna/tag/e28068940000400386621d4f, 77
1652702414.056726, sdrt-health/mac:02010b41cdec/antenna/tag/e28068940000500386620d4f, 83
1652702414.113573, sdrt-health/mac:02010b41cdec/antenna/tag/e2806894000040038662114f, 87
1652702414.186699, sdrt-health/mac:02010b41cdec/antenna/tag/e28068940000500386620d4f, 83
1652702414.187298, sdrt-health/mac:02010b41cdec/antenna/tag/e2806894000050038662154f, 85
1652702414.187654, sdrt-health/mac:02010b41cdec/antenna/tag/e28068940000500386620d4f, 83
1652702414.217234, sdrt-health/mac:02010b41cdec/antenna/tag/e2806894000040038662114f, 85
1652702414.246461, sdrt-health/mac:02010b41cdec/antenna/tag/e28068940000400386621d4f, 96
1652702414.246963, sdrt-health/mac:02010b41cdec/antenna/tag/e2806894000050038661fd4f, 91
1652702414.261673, sdrt-health/mac:02010b41cdec/antenna/tag/e28068940000500386620d4f, 80
1652702414.26217, sdrt-health/mac:02010b41cdec/antenna/tag/e2806894000050038661fd4f, 97
1652702414.26261, sdrt-health/mac:02010b41cdec/antenna/tag/e28068940000500386620d4f, 83
1652702414.322639, sdrt-health/mac:02010b41cdec/antenna/tag/e2806894000050038662154f, 85
1652702414.352123, sdrt-health/mac:02010b41cdec/antenna/tag/e2806894000050038662154f, 93
1652702414.352671, sdrt-health/mac:02010b41cdec/antenna/tag/e28068940000500386620d4f, 83
1652702414.366787, sdrt-health/mac:02010b41cdec/antenna/tag/e28068940000400386621d4f, 96
1652702414.367408, sdrt-health/mac:02010b41cdec/antenna/tag/e2806894000040038662114f, 93
1652702414.403553, sdrt-health/mac:02010b41cdec/antenna/tag/e2806894000040038662114f, 93
1652702414.470606, sdrt-health/mac:02010b41cdec/antenna/tag/e28068940000500386620d4f, 83
1652702414.471197, sdrt-health/mac:02010b41cdec/antenna/tag/e28068940000500386620d4f, 83
1652702414.510714, sdrt-health/mac:02010b41cdec/antenna/tag/e2806894000040038662114f, 85
1652702414.545962, sdrt-health/mac:02010b41cdec/antenna/tag/e28068940000500386620d4f, 83
1652702414.546449, sdrt-health/mac:02010b41cdec/antenna/tag/e2806894000040038662114f, 88
1652702414.562024, sdrt-health/mac:02010b41cdec/antenna/tag/e2806894000050038661fd4f, 83
1652702414.618155, sdrt-health/mac:02010b41cdec/antenna/tag/e28068940000500386620d4f, 83
1652702414.618645, sdrt-health/mac:02010b41cdec/antenna/tag/e2806894000040038662114f, 87
1652702414.652058, sdrt-health/mac:02010b41cdec/antenna/tag/e2806894000050038661fd4f, 91
1652702414.695322, sdrt-health/mac:02010b41cdec/antenna/tag/e28068940000500386620d4f, 80
1652702414.731839, sdrt-health/mac:02010b41cdec/antenna/tag/e28068940000500386620d4f, 83
1652702414.808463, sdrt-health/mac:02010b41cdec/antenna/tag/e2806894000050038662154f, 85
1652702414.808908, sdrt-health/mac:02010b41cdec/antenna/tag/e2806894000050038661fd4f, 83
1652702414.855595, sdrt-health/mac:02010b41cdec/antenna/tag/e2806894000050038661fd4f, 97
1652702414.891275, sdrt-health/mac:02010b41cdec/antenna/tag/e2806894000050038662154f, 85
1652702414.891802, sdrt-health/mac:02010b41cdec/antenna/tag/e28068940000500386620d4f, 83
1652702414.96227, sdrt-health/mac:02010b41cdec/antenna/tag/e2806894000050038661fd4f, 97
1652702415.002252, sdrt-health/mac:02010b41cdec/antenna/tag/e2806894000040038662114f, 88
1652702415.002777, sdrt-health/mac:02010b41cdec/antenna/tag/e2806894000050038662194f, 81
1652702415.056696, sdrt-health/mac:02010b41cdec/antenna/tag/e28068940000500386620d4f, 83
1652702415.057224, sdrt-health/mac:02010b41cdec/antenna/tag/e28068940000400386621d4f, 96
1652702415.072907, sdrt-health/mac:02010b41cdec/antenna/tag/e2806894000050038662154f, 93
1652702415.081474, sdrt-health/mac:02010b41cdec/antenna/tag/e2806894000040038662114f, 85
1652702415.123461, sdrt-health/mac:02010b41cdec/antenna/tag/e28068940000400386621d4f, 96
1652702415.162003, sdrt-health/mac:02010b41cdec/antenna/tag/e2806894000050038661fd4f, 83
1652702415.210116, sdrt-health/mac:02010b41cdec/antenna/tag/e28068940000500386620d4f, 83
1652702415.256371, sdrt-health/mac:02010b41cdec/antenna/tag/e28068940000500386620d4f, 83
1652702415.308232, sdrt-health/mac:02010b41cdec/antenna/tag/e28068940000500386620d4f, 90
1652702415.308736, sdrt-health/mac:02010b41cdec/antenna/tag/e2806894000050038662154f, 85
1652702415.323448, sdrt-health/mac:02010b41cdec/antenna/tag/e2806894000050038662154f, 93
1652702415.354037, sdrt-health/mac:02010b41cdec/antenna/tag/e28068940000400386621d4f, 77
1652702415.354579, sdrt-health/mac:02010b41cdec/antenna/tag/e2806894000040038662114f, 93
1652702415.382198, sdrt-health/mac:02010b41cdec/antenna/tag/e28068940000500386620d4f, 90
1652702415.447684, sdrt-health/mac:02010b41cdec/antenna/tag/e2806894000050038661fd4f, 97
1652702415.448191, sdrt-health/mac:02010b41cdec/antenna/tag/e2806894000050038662154f, 93
1652702415.463023, sdrt-health/mac:02010b41cdec/antenna/tag/e2806894000050038662154f, 83
1652702415.479667, sdrt-health/mac:02010b41cdec/antenna/tag/e2806894000040038662114f, 85
1652702415.522636, sdrt-health/mac:02010b41cdec/antenna/tag/e2806894000050038662154f, 93
1652702415.577709, sdrt-health/mac:02010b41cdec/antenna/tag/e2806894000050038661fd4f, 91
1652702415.578214, sdrt-health/mac:02010b41cdec/antenna/tag/e2806894000050038661fd4f, 88
1652702415.621789, sdrt-health/mac:02010b41cdec/antenna/tag/e2806894000040038662114f, 93
1652702415.691623, sdrt-health/mac:02010b41cdec/antenna/tag/e28068940000500386620d4f, 80
1652702415.736065, sdrt-health/mac:02010b41cdec/antenna/tag/e2806894000040038662114f, 93
1652702415.736631, sdrt-health/mac:02010b41cdec/antenna/tag/e28068940000500386620d4f, 83
1652702415.772198, sdrt-health/mac:02010b41cdec/antenna/tag/e28068940000500386620d4f, 83
1652702415.842468, sdrt-health/mac:02010b41cdec/antenna/tag/e28068940000500386620d4f, 83
1652702415.842995, sdrt-health/mac:02010b41cdec/antenna/tag/e28068940000400386621d4f, 77
1652702415.872425, sdrt-health/mac:02010b41cdec/antenna/tag/e28068940000500386620d4f, 83
1652702415.903088, sdrt-health/mac:02010b41cdec/antenna/tag/e28068940000400386621d4f, 77
1652702415.903566, sdrt-health/mac:02010b41cdec/antenna/tag/e28068940000400386621d4f, 96
1652702415.923039, sdrt-health/mac:02010b41cdec/antenna/tag/e2806894000040038662054f, 84
1652702415.976596, sdrt-health/mac:02010b41cdec/antenna/tag/e28068940000400386621d4f, 96
1652702415.977138, sdrt-health/mac:02010b41cdec/antenna/tag/e2806894000050038661fd4f, 97
1652702415.991584, sdrt-health/mac:02010b41cdec/antenna/tag/e28068940000500386620d4f, 83
1652702416.002285, sdrt-health/mac:02010b41cdec/antenna/tag/e28068940000400386621d4f, 96
1652702416.055227, sdrt-health/mac:02010b41cdec/antenna/tag/e28068940000500386620d4f, 83
1652702416.107197, sdrt-health/mac:02010b41cdec/antenna/tag/e28068940000500386620d4f, 83
1652702416.107661, sdrt-health/mac:02010b41cdec/antenna/tag/e28068940000500386620d4f, 83
1652702416.123164, sdrt-health/mac:02010b41cdec/antenna/tag/e28068940000400386621d4f, 96
1652702416.155653, sdrt-health/mac:02010b41cdec/antenna/tag/e28068940000500386620d4f, 83
1652702416.156104, sdrt-health/mac:02010b41cdec/antenna/tag/e28068940000500386620d4f, 83
1652702416.183332, sdrt-health/mac:02010b41cdec/antenna/tag/e2806894000050038662154f, 93
1652702416.232544, sdrt-health/mac:02010b41cdec/antenna/tag/e28068940000400386621d4f, 77
1652702416.311344, sdrt-health/mac:02010b41cdec/antenna/tag/e2806894000040038662114f, 93
1652702416.311815, sdrt-health/mac:02010b41cdec/antenna/tag/e2806894000050038661fd4f, 97
1652702416.326305, sdrt-health/mac:02010b41cdec/antenna/tag/e28068940000500386620d4f, 83
1652702416.35536, sdrt-health/mac:02010b41cdec/antenna/tag/e28068940000400386621d4f, 96
1652702416.479588, sdrt-health/mac:02010b41cdec/antenna/tag/e2806894000050038661fd4f, 83
1652702416.480012, sdrt-health/mac:02010b41cdec/antenna/tag/e2806894000050038661fd4f, 83
1652702416.495052, sdrt-health/mac:02010b41cdec/antenna/tag/e2806894000050038661fd4f, 83
1652702416.512237, sdrt-health/mac:02010b41cdec/antenna/tag/e28068940000400386621d4f, 96
1652702416.585941, sdrt-health/mac:02010b41cdec/antenna/tag/e28068940000400386621d4f, 90
1652702416.586483, sdrt-health/mac:02010b41cdec/antenna/tag/e2806894000050038661fd4f, 97
1652702416.601715, sdrt-health/mac:02010b41cdec/antenna/tag/e28068940000400386621d4f, 96
1652702416.627791, sdrt-health/mac:02010b41cdec/antenna/tag/e2806894000050038662154f, 93
1652702416.672021, sdrt-health/mac:02010b41cdec/antenna/tag/e2806894000050038662154f, 85
1652702416.721792, sdrt-health/mac:02010b41cdec/antenna/tag/e28068940000500386620d4f, 83
1652702416.754262, sdrt-health/mac:02010b41cdec/antenna/tag/e28068940000400386621d4f, 96
1652702416.75473, sdrt-health/mac:02010b41cdec/antenna/tag/e2806894000040038662114f, 85
1652702416.768018, sdrt-health/mac:02010b41cdec/antenna/tag/e2806894000050038661fd4f, 91
1652702416.802223, sdrt-health/mac:02010b41cdec/antenna/tag/e2806894000040038662114f, 93
1652702416.858214, sdrt-health/mac:02010b41cdec/antenna/tag/e2806894000050038661fd4f, 91
1652702416.890689, sdrt-health/mac:02010b41cdec/antenna/tag/e2806894000040038662114f, 85
1652702416.89121, sdrt-health/mac:02010b41cdec/antenna/tag/e2806894000050038662154f, 85
1652702416.906255, sdrt-health/mac:02010b41cdec/antenna/tag/e28068940000500386620d4f, 83
1652702416.952903, sdrt-health/mac:02010b41cdec/antenna/tag/e2806894000050038662154f, 93
1652702417.007737, sdrt-health/mac:02010b41cdec/antenna/tag/e28068940000500386620d4f, 83
1652702417.008259, sdrt-health/mac:02010b41cdec/antenna/tag/e28068940000400386621d4f, 96
1652702417.155337, sdrt-health/mac:02010b41cdec/antenna/tag/scan, scan stopped
