1652702903.771655, sdrt-health/mac:02010b41cdec/antenna/power/set, {"power": 300}
1652702904.842801, sdrt-health/mac:02010b41cdec/antenna/power/set, 
1652702908.795104, sdrt-health/mac:02010b41cdec/antenna/tag/scan, {"time": 20000}
1652702909.240469, sdrt-health/mac:02010b41cdec/antenna/tag/e2806894000050038662154f, 93
1652702909.281094, sdrt-health/mac:02010b41cdec/antenna/tag/e28068940000500386620d4f, 83
1652702909.335688, sdrt-health/mac:02010b41cdec/antenna/tag/e28068940000400386621d4f, 77
1652702909.336016, sdrt-health/mac:02010b41cdec/antenna/tag/e2806894000050038661fd4f, 97
1652702909.369427, sdrt-health/mac:02010b41cdec/antenna/tag/e28068940000400386621d4f, 96
1652702909.430474, sdrt-health/mac:02010b41cdec/antenna/tag/e2806894000050038662154f, 91
1652702909.431, sdrt-health/mac:02010b41cdec/antenna/tag/e2806894000050038662154f, 88
1652702909.446332, sdrt-health/mac:02010b41cdec/antenna/tag/e28068940000500386620d4f, 83
1652702909.460709, sdrt-health/mac:02010b41cdec/antenna/tag/e28068940000400386621d4f, 77
1652702909.51015, sdrt-health/mac:02010b41cdec/antenna/tag/e2806894000050038662154f, 85
1652702909.565861, sdrt-health/mac:02010b41cdec/antenna/tag/e2806894000040038662114f, 85
1652702909.566321, sdrt-health/mac:02010b41cdec/antenna/tag/e2806894000050038662154f, 88
1652702909.584312, sdrt-health/mac:02010b41cdec/antenna/tag/e28068940000500386620d4f, 83
1652702909.600095, sdrt-health/mac:02010b41cdec/antenna/tag/e28068940000500386620d4f, 90
1652702909.64001, sdrt-health/mac:02010b41cdec/antenna/tag/e2806894000040038662114f, 85
1652702909.719838, sdrt-health/mac:02010b41cdec/antenna/tag/e28068940000400386621d4f, 77
1652702909.770888, sdrt-health/mac:02010b41cdec/antenna/tag/e28068940000500386620d4f, 80
1652702909.846807, sdrt-health/mac:02010b41cdec/antenna/tag/e2806894000040038662114f, 93
1652702909.847471, sdrt-health/mac:02010b41cdec/antenna/tag/e2806894000040038662114f, 88
1652702909.893479, sdrt-health/mac:02010b41cdec/antenna/tag/e2806894000050038661fd4f, 83
1652702909.992983, sdrt-health/mac:02010b41cdec/antenna/tag/e2806894000040038662114f, 85
1652702910.037487, sdrt-health/mac:02010b41cdec/antenna/tag/e2806894000050038662154f, 88
1652702910.138543, sdrt-health/mac:02010b41cdec/antenna/tag/e2806894000040038662114f, 85
1652702910.139043, sdrt-health/mac:02010b41cdec/antenna/tag/e2806894000040038662114f, 88
1652702910.200917, sdrt-health/mac:02010b41cdec/antenna/tag/e28068940000400386621d4f, 77
1652702910.231818, sdrt-health/mac:02010b41cdec/antenna/tag/e28068940000500386620d4f, 83
1652702910.232203, sdrt-health/mac:02010b41cdec/antenna/tag/e2806894000050038662194f, 81
1652702910.247685, sdrt-health/mac:02010b41cdec/antenna/tag/e28068940000400386621d4f, 96
1652702910.292838, sdrt-health/mac:02010b41cdec/antenna/tag/e28068940000400386621d4f, 77
1652702910.293359, sdrt-health/mac:02010b41cdec/antenna/tag/e2806894000050038661fd4f, 83
1652702910.338076, sdrt-health/mac:02010b41cdec/antenna/tag/e28068940000500386620d4f, 80
1652702910.398422, sdrt-health/mac:02010b41cdec/antenna/tag/e28068940000400386621d4f, 96
1652702910.441317, sdrt-health/mac:02010b41cdec/antenna/tag/e2806894000050038662154f, 85
1652702910.471705, sdrt-health/mac:02010b41cdec/antenna/tag/e28068940000500386620d4f, 83
1652702910.471992, sdrt-health/mac:02010b41cdec/antenna/tag/e2806894000050038662154f, 88
1652702910.48683, sdrt-health/mac:02010b41cdec/antenna/tag/e28068940000500386620d4f, 83
1652702910.520235, sdrt-health/mac:02010b41cdec/antenna/tag/e2806894000050038662154f, 85
1652702910.575613, sdrt-health/mac:02010b41cdec/antenna/tag/e2806894000040038662114f, 85
1652702910.575903, sdrt-health/mac:02010b41cdec/antenna/tag/e2806894000040038661f94f, 110
1652702910.576054, sdrt-health/mac:02010b41cdec/antenna/tag/e28068940000500386620d4f, 90
1652702910.613794, sdrt-health/mac:02010b41cdec/antenna/tag/e2806894000040038662114f, 93
1652702910.660688, sdrt-health/mac:02010b41cdec/antenna/tag/e2806894000050038662154f, 85
1652702910.690555, sdrt-health/mac:02010b41cdec/antenna/tag/e28068940000500386620d4f, 83
1652702910.690806, sdrt-health/mac:02010b41cdec/antenna/tag/e2806894000050038661fd4f, 88
1652702910.690978, sdrt-health/mac:02010b41cdec/antenna/tag/e28068940000400386621d4f, 77
1652702910.709736, sdrt-health/mac:02010b41cdec/antenna/tag/e2806894000050038662154f, 93
1652702910.74012, sdrt-health/mac:02010b41cdec/antenna/tag/e2806894000040038662114f, 85
1652702910.74036, sdrt-health/mac:02010b41cdec/antenna/tag/e2806894000040038662214f, 82
1652702910.814483, sdrt-health/mac:02010b41cdec/antenna/tag/e2806894000050038661fd4f, 97
1652702910.88005, sdrt-health/mac:02010b41cdec/antenna/tag/e28068940000500386620d4f, 83
1652702910.919511, sdrt-health/mac:02010b41cdec/antenna/tag/e2806894000040038661f94f, 84
1652702910.970213, sdrt-health/mac:02010b41cdec/antenna/tag/e28068940000400386621d4f, 96
1652702911.014127, sdrt-health/mac:02010b41cdec/antenna/tag/e2806894000050038662194f, 81
1652702911.076141, sdrt-health/mac:02010b41cdec/antenna/tag/e2806894000050038661fd4f, 83
1652702911.076524, sdrt-health/mac:02010b41cdec/antenna/tag/e28068940000500386620d4f, 90
1652702911.093901, sdrt-health/mac:02010b41cdec/antenna/tag/e2806894000040038662114f, 88
1652702911.108567, sdrt-health/mac:02010b41cdec/antenna/tag/e28068940000500386620d4f, 90
1652702911.162128, sdrt-health/mac:02010b41cdec/antenna/tag/e2806894000050038661fd4f, 97
1652702911.200093, sdrt-health/mac:02010b41cdec/antenna/tag/e2806894000050038662194f, 88
1652702911.255401, sdrt-health/mac:02010b41cdec/antenna/tag/e28068940000500386620d4f, 90
1652702911.255743, sdrt-health/mac:02010b41cdec/antenna/tag/e28068940000400386621d4f, 77
1652702911.310332, sdrt-health/mac:02010b41cdec/antenna/tag/e2806894000040038662114f, 85
1652702911.349597, sdrt-health/mac:02010b41cdec/antenna/tag/e28068940000500386620d4f, 90
1652702911.379685, sdrt-health/mac:02010b41cdec/antenna/tag/e2806894000050038662194f, 81
1652702911.379933, sdrt-health/mac:02010b41cdec/antenna/tag/e28068940000400386621d4f, 96
1652702911.414119, sdrt-health/mac:02010b41cdec/antenna/tag/e28068940000500386620d4f, 83
1652702911.460428, sdrt-health/mac:02010b41cdec/antenna/tag/e2806894000050038661fd4f, 83
1652702911.461074, sdrt-health/mac:02010b41cdec/antenna/tag/e28068940000500386620d4f, 83
1652702911.509913, sdrt-health/mac:02010b41cdec/antenna/tag/e2806894000050038662154f, 88
1652702911.565364, sdrt-health/mac:02010b41cdec/antenna/tag/e2806894000050038661fd4f, 83
1652702911.565718, sdrt-health/mac:02010b41cdec/antenna/tag/e2806894000050038662194f, 84
1652702911.59993, sdrt-health/mac:02010b41cdec/antenna/tag/e2806894000050038661fd4f, 97
1652702911.600494, sdrt-health/mac:02010b41cdec/antenna/tag/e2806894000040038661f94f, 82
1652702911.641126, sdrt-health/mac:02010b41cdec/antenna/tag/e2806894000050038662194f, 94
1652702911.681159, sdrt-health/mac:02010b41cdec/antenna/tag/e2806894000040038662114f, 85
1652702911.73518, sdrt-health/mac:02010b41cdec/antenna/tag/e2806894000050038661fd4f, 91
1652702911.735638, sdrt-health/mac:02010b41cdec/antenna/tag/e28068940000400386621d4f, 96
1652702911.751034, sdrt-health/mac:02010b41cdec/antenna/tag/e2806894000050038662194f, 94
1652702911.803747, sdrt-health/mac:02010b41cdec/antenna/tag/e2806894000050038662194f, 84
1652702911.80426, sdrt-health/mac:02010b41cdec/antenna/tag/e2806894000050038662154f, 93
1652702911.840271, sdrt-health/mac:02010b41cdec/antenna/tag/e2806894000040038662214f, 88
1652702911.894526, sdrt-health/mac:02010b41cdec/antenna/tag/e28068940000400386621d4f, 77
1652702911.894841, sdrt-health/mac:02010b41cdec/antenna/tag/e2806894000050038661fd4f, 88
1652702911.928357, sdrt-health/mac:02010b41cdec/antenna/tag/e2806894000040038661f94f, 83
1652702911.989656, sdrt-health/mac:02010b41cdec/antenna/tag/e2806894000050038661fd4f, 91
1652702911.990013, sdrt-health/mac:02010b41cdec/antenna/tag/e2806894000040038662114f, 88
1652702912.006059, sdrt-health/mac:02010b41cdec/antenna/tag/e28068940000400386621d4f, 77
1652702912.019466, sdrt-health/mac:02010b41cdec/antenna/tag/e2806894000050038661fd4f, 91
1652702912.021931, sdrt-health/mac:02010b41cdec/antenna/tag/e2806894000050038662154f, 87
1652702912.070252, sdrt-health/mac:02010b41cdec/antenna/tag/e2806894000050038662154f, 85
1652702912.11817, sdrt-health/mac:02010b41cdec/antenna/tag/e2806894000050038662154f, 85
1652702912.149987, sdrt-health/mac:02010b41cdec/antenna/tag/e2806894000050038661fd4f, 88
1652702912.150247, sdrt-health/mac:02010b41cdec/antenna/tag/e28068940000400386621d4f, 77
1652702912.150431, sdrt-health/mac:02010b41cdec/antenna/tag/e28068940000500386620d4f, 83
1652702912.181157, sdrt-health/mac:02010b41cdec/antenna/tag/e2806894000050038662154f, 88
1652702912.229775, sdrt-health/mac:02010b41cdec/antenna/tag/e2806894000050038662194f, 88
1652702912.285714, sdrt-health/mac:02010b41cdec/antenna/tag/e28068940000500386620d4f, 83
1652702912.286223, sdrt-health/mac:02010b41cdec/antenna/tag/e2806894000040038662114f, 85
1652702912.319216, sdrt-health/mac:02010b41cdec/antenna/tag/e2806894000050038662154f, 85
1652702912.377835, sdrt-health/mac:02010b41cdec/antenna/tag/e28068940000500386620d4f, 90
1652702912.378311, sdrt-health/mac:02010b41cdec/antenna/tag/e2806894000050038661fd4f, 97
1652702912.395964, sdrt-health/mac:02010b41cdec/antenna/tag/e2806894000050038662154f, 85
1652702912.400829, sdrt-health/mac:02010b41cdec/antenna/tag/e2806894000040038662114f, 93
1652702912.413817, sdrt-health/mac:02010b41cdec/antenna/tag/e28068940000400386621d4f, 77
1652702912.43957, sdrt-health/mac:02010b41cdec/antenna/tag/e2806894000050038661fd4f, 83
1652702912.490288, sdrt-health/mac:02010b41cdec/antenna/tag/e28068940000400386621d4f, 96
1652702912.548446, sdrt-health/mac:02010b41cdec/antenna/tag/e28068940000500386620d4f, 90
1652702912.548641, sdrt-health/mac:02010b41cdec/antenna/tag/e28068940000400386621d4f, 96
1652702912.590022, sdrt-health/mac:02010b41cdec/antenna/tag/e28068940000400386621d4f, 77
1652702912.640116, sdrt-health/mac:02010b41cdec/antenna/tag/e28068940000400386621d4f, 77
1652702912.679714, sdrt-health/mac:02010b41cdec/antenna/tag/e2806894000050038661fd4f, 91
1652702912.728757, sdrt-health/mac:02010b41cdec/antenna/tag/e2806894000050038662194f, 81
1652702912.775408, sdrt-health/mac:02010b41cdec/antenna/tag/e28068940000400386621d4f, 77
1652702912.775748, sdrt-health/mac:02010b41cdec/antenna/tag/e2806894000050038662194f, 84
1652702912.799309, sdrt-health/mac:02010b41cdec/antenna/tag/e2806894000050038661fd4f, 91
1652702912.853541, sdrt-health/mac:02010b41cdec/antenna/tag/e2806894000050038662154f, 91
1652702912.899426, sdrt-health/mac:02010b41cdec/antenna/tag/e28068940000500386620d4f, 90
1652702912.899769, sdrt-health/mac:02010b41cdec/antenna/tag/e2806894000050038661fd4f, 83
1652702912.96964, sdrt-health/mac:02010b41cdec/antenna/tag/e28068940000500386620d4f, 90
1652702913.01433, sdrt-health/mac:02010b41cdec/antenna/tag/e2806894000050038661fd4f, 83
1652702913.048914, sdrt-health/mac:02010b41cdec/antenna/tag/e2806894000040038662114f, 88
1652702913.093812, sdrt-health/mac:02010b41cdec/antenna/tag/e28068940000400386621d4f, 77
1652702913.140032, sdrt-health/mac:02010b41cdec/antenna/tag/e2806894000050038662154f, 85
1652702913.189308, sdrt-health/mac:02010b41cdec/antenna/tag/e28068940000500386620d4f, 90
1652702913.219899, sdrt-health/mac:02010b41cdec/antenna/tag/e28068940000400386621d4f, 77
1652702913.220218, sdrt-health/mac:02010b41cdec/antenna/tag/e2806894000040038661f94f, 88
1652702913.235551, sdrt-health/mac:02010b41cdec/antenna/tag/e28068940000400386621d4f, 96
1652702913.235767, sdrt-health/mac:02010b41cdec/antenna/tag/e2806894000040038661f94f, 84
1652702913.280001, sdrt-health/mac:02010b41cdec/antenna/tag/e2806894000050038662154f, 85
1652702913.320871, sdrt-health/mac:02010b41cdec/antenna/tag/e28068940000500386620d4f, 90
1652702913.39306, sdrt-health/mac:02010b41cdec/antenna/tag/e2806894000040038662114f, 85
1652702913.440162, sdrt-health/mac:02010b41cdec/antenna/tag/e2806894000050038662154f, 85
1652702913.526298, sdrt-health/mac:02010b41cdec/antenna/tag/e2806894000050038662194f, 81
1652702913.526872, sdrt-health/mac:02010b41cdec/antenna/tag/e28068940000500386620d4f, 83
1652702913.550119, sdrt-health/mac:02010b41cdec/antenna/tag/e28068940000500386620d4f, 83
1652702913.615814, sdrt-health/mac:02010b41cdec/antenna/tag/e2806894000050038662154f, 85
1652702913.616306, sdrt-health/mac:02010b41cdec/antenna/tag/e2806894000050038661fd4f, 97
1652702913.633378, sdrt-health/mac:02010b41cdec/antenna/tag/e2806894000050038662154f, 88
1652702913.642243, sdrt-health/mac:02010b41cdec/antenna/tag/e28068940000500386620d4f, 83
1652702913.679868, sdrt-health/mac:02010b41cdec/antenna/tag/e28068940000400386621d4f, 77
1652702913.750316, sdrt-health/mac:02010b41cdec/antenna/tag/e28068940000400386621d4f, 96
1652702913.791029, sdrt-health/mac:02010b41cdec/antenna/tag/e28068940000500386620d4f, 83
1652702913.855725, sdrt-health/mac:02010b41cdec/antenna/tag/e2806894000050038662154f, 88
1652702913.856198, sdrt-health/mac:02010b41cdec/antenna/tag/e2806894000050038661fd4f, 83
1652702913.856531, sdrt-health/mac:02010b41cdec/antenna/tag/e28068940000500386620d4f, 90
1652702913.87144, sdrt-health/mac:02010b41cdec/antenna/tag/e2806894000050038661fd4f, 83
1652702913.895322, sdrt-health/mac:02010b41cdec/antenna/tag/e2806894000050038661fd4f, 83
1652702913.940122, sdrt-health/mac:02010b41cdec/antenna/tag/e28068940000500386620d4f, 83
1652702913.940493, sdrt-health/mac:02010b41cdec/antenna/tag/e2806894000040038662114f, 88
1652702913.957454, sdrt-health/mac:02010b41cdec/antenna/tag/e2806894000050038662154f, 85
1652702914.000462, sdrt-health/mac:02010b41cdec/antenna/tag/e2806894000050038662154f, 91
1652702914.054466, sdrt-health/mac:02010b41cdec/antenna/tag/e28068940000400386621d4f, 77
1652702914.116311, sdrt-health/mac:02010b41cdec/antenna/tag/e28068940000400386621d4f, 77
1652702914.117123, sdrt-health/mac:02010b41cdec/antenna/tag/e2806894000050038661fd4f, 83
1652702914.131371, sdrt-health/mac:02010b41cdec/antenna/tag/e2806894000050038661fd4f, 97
1652702914.149507, sdrt-health/mac:02010b41cdec/antenna/tag/e2806894000050038661fd4f, 91
1652702914.204168, sdrt-health/mac:02010b41cdec/antenna/tag/e2806894000040038662114f, 93
1652702914.204387, sdrt-health/mac:02010b41cdec/antenna/tag/e2806894000050038661fd4f, 97
1652702914.21873, sdrt-health/mac:02010b41cdec/antenna/tag/e28068940000500386620d4f, 83
1652702914.218935, sdrt-health/mac:02010b41cdec/antenna/tag/e2806894000040038662114f, 87
1652702914.219061, sdrt-health/mac:02010b41cdec/antenna/tag/e28068940000400386621d4f, 77
1652702914.239546, sdrt-health/mac:02010b41cdec/antenna/tag/e28068940000500386620d4f, 83
1652702914.279826, sdrt-health/mac:02010b41cdec/antenna/tag/e28068940000500386620d4f, 83
1652702914.335441, sdrt-health/mac:02010b41cdec/antenna/tag/e28068940000400386621d4f, 77
1652702914.335967, sdrt-health/mac:02010b41cdec/antenna/tag/e28068940000400386621d4f, 77
1652702914.359749, sdrt-health/mac:02010b41cdec/antenna/tag/e2806894000050038662154f, 93
1652702914.427729, sdrt-health/mac:02010b41cdec/antenna/tag/e28068940000500386620d4f, 90
1652702914.428284, sdrt-health/mac:02010b41cdec/antenna/tag/e2806894000040038662114f, 85
1652702914.443261, sdrt-health/mac:02010b41cdec/antenna/tag/e2806894000050038661fd4f, 97
1652702914.453617, sdrt-health/mac:02010b41cdec/antenna/tag/e28068940000400386621d4f, 77
1652702914.458356, sdrt-health/mac:02010b41cdec/antenna/tag/e2806894000050038661fd4f, 97
1652702914.500134, sdrt-health/mac:02010b41cdec/antenna/tag/e2806894000050038662154f, 85
1652702914.565993, sdrt-health/mac:02010b41cdec/antenna/tag/e2806894000040038662114f, 93
1652702914.566487, sdrt-health/mac:02010b41cdec/antenna/tag/e2806894000040038662114f, 85
1652702914.591453, sdrt-health/mac:02010b41cdec/antenna/tag/e2806894000040038662114f, 85
1652702914.621819, sdrt-health/mac:02010b41cdec/antenna/tag/e28068940000500386620d4f, 90
1652702914.622061, sdrt-health/mac:02010b41cdec/antenna/tag/e2806894000050038662194f, 94
1652702914.640397, sdrt-health/mac:02010b41cdec/antenna/tag/e2806894000050038661fd4f, 91
1652702914.680536, sdrt-health/mac:02010b41cdec/antenna/tag/e2806894000050038662154f, 85
1652702914.735042, sdrt-health/mac:02010b41cdec/antenna/tag/e28068940000500386620d4f, 83
1652702914.735548, sdrt-health/mac:02010b41cdec/antenna/tag/e2806894000050038661fd4f, 91
1652702914.789769, sdrt-health/mac:02010b41cdec/antenna/tag/e2806894000050038661fd4f, 97
1652702914.840339, sdrt-health/mac:02010b41cdec/antenna/tag/e2806894000040038662114f, 85
1652702914.899836, sdrt-health/mac:02010b41cdec/antenna/tag/e2806894000040038662114f, 85
1652702914.950564, sdrt-health/mac:02010b41cdec/antenna/tag/e28068940000500386620d4f, 83
1652702914.980742, sdrt-health/mac:02010b41cdec/antenna/tag/e2806894000040038661f94f, 88
1652702914.98144, sdrt-health/mac:02010b41cdec/antenna/tag/e28068940000500386620d4f, 83
1652702915.040828, sdrt-health/mac:02010b41cdec/antenna/tag/e2806894000050038661fd4f, 91
1652702915.080425, sdrt-health/mac:02010b41cdec/antenna/tag/e28068940000400386621d4f, 96
1652702915.137748, sdrt-health/mac:02010b41cdec/antenna/tag/e2806894000040038662114f, 85
1652702915.13822, sdrt-health/mac:02010b41cdec/antenna/tag/e2806894000040038662114f, 85
1652702915.152719, sdrt-health/mac:02010b41cdec/antenna/tag/e2806894000050038661fd4f, 91
1652702915.190047, sdrt-health/mac:02010b41cdec/antenna/tag/e2806894000040038661f94f, 88
1652702915.230775, sdrt-health/mac:02010b41cdec/antenna/tag/e28068940000500386620d4f, 90
1652702915.304883, sdrt-health/mac:02010b41cdec/antenna/tag/e2806894000050038662154f, 93
1652702915.305389, sdrt-health/mac:02010b41cdec/antenna/tag/e2806894000040038662054f, 81
1652702915.333858, sdrt-health/mac:02010b41cdec/antenna/tag/e2806894000050038661fd4f, 91
1652702915.362537, sdrt-health/mac:02010b41cdec/antenna/tag/e2806894000050038662154f, 85
1652702915.362768, sdrt-health/mac:02010b41cdec/antenna/tag/e28068940000500386620d4f, 83
1652702915.388612, sdrt-health/mac:02010b41cdec/antenna/tag/e2806894000040038662114f, 85
1652702915.464773, sdrt-health/mac:02010b41cdec/antenna/tag/e2806894000050038661fd4f, 97
1652702915.465319, sdrt-health/mac:02010b41cdec/antenna/tag/e2806894000040038662114f, 88
1652702915.510498, sdrt-health/mac:02010b41cdec/antenna/tag/e28068940000500386620d4f, 83
1652702915.511468, sdrt-health/mac:02010b41cdec/antenna/tag/e2806894000040038662114f, 88
1652702915.557794, sdrt-health/mac:02010b41cdec/antenna/tag/e28068940000500386620d4f, 90
1652702915.614005, sdrt-health/mac:02010b41cdec/antenna/tag/e28068940000400386621d4f, 96
1652702915.614482, sdrt-health/mac:02010b41cdec/antenna/tag/e2806894000040038662114f, 88
1652702915.639339, sdrt-health/mac:02010b41cdec/antenna/tag/e2806894000050038662194f, 81
1652702915.669041, sdrt-health/mac:02010b41cdec/antenna/tag/e2806894000050038662154f, 85
1652702915.669303, sdrt-health/mac:02010b41cdec/antenna/tag/e2806894000050038661fd4f, 83
1652702915.683978, sdrt-health/mac:02010b41cdec/antenna/tag/e28068940000500386620d4f, 83
1652702915.720119, sdrt-health/mac:02010b41cdec/antenna/tag/e2806894000040038662214f, 88
1652702915.759692, sdrt-health/mac:02010b41cdec/antenna/tag/e2806894000050038661fd4f, 91
1652702915.799682, sdrt-health/mac:02010b41cdec/antenna/tag/e2806894000050038661fd4f, 91
1652702915.839472, sdrt-health/mac:02010b41cdec/antenna/tag/e2806894000050038661fd4f, 97
1652702915.896401, sdrt-health/mac:02010b41cdec/antenna/tag/e2806894000040038662114f, 93
1652702915.896577, sdrt-health/mac:02010b41cdec/antenna/tag/e28068940000400386621d4f, 77
1652702915.919495, sdrt-health/mac:02010b41cdec/antenna/tag/e28068940000500386620d4f, 80
1652702915.920027, sdrt-health/mac:02010b41cdec/antenna/tag/e2806894000050038662154f, 85
1652702915.959892, sdrt-health/mac:02010b41cdec/antenna/tag/e28068940000500386620d4f, 83
1652702915.999747, sdrt-health/mac:02010b41cdec/antenna/tag/e2806894000050038662154f, 88
1652702916.040017, sdrt-health/mac:02010b41cdec/antenna/tag/e2806894000050038661fd4f, 97
1652702916.081297, sdrt-health/mac:02010b41cdec/antenna/tag/e2806894000050038661fd4f, 97
1652702916.134199, sdrt-health/mac:02010b41cdec/antenna/tag/e2806894000040038662114f, 85
1652702916.134493, sdrt-health/mac:02010b41cdec/antenna/tag/e28068940000500386620d4f, 90
1652702916.162241, sdrt-health/mac:02010b41cdec/antenna/tag/e2806894000040038662114f, 87
1652702916.199682, sdrt-health/mac:02010b41cdec/antenna/tag/e2806894000050038662154f, 88
1652702916.239956, sdrt-health/mac:02010b41cdec/antenna/tag/e2806894000050038662154f, 85
1652702916.295059, sdrt-health/mac:02010b41cdec/antenna/tag/e28068940000400386621d4f, 77
1652702916.295306, sdrt-health/mac:02010b41cdec/antenna/tag/e2806894000040038662114f, 93
1652702916.308737, sdrt-health/mac:02010b41cdec/antenna/tag/e28068940000500386620d4f, 83
1652702916.319981, sdrt-health/mac:02010b41cdec/antenna/tag/e2806894000050038661fd4f, 97
1652702916.323082, sdrt-health/mac:02010b41cdec/antenna/tag/e28068940000500386620d4f, 83
1652702916.359519, sdrt-health/mac:02010b41cdec/antenna/tag/e2806894000050038661fd4f, 83
1652702916.360359, sdrt-health/mac:02010b41cdec/antenna/tag/e2806894000040038662114f, 85
1652702916.420779, sdrt-health/mac:02010b41cdec/antenna/tag/e28068940000400386621d4f, 96
1652702916.420973, sdrt-health/mac:02010b41cdec/antenna/tag/e2806894000050038661fd4f, 83
1652702916.437813, sdrt-health/mac:02010b41cdec/antenna/tag/e28068940000400386621d4f, 96
1652702916.455123, sdrt-health/mac:02010b41cdec/antenna/tag/e28068940000500386620d4f, 83
1652702916.500143, sdrt-health/mac:02010b41cdec/antenna/tag/e28068940000500386620d4f, 83
1652702916.56537, sdrt-health/mac:02010b41cdec/antenna/tag/e28068940000500386620d4f, 83
1652702916.565884, sdrt-health/mac:02010b41cdec/antenna/tag/e2806894000040038662114f, 88
1652702916.639848, sdrt-health/mac:02010b41cdec/antenna/tag/e2806894000050038662154f, 87
1652702916.680846, sdrt-health/mac:02010b41cdec/antenna/tag/e2806894000050038662194f, 88
1652702916.734382, sdrt-health/mac:02010b41cdec/antenna/tag/e2806894000050038662154f, 85
1652702916.734774, sdrt-health/mac:02010b41cdec/antenna/tag/e28068940000400386621d4f, 96
1652702916.760456, sdrt-health/mac:02010b41cdec/antenna/tag/e28068940000500386620d4f, 90
1652702916.790655, sdrt-health/mac:02010b41cdec/antenna/tag/e28068940000400386621d4f, 77
1652702916.791029, sdrt-health/mac:02010b41cdec/antenna/tag/e2806894000050038661fd4f, 97
1652702916.805374, sdrt-health/mac:02010b41cdec/antenna/tag/e2806894000050038662154f, 88
1652702916.805577, sdrt-health/mac:02010b41cdec/antenna/tag/e2806894000050038661fd4f, 97
1652702916.852859, sdrt-health/mac:02010b41cdec/antenna/tag/e2806894000050038662154f, 85
1652702916.900486, sdrt-health/mac:02010b41cdec/antenna/tag/e2806894000050038662154f, 85
1652702916.931076, sdrt-health/mac:02010b41cdec/antenna/tag/e2806894000050038662154f, 88
1652702916.931694, sdrt-health/mac:02010b41cdec/antenna/tag/e2806894000050038661fd4f, 83
1652702916.949466, sdrt-health/mac:02010b41cdec/antenna/tag/e28068940000500386620d4f, 83
1652702917.002276, sdrt-health/mac:02010b41cdec/antenna/tag/e28068940000500386620d4f, 90
1652702917.054622, sdrt-health/mac:02010b41cdec/antenna/tag/e2806894000050038661fd4f, 91
1652702917.054994, sdrt-health/mac:02010b41cdec/antenna/tag/e2806894000050038661fd4f, 91
1652702917.069644, sdrt-health/mac:02010b41cdec/antenna/tag/e28068940000500386620d4f, 90
1652702917.079305, sdrt-health/mac:02010b41cdec/antenna/tag/e2806894000050038661fd4f, 88
1652702917.091659, sdrt-health/mac:02010b41cdec/antenna/tag/e28068940000500386620d4f, 83
1652702917.121153, sdrt-health/mac:02010b41cdec/antenna/tag/e2806894000050038662154f, 85
1652702917.160767, sdrt-health/mac:02010b41cdec/antenna/tag/e2806894000040038661f94f, 88
1652702917.161233, sdrt-health/mac:02010b41cdec/antenna/tag/e2806894000040038662214f, 103
1652702917.209462, sdrt-health/mac:02010b41cdec/antenna/tag/e28068940000500386620d4f, 83
1652702917.286843, sdrt-health/mac:02010b41cdec/antenna/tag/e28068940000400386621d4f, 77
1652702917.287353, sdrt-health/mac:02010b41cdec/antenna/tag/e2806894000050038661fd4f, 91
1652702917.287688, sdrt-health/mac:02010b41cdec/antenna/tag/e2806894000040038662114f, 85
1652702917.318726, sdrt-health/mac:02010b41cdec/antenna/tag/e28068940000500386620d4f, 83
1652702917.390379, sdrt-health/mac:02010b41cdec/antenna/tag/e2806894000040038661f94f, 81
1652702917.431148, sdrt-health/mac:02010b41cdec/antenna/tag/e28068940000500386620d4f, 90
1652702917.485937, sdrt-health/mac:02010b41cdec/antenna/tag/e2806894000050038662154f, 88
1652702917.486458, sdrt-health/mac:02010b41cdec/antenna/tag/e2806894000040038662114f, 85
1652702917.500597, sdrt-health/mac:02010b41cdec/antenna/tag/e28068940000400386621d4f, 96
1652702917.520366, sdrt-health/mac:02010b41cdec/antenna/tag/e28068940000400386621d4f, 96
1652702917.576956, sdrt-health/mac:02010b41cdec/antenna/tag/e2806894000040038662114f, 91
1652702917.577144, sdrt-health/mac:02010b41cdec/antenna/tag/e28068940000500386620d4f, 83
1652702917.6011, sdrt-health/mac:02010b41cdec/antenna/tag/e28068940000500386620d4f, 83
1652702917.640612, sdrt-health/mac:02010b41cdec/antenna/tag/e28068940000500386620d4f, 90
1652702917.680545, sdrt-health/mac:02010b41cdec/antenna/tag/e28068940000400386621d4f, 77
1652702917.681444, sdrt-health/mac:02010b41cdec/antenna/tag/e28068940000500386620d4f, 83
1652702917.719186, sdrt-health/mac:02010b41cdec/antenna/tag/e28068940000400386621d4f, 77
1652702917.761667, sdrt-health/mac:02010b41cdec/antenna/tag/e28068940000500386620d4f, 90
1652702917.814485, sdrt-health/mac:02010b41cdec/antenna/tag/e28068940000500386620d4f, 90
1652702917.865852, sdrt-health/mac:02010b41cdec/antenna/tag/e2806894000050038662194f, 81
1652702917.866378, sdrt-health/mac:02010b41cdec/antenna/tag/e28068940000500386620d4f, 83
1652702917.893683, sdrt-health/mac:02010b41cdec/antenna/tag/e28068940000500386620d4f, 90
1652702917.930194, sdrt-health/mac:02010b41cdec/antenna/tag/e2806894000040038662114f, 85
1652702917.961056, sdrt-health/mac:02010b41cdec/antenna/tag/e28068940000500386620d4f, 83
1652702917.961267, sdrt-health/mac:02010b41cdec/antenna/tag/e2806894000050038661fd4f, 97
1652702917.97603, sdrt-health/mac:02010b41cdec/antenna/tag/e28068940000500386620d4f, 83
1652702918.018439, sdrt-health/mac:02010b41cdec/antenna/tag/e2806894000040038662114f, 85
1652702918.069184, sdrt-health/mac:02010b41cdec/antenna/tag/e2806894000040038662114f, 88
1652702918.113944, sdrt-health/mac:02010b41cdec/antenna/tag/e28068940000400386621d4f, 96
1652702918.114246, sdrt-health/mac:02010b41cdec/antenna/tag/e2806894000040038661f94f, 81
1652702918.129723, sdrt-health/mac:02010b41cdec/antenna/tag/e28068940000400386621d4f, 77
1652702918.160237, sdrt-health/mac:02010b41cdec/antenna/tag/e2806894000050038662194f, 94
1652702918.19975, sdrt-health/mac:02010b41cdec/antenna/tag/e2806894000050038661fd4f, 97
1652702918.230068, sdrt-health/mac:02010b41cdec/antenna/tag/e28068940000400386621d4f, 96
1652702918.230441, sdrt-health/mac:02010b41cdec/antenna/tag/e2806894000040038662114f, 88
1652702918.245215, sdrt-health/mac:02010b41cdec/antenna/tag/e2806894000040038662114f, 85
1652702918.309853, sdrt-health/mac:02010b41cdec/antenna/tag/e2806894000040038661f94f, 94
1652702918.361402, sdrt-health/mac:02010b41cdec/antenna/tag/e2806894000050038662154f, 93
1652702918.392987, sdrt-health/mac:02010b41cdec/antenna/tag/e2806894000040038661f94f, 88
1652702918.393333, sdrt-health/mac:02010b41cdec/antenna/tag/e28068940000500386620d4f, 90
1652702918.410507, sdrt-health/mac:02010b41cdec/antenna/tag/e2806894000050038661fd4f, 97
1652702918.454377, sdrt-health/mac:02010b41cdec/antenna/tag/e2806894000040038662114f, 85
1652702918.51517, sdrt-health/mac:02010b41cdec/antenna/tag/e28068940000400386621d4f, 77
1652702918.515687, sdrt-health/mac:02010b41cdec/antenna/tag/e2806894000050038661fd4f, 91
1652702918.53113, sdrt-health/mac:02010b41cdec/antenna/tag/e28068940000400386621d4f, 77
1652702918.531715, sdrt-health/mac:02010b41cdec/antenna/tag/e2806894000040038661f94f, 84
1652702918.550328, sdrt-health/mac:02010b41cdec/antenna/tag/e2806894000040038662114f, 93
1652702918.59072, sdrt-health/mac:02010b41cdec/antenna/tag/e28068940000400386621d4f, 77
1652702918.657322, sdrt-health/mac:02010b41cdec/antenna/tag/e28068940000500386620d4f, 90
1652702918.657806, sdrt-health/mac:02010b41cdec/antenna/tag/e2806894000040038662114f, 85
1652702918.679323, sdrt-health/mac:02010b41cdec/antenna/tag/e2806894000050038661fd4f, 97
1652702918.738187, sdrt-health/mac:02010b41cdec/antenna/tag/e28068940000500386620d4f, 90
1652702918.738476, sdrt-health/mac:02010b41cdec/antenna/tag/e2806894000040038662114f, 85
1652702918.759324, sdrt-health/mac:02010b41cdec/antenna/tag/e28068940000400386621d4f, 96
1652702918.814393, sdrt-health/mac:02010b41cdec/antenna/tag/e2806894000050038661fd4f, 97
1652702918.814958, sdrt-health/mac:02010b41cdec/antenna/tag/e2806894000050038662154f, 85
1652702918.840875, sdrt-health/mac:02010b41cdec/antenna/tag/e28068940000400386621d4f, 77
1652702918.880853, sdrt-health/mac:02010b41cdec/antenna/tag/e28068940000500386620d4f, 83
1652702918.920627, sdrt-health/mac:02010b41cdec/antenna/tag/e28068940000400386621d4f, 77
1652702918.971892, sdrt-health/mac:02010b41cdec/antenna/tag/e2806894000040038662114f, 85
1652702919.01569, sdrt-health/mac:02010b41cdec/antenna/tag/e2806894000050038661fd4f, 83
1652702919.069769, sdrt-health/mac:02010b41cdec/antenna/tag/e28068940000500386620d4f, 83
1652702919.070082, sdrt-health/mac:02010b41cdec/antenna/tag/e28068940000500386620d4f, 90
1652702919.150351, sdrt-health/mac:02010b41cdec/antenna/tag/e2806894000050038662194f, 88
1652702919.24022, sdrt-health/mac:02010b41cdec/antenna/tag/e2806894000050038662194f, 88
1652702919.280732, sdrt-health/mac:02010b41cdec/antenna/tag/e2806894000040038662114f, 85
1652702919.341419, sdrt-health/mac:02010b41cdec/antenna/tag/e28068940000500386620d4f, 90
1652702919.34194, sdrt-health/mac:02010b41cdec/antenna/tag/e28068940000500386620d4f, 83
1652702919.380749, sdrt-health/mac:02010b41cdec/antenna/tag/e28068940000400386621d4f, 96
1652702919.433034, sdrt-health/mac:02010b41cdec/antenna/tag/e2806894000050038661fd4f, 83
1652702919.471584, sdrt-health/mac:02010b41cdec/antenna/tag/e2806894000050038661fd4f, 83
1652702919.549037, sdrt-health/mac:02010b41cdec/antenna/tag/e2806894000050038661fd4f, 97
1652702919.5826, sdrt-health/mac:02010b41cdec/antenna/tag/e2806894000050038661fd4f, 97
1652702919.582882, sdrt-health/mac:02010b41cdec/antenna/tag/e2806894000040038662114f, 88
1652702919.583121, sdrt-health/mac:02010b41cdec/antenna/tag/e28068940000400386621d4f, 96
1652702919.601235, sdrt-health/mac:02010b41cdec/antenna/tag/e2806894000040038661f94f, 94
1652702919.642165, sdrt-health/mac:02010b41cdec/antenna/tag/e2806894000050038662154f, 85
1652702919.697751, sdrt-health/mac:02010b41cdec/antenna/tag/e2806894000050038662194f, 81
1652702919.698217, sdrt-health/mac:02010b41cdec/antenna/tag/e28068940000500386620d4f, 83
1652702919.714286, sdrt-health/mac:02010b41cdec/antenna/tag/e2806894000050038662154f, 88
1652702919.770181, sdrt-health/mac:02010b41cdec/antenna/tag/e2806894000050038662194f, 84
1652702919.815361, sdrt-health/mac:02010b41cdec/antenna/tag/e2806894000050038662154f, 85
1652702919.897437, sdrt-health/mac:02010b41cdec/antenna/tag/e2806894000050038662194f, 84
1652702919.897981, sdrt-health/mac:02010b41cdec/antenna/tag/e28068940000400386621d4f, 77
1652702919.920772, sdrt-health/mac:02010b41cdec/antenna/tag/e2806894000050038662194f, 88
1652702919.991062, sdrt-health/mac:02010b41cdec/antenna/tag/e28068940000500386620d4f, 83
1652702920.031408, sdrt-health/mac:02010b41cdec/antenna/tag/e28068940000500386620d4f, 83
1652702920.097023, sdrt-health/mac:02010b41cdec/antenna/tag/e2806894000040038662114f, 85
1652702920.097533, sdrt-health/mac:02010b41cdec/antenna/tag/e28068940000500386620d4f, 83
1652702920.121562, sdrt-health/mac:02010b41cdec/antenna/tag/e28068940000500386620d4f, 90
1652702920.161411, sdrt-health/mac:02010b41cdec/antenna/tag/e2806894000050038662194f, 84
1652702920.200637, sdrt-health/mac:02010b41cdec/antenna/tag/e2806894000040038661f94f, 88
1652702920.256073, sdrt-health/mac:02010b41cdec/antenna/tag/e2806894000050038662194f, 81
1652702920.256563, sdrt-health/mac:02010b41cdec/antenna/tag/e2806894000050038662154f, 91
1652702920.281195, sdrt-health/mac:02010b41cdec/antenna/tag/e2806894000050038662154f, 91
1652702920.322045, sdrt-health/mac:02010b41cdec/antenna/tag/e2806894000040038662114f, 85
1652702920.361433, sdrt-health/mac:02010b41cdec/antenna/tag/e2806894000050038662154f, 88
1652702920.402302, sdrt-health/mac:02010b41cdec/antenna/tag/e2806894000050038661fd4f, 83
1652702920.442686, sdrt-health/mac:02010b41cdec/antenna/tag/e28068940000400386621d4f, 96
1652702920.501441, sdrt-health/mac:02010b41cdec/antenna/tag/e2806894000040038662114f, 93
1652702920.550865, sdrt-health/mac:02010b41cdec/antenna/tag/e28068940000400386621d4f, 77
1652702920.607108, sdrt-health/mac:02010b41cdec/antenna/tag/e2806894000050038661fd4f, 83
1652702920.607331, sdrt-health/mac:02010b41cdec/antenna/tag/e2806894000050038662194f, 84
1652702920.621547, sdrt-health/mac:02010b41cdec/antenna/tag/e2806894000050038662154f, 88
1652702920.621773, sdrt-health/mac:02010b41cdec/antenna/tag/e2806894000050038661fd4f, 83
1652702920.64021, sdrt-health/mac:02010b41cdec/antenna/tag/e28068940000400386621d4f, 77
1652702920.680976, sdrt-health/mac:02010b41cdec/antenna/tag/e28068940000400386621d4f, 77
1652702920.720346, sdrt-health/mac:02010b41cdec/antenna/tag/e28068940000500386620d4f, 83
1652702920.75259, sdrt-health/mac:02010b41cdec/antenna/tag/e2806894000050038662154f, 85
1652702920.752809, sdrt-health/mac:02010b41cdec/antenna/tag/e2806894000050038661fd4f, 97
1652702920.771795, sdrt-health/mac:02010b41cdec/antenna/tag/e2806894000040038661f94f, 82
1652702920.810504, sdrt-health/mac:02010b41cdec/antenna/tag/e2806894000050038661fd4f, 91
1652702920.854311, sdrt-health/mac:02010b41cdec/antenna/tag/e2806894000050038661fd4f, 91
1652702920.890476, sdrt-health/mac:02010b41cdec/antenna/tag/e2806894000050038662154f, 88
1652702920.933407, sdrt-health/mac:02010b41cdec/antenna/tag/e28068940000400386621d4f, 77
1652702920.979327, sdrt-health/mac:02010b41cdec/antenna/tag/e28068940000400386621d4f, 96
1652702921.010731, sdrt-health/mac:02010b41cdec/antenna/tag/e2806894000040038662114f, 85
1652702921.010941, sdrt-health/mac:02010b41cdec/antenna/tag/e28068940000400386621d4f, 77
1652702921.038536, sdrt-health/mac:02010b41cdec/antenna/tag/e2806894000050038662194f, 81
1652702921.095516, sdrt-health/mac:02010b41cdec/antenna/tag/e2806894000040038662114f, 85
1652702921.095733, sdrt-health/mac:02010b41cdec/antenna/tag/e2806894000050038662194f, 81
1652702921.139426, sdrt-health/mac:02010b41cdec/antenna/tag/e28068940000500386620d4f, 83
1652702921.197527, sdrt-health/mac:02010b41cdec/antenna/tag/e28068940000400386621d4f, 96
1652702921.274426, sdrt-health/mac:02010b41cdec/antenna/tag/e2806894000050038662154f, 88
1652702921.320181, sdrt-health/mac:02010b41cdec/antenna/tag/e2806894000040038661f94f, 88
1652702921.384582, sdrt-health/mac:02010b41cdec/antenna/tag/e28068940000400386621d4f, 77
1652702921.384795, sdrt-health/mac:02010b41cdec/antenna/tag/e28068940000500386620d4f, 83
1652702921.402582, sdrt-health/mac:02010b41cdec/antenna/tag/e2806894000040038662114f, 85
1652702921.497136, sdrt-health/mac:02010b41cdec/antenna/tag/e2806894000050038661fd4f, 86
1652702921.497378, sdrt-health/mac:02010b41cdec/antenna/tag/e2806894000050038662154f, 88
1652702921.520376, sdrt-health/mac:02010b41cdec/antenna/tag/e2806894000050038661fd4f, 97
1652702921.561009, sdrt-health/mac:02010b41cdec/antenna/tag/e2806894000050038661fd4f, 91
1652702921.595088, sdrt-health/mac:02010b41cdec/antenna/tag/e2806894000040038662054f, 94
1652702921.595368, sdrt-health/mac:02010b41cdec/antenna/tag/e28068940000500386620d4f, 90
1652702921.611725, sdrt-health/mac:02010b41cdec/antenna/tag/e2806894000040038661f94f, 88
1652702921.64053, sdrt-health/mac:02010b41cdec/antenna/tag/e28068940000500386620d4f, 83
1652702921.695512, sdrt-health/mac:02010b41cdec/antenna/tag/e2806894000040038661f94f, 83
1652702921.696141, sdrt-health/mac:02010b41cdec/antenna/tag/e2806894000040038662214f, 81
1652702921.720641, sdrt-health/mac:02010b41cdec/antenna/tag/e2806894000040038662114f, 85
1652702921.760946, sdrt-health/mac:02010b41cdec/antenna/tag/e2806894000050038661fd4f, 97
1652702921.791685, sdrt-health/mac:02010b41cdec/antenna/tag/e2806894000040038662114f, 85
1652702921.791955, sdrt-health/mac:02010b41cdec/antenna/tag/e2806894000040038662114f, 85
1652702921.814288, sdrt-health/mac:02010b41cdec/antenna/tag/e2806894000040038662114f, 88
1652702921.875338, sdrt-health/mac:02010b41cdec/antenna/tag/e2806894000050038661fd4f, 97
1652702921.875804, sdrt-health/mac:02010b41cdec/antenna/tag/e28068940000500386620d4f, 83
1652702921.89013, sdrt-health/mac:02010b41cdec/antenna/tag/e28068940000400386621d4f, 77
1652702921.890532, sdrt-health/mac:02010b41cdec/antenna/tag/e2806894000040038661f94f, 84
1652702921.910251, sdrt-health/mac:02010b41cdec/antenna/tag/e28068940000400386621d4f, 96
1652702921.958798, sdrt-health/mac:02010b41cdec/antenna/tag/e2806894000040038662114f, 88
1652702922.023638, sdrt-health/mac:02010b41cdec/antenna/tag/e28068940000500386620d4f, 90
1652702922.02384, sdrt-health/mac:02010b41cdec/antenna/tag/e2806894000040038662114f, 88
1652702922.038923, sdrt-health/mac:02010b41cdec/antenna/tag/e2806894000050038662154f, 85
1652702922.069844, sdrt-health/mac:02010b41cdec/antenna/tag/e2806894000040038662114f, 91
1652702922.101393, sdrt-health/mac:02010b41cdec/antenna/tag/e2806894000040038662114f, 85
1652702922.101597, sdrt-health/mac:02010b41cdec/antenna/tag/e28068940000500386620d4f, 90
1652702922.118469, sdrt-health/mac:02010b41cdec/antenna/tag/e2806894000050038661fd4f, 83
1652702922.11874, sdrt-health/mac:02010b41cdec/antenna/tag/e2806894000040038662114f, 91
1652702922.15995, sdrt-health/mac:02010b41cdec/antenna/tag/e2806894000050038662194f, 88
1652702922.199195, sdrt-health/mac:02010b41cdec/antenna/tag/e2806894000040038662114f, 85
1652702922.239191, sdrt-health/mac:02010b41cdec/antenna/tag/e2806894000040038662214f, 84
1652702922.340684, sdrt-health/mac:02010b41cdec/antenna/tag/e28068940000500386620d4f, 83
1652702922.409051, sdrt-health/mac:02010b41cdec/antenna/tag/e2806894000050038661fd4f, 97
1652702922.470499, sdrt-health/mac:02010b41cdec/antenna/tag/e2806894000050038662154f, 88
1652702922.470999, sdrt-health/mac:02010b41cdec/antenna/tag/e28068940000500386620d4f, 80
1652702922.490348, sdrt-health/mac:02010b41cdec/antenna/tag/e28068940000500386620d4f, 83
1652702922.56468, sdrt-health/mac:02010b41cdec/antenna/tag/e2806894000040038662114f, 93
1652702922.565229, sdrt-health/mac:02010b41cdec/antenna/tag/e2806894000040038662114f, 93
1652702922.580862, sdrt-health/mac:02010b41cdec/antenna/tag/e2806894000050038661fd4f, 91
1652702922.590384, sdrt-health/mac:02010b41cdec/antenna/tag/e2806894000040038662114f, 93
1652702922.59626, sdrt-health/mac:02010b41cdec/antenna/tag/e28068940000500386620d4f, 90
1652702922.640111, sdrt-health/mac:02010b41cdec/antenna/tag/e28068940000400386621d4f, 77
1652702922.697723, sdrt-health/mac:02010b41cdec/antenna/tag/e2806894000040038662114f, 87
1652702922.698282, sdrt-health/mac:02010b41cdec/antenna/tag/e2806894000040038662114f, 87
1652702922.714756, sdrt-health/mac:02010b41cdec/antenna/tag/e28068940000400386621d4f, 77
1652702922.720346, sdrt-health/mac:02010b41cdec/antenna/tag/e2806894000050038662154f, 85
1652702922.760694, sdrt-health/mac:02010b41cdec/antenna/tag/e2806894000050038662154f, 88
1652702922.838858, sdrt-health/mac:02010b41cdec/antenna/tag/e28068940000500386620d4f, 83
1652702922.83935, sdrt-health/mac:02010b41cdec/antenna/tag/e2806894000040038662114f, 85
1652702922.839687, sdrt-health/mac:02010b41cdec/antenna/tag/e2806894000050038662154f, 88
1652702922.87115, sdrt-health/mac:02010b41cdec/antenna/tag/e2806894000040038662114f, 85
1652702922.992301, sdrt-health/mac:02010b41cdec/antenna/tag/e2806894000050038661fd4f, 83
1652702923.040193, sdrt-health/mac:02010b41cdec/antenna/tag/e2806894000050038661fd4f, 83
1652702923.079944, sdrt-health/mac:02010b41cdec/antenna/tag/e2806894000050038662154f, 88
1652702923.121531, sdrt-health/mac:02010b41cdec/antenna/tag/e2806894000050038662154f, 93
1652702923.161083, sdrt-health/mac:02010b41cdec/antenna/tag/e28068940000400386621d4f, 77
1652702923.216147, sdrt-health/mac:02010b41cdec/antenna/tag/e2806894000040038662114f, 85
1652702923.216368, sdrt-health/mac:02010b41cdec/antenna/tag/e2806894000050038662194f, 81
1652702923.230578, sdrt-health/mac:02010b41cdec/antenna/tag/e2806894000050038662194f, 81
1652702923.240699, sdrt-health/mac:02010b41cdec/antenna/tag/e28068940000400386621d4f, 96
1652702923.282463, sdrt-health/mac:02010b41cdec/antenna/tag/e28068940000400386621d4f, 96
1652702923.396128, sdrt-health/mac:02010b41cdec/antenna/tag/e28068940000500386620d4f, 83
1652702923.396626, sdrt-health/mac:02010b41cdec/antenna/tag/e2806894000050038661fd4f, 83
1652702923.441664, sdrt-health/mac:02010b41cdec/antenna/tag/e28068940000400386621d4f, 77
1652702923.502536, sdrt-health/mac:02010b41cdec/antenna/tag/e2806894000050038662154f, 88
1652702923.50297, sdrt-health/mac:02010b41cdec/antenna/tag/e2806894000040038661f94f, 82
1652702923.529588, sdrt-health/mac:02010b41cdec/antenna/tag/e28068940000500386620d4f, 83
1652702923.569832, sdrt-health/mac:02010b41cdec/antenna/tag/e2806894000050038661fd4f, 97
1652702923.570314, sdrt-health/mac:02010b41cdec/antenna/tag/e28068940000400386621d4f, 77
1652702923.586627, sdrt-health/mac:02010b41cdec/antenna/tag/e2806894000050038662154f, 85
1652702923.586827, sdrt-health/mac:02010b41cdec/antenna/tag/e2806894000040038661f94f, 110
1652702923.619902, sdrt-health/mac:02010b41cdec/antenna/tag/e2806894000040038662114f, 85
1652702923.692033, sdrt-health/mac:02010b41cdec/antenna/tag/e28068940000400386621d4f, 77
1652702923.692488, sdrt-health/mac:02010b41cdec/antenna/tag/e2806894000040038661f94f, 84
1652702923.711868, sdrt-health/mac:02010b41cdec/antenna/tag/e28068940000500386620d4f, 90
1652702923.777362, sdrt-health/mac:02010b41cdec/antenna/tag/e2806894000040038662114f, 85
1652702923.777782, sdrt-health/mac:02010b41cdec/antenna/tag/e2806894000040038662114f, 85
1652702923.801797, sdrt-health/mac:02010b41cdec/antenna/tag/e28068940000500386620d4f, 83
1652702923.832728, sdrt-health/mac:02010b41cdec/antenna/tag/e28068940000500386620d4f, 83
1652702923.833098, sdrt-health/mac:02010b41cdec/antenna/tag/e28068940000400386621d4f, 77
1652702923.894809, sdrt-health/mac:02010b41cdec/antenna/tag/e2806894000050038661fd4f, 91
1652702923.956066, sdrt-health/mac:02010b41cdec/antenna/tag/e28068940000400386621d4f, 77
1652702923.956555, sdrt-health/mac:02010b41cdec/antenna/tag/e28068940000400386621d4f, 96
1652702923.97119, sdrt-health/mac:02010b41cdec/antenna/tag/e2806894000040038661f94f, 81
1652702923.971432, sdrt-health/mac:02010b41cdec/antenna/tag/e28068940000400386621d4f, 96
1652702923.971592, sdrt-health/mac:02010b41cdec/antenna/tag/e2806894000050038662154f, 88
1652702924.003278, sdrt-health/mac:02010b41cdec/antenna/tag/e2806894000040038661f94f, 81
1652702924.042114, sdrt-health/mac:02010b41cdec/antenna/tag/e2806894000050038661fd4f, 83
1652702924.081448, sdrt-health/mac:02010b41cdec/antenna/tag/e2806894000050038662194f, 81
1652702924.082213, sdrt-health/mac:02010b41cdec/antenna/tag/e2806894000050038661fd4f, 83
1652702924.121265, sdrt-health/mac:02010b41cdec/antenna/tag/e2806894000050038662154f, 88
1652702924.161559, sdrt-health/mac:02010b41cdec/antenna/tag/e2806894000050038661fd4f, 91
1652702924.215601, sdrt-health/mac:02010b41cdec/antenna/tag/e28068940000500386620d4f, 83
1652702924.215827, sdrt-health/mac:02010b41cdec/antenna/tag/e2806894000040038662114f, 85
1652702924.231792, sdrt-health/mac:02010b41cdec/antenna/tag/e2806894000050038661fd4f, 91
1652702924.264041, sdrt-health/mac:02010b41cdec/antenna/tag/e2806894000050038661fd4f, 97
1652702924.26457, sdrt-health/mac:02010b41cdec/antenna/tag/e28068940000400386621d4f, 77
1652702924.280869, sdrt-health/mac:02010b41cdec/antenna/tag/e2806894000050038662154f, 85
1652702924.312983, sdrt-health/mac:02010b41cdec/antenna/tag/e28068940000400386621d4f, 96
1652702924.313279, sdrt-health/mac:02010b41cdec/antenna/tag/e2806894000050038661fd4f, 83
1652702924.328944, sdrt-health/mac:02010b41cdec/antenna/tag/e28068940000500386620d4f, 90
1652702924.361447, sdrt-health/mac:02010b41cdec/antenna/tag/e2806894000050038661fd4f, 88
1652702924.400711, sdrt-health/mac:02010b41cdec/antenna/tag/e28068940000500386620d4f, 83
1652702924.441544, sdrt-health/mac:02010b41cdec/antenna/tag/e2806894000040038662114f, 85
1652702924.473164, sdrt-health/mac:02010b41cdec/antenna/tag/e28068940000400386621d4f, 96
1652702924.473363, sdrt-health/mac:02010b41cdec/antenna/tag/e28068940000500386620d4f, 90
1652702924.488589, sdrt-health/mac:02010b41cdec/antenna/tag/e2806894000050038662154f, 85
1652702924.488803, sdrt-health/mac:02010b41cdec/antenna/tag/e28068940000400386621d4f, 96
1652702924.488921, sdrt-health/mac:02010b41cdec/antenna/tag/e2806894000040038662114f, 85
1652702924.551084, sdrt-health/mac:02010b41cdec/antenna/tag/e2806894000040038662114f, 88
1652702924.598445, sdrt-health/mac:02010b41cdec/antenna/tag/e28068940000500386620d4f, 83
1652702924.640092, sdrt-health/mac:02010b41cdec/antenna/tag/e28068940000400386621d4f, 96
1652702924.680196, sdrt-health/mac:02010b41cdec/antenna/tag/e2806894000040038662114f, 88
1652702924.721849, sdrt-health/mac:02010b41cdec/antenna/tag/e28068940000400386621d4f, 77
1652702924.776051, sdrt-health/mac:02010b41cdec/antenna/tag/e2806894000050038661fd4f, 97
1652702924.776524, sdrt-health/mac:02010b41cdec/antenna/tag/e2806894000040038662114f, 88
1652702924.801113, sdrt-health/mac:02010b41cdec/antenna/tag/e2806894000040038662114f, 87
1652702924.831132, sdrt-health/mac:02010b41cdec/antenna/tag/e2806894000050038662154f, 85
1652702924.831518, sdrt-health/mac:02010b41cdec/antenna/tag/e2806894000040038662214f, 82
1652702924.84683, sdrt-health/mac:02010b41cdec/antenna/tag/e2806894000040038661f94f, 84
1652702924.847301, sdrt-health/mac:02010b41cdec/antenna/tag/e28068940000400386621d4f, 77
1652702924.880388, sdrt-health/mac:02010b41cdec/antenna/tag/e28068940000500386620d4f, 90
1652702924.92048, sdrt-health/mac:02010b41cdec/antenna/tag/e2806894000040038662114f, 85
1652702924.961328, sdrt-health/mac:02010b41cdec/antenna/tag/e28068940000400386621d4f, 77
1652702925.000469, sdrt-health/mac:02010b41cdec/antenna/tag/e2806894000040038662114f, 88
1652702925.057557, sdrt-health/mac:02010b41cdec/antenna/tag/e28068940000500386620d4f, 90
1652702925.057795, sdrt-health/mac:02010b41cdec/antenna/tag/e28068940000500386620d4f, 90
1652702925.080901, sdrt-health/mac:02010b41cdec/antenna/tag/e2806894000040038662114f, 85
1652702925.136556, sdrt-health/mac:02010b41cdec/antenna/tag/e2806894000050038662194f, 81
1652702925.208203, sdrt-health/mac:02010b41cdec/antenna/tag/e2806894000050038661fd4f, 91
1652702925.208696, sdrt-health/mac:02010b41cdec/antenna/tag/e28068940000500386620d4f, 83
1652702925.254898, sdrt-health/mac:02010b41cdec/antenna/tag/e28068940000500386620d4f, 83
1652702925.287526, sdrt-health/mac:02010b41cdec/antenna/tag/e2806894000040038662114f, 85
1652702925.287781, sdrt-health/mac:02010b41cdec/antenna/tag/e2806894000050038662154f, 93
1652702925.334018, sdrt-health/mac:02010b41cdec/antenna/tag/e2806894000050038662154f, 85
1652702925.382434, sdrt-health/mac:02010b41cdec/antenna/tag/e28068940000400386621d4f, 80
1652702925.413154, sdrt-health/mac:02010b41cdec/antenna/tag/e2806894000050038661fd4f, 91
1652702925.413702, sdrt-health/mac:02010b41cdec/antenna/tag/e2806894000050038662194f, 94
1652702925.414116, sdrt-health/mac:02010b41cdec/antenna/tag/e2806894000040038661f94f, 82
1652702925.41448, sdrt-health/mac:02010b41cdec/antenna/tag/e2806894000040038662114f, 85
1652702925.431314, sdrt-health/mac:02010b41cdec/antenna/tag/e28068940000400386621d4f, 77
1652702925.471382, sdrt-health/mac:02010b41cdec/antenna/tag/e28068940000500386620d4f, 83
1652702925.50658, sdrt-health/mac:02010b41cdec/antenna/tag/e2806894000050038661fd4f, 83
1652702925.506787, sdrt-health/mac:02010b41cdec/antenna/tag/e2806894000050038662154f, 88
1652702925.506936, sdrt-health/mac:02010b41cdec/antenna/tag/e2806894000040038662114f, 85
1652702925.522028, sdrt-health/mac:02010b41cdec/antenna/tag/e28068940000400386621d4f, 96
1652702925.52226, sdrt-health/mac:02010b41cdec/antenna/tag/e28068940000400386621d4f, 96
1652702925.575458, sdrt-health/mac:02010b41cdec/antenna/tag/e2806894000050038661fd4f, 86
1652702925.620595, sdrt-health/mac:02010b41cdec/antenna/tag/e28068940000500386620d4f, 83
1652702925.688129, sdrt-health/mac:02010b41cdec/antenna/tag/e2806894000040038662114f, 88
1652702925.688612, sdrt-health/mac:02010b41cdec/antenna/tag/e2806894000040038662114f, 88
1652702925.750299, sdrt-health/mac:02010b41cdec/antenna/tag/e2806894000050038662194f, 88
1652702925.851182, sdrt-health/mac:02010b41cdec/antenna/tag/e28068940000500386620d4f, 83
1652702925.912061, sdrt-health/mac:02010b41cdec/antenna/tag/e28068940000500386620d4f, 90
1652702925.967888, sdrt-health/mac:02010b41cdec/antenna/tag/e28068940000500386620d4f, 90
1652702925.969411, sdrt-health/mac:02010b41cdec/antenna/tag/e28068940000500386620d4f, 90
1652702926.001124, sdrt-health/mac:02010b41cdec/antenna/tag/e2806894000050038661fd4f, 83
1652702926.056654, sdrt-health/mac:02010b41cdec/antenna/tag/e28068940000400386621d4f, 96
1652702926.057167, sdrt-health/mac:02010b41cdec/antenna/tag/e28068940000400386621d4f, 96
1652702926.082383, sdrt-health/mac:02010b41cdec/antenna/tag/e2806894000040038661f94f, 94
1652702926.121183, sdrt-health/mac:02010b41cdec/antenna/tag/e2806894000040038661f94f, 84
1652702926.160431, sdrt-health/mac:02010b41cdec/antenna/tag/e28068940000400386621d4f, 96
1652702926.200289, sdrt-health/mac:02010b41cdec/antenna/tag/e2806894000050038661fd4f, 88
1652702926.241702, sdrt-health/mac:02010b41cdec/antenna/tag/e2806894000050038662194f, 84
1652702926.281757, sdrt-health/mac:02010b41cdec/antenna/tag/e2806894000050038662154f, 85
1652702926.338627, sdrt-health/mac:02010b41cdec/antenna/tag/e28068940000400386621d4f, 77
1652702926.339088, sdrt-health/mac:02010b41cdec/antenna/tag/e2806894000050038662154f, 85
1652702926.362574, sdrt-health/mac:02010b41cdec/antenna/tag/e2806894000050038661fd4f, 91
1652702926.399925, sdrt-health/mac:02010b41cdec/antenna/tag/e2806894000050038662154f, 85
1652702926.45489, sdrt-health/mac:02010b41cdec/antenna/tag/e28068940000400386621d4f, 77
1652702926.517197, sdrt-health/mac:02010b41cdec/antenna/tag/e2806894000050038662154f, 93
1652702926.517685, sdrt-health/mac:02010b41cdec/antenna/tag/e2806894000050038661fd4f, 91
1652702926.551273, sdrt-health/mac:02010b41cdec/antenna/tag/e28068940000500386620d4f, 83
1652702926.584928, sdrt-health/mac:02010b41cdec/antenna/tag/e2806894000040038662114f, 85
1652702926.585282, sdrt-health/mac:02010b41cdec/antenna/tag/e28068940000400386621d4f, 77
1652702926.603918, sdrt-health/mac:02010b41cdec/antenna/tag/e2806894000050038662154f, 88
1652702926.640685, sdrt-health/mac:02010b41cdec/antenna/tag/e2806894000040038661f94f, 84
1652702926.71348, sdrt-health/mac:02010b41cdec/antenna/tag/e2806894000050038662154f, 85
1652702926.71411, sdrt-health/mac:02010b41cdec/antenna/tag/e28068940000400386621d4f, 77
1652702926.74853, sdrt-health/mac:02010b41cdec/antenna/tag/e2806894000040038662114f, 85
1652702926.802184, sdrt-health/mac:02010b41cdec/antenna/tag/e2806894000050038661fd4f, 83
1652702926.838203, sdrt-health/mac:02010b41cdec/antenna/tag/e2806894000050038661fd4f, 83
1652702926.838738, sdrt-health/mac:02010b41cdec/antenna/tag/e2806894000050038662154f, 88
1652702926.855288, sdrt-health/mac:02010b41cdec/antenna/tag/e28068940000400386621d4f, 96
1652702926.915623, sdrt-health/mac:02010b41cdec/antenna/tag/e28068940000400386621d4f, 96
1652702926.946958, sdrt-health/mac:02010b41cdec/antenna/tag/e2806894000050038661fd4f, 83
1652702926.947274, sdrt-health/mac:02010b41cdec/antenna/tag/e2806894000050038662154f, 88
1652702926.9701, sdrt-health/mac:02010b41cdec/antenna/tag/e28068940000400386621d4f, 96
1652702927.058802, sdrt-health/mac:02010b41cdec/antenna/tag/e28068940000400386621d4f, 96
1652702927.059323, sdrt-health/mac:02010b41cdec/antenna/tag/e2806894000050038662194f, 94
1652702927.074556, sdrt-health/mac:02010b41cdec/antenna/tag/e28068940000500386620d4f, 90
1652702927.094475, sdrt-health/mac:02010b41cdec/antenna/tag/e2806894000050038661fd4f, 97
1652702927.157879, sdrt-health/mac:02010b41cdec/antenna/tag/e28068940000500386620d4f, 90
1652702927.158366, sdrt-health/mac:02010b41cdec/antenna/tag/e2806894000040038662054f, 81
1652702927.19081, sdrt-health/mac:02010b41cdec/antenna/tag/e28068940000500386620d4f, 83
1652702927.223582, sdrt-health/mac:02010b41cdec/antenna/tag/e28068940000400386621d4f, 77
1652702927.223834, sdrt-health/mac:02010b41cdec/antenna/tag/e28068940000500386620d4f, 83
1652702927.239277, sdrt-health/mac:02010b41cdec/antenna/tag/e28068940000400386621d4f, 96
1652702927.280973, sdrt-health/mac:02010b41cdec/antenna/tag/e2806894000050038661fd4f, 91
1652702927.320317, sdrt-health/mac:02010b41cdec/antenna/tag/e2806894000050038662154f, 85
1652702927.360238, sdrt-health/mac:02010b41cdec/antenna/tag/e28068940000400386621d4f, 77
1652702927.400733, sdrt-health/mac:02010b41cdec/antenna/tag/e28068940000400386621d4f, 77
1652702927.441082, sdrt-health/mac:02010b41cdec/antenna/tag/e2806894000050038662154f, 88
1652702927.471686, sdrt-health/mac:02010b41cdec/antenna/tag/e2806894000050038661fd4f, 97
1652702927.471952, sdrt-health/mac:02010b41cdec/antenna/tag/e28068940000500386620d4f, 83
1652702927.495918, sdrt-health/mac:02010b41cdec/antenna/tag/e2806894000050038661fd4f, 91
1652702927.578085, sdrt-health/mac:02010b41cdec/antenna/tag/e2806894000050038662154f, 88
1652702927.578583, sdrt-health/mac:02010b41cdec/antenna/tag/e28068940000500386620d4f, 90
1652702927.600715, sdrt-health/mac:02010b41cdec/antenna/tag/e2806894000040038662114f, 93
1652702927.654718, sdrt-health/mac:02010b41cdec/antenna/tag/e28068940000400386621d4f, 96
1652702927.710217, sdrt-health/mac:02010b41cdec/antenna/tag/e2806894000050038662154f, 87
1652702927.787595, sdrt-health/mac:02010b41cdec/antenna/tag/e28068940000400386621d4f, 96
1652702927.788162, sdrt-health/mac:02010b41cdec/antenna/tag/e2806894000050038661fd4f, 91
1652702927.803485, sdrt-health/mac:02010b41cdec/antenna/tag/e2806894000040038661f94f, 84
1652702927.828062, sdrt-health/mac:02010b41cdec/antenna/tag/e2806894000050038661fd4f, 83
1652702927.897807, sdrt-health/mac:02010b41cdec/antenna/tag/e2806894000050038662154f, 85
1652702927.956952, sdrt-health/mac:02010b41cdec/antenna/tag/e2806894000040038662114f, 93
1652702927.957432, sdrt-health/mac:02010b41cdec/antenna/tag/e2806894000040038662114f, 85
1652702927.991525, sdrt-health/mac:02010b41cdec/antenna/tag/e28068940000500386620d4f, 90
1652702928.043704, sdrt-health/mac:02010b41cdec/antenna/tag/e2806894000040038661f94f, 94
1652702928.043978, sdrt-health/mac:02010b41cdec/antenna/tag/e2806894000040038662114f, 88
1652702928.088831, sdrt-health/mac:02010b41cdec/antenna/tag/e2806894000050038661fd4f, 97
1652702928.16316, sdrt-health/mac:02010b41cdec/antenna/tag/e2806894000040038661f94f, 88
1652702928.163693, sdrt-health/mac:02010b41cdec/antenna/tag/e2806894000040038662114f, 85
1652702928.191176, sdrt-health/mac:02010b41cdec/antenna/tag/e2806894000040038662214f, 81
1652702928.256729, sdrt-health/mac:02010b41cdec/antenna/tag/e2806894000040038661f94f, 83
1652702928.257314, sdrt-health/mac:02010b41cdec/antenna/tag/e2806894000040038662114f, 93
1652702928.280041, sdrt-health/mac:02010b41cdec/antenna/tag/e2806894000040038662214f, 94
1652702928.320388, sdrt-health/mac:02010b41cdec/antenna/tag/e2806894000040038661f94f, 88
1652702928.360014, sdrt-health/mac:02010b41cdec/antenna/tag/e2806894000040038662114f, 85
1652702928.42161, sdrt-health/mac:02010b41cdec/antenna/tag/e2806894000050038661fd4f, 91
1652702928.422125, sdrt-health/mac:02010b41cdec/antenna/tag/e28068940000400386621d4f, 77
1652702928.43804, sdrt-health/mac:02010b41cdec/antenna/tag/e28068940000500386620d4f, 83
1652702928.471295, sdrt-health/mac:02010b41cdec/antenna/tag/e2806894000050038661fd4f, 83
1652702928.58847, sdrt-health/mac:02010b41cdec/antenna/tag/e2806894000050038662154f, 88
1652702928.588923, sdrt-health/mac:02010b41cdec/antenna/tag/e2806894000050038662154f, 85
1652702928.614368, sdrt-health/mac:02010b41cdec/antenna/tag/e28068940000400386621d4f, 96
1652702928.680659, sdrt-health/mac:02010b41cdec/antenna/tag/e2806894000050038662154f, 85
1652702928.721025, sdrt-health/mac:02010b41cdec/antenna/tag/e2806894000050038662154f, 88
1652702928.778783, sdrt-health/mac:02010b41cdec/antenna/tag/e2806894000050038661fd4f, 97
1652702928.779324, sdrt-health/mac:02010b41cdec/antenna/tag/e28068940000500386620d4f, 83
1652702928.800597, sdrt-health/mac:02010b41cdec/antenna/tag/e2806894000040038661f94f, 81
1652702928.838884, sdrt-health/mac:02010b41cdec/antenna/tag/e2806894000050038662154f, 88
1652702928.870026, sdrt-health/mac:02010b41cdec/antenna/tag/e2806894000040038662114f, 93
1652702928.870389, sdrt-health/mac:02010b41cdec/antenna/tag/e28068940000400386621d4f, 96
1652702928.888453, sdrt-health/mac:02010b41cdec/antenna/tag/e2806894000040038662114f, 85
1652702928.953164, sdrt-health/mac:02010b41cdec/antenna/tag/e2806894000040038662114f, 85
1652702928.954505, sdrt-health/mac:02010b41cdec/antenna/tag/e2806894000050038662154f, 93
1652702928.980639, sdrt-health/mac:02010b41cdec/antenna/tag/e2806894000050038662154f, 85
1652702929.049273, sdrt-health/mac:02010b41cdec/antenna/tag/e2806894000050038662154f, 85
1652702929.049782, sdrt-health/mac:02010b41cdec/antenna/tag/e2806894000040038662114f, 85
1652702929.065635, sdrt-health/mac:02010b41cdec/antenna/tag/e28068940000500386620d4f, 83
1652702929.069921, sdrt-health/mac:02010b41cdec/antenna/tag/e2806894000050038661fd4f, 83
1652702929.334708, sdrt-health/mac:02010b41cdec/antenna/tag/scan, scan stopped
