1652702801.278077, sdrt-health/mac:02010b41cdec/antenna/power/set, {"power": 290}
1652702802.402026, sdrt-health/mac:02010b41cdec/antenna/power/set, 
1652702806.300628, sdrt-health/mac:02010b41cdec/antenna/tag/scan, {"time": 20000}
1652702806.831086, sdrt-health/mac:02010b41cdec/antenna/tag/e2806894000050038662194f, 81
1652702806.871831, sdrt-health/mac:02010b41cdec/antenna/tag/e2806894000050038661fd4f, 83
1652702806.904962, sdrt-health/mac:02010b41cdec/antenna/tag/e2806894000040038662114f, 85
1652702806.90535, sdrt-health/mac:02010b41cdec/antenna/tag/e2806894000050038662154f, 88
1652702806.905625, sdrt-health/mac:02010b41cdec/antenna/tag/e28068940000500386620d4f, 80
1652702806.921286, sdrt-health/mac:02010b41cdec/antenna/tag/e28068940000500386620d4f, 83
1652702806.96306, sdrt-health/mac:02010b41cdec/antenna/tag/e2806894000050038661fd4f, 91
1652702807.017962, sdrt-health/mac:02010b41cdec/antenna/tag/e2806894000040038662114f, 85
1652702807.018377, sdrt-health/mac:02010b41cdec/antenna/tag/e2806894000040038662114f, 87
1652702807.034709, sdrt-health/mac:02010b41cdec/antenna/tag/e2806894000050038662194f, 110
1652702807.050168, sdrt-health/mac:02010b41cdec/antenna/tag/e2806894000050038661fd4f, 83
1652702807.095642, sdrt-health/mac:02010b41cdec/antenna/tag/e28068940000400386621d4f, 96
1652702807.131912, sdrt-health/mac:02010b41cdec/antenna/tag/e28068940000500386620d4f, 83
1652702807.208346, sdrt-health/mac:02010b41cdec/antenna/tag/e2806894000050038661fd4f, 83
1652702807.208847, sdrt-health/mac:02010b41cdec/antenna/tag/e28068940000500386620d4f, 90
1652702807.240837, sdrt-health/mac:02010b41cdec/antenna/tag/e2806894000040038662114f, 88
1652702807.272817, sdrt-health/mac:02010b41cdec/antenna/tag/e2806894000050038661fd4f, 97
1652702807.273151, sdrt-health/mac:02010b41cdec/antenna/tag/e28068940000400386621d4f, 96
1652702807.288374, sdrt-health/mac:02010b41cdec/antenna/tag/e2806894000050038661fd4f, 83
1652702807.28866, sdrt-health/mac:02010b41cdec/antenna/tag/e28068940000500386620d4f, 90
1652702807.321391, sdrt-health/mac:02010b41cdec/antenna/tag/e28068940000400386621d4f, 77
1652702807.371125, sdrt-health/mac:02010b41cdec/antenna/tag/e2806894000050038662154f, 93
1652702807.414111, sdrt-health/mac:02010b41cdec/antenna/tag/e28068940000400386621d4f, 96
1652702807.451624, sdrt-health/mac:02010b41cdec/antenna/tag/e28068940000400386621d4f, 96
1652702807.564659, sdrt-health/mac:02010b41cdec/antenna/tag/e28068940000500386620d4f, 90
1652702807.621651, sdrt-health/mac:02010b41cdec/antenna/tag/e2806894000050038661fd4f, 91
1652702807.655416, sdrt-health/mac:02010b41cdec/antenna/tag/e28068940000500386620d4f, 83
1652702807.655808, sdrt-health/mac:02010b41cdec/antenna/tag/e28068940000400386621d4f, 77
1652702807.656128, sdrt-health/mac:02010b41cdec/antenna/tag/e2806894000050038661fd4f, 88
1652702807.656423, sdrt-health/mac:02010b41cdec/antenna/tag/e2806894000050038662154f, 85
1652702807.670839, sdrt-health/mac:02010b41cdec/antenna/tag/e2806894000050038661fd4f, 91
1652702807.712117, sdrt-health/mac:02010b41cdec/antenna/tag/e2806894000050038661fd4f, 97
1652702807.750868, sdrt-health/mac:02010b41cdec/antenna/tag/e2806894000050038662154f, 88
1652702807.798863, sdrt-health/mac:02010b41cdec/antenna/tag/e28068940000400386621d4f, 96
1652702807.831315, sdrt-health/mac:02010b41cdec/antenna/tag/e2806894000040038662114f, 93
1652702807.831561, sdrt-health/mac:02010b41cdec/antenna/tag/e28068940000400386621d4f, 90
1652702807.847631, sdrt-health/mac:02010b41cdec/antenna/tag/e28068940000400386621d4f, 96
1652702807.847896, sdrt-health/mac:02010b41cdec/antenna/tag/e2806894000040038662114f, 85
1652702807.881323, sdrt-health/mac:02010b41cdec/antenna/tag/e28068940000500386620d4f, 90
1652702807.939829, sdrt-health/mac:02010b41cdec/antenna/tag/e28068940000400386621d4f, 77
1652702807.940285, sdrt-health/mac:02010b41cdec/antenna/tag/e28068940000500386620d4f, 83
1652702807.955814, sdrt-health/mac:02010b41cdec/antenna/tag/e28068940000400386621d4f, 96
1652702808.002774, sdrt-health/mac:02010b41cdec/antenna/tag/e2806894000050038661fd4f, 97
1652702808.040857, sdrt-health/mac:02010b41cdec/antenna/tag/e28068940000400386621d4f, 96
1652702808.081223, sdrt-health/mac:02010b41cdec/antenna/tag/e2806894000040038662114f, 88
1652702808.121201, sdrt-health/mac:02010b41cdec/antenna/tag/e28068940000400386621d4f, 96
1652702808.157641, sdrt-health/mac:02010b41cdec/antenna/tag/e2806894000050038662154f, 88
1652702808.158097, sdrt-health/mac:02010b41cdec/antenna/tag/e28068940000500386620d4f, 83
1652702808.173561, sdrt-health/mac:02010b41cdec/antenna/tag/e2806894000050038662154f, 88
1652702808.21456, sdrt-health/mac:02010b41cdec/antenna/tag/e28068940000400386621d4f, 77
1652702808.260858, sdrt-health/mac:02010b41cdec/antenna/tag/e2806894000050038662154f, 85
1652702808.326727, sdrt-health/mac:02010b41cdec/antenna/tag/e28068940000400386621d4f, 77
1652702808.327272, sdrt-health/mac:02010b41cdec/antenna/tag/e2806894000050038662154f, 85
1652702808.354777, sdrt-health/mac:02010b41cdec/antenna/tag/e28068940000400386621d4f, 77
1652702808.417155, sdrt-health/mac:02010b41cdec/antenna/tag/e28068940000500386620d4f, 83
1652702808.417609, sdrt-health/mac:02010b41cdec/antenna/tag/e28068940000400386621d4f, 96
1652702808.440805, sdrt-health/mac:02010b41cdec/antenna/tag/e2806894000050038662154f, 85
1652702808.496658, sdrt-health/mac:02010b41cdec/antenna/tag/e2806894000050038661fd4f, 97
1652702808.497187, sdrt-health/mac:02010b41cdec/antenna/tag/e28068940000500386620d4f, 83
1652702808.521569, sdrt-health/mac:02010b41cdec/antenna/tag/e28068940000500386620d4f, 90
1652702808.643088, sdrt-health/mac:02010b41cdec/antenna/tag/e2806894000050038661fd4f, 97
1652702808.680886, sdrt-health/mac:02010b41cdec/antenna/tag/e28068940000500386620d4f, 83
1652702808.721855, sdrt-health/mac:02010b41cdec/antenna/tag/e2806894000050038662154f, 85
1652702808.777796, sdrt-health/mac:02010b41cdec/antenna/tag/e2806894000040038662114f, 93
1652702808.778261, sdrt-health/mac:02010b41cdec/antenna/tag/e2806894000050038662154f, 85
1652702808.794029, sdrt-health/mac:02010b41cdec/antenna/tag/e2806894000040038662114f, 85
1652702808.794558, sdrt-health/mac:02010b41cdec/antenna/tag/e28068940000500386620d4f, 90
1652702808.801651, sdrt-health/mac:02010b41cdec/antenna/tag/e28068940000400386621d4f, 96
1652702808.810974, sdrt-health/mac:02010b41cdec/antenna/tag/e28068940000500386620d4f, 83
1652702808.842124, sdrt-health/mac:02010b41cdec/antenna/tag/e2806894000050038662154f, 88
1652702808.898265, sdrt-health/mac:02010b41cdec/antenna/tag/e2806894000050038661fd4f, 83
1652702808.898731, sdrt-health/mac:02010b41cdec/antenna/tag/e2806894000050038662154f, 88
1652702808.914726, sdrt-health/mac:02010b41cdec/antenna/tag/e2806894000050038661fd4f, 91
1652702808.92097, sdrt-health/mac:02010b41cdec/antenna/tag/e28068940000400386621d4f, 96
1652702808.932027, sdrt-health/mac:02010b41cdec/antenna/tag/e2806894000050038662154f, 85
1652702808.932254, sdrt-health/mac:02010b41cdec/antenna/tag/e2806894000040038662114f, 85
1652702808.962556, sdrt-health/mac:02010b41cdec/antenna/tag/e2806894000050038662154f, 85
1652702809.018379, sdrt-health/mac:02010b41cdec/antenna/tag/e2806894000050038661fd4f, 83
1652702809.079303, sdrt-health/mac:02010b41cdec/antenna/tag/e2806894000050038661fd4f, 97
1652702809.079753, sdrt-health/mac:02010b41cdec/antenna/tag/e28068940000500386620d4f, 83
1652702809.096168, sdrt-health/mac:02010b41cdec/antenna/tag/e2806894000040038662114f, 85
1652702809.119559, sdrt-health/mac:02010b41cdec/antenna/tag/e28068940000400386621d4f, 96
1652702809.163532, sdrt-health/mac:02010b41cdec/antenna/tag/e2806894000050038661fd4f, 83
1652702809.196187, sdrt-health/mac:02010b41cdec/antenna/tag/e28068940000400386621d4f, 96
1652702809.196416, sdrt-health/mac:02010b41cdec/antenna/tag/e2806894000040038662114f, 85
1652702809.214016, sdrt-health/mac:02010b41cdec/antenna/tag/e2806894000050038661fd4f, 91
1652702809.21424, sdrt-health/mac:02010b41cdec/antenna/tag/e2806894000050038662154f, 88
1652702809.214382, sdrt-health/mac:02010b41cdec/antenna/tag/e28068940000400386621d4f, 96
1652702809.256996, sdrt-health/mac:02010b41cdec/antenna/tag/e2806894000050038661fd4f, 91
1652702809.301348, sdrt-health/mac:02010b41cdec/antenna/tag/e2806894000040038662114f, 85
1652702809.35164, sdrt-health/mac:02010b41cdec/antenna/tag/e2806894000040038662114f, 93
1652702809.389473, sdrt-health/mac:02010b41cdec/antenna/tag/e2806894000050038662154f, 85
1652702809.389789, sdrt-health/mac:02010b41cdec/antenna/tag/e28068940000500386620d4f, 83
1652702809.406965, sdrt-health/mac:02010b41cdec/antenna/tag/e2806894000040038662114f, 85
1652702809.441978, sdrt-health/mac:02010b41cdec/antenna/tag/e2806894000040038662114f, 93
1652702809.497844, sdrt-health/mac:02010b41cdec/antenna/tag/e2806894000040038662214f, 81
1652702809.49827, sdrt-health/mac:02010b41cdec/antenna/tag/e2806894000040038661f94f, 81
1652702809.512908, sdrt-health/mac:02010b41cdec/antenna/tag/e2806894000050038662154f, 93
1652702809.560698, sdrt-health/mac:02010b41cdec/antenna/tag/e28068940000400386621d4f, 96
1652702809.603722, sdrt-health/mac:02010b41cdec/antenna/tag/e2806894000050038662154f, 85
1652702809.672032, sdrt-health/mac:02010b41cdec/antenna/tag/e2806894000050038661fd4f, 91
1652702809.672528, sdrt-health/mac:02010b41cdec/antenna/tag/e2806894000050038661fd4f, 83
1652702809.688021, sdrt-health/mac:02010b41cdec/antenna/tag/e28068940000400386621d4f, 96
1652702809.700627, sdrt-health/mac:02010b41cdec/antenna/tag/e2806894000050038662154f, 85
1652702809.750815, sdrt-health/mac:02010b41cdec/antenna/tag/e2806894000040038662114f, 88
1652702809.806687, sdrt-health/mac:02010b41cdec/antenna/tag/e28068940000500386620d4f, 83
1652702809.807251, sdrt-health/mac:02010b41cdec/antenna/tag/e28068940000500386620d4f, 90
1652702809.82303, sdrt-health/mac:02010b41cdec/antenna/tag/e2806894000040038662114f, 88
1652702809.840242, sdrt-health/mac:02010b41cdec/antenna/tag/e28068940000500386620d4f, 83
1652702809.881287, sdrt-health/mac:02010b41cdec/antenna/tag/e2806894000050038662154f, 88
1652702809.958416, sdrt-health/mac:02010b41cdec/antenna/tag/e28068940000500386620d4f, 83
1652702809.95888, sdrt-health/mac:02010b41cdec/antenna/tag/e2806894000040038662114f, 93
1652702809.991151, sdrt-health/mac:02010b41cdec/antenna/tag/e2806894000040038662214f, 81
1652702810.048035, sdrt-health/mac:02010b41cdec/antenna/tag/e2806894000040038662114f, 93
1652702810.048274, sdrt-health/mac:02010b41cdec/antenna/tag/e28068940000500386620d4f, 90
1652702810.081924, sdrt-health/mac:02010b41cdec/antenna/tag/e28068940000400386621d4f, 96
1652702810.115179, sdrt-health/mac:02010b41cdec/antenna/tag/e2806894000050038662154f, 85
1652702810.115413, sdrt-health/mac:02010b41cdec/antenna/tag/e2806894000040038662114f, 85
1652702810.131957, sdrt-health/mac:02010b41cdec/antenna/tag/e2806894000050038661fd4f, 97
1652702810.132231, sdrt-health/mac:02010b41cdec/antenna/tag/e2806894000040038662114f, 87
1652702810.132438, sdrt-health/mac:02010b41cdec/antenna/tag/e28068940000400386621d4f, 96
1652702810.161214, sdrt-health/mac:02010b41cdec/antenna/tag/e28068940000400386621d4f, 96
1652702810.232965, sdrt-health/mac:02010b41cdec/antenna/tag/e2806894000040038662114f, 85
1652702810.300507, sdrt-health/mac:02010b41cdec/antenna/tag/e2806894000050038661fd4f, 97
1652702810.370381, sdrt-health/mac:02010b41cdec/antenna/tag/e28068940000400386621d4f, 96
1652702810.370873, sdrt-health/mac:02010b41cdec/antenna/tag/e28068940000400386621d4f, 77
1652702810.387202, sdrt-health/mac:02010b41cdec/antenna/tag/e2806894000040038661f94f, 84
1652702810.44105, sdrt-health/mac:02010b41cdec/antenna/tag/e2806894000050038661fd4f, 88
1652702810.523628, sdrt-health/mac:02010b41cdec/antenna/tag/e28068940000400386621d4f, 77
1652702810.524173, sdrt-health/mac:02010b41cdec/antenna/tag/e28068940000500386620d4f, 83
1652702810.578949, sdrt-health/mac:02010b41cdec/antenna/tag/e2806894000040038662114f, 87
1652702810.579451, sdrt-health/mac:02010b41cdec/antenna/tag/e2806894000040038662114f, 85
1652702810.579788, sdrt-health/mac:02010b41cdec/antenna/tag/e28068940000500386620d4f, 80
1652702810.580186, sdrt-health/mac:02010b41cdec/antenna/tag/e2806894000050038661fd4f, 83
1652702810.60091, sdrt-health/mac:02010b41cdec/antenna/tag/e28068940000500386620d4f, 83
1652702810.665956, sdrt-health/mac:02010b41cdec/antenna/tag/e2806894000050038662154f, 88
1652702810.666454, sdrt-health/mac:02010b41cdec/antenna/tag/e28068940000500386620d4f, 83
1652702810.713987, sdrt-health/mac:02010b41cdec/antenna/tag/e2806894000050038662154f, 88
1652702810.714424, sdrt-health/mac:02010b41cdec/antenna/state, connected
1652702810.729707, sdrt-health/mac:02010b41cdec/fw, {"version":"1.8.1","model":"200","hash":"2f556501b58f1dad542af428d7928d18","timestamp":1652702807}
1652702810.779185, sdrt-health/mac:02010b41cdec/antenna/tag/e28068940000400386621d4f, 96
1652702810.844401, sdrt-health/mac:02010b41cdec/antenna/tag/e2806894000050038661fd4f, 83
1652702810.844858, sdrt-health/mac:02010b41cdec/antenna/tag/e2806894000050038661fd4f, 83
1652702810.845153, sdrt-health/mac:02010b41cdec/antenna/tag/e28068940000500386620d4f, 83
1652702810.860654, sdrt-health/mac:02010b41cdec/antenna/tag/e28068940000500386620d4f, 83
1652702810.909775, sdrt-health/mac:02010b41cdec/antenna/tag/e2806894000050038661fd4f, 91
1652702810.920937, sdrt-health/mac:02010b41cdec/antenna/version, h@bO
1652702810.925538, sdrt-health/mac:02010b41cdec/antenna/tag/e2806894000050038661fd4f, 91
1652702810.975959, sdrt-health/mac:02010b41cdec/antenna/tag/e28068940000400386621d4f, 77
1652702811.051436, sdrt-health/mac:02010b41cdec/antenna/tag/e2806894000050038661fd4f, 97
1652702811.051924, sdrt-health/mac:02010b41cdec/antenna/tag/e2806894000040038662114f, 85
1652702811.08232, sdrt-health/mac:02010b41cdec/antenna/tag/e2806894000050038662154f, 88
1652702811.08295, sdrt-health/mac:02010b41cdec/antenna/tag/e2806894000050038661fd4f, 83
1652702811.083351, sdrt-health/mac:02010b41cdec/antenna/tag/e2806894000050038662154f, 88
1652702811.111212, sdrt-health/mac:02010b41cdec/antenna/tag/e2806894000050038662154f, 85
1652702811.185865, sdrt-health/mac:02010b41cdec/antenna/tag/e2806894000050038661fd4f, 83
1652702811.191337, sdrt-health/mac:02010b41cdec/antenna/tag/e2806894000040038662114f, 88
1652702811.236087, sdrt-health/mac:02010b41cdec/antenna/tag/e2806894000040038662114f, 93
1652702811.305106, sdrt-health/mac:02010b41cdec/antenna/tag/e2806894000050038661fd4f, 91
1652702811.305597, sdrt-health/mac:02010b41cdec/antenna/tag/e2806894000050038662154f, 93
1652702811.30604, sdrt-health/mac:02010b41cdec/antenna/tag/e28068940000500386620d4f, 83
1652702811.321154, sdrt-health/mac:02010b41cdec/antenna/tag/e2806894000050038662154f, 85
1652702811.334774, sdrt-health/mac:02010b41cdec/antenna/tag/e2806894000040038662114f, 93
1652702811.391997, sdrt-health/mac:02010b41cdec/antenna/tag/e2806894000040038662114f, 93
1652702811.460568, sdrt-health/mac:02010b41cdec/antenna/tag/e2806894000050038662154f, 85
1652702811.528695, sdrt-health/mac:02010b41cdec/antenna/tag/e28068940000500386620d4f, 90
1652702811.529195, sdrt-health/mac:02010b41cdec/antenna/tag/e28068940000500386620d4f, 83
1652702811.544261, sdrt-health/mac:02010b41cdec/antenna/tag/e28068940000500386620d4f, 83
1652702811.58149, sdrt-health/mac:02010b41cdec/antenna/tag/e2806894000050038661fd4f, 97
1652702811.679052, sdrt-health/mac:02010b41cdec/antenna/tag/e2806894000040038662114f, 87
1652702811.679513, sdrt-health/mac:02010b41cdec/antenna/tag/e2806894000040038662114f, 93
1652702811.731316, sdrt-health/mac:02010b41cdec/antenna/tag/e2806894000040038662114f, 85
1652702811.731815, sdrt-health/mac:02010b41cdec/antenna/tag/e28068940000500386620d4f, 83
1652702811.732269, sdrt-health/mac:02010b41cdec/antenna/tag/e2806894000040038662114f, 85
1652702811.801006, sdrt-health/mac:02010b41cdec/antenna/tag/e2806894000050038662154f, 88
1652702811.870029, sdrt-health/mac:02010b41cdec/antenna/tag/e28068940000500386620d4f, 83
1652702811.870539, sdrt-health/mac:02010b41cdec/antenna/tag/e28068940000400386621d4f, 96
1652702811.887466, sdrt-health/mac:02010b41cdec/antenna/tag/e28068940000500386620d4f, 83
1652702811.939168, sdrt-health/mac:02010b41cdec/antenna/tag/e2806894000050038661fd4f, 91
1652702812.025502, sdrt-health/mac:02010b41cdec/antenna/tag/e2806894000050038661fd4f, 91
1652702812.025961, sdrt-health/mac:02010b41cdec/antenna/tag/e28068940000400386621d4f, 77
1652702812.027486, sdrt-health/mac:02010b41cdec/antenna/tag/e2806894000050038662194f, 81
1652702812.146224, sdrt-health/mac:02010b41cdec/antenna/tag/e2806894000040038662054f, 88
1652702812.169797, sdrt-health/mac:02010b41cdec/antenna/tag/e2806894000050038661fd4f, 97
1652702812.244098, sdrt-health/mac:02010b41cdec/antenna/tag/e28068940000500386620d4f, 83
1652702812.244595, sdrt-health/mac:02010b41cdec/antenna/tag/e28068940000400386621d4f, 96
1652702812.245001, sdrt-health/mac:02010b41cdec/antenna/tag/e28068940000400386621d4f, 96
1652702812.280087, sdrt-health/mac:02010b41cdec/antenna/tag/e28068940000400386621d4f, 96
1652702812.311549, sdrt-health/mac:02010b41cdec/antenna/tag/e2806894000050038661fd4f, 97
1652702812.311812, sdrt-health/mac:02010b41cdec/antenna/tag/e28068940000500386620d4f, 83
1652702812.329547, sdrt-health/mac:02010b41cdec/antenna/tag/e2806894000050038661fd4f, 91
1652702812.329747, sdrt-health/mac:02010b41cdec/antenna/tag/e28068940000500386620d4f, 83
1652702812.329877, sdrt-health/mac:02010b41cdec/antenna/tag/e2806894000040038662114f, 85
1652702812.392978, sdrt-health/mac:02010b41cdec/antenna/tag/e2806894000050038662154f, 91
1652702812.44373, sdrt-health/mac:02010b41cdec/antenna/tag/e2806894000040038662114f, 91
1652702812.498691, sdrt-health/mac:02010b41cdec/antenna/tag/e2806894000050038661fd4f, 97
1652702812.499186, sdrt-health/mac:02010b41cdec/antenna/tag/e2806894000050038661fd4f, 91
1652702812.521774, sdrt-health/mac:02010b41cdec/antenna/tag/e28068940000500386620d4f, 90
1652702812.562174, sdrt-health/mac:02010b41cdec/antenna/tag/e2806894000040038662114f, 85
1652702812.600794, sdrt-health/mac:02010b41cdec/antenna/tag/e2806894000040038662114f, 93
1652702812.64106, sdrt-health/mac:02010b41cdec/antenna/tag/e2806894000050038662154f, 93
1652702812.720317, sdrt-health/mac:02010b41cdec/antenna/tag/e2806894000050038661fd4f, 88
1652702812.720804, sdrt-health/mac:02010b41cdec/antenna/tag/e2806894000050038662154f, 93
1652702812.735964, sdrt-health/mac:02010b41cdec/antenna/tag/e28068940000500386620d4f, 83
1652702812.751725, sdrt-health/mac:02010b41cdec/antenna/tag/e2806894000050038661fd4f, 91
1652702812.752025, sdrt-health/mac:02010b41cdec/antenna/tag/e2806894000040038662114f, 85
1652702812.752326, sdrt-health/mac:02010b41cdec/antenna/tag/e2806894000050038661fd4f, 91
1652702812.800322, sdrt-health/mac:02010b41cdec/antenna/tag/e2806894000050038661fd4f, 88
1652702812.858435, sdrt-health/mac:02010b41cdec/antenna/tag/e28068940000500386620d4f, 83
1652702812.858893, sdrt-health/mac:02010b41cdec/antenna/tag/e28068940000500386620d4f, 83
1652702812.874964, sdrt-health/mac:02010b41cdec/antenna/tag/e28068940000500386620d4f, 90
1652702812.889296, sdrt-health/mac:02010b41cdec/antenna/tag/e28068940000400386621d4f, 77
1652702812.93561, sdrt-health/mac:02010b41cdec/antenna/tag/e2806894000050038662154f, 85
1652702812.972532, sdrt-health/mac:02010b41cdec/antenna/tag/e2806894000050038662154f, 85
1652702813.032414, sdrt-health/mac:02010b41cdec/antenna/tag/e2806894000040038662114f, 88
1652702813.032978, sdrt-health/mac:02010b41cdec/antenna/tag/e28068940000500386620d4f, 90
1652702813.063113, sdrt-health/mac:02010b41cdec/antenna/tag/e2806894000040038662114f, 93
1652702813.139076, sdrt-health/mac:02010b41cdec/antenna/tag/e28068940000500386620d4f, 83
1652702813.139536, sdrt-health/mac:02010b41cdec/antenna/tag/e28068940000500386620d4f, 83
1652702813.157018, sdrt-health/mac:02010b41cdec/antenna/tag/e28068940000500386620d4f, 83
1652702813.194135, sdrt-health/mac:02010b41cdec/antenna/tag/e2806894000050038661fd4f, 83
1652702813.231216, sdrt-health/mac:02010b41cdec/antenna/tag/e2806894000050038661fd4f, 83
1652702813.305381, sdrt-health/mac:02010b41cdec/antenna/tag/e28068940000500386620d4f, 83
1652702813.305844, sdrt-health/mac:02010b41cdec/antenna/tag/e28068940000400386621d4f, 96
1652702813.33493, sdrt-health/mac:02010b41cdec/antenna/tag/e28068940000500386620d4f, 90
1652702813.365674, sdrt-health/mac:02010b41cdec/antenna/tag/e28068940000400386621d4f, 96
1652702813.366153, sdrt-health/mac:02010b41cdec/antenna/tag/e28068940000500386620d4f, 83
1652702813.366484, sdrt-health/mac:02010b41cdec/antenna/tag/e2806894000040038662114f, 88
1652702813.366835, sdrt-health/mac:02010b41cdec/antenna/tag/e2806894000050038661fd4f, 83
1652702813.380875, sdrt-health/mac:02010b41cdec/antenna/tag/e2806894000040038662114f, 88
1652702813.438277, sdrt-health/mac:02010b41cdec/antenna/tag/e28068940000500386620d4f, 83
1652702813.471735, sdrt-health/mac:02010b41cdec/antenna/tag/e2806894000050038661fd4f, 88
1652702813.538745, sdrt-health/mac:02010b41cdec/antenna/tag/e2806894000050038662154f, 88
1652702813.539265, sdrt-health/mac:02010b41cdec/antenna/tag/e2806894000050038662154f, 85
1652702813.554023, sdrt-health/mac:02010b41cdec/antenna/tag/e2806894000050038661fd4f, 91
1652702813.554462, sdrt-health/mac:02010b41cdec/antenna/tag/e28068940000500386620d4f, 83
1652702813.57682, sdrt-health/mac:02010b41cdec/antenna/tag/e28068940000500386620d4f, 90
1652702813.646763, sdrt-health/mac:02010b41cdec/antenna/tag/e2806894000050038661fd4f, 83
1652702813.647303, sdrt-health/mac:02010b41cdec/antenna/tag/e2806894000040038662114f, 88
1652702813.663273, sdrt-health/mac:02010b41cdec/antenna/tag/e28068940000400386621d4f, 96
1652702813.663721, sdrt-health/mac:02010b41cdec/antenna/tag/e28068940000500386620d4f, 83
1652702813.671646, sdrt-health/mac:02010b41cdec/antenna/tag/e2806894000050038662154f, 88
1652702813.711273, sdrt-health/mac:02010b41cdec/antenna/tag/e28068940000400386621d4f, 90
1652702813.761767, sdrt-health/mac:02010b41cdec/antenna/tag/e2806894000050038662154f, 85
1652702813.796076, sdrt-health/mac:02010b41cdec/antenna/tag/e2806894000050038661fd4f, 83
1652702813.796484, sdrt-health/mac:02010b41cdec/antenna/tag/e2806894000040038662114f, 85
1652702813.813189, sdrt-health/mac:02010b41cdec/antenna/tag/e2806894000040038662114f, 85
1652702813.840185, sdrt-health/mac:02010b41cdec/antenna/tag/e28068940000500386620d4f, 83
1652702813.881441, sdrt-health/mac:02010b41cdec/antenna/tag/e2806894000040038662114f, 93
1652702813.921406, sdrt-health/mac:02010b41cdec/antenna/tag/e28068940000500386620d4f, 83
1652702813.961522, sdrt-health/mac:02010b41cdec/antenna/tag/e28068940000500386620d4f, 90
1652702814.001532, sdrt-health/mac:02010b41cdec/antenna/tag/e2806894000050038662154f, 85
1652702814.097839, sdrt-health/mac:02010b41cdec/antenna/tag/e28068940000500386620d4f, 83
1652702814.098296, sdrt-health/mac:02010b41cdec/antenna/tag/e2806894000050038662154f, 93
1652702814.161737, sdrt-health/mac:02010b41cdec/antenna/tag/e28068940000500386620d4f, 83
1652702814.20157, sdrt-health/mac:02010b41cdec/antenna/tag/e28068940000400386621d4f, 96
1652702814.242193, sdrt-health/mac:02010b41cdec/antenna/tag/e2806894000050038661fd4f, 97
1652702814.29467, sdrt-health/mac:02010b41cdec/antenna/tag/e2806894000050038661fd4f, 91
1652702814.379805, sdrt-health/mac:02010b41cdec/antenna/tag/e28068940000500386620d4f, 80
1652702814.380264, sdrt-health/mac:02010b41cdec/antenna/tag/e2806894000040038662114f, 93
1652702814.47238, sdrt-health/mac:02010b41cdec/antenna/tag/e2806894000050038662154f, 88
1652702814.544238, sdrt-health/mac:02010b41cdec/antenna/tag/e2806894000050038661fd4f, 83
1652702814.596832, sdrt-health/mac:02010b41cdec/antenna/tag/e2806894000050038661fd4f, 97
1652702814.597304, sdrt-health/mac:02010b41cdec/antenna/tag/e28068940000400386621d4f, 77
1652702814.613182, sdrt-health/mac:02010b41cdec/antenna/tag/e2806894000040038662114f, 85
1652702814.647841, sdrt-health/mac:02010b41cdec/antenna/tag/e28068940000400386621d4f, 90
1652702814.64814, sdrt-health/mac:02010b41cdec/antenna/tag/e2806894000040038662114f, 91
1652702814.670932, sdrt-health/mac:02010b41cdec/antenna/tag/e28068940000500386620d4f, 83
1652702814.738014, sdrt-health/mac:02010b41cdec/antenna/tag/e2806894000040038662114f, 88
1652702814.738503, sdrt-health/mac:02010b41cdec/antenna/tag/e2806894000050038661fd4f, 97
1652702814.760993, sdrt-health/mac:02010b41cdec/antenna/tag/e28068940000500386620d4f, 83
1652702814.857859, sdrt-health/mac:02010b41cdec/antenna/tag/e2806894000050038662154f, 85
1652702814.858365, sdrt-health/mac:02010b41cdec/antenna/tag/e28068940000400386621d4f, 96
1652702814.882311, sdrt-health/mac:02010b41cdec/antenna/tag/e2806894000040038662114f, 85
1652702814.915276, sdrt-health/mac:02010b41cdec/antenna/tag/e28068940000500386620d4f, 80
1652702814.915621, sdrt-health/mac:02010b41cdec/antenna/tag/e2806894000050038661fd4f, 91
1652702814.931267, sdrt-health/mac:02010b41cdec/antenna/tag/e2806894000040038662114f, 85
1652702814.931655, sdrt-health/mac:02010b41cdec/antenna/tag/e2806894000050038662154f, 85
1652702814.961802, sdrt-health/mac:02010b41cdec/antenna/tag/e2806894000050038662154f, 88
1652702815.001855, sdrt-health/mac:02010b41cdec/antenna/tag/e2806894000050038662154f, 93
1652702815.05903, sdrt-health/mac:02010b41cdec/antenna/tag/e2806894000050038662154f, 83
1652702815.059479, sdrt-health/mac:02010b41cdec/antenna/tag/e2806894000050038661fd4f, 91
1652702815.080952, sdrt-health/mac:02010b41cdec/antenna/tag/e2806894000050038662154f, 85
1652702815.137967, sdrt-health/mac:02010b41cdec/antenna/tag/e28068940000400386621d4f, 77
1652702815.138641, sdrt-health/mac:02010b41cdec/antenna/tag/e2806894000050038661fd4f, 97
1652702815.161585, sdrt-health/mac:02010b41cdec/antenna/tag/e28068940000400386621d4f, 96
1652702815.241716, sdrt-health/mac:02010b41cdec/antenna/tag/e2806894000040038662114f, 93
1652702815.281874, sdrt-health/mac:02010b41cdec/antenna/tag/e2806894000050038662154f, 88
1652702815.338166, sdrt-health/mac:02010b41cdec/antenna/tag/e2806894000040038662114f, 88
1652702815.338703, sdrt-health/mac:02010b41cdec/antenna/tag/e2806894000050038661fd4f, 91
1652702815.357669, sdrt-health/mac:02010b41cdec/antenna/tag/e28068940000500386620d4f, 83
1652702815.365392, sdrt-health/mac:02010b41cdec/antenna/tag/e28068940000500386620d4f, 80
1652702815.402053, sdrt-health/mac:02010b41cdec/antenna/tag/e2806894000050038661fd4f, 91
1652702815.441249, sdrt-health/mac:02010b41cdec/antenna/tag/e28068940000400386621d4f, 96
1652702815.473822, sdrt-health/mac:02010b41cdec/antenna/tag/e2806894000040038662114f, 85
1652702815.474125, sdrt-health/mac:02010b41cdec/antenna/tag/e2806894000050038661fd4f, 91
1652702815.494852, sdrt-health/mac:02010b41cdec/antenna/tag/e2806894000050038661fd4f, 97
1652702815.540987, sdrt-health/mac:02010b41cdec/antenna/tag/e2806894000040038662114f, 85
1652702815.601107, sdrt-health/mac:02010b41cdec/antenna/tag/e2806894000040038662114f, 85
1652702815.657213, sdrt-health/mac:02010b41cdec/antenna/tag/e28068940000500386620d4f, 83
1652702815.65766, sdrt-health/mac:02010b41cdec/antenna/tag/e2806894000050038662154f, 85
1652702815.671916, sdrt-health/mac:02010b41cdec/antenna/tag/e2806894000050038662154f, 85
1652702815.682981, sdrt-health/mac:02010b41cdec/antenna/tag/e2806894000040038662114f, 85
1652702815.687414, sdrt-health/mac:02010b41cdec/antenna/tag/e28068940000500386620d4f, 83
1652702815.72087, sdrt-health/mac:02010b41cdec/antenna/tag/e2806894000040038662114f, 85
1652702815.782717, sdrt-health/mac:02010b41cdec/antenna/tag/e28068940000400386621d4f, 96
1652702815.783313, sdrt-health/mac:02010b41cdec/antenna/tag/e28068940000400386621d4f, 96
1652702815.800903, sdrt-health/mac:02010b41cdec/antenna/tag/e28068940000500386620d4f, 83
1652702815.85758, sdrt-health/mac:02010b41cdec/antenna/tag/e28068940000400386621d4f, 96
1652702815.858047, sdrt-health/mac:02010b41cdec/antenna/tag/e28068940000400386621d4f, 96
1652702815.872636, sdrt-health/mac:02010b41cdec/antenna/tag/e2806894000050038661fd4f, 97
1652702815.882287, sdrt-health/mac:02010b41cdec/antenna/tag/e28068940000400386621d4f, 77
1652702815.922839, sdrt-health/mac:02010b41cdec/antenna/tag/e2806894000040038661f94f, 84
1652702815.96205, sdrt-health/mac:02010b41cdec/antenna/tag/e2806894000050038661fd4f, 88
1652702816.017198, sdrt-health/mac:02010b41cdec/antenna/tag/e28068940000400386621d4f, 77
1652702816.017642, sdrt-health/mac:02010b41cdec/antenna/tag/e28068940000500386620d4f, 83
1652702816.035286, sdrt-health/mac:02010b41cdec/antenna/tag/e2806894000040038662114f, 93
1652702816.066491, sdrt-health/mac:02010b41cdec/antenna/tag/e2806894000050038662154f, 88
1652702816.066734, sdrt-health/mac:02010b41cdec/antenna/tag/e2806894000050038662154f, 85
1652702816.083702, sdrt-health/mac:02010b41cdec/antenna/tag/e2806894000040038662114f, 85
1652702816.137745, sdrt-health/mac:02010b41cdec/antenna/tag/e2806894000050038661fd4f, 91
1652702816.181707, sdrt-health/mac:02010b41cdec/antenna/tag/e28068940000400386621d4f, 96
1652702816.23205, sdrt-health/mac:02010b41cdec/antenna/tag/e28068940000500386620d4f, 83
1652702816.287595, sdrt-health/mac:02010b41cdec/antenna/tag/e2806894000040038662114f, 88
1652702816.288132, sdrt-health/mac:02010b41cdec/antenna/tag/e28068940000400386621d4f, 90
1652702816.321741, sdrt-health/mac:02010b41cdec/antenna/tag/e2806894000040038662114f, 88
1652702816.377042, sdrt-health/mac:02010b41cdec/antenna/tag/e2806894000040038662114f, 88
1652702816.3775, sdrt-health/mac:02010b41cdec/antenna/tag/e2806894000040038662114f, 91
1652702816.402591, sdrt-health/mac:02010b41cdec/antenna/tag/e2806894000040038662214f, 84
1652702816.441515, sdrt-health/mac:02010b41cdec/antenna/tag/e2806894000040038661f94f, 82
1652702816.480812, sdrt-health/mac:02010b41cdec/antenna/tag/e2806894000050038662154f, 85
1652702816.521397, sdrt-health/mac:02010b41cdec/antenna/tag/e2806894000040038662214f, 94
1652702816.561475, sdrt-health/mac:02010b41cdec/antenna/tag/e2806894000050038661fd4f, 83
1652702816.66288, sdrt-health/mac:02010b41cdec/antenna/tag/e28068940000400386621d4f, 96
1652702816.733184, sdrt-health/mac:02010b41cdec/antenna/tag/e2806894000050038661fd4f, 97
1652702816.764985, sdrt-health/mac:02010b41cdec/antenna/tag/e2806894000050038662154f, 85
1652702816.765303, sdrt-health/mac:02010b41cdec/antenna/tag/e28068940000400386621d4f, 96
1652702816.780562, sdrt-health/mac:02010b41cdec/antenna/tag/e2806894000050038661fd4f, 97
1652702816.822112, sdrt-health/mac:02010b41cdec/antenna/tag/e2806894000040038662214f, 81
1652702816.887608, sdrt-health/mac:02010b41cdec/antenna/tag/e28068940000400386621d4f, 77
1652702816.888106, sdrt-health/mac:02010b41cdec/antenna/tag/e2806894000050038661fd4f, 91
1652702816.903688, sdrt-health/mac:02010b41cdec/antenna/tag/e2806894000040038661f94f, 82
1652702816.93468, sdrt-health/mac:02010b41cdec/antenna/tag/e28068940000500386620d4f, 83
1652702816.935048, sdrt-health/mac:02010b41cdec/antenna/tag/e2806894000050038662154f, 93
1652702816.961993, sdrt-health/mac:02010b41cdec/antenna/tag/e2806894000050038661fd4f, 97
1652702817.001494, sdrt-health/mac:02010b41cdec/antenna/tag/e2806894000040038662114f, 93
1652702817.055994, sdrt-health/mac:02010b41cdec/antenna/tag/e2806894000050038662154f, 88
1652702817.056396, sdrt-health/mac:02010b41cdec/antenna/tag/e2806894000050038662154f, 88
1652702817.081295, sdrt-health/mac:02010b41cdec/antenna/tag/e2806894000050038662154f, 85
1652702817.121096, sdrt-health/mac:02010b41cdec/antenna/tag/e28068940000400386621d4f, 96
1652702817.178159, sdrt-health/mac:02010b41cdec/antenna/tag/e2806894000050038662154f, 91
1652702817.178652, sdrt-health/mac:02010b41cdec/antenna/tag/e2806894000050038661fd4f, 83
1652702817.200795, sdrt-health/mac:02010b41cdec/antenna/tag/e2806894000050038661fd4f, 83
1652702817.256598, sdrt-health/mac:02010b41cdec/antenna/tag/e28068940000500386620d4f, 83
1652702817.257166, sdrt-health/mac:02010b41cdec/antenna/tag/e2806894000050038662154f, 88
1652702817.281645, sdrt-health/mac:02010b41cdec/antenna/tag/e2806894000050038661fd4f, 83
1652702817.32087, sdrt-health/mac:02010b41cdec/antenna/tag/e2806894000050038661fd4f, 91
1652702817.361511, sdrt-health/mac:02010b41cdec/antenna/tag/e28068940000500386620d4f, 90
1652702817.36259, sdrt-health/mac:02010b41cdec/antenna/tag/e28068940000500386620d4f, 83
1652702817.377121, sdrt-health/mac:02010b41cdec/antenna/tag/e28068940000400386621d4f, 77
1652702817.401123, sdrt-health/mac:02010b41cdec/antenna/tag/e2806894000050038662154f, 93
1652702817.466186, sdrt-health/mac:02010b41cdec/antenna/tag/e2806894000040038662114f, 85
1652702817.466761, sdrt-health/mac:02010b41cdec/antenna/tag/e28068940000500386620d4f, 83
1652702817.495562, sdrt-health/mac:02010b41cdec/antenna/tag/e2806894000050038662154f, 85
1652702817.532326, sdrt-health/mac:02010b41cdec/antenna/tag/e28068940000500386620d4f, 83
1652702817.591279, sdrt-health/mac:02010b41cdec/antenna/tag/e28068940000400386621d4f, 96
1652702817.631591, sdrt-health/mac:02010b41cdec/antenna/tag/e28068940000500386620d4f, 83
1652702817.709267, sdrt-health/mac:02010b41cdec/antenna/tag/e2806894000050038661fd4f, 83
1652702817.709763, sdrt-health/mac:02010b41cdec/antenna/tag/e2806894000040038662114f, 88
1652702817.726138, sdrt-health/mac:02010b41cdec/antenna/tag/e2806894000050038662154f, 85
1652702817.738545, sdrt-health/mac:02010b41cdec/antenna/tag/e2806894000050038662154f, 85
1652702817.792295, sdrt-health/mac:02010b41cdec/antenna/tag/e2806894000040038662114f, 93
1652702817.864346, sdrt-health/mac:02010b41cdec/antenna/tag/e28068940000500386620d4f, 83
1652702817.864809, sdrt-health/mac:02010b41cdec/antenna/tag/e2806894000050038661fd4f, 91
1652702817.895292, sdrt-health/mac:02010b41cdec/antenna/tag/e2806894000050038661fd4f, 88
1652702817.947842, sdrt-health/mac:02010b41cdec/antenna/tag/e2806894000050038662154f, 93
1652702817.948304, sdrt-health/mac:02010b41cdec/antenna/tag/e28068940000400386621d4f, 77
1652702817.963662, sdrt-health/mac:02010b41cdec/antenna/tag/e2806894000050038662154f, 93
1652702817.974551, sdrt-health/mac:02010b41cdec/antenna/tag/e2806894000050038662154f, 88
1652702818.021812, sdrt-health/mac:02010b41cdec/antenna/tag/e2806894000050038662154f, 85
1652702818.089322, sdrt-health/mac:02010b41cdec/antenna/tag/e2806894000040038662114f, 83
1652702818.089853, sdrt-health/mac:02010b41cdec/antenna/tag/e2806894000050038661fd4f, 91
1652702818.105351, sdrt-health/mac:02010b41cdec/antenna/tag/e28068940000500386620d4f, 80
1652702818.11052, sdrt-health/mac:02010b41cdec/antenna/tag/e2806894000050038661fd4f, 97
1652702818.122073, sdrt-health/mac:02010b41cdec/antenna/tag/e28068940000500386620d4f, 83
1652702818.162911, sdrt-health/mac:02010b41cdec/antenna/tag/e2806894000050038661fd4f, 97
1652702818.216657, sdrt-health/mac:02010b41cdec/antenna/tag/e28068940000500386620d4f, 83
1652702818.217179, sdrt-health/mac:02010b41cdec/antenna/tag/e2806894000050038662154f, 88
1652702818.249609, sdrt-health/mac:02010b41cdec/antenna/tag/e2806894000050038662194f, 83
1652702818.29505, sdrt-health/mac:02010b41cdec/antenna/tag/e2806894000050038661fd4f, 83
1652702818.342477, sdrt-health/mac:02010b41cdec/antenna/tag/e28068940000400386621d4f, 96
1652702818.375702, sdrt-health/mac:02010b41cdec/antenna/tag/e2806894000050038662154f, 88
1652702818.376137, sdrt-health/mac:02010b41cdec/antenna/tag/e28068940000500386620d4f, 83
1652702818.391123, sdrt-health/mac:02010b41cdec/antenna/tag/e28068940000500386620d4f, 83
1652702818.448149, sdrt-health/mac:02010b41cdec/antenna/tag/e2806894000050038662154f, 87
1652702818.448655, sdrt-health/mac:02010b41cdec/antenna/tag/e2806894000040038662114f, 85
1652702818.463977, sdrt-health/mac:02010b41cdec/antenna/tag/e2806894000050038661fd4f, 91
1652702818.522912, sdrt-health/mac:02010b41cdec/antenna/tag/e2806894000050038661fd4f, 83
1652702818.561694, sdrt-health/mac:02010b41cdec/antenna/tag/e28068940000400386621d4f, 96
1652702818.601092, sdrt-health/mac:02010b41cdec/antenna/tag/e2806894000050038662154f, 88
1652702818.642088, sdrt-health/mac:02010b41cdec/antenna/tag/e2806894000050038662154f, 93
1652702818.680715, sdrt-health/mac:02010b41cdec/antenna/tag/e2806894000050038662154f, 85
1652702818.737346, sdrt-health/mac:02010b41cdec/antenna/tag/e28068940000500386620d4f, 83
1652702818.737774, sdrt-health/mac:02010b41cdec/antenna/tag/e2806894000050038662154f, 85
1652702818.754475, sdrt-health/mac:02010b41cdec/antenna/tag/e28068940000500386620d4f, 83
1652702818.760727, sdrt-health/mac:02010b41cdec/antenna/tag/e28068940000500386620d4f, 83
1652702818.773818, sdrt-health/mac:02010b41cdec/antenna/tag/e2806894000050038662154f, 85
1652702818.801864, sdrt-health/mac:02010b41cdec/antenna/tag/e28068940000500386620d4f, 90
1652702818.846369, sdrt-health/mac:02010b41cdec/antenna/tag/e28068940000400386621d4f, 77
1652702818.90179, sdrt-health/mac:02010b41cdec/antenna/tag/e28068940000500386620d4f, 90
1652702818.902233, sdrt-health/mac:02010b41cdec/antenna/tag/e28068940000500386620d4f, 90
1652702818.921068, sdrt-health/mac:02010b41cdec/antenna/tag/e2806894000050038661fd4f, 91
1652702818.976944, sdrt-health/mac:02010b41cdec/antenna/tag/e2806894000040038662114f, 85
1652702818.977477, sdrt-health/mac:02010b41cdec/antenna/tag/e2806894000050038662154f, 85
1652702818.992762, sdrt-health/mac:02010b41cdec/antenna/tag/e2806894000050038661fd4f, 97
1652702819.000446, sdrt-health/mac:02010b41cdec/antenna/tag/e2806894000040038662214f, 81
1652702819.050584, sdrt-health/mac:02010b41cdec/antenna/tag/e2806894000040038661f94f, 81
1652702819.111114, sdrt-health/mac:02010b41cdec/antenna/tag/e2806894000040038662114f, 93
1652702819.111612, sdrt-health/mac:02010b41cdec/antenna/tag/e2806894000040038661f94f, 81
1652702819.126672, sdrt-health/mac:02010b41cdec/antenna/tag/e2806894000040038662114f, 93
1652702819.127106, sdrt-health/mac:02010b41cdec/antenna/tag/e2806894000050038661fd4f, 88
1652702819.127348, sdrt-health/mac:02010b41cdec/antenna/tag/e28068940000500386620d4f, 90
1652702819.145263, sdrt-health/mac:02010b41cdec/antenna/tag/e28068940000400386621d4f, 77
1652702819.190984, sdrt-health/mac:02010b41cdec/antenna/tag/e2806894000050038662154f, 93
1652702819.227616, sdrt-health/mac:02010b41cdec/antenna/tag/e2806894000050038662154f, 85
1652702819.227914, sdrt-health/mac:02010b41cdec/antenna/tag/e28068940000400386621d4f, 77
1652702819.22814, sdrt-health/mac:02010b41cdec/antenna/tag/e2806894000050038662154f, 93
1652702819.243131, sdrt-health/mac:02010b41cdec/antenna/tag/e2806894000050038662154f, 93
1652702819.280918, sdrt-health/mac:02010b41cdec/antenna/tag/e2806894000050038662154f, 85
1652702819.369444, sdrt-health/mac:02010b41cdec/antenna/tag/e2806894000050038662154f, 87
1652702819.369947, sdrt-health/mac:02010b41cdec/antenna/tag/e2806894000040038662114f, 93
1652702819.414271, sdrt-health/mac:02010b41cdec/antenna/tag/e28068940000500386620d4f, 83
1652702819.451358, sdrt-health/mac:02010b41cdec/antenna/tag/e28068940000400386621d4f, 96
1652702819.511721, sdrt-health/mac:02010b41cdec/antenna/tag/e2806894000050038662154f, 85
1652702819.512185, sdrt-health/mac:02010b41cdec/antenna/tag/e2806894000050038662154f, 85
1652702819.541454, sdrt-health/mac:02010b41cdec/antenna/tag/e2806894000050038661fd4f, 91
1652702819.59091, sdrt-health/mac:02010b41cdec/antenna/tag/e2806894000040038662114f, 85
1652702819.639167, sdrt-health/mac:02010b41cdec/antenna/tag/e28068940000400386621d4f, 77
1652702819.676799, sdrt-health/mac:02010b41cdec/antenna/tag/e28068940000400386621d4f, 77
1652702819.677272, sdrt-health/mac:02010b41cdec/antenna/tag/e28068940000500386620d4f, 83
1652702819.692813, sdrt-health/mac:02010b41cdec/antenna/tag/e28068940000500386620d4f, 90
1652702819.693059, sdrt-health/mac:02010b41cdec/antenna/tag/e28068940000400386621d4f, 96
1652702819.739077, sdrt-health/mac:02010b41cdec/antenna/tag/e28068940000500386620d4f, 83
1652702819.796486, sdrt-health/mac:02010b41cdec/antenna/tag/e2806894000050038662154f, 85
1652702819.79697, sdrt-health/mac:02010b41cdec/antenna/tag/e28068940000400386621d4f, 96
1652702819.824514, sdrt-health/mac:02010b41cdec/antenna/tag/e28068940000400386621d4f, 96
1652702819.88192, sdrt-health/mac:02010b41cdec/antenna/tag/e2806894000050038662154f, 88
1652702819.882443, sdrt-health/mac:02010b41cdec/antenna/tag/e2806894000050038661fd4f, 83
1652702819.897855, sdrt-health/mac:02010b41cdec/antenna/tag/e2806894000050038662154f, 88
1652702819.933828, sdrt-health/mac:02010b41cdec/antenna/tag/e2806894000040038662114f, 88
1652702819.934317, sdrt-health/mac:02010b41cdec/antenna/tag/e28068940000400386621d4f, 96
1652702819.961825, sdrt-health/mac:02010b41cdec/antenna/tag/e2806894000040038662114f, 93
1652702820.016688, sdrt-health/mac:02010b41cdec/antenna/tag/e28068940000400386621d4f, 77
1652702820.017052, sdrt-health/mac:02010b41cdec/antenna/tag/e28068940000500386620d4f, 90
1652702820.033157, sdrt-health/mac:02010b41cdec/antenna/tag/e2806894000050038661fd4f, 91
1652702820.03392, sdrt-health/mac:02010b41cdec/antenna/tag/e28068940000400386621d4f, 77
1652702820.072897, sdrt-health/mac:02010b41cdec/antenna/tag/e2806894000050038662154f, 88
1652702820.111245, sdrt-health/mac:02010b41cdec/antenna/tag/e2806894000050038662154f, 88
1652702820.163763, sdrt-health/mac:02010b41cdec/antenna/tag/e28068940000400386621d4f, 96
1652702820.248045, sdrt-health/mac:02010b41cdec/antenna/tag/e28068940000500386620d4f, 83
1652702820.248566, sdrt-health/mac:02010b41cdec/antenna/tag/e28068940000500386620d4f, 83
1652702820.295135, sdrt-health/mac:02010b41cdec/antenna/tag/e28068940000400386621d4f, 96
1652702820.341352, sdrt-health/mac:02010b41cdec/antenna/tag/e28068940000400386621d4f, 96
1652702820.415705, sdrt-health/mac:02010b41cdec/antenna/tag/e28068940000500386620d4f, 90
1652702820.416253, sdrt-health/mac:02010b41cdec/antenna/tag/e2806894000050038661fd4f, 91
1652702820.431603, sdrt-health/mac:02010b41cdec/antenna/tag/e28068940000500386620d4f, 83
1652702820.441115, sdrt-health/mac:02010b41cdec/antenna/tag/e28068940000500386620d4f, 83
1652702820.480894, sdrt-health/mac:02010b41cdec/antenna/tag/e2806894000050038662154f, 85
1652702820.537148, sdrt-health/mac:02010b41cdec/antenna/tag/e2806894000050038661fd4f, 91
1652702820.53765, sdrt-health/mac:02010b41cdec/antenna/tag/e2806894000040038662114f, 85
1652702820.561689, sdrt-health/mac:02010b41cdec/antenna/tag/e2806894000050038662154f, 93
1652702820.600959, sdrt-health/mac:02010b41cdec/antenna/tag/e2806894000050038661fd4f, 91
1652702820.64071, sdrt-health/mac:02010b41cdec/antenna/tag/e2806894000050038661fd4f, 91
1652702820.700569, sdrt-health/mac:02010b41cdec/antenna/tag/e2806894000050038662154f, 85
1652702820.701082, sdrt-health/mac:02010b41cdec/antenna/tag/e28068940000400386621d4f, 77
1652702820.723171, sdrt-health/mac:02010b41cdec/antenna/tag/e28068940000400386621d4f, 96
1652702820.778772, sdrt-health/mac:02010b41cdec/antenna/tag/e28068940000500386620d4f, 83
1652702820.779224, sdrt-health/mac:02010b41cdec/antenna/tag/e28068940000400386621d4f, 77
1652702820.795505, sdrt-health/mac:02010b41cdec/antenna/tag/e28068940000500386620d4f, 80
1652702820.815006, sdrt-health/mac:02010b41cdec/antenna/tag/e2806894000040038662114f, 93
1652702820.871314, sdrt-health/mac:02010b41cdec/antenna/tag/e28068940000400386621d4f, 96
1652702820.871846, sdrt-health/mac:02010b41cdec/antenna/tag/e28068940000400386621d4f, 96
1652702820.885954, sdrt-health/mac:02010b41cdec/antenna/tag/e28068940000400386621d4f, 96
1652702820.900435, sdrt-health/mac:02010b41cdec/antenna/tag/e2806894000050038661fd4f, 97
1652702820.951195, sdrt-health/mac:02010b41cdec/antenna/tag/e2806894000050038661fd4f, 88
1652702820.999901, sdrt-health/mac:02010b41cdec/antenna/tag/e2806894000040038662114f, 85
1652702821.057954, sdrt-health/mac:02010b41cdec/antenna/tag/e2806894000050038661fd4f, 97
1652702821.058435, sdrt-health/mac:02010b41cdec/antenna/tag/e2806894000050038661fd4f, 83
1652702821.073533, sdrt-health/mac:02010b41cdec/antenna/tag/e28068940000400386621d4f, 96
1652702821.105505, sdrt-health/mac:02010b41cdec/antenna/tag/e2806894000050038662154f, 88
1652702821.105755, sdrt-health/mac:02010b41cdec/antenna/tag/e2806894000050038662154f, 85
1652702821.129432, sdrt-health/mac:02010b41cdec/antenna/tag/e28068940000500386620d4f, 90
1652702821.175642, sdrt-health/mac:02010b41cdec/antenna/tag/e2806894000050038661fd4f, 83
1652702821.237433, sdrt-health/mac:02010b41cdec/antenna/tag/e2806894000040038662114f, 85
1652702821.237891, sdrt-health/mac:02010b41cdec/antenna/tag/e28068940000400386621d4f, 96
1652702821.28185, sdrt-health/mac:02010b41cdec/antenna/tag/e2806894000040038662114f, 88
1652702821.31538, sdrt-health/mac:02010b41cdec/antenna/tag/e2806894000040038662114f, 85
1652702821.31586, sdrt-health/mac:02010b41cdec/antenna/tag/e28068940000500386620d4f, 83
1652702821.331087, sdrt-health/mac:02010b41cdec/antenna/tag/e28068940000400386621d4f, 96
1652702821.362494, sdrt-health/mac:02010b41cdec/antenna/tag/e28068940000400386621d4f, 96
1652702821.431595, sdrt-health/mac:02010b41cdec/antenna/tag/e28068940000400386621d4f, 96
1652702821.432094, sdrt-health/mac:02010b41cdec/antenna/tag/e2806894000050038661fd4f, 91
1652702821.468494, sdrt-health/mac:02010b41cdec/antenna/tag/e2806894000050038661fd4f, 88
1652702821.512304, sdrt-health/mac:02010b41cdec/antenna/tag/e2806894000050038661fd4f, 91
1652702821.568123, sdrt-health/mac:02010b41cdec/antenna/tag/e2806894000040038662114f, 85
1652702821.568531, sdrt-health/mac:02010b41cdec/antenna/tag/e28068940000500386620d4f, 83
1652702821.600486, sdrt-health/mac:02010b41cdec/antenna/tag/e2806894000050038662154f, 93
1652702821.641525, sdrt-health/mac:02010b41cdec/antenna/tag/e2806894000040038662114f, 83
1652702821.681027, sdrt-health/mac:02010b41cdec/antenna/tag/e28068940000400386621d4f, 96
1652702821.735783, sdrt-health/mac:02010b41cdec/antenna/tag/e2806894000050038661fd4f, 97
1652702821.771459, sdrt-health/mac:02010b41cdec/antenna/tag/e28068940000400386621d4f, 77
1652702821.803259, sdrt-health/mac:02010b41cdec/antenna/tag/e28068940000400386621d4f, 96
1652702821.803716, sdrt-health/mac:02010b41cdec/antenna/tag/e28068940000500386620d4f, 83
1652702821.818914, sdrt-health/mac:02010b41cdec/antenna/tag/e28068940000500386620d4f, 90
1652702821.86424, sdrt-health/mac:02010b41cdec/antenna/tag/e2806894000040038662114f, 91
1652702821.936698, sdrt-health/mac:02010b41cdec/antenna/tag/e28068940000500386620d4f, 83
1652702821.937253, sdrt-health/mac:02010b41cdec/antenna/tag/e28068940000500386620d4f, 83
1652702821.952493, sdrt-health/mac:02010b41cdec/antenna/tag/e2806894000050038662154f, 85
1652702821.953048, sdrt-health/mac:02010b41cdec/antenna/tag/e2806894000050038661fd4f, 91
1652702821.961367, sdrt-health/mac:02010b41cdec/antenna/tag/e2806894000040038662114f, 85
1652702821.969043, sdrt-health/mac:02010b41cdec/antenna/tag/e2806894000050038661fd4f, 91
1652702822.032509, sdrt-health/mac:02010b41cdec/antenna/tag/e2806894000040038662114f, 85
1652702822.066128, sdrt-health/mac:02010b41cdec/antenna/tag/e2806894000050038661fd4f, 83
1652702822.066631, sdrt-health/mac:02010b41cdec/antenna/tag/e28068940000500386620d4f, 83
1652702822.067066, sdrt-health/mac:02010b41cdec/antenna/tag/e28068940000400386621d4f, 96
1652702822.091032, sdrt-health/mac:02010b41cdec/antenna/tag/e2806894000050038662154f, 85
1652702822.100135, sdrt-health/mac:02010b41cdec/antenna/tag/e2806894000050038662154f, 88
1652702822.10069, sdrt-health/mac:02010b41cdec/antenna/tag/e2806894000050038662154f, 85
1652702822.151325, sdrt-health/mac:02010b41cdec/antenna/tag/e28068940000500386620d4f, 83
1652702822.191352, sdrt-health/mac:02010b41cdec/antenna/tag/e28068940000400386621d4f, 96
1652702822.241268, sdrt-health/mac:02010b41cdec/antenna/tag/e28068940000500386620d4f, 83
1652702822.296712, sdrt-health/mac:02010b41cdec/antenna/tag/e28068940000400386621d4f, 77
1652702822.297242, sdrt-health/mac:02010b41cdec/antenna/tag/e2806894000050038661fd4f, 91
1652702822.321307, sdrt-health/mac:02010b41cdec/antenna/tag/e2806894000040038662114f, 85
1652702822.377045, sdrt-health/mac:02010b41cdec/antenna/tag/e28068940000400386621d4f, 77
1652702822.377416, sdrt-health/mac:02010b41cdec/antenna/tag/e2806894000040038662114f, 85
1652702822.392351, sdrt-health/mac:02010b41cdec/antenna/tag/e2806894000050038662154f, 85
1652702822.401079, sdrt-health/mac:02010b41cdec/antenna/tag/e2806894000040038662214f, 88
1652702822.455346, sdrt-health/mac:02010b41cdec/antenna/tag/e2806894000040038661f94f, 81
1652702822.521052, sdrt-health/mac:02010b41cdec/antenna/tag/e2806894000040038662114f, 85
1652702822.581542, sdrt-health/mac:02010b41cdec/antenna/tag/e28068940000500386620d4f, 83
1652702822.648426, sdrt-health/mac:02010b41cdec/antenna/tag/e28068940000500386620d4f, 83
1652702822.648883, sdrt-health/mac:02010b41cdec/antenna/tag/e28068940000400386621d4f, 96
1652702822.665399, sdrt-health/mac:02010b41cdec/antenna/tag/e2806894000050038661fd4f, 97
1652702822.697043, sdrt-health/mac:02010b41cdec/antenna/tag/e28068940000400386621d4f, 96
1652702822.727142, sdrt-health/mac:02010b41cdec/antenna/tag/e2806894000050038661fd4f, 83
1652702822.727495, sdrt-health/mac:02010b41cdec/antenna/tag/e2806894000040038662114f, 88
1652702822.741184, sdrt-health/mac:02010b41cdec/antenna/tag/e2806894000050038662154f, 85
1652702822.74149, sdrt-health/mac:02010b41cdec/antenna/tag/e28068940000400386621d4f, 96
1652702822.790779, sdrt-health/mac:02010b41cdec/antenna/tag/e28068940000400386621d4f, 96
1652702822.831725, sdrt-health/mac:02010b41cdec/antenna/tag/e28068940000500386620d4f, 83
1652702822.880934, sdrt-health/mac:02010b41cdec/antenna/tag/e28068940000500386620d4f, 83
1652702822.936817, sdrt-health/mac:02010b41cdec/antenna/tag/e2806894000040038662114f, 88
1652702822.937332, sdrt-health/mac:02010b41cdec/antenna/tag/e2806894000040038662114f, 85
1652702822.952938, sdrt-health/mac:02010b41cdec/antenna/tag/e2806894000040038661f94f, 84
1652702822.959105, sdrt-health/mac:02010b41cdec/antenna/tag/e28068940000500386620d4f, 83
1652702822.968226, sdrt-health/mac:02010b41cdec/antenna/tag/e2806894000040038661f94f, 82
1652702823.001072, sdrt-health/mac:02010b41cdec/antenna/tag/e2806894000040038661f94f, 82
1652702823.057404, sdrt-health/mac:02010b41cdec/antenna/tag/e2806894000040038662114f, 87
1652702823.057862, sdrt-health/mac:02010b41cdec/antenna/tag/e2806894000050038661fd4f, 97
1652702823.08039, sdrt-health/mac:02010b41cdec/antenna/tag/e2806894000050038662154f, 85
1652702823.111303, sdrt-health/mac:02010b41cdec/antenna/tag/e2806894000050038662154f, 85
1652702823.111594, sdrt-health/mac:02010b41cdec/antenna/tag/e2806894000050038661fd4f, 83
1652702823.129157, sdrt-health/mac:02010b41cdec/antenna/tag/e28068940000400386621d4f, 96
1652702823.190101, sdrt-health/mac:02010b41cdec/antenna/tag/e2806894000040038662114f, 93
1652702823.19036, sdrt-health/mac:02010b41cdec/antenna/tag/e28068940000400386621d4f, 96
1652702823.204791, sdrt-health/mac:02010b41cdec/antenna/tag/e28068940000400386621d4f, 77
1652702823.219916, sdrt-health/mac:02010b41cdec/antenna/tag/e28068940000500386620d4f, 83
1652702823.287759, sdrt-health/mac:02010b41cdec/antenna/tag/e2806894000040038662114f, 85
1652702823.288225, sdrt-health/mac:02010b41cdec/antenna/tag/e2806894000050038662154f, 85
1652702823.302922, sdrt-health/mac:02010b41cdec/antenna/tag/e28068940000500386620d4f, 83
1652702823.310954, sdrt-health/mac:02010b41cdec/antenna/tag/e28068940000500386620d4f, 83
1652702823.317455, sdrt-health/mac:02010b41cdec/antenna/tag/e2806894000050038662154f, 93
1652702823.370075, sdrt-health/mac:02010b41cdec/antenna/tag/e2806894000050038662154f, 85
1652702823.444192, sdrt-health/mac:02010b41cdec/antenna/tag/e28068940000400386621d4f, 77
1652702823.444704, sdrt-health/mac:02010b41cdec/antenna/tag/e2806894000050038661fd4f, 91
1652702823.445043, sdrt-health/mac:02010b41cdec/antenna/tag/e28068940000400386621d4f, 77
1652702823.49546, sdrt-health/mac:02010b41cdec/antenna/tag/e2806894000050038661fd4f, 97
1652702823.527391, sdrt-health/mac:02010b41cdec/antenna/tag/e28068940000400386621d4f, 77
1652702823.527715, sdrt-health/mac:02010b41cdec/antenna/tag/e28068940000500386620d4f, 80
1652702823.542624, sdrt-health/mac:02010b41cdec/antenna/tag/e28068940000500386620d4f, 83
1652702823.59294, sdrt-health/mac:02010b41cdec/antenna/tag/e28068940000500386620d4f, 80
1652702823.646693, sdrt-health/mac:02010b41cdec/antenna/tag/e28068940000500386620d4f, 83
1652702823.647156, sdrt-health/mac:02010b41cdec/antenna/tag/e2806894000050038662154f, 85
1652702823.68015, sdrt-health/mac:02010b41cdec/antenna/tag/e2806894000040038662054f, 88
1652702823.719805, sdrt-health/mac:02010b41cdec/antenna/tag/e28068940000500386620d4f, 83
1652702823.760602, sdrt-health/mac:02010b41cdec/antenna/tag/e28068940000400386621d4f, 96
1652702823.815968, sdrt-health/mac:02010b41cdec/antenna/tag/e2806894000050038661fd4f, 83
1652702823.816475, sdrt-health/mac:02010b41cdec/antenna/tag/e2806894000050038662154f, 88
1652702823.840028, sdrt-health/mac:02010b41cdec/antenna/tag/e28068940000500386620d4f, 83
1652702823.880604, sdrt-health/mac:02010b41cdec/antenna/tag/e2806894000040038662114f, 85
1652702823.929346, sdrt-health/mac:02010b41cdec/antenna/tag/e2806894000050038661fd4f, 91
1652702823.998105, sdrt-health/mac:02010b41cdec/antenna/tag/e2806894000050038662154f, 85
1652702823.9986, sdrt-health/mac:02010b41cdec/antenna/tag/e2806894000050038661fd4f, 83
1652702824.014075, sdrt-health/mac:02010b41cdec/antenna/tag/e2806894000050038662154f, 88
1652702824.047762, sdrt-health/mac:02010b41cdec/antenna/tag/e28068940000400386621d4f, 96
1652702824.048071, sdrt-health/mac:02010b41cdec/antenna/tag/e2806894000050038661fd4f, 97
1652702824.06319, sdrt-health/mac:02010b41cdec/antenna/tag/e2806894000050038662154f, 88
1652702824.063497, sdrt-health/mac:02010b41cdec/antenna/tag/e2806894000050038661fd4f, 83
1652702824.088329, sdrt-health/mac:02010b41cdec/antenna/tag/e2806894000040038662114f, 85
1652702824.149335, sdrt-health/mac:02010b41cdec/antenna/tag/e2806894000050038661fd4f, 83
1652702824.149901, sdrt-health/mac:02010b41cdec/antenna/tag/e2806894000040038662114f, 85
1652702824.164425, sdrt-health/mac:02010b41cdec/antenna/tag/e28068940000400386621d4f, 96
1652702824.180625, sdrt-health/mac:02010b41cdec/antenna/tag/e28068940000500386620d4f, 83
1652702824.231391, sdrt-health/mac:02010b41cdec/antenna/tag/e28068940000400386621d4f, 77
1652702824.284812, sdrt-health/mac:02010b41cdec/antenna/tag/e28068940000500386620d4f, 83
1652702824.285317, sdrt-health/mac:02010b41cdec/antenna/tag/e2806894000050038661fd4f, 97
1652702824.299464, sdrt-health/mac:02010b41cdec/antenna/tag/e28068940000500386620d4f, 83
1652702824.320817, sdrt-health/mac:02010b41cdec/antenna/tag/e2806894000050038662154f, 93
1652702824.376476, sdrt-health/mac:02010b41cdec/antenna/tag/e2806894000040038662114f, 87
1652702824.376979, sdrt-health/mac:02010b41cdec/antenna/tag/e2806894000040038662114f, 93
1652702824.409892, sdrt-health/mac:02010b41cdec/antenna/tag/e28068940000400386621d4f, 77
1652702824.441053, sdrt-health/mac:02010b41cdec/antenna/tag/e2806894000040038662114f, 93
1652702824.441376, sdrt-health/mac:02010b41cdec/antenna/tag/e28068940000500386620d4f, 90
1652702824.456694, sdrt-health/mac:02010b41cdec/antenna/tag/e28068940000400386621d4f, 77
1652702824.500861, sdrt-health/mac:02010b41cdec/antenna/tag/e28068940000400386621d4f, 77
1652702824.566836, sdrt-health/mac:02010b41cdec/antenna/tag/e2806894000050038661fd4f, 91
1652702824.567381, sdrt-health/mac:02010b41cdec/antenna/tag/e2806894000050038662154f, 88
1652702824.581711, sdrt-health/mac:02010b41cdec/antenna/tag/e2806894000050038661fd4f, 91
1652702824.600673, sdrt-health/mac:02010b41cdec/antenna/tag/e2806894000050038662154f, 85
1652702824.601112, sdrt-health/mac:02010b41cdec/antenna/tag/e2806894000040038662114f, 87
1652702824.640106, sdrt-health/mac:02010b41cdec/antenna/tag/e28068940000500386620d4f, 83
1652702824.680874, sdrt-health/mac:02010b41cdec/antenna/tag/e28068940000500386620d4f, 83
1652702824.711333, sdrt-health/mac:02010b41cdec/antenna/tag/e28068940000400386621d4f, 77
1652702824.711548, sdrt-health/mac:02010b41cdec/antenna/tag/e28068940000500386620d4f, 83
1652702824.726259, sdrt-health/mac:02010b41cdec/antenna/tag/e2806894000050038661fd4f, 83
1652702824.761491, sdrt-health/mac:02010b41cdec/antenna/tag/e28068940000500386620d4f, 90
1652702824.800743, sdrt-health/mac:02010b41cdec/antenna/tag/e28068940000400386621d4f, 96
1652702824.801132, sdrt-health/mac:02010b41cdec/antenna/tag/e28068940000500386620d4f, 80
1652702824.841098, sdrt-health/mac:02010b41cdec/antenna/tag/e2806894000050038662154f, 85
1652702824.881491, sdrt-health/mac:02010b41cdec/antenna/tag/e2806894000050038662194f, 88
1652702824.937603, sdrt-health/mac:02010b41cdec/antenna/tag/e2806894000050038662154f, 85
1652702824.938111, sdrt-health/mac:02010b41cdec/antenna/tag/e28068940000500386620d4f, 80
1652702824.938457, sdrt-health/mac:02010b41cdec/antenna/tag/e2806894000050038662154f, 93
1652702824.998044, sdrt-health/mac:02010b41cdec/antenna/tag/e2806894000050038662154f, 85
1652702825.050794, sdrt-health/mac:02010b41cdec/antenna/tag/e2806894000040038662114f, 88
1652702825.095662, sdrt-health/mac:02010b41cdec/antenna/tag/e28068940000400386621d4f, 77
1652702825.140544, sdrt-health/mac:02010b41cdec/antenna/tag/e28068940000400386621d4f, 96
1652702825.190957, sdrt-health/mac:02010b41cdec/antenna/tag/e2806894000050038661fd4f, 91
1652702825.256311, sdrt-health/mac:02010b41cdec/antenna/tag/e2806894000050038661fd4f, 91
1652702825.256538, sdrt-health/mac:02010b41cdec/antenna/tag/e2806894000040038662114f, 85
1652702825.271445, sdrt-health/mac:02010b41cdec/antenna/tag/e28068940000500386620d4f, 83
1652702825.303167, sdrt-health/mac:02010b41cdec/antenna/tag/e28068940000400386621d4f, 96
1652702825.303409, sdrt-health/mac:02010b41cdec/antenna/tag/e28068940000500386620d4f, 83
1652702825.30354, sdrt-health/mac:02010b41cdec/antenna/tag/e28068940000400386621d4f, 96
1652702825.303662, sdrt-health/mac:02010b41cdec/antenna/tag/e28068940000400386621d4f, 96
1652702825.303801, sdrt-health/mac:02010b41cdec/antenna/tag/e2806894000040038662114f, 85
1652702825.321348, sdrt-health/mac:02010b41cdec/antenna/tag/e2806894000050038662154f, 85
1652702825.386323, sdrt-health/mac:02010b41cdec/antenna/tag/e2806894000040038662114f, 85
1652702825.386638, sdrt-health/mac:02010b41cdec/antenna/tag/e28068940000500386620d4f, 83
1652702825.415572, sdrt-health/mac:02010b41cdec/antenna/tag/e2806894000050038662154f, 85
1652702825.47892, sdrt-health/mac:02010b41cdec/antenna/tag/e2806894000040038662114f, 81
1652702825.479451, sdrt-health/mac:02010b41cdec/antenna/tag/e28068940000400386621d4f, 96
1652702825.495338, sdrt-health/mac:02010b41cdec/antenna/tag/e2806894000050038661fd4f, 91
1652702825.495865, sdrt-health/mac:02010b41cdec/antenna/tag/e2806894000040038662114f, 85
1652702825.513439, sdrt-health/mac:02010b41cdec/antenna/tag/e2806894000040038662214f, 94
1652702825.55068, sdrt-health/mac:02010b41cdec/antenna/tag/e28068940000400386621d4f, 77
1652702825.601186, sdrt-health/mac:02010b41cdec/antenna/tag/e2806894000050038662154f, 85
1652702825.632212, sdrt-health/mac:02010b41cdec/antenna/tag/e2806894000040038661f94f, 84
1652702825.632492, sdrt-health/mac:02010b41cdec/antenna/tag/e28068940000500386620d4f, 83
1652702825.648506, sdrt-health/mac:02010b41cdec/antenna/tag/e28068940000500386620d4f, 90
1652702825.680214, sdrt-health/mac:02010b41cdec/antenna/tag/e2806894000050038662154f, 85
1652702825.720624, sdrt-health/mac:02010b41cdec/antenna/tag/e2806894000040038662114f, 85
1652702825.777986, sdrt-health/mac:02010b41cdec/antenna/tag/e28068940000500386620d4f, 83
1652702825.778448, sdrt-health/mac:02010b41cdec/antenna/tag/e28068940000400386621d4f, 77
1652702825.802024, sdrt-health/mac:02010b41cdec/antenna/tag/e28068940000500386620d4f, 83
1652702825.858201, sdrt-health/mac:02010b41cdec/antenna/tag/e28068940000400386621d4f, 77
1652702825.858687, sdrt-health/mac:02010b41cdec/antenna/tag/e2806894000050038662154f, 85
1652702825.874266, sdrt-health/mac:02010b41cdec/antenna/tag/e2806894000050038662154f, 85
1652702825.880343, sdrt-health/mac:02010b41cdec/antenna/tag/e28068940000400386621d4f, 77
1652702825.913642, sdrt-health/mac:02010b41cdec/antenna/tag/e28068940000400386621d4f, 77
1652702825.961156, sdrt-health/mac:02010b41cdec/antenna/tag/e28068940000400386621d4f, 96
1652702826.016403, sdrt-health/mac:02010b41cdec/antenna/tag/e28068940000500386620d4f, 83
1652702826.017175, sdrt-health/mac:02010b41cdec/antenna/tag/e28068940000500386620d4f, 90
1652702826.04239, sdrt-health/mac:02010b41cdec/antenna/tag/e28068940000500386620d4f, 83
1652702826.091829, sdrt-health/mac:02010b41cdec/antenna/tag/e2806894000050038661fd4f, 91
1652702826.123654, sdrt-health/mac:02010b41cdec/antenna/tag/e2806894000050038662154f, 93
1652702826.124025, sdrt-health/mac:02010b41cdec/antenna/tag/e28068940000500386620d4f, 83
1652702826.14054, sdrt-health/mac:02010b41cdec/antenna/tag/e2806894000050038661fd4f, 97
1652702826.140788, sdrt-health/mac:02010b41cdec/antenna/tag/e28068940000400386621d4f, 77
1652702826.1809, sdrt-health/mac:02010b41cdec/antenna/tag/e2806894000050038662154f, 88
1652702826.231546, sdrt-health/mac:02010b41cdec/antenna/tag/e2806894000050038661fd4f, 83
1652702826.310773, sdrt-health/mac:02010b41cdec/antenna/tag/e28068940000500386620d4f, 83
1652702826.376335, sdrt-health/mac:02010b41cdec/antenna/tag/e28068940000400386621d4f, 96
1652702826.420246, sdrt-health/mac:02010b41cdec/antenna/tag/e2806894000050038662194f, 84
1652702826.491666, sdrt-health/mac:02010b41cdec/antenna/tag/e28068940000500386620d4f, 90
1652702826.533835, sdrt-health/mac:02010b41cdec/antenna/tag/e2806894000050038661fd4f, 91
1652702826.570729, sdrt-health/mac:02010b41cdec/antenna/tag/e2806894000050038661fd4f, 97
1652702826.600196, sdrt-health/mac:02010b41cdec/antenna/tag/e28068940000500386620d4f, 83
1652702826.600677, sdrt-health/mac:02010b41cdec/antenna/tag/e2806894000050038661fd4f, 83
1652702826.614802, sdrt-health/mac:02010b41cdec/antenna/tag/e2806894000040038662114f, 85
1652702826.615035, sdrt-health/mac:02010b41cdec/antenna/tag/e2806894000050038661fd4f, 97
1652702826.681284, sdrt-health/mac:02010b41cdec/antenna/tag/e28068940000500386620d4f, 83
1652702826.721203, sdrt-health/mac:02010b41cdec/antenna/tag/e28068940000400386621d4f, 96
1652702826.751031, sdrt-health/mac:02010b41cdec/antenna/tag/e2806894000040038662114f, 88
1652702826.751538, sdrt-health/mac:02010b41cdec/antenna/tag/e2806894000050038662154f, 85
1652702826.922171, sdrt-health/mac:02010b41cdec/antenna/tag/scan, scan stopped
