1652705781.88743, sdrt-health/mac:02010b41cdec/antenna/power/set, {"power": 290}
1652705782.975449, sdrt-health/mac:02010b41cdec/antenna/power/set, 
1652705786.911107, sdrt-health/mac:02010b41cdec/antenna/tag/scan, {"time": 20000}
1652705787.285709, sdrt-health/mac:02010b41cdec/antenna/tag/e28068940000500386620d4f, 93
1652705787.334818, sdrt-health/mac:02010b41cdec/antenna/tag/e2806894000050038662154f, 83
1652705787.393706, sdrt-health/mac:02010b41cdec/antenna/tag/e2806894000040038662214f, 88
1652705787.394224, sdrt-health/mac:02010b41cdec/antenna/tag/e2806894000050038661fd4f, 86
1652705787.409093, sdrt-health/mac:02010b41cdec/antenna/tag/e28068940000500386620d4f, 87
1652705787.415499, sdrt-health/mac:02010b41cdec/antenna/tag/e2806894000050038661fd4f, 86
1652705787.425709, sdrt-health/mac:02010b41cdec/antenna/tag/e2806894000050038662194f, 81
1652705787.425905, sdrt-health/mac:02010b41cdec/antenna/tag/e2806894000040038662054f, 81
1652705787.471586, sdrt-health/mac:02010b41cdec/antenna/tag/e2806894000050038662154f, 85
1652705787.539798, sdrt-health/mac:02010b41cdec/antenna/tag/e28068940000500386620d4f, 85
1652705787.540276, sdrt-health/mac:02010b41cdec/antenna/tag/e2806894000040038662114f, 85
1652705787.555889, sdrt-health/mac:02010b41cdec/antenna/tag/e28068940000400386621d4f, 96
1652705787.578546, sdrt-health/mac:02010b41cdec/antenna/tag/e2806894000040038662114f, 85
1652705787.647109, sdrt-health/mac:02010b41cdec/antenna/tag/e2806894000050038661fd4f, 86
1652705787.647561, sdrt-health/mac:02010b41cdec/antenna/tag/e28068940000400386621d4f, 96
1652705787.663754, sdrt-health/mac:02010b41cdec/antenna/tag/e2806894000050038661fd4f, 86
1652705787.693639, sdrt-health/mac:02010b41cdec/antenna/tag/e2806894000050038662154f, 93
1652705787.69396, sdrt-health/mac:02010b41cdec/antenna/tag/e2806894000040038662114f, 85
1652705787.694193, sdrt-health/mac:02010b41cdec/antenna/tag/e28068940000500386620d4f, 93
1652705787.694402, sdrt-health/mac:02010b41cdec/antenna/tag/e2806894000040038662114f, 88
1652705787.756373, sdrt-health/mac:02010b41cdec/antenna/tag/e28068940000500386620d4f, 85
1652705787.822849, sdrt-health/mac:02010b41cdec/antenna/tag/e28068940000500386620d4f, 93
1652705787.915413, sdrt-health/mac:02010b41cdec/antenna/tag/e2806894000040038662114f, 88
1652705787.915859, sdrt-health/mac:02010b41cdec/antenna/tag/e2806894000040038662114f, 85
1652705787.95561, sdrt-health/mac:02010b41cdec/antenna/tag/e2806894000040038662114f, 85
1652705787.956213, sdrt-health/mac:02010b41cdec/antenna/tag/e2806894000050038661fd4f, 90
1652705787.956706, sdrt-health/mac:02010b41cdec/antenna/tag/e28068940000400386621d4f, 90
1652705787.957212, sdrt-health/mac:02010b41cdec/antenna/tag/e2806894000050038662154f, 93
1652705787.984831, sdrt-health/mac:02010b41cdec/antenna/tag/e2806894000040038662114f, 88
1652705788.033019, sdrt-health/mac:02010b41cdec/antenna/tag/e2806894000040038662114f, 85
1652705788.116087, sdrt-health/mac:02010b41cdec/antenna/tag/e28068940000400386621d4f, 90
1652705788.116439, sdrt-health/mac:02010b41cdec/antenna/tag/e28068940000400386621d4f, 96
1652705788.14156, sdrt-health/mac:02010b41cdec/antenna/tag/e28068940000500386620d4f, 93
1652705788.195004, sdrt-health/mac:02010b41cdec/antenna/tag/e28068940000500386620d4f, 85
1652705788.195494, sdrt-health/mac:02010b41cdec/antenna/tag/e28068940000400386621d4f, 96
1652705788.221681, sdrt-health/mac:02010b41cdec/antenna/tag/e2806894000050038661fd4f, 86
1652705788.22226, sdrt-health/mac:02010b41cdec/antenna/tag/e28068940000400386621d4f, 90
1652705788.222615, sdrt-health/mac:02010b41cdec/antenna/tag/e28068940000500386620d4f, 93
1652705788.272108, sdrt-health/mac:02010b41cdec/antenna/tag/e28068940000400386621d4f, 77
1652705788.317025, sdrt-health/mac:02010b41cdec/antenna/tag/e2806894000050038661fd4f, 86
1652705788.370249, sdrt-health/mac:02010b41cdec/antenna/tag/e28068940000400386621d4f, 96
1652705788.446521, sdrt-health/mac:02010b41cdec/antenna/tag/e2806894000050038662154f, 85
1652705788.446769, sdrt-health/mac:02010b41cdec/antenna/tag/e2806894000050038661fd4f, 90
1652705788.480464, sdrt-health/mac:02010b41cdec/antenna/tag/e28068940000400386621d4f, 90
1652705788.591304, sdrt-health/mac:02010b41cdec/antenna/tag/e28068940000500386620d4f, 85
1652705788.591809, sdrt-health/mac:02010b41cdec/antenna/tag/e28068940000500386620d4f, 87
1652705788.605518, sdrt-health/mac:02010b41cdec/antenna/tag/e2806894000050038661fd4f, 86
1652705788.653717, sdrt-health/mac:02010b41cdec/antenna/tag/e28068940000400386621d4f, 96
1652705788.705585, sdrt-health/mac:02010b41cdec/antenna/tag/e28068940000400386621d4f, 90
1652705788.735948, sdrt-health/mac:02010b41cdec/antenna/tag/e2806894000050038662194f, 87
1652705788.781595, sdrt-health/mac:02010b41cdec/antenna/tag/e2806894000040038662214f, 88
1652705788.815117, sdrt-health/mac:02010b41cdec/antenna/tag/e28068940000400386621d4f, 77
1652705788.873865, sdrt-health/mac:02010b41cdec/antenna/tag/e2806894000050038661fd4f, 83
1652705788.929225, sdrt-health/mac:02010b41cdec/antenna/tag/e2806894000040038662114f, 85
1652705788.977855, sdrt-health/mac:02010b41cdec/antenna/tag/e2806894000050038661fd4f, 90
1652705789.059105, sdrt-health/mac:02010b41cdec/antenna/tag/e28068940000500386620d4f, 85
1652705789.102537, sdrt-health/mac:02010b41cdec/antenna/tag/e2806894000050038661fd4f, 86
1652705789.167439, sdrt-health/mac:02010b41cdec/antenna/tag/e28068940000400386621d4f, 96
1652705789.167897, sdrt-health/mac:02010b41cdec/antenna/tag/e28068940000400386621d4f, 96
1652705789.168283, sdrt-health/mac:02010b41cdec/antenna/tag/e28068940000400386621d4f, 77
1652705789.21633, sdrt-health/mac:02010b41cdec/antenna/tag/e2806894000040038661f94f, 88
1652705789.264049, sdrt-health/mac:02010b41cdec/antenna/tag/e2806894000050038661fd4f, 83
1652705789.313076, sdrt-health/mac:02010b41cdec/antenna/tag/e2806894000050038661fd4f, 83
1652705789.313579, sdrt-health/mac:02010b41cdec/antenna/tag/e2806894000050038662194f, 88
1652705789.343324, sdrt-health/mac:02010b41cdec/antenna/tag/e2806894000050038661fd4f, 86
1652705789.381361, sdrt-health/mac:02010b41cdec/antenna/tag/e2806894000050038662154f, 88
1652705789.381698, sdrt-health/mac:02010b41cdec/antenna/tag/e28068940000400386621d4f, 90
1652705789.424802, sdrt-health/mac:02010b41cdec/antenna/tag/e2806894000050038662154f, 85
1652705789.47231, sdrt-health/mac:02010b41cdec/antenna/tag/e2806894000040038662114f, 85
1652705789.528335, sdrt-health/mac:02010b41cdec/antenna/tag/e2806894000050038662154f, 85
1652705789.583831, sdrt-health/mac:02010b41cdec/antenna/tag/e2806894000040038662114f, 85
1652705789.651957, sdrt-health/mac:02010b41cdec/antenna/tag/e2806894000050038662154f, 85
1652705789.652456, sdrt-health/mac:02010b41cdec/antenna/tag/e2806894000040038662114f, 85
1652705789.682714, sdrt-health/mac:02010b41cdec/antenna/tag/e28068940000400386621d4f, 90
1652705789.731475, sdrt-health/mac:02010b41cdec/antenna/tag/e2806894000050038661fd4f, 90
1652705789.731763, sdrt-health/mac:02010b41cdec/antenna/tag/e2806894000050038662194f, 88
1652705789.761007, sdrt-health/mac:02010b41cdec/antenna/tag/e2806894000050038662194f, 88
1652705789.806267, sdrt-health/mac:02010b41cdec/antenna/tag/e2806894000050038661fd4f, 90
1652705789.870445, sdrt-health/mac:02010b41cdec/antenna/tag/e2806894000050038661fd4f, 90
1652705789.902564, sdrt-health/mac:02010b41cdec/antenna/tag/e28068940000500386620d4f, 93
1652705789.902849, sdrt-health/mac:02010b41cdec/antenna/tag/e28068940000500386620d4f, 87
1652705789.903056, sdrt-health/mac:02010b41cdec/antenna/tag/e28068940000400386621d4f, 90
1652705789.922156, sdrt-health/mac:02010b41cdec/antenna/tag/e2806894000050038661fd4f, 90
1652705789.96795, sdrt-health/mac:02010b41cdec/antenna/tag/e28068940000500386620d4f, 93
1652705790.03029, sdrt-health/mac:02010b41cdec/antenna/tag/e2806894000040038662114f, 88
1652705790.030487, sdrt-health/mac:02010b41cdec/antenna/tag/e28068940000500386620d4f, 93
1652705790.0449, sdrt-health/mac:02010b41cdec/antenna/tag/e28068940000400386621d4f, 90
1652705790.065628, sdrt-health/mac:02010b41cdec/antenna/tag/e2806894000040038662114f, 88
1652705790.118083, sdrt-health/mac:02010b41cdec/antenna/tag/e2806894000050038662194f, 88
1652705790.193375, sdrt-health/mac:02010b41cdec/antenna/tag/e2806894000050038662194f, 82
1652705790.194972, sdrt-health/mac:02010b41cdec/antenna/tag/e2806894000050038661fd4f, 83
1652705790.208417, sdrt-health/mac:02010b41cdec/antenna/tag/e28068940000400386621d4f, 77
1652705790.20915, sdrt-health/mac:02010b41cdec/antenna/tag/e2806894000050038661fd4f, 86
1652705790.209788, sdrt-health/mac:02010b41cdec/antenna/tag/e2806894000040038662114f, 85
1652705790.225013, sdrt-health/mac:02010b41cdec/antenna/tag/e28068940000400386621d4f, 77
1652705790.273839, sdrt-health/mac:02010b41cdec/antenna/tag/e28068940000500386620d4f, 85
1652705790.336906, sdrt-health/mac:02010b41cdec/antenna/tag/e2806894000040038662114f, 85
1652705790.33746, sdrt-health/mac:02010b41cdec/antenna/tag/e28068940000500386620d4f, 87
1652705790.337874, sdrt-health/mac:02010b41cdec/antenna/tag/e28068940000500386620d4f, 87
1652705790.369868, sdrt-health/mac:02010b41cdec/antenna/tag/e2806894000050038662154f, 88
1652705790.41606, sdrt-health/mac:02010b41cdec/antenna/tag/e2806894000050038662154f, 85
1652705790.497993, sdrt-health/mac:02010b41cdec/antenna/tag/e28068940000400386621d4f, 90
1652705790.49849, sdrt-health/mac:02010b41cdec/antenna/tag/e2806894000050038662154f, 93
1652705790.513324, sdrt-health/mac:02010b41cdec/antenna/tag/e2806894000050038662154f, 85
1652705790.527708, sdrt-health/mac:02010b41cdec/antenna/tag/e28068940000500386620d4f, 85
1652705790.570644, sdrt-health/mac:02010b41cdec/antenna/tag/e2806894000050038662194f, 81
1652705790.622327, sdrt-health/mac:02010b41cdec/antenna/tag/e2806894000040038662114f, 88
1652705790.658117, sdrt-health/mac:02010b41cdec/antenna/tag/e2806894000050038662154f, 85
1652705790.720184, sdrt-health/mac:02010b41cdec/antenna/tag/e28068940000500386620d4f, 85
1652705790.720653, sdrt-health/mac:02010b41cdec/antenna/tag/e28068940000500386620d4f, 87
1652705790.777989, sdrt-health/mac:02010b41cdec/antenna/tag/e2806894000050038662194f, 84
1652705790.816589, sdrt-health/mac:02010b41cdec/antenna/tag/e28068940000400386621d4f, 77
1652705790.882907, sdrt-health/mac:02010b41cdec/antenna/tag/e2806894000050038661fd4f, 86
1652705790.8834, sdrt-health/mac:02010b41cdec/antenna/tag/e28068940000500386620d4f, 93
1652705790.911095, sdrt-health/mac:02010b41cdec/antenna/tag/e28068940000400386621d4f, 90
1652705791.025655, sdrt-health/mac:02010b41cdec/antenna/tag/e2806894000050038662154f, 93
1652705791.026215, sdrt-health/mac:02010b41cdec/antenna/tag/e2806894000050038662154f, 85
1652705791.055957, sdrt-health/mac:02010b41cdec/antenna/tag/e2806894000040038662114f, 88
1652705791.135805, sdrt-health/mac:02010b41cdec/antenna/tag/e2806894000050038661fd4f, 86
1652705791.136317, sdrt-health/mac:02010b41cdec/antenna/tag/e2806894000040038662114f, 85
1652705791.155322, sdrt-health/mac:02010b41cdec/antenna/tag/e2806894000050038662154f, 87
1652705791.215766, sdrt-health/mac:02010b41cdec/antenna/tag/e2806894000050038662194f, 94
1652705791.216268, sdrt-health/mac:02010b41cdec/antenna/tag/e2806894000050038662194f, 81
1652705791.232202, sdrt-health/mac:02010b41cdec/antenna/tag/e28068940000400386621d4f, 96
1652705791.232734, sdrt-health/mac:02010b41cdec/antenna/tag/e2806894000040038662114f, 88
1652705791.24649, sdrt-health/mac:02010b41cdec/antenna/tag/e2806894000050038662154f, 94
1652705791.300799, sdrt-health/mac:02010b41cdec/antenna/tag/e28068940000500386620d4f, 88
1652705791.301132, sdrt-health/mac:02010b41cdec/antenna/tag/e2806894000040038662114f, 85
1652705791.33567, sdrt-health/mac:02010b41cdec/antenna/tag/e2806894000050038662154f, 88
1652705791.339249, sdrt-health/mac:02010b41cdec/antenna/tag/e28068940000500386620d4f, 85
1652705791.375865, sdrt-health/mac:02010b41cdec/antenna/tag/e2806894000040038661f94f, 81
1652705791.428541, sdrt-health/mac:02010b41cdec/antenna/tag/e2806894000040038662214f, 94
1652705791.42892, sdrt-health/mac:02010b41cdec/antenna/tag/e28068940000500386620d4f, 93
1652705791.471285, sdrt-health/mac:02010b41cdec/antenna/tag/e28068940000400386621d4f, 77
1652705791.534789, sdrt-health/mac:02010b41cdec/antenna/tag/e28068940000500386620d4f, 93
1652705791.535266, sdrt-health/mac:02010b41cdec/antenna/tag/e2806894000050038662154f, 81
1652705791.549257, sdrt-health/mac:02010b41cdec/antenna/tag/e2806894000050038662154f, 83
1652705791.590639, sdrt-health/mac:02010b41cdec/antenna/tag/e2806894000050038661fd4f, 86
1652705791.591008, sdrt-health/mac:02010b41cdec/antenna/tag/e28068940000500386620d4f, 93
1652705791.616827, sdrt-health/mac:02010b41cdec/antenna/tag/e28068940000500386620d4f, 93
1652705791.656663, sdrt-health/mac:02010b41cdec/antenna/tag/e2806894000050038661fd4f, 86
1652705791.724176, sdrt-health/mac:02010b41cdec/antenna/tag/e28068940000500386620d4f, 87
1652705791.724627, sdrt-health/mac:02010b41cdec/antenna/tag/e2806894000050038661fd4f, 86
1652705791.744952, sdrt-health/mac:02010b41cdec/antenna/tag/e2806894000050038661fd4f, 90
1652705791.790439, sdrt-health/mac:02010b41cdec/antenna/tag/e2806894000040038662114f, 88
1652705791.836475, sdrt-health/mac:02010b41cdec/antenna/tag/e2806894000040038662114f, 85
1652705791.885016, sdrt-health/mac:02010b41cdec/antenna/tag/e2806894000050038661fd4f, 83
1652705791.934308, sdrt-health/mac:02010b41cdec/antenna/tag/e2806894000040038662114f, 88
1652705791.971538, sdrt-health/mac:02010b41cdec/antenna/tag/e28068940000400386621d4f, 77
1652705791.971936, sdrt-health/mac:02010b41cdec/antenna/tag/e2806894000050038662194f, 81
1652705791.99732, sdrt-health/mac:02010b41cdec/antenna/tag/e28068940000500386620d4f, 87
1652705791.997605, sdrt-health/mac:02010b41cdec/antenna/tag/e2806894000050038661fd4f, 86
1652705792.032625, sdrt-health/mac:02010b41cdec/antenna/tag/e2806894000050038661fd4f, 86
1652705792.093175, sdrt-health/mac:02010b41cdec/antenna/tag/e2806894000050038662154f, 85
1652705792.093673, sdrt-health/mac:02010b41cdec/antenna/tag/e2806894000050038661fd4f, 86
1652705792.109397, sdrt-health/mac:02010b41cdec/antenna/tag/e2806894000050038662154f, 93
1652705792.126701, sdrt-health/mac:02010b41cdec/antenna/tag/e2806894000040038662114f, 88
1652705792.256628, sdrt-health/mac:02010b41cdec/antenna/tag/e2806894000050038661fd4f, 86
1652705792.304184, sdrt-health/mac:02010b41cdec/antenna/tag/e28068940000400386621d4f, 90
1652705792.30466, sdrt-health/mac:02010b41cdec/antenna/tag/e28068940000400386621d4f, 96
1652705792.304822, sdrt-health/mac:02010b41cdec/antenna/tag/e2806894000050038662194f, 81
1652705792.33579, sdrt-health/mac:02010b41cdec/antenna/tag/e28068940000500386620d4f, 87
1652705792.420769, sdrt-health/mac:02010b41cdec/antenna/tag/e2806894000050038662154f, 94
1652705792.421149, sdrt-health/mac:02010b41cdec/antenna/tag/e2806894000050038662194f, 94
1652705792.44755, sdrt-health/mac:02010b41cdec/antenna/tag/e28068940000500386620d4f, 93
1652705792.466356, sdrt-health/mac:02010b41cdec/antenna/tag/e2806894000050038662154f, 85
1652705792.480173, sdrt-health/mac:02010b41cdec/antenna/tag/e28068940000400386621d4f, 96
1652705792.48049, sdrt-health/mac:02010b41cdec/antenna/tag/e2806894000050038662154f, 87
1652705792.51216, sdrt-health/mac:02010b41cdec/antenna/tag/e2806894000050038661fd4f, 86
1652705792.560061, sdrt-health/mac:02010b41cdec/antenna/tag/e2806894000050038661fd4f, 86
1652705792.652072, sdrt-health/mac:02010b41cdec/antenna/tag/e28068940000400386621d4f, 90
1652705792.652628, sdrt-health/mac:02010b41cdec/antenna/tag/e2806894000050038662154f, 85
1652705792.706103, sdrt-health/mac:02010b41cdec/antenna/tag/e28068940000400386621d4f, 90
1652705792.706565, sdrt-health/mac:02010b41cdec/antenna/tag/e2806894000050038662194f, 81
1652705792.706923, sdrt-health/mac:02010b41cdec/antenna/tag/e2806894000050038662154f, 83
1652705792.736294, sdrt-health/mac:02010b41cdec/antenna/tag/e2806894000050038662194f, 94
1652705792.86359, sdrt-health/mac:02010b41cdec/antenna/tag/e2806894000050038661fd4f, 86
1652705792.864117, sdrt-health/mac:02010b41cdec/antenna/tag/e2806894000040038662114f, 85
1652705792.864452, sdrt-health/mac:02010b41cdec/antenna/tag/e2806894000040038662114f, 88
1652705792.864762, sdrt-health/mac:02010b41cdec/antenna/tag/e2806894000050038662154f, 87
1652705792.928487, sdrt-health/mac:02010b41cdec/antenna/tag/e28068940000400386621d4f, 77
1652705792.973277, sdrt-health/mac:02010b41cdec/antenna/tag/e2806894000040038662114f, 88
1652705793.019507, sdrt-health/mac:02010b41cdec/antenna/tag/e2806894000040038662114f, 85
1652705793.09009, sdrt-health/mac:02010b41cdec/antenna/tag/e28068940000500386620d4f, 87
1652705793.090385, sdrt-health/mac:02010b41cdec/antenna/tag/e2806894000040038662114f, 85
1652705793.183304, sdrt-health/mac:02010b41cdec/antenna/tag/e2806894000040038662114f, 88
1652705793.261753, sdrt-health/mac:02010b41cdec/antenna/tag/e2806894000050038661fd4f, 83
1652705793.300632, sdrt-health/mac:02010b41cdec/antenna/tag/e2806894000050038662194f, 88
1652705793.34169, sdrt-health/mac:02010b41cdec/antenna/tag/e2806894000040038662114f, 85
1652705793.437528, sdrt-health/mac:02010b41cdec/antenna/tag/e28068940000400386621d4f, 96
1652705793.438166, sdrt-health/mac:02010b41cdec/antenna/tag/e28068940000400386621d4f, 90
1652705793.438606, sdrt-health/mac:02010b41cdec/antenna/tag/e2806894000050038661fd4f, 90
1652705793.454362, sdrt-health/mac:02010b41cdec/antenna/tag/e28068940000400386621d4f, 90
1652705793.482685, sdrt-health/mac:02010b41cdec/antenna/tag/e2806894000050038661fd4f, 86
1652705793.482964, sdrt-health/mac:02010b41cdec/antenna/tag/e28068940000400386621d4f, 90
1652705793.496943, sdrt-health/mac:02010b41cdec/antenna/tag/e2806894000050038661fd4f, 86
1652705793.497166, sdrt-health/mac:02010b41cdec/antenna/tag/e2806894000040038662114f, 88
1652705793.537159, sdrt-health/mac:02010b41cdec/antenna/tag/e2806894000050038662154f, 85
1652705793.614075, sdrt-health/mac:02010b41cdec/antenna/tag/e2806894000040038662114f, 88
1652705793.614527, sdrt-health/mac:02010b41cdec/antenna/tag/e2806894000050038662154f, 83
1652705793.644373, sdrt-health/mac:02010b41cdec/antenna/tag/e28068940000400386621d4f, 96
1652705793.695013, sdrt-health/mac:02010b41cdec/antenna/tag/e28068940000400386621d4f, 96
1652705793.738846, sdrt-health/mac:02010b41cdec/antenna/tag/e2806894000050038661fd4f, 86
1652705793.794084, sdrt-health/mac:02010b41cdec/antenna/tag/e2806894000050038662154f, 88
1652705793.794433, sdrt-health/mac:02010b41cdec/antenna/tag/e2806894000050038662154f, 88
1652705793.807688, sdrt-health/mac:02010b41cdec/antenna/tag/e2806894000050038661fd4f, 86
1652705793.824103, sdrt-health/mac:02010b41cdec/antenna/tag/e2806894000050038661fd4f, 86
1652705793.8699, sdrt-health/mac:02010b41cdec/antenna/tag/e2806894000050038662154f, 81
1652705793.932341, sdrt-health/mac:02010b41cdec/antenna/tag/e2806894000050038662194f, 94
1652705793.932841, sdrt-health/mac:02010b41cdec/antenna/tag/e2806894000040038662114f, 88
1652705793.962187, sdrt-health/mac:02010b41cdec/antenna/tag/e2806894000040038662114f, 88
1652705794.011906, sdrt-health/mac:02010b41cdec/antenna/tag/e2806894000050038662154f, 88
1652705794.044521, sdrt-health/mac:02010b41cdec/antenna/tag/e2806894000050038661fd4f, 90
1652705794.044852, sdrt-health/mac:02010b41cdec/antenna/tag/e2806894000040038662114f, 85
1652705794.075994, sdrt-health/mac:02010b41cdec/antenna/tag/e2806894000050038662154f, 85
1652705794.17209, sdrt-health/mac:02010b41cdec/antenna/tag/e28068940000500386620d4f, 85
1652705794.172645, sdrt-health/mac:02010b41cdec/antenna/tag/e2806894000050038661fd4f, 86
1652705794.205505, sdrt-health/mac:02010b41cdec/antenna/tag/e2806894000040038662114f, 85
1652705794.271259, sdrt-health/mac:02010b41cdec/antenna/tag/e2806894000040038662114f, 88
1652705794.27184, sdrt-health/mac:02010b41cdec/antenna/tag/e2806894000040038662114f, 88
1652705794.298894, sdrt-health/mac:02010b41cdec/antenna/tag/e2806894000050038662154f, 85
1652705794.331159, sdrt-health/mac:02010b41cdec/antenna/tag/e28068940000500386620d4f, 85
1652705794.331485, sdrt-health/mac:02010b41cdec/antenna/tag/e2806894000040038662114f, 85
1652705794.331728, sdrt-health/mac:02010b41cdec/antenna/tag/e28068940000400386621d4f, 90
1652705794.353112, sdrt-health/mac:02010b41cdec/antenna/tag/e2806894000050038661fd4f, 90
1652705794.409854, sdrt-health/mac:02010b41cdec/antenna/tag/e28068940000400386621d4f, 96
1652705794.489986, sdrt-health/mac:02010b41cdec/antenna/tag/e2806894000050038662154f, 85
1652705794.490508, sdrt-health/mac:02010b41cdec/antenna/tag/e2806894000050038661fd4f, 90
1652705794.503653, sdrt-health/mac:02010b41cdec/antenna/tag/e2806894000040038662114f, 85
1652705794.503988, sdrt-health/mac:02010b41cdec/antenna/tag/e2806894000040038662114f, 85
1652705794.504203, sdrt-health/mac:02010b41cdec/antenna/tag/e2806894000050038661fd4f, 86
1652705794.510518, sdrt-health/mac:02010b41cdec/antenna/tag/e2806894000040038662114f, 85
1652705794.55675, sdrt-health/mac:02010b41cdec/antenna/tag/e2806894000050038661fd4f, 90
1652705794.624573, sdrt-health/mac:02010b41cdec/antenna/tag/e28068940000400386621d4f, 90
1652705794.625092, sdrt-health/mac:02010b41cdec/antenna/tag/e28068940000400386621d4f, 90
1652705794.651839, sdrt-health/mac:02010b41cdec/antenna/tag/e2806894000050038662154f, 85
1652705794.699399, sdrt-health/mac:02010b41cdec/antenna/tag/e2806894000050038662154f, 85
1652705794.736235, sdrt-health/mac:02010b41cdec/antenna/tag/e28068940000400386621d4f, 77
1652705794.781059, sdrt-health/mac:02010b41cdec/antenna/tag/e2806894000040038662214f, 81
1652705794.815854, sdrt-health/mac:02010b41cdec/antenna/tag/e2806894000040038662114f, 85
1652705794.857226, sdrt-health/mac:02010b41cdec/antenna/tag/e28068940000400386621d4f, 96
1652705794.894523, sdrt-health/mac:02010b41cdec/antenna/tag/e2806894000050038662154f, 85
1652705794.958564, sdrt-health/mac:02010b41cdec/antenna/tag/e28068940000500386620d4f, 85
1652705794.959093, sdrt-health/mac:02010b41cdec/antenna/tag/e2806894000050038662154f, 85
1652705794.98926, sdrt-health/mac:02010b41cdec/antenna/tag/e28068940000400386621d4f, 96
1652705795.027602, sdrt-health/mac:02010b41cdec/antenna/tag/e2806894000050038662194f, 81
1652705795.070454, sdrt-health/mac:02010b41cdec/antenna/tag/e2806894000050038662154f, 87
1652705795.199285, sdrt-health/mac:02010b41cdec/antenna/tag/e2806894000050038662194f, 88
1652705795.199762, sdrt-health/mac:02010b41cdec/antenna/tag/e28068940000400386621d4f, 90
1652705795.227794, sdrt-health/mac:02010b41cdec/antenna/tag/e28068940000500386620d4f, 87
1652705795.265415, sdrt-health/mac:02010b41cdec/antenna/tag/e28068940000500386620d4f, 93
1652705795.265714, sdrt-health/mac:02010b41cdec/antenna/tag/e2806894000040038661f94f, 84
1652705795.320022, sdrt-health/mac:02010b41cdec/antenna/tag/e2806894000040038662214f, 82
1652705795.320502, sdrt-health/mac:02010b41cdec/antenna/tag/e28068940000400386621d4f, 77
1652705795.358074, sdrt-health/mac:02010b41cdec/antenna/tag/e2806894000040038662214f, 88
1652705795.39083, sdrt-health/mac:02010b41cdec/antenna/tag/e28068940000500386620d4f, 85
1652705795.433751, sdrt-health/mac:02010b41cdec/antenna/tag/e2806894000050038661fd4f, 86
1652705795.442811, sdrt-health/mac:02010b41cdec/antenna/tag/e2806894000050038662154f, 85
1652705795.443127, sdrt-health/mac:02010b41cdec/antenna/tag/e28068940000400386621d4f, 96
1652705795.443379, sdrt-health/mac:02010b41cdec/antenna/tag/e2806894000050038661fd4f, 86
1652705795.480174, sdrt-health/mac:02010b41cdec/antenna/tag/e2806894000050038662154f, 88
1652705795.548067, sdrt-health/mac:02010b41cdec/antenna/tag/e2806894000050038662194f, 81
1652705795.548603, sdrt-health/mac:02010b41cdec/antenna/tag/e28068940000400386621d4f, 96
1652705795.548935, sdrt-health/mac:02010b41cdec/antenna/tag/e28068940000500386620d4f, 85
1652705795.563527, sdrt-health/mac:02010b41cdec/antenna/tag/e2806894000050038662154f, 88
1652705795.578259, sdrt-health/mac:02010b41cdec/antenna/tag/e2806894000050038662154f, 88
1652705795.65763, sdrt-health/mac:02010b41cdec/antenna/tag/e2806894000040038662114f, 85
1652705795.745962, sdrt-health/mac:02010b41cdec/antenna/tag/e28068940000500386620d4f, 85
1652705795.746444, sdrt-health/mac:02010b41cdec/antenna/tag/e2806894000040038662114f, 85
1652705795.817448, sdrt-health/mac:02010b41cdec/antenna/tag/e2806894000040038662214f, 94
1652705796.059325, sdrt-health/mac:02010b41cdec/antenna/tag/e28068940000400386621d4f, 96
1652705796.059787, sdrt-health/mac:02010b41cdec/antenna/tag/e28068940000500386620d4f, 88
1652705796.060126, sdrt-health/mac:02010b41cdec/antenna/tag/e2806894000050038662194f, 81
1652705796.060495, sdrt-health/mac:02010b41cdec/antenna/tag/e2806894000050038661fd4f, 90
1652705796.061855, sdrt-health/mac:02010b41cdec/antenna/tag/e28068940000500386620d4f, 85
1652705796.086328, sdrt-health/mac:02010b41cdec/antenna/tag/e28068940000500386620d4f, 85
1652705796.120562, sdrt-health/mac:02010b41cdec/antenna/tag/e28068940000500386620d4f, 93
1652705796.148849, sdrt-health/mac:02010b41cdec/antenna/tag/e2806894000050038661fd4f, 86
1652705796.149079, sdrt-health/mac:02010b41cdec/antenna/tag/e2806894000050038662154f, 85
1652705796.149231, sdrt-health/mac:02010b41cdec/antenna/tag/e2806894000050038661fd4f, 90
1652705796.149376, sdrt-health/mac:02010b41cdec/antenna/tag/e28068940000500386620d4f, 93
1652705796.165228, sdrt-health/mac:02010b41cdec/antenna/tag/e2806894000050038661fd4f, 83
1652705796.315346, sdrt-health/mac:02010b41cdec/antenna/tag/e28068940000500386620d4f, 85
1652705796.375876, sdrt-health/mac:02010b41cdec/antenna/tag/e2806894000050038662154f, 85
1652705796.406318, sdrt-health/mac:02010b41cdec/antenna/tag/e2806894000040038662114f, 88
1652705796.406954, sdrt-health/mac:02010b41cdec/antenna/tag/e2806894000050038662154f, 88
1652705796.437929, sdrt-health/mac:02010b41cdec/antenna/tag/e2806894000040038662114f, 85
1652705796.484054, sdrt-health/mac:02010b41cdec/antenna/tag/e28068940000400386621d4f, 90
1652705796.549849, sdrt-health/mac:02010b41cdec/antenna/tag/e2806894000050038661fd4f, 86
1652705796.550346, sdrt-health/mac:02010b41cdec/antenna/tag/e28068940000400386621d4f, 90
1652705796.598508, sdrt-health/mac:02010b41cdec/antenna/tag/e2806894000050038661fd4f, 83
1652705796.64575, sdrt-health/mac:02010b41cdec/antenna/tag/e28068940000500386620d4f, 85
1652705796.674645, sdrt-health/mac:02010b41cdec/antenna/tag/e2806894000050038661fd4f, 83
1652705796.675033, sdrt-health/mac:02010b41cdec/antenna/tag/e2806894000050038662154f, 83
1652705796.695189, sdrt-health/mac:02010b41cdec/antenna/tag/e2806894000050038661fd4f, 83
1652705796.736901, sdrt-health/mac:02010b41cdec/antenna/tag/e2806894000050038662154f, 83
1652705796.791621, sdrt-health/mac:02010b41cdec/antenna/tag/e28068940000500386620d4f, 93
1652705796.792191, sdrt-health/mac:02010b41cdec/antenna/tag/e2806894000050038661fd4f, 83
1652705796.806654, sdrt-health/mac:02010b41cdec/antenna/tag/e2806894000040038662114f, 85
1652705796.879657, sdrt-health/mac:02010b41cdec/antenna/tag/e28068940000400386621d4f, 77
1652705796.880209, sdrt-health/mac:02010b41cdec/antenna/tag/e2806894000050038661fd4f, 86
1652705796.912719, sdrt-health/mac:02010b41cdec/antenna/tag/e28068940000500386620d4f, 85
1652705796.980023, sdrt-health/mac:02010b41cdec/antenna/tag/e28068940000500386620d4f, 87
1652705796.980524, sdrt-health/mac:02010b41cdec/antenna/tag/e28068940000500386620d4f, 85
1652705796.994792, sdrt-health/mac:02010b41cdec/antenna/tag/e2806894000040038662114f, 88
1652705797.015807, sdrt-health/mac:02010b41cdec/antenna/tag/e28068940000400386621d4f, 96
1652705797.074176, sdrt-health/mac:02010b41cdec/antenna/tag/e2806894000040038662114f, 85
1652705797.115956, sdrt-health/mac:02010b41cdec/antenna/tag/e2806894000050038662154f, 93
1652705797.16009, sdrt-health/mac:02010b41cdec/antenna/tag/e2806894000040038662114f, 91
1652705797.208417, sdrt-health/mac:02010b41cdec/antenna/tag/e2806894000050038662154f, 83
1652705797.258257, sdrt-health/mac:02010b41cdec/antenna/tag/e28068940000400386621d4f, 77
1652705797.306275, sdrt-health/mac:02010b41cdec/antenna/tag/e2806894000050038661fd4f, 90
1652705797.338487, sdrt-health/mac:02010b41cdec/antenna/tag/e2806894000050038662194f, 84
1652705797.339069, sdrt-health/mac:02010b41cdec/antenna/tag/e2806894000050038662154f, 87
1652705797.355002, sdrt-health/mac:02010b41cdec/antenna/tag/e28068940000500386620d4f, 85
1652705797.416192, sdrt-health/mac:02010b41cdec/antenna/tag/e2806894000050038662154f, 85
1652705797.416683, sdrt-health/mac:02010b41cdec/antenna/tag/e2806894000040038662114f, 88
1652705797.470579, sdrt-health/mac:02010b41cdec/antenna/tag/e2806894000050038662154f, 85
1652705797.515877, sdrt-health/mac:02010b41cdec/antenna/tag/e2806894000040038662114f, 85
1652705797.559687, sdrt-health/mac:02010b41cdec/antenna/tag/e2806894000050038661fd4f, 86
1652705797.657615, sdrt-health/mac:02010b41cdec/antenna/tag/e28068940000500386620d4f, 87
1652705797.711045, sdrt-health/mac:02010b41cdec/antenna/tag/e28068940000500386620d4f, 87
1652705797.740851, sdrt-health/mac:02010b41cdec/antenna/tag/e2806894000050038662194f, 81
1652705797.741402, sdrt-health/mac:02010b41cdec/antenna/tag/e2806894000050038662154f, 85
1652705797.754943, sdrt-health/mac:02010b41cdec/antenna/tag/e28068940000500386620d4f, 85
1652705797.814023, sdrt-health/mac:02010b41cdec/antenna/tag/e28068940000400386621d4f, 96
1652705797.814584, sdrt-health/mac:02010b41cdec/antenna/tag/e2806894000050038661fd4f, 90
1652705797.828368, sdrt-health/mac:02010b41cdec/antenna/tag/e28068940000400386621d4f, 96
1652705797.828656, sdrt-health/mac:02010b41cdec/antenna/tag/e2806894000050038661fd4f, 86
1652705797.828884, sdrt-health/mac:02010b41cdec/antenna/tag/e2806894000040038662114f, 91
1652705797.879075, sdrt-health/mac:02010b41cdec/antenna/tag/e2806894000040038662114f, 85
1652705797.925401, sdrt-health/mac:02010b41cdec/antenna/tag/e2806894000050038661fd4f, 83
1652705797.98941, sdrt-health/mac:02010b41cdec/antenna/tag/e2806894000040038661f94f, 84
1652705797.989833, sdrt-health/mac:02010b41cdec/antenna/tag/e2806894000040038662214f, 84
1652705798.014967, sdrt-health/mac:02010b41cdec/antenna/tag/e2806894000050038662154f, 83
1652705798.015432, sdrt-health/mac:02010b41cdec/antenna/tag/e28068940000400386621d4f, 96
1652705798.02992, sdrt-health/mac:02010b41cdec/antenna/tag/e28068940000500386620d4f, 85
1652705798.054871, sdrt-health/mac:02010b41cdec/antenna/tag/e2806894000050038662194f, 81
1652705798.108912, sdrt-health/mac:02010b41cdec/antenna/tag/e2806894000050038661fd4f, 83
1652705798.109218, sdrt-health/mac:02010b41cdec/antenna/tag/e2806894000040038662114f, 88
1652705798.145927, sdrt-health/mac:02010b41cdec/antenna/tag/e2806894000050038662154f, 87
1652705798.207328, sdrt-health/mac:02010b41cdec/antenna/tag/e28068940000400386621d4f, 77
1652705798.207826, sdrt-health/mac:02010b41cdec/antenna/tag/e28068940000500386620d4f, 87
1652705798.221658, sdrt-health/mac:02010b41cdec/antenna/tag/e2806894000040038662114f, 85
1652705798.235742, sdrt-health/mac:02010b41cdec/antenna/tag/e28068940000400386621d4f, 77
1652705798.278169, sdrt-health/mac:02010b41cdec/antenna/tag/e28068940000400386621d4f, 96
1652705798.340901, sdrt-health/mac:02010b41cdec/antenna/tag/e2806894000050038662154f, 93
1652705798.341381, sdrt-health/mac:02010b41cdec/antenna/tag/e28068940000400386621d4f, 96
1652705798.341717, sdrt-health/mac:02010b41cdec/antenna/tag/e2806894000040038662114f, 88
1652705798.356491, sdrt-health/mac:02010b41cdec/antenna/tag/e28068940000400386621d4f, 96
1652705798.375712, sdrt-health/mac:02010b41cdec/antenna/tag/e2806894000050038662194f, 84
1652705798.415852, sdrt-health/mac:02010b41cdec/antenna/tag/e2806894000040038662114f, 88
1652705798.470442, sdrt-health/mac:02010b41cdec/antenna/tag/e2806894000050038661fd4f, 86
1652705798.470686, sdrt-health/mac:02010b41cdec/antenna/tag/e28068940000500386620d4f, 87
1652705798.488345, sdrt-health/mac:02010b41cdec/antenna/tag/e2806894000050038662154f, 81
1652705798.509541, sdrt-health/mac:02010b41cdec/antenna/tag/e2806894000050038662154f, 85
1652705798.5556, sdrt-health/mac:02010b41cdec/antenna/tag/e2806894000040038662114f, 88
1652705798.613404, sdrt-health/mac:02010b41cdec/antenna/tag/e28068940000500386620d4f, 87
1652705798.613853, sdrt-health/mac:02010b41cdec/antenna/tag/e28068940000400386621d4f, 90
1652705798.627434, sdrt-health/mac:02010b41cdec/antenna/tag/e2806894000050038661fd4f, 86
1652705798.655274, sdrt-health/mac:02010b41cdec/antenna/tag/e2806894000050038661fd4f, 86
1652705798.695687, sdrt-health/mac:02010b41cdec/antenna/tag/e2806894000050038661fd4f, 86
1652705798.780652, sdrt-health/mac:02010b41cdec/antenna/tag/e2806894000050038662194f, 81
1652705798.781117, sdrt-health/mac:02010b41cdec/antenna/tag/e28068940000400386621d4f, 77
1652705798.815443, sdrt-health/mac:02010b41cdec/antenna/tag/e2806894000050038662154f, 81
1652705798.895496, sdrt-health/mac:02010b41cdec/antenna/tag/e2806894000050038661fd4f, 86
1652705798.937306, sdrt-health/mac:02010b41cdec/antenna/tag/e2806894000040038662114f, 85
1652705798.992325, sdrt-health/mac:02010b41cdec/antenna/tag/e28068940000500386620d4f, 87
1652705798.992834, sdrt-health/mac:02010b41cdec/antenna/tag/e2806894000040038662114f, 85
1652705799.036462, sdrt-health/mac:02010b41cdec/antenna/tag/e28068940000400386621d4f, 90
1652705799.095666, sdrt-health/mac:02010b41cdec/antenna/tag/e2806894000040038662114f, 88
1652705799.09618, sdrt-health/mac:02010b41cdec/antenna/tag/e28068940000400386621d4f, 90
1652705799.112863, sdrt-health/mac:02010b41cdec/antenna/tag/e28068940000400386621d4f, 90
1652705799.12598, sdrt-health/mac:02010b41cdec/antenna/tag/e2806894000050038662154f, 85
1652705799.130056, sdrt-health/mac:02010b41cdec/antenna/tag/e2806894000050038661fd4f, 90
1652705799.176149, sdrt-health/mac:02010b41cdec/antenna/tag/e2806894000050038662194f, 94
1652705799.247869, sdrt-health/mac:02010b41cdec/antenna/tag/e28068940000500386620d4f, 93
1652705799.248201, sdrt-health/mac:02010b41cdec/antenna/tag/e2806894000050038662194f, 94
1652705799.274941, sdrt-health/mac:02010b41cdec/antenna/tag/e28068940000400386621d4f, 96
1652705799.334682, sdrt-health/mac:02010b41cdec/antenna/tag/e28068940000500386620d4f, 85
1652705799.335244, sdrt-health/mac:02010b41cdec/antenna/tag/e2806894000050038662194f, 84
1652705799.350203, sdrt-health/mac:02010b41cdec/antenna/tag/e2806894000050038662194f, 84
1652705799.367519, sdrt-health/mac:02010b41cdec/antenna/tag/e2806894000040038662114f, 85
1652705799.423088, sdrt-health/mac:02010b41cdec/antenna/tag/e2806894000050038662194f, 88
1652705799.470865, sdrt-health/mac:02010b41cdec/antenna/tag/e2806894000040038662114f, 88
1652705799.530283, sdrt-health/mac:02010b41cdec/antenna/tag/e28068940000400386621d4f, 77
1652705799.530765, sdrt-health/mac:02010b41cdec/antenna/tag/e2806894000050038661fd4f, 86
1652705799.546945, sdrt-health/mac:02010b41cdec/antenna/tag/e28068940000500386620d4f, 93
1652705799.559714, sdrt-health/mac:02010b41cdec/antenna/tag/e28068940000500386620d4f, 85
1652705799.607865, sdrt-health/mac:02010b41cdec/antenna/tag/e2806894000050038662154f, 88
1652705799.656305, sdrt-health/mac:02010b41cdec/antenna/tag/e2806894000050038662154f, 88
1652705799.695088, sdrt-health/mac:02010b41cdec/antenna/tag/e2806894000040038662114f, 88
1652705799.755843, sdrt-health/mac:02010b41cdec/antenna/tag/e2806894000050038662194f, 84
1652705799.756335, sdrt-health/mac:02010b41cdec/antenna/tag/e2806894000040038662114f, 88
1652705799.772685, sdrt-health/mac:02010b41cdec/antenna/tag/e2806894000040038662114f, 88
1652705799.806998, sdrt-health/mac:02010b41cdec/antenna/tag/e28068940000400386621d4f, 90
1652705799.845599, sdrt-health/mac:02010b41cdec/antenna/tag/e28068940000400386621d4f, 90
1652705799.931578, sdrt-health/mac:02010b41cdec/antenna/tag/e2806894000050038662154f, 85
1652705799.966035, sdrt-health/mac:02010b41cdec/antenna/tag/e28068940000400386621d4f, 90
1652705799.996625, sdrt-health/mac:02010b41cdec/antenna/tag/e2806894000040038662114f, 88
1652705800.056047, sdrt-health/mac:02010b41cdec/antenna/tag/e28068940000500386620d4f, 85
1652705800.056598, sdrt-health/mac:02010b41cdec/antenna/tag/e28068940000400386621d4f, 90
1652705800.075199, sdrt-health/mac:02010b41cdec/antenna/tag/e28068940000400386621d4f, 90
1652705800.12621, sdrt-health/mac:02010b41cdec/antenna/tag/e2806894000040038662114f, 88
1652705800.164781, sdrt-health/mac:02010b41cdec/antenna/tag/e28068940000500386620d4f, 85
1652705800.216304, sdrt-health/mac:02010b41cdec/antenna/tag/e2806894000050038661fd4f, 86
1652705800.277411, sdrt-health/mac:02010b41cdec/antenna/tag/e28068940000400386621d4f, 90
1652705800.277834, sdrt-health/mac:02010b41cdec/antenna/tag/e28068940000500386620d4f, 93
1652705800.296109, sdrt-health/mac:02010b41cdec/antenna/tag/e2806894000050038661fd4f, 83
1652705800.351697, sdrt-health/mac:02010b41cdec/antenna/tag/e28068940000400386621d4f, 90
1652705800.352215, sdrt-health/mac:02010b41cdec/antenna/tag/e28068940000400386621d4f, 77
1652705800.386277, sdrt-health/mac:02010b41cdec/antenna/tag/e2806894000050038662194f, 94
1652705800.446439, sdrt-health/mac:02010b41cdec/antenna/tag/e2806894000050038661fd4f, 83
1652705800.446936, sdrt-health/mac:02010b41cdec/antenna/tag/e28068940000500386620d4f, 87
1652705800.460975, sdrt-health/mac:02010b41cdec/antenna/tag/e28068940000400386621d4f, 77
1652705800.476509, sdrt-health/mac:02010b41cdec/antenna/tag/e28068940000400386621d4f, 96
1652705800.538753, sdrt-health/mac:02010b41cdec/antenna/tag/e28068940000400386621d4f, 96
1652705800.539313, sdrt-health/mac:02010b41cdec/antenna/tag/e2806894000040038662114f, 85
1652705800.555784, sdrt-health/mac:02010b41cdec/antenna/tag/e28068940000500386620d4f, 93
1652705800.566256, sdrt-health/mac:02010b41cdec/antenna/tag/e28068940000500386620d4f, 85
1652705800.571381, sdrt-health/mac:02010b41cdec/antenna/tag/e2806894000050038662154f, 88
1652705800.616138, sdrt-health/mac:02010b41cdec/antenna/tag/e2806894000050038662154f, 93
1652705800.67163, sdrt-health/mac:02010b41cdec/antenna/tag/e2806894000050038662194f, 84
1652705800.672142, sdrt-health/mac:02010b41cdec/antenna/tag/e28068940000500386620d4f, 85
1652705800.686776, sdrt-health/mac:02010b41cdec/antenna/tag/e2806894000050038661fd4f, 86
1652705800.720257, sdrt-health/mac:02010b41cdec/antenna/tag/e2806894000050038661fd4f, 86
1652705800.72066, sdrt-health/mac:02010b41cdec/antenna/tag/e2806894000040038662114f, 85
1652705800.75931, sdrt-health/mac:02010b41cdec/antenna/tag/e2806894000050038661fd4f, 86
1652705800.806249, sdrt-health/mac:02010b41cdec/antenna/tag/e28068940000400386621d4f, 96
1652705800.872961, sdrt-health/mac:02010b41cdec/antenna/tag/e28068940000400386621d4f, 96
1652705800.873401, sdrt-health/mac:02010b41cdec/antenna/tag/e2806894000050038661fd4f, 86
1652705800.88658, sdrt-health/mac:02010b41cdec/antenna/tag/e2806894000050038662154f, 85
1652705800.910405, sdrt-health/mac:02010b41cdec/antenna/tag/e2806894000050038662154f, 85
1652705800.972768, sdrt-health/mac:02010b41cdec/antenna/tag/e28068940000500386620d4f, 85
1652705800.973283, sdrt-health/mac:02010b41cdec/antenna/tag/e28068940000400386621d4f, 90
1652705801.007195, sdrt-health/mac:02010b41cdec/antenna/tag/e28068940000400386621d4f, 90
1652705801.047084, sdrt-health/mac:02010b41cdec/antenna/tag/e2806894000040038662114f, 85
1652705801.075125, sdrt-health/mac:02010b41cdec/antenna/tag/e2806894000050038661fd4f, 90
1652705801.075546, sdrt-health/mac:02010b41cdec/antenna/tag/e28068940000400386621d4f, 96
1652705801.09419, sdrt-health/mac:02010b41cdec/antenna/tag/e28068940000500386620d4f, 87
1652705801.136348, sdrt-health/mac:02010b41cdec/antenna/tag/e2806894000050038662154f, 85
1652705801.167669, sdrt-health/mac:02010b41cdec/antenna/tag/e2806894000050038662154f, 85
1652705801.167981, sdrt-health/mac:02010b41cdec/antenna/tag/e2806894000040038662114f, 85
1652705801.168188, sdrt-health/mac:02010b41cdec/antenna/tag/e2806894000050038661fd4f, 86
1652705801.182435, sdrt-health/mac:02010b41cdec/antenna/tag/e2806894000050038661fd4f, 86
1652705801.215616, sdrt-health/mac:02010b41cdec/antenna/tag/e2806894000050038661fd4f, 86
1652705801.255168, sdrt-health/mac:02010b41cdec/antenna/tag/e2806894000040038661f94f, 88
1652705801.312595, sdrt-health/mac:02010b41cdec/antenna/tag/e2806894000040038662214f, 88
1652705801.313101, sdrt-health/mac:02010b41cdec/antenna/tag/e2806894000040038662114f, 85
1652705801.327396, sdrt-health/mac:02010b41cdec/antenna/tag/e2806894000040038662214f, 94
1652705801.335604, sdrt-health/mac:02010b41cdec/antenna/tag/e28068940000500386620d4f, 85
1652705801.342107, sdrt-health/mac:02010b41cdec/antenna/tag/e2806894000050038662154f, 87
1652705801.390851, sdrt-health/mac:02010b41cdec/antenna/tag/e2806894000050038661fd4f, 83
1652705801.420082, sdrt-health/mac:02010b41cdec/antenna/tag/e2806894000040038662114f, 85
1652705801.420258, sdrt-health/mac:02010b41cdec/antenna/tag/e28068940000400386621d4f, 90
1652705801.435155, sdrt-health/mac:02010b41cdec/antenna/tag/e28068940000500386620d4f, 85
1652705801.506484, sdrt-health/mac:02010b41cdec/antenna/tag/e28068940000400386621d4f, 90
1652705801.538161, sdrt-health/mac:02010b41cdec/antenna/tag/e2806894000040038662114f, 88
1652705801.539693, sdrt-health/mac:02010b41cdec/antenna/tag/e2806894000040038662114f, 91
1652705801.540119, sdrt-health/mac:02010b41cdec/antenna/tag/e28068940000400386621d4f, 90
1652705801.553756, sdrt-health/mac:02010b41cdec/antenna/tag/e28068940000500386620d4f, 93
1652705801.595227, sdrt-health/mac:02010b41cdec/antenna/tag/e28068940000400386621d4f, 90
1652705801.655696, sdrt-health/mac:02010b41cdec/antenna/tag/e2806894000040038662114f, 88
1652705801.656203, sdrt-health/mac:02010b41cdec/antenna/tag/e2806894000050038662154f, 85
1652705801.671711, sdrt-health/mac:02010b41cdec/antenna/tag/e2806894000040038662114f, 91
1652705801.686225, sdrt-health/mac:02010b41cdec/antenna/tag/e2806894000050038661fd4f, 90
1652705801.751453, sdrt-health/mac:02010b41cdec/antenna/tag/e2806894000050038661fd4f, 86
1652705801.751909, sdrt-health/mac:02010b41cdec/antenna/tag/e2806894000040038662114f, 91
1652705801.825705, sdrt-health/mac:02010b41cdec/antenna/tag/e2806894000040038662054f, 84
1652705801.871003, sdrt-health/mac:02010b41cdec/antenna/tag/e2806894000040038662114f, 85
1652705801.917332, sdrt-health/mac:02010b41cdec/antenna/tag/e28068940000500386620d4f, 85
1652705801.94896, sdrt-health/mac:02010b41cdec/antenna/tag/e28068940000400386621d4f, 96
1652705801.949324, sdrt-health/mac:02010b41cdec/antenna/tag/e2806894000040038662114f, 85
1652705801.963829, sdrt-health/mac:02010b41cdec/antenna/tag/e2806894000050038661fd4f, 86
1652705801.964125, sdrt-health/mac:02010b41cdec/antenna/tag/e28068940000500386620d4f, 85
1652705801.964967, sdrt-health/mac:02010b41cdec/antenna/tag/e2806894000050038661fd4f, 90
1652705802.004609, sdrt-health/mac:02010b41cdec/antenna/tag/e2806894000040038662114f, 85
1652705802.055712, sdrt-health/mac:02010b41cdec/antenna/tag/e2806894000050038661fd4f, 86
1652705802.118274, sdrt-health/mac:02010b41cdec/antenna/tag/e2806894000050038662154f, 88
1652705802.118721, sdrt-health/mac:02010b41cdec/antenna/tag/e2806894000040038662114f, 85
1652705802.136739, sdrt-health/mac:02010b41cdec/antenna/tag/e2806894000040038662114f, 85
1652705802.17509, sdrt-health/mac:02010b41cdec/antenna/tag/e2806894000050038661fd4f, 83
1652705802.217593, sdrt-health/mac:02010b41cdec/antenna/tag/e2806894000050038662154f, 83
1652705802.251055, sdrt-health/mac:02010b41cdec/antenna/tag/e2806894000050038662154f, 93
1652705802.251456, sdrt-health/mac:02010b41cdec/antenna/tag/e28068940000400386621d4f, 77
1652705802.264787, sdrt-health/mac:02010b41cdec/antenna/tag/e2806894000050038661fd4f, 83
1652705802.265046, sdrt-health/mac:02010b41cdec/antenna/tag/e28068940000500386620d4f, 87
1652705802.295118, sdrt-health/mac:02010b41cdec/antenna/tag/e2806894000040038662114f, 88
1652705802.330698, sdrt-health/mac:02010b41cdec/antenna/tag/e28068940000500386620d4f, 85
1652705802.33101, sdrt-health/mac:02010b41cdec/antenna/tag/e2806894000040038662114f, 88
1652705802.350863, sdrt-health/mac:02010b41cdec/antenna/tag/e2806894000050038662154f, 88
1652705802.431634, sdrt-health/mac:02010b41cdec/antenna/tag/e28068940000400386621d4f, 96
1652705802.431886, sdrt-health/mac:02010b41cdec/antenna/tag/e2806894000050038662154f, 85
1652705802.465004, sdrt-health/mac:02010b41cdec/antenna/tag/e2806894000050038662154f, 88
1652705802.510933, sdrt-health/mac:02010b41cdec/antenna/tag/e2806894000050038661fd4f, 86
1652705802.555727, sdrt-health/mac:02010b41cdec/antenna/tag/e2806894000040038662114f, 88
1652705802.599146, sdrt-health/mac:02010b41cdec/antenna/tag/e2806894000050038662154f, 93
1652705802.659978, sdrt-health/mac:02010b41cdec/antenna/tag/e28068940000500386620d4f, 85
1652705802.660448, sdrt-health/mac:02010b41cdec/antenna/tag/e2806894000050038661fd4f, 90
1652705802.695267, sdrt-health/mac:02010b41cdec/antenna/tag/e2806894000040038662114f, 88
1652705802.750846, sdrt-health/mac:02010b41cdec/antenna/tag/e2806894000050038662194f, 88
1652705802.751385, sdrt-health/mac:02010b41cdec/antenna/tag/e28068940000400386621d4f, 96
1652705802.764699, sdrt-health/mac:02010b41cdec/antenna/tag/e2806894000040038662114f, 88
1652705802.784251, sdrt-health/mac:02010b41cdec/antenna/tag/e2806894000050038662154f, 85
1652705802.830847, sdrt-health/mac:02010b41cdec/antenna/tag/e28068940000400386621d4f, 96
1652705802.877721, sdrt-health/mac:02010b41cdec/antenna/tag/e2806894000050038662154f, 88
1652705802.917719, sdrt-health/mac:02010b41cdec/antenna/tag/e28068940000400386621d4f, 90
1652705802.955464, sdrt-health/mac:02010b41cdec/antenna/tag/e28068940000400386621d4f, 90
1652705802.987101, sdrt-health/mac:02010b41cdec/antenna/tag/e28068940000500386620d4f, 93
1652705802.987383, sdrt-health/mac:02010b41cdec/antenna/tag/e2806894000050038662154f, 85
1652705803.003621, sdrt-health/mac:02010b41cdec/antenna/tag/e2806894000050038661fd4f, 90
1652705803.003951, sdrt-health/mac:02010b41cdec/antenna/tag/e2806894000050038661fd4f, 86
1652705803.046026, sdrt-health/mac:02010b41cdec/antenna/tag/e28068940000500386620d4f, 81
1652705803.11147, sdrt-health/mac:02010b41cdec/antenna/tag/e2806894000040038662114f, 88
1652705803.111933, sdrt-health/mac:02010b41cdec/antenna/tag/e28068940000500386620d4f, 85
1652705803.125939, sdrt-health/mac:02010b41cdec/antenna/tag/e2806894000040038662114f, 93
1652705803.167776, sdrt-health/mac:02010b41cdec/antenna/tag/e2806894000040038662114f, 88
1652705803.168149, sdrt-health/mac:02010b41cdec/antenna/tag/e2806894000040038662114f, 85
1652705803.196547, sdrt-health/mac:02010b41cdec/antenna/tag/e2806894000040038661f94f, 83
1652705803.238702, sdrt-health/mac:02010b41cdec/antenna/tag/e28068940000500386620d4f, 87
1652705803.285668, sdrt-health/mac:02010b41cdec/antenna/tag/e2806894000040038662114f, 85
1652705803.336059, sdrt-health/mac:02010b41cdec/antenna/tag/e2806894000050038662154f, 88
1652705803.3757, sdrt-health/mac:02010b41cdec/antenna/tag/e2806894000050038661fd4f, 90
1652705803.435195, sdrt-health/mac:02010b41cdec/antenna/tag/e2806894000050038661fd4f, 86
1652705803.435685, sdrt-health/mac:02010b41cdec/antenna/tag/e2806894000040038662114f, 85
1652705803.471371, sdrt-health/mac:02010b41cdec/antenna/tag/e2806894000040038662114f, 88
1652705803.53328, sdrt-health/mac:02010b41cdec/antenna/tag/e28068940000500386620d4f, 87
1652705803.533731, sdrt-health/mac:02010b41cdec/antenna/tag/e28068940000400386621d4f, 90
1652705803.558137, sdrt-health/mac:02010b41cdec/antenna/tag/e2806894000050038661fd4f, 90
1652705803.596177, sdrt-health/mac:02010b41cdec/antenna/tag/e2806894000050038661fd4f, 86
1652705803.655318, sdrt-health/mac:02010b41cdec/antenna/tag/e2806894000050038662194f, 83
1652705803.655786, sdrt-health/mac:02010b41cdec/antenna/tag/e2806894000050038662194f, 83
1652705803.67112, sdrt-health/mac:02010b41cdec/antenna/tag/e2806894000040038662114f, 91
1652705803.671658, sdrt-health/mac:02010b41cdec/antenna/tag/e28068940000500386620d4f, 85
1652705803.84838, sdrt-health/mac:02010b41cdec/antenna/tag/e2806894000050038662154f, 93
1652705803.896598, sdrt-health/mac:02010b41cdec/antenna/tag/e28068940000500386620d4f, 87
1652705803.951918, sdrt-health/mac:02010b41cdec/antenna/tag/e2806894000050038661fd4f, 86
1652705803.952402, sdrt-health/mac:02010b41cdec/antenna/tag/e2806894000050038661fd4f, 86
1652705803.975411, sdrt-health/mac:02010b41cdec/antenna/tag/e28068940000400386621d4f, 90
1652705804.016009, sdrt-health/mac:02010b41cdec/antenna/tag/e28068940000400386621d4f, 90
1652705804.045337, sdrt-health/mac:02010b41cdec/antenna/tag/e2806894000050038662154f, 85
1652705804.045862, sdrt-health/mac:02010b41cdec/antenna/tag/e2806894000050038661fd4f, 86
1652705804.060153, sdrt-health/mac:02010b41cdec/antenna/tag/e2806894000050038661fd4f, 86
1652705804.113879, sdrt-health/mac:02010b41cdec/antenna/tag/e2806894000050038661fd4f, 86
1652705804.172144, sdrt-health/mac:02010b41cdec/antenna/tag/e2806894000050038662154f, 93
1652705804.172686, sdrt-health/mac:02010b41cdec/antenna/tag/e28068940000400386621d4f, 90
1652705804.18719, sdrt-health/mac:02010b41cdec/antenna/tag/e28068940000400386621d4f, 96
1652705804.246835, sdrt-health/mac:02010b41cdec/antenna/tag/e2806894000050038662154f, 87
1652705804.294955, sdrt-health/mac:02010b41cdec/antenna/tag/e28068940000400386621d4f, 96
1652705804.351919, sdrt-health/mac:02010b41cdec/antenna/tag/e2806894000040038662114f, 93
1652705804.353385, sdrt-health/mac:02010b41cdec/antenna/tag/e28068940000500386620d4f, 87
1652705804.368053, sdrt-health/mac:02010b41cdec/antenna/tag/e2806894000040038662114f, 91
1652705804.376114, sdrt-health/mac:02010b41cdec/antenna/tag/e28068940000500386620d4f, 93
1652705804.430964, sdrt-health/mac:02010b41cdec/antenna/tag/e2806894000040038661f94f, 88
1652705804.49186, sdrt-health/mac:02010b41cdec/antenna/tag/e2806894000040038662214f, 82
1652705804.492315, sdrt-health/mac:02010b41cdec/antenna/tag/e2806894000040038661f94f, 94
1652705804.518961, sdrt-health/mac:02010b41cdec/antenna/tag/e28068940000400386621d4f, 96
1652705804.580876, sdrt-health/mac:02010b41cdec/antenna/tag/e2806894000050038661fd4f, 83
1652705804.58138, sdrt-health/mac:02010b41cdec/antenna/tag/e2806894000040038662114f, 85
1652705804.596036, sdrt-health/mac:02010b41cdec/antenna/tag/e2806894000050038662154f, 81
1652705804.616322, sdrt-health/mac:02010b41cdec/antenna/tag/e2806894000050038661fd4f, 83
1652705804.671897, sdrt-health/mac:02010b41cdec/antenna/tag/e2806894000050038661fd4f, 86
1652705804.672404, sdrt-health/mac:02010b41cdec/antenna/tag/e2806894000050038662154f, 81
1652705804.686457, sdrt-health/mac:02010b41cdec/antenna/tag/e2806894000050038661fd4f, 86
1652705804.694882, sdrt-health/mac:02010b41cdec/antenna/tag/e28068940000400386621d4f, 77
1652705804.701738, sdrt-health/mac:02010b41cdec/antenna/tag/e2806894000050038662154f, 81
1652705804.701955, sdrt-health/mac:02010b41cdec/antenna/tag/e28068940000400386621d4f, 77
1652705804.736029, sdrt-health/mac:02010b41cdec/antenna/tag/e28068940000400386621d4f, 90
1652705804.775122, sdrt-health/mac:02010b41cdec/antenna/tag/e2806894000040038662114f, 91
1652705804.814609, sdrt-health/mac:02010b41cdec/antenna/tag/e2806894000040038662114f, 91
1652705804.856541, sdrt-health/mac:02010b41cdec/antenna/tag/e28068940000400386621d4f, 96
1652705804.910179, sdrt-health/mac:02010b41cdec/antenna/tag/e2806894000050038661fd4f, 86
1652705804.910788, sdrt-health/mac:02010b41cdec/antenna/tag/e2806894000050038662154f, 94
1652705804.926016, sdrt-health/mac:02010b41cdec/antenna/tag/e28068940000500386620d4f, 87
1652705804.92645, sdrt-health/mac:02010b41cdec/antenna/tag/e2806894000050038661fd4f, 86
1652705804.926935, sdrt-health/mac:02010b41cdec/antenna/tag/e28068940000400386621d4f, 77
1652705804.945934, sdrt-health/mac:02010b41cdec/antenna/tag/e28068940000500386620d4f, 87
1652705804.994306, sdrt-health/mac:02010b41cdec/antenna/tag/e2806894000050038661fd4f, 86
1652705805.043078, sdrt-health/mac:02010b41cdec/antenna/tag/e2806894000040038662114f, 85
1652705805.043587, sdrt-health/mac:02010b41cdec/antenna/tag/e28068940000400386621d4f, 90
1652705805.072485, sdrt-health/mac:02010b41cdec/antenna/tag/e2806894000040038662114f, 88
1652705805.127561, sdrt-health/mac:02010b41cdec/antenna/tag/e2806894000050038661fd4f, 86
1652705805.175983, sdrt-health/mac:02010b41cdec/antenna/tag/e2806894000050038662154f, 93
1652705805.246613, sdrt-health/mac:02010b41cdec/antenna/tag/e2806894000050038661fd4f, 86
1652705805.247247, sdrt-health/mac:02010b41cdec/antenna/tag/e2806894000040038662114f, 91
1652705805.261606, sdrt-health/mac:02010b41cdec/antenna/tag/e28068940000400386621d4f, 90
1652705805.276941, sdrt-health/mac:02010b41cdec/antenna/tag/e28068940000500386620d4f, 87
1652705805.319627, sdrt-health/mac:02010b41cdec/antenna/tag/e2806894000050038661fd4f, 86
1652705805.365679, sdrt-health/mac:02010b41cdec/antenna/tag/e28068940000500386620d4f, 87
1652705805.416969, sdrt-health/mac:02010b41cdec/antenna/tag/e2806894000040038662114f, 88
1652705805.456782, sdrt-health/mac:02010b41cdec/antenna/tag/e28068940000500386620d4f, 85
1652705805.5124, sdrt-health/mac:02010b41cdec/antenna/tag/e28068940000400386621d4f, 90
1652705805.513008, sdrt-health/mac:02010b41cdec/antenna/tag/e28068940000400386621d4f, 96
1652705805.550886, sdrt-health/mac:02010b41cdec/antenna/tag/e28068940000500386620d4f, 87
1652705805.623033, sdrt-health/mac:02010b41cdec/antenna/tag/e28068940000400386621d4f, 90
1652705805.623519, sdrt-health/mac:02010b41cdec/antenna/tag/e2806894000050038662154f, 85
1652705805.655178, sdrt-health/mac:02010b41cdec/antenna/tag/e2806894000040038662114f, 85
1652705805.695379, sdrt-health/mac:02010b41cdec/antenna/tag/e2806894000050038661fd4f, 83
1652705805.727996, sdrt-health/mac:02010b41cdec/antenna/tag/e28068940000500386620d4f, 85
1652705805.728415, sdrt-health/mac:02010b41cdec/antenna/tag/e2806894000040038662114f, 85
1652705805.742396, sdrt-health/mac:02010b41cdec/antenna/tag/e2806894000050038662194f, 94
1652705805.815256, sdrt-health/mac:02010b41cdec/antenna/tag/e2806894000050038662154f, 87
1652705805.855656, sdrt-health/mac:02010b41cdec/antenna/tag/e2806894000050038662194f, 94
1652705805.91049, sdrt-health/mac:02010b41cdec/antenna/tag/e2806894000050038662154f, 85
1652705805.910984, sdrt-health/mac:02010b41cdec/antenna/tag/e28068940000400386621d4f, 96
1652705805.935509, sdrt-health/mac:02010b41cdec/antenna/tag/e28068940000400386621d4f, 77
1652705805.976187, sdrt-health/mac:02010b41cdec/antenna/tag/e2806894000050038662154f, 94
1652705806.015708, sdrt-health/mac:02010b41cdec/antenna/tag/e2806894000050038661fd4f, 90
1652705806.069576, sdrt-health/mac:02010b41cdec/antenna/tag/e2806894000050038661fd4f, 86
1652705806.070097, sdrt-health/mac:02010b41cdec/antenna/tag/e2806894000050038661fd4f, 86
1652705806.109359, sdrt-health/mac:02010b41cdec/antenna/tag/e28068940000500386620d4f, 85
1652705806.17198, sdrt-health/mac:02010b41cdec/antenna/tag/e28068940000400386621d4f, 96
1652705806.17247, sdrt-health/mac:02010b41cdec/antenna/tag/e28068940000500386620d4f, 85
1652705806.198183, sdrt-health/mac:02010b41cdec/antenna/tag/e2806894000040038662114f, 88
1652705806.228052, sdrt-health/mac:02010b41cdec/antenna/tag/e28068940000400386621d4f, 96
1652705806.228361, sdrt-health/mac:02010b41cdec/antenna/tag/e28068940000500386620d4f, 87
1652705806.245429, sdrt-health/mac:02010b41cdec/antenna/tag/e28068940000400386621d4f, 96
1652705806.295493, sdrt-health/mac:02010b41cdec/antenna/tag/e2806894000050038662154f, 81
1652705806.335211, sdrt-health/mac:02010b41cdec/antenna/tag/e2806894000050038662154f, 88
1652705806.377066, sdrt-health/mac:02010b41cdec/antenna/tag/e2806894000050038661fd4f, 90
1652705806.447035, sdrt-health/mac:02010b41cdec/antenna/tag/e28068940000400386621d4f, 90
1652705806.447555, sdrt-health/mac:02010b41cdec/antenna/tag/e2806894000050038662154f, 85
1652705806.461648, sdrt-health/mac:02010b41cdec/antenna/tag/e28068940000500386620d4f, 87
1652705806.474819, sdrt-health/mac:02010b41cdec/antenna/tag/e28068940000500386620d4f, 93
1652705806.517587, sdrt-health/mac:02010b41cdec/antenna/tag/e2806894000050038662154f, 93
1652705806.607253, sdrt-health/mac:02010b41cdec/antenna/tag/e28068940000500386620d4f, 93
1652705806.607787, sdrt-health/mac:02010b41cdec/antenna/tag/e2806894000050038661fd4f, 86
1652705806.636002, sdrt-health/mac:02010b41cdec/antenna/tag/e28068940000500386620d4f, 85
1652705806.677865, sdrt-health/mac:02010b41cdec/antenna/tag/e2806894000050038661fd4f, 86
1652705806.719036, sdrt-health/mac:02010b41cdec/antenna/tag/e2806894000050038661fd4f, 86
1652705806.751028, sdrt-health/mac:02010b41cdec/antenna/tag/e2806894000040038662114f, 93
1652705806.751301, sdrt-health/mac:02010b41cdec/antenna/tag/e2806894000040038662114f, 85
1652705806.76625, sdrt-health/mac:02010b41cdec/antenna/tag/e28068940000500386620d4f, 85
1652705806.80587, sdrt-health/mac:02010b41cdec/antenna/tag/e2806894000050038661fd4f, 86
1652705806.855318, sdrt-health/mac:02010b41cdec/antenna/tag/e2806894000040038662114f, 85
1652705806.895674, sdrt-health/mac:02010b41cdec/antenna/tag/e28068940000400386621d4f, 96
1652705806.970196, sdrt-health/mac:02010b41cdec/antenna/tag/e2806894000040038662114f, 85
1652705806.970747, sdrt-health/mac:02010b41cdec/antenna/tag/e28068940000400386621d4f, 96
1652705806.997494, sdrt-health/mac:02010b41cdec/antenna/tag/e2806894000050038661fd4f, 86
1652705807.051663, sdrt-health/mac:02010b41cdec/antenna/tag/e2806894000050038662154f, 88
1652705807.052164, sdrt-health/mac:02010b41cdec/antenna/tag/e28068940000400386621d4f, 96
1652705807.06665, sdrt-health/mac:02010b41cdec/antenna/tag/e2806894000050038661fd4f, 86
1652705807.078962, sdrt-health/mac:02010b41cdec/antenna/tag/e2806894000050038661fd4f, 86
1652705807.150423, sdrt-health/mac:02010b41cdec/antenna/tag/e2806894000050038661fd4f, 86
1652705807.195596, sdrt-health/mac:02010b41cdec/antenna/tag/e28068940000500386620d4f, 87
1652705807.238079, sdrt-health/mac:02010b41cdec/antenna/tag/e28068940000400386621d4f, 96
1652705807.461558, sdrt-health/mac:02010b41cdec/antenna/tag/e28068940000500386620d4f, 87
1652705807.461778, sdrt-health/mac:02010b41cdec/antenna/tag/scan, scan stopped
