1652706192.055544, sdrt-health/mac:02010b41cdec/antenna/power/set, {"power": 300}
1652706193.163959, sdrt-health/mac:02010b41cdec/antenna/power/set, 
1652706197.077257, sdrt-health/mac:02010b41cdec/antenna/tag/scan, {"time": 20000}
1652706197.493968, sdrt-health/mac:02010b41cdec/antenna/tag/e28068940000400386621d4f, 96
1652706197.53319, sdrt-health/mac:02010b41cdec/antenna/tag/e28068940000500386620d4f, 85
1652706197.587614, sdrt-health/mac:02010b41cdec/antenna/tag/e2806894000050038662154f, 88
1652706197.587817, sdrt-health/mac:02010b41cdec/antenna/tag/e2806894000050038661fd4f, 86
1652706197.602154, sdrt-health/mac:02010b41cdec/antenna/tag/e2806894000050038662154f, 88
1652706197.614315, sdrt-health/mac:02010b41cdec/antenna/tag/e2806894000050038662194f, 81
1652706197.61788, sdrt-health/mac:02010b41cdec/antenna/tag/e28068940000500386620d4f, 85
1652706197.665445, sdrt-health/mac:02010b41cdec/antenna/tag/e2806894000040038662114f, 88
1652706197.734142, sdrt-health/mac:02010b41cdec/antenna/tag/e2806894000040038662054f, 81
1652706197.734348, sdrt-health/mac:02010b41cdec/antenna/tag/e2806894000050038662194f, 84
1652706197.748431, sdrt-health/mac:02010b41cdec/antenna/tag/e2806894000050038661fd4f, 90
1652706197.764877, sdrt-health/mac:02010b41cdec/antenna/tag/e2806894000050038662194f, 81
1652706197.802658, sdrt-health/mac:02010b41cdec/antenna/tag/e2806894000050038662154f, 85
1652706197.802917, sdrt-health/mac:02010b41cdec/antenna/tag/e2806894000050038661fd4f, 86
1652706197.817351, sdrt-health/mac:02010b41cdec/antenna/tag/e28068940000400386621d4f, 96
1652706197.817735, sdrt-health/mac:02010b41cdec/antenna/tag/e28068940000400386621d4f, 96
1652706197.868519, sdrt-health/mac:02010b41cdec/antenna/tag/e28068940000500386620d4f, 85
1652706197.912645, sdrt-health/mac:02010b41cdec/antenna/tag/e2806894000040038662114f, 85
1652706197.947256, sdrt-health/mac:02010b41cdec/antenna/tag/e2806894000050038661fd4f, 86
1652706197.947555, sdrt-health/mac:02010b41cdec/antenna/tag/e2806894000040038662114f, 88
1652706197.963957, sdrt-health/mac:02010b41cdec/antenna/tag/e2806894000050038662154f, 88
1652706197.964214, sdrt-health/mac:02010b41cdec/antenna/tag/e2806894000040038662114f, 85
1652706198.123879, sdrt-health/mac:02010b41cdec/antenna/tag/e2806894000050038661fd4f, 86
1652706198.164322, sdrt-health/mac:02010b41cdec/antenna/tag/e28068940000500386620d4f, 93
1652706198.214004, sdrt-health/mac:02010b41cdec/antenna/tag/e28068940000400386621d4f, 77
1652706198.272907, sdrt-health/mac:02010b41cdec/antenna/tag/e2806894000040038662114f, 85
1652706198.273126, sdrt-health/mac:02010b41cdec/antenna/tag/e2806894000050038661fd4f, 86
1652706198.30455, sdrt-health/mac:02010b41cdec/antenna/tag/e2806894000040038662114f, 85
1652706198.335605, sdrt-health/mac:02010b41cdec/antenna/tag/e28068940000500386620d4f, 85
1652706198.33583, sdrt-health/mac:02010b41cdec/antenna/tag/e2806894000040038662114f, 91
1652706198.335964, sdrt-health/mac:02010b41cdec/antenna/tag/e2806894000050038662154f, 85
1652706198.384464, sdrt-health/mac:02010b41cdec/antenna/tag/e28068940000500386620d4f, 93
1652706198.464611, sdrt-health/mac:02010b41cdec/antenna/tag/e28068940000500386620d4f, 85
1652706198.55444, sdrt-health/mac:02010b41cdec/antenna/tag/e2806894000040038662114f, 85
1652706198.613363, sdrt-health/mac:02010b41cdec/antenna/tag/e2806894000050038661fd4f, 90
1652706198.645544, sdrt-health/mac:02010b41cdec/antenna/tag/e2806894000050038662154f, 85
1652706198.64572, sdrt-health/mac:02010b41cdec/antenna/tag/e28068940000400386621d4f, 96
1652706198.661874, sdrt-health/mac:02010b41cdec/antenna/tag/e28068940000400386621d4f, 96
1652706198.703295, sdrt-health/mac:02010b41cdec/antenna/tag/e2806894000040038662114f, 85
1652706198.757677, sdrt-health/mac:02010b41cdec/antenna/tag/e2806894000050038662154f, 85
1652706198.820394, sdrt-health/mac:02010b41cdec/antenna/tag/e2806894000040038662114f, 85
1652706198.82065, sdrt-health/mac:02010b41cdec/antenna/tag/e2806894000040038662114f, 88
1652706198.835737, sdrt-health/mac:02010b41cdec/antenna/tag/e2806894000050038662154f, 85
1652706198.869699, sdrt-health/mac:02010b41cdec/antenna/tag/e28068940000400386621d4f, 96
1652706198.869913, sdrt-health/mac:02010b41cdec/antenna/tag/e2806894000050038662154f, 85
1652706198.918155, sdrt-health/mac:02010b41cdec/antenna/tag/e28068940000400386621d4f, 77
1652706198.963865, sdrt-health/mac:02010b41cdec/antenna/tag/e2806894000050038661fd4f, 86
1652706199.012978, sdrt-health/mac:02010b41cdec/antenna/tag/e28068940000500386620d4f, 85
1652706199.05762, sdrt-health/mac:02010b41cdec/antenna/tag/e2806894000050038662154f, 85
1652706199.093456, sdrt-health/mac:02010b41cdec/antenna/tag/e2806894000050038662154f, 85
1652706199.094226, sdrt-health/mac:02010b41cdec/antenna/tag/e2806894000040038661f94f, 87
1652706199.133945, sdrt-health/mac:02010b41cdec/antenna/tag/e2806894000050038662154f, 85
1652706199.246707, sdrt-health/mac:02010b41cdec/antenna/tag/e28068940000400386621d4f, 90
1652706199.311647, sdrt-health/mac:02010b41cdec/antenna/tag/e2806894000040038662054f, 88
1652706199.312185, sdrt-health/mac:02010b41cdec/antenna/tag/e2806894000040038662054f, 81
1652706199.329664, sdrt-health/mac:02010b41cdec/antenna/tag/e2806894000050038662194f, 94
1652706199.330692, sdrt-health/mac:02010b41cdec/antenna/tag/e2806894000050038662194f, 83
1652706199.331468, sdrt-health/mac:02010b41cdec/antenna/tag/e2806894000040038662054f, 84
1652706199.349366, sdrt-health/mac:02010b41cdec/antenna/tag/e28068940000500386620d4f, 85
1652706199.349594, sdrt-health/mac:02010b41cdec/antenna/tag/e2806894000050038662154f, 85
1652706199.435886, sdrt-health/mac:02010b41cdec/antenna/tag/e2806894000040038662214f, 88
1652706199.490396, sdrt-health/mac:02010b41cdec/antenna/tag/e2806894000040038661f94f, 88
1652706199.525863, sdrt-health/mac:02010b41cdec/antenna/tag/e2806894000050038662154f, 81
1652706199.582493, sdrt-health/mac:02010b41cdec/antenna/tag/e28068940000400386621d4f, 96
1652706199.648492, sdrt-health/mac:02010b41cdec/antenna/tag/e28068940000500386620d4f, 85
1652706199.649059, sdrt-health/mac:02010b41cdec/antenna/tag/e2806894000050038662154f, 85
1652706199.6639, sdrt-health/mac:02010b41cdec/antenna/tag/e28068940000400386621d4f, 96
1652706199.732045, sdrt-health/mac:02010b41cdec/antenna/tag/e2806894000050038662194f, 83
1652706199.732538, sdrt-health/mac:02010b41cdec/antenna/tag/e2806894000050038662194f, 81
1652706199.79791, sdrt-health/mac:02010b41cdec/antenna/tag/e28068940000500386620d4f, 85
1652706199.860689, sdrt-health/mac:02010b41cdec/antenna/tag/e2806894000040038662114f, 85
1652706199.861194, sdrt-health/mac:02010b41cdec/antenna/tag/e2806894000040038662114f, 85
1652706199.876083, sdrt-health/mac:02010b41cdec/antenna/tag/e2806894000050038661fd4f, 83
1652706199.903129, sdrt-health/mac:02010b41cdec/antenna/tag/e2806894000050038662194f, 100
1652706199.903451, sdrt-health/mac:02010b41cdec/antenna/tag/e2806894000050038662154f, 87
1652706199.948555, sdrt-health/mac:02010b41cdec/antenna/tag/e2806894000040038662054f, 84
1652706200.013482, sdrt-health/mac:02010b41cdec/antenna/tag/e28068940000500386620d4f, 85
1652706200.013929, sdrt-health/mac:02010b41cdec/antenna/tag/e2806894000040038662114f, 88
1652706200.029018, sdrt-health/mac:02010b41cdec/antenna/tag/e2806894000050038662154f, 91
1652706200.038681, sdrt-health/mac:02010b41cdec/antenna/tag/e28068940000400386621d4f, 77
1652706200.044735, sdrt-health/mac:02010b41cdec/antenna/tag/e28068940000500386620d4f, 85
1652706200.044954, sdrt-health/mac:02010b41cdec/antenna/tag/e28068940000400386621d4f, 96
1652706200.084746, sdrt-health/mac:02010b41cdec/antenna/tag/e28068940000400386621d4f, 90
1652706200.143083, sdrt-health/mac:02010b41cdec/antenna/tag/e2806894000050038661fd4f, 90
1652706200.211158, sdrt-health/mac:02010b41cdec/antenna/tag/e2806894000040038662114f, 88
1652706200.211701, sdrt-health/mac:02010b41cdec/antenna/tag/e28068940000500386620d4f, 85
1652706200.212088, sdrt-health/mac:02010b41cdec/antenna/tag/e2806894000050038661fd4f, 90
1652706200.226122, sdrt-health/mac:02010b41cdec/antenna/tag/e2806894000040038662114f, 85
1652706200.233924, sdrt-health/mac:02010b41cdec/antenna/tag/e28068940000400386621d4f, 96
1652706200.277623, sdrt-health/mac:02010b41cdec/antenna/tag/e2806894000040038662114f, 85
1652706200.309694, sdrt-health/mac:02010b41cdec/antenna/tag/e2806894000050038661fd4f, 90
1652706200.310039, sdrt-health/mac:02010b41cdec/antenna/tag/e28068940000500386620d4f, 93
1652706200.310342, sdrt-health/mac:02010b41cdec/antenna/tag/e2806894000050038661fd4f, 90
1652706200.332349, sdrt-health/mac:02010b41cdec/antenna/tag/e2806894000040038662114f, 85
1652706200.391053, sdrt-health/mac:02010b41cdec/antenna/tag/e2806894000050038662154f, 88
1652706200.391499, sdrt-health/mac:02010b41cdec/antenna/tag/e2806894000050038662154f, 83
1652706200.416123, sdrt-health/mac:02010b41cdec/antenna/tag/e2806894000040038662114f, 85
1652706200.553416, sdrt-health/mac:02010b41cdec/antenna/tag/e2806894000050038662194f, 81
1652706200.585437, sdrt-health/mac:02010b41cdec/antenna/tag/e2806894000040038662054f, 82
1652706200.58589, sdrt-health/mac:02010b41cdec/antenna/tag/e2806894000050038662154f, 88
1652706200.586349, sdrt-health/mac:02010b41cdec/antenna/tag/e2806894000040038662114f, 88
1652706200.637523, sdrt-health/mac:02010b41cdec/antenna/tag/e2806894000050038662154f, 88
1652706200.672743, sdrt-health/mac:02010b41cdec/antenna/tag/e2806894000040038662114f, 88
1652706200.673014, sdrt-health/mac:02010b41cdec/antenna/tag/e2806894000050038662154f, 85
1652706200.688267, sdrt-health/mac:02010b41cdec/antenna/tag/e2806894000040038662054f, 110
1652706200.688515, sdrt-health/mac:02010b41cdec/antenna/tag/e2806894000050038661fd4f, 86
1652706200.688666, sdrt-health/mac:02010b41cdec/antenna/tag/e28068940000400386621d4f, 90
1652706200.726998, sdrt-health/mac:02010b41cdec/antenna/tag/e28068940000500386620d4f, 87
1652706200.775825, sdrt-health/mac:02010b41cdec/antenna/tag/e2806894000040038661f94f, 84
1652706200.807964, sdrt-health/mac:02010b41cdec/antenna/tag/e2806894000040038661f94f, 94
1652706200.808348, sdrt-health/mac:02010b41cdec/antenna/tag/e2806894000050038662194f, 81
1652706200.808628, sdrt-health/mac:02010b41cdec/antenna/tag/e2806894000050038661fd4f, 83
1652706200.824764, sdrt-health/mac:02010b41cdec/antenna/tag/e2806894000040038661f94f, 82
1652706200.854168, sdrt-health/mac:02010b41cdec/antenna/tag/e2806894000050038662154f, 87
1652706200.910255, sdrt-health/mac:02010b41cdec/antenna/tag/e2806894000050038662194f, 81
1652706200.910759, sdrt-health/mac:02010b41cdec/antenna/tag/e2806894000050038661fd4f, 86
1652706200.925815, sdrt-health/mac:02010b41cdec/antenna/tag/e28068940000500386620d4f, 93
1652706200.956139, sdrt-health/mac:02010b41cdec/antenna/tag/e2806894000050038662194f, 82
1652706200.956463, sdrt-health/mac:02010b41cdec/antenna/tag/e2806894000040038661f94f, 84
1652706200.973483, sdrt-health/mac:02010b41cdec/antenna/tag/e2806894000040038662114f, 85
1652706201.022574, sdrt-health/mac:02010b41cdec/antenna/tag/e28068940000400386621d4f, 96
1652706201.056363, sdrt-health/mac:02010b41cdec/antenna/tag/e2806894000050038661fd4f, 86
1652706201.05669, sdrt-health/mac:02010b41cdec/antenna/tag/e28068940000500386620d4f, 85
1652706201.071456, sdrt-health/mac:02010b41cdec/antenna/tag/e2806894000040038662114f, 85
1652706201.1595, sdrt-health/mac:02010b41cdec/antenna/tag/e2806894000050038661fd4f, 90
1652706201.204086, sdrt-health/mac:02010b41cdec/antenna/tag/e2806894000040038662114f, 85
1652706201.274167, sdrt-health/mac:02010b41cdec/antenna/tag/e2806894000040038661f94f, 84
1652706201.27464, sdrt-health/mac:02010b41cdec/antenna/tag/e2806894000050038661fd4f, 86
1652706201.292389, sdrt-health/mac:02010b41cdec/antenna/tag/e2806894000050038662194f, 81
1652706201.308842, sdrt-health/mac:02010b41cdec/antenna/tag/e2806894000050038662154f, 85
1652706201.373997, sdrt-health/mac:02010b41cdec/antenna/tag/e2806894000050038661fd4f, 86
1652706201.374513, sdrt-health/mac:02010b41cdec/antenna/tag/e2806894000050038662194f, 83
1652706201.426351, sdrt-health/mac:02010b41cdec/antenna/tag/e2806894000040038662114f, 88
1652706201.470253, sdrt-health/mac:02010b41cdec/antenna/tag/e28068940000500386620d4f, 83
1652706201.514469, sdrt-health/mac:02010b41cdec/antenna/tag/e2806894000050038661fd4f, 90
1652706201.565462, sdrt-health/mac:02010b41cdec/antenna/tag/e2806894000050038661fd4f, 90
1652706201.623117, sdrt-health/mac:02010b41cdec/antenna/tag/e2806894000040038662114f, 88
1652706201.623662, sdrt-health/mac:02010b41cdec/antenna/tag/e2806894000050038662154f, 85
1652706201.660335, sdrt-health/mac:02010b41cdec/antenna/tag/e28068940000400386621d4f, 96
1652706201.695455, sdrt-health/mac:02010b41cdec/antenna/tag/e2806894000040038662114f, 85
1652706201.730692, sdrt-health/mac:02010b41cdec/antenna/tag/e28068940000500386620d4f, 85
1652706201.731176, sdrt-health/mac:02010b41cdec/antenna/tag/e2806894000040038661f94f, 94
1652706201.774581, sdrt-health/mac:02010b41cdec/antenna/tag/e28068940000500386620d4f, 85
1652706201.813381, sdrt-health/mac:02010b41cdec/antenna/tag/e2806894000050038662154f, 93
1652706201.849661, sdrt-health/mac:02010b41cdec/antenna/tag/e2806894000040038662114f, 85
1652706201.850033, sdrt-health/mac:02010b41cdec/antenna/tag/e2806894000050038661fd4f, 83
1652706201.864955, sdrt-health/mac:02010b41cdec/antenna/tag/e2806894000050038662194f, 94
1652706201.865187, sdrt-health/mac:02010b41cdec/antenna/tag/e2806894000040038662114f, 85
1652706201.895811, sdrt-health/mac:02010b41cdec/antenna/tag/e28068940000400386621d4f, 77
1652706201.951747, sdrt-health/mac:02010b41cdec/antenna/tag/e28068940000500386620d4f, 88
1652706201.984861, sdrt-health/mac:02010b41cdec/antenna/tag/e2806894000040038662114f, 85
1652706201.985241, sdrt-health/mac:02010b41cdec/antenna/tag/e28068940000500386620d4f, 85
1652706202.001496, sdrt-health/mac:02010b41cdec/antenna/tag/e28068940000400386621d4f, 96
1652706202.00181, sdrt-health/mac:02010b41cdec/antenna/tag/e2806894000040038662114f, 85
1652706202.039339, sdrt-health/mac:02010b41cdec/antenna/tag/e28068940000500386620d4f, 85
1652706202.102787, sdrt-health/mac:02010b41cdec/antenna/tag/e2806894000040038662054f, 88
1652706202.103237, sdrt-health/mac:02010b41cdec/antenna/tag/e2806894000050038662194f, 84
1652706202.137081, sdrt-health/mac:02010b41cdec/antenna/tag/e2806894000050038662154f, 87
1652706202.170325, sdrt-health/mac:02010b41cdec/antenna/tag/e2806894000040038662114f, 88
1652706202.170628, sdrt-health/mac:02010b41cdec/antenna/tag/e2806894000050038662154f, 83
1652706202.186677, sdrt-health/mac:02010b41cdec/antenna/tag/e28068940000500386620d4f, 87
1652706202.186883, sdrt-health/mac:02010b41cdec/antenna/tag/e2806894000050038661fd4f, 86
1652706202.187001, sdrt-health/mac:02010b41cdec/antenna/tag/e2806894000050038662194f, 81
1652706202.214529, sdrt-health/mac:02010b41cdec/antenna/tag/e28068940000400386621d4f, 77
1652706202.254257, sdrt-health/mac:02010b41cdec/antenna/tag/e2806894000040038662114f, 93
1652706202.314288, sdrt-health/mac:02010b41cdec/antenna/tag/e2806894000050038662154f, 83
1652706202.314742, sdrt-health/mac:02010b41cdec/antenna/tag/e2806894000050038662194f, 87
1652706202.338482, sdrt-health/mac:02010b41cdec/antenna/tag/e28068940000500386620d4f, 83
1652706202.391365, sdrt-health/mac:02010b41cdec/antenna/tag/e2806894000050038662154f, 81
1652706202.39179, sdrt-health/mac:02010b41cdec/antenna/tag/e2806894000050038661fd4f, 83
1652706202.40941, sdrt-health/mac:02010b41cdec/antenna/tag/e2806894000050038662194f, 84
1652706202.429168, sdrt-health/mac:02010b41cdec/antenna/tag/e28068940000500386620d4f, 85
1652706202.474593, sdrt-health/mac:02010b41cdec/antenna/tag/e2806894000040038662114f, 88
1652706202.504285, sdrt-health/mac:02010b41cdec/antenna/tag/e2806894000050038661fd4f, 86
1652706202.504554, sdrt-health/mac:02010b41cdec/antenna/tag/e2806894000040038662114f, 85
1652706202.555452, sdrt-health/mac:02010b41cdec/antenna/tag/e28068940000500386620d4f, 87
1652706202.598099, sdrt-health/mac:02010b41cdec/antenna/tag/e2806894000040038662114f, 85
1652706202.678282, sdrt-health/mac:02010b41cdec/antenna/tag/e2806894000040038662054f, 81
1652706202.733698, sdrt-health/mac:02010b41cdec/antenna/tag/e2806894000050038661fd4f, 86
1652706202.773333, sdrt-health/mac:02010b41cdec/antenna/tag/e2806894000050038662154f, 85
1652706202.830059, sdrt-health/mac:02010b41cdec/antenna/tag/e2806894000050038662194f, 83
1652706202.899125, sdrt-health/mac:02010b41cdec/antenna/tag/e2806894000050038662154f, 93
1652706202.900534, sdrt-health/mac:02010b41cdec/antenna/tag/e28068940000400386621d4f, 96
1652706202.915189, sdrt-health/mac:02010b41cdec/antenna/tag/e2806894000040038662114f, 88
1652706202.9157, sdrt-health/mac:02010b41cdec/antenna/tag/e2806894000050038662154f, 85
1652706202.964034, sdrt-health/mac:02010b41cdec/antenna/tag/e28068940000500386620d4f, 87
1652706203.013923, sdrt-health/mac:02010b41cdec/antenna/tag/e2806894000050038662154f, 81
1652706203.08457, sdrt-health/mac:02010b41cdec/antenna/tag/e2806894000050038662154f, 85
1652706203.125688, sdrt-health/mac:02010b41cdec/antenna/tag/e2806894000040038662054f, 94
1652706203.174814, sdrt-health/mac:02010b41cdec/antenna/tag/e28068940000400386621d4f, 90
1652706203.228702, sdrt-health/mac:02010b41cdec/antenna/tag/e28068940000500386620d4f, 93
1652706203.229142, sdrt-health/mac:02010b41cdec/antenna/tag/e28068940000500386620d4f, 85
1652706203.263761, sdrt-health/mac:02010b41cdec/antenna/tag/e2806894000050038661fd4f, 90
1652706203.361125, sdrt-health/mac:02010b41cdec/antenna/tag/e28068940000500386620d4f, 93
1652706203.361671, sdrt-health/mac:02010b41cdec/antenna/tag/e28068940000500386620d4f, 85
1652706203.38912, sdrt-health/mac:02010b41cdec/antenna/tag/e2806894000050038661fd4f, 83
1652706203.459336, sdrt-health/mac:02010b41cdec/antenna/tag/e2806894000040038661f94f, 88
1652706203.459794, sdrt-health/mac:02010b41cdec/antenna/tag/e2806894000040038661f94f, 84
1652706203.493008, sdrt-health/mac:02010b41cdec/antenna/tag/e2806894000050038662194f, 87
1652706203.523736, sdrt-health/mac:02010b41cdec/antenna/tag/e28068940000400386621d4f, 96
1652706203.523942, sdrt-health/mac:02010b41cdec/antenna/tag/e2806894000050038662194f, 81
1652706203.524083, sdrt-health/mac:02010b41cdec/antenna/tag/e28068940000400386621d4f, 96
1652706203.543336, sdrt-health/mac:02010b41cdec/antenna/tag/e28068940000500386620d4f, 87
1652706203.57336, sdrt-health/mac:02010b41cdec/antenna/tag/e28068940000400386621d4f, 77
1652706203.635774, sdrt-health/mac:02010b41cdec/antenna/tag/e2806894000040038662114f, 85
1652706203.673983, sdrt-health/mac:02010b41cdec/antenna/tag/e2806894000050038661fd4f, 86
1652706203.704718, sdrt-health/mac:02010b41cdec/antenna/tag/e28068940000500386620d4f, 87
1652706203.705209, sdrt-health/mac:02010b41cdec/antenna/tag/e2806894000050038662194f, 81
1652706203.720916, sdrt-health/mac:02010b41cdec/antenna/tag/e28068940000500386620d4f, 85
1652706203.721087, sdrt-health/mac:02010b41cdec/antenna/tag/e2806894000050038661fd4f, 90
1652706203.763662, sdrt-health/mac:02010b41cdec/antenna/tag/e28068940000400386621d4f, 96
1652706203.765188, sdrt-health/mac:02010b41cdec/antenna/tag/e2806894000050038662154f, 88
1652706203.817575, sdrt-health/mac:02010b41cdec/antenna/tag/e2806894000050038661fd4f, 86
1652706203.907123, sdrt-health/mac:02010b41cdec/antenna/tag/e28068940000500386620d4f, 85
1652706203.907588, sdrt-health/mac:02010b41cdec/antenna/tag/e28068940000400386621d4f, 96
1652706204.052979, sdrt-health/mac:02010b41cdec/antenna/tag/e28068940000500386620d4f, 85
1652706204.108862, sdrt-health/mac:02010b41cdec/antenna/tag/e2806894000040038662114f, 85
1652706204.168896, sdrt-health/mac:02010b41cdec/antenna/tag/e2806894000040038662114f, 91
1652706204.169247, sdrt-health/mac:02010b41cdec/antenna/tag/e2806894000040038662054f, 82
1652706204.206971, sdrt-health/mac:02010b41cdec/antenna/tag/e2806894000050038661fd4f, 90
1652706204.27125, sdrt-health/mac:02010b41cdec/antenna/tag/e2806894000050038662194f, 84
1652706204.271751, sdrt-health/mac:02010b41cdec/antenna/tag/e28068940000400386621d4f, 96
1652706204.30465, sdrt-health/mac:02010b41cdec/antenna/tag/e28068940000500386620d4f, 93
1652706204.400568, sdrt-health/mac:02010b41cdec/antenna/tag/e2806894000050038662194f, 83
1652706204.401144, sdrt-health/mac:02010b41cdec/antenna/tag/e2806894000040038662054f, 81
1652706204.42977, sdrt-health/mac:02010b41cdec/antenna/tag/e2806894000050038661fd4f, 86
1652706204.488856, sdrt-health/mac:02010b41cdec/antenna/tag/e2806894000040038662054f, 94
1652706204.48932, sdrt-health/mac:02010b41cdec/antenna/tag/e2806894000050038662154f, 85
1652706204.516166, sdrt-health/mac:02010b41cdec/antenna/tag/e2806894000040038662114f, 85
1652706204.563078, sdrt-health/mac:02010b41cdec/antenna/tag/e2806894000050038661fd4f, 86
1652706204.624067, sdrt-health/mac:02010b41cdec/antenna/tag/e2806894000050038662154f, 88
1652706204.6724, sdrt-health/mac:02010b41cdec/antenna/tag/e28068940000400386621d4f, 96
1652706204.723922, sdrt-health/mac:02010b41cdec/antenna/tag/e2806894000050038662154f, 88
1652706204.799356, sdrt-health/mac:02010b41cdec/antenna/tag/e28068940000500386620d4f, 85
1652706204.799863, sdrt-health/mac:02010b41cdec/antenna/tag/e28068940000400386621d4f, 96
1652706204.829371, sdrt-health/mac:02010b41cdec/antenna/tag/e28068940000500386620d4f, 85
1652706204.910626, sdrt-health/mac:02010b41cdec/antenna/tag/e2806894000040038662114f, 85
1652706204.911163, sdrt-health/mac:02010b41cdec/antenna/tag/e2806894000050038661fd4f, 86
1652706204.935388, sdrt-health/mac:02010b41cdec/antenna/tag/e2806894000050038662154f, 85
1652706204.97532, sdrt-health/mac:02010b41cdec/antenna/tag/e28068940000400386621d4f, 96
1652706205.092456, sdrt-health/mac:02010b41cdec/antenna/tag/e2806894000050038661fd4f, 90
1652706205.134102, sdrt-health/mac:02010b41cdec/antenna/tag/e2806894000040038662114f, 88
1652706205.187971, sdrt-health/mac:02010b41cdec/antenna/tag/e2806894000040038662114f, 88
1652706205.188479, sdrt-health/mac:02010b41cdec/antenna/tag/e2806894000040038662114f, 88
1652706205.202275, sdrt-health/mac:02010b41cdec/antenna/tag/e28068940000400386621d4f, 96
1652706205.213939, sdrt-health/mac:02010b41cdec/antenna/tag/e28068940000500386620d4f, 85
1652706205.217562, sdrt-health/mac:02010b41cdec/antenna/tag/e2806894000050038661fd4f, 90
1652706205.25448, sdrt-health/mac:02010b41cdec/antenna/tag/e2806894000050038662154f, 88
1652706205.323884, sdrt-health/mac:02010b41cdec/antenna/tag/e28068940000400386621d4f, 96
1652706205.324348, sdrt-health/mac:02010b41cdec/antenna/tag/e2806894000040038661f94f, 94
1652706205.338442, sdrt-health/mac:02010b41cdec/antenna/tag/e28068940000400386621d4f, 96
1652706205.375185, sdrt-health/mac:02010b41cdec/antenna/tag/e28068940000400386621d4f, 96
1652706205.375462, sdrt-health/mac:02010b41cdec/antenna/tag/e28068940000500386620d4f, 85
1652706205.375655, sdrt-health/mac:02010b41cdec/antenna/tag/e2806894000040038662114f, 85
1652706205.404343, sdrt-health/mac:02010b41cdec/antenna/tag/e2806894000050038662154f, 85
1652706205.460281, sdrt-health/mac:02010b41cdec/antenna/tag/e28068940000400386621d4f, 96
1652706205.460781, sdrt-health/mac:02010b41cdec/antenna/tag/e2806894000040038662214f, 81
1652706205.477006, sdrt-health/mac:02010b41cdec/antenna/tag/e2806894000040038662054f, 94
1652706205.495601, sdrt-health/mac:02010b41cdec/antenna/tag/e28068940000500386620d4f, 93
1652706205.53431, sdrt-health/mac:02010b41cdec/antenna/tag/e2806894000050038662154f, 85
1652706205.586798, sdrt-health/mac:02010b41cdec/antenna/tag/e2806894000050038661fd4f, 90
1652706205.694888, sdrt-health/mac:02010b41cdec/antenna/tag/e2806894000050038662194f, 81
1652706205.755119, sdrt-health/mac:02010b41cdec/antenna/tag/e28068940000500386620d4f, 85
1652706205.786057, sdrt-health/mac:02010b41cdec/antenna/tag/e2806894000040038662114f, 91
1652706205.786413, sdrt-health/mac:02010b41cdec/antenna/tag/e2806894000050038661fd4f, 90
1652706205.799983, sdrt-health/mac:02010b41cdec/antenna/tag/e2806894000050038662154f, 93
1652706205.843524, sdrt-health/mac:02010b41cdec/antenna/tag/e2806894000050038662154f, 85
1652706205.893367, sdrt-health/mac:02010b41cdec/antenna/tag/e28068940000400386621d4f, 90
1652706205.95127, sdrt-health/mac:02010b41cdec/antenna/tag/e2806894000050038661fd4f, 90
1652706205.951724, sdrt-health/mac:02010b41cdec/antenna/tag/e28068940000500386620d4f, 85
1652706205.966995, sdrt-health/mac:02010b41cdec/antenna/tag/e2806894000040038661f94f, 94
1652706205.984584, sdrt-health/mac:02010b41cdec/antenna/tag/e28068940000500386620d4f, 93
1652706206.037148, sdrt-health/mac:02010b41cdec/antenna/tag/e2806894000040038661f94f, 81
1652706206.083616, sdrt-health/mac:02010b41cdec/antenna/tag/e2806894000040038662114f, 88
1652706206.134011, sdrt-health/mac:02010b41cdec/antenna/tag/e2806894000050038662154f, 85
1652706206.174202, sdrt-health/mac:02010b41cdec/antenna/tag/e28068940000500386620d4f, 93
1652706206.216012, sdrt-health/mac:02010b41cdec/antenna/tag/e2806894000050038661fd4f, 86
1652706206.253873, sdrt-health/mac:02010b41cdec/antenna/tag/e2806894000050038662194f, 83
1652706206.313519, sdrt-health/mac:02010b41cdec/antenna/tag/e2806894000050038661fd4f, 86
1652706206.313979, sdrt-health/mac:02010b41cdec/antenna/tag/e2806894000050038662194f, 81
1652706206.335862, sdrt-health/mac:02010b41cdec/antenna/tag/e2806894000040038662214f, 110
1652706206.386562, sdrt-health/mac:02010b41cdec/antenna/tag/e2806894000040038661f94f, 94
1652706206.431308, sdrt-health/mac:02010b41cdec/antenna/tag/e2806894000050038662194f, 88
1652706206.476736, sdrt-health/mac:02010b41cdec/antenna/tag/e2806894000050038661fd4f, 86
1652706206.516569, sdrt-health/mac:02010b41cdec/antenna/tag/e2806894000050038662194f, 81
1652706206.608039, sdrt-health/mac:02010b41cdec/antenna/tag/e2806894000050038661fd4f, 90
1652706206.608665, sdrt-health/mac:02010b41cdec/antenna/tag/e2806894000050038662154f, 85
1652706206.635307, sdrt-health/mac:02010b41cdec/antenna/tag/e28068940000500386620d4f, 85
1652706206.708916, sdrt-health/mac:02010b41cdec/antenna/tag/e2806894000040038662114f, 85
1652706206.751226, sdrt-health/mac:02010b41cdec/antenna/tag/e2806894000050038661fd4f, 90
1652706206.845026, sdrt-health/mac:02010b41cdec/antenna/tag/e28068940000400386621d4f, 96
1652706206.845702, sdrt-health/mac:02010b41cdec/antenna/tag/e2806894000040038662054f, 94
1652706206.874884, sdrt-health/mac:02010b41cdec/antenna/tag/e2806894000050038662194f, 81
1652706206.907202, sdrt-health/mac:02010b41cdec/antenna/tag/e2806894000040038661f94f, 94
1652706206.907464, sdrt-health/mac:02010b41cdec/antenna/tag/e2806894000050038661fd4f, 83
1652706206.924422, sdrt-health/mac:02010b41cdec/antenna/tag/e28068940000500386620d4f, 93
1652706206.989316, sdrt-health/mac:02010b41cdec/antenna/tag/e28068940000500386620d4f, 93
1652706206.989769, sdrt-health/mac:02010b41cdec/antenna/tag/e2806894000040038662114f, 88
1652706207.014543, sdrt-health/mac:02010b41cdec/antenna/tag/e2806894000050038662154f, 88
1652706207.046199, sdrt-health/mac:02010b41cdec/antenna/tag/e2806894000040038662114f, 85
1652706207.046496, sdrt-health/mac:02010b41cdec/antenna/tag/e28068940000400386621d4f, 96
1652706207.046723, sdrt-health/mac:02010b41cdec/antenna/tag/e2806894000050038661fd4f, 90
1652706207.061819, sdrt-health/mac:02010b41cdec/antenna/tag/e28068940000400386621d4f, 96
1652706207.104397, sdrt-health/mac:02010b41cdec/antenna/tag/e28068940000400386621d4f, 96
1652706207.149668, sdrt-health/mac:02010b41cdec/antenna/tag/e28068940000400386621d4f, 90
1652706207.210576, sdrt-health/mac:02010b41cdec/antenna/tag/e28068940000500386620d4f, 93
1652706207.21114, sdrt-health/mac:02010b41cdec/antenna/tag/e28068940000400386621d4f, 90
1652706207.226231, sdrt-health/mac:02010b41cdec/antenna/tag/e2806894000050038662154f, 85
1652706207.226754, sdrt-health/mac:02010b41cdec/antenna/tag/e2806894000040038662114f, 88
1652706207.238044, sdrt-health/mac:02010b41cdec/antenna/tag/e2806894000040038661f94f, 84
1652706207.284175, sdrt-health/mac:02010b41cdec/antenna/tag/e28068940000400386621d4f, 77
1652706207.334848, sdrt-health/mac:02010b41cdec/antenna/tag/e2806894000050038661fd4f, 83
1652706207.390292, sdrt-health/mac:02010b41cdec/antenna/tag/e28068940000400386621d4f, 77
1652706207.390802, sdrt-health/mac:02010b41cdec/antenna/tag/e2806894000050038662194f, 81
1652706207.405103, sdrt-health/mac:02010b41cdec/antenna/tag/e2806894000040038662114f, 85
1652706207.444064, sdrt-health/mac:02010b41cdec/antenna/tag/e2806894000040038661f94f, 94
1652706207.495203, sdrt-health/mac:02010b41cdec/antenna/tag/e2806894000040038662114f, 88
1652706207.537026, sdrt-health/mac:02010b41cdec/antenna/tag/e28068940000400386621d4f, 96
1652706207.587845, sdrt-health/mac:02010b41cdec/antenna/tag/e2806894000040038662114f, 85
1652706207.588314, sdrt-health/mac:02010b41cdec/antenna/tag/e28068940000400386621d4f, 77
1652706207.613626, sdrt-health/mac:02010b41cdec/antenna/tag/e2806894000050038662154f, 88
1652706207.735673, sdrt-health/mac:02010b41cdec/antenna/tag/e2806894000040038661f94f, 94
1652706207.764761, sdrt-health/mac:02010b41cdec/antenna/tag/e2806894000050038661fd4f, 90
1652706207.765294, sdrt-health/mac:02010b41cdec/antenna/tag/e28068940000400386621d4f, 96
1652706207.765759, sdrt-health/mac:02010b41cdec/antenna/tag/e2806894000040038661f94f, 82
1652706207.778698, sdrt-health/mac:02010b41cdec/antenna/tag/e28068940000400386621d4f, 90
1652706207.823396, sdrt-health/mac:02010b41cdec/antenna/tag/e28068940000400386621d4f, 96
1652706207.882591, sdrt-health/mac:02010b41cdec/antenna/tag/e2806894000040038662114f, 88
1652706207.883013, sdrt-health/mac:02010b41cdec/antenna/tag/e2806894000050038661fd4f, 90
1652706207.913394, sdrt-health/mac:02010b41cdec/antenna/tag/e2806894000050038661fd4f, 86
1652706207.973697, sdrt-health/mac:02010b41cdec/antenna/tag/e2806894000040038662114f, 85
1652706207.974141, sdrt-health/mac:02010b41cdec/antenna/tag/e28068940000500386620d4f, 83
1652706208.014849, sdrt-health/mac:02010b41cdec/antenna/tag/e2806894000050038662154f, 81
1652706208.071114, sdrt-health/mac:02010b41cdec/antenna/tag/e28068940000500386620d4f, 85
1652706208.071581, sdrt-health/mac:02010b41cdec/antenna/tag/e2806894000050038661fd4f, 90
1652706208.085041, sdrt-health/mac:02010b41cdec/antenna/tag/e28068940000500386620d4f, 85
1652706208.111221, sdrt-health/mac:02010b41cdec/antenna/tag/e2806894000040038662114f, 91
1652706208.17318, sdrt-health/mac:02010b41cdec/antenna/tag/e2806894000050038662194f, 81
1652706208.173566, sdrt-health/mac:02010b41cdec/antenna/tag/e2806894000040038661f94f, 81
1652706208.198358, sdrt-health/mac:02010b41cdec/antenna/tag/e28068940000500386620d4f, 85
1652706208.244059, sdrt-health/mac:02010b41cdec/antenna/tag/e2806894000040038661f94f, 94
1652706208.293711, sdrt-health/mac:02010b41cdec/antenna/tag/e28068940000500386620d4f, 93
1652706208.333439, sdrt-health/mac:02010b41cdec/antenna/tag/e28068940000400386621d4f, 96
1652706208.374405, sdrt-health/mac:02010b41cdec/antenna/tag/e2806894000050038662154f, 87
1652706208.429575, sdrt-health/mac:02010b41cdec/antenna/tag/e2806894000050038662194f, 83
1652706208.430226, sdrt-health/mac:02010b41cdec/antenna/tag/e2806894000050038661fd4f, 86
1652706208.454526, sdrt-health/mac:02010b41cdec/antenna/tag/e2806894000040038662114f, 88
1652706208.510116, sdrt-health/mac:02010b41cdec/antenna/tag/e2806894000050038661fd4f, 86
1652706208.553855, sdrt-health/mac:02010b41cdec/antenna/tag/e2806894000050038662194f, 84
1652706208.613952, sdrt-health/mac:02010b41cdec/antenna/tag/e2806894000040038662114f, 85
1652706208.614502, sdrt-health/mac:02010b41cdec/antenna/tag/e2806894000050038661fd4f, 86
1652706208.628854, sdrt-health/mac:02010b41cdec/antenna/tag/e2806894000050038662194f, 84
1652706208.659853, sdrt-health/mac:02010b41cdec/antenna/tag/e2806894000050038662154f, 93
1652706208.660265, sdrt-health/mac:02010b41cdec/antenna/tag/e28068940000500386620d4f, 85
1652706208.694446, sdrt-health/mac:02010b41cdec/antenna/tag/e28068940000400386621d4f, 77
1652706208.736268, sdrt-health/mac:02010b41cdec/antenna/tag/e2806894000050038662194f, 83
1652706208.823913, sdrt-health/mac:02010b41cdec/antenna/tag/e28068940000400386621d4f, 77
1652706208.824432, sdrt-health/mac:02010b41cdec/antenna/tag/e2806894000040038662114f, 85
1652706208.854304, sdrt-health/mac:02010b41cdec/antenna/tag/e2806894000050038661fd4f, 86
1652706208.912028, sdrt-health/mac:02010b41cdec/antenna/tag/e2806894000050038662154f, 83
1652706208.912534, sdrt-health/mac:02010b41cdec/antenna/tag/e28068940000500386620d4f, 87
1652706208.928717, sdrt-health/mac:02010b41cdec/antenna/tag/e28068940000400386621d4f, 77
1652706208.937941, sdrt-health/mac:02010b41cdec/antenna/tag/e2806894000050038662194f, 81
1652706208.946366, sdrt-health/mac:02010b41cdec/antenna/tag/e2806894000050038662154f, 88
1652706208.94658, sdrt-health/mac:02010b41cdec/antenna/tag/e2806894000050038662194f, 81
1652706208.9899, sdrt-health/mac:02010b41cdec/antenna/tag/e2806894000040038662114f, 85
1652706209.035574, sdrt-health/mac:02010b41cdec/antenna/tag/e2806894000050038661fd4f, 90
1652706209.085895, sdrt-health/mac:02010b41cdec/antenna/tag/e2806894000050038661fd4f, 86
1652706209.139535, sdrt-health/mac:02010b41cdec/antenna/tag/e2806894000050038661fd4f, 86
1652706209.139981, sdrt-health/mac:02010b41cdec/antenna/tag/e28068940000500386620d4f, 93
1652706209.140357, sdrt-health/mac:02010b41cdec/antenna/tag/e2806894000050038662154f, 87
1652706209.154249, sdrt-health/mac:02010b41cdec/antenna/tag/e2806894000040038662114f, 85
1652706209.154508, sdrt-health/mac:02010b41cdec/antenna/tag/e2806894000050038662194f, 87
1652706209.227982, sdrt-health/mac:02010b41cdec/antenna/tag/e28068940000400386621d4f, 77
1652706209.231388, sdrt-health/mac:02010b41cdec/antenna/tag/e28068940000400386621d4f, 77
1652706209.244507, sdrt-health/mac:02010b41cdec/antenna/tag/e2806894000050038661fd4f, 86
1652706209.284675, sdrt-health/mac:02010b41cdec/antenna/tag/e28068940000400386621d4f, 90
1652706209.315896, sdrt-health/mac:02010b41cdec/antenna/tag/e28068940000500386620d4f, 85
1652706209.316241, sdrt-health/mac:02010b41cdec/antenna/tag/e2806894000050038662194f, 94
1652706209.316554, sdrt-health/mac:02010b41cdec/antenna/tag/e2806894000050038662194f, 84
1652706209.316899, sdrt-health/mac:02010b41cdec/antenna/tag/e2806894000050038662154f, 85
1652706209.335205, sdrt-health/mac:02010b41cdec/antenna/tag/e28068940000500386620d4f, 85
1652706209.405919, sdrt-health/mac:02010b41cdec/antenna/tag/e28068940000400386621d4f, 96
1652706209.406461, sdrt-health/mac:02010b41cdec/antenna/tag/e2806894000050038661fd4f, 90
1652706209.422204, sdrt-health/mac:02010b41cdec/antenna/tag/e2806894000050038661fd4f, 86
1652706209.434734, sdrt-health/mac:02010b41cdec/antenna/tag/e28068940000400386621d4f, 90
1652706209.477837, sdrt-health/mac:02010b41cdec/antenna/tag/e2806894000040038662114f, 85
1652706209.580286, sdrt-health/mac:02010b41cdec/antenna/tag/e2806894000050038662154f, 87
1652706209.58074, sdrt-health/mac:02010b41cdec/antenna/tag/e2806894000050038662194f, 81
1652706209.581097, sdrt-health/mac:02010b41cdec/antenna/tag/e28068940000500386620d4f, 85
1652706209.597874, sdrt-health/mac:02010b41cdec/antenna/tag/e28068940000500386620d4f, 93
1652706209.598463, sdrt-health/mac:02010b41cdec/antenna/tag/e28068940000400386621d4f, 77
1652706209.598732, sdrt-health/mac:02010b41cdec/antenna/tag/e28068940000400386621d4f, 77
1652706209.598982, sdrt-health/mac:02010b41cdec/antenna/tag/e28068940000400386621d4f, 96
1652706209.714456, sdrt-health/mac:02010b41cdec/antenna/tag/e2806894000050038661fd4f, 90
1652706209.77366, sdrt-health/mac:02010b41cdec/antenna/tag/e2806894000040038662054f, 81
1652706209.77416, sdrt-health/mac:02010b41cdec/antenna/tag/e2806894000040038662114f, 88
1652706209.774557, sdrt-health/mac:02010b41cdec/antenna/tag/e2806894000040038662114f, 88
1652706209.790039, sdrt-health/mac:02010b41cdec/antenna/tag/e2806894000050038661fd4f, 90
1652706209.790344, sdrt-health/mac:02010b41cdec/antenna/tag/e2806894000050038662194f, 81
1652706209.855713, sdrt-health/mac:02010b41cdec/antenna/tag/e2806894000040038662114f, 85
1652706209.911445, sdrt-health/mac:02010b41cdec/antenna/tag/e2806894000050038662154f, 87
1652706209.980473, sdrt-health/mac:02010b41cdec/antenna/tag/e2806894000050038662194f, 83
1652706209.996083, sdrt-health/mac:02010b41cdec/antenna/tag/e28068940000400386621d4f, 96
1652706210.041786, sdrt-health/mac:02010b41cdec/antenna/tag/e28068940000500386620d4f, 83
1652706210.126216, sdrt-health/mac:02010b41cdec/antenna/tag/e2806894000050038662154f, 85
1652706210.12671, sdrt-health/mac:02010b41cdec/antenna/tag/e2806894000040038662114f, 85
1652706210.185145, sdrt-health/mac:02010b41cdec/antenna/tag/e28068940000400386621d4f, 77
1652706210.254875, sdrt-health/mac:02010b41cdec/antenna/tag/e28068940000400386621d4f, 77
1652706210.255441, sdrt-health/mac:02010b41cdec/antenna/tag/e2806894000050038662194f, 81
1652706210.255829, sdrt-health/mac:02010b41cdec/antenna/tag/e28068940000400386621d4f, 77
1652706210.256239, sdrt-health/mac:02010b41cdec/antenna/tag/e2806894000050038662154f, 83
1652706210.303808, sdrt-health/mac:02010b41cdec/antenna/tag/e28068940000500386620d4f, 85
1652706210.373937, sdrt-health/mac:02010b41cdec/antenna/tag/e2806894000050038661fd4f, 86
1652706210.37444, sdrt-health/mac:02010b41cdec/antenna/tag/e28068940000400386621d4f, 96
1652706210.389383, sdrt-health/mac:02010b41cdec/antenna/tag/e28068940000500386620d4f, 85
1652706210.389749, sdrt-health/mac:02010b41cdec/antenna/tag/e2806894000050038662154f, 88
1652706210.389937, sdrt-health/mac:02010b41cdec/antenna/tag/e2806894000050038662194f, 83
1652706210.446522, sdrt-health/mac:02010b41cdec/antenna/tag/e2806894000050038661fd4f, 83
1652706210.477128, sdrt-health/mac:02010b41cdec/antenna/tag/e2806894000050038662194f, 81
1652706210.47756, sdrt-health/mac:02010b41cdec/antenna/tag/e2806894000050038661fd4f, 83
1652706210.477857, sdrt-health/mac:02010b41cdec/antenna/tag/e28068940000400386621d4f, 96
1652706210.522891, sdrt-health/mac:02010b41cdec/antenna/tag/e2806894000050038662154f, 88
1652706210.592364, sdrt-health/mac:02010b41cdec/antenna/tag/e2806894000040038661f94f, 88
1652706210.613911, sdrt-health/mac:02010b41cdec/antenna/tag/e2806894000040038662054f, 84
1652706210.662307, sdrt-health/mac:02010b41cdec/antenna/tag/e2806894000040038662114f, 88
1652706210.731465, sdrt-health/mac:02010b41cdec/antenna/tag/e2806894000040038662054f, 84
1652706210.799944, sdrt-health/mac:02010b41cdec/antenna/tag/e2806894000050038661fd4f, 86
1652706210.868762, sdrt-health/mac:02010b41cdec/antenna/tag/e28068940000400386621d4f, 96
1652706210.894302, sdrt-health/mac:02010b41cdec/antenna/tag/e2806894000040038662114f, 91
1652706210.935504, sdrt-health/mac:02010b41cdec/antenna/tag/e2806894000040038662114f, 85
1652706210.991278, sdrt-health/mac:02010b41cdec/antenna/tag/e2806894000050038661fd4f, 90
1652706211.015548, sdrt-health/mac:02010b41cdec/antenna/tag/e2806894000050038662154f, 83
1652706211.059747, sdrt-health/mac:02010b41cdec/antenna/tag/e28068940000400386621d4f, 77
1652706211.072588, sdrt-health/mac:02010b41cdec/antenna/tag/e2806894000050038661fd4f, 86
1652706211.136547, sdrt-health/mac:02010b41cdec/antenna/tag/e28068940000400386621d4f, 96
1652706211.198136, sdrt-health/mac:02010b41cdec/antenna/tag/e2806894000040038662114f, 93
1652706211.267123, sdrt-health/mac:02010b41cdec/antenna/tag/e28068940000400386621d4f, 96
1652706211.267474, sdrt-health/mac:02010b41cdec/antenna/tag/e2806894000050038661fd4f, 86
1652706211.284687, sdrt-health/mac:02010b41cdec/antenna/tag/e28068940000500386620d4f, 87
1652706211.335419, sdrt-health/mac:02010b41cdec/antenna/tag/e2806894000040038662114f, 85
1652706211.406166, sdrt-health/mac:02010b41cdec/antenna/tag/e2806894000050038662154f, 87
1652706211.415898, sdrt-health/mac:02010b41cdec/antenna/tag/e28068940000400386621d4f, 96
1652706211.423518, sdrt-health/mac:02010b41cdec/antenna/tag/e2806894000050038661fd4f, 83
1652706211.423801, sdrt-health/mac:02010b41cdec/antenna/tag/e2806894000050038661fd4f, 86
1652706211.473687, sdrt-health/mac:02010b41cdec/antenna/tag/e2806894000040038662114f, 85
1652706211.559879, sdrt-health/mac:02010b41cdec/antenna/tag/e2806894000050038661fd4f, 86
1652706211.560465, sdrt-health/mac:02010b41cdec/antenna/tag/e28068940000500386620d4f, 93
1652706211.6262, sdrt-health/mac:02010b41cdec/antenna/tag/e2806894000050038662154f, 88
1652706211.626704, sdrt-health/mac:02010b41cdec/antenna/tag/e2806894000040038662114f, 88
1652706211.627593, sdrt-health/mac:02010b41cdec/antenna/tag/e2806894000050038662154f, 85
1652706211.680187, sdrt-health/mac:02010b41cdec/antenna/tag/e28068940000400386621d4f, 96
1652706211.74918, sdrt-health/mac:02010b41cdec/antenna/tag/e28068940000500386620d4f, 85
1652706211.749681, sdrt-health/mac:02010b41cdec/antenna/tag/e28068940000500386620d4f, 85
1652706211.750012, sdrt-health/mac:02010b41cdec/antenna/tag/e2806894000040038661f94f, 88
1652706211.750324, sdrt-health/mac:02010b41cdec/antenna/tag/e2806894000040038662114f, 85
1652706211.75068, sdrt-health/mac:02010b41cdec/antenna/tag/e2806894000050038661fd4f, 90
1652706211.81822, sdrt-health/mac:02010b41cdec/antenna/tag/e2806894000050038661fd4f, 90
1652706211.886532, sdrt-health/mac:02010b41cdec/antenna/tag/e2806894000040038662114f, 85
1652706211.887069, sdrt-health/mac:02010b41cdec/antenna/tag/e2806894000040038661f94f, 88
1652706211.887418, sdrt-health/mac:02010b41cdec/antenna/tag/e2806894000050038661fd4f, 90
1652706211.887731, sdrt-health/mac:02010b41cdec/antenna/tag/e2806894000050038661fd4f, 86
1652706211.902499, sdrt-health/mac:02010b41cdec/antenna/tag/e2806894000050038662154f, 85
1652706211.902799, sdrt-health/mac:02010b41cdec/antenna/tag/e2806894000050038661fd4f, 86
1652706211.902914, sdrt-health/mac:02010b41cdec/antenna/tag/e2806894000040038661f94f, 81
1652706211.903026, sdrt-health/mac:02010b41cdec/antenna/tag/e28068940000400386621d4f, 96
1652706211.955368, sdrt-health/mac:02010b41cdec/antenna/tag/e28068940000500386620d4f, 85
1652706212.042038, sdrt-health/mac:02010b41cdec/antenna/tag/e2806894000040038662114f, 85
1652706212.042578, sdrt-health/mac:02010b41cdec/antenna/tag/e2806894000050038662154f, 87
1652706212.09353, sdrt-health/mac:02010b41cdec/antenna/tag/e2806894000040038661f94f, 81
1652706212.161873, sdrt-health/mac:02010b41cdec/antenna/tag/e28068940000400386621d4f, 96
1652706212.162326, sdrt-health/mac:02010b41cdec/antenna/tag/e2806894000040038662114f, 88
1652706212.178474, sdrt-health/mac:02010b41cdec/antenna/tag/e2806894000040038662114f, 88
1652706212.232408, sdrt-health/mac:02010b41cdec/antenna/tag/e2806894000050038662154f, 85
1652706212.321429, sdrt-health/mac:02010b41cdec/antenna/tag/e2806894000050038662154f, 93
1652706212.321966, sdrt-health/mac:02010b41cdec/antenna/tag/e2806894000040038662114f, 91
1652706212.369919, sdrt-health/mac:02010b41cdec/antenna/tag/e2806894000050038661fd4f, 86
1652706212.37029, sdrt-health/mac:02010b41cdec/antenna/tag/e2806894000050038662194f, 83
1652706212.370569, sdrt-health/mac:02010b41cdec/antenna/tag/e2806894000050038662154f, 85
1652706212.395314, sdrt-health/mac:02010b41cdec/antenna/tag/e2806894000050038661fd4f, 86
1652706212.470528, sdrt-health/mac:02010b41cdec/antenna/tag/e28068940000400386621d4f, 90
1652706212.470803, sdrt-health/mac:02010b41cdec/antenna/tag/e2806894000040038662114f, 85
1652706212.566383, sdrt-health/mac:02010b41cdec/antenna/tag/e2806894000050038662154f, 88
1652706212.62676, sdrt-health/mac:02010b41cdec/antenna/tag/e2806894000040038662114f, 85
1652706212.686447, sdrt-health/mac:02010b41cdec/antenna/tag/e2806894000050038662154f, 91
1652706212.686795, sdrt-health/mac:02010b41cdec/antenna/tag/e2806894000050038662194f, 81
1652706212.714505, sdrt-health/mac:02010b41cdec/antenna/tag/e2806894000050038662194f, 81
1652706212.745551, sdrt-health/mac:02010b41cdec/antenna/tag/e2806894000050038661fd4f, 90
1652706212.745963, sdrt-health/mac:02010b41cdec/antenna/tag/e28068940000500386620d4f, 85
1652706212.762534, sdrt-health/mac:02010b41cdec/antenna/tag/e28068940000400386621d4f, 96
1652706212.806225, sdrt-health/mac:02010b41cdec/antenna/tag/e2806894000040038662214f, 81
1652706212.855285, sdrt-health/mac:02010b41cdec/antenna/tag/e2806894000040038661f94f, 83
1652706212.895158, sdrt-health/mac:02010b41cdec/antenna/tag/e2806894000040038662214f, 81
1652706212.934921, sdrt-health/mac:02010b41cdec/antenna/tag/e2806894000040038662114f, 85
1652706213.007509, sdrt-health/mac:02010b41cdec/antenna/tag/e28068940000400386621d4f, 96
1652706213.079529, sdrt-health/mac:02010b41cdec/antenna/tag/e2806894000040038662114f, 88
1652706213.136138, sdrt-health/mac:02010b41cdec/antenna/tag/e2806894000040038661f94f, 84
1652706213.212245, sdrt-health/mac:02010b41cdec/antenna/tag/e2806894000050038661fd4f, 90
1652706213.212736, sdrt-health/mac:02010b41cdec/antenna/tag/e28068940000500386620d4f, 93
1652706213.230991, sdrt-health/mac:02010b41cdec/antenna/tag/e28068940000400386621d4f, 96
1652706213.231626, sdrt-health/mac:02010b41cdec/antenna/tag/e28068940000500386620d4f, 85
1652706213.239931, sdrt-health/mac:02010b41cdec/antenna/tag/e2806894000050038662154f, 88
1652706213.248252, sdrt-health/mac:02010b41cdec/antenna/tag/e28068940000500386620d4f, 93
1652706213.286683, sdrt-health/mac:02010b41cdec/antenna/tag/e28068940000400386621d4f, 90
1652706213.350501, sdrt-health/mac:02010b41cdec/antenna/tag/e2806894000050038661fd4f, 90
1652706213.350973, sdrt-health/mac:02010b41cdec/antenna/tag/e28068940000500386620d4f, 88
1652706213.390072, sdrt-health/mac:02010b41cdec/antenna/tag/e2806894000050038662154f, 83
1652706213.435609, sdrt-health/mac:02010b41cdec/antenna/tag/e28068940000400386621d4f, 77
1652706213.480229, sdrt-health/mac:02010b41cdec/antenna/tag/e2806894000040038662114f, 85
1652706213.52557, sdrt-health/mac:02010b41cdec/antenna/tag/e28068940000400386621d4f, 96
1652706213.613411, sdrt-health/mac:02010b41cdec/antenna/tag/e2806894000040038662054f, 94
1652706213.639097, sdrt-health/mac:02010b41cdec/antenna/tag/e2806894000050038662154f, 88
1652706213.702539, sdrt-health/mac:02010b41cdec/antenna/tag/e28068940000400386621d4f, 90
1652706213.703083, sdrt-health/mac:02010b41cdec/antenna/tag/e28068940000500386620d4f, 85
1652706213.720038, sdrt-health/mac:02010b41cdec/antenna/tag/e2806894000050038661fd4f, 90
1652706213.720344, sdrt-health/mac:02010b41cdec/antenna/tag/e2806894000040038662114f, 88
1652706213.764161, sdrt-health/mac:02010b41cdec/antenna/tag/e28068940000400386621d4f, 77
1652706213.82315, sdrt-health/mac:02010b41cdec/antenna/tag/e28068940000500386620d4f, 87
1652706213.855258, sdrt-health/mac:02010b41cdec/antenna/tag/e2806894000040038661f94f, 81
1652706213.855701, sdrt-health/mac:02010b41cdec/antenna/tag/e2806894000040038662114f, 85
1652706213.873114, sdrt-health/mac:02010b41cdec/antenna/tag/e2806894000050038662154f, 83
1652706213.895169, sdrt-health/mac:02010b41cdec/antenna/tag/e28068940000500386620d4f, 93
1652706213.953697, sdrt-health/mac:02010b41cdec/antenna/tag/e2806894000040038662114f, 85
1652706213.953932, sdrt-health/mac:02010b41cdec/antenna/tag/e2806894000040038662114f, 88
1652706213.974494, sdrt-health/mac:02010b41cdec/antenna/tag/e28068940000400386621d4f, 96
1652706214.044376, sdrt-health/mac:02010b41cdec/antenna/tag/e2806894000050038662154f, 85
1652706214.118465, sdrt-health/mac:02010b41cdec/antenna/tag/e28068940000400386621d4f, 96
1652706214.153292, sdrt-health/mac:02010b41cdec/antenna/tag/e2806894000050038662154f, 88
1652706214.153694, sdrt-health/mac:02010b41cdec/antenna/tag/e2806894000050038661fd4f, 90
1652706214.176644, sdrt-health/mac:02010b41cdec/antenna/tag/e28068940000500386620d4f, 93
1652706214.226242, sdrt-health/mac:02010b41cdec/antenna/tag/e28068940000500386620d4f, 85
1652706214.226656, sdrt-health/mac:02010b41cdec/antenna/tag/e2806894000040038661f94f, 94
1652706214.244333, sdrt-health/mac:02010b41cdec/antenna/tag/e2806894000050038662194f, 87
1652706214.325236, sdrt-health/mac:02010b41cdec/antenna/tag/e28068940000500386620d4f, 85
1652706214.376324, sdrt-health/mac:02010b41cdec/antenna/tag/e2806894000050038662194f, 81
1652706214.414978, sdrt-health/mac:02010b41cdec/antenna/tag/e28068940000500386620d4f, 87
1652706214.455841, sdrt-health/mac:02010b41cdec/antenna/tag/e2806894000050038661fd4f, 86
1652706214.52082, sdrt-health/mac:02010b41cdec/antenna/tag/e2806894000050038662154f, 85
1652706214.565692, sdrt-health/mac:02010b41cdec/antenna/tag/e2806894000050038662194f, 93
1652706214.615227, sdrt-health/mac:02010b41cdec/antenna/tag/e28068940000500386620d4f, 85
1652706214.670788, sdrt-health/mac:02010b41cdec/antenna/tag/e2806894000040038662114f, 88
1652706214.671292, sdrt-health/mac:02010b41cdec/antenna/tag/e2806894000040038662114f, 85
1652706214.686557, sdrt-health/mac:02010b41cdec/antenna/tag/e2806894000050038661fd4f, 90
1652706214.686846, sdrt-health/mac:02010b41cdec/antenna/tag/e28068940000400386621d4f, 96
1652706214.70554, sdrt-health/mac:02010b41cdec/antenna/tag/e2806894000050038662154f, 88
1652706214.705805, sdrt-health/mac:02010b41cdec/antenna/tag/e28068940000500386620d4f, 85
1652706214.705996, sdrt-health/mac:02010b41cdec/antenna/tag/e2806894000040038662114f, 85
1652706214.775685, sdrt-health/mac:02010b41cdec/antenna/tag/e28068940000400386621d4f, 77
1652706214.814475, sdrt-health/mac:02010b41cdec/antenna/tag/e2806894000050038662154f, 87
1652706214.864458, sdrt-health/mac:02010b41cdec/antenna/tag/e28068940000400386621d4f, 96
1652706214.952525, sdrt-health/mac:02010b41cdec/antenna/tag/e2806894000050038662154f, 81
1652706214.952989, sdrt-health/mac:02010b41cdec/antenna/tag/e2806894000050038662154f, 87
1652706214.975317, sdrt-health/mac:02010b41cdec/antenna/tag/e28068940000400386621d4f, 90
1652706215.014849, sdrt-health/mac:02010b41cdec/antenna/tag/e2806894000040038662114f, 93
1652706215.056085, sdrt-health/mac:02010b41cdec/antenna/tag/e2806894000040038662214f, 82
1652706215.127967, sdrt-health/mac:02010b41cdec/antenna/tag/e28068940000500386620d4f, 85
1652706215.128464, sdrt-health/mac:02010b41cdec/antenna/tag/e28068940000400386621d4f, 77
1652706215.167021, sdrt-health/mac:02010b41cdec/antenna/tag/e2806894000050038661fd4f, 86
1652706215.214522, sdrt-health/mac:02010b41cdec/antenna/tag/e28068940000400386621d4f, 96
1652706215.253506, sdrt-health/mac:02010b41cdec/antenna/tag/e2806894000050038662194f, 87
1652706215.332283, sdrt-health/mac:02010b41cdec/antenna/tag/e28068940000500386620d4f, 87
1652706215.332791, sdrt-health/mac:02010b41cdec/antenna/tag/e2806894000040038662114f, 85
1652706215.348128, sdrt-health/mac:02010b41cdec/antenna/tag/e2806894000050038661fd4f, 86
1652706215.348698, sdrt-health/mac:02010b41cdec/antenna/tag/e28068940000500386620d4f, 87
1652706215.349045, sdrt-health/mac:02010b41cdec/antenna/tag/e2806894000050038662194f, 81
1652706215.349377, sdrt-health/mac:02010b41cdec/antenna/tag/e2806894000050038662154f, 81
1652706215.426239, sdrt-health/mac:02010b41cdec/antenna/tag/e28068940000500386620d4f, 87
1652706215.470072, sdrt-health/mac:02010b41cdec/antenna/tag/e2806894000050038661fd4f, 86
1652706215.532363, sdrt-health/mac:02010b41cdec/antenna/tag/e2806894000050038662194f, 87
1652706215.532835, sdrt-health/mac:02010b41cdec/antenna/tag/e2806894000050038662194f, 81
1652706215.567297, sdrt-health/mac:02010b41cdec/antenna/tag/e2806894000050038662194f, 83
1652706215.622419, sdrt-health/mac:02010b41cdec/antenna/tag/e28068940000400386621d4f, 77
1652706215.622875, sdrt-health/mac:02010b41cdec/antenna/tag/e2806894000050038662194f, 81
1652706215.639365, sdrt-health/mac:02010b41cdec/antenna/tag/e2806894000040038662114f, 85
1652706215.639793, sdrt-health/mac:02010b41cdec/antenna/tag/e2806894000050038661fd4f, 86
1652706215.667019, sdrt-health/mac:02010b41cdec/antenna/tag/e2806894000050038662154f, 83
1652706215.718377, sdrt-health/mac:02010b41cdec/antenna/tag/e28068940000400386621d4f, 90
1652706215.754782, sdrt-health/mac:02010b41cdec/antenna/tag/e2806894000050038662154f, 85
1652706215.843219, sdrt-health/mac:02010b41cdec/antenna/tag/e28068940000500386620d4f, 93
1652706215.843888, sdrt-health/mac:02010b41cdec/antenna/tag/e28068940000400386621d4f, 96
1652706215.860864, sdrt-health/mac:02010b41cdec/antenna/tag/e2806894000050038661fd4f, 90
1652706215.868649, sdrt-health/mac:02010b41cdec/antenna/tag/e2806894000040038662114f, 85
1652706215.875072, sdrt-health/mac:02010b41cdec/antenna/tag/e2806894000050038661fd4f, 86
1652706215.875316, sdrt-health/mac:02010b41cdec/antenna/tag/e28068940000400386621d4f, 96
1652706215.914335, sdrt-health/mac:02010b41cdec/antenna/tag/e2806894000040038662114f, 88
1652706215.96607, sdrt-health/mac:02010b41cdec/antenna/tag/e2806894000040038662114f, 85
1652706216.008348, sdrt-health/mac:02010b41cdec/antenna/tag/e2806894000050038662154f, 87
1652706216.056449, sdrt-health/mac:02010b41cdec/antenna/tag/e28068940000500386620d4f, 87
1652706216.095132, sdrt-health/mac:02010b41cdec/antenna/tag/e2806894000050038662154f, 85
1652706216.150574, sdrt-health/mac:02010b41cdec/antenna/tag/e28068940000500386620d4f, 93
1652706216.151106, sdrt-health/mac:02010b41cdec/antenna/tag/e2806894000050038662154f, 85
1652706216.151451, sdrt-health/mac:02010b41cdec/antenna/tag/e28068940000500386620d4f, 85
1652706216.166699, sdrt-health/mac:02010b41cdec/antenna/tag/e28068940000500386620d4f, 93
1652706216.210503, sdrt-health/mac:02010b41cdec/antenna/tag/e2806894000050038661fd4f, 90
1652706216.254501, sdrt-health/mac:02010b41cdec/antenna/tag/e2806894000040038662114f, 88
1652706216.35079, sdrt-health/mac:02010b41cdec/antenna/tag/e2806894000040038662114f, 88
1652706216.405345, sdrt-health/mac:02010b41cdec/antenna/tag/e28068940000400386621d4f, 96
1652706216.469035, sdrt-health/mac:02010b41cdec/antenna/tag/e28068940000500386620d4f, 93
1652706216.46959, sdrt-health/mac:02010b41cdec/antenna/tag/e2806894000050038662154f, 87
1652706216.501073, sdrt-health/mac:02010b41cdec/antenna/tag/e28068940000500386620d4f, 93
1652706216.550748, sdrt-health/mac:02010b41cdec/antenna/tag/e2806894000050038662154f, 85
1652706216.551256, sdrt-health/mac:02010b41cdec/antenna/tag/e2806894000040038662114f, 85
1652706216.56622, sdrt-health/mac:02010b41cdec/antenna/tag/e2806894000050038662194f, 94
1652706216.573341, sdrt-health/mac:02010b41cdec/antenna/tag/e2806894000040038662114f, 85
1652706216.614174, sdrt-health/mac:02010b41cdec/antenna/tag/e2806894000050038661fd4f, 86
1652706216.655857, sdrt-health/mac:02010b41cdec/antenna/tag/e2806894000040038662114f, 88
1652706216.724491, sdrt-health/mac:02010b41cdec/antenna/tag/e2806894000040038662114f, 88
1652706216.725044, sdrt-health/mac:02010b41cdec/antenna/tag/e2806894000050038662194f, 94
1652706216.749807, sdrt-health/mac:02010b41cdec/antenna/tag/e2806894000040038662114f, 88
1652706216.804739, sdrt-health/mac:02010b41cdec/antenna/tag/e28068940000500386620d4f, 85
1652706216.871645, sdrt-health/mac:02010b41cdec/antenna/tag/e28068940000400386621d4f, 90
1652706216.872092, sdrt-health/mac:02010b41cdec/antenna/tag/e28068940000400386621d4f, 96
1652706216.887509, sdrt-health/mac:02010b41cdec/antenna/tag/e2806894000050038662154f, 87
1652706216.910394, sdrt-health/mac:02010b41cdec/antenna/tag/e28068940000400386621d4f, 77
1652706216.981, sdrt-health/mac:02010b41cdec/antenna/tag/e2806894000050038661fd4f, 90
1652706217.0205, sdrt-health/mac:02010b41cdec/antenna/tag/e2806894000050038661fd4f, 86
1652706217.055729, sdrt-health/mac:02010b41cdec/antenna/tag/e2806894000040038662114f, 88
1652706217.09431, sdrt-health/mac:02010b41cdec/antenna/tag/e2806894000050038662154f, 88
1652706217.135076, sdrt-health/mac:02010b41cdec/antenna/tag/e2806894000050038662194f, 94
1652706217.170102, sdrt-health/mac:02010b41cdec/antenna/tag/e2806894000040038662114f, 88
1652706217.170475, sdrt-health/mac:02010b41cdec/antenna/tag/e2806894000050038662154f, 85
1652706217.192197, sdrt-health/mac:02010b41cdec/antenna/tag/e2806894000050038661fd4f, 90
1652706217.229136, sdrt-health/mac:02010b41cdec/antenna/tag/e2806894000050038662154f, 85
1652706217.27638, sdrt-health/mac:02010b41cdec/antenna/tag/e2806894000040038662114f, 88
1652706217.318709, sdrt-health/mac:02010b41cdec/antenna/tag/e2806894000050038662194f, 87
1652706217.364443, sdrt-health/mac:02010b41cdec/antenna/tag/e2806894000040038662114f, 88
1652706217.414623, sdrt-health/mac:02010b41cdec/antenna/tag/e2806894000050038661fd4f, 86
1652706217.618409, sdrt-health/mac:02010b41cdec/antenna/tag/scan, scan stopped
