1652705679.493168, sdrt-health/mac:02010b41cdec/antenna/power/set, {"power": 280}
1652705680.578252, sdrt-health/mac:02010b41cdec/antenna/power/set, 
1652705684.515781, sdrt-health/mac:02010b41cdec/antenna/tag/scan, {"time": 20000}
1652705684.918619, sdrt-health/mac:02010b41cdec/antenna/tag/e28068940000400386621d4f, 96
1652705684.966117, sdrt-health/mac:02010b41cdec/antenna/tag/e2806894000050038662194f, 81
1652705685.031015, sdrt-health/mac:02010b41cdec/antenna/tag/e28068940000500386620d4f, 87
1652705685.031411, sdrt-health/mac:02010b41cdec/antenna/tag/e2806894000040038662114f, 88
1652705685.071616, sdrt-health/mac:02010b41cdec/antenna/tag/e28068940000400386621d4f, 77
1652705685.102048, sdrt-health/mac:02010b41cdec/antenna/tag/e2806894000040038662114f, 85
1652705685.102468, sdrt-health/mac:02010b41cdec/antenna/tag/e2806894000050038662194f, 81
1652705685.115867, sdrt-health/mac:02010b41cdec/antenna/tag/e2806894000050038662154f, 88
1652705685.1161, sdrt-health/mac:02010b41cdec/antenna/tag/e2806894000050038661fd4f, 83
1652705685.160783, sdrt-health/mac:02010b41cdec/antenna/tag/e2806894000050038661fd4f, 83
1652705685.205504, sdrt-health/mac:02010b41cdec/antenna/tag/e28068940000400386621d4f, 90
1652705685.235422, sdrt-health/mac:02010b41cdec/antenna/tag/e2806894000050038661fd4f, 86
1652705685.23569, sdrt-health/mac:02010b41cdec/antenna/tag/e28068940000500386620d4f, 85
1652705685.255263, sdrt-health/mac:02010b41cdec/antenna/tag/e28068940000400386621d4f, 90
1652705685.309463, sdrt-health/mac:02010b41cdec/antenna/tag/e2806894000050038662154f, 93
1652705685.309768, sdrt-health/mac:02010b41cdec/antenna/tag/e28068940000500386620d4f, 93
1652705685.344753, sdrt-health/mac:02010b41cdec/antenna/tag/e2806894000050038662154f, 85
1652705685.406324, sdrt-health/mac:02010b41cdec/antenna/tag/e2806894000050038661fd4f, 86
1652705685.406804, sdrt-health/mac:02010b41cdec/antenna/tag/e2806894000040038662114f, 85
1652705685.419938, sdrt-health/mac:02010b41cdec/antenna/tag/e2806894000040038662114f, 93
1652705685.452368, sdrt-health/mac:02010b41cdec/antenna/tag/e2806894000050038661fd4f, 86
1652705685.452726, sdrt-health/mac:02010b41cdec/antenna/tag/e2806894000040038662114f, 85
1652705685.486125, sdrt-health/mac:02010b41cdec/antenna/tag/e2806894000050038661fd4f, 86
1652705685.514165, sdrt-health/mac:02010b41cdec/antenna/tag/e2806894000050038662194f, 94
1652705685.51444, sdrt-health/mac:02010b41cdec/antenna/tag/e2806894000040038662114f, 85
1652705685.528017, sdrt-health/mac:02010b41cdec/antenna/tag/e2806894000040038662114f, 85
1652705685.528311, sdrt-health/mac:02010b41cdec/antenna/tag/e28068940000500386620d4f, 83
1652705685.596509, sdrt-health/mac:02010b41cdec/antenna/tag/e2806894000050038662154f, 85
1652705685.630862, sdrt-health/mac:02010b41cdec/antenna/tag/e28068940000500386620d4f, 83
1652705685.675221, sdrt-health/mac:02010b41cdec/antenna/tag/e2806894000050038661fd4f, 83
1652705685.718261, sdrt-health/mac:02010b41cdec/antenna/tag/e2806894000040038662114f, 85
1652705685.765457, sdrt-health/mac:02010b41cdec/antenna/tag/e2806894000040038662114f, 85
1652705685.816028, sdrt-health/mac:02010b41cdec/antenna/tag/e28068940000500386620d4f, 87
1652705685.845545, sdrt-health/mac:02010b41cdec/antenna/tag/e2806894000050038661fd4f, 83
1652705685.845873, sdrt-health/mac:02010b41cdec/antenna/tag/e28068940000400386621d4f, 96
1652705685.859227, sdrt-health/mac:02010b41cdec/antenna/tag/e2806894000050038662194f, 81
1652705685.859586, sdrt-health/mac:02010b41cdec/antenna/tag/e2806894000050038661fd4f, 83
1652705685.859849, sdrt-health/mac:02010b41cdec/antenna/tag/e28068940000400386621d4f, 96
1652705685.895167, sdrt-health/mac:02010b41cdec/antenna/tag/e2806894000050038662194f, 88
1652705685.896161, sdrt-health/mac:02010b41cdec/antenna/tag/e2806894000050038662154f, 87
1652705685.909812, sdrt-health/mac:02010b41cdec/antenna/tag/e28068940000500386620d4f, 87
1652705685.951182, sdrt-health/mac:02010b41cdec/antenna/tag/e2806894000050038662154f, 81
1652705686.010064, sdrt-health/mac:02010b41cdec/antenna/tag/e2806894000050038661fd4f, 83
1652705686.010599, sdrt-health/mac:02010b41cdec/antenna/tag/e2806894000040038662114f, 85
1652705686.024466, sdrt-health/mac:02010b41cdec/antenna/tag/e28068940000400386621d4f, 77
1652705686.039922, sdrt-health/mac:02010b41cdec/antenna/tag/e2806894000040038662114f, 88
1652705686.101551, sdrt-health/mac:02010b41cdec/antenna/tag/e2806894000050038662154f, 81
1652705686.101881, sdrt-health/mac:02010b41cdec/antenna/tag/e28068940000500386620d4f, 87
1652705686.115306, sdrt-health/mac:02010b41cdec/antenna/tag/e28068940000400386621d4f, 96
1652705686.134805, sdrt-health/mac:02010b41cdec/antenna/tag/e28068940000500386620d4f, 85
1652705686.161656, sdrt-health/mac:02010b41cdec/antenna/tag/e2806894000050038661fd4f, 86
1652705686.162059, sdrt-health/mac:02010b41cdec/antenna/tag/e2806894000050038662154f, 85
1652705686.162357, sdrt-health/mac:02010b41cdec/antenna/tag/e28068940000400386621d4f, 96
1652705686.162641, sdrt-health/mac:02010b41cdec/antenna/tag/e2806894000040038662114f, 88
1652705686.190986, sdrt-health/mac:02010b41cdec/antenna/tag/e28068940000500386620d4f, 85
1652705686.295785, sdrt-health/mac:02010b41cdec/antenna/tag/e2806894000050038661fd4f, 86
1652705686.296229, sdrt-health/mac:02010b41cdec/antenna/tag/e28068940000500386620d4f, 83
1652705686.362934, sdrt-health/mac:02010b41cdec/antenna/tag/e28068940000500386620d4f, 93
1652705686.40601, sdrt-health/mac:02010b41cdec/antenna/tag/e2806894000050038661fd4f, 86
1652705686.435412, sdrt-health/mac:02010b41cdec/antenna/tag/e2806894000040038662114f, 88
1652705686.435611, sdrt-health/mac:02010b41cdec/antenna/tag/e2806894000050038662154f, 85
1652705686.435744, sdrt-health/mac:02010b41cdec/antenna/tag/e28068940000500386620d4f, 87
1652705686.455186, sdrt-health/mac:02010b41cdec/antenna/tag/e2806894000050038661fd4f, 86
1652705686.510988, sdrt-health/mac:02010b41cdec/antenna/tag/e28068940000400386621d4f, 90
1652705686.570845, sdrt-health/mac:02010b41cdec/antenna/tag/e2806894000050038661fd4f, 86
1652705686.571333, sdrt-health/mac:02010b41cdec/antenna/tag/e2806894000050038662154f, 87
1652705686.586979, sdrt-health/mac:02010b41cdec/antenna/tag/e2806894000040038662114f, 88
1652705686.626544, sdrt-health/mac:02010b41cdec/antenna/tag/e28068940000500386620d4f, 93
1652705686.62712, sdrt-health/mac:02010b41cdec/antenna/tag/e2806894000040038662114f, 88
1652705686.67097, sdrt-health/mac:02010b41cdec/antenna/tag/e2806894000050038662194f, 81
1652705686.69906, sdrt-health/mac:02010b41cdec/antenna/tag/e2806894000050038662154f, 81
1652705686.699307, sdrt-health/mac:02010b41cdec/antenna/tag/e28068940000500386620d4f, 87
1652705686.715725, sdrt-health/mac:02010b41cdec/antenna/tag/e28068940000400386621d4f, 77
1652705686.743799, sdrt-health/mac:02010b41cdec/antenna/tag/e2806894000050038661fd4f, 83
1652705686.744273, sdrt-health/mac:02010b41cdec/antenna/tag/e2806894000040038662114f, 85
1652705686.765158, sdrt-health/mac:02010b41cdec/antenna/tag/e28068940000500386620d4f, 85
1652705686.830592, sdrt-health/mac:02010b41cdec/antenna/tag/e2806894000050038662154f, 85
1652705686.831091, sdrt-health/mac:02010b41cdec/antenna/tag/e28068940000500386620d4f, 87
1652705686.84499, sdrt-health/mac:02010b41cdec/antenna/tag/e2806894000050038661fd4f, 90
1652705686.845267, sdrt-health/mac:02010b41cdec/antenna/tag/e2806894000050038662154f, 87
1652705686.845517, sdrt-health/mac:02010b41cdec/antenna/tag/e28068940000500386620d4f, 87
1652705686.873355, sdrt-health/mac:02010b41cdec/antenna/tag/e2806894000050038662154f, 85
1652705686.932262, sdrt-health/mac:02010b41cdec/antenna/tag/e28068940000400386621d4f, 90
1652705686.932728, sdrt-health/mac:02010b41cdec/antenna/tag/e2806894000050038662154f, 85
1652705686.946925, sdrt-health/mac:02010b41cdec/antenna/tag/e28068940000500386620d4f, 85
1652705686.947267, sdrt-health/mac:02010b41cdec/antenna/tag/e2806894000050038662154f, 87
1652705686.964637, sdrt-health/mac:02010b41cdec/antenna/tag/e2806894000050038661fd4f, 90
1652705687.024992, sdrt-health/mac:02010b41cdec/antenna/tag/e2806894000040038661f94f, 94
1652705687.071228, sdrt-health/mac:02010b41cdec/antenna/tag/e2806894000050038661fd4f, 83
1652705687.100729, sdrt-health/mac:02010b41cdec/antenna/tag/e2806894000050038662154f, 83
1652705687.10206, sdrt-health/mac:02010b41cdec/antenna/tag/e28068940000500386620d4f, 83
1652705687.102347, sdrt-health/mac:02010b41cdec/antenna/tag/e2806894000050038662154f, 81
1652705687.116596, sdrt-health/mac:02010b41cdec/antenna/tag/e2806894000050038661fd4f, 86
1652705687.17904, sdrt-health/mac:02010b41cdec/antenna/tag/e28068940000400386621d4f, 96
1652705687.17949, sdrt-health/mac:02010b41cdec/antenna/tag/e2806894000050038662154f, 93
1652705687.20616, sdrt-health/mac:02010b41cdec/antenna/tag/e2806894000050038662194f, 81
1652705687.256151, sdrt-health/mac:02010b41cdec/antenna/tag/e2806894000050038662154f, 83
1652705687.296364, sdrt-health/mac:02010b41cdec/antenna/tag/e2806894000050038662154f, 83
1652705687.337121, sdrt-health/mac:02010b41cdec/antenna/tag/e28068940000500386620d4f, 87
1652705687.373598, sdrt-health/mac:02010b41cdec/antenna/tag/e2806894000050038662194f, 83
1652705687.373986, sdrt-health/mac:02010b41cdec/antenna/tag/e2806894000050038661fd4f, 86
1652705687.38858, sdrt-health/mac:02010b41cdec/antenna/tag/e2806894000040038662114f, 85
1652705687.415316, sdrt-health/mac:02010b41cdec/antenna/tag/e2806894000040038662114f, 85
1652705687.470382, sdrt-health/mac:02010b41cdec/antenna/tag/e2806894000050038661fd4f, 86
1652705687.470686, sdrt-health/mac:02010b41cdec/antenna/tag/e2806894000040038662114f, 93
1652705687.496096, sdrt-health/mac:02010b41cdec/antenna/tag/e28068940000400386621d4f, 96
1652705687.537475, sdrt-health/mac:02010b41cdec/antenna/tag/e28068940000400386621d4f, 96
1652705687.599923, sdrt-health/mac:02010b41cdec/antenna/tag/e28068940000500386620d4f, 83
1652705687.600369, sdrt-health/mac:02010b41cdec/antenna/tag/e2806894000050038662154f, 81
1652705687.629741, sdrt-health/mac:02010b41cdec/antenna/tag/e2806894000040038662114f, 85
1652705687.675465, sdrt-health/mac:02010b41cdec/antenna/tag/e2806894000050038662154f, 85
1652705687.733211, sdrt-health/mac:02010b41cdec/antenna/tag/e28068940000500386620d4f, 93
1652705687.733664, sdrt-health/mac:02010b41cdec/antenna/tag/e2806894000040038662114f, 88
1652705687.766356, sdrt-health/mac:02010b41cdec/antenna/tag/e2806894000040038662114f, 85
1652705687.832836, sdrt-health/mac:02010b41cdec/antenna/tag/e28068940000400386621d4f, 90
1652705687.833277, sdrt-health/mac:02010b41cdec/antenna/tag/e28068940000400386621d4f, 90
1652705687.847875, sdrt-health/mac:02010b41cdec/antenna/tag/e2806894000040038662114f, 91
1652705687.848139, sdrt-health/mac:02010b41cdec/antenna/tag/e2806894000050038661fd4f, 86
1652705687.855162, sdrt-health/mac:02010b41cdec/antenna/tag/e2806894000040038662114f, 88
1652705687.91081, sdrt-health/mac:02010b41cdec/antenna/tag/e28068940000400386621d4f, 90
1652705687.96008, sdrt-health/mac:02010b41cdec/antenna/tag/e28068940000400386621d4f, 90
1652705687.99239, sdrt-health/mac:02010b41cdec/antenna/tag/e2806894000040038662114f, 88
1652705687.992763, sdrt-health/mac:02010b41cdec/antenna/tag/e28068940000400386621d4f, 90
1652705688.006828, sdrt-health/mac:02010b41cdec/antenna/tag/e2806894000050038662154f, 87
1652705688.007142, sdrt-health/mac:02010b41cdec/antenna/tag/e2806894000050038662194f, 81
1652705688.055934, sdrt-health/mac:02010b41cdec/antenna/tag/e28068940000400386621d4f, 90
1652705688.109561, sdrt-health/mac:02010b41cdec/antenna/tag/e28068940000500386620d4f, 93
1652705688.110015, sdrt-health/mac:02010b41cdec/antenna/tag/e2806894000050038661fd4f, 86
1652705688.136188, sdrt-health/mac:02010b41cdec/antenna/tag/e2806894000050038662154f, 87
1652705688.189896, sdrt-health/mac:02010b41cdec/antenna/tag/e2806894000050038662154f, 93
1652705688.190796, sdrt-health/mac:02010b41cdec/antenna/tag/e2806894000050038662194f, 88
1652705688.21589, sdrt-health/mac:02010b41cdec/antenna/tag/e2806894000050038662154f, 87
1652705688.270824, sdrt-health/mac:02010b41cdec/antenna/tag/e28068940000500386620d4f, 87
1652705688.271302, sdrt-health/mac:02010b41cdec/antenna/tag/e2806894000050038661fd4f, 83
1652705688.284465, sdrt-health/mac:02010b41cdec/antenna/tag/e28068940000400386621d4f, 96
1652705688.306003, sdrt-health/mac:02010b41cdec/antenna/tag/e28068940000500386620d4f, 85
1652705688.349402, sdrt-health/mac:02010b41cdec/antenna/tag/e2806894000040038662114f, 93
1652705688.396481, sdrt-health/mac:02010b41cdec/antenna/tag/e2806894000050038661fd4f, 86
1652705688.424869, sdrt-health/mac:02010b41cdec/antenna/tag/e2806894000040038662114f, 85
1652705688.425203, sdrt-health/mac:02010b41cdec/antenna/tag/e2806894000050038662154f, 88
1652705688.437843, sdrt-health/mac:02010b41cdec/antenna/tag/e2806894000050038662154f, 87
1652705688.438096, sdrt-health/mac:02010b41cdec/antenna/tag/e2806894000050038661fd4f, 86
1652705688.475374, sdrt-health/mac:02010b41cdec/antenna/tag/e2806894000040038662114f, 85
1652705688.518682, sdrt-health/mac:02010b41cdec/antenna/tag/e2806894000050038662194f, 94
1652705688.58586, sdrt-health/mac:02010b41cdec/antenna/tag/e28068940000400386621d4f, 90
1652705688.586305, sdrt-health/mac:02010b41cdec/antenna/tag/e2806894000050038661fd4f, 86
1652705688.614568, sdrt-health/mac:02010b41cdec/antenna/tag/e28068940000500386620d4f, 93
1652705688.654921, sdrt-health/mac:02010b41cdec/antenna/tag/e2806894000040038662054f, 94
1652705688.733843, sdrt-health/mac:02010b41cdec/antenna/tag/e2806894000050038661fd4f, 86
1652705688.734299, sdrt-health/mac:02010b41cdec/antenna/tag/e2806894000050038661fd4f, 86
1652705688.759034, sdrt-health/mac:02010b41cdec/antenna/tag/e2806894000040038662114f, 85
1652705688.807093, sdrt-health/mac:02010b41cdec/antenna/tag/e28068940000500386620d4f, 87
1652705688.871273, sdrt-health/mac:02010b41cdec/antenna/tag/e2806894000050038662154f, 85
1652705688.871753, sdrt-health/mac:02010b41cdec/antenna/tag/e2806894000050038662154f, 85
1652705688.886697, sdrt-health/mac:02010b41cdec/antenna/tag/e2806894000040038662114f, 85
1652705688.895116, sdrt-health/mac:02010b41cdec/antenna/tag/e28068940000400386621d4f, 90
1652705688.94649, sdrt-health/mac:02010b41cdec/antenna/tag/e2806894000040038662114f, 88
1652705688.991099, sdrt-health/mac:02010b41cdec/antenna/tag/e28068940000400386621d4f, 90
1652705689.05141, sdrt-health/mac:02010b41cdec/antenna/tag/e28068940000400386621d4f, 90
1652705689.051861, sdrt-health/mac:02010b41cdec/antenna/tag/e2806894000040038662114f, 88
1652705689.096525, sdrt-health/mac:02010b41cdec/antenna/tag/e2806894000050038661fd4f, 83
1652705689.136112, sdrt-health/mac:02010b41cdec/antenna/tag/e28068940000400386621d4f, 96
1652705689.190947, sdrt-health/mac:02010b41cdec/antenna/tag/e2806894000040038662214f, 82
1652705689.191504, sdrt-health/mac:02010b41cdec/antenna/tag/e2806894000040038662114f, 93
1652705689.231479, sdrt-health/mac:02010b41cdec/antenna/tag/e2806894000050038661fd4f, 86
1652705689.284442, sdrt-health/mac:02010b41cdec/antenna/tag/e2806894000050038661fd4f, 86
1652705689.318438, sdrt-health/mac:02010b41cdec/antenna/tag/e28068940000500386620d4f, 93
1652705689.318873, sdrt-health/mac:02010b41cdec/antenna/tag/e28068940000500386620d4f, 93
1652705689.319161, sdrt-health/mac:02010b41cdec/antenna/tag/e2806894000050038661fd4f, 86
1652705689.398892, sdrt-health/mac:02010b41cdec/antenna/tag/e2806894000040038662114f, 88
1652705689.42828, sdrt-health/mac:02010b41cdec/antenna/tag/e2806894000050038662154f, 85
1652705689.428701, sdrt-health/mac:02010b41cdec/antenna/tag/e2806894000050038662154f, 93
1652705689.442924, sdrt-health/mac:02010b41cdec/antenna/tag/e2806894000040038662114f, 88
1652705689.443311, sdrt-health/mac:02010b41cdec/antenna/tag/e2806894000050038662154f, 87
1652705689.443539, sdrt-health/mac:02010b41cdec/antenna/tag/e28068940000400386621d4f, 90
1652705689.478466, sdrt-health/mac:02010b41cdec/antenna/tag/e2806894000040038662114f, 91
1652705689.534548, sdrt-health/mac:02010b41cdec/antenna/tag/e2806894000050038662154f, 87
1652705689.57793, sdrt-health/mac:02010b41cdec/antenna/tag/e28068940000400386621d4f, 90
1652705689.630093, sdrt-health/mac:02010b41cdec/antenna/tag/e2806894000040038662114f, 88
1652705689.630543, sdrt-health/mac:02010b41cdec/antenna/tag/e2806894000040038662114f, 85
1652705689.665047, sdrt-health/mac:02010b41cdec/antenna/tag/e28068940000400386621d4f, 96
1652705689.710001, sdrt-health/mac:02010b41cdec/antenna/tag/e2806894000050038661fd4f, 83
1652705689.756179, sdrt-health/mac:02010b41cdec/antenna/tag/e2806894000050038661fd4f, 86
1652705689.798016, sdrt-health/mac:02010b41cdec/antenna/tag/e2806894000050038662154f, 85
1652705689.827124, sdrt-health/mac:02010b41cdec/antenna/tag/e28068940000500386620d4f, 85
1652705689.827642, sdrt-health/mac:02010b41cdec/antenna/tag/e2806894000050038662154f, 85
1652705689.840887, sdrt-health/mac:02010b41cdec/antenna/tag/e28068940000400386621d4f, 96
1652705689.841374, sdrt-health/mac:02010b41cdec/antenna/tag/e28068940000400386621d4f, 96
1652705689.88002, sdrt-health/mac:02010b41cdec/antenna/tag/e28068940000400386621d4f, 96
1652705689.958992, sdrt-health/mac:02010b41cdec/antenna/tag/e2806894000050038662154f, 85
1652705689.995136, sdrt-health/mac:02010b41cdec/antenna/tag/e2806894000050038661fd4f, 83
1652705690.056452, sdrt-health/mac:02010b41cdec/antenna/tag/e2806894000050038662154f, 83
1652705690.057143, sdrt-health/mac:02010b41cdec/antenna/tag/e2806894000040038662114f, 85
1652705690.071278, sdrt-health/mac:02010b41cdec/antenna/tag/e28068940000500386620d4f, 87
1652705690.096631, sdrt-health/mac:02010b41cdec/antenna/tag/e28068940000400386621d4f, 96
1652705690.125694, sdrt-health/mac:02010b41cdec/antenna/tag/e2806894000040038662114f, 88
1652705690.126086, sdrt-health/mac:02010b41cdec/antenna/tag/e28068940000500386620d4f, 87
1652705690.146197, sdrt-health/mac:02010b41cdec/antenna/tag/e2806894000040038662114f, 85
1652705690.212578, sdrt-health/mac:02010b41cdec/antenna/tag/e2806894000050038662154f, 93
1652705690.213108, sdrt-health/mac:02010b41cdec/antenna/tag/e2806894000050038661fd4f, 86
1652705690.226413, sdrt-health/mac:02010b41cdec/antenna/tag/e28068940000400386621d4f, 90
1652705690.244563, sdrt-health/mac:02010b41cdec/antenna/tag/e2806894000050038661fd4f, 86
1652705690.298205, sdrt-health/mac:02010b41cdec/antenna/tag/e2806894000040038662114f, 85
1652705690.35149, sdrt-health/mac:02010b41cdec/antenna/tag/e28068940000400386621d4f, 90
1652705690.405956, sdrt-health/mac:02010b41cdec/antenna/tag/e2806894000050038661fd4f, 90
1652705690.478429, sdrt-health/mac:02010b41cdec/antenna/tag/e2806894000050038662154f, 85
1652705690.478931, sdrt-health/mac:02010b41cdec/antenna/tag/e28068940000500386620d4f, 87
1652705690.492729, sdrt-health/mac:02010b41cdec/antenna/tag/e2806894000050038661fd4f, 90
1652705690.493222, sdrt-health/mac:02010b41cdec/antenna/tag/e28068940000500386620d4f, 93
1652705690.519156, sdrt-health/mac:02010b41cdec/antenna/tag/e28068940000500386620d4f, 83
1652705690.566454, sdrt-health/mac:02010b41cdec/antenna/tag/e2806894000050038661fd4f, 83
1652705690.596575, sdrt-health/mac:02010b41cdec/antenna/tag/e28068940000400386621d4f, 96
1652705690.596931, sdrt-health/mac:02010b41cdec/antenna/tag/e2806894000040038662114f, 85
1652705690.615594, sdrt-health/mac:02010b41cdec/antenna/tag/e2806894000050038662154f, 83
1652705690.671547, sdrt-health/mac:02010b41cdec/antenna/tag/e2806894000050038662154f, 88
1652705690.716345, sdrt-health/mac:02010b41cdec/antenna/tag/e2806894000050038661fd4f, 86
1652705690.743857, sdrt-health/mac:02010b41cdec/antenna/tag/e28068940000400386621d4f, 90
1652705690.744206, sdrt-health/mac:02010b41cdec/antenna/state, connected
1652705690.744486, sdrt-health/mac:02010b41cdec/fw, {"version":"1.8.1","model":"200","hash":"2f556501b58f1dad542af428d7928d18","timestamp":1652705687}
1652705690.758882, sdrt-health/mac:02010b41cdec/antenna/tag/e2806894000050038661fd4f, 86
1652705690.805728, sdrt-health/mac:02010b41cdec/antenna/tag/e28068940000400386621d4f, 90
1652705690.854652, sdrt-health/mac:02010b41cdec/antenna/tag/e2806894000040038662114f, 88
1652705690.908168, sdrt-health/mac:02010b41cdec/antenna/tag/e28068940000500386620d4f, 87
1652705690.908622, sdrt-health/mac:02010b41cdec/antenna/tag/e28068940000500386620d4f, 87
1652705690.935778, sdrt-health/mac:02010b41cdec/antenna/version, hPbO
1652705690.936115, sdrt-health/mac:02010b41cdec/antenna/tag/e2806894000050038662154f, 83
1652705690.950377, sdrt-health/mac:02010b41cdec/antenna/tag/e2806894000050038661fd4f, 86
1652705690.975086, sdrt-health/mac:02010b41cdec/antenna/tag/e28068940000500386620d4f, 87
1652705691.025197, sdrt-health/mac:02010b41cdec/antenna/tag/e28068940000400386621d4f, 96
1652705691.085072, sdrt-health/mac:02010b41cdec/antenna/tag/e28068940000400386621d4f, 96
1652705691.085545, sdrt-health/mac:02010b41cdec/antenna/tag/e2806894000050038661fd4f, 83
1652705691.109532, sdrt-health/mac:02010b41cdec/antenna/tag/e28068940000500386620d4f, 87
1652705691.136974, sdrt-health/mac:02010b41cdec/antenna/tag/e28068940000500386620d4f, 87
1652705691.13722, sdrt-health/mac:02010b41cdec/antenna/tag/e2806894000050038661fd4f, 83
1652705691.137369, sdrt-health/mac:02010b41cdec/antenna/tag/e2806894000050038662154f, 83
1652705691.164574, sdrt-health/mac:02010b41cdec/antenna/tag/e2806894000050038662154f, 88
1652705691.211448, sdrt-health/mac:02010b41cdec/antenna/tag/e2806894000050038662154f, 85
1652705691.257227, sdrt-health/mac:02010b41cdec/antenna/tag/e2806894000050038661fd4f, 86
1652705691.31621, sdrt-health/mac:02010b41cdec/antenna/tag/e2806894000050038661fd4f, 86
1652705691.374337, sdrt-health/mac:02010b41cdec/antenna/tag/e28068940000400386621d4f, 90
1652705691.407755, sdrt-health/mac:02010b41cdec/antenna/tag/e2806894000050038661fd4f, 86
1652705691.408068, sdrt-health/mac:02010b41cdec/antenna/tag/e28068940000400386621d4f, 90
1652705691.408302, sdrt-health/mac:02010b41cdec/antenna/tag/e2806894000040038662114f, 85
1652705691.422729, sdrt-health/mac:02010b41cdec/antenna/tag/e2806894000040038662114f, 88
1652705691.422957, sdrt-health/mac:02010b41cdec/antenna/tag/e28068940000400386621d4f, 90
1652705691.455662, sdrt-health/mac:02010b41cdec/antenna/tag/e2806894000050038662194f, 81
1652705691.565255, sdrt-health/mac:02010b41cdec/antenna/tag/e2806894000050038661fd4f, 86
1652705691.614812, sdrt-health/mac:02010b41cdec/antenna/tag/e2806894000050038662194f, 81
1652705691.673499, sdrt-health/mac:02010b41cdec/antenna/tag/e28068940000500386620d4f, 83
1652705691.724981, sdrt-health/mac:02010b41cdec/antenna/tag/e28068940000400386621d4f, 90
1652705691.792524, sdrt-health/mac:02010b41cdec/antenna/tag/e2806894000050038662154f, 93
1652705691.792917, sdrt-health/mac:02010b41cdec/antenna/tag/e2806894000050038661fd4f, 86
1652705691.809026, sdrt-health/mac:02010b41cdec/antenna/tag/e28068940000500386620d4f, 93
1652705691.81536, sdrt-health/mac:02010b41cdec/antenna/tag/e2806894000040038662114f, 85
1652705691.871293, sdrt-health/mac:02010b41cdec/antenna/tag/e28068940000400386621d4f, 90
1652705691.938659, sdrt-health/mac:02010b41cdec/antenna/tag/e28068940000500386620d4f, 83
1652705691.939183, sdrt-health/mac:02010b41cdec/antenna/tag/e2806894000050038662154f, 93
1652705691.952919, sdrt-health/mac:02010b41cdec/antenna/tag/e28068940000500386620d4f, 93
1652705691.983107, sdrt-health/mac:02010b41cdec/antenna/tag/e28068940000500386620d4f, 87
1652705691.983365, sdrt-health/mac:02010b41cdec/antenna/tag/e2806894000050038662194f, 81
1652705691.996434, sdrt-health/mac:02010b41cdec/antenna/tag/e2806894000050038661fd4f, 83
1652705692.018862, sdrt-health/mac:02010b41cdec/antenna/tag/e28068940000400386621d4f, 90
1652705692.083367, sdrt-health/mac:02010b41cdec/antenna/tag/e2806894000050038662154f, 87
1652705692.083832, sdrt-health/mac:02010b41cdec/antenna/tag/e28068940000500386620d4f, 93
1652705692.084149, sdrt-health/mac:02010b41cdec/antenna/tag/e2806894000040038662114f, 85
1652705692.118447, sdrt-health/mac:02010b41cdec/antenna/tag/e2806894000050038661fd4f, 86
1652705692.148451, sdrt-health/mac:02010b41cdec/antenna/tag/e28068940000400386621d4f, 96
1652705692.148682, sdrt-health/mac:02010b41cdec/antenna/tag/e2806894000050038662154f, 81
1652705692.166126, sdrt-health/mac:02010b41cdec/antenna/tag/e28068940000400386621d4f, 90
1652705692.229858, sdrt-health/mac:02010b41cdec/antenna/tag/e2806894000040038662114f, 83
1652705692.230299, sdrt-health/mac:02010b41cdec/antenna/tag/e2806894000050038661fd4f, 83
1652705692.273148, sdrt-health/mac:02010b41cdec/antenna/tag/e28068940000500386620d4f, 87
1652705692.321212, sdrt-health/mac:02010b41cdec/antenna/tag/e2806894000050038662154f, 83
1652705692.322675, sdrt-health/mac:02010b41cdec/antenna/tag/e2806894000050038661fd4f, 83
1652705692.335054, sdrt-health/mac:02010b41cdec/antenna/tag/e2806894000040038662114f, 85
1652705692.375759, sdrt-health/mac:02010b41cdec/antenna/tag/e2806894000050038662154f, 88
1652705692.415054, sdrt-health/mac:02010b41cdec/antenna/tag/e2806894000050038662194f, 81
1652705692.470411, sdrt-health/mac:02010b41cdec/antenna/tag/e2806894000050038662194f, 94
1652705692.470763, sdrt-health/mac:02010b41cdec/antenna/tag/e2806894000050038662194f, 83
1652705692.496724, sdrt-health/mac:02010b41cdec/antenna/tag/e2806894000050038662194f, 81
1652705692.535269, sdrt-health/mac:02010b41cdec/antenna/tag/e2806894000050038661fd4f, 86
1652705692.59109, sdrt-health/mac:02010b41cdec/antenna/tag/e28068940000500386620d4f, 87
1652705692.591818, sdrt-health/mac:02010b41cdec/antenna/tag/e2806894000050038661fd4f, 83
1652705692.616114, sdrt-health/mac:02010b41cdec/antenna/tag/e2806894000050038661fd4f, 86
1652705692.64356, sdrt-health/mac:02010b41cdec/antenna/tag/e28068940000400386621d4f, 90
1652705692.643986, sdrt-health/mac:02010b41cdec/antenna/tag/e2806894000050038661fd4f, 86
1652705692.657288, sdrt-health/mac:02010b41cdec/antenna/tag/e2806894000050038662154f, 87
1652705692.715818, sdrt-health/mac:02010b41cdec/antenna/tag/e2806894000050038662194f, 81
1652705692.757374, sdrt-health/mac:02010b41cdec/antenna/tag/e2806894000050038662154f, 87
1652705692.805856, sdrt-health/mac:02010b41cdec/antenna/tag/e2806894000050038662194f, 83
1652705692.865946, sdrt-health/mac:02010b41cdec/antenna/tag/e28068940000400386621d4f, 90
1652705692.911149, sdrt-health/mac:02010b41cdec/antenna/tag/e2806894000050038662154f, 87
1652705692.95757, sdrt-health/mac:02010b41cdec/antenna/tag/e28068940000400386621d4f, 90
1652705693.019745, sdrt-health/mac:02010b41cdec/antenna/tag/e28068940000500386620d4f, 93
1652705693.020249, sdrt-health/mac:02010b41cdec/antenna/tag/e28068940000400386621d4f, 90
1652705693.03589, sdrt-health/mac:02010b41cdec/antenna/tag/e28068940000500386620d4f, 87
1652705693.087725, sdrt-health/mac:02010b41cdec/antenna/tag/e2806894000050038661fd4f, 86
1652705693.088138, sdrt-health/mac:02010b41cdec/antenna/tag/e28068940000500386620d4f, 83
1652705693.117475, sdrt-health/mac:02010b41cdec/antenna/tag/e2806894000050038662194f, 81
1652705693.165357, sdrt-health/mac:02010b41cdec/antenna/tag/e2806894000050038662154f, 81
1652705693.193202, sdrt-health/mac:02010b41cdec/antenna/tag/e28068940000500386620d4f, 87
1652705693.193607, sdrt-health/mac:02010b41cdec/antenna/tag/e28068940000400386621d4f, 77
1652705693.207933, sdrt-health/mac:02010b41cdec/antenna/tag/e2806894000050038662154f, 83
1652705693.256195, sdrt-health/mac:02010b41cdec/antenna/tag/e2806894000050038662154f, 93
1652705693.31067, sdrt-health/mac:02010b41cdec/antenna/tag/e28068940000500386620d4f, 93
1652705693.311151, sdrt-health/mac:02010b41cdec/antenna/tag/e2806894000050038662154f, 85
1652705693.324357, sdrt-health/mac:02010b41cdec/antenna/tag/e28068940000500386620d4f, 83
1652705693.347659, sdrt-health/mac:02010b41cdec/antenna/tag/e2806894000040038662114f, 85
1652705693.406047, sdrt-health/mac:02010b41cdec/antenna/tag/e28068940000400386621d4f, 90
1652705693.456112, sdrt-health/mac:02010b41cdec/antenna/tag/e2806894000050038662154f, 93
1652705693.485512, sdrt-health/mac:02010b41cdec/antenna/tag/e28068940000500386620d4f, 93
1652705693.485755, sdrt-health/mac:02010b41cdec/antenna/tag/e28068940000400386621d4f, 90
1652705693.485991, sdrt-health/mac:02010b41cdec/antenna/tag/e28068940000400386621d4f, 90
1652705693.515081, sdrt-health/mac:02010b41cdec/antenna/tag/e28068940000500386620d4f, 87
1652705693.581577, sdrt-health/mac:02010b41cdec/antenna/tag/e28068940000500386620d4f, 93
1652705693.582018, sdrt-health/mac:02010b41cdec/antenna/tag/e28068940000400386621d4f, 96
1652705693.595211, sdrt-health/mac:02010b41cdec/antenna/tag/e2806894000040038662114f, 85
1652705693.615575, sdrt-health/mac:02010b41cdec/antenna/tag/e2806894000050038662194f, 94
1652705693.679393, sdrt-health/mac:02010b41cdec/antenna/tag/e2806894000050038661fd4f, 83
1652705693.67984, sdrt-health/mac:02010b41cdec/antenna/tag/e2806894000050038661fd4f, 86
1652705693.710346, sdrt-health/mac:02010b41cdec/antenna/tag/e2806894000050038661fd4f, 86
1652705693.755312, sdrt-health/mac:02010b41cdec/antenna/tag/e2806894000050038661fd4f, 83
1652705693.799564, sdrt-health/mac:02010b41cdec/antenna/tag/e2806894000040038662114f, 85
1652705693.859284, sdrt-health/mac:02010b41cdec/antenna/tag/e2806894000050038661fd4f, 86
1652705693.85973, sdrt-health/mac:02010b41cdec/antenna/tag/e2806894000050038661fd4f, 83
1652705693.873513, sdrt-health/mac:02010b41cdec/antenna/tag/e2806894000040038662114f, 85
1652705693.87377, sdrt-health/mac:02010b41cdec/antenna/tag/e2806894000050038662194f, 81
1652705693.873981, sdrt-health/mac:02010b41cdec/antenna/tag/e2806894000050038661fd4f, 83
1652705693.895423, sdrt-health/mac:02010b41cdec/antenna/tag/e2806894000050038661fd4f, 86
1652705693.959695, sdrt-health/mac:02010b41cdec/antenna/tag/e2806894000050038662154f, 85
1652705693.995116, sdrt-health/mac:02010b41cdec/antenna/tag/e2806894000050038661fd4f, 86
1652705694.008347, sdrt-health/mac:02010b41cdec/antenna/tag/e2806894000040038662114f, 85
1652705694.055654, sdrt-health/mac:02010b41cdec/antenna/tag/e2806894000050038662154f, 83
1652705694.110436, sdrt-health/mac:02010b41cdec/antenna/tag/e28068940000400386621d4f, 96
1652705694.178609, sdrt-health/mac:02010b41cdec/antenna/tag/e28068940000500386620d4f, 93
1652705694.215399, sdrt-health/mac:02010b41cdec/antenna/tag/e28068940000500386620d4f, 87
1652705694.255824, sdrt-health/mac:02010b41cdec/antenna/tag/e28068940000500386620d4f, 83
1652705694.29579, sdrt-health/mac:02010b41cdec/antenna/tag/e28068940000500386620d4f, 93
1652705694.379313, sdrt-health/mac:02010b41cdec/antenna/tag/e2806894000050038661fd4f, 86
1652705694.379791, sdrt-health/mac:02010b41cdec/antenna/tag/e28068940000400386621d4f, 90
1652705694.404879, sdrt-health/mac:02010b41cdec/antenna/tag/e2806894000050038662154f, 83
1652705694.454442, sdrt-health/mac:02010b41cdec/antenna/tag/e28068940000400386621d4f, 90
1652705694.495671, sdrt-health/mac:02010b41cdec/antenna/tag/e2806894000050038662194f, 81
1652705694.549578, sdrt-health/mac:02010b41cdec/antenna/tag/e2806894000050038661fd4f, 86
1652705694.550043, sdrt-health/mac:02010b41cdec/antenna/tag/e2806894000050038661fd4f, 86
1652705694.590319, sdrt-health/mac:02010b41cdec/antenna/tag/e2806894000040038662054f, 81
1652705694.591058, sdrt-health/mac:02010b41cdec/antenna/tag/e28068940000500386620d4f, 93
1652705694.602826, sdrt-health/mac:02010b41cdec/antenna/tag/e2806894000050038662154f, 85
1652705694.636248, sdrt-health/mac:02010b41cdec/antenna/tag/e2806894000040038662114f, 88
1652705694.694098, sdrt-health/mac:02010b41cdec/antenna/tag/e2806894000050038662194f, 88
1652705694.749075, sdrt-health/mac:02010b41cdec/antenna/tag/e2806894000040038662114f, 93
1652705694.749563, sdrt-health/mac:02010b41cdec/antenna/tag/e2806894000050038662154f, 83
1652705694.774901, sdrt-health/mac:02010b41cdec/antenna/tag/e2806894000050038662194f, 94
1652705694.830865, sdrt-health/mac:02010b41cdec/antenna/tag/e2806894000050038662154f, 87
1652705694.831184, sdrt-health/mac:02010b41cdec/antenna/tag/e2806894000050038661fd4f, 86
1652705694.848496, sdrt-health/mac:02010b41cdec/antenna/tag/e2806894000050038662154f, 85
1652705694.855303, sdrt-health/mac:02010b41cdec/antenna/tag/e2806894000040038662114f, 85
1652705694.863313, sdrt-health/mac:02010b41cdec/antenna/tag/e2806894000050038661fd4f, 86
1652705694.863537, sdrt-health/mac:02010b41cdec/antenna/tag/e28068940000400386621d4f, 96
1652705694.935546, sdrt-health/mac:02010b41cdec/antenna/tag/e2806894000040038662114f, 85
1652705694.974968, sdrt-health/mac:02010b41cdec/antenna/tag/e28068940000400386621d4f, 90
1652705695.015889, sdrt-health/mac:02010b41cdec/antenna/tag/e28068940000500386620d4f, 87
1652705695.085805, sdrt-health/mac:02010b41cdec/antenna/tag/e2806894000040038662114f, 88
1652705695.086254, sdrt-health/mac:02010b41cdec/antenna/tag/e2806894000050038661fd4f, 86
1652705695.099648, sdrt-health/mac:02010b41cdec/antenna/tag/e2806894000040038662114f, 88
1652705695.116237, sdrt-health/mac:02010b41cdec/antenna/tag/e2806894000040038662114f, 85
1652705695.14458, sdrt-health/mac:02010b41cdec/antenna/tag/e28068940000500386620d4f, 85
1652705695.144846, sdrt-health/mac:02010b41cdec/antenna/tag/e2806894000050038662154f, 88
1652705695.198439, sdrt-health/mac:02010b41cdec/antenna/tag/e2806894000040038662114f, 85
1652705695.27796, sdrt-health/mac:02010b41cdec/antenna/tag/e28068940000400386621d4f, 96
1652705695.278452, sdrt-health/mac:02010b41cdec/antenna/tag/e28068940000400386621d4f, 90
1652705695.278789, sdrt-health/mac:02010b41cdec/antenna/tag/e2806894000040038662114f, 85
1652705695.279107, sdrt-health/mac:02010b41cdec/antenna/tag/e2806894000050038661fd4f, 90
1652705695.279461, sdrt-health/mac:02010b41cdec/antenna/tag/e28068940000400386621d4f, 90
1652705695.326543, sdrt-health/mac:02010b41cdec/antenna/tag/e2806894000040038662114f, 88
1652705695.355711, sdrt-health/mac:02010b41cdec/antenna/tag/e2806894000050038661fd4f, 90
1652705695.356058, sdrt-health/mac:02010b41cdec/antenna/tag/e2806894000050038662154f, 85
1652705695.356302, sdrt-health/mac:02010b41cdec/antenna/tag/e28068940000400386621d4f, 90
1652705695.356606, sdrt-health/mac:02010b41cdec/antenna/tag/e2806894000050038661fd4f, 90
1652705695.37506, sdrt-health/mac:02010b41cdec/antenna/tag/e28068940000400386621d4f, 90
1652705695.40496, sdrt-health/mac:02010b41cdec/antenna/tag/e2806894000050038661fd4f, 90
1652705695.405354, sdrt-health/mac:02010b41cdec/antenna/tag/e2806894000050038662154f, 85
1652705695.405613, sdrt-health/mac:02010b41cdec/antenna/tag/e28068940000500386620d4f, 93
1652705695.405853, sdrt-health/mac:02010b41cdec/antenna/tag/e2806894000050038661fd4f, 90
1652705695.420433, sdrt-health/mac:02010b41cdec/antenna/tag/e28068940000500386620d4f, 87
1652705695.420752, sdrt-health/mac:02010b41cdec/antenna/tag/e2806894000050038661fd4f, 86
1652705695.48258, sdrt-health/mac:02010b41cdec/antenna/tag/e2806894000050038661fd4f, 90
1652705695.547323, sdrt-health/mac:02010b41cdec/antenna/tag/e28068940000400386621d4f, 90
1652705695.547874, sdrt-health/mac:02010b41cdec/antenna/tag/e2806894000040038662114f, 85
1652705695.56177, sdrt-health/mac:02010b41cdec/antenna/tag/e2806894000050038662154f, 85
1652705695.59028, sdrt-health/mac:02010b41cdec/antenna/tag/e2806894000050038661fd4f, 86
1652705695.590709, sdrt-health/mac:02010b41cdec/antenna/tag/e2806894000050038661fd4f, 86
1652705695.615739, sdrt-health/mac:02010b41cdec/antenna/tag/e2806894000050038661fd4f, 86
1652705695.75003, sdrt-health/mac:02010b41cdec/antenna/tag/e28068940000500386620d4f, 87
1652705695.75053, sdrt-health/mac:02010b41cdec/antenna/tag/e2806894000050038661fd4f, 86
1652705695.855048, sdrt-health/mac:02010b41cdec/antenna/tag/e28068940000500386620d4f, 87
1652705695.894497, sdrt-health/mac:02010b41cdec/antenna/tag/e28068940000400386621d4f, 90
1652705695.949912, sdrt-health/mac:02010b41cdec/antenna/tag/e2806894000050038661fd4f, 86
1652705695.950378, sdrt-health/mac:02010b41cdec/antenna/tag/e28068940000400386621d4f, 90
1652705695.974778, sdrt-health/mac:02010b41cdec/antenna/tag/e2806894000050038662154f, 93
1652705696.015218, sdrt-health/mac:02010b41cdec/antenna/tag/e2806894000050038662154f, 87
1652705696.070945, sdrt-health/mac:02010b41cdec/antenna/tag/e2806894000040038662114f, 88
1652705696.071301, sdrt-health/mac:02010b41cdec/antenna/tag/e2806894000050038661fd4f, 86
1652705696.109443, sdrt-health/mac:02010b41cdec/antenna/tag/e2806894000050038661fd4f, 86
1652705696.155587, sdrt-health/mac:02010b41cdec/antenna/tag/e2806894000050038661fd4f, 83
1652705696.185819, sdrt-health/mac:02010b41cdec/antenna/tag/e2806894000040038662214f, 81
1652705696.186098, sdrt-health/mac:02010b41cdec/antenna/tag/e2806894000040038662114f, 85
1652705696.20077, sdrt-health/mac:02010b41cdec/antenna/tag/e28068940000400386621d4f, 96
1652705696.200967, sdrt-health/mac:02010b41cdec/antenna/tag/e2806894000040038662114f, 85
1652705696.312562, sdrt-health/mac:02010b41cdec/antenna/tag/e2806894000050038662154f, 85
1652705696.376542, sdrt-health/mac:02010b41cdec/antenna/tag/e2806894000050038662154f, 85
1652705696.419734, sdrt-health/mac:02010b41cdec/antenna/tag/e2806894000050038661fd4f, 86
1652705696.469573, sdrt-health/mac:02010b41cdec/antenna/tag/e2806894000050038662154f, 88
1652705696.469775, sdrt-health/mac:02010b41cdec/antenna/tag/e28068940000500386620d4f, 85
1652705696.525168, sdrt-health/mac:02010b41cdec/antenna/tag/e2806894000050038662154f, 83
1652705696.565715, sdrt-health/mac:02010b41cdec/antenna/tag/e2806894000040038662114f, 85
1652705696.660484, sdrt-health/mac:02010b41cdec/antenna/tag/e2806894000050038662154f, 87
1652705696.66096, sdrt-health/mac:02010b41cdec/antenna/tag/e2806894000050038662154f, 85
1652705696.696547, sdrt-health/mac:02010b41cdec/antenna/tag/e28068940000400386621d4f, 96
1652705696.750378, sdrt-health/mac:02010b41cdec/antenna/tag/e2806894000040038662114f, 88
1652705696.750864, sdrt-health/mac:02010b41cdec/antenna/tag/e2806894000050038661fd4f, 86
1652705696.775448, sdrt-health/mac:02010b41cdec/antenna/tag/e2806894000050038662154f, 85
1652705696.830689, sdrt-health/mac:02010b41cdec/antenna/tag/e2806894000050038661fd4f, 86
1652705696.884343, sdrt-health/mac:02010b41cdec/antenna/tag/e28068940000500386620d4f, 85
1652705696.95536, sdrt-health/mac:02010b41cdec/antenna/tag/e28068940000400386621d4f, 90
1652705696.97515, sdrt-health/mac:02010b41cdec/antenna/tag/e28068940000500386620d4f, 93
1652705697.016535, sdrt-health/mac:02010b41cdec/antenna/tag/e2806894000040038662114f, 93
1652705697.046099, sdrt-health/mac:02010b41cdec/antenna/tag/e2806894000050038661fd4f, 86
1652705697.046331, sdrt-health/mac:02010b41cdec/antenna/tag/e2806894000050038662154f, 83
1652705697.060684, sdrt-health/mac:02010b41cdec/antenna/tag/e2806894000050038661fd4f, 86
1652705697.165254, sdrt-health/mac:02010b41cdec/antenna/tag/e2806894000050038661fd4f, 86
1652705697.215622, sdrt-health/mac:02010b41cdec/antenna/tag/e28068940000500386620d4f, 93
1652705697.300114, sdrt-health/mac:02010b41cdec/antenna/tag/e28068940000500386620d4f, 83
1652705697.300636, sdrt-health/mac:02010b41cdec/antenna/tag/e28068940000500386620d4f, 93
1652705697.335813, sdrt-health/mac:02010b41cdec/antenna/tag/e28068940000500386620d4f, 93
1652705697.391845, sdrt-health/mac:02010b41cdec/antenna/tag/e2806894000040038662114f, 88
1652705697.392344, sdrt-health/mac:02010b41cdec/antenna/tag/e2806894000050038661fd4f, 86
1652705697.425074, sdrt-health/mac:02010b41cdec/antenna/tag/e2806894000050038661fd4f, 83
1652705697.471137, sdrt-health/mac:02010b41cdec/antenna/tag/e2806894000040038662114f, 85
1652705697.533814, sdrt-health/mac:02010b41cdec/antenna/tag/e28068940000500386620d4f, 87
1652705697.534291, sdrt-health/mac:02010b41cdec/antenna/tag/e2806894000050038662154f, 81
1652705697.566612, sdrt-health/mac:02010b41cdec/antenna/tag/e28068940000500386620d4f, 87
1652705697.56799, sdrt-health/mac:02010b41cdec/antenna/tag/e28068940000500386620d4f, 87
1652705697.580917, sdrt-health/mac:02010b41cdec/antenna/tag/e28068940000400386621d4f, 96
1652705697.606925, sdrt-health/mac:02010b41cdec/antenna/tag/e2806894000050038661fd4f, 83
1652705697.688561, sdrt-health/mac:02010b41cdec/antenna/tag/e2806894000050038662154f, 83
1652705697.689031, sdrt-health/mac:02010b41cdec/antenna/tag/e28068940000400386621d4f, 96
1652705697.71718, sdrt-health/mac:02010b41cdec/antenna/tag/e28068940000500386620d4f, 85
1652705697.755074, sdrt-health/mac:02010b41cdec/antenna/tag/e28068940000500386620d4f, 87
1652705697.782544, sdrt-health/mac:02010b41cdec/antenna/tag/e2806894000040038662114f, 88
1652705697.782828, sdrt-health/mac:02010b41cdec/antenna/tag/e2806894000050038662154f, 85
1652705697.815757, sdrt-health/mac:02010b41cdec/antenna/tag/e2806894000050038662154f, 85
1652705697.845009, sdrt-health/mac:02010b41cdec/antenna/tag/e2806894000040038662114f, 85
1652705697.84536, sdrt-health/mac:02010b41cdec/antenna/tag/e2806894000050038661fd4f, 86
1652705697.871652, sdrt-health/mac:02010b41cdec/antenna/tag/e2806894000040038662114f, 88
1652705697.900217, sdrt-health/mac:02010b41cdec/antenna/tag/e2806894000050038662154f, 85
1652705697.900541, sdrt-health/mac:02010b41cdec/antenna/tag/e2806894000050038661fd4f, 86
1652705697.914741, sdrt-health/mac:02010b41cdec/antenna/tag/e28068940000500386620d4f, 85
1652705697.984164, sdrt-health/mac:02010b41cdec/antenna/tag/e28068940000500386620d4f, 93
1652705697.984683, sdrt-health/mac:02010b41cdec/antenna/tag/e2806894000040038662114f, 88
1652705697.999516, sdrt-health/mac:02010b41cdec/antenna/tag/e2806894000050038661fd4f, 86
1652705698.01424, sdrt-health/mac:02010b41cdec/antenna/tag/e2806894000050038662154f, 87
1652705698.065256, sdrt-health/mac:02010b41cdec/antenna/tag/e2806894000040038662114f, 85
1652705698.110718, sdrt-health/mac:02010b41cdec/antenna/tag/e28068940000500386620d4f, 83
1652705698.206655, sdrt-health/mac:02010b41cdec/antenna/tag/e2806894000050038662194f, 81
1652705698.207169, sdrt-health/mac:02010b41cdec/antenna/tag/e28068940000400386621d4f, 96
1652705698.236252, sdrt-health/mac:02010b41cdec/antenna/tag/e2806894000050038662194f, 81
1652705698.296285, sdrt-health/mac:02010b41cdec/antenna/tag/e2806894000050038662154f, 93
1652705698.296801, sdrt-health/mac:02010b41cdec/antenna/tag/e28068940000400386621d4f, 90
1652705698.324675, sdrt-health/mac:02010b41cdec/antenna/tag/e2806894000050038661fd4f, 86
1652705698.377847, sdrt-health/mac:02010b41cdec/antenna/tag/e2806894000050038661fd4f, 86
1652705698.485056, sdrt-health/mac:02010b41cdec/antenna/tag/e2806894000050038662154f, 83
1652705698.556193, sdrt-health/mac:02010b41cdec/antenna/tag/e2806894000040038662114f, 85
1652705698.597997, sdrt-health/mac:02010b41cdec/antenna/tag/e2806894000050038662154f, 83
1652705698.659423, sdrt-health/mac:02010b41cdec/antenna/tag/e2806894000050038661fd4f, 86
1652705698.660032, sdrt-health/mac:02010b41cdec/antenna/tag/e28068940000500386620d4f, 93
1652705698.673528, sdrt-health/mac:02010b41cdec/antenna/tag/e2806894000050038661fd4f, 83
1652705698.702803, sdrt-health/mac:02010b41cdec/antenna/tag/e2806894000050038661fd4f, 83
1652705698.750009, sdrt-health/mac:02010b41cdec/antenna/tag/e28068940000400386621d4f, 96
1652705698.750472, sdrt-health/mac:02010b41cdec/antenna/tag/e28068940000400386621d4f, 77
1652705698.795193, sdrt-health/mac:02010b41cdec/antenna/tag/e28068940000400386621d4f, 96
1652705698.852027, sdrt-health/mac:02010b41cdec/antenna/tag/e28068940000400386621d4f, 96
1652705698.852516, sdrt-health/mac:02010b41cdec/antenna/tag/e28068940000400386621d4f, 96
1652705698.964553, sdrt-health/mac:02010b41cdec/antenna/tag/e2806894000040038662114f, 85
1652705699.015332, sdrt-health/mac:02010b41cdec/antenna/tag/e2806894000050038661fd4f, 83
1652705699.056239, sdrt-health/mac:02010b41cdec/antenna/tag/e28068940000500386620d4f, 87
1652705699.105439, sdrt-health/mac:02010b41cdec/antenna/tag/e2806894000050038662154f, 87
1652705699.149794, sdrt-health/mac:02010b41cdec/antenna/tag/e28068940000500386620d4f, 88
1652705699.197623, sdrt-health/mac:02010b41cdec/antenna/tag/e28068940000400386621d4f, 96
1652705699.256347, sdrt-health/mac:02010b41cdec/antenna/tag/e28068940000400386621d4f, 77
1652705699.31117, sdrt-health/mac:02010b41cdec/antenna/tag/e2806894000050038662154f, 94
1652705699.311691, sdrt-health/mac:02010b41cdec/antenna/tag/e28068940000400386621d4f, 77
1652705699.373306, sdrt-health/mac:02010b41cdec/antenna/tag/e2806894000050038661fd4f, 86
1652705699.416213, sdrt-health/mac:02010b41cdec/antenna/tag/e28068940000500386620d4f, 83
1652705699.484515, sdrt-health/mac:02010b41cdec/antenna/tag/e28068940000400386621d4f, 90
1652705699.485013, sdrt-health/mac:02010b41cdec/antenna/tag/e2806894000050038662154f, 83
1652705699.515767, sdrt-health/mac:02010b41cdec/antenna/tag/e2806894000040038662114f, 88
1652705699.545663, sdrt-health/mac:02010b41cdec/antenna/tag/e2806894000050038662194f, 83
1652705699.545886, sdrt-health/mac:02010b41cdec/antenna/tag/e28068940000400386621d4f, 90
1652705699.559177, sdrt-health/mac:02010b41cdec/antenna/tag/e2806894000050038661fd4f, 86
1652705699.559594, sdrt-health/mac:02010b41cdec/antenna/tag/e28068940000500386620d4f, 87
1652705699.661784, sdrt-health/mac:02010b41cdec/antenna/tag/e2806894000050038662154f, 81
1652705699.725451, sdrt-health/mac:02010b41cdec/antenna/tag/e28068940000500386620d4f, 87
1652705699.766172, sdrt-health/mac:02010b41cdec/antenna/tag/e2806894000040038662054f, 81
1652705699.831071, sdrt-health/mac:02010b41cdec/antenna/tag/e2806894000050038661fd4f, 86
1652705699.831522, sdrt-health/mac:02010b41cdec/antenna/tag/e2806894000050038661fd4f, 86
1652705699.844986, sdrt-health/mac:02010b41cdec/antenna/tag/e28068940000400386621d4f, 96
1652705699.869756, sdrt-health/mac:02010b41cdec/antenna/tag/e2806894000040038662114f, 88
1652705699.929003, sdrt-health/mac:02010b41cdec/antenna/tag/e2806894000040038662114f, 91
1652705699.929551, sdrt-health/mac:02010b41cdec/antenna/tag/e28068940000400386621d4f, 90
1652705699.965462, sdrt-health/mac:02010b41cdec/antenna/tag/e2806894000050038661fd4f, 86
1652705700.02001, sdrt-health/mac:02010b41cdec/antenna/tag/e2806894000050038661fd4f, 86
1652705700.020532, sdrt-health/mac:02010b41cdec/antenna/tag/e2806894000050038661fd4f, 83
1652705700.037532, sdrt-health/mac:02010b41cdec/antenna/tag/e28068940000400386621d4f, 96
1652705700.055007, sdrt-health/mac:02010b41cdec/antenna/tag/e2806894000040038662114f, 85
1652705700.19332, sdrt-health/mac:02010b41cdec/antenna/tag/e28068940000500386620d4f, 87
1652705700.193767, sdrt-health/mac:02010b41cdec/antenna/tag/e2806894000040038662114f, 85
1652705700.215028, sdrt-health/mac:02010b41cdec/antenna/tag/e2806894000050038661fd4f, 83
1652705700.270204, sdrt-health/mac:02010b41cdec/antenna/tag/e2806894000040038662114f, 85
1652705700.270719, sdrt-health/mac:02010b41cdec/antenna/tag/e28068940000400386621d4f, 77
1652705700.295583, sdrt-health/mac:02010b41cdec/antenna/tag/e2806894000040038662114f, 85
1652705700.37295, sdrt-health/mac:02010b41cdec/antenna/tag/e28068940000500386620d4f, 87
1652705700.373555, sdrt-health/mac:02010b41cdec/antenna/tag/e2806894000050038662154f, 81
1652705700.388992, sdrt-health/mac:02010b41cdec/antenna/tag/e28068940000500386620d4f, 81
1652705700.395642, sdrt-health/mac:02010b41cdec/antenna/tag/e2806894000050038662154f, 83
1652705700.441434, sdrt-health/mac:02010b41cdec/antenna/tag/e28068940000500386620d4f, 93
1652705700.485368, sdrt-health/mac:02010b41cdec/antenna/tag/e2806894000040038662114f, 88
1652705700.570527, sdrt-health/mac:02010b41cdec/antenna/tag/e28068940000500386620d4f, 93
1652705700.571143, sdrt-health/mac:02010b41cdec/antenna/tag/e28068940000500386620d4f, 87
1652705700.605977, sdrt-health/mac:02010b41cdec/antenna/tag/e2806894000040038662114f, 85
1652705700.696386, sdrt-health/mac:02010b41cdec/antenna/tag/e28068940000400386621d4f, 90
1652705700.736077, sdrt-health/mac:02010b41cdec/antenna/tag/e2806894000050038662154f, 85
1652705700.766034, sdrt-health/mac:02010b41cdec/antenna/tag/e28068940000500386620d4f, 87
1652705700.766283, sdrt-health/mac:02010b41cdec/antenna/tag/e2806894000040038662114f, 93
1652705700.779581, sdrt-health/mac:02010b41cdec/antenna/tag/e2806894000040038662114f, 88
1652705700.81351, sdrt-health/mac:02010b41cdec/antenna/tag/e2806894000040038662114f, 88
1652705700.854908, sdrt-health/mac:02010b41cdec/antenna/tag/e28068940000400386621d4f, 90
1652705700.855372, sdrt-health/mac:02010b41cdec/antenna/tag/e28068940000500386620d4f, 93
1652705700.919228, sdrt-health/mac:02010b41cdec/antenna/tag/e2806894000050038662194f, 81
1652705700.966008, sdrt-health/mac:02010b41cdec/antenna/tag/e28068940000500386620d4f, 85
1652705701.029208, sdrt-health/mac:02010b41cdec/antenna/tag/e2806894000050038661fd4f, 86
1652705701.02977, sdrt-health/mac:02010b41cdec/antenna/tag/e28068940000400386621d4f, 96
1652705701.071154, sdrt-health/mac:02010b41cdec/antenna/tag/e28068940000400386621d4f, 90
1652705701.115941, sdrt-health/mac:02010b41cdec/antenna/tag/e2806894000050038662154f, 85
1652705701.174517, sdrt-health/mac:02010b41cdec/antenna/tag/e2806894000040038662114f, 85
1652705701.215518, sdrt-health/mac:02010b41cdec/antenna/tag/e2806894000040038662114f, 85
1652705701.244716, sdrt-health/mac:02010b41cdec/antenna/tag/e2806894000040038662114f, 93
1652705701.245261, sdrt-health/mac:02010b41cdec/antenna/tag/e2806894000050038662154f, 81
1652705701.263686, sdrt-health/mac:02010b41cdec/antenna/tag/e28068940000500386620d4f, 87
1652705701.292208, sdrt-health/mac:02010b41cdec/antenna/tag/e2806894000040038662114f, 93
1652705701.292667, sdrt-health/mac:02010b41cdec/antenna/tag/e28068940000500386620d4f, 93
1652705701.310732, sdrt-health/mac:02010b41cdec/antenna/tag/e28068940000500386620d4f, 93
1652705701.35544, sdrt-health/mac:02010b41cdec/antenna/tag/e2806894000040038662114f, 85
1652705701.413731, sdrt-health/mac:02010b41cdec/antenna/tag/e28068940000400386621d4f, 96
1652705701.414276, sdrt-health/mac:02010b41cdec/antenna/tag/e2806894000040038662114f, 85
1652705701.444952, sdrt-health/mac:02010b41cdec/antenna/tag/e28068940000500386620d4f, 83
1652705701.496788, sdrt-health/mac:02010b41cdec/antenna/tag/e28068940000400386621d4f, 96
1652705701.551371, sdrt-health/mac:02010b41cdec/antenna/tag/e28068940000400386621d4f, 90
1652705701.551907, sdrt-health/mac:02010b41cdec/antenna/tag/e2806894000040038662114f, 85
1652705701.575471, sdrt-health/mac:02010b41cdec/antenna/tag/e2806894000050038661fd4f, 86
1652705701.615202, sdrt-health/mac:02010b41cdec/antenna/tag/e2806894000050038662154f, 88
1652705701.668535, sdrt-health/mac:02010b41cdec/antenna/tag/e2806894000040038662114f, 85
1652705701.669041, sdrt-health/mac:02010b41cdec/antenna/tag/e2806894000050038662154f, 85
1652705701.710102, sdrt-health/mac:02010b41cdec/antenna/tag/e2806894000050038662154f, 85
1652705701.774825, sdrt-health/mac:02010b41cdec/antenna/tag/e28068940000400386621d4f, 96
1652705701.85059, sdrt-health/mac:02010b41cdec/antenna/tag/e28068940000400386621d4f, 90
1652705701.894917, sdrt-health/mac:02010b41cdec/antenna/tag/e28068940000500386620d4f, 93
1652705701.895756, sdrt-health/mac:02010b41cdec/antenna/tag/e28068940000500386620d4f, 93
1652705701.908994, sdrt-health/mac:02010b41cdec/antenna/tag/e2806894000040038662114f, 93
1652705701.960619, sdrt-health/mac:02010b41cdec/antenna/tag/e2806894000050038662154f, 85
1652705702.00534, sdrt-health/mac:02010b41cdec/antenna/tag/e2806894000040038662114f, 85
1652705702.085235, sdrt-health/mac:02010b41cdec/antenna/tag/e28068940000400386621d4f, 96
1652705702.136438, sdrt-health/mac:02010b41cdec/antenna/tag/e2806894000050038662154f, 83
1652705702.1754, sdrt-health/mac:02010b41cdec/antenna/tag/e28068940000400386621d4f, 77
1652705702.192987, sdrt-health/mac:02010b41cdec/antenna/tag/e2806894000050038661fd4f, 83
1652705702.215334, sdrt-health/mac:02010b41cdec/antenna/tag/e2806894000050038662154f, 85
1652705702.256088, sdrt-health/mac:02010b41cdec/antenna/tag/e2806894000040038662114f, 85
1652705702.310919, sdrt-health/mac:02010b41cdec/antenna/tag/e28068940000500386620d4f, 93
1652705702.311468, sdrt-health/mac:02010b41cdec/antenna/tag/e2806894000040038662114f, 88
1652705702.351752, sdrt-health/mac:02010b41cdec/antenna/tag/e2806894000050038662194f, 81
1652705702.406308, sdrt-health/mac:02010b41cdec/antenna/tag/e28068940000400386621d4f, 86
1652705702.455844, sdrt-health/mac:02010b41cdec/antenna/tag/e2806894000050038662194f, 94
1652705702.494145, sdrt-health/mac:02010b41cdec/antenna/tag/e2806894000050038662194f, 83
1652705702.536034, sdrt-health/mac:02010b41cdec/antenna/tag/e28068940000500386620d4f, 93
1652705702.599049, sdrt-health/mac:02010b41cdec/antenna/tag/e2806894000050038661fd4f, 83
1652705702.645916, sdrt-health/mac:02010b41cdec/antenna/tag/e28068940000500386620d4f, 93
1652705702.716793, sdrt-health/mac:02010b41cdec/antenna/tag/e2806894000050038661fd4f, 83
1652705702.717364, sdrt-health/mac:02010b41cdec/antenna/tag/e2806894000050038662154f, 94
1652705702.733386, sdrt-health/mac:02010b41cdec/antenna/tag/e2806894000050038661fd4f, 83
1652705702.750381, sdrt-health/mac:02010b41cdec/antenna/tag/e2806894000050038661fd4f, 86
1652705702.756167, sdrt-health/mac:02010b41cdec/antenna/tag/e28068940000400386621d4f, 96
1652705702.79653, sdrt-health/mac:02010b41cdec/antenna/tag/e28068940000500386620d4f, 93
1652705702.858013, sdrt-health/mac:02010b41cdec/antenna/tag/e2806894000050038662154f, 85
1652705702.858473, sdrt-health/mac:02010b41cdec/antenna/tag/e2806894000040038662114f, 88
1652705702.886348, sdrt-health/mac:02010b41cdec/antenna/tag/e2806894000040038662114f, 93
1652705702.966727, sdrt-health/mac:02010b41cdec/antenna/tag/e28068940000500386620d4f, 85
1652705702.96721, sdrt-health/mac:02010b41cdec/antenna/tag/e28068940000400386621d4f, 90
1652705702.991006, sdrt-health/mac:02010b41cdec/antenna/tag/e2806894000050038661fd4f, 86
1652705703.030994, sdrt-health/mac:02010b41cdec/antenna/tag/e2806894000050038661fd4f, 86
1652705703.031421, sdrt-health/mac:02010b41cdec/antenna/tag/e2806894000050038661fd4f, 83
1652705703.046368, sdrt-health/mac:02010b41cdec/antenna/tag/e2806894000040038662114f, 93
1652705703.078907, sdrt-health/mac:02010b41cdec/antenna/tag/e28068940000400386621d4f, 96
1652705703.140434, sdrt-health/mac:02010b41cdec/antenna/tag/e2806894000050038662154f, 83
1652705703.141113, sdrt-health/mac:02010b41cdec/antenna/tag/e2806894000040038662114f, 88
1652705703.176333, sdrt-health/mac:02010b41cdec/antenna/tag/e28068940000500386620d4f, 93
1652705703.216619, sdrt-health/mac:02010b41cdec/antenna/tag/e2806894000050038661fd4f, 86
1652705703.270815, sdrt-health/mac:02010b41cdec/antenna/tag/e28068940000500386620d4f, 85
1652705703.27134, sdrt-health/mac:02010b41cdec/antenna/tag/e2806894000050038662194f, 94
1652705703.297544, sdrt-health/mac:02010b41cdec/antenna/tag/e28068940000500386620d4f, 87
1652705703.337166, sdrt-health/mac:02010b41cdec/antenna/tag/e2806894000040038662114f, 85
1652705703.710294, sdrt-health/mac:02010b41cdec/antenna/tag/e2806894000040038662114f, 88
1652705703.74166, sdrt-health/mac:02010b41cdec/antenna/tag/e2806894000050038661fd4f, 90
1652705703.742142, sdrt-health/mac:02010b41cdec/antenna/tag/e2806894000050038662154f, 85
1652705703.742614, sdrt-health/mac:02010b41cdec/antenna/tag/e2806894000040038662114f, 85
1652705703.742996, sdrt-health/mac:02010b41cdec/antenna/tag/e2806894000050038661fd4f, 86
1652705703.743345, sdrt-health/mac:02010b41cdec/antenna/tag/e2806894000040038662214f, 88
1652705703.743773, sdrt-health/mac:02010b41cdec/antenna/tag/e2806894000050038661fd4f, 83
1652705703.744182, sdrt-health/mac:02010b41cdec/antenna/tag/e2806894000040038662114f, 85
1652705703.744632, sdrt-health/mac:02010b41cdec/antenna/tag/e2806894000050038662154f, 87
1652705703.74491, sdrt-health/mac:02010b41cdec/antenna/tag/e28068940000500386620d4f, 81
1652705703.771185, sdrt-health/mac:02010b41cdec/antenna/tag/e28068940000500386620d4f, 83
1652705703.79987, sdrt-health/mac:02010b41cdec/antenna/tag/e28068940000400386621d4f, 90
1652705703.80027, sdrt-health/mac:02010b41cdec/antenna/tag/e2806894000040038662114f, 85
1652705703.800566, sdrt-health/mac:02010b41cdec/antenna/tag/e2806894000050038661fd4f, 86
1652705703.80083, sdrt-health/mac:02010b41cdec/antenna/tag/e28068940000500386620d4f, 87
1652705703.845528, sdrt-health/mac:02010b41cdec/antenna/tag/e28068940000500386620d4f, 85
1652705703.940928, sdrt-health/mac:02010b41cdec/antenna/tag/e28068940000500386620d4f, 93
1652705703.941395, sdrt-health/mac:02010b41cdec/antenna/tag/e28068940000400386621d4f, 96
1652705703.976845, sdrt-health/mac:02010b41cdec/antenna/tag/e2806894000040038662114f, 85
1652705704.031726, sdrt-health/mac:02010b41cdec/antenna/tag/e28068940000500386620d4f, 83
1652705704.107483, sdrt-health/mac:02010b41cdec/antenna/tag/e28068940000500386620d4f, 87
1652705704.10798, sdrt-health/mac:02010b41cdec/antenna/tag/e2806894000050038661fd4f, 86
1652705704.126614, sdrt-health/mac:02010b41cdec/antenna/tag/e2806894000050038662154f, 81
1652705704.126919, sdrt-health/mac:02010b41cdec/antenna/tag/e28068940000400386621d4f, 77
1652705704.127104, sdrt-health/mac:02010b41cdec/antenna/tag/e2806894000050038662154f, 81
1652705704.156378, sdrt-health/mac:02010b41cdec/antenna/tag/e2806894000050038662154f, 85
1652705704.216201, sdrt-health/mac:02010b41cdec/antenna/tag/e28068940000400386621d4f, 90
1652705704.216757, sdrt-health/mac:02010b41cdec/antenna/tag/e28068940000400386621d4f, 96
1652705704.245983, sdrt-health/mac:02010b41cdec/antenna/tag/e2806894000050038661fd4f, 90
1652705704.277497, sdrt-health/mac:02010b41cdec/antenna/tag/e28068940000500386620d4f, 93
1652705704.278016, sdrt-health/mac:02010b41cdec/antenna/tag/e2806894000040038662114f, 85
1652705704.295756, sdrt-health/mac:02010b41cdec/antenna/tag/e2806894000040038662114f, 85
1652705704.353295, sdrt-health/mac:02010b41cdec/antenna/tag/e2806894000050038661fd4f, 86
1652705704.405303, sdrt-health/mac:02010b41cdec/antenna/tag/e2806894000050038662154f, 85
1652705704.436031, sdrt-health/mac:02010b41cdec/antenna/tag/e2806894000040038662114f, 88
1652705704.436412, sdrt-health/mac:02010b41cdec/antenna/tag/e28068940000500386620d4f, 93
1652705704.456272, sdrt-health/mac:02010b41cdec/antenna/tag/e28068940000500386620d4f, 85
1652705704.527044, sdrt-health/mac:02010b41cdec/antenna/tag/e2806894000040038662114f, 91
1652705704.527376, sdrt-health/mac:02010b41cdec/antenna/tag/e28068940000500386620d4f, 87
1652705704.541498, sdrt-health/mac:02010b41cdec/antenna/tag/e2806894000040038662114f, 88
1652705704.555501, sdrt-health/mac:02010b41cdec/antenna/tag/e28068940000500386620d4f, 83
1652705704.599336, sdrt-health/mac:02010b41cdec/antenna/tag/e28068940000400386621d4f, 77
1652705704.686376, sdrt-health/mac:02010b41cdec/antenna/tag/e28068940000400386621d4f, 96
1652705704.726959, sdrt-health/mac:02010b41cdec/antenna/tag/e28068940000500386620d4f, 85
1652705704.802894, sdrt-health/mac:02010b41cdec/antenna/tag/e2806894000050038661fd4f, 86
1652705704.803386, sdrt-health/mac:02010b41cdec/antenna/tag/e2806894000040038662114f, 85
1652705704.843755, sdrt-health/mac:02010b41cdec/antenna/tag/e2806894000050038661fd4f, 86
1652705705.052748, sdrt-health/mac:02010b41cdec/antenna/tag/scan, scan stopped
