1652706063.820563, sdrt-health/mac:02010b41cdec/antenna/power/set, {"power": 280}
1652706064.88696, sdrt-health/mac:02010b41cdec/antenna/power/set, 
1652706068.84438, sdrt-health/mac:02010b41cdec/antenna/tag/scan, {"time": 20000}
1652706069.285011, sdrt-health/mac:02010b41cdec/antenna/tag/e28068940000500386620d4f, 87
1652706069.337482, sdrt-health/mac:02010b41cdec/antenna/tag/e28068940000400386621d4f, 90
1652706069.407934, sdrt-health/mac:02010b41cdec/antenna/tag/e28068940000400386621d4f, 90
1652706069.408439, sdrt-health/mac:02010b41cdec/antenna/tag/e28068940000400386621d4f, 90
1652706069.436502, sdrt-health/mac:02010b41cdec/antenna/tag/e2806894000050038661fd4f, 86
1652706069.469371, sdrt-health/mac:02010b41cdec/antenna/tag/e2806894000050038662154f, 85
1652706069.469674, sdrt-health/mac:02010b41cdec/antenna/tag/e2806894000040038662114f, 85
1652706069.486353, sdrt-health/mac:02010b41cdec/antenna/tag/e28068940000400386621d4f, 90
1652706069.534113, sdrt-health/mac:02010b41cdec/antenna/tag/e28068940000400386621d4f, 96
1652706069.570554, sdrt-health/mac:02010b41cdec/antenna/tag/e2806894000040038662114f, 85
1652706069.570871, sdrt-health/mac:02010b41cdec/antenna/tag/e2806894000050038662194f, 84
1652706069.571072, sdrt-health/mac:02010b41cdec/antenna/tag/e28068940000400386621d4f, 96
1652706069.587039, sdrt-health/mac:02010b41cdec/antenna/tag/e2806894000050038662154f, 81
1652706069.587355, sdrt-health/mac:02010b41cdec/antenna/tag/e2806894000050038662194f, 94
1652706069.58753, sdrt-health/mac:02010b41cdec/antenna/tag/e2806894000050038662194f, 81
1652706069.640308, sdrt-health/mac:02010b41cdec/antenna/tag/e28068940000400386621d4f, 96
1652706069.714534, sdrt-health/mac:02010b41cdec/antenna/tag/e28068940000500386620d4f, 93
1652706069.715067, sdrt-health/mac:02010b41cdec/antenna/tag/e2806894000040038662114f, 85
1652706069.731156, sdrt-health/mac:02010b41cdec/antenna/tag/e2806894000050038661fd4f, 90
1652706069.758562, sdrt-health/mac:02010b41cdec/antenna/tag/e28068940000400386621d4f, 90
1652706069.824249, sdrt-health/mac:02010b41cdec/antenna/tag/e2806894000050038662154f, 93
1652706069.824742, sdrt-health/mac:02010b41cdec/antenna/tag/e28068940000500386620d4f, 83
1652706069.857191, sdrt-health/mac:02010b41cdec/antenna/tag/e2806894000050038661fd4f, 86
1652706069.912203, sdrt-health/mac:02010b41cdec/antenna/tag/e28068940000400386621d4f, 90
1652706069.912717, sdrt-health/mac:02010b41cdec/antenna/tag/e2806894000040038662114f, 85
1652706069.936266, sdrt-health/mac:02010b41cdec/antenna/tag/e2806894000050038662154f, 87
1652706069.968577, sdrt-health/mac:02010b41cdec/antenna/tag/e28068940000500386620d4f, 83
1652706069.969076, sdrt-health/mac:02010b41cdec/antenna/tag/e2806894000050038661fd4f, 83
1652706069.984974, sdrt-health/mac:02010b41cdec/antenna/tag/e2806894000040038662114f, 85
1652706069.985274, sdrt-health/mac:02010b41cdec/antenna/tag/e28068940000500386620d4f, 83
1652706070.015809, sdrt-health/mac:02010b41cdec/antenna/tag/e2806894000050038662154f, 87
1652706070.055388, sdrt-health/mac:02010b41cdec/antenna/tag/e2806894000050038661fd4f, 86
1652706070.088079, sdrt-health/mac:02010b41cdec/antenna/tag/e28068940000500386620d4f, 81
1652706070.088429, sdrt-health/mac:02010b41cdec/antenna/tag/e2806894000050038661fd4f, 83
1652706070.111169, sdrt-health/mac:02010b41cdec/antenna/tag/e28068940000400386621d4f, 96
1652706070.172346, sdrt-health/mac:02010b41cdec/antenna/tag/e2806894000040038662114f, 93
1652706070.172931, sdrt-health/mac:02010b41cdec/antenna/tag/e2806894000050038662154f, 83
1652706070.189048, sdrt-health/mac:02010b41cdec/antenna/tag/e2806894000040038662114f, 85
1652706070.189366, sdrt-health/mac:02010b41cdec/antenna/tag/e28068940000500386620d4f, 93
1652706070.199616, sdrt-health/mac:02010b41cdec/antenna/tag/e28068940000400386621d4f, 90
1652706070.205739, sdrt-health/mac:02010b41cdec/antenna/tag/e2806894000040038662114f, 85
1652706070.246173, sdrt-health/mac:02010b41cdec/antenna/tag/e2806894000050038661fd4f, 86
1652706070.307437, sdrt-health/mac:02010b41cdec/antenna/tag/e2806894000040038662114f, 85
1652706070.367878, sdrt-health/mac:02010b41cdec/antenna/tag/e2806894000050038662154f, 85
1652706070.368468, sdrt-health/mac:02010b41cdec/antenna/tag/e2806894000050038661fd4f, 90
1652706070.383437, sdrt-health/mac:02010b41cdec/antenna/tag/e2806894000050038662154f, 85
1652706070.396009, sdrt-health/mac:02010b41cdec/antenna/tag/e2806894000040038662114f, 91
1652706070.439301, sdrt-health/mac:02010b41cdec/antenna/tag/e2806894000050038661fd4f, 90
1652706070.503051, sdrt-health/mac:02010b41cdec/antenna/tag/e2806894000050038662154f, 83
1652706070.503555, sdrt-health/mac:02010b41cdec/antenna/tag/e28068940000500386620d4f, 93
1652706070.545231, sdrt-health/mac:02010b41cdec/antenna/tag/e2806894000050038662194f, 94
1652706070.591417, sdrt-health/mac:02010b41cdec/antenna/tag/e28068940000500386620d4f, 87
1652706070.637187, sdrt-health/mac:02010b41cdec/antenna/tag/e2806894000050038661fd4f, 86
1652706070.680502, sdrt-health/mac:02010b41cdec/antenna/tag/e28068940000400386621d4f, 90
1652706070.74252, sdrt-health/mac:02010b41cdec/antenna/tag/e2806894000040038662114f, 88
1652706070.743044, sdrt-health/mac:02010b41cdec/antenna/tag/e2806894000050038662194f, 88
1652706070.759372, sdrt-health/mac:02010b41cdec/antenna/tag/e28068940000500386620d4f, 93
1652706070.775585, sdrt-health/mac:02010b41cdec/antenna/tag/e2806894000050038662154f, 83
1652706070.832891, sdrt-health/mac:02010b41cdec/antenna/tag/e28068940000400386621d4f, 96
1652706070.833459, sdrt-health/mac:02010b41cdec/antenna/tag/e2806894000050038662154f, 93
1652706070.84885, sdrt-health/mac:02010b41cdec/antenna/tag/e28068940000400386621d4f, 90
1652706070.849374, sdrt-health/mac:02010b41cdec/antenna/tag/e28068940000500386620d4f, 93
1652706070.866998, sdrt-health/mac:02010b41cdec/antenna/tag/e2806894000050038662154f, 93
1652706070.921161, sdrt-health/mac:02010b41cdec/antenna/tag/e28068940000400386621d4f, 90
1652706070.983808, sdrt-health/mac:02010b41cdec/antenna/tag/e2806894000050038661fd4f, 86
1652706070.984351, sdrt-health/mac:02010b41cdec/antenna/tag/e28068940000400386621d4f, 96
1652706070.999796, sdrt-health/mac:02010b41cdec/antenna/tag/e2806894000050038661fd4f, 86
1652706071.000319, sdrt-health/mac:02010b41cdec/antenna/tag/e2806894000040038661f94f, 82
1652706071.01639, sdrt-health/mac:02010b41cdec/antenna/tag/e28068940000400386621d4f, 96
1652706071.016844, sdrt-health/mac:02010b41cdec/antenna/tag/e2806894000050038661fd4f, 86
1652706071.01731, sdrt-health/mac:02010b41cdec/antenna/tag/e2806894000040038662114f, 85
1652706071.017779, sdrt-health/mac:02010b41cdec/antenna/tag/e28068940000400386621d4f, 90
1652706071.056292, sdrt-health/mac:02010b41cdec/antenna/tag/e28068940000500386620d4f, 87
1652706071.107186, sdrt-health/mac:02010b41cdec/antenna/tag/e28068940000400386621d4f, 96
1652706071.151304, sdrt-health/mac:02010b41cdec/antenna/tag/e2806894000040038662114f, 87
1652706071.214209, sdrt-health/mac:02010b41cdec/antenna/tag/e28068940000500386620d4f, 83
1652706071.214719, sdrt-health/mac:02010b41cdec/antenna/tag/e2806894000050038661fd4f, 86
1652706071.215084, sdrt-health/mac:02010b41cdec/antenna/tag/e28068940000400386621d4f, 77
1652706071.240339, sdrt-health/mac:02010b41cdec/antenna/tag/e2806894000050038662154f, 81
1652706071.286418, sdrt-health/mac:02010b41cdec/antenna/tag/e2806894000050038661fd4f, 83
1652706071.335252, sdrt-health/mac:02010b41cdec/antenna/tag/e2806894000050038661fd4f, 83
1652706071.402238, sdrt-health/mac:02010b41cdec/antenna/tag/e2806894000040038662114f, 93
1652706071.446142, sdrt-health/mac:02010b41cdec/antenna/tag/e2806894000050038662194f, 81
1652706071.498306, sdrt-health/mac:02010b41cdec/antenna/tag/e2806894000040038662114f, 85
1652706071.532941, sdrt-health/mac:02010b41cdec/antenna/tag/e28068940000400386621d4f, 77
1652706071.533555, sdrt-health/mac:02010b41cdec/antenna/tag/e2806894000040038662114f, 85
1652706071.551296, sdrt-health/mac:02010b41cdec/antenna/tag/e28068940000400386621d4f, 77
1652706071.613279, sdrt-health/mac:02010b41cdec/antenna/tag/e2806894000050038661fd4f, 83
1652706071.613743, sdrt-health/mac:02010b41cdec/antenna/tag/e2806894000050038661fd4f, 86
1652706071.632683, sdrt-health/mac:02010b41cdec/antenna/tag/e28068940000400386621d4f, 96
1652706071.639118, sdrt-health/mac:02010b41cdec/antenna/tag/e2806894000050038661fd4f, 86
1652706071.649728, sdrt-health/mac:02010b41cdec/antenna/tag/e28068940000500386620d4f, 85
1652706071.685948, sdrt-health/mac:02010b41cdec/antenna/tag/e2806894000050038661fd4f, 86
1652706071.757211, sdrt-health/mac:02010b41cdec/antenna/tag/e2806894000050038662154f, 83
1652706071.800493, sdrt-health/mac:02010b41cdec/antenna/tag/e2806894000040038662114f, 85
1652706071.887864, sdrt-health/mac:02010b41cdec/antenna/tag/e2806894000050038662154f, 83
1652706071.888376, sdrt-health/mac:02010b41cdec/antenna/tag/e2806894000040038662114f, 88
1652706071.966691, sdrt-health/mac:02010b41cdec/antenna/tag/e28068940000500386620d4f, 83
1652706072.001285, sdrt-health/mac:02010b41cdec/antenna/tag/e28068940000500386620d4f, 87
1652706072.001637, sdrt-health/mac:02010b41cdec/antenna/tag/e28068940000400386621d4f, 90
1652706072.001933, sdrt-health/mac:02010b41cdec/antenna/tag/e2806894000050038661fd4f, 86
1652706072.016378, sdrt-health/mac:02010b41cdec/antenna/tag/e2806894000050038661fd4f, 86
1652706072.016623, sdrt-health/mac:02010b41cdec/antenna/tag/e28068940000400386621d4f, 96
1652706072.016744, sdrt-health/mac:02010b41cdec/antenna/tag/e28068940000400386621d4f, 96
1652706072.016882, sdrt-health/mac:02010b41cdec/antenna/tag/e28068940000500386620d4f, 87
1652706072.123121, sdrt-health/mac:02010b41cdec/antenna/tag/e2806894000040038662114f, 85
1652706072.192074, sdrt-health/mac:02010b41cdec/antenna/tag/e2806894000050038662154f, 83
1652706072.237329, sdrt-health/mac:02010b41cdec/antenna/tag/e2806894000040038662114f, 85
1652706072.278945, sdrt-health/mac:02010b41cdec/antenna/tag/e28068940000500386620d4f, 87
1652706072.317, sdrt-health/mac:02010b41cdec/antenna/tag/e28068940000400386621d4f, 90
1652706072.350009, sdrt-health/mac:02010b41cdec/antenna/tag/e2806894000050038661fd4f, 86
1652706072.350255, sdrt-health/mac:02010b41cdec/antenna/tag/e2806894000050038661fd4f, 86
1652706072.36562, sdrt-health/mac:02010b41cdec/antenna/tag/e2806894000050038661fd4f, 86
1652706072.406726, sdrt-health/mac:02010b41cdec/antenna/tag/e2806894000050038661fd4f, 90
1652706072.554843, sdrt-health/mac:02010b41cdec/antenna/tag/e28068940000500386620d4f, 83
1652706072.555361, sdrt-health/mac:02010b41cdec/antenna/tag/e2806894000040038662114f, 85
1652706072.576027, sdrt-health/mac:02010b41cdec/antenna/tag/e2806894000050038661fd4f, 86
1652706072.607871, sdrt-health/mac:02010b41cdec/antenna/tag/e2806894000050038662194f, 88
1652706072.608259, sdrt-health/mac:02010b41cdec/antenna/tag/e2806894000050038662154f, 83
1652706072.623816, sdrt-health/mac:02010b41cdec/antenna/tag/e2806894000040038662054f, 88
1652706072.654739, sdrt-health/mac:02010b41cdec/antenna/tag/e2806894000050038662194f, 88
1652706072.713457, sdrt-health/mac:02010b41cdec/antenna/tag/e2806894000050038662154f, 83
1652706072.713999, sdrt-health/mac:02010b41cdec/antenna/tag/e2806894000050038662154f, 87
1652706072.729636, sdrt-health/mac:02010b41cdec/antenna/tag/e28068940000500386620d4f, 87
1652706072.75155, sdrt-health/mac:02010b41cdec/antenna/tag/e2806894000040038662114f, 88
1652706072.796429, sdrt-health/mac:02010b41cdec/antenna/tag/e28068940000500386620d4f, 83
1652706072.829715, sdrt-health/mac:02010b41cdec/antenna/tag/e28068940000500386620d4f, 83
1652706072.830039, sdrt-health/mac:02010b41cdec/antenna/tag/e28068940000400386621d4f, 96
1652706072.845379, sdrt-health/mac:02010b41cdec/antenna/tag/e2806894000050038662194f, 81
1652706072.845638, sdrt-health/mac:02010b41cdec/antenna/tag/e2806894000040038662114f, 85
1652706072.845827, sdrt-health/mac:02010b41cdec/antenna/tag/e28068940000500386620d4f, 87
1652706072.88671, sdrt-health/mac:02010b41cdec/antenna/tag/e28068940000400386621d4f, 96
1652706072.937334, sdrt-health/mac:02010b41cdec/antenna/tag/e2806894000050038662154f, 85
1652706072.983634, sdrt-health/mac:02010b41cdec/antenna/tag/e28068940000400386621d4f, 90
1652706073.061972, sdrt-health/mac:02010b41cdec/antenna/tag/e2806894000050038661fd4f, 83
1652706073.062469, sdrt-health/mac:02010b41cdec/antenna/tag/e2806894000050038662154f, 85
1652706073.071579, sdrt-health/mac:02010b41cdec/antenna/tag/e2806894000040038662114f, 88
1652706073.166693, sdrt-health/mac:02010b41cdec/antenna/tag/e2806894000050038662154f, 93
1652706073.206616, sdrt-health/mac:02010b41cdec/antenna/tag/e28068940000500386620d4f, 93
1652706073.257162, sdrt-health/mac:02010b41cdec/antenna/tag/e2806894000040038662114f, 88
1652706073.312416, sdrt-health/mac:02010b41cdec/antenna/tag/e2806894000050038662154f, 85
1652706073.312879, sdrt-health/mac:02010b41cdec/antenna/tag/e2806894000040038662114f, 88
1652706073.32929, sdrt-health/mac:02010b41cdec/antenna/tag/e2806894000050038662154f, 93
1652706073.329754, sdrt-health/mac:02010b41cdec/antenna/tag/e2806894000050038661fd4f, 86
1652706073.336208, sdrt-health/mac:02010b41cdec/antenna/tag/e2806894000050038662154f, 85
1652706073.346407, sdrt-health/mac:02010b41cdec/antenna/tag/e2806894000040038662114f, 88
1652706073.398719, sdrt-health/mac:02010b41cdec/antenna/tag/e2806894000040038662114f, 88
1652706073.447321, sdrt-health/mac:02010b41cdec/antenna/tag/e2806894000050038662194f, 81
1652706073.51056, sdrt-health/mac:02010b41cdec/antenna/tag/e28068940000500386620d4f, 93
1652706073.511084, sdrt-health/mac:02010b41cdec/antenna/tag/e2806894000050038662194f, 94
1652706073.560351, sdrt-health/mac:02010b41cdec/antenna/tag/e28068940000400386621d4f, 90
1652706073.607903, sdrt-health/mac:02010b41cdec/antenna/tag/e28068940000400386621d4f, 90
1652706073.655661, sdrt-health/mac:02010b41cdec/antenna/tag/e2806894000050038662154f, 85
1652706073.696789, sdrt-health/mac:02010b41cdec/antenna/tag/e2806894000050038661fd4f, 86
1652706073.729979, sdrt-health/mac:02010b41cdec/antenna/tag/e2806894000050038662154f, 83
1652706073.730374, sdrt-health/mac:02010b41cdec/antenna/tag/e2806894000050038662154f, 83
1652706073.746844, sdrt-health/mac:02010b41cdec/antenna/tag/e2806894000050038662194f, 81
1652706073.879714, sdrt-health/mac:02010b41cdec/antenna/tag/e28068940000500386620d4f, 93
1652706073.927213, sdrt-health/mac:02010b41cdec/antenna/tag/e28068940000500386620d4f, 93
1652706073.976322, sdrt-health/mac:02010b41cdec/antenna/tag/e28068940000500386620d4f, 93
1652706074.046992, sdrt-health/mac:02010b41cdec/antenna/tag/e28068940000500386620d4f, 87
1652706074.047512, sdrt-health/mac:02010b41cdec/antenna/tag/e2806894000040038662114f, 88
1652706074.072025, sdrt-health/mac:02010b41cdec/antenna/tag/e28068940000400386621d4f, 90
1652706074.072379, sdrt-health/mac:02010b41cdec/antenna/tag/e2806894000050038661fd4f, 86
1652706074.072598, sdrt-health/mac:02010b41cdec/antenna/tag/e28068940000400386621d4f, 96
1652706074.072806, sdrt-health/mac:02010b41cdec/antenna/tag/e2806894000050038661fd4f, 86
1652706074.098281, sdrt-health/mac:02010b41cdec/antenna/tag/e2806894000040038662114f, 85
1652706074.206804, sdrt-health/mac:02010b41cdec/antenna/tag/e28068940000400386621d4f, 90
1652706074.207312, sdrt-health/mac:02010b41cdec/antenna/tag/e2806894000040038662114f, 88
1652706074.238197, sdrt-health/mac:02010b41cdec/antenna/tag/e2806894000040038662114f, 85
1652706074.27522, sdrt-health/mac:02010b41cdec/antenna/tag/e28068940000500386620d4f, 93
1652706074.275605, sdrt-health/mac:02010b41cdec/antenna/tag/e2806894000050038662154f, 85
1652706074.275906, sdrt-health/mac:02010b41cdec/antenna/tag/e2806894000040038662114f, 85
1652706074.298755, sdrt-health/mac:02010b41cdec/antenna/tag/e28068940000500386620d4f, 93
1652706074.332783, sdrt-health/mac:02010b41cdec/antenna/tag/e2806894000040038662114f, 88
1652706074.333178, sdrt-health/mac:02010b41cdec/antenna/tag/e28068940000400386621d4f, 90
1652706074.350256, sdrt-health/mac:02010b41cdec/antenna/tag/e28068940000400386621d4f, 90
1652706074.41503, sdrt-health/mac:02010b41cdec/antenna/tag/e2806894000050038661fd4f, 86
1652706074.415618, sdrt-health/mac:02010b41cdec/antenna/tag/e2806894000040038662114f, 88
1652706074.432452, sdrt-health/mac:02010b41cdec/antenna/tag/e28068940000400386621d4f, 90
1652706074.433014, sdrt-health/mac:02010b41cdec/antenna/tag/e2806894000050038661fd4f, 86
1652706074.455206, sdrt-health/mac:02010b41cdec/antenna/tag/e2806894000040038662114f, 85
1652706074.526351, sdrt-health/mac:02010b41cdec/antenna/tag/e28068940000400386621d4f, 90
1652706074.576729, sdrt-health/mac:02010b41cdec/antenna/tag/e2806894000040038662114f, 85
1652706074.636249, sdrt-health/mac:02010b41cdec/antenna/tag/e2806894000040038662214f, 81
1652706074.678538, sdrt-health/mac:02010b41cdec/antenna/tag/e28068940000500386620d4f, 87
1652706074.726181, sdrt-health/mac:02010b41cdec/antenna/tag/e2806894000040038662114f, 88
1652706074.775634, sdrt-health/mac:02010b41cdec/antenna/tag/e2806894000050038661fd4f, 86
1652706075.015267, sdrt-health/mac:02010b41cdec/antenna/tag/e28068940000500386620d4f, 85
1652706075.07197, sdrt-health/mac:02010b41cdec/antenna/tag/e28068940000500386620d4f, 93
1652706075.10492, sdrt-health/mac:02010b41cdec/antenna/tag/e28068940000500386620d4f, 93
1652706075.105144, sdrt-health/mac:02010b41cdec/antenna/tag/e28068940000400386621d4f, 90
1652706075.10526, sdrt-health/mac:02010b41cdec/antenna/tag/e28068940000400386621d4f, 90
1652706075.105433, sdrt-health/mac:02010b41cdec/antenna/tag/e28068940000500386620d4f, 93
1652706075.105606, sdrt-health/mac:02010b41cdec/antenna/tag/e28068940000400386621d4f, 90
1652706075.105763, sdrt-health/mac:02010b41cdec/antenna/tag/e2806894000040038662114f, 88
1652706075.159332, sdrt-health/mac:02010b41cdec/antenna/tag/e2806894000050038662194f, 94
1652706075.193193, sdrt-health/mac:02010b41cdec/antenna/tag/e28068940000400386621d4f, 77
1652706075.193468, sdrt-health/mac:02010b41cdec/antenna/tag/e28068940000500386620d4f, 87
1652706075.193669, sdrt-health/mac:02010b41cdec/antenna/tag/e2806894000050038661fd4f, 83
1652706075.194009, sdrt-health/mac:02010b41cdec/antenna/tag/e2806894000050038661fd4f, 83
1652706075.208798, sdrt-health/mac:02010b41cdec/antenna/tag/e28068940000500386620d4f, 87
1652706075.255231, sdrt-health/mac:02010b41cdec/antenna/tag/e28068940000500386620d4f, 93
1652706075.287837, sdrt-health/mac:02010b41cdec/antenna/tag/e28068940000400386621d4f, 96
1652706075.288246, sdrt-health/mac:02010b41cdec/antenna/tag/e2806894000050038661fd4f, 86
1652706075.304678, sdrt-health/mac:02010b41cdec/antenna/tag/e28068940000500386620d4f, 85
1652706075.304905, sdrt-health/mac:02010b41cdec/antenna/tag/e2806894000050038661fd4f, 86
1652706075.335982, sdrt-health/mac:02010b41cdec/antenna/tag/e2806894000050038661fd4f, 83
1652706075.376634, sdrt-health/mac:02010b41cdec/antenna/tag/e28068940000400386621d4f, 96
1652706075.415936, sdrt-health/mac:02010b41cdec/antenna/tag/e2806894000050038661fd4f, 86
1652706075.472499, sdrt-health/mac:02010b41cdec/antenna/tag/e2806894000050038662154f, 88
1652706075.472964, sdrt-health/mac:02010b41cdec/antenna/tag/e2806894000050038662154f, 88
1652706075.495524, sdrt-health/mac:02010b41cdec/antenna/tag/e2806894000050038662154f, 83
1652706075.567735, sdrt-health/mac:02010b41cdec/antenna/tag/e28068940000400386621d4f, 77
1652706075.568247, sdrt-health/mac:02010b41cdec/antenna/tag/e2806894000050038661fd4f, 83
1652706075.585751, sdrt-health/mac:02010b41cdec/antenna/tag/e2806894000040038661f94f, 88
1652706075.59578, sdrt-health/mac:02010b41cdec/antenna/tag/e28068940000500386620d4f, 93
1652706075.641051, sdrt-health/mac:02010b41cdec/antenna/tag/e28068940000500386620d4f, 85
1652706075.674282, sdrt-health/mac:02010b41cdec/antenna/tag/e2806894000050038661fd4f, 86
1652706075.674543, sdrt-health/mac:02010b41cdec/antenna/tag/e2806894000050038662154f, 85
1652706075.692683, sdrt-health/mac:02010b41cdec/antenna/tag/e28068940000400386621d4f, 90
1652706075.692927, sdrt-health/mac:02010b41cdec/antenna/tag/e28068940000500386620d4f, 85
1652706075.73662, sdrt-health/mac:02010b41cdec/antenna/tag/e28068940000400386621d4f, 90
1652706075.777182, sdrt-health/mac:02010b41cdec/antenna/tag/e28068940000400386621d4f, 90
1652706075.816314, sdrt-health/mac:02010b41cdec/antenna/tag/e2806894000050038661fd4f, 90
1652706075.850879, sdrt-health/mac:02010b41cdec/antenna/tag/e28068940000500386620d4f, 93
1652706075.851465, sdrt-health/mac:02010b41cdec/antenna/tag/e2806894000040038662114f, 88
1652706075.8722, sdrt-health/mac:02010b41cdec/antenna/tag/e2806894000050038662154f, 93
1652706075.925856, sdrt-health/mac:02010b41cdec/antenna/tag/e2806894000050038662154f, 93
1652706075.991688, sdrt-health/mac:02010b41cdec/antenna/tag/e2806894000050038661fd4f, 86
1652706075.992135, sdrt-health/mac:02010b41cdec/antenna/tag/e2806894000050038661fd4f, 86
1652706076.017251, sdrt-health/mac:02010b41cdec/antenna/tag/e2806894000050038662154f, 87
1652706076.074122, sdrt-health/mac:02010b41cdec/antenna/tag/e2806894000050038662194f, 83
1652706076.074589, sdrt-health/mac:02010b41cdec/antenna/tag/e2806894000050038662154f, 83
1652706076.12864, sdrt-health/mac:02010b41cdec/antenna/tag/e28068940000500386620d4f, 87
1652706076.166351, sdrt-health/mac:02010b41cdec/antenna/tag/e2806894000040038662114f, 85
1652706076.234169, sdrt-health/mac:02010b41cdec/antenna/tag/e2806894000050038661fd4f, 86
1652706076.23468, sdrt-health/mac:02010b41cdec/antenna/tag/e2806894000050038662154f, 85
1652706076.249659, sdrt-health/mac:02010b41cdec/antenna/tag/e28068940000400386621d4f, 90
1652706076.279209, sdrt-health/mac:02010b41cdec/antenna/tag/e28068940000500386620d4f, 93
1652706076.325304, sdrt-health/mac:02010b41cdec/antenna/tag/e28068940000400386621d4f, 90
1652706076.394281, sdrt-health/mac:02010b41cdec/antenna/tag/e2806894000050038662154f, 85
1652706076.394745, sdrt-health/mac:02010b41cdec/antenna/tag/e2806894000040038662114f, 85
1652706076.417843, sdrt-health/mac:02010b41cdec/antenna/tag/e2806894000050038661fd4f, 83
1652706076.453255, sdrt-health/mac:02010b41cdec/antenna/tag/e2806894000040038662114f, 85
1652706076.453534, sdrt-health/mac:02010b41cdec/antenna/tag/e2806894000050038661fd4f, 83
1652706076.471676, sdrt-health/mac:02010b41cdec/antenna/tag/e2806894000040038662114f, 85
1652706076.472143, sdrt-health/mac:02010b41cdec/antenna/tag/e2806894000050038661fd4f, 86
1652706076.495883, sdrt-health/mac:02010b41cdec/antenna/tag/e2806894000050038662154f, 81
1652706076.555013, sdrt-health/mac:02010b41cdec/antenna/tag/e28068940000400386621d4f, 77
1652706076.555476, sdrt-health/mac:02010b41cdec/antenna/tag/e28068940000400386621d4f, 96
1652706076.571193, sdrt-health/mac:02010b41cdec/antenna/tag/e2806894000050038662154f, 83
1652706076.575506, sdrt-health/mac:02010b41cdec/antenna/tag/e28068940000400386621d4f, 96
1652706076.58749, sdrt-health/mac:02010b41cdec/antenna/tag/e2806894000050038661fd4f, 86
1652706076.616056, sdrt-health/mac:02010b41cdec/antenna/tag/e2806894000040038662114f, 85
1652706076.707603, sdrt-health/mac:02010b41cdec/antenna/tag/e2806894000050038661fd4f, 86
1652706076.749761, sdrt-health/mac:02010b41cdec/antenna/tag/e2806894000040038662114f, 88
1652706076.796676, sdrt-health/mac:02010b41cdec/antenna/tag/e2806894000050038661fd4f, 86
1652706076.854789, sdrt-health/mac:02010b41cdec/antenna/tag/e2806894000050038662154f, 85
1652706076.855281, sdrt-health/mac:02010b41cdec/antenna/tag/e28068940000400386621d4f, 90
1652706076.855749, sdrt-health/mac:02010b41cdec/antenna/tag/e28068940000500386620d4f, 87
1652706076.872056, sdrt-health/mac:02010b41cdec/antenna/tag/e2806894000050038661fd4f, 86
1652706076.884924, sdrt-health/mac:02010b41cdec/antenna/tag/e2806894000050038661fd4f, 86
1652706076.936355, sdrt-health/mac:02010b41cdec/antenna/tag/e2806894000050038661fd4f, 86
1652706076.975909, sdrt-health/mac:02010b41cdec/antenna/tag/e2806894000040038662114f, 88
1652706077.047179, sdrt-health/mac:02010b41cdec/antenna/tag/e2806894000050038662194f, 81
1652706077.04769, sdrt-health/mac:02010b41cdec/antenna/tag/e2806894000050038661fd4f, 90
1652706077.085616, sdrt-health/mac:02010b41cdec/antenna/tag/e28068940000500386620d4f, 87
1652706077.096988, sdrt-health/mac:02010b41cdec/antenna/tag/e2806894000050038662194f, 84
1652706077.151945, sdrt-health/mac:02010b41cdec/antenna/tag/e2806894000050038661fd4f, 83
1652706077.206793, sdrt-health/mac:02010b41cdec/antenna/tag/e2806894000050038661fd4f, 86
1652706077.282359, sdrt-health/mac:02010b41cdec/antenna/tag/e28068940000500386620d4f, 85
1652706077.282923, sdrt-health/mac:02010b41cdec/antenna/tag/e28068940000400386621d4f, 90
1652706077.283267, sdrt-health/mac:02010b41cdec/antenna/tag/e2806894000050038662154f, 87
1652706077.298808, sdrt-health/mac:02010b41cdec/antenna/tag/e2806894000050038662194f, 81
1652706077.330901, sdrt-health/mac:02010b41cdec/antenna/tag/e2806894000040038662114f, 88
1652706077.471644, sdrt-health/mac:02010b41cdec/antenna/tag/e28068940000500386620d4f, 87
1652706077.517327, sdrt-health/mac:02010b41cdec/antenna/tag/e2806894000050038661fd4f, 86
1652706077.593501, sdrt-health/mac:02010b41cdec/antenna/tag/e28068940000400386621d4f, 96
1652706077.593972, sdrt-health/mac:02010b41cdec/antenna/tag/e2806894000050038662154f, 83
1652706077.609895, sdrt-health/mac:02010b41cdec/antenna/tag/e2806894000050038662154f, 81
1652706077.644209, sdrt-health/mac:02010b41cdec/antenna/tag/e28068940000400386621d4f, 90
1652706077.644541, sdrt-health/mac:02010b41cdec/antenna/tag/e2806894000040038662114f, 85
1652706077.644791, sdrt-health/mac:02010b41cdec/antenna/tag/e28068940000500386620d4f, 93
1652706077.672537, sdrt-health/mac:02010b41cdec/antenna/tag/e2806894000040038662114f, 85
1652706077.718871, sdrt-health/mac:02010b41cdec/antenna/tag/e2806894000040038662114f, 85
1652706077.757323, sdrt-health/mac:02010b41cdec/antenna/tag/e28068940000500386620d4f, 87
1652706077.789468, sdrt-health/mac:02010b41cdec/antenna/tag/e2806894000040038662114f, 85
1652706077.789762, sdrt-health/mac:02010b41cdec/antenna/tag/e2806894000050038661fd4f, 83
1652706077.805742, sdrt-health/mac:02010b41cdec/antenna/tag/e2806894000040038662114f, 88
1652706077.846146, sdrt-health/mac:02010b41cdec/antenna/tag/e2806894000040038662114f, 88
1652706077.896939, sdrt-health/mac:02010b41cdec/antenna/tag/e28068940000500386620d4f, 87
1652706077.95307, sdrt-health/mac:02010b41cdec/antenna/tag/e2806894000050038662154f, 81
1652706077.953601, sdrt-health/mac:02010b41cdec/antenna/tag/e2806894000050038662154f, 87
1652706077.969022, sdrt-health/mac:02010b41cdec/antenna/tag/e28068940000400386621d4f, 96
1652706077.98693, sdrt-health/mac:02010b41cdec/antenna/tag/e28068940000500386620d4f, 87
1652706078.0316, sdrt-health/mac:02010b41cdec/antenna/tag/e28068940000400386621d4f, 77
1652706078.099375, sdrt-health/mac:02010b41cdec/antenna/tag/e2806894000050038662154f, 81
1652706078.099936, sdrt-health/mac:02010b41cdec/antenna/tag/e28068940000400386621d4f, 77
1652706078.120065, sdrt-health/mac:02010b41cdec/antenna/tag/e28068940000400386621d4f, 96
1652706078.156123, sdrt-health/mac:02010b41cdec/antenna/tag/e2806894000050038661fd4f, 90
1652706078.156473, sdrt-health/mac:02010b41cdec/antenna/tag/e2806894000040038662114f, 91
1652706078.173025, sdrt-health/mac:02010b41cdec/antenna/tag/e2806894000050038662154f, 87
1652706078.17333, sdrt-health/mac:02010b41cdec/antenna/tag/e2806894000050038662154f, 85
1652706078.173505, sdrt-health/mac:02010b41cdec/antenna/tag/e28068940000500386620d4f, 81
1652706078.173674, sdrt-health/mac:02010b41cdec/antenna/tag/e28068940000400386621d4f, 96
1652706078.226809, sdrt-health/mac:02010b41cdec/antenna/tag/e2806894000040038662114f, 88
1652706078.294885, sdrt-health/mac:02010b41cdec/antenna/tag/e28068940000400386621d4f, 77
1652706078.365018, sdrt-health/mac:02010b41cdec/antenna/tag/e2806894000050038662154f, 87
1652706078.365671, sdrt-health/mac:02010b41cdec/antenna/tag/e28068940000400386621d4f, 77
1652706078.366222, sdrt-health/mac:02010b41cdec/antenna/tag/e2806894000050038661fd4f, 86
1652706078.366603, sdrt-health/mac:02010b41cdec/antenna/tag/e2806894000050038661fd4f, 83
1652706078.384102, sdrt-health/mac:02010b41cdec/antenna/tag/e2806894000050038662154f, 93
1652706078.434351, sdrt-health/mac:02010b41cdec/antenna/tag/e28068940000400386621d4f, 90
1652706078.456075, sdrt-health/mac:02010b41cdec/antenna/tag/e2806894000050038661fd4f, 90
1652706078.511311, sdrt-health/mac:02010b41cdec/antenna/tag/e28068940000500386620d4f, 93
1652706078.517247, sdrt-health/mac:02010b41cdec/antenna/tag/e28068940000400386621d4f, 90
1652706078.571824, sdrt-health/mac:02010b41cdec/antenna/tag/e2806894000050038662154f, 87
1652706078.652847, sdrt-health/mac:02010b41cdec/antenna/tag/e2806894000050038662154f, 87
1652706078.653367, sdrt-health/mac:02010b41cdec/antenna/tag/e2806894000040038662114f, 91
1652706078.699808, sdrt-health/mac:02010b41cdec/antenna/tag/e28068940000500386620d4f, 87
1652706078.765571, sdrt-health/mac:02010b41cdec/antenna/tag/e2806894000050038662154f, 83
1652706078.77495, sdrt-health/mac:02010b41cdec/antenna/tag/e2806894000040038662054f, 81
1652706078.782073, sdrt-health/mac:02010b41cdec/antenna/tag/e28068940000400386621d4f, 90
1652706078.78247, sdrt-health/mac:02010b41cdec/antenna/tag/e28068940000500386620d4f, 87
1652706078.830818, sdrt-health/mac:02010b41cdec/antenna/tag/e28068940000500386620d4f, 87
1652706078.911809, sdrt-health/mac:02010b41cdec/antenna/tag/e2806894000050038662154f, 93
1652706078.969948, sdrt-health/mac:02010b41cdec/antenna/tag/e28068940000500386620d4f, 93
1652706079.066419, sdrt-health/mac:02010b41cdec/antenna/tag/e28068940000400386621d4f, 90
1652706079.066942, sdrt-health/mac:02010b41cdec/antenna/tag/e28068940000400386621d4f, 90
1652706079.114319, sdrt-health/mac:02010b41cdec/antenna/tag/e2806894000050038662154f, 83
1652706079.114864, sdrt-health/mac:02010b41cdec/antenna/tag/e2806894000040038662114f, 85
1652706079.115476, sdrt-health/mac:02010b41cdec/antenna/tag/e2806894000050038662194f, 88
1652706079.178558, sdrt-health/mac:02010b41cdec/antenna/tag/e2806894000050038662194f, 84
1652706079.247453, sdrt-health/mac:02010b41cdec/antenna/tag/e28068940000400386621d4f, 96
1652706079.247912, sdrt-health/mac:02010b41cdec/antenna/tag/e28068940000400386621d4f, 96
1652706079.248293, sdrt-health/mac:02010b41cdec/antenna/tag/e2806894000050038661fd4f, 83
1652706079.248791, sdrt-health/mac:02010b41cdec/antenna/tag/e28068940000400386621d4f, 96
1652706079.24919, sdrt-health/mac:02010b41cdec/antenna/tag/e2806894000050038661fd4f, 86
1652706079.315972, sdrt-health/mac:02010b41cdec/antenna/tag/e2806894000050038661fd4f, 86
1652706079.336219, sdrt-health/mac:02010b41cdec/antenna/tag/e2806894000040038662114f, 88
1652706079.398531, sdrt-health/mac:02010b41cdec/antenna/tag/e2806894000040038662114f, 85
1652706079.399122, sdrt-health/mac:02010b41cdec/antenna/tag/e2806894000050038661fd4f, 86
1652706079.39953, sdrt-health/mac:02010b41cdec/antenna/tag/e2806894000040038662114f, 85
1652706079.45347, sdrt-health/mac:02010b41cdec/antenna/tag/e2806894000040038662114f, 85
1652706079.522414, sdrt-health/mac:02010b41cdec/antenna/tag/e28068940000400386621d4f, 96
1652706079.522956, sdrt-health/mac:02010b41cdec/antenna/tag/e2806894000040038662114f, 85
1652706079.540284, sdrt-health/mac:02010b41cdec/antenna/tag/e28068940000400386621d4f, 96
1652706079.540648, sdrt-health/mac:02010b41cdec/antenna/tag/e28068940000500386620d4f, 85
1652706079.540894, sdrt-health/mac:02010b41cdec/antenna/tag/e28068940000400386621d4f, 96
1652706079.592157, sdrt-health/mac:02010b41cdec/antenna/tag/e28068940000400386621d4f, 96
1652706079.601916, sdrt-health/mac:02010b41cdec/antenna/tag/e28068940000500386620d4f, 87
1652706079.742003, sdrt-health/mac:02010b41cdec/antenna/tag/e2806894000050038662154f, 81
1652706079.742872, sdrt-health/mac:02010b41cdec/antenna/tag/e2806894000050038662154f, 85
1652706079.743251, sdrt-health/mac:02010b41cdec/antenna/tag/e28068940000500386620d4f, 87
1652706079.799013, sdrt-health/mac:02010b41cdec/antenna/tag/e2806894000040038662114f, 85
1652706079.819244, sdrt-health/mac:02010b41cdec/antenna/tag/e28068940000400386621d4f, 90
1652706079.936598, sdrt-health/mac:02010b41cdec/antenna/tag/e2806894000040038662114f, 88
1652706080.005629, sdrt-health/mac:02010b41cdec/antenna/tag/e28068940000400386621d4f, 90
1652706080.072215, sdrt-health/mac:02010b41cdec/antenna/tag/e2806894000040038662114f, 88
1652706080.072811, sdrt-health/mac:02010b41cdec/antenna/tag/e2806894000050038662154f, 87
1652706080.125621, sdrt-health/mac:02010b41cdec/antenna/tag/e2806894000050038662154f, 85
1652706080.12614, sdrt-health/mac:02010b41cdec/antenna/tag/e2806894000040038662114f, 85
1652706080.126506, sdrt-health/mac:02010b41cdec/antenna/tag/e2806894000050038661fd4f, 86
1652706080.144387, sdrt-health/mac:02010b41cdec/antenna/tag/e2806894000040038662114f, 88
1652706080.144614, sdrt-health/mac:02010b41cdec/antenna/tag/e2806894000050038662154f, 85
1652706080.145444, sdrt-health/mac:02010b41cdec/antenna/tag/e2806894000050038661fd4f, 86
1652706080.145621, sdrt-health/mac:02010b41cdec/antenna/tag/e28068940000400386621d4f, 90
1652706080.17929, sdrt-health/mac:02010b41cdec/antenna/tag/e28068940000400386621d4f, 77
1652706080.218175, sdrt-health/mac:02010b41cdec/antenna/tag/e2806894000040038662114f, 85
1652706080.282523, sdrt-health/mac:02010b41cdec/antenna/tag/e2806894000040038662114f, 85
1652706080.283067, sdrt-health/mac:02010b41cdec/antenna/tag/e2806894000050038662194f, 88
1652706080.302811, sdrt-health/mac:02010b41cdec/antenna/tag/e28068940000400386621d4f, 77
1652706080.3596, sdrt-health/mac:02010b41cdec/antenna/tag/e28068940000400386621d4f, 96
1652706080.360081, sdrt-health/mac:02010b41cdec/antenna/tag/e2806894000050038661fd4f, 86
1652706080.382232, sdrt-health/mac:02010b41cdec/antenna/tag/e2806894000050038662154f, 85
1652706080.382691, sdrt-health/mac:02010b41cdec/antenna/tag/e28068940000400386621d4f, 90
1652706080.383074, sdrt-health/mac:02010b41cdec/antenna/tag/e2806894000050038661fd4f, 86
1652706080.38339, sdrt-health/mac:02010b41cdec/antenna/tag/e2806894000050038662154f, 85
1652706080.383706, sdrt-health/mac:02010b41cdec/antenna/tag/e28068940000500386620d4f, 93
1652706080.440823, sdrt-health/mac:02010b41cdec/antenna/tag/e2806894000050038662154f, 87
1652706080.487199, sdrt-health/mac:02010b41cdec/antenna/tag/e28068940000400386621d4f, 90
1652706080.535842, sdrt-health/mac:02010b41cdec/antenna/tag/e2806894000050038662154f, 93
1652706080.604436, sdrt-health/mac:02010b41cdec/antenna/tag/e2806894000050038662194f, 83
1652706080.605032, sdrt-health/mac:02010b41cdec/antenna/tag/e28068940000500386620d4f, 93
1652706080.624153, sdrt-health/mac:02010b41cdec/antenna/tag/e2806894000050038662154f, 85
1652706080.624478, sdrt-health/mac:02010b41cdec/antenna/tag/e2806894000040038662114f, 88
1652706080.734882, sdrt-health/mac:02010b41cdec/antenna/tag/e28068940000500386620d4f, 85
1652706080.778407, sdrt-health/mac:02010b41cdec/antenna/tag/e28068940000400386621d4f, 90
1652706080.817974, sdrt-health/mac:02010b41cdec/antenna/tag/e2806894000050038661fd4f, 86
1652706080.818413, sdrt-health/mac:02010b41cdec/antenna/tag/e2806894000040038662114f, 85
1652706080.8187, sdrt-health/mac:02010b41cdec/antenna/tag/e28068940000400386621d4f, 90
1652706080.838276, sdrt-health/mac:02010b41cdec/antenna/tag/e2806894000050038662154f, 93
1652706080.876963, sdrt-health/mac:02010b41cdec/antenna/tag/e28068940000400386621d4f, 90
1652706080.925452, sdrt-health/mac:02010b41cdec/antenna/tag/e2806894000050038661fd4f, 86
1652706080.968108, sdrt-health/mac:02010b41cdec/antenna/tag/e2806894000040038662114f, 88
1652706081.018127, sdrt-health/mac:02010b41cdec/antenna/tag/e28068940000500386620d4f, 87
1652706081.064592, sdrt-health/mac:02010b41cdec/antenna/tag/e28068940000400386621d4f, 90
1652706081.065238, sdrt-health/mac:02010b41cdec/antenna/tag/e2806894000050038661fd4f, 86
1652706081.085161, sdrt-health/mac:02010b41cdec/antenna/tag/e2806894000050038662154f, 93
1652706081.095488, sdrt-health/mac:02010b41cdec/antenna/tag/e2806894000050038662154f, 83
1652706081.136145, sdrt-health/mac:02010b41cdec/antenna/tag/e28068940000500386620d4f, 87
1652706081.206194, sdrt-health/mac:02010b41cdec/antenna/tag/e2806894000050038661fd4f, 86
1652706081.206534, sdrt-health/mac:02010b41cdec/antenna/tag/e28068940000400386621d4f, 96
1652706081.227413, sdrt-health/mac:02010b41cdec/antenna/tag/e2806894000050038662154f, 87
1652706081.227829, sdrt-health/mac:02010b41cdec/antenna/tag/e28068940000500386620d4f, 85
1652706081.228139, sdrt-health/mac:02010b41cdec/antenna/tag/e2806894000040038662114f, 88
1652706081.25968, sdrt-health/mac:02010b41cdec/antenna/tag/e2806894000050038661fd4f, 83
1652706081.350962, sdrt-health/mac:02010b41cdec/antenna/tag/e2806894000050038662154f, 93
1652706081.351558, sdrt-health/mac:02010b41cdec/antenna/tag/e2806894000050038662154f, 93
1652706081.378709, sdrt-health/mac:02010b41cdec/antenna/tag/e2806894000050038661fd4f, 86
1652706081.419338, sdrt-health/mac:02010b41cdec/antenna/tag/e28068940000500386620d4f, 87
1652706081.419737, sdrt-health/mac:02010b41cdec/antenna/tag/e2806894000040038662114f, 88
1652706081.444531, sdrt-health/mac:02010b41cdec/antenna/tag/e2806894000040038662114f, 91
1652706081.472335, sdrt-health/mac:02010b41cdec/antenna/tag/e28068940000500386620d4f, 93
1652706081.517391, sdrt-health/mac:02010b41cdec/antenna/tag/e2806894000040038662114f, 88
1652706081.584526, sdrt-health/mac:02010b41cdec/antenna/tag/e28068940000500386620d4f, 93
1652706081.585087, sdrt-health/mac:02010b41cdec/antenna/tag/e2806894000050038662194f, 81
1652706081.602377, sdrt-health/mac:02010b41cdec/antenna/tag/e28068940000500386620d4f, 83
1652706081.607312, sdrt-health/mac:02010b41cdec/antenna/tag/e2806894000040038661f94f, 94
1652706081.621563, sdrt-health/mac:02010b41cdec/antenna/tag/e28068940000500386620d4f, 87
1652706081.658881, sdrt-health/mac:02010b41cdec/antenna/tag/e28068940000500386620d4f, 83
1652706081.713993, sdrt-health/mac:02010b41cdec/antenna/tag/e2806894000040038661f94f, 88
1652706081.714492, sdrt-health/mac:02010b41cdec/antenna/tag/e28068940000500386620d4f, 87
1652706081.740258, sdrt-health/mac:02010b41cdec/antenna/tag/e2806894000050038662154f, 93
1652706081.816471, sdrt-health/mac:02010b41cdec/antenna/tag/e2806894000050038661fd4f, 86
1652706081.816828, sdrt-health/mac:02010b41cdec/antenna/tag/e2806894000040038662114f, 88
1652706081.837945, sdrt-health/mac:02010b41cdec/antenna/tag/e2806894000050038661fd4f, 90
1652706081.891698, sdrt-health/mac:02010b41cdec/antenna/tag/e2806894000040038662114f, 88
1652706081.946836, sdrt-health/mac:02010b41cdec/antenna/tag/e2806894000050038662154f, 85
1652706081.947424, sdrt-health/mac:02010b41cdec/antenna/tag/e28068940000500386620d4f, 85
1652706081.976007, sdrt-health/mac:02010b41cdec/antenna/tag/e2806894000050038661fd4f, 86
1652706082.016248, sdrt-health/mac:02010b41cdec/antenna/tag/e2806894000050038661fd4f, 83
1652706082.075569, sdrt-health/mac:02010b41cdec/antenna/tag/e2806894000040038662114f, 85
1652706082.15443, sdrt-health/mac:02010b41cdec/antenna/tag/e2806894000040038662114f, 85
1652706082.154948, sdrt-health/mac:02010b41cdec/antenna/tag/e2806894000040038662114f, 88
1652706082.178137, sdrt-health/mac:02010b41cdec/antenna/tag/e2806894000050038662154f, 85
1652706082.178554, sdrt-health/mac:02010b41cdec/antenna/tag/e2806894000050038661fd4f, 86
1652706082.178894, sdrt-health/mac:02010b41cdec/antenna/tag/e28068940000500386620d4f, 85
1652706082.201863, sdrt-health/mac:02010b41cdec/antenna/tag/e2806894000050038661fd4f, 83
1652706082.214575, sdrt-health/mac:02010b41cdec/antenna/tag/e2806894000050038662154f, 85
1652706082.255896, sdrt-health/mac:02010b41cdec/antenna/tag/e28068940000400386621d4f, 90
1652706082.316251, sdrt-health/mac:02010b41cdec/antenna/tag/e2806894000050038662154f, 85
1652706082.383311, sdrt-health/mac:02010b41cdec/antenna/tag/e2806894000050038662154f, 93
1652706082.416436, sdrt-health/mac:02010b41cdec/antenna/tag/e2806894000050038661fd4f, 86
1652706082.453112, sdrt-health/mac:02010b41cdec/antenna/tag/e28068940000500386620d4f, 93
1652706082.45331, sdrt-health/mac:02010b41cdec/antenna/tag/e2806894000050038662154f, 93
1652706082.453483, sdrt-health/mac:02010b41cdec/antenna/tag/e2806894000040038662114f, 85
1652706082.496307, sdrt-health/mac:02010b41cdec/antenna/tag/e2806894000050038662194f, 81
1652706082.553974, sdrt-health/mac:02010b41cdec/antenna/tag/e2806894000050038662154f, 81
1652706082.592502, sdrt-health/mac:02010b41cdec/antenna/tag/e2806894000050038662154f, 83
1652706082.663678, sdrt-health/mac:02010b41cdec/antenna/tag/e28068940000400386621d4f, 96
1652706082.664212, sdrt-health/mac:02010b41cdec/antenna/tag/e28068940000400386621d4f, 96
1652706082.679687, sdrt-health/mac:02010b41cdec/antenna/tag/e28068940000400386621d4f, 90
1652706082.716095, sdrt-health/mac:02010b41cdec/antenna/tag/e2806894000040038662114f, 88
1652706082.716683, sdrt-health/mac:02010b41cdec/antenna/tag/e28068940000500386620d4f, 87
1652706082.717326, sdrt-health/mac:02010b41cdec/antenna/tag/e2806894000050038662154f, 85
1652706082.736488, sdrt-health/mac:02010b41cdec/antenna/tag/e28068940000500386620d4f, 83
1652706082.737593, sdrt-health/mac:02010b41cdec/antenna/tag/e28068940000500386620d4f, 87
1652706082.78216, sdrt-health/mac:02010b41cdec/antenna/tag/e28068940000500386620d4f, 93
1652706082.849184, sdrt-health/mac:02010b41cdec/antenna/tag/e2806894000050038661fd4f, 86
1652706082.849638, sdrt-health/mac:02010b41cdec/antenna/tag/e28068940000400386621d4f, 90
1652706082.865641, sdrt-health/mac:02010b41cdec/antenna/tag/e28068940000400386621d4f, 90
1652706082.889098, sdrt-health/mac:02010b41cdec/antenna/tag/e28068940000400386621d4f, 77
1652706082.93658, sdrt-health/mac:02010b41cdec/antenna/tag/e2806894000040038662114f, 88
1652706082.998474, sdrt-health/mac:02010b41cdec/antenna/tag/e28068940000500386620d4f, 93
1652706082.999071, sdrt-health/mac:02010b41cdec/antenna/tag/e2806894000050038662154f, 83
1652706083.015575, sdrt-health/mac:02010b41cdec/antenna/tag/e2806894000040038662114f, 85
1652706083.060067, sdrt-health/mac:02010b41cdec/antenna/tag/e2806894000050038661fd4f, 83
1652706083.060549, sdrt-health/mac:02010b41cdec/antenna/tag/e2806894000050038661fd4f, 86
1652706083.081026, sdrt-health/mac:02010b41cdec/antenna/tag/e2806894000050038661fd4f, 83
1652706083.120249, sdrt-health/mac:02010b41cdec/antenna/tag/e28068940000400386621d4f, 77
1652706083.176069, sdrt-health/mac:02010b41cdec/antenna/tag/e2806894000050038661fd4f, 83
1652706083.176648, sdrt-health/mac:02010b41cdec/antenna/tag/e2806894000050038661fd4f, 86
1652706083.202396, sdrt-health/mac:02010b41cdec/antenna/tag/e28068940000400386621d4f, 96
1652706083.22672, sdrt-health/mac:02010b41cdec/antenna/tag/e28068940000400386621d4f, 96
1652706083.227102, sdrt-health/mac:02010b41cdec/antenna/tag/e28068940000400386621d4f, 90
1652706083.266894, sdrt-health/mac:02010b41cdec/antenna/tag/e2806894000050038661fd4f, 86
1652706083.31078, sdrt-health/mac:02010b41cdec/antenna/tag/e2806894000040038662114f, 85
1652706083.363347, sdrt-health/mac:02010b41cdec/antenna/tag/e2806894000040038662114f, 85
1652706083.405117, sdrt-health/mac:02010b41cdec/antenna/tag/e2806894000050038662154f, 85
1652706083.405543, sdrt-health/mac:02010b41cdec/antenna/tag/e28068940000500386620d4f, 93
1652706083.43593, sdrt-health/mac:02010b41cdec/antenna/tag/e2806894000040038662114f, 85
1652706083.436313, sdrt-health/mac:02010b41cdec/antenna/tag/e2806894000050038662194f, 81
1652706083.436564, sdrt-health/mac:02010b41cdec/antenna/tag/e2806894000050038662154f, 87
1652706083.47102, sdrt-health/mac:02010b41cdec/antenna/tag/e2806894000050038661fd4f, 86
1652706083.583037, sdrt-health/mac:02010b41cdec/antenna/tag/e2806894000050038662154f, 87
1652706083.583566, sdrt-health/mac:02010b41cdec/antenna/tag/e2806894000050038662154f, 83
1652706083.60326, sdrt-health/mac:02010b41cdec/antenna/tag/e28068940000500386620d4f, 87
1652706083.60355, sdrt-health/mac:02010b41cdec/antenna/tag/e2806894000050038661fd4f, 86
1652706083.642434, sdrt-health/mac:02010b41cdec/antenna/tag/e2806894000050038662194f, 88
1652706083.685962, sdrt-health/mac:02010b41cdec/antenna/tag/e2806894000040038662114f, 88
1652706083.736627, sdrt-health/mac:02010b41cdec/antenna/tag/e28068940000500386620d4f, 83
1652706083.780875, sdrt-health/mac:02010b41cdec/antenna/tag/e2806894000050038662154f, 83
1652706083.781309, sdrt-health/mac:02010b41cdec/antenna/tag/e2806894000040038662114f, 88
1652706083.781647, sdrt-health/mac:02010b41cdec/antenna/tag/e2806894000040038662114f, 88
1652706083.862887, sdrt-health/mac:02010b41cdec/antenna/tag/e28068940000500386620d4f, 87
1652706083.90173, sdrt-health/mac:02010b41cdec/antenna/tag/e2806894000040038662114f, 85
1652706083.95876, sdrt-health/mac:02010b41cdec/antenna/tag/e2806894000050038661fd4f, 86
1652706083.959256, sdrt-health/mac:02010b41cdec/antenna/tag/e28068940000400386621d4f, 96
1652706083.988556, sdrt-health/mac:02010b41cdec/antenna/tag/e2806894000050038662154f, 87
1652706084.035733, sdrt-health/mac:02010b41cdec/antenna/tag/e28068940000400386621d4f, 96
1652706084.106918, sdrt-health/mac:02010b41cdec/antenna/tag/e2806894000050038661fd4f, 83
1652706084.107456, sdrt-health/mac:02010b41cdec/antenna/tag/e28068940000400386621d4f, 96
1652706084.128178, sdrt-health/mac:02010b41cdec/antenna/tag/e2806894000040038662114f, 85
1652706084.12895, sdrt-health/mac:02010b41cdec/antenna/tag/e28068940000500386620d4f, 85
1652706084.12946, sdrt-health/mac:02010b41cdec/antenna/tag/e2806894000050038662154f, 93
1652706084.168118, sdrt-health/mac:02010b41cdec/antenna/tag/e2806894000050038661fd4f, 86
1652706084.225607, sdrt-health/mac:02010b41cdec/antenna/tag/e2806894000050038662154f, 87
1652706084.288125, sdrt-health/mac:02010b41cdec/antenna/tag/e2806894000040038662054f, 84
1652706084.288575, sdrt-health/mac:02010b41cdec/antenna/tag/e28068940000400386621d4f, 96
1652706084.305483, sdrt-health/mac:02010b41cdec/antenna/tag/e2806894000050038662154f, 83
1652706084.353627, sdrt-health/mac:02010b41cdec/antenna/tag/e2806894000040038662114f, 85
1652706084.401507, sdrt-health/mac:02010b41cdec/antenna/tag/e2806894000050038662154f, 83
1652706084.480742, sdrt-health/mac:02010b41cdec/antenna/tag/e2806894000050038662194f, 83
1652706084.48125, sdrt-health/mac:02010b41cdec/antenna/tag/e2806894000050038661fd4f, 83
1652706084.498483, sdrt-health/mac:02010b41cdec/antenna/tag/e2806894000040038662114f, 85
1652706084.498895, sdrt-health/mac:02010b41cdec/antenna/tag/e2806894000040038662114f, 85
1652706084.535899, sdrt-health/mac:02010b41cdec/antenna/tag/e28068940000400386621d4f, 77
1652706084.604844, sdrt-health/mac:02010b41cdec/antenna/tag/e2806894000040038662114f, 88
1652706084.649498, sdrt-health/mac:02010b41cdec/antenna/tag/e28068940000400386621d4f, 96
1652706084.721484, sdrt-health/mac:02010b41cdec/antenna/tag/e2806894000050038662194f, 81
1652706084.761544, sdrt-health/mac:02010b41cdec/antenna/tag/e2806894000050038661fd4f, 86
1652706084.804269, sdrt-health/mac:02010b41cdec/antenna/tag/e2806894000050038662154f, 83
1652706084.871444, sdrt-health/mac:02010b41cdec/antenna/tag/e2806894000050038662194f, 84
1652706084.871925, sdrt-health/mac:02010b41cdec/antenna/tag/e2806894000050038662154f, 93
1652706084.899796, sdrt-health/mac:02010b41cdec/antenna/tag/e28068940000500386620d4f, 87
1652706084.937365, sdrt-health/mac:02010b41cdec/antenna/tag/e2806894000050038662154f, 93
1652706085.011737, sdrt-health/mac:02010b41cdec/antenna/tag/e28068940000400386621d4f, 90
1652706085.012306, sdrt-health/mac:02010b41cdec/antenna/tag/e2806894000050038662194f, 88
1652706085.039809, sdrt-health/mac:02010b41cdec/antenna/tag/e28068940000500386620d4f, 87
1652706085.081072, sdrt-health/mac:02010b41cdec/antenna/tag/e2806894000050038662194f, 81
1652706085.081459, sdrt-health/mac:02010b41cdec/antenna/tag/e28068940000500386620d4f, 93
1652706085.096846, sdrt-health/mac:02010b41cdec/antenna/tag/e2806894000040038662114f, 88
1652706085.128862, sdrt-health/mac:02010b41cdec/antenna/tag/e2806894000040038662114f, 88
1652706085.205447, sdrt-health/mac:02010b41cdec/antenna/tag/e28068940000400386621d4f, 77
1652706085.205908, sdrt-health/mac:02010b41cdec/antenna/tag/e2806894000050038662194f, 94
1652706085.222764, sdrt-health/mac:02010b41cdec/antenna/tag/e2806894000050038662194f, 84
1652706085.233222, sdrt-health/mac:02010b41cdec/antenna/tag/e2806894000050038662154f, 81
1652706085.241638, sdrt-health/mac:02010b41cdec/antenna/tag/e2806894000050038661fd4f, 86
1652706085.276611, sdrt-health/mac:02010b41cdec/antenna/tag/e2806894000050038661fd4f, 86
1652706085.345702, sdrt-health/mac:02010b41cdec/antenna/tag/e2806894000040038662114f, 85
1652706085.346172, sdrt-health/mac:02010b41cdec/antenna/tag/e28068940000400386621d4f, 90
1652706085.346533, sdrt-health/mac:02010b41cdec/antenna/tag/e2806894000050038661fd4f, 86
1652706085.371798, sdrt-health/mac:02010b41cdec/antenna/tag/e28068940000500386620d4f, 87
1652706085.379222, sdrt-health/mac:02010b41cdec/antenna/tag/e28068940000500386620d4f, 87
1652706085.390084, sdrt-health/mac:02010b41cdec/antenna/tag/e2806894000050038661fd4f, 86
1652706085.421004, sdrt-health/mac:02010b41cdec/antenna/tag/e2806894000050038661fd4f, 86
1652706085.471961, sdrt-health/mac:02010b41cdec/antenna/tag/e28068940000500386620d4f, 83
1652706085.472367, sdrt-health/mac:02010b41cdec/antenna/tag/e2806894000050038662154f, 87
1652706085.4938, sdrt-health/mac:02010b41cdec/antenna/tag/e2806894000040038662114f, 88
1652706085.534958, sdrt-health/mac:02010b41cdec/antenna/tag/e28068940000400386621d4f, 90
1652706085.579399, sdrt-health/mac:02010b41cdec/antenna/tag/e28068940000500386620d4f, 83
1652706085.617315, sdrt-health/mac:02010b41cdec/antenna/tag/e2806894000040038662114f, 85
1652706085.617797, sdrt-health/mac:02010b41cdec/antenna/tag/e2806894000050038662194f, 81
1652706085.640907, sdrt-health/mac:02010b41cdec/antenna/tag/e2806894000050038661fd4f, 86
1652706085.668813, sdrt-health/mac:02010b41cdec/antenna/tag/e2806894000050038662154f, 81
1652706085.738979, sdrt-health/mac:02010b41cdec/antenna/tag/e2806894000050038661fd4f, 83
1652706085.73945, sdrt-health/mac:02010b41cdec/antenna/tag/e28068940000400386621d4f, 96
1652706085.760207, sdrt-health/mac:02010b41cdec/antenna/tag/e28068940000400386621d4f, 96
1652706085.760506, sdrt-health/mac:02010b41cdec/antenna/tag/e28068940000400386621d4f, 77
1652706085.801656, sdrt-health/mac:02010b41cdec/antenna/tag/e2806894000050038662154f, 83
1652706085.805086, sdrt-health/mac:02010b41cdec/antenna/tag/e2806894000040038662114f, 85
1652706085.827466, sdrt-health/mac:02010b41cdec/antenna/tag/e28068940000500386620d4f, 83
1652706085.827718, sdrt-health/mac:02010b41cdec/antenna/tag/e28068940000500386620d4f, 87
1652706085.846121, sdrt-health/mac:02010b41cdec/antenna/tag/e2806894000050038662154f, 83
1652706085.913276, sdrt-health/mac:02010b41cdec/antenna/tag/e2806894000040038662114f, 85
1652706085.913838, sdrt-health/mac:02010b41cdec/antenna/tag/e2806894000050038662154f, 85
1652706085.955013, sdrt-health/mac:02010b41cdec/antenna/tag/e2806894000050038662154f, 88
1652706085.994729, sdrt-health/mac:02010b41cdec/antenna/tag/e28068940000400386621d4f, 90
1652706086.041794, sdrt-health/mac:02010b41cdec/antenna/tag/e2806894000050038661fd4f, 83
1652706086.095547, sdrt-health/mac:02010b41cdec/antenna/tag/e28068940000500386620d4f, 93
1652706086.183962, sdrt-health/mac:02010b41cdec/antenna/tag/e2806894000050038661fd4f, 86
1652706086.184464, sdrt-health/mac:02010b41cdec/antenna/tag/e28068940000400386621d4f, 90
1652706086.202721, sdrt-health/mac:02010b41cdec/antenna/tag/e2806894000050038662154f, 93
1652706086.203209, sdrt-health/mac:02010b41cdec/antenna/tag/e2806894000050038661fd4f, 86
1652706086.244609, sdrt-health/mac:02010b41cdec/antenna/tag/e28068940000500386620d4f, 87
1652706086.281521, sdrt-health/mac:02010b41cdec/antenna/tag/e2806894000040038662114f, 88
1652706086.350223, sdrt-health/mac:02010b41cdec/antenna/tag/e28068940000500386620d4f, 87
1652706086.350725, sdrt-health/mac:02010b41cdec/antenna/tag/e2806894000050038662154f, 87
1652706086.370026, sdrt-health/mac:02010b41cdec/antenna/tag/e28068940000500386620d4f, 87
1652706086.416695, sdrt-health/mac:02010b41cdec/antenna/tag/e28068940000400386621d4f, 90
1652706086.417072, sdrt-health/mac:02010b41cdec/antenna/tag/e2806894000050038661fd4f, 86
1652706086.417312, sdrt-health/mac:02010b41cdec/antenna/tag/e28068940000500386620d4f, 87
1652706086.4343, sdrt-health/mac:02010b41cdec/antenna/tag/e28068940000500386620d4f, 83
1652706086.482378, sdrt-health/mac:02010b41cdec/antenna/tag/e2806894000050038661fd4f, 86
1652706086.518885, sdrt-health/mac:02010b41cdec/antenna/tag/e28068940000500386620d4f, 87
1652706086.519301, sdrt-health/mac:02010b41cdec/antenna/tag/e28068940000400386621d4f, 96
1652706086.543949, sdrt-health/mac:02010b41cdec/antenna/tag/e2806894000040038662114f, 91
1652706086.568706, sdrt-health/mac:02010b41cdec/antenna/tag/e2806894000040038662114f, 85
1652706086.651273, sdrt-health/mac:02010b41cdec/antenna/tag/e28068940000400386621d4f, 90
1652706086.651852, sdrt-health/mac:02010b41cdec/antenna/tag/e2806894000050038661fd4f, 86
1652706086.670997, sdrt-health/mac:02010b41cdec/antenna/tag/e28068940000500386620d4f, 87
1652706086.671341, sdrt-health/mac:02010b41cdec/antenna/tag/e28068940000400386621d4f, 96
1652706086.671595, sdrt-health/mac:02010b41cdec/antenna/tag/e2806894000050038661fd4f, 83
1652706086.689448, sdrt-health/mac:02010b41cdec/antenna/tag/e2806894000050038661fd4f, 83
1652706086.7435, sdrt-health/mac:02010b41cdec/antenna/tag/e2806894000050038662154f, 83
1652706086.743952, sdrt-health/mac:02010b41cdec/antenna/tag/e28068940000500386620d4f, 87
1652706086.777126, sdrt-health/mac:02010b41cdec/antenna/tag/e2806894000040038662114f, 93
1652706086.814936, sdrt-health/mac:02010b41cdec/antenna/tag/e2806894000040038662114f, 88
1652706086.856501, sdrt-health/mac:02010b41cdec/antenna/tag/e28068940000400386621d4f, 90
1652706086.89557, sdrt-health/mac:02010b41cdec/antenna/tag/e2806894000050038662154f, 88
1652706086.936805, sdrt-health/mac:02010b41cdec/antenna/tag/e2806894000050038662154f, 83
1652706086.975841, sdrt-health/mac:02010b41cdec/antenna/tag/e2806894000050038662194f, 81
1652706086.976268, sdrt-health/mac:02010b41cdec/antenna/tag/e2806894000050038662154f, 87
1652706086.993889, sdrt-health/mac:02010b41cdec/antenna/tag/e28068940000500386620d4f, 93
1652706087.06018, sdrt-health/mac:02010b41cdec/antenna/tag/e28068940000500386620d4f, 93
1652706087.106135, sdrt-health/mac:02010b41cdec/antenna/tag/e28068940000500386620d4f, 93
1652706087.153891, sdrt-health/mac:02010b41cdec/antenna/tag/e2806894000050038662154f, 85
1652706087.213391, sdrt-health/mac:02010b41cdec/antenna/tag/e2806894000040038662114f, 85
1652706087.213897, sdrt-health/mac:02010b41cdec/antenna/tag/e2806894000040038662114f, 85
1652706087.234484, sdrt-health/mac:02010b41cdec/antenna/tag/e2806894000050038661fd4f, 86
1652706087.245928, sdrt-health/mac:02010b41cdec/antenna/tag/e28068940000500386620d4f, 85
1652706087.313396, sdrt-health/mac:02010b41cdec/antenna/tag/e2806894000050038661fd4f, 90
1652706087.368155, sdrt-health/mac:02010b41cdec/antenna/tag/e2806894000050038662154f, 85
1652706087.42941, sdrt-health/mac:02010b41cdec/antenna/tag/e28068940000500386620d4f, 87
1652706087.429915, sdrt-health/mac:02010b41cdec/antenna/tag/e28068940000500386620d4f, 87
1652706087.449462, sdrt-health/mac:02010b41cdec/antenna/tag/e28068940000400386621d4f, 90
1652706087.495426, sdrt-health/mac:02010b41cdec/antenna/tag/e28068940000500386620d4f, 87
1652706087.495664, sdrt-health/mac:02010b41cdec/antenna/tag/e28068940000400386621d4f, 90
1652706087.509318, sdrt-health/mac:02010b41cdec/antenna/tag/e28068940000500386620d4f, 93
1652706087.509546, sdrt-health/mac:02010b41cdec/antenna/tag/e2806894000050038661fd4f, 90
1652706087.509669, sdrt-health/mac:02010b41cdec/antenna/tag/e28068940000400386621d4f, 90
1652706087.509779, sdrt-health/mac:02010b41cdec/antenna/tag/e28068940000500386620d4f, 93
1652706087.574492, sdrt-health/mac:02010b41cdec/antenna/tag/e2806894000040038662214f, 88
1652706087.632569, sdrt-health/mac:02010b41cdec/antenna/tag/e2806894000040038661f94f, 84
1652706087.695391, sdrt-health/mac:02010b41cdec/antenna/tag/e2806894000040038662214f, 84
1652706087.695921, sdrt-health/mac:02010b41cdec/antenna/tag/e2806894000050038661fd4f, 83
1652706087.714895, sdrt-health/mac:02010b41cdec/antenna/tag/e2806894000050038661fd4f, 83
1652706087.718325, sdrt-health/mac:02010b41cdec/antenna/tag/e28068940000500386620d4f, 87
1652706087.766381, sdrt-health/mac:02010b41cdec/antenna/tag/e2806894000040038662114f, 85
1652706087.769292, sdrt-health/mac:02010b41cdec/antenna/tag/e2806894000050038661fd4f, 86
1652706087.829591, sdrt-health/mac:02010b41cdec/antenna/tag/e28068940000400386621d4f, 90
1652706088.093844, sdrt-health/mac:02010b41cdec/antenna/tag/e2806894000050038662154f, 93
1652706088.094296, sdrt-health/mac:02010b41cdec/antenna/tag/e2806894000050038662154f, 93
1652706088.115116, sdrt-health/mac:02010b41cdec/antenna/tag/e28068940000400386621d4f, 86
1652706088.115631, sdrt-health/mac:02010b41cdec/antenna/tag/e28068940000500386620d4f, 81
1652706088.115986, sdrt-health/mac:02010b41cdec/antenna/tag/e2806894000050038662154f, 93
1652706088.141845, sdrt-health/mac:02010b41cdec/antenna/tag/e2806894000050038661fd4f, 86
1652706088.142152, sdrt-health/mac:02010b41cdec/antenna/tag/e2806894000040038662114f, 88
1652706088.142392, sdrt-health/mac:02010b41cdec/antenna/tag/e28068940000500386620d4f, 85
1652706088.142602, sdrt-health/mac:02010b41cdec/antenna/tag/e28068940000400386621d4f, 90
1652706088.143391, sdrt-health/mac:02010b41cdec/antenna/tag/e2806894000040038662214f, 88
1652706088.174165, sdrt-health/mac:02010b41cdec/antenna/tag/e2806894000040038662214f, 88
1652706088.232701, sdrt-health/mac:02010b41cdec/antenna/tag/e2806894000050038662154f, 93
1652706088.233252, sdrt-health/mac:02010b41cdec/antenna/tag/e2806894000050038661fd4f, 86
1652706088.268734, sdrt-health/mac:02010b41cdec/antenna/tag/e28068940000400386621d4f, 96
1652706088.314156, sdrt-health/mac:02010b41cdec/antenna/tag/e2806894000050038662154f, 85
1652706088.34797, sdrt-health/mac:02010b41cdec/antenna/tag/e28068940000400386621d4f, 96
1652706088.348375, sdrt-health/mac:02010b41cdec/antenna/tag/e2806894000050038662154f, 93
1652706088.348808, sdrt-health/mac:02010b41cdec/antenna/tag/e28068940000500386620d4f, 93
1652706088.37867, sdrt-health/mac:02010b41cdec/antenna/tag/e2806894000050038662154f, 85
1652706088.424687, sdrt-health/mac:02010b41cdec/antenna/tag/e2806894000050038661fd4f, 86
1652706088.454557, sdrt-health/mac:02010b41cdec/antenna/tag/e2806894000050038661fd4f, 86
1652706088.539381, sdrt-health/mac:02010b41cdec/antenna/tag/e28068940000400386621d4f, 96
1652706088.57354, sdrt-health/mac:02010b41cdec/antenna/tag/e2806894000040038662114f, 88
1652706088.575923, sdrt-health/mac:02010b41cdec/antenna/tag/e2806894000050038661fd4f, 83
1652706088.61465, sdrt-health/mac:02010b41cdec/antenna/tag/e2806894000050038661fd4f, 86
1652706088.654696, sdrt-health/mac:02010b41cdec/antenna/tag/e28068940000400386621d4f, 90
1652706088.69103, sdrt-health/mac:02010b41cdec/antenna/tag/e2806894000040038662114f, 85
1652706088.691427, sdrt-health/mac:02010b41cdec/antenna/tag/e28068940000500386620d4f, 93
1652706088.706093, sdrt-health/mac:02010b41cdec/antenna/tag/e28068940000500386620d4f, 85
1652706088.756801, sdrt-health/mac:02010b41cdec/antenna/tag/e28068940000500386620d4f, 87
1652706088.807453, sdrt-health/mac:02010b41cdec/antenna/tag/e2806894000050038662154f, 93
1652706088.864466, sdrt-health/mac:02010b41cdec/antenna/tag/e28068940000500386620d4f, 87
1652706088.909557, sdrt-health/mac:02010b41cdec/antenna/tag/e28068940000500386620d4f, 87
1652706088.957979, sdrt-health/mac:02010b41cdec/antenna/tag/e28068940000400386621d4f, 90
1652706088.992026, sdrt-health/mac:02010b41cdec/antenna/tag/e2806894000050038662154f, 85
1652706088.992396, sdrt-health/mac:02010b41cdec/antenna/tag/e28068940000500386620d4f, 83
1652706088.992669, sdrt-health/mac:02010b41cdec/antenna/tag/e2806894000050038661fd4f, 90
1652706089.007615, sdrt-health/mac:02010b41cdec/antenna/tag/e28068940000500386620d4f, 87
1652706089.047835, sdrt-health/mac:02010b41cdec/antenna/tag/e2806894000050038662194f, 84
1652706089.08294, sdrt-health/mac:02010b41cdec/antenna/tag/e2806894000050038661fd4f, 86
1652706089.083372, sdrt-health/mac:02010b41cdec/antenna/tag/e2806894000050038662194f, 81
1652706089.109033, sdrt-health/mac:02010b41cdec/antenna/tag/e2806894000050038662194f, 81
1652706089.176726, sdrt-health/mac:02010b41cdec/antenna/tag/e2806894000050038661fd4f, 90
1652706089.377297, sdrt-health/mac:02010b41cdec/antenna/tag/scan, scan stopped
