1652705858.686743, sdrt-health/mac:02010b41cdec/antenna/power/set, {"power": 290}
1652705859.758834, sdrt-health/mac:02010b41cdec/antenna/power/set, 
1652705863.708119, sdrt-health/mac:02010b41cdec/antenna/tag/scan, {"time": 20000}
1652705864.265004, sdrt-health/mac:02010b41cdec/antenna/tag/e2806894000050038662194f, 81
1652705864.293796, sdrt-health/mac:02010b41cdec/antenna/tag/e2806894000050038661fd4f, 86
1652705864.293999, sdrt-health/mac:02010b41cdec/antenna/tag/e2806894000050038662154f, 83
1652705864.294116, sdrt-health/mac:02010b41cdec/antenna/tag/e2806894000040038662114f, 85
1652705864.294225, sdrt-health/mac:02010b41cdec/antenna/tag/e28068940000500386620d4f, 93
1652705864.294364, sdrt-health/mac:02010b41cdec/antenna/tag/e2806894000050038661fd4f, 90
1652705864.294486, sdrt-health/mac:02010b41cdec/antenna/tag/e28068940000400386621d4f, 90
1652705864.315403, sdrt-health/mac:02010b41cdec/antenna/tag/e28068940000400386621d4f, 90
1652705864.386216, sdrt-health/mac:02010b41cdec/antenna/tag/e2806894000050038661fd4f, 86
1652705864.41492, sdrt-health/mac:02010b41cdec/antenna/tag/e2806894000050038661fd4f, 86
1652705864.415133, sdrt-health/mac:02010b41cdec/antenna/tag/e2806894000040038662114f, 85
1652705864.415261, sdrt-health/mac:02010b41cdec/antenna/tag/e2806894000040038662114f, 88
1652705864.429011, sdrt-health/mac:02010b41cdec/antenna/tag/e28068940000400386621d4f, 90
1652705864.489186, sdrt-health/mac:02010b41cdec/antenna/tag/e2806894000050038662154f, 85
1652705864.489379, sdrt-health/mac:02010b41cdec/antenna/tag/e28068940000500386620d4f, 93
1652705864.524163, sdrt-health/mac:02010b41cdec/antenna/tag/e28068940000500386620d4f, 83
1652705864.574094, sdrt-health/mac:02010b41cdec/antenna/tag/e2806894000050038662154f, 87
1652705864.618556, sdrt-health/mac:02010b41cdec/antenna/tag/e2806894000050038662194f, 88
1652705864.669269, sdrt-health/mac:02010b41cdec/antenna/tag/e2806894000050038662194f, 94
1652705864.713844, sdrt-health/mac:02010b41cdec/antenna/tag/e28068940000500386620d4f, 93
1652705864.771434, sdrt-health/mac:02010b41cdec/antenna/tag/e28068940000500386620d4f, 87
1652705864.77166, sdrt-health/mac:02010b41cdec/antenna/tag/e2806894000050038662154f, 83
1652705864.804235, sdrt-health/mac:02010b41cdec/antenna/tag/e28068940000500386620d4f, 88
1652705864.832025, sdrt-health/mac:02010b41cdec/antenna/tag/e28068940000400386621d4f, 96
1652705864.832241, sdrt-health/mac:02010b41cdec/antenna/tag/e2806894000040038662114f, 88
1652705864.855605, sdrt-health/mac:02010b41cdec/antenna/tag/e2806894000050038661fd4f, 86
1652705864.888345, sdrt-health/mac:02010b41cdec/antenna/tag/e2806894000040038662114f, 93
1652705864.888698, sdrt-health/mac:02010b41cdec/antenna/tag/e2806894000050038661fd4f, 86
1652705864.909647, sdrt-health/mac:02010b41cdec/antenna/tag/e2806894000050038661fd4f, 90
1652705864.969125, sdrt-health/mac:02010b41cdec/antenna/tag/e2806894000040038662114f, 85
1652705864.969354, sdrt-health/mac:02010b41cdec/antenna/tag/e2806894000040038662114f, 85
1652705864.982974, sdrt-health/mac:02010b41cdec/antenna/tag/e2806894000050038662154f, 85
1652705865.045219, sdrt-health/mac:02010b41cdec/antenna/tag/e2806894000040038662114f, 88
1652705865.095152, sdrt-health/mac:02010b41cdec/antenna/tag/e28068940000500386620d4f, 93
1652705865.134547, sdrt-health/mac:02010b41cdec/antenna/tag/e28068940000400386621d4f, 96
1652705865.174057, sdrt-health/mac:02010b41cdec/antenna/tag/e28068940000400386621d4f, 77
1652705865.175002, sdrt-health/mac:02010b41cdec/antenna/tag/e2806894000050038662194f, 81
1652705865.214426, sdrt-health/mac:02010b41cdec/antenna/tag/e28068940000400386621d4f, 77
1652705865.271637, sdrt-health/mac:02010b41cdec/antenna/tag/e28068940000500386620d4f, 93
1652705865.332418, sdrt-health/mac:02010b41cdec/antenna/tag/e28068940000400386621d4f, 77
1652705865.332764, sdrt-health/mac:02010b41cdec/antenna/tag/e28068940000400386621d4f, 96
1652705865.346176, sdrt-health/mac:02010b41cdec/antenna/tag/e2806894000050038662194f, 83
1652705865.380283, sdrt-health/mac:02010b41cdec/antenna/tag/e28068940000400386621d4f, 96
1652705865.38048, sdrt-health/mac:02010b41cdec/antenna/tag/e2806894000050038661fd4f, 86
1652705865.394411, sdrt-health/mac:02010b41cdec/antenna/tag/e2806894000050038662194f, 81
1652705865.425979, sdrt-health/mac:02010b41cdec/antenna/tag/e2806894000050038662194f, 94
1652705865.494055, sdrt-health/mac:02010b41cdec/antenna/tag/e28068940000500386620d4f, 93
1652705865.494274, sdrt-health/mac:02010b41cdec/antenna/tag/e2806894000050038661fd4f, 90
1652705865.508689, sdrt-health/mac:02010b41cdec/antenna/tag/e2806894000040038662114f, 88
1652705865.508924, sdrt-health/mac:02010b41cdec/antenna/tag/e2806894000050038661fd4f, 86
1652705865.527871, sdrt-health/mac:02010b41cdec/antenna/tag/e28068940000500386620d4f, 85
1652705865.573882, sdrt-health/mac:02010b41cdec/antenna/tag/e2806894000050038661fd4f, 86
1652705865.61531, sdrt-health/mac:02010b41cdec/antenna/tag/e2806894000040038662114f, 85
1652705865.654253, sdrt-health/mac:02010b41cdec/antenna/tag/e2806894000050038661fd4f, 86
1652705865.710934, sdrt-health/mac:02010b41cdec/antenna/tag/e2806894000050038662194f, 94
1652705865.711179, sdrt-health/mac:02010b41cdec/antenna/tag/e28068940000500386620d4f, 88
1652705865.745229, sdrt-health/mac:02010b41cdec/antenna/tag/e2806894000050038661fd4f, 86
1652705865.774652, sdrt-health/mac:02010b41cdec/antenna/tag/e2806894000040038662114f, 88
1652705865.774913, sdrt-health/mac:02010b41cdec/antenna/tag/e2806894000050038662154f, 88
1652705865.789783, sdrt-health/mac:02010b41cdec/antenna/tag/e2806894000050038661fd4f, 86
1652705865.847412, sdrt-health/mac:02010b41cdec/antenna/tag/e28068940000400386621d4f, 96
1652705865.847673, sdrt-health/mac:02010b41cdec/antenna/tag/e2806894000040038662114f, 93
1652705865.862482, sdrt-health/mac:02010b41cdec/antenna/tag/e2806894000050038661fd4f, 86
1652705865.87696, sdrt-health/mac:02010b41cdec/antenna/tag/e28068940000500386620d4f, 93
1652705865.962491, sdrt-health/mac:02010b41cdec/antenna/tag/e2806894000040038662114f, 93
1652705865.962697, sdrt-health/mac:02010b41cdec/antenna/tag/e28068940000400386621d4f, 96
1652705865.994068, sdrt-health/mac:02010b41cdec/antenna/tag/e2806894000050038662154f, 81
1652705866.037121, sdrt-health/mac:02010b41cdec/antenna/tag/e2806894000050038662194f, 81
1652705866.099851, sdrt-health/mac:02010b41cdec/antenna/tag/e28068940000500386620d4f, 93
1652705866.100324, sdrt-health/mac:02010b41cdec/antenna/tag/e28068940000400386621d4f, 77
1652705866.114032, sdrt-health/mac:02010b41cdec/antenna/tag/e2806894000050038661fd4f, 86
1652705866.133537, sdrt-health/mac:02010b41cdec/antenna/tag/e2806894000050038662194f, 84
1652705866.174118, sdrt-health/mac:02010b41cdec/antenna/tag/e2806894000040038662114f, 93
1652705866.230743, sdrt-health/mac:02010b41cdec/antenna/tag/e28068940000500386620d4f, 87
1652705866.230999, sdrt-health/mac:02010b41cdec/antenna/tag/e2806894000050038662154f, 83
1652705866.254106, sdrt-health/mac:02010b41cdec/antenna/tag/e2806894000040038662114f, 85
1652705866.287727, sdrt-health/mac:02010b41cdec/antenna/tag/e2806894000040038662114f, 88
1652705866.288001, sdrt-health/mac:02010b41cdec/antenna/tag/e2806894000050038661fd4f, 86
1652705866.302572, sdrt-health/mac:02010b41cdec/antenna/tag/e2806894000050038662154f, 85
1652705866.334517, sdrt-health/mac:02010b41cdec/antenna/tag/e2806894000050038662194f, 81
1652705866.392018, sdrt-health/mac:02010b41cdec/antenna/tag/e2806894000050038661fd4f, 86
1652705866.392381, sdrt-health/mac:02010b41cdec/antenna/tag/e2806894000040038662114f, 85
1652705866.405974, sdrt-health/mac:02010b41cdec/antenna/tag/e2806894000050038662194f, 83
1652705866.40637, sdrt-health/mac:02010b41cdec/antenna/tag/e2806894000050038661fd4f, 86
1652705866.415483, sdrt-health/mac:02010b41cdec/antenna/tag/e28068940000500386620d4f, 87
1652705866.485379, sdrt-health/mac:02010b41cdec/antenna/tag/e2806894000050038662154f, 85
1652705866.53437, sdrt-health/mac:02010b41cdec/antenna/tag/e28068940000400386621d4f, 90
1652705866.598568, sdrt-health/mac:02010b41cdec/antenna/tag/e28068940000500386620d4f, 85
1652705866.627236, sdrt-health/mac:02010b41cdec/antenna/tag/e2806894000040038662114f, 91
1652705866.627452, sdrt-health/mac:02010b41cdec/antenna/tag/e28068940000500386620d4f, 85
1652705866.64707, sdrt-health/mac:02010b41cdec/antenna/tag/e2806894000050038662154f, 93
1652705866.709696, sdrt-health/mac:02010b41cdec/antenna/tag/e2806894000050038662194f, 87
1652705866.709915, sdrt-health/mac:02010b41cdec/antenna/tag/e28068940000400386621d4f, 90
1652705866.724664, sdrt-health/mac:02010b41cdec/antenna/tag/e2806894000050038661fd4f, 86
1652705866.749872, sdrt-health/mac:02010b41cdec/antenna/tag/e28068940000400386621d4f, 77
1652705866.795452, sdrt-health/mac:02010b41cdec/antenna/tag/e2806894000050038661fd4f, 86
1652705866.868634, sdrt-health/mac:02010b41cdec/antenna/tag/e2806894000050038662194f, 94
1652705866.868899, sdrt-health/mac:02010b41cdec/antenna/tag/e28068940000400386621d4f, 90
1652705866.893696, sdrt-health/mac:02010b41cdec/antenna/tag/e2806894000050038661fd4f, 86
1652705866.920433, sdrt-health/mac:02010b41cdec/antenna/tag/e28068940000500386620d4f, 87
1652705866.920784, sdrt-health/mac:02010b41cdec/antenna/tag/e2806894000050038661fd4f, 86
1652705866.945799, sdrt-health/mac:02010b41cdec/antenna/tag/e28068940000500386620d4f, 87
1652705866.973523, sdrt-health/mac:02010b41cdec/antenna/tag/e28068940000500386620d4f, 93
1652705866.973709, sdrt-health/mac:02010b41cdec/antenna/tag/e2806894000050038662154f, 85
1652705867.015446, sdrt-health/mac:02010b41cdec/antenna/tag/e2806894000050038662154f, 93
1652705867.070978, sdrt-health/mac:02010b41cdec/antenna/tag/e2806894000040038662114f, 88
1652705867.130063, sdrt-health/mac:02010b41cdec/antenna/tag/e28068940000400386621d4f, 90
1652705867.130308, sdrt-health/mac:02010b41cdec/antenna/tag/e2806894000050038661fd4f, 86
1652705867.159058, sdrt-health/mac:02010b41cdec/antenna/tag/e28068940000400386621d4f, 96
1652705867.194799, sdrt-health/mac:02010b41cdec/antenna/tag/e28068940000500386620d4f, 83
1652705867.195029, sdrt-health/mac:02010b41cdec/antenna/tag/e2806894000040038662114f, 85
1652705867.285748, sdrt-health/mac:02010b41cdec/antenna/tag/e28068940000400386621d4f, 96
1652705867.336221, sdrt-health/mac:02010b41cdec/antenna/tag/e2806894000040038662114f, 85
1652705867.390879, sdrt-health/mac:02010b41cdec/antenna/tag/e2806894000050038662154f, 81
1652705867.391134, sdrt-health/mac:02010b41cdec/antenna/tag/e2806894000050038662194f, 81
1652705867.414689, sdrt-health/mac:02010b41cdec/antenna/tag/e2806894000050038661fd4f, 86
1652705867.4442, sdrt-health/mac:02010b41cdec/antenna/tag/e28068940000400386621d4f, 77
1652705867.444395, sdrt-health/mac:02010b41cdec/antenna/tag/e2806894000050038661fd4f, 86
1652705867.470587, sdrt-health/mac:02010b41cdec/antenna/tag/e2806894000040038662114f, 85
1652705867.505464, sdrt-health/mac:02010b41cdec/antenna/tag/e2806894000050038661fd4f, 86
1652705867.505735, sdrt-health/mac:02010b41cdec/antenna/tag/e28068940000500386620d4f, 83
1652705867.521017, sdrt-health/mac:02010b41cdec/antenna/tag/e28068940000400386621d4f, 96
1652705867.558101, sdrt-health/mac:02010b41cdec/antenna/tag/e2806894000040038662114f, 85
1652705867.58814, sdrt-health/mac:02010b41cdec/antenna/tag/e2806894000050038661fd4f, 86
1652705867.588364, sdrt-health/mac:02010b41cdec/antenna/tag/e28068940000500386620d4f, 85
1652705867.660699, sdrt-health/mac:02010b41cdec/antenna/tag/e2806894000050038662154f, 83
1652705867.727457, sdrt-health/mac:02010b41cdec/antenna/tag/e28068940000400386621d4f, 96
1652705867.787545, sdrt-health/mac:02010b41cdec/antenna/tag/e2806894000050038661fd4f, 86
1652705867.787769, sdrt-health/mac:02010b41cdec/antenna/tag/e28068940000400386621d4f, 90
1652705867.815483, sdrt-health/mac:02010b41cdec/antenna/tag/e2806894000040038662114f, 85
1652705867.854637, sdrt-health/mac:02010b41cdec/antenna/tag/e2806894000050038662154f, 93
1652705867.895718, sdrt-health/mac:02010b41cdec/antenna/tag/e2806894000050038661fd4f, 86
1652705867.934151, sdrt-health/mac:02010b41cdec/antenna/tag/e28068940000500386620d4f, 93
1652705867.963654, sdrt-health/mac:02010b41cdec/antenna/tag/e2806894000050038661fd4f, 86
1652705867.963902, sdrt-health/mac:02010b41cdec/antenna/tag/e2806894000040038662114f, 88
1652705867.978784, sdrt-health/mac:02010b41cdec/antenna/tag/e28068940000500386620d4f, 93
1652705868.030157, sdrt-health/mac:02010b41cdec/antenna/tag/e2806894000050038661fd4f, 86
1652705868.073977, sdrt-health/mac:02010b41cdec/antenna/tag/e2806894000050038662154f, 93
1652705868.117977, sdrt-health/mac:02010b41cdec/antenna/tag/e2806894000050038662194f, 83
1652705868.189982, sdrt-health/mac:02010b41cdec/antenna/tag/e2806894000040038662114f, 88
1652705868.190328, sdrt-health/mac:02010b41cdec/antenna/tag/e2806894000050038661fd4f, 90
1652705868.206936, sdrt-health/mac:02010b41cdec/antenna/tag/e28068940000500386620d4f, 85
1652705868.235556, sdrt-health/mac:02010b41cdec/antenna/tag/e2806894000040038662114f, 88
1652705868.235921, sdrt-health/mac:02010b41cdec/antenna/tag/e28068940000400386621d4f, 90
1652705868.236074, sdrt-health/mac:02010b41cdec/antenna/tag/e2806894000050038662154f, 93
1652705868.285707, sdrt-health/mac:02010b41cdec/antenna/tag/e2806894000050038662194f, 83
1652705868.335413, sdrt-health/mac:02010b41cdec/antenna/tag/e2806894000040038662114f, 85
1652705868.366385, sdrt-health/mac:02010b41cdec/antenna/tag/e28068940000400386621d4f, 96
1652705868.366608, sdrt-health/mac:02010b41cdec/antenna/tag/e2806894000050038662194f, 81
1652705868.381275, sdrt-health/mac:02010b41cdec/antenna/tag/e28068940000500386620d4f, 93
1652705868.415075, sdrt-health/mac:02010b41cdec/antenna/tag/e28068940000400386621d4f, 96
1652705868.457344, sdrt-health/mac:02010b41cdec/antenna/tag/e2806894000050038662154f, 85
1652705868.495842, sdrt-health/mac:02010b41cdec/antenna/tag/e28068940000400386621d4f, 96
1652705868.554002, sdrt-health/mac:02010b41cdec/antenna/tag/e2806894000050038662154f, 93
1652705868.598245, sdrt-health/mac:02010b41cdec/antenna/tag/e2806894000050038662154f, 93
1652705868.644743, sdrt-health/mac:02010b41cdec/antenna/tag/e28068940000400386621d4f, 96
1652705868.734168, sdrt-health/mac:02010b41cdec/antenna/tag/e2806894000040038662114f, 88
1652705868.785037, sdrt-health/mac:02010b41cdec/antenna/tag/e2806894000050038662154f, 85
1652705868.855622, sdrt-health/mac:02010b41cdec/antenna/tag/e28068940000500386620d4f, 85
1652705868.855945, sdrt-health/mac:02010b41cdec/antenna/tag/e28068940000500386620d4f, 93
1652705868.878417, sdrt-health/mac:02010b41cdec/antenna/tag/e28068940000400386621d4f, 96
1652705868.885102, sdrt-health/mac:02010b41cdec/antenna/tag/e28068940000500386620d4f, 93
1652705868.893759, sdrt-health/mac:02010b41cdec/antenna/tag/e28068940000400386621d4f, 96
1652705868.935785, sdrt-health/mac:02010b41cdec/antenna/tag/e28068940000400386621d4f, 90
1652705868.989059, sdrt-health/mac:02010b41cdec/antenna/tag/e28068940000400386621d4f, 96
1652705869.050205, sdrt-health/mac:02010b41cdec/antenna/tag/e28068940000400386621d4f, 96
1652705869.050687, sdrt-health/mac:02010b41cdec/antenna/tag/e28068940000400386621d4f, 96
1652705869.078772, sdrt-health/mac:02010b41cdec/antenna/tag/e28068940000400386621d4f, 90
1652705869.137878, sdrt-health/mac:02010b41cdec/antenna/tag/e2806894000050038662154f, 85
1652705869.138072, sdrt-health/mac:02010b41cdec/antenna/tag/e28068940000500386620d4f, 93
1652705869.152921, sdrt-health/mac:02010b41cdec/antenna/tag/e2806894000050038662154f, 85
1652705869.17401, sdrt-health/mac:02010b41cdec/antenna/tag/e2806894000040038662114f, 88
1652705869.213996, sdrt-health/mac:02010b41cdec/antenna/tag/e2806894000050038662154f, 87
1652705869.268761, sdrt-health/mac:02010b41cdec/antenna/tag/e2806894000040038662054f, 82
1652705869.26923, sdrt-health/mac:02010b41cdec/antenna/tag/e2806894000040038661f94f, 88
1652705869.283129, sdrt-health/mac:02010b41cdec/antenna/tag/e2806894000050038661fd4f, 83
1652705869.295726, sdrt-health/mac:02010b41cdec/antenna/tag/e2806894000040038662054f, 88
1652705869.33406, sdrt-health/mac:02010b41cdec/antenna/tag/e28068940000500386620d4f, 93
1652705869.373984, sdrt-health/mac:02010b41cdec/antenna/tag/e2806894000040038662114f, 85
1652705869.457444, sdrt-health/mac:02010b41cdec/antenna/tag/e2806894000040038662114f, 88
1652705869.504302, sdrt-health/mac:02010b41cdec/antenna/tag/e2806894000050038662154f, 93
1652705869.534047, sdrt-health/mac:02010b41cdec/antenna/tag/e28068940000500386620d4f, 87
1652705869.534803, sdrt-health/mac:02010b41cdec/antenna/tag/e2806894000050038661fd4f, 86
1652705869.55516, sdrt-health/mac:02010b41cdec/antenna/tag/e2806894000040038662114f, 88
1652705869.555385, sdrt-health/mac:02010b41cdec/antenna/tag/e28068940000500386620d4f, 93
1652705869.555669, sdrt-health/mac:02010b41cdec/antenna/tag/e2806894000050038662154f, 93
1652705869.555886, sdrt-health/mac:02010b41cdec/antenna/tag/e28068940000400386621d4f, 90
1652705869.593981, sdrt-health/mac:02010b41cdec/antenna/tag/e28068940000400386621d4f, 90
1652705869.638615, sdrt-health/mac:02010b41cdec/antenna/tag/e2806894000050038662154f, 87
1652705869.719079, sdrt-health/mac:02010b41cdec/antenna/tag/e2806894000040038662214f, 88
1652705869.763164, sdrt-health/mac:02010b41cdec/antenna/tag/e2806894000040038661f94f, 81
1652705869.792162, sdrt-health/mac:02010b41cdec/antenna/tag/e28068940000400386621d4f, 77
1652705869.792363, sdrt-health/mac:02010b41cdec/antenna/tag/e2806894000040038662214f, 94
1652705869.819639, sdrt-health/mac:02010b41cdec/antenna/tag/e28068940000400386621d4f, 77
1652705869.869379, sdrt-health/mac:02010b41cdec/antenna/tag/e2806894000050038661fd4f, 86
1652705869.914999, sdrt-health/mac:02010b41cdec/antenna/tag/e28068940000500386620d4f, 85
1652705869.971031, sdrt-health/mac:02010b41cdec/antenna/tag/e2806894000050038661fd4f, 90
1652705869.971333, sdrt-health/mac:02010b41cdec/antenna/tag/e2806894000050038662154f, 88
1652705870.003684, sdrt-health/mac:02010b41cdec/antenna/tag/e2806894000050038662154f, 85
1652705870.006104, sdrt-health/mac:02010b41cdec/antenna/tag/e2806894000050038662154f, 88
1652705870.054258, sdrt-health/mac:02010b41cdec/antenna/tag/e2806894000050038662154f, 88
1652705870.090924, sdrt-health/mac:02010b41cdec/antenna/tag/e28068940000400386621d4f, 96
1652705870.091143, sdrt-health/mac:02010b41cdec/antenna/tag/e2806894000040038662114f, 88
1652705870.091291, sdrt-health/mac:02010b41cdec/antenna/tag/e28068940000500386620d4f, 85
1652705870.110646, sdrt-health/mac:02010b41cdec/antenna/tag/e2806894000040038662114f, 85
1652705870.134547, sdrt-health/mac:02010b41cdec/antenna/tag/e28068940000500386620d4f, 93
1652705870.190646, sdrt-health/mac:02010b41cdec/antenna/tag/e28068940000500386620d4f, 93
1652705870.19084, sdrt-health/mac:02010b41cdec/antenna/tag/e2806894000040038662114f, 85
1652705870.205888, sdrt-health/mac:02010b41cdec/antenna/tag/e2806894000050038662154f, 87
1652705870.236286, sdrt-health/mac:02010b41cdec/antenna/tag/e2806894000040038661f94f, 88
1652705870.23659, sdrt-health/mac:02010b41cdec/antenna/tag/e28068940000500386620d4f, 85
1652705870.255577, sdrt-health/mac:02010b41cdec/antenna/tag/e28068940000400386621d4f, 96
1652705870.284457, sdrt-health/mac:02010b41cdec/antenna/tag/e2806894000050038662154f, 85
1652705870.284708, sdrt-health/mac:02010b41cdec/antenna/tag/e28068940000400386621d4f, 90
1652705870.308834, sdrt-health/mac:02010b41cdec/antenna/tag/e28068940000500386620d4f, 85
1652705870.339892, sdrt-health/mac:02010b41cdec/antenna/tag/e28068940000400386621d4f, 96
1652705870.340096, sdrt-health/mac:02010b41cdec/antenna/tag/e28068940000500386620d4f, 88
1652705870.36027, sdrt-health/mac:02010b41cdec/antenna/tag/e2806894000040038662114f, 88
1652705870.405118, sdrt-health/mac:02010b41cdec/antenna/tag/e2806894000040038662114f, 85
1652705870.470922, sdrt-health/mac:02010b41cdec/antenna/tag/e28068940000400386621d4f, 90
1652705870.471121, sdrt-health/mac:02010b41cdec/antenna/tag/e2806894000050038662154f, 85
1652705870.485451, sdrt-health/mac:02010b41cdec/antenna/tag/e2806894000050038661fd4f, 90
1652705870.48569, sdrt-health/mac:02010b41cdec/antenna/tag/e2806894000050038662154f, 85
1652705870.51066, sdrt-health/mac:02010b41cdec/antenna/tag/e2806894000050038662154f, 85
1652705870.540499, sdrt-health/mac:02010b41cdec/antenna/tag/e2806894000050038661fd4f, 90
1652705870.540726, sdrt-health/mac:02010b41cdec/antenna/tag/e2806894000040038662114f, 85
1652705870.555325, sdrt-health/mac:02010b41cdec/antenna/tag/e28068940000400386621d4f, 90
1652705870.604853, sdrt-health/mac:02010b41cdec/antenna/tag/e2806894000040038662114f, 85
1652705870.653517, sdrt-health/mac:02010b41cdec/antenna/tag/e2806894000040038662114f, 88
1652705870.682923, sdrt-health/mac:02010b41cdec/antenna/tag/e2806894000050038662154f, 93
1652705870.683296, sdrt-health/mac:02010b41cdec/antenna/tag/e28068940000500386620d4f, 93
1652705870.699103, sdrt-health/mac:02010b41cdec/antenna/tag/e2806894000050038662194f, 88
1652705870.699324, sdrt-health/mac:02010b41cdec/antenna/tag/e28068940000500386620d4f, 87
1652705870.7347, sdrt-health/mac:02010b41cdec/antenna/state, connected
1652705870.734949, sdrt-health/mac:02010b41cdec/fw, {"version":"1.8.1","model":"200","hash":"2f556501b58f1dad542af428d7928d18","timestamp":1652705867}
1652705870.783522, sdrt-health/mac:02010b41cdec/antenna/tag/e28068940000500386620d4f, 87
1652705870.844323, sdrt-health/mac:02010b41cdec/antenna/tag/e2806894000050038662154f, 93
1652705870.844611, sdrt-health/mac:02010b41cdec/antenna/tag/e28068940000500386620d4f, 85
1652705870.858752, sdrt-health/mac:02010b41cdec/antenna/tag/e2806894000040038662114f, 88
1652705870.88323, sdrt-health/mac:02010b41cdec/antenna/tag/e2806894000050038662154f, 87
1652705870.941524, sdrt-health/mac:02010b41cdec/antenna/tag/e2806894000040038662114f, 88
1652705870.941741, sdrt-health/mac:02010b41cdec/antenna/tag/e2806894000050038662154f, 85
1652705870.955798, sdrt-health/mac:02010b41cdec/antenna/tag/e2806894000050038662154f, 85
1652705870.956008, sdrt-health/mac:02010b41cdec/antenna/version, hPbO
1652705870.95618, sdrt-health/mac:02010b41cdec/antenna/tag/e2806894000040038662114f, 88
1652705870.974863, sdrt-health/mac:02010b41cdec/antenna/tag/e2806894000050038661fd4f, 86
1652705871.023641, sdrt-health/mac:02010b41cdec/antenna/tag/e2806894000050038661fd4f, 86
1652705871.068478, sdrt-health/mac:02010b41cdec/antenna/tag/e2806894000050038662154f, 83
1652705871.131721, sdrt-health/mac:02010b41cdec/antenna/tag/e2806894000050038662194f, 84
1652705871.131917, sdrt-health/mac:02010b41cdec/antenna/tag/e2806894000050038662154f, 87
1652705871.147504, sdrt-health/mac:02010b41cdec/antenna/tag/e28068940000500386620d4f, 85
1652705871.164376, sdrt-health/mac:02010b41cdec/antenna/tag/e2806894000040038662114f, 85
1652705871.204335, sdrt-health/mac:02010b41cdec/antenna/tag/e2806894000050038661fd4f, 83
1652705871.234868, sdrt-health/mac:02010b41cdec/antenna/tag/e28068940000500386620d4f, 93
1652705871.235148, sdrt-health/mac:02010b41cdec/antenna/tag/e2806894000050038661fd4f, 86
1652705871.235332, sdrt-health/mac:02010b41cdec/antenna/tag/e2806894000050038662154f, 83
1652705871.265114, sdrt-health/mac:02010b41cdec/antenna/tag/e28068940000500386620d4f, 93
1652705871.310113, sdrt-health/mac:02010b41cdec/antenna/tag/e2806894000050038662154f, 85
1652705871.354846, sdrt-health/mac:02010b41cdec/antenna/tag/e28068940000500386620d4f, 85
1652705871.420934, sdrt-health/mac:02010b41cdec/antenna/tag/e2806894000040038662114f, 85
1652705871.421127, sdrt-health/mac:02010b41cdec/antenna/tag/e28068940000400386621d4f, 90
1652705871.445473, sdrt-health/mac:02010b41cdec/antenna/tag/e2806894000050038662154f, 85
1652705871.4951, sdrt-health/mac:02010b41cdec/antenna/tag/e28068940000500386620d4f, 85
1652705871.528847, sdrt-health/mac:02010b41cdec/antenna/tag/e2806894000050038661fd4f, 90
1652705871.529264, sdrt-health/mac:02010b41cdec/antenna/tag/e2806894000050038661fd4f, 86
1652705871.548329, sdrt-health/mac:02010b41cdec/antenna/tag/e2806894000050038661fd4f, 90
1652705871.585427, sdrt-health/mac:02010b41cdec/antenna/tag/e2806894000050038662154f, 85
1652705871.630439, sdrt-health/mac:02010b41cdec/antenna/tag/e2806894000040038662114f, 88
1652705871.690176, sdrt-health/mac:02010b41cdec/antenna/tag/e28068940000400386621d4f, 90
1652705871.690375, sdrt-health/mac:02010b41cdec/antenna/tag/e28068940000400386621d4f, 77
1652705871.724658, sdrt-health/mac:02010b41cdec/antenna/tag/e28068940000500386620d4f, 93
1652705871.75444, sdrt-health/mac:02010b41cdec/antenna/tag/e28068940000500386620d4f, 83
1652705871.754832, sdrt-health/mac:02010b41cdec/antenna/tag/e2806894000050038661fd4f, 83
1652705871.789961, sdrt-health/mac:02010b41cdec/antenna/tag/e2806894000050038661fd4f, 86
1652705871.836039, sdrt-health/mac:02010b41cdec/antenna/tag/e28068940000500386620d4f, 87
1652705871.878238, sdrt-health/mac:02010b41cdec/antenna/tag/e2806894000050038662154f, 93
1652705871.9391, sdrt-health/mac:02010b41cdec/antenna/tag/e28068940000500386620d4f, 87
1652705871.939308, sdrt-health/mac:02010b41cdec/antenna/tag/e28068940000500386620d4f, 85
1652705871.975315, sdrt-health/mac:02010b41cdec/antenna/tag/e2806894000050038662154f, 85
1652705872.004665, sdrt-health/mac:02010b41cdec/antenna/tag/e28068940000400386621d4f, 90
1652705872.004914, sdrt-health/mac:02010b41cdec/antenna/tag/e2806894000050038662154f, 85
1652705872.005125, sdrt-health/mac:02010b41cdec/antenna/tag/e2806894000050038661fd4f, 86
1652705872.01922, sdrt-health/mac:02010b41cdec/antenna/tag/e28068940000400386621d4f, 90
1652705872.075633, sdrt-health/mac:02010b41cdec/antenna/tag/e28068940000500386620d4f, 85
1652705872.11787, sdrt-health/mac:02010b41cdec/antenna/tag/e2806894000050038662154f, 83
1652705872.190621, sdrt-health/mac:02010b41cdec/antenna/tag/e28068940000500386620d4f, 93
1652705872.235012, sdrt-health/mac:02010b41cdec/antenna/tag/e2806894000040038662114f, 88
1652705872.278025, sdrt-health/mac:02010b41cdec/antenna/tag/e28068940000500386620d4f, 87
1652705872.326195, sdrt-health/mac:02010b41cdec/antenna/tag/e2806894000050038662154f, 87
1652705872.375839, sdrt-health/mac:02010b41cdec/antenna/tag/e2806894000040038662114f, 85
1652705872.444527, sdrt-health/mac:02010b41cdec/antenna/tag/e2806894000040038661f94f, 88
1652705872.444727, sdrt-health/mac:02010b41cdec/antenna/tag/e28068940000400386621d4f, 77
1652705872.475864, sdrt-health/mac:02010b41cdec/antenna/tag/e2806894000050038661fd4f, 83
1652705872.532293, sdrt-health/mac:02010b41cdec/antenna/tag/e2806894000050038662154f, 81
1652705872.532516, sdrt-health/mac:02010b41cdec/antenna/tag/e28068940000400386621d4f, 77
1652705872.546744, sdrt-health/mac:02010b41cdec/antenna/tag/e2806894000050038662154f, 81
1652705872.630465, sdrt-health/mac:02010b41cdec/antenna/tag/e2806894000050038661fd4f, 83
1652705872.735825, sdrt-health/mac:02010b41cdec/antenna/tag/e2806894000050038661fd4f, 86
1652705872.774393, sdrt-health/mac:02010b41cdec/antenna/tag/e2806894000050038662194f, 83
1652705872.803793, sdrt-health/mac:02010b41cdec/antenna/tag/e2806894000050038661fd4f, 90
1652705872.804112, sdrt-health/mac:02010b41cdec/antenna/tag/e28068940000400386621d4f, 96
1652705872.8201, sdrt-health/mac:02010b41cdec/antenna/tag/e2806894000050038662154f, 81
1652705872.854877, sdrt-health/mac:02010b41cdec/antenna/tag/e28068940000500386620d4f, 93
1652705872.909842, sdrt-health/mac:02010b41cdec/antenna/tag/e28068940000500386620d4f, 85
1652705872.962679, sdrt-health/mac:02010b41cdec/antenna/tag/e2806894000050038662194f, 81
1652705873.015544, sdrt-health/mac:02010b41cdec/antenna/tag/e2806894000040038662114f, 88
1652705873.04535, sdrt-health/mac:02010b41cdec/antenna/tag/e2806894000050038661fd4f, 86
1652705873.045569, sdrt-health/mac:02010b41cdec/antenna/tag/e28068940000400386621d4f, 90
1652705873.062151, sdrt-health/mac:02010b41cdec/antenna/tag/e28068940000400386621d4f, 90
1652705873.062383, sdrt-health/mac:02010b41cdec/antenna/tag/e2806894000040038662114f, 88
1652705873.105013, sdrt-health/mac:02010b41cdec/antenna/tag/e2806894000040038662114f, 88
1652705873.191952, sdrt-health/mac:02010b41cdec/antenna/tag/e2806894000050038662154f, 87
1652705873.192344, sdrt-health/mac:02010b41cdec/antenna/tag/e2806894000040038662114f, 88
1652705873.206748, sdrt-health/mac:02010b41cdec/antenna/tag/e2806894000050038661fd4f, 86
1652705873.236581, sdrt-health/mac:02010b41cdec/antenna/tag/e28068940000500386620d4f, 93
1652705873.237005, sdrt-health/mac:02010b41cdec/antenna/tag/e2806894000050038662194f, 83
1652705873.265169, sdrt-health/mac:02010b41cdec/antenna/tag/e2806894000040038662114f, 85
1652705873.309785, sdrt-health/mac:02010b41cdec/antenna/tag/e2806894000050038662154f, 87
1652705873.337844, sdrt-health/mac:02010b41cdec/antenna/tag/e2806894000050038662154f, 83
1652705873.338213, sdrt-health/mac:02010b41cdec/antenna/tag/e28068940000400386621d4f, 77
1652705873.354663, sdrt-health/mac:02010b41cdec/antenna/tag/e28068940000400386621d4f, 90
1652705873.355426, sdrt-health/mac:02010b41cdec/antenna/tag/e2806894000050038662154f, 85
1652705873.398868, sdrt-health/mac:02010b41cdec/antenna/tag/e28068940000500386620d4f, 85
1652705873.447519, sdrt-health/mac:02010b41cdec/antenna/tag/e2806894000050038662154f, 85
1652705873.515392, sdrt-health/mac:02010b41cdec/antenna/tag/e2806894000040038662114f, 88
1652705873.571665, sdrt-health/mac:02010b41cdec/antenna/tag/e28068940000400386621d4f, 90
1652705873.571862, sdrt-health/mac:02010b41cdec/antenna/tag/e2806894000040038662114f, 88
1652705873.586618, sdrt-health/mac:02010b41cdec/antenna/tag/e2806894000050038662194f, 81
1652705873.661276, sdrt-health/mac:02010b41cdec/antenna/tag/e28068940000500386620d4f, 93
1652705873.725246, sdrt-health/mac:02010b41cdec/antenna/tag/e2806894000050038662154f, 87
1652705873.76412, sdrt-health/mac:02010b41cdec/antenna/tag/e2806894000050038662154f, 93
1652705873.790863, sdrt-health/mac:02010b41cdec/antenna/tag/e2806894000050038662194f, 94
1652705873.791066, sdrt-health/mac:02010b41cdec/antenna/tag/e28068940000400386621d4f, 96
1652705873.813493, sdrt-health/mac:02010b41cdec/antenna/tag/e2806894000040038662114f, 88
1652705873.814262, sdrt-health/mac:02010b41cdec/antenna/tag/e2806894000050038661fd4f, 83
1652705873.868731, sdrt-health/mac:02010b41cdec/antenna/tag/e2806894000050038662194f, 81
1652705873.915042, sdrt-health/mac:02010b41cdec/antenna/tag/e2806894000050038662154f, 83
1652705873.959636, sdrt-health/mac:02010b41cdec/antenna/tag/e2806894000050038662154f, 81
1652705874.029081, sdrt-health/mac:02010b41cdec/antenna/tag/e28068940000500386620d4f, 87
1652705874.029271, sdrt-health/mac:02010b41cdec/antenna/tag/e2806894000040038662114f, 88
1652705874.043734, sdrt-health/mac:02010b41cdec/antenna/tag/e2806894000050038661fd4f, 86
1652705874.064779, sdrt-health/mac:02010b41cdec/antenna/tag/e28068940000400386621d4f, 96
1652705874.125031, sdrt-health/mac:02010b41cdec/antenna/tag/e2806894000040038662114f, 88
1652705874.125507, sdrt-health/mac:02010b41cdec/antenna/tag/e2806894000050038661fd4f, 86
1652705874.154609, sdrt-health/mac:02010b41cdec/antenna/tag/e28068940000500386620d4f, 93
1652705874.199712, sdrt-health/mac:02010b41cdec/antenna/tag/e28068940000500386620d4f, 93
1652705874.247452, sdrt-health/mac:02010b41cdec/antenna/tag/e28068940000500386620d4f, 83
1652705874.295011, sdrt-health/mac:02010b41cdec/antenna/tag/e28068940000500386620d4f, 93
1652705874.326474, sdrt-health/mac:02010b41cdec/antenna/tag/e2806894000050038661fd4f, 90
1652705874.326725, sdrt-health/mac:02010b41cdec/antenna/tag/e28068940000400386621d4f, 90
1652705874.326901, sdrt-health/mac:02010b41cdec/antenna/tag/e2806894000040038662114f, 85
1652705874.34081, sdrt-health/mac:02010b41cdec/antenna/tag/e2806894000050038661fd4f, 86
1652705874.341006, sdrt-health/mac:02010b41cdec/antenna/tag/e28068940000500386620d4f, 93
1652705874.341121, sdrt-health/mac:02010b41cdec/antenna/tag/e28068940000500386620d4f, 83
1652705874.375108, sdrt-health/mac:02010b41cdec/antenna/tag/e2806894000050038661fd4f, 90
1652705874.465358, sdrt-health/mac:02010b41cdec/antenna/tag/e2806894000050038662154f, 93
1652705874.510533, sdrt-health/mac:02010b41cdec/antenna/tag/e2806894000040038662114f, 88
1652705874.562814, sdrt-health/mac:02010b41cdec/antenna/tag/e2806894000050038662194f, 94
1652705874.592469, sdrt-health/mac:02010b41cdec/antenna/tag/e28068940000400386621d4f, 96
1652705874.592722, sdrt-health/mac:02010b41cdec/antenna/tag/e2806894000050038662194f, 83
1652705874.592947, sdrt-health/mac:02010b41cdec/antenna/tag/e28068940000400386621d4f, 96
1652705874.615388, sdrt-health/mac:02010b41cdec/antenna/tag/e2806894000040038662114f, 88
1652705874.644845, sdrt-health/mac:02010b41cdec/antenna/tag/e2806894000050038661fd4f, 86
1652705874.645064, sdrt-health/mac:02010b41cdec/antenna/tag/e2806894000040038662114f, 88
1652705874.670326, sdrt-health/mac:02010b41cdec/antenna/tag/e2806894000040038662114f, 85
1652705874.729367, sdrt-health/mac:02010b41cdec/antenna/tag/e28068940000400386621d4f, 90
1652705874.729783, sdrt-health/mac:02010b41cdec/antenna/tag/e2806894000050038661fd4f, 83
1652705874.744626, sdrt-health/mac:02010b41cdec/antenna/tag/e28068940000400386621d4f, 90
1652705874.805046, sdrt-health/mac:02010b41cdec/antenna/tag/e2806894000040038662114f, 85
1652705874.855427, sdrt-health/mac:02010b41cdec/antenna/tag/e2806894000050038662154f, 83
1652705874.886209, sdrt-health/mac:02010b41cdec/antenna/tag/e2806894000050038661fd4f, 86
1652705874.886604, sdrt-health/mac:02010b41cdec/antenna/tag/e28068940000500386620d4f, 83
1652705874.916716, sdrt-health/mac:02010b41cdec/antenna/tag/e2806894000050038661fd4f, 86
1652705874.964796, sdrt-health/mac:02010b41cdec/antenna/tag/e2806894000050038662154f, 88
1652705875.014995, sdrt-health/mac:02010b41cdec/antenna/tag/e28068940000400386621d4f, 96
1652705875.054291, sdrt-health/mac:02010b41cdec/antenna/tag/e2806894000050038662154f, 93
1652705875.094872, sdrt-health/mac:02010b41cdec/antenna/tag/e2806894000050038662194f, 81
1652705875.095076, sdrt-health/mac:02010b41cdec/antenna/tag/e2806894000040038662114f, 88
1652705875.112354, sdrt-health/mac:02010b41cdec/antenna/tag/e2806894000050038662154f, 93
1652705875.11261, sdrt-health/mac:02010b41cdec/antenna/tag/e2806894000050038661fd4f, 86
1652705875.150497, sdrt-health/mac:02010b41cdec/antenna/tag/e2806894000050038662194f, 81
1652705875.220823, sdrt-health/mac:02010b41cdec/antenna/tag/e28068940000500386620d4f, 93
1652705875.221033, sdrt-health/mac:02010b41cdec/antenna/tag/e2806894000050038661fd4f, 83
1652705875.255131, sdrt-health/mac:02010b41cdec/antenna/tag/e28068940000500386620d4f, 85
1652705875.404281, sdrt-health/mac:02010b41cdec/antenna/tag/e2806894000050038661fd4f, 90
1652705875.404477, sdrt-health/mac:02010b41cdec/antenna/tag/e2806894000050038661fd4f, 86
1652705875.462152, sdrt-health/mac:02010b41cdec/antenna/tag/e2806894000040038662114f, 85
1652705875.462593, sdrt-health/mac:02010b41cdec/antenna/tag/e2806894000050038662154f, 85
1652705875.462898, sdrt-health/mac:02010b41cdec/antenna/tag/e2806894000040038662114f, 85
1652705875.463193, sdrt-health/mac:02010b41cdec/antenna/tag/e28068940000500386620d4f, 93
1652705875.50541, sdrt-health/mac:02010b41cdec/antenna/tag/e2806894000040038662114f, 88
1652705875.549447, sdrt-health/mac:02010b41cdec/antenna/tag/e2806894000050038662154f, 85
1652705875.629891, sdrt-health/mac:02010b41cdec/antenna/tag/e2806894000050038662154f, 85
1652705875.67449, sdrt-health/mac:02010b41cdec/antenna/tag/e28068940000500386620d4f, 87
1652705875.753058, sdrt-health/mac:02010b41cdec/antenna/tag/e2806894000050038662154f, 88
1652705875.753439, sdrt-health/mac:02010b41cdec/antenna/tag/e28068940000500386620d4f, 85
1652705875.767439, sdrt-health/mac:02010b41cdec/antenna/tag/e28068940000400386621d4f, 77
1652705875.775833, sdrt-health/mac:02010b41cdec/antenna/tag/e2806894000040038662114f, 93
1652705875.78291, sdrt-health/mac:02010b41cdec/antenna/tag/e28068940000400386621d4f, 77
1652705875.845676, sdrt-health/mac:02010b41cdec/antenna/tag/e2806894000050038662154f, 93
1652705875.894141, sdrt-health/mac:02010b41cdec/antenna/tag/e28068940000500386620d4f, 85
1652705875.974428, sdrt-health/mac:02010b41cdec/antenna/tag/e2806894000050038662154f, 85
1652705876.028351, sdrt-health/mac:02010b41cdec/antenna/tag/e2806894000050038662154f, 93
1652705876.028579, sdrt-health/mac:02010b41cdec/antenna/tag/e2806894000040038662114f, 88
1652705876.028813, sdrt-health/mac:02010b41cdec/antenna/tag/e2806894000050038661fd4f, 86
1652705876.042119, sdrt-health/mac:02010b41cdec/antenna/tag/e2806894000040038662114f, 91
1652705876.055362, sdrt-health/mac:02010b41cdec/antenna/tag/e28068940000400386621d4f, 90
1652705876.110438, sdrt-health/mac:02010b41cdec/antenna/tag/e2806894000050038662194f, 83
1652705876.170789, sdrt-health/mac:02010b41cdec/antenna/tag/e28068940000400386621d4f, 90
1652705876.170991, sdrt-health/mac:02010b41cdec/antenna/tag/e2806894000050038662154f, 93
1652705876.214849, sdrt-health/mac:02010b41cdec/antenna/tag/e2806894000040038661f94f, 94
1652705876.254496, sdrt-health/mac:02010b41cdec/antenna/tag/e2806894000040038662054f, 84
1652705876.30486, sdrt-health/mac:02010b41cdec/antenna/tag/e2806894000040038662114f, 85
1652705876.350684, sdrt-health/mac:02010b41cdec/antenna/tag/e2806894000050038661fd4f, 86
1652705876.419012, sdrt-health/mac:02010b41cdec/antenna/tag/e28068940000500386620d4f, 85
1652705876.419619, sdrt-health/mac:02010b41cdec/antenna/tag/e2806894000050038661fd4f, 86
1652705876.450857, sdrt-health/mac:02010b41cdec/antenna/tag/e2806894000050038662154f, 88
1652705876.451071, sdrt-health/mac:02010b41cdec/antenna/tag/e2806894000050038661fd4f, 90
1652705876.485677, sdrt-health/mac:02010b41cdec/antenna/tag/e2806894000050038662154f, 88
1652705876.535932, sdrt-health/mac:02010b41cdec/antenna/tag/e2806894000050038662154f, 88
1652705876.583824, sdrt-health/mac:02010b41cdec/antenna/tag/e2806894000050038661fd4f, 86
1652705876.584057, sdrt-health/mac:02010b41cdec/antenna/tag/e28068940000400386621d4f, 90
1652705876.584171, sdrt-health/mac:02010b41cdec/antenna/tag/e2806894000040038662114f, 85
1652705876.625532, sdrt-health/mac:02010b41cdec/antenna/tag/e2806894000050038661fd4f, 86
1652705876.669922, sdrt-health/mac:02010b41cdec/antenna/tag/e2806894000050038662154f, 83
1652705876.716141, sdrt-health/mac:02010b41cdec/antenna/tag/e28068940000400386621d4f, 77
1652705876.75751, sdrt-health/mac:02010b41cdec/antenna/tag/e2806894000050038661fd4f, 90
1652705876.806072, sdrt-health/mac:02010b41cdec/antenna/tag/e28068940000400386621d4f, 90
1652705876.854376, sdrt-health/mac:02010b41cdec/antenna/tag/e2806894000040038662114f, 88
1652705876.894841, sdrt-health/mac:02010b41cdec/antenna/tag/e2806894000040038662114f, 85
1652705876.928083, sdrt-health/mac:02010b41cdec/antenna/tag/e28068940000400386621d4f, 90
1652705876.928315, sdrt-health/mac:02010b41cdec/antenna/tag/e2806894000050038661fd4f, 90
1652705876.928457, sdrt-health/mac:02010b41cdec/antenna/tag/e2806894000050038662154f, 85
1652705876.945634, sdrt-health/mac:02010b41cdec/antenna/tag/e2806894000040038662114f, 93
1652705876.945837, sdrt-health/mac:02010b41cdec/antenna/tag/e28068940000500386620d4f, 85
1652705876.989877, sdrt-health/mac:02010b41cdec/antenna/tag/e28068940000500386620d4f, 85
1652705877.034596, sdrt-health/mac:02010b41cdec/antenna/tag/e2806894000040038662114f, 85
1652705877.094893, sdrt-health/mac:02010b41cdec/antenna/tag/e28068940000400386621d4f, 96
1652705877.095362, sdrt-health/mac:02010b41cdec/antenna/tag/e2806894000050038662154f, 85
1652705877.111146, sdrt-health/mac:02010b41cdec/antenna/tag/e2806894000040038662114f, 85
1652705877.132472, sdrt-health/mac:02010b41cdec/antenna/tag/e2806894000050038661fd4f, 83
1652705877.174682, sdrt-health/mac:02010b41cdec/antenna/tag/e2806894000050038662154f, 81
1652705877.246513, sdrt-health/mac:02010b41cdec/antenna/tag/e2806894000050038662194f, 94
1652705877.24675, sdrt-health/mac:02010b41cdec/antenna/tag/e2806894000040038662114f, 85
1652705877.274968, sdrt-health/mac:02010b41cdec/antenna/tag/e2806894000050038661fd4f, 90
1652705877.318564, sdrt-health/mac:02010b41cdec/antenna/tag/e2806894000050038661fd4f, 90
1652705877.380438, sdrt-health/mac:02010b41cdec/antenna/tag/e2806894000040038662114f, 88
1652705877.380834, sdrt-health/mac:02010b41cdec/antenna/tag/e2806894000040038662114f, 88
1652705877.416027, sdrt-health/mac:02010b41cdec/antenna/tag/e2806894000050038662154f, 85
1652705877.446438, sdrt-health/mac:02010b41cdec/antenna/tag/e2806894000050038661fd4f, 86
1652705877.446659, sdrt-health/mac:02010b41cdec/antenna/tag/e2806894000050038661fd4f, 86
1652705877.461249, sdrt-health/mac:02010b41cdec/antenna/tag/e28068940000500386620d4f, 93
1652705877.461493, sdrt-health/mac:02010b41cdec/antenna/tag/e2806894000050038661fd4f, 86
1652705877.494715, sdrt-health/mac:02010b41cdec/antenna/tag/e2806894000050038661fd4f, 83
1652705877.535506, sdrt-health/mac:02010b41cdec/antenna/tag/e2806894000050038662154f, 83
1652705877.589228, sdrt-health/mac:02010b41cdec/antenna/tag/e2806894000050038662194f, 84
1652705877.589427, sdrt-health/mac:02010b41cdec/antenna/tag/e2806894000050038661fd4f, 83
1652705877.645288, sdrt-health/mac:02010b41cdec/antenna/tag/e2806894000050038662154f, 83
1652705877.684853, sdrt-health/mac:02010b41cdec/antenna/tag/e28068940000400386621d4f, 77
1652705877.713295, sdrt-health/mac:02010b41cdec/antenna/tag/e2806894000050038662154f, 83
1652705877.713497, sdrt-health/mac:02010b41cdec/antenna/tag/e2806894000050038662194f, 84
1652705877.775956, sdrt-health/mac:02010b41cdec/antenna/tag/e2806894000050038662154f, 85
1652705877.825892, sdrt-health/mac:02010b41cdec/antenna/tag/e2806894000040038662114f, 88
1652705877.884889, sdrt-health/mac:02010b41cdec/antenna/tag/e2806894000040038662114f, 88
1652705877.885145, sdrt-health/mac:02010b41cdec/antenna/tag/e28068940000400386621d4f, 96
1652705877.915299, sdrt-health/mac:02010b41cdec/antenna/tag/e2806894000040038662114f, 88
1652705878.05836, sdrt-health/mac:02010b41cdec/antenna/tag/e28068940000400386621d4f, 90
1652705878.088413, sdrt-health/mac:02010b41cdec/antenna/tag/e28068940000500386620d4f, 93
1652705878.088627, sdrt-health/mac:02010b41cdec/antenna/tag/e2806894000040038662114f, 88
1652705878.088735, sdrt-health/mac:02010b41cdec/antenna/tag/e2806894000040038662114f, 91
1652705878.103965, sdrt-health/mac:02010b41cdec/antenna/tag/e2806894000050038662194f, 81
1652705878.134625, sdrt-health/mac:02010b41cdec/antenna/tag/e28068940000400386621d4f, 90
1652705878.25899, sdrt-health/mac:02010b41cdec/antenna/tag/e28068940000400386621d4f, 77
1652705878.343113, sdrt-health/mac:02010b41cdec/antenna/tag/e28068940000400386621d4f, 77
1652705878.343487, sdrt-health/mac:02010b41cdec/antenna/tag/e28068940000500386620d4f, 83
1652705878.34376, sdrt-health/mac:02010b41cdec/antenna/tag/e2806894000050038661fd4f, 86
1652705878.344006, sdrt-health/mac:02010b41cdec/antenna/tag/e2806894000050038662154f, 83
1652705878.357511, sdrt-health/mac:02010b41cdec/antenna/tag/e2806894000050038661fd4f, 86
1652705878.364842, sdrt-health/mac:02010b41cdec/antenna/tag/e2806894000050038662154f, 93
1652705878.42377, sdrt-health/mac:02010b41cdec/antenna/tag/e2806894000040038662114f, 85
1652705878.50591, sdrt-health/mac:02010b41cdec/antenna/tag/e2806894000040038662114f, 88
1652705878.523311, sdrt-health/mac:02010b41cdec/antenna/tag/e28068940000400386621d4f, 90
1652705878.523526, sdrt-health/mac:02010b41cdec/antenna/tag/e2806894000040038662114f, 88
1652705878.608113, sdrt-health/mac:02010b41cdec/antenna/tag/e2806894000040038662114f, 85
1652705878.680961, sdrt-health/mac:02010b41cdec/antenna/tag/e2806894000050038661fd4f, 86
1652705878.681189, sdrt-health/mac:02010b41cdec/antenna/tag/e28068940000400386621d4f, 96
1652705878.681305, sdrt-health/mac:02010b41cdec/antenna/tag/e2806894000050038662194f, 81
1652705878.681415, sdrt-health/mac:02010b41cdec/antenna/tag/e28068940000500386620d4f, 83
1652705878.69744, sdrt-health/mac:02010b41cdec/antenna/tag/e2806894000050038662154f, 85
1652705878.730483, sdrt-health/mac:02010b41cdec/antenna/tag/e2806894000040038662114f, 88
1652705878.88531, sdrt-health/mac:02010b41cdec/antenna/tag/e2806894000050038662194f, 81
1652705878.885705, sdrt-health/mac:02010b41cdec/antenna/tag/e2806894000050038662154f, 81
1652705878.885996, sdrt-health/mac:02010b41cdec/antenna/tag/e2806894000050038661fd4f, 86
1652705878.886302, sdrt-health/mac:02010b41cdec/antenna/tag/e2806894000040038662114f, 85
1652705878.886557, sdrt-health/mac:02010b41cdec/antenna/tag/e2806894000040038662214f, 94
1652705878.935559, sdrt-health/mac:02010b41cdec/antenna/tag/e2806894000050038662154f, 93
1652705879.0759, sdrt-health/mac:02010b41cdec/antenna/tag/e2806894000040038661f94f, 81
1652705879.076326, sdrt-health/mac:02010b41cdec/antenna/tag/e28068940000400386621d4f, 77
1652705879.076587, sdrt-health/mac:02010b41cdec/antenna/tag/e2806894000050038662154f, 87
1652705879.091471, sdrt-health/mac:02010b41cdec/antenna/tag/e28068940000500386620d4f, 87
1652705879.091709, sdrt-health/mac:02010b41cdec/antenna/tag/e28068940000500386620d4f, 93
1652705879.091845, sdrt-health/mac:02010b41cdec/antenna/tag/e2806894000050038662154f, 87
1652705879.091978, sdrt-health/mac:02010b41cdec/antenna/tag/e2806894000040038662114f, 85
1652705879.210279, sdrt-health/mac:02010b41cdec/antenna/tag/e28068940000500386620d4f, 87
1652705879.338847, sdrt-health/mac:02010b41cdec/antenna/tag/e2806894000050038662154f, 85
1652705879.357111, sdrt-health/mac:02010b41cdec/antenna/tag/e2806894000050038661fd4f, 86
1652705879.35732, sdrt-health/mac:02010b41cdec/antenna/tag/e2806894000050038662194f, 81
1652705879.357437, sdrt-health/mac:02010b41cdec/antenna/tag/e2806894000040038662114f, 88
1652705879.485607, sdrt-health/mac:02010b41cdec/antenna/tag/e2806894000050038662194f, 88
1652705879.575606, sdrt-health/mac:02010b41cdec/antenna/tag/e28068940000500386620d4f, 87
1652705879.576005, sdrt-health/mac:02010b41cdec/antenna/tag/e2806894000050038661fd4f, 86
1652705879.7025, sdrt-health/mac:02010b41cdec/antenna/tag/e28068940000400386621d4f, 90
1652705879.702768, sdrt-health/mac:02010b41cdec/antenna/tag/e2806894000040038662114f, 91
1652705879.702952, sdrt-health/mac:02010b41cdec/antenna/tag/e2806894000050038662154f, 93
1652705879.734846, sdrt-health/mac:02010b41cdec/antenna/tag/e28068940000400386621d4f, 90
1652705879.761818, sdrt-health/mac:02010b41cdec/antenna/tag/e2806894000050038662194f, 87
1652705879.762071, sdrt-health/mac:02010b41cdec/antenna/tag/e28068940000500386620d4f, 93
1652705879.762196, sdrt-health/mac:02010b41cdec/antenna/tag/e28068940000500386620d4f, 83
1652705879.776885, sdrt-health/mac:02010b41cdec/antenna/tag/e28068940000500386620d4f, 81
1652705879.895482, sdrt-health/mac:02010b41cdec/antenna/tag/e2806894000050038661fd4f, 86
1652705879.925818, sdrt-health/mac:02010b41cdec/antenna/tag/e2806894000050038662154f, 85
1652705879.926054, sdrt-health/mac:02010b41cdec/antenna/tag/e2806894000050038661fd4f, 90
1652705879.926186, sdrt-health/mac:02010b41cdec/antenna/tag/e2806894000050038661fd4f, 86
1652705879.942406, sdrt-health/mac:02010b41cdec/antenna/tag/e28068940000400386621d4f, 90
1652705879.942615, sdrt-health/mac:02010b41cdec/antenna/tag/e28068940000500386620d4f, 87
1652705879.94273, sdrt-health/mac:02010b41cdec/antenna/tag/e2806894000050038662154f, 85
1652705880.099769, sdrt-health/mac:02010b41cdec/antenna/tag/e28068940000500386620d4f, 85
1652705880.132375, sdrt-health/mac:02010b41cdec/antenna/tag/e2806894000050038662154f, 93
1652705880.132603, sdrt-health/mac:02010b41cdec/antenna/tag/e2806894000040038662114f, 91
1652705880.132736, sdrt-health/mac:02010b41cdec/antenna/tag/e2806894000050038662194f, 88
1652705880.155299, sdrt-health/mac:02010b41cdec/antenna/tag/e2806894000050038661fd4f, 86
1652705880.319373, sdrt-health/mac:02010b41cdec/antenna/tag/e2806894000050038662154f, 93
1652705880.338624, sdrt-health/mac:02010b41cdec/antenna/tag/e2806894000040038662114f, 85
1652705880.338833, sdrt-health/mac:02010b41cdec/antenna/tag/e28068940000400386621d4f, 96
1652705880.338965, sdrt-health/mac:02010b41cdec/antenna/tag/e2806894000050038661fd4f, 83
1652705880.354234, sdrt-health/mac:02010b41cdec/antenna/tag/e28068940000400386621d4f, 96
1652705880.417215, sdrt-health/mac:02010b41cdec/antenna/tag/e28068940000500386620d4f, 83
1652705880.524674, sdrt-health/mac:02010b41cdec/antenna/tag/e2806894000040038662114f, 85
1652705880.564979, sdrt-health/mac:02010b41cdec/antenna/tag/e28068940000500386620d4f, 85
1652705880.629547, sdrt-health/mac:02010b41cdec/antenna/tag/e2806894000050038662154f, 85
1652705880.629802, sdrt-health/mac:02010b41cdec/antenna/tag/e2806894000040038662114f, 85
1652705880.644582, sdrt-health/mac:02010b41cdec/antenna/tag/e28068940000400386621d4f, 96
1652705880.670059, sdrt-health/mac:02010b41cdec/antenna/tag/e28068940000400386621d4f, 96
1652705880.715401, sdrt-health/mac:02010b41cdec/antenna/tag/e28068940000500386620d4f, 87
1652705880.804887, sdrt-health/mac:02010b41cdec/antenna/tag/e2806894000040038662114f, 88
1652705880.805221, sdrt-health/mac:02010b41cdec/antenna/tag/e2806894000050038662154f, 85
1652705880.833386, sdrt-health/mac:02010b41cdec/antenna/tag/e28068940000500386620d4f, 85
1652705880.911685, sdrt-health/mac:02010b41cdec/antenna/tag/e28068940000500386620d4f, 87
1652705880.912151, sdrt-health/mac:02010b41cdec/antenna/tag/e28068940000500386620d4f, 93
1652705880.944471, sdrt-health/mac:02010b41cdec/antenna/tag/e2806894000040038662114f, 88
1652705880.991041, sdrt-health/mac:02010b41cdec/antenna/tag/e2806894000050038662154f, 93
1652705881.034123, sdrt-health/mac:02010b41cdec/antenna/tag/e2806894000050038662194f, 87
1652705881.078354, sdrt-health/mac:02010b41cdec/antenna/tag/e28068940000400386621d4f, 96
1652705881.125171, sdrt-health/mac:02010b41cdec/antenna/tag/e2806894000050038661fd4f, 86
1652705881.19001, sdrt-health/mac:02010b41cdec/antenna/tag/e2806894000040038662114f, 91
1652705881.190266, sdrt-health/mac:02010b41cdec/antenna/tag/e2806894000050038661fd4f, 86
1652705881.205271, sdrt-health/mac:02010b41cdec/antenna/tag/e2806894000040038662114f, 85
1652705881.246019, sdrt-health/mac:02010b41cdec/antenna/tag/e28068940000500386620d4f, 85
1652705881.246264, sdrt-health/mac:02010b41cdec/antenna/tag/e2806894000050038661fd4f, 86
1652705881.275125, sdrt-health/mac:02010b41cdec/antenna/tag/e2806894000050038661fd4f, 86
1652705881.304061, sdrt-health/mac:02010b41cdec/antenna/tag/e28068940000400386621d4f, 90
1652705881.304253, sdrt-health/mac:02010b41cdec/antenna/tag/e28068940000400386621d4f, 77
1652705881.318305, sdrt-health/mac:02010b41cdec/antenna/tag/e2806894000050038661fd4f, 86
1652705881.364951, sdrt-health/mac:02010b41cdec/antenna/tag/e28068940000400386621d4f, 77
1652705881.416209, sdrt-health/mac:02010b41cdec/antenna/tag/e2806894000050038661fd4f, 86
1652705881.470082, sdrt-health/mac:02010b41cdec/antenna/tag/e28068940000400386621d4f, 96
1652705881.500303, sdrt-health/mac:02010b41cdec/antenna/tag/e2806894000040038662114f, 88
1652705881.500524, sdrt-health/mac:02010b41cdec/antenna/tag/e28068940000400386621d4f, 96
1652705881.515841, sdrt-health/mac:02010b41cdec/antenna/tag/e2806894000050038661fd4f, 86
1652705881.584731, sdrt-health/mac:02010b41cdec/antenna/tag/e2806894000050038662154f, 91
1652705881.585221, sdrt-health/mac:02010b41cdec/antenna/tag/e2806894000050038662154f, 85
1652705881.601191, sdrt-health/mac:02010b41cdec/antenna/tag/e28068940000400386621d4f, 96
1652705881.601432, sdrt-health/mac:02010b41cdec/antenna/tag/e2806894000040038662114f, 88
1652705881.615335, sdrt-health/mac:02010b41cdec/antenna/tag/e2806894000050038661fd4f, 86
1652705881.617665, sdrt-health/mac:02010b41cdec/antenna/tag/e2806894000040038662114f, 85
1652705881.664343, sdrt-health/mac:02010b41cdec/antenna/tag/e28068940000500386620d4f, 85
1652705881.709886, sdrt-health/mac:02010b41cdec/antenna/tag/e28068940000400386621d4f, 90
1652705881.755081, sdrt-health/mac:02010b41cdec/antenna/tag/e28068940000400386621d4f, 96
1652705881.814041, sdrt-health/mac:02010b41cdec/antenna/tag/e28068940000500386620d4f, 93
1652705881.814289, sdrt-health/mac:02010b41cdec/antenna/tag/e28068940000400386621d4f, 96
1652705881.845582, sdrt-health/mac:02010b41cdec/antenna/tag/e28068940000400386621d4f, 90
1652705881.908366, sdrt-health/mac:02010b41cdec/antenna/tag/e2806894000040038662114f, 88
1652705881.908764, sdrt-health/mac:02010b41cdec/antenna/tag/e2806894000050038661fd4f, 86
1652705881.923078, sdrt-health/mac:02010b41cdec/antenna/tag/e28068940000400386621d4f, 90
1652705881.93551, sdrt-health/mac:02010b41cdec/antenna/tag/e28068940000400386621d4f, 96
1652705881.985233, sdrt-health/mac:02010b41cdec/antenna/tag/e28068940000400386621d4f, 90
1652705882.044725, sdrt-health/mac:02010b41cdec/antenna/tag/e28068940000500386620d4f, 85
1652705882.045064, sdrt-health/mac:02010b41cdec/antenna/tag/e2806894000050038661fd4f, 86
1652705882.045327, sdrt-health/mac:02010b41cdec/antenna/tag/e28068940000500386620d4f, 93
1652705882.059583, sdrt-health/mac:02010b41cdec/antenna/tag/e28068940000500386620d4f, 93
1652705882.059922, sdrt-health/mac:02010b41cdec/antenna/tag/e28068940000400386621d4f, 90
1652705882.075429, sdrt-health/mac:02010b41cdec/antenna/tag/e28068940000500386620d4f, 93
1652705882.139581, sdrt-health/mac:02010b41cdec/antenna/tag/e28068940000400386621d4f, 90
1652705882.139952, sdrt-health/mac:02010b41cdec/antenna/tag/e28068940000500386620d4f, 85
1652705882.155744, sdrt-health/mac:02010b41cdec/antenna/tag/e2806894000050038662154f, 85
1652705882.197499, sdrt-health/mac:02010b41cdec/antenna/tag/e2806894000040038661f94f, 88
1652705882.245577, sdrt-health/mac:02010b41cdec/antenna/tag/e2806894000050038662154f, 87
1652705882.310306, sdrt-health/mac:02010b41cdec/antenna/tag/e28068940000500386620d4f, 93
1652705882.310503, sdrt-health/mac:02010b41cdec/antenna/tag/e28068940000400386621d4f, 77
1652705882.325002, sdrt-health/mac:02010b41cdec/antenna/tag/e2806894000050038661fd4f, 86
1652705882.334789, sdrt-health/mac:02010b41cdec/antenna/tag/e2806894000050038661fd4f, 86
1652705882.374842, sdrt-health/mac:02010b41cdec/antenna/tag/e28068940000500386620d4f, 93
1652705882.444453, sdrt-health/mac:02010b41cdec/antenna/tag/e2806894000040038662114f, 88
1652705882.44466, sdrt-health/mac:02010b41cdec/antenna/tag/e2806894000050038661fd4f, 86
1652705882.444788, sdrt-health/mac:02010b41cdec/antenna/tag/e28068940000500386620d4f, 85
1652705882.444925, sdrt-health/mac:02010b41cdec/antenna/tag/e28068940000400386621d4f, 90
1652705882.474918, sdrt-health/mac:02010b41cdec/antenna/tag/e2806894000050038662154f, 85
1652705882.518638, sdrt-health/mac:02010b41cdec/antenna/tag/e2806894000050038661fd4f, 86
1652705882.579721, sdrt-health/mac:02010b41cdec/antenna/tag/e2806894000040038662114f, 88
1652705882.579934, sdrt-health/mac:02010b41cdec/antenna/tag/e2806894000050038662194f, 81
1652705882.615033, sdrt-health/mac:02010b41cdec/antenna/tag/e28068940000400386621d4f, 90
1652705882.655378, sdrt-health/mac:02010b41cdec/antenna/tag/e2806894000050038662194f, 81
1652705882.685154, sdrt-health/mac:02010b41cdec/antenna/tag/e2806894000050038662194f, 81
1652705882.685408, sdrt-health/mac:02010b41cdec/antenna/tag/e2806894000040038662114f, 88
1652705882.704405, sdrt-health/mac:02010b41cdec/antenna/tag/e2806894000040038662114f, 85
1652705882.751198, sdrt-health/mac:02010b41cdec/antenna/tag/e2806894000040038662214f, 84
1652705882.795126, sdrt-health/mac:02010b41cdec/antenna/tag/e2806894000050038662154f, 93
1652705882.87103, sdrt-health/mac:02010b41cdec/antenna/tag/e2806894000050038662154f, 87
1652705882.871437, sdrt-health/mac:02010b41cdec/antenna/tag/e2806894000040038662114f, 88
1652705882.910124, sdrt-health/mac:02010b41cdec/antenna/tag/e2806894000050038661fd4f, 86
1652705882.966242, sdrt-health/mac:02010b41cdec/antenna/tag/e2806894000040038662114f, 91
1652705883.019079, sdrt-health/mac:02010b41cdec/antenna/tag/e28068940000400386621d4f, 96
1652705883.019378, sdrt-health/mac:02010b41cdec/antenna/tag/e28068940000400386621d4f, 96
1652705883.045234, sdrt-health/mac:02010b41cdec/antenna/tag/e2806894000050038662154f, 88
1652705883.073779, sdrt-health/mac:02010b41cdec/antenna/tag/e2806894000050038661fd4f, 90
1652705883.074002, sdrt-health/mac:02010b41cdec/antenna/tag/e2806894000050038661fd4f, 86
1652705883.09546, sdrt-health/mac:02010b41cdec/antenna/tag/e2806894000050038662154f, 88
1652705883.136617, sdrt-health/mac:02010b41cdec/antenna/tag/e2806894000050038661fd4f, 83
1652705883.189693, sdrt-health/mac:02010b41cdec/antenna/tag/e2806894000050038662154f, 87
1652705883.189897, sdrt-health/mac:02010b41cdec/antenna/tag/e28068940000400386621d4f, 77
1652705883.205237, sdrt-health/mac:02010b41cdec/antenna/tag/e2806894000040038662114f, 93
1652705883.205556, sdrt-health/mac:02010b41cdec/antenna/tag/e2806894000050038662154f, 83
1652705883.230029, sdrt-health/mac:02010b41cdec/antenna/tag/e28068940000500386620d4f, 85
1652705883.274885, sdrt-health/mac:02010b41cdec/antenna/tag/e28068940000400386621d4f, 96
1652705883.336403, sdrt-health/mac:02010b41cdec/antenna/tag/e28068940000500386620d4f, 93
1652705883.33716, sdrt-health/mac:02010b41cdec/antenna/tag/e2806894000050038661fd4f, 86
1652705883.352036, sdrt-health/mac:02010b41cdec/antenna/tag/e2806894000050038661fd4f, 90
1652705883.366855, sdrt-health/mac:02010b41cdec/antenna/tag/e2806894000050038661fd4f, 90
1652705883.432705, sdrt-health/mac:02010b41cdec/antenna/tag/e2806894000050038662154f, 85
1652705883.433132, sdrt-health/mac:02010b41cdec/antenna/tag/e2806894000040038662114f, 85
1652705883.448879, sdrt-health/mac:02010b41cdec/antenna/tag/e28068940000500386620d4f, 87
1652705883.472944, sdrt-health/mac:02010b41cdec/antenna/tag/e28068940000400386621d4f, 90
1652705883.526044, sdrt-health/mac:02010b41cdec/antenna/tag/e28068940000500386620d4f, 93
1652705883.588879, sdrt-health/mac:02010b41cdec/antenna/tag/e2806894000050038662154f, 85
1652705883.589113, sdrt-health/mac:02010b41cdec/antenna/tag/e2806894000040038662114f, 85
1652705883.602876, sdrt-health/mac:02010b41cdec/antenna/tag/e28068940000500386620d4f, 85
1652705883.603271, sdrt-health/mac:02010b41cdec/antenna/tag/e28068940000400386621d4f, 90
1652705883.632655, sdrt-health/mac:02010b41cdec/antenna/tag/e2806894000050038662154f, 81
1652705883.677549, sdrt-health/mac:02010b41cdec/antenna/tag/e2806894000040038662114f, 85
1652705883.707278, sdrt-health/mac:02010b41cdec/antenna/tag/e28068940000400386621d4f, 96
1652705883.707472, sdrt-health/mac:02010b41cdec/antenna/tag/e2806894000050038662194f, 81
1652705883.72226, sdrt-health/mac:02010b41cdec/antenna/tag/e2806894000050038661fd4f, 86
1652705883.72253, sdrt-health/mac:02010b41cdec/antenna/tag/e2806894000050038662194f, 83
1652705883.76559, sdrt-health/mac:02010b41cdec/antenna/tag/e2806894000050038661fd4f, 90
1652705883.814711, sdrt-health/mac:02010b41cdec/antenna/tag/e28068940000400386621d4f, 96
1652705883.842899, sdrt-health/mac:02010b41cdec/antenna/tag/e2806894000040038662114f, 85
1652705883.843238, sdrt-health/mac:02010b41cdec/antenna/tag/e2806894000050038662154f, 85
1652705883.858366, sdrt-health/mac:02010b41cdec/antenna/tag/e28068940000500386620d4f, 87
1652705883.915052, sdrt-health/mac:02010b41cdec/antenna/tag/e28068940000400386621d4f, 96
1652705883.959297, sdrt-health/mac:02010b41cdec/antenna/tag/e2806894000040038662114f, 88
1652705884.015073, sdrt-health/mac:02010b41cdec/antenna/tag/e2806894000050038661fd4f, 86
1652705884.109617, sdrt-health/mac:02010b41cdec/antenna/tag/e2806894000040038662114f, 85
1652705884.257685, sdrt-health/mac:02010b41cdec/antenna/tag/scan, scan stopped
