1652706038.211365, sdrt-health/mac:02010b41cdec/antenna/power/set, {"power": 300}
1652706039.288099, sdrt-health/mac:02010b41cdec/antenna/power/set, 
1652706043.23306, sdrt-health/mac:02010b41cdec/antenna/tag/scan, {"time": 20000}
1652706043.958394, sdrt-health/mac:02010b41cdec/antenna/tag/e2806894000050038661fd4f, 90
1652706043.982395, sdrt-health/mac:02010b41cdec/antenna/tag/e28068940000400386621d4f, 90
1652706044.01409, sdrt-health/mac:02010b41cdec/antenna/tag/e2806894000050038662194f, 83
1652706044.01435, sdrt-health/mac:02010b41cdec/antenna/tag/e28068940000500386620d4f, 88
1652706044.01453, sdrt-health/mac:02010b41cdec/antenna/tag/e2806894000040038661f94f, 81
1652706044.014728, sdrt-health/mac:02010b41cdec/antenna/tag/e2806894000050038662154f, 87
1652706044.014984, sdrt-health/mac:02010b41cdec/antenna/tag/e28068940000500386620d4f, 93
1652706044.015258, sdrt-health/mac:02010b41cdec/antenna/tag/e2806894000040038661f94f, 81
1652706044.039546, sdrt-health/mac:02010b41cdec/antenna/tag/e28068940000500386620d4f, 88
1652706044.069802, sdrt-health/mac:02010b41cdec/antenna/tag/e28068940000400386621d4f, 96
1652706044.070045, sdrt-health/mac:02010b41cdec/antenna/tag/e2806894000040038662114f, 88
1652706044.070225, sdrt-health/mac:02010b41cdec/antenna/tag/e2806894000050038662154f, 88
1652706044.07038, sdrt-health/mac:02010b41cdec/antenna/tag/e2806894000050038661fd4f, 90
1652706044.086609, sdrt-health/mac:02010b41cdec/antenna/tag/e2806894000050038662194f, 81
1652706044.08702, sdrt-health/mac:02010b41cdec/antenna/tag/e28068940000500386620d4f, 85
1652706044.135347, sdrt-health/mac:02010b41cdec/antenna/tag/e2806894000050038661fd4f, 86
1652706044.211535, sdrt-health/mac:02010b41cdec/antenna/tag/e2806894000050038662154f, 85
1652706044.211991, sdrt-health/mac:02010b41cdec/antenna/tag/e2806894000050038661fd4f, 86
1652706044.226133, sdrt-health/mac:02010b41cdec/antenna/tag/e2806894000050038662154f, 83
1652706044.235458, sdrt-health/mac:02010b41cdec/antenna/tag/e2806894000040038661f94f, 84
1652706044.24266, sdrt-health/mac:02010b41cdec/antenna/tag/e2806894000050038662194f, 81
1652706044.279449, sdrt-health/mac:02010b41cdec/antenna/tag/e2806894000040038662054f, 88
1652706044.326124, sdrt-health/mac:02010b41cdec/antenna/tag/e28068940000400386621d4f, 90
1652706044.375632, sdrt-health/mac:02010b41cdec/antenna/tag/e28068940000500386620d4f, 88
1652706044.414918, sdrt-health/mac:02010b41cdec/antenna/tag/e2806894000050038662194f, 81
1652706044.455553, sdrt-health/mac:02010b41cdec/antenna/tag/e2806894000050038662154f, 85
1652706044.509025, sdrt-health/mac:02010b41cdec/antenna/tag/e2806894000040038662114f, 85
1652706044.509358, sdrt-health/mac:02010b41cdec/antenna/tag/e28068940000400386621d4f, 96
1652706044.509594, sdrt-health/mac:02010b41cdec/antenna/tag/e2806894000050038662194f, 94
1652706044.524891, sdrt-health/mac:02010b41cdec/antenna/tag/e2806894000050038661fd4f, 90
1652706044.545267, sdrt-health/mac:02010b41cdec/antenna/tag/e28068940000400386621d4f, 96
1652706044.599196, sdrt-health/mac:02010b41cdec/antenna/tag/e28068940000500386620d4f, 85
1652706044.633618, sdrt-health/mac:02010b41cdec/antenna/tag/e2806894000050038662154f, 85
1652706044.63421, sdrt-health/mac:02010b41cdec/antenna/tag/e2806894000040038662114f, 85
1652706044.649226, sdrt-health/mac:02010b41cdec/antenna/tag/e28068940000400386621d4f, 96
1652706044.649643, sdrt-health/mac:02010b41cdec/antenna/tag/e2806894000050038662154f, 85
1652706044.695755, sdrt-health/mac:02010b41cdec/antenna/tag/e28068940000500386620d4f, 85
1652706044.751633, sdrt-health/mac:02010b41cdec/antenna/tag/e2806894000040038662054f, 84
1652706044.816261, sdrt-health/mac:02010b41cdec/antenna/tag/e2806894000050038662154f, 85
1652706044.856025, sdrt-health/mac:02010b41cdec/antenna/tag/e28068940000400386621d4f, 96
1652706044.896332, sdrt-health/mac:02010b41cdec/antenna/tag/e2806894000050038661fd4f, 90
1652706044.945209, sdrt-health/mac:02010b41cdec/antenna/tag/e28068940000500386620d4f, 93
1652706044.99026, sdrt-health/mac:02010b41cdec/antenna/tag/e2806894000050038662154f, 85
1652706045.022297, sdrt-health/mac:02010b41cdec/antenna/tag/e2806894000050038662194f, 83
1652706045.022624, sdrt-health/mac:02010b41cdec/antenna/tag/e2806894000040038662114f, 91
1652706045.038998, sdrt-health/mac:02010b41cdec/antenna/tag/e28068940000400386621d4f, 90
1652706045.039284, sdrt-health/mac:02010b41cdec/antenna/tag/e2806894000050038661fd4f, 90
1652706045.08161, sdrt-health/mac:02010b41cdec/antenna/tag/e2806894000050038662154f, 87
1652706045.144777, sdrt-health/mac:02010b41cdec/antenna/tag/e2806894000040038662114f, 85
1652706045.145262, sdrt-health/mac:02010b41cdec/antenna/tag/e28068940000500386620d4f, 87
1652706045.176713, sdrt-health/mac:02010b41cdec/antenna/tag/e2806894000050038662194f, 88
1652706045.211567, sdrt-health/mac:02010b41cdec/antenna/tag/e2806894000050038661fd4f, 83
1652706045.211902, sdrt-health/mac:02010b41cdec/antenna/tag/e28068940000400386621d4f, 77
1652706045.233348, sdrt-health/mac:02010b41cdec/antenna/tag/e2806894000040038662054f, 94
1652706045.275278, sdrt-health/mac:02010b41cdec/antenna/tag/e2806894000040038662214f, 88
1652706045.335905, sdrt-health/mac:02010b41cdec/antenna/tag/e2806894000050038661fd4f, 86
1652706045.376356, sdrt-health/mac:02010b41cdec/antenna/tag/e28068940000500386620d4f, 88
1652706045.488863, sdrt-health/mac:02010b41cdec/antenna/tag/e2806894000050038662154f, 88
1652706045.489367, sdrt-health/mac:02010b41cdec/antenna/tag/e2806894000040038662114f, 88
1652706045.504166, sdrt-health/mac:02010b41cdec/antenna/tag/e28068940000500386620d4f, 88
1652706045.526404, sdrt-health/mac:02010b41cdec/antenna/tag/e2806894000040038662114f, 85
1652706045.559648, sdrt-health/mac:02010b41cdec/antenna/tag/e28068940000500386620d4f, 85
1652706045.560074, sdrt-health/mac:02010b41cdec/antenna/tag/e2806894000040038662114f, 88
1652706045.560344, sdrt-health/mac:02010b41cdec/antenna/tag/e28068940000400386621d4f, 90
1652706045.560597, sdrt-health/mac:02010b41cdec/antenna/tag/e28068940000400386621d4f, 90
1652706045.576408, sdrt-health/mac:02010b41cdec/antenna/tag/e2806894000050038661fd4f, 90
1652706045.630877, sdrt-health/mac:02010b41cdec/antenna/tag/e2806894000040038662114f, 91
1652706045.676539, sdrt-health/mac:02010b41cdec/antenna/tag/e2806894000050038661fd4f, 86
1652706045.711197, sdrt-health/mac:02010b41cdec/antenna/tag/e2806894000050038661fd4f, 90
1652706045.71149, sdrt-health/mac:02010b41cdec/antenna/tag/e2806894000050038661fd4f, 90
1652706045.711686, sdrt-health/mac:02010b41cdec/antenna/tag/e2806894000050038662194f, 81
1652706045.729895, sdrt-health/mac:02010b41cdec/antenna/tag/e2806894000040038662114f, 85
1652706045.766299, sdrt-health/mac:02010b41cdec/antenna/tag/e28068940000400386621d4f, 77
1652706045.815275, sdrt-health/mac:02010b41cdec/antenna/tag/e2806894000050038662154f, 83
1652706045.855409, sdrt-health/mac:02010b41cdec/antenna/tag/e2806894000050038661fd4f, 90
1652706045.895214, sdrt-health/mac:02010b41cdec/antenna/tag/e28068940000500386620d4f, 85
1652706045.95125, sdrt-health/mac:02010b41cdec/antenna/tag/e2806894000050038662154f, 87
1652706045.9517, sdrt-health/mac:02010b41cdec/antenna/tag/e2806894000050038661fd4f, 90
1652706045.966404, sdrt-health/mac:02010b41cdec/antenna/tag/e2806894000040038662114f, 91
1652706045.977714, sdrt-health/mac:02010b41cdec/antenna/tag/e2806894000040038662114f, 88
1652706046.015816, sdrt-health/mac:02010b41cdec/antenna/tag/e2806894000050038661fd4f, 86
1652706046.055453, sdrt-health/mac:02010b41cdec/antenna/tag/e2806894000040038662114f, 88
1652706046.118716, sdrt-health/mac:02010b41cdec/antenna/tag/e2806894000050038661fd4f, 86
1652706046.119242, sdrt-health/mac:02010b41cdec/antenna/tag/e28068940000500386620d4f, 85
1652706046.146495, sdrt-health/mac:02010b41cdec/antenna/tag/e2806894000050038661fd4f, 86
1652706046.252567, sdrt-health/mac:02010b41cdec/antenna/tag/e28068940000500386620d4f, 85
1652706046.25307, sdrt-health/mac:02010b41cdec/antenna/tag/e28068940000500386620d4f, 88
1652706046.294097, sdrt-health/mac:02010b41cdec/antenna/tag/e2806894000050038661fd4f, 86
1652706046.335409, sdrt-health/mac:02010b41cdec/antenna/tag/e2806894000040038662114f, 88
1652706046.391983, sdrt-health/mac:02010b41cdec/antenna/tag/e28068940000500386620d4f, 88
1652706046.393571, sdrt-health/mac:02010b41cdec/antenna/tag/e2806894000040038662214f, 94
1652706046.430668, sdrt-health/mac:02010b41cdec/antenna/tag/e2806894000040038662054f, 81
1652706046.493457, sdrt-health/mac:02010b41cdec/antenna/tag/e2806894000040038662054f, 88
1652706046.493956, sdrt-health/mac:02010b41cdec/antenna/tag/e2806894000040038662214f, 94
1652706046.518396, sdrt-health/mac:02010b41cdec/antenna/tag/e2806894000040038662114f, 88
1652706046.55705, sdrt-health/mac:02010b41cdec/antenna/tag/e2806894000040038662114f, 85
1652706046.600467, sdrt-health/mac:02010b41cdec/antenna/tag/e28068940000500386620d4f, 93
1652706046.645827, sdrt-health/mac:02010b41cdec/antenna/tag/e28068940000400386621d4f, 77
1652706046.694948, sdrt-health/mac:02010b41cdec/antenna/tag/e28068940000500386620d4f, 83
1652706046.736417, sdrt-health/mac:02010b41cdec/antenna/tag/e28068940000400386621d4f, 77
1652706046.775892, sdrt-health/mac:02010b41cdec/antenna/tag/e28068940000400386621d4f, 96
1652706046.850275, sdrt-health/mac:02010b41cdec/antenna/tag/e2806894000050038661fd4f, 86
1652706046.850756, sdrt-health/mac:02010b41cdec/antenna/tag/e2806894000050038662154f, 87
1652706046.875665, sdrt-health/mac:02010b41cdec/antenna/tag/e28068940000500386620d4f, 93
1652706046.919063, sdrt-health/mac:02010b41cdec/antenna/tag/e28068940000500386620d4f, 93
1652706046.966877, sdrt-health/mac:02010b41cdec/antenna/tag/e28068940000400386621d4f, 77
1652706047.005157, sdrt-health/mac:02010b41cdec/antenna/tag/e28068940000500386620d4f, 93
1652706047.005864, sdrt-health/mac:02010b41cdec/antenna/tag/e2806894000040038662114f, 85
1652706047.022729, sdrt-health/mac:02010b41cdec/antenna/tag/e2806894000050038662154f, 83
1652706047.07036, sdrt-health/mac:02010b41cdec/antenna/tag/e2806894000050038662154f, 83
1652706047.115769, sdrt-health/mac:02010b41cdec/antenna/tag/e28068940000500386620d4f, 93
1652706047.183472, sdrt-health/mac:02010b41cdec/antenna/tag/e28068940000500386620d4f, 85
1652706047.184316, sdrt-health/mac:02010b41cdec/antenna/tag/e2806894000050038662194f, 87
1652706047.199923, sdrt-health/mac:02010b41cdec/antenna/tag/e2806894000040038662114f, 91
1652706047.214997, sdrt-health/mac:02010b41cdec/antenna/tag/e2806894000050038662194f, 81
1652706047.282839, sdrt-health/mac:02010b41cdec/antenna/tag/e2806894000050038662194f, 87
1652706047.283387, sdrt-health/mac:02010b41cdec/antenna/tag/e2806894000040038662114f, 91
1652706047.29986, sdrt-health/mac:02010b41cdec/antenna/tag/e2806894000050038662194f, 81
1652706047.319836, sdrt-health/mac:02010b41cdec/antenna/tag/e28068940000400386621d4f, 77
1652706047.381376, sdrt-health/mac:02010b41cdec/antenna/tag/e2806894000050038662194f, 93
1652706047.381876, sdrt-health/mac:02010b41cdec/antenna/tag/e28068940000500386620d4f, 85
1652706047.396413, sdrt-health/mac:02010b41cdec/antenna/tag/e2806894000040038662114f, 88
1652706047.397049, sdrt-health/mac:02010b41cdec/antenna/tag/e28068940000400386621d4f, 77
1652706047.416691, sdrt-health/mac:02010b41cdec/antenna/tag/e2806894000050038661fd4f, 90
1652706047.471419, sdrt-health/mac:02010b41cdec/antenna/tag/e2806894000050038662154f, 85
1652706047.55261, sdrt-health/mac:02010b41cdec/antenna/tag/e2806894000050038662154f, 88
1652706047.553074, sdrt-health/mac:02010b41cdec/antenna/tag/e2806894000050038662194f, 87
1652706047.58649, sdrt-health/mac:02010b41cdec/antenna/tag/e2806894000050038661fd4f, 90
1652706047.622415, sdrt-health/mac:02010b41cdec/antenna/tag/e2806894000040038662114f, 88
1652706047.622771, sdrt-health/mac:02010b41cdec/antenna/tag/e28068940000500386620d4f, 85
1652706047.638339, sdrt-health/mac:02010b41cdec/antenna/tag/e2806894000050038662154f, 93
1652706047.710537, sdrt-health/mac:02010b41cdec/antenna/tag/e2806894000040038662114f, 88
1652706047.755287, sdrt-health/mac:02010b41cdec/antenna/tag/e2806894000050038662194f, 81
1652706047.830362, sdrt-health/mac:02010b41cdec/antenna/tag/e2806894000040038662114f, 85
1652706047.830815, sdrt-health/mac:02010b41cdec/antenna/tag/e2806894000040038661f94f, 94
1652706047.871534, sdrt-health/mac:02010b41cdec/antenna/tag/e2806894000050038662194f, 81
1652706047.93095, sdrt-health/mac:02010b41cdec/antenna/tag/e28068940000500386620d4f, 93
1652706047.93149, sdrt-health/mac:02010b41cdec/antenna/tag/e28068940000500386620d4f, 85
1652706047.977093, sdrt-health/mac:02010b41cdec/antenna/tag/e28068940000500386620d4f, 93
1652706048.010311, sdrt-health/mac:02010b41cdec/antenna/tag/e2806894000050038662154f, 83
1652706048.010643, sdrt-health/mac:02010b41cdec/antenna/tag/e28068940000400386621d4f, 77
1652706048.031149, sdrt-health/mac:02010b41cdec/antenna/tag/e2806894000050038661fd4f, 86
1652706048.073983, sdrt-health/mac:02010b41cdec/antenna/tag/e2806894000050038661fd4f, 90
1652706048.151438, sdrt-health/mac:02010b41cdec/antenna/tag/e2806894000050038661fd4f, 86
1652706048.151891, sdrt-health/mac:02010b41cdec/antenna/tag/e28068940000500386620d4f, 88
1652706048.191537, sdrt-health/mac:02010b41cdec/antenna/tag/e2806894000050038661fd4f, 90
1652706048.234888, sdrt-health/mac:02010b41cdec/antenna/tag/e2806894000050038661fd4f, 90
1652706048.297858, sdrt-health/mac:02010b41cdec/antenna/tag/e2806894000040038662054f, 82
1652706048.330746, sdrt-health/mac:02010b41cdec/antenna/tag/e2806894000050038662194f, 83
1652706048.331148, sdrt-health/mac:02010b41cdec/antenna/tag/e2806894000040038662114f, 88
1652706048.351974, sdrt-health/mac:02010b41cdec/antenna/tag/e28068940000500386620d4f, 85
1652706048.414451, sdrt-health/mac:02010b41cdec/antenna/tag/e2806894000050038661fd4f, 90
1652706048.414995, sdrt-health/mac:02010b41cdec/antenna/tag/e28068940000400386621d4f, 96
1652706048.435089, sdrt-health/mac:02010b41cdec/antenna/tag/e28068940000500386620d4f, 85
1652706048.456137, sdrt-health/mac:02010b41cdec/antenna/tag/e2806894000040038662054f, 81
1652706048.510909, sdrt-health/mac:02010b41cdec/antenna/tag/e28068940000500386620d4f, 85
1652706048.557362, sdrt-health/mac:02010b41cdec/antenna/tag/e28068940000500386620d4f, 93
1652706048.649384, sdrt-health/mac:02010b41cdec/antenna/tag/e2806894000050038662154f, 93
1652706048.649907, sdrt-health/mac:02010b41cdec/antenna/tag/e2806894000050038662194f, 81
1652706048.666813, sdrt-health/mac:02010b41cdec/antenna/tag/e28068940000400386621d4f, 96
1652706048.667225, sdrt-health/mac:02010b41cdec/antenna/tag/e2806894000050038661fd4f, 90
1652706048.672312, sdrt-health/mac:02010b41cdec/antenna/tag/e28068940000400386621d4f, 96
1652706048.714854, sdrt-health/mac:02010b41cdec/antenna/tag/e2806894000050038662154f, 85
1652706048.759219, sdrt-health/mac:02010b41cdec/antenna/tag/e28068940000500386620d4f, 93
1652706048.821393, sdrt-health/mac:02010b41cdec/antenna/tag/e2806894000050038662154f, 85
1652706048.821951, sdrt-health/mac:02010b41cdec/antenna/tag/e2806894000050038662154f, 85
1652706048.85514, sdrt-health/mac:02010b41cdec/antenna/tag/e2806894000050038661fd4f, 86
1652706048.912153, sdrt-health/mac:02010b41cdec/antenna/tag/e2806894000050038662154f, 83
1652706048.912655, sdrt-health/mac:02010b41cdec/antenna/tag/e2806894000040038662114f, 88
1652706048.938597, sdrt-health/mac:02010b41cdec/antenna/tag/e28068940000500386620d4f, 87
1652706048.99474, sdrt-health/mac:02010b41cdec/antenna/tag/e2806894000040038662114f, 85
1652706048.995084, sdrt-health/mac:02010b41cdec/antenna/tag/e2806894000050038662154f, 88
1652706049.010114, sdrt-health/mac:02010b41cdec/antenna/tag/e28068940000400386621d4f, 77
1652706049.024873, sdrt-health/mac:02010b41cdec/antenna/tag/e28068940000400386621d4f, 96
1652706049.126357, sdrt-health/mac:02010b41cdec/antenna/tag/e2806894000050038662194f, 88
1652706049.196653, sdrt-health/mac:02010b41cdec/antenna/tag/e28068940000500386620d4f, 85
1652706049.239576, sdrt-health/mac:02010b41cdec/antenna/tag/e28068940000500386620d4f, 88
1652706049.287651, sdrt-health/mac:02010b41cdec/antenna/tag/e28068940000400386621d4f, 96
1652706049.409518, sdrt-health/mac:02010b41cdec/antenna/tag/e28068940000400386621d4f, 96
1652706049.410105, sdrt-health/mac:02010b41cdec/antenna/tag/e2806894000050038661fd4f, 86
1652706049.425698, sdrt-health/mac:02010b41cdec/antenna/tag/e28068940000400386621d4f, 96
1652706049.481213, sdrt-health/mac:02010b41cdec/antenna/tag/e28068940000400386621d4f, 96
1652706049.515143, sdrt-health/mac:02010b41cdec/antenna/tag/e2806894000050038661fd4f, 90
1652706049.515425, sdrt-health/mac:02010b41cdec/antenna/tag/e2806894000050038662194f, 81
1652706049.515937, sdrt-health/mac:02010b41cdec/antenna/tag/e28068940000400386621d4f, 90
1652706049.53184, sdrt-health/mac:02010b41cdec/antenna/tag/e2806894000050038661fd4f, 90
1652706049.532077, sdrt-health/mac:02010b41cdec/antenna/tag/e2806894000050038662194f, 94
1652706049.532196, sdrt-health/mac:02010b41cdec/antenna/tag/e2806894000050038662154f, 85
1652706049.576952, sdrt-health/mac:02010b41cdec/antenna/tag/e28068940000500386620d4f, 85
1652706049.662795, sdrt-health/mac:02010b41cdec/antenna/tag/e2806894000050038662194f, 81
1652706049.663298, sdrt-health/mac:02010b41cdec/antenna/tag/e2806894000040038662114f, 88
1652706049.695842, sdrt-health/mac:02010b41cdec/antenna/tag/e2806894000040038662114f, 88
1652706049.736076, sdrt-health/mac:02010b41cdec/antenna/tag/e2806894000050038661fd4f, 86
1652706049.790477, sdrt-health/mac:02010b41cdec/antenna/tag/e2806894000040038662054f, 88
1652706049.839169, sdrt-health/mac:02010b41cdec/antenna/tag/e2806894000040038662114f, 85
1652706049.911269, sdrt-health/mac:02010b41cdec/antenna/tag/e2806894000050038661fd4f, 83
1652706049.911837, sdrt-health/mac:02010b41cdec/antenna/tag/e28068940000500386620d4f, 85
1652706049.95032, sdrt-health/mac:02010b41cdec/antenna/tag/e28068940000500386620d4f, 85
1652706050.216975, sdrt-health/mac:02010b41cdec/antenna/tag/e2806894000050038662154f, 93
1652706050.247758, sdrt-health/mac:02010b41cdec/antenna/tag/e2806894000040038662114f, 85
1652706050.248027, sdrt-health/mac:02010b41cdec/antenna/tag/e2806894000050038662194f, 83
1652706050.248206, sdrt-health/mac:02010b41cdec/antenna/tag/e28068940000500386620d4f, 93
1652706050.248356, sdrt-health/mac:02010b41cdec/antenna/tag/e2806894000050038661fd4f, 86
1652706050.248505, sdrt-health/mac:02010b41cdec/antenna/tag/e28068940000400386621d4f, 90
1652706050.248652, sdrt-health/mac:02010b41cdec/antenna/tag/e2806894000050038661fd4f, 90
1652706050.248798, sdrt-health/mac:02010b41cdec/antenna/tag/e2806894000050038662154f, 93
1652706050.269791, sdrt-health/mac:02010b41cdec/antenna/tag/e2806894000050038662154f, 93
1652706050.317676, sdrt-health/mac:02010b41cdec/antenna/tag/e2806894000050038661fd4f, 86
1652706050.377769, sdrt-health/mac:02010b41cdec/antenna/tag/e2806894000050038662194f, 88
1652706050.430422, sdrt-health/mac:02010b41cdec/antenna/tag/e28068940000400386621d4f, 96
1652706050.463093, sdrt-health/mac:02010b41cdec/antenna/tag/e2806894000040038662114f, 88
1652706050.46344, sdrt-health/mac:02010b41cdec/antenna/tag/e28068940000500386620d4f, 88
1652706050.463672, sdrt-health/mac:02010b41cdec/antenna/tag/e2806894000040038662114f, 88
1652706050.47868, sdrt-health/mac:02010b41cdec/antenna/tag/e28068940000500386620d4f, 85
1652706050.479082, sdrt-health/mac:02010b41cdec/antenna/tag/e2806894000050038662194f, 81
1652706050.557454, sdrt-health/mac:02010b41cdec/antenna/tag/e28068940000400386621d4f, 96
1652706050.605466, sdrt-health/mac:02010b41cdec/antenna/tag/e2806894000050038662194f, 81
1652706050.645516, sdrt-health/mac:02010b41cdec/antenna/tag/e2806894000050038662194f, 81
1652706050.695036, sdrt-health/mac:02010b41cdec/antenna/tag/e2806894000040038662214f, 82
1652706050.735066, sdrt-health/mac:02010b41cdec/antenna/state, connected
1652706050.735659, sdrt-health/mac:02010b41cdec/fw, {"version":"1.8.1","model":"200","hash":"2f556501b58f1dad542af428d7928d18","timestamp":1652706047}
1652706050.786391, sdrt-health/mac:02010b41cdec/antenna/tag/e2806894000040038662114f, 88
1652706050.83167, sdrt-health/mac:02010b41cdec/antenna/tag/e2806894000050038662154f, 85
1652706050.875343, sdrt-health/mac:02010b41cdec/antenna/tag/e2806894000050038662194f, 94
1652706050.935554, sdrt-health/mac:02010b41cdec/antenna/tag/e2806894000040038661f94f, 94
1652706050.99468, sdrt-health/mac:02010b41cdec/antenna/tag/e2806894000040038662114f, 85
1652706050.995088, sdrt-health/mac:02010b41cdec/antenna/version, 
1652706050.995437, sdrt-health/mac:02010b41cdec/antenna/tag/e2806894000050038662194f, 81
1652706051.059214, sdrt-health/mac:02010b41cdec/antenna/tag/e28068940000400386621d4f, 90
1652706051.105756, sdrt-health/mac:02010b41cdec/antenna/tag/e2806894000050038661fd4f, 90
1652706051.168868, sdrt-health/mac:02010b41cdec/antenna/tag/e28068940000400386621d4f, 96
1652706051.169457, sdrt-health/mac:02010b41cdec/antenna/tag/e2806894000050038662154f, 85
1652706051.196382, sdrt-health/mac:02010b41cdec/antenna/tag/e2806894000050038662154f, 81
1652706051.253306, sdrt-health/mac:02010b41cdec/antenna/tag/e2806894000040038662114f, 88
1652706051.253743, sdrt-health/mac:02010b41cdec/antenna/tag/e2806894000050038662154f, 81
1652706051.267517, sdrt-health/mac:02010b41cdec/antenna/tag/e2806894000050038662194f, 81
1652706051.311391, sdrt-health/mac:02010b41cdec/antenna/tag/e28068940000500386620d4f, 87
1652706051.356809, sdrt-health/mac:02010b41cdec/antenna/tag/e28068940000400386621d4f, 96
1652706051.396459, sdrt-health/mac:02010b41cdec/antenna/tag/e28068940000500386620d4f, 87
1652706051.396795, sdrt-health/mac:02010b41cdec/antenna/tag/e2806894000050038661fd4f, 90
1652706051.417378, sdrt-health/mac:02010b41cdec/antenna/tag/e2806894000050038662154f, 88
1652706051.417887, sdrt-health/mac:02010b41cdec/antenna/tag/e28068940000500386620d4f, 87
1652706051.446936, sdrt-health/mac:02010b41cdec/antenna/tag/e28068940000500386620d4f, 85
1652706051.496338, sdrt-health/mac:02010b41cdec/antenna/tag/e2806894000050038661fd4f, 90
1652706051.535702, sdrt-health/mac:02010b41cdec/antenna/tag/e28068940000400386621d4f, 90
1652706051.574991, sdrt-health/mac:02010b41cdec/antenna/tag/e2806894000040038662054f, 88
1652706051.639778, sdrt-health/mac:02010b41cdec/antenna/tag/e2806894000040038661f94f, 84
1652706051.685613, sdrt-health/mac:02010b41cdec/antenna/tag/e2806894000050038661fd4f, 83
1652706051.736555, sdrt-health/mac:02010b41cdec/antenna/tag/e2806894000050038662154f, 93
1652706051.792913, sdrt-health/mac:02010b41cdec/antenna/tag/e2806894000050038661fd4f, 86
1652706051.793375, sdrt-health/mac:02010b41cdec/antenna/tag/e2806894000050038662194f, 88
1652706051.810051, sdrt-health/mac:02010b41cdec/antenna/tag/e2806894000050038661fd4f, 86
1652706051.829271, sdrt-health/mac:02010b41cdec/antenna/tag/e28068940000500386620d4f, 93
1652706051.832062, sdrt-health/mac:02010b41cdec/antenna/tag/e2806894000040038662114f, 88
1652706051.871266, sdrt-health/mac:02010b41cdec/antenna/tag/e2806894000050038662154f, 91
1652706051.917686, sdrt-health/mac:02010b41cdec/antenna/tag/e28068940000400386621d4f, 96
1652706051.981574, sdrt-health/mac:02010b41cdec/antenna/tag/e2806894000050038661fd4f, 86
1652706051.982072, sdrt-health/mac:02010b41cdec/antenna/tag/e2806894000050038661fd4f, 90
1652706052.005741, sdrt-health/mac:02010b41cdec/antenna/tag/e2806894000050038662154f, 85
1652706052.05629, sdrt-health/mac:02010b41cdec/antenna/tag/e2806894000040038662114f, 88
1652706052.096528, sdrt-health/mac:02010b41cdec/antenna/tag/e2806894000050038662154f, 85
1652706052.149117, sdrt-health/mac:02010b41cdec/antenna/tag/e28068940000500386620d4f, 85
1652706052.19029, sdrt-health/mac:02010b41cdec/antenna/tag/e2806894000050038662154f, 93
1652706052.237089, sdrt-health/mac:02010b41cdec/antenna/tag/e2806894000050038662154f, 87
1652706052.296035, sdrt-health/mac:02010b41cdec/antenna/tag/e2806894000050038661fd4f, 86
1652706052.327228, sdrt-health/mac:02010b41cdec/antenna/tag/e28068940000400386621d4f, 77
1652706052.32769, sdrt-health/mac:02010b41cdec/antenna/tag/e28068940000400386621d4f, 77
1652706052.341741, sdrt-health/mac:02010b41cdec/antenna/tag/e2806894000040038662114f, 88
1652706052.341942, sdrt-health/mac:02010b41cdec/antenna/tag/e28068940000500386620d4f, 93
1652706052.37625, sdrt-health/mac:02010b41cdec/antenna/tag/e2806894000050038662194f, 94
1652706052.409508, sdrt-health/mac:02010b41cdec/antenna/tag/e2806894000040038662114f, 88
1652706052.409929, sdrt-health/mac:02010b41cdec/antenna/tag/e2806894000050038662194f, 83
1652706052.425493, sdrt-health/mac:02010b41cdec/antenna/tag/e28068940000500386620d4f, 85
1652706052.466192, sdrt-health/mac:02010b41cdec/antenna/tag/e2806894000050038662154f, 93
1652706052.510704, sdrt-health/mac:02010b41cdec/antenna/tag/e28068940000400386621d4f, 96
1652706052.554444, sdrt-health/mac:02010b41cdec/antenna/tag/e2806894000050038662154f, 88
1652706052.599121, sdrt-health/mac:02010b41cdec/antenna/tag/e28068940000400386621d4f, 96
1652706052.599488, sdrt-health/mac:02010b41cdec/antenna/tag/e28068940000500386620d4f, 85
1652706052.671019, sdrt-health/mac:02010b41cdec/antenna/tag/e2806894000050038662154f, 87
1652706052.717269, sdrt-health/mac:02010b41cdec/antenna/tag/e2806894000050038661fd4f, 90
1652706052.759272, sdrt-health/mac:02010b41cdec/antenna/tag/e2806894000040038662114f, 88
1652706052.807046, sdrt-health/mac:02010b41cdec/antenna/tag/e2806894000050038662154f, 85
1652706052.857384, sdrt-health/mac:02010b41cdec/antenna/tag/e2806894000050038662154f, 87
1652706052.895982, sdrt-health/mac:02010b41cdec/antenna/tag/e2806894000050038662154f, 87
1652706052.935999, sdrt-health/mac:02010b41cdec/antenna/tag/e2806894000050038661fd4f, 83
1652706052.97644, sdrt-health/mac:02010b41cdec/antenna/tag/e28068940000400386621d4f, 77
1652706053.031946, sdrt-health/mac:02010b41cdec/antenna/tag/e2806894000040038662214f, 94
1652706053.032632, sdrt-health/mac:02010b41cdec/antenna/tag/e2806894000040038662114f, 88
1652706053.055125, sdrt-health/mac:02010b41cdec/antenna/tag/e2806894000050038661fd4f, 86
1652706053.113265, sdrt-health/mac:02010b41cdec/antenna/tag/e2806894000050038662194f, 81
1652706053.113589, sdrt-health/mac:02010b41cdec/antenna/tag/e2806894000050038662154f, 83
1652706053.127767, sdrt-health/mac:02010b41cdec/antenna/tag/e2806894000050038661fd4f, 90
1652706053.157624, sdrt-health/mac:02010b41cdec/antenna/tag/e28068940000400386621d4f, 77
1652706053.157858, sdrt-health/mac:02010b41cdec/antenna/tag/e2806894000050038662194f, 83
1652706053.173856, sdrt-health/mac:02010b41cdec/antenna/tag/e2806894000050038661fd4f, 83
1652706053.216494, sdrt-health/mac:02010b41cdec/antenna/tag/e28068940000400386621d4f, 77
1652706053.325913, sdrt-health/mac:02010b41cdec/antenna/tag/e2806894000040038662114f, 85
1652706053.326482, sdrt-health/mac:02010b41cdec/antenna/tag/e2806894000050038662194f, 81
1652706053.355735, sdrt-health/mac:02010b41cdec/antenna/tag/e2806894000050038661fd4f, 90
1652706053.412772, sdrt-health/mac:02010b41cdec/antenna/tag/e2806894000050038662194f, 81
1652706053.413231, sdrt-health/mac:02010b41cdec/antenna/tag/e2806894000040038662114f, 88
1652706053.44568, sdrt-health/mac:02010b41cdec/antenna/tag/e28068940000500386620d4f, 87
1652706053.531771, sdrt-health/mac:02010b41cdec/antenna/tag/e28068940000400386621d4f, 77
1652706053.532235, sdrt-health/mac:02010b41cdec/antenna/tag/e2806894000040038662114f, 88
1652706053.549955, sdrt-health/mac:02010b41cdec/antenna/tag/e2806894000050038661fd4f, 86
1652706053.559905, sdrt-health/mac:02010b41cdec/antenna/tag/e2806894000050038661fd4f, 86
1652706053.566997, sdrt-health/mac:02010b41cdec/antenna/tag/e28068940000400386621d4f, 96
1652706053.615444, sdrt-health/mac:02010b41cdec/antenna/tag/e2806894000050038662154f, 93
1652706053.692373, sdrt-health/mac:02010b41cdec/antenna/tag/e2806894000040038662054f, 84
1652706053.692876, sdrt-health/mac:02010b41cdec/antenna/tag/e2806894000040038662114f, 91
1652706053.871678, sdrt-health/mac:02010b41cdec/antenna/tag/e28068940000500386620d4f, 85
1652706053.903795, sdrt-health/mac:02010b41cdec/antenna/tag/e28068940000400386621d4f, 96
1652706053.904362, sdrt-health/mac:02010b41cdec/antenna/tag/e28068940000400386621d4f, 77
1652706053.904744, sdrt-health/mac:02010b41cdec/antenna/tag/e2806894000050038662194f, 94
1652706053.905145, sdrt-health/mac:02010b41cdec/antenna/tag/e28068940000500386620d4f, 87
1652706053.905507, sdrt-health/mac:02010b41cdec/antenna/tag/e2806894000050038661fd4f, 86
1652706053.948948, sdrt-health/mac:02010b41cdec/antenna/tag/e2806894000050038661fd4f, 90
1652706054.037333, sdrt-health/mac:02010b41cdec/antenna/tag/e2806894000050038662194f, 81
1652706054.086319, sdrt-health/mac:02010b41cdec/antenna/tag/e28068940000400386621d4f, 90
1652706054.149351, sdrt-health/mac:02010b41cdec/antenna/tag/e2806894000050038662154f, 85
1652706054.150019, sdrt-health/mac:02010b41cdec/antenna/tag/e2806894000040038662114f, 91
1652706054.189426, sdrt-health/mac:02010b41cdec/antenna/tag/e2806894000050038662194f, 81
1652706054.235437, sdrt-health/mac:02010b41cdec/antenna/tag/e2806894000040038662114f, 88
1652706054.277343, sdrt-health/mac:02010b41cdec/antenna/tag/e2806894000050038662154f, 81
1652706054.350226, sdrt-health/mac:02010b41cdec/antenna/tag/e2806894000040038662054f, 88
1652706054.394986, sdrt-health/mac:02010b41cdec/antenna/tag/e28068940000400386621d4f, 96
1652706054.437674, sdrt-health/mac:02010b41cdec/antenna/tag/e2806894000050038662194f, 81
1652706054.485214, sdrt-health/mac:02010b41cdec/antenna/tag/e2806894000050038662154f, 87
1652706054.535572, sdrt-health/mac:02010b41cdec/antenna/tag/e2806894000050038661fd4f, 86
1652706054.598663, sdrt-health/mac:02010b41cdec/antenna/tag/e28068940000500386620d4f, 88
1652706054.633731, sdrt-health/mac:02010b41cdec/antenna/tag/e2806894000050038662154f, 85
1652706054.677644, sdrt-health/mac:02010b41cdec/antenna/tag/e2806894000040038662114f, 88
1652706054.726388, sdrt-health/mac:02010b41cdec/antenna/tag/e2806894000050038662154f, 81
1652706054.758413, sdrt-health/mac:02010b41cdec/antenna/tag/e28068940000400386621d4f, 96
1652706054.758714, sdrt-health/mac:02010b41cdec/antenna/tag/e2806894000040038662114f, 88
1652706054.773843, sdrt-health/mac:02010b41cdec/antenna/tag/e2806894000050038662194f, 94
1652706054.814599, sdrt-health/mac:02010b41cdec/antenna/tag/e2806894000040038662114f, 85
1652706054.856021, sdrt-health/mac:02010b41cdec/antenna/tag/e28068940000500386620d4f, 85
1652706054.895762, sdrt-health/mac:02010b41cdec/antenna/tag/e2806894000050038662154f, 85
1652706054.929262, sdrt-health/mac:02010b41cdec/antenna/tag/e2806894000050038661fd4f, 90
1652706054.929777, sdrt-health/mac:02010b41cdec/antenna/tag/e28068940000400386621d4f, 96
1652706054.944478, sdrt-health/mac:02010b41cdec/antenna/tag/e2806894000040038662114f, 88
1652706054.989912, sdrt-health/mac:02010b41cdec/antenna/tag/e2806894000040038662054f, 82
1652706055.021592, sdrt-health/mac:02010b41cdec/antenna/tag/e28068940000500386620d4f, 93
1652706055.021933, sdrt-health/mac:02010b41cdec/antenna/tag/e2806894000040038662114f, 91
1652706055.037039, sdrt-health/mac:02010b41cdec/antenna/tag/e28068940000400386621d4f, 96
1652706055.037388, sdrt-health/mac:02010b41cdec/antenna/tag/e2806894000050038662154f, 85
1652706055.037745, sdrt-health/mac:02010b41cdec/antenna/tag/e2806894000040038662114f, 91
1652706055.087781, sdrt-health/mac:02010b41cdec/antenna/tag/e28068940000500386620d4f, 85
1652706055.133728, sdrt-health/mac:02010b41cdec/antenna/tag/e2806894000050038662154f, 93
1652706055.19216, sdrt-health/mac:02010b41cdec/antenna/tag/e28068940000500386620d4f, 93
1652706055.19265, sdrt-health/mac:02010b41cdec/antenna/tag/e2806894000050038661fd4f, 90
1652706055.23032, sdrt-health/mac:02010b41cdec/antenna/tag/e2806894000040038662114f, 88
1652706055.274629, sdrt-health/mac:02010b41cdec/antenna/tag/e2806894000050038661fd4f, 86
1652706055.332994, sdrt-health/mac:02010b41cdec/antenna/tag/e28068940000400386621d4f, 90
1652706055.333561, sdrt-health/mac:02010b41cdec/antenna/tag/e2806894000040038662114f, 85
1652706055.348305, sdrt-health/mac:02010b41cdec/antenna/tag/e2806894000050038661fd4f, 90
1652706055.366207, sdrt-health/mac:02010b41cdec/antenna/tag/e2806894000050038661fd4f, 86
1652706055.432935, sdrt-health/mac:02010b41cdec/antenna/tag/e2806894000040038662114f, 88
1652706055.43315, sdrt-health/mac:02010b41cdec/antenna/tag/e2806894000040038662114f, 88
1652706055.447096, sdrt-health/mac:02010b41cdec/antenna/tag/e2806894000050038661fd4f, 86
1652706055.475013, sdrt-health/mac:02010b41cdec/antenna/tag/e2806894000040038662114f, 85
1652706055.475219, sdrt-health/mac:02010b41cdec/antenna/tag/e2806894000050038661fd4f, 86
1652706055.514495, sdrt-health/mac:02010b41cdec/antenna/tag/e2806894000050038662154f, 91
1652706055.574135, sdrt-health/mac:02010b41cdec/antenna/tag/e2806894000040038662114f, 85
1652706055.614434, sdrt-health/mac:02010b41cdec/antenna/tag/e2806894000050038662154f, 85
1652706055.669192, sdrt-health/mac:02010b41cdec/antenna/tag/e2806894000050038662194f, 83
1652706055.669389, sdrt-health/mac:02010b41cdec/antenna/tag/e28068940000500386620d4f, 83
1652706055.694132, sdrt-health/mac:02010b41cdec/antenna/tag/e28068940000500386620d4f, 93
1652706055.744098, sdrt-health/mac:02010b41cdec/antenna/tag/e2806894000050038661fd4f, 86
1652706055.776577, sdrt-health/mac:02010b41cdec/antenna/tag/e28068940000500386620d4f, 85
1652706055.776822, sdrt-health/mac:02010b41cdec/antenna/tag/e2806894000040038662114f, 91
1652706055.791934, sdrt-health/mac:02010b41cdec/antenna/tag/e2806894000050038661fd4f, 86
1652706055.792177, sdrt-health/mac:02010b41cdec/antenna/tag/e2806894000050038662154f, 85
1652706055.835056, sdrt-health/mac:02010b41cdec/antenna/tag/e28068940000500386620d4f, 85
1652706056.112225, sdrt-health/mac:02010b41cdec/antenna/tag/e28068940000400386621d4f, 96
1652706056.144027, sdrt-health/mac:02010b41cdec/antenna/tag/e2806894000050038661fd4f, 86
1652706056.144223, sdrt-health/mac:02010b41cdec/antenna/tag/e28068940000500386620d4f, 93
1652706056.144345, sdrt-health/mac:02010b41cdec/antenna/tag/e2806894000040038662114f, 88
1652706056.144459, sdrt-health/mac:02010b41cdec/antenna/tag/e28068940000400386621d4f, 96
1652706056.144587, sdrt-health/mac:02010b41cdec/antenna/tag/e2806894000040038662114f, 91
1652706056.144698, sdrt-health/mac:02010b41cdec/antenna/tag/e2806894000050038662154f, 85
1652706056.144807, sdrt-health/mac:02010b41cdec/antenna/tag/e28068940000400386621d4f, 96
1652706056.144929, sdrt-health/mac:02010b41cdec/antenna/tag/e2806894000050038661fd4f, 90
1652706056.14504, sdrt-health/mac:02010b41cdec/antenna/tag/e2806894000040038662114f, 85
1652706056.145157, sdrt-health/mac:02010b41cdec/antenna/tag/e2806894000050038662154f, 85
1652706056.145267, sdrt-health/mac:02010b41cdec/antenna/tag/e2806894000040038662114f, 88
1652706056.191056, sdrt-health/mac:02010b41cdec/antenna/tag/e28068940000500386620d4f, 85
1652706056.220949, sdrt-health/mac:02010b41cdec/antenna/tag/e28068940000400386621d4f, 90
1652706056.221322, sdrt-health/mac:02010b41cdec/antenna/tag/e2806894000040038662114f, 88
1652706056.221606, sdrt-health/mac:02010b41cdec/antenna/tag/e2806894000050038661fd4f, 86
1652706056.221835, sdrt-health/mac:02010b41cdec/antenna/tag/e28068940000400386621d4f, 90
1652706056.235839, sdrt-health/mac:02010b41cdec/antenna/tag/e2806894000040038662214f, 94
1652706056.277552, sdrt-health/mac:02010b41cdec/antenna/tag/e2806894000040038662054f, 83
1652706056.324209, sdrt-health/mac:02010b41cdec/antenna/tag/e28068940000500386620d4f, 85
1652706056.37431, sdrt-health/mac:02010b41cdec/antenna/tag/e2806894000050038661fd4f, 86
1652706056.416021, sdrt-health/mac:02010b41cdec/antenna/tag/e2806894000050038662154f, 93
1652706056.445944, sdrt-health/mac:02010b41cdec/antenna/tag/e2806894000040038662114f, 91
1652706056.446126, sdrt-health/mac:02010b41cdec/antenna/tag/e28068940000400386621d4f, 90
1652706056.460594, sdrt-health/mac:02010b41cdec/antenna/tag/e28068940000400386621d4f, 90
1652706056.46083, sdrt-health/mac:02010b41cdec/antenna/tag/e2806894000050038661fd4f, 86
1652706056.838223, sdrt-health/mac:02010b41cdec/antenna/tag/e2806894000040038662114f, 88
1652706056.862643, sdrt-health/mac:02010b41cdec/antenna/tag/e2806894000050038661fd4f, 90
1652706056.894577, sdrt-health/mac:02010b41cdec/antenna/tag/e2806894000050038661fd4f, 90
1652706056.894953, sdrt-health/mac:02010b41cdec/antenna/tag/e28068940000500386620d4f, 87
1652706056.895234, sdrt-health/mac:02010b41cdec/antenna/tag/e28068940000500386620d4f, 85
1652706056.895461, sdrt-health/mac:02010b41cdec/antenna/tag/e2806894000050038661fd4f, 90
1652706056.895714, sdrt-health/mac:02010b41cdec/antenna/tag/e2806894000040038661f94f, 83
1652706056.934896, sdrt-health/mac:02010b41cdec/antenna/tag/e2806894000050038662194f, 84
1652706056.964118, sdrt-health/mac:02010b41cdec/antenna/tag/e28068940000400386621d4f, 77
1652706056.964527, sdrt-health/mac:02010b41cdec/antenna/tag/e2806894000040038662114f, 88
1652706056.964869, sdrt-health/mac:02010b41cdec/antenna/tag/e28068940000400386621d4f, 96
1652706056.989868, sdrt-health/mac:02010b41cdec/antenna/tag/e2806894000050038661fd4f, 90
1652706057.062252, sdrt-health/mac:02010b41cdec/antenna/tag/e2806894000050038662194f, 83
1652706057.062743, sdrt-health/mac:02010b41cdec/antenna/tag/e28068940000500386620d4f, 85
1652706057.095176, sdrt-health/mac:02010b41cdec/antenna/tag/e28068940000400386621d4f, 96
1652706057.135134, sdrt-health/mac:02010b41cdec/antenna/tag/e2806894000050038662154f, 85
1652706057.19098, sdrt-health/mac:02010b41cdec/antenna/tag/e2806894000040038662114f, 88
1652706057.191495, sdrt-health/mac:02010b41cdec/antenna/tag/e2806894000050038662154f, 93
1652706057.214991, sdrt-health/mac:02010b41cdec/antenna/tag/e2806894000040038661f94f, 88
1652706057.254725, sdrt-health/mac:02010b41cdec/antenna/tag/e2806894000040038662054f, 84
1652706057.294745, sdrt-health/mac:02010b41cdec/antenna/tag/e2806894000050038661fd4f, 90
1652706057.354519, sdrt-health/mac:02010b41cdec/antenna/tag/e2806894000050038661fd4f, 86
1652706057.446843, sdrt-health/mac:02010b41cdec/antenna/tag/e28068940000500386620d4f, 85
1652706057.495746, sdrt-health/mac:02010b41cdec/antenna/tag/e2806894000050038662194f, 84
1652706057.537559, sdrt-health/mac:02010b41cdec/antenna/tag/e28068940000400386621d4f, 96
1652706057.59928, sdrt-health/mac:02010b41cdec/antenna/tag/e2806894000040038662114f, 85
1652706057.599759, sdrt-health/mac:02010b41cdec/antenna/tag/e2806894000050038662154f, 85
1652706057.614907, sdrt-health/mac:02010b41cdec/antenna/tag/e28068940000400386621d4f, 90
1652706057.637452, sdrt-health/mac:02010b41cdec/antenna/tag/e2806894000050038662154f, 85
1652706057.750446, sdrt-health/mac:02010b41cdec/antenna/tag/e2806894000050038661fd4f, 90
1652706057.750906, sdrt-health/mac:02010b41cdec/antenna/tag/e2806894000040038662214f, 84
1652706057.765552, sdrt-health/mac:02010b41cdec/antenna/tag/e2806894000050038661fd4f, 86
1652706057.766089, sdrt-health/mac:02010b41cdec/antenna/tag/e2806894000040038661f94f, 88
1652706057.766408, sdrt-health/mac:02010b41cdec/antenna/tag/e2806894000040038662054f, 81
1652706057.893318, sdrt-health/mac:02010b41cdec/antenna/tag/e28068940000400386621d4f, 96
1652706058.047066, sdrt-health/mac:02010b41cdec/antenna/tag/e2806894000050038662154f, 85
1652706058.081574, sdrt-health/mac:02010b41cdec/antenna/tag/e2806894000040038662054f, 84
1652706058.082099, sdrt-health/mac:02010b41cdec/antenna/tag/e2806894000050038661fd4f, 90
1652706058.082653, sdrt-health/mac:02010b41cdec/antenna/tag/e28068940000500386620d4f, 93
1652706058.083033, sdrt-health/mac:02010b41cdec/antenna/tag/e2806894000040038662114f, 85
1652706058.083453, sdrt-health/mac:02010b41cdec/antenna/tag/e28068940000400386621d4f, 90
1652706058.084017, sdrt-health/mac:02010b41cdec/antenna/tag/e28068940000500386620d4f, 93
1652706058.102251, sdrt-health/mac:02010b41cdec/antenna/tag/e2806894000040038662054f, 84
1652706058.102578, sdrt-health/mac:02010b41cdec/antenna/tag/e2806894000050038662194f, 94
1652706058.102755, sdrt-health/mac:02010b41cdec/antenna/tag/e2806894000040038662214f, 94
1652706058.144024, sdrt-health/mac:02010b41cdec/antenna/tag/e2806894000040038662114f, 85
1652706058.212602, sdrt-health/mac:02010b41cdec/antenna/tag/e2806894000050038661fd4f, 83
1652706058.213151, sdrt-health/mac:02010b41cdec/antenna/tag/e2806894000040038662114f, 85
1652706058.244782, sdrt-health/mac:02010b41cdec/antenna/tag/e2806894000040038661f94f, 88
1652706058.295938, sdrt-health/mac:02010b41cdec/antenna/tag/e2806894000040038662054f, 84
1652706058.35111, sdrt-health/mac:02010b41cdec/antenna/tag/e2806894000050038661fd4f, 83
1652706058.351585, sdrt-health/mac:02010b41cdec/antenna/tag/e2806894000050038662154f, 88
1652706058.374125, sdrt-health/mac:02010b41cdec/antenna/tag/e2806894000050038662154f, 88
1652706058.415062, sdrt-health/mac:02010b41cdec/antenna/tag/e2806894000050038661fd4f, 86
1652706058.462105, sdrt-health/mac:02010b41cdec/antenna/tag/e2806894000040038662114f, 88
1652706058.462656, sdrt-health/mac:02010b41cdec/antenna/tag/e28068940000500386620d4f, 85
1652706058.463689, sdrt-health/mac:02010b41cdec/antenna/tag/e2806894000050038662154f, 85
1652706058.487461, sdrt-health/mac:02010b41cdec/antenna/tag/e2806894000050038662154f, 85
1652706058.53502, sdrt-health/mac:02010b41cdec/antenna/tag/e28068940000500386620d4f, 85
1652706058.565237, sdrt-health/mac:02010b41cdec/antenna/tag/e2806894000050038662154f, 85
1652706058.565695, sdrt-health/mac:02010b41cdec/antenna/tag/e28068940000500386620d4f, 85
1652706058.581845, sdrt-health/mac:02010b41cdec/antenna/tag/e2806894000040038662114f, 85
1652706058.625427, sdrt-health/mac:02010b41cdec/antenna/tag/e2806894000050038661fd4f, 90
1652706058.688225, sdrt-health/mac:02010b41cdec/antenna/tag/e2806894000050038662194f, 87
1652706058.688724, sdrt-health/mac:02010b41cdec/antenna/tag/e2806894000050038662154f, 93
1652706058.7049, sdrt-health/mac:02010b41cdec/antenna/tag/e2806894000050038662194f, 87
1652706058.725676, sdrt-health/mac:02010b41cdec/antenna/tag/e28068940000500386620d4f, 93
1652706058.7924, sdrt-health/mac:02010b41cdec/antenna/tag/e28068940000500386620d4f, 87
1652706058.792909, sdrt-health/mac:02010b41cdec/antenna/tag/e2806894000050038661fd4f, 86
1652706058.809139, sdrt-health/mac:02010b41cdec/antenna/tag/e2806894000050038661fd4f, 86
1652706058.809476, sdrt-health/mac:02010b41cdec/antenna/tag/e28068940000500386620d4f, 87
1652706058.876199, sdrt-health/mac:02010b41cdec/antenna/tag/e2806894000050038662154f, 87
1652706059.016616, sdrt-health/mac:02010b41cdec/antenna/tag/e28068940000400386621d4f, 96
1652706059.057563, sdrt-health/mac:02010b41cdec/antenna/tag/e2806894000050038662154f, 87
1652706059.057868, sdrt-health/mac:02010b41cdec/antenna/tag/e2806894000050038661fd4f, 86
1652706059.05806, sdrt-health/mac:02010b41cdec/antenna/tag/e2806894000050038662154f, 85
1652706059.073581, sdrt-health/mac:02010b41cdec/antenna/tag/e28068940000500386620d4f, 85
1652706059.073869, sdrt-health/mac:02010b41cdec/antenna/tag/e28068940000400386621d4f, 90
1652706059.074083, sdrt-health/mac:02010b41cdec/antenna/tag/e2806894000050038661fd4f, 90
1652706059.105127, sdrt-health/mac:02010b41cdec/antenna/tag/e2806894000050038661fd4f, 86
1652706059.151803, sdrt-health/mac:02010b41cdec/antenna/tag/e2806894000050038662194f, 81
1652706059.198042, sdrt-health/mac:02010b41cdec/antenna/tag/e2806894000050038662154f, 83
1652706059.271439, sdrt-health/mac:02010b41cdec/antenna/tag/e2806894000050038662194f, 94
1652706059.271904, sdrt-health/mac:02010b41cdec/antenna/tag/e28068940000500386620d4f, 88
1652706059.296536, sdrt-health/mac:02010b41cdec/antenna/tag/e28068940000400386621d4f, 77
1652706059.326397, sdrt-health/mac:02010b41cdec/antenna/tag/e2806894000050038661fd4f, 86
1652706059.326642, sdrt-health/mac:02010b41cdec/antenna/tag/e28068940000400386621d4f, 96
1652706059.34141, sdrt-health/mac:02010b41cdec/antenna/tag/e2806894000050038662154f, 93
1652706059.38963, sdrt-health/mac:02010b41cdec/antenna/tag/e2806894000040038662054f, 83
1652706059.456172, sdrt-health/mac:02010b41cdec/antenna/tag/e28068940000400386621d4f, 77
1652706059.456672, sdrt-health/mac:02010b41cdec/antenna/tag/e28068940000500386620d4f, 93
1652706059.471117, sdrt-health/mac:02010b41cdec/antenna/tag/e2806894000040038662214f, 84
1652706059.476752, sdrt-health/mac:02010b41cdec/antenna/tag/e2806894000050038661fd4f, 86
1652706059.525271, sdrt-health/mac:02010b41cdec/antenna/tag/e2806894000050038662194f, 83
1652706059.561501, sdrt-health/mac:02010b41cdec/antenna/tag/e2806894000040038662114f, 88
1652706059.56184, sdrt-health/mac:02010b41cdec/antenna/tag/e2806894000050038662154f, 83
1652706059.582117, sdrt-health/mac:02010b41cdec/antenna/tag/e2806894000050038661fd4f, 86
1652706059.582691, sdrt-health/mac:02010b41cdec/antenna/tag/e2806894000040038662114f, 88
1652706059.615437, sdrt-health/mac:02010b41cdec/antenna/tag/e28068940000400386621d4f, 77
1652706059.665008, sdrt-health/mac:02010b41cdec/antenna/tag/e2806894000040038662114f, 88
1652706059.699744, sdrt-health/mac:02010b41cdec/antenna/tag/e2806894000040038661f94f, 88
1652706059.700007, sdrt-health/mac:02010b41cdec/antenna/tag/e28068940000400386621d4f, 77
1652706059.719003, sdrt-health/mac:02010b41cdec/antenna/tag/e2806894000040038662114f, 85
1652706059.71928, sdrt-health/mac:02010b41cdec/antenna/tag/e28068940000400386621d4f, 77
1652706059.755402, sdrt-health/mac:02010b41cdec/antenna/tag/e2806894000050038662154f, 87
1652706059.815198, sdrt-health/mac:02010b41cdec/antenna/tag/e2806894000040038662114f, 88
1652706059.870125, sdrt-health/mac:02010b41cdec/antenna/tag/e2806894000040038662114f, 88
1652706059.899435, sdrt-health/mac:02010b41cdec/antenna/tag/e28068940000500386620d4f, 85
1652706059.900082, sdrt-health/mac:02010b41cdec/antenna/tag/e2806894000050038662154f, 87
1652706059.935507, sdrt-health/mac:02010b41cdec/antenna/tag/e2806894000050038662194f, 81
1652706060.013716, sdrt-health/mac:02010b41cdec/antenna/tag/e2806894000050038661fd4f, 86
1652706060.047508, sdrt-health/mac:02010b41cdec/antenna/tag/e28068940000500386620d4f, 87
1652706060.04776, sdrt-health/mac:02010b41cdec/antenna/tag/e28068940000400386621d4f, 77
1652706060.063578, sdrt-health/mac:02010b41cdec/antenna/tag/e28068940000400386621d4f, 90
1652706060.063792, sdrt-health/mac:02010b41cdec/antenna/tag/e28068940000400386621d4f, 90
1652706060.109447, sdrt-health/mac:02010b41cdec/antenna/tag/e28068940000400386621d4f, 96
1652706060.154726, sdrt-health/mac:02010b41cdec/antenna/tag/e2806894000050038661fd4f, 86
1652706060.202724, sdrt-health/mac:02010b41cdec/antenna/tag/e28068940000500386620d4f, 85
1652706060.203254, sdrt-health/mac:02010b41cdec/antenna/tag/e28068940000400386621d4f, 96
1652706060.223037, sdrt-health/mac:02010b41cdec/antenna/tag/e2806894000050038662154f, 85
1652706060.277637, sdrt-health/mac:02010b41cdec/antenna/tag/e2806894000040038662114f, 91
1652706060.325005, sdrt-health/mac:02010b41cdec/antenna/tag/e2806894000050038662194f, 87
1652706060.375341, sdrt-health/mac:02010b41cdec/antenna/tag/e28068940000400386621d4f, 77
1652706060.459209, sdrt-health/mac:02010b41cdec/antenna/tag/e28068940000500386620d4f, 93
1652706060.45968, sdrt-health/mac:02010b41cdec/antenna/tag/e2806894000050038661fd4f, 86
1652706060.492176, sdrt-health/mac:02010b41cdec/antenna/tag/e2806894000040038662114f, 85
1652706060.729145, sdrt-health/mac:02010b41cdec/antenna/tag/e28068940000400386621d4f, 96
1652706060.758405, sdrt-health/mac:02010b41cdec/antenna/tag/e2806894000050038662194f, 103
1652706060.758873, sdrt-health/mac:02010b41cdec/antenna/tag/e2806894000050038661fd4f, 86
1652706060.789005, sdrt-health/mac:02010b41cdec/antenna/tag/e2806894000050038661fd4f, 86
1652706060.789335, sdrt-health/mac:02010b41cdec/antenna/tag/e2806894000050038661fd4f, 86
1652706060.789603, sdrt-health/mac:02010b41cdec/antenna/tag/e28068940000500386620d4f, 87
1652706060.813723, sdrt-health/mac:02010b41cdec/antenna/tag/e2806894000040038662054f, 84
1652706060.881588, sdrt-health/mac:02010b41cdec/antenna/tag/e2806894000050038662194f, 81
1652706060.882264, sdrt-health/mac:02010b41cdec/antenna/tag/e2806894000040038661f94f, 88
1652706060.917332, sdrt-health/mac:02010b41cdec/antenna/tag/e28068940000400386621d4f, 77
1652706060.979275, sdrt-health/mac:02010b41cdec/antenna/tag/e2806894000040038662114f, 88
1652706060.979747, sdrt-health/mac:02010b41cdec/antenna/tag/e2806894000050038662194f, 87
1652706060.995335, sdrt-health/mac:02010b41cdec/antenna/tag/e28068940000500386620d4f, 87
1652706060.995826, sdrt-health/mac:02010b41cdec/antenna/tag/e2806894000040038662114f, 85
1652706060.996226, sdrt-health/mac:02010b41cdec/antenna/tag/e2806894000050038661fd4f, 86
1652706061.01655, sdrt-health/mac:02010b41cdec/antenna/tag/e2806894000050038662194f, 81
1652706061.086741, sdrt-health/mac:02010b41cdec/antenna/tag/e2806894000040038662114f, 88
1652706061.087362, sdrt-health/mac:02010b41cdec/antenna/tag/e2806894000050038662194f, 83
1652706061.087778, sdrt-health/mac:02010b41cdec/antenna/tag/e2806894000050038661fd4f, 86
1652706061.101589, sdrt-health/mac:02010b41cdec/antenna/tag/e28068940000400386621d4f, 96
1652706061.118682, sdrt-health/mac:02010b41cdec/antenna/tag/e2806894000050038662154f, 88
1652706061.191676, sdrt-health/mac:02010b41cdec/antenna/tag/e2806894000050038661fd4f, 90
1652706061.193054, sdrt-health/mac:02010b41cdec/antenna/tag/e2806894000040038662114f, 88
1652706061.206681, sdrt-health/mac:02010b41cdec/antenna/tag/e28068940000400386621d4f, 96
1652706061.228882, sdrt-health/mac:02010b41cdec/antenna/tag/e2806894000050038661fd4f, 83
1652706061.292331, sdrt-health/mac:02010b41cdec/antenna/tag/e28068940000400386621d4f, 96
1652706061.29278, sdrt-health/mac:02010b41cdec/antenna/tag/e2806894000050038662154f, 81
1652706061.311112, sdrt-health/mac:02010b41cdec/antenna/tag/e28068940000500386620d4f, 85
1652706061.34742, sdrt-health/mac:02010b41cdec/antenna/tag/e2806894000040038662114f, 88
1652706061.347836, sdrt-health/mac:02010b41cdec/antenna/tag/e2806894000050038661fd4f, 90
1652706061.377409, sdrt-health/mac:02010b41cdec/antenna/tag/e2806894000050038662154f, 85
1652706061.411407, sdrt-health/mac:02010b41cdec/antenna/tag/e28068940000500386620d4f, 93
1652706061.411674, sdrt-health/mac:02010b41cdec/antenna/tag/e28068940000500386620d4f, 93
1652706061.411841, sdrt-health/mac:02010b41cdec/antenna/tag/e2806894000040038662114f, 85
1652706061.425223, sdrt-health/mac:02010b41cdec/antenna/tag/e2806894000040038662114f, 85
1652706061.425455, sdrt-health/mac:02010b41cdec/antenna/tag/e2806894000050038662154f, 85
1652706061.425607, sdrt-health/mac:02010b41cdec/antenna/tag/e28068940000400386621d4f, 90
1652706061.425751, sdrt-health/mac:02010b41cdec/antenna/tag/e28068940000500386620d4f, 87
1652706061.478666, sdrt-health/mac:02010b41cdec/antenna/tag/e28068940000400386621d4f, 96
1652706061.525078, sdrt-health/mac:02010b41cdec/antenna/tag/e2806894000050038661fd4f, 90
1652706061.645304, sdrt-health/mac:02010b41cdec/antenna/tag/e28068940000500386620d4f, 93
1652706061.685663, sdrt-health/mac:02010b41cdec/antenna/tag/e2806894000040038662114f, 88
1652706061.736079, sdrt-health/mac:02010b41cdec/antenna/tag/e2806894000040038662114f, 88
1652706061.7751, sdrt-health/mac:02010b41cdec/antenna/tag/e2806894000050038662154f, 88
1652706061.830902, sdrt-health/mac:02010b41cdec/antenna/tag/e28068940000500386620d4f, 88
1652706061.831415, sdrt-health/mac:02010b41cdec/antenna/tag/e28068940000400386621d4f, 90
1652706061.845387, sdrt-health/mac:02010b41cdec/antenna/tag/e28068940000500386620d4f, 93
1652706061.86995, sdrt-health/mac:02010b41cdec/antenna/tag/e28068940000400386621d4f, 77
1652706061.92156, sdrt-health/mac:02010b41cdec/antenna/tag/e2806894000050038662194f, 81
1652706061.97537, sdrt-health/mac:02010b41cdec/antenna/tag/e2806894000050038662154f, 83
1652706061.975845, sdrt-health/mac:02010b41cdec/antenna/tag/e28068940000400386621d4f, 77
1652706062.004619, sdrt-health/mac:02010b41cdec/antenna/tag/e2806894000040038662114f, 91
1652706062.114957, sdrt-health/mac:02010b41cdec/antenna/tag/e28068940000500386620d4f, 85
1652706062.115418, sdrt-health/mac:02010b41cdec/antenna/tag/e2806894000050038662194f, 81
1652706062.146006, sdrt-health/mac:02010b41cdec/antenna/tag/e2806894000040038662114f, 88
1652706062.190978, sdrt-health/mac:02010b41cdec/antenna/tag/e2806894000040038662114f, 88
1652706062.235187, sdrt-health/mac:02010b41cdec/antenna/tag/e28068940000400386621d4f, 90
1652706062.277825, sdrt-health/mac:02010b41cdec/antenna/tag/e28068940000500386620d4f, 93
1652706062.357274, sdrt-health/mac:02010b41cdec/antenna/tag/e28068940000400386621d4f, 90
1652706062.385906, sdrt-health/mac:02010b41cdec/antenna/tag/e2806894000040038662114f, 85
1652706062.386454, sdrt-health/mac:02010b41cdec/antenna/tag/e2806894000040038662114f, 88
1652706062.404564, sdrt-health/mac:02010b41cdec/antenna/tag/e2806894000040038662114f, 85
1652706062.433046, sdrt-health/mac:02010b41cdec/antenna/tag/e28068940000400386621d4f, 96
1652706062.433415, sdrt-health/mac:02010b41cdec/antenna/tag/e2806894000040038662114f, 85
1652706062.433752, sdrt-health/mac:02010b41cdec/antenna/tag/e28068940000500386620d4f, 93
1652706062.455466, sdrt-health/mac:02010b41cdec/antenna/tag/e2806894000050038661fd4f, 90
1652706062.518894, sdrt-health/mac:02010b41cdec/antenna/tag/e2806894000040038662114f, 88
1652706062.553579, sdrt-health/mac:02010b41cdec/antenna/tag/e28068940000400386621d4f, 96
1652706062.61436, sdrt-health/mac:02010b41cdec/antenna/tag/e2806894000040038662114f, 85
1652706062.614862, sdrt-health/mac:02010b41cdec/antenna/tag/e2806894000050038661fd4f, 90
1652706062.645887, sdrt-health/mac:02010b41cdec/antenna/tag/e2806894000050038661fd4f, 86
1652706062.694781, sdrt-health/mac:02010b41cdec/antenna/tag/e2806894000050038662154f, 88
1652706062.772148, sdrt-health/mac:02010b41cdec/antenna/tag/e2806894000050038662154f, 85
1652706062.772674, sdrt-health/mac:02010b41cdec/antenna/tag/e2806894000050038662154f, 93
1652706062.804294, sdrt-health/mac:02010b41cdec/antenna/tag/e2806894000040038662214f, 84
1652706062.855495, sdrt-health/mac:02010b41cdec/antenna/tag/e2806894000040038662114f, 85
1652706062.895239, sdrt-health/mac:02010b41cdec/antenna/tag/e2806894000050038662154f, 93
1652706062.949988, sdrt-health/mac:02010b41cdec/antenna/tag/e2806894000040038662114f, 88
1652706062.950498, sdrt-health/mac:02010b41cdec/antenna/tag/e28068940000500386620d4f, 85
1652706062.966786, sdrt-health/mac:02010b41cdec/antenna/tag/e2806894000050038662154f, 85
1652706062.997268, sdrt-health/mac:02010b41cdec/antenna/tag/e2806894000040038662114f, 88
1652706063.103936, sdrt-health/mac:02010b41cdec/antenna/tag/e28068940000500386620d4f, 85
1652706063.137806, sdrt-health/mac:02010b41cdec/antenna/tag/e2806894000040038662054f, 84
1652706063.138334, sdrt-health/mac:02010b41cdec/antenna/tag/e2806894000050038661fd4f, 90
1652706063.153013, sdrt-health/mac:02010b41cdec/antenna/tag/e2806894000040038662114f, 88
1652706063.203506, sdrt-health/mac:02010b41cdec/antenna/tag/e28068940000400386621d4f, 90
1652706063.255394, sdrt-health/mac:02010b41cdec/antenna/tag/e28068940000400386621d4f, 96
1652706063.308686, sdrt-health/mac:02010b41cdec/antenna/tag/e2806894000050038661fd4f, 90
1652706063.309113, sdrt-health/mac:02010b41cdec/antenna/tag/e28068940000400386621d4f, 77
1652706063.334388, sdrt-health/mac:02010b41cdec/antenna/tag/e2806894000040038661f94f, 81
1652706063.423878, sdrt-health/mac:02010b41cdec/antenna/tag/e28068940000500386620d4f, 87
1652706063.424474, sdrt-health/mac:02010b41cdec/antenna/tag/e2806894000040038662114f, 88
1652706063.454054, sdrt-health/mac:02010b41cdec/antenna/tag/e28068940000400386621d4f, 96
1652706063.585921, sdrt-health/mac:02010b41cdec/antenna/tag/e2806894000040038662114f, 88
1652706063.586438, sdrt-health/mac:02010b41cdec/antenna/tag/e2806894000050038662194f, 81
1652706063.631874, sdrt-health/mac:02010b41cdec/antenna/tag/e2806894000050038661fd4f, 86
1652706063.790742, sdrt-health/mac:02010b41cdec/antenna/tag/scan, scan stopped
