1652705628.319696, sdrt-health/mac:02010b41cdec/antenna/power/set, {"power": 290}
1652705629.398241, sdrt-health/mac:02010b41cdec/antenna/power/set, 
1652705630.717928, sdrt-health/mac:02010b41cdec/antenna/state, connected
1652705630.718421, sdrt-health/mac:02010b41cdec/fw, {"version":"1.8.1","model":"200","hash":"2f556501b58f1dad542af428d7928d18","timestamp":1652705627}
1652705630.897122, sdrt-health/mac:02010b41cdec/antenna/version, J.6.6/V0121-04
1652705631.118137, sdrt-health/mac:02010b41cdec/antenna/power, 29
1652705633.341896, sdrt-health/mac:02010b41cdec/antenna/tag/scan, {"time": 20000}
1652705633.676612, sdrt-health/mac:02010b41cdec/antenna/tag/e2806894000040038662114f, 85
1652705633.726646, sdrt-health/mac:02010b41cdec/antenna/tag/e2806894000050038661fd4f, 86
1652705633.765597, sdrt-health/mac:02010b41cdec/antenna/tag/e2806894000040038662114f, 88
1652705633.824118, sdrt-health/mac:02010b41cdec/antenna/tag/e2806894000050038662154f, 88
1652705633.885181, sdrt-health/mac:02010b41cdec/antenna/tag/e28068940000500386620d4f, 85
1652705633.885504, sdrt-health/mac:02010b41cdec/antenna/tag/e2806894000040038662214f, 94
1652705633.885732, sdrt-health/mac:02010b41cdec/antenna/tag/e28068940000500386620d4f, 87
1652705633.885947, sdrt-health/mac:02010b41cdec/antenna/tag/e2806894000040038661f94f, 88
1652705633.915743, sdrt-health/mac:02010b41cdec/antenna/tag/e2806894000050038661fd4f, 83
1652705633.958536, sdrt-health/mac:02010b41cdec/antenna/tag/e2806894000050038662194f, 81
1652705634.005041, sdrt-health/mac:02010b41cdec/antenna/tag/e2806894000050038662154f, 88
1652705634.148331, sdrt-health/mac:02010b41cdec/antenna/tag/e2806894000040038662114f, 88
1652705634.148882, sdrt-health/mac:02010b41cdec/antenna/tag/e2806894000050038662154f, 93
1652705634.198427, sdrt-health/mac:02010b41cdec/antenna/tag/e28068940000500386620d4f, 85
1652705634.26027, sdrt-health/mac:02010b41cdec/antenna/tag/e2806894000050038661fd4f, 86
1652705634.260823, sdrt-health/mac:02010b41cdec/antenna/tag/e2806894000050038661fd4f, 90
1652705634.276583, sdrt-health/mac:02010b41cdec/antenna/tag/e28068940000400386621d4f, 90
1652705634.277154, sdrt-health/mac:02010b41cdec/antenna/tag/e2806894000050038662154f, 85
1652705634.296143, sdrt-health/mac:02010b41cdec/antenna/tag/e28068940000500386620d4f, 93
1652705634.350026, sdrt-health/mac:02010b41cdec/antenna/tag/e2806894000040038662114f, 88
1652705634.350471, sdrt-health/mac:02010b41cdec/antenna/tag/e28068940000500386620d4f, 93
1652705634.386008, sdrt-health/mac:02010b41cdec/antenna/tag/e2806894000050038662154f, 87
1652705634.430729, sdrt-health/mac:02010b41cdec/antenna/tag/e2806894000050038662194f, 83
1652705634.475644, sdrt-health/mac:02010b41cdec/antenna/tag/e28068940000500386620d4f, 93
1652705634.519419, sdrt-health/mac:02010b41cdec/antenna/tag/e28068940000500386620d4f, 93
1652705634.580555, sdrt-health/mac:02010b41cdec/antenna/tag/e2806894000050038661fd4f, 86
1652705634.581011, sdrt-health/mac:02010b41cdec/antenna/tag/e2806894000050038662154f, 85
1652705634.593831, sdrt-health/mac:02010b41cdec/antenna/tag/e2806894000050038661fd4f, 86
1652705634.615248, sdrt-health/mac:02010b41cdec/antenna/tag/e2806894000040038662114f, 88
1652705634.670717, sdrt-health/mac:02010b41cdec/antenna/tag/e2806894000040038662114f, 88
1652705634.72955, sdrt-health/mac:02010b41cdec/antenna/tag/e2806894000050038661fd4f, 86
1652705634.729973, sdrt-health/mac:02010b41cdec/antenna/tag/e28068940000400386621d4f, 96
1652705634.74332, sdrt-health/mac:02010b41cdec/antenna/tag/e2806894000050038662154f, 85
1652705634.743706, sdrt-health/mac:02010b41cdec/antenna/tag/e2806894000040038662114f, 88
1652705634.743995, sdrt-health/mac:02010b41cdec/antenna/tag/e2806894000040038662114f, 88
1652705634.758746, sdrt-health/mac:02010b41cdec/antenna/tag/e2806894000040038662114f, 85
1652705634.805199, sdrt-health/mac:02010b41cdec/antenna/tag/e2806894000050038661fd4f, 83
1652705634.885703, sdrt-health/mac:02010b41cdec/antenna/tag/e28068940000500386620d4f, 83
1652705634.943684, sdrt-health/mac:02010b41cdec/antenna/tag/e28068940000400386621d4f, 77
1652705635.006015, sdrt-health/mac:02010b41cdec/antenna/tag/e2806894000050038661fd4f, 83
1652705635.006575, sdrt-health/mac:02010b41cdec/antenna/tag/e2806894000040038662114f, 85
1652705635.01979, sdrt-health/mac:02010b41cdec/antenna/tag/e2806894000050038662154f, 83
1652705635.020161, sdrt-health/mac:02010b41cdec/antenna/tag/e2806894000050038661fd4f, 83
1652705635.035948, sdrt-health/mac:02010b41cdec/antenna/tag/e28068940000500386620d4f, 87
1652705635.064129, sdrt-health/mac:02010b41cdec/antenna/tag/e28068940000400386621d4f, 96
1652705635.064433, sdrt-health/mac:02010b41cdec/antenna/tag/e2806894000040038662114f, 85
1652705635.077936, sdrt-health/mac:02010b41cdec/antenna/tag/e2806894000050038661fd4f, 86
1652705635.139038, sdrt-health/mac:02010b41cdec/antenna/tag/e28068940000400386621d4f, 96
1652705635.139485, sdrt-health/mac:02010b41cdec/antenna/tag/e2806894000050038662154f, 88
1652705635.151947, sdrt-health/mac:02010b41cdec/antenna/tag/e28068940000500386620d4f, 85
1652705635.17521, sdrt-health/mac:02010b41cdec/antenna/tag/e28068940000500386620d4f, 93
1652705635.204682, sdrt-health/mac:02010b41cdec/antenna/tag/e2806894000040038662114f, 88
1652705635.204936, sdrt-health/mac:02010b41cdec/antenna/tag/e2806894000040038662114f, 88
1652705635.205113, sdrt-health/mac:02010b41cdec/antenna/tag/e28068940000500386620d4f, 85
1652705635.205307, sdrt-health/mac:02010b41cdec/antenna/tag/e28068940000400386621d4f, 90
1652705635.230616, sdrt-health/mac:02010b41cdec/antenna/tag/e2806894000050038662154f, 85
1652705635.283177, sdrt-health/mac:02010b41cdec/antenna/tag/e28068940000500386620d4f, 93
1652705635.350694, sdrt-health/mac:02010b41cdec/antenna/tag/e28068940000500386620d4f, 85
1652705635.35124, sdrt-health/mac:02010b41cdec/antenna/tag/e28068940000500386620d4f, 85
1652705635.366427, sdrt-health/mac:02010b41cdec/antenna/tag/e2806894000050038662154f, 93
1652705635.390481, sdrt-health/mac:02010b41cdec/antenna/tag/e2806894000050038662154f, 85
1652705635.437744, sdrt-health/mac:02010b41cdec/antenna/tag/e2806894000050038662154f, 81
1652705635.485796, sdrt-health/mac:02010b41cdec/antenna/tag/e2806894000050038661fd4f, 86
1652705635.513778, sdrt-health/mac:02010b41cdec/antenna/tag/e2806894000050038662154f, 81
1652705635.514033, sdrt-health/mac:02010b41cdec/antenna/tag/e2806894000050038661fd4f, 83
1652705635.576101, sdrt-health/mac:02010b41cdec/antenna/tag/e28068940000400386621d4f, 96
1652705635.655927, sdrt-health/mac:02010b41cdec/antenna/tag/e2806894000040038662114f, 88
1652705635.726628, sdrt-health/mac:02010b41cdec/antenna/tag/e2806894000050038662154f, 93
1652705635.727024, sdrt-health/mac:02010b41cdec/antenna/tag/e2806894000050038662154f, 85
1652705635.74056, sdrt-health/mac:02010b41cdec/antenna/tag/e2806894000050038662154f, 85
1652705635.755188, sdrt-health/mac:02010b41cdec/antenna/tag/e2806894000050038662154f, 85
1652705635.811151, sdrt-health/mac:02010b41cdec/antenna/tag/e2806894000050038661fd4f, 86
1652705635.811636, sdrt-health/mac:02010b41cdec/antenna/tag/e2806894000040038662114f, 88
1652705635.84549, sdrt-health/mac:02010b41cdec/antenna/tag/e2806894000050038662194f, 94
1652705635.895341, sdrt-health/mac:02010b41cdec/antenna/tag/e28068940000400386621d4f, 90
1652705635.950882, sdrt-health/mac:02010b41cdec/antenna/tag/e2806894000050038662194f, 81
1652705635.951401, sdrt-health/mac:02010b41cdec/antenna/tag/e28068940000500386620d4f, 81
1652705635.9858, sdrt-health/mac:02010b41cdec/antenna/tag/e2806894000040038662114f, 87
1652705636.090158, sdrt-health/mac:02010b41cdec/antenna/tag/e2806894000050038662154f, 87
1652705636.090951, sdrt-health/mac:02010b41cdec/antenna/tag/e28068940000400386621d4f, 77
1652705636.163753, sdrt-health/mac:02010b41cdec/antenna/tag/e2806894000040038662114f, 88
1652705636.193461, sdrt-health/mac:02010b41cdec/antenna/tag/e28068940000400386621d4f, 77
1652705636.193966, sdrt-health/mac:02010b41cdec/antenna/tag/e2806894000050038662154f, 87
1652705636.214778, sdrt-health/mac:02010b41cdec/antenna/tag/e2806894000040038662114f, 85
1652705636.270722, sdrt-health/mac:02010b41cdec/antenna/tag/e2806894000050038662194f, 81
1652705636.27126, sdrt-health/mac:02010b41cdec/antenna/tag/e2806894000040038662114f, 93
1652705636.323606, sdrt-health/mac:02010b41cdec/antenna/tag/e28068940000400386621d4f, 77
1652705636.37593, sdrt-health/mac:02010b41cdec/antenna/tag/e2806894000040038662114f, 85
1652705636.414844, sdrt-health/mac:02010b41cdec/antenna/tag/e2806894000050038662194f, 88
1652705636.45479, sdrt-health/mac:02010b41cdec/antenna/tag/e28068940000500386620d4f, 85
1652705636.508644, sdrt-health/mac:02010b41cdec/antenna/tag/e2806894000050038661fd4f, 86
1652705636.508868, sdrt-health/mac:02010b41cdec/antenna/tag/e28068940000400386621d4f, 96
1652705636.5222, sdrt-health/mac:02010b41cdec/antenna/tag/e28068940000500386620d4f, 87
1652705636.533874, sdrt-health/mac:02010b41cdec/antenna/tag/e2806894000050038662154f, 85
1652705636.536055, sdrt-health/mac:02010b41cdec/antenna/tag/e2806894000040038662114f, 88
1652705636.536375, sdrt-health/mac:02010b41cdec/antenna/tag/e28068940000500386620d4f, 81
1652705636.57525, sdrt-health/mac:02010b41cdec/antenna/tag/e2806894000040038662114f, 85
1652705636.623379, sdrt-health/mac:02010b41cdec/antenna/tag/e28068940000500386620d4f, 87
1652705636.683968, sdrt-health/mac:02010b41cdec/antenna/tag/e28068940000400386621d4f, 77
1652705636.684475, sdrt-health/mac:02010b41cdec/antenna/tag/e28068940000400386621d4f, 77
1652705636.714959, sdrt-health/mac:02010b41cdec/antenna/tag/e2806894000040038662114f, 91
1652705636.766979, sdrt-health/mac:02010b41cdec/antenna/tag/e2806894000050038661fd4f, 86
1652705636.819796, sdrt-health/mac:02010b41cdec/antenna/tag/e2806894000040038662114f, 88
1652705636.820176, sdrt-health/mac:02010b41cdec/antenna/tag/e2806894000050038662154f, 85
1652705636.862159, sdrt-health/mac:02010b41cdec/antenna/tag/e2806894000050038661fd4f, 86
1652705636.920787, sdrt-health/mac:02010b41cdec/antenna/tag/e2806894000050038662154f, 93
1652705636.965316, sdrt-health/mac:02010b41cdec/antenna/tag/e28068940000400386621d4f, 77
1652705637.01672, sdrt-health/mac:02010b41cdec/antenna/tag/e2806894000050038662154f, 83
1652705637.070825, sdrt-health/mac:02010b41cdec/antenna/tag/e2806894000040038662114f, 85
1652705637.071286, sdrt-health/mac:02010b41cdec/antenna/tag/e2806894000050038661fd4f, 86
1652705637.084997, sdrt-health/mac:02010b41cdec/antenna/tag/e2806894000050038662194f, 81
1652705637.112982, sdrt-health/mac:02010b41cdec/antenna/tag/e2806894000050038661fd4f, 90
1652705637.159587, sdrt-health/mac:02010b41cdec/antenna/tag/e2806894000050038661fd4f, 86
1652705637.206146, sdrt-health/mac:02010b41cdec/antenna/tag/e2806894000050038661fd4f, 90
1652705637.282102, sdrt-health/mac:02010b41cdec/antenna/tag/e28068940000500386620d4f, 93
1652705637.282584, sdrt-health/mac:02010b41cdec/antenna/tag/e2806894000050038661fd4f, 90
1652705637.296631, sdrt-health/mac:02010b41cdec/antenna/tag/e28068940000400386621d4f, 90
1652705637.319594, sdrt-health/mac:02010b41cdec/antenna/tag/e28068940000500386620d4f, 85
1652705637.349337, sdrt-health/mac:02010b41cdec/antenna/tag/e2806894000040038662114f, 88
1652705637.349597, sdrt-health/mac:02010b41cdec/antenna/tag/e2806894000050038662154f, 85
1652705637.406815, sdrt-health/mac:02010b41cdec/antenna/tag/e2806894000050038662154f, 87
1652705637.455754, sdrt-health/mac:02010b41cdec/antenna/tag/e2806894000040038662114f, 85
1652705637.510225, sdrt-health/mac:02010b41cdec/antenna/tag/e2806894000050038662194f, 84
1652705637.510712, sdrt-health/mac:02010b41cdec/antenna/tag/e2806894000050038662194f, 88
1652705637.52402, sdrt-health/mac:02010b41cdec/antenna/tag/e2806894000050038662154f, 83
1652705637.535771, sdrt-health/mac:02010b41cdec/antenna/tag/e2806894000050038662194f, 94
1652705637.53729, sdrt-health/mac:02010b41cdec/antenna/tag/e28068940000500386620d4f, 87
1652705637.575229, sdrt-health/mac:02010b41cdec/antenna/tag/e2806894000050038662154f, 87
1652705637.630788, sdrt-health/mac:02010b41cdec/antenna/tag/e2806894000050038661fd4f, 86
1652705637.631204, sdrt-health/mac:02010b41cdec/antenna/tag/e2806894000050038661fd4f, 86
1652705637.655424, sdrt-health/mac:02010b41cdec/antenna/tag/e2806894000050038662154f, 83
1652705637.760037, sdrt-health/mac:02010b41cdec/antenna/tag/e28068940000500386620d4f, 83
1652705637.760489, sdrt-health/mac:02010b41cdec/antenna/tag/e28068940000500386620d4f, 85
1652705637.827213, sdrt-health/mac:02010b41cdec/antenna/tag/e28068940000400386621d4f, 96
1652705637.870556, sdrt-health/mac:02010b41cdec/antenna/tag/e28068940000500386620d4f, 85
1652705637.935622, sdrt-health/mac:02010b41cdec/antenna/tag/e2806894000050038661fd4f, 83
1652705638.040187, sdrt-health/mac:02010b41cdec/antenna/tag/e2806894000050038662154f, 85
1652705638.087942, sdrt-health/mac:02010b41cdec/antenna/tag/e28068940000500386620d4f, 93
1652705638.1186, sdrt-health/mac:02010b41cdec/antenna/tag/e2806894000050038662154f, 85
1652705638.119085, sdrt-health/mac:02010b41cdec/antenna/tag/e28068940000400386621d4f, 90
1652705638.136415, sdrt-health/mac:02010b41cdec/antenna/tag/e2806894000050038661fd4f, 86
1652705638.190364, sdrt-health/mac:02010b41cdec/antenna/tag/e2806894000040038662114f, 88
1652705638.308697, sdrt-health/mac:02010b41cdec/antenna/tag/e2806894000040038662114f, 91
1652705638.309275, sdrt-health/mac:02010b41cdec/antenna/tag/e2806894000050038662154f, 93
1652705638.359436, sdrt-health/mac:02010b41cdec/antenna/tag/e2806894000050038661fd4f, 90
1652705638.419595, sdrt-health/mac:02010b41cdec/antenna/tag/e2806894000050038662154f, 93
1652705638.420093, sdrt-health/mac:02010b41cdec/antenna/tag/e2806894000050038662154f, 85
1652705638.455748, sdrt-health/mac:02010b41cdec/antenna/tag/e28068940000400386621d4f, 96
1652705638.48358, sdrt-health/mac:02010b41cdec/antenna/tag/e28068940000500386620d4f, 93
1652705638.483852, sdrt-health/mac:02010b41cdec/antenna/tag/e2806894000040038662114f, 85
1652705638.484052, sdrt-health/mac:02010b41cdec/antenna/tag/e2806894000050038661fd4f, 86
1652705638.545816, sdrt-health/mac:02010b41cdec/antenna/tag/e2806894000050038662154f, 83
1652705638.589626, sdrt-health/mac:02010b41cdec/antenna/tag/e2806894000040038662114f, 85
1652705638.618801, sdrt-health/mac:02010b41cdec/antenna/tag/e28068940000400386621d4f, 96
1652705638.61915, sdrt-health/mac:02010b41cdec/antenna/tag/e2806894000050038661fd4f, 86
1652705638.635642, sdrt-health/mac:02010b41cdec/antenna/tag/e2806894000050038662154f, 87
1652705638.695757, sdrt-health/mac:02010b41cdec/antenna/tag/e2806894000050038662194f, 94
1652705638.696265, sdrt-health/mac:02010b41cdec/antenna/tag/e28068940000400386621d4f, 96
1652705638.725596, sdrt-health/mac:02010b41cdec/antenna/tag/e28068940000500386620d4f, 85
1652705638.755632, sdrt-health/mac:02010b41cdec/antenna/tag/e2806894000040038662114f, 88
1652705638.755968, sdrt-health/mac:02010b41cdec/antenna/tag/e2806894000050038662154f, 88
1652705638.774993, sdrt-health/mac:02010b41cdec/antenna/tag/e2806894000050038662154f, 87
1652705638.815462, sdrt-health/mac:02010b41cdec/antenna/tag/e28068940000400386621d4f, 96
1652705638.86991, sdrt-health/mac:02010b41cdec/antenna/tag/e28068940000500386620d4f, 85
1652705638.870411, sdrt-health/mac:02010b41cdec/antenna/tag/e2806894000050038661fd4f, 90
1652705638.884259, sdrt-health/mac:02010b41cdec/antenna/tag/e2806894000050038662194f, 81
1652705638.887393, sdrt-health/mac:02010b41cdec/antenna/tag/e28068940000400386621d4f, 90
1652705638.936592, sdrt-health/mac:02010b41cdec/antenna/tag/e28068940000500386620d4f, 93
1652705638.991339, sdrt-health/mac:02010b41cdec/antenna/tag/e28068940000400386621d4f, 96
1652705639.081485, sdrt-health/mac:02010b41cdec/antenna/tag/e28068940000400386621d4f, 96
1652705639.127036, sdrt-health/mac:02010b41cdec/antenna/tag/e28068940000500386620d4f, 85
1652705639.190316, sdrt-health/mac:02010b41cdec/antenna/tag/e2806894000050038661fd4f, 86
1652705639.190908, sdrt-health/mac:02010b41cdec/antenna/tag/e2806894000050038662154f, 85
1652705639.205033, sdrt-health/mac:02010b41cdec/antenna/tag/e2806894000050038661fd4f, 86
1652705639.215144, sdrt-health/mac:02010b41cdec/antenna/tag/e2806894000050038662154f, 85
1652705639.220311, sdrt-health/mac:02010b41cdec/antenna/tag/e28068940000500386620d4f, 93
1652705639.220568, sdrt-health/mac:02010b41cdec/antenna/tag/e2806894000040038662114f, 85
1652705639.272946, sdrt-health/mac:02010b41cdec/antenna/tag/e2806894000050038661fd4f, 90
1652705639.3419, sdrt-health/mac:02010b41cdec/antenna/tag/e2806894000040038662114f, 91
1652705639.342389, sdrt-health/mac:02010b41cdec/antenna/tag/e28068940000500386620d4f, 85
1652705639.342726, sdrt-health/mac:02010b41cdec/antenna/tag/e2806894000050038662154f, 88
1652705639.355911, sdrt-health/mac:02010b41cdec/antenna/tag/e2806894000040038662114f, 85
1652705639.37724, sdrt-health/mac:02010b41cdec/antenna/tag/e28068940000400386621d4f, 96
1652705639.406223, sdrt-health/mac:02010b41cdec/antenna/tag/e2806894000050038661fd4f, 86
1652705639.406601, sdrt-health/mac:02010b41cdec/antenna/tag/e28068940000400386621d4f, 96
1652705639.424683, sdrt-health/mac:02010b41cdec/antenna/tag/e28068940000500386620d4f, 85
1652705639.470607, sdrt-health/mac:02010b41cdec/antenna/tag/e2806894000040038662054f, 88
1652705639.529947, sdrt-health/mac:02010b41cdec/antenna/tag/e28068940000500386620d4f, 87
1652705639.530303, sdrt-health/mac:02010b41cdec/antenna/tag/e28068940000400386621d4f, 77
1652705639.543978, sdrt-health/mac:02010b41cdec/antenna/tag/e2806894000040038662214f, 94
1652705639.558709, sdrt-health/mac:02010b41cdec/antenna/tag/e2806894000050038662154f, 85
1652705639.606067, sdrt-health/mac:02010b41cdec/antenna/tag/e2806894000050038661fd4f, 86
1652705639.738, sdrt-health/mac:02010b41cdec/antenna/tag/e28068940000400386621d4f, 90
1652705639.738485, sdrt-health/mac:02010b41cdec/antenna/tag/e2806894000050038662154f, 93
1652705639.752892, sdrt-health/mac:02010b41cdec/antenna/tag/e2806894000040038662114f, 85
1652705639.753385, sdrt-health/mac:02010b41cdec/antenna/tag/e2806894000040038662114f, 85
1652705639.753735, sdrt-health/mac:02010b41cdec/antenna/tag/e2806894000050038661fd4f, 90
1652705639.768246, sdrt-health/mac:02010b41cdec/antenna/tag/e2806894000050038661fd4f, 86
1652705639.768504, sdrt-health/mac:02010b41cdec/antenna/tag/e2806894000040038662114f, 88
1652705639.768708, sdrt-health/mac:02010b41cdec/antenna/tag/e2806894000040038662114f, 91
1652705639.768877, sdrt-health/mac:02010b41cdec/antenna/tag/e2806894000040038662114f, 91
1652705639.769045, sdrt-health/mac:02010b41cdec/antenna/tag/e28068940000400386621d4f, 90
1652705639.76922, sdrt-health/mac:02010b41cdec/antenna/tag/e2806894000050038662194f, 81
1652705639.81505, sdrt-health/mac:02010b41cdec/antenna/tag/e2806894000050038662154f, 85
1652705639.85623, sdrt-health/mac:02010b41cdec/antenna/tag/e28068940000500386620d4f, 93
1652705639.895589, sdrt-health/mac:02010b41cdec/antenna/tag/e2806894000040038662114f, 88
1652705639.953017, sdrt-health/mac:02010b41cdec/antenna/tag/e2806894000040038662114f, 91
1652705639.995833, sdrt-health/mac:02010b41cdec/antenna/tag/e2806894000040038662054f, 84
1652705640.039266, sdrt-health/mac:02010b41cdec/antenna/tag/e28068940000400386621d4f, 96
1652705640.099689, sdrt-health/mac:02010b41cdec/antenna/tag/e28068940000400386621d4f, 77
1652705640.10016, sdrt-health/mac:02010b41cdec/antenna/tag/e2806894000040038662114f, 85
1652705640.158684, sdrt-health/mac:02010b41cdec/antenna/tag/e2806894000050038662154f, 85
1652705640.227246, sdrt-health/mac:02010b41cdec/antenna/tag/e2806894000040038662114f, 88
1652705640.227722, sdrt-health/mac:02010b41cdec/antenna/tag/e28068940000500386620d4f, 85
1652705640.242335, sdrt-health/mac:02010b41cdec/antenna/tag/e2806894000040038662114f, 85
1652705640.242881, sdrt-health/mac:02010b41cdec/antenna/tag/e2806894000050038661fd4f, 90
1652705640.295973, sdrt-health/mac:02010b41cdec/antenna/tag/e28068940000500386620d4f, 93
1652705640.367723, sdrt-health/mac:02010b41cdec/antenna/tag/e28068940000400386621d4f, 96
1652705640.368224, sdrt-health/mac:02010b41cdec/antenna/tag/e2806894000040038662114f, 85
1652705640.382776, sdrt-health/mac:02010b41cdec/antenna/tag/e2806894000040038662114f, 85
1652705640.383102, sdrt-health/mac:02010b41cdec/antenna/tag/e2806894000040038662114f, 85
1652705640.383327, sdrt-health/mac:02010b41cdec/antenna/tag/e2806894000050038661fd4f, 86
1652705640.437003, sdrt-health/mac:02010b41cdec/antenna/tag/e28068940000400386621d4f, 77
1652705640.456292, sdrt-health/mac:02010b41cdec/antenna/tag/e28068940000400386621d4f, 96
1652705640.51137, sdrt-health/mac:02010b41cdec/antenna/tag/e2806894000040038662114f, 85
1652705640.570519, sdrt-health/mac:02010b41cdec/antenna/tag/e2806894000050038662194f, 84
1652705640.635014, sdrt-health/mac:02010b41cdec/antenna/tag/e2806894000050038662194f, 81
1652705640.647089, sdrt-health/mac:02010b41cdec/antenna/tag/e28068940000500386620d4f, 93
1652705640.650221, sdrt-health/mac:02010b41cdec/antenna/tag/e2806894000050038661fd4f, 90
1652705640.650773, sdrt-health/mac:02010b41cdec/antenna/tag/e2806894000050038662154f, 88
1652705640.705304, sdrt-health/mac:02010b41cdec/antenna/tag/e2806894000050038661fd4f, 90
1652705640.76635, sdrt-health/mac:02010b41cdec/antenna/tag/e28068940000500386620d4f, 85
1652705640.846833, sdrt-health/mac:02010b41cdec/antenna/tag/e28068940000400386621d4f, 90
1652705640.847309, sdrt-health/mac:02010b41cdec/antenna/tag/e28068940000400386621d4f, 90
1652705640.901253, sdrt-health/mac:02010b41cdec/antenna/tag/e2806894000050038661fd4f, 86
1652705640.973858, sdrt-health/mac:02010b41cdec/antenna/tag/e28068940000500386620d4f, 93
1652705640.974538, sdrt-health/mac:02010b41cdec/antenna/tag/e2806894000050038662194f, 81
1652705640.975062, sdrt-health/mac:02010b41cdec/antenna/tag/e28068940000500386620d4f, 87
1652705640.988051, sdrt-health/mac:02010b41cdec/antenna/tag/e2806894000050038661fd4f, 83
1652705640.988292, sdrt-health/mac:02010b41cdec/antenna/tag/e2806894000050038662194f, 81
1652705640.988461, sdrt-health/mac:02010b41cdec/antenna/tag/e28068940000500386620d4f, 87
1652705641.025935, sdrt-health/mac:02010b41cdec/antenna/tag/e28068940000400386621d4f, 90
1652705641.108479, sdrt-health/mac:02010b41cdec/antenna/tag/e2806894000040038662114f, 88
1652705641.177005, sdrt-health/mac:02010b41cdec/antenna/tag/e28068940000400386621d4f, 96
1652705641.177468, sdrt-health/mac:02010b41cdec/antenna/tag/e2806894000050038661fd4f, 86
1652705641.177836, sdrt-health/mac:02010b41cdec/antenna/tag/e2806894000040038662114f, 85
1652705641.191361, sdrt-health/mac:02010b41cdec/antenna/tag/e2806894000050038662154f, 85
1652705641.241539, sdrt-health/mac:02010b41cdec/antenna/tag/e28068940000500386620d4f, 93
1652705641.269295, sdrt-health/mac:02010b41cdec/antenna/tag/e2806894000040038662114f, 88
1652705641.269662, sdrt-health/mac:02010b41cdec/antenna/tag/e2806894000040038662114f, 85
1652705641.315535, sdrt-health/mac:02010b41cdec/antenna/tag/e2806894000050038662194f, 88
1652705641.385818, sdrt-health/mac:02010b41cdec/antenna/tag/e2806894000050038661fd4f, 86
1652705641.386306, sdrt-health/mac:02010b41cdec/antenna/tag/e2806894000050038662194f, 88
1652705641.411365, sdrt-health/mac:02010b41cdec/antenna/tag/e2806894000040038662114f, 85
1652705641.46535, sdrt-health/mac:02010b41cdec/antenna/tag/e2806894000050038662154f, 83
1652705641.506419, sdrt-health/mac:02010b41cdec/antenna/tag/e28068940000400386621d4f, 96
1652705641.506945, sdrt-health/mac:02010b41cdec/antenna/tag/e2806894000050038662154f, 83
1652705641.520746, sdrt-health/mac:02010b41cdec/antenna/tag/e28068940000500386620d4f, 87
1652705641.521051, sdrt-health/mac:02010b41cdec/antenna/tag/e2806894000050038661fd4f, 97
1652705641.551236, sdrt-health/mac:02010b41cdec/antenna/tag/e2806894000040038662114f, 88
1652705641.594657, sdrt-health/mac:02010b41cdec/antenna/tag/e28068940000500386620d4f, 87
1652705641.666033, sdrt-health/mac:02010b41cdec/antenna/tag/e28068940000500386620d4f, 88
1652705641.69464, sdrt-health/mac:02010b41cdec/antenna/tag/e2806894000050038661fd4f, 86
1652705641.694937, sdrt-health/mac:02010b41cdec/antenna/tag/e28068940000400386621d4f, 96
1652705641.711026, sdrt-health/mac:02010b41cdec/antenna/tag/e28068940000500386620d4f, 83
1652705641.773685, sdrt-health/mac:02010b41cdec/antenna/tag/e2806894000040038662114f, 88
1652705641.77414, sdrt-health/mac:02010b41cdec/antenna/tag/e28068940000500386620d4f, 93
1652705641.786868, sdrt-health/mac:02010b41cdec/antenna/tag/e28068940000500386620d4f, 85
1652705641.806251, sdrt-health/mac:02010b41cdec/antenna/tag/e28068940000500386620d4f, 93
1652705641.862106, sdrt-health/mac:02010b41cdec/antenna/tag/e2806894000050038661fd4f, 86
1652705641.863366, sdrt-health/mac:02010b41cdec/antenna/tag/e2806894000050038661fd4f, 90
1652705641.895529, sdrt-health/mac:02010b41cdec/antenna/tag/e2806894000050038662154f, 87
1652705641.936444, sdrt-health/mac:02010b41cdec/antenna/tag/e2806894000050038662154f, 81
1652705641.976585, sdrt-health/mac:02010b41cdec/antenna/tag/e28068940000500386620d4f, 93
1652705642.062382, sdrt-health/mac:02010b41cdec/antenna/tag/e2806894000050038661fd4f, 83
1652705642.062871, sdrt-health/mac:02010b41cdec/antenna/tag/e28068940000500386620d4f, 87
1652705642.075811, sdrt-health/mac:02010b41cdec/antenna/tag/e28068940000500386620d4f, 93
1652705642.111148, sdrt-health/mac:02010b41cdec/antenna/tag/e28068940000500386620d4f, 87
1652705642.111527, sdrt-health/mac:02010b41cdec/antenna/tag/e28068940000400386621d4f, 96
1652705642.111814, sdrt-health/mac:02010b41cdec/antenna/tag/e28068940000500386620d4f, 85
1652705642.163867, sdrt-health/mac:02010b41cdec/antenna/tag/e2806894000050038662194f, 81
1652705642.216469, sdrt-health/mac:02010b41cdec/antenna/tag/e28068940000500386620d4f, 85
1652705642.268724, sdrt-health/mac:02010b41cdec/antenna/tag/e2806894000050038661fd4f, 86
1652705642.26922, sdrt-health/mac:02010b41cdec/antenna/tag/e2806894000050038661fd4f, 90
1652705642.282451, sdrt-health/mac:02010b41cdec/antenna/tag/e28068940000500386620d4f, 93
1652705642.304746, sdrt-health/mac:02010b41cdec/antenna/tag/e2806894000040038662114f, 85
1652705642.374695, sdrt-health/mac:02010b41cdec/antenna/tag/e28068940000400386621d4f, 96
1652705642.375256, sdrt-health/mac:02010b41cdec/antenna/tag/e28068940000400386621d4f, 96
1652705642.405357, sdrt-health/mac:02010b41cdec/antenna/tag/e2806894000050038662194f, 81
1652705642.470882, sdrt-health/mac:02010b41cdec/antenna/tag/e2806894000050038661fd4f, 86
1652705642.471318, sdrt-health/mac:02010b41cdec/antenna/tag/e2806894000040038662114f, 91
1652705642.486445, sdrt-health/mac:02010b41cdec/antenna/tag/e2806894000040038662114f, 85
1652705642.524636, sdrt-health/mac:02010b41cdec/antenna/tag/e2806894000050038661fd4f, 86
1652705642.525055, sdrt-health/mac:02010b41cdec/antenna/tag/e28068940000500386620d4f, 85
1652705642.537701, sdrt-health/mac:02010b41cdec/antenna/tag/e2806894000050038662154f, 93
1652705642.563913, sdrt-health/mac:02010b41cdec/antenna/tag/e2806894000040038662114f, 93
1652705642.595013, sdrt-health/mac:02010b41cdec/antenna/tag/e28068940000400386621d4f, 96
1652705642.595276, sdrt-health/mac:02010b41cdec/antenna/tag/e2806894000040038662214f, 88
1652705642.614907, sdrt-health/mac:02010b41cdec/antenna/tag/e2806894000040038661f94f, 81
1652705642.671205, sdrt-health/mac:02010b41cdec/antenna/tag/e2806894000040038662214f, 81
1652705642.671728, sdrt-health/mac:02010b41cdec/antenna/tag/e2806894000040038661f94f, 88
1652705642.68654, sdrt-health/mac:02010b41cdec/antenna/tag/e2806894000040038662114f, 88
1652705642.706282, sdrt-health/mac:02010b41cdec/antenna/tag/e2806894000050038662154f, 83
1652705642.750312, sdrt-health/mac:02010b41cdec/antenna/tag/e28068940000500386620d4f, 93
1652705642.831374, sdrt-health/mac:02010b41cdec/antenna/tag/e2806894000050038662194f, 87
1652705642.831861, sdrt-health/mac:02010b41cdec/antenna/tag/e2806894000050038661fd4f, 86
1652705642.865732, sdrt-health/mac:02010b41cdec/antenna/tag/e28068940000400386621d4f, 77
1652705642.866193, sdrt-health/mac:02010b41cdec/antenna/tag/e28068940000500386620d4f, 87
1652705642.910677, sdrt-health/mac:02010b41cdec/antenna/tag/e2806894000040038662114f, 85
1652705642.971193, sdrt-health/mac:02010b41cdec/antenna/tag/e28068940000500386620d4f, 87
1652705642.971665, sdrt-health/mac:02010b41cdec/antenna/tag/e2806894000040038662114f, 85
1652705642.985919, sdrt-health/mac:02010b41cdec/antenna/tag/e28068940000500386620d4f, 87
1652705643.005051, sdrt-health/mac:02010b41cdec/antenna/tag/e2806894000050038662154f, 85
1652705643.056448, sdrt-health/mac:02010b41cdec/antenna/tag/e28068940000400386621d4f, 96
1652705643.095413, sdrt-health/mac:02010b41cdec/antenna/tag/e2806894000050038662154f, 81
1652705643.15007, sdrt-health/mac:02010b41cdec/antenna/tag/e2806894000050038662154f, 87
1652705643.150611, sdrt-health/mac:02010b41cdec/antenna/tag/e2806894000050038662154f, 83
1652705643.206556, sdrt-health/mac:02010b41cdec/antenna/tag/e28068940000400386621d4f, 90
1652705643.255907, sdrt-health/mac:02010b41cdec/antenna/tag/e2806894000050038661fd4f, 86
1652705643.295255, sdrt-health/mac:02010b41cdec/antenna/tag/e2806894000050038662154f, 85
1652705643.324356, sdrt-health/mac:02010b41cdec/antenna/tag/e28068940000400386621d4f, 90
1652705643.324872, sdrt-health/mac:02010b41cdec/antenna/tag/e2806894000050038661fd4f, 90
1652705643.710447, sdrt-health/mac:02010b41cdec/antenna/tag/e2806894000050038662194f, 83
1652705643.739212, sdrt-health/mac:02010b41cdec/antenna/tag/e2806894000040038662114f, 88
1652705643.739665, sdrt-health/mac:02010b41cdec/antenna/tag/e2806894000040038662114f, 85
1652705643.740045, sdrt-health/mac:02010b41cdec/antenna/tag/e28068940000400386621d4f, 77
1652705643.740368, sdrt-health/mac:02010b41cdec/antenna/tag/e2806894000050038662194f, 81
1652705643.740681, sdrt-health/mac:02010b41cdec/antenna/tag/e28068940000400386621d4f, 77
1652705643.741187, sdrt-health/mac:02010b41cdec/antenna/tag/e28068940000400386621d4f, 77
1652705643.741638, sdrt-health/mac:02010b41cdec/antenna/tag/e28068940000400386621d4f, 90
1652705643.754287, sdrt-health/mac:02010b41cdec/antenna/tag/e28068940000400386621d4f, 90
1652705643.783987, sdrt-health/mac:02010b41cdec/antenna/tag/e28068940000500386620d4f, 93
1652705643.784188, sdrt-health/mac:02010b41cdec/antenna/tag/e2806894000050038661fd4f, 86
1652705643.784324, sdrt-health/mac:02010b41cdec/antenna/tag/e2806894000050038662194f, 94
1652705643.853756, sdrt-health/mac:02010b41cdec/antenna/tag/e2806894000050038662154f, 93
1652705643.857055, sdrt-health/mac:02010b41cdec/antenna/tag/e2806894000040038662114f, 91
1652705643.868689, sdrt-health/mac:02010b41cdec/antenna/tag/e28068940000400386621d4f, 90
1652705643.869244, sdrt-health/mac:02010b41cdec/antenna/tag/e2806894000050038662194f, 81
1652705643.89609, sdrt-health/mac:02010b41cdec/antenna/tag/e28068940000500386620d4f, 85
1652705643.950875, sdrt-health/mac:02010b41cdec/antenna/tag/e28068940000500386620d4f, 87
1652705644.008662, sdrt-health/mac:02010b41cdec/antenna/tag/e2806894000050038661fd4f, 86
1652705644.00917, sdrt-health/mac:02010b41cdec/antenna/tag/e2806894000050038662154f, 93
1652705644.02145, sdrt-health/mac:02010b41cdec/antenna/tag/e2806894000050038662194f, 94
1652705644.045046, sdrt-health/mac:02010b41cdec/antenna/tag/e2806894000050038661fd4f, 86
1652705644.109624, sdrt-health/mac:02010b41cdec/antenna/tag/e2806894000050038662194f, 87
1652705644.15558, sdrt-health/mac:02010b41cdec/antenna/tag/e2806894000050038661fd4f, 86
1652705644.199754, sdrt-health/mac:02010b41cdec/antenna/tag/e28068940000500386620d4f, 83
1652705644.226167, sdrt-health/mac:02010b41cdec/antenna/tag/e2806894000050038661fd4f, 86
1652705644.226632, sdrt-health/mac:02010b41cdec/antenna/tag/e28068940000400386621d4f, 77
1652705644.227091, sdrt-health/mac:02010b41cdec/antenna/tag/e2806894000050038662154f, 83
1652705644.244077, sdrt-health/mac:02010b41cdec/antenna/tag/e2806894000040038662114f, 88
1652705644.295465, sdrt-health/mac:02010b41cdec/antenna/tag/e28068940000400386621d4f, 96
1652705644.336309, sdrt-health/mac:02010b41cdec/antenna/tag/e2806894000050038661fd4f, 86
1652705644.384354, sdrt-health/mac:02010b41cdec/antenna/tag/e2806894000050038661fd4f, 86
1652705644.430175, sdrt-health/mac:02010b41cdec/antenna/tag/e2806894000050038661fd4f, 86
1652705644.5118, sdrt-health/mac:02010b41cdec/antenna/tag/e2806894000050038661fd4f, 90
1652705644.55791, sdrt-health/mac:02010b41cdec/antenna/tag/e28068940000500386620d4f, 93
1652705644.585548, sdrt-health/mac:02010b41cdec/antenna/tag/e28068940000400386621d4f, 90
1652705644.585791, sdrt-health/mac:02010b41cdec/antenna/tag/e2806894000050038662154f, 85
1652705644.585946, sdrt-health/mac:02010b41cdec/antenna/tag/e28068940000500386620d4f, 93
1652705644.598582, sdrt-health/mac:02010b41cdec/antenna/tag/e2806894000040038662114f, 88
1652705644.598765, sdrt-health/mac:02010b41cdec/antenna/tag/e2806894000050038661fd4f, 90
1652705644.646172, sdrt-health/mac:02010b41cdec/antenna/tag/e2806894000050038661fd4f, 90
1652705644.69581, sdrt-health/mac:02010b41cdec/antenna/tag/e2806894000040038662114f, 88
1652705644.735675, sdrt-health/mac:02010b41cdec/antenna/tag/e28068940000400386621d4f, 90
1652705644.764322, sdrt-health/mac:02010b41cdec/antenna/tag/e28068940000500386620d4f, 85
1652705644.764563, sdrt-health/mac:02010b41cdec/antenna/tag/e2806894000050038662194f, 94
1652705644.79414, sdrt-health/mac:02010b41cdec/antenna/tag/e2806894000050038662154f, 85
1652705644.855724, sdrt-health/mac:02010b41cdec/antenna/tag/e28068940000500386620d4f, 87
1652705644.856223, sdrt-health/mac:02010b41cdec/antenna/tag/e2806894000050038662194f, 81
1652705644.870563, sdrt-health/mac:02010b41cdec/antenna/tag/e2806894000040038662114f, 85
1652705644.87105, sdrt-health/mac:02010b41cdec/antenna/tag/e2806894000050038662194f, 83
1652705644.871403, sdrt-health/mac:02010b41cdec/antenna/tag/e28068940000400386621d4f, 90
1652705644.896396, sdrt-health/mac:02010b41cdec/antenna/tag/e28068940000500386620d4f, 85
1652705644.953899, sdrt-health/mac:02010b41cdec/antenna/tag/e28068940000400386621d4f, 96
1652705645.013414, sdrt-health/mac:02010b41cdec/antenna/tag/e2806894000050038661fd4f, 90
1652705645.013701, sdrt-health/mac:02010b41cdec/antenna/tag/e28068940000400386621d4f, 90
1652705645.027366, sdrt-health/mac:02010b41cdec/antenna/tag/e2806894000050038662154f, 91
1652705645.070562, sdrt-health/mac:02010b41cdec/antenna/tag/e2806894000050038661fd4f, 86
1652705645.070843, sdrt-health/mac:02010b41cdec/antenna/tag/e28068940000500386620d4f, 93
1652705645.105607, sdrt-health/mac:02010b41cdec/antenna/tag/e28068940000500386620d4f, 93
1652705645.164735, sdrt-health/mac:02010b41cdec/antenna/tag/e28068940000500386620d4f, 85
1652705645.205788, sdrt-health/mac:02010b41cdec/antenna/tag/e28068940000400386621d4f, 96
1652705645.255538, sdrt-health/mac:02010b41cdec/antenna/tag/e28068940000400386621d4f, 96
1652705645.333025, sdrt-health/mac:02010b41cdec/antenna/tag/e28068940000500386620d4f, 85
1652705645.333537, sdrt-health/mac:02010b41cdec/antenna/tag/e2806894000050038662154f, 85
1652705645.365396, sdrt-health/mac:02010b41cdec/antenna/tag/e2806894000050038661fd4f, 86
1652705645.431787, sdrt-health/mac:02010b41cdec/antenna/tag/e2806894000040038662114f, 88
1652705645.432239, sdrt-health/mac:02010b41cdec/antenna/tag/e2806894000050038661fd4f, 86
1652705645.471522, sdrt-health/mac:02010b41cdec/antenna/tag/e2806894000040038662114f, 88
1652705645.539565, sdrt-health/mac:02010b41cdec/antenna/tag/e28068940000400386621d4f, 96
1652705645.540119, sdrt-health/mac:02010b41cdec/antenna/tag/e28068940000500386620d4f, 85
1652705645.554637, sdrt-health/mac:02010b41cdec/antenna/tag/e2806894000050038661fd4f, 86
1652705645.554914, sdrt-health/mac:02010b41cdec/antenna/tag/e2806894000040038662114f, 85
1652705645.574593, sdrt-health/mac:02010b41cdec/antenna/tag/e2806894000050038661fd4f, 90
1652705645.632119, sdrt-health/mac:02010b41cdec/antenna/tag/e2806894000040038662114f, 85
1652705645.632626, sdrt-health/mac:02010b41cdec/antenna/tag/e2806894000050038662154f, 85
1652705645.647313, sdrt-health/mac:02010b41cdec/antenna/tag/e28068940000400386621d4f, 96
1652705645.647591, sdrt-health/mac:02010b41cdec/antenna/tag/e2806894000050038661fd4f, 86
1652705645.647792, sdrt-health/mac:02010b41cdec/antenna/tag/e2806894000040038662114f, 88
1652705645.665589, sdrt-health/mac:02010b41cdec/antenna/tag/e28068940000500386620d4f, 87
1652705645.710676, sdrt-health/mac:02010b41cdec/antenna/tag/e28068940000400386621d4f, 90
1652705645.756086, sdrt-health/mac:02010b41cdec/antenna/tag/e28068940000400386621d4f, 90
1652705645.812829, sdrt-health/mac:02010b41cdec/antenna/tag/e2806894000040038662114f, 88
1652705645.813394, sdrt-health/mac:02010b41cdec/antenna/tag/e28068940000400386621d4f, 90
1652705645.82731, sdrt-health/mac:02010b41cdec/antenna/tag/e28068940000500386620d4f, 85
1652705645.845504, sdrt-health/mac:02010b41cdec/antenna/tag/e2806894000050038662154f, 85
1652705645.950587, sdrt-health/mac:02010b41cdec/antenna/tag/e2806894000050038661fd4f, 86
1652705645.951034, sdrt-health/mac:02010b41cdec/antenna/tag/e2806894000040038662214f, 81
1652705645.975522, sdrt-health/mac:02010b41cdec/antenna/tag/e2806894000040038661f94f, 100
1652705645.975991, sdrt-health/mac:02010b41cdec/antenna/tag/e2806894000050038661fd4f, 86
1652705645.990599, sdrt-health/mac:02010b41cdec/antenna/tag/e2806894000040038662114f, 85
1652705646.016725, sdrt-health/mac:02010b41cdec/antenna/tag/e28068940000500386620d4f, 93
1652705646.081491, sdrt-health/mac:02010b41cdec/antenna/tag/e28068940000400386621d4f, 77
1652705646.082018, sdrt-health/mac:02010b41cdec/antenna/tag/e2806894000050038661fd4f, 86
1652705646.120934, sdrt-health/mac:02010b41cdec/antenna/tag/e2806894000050038662154f, 85
1652705646.181201, sdrt-health/mac:02010b41cdec/antenna/tag/e2806894000040038662114f, 85
1652705646.181697, sdrt-health/mac:02010b41cdec/antenna/tag/e28068940000500386620d4f, 83
1652705646.195396, sdrt-health/mac:02010b41cdec/antenna/tag/e2806894000040038662114f, 88
1652705646.2153, sdrt-health/mac:02010b41cdec/antenna/tag/e2806894000040038662114f, 91
1652705646.284816, sdrt-health/mac:02010b41cdec/antenna/tag/e2806894000050038662154f, 93
1652705646.285379, sdrt-health/mac:02010b41cdec/antenna/tag/e2806894000040038662114f, 88
1652705646.315012, sdrt-health/mac:02010b41cdec/antenna/tag/e28068940000400386621d4f, 90
1652705646.388299, sdrt-health/mac:02010b41cdec/antenna/tag/e28068940000400386621d4f, 90
1652705646.418684, sdrt-health/mac:02010b41cdec/antenna/tag/e2806894000050038662194f, 83
1652705646.418968, sdrt-health/mac:02010b41cdec/antenna/tag/e28068940000500386620d4f, 93
1652705646.437902, sdrt-health/mac:02010b41cdec/antenna/tag/e28068940000400386621d4f, 90
1652705646.4671, sdrt-health/mac:02010b41cdec/antenna/tag/e2806894000050038662154f, 93
1652705646.467385, sdrt-health/mac:02010b41cdec/antenna/tag/e2806894000050038662154f, 93
1652705646.485137, sdrt-health/mac:02010b41cdec/antenna/tag/e2806894000040038661f94f, 82
1652705646.53648, sdrt-health/mac:02010b41cdec/antenna/tag/e28068940000500386620d4f, 93
1652705646.575029, sdrt-health/mac:02010b41cdec/antenna/tag/e2806894000040038662214f, 81
1652705646.615732, sdrt-health/mac:02010b41cdec/antenna/tag/e2806894000050038662154f, 85
1652705646.670035, sdrt-health/mac:02010b41cdec/antenna/tag/e28068940000500386620d4f, 93
1652705646.670477, sdrt-health/mac:02010b41cdec/antenna/tag/e2806894000040038662114f, 85
1652705646.706007, sdrt-health/mac:02010b41cdec/antenna/tag/e2806894000050038662154f, 85
1652705646.750483, sdrt-health/mac:02010b41cdec/antenna/tag/e2806894000040038662114f, 88
1652705646.816753, sdrt-health/mac:02010b41cdec/antenna/tag/e28068940000400386621d4f, 96
1652705646.817263, sdrt-health/mac:02010b41cdec/antenna/tag/e28068940000400386621d4f, 96
1652705646.83184, sdrt-health/mac:02010b41cdec/antenna/tag/e2806894000040038662114f, 88
1652705646.879157, sdrt-health/mac:02010b41cdec/antenna/tag/e2806894000040038662114f, 88
1652705646.879463, sdrt-health/mac:02010b41cdec/antenna/tag/e2806894000050038661fd4f, 83
1652705646.913246, sdrt-health/mac:02010b41cdec/antenna/tag/e2806894000040038661f94f, 88
1652705646.941892, sdrt-health/mac:02010b41cdec/antenna/tag/e2806894000040038662114f, 85
1652705646.942615, sdrt-health/mac:02010b41cdec/antenna/tag/e28068940000400386621d4f, 77
1652705646.963793, sdrt-health/mac:02010b41cdec/antenna/tag/e28068940000500386620d4f, 93
1652705647.03972, sdrt-health/mac:02010b41cdec/antenna/tag/e28068940000500386620d4f, 87
1652705647.04026, sdrt-health/mac:02010b41cdec/antenna/tag/e2806894000050038662194f, 81
1652705647.054319, sdrt-health/mac:02010b41cdec/antenna/tag/e28068940000400386621d4f, 96
1652705647.071723, sdrt-health/mac:02010b41cdec/antenna/tag/e2806894000050038661fd4f, 86
1652705647.100228, sdrt-health/mac:02010b41cdec/antenna/tag/e28068940000400386621d4f, 96
1652705647.100426, sdrt-health/mac:02010b41cdec/antenna/tag/e2806894000050038662154f, 88
1652705647.136865, sdrt-health/mac:02010b41cdec/antenna/tag/e28068940000400386621d4f, 90
1652705647.184121, sdrt-health/mac:02010b41cdec/antenna/tag/e2806894000050038662154f, 85
1652705647.246368, sdrt-health/mac:02010b41cdec/antenna/tag/e2806894000040038662114f, 85
1652705647.286642, sdrt-health/mac:02010b41cdec/antenna/tag/e28068940000500386620d4f, 93
1652705647.361866, sdrt-health/mac:02010b41cdec/antenna/tag/e2806894000050038662154f, 85
1652705647.362334, sdrt-health/mac:02010b41cdec/antenna/tag/e28068940000400386621d4f, 96
1652705647.376809, sdrt-health/mac:02010b41cdec/antenna/tag/e2806894000050038662154f, 85
1652705647.389167, sdrt-health/mac:02010b41cdec/antenna/tag/e2806894000050038662154f, 83
1652705647.390893, sdrt-health/mac:02010b41cdec/antenna/tag/e2806894000050038662154f, 87
1652705647.435239, sdrt-health/mac:02010b41cdec/antenna/tag/e2806894000050038662194f, 83
1652705647.479634, sdrt-health/mac:02010b41cdec/antenna/tag/e28068940000500386620d4f, 87
1652705647.540271, sdrt-health/mac:02010b41cdec/antenna/tag/e2806894000050038662154f, 93
1652705647.540856, sdrt-health/mac:02010b41cdec/antenna/tag/e28068940000400386621d4f, 90
1652705647.575248, sdrt-health/mac:02010b41cdec/antenna/tag/e28068940000500386620d4f, 85
1652705647.630327, sdrt-health/mac:02010b41cdec/antenna/tag/e2806894000050038662154f, 85
1652705647.630788, sdrt-health/mac:02010b41cdec/antenna/tag/e28068940000500386620d4f, 93
1652705647.665078, sdrt-health/mac:02010b41cdec/antenna/tag/e28068940000400386621d4f, 90
1652705647.710594, sdrt-health/mac:02010b41cdec/antenna/tag/e2806894000040038662114f, 91
1652705647.768726, sdrt-health/mac:02010b41cdec/antenna/tag/e28068940000500386620d4f, 87
1652705647.769172, sdrt-health/mac:02010b41cdec/antenna/tag/e28068940000500386620d4f, 93
1652705647.816136, sdrt-health/mac:02010b41cdec/antenna/tag/e2806894000050038662154f, 87
1652705647.855566, sdrt-health/mac:02010b41cdec/antenna/tag/e2806894000050038662154f, 87
1652705647.910028, sdrt-health/mac:02010b41cdec/antenna/tag/e2806894000050038662154f, 83
1652705647.910534, sdrt-health/mac:02010b41cdec/antenna/tag/e2806894000040038661f94f, 94
1652705647.925022, sdrt-health/mac:02010b41cdec/antenna/tag/e2806894000050038662154f, 81
1652705647.953376, sdrt-health/mac:02010b41cdec/antenna/tag/e2806894000040038662114f, 85
1652705647.953811, sdrt-health/mac:02010b41cdec/antenna/tag/e2806894000050038662154f, 83
1652705648.03854, sdrt-health/mac:02010b41cdec/antenna/tag/e28068940000500386620d4f, 93
1652705648.120412, sdrt-health/mac:02010b41cdec/antenna/tag/e28068940000500386620d4f, 93
1652705648.181144, sdrt-health/mac:02010b41cdec/antenna/tag/e2806894000040038662114f, 93
1652705648.181634, sdrt-health/mac:02010b41cdec/antenna/tag/e2806894000040038662114f, 88
1652705648.215405, sdrt-health/mac:02010b41cdec/antenna/tag/e28068940000400386621d4f, 90
1652705648.293563, sdrt-health/mac:02010b41cdec/antenna/tag/e28068940000500386620d4f, 93
1652705648.294029, sdrt-health/mac:02010b41cdec/antenna/tag/e2806894000050038662154f, 85
1652705648.324766, sdrt-health/mac:02010b41cdec/antenna/tag/e28068940000500386620d4f, 93
1652705648.351395, sdrt-health/mac:02010b41cdec/antenna/tag/e2806894000050038662194f, 83
1652705648.351695, sdrt-health/mac:02010b41cdec/antenna/tag/e28068940000500386620d4f, 93
1652705648.376164, sdrt-health/mac:02010b41cdec/antenna/tag/e2806894000050038662194f, 83
1652705648.444832, sdrt-health/mac:02010b41cdec/antenna/tag/e28068940000500386620d4f, 85
1652705648.445115, sdrt-health/mac:02010b41cdec/antenna/tag/e28068940000500386620d4f, 87
1652705648.474889, sdrt-health/mac:02010b41cdec/antenna/tag/e2806894000040038662114f, 85
1652705648.5718, sdrt-health/mac:02010b41cdec/antenna/tag/e2806894000050038662194f, 81
1652705648.5723, sdrt-health/mac:02010b41cdec/antenna/tag/e28068940000500386620d4f, 85
1652705648.636469, sdrt-health/mac:02010b41cdec/antenna/tag/e28068940000400386621d4f, 96
1652705648.692298, sdrt-health/mac:02010b41cdec/antenna/tag/e2806894000040038662114f, 88
1652705648.692818, sdrt-health/mac:02010b41cdec/antenna/tag/e2806894000040038662114f, 88
1652705648.706564, sdrt-health/mac:02010b41cdec/antenna/tag/e28068940000400386621d4f, 90
1652705648.724682, sdrt-health/mac:02010b41cdec/antenna/tag/e2806894000040038662114f, 85
1652705648.775392, sdrt-health/mac:02010b41cdec/antenna/tag/e2806894000040038662114f, 88
1652705648.829623, sdrt-health/mac:02010b41cdec/antenna/tag/e28068940000500386620d4f, 85
1652705648.830104, sdrt-health/mac:02010b41cdec/antenna/tag/e28068940000500386620d4f, 93
1652705648.844929, sdrt-health/mac:02010b41cdec/antenna/tag/e2806894000040038662114f, 85
1652705648.845202, sdrt-health/mac:02010b41cdec/antenna/tag/e2806894000050038662194f, 81
1652705648.86574, sdrt-health/mac:02010b41cdec/antenna/tag/e2806894000050038662154f, 87
1652705648.977689, sdrt-health/mac:02010b41cdec/antenna/tag/e2806894000040038662114f, 85
1652705648.978198, sdrt-health/mac:02010b41cdec/antenna/tag/e2806894000050038662154f, 85
1652705649.026574, sdrt-health/mac:02010b41cdec/antenna/tag/e2806894000050038661fd4f, 86
1652705649.084306, sdrt-health/mac:02010b41cdec/antenna/tag/e2806894000040038662114f, 88
1652705649.084862, sdrt-health/mac:02010b41cdec/antenna/tag/e28068940000500386620d4f, 93
1652705649.114799, sdrt-health/mac:02010b41cdec/antenna/tag/e2806894000040038662114f, 93
1652705649.173036, sdrt-health/mac:02010b41cdec/antenna/tag/e2806894000050038661fd4f, 86
1652705649.17362, sdrt-health/mac:02010b41cdec/antenna/tag/e28068940000400386621d4f, 77
1652705649.231028, sdrt-health/mac:02010b41cdec/antenna/tag/e2806894000050038662154f, 87
1652705649.276226, sdrt-health/mac:02010b41cdec/antenna/tag/e2806894000050038662154f, 87
1652705649.320265, sdrt-health/mac:02010b41cdec/antenna/tag/e28068940000500386620d4f, 93
1652705649.391023, sdrt-health/mac:02010b41cdec/antenna/tag/e2806894000050038661fd4f, 83
1652705649.436055, sdrt-health/mac:02010b41cdec/antenna/tag/e2806894000050038662154f, 83
1652705649.477565, sdrt-health/mac:02010b41cdec/antenna/tag/e2806894000050038662154f, 88
1652705649.526191, sdrt-health/mac:02010b41cdec/antenna/tag/e2806894000050038661fd4f, 86
1652705649.554825, sdrt-health/mac:02010b41cdec/antenna/tag/e28068940000400386621d4f, 96
1652705649.55512, sdrt-health/mac:02010b41cdec/antenna/tag/e2806894000050038662154f, 93
1652705649.55534, sdrt-health/mac:02010b41cdec/antenna/tag/e2806894000050038661fd4f, 86
1652705649.576348, sdrt-health/mac:02010b41cdec/antenna/tag/e28068940000400386621d4f, 77
1652705649.610444, sdrt-health/mac:02010b41cdec/antenna/tag/e2806894000050038661fd4f, 86
1652705649.710249, sdrt-health/mac:02010b41cdec/antenna/tag/e2806894000050038661fd4f, 86
1652705649.790557, sdrt-health/mac:02010b41cdec/antenna/tag/e2806894000040038662114f, 91
1652705649.820823, sdrt-health/mac:02010b41cdec/antenna/tag/e28068940000500386620d4f, 85
1652705649.821183, sdrt-health/mac:02010b41cdec/antenna/tag/e2806894000040038662114f, 88
1652705649.881509, sdrt-health/mac:02010b41cdec/antenna/tag/e2806894000050038661fd4f, 90
1652705649.925943, sdrt-health/mac:02010b41cdec/antenna/tag/e2806894000050038662154f, 93
1652705649.975131, sdrt-health/mac:02010b41cdec/antenna/tag/e2806894000050038662194f, 87
1652705650.014815, sdrt-health/mac:02010b41cdec/antenna/tag/e2806894000050038662154f, 83
1652705650.06952, sdrt-health/mac:02010b41cdec/antenna/tag/e2806894000040038662114f, 85
1652705650.069834, sdrt-health/mac:02010b41cdec/antenna/tag/e2806894000050038662194f, 83
1652705650.111372, sdrt-health/mac:02010b41cdec/antenna/tag/e28068940000400386621d4f, 90
1652705650.155799, sdrt-health/mac:02010b41cdec/antenna/tag/e2806894000050038662154f, 85
1652705650.185483, sdrt-health/mac:02010b41cdec/antenna/tag/e28068940000500386620d4f, 87
1652705650.185776, sdrt-health/mac:02010b41cdec/antenna/tag/e2806894000050038662154f, 87
1652705650.213828, sdrt-health/mac:02010b41cdec/antenna/tag/e2806894000050038661fd4f, 86
1652705650.241412, sdrt-health/mac:02010b41cdec/antenna/tag/e2806894000040038662114f, 88
1652705650.241836, sdrt-health/mac:02010b41cdec/antenna/tag/e28068940000400386621d4f, 90
1652705650.305983, sdrt-health/mac:02010b41cdec/antenna/tag/e28068940000400386621d4f, 90
1652705650.375637, sdrt-health/mac:02010b41cdec/antenna/tag/e2806894000050038661fd4f, 86
1652705650.415321, sdrt-health/mac:02010b41cdec/antenna/tag/e2806894000050038662154f, 81
1652705650.470482, sdrt-health/mac:02010b41cdec/antenna/tag/e28068940000400386621d4f, 96
1652705650.470956, sdrt-health/mac:02010b41cdec/antenna/tag/e2806894000040038662114f, 85
1652705650.510695, sdrt-health/mac:02010b41cdec/antenna/tag/e2806894000040038662114f, 88
1652705650.572304, sdrt-health/mac:02010b41cdec/antenna/tag/e2806894000050038662194f, 81
1652705650.572912, sdrt-health/mac:02010b41cdec/antenna/tag/e28068940000400386621d4f, 96
1652705650.597396, sdrt-health/mac:02010b41cdec/antenna/tag/e2806894000050038662154f, 87
1652705650.644846, sdrt-health/mac:02010b41cdec/antenna/tag/e28068940000500386620d4f, 87
1652705650.695707, sdrt-health/mac:02010b41cdec/antenna/tag/e2806894000050038661fd4f, 86
1652705650.734944, sdrt-health/mac:02010b41cdec/antenna/tag/e2806894000050038662194f, 81
1652705650.775498, sdrt-health/mac:02010b41cdec/antenna/tag/e28068940000500386620d4f, 85
1652705650.830311, sdrt-health/mac:02010b41cdec/antenna/tag/e28068940000400386621d4f, 90
1652705650.830804, sdrt-health/mac:02010b41cdec/antenna/tag/e2806894000050038661fd4f, 86
1652705650.845174, sdrt-health/mac:02010b41cdec/antenna/tag/e28068940000500386620d4f, 93
1652705650.88467, sdrt-health/mac:02010b41cdec/antenna/tag/e2806894000040038662114f, 88
1652705650.936468, sdrt-health/mac:02010b41cdec/antenna/tag/e2806894000040038662114f, 88
1652705650.990245, sdrt-health/mac:02010b41cdec/antenna/tag/e2806894000050038661fd4f, 83
1652705651.033952, sdrt-health/mac:02010b41cdec/antenna/tag/e28068940000400386621d4f, 96
1652705651.078071, sdrt-health/mac:02010b41cdec/antenna/tag/e2806894000050038662154f, 85
1652705651.125943, sdrt-health/mac:02010b41cdec/antenna/tag/e2806894000050038662154f, 88
1652705651.177338, sdrt-health/mac:02010b41cdec/antenna/tag/e2806894000050038661fd4f, 86
1652705651.205491, sdrt-health/mac:02010b41cdec/antenna/tag/e2806894000050038662154f, 85
1652705651.205983, sdrt-health/mac:02010b41cdec/antenna/tag/e28068940000400386621d4f, 90
1652705651.2192, sdrt-health/mac:02010b41cdec/antenna/tag/e28068940000400386621d4f, 90
1652705651.285457, sdrt-health/mac:02010b41cdec/antenna/tag/e2806894000040038662114f, 88
1652705651.336037, sdrt-health/mac:02010b41cdec/antenna/tag/e28068940000500386620d4f, 85
1652705651.425746, sdrt-health/mac:02010b41cdec/antenna/tag/e2806894000050038662154f, 88
1652705651.47026, sdrt-health/mac:02010b41cdec/antenna/tag/e2806894000050038662154f, 88
1652705651.535128, sdrt-health/mac:02010b41cdec/antenna/tag/e2806894000050038662154f, 83
1652705651.575408, sdrt-health/mac:02010b41cdec/antenna/tag/e2806894000040038662114f, 88
1652705651.629717, sdrt-health/mac:02010b41cdec/antenna/tag/e2806894000050038661fd4f, 86
1652705651.630152, sdrt-health/mac:02010b41cdec/antenna/tag/e2806894000050038662154f, 83
1652705651.643993, sdrt-health/mac:02010b41cdec/antenna/tag/e28068940000500386620d4f, 93
1652705651.655607, sdrt-health/mac:02010b41cdec/antenna/tag/e2806894000040038662114f, 85
1652705651.695517, sdrt-health/mac:02010b41cdec/antenna/tag/e28068940000500386620d4f, 93
1652705651.761232, sdrt-health/mac:02010b41cdec/antenna/tag/e2806894000050038662154f, 88
1652705651.761797, sdrt-health/mac:02010b41cdec/antenna/tag/e28068940000400386621d4f, 96
1652705651.775193, sdrt-health/mac:02010b41cdec/antenna/tag/e2806894000050038661fd4f, 86
1652705651.810513, sdrt-health/mac:02010b41cdec/antenna/tag/e28068940000500386620d4f, 85
1652705651.810878, sdrt-health/mac:02010b41cdec/antenna/tag/e28068940000400386621d4f, 90
1652705651.834544, sdrt-health/mac:02010b41cdec/antenna/tag/e28068940000400386621d4f, 90
1652705651.862504, sdrt-health/mac:02010b41cdec/antenna/tag/e2806894000050038661fd4f, 86
1652705651.862843, sdrt-health/mac:02010b41cdec/antenna/tag/e2806894000050038662194f, 83
1652705651.863116, sdrt-health/mac:02010b41cdec/antenna/tag/e2806894000050038661fd4f, 86
1652705651.877324, sdrt-health/mac:02010b41cdec/antenna/tag/e2806894000040038662114f, 88
1652705651.944059, sdrt-health/mac:02010b41cdec/antenna/tag/e2806894000050038662154f, 93
1652705651.944565, sdrt-health/mac:02010b41cdec/antenna/tag/e28068940000500386620d4f, 85
1652705651.974882, sdrt-health/mac:02010b41cdec/antenna/tag/e2806894000050038661fd4f, 86
1652705652.062012, sdrt-health/mac:02010b41cdec/antenna/tag/e2806894000040038662114f, 88
1652705652.11149, sdrt-health/mac:02010b41cdec/antenna/tag/e2806894000050038661fd4f, 86
1652705652.140988, sdrt-health/mac:02010b41cdec/antenna/tag/e2806894000040038662114f, 85
1652705652.141247, sdrt-health/mac:02010b41cdec/antenna/tag/e2806894000050038662154f, 85
1652705652.157059, sdrt-health/mac:02010b41cdec/antenna/tag/e2806894000040038662114f, 88
1652705652.206191, sdrt-health/mac:02010b41cdec/antenna/tag/e28068940000400386621d4f, 96
1652705652.260055, sdrt-health/mac:02010b41cdec/antenna/tag/e2806894000050038662154f, 85
1652705652.260514, sdrt-health/mac:02010b41cdec/antenna/tag/e28068940000400386621d4f, 96
1652705652.274653, sdrt-health/mac:02010b41cdec/antenna/tag/e2806894000050038662154f, 85
1652705652.335372, sdrt-health/mac:02010b41cdec/antenna/tag/e2806894000050038661fd4f, 86
1652705652.376829, sdrt-health/mac:02010b41cdec/antenna/tag/e2806894000040038662114f, 85
1652705652.415109, sdrt-health/mac:02010b41cdec/antenna/tag/e2806894000040038662054f, 94
1652705652.454874, sdrt-health/mac:02010b41cdec/antenna/tag/e2806894000040038662114f, 85
1652705652.555501, sdrt-health/mac:02010b41cdec/antenna/tag/e2806894000050038662154f, 85
1652705652.615862, sdrt-health/mac:02010b41cdec/antenna/tag/e28068940000500386620d4f, 85
1652705652.616358, sdrt-health/mac:02010b41cdec/antenna/tag/e2806894000050038662154f, 88
1652705652.656058, sdrt-health/mac:02010b41cdec/antenna/tag/e2806894000050038661fd4f, 86
1652705652.72902, sdrt-health/mac:02010b41cdec/antenna/tag/e28068940000500386620d4f, 85
1652705652.72947, sdrt-health/mac:02010b41cdec/antenna/tag/e28068940000500386620d4f, 93
1652705652.729842, sdrt-health/mac:02010b41cdec/antenna/tag/e2806894000050038662194f, 81
1652705652.766962, sdrt-health/mac:02010b41cdec/antenna/tag/e28068940000500386620d4f, 85
1652705652.830629, sdrt-health/mac:02010b41cdec/antenna/tag/e28068940000400386621d4f, 90
1652705652.875441, sdrt-health/mac:02010b41cdec/antenna/tag/e2806894000040038662114f, 91
1652705652.905069, sdrt-health/mac:02010b41cdec/antenna/tag/e2806894000050038661fd4f, 86
1652705652.905287, sdrt-health/mac:02010b41cdec/antenna/tag/e28068940000400386621d4f, 96
1652705652.919808, sdrt-health/mac:02010b41cdec/antenna/tag/e2806894000050038661fd4f, 86
1652705652.964983, sdrt-health/mac:02010b41cdec/antenna/tag/e2806894000040038661f94f, 81
1652705653.02956, sdrt-health/mac:02010b41cdec/antenna/tag/e2806894000040038662214f, 84
1652705653.030064, sdrt-health/mac:02010b41cdec/antenna/tag/e2806894000040038662054f, 94
1652705653.044033, sdrt-health/mac:02010b41cdec/antenna/tag/e2806894000040038662114f, 93
1652705653.071203, sdrt-health/mac:02010b41cdec/antenna/tag/e2806894000050038662154f, 83
1652705653.071641, sdrt-health/mac:02010b41cdec/antenna/tag/e28068940000500386620d4f, 87
1652705653.071933, sdrt-health/mac:02010b41cdec/antenna/tag/e2806894000040038662114f, 85
1652705653.095437, sdrt-health/mac:02010b41cdec/antenna/tag/e28068940000400386621d4f, 96
1652705653.151298, sdrt-health/mac:02010b41cdec/antenna/tag/e2806894000050038661fd4f, 90
1652705653.21014, sdrt-health/mac:02010b41cdec/antenna/tag/e28068940000500386620d4f, 85
1652705653.21069, sdrt-health/mac:02010b41cdec/antenna/tag/e28068940000400386621d4f, 96
1652705653.224906, sdrt-health/mac:02010b41cdec/antenna/tag/e2806894000050038662154f, 88
1652705653.24606, sdrt-health/mac:02010b41cdec/antenna/tag/e2806894000040038662114f, 85
1652705653.295112, sdrt-health/mac:02010b41cdec/antenna/tag/e28068940000500386620d4f, 85
1652705653.350467, sdrt-health/mac:02010b41cdec/antenna/tag/e28068940000500386620d4f, 87
1652705653.350947, sdrt-health/mac:02010b41cdec/antenna/tag/e28068940000500386620d4f, 85
1652705653.377574, sdrt-health/mac:02010b41cdec/antenna/tag/e2806894000040038662114f, 85
1652705653.415588, sdrt-health/mac:02010b41cdec/antenna/tag/e28068940000400386621d4f, 96
1652705653.446458, sdrt-health/mac:02010b41cdec/antenna/tag/e2806894000040038662114f, 85
1652705653.447132, sdrt-health/mac:02010b41cdec/antenna/tag/e28068940000400386621d4f, 77
1652705653.459843, sdrt-health/mac:02010b41cdec/antenna/tag/e2806894000050038661fd4f, 86
1652705653.495106, sdrt-health/mac:02010b41cdec/antenna/tag/e2806894000040038662114f, 88
1652705653.550811, sdrt-health/mac:02010b41cdec/antenna/tag/e2806894000050038662194f, 88
1652705653.551603, sdrt-health/mac:02010b41cdec/antenna/tag/e2806894000050038661fd4f, 90
1652705653.585514, sdrt-health/mac:02010b41cdec/antenna/tag/e2806894000050038662194f, 83
1652705653.630484, sdrt-health/mac:02010b41cdec/antenna/tag/e28068940000400386621d4f, 96
1652705653.675442, sdrt-health/mac:02010b41cdec/antenna/tag/e28068940000500386620d4f, 87
1652705653.858587, sdrt-health/mac:02010b41cdec/antenna/tag/scan, scan stopped
