1652705602.77422, sdrt-health/mac:02010b41cdec/state, online
1652705602.775329, sdrt-health/mac:02010b41cdec/antenna/power/set, {"power": 280}
1652705604.056328, sdrt-health/mac:02010b41cdec/antenna/power/set, 
1652705607.795897, sdrt-health/mac:02010b41cdec/antenna/tag/scan, {"time": 20000}
1652705608.118529, sdrt-health/mac:02010b41cdec/antenna/tag/e2806894000050038661fd4f, 86
1652705608.16637, sdrt-health/mac:02010b41cdec/antenna/tag/e2806894000050038661fd4f, 86
1652705608.229995, sdrt-health/mac:02010b41cdec/antenna/tag/e2806894000040038662214f, 81
1652705608.230572, sdrt-health/mac:02010b41cdec/antenna/tag/e28068940000400386621d4f, 77
1652705608.230939, sdrt-health/mac:02010b41cdec/antenna/tag/e2806894000050038662154f, 87
1652705608.286276, sdrt-health/mac:02010b41cdec/antenna/tag/e28068940000500386620d4f, 85
1652705608.325354, sdrt-health/mac:02010b41cdec/antenna/tag/e2806894000050038662154f, 85
1652705608.389949, sdrt-health/mac:02010b41cdec/antenna/tag/e2806894000050038661fd4f, 86
1652705608.390414, sdrt-health/mac:02010b41cdec/antenna/tag/e28068940000400386621d4f, 90
1652705608.390757, sdrt-health/mac:02010b41cdec/antenna/tag/e2806894000050038661fd4f, 86
1652705608.391125, sdrt-health/mac:02010b41cdec/antenna/tag/e28068940000500386620d4f, 93
1652705608.416293, sdrt-health/mac:02010b41cdec/antenna/tag/e2806894000050038661fd4f, 86
1652705608.465426, sdrt-health/mac:02010b41cdec/antenna/tag/e2806894000040038662114f, 88
1652705608.465744, sdrt-health/mac:02010b41cdec/antenna/tag/e2806894000050038661fd4f, 86
1652705608.510823, sdrt-health/mac:02010b41cdec/antenna/tag/e2806894000050038662194f, 94
1652705608.555355, sdrt-health/mac:02010b41cdec/antenna/tag/e2806894000050038661fd4f, 90
1652705608.598905, sdrt-health/mac:02010b41cdec/antenna/tag/e28068940000400386621d4f, 90
1652705608.662995, sdrt-health/mac:02010b41cdec/antenna/tag/e28068940000400386621d4f, 90
1652705608.663544, sdrt-health/mac:02010b41cdec/antenna/tag/e2806894000050038662194f, 94
1652705608.678205, sdrt-health/mac:02010b41cdec/antenna/tag/e2806894000040038662114f, 88
1652705608.695892, sdrt-health/mac:02010b41cdec/antenna/tag/e2806894000040038662114f, 85
1652705608.726494, sdrt-health/mac:02010b41cdec/antenna/tag/e28068940000500386620d4f, 93
1652705608.726914, sdrt-health/mac:02010b41cdec/antenna/tag/e28068940000400386621d4f, 96
1652705608.740185, sdrt-health/mac:02010b41cdec/antenna/tag/e2806894000040038662114f, 85
1652705608.74053, sdrt-health/mac:02010b41cdec/antenna/tag/e2806894000050038662154f, 87
1652705608.740775, sdrt-health/mac:02010b41cdec/antenna/tag/e2806894000050038661fd4f, 83
1652705608.806212, sdrt-health/mac:02010b41cdec/antenna/tag/e28068940000400386621d4f, 90
1652705608.857193, sdrt-health/mac:02010b41cdec/antenna/tag/e28068940000400386621d4f, 96
1652705608.911569, sdrt-health/mac:02010b41cdec/antenna/tag/e2806894000050038662154f, 85
1652705608.912145, sdrt-health/mac:02010b41cdec/antenna/tag/e2806894000050038661fd4f, 86
1652705608.935546, sdrt-health/mac:02010b41cdec/antenna/tag/e2806894000050038662154f, 85
1652705608.990355, sdrt-health/mac:02010b41cdec/antenna/tag/e2806894000040038662114f, 85
1652705608.990858, sdrt-health/mac:02010b41cdec/antenna/tag/e28068940000500386620d4f, 85
1652705609.005319, sdrt-health/mac:02010b41cdec/antenna/tag/e2806894000050038662154f, 88
1652705609.014598, sdrt-health/mac:02010b41cdec/antenna/tag/e2806894000050038661fd4f, 90
1652705609.018922, sdrt-health/mac:02010b41cdec/antenna/tag/e2806894000040038662114f, 85
1652705609.086308, sdrt-health/mac:02010b41cdec/antenna/tag/e28068940000400386621d4f, 77
1652705609.125862, sdrt-health/mac:02010b41cdec/antenna/tag/e2806894000040038662114f, 85
1652705609.194915, sdrt-health/mac:02010b41cdec/antenna/tag/e28068940000400386621d4f, 96
1652705609.195408, sdrt-health/mac:02010b41cdec/antenna/tag/e28068940000400386621d4f, 77
1652705609.210359, sdrt-health/mac:02010b41cdec/antenna/tag/e28068940000500386620d4f, 87
1652705609.216177, sdrt-health/mac:02010b41cdec/antenna/tag/e28068940000400386621d4f, 96
1652705609.22532, sdrt-health/mac:02010b41cdec/antenna/tag/e2806894000050038662154f, 85
1652705609.275325, sdrt-health/mac:02010b41cdec/antenna/tag/e28068940000400386621d4f, 96
1652705609.333082, sdrt-health/mac:02010b41cdec/antenna/tag/e2806894000050038662154f, 88
1652705609.33358, sdrt-health/mac:02010b41cdec/antenna/tag/e28068940000400386621d4f, 90
1652705609.376956, sdrt-health/mac:02010b41cdec/antenna/tag/e28068940000500386620d4f, 85
1652705609.423962, sdrt-health/mac:02010b41cdec/antenna/tag/e28068940000400386621d4f, 90
1652705609.486158, sdrt-health/mac:02010b41cdec/antenna/tag/e2806894000050038661fd4f, 90
1652705609.486502, sdrt-health/mac:02010b41cdec/antenna/tag/e2806894000050038661fd4f, 86
1652705609.500662, sdrt-health/mac:02010b41cdec/antenna/tag/e28068940000400386621d4f, 90
1652705609.500961, sdrt-health/mac:02010b41cdec/antenna/tag/e28068940000400386621d4f, 90
1652705609.515845, sdrt-health/mac:02010b41cdec/antenna/tag/e2806894000040038662114f, 91
1652705609.582199, sdrt-health/mac:02010b41cdec/antenna/tag/e2806894000040038662114f, 88
1652705609.582698, sdrt-health/mac:02010b41cdec/antenna/tag/e2806894000050038661fd4f, 90
1652705609.616684, sdrt-health/mac:02010b41cdec/antenna/tag/e28068940000500386620d4f, 93
1652705609.644309, sdrt-health/mac:02010b41cdec/antenna/tag/e2806894000050038661fd4f, 83
1652705609.644678, sdrt-health/mac:02010b41cdec/antenna/tag/e28068940000400386621d4f, 96
1652705609.657576, sdrt-health/mac:02010b41cdec/antenna/tag/e2806894000050038662154f, 81
1652705609.65782, sdrt-health/mac:02010b41cdec/antenna/tag/e2806894000050038662194f, 81
1652705609.710757, sdrt-health/mac:02010b41cdec/antenna/tag/e2806894000040038662114f, 88
1652705609.755292, sdrt-health/mac:02010b41cdec/antenna/tag/e2806894000040038662114f, 85
1652705609.812795, sdrt-health/mac:02010b41cdec/antenna/tag/e28068940000500386620d4f, 87
1652705609.813294, sdrt-health/mac:02010b41cdec/antenna/tag/e2806894000040038662114f, 85
1652705609.845199, sdrt-health/mac:02010b41cdec/antenna/tag/e28068940000400386621d4f, 90
1652705609.906632, sdrt-health/mac:02010b41cdec/antenna/tag/e2806894000050038661fd4f, 86
1652705609.965508, sdrt-health/mac:02010b41cdec/antenna/tag/e2806894000040038662114f, 85
1652705610.006565, sdrt-health/mac:02010b41cdec/antenna/tag/e28068940000500386620d4f, 83
1652705610.072281, sdrt-health/mac:02010b41cdec/antenna/tag/e2806894000050038661fd4f, 83
1652705610.072733, sdrt-health/mac:02010b41cdec/antenna/tag/e28068940000500386620d4f, 93
1652705610.088249, sdrt-health/mac:02010b41cdec/antenna/tag/e28068940000500386620d4f, 87
1652705610.111127, sdrt-health/mac:02010b41cdec/antenna/tag/e28068940000500386620d4f, 83
1652705610.156214, sdrt-health/mac:02010b41cdec/antenna/tag/e2806894000050038662154f, 83
1652705610.186291, sdrt-health/mac:02010b41cdec/antenna/tag/e28068940000400386621d4f, 96
1652705610.18654, sdrt-health/mac:02010b41cdec/antenna/tag/e2806894000050038661fd4f, 83
1652705610.200176, sdrt-health/mac:02010b41cdec/antenna/tag/e2806894000040038662114f, 93
1652705610.200417, sdrt-health/mac:02010b41cdec/antenna/tag/e28068940000500386620d4f, 87
1652705610.24581, sdrt-health/mac:02010b41cdec/antenna/tag/e2806894000050038662154f, 85
1652705610.295193, sdrt-health/mac:02010b41cdec/antenna/tag/e28068940000500386620d4f, 93
1652705610.430509, sdrt-health/mac:02010b41cdec/antenna/tag/e2806894000050038662154f, 88
1652705610.458965, sdrt-health/mac:02010b41cdec/antenna/tag/e2806894000050038661fd4f, 86
1652705610.459296, sdrt-health/mac:02010b41cdec/antenna/tag/e28068940000500386620d4f, 87
1652705610.459555, sdrt-health/mac:02010b41cdec/antenna/tag/e2806894000040038662114f, 85
1652705610.459861, sdrt-health/mac:02010b41cdec/antenna/tag/e2806894000050038662154f, 85
1652705610.460254, sdrt-health/mac:02010b41cdec/antenna/tag/e28068940000500386620d4f, 93
1652705610.486235, sdrt-health/mac:02010b41cdec/antenna/tag/e2806894000050038661fd4f, 86
1652705610.555604, sdrt-health/mac:02010b41cdec/antenna/tag/e2806894000050038662154f, 87
1652705610.626429, sdrt-health/mac:02010b41cdec/antenna/tag/e28068940000500386620d4f, 93
1652705610.670711, sdrt-health/mac:02010b41cdec/antenna/tag/e2806894000050038662194f, 81
1652705610.766212, sdrt-health/mac:02010b41cdec/antenna/tag/e2806894000050038662154f, 87
1652705610.766776, sdrt-health/mac:02010b41cdec/antenna/tag/e28068940000400386621d4f, 90
1652705610.795423, sdrt-health/mac:02010b41cdec/antenna/tag/e2806894000050038661fd4f, 86
1652705610.8397, sdrt-health/mac:02010b41cdec/antenna/tag/e2806894000050038661fd4f, 86
1652705610.841409, sdrt-health/mac:02010b41cdec/antenna/tag/e2806894000050038662194f, 81
1652705610.886621, sdrt-health/mac:02010b41cdec/antenna/tag/e2806894000050038661fd4f, 86
1652705610.970952, sdrt-health/mac:02010b41cdec/antenna/tag/e2806894000040038662114f, 85
1652705610.971406, sdrt-health/mac:02010b41cdec/antenna/tag/e28068940000400386621d4f, 90
1652705610.986498, sdrt-health/mac:02010b41cdec/antenna/tag/e2806894000050038661fd4f, 90
1652705611.06783, sdrt-health/mac:02010b41cdec/antenna/tag/e2806894000040038662114f, 85
1652705611.06877, sdrt-health/mac:02010b41cdec/antenna/tag/e2806894000050038662194f, 81
1652705611.087132, sdrt-health/mac:02010b41cdec/antenna/tag/e28068940000500386620d4f, 83
1652705611.125259, sdrt-health/mac:02010b41cdec/antenna/tag/e2806894000050038661fd4f, 86
1652705611.17578, sdrt-health/mac:02010b41cdec/antenna/tag/e28068940000400386621d4f, 96
1652705611.230557, sdrt-health/mac:02010b41cdec/antenna/tag/e28068940000500386620d4f, 85
1652705611.231146, sdrt-health/mac:02010b41cdec/antenna/tag/e28068940000400386621d4f, 96
1652705611.245359, sdrt-health/mac:02010b41cdec/antenna/tag/e2806894000050038661fd4f, 86
1652705611.245789, sdrt-health/mac:02010b41cdec/antenna/tag/e2806894000050038662154f, 94
1652705611.319221, sdrt-health/mac:02010b41cdec/antenna/tag/e28068940000500386620d4f, 87
1652705611.355522, sdrt-health/mac:02010b41cdec/antenna/tag/e28068940000500386620d4f, 87
1652705611.384797, sdrt-health/mac:02010b41cdec/antenna/tag/e28068940000400386621d4f, 77
1652705611.385033, sdrt-health/mac:02010b41cdec/antenna/tag/e2806894000050038662154f, 87
1652705611.385211, sdrt-health/mac:02010b41cdec/antenna/tag/e28068940000500386620d4f, 87
1652705611.399018, sdrt-health/mac:02010b41cdec/antenna/tag/e28068940000500386620d4f, 87
1652705611.445828, sdrt-health/mac:02010b41cdec/antenna/tag/e2806894000050038662154f, 81
1652705611.511482, sdrt-health/mac:02010b41cdec/antenna/tag/e2806894000050038662194f, 81
1652705611.512248, sdrt-health/mac:02010b41cdec/antenna/tag/e2806894000050038662154f, 87
1652705611.561845, sdrt-health/mac:02010b41cdec/antenna/tag/e2806894000050038662154f, 83
1652705611.606263, sdrt-health/mac:02010b41cdec/antenna/tag/e2806894000040038662114f, 88
1652705611.671572, sdrt-health/mac:02010b41cdec/antenna/tag/e2806894000050038661fd4f, 86
1652705611.67202, sdrt-health/mac:02010b41cdec/antenna/tag/e2806894000050038661fd4f, 86
1652705611.695452, sdrt-health/mac:02010b41cdec/antenna/tag/e28068940000500386620d4f, 88
1652705611.806548, sdrt-health/mac:02010b41cdec/antenna/tag/e28068940000400386621d4f, 96
1652705611.807057, sdrt-health/mac:02010b41cdec/antenna/tag/e2806894000040038662114f, 85
1652705611.83753, sdrt-health/mac:02010b41cdec/antenna/tag/e2806894000050038662154f, 81
1652705611.893621, sdrt-health/mac:02010b41cdec/antenna/tag/e28068940000500386620d4f, 87
1652705611.89422, sdrt-health/mac:02010b41cdec/antenna/tag/e28068940000400386621d4f, 77
1652705611.925679, sdrt-health/mac:02010b41cdec/antenna/tag/e2806894000040038662114f, 88
1652705611.975616, sdrt-health/mac:02010b41cdec/antenna/tag/e2806894000050038661fd4f, 90
1652705612.015542, sdrt-health/mac:02010b41cdec/antenna/tag/e28068940000500386620d4f, 87
1652705612.109746, sdrt-health/mac:02010b41cdec/antenna/tag/e2806894000050038661fd4f, 86
1652705612.110208, sdrt-health/mac:02010b41cdec/antenna/tag/e2806894000040038662114f, 88
1652705612.135116, sdrt-health/mac:02010b41cdec/antenna/tag/e2806894000050038661fd4f, 86
1652705612.206574, sdrt-health/mac:02010b41cdec/antenna/tag/e2806894000050038661fd4f, 86
1652705612.246198, sdrt-health/mac:02010b41cdec/antenna/tag/e2806894000040038662114f, 88
1652705612.314564, sdrt-health/mac:02010b41cdec/antenna/tag/e2806894000050038662194f, 81
1652705612.315086, sdrt-health/mac:02010b41cdec/antenna/tag/e2806894000040038662114f, 93
1652705612.353448, sdrt-health/mac:02010b41cdec/antenna/tag/e28068940000400386621d4f, 90
1652705612.385103, sdrt-health/mac:02010b41cdec/antenna/tag/e2806894000050038662154f, 85
1652705612.38537, sdrt-health/mac:02010b41cdec/antenna/tag/e28068940000400386621d4f, 90
1652705612.438236, sdrt-health/mac:02010b41cdec/antenna/tag/e2806894000040038662114f, 85
1652705612.502913, sdrt-health/mac:02010b41cdec/antenna/tag/e2806894000050038662154f, 93
1652705612.503378, sdrt-health/mac:02010b41cdec/antenna/tag/e28068940000400386621d4f, 90
1652705612.517949, sdrt-health/mac:02010b41cdec/antenna/tag/e28068940000500386620d4f, 87
1652705612.518417, sdrt-health/mac:02010b41cdec/antenna/tag/e2806894000050038662154f, 83
1652705612.535798, sdrt-health/mac:02010b41cdec/antenna/tag/e2806894000040038662114f, 88
1652705612.591765, sdrt-health/mac:02010b41cdec/antenna/tag/e2806894000050038661fd4f, 86
1652705612.592318, sdrt-health/mac:02010b41cdec/antenna/tag/e2806894000050038662194f, 94
1652705612.636154, sdrt-health/mac:02010b41cdec/antenna/tag/e28068940000400386621d4f, 96
1652705612.696071, sdrt-health/mac:02010b41cdec/antenna/tag/e28068940000400386621d4f, 96
1652705612.736115, sdrt-health/mac:02010b41cdec/antenna/tag/e28068940000500386620d4f, 83
1652705612.790768, sdrt-health/mac:02010b41cdec/antenna/tag/e2806894000040038662114f, 85
1652705612.791341, sdrt-health/mac:02010b41cdec/antenna/tag/e2806894000040038662114f, 85
1652705612.805384, sdrt-health/mac:02010b41cdec/antenna/tag/e2806894000050038662154f, 87
1652705612.831583, sdrt-health/mac:02010b41cdec/antenna/tag/e2806894000050038662154f, 94
1652705612.876891, sdrt-health/mac:02010b41cdec/antenna/tag/e2806894000050038661fd4f, 86
1652705612.934761, sdrt-health/mac:02010b41cdec/antenna/tag/e2806894000050038661fd4f, 86
1652705612.935311, sdrt-health/mac:02010b41cdec/antenna/tag/e2806894000050038662194f, 81
1652705612.974698, sdrt-health/mac:02010b41cdec/antenna/tag/e28068940000400386621d4f, 90
1652705613.016011, sdrt-health/mac:02010b41cdec/antenna/tag/e2806894000040038662114f, 88
1652705613.04602, sdrt-health/mac:02010b41cdec/antenna/tag/e2806894000050038661fd4f, 86
1652705613.046395, sdrt-health/mac:02010b41cdec/antenna/tag/e28068940000400386621d4f, 96
1652705613.046644, sdrt-health/mac:02010b41cdec/antenna/tag/e2806894000040038662114f, 85
1652705613.046939, sdrt-health/mac:02010b41cdec/antenna/tag/e28068940000400386621d4f, 96
1652705613.072648, sdrt-health/mac:02010b41cdec/antenna/tag/e2806894000050038661fd4f, 86
1652705613.115853, sdrt-health/mac:02010b41cdec/antenna/tag/e28068940000400386621d4f, 90
1652705613.173193, sdrt-health/mac:02010b41cdec/antenna/tag/e28068940000500386620d4f, 83
1652705613.173739, sdrt-health/mac:02010b41cdec/antenna/tag/e28068940000500386620d4f, 83
1652705613.207282, sdrt-health/mac:02010b41cdec/antenna/tag/e2806894000040038662114f, 85
1652705613.271316, sdrt-health/mac:02010b41cdec/antenna/tag/e2806894000050038661fd4f, 86
1652705613.271816, sdrt-health/mac:02010b41cdec/antenna/tag/e28068940000400386621d4f, 90
1652705613.286086, sdrt-health/mac:02010b41cdec/antenna/tag/e2806894000050038662154f, 85
1652705613.296044, sdrt-health/mac:02010b41cdec/antenna/tag/e28068940000500386620d4f, 87
1652705613.356241, sdrt-health/mac:02010b41cdec/antenna/tag/e2806894000050038661fd4f, 86
1652705613.399193, sdrt-health/mac:02010b41cdec/antenna/tag/e2806894000040038662114f, 88
1652705613.460824, sdrt-health/mac:02010b41cdec/antenna/tag/e2806894000050038661fd4f, 83
1652705613.461353, sdrt-health/mac:02010b41cdec/antenna/tag/e28068940000400386621d4f, 90
1652705613.495749, sdrt-health/mac:02010b41cdec/antenna/tag/e2806894000050038662194f, 81
1652705613.529315, sdrt-health/mac:02010b41cdec/antenna/tag/e2806894000050038661fd4f, 86
1652705613.52972, sdrt-health/mac:02010b41cdec/antenna/tag/e28068940000400386621d4f, 90
1652705613.563653, sdrt-health/mac:02010b41cdec/antenna/tag/e2806894000050038662154f, 93
1652705613.640782, sdrt-health/mac:02010b41cdec/antenna/tag/e2806894000050038661fd4f, 86
1652705613.686245, sdrt-health/mac:02010b41cdec/antenna/tag/e28068940000400386621d4f, 96
1652705613.749725, sdrt-health/mac:02010b41cdec/antenna/tag/e28068940000500386620d4f, 85
1652705613.750014, sdrt-health/mac:02010b41cdec/antenna/tag/e2806894000040038662114f, 88
1652705613.7729, sdrt-health/mac:02010b41cdec/antenna/tag/e2806894000040038662114f, 85
1652705613.776425, sdrt-health/mac:02010b41cdec/antenna/tag/e28068940000500386620d4f, 87
1652705613.787477, sdrt-health/mac:02010b41cdec/antenna/tag/e2806894000050038662194f, 81
1652705613.815859, sdrt-health/mac:02010b41cdec/antenna/tag/e28068940000500386620d4f, 81
1652705613.895655, sdrt-health/mac:02010b41cdec/antenna/tag/e2806894000040038662114f, 88
1652705613.942353, sdrt-health/mac:02010b41cdec/antenna/tag/e28068940000500386620d4f, 85
1652705613.993466, sdrt-health/mac:02010b41cdec/antenna/tag/e2806894000050038662154f, 85
1652705613.99397, sdrt-health/mac:02010b41cdec/antenna/tag/e2806894000040038662114f, 85
1652705613.994392, sdrt-health/mac:02010b41cdec/antenna/tag/e28068940000400386621d4f, 96
1652705614.010303, sdrt-health/mac:02010b41cdec/antenna/tag/e2806894000050038662154f, 88
1652705614.030851, sdrt-health/mac:02010b41cdec/antenna/tag/e2806894000050038662154f, 83
1652705614.077267, sdrt-health/mac:02010b41cdec/antenna/tag/e2806894000040038662114f, 88
1652705614.121207, sdrt-health/mac:02010b41cdec/antenna/tag/e28068940000400386621d4f, 96
1652705614.165933, sdrt-health/mac:02010b41cdec/antenna/tag/e2806894000040038662114f, 85
1652705614.21778, sdrt-health/mac:02010b41cdec/antenna/tag/e28068940000500386620d4f, 87
1652705614.321145, sdrt-health/mac:02010b41cdec/antenna/tag/e2806894000040038662114f, 85
1652705614.321615, sdrt-health/mac:02010b41cdec/antenna/tag/e28068940000500386620d4f, 87
1652705614.351539, sdrt-health/mac:02010b41cdec/antenna/tag/e28068940000500386620d4f, 93
1652705614.413213, sdrt-health/mac:02010b41cdec/antenna/tag/e2806894000040038662114f, 85
1652705614.413776, sdrt-health/mac:02010b41cdec/antenna/tag/e2806894000040038662114f, 85
1652705614.429559, sdrt-health/mac:02010b41cdec/antenna/tag/e28068940000500386620d4f, 93
1652705614.440799, sdrt-health/mac:02010b41cdec/antenna/tag/e2806894000050038662154f, 88
1652705614.486466, sdrt-health/mac:02010b41cdec/antenna/tag/e28068940000400386621d4f, 90
1652705614.550634, sdrt-health/mac:02010b41cdec/antenna/tag/e2806894000050038662154f, 88
1652705614.551109, sdrt-health/mac:02010b41cdec/antenna/tag/e2806894000040038662114f, 85
1652705614.565064, sdrt-health/mac:02010b41cdec/antenna/tag/e2806894000050038662154f, 85
1652705614.594269, sdrt-health/mac:02010b41cdec/antenna/tag/e2806894000040038662114f, 85
1652705614.594573, sdrt-health/mac:02010b41cdec/antenna/tag/e28068940000400386621d4f, 90
1652705614.594821, sdrt-health/mac:02010b41cdec/antenna/tag/e2806894000050038662154f, 85
1652705614.617234, sdrt-health/mac:02010b41cdec/antenna/tag/e2806894000040038662114f, 85
1652705614.658053, sdrt-health/mac:02010b41cdec/antenna/tag/e2806894000050038661fd4f, 83
1652705614.695889, sdrt-health/mac:02010b41cdec/antenna/tag/e2806894000040038662114f, 93
1652705614.735896, sdrt-health/mac:02010b41cdec/antenna/tag/e2806894000050038662154f, 87
1652705614.79188, sdrt-health/mac:02010b41cdec/antenna/tag/e2806894000040038662114f, 85
1652705614.792381, sdrt-health/mac:02010b41cdec/antenna/tag/e28068940000500386620d4f, 85
1652705614.816897, sdrt-health/mac:02010b41cdec/antenna/tag/e2806894000050038661fd4f, 86
1652705614.871497, sdrt-health/mac:02010b41cdec/antenna/tag/e2806894000040038662114f, 85
1652705614.87201, sdrt-health/mac:02010b41cdec/antenna/tag/e2806894000050038661fd4f, 86
1652705614.890546, sdrt-health/mac:02010b41cdec/antenna/tag/e2806894000040038662114f, 85
1652705614.890942, sdrt-health/mac:02010b41cdec/antenna/tag/e28068940000500386620d4f, 87
1652705614.93969, sdrt-health/mac:02010b41cdec/antenna/tag/e28068940000400386621d4f, 90
1652705615.036733, sdrt-health/mac:02010b41cdec/antenna/tag/e28068940000500386620d4f, 85
1652705615.079737, sdrt-health/mac:02010b41cdec/antenna/tag/e2806894000050038662154f, 87
1652705615.129832, sdrt-health/mac:02010b41cdec/antenna/tag/e28068940000400386621d4f, 90
1652705615.18023, sdrt-health/mac:02010b41cdec/antenna/tag/e28068940000400386621d4f, 96
1652705615.234083, sdrt-health/mac:02010b41cdec/antenna/tag/e28068940000500386620d4f, 93
1652705615.234617, sdrt-health/mac:02010b41cdec/antenna/tag/e28068940000400386621d4f, 77
1652705615.250034, sdrt-health/mac:02010b41cdec/antenna/tag/e2806894000040038662114f, 85
1652705615.250382, sdrt-health/mac:02010b41cdec/antenna/tag/e2806894000050038661fd4f, 86
1652705615.255597, sdrt-health/mac:02010b41cdec/antenna/tag/e28068940000400386621d4f, 96
1652705615.296483, sdrt-health/mac:02010b41cdec/antenna/tag/e28068940000400386621d4f, 96
1652705615.344427, sdrt-health/mac:02010b41cdec/antenna/tag/e2806894000040038662114f, 85
1652705615.391339, sdrt-health/mac:02010b41cdec/antenna/tag/e28068940000500386620d4f, 85
1652705615.451636, sdrt-health/mac:02010b41cdec/antenna/tag/e2806894000040038662114f, 85
1652705615.4521, sdrt-health/mac:02010b41cdec/antenna/tag/e2806894000050038661fd4f, 86
1652705615.488924, sdrt-health/mac:02010b41cdec/antenna/tag/e2806894000040038662114f, 85
1652705615.552068, sdrt-health/mac:02010b41cdec/antenna/tag/e2806894000050038662154f, 85
1652705615.552531, sdrt-health/mac:02010b41cdec/antenna/tag/e2806894000050038661fd4f, 83
1652705615.576815, sdrt-health/mac:02010b41cdec/antenna/tag/e2806894000050038661fd4f, 83
1652705615.615986, sdrt-health/mac:02010b41cdec/antenna/tag/e2806894000040038662114f, 93
1652705615.734035, sdrt-health/mac:02010b41cdec/antenna/tag/e2806894000050038662154f, 83
1652705615.734485, sdrt-health/mac:02010b41cdec/antenna/tag/e28068940000500386620d4f, 93
1652705615.76603, sdrt-health/mac:02010b41cdec/antenna/tag/e28068940000400386621d4f, 96
1652705615.832648, sdrt-health/mac:02010b41cdec/antenna/tag/e2806894000050038661fd4f, 86
1652705615.833241, sdrt-health/mac:02010b41cdec/antenna/tag/e2806894000050038661fd4f, 90
1652705615.856084, sdrt-health/mac:02010b41cdec/antenna/tag/e2806894000050038662154f, 85
1652705615.917419, sdrt-health/mac:02010b41cdec/antenna/tag/e28068940000400386621d4f, 90
1652705615.91793, sdrt-health/mac:02010b41cdec/antenna/tag/e2806894000040038662114f, 85
1652705615.93275, sdrt-health/mac:02010b41cdec/antenna/tag/e28068940000500386620d4f, 93
1652705615.973998, sdrt-health/mac:02010b41cdec/antenna/tag/e2806894000050038661fd4f, 86
1652705615.974792, sdrt-health/mac:02010b41cdec/antenna/tag/e28068940000500386620d4f, 93
1652705616.006956, sdrt-health/mac:02010b41cdec/antenna/tag/e2806894000050038661fd4f, 86
1652705616.072202, sdrt-health/mac:02010b41cdec/antenna/tag/e28068940000400386621d4f, 96
1652705616.072719, sdrt-health/mac:02010b41cdec/antenna/tag/e2806894000050038662154f, 85
1652705616.087531, sdrt-health/mac:02010b41cdec/antenna/tag/e2806894000050038661fd4f, 86
1652705616.095474, sdrt-health/mac:02010b41cdec/antenna/tag/e2806894000050038661fd4f, 86
1652705616.10259, sdrt-health/mac:02010b41cdec/antenna/tag/e28068940000400386621d4f, 96
1652705616.136214, sdrt-health/mac:02010b41cdec/antenna/tag/e2806894000050038662194f, 88
1652705616.178698, sdrt-health/mac:02010b41cdec/antenna/tag/e28068940000400386621d4f, 96
1652705616.2178, sdrt-health/mac:02010b41cdec/antenna/tag/e28068940000400386621d4f, 90
1652705616.259634, sdrt-health/mac:02010b41cdec/antenna/tag/e2806894000050038662154f, 85
1652705616.310594, sdrt-health/mac:02010b41cdec/antenna/tag/e2806894000050038661fd4f, 86
1652705616.311064, sdrt-health/mac:02010b41cdec/antenna/tag/e28068940000400386621d4f, 90
1652705616.359544, sdrt-health/mac:02010b41cdec/antenna/tag/e2806894000050038661fd4f, 86
1652705616.404809, sdrt-health/mac:02010b41cdec/antenna/tag/e28068940000500386620d4f, 87
1652705616.433449, sdrt-health/mac:02010b41cdec/antenna/tag/e2806894000050038662154f, 85
1652705616.433671, sdrt-health/mac:02010b41cdec/antenna/tag/e2806894000050038661fd4f, 86
1652705616.457577, sdrt-health/mac:02010b41cdec/antenna/tag/e2806894000050038661fd4f, 86
1652705616.513757, sdrt-health/mac:02010b41cdec/antenna/tag/e2806894000050038661fd4f, 86
1652705616.547436, sdrt-health/mac:02010b41cdec/antenna/tag/e2806894000050038662154f, 81
1652705616.547742, sdrt-health/mac:02010b41cdec/antenna/tag/e2806894000040038662114f, 85
1652705616.547981, sdrt-health/mac:02010b41cdec/antenna/tag/e28068940000400386621d4f, 77
1652705616.563306, sdrt-health/mac:02010b41cdec/antenna/tag/e28068940000400386621d4f, 77
1652705616.605424, sdrt-health/mac:02010b41cdec/antenna/tag/e28068940000400386621d4f, 96
1652705616.645414, sdrt-health/mac:02010b41cdec/antenna/tag/e2806894000050038662154f, 94
1652705616.700716, sdrt-health/mac:02010b41cdec/antenna/tag/e2806894000050038661fd4f, 83
1652705616.758943, sdrt-health/mac:02010b41cdec/antenna/tag/e28068940000500386620d4f, 85
1652705616.796434, sdrt-health/mac:02010b41cdec/antenna/tag/e2806894000040038662114f, 85
1652705616.841048, sdrt-health/mac:02010b41cdec/antenna/tag/e2806894000050038662154f, 85
1652705616.887549, sdrt-health/mac:02010b41cdec/antenna/tag/e2806894000040038662114f, 88
1652705616.951937, sdrt-health/mac:02010b41cdec/antenna/tag/e2806894000040038662114f, 88
1652705616.952486, sdrt-health/mac:02010b41cdec/antenna/tag/e2806894000050038661fd4f, 86
1652705616.967198, sdrt-health/mac:02010b41cdec/antenna/tag/e28068940000500386620d4f, 87
1652705616.990873, sdrt-health/mac:02010b41cdec/antenna/tag/e2806894000050038662154f, 87
1652705617.035891, sdrt-health/mac:02010b41cdec/antenna/tag/e28068940000500386620d4f, 93
1652705617.095183, sdrt-health/mac:02010b41cdec/antenna/tag/e2806894000040038662114f, 88
1652705617.095723, sdrt-health/mac:02010b41cdec/antenna/tag/e2806894000050038662194f, 81
1652705617.126729, sdrt-health/mac:02010b41cdec/antenna/tag/e2806894000050038661fd4f, 86
1652705617.175917, sdrt-health/mac:02010b41cdec/antenna/tag/e2806894000040038662114f, 85
1652705617.233609, sdrt-health/mac:02010b41cdec/antenna/tag/e2806894000050038662194f, 81
1652705617.234114, sdrt-health/mac:02010b41cdec/antenna/tag/e28068940000400386621d4f, 77
1652705617.275394, sdrt-health/mac:02010b41cdec/antenna/tag/e28068940000500386620d4f, 87
1652705617.306418, sdrt-health/mac:02010b41cdec/antenna/tag/e2806894000050038661fd4f, 86
1652705617.306771, sdrt-health/mac:02010b41cdec/antenna/tag/e28068940000400386621d4f, 90
1652705617.321292, sdrt-health/mac:02010b41cdec/antenna/tag/e2806894000050038662194f, 94
1652705617.321557, sdrt-health/mac:02010b41cdec/antenna/tag/e2806894000050038662154f, 93
1652705617.32174, sdrt-health/mac:02010b41cdec/antenna/tag/e2806894000040038662114f, 88
1652705617.398909, sdrt-health/mac:02010b41cdec/antenna/tag/e2806894000050038661fd4f, 86
1652705617.455868, sdrt-health/mac:02010b41cdec/antenna/tag/e2806894000050038661fd4f, 86
1652705617.495842, sdrt-health/mac:02010b41cdec/antenna/tag/e2806894000050038662194f, 81
1652705617.558685, sdrt-health/mac:02010b41cdec/antenna/tag/e28068940000500386620d4f, 87
1652705617.606733, sdrt-health/mac:02010b41cdec/antenna/tag/e2806894000050038662154f, 87
1652705617.655996, sdrt-health/mac:02010b41cdec/antenna/tag/e2806894000040038662114f, 85
1652705617.695969, sdrt-health/mac:02010b41cdec/antenna/tag/e2806894000050038661fd4f, 86
1652705617.752751, sdrt-health/mac:02010b41cdec/antenna/tag/e2806894000050038662154f, 88
1652705617.753197, sdrt-health/mac:02010b41cdec/antenna/tag/e28068940000500386620d4f, 81
1652705617.801111, sdrt-health/mac:02010b41cdec/antenna/tag/e2806894000040038662114f, 85
1652705617.845738, sdrt-health/mac:02010b41cdec/antenna/tag/e2806894000050038662154f, 83
1652705617.912167, sdrt-health/mac:02010b41cdec/antenna/tag/e28068940000500386620d4f, 83
1652705617.912687, sdrt-health/mac:02010b41cdec/antenna/tag/e2806894000050038661fd4f, 83
1652705617.94868, sdrt-health/mac:02010b41cdec/antenna/tag/e2806894000050038661fd4f, 83
1652705618.012512, sdrt-health/mac:02010b41cdec/antenna/tag/e2806894000050038662154f, 94
1652705618.012999, sdrt-health/mac:02010b41cdec/antenna/tag/e2806894000040038662114f, 88
1652705618.027361, sdrt-health/mac:02010b41cdec/antenna/tag/e2806894000050038661fd4f, 83
1652705618.030994, sdrt-health/mac:02010b41cdec/antenna/tag/e2806894000050038662154f, 87
1652705618.078063, sdrt-health/mac:02010b41cdec/antenna/tag/e2806894000040038662114f, 85
1652705618.135405, sdrt-health/mac:02010b41cdec/antenna/tag/e28068940000400386621d4f, 77
1652705618.135863, sdrt-health/mac:02010b41cdec/antenna/tag/e2806894000050038662154f, 83
1652705618.150288, sdrt-health/mac:02010b41cdec/antenna/tag/e28068940000400386621d4f, 77
1652705618.171171, sdrt-health/mac:02010b41cdec/antenna/tag/e2806894000050038662154f, 94
1652705618.225644, sdrt-health/mac:02010b41cdec/antenna/tag/e2806894000050038662154f, 83
1652705618.289578, sdrt-health/mac:02010b41cdec/antenna/tag/e2806894000040038662114f, 88
1652705618.290042, sdrt-health/mac:02010b41cdec/antenna/tag/e28068940000400386621d4f, 96
1652705618.30544, sdrt-health/mac:02010b41cdec/antenna/tag/e2806894000050038661fd4f, 83
1652705618.32541, sdrt-health/mac:02010b41cdec/antenna/tag/e2806894000050038662154f, 81
1652705618.563302, sdrt-health/mac:02010b41cdec/antenna/tag/e2806894000040038662114f, 85
1652705618.567882, sdrt-health/mac:02010b41cdec/antenna/tag/e2806894000050038661fd4f, 86
1652705618.64155, sdrt-health/mac:02010b41cdec/antenna/tag/e2806894000050038661fd4f, 83
1652705618.642064, sdrt-health/mac:02010b41cdec/antenna/tag/e2806894000050038662154f, 83
1652705618.657132, sdrt-health/mac:02010b41cdec/antenna/tag/e28068940000400386621d4f, 90
1652705618.657587, sdrt-health/mac:02010b41cdec/antenna/tag/e28068940000500386620d4f, 87
1652705618.657959, sdrt-health/mac:02010b41cdec/antenna/tag/e2806894000050038662154f, 93
1652705618.658404, sdrt-health/mac:02010b41cdec/antenna/tag/e28068940000400386621d4f, 90
1652705618.658738, sdrt-health/mac:02010b41cdec/antenna/tag/e28068940000400386621d4f, 90
1652705618.708242, sdrt-health/mac:02010b41cdec/antenna/tag/e2806894000050038662194f, 87
1652705618.738537, sdrt-health/mac:02010b41cdec/antenna/tag/e2806894000040038662114f, 88
1652705618.738774, sdrt-health/mac:02010b41cdec/antenna/tag/e2806894000040038662114f, 85
1652705618.738888, sdrt-health/mac:02010b41cdec/antenna/tag/e2806894000050038661fd4f, 86
1652705618.752752, sdrt-health/mac:02010b41cdec/antenna/tag/e2806894000040038662114f, 85
1652705618.752948, sdrt-health/mac:02010b41cdec/antenna/tag/e2806894000050038662154f, 83
1652705618.807954, sdrt-health/mac:02010b41cdec/antenna/tag/e2806894000040038662114f, 85
1652705618.856377, sdrt-health/mac:02010b41cdec/antenna/tag/e2806894000040038662114f, 85
1652705618.887301, sdrt-health/mac:02010b41cdec/antenna/tag/e2806894000050038661fd4f, 86
1652705618.887514, sdrt-health/mac:02010b41cdec/antenna/tag/e2806894000050038662154f, 85
1652705618.972015, sdrt-health/mac:02010b41cdec/antenna/tag/e2806894000040038662114f, 91
1652705619.036724, sdrt-health/mac:02010b41cdec/antenna/tag/e28068940000500386620d4f, 87
1652705619.103148, sdrt-health/mac:02010b41cdec/antenna/tag/e28068940000500386620d4f, 93
1652705619.103566, sdrt-health/mac:02010b41cdec/antenna/tag/e28068940000500386620d4f, 87
1652705619.118478, sdrt-health/mac:02010b41cdec/antenna/tag/e2806894000050038662154f, 83
1652705619.126188, sdrt-health/mac:02010b41cdec/antenna/tag/e2806894000040038662114f, 85
1652705619.225666, sdrt-health/mac:02010b41cdec/antenna/tag/e2806894000040038662114f, 85
1652705619.256359, sdrt-health/mac:02010b41cdec/antenna/tag/e2806894000050038661fd4f, 83
1652705619.28537, sdrt-health/mac:02010b41cdec/antenna/tag/e2806894000050038661fd4f, 83
1652705619.285714, sdrt-health/mac:02010b41cdec/antenna/tag/e2806894000040038662114f, 88
1652705619.299559, sdrt-health/mac:02010b41cdec/antenna/tag/e28068940000500386620d4f, 93
1652705619.299773, sdrt-health/mac:02010b41cdec/antenna/tag/e2806894000050038662154f, 81
1652705619.356082, sdrt-health/mac:02010b41cdec/antenna/tag/e2806894000050038661fd4f, 86
1652705619.399697, sdrt-health/mac:02010b41cdec/antenna/tag/e2806894000040038662114f, 85
1652705619.43622, sdrt-health/mac:02010b41cdec/antenna/tag/e2806894000040038662114f, 85
1652705619.478113, sdrt-health/mac:02010b41cdec/antenna/tag/e2806894000040038662114f, 93
1652705619.531628, sdrt-health/mac:02010b41cdec/antenna/tag/e2806894000050038662154f, 85
1652705619.533055, sdrt-health/mac:02010b41cdec/antenna/tag/e28068940000500386620d4f, 85
1652705619.549281, sdrt-health/mac:02010b41cdec/antenna/tag/e28068940000400386621d4f, 90
1652705619.560184, sdrt-health/mac:02010b41cdec/antenna/tag/e2806894000050038661fd4f, 86
1652705619.60684, sdrt-health/mac:02010b41cdec/antenna/tag/e2806894000050038661fd4f, 86
1652705619.666162, sdrt-health/mac:02010b41cdec/antenna/tag/e28068940000400386621d4f, 96
1652705619.711452, sdrt-health/mac:02010b41cdec/antenna/tag/e28068940000400386621d4f, 90
1652705619.757489, sdrt-health/mac:02010b41cdec/antenna/tag/e2806894000050038662154f, 85
1652705619.816682, sdrt-health/mac:02010b41cdec/antenna/tag/e28068940000400386621d4f, 90
1652705619.817297, sdrt-health/mac:02010b41cdec/antenna/tag/e28068940000400386621d4f, 90
1652705619.878595, sdrt-health/mac:02010b41cdec/antenna/tag/e28068940000400386621d4f, 90
1652705619.915651, sdrt-health/mac:02010b41cdec/antenna/tag/e28068940000500386620d4f, 87
1652705620.020966, sdrt-health/mac:02010b41cdec/antenna/tag/e2806894000050038662154f, 85
1652705620.021418, sdrt-health/mac:02010b41cdec/antenna/tag/e2806894000050038662194f, 81
1652705620.098713, sdrt-health/mac:02010b41cdec/antenna/tag/e2806894000050038662194f, 81
1652705620.137699, sdrt-health/mac:02010b41cdec/antenna/tag/e28068940000400386621d4f, 96
1652705620.192204, sdrt-health/mac:02010b41cdec/antenna/tag/e2806894000050038661fd4f, 83
1652705620.192715, sdrt-health/mac:02010b41cdec/antenna/tag/e2806894000040038662114f, 85
1652705620.207303, sdrt-health/mac:02010b41cdec/antenna/tag/e2806894000050038662154f, 85
1652705620.236738, sdrt-health/mac:02010b41cdec/antenna/tag/e2806894000050038662194f, 81
1652705620.2863, sdrt-health/mac:02010b41cdec/antenna/tag/e28068940000400386621d4f, 96
1652705620.341755, sdrt-health/mac:02010b41cdec/antenna/tag/e2806894000050038662194f, 94
1652705620.342293, sdrt-health/mac:02010b41cdec/antenna/tag/e28068940000400386621d4f, 96
1652705620.356764, sdrt-health/mac:02010b41cdec/antenna/tag/e28068940000400386621d4f, 96
1652705620.375633, sdrt-health/mac:02010b41cdec/antenna/tag/e28068940000400386621d4f, 96
1652705620.431334, sdrt-health/mac:02010b41cdec/antenna/tag/e2806894000040038662054f, 94
1652705620.431754, sdrt-health/mac:02010b41cdec/antenna/tag/e28068940000500386620d4f, 93
1652705620.44654, sdrt-health/mac:02010b41cdec/antenna/tag/e2806894000050038661fd4f, 90
1652705620.446742, sdrt-health/mac:02010b41cdec/antenna/tag/e2806894000040038662114f, 85
1652705620.455772, sdrt-health/mac:02010b41cdec/antenna/tag/e2806894000050038661fd4f, 86
1652705620.460319, sdrt-health/mac:02010b41cdec/antenna/tag/e28068940000400386621d4f, 96
1652705620.519128, sdrt-health/mac:02010b41cdec/antenna/tag/e28068940000500386620d4f, 87
1652705620.56591, sdrt-health/mac:02010b41cdec/antenna/tag/e2806894000050038661fd4f, 86
1652705620.616894, sdrt-health/mac:02010b41cdec/antenna/tag/e2806894000040038662114f, 85
1652705620.645778, sdrt-health/mac:02010b41cdec/antenna/tag/e2806894000050038662194f, 94
1652705620.646066, sdrt-health/mac:02010b41cdec/antenna/tag/e2806894000050038661fd4f, 86
1652705620.662096, sdrt-health/mac:02010b41cdec/antenna/tag/e2806894000050038661fd4f, 86
1652705620.699039, sdrt-health/mac:02010b41cdec/antenna/tag/e2806894000050038662154f, 88
1652705620.743833, sdrt-health/mac:02010b41cdec/antenna/tag/e2806894000040038662114f, 85
1652705620.744333, sdrt-health/mac:02010b41cdec/antenna/tag/e28068940000400386621d4f, 96
1652705620.768728, sdrt-health/mac:02010b41cdec/antenna/tag/e2806894000040038662114f, 85
1652705620.840116, sdrt-health/mac:02010b41cdec/antenna/tag/e28068940000400386621d4f, 90
1652705620.908977, sdrt-health/mac:02010b41cdec/antenna/tag/e2806894000050038661fd4f, 86
1652705620.90948, sdrt-health/mac:02010b41cdec/antenna/tag/e28068940000500386620d4f, 93
1652705620.924199, sdrt-health/mac:02010b41cdec/antenna/tag/e28068940000500386620d4f, 87
1652705620.93668, sdrt-health/mac:02010b41cdec/antenna/tag/e28068940000500386620d4f, 87
1652705620.976509, sdrt-health/mac:02010b41cdec/antenna/tag/e2806894000040038662114f, 88
1652705621.031023, sdrt-health/mac:02010b41cdec/antenna/tag/e2806894000050038661fd4f, 90
1652705621.031527, sdrt-health/mac:02010b41cdec/antenna/tag/e28068940000500386620d4f, 85
1652705621.07231, sdrt-health/mac:02010b41cdec/antenna/tag/e28068940000500386620d4f, 93
1652705621.116542, sdrt-health/mac:02010b41cdec/antenna/tag/e2806894000050038662154f, 85
1652705621.167107, sdrt-health/mac:02010b41cdec/antenna/tag/e2806894000040038662214f, 81
1652705621.219946, sdrt-health/mac:02010b41cdec/antenna/tag/e2806894000050038662154f, 83
1652705621.220445, sdrt-health/mac:02010b41cdec/antenna/tag/e2806894000040038662114f, 85
1652705621.288551, sdrt-health/mac:02010b41cdec/antenna/tag/e28068940000400386621d4f, 96
1652705621.336511, sdrt-health/mac:02010b41cdec/antenna/tag/e28068940000500386620d4f, 87
1652705621.337271, sdrt-health/mac:02010b41cdec/antenna/tag/e28068940000500386620d4f, 87
1652705621.391624, sdrt-health/mac:02010b41cdec/antenna/tag/e2806894000050038661fd4f, 86
1652705621.436056, sdrt-health/mac:02010b41cdec/antenna/tag/e2806894000050038661fd4f, 86
1652705621.479889, sdrt-health/mac:02010b41cdec/antenna/tag/e2806894000040038662114f, 91
1652705621.525613, sdrt-health/mac:02010b41cdec/antenna/tag/e2806894000050038662194f, 81
1652705621.576342, sdrt-health/mac:02010b41cdec/antenna/tag/e2806894000050038662194f, 81
1652705621.64605, sdrt-health/mac:02010b41cdec/antenna/tag/e2806894000050038662154f, 87
1652705621.646509, sdrt-health/mac:02010b41cdec/antenna/tag/e28068940000500386620d4f, 87
1652705621.661001, sdrt-health/mac:02010b41cdec/antenna/tag/e28068940000400386621d4f, 90
1652705621.693654, sdrt-health/mac:02010b41cdec/antenna/tag/e28068940000400386621d4f, 90
1652705621.69428, sdrt-health/mac:02010b41cdec/antenna/tag/e28068940000400386621d4f, 96
1652705621.736103, sdrt-health/mac:02010b41cdec/antenna/tag/e28068940000400386621d4f, 77
1652705621.765618, sdrt-health/mac:02010b41cdec/antenna/tag/e2806894000050038662154f, 83
1652705621.766005, sdrt-health/mac:02010b41cdec/antenna/tag/e2806894000050038661fd4f, 83
1652705621.766282, sdrt-health/mac:02010b41cdec/antenna/tag/e2806894000050038662154f, 87
1652705621.779766, sdrt-health/mac:02010b41cdec/antenna/tag/e28068940000500386620d4f, 85
1652705621.825714, sdrt-health/mac:02010b41cdec/antenna/tag/e2806894000050038662154f, 88
1652705621.875382, sdrt-health/mac:02010b41cdec/antenna/tag/e28068940000400386621d4f, 96
1652705621.962584, sdrt-health/mac:02010b41cdec/antenna/tag/e2806894000050038662154f, 85
1652705621.963134, sdrt-health/mac:02010b41cdec/antenna/tag/e28068940000400386621d4f, 90
1652705621.976646, sdrt-health/mac:02010b41cdec/antenna/tag/e2806894000050038661fd4f, 86
1652705621.977152, sdrt-health/mac:02010b41cdec/antenna/tag/e2806894000040038662114f, 85
1652705622.016035, sdrt-health/mac:02010b41cdec/antenna/tag/e2806894000050038662154f, 88
1652705622.065187, sdrt-health/mac:02010b41cdec/antenna/tag/e2806894000050038662154f, 87
1652705622.112458, sdrt-health/mac:02010b41cdec/antenna/tag/e2806894000050038662154f, 83
1652705622.165447, sdrt-health/mac:02010b41cdec/antenna/tag/e28068940000400386621d4f, 96
1652705622.232946, sdrt-health/mac:02010b41cdec/antenna/tag/e28068940000500386620d4f, 87
1652705622.233304, sdrt-health/mac:02010b41cdec/antenna/tag/e28068940000500386620d4f, 85
1652705622.271494, sdrt-health/mac:02010b41cdec/antenna/tag/e2806894000040038662114f, 85
1652705622.303303, sdrt-health/mac:02010b41cdec/antenna/tag/e2806894000050038662154f, 93
1652705622.303587, sdrt-health/mac:02010b41cdec/antenna/tag/e2806894000040038662114f, 88
1652705622.303801, sdrt-health/mac:02010b41cdec/antenna/tag/e28068940000500386620d4f, 85
1652705622.317545, sdrt-health/mac:02010b41cdec/antenna/tag/e28068940000500386620d4f, 85
1652705622.361496, sdrt-health/mac:02010b41cdec/antenna/tag/e28068940000400386621d4f, 90
1652705622.421956, sdrt-health/mac:02010b41cdec/antenna/tag/e2806894000040038662114f, 85
1652705622.4223, sdrt-health/mac:02010b41cdec/antenna/tag/e28068940000400386621d4f, 90
1652705622.455293, sdrt-health/mac:02010b41cdec/antenna/tag/e28068940000400386621d4f, 90
1652705622.495702, sdrt-health/mac:02010b41cdec/antenna/tag/e28068940000500386620d4f, 93
1652705622.550458, sdrt-health/mac:02010b41cdec/antenna/tag/e2806894000050038661fd4f, 86
1652705622.550905, sdrt-health/mac:02010b41cdec/antenna/tag/e28068940000500386620d4f, 87
1652705622.590919, sdrt-health/mac:02010b41cdec/antenna/tag/e28068940000400386621d4f, 96
1652705622.651767, sdrt-health/mac:02010b41cdec/antenna/tag/e28068940000500386620d4f, 83
1652705622.65225, sdrt-health/mac:02010b41cdec/antenna/tag/e2806894000040038662114f, 85
1652705622.667577, sdrt-health/mac:02010b41cdec/antenna/tag/e2806894000050038661fd4f, 83
1652705622.667905, sdrt-health/mac:02010b41cdec/antenna/tag/e2806894000050038662194f, 81
1652705622.680912, sdrt-health/mac:02010b41cdec/antenna/tag/e2806894000050038662194f, 81
1652705622.725961, sdrt-health/mac:02010b41cdec/antenna/tag/e28068940000500386620d4f, 93
1652705622.798525, sdrt-health/mac:02010b41cdec/antenna/tag/e2806894000050038662154f, 85
1652705622.798969, sdrt-health/mac:02010b41cdec/antenna/tag/e2806894000040038662114f, 88
1652705622.813137, sdrt-health/mac:02010b41cdec/antenna/tag/e28068940000500386620d4f, 93
1652705622.831791, sdrt-health/mac:02010b41cdec/antenna/tag/e28068940000500386620d4f, 85
1652705622.876838, sdrt-health/mac:02010b41cdec/antenna/tag/e2806894000050038662154f, 93
1652705622.906603, sdrt-health/mac:02010b41cdec/antenna/tag/e2806894000050038662154f, 85
1652705622.90694, sdrt-health/mac:02010b41cdec/antenna/tag/e2806894000050038661fd4f, 86
1652705622.921267, sdrt-health/mac:02010b41cdec/antenna/tag/e2806894000050038661fd4f, 86
1652705622.921534, sdrt-health/mac:02010b41cdec/antenna/tag/e2806894000050038662154f, 88
1652705622.965137, sdrt-health/mac:02010b41cdec/antenna/tag/e2806894000050038662154f, 81
1652705623.024981, sdrt-health/mac:02010b41cdec/antenna/tag/e2806894000040038662114f, 85
1652705623.086175, sdrt-health/mac:02010b41cdec/antenna/tag/e2806894000040038662114f, 85
1652705623.086622, sdrt-health/mac:02010b41cdec/antenna/tag/e2806894000040038662114f, 85
1652705623.099862, sdrt-health/mac:02010b41cdec/antenna/tag/e2806894000050038662154f, 83
1652705623.130098, sdrt-health/mac:02010b41cdec/antenna/tag/e2806894000050038661fd4f, 86
1652705623.130336, sdrt-health/mac:02010b41cdec/antenna/tag/e2806894000050038661fd4f, 83
1652705623.144807, sdrt-health/mac:02010b41cdec/antenna/tag/e2806894000040038662114f, 87
1652705623.158944, sdrt-health/mac:02010b41cdec/antenna/tag/e28068940000400386621d4f, 77
1652705623.159313, sdrt-health/mac:02010b41cdec/antenna/tag/e2806894000050038661fd4f, 83
1652705623.159639, sdrt-health/mac:02010b41cdec/antenna/tag/e2806894000050038662154f, 81
1652705623.239983, sdrt-health/mac:02010b41cdec/antenna/tag/e2806894000050038662154f, 85
1652705623.287367, sdrt-health/mac:02010b41cdec/antenna/tag/e2806894000050038662154f, 85
1652705623.38268, sdrt-health/mac:02010b41cdec/antenna/tag/e28068940000400386621d4f, 96
1652705623.383187, sdrt-health/mac:02010b41cdec/antenna/tag/e2806894000050038661fd4f, 86
1652705623.415701, sdrt-health/mac:02010b41cdec/antenna/tag/e28068940000400386621d4f, 90
1652705623.447715, sdrt-health/mac:02010b41cdec/antenna/tag/e28068940000500386620d4f, 85
1652705623.44795, sdrt-health/mac:02010b41cdec/antenna/tag/e2806894000050038661fd4f, 86
1652705623.462168, sdrt-health/mac:02010b41cdec/antenna/tag/e2806894000040038662114f, 88
1652705623.496089, sdrt-health/mac:02010b41cdec/antenna/tag/e2806894000050038662194f, 94
1652705623.551537, sdrt-health/mac:02010b41cdec/antenna/tag/e2806894000050038661fd4f, 86
1652705623.552002, sdrt-health/mac:02010b41cdec/antenna/tag/e28068940000400386621d4f, 90
1652705623.565069, sdrt-health/mac:02010b41cdec/antenna/tag/e2806894000040038662114f, 91
1652705623.575283, sdrt-health/mac:02010b41cdec/antenna/tag/e2806894000050038662194f, 94
1652705623.617431, sdrt-health/mac:02010b41cdec/antenna/tag/e2806894000050038662194f, 81
1652705623.656467, sdrt-health/mac:02010b41cdec/antenna/tag/e28068940000500386620d4f, 87
1652705623.695864, sdrt-health/mac:02010b41cdec/antenna/tag/e28068940000400386621d4f, 77
1652705623.767855, sdrt-health/mac:02010b41cdec/antenna/tag/e28068940000500386620d4f, 81
1652705623.768376, sdrt-health/mac:02010b41cdec/antenna/tag/e2806894000050038662154f, 94
1652705623.782841, sdrt-health/mac:02010b41cdec/antenna/tag/e2806894000050038662154f, 87
1652705623.815545, sdrt-health/mac:02010b41cdec/antenna/tag/e28068940000500386620d4f, 83
1652705623.877926, sdrt-health/mac:02010b41cdec/antenna/tag/e28068940000400386621d4f, 90
1652705623.878508, sdrt-health/mac:02010b41cdec/antenna/tag/e2806894000050038661fd4f, 86
1652705623.893004, sdrt-health/mac:02010b41cdec/antenna/tag/e28068940000400386621d4f, 96
1652705623.906619, sdrt-health/mac:02010b41cdec/antenna/tag/e28068940000400386621d4f, 90
1652705623.906945, sdrt-health/mac:02010b41cdec/antenna/tag/e2806894000050038662154f, 93
1652705623.907182, sdrt-health/mac:02010b41cdec/antenna/tag/e2806894000040038662114f, 85
1652705623.951782, sdrt-health/mac:02010b41cdec/antenna/tag/e2806894000040038662114f, 88
1652705624.011456, sdrt-health/mac:02010b41cdec/antenna/tag/e28068940000500386620d4f, 93
1652705624.011987, sdrt-health/mac:02010b41cdec/antenna/tag/e2806894000050038662154f, 93
1652705624.012399, sdrt-health/mac:02010b41cdec/antenna/tag/e28068940000500386620d4f, 93
1652705624.046142, sdrt-health/mac:02010b41cdec/antenna/tag/e2806894000050038661fd4f, 86
1652705624.09224, sdrt-health/mac:02010b41cdec/antenna/tag/e2806894000040038662114f, 93
1652705624.09258, sdrt-health/mac:02010b41cdec/antenna/tag/e2806894000050038662154f, 83
1652705624.118966, sdrt-health/mac:02010b41cdec/antenna/tag/e28068940000500386620d4f, 83
1652705624.167023, sdrt-health/mac:02010b41cdec/antenna/tag/e28068940000500386620d4f, 94
1652705624.216569, sdrt-health/mac:02010b41cdec/antenna/tag/e28068940000500386620d4f, 85
1652705624.25666, sdrt-health/mac:02010b41cdec/antenna/tag/e2806894000050038661fd4f, 86
1652705624.257087, sdrt-health/mac:02010b41cdec/antenna/tag/e28068940000400386621d4f, 96
1652705624.305927, sdrt-health/mac:02010b41cdec/antenna/tag/e2806894000050038662154f, 93
1652705624.358674, sdrt-health/mac:02010b41cdec/antenna/tag/e28068940000400386621d4f, 96
1652705624.406744, sdrt-health/mac:02010b41cdec/antenna/tag/e28068940000400386621d4f, 96
1652705624.471893, sdrt-health/mac:02010b41cdec/antenna/tag/e2806894000050038662154f, 81
1652705624.472401, sdrt-health/mac:02010b41cdec/antenna/tag/e28068940000500386620d4f, 93
1652705624.486588, sdrt-health/mac:02010b41cdec/antenna/tag/e2806894000050038662154f, 81
1652705624.499879, sdrt-health/mac:02010b41cdec/antenna/tag/e28068940000500386620d4f, 83
1652705624.547682, sdrt-health/mac:02010b41cdec/antenna/tag/e2806894000040038662114f, 85
1652705624.592135, sdrt-health/mac:02010b41cdec/antenna/tag/e2806894000050038662194f, 94
1652705624.650087, sdrt-health/mac:02010b41cdec/antenna/tag/e2806894000040038662114f, 88
1652705624.650593, sdrt-health/mac:02010b41cdec/antenna/tag/e28068940000400386621d4f, 77
1652705624.664602, sdrt-health/mac:02010b41cdec/antenna/tag/e2806894000050038662154f, 81
1652705624.678645, sdrt-health/mac:02010b41cdec/antenna/tag/e2806894000050038662154f, 83
1652705624.681551, sdrt-health/mac:02010b41cdec/antenna/tag/e2806894000050038662194f, 83
1652705624.736297, sdrt-health/mac:02010b41cdec/antenna/tag/e2806894000050038661fd4f, 86
1652705624.809029, sdrt-health/mac:02010b41cdec/antenna/tag/e2806894000050038662154f, 81
1652705624.809508, sdrt-health/mac:02010b41cdec/antenna/tag/e28068940000500386620d4f, 85
1652705624.825289, sdrt-health/mac:02010b41cdec/antenna/tag/e28068940000400386621d4f, 90
1652705624.841968, sdrt-health/mac:02010b41cdec/antenna/tag/e28068940000500386620d4f, 81
1652705624.920759, sdrt-health/mac:02010b41cdec/antenna/tag/e28068940000400386621d4f, 90
1652705624.966707, sdrt-health/mac:02010b41cdec/antenna/tag/e28068940000500386620d4f, 87
1652705625.0163, sdrt-health/mac:02010b41cdec/antenna/tag/e2806894000040038662114f, 88
1652705625.088062, sdrt-health/mac:02010b41cdec/antenna/tag/e28068940000500386620d4f, 93
1652705625.127849, sdrt-health/mac:02010b41cdec/antenna/tag/e2806894000050038662154f, 87
1652705625.191618, sdrt-health/mac:02010b41cdec/antenna/tag/e28068940000400386621d4f, 90
1652705625.192149, sdrt-health/mac:02010b41cdec/antenna/tag/e28068940000500386620d4f, 93
1652705625.192594, sdrt-health/mac:02010b41cdec/antenna/tag/e2806894000050038662194f, 88
1652705625.232305, sdrt-health/mac:02010b41cdec/antenna/tag/e28068940000500386620d4f, 81
1652705625.349202, sdrt-health/mac:02010b41cdec/antenna/tag/e2806894000050038661fd4f, 83
1652705625.349656, sdrt-health/mac:02010b41cdec/antenna/tag/e28068940000500386620d4f, 87
1652705625.406377, sdrt-health/mac:02010b41cdec/antenna/tag/e28068940000500386620d4f, 93
1652705625.494156, sdrt-health/mac:02010b41cdec/antenna/tag/e2806894000050038661fd4f, 86
1652705625.494664, sdrt-health/mac:02010b41cdec/antenna/tag/e2806894000050038662154f, 93
1652705625.534125, sdrt-health/mac:02010b41cdec/antenna/tag/e28068940000500386620d4f, 93
1652705625.616284, sdrt-health/mac:02010b41cdec/antenna/tag/e2806894000040038662114f, 85
1652705625.711884, sdrt-health/mac:02010b41cdec/antenna/tag/e2806894000040038662054f, 83
1652705625.755277, sdrt-health/mac:02010b41cdec/antenna/tag/e28068940000500386620d4f, 93
1652705625.799541, sdrt-health/mac:02010b41cdec/antenna/tag/e2806894000050038662154f, 83
1652705625.860894, sdrt-health/mac:02010b41cdec/antenna/tag/e2806894000050038662154f, 83
1652705625.861452, sdrt-health/mac:02010b41cdec/antenna/tag/e2806894000050038662154f, 94
1652705625.896758, sdrt-health/mac:02010b41cdec/antenna/tag/e2806894000050038661fd4f, 86
1652705625.92551, sdrt-health/mac:02010b41cdec/antenna/tag/e28068940000500386620d4f, 83
1652705625.926017, sdrt-health/mac:02010b41cdec/antenna/tag/e2806894000040038662114f, 85
1652705625.939657, sdrt-health/mac:02010b41cdec/antenna/tag/e2806894000050038662194f, 81
1652705625.975383, sdrt-health/mac:02010b41cdec/antenna/tag/e2806894000050038662154f, 85
1652705626.015743, sdrt-health/mac:02010b41cdec/antenna/tag/e28068940000500386620d4f, 87
1652705626.064206, sdrt-health/mac:02010b41cdec/antenna/tag/e28068940000400386621d4f, 96
1652705626.127374, sdrt-health/mac:02010b41cdec/antenna/tag/e28068940000400386621d4f, 96
1652705626.127746, sdrt-health/mac:02010b41cdec/antenna/tag/e2806894000050038662194f, 94
1652705626.142935, sdrt-health/mac:02010b41cdec/antenna/tag/e28068940000400386621d4f, 96
1652705626.155719, sdrt-health/mac:02010b41cdec/antenna/tag/e2806894000050038662194f, 83
1652705626.227114, sdrt-health/mac:02010b41cdec/antenna/tag/e28068940000400386621d4f, 96
1652705626.27165, sdrt-health/mac:02010b41cdec/antenna/tag/e28068940000400386621d4f, 90
1652705626.381356, sdrt-health/mac:02010b41cdec/antenna/tag/e2806894000050038662154f, 85
1652705626.381844, sdrt-health/mac:02010b41cdec/antenna/tag/e28068940000400386621d4f, 90
1652705626.446164, sdrt-health/mac:02010b41cdec/antenna/tag/e28068940000500386620d4f, 87
1652705626.476033, sdrt-health/mac:02010b41cdec/antenna/tag/e28068940000500386620d4f, 85
1652705626.476542, sdrt-health/mac:02010b41cdec/antenna/tag/e2806894000050038661fd4f, 83
1652705626.491735, sdrt-health/mac:02010b41cdec/antenna/tag/e2806894000050038662194f, 88
1652705626.536961, sdrt-health/mac:02010b41cdec/antenna/tag/e2806894000050038661fd4f, 90
1652705626.589828, sdrt-health/mac:02010b41cdec/antenna/tag/e2806894000050038662194f, 84
1652705626.590299, sdrt-health/mac:02010b41cdec/antenna/tag/e2806894000040038662114f, 88
1652705626.636248, sdrt-health/mac:02010b41cdec/antenna/tag/e2806894000040038662114f, 93
1652705626.679769, sdrt-health/mac:02010b41cdec/antenna/tag/e28068940000400386621d4f, 90
1652705626.728272, sdrt-health/mac:02010b41cdec/antenna/tag/e2806894000050038662154f, 83
1652705626.776139, sdrt-health/mac:02010b41cdec/antenna/tag/e28068940000400386621d4f, 77
1652705626.829877, sdrt-health/mac:02010b41cdec/antenna/tag/e28068940000500386620d4f, 87
1652705626.830343, sdrt-health/mac:02010b41cdec/antenna/tag/e28068940000400386621d4f, 77
1652705626.844736, sdrt-health/mac:02010b41cdec/antenna/tag/e2806894000040038662114f, 85
1652705626.893516, sdrt-health/mac:02010b41cdec/antenna/tag/e28068940000400386621d4f, 96
1652705626.936359, sdrt-health/mac:02010b41cdec/antenna/tag/e28068940000500386620d4f, 85
1652705626.992235, sdrt-health/mac:02010b41cdec/antenna/tag/e28068940000400386621d4f, 96
1652705626.992873, sdrt-health/mac:02010b41cdec/antenna/tag/e2806894000050038661fd4f, 86
1652705627.015522, sdrt-health/mac:02010b41cdec/antenna/tag/e2806894000050038661fd4f, 86
1652705627.070989, sdrt-health/mac:02010b41cdec/antenna/tag/e28068940000400386621d4f, 90
1652705627.071449, sdrt-health/mac:02010b41cdec/antenna/tag/e2806894000050038662154f, 93
1652705627.099315, sdrt-health/mac:02010b41cdec/antenna/tag/e2806894000050038662194f, 94
1652705627.150748, sdrt-health/mac:02010b41cdec/antenna/tag/e2806894000040038662114f, 88
1652705627.151292, sdrt-health/mac:02010b41cdec/antenna/tag/e2806894000050038661fd4f, 86
1652705627.176397, sdrt-health/mac:02010b41cdec/antenna/tag/e2806894000050038661fd4f, 86
1652705627.205487, sdrt-health/mac:02010b41cdec/antenna/tag/e2806894000050038662154f, 88
1652705627.205928, sdrt-health/mac:02010b41cdec/antenna/tag/e28068940000400386621d4f, 96
1652705627.220652, sdrt-health/mac:02010b41cdec/antenna/tag/e2806894000050038662154f, 88
1652705627.220975, sdrt-health/mac:02010b41cdec/antenna/tag/e2806894000040038662114f, 85
1652705627.295523, sdrt-health/mac:02010b41cdec/antenna/tag/e28068940000500386620d4f, 87
1652705627.345905, sdrt-health/mac:02010b41cdec/antenna/tag/e28068940000400386621d4f, 90
1652705627.376869, sdrt-health/mac:02010b41cdec/antenna/tag/e28068940000500386620d4f, 85
1652705627.377251, sdrt-health/mac:02010b41cdec/antenna/tag/e2806894000050038662154f, 85
1652705627.391504, sdrt-health/mac:02010b41cdec/antenna/tag/e2806894000040038661f94f, 94
1652705627.445121, sdrt-health/mac:02010b41cdec/antenna/tag/e2806894000040038662114f, 85
1652705627.47716, sdrt-health/mac:02010b41cdec/antenna/tag/e2806894000050038661fd4f, 86
1652705627.477492, sdrt-health/mac:02010b41cdec/antenna/tag/e28068940000500386620d4f, 85
1652705627.477692, sdrt-health/mac:02010b41cdec/antenna/tag/e2806894000040038662114f, 88
1652705627.494904, sdrt-health/mac:02010b41cdec/antenna/tag/e28068940000400386621d4f, 90
1652705627.534749, sdrt-health/mac:02010b41cdec/antenna/tag/e2806894000050038661fd4f, 83
1652705627.575894, sdrt-health/mac:02010b41cdec/antenna/tag/e2806894000050038661fd4f, 86
1652705627.633094, sdrt-health/mac:02010b41cdec/antenna/tag/e28068940000400386621d4f, 96
1652705627.633604, sdrt-health/mac:02010b41cdec/antenna/tag/e2806894000050038662154f, 85
1652705627.647984, sdrt-health/mac:02010b41cdec/antenna/tag/e28068940000500386620d4f, 87
1652705627.656672, sdrt-health/mac:02010b41cdec/antenna/tag/e2806894000040038662214f, 81
1652705627.709999, sdrt-health/mac:02010b41cdec/antenna/tag/e2806894000050038662154f, 87
1652705627.71246, sdrt-health/mac:02010b41cdec/antenna/tag/e28068940000500386620d4f, 93
1652705627.724819, sdrt-health/mac:02010b41cdec/antenna/tag/e2806894000050038661fd4f, 83
1652705627.725051, sdrt-health/mac:02010b41cdec/antenna/tag/e2806894000040038662114f, 85
1652705627.806402, sdrt-health/mac:02010b41cdec/antenna/tag/e28068940000500386620d4f, 85
1652705627.84737, sdrt-health/mac:02010b41cdec/antenna/tag/e28068940000400386621d4f, 90
1652705627.918944, sdrt-health/mac:02010b41cdec/antenna/tag/e2806894000050038661fd4f, 86
1652705627.919488, sdrt-health/mac:02010b41cdec/antenna/tag/e2806894000050038662154f, 85
1652705627.919855, sdrt-health/mac:02010b41cdec/antenna/tag/e2806894000050038662194f, 81
1652705627.959067, sdrt-health/mac:02010b41cdec/antenna/tag/e2806894000050038661fd4f, 86
1652705628.014439, sdrt-health/mac:02010b41cdec/antenna/tag/e28068940000400386621d4f, 90
1652705628.288681, sdrt-health/mac:02010b41cdec/antenna/tag/scan, scan stopped
