1652706166.231389, sdrt-health/mac:02010b41cdec/antenna/power/set, {"power": 290}
1652706167.297324, sdrt-health/mac:02010b41cdec/antenna/power/set, 
1652706170.736503, sdrt-health/mac:02010b41cdec/antenna/state, connected
1652706170.736979, sdrt-health/mac:02010b41cdec/fw, {"version":"1.8.1","model":"200","hash":"2f556501b58f1dad542af428d7928d18","timestamp":1652706167}
1652706170.910662, sdrt-health/mac:02010b41cdec/antenna/version, J.6.6/V0121-04
1652706171.117066, sdrt-health/mac:02010b41cdec/antenna/power, 29
1652706171.257547, sdrt-health/mac:02010b41cdec/antenna/tag/scan, {"time": 20000}
1652706171.657914, sdrt-health/mac:02010b41cdec/antenna/tag/e28068940000400386621d4f, 90
1652706171.718489, sdrt-health/mac:02010b41cdec/antenna/tag/e2806894000040038662114f, 88
1652706171.787059, sdrt-health/mac:02010b41cdec/antenna/tag/e2806894000050038661fd4f, 86
1652706171.78727, sdrt-health/mac:02010b41cdec/antenna/tag/e28068940000500386620d4f, 93
1652706171.814658, sdrt-health/mac:02010b41cdec/antenna/tag/e2806894000050038662154f, 87
1652706171.87826, sdrt-health/mac:02010b41cdec/antenna/tag/e2806894000040038662114f, 85
1652706171.878533, sdrt-health/mac:02010b41cdec/antenna/tag/e2806894000040038662114f, 85
1652706171.896705, sdrt-health/mac:02010b41cdec/antenna/tag/e28068940000500386620d4f, 93
1652706171.908166, sdrt-health/mac:02010b41cdec/antenna/tag/e2806894000050038661fd4f, 86
1652706171.957256, sdrt-health/mac:02010b41cdec/antenna/tag/e28068940000400386621d4f, 96
1652706172.054338, sdrt-health/mac:02010b41cdec/antenna/tag/e28068940000500386620d4f, 93
1652706172.054692, sdrt-health/mac:02010b41cdec/antenna/tag/e2806894000050038662194f, 81
1652706172.085199, sdrt-health/mac:02010b41cdec/antenna/tag/e2806894000050038662194f, 87
1652706172.153857, sdrt-health/mac:02010b41cdec/antenna/tag/e28068940000400386621d4f, 77
1652706172.154136, sdrt-health/mac:02010b41cdec/antenna/tag/e2806894000050038662194f, 81
1652706172.170568, sdrt-health/mac:02010b41cdec/antenna/tag/e2806894000040038662114f, 85
1652706172.189175, sdrt-health/mac:02010b41cdec/antenna/tag/e2806894000040038662114f, 85
1652706172.234156, sdrt-health/mac:02010b41cdec/antenna/tag/e28068940000400386621d4f, 96
1652706172.264439, sdrt-health/mac:02010b41cdec/antenna/tag/e2806894000040038662114f, 85
1652706172.264639, sdrt-health/mac:02010b41cdec/antenna/tag/e28068940000500386620d4f, 93
1652706172.264754, sdrt-health/mac:02010b41cdec/antenna/tag/e28068940000400386621d4f, 96
1652706172.28196, sdrt-health/mac:02010b41cdec/antenna/tag/e2806894000050038662154f, 88
1652706172.334408, sdrt-health/mac:02010b41cdec/antenna/tag/e2806894000050038662154f, 85
1652706172.385792, sdrt-health/mac:02010b41cdec/antenna/tag/e2806894000050038662194f, 94
1652706172.429208, sdrt-health/mac:02010b41cdec/antenna/tag/e28068940000500386620d4f, 93
1652706172.475301, sdrt-health/mac:02010b41cdec/antenna/tag/e2806894000050038661fd4f, 90
1652706172.517003, sdrt-health/mac:02010b41cdec/antenna/tag/e28068940000500386620d4f, 87
1652706172.579677, sdrt-health/mac:02010b41cdec/antenna/tag/e2806894000040038662114f, 85
1652706172.579904, sdrt-health/mac:02010b41cdec/antenna/tag/e2806894000040038662114f, 88
1652706172.595519, sdrt-health/mac:02010b41cdec/antenna/tag/e2806894000050038662194f, 88
1652706172.614573, sdrt-health/mac:02010b41cdec/antenna/tag/e2806894000050038661fd4f, 90
1652706172.68763, sdrt-health/mac:02010b41cdec/antenna/tag/e28068940000400386621d4f, 90
1652706172.688032, sdrt-health/mac:02010b41cdec/antenna/tag/e2806894000050038661fd4f, 90
1652706172.702512, sdrt-health/mac:02010b41cdec/antenna/tag/e28068940000500386620d4f, 87
1652706172.724655, sdrt-health/mac:02010b41cdec/antenna/tag/e2806894000050038662154f, 85
1652706172.782589, sdrt-health/mac:02010b41cdec/antenna/tag/e2806894000050038662194f, 81
1652706172.829385, sdrt-health/mac:02010b41cdec/antenna/tag/e2806894000050038661fd4f, 90
1652706172.918274, sdrt-health/mac:02010b41cdec/antenna/tag/e28068940000400386621d4f, 96
1652706172.950379, sdrt-health/mac:02010b41cdec/antenna/tag/e2806894000050038661fd4f, 86
1652706172.950677, sdrt-health/mac:02010b41cdec/antenna/tag/e2806894000050038661fd4f, 86
1652706172.950894, sdrt-health/mac:02010b41cdec/antenna/tag/e28068940000400386621d4f, 96
1652706172.951107, sdrt-health/mac:02010b41cdec/antenna/tag/e2806894000050038661fd4f, 90
1652706172.966088, sdrt-health/mac:02010b41cdec/antenna/tag/e2806894000040038662114f, 85
1652706173.01504, sdrt-health/mac:02010b41cdec/antenna/tag/e2806894000040038662114f, 85
1652706173.071271, sdrt-health/mac:02010b41cdec/antenna/tag/e2806894000050038661fd4f, 83
1652706173.071539, sdrt-health/mac:02010b41cdec/antenna/tag/e2806894000050038662154f, 81
1652706173.10543, sdrt-health/mac:02010b41cdec/antenna/tag/e2806894000040038662114f, 85
1652706173.166299, sdrt-health/mac:02010b41cdec/antenna/tag/e28068940000500386620d4f, 85
1652706173.166514, sdrt-health/mac:02010b41cdec/antenna/tag/e2806894000050038661fd4f, 86
1652706173.182877, sdrt-health/mac:02010b41cdec/antenna/tag/e2806894000040038662114f, 88
1652706173.195441, sdrt-health/mac:02010b41cdec/antenna/tag/e2806894000050038662154f, 85
1652706173.254019, sdrt-health/mac:02010b41cdec/antenna/tag/e2806894000050038661fd4f, 86
1652706173.294668, sdrt-health/mac:02010b41cdec/antenna/tag/e2806894000050038662154f, 93
1652706173.354792, sdrt-health/mac:02010b41cdec/antenna/tag/e2806894000040038662114f, 88
1652706173.39716, sdrt-health/mac:02010b41cdec/antenna/tag/e28068940000500386620d4f, 93
1652706173.470791, sdrt-health/mac:02010b41cdec/antenna/tag/e2806894000040038662114f, 85
1652706173.471018, sdrt-health/mac:02010b41cdec/antenna/tag/e28068940000400386621d4f, 96
1652706173.47118, sdrt-health/mac:02010b41cdec/antenna/tag/e2806894000050038661fd4f, 86
1652706173.471311, sdrt-health/mac:02010b41cdec/antenna/tag/e2806894000050038661fd4f, 86
1652706173.49434, sdrt-health/mac:02010b41cdec/antenna/tag/e2806894000040038662114f, 93
1652706173.534017, sdrt-health/mac:02010b41cdec/antenna/tag/e2806894000050038662154f, 85
1652706173.566678, sdrt-health/mac:02010b41cdec/antenna/tag/e2806894000050038661fd4f, 90
1652706173.566948, sdrt-health/mac:02010b41cdec/antenna/tag/e28068940000500386620d4f, 93
1652706173.582499, sdrt-health/mac:02010b41cdec/antenna/tag/e2806894000040038662114f, 85
1652706173.631008, sdrt-health/mac:02010b41cdec/antenna/tag/e28068940000500386620d4f, 87
1652706173.674228, sdrt-health/mac:02010b41cdec/antenna/tag/e2806894000050038661fd4f, 90
1652706173.73157, sdrt-health/mac:02010b41cdec/antenna/tag/e28068940000500386620d4f, 85
1652706173.731793, sdrt-health/mac:02010b41cdec/antenna/tag/e2806894000050038662154f, 85
1652706173.764058, sdrt-health/mac:02010b41cdec/antenna/tag/e2806894000040038662114f, 88
1652706173.814505, sdrt-health/mac:02010b41cdec/antenna/tag/e2806894000050038662154f, 85
1652706173.854303, sdrt-health/mac:02010b41cdec/antenna/tag/e2806894000040038662214f, 94
1652706173.889624, sdrt-health/mac:02010b41cdec/antenna/tag/e28068940000400386621d4f, 77
1652706173.889956, sdrt-health/mac:02010b41cdec/antenna/tag/e2806894000050038662154f, 87
1652706173.904408, sdrt-health/mac:02010b41cdec/antenna/tag/e28068940000400386621d4f, 77
1652706173.934333, sdrt-health/mac:02010b41cdec/antenna/tag/e2806894000040038661f94f, 84
1652706173.965627, sdrt-health/mac:02010b41cdec/antenna/tag/e2806894000040038662114f, 85
1652706173.965909, sdrt-health/mac:02010b41cdec/antenna/tag/e28068940000400386621d4f, 77
1652706173.981369, sdrt-health/mac:02010b41cdec/antenna/tag/e2806894000050038662154f, 85
1652706174.013779, sdrt-health/mac:02010b41cdec/antenna/tag/e28068940000500386620d4f, 93
1652706174.074828, sdrt-health/mac:02010b41cdec/antenna/tag/e28068940000400386621d4f, 96
1652706174.075092, sdrt-health/mac:02010b41cdec/antenna/tag/e2806894000050038661fd4f, 86
1652706174.092683, sdrt-health/mac:02010b41cdec/antenna/tag/e2806894000040038662114f, 85
1652706174.126024, sdrt-health/mac:02010b41cdec/antenna/tag/e28068940000500386620d4f, 93
1652706174.159582, sdrt-health/mac:02010b41cdec/antenna/tag/e28068940000500386620d4f, 85
1652706174.159796, sdrt-health/mac:02010b41cdec/antenna/tag/e2806894000050038662194f, 81
1652706174.174416, sdrt-health/mac:02010b41cdec/antenna/tag/e2806894000050038662194f, 81
1652706174.175779, sdrt-health/mac:02010b41cdec/antenna/tag/e2806894000050038662154f, 93
1652706174.223488, sdrt-health/mac:02010b41cdec/antenna/tag/e2806894000050038662194f, 83
1652706174.278813, sdrt-health/mac:02010b41cdec/antenna/tag/e28068940000500386620d4f, 93
1652706174.310329, sdrt-health/mac:02010b41cdec/antenna/tag/e2806894000050038662194f, 81
1652706174.310559, sdrt-health/mac:02010b41cdec/antenna/tag/e2806894000050038662154f, 93
1652706174.310693, sdrt-health/mac:02010b41cdec/antenna/tag/e2806894000050038662194f, 81
1652706174.327596, sdrt-health/mac:02010b41cdec/antenna/tag/e2806894000040038662114f, 88
1652706174.375885, sdrt-health/mac:02010b41cdec/antenna/tag/e2806894000040038662214f, 84
1652706174.415126, sdrt-health/mac:02010b41cdec/antenna/tag/e2806894000040038661f94f, 94
1652706174.455466, sdrt-health/mac:02010b41cdec/antenna/tag/e28068940000400386621d4f, 77
1652706174.495482, sdrt-health/mac:02010b41cdec/antenna/tag/e2806894000050038661fd4f, 86
1652706174.534846, sdrt-health/mac:02010b41cdec/antenna/tag/e28068940000500386620d4f, 85
1652706174.591619, sdrt-health/mac:02010b41cdec/antenna/tag/e2806894000050038661fd4f, 86
1652706174.59204, sdrt-health/mac:02010b41cdec/antenna/tag/e2806894000040038662114f, 88
1652706174.608199, sdrt-health/mac:02010b41cdec/antenna/tag/e2806894000050038661fd4f, 90
1652706174.615684, sdrt-health/mac:02010b41cdec/antenna/tag/e28068940000400386621d4f, 96
1652706174.655925, sdrt-health/mac:02010b41cdec/antenna/tag/e28068940000400386621d4f, 96
1652706174.706146, sdrt-health/mac:02010b41cdec/antenna/tag/e2806894000050038661fd4f, 86
1652706174.761234, sdrt-health/mac:02010b41cdec/antenna/tag/e2806894000050038662154f, 85
1652706174.804662, sdrt-health/mac:02010b41cdec/antenna/tag/e28068940000500386620d4f, 87
1652706174.871222, sdrt-health/mac:02010b41cdec/antenna/tag/e2806894000040038662114f, 85
1652706174.871665, sdrt-health/mac:02010b41cdec/antenna/tag/e2806894000040038661f94f, 84
1652706174.887877, sdrt-health/mac:02010b41cdec/antenna/tag/e2806894000040038662214f, 88
1652706174.954746, sdrt-health/mac:02010b41cdec/antenna/tag/e28068940000500386620d4f, 85
1652706175.024971, sdrt-health/mac:02010b41cdec/antenna/tag/e28068940000400386621d4f, 90
1652706175.085333, sdrt-health/mac:02010b41cdec/antenna/tag/e28068940000400386621d4f, 90
1652706175.085534, sdrt-health/mac:02010b41cdec/antenna/tag/e2806894000050038662154f, 85
1652706175.102391, sdrt-health/mac:02010b41cdec/antenna/tag/e2806894000040038662114f, 85
1652706175.115522, sdrt-health/mac:02010b41cdec/antenna/tag/e28068940000500386620d4f, 93
1652706175.118866, sdrt-health/mac:02010b41cdec/antenna/tag/e2806894000050038661fd4f, 90
1652706175.148995, sdrt-health/mac:02010b41cdec/antenna/tag/e2806894000050038661fd4f, 90
1652706175.203931, sdrt-health/mac:02010b41cdec/antenna/tag/e2806894000050038662154f, 85
1652706175.274324, sdrt-health/mac:02010b41cdec/antenna/tag/e28068940000500386620d4f, 85
1652706175.334491, sdrt-health/mac:02010b41cdec/antenna/tag/e28068940000500386620d4f, 85
1652706175.334739, sdrt-health/mac:02010b41cdec/antenna/tag/e2806894000050038662154f, 85
1652706175.334858, sdrt-health/mac:02010b41cdec/antenna/tag/e28068940000500386620d4f, 93
1652706175.352315, sdrt-health/mac:02010b41cdec/antenna/tag/e2806894000050038662154f, 83
1652706175.364091, sdrt-health/mac:02010b41cdec/antenna/tag/e2806894000040038662114f, 85
1652706175.371085, sdrt-health/mac:02010b41cdec/antenna/tag/e2806894000050038661fd4f, 83
1652706175.413771, sdrt-health/mac:02010b41cdec/antenna/tag/e2806894000050038661fd4f, 90
1652706175.54936, sdrt-health/mac:02010b41cdec/antenna/tag/e2806894000050038661fd4f, 90
1652706175.580406, sdrt-health/mac:02010b41cdec/antenna/tag/e28068940000400386621d4f, 90
1652706175.580723, sdrt-health/mac:02010b41cdec/antenna/tag/e2806894000050038661fd4f, 90
1652706175.580945, sdrt-health/mac:02010b41cdec/antenna/tag/e2806894000050038661fd4f, 90
1652706175.596687, sdrt-health/mac:02010b41cdec/antenna/tag/e28068940000500386620d4f, 93
1652706175.597018, sdrt-health/mac:02010b41cdec/antenna/tag/e28068940000400386621d4f, 90
1652706175.59721, sdrt-health/mac:02010b41cdec/antenna/tag/e28068940000400386621d4f, 90
1652706175.637144, sdrt-health/mac:02010b41cdec/antenna/tag/e28068940000500386620d4f, 85
1652706175.694526, sdrt-health/mac:02010b41cdec/antenna/tag/e28068940000400386621d4f, 96
1652706175.737188, sdrt-health/mac:02010b41cdec/antenna/tag/e2806894000050038662154f, 83
1652706175.77413, sdrt-health/mac:02010b41cdec/antenna/tag/e2806894000050038662154f, 81
1652706175.815014, sdrt-health/mac:02010b41cdec/antenna/tag/e28068940000500386620d4f, 93
1652706175.872367, sdrt-health/mac:02010b41cdec/antenna/tag/e28068940000400386621d4f, 96
1652706175.872642, sdrt-health/mac:02010b41cdec/antenna/tag/e2806894000050038662194f, 81
1652706175.895326, sdrt-health/mac:02010b41cdec/antenna/tag/e28068940000500386620d4f, 93
1652706175.964905, sdrt-health/mac:02010b41cdec/antenna/tag/e28068940000400386621d4f, 96
1652706176.015459, sdrt-health/mac:02010b41cdec/antenna/tag/e28068940000400386621d4f, 96
1652706176.066054, sdrt-health/mac:02010b41cdec/antenna/tag/e28068940000400386621d4f, 96
1652706176.127465, sdrt-health/mac:02010b41cdec/antenna/tag/e2806894000040038662114f, 85
1652706176.127781, sdrt-health/mac:02010b41cdec/antenna/tag/e2806894000040038662114f, 88
1652706176.155519, sdrt-health/mac:02010b41cdec/antenna/tag/e2806894000050038662154f, 85
1652706176.215056, sdrt-health/mac:02010b41cdec/antenna/tag/e28068940000500386620d4f, 85
1652706176.215336, sdrt-health/mac:02010b41cdec/antenna/tag/e2806894000050038661fd4f, 90
1652706176.230355, sdrt-health/mac:02010b41cdec/antenna/tag/e2806894000050038662154f, 85
1652706176.265895, sdrt-health/mac:02010b41cdec/antenna/tag/e28068940000500386620d4f, 85
1652706176.266116, sdrt-health/mac:02010b41cdec/antenna/tag/e2806894000050038661fd4f, 86
1652706176.294441, sdrt-health/mac:02010b41cdec/antenna/tag/e2806894000040038662114f, 88
1652706176.353636, sdrt-health/mac:02010b41cdec/antenna/tag/e2806894000050038662194f, 94
1652706176.35386, sdrt-health/mac:02010b41cdec/antenna/tag/e28068940000500386620d4f, 93
1652706176.371692, sdrt-health/mac:02010b41cdec/antenna/tag/e2806894000050038662194f, 81
1652706176.386976, sdrt-health/mac:02010b41cdec/antenna/tag/e28068940000500386620d4f, 87
1652706176.478551, sdrt-health/mac:02010b41cdec/antenna/tag/e2806894000050038662194f, 87
1652706176.518576, sdrt-health/mac:02010b41cdec/antenna/tag/e2806894000040038662114f, 85
1652706176.581736, sdrt-health/mac:02010b41cdec/antenna/tag/e28068940000400386621d4f, 96
1652706176.58208, sdrt-health/mac:02010b41cdec/antenna/tag/e2806894000050038662154f, 93
1652706176.598443, sdrt-health/mac:02010b41cdec/antenna/tag/e2806894000040038662114f, 85
1652706176.613884, sdrt-health/mac:02010b41cdec/antenna/tag/e28068940000400386621d4f, 90
1652706176.687369, sdrt-health/mac:02010b41cdec/antenna/tag/e2806894000050038662154f, 85
1652706176.68765, sdrt-health/mac:02010b41cdec/antenna/tag/e28068940000500386620d4f, 93
1652706176.701671, sdrt-health/mac:02010b41cdec/antenna/tag/e2806894000040038662114f, 88
1652706176.713373, sdrt-health/mac:02010b41cdec/antenna/tag/e2806894000050038662154f, 83
1652706176.716842, sdrt-health/mac:02010b41cdec/antenna/tag/e28068940000500386620d4f, 85
1652706176.757127, sdrt-health/mac:02010b41cdec/antenna/tag/e28068940000400386621d4f, 96
1652706176.845544, sdrt-health/mac:02010b41cdec/antenna/tag/e2806894000050038662154f, 83
1652706176.883408, sdrt-health/mac:02010b41cdec/antenna/tag/e28068940000400386621d4f, 96
1652706176.949076, sdrt-health/mac:02010b41cdec/antenna/tag/e2806894000050038661fd4f, 86
1652706176.949386, sdrt-health/mac:02010b41cdec/antenna/tag/e2806894000050038662194f, 81
1652706176.949595, sdrt-health/mac:02010b41cdec/antenna/tag/e28068940000500386620d4f, 81
1652706176.973369, sdrt-health/mac:02010b41cdec/antenna/tag/e2806894000050038661fd4f, 83
1652706177.027568, sdrt-health/mac:02010b41cdec/antenna/tag/e2806894000040038662114f, 85
1652706177.027826, sdrt-health/mac:02010b41cdec/antenna/tag/e2806894000050038662154f, 83
1652706177.042412, sdrt-health/mac:02010b41cdec/antenna/tag/e2806894000050038662154f, 83
1652706177.095012, sdrt-health/mac:02010b41cdec/antenna/tag/e2806894000050038662194f, 94
1652706177.149118, sdrt-health/mac:02010b41cdec/antenna/tag/e2806894000040038662114f, 85
1652706177.179406, sdrt-health/mac:02010b41cdec/antenna/tag/e28068940000500386620d4f, 87
1652706177.179618, sdrt-health/mac:02010b41cdec/antenna/tag/e2806894000050038662154f, 87
1652706177.179737, sdrt-health/mac:02010b41cdec/antenna/tag/e28068940000500386620d4f, 93
1652706177.202166, sdrt-health/mac:02010b41cdec/antenna/tag/e28068940000400386621d4f, 96
1652706177.26742, sdrt-health/mac:02010b41cdec/antenna/tag/e28068940000500386620d4f, 83
1652706177.267752, sdrt-health/mac:02010b41cdec/antenna/tag/e2806894000050038661fd4f, 86
1652706177.294178, sdrt-health/mac:02010b41cdec/antenna/tag/e28068940000500386620d4f, 93
1652706177.334754, sdrt-health/mac:02010b41cdec/antenna/tag/e2806894000050038662194f, 87
1652706177.380937, sdrt-health/mac:02010b41cdec/antenna/tag/e2806894000050038662154f, 83
1652706177.419841, sdrt-health/mac:02010b41cdec/antenna/tag/e2806894000050038661fd4f, 86
1652706177.469351, sdrt-health/mac:02010b41cdec/antenna/tag/e28068940000500386620d4f, 85
1652706177.46955, sdrt-health/mac:02010b41cdec/antenna/tag/e28068940000400386621d4f, 96
1652706177.483577, sdrt-health/mac:02010b41cdec/antenna/tag/e2806894000040038662114f, 83
1652706177.504307, sdrt-health/mac:02010b41cdec/antenna/tag/e2806894000040038662054f, 82
1652706177.587794, sdrt-health/mac:02010b41cdec/antenna/tag/e28068940000400386621d4f, 77
1652706177.588031, sdrt-health/mac:02010b41cdec/antenna/tag/e28068940000500386620d4f, 87
1652706177.602107, sdrt-health/mac:02010b41cdec/antenna/tag/e2806894000040038662114f, 85
1652706177.61187, sdrt-health/mac:02010b41cdec/antenna/tag/e2806894000050038662194f, 81
1652706177.663548, sdrt-health/mac:02010b41cdec/antenna/tag/e2806894000050038662154f, 85
1652706177.722794, sdrt-health/mac:02010b41cdec/antenna/tag/e2806894000040038662114f, 88
1652706177.723007, sdrt-health/mac:02010b41cdec/antenna/tag/e28068940000500386620d4f, 93
1652706177.75398, sdrt-health/mac:02010b41cdec/antenna/tag/e28068940000500386620d4f, 85
1652706177.797657, sdrt-health/mac:02010b41cdec/antenna/tag/e28068940000400386621d4f, 90
1652706177.834584, sdrt-health/mac:02010b41cdec/antenna/tag/e2806894000050038661fd4f, 90
1652706177.834807, sdrt-health/mac:02010b41cdec/antenna/tag/e2806894000050038661fd4f, 90
1652706177.849436, sdrt-health/mac:02010b41cdec/antenna/tag/e28068940000400386621d4f, 90
1652706177.894142, sdrt-health/mac:02010b41cdec/antenna/tag/e28068940000400386621d4f, 77
1652706177.933007, sdrt-health/mac:02010b41cdec/antenna/tag/e2806894000050038661fd4f, 86
1652706177.962161, sdrt-health/mac:02010b41cdec/antenna/tag/e2806894000050038662154f, 87
1652706177.96236, sdrt-health/mac:02010b41cdec/antenna/tag/e2806894000040038662114f, 85
1652706177.977255, sdrt-health/mac:02010b41cdec/antenna/tag/e2806894000050038662154f, 83
1652706178.037088, sdrt-health/mac:02010b41cdec/antenna/tag/e2806894000050038661fd4f, 90
1652706178.083843, sdrt-health/mac:02010b41cdec/antenna/tag/e28068940000400386621d4f, 90
1652706178.150076, sdrt-health/mac:02010b41cdec/antenna/tag/e2806894000050038662154f, 88
1652706178.150477, sdrt-health/mac:02010b41cdec/antenna/tag/e28068940000400386621d4f, 96
1652706178.188072, sdrt-health/mac:02010b41cdec/antenna/tag/e2806894000050038662154f, 93
1652706178.22043, sdrt-health/mac:02010b41cdec/antenna/tag/e28068940000500386620d4f, 93
1652706178.220657, sdrt-health/mac:02010b41cdec/antenna/tag/e2806894000040038662114f, 88
1652706178.246044, sdrt-health/mac:02010b41cdec/antenna/tag/e2806894000050038662154f, 85
1652706178.279377, sdrt-health/mac:02010b41cdec/antenna/tag/e28068940000400386621d4f, 90
1652706178.279629, sdrt-health/mac:02010b41cdec/antenna/tag/e2806894000050038662154f, 85
1652706178.294838, sdrt-health/mac:02010b41cdec/antenna/tag/e28068940000400386621d4f, 96
1652706178.334974, sdrt-health/mac:02010b41cdec/antenna/tag/e2806894000040038662114f, 85
1652706178.393275, sdrt-health/mac:02010b41cdec/antenna/tag/e2806894000040038662114f, 85
1652706178.393531, sdrt-health/mac:02010b41cdec/antenna/tag/e28068940000400386621d4f, 90
1652706178.413629, sdrt-health/mac:02010b41cdec/antenna/tag/e28068940000400386621d4f, 96
1652706178.469503, sdrt-health/mac:02010b41cdec/antenna/tag/e2806894000040038662114f, 85
1652706178.469794, sdrt-health/mac:02010b41cdec/antenna/tag/e2806894000050038661fd4f, 86
1652706178.525578, sdrt-health/mac:02010b41cdec/antenna/tag/e2806894000050038662194f, 83
1652706178.564698, sdrt-health/mac:02010b41cdec/antenna/tag/e28068940000400386621d4f, 77
1652706178.632997, sdrt-health/mac:02010b41cdec/antenna/tag/e2806894000050038661fd4f, 86
1652706178.633273, sdrt-health/mac:02010b41cdec/antenna/tag/e2806894000050038661fd4f, 86
1652706178.649862, sdrt-health/mac:02010b41cdec/antenna/tag/e2806894000040038662114f, 85
1652706178.650206, sdrt-health/mac:02010b41cdec/antenna/tag/e28068940000500386620d4f, 87
1652706178.655092, sdrt-health/mac:02010b41cdec/antenna/tag/e28068940000400386621d4f, 77
1652706178.66726, sdrt-health/mac:02010b41cdec/antenna/tag/e28068940000400386621d4f, 96
1652706178.695827, sdrt-health/mac:02010b41cdec/antenna/tag/e2806894000040038662114f, 88
1652706178.750505, sdrt-health/mac:02010b41cdec/antenna/tag/e28068940000400386621d4f, 77
1652706178.750734, sdrt-health/mac:02010b41cdec/antenna/tag/e2806894000050038661fd4f, 86
1652706178.786648, sdrt-health/mac:02010b41cdec/antenna/tag/e28068940000400386621d4f, 96
1652706178.814817, sdrt-health/mac:02010b41cdec/antenna/tag/e28068940000400386621d4f, 96
1652706178.870788, sdrt-health/mac:02010b41cdec/antenna/tag/e28068940000500386620d4f, 87
1652706178.871052, sdrt-health/mac:02010b41cdec/antenna/tag/e28068940000400386621d4f, 96
1652706178.88713, sdrt-health/mac:02010b41cdec/antenna/tag/e28068940000400386621d4f, 96
1652706178.893778, sdrt-health/mac:02010b41cdec/antenna/tag/e28068940000500386620d4f, 87
1652706178.934152, sdrt-health/mac:02010b41cdec/antenna/tag/e28068940000500386620d4f, 93
1652706178.975791, sdrt-health/mac:02010b41cdec/antenna/tag/e2806894000040038662114f, 85
1652706179.015504, sdrt-health/mac:02010b41cdec/antenna/tag/e28068940000400386621d4f, 90
1652706179.057028, sdrt-health/mac:02010b41cdec/antenna/tag/e28068940000400386621d4f, 90
1652706179.112777, sdrt-health/mac:02010b41cdec/antenna/tag/e28068940000500386620d4f, 85
1652706179.112978, sdrt-health/mac:02010b41cdec/antenna/tag/e2806894000050038661fd4f, 90
1652706179.149116, sdrt-health/mac:02010b41cdec/antenna/tag/e28068940000400386621d4f, 90
1652706179.201639, sdrt-health/mac:02010b41cdec/antenna/tag/e2806894000050038661fd4f, 90
1652706179.26567, sdrt-health/mac:02010b41cdec/antenna/tag/e2806894000050038662194f, 83
1652706179.301945, sdrt-health/mac:02010b41cdec/antenna/tag/e2806894000040038662114f, 88
1652706179.302154, sdrt-health/mac:02010b41cdec/antenna/tag/e28068940000400386621d4f, 96
1652706179.302298, sdrt-health/mac:02010b41cdec/antenna/tag/e2806894000050038662154f, 87
1652706179.325244, sdrt-health/mac:02010b41cdec/antenna/tag/e2806894000050038662154f, 85
1652706179.364649, sdrt-health/mac:02010b41cdec/antenna/tag/e28068940000400386621d4f, 90
1652706179.438502, sdrt-health/mac:02010b41cdec/antenna/tag/e2806894000050038661fd4f, 90
1652706179.438795, sdrt-health/mac:02010b41cdec/antenna/tag/e28068940000400386621d4f, 96
1652706179.455237, sdrt-health/mac:02010b41cdec/antenna/tag/e28068940000500386620d4f, 93
1652706179.495015, sdrt-health/mac:02010b41cdec/antenna/tag/e28068940000400386621d4f, 96
1652706179.550896, sdrt-health/mac:02010b41cdec/antenna/tag/e2806894000050038662154f, 81
1652706179.55109, sdrt-health/mac:02010b41cdec/antenna/tag/e28068940000500386620d4f, 87
1652706179.574728, sdrt-health/mac:02010b41cdec/antenna/tag/e2806894000050038662154f, 88
1652706179.6303, sdrt-health/mac:02010b41cdec/antenna/tag/e2806894000040038662114f, 85
1652706179.696705, sdrt-health/mac:02010b41cdec/antenna/tag/e28068940000400386621d4f, 96
1652706179.735193, sdrt-health/mac:02010b41cdec/antenna/tag/e2806894000050038661fd4f, 86
1652706179.774315, sdrt-health/mac:02010b41cdec/antenna/tag/e2806894000040038662114f, 88
1652706179.830174, sdrt-health/mac:02010b41cdec/antenna/tag/e2806894000050038662154f, 93
1652706179.830445, sdrt-health/mac:02010b41cdec/antenna/tag/e28068940000500386620d4f, 93
1652706179.854701, sdrt-health/mac:02010b41cdec/antenna/tag/e28068940000500386620d4f, 85
1652706179.894519, sdrt-health/mac:02010b41cdec/antenna/tag/e28068940000500386620d4f, 88
1652706180.002476, sdrt-health/mac:02010b41cdec/antenna/tag/e2806894000050038661fd4f, 83
1652706180.002808, sdrt-health/mac:02010b41cdec/antenna/tag/e28068940000400386621d4f, 96
1652706180.037449, sdrt-health/mac:02010b41cdec/antenna/tag/e28068940000400386621d4f, 96
1652706180.097988, sdrt-health/mac:02010b41cdec/antenna/tag/e2806894000050038661fd4f, 90
1652706180.098189, sdrt-health/mac:02010b41cdec/antenna/tag/e28068940000500386620d4f, 93
1652706180.116982, sdrt-health/mac:02010b41cdec/antenna/tag/e28068940000500386620d4f, 85
1652706180.146685, sdrt-health/mac:02010b41cdec/antenna/tag/e2806894000050038662154f, 88
1652706180.20987, sdrt-health/mac:02010b41cdec/antenna/tag/e28068940000500386620d4f, 93
1652706180.210295, sdrt-health/mac:02010b41cdec/antenna/tag/e2806894000050038661fd4f, 90
1652706180.234892, sdrt-health/mac:02010b41cdec/antenna/tag/e28068940000500386620d4f, 85
1652706180.279359, sdrt-health/mac:02010b41cdec/antenna/tag/e28068940000400386621d4f, 96
1652706180.327087, sdrt-health/mac:02010b41cdec/antenna/tag/e28068940000400386621d4f, 90
1652706180.389205, sdrt-health/mac:02010b41cdec/antenna/tag/e2806894000050038661fd4f, 86
1652706180.389621, sdrt-health/mac:02010b41cdec/antenna/tag/e2806894000050038661fd4f, 86
1652706180.403508, sdrt-health/mac:02010b41cdec/antenna/tag/e2806894000040038661f94f, 84
1652706180.429359, sdrt-health/mac:02010b41cdec/antenna/tag/e2806894000050038661fd4f, 83
1652706180.473667, sdrt-health/mac:02010b41cdec/antenna/tag/e2806894000050038661fd4f, 83
1652706180.517481, sdrt-health/mac:02010b41cdec/antenna/tag/e28068940000500386620d4f, 85
1652706180.547852, sdrt-health/mac:02010b41cdec/antenna/tag/e28068940000400386621d4f, 90
1652706180.5481, sdrt-health/mac:02010b41cdec/antenna/tag/e2806894000050038661fd4f, 86
1652706180.565441, sdrt-health/mac:02010b41cdec/antenna/tag/e28068940000500386620d4f, 93
1652706180.641098, sdrt-health/mac:02010b41cdec/antenna/tag/e28068940000400386621d4f, 96
1652706180.641305, sdrt-health/mac:02010b41cdec/antenna/tag/e2806894000040038662114f, 88
1652706180.677478, sdrt-health/mac:02010b41cdec/antenna/tag/e28068940000400386621d4f, 90
1652706180.795254, sdrt-health/mac:02010b41cdec/antenna/tag/e2806894000040038662114f, 88
1652706180.854741, sdrt-health/mac:02010b41cdec/antenna/tag/e2806894000050038662154f, 93
1652706180.855003, sdrt-health/mac:02010b41cdec/antenna/tag/e2806894000050038662154f, 93
1652706180.871861, sdrt-health/mac:02010b41cdec/antenna/tag/e28068940000400386621d4f, 90
1652706180.88435, sdrt-health/mac:02010b41cdec/antenna/tag/e2806894000040038662214f, 81
1652706180.886754, sdrt-health/mac:02010b41cdec/antenna/tag/e28068940000400386621d4f, 77
1652706180.935283, sdrt-health/mac:02010b41cdec/antenna/tag/e2806894000050038661fd4f, 86
1652706181.012788, sdrt-health/mac:02010b41cdec/antenna/tag/e28068940000400386621d4f, 77
1652706181.013299, sdrt-health/mac:02010b41cdec/antenna/tag/e28068940000500386620d4f, 93
1652706181.013579, sdrt-health/mac:02010b41cdec/antenna/tag/e2806894000040038662114f, 85
1652706181.017469, sdrt-health/mac:02010b41cdec/antenna/tag/e2806894000040038661f94f, 110
1652706181.044264, sdrt-health/mac:02010b41cdec/antenna/tag/e2806894000050038661fd4f, 86
1652706181.109959, sdrt-health/mac:02010b41cdec/antenna/tag/e2806894000050038662154f, 85
1652706181.110187, sdrt-health/mac:02010b41cdec/antenna/tag/e2806894000050038661fd4f, 86
1652706181.110334, sdrt-health/mac:02010b41cdec/antenna/tag/e2806894000050038661fd4f, 86
1652706181.127066, sdrt-health/mac:02010b41cdec/antenna/tag/e28068940000500386620d4f, 85
1652706181.127289, sdrt-health/mac:02010b41cdec/antenna/tag/e2806894000040038662114f, 88
1652706181.13354, sdrt-health/mac:02010b41cdec/antenna/tag/e28068940000400386621d4f, 96
1652706181.146837, sdrt-health/mac:02010b41cdec/antenna/tag/e2806894000040038662114f, 85
1652706181.175422, sdrt-health/mac:02010b41cdec/antenna/tag/e28068940000400386621d4f, 96
1652706181.245367, sdrt-health/mac:02010b41cdec/antenna/tag/e28068940000400386621d4f, 96
1652706181.245588, sdrt-health/mac:02010b41cdec/antenna/tag/e28068940000500386620d4f, 85
1652706181.260559, sdrt-health/mac:02010b41cdec/antenna/tag/e2806894000050038661fd4f, 86
1652706181.276104, sdrt-health/mac:02010b41cdec/antenna/tag/e2806894000050038661fd4f, 83
1652706181.27904, sdrt-health/mac:02010b41cdec/antenna/tag/e2806894000050038662154f, 87
1652706181.320245, sdrt-health/mac:02010b41cdec/antenna/tag/e28068940000500386620d4f, 87
1652706181.385594, sdrt-health/mac:02010b41cdec/antenna/tag/e2806894000040038662114f, 85
1652706181.385941, sdrt-health/mac:02010b41cdec/antenna/tag/e2806894000040038661f94f, 84
1652706181.386218, sdrt-health/mac:02010b41cdec/antenna/tag/e28068940000500386620d4f, 87
1652706181.414129, sdrt-health/mac:02010b41cdec/antenna/tag/e2806894000040038662114f, 88
1652706181.456134, sdrt-health/mac:02010b41cdec/antenna/tag/e2806894000050038661fd4f, 86
1652706181.509726, sdrt-health/mac:02010b41cdec/antenna/tag/e28068940000400386621d4f, 96
1652706181.510171, sdrt-health/mac:02010b41cdec/antenna/tag/e2806894000040038662114f, 88
1652706181.549812, sdrt-health/mac:02010b41cdec/antenna/tag/e28068940000400386621d4f, 90
1652706181.595874, sdrt-health/mac:02010b41cdec/antenna/tag/e28068940000400386621d4f, 90
1652706181.637485, sdrt-health/mac:02010b41cdec/antenna/tag/e28068940000400386621d4f, 96
1652706181.684975, sdrt-health/mac:02010b41cdec/antenna/tag/e28068940000500386620d4f, 85
1652706181.761075, sdrt-health/mac:02010b41cdec/antenna/tag/e2806894000050038662154f, 85
1652706181.761329, sdrt-health/mac:02010b41cdec/antenna/tag/e2806894000040038662114f, 85
1652706181.775957, sdrt-health/mac:02010b41cdec/antenna/tag/e28068940000400386621d4f, 96
1652706181.776291, sdrt-health/mac:02010b41cdec/antenna/tag/e2806894000050038661fd4f, 90
1652706181.776437, sdrt-health/mac:02010b41cdec/antenna/tag/e2806894000050038662154f, 88
1652706181.797012, sdrt-health/mac:02010b41cdec/antenna/tag/e2806894000050038662154f, 81
1652706181.859769, sdrt-health/mac:02010b41cdec/antenna/tag/e2806894000050038661fd4f, 86
1652706181.860108, sdrt-health/mac:02010b41cdec/antenna/tag/e2806894000050038662194f, 83
1652706181.874771, sdrt-health/mac:02010b41cdec/antenna/tag/e2806894000050038662154f, 81
1652706181.94998, sdrt-health/mac:02010b41cdec/antenna/tag/e28068940000400386621d4f, 90
1652706181.994883, sdrt-health/mac:02010b41cdec/antenna/tag/e2806894000050038661fd4f, 90
1652706182.024688, sdrt-health/mac:02010b41cdec/antenna/tag/e28068940000500386620d4f, 88
1652706182.024916, sdrt-health/mac:02010b41cdec/antenna/tag/e2806894000050038661fd4f, 86
1652706182.025049, sdrt-health/mac:02010b41cdec/antenna/tag/e28068940000400386621d4f, 90
1652706182.075077, sdrt-health/mac:02010b41cdec/antenna/tag/e2806894000040038662114f, 88
1652706182.124428, sdrt-health/mac:02010b41cdec/antenna/tag/e2806894000040038662114f, 88
1652706182.180741, sdrt-health/mac:02010b41cdec/antenna/tag/e2806894000050038662154f, 85
1652706182.180979, sdrt-health/mac:02010b41cdec/antenna/tag/e2806894000050038662154f, 83
1652706182.214764, sdrt-health/mac:02010b41cdec/antenna/tag/e2806894000050038662194f, 88
1652706182.253743, sdrt-health/mac:02010b41cdec/antenna/tag/e28068940000400386621d4f, 96
1652706182.310075, sdrt-health/mac:02010b41cdec/antenna/tag/e2806894000050038662194f, 81
1652706182.31048, sdrt-health/mac:02010b41cdec/antenna/tag/e2806894000050038662194f, 94
1652706182.349961, sdrt-health/mac:02010b41cdec/antenna/tag/e2806894000050038661fd4f, 83
1652706182.393853, sdrt-health/mac:02010b41cdec/antenna/tag/e2806894000050038661fd4f, 83
1652706182.454303, sdrt-health/mac:02010b41cdec/antenna/tag/e2806894000040038662114f, 85
1652706182.494263, sdrt-health/mac:02010b41cdec/antenna/tag/e2806894000040038662114f, 85
1652706182.564911, sdrt-health/mac:02010b41cdec/antenna/tag/e28068940000400386621d4f, 96
1652706182.615568, sdrt-health/mac:02010b41cdec/antenna/tag/e28068940000500386620d4f, 85
1652706182.670591, sdrt-health/mac:02010b41cdec/antenna/tag/e2806894000050038661fd4f, 86
1652706182.670833, sdrt-health/mac:02010b41cdec/antenna/tag/e2806894000050038661fd4f, 90
1652706182.686199, sdrt-health/mac:02010b41cdec/antenna/tag/e2806894000040038662114f, 88
1652706182.704541, sdrt-health/mac:02010b41cdec/antenna/tag/e2806894000040038662114f, 91
1652706182.748497, sdrt-health/mac:02010b41cdec/antenna/tag/e2806894000050038661fd4f, 90
1652706182.795403, sdrt-health/mac:02010b41cdec/antenna/tag/e2806894000050038662194f, 81
1652706182.85398, sdrt-health/mac:02010b41cdec/antenna/tag/e28068940000400386621d4f, 90
1652706182.854227, sdrt-health/mac:02010b41cdec/antenna/tag/e28068940000400386621d4f, 77
1652706182.869571, sdrt-health/mac:02010b41cdec/antenna/tag/e2806894000050038662194f, 94
1652706182.886922, sdrt-health/mac:02010b41cdec/antenna/tag/e2806894000050038662154f, 83
1652706182.952159, sdrt-health/mac:02010b41cdec/antenna/tag/e28068940000500386620d4f, 87
1652706182.952375, sdrt-health/mac:02010b41cdec/antenna/tag/e2806894000050038662194f, 81
1652706182.990902, sdrt-health/mac:02010b41cdec/antenna/tag/e2806894000050038662194f, 83
1652706183.085276, sdrt-health/mac:02010b41cdec/antenna/tag/e28068940000400386621d4f, 96
1652706183.125375, sdrt-health/mac:02010b41cdec/antenna/tag/e2806894000040038662114f, 85
1652706183.175642, sdrt-health/mac:02010b41cdec/antenna/tag/e2806894000050038662154f, 85
1652706183.230868, sdrt-health/mac:02010b41cdec/antenna/tag/e28068940000400386621d4f, 90
1652706183.231413, sdrt-health/mac:02010b41cdec/antenna/tag/e28068940000500386620d4f, 87
1652706183.245834, sdrt-health/mac:02010b41cdec/antenna/tag/e2806894000050038661fd4f, 86
1652706183.264909, sdrt-health/mac:02010b41cdec/antenna/tag/e2806894000050038661fd4f, 86
1652706183.314869, sdrt-health/mac:02010b41cdec/antenna/tag/e2806894000040038662114f, 85
1652706183.346249, sdrt-health/mac:02010b41cdec/antenna/tag/e28068940000500386620d4f, 93
1652706183.346603, sdrt-health/mac:02010b41cdec/antenna/tag/e2806894000050038661fd4f, 86
1652706183.589264, sdrt-health/mac:02010b41cdec/antenna/tag/e2806894000040038662114f, 88
1652706183.589514, sdrt-health/mac:02010b41cdec/antenna/tag/e2806894000050038661fd4f, 86
1652706183.589666, sdrt-health/mac:02010b41cdec/antenna/tag/e28068940000400386621d4f, 90
1652706183.589824, sdrt-health/mac:02010b41cdec/antenna/tag/e2806894000050038662194f, 93
1652706183.589993, sdrt-health/mac:02010b41cdec/antenna/tag/e2806894000050038661fd4f, 86
1652706183.590269, sdrt-health/mac:02010b41cdec/antenna/tag/e2806894000040038662114f, 85
1652706183.590548, sdrt-health/mac:02010b41cdec/antenna/tag/e28068940000500386620d4f, 93
1652706183.590788, sdrt-health/mac:02010b41cdec/antenna/tag/e2806894000040038662114f, 88
1652706183.594761, sdrt-health/mac:02010b41cdec/antenna/tag/e2806894000050038662154f, 81
1652706183.654398, sdrt-health/mac:02010b41cdec/antenna/tag/e2806894000050038662194f, 83
1652706183.695825, sdrt-health/mac:02010b41cdec/antenna/tag/e2806894000050038662154f, 81
1652706183.749394, sdrt-health/mac:02010b41cdec/antenna/tag/e2806894000050038661fd4f, 86
1652706183.749598, sdrt-health/mac:02010b41cdec/antenna/tag/e2806894000050038661fd4f, 86
1652706183.764925, sdrt-health/mac:02010b41cdec/antenna/tag/e2806894000050038662154f, 94
1652706183.789711, sdrt-health/mac:02010b41cdec/antenna/tag/e2806894000040038662114f, 85
1652706183.83478, sdrt-health/mac:02010b41cdec/antenna/tag/e2806894000040038662114f, 85
1652706183.893378, sdrt-health/mac:02010b41cdec/antenna/tag/e2806894000050038661fd4f, 86
1652706183.893815, sdrt-health/mac:02010b41cdec/antenna/tag/e28068940000500386620d4f, 93
1652706183.926983, sdrt-health/mac:02010b41cdec/antenna/tag/e28068940000400386621d4f, 96
1652706183.97827, sdrt-health/mac:02010b41cdec/antenna/tag/e2806894000050038662154f, 81
1652706184.017056, sdrt-health/mac:02010b41cdec/antenna/tag/e28068940000400386621d4f, 77
1652706184.054338, sdrt-health/mac:02010b41cdec/antenna/tag/e2806894000050038662194f, 83
1652706184.110393, sdrt-health/mac:02010b41cdec/antenna/tag/e2806894000050038661fd4f, 86
1652706184.110629, sdrt-health/mac:02010b41cdec/antenna/tag/e2806894000050038662154f, 83
1652706184.146354, sdrt-health/mac:02010b41cdec/antenna/tag/e2806894000050038662154f, 85
1652706184.176288, sdrt-health/mac:02010b41cdec/antenna/tag/e28068940000500386620d4f, 93
1652706184.176553, sdrt-health/mac:02010b41cdec/antenna/tag/e2806894000040038662114f, 88
1652706184.191362, sdrt-health/mac:02010b41cdec/antenna/tag/e28068940000400386621d4f, 90
1652706184.250867, sdrt-health/mac:02010b41cdec/antenna/tag/e28068940000400386621d4f, 90
1652706184.309138, sdrt-health/mac:02010b41cdec/antenna/tag/e2806894000050038661fd4f, 86
1652706184.309381, sdrt-health/mac:02010b41cdec/antenna/tag/e2806894000040038662054f, 94
1652706184.328155, sdrt-health/mac:02010b41cdec/antenna/tag/e2806894000050038661fd4f, 86
1652706184.336286, sdrt-health/mac:02010b41cdec/antenna/tag/e2806894000050038662154f, 93
1652706184.38447, sdrt-health/mac:02010b41cdec/antenna/tag/e2806894000050038661fd4f, 86
1652706184.430246, sdrt-health/mac:02010b41cdec/antenna/tag/e28068940000400386621d4f, 77
1652706184.473288, sdrt-health/mac:02010b41cdec/antenna/tag/e28068940000400386621d4f, 77
1652706184.532636, sdrt-health/mac:02010b41cdec/antenna/tag/e2806894000050038662194f, 83
1652706184.532854, sdrt-health/mac:02010b41cdec/antenna/tag/e28068940000400386621d4f, 77
1652706184.533014, sdrt-health/mac:02010b41cdec/antenna/tag/e28068940000400386621d4f, 90
1652706184.54761, sdrt-health/mac:02010b41cdec/antenna/tag/e28068940000500386620d4f, 93
1652706184.655176, sdrt-health/mac:02010b41cdec/antenna/tag/e2806894000050038662154f, 85
1652706184.695127, sdrt-health/mac:02010b41cdec/antenna/tag/e2806894000050038662154f, 85
1652706184.735598, sdrt-health/mac:02010b41cdec/antenna/tag/e28068940000500386620d4f, 85
1652706184.776487, sdrt-health/mac:02010b41cdec/antenna/tag/e28068940000400386621d4f, 96
1652706184.816676, sdrt-health/mac:02010b41cdec/antenna/tag/e2806894000050038662194f, 88
1652706184.85339, sdrt-health/mac:02010b41cdec/antenna/tag/e2806894000050038662194f, 81
1652706184.938492, sdrt-health/mac:02010b41cdec/antenna/tag/e28068940000400386621d4f, 96
1652706184.938745, sdrt-health/mac:02010b41cdec/antenna/tag/e2806894000050038662154f, 83
1652706184.964117, sdrt-health/mac:02010b41cdec/antenna/tag/e28068940000500386620d4f, 93
1652706185.013808, sdrt-health/mac:02010b41cdec/antenna/tag/e2806894000050038662194f, 94
1652706185.052987, sdrt-health/mac:02010b41cdec/antenna/tag/e28068940000500386620d4f, 87
1652706185.093862, sdrt-health/mac:02010b41cdec/antenna/tag/e2806894000040038662114f, 88
1652706185.149133, sdrt-health/mac:02010b41cdec/antenna/tag/e2806894000050038661fd4f, 86
1652706185.149353, sdrt-health/mac:02010b41cdec/antenna/tag/e2806894000050038662194f, 87
1652706185.163698, sdrt-health/mac:02010b41cdec/antenna/tag/e28068940000500386620d4f, 87
1652706185.173911, sdrt-health/mac:02010b41cdec/antenna/tag/e2806894000050038662154f, 88
1652706185.178962, sdrt-health/mac:02010b41cdec/antenna/tag/e2806894000050038661fd4f, 86
1652706185.21432, sdrt-health/mac:02010b41cdec/antenna/tag/e28068940000500386620d4f, 85
1652706185.253151, sdrt-health/mac:02010b41cdec/antenna/tag/e2806894000050038661fd4f, 86
1652706185.295148, sdrt-health/mac:02010b41cdec/antenna/tag/e28068940000400386621d4f, 96
1652706185.333444, sdrt-health/mac:02010b41cdec/antenna/tag/e2806894000050038661fd4f, 86
1652706185.389497, sdrt-health/mac:02010b41cdec/antenna/tag/e2806894000050038662194f, 81
1652706185.389932, sdrt-health/mac:02010b41cdec/antenna/tag/e2806894000050038661fd4f, 86
1652706185.404998, sdrt-health/mac:02010b41cdec/antenna/tag/e2806894000040038662114f, 88
1652706185.444352, sdrt-health/mac:02010b41cdec/antenna/tag/e28068940000400386621d4f, 90
1652706185.494319, sdrt-health/mac:02010b41cdec/antenna/tag/e2806894000050038662154f, 85
1652706185.548224, sdrt-health/mac:02010b41cdec/antenna/tag/e2806894000050038662154f, 85
1652706185.548435, sdrt-health/mac:02010b41cdec/antenna/tag/e2806894000050038661fd4f, 90
1652706185.563416, sdrt-health/mac:02010b41cdec/antenna/tag/e2806894000040038662114f, 85
1652706185.574256, sdrt-health/mac:02010b41cdec/antenna/tag/e2806894000050038662154f, 93
1652706185.577866, sdrt-health/mac:02010b41cdec/antenna/tag/e28068940000400386621d4f, 86
1652706185.628765, sdrt-health/mac:02010b41cdec/antenna/tag/e2806894000040038662114f, 88
1652706185.673944, sdrt-health/mac:02010b41cdec/antenna/tag/e28068940000400386621d4f, 90
1652706185.717118, sdrt-health/mac:02010b41cdec/antenna/tag/e2806894000040038662114f, 85
1652706185.763931, sdrt-health/mac:02010b41cdec/antenna/tag/e2806894000050038661fd4f, 86
1652706185.82819, sdrt-health/mac:02010b41cdec/antenna/tag/e2806894000050038662194f, 81
1652706185.828468, sdrt-health/mac:02010b41cdec/antenna/tag/e28068940000500386620d4f, 87
1652706185.828622, sdrt-health/mac:02010b41cdec/antenna/tag/e28068940000500386620d4f, 93
1652706185.868411, sdrt-health/mac:02010b41cdec/antenna/tag/e28068940000400386621d4f, 96
1652706185.913718, sdrt-health/mac:02010b41cdec/antenna/tag/e2806894000050038661fd4f, 86
1652706185.957465, sdrt-health/mac:02010b41cdec/antenna/tag/e2806894000050038661fd4f, 86
1652706186.019642, sdrt-health/mac:02010b41cdec/antenna/tag/e2806894000050038662194f, 81
1652706186.019917, sdrt-health/mac:02010b41cdec/antenna/tag/e2806894000050038662154f, 81
1652706186.034199, sdrt-health/mac:02010b41cdec/antenna/tag/e2806894000050038661fd4f, 83
1652706186.108791, sdrt-health/mac:02010b41cdec/antenna/tag/e28068940000500386620d4f, 85
1652706186.173588, sdrt-health/mac:02010b41cdec/antenna/tag/e28068940000500386620d4f, 85
1652706186.228308, sdrt-health/mac:02010b41cdec/antenna/tag/e2806894000050038662154f, 85
1652706186.228514, sdrt-health/mac:02010b41cdec/antenna/tag/e28068940000400386621d4f, 90
1652706186.25316, sdrt-health/mac:02010b41cdec/antenna/tag/e2806894000050038662154f, 85
1652706186.309321, sdrt-health/mac:02010b41cdec/antenna/tag/e2806894000050038661fd4f, 86
1652706186.309553, sdrt-health/mac:02010b41cdec/antenna/tag/e2806894000040038662114f, 88
1652706186.356619, sdrt-health/mac:02010b41cdec/antenna/tag/e2806894000050038662154f, 85
1652706186.412071, sdrt-health/mac:02010b41cdec/antenna/tag/e2806894000050038661fd4f, 86
1652706186.441818, sdrt-health/mac:02010b41cdec/antenna/tag/e28068940000400386621d4f, 90
1652706186.442056, sdrt-health/mac:02010b41cdec/antenna/tag/e2806894000050038662154f, 85
1652706186.442178, sdrt-health/mac:02010b41cdec/antenna/tag/e2806894000040038662114f, 85
1652706186.456141, sdrt-health/mac:02010b41cdec/antenna/tag/e2806894000050038662154f, 85
1652706186.456407, sdrt-health/mac:02010b41cdec/antenna/tag/e28068940000500386620d4f, 85
1652706186.517306, sdrt-health/mac:02010b41cdec/antenna/tag/e2806894000050038662154f, 85
1652706186.548998, sdrt-health/mac:02010b41cdec/antenna/tag/e2806894000050038661fd4f, 90
1652706186.549196, sdrt-health/mac:02010b41cdec/antenna/tag/e2806894000050038661fd4f, 90
1652706186.565691, sdrt-health/mac:02010b41cdec/antenna/tag/e2806894000050038661fd4f, 86
1652706186.614105, sdrt-health/mac:02010b41cdec/antenna/tag/e2806894000050038661fd4f, 90
1652706186.667811, sdrt-health/mac:02010b41cdec/antenna/tag/e28068940000500386620d4f, 93
1652706186.668108, sdrt-health/mac:02010b41cdec/antenna/tag/e2806894000040038662114f, 85
1652706186.682367, sdrt-health/mac:02010b41cdec/antenna/tag/e2806894000050038661fd4f, 90
1652706186.723901, sdrt-health/mac:02010b41cdec/antenna/tag/e28068940000500386620d4f, 93
1652706186.773869, sdrt-health/mac:02010b41cdec/antenna/tag/e28068940000400386621d4f, 96
1652706186.829362, sdrt-health/mac:02010b41cdec/antenna/tag/e2806894000040038662114f, 85
1652706186.829868, sdrt-health/mac:02010b41cdec/antenna/tag/e2806894000040038662114f, 88
1652706186.869656, sdrt-health/mac:02010b41cdec/antenna/tag/e2806894000040038662214f, 81
1652706186.90855, sdrt-health/mac:02010b41cdec/antenna/tag/e2806894000050038661fd4f, 83
1652706186.940372, sdrt-health/mac:02010b41cdec/antenna/tag/e2806894000040038662114f, 85
1652706186.940643, sdrt-health/mac:02010b41cdec/antenna/tag/e28068940000500386620d4f, 87
1652706186.956628, sdrt-health/mac:02010b41cdec/antenna/tag/e2806894000050038662154f, 83
1652706186.997275, sdrt-health/mac:02010b41cdec/antenna/tag/e2806894000050038662154f, 93
1652706187.059833, sdrt-health/mac:02010b41cdec/antenna/tag/e28068940000400386621d4f, 96
1652706187.060263, sdrt-health/mac:02010b41cdec/antenna/tag/e28068940000500386620d4f, 85
1652706187.073729, sdrt-health/mac:02010b41cdec/antenna/tag/e28068940000400386621d4f, 96
1652706187.096098, sdrt-health/mac:02010b41cdec/antenna/tag/e2806894000050038662154f, 88
1652706187.163835, sdrt-health/mac:02010b41cdec/antenna/tag/e2806894000040038662114f, 88
1652706187.164052, sdrt-health/mac:02010b41cdec/antenna/tag/e2806894000050038662194f, 83
1652706187.264765, sdrt-health/mac:02010b41cdec/antenna/tag/e28068940000500386620d4f, 85
1652706187.334623, sdrt-health/mac:02010b41cdec/antenna/tag/e2806894000050038662194f, 81
1652706187.363236, sdrt-health/mac:02010b41cdec/antenna/tag/e2806894000050038662154f, 87
1652706187.363575, sdrt-health/mac:02010b41cdec/antenna/tag/e2806894000050038662194f, 87
1652706187.381556, sdrt-health/mac:02010b41cdec/antenna/tag/e2806894000040038662114f, 85
1652706187.425267, sdrt-health/mac:02010b41cdec/antenna/tag/e2806894000050038662154f, 81
1652706187.473304, sdrt-health/mac:02010b41cdec/antenna/tag/e2806894000040038662214f, 84
1652706187.515478, sdrt-health/mac:02010b41cdec/antenna/tag/e28068940000500386620d4f, 85
1652706187.556925, sdrt-health/mac:02010b41cdec/antenna/tag/e2806894000040038662114f, 88
1652706187.629904, sdrt-health/mac:02010b41cdec/antenna/tag/e2806894000040038662114f, 85
1652706187.630156, sdrt-health/mac:02010b41cdec/antenna/tag/e2806894000050038661fd4f, 90
1652706187.64506, sdrt-health/mac:02010b41cdec/antenna/tag/e2806894000050038661fd4f, 86
1652706187.655239, sdrt-health/mac:02010b41cdec/antenna/tag/e28068940000500386620d4f, 85
1652706187.663609, sdrt-health/mac:02010b41cdec/antenna/tag/e2806894000050038661fd4f, 86
1652706187.663939, sdrt-health/mac:02010b41cdec/antenna/tag/e2806894000040038662114f, 85
1652706187.698165, sdrt-health/mac:02010b41cdec/antenna/tag/e28068940000400386621d4f, 96
1652706187.739623, sdrt-health/mac:02010b41cdec/antenna/tag/e28068940000500386620d4f, 85
1652706187.78033, sdrt-health/mac:02010b41cdec/antenna/tag/e2806894000050038662194f, 82
1652706187.830421, sdrt-health/mac:02010b41cdec/antenna/tag/e28068940000500386620d4f, 83
1652706187.830725, sdrt-health/mac:02010b41cdec/antenna/tag/e28068940000500386620d4f, 85
1652706187.84691, sdrt-health/mac:02010b41cdec/antenna/tag/e28068940000400386621d4f, 96
1652706187.894802, sdrt-health/mac:02010b41cdec/antenna/tag/e2806894000050038662194f, 81
1652706187.934215, sdrt-health/mac:02010b41cdec/antenna/tag/e28068940000400386621d4f, 96
1652706187.974738, sdrt-health/mac:02010b41cdec/antenna/tag/e2806894000050038661fd4f, 86
1652706188.030633, sdrt-health/mac:02010b41cdec/antenna/tag/e2806894000040038662114f, 88
1652706188.080392, sdrt-health/mac:02010b41cdec/antenna/tag/e2806894000050038662154f, 88
1652706188.134127, sdrt-health/mac:02010b41cdec/antenna/tag/e28068940000500386620d4f, 93
1652706188.189496, sdrt-health/mac:02010b41cdec/antenna/tag/e28068940000400386621d4f, 96
1652706188.189706, sdrt-health/mac:02010b41cdec/antenna/tag/e28068940000400386621d4f, 90
1652706188.210592, sdrt-health/mac:02010b41cdec/antenna/tag/e28068940000500386620d4f, 93
1652706188.242112, sdrt-health/mac:02010b41cdec/antenna/tag/e2806894000050038661fd4f, 90
1652706188.242291, sdrt-health/mac:02010b41cdec/antenna/tag/e28068940000500386620d4f, 93
1652706188.24241, sdrt-health/mac:02010b41cdec/antenna/tag/e2806894000050038662154f, 88
1652706188.270026, sdrt-health/mac:02010b41cdec/antenna/tag/e2806894000040038662114f, 88
1652706188.314223, sdrt-health/mac:02010b41cdec/antenna/tag/e28068940000400386621d4f, 96
1652706188.343787, sdrt-health/mac:02010b41cdec/antenna/tag/e2806894000050038662194f, 81
1652706188.344049, sdrt-health/mac:02010b41cdec/antenna/tag/e28068940000500386620d4f, 87
1652706188.358232, sdrt-health/mac:02010b41cdec/antenna/tag/e2806894000050038662154f, 83
1652706188.358999, sdrt-health/mac:02010b41cdec/antenna/tag/e2806894000050038662154f, 81
1652706188.439005, sdrt-health/mac:02010b41cdec/antenna/tag/e28068940000500386620d4f, 93
1652706188.483353, sdrt-health/mac:02010b41cdec/antenna/tag/e28068940000400386621d4f, 90
1652706188.513663, sdrt-health/mac:02010b41cdec/antenna/tag/e2806894000040038662114f, 85
1652706188.513896, sdrt-health/mac:02010b41cdec/antenna/tag/e28068940000500386620d4f, 85
1652706188.53835, sdrt-health/mac:02010b41cdec/antenna/tag/e2806894000050038661fd4f, 90
1652706188.589988, sdrt-health/mac:02010b41cdec/antenna/tag/e28068940000400386621d4f, 96
1652706188.651689, sdrt-health/mac:02010b41cdec/antenna/tag/e28068940000500386620d4f, 87
1652706188.652187, sdrt-health/mac:02010b41cdec/antenna/tag/e2806894000040038662114f, 85
1652706188.667349, sdrt-health/mac:02010b41cdec/antenna/tag/e28068940000400386621d4f, 90
1652706188.667771, sdrt-health/mac:02010b41cdec/antenna/tag/e28068940000500386620d4f, 87
1652706188.684691, sdrt-health/mac:02010b41cdec/antenna/tag/e2806894000050038662154f, 83
1652706188.742158, sdrt-health/mac:02010b41cdec/antenna/tag/e28068940000500386620d4f, 87
1652706188.742393, sdrt-health/mac:02010b41cdec/antenna/tag/e28068940000500386620d4f, 83
1652706188.774271, sdrt-health/mac:02010b41cdec/antenna/tag/e2806894000050038662154f, 81
1652706188.829303, sdrt-health/mac:02010b41cdec/antenna/tag/e2806894000040038661f94f, 82
1652706188.888727, sdrt-health/mac:02010b41cdec/antenna/tag/e2806894000050038662194f, 84
1652706188.888919, sdrt-health/mac:02010b41cdec/antenna/tag/e28068940000500386620d4f, 87
1652706188.903484, sdrt-health/mac:02010b41cdec/antenna/tag/e28068940000400386621d4f, 96
1652706188.917651, sdrt-health/mac:02010b41cdec/antenna/tag/e28068940000500386620d4f, 87
1652706188.964326, sdrt-health/mac:02010b41cdec/antenna/tag/e28068940000500386620d4f, 93
1652706189.030119, sdrt-health/mac:02010b41cdec/antenna/tag/e2806894000050038662154f, 88
1652706189.03034, sdrt-health/mac:02010b41cdec/antenna/tag/e28068940000400386621d4f, 96
1652706189.045725, sdrt-health/mac:02010b41cdec/antenna/tag/e2806894000040038662114f, 85
1652706189.086317, sdrt-health/mac:02010b41cdec/antenna/tag/e2806894000050038661fd4f, 86
1652706189.086514, sdrt-health/mac:02010b41cdec/antenna/tag/e2806894000050038662154f, 85
1652706189.102286, sdrt-health/mac:02010b41cdec/antenna/tag/e2806894000050038661fd4f, 86
1652706189.115489, sdrt-health/mac:02010b41cdec/antenna/tag/e2806894000040038662114f, 85
1652706189.172731, sdrt-health/mac:02010b41cdec/antenna/tag/e2806894000050038661fd4f, 86
1652706189.17295, sdrt-health/mac:02010b41cdec/antenna/tag/e2806894000050038662154f, 85
1652706189.204308, sdrt-health/mac:02010b41cdec/antenna/tag/e2806894000050038662154f, 93
1652706189.272987, sdrt-health/mac:02010b41cdec/antenna/tag/e2806894000050038662154f, 93
1652706189.273488, sdrt-health/mac:02010b41cdec/antenna/tag/e2806894000050038661fd4f, 86
1652706189.289158, sdrt-health/mac:02010b41cdec/antenna/tag/e28068940000400386621d4f, 90
1652706189.345708, sdrt-health/mac:02010b41cdec/antenna/tag/e28068940000500386620d4f, 87
1652706189.390309, sdrt-health/mac:02010b41cdec/antenna/tag/e2806894000050038662194f, 81
1652706189.444306, sdrt-health/mac:02010b41cdec/antenna/tag/e2806894000050038662154f, 83
1652706189.513636, sdrt-health/mac:02010b41cdec/antenna/tag/e2806894000050038662154f, 81
1652706189.514148, sdrt-health/mac:02010b41cdec/antenna/tag/e2806894000050038662154f, 93
1652706189.529556, sdrt-health/mac:02010b41cdec/antenna/tag/e2806894000050038661fd4f, 90
1652706189.530043, sdrt-health/mac:02010b41cdec/antenna/tag/e28068940000400386621d4f, 96
1652706189.549311, sdrt-health/mac:02010b41cdec/antenna/tag/e2806894000050038662154f, 93
1652706189.595793, sdrt-health/mac:02010b41cdec/antenna/tag/e2806894000050038661fd4f, 86
1652706189.65453, sdrt-health/mac:02010b41cdec/antenna/tag/e28068940000400386621d4f, 96
1652706189.654851, sdrt-health/mac:02010b41cdec/antenna/tag/e28068940000500386620d4f, 85
1652706189.685166, sdrt-health/mac:02010b41cdec/antenna/tag/e28068940000400386621d4f, 90
1652706189.751649, sdrt-health/mac:02010b41cdec/antenna/tag/e2806894000040038662114f, 88
1652706189.751913, sdrt-health/mac:02010b41cdec/antenna/tag/e2806894000040038662114f, 85
1652706189.77473, sdrt-health/mac:02010b41cdec/antenna/tag/e28068940000500386620d4f, 87
1652706189.832649, sdrt-health/mac:02010b41cdec/antenna/tag/e2806894000050038662194f, 81
1652706189.832868, sdrt-health/mac:02010b41cdec/antenna/tag/e2806894000050038662154f, 93
1652706189.869483, sdrt-health/mac:02010b41cdec/antenna/tag/e2806894000050038661fd4f, 86
1652706189.915355, sdrt-health/mac:02010b41cdec/antenna/tag/e2806894000050038661fd4f, 86
1652706189.947772, sdrt-health/mac:02010b41cdec/antenna/tag/e2806894000040038662114f, 85
1652706189.948384, sdrt-health/mac:02010b41cdec/antenna/tag/e2806894000050038662154f, 85
1652706189.963671, sdrt-health/mac:02010b41cdec/antenna/tag/e28068940000500386620d4f, 87
1652706190.006188, sdrt-health/mac:02010b41cdec/antenna/tag/e2806894000040038662114f, 85
1652706190.075774, sdrt-health/mac:02010b41cdec/antenna/tag/e28068940000400386621d4f, 77
1652706190.076259, sdrt-health/mac:02010b41cdec/antenna/tag/e2806894000040038661f94f, 94
1652706190.091867, sdrt-health/mac:02010b41cdec/antenna/tag/e2806894000040038661f94f, 94
1652706190.092185, sdrt-health/mac:02010b41cdec/antenna/tag/e2806894000050038662154f, 83
1652706190.095912, sdrt-health/mac:02010b41cdec/antenna/tag/e28068940000500386620d4f, 85
1652706190.134601, sdrt-health/mac:02010b41cdec/antenna/tag/e28068940000400386621d4f, 96
1652706190.173796, sdrt-health/mac:02010b41cdec/antenna/tag/e2806894000050038662154f, 81
1652706190.256562, sdrt-health/mac:02010b41cdec/antenna/tag/e2806894000050038661fd4f, 83
1652706190.294962, sdrt-health/mac:02010b41cdec/antenna/tag/e2806894000050038662154f, 83
1652706190.336092, sdrt-health/mac:02010b41cdec/antenna/tag/e28068940000400386621d4f, 77
1652706190.37597, sdrt-health/mac:02010b41cdec/antenna/tag/e28068940000400386621d4f, 96
1652706190.431413, sdrt-health/mac:02010b41cdec/antenna/tag/e2806894000050038661fd4f, 86
1652706190.463295, sdrt-health/mac:02010b41cdec/antenna/tag/e2806894000040038662114f, 85
1652706190.463758, sdrt-health/mac:02010b41cdec/antenna/tag/e2806894000050038662154f, 88
1652706190.480353, sdrt-health/mac:02010b41cdec/antenna/tag/e2806894000050038661fd4f, 86
1652706190.517115, sdrt-health/mac:02010b41cdec/antenna/tag/e2806894000050038662154f, 81
1652706190.566684, sdrt-health/mac:02010b41cdec/antenna/tag/e2806894000050038662154f, 94
1652706190.630415, sdrt-health/mac:02010b41cdec/antenna/tag/e28068940000400386621d4f, 77
1652706190.630973, sdrt-health/mac:02010b41cdec/antenna/tag/e2806894000040038662114f, 88
1652706190.672828, sdrt-health/mac:02010b41cdec/antenna/tag/e2806894000050038661fd4f, 86
1652706190.730802, sdrt-health/mac:02010b41cdec/antenna/tag/e28068940000500386620d4f, 87
1652706190.731371, sdrt-health/mac:02010b41cdec/antenna/tag/e2806894000050038661fd4f, 86
1652706190.746261, sdrt-health/mac:02010b41cdec/antenna/tag/e2806894000040038662114f, 88
1652706190.783506, sdrt-health/mac:02010b41cdec/antenna/tag/e2806894000050038661fd4f, 86
1652706190.850514, sdrt-health/mac:02010b41cdec/antenna/tag/e28068940000400386621d4f, 96
1652706190.850778, sdrt-health/mac:02010b41cdec/antenna/tag/e2806894000050038662194f, 83
1652706190.874194, sdrt-health/mac:02010b41cdec/antenna/tag/e2806894000040038662114f, 88
1652706190.940841, sdrt-health/mac:02010b41cdec/antenna/tag/e28068940000500386620d4f, 83
1652706190.941261, sdrt-health/mac:02010b41cdec/antenna/tag/e28068940000500386620d4f, 93
1652706190.964761, sdrt-health/mac:02010b41cdec/antenna/tag/e2806894000050038662194f, 94
1652706191.014104, sdrt-health/mac:02010b41cdec/antenna/tag/e2806894000040038662114f, 88
1652706191.053685, sdrt-health/mac:02010b41cdec/antenna/tag/e2806894000050038662154f, 85
1652706191.149638, sdrt-health/mac:02010b41cdec/antenna/tag/e2806894000050038661fd4f, 90
1652706191.208089, sdrt-health/mac:02010b41cdec/antenna/tag/e28068940000400386621d4f, 96
1652706191.208622, sdrt-health/mac:02010b41cdec/antenna/tag/e2806894000050038662154f, 85
1652706191.221692, sdrt-health/mac:02010b41cdec/antenna/tag/e28068940000400386621d4f, 90
1652706191.244374, sdrt-health/mac:02010b41cdec/antenna/tag/e2806894000050038662194f, 83
1652706191.285329, sdrt-health/mac:02010b41cdec/antenna/tag/e28068940000400386621d4f, 96
1652706191.334387, sdrt-health/mac:02010b41cdec/antenna/tag/e2806894000040038662114f, 85
1652706191.392507, sdrt-health/mac:02010b41cdec/antenna/tag/e2806894000050038662154f, 87
1652706191.392959, sdrt-health/mac:02010b41cdec/antenna/tag/e2806894000050038662194f, 83
1652706191.407516, sdrt-health/mac:02010b41cdec/antenna/tag/e2806894000050038661fd4f, 86
1652706191.423364, sdrt-health/mac:02010b41cdec/antenna/tag/e2806894000050038661fd4f, 83
1652706191.485589, sdrt-health/mac:02010b41cdec/antenna/tag/e2806894000050038662194f, 88
1652706191.517773, sdrt-health/mac:02010b41cdec/antenna/tag/e2806894000050038662194f, 94
1652706191.518351, sdrt-health/mac:02010b41cdec/antenna/tag/e28068940000500386620d4f, 93
1652706191.532443, sdrt-health/mac:02010b41cdec/antenna/tag/e28068940000500386620d4f, 87
1652706191.532777, sdrt-health/mac:02010b41cdec/antenna/tag/e28068940000500386620d4f, 93
1652706191.576278, sdrt-health/mac:02010b41cdec/antenna/tag/e2806894000050038661fd4f, 86
1652706192.022272, sdrt-health/mac:02010b41cdec/antenna/tag/e2806894000040038662114f, 85
1652706192.022776, sdrt-health/mac:02010b41cdec/antenna/tag/scan, scan stopped
