1652705705.087439, sdrt-health/mac:02010b41cdec/antenna/power/set, {"power": 290}
1652705706.157332, sdrt-health/mac:02010b41cdec/antenna/power/set, 
1652705710.109404, sdrt-health/mac:02010b41cdec/antenna/tag/scan, {"time": 20000}
1652705710.519356, sdrt-health/mac:02010b41cdec/antenna/tag/e2806894000050038661fd4f, 86
1652705710.568185, sdrt-health/mac:02010b41cdec/antenna/tag/e2806894000040038661f94f, 81
1652705710.614452, sdrt-health/mac:02010b41cdec/antenna/tag/e2806894000050038661fd4f, 86
1652705710.618272, sdrt-health/mac:02010b41cdec/antenna/tag/e28068940000400386621d4f, 96
1652705710.673857, sdrt-health/mac:02010b41cdec/antenna/tag/e2806894000040038662114f, 85
1652705710.715481, sdrt-health/mac:02010b41cdec/antenna/tag/e28068940000500386620d4f, 93
1652705710.766176, sdrt-health/mac:02010b41cdec/antenna/tag/e28068940000500386620d4f, 83
1652705710.813481, sdrt-health/mac:02010b41cdec/antenna/tag/e2806894000040038662114f, 85
1652705710.8138, sdrt-health/mac:02010b41cdec/antenna/tag/e2806894000050038662194f, 83
1652705710.870552, sdrt-health/mac:02010b41cdec/antenna/tag/e2806894000050038661fd4f, 86
1652705710.870993, sdrt-health/mac:02010b41cdec/antenna/tag/e28068940000500386620d4f, 83
1652705710.886196, sdrt-health/mac:02010b41cdec/antenna/tag/e2806894000050038662194f, 81
1652705710.91022, sdrt-health/mac:02010b41cdec/antenna/tag/e2806894000050038662154f, 83
1652705710.964634, sdrt-health/mac:02010b41cdec/antenna/tag/e2806894000040038662114f, 93
1652705710.993811, sdrt-health/mac:02010b41cdec/antenna/tag/e2806894000050038662154f, 83
1652705710.994396, sdrt-health/mac:02010b41cdec/antenna/tag/e28068940000400386621d4f, 96
1652705711.017426, sdrt-health/mac:02010b41cdec/antenna/tag/e2806894000050038661fd4f, 86
1652705711.051156, sdrt-health/mac:02010b41cdec/antenna/tag/e2806894000040038662114f, 91
1652705711.051396, sdrt-health/mac:02010b41cdec/antenna/tag/e2806894000050038662154f, 87
1652705711.051558, sdrt-health/mac:02010b41cdec/antenna/tag/e28068940000400386621d4f, 96
1652705711.070688, sdrt-health/mac:02010b41cdec/antenna/tag/e28068940000400386621d4f, 77
1652705711.11587, sdrt-health/mac:02010b41cdec/antenna/tag/e2806894000050038662194f, 88
1652705711.116249, sdrt-health/mac:02010b41cdec/antenna/tag/e28068940000400386621d4f, 77
1652705711.129969, sdrt-health/mac:02010b41cdec/antenna/tag/e2806894000050038662154f, 81
1652705711.17548, sdrt-health/mac:02010b41cdec/antenna/tag/e28068940000400386621d4f, 90
1652705711.230877, sdrt-health/mac:02010b41cdec/antenna/tag/e2806894000050038662154f, 93
1652705711.294497, sdrt-health/mac:02010b41cdec/antenna/tag/e2806894000050038661fd4f, 86
1652705711.294994, sdrt-health/mac:02010b41cdec/antenna/tag/e28068940000400386621d4f, 90
1652705711.295329, sdrt-health/mac:02010b41cdec/antenna/tag/e2806894000040038662114f, 88
1652705711.308913, sdrt-health/mac:02010b41cdec/antenna/tag/e2806894000050038662154f, 93
1652705711.318446, sdrt-health/mac:02010b41cdec/antenna/tag/e2806894000050038662154f, 93
1652705711.365266, sdrt-health/mac:02010b41cdec/antenna/tag/e2806894000050038662154f, 93
1652705711.427092, sdrt-health/mac:02010b41cdec/antenna/tag/e2806894000050038662194f, 83
1652705711.470992, sdrt-health/mac:02010b41cdec/antenna/tag/e28068940000400386621d4f, 77
1652705711.530073, sdrt-health/mac:02010b41cdec/antenna/tag/e2806894000050038662194f, 84
1652705711.530546, sdrt-health/mac:02010b41cdec/antenna/tag/e2806894000050038662154f, 94
1652705711.530877, sdrt-health/mac:02010b41cdec/antenna/tag/e2806894000050038661fd4f, 86
1652705711.544796, sdrt-health/mac:02010b41cdec/antenna/tag/e2806894000050038661fd4f, 83
1652705711.575297, sdrt-health/mac:02010b41cdec/antenna/tag/e2806894000040038662114f, 85
1652705711.629701, sdrt-health/mac:02010b41cdec/antenna/tag/e2806894000050038662154f, 85
1652705711.699278, sdrt-health/mac:02010b41cdec/antenna/tag/e28068940000400386621d4f, 96
1652705711.699722, sdrt-health/mac:02010b41cdec/antenna/tag/e2806894000040038662114f, 88
1652705711.744289, sdrt-health/mac:02010b41cdec/antenna/tag/e28068940000400386621d4f, 90
1652705711.839201, sdrt-health/mac:02010b41cdec/antenna/tag/e2806894000050038662194f, 81
1652705711.839797, sdrt-health/mac:02010b41cdec/antenna/tag/e2806894000050038661fd4f, 86
1652705711.886175, sdrt-health/mac:02010b41cdec/antenna/tag/e2806894000050038662154f, 87
1652705711.925428, sdrt-health/mac:02010b41cdec/antenna/tag/e2806894000050038661fd4f, 86
1652705711.954341, sdrt-health/mac:02010b41cdec/antenna/tag/e2806894000050038662194f, 81
1652705711.954667, sdrt-health/mac:02010b41cdec/antenna/tag/e28068940000500386620d4f, 87
1652705711.976357, sdrt-health/mac:02010b41cdec/antenna/tag/e28068940000500386620d4f, 93
1652705712.017731, sdrt-health/mac:02010b41cdec/antenna/tag/e28068940000500386620d4f, 87
1652705712.101887, sdrt-health/mac:02010b41cdec/antenna/tag/e28068940000400386621d4f, 96
1652705712.102333, sdrt-health/mac:02010b41cdec/antenna/tag/e2806894000040038662114f, 85
1652705712.136647, sdrt-health/mac:02010b41cdec/antenna/tag/e2806894000050038661fd4f, 86
1652705712.189677, sdrt-health/mac:02010b41cdec/antenna/tag/e28068940000500386620d4f, 87
1652705712.190226, sdrt-health/mac:02010b41cdec/antenna/tag/e2806894000050038662154f, 83
1652705712.203116, sdrt-health/mac:02010b41cdec/antenna/tag/e2806894000050038661fd4f, 86
1652705712.225541, sdrt-health/mac:02010b41cdec/antenna/tag/e2806894000040038662114f, 88
1652705712.270034, sdrt-health/mac:02010b41cdec/antenna/tag/e2806894000050038662154f, 93
1652705712.338848, sdrt-health/mac:02010b41cdec/antenna/tag/e2806894000040038662114f, 85
1652705712.339387, sdrt-health/mac:02010b41cdec/antenna/tag/e2806894000050038661fd4f, 86
1652705712.400092, sdrt-health/mac:02010b41cdec/antenna/tag/e2806894000050038661fd4f, 86
1652705712.428601, sdrt-health/mac:02010b41cdec/antenna/tag/e2806894000050038662194f, 94
1652705712.428907, sdrt-health/mac:02010b41cdec/antenna/tag/e2806894000050038662194f, 88
1652705712.455119, sdrt-health/mac:02010b41cdec/antenna/tag/e28068940000400386621d4f, 96
1652705712.509085, sdrt-health/mac:02010b41cdec/antenna/tag/e2806894000050038662154f, 93
1652705712.50957, sdrt-health/mac:02010b41cdec/antenna/tag/e2806894000050038662154f, 85
1652705712.522865, sdrt-health/mac:02010b41cdec/antenna/tag/e28068940000500386620d4f, 85
1652705712.5488, sdrt-health/mac:02010b41cdec/antenna/tag/e2806894000040038662114f, 88
1652705712.549007, sdrt-health/mac:02010b41cdec/antenna/tag/e28068940000400386621d4f, 90
1652705712.590788, sdrt-health/mac:02010b41cdec/antenna/tag/e2806894000040038662114f, 88
1652705712.635198, sdrt-health/mac:02010b41cdec/antenna/tag/e2806894000040038662114f, 88
1652705712.693169, sdrt-health/mac:02010b41cdec/antenna/tag/e2806894000050038662194f, 88
1652705712.693626, sdrt-health/mac:02010b41cdec/antenna/tag/e28068940000500386620d4f, 87
1652705712.707357, sdrt-health/mac:02010b41cdec/antenna/tag/e2806894000040038662114f, 91
1652705712.734393, sdrt-health/mac:02010b41cdec/antenna/tag/e2806894000050038662154f, 93
1652705712.794098, sdrt-health/mac:02010b41cdec/antenna/tag/e28068940000500386620d4f, 87
1652705712.794615, sdrt-health/mac:02010b41cdec/antenna/tag/e2806894000050038661fd4f, 86
1652705712.854723, sdrt-health/mac:02010b41cdec/antenna/tag/e2806894000050038661fd4f, 90
1652705712.894533, sdrt-health/mac:02010b41cdec/antenna/tag/e28068940000400386621d4f, 96
1652705712.950898, sdrt-health/mac:02010b41cdec/antenna/tag/e28068940000400386621d4f, 96
1652705712.951379, sdrt-health/mac:02010b41cdec/antenna/tag/e2806894000050038662154f, 85
1652705712.990003, sdrt-health/mac:02010b41cdec/antenna/tag/e2806894000050038661fd4f, 83
1652705713.035744, sdrt-health/mac:02010b41cdec/antenna/tag/e2806894000050038662154f, 81
1652705713.142362, sdrt-health/mac:02010b41cdec/antenna/tag/e28068940000400386621d4f, 77
1652705713.142806, sdrt-health/mac:02010b41cdec/antenna/tag/e28068940000500386620d4f, 93
1652705713.17604, sdrt-health/mac:02010b41cdec/antenna/tag/e28068940000400386621d4f, 96
1652705713.270848, sdrt-health/mac:02010b41cdec/antenna/tag/e2806894000050038661fd4f, 86
1652705713.271318, sdrt-health/mac:02010b41cdec/antenna/tag/e2806894000050038661fd4f, 86
1652705713.310556, sdrt-health/mac:02010b41cdec/antenna/tag/e2806894000050038661fd4f, 86
1652705713.341142, sdrt-health/mac:02010b41cdec/antenna/tag/e28068940000500386620d4f, 93
1652705713.341471, sdrt-health/mac:02010b41cdec/antenna/tag/e28068940000400386621d4f, 90
1652705713.355104, sdrt-health/mac:02010b41cdec/antenna/tag/e2806894000050038662194f, 83
1652705713.426128, sdrt-health/mac:02010b41cdec/antenna/tag/e28068940000400386621d4f, 96
1652705713.469856, sdrt-health/mac:02010b41cdec/antenna/tag/e2806894000050038661fd4f, 86
1652705713.526971, sdrt-health/mac:02010b41cdec/antenna/tag/e2806894000050038662154f, 85
1652705713.561085, sdrt-health/mac:02010b41cdec/antenna/tag/e28068940000400386621d4f, 90
1652705713.561617, sdrt-health/mac:02010b41cdec/antenna/tag/e2806894000050038661fd4f, 90
1652705713.586271, sdrt-health/mac:02010b41cdec/antenna/tag/e28068940000400386621d4f, 90
1652705713.646161, sdrt-health/mac:02010b41cdec/antenna/tag/e2806894000050038661fd4f, 90
1652705713.711387, sdrt-health/mac:02010b41cdec/antenna/tag/e2806894000050038661fd4f, 86
1652705713.75579, sdrt-health/mac:02010b41cdec/antenna/tag/e2806894000040038662114f, 85
1652705713.813189, sdrt-health/mac:02010b41cdec/antenna/tag/e28068940000400386621d4f, 96
1652705713.813848, sdrt-health/mac:02010b41cdec/antenna/tag/e2806894000040038662114f, 88
1652705713.827564, sdrt-health/mac:02010b41cdec/antenna/tag/e28068940000400386621d4f, 90
1652705713.827836, sdrt-health/mac:02010b41cdec/antenna/tag/e2806894000040038662114f, 85
1652705713.828151, sdrt-health/mac:02010b41cdec/antenna/tag/e28068940000400386621d4f, 96
1652705713.845142, sdrt-health/mac:02010b41cdec/antenna/tag/e2806894000040038662114f, 85
1652705713.909885, sdrt-health/mac:02010b41cdec/antenna/tag/e28068940000400386621d4f, 90
1652705713.910418, sdrt-health/mac:02010b41cdec/antenna/tag/e28068940000400386621d4f, 90
1652705713.924457, sdrt-health/mac:02010b41cdec/antenna/tag/e2806894000040038662114f, 88
1652705713.93477, sdrt-health/mac:02010b41cdec/antenna/tag/e2806894000040038661f94f, 82
1652705713.939721, sdrt-health/mac:02010b41cdec/antenna/tag/e2806894000050038661fd4f, 83
1652705713.986752, sdrt-health/mac:02010b41cdec/antenna/tag/e2806894000040038662114f, 93
1652705714.044804, sdrt-health/mac:02010b41cdec/antenna/tag/e28068940000500386620d4f, 93
1652705714.045383, sdrt-health/mac:02010b41cdec/antenna/tag/e2806894000050038662154f, 93
1652705714.045783, sdrt-health/mac:02010b41cdec/antenna/tag/e2806894000040038662114f, 85
1652705714.076546, sdrt-health/mac:02010b41cdec/antenna/tag/e28068940000400386621d4f, 96
1652705714.107001, sdrt-health/mac:02010b41cdec/antenna/tag/e2806894000050038662154f, 88
1652705714.107422, sdrt-health/mac:02010b41cdec/antenna/tag/e28068940000500386620d4f, 85
1652705714.139016, sdrt-health/mac:02010b41cdec/antenna/tag/e28068940000500386620d4f, 85
1652705714.191475, sdrt-health/mac:02010b41cdec/antenna/tag/e2806894000040038662114f, 91
1652705714.260335, sdrt-health/mac:02010b41cdec/antenna/tag/e2806894000050038662154f, 93
1652705714.260824, sdrt-health/mac:02010b41cdec/antenna/tag/e2806894000040038662114f, 91
1652705714.274631, sdrt-health/mac:02010b41cdec/antenna/tag/e2806894000050038662194f, 88
1652705714.29633, sdrt-health/mac:02010b41cdec/antenna/tag/e2806894000050038661fd4f, 86
1652705714.367849, sdrt-health/mac:02010b41cdec/antenna/tag/e2806894000050038661fd4f, 86
1652705714.368342, sdrt-health/mac:02010b41cdec/antenna/tag/e2806894000050038662154f, 87
1652705714.396189, sdrt-health/mac:02010b41cdec/antenna/tag/e2806894000050038661fd4f, 86
1652705714.514219, sdrt-health/mac:02010b41cdec/antenna/tag/e2806894000040038662114f, 85
1652705714.514699, sdrt-health/mac:02010b41cdec/antenna/tag/e2806894000040038661f94f, 81
1652705714.5426, sdrt-health/mac:02010b41cdec/antenna/tag/e28068940000500386620d4f, 93
1652705714.606723, sdrt-health/mac:02010b41cdec/antenna/tag/e2806894000040038662214f, 83
1652705714.607361, sdrt-health/mac:02010b41cdec/antenna/tag/e2806894000050038661fd4f, 90
1652705714.621729, sdrt-health/mac:02010b41cdec/antenna/tag/e2806894000050038662154f, 85
1652705714.652871, sdrt-health/mac:02010b41cdec/antenna/tag/e2806894000050038662194f, 83
1652705714.653233, sdrt-health/mac:02010b41cdec/antenna/tag/e2806894000050038662154f, 85
1652705714.682522, sdrt-health/mac:02010b41cdec/antenna/tag/e2806894000040038662114f, 93
1652705714.726018, sdrt-health/mac:02010b41cdec/antenna/tag/e2806894000040038662114f, 85
1652705714.796191, sdrt-health/mac:02010b41cdec/antenna/tag/e2806894000050038661fd4f, 90
1652705714.796692, sdrt-health/mac:02010b41cdec/antenna/tag/e2806894000050038661fd4f, 86
1652705714.813745, sdrt-health/mac:02010b41cdec/antenna/tag/e2806894000050038661fd4f, 90
1652705714.836223, sdrt-health/mac:02010b41cdec/antenna/tag/e2806894000050038661fd4f, 83
1652705714.900723, sdrt-health/mac:02010b41cdec/antenna/tag/e2806894000040038662114f, 85
1652705714.901271, sdrt-health/mac:02010b41cdec/antenna/tag/e28068940000500386620d4f, 87
1652705714.915713, sdrt-health/mac:02010b41cdec/antenna/tag/e2806894000050038662194f, 81
1652705714.915978, sdrt-health/mac:02010b41cdec/antenna/tag/e28068940000500386620d4f, 93
1652705714.936649, sdrt-health/mac:02010b41cdec/antenna/tag/e2806894000040038662114f, 85
1652705714.990834, sdrt-health/mac:02010b41cdec/antenna/tag/e2806894000050038662194f, 88
1652705715.020241, sdrt-health/mac:02010b41cdec/antenna/tag/e2806894000050038662154f, 88
1652705715.020605, sdrt-health/mac:02010b41cdec/antenna/tag/e2806894000050038661fd4f, 90
1652705715.035786, sdrt-health/mac:02010b41cdec/antenna/tag/e2806894000040038662114f, 85
1652705715.06706, sdrt-health/mac:02010b41cdec/antenna/tag/e2806894000050038662154f, 88
1652705715.067317, sdrt-health/mac:02010b41cdec/antenna/tag/e28068940000400386621d4f, 96
1652705715.067499, sdrt-health/mac:02010b41cdec/antenna/tag/e2806894000050038662194f, 83
1652705715.086305, sdrt-health/mac:02010b41cdec/antenna/tag/e28068940000500386620d4f, 93
1652705715.141179, sdrt-health/mac:02010b41cdec/antenna/tag/e2806894000050038661fd4f, 90
1652705715.141693, sdrt-health/mac:02010b41cdec/antenna/tag/e2806894000050038662154f, 85
1652705715.154652, sdrt-health/mac:02010b41cdec/antenna/tag/e2806894000040038662114f, 88
1652705715.176985, sdrt-health/mac:02010b41cdec/antenna/tag/e28068940000400386621d4f, 90
1652705715.230949, sdrt-health/mac:02010b41cdec/antenna/tag/e28068940000500386620d4f, 93
1652705715.2862, sdrt-health/mac:02010b41cdec/antenna/tag/e28068940000400386621d4f, 90
1652705715.315928, sdrt-health/mac:02010b41cdec/antenna/tag/e2806894000040038662114f, 85
1652705715.316334, sdrt-health/mac:02010b41cdec/antenna/tag/e28068940000500386620d4f, 85
1652705715.341207, sdrt-health/mac:02010b41cdec/antenna/tag/e28068940000400386621d4f, 96
1652705715.395225, sdrt-health/mac:02010b41cdec/antenna/tag/e2806894000040038662114f, 85
1652705715.445523, sdrt-health/mac:02010b41cdec/antenna/tag/e2806894000050038662194f, 87
1652705715.496474, sdrt-health/mac:02010b41cdec/antenna/tag/e2806894000050038661fd4f, 86
1652705715.526533, sdrt-health/mac:02010b41cdec/antenna/tag/e2806894000050038662154f, 85
1652705715.527226, sdrt-health/mac:02010b41cdec/antenna/tag/e28068940000400386621d4f, 96
1652705715.559008, sdrt-health/mac:02010b41cdec/antenna/tag/e2806894000040038662114f, 85
1652705715.633328, sdrt-health/mac:02010b41cdec/antenna/tag/e2806894000050038661fd4f, 86
1652705715.633834, sdrt-health/mac:02010b41cdec/antenna/tag/e2806894000050038661fd4f, 86
1652705715.64826, sdrt-health/mac:02010b41cdec/antenna/tag/e28068940000400386621d4f, 90
1652705715.664103, sdrt-health/mac:02010b41cdec/antenna/tag/e2806894000050038661fd4f, 90
1652705715.710124, sdrt-health/mac:02010b41cdec/antenna/tag/e2806894000040038662114f, 88
1652705715.792234, sdrt-health/mac:02010b41cdec/antenna/tag/e28068940000400386621d4f, 90
1652705715.792711, sdrt-health/mac:02010b41cdec/antenna/tag/e28068940000400386621d4f, 77
1652705715.825658, sdrt-health/mac:02010b41cdec/antenna/tag/e2806894000050038661fd4f, 83
1652705715.895571, sdrt-health/mac:02010b41cdec/antenna/tag/e2806894000050038662154f, 87
1652705715.93628, sdrt-health/mac:02010b41cdec/antenna/tag/e28068940000500386620d4f, 83
1652705715.996075, sdrt-health/mac:02010b41cdec/antenna/tag/e28068940000400386621d4f, 96
1652705716.039719, sdrt-health/mac:02010b41cdec/antenna/tag/e2806894000050038661fd4f, 86
1652705716.102023, sdrt-health/mac:02010b41cdec/antenna/tag/e2806894000050038662154f, 88
1652705716.102509, sdrt-health/mac:02010b41cdec/antenna/tag/e2806894000050038661fd4f, 86
1652705716.116585, sdrt-health/mac:02010b41cdec/antenna/tag/e28068940000500386620d4f, 87
1652705716.156705, sdrt-health/mac:02010b41cdec/antenna/tag/e2806894000050038661fd4f, 86
1652705716.28551, sdrt-health/mac:02010b41cdec/antenna/tag/e2806894000050038662154f, 93
1652705716.285992, sdrt-health/mac:02010b41cdec/antenna/tag/e2806894000050038661fd4f, 86
1652705716.315408, sdrt-health/mac:02010b41cdec/antenna/tag/e2806894000050038661fd4f, 90
1652705716.359988, sdrt-health/mac:02010b41cdec/antenna/tag/e28068940000400386621d4f, 77
1652705716.405663, sdrt-health/mac:02010b41cdec/antenna/tag/e2806894000040038662114f, 85
1652705716.47179, sdrt-health/mac:02010b41cdec/antenna/tag/e28068940000400386621d4f, 96
1652705716.472292, sdrt-health/mac:02010b41cdec/antenna/tag/e2806894000050038662194f, 81
1652705716.487224, sdrt-health/mac:02010b41cdec/antenna/tag/e28068940000500386620d4f, 87
1652705716.511517, sdrt-health/mac:02010b41cdec/antenna/tag/e2806894000050038662154f, 87
1652705716.582744, sdrt-health/mac:02010b41cdec/antenna/tag/e2806894000050038662154f, 85
1652705716.583199, sdrt-health/mac:02010b41cdec/antenna/tag/e28068940000400386621d4f, 96
1652705716.59812, sdrt-health/mac:02010b41cdec/antenna/tag/e2806894000050038661fd4f, 90
1652705716.6157, sdrt-health/mac:02010b41cdec/antenna/tag/e2806894000050038662194f, 83
1652705716.684676, sdrt-health/mac:02010b41cdec/antenna/tag/e2806894000040038662114f, 88
1652705716.685269, sdrt-health/mac:02010b41cdec/antenna/tag/e2806894000040038662114f, 88
1652705716.716633, sdrt-health/mac:02010b41cdec/antenna/tag/e2806894000040038662114f, 88
1652705716.774133, sdrt-health/mac:02010b41cdec/antenna/tag/e2806894000050038662154f, 85
1652705716.774628, sdrt-health/mac:02010b41cdec/antenna/tag/e2806894000050038661fd4f, 86
1652705716.789678, sdrt-health/mac:02010b41cdec/antenna/tag/e2806894000050038661fd4f, 86
1652705716.806108, sdrt-health/mac:02010b41cdec/antenna/tag/e28068940000400386621d4f, 96
1652705716.836608, sdrt-health/mac:02010b41cdec/antenna/tag/e2806894000040038662114f, 88
1652705716.836988, sdrt-health/mac:02010b41cdec/antenna/tag/e2806894000050038662194f, 81
1652705716.856192, sdrt-health/mac:02010b41cdec/antenna/tag/e28068940000500386620d4f, 87
1652705716.909691, sdrt-health/mac:02010b41cdec/antenna/tag/e2806894000050038662154f, 85
1652705716.910066, sdrt-health/mac:02010b41cdec/antenna/tag/e2806894000050038662154f, 85
1652705716.925275, sdrt-health/mac:02010b41cdec/antenna/tag/e2806894000050038661fd4f, 86
1652705716.947136, sdrt-health/mac:02010b41cdec/antenna/tag/e28068940000400386621d4f, 96
1652705716.999754, sdrt-health/mac:02010b41cdec/antenna/tag/e2806894000050038662154f, 83
1652705717.045233, sdrt-health/mac:02010b41cdec/antenna/tag/e2806894000040038662054f, 84
1652705717.045714, sdrt-health/mac:02010b41cdec/antenna/tag/e2806894000040038662214f, 84
1652705717.060535, sdrt-health/mac:02010b41cdec/antenna/tag/e2806894000040038662114f, 93
1652705717.102639, sdrt-health/mac:02010b41cdec/antenna/tag/e28068940000400386621d4f, 77
1652705717.16696, sdrt-health/mac:02010b41cdec/antenna/tag/e2806894000050038661fd4f, 83
1652705717.167495, sdrt-health/mac:02010b41cdec/antenna/tag/e2806894000040038662214f, 82
1652705717.195422, sdrt-health/mac:02010b41cdec/antenna/tag/e28068940000400386621d4f, 96
1652705717.238407, sdrt-health/mac:02010b41cdec/antenna/tag/e2806894000050038662194f, 94
1652705717.286471, sdrt-health/mac:02010b41cdec/antenna/tag/e2806894000050038662154f, 94
1652705717.352295, sdrt-health/mac:02010b41cdec/antenna/tag/e2806894000050038662154f, 83
1652705717.352785, sdrt-health/mac:02010b41cdec/antenna/tag/e2806894000040038662114f, 85
1652705717.353203, sdrt-health/mac:02010b41cdec/antenna/tag/e2806894000040038662114f, 85
1652705717.41731, sdrt-health/mac:02010b41cdec/antenna/tag/e2806894000050038661fd4f, 86
1652705717.471723, sdrt-health/mac:02010b41cdec/antenna/tag/e2806894000040038662114f, 88
1652705717.515695, sdrt-health/mac:02010b41cdec/antenna/tag/e2806894000040038662114f, 88
1652705717.558736, sdrt-health/mac:02010b41cdec/antenna/tag/e28068940000400386621d4f, 77
1652705717.605773, sdrt-health/mac:02010b41cdec/antenna/tag/e2806894000040038662114f, 93
1652705717.690172, sdrt-health/mac:02010b41cdec/antenna/tag/e2806894000050038662194f, 81
1652705717.690864, sdrt-health/mac:02010b41cdec/antenna/tag/e2806894000050038662154f, 85
1652705717.735395, sdrt-health/mac:02010b41cdec/antenna/tag/e2806894000050038661fd4f, 86
1652705717.841839, sdrt-health/mac:02010b41cdec/antenna/tag/e2806894000040038662114f, 88
1652705717.842311, sdrt-health/mac:02010b41cdec/antenna/tag/e28068940000500386620d4f, 88
1652705717.858113, sdrt-health/mac:02010b41cdec/antenna/tag/e28068940000500386620d4f, 87
1652705717.892656, sdrt-health/mac:02010b41cdec/antenna/tag/e2806894000050038662154f, 85
1652705717.893104, sdrt-health/mac:02010b41cdec/antenna/tag/e2806894000050038662154f, 93
1652705717.906817, sdrt-health/mac:02010b41cdec/antenna/tag/e28068940000500386620d4f, 93
1652705717.925248, sdrt-health/mac:02010b41cdec/antenna/tag/e2806894000050038661fd4f, 86
1652705717.97551, sdrt-health/mac:02010b41cdec/antenna/tag/e28068940000500386620d4f, 83
1652705718.090772, sdrt-health/mac:02010b41cdec/antenna/tag/e2806894000050038662154f, 81
1652705718.091256, sdrt-health/mac:02010b41cdec/antenna/tag/e28068940000400386621d4f, 90
1652705718.156433, sdrt-health/mac:02010b41cdec/antenna/tag/e2806894000050038662154f, 93
1652705718.191066, sdrt-health/mac:02010b41cdec/antenna/tag/e28068940000500386620d4f, 93
1652705718.191505, sdrt-health/mac:02010b41cdec/antenna/tag/e2806894000050038662154f, 85
1652705718.224977, sdrt-health/mac:02010b41cdec/antenna/tag/e2806894000040038662114f, 88
1652705718.26921, sdrt-health/mac:02010b41cdec/antenna/tag/e2806894000050038662154f, 87
1652705718.297719, sdrt-health/mac:02010b41cdec/antenna/tag/e28068940000500386620d4f, 83
1652705718.298045, sdrt-health/mac:02010b41cdec/antenna/tag/e2806894000050038661fd4f, 86
1652705718.31453, sdrt-health/mac:02010b41cdec/antenna/tag/e28068940000500386620d4f, 87
1652705718.357951, sdrt-health/mac:02010b41cdec/antenna/tag/e28068940000500386620d4f, 93
1652705718.358511, sdrt-health/mac:02010b41cdec/antenna/tag/e2806894000050038661fd4f, 86
1652705718.374587, sdrt-health/mac:02010b41cdec/antenna/tag/e2806894000050038661fd4f, 83
1652705718.374833, sdrt-health/mac:02010b41cdec/antenna/tag/e2806894000050038662194f, 83
1652705718.40528, sdrt-health/mac:02010b41cdec/antenna/tag/e28068940000400386621d4f, 96
1652705718.454801, sdrt-health/mac:02010b41cdec/antenna/tag/e2806894000050038661fd4f, 83
1652705718.509289, sdrt-health/mac:02010b41cdec/antenna/tag/e28068940000500386620d4f, 87
1652705718.549864, sdrt-health/mac:02010b41cdec/antenna/tag/e2806894000050038662154f, 83
1652705718.550123, sdrt-health/mac:02010b41cdec/antenna/tag/e2806894000050038662194f, 94
1652705718.564197, sdrt-health/mac:02010b41cdec/antenna/tag/e2806894000050038662194f, 81
1652705718.5745, sdrt-health/mac:02010b41cdec/antenna/tag/e2806894000050038662194f, 94
1652705718.616059, sdrt-health/mac:02010b41cdec/antenna/tag/e28068940000400386621d4f, 77
1652705718.670045, sdrt-health/mac:02010b41cdec/antenna/tag/e2806894000040038662114f, 88
1652705718.67053, sdrt-health/mac:02010b41cdec/antenna/tag/e2806894000040038662114f, 85
1652705718.685138, sdrt-health/mac:02010b41cdec/antenna/tag/e28068940000500386620d4f, 87
1652705718.695047, sdrt-health/mac:02010b41cdec/antenna/tag/e28068940000500386620d4f, 87
1652705718.735777, sdrt-health/mac:02010b41cdec/antenna/tag/e28068940000500386620d4f, 93
1652705718.777053, sdrt-health/mac:02010b41cdec/antenna/tag/e2806894000050038661fd4f, 86
1652705718.847641, sdrt-health/mac:02010b41cdec/antenna/tag/e28068940000400386621d4f, 96
1652705718.848123, sdrt-health/mac:02010b41cdec/antenna/tag/e2806894000040038662114f, 88
1652705718.876457, sdrt-health/mac:02010b41cdec/antenna/tag/e2806894000050038662194f, 87
1652705718.934689, sdrt-health/mac:02010b41cdec/antenna/tag/e2806894000040038662114f, 88
1652705718.935058, sdrt-health/mac:02010b41cdec/antenna/tag/e28068940000400386621d4f, 77
1652705718.965437, sdrt-health/mac:02010b41cdec/antenna/tag/e28068940000500386620d4f, 93
1652705719.016371, sdrt-health/mac:02010b41cdec/antenna/tag/e28068940000500386620d4f, 85
1652705719.049114, sdrt-health/mac:02010b41cdec/antenna/tag/e28068940000500386620d4f, 85
1652705719.049402, sdrt-health/mac:02010b41cdec/antenna/tag/e2806894000040038662114f, 88
1652705719.096837, sdrt-health/mac:02010b41cdec/antenna/tag/e28068940000500386620d4f, 85
1652705719.136647, sdrt-health/mac:02010b41cdec/antenna/tag/e2806894000050038662154f, 85
1652705719.179227, sdrt-health/mac:02010b41cdec/antenna/tag/e28068940000400386621d4f, 90
1652705719.292938, sdrt-health/mac:02010b41cdec/antenna/tag/e28068940000500386620d4f, 85
1652705719.293381, sdrt-health/mac:02010b41cdec/antenna/tag/e28068940000400386621d4f, 96
1652705719.318505, sdrt-health/mac:02010b41cdec/antenna/tag/e28068940000500386620d4f, 93
1652705719.387381, sdrt-health/mac:02010b41cdec/antenna/tag/e28068940000400386621d4f, 96
1652705719.387915, sdrt-health/mac:02010b41cdec/antenna/tag/e28068940000400386621d4f, 96
1652705719.416499, sdrt-health/mac:02010b41cdec/antenna/tag/e2806894000050038662154f, 85
1652705719.472457, sdrt-health/mac:02010b41cdec/antenna/tag/e28068940000500386620d4f, 85
1652705719.473126, sdrt-health/mac:02010b41cdec/antenna/tag/e2806894000050038662154f, 85
1652705719.487904, sdrt-health/mac:02010b41cdec/antenna/tag/e2806894000040038662114f, 85
1652705719.488161, sdrt-health/mac:02010b41cdec/antenna/tag/e28068940000500386620d4f, 93
1652705719.505702, sdrt-health/mac:02010b41cdec/antenna/tag/e2806894000040038662114f, 85
1652705719.566145, sdrt-health/mac:02010b41cdec/antenna/tag/e28068940000500386620d4f, 93
1652705719.566695, sdrt-health/mac:02010b41cdec/antenna/tag/e2806894000040038662114f, 85
1652705719.580909, sdrt-health/mac:02010b41cdec/antenna/tag/e28068940000400386621d4f, 96
1652705719.581359, sdrt-health/mac:02010b41cdec/antenna/tag/e2806894000050038661fd4f, 86
1652705719.581734, sdrt-health/mac:02010b41cdec/antenna/tag/e28068940000500386620d4f, 87
1652705719.595585, sdrt-health/mac:02010b41cdec/antenna/tag/e2806894000050038662194f, 81
1652705719.640958, sdrt-health/mac:02010b41cdec/antenna/tag/e2806894000040038662114f, 88
1652705719.700862, sdrt-health/mac:02010b41cdec/antenna/tag/e2806894000050038661fd4f, 86
1652705719.701332, sdrt-health/mac:02010b41cdec/antenna/tag/e2806894000040038662114f, 85
1652705719.714286, sdrt-health/mac:02010b41cdec/antenna/tag/e2806894000050038661fd4f, 86
1652705719.735561, sdrt-health/mac:02010b41cdec/antenna/tag/e28068940000400386621d4f, 96
1652705719.79772, sdrt-health/mac:02010b41cdec/antenna/tag/e2806894000040038662114f, 85
1652705719.845599, sdrt-health/mac:02010b41cdec/antenna/tag/e2806894000050038662194f, 83
1652705719.89573, sdrt-health/mac:02010b41cdec/antenna/tag/e2806894000040038662114f, 85
1652705719.951266, sdrt-health/mac:02010b41cdec/antenna/tag/e28068940000500386620d4f, 85
1652705719.951765, sdrt-health/mac:02010b41cdec/antenna/tag/e2806894000050038662154f, 88
1652705719.965501, sdrt-health/mac:02010b41cdec/antenna/tag/e2806894000050038662154f, 88
1652705719.97463, sdrt-health/mac:02010b41cdec/antenna/tag/e2806894000050038662154f, 85
1652705719.981511, sdrt-health/mac:02010b41cdec/antenna/tag/e28068940000400386621d4f, 96
1652705720.039035, sdrt-health/mac:02010b41cdec/antenna/tag/e28068940000400386621d4f, 90
1652705720.098456, sdrt-health/mac:02010b41cdec/antenna/tag/e2806894000050038662154f, 85
1652705720.098634, sdrt-health/mac:02010b41cdec/antenna/tag/e28068940000400386621d4f, 90
1652705720.114485, sdrt-health/mac:02010b41cdec/antenna/tag/e2806894000050038661fd4f, 90
1652705720.135049, sdrt-health/mac:02010b41cdec/antenna/tag/e2806894000050038662154f, 93
1652705720.216667, sdrt-health/mac:02010b41cdec/antenna/tag/e28068940000500386620d4f, 85
1652705720.247419, sdrt-health/mac:02010b41cdec/antenna/tag/e2806894000050038661fd4f, 90
1652705720.247681, sdrt-health/mac:02010b41cdec/antenna/tag/e2806894000050038661fd4f, 90
1652705720.270752, sdrt-health/mac:02010b41cdec/antenna/tag/e2806894000050038662154f, 85
1652705720.31553, sdrt-health/mac:02010b41cdec/antenna/tag/e2806894000050038662154f, 93
1652705720.345194, sdrt-health/mac:02010b41cdec/antenna/tag/e2806894000050038661fd4f, 90
1652705720.345565, sdrt-health/mac:02010b41cdec/antenna/tag/e28068940000400386621d4f, 90
1652705720.358675, sdrt-health/mac:02010b41cdec/antenna/tag/e2806894000050038662154f, 85
1652705720.35893, sdrt-health/mac:02010b41cdec/antenna/tag/e2806894000050038661fd4f, 86
1652705720.3591, sdrt-health/mac:02010b41cdec/antenna/tag/e28068940000500386620d4f, 85
1652705720.406632, sdrt-health/mac:02010b41cdec/antenna/tag/e2806894000040038661f94f, 84
1652705720.470403, sdrt-health/mac:02010b41cdec/antenna/tag/e28068940000500386620d4f, 93
1652705720.4709, sdrt-health/mac:02010b41cdec/antenna/tag/e2806894000040038662214f, 88
1652705720.484805, sdrt-health/mac:02010b41cdec/antenna/tag/e2806894000040038662114f, 88
1652705720.496993, sdrt-health/mac:02010b41cdec/antenna/tag/e2806894000050038661fd4f, 83
1652705720.547128, sdrt-health/mac:02010b41cdec/antenna/tag/e2806894000050038662154f, 93
1652705720.59133, sdrt-health/mac:02010b41cdec/antenna/tag/e28068940000400386621d4f, 90
1652705720.698158, sdrt-health/mac:02010b41cdec/antenna/tag/e2806894000050038661fd4f, 86
1652705720.698587, sdrt-health/mac:02010b41cdec/antenna/tag/e2806894000050038662154f, 85
1652705720.713675, sdrt-health/mac:02010b41cdec/antenna/tag/e2806894000050038662194f, 81
1652705720.726725, sdrt-health/mac:02010b41cdec/antenna/tag/e2806894000050038662154f, 87
1652705720.729075, sdrt-health/mac:02010b41cdec/antenna/tag/e28068940000500386620d4f, 93
1652705720.787195, sdrt-health/mac:02010b41cdec/antenna/tag/e28068940000400386621d4f, 90
1652705720.839513, sdrt-health/mac:02010b41cdec/antenna/tag/e2806894000040038662114f, 91
1652705720.842177, sdrt-health/mac:02010b41cdec/antenna/tag/e2806894000050038662194f, 87
1652705720.88631, sdrt-health/mac:02010b41cdec/antenna/tag/e2806894000050038662154f, 87
1652705720.953495, sdrt-health/mac:02010b41cdec/antenna/tag/e2806894000040038662114f, 88
1652705720.954043, sdrt-health/mac:02010b41cdec/antenna/tag/e2806894000040038662054f, 88
1652705720.969114, sdrt-health/mac:02010b41cdec/antenna/tag/e2806894000050038661fd4f, 83
1652705720.991134, sdrt-health/mac:02010b41cdec/antenna/tag/e2806894000040038662214f, 94
1652705721.036066, sdrt-health/mac:02010b41cdec/antenna/tag/e2806894000040038662214f, 94
1652705721.09539, sdrt-health/mac:02010b41cdec/antenna/tag/e2806894000050038661fd4f, 83
1652705721.095907, sdrt-health/mac:02010b41cdec/antenna/tag/e28068940000400386621d4f, 96
1652705721.110655, sdrt-health/mac:02010b41cdec/antenna/tag/e2806894000050038661fd4f, 90
1652705721.141241, sdrt-health/mac:02010b41cdec/antenna/tag/e2806894000050038662154f, 88
1652705721.141643, sdrt-health/mac:02010b41cdec/antenna/tag/e2806894000040038662114f, 85
1652705721.155867, sdrt-health/mac:02010b41cdec/antenna/tag/e28068940000400386621d4f, 96
1652705721.196098, sdrt-health/mac:02010b41cdec/antenna/tag/e2806894000050038662154f, 88
1652705721.246403, sdrt-health/mac:02010b41cdec/antenna/tag/e2806894000050038661fd4f, 86
1652705721.275325, sdrt-health/mac:02010b41cdec/antenna/tag/e28068940000400386621d4f, 96
1652705721.275722, sdrt-health/mac:02010b41cdec/antenna/tag/e2806894000050038662154f, 88
1652705721.275962, sdrt-health/mac:02010b41cdec/antenna/tag/e28068940000400386621d4f, 96
1652705721.293472, sdrt-health/mac:02010b41cdec/antenna/tag/e28068940000500386620d4f, 93
1652705721.293772, sdrt-health/mac:02010b41cdec/antenna/tag/e2806894000050038661fd4f, 86
1652705721.335998, sdrt-health/mac:02010b41cdec/antenna/tag/e2806894000040038662114f, 88
1652705721.390567, sdrt-health/mac:02010b41cdec/antenna/tag/e2806894000050038661fd4f, 83
1652705721.391106, sdrt-health/mac:02010b41cdec/antenna/tag/e2806894000050038662154f, 87
1652705721.415253, sdrt-health/mac:02010b41cdec/antenna/tag/e2806894000040038662114f, 85
1652705721.471453, sdrt-health/mac:02010b41cdec/antenna/tag/e2806894000050038661fd4f, 90
1652705721.51595, sdrt-health/mac:02010b41cdec/antenna/tag/e2806894000040038662114f, 91
1652705721.559441, sdrt-health/mac:02010b41cdec/antenna/tag/e2806894000040038662114f, 88
1652705721.605504, sdrt-health/mac:02010b41cdec/antenna/tag/e28068940000500386620d4f, 93
1652705721.654877, sdrt-health/mac:02010b41cdec/antenna/tag/e2806894000050038662154f, 85
1652705721.71078, sdrt-health/mac:02010b41cdec/antenna/tag/e2806894000050038661fd4f, 90
1652705721.711354, sdrt-health/mac:02010b41cdec/antenna/tag/e28068940000500386620d4f, 93
1652705721.735053, sdrt-health/mac:02010b41cdec/antenna/tag/e2806894000050038661fd4f, 86
1652705721.776726, sdrt-health/mac:02010b41cdec/antenna/tag/e28068940000500386620d4f, 85
1652705721.830925, sdrt-health/mac:02010b41cdec/antenna/tag/e2806894000050038661fd4f, 90
1652705721.831385, sdrt-health/mac:02010b41cdec/antenna/tag/e2806894000050038661fd4f, 90
1652705721.870461, sdrt-health/mac:02010b41cdec/antenna/tag/e2806894000040038662114f, 85
1652705721.916315, sdrt-health/mac:02010b41cdec/antenna/tag/e28068940000500386620d4f, 93
1652705721.996262, sdrt-health/mac:02010b41cdec/antenna/tag/e2806894000040038662114f, 85
1652705722.046401, sdrt-health/mac:02010b41cdec/antenna/tag/e28068940000500386620d4f, 85
1652705722.101704, sdrt-health/mac:02010b41cdec/antenna/tag/e28068940000400386621d4f, 90
1652705722.102143, sdrt-health/mac:02010b41cdec/antenna/tag/e2806894000050038662154f, 93
1652705722.136394, sdrt-health/mac:02010b41cdec/antenna/tag/e28068940000400386621d4f, 90
1652705722.193458, sdrt-health/mac:02010b41cdec/antenna/tag/e2806894000040038662114f, 88
1652705722.193965, sdrt-health/mac:02010b41cdec/antenna/tag/e2806894000050038662154f, 85
1652705722.207878, sdrt-health/mac:02010b41cdec/antenna/tag/e2806894000040038662114f, 88
1652705722.208194, sdrt-health/mac:02010b41cdec/antenna/tag/e28068940000500386620d4f, 85
1652705722.22607, sdrt-health/mac:02010b41cdec/antenna/tag/e28068940000500386620d4f, 87
1652705722.272022, sdrt-health/mac:02010b41cdec/antenna/tag/e2806894000050038661fd4f, 86
1652705722.332455, sdrt-health/mac:02010b41cdec/antenna/tag/e2806894000050038661fd4f, 86
1652705722.332918, sdrt-health/mac:02010b41cdec/antenna/tag/e2806894000050038662194f, 81
1652705722.360428, sdrt-health/mac:02010b41cdec/antenna/tag/e28068940000400386621d4f, 77
1652705722.407668, sdrt-health/mac:02010b41cdec/antenna/tag/e28068940000400386621d4f, 77
1652705722.456591, sdrt-health/mac:02010b41cdec/antenna/tag/e2806894000050038662194f, 88
1652705722.519302, sdrt-health/mac:02010b41cdec/antenna/tag/e2806894000050038662154f, 88
1652705722.565688, sdrt-health/mac:02010b41cdec/antenna/tag/e2806894000050038662154f, 85
1652705722.640898, sdrt-health/mac:02010b41cdec/antenna/tag/e2806894000040038662114f, 85
1652705722.641714, sdrt-health/mac:02010b41cdec/antenna/tag/e28068940000400386621d4f, 96
1652705722.696728, sdrt-health/mac:02010b41cdec/antenna/tag/e2806894000050038661fd4f, 86
1652705722.728219, sdrt-health/mac:02010b41cdec/antenna/tag/e28068940000400386621d4f, 96
1652705722.728587, sdrt-health/mac:02010b41cdec/antenna/tag/e28068940000400386621d4f, 90
1652705722.743662, sdrt-health/mac:02010b41cdec/antenna/tag/e28068940000400386621d4f, 90
1652705722.785829, sdrt-health/mac:02010b41cdec/antenna/tag/e2806894000050038661fd4f, 86
1652705722.846835, sdrt-health/mac:02010b41cdec/antenna/tag/e2806894000050038662194f, 83
1652705722.847347, sdrt-health/mac:02010b41cdec/antenna/tag/e2806894000050038661fd4f, 90
1652705722.861399, sdrt-health/mac:02010b41cdec/antenna/tag/e2806894000050038661fd4f, 90
1652705722.877008, sdrt-health/mac:02010b41cdec/antenna/tag/e2806894000050038661fd4f, 86
1652705722.920643, sdrt-health/mac:02010b41cdec/antenna/tag/e28068940000400386621d4f, 77
1652705722.980719, sdrt-health/mac:02010b41cdec/antenna/tag/e28068940000400386621d4f, 77
1652705722.981157, sdrt-health/mac:02010b41cdec/antenna/tag/e2806894000050038662154f, 87
1652705722.994729, sdrt-health/mac:02010b41cdec/antenna/tag/e2806894000050038662154f, 83
1652705723.015893, sdrt-health/mac:02010b41cdec/antenna/tag/e2806894000050038662154f, 85
1652705723.086458, sdrt-health/mac:02010b41cdec/antenna/tag/e2806894000050038661fd4f, 86
1652705723.087029, sdrt-health/mac:02010b41cdec/antenna/tag/e2806894000050038662194f, 81
1652705723.102022, sdrt-health/mac:02010b41cdec/antenna/tag/e28068940000400386621d4f, 90
1652705723.117104, sdrt-health/mac:02010b41cdec/antenna/tag/e2806894000050038662154f, 87
1652705723.165802, sdrt-health/mac:02010b41cdec/antenna/tag/e28068940000500386620d4f, 85
1652705723.207027, sdrt-health/mac:02010b41cdec/antenna/tag/e2806894000050038661fd4f, 90
1652705723.271319, sdrt-health/mac:02010b41cdec/antenna/tag/e2806894000050038662154f, 85
1652705723.27177, sdrt-health/mac:02010b41cdec/antenna/tag/e2806894000050038661fd4f, 86
1652705723.318859, sdrt-health/mac:02010b41cdec/antenna/tag/e2806894000050038661fd4f, 86
1652705723.351444, sdrt-health/mac:02010b41cdec/antenna/tag/e2806894000050038662154f, 87
1652705723.351691, sdrt-health/mac:02010b41cdec/antenna/tag/e28068940000500386620d4f, 93
1652705723.365918, sdrt-health/mac:02010b41cdec/antenna/tag/e2806894000050038662154f, 83
1652705723.366191, sdrt-health/mac:02010b41cdec/antenna/tag/e2806894000050038661fd4f, 86
1652705723.416814, sdrt-health/mac:02010b41cdec/antenna/tag/e2806894000050038661fd4f, 86
1652705723.470528, sdrt-health/mac:02010b41cdec/antenna/tag/e2806894000050038661fd4f, 86
1652705723.516715, sdrt-health/mac:02010b41cdec/antenna/tag/e2806894000050038662154f, 93
1652705723.560068, sdrt-health/mac:02010b41cdec/antenna/tag/e2806894000040038661f94f, 81
1652705723.591537, sdrt-health/mac:02010b41cdec/antenna/tag/e2806894000040038662114f, 85
1652705723.592004, sdrt-health/mac:02010b41cdec/antenna/tag/e2806894000050038661fd4f, 86
1652705723.605854, sdrt-health/mac:02010b41cdec/antenna/tag/e2806894000040038662214f, 88
1652705723.638179, sdrt-health/mac:02010b41cdec/antenna/tag/e2806894000050038661fd4f, 83
1652705723.638671, sdrt-health/mac:02010b41cdec/antenna/tag/e28068940000500386620d4f, 83
1652705723.660236, sdrt-health/mac:02010b41cdec/antenna/tag/e2806894000040038662114f, 85
1652705723.711988, sdrt-health/mac:02010b41cdec/antenna/tag/e2806894000050038662154f, 83
1652705723.758853, sdrt-health/mac:02010b41cdec/antenna/tag/e28068940000500386620d4f, 83
1652705723.815494, sdrt-health/mac:02010b41cdec/antenna/tag/e28068940000500386620d4f, 87
1652705723.856467, sdrt-health/mac:02010b41cdec/antenna/tag/e2806894000050038662154f, 87
1652705723.895606, sdrt-health/mac:02010b41cdec/antenna/tag/e2806894000040038662114f, 85
1652705723.951299, sdrt-health/mac:02010b41cdec/antenna/tag/e2806894000050038661fd4f, 90
1652705723.951747, sdrt-health/mac:02010b41cdec/antenna/tag/e2806894000050038661fd4f, 86
1652705723.985567, sdrt-health/mac:02010b41cdec/antenna/tag/e2806894000050038662154f, 85
1652705724.031944, sdrt-health/mac:02010b41cdec/antenna/tag/e2806894000050038662194f, 84
1652705724.077628, sdrt-health/mac:02010b41cdec/antenna/tag/e28068940000400386621d4f, 77
1652705724.1341, sdrt-health/mac:02010b41cdec/antenna/tag/e2806894000050038662154f, 81
1652705724.134635, sdrt-health/mac:02010b41cdec/antenna/tag/e2806894000040038662114f, 88
1652705724.149173, sdrt-health/mac:02010b41cdec/antenna/tag/e2806894000040038662114f, 93
1652705724.19063, sdrt-health/mac:02010b41cdec/antenna/tag/e28068940000500386620d4f, 93
1652705724.249192, sdrt-health/mac:02010b41cdec/antenna/tag/e28068940000400386621d4f, 90
1652705724.281856, sdrt-health/mac:02010b41cdec/antenna/tag/e2806894000050038661fd4f, 86
1652705724.282189, sdrt-health/mac:02010b41cdec/antenna/tag/e2806894000040038662114f, 88
1652705724.295598, sdrt-health/mac:02010b41cdec/antenna/tag/e2806894000040038662114f, 88
1652705724.295834, sdrt-health/mac:02010b41cdec/antenna/tag/e2806894000040038662114f, 88
1652705724.359901, sdrt-health/mac:02010b41cdec/antenna/tag/e2806894000050038662194f, 81
1652705724.39167, sdrt-health/mac:02010b41cdec/antenna/tag/e2806894000040038662114f, 88
1652705724.393492, sdrt-health/mac:02010b41cdec/antenna/tag/e2806894000050038662194f, 83
1652705724.394475, sdrt-health/mac:02010b41cdec/antenna/tag/e28068940000500386620d4f, 93
1652705724.405995, sdrt-health/mac:02010b41cdec/antenna/tag/e2806894000050038662154f, 93
1652705724.475416, sdrt-health/mac:02010b41cdec/antenna/tag/e2806894000040038662114f, 85
1652705724.518406, sdrt-health/mac:02010b41cdec/antenna/tag/e2806894000040038662114f, 85
1652705724.58139, sdrt-health/mac:02010b41cdec/antenna/tag/e28068940000400386621d4f, 77
1652705724.581721, sdrt-health/mac:02010b41cdec/antenna/tag/e28068940000400386621d4f, 96
1652705724.615482, sdrt-health/mac:02010b41cdec/antenna/tag/e2806894000040038662114f, 85
1652705724.680406, sdrt-health/mac:02010b41cdec/antenna/tag/e28068940000500386620d4f, 93
1652705724.710565, sdrt-health/mac:02010b41cdec/antenna/tag/e28068940000500386620d4f, 85
1652705724.711013, sdrt-health/mac:02010b41cdec/antenna/tag/e2806894000040038662114f, 88
1652705724.736031, sdrt-health/mac:02010b41cdec/antenna/tag/e28068940000500386620d4f, 93
1652705724.784633, sdrt-health/mac:02010b41cdec/antenna/tag/e2806894000050038662194f, 81
1652705724.831985, sdrt-health/mac:02010b41cdec/antenna/tag/e2806894000040038662114f, 85
1652705724.876819, sdrt-health/mac:02010b41cdec/antenna/tag/e2806894000050038662194f, 81
1652705724.934205, sdrt-health/mac:02010b41cdec/antenna/tag/e28068940000400386621d4f, 96
1652705724.934648, sdrt-health/mac:02010b41cdec/antenna/tag/e28068940000500386620d4f, 87
1652705724.949769, sdrt-health/mac:02010b41cdec/antenna/tag/e2806894000050038662154f, 83
1652705724.967585, sdrt-health/mac:02010b41cdec/antenna/tag/e2806894000040038662114f, 88
1652705725.016308, sdrt-health/mac:02010b41cdec/antenna/tag/e2806894000050038662154f, 87
1652705725.05559, sdrt-health/mac:02010b41cdec/antenna/tag/e28068940000400386621d4f, 90
1652705725.109524, sdrt-health/mac:02010b41cdec/antenna/tag/e2806894000050038661fd4f, 83
1652705725.109968, sdrt-health/mac:02010b41cdec/antenna/tag/e2806894000050038661fd4f, 86
1652705725.126126, sdrt-health/mac:02010b41cdec/antenna/tag/e28068940000400386621d4f, 77
1652705725.135707, sdrt-health/mac:02010b41cdec/antenna/tag/e28068940000500386620d4f, 83
1652705725.140879, sdrt-health/mac:02010b41cdec/antenna/tag/e2806894000040038662114f, 88
1652705725.180216, sdrt-health/mac:02010b41cdec/antenna/tag/e2806894000050038661fd4f, 86
1652705725.230384, sdrt-health/mac:02010b41cdec/antenna/tag/e2806894000040038662114f, 88
1652705725.291194, sdrt-health/mac:02010b41cdec/antenna/tag/e28068940000500386620d4f, 93
1652705725.291672, sdrt-health/mac:02010b41cdec/antenna/tag/e28068940000400386621d4f, 77
1652705725.306578, sdrt-health/mac:02010b41cdec/antenna/tag/e2806894000040038662114f, 88
1652705725.341866, sdrt-health/mac:02010b41cdec/antenna/tag/e2806894000050038661fd4f, 86
1652705725.342403, sdrt-health/mac:02010b41cdec/antenna/tag/e28068940000400386621d4f, 96
1652705725.375974, sdrt-health/mac:02010b41cdec/antenna/tag/e28068940000400386621d4f, 96
1652705725.430399, sdrt-health/mac:02010b41cdec/antenna/tag/e2806894000050038661fd4f, 83
1652705725.430922, sdrt-health/mac:02010b41cdec/antenna/tag/e2806894000050038661fd4f, 83
1652705725.470891, sdrt-health/mac:02010b41cdec/antenna/tag/e28068940000400386621d4f, 90
1652705725.51576, sdrt-health/mac:02010b41cdec/antenna/tag/e2806894000050038661fd4f, 86
1652705725.57325, sdrt-health/mac:02010b41cdec/antenna/tag/e2806894000040038662114f, 85
1652705725.573827, sdrt-health/mac:02010b41cdec/antenna/tag/e2806894000040038662114f, 88
1652705725.587923, sdrt-health/mac:02010b41cdec/antenna/tag/e28068940000400386621d4f, 90
1652705725.606198, sdrt-health/mac:02010b41cdec/antenna/tag/e28068940000400386621d4f, 90
1652705725.656332, sdrt-health/mac:02010b41cdec/antenna/tag/e2806894000040038662114f, 88
1652705725.68608, sdrt-health/mac:02010b41cdec/antenna/tag/e2806894000050038662154f, 85
1652705725.686351, sdrt-health/mac:02010b41cdec/antenna/tag/e28068940000500386620d4f, 85
1652705725.703265, sdrt-health/mac:02010b41cdec/antenna/tag/e2806894000050038662194f, 88
1652705725.747544, sdrt-health/mac:02010b41cdec/antenna/tag/e2806894000050038662154f, 93
1652705725.80503, sdrt-health/mac:02010b41cdec/antenna/tag/e28068940000400386621d4f, 96
1652705725.805481, sdrt-health/mac:02010b41cdec/antenna/tag/e2806894000050038662154f, 87
1652705725.820041, sdrt-health/mac:02010b41cdec/antenna/tag/e2806894000050038662194f, 83
1652705725.836122, sdrt-health/mac:02010b41cdec/antenna/tag/e28068940000400386621d4f, 90
1652705725.886533, sdrt-health/mac:02010b41cdec/antenna/tag/e2806894000050038661fd4f, 86
1652705725.917228, sdrt-health/mac:02010b41cdec/antenna/tag/e2806894000040038662114f, 93
1652705725.91756, sdrt-health/mac:02010b41cdec/antenna/tag/e28068940000500386620d4f, 93
1652705725.932594, sdrt-health/mac:02010b41cdec/antenna/tag/e2806894000050038661fd4f, 86
1652705725.932797, sdrt-health/mac:02010b41cdec/antenna/tag/e2806894000040038662114f, 88
1652705725.976259, sdrt-health/mac:02010b41cdec/antenna/tag/e2806894000050038662154f, 85
1652705726.016736, sdrt-health/mac:02010b41cdec/antenna/tag/e2806894000050038662194f, 83
1652705726.074108, sdrt-health/mac:02010b41cdec/antenna/tag/e2806894000050038662154f, 81
1652705726.074421, sdrt-health/mac:02010b41cdec/antenna/tag/e2806894000050038662194f, 83
1652705726.089192, sdrt-health/mac:02010b41cdec/antenna/tag/e2806894000050038662194f, 81
1652705726.113011, sdrt-health/mac:02010b41cdec/antenna/tag/e2806894000040038662114f, 85
1652705726.155873, sdrt-health/mac:02010b41cdec/antenna/tag/e2806894000040038662114f, 85
1652705726.21187, sdrt-health/mac:02010b41cdec/antenna/tag/e2806894000040038662114f, 88
1652705726.212267, sdrt-health/mac:02010b41cdec/antenna/tag/e2806894000050038661fd4f, 86
1652705726.255338, sdrt-health/mac:02010b41cdec/antenna/tag/e2806894000050038661fd4f, 86
1652705726.295709, sdrt-health/mac:02010b41cdec/antenna/tag/e2806894000050038662154f, 93
1652705726.328493, sdrt-health/mac:02010b41cdec/antenna/tag/e2806894000040038662114f, 85
1652705726.328751, sdrt-health/mac:02010b41cdec/antenna/tag/e2806894000050038662194f, 83
1652705726.344938, sdrt-health/mac:02010b41cdec/antenna/tag/e28068940000500386620d4f, 85
1652705726.431129, sdrt-health/mac:02010b41cdec/antenna/tag/e28068940000500386620d4f, 93
1652705726.492116, sdrt-health/mac:02010b41cdec/antenna/tag/e2806894000050038661fd4f, 86
1652705726.522661, sdrt-health/mac:02010b41cdec/antenna/tag/e2806894000050038661fd4f, 86
1652705726.523358, sdrt-health/mac:02010b41cdec/antenna/tag/e2806894000050038662154f, 85
1652705726.536166, sdrt-health/mac:02010b41cdec/antenna/tag/e2806894000050038661fd4f, 90
1652705726.536627, sdrt-health/mac:02010b41cdec/antenna/tag/e2806894000050038662154f, 85
1652705726.57519, sdrt-health/mac:02010b41cdec/antenna/tag/e2806894000050038662154f, 85
1652705726.615665, sdrt-health/mac:02010b41cdec/antenna/tag/e2806894000040038662114f, 88
1652705726.68604, sdrt-health/mac:02010b41cdec/antenna/tag/e28068940000400386621d4f, 90
1652705726.734275, sdrt-health/mac:02010b41cdec/antenna/tag/e2806894000050038661fd4f, 90
1652705726.78863, sdrt-health/mac:02010b41cdec/antenna/tag/e2806894000040038662114f, 85
1652705726.789186, sdrt-health/mac:02010b41cdec/antenna/tag/e2806894000050038662154f, 93
1652705726.802415, sdrt-health/mac:02010b41cdec/antenna/tag/e28068940000400386621d4f, 90
1652705726.829793, sdrt-health/mac:02010b41cdec/antenna/tag/e28068940000400386621d4f, 90
1652705726.874982, sdrt-health/mac:02010b41cdec/antenna/tag/e28068940000400386621d4f, 90
1652705726.919874, sdrt-health/mac:02010b41cdec/antenna/tag/e2806894000040038662054f, 81
1652705726.965873, sdrt-health/mac:02010b41cdec/antenna/tag/e28068940000500386620d4f, 85
1652705727.014996, sdrt-health/mac:02010b41cdec/antenna/tag/e2806894000040038661f94f, 82
1652705727.071553, sdrt-health/mac:02010b41cdec/antenna/tag/e2806894000040038662214f, 94
1652705727.072044, sdrt-health/mac:02010b41cdec/antenna/tag/e28068940000500386620d4f, 85
1652705727.08513, sdrt-health/mac:02010b41cdec/antenna/tag/e2806894000050038662154f, 85
1652705727.104508, sdrt-health/mac:02010b41cdec/antenna/tag/e28068940000400386621d4f, 90
1652705727.25327, sdrt-health/mac:02010b41cdec/antenna/tag/e28068940000500386620d4f, 85
1652705727.254652, sdrt-health/mac:02010b41cdec/antenna/tag/e2806894000040038662114f, 88
1652705727.267198, sdrt-health/mac:02010b41cdec/antenna/tag/e2806894000040038662114f, 91
1652705727.267704, sdrt-health/mac:02010b41cdec/antenna/tag/e2806894000040038662114f, 91
1652705727.267999, sdrt-health/mac:02010b41cdec/antenna/tag/e2806894000050038662194f, 81
1652705727.268276, sdrt-health/mac:02010b41cdec/antenna/tag/e2806894000050038662154f, 93
1652705727.285962, sdrt-health/mac:02010b41cdec/antenna/tag/e28068940000400386621d4f, 90
1652705727.334707, sdrt-health/mac:02010b41cdec/antenna/tag/e2806894000050038662154f, 87
1652705727.374466, sdrt-health/mac:02010b41cdec/antenna/tag/e2806894000040038662114f, 91
1652705727.374834, sdrt-health/mac:02010b41cdec/antenna/tag/e2806894000040038662114f, 88
1652705727.389252, sdrt-health/mac:02010b41cdec/antenna/tag/e2806894000050038662154f, 87
1652705727.389495, sdrt-health/mac:02010b41cdec/antenna/tag/e2806894000050038661fd4f, 86
1652705727.389663, sdrt-health/mac:02010b41cdec/antenna/tag/e2806894000040038662114f, 88
1652705727.425528, sdrt-health/mac:02010b41cdec/antenna/tag/e2806894000050038662154f, 83
1652705727.478069, sdrt-health/mac:02010b41cdec/antenna/tag/e2806894000050038661fd4f, 86
1652705727.526023, sdrt-health/mac:02010b41cdec/antenna/tag/e28068940000500386620d4f, 85
1652705727.575499, sdrt-health/mac:02010b41cdec/antenna/tag/e2806894000050038662194f, 81
1652705727.615066, sdrt-health/mac:02010b41cdec/antenna/tag/e28068940000400386621d4f, 96
1652705727.65629, sdrt-health/mac:02010b41cdec/antenna/tag/e2806894000050038662194f, 81
1652705727.657008, sdrt-health/mac:02010b41cdec/antenna/tag/e28068940000400386621d4f, 96
1652705727.698093, sdrt-health/mac:02010b41cdec/antenna/tag/e28068940000400386621d4f, 90
1652705727.750066, sdrt-health/mac:02010b41cdec/antenna/tag/e2806894000040038662114f, 88
1652705727.750593, sdrt-health/mac:02010b41cdec/antenna/tag/e28068940000400386621d4f, 96
1652705727.775538, sdrt-health/mac:02010b41cdec/antenna/tag/e2806894000050038661fd4f, 90
1652705727.830616, sdrt-health/mac:02010b41cdec/antenna/tag/e28068940000500386620d4f, 85
1652705727.831158, sdrt-health/mac:02010b41cdec/antenna/tag/e2806894000050038661fd4f, 83
1652705727.84522, sdrt-health/mac:02010b41cdec/antenna/tag/e2806894000040038662114f, 85
1652705727.869784, sdrt-health/mac:02010b41cdec/antenna/tag/e28068940000500386620d4f, 93
1652705727.930146, sdrt-health/mac:02010b41cdec/antenna/tag/e2806894000050038662154f, 93
1652705727.930612, sdrt-health/mac:02010b41cdec/antenna/tag/e28068940000400386621d4f, 96
1652705727.973628, sdrt-health/mac:02010b41cdec/antenna/tag/e2806894000040038662114f, 85
1652705728.015854, sdrt-health/mac:02010b41cdec/antenna/tag/e28068940000500386620d4f, 85
1652705728.055306, sdrt-health/mac:02010b41cdec/antenna/tag/e2806894000050038661fd4f, 90
1652705728.095158, sdrt-health/mac:02010b41cdec/antenna/tag/e2806894000050038662154f, 85
1652705728.150204, sdrt-health/mac:02010b41cdec/antenna/tag/e28068940000500386620d4f, 85
1652705728.150729, sdrt-health/mac:02010b41cdec/antenna/tag/e28068940000400386621d4f, 96
1652705728.165732, sdrt-health/mac:02010b41cdec/antenna/tag/e2806894000050038661fd4f, 90
1652705728.199107, sdrt-health/mac:02010b41cdec/antenna/tag/e2806894000040038662114f, 85
1652705728.261244, sdrt-health/mac:02010b41cdec/antenna/tag/e2806894000050038662154f, 88
1652705728.261778, sdrt-health/mac:02010b41cdec/antenna/tag/e2806894000050038662154f, 85
1652705728.296109, sdrt-health/mac:02010b41cdec/antenna/tag/e28068940000400386621d4f, 96
1652705728.335947, sdrt-health/mac:02010b41cdec/antenna/tag/e28068940000400386621d4f, 77
1652705728.388816, sdrt-health/mac:02010b41cdec/antenna/tag/e2806894000050038661fd4f, 86
1652705728.389344, sdrt-health/mac:02010b41cdec/antenna/tag/e28068940000400386621d4f, 96
1652705728.415827, sdrt-health/mac:02010b41cdec/antenna/tag/e2806894000050038662194f, 81
1652705728.476464, sdrt-health/mac:02010b41cdec/antenna/tag/e2806894000050038662154f, 85
1652705728.520783, sdrt-health/mac:02010b41cdec/antenna/tag/e2806894000040038662114f, 88
1652705728.581083, sdrt-health/mac:02010b41cdec/antenna/tag/e2806894000050038661fd4f, 86
1652705728.58163, sdrt-health/mac:02010b41cdec/antenna/tag/e28068940000500386620d4f, 85
1652705728.615276, sdrt-health/mac:02010b41cdec/antenna/tag/e2806894000050038661fd4f, 86
1652705728.669233, sdrt-health/mac:02010b41cdec/antenna/tag/e28068940000400386621d4f, 90
1652705728.669735, sdrt-health/mac:02010b41cdec/antenna/tag/e2806894000050038662154f, 85
1652705728.706403, sdrt-health/mac:02010b41cdec/antenna/tag/e28068940000500386620d4f, 93
1652705728.75043, sdrt-health/mac:02010b41cdec/antenna/tag/e2806894000040038662114f, 85
1652705728.795147, sdrt-health/mac:02010b41cdec/antenna/tag/e28068940000400386621d4f, 77
1652705728.8539, sdrt-health/mac:02010b41cdec/antenna/tag/e28068940000500386620d4f, 93
1652705728.854435, sdrt-health/mac:02010b41cdec/antenna/tag/e2806894000050038662154f, 83
1652705728.895449, sdrt-health/mac:02010b41cdec/antenna/tag/e28068940000500386620d4f, 93
1652705728.934822, sdrt-health/mac:02010b41cdec/antenna/tag/e2806894000050038661fd4f, 83
1652705728.965365, sdrt-health/mac:02010b41cdec/antenna/tag/e2806894000040038662114f, 93
1652705728.965658, sdrt-health/mac:02010b41cdec/antenna/tag/e2806894000050038662194f, 88
1652705729.006436, sdrt-health/mac:02010b41cdec/antenna/tag/e28068940000500386620d4f, 93
1652705729.054723, sdrt-health/mac:02010b41cdec/antenna/tag/e2806894000050038662154f, 91
1652705729.084843, sdrt-health/mac:02010b41cdec/antenna/tag/e2806894000050038661fd4f, 86
1652705729.085173, sdrt-health/mac:02010b41cdec/antenna/tag/e28068940000400386621d4f, 90
1652705729.114775, sdrt-health/mac:02010b41cdec/antenna/tag/e28068940000400386621d4f, 96
1652705729.157476, sdrt-health/mac:02010b41cdec/antenna/tag/e2806894000040038662114f, 88
1652705729.223131, sdrt-health/mac:02010b41cdec/antenna/tag/e28068940000400386621d4f, 96
1652705729.223617, sdrt-health/mac:02010b41cdec/antenna/tag/e2806894000040038662114f, 88
1652705729.239514, sdrt-health/mac:02010b41cdec/antenna/tag/e2806894000050038662154f, 85
1652705729.270646, sdrt-health/mac:02010b41cdec/antenna/tag/e28068940000500386620d4f, 85
1652705729.27096, sdrt-health/mac:02010b41cdec/antenna/tag/e2806894000040038662114f, 88
1652705729.284867, sdrt-health/mac:02010b41cdec/antenna/tag/e2806894000050038662154f, 93
1652705729.309799, sdrt-health/mac:02010b41cdec/antenna/tag/e28068940000400386621d4f, 90
1652705729.355591, sdrt-health/mac:02010b41cdec/antenna/tag/e2806894000050038662194f, 83
1652705729.4, sdrt-health/mac:02010b41cdec/antenna/tag/e2806894000050038662194f, 87
1652705729.400546, sdrt-health/mac:02010b41cdec/antenna/tag/e28068940000500386620d4f, 87
1652705729.41538, sdrt-health/mac:02010b41cdec/antenna/tag/e2806894000050038662194f, 83
1652705729.445364, sdrt-health/mac:02010b41cdec/antenna/tag/e28068940000400386621d4f, 77
1652705729.49548, sdrt-health/mac:02010b41cdec/antenna/tag/e2806894000050038661fd4f, 86
1652705729.534853, sdrt-health/mac:02010b41cdec/antenna/tag/e2806894000050038662154f, 93
1652705729.575609, sdrt-health/mac:02010b41cdec/antenna/tag/e28068940000500386620d4f, 87
1652705729.615072, sdrt-health/mac:02010b41cdec/antenna/tag/e28068940000400386621d4f, 90
1652705729.655929, sdrt-health/mac:02010b41cdec/antenna/tag/e28068940000400386621d4f, 96
1652705729.709382, sdrt-health/mac:02010b41cdec/antenna/tag/e28068940000500386620d4f, 85
1652705729.709834, sdrt-health/mac:02010b41cdec/antenna/tag/e2806894000050038661fd4f, 86
1652705729.724799, sdrt-health/mac:02010b41cdec/antenna/tag/e28068940000400386621d4f, 90
1652705729.745929, sdrt-health/mac:02010b41cdec/antenna/tag/e28068940000400386621d4f, 96
1652705729.791541, sdrt-health/mac:02010b41cdec/antenna/tag/e28068940000400386621d4f, 96
1652705729.848592, sdrt-health/mac:02010b41cdec/antenna/tag/e2806894000050038662154f, 83
1652705729.849152, sdrt-health/mac:02010b41cdec/antenna/tag/e2806894000050038661fd4f, 86
1652705729.867366, sdrt-health/mac:02010b41cdec/antenna/tag/e28068940000500386620d4f, 83
1652705729.895851, sdrt-health/mac:02010b41cdec/antenna/tag/e2806894000050038661fd4f, 86
1652705729.935138, sdrt-health/mac:02010b41cdec/antenna/tag/e28068940000500386620d4f, 85
1652705729.98993, sdrt-health/mac:02010b41cdec/antenna/tag/e28068940000400386621d4f, 96
1652705729.990396, sdrt-health/mac:02010b41cdec/antenna/tag/e2806894000050038662154f, 88
1652705730.004534, sdrt-health/mac:02010b41cdec/antenna/tag/e28068940000400386621d4f, 96
1652705730.015058, sdrt-health/mac:02010b41cdec/antenna/tag/e2806894000050038662154f, 83
1652705730.065322, sdrt-health/mac:02010b41cdec/antenna/tag/e28068940000400386621d4f, 77
1652705730.125776, sdrt-health/mac:02010b41cdec/antenna/tag/e28068940000500386620d4f, 87
1652705730.126233, sdrt-health/mac:02010b41cdec/antenna/tag/e2806894000050038661fd4f, 83
1652705730.126663, sdrt-health/mac:02010b41cdec/antenna/tag/e2806894000050038662154f, 87
1652705730.140908, sdrt-health/mac:02010b41cdec/antenna/tag/e2806894000040038661f94f, 84
1652705730.141368, sdrt-health/mac:02010b41cdec/antenna/tag/e28068940000500386620d4f, 87
1652705730.155132, sdrt-health/mac:02010b41cdec/antenna/tag/e2806894000050038662154f, 83
1652705730.21307, sdrt-health/mac:02010b41cdec/antenna/tag/e2806894000050038661fd4f, 86
1652705730.213573, sdrt-health/mac:02010b41cdec/antenna/tag/e2806894000050038661fd4f, 86
1652705730.226527, sdrt-health/mac:02010b41cdec/antenna/tag/e2806894000040038662114f, 85
1652705730.244437, sdrt-health/mac:02010b41cdec/antenna/tag/e2806894000050038662154f, 83
1652705730.32658, sdrt-health/mac:02010b41cdec/antenna/tag/e28068940000500386620d4f, 85
1652705730.375619, sdrt-health/mac:02010b41cdec/antenna/tag/e2806894000050038662154f, 83
1652705730.43002, sdrt-health/mac:02010b41cdec/antenna/tag/e2806894000050038661fd4f, 83
1652705730.430459, sdrt-health/mac:02010b41cdec/antenna/tag/e2806894000050038661fd4f, 86
1652705730.454903, sdrt-health/mac:02010b41cdec/antenna/tag/e28068940000500386620d4f, 81
1652705730.656526, sdrt-health/mac:02010b41cdec/antenna/tag/scan, scan stopped
