1652705833.088792, sdrt-health/mac:02010b41cdec/antenna/power/set, {"power": 280}
1652705834.166731, sdrt-health/mac:02010b41cdec/antenna/power/set, 
1652705838.110503, sdrt-health/mac:02010b41cdec/antenna/tag/scan, {"time": 20000}
1652705838.475761, sdrt-health/mac:02010b41cdec/antenna/tag/e28068940000400386621d4f, 96
1652705838.546127, sdrt-health/mac:02010b41cdec/antenna/tag/e2806894000050038661fd4f, 86
1652705838.591825, sdrt-health/mac:02010b41cdec/antenna/tag/e2806894000040038662114f, 85
1652705838.636291, sdrt-health/mac:02010b41cdec/antenna/tag/e28068940000500386620d4f, 93
1652705838.678164, sdrt-health/mac:02010b41cdec/antenna/tag/e2806894000040038662114f, 93
1652705838.715185, sdrt-health/mac:02010b41cdec/antenna/tag/e28068940000400386621d4f, 90
1652705838.776168, sdrt-health/mac:02010b41cdec/antenna/tag/e28068940000400386621d4f, 96
1652705838.776709, sdrt-health/mac:02010b41cdec/antenna/tag/e28068940000500386620d4f, 85
1652705838.808719, sdrt-health/mac:02010b41cdec/antenna/tag/e28068940000500386620d4f, 93
1652705838.872419, sdrt-health/mac:02010b41cdec/antenna/tag/e28068940000500386620d4f, 87
1652705838.87296, sdrt-health/mac:02010b41cdec/antenna/tag/e28068940000400386621d4f, 77
1652705838.887948, sdrt-health/mac:02010b41cdec/antenna/tag/e28068940000400386621d4f, 77
1652705838.921266, sdrt-health/mac:02010b41cdec/antenna/tag/e2806894000050038661fd4f, 83
1652705838.921946, sdrt-health/mac:02010b41cdec/antenna/tag/e28068940000500386620d4f, 83
1652705838.936088, sdrt-health/mac:02010b41cdec/antenna/tag/e28068940000500386620d4f, 93
1652705838.977387, sdrt-health/mac:02010b41cdec/antenna/tag/e2806894000050038662154f, 88
1652705839.031938, sdrt-health/mac:02010b41cdec/antenna/tag/e28068940000500386620d4f, 93
1652705839.032447, sdrt-health/mac:02010b41cdec/antenna/tag/e2806894000040038662114f, 85
1652705839.056068, sdrt-health/mac:02010b41cdec/antenna/tag/e2806894000040038662114f, 85
1652705839.122524, sdrt-health/mac:02010b41cdec/antenna/tag/e28068940000500386620d4f, 93
1652705839.12304, sdrt-health/mac:02010b41cdec/antenna/tag/e2806894000050038662154f, 85
1652705839.138142, sdrt-health/mac:02010b41cdec/antenna/tag/e28068940000400386621d4f, 90
1652705839.152175, sdrt-health/mac:02010b41cdec/antenna/tag/e2806894000050038662154f, 87
1652705839.15243, sdrt-health/mac:02010b41cdec/antenna/tag/e28068940000500386620d4f, 93
1652705839.152613, sdrt-health/mac:02010b41cdec/antenna/tag/e28068940000400386621d4f, 90
1652705839.246238, sdrt-health/mac:02010b41cdec/antenna/tag/e28068940000500386620d4f, 83
1652705839.309863, sdrt-health/mac:02010b41cdec/antenna/tag/e2806894000040038662114f, 88
1652705839.310322, sdrt-health/mac:02010b41cdec/antenna/tag/e2806894000050038662154f, 85
1652705839.325714, sdrt-health/mac:02010b41cdec/antenna/tag/e2806894000050038661fd4f, 86
1652705839.326126, sdrt-health/mac:02010b41cdec/antenna/tag/e2806894000040038662114f, 85
1652705839.326577, sdrt-health/mac:02010b41cdec/antenna/tag/e28068940000400386621d4f, 90
1652705839.341439, sdrt-health/mac:02010b41cdec/antenna/tag/e2806894000050038662194f, 81
1652705839.341893, sdrt-health/mac:02010b41cdec/antenna/tag/e28068940000400386621d4f, 96
1652705839.342184, sdrt-health/mac:02010b41cdec/antenna/tag/e28068940000500386620d4f, 93
1652705839.391909, sdrt-health/mac:02010b41cdec/antenna/tag/e2806894000050038662154f, 83
1652705839.445079, sdrt-health/mac:02010b41cdec/antenna/tag/e2806894000050038661fd4f, 90
1652705839.496342, sdrt-health/mac:02010b41cdec/antenna/tag/e2806894000050038661fd4f, 90
1652705839.576352, sdrt-health/mac:02010b41cdec/antenna/tag/e2806894000040038662114f, 93
1652705839.576811, sdrt-health/mac:02010b41cdec/antenna/tag/e28068940000500386620d4f, 87
1652705839.59304, sdrt-health/mac:02010b41cdec/antenna/tag/e2806894000050038662154f, 85
1652705839.630451, sdrt-health/mac:02010b41cdec/antenna/tag/e28068940000500386620d4f, 87
1652705839.693935, sdrt-health/mac:02010b41cdec/antenna/tag/e28068940000500386620d4f, 87
1652705839.694381, sdrt-health/mac:02010b41cdec/antenna/tag/e28068940000500386620d4f, 87
1652705839.710929, sdrt-health/mac:02010b41cdec/antenna/tag/e2806894000040038662114f, 85
1652705839.720523, sdrt-health/mac:02010b41cdec/antenna/tag/e28068940000500386620d4f, 87
1652705839.727613, sdrt-health/mac:02010b41cdec/antenna/tag/e2806894000040038662114f, 85
1652705839.727816, sdrt-health/mac:02010b41cdec/antenna/tag/e2806894000040038662114f, 93
1652705839.765311, sdrt-health/mac:02010b41cdec/antenna/tag/e28068940000400386621d4f, 77
1652705839.817676, sdrt-health/mac:02010b41cdec/antenna/tag/e2806894000040038662114f, 85
1652705839.872629, sdrt-health/mac:02010b41cdec/antenna/tag/e28068940000400386621d4f, 77
1652705839.873037, sdrt-health/mac:02010b41cdec/antenna/tag/e28068940000400386621d4f, 96
1652705839.888885, sdrt-health/mac:02010b41cdec/antenna/tag/e28068940000400386621d4f, 77
1652705839.920603, sdrt-health/mac:02010b41cdec/antenna/tag/e2806894000050038662154f, 93
1652705839.920997, sdrt-health/mac:02010b41cdec/antenna/tag/e28068940000400386621d4f, 96
1652705839.92138, sdrt-health/mac:02010b41cdec/antenna/tag/e2806894000050038662154f, 81
1652705839.921855, sdrt-health/mac:02010b41cdec/antenna/tag/e2806894000040038662114f, 85
1652705839.951651, sdrt-health/mac:02010b41cdec/antenna/tag/e2806894000040038662114f, 85
1652705839.996621, sdrt-health/mac:02010b41cdec/antenna/tag/e2806894000050038662154f, 85
1652705840.028555, sdrt-health/mac:02010b41cdec/antenna/tag/e28068940000400386621d4f, 90
1652705840.028844, sdrt-health/mac:02010b41cdec/antenna/tag/e28068940000400386621d4f, 96
1652705840.04376, sdrt-health/mac:02010b41cdec/antenna/tag/e2806894000050038661fd4f, 86
1652705840.086544, sdrt-health/mac:02010b41cdec/antenna/tag/e2806894000050038661fd4f, 86
1652705840.136568, sdrt-health/mac:02010b41cdec/antenna/tag/e28068940000400386621d4f, 90
1652705840.170165, sdrt-health/mac:02010b41cdec/antenna/tag/e28068940000500386620d4f, 93
1652705840.170709, sdrt-health/mac:02010b41cdec/antenna/tag/e2806894000040038662114f, 88
1652705840.186358, sdrt-health/mac:02010b41cdec/antenna/tag/e2806894000040038662114f, 88
1652705840.186793, sdrt-health/mac:02010b41cdec/antenna/tag/e2806894000050038661fd4f, 86
1652705840.246887, sdrt-health/mac:02010b41cdec/antenna/tag/e2806894000050038661fd4f, 90
1652705840.296449, sdrt-health/mac:02010b41cdec/antenna/tag/e2806894000050038662194f, 94
1652705840.335282, sdrt-health/mac:02010b41cdec/antenna/tag/e28068940000400386621d4f, 77
1652705840.376474, sdrt-health/mac:02010b41cdec/antenna/tag/e2806894000040038662114f, 85
1652705840.416507, sdrt-health/mac:02010b41cdec/antenna/tag/e2806894000050038662154f, 83
1652705840.502402, sdrt-health/mac:02010b41cdec/antenna/tag/e28068940000400386621d4f, 77
1652705840.502849, sdrt-health/mac:02010b41cdec/antenna/tag/e2806894000040038662114f, 85
1652705840.51837, sdrt-health/mac:02010b41cdec/antenna/tag/e28068940000400386621d4f, 96
1652705840.535226, sdrt-health/mac:02010b41cdec/antenna/tag/e2806894000040038662114f, 88
1652705840.606143, sdrt-health/mac:02010b41cdec/antenna/tag/e2806894000040038661f94f, 88
1652705840.647052, sdrt-health/mac:02010b41cdec/antenna/tag/e28068940000500386620d4f, 93
1652705840.709787, sdrt-health/mac:02010b41cdec/antenna/tag/e28068940000400386621d4f, 90
1652705840.710333, sdrt-health/mac:02010b41cdec/antenna/tag/e2806894000040038662114f, 85
1652705840.777222, sdrt-health/mac:02010b41cdec/antenna/tag/e2806894000050038661fd4f, 86
1652705840.855987, sdrt-health/mac:02010b41cdec/antenna/tag/e28068940000400386621d4f, 96
1652705840.896292, sdrt-health/mac:02010b41cdec/antenna/tag/e28068940000500386620d4f, 81
1652705840.927459, sdrt-health/mac:02010b41cdec/antenna/tag/e2806894000050038662194f, 83
1652705840.927881, sdrt-health/mac:02010b41cdec/antenna/tag/e28068940000400386621d4f, 96
1652705840.943594, sdrt-health/mac:02010b41cdec/antenna/tag/e2806894000050038661fd4f, 86
1652705840.976101, sdrt-health/mac:02010b41cdec/antenna/tag/e2806894000050038662154f, 87
1652705841.025401, sdrt-health/mac:02010b41cdec/antenna/tag/e2806894000040038662114f, 93
1652705841.0879, sdrt-health/mac:02010b41cdec/antenna/tag/e2806894000050038661fd4f, 83
1652705841.088461, sdrt-health/mac:02010b41cdec/antenna/tag/e2806894000040038662114f, 85
1652705841.104553, sdrt-health/mac:02010b41cdec/antenna/tag/e2806894000050038661fd4f, 83
1652705841.105038, sdrt-health/mac:02010b41cdec/antenna/tag/e28068940000500386620d4f, 87
1652705841.116678, sdrt-health/mac:02010b41cdec/antenna/tag/e2806894000040038662114f, 85
1652705841.166953, sdrt-health/mac:02010b41cdec/antenna/tag/e2806894000040038662114f, 85
1652705841.198992, sdrt-health/mac:02010b41cdec/antenna/tag/e2806894000050038662154f, 81
1652705841.19938, sdrt-health/mac:02010b41cdec/antenna/tag/e28068940000500386620d4f, 83
1652705841.215533, sdrt-health/mac:02010b41cdec/antenna/tag/e28068940000500386620d4f, 87
1652705841.215818, sdrt-health/mac:02010b41cdec/antenna/tag/e2806894000050038661fd4f, 86
1652705841.256116, sdrt-health/mac:02010b41cdec/antenna/tag/e2806894000050038661fd4f, 83
1652705841.296381, sdrt-health/mac:02010b41cdec/antenna/tag/e28068940000400386621d4f, 77
1652705841.410596, sdrt-health/mac:02010b41cdec/antenna/tag/e2806894000050038662154f, 83
1652705841.41111, sdrt-health/mac:02010b41cdec/antenna/tag/e2806894000050038661fd4f, 86
1652705841.435919, sdrt-health/mac:02010b41cdec/antenna/tag/e28068940000400386621d4f, 96
1652705841.496435, sdrt-health/mac:02010b41cdec/antenna/tag/e28068940000400386621d4f, 96
1652705841.496965, sdrt-health/mac:02010b41cdec/antenna/tag/e2806894000050038662154f, 87
1652705841.511704, sdrt-health/mac:02010b41cdec/antenna/tag/e2806894000040038662114f, 85
1652705841.526168, sdrt-health/mac:02010b41cdec/antenna/tag/e2806894000040038662114f, 88
1652705841.590936, sdrt-health/mac:02010b41cdec/antenna/tag/e2806894000050038662154f, 81
1652705841.591446, sdrt-health/mac:02010b41cdec/antenna/tag/e2806894000040038662114f, 88
1652705841.616652, sdrt-health/mac:02010b41cdec/antenna/tag/e2806894000050038662154f, 81
1652705841.665805, sdrt-health/mac:02010b41cdec/antenna/tag/e2806894000050038661fd4f, 86
1652705841.69535, sdrt-health/mac:02010b41cdec/antenna/tag/e28068940000500386620d4f, 85
1652705841.695622, sdrt-health/mac:02010b41cdec/antenna/tag/e28068940000400386621d4f, 90
1652705841.711419, sdrt-health/mac:02010b41cdec/antenna/tag/e2806894000050038661fd4f, 90
1652705841.806148, sdrt-health/mac:02010b41cdec/antenna/tag/e2806894000040038662114f, 88
1652705841.806644, sdrt-health/mac:02010b41cdec/antenna/tag/e28068940000400386621d4f, 90
1652705841.835016, sdrt-health/mac:02010b41cdec/antenna/tag/e2806894000050038662194f, 81
1652705841.880799, sdrt-health/mac:02010b41cdec/antenna/tag/e28068940000400386621d4f, 90
1652705841.925887, sdrt-health/mac:02010b41cdec/antenna/tag/e28068940000400386621d4f, 77
1652705841.992058, sdrt-health/mac:02010b41cdec/antenna/tag/e28068940000500386620d4f, 87
1652705841.992511, sdrt-health/mac:02010b41cdec/antenna/tag/e2806894000050038662154f, 81
1652705842.008114, sdrt-health/mac:02010b41cdec/antenna/tag/e28068940000500386620d4f, 87
1652705842.045374, sdrt-health/mac:02010b41cdec/antenna/tag/e28068940000400386621d4f, 90
1652705842.095662, sdrt-health/mac:02010b41cdec/antenna/tag/e2806894000050038661fd4f, 83
1652705842.166819, sdrt-health/mac:02010b41cdec/antenna/tag/e28068940000400386621d4f, 90
1652705842.200955, sdrt-health/mac:02010b41cdec/antenna/tag/e2806894000050038661fd4f, 90
1652705842.201364, sdrt-health/mac:02010b41cdec/antenna/tag/e2806894000050038661fd4f, 86
1652705842.217335, sdrt-health/mac:02010b41cdec/antenna/tag/e28068940000500386620d4f, 93
1652705842.270709, sdrt-health/mac:02010b41cdec/antenna/tag/e2806894000050038661fd4f, 86
1652705842.303729, sdrt-health/mac:02010b41cdec/antenna/tag/e28068940000400386621d4f, 90
1652705842.303967, sdrt-health/mac:02010b41cdec/antenna/tag/e28068940000500386620d4f, 93
1652705842.320371, sdrt-health/mac:02010b41cdec/antenna/tag/e2806894000050038661fd4f, 86
1652705842.320659, sdrt-health/mac:02010b41cdec/antenna/tag/e2806894000040038662114f, 85
1652705842.366406, sdrt-health/mac:02010b41cdec/antenna/tag/e2806894000050038662154f, 87
1652705842.4327, sdrt-health/mac:02010b41cdec/antenna/tag/e2806894000050038661fd4f, 83
1652705842.433179, sdrt-health/mac:02010b41cdec/antenna/tag/e2806894000050038662154f, 83
1652705842.447866, sdrt-health/mac:02010b41cdec/antenna/tag/e2806894000040038662114f, 85
1652705842.465965, sdrt-health/mac:02010b41cdec/antenna/tag/e28068940000400386621d4f, 96
1652705842.497616, sdrt-health/mac:02010b41cdec/antenna/tag/e28068940000500386620d4f, 85
1652705842.497878, sdrt-health/mac:02010b41cdec/antenna/tag/e28068940000400386621d4f, 90
1652705842.5127, sdrt-health/mac:02010b41cdec/antenna/tag/e28068940000400386621d4f, 96
1652705842.512975, sdrt-health/mac:02010b41cdec/antenna/tag/e2806894000050038662154f, 87
1652705842.555317, sdrt-health/mac:02010b41cdec/antenna/tag/e2806894000050038661fd4f, 86
1652705842.599194, sdrt-health/mac:02010b41cdec/antenna/tag/e2806894000050038662154f, 94
1652705842.679524, sdrt-health/mac:02010b41cdec/antenna/tag/e28068940000400386621d4f, 96
1652705842.725531, sdrt-health/mac:02010b41cdec/antenna/tag/e2806894000050038661fd4f, 86
1652705842.902677, sdrt-health/mac:02010b41cdec/antenna/tag/e2806894000050038662154f, 88
1652705842.903313, sdrt-health/mac:02010b41cdec/antenna/tag/e28068940000500386620d4f, 81
1652705842.935093, sdrt-health/mac:02010b41cdec/antenna/tag/e2806894000040038662114f, 85
1652705842.975881, sdrt-health/mac:02010b41cdec/antenna/tag/e28068940000400386621d4f, 90
1652705843.027565, sdrt-health/mac:02010b41cdec/antenna/tag/e2806894000050038662154f, 93
1652705843.058816, sdrt-health/mac:02010b41cdec/antenna/tag/e2806894000040038662114f, 85
1652705843.059133, sdrt-health/mac:02010b41cdec/antenna/tag/e28068940000400386621d4f, 90
1652705843.05932, sdrt-health/mac:02010b41cdec/antenna/tag/e2806894000050038661fd4f, 86
1652705843.074243, sdrt-health/mac:02010b41cdec/antenna/tag/e28068940000400386621d4f, 90
1652705843.115481, sdrt-health/mac:02010b41cdec/antenna/tag/e2806894000050038661fd4f, 86
1652705843.144616, sdrt-health/mac:02010b41cdec/antenna/tag/e2806894000040038662114f, 85
1652705843.144807, sdrt-health/mac:02010b41cdec/antenna/tag/e2806894000050038662154f, 85
1652705843.159057, sdrt-health/mac:02010b41cdec/antenna/tag/e2806894000050038661fd4f, 86
1652705843.159271, sdrt-health/mac:02010b41cdec/antenna/tag/e28068940000400386621d4f, 90
1652705843.206077, sdrt-health/mac:02010b41cdec/antenna/tag/e2806894000050038662194f, 81
1652705843.255181, sdrt-health/mac:02010b41cdec/antenna/tag/e28068940000500386620d4f, 87
1652705843.285437, sdrt-health/mac:02010b41cdec/antenna/tag/e2806894000040038662114f, 85
1652705843.28586, sdrt-health/mac:02010b41cdec/antenna/tag/e2806894000050038662154f, 87
1652705843.299894, sdrt-health/mac:02010b41cdec/antenna/tag/e2806894000040038662114f, 88
1652705843.343963, sdrt-health/mac:02010b41cdec/antenna/tag/e28068940000500386620d4f, 93
1652705843.391769, sdrt-health/mac:02010b41cdec/antenna/tag/e28068940000400386621d4f, 90
1652705843.471183, sdrt-health/mac:02010b41cdec/antenna/tag/e28068940000400386621d4f, 90
1652705843.471448, sdrt-health/mac:02010b41cdec/antenna/tag/e2806894000040038662114f, 88
1652705843.505636, sdrt-health/mac:02010b41cdec/antenna/tag/e28068940000500386620d4f, 83
1652705843.566988, sdrt-health/mac:02010b41cdec/antenna/tag/e28068940000500386620d4f, 87
1652705843.567518, sdrt-health/mac:02010b41cdec/antenna/tag/e2806894000050038662154f, 81
1652705843.582054, sdrt-health/mac:02010b41cdec/antenna/tag/e2806894000050038662154f, 94
1652705843.629591, sdrt-health/mac:02010b41cdec/antenna/tag/e2806894000050038662194f, 81
1652705843.629936, sdrt-health/mac:02010b41cdec/antenna/tag/e28068940000500386620d4f, 87
1652705843.665318, sdrt-health/mac:02010b41cdec/antenna/tag/e2806894000050038662154f, 85
1652705843.709258, sdrt-health/mac:02010b41cdec/antenna/tag/e2806894000050038662154f, 85
1652705843.756659, sdrt-health/mac:02010b41cdec/antenna/tag/e2806894000050038662154f, 87
1652705843.798201, sdrt-health/mac:02010b41cdec/antenna/tag/e2806894000050038661fd4f, 83
1652705843.845938, sdrt-health/mac:02010b41cdec/antenna/tag/e2806894000050038662154f, 85
1652705843.895552, sdrt-health/mac:02010b41cdec/antenna/tag/e28068940000500386620d4f, 87
1652705843.951478, sdrt-health/mac:02010b41cdec/antenna/tag/e28068940000400386621d4f, 90
1652705843.952834, sdrt-health/mac:02010b41cdec/antenna/tag/e2806894000040038662114f, 88
1652705843.966479, sdrt-health/mac:02010b41cdec/antenna/tag/e28068940000500386620d4f, 87
1652705843.98496, sdrt-health/mac:02010b41cdec/antenna/tag/e2806894000050038661fd4f, 90
1652705844.039005, sdrt-health/mac:02010b41cdec/antenna/tag/e2806894000040038662114f, 85
1652705844.102924, sdrt-health/mac:02010b41cdec/antenna/tag/e28068940000500386620d4f, 93
1652705844.103494, sdrt-health/mac:02010b41cdec/antenna/tag/e28068940000500386620d4f, 85
1652705844.118968, sdrt-health/mac:02010b41cdec/antenna/tag/e2806894000040038662114f, 85
1652705844.119296, sdrt-health/mac:02010b41cdec/antenna/tag/e2806894000050038661fd4f, 86
1652705844.155496, sdrt-health/mac:02010b41cdec/antenna/tag/e2806894000050038662154f, 85
1652705844.199074, sdrt-health/mac:02010b41cdec/antenna/tag/e2806894000050038661fd4f, 90
1652705844.261265, sdrt-health/mac:02010b41cdec/antenna/tag/e2806894000050038662154f, 85
1652705844.261759, sdrt-health/mac:02010b41cdec/antenna/tag/e2806894000050038662154f, 85
1652705844.295211, sdrt-health/mac:02010b41cdec/antenna/tag/e2806894000050038661fd4f, 86
1652705844.3344, sdrt-health/mac:02010b41cdec/antenna/tag/e2806894000050038662154f, 93
1652705844.389363, sdrt-health/mac:02010b41cdec/antenna/tag/e28068940000500386620d4f, 87
1652705844.389851, sdrt-health/mac:02010b41cdec/antenna/tag/e28068940000500386620d4f, 85
1652705844.414421, sdrt-health/mac:02010b41cdec/antenna/tag/e2806894000050038661fd4f, 83
1652705844.469401, sdrt-health/mac:02010b41cdec/antenna/tag/e2806894000050038661fd4f, 83
1652705844.46994, sdrt-health/mac:02010b41cdec/antenna/tag/e28068940000400386621d4f, 96
1652705844.483969, sdrt-health/mac:02010b41cdec/antenna/tag/e2806894000040038662114f, 93
1652705844.484232, sdrt-health/mac:02010b41cdec/antenna/tag/e28068940000500386620d4f, 87
1652705844.494929, sdrt-health/mac:02010b41cdec/antenna/tag/e28068940000500386620d4f, 85
1652705844.545163, sdrt-health/mac:02010b41cdec/antenna/tag/e2806894000050038661fd4f, 86
1652705844.602033, sdrt-health/mac:02010b41cdec/antenna/tag/e2806894000040038662114f, 85
1652705844.693365, sdrt-health/mac:02010b41cdec/antenna/tag/e2806894000050038661fd4f, 86
1652705844.693928, sdrt-health/mac:02010b41cdec/antenna/tag/e2806894000050038661fd4f, 86
1652705844.708459, sdrt-health/mac:02010b41cdec/antenna/tag/e2806894000040038662114f, 91
1652705844.708798, sdrt-health/mac:02010b41cdec/antenna/tag/e2806894000050038661fd4f, 86
1652705844.709, sdrt-health/mac:02010b41cdec/antenna/tag/e28068940000500386620d4f, 93
1652705844.725509, sdrt-health/mac:02010b41cdec/antenna/tag/e2806894000040038662114f, 91
1652705844.791093, sdrt-health/mac:02010b41cdec/antenna/tag/e28068940000400386621d4f, 90
1652705844.791586, sdrt-health/mac:02010b41cdec/antenna/tag/e28068940000400386621d4f, 90
1652705844.83063, sdrt-health/mac:02010b41cdec/antenna/tag/e28068940000500386620d4f, 93
1652705844.890129, sdrt-health/mac:02010b41cdec/antenna/tag/e2806894000050038662194f, 83
1652705844.890635, sdrt-health/mac:02010b41cdec/antenna/tag/e28068940000400386621d4f, 90
1652705844.910335, sdrt-health/mac:02010b41cdec/antenna/tag/e28068940000400386621d4f, 77
1652705844.955909, sdrt-health/mac:02010b41cdec/antenna/tag/e28068940000500386620d4f, 85
1652705845.014716, sdrt-health/mac:02010b41cdec/antenna/tag/e2806894000050038661fd4f, 83
1652705845.015233, sdrt-health/mac:02010b41cdec/antenna/tag/e28068940000400386621d4f, 96
1652705845.045663, sdrt-health/mac:02010b41cdec/antenna/tag/e28068940000400386621d4f, 90
1652705845.111056, sdrt-health/mac:02010b41cdec/antenna/tag/e2806894000040038662114f, 85
1652705845.111512, sdrt-health/mac:02010b41cdec/antenna/tag/e28068940000500386620d4f, 85
1652705845.128661, sdrt-health/mac:02010b41cdec/antenna/tag/e2806894000050038661fd4f, 86
1652705845.134502, sdrt-health/mac:02010b41cdec/antenna/tag/e28068940000500386620d4f, 93
1652705845.176314, sdrt-health/mac:02010b41cdec/antenna/tag/e28068940000500386620d4f, 85
1652705845.232426, sdrt-health/mac:02010b41cdec/antenna/tag/e2806894000050038662154f, 88
1652705845.232921, sdrt-health/mac:02010b41cdec/antenna/tag/e2806894000050038662154f, 85
1652705845.25613, sdrt-health/mac:02010b41cdec/antenna/tag/e28068940000400386621d4f, 90
1652705845.319423, sdrt-health/mac:02010b41cdec/antenna/tag/e28068940000500386620d4f, 87
1652705845.36615, sdrt-health/mac:02010b41cdec/antenna/tag/e28068940000500386620d4f, 87
1652705845.416375, sdrt-health/mac:02010b41cdec/antenna/tag/e28068940000400386621d4f, 77
1652705845.47024, sdrt-health/mac:02010b41cdec/antenna/tag/e28068940000400386621d4f, 90
1652705845.470911, sdrt-health/mac:02010b41cdec/antenna/tag/e2806894000050038662154f, 88
1652705845.49572, sdrt-health/mac:02010b41cdec/antenna/tag/e2806894000050038662154f, 85
1652705845.551918, sdrt-health/mac:02010b41cdec/antenna/tag/e28068940000500386620d4f, 93
1652705845.610322, sdrt-health/mac:02010b41cdec/antenna/tag/e28068940000500386620d4f, 93
1652705845.610876, sdrt-health/mac:02010b41cdec/antenna/tag/e28068940000400386621d4f, 90
1652705845.626074, sdrt-health/mac:02010b41cdec/antenna/tag/e2806894000040038662114f, 85
1652705845.646683, sdrt-health/mac:02010b41cdec/antenna/tag/e2806894000050038662154f, 85
1652705845.686018, sdrt-health/mac:02010b41cdec/antenna/tag/e28068940000400386621d4f, 90
1652705845.736128, sdrt-health/mac:02010b41cdec/antenna/tag/e28068940000400386621d4f, 90
1652705845.791159, sdrt-health/mac:02010b41cdec/antenna/tag/e2806894000040038662214f, 94
1652705845.83611, sdrt-health/mac:02010b41cdec/antenna/tag/e2806894000050038661fd4f, 86
1652705845.878669, sdrt-health/mac:02010b41cdec/antenna/tag/e2806894000050038662194f, 81
1652705845.925679, sdrt-health/mac:02010b41cdec/antenna/tag/e2806894000040038662114f, 85
1652705845.992699, sdrt-health/mac:02010b41cdec/antenna/tag/e2806894000040038662114f, 88
1652705845.993154, sdrt-health/mac:02010b41cdec/antenna/tag/e2806894000050038662154f, 85
1652705846.031381, sdrt-health/mac:02010b41cdec/antenna/tag/e28068940000400386621d4f, 90
1652705846.099551, sdrt-health/mac:02010b41cdec/antenna/tag/e2806894000040038662114f, 88
1652705846.099821, sdrt-health/mac:02010b41cdec/antenna/tag/e28068940000400386621d4f, 90
1652705846.114233, sdrt-health/mac:02010b41cdec/antenna/tag/e2806894000040038662114f, 88
1652705846.137004, sdrt-health/mac:02010b41cdec/antenna/tag/e2806894000050038662154f, 85
1652705846.188404, sdrt-health/mac:02010b41cdec/antenna/tag/e28068940000400386621d4f, 90
1652705846.188686, sdrt-health/mac:02010b41cdec/antenna/tag/e2806894000050038661fd4f, 86
1652705846.20334, sdrt-health/mac:02010b41cdec/antenna/tag/e2806894000050038661fd4f, 86
1652705846.235909, sdrt-health/mac:02010b41cdec/antenna/tag/e2806894000050038661fd4f, 83
1652705846.293633, sdrt-health/mac:02010b41cdec/antenna/tag/e28068940000500386620d4f, 87
1652705846.293998, sdrt-health/mac:02010b41cdec/antenna/tag/e28068940000500386620d4f, 83
1652705846.326137, sdrt-health/mac:02010b41cdec/antenna/tag/e2806894000050038661fd4f, 83
1652705846.376116, sdrt-health/mac:02010b41cdec/antenna/tag/e2806894000050038661fd4f, 83
1652705846.37648, sdrt-health/mac:02010b41cdec/antenna/tag/e28068940000400386621d4f, 96
1652705846.41572, sdrt-health/mac:02010b41cdec/antenna/tag/e2806894000050038662154f, 83
1652705846.480886, sdrt-health/mac:02010b41cdec/antenna/tag/e28068940000400386621d4f, 96
1652705846.481339, sdrt-health/mac:02010b41cdec/antenna/tag/e28068940000400386621d4f, 96
1652705846.510069, sdrt-health/mac:02010b41cdec/antenna/tag/e2806894000050038662154f, 85
1652705846.538816, sdrt-health/mac:02010b41cdec/antenna/tag/e2806894000050038661fd4f, 86
1652705846.539178, sdrt-health/mac:02010b41cdec/antenna/tag/e28068940000400386621d4f, 96
1652705846.605767, sdrt-health/mac:02010b41cdec/antenna/tag/e2806894000050038662154f, 87
1652705846.655773, sdrt-health/mac:02010b41cdec/antenna/tag/e28068940000400386621d4f, 90
1652705846.695758, sdrt-health/mac:02010b41cdec/antenna/tag/e28068940000400386621d4f, 90
1652705846.735666, sdrt-health/mac:02010b41cdec/antenna/tag/e28068940000400386621d4f, 90
1652705846.790167, sdrt-health/mac:02010b41cdec/antenna/tag/e28068940000400386621d4f, 90
1652705846.791632, sdrt-health/mac:02010b41cdec/antenna/tag/e2806894000040038662114f, 88
1652705846.830346, sdrt-health/mac:02010b41cdec/antenna/tag/e28068940000500386620d4f, 93
1652705846.874982, sdrt-health/mac:02010b41cdec/antenna/tag/e2806894000050038661fd4f, 86
1652705846.933075, sdrt-health/mac:02010b41cdec/antenna/tag/e2806894000050038662154f, 83
1652705846.933569, sdrt-health/mac:02010b41cdec/antenna/tag/e2806894000050038662194f, 94
1652705846.946497, sdrt-health/mac:02010b41cdec/antenna/tag/e2806894000050038661fd4f, 86
1652705846.97876, sdrt-health/mac:02010b41cdec/antenna/tag/e28068940000500386620d4f, 83
1652705846.979128, sdrt-health/mac:02010b41cdec/antenna/tag/e2806894000040038662114f, 85
1652705847.015838, sdrt-health/mac:02010b41cdec/antenna/tag/e2806894000050038661fd4f, 86
1652705847.06883, sdrt-health/mac:02010b41cdec/antenna/tag/e2806894000040038662114f, 88
1652705847.069293, sdrt-health/mac:02010b41cdec/antenna/tag/e28068940000400386621d4f, 90
1652705847.091815, sdrt-health/mac:02010b41cdec/antenna/tag/e28068940000400386621d4f, 90
1652705847.11122, sdrt-health/mac:02010b41cdec/antenna/tag/e28068940000400386621d4f, 90
1652705847.150143, sdrt-health/mac:02010b41cdec/antenna/tag/e2806894000040038662114f, 85
1652705847.178672, sdrt-health/mac:02010b41cdec/antenna/tag/e28068940000500386620d4f, 85
1652705847.179089, sdrt-health/mac:02010b41cdec/antenna/tag/e2806894000050038662154f, 93
1652705847.194151, sdrt-health/mac:02010b41cdec/antenna/tag/e2806894000050038661fd4f, 86
1652705847.238066, sdrt-health/mac:02010b41cdec/antenna/tag/e2806894000050038662194f, 81
1652705847.269572, sdrt-health/mac:02010b41cdec/antenna/tag/e2806894000050038662154f, 87
1652705847.270057, sdrt-health/mac:02010b41cdec/antenna/tag/e28068940000500386620d4f, 93
1652705847.318895, sdrt-health/mac:02010b41cdec/antenna/tag/e2806894000050038662154f, 93
1652705847.365753, sdrt-health/mac:02010b41cdec/antenna/tag/e2806894000050038661fd4f, 86
1652705847.415986, sdrt-health/mac:02010b41cdec/antenna/tag/e28068940000400386621d4f, 90
1652705847.483413, sdrt-health/mac:02010b41cdec/antenna/tag/e28068940000500386620d4f, 81
1652705847.483783, sdrt-health/mac:02010b41cdec/antenna/tag/e2806894000050038662194f, 94
1652705847.498628, sdrt-health/mac:02010b41cdec/antenna/tag/e28068940000500386620d4f, 83
1652705847.514373, sdrt-health/mac:02010b41cdec/antenna/tag/e28068940000500386620d4f, 93
1652705847.556467, sdrt-health/mac:02010b41cdec/antenna/tag/e2806894000040038662114f, 85
1652705847.58926, sdrt-health/mac:02010b41cdec/antenna/tag/e2806894000050038661fd4f, 86
1652705847.589625, sdrt-health/mac:02010b41cdec/antenna/tag/e2806894000050038662154f, 83
1652705847.630996, sdrt-health/mac:02010b41cdec/antenna/tag/e2806894000050038661fd4f, 86
1652705847.696071, sdrt-health/mac:02010b41cdec/antenna/tag/e2806894000050038661fd4f, 83
1652705847.734514, sdrt-health/mac:02010b41cdec/antenna/tag/e28068940000400386621d4f, 96
1652705847.774785, sdrt-health/mac:02010b41cdec/antenna/tag/e28068940000400386621d4f, 77
1652705847.825755, sdrt-health/mac:02010b41cdec/antenna/tag/e2806894000050038661fd4f, 83
1652705847.869767, sdrt-health/mac:02010b41cdec/antenna/tag/e28068940000500386620d4f, 87
1652705847.914866, sdrt-health/mac:02010b41cdec/antenna/tag/e28068940000500386620d4f, 81
1652705847.973534, sdrt-health/mac:02010b41cdec/antenna/tag/e28068940000400386621d4f, 96
1652705847.973986, sdrt-health/mac:02010b41cdec/antenna/tag/e2806894000050038661fd4f, 86
1652705848.004891, sdrt-health/mac:02010b41cdec/antenna/tag/e2806894000040038662114f, 93
1652705848.054354, sdrt-health/mac:02010b41cdec/antenna/tag/e28068940000500386620d4f, 87
1652705848.095574, sdrt-health/mac:02010b41cdec/antenna/tag/e28068940000400386621d4f, 96
1652705848.164273, sdrt-health/mac:02010b41cdec/antenna/tag/e28068940000400386621d4f, 90
1652705848.216051, sdrt-health/mac:02010b41cdec/antenna/tag/e28068940000400386621d4f, 90
1652705848.270402, sdrt-health/mac:02010b41cdec/antenna/tag/e28068940000400386621d4f, 90
1652705848.271011, sdrt-health/mac:02010b41cdec/antenna/tag/e2806894000040038662054f, 84
1652705848.316235, sdrt-health/mac:02010b41cdec/antenna/tag/e28068940000400386621d4f, 90
1652705848.381696, sdrt-health/mac:02010b41cdec/antenna/tag/e2806894000050038661fd4f, 90
1652705848.382202, sdrt-health/mac:02010b41cdec/antenna/tag/e2806894000050038662194f, 83
1652705848.382618, sdrt-health/mac:02010b41cdec/antenna/tag/e2806894000050038662154f, 93
1652705848.396398, sdrt-health/mac:02010b41cdec/antenna/tag/e2806894000040038662114f, 88
1652705848.430409, sdrt-health/mac:02010b41cdec/antenna/tag/e2806894000040038662114f, 93
1652705848.487671, sdrt-health/mac:02010b41cdec/antenna/tag/e28068940000400386621d4f, 77
1652705848.488163, sdrt-health/mac:02010b41cdec/antenna/tag/e28068940000500386620d4f, 87
1652705848.502081, sdrt-health/mac:02010b41cdec/antenna/tag/e2806894000050038662154f, 81
1652705848.561536, sdrt-health/mac:02010b41cdec/antenna/tag/e2806894000050038661fd4f, 86
1652705848.562304, sdrt-health/mac:02010b41cdec/antenna/tag/e28068940000400386621d4f, 90
1652705848.590974, sdrt-health/mac:02010b41cdec/antenna/tag/e2806894000050038661fd4f, 86
1652705848.651092, sdrt-health/mac:02010b41cdec/antenna/tag/e2806894000050038661fd4f, 90
1652705848.651672, sdrt-health/mac:02010b41cdec/antenna/tag/e2806894000040038662114f, 85
1652705848.679069, sdrt-health/mac:02010b41cdec/antenna/tag/e28068940000500386620d4f, 93
1652705848.725016, sdrt-health/mac:02010b41cdec/antenna/tag/e2806894000040038662114f, 88
1652705848.755721, sdrt-health/mac:02010b41cdec/antenna/tag/e2806894000050038662154f, 93
1652705848.75616, sdrt-health/mac:02010b41cdec/antenna/tag/e28068940000500386620d4f, 87
1652705848.775104, sdrt-health/mac:02010b41cdec/antenna/tag/e2806894000040038662114f, 85
1652705848.830859, sdrt-health/mac:02010b41cdec/antenna/tag/e28068940000400386621d4f, 90
1652705848.831401, sdrt-health/mac:02010b41cdec/antenna/tag/e2806894000050038662154f, 87
1652705848.846319, sdrt-health/mac:02010b41cdec/antenna/tag/e2806894000050038661fd4f, 83
1652705848.85487, sdrt-health/mac:02010b41cdec/antenna/tag/e2806894000040038662114f, 85
1652705848.89599, sdrt-health/mac:02010b41cdec/antenna/tag/e2806894000050038661fd4f, 83
1652705848.992594, sdrt-health/mac:02010b41cdec/antenna/tag/e2806894000050038661fd4f, 86
1652705849.086082, sdrt-health/mac:02010b41cdec/antenna/tag/e2806894000050038661fd4f, 86
1652705849.15853, sdrt-health/mac:02010b41cdec/antenna/tag/e28068940000400386621d4f, 77
1652705849.204796, sdrt-health/mac:02010b41cdec/antenna/tag/e2806894000050038661fd4f, 86
1652705849.254963, sdrt-health/mac:02010b41cdec/antenna/tag/e2806894000050038662154f, 85
1652705849.308834, sdrt-health/mac:02010b41cdec/antenna/tag/e2806894000050038662154f, 85
1652705849.309294, sdrt-health/mac:02010b41cdec/antenna/tag/e28068940000500386620d4f, 83
1652705849.325518, sdrt-health/mac:02010b41cdec/antenna/tag/e2806894000050038661fd4f, 83
1652705849.334376, sdrt-health/mac:02010b41cdec/antenna/tag/e2806894000050038662194f, 83
1652705849.354246, sdrt-health/mac:02010b41cdec/antenna/tag/e2806894000050038661fd4f, 83
1652705849.375652, sdrt-health/mac:02010b41cdec/antenna/tag/e28068940000400386621d4f, 96
1652705849.416532, sdrt-health/mac:02010b41cdec/antenna/tag/e2806894000050038661fd4f, 86
1652705849.455033, sdrt-health/mac:02010b41cdec/antenna/tag/e2806894000050038661fd4f, 86
1652705849.505457, sdrt-health/mac:02010b41cdec/antenna/tag/e2806894000040038662114f, 85
1652705849.55007, sdrt-health/mac:02010b41cdec/antenna/tag/e2806894000040038662114f, 85
1652705849.610412, sdrt-health/mac:02010b41cdec/antenna/tag/e2806894000050038661fd4f, 86
1652705849.610915, sdrt-health/mac:02010b41cdec/antenna/tag/e2806894000050038661fd4f, 86
1652705849.645889, sdrt-health/mac:02010b41cdec/antenna/tag/e2806894000040038662114f, 88
1652705849.77296, sdrt-health/mac:02010b41cdec/antenna/tag/e2806894000050038661fd4f, 90
1652705849.773454, sdrt-health/mac:02010b41cdec/antenna/tag/e28068940000400386621d4f, 90
1652705849.789626, sdrt-health/mac:02010b41cdec/antenna/tag/e2806894000050038662154f, 93
1652705849.854311, sdrt-health/mac:02010b41cdec/antenna/tag/e2806894000040038662114f, 85
1652705849.896422, sdrt-health/mac:02010b41cdec/antenna/tag/e2806894000040038662114f, 93
1652705849.935998, sdrt-health/mac:02010b41cdec/antenna/tag/e28068940000500386620d4f, 93
1652705849.990217, sdrt-health/mac:02010b41cdec/antenna/tag/e2806894000050038661fd4f, 83
1652705849.990726, sdrt-health/mac:02010b41cdec/antenna/tag/e28068940000500386620d4f, 87
1652705850.006423, sdrt-health/mac:02010b41cdec/antenna/tag/e2806894000050038661fd4f, 86
1652705850.007137, sdrt-health/mac:02010b41cdec/antenna/tag/e2806894000050038661fd4f, 86
1652705850.007704, sdrt-health/mac:02010b41cdec/antenna/tag/e2806894000040038662114f, 85
1652705850.008191, sdrt-health/mac:02010b41cdec/antenna/tag/e28068940000500386620d4f, 87
1652705850.080329, sdrt-health/mac:02010b41cdec/antenna/tag/e28068940000400386621d4f, 90
1652705850.12499, sdrt-health/mac:02010b41cdec/antenna/tag/e2806894000040038662114f, 85
1652705850.164351, sdrt-health/mac:02010b41cdec/antenna/tag/e28068940000500386620d4f, 85
1652705850.21959, sdrt-health/mac:02010b41cdec/antenna/tag/e28068940000400386621d4f, 96
1652705850.220177, sdrt-health/mac:02010b41cdec/antenna/tag/e2806894000050038661fd4f, 86
1652705850.255115, sdrt-health/mac:02010b41cdec/antenna/tag/e28068940000400386621d4f, 96
1652705850.311163, sdrt-health/mac:02010b41cdec/antenna/tag/e2806894000040038662114f, 88
1652705850.311621, sdrt-health/mac:02010b41cdec/antenna/tag/e2806894000050038662154f, 93
1652705850.32571, sdrt-health/mac:02010b41cdec/antenna/tag/e2806894000050038662194f, 83
1652705850.360799, sdrt-health/mac:02010b41cdec/antenna/tag/e2806894000050038662154f, 85
1652705850.404773, sdrt-health/mac:02010b41cdec/antenna/tag/e2806894000040038662114f, 85
1652705850.43565, sdrt-health/mac:02010b41cdec/antenna/tag/e28068940000500386620d4f, 85
1652705850.436078, sdrt-health/mac:02010b41cdec/antenna/tag/e2806894000050038662154f, 85
1652705850.462962, sdrt-health/mac:02010b41cdec/antenna/tag/e28068940000500386620d4f, 85
1652705850.510378, sdrt-health/mac:02010b41cdec/antenna/tag/e2806894000050038662154f, 93
1652705850.567258, sdrt-health/mac:02010b41cdec/antenna/tag/e2806894000050038661fd4f, 86
1652705850.61539, sdrt-health/mac:02010b41cdec/antenna/tag/e2806894000040038661f94f, 81
1652705850.653228, sdrt-health/mac:02010b41cdec/antenna/tag/e28068940000400386621d4f, 90
1652705850.723092, sdrt-health/mac:02010b41cdec/antenna/tag/e28068940000500386620d4f, 93
1652705850.723479, sdrt-health/mac:02010b41cdec/antenna/tag/e28068940000400386621d4f, 90
1652705850.72375, sdrt-health/mac:02010b41cdec/antenna/tag/e2806894000050038662154f, 85
1652705850.739422, sdrt-health/mac:02010b41cdec/antenna/tag/e2806894000050038662154f, 85
1652705850.775167, sdrt-health/mac:02010b41cdec/antenna/tag/e28068940000400386621d4f, 90
1652705850.828366, sdrt-health/mac:02010b41cdec/antenna/tag/e2806894000040038662114f, 85
1652705850.828838, sdrt-health/mac:02010b41cdec/antenna/tag/e2806894000040038662114f, 85
1652705850.8435, sdrt-health/mac:02010b41cdec/antenna/tag/e28068940000500386620d4f, 87
1652705850.843707, sdrt-health/mac:02010b41cdec/antenna/tag/e2806894000050038661fd4f, 86
1652705850.855063, sdrt-health/mac:02010b41cdec/antenna/tag/e2806894000050038661fd4f, 86
1652705850.895374, sdrt-health/mac:02010b41cdec/antenna/tag/e2806894000040038662214f, 83
1652705850.951162, sdrt-health/mac:02010b41cdec/antenna/tag/e2806894000050038661fd4f, 83
1652705850.95166, sdrt-health/mac:02010b41cdec/antenna/tag/e28068940000400386621d4f, 77
1652705850.966202, sdrt-health/mac:02010b41cdec/antenna/tag/e2806894000050038662154f, 87
1652705850.988869, sdrt-health/mac:02010b41cdec/antenna/tag/e2806894000050038662154f, 85
1652705851.034527, sdrt-health/mac:02010b41cdec/antenna/tag/e28068940000400386621d4f, 90
1652705851.092177, sdrt-health/mac:02010b41cdec/antenna/tag/e28068940000400386621d4f, 96
1652705851.092627, sdrt-health/mac:02010b41cdec/antenna/tag/e2806894000050038661fd4f, 83
1652705851.204886, sdrt-health/mac:02010b41cdec/antenna/tag/e2806894000050038662154f, 93
1652705851.236813, sdrt-health/mac:02010b41cdec/antenna/tag/e28068940000500386620d4f, 93
1652705851.237336, sdrt-health/mac:02010b41cdec/antenna/tag/e2806894000050038662194f, 88
1652705851.237893, sdrt-health/mac:02010b41cdec/antenna/tag/e2806894000050038662154f, 93
1652705851.238448, sdrt-health/mac:02010b41cdec/antenna/tag/e2806894000040038662114f, 88
1652705851.254775, sdrt-health/mac:02010b41cdec/antenna/tag/e2806894000050038662194f, 83
1652705851.309287, sdrt-health/mac:02010b41cdec/antenna/tag/e2806894000050038662154f, 87
1652705851.355508, sdrt-health/mac:02010b41cdec/antenna/tag/e28068940000500386620d4f, 85
1652705851.413007, sdrt-health/mac:02010b41cdec/antenna/tag/e28068940000400386621d4f, 90
1652705851.413532, sdrt-health/mac:02010b41cdec/antenna/tag/e2806894000040038662114f, 93
1652705851.444721, sdrt-health/mac:02010b41cdec/antenna/tag/e2806894000050038661fd4f, 83
1652705851.515217, sdrt-health/mac:02010b41cdec/antenna/tag/e2806894000050038662154f, 83
1652705851.515557, sdrt-health/mac:02010b41cdec/antenna/tag/e2806894000040038662114f, 93
1652705851.532626, sdrt-health/mac:02010b41cdec/antenna/tag/e28068940000400386621d4f, 96
1652705851.565728, sdrt-health/mac:02010b41cdec/antenna/tag/e2806894000040038662114f, 85
1652705851.566072, sdrt-health/mac:02010b41cdec/antenna/tag/e2806894000050038662154f, 85
1652705851.593729, sdrt-health/mac:02010b41cdec/antenna/tag/e2806894000050038662154f, 85
1652705851.653313, sdrt-health/mac:02010b41cdec/antenna/tag/e28068940000400386621d4f, 96
1652705851.653841, sdrt-health/mac:02010b41cdec/antenna/tag/e28068940000500386620d4f, 85
1652705851.685027, sdrt-health/mac:02010b41cdec/antenna/tag/e2806894000050038662154f, 85
1652705851.714122, sdrt-health/mac:02010b41cdec/antenna/tag/e2806894000040038662114f, 85
1652705851.714549, sdrt-health/mac:02010b41cdec/antenna/tag/e2806894000050038662154f, 85
1652705851.73556, sdrt-health/mac:02010b41cdec/antenna/tag/e2806894000040038662114f, 85
1652705851.78928, sdrt-health/mac:02010b41cdec/antenna/tag/e2806894000050038662154f, 83
1652705851.815489, sdrt-health/mac:02010b41cdec/antenna/tag/e2806894000040038662114f, 85
1652705851.855702, sdrt-health/mac:02010b41cdec/antenna/tag/e28068940000400386621d4f, 96
1652705851.885526, sdrt-health/mac:02010b41cdec/antenna/tag/e2806894000050038661fd4f, 86
1652705851.885751, sdrt-health/mac:02010b41cdec/antenna/tag/e2806894000050038662154f, 87
1652705851.90047, sdrt-health/mac:02010b41cdec/antenna/tag/e28068940000400386621d4f, 96
1652705851.935797, sdrt-health/mac:02010b41cdec/antenna/tag/e28068940000400386621d4f, 96
1652705851.966523, sdrt-health/mac:02010b41cdec/antenna/tag/e2806894000050038662154f, 93
1652705851.966806, sdrt-health/mac:02010b41cdec/antenna/tag/e28068940000500386620d4f, 87
1652705851.982296, sdrt-health/mac:02010b41cdec/antenna/tag/e2806894000040038662114f, 88
1652705852.033733, sdrt-health/mac:02010b41cdec/antenna/tag/e2806894000050038662154f, 88
1652705852.075084, sdrt-health/mac:02010b41cdec/antenna/tag/e2806894000050038662154f, 93
1652705852.117366, sdrt-health/mac:02010b41cdec/antenna/tag/e28068940000400386621d4f, 90
1652705852.149107, sdrt-health/mac:02010b41cdec/antenna/tag/e2806894000040038662114f, 85
1652705852.149585, sdrt-health/mac:02010b41cdec/antenna/tag/e2806894000050038662154f, 85
1652705852.167475, sdrt-health/mac:02010b41cdec/antenna/tag/e28068940000500386620d4f, 87
1652705852.231495, sdrt-health/mac:02010b41cdec/antenna/tag/e28068940000500386620d4f, 93
1652705852.231948, sdrt-health/mac:02010b41cdec/antenna/tag/e2806894000050038662154f, 93
1652705852.270859, sdrt-health/mac:02010b41cdec/antenna/tag/e2806894000050038661fd4f, 90
1652705852.335333, sdrt-health/mac:02010b41cdec/antenna/tag/e28068940000500386620d4f, 93
1652705852.376097, sdrt-health/mac:02010b41cdec/antenna/tag/e2806894000040038662114f, 85
1652705852.466381, sdrt-health/mac:02010b41cdec/antenna/tag/e2806894000050038661fd4f, 86
1652705852.510166, sdrt-health/mac:02010b41cdec/antenna/tag/e28068940000500386620d4f, 87
1652705852.556016, sdrt-health/mac:02010b41cdec/antenna/tag/e2806894000050038661fd4f, 86
1652705852.613763, sdrt-health/mac:02010b41cdec/antenna/tag/e2806894000050038662154f, 85
1652705852.615359, sdrt-health/mac:02010b41cdec/antenna/tag/e2806894000050038661fd4f, 86
1652705852.645618, sdrt-health/mac:02010b41cdec/antenna/tag/e2806894000050038661fd4f, 86
1652705852.710977, sdrt-health/mac:02010b41cdec/antenna/tag/e2806894000040038662114f, 88
1652705852.711434, sdrt-health/mac:02010b41cdec/antenna/tag/e28068940000400386621d4f, 90
1652705852.728004, sdrt-health/mac:02010b41cdec/antenna/tag/e28068940000400386621d4f, 77
1652705852.73586, sdrt-health/mac:02010b41cdec/antenna/tag/e2806894000050038661fd4f, 83
1652705852.744036, sdrt-health/mac:02010b41cdec/antenna/tag/e2806894000050038662154f, 83
1652705852.804375, sdrt-health/mac:02010b41cdec/antenna/tag/e28068940000400386621d4f, 77
1652705852.855211, sdrt-health/mac:02010b41cdec/antenna/tag/e28068940000400386621d4f, 96
1652705852.896018, sdrt-health/mac:02010b41cdec/antenna/tag/e2806894000050038661fd4f, 83
1652705852.94947, sdrt-health/mac:02010b41cdec/antenna/tag/e28068940000500386620d4f, 83
1652705852.949972, sdrt-health/mac:02010b41cdec/antenna/tag/e2806894000050038662154f, 83
1652705852.989406, sdrt-health/mac:02010b41cdec/antenna/tag/e2806894000050038662154f, 85
1652705853.035344, sdrt-health/mac:02010b41cdec/antenna/tag/e2806894000040038662114f, 85
1652705853.065978, sdrt-health/mac:02010b41cdec/antenna/tag/e2806894000050038661fd4f, 83
1652705853.066304, sdrt-health/mac:02010b41cdec/antenna/tag/e2806894000050038661fd4f, 86
1652705853.093704, sdrt-health/mac:02010b41cdec/antenna/tag/e2806894000040038662114f, 88
1652705853.150391, sdrt-health/mac:02010b41cdec/antenna/tag/e2806894000050038662154f, 93
1652705853.208568, sdrt-health/mac:02010b41cdec/antenna/tag/e2806894000050038661fd4f, 86
1652705853.209117, sdrt-health/mac:02010b41cdec/antenna/tag/e2806894000050038662154f, 93
1652705853.236576, sdrt-health/mac:02010b41cdec/antenna/tag/e2806894000050038662154f, 85
1652705853.291271, sdrt-health/mac:02010b41cdec/antenna/tag/e2806894000050038662194f, 83
1652705853.291732, sdrt-health/mac:02010b41cdec/antenna/tag/e28068940000500386620d4f, 83
1652705853.308792, sdrt-health/mac:02010b41cdec/antenna/tag/e2806894000050038662154f, 93
1652705853.317527, sdrt-health/mac:02010b41cdec/antenna/tag/e28068940000400386621d4f, 90
1652705853.363447, sdrt-health/mac:02010b41cdec/antenna/tag/e28068940000400386621d4f, 77
1652705853.363765, sdrt-health/mac:02010b41cdec/antenna/tag/e2806894000050038662154f, 83
1652705853.416471, sdrt-health/mac:02010b41cdec/antenna/tag/e2806894000040038662114f, 85
1652705853.478566, sdrt-health/mac:02010b41cdec/antenna/tag/e2806894000040038662114f, 85
1652705853.540918, sdrt-health/mac:02010b41cdec/antenna/tag/e28068940000500386620d4f, 87
1652705853.54147, sdrt-health/mac:02010b41cdec/antenna/tag/e2806894000050038661fd4f, 90
1652705853.557127, sdrt-health/mac:02010b41cdec/antenna/tag/e2806894000040038662114f, 85
1652705853.574975, sdrt-health/mac:02010b41cdec/antenna/tag/e2806894000050038662194f, 81
1652705853.615479, sdrt-health/mac:02010b41cdec/antenna/tag/e2806894000050038661fd4f, 86
1652705853.671706, sdrt-health/mac:02010b41cdec/antenna/tag/e28068940000500386620d4f, 93
1652705853.672147, sdrt-health/mac:02010b41cdec/antenna/tag/e2806894000040038662114f, 85
1652705853.68636, sdrt-health/mac:02010b41cdec/antenna/tag/e2806894000050038662154f, 85
1652705853.695295, sdrt-health/mac:02010b41cdec/antenna/tag/e2806894000040038662114f, 88
1652705853.746238, sdrt-health/mac:02010b41cdec/antenna/tag/e2806894000050038662154f, 93
1652705853.789999, sdrt-health/mac:02010b41cdec/antenna/tag/e28068940000400386621d4f, 90
1652705853.84861, sdrt-health/mac:02010b41cdec/antenna/tag/e2806894000050038662154f, 83
1652705853.848944, sdrt-health/mac:02010b41cdec/antenna/tag/e28068940000400386621d4f, 90
1652705853.866103, sdrt-health/mac:02010b41cdec/antenna/tag/e2806894000050038661fd4f, 86
1652705853.877809, sdrt-health/mac:02010b41cdec/antenna/tag/e2806894000050038662154f, 85
1652705853.950804, sdrt-health/mac:02010b41cdec/antenna/tag/e2806894000050038661fd4f, 83
1652705853.980124, sdrt-health/mac:02010b41cdec/antenna/tag/e2806894000050038662154f, 93
1652705853.98041, sdrt-health/mac:02010b41cdec/antenna/tag/e28068940000500386620d4f, 81
1652705853.980552, sdrt-health/mac:02010b41cdec/antenna/tag/e28068940000500386620d4f, 87
1652705853.994746, sdrt-health/mac:02010b41cdec/antenna/tag/e2806894000050038661fd4f, 83
1652705854.037729, sdrt-health/mac:02010b41cdec/antenna/tag/e28068940000500386620d4f, 93
1652705854.069844, sdrt-health/mac:02010b41cdec/antenna/tag/e28068940000400386621d4f, 96
1652705854.070115, sdrt-health/mac:02010b41cdec/antenna/tag/e28068940000500386620d4f, 93
1652705854.126612, sdrt-health/mac:02010b41cdec/antenna/tag/e2806894000050038662194f, 94
1652705854.175837, sdrt-health/mac:02010b41cdec/antenna/tag/e2806894000040038662114f, 85
1652705854.216184, sdrt-health/mac:02010b41cdec/antenna/tag/e2806894000050038661fd4f, 86
1652705854.254486, sdrt-health/mac:02010b41cdec/antenna/tag/e2806894000040038662054f, 94
1652705854.30955, sdrt-health/mac:02010b41cdec/antenna/tag/e28068940000500386620d4f, 83
1652705854.310087, sdrt-health/mac:02010b41cdec/antenna/tag/e2806894000050038661fd4f, 83
1652705854.322937, sdrt-health/mac:02010b41cdec/antenna/tag/e2806894000050038662154f, 81
1652705854.350177, sdrt-health/mac:02010b41cdec/antenna/tag/e28068940000500386620d4f, 87
1652705854.395695, sdrt-health/mac:02010b41cdec/antenna/tag/e2806894000040038662114f, 93
1652705854.451442, sdrt-health/mac:02010b41cdec/antenna/tag/e2806894000050038661fd4f, 86
1652705854.451981, sdrt-health/mac:02010b41cdec/antenna/tag/e28068940000400386621d4f, 90
1652705854.466116, sdrt-health/mac:02010b41cdec/antenna/tag/e28068940000400386621d4f, 96
1652705854.484691, sdrt-health/mac:02010b41cdec/antenna/tag/e28068940000400386621d4f, 96
1652705854.535257, sdrt-health/mac:02010b41cdec/antenna/tag/e28068940000400386621d4f, 77
1652705854.590615, sdrt-health/mac:02010b41cdec/antenna/tag/e2806894000050038662194f, 94
1652705854.591147, sdrt-health/mac:02010b41cdec/antenna/tag/e2806894000050038661fd4f, 86
1652705854.604079, sdrt-health/mac:02010b41cdec/antenna/tag/e2806894000050038661fd4f, 83
1652705854.625666, sdrt-health/mac:02010b41cdec/antenna/tag/e2806894000040038662114f, 85
1652705854.669595, sdrt-health/mac:02010b41cdec/antenna/tag/e28068940000400386621d4f, 90
1652705854.714357, sdrt-health/mac:02010b41cdec/antenna/tag/e2806894000050038662154f, 93
1652705854.777537, sdrt-health/mac:02010b41cdec/antenna/tag/e28068940000500386620d4f, 93
1652705854.829707, sdrt-health/mac:02010b41cdec/antenna/tag/e28068940000400386621d4f, 90
1652705854.895614, sdrt-health/mac:02010b41cdec/antenna/tag/e2806894000040038662114f, 88
1652705854.895982, sdrt-health/mac:02010b41cdec/antenna/tag/e2806894000050038661fd4f, 86
1652705854.910345, sdrt-health/mac:02010b41cdec/antenna/tag/e2806894000050038662154f, 93
1652705854.923309, sdrt-health/mac:02010b41cdec/antenna/tag/e28068940000500386620d4f, 87
1652705854.924026, sdrt-health/mac:02010b41cdec/antenna/tag/e2806894000040038662114f, 93
1652705854.964559, sdrt-health/mac:02010b41cdec/antenna/tag/e28068940000500386620d4f, 83
1652705855.028764, sdrt-health/mac:02010b41cdec/antenna/tag/e2806894000050038661fd4f, 83
1652705855.029272, sdrt-health/mac:02010b41cdec/antenna/tag/e2806894000050038661fd4f, 86
1652705855.054645, sdrt-health/mac:02010b41cdec/antenna/tag/e2806894000050038662154f, 85
1652705855.095052, sdrt-health/mac:02010b41cdec/antenna/tag/e2806894000050038662154f, 85
1652705855.172468, sdrt-health/mac:02010b41cdec/antenna/tag/e28068940000400386621d4f, 90
1652705855.172956, sdrt-health/mac:02010b41cdec/antenna/tag/e28068940000400386621d4f, 90
1652705855.204666, sdrt-health/mac:02010b41cdec/antenna/tag/e28068940000400386621d4f, 90
1652705855.284947, sdrt-health/mac:02010b41cdec/antenna/tag/e2806894000040038662114f, 93
1652705855.33543, sdrt-health/mac:02010b41cdec/antenna/tag/e28068940000500386620d4f, 87
1652705855.373429, sdrt-health/mac:02010b41cdec/antenna/tag/e28068940000400386621d4f, 96
1652705855.373744, sdrt-health/mac:02010b41cdec/antenna/tag/e2806894000050038661fd4f, 83
1652705855.388482, sdrt-health/mac:02010b41cdec/antenna/tag/e28068940000500386620d4f, 85
1652705855.455012, sdrt-health/mac:02010b41cdec/antenna/tag/e28068940000400386621d4f, 96
1652705855.495006, sdrt-health/mac:02010b41cdec/antenna/tag/e2806894000050038661fd4f, 83
1652705855.495431, sdrt-health/mac:02010b41cdec/antenna/tag/e2806894000050038662154f, 87
1652705855.509736, sdrt-health/mac:02010b41cdec/antenna/tag/e2806894000050038661fd4f, 83
1652705855.550202, sdrt-health/mac:02010b41cdec/antenna/tag/e2806894000050038662194f, 81
1652705855.594804, sdrt-health/mac:02010b41cdec/antenna/tag/e2806894000050038661fd4f, 86
1652705855.623264, sdrt-health/mac:02010b41cdec/antenna/tag/e2806894000050038662194f, 94
1652705855.623555, sdrt-health/mac:02010b41cdec/antenna/tag/e2806894000040038662114f, 85
1652705855.638273, sdrt-health/mac:02010b41cdec/antenna/tag/e2806894000040038662114f, 85
1652705855.638731, sdrt-health/mac:02010b41cdec/antenna/tag/e2806894000050038662154f, 87
1652705855.638952, sdrt-health/mac:02010b41cdec/antenna/tag/e28068940000500386620d4f, 93
1652705855.685334, sdrt-health/mac:02010b41cdec/antenna/tag/e2806894000040038661f94f, 81
1652705855.735616, sdrt-health/mac:02010b41cdec/antenna/tag/e2806894000040038662114f, 85
1652705855.774877, sdrt-health/mac:02010b41cdec/antenna/tag/e2806894000050038662154f, 85
1652705855.829308, sdrt-health/mac:02010b41cdec/antenna/tag/e2806894000040038662114f, 93
1652705855.829793, sdrt-health/mac:02010b41cdec/antenna/tag/e2806894000050038662194f, 94
1652705855.830131, sdrt-health/mac:02010b41cdec/antenna/tag/e2806894000040038662114f, 85
1652705855.857845, sdrt-health/mac:02010b41cdec/antenna/tag/e2806894000050038662154f, 83
1652705855.892948, sdrt-health/mac:02010b41cdec/antenna/tag/e2806894000050038661fd4f, 83
1652705855.93498, sdrt-health/mac:02010b41cdec/antenna/tag/e28068940000400386621d4f, 90
1652705855.975018, sdrt-health/mac:02010b41cdec/antenna/tag/e2806894000050038661fd4f, 86
1652705856.03001, sdrt-health/mac:02010b41cdec/antenna/tag/e2806894000050038661fd4f, 86
1652705856.030565, sdrt-health/mac:02010b41cdec/antenna/tag/e2806894000050038662154f, 85
1652705856.045381, sdrt-health/mac:02010b41cdec/antenna/tag/e28068940000500386620d4f, 93
1652705856.088486, sdrt-health/mac:02010b41cdec/antenna/tag/e2806894000050038661fd4f, 90
1652705856.089039, sdrt-health/mac:02010b41cdec/antenna/tag/e2806894000050038661fd4f, 86
1652705856.117629, sdrt-health/mac:02010b41cdec/antenna/tag/e2806894000050038661fd4f, 86
1652705856.14606, sdrt-health/mac:02010b41cdec/antenna/tag/e2806894000050038662154f, 93
1652705856.14629, sdrt-health/mac:02010b41cdec/antenna/tag/e28068940000500386620d4f, 87
1652705856.205184, sdrt-health/mac:02010b41cdec/antenna/tag/e2806894000050038662194f, 81
1652705856.255052, sdrt-health/mac:02010b41cdec/antenna/tag/e28068940000400386621d4f, 96
1652705856.296324, sdrt-health/mac:02010b41cdec/antenna/tag/e28068940000400386621d4f, 90
1652705856.351389, sdrt-health/mac:02010b41cdec/antenna/tag/e28068940000400386621d4f, 90
1652705856.410134, sdrt-health/mac:02010b41cdec/antenna/tag/e2806894000050038662154f, 85
1652705856.410664, sdrt-health/mac:02010b41cdec/antenna/tag/e28068940000400386621d4f, 90
1652705856.42462, sdrt-health/mac:02010b41cdec/antenna/tag/e28068940000500386620d4f, 85
1652705856.425103, sdrt-health/mac:02010b41cdec/antenna/tag/e2806894000050038661fd4f, 86
1652705856.439508, sdrt-health/mac:02010b41cdec/antenna/tag/e2806894000050038662154f, 85
1652705856.485642, sdrt-health/mac:02010b41cdec/antenna/tag/e2806894000050038662194f, 81
1652705856.51551, sdrt-health/mac:02010b41cdec/antenna/tag/e2806894000050038662154f, 83
1652705856.51579, sdrt-health/mac:02010b41cdec/antenna/tag/e2806894000050038662154f, 83
1652705856.515975, sdrt-health/mac:02010b41cdec/antenna/tag/e2806894000050038662194f, 83
1652705856.53504, sdrt-health/mac:02010b41cdec/antenna/tag/e28068940000400386621d4f, 77
1652705856.575873, sdrt-health/mac:02010b41cdec/antenna/tag/e28068940000500386620d4f, 87
1652705856.614082, sdrt-health/mac:02010b41cdec/antenna/tag/e2806894000040038662114f, 88
1652705856.669442, sdrt-health/mac:02010b41cdec/antenna/tag/e2806894000050038662154f, 88
1652705856.669985, sdrt-health/mac:02010b41cdec/antenna/tag/e2806894000050038662154f, 85
1652705856.695431, sdrt-health/mac:02010b41cdec/antenna/tag/e2806894000050038662154f, 85
1652705856.750943, sdrt-health/mac:02010b41cdec/antenna/tag/e28068940000500386620d4f, 93
1652705856.75145, sdrt-health/mac:02010b41cdec/antenna/tag/e2806894000050038662154f, 93
1652705856.767066, sdrt-health/mac:02010b41cdec/antenna/tag/e2806894000050038662194f, 83
1652705856.79544, sdrt-health/mac:02010b41cdec/antenna/tag/e2806894000050038662194f, 83
1652705856.837696, sdrt-health/mac:02010b41cdec/antenna/tag/e28068940000400386621d4f, 90
1652705856.875016, sdrt-health/mac:02010b41cdec/antenna/tag/e28068940000400386621d4f, 96
1652705856.918735, sdrt-health/mac:02010b41cdec/antenna/tag/e28068940000500386620d4f, 93
1652705856.982221, sdrt-health/mac:02010b41cdec/antenna/tag/e28068940000400386621d4f, 90
1652705856.982768, sdrt-health/mac:02010b41cdec/antenna/tag/e28068940000400386621d4f, 90
1652705856.997433, sdrt-health/mac:02010b41cdec/antenna/tag/e2806894000040038662114f, 85
1652705857.015723, sdrt-health/mac:02010b41cdec/antenna/tag/e28068940000400386621d4f, 90
1652705857.049233, sdrt-health/mac:02010b41cdec/antenna/tag/e2806894000050038661fd4f, 86
1652705857.049745, sdrt-health/mac:02010b41cdec/antenna/tag/e2806894000040038662114f, 85
1652705857.050066, sdrt-health/mac:02010b41cdec/antenna/tag/e2806894000050038662154f, 85
1652705857.064854, sdrt-health/mac:02010b41cdec/antenna/tag/e28068940000400386621d4f, 90
1652705857.065152, sdrt-health/mac:02010b41cdec/antenna/tag/e2806894000050038661fd4f, 86
1652705857.103976, sdrt-health/mac:02010b41cdec/antenna/tag/e2806894000050038662154f, 93
1652705857.149714, sdrt-health/mac:02010b41cdec/antenna/tag/e2806894000040038662114f, 85
1652705857.199348, sdrt-health/mac:02010b41cdec/antenna/tag/e2806894000040038662114f, 88
1652705857.283379, sdrt-health/mac:02010b41cdec/antenna/tag/e28068940000400386621d4f, 90
1652705857.283736, sdrt-health/mac:02010b41cdec/antenna/tag/e28068940000500386620d4f, 93
1652705857.297397, sdrt-health/mac:02010b41cdec/antenna/tag/e2806894000050038662154f, 93
1652705857.297767, sdrt-health/mac:02010b41cdec/antenna/tag/e2806894000050038662154f, 85
1652705857.337711, sdrt-health/mac:02010b41cdec/antenna/tag/e2806894000050038661fd4f, 86
1652705857.390111, sdrt-health/mac:02010b41cdec/antenna/tag/e2806894000050038661fd4f, 83
1652705857.435234, sdrt-health/mac:02010b41cdec/antenna/tag/e28068940000400386621d4f, 96
1652705857.463087, sdrt-health/mac:02010b41cdec/antenna/tag/e2806894000040038662114f, 87
1652705857.463366, sdrt-health/mac:02010b41cdec/antenna/tag/e28068940000400386621d4f, 96
1652705857.49928, sdrt-health/mac:02010b41cdec/antenna/tag/e2806894000050038662154f, 87
1652705857.534895, sdrt-health/mac:02010b41cdec/antenna/tag/e2806894000050038662154f, 85
1652705857.568046, sdrt-health/mac:02010b41cdec/antenna/tag/e2806894000040038662114f, 88
1652705857.568245, sdrt-health/mac:02010b41cdec/antenna/tag/e2806894000050038662154f, 87
1652705857.633465, sdrt-health/mac:02010b41cdec/antenna/tag/e2806894000050038662154f, 87
1652705857.67962, sdrt-health/mac:02010b41cdec/antenna/tag/e2806894000050038661fd4f, 86
1652705857.737193, sdrt-health/mac:02010b41cdec/antenna/tag/e2806894000050038661fd4f, 90
1652705857.737482, sdrt-health/mac:02010b41cdec/antenna/tag/e2806894000040038662114f, 91
1652705857.765245, sdrt-health/mac:02010b41cdec/antenna/tag/e2806894000040038662114f, 88
1652705857.815749, sdrt-health/mac:02010b41cdec/antenna/tag/e2806894000040038662114f, 88
1652705857.868567, sdrt-health/mac:02010b41cdec/antenna/tag/e28068940000500386620d4f, 87
1652705857.868819, sdrt-health/mac:02010b41cdec/antenna/tag/e2806894000050038661fd4f, 90
1652705857.883182, sdrt-health/mac:02010b41cdec/antenna/tag/e2806894000050038662154f, 93
1652705857.913676, sdrt-health/mac:02010b41cdec/antenna/tag/e28068940000500386620d4f, 83
1652705857.913931, sdrt-health/mac:02010b41cdec/antenna/tag/e28068940000500386620d4f, 93
1652705857.935148, sdrt-health/mac:02010b41cdec/antenna/tag/e2806894000040038662114f, 93
1652705857.990921, sdrt-health/mac:02010b41cdec/antenna/tag/e28068940000500386620d4f, 85
1652705857.991135, sdrt-health/mac:02010b41cdec/antenna/tag/e28068940000400386621d4f, 96
1652705858.017472, sdrt-health/mac:02010b41cdec/antenna/tag/e2806894000050038661fd4f, 86
1652705858.072251, sdrt-health/mac:02010b41cdec/antenna/tag/e28068940000400386621d4f, 90
1652705858.072506, sdrt-health/mac:02010b41cdec/antenna/tag/e2806894000050038661fd4f, 86
1652705858.103567, sdrt-health/mac:02010b41cdec/antenna/tag/e2806894000050038662154f, 85
1652705858.134687, sdrt-health/mac:02010b41cdec/antenna/tag/e2806894000040038662114f, 85
1652705858.17511, sdrt-health/mac:02010b41cdec/antenna/tag/e2806894000040038662114f, 85
1652705858.230778, sdrt-health/mac:02010b41cdec/antenna/tag/e2806894000050038661fd4f, 86
1652705858.231119, sdrt-health/mac:02010b41cdec/antenna/tag/e28068940000400386621d4f, 90
1652705858.246225, sdrt-health/mac:02010b41cdec/antenna/tag/e28068940000500386620d4f, 85
1652705858.255397, sdrt-health/mac:02010b41cdec/antenna/tag/e2806894000050038661fd4f, 86
1652705858.305589, sdrt-health/mac:02010b41cdec/antenna/tag/e28068940000500386620d4f, 93
1652705858.369493, sdrt-health/mac:02010b41cdec/antenna/tag/e28068940000400386621d4f, 77
1652705858.3697, sdrt-health/mac:02010b41cdec/antenna/tag/e28068940000500386620d4f, 93
1652705858.415729, sdrt-health/mac:02010b41cdec/antenna/tag/e2806894000050038662154f, 85
1652705858.455493, sdrt-health/mac:02010b41cdec/antenna/tag/e28068940000400386621d4f, 90
1652705858.66223, sdrt-health/mac:02010b41cdec/antenna/tag/e2806894000050038661fd4f, 86
1652705858.66242, sdrt-health/mac:02010b41cdec/antenna/tag/scan, scan stopped
