1652705935.478655, sdrt-health/mac:02010b41cdec/antenna/power/set, {"power": 290}
1652705936.557249, sdrt-health/mac:02010b41cdec/antenna/power/set, 
1652705940.508482, sdrt-health/mac:02010b41cdec/antenna/tag/scan, {"time": 20000}
1652705940.875856, sdrt-health/mac:02010b41cdec/antenna/tag/e2806894000050038662194f, 83
1652705940.935944, sdrt-health/mac:02010b41cdec/antenna/tag/e2806894000040038662114f, 88
1652705941.005383, sdrt-health/mac:02010b41cdec/antenna/tag/e28068940000500386620d4f, 87
1652705941.053857, sdrt-health/mac:02010b41cdec/antenna/tag/e2806894000050038662194f, 81
1652705941.232398, sdrt-health/mac:02010b41cdec/antenna/tag/e2806894000050038661fd4f, 86
1652705941.27693, sdrt-health/mac:02010b41cdec/antenna/tag/e2806894000050038662154f, 83
1652705941.359636, sdrt-health/mac:02010b41cdec/antenna/tag/e28068940000400386621d4f, 77
1652705941.360077, sdrt-health/mac:02010b41cdec/antenna/tag/e28068940000500386620d4f, 87
1652705941.391526, sdrt-health/mac:02010b41cdec/antenna/tag/e2806894000050038661fd4f, 86
1652705941.461248, sdrt-health/mac:02010b41cdec/antenna/tag/e2806894000050038662154f, 85
1652705941.461742, sdrt-health/mac:02010b41cdec/antenna/tag/e28068940000400386621d4f, 90
1652705941.494622, sdrt-health/mac:02010b41cdec/antenna/tag/e2806894000050038662194f, 94
1652705941.535534, sdrt-health/mac:02010b41cdec/antenna/tag/e2806894000050038662154f, 93
1652705941.576904, sdrt-health/mac:02010b41cdec/antenna/tag/e2806894000050038662194f, 81
1652705941.616834, sdrt-health/mac:02010b41cdec/antenna/tag/e2806894000050038661fd4f, 86
1652705941.670794, sdrt-health/mac:02010b41cdec/antenna/tag/e28068940000500386620d4f, 93
1652705941.6711, sdrt-health/mac:02010b41cdec/antenna/tag/e2806894000040038662114f, 85
1652705941.686423, sdrt-health/mac:02010b41cdec/antenna/tag/e2806894000050038661fd4f, 86
1652705941.686693, sdrt-health/mac:02010b41cdec/antenna/tag/e28068940000500386620d4f, 87
1652705941.686877, sdrt-health/mac:02010b41cdec/antenna/tag/e2806894000050038662154f, 83
1652705941.710704, sdrt-health/mac:02010b41cdec/antenna/tag/e28068940000400386621d4f, 96
1652705941.755206, sdrt-health/mac:02010b41cdec/antenna/tag/e2806894000050038662154f, 83
1652705941.786268, sdrt-health/mac:02010b41cdec/antenna/tag/e28068940000500386620d4f, 87
1652705941.78666, sdrt-health/mac:02010b41cdec/antenna/tag/e2806894000040038662114f, 85
1652705941.786996, sdrt-health/mac:02010b41cdec/antenna/tag/e2806894000050038662154f, 87
1652705941.870989, sdrt-health/mac:02010b41cdec/antenna/tag/e2806894000050038661fd4f, 86
1652705941.935991, sdrt-health/mac:02010b41cdec/antenna/tag/e28068940000400386621d4f, 77
1652705942.001401, sdrt-health/mac:02010b41cdec/antenna/tag/e28068940000500386620d4f, 87
1652705942.001977, sdrt-health/mac:02010b41cdec/antenna/tag/e28068940000500386620d4f, 87
1652705942.01837, sdrt-health/mac:02010b41cdec/antenna/tag/e28068940000500386620d4f, 87
1652705942.018839, sdrt-health/mac:02010b41cdec/antenna/tag/e2806894000050038661fd4f, 86
1652705942.029801, sdrt-health/mac:02010b41cdec/antenna/tag/e2806894000040038662114f, 88
1652705942.033485, sdrt-health/mac:02010b41cdec/antenna/tag/e2806894000040038662114f, 85
1652705942.076372, sdrt-health/mac:02010b41cdec/antenna/tag/e2806894000050038661fd4f, 86
1652705942.124181, sdrt-health/mac:02010b41cdec/antenna/tag/e2806894000050038662154f, 83
1652705942.166199, sdrt-health/mac:02010b41cdec/antenna/tag/e28068940000500386620d4f, 83
1652705942.198697, sdrt-health/mac:02010b41cdec/antenna/tag/e2806894000040038662114f, 85
1652705942.19913, sdrt-health/mac:02010b41cdec/antenna/tag/e28068940000500386620d4f, 85
1652705942.216099, sdrt-health/mac:02010b41cdec/antenna/tag/e2806894000050038662154f, 83
1652705942.286578, sdrt-health/mac:02010b41cdec/antenna/tag/e2806894000050038661fd4f, 83
1652705942.287072, sdrt-health/mac:02010b41cdec/antenna/tag/e28068940000400386621d4f, 90
1652705942.304037, sdrt-health/mac:02010b41cdec/antenna/tag/e2806894000050038661fd4f, 90
1652705942.313826, sdrt-health/mac:02010b41cdec/antenna/tag/e2806894000040038662114f, 85
1652705942.35729, sdrt-health/mac:02010b41cdec/antenna/tag/e2806894000050038662194f, 81
1652705942.420413, sdrt-health/mac:02010b41cdec/antenna/tag/e2806894000050038662154f, 93
1652705942.420938, sdrt-health/mac:02010b41cdec/antenna/tag/e2806894000040038662114f, 88
1652705942.436943, sdrt-health/mac:02010b41cdec/antenna/tag/e28068940000400386621d4f, 90
1652705942.524729, sdrt-health/mac:02010b41cdec/antenna/tag/e28068940000500386620d4f, 87
1652705942.525176, sdrt-health/mac:02010b41cdec/antenna/tag/e2806894000040038662114f, 88
1652705942.599663, sdrt-health/mac:02010b41cdec/antenna/tag/e2806894000050038661fd4f, 86
1652705942.629946, sdrt-health/mac:02010b41cdec/antenna/tag/e2806894000050038662194f, 83
1652705942.630256, sdrt-health/mac:02010b41cdec/antenna/tag/e28068940000400386621d4f, 96
1652705942.630513, sdrt-health/mac:02010b41cdec/antenna/tag/e2806894000040038662114f, 88
1652705942.645595, sdrt-health/mac:02010b41cdec/antenna/tag/e2806894000040038662114f, 85
1652705942.645834, sdrt-health/mac:02010b41cdec/antenna/tag/e2806894000050038661fd4f, 86
1652705942.646, sdrt-health/mac:02010b41cdec/antenna/tag/e2806894000050038662154f, 85
1652705942.670982, sdrt-health/mac:02010b41cdec/antenna/tag/e2806894000040038662114f, 88
1652705942.719136, sdrt-health/mac:02010b41cdec/antenna/tag/e2806894000040038662114f, 85
1652705942.788731, sdrt-health/mac:02010b41cdec/antenna/tag/e28068940000400386621d4f, 77
1652705942.830512, sdrt-health/mac:02010b41cdec/antenna/tag/e2806894000050038661fd4f, 83
1652705942.877597, sdrt-health/mac:02010b41cdec/antenna/tag/e28068940000500386620d4f, 87
1652705942.937274, sdrt-health/mac:02010b41cdec/antenna/tag/e2806894000040038662114f, 93
1652705942.937715, sdrt-health/mac:02010b41cdec/antenna/tag/e2806894000040038662114f, 85
1652705942.9599, sdrt-health/mac:02010b41cdec/antenna/tag/e2806894000040038662114f, 88
1652705942.96022, sdrt-health/mac:02010b41cdec/antenna/tag/e28068940000500386620d4f, 85
1652705942.96043, sdrt-health/mac:02010b41cdec/antenna/tag/e2806894000040038662114f, 85
1652705942.983672, sdrt-health/mac:02010b41cdec/antenna/tag/e2806894000050038661fd4f, 86
1652705943.045446, sdrt-health/mac:02010b41cdec/antenna/tag/e2806894000050038661fd4f, 86
1652705943.086135, sdrt-health/mac:02010b41cdec/antenna/tag/e2806894000050038662194f, 83
1652705943.198668, sdrt-health/mac:02010b41cdec/antenna/tag/e2806894000050038661fd4f, 86
1652705943.199115, sdrt-health/mac:02010b41cdec/antenna/tag/e28068940000500386620d4f, 87
1652705943.220952, sdrt-health/mac:02010b41cdec/antenna/tag/e28068940000500386620d4f, 93
1652705943.221486, sdrt-health/mac:02010b41cdec/antenna/tag/e28068940000400386621d4f, 96
1652705943.265556, sdrt-health/mac:02010b41cdec/antenna/tag/e2806894000040038662114f, 88
1652705943.319088, sdrt-health/mac:02010b41cdec/antenna/tag/e28068940000400386621d4f, 96
1652705943.383506, sdrt-health/mac:02010b41cdec/antenna/tag/e2806894000050038661fd4f, 90
1652705943.383968, sdrt-health/mac:02010b41cdec/antenna/tag/e2806894000050038662154f, 93
1652705943.400632, sdrt-health/mac:02010b41cdec/antenna/tag/e2806894000040038662114f, 88
1652705943.402272, sdrt-health/mac:02010b41cdec/antenna/tag/e2806894000040038662114f, 85
1652705943.445698, sdrt-health/mac:02010b41cdec/antenna/tag/e28068940000500386620d4f, 85
1652705943.511299, sdrt-health/mac:02010b41cdec/antenna/tag/e2806894000050038662154f, 85
1652705943.511749, sdrt-health/mac:02010b41cdec/antenna/tag/e2806894000050038661fd4f, 90
1652705943.527538, sdrt-health/mac:02010b41cdec/antenna/tag/e2806894000040038662114f, 85
1652705943.550475, sdrt-health/mac:02010b41cdec/antenna/tag/e28068940000500386620d4f, 93
1652705943.58092, sdrt-health/mac:02010b41cdec/antenna/tag/e2806894000050038661fd4f, 90
1652705943.581226, sdrt-health/mac:02010b41cdec/antenna/tag/e28068940000400386621d4f, 90
1652705943.597553, sdrt-health/mac:02010b41cdec/antenna/tag/e2806894000040038662114f, 88
1652705943.597753, sdrt-health/mac:02010b41cdec/antenna/tag/e2806894000050038662154f, 85
1652705943.597869, sdrt-health/mac:02010b41cdec/antenna/tag/e2806894000040038662114f, 85
1652705943.644876, sdrt-health/mac:02010b41cdec/antenna/tag/e28068940000500386620d4f, 85
1652705943.695782, sdrt-health/mac:02010b41cdec/antenna/tag/e2806894000040038661f94f, 88
1652705943.69615, sdrt-health/mac:02010b41cdec/antenna/tag/e2806894000040038662214f, 88
1652705943.696435, sdrt-health/mac:02010b41cdec/antenna/tag/e2806894000050038662154f, 93
1652705943.735313, sdrt-health/mac:02010b41cdec/antenna/tag/e28068940000400386621d4f, 96
1652705943.790237, sdrt-health/mac:02010b41cdec/antenna/tag/e2806894000040038662114f, 85
1652705943.836501, sdrt-health/mac:02010b41cdec/antenna/tag/e2806894000050038662154f, 85
1652705943.916282, sdrt-health/mac:02010b41cdec/antenna/tag/e2806894000050038662154f, 88
1652705943.916784, sdrt-health/mac:02010b41cdec/antenna/tag/e28068940000500386620d4f, 87
1652705943.950921, sdrt-health/mac:02010b41cdec/antenna/tag/e2806894000040038662114f, 88
1652705944.156737, sdrt-health/mac:02010b41cdec/antenna/tag/e2806894000050038662194f, 81
1652705944.187503, sdrt-health/mac:02010b41cdec/antenna/tag/e2806894000050038661fd4f, 90
1652705944.188038, sdrt-health/mac:02010b41cdec/antenna/tag/e2806894000050038662154f, 93
1652705944.188561, sdrt-health/mac:02010b41cdec/antenna/tag/e2806894000050038662154f, 87
1652705944.188869, sdrt-health/mac:02010b41cdec/antenna/tag/e2806894000050038662194f, 94
1652705944.189175, sdrt-health/mac:02010b41cdec/antenna/tag/e2806894000050038662154f, 93
1652705944.203286, sdrt-health/mac:02010b41cdec/antenna/tag/e2806894000050038662154f, 93
1652705944.203625, sdrt-health/mac:02010b41cdec/antenna/tag/e28068940000500386620d4f, 93
1652705944.311184, sdrt-health/mac:02010b41cdec/antenna/tag/e28068940000500386620d4f, 85
1652705944.39655, sdrt-health/mac:02010b41cdec/antenna/tag/e2806894000050038661fd4f, 86
1652705944.460399, sdrt-health/mac:02010b41cdec/antenna/tag/e28068940000400386621d4f, 90
1652705944.460917, sdrt-health/mac:02010b41cdec/antenna/tag/e28068940000400386621d4f, 96
1652705944.476115, sdrt-health/mac:02010b41cdec/antenna/tag/e28068940000400386621d4f, 96
1652705944.476441, sdrt-health/mac:02010b41cdec/antenna/tag/e28068940000400386621d4f, 90
1652705944.476639, sdrt-health/mac:02010b41cdec/antenna/tag/e2806894000050038662154f, 88
1652705944.534207, sdrt-health/mac:02010b41cdec/antenna/tag/e2806894000040038662114f, 85
1652705944.600402, sdrt-health/mac:02010b41cdec/antenna/tag/e28068940000500386620d4f, 85
1652705944.600851, sdrt-health/mac:02010b41cdec/antenna/tag/e2806894000050038661fd4f, 86
1652705944.616564, sdrt-health/mac:02010b41cdec/antenna/tag/e2806894000050038661fd4f, 83
1652705944.617165, sdrt-health/mac:02010b41cdec/antenna/tag/e2806894000050038662194f, 82
1652705944.665007, sdrt-health/mac:02010b41cdec/antenna/tag/e2806894000050038661fd4f, 83
1652705944.744845, sdrt-health/mac:02010b41cdec/antenna/tag/e2806894000050038662154f, 87
1652705944.74535, sdrt-health/mac:02010b41cdec/antenna/tag/e2806894000040038661f94f, 88
1652705944.760536, sdrt-health/mac:02010b41cdec/antenna/tag/e2806894000050038662194f, 94
1652705944.761041, sdrt-health/mac:02010b41cdec/antenna/tag/e2806894000040038662114f, 88
1652705944.816188, sdrt-health/mac:02010b41cdec/antenna/tag/e2806894000050038661fd4f, 86
1652705944.834923, sdrt-health/mac:02010b41cdec/antenna/tag/e2806894000050038661fd4f, 90
1652705944.909453, sdrt-health/mac:02010b41cdec/antenna/tag/e2806894000040038662114f, 85
1652705944.909941, sdrt-health/mac:02010b41cdec/antenna/tag/e28068940000400386621d4f, 90
1652705944.962796, sdrt-health/mac:02010b41cdec/antenna/tag/e2806894000050038662154f, 93
1652705945.04728, sdrt-health/mac:02010b41cdec/antenna/tag/e28068940000400386621d4f, 90
1652705945.047736, sdrt-health/mac:02010b41cdec/antenna/tag/e2806894000050038662154f, 85
1652705945.100759, sdrt-health/mac:02010b41cdec/antenna/tag/e28068940000500386620d4f, 93
1652705945.101202, sdrt-health/mac:02010b41cdec/antenna/tag/e28068940000500386620d4f, 87
1652705945.101677, sdrt-health/mac:02010b41cdec/antenna/tag/e2806894000040038662114f, 93
1652705945.105124, sdrt-health/mac:02010b41cdec/antenna/tag/e2806894000040038662114f, 88
1652705945.115964, sdrt-health/mac:02010b41cdec/antenna/tag/e28068940000400386621d4f, 77
1652705945.169154, sdrt-health/mac:02010b41cdec/antenna/tag/e28068940000500386620d4f, 83
1652705945.253752, sdrt-health/mac:02010b41cdec/antenna/tag/e2806894000050038662154f, 83
1652705945.254278, sdrt-health/mac:02010b41cdec/antenna/tag/e2806894000050038661fd4f, 96
1652705945.306412, sdrt-health/mac:02010b41cdec/antenna/tag/e2806894000040038662114f, 85
1652705945.307007, sdrt-health/mac:02010b41cdec/antenna/tag/e28068940000500386620d4f, 93
1652705945.307347, sdrt-health/mac:02010b41cdec/antenna/tag/e2806894000050038662154f, 88
1652705945.309318, sdrt-health/mac:02010b41cdec/antenna/tag/e2806894000040038662114f, 88
1652705945.321024, sdrt-health/mac:02010b41cdec/antenna/tag/e28068940000400386621d4f, 90
1652705945.377411, sdrt-health/mac:02010b41cdec/antenna/tag/e28068940000400386621d4f, 90
1652705945.457938, sdrt-health/mac:02010b41cdec/antenna/tag/e28068940000400386621d4f, 90
1652705945.458448, sdrt-health/mac:02010b41cdec/antenna/tag/e2806894000040038662114f, 88
1652705945.513357, sdrt-health/mac:02010b41cdec/antenna/tag/e28068940000400386621d4f, 90
1652705945.595254, sdrt-health/mac:02010b41cdec/antenna/tag/e2806894000050038662194f, 88
1652705945.595804, sdrt-health/mac:02010b41cdec/antenna/tag/e2806894000050038661fd4f, 83
1652705945.648072, sdrt-health/mac:02010b41cdec/antenna/tag/e2806894000050038661fd4f, 83
1652705945.655983, sdrt-health/mac:02010b41cdec/antenna/tag/e28068940000400386621d4f, 96
1652705945.662633, sdrt-health/mac:02010b41cdec/antenna/tag/e2806894000040038662114f, 85
1652705945.663136, sdrt-health/mac:02010b41cdec/antenna/tag/e28068940000400386621d4f, 77
1652705945.716886, sdrt-health/mac:02010b41cdec/antenna/tag/e2806894000050038662154f, 93
1652705945.786968, sdrt-health/mac:02010b41cdec/antenna/tag/e2806894000040038662114f, 93
1652705945.78746, sdrt-health/mac:02010b41cdec/antenna/tag/e28068940000500386620d4f, 93
1652705945.787795, sdrt-health/mac:02010b41cdec/antenna/tag/e28068940000500386620d4f, 93
1652705945.802814, sdrt-health/mac:02010b41cdec/antenna/tag/e28068940000500386620d4f, 85
1652705945.879064, sdrt-health/mac:02010b41cdec/antenna/tag/e2806894000050038662154f, 91
1652705945.941735, sdrt-health/mac:02010b41cdec/antenna/tag/e2806894000050038662154f, 88
1652705945.942316, sdrt-health/mac:02010b41cdec/antenna/tag/e2806894000050038662154f, 85
1652705945.942732, sdrt-health/mac:02010b41cdec/antenna/tag/e28068940000400386621d4f, 90
1652705945.997093, sdrt-health/mac:02010b41cdec/antenna/tag/e28068940000500386620d4f, 85
1652705946.076672, sdrt-health/mac:02010b41cdec/antenna/tag/e2806894000050038662154f, 85
1652705946.077048, sdrt-health/mac:02010b41cdec/antenna/tag/e2806894000050038662154f, 85
1652705946.07727, sdrt-health/mac:02010b41cdec/antenna/tag/e28068940000500386620d4f, 93
1652705946.077477, sdrt-health/mac:02010b41cdec/antenna/tag/e2806894000040038662114f, 88
1652705946.077694, sdrt-health/mac:02010b41cdec/antenna/tag/e2806894000050038662154f, 93
1652705946.130521, sdrt-health/mac:02010b41cdec/antenna/tag/e28068940000400386621d4f, 90
1652705946.130993, sdrt-health/mac:02010b41cdec/antenna/tag/e28068940000500386620d4f, 85
1652705946.131342, sdrt-health/mac:02010b41cdec/antenna/tag/e2806894000040038662114f, 85
1652705946.147357, sdrt-health/mac:02010b41cdec/antenna/tag/e2806894000040038662114f, 85
1652705946.199763, sdrt-health/mac:02010b41cdec/antenna/tag/e2806894000040038662114f, 85
1652705946.268914, sdrt-health/mac:02010b41cdec/antenna/tag/e2806894000040038662114f, 85
1652705946.337295, sdrt-health/mac:02010b41cdec/antenna/tag/e28068940000500386620d4f, 93
1652705946.337837, sdrt-health/mac:02010b41cdec/antenna/tag/e28068940000500386620d4f, 87
1652705946.338171, sdrt-health/mac:02010b41cdec/antenna/tag/e2806894000050038662154f, 93
1652705946.352755, sdrt-health/mac:02010b41cdec/antenna/tag/e28068940000500386620d4f, 93
1652705946.353245, sdrt-health/mac:02010b41cdec/antenna/tag/e2806894000050038662194f, 83
1652705946.353631, sdrt-health/mac:02010b41cdec/antenna/tag/e2806894000050038661fd4f, 86
1652705946.35972, sdrt-health/mac:02010b41cdec/antenna/tag/e2806894000050038662194f, 94
1652705946.406082, sdrt-health/mac:02010b41cdec/antenna/tag/e28068940000400386621d4f, 90
1652705946.492978, sdrt-health/mac:02010b41cdec/antenna/tag/e2806894000050038662154f, 88
1652705946.493445, sdrt-health/mac:02010b41cdec/antenna/tag/e28068940000500386620d4f, 85
1652705946.545109, sdrt-health/mac:02010b41cdec/antenna/tag/e2806894000050038661fd4f, 90
1652705946.545549, sdrt-health/mac:02010b41cdec/antenna/tag/e28068940000500386620d4f, 85
1652705946.545908, sdrt-health/mac:02010b41cdec/antenna/tag/e2806894000040038662114f, 88
1652705946.562905, sdrt-health/mac:02010b41cdec/antenna/tag/e2806894000050038661fd4f, 90
1652705946.563309, sdrt-health/mac:02010b41cdec/antenna/tag/e2806894000050038662154f, 83
1652705946.613557, sdrt-health/mac:02010b41cdec/antenna/tag/e2806894000050038662154f, 87
1652705946.635177, sdrt-health/mac:02010b41cdec/antenna/tag/e2806894000050038661fd4f, 86
1652705946.685231, sdrt-health/mac:02010b41cdec/antenna/tag/e2806894000050038661fd4f, 86
1652705946.769087, sdrt-health/mac:02010b41cdec/antenna/tag/e2806894000040038662114f, 88
1652705946.769613, sdrt-health/mac:02010b41cdec/antenna/tag/e2806894000050038661fd4f, 86
1652705946.819661, sdrt-health/mac:02010b41cdec/antenna/tag/e2806894000050038662154f, 83
1652705946.851098, sdrt-health/mac:02010b41cdec/antenna/tag/e2806894000050038661fd4f, 83
1652705946.85181, sdrt-health/mac:02010b41cdec/antenna/tag/e2806894000040038662214f, 84
1652705946.86462, sdrt-health/mac:02010b41cdec/antenna/tag/e2806894000040038662114f, 85
1652705946.864847, sdrt-health/mac:02010b41cdec/antenna/tag/e28068940000500386620d4f, 93
1652705946.864964, sdrt-health/mac:02010b41cdec/antenna/tag/e2806894000040038661f94f, 94
1652705946.946938, sdrt-health/mac:02010b41cdec/antenna/tag/e2806894000050038662154f, 81
1652705947.016073, sdrt-health/mac:02010b41cdec/antenna/tag/e2806894000050038662154f, 87
1652705947.099074, sdrt-health/mac:02010b41cdec/antenna/tag/e2806894000050038662194f, 81
1652705947.099558, sdrt-health/mac:02010b41cdec/antenna/tag/e2806894000050038662194f, 83
1652705947.152513, sdrt-health/mac:02010b41cdec/antenna/tag/e2806894000040038662114f, 85
1652705947.22239, sdrt-health/mac:02010b41cdec/antenna/tag/e28068940000400386621d4f, 77
1652705947.222894, sdrt-health/mac:02010b41cdec/antenna/tag/e2806894000050038661fd4f, 86
1652705947.223233, sdrt-health/mac:02010b41cdec/antenna/tag/e2806894000050038662194f, 94
1652705947.2374, sdrt-health/mac:02010b41cdec/antenna/tag/e28068940000500386620d4f, 87
1652705947.237917, sdrt-health/mac:02010b41cdec/antenna/tag/e2806894000050038662154f, 93
1652705947.238409, sdrt-health/mac:02010b41cdec/antenna/tag/e2806894000040038662114f, 85
1652705947.291118, sdrt-health/mac:02010b41cdec/antenna/tag/e2806894000050038661fd4f, 86
1652705947.359669, sdrt-health/mac:02010b41cdec/antenna/tag/e2806894000040038662114f, 93
1652705947.367764, sdrt-health/mac:02010b41cdec/antenna/tag/e2806894000050038661fd4f, 86
1652705947.374124, sdrt-health/mac:02010b41cdec/antenna/tag/e2806894000050038662194f, 94
1652705947.428216, sdrt-health/mac:02010b41cdec/antenna/tag/e28068940000500386620d4f, 83
1652705947.500498, sdrt-health/mac:02010b41cdec/antenna/tag/e2806894000050038662154f, 81
1652705947.500992, sdrt-health/mac:02010b41cdec/antenna/tag/e28068940000400386621d4f, 90
1652705947.501361, sdrt-health/mac:02010b41cdec/antenna/tag/e2806894000050038661fd4f, 86
1652705947.515415, sdrt-health/mac:02010b41cdec/antenna/tag/e28068940000500386620d4f, 93
1652705947.563397, sdrt-health/mac:02010b41cdec/antenna/tag/e28068940000500386620d4f, 85
1652705947.632546, sdrt-health/mac:02010b41cdec/antenna/tag/e2806894000050038662194f, 81
1652705947.656932, sdrt-health/mac:02010b41cdec/antenna/tag/e28068940000500386620d4f, 93
1652705947.701672, sdrt-health/mac:02010b41cdec/antenna/tag/e2806894000040038662114f, 85
1652705947.787338, sdrt-health/mac:02010b41cdec/antenna/tag/e2806894000050038662194f, 81
1652705947.787866, sdrt-health/mac:02010b41cdec/antenna/tag/e28068940000500386620d4f, 83
1652705947.788242, sdrt-health/mac:02010b41cdec/antenna/tag/e2806894000050038662194f, 81
1652705947.840151, sdrt-health/mac:02010b41cdec/antenna/tag/e28068940000400386621d4f, 77
1652705947.840648, sdrt-health/mac:02010b41cdec/antenna/tag/e2806894000040038662114f, 85
1652705947.841014, sdrt-health/mac:02010b41cdec/antenna/tag/e2806894000040038662114f, 85
1652705947.855521, sdrt-health/mac:02010b41cdec/antenna/tag/e28068940000400386621d4f, 90
1652705947.907568, sdrt-health/mac:02010b41cdec/antenna/tag/e2806894000050038661fd4f, 90
1652705947.969319, sdrt-health/mac:02010b41cdec/antenna/tag/e28068940000500386620d4f, 85
1652705947.969805, sdrt-health/mac:02010b41cdec/antenna/tag/e28068940000500386620d4f, 93
1652705948.031535, sdrt-health/mac:02010b41cdec/antenna/tag/e2806894000050038662154f, 87
1652705948.092013, sdrt-health/mac:02010b41cdec/antenna/tag/e2806894000050038661fd4f, 86
1652705948.259957, sdrt-health/mac:02010b41cdec/antenna/tag/e2806894000040038662114f, 88
1652705948.26048, sdrt-health/mac:02010b41cdec/antenna/tag/e2806894000050038662194f, 88
1652705948.261086, sdrt-health/mac:02010b41cdec/antenna/tag/e2806894000050038662154f, 83
1652705948.261408, sdrt-health/mac:02010b41cdec/antenna/tag/e2806894000040038662114f, 85
1652705948.261736, sdrt-health/mac:02010b41cdec/antenna/tag/e2806894000040038662114f, 85
1652705948.393831, sdrt-health/mac:02010b41cdec/antenna/tag/e2806894000050038662154f, 87
1652705948.573021, sdrt-health/mac:02010b41cdec/antenna/tag/e2806894000040038662114f, 85
1652705948.573525, sdrt-health/mac:02010b41cdec/antenna/tag/e2806894000040038662114f, 88
1652705948.57386, sdrt-health/mac:02010b41cdec/antenna/tag/e2806894000050038662154f, 87
1652705948.574232, sdrt-health/mac:02010b41cdec/antenna/tag/e2806894000050038662154f, 81
1652705948.574729, sdrt-health/mac:02010b41cdec/antenna/tag/e2806894000050038662194f, 81
1652705948.595161, sdrt-health/mac:02010b41cdec/antenna/tag/e2806894000050038662194f, 87
1652705948.664542, sdrt-health/mac:02010b41cdec/antenna/tag/e28068940000400386621d4f, 77
1652705948.665044, sdrt-health/mac:02010b41cdec/antenna/tag/e2806894000040038662114f, 85
1652705948.665376, sdrt-health/mac:02010b41cdec/antenna/tag/e28068940000400386621d4f, 96
1652705948.665691, sdrt-health/mac:02010b41cdec/antenna/tag/e2806894000050038661fd4f, 86
1652705948.717904, sdrt-health/mac:02010b41cdec/antenna/tag/e2806894000050038661fd4f, 83
1652705948.748503, sdrt-health/mac:02010b41cdec/antenna/tag/e2806894000040038662114f, 85
1652705948.748752, sdrt-health/mac:02010b41cdec/antenna/tag/e2806894000050038662194f, 81
1652705948.748923, sdrt-health/mac:02010b41cdec/antenna/tag/e28068940000500386620d4f, 85
1652705948.781939, sdrt-health/mac:02010b41cdec/antenna/tag/e28068940000500386620d4f, 93
1652705948.831694, sdrt-health/mac:02010b41cdec/antenna/tag/e28068940000400386621d4f, 90
1652705948.83223, sdrt-health/mac:02010b41cdec/antenna/tag/e28068940000400386621d4f, 96
1652705948.854084, sdrt-health/mac:02010b41cdec/antenna/tag/e2806894000040038662114f, 88
1652705948.887563, sdrt-health/mac:02010b41cdec/antenna/tag/e2806894000050038661fd4f, 86
1652705948.887973, sdrt-health/mac:02010b41cdec/antenna/tag/e28068940000400386621d4f, 90
1652705948.903983, sdrt-health/mac:02010b41cdec/antenna/tag/e28068940000400386621d4f, 90
1652705948.935735, sdrt-health/mac:02010b41cdec/antenna/tag/e2806894000050038661fd4f, 90
1652705949.004282, sdrt-health/mac:02010b41cdec/antenna/tag/e28068940000400386621d4f, 90
1652705949.004768, sdrt-health/mac:02010b41cdec/antenna/tag/e28068940000400386621d4f, 96
1652705949.019918, sdrt-health/mac:02010b41cdec/antenna/tag/e28068940000500386620d4f, 85
1652705949.045749, sdrt-health/mac:02010b41cdec/antenna/tag/e2806894000050038662194f, 81
1652705949.076255, sdrt-health/mac:02010b41cdec/antenna/tag/e28068940000400386621d4f, 90
1652705949.076514, sdrt-health/mac:02010b41cdec/antenna/tag/e28068940000500386620d4f, 93
1652705949.103676, sdrt-health/mac:02010b41cdec/antenna/tag/e2806894000050038661fd4f, 86
1652705949.176299, sdrt-health/mac:02010b41cdec/antenna/tag/e28068940000400386621d4f, 96
1652705949.176634, sdrt-health/mac:02010b41cdec/antenna/tag/e2806894000050038662154f, 85
1652705949.191701, sdrt-health/mac:02010b41cdec/antenna/tag/e2806894000050038662154f, 85
1652705949.195728, sdrt-health/mac:02010b41cdec/antenna/tag/e2806894000050038661fd4f, 86
1652705949.296821, sdrt-health/mac:02010b41cdec/antenna/tag/e28068940000500386620d4f, 87
1652705949.359161, sdrt-health/mac:02010b41cdec/antenna/tag/e28068940000400386621d4f, 96
1652705949.43423, sdrt-health/mac:02010b41cdec/antenna/tag/e28068940000400386621d4f, 96
1652705949.558023, sdrt-health/mac:02010b41cdec/antenna/tag/e2806894000040038662114f, 85
1652705949.799337, sdrt-health/mac:02010b41cdec/antenna/tag/e28068940000400386621d4f, 96
1652705949.799787, sdrt-health/mac:02010b41cdec/antenna/tag/e2806894000040038662114f, 85
1652705949.858149, sdrt-health/mac:02010b41cdec/antenna/tag/e2806894000040038662114f, 88
1652705949.85861, sdrt-health/mac:02010b41cdec/antenna/tag/e28068940000400386621d4f, 90
1652705949.858979, sdrt-health/mac:02010b41cdec/antenna/tag/e2806894000040038662114f, 88
1652705949.905418, sdrt-health/mac:02010b41cdec/antenna/tag/e2806894000050038662154f, 93
1652705949.936098, sdrt-health/mac:02010b41cdec/antenna/tag/e28068940000400386621d4f, 96
1652705949.936513, sdrt-health/mac:02010b41cdec/antenna/tag/e2806894000050038661fd4f, 86
1652705949.93672, sdrt-health/mac:02010b41cdec/antenna/tag/e28068940000500386620d4f, 87
1652705949.936933, sdrt-health/mac:02010b41cdec/antenna/tag/e2806894000040038662114f, 85
1652705949.937135, sdrt-health/mac:02010b41cdec/antenna/tag/e28068940000400386621d4f, 96
1652705949.937339, sdrt-health/mac:02010b41cdec/antenna/tag/e28068940000400386621d4f, 90
1652705949.937557, sdrt-health/mac:02010b41cdec/antenna/tag/e2806894000050038661fd4f, 86
1652705949.937744, sdrt-health/mac:02010b41cdec/antenna/tag/e28068940000400386621d4f, 90
1652705949.937923, sdrt-health/mac:02010b41cdec/antenna/tag/e28068940000500386620d4f, 93
1652705949.938121, sdrt-health/mac:02010b41cdec/antenna/tag/e2806894000050038661fd4f, 90
1652705949.97565, sdrt-health/mac:02010b41cdec/antenna/tag/e2806894000040038662114f, 85
1652705950.014205, sdrt-health/mac:02010b41cdec/antenna/tag/e28068940000400386621d4f, 90
1652705950.054827, sdrt-health/mac:02010b41cdec/antenna/tag/e2806894000040038662114f, 85
1652705950.111755, sdrt-health/mac:02010b41cdec/antenna/tag/e28068940000400386621d4f, 96
1652705950.112281, sdrt-health/mac:02010b41cdec/antenna/tag/e28068940000400386621d4f, 90
1652705950.146049, sdrt-health/mac:02010b41cdec/antenna/tag/e28068940000500386620d4f, 85
1652705950.189209, sdrt-health/mac:02010b41cdec/antenna/tag/e2806894000040038662114f, 93
1652705950.236057, sdrt-health/mac:02010b41cdec/antenna/tag/e2806894000050038662154f, 87
1652705950.277487, sdrt-health/mac:02010b41cdec/antenna/tag/e2806894000040038662214f, 94
1652705950.341318, sdrt-health/mac:02010b41cdec/antenna/tag/e2806894000040038662114f, 88
1652705950.341824, sdrt-health/mac:02010b41cdec/antenna/tag/e28068940000400386621d4f, 90
1652705950.356193, sdrt-health/mac:02010b41cdec/antenna/tag/e2806894000040038662114f, 88
1652705950.390633, sdrt-health/mac:02010b41cdec/antenna/tag/e28068940000500386620d4f, 93
1652705950.39094, sdrt-health/mac:02010b41cdec/antenna/tag/e28068940000400386621d4f, 90
1652705950.40742, sdrt-health/mac:02010b41cdec/antenna/tag/e2806894000050038662154f, 85
1652705950.407725, sdrt-health/mac:02010b41cdec/antenna/tag/e28068940000400386621d4f, 90
1652705950.438618, sdrt-health/mac:02010b41cdec/antenna/tag/e28068940000400386621d4f, 90
1652705950.473699, sdrt-health/mac:02010b41cdec/antenna/tag/e2806894000050038662194f, 83
1652705950.474054, sdrt-health/mac:02010b41cdec/antenna/tag/e2806894000050038662154f, 93
1652705950.489413, sdrt-health/mac:02010b41cdec/antenna/tag/e28068940000400386621d4f, 90
1652705950.489756, sdrt-health/mac:02010b41cdec/antenna/tag/e28068940000500386620d4f, 93
1652705950.489989, sdrt-health/mac:02010b41cdec/antenna/tag/e28068940000400386621d4f, 90
1652705950.555717, sdrt-health/mac:02010b41cdec/antenna/tag/e28068940000500386620d4f, 83
1652705950.588566, sdrt-health/mac:02010b41cdec/antenna/tag/e2806894000050038662194f, 83
1652705950.5892, sdrt-health/mac:02010b41cdec/antenna/tag/e2806894000050038662194f, 81
1652705950.60464, sdrt-health/mac:02010b41cdec/antenna/tag/e28068940000400386621d4f, 90
1652705950.693395, sdrt-health/mac:02010b41cdec/antenna/tag/e2806894000050038662154f, 85
1652705950.693933, sdrt-health/mac:02010b41cdec/antenna/tag/e2806894000050038661fd4f, 86
1652705950.709212, sdrt-health/mac:02010b41cdec/antenna/tag/e2806894000050038661fd4f, 90
1652705950.71451, sdrt-health/mac:02010b41cdec/antenna/tag/e2806894000050038661fd4f, 86
1652705950.723702, sdrt-health/mac:02010b41cdec/antenna/tag/e2806894000040038661f94f, 81
1652705950.723911, sdrt-health/mac:02010b41cdec/antenna/tag/e28068940000500386620d4f, 85
1652705950.819091, sdrt-health/mac:02010b41cdec/antenna/tag/e2806894000050038661fd4f, 86
1652705950.957448, sdrt-health/mac:02010b41cdec/antenna/tag/e2806894000050038662154f, 87
1652705950.957938, sdrt-health/mac:02010b41cdec/antenna/tag/e2806894000050038661fd4f, 86
1652705951.078032, sdrt-health/mac:02010b41cdec/antenna/tag/e28068940000400386621d4f, 96
1652705951.078509, sdrt-health/mac:02010b41cdec/antenna/tag/e28068940000500386620d4f, 88
1652705951.078905, sdrt-health/mac:02010b41cdec/antenna/tag/e28068940000500386620d4f, 85
1652705951.198697, sdrt-health/mac:02010b41cdec/antenna/tag/e2806894000040038662114f, 85
1652705951.19923, sdrt-health/mac:02010b41cdec/antenna/tag/e2806894000050038661fd4f, 86
1652705951.19961, sdrt-health/mac:02010b41cdec/antenna/tag/e28068940000500386620d4f, 85
1652705951.200002, sdrt-health/mac:02010b41cdec/antenna/tag/e28068940000500386620d4f, 88
1652705951.229744, sdrt-health/mac:02010b41cdec/antenna/tag/e28068940000500386620d4f, 87
1652705951.267797, sdrt-health/mac:02010b41cdec/antenna/tag/e2806894000050038661fd4f, 83
1652705951.268394, sdrt-health/mac:02010b41cdec/antenna/tag/e2806894000040038661f94f, 81
1652705951.331036, sdrt-health/mac:02010b41cdec/antenna/tag/e28068940000500386620d4f, 87
1652705951.345221, sdrt-health/mac:02010b41cdec/antenna/tag/e2806894000050038662154f, 87
1652705951.345556, sdrt-health/mac:02010b41cdec/antenna/tag/e28068940000500386620d4f, 85
1652705951.345768, sdrt-health/mac:02010b41cdec/antenna/tag/e2806894000050038661fd4f, 90
1652705951.345968, sdrt-health/mac:02010b41cdec/antenna/tag/e2806894000050038661fd4f, 90
1652705951.346165, sdrt-health/mac:02010b41cdec/antenna/tag/e2806894000050038662194f, 81
1652705951.346363, sdrt-health/mac:02010b41cdec/antenna/tag/e2806894000040038662114f, 85
1652705951.346558, sdrt-health/mac:02010b41cdec/antenna/tag/e2806894000050038662154f, 88
1652705951.390742, sdrt-health/mac:02010b41cdec/antenna/tag/e2806894000050038662154f, 85
1652705951.471302, sdrt-health/mac:02010b41cdec/antenna/tag/e2806894000050038661fd4f, 90
1652705951.47186, sdrt-health/mac:02010b41cdec/antenna/tag/e28068940000400386621d4f, 96
1652705951.472203, sdrt-health/mac:02010b41cdec/antenna/tag/e28068940000500386620d4f, 87
1652705951.505642, sdrt-health/mac:02010b41cdec/antenna/tag/e28068940000400386621d4f, 86
1652705951.610819, sdrt-health/mac:02010b41cdec/antenna/tag/e28068940000500386620d4f, 85
1652705951.611348, sdrt-health/mac:02010b41cdec/antenna/tag/e28068940000400386621d4f, 90
1652705951.625725, sdrt-health/mac:02010b41cdec/antenna/tag/e28068940000500386620d4f, 87
1652705951.638852, sdrt-health/mac:02010b41cdec/antenna/tag/e2806894000050038662154f, 88
1652705951.756803, sdrt-health/mac:02010b41cdec/antenna/tag/e28068940000500386620d4f, 87
1652705951.757345, sdrt-health/mac:02010b41cdec/antenna/tag/e2806894000050038662154f, 88
1652705951.804497, sdrt-health/mac:02010b41cdec/antenna/tag/e28068940000500386620d4f, 93
1652705951.845891, sdrt-health/mac:02010b41cdec/antenna/tag/e2806894000050038662154f, 85
1652705951.895389, sdrt-health/mac:02010b41cdec/antenna/tag/e2806894000040038662114f, 88
1652705951.952114, sdrt-health/mac:02010b41cdec/antenna/tag/e28068940000400386621d4f, 90
1652705951.952691, sdrt-health/mac:02010b41cdec/antenna/tag/e2806894000040038662114f, 88
1652705951.968031, sdrt-health/mac:02010b41cdec/antenna/tag/e2806894000050038661fd4f, 86
1652705951.999349, sdrt-health/mac:02010b41cdec/antenna/tag/e2806894000050038662154f, 85
1652705951.999814, sdrt-health/mac:02010b41cdec/antenna/tag/e2806894000050038662154f, 83
1652705952.000191, sdrt-health/mac:02010b41cdec/antenna/tag/e28068940000400386621d4f, 77
1652705952.015451, sdrt-health/mac:02010b41cdec/antenna/tag/e2806894000040038661f94f, 84
1652705952.07438, sdrt-health/mac:02010b41cdec/antenna/tag/e2806894000050038662154f, 83
1652705952.074814, sdrt-health/mac:02010b41cdec/antenna/tag/e2806894000050038661fd4f, 83
1652705952.117871, sdrt-health/mac:02010b41cdec/antenna/tag/e28068940000500386620d4f, 87
1652705952.240946, sdrt-health/mac:02010b41cdec/antenna/tag/e28068940000400386621d4f, 96
1652705952.285168, sdrt-health/mac:02010b41cdec/antenna/tag/e2806894000050038661fd4f, 83
1652705952.285549, sdrt-health/mac:02010b41cdec/antenna/tag/e2806894000050038662154f, 83
1652705952.32825, sdrt-health/mac:02010b41cdec/antenna/tag/e2806894000040038661f94f, 84
1652705952.328746, sdrt-health/mac:02010b41cdec/antenna/tag/e2806894000040038662114f, 88
1652705952.329074, sdrt-health/mac:02010b41cdec/antenna/tag/e28068940000500386620d4f, 85
1652705952.329413, sdrt-health/mac:02010b41cdec/antenna/tag/e28068940000400386621d4f, 96
1652705952.329726, sdrt-health/mac:02010b41cdec/antenna/tag/e2806894000040038662114f, 85
1652705952.496873, sdrt-health/mac:02010b41cdec/antenna/tag/e28068940000400386621d4f, 96
1652705952.662649, sdrt-health/mac:02010b41cdec/antenna/tag/e2806894000040038662114f, 85
1652705952.663171, sdrt-health/mac:02010b41cdec/antenna/tag/e28068940000400386621d4f, 90
1652705952.663548, sdrt-health/mac:02010b41cdec/antenna/tag/e2806894000050038661fd4f, 86
1652705952.685288, sdrt-health/mac:02010b41cdec/antenna/tag/e28068940000400386621d4f, 90
1652705952.685886, sdrt-health/mac:02010b41cdec/antenna/tag/e2806894000040038662114f, 85
1652705952.686434, sdrt-health/mac:02010b41cdec/antenna/tag/e2806894000050038662194f, 81
1652705952.687041, sdrt-health/mac:02010b41cdec/antenna/tag/e2806894000050038662154f, 93
1652705952.706096, sdrt-health/mac:02010b41cdec/antenna/tag/e28068940000500386620d4f, 85
1652705952.737332, sdrt-health/mac:02010b41cdec/antenna/tag/e28068940000400386621d4f, 77
1652705952.737821, sdrt-health/mac:02010b41cdec/antenna/tag/e2806894000050038662154f, 83
1652705952.751599, sdrt-health/mac:02010b41cdec/antenna/tag/e28068940000500386620d4f, 87
1652705952.795912, sdrt-health/mac:02010b41cdec/antenna/tag/e28068940000400386621d4f, 96
1652705952.856209, sdrt-health/mac:02010b41cdec/antenna/tag/e2806894000040038662114f, 88
1652705952.856739, sdrt-health/mac:02010b41cdec/antenna/tag/e2806894000050038662154f, 93
1652705952.870871, sdrt-health/mac:02010b41cdec/antenna/tag/e28068940000400386621d4f, 90
1652705952.871541, sdrt-health/mac:02010b41cdec/antenna/tag/e2806894000040038662114f, 88
1652705952.919107, sdrt-health/mac:02010b41cdec/antenna/tag/e2806894000040038662114f, 93
1652705952.965826, sdrt-health/mac:02010b41cdec/antenna/tag/e28068940000400386621d4f, 90
1652705953.031959, sdrt-health/mac:02010b41cdec/antenna/tag/e2806894000050038661fd4f, 86
1652705953.03249, sdrt-health/mac:02010b41cdec/antenna/tag/e28068940000400386621d4f, 90
1652705953.055909, sdrt-health/mac:02010b41cdec/antenna/tag/e2806894000050038662194f, 84
1652705953.087746, sdrt-health/mac:02010b41cdec/antenna/tag/e2806894000050038662154f, 93
1652705953.088213, sdrt-health/mac:02010b41cdec/antenna/tag/e28068940000400386621d4f, 96
1652705953.10625, sdrt-health/mac:02010b41cdec/antenna/tag/e2806894000040038662114f, 85
1652705953.167302, sdrt-health/mac:02010b41cdec/antenna/tag/e28068940000400386621d4f, 96
1652705953.167811, sdrt-health/mac:02010b41cdec/antenna/tag/e2806894000040038662114f, 85
1652705953.197424, sdrt-health/mac:02010b41cdec/antenna/tag/e28068940000500386620d4f, 85
1652705953.229122, sdrt-health/mac:02010b41cdec/antenna/tag/e2806894000050038661fd4f, 86
1652705953.229359, sdrt-health/mac:02010b41cdec/antenna/tag/e28068940000400386621d4f, 90
1652705953.244437, sdrt-health/mac:02010b41cdec/antenna/tag/e2806894000040038662114f, 91
1652705953.285507, sdrt-health/mac:02010b41cdec/antenna/tag/e28068940000500386620d4f, 93
1652705953.334722, sdrt-health/mac:02010b41cdec/antenna/tag/e2806894000040038662214f, 88
1652705953.390674, sdrt-health/mac:02010b41cdec/antenna/tag/e28068940000400386621d4f, 77
1652705953.39117, sdrt-health/mac:02010b41cdec/antenna/tag/e28068940000400386621d4f, 77
1652705953.426036, sdrt-health/mac:02010b41cdec/antenna/tag/e2806894000040038662114f, 93
1652705953.474365, sdrt-health/mac:02010b41cdec/antenna/tag/e2806894000050038661fd4f, 86
1652705953.590757, sdrt-health/mac:02010b41cdec/antenna/tag/e2806894000040038662114f, 85
1652705953.591287, sdrt-health/mac:02010b41cdec/antenna/tag/e28068940000500386620d4f, 87
1652705953.66393, sdrt-health/mac:02010b41cdec/antenna/tag/e2806894000050038662194f, 81
1652705953.664519, sdrt-health/mac:02010b41cdec/antenna/tag/e28068940000400386621d4f, 77
1652705953.665, sdrt-health/mac:02010b41cdec/antenna/tag/e2806894000050038662194f, 81
1652705953.665461, sdrt-health/mac:02010b41cdec/antenna/tag/e2806894000040038662114f, 88
1652705953.748482, sdrt-health/mac:02010b41cdec/antenna/tag/e2806894000050038662154f, 83
1652705953.85482, sdrt-health/mac:02010b41cdec/antenna/tag/e2806894000050038661fd4f, 86
1652705953.855323, sdrt-health/mac:02010b41cdec/antenna/tag/e28068940000400386621d4f, 90
1652705953.85566, sdrt-health/mac:02010b41cdec/antenna/tag/e28068940000500386620d4f, 85
1652705953.966781, sdrt-health/mac:02010b41cdec/antenna/tag/e2806894000040038662114f, 93
1652705953.967384, sdrt-health/mac:02010b41cdec/antenna/tag/e2806894000050038662154f, 88
1652705953.967914, sdrt-health/mac:02010b41cdec/antenna/tag/e28068940000500386620d4f, 87
1652705953.968417, sdrt-health/mac:02010b41cdec/antenna/tag/e28068940000500386620d4f, 85
1652705953.968821, sdrt-health/mac:02010b41cdec/antenna/tag/e2806894000050038662194f, 82
1652705953.992069, sdrt-health/mac:02010b41cdec/antenna/tag/e28068940000500386620d4f, 83
1652705954.083201, sdrt-health/mac:02010b41cdec/antenna/tag/e2806894000040038662114f, 85
1652705954.083657, sdrt-health/mac:02010b41cdec/antenna/tag/e28068940000400386621d4f, 77
1652705954.084067, sdrt-health/mac:02010b41cdec/antenna/tag/e2806894000050038662154f, 88
1652705954.152345, sdrt-health/mac:02010b41cdec/antenna/tag/e28068940000500386620d4f, 85
1652705954.155885, sdrt-health/mac:02010b41cdec/antenna/tag/e28068940000500386620d4f, 85
1652705954.156389, sdrt-health/mac:02010b41cdec/antenna/tag/e2806894000050038662154f, 93
1652705954.156818, sdrt-health/mac:02010b41cdec/antenna/tag/e28068940000500386620d4f, 87
1652705954.157331, sdrt-health/mac:02010b41cdec/antenna/tag/e2806894000040038662114f, 88
1652705954.157852, sdrt-health/mac:02010b41cdec/antenna/tag/e2806894000040038662114f, 88
1652705954.158308, sdrt-health/mac:02010b41cdec/antenna/tag/e28068940000500386620d4f, 93
1652705954.199868, sdrt-health/mac:02010b41cdec/antenna/tag/e2806894000050038662154f, 85
1652705954.229689, sdrt-health/mac:02010b41cdec/antenna/tag/e2806894000050038662154f, 93
1652705954.2301, sdrt-health/mac:02010b41cdec/antenna/tag/e2806894000040038662114f, 88
1652705954.247434, sdrt-health/mac:02010b41cdec/antenna/tag/e2806894000050038662154f, 87
1652705954.294605, sdrt-health/mac:02010b41cdec/antenna/tag/e2806894000050038662194f, 84
1652705954.336614, sdrt-health/mac:02010b41cdec/antenna/tag/e2806894000050038661fd4f, 90
1652705954.385687, sdrt-health/mac:02010b41cdec/antenna/tag/e28068940000400386621d4f, 90
1652705954.483855, sdrt-health/mac:02010b41cdec/antenna/tag/e2806894000050038661fd4f, 86
1652705954.48441, sdrt-health/mac:02010b41cdec/antenna/tag/e28068940000400386621d4f, 90
1652705954.500042, sdrt-health/mac:02010b41cdec/antenna/tag/e2806894000050038662154f, 85
1652705954.500449, sdrt-health/mac:02010b41cdec/antenna/tag/e2806894000050038662194f, 81
1652705954.500781, sdrt-health/mac:02010b41cdec/antenna/tag/e2806894000050038662154f, 87
1652705954.536451, sdrt-health/mac:02010b41cdec/antenna/tag/e28068940000500386620d4f, 93
1652705954.567553, sdrt-health/mac:02010b41cdec/antenna/tag/e2806894000050038662154f, 85
1652705954.568719, sdrt-health/mac:02010b41cdec/antenna/tag/e28068940000400386621d4f, 90
1652705954.569171, sdrt-health/mac:02010b41cdec/antenna/tag/e2806894000050038661fd4f, 90
1652705954.569549, sdrt-health/mac:02010b41cdec/antenna/tag/e2806894000050038662154f, 93
1652705954.590588, sdrt-health/mac:02010b41cdec/antenna/tag/e28068940000400386621d4f, 96
1652705954.635983, sdrt-health/mac:02010b41cdec/antenna/tag/e28068940000400386621d4f, 96
1652705954.696332, sdrt-health/mac:02010b41cdec/antenna/tag/e2806894000040038662114f, 88
1652705954.696796, sdrt-health/mac:02010b41cdec/antenna/tag/e2806894000050038662154f, 81
1652705954.712268, sdrt-health/mac:02010b41cdec/antenna/tag/e2806894000050038662194f, 94
1652705954.724635, sdrt-health/mac:02010b41cdec/antenna/tag/e28068940000500386620d4f, 93
1652705954.775642, sdrt-health/mac:02010b41cdec/antenna/tag/e2806894000050038662154f, 93
1652705954.81583, sdrt-health/mac:02010b41cdec/antenna/tag/e2806894000050038662154f, 87
1652705954.872999, sdrt-health/mac:02010b41cdec/antenna/tag/e28068940000400386621d4f, 96
1652705954.873562, sdrt-health/mac:02010b41cdec/antenna/tag/e28068940000400386621d4f, 77
1652705954.910733, sdrt-health/mac:02010b41cdec/antenna/tag/e28068940000400386621d4f, 77
1652705954.970069, sdrt-health/mac:02010b41cdec/antenna/tag/e2806894000040038662114f, 85
1652705954.970556, sdrt-health/mac:02010b41cdec/antenna/tag/e2806894000050038662154f, 83
1652705954.985197, sdrt-health/mac:02010b41cdec/antenna/tag/e2806894000040038662114f, 85
1652705955.015915, sdrt-health/mac:02010b41cdec/antenna/tag/e2806894000040038662114f, 85
1652705955.070707, sdrt-health/mac:02010b41cdec/antenna/tag/e2806894000050038661fd4f, 86
1652705955.07116, sdrt-health/mac:02010b41cdec/antenna/tag/e2806894000050038661fd4f, 86
1652705955.105618, sdrt-health/mac:02010b41cdec/antenna/tag/e2806894000050038662154f, 83
1652705955.159102, sdrt-health/mac:02010b41cdec/antenna/tag/e28068940000500386620d4f, 87
1652705955.221787, sdrt-health/mac:02010b41cdec/antenna/tag/e2806894000050038661fd4f, 86
1652705955.222275, sdrt-health/mac:02010b41cdec/antenna/tag/e2806894000040038662114f, 85
1652705955.255509, sdrt-health/mac:02010b41cdec/antenna/tag/e28068940000500386620d4f, 87
1652705955.318216, sdrt-health/mac:02010b41cdec/antenna/tag/e28068940000500386620d4f, 93
1652705955.373285, sdrt-health/mac:02010b41cdec/antenna/tag/e2806894000050038661fd4f, 90
1652705955.373747, sdrt-health/mac:02010b41cdec/antenna/tag/e28068940000400386621d4f, 90
1652705955.387287, sdrt-health/mac:02010b41cdec/antenna/tag/e2806894000050038661fd4f, 90
1652705955.398311, sdrt-health/mac:02010b41cdec/antenna/tag/e2806894000040038662114f, 88
1652705955.402468, sdrt-health/mac:02010b41cdec/antenna/tag/e28068940000500386620d4f, 85
1652705955.459827, sdrt-health/mac:02010b41cdec/antenna/tag/e28068940000500386620d4f, 93
1652705955.541222, sdrt-health/mac:02010b41cdec/antenna/tag/e28068940000400386621d4f, 90
1652705955.541802, sdrt-health/mac:02010b41cdec/antenna/tag/e2806894000050038662194f, 81
1652705955.542189, sdrt-health/mac:02010b41cdec/antenna/tag/e2806894000050038661fd4f, 90
1652705955.574753, sdrt-health/mac:02010b41cdec/antenna/tag/e2806894000040038662114f, 88
1652705955.621417, sdrt-health/mac:02010b41cdec/antenna/tag/e28068940000500386620d4f, 87
1652705955.645257, sdrt-health/mac:02010b41cdec/antenna/tag/e28068940000500386620d4f, 85
1652705955.687627, sdrt-health/mac:02010b41cdec/antenna/tag/e28068940000500386620d4f, 93
1652705955.753438, sdrt-health/mac:02010b41cdec/antenna/tag/e2806894000050038662154f, 85
1652705955.753945, sdrt-health/mac:02010b41cdec/antenna/tag/e28068940000400386621d4f, 96
1652705955.790602, sdrt-health/mac:02010b41cdec/antenna/tag/e28068940000400386621d4f, 96
1652705955.823542, sdrt-health/mac:02010b41cdec/antenna/tag/e2806894000050038662154f, 81
1652705955.823849, sdrt-health/mac:02010b41cdec/antenna/tag/e28068940000400386621d4f, 77
1652705955.824063, sdrt-health/mac:02010b41cdec/antenna/tag/e2806894000050038662154f, 83
1652705955.93471, sdrt-health/mac:02010b41cdec/antenna/tag/e28068940000500386620d4f, 85
1652705955.975607, sdrt-health/mac:02010b41cdec/antenna/tag/e2806894000050038661fd4f, 86
1652705956.017262, sdrt-health/mac:02010b41cdec/antenna/tag/e28068940000500386620d4f, 93
1652705956.071001, sdrt-health/mac:02010b41cdec/antenna/tag/e2806894000050038662154f, 87
1652705956.071468, sdrt-health/mac:02010b41cdec/antenna/tag/e2806894000050038662194f, 87
1652705956.09666, sdrt-health/mac:02010b41cdec/antenna/tag/e2806894000050038661fd4f, 86
1652705956.136065, sdrt-health/mac:02010b41cdec/antenna/tag/e2806894000050038661fd4f, 90
1652705956.176342, sdrt-health/mac:02010b41cdec/antenna/tag/e2806894000050038661fd4f, 86
1652705956.208317, sdrt-health/mac:02010b41cdec/antenna/tag/e2806894000050038662154f, 85
1652705956.20865, sdrt-health/mac:02010b41cdec/antenna/tag/e2806894000040038662114f, 88
1652705956.222788, sdrt-health/mac:02010b41cdec/antenna/tag/e28068940000500386620d4f, 85
1652705956.298041, sdrt-health/mac:02010b41cdec/antenna/tag/e2806894000050038662154f, 85
1652705956.358859, sdrt-health/mac:02010b41cdec/antenna/tag/e28068940000400386621d4f, 96
1652705956.42894, sdrt-health/mac:02010b41cdec/antenna/tag/e2806894000040038662114f, 88
1652705956.429495, sdrt-health/mac:02010b41cdec/antenna/tag/e2806894000040038662114f, 88
1652705956.466308, sdrt-health/mac:02010b41cdec/antenna/tag/e28068940000400386621d4f, 90
1652705956.527289, sdrt-health/mac:02010b41cdec/antenna/tag/e2806894000050038662154f, 85
1652705956.5278, sdrt-health/mac:02010b41cdec/antenna/tag/e28068940000500386620d4f, 85
1652705956.556109, sdrt-health/mac:02010b41cdec/antenna/tag/e2806894000040038662114f, 88
1652705956.597428, sdrt-health/mac:02010b41cdec/antenna/tag/e2806894000050038661fd4f, 86
1652705956.67291, sdrt-health/mac:02010b41cdec/antenna/tag/e28068940000400386621d4f, 86
1652705956.673537, sdrt-health/mac:02010b41cdec/antenna/tag/e2806894000040038661f94f, 94
1652705956.696171, sdrt-health/mac:02010b41cdec/antenna/tag/e2806894000040038662214f, 84
1652705956.734374, sdrt-health/mac:02010b41cdec/antenna/tag/e28068940000500386620d4f, 85
1652705956.761668, sdrt-health/mac:02010b41cdec/antenna/tag/e2806894000050038662154f, 85
1652705956.762012, sdrt-health/mac:02010b41cdec/antenna/tag/e2806894000050038661fd4f, 83
1652705956.809851, sdrt-health/mac:02010b41cdec/antenna/tag/e2806894000040038662114f, 88
1652705956.854574, sdrt-health/mac:02010b41cdec/antenna/tag/e2806894000050038662154f, 85
1652705956.887637, sdrt-health/mac:02010b41cdec/antenna/tag/e28068940000500386620d4f, 93
1652705956.888077, sdrt-health/mac:02010b41cdec/antenna/tag/e28068940000400386621d4f, 90
1652705956.948864, sdrt-health/mac:02010b41cdec/antenna/tag/e2806894000050038662154f, 85
1652705956.980777, sdrt-health/mac:02010b41cdec/antenna/tag/e28068940000500386620d4f, 87
1652705956.981219, sdrt-health/mac:02010b41cdec/antenna/tag/e2806894000040038662114f, 85
1652705956.997729, sdrt-health/mac:02010b41cdec/antenna/tag/e28068940000400386621d4f, 90
1652705957.045714, sdrt-health/mac:02010b41cdec/antenna/tag/e2806894000050038661fd4f, 86
1652705957.117047, sdrt-health/mac:02010b41cdec/antenna/tag/e2806894000050038661fd4f, 90
1652705957.176392, sdrt-health/mac:02010b41cdec/antenna/tag/e2806894000040038662114f, 91
1652705957.176951, sdrt-health/mac:02010b41cdec/antenna/tag/e2806894000050038662154f, 85
1652705957.191313, sdrt-health/mac:02010b41cdec/antenna/tag/e2806894000040038662114f, 88
1652705957.206409, sdrt-health/mac:02010b41cdec/antenna/tag/e28068940000500386620d4f, 93
1652705957.255703, sdrt-health/mac:02010b41cdec/antenna/tag/e2806894000050038661fd4f, 86
1652705957.295171, sdrt-health/mac:02010b41cdec/antenna/tag/e28068940000400386621d4f, 77
1652705957.336293, sdrt-health/mac:02010b41cdec/antenna/tag/e28068940000500386620d4f, 88
1652705957.377451, sdrt-health/mac:02010b41cdec/antenna/tag/e2806894000040038662114f, 88
1652705957.448385, sdrt-health/mac:02010b41cdec/antenna/tag/e28068940000500386620d4f, 85
1652705957.448686, sdrt-health/mac:02010b41cdec/antenna/tag/e28068940000400386621d4f, 90
1652705957.477653, sdrt-health/mac:02010b41cdec/antenna/tag/e2806894000040038662114f, 85
1652705957.515796, sdrt-health/mac:02010b41cdec/antenna/tag/e2806894000040038662114f, 88
1652705957.573385, sdrt-health/mac:02010b41cdec/antenna/tag/e2806894000050038661fd4f, 86
1652705957.57394, sdrt-health/mac:02010b41cdec/antenna/tag/e2806894000050038662154f, 83
1652705957.606412, sdrt-health/mac:02010b41cdec/antenna/tag/e28068940000500386620d4f, 93
1652705957.671614, sdrt-health/mac:02010b41cdec/antenna/tag/e2806894000040038662114f, 85
1652705957.67215, sdrt-health/mac:02010b41cdec/antenna/tag/e2806894000040038662114f, 85
1652705957.710842, sdrt-health/mac:02010b41cdec/antenna/tag/e2806894000040038662114f, 88
1652705957.76597, sdrt-health/mac:02010b41cdec/antenna/tag/e2806894000040038662114f, 88
1652705957.830893, sdrt-health/mac:02010b41cdec/antenna/tag/e28068940000400386621d4f, 96
1652705957.831387, sdrt-health/mac:02010b41cdec/antenna/tag/e2806894000050038662154f, 88
1652705957.871179, sdrt-health/mac:02010b41cdec/antenna/tag/e2806894000050038662154f, 85
1652705957.930101, sdrt-health/mac:02010b41cdec/antenna/tag/e2806894000040038662114f, 88
1652705957.930617, sdrt-health/mac:02010b41cdec/antenna/tag/e2806894000050038661fd4f, 86
1652705957.984573, sdrt-health/mac:02010b41cdec/antenna/tag/e28068940000400386621d4f, 90
1652705958.036629, sdrt-health/mac:02010b41cdec/antenna/tag/e2806894000050038661fd4f, 90
1652705958.085301, sdrt-health/mac:02010b41cdec/antenna/tag/e2806894000050038662194f, 81
1652705958.232778, sdrt-health/mac:02010b41cdec/antenna/tag/e28068940000500386620d4f, 87
1652705958.400827, sdrt-health/mac:02010b41cdec/antenna/tag/e2806894000050038661fd4f, 90
1652705958.401983, sdrt-health/mac:02010b41cdec/antenna/tag/e2806894000040038662114f, 88
1652705958.46537, sdrt-health/mac:02010b41cdec/antenna/tag/e2806894000050038662154f, 85
1652705958.522313, sdrt-health/mac:02010b41cdec/antenna/tag/e2806894000050038662154f, 85
1652705958.524391, sdrt-health/mac:02010b41cdec/antenna/tag/e2806894000040038662114f, 88
1652705958.536346, sdrt-health/mac:02010b41cdec/antenna/tag/e2806894000050038661fd4f, 86
1652705958.536799, sdrt-health/mac:02010b41cdec/antenna/tag/e28068940000500386620d4f, 93
1652705958.623642, sdrt-health/mac:02010b41cdec/antenna/tag/e2806894000040038662114f, 88
1652705958.702863, sdrt-health/mac:02010b41cdec/antenna/tag/e2806894000050038661fd4f, 86
1652705958.703319, sdrt-health/mac:02010b41cdec/antenna/tag/e28068940000500386620d4f, 85
1652705958.703714, sdrt-health/mac:02010b41cdec/antenna/tag/e2806894000050038661fd4f, 86
1652705958.704033, sdrt-health/mac:02010b41cdec/antenna/tag/e28068940000400386621d4f, 96
1652705958.743451, sdrt-health/mac:02010b41cdec/antenna/tag/e2806894000050038661fd4f, 83
1652705958.743918, sdrt-health/mac:02010b41cdec/antenna/tag/e2806894000050038662194f, 82
1652705958.744318, sdrt-health/mac:02010b41cdec/antenna/tag/e2806894000050038662194f, 81
1652705958.744662, sdrt-health/mac:02010b41cdec/antenna/tag/e28068940000500386620d4f, 87
1652705958.745, sdrt-health/mac:02010b41cdec/antenna/tag/e2806894000050038662154f, 83
1652705958.745379, sdrt-health/mac:02010b41cdec/antenna/tag/e2806894000040038662114f, 85
1652705958.794009, sdrt-health/mac:02010b41cdec/antenna/tag/e2806894000050038661fd4f, 86
1652705958.866213, sdrt-health/mac:02010b41cdec/antenna/tag/e2806894000050038662154f, 88
1652705958.944375, sdrt-health/mac:02010b41cdec/antenna/tag/e2806894000050038662154f, 85
1652705959.019276, sdrt-health/mac:02010b41cdec/antenna/tag/e2806894000040038662114f, 85
1652705959.019853, sdrt-health/mac:02010b41cdec/antenna/tag/e28068940000500386620d4f, 85
1652705959.020238, sdrt-health/mac:02010b41cdec/antenna/tag/e2806894000050038662154f, 85
1652705959.059576, sdrt-health/mac:02010b41cdec/antenna/tag/e2806894000050038662154f, 85
1652705959.060007, sdrt-health/mac:02010b41cdec/antenna/tag/e28068940000400386621d4f, 90
1652705959.093456, sdrt-health/mac:02010b41cdec/antenna/tag/e2806894000050038661fd4f, 86
1652705959.100171, sdrt-health/mac:02010b41cdec/antenna/tag/e2806894000050038662194f, 94
1652705959.10061, sdrt-health/mac:02010b41cdec/antenna/tag/e2806894000040038662114f, 88
1652705959.15757, sdrt-health/mac:02010b41cdec/antenna/tag/e2806894000050038662154f, 93
1652705959.236558, sdrt-health/mac:02010b41cdec/antenna/tag/e28068940000400386621d4f, 77
1652705959.31366, sdrt-health/mac:02010b41cdec/antenna/tag/e28068940000500386620d4f, 87
1652705959.314171, sdrt-health/mac:02010b41cdec/antenna/tag/e28068940000500386620d4f, 87
1652705959.314503, sdrt-health/mac:02010b41cdec/antenna/tag/e28068940000500386620d4f, 83
1652705959.353117, sdrt-health/mac:02010b41cdec/antenna/tag/e2806894000050038661fd4f, 90
1652705959.353597, sdrt-health/mac:02010b41cdec/antenna/tag/e2806894000050038662154f, 93
1652705959.374638, sdrt-health/mac:02010b41cdec/antenna/tag/e28068940000500386620d4f, 93
1652705959.390357, sdrt-health/mac:02010b41cdec/antenna/tag/e2806894000050038662194f, 87
1652705959.390538, sdrt-health/mac:02010b41cdec/antenna/tag/e28068940000400386621d4f, 90
1652705959.390678, sdrt-health/mac:02010b41cdec/antenna/tag/e2806894000050038662154f, 83
1652705959.425554, sdrt-health/mac:02010b41cdec/antenna/tag/e2806894000040038662114f, 88
1652705959.485106, sdrt-health/mac:02010b41cdec/antenna/tag/e2806894000050038661fd4f, 86
1652705959.485648, sdrt-health/mac:02010b41cdec/antenna/tag/e28068940000500386620d4f, 85
1652705959.500107, sdrt-health/mac:02010b41cdec/antenna/tag/e28068940000500386620d4f, 85
1652705959.531033, sdrt-health/mac:02010b41cdec/antenna/tag/e2806894000040038662114f, 88
1652705959.53143, sdrt-health/mac:02010b41cdec/antenna/tag/e2806894000040038662114f, 88
1652705959.558085, sdrt-health/mac:02010b41cdec/antenna/tag/e28068940000500386620d4f, 85
1652705959.605274, sdrt-health/mac:02010b41cdec/antenna/tag/e2806894000040038662114f, 85
1652705959.65507, sdrt-health/mac:02010b41cdec/antenna/tag/e2806894000050038662194f, 81
1652705959.695173, sdrt-health/mac:02010b41cdec/antenna/tag/e2806894000050038661fd4f, 86
1652705959.790815, sdrt-health/mac:02010b41cdec/antenna/tag/e2806894000040038661f94f, 94
1652705959.844961, sdrt-health/mac:02010b41cdec/antenna/tag/e2806894000040038662114f, 93
1652705959.875047, sdrt-health/mac:02010b41cdec/antenna/tag/e2806894000050038661fd4f, 86
1652705959.875343, sdrt-health/mac:02010b41cdec/antenna/tag/e28068940000500386620d4f, 93
1652705959.875552, sdrt-health/mac:02010b41cdec/antenna/tag/e28068940000400386621d4f, 77
1652705959.894461, sdrt-health/mac:02010b41cdec/antenna/tag/e28068940000500386620d4f, 93
1652705959.935315, sdrt-health/mac:02010b41cdec/antenna/tag/e2806894000050038662154f, 81
1652705959.990431, sdrt-health/mac:02010b41cdec/antenna/tag/e2806894000050038661fd4f, 86
1652705959.990933, sdrt-health/mac:02010b41cdec/antenna/tag/e2806894000050038662194f, 87
1652705960.005209, sdrt-health/mac:02010b41cdec/antenna/tag/e2806894000040038662114f, 85
1652705960.014658, sdrt-health/mac:02010b41cdec/antenna/tag/e28068940000500386620d4f, 87
1652705960.053294, sdrt-health/mac:02010b41cdec/antenna/tag/e28068940000500386620d4f, 83
1652705960.094239, sdrt-health/mac:02010b41cdec/antenna/tag/e2806894000050038662194f, 84
1652705960.134924, sdrt-health/mac:02010b41cdec/antenna/tag/e2806894000050038662154f, 83
1652705960.191038, sdrt-health/mac:02010b41cdec/antenna/tag/e2806894000050038662194f, 94
1652705960.191493, sdrt-health/mac:02010b41cdec/antenna/tag/e28068940000500386620d4f, 83
1652705960.207146, sdrt-health/mac:02010b41cdec/antenna/tag/e28068940000400386621d4f, 96
1652705960.22504, sdrt-health/mac:02010b41cdec/antenna/tag/e28068940000400386621d4f, 96
1652705960.34125, sdrt-health/mac:02010b41cdec/antenna/tag/e2806894000050038661fd4f, 86
1652705960.341726, sdrt-health/mac:02010b41cdec/antenna/tag/e2806894000050038662194f, 88
1652705960.375023, sdrt-health/mac:02010b41cdec/antenna/tag/e28068940000500386620d4f, 83
1652705960.455612, sdrt-health/mac:02010b41cdec/antenna/tag/e2806894000040038662114f, 88
1652705960.50955, sdrt-health/mac:02010b41cdec/antenna/tag/e2806894000050038661fd4f, 86
1652705960.510063, sdrt-health/mac:02010b41cdec/antenna/tag/e28068940000500386620d4f, 93
1652705960.524277, sdrt-health/mac:02010b41cdec/antenna/tag/e2806894000040038662114f, 88
1652705960.559533, sdrt-health/mac:02010b41cdec/antenna/tag/e2806894000050038662154f, 85
1652705960.559856, sdrt-health/mac:02010b41cdec/antenna/tag/e2806894000050038661fd4f, 86
1652705960.573138, sdrt-health/mac:02010b41cdec/antenna/tag/e2806894000050038662154f, 85
1652705960.597206, sdrt-health/mac:02010b41cdec/antenna/tag/e28068940000400386621d4f, 90
1652705960.661063, sdrt-health/mac:02010b41cdec/antenna/tag/e2806894000050038662154f, 93
1652705960.661512, sdrt-health/mac:02010b41cdec/antenna/tag/e2806894000040038662114f, 88
1652705960.675213, sdrt-health/mac:02010b41cdec/antenna/tag/e28068940000500386620d4f, 93
1652705960.694983, sdrt-health/mac:02010b41cdec/antenna/tag/e2806894000050038661fd4f, 86
1652705960.749362, sdrt-health/mac:02010b41cdec/antenna/tag/e28068940000500386620d4f, 93
1652705960.749808, sdrt-health/mac:02010b41cdec/antenna/tag/e28068940000400386621d4f, 77
1652705960.763747, sdrt-health/mac:02010b41cdec/antenna/tag/e2806894000050038662154f, 81
1652705960.815156, sdrt-health/mac:02010b41cdec/antenna/tag/e2806894000050038662154f, 85
1652705960.855417, sdrt-health/mac:02010b41cdec/antenna/tag/e28068940000400386621d4f, 90
1652705961.047345, sdrt-health/mac:02010b41cdec/antenna/tag/scan, scan stopped
