1652705884.285419, sdrt-health/mac:02010b41cdec/antenna/power/set, {"power": 300}
1652705885.366586, sdrt-health/mac:02010b41cdec/antenna/power/set, 
1652705889.306135, sdrt-health/mac:02010b41cdec/antenna/tag/scan, {"time": 20000}
1652705889.674902, sdrt-health/mac:02010b41cdec/antenna/tag/e2806894000050038662154f, 88
1652705889.735863, sdrt-health/mac:02010b41cdec/antenna/tag/e2806894000050038662154f, 85
1652705889.775426, sdrt-health/mac:02010b41cdec/antenna/tag/e2806894000050038661fd4f, 90
1652705889.804249, sdrt-health/mac:02010b41cdec/antenna/tag/e28068940000400386621d4f, 96
1652705889.804465, sdrt-health/mac:02010b41cdec/antenna/tag/e2806894000040038662114f, 88
1652705889.819225, sdrt-health/mac:02010b41cdec/antenna/tag/e2806894000040038662114f, 88
1652705889.85451, sdrt-health/mac:02010b41cdec/antenna/tag/e28068940000500386620d4f, 87
1652705889.914848, sdrt-health/mac:02010b41cdec/antenna/tag/e2806894000050038662154f, 85
1652705889.97523, sdrt-health/mac:02010b41cdec/antenna/tag/e2806894000050038662154f, 87
1652705890.014977, sdrt-health/mac:02010b41cdec/antenna/tag/e28068940000400386621d4f, 77
1652705890.045982, sdrt-health/mac:02010b41cdec/antenna/tag/e2806894000040038662114f, 88
1652705890.046254, sdrt-health/mac:02010b41cdec/antenna/tag/e2806894000050038661fd4f, 86
1652705890.06622, sdrt-health/mac:02010b41cdec/antenna/tag/e2806894000050038662194f, 81
1652705890.119093, sdrt-health/mac:02010b41cdec/antenna/tag/e2806894000050038661fd4f, 86
1652705890.165555, sdrt-health/mac:02010b41cdec/antenna/tag/e2806894000050038662154f, 85
1652705890.229887, sdrt-health/mac:02010b41cdec/antenna/tag/e28068940000500386620d4f, 93
1652705890.230337, sdrt-health/mac:02010b41cdec/antenna/tag/e2806894000050038661fd4f, 90
1652705890.255113, sdrt-health/mac:02010b41cdec/antenna/tag/e2806894000050038661fd4f, 86
1652705890.321811, sdrt-health/mac:02010b41cdec/antenna/tag/e2806894000050038662154f, 85
1652705890.322362, sdrt-health/mac:02010b41cdec/antenna/tag/e28068940000500386620d4f, 87
1652705890.357922, sdrt-health/mac:02010b41cdec/antenna/tag/e28068940000400386621d4f, 90
1652705890.40498, sdrt-health/mac:02010b41cdec/antenna/tag/e28068940000400386621d4f, 96
1652705890.475799, sdrt-health/mac:02010b41cdec/antenna/tag/e2806894000050038662194f, 81
1652705890.476193, sdrt-health/mac:02010b41cdec/antenna/tag/e28068940000500386620d4f, 93
1652705890.493977, sdrt-health/mac:02010b41cdec/antenna/tag/e2806894000050038662194f, 83
1652705890.564057, sdrt-health/mac:02010b41cdec/antenna/tag/e28068940000500386620d4f, 93
1652705890.615678, sdrt-health/mac:02010b41cdec/antenna/tag/e2806894000050038662154f, 91
1652705890.654987, sdrt-health/mac:02010b41cdec/antenna/tag/e2806894000050038661fd4f, 83
1652705890.694041, sdrt-health/mac:02010b41cdec/antenna/tag/e2806894000050038661fd4f, 86
1652705890.732969, sdrt-health/mac:02010b41cdec/antenna/tag/e2806894000040038662054f, 84
1652705890.733173, sdrt-health/mac:02010b41cdec/antenna/tag/e2806894000040038662114f, 85
1652705890.759777, sdrt-health/mac:02010b41cdec/antenna/tag/e2806894000040038661f94f, 84
1652705890.835211, sdrt-health/mac:02010b41cdec/antenna/tag/e2806894000040038662114f, 88
1652705890.910933, sdrt-health/mac:02010b41cdec/antenna/tag/e2806894000050038662154f, 93
1652705890.955076, sdrt-health/mac:02010b41cdec/antenna/tag/e2806894000050038662194f, 82
1652705891.012537, sdrt-health/mac:02010b41cdec/antenna/tag/e2806894000050038661fd4f, 86
1652705891.012948, sdrt-health/mac:02010b41cdec/antenna/tag/e2806894000040038661f94f, 81
1652705891.045489, sdrt-health/mac:02010b41cdec/antenna/tag/e2806894000050038662194f, 83
1652705891.09487, sdrt-health/mac:02010b41cdec/antenna/tag/e2806894000050038662194f, 81
1652705891.125192, sdrt-health/mac:02010b41cdec/antenna/tag/e28068940000400386621d4f, 96
1652705891.125436, sdrt-health/mac:02010b41cdec/antenna/tag/e2806894000050038661fd4f, 86
1652705891.125552, sdrt-health/mac:02010b41cdec/antenna/tag/e2806894000050038662194f, 83
1652705891.14046, sdrt-health/mac:02010b41cdec/antenna/tag/e2806894000040038662114f, 88
1652705891.195549, sdrt-health/mac:02010b41cdec/antenna/tag/e2806894000040038662114f, 91
1652705891.253183, sdrt-health/mac:02010b41cdec/antenna/tag/e28068940000500386620d4f, 93
1652705891.253651, sdrt-health/mac:02010b41cdec/antenna/tag/e2806894000050038662194f, 87
1652705891.26867, sdrt-health/mac:02010b41cdec/antenna/tag/e28068940000400386621d4f, 77
1652705891.296171, sdrt-health/mac:02010b41cdec/antenna/tag/e2806894000050038661fd4f, 86
1652705891.358888, sdrt-health/mac:02010b41cdec/antenna/tag/e2806894000040038662054f, 81
1652705891.359201, sdrt-health/mac:02010b41cdec/antenna/tag/e2806894000040038662054f, 81
1652705891.414452, sdrt-health/mac:02010b41cdec/antenna/tag/e2806894000050038662194f, 83
1652705891.45514, sdrt-health/mac:02010b41cdec/antenna/tag/e2806894000050038662154f, 93
1652705891.509879, sdrt-health/mac:02010b41cdec/antenna/tag/e2806894000050038662194f, 83
1652705891.51015, sdrt-health/mac:02010b41cdec/antenna/tag/e2806894000040038662114f, 91
1652705891.575552, sdrt-health/mac:02010b41cdec/antenna/tag/e2806894000050038662194f, 81
1652705891.614838, sdrt-health/mac:02010b41cdec/antenna/tag/e2806894000050038662154f, 93
1652705891.675013, sdrt-health/mac:02010b41cdec/antenna/tag/e2806894000040038662054f, 94
1652705891.718803, sdrt-health/mac:02010b41cdec/antenna/tag/e28068940000500386620d4f, 85
1652705891.76526, sdrt-health/mac:02010b41cdec/antenna/tag/e2806894000050038661fd4f, 90
1652705891.825646, sdrt-health/mac:02010b41cdec/antenna/tag/e2806894000050038662154f, 85
1652705891.895412, sdrt-health/mac:02010b41cdec/antenna/tag/e28068940000400386621d4f, 90
1652705891.924387, sdrt-health/mac:02010b41cdec/antenna/tag/e2806894000050038662194f, 83
1652705891.924635, sdrt-health/mac:02010b41cdec/antenna/tag/e28068940000500386620d4f, 85
1652705891.977602, sdrt-health/mac:02010b41cdec/antenna/tag/e2806894000050038662154f, 93
1652705892.07189, sdrt-health/mac:02010b41cdec/antenna/tag/e2806894000050038661fd4f, 83
1652705892.072266, sdrt-health/mac:02010b41cdec/antenna/tag/e2806894000050038662154f, 85
1652705892.094806, sdrt-health/mac:02010b41cdec/antenna/tag/e2806894000050038662194f, 81
1652705892.135622, sdrt-health/mac:02010b41cdec/antenna/tag/e2806894000040038661f94f, 84
1652705892.192999, sdrt-health/mac:02010b41cdec/antenna/tag/e2806894000050038661fd4f, 86
1652705892.193222, sdrt-health/mac:02010b41cdec/antenna/tag/e2806894000050038662194f, 81
1652705892.225686, sdrt-health/mac:02010b41cdec/antenna/tag/e2806894000050038661fd4f, 86
1652705892.28567, sdrt-health/mac:02010b41cdec/antenna/tag/e28068940000500386620d4f, 93
1652705892.286156, sdrt-health/mac:02010b41cdec/antenna/tag/e2806894000050038662154f, 87
1652705892.300985, sdrt-health/mac:02010b41cdec/antenna/tag/e2806894000050038662154f, 83
1652705892.345904, sdrt-health/mac:02010b41cdec/antenna/tag/e2806894000040038662114f, 85
1652705892.36489, sdrt-health/mac:02010b41cdec/antenna/tag/e2806894000050038662154f, 88
1652705892.404791, sdrt-health/mac:02010b41cdec/antenna/tag/e28068940000400386621d4f, 77
1652705892.455732, sdrt-health/mac:02010b41cdec/antenna/tag/e2806894000040038662114f, 85
1652705892.510271, sdrt-health/mac:02010b41cdec/antenna/tag/e2806894000040038662114f, 88
1652705892.55495, sdrt-health/mac:02010b41cdec/antenna/tag/e2806894000040038661f94f, 88
1652705892.55579, sdrt-health/mac:02010b41cdec/antenna/tag/e2806894000050038662194f, 83
1652705892.597616, sdrt-health/mac:02010b41cdec/antenna/tag/e2806894000040038662114f, 88
1652705892.597865, sdrt-health/mac:02010b41cdec/antenna/tag/e28068940000400386621d4f, 96
1652705892.598008, sdrt-health/mac:02010b41cdec/antenna/tag/e2806894000040038662114f, 88
1652705892.64505, sdrt-health/mac:02010b41cdec/antenna/tag/e2806894000050038662154f, 88
1652705892.694817, sdrt-health/mac:02010b41cdec/antenna/tag/e2806894000050038662154f, 85
1652705892.735664, sdrt-health/mac:02010b41cdec/antenna/tag/e28068940000500386620d4f, 85
1652705892.788149, sdrt-health/mac:02010b41cdec/antenna/tag/e2806894000050038662154f, 85
1652705892.788369, sdrt-health/mac:02010b41cdec/antenna/tag/e2806894000050038661fd4f, 90
1652705892.815163, sdrt-health/mac:02010b41cdec/antenna/tag/e28068940000400386621d4f, 96
1652705892.901137, sdrt-health/mac:02010b41cdec/antenna/tag/e2806894000050038662194f, 83
1652705892.901514, sdrt-health/mac:02010b41cdec/antenna/tag/e28068940000500386620d4f, 85
1652705892.9351, sdrt-health/mac:02010b41cdec/antenna/tag/e2806894000050038662194f, 87
1652705892.966032, sdrt-health/mac:02010b41cdec/antenna/tag/e2806894000050038661fd4f, 86
1652705892.966275, sdrt-health/mac:02010b41cdec/antenna/tag/e2806894000050038662154f, 85
1652705892.981124, sdrt-health/mac:02010b41cdec/antenna/tag/e2806894000040038662114f, 88
1652705892.981349, sdrt-health/mac:02010b41cdec/antenna/tag/e2806894000050038662154f, 88
1652705893.025128, sdrt-health/mac:02010b41cdec/antenna/tag/e2806894000040038662114f, 88
1652705893.091894, sdrt-health/mac:02010b41cdec/antenna/tag/e2806894000040038662114f, 85
1652705893.092106, sdrt-health/mac:02010b41cdec/antenna/tag/e2806894000050038662154f, 85
1652705893.105673, sdrt-health/mac:02010b41cdec/antenna/tag/e2806894000040038662114f, 88
1652705893.125104, sdrt-health/mac:02010b41cdec/antenna/tag/e2806894000040038662114f, 88
1652705893.174447, sdrt-health/mac:02010b41cdec/antenna/tag/e28068940000400386621d4f, 77
1652705893.252421, sdrt-health/mac:02010b41cdec/antenna/tag/e2806894000050038661fd4f, 86
1652705893.252718, sdrt-health/mac:02010b41cdec/antenna/tag/e2806894000050038661fd4f, 86
1652705893.284759, sdrt-health/mac:02010b41cdec/antenna/tag/e2806894000050038662154f, 91
1652705893.350015, sdrt-health/mac:02010b41cdec/antenna/tag/e28068940000400386621d4f, 96
1652705893.35025, sdrt-health/mac:02010b41cdec/antenna/tag/e2806894000050038662154f, 88
1652705893.374711, sdrt-health/mac:02010b41cdec/antenna/tag/e28068940000400386621d4f, 96
1652705893.416228, sdrt-health/mac:02010b41cdec/antenna/tag/e2806894000050038662194f, 81
1652705893.447146, sdrt-health/mac:02010b41cdec/antenna/tag/e2806894000050038662154f, 85
1652705893.447373, sdrt-health/mac:02010b41cdec/antenna/tag/e28068940000400386621d4f, 96
1652705893.461406, sdrt-health/mac:02010b41cdec/antenna/tag/e2806894000050038661fd4f, 90
1652705893.514174, sdrt-health/mac:02010b41cdec/antenna/tag/e2806894000050038661fd4f, 86
1652705893.558042, sdrt-health/mac:02010b41cdec/antenna/tag/e2806894000050038661fd4f, 90
1652705893.60527, sdrt-health/mac:02010b41cdec/antenna/tag/e28068940000500386620d4f, 85
1652705893.672269, sdrt-health/mac:02010b41cdec/antenna/tag/e2806894000050038661fd4f, 86
1652705893.672678, sdrt-health/mac:02010b41cdec/antenna/tag/e2806894000050038661fd4f, 86
1652705893.709741, sdrt-health/mac:02010b41cdec/antenna/tag/e2806894000050038662154f, 93
1652705893.73982, sdrt-health/mac:02010b41cdec/antenna/tag/e2806894000050038662194f, 81
1652705893.740036, sdrt-health/mac:02010b41cdec/antenna/tag/e2806894000050038662154f, 88
1652705893.754971, sdrt-health/mac:02010b41cdec/antenna/tag/e28068940000400386621d4f, 96
1652705893.812488, sdrt-health/mac:02010b41cdec/antenna/tag/e2806894000040038662114f, 88
1652705893.812926, sdrt-health/mac:02010b41cdec/antenna/tag/e2806894000040038661f94f, 88
1652705893.845093, sdrt-health/mac:02010b41cdec/antenna/tag/e2806894000040038661f94f, 81
1652705893.896017, sdrt-health/mac:02010b41cdec/antenna/tag/e28068940000400386621d4f, 96
1652705893.949225, sdrt-health/mac:02010b41cdec/antenna/tag/e2806894000050038661fd4f, 86
1652705893.949444, sdrt-health/mac:02010b41cdec/antenna/tag/e2806894000050038661fd4f, 86
1652705893.964239, sdrt-health/mac:02010b41cdec/antenna/tag/e28068940000500386620d4f, 93
1652705893.974872, sdrt-health/mac:02010b41cdec/antenna/tag/e2806894000050038662154f, 85
1652705893.97951, sdrt-health/mac:02010b41cdec/antenna/tag/e2806894000040038662114f, 88
1652705894.014933, sdrt-health/mac:02010b41cdec/antenna/tag/e2806894000040038662214f, 81
1652705894.079417, sdrt-health/mac:02010b41cdec/antenna/tag/e28068940000500386620d4f, 85
1652705894.079686, sdrt-health/mac:02010b41cdec/antenna/tag/e2806894000040038661f94f, 83
1652705894.134933, sdrt-health/mac:02010b41cdec/antenna/tag/e2806894000050038662154f, 85
1652705894.175038, sdrt-health/mac:02010b41cdec/antenna/tag/e2806894000040038662114f, 88
1652705894.213899, sdrt-health/mac:02010b41cdec/antenna/tag/e2806894000040038662114f, 88
1652705894.296236, sdrt-health/mac:02010b41cdec/antenna/tag/e2806894000040038662114f, 91
1652705894.33464, sdrt-health/mac:02010b41cdec/antenna/tag/e2806894000050038662194f, 81
1652705894.452705, sdrt-health/mac:02010b41cdec/antenna/tag/e2806894000050038662154f, 85
1652705894.453102, sdrt-health/mac:02010b41cdec/antenna/tag/e28068940000400386621d4f, 96
1652705894.484865, sdrt-health/mac:02010b41cdec/antenna/tag/e2806894000050038662194f, 81
1652705894.535866, sdrt-health/mac:02010b41cdec/antenna/tag/e2806894000040038662114f, 91
1652705894.57383, sdrt-health/mac:02010b41cdec/antenna/tag/e28068940000400386621d4f, 96
1652705894.61541, sdrt-health/mac:02010b41cdec/antenna/tag/e28068940000500386620d4f, 85
1652705894.683764, sdrt-health/mac:02010b41cdec/antenna/tag/e28068940000500386620d4f, 85
1652705894.683984, sdrt-health/mac:02010b41cdec/antenna/tag/e2806894000050038662154f, 91
1652705894.714354, sdrt-health/mac:02010b41cdec/antenna/tag/e28068940000400386621d4f, 77
1652705894.775466, sdrt-health/mac:02010b41cdec/antenna/tag/e2806894000050038662194f, 81
1652705894.775669, sdrt-health/mac:02010b41cdec/antenna/tag/e2806894000040038662114f, 88
1652705894.805264, sdrt-health/mac:02010b41cdec/antenna/tag/e2806894000050038661fd4f, 86
1652705894.870285, sdrt-health/mac:02010b41cdec/antenna/tag/e2806894000050038662194f, 81
1652705894.870621, sdrt-health/mac:02010b41cdec/antenna/tag/e28068940000500386620d4f, 88
1652705894.884225, sdrt-health/mac:02010b41cdec/antenna/tag/e2806894000050038661fd4f, 90
1652705894.884636, sdrt-health/mac:02010b41cdec/antenna/tag/e28068940000400386621d4f, 96
1652705894.910125, sdrt-health/mac:02010b41cdec/antenna/tag/e2806894000040038662114f, 85
1652705894.95512, sdrt-health/mac:02010b41cdec/antenna/tag/e2806894000040038662054f, 84
1652705895.018071, sdrt-health/mac:02010b41cdec/antenna/tag/e28068940000400386621d4f, 77
1652705895.018459, sdrt-health/mac:02010b41cdec/antenna/tag/e2806894000040038661f94f, 84
1652705895.034667, sdrt-health/mac:02010b41cdec/antenna/tag/e2806894000050038662154f, 87
1652705895.044545, sdrt-health/mac:02010b41cdec/antenna/tag/e28068940000500386620d4f, 87
1652705895.051357, sdrt-health/mac:02010b41cdec/antenna/tag/e2806894000040038661f94f, 81
1652705895.094479, sdrt-health/mac:02010b41cdec/antenna/tag/e28068940000400386621d4f, 96
1652705895.150506, sdrt-health/mac:02010b41cdec/antenna/tag/e28068940000400386621d4f, 96
1652705895.150944, sdrt-health/mac:02010b41cdec/antenna/tag/e2806894000050038662154f, 85
1652705895.166718, sdrt-health/mac:02010b41cdec/antenna/tag/e2806894000040038662114f, 88
1652705895.175424, sdrt-health/mac:02010b41cdec/antenna/tag/e2806894000040038662114f, 85
1652705895.214879, sdrt-health/mac:02010b41cdec/antenna/tag/e2806894000050038661fd4f, 90
1652705895.255177, sdrt-health/mac:02010b41cdec/antenna/tag/e2806894000050038662154f, 85
1652705895.324124, sdrt-health/mac:02010b41cdec/antenna/tag/e2806894000040038662114f, 88
1652705895.324372, sdrt-health/mac:02010b41cdec/antenna/tag/e2806894000050038662154f, 88
1652705895.355758, sdrt-health/mac:02010b41cdec/antenna/tag/e2806894000050038662194f, 84
1652705895.398229, sdrt-health/mac:02010b41cdec/antenna/tag/e28068940000400386621d4f, 96
1652705895.459886, sdrt-health/mac:02010b41cdec/antenna/tag/e28068940000500386620d4f, 85
1652705895.460118, sdrt-health/mac:02010b41cdec/antenna/tag/e28068940000500386620d4f, 85
1652705895.495119, sdrt-health/mac:02010b41cdec/antenna/tag/e2806894000040038662114f, 85
1652705895.551369, sdrt-health/mac:02010b41cdec/antenna/tag/e28068940000500386620d4f, 87
1652705895.551794, sdrt-health/mac:02010b41cdec/antenna/tag/e2806894000050038661fd4f, 83
1652705895.584783, sdrt-health/mac:02010b41cdec/antenna/tag/e2806894000050038661fd4f, 90
1652705895.646034, sdrt-health/mac:02010b41cdec/antenna/tag/e2806894000050038662154f, 85
1652705895.646367, sdrt-health/mac:02010b41cdec/antenna/tag/e28068940000500386620d4f, 85
1652705895.663302, sdrt-health/mac:02010b41cdec/antenna/tag/e2806894000040038662114f, 88
1652705895.674637, sdrt-health/mac:02010b41cdec/antenna/tag/e2806894000040038662114f, 88
1652705895.677804, sdrt-health/mac:02010b41cdec/antenna/tag/e28068940000500386620d4f, 85
1652705895.717296, sdrt-health/mac:02010b41cdec/antenna/tag/e2806894000050038662154f, 88
1652705895.781075, sdrt-health/mac:02010b41cdec/antenna/tag/e2806894000050038661fd4f, 90
1652705895.781318, sdrt-health/mac:02010b41cdec/antenna/tag/e28068940000400386621d4f, 90
1652705895.815817, sdrt-health/mac:02010b41cdec/antenna/tag/e28068940000400386621d4f, 90
1652705895.869759, sdrt-health/mac:02010b41cdec/antenna/tag/e2806894000050038662194f, 94
1652705895.870215, sdrt-health/mac:02010b41cdec/antenna/tag/e2806894000050038662154f, 93
1652705895.884306, sdrt-health/mac:02010b41cdec/antenna/tag/e28068940000500386620d4f, 93
1652705895.884528, sdrt-health/mac:02010b41cdec/antenna/tag/e2806894000050038661fd4f, 83
1652705895.893903, sdrt-health/mac:02010b41cdec/antenna/tag/e2806894000050038662194f, 83
1652705895.89956, sdrt-health/mac:02010b41cdec/antenna/tag/e28068940000500386620d4f, 85
1652705895.93622, sdrt-health/mac:02010b41cdec/antenna/tag/e28068940000400386621d4f, 77
1652705895.985134, sdrt-health/mac:02010b41cdec/antenna/tag/e2806894000050038661fd4f, 83
1652705896.030401, sdrt-health/mac:02010b41cdec/antenna/tag/e28068940000400386621d4f, 77
1652705896.07471, sdrt-health/mac:02010b41cdec/antenna/tag/e2806894000050038662194f, 81
1652705896.13555, sdrt-health/mac:02010b41cdec/antenna/tag/e2806894000050038662154f, 93
1652705896.135996, sdrt-health/mac:02010b41cdec/antenna/tag/e2806894000050038661fd4f, 86
1652705896.150572, sdrt-health/mac:02010b41cdec/antenna/tag/e28068940000400386621d4f, 96
1652705896.165336, sdrt-health/mac:02010b41cdec/antenna/tag/e2806894000050038661fd4f, 86
1652705896.166274, sdrt-health/mac:02010b41cdec/antenna/tag/e28068940000500386620d4f, 93
1652705896.224823, sdrt-health/mac:02010b41cdec/antenna/tag/e2806894000040038662114f, 88
1652705896.284926, sdrt-health/mac:02010b41cdec/antenna/tag/e2806894000050038661fd4f, 86
1652705896.28541, sdrt-health/mac:02010b41cdec/antenna/tag/e2806894000050038661fd4f, 90
1652705896.285817, sdrt-health/mac:02010b41cdec/antenna/tag/e28068940000500386620d4f, 93
1652705896.300152, sdrt-health/mac:02010b41cdec/antenna/tag/e2806894000050038661fd4f, 86
1652705896.300382, sdrt-health/mac:02010b41cdec/antenna/tag/e2806894000040038662114f, 88
1652705896.31446, sdrt-health/mac:02010b41cdec/antenna/tag/e28068940000400386621d4f, 96
1652705896.375595, sdrt-health/mac:02010b41cdec/antenna/tag/e2806894000040038662114f, 88
1652705896.429746, sdrt-health/mac:02010b41cdec/antenna/tag/e2806894000050038662194f, 81
1652705896.489511, sdrt-health/mac:02010b41cdec/antenna/tag/e2806894000050038662194f, 83
1652705896.489707, sdrt-health/mac:02010b41cdec/antenna/tag/e28068940000500386620d4f, 85
1652705896.534579, sdrt-health/mac:02010b41cdec/antenna/tag/e28068940000500386620d4f, 87
1652705896.590694, sdrt-health/mac:02010b41cdec/antenna/tag/e2806894000040038662114f, 88
1652705896.637135, sdrt-health/mac:02010b41cdec/antenna/tag/e2806894000050038661fd4f, 86
1652705896.678731, sdrt-health/mac:02010b41cdec/antenna/tag/e28068940000400386621d4f, 96
1652705896.724227, sdrt-health/mac:02010b41cdec/antenna/tag/e2806894000050038662194f, 81
1652705896.789514, sdrt-health/mac:02010b41cdec/antenna/tag/e28068940000500386620d4f, 93
1652705896.789904, sdrt-health/mac:02010b41cdec/antenna/tag/e28068940000500386620d4f, 85
1652705896.804588, sdrt-health/mac:02010b41cdec/antenna/tag/e28068940000400386621d4f, 90
1652705896.814886, sdrt-health/mac:02010b41cdec/antenna/tag/e2806894000040038662114f, 85
1652705896.819034, sdrt-health/mac:02010b41cdec/antenna/tag/e28068940000400386621d4f, 96
1652705896.819216, sdrt-health/mac:02010b41cdec/antenna/tag/e2806894000040038662114f, 85
1652705896.864975, sdrt-health/mac:02010b41cdec/antenna/tag/e2806894000050038661fd4f, 86
1652705896.917943, sdrt-health/mac:02010b41cdec/antenna/tag/e2806894000050038661fd4f, 86
1652705896.965429, sdrt-health/mac:02010b41cdec/antenna/tag/e28068940000500386620d4f, 93
1652705896.995953, sdrt-health/mac:02010b41cdec/antenna/tag/e2806894000040038662114f, 85
1652705896.996248, sdrt-health/mac:02010b41cdec/antenna/tag/e28068940000500386620d4f, 85
1652705897.015194, sdrt-health/mac:02010b41cdec/antenna/tag/e28068940000500386620d4f, 85
1652705897.055512, sdrt-health/mac:02010b41cdec/antenna/tag/e2806894000050038661fd4f, 86
1652705897.095186, sdrt-health/mac:02010b41cdec/antenna/tag/e28068940000500386620d4f, 85
1652705897.135156, sdrt-health/mac:02010b41cdec/antenna/tag/e2806894000040038662214f, 81
1652705897.175019, sdrt-health/mac:02010b41cdec/antenna/tag/e28068940000500386620d4f, 93
1652705897.215093, sdrt-health/mac:02010b41cdec/antenna/tag/e2806894000040038662114f, 88
1652705897.24495, sdrt-health/mac:02010b41cdec/antenna/tag/e2806894000040038661f94f, 81
1652705897.245319, sdrt-health/mac:02010b41cdec/antenna/tag/e2806894000040038662114f, 88
1652705897.274807, sdrt-health/mac:02010b41cdec/antenna/tag/e2806894000050038662154f, 87
1652705897.318604, sdrt-health/mac:02010b41cdec/antenna/tag/e28068940000400386621d4f, 77
1652705897.379167, sdrt-health/mac:02010b41cdec/antenna/tag/e28068940000500386620d4f, 93
1652705897.379471, sdrt-health/mac:02010b41cdec/antenna/tag/e2806894000050038662154f, 87
1652705897.422911, sdrt-health/mac:02010b41cdec/antenna/tag/e2806894000040038662114f, 85
1652705897.47015, sdrt-health/mac:02010b41cdec/antenna/tag/e2806894000050038661fd4f, 86
1652705897.531059, sdrt-health/mac:02010b41cdec/antenna/tag/e28068940000500386620d4f, 85
1652705897.53143, sdrt-health/mac:02010b41cdec/antenna/tag/e28068940000400386621d4f, 96
1652705897.558486, sdrt-health/mac:02010b41cdec/antenna/tag/e2806894000040038662114f, 85
1652705897.619416, sdrt-health/mac:02010b41cdec/antenna/tag/e28068940000500386620d4f, 85
1652705897.619615, sdrt-health/mac:02010b41cdec/antenna/tag/e2806894000050038662154f, 93
1652705897.634094, sdrt-health/mac:02010b41cdec/antenna/tag/e28068940000400386621d4f, 90
1652705897.654997, sdrt-health/mac:02010b41cdec/antenna/tag/e28068940000500386620d4f, 87
1652705897.69523, sdrt-health/mac:02010b41cdec/antenna/tag/e2806894000040038662114f, 88
1652705897.751144, sdrt-health/mac:02010b41cdec/antenna/tag/e2806894000050038662154f, 83
1652705897.751371, sdrt-health/mac:02010b41cdec/antenna/tag/e2806894000050038662194f, 84
1652705897.76623, sdrt-health/mac:02010b41cdec/antenna/tag/e2806894000050038662154f, 87
1652705897.805911, sdrt-health/mac:02010b41cdec/antenna/tag/e28068940000400386621d4f, 90
1652705897.84507, sdrt-health/mac:02010b41cdec/antenna/tag/e2806894000040038662054f, 88
1652705897.894795, sdrt-health/mac:02010b41cdec/antenna/tag/e2806894000050038661fd4f, 90
1652705897.965451, sdrt-health/mac:02010b41cdec/antenna/tag/e2806894000040038662054f, 94
1652705897.965673, sdrt-health/mac:02010b41cdec/antenna/tag/e2806894000050038662194f, 83
1652705897.994415, sdrt-health/mac:02010b41cdec/antenna/tag/e28068940000400386621d4f, 90
1652705898.038495, sdrt-health/mac:02010b41cdec/antenna/tag/e2806894000040038662114f, 88
1652705898.094689, sdrt-health/mac:02010b41cdec/antenna/tag/e2806894000050038661fd4f, 86
1652705898.132571, sdrt-health/mac:02010b41cdec/antenna/tag/e2806894000050038662154f, 83
1652705898.132946, sdrt-health/mac:02010b41cdec/antenna/tag/e28068940000500386620d4f, 93
1652705898.146661, sdrt-health/mac:02010b41cdec/antenna/tag/e2806894000050038662194f, 81
1652705898.175783, sdrt-health/mac:02010b41cdec/antenna/tag/e28068940000400386621d4f, 90
1652705898.214574, sdrt-health/mac:02010b41cdec/antenna/tag/e28068940000400386621d4f, 90
1652705898.254627, sdrt-health/mac:02010b41cdec/antenna/tag/e28068940000400386621d4f, 96
1652705898.307159, sdrt-health/mac:02010b41cdec/antenna/tag/e2806894000050038661fd4f, 86
1652705898.357976, sdrt-health/mac:02010b41cdec/antenna/tag/e2806894000050038662194f, 83
1652705898.40589, sdrt-health/mac:02010b41cdec/antenna/tag/e28068940000400386621d4f, 90
1652705898.454284, sdrt-health/mac:02010b41cdec/antenna/tag/e2806894000040038661f94f, 88
1652705898.518241, sdrt-health/mac:02010b41cdec/antenna/tag/e2806894000050038662194f, 81
1652705898.565074, sdrt-health/mac:02010b41cdec/antenna/tag/e28068940000400386621d4f, 96
1652705898.616106, sdrt-health/mac:02010b41cdec/antenna/tag/e2806894000050038662154f, 85
1652705898.689443, sdrt-health/mac:02010b41cdec/antenna/tag/e2806894000050038662154f, 85
1652705898.689651, sdrt-health/mac:02010b41cdec/antenna/tag/e2806894000050038661fd4f, 86
1652705898.705858, sdrt-health/mac:02010b41cdec/antenna/tag/e2806894000050038662154f, 85
1652705898.716343, sdrt-health/mac:02010b41cdec/antenna/tag/e28068940000500386620d4f, 93
1652705898.720974, sdrt-health/mac:02010b41cdec/antenna/tag/e2806894000040038662114f, 85
1652705898.721291, sdrt-health/mac:02010b41cdec/antenna/tag/e28068940000400386621d4f, 77
1652705898.758985, sdrt-health/mac:02010b41cdec/antenna/tag/e28068940000500386620d4f, 87
1652705898.804131, sdrt-health/mac:02010b41cdec/antenna/tag/e28068940000500386620d4f, 83
1652705898.866171, sdrt-health/mac:02010b41cdec/antenna/tag/e28068940000500386620d4f, 85
1652705898.919107, sdrt-health/mac:02010b41cdec/antenna/tag/e2806894000050038661fd4f, 90
1652705898.97979, sdrt-health/mac:02010b41cdec/antenna/tag/e28068940000400386621d4f, 96
1652705898.980021, sdrt-health/mac:02010b41cdec/antenna/tag/e28068940000400386621d4f, 96
1652705899.015921, sdrt-health/mac:02010b41cdec/antenna/tag/e2806894000050038661fd4f, 86
1652705899.047764, sdrt-health/mac:02010b41cdec/antenna/tag/e2806894000040038661f94f, 82
1652705899.048071, sdrt-health/mac:02010b41cdec/antenna/tag/e2806894000040038662114f, 85
1652705899.06247, sdrt-health/mac:02010b41cdec/antenna/tag/e2806894000040038661f94f, 94
1652705899.062694, sdrt-health/mac:02010b41cdec/antenna/tag/e28068940000500386620d4f, 93
1652705899.094526, sdrt-health/mac:02010b41cdec/antenna/tag/e2806894000040038662114f, 88
1652705899.135059, sdrt-health/mac:02010b41cdec/antenna/tag/e2806894000050038662154f, 85
1652705899.176796, sdrt-health/mac:02010b41cdec/antenna/tag/e2806894000050038661fd4f, 86
1652705899.230366, sdrt-health/mac:02010b41cdec/antenna/tag/e28068940000400386621d4f, 90
1652705899.275317, sdrt-health/mac:02010b41cdec/antenna/tag/e2806894000040038662054f, 88
1652705899.326908, sdrt-health/mac:02010b41cdec/antenna/tag/e2806894000040038662054f, 88
1652705899.364099, sdrt-health/mac:02010b41cdec/antenna/tag/e2806894000050038661fd4f, 90
1652705899.430948, sdrt-health/mac:02010b41cdec/antenna/tag/e2806894000050038661fd4f, 90
1652705899.431164, sdrt-health/mac:02010b41cdec/antenna/tag/e28068940000500386620d4f, 85
1652705899.445713, sdrt-health/mac:02010b41cdec/antenna/tag/e2806894000050038661fd4f, 86
1652705899.470503, sdrt-health/mac:02010b41cdec/antenna/tag/e28068940000500386620d4f, 93
1652705899.515271, sdrt-health/mac:02010b41cdec/antenna/tag/e2806894000050038662154f, 88
1652705899.547359, sdrt-health/mac:02010b41cdec/antenna/tag/e2806894000050038661fd4f, 86
1652705899.547596, sdrt-health/mac:02010b41cdec/antenna/tag/e28068940000500386620d4f, 87
1652705899.563464, sdrt-health/mac:02010b41cdec/antenna/tag/e2806894000040038662114f, 88
1652705899.563767, sdrt-health/mac:02010b41cdec/antenna/tag/e2806894000050038662154f, 88
1652705899.563903, sdrt-health/mac:02010b41cdec/antenna/tag/e28068940000400386621d4f, 90
1652705899.60588, sdrt-health/mac:02010b41cdec/antenna/tag/e2806894000050038662154f, 93
1652705899.654792, sdrt-health/mac:02010b41cdec/antenna/tag/e28068940000400386621d4f, 96
1652705899.685197, sdrt-health/mac:02010b41cdec/antenna/tag/e2806894000040038662114f, 85
1652705899.685468, sdrt-health/mac:02010b41cdec/antenna/tag/e2806894000050038662194f, 94
1652705899.701486, sdrt-health/mac:02010b41cdec/antenna/tag/e28068940000500386620d4f, 93
1652705899.701748, sdrt-health/mac:02010b41cdec/antenna/tag/e2806894000050038662154f, 83
1652705899.744047, sdrt-health/mac:02010b41cdec/antenna/tag/e28068940000400386621d4f, 96
1652705899.790751, sdrt-health/mac:02010b41cdec/antenna/tag/e28068940000400386621d4f, 96
1652705899.869672, sdrt-health/mac:02010b41cdec/antenna/tag/e28068940000400386621d4f, 96
1652705899.91564, sdrt-health/mac:02010b41cdec/antenna/tag/e2806894000050038661fd4f, 90
1652705899.957124, sdrt-health/mac:02010b41cdec/antenna/tag/e2806894000050038661fd4f, 90
1652705899.987384, sdrt-health/mac:02010b41cdec/antenna/tag/e28068940000500386620d4f, 88
1652705899.987596, sdrt-health/mac:02010b41cdec/antenna/tag/e28068940000500386620d4f, 93
1652705900.00403, sdrt-health/mac:02010b41cdec/antenna/tag/e28068940000500386620d4f, 85
1652705900.054569, sdrt-health/mac:02010b41cdec/antenna/tag/e2806894000050038662154f, 85
1652705900.084676, sdrt-health/mac:02010b41cdec/antenna/tag/e2806894000040038662114f, 88
1652705900.084921, sdrt-health/mac:02010b41cdec/antenna/tag/e28068940000400386621d4f, 96
1652705900.135984, sdrt-health/mac:02010b41cdec/antenna/tag/e2806894000050038662154f, 85
1652705900.165032, sdrt-health/mac:02010b41cdec/antenna/tag/e2806894000050038661fd4f, 90
1652705900.165254, sdrt-health/mac:02010b41cdec/antenna/tag/e28068940000400386621d4f, 96
1652705900.198285, sdrt-health/mac:02010b41cdec/antenna/tag/e28068940000500386620d4f, 93
1652705900.245668, sdrt-health/mac:02010b41cdec/antenna/tag/e28068940000500386620d4f, 85
1652705900.2959, sdrt-health/mac:02010b41cdec/antenna/tag/e2806894000050038661fd4f, 96
1652705900.351547, sdrt-health/mac:02010b41cdec/antenna/tag/e2806894000050038662154f, 88
1652705900.351871, sdrt-health/mac:02010b41cdec/antenna/tag/e28068940000500386620d4f, 85
1652705900.367855, sdrt-health/mac:02010b41cdec/antenna/tag/e2806894000040038662114f, 85
1652705900.368221, sdrt-health/mac:02010b41cdec/antenna/tag/e28068940000400386621d4f, 96
1652705900.386699, sdrt-health/mac:02010b41cdec/antenna/tag/e28068940000500386620d4f, 85
1652705900.431573, sdrt-health/mac:02010b41cdec/antenna/tag/e2806894000050038662154f, 85
1652705900.489356, sdrt-health/mac:02010b41cdec/antenna/tag/e2806894000050038662154f, 85
1652705900.489659, sdrt-health/mac:02010b41cdec/antenna/tag/e2806894000050038661fd4f, 90
1652705900.5256, sdrt-health/mac:02010b41cdec/antenna/tag/e2806894000040038662214f, 83
1652705900.581271, sdrt-health/mac:02010b41cdec/antenna/tag/e2806894000040038661f94f, 88
1652705900.581475, sdrt-health/mac:02010b41cdec/antenna/tag/e2806894000040038662214f, 81
1652705900.597255, sdrt-health/mac:02010b41cdec/antenna/tag/e2806894000040038662214f, 81
1652705900.614262, sdrt-health/mac:02010b41cdec/antenna/tag/e2806894000040038662054f, 81
1652705900.656671, sdrt-health/mac:02010b41cdec/antenna/tag/e2806894000050038661fd4f, 86
1652705900.719588, sdrt-health/mac:02010b41cdec/antenna/tag/e2806894000050038661fd4f, 86
1652705900.719928, sdrt-health/mac:02010b41cdec/antenna/tag/e2806894000040038662114f, 85
1652705900.734222, sdrt-health/mac:02010b41cdec/antenna/tag/e28068940000400386621d4f, 90
1652705900.750253, sdrt-health/mac:02010b41cdec/antenna/tag/e2806894000050038662154f, 85
1652705900.884957, sdrt-health/mac:02010b41cdec/antenna/tag/e2806894000040038662114f, 91
1652705900.886258, sdrt-health/mac:02010b41cdec/antenna/tag/e28068940000400386621d4f, 90
1652705900.900546, sdrt-health/mac:02010b41cdec/antenna/tag/e28068940000400386621d4f, 96
1652705900.901084, sdrt-health/mac:02010b41cdec/antenna/tag/e2806894000050038661fd4f, 90
1652705900.901366, sdrt-health/mac:02010b41cdec/antenna/tag/e2806894000040038662114f, 91
1652705900.935124, sdrt-health/mac:02010b41cdec/antenna/tag/e28068940000400386621d4f, 96
1652705900.977892, sdrt-health/mac:02010b41cdec/antenna/tag/e2806894000050038661fd4f, 86
1652705901.010933, sdrt-health/mac:02010b41cdec/antenna/tag/e2806894000050038661fd4f, 90
1652705901.011231, sdrt-health/mac:02010b41cdec/antenna/tag/e28068940000400386621d4f, 90
1652705901.084415, sdrt-health/mac:02010b41cdec/antenna/tag/e2806894000040038662114f, 88
1652705901.124295, sdrt-health/mac:02010b41cdec/antenna/tag/e28068940000400386621d4f, 77
1652705901.189589, sdrt-health/mac:02010b41cdec/antenna/tag/e2806894000040038662214f, 88
1652705901.189887, sdrt-health/mac:02010b41cdec/antenna/tag/e2806894000050038662154f, 88
1652705901.21528, sdrt-health/mac:02010b41cdec/antenna/tag/e2806894000050038662194f, 88
1652705901.255116, sdrt-health/mac:02010b41cdec/antenna/tag/e2806894000040038662114f, 88
1652705901.283765, sdrt-health/mac:02010b41cdec/antenna/tag/e2806894000050038661fd4f, 86
1652705901.284007, sdrt-health/mac:02010b41cdec/antenna/tag/e2806894000040038662114f, 88
1652705901.310042, sdrt-health/mac:02010b41cdec/antenna/tag/e2806894000050038661fd4f, 86
1652705901.355058, sdrt-health/mac:02010b41cdec/antenna/tag/e2806894000050038662194f, 84
1652705901.418861, sdrt-health/mac:02010b41cdec/antenna/tag/e28068940000400386621d4f, 96
1652705901.419148, sdrt-health/mac:02010b41cdec/antenna/tag/e2806894000050038662154f, 83
1652705901.443924, sdrt-health/mac:02010b41cdec/antenna/tag/e2806894000050038661fd4f, 83
1652705901.495242, sdrt-health/mac:02010b41cdec/antenna/tag/e28068940000400386621d4f, 77
1652705901.496272, sdrt-health/mac:02010b41cdec/antenna/tag/e2806894000040038662114f, 85
1652705901.510748, sdrt-health/mac:02010b41cdec/antenna/tag/e28068940000500386620d4f, 85
1652705901.534862, sdrt-health/mac:02010b41cdec/antenna/tag/e28068940000500386620d4f, 93
1652705901.590413, sdrt-health/mac:02010b41cdec/antenna/tag/e28068940000400386621d4f, 77
1652705901.5906, sdrt-health/mac:02010b41cdec/antenna/tag/e2806894000050038662154f, 88
1652705901.606925, sdrt-health/mac:02010b41cdec/antenna/tag/e28068940000500386620d4f, 88
1652705901.615049, sdrt-health/mac:02010b41cdec/antenna/tag/e2806894000050038662194f, 94
1652705901.667685, sdrt-health/mac:02010b41cdec/antenna/tag/e2806894000050038661fd4f, 86
1652705901.725597, sdrt-health/mac:02010b41cdec/antenna/tag/e2806894000050038662194f, 81
1652705901.725819, sdrt-health/mac:02010b41cdec/antenna/tag/e2806894000050038662154f, 88
1652705901.740561, sdrt-health/mac:02010b41cdec/antenna/tag/e28068940000500386620d4f, 85
1652705901.754369, sdrt-health/mac:02010b41cdec/antenna/tag/e28068940000400386621d4f, 96
1652705901.831835, sdrt-health/mac:02010b41cdec/antenna/tag/e2806894000050038661fd4f, 90
1652705901.832053, sdrt-health/mac:02010b41cdec/antenna/tag/e28068940000400386621d4f, 96
1652705901.845766, sdrt-health/mac:02010b41cdec/antenna/tag/e28068940000500386620d4f, 85
1652705901.886178, sdrt-health/mac:02010b41cdec/antenna/tag/e28068940000500386620d4f, 93
1652705901.924747, sdrt-health/mac:02010b41cdec/antenna/tag/e28068940000400386621d4f, 96
1652705901.974482, sdrt-health/mac:02010b41cdec/antenna/tag/e2806894000050038662154f, 87
1652705902.015813, sdrt-health/mac:02010b41cdec/antenna/tag/e2806894000040038662114f, 85
1652705902.069484, sdrt-health/mac:02010b41cdec/antenna/tag/e2806894000040038662054f, 82
1652705902.117281, sdrt-health/mac:02010b41cdec/antenna/tag/e28068940000500386620d4f, 85
1652705902.180003, sdrt-health/mac:02010b41cdec/antenna/tag/e28068940000400386621d4f, 90
1652705902.180198, sdrt-health/mac:02010b41cdec/antenna/tag/e28068940000500386620d4f, 85
1652705902.194735, sdrt-health/mac:02010b41cdec/antenna/tag/e28068940000500386620d4f, 87
1652705902.229716, sdrt-health/mac:02010b41cdec/antenna/tag/e2806894000040038662114f, 88
1652705902.229947, sdrt-health/mac:02010b41cdec/antenna/tag/e2806894000050038662194f, 88
1652705902.255081, sdrt-health/mac:02010b41cdec/antenna/tag/e2806894000040038662114f, 88
1652705902.309466, sdrt-health/mac:02010b41cdec/antenna/tag/e2806894000040038662114f, 88
1652705902.309682, sdrt-health/mac:02010b41cdec/antenna/tag/e28068940000400386621d4f, 90
1652705902.324883, sdrt-health/mac:02010b41cdec/antenna/tag/e2806894000040038662054f, 81
1652705902.350552, sdrt-health/mac:02010b41cdec/antenna/tag/e28068940000500386620d4f, 85
1652705902.395298, sdrt-health/mac:02010b41cdec/antenna/tag/e28068940000400386621d4f, 77
1652705902.462177, sdrt-health/mac:02010b41cdec/antenna/tag/e2806894000050038662194f, 84
1652705902.46249, sdrt-health/mac:02010b41cdec/antenna/tag/e2806894000050038662154f, 87
1652705902.484921, sdrt-health/mac:02010b41cdec/antenna/tag/e2806894000050038662154f, 83
1652705902.535397, sdrt-health/mac:02010b41cdec/antenna/tag/e2806894000040038661f94f, 81
1652705902.563986, sdrt-health/mac:02010b41cdec/antenna/tag/e2806894000050038662194f, 88
1652705902.564315, sdrt-health/mac:02010b41cdec/antenna/tag/e28068940000500386620d4f, 85
1652705902.579217, sdrt-health/mac:02010b41cdec/antenna/tag/e2806894000040038662114f, 88
1652705902.644065, sdrt-health/mac:02010b41cdec/antenna/tag/e2806894000040038662114f, 88
1652705902.737572, sdrt-health/mac:02010b41cdec/antenna/tag/e2806894000040038662114f, 85
1652705902.78722, sdrt-health/mac:02010b41cdec/antenna/tag/e2806894000050038661fd4f, 90
1652705902.81877, sdrt-health/mac:02010b41cdec/antenna/tag/e28068940000500386620d4f, 85
1652705902.819213, sdrt-health/mac:02010b41cdec/antenna/tag/e2806894000050038661fd4f, 86
1652705902.839309, sdrt-health/mac:02010b41cdec/antenna/tag/e28068940000500386620d4f, 85
1652705902.88475, sdrt-health/mac:02010b41cdec/antenna/tag/e2806894000040038662114f, 91
1652705902.917505, sdrt-health/mac:02010b41cdec/antenna/tag/e2806894000050038662194f, 83
1652705902.917925, sdrt-health/mac:02010b41cdec/antenna/tag/e2806894000040038662114f, 91
1652705902.918138, sdrt-health/mac:02010b41cdec/antenna/tag/e2806894000050038662154f, 85
1652705902.936096, sdrt-health/mac:02010b41cdec/antenna/tag/e2806894000050038662194f, 83
1652705903.004356, sdrt-health/mac:02010b41cdec/antenna/tag/e28068940000400386621d4f, 77
1652705903.044649, sdrt-health/mac:02010b41cdec/antenna/tag/e2806894000050038662194f, 88
1652705903.097304, sdrt-health/mac:02010b41cdec/antenna/tag/e28068940000500386620d4f, 85
1652705903.150007, sdrt-health/mac:02010b41cdec/antenna/tag/e2806894000040038662114f, 88
1652705903.150291, sdrt-health/mac:02010b41cdec/antenna/tag/e2806894000040038662114f, 91
1652705903.16476, sdrt-health/mac:02010b41cdec/antenna/tag/e2806894000040038662114f, 88
1652705903.184335, sdrt-health/mac:02010b41cdec/antenna/tag/e2806894000050038662194f, 81
1652705903.230562, sdrt-health/mac:02010b41cdec/antenna/tag/e2806894000050038661fd4f, 90
1652705903.274344, sdrt-health/mac:02010b41cdec/antenna/tag/e2806894000040038662114f, 88
1652705903.31929, sdrt-health/mac:02010b41cdec/antenna/tag/e28068940000500386620d4f, 88
1652705903.364974, sdrt-health/mac:02010b41cdec/antenna/tag/e28068940000500386620d4f, 85
1652705903.414958, sdrt-health/mac:02010b41cdec/antenna/tag/e2806894000050038661fd4f, 86
1652705903.470035, sdrt-health/mac:02010b41cdec/antenna/tag/e2806894000050038662194f, 88
1652705903.530684, sdrt-health/mac:02010b41cdec/antenna/tag/e2806894000040038662114f, 85
1652705903.530916, sdrt-health/mac:02010b41cdec/antenna/tag/e2806894000050038661fd4f, 86
1652705903.545741, sdrt-health/mac:02010b41cdec/antenna/tag/e28068940000500386620d4f, 85
1652705903.563433, sdrt-health/mac:02010b41cdec/antenna/tag/e2806894000050038661fd4f, 86
1652705903.629805, sdrt-health/mac:02010b41cdec/antenna/tag/e2806894000040038662214f, 94
1652705903.674847, sdrt-health/mac:02010b41cdec/antenna/tag/e2806894000040038661f94f, 84
1652705903.755582, sdrt-health/mac:02010b41cdec/antenna/tag/e28068940000400386621d4f, 77
1652705903.798142, sdrt-health/mac:02010b41cdec/antenna/tag/e2806894000040038662114f, 88
1652705903.862079, sdrt-health/mac:02010b41cdec/antenna/tag/e2806894000050038662194f, 81
1652705903.862613, sdrt-health/mac:02010b41cdec/antenna/tag/e2806894000040038662114f, 85
1652705903.895618, sdrt-health/mac:02010b41cdec/antenna/tag/e2806894000050038662194f, 94
1652705903.935195, sdrt-health/mac:02010b41cdec/antenna/tag/e2806894000050038662194f, 83
1652705904.016092, sdrt-health/mac:02010b41cdec/antenna/tag/e2806894000050038661fd4f, 90
1652705904.055724, sdrt-health/mac:02010b41cdec/antenna/tag/e2806894000050038662154f, 85
1652705904.12512, sdrt-health/mac:02010b41cdec/antenna/tag/e2806894000040038662114f, 88
1652705904.125639, sdrt-health/mac:02010b41cdec/antenna/tag/e2806894000050038662154f, 93
1652705904.155717, sdrt-health/mac:02010b41cdec/antenna/tag/e2806894000040038662114f, 85
1652705904.199725, sdrt-health/mac:02010b41cdec/antenna/tag/e2806894000050038662154f, 83
1652705904.305374, sdrt-health/mac:02010b41cdec/antenna/tag/e2806894000050038662154f, 85
1652705904.383363, sdrt-health/mac:02010b41cdec/antenna/tag/e2806894000040038662054f, 88
1652705904.416369, sdrt-health/mac:02010b41cdec/antenna/tag/e2806894000040038662114f, 91
1652705904.417395, sdrt-health/mac:02010b41cdec/antenna/tag/e28068940000500386620d4f, 93
1652705904.429672, sdrt-health/mac:02010b41cdec/antenna/tag/e2806894000050038661fd4f, 86
1652705904.475545, sdrt-health/mac:02010b41cdec/antenna/tag/e28068940000400386621d4f, 90
1652705904.541809, sdrt-health/mac:02010b41cdec/antenna/tag/e28068940000500386620d4f, 93
1652705904.542354, sdrt-health/mac:02010b41cdec/antenna/tag/e28068940000400386621d4f, 90
1652705904.557547, sdrt-health/mac:02010b41cdec/antenna/tag/e28068940000500386620d4f, 88
1652705904.565243, sdrt-health/mac:02010b41cdec/antenna/tag/e2806894000050038662194f, 83
1652705904.571571, sdrt-health/mac:02010b41cdec/antenna/tag/e2806894000040038662114f, 88
1652705904.57191, sdrt-health/mac:02010b41cdec/antenna/tag/e2806894000050038662194f, 81
1652705904.614881, sdrt-health/mac:02010b41cdec/antenna/tag/e2806894000050038661fd4f, 90
1652705904.701749, sdrt-health/mac:02010b41cdec/antenna/tag/e2806894000040038662114f, 88
1652705904.702279, sdrt-health/mac:02010b41cdec/antenna/tag/e2806894000050038662194f, 88
1652705904.724678, sdrt-health/mac:02010b41cdec/antenna/tag/e28068940000400386621d4f, 90
1652705904.77499, sdrt-health/mac:02010b41cdec/antenna/tag/e2806894000040038662114f, 88
1652705904.832039, sdrt-health/mac:02010b41cdec/antenna/tag/e2806894000040038662054f, 94
1652705904.832531, sdrt-health/mac:02010b41cdec/antenna/tag/e28068940000500386620d4f, 93
1652705904.848021, sdrt-health/mac:02010b41cdec/antenna/tag/e2806894000050038662154f, 85
1652705904.865077, sdrt-health/mac:02010b41cdec/antenna/tag/e2806894000050038661fd4f, 86
1652705904.916727, sdrt-health/mac:02010b41cdec/antenna/tag/e2806894000050038662154f, 85
1652705905.031246, sdrt-health/mac:02010b41cdec/antenna/tag/e2806894000050038662194f, 83
1652705905.031704, sdrt-health/mac:02010b41cdec/antenna/tag/e2806894000050038662154f, 87
1652705905.095858, sdrt-health/mac:02010b41cdec/antenna/tag/e2806894000040038662114f, 85
1652705905.133728, sdrt-health/mac:02010b41cdec/antenna/tag/e28068940000400386621d4f, 96
1652705905.134212, sdrt-health/mac:02010b41cdec/antenna/tag/e2806894000050038662154f, 87
1652705905.14963, sdrt-health/mac:02010b41cdec/antenna/tag/e28068940000500386620d4f, 85
1652705905.149916, sdrt-health/mac:02010b41cdec/antenna/tag/e2806894000050038662154f, 93
1652705905.194982, sdrt-health/mac:02010b41cdec/antenna/tag/e2806894000040038662114f, 88
1652705905.238243, sdrt-health/mac:02010b41cdec/antenna/tag/e28068940000500386620d4f, 87
1652705905.301224, sdrt-health/mac:02010b41cdec/antenna/tag/e28068940000500386620d4f, 87
1652705905.301668, sdrt-health/mac:02010b41cdec/antenna/tag/e2806894000050038661fd4f, 86
1652705905.336316, sdrt-health/mac:02010b41cdec/antenna/tag/e2806894000050038661fd4f, 90
1652705905.365701, sdrt-health/mac:02010b41cdec/antenna/tag/e28068940000500386620d4f, 85
1652705905.366048, sdrt-health/mac:02010b41cdec/antenna/tag/e28068940000400386621d4f, 96
1652705905.398738, sdrt-health/mac:02010b41cdec/antenna/tag/e2806894000050038662154f, 85
1652705905.497356, sdrt-health/mac:02010b41cdec/antenna/tag/e2806894000050038662154f, 93
1652705905.561771, sdrt-health/mac:02010b41cdec/antenna/tag/e2806894000040038661f94f, 81
1652705905.592053, sdrt-health/mac:02010b41cdec/antenna/tag/e2806894000050038661fd4f, 86
1652705905.592449, sdrt-health/mac:02010b41cdec/antenna/tag/e2806894000050038662194f, 81
1652705905.592702, sdrt-health/mac:02010b41cdec/antenna/tag/e2806894000040038662114f, 88
1652705905.592939, sdrt-health/mac:02010b41cdec/antenna/tag/e2806894000040038662114f, 88
1652705905.593272, sdrt-health/mac:02010b41cdec/antenna/tag/e2806894000050038662154f, 87
1652705905.612963, sdrt-health/mac:02010b41cdec/antenna/tag/e28068940000400386621d4f, 96
1652705905.642047, sdrt-health/mac:02010b41cdec/antenna/tag/e28068940000500386620d4f, 93
1652705905.642394, sdrt-health/mac:02010b41cdec/antenna/tag/e2806894000050038661fd4f, 86
1652705905.657405, sdrt-health/mac:02010b41cdec/antenna/tag/e28068940000500386620d4f, 85
1652705905.657852, sdrt-health/mac:02010b41cdec/antenna/tag/e28068940000400386621d4f, 90
1652705905.658139, sdrt-health/mac:02010b41cdec/antenna/tag/e2806894000050038662154f, 88
1652705905.710301, sdrt-health/mac:02010b41cdec/antenna/tag/e2806894000040038662114f, 88
1652705905.756515, sdrt-health/mac:02010b41cdec/antenna/tag/e2806894000050038661fd4f, 90
1652705905.863279, sdrt-health/mac:02010b41cdec/antenna/tag/e2806894000050038662154f, 93
1652705905.863808, sdrt-health/mac:02010b41cdec/antenna/tag/e28068940000400386621d4f, 90
1652705905.878633, sdrt-health/mac:02010b41cdec/antenna/tag/e2806894000040038662054f, 84
1652705905.895195, sdrt-health/mac:02010b41cdec/antenna/tag/e2806894000050038662194f, 83
1652705905.927124, sdrt-health/mac:02010b41cdec/antenna/tag/e2806894000050038662154f, 85
1652705905.927369, sdrt-health/mac:02010b41cdec/antenna/tag/e2806894000050038662194f, 81
1652705905.927519, sdrt-health/mac:02010b41cdec/antenna/tag/e28068940000400386621d4f, 96
1652705905.941555, sdrt-health/mac:02010b41cdec/antenna/tag/e2806894000050038661fd4f, 86
1652705905.984994, sdrt-health/mac:02010b41cdec/antenna/tag/e2806894000050038661fd4f, 86
1652705906.04613, sdrt-health/mac:02010b41cdec/antenna/tag/e28068940000500386620d4f, 85
1652705906.046638, sdrt-health/mac:02010b41cdec/antenna/tag/e2806894000040038662114f, 91
1652705906.078835, sdrt-health/mac:02010b41cdec/antenna/tag/e2806894000050038661fd4f, 86
1652705906.13582, sdrt-health/mac:02010b41cdec/antenna/tag/e28068940000400386621d4f, 96
1652705906.136051, sdrt-health/mac:02010b41cdec/antenna/tag/e28068940000400386621d4f, 96
1652705906.152377, sdrt-health/mac:02010b41cdec/antenna/tag/e2806894000050038661fd4f, 86
1652705906.152719, sdrt-health/mac:02010b41cdec/antenna/tag/e2806894000050038661fd4f, 86
1652705906.164077, sdrt-health/mac:02010b41cdec/antenna/tag/e28068940000400386621d4f, 77
1652705906.16937, sdrt-health/mac:02010b41cdec/antenna/tag/e2806894000050038662194f, 83
1652705906.214653, sdrt-health/mac:02010b41cdec/antenna/tag/e2806894000050038661fd4f, 86
1652705906.215299, sdrt-health/mac:02010b41cdec/antenna/tag/e28068940000500386620d4f, 87
1652705906.285308, sdrt-health/mac:02010b41cdec/antenna/tag/e2806894000050038661fd4f, 86
1652705906.335382, sdrt-health/mac:02010b41cdec/antenna/tag/e2806894000040038662114f, 88
1652705906.387958, sdrt-health/mac:02010b41cdec/antenna/tag/e2806894000050038662154f, 85
1652705906.388356, sdrt-health/mac:02010b41cdec/antenna/tag/e28068940000400386621d4f, 96
1652705906.388641, sdrt-health/mac:02010b41cdec/antenna/tag/e28068940000400386621d4f, 96
1652705906.414559, sdrt-health/mac:02010b41cdec/antenna/tag/e2806894000050038662154f, 85
1652705906.478724, sdrt-health/mac:02010b41cdec/antenna/tag/e2806894000050038662194f, 83
1652705906.479189, sdrt-health/mac:02010b41cdec/antenna/tag/e2806894000050038661fd4f, 86
1652705906.494104, sdrt-health/mac:02010b41cdec/antenna/tag/e2806894000040038662114f, 88
1652705906.508297, sdrt-health/mac:02010b41cdec/antenna/tag/e2806894000040038662114f, 88
1652705906.554715, sdrt-health/mac:02010b41cdec/antenna/tag/e2806894000050038661fd4f, 86
1652705906.639671, sdrt-health/mac:02010b41cdec/antenna/tag/e2806894000050038662154f, 85
1652705906.640188, sdrt-health/mac:02010b41cdec/antenna/tag/e28068940000400386621d4f, 77
1652705906.65307, sdrt-health/mac:02010b41cdec/antenna/tag/e2806894000040038662114f, 88
1652705906.695723, sdrt-health/mac:02010b41cdec/antenna/tag/e28068940000500386620d4f, 85
1652705906.724073, sdrt-health/mac:02010b41cdec/antenna/tag/e2806894000050038662154f, 85
1652705906.724505, sdrt-health/mac:02010b41cdec/antenna/tag/e28068940000400386621d4f, 96
1652705906.758255, sdrt-health/mac:02010b41cdec/antenna/tag/e2806894000050038662154f, 85
1652705906.80481, sdrt-health/mac:02010b41cdec/antenna/tag/e2806894000050038662154f, 85
1652705906.854535, sdrt-health/mac:02010b41cdec/antenna/tag/e28068940000500386620d4f, 85
1652705906.923735, sdrt-health/mac:02010b41cdec/antenna/tag/e28068940000400386621d4f, 90
1652705906.924187, sdrt-health/mac:02010b41cdec/antenna/tag/e28068940000400386621d4f, 96
1652705906.938034, sdrt-health/mac:02010b41cdec/antenna/tag/e28068940000500386620d4f, 85
1652705906.953953, sdrt-health/mac:02010b41cdec/antenna/tag/e2806894000040038662114f, 85
1652705907.012289, sdrt-health/mac:02010b41cdec/antenna/tag/e2806894000040038662114f, 85
1652705907.0128, sdrt-health/mac:02010b41cdec/antenna/tag/e2806894000050038662154f, 85
1652705907.044498, sdrt-health/mac:02010b41cdec/antenna/tag/e2806894000050038662154f, 87
1652705907.094567, sdrt-health/mac:02010b41cdec/antenna/tag/e2806894000040038662114f, 85
1652705907.170631, sdrt-health/mac:02010b41cdec/antenna/tag/e2806894000040038662054f, 81
1652705907.171111, sdrt-health/mac:02010b41cdec/antenna/tag/e2806894000050038662154f, 85
1652705907.203619, sdrt-health/mac:02010b41cdec/antenna/tag/e2806894000050038661fd4f, 86
1652705907.259711, sdrt-health/mac:02010b41cdec/antenna/tag/e2806894000040038662114f, 88
1652705907.350874, sdrt-health/mac:02010b41cdec/antenna/tag/e2806894000050038662154f, 85
1652705907.351377, sdrt-health/mac:02010b41cdec/antenna/tag/e2806894000040038662114f, 91
1652705907.370392, sdrt-health/mac:02010b41cdec/antenna/tag/e2806894000050038662154f, 85
1652705907.406192, sdrt-health/mac:02010b41cdec/antenna/tag/e2806894000040038662054f, 88
1652705907.406478, sdrt-health/mac:02010b41cdec/antenna/tag/e2806894000050038661fd4f, 86
1652705907.436524, sdrt-health/mac:02010b41cdec/antenna/tag/e2806894000050038662194f, 81
1652705907.513096, sdrt-health/mac:02010b41cdec/antenna/tag/e2806894000050038661fd4f, 86
1652705907.513555, sdrt-health/mac:02010b41cdec/antenna/tag/e2806894000050038661fd4f, 86
1652705907.52825, sdrt-health/mac:02010b41cdec/antenna/tag/e2806894000050038662194f, 83
1652705907.550661, sdrt-health/mac:02010b41cdec/antenna/tag/e2806894000040038662214f, 84
1652705907.67132, sdrt-health/mac:02010b41cdec/antenna/tag/e2806894000050038662154f, 93
1652705907.671811, sdrt-health/mac:02010b41cdec/antenna/tag/e2806894000040038662114f, 85
1652705907.719673, sdrt-health/mac:02010b41cdec/antenna/tag/e28068940000500386620d4f, 85
1652705907.780875, sdrt-health/mac:02010b41cdec/antenna/tag/e2806894000050038661fd4f, 90
1652705907.781334, sdrt-health/mac:02010b41cdec/antenna/tag/e2806894000050038662154f, 88
1652705907.796421, sdrt-health/mac:02010b41cdec/antenna/tag/e28068940000500386620d4f, 88
1652705907.815568, sdrt-health/mac:02010b41cdec/antenna/tag/e28068940000500386620d4f, 85
1652705907.87056, sdrt-health/mac:02010b41cdec/antenna/tag/e28068940000500386620d4f, 85
1652705907.917295, sdrt-health/mac:02010b41cdec/antenna/tag/e2806894000050038662194f, 81
1652705907.959758, sdrt-health/mac:02010b41cdec/antenna/tag/e2806894000040038661f94f, 81
1652705907.991391, sdrt-health/mac:02010b41cdec/antenna/tag/e2806894000050038661fd4f, 83
1652705907.991632, sdrt-health/mac:02010b41cdec/antenna/tag/e2806894000050038662154f, 87
1652705908.006625, sdrt-health/mac:02010b41cdec/antenna/tag/e2806894000040038662114f, 85
1652705908.006975, sdrt-health/mac:02010b41cdec/antenna/tag/e2806894000050038661fd4f, 83
1652705908.007188, sdrt-health/mac:02010b41cdec/antenna/tag/e2806894000040038662114f, 85
1652705908.055841, sdrt-health/mac:02010b41cdec/antenna/tag/e28068940000400386621d4f, 77
1652705908.090014, sdrt-health/mac:02010b41cdec/antenna/tag/e2806894000050038662154f, 88
1652705908.090466, sdrt-health/mac:02010b41cdec/antenna/tag/e2806894000050038661fd4f, 86
1652705908.10646, sdrt-health/mac:02010b41cdec/antenna/tag/e28068940000500386620d4f, 85
1652705908.136743, sdrt-health/mac:02010b41cdec/antenna/tag/e28068940000400386621d4f, 96
1652705908.199453, sdrt-health/mac:02010b41cdec/antenna/tag/e28068940000400386621d4f, 96
1652705908.246516, sdrt-health/mac:02010b41cdec/antenna/tag/e2806894000050038661fd4f, 86
1652705908.279654, sdrt-health/mac:02010b41cdec/antenna/tag/e2806894000050038662154f, 88
1652705908.279894, sdrt-health/mac:02010b41cdec/antenna/tag/e28068940000400386621d4f, 96
1652705908.29656, sdrt-health/mac:02010b41cdec/antenna/tag/e2806894000050038662154f, 85
1652705908.35209, sdrt-health/mac:02010b41cdec/antenna/tag/e2806894000050038662154f, 88
1652705908.412973, sdrt-health/mac:02010b41cdec/antenna/tag/e2806894000050038662154f, 85
1652705908.413413, sdrt-health/mac:02010b41cdec/antenna/tag/e2806894000050038662154f, 85
1652705908.455777, sdrt-health/mac:02010b41cdec/antenna/tag/e2806894000040038661f94f, 88
1652705908.511079, sdrt-health/mac:02010b41cdec/antenna/tag/e28068940000500386620d4f, 85
1652705908.511555, sdrt-health/mac:02010b41cdec/antenna/tag/e2806894000050038662194f, 94
1652705908.526834, sdrt-health/mac:02010b41cdec/antenna/tag/e2806894000050038662154f, 83
1652705908.534953, sdrt-health/mac:02010b41cdec/antenna/tag/e2806894000050038662194f, 81
1652705908.599142, sdrt-health/mac:02010b41cdec/antenna/tag/e28068940000400386621d4f, 96
1652705908.646046, sdrt-health/mac:02010b41cdec/antenna/tag/e2806894000050038661fd4f, 90
1652705908.712522, sdrt-health/mac:02010b41cdec/antenna/tag/e2806894000040038662114f, 91
1652705908.713061, sdrt-health/mac:02010b41cdec/antenna/tag/e2806894000050038662154f, 88
1652705908.750964, sdrt-health/mac:02010b41cdec/antenna/tag/e28068940000500386620d4f, 85
1652705908.796083, sdrt-health/mac:02010b41cdec/antenna/tag/e2806894000040038662114f, 88
1652705908.827892, sdrt-health/mac:02010b41cdec/antenna/tag/e2806894000050038662154f, 85
1652705908.828172, sdrt-health/mac:02010b41cdec/antenna/tag/e28068940000500386620d4f, 85
1652705908.843731, sdrt-health/mac:02010b41cdec/antenna/tag/e2806894000050038662194f, 84
1652705908.885859, sdrt-health/mac:02010b41cdec/antenna/tag/e28068940000400386621d4f, 77
1652705908.936534, sdrt-health/mac:02010b41cdec/antenna/tag/e2806894000050038661fd4f, 83
1652705908.968518, sdrt-health/mac:02010b41cdec/antenna/tag/e2806894000050038662154f, 83
1652705908.969063, sdrt-health/mac:02010b41cdec/antenna/tag/e2806894000040038661f94f, 88
1652705908.986101, sdrt-health/mac:02010b41cdec/antenna/tag/e2806894000040038662214f, 81
1652705909.025422, sdrt-health/mac:02010b41cdec/antenna/tag/e2806894000040038662114f, 85
1652705909.071866, sdrt-health/mac:02010b41cdec/antenna/tag/e2806894000050038662154f, 87
1652705909.104927, sdrt-health/mac:02010b41cdec/antenna/tag/e2806894000040038662114f, 85
1652705909.105149, sdrt-health/mac:02010b41cdec/antenna/tag/e2806894000050038662194f, 82
1652705909.120839, sdrt-health/mac:02010b41cdec/antenna/tag/e2806894000050038661fd4f, 86
1652705909.12117, sdrt-health/mac:02010b41cdec/antenna/tag/e28068940000400386621d4f, 77
1652705909.159507, sdrt-health/mac:02010b41cdec/antenna/tag/e2806894000040038662114f, 85
1652705909.232354, sdrt-health/mac:02010b41cdec/antenna/tag/e2806894000050038662154f, 88
1652705909.291658, sdrt-health/mac:02010b41cdec/antenna/tag/e2806894000050038662154f, 85
1652705909.292154, sdrt-health/mac:02010b41cdec/antenna/tag/e2806894000050038662154f, 88
1652705909.307909, sdrt-health/mac:02010b41cdec/antenna/tag/e2806894000050038662154f, 85
1652705909.33837, sdrt-health/mac:02010b41cdec/antenna/tag/e28068940000500386620d4f, 85
1652705909.338911, sdrt-health/mac:02010b41cdec/antenna/tag/e2806894000040038662114f, 91
1652705909.339354, sdrt-health/mac:02010b41cdec/antenna/tag/e2806894000050038662154f, 85
1652705909.339719, sdrt-health/mac:02010b41cdec/antenna/tag/e2806894000050038661fd4f, 90
1652705909.366972, sdrt-health/mac:02010b41cdec/antenna/tag/e2806894000050038661fd4f, 90
1652705909.424484, sdrt-health/mac:02010b41cdec/antenna/tag/e2806894000050038662154f, 85
1652705909.505908, sdrt-health/mac:02010b41cdec/antenna/tag/e2806894000050038662154f, 93
1652705909.575537, sdrt-health/mac:02010b41cdec/antenna/tag/e2806894000040038662114f, 85
1652705909.607981, sdrt-health/mac:02010b41cdec/antenna/tag/e28068940000400386621d4f, 77
1652705909.608385, sdrt-health/mac:02010b41cdec/antenna/tag/e2806894000050038661fd4f, 86
1652705909.622943, sdrt-health/mac:02010b41cdec/antenna/tag/e28068940000400386621d4f, 96
1652705909.67625, sdrt-health/mac:02010b41cdec/antenna/tag/e2806894000050038661fd4f, 90
1652705909.846535, sdrt-health/mac:02010b41cdec/antenna/tag/scan, scan stopped
