1652706294.526789, sdrt-health/mac:02010b41cdec/antenna/power/set, {"power": 280}
1652706295.613214, sdrt-health/mac:02010b41cdec/antenna/power/set, 
1652706299.548711, sdrt-health/mac:02010b41cdec/antenna/tag/scan, {"time": 20000}
1652706300.012926, sdrt-health/mac:02010b41cdec/antenna/tag/e28068940000400386621d4f, 90
1652706300.053416, sdrt-health/mac:02010b41cdec/antenna/tag/e2806894000050038661fd4f, 90
1652706300.053607, sdrt-health/mac:02010b41cdec/antenna/tag/e28068940000400386621d4f, 90
1652706300.143354, sdrt-health/mac:02010b41cdec/antenna/tag/e2806894000050038661fd4f, 83
1652706300.188827, sdrt-health/mac:02010b41cdec/antenna/tag/e2806894000040038662114f, 85
1652706300.24592, sdrt-health/mac:02010b41cdec/antenna/tag/e2806894000050038661fd4f, 86
1652706300.246493, sdrt-health/mac:02010b41cdec/antenna/tag/e28068940000500386620d4f, 93
1652706300.246919, sdrt-health/mac:02010b41cdec/antenna/tag/e2806894000050038661fd4f, 83
1652706300.278154, sdrt-health/mac:02010b41cdec/antenna/tag/e28068940000400386621d4f, 77
1652706300.323484, sdrt-health/mac:02010b41cdec/antenna/tag/e28068940000500386620d4f, 83
1652706300.372584, sdrt-health/mac:02010b41cdec/antenna/tag/e2806894000040038662114f, 85
1652706300.412991, sdrt-health/mac:02010b41cdec/antenna/tag/e2806894000050038661fd4f, 86
1652706300.474429, sdrt-health/mac:02010b41cdec/antenna/tag/e28068940000500386620d4f, 87
1652706300.474927, sdrt-health/mac:02010b41cdec/antenna/tag/e28068940000400386621d4f, 96
1652706300.488003, sdrt-health/mac:02010b41cdec/antenna/tag/e2806894000050038661fd4f, 86
1652706300.515701, sdrt-health/mac:02010b41cdec/antenna/tag/e2806894000040038662114f, 88
1652706300.563454, sdrt-health/mac:02010b41cdec/antenna/tag/e28068940000400386621d4f, 90
1652706300.628239, sdrt-health/mac:02010b41cdec/antenna/tag/e2806894000050038662154f, 85
1652706300.628769, sdrt-health/mac:02010b41cdec/antenna/tag/e2806894000050038662154f, 93
1652706300.642644, sdrt-health/mac:02010b41cdec/antenna/tag/e2806894000050038662154f, 85
1652706300.666583, sdrt-health/mac:02010b41cdec/antenna/tag/e2806894000050038662194f, 83
1652706300.728462, sdrt-health/mac:02010b41cdec/antenna/tag/e2806894000040038662114f, 88
1652706300.728935, sdrt-health/mac:02010b41cdec/antenna/tag/e2806894000050038662194f, 83
1652706300.745539, sdrt-health/mac:02010b41cdec/antenna/tag/e2806894000050038662194f, 83
1652706300.756479, sdrt-health/mac:02010b41cdec/antenna/tag/e2806894000040038662114f, 85
1652706300.80323, sdrt-health/mac:02010b41cdec/antenna/tag/e28068940000500386620d4f, 87
1652706300.876132, sdrt-health/mac:02010b41cdec/antenna/tag/e2806894000050038661fd4f, 86
1652706300.876602, sdrt-health/mac:02010b41cdec/antenna/tag/e28068940000500386620d4f, 83
1652706300.889944, sdrt-health/mac:02010b41cdec/antenna/tag/e2806894000050038661fd4f, 83
1652706300.908391, sdrt-health/mac:02010b41cdec/antenna/tag/e2806894000050038661fd4f, 86
1652706300.935176, sdrt-health/mac:02010b41cdec/antenna/tag/e28068940000500386620d4f, 87
1652706300.935397, sdrt-health/mac:02010b41cdec/antenna/tag/e2806894000050038661fd4f, 86
1652706301.012285, sdrt-health/mac:02010b41cdec/antenna/tag/e2806894000050038661fd4f, 90
1652706301.077567, sdrt-health/mac:02010b41cdec/antenna/tag/e28068940000500386620d4f, 87
1652706301.105947, sdrt-health/mac:02010b41cdec/antenna/tag/e28068940000400386621d4f, 90
1652706301.106396, sdrt-health/mac:02010b41cdec/antenna/tag/e2806894000050038661fd4f, 83
1652706301.122776, sdrt-health/mac:02010b41cdec/antenna/tag/e28068940000500386620d4f, 93
1652706301.172764, sdrt-health/mac:02010b41cdec/antenna/tag/e28068940000400386621d4f, 90
1652706301.230126, sdrt-health/mac:02010b41cdec/antenna/tag/e28068940000400386621d4f, 96
1652706301.230633, sdrt-health/mac:02010b41cdec/antenna/tag/e2806894000040038662114f, 85
1652706301.230975, sdrt-health/mac:02010b41cdec/antenna/tag/e2806894000050038661fd4f, 83
1652706301.263494, sdrt-health/mac:02010b41cdec/antenna/tag/e2806894000040038662114f, 93
1652706301.317876, sdrt-health/mac:02010b41cdec/antenna/tag/e2806894000050038662154f, 87
1652706301.353404, sdrt-health/mac:02010b41cdec/antenna/tag/e2806894000050038662194f, 83
1652706301.353843, sdrt-health/mac:02010b41cdec/antenna/tag/e28068940000500386620d4f, 88
1652706301.367154, sdrt-health/mac:02010b41cdec/antenna/tag/e2806894000050038662194f, 87
1652706301.367527, sdrt-health/mac:02010b41cdec/antenna/tag/e2806894000040038662114f, 88
1652706301.413688, sdrt-health/mac:02010b41cdec/antenna/tag/e28068940000500386620d4f, 83
1652706301.4776, sdrt-health/mac:02010b41cdec/antenna/tag/e2806894000050038661fd4f, 83
1652706301.523317, sdrt-health/mac:02010b41cdec/antenna/tag/e28068940000400386621d4f, 77
1652706301.581999, sdrt-health/mac:02010b41cdec/antenna/tag/e2806894000040038662114f, 85
1652706301.609427, sdrt-health/mac:02010b41cdec/antenna/tag/e28068940000500386620d4f, 87
1652706301.609759, sdrt-health/mac:02010b41cdec/antenna/tag/e2806894000050038662154f, 83
1652706301.627716, sdrt-health/mac:02010b41cdec/antenna/tag/e2806894000050038662154f, 83
1652706301.704296, sdrt-health/mac:02010b41cdec/antenna/tag/e2806894000050038662194f, 81
1652706301.70476, sdrt-health/mac:02010b41cdec/antenna/tag/e28068940000400386621d4f, 77
1652706301.717768, sdrt-health/mac:02010b41cdec/antenna/tag/e2806894000040038662114f, 88
1652706301.748183, sdrt-health/mac:02010b41cdec/antenna/tag/e2806894000040038662114f, 85
1652706301.748484, sdrt-health/mac:02010b41cdec/antenna/tag/e2806894000050038662154f, 94
1652706301.788516, sdrt-health/mac:02010b41cdec/antenna/tag/e2806894000050038662154f, 81
1652706301.83318, sdrt-health/mac:02010b41cdec/antenna/tag/e2806894000050038661fd4f, 86
1652706301.890235, sdrt-health/mac:02010b41cdec/antenna/tag/e2806894000050038662194f, 94
1652706301.890723, sdrt-health/mac:02010b41cdec/antenna/tag/e2806894000040038662114f, 88
1652706301.904871, sdrt-health/mac:02010b41cdec/antenna/tag/e2806894000050038661fd4f, 86
1652706301.922602, sdrt-health/mac:02010b41cdec/antenna/tag/e2806894000050038662194f, 81
1652706301.97293, sdrt-health/mac:02010b41cdec/antenna/tag/e28068940000500386620d4f, 83
1652706302.053671, sdrt-health/mac:02010b41cdec/antenna/tag/e2806894000040038662114f, 88
1652706302.095122, sdrt-health/mac:02010b41cdec/antenna/tag/e2806894000050038661fd4f, 86
1652706302.124584, sdrt-health/mac:02010b41cdec/antenna/tag/e28068940000400386621d4f, 90
1652706302.124923, sdrt-health/mac:02010b41cdec/antenna/tag/e28068940000500386620d4f, 87
1652706302.143123, sdrt-health/mac:02010b41cdec/antenna/tag/e28068940000500386620d4f, 87
1652706302.187595, sdrt-health/mac:02010b41cdec/antenna/tag/e28068940000500386620d4f, 85
1652706302.188071, sdrt-health/mac:02010b41cdec/antenna/tag/e2806894000040038662114f, 88
1652706302.232334, sdrt-health/mac:02010b41cdec/antenna/tag/e2806894000050038662154f, 87
1652706302.276601, sdrt-health/mac:02010b41cdec/antenna/tag/e2806894000050038662154f, 87
1652706302.332289, sdrt-health/mac:02010b41cdec/antenna/tag/e2806894000050038662154f, 81
1652706302.332751, sdrt-health/mac:02010b41cdec/antenna/tag/e2806894000040038662214f, 110
1652706302.347198, sdrt-health/mac:02010b41cdec/antenna/tag/e2806894000040038662114f, 85
1652706302.372933, sdrt-health/mac:02010b41cdec/antenna/tag/e2806894000040038662114f, 85
1652706302.426958, sdrt-health/mac:02010b41cdec/antenna/tag/e2806894000040038661f94f, 88
1652706302.472816, sdrt-health/mac:02010b41cdec/antenna/tag/e28068940000400386621d4f, 90
1652706302.525777, sdrt-health/mac:02010b41cdec/antenna/tag/e2806894000040038662114f, 85
1652706302.588063, sdrt-health/mac:02010b41cdec/antenna/tag/e28068940000500386620d4f, 93
1652706302.588547, sdrt-health/mac:02010b41cdec/antenna/tag/e2806894000050038661fd4f, 86
1652706302.588888, sdrt-health/mac:02010b41cdec/antenna/tag/e2806894000050038662154f, 85
1652706302.589241, sdrt-health/mac:02010b41cdec/antenna/tag/e2806894000050038662154f, 93
1652706302.600607, sdrt-health/mac:02010b41cdec/antenna/tag/e28068940000400386621d4f, 90
1652706302.622585, sdrt-health/mac:02010b41cdec/antenna/tag/e28068940000400386621d4f, 90
1652706302.684316, sdrt-health/mac:02010b41cdec/antenna/tag/e2806894000050038661fd4f, 90
1652706302.748678, sdrt-health/mac:02010b41cdec/antenna/tag/e28068940000500386620d4f, 93
1652706302.750318, sdrt-health/mac:02010b41cdec/antenna/tag/e2806894000040038662054f, 94
1652706302.764726, sdrt-health/mac:02010b41cdec/antenna/tag/e2806894000040038662114f, 85
1652706302.797267, sdrt-health/mac:02010b41cdec/antenna/tag/e2806894000050038662194f, 81
1652706302.797597, sdrt-health/mac:02010b41cdec/antenna/tag/e2806894000050038662194f, 94
1652706302.839196, sdrt-health/mac:02010b41cdec/antenna/tag/e2806894000050038661fd4f, 83
1652706302.88393, sdrt-health/mac:02010b41cdec/antenna/tag/e28068940000500386620d4f, 83
1652706302.980012, sdrt-health/mac:02010b41cdec/antenna/tag/e2806894000040038662114f, 85
1652706302.980472, sdrt-health/mac:02010b41cdec/antenna/tag/e28068940000500386620d4f, 81
1652706303.013869, sdrt-health/mac:02010b41cdec/antenna/tag/e2806894000050038661fd4f, 86
1652706303.042947, sdrt-health/mac:02010b41cdec/antenna/tag/e2806894000050038662194f, 81
1652706303.043238, sdrt-health/mac:02010b41cdec/antenna/tag/e28068940000400386621d4f, 77
1652706303.057285, sdrt-health/mac:02010b41cdec/antenna/tag/e2806894000050038661fd4f, 86
1652706303.093219, sdrt-health/mac:02010b41cdec/antenna/tag/e28068940000400386621d4f, 96
1652706303.131892, sdrt-health/mac:02010b41cdec/antenna/tag/e28068940000500386620d4f, 87
1652706303.172673, sdrt-health/mac:02010b41cdec/antenna/tag/e2806894000040038662114f, 88
1652706303.242182, sdrt-health/mac:02010b41cdec/antenna/tag/e28068940000400386621d4f, 96
1652706303.242557, sdrt-health/mac:02010b41cdec/antenna/tag/e2806894000050038662154f, 87
1652706303.256599, sdrt-health/mac:02010b41cdec/antenna/tag/e2806894000050038661fd4f, 83
1652706303.256889, sdrt-health/mac:02010b41cdec/antenna/tag/e2806894000050038661fd4f, 86
1652706303.272336, sdrt-health/mac:02010b41cdec/antenna/tag/e28068940000500386620d4f, 87
1652706303.357832, sdrt-health/mac:02010b41cdec/antenna/tag/e28068940000400386621d4f, 96
1652706303.358376, sdrt-health/mac:02010b41cdec/antenna/tag/e2806894000040038662114f, 85
1652706303.395942, sdrt-health/mac:02010b41cdec/antenna/tag/e28068940000400386621d4f, 96
1652706303.443924, sdrt-health/mac:02010b41cdec/antenna/tag/e2806894000040038662114f, 85
1652706303.471862, sdrt-health/mac:02010b41cdec/antenna/tag/e2806894000050038661fd4f, 90
1652706303.472209, sdrt-health/mac:02010b41cdec/antenna/tag/e28068940000400386621d4f, 90
1652706303.533882, sdrt-health/mac:02010b41cdec/antenna/tag/e2806894000040038662114f, 88
1652706303.629272, sdrt-health/mac:02010b41cdec/antenna/tag/e28068940000500386620d4f, 93
1652706303.659874, sdrt-health/mac:02010b41cdec/antenna/tag/e28068940000500386620d4f, 85
1652706303.660104, sdrt-health/mac:02010b41cdec/antenna/tag/e2806894000050038662154f, 93
1652706303.67361, sdrt-health/mac:02010b41cdec/antenna/tag/e2806894000050038662154f, 93
1652706303.673871, sdrt-health/mac:02010b41cdec/antenna/tag/e2806894000040038662114f, 88
1652706303.723786, sdrt-health/mac:02010b41cdec/antenna/tag/e28068940000500386620d4f, 87
1652706303.778453, sdrt-health/mac:02010b41cdec/antenna/tag/e2806894000050038661fd4f, 86
1652706303.778975, sdrt-health/mac:02010b41cdec/antenna/tag/e2806894000050038661fd4f, 83
1652706303.792521, sdrt-health/mac:02010b41cdec/antenna/tag/e28068940000400386621d4f, 90
1652706303.832843, sdrt-health/mac:02010b41cdec/antenna/tag/e28068940000500386620d4f, 93
1652706303.862928, sdrt-health/mac:02010b41cdec/antenna/tag/e28068940000400386621d4f, 90
1652706303.863377, sdrt-health/mac:02010b41cdec/antenna/tag/e28068940000500386620d4f, 85
1652706303.875795, sdrt-health/mac:02010b41cdec/antenna/tag/e2806894000040038662114f, 85
1652706303.922711, sdrt-health/mac:02010b41cdec/antenna/tag/e28068940000400386621d4f, 77
1652706304.006337, sdrt-health/mac:02010b41cdec/antenna/tag/e28068940000500386620d4f, 93
1652706304.006821, sdrt-health/mac:02010b41cdec/antenna/tag/e2806894000040038662114f, 85
1652706304.035664, sdrt-health/mac:02010b41cdec/antenna/tag/e2806894000050038661fd4f, 86
1652706304.035957, sdrt-health/mac:02010b41cdec/antenna/tag/e2806894000040038662114f, 85
1652706304.036155, sdrt-health/mac:02010b41cdec/antenna/tag/e2806894000050038661fd4f, 86
1652706304.123404, sdrt-health/mac:02010b41cdec/antenna/tag/e2806894000050038661fd4f, 90
1652706304.213963, sdrt-health/mac:02010b41cdec/antenna/tag/e2806894000050038662154f, 93
1652706304.269231, sdrt-health/mac:02010b41cdec/antenna/tag/e2806894000050038661fd4f, 83
1652706304.31358, sdrt-health/mac:02010b41cdec/antenna/tag/e28068940000500386620d4f, 87
1652706304.386244, sdrt-health/mac:02010b41cdec/antenna/tag/e28068940000400386621d4f, 90
1652706304.38669, sdrt-health/mac:02010b41cdec/antenna/tag/e28068940000500386620d4f, 93
1652706304.4018, sdrt-health/mac:02010b41cdec/antenna/tag/e2806894000050038661fd4f, 86
1652706304.43229, sdrt-health/mac:02010b41cdec/antenna/tag/e28068940000400386621d4f, 96
1652706304.432742, sdrt-health/mac:02010b41cdec/antenna/tag/e28068940000400386621d4f, 96
1652706304.43304, sdrt-health/mac:02010b41cdec/antenna/tag/e2806894000040038662114f, 85
1652706304.433275, sdrt-health/mac:02010b41cdec/antenna/tag/e28068940000500386620d4f, 93
1652706304.453029, sdrt-health/mac:02010b41cdec/antenna/tag/e2806894000050038662154f, 93
1652706304.508394, sdrt-health/mac:02010b41cdec/antenna/tag/e2806894000040038662114f, 85
1652706304.508945, sdrt-health/mac:02010b41cdec/antenna/tag/e2806894000050038662154f, 85
1652706304.522517, sdrt-health/mac:02010b41cdec/antenna/tag/e2806894000050038661fd4f, 86
1652706304.543427, sdrt-health/mac:02010b41cdec/antenna/tag/e2806894000050038661fd4f, 90
1652706304.595747, sdrt-health/mac:02010b41cdec/antenna/tag/e28068940000400386621d4f, 96
1652706304.644409, sdrt-health/mac:02010b41cdec/antenna/tag/e2806894000050038661fd4f, 86
1652706304.708589, sdrt-health/mac:02010b41cdec/antenna/tag/e2806894000050038661fd4f, 86
1652706304.709186, sdrt-health/mac:02010b41cdec/antenna/tag/e28068940000400386621d4f, 90
1652706304.72364, sdrt-health/mac:02010b41cdec/antenna/tag/e28068940000400386621d4f, 90
1652706304.747282, sdrt-health/mac:02010b41cdec/antenna/tag/e28068940000400386621d4f, 90
1652706304.79356, sdrt-health/mac:02010b41cdec/antenna/tag/e28068940000400386621d4f, 77
1652706304.848925, sdrt-health/mac:02010b41cdec/antenna/tag/e2806894000050038662154f, 81
1652706304.849469, sdrt-health/mac:02010b41cdec/antenna/tag/e2806894000050038661fd4f, 83
1652706304.863444, sdrt-health/mac:02010b41cdec/antenna/tag/e28068940000400386621d4f, 77
1652706304.863776, sdrt-health/mac:02010b41cdec/antenna/tag/e28068940000400386621d4f, 96
1652706304.891734, sdrt-health/mac:02010b41cdec/antenna/tag/e2806894000040038662114f, 93
1652706304.93389, sdrt-health/mac:02010b41cdec/antenna/tag/e28068940000500386620d4f, 93
1652706304.972888, sdrt-health/mac:02010b41cdec/antenna/tag/e28068940000500386620d4f, 93
1652706305.003124, sdrt-health/mac:02010b41cdec/antenna/tag/e2806894000050038662154f, 85
1652706305.003393, sdrt-health/mac:02010b41cdec/antenna/tag/e28068940000500386620d4f, 93
1652706305.00373, sdrt-health/mac:02010b41cdec/antenna/tag/e2806894000040038662114f, 85
1652706305.043237, sdrt-health/mac:02010b41cdec/antenna/tag/e28068940000400386621d4f, 90
1652706305.118194, sdrt-health/mac:02010b41cdec/antenna/tag/e28068940000400386621d4f, 90
1652706305.118678, sdrt-health/mac:02010b41cdec/antenna/tag/e2806894000050038662154f, 93
1652706305.132983, sdrt-health/mac:02010b41cdec/antenna/tag/e28068940000500386620d4f, 93
1652706305.156596, sdrt-health/mac:02010b41cdec/antenna/tag/e2806894000050038662194f, 88
1652706305.203681, sdrt-health/mac:02010b41cdec/antenna/tag/e2806894000050038662194f, 88
1652706305.204125, sdrt-health/mac:02010b41cdec/antenna/tag/e28068940000500386620d4f, 87
1652706305.251883, sdrt-health/mac:02010b41cdec/antenna/tag/e2806894000050038662194f, 88
1652706305.336786, sdrt-health/mac:02010b41cdec/antenna/tag/e28068940000500386620d4f, 93
1652706305.337267, sdrt-health/mac:02010b41cdec/antenna/tag/e2806894000050038662154f, 83
1652706305.374285, sdrt-health/mac:02010b41cdec/antenna/tag/e28068940000500386620d4f, 93
1652706305.402725, sdrt-health/mac:02010b41cdec/antenna/tag/e2806894000050038662154f, 81
1652706305.403012, sdrt-health/mac:02010b41cdec/antenna/tag/e28068940000400386621d4f, 96
1652706305.416107, sdrt-health/mac:02010b41cdec/antenna/tag/e2806894000040038662114f, 85
1652706305.452756, sdrt-health/mac:02010b41cdec/antenna/tag/e2806894000040038662114f, 85
1652706305.494148, sdrt-health/mac:02010b41cdec/antenna/tag/e2806894000050038661fd4f, 86
1652706305.572234, sdrt-health/mac:02010b41cdec/antenna/tag/e2806894000050038662154f, 85
1652706305.572537, sdrt-health/mac:02010b41cdec/antenna/tag/e2806894000040038662114f, 85
1652706305.602377, sdrt-health/mac:02010b41cdec/antenna/tag/e2806894000050038661fd4f, 86
1652706305.654685, sdrt-health/mac:02010b41cdec/antenna/tag/e28068940000400386621d4f, 96
1652706305.732424, sdrt-health/mac:02010b41cdec/antenna/tag/e2806894000040038662114f, 88
1652706305.732893, sdrt-health/mac:02010b41cdec/antenna/tag/e28068940000400386621d4f, 77
1652706305.746792, sdrt-health/mac:02010b41cdec/antenna/tag/e2806894000050038661fd4f, 86
1652706305.765758, sdrt-health/mac:02010b41cdec/antenna/tag/e28068940000400386621d4f, 96
1652706305.793312, sdrt-health/mac:02010b41cdec/antenna/tag/e2806894000050038661fd4f, 83
1652706305.79372, sdrt-health/mac:02010b41cdec/antenna/tag/e28068940000400386621d4f, 96
1652706305.814134, sdrt-health/mac:02010b41cdec/antenna/tag/e28068940000500386620d4f, 87
1652706305.867962, sdrt-health/mac:02010b41cdec/antenna/tag/e28068940000400386621d4f, 96
1652706305.926356, sdrt-health/mac:02010b41cdec/antenna/tag/e2806894000050038662154f, 85
1652706305.926992, sdrt-health/mac:02010b41cdec/antenna/tag/e28068940000500386620d4f, 85
1652706305.957135, sdrt-health/mac:02010b41cdec/antenna/tag/e28068940000500386620d4f, 93
1652706306.019247, sdrt-health/mac:02010b41cdec/antenna/tag/e2806894000050038662154f, 85
1652706306.019751, sdrt-health/mac:02010b41cdec/antenna/tag/e2806894000040038662114f, 85
1652706306.062294, sdrt-health/mac:02010b41cdec/antenna/tag/e2806894000040038662114f, 85
1652706306.090471, sdrt-health/mac:02010b41cdec/antenna/tag/e2806894000040038662114f, 88
1652706306.090685, sdrt-health/mac:02010b41cdec/antenna/tag/e2806894000050038662154f, 88
1652706306.141277, sdrt-health/mac:02010b41cdec/antenna/tag/e2806894000040038662114f, 85
1652706306.17023, sdrt-health/mac:02010b41cdec/antenna/tag/e2806894000050038662154f, 85
1652706306.170651, sdrt-health/mac:02010b41cdec/antenna/tag/e28068940000400386621d4f, 90
1652706306.170925, sdrt-health/mac:02010b41cdec/antenna/tag/e28068940000500386620d4f, 87
1652706306.18758, sdrt-health/mac:02010b41cdec/antenna/tag/e2806894000040038662114f, 85
1652706306.24875, sdrt-health/mac:02010b41cdec/antenna/tag/e2806894000050038661fd4f, 90
1652706306.249254, sdrt-health/mac:02010b41cdec/antenna/tag/e2806894000050038661fd4f, 86
1652706306.264606, sdrt-health/mac:02010b41cdec/antenna/tag/e2806894000040038662114f, 88
1652706306.293827, sdrt-health/mac:02010b41cdec/antenna/tag/e2806894000050038661fd4f, 83
1652706306.29425, sdrt-health/mac:02010b41cdec/antenna/tag/e2806894000050038661fd4f, 83
1652706306.314062, sdrt-health/mac:02010b41cdec/antenna/tag/e2806894000050038662154f, 81
1652706306.371528, sdrt-health/mac:02010b41cdec/antenna/tag/e2806894000040038662114f, 85
1652706306.372093, sdrt-health/mac:02010b41cdec/antenna/tag/e2806894000040038662114f, 85
1652706306.385716, sdrt-health/mac:02010b41cdec/antenna/tag/e2806894000050038662154f, 85
1652706306.404831, sdrt-health/mac:02010b41cdec/antenna/tag/e2806894000040038662114f, 88
1652706306.453236, sdrt-health/mac:02010b41cdec/antenna/tag/e2806894000050038661fd4f, 90
1652706306.508231, sdrt-health/mac:02010b41cdec/antenna/tag/e28068940000400386621d4f, 90
1652706306.508722, sdrt-health/mac:02010b41cdec/antenna/tag/e2806894000040038662114f, 85
1652706306.552093, sdrt-health/mac:02010b41cdec/antenna/tag/e2806894000040038662114f, 88
1652706306.597712, sdrt-health/mac:02010b41cdec/antenna/tag/e28068940000500386620d4f, 87
1652706306.627631, sdrt-health/mac:02010b41cdec/antenna/tag/e28068940000500386620d4f, 83
1652706306.628007, sdrt-health/mac:02010b41cdec/antenna/tag/e28068940000400386621d4f, 77
1652706306.644119, sdrt-health/mac:02010b41cdec/antenna/tag/e2806894000050038661fd4f, 83
1652706306.710389, sdrt-health/mac:02010b41cdec/antenna/tag/e2806894000050038662154f, 94
1652706306.710978, sdrt-health/mac:02010b41cdec/antenna/tag/e28068940000400386621d4f, 77
1652706306.72571, sdrt-health/mac:02010b41cdec/antenna/tag/e28068940000500386620d4f, 83
1652706306.732709, sdrt-health/mac:02010b41cdec/antenna/tag/e2806894000050038662154f, 81
1652706306.774558, sdrt-health/mac:02010b41cdec/antenna/tag/e2806894000050038661fd4f, 83
1652706306.828768, sdrt-health/mac:02010b41cdec/antenna/tag/e28068940000400386621d4f, 96
1652706306.829208, sdrt-health/mac:02010b41cdec/antenna/tag/e2806894000050038662154f, 81
1652706306.862733, sdrt-health/mac:02010b41cdec/antenna/tag/e2806894000040038661f94f, 88
1652706306.907339, sdrt-health/mac:02010b41cdec/antenna/tag/e28068940000500386620d4f, 93
1652706306.939786, sdrt-health/mac:02010b41cdec/antenna/tag/e2806894000050038661fd4f, 86
1652706306.940117, sdrt-health/mac:02010b41cdec/antenna/tag/e2806894000050038662154f, 93
1652706306.954482, sdrt-health/mac:02010b41cdec/antenna/tag/e28068940000500386620d4f, 85
1652706307.0331, sdrt-health/mac:02010b41cdec/antenna/tag/e2806894000040038662114f, 85
1652706307.112814, sdrt-health/mac:02010b41cdec/antenna/tag/e2806894000050038661fd4f, 86
1652706307.155458, sdrt-health/mac:02010b41cdec/antenna/tag/e2806894000050038662154f, 93
1652706307.252937, sdrt-health/mac:02010b41cdec/antenna/tag/e2806894000040038662214f, 103
1652706307.292555, sdrt-health/mac:02010b41cdec/antenna/tag/e2806894000050038662154f, 81
1652706307.354877, sdrt-health/mac:02010b41cdec/antenna/tag/e2806894000050038662194f, 81
1652706307.35542, sdrt-health/mac:02010b41cdec/antenna/tag/e28068940000500386620d4f, 83
1652706307.41317, sdrt-health/mac:02010b41cdec/antenna/tag/e2806894000040038662114f, 88
1652706307.453793, sdrt-health/mac:02010b41cdec/antenna/tag/e2806894000050038662194f, 81
1652706307.454201, sdrt-health/mac:02010b41cdec/antenna/tag/e28068940000400386621d4f, 96
1652706307.494098, sdrt-health/mac:02010b41cdec/antenna/tag/e28068940000400386621d4f, 90
1652706307.531919, sdrt-health/mac:02010b41cdec/antenna/tag/e2806894000050038662154f, 93
1652706307.57351, sdrt-health/mac:02010b41cdec/antenna/tag/e2806894000050038662154f, 87
1652706307.642953, sdrt-health/mac:02010b41cdec/antenna/tag/e2806894000050038662194f, 94
1652706307.683318, sdrt-health/mac:02010b41cdec/antenna/tag/e28068940000400386621d4f, 96
1652706307.683708, sdrt-health/mac:02010b41cdec/antenna/tag/e2806894000050038662154f, 93
1652706307.745868, sdrt-health/mac:02010b41cdec/antenna/tag/e2806894000040038662114f, 85
1652706307.746408, sdrt-health/mac:02010b41cdec/antenna/tag/e2806894000050038662194f, 94
1652706307.760377, sdrt-health/mac:02010b41cdec/antenna/tag/e28068940000400386621d4f, 96
1652706307.773695, sdrt-health/mac:02010b41cdec/antenna/tag/e28068940000400386621d4f, 96
1652706307.823316, sdrt-health/mac:02010b41cdec/antenna/tag/e2806894000050038662154f, 83
1652706307.867554, sdrt-health/mac:02010b41cdec/antenna/tag/e28068940000400386621d4f, 96
1652706307.928164, sdrt-health/mac:02010b41cdec/antenna/tag/e28068940000500386620d4f, 93
1652706307.928669, sdrt-health/mac:02010b41cdec/antenna/tag/e2806894000050038662154f, 83
1652706307.942551, sdrt-health/mac:02010b41cdec/antenna/tag/e28068940000400386621d4f, 96
1652706307.972275, sdrt-health/mac:02010b41cdec/antenna/tag/e28068940000500386620d4f, 93
1652706308.000985, sdrt-health/mac:02010b41cdec/antenna/tag/e28068940000400386621d4f, 96
1652706308.001197, sdrt-health/mac:02010b41cdec/antenna/tag/e2806894000050038661fd4f, 83
1652706308.015071, sdrt-health/mac:02010b41cdec/antenna/tag/e28068940000500386620d4f, 93
1652706308.060358, sdrt-health/mac:02010b41cdec/antenna/tag/e28068940000500386620d4f, 87
1652706308.093813, sdrt-health/mac:02010b41cdec/antenna/tag/e2806894000050038662154f, 93
1652706308.09432, sdrt-health/mac:02010b41cdec/antenna/tag/e28068940000400386621d4f, 77
1652706308.118538, sdrt-health/mac:02010b41cdec/antenna/tag/e2806894000040038662114f, 85
1652706308.163025, sdrt-health/mac:02010b41cdec/antenna/tag/e2806894000040038662114f, 93
1652706308.22715, sdrt-health/mac:02010b41cdec/antenna/tag/e2806894000040038662114f, 85
1652706308.227482, sdrt-health/mac:02010b41cdec/antenna/tag/e2806894000040038662114f, 85
1652706308.241134, sdrt-health/mac:02010b41cdec/antenna/tag/e2806894000050038662154f, 94
1652706308.267486, sdrt-health/mac:02010b41cdec/antenna/tag/e2806894000050038661fd4f, 83
1652706308.312805, sdrt-health/mac:02010b41cdec/antenna/tag/e2806894000040038662114f, 85
1652706308.341619, sdrt-health/mac:02010b41cdec/antenna/tag/e2806894000050038662154f, 81
1652706308.342057, sdrt-health/mac:02010b41cdec/antenna/tag/e2806894000050038662194f, 83
1652706308.34245, sdrt-health/mac:02010b41cdec/antenna/tag/e28068940000400386621d4f, 96
1652706308.356042, sdrt-health/mac:02010b41cdec/antenna/tag/e2806894000050038661fd4f, 86
1652706308.403208, sdrt-health/mac:02010b41cdec/antenna/tag/e28068940000500386620d4f, 88
1652706308.452985, sdrt-health/mac:02010b41cdec/antenna/tag/e2806894000050038661fd4f, 83
1652706308.507135, sdrt-health/mac:02010b41cdec/antenna/tag/e28068940000500386620d4f, 93
1652706308.507669, sdrt-health/mac:02010b41cdec/antenna/tag/e2806894000040038662114f, 85
1652706308.54306, sdrt-health/mac:02010b41cdec/antenna/tag/e2806894000050038662154f, 85
1652706308.587298, sdrt-health/mac:02010b41cdec/antenna/tag/e28068940000400386621d4f, 90
1652706308.649904, sdrt-health/mac:02010b41cdec/antenna/tag/e2806894000040038662114f, 88
1652706308.650399, sdrt-health/mac:02010b41cdec/antenna/tag/e28068940000400386621d4f, 86
1652706308.650741, sdrt-health/mac:02010b41cdec/antenna/tag/e2806894000050038662154f, 93
1652706308.651097, sdrt-health/mac:02010b41cdec/antenna/tag/e2806894000050038662154f, 85
1652706308.651647, sdrt-health/mac:02010b41cdec/antenna/tag/e2806894000050038661fd4f, 86
1652706308.712201, sdrt-health/mac:02010b41cdec/antenna/tag/e2806894000050038661fd4f, 90
1652706308.756796, sdrt-health/mac:02010b41cdec/antenna/tag/e2806894000050038662154f, 93
1652706308.817365, sdrt-health/mac:02010b41cdec/antenna/tag/e2806894000050038662194f, 94
1652706308.817871, sdrt-health/mac:02010b41cdec/antenna/tag/e28068940000500386620d4f, 93
1652706308.818206, sdrt-health/mac:02010b41cdec/antenna/tag/e2806894000040038662114f, 88
1652706308.863851, sdrt-health/mac:02010b41cdec/antenna/tag/e2806894000050038661fd4f, 86
1652706308.920261, sdrt-health/mac:02010b41cdec/antenna/tag/e2806894000040038662114f, 85
1652706309.003214, sdrt-health/mac:02010b41cdec/antenna/tag/e28068940000400386621d4f, 77
1652706309.003759, sdrt-health/mac:02010b41cdec/antenna/tag/e28068940000400386621d4f, 90
1652706309.03515, sdrt-health/mac:02010b41cdec/antenna/tag/e2806894000050038661fd4f, 86
1652706309.116082, sdrt-health/mac:02010b41cdec/antenna/tag/e2806894000050038661fd4f, 86
1652706309.116489, sdrt-health/mac:02010b41cdec/antenna/tag/e2806894000050038661fd4f, 90
1652706309.129356, sdrt-health/mac:02010b41cdec/antenna/tag/e2806894000050038661fd4f, 86
1652706309.161908, sdrt-health/mac:02010b41cdec/antenna/tag/e28068940000500386620d4f, 87
1652706309.162387, sdrt-health/mac:02010b41cdec/antenna/tag/e28068940000400386621d4f, 90
1652706309.176737, sdrt-health/mac:02010b41cdec/antenna/tag/e28068940000500386620d4f, 93
1652706309.177095, sdrt-health/mac:02010b41cdec/antenna/tag/e2806894000050038661fd4f, 86
1652706309.194404, sdrt-health/mac:02010b41cdec/antenna/tag/e2806894000050038661fd4f, 83
1652706309.234371, sdrt-health/mac:02010b41cdec/antenna/tag/e2806894000050038661fd4f, 83
1652706309.282485, sdrt-health/mac:02010b41cdec/antenna/tag/e2806894000050038661fd4f, 83
1652706309.348412, sdrt-health/mac:02010b41cdec/antenna/tag/e28068940000400386621d4f, 96
1652706309.348995, sdrt-health/mac:02010b41cdec/antenna/tag/e28068940000400386621d4f, 90
1652706309.372817, sdrt-health/mac:02010b41cdec/antenna/tag/e28068940000500386620d4f, 87
1652706309.427138, sdrt-health/mac:02010b41cdec/antenna/tag/e2806894000050038662194f, 84
1652706309.427628, sdrt-health/mac:02010b41cdec/antenna/tag/e2806894000050038662154f, 87
1652706309.458848, sdrt-health/mac:02010b41cdec/antenna/tag/e2806894000050038662194f, 94
1652706309.492522, sdrt-health/mac:02010b41cdec/antenna/tag/e28068940000500386620d4f, 83
1652706309.532358, sdrt-health/mac:02010b41cdec/antenna/tag/e2806894000040038662114f, 85
1652706309.575566, sdrt-health/mac:02010b41cdec/antenna/tag/e2806894000050038662154f, 81
1652706309.613458, sdrt-health/mac:02010b41cdec/antenna/tag/e2806894000050038662154f, 93
1652706309.639997, sdrt-health/mac:02010b41cdec/antenna/tag/e2806894000050038662154f, 88
1652706309.64023, sdrt-health/mac:02010b41cdec/antenna/tag/e28068940000500386620d4f, 87
1652706309.653401, sdrt-health/mac:02010b41cdec/antenna/tag/e2806894000050038661fd4f, 83
1652706309.653618, sdrt-health/mac:02010b41cdec/antenna/tag/e2806894000050038662154f, 85
1652706309.692533, sdrt-health/mac:02010b41cdec/antenna/tag/e2806894000050038662154f, 93
1652706309.770117, sdrt-health/mac:02010b41cdec/antenna/tag/e2806894000040038662114f, 85
1652706309.77034, sdrt-health/mac:02010b41cdec/antenna/tag/e2806894000050038662154f, 83
1652706309.785603, sdrt-health/mac:02010b41cdec/antenna/tag/e2806894000050038662154f, 81
1652706309.7873, sdrt-health/mac:02010b41cdec/antenna/tag/e2806894000050038662194f, 81
1652706309.799391, sdrt-health/mac:02010b41cdec/antenna/tag/e2806894000050038662154f, 81
1652706309.844119, sdrt-health/mac:02010b41cdec/antenna/tag/e2806894000050038662154f, 87
1652706309.892318, sdrt-health/mac:02010b41cdec/antenna/tag/e2806894000040038662114f, 85
1652706309.956241, sdrt-health/mac:02010b41cdec/antenna/tag/e2806894000050038662154f, 85
1652706309.956523, sdrt-health/mac:02010b41cdec/antenna/tag/e28068940000400386621d4f, 96
1652706309.970232, sdrt-health/mac:02010b41cdec/antenna/tag/e2806894000050038661fd4f, 86
1652706309.970432, sdrt-health/mac:02010b41cdec/antenna/tag/e2806894000040038662114f, 85
1652706309.970571, sdrt-health/mac:02010b41cdec/antenna/tag/e28068940000400386621d4f, 90
1652706309.988398, sdrt-health/mac:02010b41cdec/antenna/tag/e2806894000040038662114f, 91
1652706310.033225, sdrt-health/mac:02010b41cdec/antenna/tag/e2806894000040038662114f, 88
1652706310.129675, sdrt-health/mac:02010b41cdec/antenna/tag/e2806894000050038662154f, 93
1652706310.12993, sdrt-health/mac:02010b41cdec/antenna/tag/e28068940000500386620d4f, 87
1652706310.171946, sdrt-health/mac:02010b41cdec/antenna/tag/e2806894000040038662114f, 85
1652706310.213423, sdrt-health/mac:02010b41cdec/antenna/tag/e28068940000500386620d4f, 87
1652706310.252913, sdrt-health/mac:02010b41cdec/antenna/tag/e28068940000500386620d4f, 85
1652706310.309637, sdrt-health/mac:02010b41cdec/antenna/tag/e2806894000050038661fd4f, 86
1652706310.309846, sdrt-health/mac:02010b41cdec/antenna/tag/e2806894000050038662154f, 85
1652706310.32546, sdrt-health/mac:02010b41cdec/antenna/tag/e2806894000050038661fd4f, 86
1652706310.325745, sdrt-health/mac:02010b41cdec/antenna/tag/e28068940000400386621d4f, 90
1652706310.325952, sdrt-health/mac:02010b41cdec/antenna/tag/e2806894000040038662114f, 85
1652706310.392636, sdrt-health/mac:02010b41cdec/antenna/tag/e2806894000050038662154f, 87
1652706310.463912, sdrt-health/mac:02010b41cdec/antenna/tag/e2806894000050038662194f, 81
1652706310.492084, sdrt-health/mac:02010b41cdec/antenna/tag/e2806894000040038662114f, 85
1652706310.492389, sdrt-health/mac:02010b41cdec/antenna/tag/e2806894000040038662114f, 93
1652706310.508835, sdrt-health/mac:02010b41cdec/antenna/tag/e2806894000040038662114f, 85
1652706310.565118, sdrt-health/mac:02010b41cdec/antenna/tag/e2806894000050038662154f, 85
1652706310.565356, sdrt-health/mac:02010b41cdec/antenna/tag/e28068940000400386621d4f, 96
1652706310.579363, sdrt-health/mac:02010b41cdec/antenna/tag/e28068940000500386620d4f, 85
1652706310.602307, sdrt-health/mac:02010b41cdec/antenna/tag/e2806894000040038662114f, 93
1652706310.629239, sdrt-health/mac:02010b41cdec/antenna/tag/e28068940000400386621d4f, 96
1652706310.629503, sdrt-health/mac:02010b41cdec/antenna/tag/e2806894000050038661fd4f, 86
1652706310.66831, sdrt-health/mac:02010b41cdec/antenna/tag/e2806894000050038662194f, 81
1652706310.783402, sdrt-health/mac:02010b41cdec/antenna/tag/e2806894000040038662114f, 93
1652706310.827521, sdrt-health/mac:02010b41cdec/antenna/tag/e2806894000040038662114f, 85
1652706310.939282, sdrt-health/mac:02010b41cdec/antenna/tag/e2806894000050038662154f, 85
1652706310.939785, sdrt-health/mac:02010b41cdec/antenna/tag/e2806894000050038662154f, 85
1652706310.988657, sdrt-health/mac:02010b41cdec/antenna/tag/e2806894000050038662154f, 85
1652706311.020891, sdrt-health/mac:02010b41cdec/antenna/tag/e28068940000500386620d4f, 93
1652706311.021146, sdrt-health/mac:02010b41cdec/antenna/tag/e2806894000050038661fd4f, 90
1652706311.034346, sdrt-health/mac:02010b41cdec/antenna/tag/e2806894000050038661fd4f, 90
1652706311.034556, sdrt-health/mac:02010b41cdec/antenna/tag/e2806894000050038662154f, 93
1652706311.100525, sdrt-health/mac:02010b41cdec/antenna/tag/e28068940000500386620d4f, 87
1652706311.130415, sdrt-health/mac:02010b41cdec/antenna/tag/e28068940000500386620d4f, 93
1652706311.130653, sdrt-health/mac:02010b41cdec/antenna/tag/e28068940000400386621d4f, 90
1652706311.154369, sdrt-health/mac:02010b41cdec/antenna/tag/e2806894000050038662154f, 85
1652706311.182953, sdrt-health/mac:02010b41cdec/antenna/tag/e28068940000400386621d4f, 90
1652706311.183223, sdrt-health/mac:02010b41cdec/antenna/tag/e2806894000050038662154f, 85
1652706311.203185, sdrt-health/mac:02010b41cdec/antenna/tag/e28068940000500386620d4f, 93
1652706311.267151, sdrt-health/mac:02010b41cdec/antenna/tag/e2806894000050038662154f, 85
1652706311.267357, sdrt-health/mac:02010b41cdec/antenna/tag/e28068940000500386620d4f, 93
1652706311.292137, sdrt-health/mac:02010b41cdec/antenna/tag/e2806894000040038662214f, 88
1652706311.332599, sdrt-health/mac:02010b41cdec/antenna/tag/e2806894000050038662154f, 87
1652706311.386649, sdrt-health/mac:02010b41cdec/antenna/tag/e2806894000050038661fd4f, 83
1652706311.448634, sdrt-health/mac:02010b41cdec/antenna/tag/e2806894000050038662154f, 83
1652706311.44884, sdrt-health/mac:02010b41cdec/antenna/tag/e28068940000500386620d4f, 87
1652706311.548181, sdrt-health/mac:02010b41cdec/antenna/tag/e28068940000400386621d4f, 90
1652706311.575774, sdrt-health/mac:02010b41cdec/antenna/tag/e28068940000400386621d4f, 90
1652706311.576241, sdrt-health/mac:02010b41cdec/antenna/tag/e2806894000040038662114f, 93
1652706311.576575, sdrt-health/mac:02010b41cdec/antenna/tag/e2806894000050038661fd4f, 86
1652706311.593301, sdrt-health/mac:02010b41cdec/antenna/tag/e2806894000050038661fd4f, 90
1652706311.619532, sdrt-health/mac:02010b41cdec/antenna/tag/e2806894000040038662114f, 88
1652706311.61978, sdrt-health/mac:02010b41cdec/antenna/tag/e28068940000500386620d4f, 85
1652706311.619908, sdrt-health/mac:02010b41cdec/antenna/tag/e2806894000050038662154f, 83
1652706311.635269, sdrt-health/mac:02010b41cdec/antenna/tag/e28068940000500386620d4f, 87
1652706311.682772, sdrt-health/mac:02010b41cdec/antenna/tag/e2806894000050038662154f, 87
1652706311.753118, sdrt-health/mac:02010b41cdec/antenna/tag/e2806894000050038662194f, 83
1652706311.78032, sdrt-health/mac:02010b41cdec/antenna/tag/e28068940000400386621d4f, 90
1652706311.780544, sdrt-health/mac:02010b41cdec/antenna/tag/e2806894000050038661fd4f, 86
1652706311.780719, sdrt-health/mac:02010b41cdec/antenna/tag/e2806894000040038662114f, 88
1652706311.798317, sdrt-health/mac:02010b41cdec/antenna/tag/e2806894000040038661f94f, 81
1652706311.842986, sdrt-health/mac:02010b41cdec/antenna/tag/e28068940000500386620d4f, 87
1652706311.90868, sdrt-health/mac:02010b41cdec/antenna/tag/e2806894000040038662114f, 87
1652706311.90917, sdrt-health/mac:02010b41cdec/antenna/tag/e2806894000050038661fd4f, 86
1652706311.924147, sdrt-health/mac:02010b41cdec/antenna/tag/e28068940000400386621d4f, 96
1652706311.947884, sdrt-health/mac:02010b41cdec/antenna/tag/e28068940000400386621d4f, 96
1652706312.0084, sdrt-health/mac:02010b41cdec/antenna/tag/e2806894000040038662114f, 85
1652706312.008838, sdrt-health/mac:02010b41cdec/antenna/tag/e2806894000050038662154f, 85
1652706312.043453, sdrt-health/mac:02010b41cdec/antenna/tag/e2806894000050038662154f, 85
1652706312.108306, sdrt-health/mac:02010b41cdec/antenna/tag/e2806894000050038662154f, 85
1652706312.137282, sdrt-health/mac:02010b41cdec/antenna/tag/e28068940000400386621d4f, 96
1652706312.137543, sdrt-health/mac:02010b41cdec/antenna/tag/e2806894000050038662154f, 88
1652706312.137729, sdrt-health/mac:02010b41cdec/antenna/tag/e28068940000500386620d4f, 85
1652706312.137908, sdrt-health/mac:02010b41cdec/antenna/tag/e2806894000050038662154f, 85
1652706312.162799, sdrt-health/mac:02010b41cdec/antenna/tag/e28068940000500386620d4f, 87
1652706312.190524, sdrt-health/mac:02010b41cdec/antenna/tag/e2806894000050038661fd4f, 86
1652706312.190801, sdrt-health/mac:02010b41cdec/antenna/tag/e2806894000050038662154f, 85
1652706312.213141, sdrt-health/mac:02010b41cdec/antenna/tag/e2806894000050038661fd4f, 83
1652706312.26789, sdrt-health/mac:02010b41cdec/antenna/tag/e2806894000050038661fd4f, 83
1652706312.326793, sdrt-health/mac:02010b41cdec/antenna/tag/e28068940000400386621d4f, 96
1652706312.373973, sdrt-health/mac:02010b41cdec/antenna/tag/e28068940000400386621d4f, 90
1652706312.412596, sdrt-health/mac:02010b41cdec/antenna/tag/e28068940000500386620d4f, 85
1652706312.440551, sdrt-health/mac:02010b41cdec/antenna/tag/e28068940000400386621d4f, 96
1652706312.440843, sdrt-health/mac:02010b41cdec/antenna/tag/e2806894000050038661fd4f, 90
1652706312.454826, sdrt-health/mac:02010b41cdec/antenna/tag/e28068940000400386621d4f, 90
1652706312.507804, sdrt-health/mac:02010b41cdec/antenna/tag/e2806894000040038662114f, 85
1652706312.575586, sdrt-health/mac:02010b41cdec/antenna/tag/e2806894000050038661fd4f, 90
1652706312.575818, sdrt-health/mac:02010b41cdec/antenna/tag/e28068940000400386621d4f, 96
1652706312.589741, sdrt-health/mac:02010b41cdec/antenna/tag/e28068940000500386620d4f, 87
1652706312.603459, sdrt-health/mac:02010b41cdec/antenna/tag/e28068940000500386620d4f, 93
1652706312.652731, sdrt-health/mac:02010b41cdec/antenna/tag/e28068940000400386621d4f, 90
1652706312.692507, sdrt-health/mac:02010b41cdec/antenna/tag/e28068940000500386620d4f, 83
1652706312.732661, sdrt-health/mac:02010b41cdec/antenna/tag/e2806894000040038662114f, 93
1652706312.772599, sdrt-health/mac:02010b41cdec/antenna/tag/e2806894000050038662154f, 81
1652706312.774115, sdrt-health/mac:02010b41cdec/antenna/tag/e28068940000400386621d4f, 96
1652706312.787302, sdrt-health/mac:02010b41cdec/antenna/tag/e2806894000050038661fd4f, 83
1652706312.813024, sdrt-health/mac:02010b41cdec/antenna/tag/e28068940000500386620d4f, 93
1652706312.863287, sdrt-health/mac:02010b41cdec/antenna/tag/e28068940000500386620d4f, 87
1652706312.925026, sdrt-health/mac:02010b41cdec/antenna/tag/e28068940000500386620d4f, 87
1652706312.985409, sdrt-health/mac:02010b41cdec/antenna/tag/e28068940000400386621d4f, 90
1652706312.985663, sdrt-health/mac:02010b41cdec/antenna/tag/e2806894000050038662154f, 85
1652706312.985812, sdrt-health/mac:02010b41cdec/antenna/tag/e2806894000050038662154f, 85
1652706313.024308, sdrt-health/mac:02010b41cdec/antenna/tag/e2806894000040038662114f, 88
1652706313.082266, sdrt-health/mac:02010b41cdec/antenna/tag/e2806894000050038662154f, 93
1652706313.083014, sdrt-health/mac:02010b41cdec/antenna/tag/e2806894000040038662114f, 85
1652706313.09739, sdrt-health/mac:02010b41cdec/antenna/tag/e28068940000500386620d4f, 87
1652706313.112323, sdrt-health/mac:02010b41cdec/antenna/tag/e28068940000500386620d4f, 87
1652706313.156534, sdrt-health/mac:02010b41cdec/antenna/tag/e28068940000500386620d4f, 83
1652706313.214672, sdrt-health/mac:02010b41cdec/antenna/tag/e2806894000050038662194f, 84
1652706313.266028, sdrt-health/mac:02010b41cdec/antenna/tag/e2806894000050038661fd4f, 83
1652706313.266531, sdrt-health/mac:02010b41cdec/antenna/tag/e2806894000050038661fd4f, 83
1652706313.266943, sdrt-health/mac:02010b41cdec/antenna/tag/e28068940000500386620d4f, 83
1652706313.267273, sdrt-health/mac:02010b41cdec/antenna/tag/e2806894000050038661fd4f, 86
1652706313.293244, sdrt-health/mac:02010b41cdec/antenna/tag/e2806894000050038661fd4f, 83
1652706313.342577, sdrt-health/mac:02010b41cdec/antenna/tag/e2806894000050038662154f, 83
1652706313.387385, sdrt-health/mac:02010b41cdec/antenna/tag/e2806894000050038662154f, 85
1652706313.415281, sdrt-health/mac:02010b41cdec/antenna/tag/e28068940000400386621d4f, 96
1652706313.415472, sdrt-health/mac:02010b41cdec/antenna/tag/e2806894000040038662114f, 85
1652706313.415589, sdrt-health/mac:02010b41cdec/antenna/tag/e2806894000050038661fd4f, 86
1652706313.431328, sdrt-health/mac:02010b41cdec/antenna/tag/e2806894000050038662154f, 85
1652706313.459151, sdrt-health/mac:02010b41cdec/antenna/tag/e2806894000050038661fd4f, 86
1652706313.459457, sdrt-health/mac:02010b41cdec/antenna/tag/e28068940000500386620d4f, 87
1652706313.50263, sdrt-health/mac:02010b41cdec/antenna/tag/e2806894000040038662114f, 85
1652706313.561128, sdrt-health/mac:02010b41cdec/antenna/tag/e2806894000040038662114f, 85
1652706313.561392, sdrt-health/mac:02010b41cdec/antenna/tag/e2806894000040038662114f, 88
1652706313.575843, sdrt-health/mac:02010b41cdec/antenna/tag/e2806894000050038662154f, 93
1652706313.599983, sdrt-health/mac:02010b41cdec/antenna/tag/e28068940000400386621d4f, 90
1652706313.654664, sdrt-health/mac:02010b41cdec/antenna/tag/e28068940000400386621d4f, 90
1652706313.722346, sdrt-health/mac:02010b41cdec/antenna/tag/e2806894000050038662194f, 83
1652706313.722825, sdrt-health/mac:02010b41cdec/antenna/tag/e2806894000050038662154f, 93
1652706313.736383, sdrt-health/mac:02010b41cdec/antenna/tag/e28068940000400386621d4f, 90
1652706313.751987, sdrt-health/mac:02010b41cdec/antenna/tag/e2806894000040038662114f, 85
1652706313.79883, sdrt-health/mac:02010b41cdec/antenna/tag/e2806894000050038661fd4f, 86
1652706313.858979, sdrt-health/mac:02010b41cdec/antenna/tag/e2806894000040038662114f, 85
1652706313.859423, sdrt-health/mac:02010b41cdec/antenna/tag/e28068940000400386621d4f, 96
1652706313.87563, sdrt-health/mac:02010b41cdec/antenna/tag/e2806894000050038662194f, 94
1652706313.91254, sdrt-health/mac:02010b41cdec/antenna/tag/e2806894000050038662194f, 81
1652706313.912764, sdrt-health/mac:02010b41cdec/antenna/tag/e2806894000040038662114f, 88
1652706313.926327, sdrt-health/mac:02010b41cdec/antenna/tag/e28068940000400386621d4f, 90
1652706313.956704, sdrt-health/mac:02010b41cdec/antenna/tag/e2806894000040038662114f, 88
1652706314.001753, sdrt-health/mac:02010b41cdec/antenna/tag/e28068940000500386620d4f, 85
1652706314.052722, sdrt-health/mac:02010b41cdec/antenna/tag/e2806894000050038662154f, 87
1652706314.053092, sdrt-health/mac:02010b41cdec/antenna/tag/e2806894000040038662114f, 93
1652706314.109311, sdrt-health/mac:02010b41cdec/antenna/tag/e2806894000040038662114f, 88
1652706314.167076, sdrt-health/mac:02010b41cdec/antenna/tag/e28068940000400386621d4f, 90
1652706314.167449, sdrt-health/mac:02010b41cdec/antenna/tag/e28068940000400386621d4f, 96
1652706314.196316, sdrt-health/mac:02010b41cdec/antenna/tag/e2806894000040038662114f, 85
1652706314.258918, sdrt-health/mac:02010b41cdec/antenna/tag/e28068940000400386621d4f, 96
1652706314.25941, sdrt-health/mac:02010b41cdec/antenna/tag/e2806894000050038662154f, 87
1652706314.29343, sdrt-health/mac:02010b41cdec/antenna/tag/e28068940000400386621d4f, 96
1652706314.345788, sdrt-health/mac:02010b41cdec/antenna/tag/e2806894000040038662114f, 93
1652706314.346273, sdrt-health/mac:02010b41cdec/antenna/tag/e2806894000050038662154f, 88
1652706314.359778, sdrt-health/mac:02010b41cdec/antenna/tag/e28068940000500386620d4f, 85
1652706314.360298, sdrt-health/mac:02010b41cdec/antenna/tag/e2806894000050038661fd4f, 86
1652706314.381023, sdrt-health/mac:02010b41cdec/antenna/tag/e28068940000500386620d4f, 81
1652706314.427207, sdrt-health/mac:02010b41cdec/antenna/tag/e2806894000040038662114f, 93
1652706314.486375, sdrt-health/mac:02010b41cdec/antenna/tag/e2806894000050038662154f, 83
1652706314.486836, sdrt-health/mac:02010b41cdec/antenna/tag/e2806894000050038662154f, 83
1652706314.515824, sdrt-health/mac:02010b41cdec/antenna/tag/e2806894000040038662114f, 85
1652706314.562779, sdrt-health/mac:02010b41cdec/antenna/tag/e2806894000050038662154f, 81
1652706314.6138, sdrt-health/mac:02010b41cdec/antenna/tag/e2806894000050038661fd4f, 86
1652706314.676825, sdrt-health/mac:02010b41cdec/antenna/tag/e2806894000050038662154f, 83
1652706314.722892, sdrt-health/mac:02010b41cdec/antenna/tag/e28068940000500386620d4f, 87
1652706314.786756, sdrt-health/mac:02010b41cdec/antenna/tag/e2806894000050038662194f, 84
1652706314.787264, sdrt-health/mac:02010b41cdec/antenna/tag/e2806894000050038662194f, 88
1652706314.801902, sdrt-health/mac:02010b41cdec/antenna/tag/e28068940000500386620d4f, 83
1652706314.827135, sdrt-health/mac:02010b41cdec/antenna/tag/e2806894000050038662194f, 83
1652706314.827622, sdrt-health/mac:02010b41cdec/antenna/tag/e2806894000050038661fd4f, 86
1652706314.873298, sdrt-health/mac:02010b41cdec/antenna/tag/e28068940000400386621d4f, 96
1652706314.947019, sdrt-health/mac:02010b41cdec/antenna/tag/e2806894000050038662194f, 81
1652706314.947448, sdrt-health/mac:02010b41cdec/antenna/tag/e2806894000050038662194f, 81
1652706314.961276, sdrt-health/mac:02010b41cdec/antenna/tag/e28068940000500386620d4f, 87
1652706314.973166, sdrt-health/mac:02010b41cdec/antenna/tag/e28068940000400386621d4f, 77
1652706314.975128, sdrt-health/mac:02010b41cdec/antenna/tag/e2806894000040038662114f, 85
1652706314.975517, sdrt-health/mac:02010b41cdec/antenna/tag/e2806894000050038662154f, 81
1652706315.042959, sdrt-health/mac:02010b41cdec/antenna/tag/e2806894000040038662114f, 88
1652706315.093096, sdrt-health/mac:02010b41cdec/antenna/tag/e2806894000050038662154f, 93
1652706315.134788, sdrt-health/mac:02010b41cdec/antenna/tag/e2806894000050038662154f, 93
1652706315.214787, sdrt-health/mac:02010b41cdec/antenna/tag/e28068940000500386620d4f, 87
1652706315.215325, sdrt-health/mac:02010b41cdec/antenna/tag/e2806894000050038662154f, 87
1652706315.229753, sdrt-health/mac:02010b41cdec/antenna/tag/e28068940000500386620d4f, 87
1652706315.265463, sdrt-health/mac:02010b41cdec/antenna/tag/e2806894000040038662114f, 85
1652706315.265716, sdrt-health/mac:02010b41cdec/antenna/tag/e28068940000400386621d4f, 90
1652706315.279087, sdrt-health/mac:02010b41cdec/antenna/tag/e2806894000050038662194f, 81
1652706315.315778, sdrt-health/mac:02010b41cdec/antenna/tag/e28068940000400386621d4f, 77
1652706315.362217, sdrt-health/mac:02010b41cdec/antenna/tag/e28068940000500386620d4f, 87
1652706315.425466, sdrt-health/mac:02010b41cdec/antenna/tag/e28068940000400386621d4f, 96
1652706315.425644, sdrt-health/mac:02010b41cdec/antenna/tag/e2806894000050038662194f, 81
1652706315.440489, sdrt-health/mac:02010b41cdec/antenna/tag/e2806894000050038662154f, 83
1652706315.468477, sdrt-health/mac:02010b41cdec/antenna/tag/e2806894000050038661fd4f, 90
1652706315.511272, sdrt-health/mac:02010b41cdec/antenna/tag/e28068940000500386620d4f, 93
1652706315.51203, sdrt-health/mac:02010b41cdec/antenna/tag/e2806894000050038661fd4f, 86
1652706315.557469, sdrt-health/mac:02010b41cdec/antenna/tag/e2806894000050038661fd4f, 86
1652706315.601771, sdrt-health/mac:02010b41cdec/antenna/tag/e2806894000040038662114f, 88
1652706315.631347, sdrt-health/mac:02010b41cdec/antenna/tag/e2806894000050038662154f, 93
1652706315.631813, sdrt-health/mac:02010b41cdec/antenna/tag/e2806894000050038662154f, 87
1652706315.632086, sdrt-health/mac:02010b41cdec/antenna/tag/e2806894000040038662114f, 91
1652706315.653806, sdrt-health/mac:02010b41cdec/antenna/tag/e28068940000500386620d4f, 93
1652706315.685833, sdrt-health/mac:02010b41cdec/antenna/tag/e2806894000040038662114f, 88
1652706315.686092, sdrt-health/mac:02010b41cdec/antenna/tag/e2806894000050038661fd4f, 86
1652706315.724381, sdrt-health/mac:02010b41cdec/antenna/tag/e2806894000050038662194f, 81
1652706315.842962, sdrt-health/mac:02010b41cdec/antenna/tag/e28068940000400386621d4f, 96
1652706315.891797, sdrt-health/mac:02010b41cdec/antenna/tag/e28068940000500386620d4f, 93
1652706315.931902, sdrt-health/mac:02010b41cdec/antenna/tag/e2806894000050038662154f, 87
1652706315.97333, sdrt-health/mac:02010b41cdec/antenna/tag/e2806894000050038662154f, 81
1652706316.025702, sdrt-health/mac:02010b41cdec/antenna/tag/e28068940000500386620d4f, 83
1652706316.025909, sdrt-health/mac:02010b41cdec/antenna/tag/e28068940000400386621d4f, 77
1652706316.039826, sdrt-health/mac:02010b41cdec/antenna/tag/e28068940000500386620d4f, 83
1652706316.052593, sdrt-health/mac:02010b41cdec/antenna/tag/e28068940000400386621d4f, 96
1652706316.05344, sdrt-health/mac:02010b41cdec/antenna/tag/e28068940000500386620d4f, 83
1652706316.108371, sdrt-health/mac:02010b41cdec/antenna/tag/e28068940000500386620d4f, 85
1652706316.166801, sdrt-health/mac:02010b41cdec/antenna/tag/e28068940000400386621d4f, 96
1652706316.167283, sdrt-health/mac:02010b41cdec/antenna/tag/e28068940000500386620d4f, 93
1652706316.180415, sdrt-health/mac:02010b41cdec/antenna/tag/e2806894000050038661fd4f, 86
1652706316.202997, sdrt-health/mac:02010b41cdec/antenna/tag/e2806894000040038662114f, 88
1652706316.244732, sdrt-health/mac:02010b41cdec/antenna/tag/e28068940000400386621d4f, 96
1652706316.307318, sdrt-health/mac:02010b41cdec/antenna/tag/e2806894000050038662154f, 83
1652706316.30777, sdrt-health/mac:02010b41cdec/antenna/tag/e2806894000040038662114f, 85
1652706316.333373, sdrt-health/mac:02010b41cdec/antenna/tag/e2806894000040038662114f, 85
1652706316.371899, sdrt-health/mac:02010b41cdec/antenna/tag/e2806894000050038661fd4f, 86
1652706316.443012, sdrt-health/mac:02010b41cdec/antenna/tag/e2806894000050038662154f, 93
1652706316.443446, sdrt-health/mac:02010b41cdec/antenna/tag/e2806894000040038662114f, 85
1652706316.472881, sdrt-health/mac:02010b41cdec/antenna/tag/e28068940000500386620d4f, 87
1652706316.530092, sdrt-health/mac:02010b41cdec/antenna/tag/e28068940000500386620d4f, 93
1652706316.530543, sdrt-health/mac:02010b41cdec/antenna/tag/e2806894000050038662154f, 93
1652706316.564037, sdrt-health/mac:02010b41cdec/antenna/tag/e2806894000050038662154f, 87
1652706316.626725, sdrt-health/mac:02010b41cdec/antenna/tag/e28068940000400386621d4f, 90
1652706316.627286, sdrt-health/mac:02010b41cdec/antenna/tag/e28068940000400386621d4f, 90
1652706316.66795, sdrt-health/mac:02010b41cdec/antenna/tag/e28068940000400386621d4f, 96
1652706316.695698, sdrt-health/mac:02010b41cdec/antenna/tag/e2806894000050038662194f, 81
1652706316.696279, sdrt-health/mac:02010b41cdec/antenna/tag/e28068940000500386620d4f, 93
1652706316.711708, sdrt-health/mac:02010b41cdec/antenna/tag/e2806894000050038662154f, 87
1652706316.75542, sdrt-health/mac:02010b41cdec/antenna/tag/e2806894000050038662154f, 93
1652706316.815695, sdrt-health/mac:02010b41cdec/antenna/tag/e2806894000050038661fd4f, 86
1652706316.816188, sdrt-health/mac:02010b41cdec/antenna/tag/e28068940000500386620d4f, 93
1652706316.852337, sdrt-health/mac:02010b41cdec/antenna/tag/e28068940000400386621d4f, 90
1652706316.905653, sdrt-health/mac:02010b41cdec/antenna/tag/e2806894000050038661fd4f, 86
1652706316.905958, sdrt-health/mac:02010b41cdec/antenna/tag/e28068940000400386621d4f, 96
1652706316.919422, sdrt-health/mac:02010b41cdec/antenna/tag/e2806894000050038661fd4f, 86
1652706316.932408, sdrt-health/mac:02010b41cdec/antenna/tag/e28068940000400386621d4f, 96
1652706316.93263, sdrt-health/mac:02010b41cdec/antenna/tag/e2806894000050038662154f, 81
1652706316.932758, sdrt-health/mac:02010b41cdec/antenna/tag/e2806894000050038661fd4f, 86
1652706316.972536, sdrt-health/mac:02010b41cdec/antenna/tag/e2806894000040038662114f, 85
1652706317.012644, sdrt-health/mac:02010b41cdec/antenna/tag/e28068940000500386620d4f, 85
1652706317.013281, sdrt-health/mac:02010b41cdec/antenna/tag/e2806894000040038662114f, 85
1652706317.066708, sdrt-health/mac:02010b41cdec/antenna/tag/e2806894000050038661fd4f, 86
1652706317.067183, sdrt-health/mac:02010b41cdec/antenna/tag/e2806894000040038662114f, 85
1652706317.080798, sdrt-health/mac:02010b41cdec/antenna/tag/e2806894000050038662154f, 88
1652706317.093143, sdrt-health/mac:02010b41cdec/antenna/tag/e28068940000500386620d4f, 93
1652706317.132748, sdrt-health/mac:02010b41cdec/antenna/tag/e28068940000500386620d4f, 87
1652706317.186038, sdrt-health/mac:02010b41cdec/antenna/tag/e2806894000050038662194f, 94
1652706317.18624, sdrt-health/mac:02010b41cdec/antenna/tag/e2806894000040038662114f, 85
1652706317.186365, sdrt-health/mac:02010b41cdec/antenna/tag/e28068940000400386621d4f, 90
1652706317.212652, sdrt-health/mac:02010b41cdec/antenna/tag/e2806894000050038661fd4f, 86
1652706317.266018, sdrt-health/mac:02010b41cdec/antenna/tag/e2806894000040038662114f, 87
1652706317.266199, sdrt-health/mac:02010b41cdec/antenna/tag/e28068940000500386620d4f, 93
1652706317.292847, sdrt-health/mac:02010b41cdec/antenna/tag/e2806894000050038661fd4f, 86
1652706317.349298, sdrt-health/mac:02010b41cdec/antenna/tag/e28068940000400386621d4f, 96
1652706317.349788, sdrt-health/mac:02010b41cdec/antenna/tag/e2806894000040038662114f, 85
1652706317.363712, sdrt-health/mac:02010b41cdec/antenna/tag/e2806894000050038661fd4f, 83
1652706317.403012, sdrt-health/mac:02010b41cdec/antenna/tag/e28068940000500386620d4f, 85
1652706317.429866, sdrt-health/mac:02010b41cdec/antenna/tag/e28068940000500386620d4f, 93
1652706317.430121, sdrt-health/mac:02010b41cdec/antenna/tag/e2806894000050038661fd4f, 86
1652706317.452003, sdrt-health/mac:02010b41cdec/antenna/tag/e2806894000050038662154f, 87
1652706317.493632, sdrt-health/mac:02010b41cdec/antenna/tag/e28068940000500386620d4f, 93
1652706317.54746, sdrt-health/mac:02010b41cdec/antenna/tag/e2806894000040038662114f, 85
1652706317.547828, sdrt-health/mac:02010b41cdec/antenna/tag/e2806894000040038662114f, 93
1652706317.56177, sdrt-health/mac:02010b41cdec/antenna/tag/e2806894000050038661fd4f, 90
1652706317.583669, sdrt-health/mac:02010b41cdec/antenna/tag/e2806894000050038662154f, 85
1652706317.649589, sdrt-health/mac:02010b41cdec/antenna/tag/e2806894000050038661fd4f, 86
1652706317.649794, sdrt-health/mac:02010b41cdec/antenna/tag/e28068940000500386620d4f, 87
1652706317.681949, sdrt-health/mac:02010b41cdec/antenna/tag/e28068940000400386621d4f, 96
1652706317.682508, sdrt-health/mac:02010b41cdec/antenna/tag/e2806894000050038661fd4f, 86
1652706317.734014, sdrt-health/mac:02010b41cdec/antenna/tag/e28068940000500386620d4f, 87
1652706317.801358, sdrt-health/mac:02010b41cdec/antenna/tag/e28068940000400386621d4f, 90
1652706317.80164, sdrt-health/mac:02010b41cdec/antenna/tag/e28068940000500386620d4f, 93
1652706317.80176, sdrt-health/mac:02010b41cdec/antenna/tag/e28068940000400386621d4f, 96
1652706317.831351, sdrt-health/mac:02010b41cdec/antenna/tag/e2806894000050038661fd4f, 83
1652706317.876278, sdrt-health/mac:02010b41cdec/antenna/tag/e2806894000050038661fd4f, 83
1652706317.904515, sdrt-health/mac:02010b41cdec/antenna/tag/e28068940000500386620d4f, 85
1652706317.904756, sdrt-health/mac:02010b41cdec/antenna/tag/e2806894000040038662114f, 93
1652706317.91843, sdrt-health/mac:02010b41cdec/antenna/tag/e2806894000040038662114f, 85
1652706318.035826, sdrt-health/mac:02010b41cdec/antenna/tag/e28068940000500386620d4f, 93
1652706318.083727, sdrt-health/mac:02010b41cdec/antenna/tag/e28068940000400386621d4f, 90
1652706318.210889, sdrt-health/mac:02010b41cdec/antenna/tag/e2806894000050038662154f, 85
1652706318.211403, sdrt-health/mac:02010b41cdec/antenna/tag/e2806894000050038662194f, 81
1652706318.277915, sdrt-health/mac:02010b41cdec/antenna/tag/e28068940000500386620d4f, 93
1652706318.325642, sdrt-health/mac:02010b41cdec/antenna/tag/e2806894000050038661fd4f, 83
1652706318.397828, sdrt-health/mac:02010b41cdec/antenna/tag/e2806894000050038662154f, 83
1652706318.398307, sdrt-health/mac:02010b41cdec/antenna/tag/e2806894000050038662154f, 83
1652706318.465913, sdrt-health/mac:02010b41cdec/antenna/tag/e28068940000400386621d4f, 96
1652706318.508057, sdrt-health/mac:02010b41cdec/antenna/tag/e2806894000050038661fd4f, 86
1652706318.508508, sdrt-health/mac:02010b41cdec/antenna/tag/e2806894000050038661fd4f, 86
1652706318.556021, sdrt-health/mac:02010b41cdec/antenna/tag/e2806894000050038661fd4f, 86
1652706318.606776, sdrt-health/mac:02010b41cdec/antenna/tag/e28068940000400386621d4f, 96
1652706318.64622, sdrt-health/mac:02010b41cdec/antenna/tag/e2806894000040038662114f, 85
1652706318.678638, sdrt-health/mac:02010b41cdec/antenna/tag/e28068940000500386620d4f, 93
1652706318.678873, sdrt-health/mac:02010b41cdec/antenna/tag/e2806894000050038661fd4f, 86
1652706318.679034, sdrt-health/mac:02010b41cdec/antenna/tag/e28068940000400386621d4f, 96
1652706318.704237, sdrt-health/mac:02010b41cdec/antenna/tag/e28068940000500386620d4f, 83
1652706318.770818, sdrt-health/mac:02010b41cdec/antenna/tag/e2806894000050038661fd4f, 83
1652706318.771271, sdrt-health/mac:02010b41cdec/antenna/tag/e2806894000040038661f94f, 88
1652706318.771634, sdrt-health/mac:02010b41cdec/antenna/tag/e2806894000050038662154f, 81
1652706318.771965, sdrt-health/mac:02010b41cdec/antenna/tag/e2806894000040038662114f, 85
1652706318.80508, sdrt-health/mac:02010b41cdec/antenna/tag/e2806894000050038662154f, 83
1652706318.864803, sdrt-health/mac:02010b41cdec/antenna/tag/e2806894000050038661fd4f, 86
1652706318.922793, sdrt-health/mac:02010b41cdec/antenna/tag/e2806894000040038662214f, 83
1652706318.923287, sdrt-health/mac:02010b41cdec/antenna/tag/e28068940000500386620d4f, 93
1652706318.923647, sdrt-health/mac:02010b41cdec/antenna/tag/e2806894000040038662114f, 88
1652706318.939708, sdrt-health/mac:02010b41cdec/antenna/tag/e2806894000050038662154f, 85
1652706318.940273, sdrt-health/mac:02010b41cdec/antenna/tag/e2806894000050038661fd4f, 86
1652706318.961304, sdrt-health/mac:02010b41cdec/antenna/tag/e2806894000050038662154f, 85
1652706318.990346, sdrt-health/mac:02010b41cdec/antenna/tag/e2806894000050038661fd4f, 90
1652706318.990587, sdrt-health/mac:02010b41cdec/antenna/tag/e2806894000050038662154f, 85
1652706319.012771, sdrt-health/mac:02010b41cdec/antenna/tag/e28068940000500386620d4f, 93
1652706319.041551, sdrt-health/mac:02010b41cdec/antenna/tag/e2806894000040038662114f, 85
1652706319.041993, sdrt-health/mac:02010b41cdec/antenna/tag/e28068940000400386621d4f, 96
1652706319.055057, sdrt-health/mac:02010b41cdec/antenna/tag/e2806894000040038662114f, 85
1652706319.105274, sdrt-health/mac:02010b41cdec/antenna/tag/e28068940000500386620d4f, 87
1652706319.148163, sdrt-health/mac:02010b41cdec/antenna/tag/e2806894000040038662114f, 85
1652706319.180053, sdrt-health/mac:02010b41cdec/antenna/tag/e2806894000040038662114f, 85
1652706319.180477, sdrt-health/mac:02010b41cdec/antenna/tag/e28068940000500386620d4f, 93
1652706319.195386, sdrt-health/mac:02010b41cdec/antenna/tag/e2806894000050038662194f, 81
1652706319.237603, sdrt-health/mac:02010b41cdec/antenna/tag/e28068940000400386621d4f, 96
1652706319.270772, sdrt-health/mac:02010b41cdec/antenna/tag/e2806894000040038662114f, 85
1652706319.271186, sdrt-health/mac:02010b41cdec/antenna/tag/e2806894000050038662194f, 94
1652706319.28737, sdrt-health/mac:02010b41cdec/antenna/tag/e28068940000500386620d4f, 87
1652706319.287663, sdrt-health/mac:02010b41cdec/antenna/tag/e2806894000050038662194f, 94
1652706319.335689, sdrt-health/mac:02010b41cdec/antenna/tag/e28068940000500386620d4f, 83
1652706319.408386, sdrt-health/mac:02010b41cdec/antenna/tag/e28068940000400386621d4f, 90
1652706319.408843, sdrt-health/mac:02010b41cdec/antenna/tag/e2806894000050038662154f, 93
1652706319.409265, sdrt-health/mac:02010b41cdec/antenna/tag/e28068940000400386621d4f, 90
1652706319.409606, sdrt-health/mac:02010b41cdec/antenna/tag/e2806894000040038662114f, 85
1652706319.432829, sdrt-health/mac:02010b41cdec/antenna/tag/e28068940000400386621d4f, 90
1652706319.506299, sdrt-health/mac:02010b41cdec/antenna/tag/e2806894000050038662154f, 85
1652706319.506533, sdrt-health/mac:02010b41cdec/antenna/tag/e2806894000050038662154f, 93
1652706319.521151, sdrt-health/mac:02010b41cdec/antenna/tag/e28068940000400386621d4f, 90
1652706319.549738, sdrt-health/mac:02010b41cdec/antenna/tag/e2806894000050038661fd4f, 90
1652706319.550054, sdrt-health/mac:02010b41cdec/antenna/tag/e28068940000400386621d4f, 90
1652706319.602264, sdrt-health/mac:02010b41cdec/antenna/tag/e2806894000050038661fd4f, 83
1652706319.654473, sdrt-health/mac:02010b41cdec/antenna/tag/e28068940000500386620d4f, 83
1652706319.683213, sdrt-health/mac:02010b41cdec/antenna/tag/e2806894000050038662154f, 81
1652706319.683801, sdrt-health/mac:02010b41cdec/antenna/tag/e28068940000400386621d4f, 96
1652706319.698703, sdrt-health/mac:02010b41cdec/antenna/tag/e28068940000400386621d4f, 77
1652706319.733293, sdrt-health/mac:02010b41cdec/antenna/tag/e28068940000400386621d4f, 96
1652706319.733565, sdrt-health/mac:02010b41cdec/antenna/tag/e2806894000050038662154f, 81
1652706319.772554, sdrt-health/mac:02010b41cdec/antenna/tag/e28068940000400386621d4f, 77
1652706319.828276, sdrt-health/mac:02010b41cdec/antenna/tag/e2806894000050038661fd4f, 83
1652706319.828496, sdrt-health/mac:02010b41cdec/antenna/tag/e2806894000050038662154f, 81
1652706319.852228, sdrt-health/mac:02010b41cdec/antenna/tag/e2806894000050038661fd4f, 83
1652706319.880451, sdrt-health/mac:02010b41cdec/antenna/tag/e28068940000400386621d4f, 96
1652706319.880732, sdrt-health/mac:02010b41cdec/antenna/tag/e2806894000050038662154f, 85
1652706319.896984, sdrt-health/mac:02010b41cdec/antenna/tag/e2806894000050038661fd4f, 86
1652706320.097335, sdrt-health/mac:02010b41cdec/antenna/tag/scan, scan stopped
