1652705909.875182, sdrt-health/mac:02010b41cdec/antenna/power/set, {"power": 280}
1652705910.958009, sdrt-health/mac:02010b41cdec/antenna/power/set, 
1652705914.895455, sdrt-health/mac:02010b41cdec/antenna/tag/scan, {"time": 20000}
1652705915.324609, sdrt-health/mac:02010b41cdec/antenna/tag/e2806894000050038661fd4f, 86
1652705915.364989, sdrt-health/mac:02010b41cdec/antenna/tag/e2806894000050038662154f, 81
1652705915.421209, sdrt-health/mac:02010b41cdec/antenna/tag/e28068940000400386621d4f, 96
1652705915.470357, sdrt-health/mac:02010b41cdec/antenna/tag/e2806894000040038662114f, 88
1652705915.470794, sdrt-health/mac:02010b41cdec/antenna/tag/e2806894000040038662114f, 93
1652705915.48405, sdrt-health/mac:02010b41cdec/antenna/tag/e2806894000050038661fd4f, 83
1652705915.494319, sdrt-health/mac:02010b41cdec/antenna/tag/e2806894000040038662114f, 93
1652705915.500109, sdrt-health/mac:02010b41cdec/antenna/tag/e28068940000400386621d4f, 96
1652705915.536024, sdrt-health/mac:02010b41cdec/antenna/tag/e28068940000500386620d4f, 93
1652705915.601853, sdrt-health/mac:02010b41cdec/antenna/tag/e2806894000050038661fd4f, 83
1652705915.602349, sdrt-health/mac:02010b41cdec/antenna/tag/e2806894000050038661fd4f, 86
1652705915.630452, sdrt-health/mac:02010b41cdec/antenna/tag/e28068940000400386621d4f, 96
1652705915.689389, sdrt-health/mac:02010b41cdec/antenna/tag/e2806894000040038662114f, 85
1652705915.689821, sdrt-health/mac:02010b41cdec/antenna/tag/e28068940000500386620d4f, 87
1652705915.705934, sdrt-health/mac:02010b41cdec/antenna/tag/e2806894000050038662154f, 88
1652705915.716772, sdrt-health/mac:02010b41cdec/antenna/tag/e2806894000050038661fd4f, 86
1652705915.765136, sdrt-health/mac:02010b41cdec/antenna/tag/e28068940000400386621d4f, 77
1652705915.830882, sdrt-health/mac:02010b41cdec/antenna/tag/e2806894000040038662114f, 85
1652705915.831379, sdrt-health/mac:02010b41cdec/antenna/tag/e28068940000400386621d4f, 77
1652705915.845343, sdrt-health/mac:02010b41cdec/antenna/tag/e2806894000050038662154f, 87
1652705915.871678, sdrt-health/mac:02010b41cdec/antenna/tag/e2806894000040038662114f, 91
1652705915.900959, sdrt-health/mac:02010b41cdec/antenna/tag/e28068940000400386621d4f, 90
1652705915.901217, sdrt-health/mac:02010b41cdec/antenna/tag/e2806894000050038662154f, 81
1652705915.915148, sdrt-health/mac:02010b41cdec/antenna/tag/e2806894000050038662154f, 83
1652705915.959277, sdrt-health/mac:02010b41cdec/antenna/tag/e2806894000050038661fd4f, 90
1652705916.007286, sdrt-health/mac:02010b41cdec/antenna/tag/e28068940000500386620d4f, 83
1652705916.07077, sdrt-health/mac:02010b41cdec/antenna/tag/e2806894000050038661fd4f, 83
1652705916.071161, sdrt-health/mac:02010b41cdec/antenna/tag/e28068940000400386621d4f, 77
1652705916.124046, sdrt-health/mac:02010b41cdec/antenna/tag/e2806894000040038662114f, 88
1652705916.165827, sdrt-health/mac:02010b41cdec/antenna/tag/e2806894000050038661fd4f, 86
1652705916.215859, sdrt-health/mac:02010b41cdec/antenna/tag/e2806894000040038662114f, 88
1652705916.275866, sdrt-health/mac:02010b41cdec/antenna/tag/e2806894000040038662114f, 88
1652705916.315159, sdrt-health/mac:02010b41cdec/antenna/tag/e2806894000050038662154f, 87
1652705916.380955, sdrt-health/mac:02010b41cdec/antenna/tag/e28068940000400386621d4f, 90
1652705916.381405, sdrt-health/mac:02010b41cdec/antenna/tag/e2806894000040038662114f, 85
1652705916.405303, sdrt-health/mac:02010b41cdec/antenna/tag/e28068940000500386620d4f, 87
1652705916.454575, sdrt-health/mac:02010b41cdec/antenna/tag/e2806894000050038662194f, 81
1652705916.525951, sdrt-health/mac:02010b41cdec/antenna/tag/e2806894000040038662114f, 88
1652705916.565258, sdrt-health/mac:02010b41cdec/antenna/tag/e2806894000050038662154f, 85
1652705916.609166, sdrt-health/mac:02010b41cdec/antenna/tag/e28068940000500386620d4f, 87
1652705916.60965, sdrt-health/mac:02010b41cdec/antenna/tag/e2806894000040038662114f, 85
1652705916.60987, sdrt-health/mac:02010b41cdec/antenna/tag/e2806894000050038661fd4f, 86
1652705916.669907, sdrt-health/mac:02010b41cdec/antenna/tag/e2806894000050038661fd4f, 90
1652705916.751082, sdrt-health/mac:02010b41cdec/antenna/tag/e2806894000050038661fd4f, 86
1652705916.794591, sdrt-health/mac:02010b41cdec/antenna/tag/e2806894000050038662194f, 88
1652705916.925611, sdrt-health/mac:02010b41cdec/antenna/tag/e2806894000040038662114f, 85
1652705916.926041, sdrt-health/mac:02010b41cdec/antenna/tag/e28068940000400386621d4f, 96
1652705916.990871, sdrt-health/mac:02010b41cdec/antenna/tag/e2806894000040038662114f, 85
1652705917.020045, sdrt-health/mac:02010b41cdec/antenna/tag/e28068940000500386620d4f, 83
1652705917.020561, sdrt-health/mac:02010b41cdec/antenna/tag/e28068940000500386620d4f, 87
1652705917.034758, sdrt-health/mac:02010b41cdec/antenna/tag/e2806894000050038662154f, 94
1652705917.099198, sdrt-health/mac:02010b41cdec/antenna/tag/e28068940000400386621d4f, 77
1652705917.099619, sdrt-health/mac:02010b41cdec/antenna/tag/e28068940000500386620d4f, 87
1652705917.11388, sdrt-health/mac:02010b41cdec/antenna/tag/e2806894000050038662154f, 81
1652705917.15111, sdrt-health/mac:02010b41cdec/antenna/tag/e2806894000040038661f94f, 88
1652705917.19413, sdrt-health/mac:02010b41cdec/antenna/tag/e2806894000050038661fd4f, 83
1652705917.22228, sdrt-health/mac:02010b41cdec/antenna/tag/e2806894000050038662154f, 88
1652705917.222613, sdrt-health/mac:02010b41cdec/antenna/tag/e2806894000040038662114f, 85
1652705917.237521, sdrt-health/mac:02010b41cdec/antenna/tag/e2806894000050038661fd4f, 83
1652705917.299224, sdrt-health/mac:02010b41cdec/antenna/tag/e28068940000400386621d4f, 96
1652705917.299716, sdrt-health/mac:02010b41cdec/antenna/tag/e28068940000400386621d4f, 96
1652705917.335198, sdrt-health/mac:02010b41cdec/antenna/tag/e2806894000050038662194f, 84
1652705917.375396, sdrt-health/mac:02010b41cdec/antenna/tag/e2806894000040038662114f, 88
1652705917.43837, sdrt-health/mac:02010b41cdec/antenna/tag/e2806894000050038661fd4f, 83
1652705917.438624, sdrt-health/mac:02010b41cdec/antenna/tag/e2806894000050038661fd4f, 86
1652705917.460247, sdrt-health/mac:02010b41cdec/antenna/tag/e2806894000050038661fd4f, 90
1652705917.489194, sdrt-health/mac:02010b41cdec/antenna/tag/e2806894000040038662114f, 88
1652705917.489455, sdrt-health/mac:02010b41cdec/antenna/tag/e28068940000400386621d4f, 90
1652705917.489638, sdrt-health/mac:02010b41cdec/antenna/tag/e2806894000050038662154f, 93
1652705917.51385, sdrt-health/mac:02010b41cdec/antenna/tag/e28068940000500386620d4f, 93
1652705917.55766, sdrt-health/mac:02010b41cdec/antenna/tag/e28068940000500386620d4f, 87
1652705917.558093, sdrt-health/mac:02010b41cdec/antenna/tag/e28068940000400386621d4f, 90
1652705917.618936, sdrt-health/mac:02010b41cdec/antenna/tag/e2806894000050038662154f, 93
1652705917.670032, sdrt-health/mac:02010b41cdec/antenna/tag/e28068940000500386620d4f, 83
1652705917.670529, sdrt-health/mac:02010b41cdec/antenna/tag/e2806894000040038662114f, 88
1652705917.684809, sdrt-health/mac:02010b41cdec/antenna/tag/e2806894000050038661fd4f, 90
1652705917.742933, sdrt-health/mac:02010b41cdec/antenna/tag/e2806894000050038662194f, 81
1652705917.872013, sdrt-health/mac:02010b41cdec/antenna/tag/e2806894000050038662194f, 81
1652705917.87249, sdrt-health/mac:02010b41cdec/antenna/tag/e2806894000050038662154f, 85
1652705917.888185, sdrt-health/mac:02010b41cdec/antenna/tag/e2806894000040038662114f, 85
1652705917.888688, sdrt-health/mac:02010b41cdec/antenna/tag/e2806894000040038662114f, 88
1652705917.932783, sdrt-health/mac:02010b41cdec/antenna/tag/e2806894000040038662114f, 85
1652705917.987694, sdrt-health/mac:02010b41cdec/antenna/tag/e2806894000040038662114f, 85
1652705918.020522, sdrt-health/mac:02010b41cdec/antenna/tag/e2806894000050038661fd4f, 86
1652705918.020798, sdrt-health/mac:02010b41cdec/antenna/tag/e28068940000500386620d4f, 93
1652705918.020989, sdrt-health/mac:02010b41cdec/antenna/tag/e2806894000040038662114f, 93
1652705918.039403, sdrt-health/mac:02010b41cdec/antenna/tag/e2806894000050038661fd4f, 83
1652705918.086736, sdrt-health/mac:02010b41cdec/antenna/tag/e28068940000500386620d4f, 85
1652705918.135037, sdrt-health/mac:02010b41cdec/antenna/tag/e28068940000400386621d4f, 90
1652705918.190727, sdrt-health/mac:02010b41cdec/antenna/tag/e2806894000040038662114f, 85
1652705918.192674, sdrt-health/mac:02010b41cdec/antenna/tag/e2806894000050038661fd4f, 83
1652705918.216841, sdrt-health/mac:02010b41cdec/antenna/tag/e2806894000050038661fd4f, 86
1652705918.31474, sdrt-health/mac:02010b41cdec/antenna/tag/e2806894000040038662114f, 85
1652705918.358946, sdrt-health/mac:02010b41cdec/antenna/tag/e28068940000500386620d4f, 85
1652705918.410683, sdrt-health/mac:02010b41cdec/antenna/tag/e2806894000050038661fd4f, 83
1652705918.411165, sdrt-health/mac:02010b41cdec/antenna/tag/e28068940000400386621d4f, 90
1652705918.439956, sdrt-health/mac:02010b41cdec/antenna/tag/e28068940000500386620d4f, 93
1652705918.485685, sdrt-health/mac:02010b41cdec/antenna/tag/e2806894000050038662154f, 93
1652705918.550522, sdrt-health/mac:02010b41cdec/antenna/tag/e28068940000400386621d4f, 96
1652705918.551041, sdrt-health/mac:02010b41cdec/antenna/tag/e2806894000040038662114f, 88
1652705918.569234, sdrt-health/mac:02010b41cdec/antenna/tag/e2806894000050038661fd4f, 90
1652705918.591361, sdrt-health/mac:02010b41cdec/antenna/tag/e2806894000050038661fd4f, 90
1652705918.659982, sdrt-health/mac:02010b41cdec/antenna/tag/e28068940000400386621d4f, 90
1652705918.660439, sdrt-health/mac:02010b41cdec/antenna/tag/e2806894000050038661fd4f, 90
1652705918.674671, sdrt-health/mac:02010b41cdec/antenna/tag/e28068940000500386620d4f, 93
1652705918.675086, sdrt-health/mac:02010b41cdec/antenna/tag/e2806894000040038662114f, 88
1652705918.697754, sdrt-health/mac:02010b41cdec/antenna/tag/e28068940000500386620d4f, 93
1652705918.735558, sdrt-health/mac:02010b41cdec/antenna/tag/e28068940000500386620d4f, 93
1652705918.788689, sdrt-health/mac:02010b41cdec/antenna/tag/e2806894000040038662114f, 85
1652705918.789092, sdrt-health/mac:02010b41cdec/antenna/tag/e28068940000400386621d4f, 90
1652705918.86569, sdrt-health/mac:02010b41cdec/antenna/tag/e28068940000400386621d4f, 77
1652705918.953687, sdrt-health/mac:02010b41cdec/antenna/tag/e2806894000050038662154f, 87
1652705919.000498, sdrt-health/mac:02010b41cdec/antenna/tag/e2806894000040038662114f, 85
1652705919.05839, sdrt-health/mac:02010b41cdec/antenna/tag/e28068940000400386621d4f, 96
1652705919.077956, sdrt-health/mac:02010b41cdec/antenna/tag/e28068940000400386621d4f, 90
1652705919.078235, sdrt-health/mac:02010b41cdec/antenna/tag/e28068940000500386620d4f, 93
1652705919.078389, sdrt-health/mac:02010b41cdec/antenna/tag/e2806894000050038661fd4f, 86
1652705919.175221, sdrt-health/mac:02010b41cdec/antenna/tag/e28068940000400386621d4f, 90
1652705919.241918, sdrt-health/mac:02010b41cdec/antenna/tag/e2806894000050038661fd4f, 86
1652705919.242486, sdrt-health/mac:02010b41cdec/antenna/tag/e2806894000050038662154f, 85
1652705919.242848, sdrt-health/mac:02010b41cdec/antenna/tag/e2806894000050038662154f, 87
1652705919.243233, sdrt-health/mac:02010b41cdec/antenna/tag/e2806894000050038662154f, 87
1652705919.257223, sdrt-health/mac:02010b41cdec/antenna/tag/e2806894000050038662154f, 87
1652705919.257811, sdrt-health/mac:02010b41cdec/antenna/tag/e28068940000400386621d4f, 90
1652705919.274774, sdrt-health/mac:02010b41cdec/antenna/tag/e28068940000500386620d4f, 87
1652705919.32549, sdrt-health/mac:02010b41cdec/antenna/tag/e2806894000050038662194f, 88
1652705919.364538, sdrt-health/mac:02010b41cdec/antenna/tag/e28068940000400386621d4f, 96
1652705919.415884, sdrt-health/mac:02010b41cdec/antenna/tag/e2806894000050038662154f, 87
1652705919.470078, sdrt-health/mac:02010b41cdec/antenna/tag/e28068940000500386620d4f, 93
1652705919.514788, sdrt-health/mac:02010b41cdec/antenna/tag/e2806894000050038661fd4f, 90
1652705919.644388, sdrt-health/mac:02010b41cdec/antenna/tag/e28068940000400386621d4f, 90
1652705919.644882, sdrt-health/mac:02010b41cdec/antenna/tag/e2806894000050038662154f, 85
1652705919.718137, sdrt-health/mac:02010b41cdec/antenna/tag/e2806894000050038662154f, 85
1652705919.748349, sdrt-health/mac:02010b41cdec/antenna/tag/e2806894000040038662114f, 88
1652705919.815554, sdrt-health/mac:02010b41cdec/antenna/tag/e2806894000040038662114f, 85
1652705919.816004, sdrt-health/mac:02010b41cdec/antenna/tag/e28068940000500386620d4f, 85
1652705919.816394, sdrt-health/mac:02010b41cdec/antenna/tag/e2806894000050038662154f, 85
1652705919.881669, sdrt-health/mac:02010b41cdec/antenna/tag/e28068940000500386620d4f, 85
1652705919.912739, sdrt-health/mac:02010b41cdec/antenna/tag/e2806894000050038661fd4f, 86
1652705919.913099, sdrt-health/mac:02010b41cdec/antenna/tag/e2806894000050038661fd4f, 83
1652705920.009758, sdrt-health/mac:02010b41cdec/antenna/tag/e28068940000400386621d4f, 77
1652705920.093521, sdrt-health/mac:02010b41cdec/antenna/tag/e2806894000040038662114f, 85
1652705920.094047, sdrt-health/mac:02010b41cdec/antenna/tag/e28068940000500386620d4f, 93
1652705920.159774, sdrt-health/mac:02010b41cdec/antenna/tag/e2806894000040038662114f, 85
1652705920.160277, sdrt-health/mac:02010b41cdec/antenna/tag/e28068940000500386620d4f, 85
1652705920.160705, sdrt-health/mac:02010b41cdec/antenna/tag/e2806894000050038662154f, 85
1652705920.161075, sdrt-health/mac:02010b41cdec/antenna/tag/e2806894000040038662114f, 88
1652705920.161469, sdrt-health/mac:02010b41cdec/antenna/tag/e2806894000050038662154f, 85
1652705920.161836, sdrt-health/mac:02010b41cdec/antenna/tag/e2806894000050038662154f, 93
1652705920.259257, sdrt-health/mac:02010b41cdec/antenna/tag/e2806894000050038662154f, 85
1652705920.456105, sdrt-health/mac:02010b41cdec/antenna/tag/e28068940000400386621d4f, 90
1652705920.456611, sdrt-health/mac:02010b41cdec/antenna/tag/e28068940000500386620d4f, 93
1652705920.457029, sdrt-health/mac:02010b41cdec/antenna/tag/e28068940000400386621d4f, 90
1652705920.470374, sdrt-health/mac:02010b41cdec/antenna/tag/e28068940000500386620d4f, 87
1652705920.470788, sdrt-health/mac:02010b41cdec/antenna/tag/e28068940000500386620d4f, 93
1652705920.552217, sdrt-health/mac:02010b41cdec/antenna/tag/e2806894000040038662114f, 88
1652705920.611559, sdrt-health/mac:02010b41cdec/antenna/tag/e28068940000500386620d4f, 85
1652705920.686386, sdrt-health/mac:02010b41cdec/antenna/tag/e2806894000050038661fd4f, 83
1652705920.686958, sdrt-health/mac:02010b41cdec/antenna/tag/e2806894000040038662114f, 85
1652705920.687303, sdrt-health/mac:02010b41cdec/antenna/tag/e2806894000050038661fd4f, 90
1652705920.717978, sdrt-health/mac:02010b41cdec/antenna/tag/e28068940000400386621d4f, 90
1652705920.71834, sdrt-health/mac:02010b41cdec/antenna/tag/e2806894000040038662114f, 85
1652705920.718632, sdrt-health/mac:02010b41cdec/antenna/tag/e2806894000050038661fd4f, 90
1652705920.718955, sdrt-health/mac:02010b41cdec/antenna/tag/e28068940000400386621d4f, 90
1652705920.719301, sdrt-health/mac:02010b41cdec/antenna/tag/e28068940000400386621d4f, 90
1652705920.719541, sdrt-health/mac:02010b41cdec/antenna/tag/e2806894000050038662154f, 93
1652705920.719824, sdrt-health/mac:02010b41cdec/antenna/tag/e2806894000040038662114f, 85
1652705920.720051, sdrt-health/mac:02010b41cdec/antenna/tag/e2806894000050038661fd4f, 86
1652705920.720262, sdrt-health/mac:02010b41cdec/antenna/tag/e2806894000050038661fd4f, 83
1652705920.720472, sdrt-health/mac:02010b41cdec/antenna/tag/e2806894000050038661fd4f, 86
1652705920.720647, sdrt-health/mac:02010b41cdec/antenna/tag/e28068940000400386621d4f, 77
1652705920.783171, sdrt-health/mac:02010b41cdec/antenna/tag/e2806894000050038662154f, 83
1652705920.834136, sdrt-health/mac:02010b41cdec/antenna/tag/e28068940000500386620d4f, 87
1652705920.894963, sdrt-health/mac:02010b41cdec/antenna/tag/e28068940000400386621d4f, 96
1652705920.976128, sdrt-health/mac:02010b41cdec/antenna/tag/e28068940000500386620d4f, 87
1652705920.976649, sdrt-health/mac:02010b41cdec/antenna/tag/e28068940000400386621d4f, 96
1652705920.97707, sdrt-health/mac:02010b41cdec/antenna/tag/e2806894000050038661fd4f, 83
1652705920.977439, sdrt-health/mac:02010b41cdec/antenna/tag/e28068940000400386621d4f, 96
1652705921.003488, sdrt-health/mac:02010b41cdec/antenna/tag/e2806894000050038661fd4f, 90
1652705921.03618, sdrt-health/mac:02010b41cdec/antenna/tag/e28068940000500386620d4f, 85
1652705921.040597, sdrt-health/mac:02010b41cdec/antenna/tag/e2806894000050038661fd4f, 86
1652705921.040906, sdrt-health/mac:02010b41cdec/antenna/tag/e2806894000040038662114f, 85
1652705921.10124, sdrt-health/mac:02010b41cdec/antenna/tag/e2806894000040038662114f, 93
1652705921.176308, sdrt-health/mac:02010b41cdec/antenna/tag/e2806894000040038662114f, 85
1652705921.176809, sdrt-health/mac:02010b41cdec/antenna/tag/e28068940000500386620d4f, 85
1652705921.189509, sdrt-health/mac:02010b41cdec/antenna/tag/e2806894000040038662114f, 85
1652705921.25187, sdrt-health/mac:02010b41cdec/antenna/tag/e2806894000040038662114f, 88
1652705921.252544, sdrt-health/mac:02010b41cdec/antenna/tag/e2806894000050038661fd4f, 86
1652705921.285059, sdrt-health/mac:02010b41cdec/antenna/tag/e2806894000040038662114f, 88
1652705921.334833, sdrt-health/mac:02010b41cdec/antenna/tag/e2806894000040038662114f, 85
1652705921.364808, sdrt-health/mac:02010b41cdec/antenna/tag/e28068940000400386621d4f, 96
1652705921.365159, sdrt-health/mac:02010b41cdec/antenna/tag/e2806894000050038661fd4f, 86
1652705921.37953, sdrt-health/mac:02010b41cdec/antenna/tag/e28068940000500386620d4f, 87
1652705921.379835, sdrt-health/mac:02010b41cdec/antenna/tag/e2806894000050038661fd4f, 83
1652705921.454506, sdrt-health/mac:02010b41cdec/antenna/tag/e2806894000040038662114f, 88
1652705921.504964, sdrt-health/mac:02010b41cdec/antenna/tag/e28068940000500386620d4f, 93
1652705921.534569, sdrt-health/mac:02010b41cdec/antenna/tag/e2806894000040038662114f, 85
1652705921.534869, sdrt-health/mac:02010b41cdec/antenna/tag/e28068940000400386621d4f, 90
1652705921.575966, sdrt-health/mac:02010b41cdec/antenna/tag/e28068940000500386620d4f, 85
1652705921.615736, sdrt-health/mac:02010b41cdec/antenna/tag/e28068940000400386621d4f, 90
1652705921.65543, sdrt-health/mac:02010b41cdec/antenna/tag/e2806894000040038662114f, 85
1652705921.696274, sdrt-health/mac:02010b41cdec/antenna/tag/e2806894000040038662114f, 85
1652705921.735399, sdrt-health/mac:02010b41cdec/antenna/tag/e2806894000040038662214f, 94
1652705921.791271, sdrt-health/mac:02010b41cdec/antenna/tag/e2806894000050038662194f, 94
1652705921.791853, sdrt-health/mac:02010b41cdec/antenna/tag/e28068940000500386620d4f, 87
1652705921.808837, sdrt-health/mac:02010b41cdec/antenna/tag/e2806894000050038661fd4f, 83
1652705921.84585, sdrt-health/mac:02010b41cdec/antenna/tag/e2806894000040038662114f, 91
1652705921.894768, sdrt-health/mac:02010b41cdec/antenna/tag/e28068940000400386621d4f, 90
1652705921.965192, sdrt-health/mac:02010b41cdec/antenna/tag/e2806894000050038662154f, 85
1652705921.965715, sdrt-health/mac:02010b41cdec/antenna/tag/e2806894000050038662154f, 83
1652705922.019534, sdrt-health/mac:02010b41cdec/antenna/tag/e2806894000050038661fd4f, 86
1652705922.065425, sdrt-health/mac:02010b41cdec/antenna/tag/e2806894000050038661fd4f, 83
1652705922.066902, sdrt-health/mac:02010b41cdec/antenna/tag/e28068940000400386621d4f, 96
1652705922.153982, sdrt-health/mac:02010b41cdec/antenna/tag/e2806894000050038661fd4f, 86
1652705922.244292, sdrt-health/mac:02010b41cdec/antenna/tag/e2806894000050038662154f, 81
1652705922.339046, sdrt-health/mac:02010b41cdec/antenna/tag/e2806894000050038661fd4f, 86
1652705922.339545, sdrt-health/mac:02010b41cdec/antenna/tag/e2806894000040038662114f, 85
1652705922.339861, sdrt-health/mac:02010b41cdec/antenna/tag/e2806894000050038662194f, 88
1652705922.340338, sdrt-health/mac:02010b41cdec/antenna/tag/e28068940000400386621d4f, 77
1652705922.340799, sdrt-health/mac:02010b41cdec/antenna/tag/e28068940000500386620d4f, 87
1652705922.341159, sdrt-health/mac:02010b41cdec/antenna/tag/e28068940000400386621d4f, 77
1652705922.454842, sdrt-health/mac:02010b41cdec/antenna/tag/e2806894000050038661fd4f, 86
1652705922.54732, sdrt-health/mac:02010b41cdec/antenna/tag/e28068940000400386621d4f, 96
1652705922.576605, sdrt-health/mac:02010b41cdec/antenna/tag/e2806894000050038662194f, 81
1652705922.576997, sdrt-health/mac:02010b41cdec/antenna/tag/e28068940000500386620d4f, 93
1652705922.57724, sdrt-health/mac:02010b41cdec/antenna/tag/e2806894000050038662154f, 87
1652705922.577505, sdrt-health/mac:02010b41cdec/antenna/tag/e28068940000400386621d4f, 77
1652705922.590435, sdrt-health/mac:02010b41cdec/antenna/tag/e2806894000050038662154f, 83
1652705922.590706, sdrt-health/mac:02010b41cdec/antenna/tag/e2806894000040038662114f, 85
1652705922.590868, sdrt-health/mac:02010b41cdec/antenna/tag/e28068940000500386620d4f, 87
1652705922.634722, sdrt-health/mac:02010b41cdec/antenna/tag/e28068940000500386620d4f, 87
1652705922.677606, sdrt-health/mac:02010b41cdec/antenna/tag/e2806894000050038661fd4f, 86
1652705922.739191, sdrt-health/mac:02010b41cdec/antenna/tag/e28068940000400386621d4f, 90
1652705922.739683, sdrt-health/mac:02010b41cdec/antenna/tag/e2806894000050038661fd4f, 86
1652705922.776166, sdrt-health/mac:02010b41cdec/antenna/tag/e2806894000040038662114f, 88
1652705922.815384, sdrt-health/mac:02010b41cdec/antenna/tag/e2806894000040038662114f, 88
1652705922.909493, sdrt-health/mac:02010b41cdec/antenna/tag/e2806894000050038662154f, 93
1652705922.910018, sdrt-health/mac:02010b41cdec/antenna/tag/e28068940000400386621d4f, 77
1652705922.933871, sdrt-health/mac:02010b41cdec/antenna/tag/e2806894000050038662194f, 94
1652705922.974067, sdrt-health/mac:02010b41cdec/antenna/tag/e28068940000500386620d4f, 83
1652705923.028982, sdrt-health/mac:02010b41cdec/antenna/tag/e28068940000400386621d4f, 90
1652705923.139546, sdrt-health/mac:02010b41cdec/antenna/tag/e28068940000500386620d4f, 93
1652705923.139994, sdrt-health/mac:02010b41cdec/antenna/tag/e2806894000050038662154f, 93
1652705923.23596, sdrt-health/mac:02010b41cdec/antenna/tag/e2806894000050038662154f, 85
1652705923.23642, sdrt-health/mac:02010b41cdec/antenna/tag/e2806894000040038662114f, 88
1652705923.236804, sdrt-health/mac:02010b41cdec/antenna/tag/e2806894000050038662154f, 93
1652705923.33003, sdrt-health/mac:02010b41cdec/antenna/tag/e2806894000040038662114f, 88
1652705923.330573, sdrt-health/mac:02010b41cdec/antenna/tag/e28068940000500386620d4f, 93
1652705923.33092, sdrt-health/mac:02010b41cdec/antenna/tag/e2806894000040038662114f, 88
1652705923.415824, sdrt-health/mac:02010b41cdec/antenna/tag/e28068940000500386620d4f, 93
1652705923.530477, sdrt-health/mac:02010b41cdec/antenna/tag/e28068940000400386621d4f, 90
1652705923.530956, sdrt-health/mac:02010b41cdec/antenna/tag/e2806894000050038661fd4f, 86
1652705923.531294, sdrt-health/mac:02010b41cdec/antenna/tag/e2806894000050038662154f, 83
1652705923.64493, sdrt-health/mac:02010b41cdec/antenna/tag/e28068940000500386620d4f, 93
1652705923.802985, sdrt-health/mac:02010b41cdec/antenna/tag/e28068940000400386621d4f, 90
1652705923.803535, sdrt-health/mac:02010b41cdec/antenna/tag/e2806894000040038662114f, 85
1652705923.803982, sdrt-health/mac:02010b41cdec/antenna/tag/e2806894000050038661fd4f, 83
1652705923.80442, sdrt-health/mac:02010b41cdec/antenna/tag/e2806894000050038662194f, 81
1652705923.804783, sdrt-health/mac:02010b41cdec/antenna/tag/e2806894000050038661fd4f, 86
1652705923.805185, sdrt-health/mac:02010b41cdec/antenna/tag/e2806894000040038662054f, 88
1652705923.819794, sdrt-health/mac:02010b41cdec/antenna/tag/e2806894000050038662194f, 94
1652705923.819987, sdrt-health/mac:02010b41cdec/antenna/tag/e2806894000050038661fd4f, 86
1652705923.820143, sdrt-health/mac:02010b41cdec/antenna/tag/e2806894000040038662114f, 85
1652705923.820325, sdrt-health/mac:02010b41cdec/antenna/tag/e2806894000050038662194f, 83
1652705923.820463, sdrt-health/mac:02010b41cdec/antenna/tag/e28068940000400386621d4f, 96
1652705923.820639, sdrt-health/mac:02010b41cdec/antenna/tag/e2806894000040038662114f, 88
1652705923.820779, sdrt-health/mac:02010b41cdec/antenna/tag/e2806894000050038661fd4f, 86
1652705923.820895, sdrt-health/mac:02010b41cdec/antenna/tag/e2806894000050038661fd4f, 83
1652705923.821056, sdrt-health/mac:02010b41cdec/antenna/tag/e28068940000400386621d4f, 96
1652705923.844438, sdrt-health/mac:02010b41cdec/antenna/tag/e2806894000050038662154f, 83
1652705923.871997, sdrt-health/mac:02010b41cdec/antenna/tag/e28068940000500386620d4f, 83
1652705923.87237, sdrt-health/mac:02010b41cdec/antenna/tag/e2806894000040038662114f, 85
1652705923.894865, sdrt-health/mac:02010b41cdec/antenna/tag/e2806894000050038662154f, 83
1652705923.933393, sdrt-health/mac:02010b41cdec/antenna/tag/e28068940000500386620d4f, 87
1652705923.96884, sdrt-health/mac:02010b41cdec/antenna/tag/e28068940000500386620d4f, 87
1652705923.969251, sdrt-health/mac:02010b41cdec/antenna/tag/e28068940000400386621d4f, 90
1652705923.981773, sdrt-health/mac:02010b41cdec/antenna/tag/e2806894000050038662154f, 85
1652705923.981982, sdrt-health/mac:02010b41cdec/antenna/tag/e28068940000400386621d4f, 90
1652705924.005602, sdrt-health/mac:02010b41cdec/antenna/tag/e2806894000050038661fd4f, 90
1652705924.044374, sdrt-health/mac:02010b41cdec/antenna/tag/e2806894000050038661fd4f, 90
1652705924.094782, sdrt-health/mac:02010b41cdec/antenna/tag/e28068940000400386621d4f, 90
1652705924.162925, sdrt-health/mac:02010b41cdec/antenna/tag/e2806894000050038661fd4f, 83
1652705924.163368, sdrt-health/mac:02010b41cdec/antenna/tag/e28068940000400386621d4f, 90
1652705924.179064, sdrt-health/mac:02010b41cdec/antenna/tag/e2806894000050038662154f, 87
1652705924.19671, sdrt-health/mac:02010b41cdec/antenna/tag/e28068940000400386621d4f, 90
1652705924.259779, sdrt-health/mac:02010b41cdec/antenna/tag/e2806894000050038662154f, 83
1652705924.260283, sdrt-health/mac:02010b41cdec/antenna/tag/e28068940000500386620d4f, 93
1652705924.275135, sdrt-health/mac:02010b41cdec/antenna/tag/e2806894000050038662154f, 87
1652705924.275391, sdrt-health/mac:02010b41cdec/antenna/tag/e2806894000050038661fd4f, 86
1652705924.280588, sdrt-health/mac:02010b41cdec/antenna/tag/e28068940000400386621d4f, 90
1652705924.317068, sdrt-health/mac:02010b41cdec/antenna/tag/e2806894000040038662114f, 85
1652705924.359856, sdrt-health/mac:02010b41cdec/antenna/tag/e2806894000040038662114f, 85
1652705924.479491, sdrt-health/mac:02010b41cdec/antenna/tag/e28068940000500386620d4f, 87
1652705924.480226, sdrt-health/mac:02010b41cdec/antenna/tag/e2806894000040038662114f, 85
1652705924.509599, sdrt-health/mac:02010b41cdec/antenna/tag/e28068940000500386620d4f, 93
1652705924.579972, sdrt-health/mac:02010b41cdec/antenna/tag/e28068940000500386620d4f, 93
1652705924.580413, sdrt-health/mac:02010b41cdec/antenna/tag/e2806894000050038662154f, 85
1652705924.633024, sdrt-health/mac:02010b41cdec/antenna/tag/e28068940000500386620d4f, 93
1652705924.663918, sdrt-health/mac:02010b41cdec/antenna/tag/e2806894000050038661fd4f, 86
1652705924.68217, sdrt-health/mac:02010b41cdec/antenna/tag/e2806894000050038662154f, 85
1652705924.857152, sdrt-health/mac:02010b41cdec/antenna/tag/e28068940000400386621d4f, 90
1652705924.857357, sdrt-health/mac:02010b41cdec/antenna/tag/e2806894000050038662194f, 81
1652705924.942505, sdrt-health/mac:02010b41cdec/antenna/tag/e2806894000050038661fd4f, 86
1652705924.943149, sdrt-health/mac:02010b41cdec/antenna/tag/e2806894000040038662114f, 85
1652705924.943514, sdrt-health/mac:02010b41cdec/antenna/tag/e2806894000050038661fd4f, 86
1652705925.029142, sdrt-health/mac:02010b41cdec/antenna/tag/e2806894000050038662154f, 85
1652705925.070956, sdrt-health/mac:02010b41cdec/antenna/tag/e2806894000040038662114f, 85
1652705925.138846, sdrt-health/mac:02010b41cdec/antenna/tag/e2806894000050038661fd4f, 86
1652705925.139344, sdrt-health/mac:02010b41cdec/antenna/tag/e28068940000500386620d4f, 83
1652705925.139677, sdrt-health/mac:02010b41cdec/antenna/tag/e28068940000500386620d4f, 85
1652705925.140016, sdrt-health/mac:02010b41cdec/antenna/tag/e2806894000050038661fd4f, 86
1652705925.140382, sdrt-health/mac:02010b41cdec/antenna/tag/e28068940000500386620d4f, 87
1652705925.14072, sdrt-health/mac:02010b41cdec/antenna/tag/e2806894000040038662114f, 85
1652705925.213488, sdrt-health/mac:02010b41cdec/antenna/tag/e2806894000050038661fd4f, 86
1652705925.258352, sdrt-health/mac:02010b41cdec/antenna/tag/e2806894000050038661fd4f, 90
1652705925.258815, sdrt-health/mac:02010b41cdec/antenna/tag/e2806894000040038662114f, 85
1652705925.27285, sdrt-health/mac:02010b41cdec/antenna/tag/e28068940000500386620d4f, 87
1652705925.273088, sdrt-health/mac:02010b41cdec/antenna/tag/e28068940000500386620d4f, 93
1652705925.273256, sdrt-health/mac:02010b41cdec/antenna/tag/e2806894000050038661fd4f, 86
1652705925.273417, sdrt-health/mac:02010b41cdec/antenna/tag/e2806894000050038661fd4f, 86
1652705925.273557, sdrt-health/mac:02010b41cdec/antenna/tag/e28068940000500386620d4f, 93
1652705925.273699, sdrt-health/mac:02010b41cdec/antenna/tag/e28068940000500386620d4f, 85
1652705925.310964, sdrt-health/mac:02010b41cdec/antenna/tag/e2806894000040038662114f, 85
1652705925.360563, sdrt-health/mac:02010b41cdec/antenna/tag/e2806894000040038662114f, 85
1652705925.361008, sdrt-health/mac:02010b41cdec/antenna/tag/e2806894000040038662114f, 87
1652705925.377491, sdrt-health/mac:02010b41cdec/antenna/tag/e28068940000500386620d4f, 93
1652705925.390713, sdrt-health/mac:02010b41cdec/antenna/tag/e2806894000050038661fd4f, 86
1652705925.394785, sdrt-health/mac:02010b41cdec/antenna/tag/e2806894000040038662114f, 85
1652705925.435672, sdrt-health/mac:02010b41cdec/antenna/tag/e2806894000050038661fd4f, 83
1652705925.494955, sdrt-health/mac:02010b41cdec/antenna/tag/e2806894000050038662154f, 85
1652705925.534786, sdrt-health/mac:02010b41cdec/antenna/tag/e2806894000050038662154f, 85
1652705925.603375, sdrt-health/mac:02010b41cdec/antenna/tag/e28068940000400386621d4f, 96
1652705925.603928, sdrt-health/mac:02010b41cdec/antenna/tag/e2806894000050038662154f, 85
1652705925.604316, sdrt-health/mac:02010b41cdec/antenna/tag/e28068940000400386621d4f, 90
1652705925.637247, sdrt-health/mac:02010b41cdec/antenna/tag/e2806894000050038662154f, 87
1652705925.684822, sdrt-health/mac:02010b41cdec/antenna/tag/e2806894000050038662154f, 93
1652705925.748828, sdrt-health/mac:02010b41cdec/antenna/tag/e28068940000500386620d4f, 93
1652705925.749394, sdrt-health/mac:02010b41cdec/antenna/tag/e28068940000500386620d4f, 87
1652705925.763644, sdrt-health/mac:02010b41cdec/antenna/tag/e28068940000500386620d4f, 87
1652705925.796898, sdrt-health/mac:02010b41cdec/antenna/tag/e2806894000050038662194f, 81
1652705925.845184, sdrt-health/mac:02010b41cdec/antenna/tag/e2806894000050038662194f, 83
1652705925.908146, sdrt-health/mac:02010b41cdec/antenna/tag/e28068940000400386621d4f, 90
1652705925.908661, sdrt-health/mac:02010b41cdec/antenna/tag/e28068940000400386621d4f, 96
1652705925.933675, sdrt-health/mac:02010b41cdec/antenna/tag/e2806894000050038661fd4f, 83
1652705926.003384, sdrt-health/mac:02010b41cdec/antenna/tag/e2806894000050038662154f, 83
1652705926.003876, sdrt-health/mac:02010b41cdec/antenna/tag/e2806894000050038662154f, 88
1652705926.092579, sdrt-health/mac:02010b41cdec/antenna/tag/e28068940000400386621d4f, 90
1652705926.144675, sdrt-health/mac:02010b41cdec/antenna/tag/e2806894000050038661fd4f, 86
1652705926.218346, sdrt-health/mac:02010b41cdec/antenna/tag/e28068940000400386621d4f, 96
1652705926.369418, sdrt-health/mac:02010b41cdec/antenna/tag/e2806894000050038661fd4f, 86
1652705926.369883, sdrt-health/mac:02010b41cdec/antenna/tag/e28068940000500386620d4f, 85
1652705926.370218, sdrt-health/mac:02010b41cdec/antenna/tag/e28068940000400386621d4f, 96
1652705926.452515, sdrt-health/mac:02010b41cdec/antenna/tag/e28068940000400386621d4f, 96
1652705926.452928, sdrt-health/mac:02010b41cdec/antenna/tag/e28068940000400386621d4f, 96
1652705926.453222, sdrt-health/mac:02010b41cdec/antenna/tag/e2806894000050038661fd4f, 83
1652705926.489451, sdrt-health/mac:02010b41cdec/antenna/tag/e28068940000400386621d4f, 96
1652705926.489951, sdrt-health/mac:02010b41cdec/antenna/tag/e2806894000050038662154f, 81
1652705926.490287, sdrt-health/mac:02010b41cdec/antenna/tag/e2806894000040038662114f, 85
1652705926.490637, sdrt-health/mac:02010b41cdec/antenna/tag/e2806894000050038661fd4f, 83
1652705926.490951, sdrt-health/mac:02010b41cdec/antenna/tag/e2806894000050038661fd4f, 86
1652705926.491218, sdrt-health/mac:02010b41cdec/antenna/tag/e2806894000040038662114f, 88
1652705926.491455, sdrt-health/mac:02010b41cdec/antenna/tag/e2806894000040038662214f, 81
1652705926.491666, sdrt-health/mac:02010b41cdec/antenna/tag/e28068940000500386620d4f, 93
1652705926.515642, sdrt-health/mac:02010b41cdec/antenna/tag/e28068940000400386621d4f, 90
1652705926.653178, sdrt-health/mac:02010b41cdec/antenna/tag/e2806894000050038661fd4f, 86
1652705926.653664, sdrt-health/mac:02010b41cdec/antenna/tag/e2806894000050038662154f, 85
1652705926.655086, sdrt-health/mac:02010b41cdec/antenna/tag/e2806894000040038662114f, 88
1652705926.712871, sdrt-health/mac:02010b41cdec/antenna/tag/e2806894000040038662114f, 85
1652705926.713334, sdrt-health/mac:02010b41cdec/antenna/tag/e28068940000400386621d4f, 90
1652705926.736996, sdrt-health/mac:02010b41cdec/antenna/tag/e2806894000040038662114f, 85
1652705926.737994, sdrt-health/mac:02010b41cdec/antenna/tag/e28068940000400386621d4f, 90
1652705926.738412, sdrt-health/mac:02010b41cdec/antenna/tag/e28068940000500386620d4f, 87
1652705926.738707, sdrt-health/mac:02010b41cdec/antenna/tag/e2806894000040038662114f, 85
1652705926.738961, sdrt-health/mac:02010b41cdec/antenna/tag/e2806894000050038662154f, 85
1652705926.739144, sdrt-health/mac:02010b41cdec/antenna/tag/e28068940000400386621d4f, 90
1652705926.785756, sdrt-health/mac:02010b41cdec/antenna/tag/e2806894000040038662114f, 93
1652705926.843259, sdrt-health/mac:02010b41cdec/antenna/tag/e2806894000040038662114f, 85
1652705926.843674, sdrt-health/mac:02010b41cdec/antenna/tag/e2806894000050038661fd4f, 86
1652705926.844034, sdrt-health/mac:02010b41cdec/antenna/tag/e2806894000050038662194f, 94
1652705926.857576, sdrt-health/mac:02010b41cdec/antenna/tag/e2806894000050038662194f, 81
1652705926.883221, sdrt-health/mac:02010b41cdec/antenna/tag/e2806894000050038661fd4f, 83
1652705926.949746, sdrt-health/mac:02010b41cdec/antenna/tag/e2806894000050038662194f, 83
1652705926.950254, sdrt-health/mac:02010b41cdec/antenna/tag/e2806894000050038661fd4f, 86
1652705926.9892, sdrt-health/mac:02010b41cdec/antenna/tag/e28068940000500386620d4f, 83
1652705927.035266, sdrt-health/mac:02010b41cdec/antenna/tag/e2806894000050038661fd4f, 86
1652705927.091624, sdrt-health/mac:02010b41cdec/antenna/tag/e2806894000050038661fd4f, 86
1652705927.091998, sdrt-health/mac:02010b41cdec/antenna/tag/e2806894000050038661fd4f, 86
1652705927.105265, sdrt-health/mac:02010b41cdec/antenna/tag/e28068940000500386620d4f, 93
1652705927.151524, sdrt-health/mac:02010b41cdec/antenna/tag/e2806894000040038661f94f, 84
1652705927.204052, sdrt-health/mac:02010b41cdec/antenna/tag/e28068940000400386621d4f, 77
1652705927.235732, sdrt-health/mac:02010b41cdec/antenna/tag/e2806894000040038662114f, 85
1652705927.236067, sdrt-health/mac:02010b41cdec/antenna/tag/e2806894000050038661fd4f, 86
1652705927.236283, sdrt-health/mac:02010b41cdec/antenna/tag/e2806894000050038662154f, 83
1652705927.253808, sdrt-health/mac:02010b41cdec/antenna/tag/e2806894000050038661fd4f, 83
1652705927.310577, sdrt-health/mac:02010b41cdec/antenna/tag/e2806894000050038662154f, 81
1652705927.311038, sdrt-health/mac:02010b41cdec/antenna/tag/e2806894000040038662114f, 85
1652705927.34545, sdrt-health/mac:02010b41cdec/antenna/tag/e28068940000500386620d4f, 87
1652705927.390703, sdrt-health/mac:02010b41cdec/antenna/tag/e2806894000050038661fd4f, 83
1652705927.434714, sdrt-health/mac:02010b41cdec/antenna/tag/e2806894000050038661fd4f, 83
1652705927.478367, sdrt-health/mac:02010b41cdec/antenna/tag/e28068940000500386620d4f, 87
1652705927.56526, sdrt-health/mac:02010b41cdec/antenna/tag/e28068940000500386620d4f, 85
1652705927.565715, sdrt-health/mac:02010b41cdec/antenna/tag/e2806894000040038662114f, 85
1652705927.579066, sdrt-health/mac:02010b41cdec/antenna/tag/e2806894000050038662154f, 88
1652705927.609309, sdrt-health/mac:02010b41cdec/antenna/tag/e2806894000050038662154f, 85
1652705927.609626, sdrt-health/mac:02010b41cdec/antenna/tag/e2806894000050038662154f, 85
1652705927.638651, sdrt-health/mac:02010b41cdec/antenna/tag/e2806894000050038661fd4f, 86
1652705927.751677, sdrt-health/mac:02010b41cdec/antenna/tag/e28068940000400386621d4f, 90
1652705927.752171, sdrt-health/mac:02010b41cdec/antenna/tag/e2806894000050038662194f, 81
1652705927.752517, sdrt-health/mac:02010b41cdec/antenna/tag/e2806894000040038662114f, 88
1652705927.767054, sdrt-health/mac:02010b41cdec/antenna/tag/e2806894000050038662194f, 83
1652705927.789465, sdrt-health/mac:02010b41cdec/antenna/tag/e28068940000500386620d4f, 93
1652705927.848644, sdrt-health/mac:02010b41cdec/antenna/tag/e2806894000040038662114f, 91
1652705927.849096, sdrt-health/mac:02010b41cdec/antenna/tag/e2806894000050038662194f, 83
1652705927.863288, sdrt-health/mac:02010b41cdec/antenna/tag/e2806894000050038662194f, 94
1652705927.885685, sdrt-health/mac:02010b41cdec/antenna/tag/e2806894000040038662114f, 85
1652705927.949634, sdrt-health/mac:02010b41cdec/antenna/tag/e28068940000400386621d4f, 77
1652705927.950108, sdrt-health/mac:02010b41cdec/antenna/tag/e2806894000050038662194f, 81
1652705928.016274, sdrt-health/mac:02010b41cdec/antenna/tag/e28068940000500386620d4f, 83
1652705928.064848, sdrt-health/mac:02010b41cdec/antenna/tag/e2806894000050038662194f, 83
1652705928.123541, sdrt-health/mac:02010b41cdec/antenna/tag/e2806894000050038661fd4f, 86
1652705928.124158, sdrt-health/mac:02010b41cdec/antenna/tag/e2806894000050038662154f, 93
1652705928.160406, sdrt-health/mac:02010b41cdec/antenna/tag/e28068940000400386621d4f, 86
1652705928.172916, sdrt-health/mac:02010b41cdec/antenna/tag/e28068940000400386621d4f, 90
1652705928.224549, sdrt-health/mac:02010b41cdec/antenna/tag/e28068940000400386621d4f, 96
1652705928.344693, sdrt-health/mac:02010b41cdec/antenna/tag/e2806894000040038662114f, 85
1652705928.345194, sdrt-health/mac:02010b41cdec/antenna/tag/e2806894000050038661fd4f, 83
1652705928.36103, sdrt-health/mac:02010b41cdec/antenna/tag/e2806894000050038662154f, 93
1652705928.392466, sdrt-health/mac:02010b41cdec/antenna/tag/e2806894000050038662194f, 83
1652705928.392786, sdrt-health/mac:02010b41cdec/antenna/tag/e28068940000500386620d4f, 85
1652705928.431468, sdrt-health/mac:02010b41cdec/antenna/tag/e28068940000500386620d4f, 87
1652705928.476068, sdrt-health/mac:02010b41cdec/antenna/tag/e2806894000040038662114f, 93
1652705928.506846, sdrt-health/mac:02010b41cdec/antenna/tag/e28068940000400386621d4f, 77
1652705928.507227, sdrt-health/mac:02010b41cdec/antenna/tag/e2806894000050038661fd4f, 86
1652705928.522084, sdrt-health/mac:02010b41cdec/antenna/tag/e28068940000500386620d4f, 93
1652705928.522344, sdrt-health/mac:02010b41cdec/antenna/tag/e2806894000050038661fd4f, 83
1652705928.566804, sdrt-health/mac:02010b41cdec/antenna/tag/e28068940000400386621d4f, 96
1652705928.630777, sdrt-health/mac:02010b41cdec/antenna/tag/e2806894000050038662154f, 87
1652705928.631305, sdrt-health/mac:02010b41cdec/antenna/tag/e2806894000050038662154f, 81
1652705928.6471, sdrt-health/mac:02010b41cdec/antenna/tag/e28068940000400386621d4f, 96
1652705928.654583, sdrt-health/mac:02010b41cdec/antenna/tag/e28068940000500386620d4f, 81
1652705928.661623, sdrt-health/mac:02010b41cdec/antenna/tag/e28068940000400386621d4f, 96
1652705928.706658, sdrt-health/mac:02010b41cdec/antenna/tag/e2806894000050038662154f, 81
1652705928.750405, sdrt-health/mac:02010b41cdec/antenna/tag/e28068940000400386621d4f, 77
1652705928.796601, sdrt-health/mac:02010b41cdec/antenna/tag/e28068940000500386620d4f, 93
1652705928.840996, sdrt-health/mac:02010b41cdec/antenna/tag/e2806894000050038661fd4f, 86
1652705928.888887, sdrt-health/mac:02010b41cdec/antenna/tag/e2806894000040038662114f, 88
1652705928.921568, sdrt-health/mac:02010b41cdec/antenna/tag/e2806894000050038661fd4f, 86
1652705928.922032, sdrt-health/mac:02010b41cdec/antenna/tag/e2806894000040038662114f, 91
1652705928.922373, sdrt-health/mac:02010b41cdec/antenna/tag/e28068940000400386621d4f, 90
1652705928.93665, sdrt-health/mac:02010b41cdec/antenna/tag/e2806894000050038662154f, 85
1652705928.937123, sdrt-health/mac:02010b41cdec/antenna/tag/e28068940000500386620d4f, 93
1652705928.937502, sdrt-health/mac:02010b41cdec/antenna/tag/e2806894000050038661fd4f, 86
1652705928.991278, sdrt-health/mac:02010b41cdec/antenna/tag/e2806894000040038662114f, 85
1652705929.049018, sdrt-health/mac:02010b41cdec/antenna/tag/e2806894000050038662154f, 81
1652705929.080667, sdrt-health/mac:02010b41cdec/antenna/tag/e28068940000500386620d4f, 87
1652705929.081052, sdrt-health/mac:02010b41cdec/antenna/tag/e28068940000500386620d4f, 87
1652705929.116294, sdrt-health/mac:02010b41cdec/antenna/tag/e28068940000400386621d4f, 90
1652705929.165224, sdrt-health/mac:02010b41cdec/antenna/tag/e2806894000040038662114f, 85
1652705929.221558, sdrt-health/mac:02010b41cdec/antenna/tag/e2806894000050038662154f, 93
1652705929.222069, sdrt-health/mac:02010b41cdec/antenna/tag/e2806894000040038662114f, 88
1652705929.237202, sdrt-health/mac:02010b41cdec/antenna/tag/e2806894000040038662114f, 88
1652705929.292709, sdrt-health/mac:02010b41cdec/antenna/tag/e2806894000040038662114f, 91
1652705929.335922, sdrt-health/mac:02010b41cdec/antenna/tag/e2806894000050038662154f, 93
1652705929.368148, sdrt-health/mac:02010b41cdec/antenna/tag/e2806894000050038662154f, 87
1652705929.36859, sdrt-health/mac:02010b41cdec/antenna/tag/e2806894000050038662194f, 81
1652705929.368918, sdrt-health/mac:02010b41cdec/antenna/tag/e2806894000050038662154f, 93
1652705929.389835, sdrt-health/mac:02010b41cdec/antenna/tag/e2806894000040038662114f, 85
1652705929.435791, sdrt-health/mac:02010b41cdec/antenna/tag/e2806894000050038662154f, 81
1652705929.436056, sdrt-health/mac:02010b41cdec/antenna/tag/e2806894000050038662194f, 81
1652705929.493912, sdrt-health/mac:02010b41cdec/antenna/tag/e2806894000040038662054f, 81
1652705929.563919, sdrt-health/mac:02010b41cdec/antenna/tag/e2806894000040038662114f, 85
1652705929.658052, sdrt-health/mac:02010b41cdec/antenna/tag/e2806894000050038662154f, 85
1652705929.658608, sdrt-health/mac:02010b41cdec/antenna/tag/e28068940000400386621d4f, 90
1652705929.709849, sdrt-health/mac:02010b41cdec/antenna/tag/e28068940000500386620d4f, 93
1652705929.757706, sdrt-health/mac:02010b41cdec/antenna/tag/e28068940000400386621d4f, 90
1652705929.758146, sdrt-health/mac:02010b41cdec/antenna/tag/e2806894000040038662114f, 88
1652705929.758478, sdrt-health/mac:02010b41cdec/antenna/tag/e28068940000400386621d4f, 90
1652705929.773601, sdrt-health/mac:02010b41cdec/antenna/tag/e28068940000400386621d4f, 90
1652705929.799651, sdrt-health/mac:02010b41cdec/antenna/tag/e2806894000040038662114f, 85
1652705929.842093, sdrt-health/mac:02010b41cdec/antenna/tag/e2806894000050038661fd4f, 86
1652705929.842353, sdrt-health/mac:02010b41cdec/antenna/tag/e28068940000400386621d4f, 96
1652705929.886151, sdrt-health/mac:02010b41cdec/antenna/tag/e28068940000400386621d4f, 90
1652705929.926778, sdrt-health/mac:02010b41cdec/antenna/tag/e28068940000500386620d4f, 87
1652705930.004603, sdrt-health/mac:02010b41cdec/antenna/tag/e2806894000040038662114f, 88
1652705930.071898, sdrt-health/mac:02010b41cdec/antenna/tag/e28068940000500386620d4f, 93
1652705930.072425, sdrt-health/mac:02010b41cdec/antenna/tag/e2806894000050038661fd4f, 83
1652705930.089021, sdrt-health/mac:02010b41cdec/antenna/tag/e2806894000050038662154f, 83
1652705930.095338, sdrt-health/mac:02010b41cdec/antenna/tag/e2806894000050038661fd4f, 86
1652705930.105401, sdrt-health/mac:02010b41cdec/antenna/tag/e2806894000040038662114f, 85
1652705930.105748, sdrt-health/mac:02010b41cdec/antenna/tag/e2806894000050038662194f, 83
1652705930.175809, sdrt-health/mac:02010b41cdec/antenna/tag/e2806894000050038662154f, 85
1652705930.226198, sdrt-health/mac:02010b41cdec/antenna/tag/e2806894000050038662154f, 85
1652705930.307145, sdrt-health/mac:02010b41cdec/antenna/tag/e28068940000400386621d4f, 90
1652705930.307583, sdrt-health/mac:02010b41cdec/antenna/tag/e2806894000050038661fd4f, 83
1652705930.308291, sdrt-health/mac:02010b41cdec/antenna/tag/e2806894000050038662154f, 83
1652705930.335795, sdrt-health/mac:02010b41cdec/antenna/tag/e2806894000050038662194f, 94
1652705930.395688, sdrt-health/mac:02010b41cdec/antenna/tag/e2806894000050038662154f, 87
1652705930.396246, sdrt-health/mac:02010b41cdec/antenna/tag/e2806894000050038661fd4f, 86
1652705930.413225, sdrt-health/mac:02010b41cdec/antenna/tag/e28068940000500386620d4f, 93
1652705930.439872, sdrt-health/mac:02010b41cdec/antenna/tag/e28068940000500386620d4f, 93
1652705930.484968, sdrt-health/mac:02010b41cdec/antenna/tag/e2806894000050038661fd4f, 86
1652705930.536179, sdrt-health/mac:02010b41cdec/antenna/tag/e2806894000050038662154f, 85
1652705930.590967, sdrt-health/mac:02010b41cdec/antenna/tag/e2806894000050038661fd4f, 90
1652705930.671193, sdrt-health/mac:02010b41cdec/antenna/tag/e28068940000500386620d4f, 87
1652705930.671719, sdrt-health/mac:02010b41cdec/antenna/tag/e2806894000050038662154f, 87
1652705930.704476, sdrt-health/mac:02010b41cdec/antenna/tag/e2806894000040038662114f, 88
1652705930.704887, sdrt-health/mac:02010b41cdec/antenna/state, connected
1652705930.720407, sdrt-health/mac:02010b41cdec/fw, {"version":"1.8.1","model":"200","hash":"2f556501b58f1dad542af428d7928d18","timestamp":1652705927}
1652705930.751157, sdrt-health/mac:02010b41cdec/antenna/tag/e28068940000400386621d4f, 96
1652705930.796581, sdrt-health/mac:02010b41cdec/antenna/tag/e28068940000500386620d4f, 93
1652705930.840079, sdrt-health/mac:02010b41cdec/antenna/tag/e2806894000050038661fd4f, 83
1652705930.885794, sdrt-health/mac:02010b41cdec/antenna/tag/e2806894000050038661fd4f, 83
1652705930.983998, sdrt-health/mac:02010b41cdec/antenna/tag/e28068940000500386620d4f, 87
1652705931.063046, sdrt-health/mac:02010b41cdec/antenna/tag/e28068940000400386621d4f, 96
1652705931.06353, sdrt-health/mac:02010b41cdec/antenna/tag/e2806894000050038661fd4f, 86
1652705931.105342, sdrt-health/mac:02010b41cdec/antenna/tag/e2806894000040038662114f, 85
1652705931.125712, sdrt-health/mac:02010b41cdec/antenna/tag/e28068940000400386621d4f, 96
1652705931.218921, sdrt-health/mac:02010b41cdec/antenna/version, 
1652705931.219488, sdrt-health/mac:02010b41cdec/antenna/tag/e2806894000050038662154f, 88
1652705931.26676, sdrt-health/mac:02010b41cdec/antenna/tag/e2806894000050038662194f, 87
1652705931.386632, sdrt-health/mac:02010b41cdec/antenna/tag/e28068940000400386621d4f, 96
1652705931.387235, sdrt-health/mac:02010b41cdec/antenna/tag/e28068940000500386620d4f, 87
1652705931.403707, sdrt-health/mac:02010b41cdec/antenna/tag/e28068940000400386621d4f, 90
1652705931.404021, sdrt-health/mac:02010b41cdec/antenna/tag/e2806894000050038662154f, 88
1652705931.40432, sdrt-health/mac:02010b41cdec/antenna/tag/e2806894000050038661fd4f, 86
1652705931.454603, sdrt-health/mac:02010b41cdec/antenna/tag/e2806894000050038662154f, 85
1652705931.48484, sdrt-health/mac:02010b41cdec/antenna/tag/e28068940000400386621d4f, 90
1652705931.485291, sdrt-health/mac:02010b41cdec/antenna/tag/e28068940000500386620d4f, 83
1652705931.499783, sdrt-health/mac:02010b41cdec/antenna/tag/e28068940000400386621d4f, 90
1652705931.50004, sdrt-health/mac:02010b41cdec/antenna/tag/e2806894000050038662154f, 85
1652705931.500241, sdrt-health/mac:02010b41cdec/antenna/tag/e2806894000050038661fd4f, 90
1652705931.585957, sdrt-health/mac:02010b41cdec/antenna/tag/e28068940000500386620d4f, 87
1652705931.630993, sdrt-health/mac:02010b41cdec/antenna/tag/e2806894000040038662114f, 85
1652705931.674643, sdrt-health/mac:02010b41cdec/antenna/tag/e28068940000500386620d4f, 87
1652705931.703586, sdrt-health/mac:02010b41cdec/antenna/tag/e2806894000050038662154f, 93
1652705931.704028, sdrt-health/mac:02010b41cdec/antenna/tag/e28068940000500386620d4f, 87
1652705931.719436, sdrt-health/mac:02010b41cdec/antenna/tag/e28068940000400386621d4f, 90
1652705931.76539, sdrt-health/mac:02010b41cdec/antenna/tag/e2806894000040038662114f, 85
1652705931.832025, sdrt-health/mac:02010b41cdec/antenna/tag/e2806894000040038662114f, 88
1652705931.832482, sdrt-health/mac:02010b41cdec/antenna/tag/e2806894000050038661fd4f, 86
1652705931.857102, sdrt-health/mac:02010b41cdec/antenna/tag/e2806894000040038662114f, 93
1652705931.906359, sdrt-health/mac:02010b41cdec/antenna/tag/e2806894000050038662154f, 93
1652705931.984102, sdrt-health/mac:02010b41cdec/antenna/tag/e2806894000050038662154f, 93
1652705932.030832, sdrt-health/mac:02010b41cdec/antenna/tag/e28068940000400386621d4f, 90
1652705932.085862, sdrt-health/mac:02010b41cdec/antenna/tag/e2806894000050038661fd4f, 86
1652705932.151103, sdrt-health/mac:02010b41cdec/antenna/tag/e28068940000400386621d4f, 90
1652705932.151652, sdrt-health/mac:02010b41cdec/antenna/tag/e28068940000400386621d4f, 90
1652705932.190129, sdrt-health/mac:02010b41cdec/antenna/tag/e2806894000040038662114f, 91
1652705932.252644, sdrt-health/mac:02010b41cdec/antenna/tag/e2806894000050038662154f, 93
1652705932.254095, sdrt-health/mac:02010b41cdec/antenna/tag/e2806894000050038662154f, 93
1652705932.294042, sdrt-health/mac:02010b41cdec/antenna/tag/e28068940000500386620d4f, 93
1652705932.35727, sdrt-health/mac:02010b41cdec/antenna/tag/e28068940000400386621d4f, 90
1652705932.357757, sdrt-health/mac:02010b41cdec/antenna/tag/e2806894000050038662154f, 93
1652705932.385949, sdrt-health/mac:02010b41cdec/antenna/tag/e2806894000040038661f94f, 110
1652705932.386507, sdrt-health/mac:02010b41cdec/antenna/tag/e2806894000050038661fd4f, 83
1652705932.441178, sdrt-health/mac:02010b41cdec/antenna/tag/e28068940000500386620d4f, 93
1652705932.47021, sdrt-health/mac:02010b41cdec/antenna/tag/e2806894000050038661fd4f, 86
1652705932.470606, sdrt-health/mac:02010b41cdec/antenna/tag/e2806894000050038662154f, 83
1652705932.470832, sdrt-health/mac:02010b41cdec/antenna/tag/e2806894000040038662114f, 85
1652705932.509749, sdrt-health/mac:02010b41cdec/antenna/tag/e28068940000500386620d4f, 85
1652705932.625455, sdrt-health/mac:02010b41cdec/antenna/tag/e28068940000400386621d4f, 96
1652705932.705017, sdrt-health/mac:02010b41cdec/antenna/tag/e2806894000040038662114f, 85
1652705932.73573, sdrt-health/mac:02010b41cdec/antenna/tag/e2806894000050038661fd4f, 86
1652705932.73613, sdrt-health/mac:02010b41cdec/antenna/tag/e2806894000050038661fd4f, 86
1652705932.736431, sdrt-health/mac:02010b41cdec/antenna/tag/e28068940000500386620d4f, 85
1652705932.757342, sdrt-health/mac:02010b41cdec/antenna/tag/e28068940000400386621d4f, 96
1652705932.804438, sdrt-health/mac:02010b41cdec/antenna/tag/e2806894000040038662114f, 85
1652705932.870654, sdrt-health/mac:02010b41cdec/antenna/tag/e2806894000050038662154f, 83
1652705932.871099, sdrt-health/mac:02010b41cdec/antenna/tag/e2806894000040038662114f, 85
1652705932.885529, sdrt-health/mac:02010b41cdec/antenna/tag/e28068940000400386621d4f, 77
1652705932.914177, sdrt-health/mac:02010b41cdec/antenna/tag/e2806894000040038662114f, 85
1652705932.914385, sdrt-health/mac:02010b41cdec/antenna/tag/e28068940000400386621d4f, 90
1652705932.914493, sdrt-health/mac:02010b41cdec/antenna/tag/e2806894000040038662114f, 88
1652705932.914644, sdrt-health/mac:02010b41cdec/antenna/tag/e2806894000050038662154f, 85
1652705932.959561, sdrt-health/mac:02010b41cdec/antenna/tag/e2806894000040038662114f, 85
1652705933.014965, sdrt-health/mac:02010b41cdec/antenna/tag/e2806894000040038662114f, 85
1652705933.105232, sdrt-health/mac:02010b41cdec/antenna/tag/e2806894000040038662114f, 85
1652705933.105774, sdrt-health/mac:02010b41cdec/antenna/tag/e28068940000500386620d4f, 87
1652705933.118919, sdrt-health/mac:02010b41cdec/antenna/tag/e2806894000050038662154f, 85
1652705933.159506, sdrt-health/mac:02010b41cdec/antenna/tag/e2806894000050038662154f, 85
1652705933.161138, sdrt-health/mac:02010b41cdec/antenna/tag/e2806894000050038662154f, 85
1652705933.213665, sdrt-health/mac:02010b41cdec/antenna/tag/e2806894000050038662154f, 85
1652705933.214193, sdrt-health/mac:02010b41cdec/antenna/tag/e28068940000400386621d4f, 96
1652705933.258558, sdrt-health/mac:02010b41cdec/antenna/tag/e28068940000500386620d4f, 87
1652705933.288954, sdrt-health/mac:02010b41cdec/antenna/tag/e28068940000500386620d4f, 93
1652705933.289212, sdrt-health/mac:02010b41cdec/antenna/tag/e2806894000050038661fd4f, 86
1652705933.28944, sdrt-health/mac:02010b41cdec/antenna/tag/e28068940000400386621d4f, 90
1652705933.318119, sdrt-health/mac:02010b41cdec/antenna/tag/e28068940000400386621d4f, 90
1652705933.348897, sdrt-health/mac:02010b41cdec/antenna/tag/e28068940000400386621d4f, 96
1652705933.349122, sdrt-health/mac:02010b41cdec/antenna/tag/e28068940000400386621d4f, 96
1652705933.34924, sdrt-health/mac:02010b41cdec/antenna/tag/e28068940000500386620d4f, 87
1652705933.366261, sdrt-health/mac:02010b41cdec/antenna/tag/e28068940000500386620d4f, 93
1652705933.424823, sdrt-health/mac:02010b41cdec/antenna/tag/e28068940000400386621d4f, 90
1652705933.45474, sdrt-health/mac:02010b41cdec/antenna/tag/e28068940000500386620d4f, 87
1652705933.455234, sdrt-health/mac:02010b41cdec/antenna/tag/e2806894000050038661fd4f, 90
1652705933.455653, sdrt-health/mac:02010b41cdec/antenna/tag/e28068940000400386621d4f, 90
1652705933.469682, sdrt-health/mac:02010b41cdec/antenna/tag/e2806894000050038662154f, 85
1652705933.513776, sdrt-health/mac:02010b41cdec/antenna/tag/e2806894000040038662114f, 88
1652705933.558873, sdrt-health/mac:02010b41cdec/antenna/tag/e28068940000400386621d4f, 90
1652705933.619296, sdrt-health/mac:02010b41cdec/antenna/tag/e2806894000040038662114f, 85
1652705933.619977, sdrt-health/mac:02010b41cdec/antenna/tag/e2806894000050038662154f, 93
1652705933.654037, sdrt-health/mac:02010b41cdec/antenna/tag/e2806894000050038661fd4f, 86
1652705933.723279, sdrt-health/mac:02010b41cdec/antenna/tag/e2806894000050038661fd4f, 83
1652705933.723785, sdrt-health/mac:02010b41cdec/antenna/tag/e28068940000500386620d4f, 83
1652705933.738007, sdrt-health/mac:02010b41cdec/antenna/tag/e28068940000400386621d4f, 77
1652705933.755261, sdrt-health/mac:02010b41cdec/antenna/tag/e28068940000500386620d4f, 83
1652705933.805566, sdrt-health/mac:02010b41cdec/antenna/tag/e28068940000500386620d4f, 87
1652705933.846195, sdrt-health/mac:02010b41cdec/antenna/tag/e28068940000400386621d4f, 77
1652705933.911358, sdrt-health/mac:02010b41cdec/antenna/tag/e2806894000050038661fd4f, 83
1652705933.911732, sdrt-health/mac:02010b41cdec/antenna/tag/e2806894000050038662154f, 83
1652705933.948396, sdrt-health/mac:02010b41cdec/antenna/tag/e2806894000050038662154f, 88
1652705934.007893, sdrt-health/mac:02010b41cdec/antenna/tag/e2806894000050038662154f, 88
1652705934.008371, sdrt-health/mac:02010b41cdec/antenna/tag/e2806894000040038662114f, 88
1652705934.022909, sdrt-health/mac:02010b41cdec/antenna/tag/e28068940000400386621d4f, 96
1652705934.055124, sdrt-health/mac:02010b41cdec/antenna/tag/e2806894000050038662154f, 88
1652705934.083665, sdrt-health/mac:02010b41cdec/antenna/tag/e2806894000050038662154f, 85
1652705934.083856, sdrt-health/mac:02010b41cdec/antenna/tag/e28068940000400386621d4f, 90
1652705934.122297, sdrt-health/mac:02010b41cdec/antenna/tag/e28068940000400386621d4f, 90
1652705934.238426, sdrt-health/mac:02010b41cdec/antenna/tag/e2806894000040038662114f, 85
1652705934.281509, sdrt-health/mac:02010b41cdec/antenna/tag/e2806894000050038662154f, 85
1652705934.361438, sdrt-health/mac:02010b41cdec/antenna/tag/e2806894000050038662154f, 87
1652705934.59234, sdrt-health/mac:02010b41cdec/antenna/tag/e2806894000040038662114f, 88
1652705934.592829, sdrt-health/mac:02010b41cdec/antenna/tag/e2806894000050038661fd4f, 86
1652705934.593161, sdrt-health/mac:02010b41cdec/antenna/tag/e2806894000040038662114f, 88
1652705934.593505, sdrt-health/mac:02010b41cdec/antenna/tag/e2806894000050038662194f, 94
1652705934.593834, sdrt-health/mac:02010b41cdec/antenna/tag/e2806894000040038662114f, 85
1652705934.594177, sdrt-health/mac:02010b41cdec/antenna/tag/e2806894000040038662114f, 88
1652705934.594662, sdrt-health/mac:02010b41cdec/antenna/tag/e28068940000500386620d4f, 93
1652705934.696647, sdrt-health/mac:02010b41cdec/antenna/tag/e2806894000040038662114f, 88
1652705934.740106, sdrt-health/mac:02010b41cdec/antenna/tag/e2806894000050038662154f, 93
1652705934.750536, sdrt-health/mac:02010b41cdec/antenna/tag/e28068940000500386620d4f, 93
1652705934.751075, sdrt-health/mac:02010b41cdec/antenna/tag/e2806894000050038661fd4f, 90
1652705934.751611, sdrt-health/mac:02010b41cdec/antenna/tag/e2806894000050038662194f, 83
1652705934.752078, sdrt-health/mac:02010b41cdec/antenna/tag/e2806894000040038662114f, 85
1652705934.792344, sdrt-health/mac:02010b41cdec/antenna/tag/e28068940000400386621d4f, 90
1652705934.792807, sdrt-health/mac:02010b41cdec/antenna/tag/e2806894000050038661fd4f, 86
1652705934.793133, sdrt-health/mac:02010b41cdec/antenna/tag/e2806894000050038662154f, 85
1652705934.79346, sdrt-health/mac:02010b41cdec/antenna/tag/e2806894000050038661fd4f, 86
1652705934.793756, sdrt-health/mac:02010b41cdec/antenna/tag/e28068940000400386621d4f, 96
1652705934.866259, sdrt-health/mac:02010b41cdec/antenna/tag/e2806894000050038662194f, 83
1652705934.892911, sdrt-health/mac:02010b41cdec/antenna/tag/e28068940000500386620d4f, 87
1652705934.894067, sdrt-health/mac:02010b41cdec/antenna/tag/e28068940000500386620d4f, 87
1652705934.973042, sdrt-health/mac:02010b41cdec/antenna/tag/e2806894000050038662154f, 83
1652705935.004346, sdrt-health/mac:02010b41cdec/antenna/tag/e28068940000400386621d4f, 96
1652705935.004817, sdrt-health/mac:02010b41cdec/antenna/tag/e2806894000050038662154f, 85
1652705935.005125, sdrt-health/mac:02010b41cdec/antenna/tag/e28068940000500386620d4f, 85
1652705935.019006, sdrt-health/mac:02010b41cdec/antenna/tag/e2806894000050038661fd4f, 83
1652705935.019478, sdrt-health/mac:02010b41cdec/antenna/tag/e28068940000400386621d4f, 96
1652705935.019748, sdrt-health/mac:02010b41cdec/antenna/tag/e2806894000040038662114f, 87
1652705935.068163, sdrt-health/mac:02010b41cdec/antenna/tag/e2806894000050038661fd4f, 83
1652705935.115747, sdrt-health/mac:02010b41cdec/antenna/tag/e2806894000040038662114f, 85
1652705935.179803, sdrt-health/mac:02010b41cdec/antenna/tag/e28068940000500386620d4f, 93
1652705935.180279, sdrt-health/mac:02010b41cdec/antenna/tag/e2806894000040038662114f, 93
1652705935.194271, sdrt-health/mac:02010b41cdec/antenna/tag/e28068940000500386620d4f, 87
1652705935.203675, sdrt-health/mac:02010b41cdec/antenna/tag/e2806894000050038662194f, 81
1652705935.208538, sdrt-health/mac:02010b41cdec/antenna/tag/e2806894000050038662194f, 88
1652705935.447663, sdrt-health/mac:02010b41cdec/antenna/tag/scan, scan stopped
