1652706217.658367, sdrt-health/mac:02010b41cdec/antenna/power/set, {"power": 280}
1652706218.730418, sdrt-health/mac:02010b41cdec/antenna/power/set, 
1652706222.680959, sdrt-health/mac:02010b41cdec/antenna/tag/scan, {"time": 20000}
1652706223.114165, sdrt-health/mac:02010b41cdec/antenna/tag/e28068940000400386621d4f, 96
1652706223.157363, sdrt-health/mac:02010b41cdec/antenna/tag/e28068940000400386621d4f, 96
1652706223.161426, sdrt-health/mac:02010b41cdec/antenna/tag/e2806894000050038661fd4f, 90
1652706223.244514, sdrt-health/mac:02010b41cdec/antenna/tag/e2806894000040038662114f, 85
1652706223.284609, sdrt-health/mac:02010b41cdec/antenna/tag/e2806894000040038662114f, 88
1652706223.362143, sdrt-health/mac:02010b41cdec/antenna/tag/e28068940000400386621d4f, 96
1652706223.362632, sdrt-health/mac:02010b41cdec/antenna/tag/e2806894000050038661fd4f, 86
1652706223.391666, sdrt-health/mac:02010b41cdec/antenna/tag/e2806894000050038661fd4f, 86
1652706223.392046, sdrt-health/mac:02010b41cdec/antenna/tag/e28068940000400386621d4f, 90
1652706223.392365, sdrt-health/mac:02010b41cdec/antenna/tag/e2806894000050038662154f, 93
1652706223.437056, sdrt-health/mac:02010b41cdec/antenna/tag/e2806894000050038661fd4f, 90
1652706223.494529, sdrt-health/mac:02010b41cdec/antenna/tag/e2806894000050038662154f, 85
1652706223.49482, sdrt-health/mac:02010b41cdec/antenna/tag/e2806894000050038662154f, 93
1652706223.509833, sdrt-health/mac:02010b41cdec/antenna/tag/e2806894000050038661fd4f, 90
1652706223.524631, sdrt-health/mac:02010b41cdec/antenna/tag/e2806894000040038662114f, 85
1652706223.58939, sdrt-health/mac:02010b41cdec/antenna/tag/e28068940000400386621d4f, 90
1652706223.636119, sdrt-health/mac:02010b41cdec/antenna/tag/e28068940000400386621d4f, 96
1652706223.636466, sdrt-health/mac:02010b41cdec/antenna/tag/e2806894000050038661fd4f, 90
1652706223.636724, sdrt-health/mac:02010b41cdec/antenna/tag/e2806894000050038662154f, 93
1652706223.664162, sdrt-health/mac:02010b41cdec/antenna/tag/e2806894000050038662154f, 85
1652706223.736523, sdrt-health/mac:02010b41cdec/antenna/tag/e2806894000040038662114f, 88
1652706223.737002, sdrt-health/mac:02010b41cdec/antenna/tag/e2806894000050038661fd4f, 86
1652706223.765258, sdrt-health/mac:02010b41cdec/antenna/tag/e2806894000050038661fd4f, 86
1652706223.814609, sdrt-health/mac:02010b41cdec/antenna/tag/e28068940000500386620d4f, 93
1652706223.845252, sdrt-health/mac:02010b41cdec/antenna/tag/e28068940000500386620d4f, 93
1652706223.845502, sdrt-health/mac:02010b41cdec/antenna/tag/e28068940000500386620d4f, 93
1652706223.869391, sdrt-health/mac:02010b41cdec/antenna/tag/e28068940000500386620d4f, 93
1652706223.917132, sdrt-health/mac:02010b41cdec/antenna/tag/e2806894000050038662154f, 93
1652706223.995367, sdrt-health/mac:02010b41cdec/antenna/tag/e2806894000040038662114f, 85
1652706223.995907, sdrt-health/mac:02010b41cdec/antenna/tag/e28068940000500386620d4f, 93
1652706224.02977, sdrt-health/mac:02010b41cdec/antenna/tag/e28068940000500386620d4f, 93
1652706224.065522, sdrt-health/mac:02010b41cdec/antenna/tag/e28068940000400386621d4f, 90
1652706224.065839, sdrt-health/mac:02010b41cdec/antenna/tag/e2806894000050038661fd4f, 90
1652706224.109039, sdrt-health/mac:02010b41cdec/antenna/tag/e28068940000400386621d4f, 90
1652706224.17247, sdrt-health/mac:02010b41cdec/antenna/tag/e2806894000040038662114f, 88
1652706224.173006, sdrt-health/mac:02010b41cdec/antenna/tag/e2806894000050038662154f, 87
1652706224.290224, sdrt-health/mac:02010b41cdec/antenna/tag/e2806894000040038662114f, 85
1652706224.334543, sdrt-health/mac:02010b41cdec/antenna/tag/e2806894000050038662154f, 83
1652706224.366, sdrt-health/mac:02010b41cdec/antenna/tag/e2806894000050038661fd4f, 83
1652706224.366367, sdrt-health/mac:02010b41cdec/antenna/tag/e2806894000050038662154f, 83
1652706224.36663, sdrt-health/mac:02010b41cdec/antenna/tag/e28068940000400386621d4f, 96
1652706224.381002, sdrt-health/mac:02010b41cdec/antenna/tag/e2806894000050038661fd4f, 86
1652706224.42954, sdrt-health/mac:02010b41cdec/antenna/tag/e28068940000400386621d4f, 96
1652706224.475045, sdrt-health/mac:02010b41cdec/antenna/tag/e2806894000050038662154f, 88
1652706224.513012, sdrt-health/mac:02010b41cdec/antenna/tag/e2806894000050038662154f, 85
1652706224.513651, sdrt-health/mac:02010b41cdec/antenna/tag/e28068940000400386621d4f, 96
1652706224.53243, sdrt-health/mac:02010b41cdec/antenna/tag/e2806894000050038662154f, 85
1652706224.532915, sdrt-health/mac:02010b41cdec/antenna/tag/e28068940000400386621d4f, 96
1652706224.564939, sdrt-health/mac:02010b41cdec/antenna/tag/e28068940000400386621d4f, 96
1652706224.643111, sdrt-health/mac:02010b41cdec/antenna/tag/e2806894000050038662154f, 88
1652706224.643568, sdrt-health/mac:02010b41cdec/antenna/tag/e2806894000050038661fd4f, 86
1652706224.673032, sdrt-health/mac:02010b41cdec/antenna/tag/e28068940000400386621d4f, 77
1652706224.714155, sdrt-health/mac:02010b41cdec/antenna/tag/e2806894000040038662114f, 93
1652706224.787115, sdrt-health/mac:02010b41cdec/antenna/tag/e2806894000050038661fd4f, 83
1652706224.846967, sdrt-health/mac:02010b41cdec/antenna/tag/e2806894000050038661fd4f, 86
1652706224.847418, sdrt-health/mac:02010b41cdec/antenna/tag/e2806894000040038662114f, 85
1652706224.862431, sdrt-health/mac:02010b41cdec/antenna/tag/e2806894000050038662154f, 88
1652706224.898688, sdrt-health/mac:02010b41cdec/antenna/tag/e2806894000050038661fd4f, 90
1652706224.899154, sdrt-health/mac:02010b41cdec/antenna/tag/e2806894000040038662114f, 85
1652706224.934249, sdrt-health/mac:02010b41cdec/antenna/tag/e28068940000400386621d4f, 96
1652706225.039758, sdrt-health/mac:02010b41cdec/antenna/tag/e2806894000050038661fd4f, 86
1652706225.040335, sdrt-health/mac:02010b41cdec/antenna/tag/e28068940000500386620d4f, 83
1652706225.077253, sdrt-health/mac:02010b41cdec/antenna/tag/e28068940000400386621d4f, 96
1652706225.175186, sdrt-health/mac:02010b41cdec/antenna/tag/e2806894000050038662154f, 85
1652706225.208133, sdrt-health/mac:02010b41cdec/antenna/tag/e28068940000500386620d4f, 85
1652706225.20851, sdrt-health/mac:02010b41cdec/antenna/tag/e28068940000500386620d4f, 87
1652706225.223523, sdrt-health/mac:02010b41cdec/antenna/tag/e2806894000040038662114f, 85
1652706225.223819, sdrt-health/mac:02010b41cdec/antenna/tag/e28068940000400386621d4f, 96
1652706225.264232, sdrt-health/mac:02010b41cdec/antenna/tag/e2806894000040038662114f, 85
1652706225.318249, sdrt-health/mac:02010b41cdec/antenna/tag/e28068940000400386621d4f, 90
1652706225.348486, sdrt-health/mac:02010b41cdec/antenna/tag/e2806894000040038662114f, 85
1652706225.348925, sdrt-health/mac:02010b41cdec/antenna/tag/e2806894000050038661fd4f, 86
1652706225.372489, sdrt-health/mac:02010b41cdec/antenna/tag/e28068940000500386620d4f, 81
1652706225.441461, sdrt-health/mac:02010b41cdec/antenna/tag/e28068940000400386621d4f, 96
1652706225.441952, sdrt-health/mac:02010b41cdec/antenna/tag/e2806894000050038661fd4f, 86
1652706225.458608, sdrt-health/mac:02010b41cdec/antenna/tag/e2806894000050038661fd4f, 86
1652706225.478088, sdrt-health/mac:02010b41cdec/antenna/tag/e2806894000040038662114f, 88
1652706225.541874, sdrt-health/mac:02010b41cdec/antenna/tag/e28068940000400386621d4f, 90
1652706225.542421, sdrt-health/mac:02010b41cdec/antenna/tag/e28068940000400386621d4f, 90
1652706225.584785, sdrt-health/mac:02010b41cdec/antenna/tag/e2806894000050038661fd4f, 83
1652706225.588055, sdrt-health/mac:02010b41cdec/antenna/tag/e2806894000040038662114f, 85
1652706225.601502, sdrt-health/mac:02010b41cdec/antenna/tag/e28068940000400386621d4f, 77
1652706225.601772, sdrt-health/mac:02010b41cdec/antenna/tag/e2806894000050038661fd4f, 83
1652706225.630001, sdrt-health/mac:02010b41cdec/antenna/tag/e2806894000050038662154f, 83
1652706225.662794, sdrt-health/mac:02010b41cdec/antenna/tag/e28068940000500386620d4f, 83
1652706225.663331, sdrt-health/mac:02010b41cdec/antenna/tag/e2806894000050038662154f, 83
1652706225.683506, sdrt-health/mac:02010b41cdec/antenna/tag/e2806894000050038662154f, 83
1652706225.734696, sdrt-health/mac:02010b41cdec/antenna/tag/e2806894000050038661fd4f, 83
1652706225.811544, sdrt-health/mac:02010b41cdec/antenna/tag/e2806894000050038662154f, 81
1652706225.812049, sdrt-health/mac:02010b41cdec/antenna/tag/e28068940000500386620d4f, 83
1652706225.826855, sdrt-health/mac:02010b41cdec/antenna/tag/e2806894000050038661fd4f, 83
1652706225.866173, sdrt-health/mac:02010b41cdec/antenna/tag/e28068940000400386621d4f, 96
1652706225.866594, sdrt-health/mac:02010b41cdec/antenna/tag/e28068940000500386620d4f, 85
1652706225.885331, sdrt-health/mac:02010b41cdec/antenna/tag/e28068940000400386621d4f, 90
1652706225.980118, sdrt-health/mac:02010b41cdec/antenna/tag/e28068940000500386620d4f, 85
1652706226.016399, sdrt-health/mac:02010b41cdec/antenna/tag/e2806894000050038661fd4f, 86
1652706226.081626, sdrt-health/mac:02010b41cdec/antenna/tag/e2806894000050038662154f, 93
1652706226.082158, sdrt-health/mac:02010b41cdec/antenna/tag/e2806894000040038662114f, 85
1652706226.11952, sdrt-health/mac:02010b41cdec/antenna/tag/e28068940000400386621d4f, 90
1652706226.182264, sdrt-health/mac:02010b41cdec/antenna/tag/e28068940000500386620d4f, 85
1652706226.182754, sdrt-health/mac:02010b41cdec/antenna/tag/e28068940000500386620d4f, 87
1652706226.197802, sdrt-health/mac:02010b41cdec/antenna/tag/e2806894000050038661fd4f, 86
1652706226.198381, sdrt-health/mac:02010b41cdec/antenna/tag/e2806894000040038662114f, 88
1652706226.198866, sdrt-health/mac:02010b41cdec/antenna/tag/e2806894000040038662114f, 88
1652706226.21464, sdrt-health/mac:02010b41cdec/antenna/tag/e2806894000040038662114f, 85
1652706226.273087, sdrt-health/mac:02010b41cdec/antenna/tag/e2806894000040038662114f, 87
1652706226.273694, sdrt-health/mac:02010b41cdec/antenna/tag/e2806894000050038661fd4f, 86
1652706226.305714, sdrt-health/mac:02010b41cdec/antenna/tag/e2806894000050038662154f, 81
1652706226.441449, sdrt-health/mac:02010b41cdec/antenna/tag/e2806894000050038661fd4f, 86
1652706226.486279, sdrt-health/mac:02010b41cdec/antenna/tag/e2806894000040038662114f, 85
1652706226.486697, sdrt-health/mac:02010b41cdec/antenna/tag/e28068940000500386620d4f, 93
1652706226.487088, sdrt-health/mac:02010b41cdec/antenna/tag/e2806894000040038662114f, 88
1652706226.502685, sdrt-health/mac:02010b41cdec/antenna/tag/e2806894000040038662114f, 88
1652706226.503068, sdrt-health/mac:02010b41cdec/antenna/tag/e28068940000400386621d4f, 90
1652706226.503302, sdrt-health/mac:02010b41cdec/antenna/tag/e2806894000050038662154f, 85
1652706226.535286, sdrt-health/mac:02010b41cdec/antenna/tag/e2806894000040038662114f, 85
1652706226.569236, sdrt-health/mac:02010b41cdec/antenna/tag/e2806894000050038662154f, 85
1652706226.569512, sdrt-health/mac:02010b41cdec/antenna/tag/e28068940000500386620d4f, 93
1652706226.585006, sdrt-health/mac:02010b41cdec/antenna/tag/e2806894000050038661fd4f, 86
1652706226.58548, sdrt-health/mac:02010b41cdec/antenna/tag/e28068940000400386621d4f, 86
1652706226.615241, sdrt-health/mac:02010b41cdec/antenna/tag/e2806894000050038662194f, 81
1652706226.674181, sdrt-health/mac:02010b41cdec/antenna/tag/e2806894000040038662114f, 85
1652706226.674719, sdrt-health/mac:02010b41cdec/antenna/tag/e2806894000050038661fd4f, 83
1652706226.75036, sdrt-health/mac:02010b41cdec/antenna/tag/e28068940000400386621d4f, 77
1652706226.794163, sdrt-health/mac:02010b41cdec/antenna/tag/e2806894000050038661fd4f, 86
1652706226.862212, sdrt-health/mac:02010b41cdec/antenna/tag/e28068940000500386620d4f, 87
1652706226.862787, sdrt-health/mac:02010b41cdec/antenna/tag/e2806894000040038662114f, 88
1652706226.884394, sdrt-health/mac:02010b41cdec/antenna/tag/e2806894000050038661fd4f, 83
1652706226.951586, sdrt-health/mac:02010b41cdec/antenna/tag/e28068940000500386620d4f, 87
1652706226.952072, sdrt-health/mac:02010b41cdec/antenna/tag/e2806894000040038662114f, 93
1652706226.968855, sdrt-health/mac:02010b41cdec/antenna/tag/e28068940000500386620d4f, 87
1652706226.974137, sdrt-health/mac:02010b41cdec/antenna/tag/e28068940000500386620d4f, 87
1652706226.984657, sdrt-health/mac:02010b41cdec/antenna/tag/e28068940000500386620d4f, 87
1652706227.024535, sdrt-health/mac:02010b41cdec/antenna/tag/e2806894000050038662154f, 83
1652706227.085215, sdrt-health/mac:02010b41cdec/antenna/tag/e2806894000040038662114f, 85
1652706227.085768, sdrt-health/mac:02010b41cdec/antenna/tag/e2806894000050038662194f, 83
1652706227.105454, sdrt-health/mac:02010b41cdec/antenna/tag/e28068940000400386621d4f, 96
1652706227.150885, sdrt-health/mac:02010b41cdec/antenna/tag/e2806894000050038661fd4f, 83
1652706227.203519, sdrt-health/mac:02010b41cdec/antenna/tag/e2806894000040038662114f, 88
1652706227.236607, sdrt-health/mac:02010b41cdec/antenna/tag/e2806894000050038661fd4f, 83
1652706227.236963, sdrt-health/mac:02010b41cdec/antenna/tag/e2806894000050038662194f, 88
1652706227.255009, sdrt-health/mac:02010b41cdec/antenna/tag/e28068940000500386620d4f, 87
1652706227.329967, sdrt-health/mac:02010b41cdec/antenna/tag/e2806894000050038662154f, 85
1652706227.330468, sdrt-health/mac:02010b41cdec/antenna/tag/e28068940000400386621d4f, 96
1652706227.356348, sdrt-health/mac:02010b41cdec/antenna/tag/e2806894000050038661fd4f, 86
1652706227.398069, sdrt-health/mac:02010b41cdec/antenna/tag/e2806894000050038662154f, 81
1652706227.44442, sdrt-health/mac:02010b41cdec/antenna/tag/e2806894000050038662154f, 83
1652706227.53437, sdrt-health/mac:02010b41cdec/antenna/tag/e28068940000500386620d4f, 87
1652706227.534912, sdrt-health/mac:02010b41cdec/antenna/tag/e28068940000500386620d4f, 93
1652706227.570536, sdrt-health/mac:02010b41cdec/antenna/tag/e2806894000040038662114f, 88
1652706227.652804, sdrt-health/mac:02010b41cdec/antenna/tag/e2806894000050038662154f, 93
1652706227.653362, sdrt-health/mac:02010b41cdec/antenna/tag/e2806894000050038661fd4f, 90
1652706227.669816, sdrt-health/mac:02010b41cdec/antenna/tag/e2806894000040038662114f, 85
1652706227.74958, sdrt-health/mac:02010b41cdec/antenna/tag/e2806894000040038662114f, 91
1652706227.750066, sdrt-health/mac:02010b41cdec/antenna/tag/e2806894000050038661fd4f, 90
1652706227.768662, sdrt-health/mac:02010b41cdec/antenna/tag/e2806894000050038662154f, 87
1652706227.769011, sdrt-health/mac:02010b41cdec/antenna/tag/e2806894000050038661fd4f, 90
1652706227.769229, sdrt-health/mac:02010b41cdec/antenna/tag/e2806894000050038662194f, 83
1652706227.790843, sdrt-health/mac:02010b41cdec/antenna/tag/e28068940000500386620d4f, 83
1652706227.833589, sdrt-health/mac:02010b41cdec/antenna/tag/e2806894000040038662114f, 85
1652706227.869793, sdrt-health/mac:02010b41cdec/antenna/tag/e28068940000500386620d4f, 88
1652706227.870205, sdrt-health/mac:02010b41cdec/antenna/tag/e2806894000050038662194f, 81
1652706227.890041, sdrt-health/mac:02010b41cdec/antenna/tag/e28068940000400386621d4f, 77
1652706227.924979, sdrt-health/mac:02010b41cdec/antenna/tag/e28068940000400386621d4f, 90
1652706227.975513, sdrt-health/mac:02010b41cdec/antenna/tag/e28068940000500386620d4f, 87
1652706228.029845, sdrt-health/mac:02010b41cdec/antenna/tag/e2806894000050038662154f, 85
1652706228.030135, sdrt-health/mac:02010b41cdec/antenna/tag/e28068940000500386620d4f, 93
1652706228.064461, sdrt-health/mac:02010b41cdec/antenna/tag/e2806894000050038661fd4f, 90
1652706228.14597, sdrt-health/mac:02010b41cdec/antenna/tag/e28068940000500386620d4f, 93
1652706228.146462, sdrt-health/mac:02010b41cdec/antenna/tag/e28068940000400386621d4f, 90
1652706228.163702, sdrt-health/mac:02010b41cdec/antenna/tag/e2806894000050038661fd4f, 86
1652706228.196099, sdrt-health/mac:02010b41cdec/antenna/tag/e2806894000040038662114f, 88
1652706228.196497, sdrt-health/mac:02010b41cdec/antenna/tag/e28068940000500386620d4f, 87
1652706228.2141, sdrt-health/mac:02010b41cdec/antenna/tag/e2806894000050038662154f, 87
1652706228.2964, sdrt-health/mac:02010b41cdec/antenna/tag/e2806894000050038661fd4f, 83
1652706228.33587, sdrt-health/mac:02010b41cdec/antenna/tag/e2806894000050038662154f, 83
1652706228.397137, sdrt-health/mac:02010b41cdec/antenna/tag/e28068940000400386621d4f, 96
1652706228.397584, sdrt-health/mac:02010b41cdec/antenna/tag/e2806894000050038661fd4f, 86
1652706228.412363, sdrt-health/mac:02010b41cdec/antenna/tag/e2806894000040038662114f, 85
1652706228.415506, sdrt-health/mac:02010b41cdec/antenna/tag/e2806894000050038662154f, 83
1652706228.467067, sdrt-health/mac:02010b41cdec/antenna/tag/e2806894000050038662154f, 81
1652706228.5451, sdrt-health/mac:02010b41cdec/antenna/tag/e28068940000500386620d4f, 87
1652706228.546571, sdrt-health/mac:02010b41cdec/antenna/tag/e2806894000050038662154f, 94
1652706228.56755, sdrt-health/mac:02010b41cdec/antenna/tag/e2806894000040038662114f, 93
1652706228.613284, sdrt-health/mac:02010b41cdec/antenna/tag/e2806894000040038662114f, 85
1652706228.613786, sdrt-health/mac:02010b41cdec/antenna/tag/e2806894000040038662114f, 85
1652706228.627844, sdrt-health/mac:02010b41cdec/antenna/tag/e28068940000400386621d4f, 96
1652706228.644774, sdrt-health/mac:02010b41cdec/antenna/tag/e2806894000050038662154f, 85
1652706228.710069, sdrt-health/mac:02010b41cdec/antenna/tag/e2806894000040038662114f, 85
1652706228.710614, sdrt-health/mac:02010b41cdec/antenna/tag/e2806894000050038661fd4f, 83
1652706228.725999, sdrt-health/mac:02010b41cdec/antenna/tag/e2806894000050038662194f, 94
1652706228.745542, sdrt-health/mac:02010b41cdec/antenna/tag/e28068940000400386621d4f, 96
1652706228.752845, sdrt-health/mac:02010b41cdec/antenna/tag/e28068940000400386621d4f, 96
1652706228.777523, sdrt-health/mac:02010b41cdec/antenna/tag/e2806894000050038662154f, 83
1652706228.846125, sdrt-health/mac:02010b41cdec/antenna/tag/e2806894000040038662114f, 85
1652706228.846716, sdrt-health/mac:02010b41cdec/antenna/tag/e2806894000040038662114f, 88
1652706228.862104, sdrt-health/mac:02010b41cdec/antenna/tag/e28068940000500386620d4f, 87
1652706228.874931, sdrt-health/mac:02010b41cdec/antenna/tag/e28068940000400386621d4f, 90
1652706228.878868, sdrt-health/mac:02010b41cdec/antenna/tag/e2806894000040038662114f, 85
1652706228.917285, sdrt-health/mac:02010b41cdec/antenna/tag/e2806894000050038661fd4f, 86
1652706228.981128, sdrt-health/mac:02010b41cdec/antenna/tag/e2806894000050038662154f, 85
1652706228.981611, sdrt-health/mac:02010b41cdec/antenna/tag/e2806894000050038662154f, 85
1652706229.014061, sdrt-health/mac:02010b41cdec/antenna/tag/e2806894000050038662154f, 93
1652706229.070292, sdrt-health/mac:02010b41cdec/antenna/tag/e28068940000400386621d4f, 90
1652706229.070671, sdrt-health/mac:02010b41cdec/antenna/tag/e2806894000050038662154f, 93
1652706229.105824, sdrt-health/mac:02010b41cdec/antenna/tag/e2806894000050038662194f, 81
1652706229.151847, sdrt-health/mac:02010b41cdec/antenna/tag/e2806894000050038661fd4f, 90
1652706229.211874, sdrt-health/mac:02010b41cdec/antenna/tag/e28068940000500386620d4f, 85
1652706229.212449, sdrt-health/mac:02010b41cdec/antenna/tag/e28068940000500386620d4f, 93
1652706229.24183, sdrt-health/mac:02010b41cdec/antenna/tag/e2806894000050038662154f, 93
1652706229.284882, sdrt-health/mac:02010b41cdec/antenna/tag/e2806894000040038662114f, 85
1652706229.350209, sdrt-health/mac:02010b41cdec/antenna/tag/e28068940000500386620d4f, 87
1652706229.350757, sdrt-health/mac:02010b41cdec/antenna/tag/e28068940000500386620d4f, 87
1652706229.376033, sdrt-health/mac:02010b41cdec/antenna/tag/e2806894000050038662154f, 87
1652706229.4101, sdrt-health/mac:02010b41cdec/antenna/tag/e28068940000500386620d4f, 83
1652706229.410419, sdrt-health/mac:02010b41cdec/antenna/tag/e2806894000050038661fd4f, 83
1652706229.425811, sdrt-health/mac:02010b41cdec/antenna/tag/e28068940000500386620d4f, 87
1652706229.478008, sdrt-health/mac:02010b41cdec/antenna/tag/e28068940000500386620d4f, 85
1652706229.548003, sdrt-health/mac:02010b41cdec/antenna/tag/e2806894000040038662114f, 88
1652706229.548852, sdrt-health/mac:02010b41cdec/antenna/tag/e2806894000040038662114f, 85
1652706229.574934, sdrt-health/mac:02010b41cdec/antenna/tag/e2806894000050038662154f, 85
1652706229.575305, sdrt-health/mac:02010b41cdec/antenna/tag/e2806894000050038661fd4f, 86
1652706229.575567, sdrt-health/mac:02010b41cdec/antenna/tag/e2806894000050038661fd4f, 90
1652706229.614855, sdrt-health/mac:02010b41cdec/antenna/tag/e2806894000050038662154f, 93
1652706229.671413, sdrt-health/mac:02010b41cdec/antenna/tag/e2806894000050038661fd4f, 86
1652706229.671911, sdrt-health/mac:02010b41cdec/antenna/tag/e28068940000400386621d4f, 96
1652706229.686904, sdrt-health/mac:02010b41cdec/antenna/tag/e2806894000050038662194f, 81
1652706229.728991, sdrt-health/mac:02010b41cdec/antenna/tag/e28068940000400386621d4f, 96
1652706229.777095, sdrt-health/mac:02010b41cdec/antenna/tag/e2806894000050038662154f, 85
1652706229.832249, sdrt-health/mac:02010b41cdec/antenna/tag/e28068940000400386621d4f, 90
1652706229.919703, sdrt-health/mac:02010b41cdec/antenna/tag/e2806894000050038662154f, 85
1652706229.920194, sdrt-health/mac:02010b41cdec/antenna/tag/e28068940000400386621d4f, 90
1652706229.937245, sdrt-health/mac:02010b41cdec/antenna/tag/e2806894000050038662154f, 85
1652706229.957764, sdrt-health/mac:02010b41cdec/antenna/tag/e28068940000400386621d4f, 96
1652706230.022004, sdrt-health/mac:02010b41cdec/antenna/tag/e2806894000050038662154f, 93
1652706230.02249, sdrt-health/mac:02010b41cdec/antenna/tag/e2806894000050038661fd4f, 86
1652706230.039192, sdrt-health/mac:02010b41cdec/antenna/tag/e28068940000500386620d4f, 85
1652706230.053905, sdrt-health/mac:02010b41cdec/antenna/tag/e2806894000040038662114f, 85
1652706230.111397, sdrt-health/mac:02010b41cdec/antenna/tag/e2806894000040038662114f, 85
1652706230.111779, sdrt-health/mac:02010b41cdec/antenna/tag/e2806894000050038662154f, 85
1652706230.144391, sdrt-health/mac:02010b41cdec/antenna/tag/e28068940000400386621d4f, 96
1652706230.205545, sdrt-health/mac:02010b41cdec/antenna/tag/e28068940000400386621d4f, 90
1652706230.205956, sdrt-health/mac:02010b41cdec/antenna/tag/e2806894000050038661fd4f, 86
1652706230.233939, sdrt-health/mac:02010b41cdec/antenna/tag/e2806894000040038661f94f, 82
1652706230.277063, sdrt-health/mac:02010b41cdec/antenna/tag/e28068940000400386621d4f, 96
1652706230.326454, sdrt-health/mac:02010b41cdec/antenna/tag/e28068940000500386620d4f, 93
1652706230.391659, sdrt-health/mac:02010b41cdec/antenna/tag/e2806894000050038662154f, 83
1652706230.392129, sdrt-health/mac:02010b41cdec/antenna/tag/e2806894000040038662114f, 85
1652706230.415652, sdrt-health/mac:02010b41cdec/antenna/tag/e2806894000050038661fd4f, 83
1652706230.472077, sdrt-health/mac:02010b41cdec/antenna/tag/e2806894000050038661fd4f, 90
1652706230.472596, sdrt-health/mac:02010b41cdec/antenna/tag/e2806894000050038661fd4f, 86
1652706230.512519, sdrt-health/mac:02010b41cdec/antenna/tag/e2806894000050038661fd4f, 86
1652706230.555145, sdrt-health/mac:02010b41cdec/antenna/tag/e28068940000500386620d4f, 85
1652706230.598134, sdrt-health/mac:02010b41cdec/antenna/tag/e28068940000400386621d4f, 90
1652706230.646046, sdrt-health/mac:02010b41cdec/antenna/tag/e2806894000050038662194f, 81
1652706230.694171, sdrt-health/mac:02010b41cdec/antenna/tag/e28068940000400386621d4f, 90
1652706230.734376, sdrt-health/mac:02010b41cdec/antenna/tag/e2806894000050038662154f, 83
1652706230.734812, sdrt-health/mac:02010b41cdec/antenna/state, connected
1652706230.749796, sdrt-health/mac:02010b41cdec/fw, {"version":"1.8.1","model":"200","hash":"2f556501b58f1dad542af428d7928d18","timestamp":1652706227}
1652706230.77397, sdrt-health/mac:02010b41cdec/antenna/tag/e2806894000040038662214f, 110
1652706230.830645, sdrt-health/mac:02010b41cdec/antenna/tag/e2806894000050038661fd4f, 86
1652706230.899272, sdrt-health/mac:02010b41cdec/antenna/tag/e28068940000500386620d4f, 87
1652706230.899736, sdrt-health/mac:02010b41cdec/antenna/tag/e28068940000400386621d4f, 96
1652706230.925212, sdrt-health/mac:02010b41cdec/antenna/tag/e28068940000500386620d4f, 85
1652706230.960674, sdrt-health/mac:02010b41cdec/antenna/tag/e2806894000050038662154f, 85
1652706230.961122, sdrt-health/mac:02010b41cdec/antenna/version, h@bO
1652706230.978183, sdrt-health/mac:02010b41cdec/antenna/tag/e28068940000400386621d4f, 96
1652706230.97853, sdrt-health/mac:02010b41cdec/antenna/tag/e2806894000050038662154f, 88
1652706231.014373, sdrt-health/mac:02010b41cdec/antenna/tag/e28068940000500386620d4f, 93
1652706231.073247, sdrt-health/mac:02010b41cdec/antenna/tag/e2806894000040038662114f, 85
1652706231.073684, sdrt-health/mac:02010b41cdec/antenna/tag/e28068940000400386621d4f, 96
1652706231.088656, sdrt-health/mac:02010b41cdec/antenna/tag/e2806894000050038661fd4f, 86
1652706231.089054, sdrt-health/mac:02010b41cdec/antenna/tag/e2806894000050038662154f, 85
1652706231.090191, sdrt-health/mac:02010b41cdec/antenna/tag/e28068940000500386620d4f, 93
1652706231.151349, sdrt-health/mac:02010b41cdec/antenna/tag/e28068940000400386621d4f, 96
1652706231.195333, sdrt-health/mac:02010b41cdec/antenna/tag/e2806894000040038662114f, 93
1652706231.263182, sdrt-health/mac:02010b41cdec/antenna/tag/e28068940000400386621d4f, 96
1652706231.327312, sdrt-health/mac:02010b41cdec/antenna/tag/e28068940000500386620d4f, 93
1652706231.32784, sdrt-health/mac:02010b41cdec/antenna/tag/e28068940000500386620d4f, 93
1652706231.343147, sdrt-health/mac:02010b41cdec/antenna/tag/e2806894000040038662114f, 85
1652706231.343538, sdrt-health/mac:02010b41cdec/antenna/tag/e2806894000050038661fd4f, 86
1652706231.355481, sdrt-health/mac:02010b41cdec/antenna/tag/e2806894000050038662154f, 85
1652706231.420355, sdrt-health/mac:02010b41cdec/antenna/tag/e28068940000500386620d4f, 93
1652706231.471109, sdrt-health/mac:02010b41cdec/antenna/tag/e28068940000500386620d4f, 87
1652706231.471658, sdrt-health/mac:02010b41cdec/antenna/tag/e2806894000050038661fd4f, 90
1652706231.48692, sdrt-health/mac:02010b41cdec/antenna/tag/e2806894000040038662114f, 85
1652706231.526107, sdrt-health/mac:02010b41cdec/antenna/tag/e28068940000500386620d4f, 85
1652706231.526611, sdrt-health/mac:02010b41cdec/antenna/tag/e2806894000050038661fd4f, 90
1652706231.542104, sdrt-health/mac:02010b41cdec/antenna/tag/e2806894000040038662114f, 93
1652706231.565057, sdrt-health/mac:02010b41cdec/antenna/tag/e2806894000040038662114f, 85
1652706231.61424, sdrt-health/mac:02010b41cdec/antenna/tag/e2806894000040038662114f, 85
1652706231.644532, sdrt-health/mac:02010b41cdec/antenna/tag/e2806894000050038662154f, 85
1652706231.644735, sdrt-health/mac:02010b41cdec/antenna/tag/e28068940000400386621d4f, 90
1652706231.674346, sdrt-health/mac:02010b41cdec/antenna/tag/e2806894000050038661fd4f, 86
1652706231.719247, sdrt-health/mac:02010b41cdec/antenna/tag/e2806894000050038662194f, 81
1652706231.773648, sdrt-health/mac:02010b41cdec/antenna/tag/e28068940000500386620d4f, 87
1652706231.814398, sdrt-health/mac:02010b41cdec/antenna/tag/e28068940000500386620d4f, 87
1652706231.871885, sdrt-health/mac:02010b41cdec/antenna/tag/e28068940000500386620d4f, 85
1652706231.872338, sdrt-health/mac:02010b41cdec/antenna/tag/e2806894000040038662114f, 85
1652706231.904797, sdrt-health/mac:02010b41cdec/antenna/tag/e2806894000050038662154f, 85
1652706231.949519, sdrt-health/mac:02010b41cdec/antenna/tag/e28068940000400386621d4f, 90
1652706232.013544, sdrt-health/mac:02010b41cdec/antenna/tag/e2806894000050038661fd4f, 86
1652706232.014077, sdrt-health/mac:02010b41cdec/antenna/tag/e2806894000040038662114f, 88
1652706232.085397, sdrt-health/mac:02010b41cdec/antenna/tag/e2806894000040038662114f, 85
1652706232.135392, sdrt-health/mac:02010b41cdec/antenna/tag/e28068940000400386621d4f, 77
1652706232.205234, sdrt-health/mac:02010b41cdec/antenna/tag/e2806894000040038662114f, 88
1652706232.205743, sdrt-health/mac:02010b41cdec/antenna/tag/e2806894000050038662154f, 81
1652706232.234912, sdrt-health/mac:02010b41cdec/antenna/tag/e28068940000500386620d4f, 87
1652706232.269631, sdrt-health/mac:02010b41cdec/antenna/tag/e28068940000500386620d4f, 87
1652706232.269924, sdrt-health/mac:02010b41cdec/antenna/tag/e2806894000050038662154f, 83
1652706232.285128, sdrt-health/mac:02010b41cdec/antenna/tag/e28068940000400386621d4f, 96
1652706232.285364, sdrt-health/mac:02010b41cdec/antenna/tag/e2806894000050038661fd4f, 83
1652706232.325373, sdrt-health/mac:02010b41cdec/antenna/tag/e2806894000050038661fd4f, 83
1652706232.375027, sdrt-health/mac:02010b41cdec/antenna/tag/e28068940000400386621d4f, 96
1652706232.428665, sdrt-health/mac:02010b41cdec/antenna/tag/e2806894000040038662114f, 85
1652706232.490786, sdrt-health/mac:02010b41cdec/antenna/tag/e2806894000050038661fd4f, 86
1652706232.491169, sdrt-health/mac:02010b41cdec/antenna/tag/e2806894000050038661fd4f, 86
1652706232.52403, sdrt-health/mac:02010b41cdec/antenna/tag/e2806894000040038662114f, 85
1652706232.556728, sdrt-health/mac:02010b41cdec/antenna/tag/e28068940000400386621d4f, 90
1652706232.557105, sdrt-health/mac:02010b41cdec/antenna/tag/e2806894000050038661fd4f, 90
1652706232.57262, sdrt-health/mac:02010b41cdec/antenna/tag/e2806894000040038662114f, 85
1652706232.614359, sdrt-health/mac:02010b41cdec/antenna/tag/e2806894000050038662194f, 83
1652706232.656106, sdrt-health/mac:02010b41cdec/antenna/tag/e2806894000050038662154f, 93
1652706232.735145, sdrt-health/mac:02010b41cdec/antenna/tag/e2806894000050038661fd4f, 86
1652706232.775104, sdrt-health/mac:02010b41cdec/antenna/tag/e28068940000400386621d4f, 77
1652706232.829804, sdrt-health/mac:02010b41cdec/antenna/tag/e2806894000050038662154f, 87
1652706232.830283, sdrt-health/mac:02010b41cdec/antenna/tag/e28068940000500386620d4f, 83
1652706232.863963, sdrt-health/mac:02010b41cdec/antenna/tag/e2806894000050038662154f, 93
1652706232.921193, sdrt-health/mac:02010b41cdec/antenna/tag/e2806894000050038662194f, 83
1652706232.955287, sdrt-health/mac:02010b41cdec/antenna/tag/e28068940000400386621d4f, 96
1652706232.955591, sdrt-health/mac:02010b41cdec/antenna/tag/e2806894000050038662154f, 93
1652706232.972196, sdrt-health/mac:02010b41cdec/antenna/tag/e2806894000050038661fd4f, 86
1652706232.972508, sdrt-health/mac:02010b41cdec/antenna/tag/e28068940000400386621d4f, 90
1652706233.023603, sdrt-health/mac:02010b41cdec/antenna/tag/e2806894000040038662054f, 81
1652706233.085816, sdrt-health/mac:02010b41cdec/antenna/tag/e28068940000400386621d4f, 96
1652706233.086312, sdrt-health/mac:02010b41cdec/antenna/tag/e2806894000050038662154f, 93
1652706233.102835, sdrt-health/mac:02010b41cdec/antenna/tag/e28068940000400386621d4f, 90
1652706233.10324, sdrt-health/mac:02010b41cdec/antenna/tag/e2806894000050038661fd4f, 90
1652706233.114927, sdrt-health/mac:02010b41cdec/antenna/tag/e2806894000050038662194f, 81
1652706233.157362, sdrt-health/mac:02010b41cdec/antenna/tag/e28068940000400386621d4f, 96
1652706233.204749, sdrt-health/mac:02010b41cdec/antenna/tag/e2806894000040038662114f, 85
1652706233.254139, sdrt-health/mac:02010b41cdec/antenna/tag/e2806894000040038662114f, 83
1652706233.287593, sdrt-health/mac:02010b41cdec/antenna/tag/e28068940000400386621d4f, 96
1652706233.28786, sdrt-health/mac:02010b41cdec/antenna/tag/e28068940000500386620d4f, 93
1652706233.303065, sdrt-health/mac:02010b41cdec/antenna/tag/e2806894000050038661fd4f, 86
1652706233.303269, sdrt-health/mac:02010b41cdec/antenna/tag/e2806894000050038662154f, 85
1652706233.344169, sdrt-health/mac:02010b41cdec/antenna/tag/e28068940000500386620d4f, 83
1652706233.389231, sdrt-health/mac:02010b41cdec/antenna/tag/e2806894000040038662114f, 85
1652706233.436575, sdrt-health/mac:02010b41cdec/antenna/tag/e2806894000040038662114f, 93
1652706233.492345, sdrt-health/mac:02010b41cdec/antenna/tag/e2806894000050038661fd4f, 83
1652706233.492802, sdrt-health/mac:02010b41cdec/antenna/tag/e2806894000050038661fd4f, 83
1652706233.524303, sdrt-health/mac:02010b41cdec/antenna/tag/e28068940000500386620d4f, 93
1652706233.590725, sdrt-health/mac:02010b41cdec/antenna/tag/e2806894000050038662154f, 83
1652706233.59119, sdrt-health/mac:02010b41cdec/antenna/tag/e28068940000400386621d4f, 96
1652706233.615567, sdrt-health/mac:02010b41cdec/antenna/tag/e2806894000050038661fd4f, 83
1652706233.653444, sdrt-health/mac:02010b41cdec/antenna/tag/e28068940000400386621d4f, 77
1652706233.765995, sdrt-health/mac:02010b41cdec/antenna/tag/e2806894000050038662194f, 81
1652706233.815824, sdrt-health/mac:02010b41cdec/antenna/tag/e2806894000050038661fd4f, 86
1652706233.899521, sdrt-health/mac:02010b41cdec/antenna/tag/e2806894000050038661fd4f, 86
1652706233.900061, sdrt-health/mac:02010b41cdec/antenna/tag/e28068940000500386620d4f, 87
1652706233.92397, sdrt-health/mac:02010b41cdec/antenna/tag/e2806894000050038662154f, 81
1652706233.974457, sdrt-health/mac:02010b41cdec/antenna/tag/e28068940000500386620d4f, 87
1652706234.030274, sdrt-health/mac:02010b41cdec/antenna/tag/e2806894000040038662114f, 85
1652706234.03086, sdrt-health/mac:02010b41cdec/antenna/tag/e2806894000050038662154f, 93
1652706234.054728, sdrt-health/mac:02010b41cdec/antenna/tag/e28068940000500386620d4f, 93
1652706234.125641, sdrt-health/mac:02010b41cdec/antenna/tag/e28068940000400386621d4f, 90
1652706234.126116, sdrt-health/mac:02010b41cdec/antenna/tag/e28068940000400386621d4f, 90
1652706234.139917, sdrt-health/mac:02010b41cdec/antenna/tag/e2806894000040038662114f, 85
1652706234.165516, sdrt-health/mac:02010b41cdec/antenna/tag/e2806894000050038662194f, 81
1652706234.19625, sdrt-health/mac:02010b41cdec/antenna/tag/e28068940000400386621d4f, 90
1652706234.196509, sdrt-health/mac:02010b41cdec/antenna/tag/e2806894000040038662114f, 85
1652706234.196667, sdrt-health/mac:02010b41cdec/antenna/tag/e2806894000040038662114f, 88
1652706234.213644, sdrt-health/mac:02010b41cdec/antenna/tag/e2806894000050038662194f, 81
1652706234.307151, sdrt-health/mac:02010b41cdec/antenna/tag/e2806894000040038662114f, 85
1652706234.351324, sdrt-health/mac:02010b41cdec/antenna/tag/e2806894000050038661fd4f, 86
1652706234.424443, sdrt-health/mac:02010b41cdec/antenna/tag/e2806894000040038662114f, 85
1652706234.424942, sdrt-health/mac:02010b41cdec/antenna/tag/e2806894000040038662114f, 88
1652706234.440208, sdrt-health/mac:02010b41cdec/antenna/tag/e28068940000500386620d4f, 93
1652706234.454909, sdrt-health/mac:02010b41cdec/antenna/tag/e28068940000400386621d4f, 90
1652706234.460844, sdrt-health/mac:02010b41cdec/antenna/tag/e2806894000050038661fd4f, 86
1652706234.510986, sdrt-health/mac:02010b41cdec/antenna/tag/e2806894000050038661fd4f, 86
1652706234.571717, sdrt-health/mac:02010b41cdec/antenna/tag/e28068940000400386621d4f, 90
1652706234.572207, sdrt-health/mac:02010b41cdec/antenna/tag/e2806894000050038662154f, 93
1652706234.597643, sdrt-health/mac:02010b41cdec/antenna/tag/e28068940000500386620d4f, 93
1652706234.660459, sdrt-health/mac:02010b41cdec/antenna/tag/e28068940000400386621d4f, 90
1652706234.660879, sdrt-health/mac:02010b41cdec/antenna/tag/e28068940000400386621d4f, 96
1652706234.694473, sdrt-health/mac:02010b41cdec/antenna/tag/e2806894000050038662194f, 88
1652706234.750264, sdrt-health/mac:02010b41cdec/antenna/tag/e2806894000050038662154f, 87
1652706234.750725, sdrt-health/mac:02010b41cdec/antenna/tag/e2806894000040038662114f, 93
1652706234.766074, sdrt-health/mac:02010b41cdec/antenna/tag/e28068940000400386621d4f, 96
1652706234.766363, sdrt-health/mac:02010b41cdec/antenna/tag/e2806894000050038662154f, 87
1652706234.773905, sdrt-health/mac:02010b41cdec/antenna/tag/e28068940000500386620d4f, 93
1652706234.814765, sdrt-health/mac:02010b41cdec/antenna/tag/e28068940000500386620d4f, 87
1652706234.854056, sdrt-health/mac:02010b41cdec/antenna/tag/e2806894000050038661fd4f, 83
1652706234.893719, sdrt-health/mac:02010b41cdec/antenna/tag/e28068940000500386620d4f, 93
1652706234.934538, sdrt-health/mac:02010b41cdec/antenna/tag/e28068940000500386620d4f, 83
1652706234.991849, sdrt-health/mac:02010b41cdec/antenna/tag/e2806894000050038662194f, 94
1652706234.992387, sdrt-health/mac:02010b41cdec/antenna/tag/e2806894000050038662154f, 83
1652706235.024182, sdrt-health/mac:02010b41cdec/antenna/tag/e2806894000050038662194f, 88
1652706235.070519, sdrt-health/mac:02010b41cdec/antenna/tag/e28068940000400386621d4f, 96
1652706235.12992, sdrt-health/mac:02010b41cdec/antenna/tag/e2806894000040038662114f, 85
1652706235.130379, sdrt-health/mac:02010b41cdec/antenna/tag/e2806894000050038661fd4f, 83
1652706235.145923, sdrt-health/mac:02010b41cdec/antenna/tag/e28068940000500386620d4f, 87
1652706235.179126, sdrt-health/mac:02010b41cdec/antenna/tag/e2806894000040038662114f, 85
1652706235.179567, sdrt-health/mac:02010b41cdec/antenna/tag/e2806894000040038662114f, 93
1652706235.205282, sdrt-health/mac:02010b41cdec/antenna/tag/e28068940000500386620d4f, 93
1652706235.271709, sdrt-health/mac:02010b41cdec/antenna/tag/e2806894000050038662154f, 93
1652706235.272237, sdrt-health/mac:02010b41cdec/antenna/tag/e2806894000040038662114f, 85
1652706235.318935, sdrt-health/mac:02010b41cdec/antenna/tag/e2806894000050038662154f, 85
1652706235.355429, sdrt-health/mac:02010b41cdec/antenna/tag/e2806894000050038661fd4f, 90
1652706235.398442, sdrt-health/mac:02010b41cdec/antenna/tag/e2806894000050038662154f, 85
1652706235.432767, sdrt-health/mac:02010b41cdec/antenna/tag/e2806894000050038661fd4f, 90
1652706235.433151, sdrt-health/mac:02010b41cdec/antenna/tag/e28068940000500386620d4f, 93
1652706235.448567, sdrt-health/mac:02010b41cdec/antenna/tag/e28068940000500386620d4f, 85
1652706235.495192, sdrt-health/mac:02010b41cdec/antenna/tag/e2806894000050038662154f, 93
1652706235.550832, sdrt-health/mac:02010b41cdec/antenna/tag/e28068940000500386620d4f, 87
1652706235.551291, sdrt-health/mac:02010b41cdec/antenna/tag/e2806894000050038661fd4f, 86
1652706235.574485, sdrt-health/mac:02010b41cdec/antenna/tag/e2806894000050038661fd4f, 86
1652706235.613156, sdrt-health/mac:02010b41cdec/antenna/tag/e28068940000500386620d4f, 93
1652706235.654159, sdrt-health/mac:02010b41cdec/antenna/tag/e28068940000400386621d4f, 90
1652706235.710069, sdrt-health/mac:02010b41cdec/antenna/tag/e2806894000050038662194f, 88
1652706235.710629, sdrt-health/mac:02010b41cdec/antenna/tag/e2806894000040038662114f, 85
1652706235.744031, sdrt-health/mac:02010b41cdec/antenna/tag/e28068940000500386620d4f, 85
1652706235.831581, sdrt-health/mac:02010b41cdec/antenna/tag/e28068940000500386620d4f, 85
1652706235.832333, sdrt-health/mac:02010b41cdec/antenna/tag/e2806894000050038662154f, 83
1652706235.869701, sdrt-health/mac:02010b41cdec/antenna/tag/e28068940000500386620d4f, 93
1652706235.932128, sdrt-health/mac:02010b41cdec/antenna/tag/e2806894000050038661fd4f, 83
1652706235.932644, sdrt-health/mac:02010b41cdec/antenna/tag/e28068940000400386621d4f, 96
1652706235.957331, sdrt-health/mac:02010b41cdec/antenna/tag/e2806894000050038661fd4f, 86
1652706236.004484, sdrt-health/mac:02010b41cdec/antenna/tag/e2806894000040038662114f, 85
1652706236.054779, sdrt-health/mac:02010b41cdec/antenna/tag/e28068940000400386621d4f, 90
1652706236.094589, sdrt-health/mac:02010b41cdec/antenna/tag/e28068940000400386621d4f, 96
1652706236.153146, sdrt-health/mac:02010b41cdec/antenna/tag/e2806894000050038661fd4f, 86
1652706236.153619, sdrt-health/mac:02010b41cdec/antenna/tag/e2806894000040038662114f, 85
1652706236.169863, sdrt-health/mac:02010b41cdec/antenna/tag/e28068940000400386621d4f, 90
1652706236.205814, sdrt-health/mac:02010b41cdec/antenna/tag/e2806894000050038661fd4f, 86
1652706236.255598, sdrt-health/mac:02010b41cdec/antenna/tag/e28068940000500386620d4f, 81
1652706236.310667, sdrt-health/mac:02010b41cdec/antenna/tag/e2806894000050038662154f, 93
1652706236.311398, sdrt-health/mac:02010b41cdec/antenna/tag/e2806894000050038661fd4f, 86
1652706236.326039, sdrt-health/mac:02010b41cdec/antenna/tag/e2806894000040038662114f, 85
1652706236.350271, sdrt-health/mac:02010b41cdec/antenna/tag/e2806894000050038661fd4f, 86
1652706236.381297, sdrt-health/mac:02010b41cdec/antenna/tag/e2806894000050038661fd4f, 90
1652706236.381691, sdrt-health/mac:02010b41cdec/antenna/tag/e2806894000040038662114f, 88
1652706236.396085, sdrt-health/mac:02010b41cdec/antenna/tag/e28068940000500386620d4f, 85
1652706236.396458, sdrt-health/mac:02010b41cdec/antenna/tag/e28068940000400386621d4f, 90
1652706236.396671, sdrt-health/mac:02010b41cdec/antenna/tag/e2806894000050038662154f, 93
1652706236.455384, sdrt-health/mac:02010b41cdec/antenna/tag/e28068940000500386620d4f, 93
1652706236.495381, sdrt-health/mac:02010b41cdec/antenna/tag/e2806894000050038662154f, 85
1652706236.545845, sdrt-health/mac:02010b41cdec/antenna/tag/e28068940000500386620d4f, 87
1652706236.620319, sdrt-health/mac:02010b41cdec/antenna/tag/e28068940000400386621d4f, 90
1652706236.62079, sdrt-health/mac:02010b41cdec/antenna/tag/e28068940000400386621d4f, 90
1652706236.643576, sdrt-health/mac:02010b41cdec/antenna/tag/e28068940000500386620d4f, 93
1652706236.710404, sdrt-health/mac:02010b41cdec/antenna/tag/e2806894000050038661fd4f, 86
1652706236.710868, sdrt-health/mac:02010b41cdec/antenna/tag/e28068940000400386621d4f, 96
1652706236.735515, sdrt-health/mac:02010b41cdec/antenna/tag/e2806894000040038662114f, 93
1652706236.775414, sdrt-health/mac:02010b41cdec/antenna/tag/e2806894000050038662154f, 93
1652706236.830504, sdrt-health/mac:02010b41cdec/antenna/tag/e28068940000500386620d4f, 93
1652706236.831851, sdrt-health/mac:02010b41cdec/antenna/tag/e28068940000500386620d4f, 83
1652706236.846751, sdrt-health/mac:02010b41cdec/antenna/tag/e2806894000050038661fd4f, 83
1652706236.8537, sdrt-health/mac:02010b41cdec/antenna/tag/e2806894000040038662114f, 85
1652706236.910224, sdrt-health/mac:02010b41cdec/antenna/tag/e2806894000040038662114f, 85
1652706236.969712, sdrt-health/mac:02010b41cdec/antenna/tag/e2806894000050038661fd4f, 86
1652706236.970204, sdrt-health/mac:02010b41cdec/antenna/tag/e2806894000050038661fd4f, 86
1652706236.986166, sdrt-health/mac:02010b41cdec/antenna/tag/e2806894000050038662154f, 93
1652706237.014412, sdrt-health/mac:02010b41cdec/antenna/tag/e2806894000040038662114f, 88
1652706237.081978, sdrt-health/mac:02010b41cdec/antenna/tag/e28068940000400386621d4f, 90
1652706237.148357, sdrt-health/mac:02010b41cdec/antenna/tag/e28068940000500386620d4f, 93
1652706237.148852, sdrt-health/mac:02010b41cdec/antenna/tag/e2806894000050038662154f, 87
1652706237.164086, sdrt-health/mac:02010b41cdec/antenna/tag/e28068940000500386620d4f, 83
1652706237.194515, sdrt-health/mac:02010b41cdec/antenna/tag/e28068940000500386620d4f, 87
1652706237.194779, sdrt-health/mac:02010b41cdec/antenna/tag/e2806894000050038661fd4f, 86
1652706237.24035, sdrt-health/mac:02010b41cdec/antenna/tag/e28068940000400386621d4f, 90
1652706237.300897, sdrt-health/mac:02010b41cdec/antenna/tag/e2806894000040038662114f, 88
1652706237.301342, sdrt-health/mac:02010b41cdec/antenna/tag/e2806894000040038662114f, 93
1652706237.334616, sdrt-health/mac:02010b41cdec/antenna/tag/e28068940000500386620d4f, 93
1652706237.365207, sdrt-health/mac:02010b41cdec/antenna/tag/e28068940000500386620d4f, 87
1652706237.365647, sdrt-health/mac:02010b41cdec/antenna/tag/e28068940000400386621d4f, 77
1652706237.381052, sdrt-health/mac:02010b41cdec/antenna/tag/e2806894000040038662114f, 85
1652706237.426087, sdrt-health/mac:02010b41cdec/antenna/tag/e2806894000050038661fd4f, 86
1652706237.469054, sdrt-health/mac:02010b41cdec/antenna/tag/e28068940000400386621d4f, 96
1652706237.535398, sdrt-health/mac:02010b41cdec/antenna/tag/e28068940000400386621d4f, 96
1652706237.53568, sdrt-health/mac:02010b41cdec/antenna/tag/e2806894000040038661f94f, 81
1652706237.550413, sdrt-health/mac:02010b41cdec/antenna/tag/e28068940000400386621d4f, 96
1652706237.556266, sdrt-health/mac:02010b41cdec/antenna/tag/e2806894000050038662154f, 85
1652706237.565354, sdrt-health/mac:02010b41cdec/antenna/tag/e2806894000040038662114f, 88
1652706237.565571, sdrt-health/mac:02010b41cdec/antenna/tag/e2806894000050038661fd4f, 86
1652706237.604653, sdrt-health/mac:02010b41cdec/antenna/tag/e2806894000050038662154f, 85
1652706237.671, sdrt-health/mac:02010b41cdec/antenna/tag/e2806894000050038661fd4f, 86
1652706237.671465, sdrt-health/mac:02010b41cdec/antenna/tag/e2806894000050038661fd4f, 83
1652706237.694449, sdrt-health/mac:02010b41cdec/antenna/tag/e2806894000050038662154f, 87
1652706237.735085, sdrt-health/mac:02010b41cdec/antenna/tag/e28068940000400386621d4f, 96
1652706237.768424, sdrt-health/mac:02010b41cdec/antenna/tag/e2806894000050038662154f, 83
1652706237.768706, sdrt-health/mac:02010b41cdec/antenna/tag/e28068940000400386621d4f, 96
1652706237.786764, sdrt-health/mac:02010b41cdec/antenna/tag/e2806894000050038662154f, 85
1652706237.786996, sdrt-health/mac:02010b41cdec/antenna/tag/e28068940000400386621d4f, 96
1652706237.814116, sdrt-health/mac:02010b41cdec/antenna/tag/e2806894000050038662154f, 85
1652706237.845924, sdrt-health/mac:02010b41cdec/antenna/tag/e2806894000050038661fd4f, 86
1652706237.846237, sdrt-health/mac:02010b41cdec/antenna/tag/e28068940000500386620d4f, 85
1652706237.868837, sdrt-health/mac:02010b41cdec/antenna/tag/e28068940000500386620d4f, 85
1652706237.93123, sdrt-health/mac:02010b41cdec/antenna/tag/e2806894000050038662154f, 85
1652706237.931719, sdrt-health/mac:02010b41cdec/antenna/tag/e2806894000050038662154f, 85
1652706237.947538, sdrt-health/mac:02010b41cdec/antenna/tag/e28068940000400386621d4f, 90
1652706237.964597, sdrt-health/mac:02010b41cdec/antenna/tag/e28068940000500386620d4f, 87
1652706238.030819, sdrt-health/mac:02010b41cdec/antenna/tag/e28068940000500386620d4f, 85
1652706238.107558, sdrt-health/mac:02010b41cdec/antenna/tag/e28068940000500386620d4f, 93
1652706238.108079, sdrt-health/mac:02010b41cdec/antenna/tag/e2806894000050038662154f, 85
1652706238.124955, sdrt-health/mac:02010b41cdec/antenna/tag/e2806894000050038662154f, 85
1652706238.12544, sdrt-health/mac:02010b41cdec/antenna/tag/e28068940000500386620d4f, 93
1652706238.125773, sdrt-health/mac:02010b41cdec/antenna/tag/e2806894000050038661fd4f, 86
1652706238.164068, sdrt-health/mac:02010b41cdec/antenna/tag/e2806894000040038662114f, 85
1652706238.234344, sdrt-health/mac:02010b41cdec/antenna/tag/e2806894000040038662114f, 85
1652706238.286485, sdrt-health/mac:02010b41cdec/antenna/tag/e2806894000050038661fd4f, 90
1652706238.325172, sdrt-health/mac:02010b41cdec/antenna/tag/e28068940000500386620d4f, 87
1652706238.390352, sdrt-health/mac:02010b41cdec/antenna/tag/e2806894000040038662054f, 83
1652706238.3908, sdrt-health/mac:02010b41cdec/antenna/tag/e28068940000400386621d4f, 90
1652706238.405863, sdrt-health/mac:02010b41cdec/antenna/tag/e2806894000040038662114f, 88
1652706238.413804, sdrt-health/mac:02010b41cdec/antenna/tag/e2806894000040038662114f, 85
1652706238.421423, sdrt-health/mac:02010b41cdec/antenna/tag/e2806894000040038662114f, 85
1652706238.465468, sdrt-health/mac:02010b41cdec/antenna/tag/e2806894000050038661fd4f, 86
1652706238.534147, sdrt-health/mac:02010b41cdec/antenna/tag/e2806894000050038662154f, 85
1652706238.534654, sdrt-health/mac:02010b41cdec/antenna/tag/e28068940000400386621d4f, 90
1652706238.54939, sdrt-health/mac:02010b41cdec/antenna/tag/e2806894000050038661fd4f, 90
1652706238.579824, sdrt-health/mac:02010b41cdec/antenna/tag/e28068940000400386621d4f, 90
1652706238.580219, sdrt-health/mac:02010b41cdec/antenna/tag/e2806894000050038661fd4f, 83
1652706238.614353, sdrt-health/mac:02010b41cdec/antenna/tag/e28068940000500386620d4f, 87
1652706238.670822, sdrt-health/mac:02010b41cdec/antenna/tag/e28068940000400386621d4f, 77
1652706238.6713, sdrt-health/mac:02010b41cdec/antenna/tag/e2806894000040038662114f, 85
1652706238.693984, sdrt-health/mac:02010b41cdec/antenna/tag/e2806894000050038662154f, 83
1652706238.772314, sdrt-health/mac:02010b41cdec/antenna/tag/e28068940000500386620d4f, 87
1652706238.805508, sdrt-health/mac:02010b41cdec/antenna/tag/e28068940000500386620d4f, 93
1652706238.855503, sdrt-health/mac:02010b41cdec/antenna/tag/e28068940000500386620d4f, 85
1652706238.894912, sdrt-health/mac:02010b41cdec/antenna/tag/e28068940000400386621d4f, 96
1652706238.926909, sdrt-health/mac:02010b41cdec/antenna/tag/e28068940000400386621d4f, 96
1652706238.927241, sdrt-health/mac:02010b41cdec/antenna/tag/e2806894000050038662154f, 85
1652706238.944199, sdrt-health/mac:02010b41cdec/antenna/tag/e28068940000400386621d4f, 96
1652706238.989829, sdrt-health/mac:02010b41cdec/antenna/tag/e2806894000050038662154f, 85
1652706239.051938, sdrt-health/mac:02010b41cdec/antenna/tag/e2806894000050038661fd4f, 86
1652706239.052401, sdrt-health/mac:02010b41cdec/antenna/tag/e28068940000400386621d4f, 90
1652706239.069126, sdrt-health/mac:02010b41cdec/antenna/tag/e28068940000500386620d4f, 87
1652706239.084031, sdrt-health/mac:02010b41cdec/antenna/tag/e28068940000500386620d4f, 93
1652706239.12606, sdrt-health/mac:02010b41cdec/antenna/tag/e2806894000050038662194f, 84
1652706239.157715, sdrt-health/mac:02010b41cdec/antenna/tag/e2806894000050038661fd4f, 86
1652706239.157969, sdrt-health/mac:02010b41cdec/antenna/tag/e2806894000050038661fd4f, 86
1652706239.177578, sdrt-health/mac:02010b41cdec/antenna/tag/e2806894000040038662114f, 85
1652706239.24644, sdrt-health/mac:02010b41cdec/antenna/tag/e2806894000050038661fd4f, 86
1652706239.246984, sdrt-health/mac:02010b41cdec/antenna/tag/e2806894000050038661fd4f, 83
1652706239.273753, sdrt-health/mac:02010b41cdec/antenna/tag/e2806894000040038662114f, 87
1652706239.334607, sdrt-health/mac:02010b41cdec/antenna/tag/e2806894000050038662154f, 81
1652706239.391011, sdrt-health/mac:02010b41cdec/antenna/tag/e28068940000500386620d4f, 87
1652706239.392356, sdrt-health/mac:02010b41cdec/antenna/tag/e2806894000050038661fd4f, 86
1652706239.392713, sdrt-health/mac:02010b41cdec/antenna/tag/e2806894000050038662194f, 81
1652706239.435309, sdrt-health/mac:02010b41cdec/antenna/tag/e28068940000400386621d4f, 90
1652706239.500272, sdrt-health/mac:02010b41cdec/antenna/tag/e28068940000400386621d4f, 90
1652706239.533788, sdrt-health/mac:02010b41cdec/antenna/tag/e28068940000500386620d4f, 93
1652706239.577169, sdrt-health/mac:02010b41cdec/antenna/tag/e2806894000050038661fd4f, 86
1652706239.642024, sdrt-health/mac:02010b41cdec/antenna/tag/e2806894000050038662154f, 93
1652706239.642525, sdrt-health/mac:02010b41cdec/antenna/tag/e28068940000400386621d4f, 90
1652706239.642881, sdrt-health/mac:02010b41cdec/antenna/tag/e28068940000400386621d4f, 96
1652706239.663488, sdrt-health/mac:02010b41cdec/antenna/tag/e2806894000050038662154f, 85
1652706239.663882, sdrt-health/mac:02010b41cdec/antenna/tag/e28068940000400386621d4f, 96
1652706239.664284, sdrt-health/mac:02010b41cdec/antenna/tag/e2806894000050038662194f, 81
1652706239.664623, sdrt-health/mac:02010b41cdec/antenna/tag/e28068940000400386621d4f, 96
1652706239.694128, sdrt-health/mac:02010b41cdec/antenna/tag/e2806894000050038662154f, 93
1652706239.753265, sdrt-health/mac:02010b41cdec/antenna/tag/e28068940000500386620d4f, 87
1652706239.753767, sdrt-health/mac:02010b41cdec/antenna/tag/e2806894000040038662114f, 87
1652706239.768652, sdrt-health/mac:02010b41cdec/antenna/tag/e2806894000050038662154f, 88
1652706239.789672, sdrt-health/mac:02010b41cdec/antenna/tag/e2806894000050038661fd4f, 83
1652706239.834235, sdrt-health/mac:02010b41cdec/antenna/tag/e2806894000050038662154f, 85
1652706239.894745, sdrt-health/mac:02010b41cdec/antenna/tag/e2806894000050038661fd4f, 86
1652706239.895252, sdrt-health/mac:02010b41cdec/antenna/tag/e2806894000040038662114f, 88
1652706239.911125, sdrt-health/mac:02010b41cdec/antenna/tag/e28068940000500386620d4f, 87
1652706239.925433, sdrt-health/mac:02010b41cdec/antenna/tag/e2806894000040038662114f, 85
1652706239.929326, sdrt-health/mac:02010b41cdec/antenna/tag/e28068940000400386621d4f, 96
1652706239.974922, sdrt-health/mac:02010b41cdec/antenna/tag/e28068940000500386620d4f, 93
1652706240.014622, sdrt-health/mac:02010b41cdec/antenna/tag/e2806894000050038662154f, 83
1652706240.064257, sdrt-health/mac:02010b41cdec/antenna/tag/e2806894000040038662114f, 85
1652706240.134372, sdrt-health/mac:02010b41cdec/antenna/tag/e2806894000050038662154f, 94
1652706240.175572, sdrt-health/mac:02010b41cdec/antenna/tag/e2806894000050038661fd4f, 83
1652706240.222974, sdrt-health/mac:02010b41cdec/antenna/tag/e2806894000040038662114f, 93
1652706240.288754, sdrt-health/mac:02010b41cdec/antenna/tag/e2806894000040038662114f, 85
1652706240.289298, sdrt-health/mac:02010b41cdec/antenna/tag/e2806894000040038662114f, 87
1652706240.305886, sdrt-health/mac:02010b41cdec/antenna/tag/e28068940000400386621d4f, 90
1652706240.339046, sdrt-health/mac:02010b41cdec/antenna/tag/e28068940000500386620d4f, 88
1652706240.339335, sdrt-health/mac:02010b41cdec/antenna/tag/e2806894000040038662114f, 88
1652706240.339562, sdrt-health/mac:02010b41cdec/antenna/tag/e2806894000040038662114f, 85
1652706240.339762, sdrt-health/mac:02010b41cdec/antenna/tag/e2806894000040038662114f, 85
1652706240.339953, sdrt-health/mac:02010b41cdec/antenna/tag/e28068940000500386620d4f, 85
1652706240.37446, sdrt-health/mac:02010b41cdec/antenna/tag/e2806894000040038662114f, 85
1652706240.432751, sdrt-health/mac:02010b41cdec/antenna/tag/e28068940000400386621d4f, 96
1652706240.492538, sdrt-health/mac:02010b41cdec/antenna/tag/e28068940000500386620d4f, 87
1652706240.492992, sdrt-health/mac:02010b41cdec/antenna/tag/e2806894000050038662154f, 83
1652706240.509553, sdrt-health/mac:02010b41cdec/antenna/tag/e28068940000400386621d4f, 96
1652706240.55569, sdrt-health/mac:02010b41cdec/antenna/tag/e2806894000040038662114f, 85
1652706240.606514, sdrt-health/mac:02010b41cdec/antenna/tag/e2806894000050038662154f, 87
1652706240.646139, sdrt-health/mac:02010b41cdec/antenna/tag/e28068940000500386620d4f, 87
1652706240.677026, sdrt-health/mac:02010b41cdec/antenna/tag/e2806894000050038661fd4f, 90
1652706240.677353, sdrt-health/mac:02010b41cdec/antenna/tag/e2806894000050038662194f, 83
1652706240.702595, sdrt-health/mac:02010b41cdec/antenna/tag/e2806894000050038662154f, 93
1652706240.749733, sdrt-health/mac:02010b41cdec/antenna/tag/e2806894000050038662194f, 93
1652706240.805655, sdrt-health/mac:02010b41cdec/antenna/tag/e2806894000050038661fd4f, 86
1652706240.854019, sdrt-health/mac:02010b41cdec/antenna/tag/e2806894000040038662114f, 88
1652706240.88303, sdrt-health/mac:02010b41cdec/antenna/tag/e2806894000050038661fd4f, 86
1652706240.883249, sdrt-health/mac:02010b41cdec/antenna/tag/e28068940000500386620d4f, 93
1652706240.917211, sdrt-health/mac:02010b41cdec/antenna/tag/e2806894000040038662114f, 88
1652706240.964061, sdrt-health/mac:02010b41cdec/antenna/tag/e28068940000500386620d4f, 87
1652706241.028502, sdrt-health/mac:02010b41cdec/antenna/tag/e2806894000050038662154f, 85
1652706241.029088, sdrt-health/mac:02010b41cdec/antenna/tag/e2806894000050038661fd4f, 86
1652706241.044668, sdrt-health/mac:02010b41cdec/antenna/tag/e2806894000050038661fd4f, 86
1652706241.069663, sdrt-health/mac:02010b41cdec/antenna/tag/e2806894000050038661fd4f, 90
1652706241.114893, sdrt-health/mac:02010b41cdec/antenna/tag/e2806894000050038661fd4f, 90
1652706241.144464, sdrt-health/mac:02010b41cdec/antenna/tag/e2806894000040038662114f, 88
1652706241.144733, sdrt-health/mac:02010b41cdec/antenna/tag/e2806894000050038662154f, 85
1652706241.161364, sdrt-health/mac:02010b41cdec/antenna/tag/e28068940000400386621d4f, 96
1652706241.205332, sdrt-health/mac:02010b41cdec/antenna/tag/e2806894000050038662194f, 83
1652706241.254715, sdrt-health/mac:02010b41cdec/antenna/tag/e28068940000400386621d4f, 96
1652706241.293084, sdrt-health/mac:02010b41cdec/antenna/tag/e2806894000040038662114f, 85
1652706241.334155, sdrt-health/mac:02010b41cdec/antenna/tag/e2806894000040038662114f, 88
1652706241.512445, sdrt-health/mac:02010b41cdec/antenna/tag/e2806894000050038662194f, 83
1652706241.51299, sdrt-health/mac:02010b41cdec/antenna/tag/e2806894000040038662114f, 88
1652706241.535525, sdrt-health/mac:02010b41cdec/antenna/tag/e2806894000050038661fd4f, 86
1652706241.576187, sdrt-health/mac:02010b41cdec/antenna/tag/e2806894000050038662154f, 93
1652706241.614967, sdrt-health/mac:02010b41cdec/antenna/tag/e2806894000040038662114f, 85
1652706241.646801, sdrt-health/mac:02010b41cdec/antenna/tag/e2806894000050038661fd4f, 83
1652706241.647143, sdrt-health/mac:02010b41cdec/antenna/tag/e28068940000500386620d4f, 93
1652706241.664679, sdrt-health/mac:02010b41cdec/antenna/tag/e2806894000040038662114f, 87
1652706241.693225, sdrt-health/mac:02010b41cdec/antenna/tag/e2806894000050038662194f, 81
1652706241.730084, sdrt-health/mac:02010b41cdec/antenna/tag/e28068940000400386621d4f, 96
1652706241.730528, sdrt-health/mac:02010b41cdec/antenna/tag/e2806894000050038662154f, 83
1652706241.748971, sdrt-health/mac:02010b41cdec/antenna/tag/e28068940000500386620d4f, 87
1652706241.749323, sdrt-health/mac:02010b41cdec/antenna/tag/e2806894000050038662154f, 83
1652706241.816331, sdrt-health/mac:02010b41cdec/antenna/tag/e28068940000400386621d4f, 96
1652706241.871848, sdrt-health/mac:02010b41cdec/antenna/tag/e2806894000050038662154f, 85
1652706241.965221, sdrt-health/mac:02010b41cdec/antenna/tag/e2806894000040038662114f, 88
1652706242.038991, sdrt-health/mac:02010b41cdec/antenna/tag/e2806894000040038662114f, 88
1652706242.100434, sdrt-health/mac:02010b41cdec/antenna/tag/e2806894000050038662154f, 85
1652706242.10096, sdrt-health/mac:02010b41cdec/antenna/tag/e2806894000050038662154f, 85
1652706242.117215, sdrt-health/mac:02010b41cdec/antenna/tag/e2806894000040038662114f, 93
1652706242.134344, sdrt-health/mac:02010b41cdec/antenna/tag/e2806894000050038661fd4f, 86
1652706242.190408, sdrt-health/mac:02010b41cdec/antenna/tag/e28068940000400386621d4f, 96
1652706242.190869, sdrt-health/mac:02010b41cdec/antenna/tag/e2806894000050038662154f, 85
1652706242.206462, sdrt-health/mac:02010b41cdec/antenna/tag/e2806894000050038662194f, 87
1652706242.216302, sdrt-health/mac:02010b41cdec/antenna/tag/e2806894000040038662114f, 87
1652706242.270622, sdrt-health/mac:02010b41cdec/antenna/tag/e28068940000500386620d4f, 93
1652706242.329062, sdrt-health/mac:02010b41cdec/antenna/tag/e2806894000050038661fd4f, 86
1652706242.329561, sdrt-health/mac:02010b41cdec/antenna/tag/e2806894000050038661fd4f, 86
1652706242.345164, sdrt-health/mac:02010b41cdec/antenna/tag/e2806894000040038662114f, 85
1652706242.357905, sdrt-health/mac:02010b41cdec/antenna/tag/e2806894000050038662194f, 88
1652706242.404385, sdrt-health/mac:02010b41cdec/antenna/tag/e2806894000050038661fd4f, 83
1652706242.471933, sdrt-health/mac:02010b41cdec/antenna/tag/e2806894000050038662154f, 87
1652706242.472181, sdrt-health/mac:02010b41cdec/antenna/tag/e28068940000400386621d4f, 96
1652706242.509597, sdrt-health/mac:02010b41cdec/antenna/tag/e2806894000050038662154f, 88
1652706242.540487, sdrt-health/mac:02010b41cdec/antenna/tag/e28068940000400386621d4f, 96
1652706242.540812, sdrt-health/mac:02010b41cdec/antenna/tag/e28068940000500386620d4f, 93
1652706242.575103, sdrt-health/mac:02010b41cdec/antenna/tag/e28068940000400386621d4f, 96
1652706242.624375, sdrt-health/mac:02010b41cdec/antenna/tag/e2806894000050038662154f, 85
1652706242.669408, sdrt-health/mac:02010b41cdec/antenna/tag/e2806894000050038662154f, 85
1652706242.704891, sdrt-health/mac:02010b41cdec/antenna/tag/e28068940000400386621d4f, 96
1652706242.705264, sdrt-health/mac:02010b41cdec/antenna/tag/e2806894000050038662194f, 94
1652706242.7211, sdrt-health/mac:02010b41cdec/antenna/tag/e2806894000040038662114f, 88
1652706242.7587, sdrt-health/mac:02010b41cdec/antenna/tag/e28068940000400386621d4f, 90
1652706242.804977, sdrt-health/mac:02010b41cdec/antenna/tag/e2806894000040038662114f, 85
1652706242.872631, sdrt-health/mac:02010b41cdec/antenna/tag/e28068940000500386620d4f, 93
1652706242.872931, sdrt-health/mac:02010b41cdec/antenna/tag/e2806894000050038662154f, 85
1652706242.908826, sdrt-health/mac:02010b41cdec/antenna/tag/e28068940000500386620d4f, 93
1652706242.973303, sdrt-health/mac:02010b41cdec/antenna/tag/e28068940000400386621d4f, 90
1652706242.973774, sdrt-health/mac:02010b41cdec/antenna/tag/e2806894000050038662154f, 93
1652706242.988815, sdrt-health/mac:02010b41cdec/antenna/tag/e2806894000040038662114f, 85
1652706242.997976, sdrt-health/mac:02010b41cdec/antenna/tag/e2806894000050038662154f, 88
1652706243.005193, sdrt-health/mac:02010b41cdec/antenna/tag/e28068940000500386620d4f, 93
1652706243.045531, sdrt-health/mac:02010b41cdec/antenna/tag/e28068940000400386621d4f, 90
1652706243.216979, sdrt-health/mac:02010b41cdec/antenna/tag/scan, scan stopped
