1652705653.899025, sdrt-health/mac:02010b41cdec/antenna/power/set, {"power": 300}
1652705654.967927, sdrt-health/mac:02010b41cdec/antenna/power/set, 
1652705658.920086, sdrt-health/mac:02010b41cdec/antenna/tag/scan, {"time": 20000}
1652705659.376629, sdrt-health/mac:02010b41cdec/antenna/tag/e2806894000050038661fd4f, 90
1652705659.424993, sdrt-health/mac:02010b41cdec/antenna/tag/e2806894000040038662114f, 85
1652705659.454801, sdrt-health/mac:02010b41cdec/antenna/tag/e28068940000400386621d4f, 90
1652705659.455083, sdrt-health/mac:02010b41cdec/antenna/tag/e28068940000400386621d4f, 96
1652705659.47196, sdrt-health/mac:02010b41cdec/antenna/tag/e2806894000040038662054f, 88
1652705659.5016, sdrt-health/mac:02010b41cdec/antenna/tag/e2806894000050038662194f, 88
1652705659.501857, sdrt-health/mac:02010b41cdec/antenna/tag/e2806894000050038661fd4f, 86
1652705659.515067, sdrt-health/mac:02010b41cdec/antenna/tag/e2806894000040038662114f, 88
1652705659.560225, sdrt-health/mac:02010b41cdec/antenna/tag/e28068940000400386621d4f, 90
1652705659.605623, sdrt-health/mac:02010b41cdec/antenna/tag/e2806894000040038661f94f, 88
1652705659.663703, sdrt-health/mac:02010b41cdec/antenna/tag/e2806894000040038662114f, 85
1652705659.692087, sdrt-health/mac:02010b41cdec/antenna/tag/e2806894000050038662194f, 83
1652705659.692502, sdrt-health/mac:02010b41cdec/antenna/tag/e2806894000050038661fd4f, 83
1652705659.710152, sdrt-health/mac:02010b41cdec/antenna/tag/e2806894000050038662194f, 81
1652705659.755828, sdrt-health/mac:02010b41cdec/antenna/tag/e2806894000040038662114f, 85
1652705659.799583, sdrt-health/mac:02010b41cdec/antenna/tag/e2806894000050038661fd4f, 83
1652705659.860067, sdrt-health/mac:02010b41cdec/antenna/tag/e28068940000400386621d4f, 77
1652705659.860594, sdrt-health/mac:02010b41cdec/antenna/tag/e2806894000050038661fd4f, 86
1652705659.874225, sdrt-health/mac:02010b41cdec/antenna/tag/e2806894000040038662114f, 88
1652705659.895482, sdrt-health/mac:02010b41cdec/antenna/tag/e28068940000500386620d4f, 85
1652705659.950706, sdrt-health/mac:02010b41cdec/antenna/tag/e28068940000500386620d4f, 88
1652705659.995917, sdrt-health/mac:02010b41cdec/antenna/tag/e2806894000050038662194f, 94
1652705660.038692, sdrt-health/mac:02010b41cdec/antenna/tag/e28068940000500386620d4f, 85
1652705660.085911, sdrt-health/mac:02010b41cdec/antenna/tag/e2806894000050038661fd4f, 86
1652705660.136678, sdrt-health/mac:02010b41cdec/antenna/tag/e2806894000050038661fd4f, 86
1652705660.164749, sdrt-health/mac:02010b41cdec/antenna/tag/e2806894000050038662154f, 85
1652705660.165287, sdrt-health/mac:02010b41cdec/antenna/tag/e28068940000400386621d4f, 96
1652705660.178145, sdrt-health/mac:02010b41cdec/antenna/tag/e2806894000040038662114f, 91
1652705660.24546, sdrt-health/mac:02010b41cdec/antenna/tag/e2806894000050038661fd4f, 86
1652705660.29641, sdrt-health/mac:02010b41cdec/antenna/tag/e28068940000400386621d4f, 77
1652705660.336027, sdrt-health/mac:02010b41cdec/antenna/tag/e2806894000050038661fd4f, 86
1652705660.394918, sdrt-health/mac:02010b41cdec/antenna/tag/e2806894000040038662114f, 88
1652705660.438216, sdrt-health/mac:02010b41cdec/antenna/tag/e2806894000050038662194f, 88
1652705660.485117, sdrt-health/mac:02010b41cdec/antenna/tag/e2806894000050038661fd4f, 90
1652705660.5352, sdrt-health/mac:02010b41cdec/antenna/tag/e2806894000050038661fd4f, 86
1652705660.592188, sdrt-health/mac:02010b41cdec/antenna/tag/e28068940000500386620d4f, 85
1652705660.592648, sdrt-health/mac:02010b41cdec/antenna/tag/e2806894000050038661fd4f, 90
1652705660.614333, sdrt-health/mac:02010b41cdec/antenna/tag/e2806894000040038662054f, 94
1652705660.655477, sdrt-health/mac:02010b41cdec/antenna/tag/e2806894000050038661fd4f, 86
1652705660.695742, sdrt-health/mac:02010b41cdec/antenna/tag/e2806894000040038662054f, 84
1652705660.766591, sdrt-health/mac:02010b41cdec/antenna/tag/e2806894000050038662154f, 93
1652705660.767128, sdrt-health/mac:02010b41cdec/antenna/tag/e28068940000400386621d4f, 96
1652705660.803719, sdrt-health/mac:02010b41cdec/antenna/tag/e28068940000400386621d4f, 77
1652705660.831583, sdrt-health/mac:02010b41cdec/antenna/tag/e28068940000500386620d4f, 88
1652705660.831916, sdrt-health/mac:02010b41cdec/antenna/tag/e2806894000050038661fd4f, 90
1652705660.832156, sdrt-health/mac:02010b41cdec/antenna/tag/e2806894000040038662114f, 91
1652705660.855723, sdrt-health/mac:02010b41cdec/antenna/tag/e28068940000400386621d4f, 96
1652705660.90932, sdrt-health/mac:02010b41cdec/antenna/tag/e2806894000050038661fd4f, 86
1652705660.909691, sdrt-health/mac:02010b41cdec/antenna/tag/e2806894000050038662194f, 82
1652705660.923282, sdrt-health/mac:02010b41cdec/antenna/tag/e2806894000040038661f94f, 88
1652705660.945375, sdrt-health/mac:02010b41cdec/antenna/tag/e2806894000050038661fd4f, 83
1652705660.991066, sdrt-health/mac:02010b41cdec/antenna/tag/e2806894000050038662194f, 94
1652705661.036238, sdrt-health/mac:02010b41cdec/antenna/tag/e28068940000500386620d4f, 83
1652705661.036709, sdrt-health/mac:02010b41cdec/antenna/tag/e2806894000040038662054f, 84
1652705661.07834, sdrt-health/mac:02010b41cdec/antenna/tag/e2806894000050038661fd4f, 86
1652705661.139463, sdrt-health/mac:02010b41cdec/antenna/tag/e2806894000040038662054f, 94
1652705661.139851, sdrt-health/mac:02010b41cdec/antenna/tag/e2806894000050038662154f, 87
1652705661.157905, sdrt-health/mac:02010b41cdec/antenna/tag/e2806894000040038662114f, 88
1652705661.175017, sdrt-health/mac:02010b41cdec/antenna/tag/e2806894000050038662154f, 83
1652705661.216492, sdrt-health/mac:02010b41cdec/antenna/tag/e2806894000050038661fd4f, 86
1652705661.286382, sdrt-health/mac:02010b41cdec/antenna/tag/e2806894000050038662194f, 87
1652705661.334316, sdrt-health/mac:02010b41cdec/antenna/tag/e2806894000050038662194f, 81
1652705661.37517, sdrt-health/mac:02010b41cdec/antenna/tag/e2806894000050038662194f, 83
1652705661.41649, sdrt-health/mac:02010b41cdec/antenna/tag/e2806894000050038661fd4f, 86
1652705661.486549, sdrt-health/mac:02010b41cdec/antenna/tag/e2806894000050038661fd4f, 86
1652705661.4871, sdrt-health/mac:02010b41cdec/antenna/tag/e28068940000500386620d4f, 93
1652705661.502537, sdrt-health/mac:02010b41cdec/antenna/tag/e2806894000050038662194f, 94
1652705661.514374, sdrt-health/mac:02010b41cdec/antenna/tag/e28068940000400386621d4f, 80
1652705661.586542, sdrt-health/mac:02010b41cdec/antenna/tag/e28068940000400386621d4f, 90
1652705661.645826, sdrt-health/mac:02010b41cdec/antenna/tag/e2806894000050038662154f, 85
1652705661.646318, sdrt-health/mac:02010b41cdec/antenna/tag/e2806894000040038662114f, 88
1652705661.646727, sdrt-health/mac:02010b41cdec/antenna/tag/e2806894000040038662114f, 88
1652705661.660413, sdrt-health/mac:02010b41cdec/antenna/tag/e2806894000050038662154f, 88
1652705661.675318, sdrt-health/mac:02010b41cdec/antenna/tag/e28068940000500386620d4f, 85
1652705661.724275, sdrt-health/mac:02010b41cdec/antenna/tag/e2806894000050038662154f, 85
1652705661.766415, sdrt-health/mac:02010b41cdec/antenna/tag/e28068940000400386621d4f, 90
1652705661.795051, sdrt-health/mac:02010b41cdec/antenna/tag/e2806894000050038662154f, 93
1652705661.795491, sdrt-health/mac:02010b41cdec/antenna/tag/e28068940000500386620d4f, 85
1652705661.814063, sdrt-health/mac:02010b41cdec/antenna/tag/e28068940000400386621d4f, 77
1652705661.854792, sdrt-health/mac:02010b41cdec/antenna/tag/e2806894000050038662194f, 83
1652705661.895169, sdrt-health/mac:02010b41cdec/antenna/tag/e28068940000500386620d4f, 87
1652705662.086748, sdrt-health/mac:02010b41cdec/antenna/tag/e28068940000400386621d4f, 90
1652705662.145474, sdrt-health/mac:02010b41cdec/antenna/tag/e2806894000050038661fd4f, 86
1652705662.174735, sdrt-health/mac:02010b41cdec/antenna/tag/e2806894000040038662054f, 88
1652705662.175454, sdrt-health/mac:02010b41cdec/antenna/tag/e2806894000050038662194f, 83
1652705662.175974, sdrt-health/mac:02010b41cdec/antenna/tag/e28068940000500386620d4f, 85
1652705662.198527, sdrt-health/mac:02010b41cdec/antenna/tag/e2806894000040038662054f, 94
1652705662.261222, sdrt-health/mac:02010b41cdec/antenna/tag/e2806894000050038662154f, 87
1652705662.261671, sdrt-health/mac:02010b41cdec/antenna/tag/e2806894000050038661fd4f, 86
1652705662.275733, sdrt-health/mac:02010b41cdec/antenna/tag/e2806894000050038662194f, 83
1652705662.303277, sdrt-health/mac:02010b41cdec/antenna/tag/e2806894000040038661f94f, 88
1652705662.374044, sdrt-health/mac:02010b41cdec/antenna/tag/e2806894000040038662054f, 84
1652705662.374546, sdrt-health/mac:02010b41cdec/antenna/tag/e2806894000040038662114f, 91
1652705662.388373, sdrt-health/mac:02010b41cdec/antenna/tag/e2806894000040038661f94f, 84
1652705662.427786, sdrt-health/mac:02010b41cdec/antenna/tag/e2806894000050038662154f, 87
1652705662.428054, sdrt-health/mac:02010b41cdec/antenna/tag/e2806894000040038662114f, 88
1652705662.455949, sdrt-health/mac:02010b41cdec/antenna/tag/e2806894000040038662054f, 94
1652705662.495951, sdrt-health/mac:02010b41cdec/antenna/tag/e2806894000050038662154f, 81
1652705662.53599, sdrt-health/mac:02010b41cdec/antenna/tag/e2806894000050038661fd4f, 83
1652705662.591423, sdrt-health/mac:02010b41cdec/antenna/tag/e28068940000400386621d4f, 96
1652705662.59275, sdrt-health/mac:02010b41cdec/antenna/tag/e28068940000500386620d4f, 93
1652705662.635602, sdrt-health/mac:02010b41cdec/antenna/tag/e28068940000500386620d4f, 85
1652705662.691312, sdrt-health/mac:02010b41cdec/antenna/tag/e2806894000050038661fd4f, 86
1652705662.691818, sdrt-health/mac:02010b41cdec/antenna/tag/e2806894000050038662154f, 93
1652705662.736085, sdrt-health/mac:02010b41cdec/antenna/tag/e2806894000050038662154f, 87
1652705662.792235, sdrt-health/mac:02010b41cdec/antenna/tag/e2806894000050038661fd4f, 86
1652705662.792804, sdrt-health/mac:02010b41cdec/antenna/tag/e2806894000050038662194f, 83
1652705662.807478, sdrt-health/mac:02010b41cdec/antenna/tag/e2806894000040038662054f, 84
1652705662.807919, sdrt-health/mac:02010b41cdec/antenna/tag/e28068940000400386621d4f, 96
1652705662.831474, sdrt-health/mac:02010b41cdec/antenna/tag/e2806894000040038662054f, 84
1652705662.875678, sdrt-health/mac:02010b41cdec/antenna/tag/e2806894000050038662194f, 88
1652705662.941488, sdrt-health/mac:02010b41cdec/antenna/tag/e28068940000500386620d4f, 85
1652705662.942008, sdrt-health/mac:02010b41cdec/antenna/tag/e28068940000400386621d4f, 96
1652705662.954446, sdrt-health/mac:02010b41cdec/antenna/tag/e2806894000050038661fd4f, 86
1652705662.992024, sdrt-health/mac:02010b41cdec/antenna/tag/e2806894000040038662114f, 88
1652705663.020827, sdrt-health/mac:02010b41cdec/antenna/tag/e28068940000400386621d4f, 90
1652705663.021116, sdrt-health/mac:02010b41cdec/antenna/tag/e28068940000500386620d4f, 85
1652705663.034805, sdrt-health/mac:02010b41cdec/antenna/tag/e2806894000040038662114f, 91
1652705663.102973, sdrt-health/mac:02010b41cdec/antenna/tag/e2806894000040038662114f, 88
1652705663.19916, sdrt-health/mac:02010b41cdec/antenna/tag/e2806894000050038662154f, 93
1652705663.199619, sdrt-health/mac:02010b41cdec/antenna/tag/e2806894000040038662114f, 88
1652705663.215779, sdrt-health/mac:02010b41cdec/antenna/tag/e28068940000500386620d4f, 85
1652705663.216291, sdrt-health/mac:02010b41cdec/antenna/tag/e28068940000400386621d4f, 96
1652705663.216727, sdrt-health/mac:02010b41cdec/antenna/tag/e2806894000040038662114f, 91
1652705663.217128, sdrt-health/mac:02010b41cdec/antenna/tag/e2806894000050038661fd4f, 90
1652705663.229776, sdrt-health/mac:02010b41cdec/antenna/tag/e2806894000050038661fd4f, 90
1652705663.275259, sdrt-health/mac:02010b41cdec/antenna/tag/e2806894000050038661fd4f, 86
1652705663.30337, sdrt-health/mac:02010b41cdec/antenna/tag/e28068940000400386621d4f, 90
1652705663.303568, sdrt-health/mac:02010b41cdec/antenna/tag/e28068940000500386620d4f, 85
1652705663.303703, sdrt-health/mac:02010b41cdec/antenna/tag/e2806894000050038662154f, 85
1652705663.318358, sdrt-health/mac:02010b41cdec/antenna/tag/e2806894000040038662114f, 88
1652705663.376588, sdrt-health/mac:02010b41cdec/antenna/tag/e2806894000050038661fd4f, 86
1652705663.432354, sdrt-health/mac:02010b41cdec/antenna/tag/e2806894000050038661fd4f, 86
1652705663.432836, sdrt-health/mac:02010b41cdec/antenna/tag/e28068940000400386621d4f, 77
1652705663.446283, sdrt-health/mac:02010b41cdec/antenna/tag/e2806894000050038662194f, 81
1652705663.484318, sdrt-health/mac:02010b41cdec/antenna/tag/e2806894000050038661fd4f, 83
1652705663.484671, sdrt-health/mac:02010b41cdec/antenna/tag/e28068940000400386621d4f, 77
1652705663.516059, sdrt-health/mac:02010b41cdec/antenna/tag/e28068940000500386620d4f, 85
1652705663.559531, sdrt-health/mac:02010b41cdec/antenna/tag/e2806894000050038662194f, 88
1652705663.605891, sdrt-health/mac:02010b41cdec/antenna/tag/e28068940000400386621d4f, 96
1652705663.655842, sdrt-health/mac:02010b41cdec/antenna/tag/e2806894000050038662194f, 83
1652705663.725013, sdrt-health/mac:02010b41cdec/antenna/tag/e2806894000050038662154f, 93
1652705663.72556, sdrt-health/mac:02010b41cdec/antenna/tag/e28068940000400386621d4f, 96
1652705663.738639, sdrt-health/mac:02010b41cdec/antenna/tag/e2806894000050038662194f, 83
1652705663.756464, sdrt-health/mac:02010b41cdec/antenna/tag/e28068940000400386621d4f, 90
1652705663.798594, sdrt-health/mac:02010b41cdec/antenna/tag/e2806894000040038662114f, 88
1652705663.845847, sdrt-health/mac:02010b41cdec/antenna/tag/e2806894000050038661fd4f, 86
1652705663.89724, sdrt-health/mac:02010b41cdec/antenna/tag/e2806894000050038662154f, 88
1652705663.94987, sdrt-health/mac:02010b41cdec/antenna/tag/e28068940000400386621d4f, 90
1652705664.009389, sdrt-health/mac:02010b41cdec/antenna/tag/e28068940000500386620d4f, 93
1652705664.009965, sdrt-health/mac:02010b41cdec/antenna/tag/e2806894000040038662114f, 88
1652705664.024543, sdrt-health/mac:02010b41cdec/antenna/tag/e2806894000050038662154f, 85
1652705664.0252, sdrt-health/mac:02010b41cdec/antenna/tag/e2806894000040038661f94f, 88
1652705664.039413, sdrt-health/mac:02010b41cdec/antenna/tag/e2806894000040038662114f, 88
1652705664.093158, sdrt-health/mac:02010b41cdec/antenna/tag/e2806894000050038662194f, 81
1652705664.162316, sdrt-health/mac:02010b41cdec/antenna/tag/e2806894000050038662194f, 84
1652705664.162869, sdrt-health/mac:02010b41cdec/antenna/tag/e28068940000400386621d4f, 90
1652705664.190379, sdrt-health/mac:02010b41cdec/antenna/tag/e28068940000500386620d4f, 85
1652705664.245769, sdrt-health/mac:02010b41cdec/antenna/tag/e2806894000050038661fd4f, 86
1652705664.314934, sdrt-health/mac:02010b41cdec/antenna/tag/e28068940000500386620d4f, 85
1652705664.358756, sdrt-health/mac:02010b41cdec/antenna/tag/e2806894000050038662154f, 85
1652705664.359271, sdrt-health/mac:02010b41cdec/antenna/tag/e2806894000040038662114f, 85
1652705664.405729, sdrt-health/mac:02010b41cdec/antenna/tag/e28068940000400386621d4f, 96
1652705664.469026, sdrt-health/mac:02010b41cdec/antenna/tag/e2806894000050038661fd4f, 86
1652705664.469519, sdrt-health/mac:02010b41cdec/antenna/tag/e28068940000400386621d4f, 90
1652705664.483178, sdrt-health/mac:02010b41cdec/antenna/tag/e28068940000400386621d4f, 90
1652705664.48351, sdrt-health/mac:02010b41cdec/antenna/tag/e2806894000050038661fd4f, 86
1652705664.483793, sdrt-health/mac:02010b41cdec/antenna/tag/e2806894000050038662154f, 88
1652705664.546144, sdrt-health/mac:02010b41cdec/antenna/tag/e2806894000040038662054f, 82
1652705664.613797, sdrt-health/mac:02010b41cdec/antenna/tag/e2806894000040038662114f, 91
1652705664.614285, sdrt-health/mac:02010b41cdec/antenna/tag/e2806894000050038662154f, 93
1652705664.628374, sdrt-health/mac:02010b41cdec/antenna/tag/e28068940000500386620d4f, 85
1652705664.644232, sdrt-health/mac:02010b41cdec/antenna/tag/e2806894000050038662154f, 85
1652705664.715858, sdrt-health/mac:02010b41cdec/antenna/tag/e2806894000050038662194f, 87
1652705664.758289, sdrt-health/mac:02010b41cdec/antenna/tag/e2806894000050038661fd4f, 90
1652705664.805339, sdrt-health/mac:02010b41cdec/antenna/tag/e2806894000040038661f94f, 84
1652705664.870355, sdrt-health/mac:02010b41cdec/antenna/tag/e2806894000040038662214f, 94
1652705664.870817, sdrt-health/mac:02010b41cdec/antenna/tag/e28068940000400386621d4f, 77
1652705664.885013, sdrt-health/mac:02010b41cdec/antenna/tag/e2806894000040038662054f, 84
1652705664.895394, sdrt-health/mac:02010b41cdec/antenna/tag/e28068940000500386620d4f, 85
1652705664.899699, sdrt-health/mac:02010b41cdec/antenna/tag/e28068940000400386621d4f, 77
1652705664.945491, sdrt-health/mac:02010b41cdec/antenna/tag/e28068940000400386621d4f, 96
1652705664.99931, sdrt-health/mac:02010b41cdec/antenna/tag/e2806894000050038662194f, 83
1652705665.062316, sdrt-health/mac:02010b41cdec/antenna/tag/e2806894000050038661fd4f, 90
1652705665.062803, sdrt-health/mac:02010b41cdec/antenna/tag/e28068940000400386621d4f, 96
1652705665.095114, sdrt-health/mac:02010b41cdec/antenna/tag/e28068940000400386621d4f, 96
1652705665.151611, sdrt-health/mac:02010b41cdec/antenna/tag/e2806894000050038662154f, 88
1652705665.15206, sdrt-health/mac:02010b41cdec/antenna/tag/e28068940000500386620d4f, 85
1652705665.184768, sdrt-health/mac:02010b41cdec/antenna/tag/e2806894000040038661f94f, 81
1652705665.229938, sdrt-health/mac:02010b41cdec/antenna/tag/e28068940000400386621d4f, 77
1652705665.290994, sdrt-health/mac:02010b41cdec/antenna/tag/e2806894000040038661f94f, 81
1652705665.291695, sdrt-health/mac:02010b41cdec/antenna/tag/e2806894000050038662154f, 93
1652705665.305451, sdrt-health/mac:02010b41cdec/antenna/tag/e2806894000040038662214f, 94
1652705665.355553, sdrt-health/mac:02010b41cdec/antenna/tag/e28068940000400386621d4f, 96
1652705665.399616, sdrt-health/mac:02010b41cdec/antenna/tag/e2806894000040038662114f, 88
1652705665.427381, sdrt-health/mac:02010b41cdec/antenna/tag/e2806894000050038662154f, 88
1652705665.427743, sdrt-health/mac:02010b41cdec/antenna/tag/e28068940000400386621d4f, 96
1652705665.445367, sdrt-health/mac:02010b41cdec/antenna/tag/e2806894000050038661fd4f, 90
1652705665.567455, sdrt-health/mac:02010b41cdec/antenna/tag/e28068940000500386620d4f, 87
1652705665.616149, sdrt-health/mac:02010b41cdec/antenna/tag/e2806894000040038662114f, 91
1652705665.668654, sdrt-health/mac:02010b41cdec/antenna/tag/e2806894000050038661fd4f, 90
1652705665.66917, sdrt-health/mac:02010b41cdec/antenna/tag/e2806894000050038662154f, 88
1652705665.682516, sdrt-health/mac:02010b41cdec/antenna/tag/e2806894000040038662114f, 88
1652705665.695085, sdrt-health/mac:02010b41cdec/antenna/tag/e2806894000050038662194f, 81
1652705665.697129, sdrt-health/mac:02010b41cdec/antenna/tag/e28068940000500386620d4f, 93
1652705665.697596, sdrt-health/mac:02010b41cdec/antenna/tag/e2806894000040038662214f, 103
1652705665.746618, sdrt-health/mac:02010b41cdec/antenna/tag/e2806894000040038662054f, 110
1652705665.791703, sdrt-health/mac:02010b41cdec/antenna/tag/e2806894000050038662154f, 83
1652705665.851005, sdrt-health/mac:02010b41cdec/antenna/tag/e28068940000400386621d4f, 96
1652705665.851534, sdrt-health/mac:02010b41cdec/antenna/tag/e28068940000500386620d4f, 93
1652705665.865017, sdrt-health/mac:02010b41cdec/antenna/tag/e2806894000040038662114f, 88
1652705665.883874, sdrt-health/mac:02010b41cdec/antenna/tag/e2806894000050038662154f, 85
1652705665.94045, sdrt-health/mac:02010b41cdec/antenna/tag/e2806894000040038662114f, 85
1652705665.941134, sdrt-health/mac:02010b41cdec/antenna/tag/e28068940000400386621d4f, 96
1652705665.955541, sdrt-health/mac:02010b41cdec/antenna/tag/e2806894000050038661fd4f, 90
1652705665.975073, sdrt-health/mac:02010b41cdec/antenna/tag/e2806894000040038662114f, 91
1652705666.028528, sdrt-health/mac:02010b41cdec/antenna/tag/e2806894000040038662054f, 84
1652705666.028919, sdrt-health/mac:02010b41cdec/antenna/tag/e28068940000400386621d4f, 90
1652705666.042323, sdrt-health/mac:02010b41cdec/antenna/tag/e2806894000050038662194f, 94
1652705666.055285, sdrt-health/mac:02010b41cdec/antenna/tag/e28068940000500386620d4f, 93
1652705666.145535, sdrt-health/mac:02010b41cdec/antenna/tag/e28068940000400386621d4f, 77
1652705666.190071, sdrt-health/mac:02010b41cdec/antenna/tag/e2806894000050038662194f, 81
1652705666.235295, sdrt-health/mac:02010b41cdec/antenna/tag/e28068940000500386620d4f, 83
1652705666.27849, sdrt-health/mac:02010b41cdec/antenna/tag/e2806894000050038662154f, 87
1652705666.365592, sdrt-health/mac:02010b41cdec/antenna/tag/e2806894000040038662114f, 85
1652705666.366051, sdrt-health/mac:02010b41cdec/antenna/tag/e28068940000400386621d4f, 77
1652705666.396412, sdrt-health/mac:02010b41cdec/antenna/tag/e2806894000050038662154f, 88
1652705666.482611, sdrt-health/mac:02010b41cdec/antenna/tag/e2806894000040038662114f, 85
1652705666.483086, sdrt-health/mac:02010b41cdec/antenna/tag/e28068940000500386620d4f, 87
1652705666.518255, sdrt-health/mac:02010b41cdec/antenna/tag/e2806894000050038662154f, 88
1652705666.646103, sdrt-health/mac:02010b41cdec/antenna/tag/e28068940000400386621d4f, 90
1652705666.696073, sdrt-health/mac:02010b41cdec/antenna/tag/e2806894000050038662194f, 83
1652705666.736337, sdrt-health/mac:02010b41cdec/antenna/tag/e28068940000500386620d4f, 83
1652705666.776473, sdrt-health/mac:02010b41cdec/antenna/tag/e2806894000050038662154f, 83
1652705666.830238, sdrt-health/mac:02010b41cdec/antenna/tag/e28068940000500386620d4f, 81
1652705666.830718, sdrt-health/mac:02010b41cdec/antenna/tag/e2806894000050038661fd4f, 86
1652705666.844481, sdrt-health/mac:02010b41cdec/antenna/tag/e2806894000050038662154f, 87
1652705666.916698, sdrt-health/mac:02010b41cdec/antenna/tag/e28068940000400386621d4f, 96
1652705666.96695, sdrt-health/mac:02010b41cdec/antenna/tag/e2806894000040038662114f, 91
1652705666.995712, sdrt-health/mac:02010b41cdec/antenna/tag/e2806894000050038661fd4f, 90
1652705666.996048, sdrt-health/mac:02010b41cdec/antenna/tag/e28068940000500386620d4f, 93
1652705667.015396, sdrt-health/mac:02010b41cdec/antenna/tag/e28068940000400386621d4f, 96
1652705667.069589, sdrt-health/mac:02010b41cdec/antenna/tag/e2806894000040038662114f, 88
1652705667.136135, sdrt-health/mac:02010b41cdec/antenna/tag/e2806894000050038662154f, 88
1652705667.136377, sdrt-health/mac:02010b41cdec/antenna/tag/e2806894000050038662154f, 88
1652705667.184266, sdrt-health/mac:02010b41cdec/antenna/tag/e2806894000040038662054f, 94
1652705667.245358, sdrt-health/mac:02010b41cdec/antenna/tag/e2806894000040038662114f, 88
1652705667.245894, sdrt-health/mac:02010b41cdec/antenna/tag/e28068940000500386620d4f, 87
1652705667.285052, sdrt-health/mac:02010b41cdec/antenna/tag/e2806894000050038661fd4f, 90
1652705667.349286, sdrt-health/mac:02010b41cdec/antenna/tag/e28068940000400386621d4f, 96
1652705667.349731, sdrt-health/mac:02010b41cdec/antenna/tag/e2806894000050038662154f, 83
1652705667.375013, sdrt-health/mac:02010b41cdec/antenna/tag/e2806894000040038661f94f, 88
1652705667.416088, sdrt-health/mac:02010b41cdec/antenna/tag/e2806894000050038661fd4f, 83
1652705667.455574, sdrt-health/mac:02010b41cdec/antenna/tag/e2806894000040038662054f, 81
1652705667.486223, sdrt-health/mac:02010b41cdec/antenna/tag/e2806894000050038662194f, 82
1652705667.486453, sdrt-health/mac:02010b41cdec/antenna/tag/e2806894000040038662054f, 84
1652705667.525294, sdrt-health/mac:02010b41cdec/antenna/tag/e28068940000400386621d4f, 96
1652705667.574412, sdrt-health/mac:02010b41cdec/antenna/tag/e2806894000050038662194f, 94
1652705667.630749, sdrt-health/mac:02010b41cdec/antenna/tag/e2806894000050038662194f, 94
1652705667.717861, sdrt-health/mac:02010b41cdec/antenna/tag/e2806894000040038662054f, 88
1652705667.76655, sdrt-health/mac:02010b41cdec/antenna/tag/e28068940000400386621d4f, 96
1652705667.815038, sdrt-health/mac:02010b41cdec/antenna/tag/e28068940000500386620d4f, 83
1652705667.87138, sdrt-health/mac:02010b41cdec/antenna/tag/e2806894000050038662154f, 93
1652705667.871868, sdrt-health/mac:02010b41cdec/antenna/tag/e2806894000040038662114f, 91
1652705667.885167, sdrt-health/mac:02010b41cdec/antenna/tag/e2806894000040038662114f, 85
1652705667.894857, sdrt-health/mac:02010b41cdec/antenna/tag/e2806894000050038662194f, 87
1652705667.934636, sdrt-health/mac:02010b41cdec/antenna/tag/e28068940000400386621d4f, 77
1652705667.961736, sdrt-health/mac:02010b41cdec/antenna/tag/e2806894000050038662154f, 93
1652705667.962034, sdrt-health/mac:02010b41cdec/antenna/tag/e2806894000040038662054f, 81
1652705668.047294, sdrt-health/mac:02010b41cdec/antenna/tag/e28068940000400386621d4f, 96
1652705668.110359, sdrt-health/mac:02010b41cdec/antenna/tag/e28068940000500386620d4f, 85
1652705668.13877, sdrt-health/mac:02010b41cdec/antenna/tag/e2806894000040038662114f, 88
1652705668.139325, sdrt-health/mac:02010b41cdec/antenna/tag/e2806894000040038662114f, 88
1652705668.20567, sdrt-health/mac:02010b41cdec/antenna/tag/e28068940000400386621d4f, 96
1652705668.256659, sdrt-health/mac:02010b41cdec/antenna/tag/e28068940000500386620d4f, 85
1652705668.316256, sdrt-health/mac:02010b41cdec/antenna/tag/e2806894000050038661fd4f, 86
1652705668.356697, sdrt-health/mac:02010b41cdec/antenna/tag/e2806894000040038662114f, 85
1652705668.397412, sdrt-health/mac:02010b41cdec/antenna/tag/e2806894000050038661fd4f, 90
1652705668.438512, sdrt-health/mac:02010b41cdec/antenna/tag/e28068940000400386621d4f, 90
1652705668.488664, sdrt-health/mac:02010b41cdec/antenna/tag/e28068940000500386620d4f, 85
1652705668.489114, sdrt-health/mac:02010b41cdec/antenna/tag/e2806894000040038662114f, 88
1652705668.56884, sdrt-health/mac:02010b41cdec/antenna/tag/e28068940000500386620d4f, 85
1652705668.615998, sdrt-health/mac:02010b41cdec/antenna/tag/e2806894000050038662154f, 85
1652705668.64635, sdrt-health/mac:02010b41cdec/antenna/tag/e2806894000050038662194f, 81
1652705668.646694, sdrt-health/mac:02010b41cdec/antenna/tag/e2806894000040038662114f, 91
1652705668.646975, sdrt-health/mac:02010b41cdec/antenna/tag/e2806894000040038662114f, 97
1652705668.679268, sdrt-health/mac:02010b41cdec/antenna/tag/e2806894000050038661fd4f, 86
1652705668.726501, sdrt-health/mac:02010b41cdec/antenna/tag/e2806894000040038662054f, 84
1652705668.755221, sdrt-health/mac:02010b41cdec/antenna/tag/e2806894000050038661fd4f, 86
1652705668.755445, sdrt-health/mac:02010b41cdec/antenna/tag/e2806894000040038662114f, 88
1652705668.775158, sdrt-health/mac:02010b41cdec/antenna/tag/e2806894000050038662154f, 83
1652705668.843651, sdrt-health/mac:02010b41cdec/antenna/tag/e28068940000500386620d4f, 87
1652705668.844124, sdrt-health/mac:02010b41cdec/antenna/tag/e2806894000040038662054f, 83
1652705668.88533, sdrt-health/mac:02010b41cdec/antenna/tag/e2806894000040038662114f, 88
1652705668.935835, sdrt-health/mac:02010b41cdec/antenna/tag/e2806894000040038662054f, 88
1652705668.991386, sdrt-health/mac:02010b41cdec/antenna/tag/e2806894000050038662154f, 83
1652705669.044199, sdrt-health/mac:02010b41cdec/antenna/tag/e28068940000500386620d4f, 87
1652705669.109554, sdrt-health/mac:02010b41cdec/antenna/tag/e2806894000050038662154f, 87
1652705669.110003, sdrt-health/mac:02010b41cdec/antenna/tag/e2806894000040038662114f, 88
1652705669.124508, sdrt-health/mac:02010b41cdec/antenna/tag/e28068940000500386620d4f, 85
1652705669.150057, sdrt-health/mac:02010b41cdec/antenna/tag/e2806894000050038662154f, 88
1652705669.209976, sdrt-health/mac:02010b41cdec/antenna/tag/e28068940000500386620d4f, 85
1652705669.210545, sdrt-health/mac:02010b41cdec/antenna/tag/e2806894000050038661fd4f, 86
1652705669.224246, sdrt-health/mac:02010b41cdec/antenna/tag/e2806894000040038662114f, 85
1652705669.260901, sdrt-health/mac:02010b41cdec/antenna/tag/e2806894000050038661fd4f, 83
1652705669.261814, sdrt-health/mac:02010b41cdec/antenna/tag/e2806894000040038662114f, 88
1652705669.275703, sdrt-health/mac:02010b41cdec/antenna/tag/e2806894000050038662154f, 87
1652705669.285671, sdrt-health/mac:02010b41cdec/antenna/tag/e2806894000040038662114f, 85
1652705669.290243, sdrt-health/mac:02010b41cdec/antenna/tag/e2806894000050038662194f, 81
1652705669.290665, sdrt-health/mac:02010b41cdec/antenna/tag/e2806894000040038662054f, 94
1652705669.290943, sdrt-health/mac:02010b41cdec/antenna/tag/e28068940000500386620d4f, 93
1652705669.291176, sdrt-health/mac:02010b41cdec/antenna/tag/e2806894000050038661fd4f, 86
1652705669.33526, sdrt-health/mac:02010b41cdec/antenna/tag/e2806894000050038662154f, 85
1652705669.375288, sdrt-health/mac:02010b41cdec/antenna/tag/e28068940000400386621d4f, 90
1652705669.446249, sdrt-health/mac:02010b41cdec/antenna/tag/e2806894000040038662114f, 91
1652705669.495096, sdrt-health/mac:02010b41cdec/antenna/tag/e2806894000040038662054f, 94
1652705669.550999, sdrt-health/mac:02010b41cdec/antenna/tag/e2806894000050038662154f, 88
1652705669.551464, sdrt-health/mac:02010b41cdec/antenna/tag/e2806894000040038662054f, 82
1652705669.566, sdrt-health/mac:02010b41cdec/antenna/tag/e2806894000040038662054f, 83
1652705669.585422, sdrt-health/mac:02010b41cdec/antenna/tag/e2806894000050038662194f, 81
1652705669.630196, sdrt-health/mac:02010b41cdec/antenna/tag/e2806894000040038662114f, 85
1652705669.67706, sdrt-health/mac:02010b41cdec/antenna/tag/e2806894000040038662114f, 88
1652705669.706013, sdrt-health/mac:02010b41cdec/antenna/tag/e2806894000050038662194f, 83
1652705669.706275, sdrt-health/mac:02010b41cdec/antenna/tag/e2806894000050038661fd4f, 86
1652705669.720066, sdrt-health/mac:02010b41cdec/antenna/tag/e2806894000050038661fd4f, 83
1652705669.764357, sdrt-health/mac:02010b41cdec/antenna/tag/e28068940000400386621d4f, 96
1652705669.831476, sdrt-health/mac:02010b41cdec/antenna/tag/e28068940000500386620d4f, 85
1652705669.83203, sdrt-health/mac:02010b41cdec/antenna/tag/e28068940000400386621d4f, 96
1652705669.845568, sdrt-health/mac:02010b41cdec/antenna/tag/e28068940000400386621d4f, 96
1652705669.871141, sdrt-health/mac:02010b41cdec/antenna/tag/e28068940000400386621d4f, 96
1652705669.871502, sdrt-health/mac:02010b41cdec/antenna/tag/e2806894000050038662154f, 81
1652705669.915473, sdrt-health/mac:02010b41cdec/antenna/tag/e2806894000050038662194f, 88
1652705669.975412, sdrt-health/mac:02010b41cdec/antenna/tag/e2806894000040038662114f, 85
1652705670.016461, sdrt-health/mac:02010b41cdec/antenna/tag/e2806894000050038662154f, 88
1652705670.016976, sdrt-health/mac:02010b41cdec/antenna/tag/e2806894000050038661fd4f, 90
1652705670.055446, sdrt-health/mac:02010b41cdec/antenna/tag/e2806894000040038662114f, 88
1652705670.055902, sdrt-health/mac:02010b41cdec/antenna/tag/e2806894000050038662194f, 83
1652705670.121592, sdrt-health/mac:02010b41cdec/antenna/tag/e28068940000500386620d4f, 85
1652705670.175971, sdrt-health/mac:02010b41cdec/antenna/tag/e2806894000050038662194f, 81
1652705670.254136, sdrt-health/mac:02010b41cdec/antenna/tag/e2806894000050038662154f, 85
1652705670.296143, sdrt-health/mac:02010b41cdec/antenna/tag/e2806894000050038661fd4f, 86
1652705670.364726, sdrt-health/mac:02010b41cdec/antenna/tag/e2806894000050038661fd4f, 86
1652705670.408121, sdrt-health/mac:02010b41cdec/antenna/tag/e28068940000500386620d4f, 85
1652705670.45596, sdrt-health/mac:02010b41cdec/antenna/tag/e2806894000050038662194f, 84
1652705670.49533, sdrt-health/mac:02010b41cdec/antenna/tag/e28068940000500386620d4f, 93
1652705670.53591, sdrt-health/mac:02010b41cdec/antenna/tag/e28068940000400386621d4f, 96
1652705670.605862, sdrt-health/mac:02010b41cdec/antenna/tag/e2806894000040038662114f, 88
1652705670.606424, sdrt-health/mac:02010b41cdec/antenna/tag/e28068940000400386621d4f, 96
1652705670.606823, sdrt-health/mac:02010b41cdec/antenna/tag/e2806894000050038662154f, 85
1652705670.622693, sdrt-health/mac:02010b41cdec/antenna/tag/e2806894000040038662114f, 88
1652705670.623125, sdrt-health/mac:02010b41cdec/antenna/tag/e28068940000500386620d4f, 85
1652705670.635826, sdrt-health/mac:02010b41cdec/antenna/tag/e28068940000400386621d4f, 96
1652705670.685701, sdrt-health/mac:02010b41cdec/antenna/tag/e2806894000040038662114f, 91
1652705670.739321, sdrt-health/mac:02010b41cdec/antenna/tag/e28068940000400386621d4f, 96
1652705670.739767, sdrt-health/mac:02010b41cdec/antenna/tag/e2806894000050038661fd4f, 86
1652705670.74014, sdrt-health/mac:02010b41cdec/antenna/tag/e2806894000040038662114f, 85
1652705670.775181, sdrt-health/mac:02010b41cdec/antenna/tag/e2806894000050038661fd4f, 83
1652705670.830752, sdrt-health/mac:02010b41cdec/antenna/tag/e2806894000040038662214f, 88
1652705670.889147, sdrt-health/mac:02010b41cdec/antenna/tag/e28068940000500386620d4f, 93
1652705670.889693, sdrt-health/mac:02010b41cdec/antenna/tag/e2806894000040038662214f, 81
1652705670.917999, sdrt-health/mac:02010b41cdec/antenna/tag/e2806894000050038661fd4f, 90
1652705670.945436, sdrt-health/mac:02010b41cdec/antenna/tag/e2806894000040038662114f, 85
1652705670.945743, sdrt-health/mac:02010b41cdec/antenna/tag/e28068940000400386621d4f, 96
1652705670.965613, sdrt-health/mac:02010b41cdec/antenna/tag/e28068940000400386621d4f, 96
1652705671.07029, sdrt-health/mac:02010b41cdec/antenna/tag/e2806894000040038662114f, 88
1652705671.07073, sdrt-health/mac:02010b41cdec/antenna/tag/e2806894000050038662154f, 85
1652705671.105552, sdrt-health/mac:02010b41cdec/antenna/tag/e2806894000040038662114f, 91
1652705671.200289, sdrt-health/mac:02010b41cdec/antenna/tag/e28068940000400386621d4f, 90
1652705671.254772, sdrt-health/mac:02010b41cdec/antenna/tag/e2806894000050038661fd4f, 86
1652705671.255214, sdrt-health/mac:02010b41cdec/antenna/tag/e2806894000050038661fd4f, 86
1652705671.25562, sdrt-health/mac:02010b41cdec/antenna/tag/e2806894000050038662194f, 83
1652705671.286102, sdrt-health/mac:02010b41cdec/antenna/tag/e2806894000050038661fd4f, 86
1652705671.350484, sdrt-health/mac:02010b41cdec/antenna/tag/e2806894000040038662054f, 94
1652705671.350936, sdrt-health/mac:02010b41cdec/antenna/tag/e2806894000050038661fd4f, 83
1652705671.364834, sdrt-health/mac:02010b41cdec/antenna/tag/e28068940000400386621d4f, 77
1652705671.375296, sdrt-health/mac:02010b41cdec/antenna/tag/e2806894000040038662214f, 88
1652705671.379527, sdrt-health/mac:02010b41cdec/antenna/tag/e2806894000040038662114f, 85
1652705671.424766, sdrt-health/mac:02010b41cdec/antenna/tag/e2806894000050038662194f, 83
1652705671.470446, sdrt-health/mac:02010b41cdec/antenna/tag/e2806894000040038662114f, 85
1652705671.532299, sdrt-health/mac:02010b41cdec/antenna/tag/e2806894000050038662194f, 94
1652705671.532802, sdrt-health/mac:02010b41cdec/antenna/tag/e2806894000050038662194f, 94
1652705671.559167, sdrt-health/mac:02010b41cdec/antenna/tag/e2806894000050038662154f, 88
1652705671.605673, sdrt-health/mac:02010b41cdec/antenna/tag/e2806894000050038661fd4f, 86
1652705671.669455, sdrt-health/mac:02010b41cdec/antenna/tag/e2806894000050038662154f, 91
1652705671.67021, sdrt-health/mac:02010b41cdec/antenna/tag/e28068940000500386620d4f, 85
1652705671.696196, sdrt-health/mac:02010b41cdec/antenna/tag/e2806894000040038662054f, 81
1652705671.725707, sdrt-health/mac:02010b41cdec/antenna/tag/e2806894000040038662214f, 82
1652705671.726231, sdrt-health/mac:02010b41cdec/antenna/tag/e2806894000040038661f94f, 88
1652705671.7412, sdrt-health/mac:02010b41cdec/antenna/tag/e2806894000050038662154f, 87
1652705671.790224, sdrt-health/mac:02010b41cdec/antenna/tag/e28068940000500386620d4f, 87
1652705671.851169, sdrt-health/mac:02010b41cdec/antenna/tag/e2806894000040038662114f, 85
1652705671.852294, sdrt-health/mac:02010b41cdec/antenna/tag/e2806894000050038662154f, 88
1652705671.865399, sdrt-health/mac:02010b41cdec/antenna/tag/e28068940000400386621d4f, 96
1652705671.886131, sdrt-health/mac:02010b41cdec/antenna/tag/e2806894000050038662194f, 81
1652705671.939221, sdrt-health/mac:02010b41cdec/antenna/tag/e2806894000050038662154f, 88
1652705671.93964, sdrt-health/mac:02010b41cdec/antenna/tag/e2806894000040038661f94f, 82
1652705671.975685, sdrt-health/mac:02010b41cdec/antenna/tag/e2806894000040038662114f, 85
1652705672.029866, sdrt-health/mac:02010b41cdec/antenna/tag/e2806894000040038662114f, 88
1652705672.030346, sdrt-health/mac:02010b41cdec/antenna/tag/e2806894000050038662194f, 84
1652705672.145516, sdrt-health/mac:02010b41cdec/antenna/tag/e28068940000500386620d4f, 85
1652705672.191438, sdrt-health/mac:02010b41cdec/antenna/tag/e2806894000040038662054f, 84
1652705672.235671, sdrt-health/mac:02010b41cdec/antenna/tag/e2806894000040038661f94f, 82
1652705672.317935, sdrt-health/mac:02010b41cdec/antenna/tag/e2806894000050038661fd4f, 90
1652705672.366622, sdrt-health/mac:02010b41cdec/antenna/tag/e28068940000500386620d4f, 93
1652705672.420137, sdrt-health/mac:02010b41cdec/antenna/tag/e2806894000050038662154f, 85
1652705672.420596, sdrt-health/mac:02010b41cdec/antenna/tag/e28068940000400386621d4f, 90
1652705672.435216, sdrt-health/mac:02010b41cdec/antenna/tag/e2806894000050038661fd4f, 90
1652705672.43542, sdrt-health/mac:02010b41cdec/antenna/tag/e2806894000050038662154f, 88
1652705672.45609, sdrt-health/mac:02010b41cdec/antenna/tag/e2806894000040038662114f, 88
1652705672.495591, sdrt-health/mac:02010b41cdec/antenna/tag/e2806894000050038662194f, 88
1652705672.574506, sdrt-health/mac:02010b41cdec/antenna/tag/e2806894000050038662194f, 94
1652705672.616105, sdrt-health/mac:02010b41cdec/antenna/tag/e2806894000050038662154f, 83
1652705672.669263, sdrt-health/mac:02010b41cdec/antenna/tag/e28068940000400386621d4f, 77
1652705672.669771, sdrt-health/mac:02010b41cdec/antenna/tag/e2806894000050038662154f, 87
1652705672.684749, sdrt-health/mac:02010b41cdec/antenna/tag/e2806894000040038662054f, 81
1652705672.694349, sdrt-health/mac:02010b41cdec/antenna/tag/e2806894000050038662194f, 84
1652705672.736015, sdrt-health/mac:02010b41cdec/antenna/tag/e28068940000400386621d4f, 77
1652705672.80209, sdrt-health/mac:02010b41cdec/antenna/tag/e2806894000040038661f94f, 88
1652705672.802535, sdrt-health/mac:02010b41cdec/antenna/tag/e2806894000050038662154f, 87
1652705672.830464, sdrt-health/mac:02010b41cdec/antenna/tag/e28068940000400386621d4f, 77
1652705672.876255, sdrt-health/mac:02010b41cdec/antenna/tag/e2806894000040038662114f, 85
1652705672.919799, sdrt-health/mac:02010b41cdec/antenna/tag/e28068940000500386620d4f, 93
1652705672.991555, sdrt-health/mac:02010b41cdec/antenna/tag/e2806894000050038661fd4f, 86
1652705672.992056, sdrt-health/mac:02010b41cdec/antenna/tag/e28068940000500386620d4f, 85
1652705673.015392, sdrt-health/mac:02010b41cdec/antenna/tag/e2806894000040038662114f, 88
1652705673.084329, sdrt-health/mac:02010b41cdec/antenna/tag/e28068940000500386620d4f, 85
1652705673.084654, sdrt-health/mac:02010b41cdec/antenna/tag/e28068940000400386621d4f, 96
1652705673.084851, sdrt-health/mac:02010b41cdec/antenna/tag/e28068940000500386620d4f, 93
1652705673.114959, sdrt-health/mac:02010b41cdec/antenna/tag/e2806894000050038662154f, 85
1652705673.180372, sdrt-health/mac:02010b41cdec/antenna/tag/e2806894000050038662194f, 83
1652705673.180832, sdrt-health/mac:02010b41cdec/antenna/tag/e28068940000400386621d4f, 96
1652705673.215103, sdrt-health/mac:02010b41cdec/antenna/tag/e28068940000500386620d4f, 85
1652705673.275797, sdrt-health/mac:02010b41cdec/antenna/tag/e2806894000040038662114f, 85
1652705673.319278, sdrt-health/mac:02010b41cdec/antenna/tag/e2806894000050038662154f, 83
1652705673.364727, sdrt-health/mac:02010b41cdec/antenna/tag/e2806894000050038662154f, 85
1652705673.41606, sdrt-health/mac:02010b41cdec/antenna/tag/e28068940000400386621d4f, 96
1652705673.471782, sdrt-health/mac:02010b41cdec/antenna/tag/e28068940000500386620d4f, 93
1652705673.472093, sdrt-health/mac:02010b41cdec/antenna/tag/e28068940000400386621d4f, 90
1652705673.495097, sdrt-health/mac:02010b41cdec/antenna/tag/e2806894000040038662114f, 88
1652705673.549944, sdrt-health/mac:02010b41cdec/antenna/tag/e28068940000500386620d4f, 88
1652705673.55016, sdrt-health/mac:02010b41cdec/antenna/tag/e28068940000500386620d4f, 93
1652705673.563949, sdrt-health/mac:02010b41cdec/antenna/tag/e2806894000050038661fd4f, 90
1652705673.575678, sdrt-health/mac:02010b41cdec/antenna/tag/e28068940000500386620d4f, 85
1652705673.615919, sdrt-health/mac:02010b41cdec/antenna/tag/e28068940000400386621d4f, 96
1652705673.663556, sdrt-health/mac:02010b41cdec/antenna/tag/e28068940000500386620d4f, 87
1652705673.709649, sdrt-health/mac:02010b41cdec/antenna/tag/e28068940000400386621d4f, 96
1652705673.80629, sdrt-health/mac:02010b41cdec/antenna/tag/e2806894000050038662194f, 81
1652705673.806769, sdrt-health/mac:02010b41cdec/antenna/tag/e2806894000050038662194f, 87
1652705673.835042, sdrt-health/mac:02010b41cdec/antenna/tag/e2806894000040038662114f, 88
1652705673.921576, sdrt-health/mac:02010b41cdec/antenna/tag/e2806894000040038662114f, 93
1652705673.92203, sdrt-health/mac:02010b41cdec/antenna/tag/e2806894000050038661fd4f, 86
1652705673.959158, sdrt-health/mac:02010b41cdec/antenna/tag/e2806894000040038662214f, 81
1652705674.061585, sdrt-health/mac:02010b41cdec/antenna/tag/e28068940000400386621d4f, 77
1652705674.06214, sdrt-health/mac:02010b41cdec/antenna/tag/e2806894000050038662154f, 83
1652705674.085107, sdrt-health/mac:02010b41cdec/antenna/tag/e28068940000400386621d4f, 96
1652705674.135545, sdrt-health/mac:02010b41cdec/antenna/tag/e28068940000400386621d4f, 77
1652705674.1753, sdrt-health/mac:02010b41cdec/antenna/tag/e2806894000040038662114f, 88
1652705674.240094, sdrt-health/mac:02010b41cdec/antenna/tag/e2806894000050038661fd4f, 86
1652705674.241523, sdrt-health/mac:02010b41cdec/antenna/tag/e2806894000050038662154f, 81
1652705674.278134, sdrt-health/mac:02010b41cdec/antenna/tag/e28068940000500386620d4f, 93
1652705674.279191, sdrt-health/mac:02010b41cdec/antenna/tag/e2806894000050038661fd4f, 86
1652705674.325257, sdrt-health/mac:02010b41cdec/antenna/tag/e28068940000400386621d4f, 96
1652705674.37692, sdrt-health/mac:02010b41cdec/antenna/tag/e2806894000040038662114f, 88
1652705674.41554, sdrt-health/mac:02010b41cdec/antenna/tag/e2806894000050038662194f, 83
1652705674.463468, sdrt-health/mac:02010b41cdec/antenna/tag/e28068940000500386620d4f, 87
1652705674.571418, sdrt-health/mac:02010b41cdec/antenna/tag/e28068940000500386620d4f, 87
1652705674.57194, sdrt-health/mac:02010b41cdec/antenna/tag/e2806894000040038662114f, 88
1652705674.624091, sdrt-health/mac:02010b41cdec/antenna/tag/e28068940000400386621d4f, 96
1652705674.671213, sdrt-health/mac:02010b41cdec/antenna/tag/e2806894000050038662194f, 82
1652705674.729203, sdrt-health/mac:02010b41cdec/antenna/tag/e2806894000050038661fd4f, 90
1652705674.729709, sdrt-health/mac:02010b41cdec/antenna/tag/e28068940000500386620d4f, 85
1652705674.796209, sdrt-health/mac:02010b41cdec/antenna/tag/e2806894000050038661fd4f, 86
1652705674.838223, sdrt-health/mac:02010b41cdec/antenna/tag/e2806894000050038662154f, 87
1652705674.89474, sdrt-health/mac:02010b41cdec/antenna/tag/e2806894000050038662194f, 81
1652705674.922325, sdrt-health/mac:02010b41cdec/antenna/tag/e28068940000500386620d4f, 87
1652705674.922846, sdrt-health/mac:02010b41cdec/antenna/tag/e2806894000050038662154f, 83
1652705674.936546, sdrt-health/mac:02010b41cdec/antenna/tag/e2806894000050038661fd4f, 86
1652705674.9368, sdrt-health/mac:02010b41cdec/antenna/tag/e28068940000400386621d4f, 90
1652705674.975092, sdrt-health/mac:02010b41cdec/antenna/tag/e2806894000050038662194f, 82
1652705675.092266, sdrt-health/mac:02010b41cdec/antenna/tag/e2806894000040038662114f, 88
1652705675.092712, sdrt-health/mac:02010b41cdec/antenna/tag/e2806894000050038662154f, 93
1652705675.159279, sdrt-health/mac:02010b41cdec/antenna/tag/e2806894000040038662054f, 84
1652705675.219324, sdrt-health/mac:02010b41cdec/antenna/tag/e28068940000400386621d4f, 90
1652705675.219773, sdrt-health/mac:02010b41cdec/antenna/tag/e2806894000040038661f94f, 88
1652705675.232884, sdrt-health/mac:02010b41cdec/antenna/tag/e2806894000050038662154f, 83
1652705675.255828, sdrt-health/mac:02010b41cdec/antenna/tag/e2806894000050038661fd4f, 86
1652705675.336223, sdrt-health/mac:02010b41cdec/antenna/tag/e2806894000040038662114f, 85
1652705675.33672, sdrt-health/mac:02010b41cdec/antenna/tag/e2806894000050038662194f, 83
1652705675.365916, sdrt-health/mac:02010b41cdec/antenna/tag/e2806894000050038661fd4f, 86
1652705675.449447, sdrt-health/mac:02010b41cdec/antenna/tag/e2806894000050038661fd4f, 83
1652705675.449922, sdrt-health/mac:02010b41cdec/antenna/tag/e2806894000050038662194f, 83
1652705675.486149, sdrt-health/mac:02010b41cdec/antenna/tag/e2806894000050038662194f, 81
1652705675.525815, sdrt-health/mac:02010b41cdec/antenna/tag/e2806894000040038662114f, 85
1652705675.582575, sdrt-health/mac:02010b41cdec/antenna/tag/e28068940000400386621d4f, 77
1652705675.58304, sdrt-health/mac:02010b41cdec/antenna/tag/e2806894000050038661fd4f, 86
1652705675.614908, sdrt-health/mac:02010b41cdec/antenna/tag/e2806894000050038661fd4f, 86
1652705675.669437, sdrt-health/mac:02010b41cdec/antenna/tag/e28068940000500386620d4f, 93
1652705675.669913, sdrt-health/mac:02010b41cdec/antenna/tag/e2806894000050038661fd4f, 90
1652705675.683625, sdrt-health/mac:02010b41cdec/antenna/tag/e2806894000050038662154f, 88
1652705675.709907, sdrt-health/mac:02010b41cdec/antenna/tag/e2806894000040038662114f, 85
1652705675.756583, sdrt-health/mac:02010b41cdec/antenna/tag/e2806894000040038662054f, 82
1652705675.79812, sdrt-health/mac:02010b41cdec/antenna/tag/e2806894000040038662054f, 82
1652705675.798655, sdrt-health/mac:02010b41cdec/antenna/tag/e2806894000050038662194f, 93
1652705675.84612, sdrt-health/mac:02010b41cdec/antenna/tag/e2806894000040038662114f, 85
1652705675.910111, sdrt-health/mac:02010b41cdec/antenna/tag/e2806894000050038661fd4f, 90
1652705675.910613, sdrt-health/mac:02010b41cdec/antenna/tag/e28068940000400386621d4f, 90
1652705675.910969, sdrt-health/mac:02010b41cdec/antenna/tag/e28068940000400386621d4f, 96
1652705675.92423, sdrt-health/mac:02010b41cdec/antenna/tag/e2806894000050038662154f, 88
1652705675.936029, sdrt-health/mac:02010b41cdec/antenna/tag/e2806894000040038662114f, 88
1652705675.985442, sdrt-health/mac:02010b41cdec/antenna/tag/e28068940000500386620d4f, 85
1652705676.09636, sdrt-health/mac:02010b41cdec/antenna/tag/e28068940000500386620d4f, 87
1652705676.155748, sdrt-health/mac:02010b41cdec/antenna/tag/e2806894000040038662114f, 85
1652705676.211911, sdrt-health/mac:02010b41cdec/antenna/tag/e28068940000500386620d4f, 85
1652705676.212395, sdrt-health/mac:02010b41cdec/antenna/tag/e28068940000400386621d4f, 96
1652705676.226456, sdrt-health/mac:02010b41cdec/antenna/tag/e2806894000040038662114f, 85
1652705676.245464, sdrt-health/mac:02010b41cdec/antenna/tag/e2806894000040038662114f, 88
1652705676.274527, sdrt-health/mac:02010b41cdec/antenna/tag/e2806894000040038662114f, 87
1652705676.274972, sdrt-health/mac:02010b41cdec/antenna/tag/e2806894000050038661fd4f, 86
1652705676.297309, sdrt-health/mac:02010b41cdec/antenna/tag/e28068940000500386620d4f, 93
1652705676.325474, sdrt-health/mac:02010b41cdec/antenna/tag/e2806894000050038662154f, 85
1652705676.325842, sdrt-health/mac:02010b41cdec/antenna/tag/e2806894000050038661fd4f, 86
1652705676.36161, sdrt-health/mac:02010b41cdec/antenna/tag/e28068940000400386621d4f, 96
1652705676.40621, sdrt-health/mac:02010b41cdec/antenna/tag/e2806894000040038662054f, 84
1652705676.434345, sdrt-health/mac:02010b41cdec/antenna/tag/e28068940000400386621d4f, 77
1652705676.434569, sdrt-health/mac:02010b41cdec/antenna/tag/e2806894000050038662154f, 83
1652705676.43476, sdrt-health/mac:02010b41cdec/antenna/tag/e2806894000040038662054f, 94
1652705676.456358, sdrt-health/mac:02010b41cdec/antenna/tag/e28068940000400386621d4f, 77
1652705676.495, sdrt-health/mac:02010b41cdec/antenna/tag/e2806894000050038662154f, 88
1652705676.535205, sdrt-health/mac:02010b41cdec/antenna/tag/e28068940000400386621d4f, 96
1652705676.616364, sdrt-health/mac:02010b41cdec/antenna/tag/e2806894000040038662114f, 88
1652705676.655753, sdrt-health/mac:02010b41cdec/antenna/tag/e2806894000050038662154f, 87
1652705676.71051, sdrt-health/mac:02010b41cdec/antenna/tag/e2806894000040038662114f, 91
1652705676.710736, sdrt-health/mac:02010b41cdec/antenna/tag/e2806894000050038662154f, 93
1652705676.724161, sdrt-health/mac:02010b41cdec/antenna/tag/e2806894000050038661fd4f, 90
1652705676.772433, sdrt-health/mac:02010b41cdec/antenna/tag/e2806894000040038662114f, 88
1652705676.772827, sdrt-health/mac:02010b41cdec/antenna/tag/e28068940000400386621d4f, 96
1652705676.804882, sdrt-health/mac:02010b41cdec/antenna/tag/e2806894000050038662154f, 85
1652705676.891197, sdrt-health/mac:02010b41cdec/antenna/tag/e2806894000040038662114f, 88
1652705676.891667, sdrt-health/mac:02010b41cdec/antenna/tag/e2806894000050038662154f, 85
1652705676.918064, sdrt-health/mac:02010b41cdec/antenna/tag/e28068940000500386620d4f, 87
1652705676.971916, sdrt-health/mac:02010b41cdec/antenna/tag/e2806894000050038662154f, 85
1652705676.972408, sdrt-health/mac:02010b41cdec/antenna/tag/e2806894000050038661fd4f, 90
1652705676.998041, sdrt-health/mac:02010b41cdec/antenna/tag/e28068940000500386620d4f, 93
1652705677.035208, sdrt-health/mac:02010b41cdec/antenna/tag/e2806894000050038662194f, 94
1652705677.093085, sdrt-health/mac:02010b41cdec/antenna/tag/e2806894000040038662114f, 88
1652705677.093597, sdrt-health/mac:02010b41cdec/antenna/tag/e28068940000400386621d4f, 96
1652705677.107463, sdrt-health/mac:02010b41cdec/antenna/tag/e2806894000050038662154f, 88
1652705677.134297, sdrt-health/mac:02010b41cdec/antenna/tag/e2806894000040038662114f, 88
1652705677.174799, sdrt-health/mac:02010b41cdec/antenna/tag/e2806894000050038661fd4f, 86
1652705677.228848, sdrt-health/mac:02010b41cdec/antenna/tag/e28068940000400386621d4f, 90
1652705677.230166, sdrt-health/mac:02010b41cdec/antenna/tag/e2806894000050038662154f, 85
1652705677.242712, sdrt-health/mac:02010b41cdec/antenna/tag/e2806894000040038662114f, 88
1652705677.243155, sdrt-health/mac:02010b41cdec/antenna/tag/e2806894000040038662114f, 88
1652705677.254313, sdrt-health/mac:02010b41cdec/antenna/tag/e2806894000040038661f94f, 94
1652705677.295235, sdrt-health/mac:02010b41cdec/antenna/tag/e2806894000040038662114f, 88
1652705677.323579, sdrt-health/mac:02010b41cdec/antenna/tag/e2806894000040038662054f, 81
1652705677.323902, sdrt-health/mac:02010b41cdec/antenna/tag/e2806894000040038662114f, 87
1652705677.398462, sdrt-health/mac:02010b41cdec/antenna/tag/e28068940000400386621d4f, 96
1652705677.479792, sdrt-health/mac:02010b41cdec/antenna/tag/e28068940000400386621d4f, 96
1652705677.575437, sdrt-health/mac:02010b41cdec/antenna/tag/e2806894000050038662154f, 88
1652705677.575876, sdrt-health/mac:02010b41cdec/antenna/tag/e2806894000050038661fd4f, 90
1652705677.576252, sdrt-health/mac:02010b41cdec/antenna/tag/e2806894000050038662194f, 83
1652705677.576579, sdrt-health/mac:02010b41cdec/antenna/tag/e2806894000050038662194f, 83
1652705677.605982, sdrt-health/mac:02010b41cdec/antenna/tag/e2806894000050038662154f, 93
1652705677.66558, sdrt-health/mac:02010b41cdec/antenna/tag/e28068940000400386621d4f, 96
1652705677.716388, sdrt-health/mac:02010b41cdec/antenna/tag/e2806894000050038662194f, 83
1652705677.756258, sdrt-health/mac:02010b41cdec/antenna/tag/e28068940000500386620d4f, 93
1652705677.799312, sdrt-health/mac:02010b41cdec/antenna/tag/e28068940000400386621d4f, 77
1652705677.845953, sdrt-health/mac:02010b41cdec/antenna/tag/e2806894000040038662114f, 93
1652705677.915197, sdrt-health/mac:02010b41cdec/antenna/tag/e2806894000050038662154f, 93
1652705677.915514, sdrt-health/mac:02010b41cdec/antenna/tag/e28068940000500386620d4f, 93
1652705677.92879, sdrt-health/mac:02010b41cdec/antenna/tag/e2806894000040038661f94f, 94
1652705677.934552, sdrt-health/mac:02010b41cdec/antenna/tag/e2806894000050038662154f, 88
1652705677.943255, sdrt-health/mac:02010b41cdec/antenna/tag/e2806894000050038661fd4f, 86
1652705677.975354, sdrt-health/mac:02010b41cdec/antenna/tag/e2806894000050038661fd4f, 86
1652705678.050885, sdrt-health/mac:02010b41cdec/antenna/tag/e2806894000050038662194f, 81
1652705678.051116, sdrt-health/mac:02010b41cdec/antenna/tag/e2806894000050038662194f, 88
1652705678.084731, sdrt-health/mac:02010b41cdec/antenna/tag/e28068940000400386621d4f, 96
1652705678.135816, sdrt-health/mac:02010b41cdec/antenna/tag/e28068940000400386621d4f, 77
1652705678.189812, sdrt-health/mac:02010b41cdec/antenna/tag/e2806894000050038662154f, 85
1652705678.189998, sdrt-health/mac:02010b41cdec/antenna/tag/e2806894000040038662214f, 81
1652705678.204785, sdrt-health/mac:02010b41cdec/antenna/tag/e2806894000040038662114f, 93
1652705678.20499, sdrt-health/mac:02010b41cdec/antenna/tag/e2806894000050038662194f, 81
1652705678.234762, sdrt-health/mac:02010b41cdec/antenna/tag/e28068940000500386620d4f, 87
1652705678.278682, sdrt-health/mac:02010b41cdec/antenna/tag/e2806894000050038662154f, 87
1652705678.333127, sdrt-health/mac:02010b41cdec/antenna/tag/e2806894000050038662154f, 88
1652705678.375306, sdrt-health/mac:02010b41cdec/antenna/tag/e28068940000400386621d4f, 96
1652705678.414328, sdrt-health/mac:02010b41cdec/antenna/tag/e2806894000050038662194f, 94
1652705678.454616, sdrt-health/mac:02010b41cdec/antenna/tag/e2806894000050038662154f, 85
1652705678.50937, sdrt-health/mac:02010b41cdec/antenna/tag/e2806894000050038661fd4f, 90
1652705678.509815, sdrt-health/mac:02010b41cdec/antenna/tag/e2806894000050038662154f, 85
1652705678.52374, sdrt-health/mac:02010b41cdec/antenna/tag/e28068940000400386621d4f, 90
1652705678.547436, sdrt-health/mac:02010b41cdec/antenna/tag/e2806894000050038661fd4f, 90
1652705678.684283, sdrt-health/mac:02010b41cdec/antenna/tag/e2806894000040038662114f, 88
1652705678.684721, sdrt-health/mac:02010b41cdec/antenna/tag/e2806894000050038662154f, 88
1652705678.697543, sdrt-health/mac:02010b41cdec/antenna/tag/e2806894000050038662154f, 88
1652705678.697772, sdrt-health/mac:02010b41cdec/antenna/tag/e28068940000500386620d4f, 93
1652705678.714548, sdrt-health/mac:02010b41cdec/antenna/tag/e2806894000050038662194f, 83
1652705678.742369, sdrt-health/mac:02010b41cdec/antenna/tag/e2806894000040038662054f, 84
1652705678.742562, sdrt-health/mac:02010b41cdec/antenna/tag/e2806894000050038662154f, 81
1652705678.765839, sdrt-health/mac:02010b41cdec/antenna/tag/e2806894000050038661fd4f, 86
1652705678.832162, sdrt-health/mac:02010b41cdec/antenna/tag/e28068940000500386620d4f, 93
1652705678.832656, sdrt-health/mac:02010b41cdec/antenna/tag/e2806894000050038662154f, 88
1652705678.846075, sdrt-health/mac:02010b41cdec/antenna/tag/e2806894000050038662194f, 88
1652705678.874214, sdrt-health/mac:02010b41cdec/antenna/tag/e28068940000500386620d4f, 93
1652705678.901382, sdrt-health/mac:02010b41cdec/antenna/tag/e28068940000500386620d4f, 85
1652705678.901565, sdrt-health/mac:02010b41cdec/antenna/tag/e28068940000400386621d4f, 90
1652705678.934849, sdrt-health/mac:02010b41cdec/antenna/tag/e2806894000050038662154f, 85
1652705679.003392, sdrt-health/mac:02010b41cdec/antenna/tag/e2806894000050038662194f, 94
1652705679.003784, sdrt-health/mac:02010b41cdec/antenna/tag/e2806894000050038662194f, 84
1652705679.024051, sdrt-health/mac:02010b41cdec/antenna/tag/e28068940000500386620d4f, 85
1652705679.035099, sdrt-health/mac:02010b41cdec/antenna/tag/e2806894000040038662114f, 91
1652705679.038345, sdrt-health/mac:02010b41cdec/antenna/tag/e2806894000040038662054f, 84
1652705679.079046, sdrt-health/mac:02010b41cdec/antenna/tag/e2806894000050038661fd4f, 86
1652705679.132119, sdrt-health/mac:02010b41cdec/antenna/tag/e28068940000400386621d4f, 96
1652705679.174345, sdrt-health/mac:02010b41cdec/antenna/tag/e2806894000050038661fd4f, 86
1652705679.202391, sdrt-health/mac:02010b41cdec/antenna/tag/e2806894000050038662154f, 83
1652705679.20268, sdrt-health/mac:02010b41cdec/antenna/tag/e28068940000500386620d4f, 87
1652705679.202922, sdrt-health/mac:02010b41cdec/antenna/tag/e28068940000400386621d4f, 77
1652705679.215534, sdrt-health/mac:02010b41cdec/antenna/tag/e2806894000050038661fd4f, 83
1652705679.470362, sdrt-health/mac:02010b41cdec/antenna/tag/scan, scan stopped
