1652706140.596948, sdrt-health/mac:02010b41cdec/antenna/power/set, {"power": 280}
1652706141.657019, sdrt-health/mac:02010b41cdec/antenna/power/set, 
1652706145.623508, sdrt-health/mac:02010b41cdec/antenna/tag/scan, {"time": 20000}
1652706145.99499, sdrt-health/mac:02010b41cdec/antenna/tag/e28068940000400386621d4f, 77
1652706146.086346, sdrt-health/mac:02010b41cdec/antenna/tag/e28068940000500386620d4f, 87
1652706146.134591, sdrt-health/mac:02010b41cdec/antenna/tag/e2806894000050038661fd4f, 86
1652706146.174052, sdrt-health/mac:02010b41cdec/antenna/tag/e2806894000050038661fd4f, 83
1652706146.229266, sdrt-health/mac:02010b41cdec/antenna/tag/e2806894000050038662154f, 93
1652706146.229488, sdrt-health/mac:02010b41cdec/antenna/tag/e28068940000500386620d4f, 87
1652706146.229605, sdrt-health/mac:02010b41cdec/antenna/tag/e2806894000050038661fd4f, 83
1652706146.268507, sdrt-health/mac:02010b41cdec/antenna/tag/e28068940000400386621d4f, 77
1652706146.316092, sdrt-health/mac:02010b41cdec/antenna/tag/e28068940000400386621d4f, 90
1652706146.38906, sdrt-health/mac:02010b41cdec/antenna/tag/e2806894000050038662154f, 88
1652706146.389461, sdrt-health/mac:02010b41cdec/antenna/tag/e28068940000400386621d4f, 90
1652706146.404958, sdrt-health/mac:02010b41cdec/antenna/tag/e2806894000050038662154f, 88
1652706146.405153, sdrt-health/mac:02010b41cdec/antenna/tag/e28068940000500386620d4f, 87
1652706146.405269, sdrt-health/mac:02010b41cdec/antenna/tag/e28068940000500386620d4f, 87
1652706146.625471, sdrt-health/mac:02010b41cdec/antenna/tag/e28068940000400386621d4f, 90
1652706146.657392, sdrt-health/mac:02010b41cdec/antenna/tag/e28068940000400386621d4f, 90
1652706146.657606, sdrt-health/mac:02010b41cdec/antenna/tag/e28068940000500386620d4f, 83
1652706146.657722, sdrt-health/mac:02010b41cdec/antenna/tag/e2806894000050038662154f, 85
1652706146.657875, sdrt-health/mac:02010b41cdec/antenna/tag/e2806894000040038662114f, 94
1652706146.704059, sdrt-health/mac:02010b41cdec/antenna/tag/e28068940000400386621d4f, 77
1652706146.734926, sdrt-health/mac:02010b41cdec/antenna/tag/e28068940000500386620d4f, 83
1652706146.735143, sdrt-health/mac:02010b41cdec/antenna/tag/e28068940000500386620d4f, 93
1652706146.735275, sdrt-health/mac:02010b41cdec/antenna/tag/e2806894000050038661fd4f, 83
1652706146.735419, sdrt-health/mac:02010b41cdec/antenna/tag/e2806894000050038662194f, 81
1652706146.735545, sdrt-health/mac:02010b41cdec/antenna/tag/e28068940000400386621d4f, 90
1652706146.73567, sdrt-health/mac:02010b41cdec/antenna/tag/e2806894000050038662154f, 88
1652706146.735794, sdrt-health/mac:02010b41cdec/antenna/tag/e2806894000050038661fd4f, 86
1652706146.75795, sdrt-health/mac:02010b41cdec/antenna/tag/e2806894000050038661fd4f, 83
1652706146.802904, sdrt-health/mac:02010b41cdec/antenna/tag/e2806894000050038661fd4f, 83
1652706146.88065, sdrt-health/mac:02010b41cdec/antenna/tag/e2806894000050038661fd4f, 83
1652706146.881128, sdrt-health/mac:02010b41cdec/antenna/tag/e28068940000400386621d4f, 86
1652706146.899156, sdrt-health/mac:02010b41cdec/antenna/tag/e2806894000050038661fd4f, 83
1652706146.930609, sdrt-health/mac:02010b41cdec/antenna/tag/e28068940000400386621d4f, 90
1652706146.930948, sdrt-health/mac:02010b41cdec/antenna/tag/e28068940000400386621d4f, 90
1652706146.931132, sdrt-health/mac:02010b41cdec/antenna/tag/e28068940000500386620d4f, 83
1652706146.931375, sdrt-health/mac:02010b41cdec/antenna/tag/e2806894000050038661fd4f, 86
1652706146.953376, sdrt-health/mac:02010b41cdec/antenna/tag/e2806894000050038662194f, 83
1652706146.995208, sdrt-health/mac:02010b41cdec/antenna/tag/e28068940000500386620d4f, 83
1652706147.076708, sdrt-health/mac:02010b41cdec/antenna/tag/e28068940000400386621d4f, 96
1652706147.13552, sdrt-health/mac:02010b41cdec/antenna/tag/e2806894000050038661fd4f, 83
1652706147.174142, sdrt-health/mac:02010b41cdec/antenna/tag/e28068940000500386620d4f, 87
1652706147.21513, sdrt-health/mac:02010b41cdec/antenna/tag/e28068940000500386620d4f, 87
1652706147.26611, sdrt-health/mac:02010b41cdec/antenna/tag/e2806894000050038662154f, 83
1652706147.309335, sdrt-health/mac:02010b41cdec/antenna/tag/e2806894000050038662194f, 93
1652706147.354755, sdrt-health/mac:02010b41cdec/antenna/tag/e28068940000500386620d4f, 93
1652706147.397935, sdrt-health/mac:02010b41cdec/antenna/tag/e2806894000050038661fd4f, 86
1652706147.444584, sdrt-health/mac:02010b41cdec/antenna/tag/e28068940000500386620d4f, 93
1652706147.495989, sdrt-health/mac:02010b41cdec/antenna/tag/e2806894000050038662154f, 83
1652706147.549927, sdrt-health/mac:02010b41cdec/antenna/tag/e2806894000050038662194f, 85
1652706147.63059, sdrt-health/mac:02010b41cdec/antenna/tag/e2806894000050038662194f, 83
1652706147.685314, sdrt-health/mac:02010b41cdec/antenna/tag/e28068940000400386621d4f, 90
1652706147.716698, sdrt-health/mac:02010b41cdec/antenna/tag/e2806894000050038661fd4f, 83
1652706147.717087, sdrt-health/mac:02010b41cdec/antenna/tag/e28068940000400386621d4f, 90
1652706147.735154, sdrt-health/mac:02010b41cdec/antenna/tag/e2806894000050038661fd4f, 83
1652706147.80506, sdrt-health/mac:02010b41cdec/antenna/tag/e28068940000400386621d4f, 90
1652706147.805393, sdrt-health/mac:02010b41cdec/antenna/tag/e28068940000400386621d4f, 90
1652706147.844288, sdrt-health/mac:02010b41cdec/antenna/tag/e28068940000500386620d4f, 83
1652706147.92309, sdrt-health/mac:02010b41cdec/antenna/tag/e2806894000050038661fd4f, 83
1652706147.923494, sdrt-health/mac:02010b41cdec/antenna/tag/e2806894000050038661fd4f, 83
1652706147.938808, sdrt-health/mac:02010b41cdec/antenna/tag/e2806894000050038661fd4f, 86
1652706147.939095, sdrt-health/mac:02010b41cdec/antenna/tag/e2806894000050038661fd4f, 86
1652706147.949077, sdrt-health/mac:02010b41cdec/antenna/tag/e28068940000500386620d4f, 87
1652706147.994137, sdrt-health/mac:02010b41cdec/antenna/tag/e28068940000500386620d4f, 87
1652706148.037621, sdrt-health/mac:02010b41cdec/antenna/tag/e2806894000050038662194f, 81
1652706148.098831, sdrt-health/mac:02010b41cdec/antenna/tag/e2806894000050038661fd4f, 83
1652706148.099057, sdrt-health/mac:02010b41cdec/antenna/tag/e28068940000400386621d4f, 90
1652706148.134513, sdrt-health/mac:02010b41cdec/antenna/tag/e28068940000400386621d4f, 96
1652706148.198295, sdrt-health/mac:02010b41cdec/antenna/tag/e28068940000400386621d4f, 77
1652706148.245662, sdrt-health/mac:02010b41cdec/antenna/tag/e2806894000050038661fd4f, 83
1652706148.29528, sdrt-health/mac:02010b41cdec/antenna/tag/e2806894000050038662194f, 83
1652706148.335529, sdrt-health/mac:02010b41cdec/antenna/tag/e28068940000400386621d4f, 96
1652706148.335749, sdrt-health/mac:02010b41cdec/antenna/tag/e2806894000050038661fd4f, 83
1652706148.335883, sdrt-health/mac:02010b41cdec/antenna/tag/e28068940000400386621d4f, 90
1652706148.336028, sdrt-health/mac:02010b41cdec/antenna/tag/e2806894000050038661fd4f, 83
1652706148.353106, sdrt-health/mac:02010b41cdec/antenna/tag/e28068940000400386621d4f, 90
1652706148.386789, sdrt-health/mac:02010b41cdec/antenna/tag/e28068940000400386621d4f, 96
1652706148.430183, sdrt-health/mac:02010b41cdec/antenna/tag/e28068940000500386620d4f, 93
1652706148.490819, sdrt-health/mac:02010b41cdec/antenna/tag/e2806894000050038661fd4f, 86
1652706148.491197, sdrt-health/mac:02010b41cdec/antenna/tag/e2806894000040038662114f, 83
1652706148.491419, sdrt-health/mac:02010b41cdec/antenna/tag/e2806894000050038662194f, 81
1652706148.525284, sdrt-health/mac:02010b41cdec/antenna/tag/e2806894000050038661fd4f, 83
1652706148.557393, sdrt-health/mac:02010b41cdec/antenna/tag/e28068940000500386620d4f, 83
1652706148.557638, sdrt-health/mac:02010b41cdec/antenna/tag/e28068940000400386621d4f, 90
1652706148.574069, sdrt-health/mac:02010b41cdec/antenna/tag/e2806894000050038662154f, 97
1652706148.574279, sdrt-health/mac:02010b41cdec/antenna/tag/e2806894000050038661fd4f, 83
1652706148.574397, sdrt-health/mac:02010b41cdec/antenna/tag/e2806894000050038662154f, 91
1652706148.615166, sdrt-health/mac:02010b41cdec/antenna/tag/e28068940000500386620d4f, 83
1652706148.654058, sdrt-health/mac:02010b41cdec/antenna/tag/e28068940000500386620d4f, 83
1652706148.686618, sdrt-health/mac:02010b41cdec/antenna/tag/e28068940000400386621d4f, 90
1652706148.686861, sdrt-health/mac:02010b41cdec/antenna/tag/e2806894000050038661fd4f, 83
1652706148.687977, sdrt-health/mac:02010b41cdec/antenna/tag/e2806894000040038661f94f, 88
1652706148.701219, sdrt-health/mac:02010b41cdec/antenna/tag/e2806894000050038661fd4f, 83
1652706148.701428, sdrt-health/mac:02010b41cdec/antenna/tag/e28068940000500386620d4f, 94
1652706148.701547, sdrt-health/mac:02010b41cdec/antenna/tag/e28068940000400386621d4f, 90
1652706148.734073, sdrt-health/mac:02010b41cdec/antenna/tag/e2806894000050038662154f, 85
1652706148.802154, sdrt-health/mac:02010b41cdec/antenna/tag/e28068940000400386621d4f, 90
1652706148.802369, sdrt-health/mac:02010b41cdec/antenna/tag/e28068940000400386621d4f, 90
1652706148.817368, sdrt-health/mac:02010b41cdec/antenna/tag/e2806894000050038661fd4f, 86
1652706148.840002, sdrt-health/mac:02010b41cdec/antenna/tag/e28068940000400386621d4f, 90
1652706148.884407, sdrt-health/mac:02010b41cdec/antenna/tag/e2806894000050038662154f, 83
1652706148.915078, sdrt-health/mac:02010b41cdec/antenna/tag/e2806894000050038661fd4f, 83
1652706148.915281, sdrt-health/mac:02010b41cdec/antenna/tag/e28068940000400386621d4f, 90
1652706148.935117, sdrt-health/mac:02010b41cdec/antenna/tag/e2806894000050038661fd4f, 86
1652706148.975293, sdrt-health/mac:02010b41cdec/antenna/tag/e2806894000040038662114f, 81
1652706149.006301, sdrt-health/mac:02010b41cdec/antenna/tag/e2806894000040038662114f, 87
1652706149.006526, sdrt-health/mac:02010b41cdec/antenna/tag/e28068940000400386621d4f, 90
1652706149.020099, sdrt-health/mac:02010b41cdec/antenna/tag/e28068940000400386621d4f, 96
1652706149.071016, sdrt-health/mac:02010b41cdec/antenna/tag/e28068940000500386620d4f, 83
1652706149.129619, sdrt-health/mac:02010b41cdec/antenna/tag/e2806894000050038661fd4f, 97
1652706149.129976, sdrt-health/mac:02010b41cdec/antenna/tag/e28068940000400386621d4f, 96
1652706149.1445, sdrt-health/mac:02010b41cdec/antenna/tag/e2806894000050038662154f, 88
1652706149.144728, sdrt-health/mac:02010b41cdec/antenna/tag/e2806894000050038661fd4f, 97
1652706149.144858, sdrt-health/mac:02010b41cdec/antenna/tag/e28068940000500386620d4f, 85
1652706149.158507, sdrt-health/mac:02010b41cdec/antenna/tag/e28068940000500386620d4f, 93
1652706149.203776, sdrt-health/mac:02010b41cdec/antenna/tag/e28068940000400386621d4f, 96
1652706149.281291, sdrt-health/mac:02010b41cdec/antenna/tag/e28068940000500386620d4f, 87
1652706149.281624, sdrt-health/mac:02010b41cdec/antenna/tag/e28068940000400386621d4f, 96
1652706149.323871, sdrt-health/mac:02010b41cdec/antenna/tag/e28068940000400386621d4f, 90
1652706149.379134, sdrt-health/mac:02010b41cdec/antenna/tag/e2806894000040038662114f, 87
1652706149.37938, sdrt-health/mac:02010b41cdec/antenna/tag/e28068940000500386620d4f, 81
1652706149.393163, sdrt-health/mac:02010b41cdec/antenna/tag/e28068940000500386620d4f, 81
1652706149.393403, sdrt-health/mac:02010b41cdec/antenna/tag/e28068940000400386621d4f, 90
1652706149.414501, sdrt-health/mac:02010b41cdec/antenna/tag/e28068940000400386621d4f, 90
1652706149.45459, sdrt-health/mac:02010b41cdec/antenna/tag/e2806894000040038662114f, 93
1652706149.490686, sdrt-health/mac:02010b41cdec/antenna/tag/e2806894000050038661fd4f, 86
1652706149.490973, sdrt-health/mac:02010b41cdec/antenna/tag/e28068940000500386620d4f, 87
1652706149.5057, sdrt-health/mac:02010b41cdec/antenna/tag/e28068940000400386621d4f, 90
1652706149.551343, sdrt-health/mac:02010b41cdec/antenna/tag/e28068940000400386621d4f, 77
1652706149.614514, sdrt-health/mac:02010b41cdec/antenna/tag/e28068940000500386620d4f, 93
1652706149.65412, sdrt-health/mac:02010b41cdec/antenna/tag/e2806894000050038662154f, 81
1652706149.695599, sdrt-health/mac:02010b41cdec/antenna/tag/e2806894000050038662154f, 85
1652706149.727261, sdrt-health/mac:02010b41cdec/antenna/tag/e28068940000500386620d4f, 93
1652706149.727604, sdrt-health/mac:02010b41cdec/antenna/tag/e28068940000500386620d4f, 93
1652706149.741992, sdrt-health/mac:02010b41cdec/antenna/tag/e28068940000500386620d4f, 85
1652706149.788728, sdrt-health/mac:02010b41cdec/antenna/tag/e28068940000500386620d4f, 87
1652706149.834014, sdrt-health/mac:02010b41cdec/antenna/tag/e28068940000500386620d4f, 83
1652706149.893833, sdrt-health/mac:02010b41cdec/antenna/tag/e2806894000050038661fd4f, 97
1652706149.938012, sdrt-health/mac:02010b41cdec/antenna/tag/e28068940000400386621d4f, 86
1652706149.938238, sdrt-health/mac:02010b41cdec/antenna/tag/e28068940000400386621d4f, 86
1652706149.938391, sdrt-health/mac:02010b41cdec/antenna/tag/e2806894000040038662114f, 83
1652706149.953877, sdrt-health/mac:02010b41cdec/antenna/tag/e28068940000400386621d4f, 77
1652706149.973944, sdrt-health/mac:02010b41cdec/antenna/tag/e2806894000050038661fd4f, 86
1652706150.015051, sdrt-health/mac:02010b41cdec/antenna/tag/e28068940000400386621d4f, 77
1652706150.053588, sdrt-health/mac:02010b41cdec/antenna/tag/e28068940000400386621d4f, 96
1652706150.095359, sdrt-health/mac:02010b41cdec/antenna/tag/e28068940000400386621d4f, 96
1652706150.134449, sdrt-health/mac:02010b41cdec/antenna/tag/e2806894000040038662114f, 87
1652706150.179623, sdrt-health/mac:02010b41cdec/antenna/tag/e28068940000400386621d4f, 96
1652706150.179842, sdrt-health/mac:02010b41cdec/antenna/tag/e28068940000500386620d4f, 85
1652706150.286731, sdrt-health/mac:02010b41cdec/antenna/tag/e2806894000050038661fd4f, 86
1652706150.334512, sdrt-health/mac:02010b41cdec/antenna/tag/e28068940000500386620d4f, 85
1652706150.366131, sdrt-health/mac:02010b41cdec/antenna/tag/e2806894000050038661fd4f, 97
1652706150.366337, sdrt-health/mac:02010b41cdec/antenna/tag/e28068940000500386620d4f, 85
1652706150.366473, sdrt-health/mac:02010b41cdec/antenna/tag/e28068940000400386621d4f, 86
1652706150.366626, sdrt-health/mac:02010b41cdec/antenna/tag/e2806894000040038662114f, 83
1652706150.382681, sdrt-health/mac:02010b41cdec/antenna/tag/e2806894000050038661fd4f, 85
1652706150.454026, sdrt-health/mac:02010b41cdec/antenna/tag/e2806894000040038662054f, 84
1652706150.495673, sdrt-health/mac:02010b41cdec/antenna/tag/e28068940000400386621d4f, 90
1652706150.613402, sdrt-health/mac:02010b41cdec/antenna/tag/e28068940000500386620d4f, 85
1652706150.613855, sdrt-health/mac:02010b41cdec/antenna/tag/e2806894000040038662114f, 83
1652706150.669425, sdrt-health/mac:02010b41cdec/antenna/tag/e2806894000050038661fd4f, 86
1652706150.698839, sdrt-health/mac:02010b41cdec/antenna/tag/e28068940000500386620d4f, 87
1652706150.699073, sdrt-health/mac:02010b41cdec/antenna/tag/e2806894000040038662114f, 93
1652706150.714242, sdrt-health/mac:02010b41cdec/antenna/tag/e2806894000050038662154f, 81
1652706150.758043, sdrt-health/mac:02010b41cdec/antenna/tag/e2806894000050038662154f, 83
1652706150.817678, sdrt-health/mac:02010b41cdec/antenna/tag/e28068940000500386620d4f, 85
1652706150.817894, sdrt-health/mac:02010b41cdec/antenna/tag/e28068940000400386621d4f, 96
1652706150.834253, sdrt-health/mac:02010b41cdec/antenna/tag/e2806894000050038662154f, 81
1652706150.834694, sdrt-health/mac:02010b41cdec/antenna/tag/e2806894000040038662114f, 93
1652706150.852461, sdrt-health/mac:02010b41cdec/antenna/tag/e2806894000040038662114f, 93
1652706150.893725, sdrt-health/mac:02010b41cdec/antenna/tag/e28068940000400386621d4f, 90
1652706150.964958, sdrt-health/mac:02010b41cdec/antenna/tag/e2806894000050038661fd4f, 97
1652706150.96519, sdrt-health/mac:02010b41cdec/antenna/tag/e28068940000400386621d4f, 90
1652706150.997791, sdrt-health/mac:02010b41cdec/antenna/tag/e28068940000500386620d4f, 85
1652706151.043819, sdrt-health/mac:02010b41cdec/antenna/tag/e2806894000040038662114f, 88
1652706151.073933, sdrt-health/mac:02010b41cdec/antenna/tag/e28068940000500386620d4f, 83
1652706151.074151, sdrt-health/mac:02010b41cdec/antenna/tag/e2806894000050038661fd4f, 86
1652706151.093351, sdrt-health/mac:02010b41cdec/antenna/tag/e28068940000400386621d4f, 90
1652706151.149627, sdrt-health/mac:02010b41cdec/antenna/tag/e28068940000400386621d4f, 90
1652706151.209618, sdrt-health/mac:02010b41cdec/antenna/tag/e2806894000040038662114f, 88
1652706151.210044, sdrt-health/mac:02010b41cdec/antenna/tag/e2806894000040038662114f, 91
1652706151.225041, sdrt-health/mac:02010b41cdec/antenna/tag/e28068940000500386620d4f, 85
1652706151.236429, sdrt-health/mac:02010b41cdec/antenna/tag/e2806894000050038661fd4f, 86
1652706151.239472, sdrt-health/mac:02010b41cdec/antenna/tag/e28068940000500386620d4f, 87
1652706151.286497, sdrt-health/mac:02010b41cdec/antenna/tag/e28068940000400386621d4f, 90
1652706151.349378, sdrt-health/mac:02010b41cdec/antenna/tag/e2806894000040038662114f, 91
1652706151.349604, sdrt-health/mac:02010b41cdec/antenna/tag/e28068940000400386621d4f, 90
1652706151.364122, sdrt-health/mac:02010b41cdec/antenna/tag/e2806894000040038662114f, 88
1652706151.394871, sdrt-health/mac:02010b41cdec/antenna/tag/e28068940000500386620d4f, 87
1652706151.395163, sdrt-health/mac:02010b41cdec/antenna/tag/e2806894000040038662114f, 91
1652706151.413819, sdrt-health/mac:02010b41cdec/antenna/tag/e28068940000400386621d4f, 96
1652706151.453047, sdrt-health/mac:02010b41cdec/antenna/tag/e2806894000040038662114f, 88
1652706151.534779, sdrt-health/mac:02010b41cdec/antenna/tag/e2806894000050038662194f, 81
1652706151.57418, sdrt-health/mac:02010b41cdec/antenna/tag/e2806894000050038662194f, 81
1652706151.629318, sdrt-health/mac:02010b41cdec/antenna/tag/e2806894000040038662114f, 85
1652706151.629546, sdrt-health/mac:02010b41cdec/antenna/tag/e2806894000040038662114f, 88
1652706151.664176, sdrt-health/mac:02010b41cdec/antenna/tag/e28068940000500386620d4f, 87
1652706151.69681, sdrt-health/mac:02010b41cdec/antenna/tag/e28068940000400386621d4f, 90
1652706151.697072, sdrt-health/mac:02010b41cdec/antenna/tag/e28068940000500386620d4f, 85
1652706151.712482, sdrt-health/mac:02010b41cdec/antenna/tag/e2806894000040038662114f, 85
1652706151.712743, sdrt-health/mac:02010b41cdec/antenna/tag/e2806894000050038661fd4f, 86
1652706151.755145, sdrt-health/mac:02010b41cdec/antenna/tag/e2806894000050038661fd4f, 86
1652706151.807713, sdrt-health/mac:02010b41cdec/antenna/tag/e28068940000500386620d4f, 85
1652706151.837739, sdrt-health/mac:02010b41cdec/antenna/tag/e2806894000040038662114f, 85
1652706151.837994, sdrt-health/mac:02010b41cdec/antenna/tag/e28068940000400386621d4f, 86
1652706151.83811, sdrt-health/mac:02010b41cdec/antenna/tag/e2806894000050038661fd4f, 86
1652706151.853327, sdrt-health/mac:02010b41cdec/antenna/tag/e2806894000050038661fd4f, 86
1652706151.853583, sdrt-health/mac:02010b41cdec/antenna/tag/e2806894000040038662114f, 85
1652706151.853786, sdrt-health/mac:02010b41cdec/antenna/tag/e2806894000050038661fd4f, 86
1652706151.89461, sdrt-health/mac:02010b41cdec/antenna/tag/e2806894000050038661fd4f, 83
1652706151.950595, sdrt-health/mac:02010b41cdec/antenna/tag/e28068940000500386620d4f, 81
1652706151.994737, sdrt-health/mac:02010b41cdec/antenna/tag/e2806894000040038662114f, 88
1652706152.056592, sdrt-health/mac:02010b41cdec/antenna/tag/e28068940000400386621d4f, 96
1652706152.056835, sdrt-health/mac:02010b41cdec/antenna/tag/e28068940000400386621d4f, 96
1652706152.071954, sdrt-health/mac:02010b41cdec/antenna/tag/e2806894000050038661fd4f, 83
1652706152.084337, sdrt-health/mac:02010b41cdec/antenna/tag/e28068940000400386621d4f, 96
1652706152.087899, sdrt-health/mac:02010b41cdec/antenna/tag/e28068940000400386621d4f, 96
1652706152.14429, sdrt-health/mac:02010b41cdec/antenna/tag/e28068940000500386620d4f, 81
1652706152.189879, sdrt-health/mac:02010b41cdec/antenna/tag/e2806894000040038662214f, 84
1652706152.251473, sdrt-health/mac:02010b41cdec/antenna/tag/e2806894000050038661fd4f, 97
1652706152.251702, sdrt-health/mac:02010b41cdec/antenna/tag/e2806894000040038662114f, 85
1652706152.294873, sdrt-health/mac:02010b41cdec/antenna/tag/e2806894000050038662194f, 81
1652706152.416941, sdrt-health/mac:02010b41cdec/antenna/tag/e2806894000040038662114f, 85
1652706152.485064, sdrt-health/mac:02010b41cdec/antenna/tag/e28068940000500386620d4f, 87
1652706152.513808, sdrt-health/mac:02010b41cdec/antenna/tag/e2806894000040038662114f, 88
1652706152.514059, sdrt-health/mac:02010b41cdec/antenna/tag/e2806894000040038662114f, 88
1652706152.514233, sdrt-health/mac:02010b41cdec/antenna/tag/e28068940000400386621d4f, 77
1652706152.514375, sdrt-health/mac:02010b41cdec/antenna/tag/e28068940000500386620d4f, 83
1652706152.529687, sdrt-health/mac:02010b41cdec/antenna/tag/e2806894000050038662154f, 87
1652706152.529952, sdrt-health/mac:02010b41cdec/antenna/tag/e2806894000040038662114f, 88
1652706152.530076, sdrt-health/mac:02010b41cdec/antenna/tag/e28068940000500386620d4f, 83
1652706152.55593, sdrt-health/mac:02010b41cdec/antenna/tag/e2806894000040038662114f, 85
1652706152.609859, sdrt-health/mac:02010b41cdec/antenna/tag/e28068940000500386620d4f, 85
1652706152.610081, sdrt-health/mac:02010b41cdec/antenna/tag/e2806894000050038661fd4f, 86
1652706152.649177, sdrt-health/mac:02010b41cdec/antenna/tag/e2806894000050038661fd4f, 86
1652706152.711425, sdrt-health/mac:02010b41cdec/antenna/tag/e28068940000500386620d4f, 85
1652706152.711735, sdrt-health/mac:02010b41cdec/antenna/tag/e28068940000400386621d4f, 77
1652706152.733311, sdrt-health/mac:02010b41cdec/antenna/tag/e2806894000050038661fd4f, 86
1652706152.784464, sdrt-health/mac:02010b41cdec/antenna/tag/e2806894000050038662154f, 87
1652706152.838548, sdrt-health/mac:02010b41cdec/antenna/tag/e2806894000040038661f94f, 88
1652706152.869715, sdrt-health/mac:02010b41cdec/antenna/tag/e28068940000500386620d4f, 85
1652706152.870066, sdrt-health/mac:02010b41cdec/antenna/tag/e28068940000400386621d4f, 90
1652706152.887439, sdrt-health/mac:02010b41cdec/antenna/tag/e28068940000500386620d4f, 85
1652706152.887674, sdrt-health/mac:02010b41cdec/antenna/tag/e28068940000400386621d4f, 90
1652706152.887862, sdrt-health/mac:02010b41cdec/antenna/tag/e2806894000040038662114f, 91
1652706152.917998, sdrt-health/mac:02010b41cdec/antenna/tag/e2806894000050038661fd4f, 90
1652706152.964, sdrt-health/mac:02010b41cdec/antenna/tag/e28068940000500386620d4f, 87
1652706153.013469, sdrt-health/mac:02010b41cdec/antenna/tag/e28068940000500386620d4f, 85
1652706153.044148, sdrt-health/mac:02010b41cdec/antenna/tag/e2806894000050038662154f, 83
1652706153.044354, sdrt-health/mac:02010b41cdec/antenna/tag/e2806894000040038662114f, 88
1652706153.058763, sdrt-health/mac:02010b41cdec/antenna/tag/e2806894000050038662194f, 83
1652706153.105262, sdrt-health/mac:02010b41cdec/antenna/tag/e2806894000050038662194f, 81
1652706153.149633, sdrt-health/mac:02010b41cdec/antenna/tag/e28068940000500386620d4f, 93
1652706153.214647, sdrt-health/mac:02010b41cdec/antenna/tag/e2806894000050038661fd4f, 86
1652706153.256087, sdrt-health/mac:02010b41cdec/antenna/tag/e28068940000400386621d4f, 90
1652706153.285793, sdrt-health/mac:02010b41cdec/antenna/tag/e2806894000050038661fd4f, 86
1652706153.286003, sdrt-health/mac:02010b41cdec/antenna/tag/e28068940000500386620d4f, 85
1652706153.299774, sdrt-health/mac:02010b41cdec/antenna/tag/e2806894000050038662154f, 87
1652706153.344976, sdrt-health/mac:02010b41cdec/antenna/tag/e2806894000050038662154f, 87
1652706153.415703, sdrt-health/mac:02010b41cdec/antenna/tag/e2806894000040038662114f, 88
1652706153.429618, sdrt-health/mac:02010b41cdec/antenna/tag/e28068940000500386620d4f, 91
1652706153.43415, sdrt-health/mac:02010b41cdec/antenna/tag/e2806894000050038661fd4f, 90
1652706153.475686, sdrt-health/mac:02010b41cdec/antenna/tag/e2806894000040038662114f, 93
1652706153.52448, sdrt-health/mac:02010b41cdec/antenna/tag/e28068940000400386621d4f, 77
1652706153.574946, sdrt-health/mac:02010b41cdec/antenna/tag/e2806894000050038662154f, 83
1652706153.605064, sdrt-health/mac:02010b41cdec/antenna/tag/e2806894000050038662154f, 87
1652706153.60527, sdrt-health/mac:02010b41cdec/antenna/tag/e2806894000050038662154f, 93
1652706153.62011, sdrt-health/mac:02010b41cdec/antenna/tag/e2806894000050038661fd4f, 90
1652706153.620356, sdrt-health/mac:02010b41cdec/antenna/tag/e2806894000050038662194f, 83
1652706153.652887, sdrt-health/mac:02010b41cdec/antenna/tag/e2806894000050038661fd4f, 90
1652706153.731847, sdrt-health/mac:02010b41cdec/antenna/tag/e28068940000500386620d4f, 91
1652706153.732427, sdrt-health/mac:02010b41cdec/antenna/tag/e2806894000050038662194f, 83
1652706153.764025, sdrt-health/mac:02010b41cdec/antenna/tag/e28068940000400386621d4f, 77
1652706153.793026, sdrt-health/mac:02010b41cdec/antenna/tag/e28068940000400386621d4f, 77
1652706153.793249, sdrt-health/mac:02010b41cdec/antenna/tag/e2806894000050038662194f, 81
1652706153.814094, sdrt-health/mac:02010b41cdec/antenna/tag/e2806894000050038661fd4f, 86
1652706153.877592, sdrt-health/mac:02010b41cdec/antenna/tag/e28068940000500386620d4f, 85
1652706153.924694, sdrt-health/mac:02010b41cdec/antenna/tag/e2806894000050038661fd4f, 86
1652706153.995883, sdrt-health/mac:02010b41cdec/antenna/tag/e2806894000050038661fd4f, 90
1652706153.996314, sdrt-health/mac:02010b41cdec/antenna/tag/e2806894000050038661fd4f, 86
1652706154.015516, sdrt-health/mac:02010b41cdec/antenna/tag/e28068940000400386621d4f, 77
1652706154.071739, sdrt-health/mac:02010b41cdec/antenna/tag/e2806894000040038662114f, 93
1652706154.071935, sdrt-health/mac:02010b41cdec/antenna/tag/e2806894000040038662054f, 94
1652706154.087549, sdrt-health/mac:02010b41cdec/antenna/tag/e28068940000500386620d4f, 85
1652706154.087763, sdrt-health/mac:02010b41cdec/antenna/tag/e2806894000050038662194f, 81
1652706154.110372, sdrt-health/mac:02010b41cdec/antenna/tag/e2806894000050038662014f, 82
1652706154.157359, sdrt-health/mac:02010b41cdec/antenna/tag/e28068940000400386621d4f, 96
1652706154.214401, sdrt-health/mac:02010b41cdec/antenna/tag/e28068940000400386621d4f, 90
1652706154.214885, sdrt-health/mac:02010b41cdec/antenna/tag/e2806894000050038661fd4f, 86
1652706154.233534, sdrt-health/mac:02010b41cdec/antenna/tag/e2806894000050038662154f, 88
1652706154.269878, sdrt-health/mac:02010b41cdec/antenna/tag/e2806894000050038661fd4f, 90
1652706154.323795, sdrt-health/mac:02010b41cdec/antenna/tag/e28068940000400386621d4f, 86
1652706154.391945, sdrt-health/mac:02010b41cdec/antenna/tag/e2806894000050038662154f, 93
1652706154.392519, sdrt-health/mac:02010b41cdec/antenna/tag/e2806894000050038662154f, 93
1652706154.408099, sdrt-health/mac:02010b41cdec/antenna/tag/e28068940000400386621d4f, 90
1652706154.415562, sdrt-health/mac:02010b41cdec/antenna/tag/e2806894000050038662154f, 87
1652706154.455544, sdrt-health/mac:02010b41cdec/antenna/tag/e2806894000050038662194f, 81
1652706154.499734, sdrt-health/mac:02010b41cdec/antenna/tag/e2806894000050038662154f, 85
1652706154.534754, sdrt-health/mac:02010b41cdec/antenna/tag/e2806894000040038662114f, 88
1652706154.57629, sdrt-health/mac:02010b41cdec/antenna/tag/e28068940000400386621d4f, 96
1652706154.631618, sdrt-health/mac:02010b41cdec/antenna/tag/e2806894000050038662154f, 85
1652706154.631807, sdrt-health/mac:02010b41cdec/antenna/tag/e2806894000050038661fd4f, 86
1652706154.65534, sdrt-health/mac:02010b41cdec/antenna/tag/e2806894000050038662154f, 81
1652706154.711441, sdrt-health/mac:02010b41cdec/antenna/tag/e2806894000050038662194f, 94
1652706154.711842, sdrt-health/mac:02010b41cdec/antenna/tag/e28068940000500386620d4f, 93
1652706154.757938, sdrt-health/mac:02010b41cdec/antenna/tag/e2806894000040038662114f, 88
1652706154.794833, sdrt-health/mac:02010b41cdec/antenna/tag/e2806894000050038661fd4f, 86
1652706154.854867, sdrt-health/mac:02010b41cdec/antenna/tag/e2806894000050038662154f, 85
1652706154.855106, sdrt-health/mac:02010b41cdec/antenna/tag/e2806894000050038661fd4f, 86
1652706154.871195, sdrt-health/mac:02010b41cdec/antenna/tag/e28068940000500386620d4f, 88
1652706154.902863, sdrt-health/mac:02010b41cdec/antenna/tag/e28068940000400386621d4f, 90
1652706154.903078, sdrt-health/mac:02010b41cdec/antenna/tag/e28068940000500386620d4f, 85
1652706154.934512, sdrt-health/mac:02010b41cdec/antenna/tag/e28068940000500386620d4f, 93
1652706154.975392, sdrt-health/mac:02010b41cdec/antenna/tag/e28068940000500386620d4f, 87
1652706155.03528, sdrt-health/mac:02010b41cdec/antenna/tag/e2806894000040038662114f, 87
1652706155.078705, sdrt-health/mac:02010b41cdec/antenna/tag/e28068940000400386621d4f, 90
1652706155.165909, sdrt-health/mac:02010b41cdec/antenna/tag/e28068940000500386620d4f, 85
1652706155.166309, sdrt-health/mac:02010b41cdec/antenna/tag/e2806894000050038662154f, 88
1652706155.18079, sdrt-health/mac:02010b41cdec/antenna/tag/e2806894000050038662154f, 93
1652706155.181175, sdrt-health/mac:02010b41cdec/antenna/tag/e28068940000500386620d4f, 88
1652706155.194615, sdrt-health/mac:02010b41cdec/antenna/tag/e2806894000050038662154f, 93
1652706155.238043, sdrt-health/mac:02010b41cdec/antenna/tag/e2806894000040038662114f, 93
1652706155.269022, sdrt-health/mac:02010b41cdec/antenna/tag/e2806894000040038661f94f, 94
1652706155.269218, sdrt-health/mac:02010b41cdec/antenna/tag/e2806894000050038662154f, 85
1652706155.285191, sdrt-health/mac:02010b41cdec/antenna/tag/e2806894000050038662154f, 93
1652706155.365236, sdrt-health/mac:02010b41cdec/antenna/tag/e2806894000050038661fd4f, 86
1652706155.365712, sdrt-health/mac:02010b41cdec/antenna/tag/e28068940000400386621d4f, 90
1652706155.386674, sdrt-health/mac:02010b41cdec/antenna/tag/e2806894000050038661fd4f, 90
1652706155.426614, sdrt-health/mac:02010b41cdec/antenna/tag/e2806894000040038661f94f, 83
1652706155.426847, sdrt-health/mac:02010b41cdec/antenna/tag/e28068940000400386621d4f, 96
1652706155.444383, sdrt-health/mac:02010b41cdec/antenna/tag/e2806894000050038662154f, 93
1652706155.444658, sdrt-health/mac:02010b41cdec/antenna/tag/e28068940000500386620d4f, 93
1652706155.44484, sdrt-health/mac:02010b41cdec/antenna/tag/e28068940000400386621d4f, 96
1652706155.478335, sdrt-health/mac:02010b41cdec/antenna/tag/e2806894000040038662114f, 88
1652706155.513125, sdrt-health/mac:02010b41cdec/antenna/tag/e2806894000050038661fd4f, 86
1652706155.513391, sdrt-health/mac:02010b41cdec/antenna/tag/e28068940000400386621d4f, 90
1652706155.530647, sdrt-health/mac:02010b41cdec/antenna/tag/e2806894000040038662114f, 85
1652706155.574305, sdrt-health/mac:02010b41cdec/antenna/tag/e28068940000400386621d4f, 96
1652706155.750472, sdrt-health/mac:02010b41cdec/antenna/tag/e2806894000050038662154f, 81
1652706155.750839, sdrt-health/mac:02010b41cdec/antenna/tag/e28068940000400386621d4f, 96
1652706155.792742, sdrt-health/mac:02010b41cdec/antenna/tag/e2806894000040038662114f, 85
1652706155.852319, sdrt-health/mac:02010b41cdec/antenna/tag/e28068940000400386621d4f, 86
1652706155.852535, sdrt-health/mac:02010b41cdec/antenna/tag/e2806894000040038662114f, 88
1652706155.870106, sdrt-health/mac:02010b41cdec/antenna/tag/e2806894000050038662154f, 85
1652706155.877448, sdrt-health/mac:02010b41cdec/antenna/tag/e28068940000500386620d4f, 87
1652706155.887647, sdrt-health/mac:02010b41cdec/antenna/tag/e2806894000040038662114f, 88
1652706155.928609, sdrt-health/mac:02010b41cdec/antenna/tag/e2806894000040038662114f, 85
1652706155.974758, sdrt-health/mac:02010b41cdec/antenna/tag/e2806894000040038662114f, 88
1652706156.01605, sdrt-health/mac:02010b41cdec/antenna/tag/e2806894000050038662154f, 88
1652706156.054257, sdrt-health/mac:02010b41cdec/antenna/tag/e28068940000400386621d4f, 96
1652706156.33403, sdrt-health/mac:02010b41cdec/antenna/tag/e2806894000040038662114f, 85
1652706156.334252, sdrt-health/mac:02010b41cdec/antenna/tag/e28068940000400386621d4f, 77
1652706156.349992, sdrt-health/mac:02010b41cdec/antenna/tag/e2806894000050038661fd4f, 83
1652706156.350328, sdrt-health/mac:02010b41cdec/antenna/tag/e2806894000050038662154f, 83
1652706156.350501, sdrt-health/mac:02010b41cdec/antenna/tag/e2806894000050038661fd4f, 86
1652706156.350632, sdrt-health/mac:02010b41cdec/antenna/tag/e2806894000050038662154f, 85
1652706156.350741, sdrt-health/mac:02010b41cdec/antenna/tag/e2806894000040038662114f, 85
1652706156.350852, sdrt-health/mac:02010b41cdec/antenna/tag/e2806894000050038661fd4f, 90
1652706156.350996, sdrt-health/mac:02010b41cdec/antenna/tag/e2806894000040038662114f, 88
1652706156.351105, sdrt-health/mac:02010b41cdec/antenna/tag/e2806894000050038661fd4f, 86
1652706156.375904, sdrt-health/mac:02010b41cdec/antenna/tag/e2806894000050038661fd4f, 86
1652706156.406895, sdrt-health/mac:02010b41cdec/antenna/tag/e2806894000050038661fd4f, 83
1652706156.407369, sdrt-health/mac:02010b41cdec/antenna/tag/e28068940000400386621d4f, 96
1652706156.438132, sdrt-health/mac:02010b41cdec/antenna/tag/e2806894000050038662154f, 83
1652706156.485173, sdrt-health/mac:02010b41cdec/antenna/tag/e2806894000040038661f94f, 81
1652706156.559799, sdrt-health/mac:02010b41cdec/antenna/tag/e28068940000500386620d4f, 87
1652706156.560167, sdrt-health/mac:02010b41cdec/antenna/tag/e28068940000500386620d4f, 87
1652706156.574404, sdrt-health/mac:02010b41cdec/antenna/tag/e28068940000500386620d4f, 88
1652706156.574803, sdrt-health/mac:02010b41cdec/antenna/tag/e2806894000050038662154f, 87
1652706156.614568, sdrt-health/mac:02010b41cdec/antenna/tag/e2806894000050038662154f, 93
1652706156.674773, sdrt-health/mac:02010b41cdec/antenna/tag/e2806894000050038662154f, 85
1652706156.675074, sdrt-health/mac:02010b41cdec/antenna/tag/e28068940000400386621d4f, 96
1652706156.692734, sdrt-health/mac:02010b41cdec/antenna/tag/e28068940000500386620d4f, 85
1652706156.693013, sdrt-health/mac:02010b41cdec/antenna/tag/e2806894000050038662154f, 85
1652706156.71504, sdrt-health/mac:02010b41cdec/antenna/tag/e28068940000500386620d4f, 87
1652706156.758774, sdrt-health/mac:02010b41cdec/antenna/tag/e2806894000050038661fd4f, 90
1652706156.805028, sdrt-health/mac:02010b41cdec/antenna/tag/e28068940000500386620d4f, 85
1652706156.863411, sdrt-health/mac:02010b41cdec/antenna/tag/e2806894000050038662194f, 94
1652706156.913182, sdrt-health/mac:02010b41cdec/antenna/tag/e2806894000050038662154f, 85
1652706156.971497, sdrt-health/mac:02010b41cdec/antenna/tag/e2806894000050038662154f, 85
1652706156.971693, sdrt-health/mac:02010b41cdec/antenna/tag/e28068940000400386621d4f, 96
1652706156.999467, sdrt-health/mac:02010b41cdec/antenna/tag/e2806894000050038661fd4f, 86
1652706157.061362, sdrt-health/mac:02010b41cdec/antenna/tag/e28068940000400386621d4f, 90
1652706157.061661, sdrt-health/mac:02010b41cdec/antenna/tag/e2806894000040038662114f, 87
1652706157.10037, sdrt-health/mac:02010b41cdec/antenna/tag/e2806894000050038661fd4f, 86
1652706157.160903, sdrt-health/mac:02010b41cdec/antenna/tag/e28068940000400386621d4f, 90
1652706157.222513, sdrt-health/mac:02010b41cdec/antenna/tag/e2806894000050038662154f, 85
1652706157.22275, sdrt-health/mac:02010b41cdec/antenna/tag/e2806894000050038661fd4f, 86
1652706157.25541, sdrt-health/mac:02010b41cdec/antenna/tag/e2806894000050038662154f, 85
1652706157.326321, sdrt-health/mac:02010b41cdec/antenna/tag/e28068940000400386621d4f, 90
1652706157.32654, sdrt-health/mac:02010b41cdec/antenna/tag/e28068940000400386621d4f, 90
1652706157.342209, sdrt-health/mac:02010b41cdec/antenna/tag/e2806894000050038661fd4f, 86
1652706157.342465, sdrt-health/mac:02010b41cdec/antenna/tag/e28068940000500386620d4f, 87
1652706157.342604, sdrt-health/mac:02010b41cdec/antenna/tag/e2806894000050038661fd4f, 86
1652706157.357806, sdrt-health/mac:02010b41cdec/antenna/tag/e28068940000400386621d4f, 90
1652706157.358006, sdrt-health/mac:02010b41cdec/antenna/tag/e2806894000050038661fd4f, 83
1652706157.358148, sdrt-health/mac:02010b41cdec/antenna/tag/e28068940000400386621d4f, 96
1652706157.407367, sdrt-health/mac:02010b41cdec/antenna/tag/e2806894000050038662154f, 81
1652706157.469761, sdrt-health/mac:02010b41cdec/antenna/tag/e28068940000500386620d4f, 87
1652706157.469992, sdrt-health/mac:02010b41cdec/antenna/tag/e2806894000050038662194f, 81
1652706157.494275, sdrt-health/mac:02010b41cdec/antenna/tag/e2806894000050038661fd4f, 86
1652706157.53431, sdrt-health/mac:02010b41cdec/antenna/tag/e28068940000500386620d4f, 87
1652706157.575677, sdrt-health/mac:02010b41cdec/antenna/tag/e2806894000040038662114f, 88
1652706157.615472, sdrt-health/mac:02010b41cdec/antenna/tag/e28068940000500386620d4f, 93
1652706157.650555, sdrt-health/mac:02010b41cdec/antenna/tag/e28068940000400386621d4f, 96
1652706157.650772, sdrt-health/mac:02010b41cdec/antenna/tag/e2806894000040038662114f, 88
1652706157.668315, sdrt-health/mac:02010b41cdec/antenna/tag/e28068940000500386620d4f, 93
1652706157.668558, sdrt-health/mac:02010b41cdec/antenna/tag/e2806894000050038661fd4f, 86
1652706157.736955, sdrt-health/mac:02010b41cdec/antenna/tag/e28068940000400386621d4f, 96
1652706157.789916, sdrt-health/mac:02010b41cdec/antenna/tag/e28068940000400386621d4f, 90
1652706157.851337, sdrt-health/mac:02010b41cdec/antenna/tag/e2806894000040038662114f, 85
1652706157.851761, sdrt-health/mac:02010b41cdec/antenna/tag/e2806894000050038661fd4f, 86
1652706157.868834, sdrt-health/mac:02010b41cdec/antenna/tag/e2806894000050038661fd4f, 86
1652706157.881268, sdrt-health/mac:02010b41cdec/antenna/tag/e2806894000050038661fd4f, 86
1652706157.885388, sdrt-health/mac:02010b41cdec/antenna/tag/e28068940000400386621d4f, 90
1652706157.926052, sdrt-health/mac:02010b41cdec/antenna/tag/e2806894000050038662194f, 94
1652706157.973945, sdrt-health/mac:02010b41cdec/antenna/tag/e2806894000040038662114f, 85
1652706158.015322, sdrt-health/mac:02010b41cdec/antenna/tag/e2806894000040038662114f, 87
1652706158.056166, sdrt-health/mac:02010b41cdec/antenna/tag/e2806894000050038661fd4f, 86
1652706158.111702, sdrt-health/mac:02010b41cdec/antenna/tag/e28068940000400386621d4f, 77
1652706158.111903, sdrt-health/mac:02010b41cdec/antenna/tag/e2806894000050038662154f, 83
1652706158.112021, sdrt-health/mac:02010b41cdec/antenna/tag/e2806894000050038662194f, 83
1652706158.127204, sdrt-health/mac:02010b41cdec/antenna/tag/e28068940000500386620d4f, 87
1652706158.19747, sdrt-health/mac:02010b41cdec/antenna/tag/e28068940000500386620d4f, 93
1652706158.268944, sdrt-health/mac:02010b41cdec/antenna/tag/e2806894000050038662194f, 81
1652706158.269371, sdrt-health/mac:02010b41cdec/antenna/tag/e2806894000040038662114f, 88
1652706158.29489, sdrt-health/mac:02010b41cdec/antenna/tag/e2806894000040038662114f, 87
1652706158.351134, sdrt-health/mac:02010b41cdec/antenna/tag/e28068940000500386620d4f, 85
1652706158.394887, sdrt-health/mac:02010b41cdec/antenna/tag/e2806894000040038662114f, 88
1652706158.395324, sdrt-health/mac:02010b41cdec/antenna/tag/e2806894000050038661fd4f, 86
1652706158.395609, sdrt-health/mac:02010b41cdec/antenna/tag/e28068940000400386621d4f, 90
1652706158.436963, sdrt-health/mac:02010b41cdec/antenna/tag/e2806894000040038662114f, 88
1652706158.475595, sdrt-health/mac:02010b41cdec/antenna/tag/e28068940000500386620d4f, 87
1652706158.475824, sdrt-health/mac:02010b41cdec/antenna/tag/e2806894000050038661fd4f, 86
1652706158.50987, sdrt-health/mac:02010b41cdec/antenna/tag/e28068940000400386621d4f, 96
1652706158.510097, sdrt-health/mac:02010b41cdec/antenna/tag/e28068940000500386620d4f, 87
1652706158.611659, sdrt-health/mac:02010b41cdec/antenna/tag/e2806894000050038662154f, 87
1652706158.677503, sdrt-health/mac:02010b41cdec/antenna/tag/e2806894000050038662154f, 81
1652706158.7255, sdrt-health/mac:02010b41cdec/antenna/tag/e2806894000040038662114f, 83
1652706158.790556, sdrt-health/mac:02010b41cdec/antenna/tag/e28068940000500386620d4f, 87
1652706158.790759, sdrt-health/mac:02010b41cdec/antenna/tag/e2806894000040038661f94f, 81
1652706158.814375, sdrt-health/mac:02010b41cdec/antenna/tag/e28068940000500386620d4f, 85
1652706158.894155, sdrt-health/mac:02010b41cdec/antenna/tag/e2806894000050038662194f, 94
1652706158.934055, sdrt-health/mac:02010b41cdec/antenna/tag/e28068940000500386620d4f, 93
1652706158.97391, sdrt-health/mac:02010b41cdec/antenna/tag/e28068940000400386621d4f, 77
1652706159.035167, sdrt-health/mac:02010b41cdec/antenna/tag/e2806894000050038662194f, 87
1652706159.078587, sdrt-health/mac:02010b41cdec/antenna/tag/e2806894000040038662114f, 85
1652706159.146367, sdrt-health/mac:02010b41cdec/antenna/tag/e2806894000050038661fd4f, 90
1652706159.146772, sdrt-health/mac:02010b41cdec/antenna/tag/e2806894000040038662114f, 88
1652706159.174554, sdrt-health/mac:02010b41cdec/antenna/tag/e2806894000050038662154f, 81
1652706159.230769, sdrt-health/mac:02010b41cdec/antenna/tag/e2806894000040038662114f, 87
1652706159.231093, sdrt-health/mac:02010b41cdec/antenna/tag/e2806894000050038662194f, 88
1652706159.254465, sdrt-health/mac:02010b41cdec/antenna/tag/e2806894000050038661fd4f, 83
1652706159.295433, sdrt-health/mac:02010b41cdec/antenna/tag/e2806894000050038662154f, 85
1652706159.346561, sdrt-health/mac:02010b41cdec/antenna/tag/e2806894000050038661fd4f, 86
1652706159.407798, sdrt-health/mac:02010b41cdec/antenna/tag/e2806894000050038661fd4f, 86
1652706159.408042, sdrt-health/mac:02010b41cdec/antenna/tag/e2806894000040038662114f, 85
1652706159.44828, sdrt-health/mac:02010b41cdec/antenna/tag/e2806894000040038662114f, 85
1652706159.516109, sdrt-health/mac:02010b41cdec/antenna/tag/e28068940000400386621d4f, 90
1652706159.51701, sdrt-health/mac:02010b41cdec/antenna/tag/e2806894000050038662154f, 93
1652706159.538979, sdrt-health/mac:02010b41cdec/antenna/tag/e28068940000500386620d4f, 93
1652706159.539211, sdrt-health/mac:02010b41cdec/antenna/tag/e2806894000050038662154f, 87
1652706159.539339, sdrt-health/mac:02010b41cdec/antenna/tag/e2806894000050038662194f, 83
1652706159.584169, sdrt-health/mac:02010b41cdec/antenna/tag/e2806894000050038662194f, 81
1652706159.629299, sdrt-health/mac:02010b41cdec/antenna/tag/e2806894000050038661fd4f, 86
1652706159.719279, sdrt-health/mac:02010b41cdec/antenna/tag/e28068940000500386620d4f, 83
1652706159.764816, sdrt-health/mac:02010b41cdec/antenna/tag/e2806894000050038661fd4f, 86
1652706159.833288, sdrt-health/mac:02010b41cdec/antenna/tag/e28068940000400386621d4f, 90
1652706159.893135, sdrt-health/mac:02010b41cdec/antenna/tag/e28068940000400386621d4f, 90
1652706159.893368, sdrt-health/mac:02010b41cdec/antenna/tag/e28068940000500386620d4f, 87
1652706159.893484, sdrt-health/mac:02010b41cdec/antenna/tag/e28068940000400386621d4f, 90
1652706159.91267, sdrt-health/mac:02010b41cdec/antenna/tag/e28068940000500386620d4f, 93
1652706159.912917, sdrt-health/mac:02010b41cdec/antenna/tag/e28068940000500386620d4f, 93
1652706159.923769, sdrt-health/mac:02010b41cdec/antenna/tag/e2806894000040038662114f, 85
1652706159.928594, sdrt-health/mac:02010b41cdec/antenna/tag/e2806894000050038662154f, 93
1652706159.928796, sdrt-health/mac:02010b41cdec/antenna/tag/e2806894000050038662154f, 83
1652706159.974377, sdrt-health/mac:02010b41cdec/antenna/tag/e2806894000050038662154f, 83
1652706160.030686, sdrt-health/mac:02010b41cdec/antenna/tag/e2806894000050038662154f, 87
1652706160.03103, sdrt-health/mac:02010b41cdec/antenna/tag/e28068940000500386620d4f, 93
1652706160.045974, sdrt-health/mac:02010b41cdec/antenna/tag/e2806894000050038661fd4f, 83
1652706160.054194, sdrt-health/mac:02010b41cdec/antenna/tag/e2806894000050038661fd4f, 86
1652706160.061049, sdrt-health/mac:02010b41cdec/antenna/tag/e2806894000040038662114f, 93
1652706160.110998, sdrt-health/mac:02010b41cdec/antenna/tag/e28068940000500386620d4f, 93
1652706160.180368, sdrt-health/mac:02010b41cdec/antenna/tag/e28068940000400386621d4f, 96
1652706160.18057, sdrt-health/mac:02010b41cdec/antenna/tag/e28068940000500386620d4f, 93
1652706160.215749, sdrt-health/mac:02010b41cdec/antenna/tag/e28068940000400386621d4f, 96
1652706160.249463, sdrt-health/mac:02010b41cdec/antenna/tag/e2806894000050038661fd4f, 86
1652706160.249701, sdrt-health/mac:02010b41cdec/antenna/tag/e28068940000500386620d4f, 93
1652706160.26867, sdrt-health/mac:02010b41cdec/antenna/tag/e2806894000050038662194f, 88
1652706160.268884, sdrt-health/mac:02010b41cdec/antenna/tag/e2806894000050038662194f, 83
1652706160.294181, sdrt-health/mac:02010b41cdec/antenna/tag/e2806894000040038662114f, 85
1652706160.400816, sdrt-health/mac:02010b41cdec/antenna/tag/e2806894000050038662194f, 94
1652706160.401206, sdrt-health/mac:02010b41cdec/antenna/tag/e2806894000050038661fd4f, 86
1652706160.482648, sdrt-health/mac:02010b41cdec/antenna/tag/e2806894000040038662114f, 88
1652706160.534971, sdrt-health/mac:02010b41cdec/antenna/tag/e2806894000050038662194f, 94
1652706160.574158, sdrt-health/mac:02010b41cdec/antenna/tag/e2806894000050038662154f, 87
1652706160.613978, sdrt-health/mac:02010b41cdec/antenna/tag/e2806894000050038662154f, 88
1652706160.670444, sdrt-health/mac:02010b41cdec/antenna/tag/e28068940000400386621d4f, 96
1652706160.70173, sdrt-health/mac:02010b41cdec/antenna/tag/e2806894000050038661fd4f, 86
1652706160.701942, sdrt-health/mac:02010b41cdec/antenna/tag/e2806894000050038662154f, 85
1652706160.724869, sdrt-health/mac:02010b41cdec/antenna/tag/e2806894000050038662154f, 85
1652706160.790949, sdrt-health/mac:02010b41cdec/antenna/tag/e2806894000040038662114f, 85
1652706160.846306, sdrt-health/mac:02010b41cdec/antenna/tag/e28068940000400386621d4f, 90
1652706160.846609, sdrt-health/mac:02010b41cdec/antenna/tag/e2806894000050038662154f, 87
1652706160.861044, sdrt-health/mac:02010b41cdec/antenna/tag/e28068940000400386621d4f, 90
1652706160.861263, sdrt-health/mac:02010b41cdec/antenna/tag/e2806894000050038662154f, 85
1652706160.874971, sdrt-health/mac:02010b41cdec/antenna/tag/e2806894000050038662194f, 81
1652706160.876641, sdrt-health/mac:02010b41cdec/antenna/tag/e2806894000040038662114f, 85
1652706160.918361, sdrt-health/mac:02010b41cdec/antenna/tag/e28068940000400386621d4f, 96
1652706161.003662, sdrt-health/mac:02010b41cdec/antenna/tag/e2806894000050038661fd4f, 86
1652706161.003932, sdrt-health/mac:02010b41cdec/antenna/tag/e2806894000040038662114f, 85
1652706161.035046, sdrt-health/mac:02010b41cdec/antenna/tag/e2806894000040038662114f, 88
1652706161.077252, sdrt-health/mac:02010b41cdec/antenna/tag/e2806894000040038662114f, 85
1652706161.125353, sdrt-health/mac:02010b41cdec/antenna/tag/e2806894000040038662114f, 85
1652706161.17348, sdrt-health/mac:02010b41cdec/antenna/tag/e28068940000400386621d4f, 96
1652706161.269059, sdrt-health/mac:02010b41cdec/antenna/tag/e2806894000050038661fd4f, 83
1652706161.269311, sdrt-health/mac:02010b41cdec/antenna/tag/e28068940000500386620d4f, 93
1652706161.310937, sdrt-health/mac:02010b41cdec/antenna/tag/e2806894000050038661fd4f, 86
1652706161.342792, sdrt-health/mac:02010b41cdec/antenna/tag/e2806894000040038662114f, 85
1652706161.343094, sdrt-health/mac:02010b41cdec/antenna/tag/e28068940000400386621d4f, 90
1652706161.36841, sdrt-health/mac:02010b41cdec/antenna/tag/e2806894000050038661fd4f, 86
1652706161.397639, sdrt-health/mac:02010b41cdec/antenna/tag/e28068940000400386621d4f, 96
1652706161.428033, sdrt-health/mac:02010b41cdec/antenna/tag/e2806894000050038661fd4f, 86
1652706161.428286, sdrt-health/mac:02010b41cdec/antenna/tag/e2806894000040038662114f, 88
1652706161.444464, sdrt-health/mac:02010b41cdec/antenna/tag/e2806894000050038661fd4f, 86
1652706161.485436, sdrt-health/mac:02010b41cdec/antenna/tag/e2806894000050038662154f, 93
1652706161.534341, sdrt-health/mac:02010b41cdec/antenna/tag/e2806894000050038662154f, 93
1652706161.574413, sdrt-health/mac:02010b41cdec/antenna/tag/e2806894000040038662114f, 93
1652706161.610823, sdrt-health/mac:02010b41cdec/antenna/tag/e28068940000400386621d4f, 96
1652706161.611096, sdrt-health/mac:02010b41cdec/antenna/tag/e28068940000500386620d4f, 85
1652706161.711834, sdrt-health/mac:02010b41cdec/antenna/tag/e2806894000050038662154f, 85
1652706161.778841, sdrt-health/mac:02010b41cdec/antenna/tag/e28068940000400386621d4f, 90
1652706161.779078, sdrt-health/mac:02010b41cdec/antenna/tag/e28068940000500386620d4f, 87
1652706161.822162, sdrt-health/mac:02010b41cdec/antenna/tag/e28068940000500386620d4f, 93
1652706161.855781, sdrt-health/mac:02010b41cdec/antenna/tag/e2806894000050038662154f, 85
1652706161.856017, sdrt-health/mac:02010b41cdec/antenna/tag/e28068940000400386621d4f, 96
1652706161.856152, sdrt-health/mac:02010b41cdec/antenna/tag/e2806894000040038662114f, 88
1652706161.870911, sdrt-health/mac:02010b41cdec/antenna/tag/e2806894000050038661fd4f, 90
1652706161.914858, sdrt-health/mac:02010b41cdec/antenna/tag/e2806894000050038661fd4f, 86
1652706161.957684, sdrt-health/mac:02010b41cdec/antenna/tag/e28068940000500386620d4f, 93
1652706162.005325, sdrt-health/mac:02010b41cdec/antenna/tag/e2806894000050038662154f, 93
1652706162.054928, sdrt-health/mac:02010b41cdec/antenna/tag/e2806894000050038662154f, 83
1652706162.109918, sdrt-health/mac:02010b41cdec/antenna/tag/e2806894000040038662214f, 94
1652706162.110144, sdrt-health/mac:02010b41cdec/antenna/tag/e2806894000050038662154f, 83
1652706162.125454, sdrt-health/mac:02010b41cdec/antenna/tag/e2806894000040038662214f, 84
1652706162.155897, sdrt-health/mac:02010b41cdec/antenna/tag/e2806894000040038662114f, 85
1652706162.156122, sdrt-health/mac:02010b41cdec/antenna/tag/e2806894000040038662214f, 88
1652706162.190122, sdrt-health/mac:02010b41cdec/antenna/tag/e28068940000500386620d4f, 87
1652706162.235222, sdrt-health/mac:02010b41cdec/antenna/tag/e2806894000040038662114f, 85
1652706162.293131, sdrt-health/mac:02010b41cdec/antenna/tag/e2806894000050038662154f, 87
1652706162.29336, sdrt-health/mac:02010b41cdec/antenna/tag/e2806894000050038662154f, 87
1652706162.40665, sdrt-health/mac:02010b41cdec/antenna/tag/e2806894000050038662194f, 94
1652706162.545198, sdrt-health/mac:02010b41cdec/antenna/tag/e2806894000050038662154f, 93
1652706162.579945, sdrt-health/mac:02010b41cdec/antenna/tag/e28068940000400386621d4f, 90
1652706162.580262, sdrt-health/mac:02010b41cdec/antenna/tag/e2806894000050038661fd4f, 86
1652706162.59553, sdrt-health/mac:02010b41cdec/antenna/tag/e2806894000040038662114f, 85
1652706162.642781, sdrt-health/mac:02010b41cdec/antenna/tag/e28068940000500386620d4f, 93
1652706162.70818, sdrt-health/mac:02010b41cdec/antenna/tag/e2806894000040038662114f, 85
1652706162.708452, sdrt-health/mac:02010b41cdec/antenna/tag/e28068940000500386620d4f, 85
1652706162.733972, sdrt-health/mac:02010b41cdec/antenna/tag/e28068940000400386621d4f, 90
1652706162.767013, sdrt-health/mac:02010b41cdec/antenna/tag/e28068940000500386620d4f, 85
1652706162.767328, sdrt-health/mac:02010b41cdec/antenna/tag/e28068940000400386621d4f, 96
1652706162.796327, sdrt-health/mac:02010b41cdec/antenna/tag/e2806894000040038662114f, 93
1652706162.837571, sdrt-health/mac:02010b41cdec/antenna/tag/e28068940000500386620d4f, 93
1652706162.884816, sdrt-health/mac:02010b41cdec/antenna/tag/e2806894000050038662154f, 88
1652706162.918668, sdrt-health/mac:02010b41cdec/antenna/tag/e2806894000050038661fd4f, 86
1652706162.918869, sdrt-health/mac:02010b41cdec/antenna/tag/e2806894000050038662154f, 85
1652706162.935567, sdrt-health/mac:02010b41cdec/antenna/tag/e2806894000050038662154f, 81
1652706163.005216, sdrt-health/mac:02010b41cdec/antenna/tag/e28068940000400386621d4f, 77
1652706163.04551, sdrt-health/mac:02010b41cdec/antenna/tag/e2806894000050038661fd4f, 83
1652706163.093394, sdrt-health/mac:02010b41cdec/antenna/tag/e2806894000040038662114f, 85
1652706163.133182, sdrt-health/mac:02010b41cdec/antenna/tag/e2806894000050038662154f, 85
1652706163.222972, sdrt-health/mac:02010b41cdec/antenna/tag/e2806894000040038662114f, 85
1652706163.223235, sdrt-health/mac:02010b41cdec/antenna/tag/e2806894000040038662114f, 85
1652706163.253651, sdrt-health/mac:02010b41cdec/antenna/tag/e28068940000500386620d4f, 93
1652706163.309658, sdrt-health/mac:02010b41cdec/antenna/tag/e2806894000040038662114f, 85
1652706163.309974, sdrt-health/mac:02010b41cdec/antenna/tag/e28068940000400386621d4f, 90
1652706163.327744, sdrt-health/mac:02010b41cdec/antenna/tag/e28068940000500386620d4f, 87
1652706163.333142, sdrt-health/mac:02010b41cdec/antenna/tag/e2806894000040038662114f, 88
1652706163.38913, sdrt-health/mac:02010b41cdec/antenna/tag/e28068940000400386621d4f, 90
1652706163.508718, sdrt-health/mac:02010b41cdec/antenna/tag/e2806894000050038662154f, 85
1652706163.509029, sdrt-health/mac:02010b41cdec/antenna/tag/e2806894000050038661fd4f, 83
1652706163.556697, sdrt-health/mac:02010b41cdec/antenna/tag/e2806894000040038662114f, 85
1652706163.603709, sdrt-health/mac:02010b41cdec/antenna/tag/e28068940000500386620d4f, 85
1652706163.654836, sdrt-health/mac:02010b41cdec/antenna/tag/e28068940000500386620d4f, 83
1652706163.734434, sdrt-health/mac:02010b41cdec/antenna/tag/e2806894000050038662154f, 93
1652706163.734632, sdrt-health/mac:02010b41cdec/antenna/tag/e2806894000040038662114f, 88
1652706163.754847, sdrt-health/mac:02010b41cdec/antenna/tag/e28068940000400386621d4f, 90
1652706163.813388, sdrt-health/mac:02010b41cdec/antenna/tag/e2806894000050038661fd4f, 86
1652706163.813822, sdrt-health/mac:02010b41cdec/antenna/tag/e2806894000050038662154f, 85
1652706163.830327, sdrt-health/mac:02010b41cdec/antenna/tag/e28068940000500386620d4f, 87
1652706163.868686, sdrt-health/mac:02010b41cdec/antenna/tag/e28068940000500386620d4f, 87
1652706163.917701, sdrt-health/mac:02010b41cdec/antenna/tag/e2806894000040038662114f, 88
1652706163.957608, sdrt-health/mac:02010b41cdec/antenna/tag/e2806894000050038662194f, 88
1652706164.004768, sdrt-health/mac:02010b41cdec/antenna/tag/e28068940000500386620d4f, 87
1652706164.072673, sdrt-health/mac:02010b41cdec/antenna/tag/e2806894000050038662154f, 81
1652706164.072909, sdrt-health/mac:02010b41cdec/antenna/tag/e2806894000040038662114f, 85
1652706164.089386, sdrt-health/mac:02010b41cdec/antenna/tag/e2806894000050038661fd4f, 83
1652706164.110412, sdrt-health/mac:02010b41cdec/antenna/tag/e2806894000050038662154f, 85
1652706164.15624, sdrt-health/mac:02010b41cdec/antenna/tag/e28068940000500386620d4f, 85
1652706164.18794, sdrt-health/mac:02010b41cdec/antenna/tag/e2806894000050038662154f, 85
1652706164.188159, sdrt-health/mac:02010b41cdec/antenna/tag/e2806894000050038661fd4f, 83
1652706164.202189, sdrt-health/mac:02010b41cdec/antenna/tag/e2806894000050038661fd4f, 86
1652706164.244189, sdrt-health/mac:02010b41cdec/antenna/tag/e2806894000050038661fd4f, 86
1652706164.294627, sdrt-health/mac:02010b41cdec/antenna/tag/e28068940000400386621d4f, 90
1652706164.348637, sdrt-health/mac:02010b41cdec/antenna/tag/e28068940000500386620d4f, 93
1652706164.348851, sdrt-health/mac:02010b41cdec/antenna/tag/e28068940000400386621d4f, 90
1652706164.385558, sdrt-health/mac:02010b41cdec/antenna/tag/e2806894000050038662154f, 87
1652706164.429392, sdrt-health/mac:02010b41cdec/antenna/tag/e28068940000500386620d4f, 93
1652706164.515254, sdrt-health/mac:02010b41cdec/antenna/tag/e28068940000400386621d4f, 77
1652706164.555517, sdrt-health/mac:02010b41cdec/antenna/tag/e28068940000500386620d4f, 87
1652706164.599065, sdrt-health/mac:02010b41cdec/antenna/tag/e2806894000050038661fd4f, 83
1652706164.631672, sdrt-health/mac:02010b41cdec/antenna/tag/e2806894000040038662114f, 85
1652706164.631901, sdrt-health/mac:02010b41cdec/antenna/tag/e28068940000500386620d4f, 83
1652706164.647322, sdrt-health/mac:02010b41cdec/antenna/tag/e2806894000040038662114f, 88
1652706164.647671, sdrt-health/mac:02010b41cdec/antenna/tag/e2806894000050038662194f, 81
1652706164.695671, sdrt-health/mac:02010b41cdec/antenna/tag/e28068940000400386621d4f, 90
1652706164.766963, sdrt-health/mac:02010b41cdec/antenna/tag/e2806894000050038662194f, 87
1652706164.767635, sdrt-health/mac:02010b41cdec/antenna/tag/e28068940000400386621d4f, 90
1652706164.782801, sdrt-health/mac:02010b41cdec/antenna/tag/e2806894000040038662114f, 88
1652706164.802362, sdrt-health/mac:02010b41cdec/antenna/tag/e2806894000050038662154f, 93
1652706164.805154, sdrt-health/mac:02010b41cdec/antenna/tag/e28068940000400386621d4f, 90
1652706164.805336, sdrt-health/mac:02010b41cdec/antenna/tag/e2806894000040038662114f, 85
1652706164.805514, sdrt-health/mac:02010b41cdec/antenna/tag/e2806894000050038662154f, 93
1652706164.854324, sdrt-health/mac:02010b41cdec/antenna/tag/e2806894000050038661fd4f, 86
1652706164.910845, sdrt-health/mac:02010b41cdec/antenna/tag/e28068940000400386621d4f, 90
1652706164.978333, sdrt-health/mac:02010b41cdec/antenna/tag/e2806894000040038662054f, 88
1652706164.978545, sdrt-health/mac:02010b41cdec/antenna/tag/e2806894000040038662114f, 85
1652706164.97868, sdrt-health/mac:02010b41cdec/antenna/tag/e2806894000050038662194f, 81
1652706164.994345, sdrt-health/mac:02010b41cdec/antenna/tag/e28068940000400386621d4f, 96
1652706165.014453, sdrt-health/mac:02010b41cdec/antenna/tag/e28068940000400386621d4f, 96
1652706165.069369, sdrt-health/mac:02010b41cdec/antenna/tag/e2806894000050038662154f, 88
1652706165.103103, sdrt-health/mac:02010b41cdec/antenna/tag/e28068940000500386620d4f, 83
1652706165.103286, sdrt-health/mac:02010b41cdec/antenna/tag/e28068940000400386621d4f, 96
1652706165.118253, sdrt-health/mac:02010b41cdec/antenna/tag/e28068940000400386621d4f, 96
1652706165.118468, sdrt-health/mac:02010b41cdec/antenna/tag/e2806894000040038662114f, 91
1652706165.158598, sdrt-health/mac:02010b41cdec/antenna/tag/e2806894000050038662154f, 81
1652706165.20421, sdrt-health/mac:02010b41cdec/antenna/tag/e2806894000050038662154f, 83
1652706165.26377, sdrt-health/mac:02010b41cdec/antenna/tag/e28068940000500386620d4f, 83
1652706165.30968, sdrt-health/mac:02010b41cdec/antenna/tag/e28068940000400386621d4f, 96
1652706165.370502, sdrt-health/mac:02010b41cdec/antenna/tag/e28068940000400386621d4f, 96
1652706165.370775, sdrt-health/mac:02010b41cdec/antenna/tag/e2806894000050038661fd4f, 83
1652706165.388202, sdrt-health/mac:02010b41cdec/antenna/tag/e28068940000500386620d4f, 83
1652706165.419858, sdrt-health/mac:02010b41cdec/antenna/tag/e28068940000500386620d4f, 83
1652706165.42007, sdrt-health/mac:02010b41cdec/antenna/tag/e2806894000050038661fd4f, 86
1652706165.445537, sdrt-health/mac:02010b41cdec/antenna/tag/e2806894000050038661fd4f, 86
1652706165.47899, sdrt-health/mac:02010b41cdec/antenna/tag/e2806894000040038662114f, 87
1652706165.479342, sdrt-health/mac:02010b41cdec/antenna/tag/e28068940000500386620d4f, 83
1652706165.494741, sdrt-health/mac:02010b41cdec/antenna/tag/e2806894000050038662154f, 81
1652706165.526924, sdrt-health/mac:02010b41cdec/antenna/tag/e2806894000050038662194f, 94
1652706165.527115, sdrt-health/mac:02010b41cdec/antenna/tag/e2806894000050038661fd4f, 83
1652706165.549842, sdrt-health/mac:02010b41cdec/antenna/tag/e2806894000050038661fd4f, 86
1652706165.59475, sdrt-health/mac:02010b41cdec/antenna/tag/e2806894000040038662114f, 83
1652706165.652225, sdrt-health/mac:02010b41cdec/antenna/tag/e2806894000050038662154f, 85
1652706165.652427, sdrt-health/mac:02010b41cdec/antenna/tag/e2806894000040038662114f, 88
1652706165.685433, sdrt-health/mac:02010b41cdec/antenna/tag/e28068940000400386621d4f, 96
1652706165.750525, sdrt-health/mac:02010b41cdec/antenna/tag/e2806894000050038662154f, 94
1652706165.750822, sdrt-health/mac:02010b41cdec/antenna/tag/e2806894000050038662154f, 81
1652706165.789643, sdrt-health/mac:02010b41cdec/antenna/tag/e28068940000400386621d4f, 77
1652706165.836368, sdrt-health/mac:02010b41cdec/antenna/tag/e2806894000050038662154f, 85
1652706165.892754, sdrt-health/mac:02010b41cdec/antenna/tag/e2806894000040038662114f, 85
1652706165.892975, sdrt-health/mac:02010b41cdec/antenna/tag/e28068940000500386620d4f, 87
1652706165.925372, sdrt-health/mac:02010b41cdec/antenna/tag/e28068940000500386620d4f, 93
1652706165.993561, sdrt-health/mac:02010b41cdec/antenna/tag/e28068940000400386621d4f, 90
1652706165.993799, sdrt-health/mac:02010b41cdec/antenna/tag/e2806894000040038662114f, 88
1652706166.198079, sdrt-health/mac:02010b41cdec/antenna/tag/scan, scan stopped
