1652705986.684623, sdrt-health/mac:02010b41cdec/antenna/power/set, {"power": 280}
1652705987.747394, sdrt-health/mac:02010b41cdec/antenna/power/set, 
1652705990.723678, sdrt-health/mac:02010b41cdec/antenna/state, connected
1652705990.724213, sdrt-health/mac:02010b41cdec/fw, {"version":"1.8.1","model":"200","hash":"2f556501b58f1dad542af428d7928d18","timestamp":1652705987}
1652705990.909336, sdrt-health/mac:02010b41cdec/antenna/version, J.6.6/V0121-04
1652705991.116343, sdrt-health/mac:02010b41cdec/antenna/power, 28
1652705991.706322, sdrt-health/mac:02010b41cdec/antenna/tag/scan, {"time": 20000}
1652705992.07492, sdrt-health/mac:02010b41cdec/antenna/tag/e28068940000500386620d4f, 93
1652705992.118309, sdrt-health/mac:02010b41cdec/antenna/tag/e28068940000500386620d4f, 87
1652705992.384842, sdrt-health/mac:02010b41cdec/antenna/tag/e2806894000050038662154f, 93
1652705992.413593, sdrt-health/mac:02010b41cdec/antenna/tag/e28068940000400386621d4f, 90
1652705992.413978, sdrt-health/mac:02010b41cdec/antenna/tag/e2806894000050038661fd4f, 86
1652705992.414287, sdrt-health/mac:02010b41cdec/antenna/tag/e2806894000050038661fd4f, 83
1652705992.414566, sdrt-health/mac:02010b41cdec/antenna/tag/e2806894000050038662154f, 88
1652705992.414846, sdrt-health/mac:02010b41cdec/antenna/tag/e2806894000040038662114f, 85
1652705992.415218, sdrt-health/mac:02010b41cdec/antenna/tag/e2806894000040038662114f, 85
1652705992.415506, sdrt-health/mac:02010b41cdec/antenna/tag/e28068940000500386620d4f, 83
1652705992.453785, sdrt-health/mac:02010b41cdec/antenna/tag/e2806894000050038661fd4f, 83
1652705992.482488, sdrt-health/mac:02010b41cdec/antenna/tag/e28068940000500386620d4f, 87
1652705992.48274, sdrt-health/mac:02010b41cdec/antenna/tag/e2806894000050038661fd4f, 86
1652705992.482886, sdrt-health/mac:02010b41cdec/antenna/tag/e28068940000500386620d4f, 81
1652705992.496229, sdrt-health/mac:02010b41cdec/antenna/tag/e2806894000040038662114f, 88
1652705992.54395, sdrt-health/mac:02010b41cdec/antenna/tag/e28068940000500386620d4f, 93
1652705992.589708, sdrt-health/mac:02010b41cdec/antenna/tag/e28068940000500386620d4f, 85
1652705992.617806, sdrt-health/mac:02010b41cdec/antenna/tag/e2806894000050038661fd4f, 86
1652705992.618279, sdrt-health/mac:02010b41cdec/antenna/tag/e2806894000050038662154f, 88
1652705992.618663, sdrt-health/mac:02010b41cdec/antenna/tag/e2806894000040038662114f, 85
1652705992.654648, sdrt-health/mac:02010b41cdec/antenna/tag/e2806894000040038662114f, 85
1652705992.704904, sdrt-health/mac:02010b41cdec/antenna/tag/e2806894000050038661fd4f, 86
1652705992.764377, sdrt-health/mac:02010b41cdec/antenna/tag/e28068940000500386620d4f, 83
1652705992.764855, sdrt-health/mac:02010b41cdec/antenna/tag/e2806894000040038662114f, 85
1652705992.779918, sdrt-health/mac:02010b41cdec/antenna/tag/e28068940000500386620d4f, 93
1652705992.780355, sdrt-health/mac:02010b41cdec/antenna/tag/e2806894000050038662154f, 87
1652705992.79583, sdrt-health/mac:02010b41cdec/antenna/tag/e2806894000050038662154f, 85
1652705992.861529, sdrt-health/mac:02010b41cdec/antenna/tag/e2806894000040038661f94f, 81
1652705992.862038, sdrt-health/mac:02010b41cdec/antenna/tag/e2806894000040038662114f, 85
1652705992.895024, sdrt-health/mac:02010b41cdec/antenna/tag/e28068940000500386620d4f, 93
1652705992.942252, sdrt-health/mac:02010b41cdec/antenna/tag/e2806894000040038662114f, 88
1652705993.038, sdrt-health/mac:02010b41cdec/antenna/tag/e2806894000050038661fd4f, 86
1652705993.038464, sdrt-health/mac:02010b41cdec/antenna/tag/e2806894000050038661fd4f, 86
1652705993.069059, sdrt-health/mac:02010b41cdec/antenna/tag/e28068940000500386620d4f, 85
1652705993.097734, sdrt-health/mac:02010b41cdec/antenna/tag/e28068940000400386621d4f, 90
1652705993.098143, sdrt-health/mac:02010b41cdec/antenna/tag/e2806894000050038662154f, 85
1652705993.114307, sdrt-health/mac:02010b41cdec/antenna/tag/e2806894000040038662114f, 85
1652705993.142507, sdrt-health/mac:02010b41cdec/antenna/tag/e2806894000050038661fd4f, 86
1652705993.142735, sdrt-health/mac:02010b41cdec/antenna/tag/e2806894000050038662154f, 85
1652705993.156459, sdrt-health/mac:02010b41cdec/antenna/tag/e2806894000050038662154f, 93
1652705993.205762, sdrt-health/mac:02010b41cdec/antenna/tag/e28068940000400386621d4f, 90
1652705993.256164, sdrt-health/mac:02010b41cdec/antenna/tag/e2806894000040038662114f, 85
1652705993.30966, sdrt-health/mac:02010b41cdec/antenna/tag/e2806894000050038661fd4f, 86
1652705993.310238, sdrt-health/mac:02010b41cdec/antenna/tag/e2806894000050038661fd4f, 83
1652705993.323973, sdrt-health/mac:02010b41cdec/antenna/tag/e28068940000400386621d4f, 96
1652705993.344144, sdrt-health/mac:02010b41cdec/antenna/tag/e2806894000050038662154f, 83
1652705993.410047, sdrt-health/mac:02010b41cdec/antenna/tag/e2806894000040038662214f, 94
1652705993.410569, sdrt-health/mac:02010b41cdec/antenna/tag/e28068940000400386621d4f, 77
1652705993.425392, sdrt-health/mac:02010b41cdec/antenna/tag/e2806894000040038662114f, 85
1652705993.444582, sdrt-health/mac:02010b41cdec/antenna/tag/e2806894000050038662154f, 85
1652705993.494027, sdrt-health/mac:02010b41cdec/antenna/tag/e2806894000040038662114f, 85
1652705993.589692, sdrt-health/mac:02010b41cdec/antenna/tag/e2806894000040038662114f, 93
1652705993.590232, sdrt-health/mac:02010b41cdec/antenna/tag/e2806894000050038661fd4f, 86
1652705993.604905, sdrt-health/mac:02010b41cdec/antenna/tag/e2806894000040038662114f, 88
1652705993.605724, sdrt-health/mac:02010b41cdec/antenna/tag/e28068940000500386620d4f, 85
1652705993.637293, sdrt-health/mac:02010b41cdec/antenna/tag/e2806894000040038662114f, 88
1652705993.666909, sdrt-health/mac:02010b41cdec/antenna/tag/e2806894000050038661fd4f, 86
1652705993.667632, sdrt-health/mac:02010b41cdec/antenna/tag/e2806894000050038662154f, 87
1652705993.66822, sdrt-health/mac:02010b41cdec/antenna/tag/e28068940000500386620d4f, 81
1652705993.683993, sdrt-health/mac:02010b41cdec/antenna/tag/e2806894000050038662154f, 87
1652705993.733698, sdrt-health/mac:02010b41cdec/antenna/tag/e2806894000050038662154f, 93
1652705993.734184, sdrt-health/mac:02010b41cdec/antenna/tag/e2806894000050038661fd4f, 86
1652705993.774056, sdrt-health/mac:02010b41cdec/antenna/tag/e2806894000040038662114f, 88
1652705993.837889, sdrt-health/mac:02010b41cdec/antenna/tag/e28068940000400386621d4f, 90
1652705993.838387, sdrt-health/mac:02010b41cdec/antenna/tag/e28068940000400386621d4f, 77
1652705993.870336, sdrt-health/mac:02010b41cdec/antenna/tag/e28068940000400386621d4f, 96
1652705993.934961, sdrt-health/mac:02010b41cdec/antenna/tag/e2806894000050038662154f, 88
1652705993.973975, sdrt-health/mac:02010b41cdec/antenna/tag/e28068940000400386621d4f, 90
1652705993.974354, sdrt-health/mac:02010b41cdec/antenna/tag/e28068940000400386621d4f, 90
1652705994.054639, sdrt-health/mac:02010b41cdec/antenna/tag/e2806894000050038662154f, 88
1652705994.094478, sdrt-health/mac:02010b41cdec/antenna/tag/e28068940000400386621d4f, 90
1652705994.135681, sdrt-health/mac:02010b41cdec/antenna/tag/e28068940000400386621d4f, 90
1652705994.194498, sdrt-health/mac:02010b41cdec/antenna/tag/e2806894000040038662114f, 85
1652705994.194999, sdrt-health/mac:02010b41cdec/antenna/tag/e2806894000040038662114f, 85
1652705994.234662, sdrt-health/mac:02010b41cdec/antenna/tag/e2806894000050038661fd4f, 83
1652705994.277879, sdrt-health/mac:02010b41cdec/antenna/tag/e2806894000050038662154f, 83
1652705994.327531, sdrt-health/mac:02010b41cdec/antenna/tag/e28068940000500386620d4f, 87
1652705994.327994, sdrt-health/mac:02010b41cdec/antenna/tag/e28068940000500386620d4f, 85
1652705994.402082, sdrt-health/mac:02010b41cdec/antenna/tag/e28068940000500386620d4f, 85
1652705994.454357, sdrt-health/mac:02010b41cdec/antenna/tag/e2806894000050038662154f, 88
1652705994.455292, sdrt-health/mac:02010b41cdec/antenna/tag/e28068940000400386621d4f, 90
1652705994.493719, sdrt-health/mac:02010b41cdec/antenna/tag/e28068940000400386621d4f, 96
1652705994.574681, sdrt-health/mac:02010b41cdec/antenna/tag/e2806894000050038661fd4f, 86
1652705994.614843, sdrt-health/mac:02010b41cdec/antenna/tag/e28068940000400386621d4f, 90
1652705994.668477, sdrt-health/mac:02010b41cdec/antenna/tag/e28068940000500386620d4f, 83
1652705994.668932, sdrt-health/mac:02010b41cdec/antenna/tag/e2806894000050038661fd4f, 86
1652705994.703687, sdrt-health/mac:02010b41cdec/antenna/tag/e2806894000050038661fd4f, 86
1652705994.766982, sdrt-health/mac:02010b41cdec/antenna/tag/e2806894000050038662154f, 85
1652705994.767512, sdrt-health/mac:02010b41cdec/antenna/tag/e2806894000050038661fd4f, 83
1652705994.782705, sdrt-health/mac:02010b41cdec/antenna/tag/e2806894000050038662154f, 81
1652705994.78328, sdrt-health/mac:02010b41cdec/antenna/tag/e2806894000050038662154f, 83
1652705994.793799, sdrt-health/mac:02010b41cdec/antenna/tag/e28068940000500386620d4f, 83
1652705994.798016, sdrt-health/mac:02010b41cdec/antenna/tag/e2806894000050038661fd4f, 86
1652705994.836946, sdrt-health/mac:02010b41cdec/antenna/tag/e2806894000050038661fd4f, 90
1652705994.885422, sdrt-health/mac:02010b41cdec/antenna/tag/e28068940000500386620d4f, 83
1652705994.951283, sdrt-health/mac:02010b41cdec/antenna/tag/e2806894000050038662154f, 85
1652705994.951724, sdrt-health/mac:02010b41cdec/antenna/tag/e2806894000040038662114f, 85
1652705994.989659, sdrt-health/mac:02010b41cdec/antenna/tag/e2806894000050038661fd4f, 86
1652705995.048048, sdrt-health/mac:02010b41cdec/antenna/tag/e2806894000040038662114f, 88
1652705995.048619, sdrt-health/mac:02010b41cdec/antenna/tag/e28068940000500386620d4f, 83
1652705995.062406, sdrt-health/mac:02010b41cdec/antenna/tag/e28068940000500386620d4f, 83
1652705995.06281, sdrt-health/mac:02010b41cdec/antenna/tag/e2806894000050038662154f, 85
1652705995.063101, sdrt-health/mac:02010b41cdec/antenna/tag/e2806894000050038661fd4f, 86
1652705995.135384, sdrt-health/mac:02010b41cdec/antenna/tag/e2806894000050038662154f, 83
1652705995.214151, sdrt-health/mac:02010b41cdec/antenna/tag/e28068940000400386621d4f, 77
1652705995.273923, sdrt-health/mac:02010b41cdec/antenna/tag/e28068940000400386621d4f, 77
1652705995.316459, sdrt-health/mac:02010b41cdec/antenna/tag/e2806894000050038662154f, 81
1652705995.317817, sdrt-health/mac:02010b41cdec/antenna/tag/e2806894000040038662114f, 85
1652705995.374814, sdrt-health/mac:02010b41cdec/antenna/tag/e2806894000050038661fd4f, 86
1652705995.414749, sdrt-health/mac:02010b41cdec/antenna/tag/e28068940000500386620d4f, 93
1652705995.45473, sdrt-health/mac:02010b41cdec/antenna/tag/e2806894000040038662114f, 88
1652705995.529252, sdrt-health/mac:02010b41cdec/antenna/tag/e2806894000050038661fd4f, 86
1652705995.529829, sdrt-health/mac:02010b41cdec/antenna/tag/e28068940000400386621d4f, 90
1652705995.530216, sdrt-health/mac:02010b41cdec/antenna/tag/e2806894000050038661fd4f, 86
1652705995.53063, sdrt-health/mac:02010b41cdec/antenna/tag/e28068940000400386621d4f, 90
1652705995.557735, sdrt-health/mac:02010b41cdec/antenna/tag/e2806894000050038662154f, 85
1652705995.619617, sdrt-health/mac:02010b41cdec/antenna/tag/e2806894000050038662154f, 93
1652705995.620079, sdrt-health/mac:02010b41cdec/antenna/tag/e2806894000050038661fd4f, 90
1652705995.63442, sdrt-health/mac:02010b41cdec/antenna/tag/e28068940000500386620d4f, 93
1652705995.655764, sdrt-health/mac:02010b41cdec/antenna/tag/e2806894000050038661fd4f, 83
1652705995.724991, sdrt-health/mac:02010b41cdec/antenna/tag/e2806894000040038662114f, 91
1652705995.725483, sdrt-health/mac:02010b41cdec/antenna/tag/e28068940000500386620d4f, 87
1652705995.740251, sdrt-health/mac:02010b41cdec/antenna/tag/e2806894000050038661fd4f, 86
1652705995.754272, sdrt-health/mac:02010b41cdec/antenna/tag/e28068940000500386620d4f, 87
1652705995.813083, sdrt-health/mac:02010b41cdec/antenna/tag/e2806894000050038662194f, 88
1652705995.813545, sdrt-health/mac:02010b41cdec/antenna/tag/e28068940000500386620d4f, 83
1652705995.828821, sdrt-health/mac:02010b41cdec/antenna/tag/e2806894000050038661fd4f, 83
1652705995.858111, sdrt-health/mac:02010b41cdec/antenna/tag/e2806894000050038662154f, 81
1652705995.858472, sdrt-health/mac:02010b41cdec/antenna/tag/e2806894000050038662154f, 81
1652705995.89348, sdrt-health/mac:02010b41cdec/antenna/tag/e2806894000040038662114f, 88
1652705995.949957, sdrt-health/mac:02010b41cdec/antenna/tag/e28068940000500386620d4f, 87
1652705995.979391, sdrt-health/mac:02010b41cdec/antenna/tag/e28068940000400386621d4f, 90
1652705995.979934, sdrt-health/mac:02010b41cdec/antenna/tag/e2806894000050038662154f, 83
1652705995.980425, sdrt-health/mac:02010b41cdec/antenna/tag/e28068940000400386621d4f, 90
1652705995.994033, sdrt-health/mac:02010b41cdec/antenna/tag/e2806894000050038661fd4f, 86
1652705996.037539, sdrt-health/mac:02010b41cdec/antenna/tag/e28068940000400386621d4f, 90
1652705996.084199, sdrt-health/mac:02010b41cdec/antenna/tag/e2806894000050038661fd4f, 86
1652705996.135263, sdrt-health/mac:02010b41cdec/antenna/tag/e2806894000040038662114f, 88
1652705996.174911, sdrt-health/mac:02010b41cdec/antenna/tag/e2806894000040038662114f, 85
1652705996.20433, sdrt-health/mac:02010b41cdec/antenna/tag/e2806894000040038662114f, 88
1652705996.204739, sdrt-health/mac:02010b41cdec/antenna/tag/e2806894000040038662114f, 85
1652705996.226167, sdrt-health/mac:02010b41cdec/antenna/tag/e2806894000050038662154f, 87
1652705996.269556, sdrt-health/mac:02010b41cdec/antenna/tag/e2806894000050038661fd4f, 86
1652705996.315412, sdrt-health/mac:02010b41cdec/antenna/tag/e28068940000400386621d4f, 96
1652705996.37591, sdrt-health/mac:02010b41cdec/antenna/tag/e28068940000500386620d4f, 88
1652705996.376364, sdrt-health/mac:02010b41cdec/antenna/tag/e2806894000050038661fd4f, 86
1652705996.389233, sdrt-health/mac:02010b41cdec/antenna/tag/e2806894000040038662114f, 87
1652705996.389577, sdrt-health/mac:02010b41cdec/antenna/tag/e2806894000050038662154f, 93
1652705996.389807, sdrt-health/mac:02010b41cdec/antenna/tag/e28068940000500386620d4f, 81
1652705996.390227, sdrt-health/mac:02010b41cdec/antenna/tag/e2806894000050038662154f, 81
1652705996.428608, sdrt-health/mac:02010b41cdec/antenna/tag/e28068940000400386621d4f, 77
1652705996.484796, sdrt-health/mac:02010b41cdec/antenna/tag/e2806894000040038662114f, 85
1652705996.550026, sdrt-health/mac:02010b41cdec/antenna/tag/e28068940000400386621d4f, 96
1652705996.550626, sdrt-health/mac:02010b41cdec/antenna/tag/e2806894000050038662154f, 81
1652705996.588833, sdrt-health/mac:02010b41cdec/antenna/tag/e2806894000040038662114f, 88
1652705996.647961, sdrt-health/mac:02010b41cdec/antenna/tag/e2806894000040038662114f, 85
1652705996.648456, sdrt-health/mac:02010b41cdec/antenna/tag/e28068940000500386620d4f, 87
1652705996.67619, sdrt-health/mac:02010b41cdec/antenna/tag/e2806894000050038662154f, 81
1652705996.704613, sdrt-health/mac:02010b41cdec/antenna/tag/e28068940000500386620d4f, 83
1652705996.704965, sdrt-health/mac:02010b41cdec/antenna/tag/e28068940000400386621d4f, 77
1652705996.719062, sdrt-health/mac:02010b41cdec/antenna/tag/e2806894000040038662114f, 88
1652705996.719395, sdrt-health/mac:02010b41cdec/antenna/tag/e2806894000050038662154f, 83
1652705996.76395, sdrt-health/mac:02010b41cdec/antenna/tag/e28068940000500386620d4f, 93
1652705996.807058, sdrt-health/mac:02010b41cdec/antenna/tag/e2806894000050038661fd4f, 86
1652705996.872145, sdrt-health/mac:02010b41cdec/antenna/tag/e28068940000500386620d4f, 93
1652705996.872671, sdrt-health/mac:02010b41cdec/antenna/tag/e2806894000040038662114f, 85
1652705996.888347, sdrt-health/mac:02010b41cdec/antenna/tag/e2806894000040038662114f, 91
1652705996.912893, sdrt-health/mac:02010b41cdec/antenna/tag/e2806894000050038661fd4f, 86
1652705996.946592, sdrt-health/mac:02010b41cdec/antenna/tag/e2806894000050038661fd4f, 86
1652705996.94681, sdrt-health/mac:02010b41cdec/antenna/tag/e28068940000400386621d4f, 90
1652705996.962301, sdrt-health/mac:02010b41cdec/antenna/tag/e2806894000050038662154f, 83
1652705996.962547, sdrt-health/mac:02010b41cdec/antenna/tag/e2806894000050038661fd4f, 86
1652705996.962667, sdrt-health/mac:02010b41cdec/antenna/tag/e28068940000400386621d4f, 77
1652705996.99944, sdrt-health/mac:02010b41cdec/antenna/tag/e2806894000040038662114f, 85
1652705997.045639, sdrt-health/mac:02010b41cdec/antenna/tag/e2806894000040038662114f, 85
1652705997.096079, sdrt-health/mac:02010b41cdec/antenna/tag/e28068940000400386621d4f, 90
1652705997.126379, sdrt-health/mac:02010b41cdec/antenna/tag/e28068940000500386620d4f, 83
1652705997.126643, sdrt-health/mac:02010b41cdec/antenna/tag/e2806894000050038661fd4f, 86
1652705997.149001, sdrt-health/mac:02010b41cdec/antenna/tag/e2806894000050038662154f, 85
1652705997.179033, sdrt-health/mac:02010b41cdec/antenna/tag/e2806894000050038662154f, 93
1652705997.179354, sdrt-health/mac:02010b41cdec/antenna/tag/e2806894000050038661fd4f, 86
1652705997.263291, sdrt-health/mac:02010b41cdec/antenna/tag/e2806894000050038661fd4f, 86
1652705997.297665, sdrt-health/mac:02010b41cdec/antenna/tag/e2806894000050038662154f, 83
1652705997.297863, sdrt-health/mac:02010b41cdec/antenna/tag/e28068940000500386620d4f, 93
1652705997.297953, sdrt-health/mac:02010b41cdec/antenna/tag/e2806894000050038662154f, 85
1652705997.298064, sdrt-health/mac:02010b41cdec/antenna/tag/e28068940000400386621d4f, 90
1652705997.315806, sdrt-health/mac:02010b41cdec/antenna/tag/e2806894000050038661fd4f, 86
1652705997.355343, sdrt-health/mac:02010b41cdec/antenna/tag/e2806894000050038662194f, 81
1652705997.38518, sdrt-health/mac:02010b41cdec/antenna/tag/e2806894000050038661fd4f, 90
1652705997.385636, sdrt-health/mac:02010b41cdec/antenna/tag/e28068940000400386621d4f, 96
1652705997.399591, sdrt-health/mac:02010b41cdec/antenna/tag/e2806894000040038662114f, 88
1652705997.399939, sdrt-health/mac:02010b41cdec/antenna/tag/e2806894000050038662154f, 83
1652705997.443398, sdrt-health/mac:02010b41cdec/antenna/tag/e2806894000040038662114f, 85
1652705997.49644, sdrt-health/mac:02010b41cdec/antenna/tag/e2806894000050038661fd4f, 86
1652705997.566801, sdrt-health/mac:02010b41cdec/antenna/tag/e2806894000050038661fd4f, 86
1652705997.567465, sdrt-health/mac:02010b41cdec/antenna/tag/e28068940000400386621d4f, 90
1652705997.58313, sdrt-health/mac:02010b41cdec/antenna/tag/e2806894000040038662114f, 88
1652705997.595173, sdrt-health/mac:02010b41cdec/antenna/tag/e2806894000050038661fd4f, 86
1652705997.63947, sdrt-health/mac:02010b41cdec/antenna/tag/e2806894000040038662114f, 85
1652705997.685428, sdrt-health/mac:02010b41cdec/antenna/tag/e28068940000400386621d4f, 90
1652705997.735229, sdrt-health/mac:02010b41cdec/antenna/tag/e28068940000400386621d4f, 90
1652705997.790133, sdrt-health/mac:02010b41cdec/antenna/tag/e2806894000040038662114f, 85
1652705997.790633, sdrt-health/mac:02010b41cdec/antenna/tag/e28068940000400386621d4f, 90
1652705997.823905, sdrt-health/mac:02010b41cdec/antenna/tag/e2806894000050038662154f, 83
1652705997.869011, sdrt-health/mac:02010b41cdec/antenna/tag/e2806894000050038662154f, 83
1652705997.931179, sdrt-health/mac:02010b41cdec/antenna/tag/e2806894000050038662154f, 87
1652705997.931734, sdrt-health/mac:02010b41cdec/antenna/tag/e2806894000040038662114f, 85
1652705997.946571, sdrt-health/mac:02010b41cdec/antenna/tag/e28068940000400386621d4f, 90
1652705997.976477, sdrt-health/mac:02010b41cdec/antenna/tag/e28068940000500386620d4f, 93
1652705997.9767, sdrt-health/mac:02010b41cdec/antenna/tag/e2806894000040038662114f, 88
1652705998.00446, sdrt-health/mac:02010b41cdec/antenna/tag/e2806894000040038662114f, 85
1652705998.034352, sdrt-health/mac:02010b41cdec/antenna/tag/e2806894000040038662114f, 85
1652705998.034535, sdrt-health/mac:02010b41cdec/antenna/tag/e2806894000050038661fd4f, 86
1652705998.034655, sdrt-health/mac:02010b41cdec/antenna/tag/e2806894000050038662154f, 81
1652705998.120253, sdrt-health/mac:02010b41cdec/antenna/tag/e2806894000040038662114f, 85
1652705998.191166, sdrt-health/mac:02010b41cdec/antenna/tag/e28068940000500386620d4f, 85
1652705998.248302, sdrt-health/mac:02010b41cdec/antenna/tag/e2806894000050038661fd4f, 86
1652705998.248782, sdrt-health/mac:02010b41cdec/antenna/tag/e28068940000400386621d4f, 96
1652705998.278672, sdrt-health/mac:02010b41cdec/antenna/tag/e2806894000040038662114f, 85
1652705998.35767, sdrt-health/mac:02010b41cdec/antenna/tag/e2806894000040038662114f, 88
1652705998.405418, sdrt-health/mac:02010b41cdec/antenna/tag/e28068940000400386621d4f, 90
1652705998.435079, sdrt-health/mac:02010b41cdec/antenna/tag/e28068940000500386620d4f, 93
1652705998.435393, sdrt-health/mac:02010b41cdec/antenna/tag/e2806894000050038662154f, 85
1652705998.45568, sdrt-health/mac:02010b41cdec/antenna/tag/e2806894000050038661fd4f, 86
1652705998.486248, sdrt-health/mac:02010b41cdec/antenna/tag/e28068940000500386620d4f, 85
1652705998.486558, sdrt-health/mac:02010b41cdec/antenna/tag/e2806894000050038662154f, 85
1652705998.486747, sdrt-health/mac:02010b41cdec/antenna/tag/e28068940000400386621d4f, 86
1652705998.500903, sdrt-health/mac:02010b41cdec/antenna/tag/e28068940000400386621d4f, 90
1652705998.545894, sdrt-health/mac:02010b41cdec/antenna/tag/e2806894000050038662154f, 93
1652705998.589908, sdrt-health/mac:02010b41cdec/antenna/tag/e28068940000400386621d4f, 90
1652705998.684411, sdrt-health/mac:02010b41cdec/antenna/tag/e28068940000500386620d4f, 93
1652705998.684905, sdrt-health/mac:02010b41cdec/antenna/tag/e2806894000050038661fd4f, 86
1652705998.714048, sdrt-health/mac:02010b41cdec/antenna/tag/e28068940000500386620d4f, 93
1652705998.757353, sdrt-health/mac:02010b41cdec/antenna/tag/e28068940000500386620d4f, 93
1652705998.809465, sdrt-health/mac:02010b41cdec/antenna/tag/e28068940000400386621d4f, 90
1652705998.809914, sdrt-health/mac:02010b41cdec/antenna/tag/e2806894000050038662154f, 85
1652705998.824475, sdrt-health/mac:02010b41cdec/antenna/tag/e2806894000040038662114f, 93
1652705998.83813, sdrt-health/mac:02010b41cdec/antenna/tag/e28068940000400386621d4f, 90
1652705998.900752, sdrt-health/mac:02010b41cdec/antenna/tag/e2806894000050038662154f, 85
1652705998.901327, sdrt-health/mac:02010b41cdec/antenna/tag/e2806894000050038662154f, 81
1652705998.936089, sdrt-health/mac:02010b41cdec/antenna/tag/e2806894000050038662154f, 83
1652705998.990131, sdrt-health/mac:02010b41cdec/antenna/tag/e2806894000050038662194f, 81
1652705998.990562, sdrt-health/mac:02010b41cdec/antenna/tag/e2806894000040038662114f, 88
1652705999.005205, sdrt-health/mac:02010b41cdec/antenna/tag/e28068940000500386620d4f, 93
1652705999.024502, sdrt-health/mac:02010b41cdec/antenna/tag/e2806894000040038662114f, 85
1652705999.158016, sdrt-health/mac:02010b41cdec/antenna/tag/e2806894000050038662154f, 83
1652705999.206103, sdrt-health/mac:02010b41cdec/antenna/tag/e2806894000050038662194f, 81
1652705999.256031, sdrt-health/mac:02010b41cdec/antenna/tag/e28068940000500386620d4f, 87
1652705999.310702, sdrt-health/mac:02010b41cdec/antenna/tag/e28068940000400386621d4f, 90
1652705999.311264, sdrt-health/mac:02010b41cdec/antenna/tag/e28068940000400386621d4f, 90
1652705999.334118, sdrt-health/mac:02010b41cdec/antenna/tag/e2806894000050038661fd4f, 86
1652705999.389924, sdrt-health/mac:02010b41cdec/antenna/tag/e28068940000500386620d4f, 93
1652705999.4459, sdrt-health/mac:02010b41cdec/antenna/tag/e2806894000050038661fd4f, 86
1652705999.475016, sdrt-health/mac:02010b41cdec/antenna/tag/e2806894000050038661fd4f, 86
1652705999.47555, sdrt-health/mac:02010b41cdec/antenna/tag/e28068940000500386620d4f, 85
1652705999.494887, sdrt-health/mac:02010b41cdec/antenna/tag/e2806894000050038662154f, 93
1652705999.56539, sdrt-health/mac:02010b41cdec/antenna/tag/e28068940000500386620d4f, 93
1652705999.565913, sdrt-health/mac:02010b41cdec/antenna/tag/e2806894000050038661fd4f, 90
1652705999.599584, sdrt-health/mac:02010b41cdec/antenna/tag/e28068940000400386621d4f, 90
1652705999.637428, sdrt-health/mac:02010b41cdec/antenna/tag/e2806894000050038661fd4f, 86
1652705999.702068, sdrt-health/mac:02010b41cdec/antenna/tag/e28068940000400386621d4f, 90
1652705999.702572, sdrt-health/mac:02010b41cdec/antenna/tag/e2806894000050038661fd4f, 86
1652705999.715985, sdrt-health/mac:02010b41cdec/antenna/tag/e28068940000400386621d4f, 86
1652705999.716462, sdrt-health/mac:02010b41cdec/antenna/tag/e2806894000050038662154f, 85
1652705999.733745, sdrt-health/mac:02010b41cdec/antenna/tag/e28068940000500386620d4f, 85
1652705999.802017, sdrt-health/mac:02010b41cdec/antenna/tag/e2806894000050038662154f, 85
1652705999.80251, sdrt-health/mac:02010b41cdec/antenna/tag/e2806894000040038662214f, 81
1652705999.834403, sdrt-health/mac:02010b41cdec/antenna/tag/e2806894000050038662154f, 83
1652705999.890872, sdrt-health/mac:02010b41cdec/antenna/tag/e28068940000500386620d4f, 85
1652705999.891496, sdrt-health/mac:02010b41cdec/antenna/tag/e2806894000040038662114f, 85
1652705999.906174, sdrt-health/mac:02010b41cdec/antenna/tag/e28068940000400386621d4f, 77
1652705999.923263, sdrt-health/mac:02010b41cdec/antenna/tag/e2806894000050038662154f, 85
1652705999.97411, sdrt-health/mac:02010b41cdec/antenna/tag/e28068940000500386620d4f, 85
1652706000.03099, sdrt-health/mac:02010b41cdec/antenna/tag/e28068940000400386621d4f, 90
1652706000.125944, sdrt-health/mac:02010b41cdec/antenna/tag/e28068940000400386621d4f, 90
1652706000.154897, sdrt-health/mac:02010b41cdec/antenna/tag/e2806894000050038661fd4f, 90
1652706000.155358, sdrt-health/mac:02010b41cdec/antenna/tag/e2806894000050038662154f, 87
1652706000.19838, sdrt-health/mac:02010b41cdec/antenna/tag/e28068940000500386620d4f, 93
1652706000.228822, sdrt-health/mac:02010b41cdec/antenna/tag/e28068940000400386621d4f, 90
1652706000.229191, sdrt-health/mac:02010b41cdec/antenna/tag/e28068940000400386621d4f, 86
1652706000.229428, sdrt-health/mac:02010b41cdec/antenna/tag/e28068940000400386621d4f, 90
1652706000.244925, sdrt-health/mac:02010b41cdec/antenna/tag/e2806894000040038662114f, 88
1652706000.274883, sdrt-health/mac:02010b41cdec/antenna/tag/e2806894000050038661fd4f, 86
1652706000.275132, sdrt-health/mac:02010b41cdec/antenna/tag/e2806894000040038662114f, 88
1652706000.295189, sdrt-health/mac:02010b41cdec/antenna/tag/e2806894000050038662154f, 83
1652706000.3497, sdrt-health/mac:02010b41cdec/antenna/tag/e2806894000050038661fd4f, 86
1652706000.393638, sdrt-health/mac:02010b41cdec/antenna/tag/e28068940000500386620d4f, 87
1652706000.42091, sdrt-health/mac:02010b41cdec/antenna/tag/e28068940000400386621d4f, 77
1652706000.421279, sdrt-health/mac:02010b41cdec/antenna/tag/e28068940000500386620d4f, 93
1652706000.43863, sdrt-health/mac:02010b41cdec/antenna/tag/e28068940000400386621d4f, 90
1652706000.484174, sdrt-health/mac:02010b41cdec/antenna/tag/e2806894000050038662154f, 88
1652706000.535705, sdrt-health/mac:02010b41cdec/antenna/tag/e2806894000040038662114f, 85
1652706000.566597, sdrt-health/mac:02010b41cdec/antenna/tag/e28068940000500386620d4f, 85
1652706000.567221, sdrt-health/mac:02010b41cdec/antenna/tag/e28068940000400386621d4f, 90
1652706000.581324, sdrt-health/mac:02010b41cdec/antenna/tag/e28068940000400386621d4f, 96
1652706000.581705, sdrt-health/mac:02010b41cdec/antenna/tag/e28068940000500386620d4f, 85
1652706000.582021, sdrt-health/mac:02010b41cdec/antenna/tag/e2806894000040038661f94f, 94
1652706000.614243, sdrt-health/mac:02010b41cdec/antenna/tag/e2806894000050038661fd4f, 86
1652706000.667398, sdrt-health/mac:02010b41cdec/antenna/tag/e28068940000400386621d4f, 90
1652706000.667768, sdrt-health/mac:02010b41cdec/antenna/tag/e2806894000050038661fd4f, 86
1652706000.681973, sdrt-health/mac:02010b41cdec/antenna/tag/e2806894000040038662114f, 85
1652706000.7058, sdrt-health/mac:02010b41cdec/antenna/tag/e2806894000040038662114f, 93
1652706000.750314, sdrt-health/mac:02010b41cdec/antenna/tag/e28068940000400386621d4f, 77
1652706000.810363, sdrt-health/mac:02010b41cdec/antenna/tag/e2806894000040038662114f, 85
1652706000.810854, sdrt-health/mac:02010b41cdec/antenna/tag/e2806894000040038662114f, 85
1652706000.822977, sdrt-health/mac:02010b41cdec/antenna/tag/e2806894000050038661fd4f, 83
1652706000.843803, sdrt-health/mac:02010b41cdec/antenna/tag/e2806894000050038662154f, 88
1652706000.883927, sdrt-health/mac:02010b41cdec/antenna/tag/e28068940000500386620d4f, 85
1652706000.913494, sdrt-health/mac:02010b41cdec/antenna/tag/e28068940000500386620d4f, 85
1652706000.913788, sdrt-health/mac:02010b41cdec/antenna/tag/e2806894000040038662114f, 85
1652706000.914001, sdrt-health/mac:02010b41cdec/antenna/tag/e2806894000050038662154f, 85
1652706000.954197, sdrt-health/mac:02010b41cdec/antenna/tag/e2806894000050038662154f, 85
1652706001.01373, sdrt-health/mac:02010b41cdec/antenna/tag/e2806894000040038662114f, 85
1652706001.055307, sdrt-health/mac:02010b41cdec/antenna/tag/e28068940000400386621d4f, 90
1652706001.123977, sdrt-health/mac:02010b41cdec/antenna/tag/e28068940000500386620d4f, 93
1652706001.17461, sdrt-health/mac:02010b41cdec/antenna/tag/e28068940000500386620d4f, 93
1652706001.23053, sdrt-health/mac:02010b41cdec/antenna/tag/e2806894000050038661fd4f, 90
1652706001.231059, sdrt-health/mac:02010b41cdec/antenna/tag/e28068940000500386620d4f, 87
1652706001.245394, sdrt-health/mac:02010b41cdec/antenna/tag/e2806894000050038662194f, 94
1652706001.245789, sdrt-health/mac:02010b41cdec/antenna/tag/e2806894000050038661fd4f, 83
1652706001.254641, sdrt-health/mac:02010b41cdec/antenna/tag/e28068940000500386620d4f, 87
1652706001.310105, sdrt-health/mac:02010b41cdec/antenna/tag/e2806894000050038662154f, 81
1652706001.340931, sdrt-health/mac:02010b41cdec/antenna/tag/e28068940000400386621d4f, 96
1652706001.341457, sdrt-health/mac:02010b41cdec/antenna/tag/e2806894000050038661fd4f, 83
1652706001.363943, sdrt-health/mac:02010b41cdec/antenna/tag/e2806894000050038662154f, 88
1652706001.42391, sdrt-health/mac:02010b41cdec/antenna/tag/e2806894000050038661fd4f, 86
1652706001.452324, sdrt-health/mac:02010b41cdec/antenna/tag/e28068940000500386620d4f, 85
1652706001.452738, sdrt-health/mac:02010b41cdec/antenna/tag/e28068940000400386621d4f, 90
1652706001.453092, sdrt-health/mac:02010b41cdec/antenna/tag/e28068940000500386620d4f, 85
1652706001.467998, sdrt-health/mac:02010b41cdec/antenna/tag/e2806894000050038662154f, 85
1652706001.513976, sdrt-health/mac:02010b41cdec/antenna/tag/e28068940000400386621d4f, 90
1652706001.557031, sdrt-health/mac:02010b41cdec/antenna/tag/e28068940000500386620d4f, 87
1652706001.64247, sdrt-health/mac:02010b41cdec/antenna/tag/e28068940000500386620d4f, 93
1652706001.642921, sdrt-health/mac:02010b41cdec/antenna/tag/e2806894000040038662114f, 85
1652706001.674761, sdrt-health/mac:02010b41cdec/antenna/tag/e28068940000400386621d4f, 77
1652706001.717381, sdrt-health/mac:02010b41cdec/antenna/tag/e28068940000400386621d4f, 77
1652706001.779608, sdrt-health/mac:02010b41cdec/antenna/tag/e2806894000040038662114f, 85
1652706001.780112, sdrt-health/mac:02010b41cdec/antenna/tag/e28068940000400386621d4f, 96
1652706001.795579, sdrt-health/mac:02010b41cdec/antenna/tag/e2806894000040038662114f, 85
1652706001.796041, sdrt-health/mac:02010b41cdec/antenna/tag/e28068940000500386620d4f, 87
1652706001.796402, sdrt-health/mac:02010b41cdec/antenna/tag/e28068940000400386621d4f, 77
1652706001.820613, sdrt-health/mac:02010b41cdec/antenna/tag/e2806894000050038662154f, 81
1652706001.88365, sdrt-health/mac:02010b41cdec/antenna/tag/e28068940000500386620d4f, 93
1652706001.884393, sdrt-health/mac:02010b41cdec/antenna/tag/e28068940000400386621d4f, 77
1652706001.915993, sdrt-health/mac:02010b41cdec/antenna/tag/e28068940000400386621d4f, 96
1652706001.945894, sdrt-health/mac:02010b41cdec/antenna/tag/e2806894000050038662154f, 85
1652706001.946245, sdrt-health/mac:02010b41cdec/antenna/tag/e2806894000050038661fd4f, 86
1652706002.028855, sdrt-health/mac:02010b41cdec/antenna/tag/e28068940000500386620d4f, 93
1652706002.0572, sdrt-health/mac:02010b41cdec/antenna/tag/e2806894000050038661fd4f, 86
1652706002.057539, sdrt-health/mac:02010b41cdec/antenna/tag/e28068940000400386621d4f, 96
1652706002.093656, sdrt-health/mac:02010b41cdec/antenna/tag/e2806894000040038662114f, 85
1652706002.122225, sdrt-health/mac:02010b41cdec/antenna/tag/e28068940000500386620d4f, 87
1652706002.122558, sdrt-health/mac:02010b41cdec/antenna/tag/e2806894000050038661fd4f, 86
1652706002.14273, sdrt-health/mac:02010b41cdec/antenna/tag/e28068940000500386620d4f, 85
1652706002.211492, sdrt-health/mac:02010b41cdec/antenna/tag/e2806894000050038662154f, 87
1652706002.211951, sdrt-health/mac:02010b41cdec/antenna/tag/e2806894000040038662114f, 88
1652706002.226432, sdrt-health/mac:02010b41cdec/antenna/tag/e2806894000050038662154f, 87
1652706002.243657, sdrt-health/mac:02010b41cdec/antenna/tag/e28068940000400386621d4f, 90
1652706002.295614, sdrt-health/mac:02010b41cdec/antenna/tag/e2806894000040038662114f, 85
1652706002.33497, sdrt-health/mac:02010b41cdec/antenna/tag/e28068940000400386621d4f, 77
1652706002.39048, sdrt-health/mac:02010b41cdec/antenna/tag/e28068940000400386621d4f, 77
1652706002.39097, sdrt-health/mac:02010b41cdec/antenna/tag/e2806894000040038662114f, 85
1652706002.429488, sdrt-health/mac:02010b41cdec/antenna/tag/e2806894000050038662154f, 87
1652706002.473953, sdrt-health/mac:02010b41cdec/antenna/tag/e2806894000050038662194f, 81
1652706002.518767, sdrt-health/mac:02010b41cdec/antenna/tag/e28068940000500386620d4f, 93
1652706002.584279, sdrt-health/mac:02010b41cdec/antenna/tag/e2806894000050038661fd4f, 86
1652706002.584783, sdrt-health/mac:02010b41cdec/antenna/tag/e2806894000050038662154f, 85
1652706002.599726, sdrt-health/mac:02010b41cdec/antenna/tag/e2806894000040038662114f, 88
1652706002.61504, sdrt-health/mac:02010b41cdec/antenna/tag/e2806894000050038662154f, 85
1652706002.669465, sdrt-health/mac:02010b41cdec/antenna/tag/e2806894000050038662154f, 83
1652706002.71588, sdrt-health/mac:02010b41cdec/antenna/tag/e28068940000400386621d4f, 90
1652706002.790015, sdrt-health/mac:02010b41cdec/antenna/tag/e28068940000500386620d4f, 87
1652706002.79052, sdrt-health/mac:02010b41cdec/antenna/tag/e2806894000050038662154f, 83
1652706002.805571, sdrt-health/mac:02010b41cdec/antenna/tag/e28068940000500386620d4f, 93
1652706002.855758, sdrt-health/mac:02010b41cdec/antenna/tag/e28068940000400386621d4f, 90
1652706002.856149, sdrt-health/mac:02010b41cdec/antenna/tag/e2806894000040038662114f, 85
1652706002.886987, sdrt-health/mac:02010b41cdec/antenna/tag/e2806894000050038661fd4f, 86
1652706002.934433, sdrt-health/mac:02010b41cdec/antenna/tag/e28068940000500386620d4f, 87
1652706002.965805, sdrt-health/mac:02010b41cdec/antenna/tag/e2806894000040038662054f, 94
1652706002.966021, sdrt-health/mac:02010b41cdec/antenna/tag/e2806894000050038661fd4f, 86
1652706002.981513, sdrt-health/mac:02010b41cdec/antenna/tag/e2806894000040038662114f, 93
1652706002.981718, sdrt-health/mac:02010b41cdec/antenna/tag/e2806894000050038662154f, 83
1652706003.01545, sdrt-health/mac:02010b41cdec/antenna/tag/e2806894000050038662154f, 81
1652706003.054879, sdrt-health/mac:02010b41cdec/antenna/tag/e2806894000040038662114f, 85
1652706003.093836, sdrt-health/mac:02010b41cdec/antenna/tag/e2806894000050038661fd4f, 83
1652706003.147985, sdrt-health/mac:02010b41cdec/antenna/tag/e2806894000050038662194f, 82
1652706003.148493, sdrt-health/mac:02010b41cdec/antenna/tag/e2806894000040038662114f, 88
1652706003.162055, sdrt-health/mac:02010b41cdec/antenna/tag/e2806894000040038662114f, 85
1652706003.165886, sdrt-health/mac:02010b41cdec/antenna/tag/e2806894000040038662114f, 93
1652706003.175842, sdrt-health/mac:02010b41cdec/antenna/tag/e28068940000500386620d4f, 93
1652706003.214654, sdrt-health/mac:02010b41cdec/antenna/tag/e2806894000050038662154f, 83
1652706003.264466, sdrt-health/mac:02010b41cdec/antenna/tag/e2806894000040038662114f, 93
1652706003.296761, sdrt-health/mac:02010b41cdec/antenna/tag/e28068940000500386620d4f, 83
1652706003.297263, sdrt-health/mac:02010b41cdec/antenna/tag/e2806894000050038662154f, 81
1652706003.30986, sdrt-health/mac:02010b41cdec/antenna/tag/e2806894000050038662154f, 81
1652706003.356228, sdrt-health/mac:02010b41cdec/antenna/tag/e2806894000040038662114f, 91
1652706003.415119, sdrt-health/mac:02010b41cdec/antenna/tag/e28068940000500386620d4f, 88
1652706003.41557, sdrt-health/mac:02010b41cdec/antenna/tag/e28068940000400386621d4f, 96
1652706003.445863, sdrt-health/mac:02010b41cdec/antenna/tag/e28068940000400386621d4f, 77
1652706003.494984, sdrt-health/mac:02010b41cdec/antenna/tag/e2806894000050038662154f, 83
1652706003.534297, sdrt-health/mac:02010b41cdec/antenna/tag/e2806894000050038662154f, 81
1652706003.584233, sdrt-health/mac:02010b41cdec/antenna/tag/e28068940000500386620d4f, 93
1652706003.62981, sdrt-health/mac:02010b41cdec/antenna/tag/e28068940000500386620d4f, 87
1652706003.698204, sdrt-health/mac:02010b41cdec/antenna/tag/e28068940000400386621d4f, 90
1652706003.698721, sdrt-health/mac:02010b41cdec/antenna/tag/e2806894000050038662154f, 93
1652706003.712721, sdrt-health/mac:02010b41cdec/antenna/tag/e2806894000050038661fd4f, 90
1652706003.734414, sdrt-health/mac:02010b41cdec/antenna/tag/e2806894000040038662114f, 88
1652706003.775329, sdrt-health/mac:02010b41cdec/antenna/tag/e2806894000040038662114f, 88
1652706003.824995, sdrt-health/mac:02010b41cdec/antenna/tag/e2806894000040038662114f, 93
1652706003.868507, sdrt-health/mac:02010b41cdec/antenna/tag/e2806894000050038662154f, 81
1652706003.928661, sdrt-health/mac:02010b41cdec/antenna/tag/e2806894000050038662154f, 81
1652706003.929234, sdrt-health/mac:02010b41cdec/antenna/tag/e2806894000050038662194f, 84
1652706003.993732, sdrt-health/mac:02010b41cdec/antenna/tag/e2806894000040038662114f, 88
1652706004.054492, sdrt-health/mac:02010b41cdec/antenna/tag/e2806894000050038661fd4f, 86
1652706004.098151, sdrt-health/mac:02010b41cdec/antenna/tag/e2806894000050038661fd4f, 86
1652706004.16029, sdrt-health/mac:02010b41cdec/antenna/tag/e2806894000040038662114f, 88
1652706004.16076, sdrt-health/mac:02010b41cdec/antenna/tag/e2806894000050038661fd4f, 86
1652706004.193915, sdrt-health/mac:02010b41cdec/antenna/tag/e2806894000050038662154f, 93
1652706004.250036, sdrt-health/mac:02010b41cdec/antenna/tag/e28068940000400386621d4f, 90
1652706004.250643, sdrt-health/mac:02010b41cdec/antenna/tag/e28068940000400386621d4f, 96
1652706004.26568, sdrt-health/mac:02010b41cdec/antenna/tag/e2806894000050038662154f, 83
1652706004.309511, sdrt-health/mac:02010b41cdec/antenna/tag/e2806894000040038662114f, 85
1652706004.309815, sdrt-health/mac:02010b41cdec/antenna/tag/e2806894000040038662114f, 85
1652706004.352394, sdrt-health/mac:02010b41cdec/antenna/tag/e28068940000400386621d4f, 96
1652706004.394595, sdrt-health/mac:02010b41cdec/antenna/tag/e28068940000400386621d4f, 96
1652706004.423237, sdrt-health/mac:02010b41cdec/antenna/tag/e2806894000050038661fd4f, 83
1652706004.423508, sdrt-health/mac:02010b41cdec/antenna/tag/e2806894000040038662114f, 85
1652706004.438303, sdrt-health/mac:02010b41cdec/antenna/tag/e28068940000400386621d4f, 96
1652706004.438651, sdrt-health/mac:02010b41cdec/antenna/tag/e28068940000400386621d4f, 96
1652706004.484272, sdrt-health/mac:02010b41cdec/antenna/tag/e28068940000400386621d4f, 77
1652706004.534771, sdrt-health/mac:02010b41cdec/antenna/tag/e2806894000040038662114f, 85
1652706004.593481, sdrt-health/mac:02010b41cdec/antenna/tag/e2806894000050038662194f, 81
1652706004.593833, sdrt-health/mac:02010b41cdec/antenna/tag/e28068940000500386620d4f, 83
1652706004.608287, sdrt-health/mac:02010b41cdec/antenna/tag/e2806894000050038661fd4f, 86
1652706004.625067, sdrt-health/mac:02010b41cdec/antenna/tag/e28068940000500386620d4f, 87
1652706004.669027, sdrt-health/mac:02010b41cdec/antenna/tag/e28068940000400386621d4f, 90
1652706004.698001, sdrt-health/mac:02010b41cdec/antenna/tag/e2806894000050038661fd4f, 86
1652706004.698221, sdrt-health/mac:02010b41cdec/antenna/tag/e2806894000050038662154f, 85
1652706004.725933, sdrt-health/mac:02010b41cdec/antenna/tag/e2806894000050038662154f, 88
1652706004.774774, sdrt-health/mac:02010b41cdec/antenna/tag/e2806894000050038661fd4f, 86
1652706004.802889, sdrt-health/mac:02010b41cdec/antenna/tag/e2806894000050038661fd4f, 83
1652706004.803352, sdrt-health/mac:02010b41cdec/antenna/tag/e28068940000500386620d4f, 87
1652706004.817739, sdrt-health/mac:02010b41cdec/antenna/tag/e2806894000040038662114f, 85
1652706004.818337, sdrt-health/mac:02010b41cdec/antenna/tag/e28068940000400386621d4f, 96
1652706004.863947, sdrt-health/mac:02010b41cdec/antenna/tag/e28068940000400386621d4f, 90
1652706004.910185, sdrt-health/mac:02010b41cdec/antenna/tag/e28068940000500386620d4f, 93
1652706004.99019, sdrt-health/mac:02010b41cdec/antenna/tag/e2806894000040038661f94f, 81
1652706005.039641, sdrt-health/mac:02010b41cdec/antenna/tag/e2806894000050038662154f, 93
1652706005.096245, sdrt-health/mac:02010b41cdec/antenna/tag/e28068940000500386620d4f, 93
1652706005.166622, sdrt-health/mac:02010b41cdec/antenna/tag/e2806894000050038662154f, 93
1652706005.167386, sdrt-health/mac:02010b41cdec/antenna/tag/e2806894000050038662154f, 93
1652706005.179967, sdrt-health/mac:02010b41cdec/antenna/tag/e28068940000500386620d4f, 93
1652706005.195231, sdrt-health/mac:02010b41cdec/antenna/tag/e28068940000500386620d4f, 93
1652706005.267991, sdrt-health/mac:02010b41cdec/antenna/tag/e2806894000050038661fd4f, 90
1652706005.334541, sdrt-health/mac:02010b41cdec/antenna/tag/e2806894000050038661fd4f, 83
1652706005.335137, sdrt-health/mac:02010b41cdec/antenna/tag/e2806894000050038662154f, 88
1652706005.365701, sdrt-health/mac:02010b41cdec/antenna/tag/e28068940000400386621d4f, 90
1652706005.415409, sdrt-health/mac:02010b41cdec/antenna/tag/e28068940000400386621d4f, 96
1652706005.446251, sdrt-health/mac:02010b41cdec/antenna/tag/e2806894000040038662114f, 85
1652706005.446662, sdrt-health/mac:02010b41cdec/antenna/tag/e28068940000500386620d4f, 83
1652706005.461077, sdrt-health/mac:02010b41cdec/antenna/tag/e2806894000050038662154f, 94
1652706005.461367, sdrt-health/mac:02010b41cdec/antenna/tag/e2806894000050038662194f, 88
1652706005.504511, sdrt-health/mac:02010b41cdec/antenna/tag/e28068940000400386621d4f, 96
1652706005.549226, sdrt-health/mac:02010b41cdec/antenna/tag/e2806894000050038661fd4f, 86
1652706005.619928, sdrt-health/mac:02010b41cdec/antenna/tag/e28068940000500386620d4f, 85
1652706005.620381, sdrt-health/mac:02010b41cdec/antenna/tag/e28068940000500386620d4f, 85
1652706005.668314, sdrt-health/mac:02010b41cdec/antenna/tag/e2806894000050038662154f, 88
1652706005.668837, sdrt-health/mac:02010b41cdec/antenna/tag/e28068940000400386621d4f, 90
1652706005.669175, sdrt-health/mac:02010b41cdec/antenna/tag/e28068940000400386621d4f, 90
1652706005.686038, sdrt-health/mac:02010b41cdec/antenna/tag/e2806894000050038662154f, 83
1652706005.699399, sdrt-health/mac:02010b41cdec/antenna/tag/e2806894000050038661fd4f, 86
1652706005.736162, sdrt-health/mac:02010b41cdec/antenna/tag/e2806894000050038662194f, 94
1652706005.749628, sdrt-health/mac:02010b41cdec/antenna/tag/e2806894000040038662114f, 85
1652706005.797108, sdrt-health/mac:02010b41cdec/antenna/tag/e28068940000500386620d4f, 85
1652706005.845856, sdrt-health/mac:02010b41cdec/antenna/tag/e2806894000050038661fd4f, 86
1652706005.917978, sdrt-health/mac:02010b41cdec/antenna/tag/e28068940000500386620d4f, 85
1652706005.918426, sdrt-health/mac:02010b41cdec/antenna/tag/e2806894000050038662154f, 88
1652706005.9188, sdrt-health/mac:02010b41cdec/antenna/tag/e28068940000500386620d4f, 85
1652706005.950783, sdrt-health/mac:02010b41cdec/antenna/tag/e28068940000400386621d4f, 90
1652706006.010513, sdrt-health/mac:02010b41cdec/antenna/tag/e2806894000050038661fd4f, 86
1652706006.010977, sdrt-health/mac:02010b41cdec/antenna/tag/e2806894000050038662154f, 85
1652706006.026751, sdrt-health/mac:02010b41cdec/antenna/tag/e28068940000500386620d4f, 93
1652706006.068767, sdrt-health/mac:02010b41cdec/antenna/tag/e28068940000400386621d4f, 90
1652706006.069212, sdrt-health/mac:02010b41cdec/antenna/tag/e28068940000400386621d4f, 90
1652706006.082964, sdrt-health/mac:02010b41cdec/antenna/tag/e28068940000500386620d4f, 87
1652706006.095902, sdrt-health/mac:02010b41cdec/antenna/tag/e28068940000500386620d4f, 93
1652706006.096996, sdrt-health/mac:02010b41cdec/antenna/tag/e2806894000050038662154f, 85
1652706006.13442, sdrt-health/mac:02010b41cdec/antenna/tag/e28068940000400386621d4f, 90
1652706006.189451, sdrt-health/mac:02010b41cdec/antenna/tag/e28068940000500386620d4f, 87
1652706006.19002, sdrt-health/mac:02010b41cdec/antenna/tag/e28068940000500386620d4f, 93
1652706006.204747, sdrt-health/mac:02010b41cdec/antenna/tag/e28068940000400386621d4f, 90
1652706006.234334, sdrt-health/mac:02010b41cdec/antenna/tag/e2806894000050038662154f, 93
1652706006.234857, sdrt-health/mac:02010b41cdec/antenna/tag/e28068940000500386620d4f, 85
1652706006.235209, sdrt-health/mac:02010b41cdec/antenna/tag/e2806894000050038661fd4f, 86
1652706006.254729, sdrt-health/mac:02010b41cdec/antenna/tag/e2806894000040038662114f, 85
1652706006.282937, sdrt-health/mac:02010b41cdec/antenna/tag/e2806894000050038662154f, 85
1652706006.283403, sdrt-health/mac:02010b41cdec/antenna/tag/e2806894000040038662114f, 88
1652706006.296647, sdrt-health/mac:02010b41cdec/antenna/tag/e2806894000040038662214f, 84
1652706006.297118, sdrt-health/mac:02010b41cdec/antenna/tag/e2806894000040038662114f, 85
1652706006.334971, sdrt-health/mac:02010b41cdec/antenna/tag/e2806894000050038661fd4f, 86
1652706006.399325, sdrt-health/mac:02010b41cdec/antenna/tag/e28068940000500386620d4f, 87
1652706006.39977, sdrt-health/mac:02010b41cdec/antenna/tag/e2806894000040038662114f, 85
1652706006.43765, sdrt-health/mac:02010b41cdec/antenna/tag/e2806894000050038662154f, 85
1652706006.491949, sdrt-health/mac:02010b41cdec/antenna/tag/e28068940000500386620d4f, 93
1652706006.726757, sdrt-health/mac:02010b41cdec/antenna/tag/e28068940000400386621d4f, 90
1652706006.750618, sdrt-health/mac:02010b41cdec/antenna/tag/e28068940000500386620d4f, 93
1652706006.78027, sdrt-health/mac:02010b41cdec/antenna/tag/e2806894000040038662114f, 85
1652706006.780642, sdrt-health/mac:02010b41cdec/antenna/tag/e28068940000500386620d4f, 85
1652706006.78092, sdrt-health/mac:02010b41cdec/antenna/tag/e2806894000050038661fd4f, 86
1652706006.781179, sdrt-health/mac:02010b41cdec/antenna/tag/e2806894000050038661fd4f, 86
1652706006.781448, sdrt-health/mac:02010b41cdec/antenna/tag/e28068940000400386621d4f, 90
1652706006.781773, sdrt-health/mac:02010b41cdec/antenna/tag/e2806894000040038662114f, 88
1652706006.782061, sdrt-health/mac:02010b41cdec/antenna/tag/e28068940000400386621d4f, 90
1652706006.782377, sdrt-health/mac:02010b41cdec/antenna/tag/e2806894000050038661fd4f, 90
1652706006.842477, sdrt-health/mac:02010b41cdec/antenna/tag/e2806894000050038662154f, 87
1652706006.871355, sdrt-health/mac:02010b41cdec/antenna/tag/e2806894000040038662114f, 88
1652706006.871759, sdrt-health/mac:02010b41cdec/antenna/tag/e2806894000040038662114f, 85
1652706006.872043, sdrt-health/mac:02010b41cdec/antenna/tag/e2806894000050038662154f, 87
1652706006.886326, sdrt-health/mac:02010b41cdec/antenna/tag/e2806894000050038661fd4f, 83
1652706006.886821, sdrt-health/mac:02010b41cdec/antenna/tag/e2806894000050038662154f, 83
1652706006.934621, sdrt-health/mac:02010b41cdec/antenna/tag/e28068940000500386620d4f, 93
1652706006.989924, sdrt-health/mac:02010b41cdec/antenna/tag/e28068940000500386620d4f, 85
1652706007.019682, sdrt-health/mac:02010b41cdec/antenna/tag/e2806894000050038661fd4f, 86
1652706007.020135, sdrt-health/mac:02010b41cdec/antenna/tag/e2806894000040038662114f, 85
1652706007.035183, sdrt-health/mac:02010b41cdec/antenna/tag/e28068940000500386620d4f, 93
1652706007.092374, sdrt-health/mac:02010b41cdec/antenna/tag/e2806894000050038662154f, 85
1652706007.092845, sdrt-health/mac:02010b41cdec/antenna/tag/e28068940000400386621d4f, 96
1652706007.124216, sdrt-health/mac:02010b41cdec/antenna/tag/e28068940000400386621d4f, 96
1652706007.189524, sdrt-health/mac:02010b41cdec/antenna/tag/e28068940000500386620d4f, 93
1652706007.19007, sdrt-health/mac:02010b41cdec/antenna/tag/e2806894000050038661fd4f, 86
1652706007.228561, sdrt-health/mac:02010b41cdec/antenna/tag/e28068940000400386621d4f, 77
1652706007.289143, sdrt-health/mac:02010b41cdec/antenna/tag/e28068940000500386620d4f, 93
1652706007.289676, sdrt-health/mac:02010b41cdec/antenna/tag/e2806894000040038662114f, 85
1652706007.303061, sdrt-health/mac:02010b41cdec/antenna/tag/e28068940000500386620d4f, 87
1652706007.323859, sdrt-health/mac:02010b41cdec/antenna/tag/e2806894000050038662154f, 87
1652706007.363471, sdrt-health/mac:02010b41cdec/antenna/tag/e2806894000040038662114f, 85
1652706007.394046, sdrt-health/mac:02010b41cdec/antenna/tag/e28068940000500386620d4f, 93
1652706007.394324, sdrt-health/mac:02010b41cdec/antenna/tag/e2806894000040038662114f, 88
1652706007.415277, sdrt-health/mac:02010b41cdec/antenna/tag/e28068940000400386621d4f, 96
1652706007.468566, sdrt-health/mac:02010b41cdec/antenna/tag/e2806894000050038661fd4f, 86
1652706007.515959, sdrt-health/mac:02010b41cdec/antenna/tag/e2806894000050038661fd4f, 86
1652706007.544826, sdrt-health/mac:02010b41cdec/antenna/tag/e28068940000500386620d4f, 93
1652706007.545073, sdrt-health/mac:02010b41cdec/antenna/tag/e28068940000400386621d4f, 90
1652706007.545233, sdrt-health/mac:02010b41cdec/antenna/tag/e2806894000050038662154f, 85
1652706007.545382, sdrt-health/mac:02010b41cdec/antenna/tag/e2806894000040038662114f, 85
1652706007.558522, sdrt-health/mac:02010b41cdec/antenna/tag/e28068940000500386620d4f, 85
1652706007.610841, sdrt-health/mac:02010b41cdec/antenna/tag/e2806894000050038661fd4f, 86
1652706007.669071, sdrt-health/mac:02010b41cdec/antenna/tag/e2806894000040038662114f, 85
1652706007.669524, sdrt-health/mac:02010b41cdec/antenna/tag/e28068940000500386620d4f, 83
1652706007.685821, sdrt-health/mac:02010b41cdec/antenna/tag/e2806894000050038661fd4f, 90
1652706007.686091, sdrt-health/mac:02010b41cdec/antenna/tag/e28068940000500386620d4f, 87
1652706007.717641, sdrt-health/mac:02010b41cdec/antenna/tag/e2806894000050038661fd4f, 83
1652706007.765948, sdrt-health/mac:02010b41cdec/antenna/tag/e2806894000050038662154f, 83
1652706007.813835, sdrt-health/mac:02010b41cdec/antenna/tag/e2806894000050038661fd4f, 86
1652706007.854447, sdrt-health/mac:02010b41cdec/antenna/tag/e2806894000040038662114f, 85
1652706007.895021, sdrt-health/mac:02010b41cdec/antenna/tag/e2806894000050038661fd4f, 90
1652706007.932682, sdrt-health/mac:02010b41cdec/antenna/tag/e28068940000400386621d4f, 90
1652706007.990023, sdrt-health/mac:02010b41cdec/antenna/tag/e28068940000500386620d4f, 87
1652706007.990484, sdrt-health/mac:02010b41cdec/antenna/tag/e28068940000500386620d4f, 93
1652706008.029244, sdrt-health/mac:02010b41cdec/antenna/tag/e2806894000040038662114f, 91
1652706008.073968, sdrt-health/mac:02010b41cdec/antenna/tag/e2806894000040038662114f, 88
1652706008.116718, sdrt-health/mac:02010b41cdec/antenna/tag/e2806894000050038661fd4f, 83
1652706008.17978, sdrt-health/mac:02010b41cdec/antenna/tag/e28068940000500386620d4f, 83
1652706008.180301, sdrt-health/mac:02010b41cdec/antenna/tag/e2806894000040038662114f, 93
1652706008.194704, sdrt-health/mac:02010b41cdec/antenna/tag/e28068940000500386620d4f, 93
1652706008.214863, sdrt-health/mac:02010b41cdec/antenna/tag/e2806894000040038662114f, 85
1652706008.271091, sdrt-health/mac:02010b41cdec/antenna/tag/e2806894000050038662154f, 83
1652706008.271576, sdrt-health/mac:02010b41cdec/antenna/tag/e2806894000050038662154f, 87
1652706008.285599, sdrt-health/mac:02010b41cdec/antenna/tag/e2806894000050038661fd4f, 83
1652706008.304924, sdrt-health/mac:02010b41cdec/antenna/tag/e28068940000400386621d4f, 77
1652706008.372879, sdrt-health/mac:02010b41cdec/antenna/tag/e2806894000050038661fd4f, 83
1652706008.373371, sdrt-health/mac:02010b41cdec/antenna/tag/e28068940000500386620d4f, 87
1652706008.403146, sdrt-health/mac:02010b41cdec/antenna/tag/e2806894000050038662154f, 85
1652706008.43173, sdrt-health/mac:02010b41cdec/antenna/tag/e2806894000040038662114f, 93
1652706008.432115, sdrt-health/mac:02010b41cdec/antenna/tag/e2806894000050038661fd4f, 86
1652706008.464737, sdrt-health/mac:02010b41cdec/antenna/tag/e28068940000400386621d4f, 96
1652706008.509132, sdrt-health/mac:02010b41cdec/antenna/tag/e28068940000400386621d4f, 90
1652706008.571122, sdrt-health/mac:02010b41cdec/antenna/tag/e2806894000050038661fd4f, 86
1652706008.571883, sdrt-health/mac:02010b41cdec/antenna/tag/e28068940000500386620d4f, 85
1652706008.586767, sdrt-health/mac:02010b41cdec/antenna/tag/e2806894000050038662154f, 85
1652706008.587349, sdrt-health/mac:02010b41cdec/antenna/tag/e2806894000040038662114f, 88
1652706008.587715, sdrt-health/mac:02010b41cdec/antenna/tag/e28068940000500386620d4f, 85
1652706008.614716, sdrt-health/mac:02010b41cdec/antenna/tag/e2806894000050038661fd4f, 86
1652706008.668119, sdrt-health/mac:02010b41cdec/antenna/tag/e28068940000500386620d4f, 93
1652706008.668719, sdrt-health/mac:02010b41cdec/antenna/tag/e28068940000500386620d4f, 93
1652706008.682696, sdrt-health/mac:02010b41cdec/antenna/tag/e28068940000400386621d4f, 90
1652706008.683013, sdrt-health/mac:02010b41cdec/antenna/tag/e2806894000050038662194f, 81
1652706008.705294, sdrt-health/mac:02010b41cdec/antenna/tag/e2806894000050038662194f, 94
1652706008.750933, sdrt-health/mac:02010b41cdec/antenna/tag/e2806894000040038662114f, 88
1652706008.795946, sdrt-health/mac:02010b41cdec/antenna/tag/e28068940000400386621d4f, 77
1652706008.828474, sdrt-health/mac:02010b41cdec/antenna/tag/e28068940000400386621d4f, 77
1652706008.828937, sdrt-health/mac:02010b41cdec/antenna/tag/e2806894000050038661fd4f, 83
1652706008.844669, sdrt-health/mac:02010b41cdec/antenna/tag/e2806894000050038662194f, 81
1652706008.884564, sdrt-health/mac:02010b41cdec/antenna/tag/e2806894000050038661fd4f, 90
1652706008.934338, sdrt-health/mac:02010b41cdec/antenna/tag/e28068940000500386620d4f, 87
1652706008.963448, sdrt-health/mac:02010b41cdec/antenna/tag/e2806894000050038662194f, 81
1652706008.963711, sdrt-health/mac:02010b41cdec/antenna/tag/e2806894000050038662154f, 87
1652706008.976732, sdrt-health/mac:02010b41cdec/antenna/tag/e28068940000500386620d4f, 93
1652706009.046115, sdrt-health/mac:02010b41cdec/antenna/tag/e28068940000400386621d4f, 90
1652706009.096124, sdrt-health/mac:02010b41cdec/antenna/tag/e2806894000040038662114f, 85
1652706009.12709, sdrt-health/mac:02010b41cdec/antenna/tag/e2806894000050038661fd4f, 83
1652706009.127438, sdrt-health/mac:02010b41cdec/antenna/tag/e2806894000040038662114f, 85
1652706009.127659, sdrt-health/mac:02010b41cdec/antenna/tag/e28068940000500386620d4f, 93
1652706009.149813, sdrt-health/mac:02010b41cdec/antenna/tag/e2806894000050038661fd4f, 86
1652706009.195998, sdrt-health/mac:02010b41cdec/antenna/tag/e28068940000400386621d4f, 96
1652706009.254592, sdrt-health/mac:02010b41cdec/antenna/tag/e28068940000500386620d4f, 87
1652706009.255082, sdrt-health/mac:02010b41cdec/antenna/tag/e28068940000400386621d4f, 96
1652706009.271288, sdrt-health/mac:02010b41cdec/antenna/tag/e2806894000050038661fd4f, 83
1652706009.27189, sdrt-health/mac:02010b41cdec/antenna/tag/e2806894000050038662154f, 87
1652706009.28446, sdrt-health/mac:02010b41cdec/antenna/tag/e2806894000050038661fd4f, 86
1652706009.289578, sdrt-health/mac:02010b41cdec/antenna/tag/e2806894000050038662154f, 93
1652706009.337441, sdrt-health/mac:02010b41cdec/antenna/tag/e2806894000040038662114f, 88
1652706009.408065, sdrt-health/mac:02010b41cdec/antenna/tag/e2806894000050038661fd4f, 86
1652706009.408583, sdrt-health/mac:02010b41cdec/antenna/tag/e28068940000400386621d4f, 90
1652706009.40892, sdrt-health/mac:02010b41cdec/antenna/tag/e28068940000500386620d4f, 81
1652706009.425063, sdrt-health/mac:02010b41cdec/antenna/tag/e2806894000050038662154f, 93
1652706009.425337, sdrt-health/mac:02010b41cdec/antenna/tag/e2806894000050038661fd4f, 86
1652706009.434666, sdrt-health/mac:02010b41cdec/antenna/tag/e2806894000050038662154f, 83
1652706009.478413, sdrt-health/mac:02010b41cdec/antenna/tag/e2806894000040038662114f, 85
1652706009.524893, sdrt-health/mac:02010b41cdec/antenna/tag/e28068940000400386621d4f, 77
1652706009.575594, sdrt-health/mac:02010b41cdec/antenna/tag/e28068940000400386621d4f, 96
1652706009.630234, sdrt-health/mac:02010b41cdec/antenna/tag/e28068940000500386620d4f, 83
1652706009.630682, sdrt-health/mac:02010b41cdec/antenna/tag/e2806894000040038662114f, 85
1652706009.643951, sdrt-health/mac:02010b41cdec/antenna/tag/e2806894000040038662114f, 88
1652706009.666689, sdrt-health/mac:02010b41cdec/antenna/tag/e2806894000040038662114f, 88
1652706009.71094, sdrt-health/mac:02010b41cdec/antenna/tag/e2806894000050038661fd4f, 83
1652706009.754917, sdrt-health/mac:02010b41cdec/antenna/tag/e2806894000040038662114f, 85
1652706009.799213, sdrt-health/mac:02010b41cdec/antenna/tag/e2806894000050038661fd4f, 86
1652706009.84655, sdrt-health/mac:02010b41cdec/antenna/tag/e2806894000050038662154f, 85
1652706009.91527, sdrt-health/mac:02010b41cdec/antenna/tag/e28068940000500386620d4f, 81
1652706009.915717, sdrt-health/mac:02010b41cdec/antenna/tag/e2806894000050038661fd4f, 86
1652706009.930169, sdrt-health/mac:02010b41cdec/antenna/tag/e2806894000040038662114f, 91
1652706009.950036, sdrt-health/mac:02010b41cdec/antenna/tag/e28068940000500386620d4f, 87
1652706009.994293, sdrt-health/mac:02010b41cdec/antenna/tag/e2806894000050038662194f, 81
1652706010.056732, sdrt-health/mac:02010b41cdec/antenna/tag/e2806894000040038662114f, 88
1652706010.127932, sdrt-health/mac:02010b41cdec/antenna/tag/e2806894000040038661f94f, 88
1652706010.159748, sdrt-health/mac:02010b41cdec/antenna/tag/e2806894000040038662114f, 88
1652706010.160016, sdrt-health/mac:02010b41cdec/antenna/tag/e2806894000050038661fd4f, 86
1652706010.201036, sdrt-health/mac:02010b41cdec/antenna/tag/e28068940000400386621d4f, 90
1652706010.247761, sdrt-health/mac:02010b41cdec/antenna/tag/e2806894000050038662194f, 83
1652706010.312304, sdrt-health/mac:02010b41cdec/antenna/tag/e2806894000050038661fd4f, 86
1652706010.312779, sdrt-health/mac:02010b41cdec/antenna/tag/e2806894000050038662154f, 93
1652706010.350293, sdrt-health/mac:02010b41cdec/antenna/tag/e2806894000050038662194f, 81
1652706010.411259, sdrt-health/mac:02010b41cdec/antenna/tag/e28068940000500386620d4f, 93
1652706010.411756, sdrt-health/mac:02010b41cdec/antenna/tag/e28068940000400386621d4f, 77
1652706010.45431, sdrt-health/mac:02010b41cdec/antenna/tag/e2806894000040038662054f, 81
1652706010.509643, sdrt-health/mac:02010b41cdec/antenna/tag/e28068940000400386621d4f, 90
1652706010.540278, sdrt-health/mac:02010b41cdec/antenna/tag/e2806894000050038662154f, 93
1652706010.540625, sdrt-health/mac:02010b41cdec/antenna/tag/e28068940000500386620d4f, 87
1652706010.554816, sdrt-health/mac:02010b41cdec/antenna/tag/e2806894000040038662114f, 88
1652706010.615447, sdrt-health/mac:02010b41cdec/antenna/tag/e2806894000040038662114f, 88
1652706010.64517, sdrt-health/mac:02010b41cdec/antenna/tag/e2806894000050038661fd4f, 86
1652706010.64567, sdrt-health/mac:02010b41cdec/antenna/tag/e2806894000050038661fd4f, 86
1652706010.660288, sdrt-health/mac:02010b41cdec/antenna/tag/e28068940000500386620d4f, 93
1652706010.660639, sdrt-health/mac:02010b41cdec/antenna/tag/e28068940000400386621d4f, 90
1652706010.66086, sdrt-health/mac:02010b41cdec/antenna/tag/e2806894000050038662154f, 93
1652706010.736675, sdrt-health/mac:02010b41cdec/antenna/tag/e2806894000050038661fd4f, 83
1652706010.788467, sdrt-health/mac:02010b41cdec/antenna/tag/e2806894000040038662114f, 85
1652706010.830858, sdrt-health/mac:02010b41cdec/antenna/tag/e2806894000050038661fd4f, 86
1652706010.892569, sdrt-health/mac:02010b41cdec/antenna/tag/e2806894000050038661fd4f, 83
1652706010.893052, sdrt-health/mac:02010b41cdec/antenna/tag/e2806894000040038662114f, 88
1652706010.907992, sdrt-health/mac:02010b41cdec/antenna/tag/e28068940000400386621d4f, 90
1652706010.918145, sdrt-health/mac:02010b41cdec/antenna/tag/e28068940000400386621d4f, 96
1652706010.923611, sdrt-health/mac:02010b41cdec/antenna/tag/e2806894000050038662154f, 83
1652706010.923943, sdrt-health/mac:02010b41cdec/antenna/tag/e28068940000500386620d4f, 87
1652706011.045469, sdrt-health/mac:02010b41cdec/antenna/tag/e2806894000040038662114f, 85
1652706011.096205, sdrt-health/mac:02010b41cdec/antenna/tag/e28068940000500386620d4f, 85
1652706011.135215, sdrt-health/mac:02010b41cdec/antenna/tag/e2806894000050038661fd4f, 86
1652706011.189606, sdrt-health/mac:02010b41cdec/antenna/tag/e28068940000400386621d4f, 96
1652706011.190077, sdrt-health/mac:02010b41cdec/antenna/tag/e2806894000050038662154f, 88
1652706011.20517, sdrt-health/mac:02010b41cdec/antenna/tag/e2806894000050038661fd4f, 86
1652706011.2349, sdrt-health/mac:02010b41cdec/antenna/tag/e28068940000500386620d4f, 93
1652706011.235369, sdrt-health/mac:02010b41cdec/antenna/tag/e2806894000050038662154f, 88
1652706011.264796, sdrt-health/mac:02010b41cdec/antenna/tag/e2806894000050038662154f, 88
1652706011.32535, sdrt-health/mac:02010b41cdec/antenna/tag/e28068940000400386621d4f, 96
1652706011.325917, sdrt-health/mac:02010b41cdec/antenna/tag/e2806894000050038662154f, 81
1652706011.340935, sdrt-health/mac:02010b41cdec/antenna/tag/e28068940000500386620d4f, 87
1652706011.35464, sdrt-health/mac:02010b41cdec/antenna/tag/e28068940000500386620d4f, 87
1652706011.406782, sdrt-health/mac:02010b41cdec/antenna/tag/e2806894000050038661fd4f, 86
1652706011.437606, sdrt-health/mac:02010b41cdec/antenna/tag/e28068940000500386620d4f, 93
1652706011.438008, sdrt-health/mac:02010b41cdec/antenna/tag/e2806894000040038662114f, 85
1652706011.453724, sdrt-health/mac:02010b41cdec/antenna/tag/e2806894000050038662154f, 85
1652706011.454144, sdrt-health/mac:02010b41cdec/antenna/tag/e2806894000050038661fd4f, 90
1652706011.495053, sdrt-health/mac:02010b41cdec/antenna/tag/e2806894000050038661fd4f, 86
1652706011.557614, sdrt-health/mac:02010b41cdec/antenna/tag/e28068940000400386621d4f, 90
1652706011.587069, sdrt-health/mac:02010b41cdec/antenna/tag/e2806894000050038662154f, 87
1652706011.58752, sdrt-health/mac:02010b41cdec/antenna/tag/e28068940000500386620d4f, 87
1652706011.587927, sdrt-health/mac:02010b41cdec/antenna/tag/e28068940000400386621d4f, 90
1652706011.605643, sdrt-health/mac:02010b41cdec/antenna/tag/e2806894000040038662114f, 88
1652706011.655241, sdrt-health/mac:02010b41cdec/antenna/tag/e2806894000040038662114f, 88
1652706011.687893, sdrt-health/mac:02010b41cdec/antenna/tag/e2806894000050038661fd4f, 86
1652706011.688186, sdrt-health/mac:02010b41cdec/antenna/tag/e2806894000040038662114f, 88
1652706011.703524, sdrt-health/mac:02010b41cdec/antenna/tag/e2806894000050038662154f, 83
1652706011.778673, sdrt-health/mac:02010b41cdec/antenna/tag/e28068940000500386620d4f, 93
1652706011.819808, sdrt-health/mac:02010b41cdec/antenna/tag/e2806894000040038662114f, 85
1652706011.901151, sdrt-health/mac:02010b41cdec/antenna/tag/e2806894000040038662114f, 85
1652706011.901672, sdrt-health/mac:02010b41cdec/antenna/tag/e28068940000500386620d4f, 83
1652706011.929073, sdrt-health/mac:02010b41cdec/antenna/tag/e2806894000040038662114f, 85
1652706011.988582, sdrt-health/mac:02010b41cdec/antenna/tag/e2806894000050038662154f, 83
1652706012.03989, sdrt-health/mac:02010b41cdec/antenna/tag/e2806894000050038662154f, 85
1652706012.086643, sdrt-health/mac:02010b41cdec/antenna/tag/e28068940000500386620d4f, 87
1652706012.297288, sdrt-health/mac:02010b41cdec/antenna/tag/e2806894000050038662154f, 85
1652706012.297793, sdrt-health/mac:02010b41cdec/antenna/tag/scan, scan stopped
