1652705730.68886, sdrt-health/mac:02010b41cdec/antenna/power/set, {"power": 300}
1652705731.77791, sdrt-health/mac:02010b41cdec/antenna/power/set, 
1652705735.712116, sdrt-health/mac:02010b41cdec/antenna/tag/scan, {"time": 20000}
1652705736.08495, sdrt-health/mac:02010b41cdec/antenna/tag/e2806894000040038662114f, 88
1652705736.146102, sdrt-health/mac:02010b41cdec/antenna/tag/e2806894000050038661fd4f, 90
1652705736.190954, sdrt-health/mac:02010b41cdec/antenna/tag/e2806894000050038662194f, 93
1652705736.222892, sdrt-health/mac:02010b41cdec/antenna/tag/e28068940000400386621d4f, 96
1652705736.223162, sdrt-health/mac:02010b41cdec/antenna/tag/e28068940000500386620d4f, 85
1652705736.238609, sdrt-health/mac:02010b41cdec/antenna/tag/e2806894000050038661fd4f, 86
1652705736.238946, sdrt-health/mac:02010b41cdec/antenna/tag/e28068940000400386621d4f, 90
1652705736.285806, sdrt-health/mac:02010b41cdec/antenna/tag/e2806894000050038662194f, 94
1652705736.342561, sdrt-health/mac:02010b41cdec/antenna/tag/e2806894000050038661fd4f, 86
1652705736.343035, sdrt-health/mac:02010b41cdec/antenna/tag/e28068940000400386621d4f, 77
1652705736.359167, sdrt-health/mac:02010b41cdec/antenna/tag/e2806894000040038662114f, 88
1652705736.375783, sdrt-health/mac:02010b41cdec/antenna/tag/e2806894000050038662194f, 81
1652705736.438045, sdrt-health/mac:02010b41cdec/antenna/tag/e2806894000050038662194f, 88
1652705736.499289, sdrt-health/mac:02010b41cdec/antenna/tag/e2806894000050038661fd4f, 90
1652705736.499735, sdrt-health/mac:02010b41cdec/antenna/tag/e2806894000050038662154f, 85
1652705736.513351, sdrt-health/mac:02010b41cdec/antenna/tag/e28068940000500386620d4f, 93
1652705736.553962, sdrt-health/mac:02010b41cdec/antenna/tag/e2806894000040038662114f, 85
1652705736.554331, sdrt-health/mac:02010b41cdec/antenna/tag/e2806894000040038662054f, 94
1652705736.590348, sdrt-health/mac:02010b41cdec/antenna/tag/e2806894000050038661fd4f, 86
1652705736.651405, sdrt-health/mac:02010b41cdec/antenna/tag/e28068940000400386621d4f, 90
1652705736.651907, sdrt-health/mac:02010b41cdec/antenna/tag/e2806894000040038662054f, 94
1652705736.678171, sdrt-health/mac:02010b41cdec/antenna/tag/e2806894000040038661f94f, 88
1652705736.779825, sdrt-health/mac:02010b41cdec/antenna/tag/e2806894000050038661fd4f, 86
1652705736.780277, sdrt-health/mac:02010b41cdec/antenna/tag/e2806894000040038662114f, 85
1652705736.805069, sdrt-health/mac:02010b41cdec/antenna/tag/e28068940000500386620d4f, 93
1652705736.83551, sdrt-health/mac:02010b41cdec/antenna/tag/e2806894000040038662054f, 81
1652705736.835956, sdrt-health/mac:02010b41cdec/antenna/tag/e2806894000050038662194f, 81
1652705736.854931, sdrt-health/mac:02010b41cdec/antenna/tag/e28068940000500386620d4f, 93
1652705736.895493, sdrt-health/mac:02010b41cdec/antenna/tag/e28068940000500386620d4f, 87
1652705736.945845, sdrt-health/mac:02010b41cdec/antenna/tag/e2806894000050038661fd4f, 86
1652705736.989667, sdrt-health/mac:02010b41cdec/antenna/tag/e28068940000500386620d4f, 87
1652705737.035552, sdrt-health/mac:02010b41cdec/antenna/tag/e2806894000050038662154f, 88
1652705737.076823, sdrt-health/mac:02010b41cdec/antenna/tag/e2806894000050038661fd4f, 86
1652705737.104651, sdrt-health/mac:02010b41cdec/antenna/tag/e28068940000500386620d4f, 85
1652705737.104855, sdrt-health/mac:02010b41cdec/antenna/tag/e28068940000400386621d4f, 96
1652705737.104969, sdrt-health/mac:02010b41cdec/antenna/tag/e2806894000050038662154f, 88
1652705737.126222, sdrt-health/mac:02010b41cdec/antenna/tag/e2806894000050038661fd4f, 90
1652705737.18918, sdrt-health/mac:02010b41cdec/antenna/tag/e28068940000500386620d4f, 88
1652705737.189701, sdrt-health/mac:02010b41cdec/antenna/tag/e2806894000040038661f94f, 88
1652705737.214498, sdrt-health/mac:02010b41cdec/antenna/tag/e2806894000050038662194f, 81
1652705737.254455, sdrt-health/mac:02010b41cdec/antenna/tag/e2806894000040038662114f, 88
1652705737.327186, sdrt-health/mac:02010b41cdec/antenna/tag/e2806894000050038662194f, 83
1652705737.327656, sdrt-health/mac:02010b41cdec/antenna/tag/e28068940000400386621d4f, 90
1652705737.36749, sdrt-health/mac:02010b41cdec/antenna/tag/e2806894000050038661fd4f, 90
1652705737.415239, sdrt-health/mac:02010b41cdec/antenna/tag/e2806894000050038662154f, 85
1652705737.469911, sdrt-health/mac:02010b41cdec/antenna/tag/e2806894000040038662114f, 88
1652705737.470321, sdrt-health/mac:02010b41cdec/antenna/tag/e2806894000040038662054f, 88
1652705737.484025, sdrt-health/mac:02010b41cdec/antenna/tag/e28068940000400386621d4f, 90
1652705737.495482, sdrt-health/mac:02010b41cdec/antenna/tag/e2806894000040038662054f, 88
1652705737.49866, sdrt-health/mac:02010b41cdec/antenna/tag/e2806894000050038662154f, 93
1652705737.498918, sdrt-health/mac:02010b41cdec/antenna/tag/e2806894000040038662114f, 91
1652705737.550601, sdrt-health/mac:02010b41cdec/antenna/tag/e28068940000500386620d4f, 85
1652705737.604686, sdrt-health/mac:02010b41cdec/antenna/tag/e2806894000050038662154f, 85
1652705737.66344, sdrt-health/mac:02010b41cdec/antenna/tag/e2806894000050038662194f, 81
1652705737.692028, sdrt-health/mac:02010b41cdec/antenna/tag/e2806894000040038662114f, 88
1652705737.692519, sdrt-health/mac:02010b41cdec/antenna/tag/e2806894000050038662194f, 81
1652705737.709928, sdrt-health/mac:02010b41cdec/antenna/tag/e2806894000050038661fd4f, 86
1652705737.755054, sdrt-health/mac:02010b41cdec/antenna/tag/e2806894000050038661fd4f, 90
1652705737.8256, sdrt-health/mac:02010b41cdec/antenna/tag/e2806894000050038661fd4f, 86
1652705737.870574, sdrt-health/mac:02010b41cdec/antenna/tag/e2806894000040038662214f, 82
1652705737.930487, sdrt-health/mac:02010b41cdec/antenna/tag/e28068940000500386620d4f, 87
1652705737.930991, sdrt-health/mac:02010b41cdec/antenna/tag/e2806894000040038662054f, 84
1652705737.944173, sdrt-health/mac:02010b41cdec/antenna/tag/e2806894000040038662114f, 88
1652705737.965686, sdrt-health/mac:02010b41cdec/antenna/tag/e2806894000050038661fd4f, 90
1652705737.994807, sdrt-health/mac:02010b41cdec/antenna/tag/e28068940000400386621d4f, 96
1652705737.995177, sdrt-health/mac:02010b41cdec/antenna/tag/e28068940000500386620d4f, 85
1652705738.016795, sdrt-health/mac:02010b41cdec/antenna/tag/e28068940000400386621d4f, 96
1652705738.111029, sdrt-health/mac:02010b41cdec/antenna/tag/e28068940000400386621d4f, 96
1652705738.192065, sdrt-health/mac:02010b41cdec/antenna/tag/e2806894000050038661fd4f, 90
1652705738.236341, sdrt-health/mac:02010b41cdec/antenna/tag/e28068940000400386621d4f, 96
1652705738.299728, sdrt-health/mac:02010b41cdec/antenna/tag/e2806894000050038661fd4f, 86
1652705738.300251, sdrt-health/mac:02010b41cdec/antenna/tag/e2806894000050038661fd4f, 86
1652705738.312335, sdrt-health/mac:02010b41cdec/antenna/tag/e2806894000050038662154f, 88
1652705738.354498, sdrt-health/mac:02010b41cdec/antenna/tag/e2806894000040038662114f, 88
1652705738.410366, sdrt-health/mac:02010b41cdec/antenna/tag/e2806894000050038662194f, 94
1652705738.41084, sdrt-health/mac:02010b41cdec/antenna/tag/e2806894000040038662114f, 88
1652705738.425797, sdrt-health/mac:02010b41cdec/antenna/tag/e2806894000050038662154f, 85
1652705738.454408, sdrt-health/mac:02010b41cdec/antenna/tag/e28068940000500386620d4f, 85
1652705738.524711, sdrt-health/mac:02010b41cdec/antenna/tag/e2806894000050038661fd4f, 90
1652705738.565274, sdrt-health/mac:02010b41cdec/antenna/tag/e2806894000050038662194f, 81
1652705738.614384, sdrt-health/mac:02010b41cdec/antenna/tag/e28068940000400386621d4f, 96
1652705738.655254, sdrt-health/mac:02010b41cdec/antenna/tag/e2806894000050038662154f, 88
1652705738.724753, sdrt-health/mac:02010b41cdec/antenna/tag/e2806894000040038662054f, 81
1652705738.774755, sdrt-health/mac:02010b41cdec/antenna/tag/e2806894000050038662194f, 94
1652705738.815671, sdrt-health/mac:02010b41cdec/antenna/tag/e2806894000050038661fd4f, 83
1652705738.86908, sdrt-health/mac:02010b41cdec/antenna/tag/e2806894000040038661f94f, 81
1652705738.869575, sdrt-health/mac:02010b41cdec/antenna/tag/e2806894000050038662154f, 85
1652705738.883024, sdrt-health/mac:02010b41cdec/antenna/tag/e2806894000040038662114f, 91
1652705738.894327, sdrt-health/mac:02010b41cdec/antenna/tag/e28068940000400386621d4f, 96
1652705738.896666, sdrt-health/mac:02010b41cdec/antenna/tag/e2806894000050038661fd4f, 86
1652705738.897624, sdrt-health/mac:02010b41cdec/antenna/tag/e2806894000050038661fd4f, 86
1652705738.93471, sdrt-health/mac:02010b41cdec/antenna/tag/e28068940000500386620d4f, 85
1652705739.057254, sdrt-health/mac:02010b41cdec/antenna/tag/e2806894000050038661fd4f, 83
1652705739.057741, sdrt-health/mac:02010b41cdec/antenna/tag/e2806894000050038662154f, 85
1652705739.103575, sdrt-health/mac:02010b41cdec/antenna/tag/e2806894000050038661fd4f, 86
1652705739.166196, sdrt-health/mac:02010b41cdec/antenna/tag/e28068940000400386621d4f, 96
1652705739.166732, sdrt-health/mac:02010b41cdec/antenna/tag/e2806894000040038662114f, 91
1652705739.180665, sdrt-health/mac:02010b41cdec/antenna/tag/e2806894000050038662154f, 87
1652705739.181018, sdrt-health/mac:02010b41cdec/antenna/tag/e2806894000050038661fd4f, 86
1652705739.195477, sdrt-health/mac:02010b41cdec/antenna/tag/e2806894000050038662194f, 94
1652705739.237388, sdrt-health/mac:02010b41cdec/antenna/tag/e28068940000500386620d4f, 93
1652705739.285373, sdrt-health/mac:02010b41cdec/antenna/tag/e28068940000500386620d4f, 85
1652705739.336415, sdrt-health/mac:02010b41cdec/antenna/tag/e2806894000040038662054f, 88
1652705739.405138, sdrt-health/mac:02010b41cdec/antenna/tag/e2806894000050038662194f, 81
1652705739.445661, sdrt-health/mac:02010b41cdec/antenna/tag/e2806894000050038662154f, 88
1652705739.51022, sdrt-health/mac:02010b41cdec/antenna/tag/e28068940000400386621d4f, 96
1652705739.510686, sdrt-health/mac:02010b41cdec/antenna/tag/e2806894000040038662114f, 85
1652705739.535535, sdrt-health/mac:02010b41cdec/antenna/tag/e28068940000400386621d4f, 96
1652705739.588085, sdrt-health/mac:02010b41cdec/antenna/tag/e28068940000500386620d4f, 88
1652705739.588449, sdrt-health/mac:02010b41cdec/antenna/tag/e2806894000040038662114f, 88
1652705739.600947, sdrt-health/mac:02010b41cdec/antenna/tag/e2806894000050038661fd4f, 86
1652705739.630295, sdrt-health/mac:02010b41cdec/antenna/tag/e2806894000040038661f94f, 81
1652705739.675753, sdrt-health/mac:02010b41cdec/antenna/tag/e2806894000050038661fd4f, 83
1652705739.702929, sdrt-health/mac:02010b41cdec/antenna/tag/e2806894000040038662054f, 84
1652705739.703204, sdrt-health/mac:02010b41cdec/antenna/tag/e2806894000050038662154f, 93
1652705739.71766, sdrt-health/mac:02010b41cdec/antenna/tag/e2806894000050038662194f, 82
1652705739.78889, sdrt-health/mac:02010b41cdec/antenna/tag/e28068940000500386620d4f, 87
1652705739.789492, sdrt-health/mac:02010b41cdec/antenna/tag/e2806894000050038662194f, 88
1652705739.824692, sdrt-health/mac:02010b41cdec/antenna/tag/e28068940000400386621d4f, 96
1652705739.825295, sdrt-health/mac:02010b41cdec/antenna/tag/e2806894000050038661fd4f, 90
1652705739.878579, sdrt-health/mac:02010b41cdec/antenna/tag/e2806894000040038662114f, 88
1652705739.935289, sdrt-health/mac:02010b41cdec/antenna/tag/e28068940000500386620d4f, 93
1652705739.975185, sdrt-health/mac:02010b41cdec/antenna/tag/e2806894000050038662194f, 81
1652705739.975832, sdrt-health/mac:02010b41cdec/antenna/tag/e28068940000500386620d4f, 85
1652705740.057493, sdrt-health/mac:02010b41cdec/antenna/tag/e28068940000500386620d4f, 93
1652705740.112679, sdrt-health/mac:02010b41cdec/antenna/tag/e2806894000050038662154f, 85
1652705740.167924, sdrt-health/mac:02010b41cdec/antenna/tag/e2806894000040038662114f, 88
1652705740.168338, sdrt-health/mac:02010b41cdec/antenna/tag/e2806894000050038662194f, 94
1652705740.206209, sdrt-health/mac:02010b41cdec/antenna/tag/e28068940000400386621d4f, 77
1652705740.23717, sdrt-health/mac:02010b41cdec/antenna/tag/e2806894000040038662114f, 88
1652705740.237451, sdrt-health/mac:02010b41cdec/antenna/tag/e28068940000400386621d4f, 77
1652705740.237731, sdrt-health/mac:02010b41cdec/antenna/tag/e2806894000040038661f94f, 82
1652705740.255022, sdrt-health/mac:02010b41cdec/antenna/tag/e28068940000500386620d4f, 87
1652705740.30543, sdrt-health/mac:02010b41cdec/antenna/tag/e28068940000500386620d4f, 93
1652705740.349228, sdrt-health/mac:02010b41cdec/antenna/tag/e2806894000040038662114f, 88
1652705740.394825, sdrt-health/mac:02010b41cdec/antenna/tag/e2806894000050038662154f, 85
1652705740.439527, sdrt-health/mac:02010b41cdec/antenna/tag/e2806894000040038662054f, 94
1652705740.439909, sdrt-health/mac:02010b41cdec/antenna/tag/e2806894000040038662054f, 94
1652705740.485493, sdrt-health/mac:02010b41cdec/antenna/tag/e2806894000040038662114f, 88
1652705740.542992, sdrt-health/mac:02010b41cdec/antenna/tag/e2806894000050038661fd4f, 90
1652705740.590529, sdrt-health/mac:02010b41cdec/antenna/tag/e2806894000040038662114f, 85
1652705740.68371, sdrt-health/mac:02010b41cdec/antenna/tag/e28068940000400386621d4f, 77
1652705740.684202, sdrt-health/mac:02010b41cdec/antenna/tag/e2806894000040038662214f, 81
1652705740.715794, sdrt-health/mac:02010b41cdec/antenna/tag/e28068940000500386620d4f, 87
1652705740.772391, sdrt-health/mac:02010b41cdec/antenna/tag/e2806894000040038662114f, 93
1652705740.772905, sdrt-health/mac:02010b41cdec/antenna/tag/e28068940000500386620d4f, 85
1652705740.786264, sdrt-health/mac:02010b41cdec/antenna/tag/e2806894000050038662154f, 81
1652705740.804395, sdrt-health/mac:02010b41cdec/antenna/tag/e2806894000050038662194f, 88
1652705740.804759, sdrt-health/mac:02010b41cdec/antenna/tag/e2806894000040038662114f, 91
1652705740.856579, sdrt-health/mac:02010b41cdec/antenna/tag/e2806894000050038661fd4f, 86
1652705740.924462, sdrt-health/mac:02010b41cdec/antenna/tag/e2806894000050038662194f, 81
1652705740.924945, sdrt-health/mac:02010b41cdec/antenna/tag/e2806894000040038662114f, 88
1652705740.956182, sdrt-health/mac:02010b41cdec/antenna/tag/e2806894000050038662194f, 88
1652705741.051225, sdrt-health/mac:02010b41cdec/antenna/tag/e2806894000050038661fd4f, 90
1652705741.051724, sdrt-health/mac:02010b41cdec/antenna/tag/e2806894000050038662154f, 88
1652705741.06494, sdrt-health/mac:02010b41cdec/antenna/tag/e28068940000500386620d4f, 93
1652705741.078762, sdrt-health/mac:02010b41cdec/antenna/tag/e2806894000050038662194f, 87
1652705741.079453, sdrt-health/mac:02010b41cdec/antenna/tag/e2806894000050038662194f, 87
1652705741.125147, sdrt-health/mac:02010b41cdec/antenna/tag/e28068940000400386621d4f, 90
1652705741.174672, sdrt-health/mac:02010b41cdec/antenna/tag/e2806894000050038662194f, 83
1652705741.230738, sdrt-health/mac:02010b41cdec/antenna/tag/e28068940000500386620d4f, 87
1652705741.231256, sdrt-health/mac:02010b41cdec/antenna/tag/e2806894000050038662194f, 83
1652705741.274946, sdrt-health/mac:02010b41cdec/antenna/tag/e28068940000500386620d4f, 83
1652705741.321067, sdrt-health/mac:02010b41cdec/antenna/tag/e2806894000050038662154f, 93
1652705741.388317, sdrt-health/mac:02010b41cdec/antenna/tag/e2806894000040038662114f, 88
1652705741.388805, sdrt-health/mac:02010b41cdec/antenna/tag/e2806894000050038662154f, 93
1652705741.456258, sdrt-health/mac:02010b41cdec/antenna/tag/e2806894000050038661fd4f, 86
1652705741.503767, sdrt-health/mac:02010b41cdec/antenna/tag/e28068940000400386621d4f, 96
1652705741.533292, sdrt-health/mac:02010b41cdec/antenna/tag/e2806894000050038661fd4f, 86
1652705741.533572, sdrt-health/mac:02010b41cdec/antenna/tag/e2806894000040038662114f, 88
1652705741.575058, sdrt-health/mac:02010b41cdec/antenna/tag/e28068940000500386620d4f, 87
1652705741.614921, sdrt-health/mac:02010b41cdec/antenna/tag/e28068940000500386620d4f, 93
1652705741.644177, sdrt-health/mac:02010b41cdec/antenna/tag/e2806894000050038662154f, 93
1652705741.644478, sdrt-health/mac:02010b41cdec/antenna/tag/e2806894000050038661fd4f, 86
1652705741.657888, sdrt-health/mac:02010b41cdec/antenna/tag/e2806894000040038662114f, 88
1652705741.694248, sdrt-health/mac:02010b41cdec/antenna/tag/e28068940000400386621d4f, 96
1652705741.750558, sdrt-health/mac:02010b41cdec/antenna/tag/e28068940000500386620d4f, 85
1652705741.751006, sdrt-health/mac:02010b41cdec/antenna/tag/e2806894000050038662154f, 85
1652705741.766568, sdrt-health/mac:02010b41cdec/antenna/tag/e28068940000400386621d4f, 96
1652705741.790955, sdrt-health/mac:02010b41cdec/antenna/tag/e2806894000050038662154f, 93
1652705741.850107, sdrt-health/mac:02010b41cdec/antenna/tag/e2806894000050038661fd4f, 86
1652705741.850616, sdrt-health/mac:02010b41cdec/antenna/tag/e28068940000400386621d4f, 96
1652705741.886771, sdrt-health/mac:02010b41cdec/antenna/tag/e2806894000050038661fd4f, 83
1652705741.916982, sdrt-health/mac:02010b41cdec/antenna/tag/e2806894000040038661f94f, 81
1652705741.917336, sdrt-health/mac:02010b41cdec/antenna/tag/e2806894000040038662054f, 94
1652705741.93152, sdrt-health/mac:02010b41cdec/antenna/tag/e2806894000050038662194f, 84
1652705741.975026, sdrt-health/mac:02010b41cdec/antenna/tag/e28068940000400386621d4f, 77
1652705742.015881, sdrt-health/mac:02010b41cdec/antenna/tag/e2806894000050038662154f, 83
1652705742.054559, sdrt-health/mac:02010b41cdec/antenna/tag/e2806894000040038662114f, 85
1652705742.094661, sdrt-health/mac:02010b41cdec/antenna/tag/e2806894000050038662194f, 81
1652705742.145658, sdrt-health/mac:02010b41cdec/antenna/tag/e2806894000050038662154f, 83
1652705742.190474, sdrt-health/mac:02010b41cdec/antenna/tag/e28068940000500386620d4f, 87
1652705742.255989, sdrt-health/mac:02010b41cdec/antenna/tag/e2806894000050038661fd4f, 86
1652705742.295655, sdrt-health/mac:02010b41cdec/antenna/tag/e28068940000400386621d4f, 96
1652705742.37995, sdrt-health/mac:02010b41cdec/antenna/tag/e2806894000040038662114f, 88
1652705742.380428, sdrt-health/mac:02010b41cdec/antenna/tag/e2806894000050038662154f, 93
1652705742.40525, sdrt-health/mac:02010b41cdec/antenna/tag/e2806894000050038662194f, 94
1652705742.469538, sdrt-health/mac:02010b41cdec/antenna/tag/e28068940000400386621d4f, 77
1652705742.470018, sdrt-health/mac:02010b41cdec/antenna/tag/e2806894000040038662114f, 88
1652705742.484353, sdrt-health/mac:02010b41cdec/antenna/tag/e2806894000050038662154f, 83
1652705742.512691, sdrt-health/mac:02010b41cdec/antenna/tag/e2806894000050038662194f, 81
1652705742.513026, sdrt-health/mac:02010b41cdec/antenna/tag/e2806894000040038662054f, 94
1652705742.555207, sdrt-health/mac:02010b41cdec/antenna/tag/e2806894000050038662194f, 94
1652705742.637513, sdrt-health/mac:02010b41cdec/antenna/tag/e2806894000040038662054f, 82
1652705742.637982, sdrt-health/mac:02010b41cdec/antenna/tag/e2806894000050038662194f, 83
1652705742.651235, sdrt-health/mac:02010b41cdec/antenna/tag/e2806894000050038662154f, 93
1652705742.670425, sdrt-health/mac:02010b41cdec/antenna/tag/e2806894000050038662194f, 87
1652705742.71381, sdrt-health/mac:02010b41cdec/antenna/tag/e2806894000050038662154f, 85
1652705742.714648, sdrt-health/mac:02010b41cdec/antenna/tag/e2806894000050038662194f, 81
1652705742.758732, sdrt-health/mac:02010b41cdec/antenna/tag/e2806894000050038662194f, 83
1652705742.831603, sdrt-health/mac:02010b41cdec/antenna/tag/e2806894000040038662114f, 88
1652705742.882985, sdrt-health/mac:02010b41cdec/antenna/tag/e28068940000500386620d4f, 85
1652705742.935067, sdrt-health/mac:02010b41cdec/antenna/tag/e2806894000050038662154f, 85
1652705742.974752, sdrt-health/mac:02010b41cdec/antenna/tag/e28068940000500386620d4f, 85
1652705743.055693, sdrt-health/mac:02010b41cdec/antenna/tag/e28068940000500386620d4f, 85
1652705743.095096, sdrt-health/mac:02010b41cdec/antenna/tag/e2806894000050038662194f, 83
1652705743.149972, sdrt-health/mac:02010b41cdec/antenna/tag/e2806894000040038662054f, 94
1652705743.150464, sdrt-health/mac:02010b41cdec/antenna/tag/e2806894000040038661f94f, 81
1652705743.184495, sdrt-health/mac:02010b41cdec/antenna/tag/e2806894000050038662154f, 83
1652705743.24419, sdrt-health/mac:02010b41cdec/antenna/tag/e2806894000050038662194f, 81
1652705743.244651, sdrt-health/mac:02010b41cdec/antenna/tag/e2806894000040038662114f, 85
1652705743.25923, sdrt-health/mac:02010b41cdec/antenna/tag/e2806894000040038661f94f, 84
1652705743.274251, sdrt-health/mac:02010b41cdec/antenna/tag/e2806894000050038662194f, 81
1652705743.334465, sdrt-health/mac:02010b41cdec/antenna/tag/e2806894000040038662114f, 85
1652705743.375889, sdrt-health/mac:02010b41cdec/antenna/tag/e2806894000050038661fd4f, 86
1652705743.425865, sdrt-health/mac:02010b41cdec/antenna/tag/e28068940000400386621d4f, 77
1652705743.470012, sdrt-health/mac:02010b41cdec/antenna/tag/e2806894000050038662154f, 93
1652705743.527667, sdrt-health/mac:02010b41cdec/antenna/tag/e2806894000050038662194f, 83
1652705743.528087, sdrt-health/mac:02010b41cdec/antenna/tag/e2806894000040038662054f, 84
1652705743.558907, sdrt-health/mac:02010b41cdec/antenna/tag/e2806894000040038662114f, 88
1652705743.606763, sdrt-health/mac:02010b41cdec/antenna/tag/e28068940000400386621d4f, 77
1652705743.668628, sdrt-health/mac:02010b41cdec/antenna/tag/e2806894000050038661fd4f, 90
1652705743.66912, sdrt-health/mac:02010b41cdec/antenna/tag/e2806894000040038662114f, 85
1652705743.683078, sdrt-health/mac:02010b41cdec/antenna/tag/e2806894000040038662114f, 85
1652705743.694487, sdrt-health/mac:02010b41cdec/antenna/tag/e28068940000400386621d4f, 96
1652705743.74579, sdrt-health/mac:02010b41cdec/antenna/tag/e2806894000050038661fd4f, 83
1652705743.797848, sdrt-health/mac:02010b41cdec/antenna/tag/e28068940000400386621d4f, 96
1652705743.845231, sdrt-health/mac:02010b41cdec/antenna/tag/e2806894000050038661fd4f, 90
1652705743.909257, sdrt-health/mac:02010b41cdec/antenna/tag/e28068940000400386621d4f, 90
1652705743.909827, sdrt-health/mac:02010b41cdec/antenna/tag/e2806894000040038662114f, 88
1652705743.935387, sdrt-health/mac:02010b41cdec/antenna/tag/e2806894000040038662054f, 88
1652705744.004672, sdrt-health/mac:02010b41cdec/antenna/tag/e28068940000400386621d4f, 90
1652705744.063606, sdrt-health/mac:02010b41cdec/antenna/tag/e2806894000040038662114f, 88
1652705744.126375, sdrt-health/mac:02010b41cdec/antenna/tag/e28068940000500386620d4f, 87
1652705744.126933, sdrt-health/mac:02010b41cdec/antenna/tag/e2806894000050038662194f, 83
1652705744.190339, sdrt-health/mac:02010b41cdec/antenna/tag/e28068940000500386620d4f, 85
1652705744.235474, sdrt-health/mac:02010b41cdec/antenna/tag/e2806894000040038662114f, 88
1652705744.293716, sdrt-health/mac:02010b41cdec/antenna/tag/e2806894000050038661fd4f, 86
1652705744.294253, sdrt-health/mac:02010b41cdec/antenna/tag/e2806894000050038661fd4f, 90
1652705744.309297, sdrt-health/mac:02010b41cdec/antenna/tag/e2806894000040038662114f, 85
1652705744.335611, sdrt-health/mac:02010b41cdec/antenna/tag/e2806894000050038662194f, 83
1652705744.375101, sdrt-health/mac:02010b41cdec/antenna/tag/e2806894000040038662114f, 85
1652705744.433316, sdrt-health/mac:02010b41cdec/antenna/tag/e2806894000050038661fd4f, 86
1652705744.433808, sdrt-health/mac:02010b41cdec/antenna/tag/e2806894000050038662194f, 83
1652705744.455314, sdrt-health/mac:02010b41cdec/antenna/tag/e2806894000050038662154f, 88
1652705744.507268, sdrt-health/mac:02010b41cdec/antenna/tag/e2806894000050038662154f, 88
1652705744.507727, sdrt-health/mac:02010b41cdec/antenna/tag/e28068940000500386620d4f, 85
1652705744.535397, sdrt-health/mac:02010b41cdec/antenna/tag/e28068940000400386621d4f, 96
1652705744.589875, sdrt-health/mac:02010b41cdec/antenna/tag/e2806894000050038662194f, 87
1652705744.656286, sdrt-health/mac:02010b41cdec/antenna/tag/e2806894000050038662194f, 81
1652705744.656631, sdrt-health/mac:02010b41cdec/antenna/tag/e28068940000400386621d4f, 96
1652705744.656917, sdrt-health/mac:02010b41cdec/antenna/tag/e2806894000050038662154f, 93
1652705744.657152, sdrt-health/mac:02010b41cdec/antenna/tag/e2806894000050038662194f, 81
1652705744.73537, sdrt-health/mac:02010b41cdec/antenna/tag/e28068940000500386620d4f, 85
1652705744.801741, sdrt-health/mac:02010b41cdec/antenna/tag/e28068940000400386621d4f, 96
1652705744.872416, sdrt-health/mac:02010b41cdec/antenna/tag/e28068940000400386621d4f, 96
1652705744.933075, sdrt-health/mac:02010b41cdec/antenna/tag/e28068940000400386621d4f, 90
1652705744.933565, sdrt-health/mac:02010b41cdec/antenna/tag/e2806894000050038662154f, 88
1652705744.933976, sdrt-health/mac:02010b41cdec/antenna/tag/e2806894000040038662114f, 88
1652705744.99968, sdrt-health/mac:02010b41cdec/antenna/tag/e2806894000050038662154f, 85
1652705745.045204, sdrt-health/mac:02010b41cdec/antenna/tag/e2806894000050038661fd4f, 90
1652705745.109841, sdrt-health/mac:02010b41cdec/antenna/tag/e28068940000400386621d4f, 90
1652705745.110282, sdrt-health/mac:02010b41cdec/antenna/tag/e28068940000400386621d4f, 96
1652705745.150317, sdrt-health/mac:02010b41cdec/antenna/tag/e28068940000400386621d4f, 90
1652705745.179348, sdrt-health/mac:02010b41cdec/antenna/tag/e2806894000050038662154f, 85
1652705745.179666, sdrt-health/mac:02010b41cdec/antenna/tag/e28068940000500386620d4f, 85
1652705745.194025, sdrt-health/mac:02010b41cdec/antenna/tag/e2806894000050038661fd4f, 90
1652705745.222138, sdrt-health/mac:02010b41cdec/antenna/tag/e28068940000400386621d4f, 96
1652705745.222439, sdrt-health/mac:02010b41cdec/antenna/tag/e2806894000040038662114f, 88
1652705745.264518, sdrt-health/mac:02010b41cdec/antenna/tag/e2806894000040038662114f, 93
1652705745.310209, sdrt-health/mac:02010b41cdec/antenna/tag/e2806894000040038662214f, 84
1652705745.355342, sdrt-health/mac:02010b41cdec/antenna/tag/e28068940000400386621d4f, 96
1652705745.398299, sdrt-health/mac:02010b41cdec/antenna/tag/e2806894000050038661fd4f, 86
1652705745.467725, sdrt-health/mac:02010b41cdec/antenna/tag/e28068940000500386620d4f, 85
1652705745.468165, sdrt-health/mac:02010b41cdec/antenna/tag/e28068940000500386620d4f, 85
1652705745.481538, sdrt-health/mac:02010b41cdec/antenna/tag/e28068940000400386621d4f, 96
1652705745.539753, sdrt-health/mac:02010b41cdec/antenna/tag/e2806894000050038661fd4f, 90
1652705745.566946, sdrt-health/mac:02010b41cdec/antenna/tag/e2806894000050038662154f, 93
1652705745.567251, sdrt-health/mac:02010b41cdec/antenna/tag/e2806894000050038662154f, 93
1652705745.593884, sdrt-health/mac:02010b41cdec/antenna/tag/e28068940000500386620d4f, 85
1652705745.65383, sdrt-health/mac:02010b41cdec/antenna/tag/e2806894000050038662194f, 81
1652705745.654279, sdrt-health/mac:02010b41cdec/antenna/tag/e28068940000500386620d4f, 85
1652705745.685383, sdrt-health/mac:02010b41cdec/antenna/tag/e28068940000400386621d4f, 90
1652705745.738209, sdrt-health/mac:02010b41cdec/antenna/tag/e2806894000040038661f94f, 81
1652705745.775459, sdrt-health/mac:02010b41cdec/antenna/tag/e2806894000040038662054f, 110
1652705745.775754, sdrt-health/mac:02010b41cdec/antenna/tag/e2806894000040038662214f, 81
1652705745.825783, sdrt-health/mac:02010b41cdec/antenna/tag/e2806894000040038662214f, 81
1652705745.89316, sdrt-health/mac:02010b41cdec/antenna/tag/e2806894000040038662054f, 94
1652705745.893608, sdrt-health/mac:02010b41cdec/antenna/tag/e28068940000400386621d4f, 96
1652705745.926622, sdrt-health/mac:02010b41cdec/antenna/tag/e28068940000500386620d4f, 88
1652705745.957145, sdrt-health/mac:02010b41cdec/antenna/tag/e2806894000040038662114f, 88
1652705745.957588, sdrt-health/mac:02010b41cdec/antenna/tag/e2806894000050038662194f, 94
1652705745.975352, sdrt-health/mac:02010b41cdec/antenna/tag/e28068940000500386620d4f, 85
1652705746.030229, sdrt-health/mac:02010b41cdec/antenna/tag/e2806894000050038662154f, 85
1652705746.088648, sdrt-health/mac:02010b41cdec/antenna/tag/e28068940000400386621d4f, 96
1652705746.089125, sdrt-health/mac:02010b41cdec/antenna/tag/e28068940000400386621d4f, 96
1652705746.102946, sdrt-health/mac:02010b41cdec/antenna/tag/e2806894000050038662154f, 85
1652705746.117255, sdrt-health/mac:02010b41cdec/antenna/tag/e2806894000040038662214f, 82
1652705746.166428, sdrt-health/mac:02010b41cdec/antenna/tag/e28068940000500386620d4f, 87
1652705746.197107, sdrt-health/mac:02010b41cdec/antenna/tag/e2806894000050038662154f, 87
1652705746.197501, sdrt-health/mac:02010b41cdec/antenna/tag/e2806894000040038662054f, 82
1652705746.223462, sdrt-health/mac:02010b41cdec/antenna/tag/e2806894000040038662214f, 94
1652705746.284427, sdrt-health/mac:02010b41cdec/antenna/tag/e2806894000050038661fd4f, 86
1652705746.28487, sdrt-health/mac:02010b41cdec/antenna/tag/e2806894000040038662114f, 88
1652705746.324254, sdrt-health/mac:02010b41cdec/antenna/tag/e28068940000500386620d4f, 85
1652705746.374514, sdrt-health/mac:02010b41cdec/antenna/tag/e28068940000400386621d4f, 96
1652705746.429785, sdrt-health/mac:02010b41cdec/antenna/tag/e2806894000040038662114f, 88
1652705746.458235, sdrt-health/mac:02010b41cdec/antenna/tag/e2806894000050038662194f, 84
1652705746.458664, sdrt-health/mac:02010b41cdec/antenna/tag/e2806894000050038662194f, 94
1652705746.474713, sdrt-health/mac:02010b41cdec/antenna/tag/e2806894000050038661fd4f, 86
1652705746.50419, sdrt-health/mac:02010b41cdec/antenna/tag/e2806894000040038662114f, 85
1652705746.504606, sdrt-health/mac:02010b41cdec/antenna/tag/e28068940000400386621d4f, 96
1652705746.517655, sdrt-health/mac:02010b41cdec/antenna/tag/e2806894000050038662194f, 94
1652705746.5754, sdrt-health/mac:02010b41cdec/antenna/tag/e28068940000400386621d4f, 90
1652705746.614531, sdrt-health/mac:02010b41cdec/antenna/tag/e28068940000400386621d4f, 90
1652705746.656804, sdrt-health/mac:02010b41cdec/antenna/tag/e2806894000040038661f94f, 94
1652705746.710455, sdrt-health/mac:02010b41cdec/antenna/tag/e2806894000040038662054f, 82
1652705746.710999, sdrt-health/mac:02010b41cdec/antenna/tag/e2806894000050038662194f, 81
1652705746.72503, sdrt-health/mac:02010b41cdec/antenna/tag/e28068940000400386621d4f, 77
1652705746.8058, sdrt-health/mac:02010b41cdec/antenna/tag/e28068940000400386621d4f, 96
1652705746.857388, sdrt-health/mac:02010b41cdec/antenna/tag/e28068940000500386620d4f, 85
1652705746.886262, sdrt-health/mac:02010b41cdec/antenna/tag/e2806894000040038662114f, 88
1652705746.886765, sdrt-health/mac:02010b41cdec/antenna/tag/e2806894000050038661fd4f, 86
1652705746.887068, sdrt-health/mac:02010b41cdec/antenna/tag/e28068940000400386621d4f, 90
1652705746.921015, sdrt-health/mac:02010b41cdec/antenna/tag/e2806894000050038662194f, 83
1652705746.966026, sdrt-health/mac:02010b41cdec/antenna/tag/e2806894000040038662054f, 81
1652705747.028584, sdrt-health/mac:02010b41cdec/antenna/tag/e2806894000040038662054f, 82
1652705747.028978, sdrt-health/mac:02010b41cdec/antenna/tag/e2806894000050038662194f, 81
1652705747.069929, sdrt-health/mac:02010b41cdec/antenna/tag/e28068940000500386620d4f, 87
1652705747.115717, sdrt-health/mac:02010b41cdec/antenna/tag/e2806894000040038662114f, 88
1652705747.172208, sdrt-health/mac:02010b41cdec/antenna/tag/e28068940000400386621d4f, 77
1652705747.172821, sdrt-health/mac:02010b41cdec/antenna/tag/e2806894000040038662114f, 85
1652705747.206095, sdrt-health/mac:02010b41cdec/antenna/tag/e2806894000050038662194f, 88
1652705747.28019, sdrt-health/mac:02010b41cdec/antenna/tag/e2806894000040038662214f, 94
1652705747.280671, sdrt-health/mac:02010b41cdec/antenna/tag/e2806894000040038662054f, 84
1652705747.295288, sdrt-health/mac:02010b41cdec/antenna/tag/e2806894000040038662214f, 94
1652705747.33558, sdrt-health/mac:02010b41cdec/antenna/tag/e28068940000500386620d4f, 87
1652705747.335932, sdrt-health/mac:02010b41cdec/antenna/tag/e2806894000040038662114f, 88
1652705747.36474, sdrt-health/mac:02010b41cdec/antenna/tag/e28068940000400386621d4f, 96
1652705747.423728, sdrt-health/mac:02010b41cdec/antenna/tag/e2806894000050038661fd4f, 90
1652705747.470897, sdrt-health/mac:02010b41cdec/antenna/tag/e2806894000050038662154f, 85
1652705747.497817, sdrt-health/mac:02010b41cdec/antenna/tag/e2806894000040038661f94f, 94
1652705747.498057, sdrt-health/mac:02010b41cdec/antenna/tag/e2806894000040038662114f, 88
1652705747.515027, sdrt-health/mac:02010b41cdec/antenna/tag/e2806894000050038661fd4f, 86
1652705747.572637, sdrt-health/mac:02010b41cdec/antenna/tag/e2806894000050038662154f, 85
1652705747.573201, sdrt-health/mac:02010b41cdec/antenna/tag/e2806894000050038661fd4f, 86
1652705747.605442, sdrt-health/mac:02010b41cdec/antenna/tag/e28068940000500386620d4f, 88
1652705747.654617, sdrt-health/mac:02010b41cdec/antenna/tag/e28068940000400386621d4f, 90
1652705747.685487, sdrt-health/mac:02010b41cdec/antenna/tag/e2806894000050038661fd4f, 90
1652705747.685889, sdrt-health/mac:02010b41cdec/antenna/tag/e28068940000400386621d4f, 96
1652705747.718371, sdrt-health/mac:02010b41cdec/antenna/tag/e2806894000050038662154f, 87
1652705747.765531, sdrt-health/mac:02010b41cdec/antenna/tag/e28068940000400386621d4f, 77
1652705747.766303, sdrt-health/mac:02010b41cdec/antenna/tag/e2806894000050038662154f, 81
1652705747.823349, sdrt-health/mac:02010b41cdec/antenna/tag/e28068940000500386620d4f, 87
1652705747.884305, sdrt-health/mac:02010b41cdec/antenna/tag/e2806894000040038662114f, 88
1652705747.884748, sdrt-health/mac:02010b41cdec/antenna/tag/e2806894000050038662194f, 81
1652705747.900146, sdrt-health/mac:02010b41cdec/antenna/tag/e28068940000400386621d4f, 96
1652705747.915995, sdrt-health/mac:02010b41cdec/antenna/tag/e28068940000400386621d4f, 96
1652705747.958906, sdrt-health/mac:02010b41cdec/antenna/tag/e2806894000050038662154f, 85
1652705748.005317, sdrt-health/mac:02010b41cdec/antenna/tag/e28068940000500386620d4f, 85
1652705748.055973, sdrt-health/mac:02010b41cdec/antenna/tag/e2806894000050038661fd4f, 90
1652705748.110735, sdrt-health/mac:02010b41cdec/antenna/tag/e2806894000040038662114f, 88
1652705748.111174, sdrt-health/mac:02010b41cdec/antenna/tag/e2806894000040038662054f, 84
1652705748.125884, sdrt-health/mac:02010b41cdec/antenna/tag/e28068940000400386621d4f, 96
1652705748.135701, sdrt-health/mac:02010b41cdec/antenna/tag/e2806894000040038662114f, 88
1652705748.17522, sdrt-health/mac:02010b41cdec/antenna/tag/e2806894000050038662154f, 85
1652705748.231715, sdrt-health/mac:02010b41cdec/antenna/tag/e2806894000050038662154f, 85
1652705748.232183, sdrt-health/mac:02010b41cdec/antenna/tag/e2806894000040038662114f, 88
1652705748.232501, sdrt-health/mac:02010b41cdec/antenna/tag/e28068940000500386620d4f, 88
1652705748.245889, sdrt-health/mac:02010b41cdec/antenna/tag/e2806894000050038661fd4f, 86
1652705748.254484, sdrt-health/mac:02010b41cdec/antenna/tag/e2806894000050038662194f, 83
1652705748.259281, sdrt-health/mac:02010b41cdec/antenna/tag/e2806894000050038661fd4f, 90
1652705748.295061, sdrt-health/mac:02010b41cdec/antenna/tag/e28068940000400386621d4f, 96
1652705748.358291, sdrt-health/mac:02010b41cdec/antenna/tag/e2806894000040038661f94f, 94
1652705748.40606, sdrt-health/mac:02010b41cdec/antenna/tag/e2806894000040038662054f, 94
1652705748.467418, sdrt-health/mac:02010b41cdec/antenna/tag/e2806894000050038662154f, 87
1652705748.467679, sdrt-health/mac:02010b41cdec/antenna/tag/e2806894000040038662214f, 84
1652705748.496755, sdrt-health/mac:02010b41cdec/antenna/tag/e2806894000040038662054f, 100
1652705748.497305, sdrt-health/mac:02010b41cdec/antenna/tag/e28068940000400386621d4f, 77
1652705748.511606, sdrt-health/mac:02010b41cdec/antenna/tag/e2806894000050038662154f, 85
1652705748.535065, sdrt-health/mac:02010b41cdec/antenna/tag/e2806894000050038662194f, 83
1652705748.574727, sdrt-health/mac:02010b41cdec/antenna/tag/e2806894000050038662194f, 81
1652705748.61412, sdrt-health/mac:02010b41cdec/antenna/tag/e2806894000040038662114f, 88
1652705748.614515, sdrt-health/mac:02010b41cdec/antenna/tag/e28068940000400386621d4f, 77
1652705748.655827, sdrt-health/mac:02010b41cdec/antenna/tag/e2806894000050038662154f, 83
1652705748.718738, sdrt-health/mac:02010b41cdec/antenna/tag/e2806894000050038661fd4f, 86
1652705748.719371, sdrt-health/mac:02010b41cdec/antenna/tag/e2806894000050038662194f, 81
1652705748.750122, sdrt-health/mac:02010b41cdec/antenna/tag/e28068940000500386620d4f, 85
1652705748.809242, sdrt-health/mac:02010b41cdec/antenna/tag/e2806894000050038661fd4f, 86
1652705748.809685, sdrt-health/mac:02010b41cdec/antenna/tag/e2806894000050038662154f, 87
1652705748.856031, sdrt-health/mac:02010b41cdec/antenna/tag/e2806894000040038662114f, 88
1652705748.883775, sdrt-health/mac:02010b41cdec/antenna/tag/e2806894000050038662194f, 94
1652705748.883984, sdrt-health/mac:02010b41cdec/antenna/tag/e28068940000400386621d4f, 77
1652705748.897655, sdrt-health/mac:02010b41cdec/antenna/tag/e2806894000050038661fd4f, 83
1652705748.897902, sdrt-health/mac:02010b41cdec/antenna/tag/e28068940000400386621d4f, 77
1652705748.898074, sdrt-health/mac:02010b41cdec/antenna/tag/e2806894000040038662114f, 85
1652705748.935469, sdrt-health/mac:02010b41cdec/antenna/tag/e2806894000050038662194f, 81
1652705748.990723, sdrt-health/mac:02010b41cdec/antenna/tag/e28068940000500386620d4f, 87
1652705749.043372, sdrt-health/mac:02010b41cdec/antenna/tag/e2806894000040038662114f, 88
1652705749.071628, sdrt-health/mac:02010b41cdec/antenna/tag/e2806894000040038662054f, 94
1652705749.071975, sdrt-health/mac:02010b41cdec/antenna/tag/e2806894000050038662154f, 85
1652705749.096695, sdrt-health/mac:02010b41cdec/antenna/tag/e2806894000050038662154f, 88
1652705749.150322, sdrt-health/mac:02010b41cdec/antenna/tag/e2806894000050038661fd4f, 90
1652705749.216478, sdrt-health/mac:02010b41cdec/antenna/tag/e2806894000040038662114f, 91
1652705749.244531, sdrt-health/mac:02010b41cdec/antenna/tag/e2806894000050038662194f, 93
1652705749.244979, sdrt-health/mac:02010b41cdec/antenna/tag/e2806894000050038661fd4f, 90
1652705749.245313, sdrt-health/mac:02010b41cdec/antenna/tag/e28068940000400386621d4f, 90
1652705749.258641, sdrt-health/mac:02010b41cdec/antenna/tag/e28068940000400386621d4f, 77
1652705749.25901, sdrt-health/mac:02010b41cdec/antenna/tag/e2806894000050038661fd4f, 86
1652705749.295063, sdrt-health/mac:02010b41cdec/antenna/tag/e2806894000050038661fd4f, 90
1652705749.356486, sdrt-health/mac:02010b41cdec/antenna/tag/e28068940000500386620d4f, 83
1652705749.356969, sdrt-health/mac:02010b41cdec/antenna/tag/e2806894000050038662154f, 87
1652705749.371157, sdrt-health/mac:02010b41cdec/antenna/tag/e28068940000400386621d4f, 77
1652705749.371427, sdrt-health/mac:02010b41cdec/antenna/tag/e28068940000500386620d4f, 87
1652705749.426682, sdrt-health/mac:02010b41cdec/antenna/tag/e2806894000050038662154f, 88
1652705749.471705, sdrt-health/mac:02010b41cdec/antenna/tag/e2806894000050038662154f, 85
1652705749.531234, sdrt-health/mac:02010b41cdec/antenna/tag/e2806894000050038661fd4f, 90
1652705749.574704, sdrt-health/mac:02010b41cdec/antenna/tag/e2806894000050038662154f, 85
1652705749.655778, sdrt-health/mac:02010b41cdec/antenna/tag/e2806894000040038662114f, 85
1652705749.696582, sdrt-health/mac:02010b41cdec/antenna/tag/e28068940000400386621d4f, 96
1652705749.735316, sdrt-health/mac:02010b41cdec/antenna/tag/e28068940000500386620d4f, 93
1652705749.736313, sdrt-health/mac:02010b41cdec/antenna/tag/e2806894000050038662154f, 87
1652705749.774716, sdrt-health/mac:02010b41cdec/antenna/tag/e2806894000050038661fd4f, 86
1652705749.816329, sdrt-health/mac:02010b41cdec/antenna/tag/e2806894000050038662154f, 85
1652705749.856649, sdrt-health/mac:02010b41cdec/antenna/tag/e28068940000400386621d4f, 77
1652705749.884459, sdrt-health/mac:02010b41cdec/antenna/tag/e2806894000050038662154f, 87
1652705749.884733, sdrt-health/mac:02010b41cdec/antenna/tag/e2806894000050038662194f, 81
1652705749.90545, sdrt-health/mac:02010b41cdec/antenna/tag/e2806894000040038662054f, 81
1652705749.951011, sdrt-health/mac:02010b41cdec/antenna/tag/e28068940000500386620d4f, 87
1652705749.979479, sdrt-health/mac:02010b41cdec/antenna/tag/e28068940000400386621d4f, 77
1652705749.979761, sdrt-health/mac:02010b41cdec/antenna/tag/e2806894000050038661fd4f, 86
1652705749.994629, sdrt-health/mac:02010b41cdec/antenna/tag/e2806894000040038662114f, 88
1652705750.03834, sdrt-health/mac:02010b41cdec/antenna/tag/e2806894000050038661fd4f, 83
1652705750.102572, sdrt-health/mac:02010b41cdec/antenna/tag/e2806894000050038662154f, 91
1652705750.103065, sdrt-health/mac:02010b41cdec/antenna/tag/e28068940000500386620d4f, 88
1652705750.117333, sdrt-health/mac:02010b41cdec/antenna/tag/e2806894000050038662154f, 88
1652705750.148481, sdrt-health/mac:02010b41cdec/antenna/tag/e28068940000500386620d4f, 88
1652705750.148739, sdrt-health/mac:02010b41cdec/antenna/tag/e2806894000050038662154f, 88
1652705750.174612, sdrt-health/mac:02010b41cdec/antenna/tag/e2806894000040038662054f, 84
1652705750.214817, sdrt-health/mac:02010b41cdec/antenna/tag/e28068940000400386621d4f, 96
1652705750.320875, sdrt-health/mac:02010b41cdec/antenna/tag/e2806894000050038661fd4f, 86
1652705750.321382, sdrt-health/mac:02010b41cdec/antenna/tag/e2806894000040038662114f, 88
1652705750.350435, sdrt-health/mac:02010b41cdec/antenna/tag/e2806894000050038662154f, 85
1652705750.41198, sdrt-health/mac:02010b41cdec/antenna/tag/e28068940000400386621d4f, 96
1652705750.412432, sdrt-health/mac:02010b41cdec/antenna/tag/e2806894000040038662114f, 88
1652705750.438997, sdrt-health/mac:02010b41cdec/antenna/tag/e2806894000050038662194f, 84
1652705750.503863, sdrt-health/mac:02010b41cdec/antenna/tag/e28068940000500386620d4f, 85
1652705750.504225, sdrt-health/mac:02010b41cdec/antenna/tag/e2806894000040038662114f, 88
1652705750.519261, sdrt-health/mac:02010b41cdec/antenna/tag/e28068940000500386620d4f, 88
1652705750.535137, sdrt-health/mac:02010b41cdec/antenna/tag/e2806894000050038662194f, 94
1652705750.613427, sdrt-health/mac:02010b41cdec/antenna/tag/e2806894000050038662154f, 85
1652705750.613721, sdrt-health/mac:02010b41cdec/antenna/tag/e2806894000040038662114f, 91
1652705750.627062, sdrt-health/mac:02010b41cdec/antenna/tag/e2806894000050038661fd4f, 86
1652705750.646145, sdrt-health/mac:02010b41cdec/antenna/tag/e2806894000050038661fd4f, 86
1652705750.674974, sdrt-health/mac:02010b41cdec/antenna/tag/e2806894000050038662194f, 81
1652705750.675406, sdrt-health/mac:02010b41cdec/antenna/tag/e28068940000400386621d4f, 96
1652705750.694435, sdrt-health/mac:02010b41cdec/antenna/tag/e28068940000400386621d4f, 96
1652705750.736461, sdrt-health/mac:02010b41cdec/antenna/tag/e28068940000400386621d4f, 96
1652705750.736768, sdrt-health/mac:02010b41cdec/antenna/state, connected
1652705750.751628, sdrt-health/mac:02010b41cdec/fw, {"version":"1.8.1","model":"200","hash":"2f556501b58f1dad542af428d7928d18","timestamp":1652705747}
1652705750.75187, sdrt-health/mac:02010b41cdec/antenna/tag/e28068940000400386621d4f, 96
1652705750.805496, sdrt-health/mac:02010b41cdec/antenna/tag/e2806894000050038662154f, 83
1652705750.855615, sdrt-health/mac:02010b41cdec/antenna/tag/e2806894000040038662114f, 88
1652705750.909333, sdrt-health/mac:02010b41cdec/antenna/tag/e2806894000040038662114f, 85
1652705750.909815, sdrt-health/mac:02010b41cdec/antenna/tag/e2806894000040038662054f, 82
1652705750.923458, sdrt-health/mac:02010b41cdec/antenna/tag/e2806894000050038661fd4f, 86
1652705750.944732, sdrt-health/mac:02010b41cdec/antenna/tag/e2806894000050038662154f, 85
1652705751.006599, sdrt-health/mac:02010b41cdec/antenna/tag/e2806894000050038662194f, 88
1652705751.035169, sdrt-health/mac:02010b41cdec/antenna/tag/e2806894000050038662194f, 94
1652705751.035567, sdrt-health/mac:02010b41cdec/antenna/tag/e2806894000050038661fd4f, 90
1652705751.050931, sdrt-health/mac:02010b41cdec/antenna/tag/e2806894000050038662194f, 81
1652705751.09471, sdrt-health/mac:02010b41cdec/antenna/tag/e2806894000050038661fd4f, 86
1652705751.127209, sdrt-health/mac:02010b41cdec/antenna/version, 
1652705751.174635, sdrt-health/mac:02010b41cdec/antenna/tag/e28068940000500386620d4f, 85
1652705751.21569, sdrt-health/mac:02010b41cdec/antenna/tag/e28068940000500386620d4f, 85
1652705751.25468, sdrt-health/mac:02010b41cdec/antenna/tag/e2806894000050038662154f, 85
1652705751.255439, sdrt-health/mac:02010b41cdec/antenna/tag/e28068940000400386621d4f, 96
1652705751.295084, sdrt-health/mac:02010b41cdec/antenna/tag/e28068940000500386620d4f, 93
1652705751.412765, sdrt-health/mac:02010b41cdec/antenna/tag/e2806894000050038661fd4f, 90
1652705751.413284, sdrt-health/mac:02010b41cdec/antenna/tag/e2806894000050038661fd4f, 90
1652705751.428069, sdrt-health/mac:02010b41cdec/antenna/tag/e2806894000040038661f94f, 84
1652705751.428454, sdrt-health/mac:02010b41cdec/antenna/tag/e2806894000050038662194f, 94
1652705751.444872, sdrt-health/mac:02010b41cdec/antenna/tag/e2806894000040038662114f, 88
1652705751.494539, sdrt-health/mac:02010b41cdec/antenna/tag/e28068940000400386621d4f, 96
1652705751.553624, sdrt-health/mac:02010b41cdec/antenna/tag/e2806894000050038662154f, 85
1652705751.582064, sdrt-health/mac:02010b41cdec/antenna/tag/e28068940000500386620d4f, 85
1652705751.582277, sdrt-health/mac:02010b41cdec/antenna/tag/e2806894000050038662154f, 85
1652705751.596864, sdrt-health/mac:02010b41cdec/antenna/tag/e28068940000500386620d4f, 85
1652705751.637867, sdrt-health/mac:02010b41cdec/antenna/tag/e2806894000050038661fd4f, 86
1652705751.70054, sdrt-health/mac:02010b41cdec/antenna/tag/e2806894000050038662154f, 85
1652705751.70098, sdrt-health/mac:02010b41cdec/antenna/tag/e2806894000040038662114f, 88
1652705751.714769, sdrt-health/mac:02010b41cdec/antenna/tag/e2806894000050038661fd4f, 86
1652705751.715146, sdrt-health/mac:02010b41cdec/antenna/tag/e2806894000050038662154f, 93
1652705751.735951, sdrt-health/mac:02010b41cdec/antenna/tag/e2806894000040038662054f, 81
1652705751.804791, sdrt-health/mac:02010b41cdec/antenna/tag/e2806894000040038662114f, 85
1652705751.805364, sdrt-health/mac:02010b41cdec/antenna/tag/e2806894000040038662214f, 87
1652705751.819075, sdrt-health/mac:02010b41cdec/antenna/tag/e2806894000040038662054f, 81
1652705751.835597, sdrt-health/mac:02010b41cdec/antenna/tag/e28068940000500386620d4f, 85
1652705751.896538, sdrt-health/mac:02010b41cdec/antenna/tag/e28068940000400386621d4f, 77
1652705751.896943, sdrt-health/mac:02010b41cdec/antenna/tag/e2806894000050038661fd4f, 86
1652705751.910357, sdrt-health/mac:02010b41cdec/antenna/tag/e28068940000400386621d4f, 96
1652705751.924949, sdrt-health/mac:02010b41cdec/antenna/tag/e2806894000050038662154f, 85
1652705751.985211, sdrt-health/mac:02010b41cdec/antenna/tag/e2806894000040038662114f, 85
1652705752.042628, sdrt-health/mac:02010b41cdec/antenna/tag/e2806894000040038662114f, 88
1652705752.043176, sdrt-health/mac:02010b41cdec/antenna/tag/e2806894000050038662154f, 87
1652705752.055995, sdrt-health/mac:02010b41cdec/antenna/tag/e2806894000050038662194f, 94
1652705752.140956, sdrt-health/mac:02010b41cdec/antenna/tag/e28068940000400386621d4f, 90
1652705752.205386, sdrt-health/mac:02010b41cdec/antenna/tag/e2806894000050038662154f, 87
1652705752.280269, sdrt-health/mac:02010b41cdec/antenna/tag/e28068940000400386621d4f, 77
1652705752.325849, sdrt-health/mac:02010b41cdec/antenna/tag/e28068940000500386620d4f, 83
1652705752.389599, sdrt-health/mac:02010b41cdec/antenna/tag/e28068940000400386621d4f, 77
1652705752.390106, sdrt-health/mac:02010b41cdec/antenna/tag/e2806894000040038662054f, 88
1652705752.403227, sdrt-health/mac:02010b41cdec/antenna/tag/e2806894000040038662114f, 85
1652705752.413923, sdrt-health/mac:02010b41cdec/antenna/tag/e2806894000050038662154f, 91
1652705752.417381, sdrt-health/mac:02010b41cdec/antenna/tag/e28068940000400386621d4f, 96
1652705752.465635, sdrt-health/mac:02010b41cdec/antenna/tag/e28068940000400386621d4f, 96
1652705752.510311, sdrt-health/mac:02010b41cdec/antenna/tag/e28068940000500386620d4f, 88
1652705752.554686, sdrt-health/mac:02010b41cdec/antenna/tag/e28068940000500386620d4f, 88
1652705752.555143, sdrt-health/mac:02010b41cdec/antenna/tag/e2806894000050038661fd4f, 90
1652705752.597511, sdrt-health/mac:02010b41cdec/antenna/tag/e2806894000050038661fd4f, 90
1652705752.644121, sdrt-health/mac:02010b41cdec/antenna/tag/e2806894000050038662194f, 84
1652705752.695559, sdrt-health/mac:02010b41cdec/antenna/tag/e2806894000040038661f94f, 81
1652705752.734444, sdrt-health/mac:02010b41cdec/antenna/tag/e2806894000050038662154f, 87
1652705752.782813, sdrt-health/mac:02010b41cdec/antenna/tag/e28068940000500386620d4f, 85
1652705752.844246, sdrt-health/mac:02010b41cdec/antenna/tag/e2806894000050038661fd4f, 86
1652705752.844682, sdrt-health/mac:02010b41cdec/antenna/tag/e28068940000500386620d4f, 88
1652705752.877049, sdrt-health/mac:02010b41cdec/antenna/tag/e28068940000400386621d4f, 96
1652705752.918163, sdrt-health/mac:02010b41cdec/antenna/tag/e28068940000400386621d4f, 96
1652705752.96477, sdrt-health/mac:02010b41cdec/antenna/tag/e28068940000500386620d4f, 85
1652705752.965234, sdrt-health/mac:02010b41cdec/antenna/tag/e28068940000400386621d4f, 96
1652705753.069618, sdrt-health/mac:02010b41cdec/antenna/tag/e2806894000040038662114f, 91
1652705753.114833, sdrt-health/mac:02010b41cdec/antenna/tag/e28068940000500386620d4f, 85
1652705753.173222, sdrt-health/mac:02010b41cdec/antenna/tag/e28068940000400386621d4f, 90
1652705753.173676, sdrt-health/mac:02010b41cdec/antenna/tag/e2806894000040038661f94f, 88
1652705753.204834, sdrt-health/mac:02010b41cdec/antenna/tag/e2806894000050038662194f, 83
1652705753.270241, sdrt-health/mac:02010b41cdec/antenna/tag/e2806894000040038662114f, 85
1652705753.27074, sdrt-health/mac:02010b41cdec/antenna/tag/e2806894000040038661f94f, 81
1652705753.28435, sdrt-health/mac:02010b41cdec/antenna/tag/e2806894000040038662114f, 85
1652705753.309989, sdrt-health/mac:02010b41cdec/antenna/tag/e2806894000050038662154f, 88
1652705753.337699, sdrt-health/mac:02010b41cdec/antenna/tag/e2806894000050038661fd4f, 90
1652705753.338077, sdrt-health/mac:02010b41cdec/antenna/tag/e28068940000500386620d4f, 87
1652705753.355444, sdrt-health/mac:02010b41cdec/antenna/tag/e28068940000400386621d4f, 90
1652705753.397403, sdrt-health/mac:02010b41cdec/antenna/tag/e2806894000040038662114f, 88
1652705753.453986, sdrt-health/mac:02010b41cdec/antenna/tag/e28068940000500386620d4f, 85
1652705753.509121, sdrt-health/mac:02010b41cdec/antenna/tag/e2806894000040038662114f, 91
1652705753.509595, sdrt-health/mac:02010b41cdec/antenna/tag/e2806894000050038661fd4f, 90
1652705753.534736, sdrt-health/mac:02010b41cdec/antenna/tag/e28068940000500386620d4f, 87
1652705753.60338, sdrt-health/mac:02010b41cdec/antenna/tag/e2806894000050038662154f, 83
1652705753.654884, sdrt-health/mac:02010b41cdec/antenna/tag/e2806894000050038661fd4f, 83
1652705753.695415, sdrt-health/mac:02010b41cdec/antenna/tag/e2806894000050038662154f, 83
1652705753.734661, sdrt-health/mac:02010b41cdec/antenna/tag/e2806894000040038662114f, 85
1652705753.797301, sdrt-health/mac:02010b41cdec/antenna/tag/e2806894000050038662194f, 94
1652705753.845273, sdrt-health/mac:02010b41cdec/antenna/tag/e28068940000400386621d4f, 77
1652705753.910187, sdrt-health/mac:02010b41cdec/antenna/tag/e2806894000040038662114f, 85
1652705753.910638, sdrt-health/mac:02010b41cdec/antenna/tag/e28068940000500386620d4f, 88
1652705753.950122, sdrt-health/mac:02010b41cdec/antenna/tag/e2806894000040038662114f, 88
1652705754.004782, sdrt-health/mac:02010b41cdec/antenna/tag/e28068940000400386621d4f, 96
1652705754.070184, sdrt-health/mac:02010b41cdec/antenna/tag/e2806894000040038662114f, 88
1652705754.070648, sdrt-health/mac:02010b41cdec/antenna/tag/e28068940000400386621d4f, 96
1652705754.110033, sdrt-health/mac:02010b41cdec/antenna/tag/e28068940000500386620d4f, 85
1652705754.154704, sdrt-health/mac:02010b41cdec/antenna/tag/e2806894000050038661fd4f, 90
1652705754.15532, sdrt-health/mac:02010b41cdec/antenna/tag/e28068940000400386621d4f, 90
1652705754.170763, sdrt-health/mac:02010b41cdec/antenna/tag/e28068940000400386621d4f, 90
1652705754.200714, sdrt-health/mac:02010b41cdec/antenna/tag/e28068940000400386621d4f, 77
1652705754.325145, sdrt-health/mac:02010b41cdec/antenna/tag/e2806894000040038662114f, 88
1652705754.395376, sdrt-health/mac:02010b41cdec/antenna/tag/e2806894000050038662154f, 85
1652705754.455209, sdrt-health/mac:02010b41cdec/antenna/tag/e28068940000400386621d4f, 96
1652705754.494872, sdrt-health/mac:02010b41cdec/antenna/tag/e28068940000400386621d4f, 96
1652705754.53533, sdrt-health/mac:02010b41cdec/antenna/tag/e2806894000050038662154f, 88
1652705754.575354, sdrt-health/mac:02010b41cdec/antenna/tag/e28068940000500386620d4f, 93
1652705754.635138, sdrt-health/mac:02010b41cdec/antenna/tag/e2806894000050038662154f, 93
1652705754.679378, sdrt-health/mac:02010b41cdec/antenna/tag/e2806894000050038661fd4f, 86
1652705754.746876, sdrt-health/mac:02010b41cdec/antenna/tag/e2806894000050038662194f, 83
1652705754.747336, sdrt-health/mac:02010b41cdec/antenna/tag/e28068940000400386621d4f, 77
1652705754.775184, sdrt-health/mac:02010b41cdec/antenna/tag/e2806894000050038662194f, 83
1652705754.85856, sdrt-health/mac:02010b41cdec/antenna/tag/e2806894000050038662154f, 81
1652705754.859008, sdrt-health/mac:02010b41cdec/antenna/tag/e2806894000040038662214f, 82
1652705754.884529, sdrt-health/mac:02010b41cdec/antenna/tag/e28068940000500386620d4f, 93
1652705754.936446, sdrt-health/mac:02010b41cdec/antenna/tag/e2806894000040038662214f, 81
1652705755.004538, sdrt-health/mac:02010b41cdec/antenna/tag/e28068940000400386621d4f, 96
1652705755.056055, sdrt-health/mac:02010b41cdec/antenna/tag/e2806894000050038662154f, 81
1652705755.158174, sdrt-health/mac:02010b41cdec/antenna/tag/e28068940000500386620d4f, 87
1652705755.239, sdrt-health/mac:02010b41cdec/antenna/tag/e2806894000040038662114f, 85
1652705755.267514, sdrt-health/mac:02010b41cdec/antenna/tag/e28068940000400386621d4f, 77
1652705755.267902, sdrt-health/mac:02010b41cdec/antenna/tag/e2806894000050038662194f, 83
1652705755.285636, sdrt-health/mac:02010b41cdec/antenna/tag/e2806894000050038661fd4f, 86
1652705755.313867, sdrt-health/mac:02010b41cdec/antenna/tag/e2806894000050038662154f, 87
1652705755.314187, sdrt-health/mac:02010b41cdec/antenna/tag/e28068940000500386620d4f, 83
1652705755.334878, sdrt-health/mac:02010b41cdec/antenna/tag/e2806894000050038662154f, 85
1652705755.388824, sdrt-health/mac:02010b41cdec/antenna/tag/e2806894000050038662154f, 85
1652705755.389272, sdrt-health/mac:02010b41cdec/antenna/tag/e2806894000050038662194f, 87
1652705755.425696, sdrt-health/mac:02010b41cdec/antenna/tag/e2806894000050038661fd4f, 86
1652705755.470268, sdrt-health/mac:02010b41cdec/antenna/tag/e2806894000050038662154f, 87
1652705755.528484, sdrt-health/mac:02010b41cdec/antenna/tag/e28068940000400386621d4f, 77
1652705755.528892, sdrt-health/mac:02010b41cdec/antenna/tag/e2806894000050038662194f, 94
1652705755.542373, sdrt-health/mac:02010b41cdec/antenna/tag/e2806894000040038662054f, 81
1652705755.56106, sdrt-health/mac:02010b41cdec/antenna/tag/e2806894000050038661fd4f, 86
1652705755.621072, sdrt-health/mac:02010b41cdec/antenna/tag/e2806894000040038662054f, 88
1652705755.621608, sdrt-health/mac:02010b41cdec/antenna/tag/e2806894000040038662054f, 81
1652705755.63681, sdrt-health/mac:02010b41cdec/antenna/tag/e2806894000040038662114f, 88
1652705755.765577, sdrt-health/mac:02010b41cdec/antenna/tag/e28068940000400386621d4f, 77
1652705755.835716, sdrt-health/mac:02010b41cdec/antenna/tag/e28068940000500386620d4f, 93
1652705755.894941, sdrt-health/mac:02010b41cdec/antenna/tag/e28068940000400386621d4f, 96
1652705755.964249, sdrt-health/mac:02010b41cdec/antenna/tag/e2806894000050038662154f, 88
1652705756.006215, sdrt-health/mac:02010b41cdec/antenna/tag/e2806894000040038662054f, 88
1652705756.066098, sdrt-health/mac:02010b41cdec/antenna/tag/e2806894000050038661fd4f, 90
1652705756.257448, sdrt-health/mac:02010b41cdec/antenna/tag/scan, scan stopped
