1652706345.730685, sdrt-health/mac:02010b41cdec/antenna/power/set, {"power": 300}
1652706346.794529, sdrt-health/mac:02010b41cdec/antenna/power/set, 
1652706350.704248, sdrt-health/mac:02010b41cdec/antenna/state, connected
1652706350.704828, sdrt-health/mac:02010b41cdec/fw, {"version":"1.8.1","model":"200","hash":"2f556501b58f1dad542af428d7928d18","timestamp":1652706347}
1652706350.752694, sdrt-health/mac:02010b41cdec/antenna/tag/scan, {"time": 20000}
1652706350.914111, sdrt-health/mac:02010b41cdec/antenna/version, 
1652706351.569431, sdrt-health/mac:02010b41cdec/antenna/tag/e2806894000050038661fd4f, 86
1652706351.603252, sdrt-health/mac:02010b41cdec/antenna/tag/e2806894000050038662194f, 81
1652706351.603725, sdrt-health/mac:02010b41cdec/antenna/tag/e2806894000040038662214f, 84
1652706351.604059, sdrt-health/mac:02010b41cdec/antenna/tag/e2806894000050038661fd4f, 86
1652706351.604406, sdrt-health/mac:02010b41cdec/antenna/tag/e2806894000040038662114f, 88
1652706351.604716, sdrt-health/mac:02010b41cdec/antenna/tag/e28068940000500386620d4f, 93
1652706351.605032, sdrt-health/mac:02010b41cdec/antenna/tag/e2806894000050038661fd4f, 86
1652706351.605384, sdrt-health/mac:02010b41cdec/antenna/tag/e28068940000500386620d4f, 87
1652706351.605681, sdrt-health/mac:02010b41cdec/antenna/tag/e2806894000050038662194f, 81
1652706351.605886, sdrt-health/mac:02010b41cdec/antenna/tag/e28068940000400386621d4f, 77
1652706351.606131, sdrt-health/mac:02010b41cdec/antenna/tag/e2806894000050038662194f, 83
1652706351.606407, sdrt-health/mac:02010b41cdec/antenna/tag/e2806894000050038661fd4f, 86
1652706351.606628, sdrt-health/mac:02010b41cdec/antenna/tag/e28068940000400386621d4f, 96
1652706351.60687, sdrt-health/mac:02010b41cdec/antenna/tag/e28068940000500386620d4f, 93
1652706351.607205, sdrt-health/mac:02010b41cdec/antenna/tag/e2806894000050038662154f, 85
1652706351.607472, sdrt-health/mac:02010b41cdec/antenna/tag/e2806894000050038662194f, 81
1652706351.607751, sdrt-health/mac:02010b41cdec/antenna/tag/e2806894000050038661fd4f, 90
1652706351.60798, sdrt-health/mac:02010b41cdec/antenna/tag/e2806894000050038662194f, 87
1652706351.608292, sdrt-health/mac:02010b41cdec/antenna/tag/e2806894000050038661fd4f, 86
1652706351.608591, sdrt-health/mac:02010b41cdec/antenna/tag/e28068940000500386620d4f, 87
1652706351.6284, sdrt-health/mac:02010b41cdec/antenna/tag/e2806894000040038662054f, 81
1652706351.662105, sdrt-health/mac:02010b41cdec/antenna/tag/e2806894000050038662194f, 94
1652706351.715802, sdrt-health/mac:02010b41cdec/antenna/tag/e2806894000040038662054f, 81
1652706351.762372, sdrt-health/mac:02010b41cdec/antenna/tag/e28068940000400386621d4f, 96
1652706351.813786, sdrt-health/mac:02010b41cdec/antenna/tag/e28068940000400386621d4f, 96
1652706351.869472, sdrt-health/mac:02010b41cdec/antenna/tag/e28068940000400386621d4f, 96
1652706351.869925, sdrt-health/mac:02010b41cdec/antenna/tag/e2806894000050038661fd4f, 90
1652706351.887129, sdrt-health/mac:02010b41cdec/antenna/tag/e2806894000050038662194f, 83
1652706351.903589, sdrt-health/mac:02010b41cdec/antenna/tag/e2806894000050038662194f, 83
1652706351.956441, sdrt-health/mac:02010b41cdec/antenna/tag/e2806894000050038662194f, 81
1652706351.994061, sdrt-health/mac:02010b41cdec/antenna/tag/e28068940000500386620d4f, 93
1652706352.049791, sdrt-health/mac:02010b41cdec/antenna/tag/e2806894000050038662194f, 81
1652706352.050305, sdrt-health/mac:02010b41cdec/antenna/tag/e2806894000050038661fd4f, 86
1652706352.050644, sdrt-health/mac:02010b41cdec/antenna/tag/e2806894000050038661fd4f, 90
1652706352.082634, sdrt-health/mac:02010b41cdec/antenna/tag/e28068940000400386621d4f, 96
1652706352.131535, sdrt-health/mac:02010b41cdec/antenna/tag/e2806894000050038661fd4f, 90
1652706352.18897, sdrt-health/mac:02010b41cdec/antenna/tag/e28068940000400386621d4f, 90
1652706352.189477, sdrt-health/mac:02010b41cdec/antenna/tag/e28068940000400386621d4f, 90
1652706352.215071, sdrt-health/mac:02010b41cdec/antenna/tag/e28068940000500386620d4f, 85
1652706352.317525, sdrt-health/mac:02010b41cdec/antenna/tag/e2806894000050038662154f, 85
1652706352.318073, sdrt-health/mac:02010b41cdec/antenna/tag/e2806894000040038662114f, 85
1652706352.382182, sdrt-health/mac:02010b41cdec/antenna/tag/e28068940000500386620d4f, 93
1652706352.442471, sdrt-health/mac:02010b41cdec/antenna/tag/e2806894000050038662154f, 87
1652706352.442991, sdrt-health/mac:02010b41cdec/antenna/tag/e2806894000050038662154f, 87
1652706352.48038, sdrt-health/mac:02010b41cdec/antenna/tag/e2806894000050038662194f, 83
1652706352.548685, sdrt-health/mac:02010b41cdec/antenna/tag/e28068940000500386620d4f, 93
1652706352.549192, sdrt-health/mac:02010b41cdec/antenna/tag/e2806894000050038662154f, 87
1652706352.563516, sdrt-health/mac:02010b41cdec/antenna/tag/e28068940000400386621d4f, 96
1652706352.56387, sdrt-health/mac:02010b41cdec/antenna/tag/e28068940000500386620d4f, 93
1652706352.564222, sdrt-health/mac:02010b41cdec/antenna/tag/e2806894000040038662114f, 85
1652706352.587588, sdrt-health/mac:02010b41cdec/antenna/tag/e2806894000050038662194f, 81
1652706352.64769, sdrt-health/mac:02010b41cdec/antenna/tag/e28068940000400386621d4f, 77
1652706352.648166, sdrt-health/mac:02010b41cdec/antenna/tag/e28068940000400386621d4f, 77
1652706352.676241, sdrt-health/mac:02010b41cdec/antenna/tag/e2806894000040038662114f, 93
1652706352.721188, sdrt-health/mac:02010b41cdec/antenna/tag/e28068940000500386620d4f, 85
1652706352.773409, sdrt-health/mac:02010b41cdec/antenna/tag/e2806894000050038662154f, 88
1652706352.801292, sdrt-health/mac:02010b41cdec/antenna/tag/e28068940000400386621d4f, 96
1652706352.801705, sdrt-health/mac:02010b41cdec/antenna/tag/e2806894000050038661fd4f, 86
1652706352.83623, sdrt-health/mac:02010b41cdec/antenna/tag/e2806894000050038661fd4f, 83
1652706352.883694, sdrt-health/mac:02010b41cdec/antenna/tag/e2806894000050038662154f, 87
1652706352.947485, sdrt-health/mac:02010b41cdec/antenna/tag/e2806894000040038662114f, 88
1652706352.947959, sdrt-health/mac:02010b41cdec/antenna/tag/e2806894000040038661f94f, 94
1652706352.973289, sdrt-health/mac:02010b41cdec/antenna/tag/e2806894000050038662154f, 85
1652706353.012632, sdrt-health/mac:02010b41cdec/antenna/tag/e2806894000040038661f94f, 94
1652706353.06762, sdrt-health/mac:02010b41cdec/antenna/tag/e2806894000040038661f94f, 82
1652706353.068186, sdrt-health/mac:02010b41cdec/antenna/tag/e2806894000040038662114f, 88
1652706353.093556, sdrt-health/mac:02010b41cdec/antenna/tag/e2806894000040038662114f, 91
1652706353.133432, sdrt-health/mac:02010b41cdec/antenna/tag/e2806894000050038661fd4f, 90
1652706353.242375, sdrt-health/mac:02010b41cdec/antenna/tag/e2806894000050038661fd4f, 90
1652706353.242863, sdrt-health/mac:02010b41cdec/antenna/tag/e28068940000500386620d4f, 93
1652706353.308082, sdrt-health/mac:02010b41cdec/antenna/tag/e2806894000050038662154f, 85
1652706353.396138, sdrt-health/mac:02010b41cdec/antenna/tag/e2806894000040038662114f, 85
1652706353.396648, sdrt-health/mac:02010b41cdec/antenna/tag/e28068940000500386620d4f, 85
1652706353.42198, sdrt-health/mac:02010b41cdec/antenna/tag/e2806894000050038662154f, 88
1652706353.482198, sdrt-health/mac:02010b41cdec/antenna/tag/e2806894000040038662114f, 85
1652706353.482714, sdrt-health/mac:02010b41cdec/antenna/tag/e2806894000050038661fd4f, 86
1652706353.512796, sdrt-health/mac:02010b41cdec/antenna/tag/e2806894000040038662114f, 85
1652706353.579762, sdrt-health/mac:02010b41cdec/antenna/tag/e28068940000500386620d4f, 93
1652706353.580276, sdrt-health/mac:02010b41cdec/antenna/tag/e2806894000050038661fd4f, 83
1652706353.594782, sdrt-health/mac:02010b41cdec/antenna/tag/e28068940000500386620d4f, 93
1652706353.59528, sdrt-health/mac:02010b41cdec/antenna/tag/e2806894000050038662154f, 87
1652706353.635058, sdrt-health/mac:02010b41cdec/antenna/tag/e2806894000050038661fd4f, 86
1652706353.684141, sdrt-health/mac:02010b41cdec/antenna/tag/e2806894000040038662114f, 85
1652706353.747921, sdrt-health/mac:02010b41cdec/antenna/tag/e2806894000050038661fd4f, 86
1652706353.748438, sdrt-health/mac:02010b41cdec/antenna/tag/e2806894000050038661fd4f, 90
1652706353.787232, sdrt-health/mac:02010b41cdec/antenna/tag/e28068940000400386621d4f, 96
1652706353.846977, sdrt-health/mac:02010b41cdec/antenna/tag/e2806894000050038661fd4f, 90
1652706353.848553, sdrt-health/mac:02010b41cdec/antenna/tag/e2806894000040038662114f, 88
1652706353.882894, sdrt-health/mac:02010b41cdec/antenna/tag/e2806894000050038662154f, 88
1652706353.937045, sdrt-health/mac:02010b41cdec/antenna/tag/e28068940000400386621d4f, 96
1652706353.93749, sdrt-health/mac:02010b41cdec/antenna/tag/e2806894000050038661fd4f, 83
1652706353.951462, sdrt-health/mac:02010b41cdec/antenna/tag/e2806894000050038661fd4f, 86
1652706353.974179, sdrt-health/mac:02010b41cdec/antenna/tag/e2806894000050038662154f, 85
1652706354.011966, sdrt-health/mac:02010b41cdec/antenna/tag/e28068940000500386620d4f, 85
1652706354.052469, sdrt-health/mac:02010b41cdec/antenna/tag/e2806894000040038661f94f, 81
1652706354.080837, sdrt-health/mac:02010b41cdec/antenna/tag/e2806894000040038662114f, 85
1652706354.081159, sdrt-health/mac:02010b41cdec/antenna/tag/e2806894000050038661fd4f, 90
1652706354.094287, sdrt-health/mac:02010b41cdec/antenna/tag/e2806894000040038662114f, 85
1652706354.14395, sdrt-health/mac:02010b41cdec/antenna/tag/e28068940000500386620d4f, 85
1652706354.204621, sdrt-health/mac:02010b41cdec/antenna/tag/e2806894000040038662114f, 88
1652706354.302703, sdrt-health/mac:02010b41cdec/antenna/tag/e2806894000050038662154f, 85
1652706354.383565, sdrt-health/mac:02010b41cdec/antenna/tag/e28068940000400386621d4f, 96
1652706354.442383, sdrt-health/mac:02010b41cdec/antenna/tag/e2806894000050038661fd4f, 86
1652706354.442845, sdrt-health/mac:02010b41cdec/antenna/tag/e2806894000050038661fd4f, 86
1652706354.459389, sdrt-health/mac:02010b41cdec/antenna/tag/e2806894000040038662054f, 84
1652706354.472357, sdrt-health/mac:02010b41cdec/antenna/tag/e2806894000040038662054f, 88
1652706354.522991, sdrt-health/mac:02010b41cdec/antenna/tag/e2806894000040038662114f, 85
1652706354.576771, sdrt-health/mac:02010b41cdec/antenna/tag/e2806894000050038661fd4f, 86
1652706354.577488, sdrt-health/mac:02010b41cdec/antenna/tag/e2806894000050038661fd4f, 86
1652706354.590602, sdrt-health/mac:02010b41cdec/antenna/tag/e28068940000500386620d4f, 85
1652706354.638965, sdrt-health/mac:02010b41cdec/antenna/tag/e28068940000400386621d4f, 96
1652706354.639259, sdrt-health/mac:02010b41cdec/antenna/tag/e2806894000040038661f94f, 84
1652706354.716829, sdrt-health/mac:02010b41cdec/antenna/tag/e2806894000050038661fd4f, 86
1652706354.78099, sdrt-health/mac:02010b41cdec/antenna/tag/e28068940000400386621d4f, 90
1652706354.808549, sdrt-health/mac:02010b41cdec/antenna/tag/e2806894000040038662114f, 91
1652706354.809026, sdrt-health/mac:02010b41cdec/antenna/tag/e2806894000040038662054f, 82
1652706354.828, sdrt-health/mac:02010b41cdec/antenna/tag/e28068940000500386620d4f, 87
1652706354.874114, sdrt-health/mac:02010b41cdec/antenna/tag/e2806894000040038662114f, 91
1652706354.916675, sdrt-health/mac:02010b41cdec/antenna/tag/e2806894000040038662054f, 81
1652706354.961892, sdrt-health/mac:02010b41cdec/antenna/tag/e2806894000050038662194f, 81
1652706355.012904, sdrt-health/mac:02010b41cdec/antenna/tag/e2806894000040038662114f, 85
1652706355.052309, sdrt-health/mac:02010b41cdec/antenna/tag/e2806894000050038662154f, 85
1652706355.092907, sdrt-health/mac:02010b41cdec/antenna/tag/e28068940000500386620d4f, 85
1652706355.145913, sdrt-health/mac:02010b41cdec/antenna/tag/e2806894000050038662194f, 81
1652706355.146395, sdrt-health/mac:02010b41cdec/antenna/tag/e2806894000050038662154f, 93
1652706355.159761, sdrt-health/mac:02010b41cdec/antenna/tag/e28068940000500386620d4f, 85
1652706355.174127, sdrt-health/mac:02010b41cdec/antenna/tag/e2806894000050038662194f, 83
1652706355.213294, sdrt-health/mac:02010b41cdec/antenna/tag/e28068940000500386620d4f, 85
1652706355.266163, sdrt-health/mac:02010b41cdec/antenna/tag/e2806894000050038662154f, 88
1652706355.266701, sdrt-health/mac:02010b41cdec/antenna/tag/e28068940000500386620d4f, 88
1652706355.31076, sdrt-health/mac:02010b41cdec/antenna/tag/e2806894000040038661f94f, 81
1652706355.352477, sdrt-health/mac:02010b41cdec/antenna/tag/e2806894000040038662214f, 88
1652706355.427677, sdrt-health/mac:02010b41cdec/antenna/tag/e2806894000050038662194f, 82
1652706355.428417, sdrt-health/mac:02010b41cdec/antenna/tag/e2806894000050038662194f, 83
1652706355.46856, sdrt-health/mac:02010b41cdec/antenna/tag/e28068940000400386621d4f, 96
1652706355.46914, sdrt-health/mac:02010b41cdec/antenna/tag/e2806894000050038662194f, 81
1652706355.521047, sdrt-health/mac:02010b41cdec/antenna/tag/e28068940000500386620d4f, 85
1652706355.640488, sdrt-health/mac:02010b41cdec/antenna/tag/e28068940000400386621d4f, 96
1652706355.640994, sdrt-health/mac:02010b41cdec/antenna/tag/e2806894000040038662114f, 88
1652706355.654451, sdrt-health/mac:02010b41cdec/antenna/tag/e2806894000040038661f94f, 94
1652706355.68055, sdrt-health/mac:02010b41cdec/antenna/tag/e2806894000040038662114f, 88
1652706355.709016, sdrt-health/mac:02010b41cdec/antenna/tag/e2806894000050038662154f, 85
1652706355.709408, sdrt-health/mac:02010b41cdec/antenna/tag/e2806894000050038661fd4f, 90
1652706355.7097, sdrt-health/mac:02010b41cdec/antenna/tag/e28068940000400386621d4f, 96
1652706355.750804, sdrt-health/mac:02010b41cdec/antenna/tag/e2806894000040038662114f, 88
1652706355.80969, sdrt-health/mac:02010b41cdec/antenna/tag/e28068940000400386621d4f, 90
1652706355.810371, sdrt-health/mac:02010b41cdec/antenna/tag/e28068940000500386620d4f, 93
1652706355.824079, sdrt-health/mac:02010b41cdec/antenna/tag/e28068940000400386621d4f, 96
1652706355.856061, sdrt-health/mac:02010b41cdec/antenna/tag/e2806894000040038662114f, 88
1652706355.856324, sdrt-health/mac:02010b41cdec/antenna/tag/e2806894000050038661fd4f, 86
1652706355.869872, sdrt-health/mac:02010b41cdec/antenna/tag/e2806894000050038662194f, 88
1652706355.87015, sdrt-health/mac:02010b41cdec/antenna/tag/e2806894000040038662114f, 85
1652706355.984059, sdrt-health/mac:02010b41cdec/antenna/tag/e2806894000050038661fd4f, 86
1652706356.059649, sdrt-health/mac:02010b41cdec/antenna/tag/e28068940000500386620d4f, 87
1652706356.060245, sdrt-health/mac:02010b41cdec/antenna/tag/e2806894000040038662054f, 94
1652706356.076742, sdrt-health/mac:02010b41cdec/antenna/tag/e2806894000040038662054f, 81
1652706356.077304, sdrt-health/mac:02010b41cdec/antenna/tag/e2806894000050038662154f, 85
1652706356.077767, sdrt-health/mac:02010b41cdec/antenna/tag/e28068940000500386620d4f, 93
1652706356.078127, sdrt-health/mac:02010b41cdec/antenna/tag/e28068940000400386621d4f, 96
1652706356.078593, sdrt-health/mac:02010b41cdec/antenna/tag/e28068940000500386620d4f, 85
1652706356.093148, sdrt-health/mac:02010b41cdec/antenna/tag/e2806894000040038662054f, 94
1652706356.15928, sdrt-health/mac:02010b41cdec/antenna/tag/e2806894000040038662114f, 85
1652706356.15984, sdrt-health/mac:02010b41cdec/antenna/tag/e2806894000050038662154f, 88
1652706356.187845, sdrt-health/mac:02010b41cdec/antenna/tag/e2806894000040038662054f, 84
1652706356.233096, sdrt-health/mac:02010b41cdec/antenna/tag/e2806894000040038661f94f, 81
1652706356.262849, sdrt-health/mac:02010b41cdec/antenna/tag/e28068940000400386621d4f, 77
1652706356.2632, sdrt-health/mac:02010b41cdec/antenna/tag/e2806894000040038662114f, 88
1652706356.277397, sdrt-health/mac:02010b41cdec/antenna/tag/e28068940000500386620d4f, 87
1652706356.337091, sdrt-health/mac:02010b41cdec/antenna/tag/e2806894000050038662154f, 83
1652706356.337597, sdrt-health/mac:02010b41cdec/antenna/tag/e28068940000500386620d4f, 93
1652706356.373788, sdrt-health/mac:02010b41cdec/antenna/tag/e2806894000050038661fd4f, 83
1652706356.40263, sdrt-health/mac:02010b41cdec/antenna/tag/e2806894000040038662214f, 94
1652706356.402938, sdrt-health/mac:02010b41cdec/antenna/tag/e28068940000400386621d4f, 77
1652706356.41648, sdrt-health/mac:02010b41cdec/antenna/tag/e28068940000500386620d4f, 87
1652706356.416676, sdrt-health/mac:02010b41cdec/antenna/tag/e2806894000050038662194f, 81
1652706356.41681, sdrt-health/mac:02010b41cdec/antenna/tag/e2806894000050038661fd4f, 83
1652706356.462119, sdrt-health/mac:02010b41cdec/antenna/tag/e28068940000500386620d4f, 85
1652706356.508349, sdrt-health/mac:02010b41cdec/antenna/tag/e2806894000040038662114f, 88
1652706356.588288, sdrt-health/mac:02010b41cdec/antenna/tag/e2806894000050038662154f, 88
1652706356.589806, sdrt-health/mac:02010b41cdec/antenna/tag/e28068940000500386620d4f, 85
1652706356.623307, sdrt-health/mac:02010b41cdec/antenna/tag/e2806894000040038661f94f, 88
1652706356.623768, sdrt-health/mac:02010b41cdec/antenna/tag/e2806894000050038662154f, 88
1652706356.675804, sdrt-health/mac:02010b41cdec/antenna/tag/e2806894000040038662114f, 85
1652706356.748254, sdrt-health/mac:02010b41cdec/antenna/tag/e2806894000050038661fd4f, 90
1652706356.748705, sdrt-health/mac:02010b41cdec/antenna/tag/e28068940000400386621d4f, 90
1652706356.76285, sdrt-health/mac:02010b41cdec/antenna/tag/e2806894000050038662194f, 83
1652706356.783455, sdrt-health/mac:02010b41cdec/antenna/tag/e2806894000040038662114f, 91
1652706356.854006, sdrt-health/mac:02010b41cdec/antenna/tag/e28068940000500386620d4f, 93
1652706356.854495, sdrt-health/mac:02010b41cdec/antenna/tag/e28068940000400386621d4f, 90
1652706356.868055, sdrt-health/mac:02010b41cdec/antenna/tag/e2806894000050038661fd4f, 90
1652706356.882535, sdrt-health/mac:02010b41cdec/antenna/tag/e2806894000050038661fd4f, 86
1652706356.933685, sdrt-health/mac:02010b41cdec/antenna/tag/e28068940000400386621d4f, 77
1652706357.007044, sdrt-health/mac:02010b41cdec/antenna/tag/e28068940000400386621d4f, 96
1652706357.083254, sdrt-health/mac:02010b41cdec/antenna/tag/e2806894000040038662114f, 88
1652706357.083764, sdrt-health/mac:02010b41cdec/antenna/tag/e2806894000050038662194f, 81
1652706357.0972, sdrt-health/mac:02010b41cdec/antenna/tag/e2806894000050038662154f, 85
1652706357.097577, sdrt-health/mac:02010b41cdec/antenna/tag/e2806894000040038662114f, 88
1652706357.097949, sdrt-health/mac:02010b41cdec/antenna/tag/e2806894000050038661fd4f, 90
1652706357.129837, sdrt-health/mac:02010b41cdec/antenna/tag/e28068940000400386621d4f, 96
1652706357.16233, sdrt-health/mac:02010b41cdec/antenna/tag/e28068940000400386621d4f, 90
1652706357.25065, sdrt-health/mac:02010b41cdec/antenna/tag/e2806894000040038661f94f, 84
1652706357.251113, sdrt-health/mac:02010b41cdec/antenna/tag/e2806894000050038662194f, 83
1652706357.308576, sdrt-health/mac:02010b41cdec/antenna/tag/e2806894000050038662194f, 83
1652706357.352146, sdrt-health/mac:02010b41cdec/antenna/tag/e28068940000500386620d4f, 93
1652706357.409524, sdrt-health/mac:02010b41cdec/antenna/tag/e2806894000050038661fd4f, 86
1652706357.410209, sdrt-health/mac:02010b41cdec/antenna/tag/e2806894000050038661fd4f, 86
1652706357.44274, sdrt-health/mac:02010b41cdec/antenna/tag/e2806894000050038662194f, 83
1652706357.443341, sdrt-health/mac:02010b41cdec/antenna/tag/e28068940000500386620d4f, 85
1652706357.457157, sdrt-health/mac:02010b41cdec/antenna/tag/e28068940000400386621d4f, 77
1652706357.492677, sdrt-health/mac:02010b41cdec/antenna/tag/e2806894000050038662154f, 88
1652706357.532496, sdrt-health/mac:02010b41cdec/antenna/tag/e2806894000040038662214f, 103
1652706357.53287, sdrt-health/mac:02010b41cdec/antenna/tag/e2806894000040038662114f, 87
1652706357.571601, sdrt-health/mac:02010b41cdec/antenna/tag/e2806894000050038661fd4f, 86
1652706357.626119, sdrt-health/mac:02010b41cdec/antenna/tag/e2806894000040038662114f, 85
1652706357.626782, sdrt-health/mac:02010b41cdec/antenna/tag/e28068940000500386620d4f, 85
1652706357.627289, sdrt-health/mac:02010b41cdec/antenna/tag/e2806894000050038661fd4f, 86
1652706357.668453, sdrt-health/mac:02010b41cdec/antenna/tag/e2806894000050038662154f, 83
1652706357.723332, sdrt-health/mac:02010b41cdec/antenna/tag/e2806894000050038662194f, 81
1652706357.723751, sdrt-health/mac:02010b41cdec/antenna/tag/e28068940000400386621d4f, 77
1652706357.773134, sdrt-health/mac:02010b41cdec/antenna/tag/e2806894000050038662154f, 87
1652706357.812842, sdrt-health/mac:02010b41cdec/antenna/tag/e28068940000500386620d4f, 93
1652706357.871103, sdrt-health/mac:02010b41cdec/antenna/tag/e2806894000050038662194f, 88
1652706357.871557, sdrt-health/mac:02010b41cdec/antenna/tag/e2806894000040038661f94f, 82
1652706357.885631, sdrt-health/mac:02010b41cdec/antenna/tag/e2806894000050038662194f, 83
1652706357.903211, sdrt-health/mac:02010b41cdec/antenna/tag/e2806894000050038661fd4f, 86
1652706357.947575, sdrt-health/mac:02010b41cdec/antenna/tag/e28068940000500386620d4f, 93
1652706357.994157, sdrt-health/mac:02010b41cdec/antenna/tag/e2806894000050038661fd4f, 86
1652706358.039165, sdrt-health/mac:02010b41cdec/antenna/tag/e2806894000040038662114f, 88
1652706358.069168, sdrt-health/mac:02010b41cdec/antenna/tag/e2806894000050038662194f, 88
1652706358.069439, sdrt-health/mac:02010b41cdec/antenna/tag/e2806894000050038661fd4f, 86
1652706358.083842, sdrt-health/mac:02010b41cdec/antenna/tag/e2806894000050038662194f, 83
1652706358.084049, sdrt-health/mac:02010b41cdec/antenna/tag/e28068940000400386621d4f, 77
1652706358.132794, sdrt-health/mac:02010b41cdec/antenna/tag/e2806894000050038662154f, 85
1652706358.187722, sdrt-health/mac:02010b41cdec/antenna/tag/e2806894000050038662194f, 88
1652706358.188296, sdrt-health/mac:02010b41cdec/antenna/tag/e2806894000050038661fd4f, 90
1652706358.233023, sdrt-health/mac:02010b41cdec/antenna/tag/e2806894000050038661fd4f, 86
1652706358.297132, sdrt-health/mac:02010b41cdec/antenna/tag/e28068940000400386621d4f, 90
1652706358.297589, sdrt-health/mac:02010b41cdec/antenna/tag/e28068940000500386620d4f, 93
1652706358.332919, sdrt-health/mac:02010b41cdec/antenna/tag/e2806894000050038662194f, 81
1652706358.361104, sdrt-health/mac:02010b41cdec/antenna/tag/e2806894000050038661fd4f, 86
1652706358.361561, sdrt-health/mac:02010b41cdec/antenna/tag/e28068940000400386621d4f, 96
1652706358.376275, sdrt-health/mac:02010b41cdec/antenna/tag/e2806894000050038661fd4f, 90
1652706358.414175, sdrt-health/mac:02010b41cdec/antenna/tag/e2806894000050038662194f, 94
1652706358.452741, sdrt-health/mac:02010b41cdec/antenna/tag/e2806894000050038661fd4f, 86
1652706358.51021, sdrt-health/mac:02010b41cdec/antenna/tag/e2806894000050038662154f, 83
1652706358.510765, sdrt-health/mac:02010b41cdec/antenna/tag/e28068940000500386620d4f, 87
1652706358.524282, sdrt-health/mac:02010b41cdec/antenna/tag/e28068940000400386621d4f, 77
1652706358.533168, sdrt-health/mac:02010b41cdec/antenna/tag/e2806894000050038662154f, 88
1652706358.572446, sdrt-health/mac:02010b41cdec/antenna/tag/e2806894000040038662114f, 85
1652706358.612742, sdrt-health/mac:02010b41cdec/antenna/tag/e2806894000050038661fd4f, 90
1652706358.668323, sdrt-health/mac:02010b41cdec/antenna/tag/e2806894000050038661fd4f, 90
1652706358.714804, sdrt-health/mac:02010b41cdec/antenna/tag/e28068940000400386621d4f, 96
1652706358.771432, sdrt-health/mac:02010b41cdec/antenna/tag/e2806894000050038661fd4f, 86
1652706358.771898, sdrt-health/mac:02010b41cdec/antenna/tag/e2806894000050038661fd4f, 90
1652706358.82841, sdrt-health/mac:02010b41cdec/antenna/tag/e2806894000040038661f94f, 88
1652706358.874488, sdrt-health/mac:02010b41cdec/antenna/tag/e2806894000050038661fd4f, 86
1652706358.904726, sdrt-health/mac:02010b41cdec/antenna/tag/e2806894000050038662194f, 81
1652706358.905018, sdrt-health/mac:02010b41cdec/antenna/tag/e2806894000050038661fd4f, 86
1652706358.919103, sdrt-health/mac:02010b41cdec/antenna/tag/e28068940000400386621d4f, 96
1652706358.962148, sdrt-health/mac:02010b41cdec/antenna/tag/e2806894000050038662194f, 81
1652706359.013334, sdrt-health/mac:02010b41cdec/antenna/tag/e28068940000400386621d4f, 96
1652706359.068793, sdrt-health/mac:02010b41cdec/antenna/tag/e2806894000050038662194f, 81
1652706359.069301, sdrt-health/mac:02010b41cdec/antenna/tag/e2806894000050038662154f, 87
1652706359.102011, sdrt-health/mac:02010b41cdec/antenna/tag/e2806894000050038661fd4f, 86
1652706359.147462, sdrt-health/mac:02010b41cdec/antenna/tag/e28068940000400386621d4f, 77
1652706359.193527, sdrt-health/mac:02010b41cdec/antenna/tag/e2806894000040038662114f, 85
1652706359.251164, sdrt-health/mac:02010b41cdec/antenna/tag/e28068940000500386620d4f, 85
1652706359.251728, sdrt-health/mac:02010b41cdec/antenna/tag/e28068940000500386620d4f, 85
1652706359.283649, sdrt-health/mac:02010b41cdec/antenna/tag/e28068940000500386620d4f, 85
1652706359.333739, sdrt-health/mac:02010b41cdec/antenna/tag/e28068940000400386621d4f, 77
1652706359.344859, sdrt-health/mac:02010b41cdec/antenna/tag/e2806894000050038662154f, 87
1652706359.371888, sdrt-health/mac:02010b41cdec/antenna/tag/e2806894000050038662194f, 88
1652706359.427096, sdrt-health/mac:02010b41cdec/antenna/tag/e28068940000500386620d4f, 93
1652706359.427824, sdrt-health/mac:02010b41cdec/antenna/tag/e2806894000040038662114f, 88
1652706359.443006, sdrt-health/mac:02010b41cdec/antenna/tag/e28068940000500386620d4f, 87
1652706359.452646, sdrt-health/mac:02010b41cdec/antenna/tag/e2806894000050038661fd4f, 90
1652706359.522712, sdrt-health/mac:02010b41cdec/antenna/tag/e2806894000040038662114f, 85
1652706359.572257, sdrt-health/mac:02010b41cdec/antenna/tag/e2806894000050038662194f, 94
1652706359.615389, sdrt-health/mac:02010b41cdec/antenna/tag/e2806894000040038662054f, 82
1652706359.651995, sdrt-health/mac:02010b41cdec/antenna/tag/e2806894000040038662054f, 88
1652706359.721486, sdrt-health/mac:02010b41cdec/antenna/tag/e28068940000500386620d4f, 88
1652706359.721978, sdrt-health/mac:02010b41cdec/antenna/tag/e2806894000050038662194f, 87
1652706359.753123, sdrt-health/mac:02010b41cdec/antenna/tag/e28068940000500386620d4f, 85
1652706359.806221, sdrt-health/mac:02010b41cdec/antenna/tag/e2806894000050038661fd4f, 90
1652706359.856975, sdrt-health/mac:02010b41cdec/antenna/tag/e2806894000040038662114f, 88
1652706359.857233, sdrt-health/mac:02010b41cdec/antenna/tag/e2806894000040038662114f, 88
1652706359.870985, sdrt-health/mac:02010b41cdec/antenna/tag/e28068940000500386620d4f, 93
1652706359.89343, sdrt-health/mac:02010b41cdec/antenna/tag/e2806894000040038662114f, 91
1652706359.946806, sdrt-health/mac:02010b41cdec/antenna/tag/e2806894000040038662114f, 85
1652706359.947275, sdrt-health/mac:02010b41cdec/antenna/tag/e28068940000400386621d4f, 90
1652706359.972352, sdrt-health/mac:02010b41cdec/antenna/tag/e28068940000400386621d4f, 96
1652706360.027136, sdrt-health/mac:02010b41cdec/antenna/tag/e28068940000500386620d4f, 93
1652706360.052702, sdrt-health/mac:02010b41cdec/antenna/tag/e2806894000050038662154f, 87
1652706360.136595, sdrt-health/mac:02010b41cdec/antenna/tag/e2806894000050038662194f, 83
1652706360.137119, sdrt-health/mac:02010b41cdec/antenna/tag/e2806894000040038662114f, 88
1652706360.162447, sdrt-health/mac:02010b41cdec/antenna/tag/e2806894000050038662194f, 94
1652706360.213968, sdrt-health/mac:02010b41cdec/antenna/tag/e2806894000040038662114f, 85
1652706360.25391, sdrt-health/mac:02010b41cdec/antenna/tag/e2806894000040038662114f, 88
1652706360.311456, sdrt-health/mac:02010b41cdec/antenna/tag/e28068940000400386621d4f, 90
1652706360.311908, sdrt-health/mac:02010b41cdec/antenna/tag/e2806894000050038662194f, 83
1652706360.334623, sdrt-health/mac:02010b41cdec/antenna/tag/e2806894000050038661fd4f, 90
1652706360.373256, sdrt-health/mac:02010b41cdec/antenna/tag/e2806894000050038661fd4f, 86
1652706360.427259, sdrt-health/mac:02010b41cdec/antenna/tag/e28068940000500386620d4f, 85
1652706360.427782, sdrt-health/mac:02010b41cdec/antenna/tag/e2806894000040038662114f, 88
1652706360.465352, sdrt-health/mac:02010b41cdec/antenna/tag/e28068940000500386620d4f, 93
1652706360.507715, sdrt-health/mac:02010b41cdec/antenna/tag/e2806894000040038661f94f, 84
1652706360.553389, sdrt-health/mac:02010b41cdec/antenna/tag/e2806894000040038662114f, 88
1652706360.597072, sdrt-health/mac:02010b41cdec/antenna/tag/e2806894000040038661f94f, 94
1652706360.706571, sdrt-health/mac:02010b41cdec/antenna/tag/e2806894000040038662114f, 85
1652706360.707111, sdrt-health/mac:02010b41cdec/antenna/tag/e2806894000050038661fd4f, 90
1652706360.762619, sdrt-health/mac:02010b41cdec/antenna/tag/e28068940000500386620d4f, 85
1652706360.802548, sdrt-health/mac:02010b41cdec/antenna/tag/e2806894000050038661fd4f, 86
1652706360.851665, sdrt-health/mac:02010b41cdec/antenna/tag/e2806894000040038662114f, 88
1652706360.946585, sdrt-health/mac:02010b41cdec/antenna/tag/e2806894000040038661f94f, 81
1652706360.947055, sdrt-health/mac:02010b41cdec/antenna/tag/e2806894000050038662194f, 81
1652706361.022482, sdrt-health/mac:02010b41cdec/antenna/tag/e2806894000040038662114f, 88
1652706361.070045, sdrt-health/mac:02010b41cdec/antenna/tag/e28068940000400386621d4f, 96
1652706361.207461, sdrt-health/mac:02010b41cdec/antenna/tag/e2806894000040038661f94f, 81
1652706361.207998, sdrt-health/mac:02010b41cdec/antenna/tag/e28068940000500386620d4f, 85
1652706361.221267, sdrt-health/mac:02010b41cdec/antenna/tag/e28068940000400386621d4f, 96
1652706361.221912, sdrt-health/mac:02010b41cdec/antenna/tag/e28068940000500386620d4f, 85
1652706361.22273, sdrt-health/mac:02010b41cdec/antenna/tag/e28068940000500386620d4f, 85
1652706361.243415, sdrt-health/mac:02010b41cdec/antenna/tag/e2806894000040038662114f, 88
1652706361.292298, sdrt-health/mac:02010b41cdec/antenna/tag/e2806894000050038661fd4f, 86
1652706361.332813, sdrt-health/mac:02010b41cdec/antenna/tag/e2806894000050038662194f, 81
1652706361.362364, sdrt-health/mac:02010b41cdec/antenna/tag/e2806894000050038661fd4f, 90
1652706361.362794, sdrt-health/mac:02010b41cdec/antenna/tag/e2806894000050038662154f, 93
1652706361.387175, sdrt-health/mac:02010b41cdec/antenna/tag/e2806894000040038661f94f, 81
1652706361.433019, sdrt-health/mac:02010b41cdec/antenna/tag/e28068940000400386621d4f, 77
1652706361.476917, sdrt-health/mac:02010b41cdec/antenna/tag/e2806894000050038662194f, 88
1652706361.537626, sdrt-health/mac:02010b41cdec/antenna/tag/e2806894000040038662214f, 88
1652706361.538115, sdrt-health/mac:02010b41cdec/antenna/tag/e28068940000400386621d4f, 96
1652706361.573566, sdrt-health/mac:02010b41cdec/antenna/tag/e28068940000500386620d4f, 85
1652706361.636433, sdrt-health/mac:02010b41cdec/antenna/tag/e2806894000050038662154f, 88
1652706361.637044, sdrt-health/mac:02010b41cdec/antenna/tag/e2806894000050038661fd4f, 90
1652706361.656012, sdrt-health/mac:02010b41cdec/antenna/tag/e28068940000500386620d4f, 85
1652706361.699208, sdrt-health/mac:02010b41cdec/antenna/tag/e2806894000050038661fd4f, 86
1652706361.733656, sdrt-health/mac:02010b41cdec/antenna/tag/e28068940000500386620d4f, 85
1652706361.809786, sdrt-health/mac:02010b41cdec/antenna/tag/e2806894000050038662194f, 94
1652706361.810249, sdrt-health/mac:02010b41cdec/antenna/tag/e2806894000040038662214f, 82
1652706361.843513, sdrt-health/mac:02010b41cdec/antenna/tag/e2806894000040038661f94f, 84
1652706361.871118, sdrt-health/mac:02010b41cdec/antenna/tag/e2806894000050038661fd4f, 86
1652706361.871419, sdrt-health/mac:02010b41cdec/antenna/tag/e28068940000400386621d4f, 77
1652706361.914987, sdrt-health/mac:02010b41cdec/antenna/tag/e28068940000500386620d4f, 85
1652706361.955824, sdrt-health/mac:02010b41cdec/antenna/tag/e2806894000040038662114f, 88
1652706362.017436, sdrt-health/mac:02010b41cdec/antenna/tag/e2806894000050038662154f, 88
1652706362.01792, sdrt-health/mac:02010b41cdec/antenna/tag/e2806894000040038662114f, 88
1652706362.031747, sdrt-health/mac:02010b41cdec/antenna/tag/e2806894000050038662154f, 88
1652706362.053854, sdrt-health/mac:02010b41cdec/antenna/tag/e2806894000050038662154f, 88
1652706362.107684, sdrt-health/mac:02010b41cdec/antenna/tag/e2806894000040038662114f, 85
1652706362.170775, sdrt-health/mac:02010b41cdec/antenna/tag/e2806894000050038661fd4f, 90
1652706362.171165, sdrt-health/mac:02010b41cdec/antenna/tag/e28068940000500386620d4f, 85
1652706362.196667, sdrt-health/mac:02010b41cdec/antenna/tag/e28068940000500386620d4f, 93
1652706362.242731, sdrt-health/mac:02010b41cdec/antenna/tag/e2806894000050038661fd4f, 90
1652706362.243321, sdrt-health/mac:02010b41cdec/antenna/tag/e2806894000050038662154f, 88
1652706362.243773, sdrt-health/mac:02010b41cdec/antenna/tag/e28068940000400386621d4f, 90
1652706362.258985, sdrt-health/mac:02010b41cdec/antenna/tag/e28068940000500386620d4f, 85
1652706362.259253, sdrt-health/mac:02010b41cdec/antenna/tag/e28068940000500386620d4f, 85
1652706362.292429, sdrt-health/mac:02010b41cdec/antenna/tag/e28068940000400386621d4f, 90
1652706362.332722, sdrt-health/mac:02010b41cdec/antenna/tag/e2806894000040038662114f, 85
1652706362.372955, sdrt-health/mac:02010b41cdec/antenna/tag/e2806894000040038661f94f, 81
1652706362.442821, sdrt-health/mac:02010b41cdec/antenna/tag/e2806894000050038662194f, 83
1652706362.443319, sdrt-health/mac:02010b41cdec/antenna/tag/e28068940000400386621d4f, 77
1652706362.457707, sdrt-health/mac:02010b41cdec/antenna/tag/e2806894000050038661fd4f, 86
1652706362.472391, sdrt-health/mac:02010b41cdec/antenna/tag/e28068940000500386620d4f, 87
1652706362.500333, sdrt-health/mac:02010b41cdec/antenna/tag/e2806894000050038661fd4f, 90
1652706362.500542, sdrt-health/mac:02010b41cdec/antenna/tag/e2806894000040038662054f, 81
1652706362.533032, sdrt-health/mac:02010b41cdec/antenna/tag/e28068940000500386620d4f, 93
1652706362.562091, sdrt-health/mac:02010b41cdec/antenna/tag/e2806894000050038662154f, 85
1652706362.56263, sdrt-health/mac:02010b41cdec/antenna/tag/e28068940000500386620d4f, 85
1652706362.587643, sdrt-health/mac:02010b41cdec/antenna/tag/e28068940000500386620d4f, 85
1652706362.696169, sdrt-health/mac:02010b41cdec/antenna/tag/e2806894000040038662114f, 85
1652706362.696619, sdrt-health/mac:02010b41cdec/antenna/tag/e2806894000040038661f94f, 87
1652706362.774544, sdrt-health/mac:02010b41cdec/antenna/tag/e2806894000050038661fd4f, 86
1652706362.826725, sdrt-health/mac:02010b41cdec/antenna/tag/e2806894000040038661f94f, 81
1652706362.827308, sdrt-health/mac:02010b41cdec/antenna/tag/e28068940000500386620d4f, 93
1652706362.853325, sdrt-health/mac:02010b41cdec/antenna/tag/e2806894000040038662214f, 82
1652706362.908606, sdrt-health/mac:02010b41cdec/antenna/tag/e2806894000050038661fd4f, 83
1652706362.96274, sdrt-health/mac:02010b41cdec/antenna/tag/e2806894000040038662114f, 85
1652706363.036673, sdrt-health/mac:02010b41cdec/antenna/tag/e2806894000050038662154f, 88
1652706363.037164, sdrt-health/mac:02010b41cdec/antenna/tag/e2806894000040038662114f, 88
1652706363.050729, sdrt-health/mac:02010b41cdec/antenna/tag/e2806894000050038662154f, 91
1652706363.051616, sdrt-health/mac:02010b41cdec/antenna/tag/e28068940000400386621d4f, 96
1652706363.052053, sdrt-health/mac:02010b41cdec/antenna/tag/e2806894000040038662114f, 88
1652706363.092905, sdrt-health/mac:02010b41cdec/antenna/tag/e2806894000050038662154f, 85
1652706363.164426, sdrt-health/mac:02010b41cdec/antenna/tag/e2806894000050038661fd4f, 86
1652706363.165318, sdrt-health/mac:02010b41cdec/antenna/tag/e2806894000050038661fd4f, 90
1652706363.178867, sdrt-health/mac:02010b41cdec/antenna/tag/e28068940000400386621d4f, 96
1652706363.207767, sdrt-health/mac:02010b41cdec/antenna/tag/e2806894000040038662114f, 88
1652706363.208056, sdrt-health/mac:02010b41cdec/antenna/tag/e2806894000050038661fd4f, 90
1652706363.2358, sdrt-health/mac:02010b41cdec/antenna/tag/e2806894000040038662114f, 91
1652706363.282997, sdrt-health/mac:02010b41cdec/antenna/tag/e28068940000400386621d4f, 90
1652706363.31278, sdrt-health/mac:02010b41cdec/antenna/tag/e2806894000050038662154f, 93
1652706363.313297, sdrt-health/mac:02010b41cdec/antenna/tag/e2806894000050038662194f, 83
1652706363.397463, sdrt-health/mac:02010b41cdec/antenna/tag/e2806894000050038662194f, 83
1652706363.442943, sdrt-health/mac:02010b41cdec/antenna/tag/e2806894000040038662114f, 85
1652706363.471144, sdrt-health/mac:02010b41cdec/antenna/tag/e2806894000050038661fd4f, 86
1652706363.471525, sdrt-health/mac:02010b41cdec/antenna/tag/e2806894000040038662114f, 85
1652706363.536279, sdrt-health/mac:02010b41cdec/antenna/tag/e2806894000040038662114f, 88
1652706363.583393, sdrt-health/mac:02010b41cdec/antenna/tag/e2806894000050038662154f, 85
1652706363.642063, sdrt-health/mac:02010b41cdec/antenna/tag/e2806894000040038662114f, 91
1652706363.642616, sdrt-health/mac:02010b41cdec/antenna/tag/e2806894000040038661f94f, 88
1652706363.657014, sdrt-health/mac:02010b41cdec/antenna/tag/e2806894000050038662154f, 85
1652706363.672841, sdrt-health/mac:02010b41cdec/antenna/tag/e2806894000050038661fd4f, 90
1652706363.703321, sdrt-health/mac:02010b41cdec/antenna/tag/e28068940000500386620d4f, 93
1652706363.703646, sdrt-health/mac:02010b41cdec/antenna/tag/e2806894000050038661fd4f, 86
1652706363.718344, sdrt-health/mac:02010b41cdec/antenna/tag/e2806894000040038661f94f, 81
1652706363.763607, sdrt-health/mac:02010b41cdec/antenna/tag/e28068940000400386621d4f, 96
1652706363.826422, sdrt-health/mac:02010b41cdec/antenna/tag/e2806894000050038662194f, 81
1652706363.827003, sdrt-health/mac:02010b41cdec/antenna/tag/e2806894000050038661fd4f, 86
1652706363.841472, sdrt-health/mac:02010b41cdec/antenna/tag/e28068940000500386620d4f, 93
1652706363.893109, sdrt-health/mac:02010b41cdec/antenna/tag/e28068940000400386621d4f, 77
1652706363.935923, sdrt-health/mac:02010b41cdec/antenna/tag/e2806894000040038662114f, 93
1652706363.998967, sdrt-health/mac:02010b41cdec/antenna/tag/e2806894000050038661fd4f, 86
1652706363.999471, sdrt-health/mac:02010b41cdec/antenna/tag/e2806894000050038662194f, 88
1652706364.073148, sdrt-health/mac:02010b41cdec/antenna/tag/e2806894000040038662054f, 82
1652706364.114947, sdrt-health/mac:02010b41cdec/antenna/tag/e28068940000500386620d4f, 93
1652706364.162246, sdrt-health/mac:02010b41cdec/antenna/tag/e2806894000050038662194f, 81
1652706364.192381, sdrt-health/mac:02010b41cdec/antenna/tag/e2806894000040038662114f, 88
1652706364.192698, sdrt-health/mac:02010b41cdec/antenna/tag/e2806894000050038661fd4f, 86
1652706364.213371, sdrt-health/mac:02010b41cdec/antenna/tag/e2806894000050038662154f, 83
1652706364.241938, sdrt-health/mac:02010b41cdec/antenna/tag/e28068940000500386620d4f, 87
1652706364.242189, sdrt-health/mac:02010b41cdec/antenna/tag/e28068940000400386621d4f, 77
1652706364.256089, sdrt-health/mac:02010b41cdec/antenna/tag/e2806894000050038661fd4f, 86
1652706364.293376, sdrt-health/mac:02010b41cdec/antenna/tag/e2806894000050038662194f, 83
1652706364.332791, sdrt-health/mac:02010b41cdec/antenna/tag/e2806894000050038661fd4f, 86
1652706364.387158, sdrt-health/mac:02010b41cdec/antenna/tag/e2806894000050038662154f, 81
1652706364.38765, sdrt-health/mac:02010b41cdec/antenna/tag/e2806894000050038662194f, 94
1652706364.412974, sdrt-health/mac:02010b41cdec/antenna/tag/e2806894000040038662114f, 85
1652706364.452469, sdrt-health/mac:02010b41cdec/antenna/tag/e2806894000050038662154f, 85
1652706364.492466, sdrt-health/mac:02010b41cdec/antenna/tag/e2806894000040038662114f, 85
1652706364.533867, sdrt-health/mac:02010b41cdec/antenna/tag/e28068940000400386621d4f, 77
1652706364.597056, sdrt-health/mac:02010b41cdec/antenna/tag/e2806894000050038662154f, 83
1652706364.597553, sdrt-health/mac:02010b41cdec/antenna/tag/e2806894000050038662154f, 83
1652706364.610178, sdrt-health/mac:02010b41cdec/antenna/tag/e2806894000040038662114f, 85
1652706364.643352, sdrt-health/mac:02010b41cdec/antenna/tag/e2806894000040038662054f, 81
1652706364.692333, sdrt-health/mac:02010b41cdec/antenna/tag/e2806894000050038662154f, 93
1652706364.731859, sdrt-health/mac:02010b41cdec/antenna/tag/e28068940000400386621d4f, 90
1652706364.802784, sdrt-health/mac:02010b41cdec/antenna/tag/e28068940000500386620d4f, 85
1652706364.853005, sdrt-health/mac:02010b41cdec/antenna/tag/e2806894000040038662114f, 88
1652706364.853525, sdrt-health/mac:02010b41cdec/antenna/tag/e28068940000500386620d4f, 93
1652706364.893353, sdrt-health/mac:02010b41cdec/antenna/tag/e28068940000500386620d4f, 93
1652706364.941887, sdrt-health/mac:02010b41cdec/antenna/tag/e28068940000500386620d4f, 87
1652706364.98755, sdrt-health/mac:02010b41cdec/antenna/tag/e28068940000500386620d4f, 87
1652706365.015721, sdrt-health/mac:02010b41cdec/antenna/tag/e2806894000040038662114f, 85
1652706365.016126, sdrt-health/mac:02010b41cdec/antenna/tag/e28068940000500386620d4f, 93
1652706365.069235, sdrt-health/mac:02010b41cdec/antenna/tag/e2806894000040038662054f, 81
1652706365.112517, sdrt-health/mac:02010b41cdec/antenna/tag/e28068940000500386620d4f, 88
1652706365.21283, sdrt-health/mac:02010b41cdec/antenna/tag/e2806894000040038662114f, 85
1652706365.21328, sdrt-health/mac:02010b41cdec/antenna/tag/e2806894000050038662194f, 83
1652706365.237581, sdrt-health/mac:02010b41cdec/antenna/tag/e28068940000500386620d4f, 93
1652706365.299002, sdrt-health/mac:02010b41cdec/antenna/tag/e28068940000500386620d4f, 93
1652706365.299547, sdrt-health/mac:02010b41cdec/antenna/tag/e2806894000050038662154f, 93
1652706365.332368, sdrt-health/mac:02010b41cdec/antenna/tag/e28068940000500386620d4f, 93
1652706365.389903, sdrt-health/mac:02010b41cdec/antenna/tag/e2806894000050038662154f, 87
1652706365.391571, sdrt-health/mac:02010b41cdec/antenna/tag/e2806894000050038661fd4f, 86
1652706365.403858, sdrt-health/mac:02010b41cdec/antenna/tag/e28068940000400386621d4f, 96
1652706365.412913, sdrt-health/mac:02010b41cdec/antenna/tag/e28068940000500386620d4f, 87
1652706365.452006, sdrt-health/mac:02010b41cdec/antenna/tag/e2806894000050038662154f, 85
1652706365.573986, sdrt-health/mac:02010b41cdec/antenna/tag/e2806894000040038662114f, 88
1652706365.613338, sdrt-health/mac:02010b41cdec/antenna/tag/e28068940000500386620d4f, 87
1652706365.669681, sdrt-health/mac:02010b41cdec/antenna/tag/e2806894000050038662194f, 81
1652706365.670152, sdrt-health/mac:02010b41cdec/antenna/tag/e2806894000050038661fd4f, 86
1652706365.733164, sdrt-health/mac:02010b41cdec/antenna/tag/e28068940000400386621d4f, 96
1652706365.774577, sdrt-health/mac:02010b41cdec/antenna/tag/e2806894000040038662114f, 88
1652706365.807347, sdrt-health/mac:02010b41cdec/antenna/tag/e2806894000050038661fd4f, 90
1652706365.807762, sdrt-health/mac:02010b41cdec/antenna/tag/e2806894000040038662114f, 85
1652706365.824521, sdrt-health/mac:02010b41cdec/antenna/tag/e2806894000040038662114f, 88
1652706365.884099, sdrt-health/mac:02010b41cdec/antenna/tag/e2806894000050038661fd4f, 83
1652706365.884618, sdrt-health/mac:02010b41cdec/antenna/tag/e2806894000050038661fd4f, 83
1652706365.899148, sdrt-health/mac:02010b41cdec/antenna/tag/e28068940000400386621d4f, 77
1652706365.913817, sdrt-health/mac:02010b41cdec/antenna/tag/e2806894000050038662194f, 83
1652706365.978459, sdrt-health/mac:02010b41cdec/antenna/tag/e2806894000040038662114f, 85
1652706365.97892, sdrt-health/mac:02010b41cdec/antenna/tag/e2806894000050038661fd4f, 90
1652706366.013618, sdrt-health/mac:02010b41cdec/antenna/tag/e2806894000050038662154f, 88
1652706366.053832, sdrt-health/mac:02010b41cdec/antenna/tag/e28068940000500386620d4f, 93
1652706366.09257, sdrt-health/mac:02010b41cdec/antenna/tag/e28068940000500386620d4f, 93
1652706366.156272, sdrt-health/mac:02010b41cdec/antenna/tag/e2806894000040038662054f, 81
1652706366.156761, sdrt-health/mac:02010b41cdec/antenna/tag/e2806894000040038662114f, 91
1652706366.170611, sdrt-health/mac:02010b41cdec/antenna/tag/e2806894000050038662154f, 93
1652706366.191201, sdrt-health/mac:02010b41cdec/antenna/tag/e2806894000040038662114f, 88
1652706366.243497, sdrt-health/mac:02010b41cdec/antenna/tag/e2806894000050038662194f, 83
1652706366.306765, sdrt-health/mac:02010b41cdec/antenna/tag/e2806894000050038661fd4f, 86
1652706366.30743, sdrt-health/mac:02010b41cdec/antenna/tag/e2806894000050038662194f, 83
1652706366.322168, sdrt-health/mac:02010b41cdec/antenna/tag/e2806894000050038662154f, 85
1652706366.332034, sdrt-health/mac:02010b41cdec/antenna/tag/e2806894000050038661fd4f, 86
1652706366.37298, sdrt-health/mac:02010b41cdec/antenna/tag/e2806894000050038661fd4f, 86
1652706366.413146, sdrt-health/mac:02010b41cdec/antenna/tag/e2806894000050038661fd4f, 86
1652706366.467005, sdrt-health/mac:02010b41cdec/antenna/tag/e28068940000400386621d4f, 90
1652706366.467614, sdrt-health/mac:02010b41cdec/antenna/tag/e2806894000040038662114f, 85
1652706366.493019, sdrt-health/mac:02010b41cdec/antenna/tag/e2806894000040038662114f, 85
1652706366.521429, sdrt-health/mac:02010b41cdec/antenna/tag/e28068940000400386621d4f, 77
1652706366.5217, sdrt-health/mac:02010b41cdec/antenna/tag/e2806894000050038662194f, 87
1652706366.535379, sdrt-health/mac:02010b41cdec/antenna/tag/e28068940000400386621d4f, 77
1652706366.535645, sdrt-health/mac:02010b41cdec/antenna/tag/e2806894000040038662114f, 85
1652706366.572947, sdrt-health/mac:02010b41cdec/antenna/tag/e2806894000050038662154f, 83
1652706366.612759, sdrt-health/mac:02010b41cdec/antenna/tag/e2806894000050038662194f, 83
1652706366.668815, sdrt-health/mac:02010b41cdec/antenna/tag/e2806894000050038662154f, 85
1652706366.727627, sdrt-health/mac:02010b41cdec/antenna/tag/e28068940000400386621d4f, 96
1652706366.728023, sdrt-health/mac:02010b41cdec/antenna/tag/e2806894000040038662114f, 88
1652706366.74101, sdrt-health/mac:02010b41cdec/antenna/tag/e2806894000050038662154f, 85
1652706366.755774, sdrt-health/mac:02010b41cdec/antenna/tag/e2806894000050038662194f, 81
1652706366.802666, sdrt-health/mac:02010b41cdec/antenna/tag/e2806894000040038662114f, 85
1652706366.830567, sdrt-health/mac:02010b41cdec/antenna/tag/e2806894000040038662114f, 88
1652706366.830864, sdrt-health/mac:02010b41cdec/antenna/tag/e2806894000050038662154f, 85
1652706366.85305, sdrt-health/mac:02010b41cdec/antenna/tag/e2806894000050038662154f, 85
1652706366.85327, sdrt-health/mac:02010b41cdec/antenna/tag/e2806894000040038662114f, 88
1652706366.853425, sdrt-health/mac:02010b41cdec/antenna/tag/e2806894000040038662114f, 88
1652706366.907418, sdrt-health/mac:02010b41cdec/antenna/tag/e2806894000050038662154f, 88
1652706366.984803, sdrt-health/mac:02010b41cdec/antenna/tag/e28068940000500386620d4f, 85
1652706366.985306, sdrt-health/mac:02010b41cdec/antenna/tag/e2806894000040038662054f, 87
1652706366.998976, sdrt-health/mac:02010b41cdec/antenna/tag/e2806894000050038662154f, 85
1652706367.013035, sdrt-health/mac:02010b41cdec/antenna/tag/e28068940000500386620d4f, 85
1652706367.067084, sdrt-health/mac:02010b41cdec/antenna/tag/e2806894000050038662154f, 85
1652706367.067569, sdrt-health/mac:02010b41cdec/antenna/tag/e28068940000400386621d4f, 96
1652706367.113572, sdrt-health/mac:02010b41cdec/antenna/tag/e2806894000050038662194f, 84
1652706367.156418, sdrt-health/mac:02010b41cdec/antenna/tag/e2806894000050038661fd4f, 96
1652706367.217512, sdrt-health/mac:02010b41cdec/antenna/tag/e2806894000040038661f94f, 94
1652706367.217814, sdrt-health/mac:02010b41cdec/antenna/tag/e2806894000040038661f94f, 94
1652706367.281878, sdrt-health/mac:02010b41cdec/antenna/tag/e28068940000400386621d4f, 96
1652706367.333171, sdrt-health/mac:02010b41cdec/antenna/tag/e2806894000040038661f94f, 94
1652706367.363283, sdrt-health/mac:02010b41cdec/antenna/tag/e2806894000050038661fd4f, 86
1652706367.363725, sdrt-health/mac:02010b41cdec/antenna/tag/e28068940000500386620d4f, 85
1652706367.378684, sdrt-health/mac:02010b41cdec/antenna/tag/e28068940000500386620d4f, 85
1652706367.411638, sdrt-health/mac:02010b41cdec/antenna/tag/e2806894000050038661fd4f, 86
1652706367.453286, sdrt-health/mac:02010b41cdec/antenna/tag/e28068940000400386621d4f, 77
1652706367.492651, sdrt-health/mac:02010b41cdec/antenna/tag/e2806894000050038662154f, 85
1652706367.532729, sdrt-health/mac:02010b41cdec/antenna/tag/e2806894000040038661f94f, 81
1652706367.588169, sdrt-health/mac:02010b41cdec/antenna/tag/e28068940000400386621d4f, 96
1652706367.588659, sdrt-health/mac:02010b41cdec/antenna/tag/e2806894000050038661fd4f, 90
1652706367.602878, sdrt-health/mac:02010b41cdec/antenna/tag/e2806894000040038661f94f, 88
1652706367.749148, sdrt-health/mac:02010b41cdec/antenna/tag/e2806894000040038662114f, 88
1652706367.749634, sdrt-health/mac:02010b41cdec/antenna/tag/e2806894000050038661fd4f, 86
1652706367.765469, sdrt-health/mac:02010b41cdec/antenna/tag/e28068940000400386621d4f, 90
1652706367.765717, sdrt-health/mac:02010b41cdec/antenna/tag/e2806894000040038662114f, 91
1652706367.765882, sdrt-health/mac:02010b41cdec/antenna/tag/e28068940000400386621d4f, 90
1652706367.787525, sdrt-health/mac:02010b41cdec/antenna/tag/e2806894000050038662194f, 83
1652706367.847923, sdrt-health/mac:02010b41cdec/antenna/tag/e2806894000050038661fd4f, 86
1652706367.848661, sdrt-health/mac:02010b41cdec/antenna/tag/e2806894000040038662114f, 88
1652706367.862464, sdrt-health/mac:02010b41cdec/antenna/tag/e28068940000500386620d4f, 87
1652706367.862742, sdrt-health/mac:02010b41cdec/antenna/tag/e2806894000040038662114f, 88
1652706367.876445, sdrt-health/mac:02010b41cdec/antenna/tag/e2806894000050038662154f, 85
1652706367.922811, sdrt-health/mac:02010b41cdec/antenna/tag/e2806894000040038662114f, 85
1652706367.973248, sdrt-health/mac:02010b41cdec/antenna/tag/e2806894000040038662214f, 84
1652706368.026134, sdrt-health/mac:02010b41cdec/antenna/tag/e28068940000500386620d4f, 87
1652706368.02664, sdrt-health/mac:02010b41cdec/antenna/tag/e28068940000400386621d4f, 77
1652706368.052017, sdrt-health/mac:02010b41cdec/antenna/tag/e2806894000040038662114f, 85
1652706368.105536, sdrt-health/mac:02010b41cdec/antenna/tag/e28068940000500386620d4f, 85
1652706368.105775, sdrt-health/mac:02010b41cdec/antenna/tag/e2806894000050038662194f, 81
1652706368.134336, sdrt-health/mac:02010b41cdec/antenna/tag/e2806894000040038662114f, 88
1652706368.173961, sdrt-health/mac:02010b41cdec/antenna/tag/e2806894000050038662194f, 81
1652706368.228755, sdrt-health/mac:02010b41cdec/antenna/tag/e2806894000040038662114f, 85
1652706368.229349, sdrt-health/mac:02010b41cdec/antenna/tag/e2806894000050038662194f, 83
1652706368.28545, sdrt-health/mac:02010b41cdec/antenna/tag/e2806894000050038661fd4f, 86
1652706368.323818, sdrt-health/mac:02010b41cdec/antenna/tag/e28068940000400386621d4f, 77
1652706368.35513, sdrt-health/mac:02010b41cdec/antenna/tag/e2806894000040038661f94f, 84
1652706368.355326, sdrt-health/mac:02010b41cdec/antenna/tag/e2806894000050038661fd4f, 83
1652706368.373254, sdrt-health/mac:02010b41cdec/antenna/tag/e2806894000050038662194f, 88
1652706368.410084, sdrt-health/mac:02010b41cdec/antenna/tag/e28068940000400386621d4f, 77
1652706368.410474, sdrt-health/mac:02010b41cdec/antenna/tag/e2806894000050038661fd4f, 86
1652706368.425957, sdrt-health/mac:02010b41cdec/antenna/tag/e2806894000040038662114f, 91
1652706368.453747, sdrt-health/mac:02010b41cdec/antenna/tag/e2806894000040038662114f, 88
1652706368.507695, sdrt-health/mac:02010b41cdec/antenna/tag/e2806894000050038662194f, 81
1652706368.508171, sdrt-health/mac:02010b41cdec/antenna/tag/e2806894000050038662154f, 88
1652706368.624807, sdrt-health/mac:02010b41cdec/antenna/tag/e2806894000050038662194f, 84
1652706368.655194, sdrt-health/mac:02010b41cdec/antenna/tag/e2806894000050038661fd4f, 86
1652706368.655611, sdrt-health/mac:02010b41cdec/antenna/tag/e2806894000040038662114f, 88
1652706368.925162, sdrt-health/mac:02010b41cdec/antenna/tag/e2806894000040038661f94f, 82
1652706368.975968, sdrt-health/mac:02010b41cdec/antenna/tag/e28068940000400386621d4f, 90
1652706368.976681, sdrt-health/mac:02010b41cdec/antenna/tag/e2806894000050038662154f, 88
1652706368.99369, sdrt-health/mac:02010b41cdec/antenna/tag/e28068940000400386621d4f, 96
1652706368.994198, sdrt-health/mac:02010b41cdec/antenna/tag/e2806894000050038662154f, 87
1652706368.994761, sdrt-health/mac:02010b41cdec/antenna/tag/e2806894000050038662154f, 87
1652706369.014545, sdrt-health/mac:02010b41cdec/antenna/tag/e2806894000040038662114f, 85
1652706369.046221, sdrt-health/mac:02010b41cdec/antenna/tag/e28068940000400386621d4f, 77
1652706369.046519, sdrt-health/mac:02010b41cdec/antenna/tag/e2806894000050038662154f, 85
1652706369.047039, sdrt-health/mac:02010b41cdec/antenna/tag/e2806894000040038662114f, 88
1652706369.047298, sdrt-health/mac:02010b41cdec/antenna/tag/e2806894000040038662114f, 88
1652706369.103414, sdrt-health/mac:02010b41cdec/antenna/tag/e2806894000050038661fd4f, 86
1652706369.151313, sdrt-health/mac:02010b41cdec/antenna/tag/e2806894000040038662054f, 82
1652706369.230645, sdrt-health/mac:02010b41cdec/antenna/tag/e28068940000500386620d4f, 93
1652706369.231113, sdrt-health/mac:02010b41cdec/antenna/tag/e2806894000040038661f94f, 81
1652706369.254009, sdrt-health/mac:02010b41cdec/antenna/tag/e2806894000040038662114f, 85
1652706369.315263, sdrt-health/mac:02010b41cdec/antenna/tag/e2806894000040038661f94f, 94
1652706369.353408, sdrt-health/mac:02010b41cdec/antenna/tag/e28068940000500386620d4f, 87
1652706369.394833, sdrt-health/mac:02010b41cdec/antenna/tag/e2806894000040038662114f, 85
1652706369.432643, sdrt-health/mac:02010b41cdec/antenna/tag/e2806894000040038662214f, 81
1652706369.496019, sdrt-health/mac:02010b41cdec/antenna/tag/e2806894000050038661fd4f, 83
1652706369.534514, sdrt-health/mac:02010b41cdec/antenna/tag/e28068940000400386621d4f, 96
1652706369.564211, sdrt-health/mac:02010b41cdec/antenna/tag/e2806894000050038662154f, 88
1652706369.564483, sdrt-health/mac:02010b41cdec/antenna/tag/e2806894000040038662114f, 88
1652706369.681076, sdrt-health/mac:02010b41cdec/antenna/tag/e2806894000050038661fd4f, 86
1652706369.74388, sdrt-health/mac:02010b41cdec/antenna/tag/e2806894000040038662114f, 85
1652706369.774218, sdrt-health/mac:02010b41cdec/antenna/tag/e2806894000050038662194f, 87
1652706369.774737, sdrt-health/mac:02010b41cdec/antenna/tag/e2806894000040038662114f, 91
1652706369.775072, sdrt-health/mac:02010b41cdec/antenna/tag/e2806894000040038662114f, 88
1652706369.775432, sdrt-health/mac:02010b41cdec/antenna/tag/e2806894000050038661fd4f, 86
1652706369.848526, sdrt-health/mac:02010b41cdec/antenna/tag/e2806894000050038662154f, 83
1652706369.913581, sdrt-health/mac:02010b41cdec/antenna/tag/e2806894000050038661fd4f, 86
1652706369.988069, sdrt-health/mac:02010b41cdec/antenna/tag/e2806894000050038662154f, 81
1652706369.988653, sdrt-health/mac:02010b41cdec/antenna/tag/e2806894000050038661fd4f, 86
1652706370.02783, sdrt-health/mac:02010b41cdec/antenna/tag/e28068940000500386620d4f, 85
1652706370.088609, sdrt-health/mac:02010b41cdec/antenna/tag/e2806894000050038662194f, 83
1652706370.089005, sdrt-health/mac:02010b41cdec/antenna/tag/e2806894000050038662154f, 85
1652706370.12434, sdrt-health/mac:02010b41cdec/antenna/tag/e2806894000050038662154f, 85
1652706370.163333, sdrt-health/mac:02010b41cdec/antenna/tag/e2806894000040038661f94f, 88
1652706370.231022, sdrt-health/mac:02010b41cdec/antenna/tag/e2806894000050038662154f, 85
1652706370.231516, sdrt-health/mac:02010b41cdec/antenna/tag/e2806894000050038661fd4f, 86
1652706370.254268, sdrt-health/mac:02010b41cdec/antenna/tag/e2806894000050038661fd4f, 86
1652706370.293093, sdrt-health/mac:02010b41cdec/antenna/tag/e2806894000050038661fd4f, 90
1652706370.349853, sdrt-health/mac:02010b41cdec/antenna/tag/e2806894000050038662154f, 93
1652706370.350309, sdrt-health/mac:02010b41cdec/antenna/tag/e2806894000050038662154f, 93
1652706370.665691, sdrt-health/mac:02010b41cdec/antenna/tag/e2806894000050038662154f, 83
1652706370.696229, sdrt-health/mac:02010b41cdec/antenna/tag/e2806894000050038662154f, 81
1652706370.696716, sdrt-health/mac:02010b41cdec/antenna/tag/e28068940000500386620d4f, 85
1652706370.697076, sdrt-health/mac:02010b41cdec/antenna/tag/e2806894000040038662114f, 85
1652706370.697398, sdrt-health/mac:02010b41cdec/antenna/tag/e28068940000400386621d4f, 77
1652706370.69777, sdrt-health/mac:02010b41cdec/antenna/tag/e2806894000050038662154f, 87
1652706370.69811, sdrt-health/mac:02010b41cdec/antenna/tag/e2806894000040038661f94f, 94
1652706370.69843, sdrt-health/mac:02010b41cdec/antenna/tag/e2806894000040038662114f, 85
1652706370.713974, sdrt-health/mac:02010b41cdec/antenna/tag/e2806894000040038662114f, 88
1652706370.743445, sdrt-health/mac:02010b41cdec/antenna/tag/e28068940000400386621d4f, 77
1652706370.744014, sdrt-health/mac:02010b41cdec/antenna/tag/e2806894000040038662114f, 85
1652706370.744418, sdrt-health/mac:02010b41cdec/antenna/tag/e2806894000050038662154f, 87
1652706370.75844, sdrt-health/mac:02010b41cdec/antenna/tag/e2806894000050038661fd4f, 86
1652706370.803079, sdrt-health/mac:02010b41cdec/antenna/tag/e2806894000040038662114f, 88
1652706370.853256, sdrt-health/mac:02010b41cdec/antenna/tag/e28068940000400386621d4f, 77
1652706370.909503, sdrt-health/mac:02010b41cdec/antenna/tag/e2806894000050038661fd4f, 86
1652706370.910067, sdrt-health/mac:02010b41cdec/antenna/tag/e2806894000040038662114f, 88
1652706370.925528, sdrt-health/mac:02010b41cdec/antenna/tag/e2806894000050038661fd4f, 86
1652706370.944488, sdrt-health/mac:02010b41cdec/antenna/tag/e28068940000400386621d4f, 96
1652706371.003684, sdrt-health/mac:02010b41cdec/antenna/tag/e28068940000500386620d4f, 85
1652706371.00419, sdrt-health/mac:02010b41cdec/antenna/tag/e2806894000050038662154f, 85
1652706371.019475, sdrt-health/mac:02010b41cdec/antenna/tag/e2806894000050038662194f, 93
1652706371.03364, sdrt-health/mac:02010b41cdec/antenna/tag/e2806894000040038662114f, 85
1652706371.07677, sdrt-health/mac:02010b41cdec/antenna/tag/e28068940000400386621d4f, 77
1652706371.256688, sdrt-health/mac:02010b41cdec/antenna/tag/scan, scan stopped
