1652706115.007756, sdrt-health/mac:02010b41cdec/antenna/power/set, {"power": 300}
1652706116.113803, sdrt-health/mac:02010b41cdec/antenna/power/set, 
1652706120.027546, sdrt-health/mac:02010b41cdec/antenna/tag/scan, {"time": 20000}
1652706120.446199, sdrt-health/mac:02010b41cdec/antenna/tag/e2806894000040038661f94f, 81
1652706120.483753, sdrt-health/mac:02010b41cdec/antenna/tag/e2806894000050038661fd4f, 86
1652706120.547068, sdrt-health/mac:02010b41cdec/antenna/tag/e2806894000050038662194f, 88
1652706120.547558, sdrt-health/mac:02010b41cdec/antenna/tag/e28068940000400386621d4f, 96
1652706120.573291, sdrt-health/mac:02010b41cdec/antenna/tag/e2806894000050038662154f, 87
1652706120.6143, sdrt-health/mac:02010b41cdec/antenna/tag/e28068940000500386620d4f, 83
1652706120.653928, sdrt-health/mac:02010b41cdec/antenna/tag/e2806894000040038662114f, 85
1652706120.75058, sdrt-health/mac:02010b41cdec/antenna/tag/e28068940000500386620d4f, 88
1652706120.792818, sdrt-health/mac:02010b41cdec/antenna/tag/e2806894000050038662194f, 81
1652706120.852678, sdrt-health/mac:02010b41cdec/antenna/tag/e28068940000500386620d4f, 91
1652706120.853183, sdrt-health/mac:02010b41cdec/antenna/tag/e2806894000040038662114f, 85
1652706120.909648, sdrt-health/mac:02010b41cdec/antenna/tag/e2806894000050038661fd4f, 86
1652706120.953163, sdrt-health/mac:02010b41cdec/antenna/tag/e28068940000400386621d4f, 77
1652706120.996464, sdrt-health/mac:02010b41cdec/antenna/tag/e2806894000040038662114f, 85
1652706121.043322, sdrt-health/mac:02010b41cdec/antenna/tag/e28068940000400386621d4f, 77
1652706121.045903, sdrt-health/mac:02010b41cdec/antenna/tag/e2806894000050038662194f, 88
1652706121.09635, sdrt-health/mac:02010b41cdec/antenna/tag/e28068940000400386621d4f, 77
1652706121.133998, sdrt-health/mac:02010b41cdec/antenna/tag/e2806894000050038662154f, 87
1652706121.190115, sdrt-health/mac:02010b41cdec/antenna/tag/e28068940000400386621d4f, 77
1652706121.190555, sdrt-health/mac:02010b41cdec/antenna/tag/e2806894000040038662114f, 85
1652706121.204856, sdrt-health/mac:02010b41cdec/antenna/tag/e2806894000050038662154f, 81
1652706121.213428, sdrt-health/mac:02010b41cdec/antenna/tag/e28068940000400386621d4f, 96
1652706121.263776, sdrt-health/mac:02010b41cdec/antenna/tag/e2806894000050038662194f, 83
1652706121.323495, sdrt-health/mac:02010b41cdec/antenna/tag/e2806894000040038662114f, 88
1652706121.323993, sdrt-health/mac:02010b41cdec/antenna/tag/e28068940000500386620d4f, 85
1652706121.324424, sdrt-health/mac:02010b41cdec/antenna/tag/e2806894000050038662154f, 93
1652706121.337107, sdrt-health/mac:02010b41cdec/antenna/tag/e2806894000050038661fd4f, 90
1652706121.398452, sdrt-health/mac:02010b41cdec/antenna/tag/e2806894000050038662154f, 83
1652706121.445399, sdrt-health/mac:02010b41cdec/antenna/tag/e2806894000050038661fd4f, 86
1652706121.474943, sdrt-health/mac:02010b41cdec/antenna/tag/e2806894000050038662194f, 83
1652706121.475252, sdrt-health/mac:02010b41cdec/antenna/tag/e28068940000500386620d4f, 87
1652706121.495507, sdrt-health/mac:02010b41cdec/antenna/tag/e2806894000050038661fd4f, 90
1652706121.559696, sdrt-health/mac:02010b41cdec/antenna/tag/e2806894000040038662054f, 88
1652706121.590504, sdrt-health/mac:02010b41cdec/antenna/tag/e2806894000050038662154f, 88
1652706121.590978, sdrt-health/mac:02010b41cdec/antenna/tag/e2806894000040038662054f, 94
1652706121.611418, sdrt-health/mac:02010b41cdec/antenna/tag/e28068940000400386621d4f, 90
1652706121.716562, sdrt-health/mac:02010b41cdec/antenna/tag/e28068940000500386620d4f, 85
1652706121.746036, sdrt-health/mac:02010b41cdec/antenna/tag/e2806894000050038662154f, 85
1652706121.746337, sdrt-health/mac:02010b41cdec/antenna/tag/e2806894000050038662194f, 83
1652706121.746573, sdrt-health/mac:02010b41cdec/antenna/tag/e28068940000400386621d4f, 96
1652706121.771734, sdrt-health/mac:02010b41cdec/antenna/tag/e2806894000050038662194f, 83
1652706121.802576, sdrt-health/mac:02010b41cdec/antenna/tag/e28068940000500386620d4f, 87
1652706121.802941, sdrt-health/mac:02010b41cdec/antenna/tag/e2806894000050038662154f, 83
1652706121.817333, sdrt-health/mac:02010b41cdec/antenna/tag/e2806894000040038662114f, 85
1652706121.852984, sdrt-health/mac:02010b41cdec/antenna/tag/e2806894000050038661fd4f, 90
1652706121.893415, sdrt-health/mac:02010b41cdec/antenna/tag/e28068940000400386621d4f, 90
1652706121.949535, sdrt-health/mac:02010b41cdec/antenna/tag/e28068940000500386620d4f, 93
1652706121.949987, sdrt-health/mac:02010b41cdec/antenna/tag/e2806894000050038662154f, 88
1652706121.964873, sdrt-health/mac:02010b41cdec/antenna/tag/e2806894000050038662194f, 84
1652706122.214433, sdrt-health/mac:02010b41cdec/antenna/tag/e2806894000040038662114f, 88
1652706122.246338, sdrt-health/mac:02010b41cdec/antenna/tag/e28068940000500386620d4f, 85
1652706122.246809, sdrt-health/mac:02010b41cdec/antenna/tag/e2806894000050038662154f, 85
1652706122.247353, sdrt-health/mac:02010b41cdec/antenna/tag/e28068940000500386620d4f, 93
1652706122.247704, sdrt-health/mac:02010b41cdec/antenna/tag/e2806894000040038662054f, 81
1652706122.248032, sdrt-health/mac:02010b41cdec/antenna/tag/e28068940000500386620d4f, 93
1652706122.248377, sdrt-health/mac:02010b41cdec/antenna/tag/e2806894000050038661fd4f, 86
1652706122.278781, sdrt-health/mac:02010b41cdec/antenna/tag/e2806894000040038661f94f, 81
1652706122.314758, sdrt-health/mac:02010b41cdec/antenna/tag/e2806894000040038662054f, 81
1652706122.315267, sdrt-health/mac:02010b41cdec/antenna/tag/e28068940000400386621d4f, 96
1652706122.315546, sdrt-health/mac:02010b41cdec/antenna/tag/e2806894000050038662154f, 85
1652706122.328885, sdrt-health/mac:02010b41cdec/antenna/tag/e2806894000040038661f94f, 84
1652706122.374346, sdrt-health/mac:02010b41cdec/antenna/tag/e28068940000500386620d4f, 93
1652706122.416361, sdrt-health/mac:02010b41cdec/antenna/tag/e2806894000040038662114f, 88
1652706122.453979, sdrt-health/mac:02010b41cdec/antenna/tag/e2806894000050038661fd4f, 86
1652706122.484625, sdrt-health/mac:02010b41cdec/antenna/tag/e28068940000400386621d4f, 77
1652706122.484902, sdrt-health/mac:02010b41cdec/antenna/tag/e2806894000050038662154f, 87
1652706122.500719, sdrt-health/mac:02010b41cdec/antenna/tag/e28068940000400386621d4f, 77
1652706122.544781, sdrt-health/mac:02010b41cdec/antenna/tag/e2806894000050038662154f, 85
1652706122.604266, sdrt-health/mac:02010b41cdec/antenna/tag/e2806894000050038661fd4f, 83
1652706122.604771, sdrt-health/mac:02010b41cdec/antenna/tag/e2806894000040038662114f, 85
1652706122.619365, sdrt-health/mac:02010b41cdec/antenna/tag/e2806894000050038661fd4f, 86
1652706122.634408, sdrt-health/mac:02010b41cdec/antenna/tag/e28068940000500386620d4f, 85
1652706122.678461, sdrt-health/mac:02010b41cdec/antenna/tag/e2806894000050038662194f, 83
1652706122.72379, sdrt-health/mac:02010b41cdec/antenna/tag/e2806894000050038662154f, 83
1652706122.774368, sdrt-health/mac:02010b41cdec/antenna/tag/e2806894000040038661f94f, 94
1652706122.814736, sdrt-health/mac:02010b41cdec/antenna/tag/e2806894000050038662194f, 84
1652706122.864636, sdrt-health/mac:02010b41cdec/antenna/tag/e28068940000400386621d4f, 96
1652706122.910401, sdrt-health/mac:02010b41cdec/antenna/tag/e28068940000500386620d4f, 87
1652706122.955418, sdrt-health/mac:02010b41cdec/antenna/tag/e2806894000050038662194f, 81
1652706122.997279, sdrt-health/mac:02010b41cdec/antenna/tag/e2806894000050038662194f, 81
1652706123.046179, sdrt-health/mac:02010b41cdec/antenna/tag/e28068940000500386620d4f, 87
1652706123.104528, sdrt-health/mac:02010b41cdec/antenna/tag/e2806894000040038662114f, 88
1652706123.149339, sdrt-health/mac:02010b41cdec/antenna/tag/e2806894000050038662154f, 83
1652706123.210959, sdrt-health/mac:02010b41cdec/antenna/tag/e2806894000050038662154f, 85
1652706123.211422, sdrt-health/mac:02010b41cdec/antenna/tag/e28068940000400386621d4f, 96
1652706123.225988, sdrt-health/mac:02010b41cdec/antenna/tag/e28068940000500386620d4f, 85
1652706123.242792, sdrt-health/mac:02010b41cdec/antenna/tag/e2806894000050038661fd4f, 83
1652706123.299668, sdrt-health/mac:02010b41cdec/antenna/tag/e2806894000040038662114f, 88
1652706123.300171, sdrt-health/mac:02010b41cdec/antenna/tag/e2806894000050038661fd4f, 86
1652706123.334098, sdrt-health/mac:02010b41cdec/antenna/tag/e2806894000050038661fd4f, 86
1652706123.367986, sdrt-health/mac:02010b41cdec/antenna/tag/e2806894000050038662194f, 83
1652706123.36838, sdrt-health/mac:02010b41cdec/antenna/tag/e2806894000050038662154f, 83
1652706123.384538, sdrt-health/mac:02010b41cdec/antenna/tag/e2806894000050038662194f, 83
1652706123.426064, sdrt-health/mac:02010b41cdec/antenna/tag/e28068940000400386621d4f, 77
1652706123.470087, sdrt-health/mac:02010b41cdec/antenna/tag/e2806894000040038662114f, 85
1652706123.592273, sdrt-health/mac:02010b41cdec/antenna/tag/e28068940000400386621d4f, 96
1652706123.592725, sdrt-health/mac:02010b41cdec/antenna/tag/e2806894000050038661fd4f, 86
1652706123.59309, sdrt-health/mac:02010b41cdec/antenna/tag/e28068940000500386620d4f, 85
1652706123.593409, sdrt-health/mac:02010b41cdec/antenna/tag/e28068940000400386621d4f, 96
1652706123.593728, sdrt-health/mac:02010b41cdec/antenna/tag/e2806894000050038662194f, 88
1652706123.6104, sdrt-health/mac:02010b41cdec/antenna/tag/e28068940000500386620d4f, 87
1652706123.65382, sdrt-health/mac:02010b41cdec/antenna/tag/e2806894000050038662194f, 81
1652706123.693965, sdrt-health/mac:02010b41cdec/antenna/tag/e2806894000040038662114f, 85
1652706123.754672, sdrt-health/mac:02010b41cdec/antenna/tag/e2806894000050038661fd4f, 86
1652706123.839887, sdrt-health/mac:02010b41cdec/antenna/tag/e28068940000500386620d4f, 93
1652706123.909936, sdrt-health/mac:02010b41cdec/antenna/tag/e28068940000400386621d4f, 96
1652706123.910438, sdrt-health/mac:02010b41cdec/antenna/tag/e28068940000400386621d4f, 96
1652706123.923295, sdrt-health/mac:02010b41cdec/antenna/tag/e2806894000050038662194f, 94
1652706123.95154, sdrt-health/mac:02010b41cdec/antenna/tag/e28068940000400386621d4f, 90
1652706123.951964, sdrt-health/mac:02010b41cdec/antenna/tag/e2806894000050038662194f, 94
1652706123.952692, sdrt-health/mac:02010b41cdec/antenna/tag/e2806894000050038661fd4f, 90
1652706123.994103, sdrt-health/mac:02010b41cdec/antenna/tag/e28068940000400386621d4f, 96
1652706124.029629, sdrt-health/mac:02010b41cdec/antenna/tag/e2806894000050038662194f, 81
1652706124.124526, sdrt-health/mac:02010b41cdec/antenna/tag/e2806894000040038662114f, 88
1652706124.164387, sdrt-health/mac:02010b41cdec/antenna/tag/e2806894000050038662154f, 85
1652706124.215142, sdrt-health/mac:02010b41cdec/antenna/tag/e2806894000050038662154f, 85
1652706124.2687, sdrt-health/mac:02010b41cdec/antenna/tag/e2806894000040038662214f, 88
1652706124.3247, sdrt-health/mac:02010b41cdec/antenna/tag/e2806894000050038662154f, 85
1652706124.325189, sdrt-health/mac:02010b41cdec/antenna/tag/e2806894000040038661f94f, 81
1652706124.343411, sdrt-health/mac:02010b41cdec/antenna/tag/e28068940000500386620d4f, 85
1652706124.383962, sdrt-health/mac:02010b41cdec/antenna/tag/e2806894000040038662114f, 88
1652706124.438448, sdrt-health/mac:02010b41cdec/antenna/tag/e2806894000050038661fd4f, 86
1652706124.605329, sdrt-health/mac:02010b41cdec/antenna/tag/e28068940000400386621d4f, 96
1652706124.605793, sdrt-health/mac:02010b41cdec/antenna/tag/e2806894000040038662054f, 84
1652706124.621268, sdrt-health/mac:02010b41cdec/antenna/tag/e2806894000050038662194f, 83
1652706124.62183, sdrt-health/mac:02010b41cdec/antenna/tag/e2806894000050038662194f, 83
1652706124.622278, sdrt-health/mac:02010b41cdec/antenna/tag/e2806894000040038662114f, 88
1652706124.634664, sdrt-health/mac:02010b41cdec/antenna/tag/e2806894000050038661fd4f, 90
1652706124.697922, sdrt-health/mac:02010b41cdec/antenna/tag/e2806894000040038662114f, 88
1652706124.727631, sdrt-health/mac:02010b41cdec/antenna/tag/e2806894000050038662194f, 94
1652706124.727853, sdrt-health/mac:02010b41cdec/antenna/tag/e28068940000500386620d4f, 87
1652706124.728003, sdrt-health/mac:02010b41cdec/antenna/tag/e2806894000050038661fd4f, 90
1652706124.74251, sdrt-health/mac:02010b41cdec/antenna/tag/e2806894000040038662214f, 81
1652706124.795263, sdrt-health/mac:02010b41cdec/antenna/tag/e2806894000050038662194f, 82
1652706124.838047, sdrt-health/mac:02010b41cdec/antenna/tag/e2806894000040038661f94f, 81
1652706124.883852, sdrt-health/mac:02010b41cdec/antenna/tag/e2806894000050038662194f, 81
1652706124.959304, sdrt-health/mac:02010b41cdec/antenna/tag/e28068940000500386620d4f, 85
1652706124.959844, sdrt-health/mac:02010b41cdec/antenna/tag/e2806894000050038662194f, 81
1652706125.013612, sdrt-health/mac:02010b41cdec/antenna/tag/e28068940000500386620d4f, 85
1652706125.05383, sdrt-health/mac:02010b41cdec/antenna/tag/e2806894000050038662194f, 81
1652706125.120157, sdrt-health/mac:02010b41cdec/antenna/tag/e28068940000400386621d4f, 96
1652706125.120731, sdrt-health/mac:02010b41cdec/antenna/tag/e2806894000040038662114f, 88
1652706125.134548, sdrt-health/mac:02010b41cdec/antenna/tag/e2806894000050038661fd4f, 90
1652706125.156417, sdrt-health/mac:02010b41cdec/antenna/tag/e2806894000050038662154f, 93
1652706125.203144, sdrt-health/mac:02010b41cdec/antenna/tag/e2806894000050038662194f, 94
1652706125.25507, sdrt-health/mac:02010b41cdec/antenna/tag/e2806894000050038662154f, 91
1652706125.294293, sdrt-health/mac:02010b41cdec/antenna/tag/e28068940000400386621d4f, 96
1652706125.335064, sdrt-health/mac:02010b41cdec/antenna/tag/e28068940000500386620d4f, 88
1652706125.405171, sdrt-health/mac:02010b41cdec/antenna/tag/e2806894000050038662194f, 87
1652706125.405678, sdrt-health/mac:02010b41cdec/antenna/tag/e2806894000040038661f94f, 88
1652706125.433824, sdrt-health/mac:02010b41cdec/antenna/tag/e28068940000400386621d4f, 90
1652706125.463148, sdrt-health/mac:02010b41cdec/antenna/tag/e2806894000050038662154f, 85
1652706125.463456, sdrt-health/mac:02010b41cdec/antenna/tag/e28068940000500386620d4f, 93
1652706125.51382, sdrt-health/mac:02010b41cdec/antenna/tag/e2806894000050038661fd4f, 90
1652706125.557389, sdrt-health/mac:02010b41cdec/antenna/tag/e28068940000400386621d4f, 96
1652706125.644579, sdrt-health/mac:02010b41cdec/antenna/tag/e2806894000050038661fd4f, 90
1652706125.645153, sdrt-health/mac:02010b41cdec/antenna/tag/e2806894000050038662194f, 88
1652706125.67332, sdrt-health/mac:02010b41cdec/antenna/tag/e2806894000040038662114f, 88
1652706125.781011, sdrt-health/mac:02010b41cdec/antenna/tag/e2806894000040038661f94f, 94
1652706125.78154, sdrt-health/mac:02010b41cdec/antenna/tag/e2806894000050038662194f, 88
1652706125.814146, sdrt-health/mac:02010b41cdec/antenna/tag/e2806894000040038662054f, 94
1652706125.867295, sdrt-health/mac:02010b41cdec/antenna/tag/e2806894000050038662154f, 85
1652706125.867778, sdrt-health/mac:02010b41cdec/antenna/tag/e2806894000040038662054f, 82
1652706125.904665, sdrt-health/mac:02010b41cdec/antenna/tag/e28068940000400386621d4f, 96
1652706125.949092, sdrt-health/mac:02010b41cdec/antenna/tag/e2806894000040038662114f, 88
1652706126.015146, sdrt-health/mac:02010b41cdec/antenna/tag/e2806894000050038662154f, 85
1652706126.037826, sdrt-health/mac:02010b41cdec/antenna/tag/e2806894000050038662194f, 94
1652706126.084558, sdrt-health/mac:02010b41cdec/antenna/tag/e2806894000040038662114f, 88
1652706126.149162, sdrt-health/mac:02010b41cdec/antenna/tag/e28068940000400386621d4f, 77
1652706126.149707, sdrt-health/mac:02010b41cdec/antenna/tag/e2806894000050038661fd4f, 83
1652706126.16378, sdrt-health/mac:02010b41cdec/antenna/tag/e2806894000050038662154f, 93
1652706126.203418, sdrt-health/mac:02010b41cdec/antenna/tag/e2806894000050038662154f, 87
1652706126.305995, sdrt-health/mac:02010b41cdec/antenna/tag/e2806894000050038662154f, 85
1652706126.34971, sdrt-health/mac:02010b41cdec/antenna/tag/e2806894000050038661fd4f, 90
1652706126.451386, sdrt-health/mac:02010b41cdec/antenna/tag/e2806894000040038662114f, 88
1652706126.451839, sdrt-health/mac:02010b41cdec/antenna/tag/e2806894000050038662154f, 85
1652706126.46585, sdrt-health/mac:02010b41cdec/antenna/tag/e28068940000500386620d4f, 88
1652706126.483934, sdrt-health/mac:02010b41cdec/antenna/tag/e2806894000050038662194f, 94
1652706126.513944, sdrt-health/mac:02010b41cdec/antenna/tag/e28068940000500386620d4f, 85
1652706126.51418, sdrt-health/mac:02010b41cdec/antenna/tag/e2806894000040038662114f, 85
1652706126.534694, sdrt-health/mac:02010b41cdec/antenna/tag/e28068940000400386621d4f, 96
1652706126.574086, sdrt-health/mac:02010b41cdec/antenna/tag/e2806894000050038662194f, 81
1652706126.62492, sdrt-health/mac:02010b41cdec/antenna/tag/e28068940000400386621d4f, 90
1652706126.669077, sdrt-health/mac:02010b41cdec/antenna/tag/e2806894000050038662154f, 93
1652706126.765262, sdrt-health/mac:02010b41cdec/antenna/tag/e2806894000040038662114f, 88
1652706126.814018, sdrt-health/mac:02010b41cdec/antenna/tag/e2806894000040038662114f, 88
1652706126.854624, sdrt-health/mac:02010b41cdec/antenna/tag/e28068940000500386620d4f, 93
1652706126.911279, sdrt-health/mac:02010b41cdec/antenna/tag/e2806894000050038661fd4f, 90
1652706126.911736, sdrt-health/mac:02010b41cdec/antenna/tag/e2806894000050038662194f, 81
1652706126.927925, sdrt-health/mac:02010b41cdec/antenna/tag/e2806894000050038662154f, 85
1652706126.943982, sdrt-health/mac:02010b41cdec/antenna/tag/e2806894000050038662154f, 85
1652706126.989067, sdrt-health/mac:02010b41cdec/antenna/tag/e28068940000500386620d4f, 85
1652706127.049661, sdrt-health/mac:02010b41cdec/antenna/tag/e28068940000500386620d4f, 93
1652706127.111822, sdrt-health/mac:02010b41cdec/antenna/tag/e2806894000050038662154f, 93
1652706127.112316, sdrt-health/mac:02010b41cdec/antenna/tag/e2806894000040038661f94f, 81
1652706127.126916, sdrt-health/mac:02010b41cdec/antenna/tag/e2806894000050038661fd4f, 90
1652706127.149881, sdrt-health/mac:02010b41cdec/antenna/tag/e2806894000040038662054f, 82
1652706127.194483, sdrt-health/mac:02010b41cdec/antenna/tag/e2806894000040038662114f, 93
1652706127.237743, sdrt-health/mac:02010b41cdec/antenna/tag/e2806894000050038661fd4f, 86
1652706127.284252, sdrt-health/mac:02010b41cdec/antenna/tag/e2806894000050038662154f, 93
1652706127.333602, sdrt-health/mac:02010b41cdec/antenna/tag/e2806894000050038661fd4f, 86
1652706127.374228, sdrt-health/mac:02010b41cdec/antenna/tag/e2806894000050038662154f, 93
1652706127.42852, sdrt-health/mac:02010b41cdec/antenna/tag/e2806894000050038662154f, 93
1652706127.428935, sdrt-health/mac:02010b41cdec/antenna/tag/e28068940000500386620d4f, 93
1652706127.443177, sdrt-health/mac:02010b41cdec/antenna/tag/e2806894000040038662114f, 93
1652706127.468136, sdrt-health/mac:02010b41cdec/antenna/tag/e2806894000040038662214f, 88
1652706127.530726, sdrt-health/mac:02010b41cdec/antenna/tag/e2806894000050038662154f, 81
1652706127.531332, sdrt-health/mac:02010b41cdec/antenna/tag/e28068940000500386620d4f, 87
1652706127.564542, sdrt-health/mac:02010b41cdec/antenna/tag/e2806894000050038662154f, 87
1652706127.618594, sdrt-health/mac:02010b41cdec/antenna/tag/e2806894000050038661fd4f, 86
1652706127.619119, sdrt-health/mac:02010b41cdec/antenna/tag/e2806894000050038662194f, 94
1652706127.633623, sdrt-health/mac:02010b41cdec/antenna/tag/e28068940000400386621d4f, 77
1652706127.653896, sdrt-health/mac:02010b41cdec/antenna/tag/e28068940000500386620d4f, 87
1652706127.686287, sdrt-health/mac:02010b41cdec/antenna/tag/e2806894000050038662154f, 81
1652706127.686671, sdrt-health/mac:02010b41cdec/antenna/tag/e2806894000050038662194f, 88
1652706127.708681, sdrt-health/mac:02010b41cdec/antenna/tag/e2806894000040038662114f, 85
1652706127.754572, sdrt-health/mac:02010b41cdec/antenna/tag/e28068940000400386621d4f, 96
1652706127.812228, sdrt-health/mac:02010b41cdec/antenna/tag/e2806894000050038662154f, 87
1652706127.812601, sdrt-health/mac:02010b41cdec/antenna/tag/e2806894000040038662114f, 88
1652706127.843803, sdrt-health/mac:02010b41cdec/antenna/tag/e28068940000500386620d4f, 87
1652706127.894765, sdrt-health/mac:02010b41cdec/antenna/tag/e28068940000400386621d4f, 77
1652706127.949966, sdrt-health/mac:02010b41cdec/antenna/tag/e2806894000050038661fd4f, 86
1652706127.950447, sdrt-health/mac:02010b41cdec/antenna/tag/e2806894000050038662194f, 83
1652706127.964833, sdrt-health/mac:02010b41cdec/antenna/tag/e28068940000400386621d4f, 77
1652706127.984508, sdrt-health/mac:02010b41cdec/antenna/tag/e2806894000040038662054f, 81
1652706128.045103, sdrt-health/mac:02010b41cdec/antenna/tag/e2806894000050038661fd4f, 90
1652706128.093772, sdrt-health/mac:02010b41cdec/antenna/tag/e2806894000050038661fd4f, 86
1652706128.158148, sdrt-health/mac:02010b41cdec/antenna/tag/e28068940000400386621d4f, 90
1652706128.158728, sdrt-health/mac:02010b41cdec/antenna/tag/e28068940000500386620d4f, 93
1652706128.159067, sdrt-health/mac:02010b41cdec/antenna/tag/e2806894000050038662194f, 93
1652706128.188269, sdrt-health/mac:02010b41cdec/antenna/tag/e28068940000400386621d4f, 96
1652706128.248351, sdrt-health/mac:02010b41cdec/antenna/tag/e2806894000050038662194f, 83
1652706128.248876, sdrt-health/mac:02010b41cdec/antenna/tag/e28068940000400386621d4f, 90
1652706128.283378, sdrt-health/mac:02010b41cdec/antenna/tag/e28068940000500386620d4f, 87
1652706128.323324, sdrt-health/mac:02010b41cdec/antenna/tag/e2806894000050038662154f, 83
1652706128.3903, sdrt-health/mac:02010b41cdec/antenna/tag/e2806894000050038662194f, 93
1652706128.390778, sdrt-health/mac:02010b41cdec/antenna/tag/e2806894000040038662054f, 84
1652706128.413086, sdrt-health/mac:02010b41cdec/antenna/tag/e2806894000050038662154f, 85
1652706128.53071, sdrt-health/mac:02010b41cdec/antenna/tag/e28068940000500386620d4f, 93
1652706128.531261, sdrt-health/mac:02010b41cdec/antenna/tag/e2806894000050038662154f, 88
1652706128.531658, sdrt-health/mac:02010b41cdec/antenna/tag/e28068940000500386620d4f, 85
1652706128.564294, sdrt-health/mac:02010b41cdec/antenna/tag/e2806894000050038662194f, 81
1652706128.593228, sdrt-health/mac:02010b41cdec/antenna/tag/e2806894000050038662194f, 94
1652706128.593501, sdrt-health/mac:02010b41cdec/antenna/tag/e28068940000400386621d4f, 90
1652706128.829496, sdrt-health/mac:02010b41cdec/antenna/tag/e28068940000500386620d4f, 88
1652706128.830019, sdrt-health/mac:02010b41cdec/antenna/tag/e2806894000040038662054f, 88
1652706128.830418, sdrt-health/mac:02010b41cdec/antenna/tag/e2806894000040038662114f, 88
1652706128.830848, sdrt-health/mac:02010b41cdec/antenna/tag/e2806894000050038662154f, 83
1652706128.831298, sdrt-health/mac:02010b41cdec/antenna/tag/e2806894000050038661fd4f, 86
1652706128.831744, sdrt-health/mac:02010b41cdec/antenna/tag/e28068940000400386621d4f, 77
1652706128.832138, sdrt-health/mac:02010b41cdec/antenna/tag/e2806894000050038662154f, 85
1652706128.832568, sdrt-health/mac:02010b41cdec/antenna/tag/e2806894000040038662054f, 88
1652706128.832959, sdrt-health/mac:02010b41cdec/antenna/tag/e28068940000400386621d4f, 96
1652706128.833351, sdrt-health/mac:02010b41cdec/antenna/tag/e2806894000040038662114f, 85
1652706128.833505, sdrt-health/mac:02010b41cdec/antenna/tag/e28068940000400386621d4f, 77
1652706128.833687, sdrt-health/mac:02010b41cdec/antenna/tag/e2806894000050038662154f, 85
1652706128.864609, sdrt-health/mac:02010b41cdec/antenna/tag/e28068940000400386621d4f, 96
1652706128.909396, sdrt-health/mac:02010b41cdec/antenna/tag/e2806894000050038662154f, 93
1652706129.28446, sdrt-health/mac:02010b41cdec/antenna/tag/e2806894000040038662054f, 82
1652706129.284805, sdrt-health/mac:02010b41cdec/antenna/tag/e28068940000500386620d4f, 87
1652706129.284961, sdrt-health/mac:02010b41cdec/antenna/tag/e2806894000050038662154f, 83
1652706129.28511, sdrt-health/mac:02010b41cdec/antenna/tag/e2806894000040038662054f, 82
1652706129.285281, sdrt-health/mac:02010b41cdec/antenna/tag/e28068940000400386621d4f, 77
1652706129.299069, sdrt-health/mac:02010b41cdec/antenna/tag/e2806894000050038661fd4f, 90
1652706129.334828, sdrt-health/mac:02010b41cdec/antenna/tag/e2806894000040038662114f, 88
1652706129.364994, sdrt-health/mac:02010b41cdec/antenna/tag/e2806894000050038662154f, 88
1652706129.365382, sdrt-health/mac:02010b41cdec/antenna/tag/e28068940000500386620d4f, 88
1652706129.365948, sdrt-health/mac:02010b41cdec/antenna/tag/e2806894000050038662154f, 88
1652706129.366276, sdrt-health/mac:02010b41cdec/antenna/tag/e2806894000050038661fd4f, 86
1652706129.366583, sdrt-health/mac:02010b41cdec/antenna/tag/e28068940000500386620d4f, 87
1652706129.367058, sdrt-health/mac:02010b41cdec/antenna/tag/e2806894000040038662114f, 88
1652706129.367454, sdrt-health/mac:02010b41cdec/antenna/tag/e2806894000050038661fd4f, 86
1652706129.367808, sdrt-health/mac:02010b41cdec/antenna/tag/e2806894000040038662054f, 94
1652706129.368064, sdrt-health/mac:02010b41cdec/antenna/tag/e28068940000400386621d4f, 77
1652706129.368951, sdrt-health/mac:02010b41cdec/antenna/tag/e2806894000050038662194f, 94
1652706129.369239, sdrt-health/mac:02010b41cdec/antenna/tag/e2806894000040038662114f, 85
1652706129.369471, sdrt-health/mac:02010b41cdec/antenna/tag/e2806894000050038661fd4f, 90
1652706129.369639, sdrt-health/mac:02010b41cdec/antenna/tag/e28068940000400386621d4f, 96
1652706129.379684, sdrt-health/mac:02010b41cdec/antenna/tag/e28068940000500386620d4f, 93
1652706129.424495, sdrt-health/mac:02010b41cdec/antenna/tag/e2806894000040038662054f, 88
1652706129.469292, sdrt-health/mac:02010b41cdec/antenna/tag/e2806894000050038661fd4f, 90
1652706129.548795, sdrt-health/mac:02010b41cdec/antenna/tag/e28068940000500386620d4f, 85
1652706129.594374, sdrt-health/mac:02010b41cdec/antenna/tag/e2806894000050038662154f, 93
1652706129.623558, sdrt-health/mac:02010b41cdec/antenna/tag/e2806894000040038662114f, 91
1652706129.623924, sdrt-health/mac:02010b41cdec/antenna/tag/e2806894000050038661fd4f, 86
1652706129.62417, sdrt-health/mac:02010b41cdec/antenna/tag/e28068940000500386620d4f, 85
1652706129.636838, sdrt-health/mac:02010b41cdec/antenna/tag/e28068940000400386621d4f, 96
1652706129.709811, sdrt-health/mac:02010b41cdec/antenna/tag/e2806894000040038662114f, 85
1652706129.755743, sdrt-health/mac:02010b41cdec/antenna/tag/e2806894000040038662114f, 91
1652706129.803552, sdrt-health/mac:02010b41cdec/antenna/tag/e28068940000500386620d4f, 83
1652706129.843923, sdrt-health/mac:02010b41cdec/antenna/tag/e28068940000400386621d4f, 77
1652706129.876961, sdrt-health/mac:02010b41cdec/antenna/tag/e2806894000040038662114f, 85
1652706129.8773, sdrt-health/mac:02010b41cdec/antenna/tag/e28068940000400386621d4f, 96
1652706129.893887, sdrt-health/mac:02010b41cdec/antenna/tag/e2806894000050038661fd4f, 86
1652706129.950322, sdrt-health/mac:02010b41cdec/antenna/tag/e2806894000050038662154f, 81
1652706129.950819, sdrt-health/mac:02010b41cdec/antenna/tag/e2806894000050038662194f, 83
1652706129.982916, sdrt-health/mac:02010b41cdec/antenna/tag/e2806894000040038662114f, 85
1652706130.013166, sdrt-health/mac:02010b41cdec/antenna/tag/e28068940000500386620d4f, 85
1652706130.013427, sdrt-health/mac:02010b41cdec/antenna/tag/e28068940000400386621d4f, 96
1652706130.027805, sdrt-health/mac:02010b41cdec/antenna/tag/e2806894000050038662154f, 88
1652706130.084616, sdrt-health/mac:02010b41cdec/antenna/tag/e28068940000500386620d4f, 85
1652706130.135116, sdrt-health/mac:02010b41cdec/antenna/tag/e2806894000050038662194f, 83
1652706130.188473, sdrt-health/mac:02010b41cdec/antenna/tag/e2806894000040038662114f, 88
1652706130.233477, sdrt-health/mac:02010b41cdec/antenna/tag/e2806894000040038662114f, 88
1652706130.293889, sdrt-health/mac:02010b41cdec/antenna/tag/e2806894000050038661fd4f, 86
1652706130.294347, sdrt-health/mac:02010b41cdec/antenna/tag/e2806894000050038661fd4f, 86
1652706130.307342, sdrt-health/mac:02010b41cdec/antenna/tag/e28068940000400386621d4f, 96
1652706130.307713, sdrt-health/mac:02010b41cdec/antenna/tag/e2806894000050038662154f, 88
1652706130.33444, sdrt-health/mac:02010b41cdec/antenna/tag/e2806894000040038661f94f, 88
1652706130.409143, sdrt-health/mac:02010b41cdec/antenna/tag/e2806894000050038662154f, 85
1652706130.409607, sdrt-health/mac:02010b41cdec/antenna/tag/e28068940000400386621d4f, 96
1652706130.423448, sdrt-health/mac:02010b41cdec/antenna/tag/e2806894000040038662114f, 85
1652706130.423754, sdrt-health/mac:02010b41cdec/antenna/tag/e2806894000050038662194f, 94
1652706130.465005, sdrt-health/mac:02010b41cdec/antenna/tag/e2806894000050038662194f, 81
1652706130.534424, sdrt-health/mac:02010b41cdec/antenna/tag/e2806894000050038662194f, 88
1652706130.574723, sdrt-health/mac:02010b41cdec/antenna/tag/e2806894000050038662154f, 85
1652706130.63029, sdrt-health/mac:02010b41cdec/antenna/tag/e2806894000050038661fd4f, 90
1652706130.678992, sdrt-health/mac:02010b41cdec/antenna/tag/e2806894000050038661fd4f, 86
1652706130.708976, sdrt-health/mac:02010b41cdec/antenna/tag/e2806894000050038662154f, 85
1652706130.709261, sdrt-health/mac:02010b41cdec/antenna/tag/e2806894000040038662114f, 88
1652706130.709498, sdrt-health/mac:02010b41cdec/antenna/tag/e28068940000500386620d4f, 85
1652706130.724093, sdrt-health/mac:02010b41cdec/antenna/tag/e2806894000040038662214f, 88
1652706130.77473, sdrt-health/mac:02010b41cdec/antenna/tag/e2806894000040038662214f, 88
1652706130.829848, sdrt-health/mac:02010b41cdec/antenna/tag/e2806894000050038662154f, 83
1652706130.830371, sdrt-health/mac:02010b41cdec/antenna/tag/e2806894000050038662154f, 87
1652706130.845124, sdrt-health/mac:02010b41cdec/antenna/tag/e28068940000400386621d4f, 77
1652706130.866115, sdrt-health/mac:02010b41cdec/antenna/tag/e2806894000050038661fd4f, 90
1652706130.933559, sdrt-health/mac:02010b41cdec/antenna/tag/e28068940000500386620d4f, 85
1652706130.934052, sdrt-health/mac:02010b41cdec/antenna/tag/e28068940000400386621d4f, 96
1652706130.989784, sdrt-health/mac:02010b41cdec/antenna/tag/e2806894000050038661fd4f, 86
1652706131.140395, sdrt-health/mac:02010b41cdec/antenna/tag/e2806894000050038662154f, 88
1652706131.140901, sdrt-health/mac:02010b41cdec/antenna/tag/e2806894000040038662114f, 97
1652706131.159102, sdrt-health/mac:02010b41cdec/antenna/tag/e2806894000040038662114f, 91
1652706131.159465, sdrt-health/mac:02010b41cdec/antenna/tag/e2806894000050038661fd4f, 90
1652706131.159781, sdrt-health/mac:02010b41cdec/antenna/tag/e2806894000050038661fd4f, 90
1652706131.173911, sdrt-health/mac:02010b41cdec/antenna/tag/e2806894000050038662194f, 87
1652706131.174129, sdrt-health/mac:02010b41cdec/antenna/tag/e28068940000500386620d4f, 85
1652706131.174281, sdrt-health/mac:02010b41cdec/antenna/tag/e2806894000050038661fd4f, 86
1652706131.23627, sdrt-health/mac:02010b41cdec/antenna/tag/e2806894000050038662194f, 84
1652706131.284385, sdrt-health/mac:02010b41cdec/antenna/tag/e2806894000040038662054f, 88
1652706131.350748, sdrt-health/mac:02010b41cdec/antenna/tag/e2806894000050038661fd4f, 86
1652706131.35121, sdrt-health/mac:02010b41cdec/antenna/tag/e2806894000040038662114f, 93
1652706131.365944, sdrt-health/mac:02010b41cdec/antenna/tag/e2806894000040038662114f, 93
1652706131.414213, sdrt-health/mac:02010b41cdec/antenna/tag/e2806894000050038662154f, 85
1652706131.494903, sdrt-health/mac:02010b41cdec/antenna/tag/e28068940000400386621d4f, 96
1652706131.565301, sdrt-health/mac:02010b41cdec/antenna/tag/e28068940000400386621d4f, 96
1652706131.614761, sdrt-health/mac:02010b41cdec/antenna/tag/e28068940000500386620d4f, 93
1652706131.654532, sdrt-health/mac:02010b41cdec/antenna/tag/e28068940000500386620d4f, 93
1652706131.685842, sdrt-health/mac:02010b41cdec/antenna/tag/e2806894000050038662194f, 94
1652706131.686364, sdrt-health/mac:02010b41cdec/antenna/tag/e2806894000040038662214f, 94
1652706131.701877, sdrt-health/mac:02010b41cdec/antenna/tag/e2806894000050038661fd4f, 83
1652706131.734029, sdrt-health/mac:02010b41cdec/antenna/tag/e28068940000400386621d4f, 77
1652706131.774421, sdrt-health/mac:02010b41cdec/antenna/tag/e2806894000050038662194f, 83
1652706131.840027, sdrt-health/mac:02010b41cdec/antenna/tag/e2806894000040038662114f, 88
1652706131.840539, sdrt-health/mac:02010b41cdec/antenna/tag/e2806894000050038661fd4f, 90
1652706131.85958, sdrt-health/mac:02010b41cdec/antenna/tag/e28068940000500386620d4f, 85
1652706131.885862, sdrt-health/mac:02010b41cdec/antenna/tag/e2806894000050038661fd4f, 90
1652706131.914373, sdrt-health/mac:02010b41cdec/antenna/tag/e28068940000400386621d4f, 77
1652706131.914733, sdrt-health/mac:02010b41cdec/antenna/tag/e2806894000040038662114f, 88
1652706131.935239, sdrt-health/mac:02010b41cdec/antenna/tag/e2806894000050038662154f, 88
1652706131.9906, sdrt-health/mac:02010b41cdec/antenna/tag/e2806894000040038662114f, 88
1652706131.9911, sdrt-health/mac:02010b41cdec/antenna/tag/e2806894000050038661fd4f, 90
1652706132.02954, sdrt-health/mac:02010b41cdec/antenna/tag/e2806894000050038661fd4f, 90
1652706132.074328, sdrt-health/mac:02010b41cdec/antenna/tag/e2806894000040038661f94f, 88
1652706132.104079, sdrt-health/mac:02010b41cdec/antenna/tag/e28068940000500386620d4f, 85
1652706132.104341, sdrt-health/mac:02010b41cdec/antenna/tag/e28068940000400386621d4f, 96
1652706132.144359, sdrt-health/mac:02010b41cdec/antenna/tag/e2806894000040038662054f, 82
1652706132.19042, sdrt-health/mac:02010b41cdec/antenna/tag/e2806894000040038662214f, 84
1652706132.268916, sdrt-health/mac:02010b41cdec/antenna/tag/e2806894000050038662154f, 88
1652706132.334932, sdrt-health/mac:02010b41cdec/antenna/tag/e2806894000040038662114f, 88
1652706132.375063, sdrt-health/mac:02010b41cdec/antenna/tag/e2806894000040038661f94f, 88
1652706132.414042, sdrt-health/mac:02010b41cdec/antenna/tag/e28068940000500386620d4f, 85
1652706132.446262, sdrt-health/mac:02010b41cdec/antenna/tag/e28068940000400386621d4f, 90
1652706132.446579, sdrt-health/mac:02010b41cdec/antenna/tag/e2806894000050038661fd4f, 86
1652706132.461988, sdrt-health/mac:02010b41cdec/antenna/tag/e2806894000050038661fd4f, 90
1652706132.554138, sdrt-health/mac:02010b41cdec/antenna/tag/e28068940000500386620d4f, 93
1652706132.634133, sdrt-health/mac:02010b41cdec/antenna/tag/e28068940000400386621d4f, 77
1652706132.713718, sdrt-health/mac:02010b41cdec/antenna/tag/e28068940000500386620d4f, 87
1652706132.757089, sdrt-health/mac:02010b41cdec/antenna/tag/e2806894000050038662154f, 93
1652706132.805006, sdrt-health/mac:02010b41cdec/antenna/tag/e28068940000500386620d4f, 85
1652706132.854791, sdrt-health/mac:02010b41cdec/antenna/tag/e28068940000500386620d4f, 85
1652706132.90884, sdrt-health/mac:02010b41cdec/antenna/tag/e2806894000040038662114f, 85
1652706132.96983, sdrt-health/mac:02010b41cdec/antenna/tag/e2806894000050038662154f, 91
1652706132.970369, sdrt-health/mac:02010b41cdec/antenna/tag/e2806894000050038661fd4f, 90
1652706132.985442, sdrt-health/mac:02010b41cdec/antenna/tag/e2806894000040038662114f, 85
1652706133.086479, sdrt-health/mac:02010b41cdec/antenna/tag/e28068940000500386620d4f, 93
1652706133.119811, sdrt-health/mac:02010b41cdec/antenna/tag/e2806894000050038661fd4f, 90
1652706133.120316, sdrt-health/mac:02010b41cdec/antenna/tag/e2806894000050038662194f, 88
1652706133.120674, sdrt-health/mac:02010b41cdec/antenna/tag/e28068940000500386620d4f, 85
1652706133.138952, sdrt-health/mac:02010b41cdec/antenna/tag/e2806894000050038661fd4f, 90
1652706133.139297, sdrt-health/mac:02010b41cdec/antenna/tag/e28068940000500386620d4f, 85
1652706133.204088, sdrt-health/mac:02010b41cdec/antenna/tag/e2806894000040038662114f, 88
1652706133.255651, sdrt-health/mac:02010b41cdec/antenna/tag/e2806894000050038662154f, 83
1652706133.404682, sdrt-health/mac:02010b41cdec/antenna/tag/e2806894000050038662194f, 83
1652706133.405131, sdrt-health/mac:02010b41cdec/antenna/tag/e2806894000050038662154f, 83
1652706133.419269, sdrt-health/mac:02010b41cdec/antenna/tag/e2806894000040038662114f, 91
1652706133.41981, sdrt-health/mac:02010b41cdec/antenna/tag/e28068940000500386620d4f, 85
1652706133.434307, sdrt-health/mac:02010b41cdec/antenna/tag/e2806894000040038662114f, 88
1652706133.476782, sdrt-health/mac:02010b41cdec/antenna/tag/e2806894000040038662114f, 85
1652706133.509011, sdrt-health/mac:02010b41cdec/antenna/tag/e2806894000050038661fd4f, 90
1652706133.509325, sdrt-health/mac:02010b41cdec/antenna/tag/e2806894000050038662154f, 85
1652706133.523911, sdrt-health/mac:02010b41cdec/antenna/tag/e28068940000500386620d4f, 93
1652706133.524133, sdrt-health/mac:02010b41cdec/antenna/tag/e2806894000040038662114f, 85
1652706133.524276, sdrt-health/mac:02010b41cdec/antenna/tag/e28068940000500386620d4f, 85
1652706133.575453, sdrt-health/mac:02010b41cdec/antenna/tag/e2806894000050038661fd4f, 90
1652706133.635455, sdrt-health/mac:02010b41cdec/antenna/tag/e2806894000050038662194f, 83
1652706133.63591, sdrt-health/mac:02010b41cdec/antenna/tag/e2806894000040038662054f, 81
1652706133.650287, sdrt-health/mac:02010b41cdec/antenna/tag/e2806894000050038661fd4f, 86
1652706133.650508, sdrt-health/mac:02010b41cdec/antenna/tag/e2806894000050038662154f, 85
1652706133.650681, sdrt-health/mac:02010b41cdec/antenna/tag/e2806894000040038662114f, 88
1652706133.665712, sdrt-health/mac:02010b41cdec/antenna/tag/e28068940000500386620d4f, 93
1652706133.665992, sdrt-health/mac:02010b41cdec/antenna/tag/e2806894000050038662154f, 87
1652706133.72487, sdrt-health/mac:02010b41cdec/antenna/tag/e2806894000040038662114f, 91
1652706133.774975, sdrt-health/mac:02010b41cdec/antenna/tag/e28068940000500386620d4f, 93
1652706133.814758, sdrt-health/mac:02010b41cdec/antenna/tag/e2806894000050038662154f, 83
1652706133.870406, sdrt-health/mac:02010b41cdec/antenna/tag/e2806894000040038662114f, 88
1652706133.913507, sdrt-health/mac:02010b41cdec/antenna/tag/e2806894000050038661fd4f, 86
1652706134.009104, sdrt-health/mac:02010b41cdec/antenna/tag/e2806894000050038661fd4f, 83
1652706134.009573, sdrt-health/mac:02010b41cdec/antenna/tag/e2806894000050038662154f, 81
1652706134.037075, sdrt-health/mac:02010b41cdec/antenna/tag/e28068940000500386620d4f, 83
1652706134.100049, sdrt-health/mac:02010b41cdec/antenna/tag/e2806894000050038661fd4f, 90
1652706134.100668, sdrt-health/mac:02010b41cdec/antenna/tag/e2806894000050038662194f, 81
1652706134.135138, sdrt-health/mac:02010b41cdec/antenna/tag/e2806894000050038662154f, 83
1652706134.174664, sdrt-health/mac:02010b41cdec/antenna/tag/e2806894000050038662194f, 83
1652706134.254162, sdrt-health/mac:02010b41cdec/antenna/tag/e2806894000050038662194f, 94
1652706134.295362, sdrt-health/mac:02010b41cdec/antenna/tag/e2806894000040038662114f, 88
1652706134.359153, sdrt-health/mac:02010b41cdec/antenna/tag/e28068940000400386621d4f, 77
1652706134.404843, sdrt-health/mac:02010b41cdec/antenna/tag/e2806894000040038662054f, 82
1652706134.469792, sdrt-health/mac:02010b41cdec/antenna/tag/e2806894000050038661fd4f, 86
1652706134.470321, sdrt-health/mac:02010b41cdec/antenna/tag/e2806894000050038662194f, 81
1652706134.565057, sdrt-health/mac:02010b41cdec/antenna/tag/e2806894000040038662054f, 88
1652706135.033203, sdrt-health/mac:02010b41cdec/antenna/tag/e28068940000400386621d4f, 96
1652706135.062828, sdrt-health/mac:02010b41cdec/antenna/tag/e2806894000050038662194f, 94
1652706135.063212, sdrt-health/mac:02010b41cdec/antenna/tag/e28068940000500386620d4f, 87
1652706135.063495, sdrt-health/mac:02010b41cdec/antenna/tag/e2806894000050038662194f, 81
1652706135.06376, sdrt-health/mac:02010b41cdec/antenna/tag/e2806894000050038662154f, 85
1652706135.064031, sdrt-health/mac:02010b41cdec/antenna/tag/e28068940000400386621d4f, 90
1652706135.064472, sdrt-health/mac:02010b41cdec/antenna/tag/e2806894000050038662194f, 83
1652706135.064882, sdrt-health/mac:02010b41cdec/antenna/tag/e2806894000050038661fd4f, 90
1652706135.065263, sdrt-health/mac:02010b41cdec/antenna/tag/e2806894000040038662114f, 88
1652706135.065693, sdrt-health/mac:02010b41cdec/antenna/tag/e2806894000050038662154f, 83
1652706135.066025, sdrt-health/mac:02010b41cdec/antenna/tag/e2806894000040038662054f, 94
1652706135.066583, sdrt-health/mac:02010b41cdec/antenna/tag/e2806894000050038662154f, 83
1652706135.07778, sdrt-health/mac:02010b41cdec/antenna/tag/e2806894000050038661fd4f, 90
1652706135.108516, sdrt-health/mac:02010b41cdec/antenna/tag/e28068940000500386620d4f, 85
1652706135.108771, sdrt-health/mac:02010b41cdec/antenna/tag/e2806894000040038662114f, 85
1652706135.108963, sdrt-health/mac:02010b41cdec/antenna/tag/e2806894000050038662154f, 85
1652706135.109126, sdrt-health/mac:02010b41cdec/antenna/tag/e2806894000050038662194f, 94
1652706135.109286, sdrt-health/mac:02010b41cdec/antenna/tag/e2806894000040038662114f, 88
1652706135.134374, sdrt-health/mac:02010b41cdec/antenna/tag/e28068940000500386620d4f, 87
1652706135.199679, sdrt-health/mac:02010b41cdec/antenna/tag/e2806894000050038662154f, 87
1652706135.200205, sdrt-health/mac:02010b41cdec/antenna/tag/e2806894000050038661fd4f, 86
1652706135.214755, sdrt-health/mac:02010b41cdec/antenna/tag/e2806894000040038661f94f, 84
1652706135.22947, sdrt-health/mac:02010b41cdec/antenna/tag/e28068940000400386621d4f, 96
1652706135.274916, sdrt-health/mac:02010b41cdec/antenna/tag/e28068940000500386620d4f, 85
1652706135.318557, sdrt-health/mac:02010b41cdec/antenna/tag/e2806894000050038662154f, 88
1652706135.365102, sdrt-health/mac:02010b41cdec/antenna/tag/e2806894000040038662114f, 88
1652706135.415204, sdrt-health/mac:02010b41cdec/antenna/tag/e28068940000500386620d4f, 85
1652706135.484337, sdrt-health/mac:02010b41cdec/antenna/tag/e2806894000050038661fd4f, 86
1652706135.484783, sdrt-health/mac:02010b41cdec/antenna/tag/e2806894000050038662194f, 87
1652706135.558114, sdrt-health/mac:02010b41cdec/antenna/tag/e28068940000400386621d4f, 77
1652706135.63789, sdrt-health/mac:02010b41cdec/antenna/tag/e2806894000050038661fd4f, 86
1652706135.683816, sdrt-health/mac:02010b41cdec/antenna/tag/e2806894000050038662154f, 88
1652706135.713436, sdrt-health/mac:02010b41cdec/antenna/tag/e28068940000400386621d4f, 77
1652706135.713796, sdrt-health/mac:02010b41cdec/antenna/tag/e28068940000500386620d4f, 85
1652706135.7341, sdrt-health/mac:02010b41cdec/antenna/tag/e2806894000040038662114f, 85
1652706135.79708, sdrt-health/mac:02010b41cdec/antenna/tag/e28068940000400386621d4f, 77
1652706135.869498, sdrt-health/mac:02010b41cdec/antenna/tag/e2806894000050038662154f, 88
1652706135.870055, sdrt-health/mac:02010b41cdec/antenna/tag/e2806894000040038662114f, 88
1652706135.894503, sdrt-health/mac:02010b41cdec/antenna/tag/e2806894000040038662114f, 88
1652706135.950411, sdrt-health/mac:02010b41cdec/antenna/tag/e2806894000050038662154f, 85
1652706135.950865, sdrt-health/mac:02010b41cdec/antenna/tag/e2806894000040038662054f, 94
1652706135.968641, sdrt-health/mac:02010b41cdec/antenna/tag/e2806894000050038661fd4f, 86
1652706135.999842, sdrt-health/mac:02010b41cdec/antenna/tag/e2806894000050038662194f, 81
1652706136.000287, sdrt-health/mac:02010b41cdec/antenna/tag/e28068940000500386620d4f, 88
1652706136.00059, sdrt-health/mac:02010b41cdec/antenna/tag/e2806894000050038662154f, 87
1652706136.086633, sdrt-health/mac:02010b41cdec/antenna/tag/e2806894000050038662154f, 87
1652706136.154379, sdrt-health/mac:02010b41cdec/antenna/tag/e28068940000500386620d4f, 85
1652706136.197357, sdrt-health/mac:02010b41cdec/antenna/tag/e28068940000400386621d4f, 96
1652706136.244567, sdrt-health/mac:02010b41cdec/antenna/tag/e28068940000400386621d4f, 96
1652706136.295067, sdrt-health/mac:02010b41cdec/antenna/tag/e28068940000400386621d4f, 77
1652706136.334937, sdrt-health/mac:02010b41cdec/antenna/tag/e28068940000400386621d4f, 77
1652706136.37458, sdrt-health/mac:02010b41cdec/antenna/tag/e2806894000040038662114f, 88
1652706136.437519, sdrt-health/mac:02010b41cdec/antenna/tag/e2806894000050038661fd4f, 86
1652706136.484713, sdrt-health/mac:02010b41cdec/antenna/tag/e28068940000400386621d4f, 96
1652706136.550882, sdrt-health/mac:02010b41cdec/antenna/tag/e2806894000040038662114f, 85
1652706136.551443, sdrt-health/mac:02010b41cdec/antenna/tag/e2806894000040038662114f, 88
1652706136.566619, sdrt-health/mac:02010b41cdec/antenna/tag/e28068940000500386620d4f, 88
1652706136.567252, sdrt-health/mac:02010b41cdec/antenna/tag/e2806894000050038661fd4f, 90
1652706136.574087, sdrt-health/mac:02010b41cdec/antenna/tag/e28068940000500386620d4f, 93
1652706136.582194, sdrt-health/mac:02010b41cdec/antenna/tag/e2806894000050038661fd4f, 86
1652706136.582496, sdrt-health/mac:02010b41cdec/antenna/tag/e28068940000400386621d4f, 77
1652706136.614902, sdrt-health/mac:02010b41cdec/antenna/tag/e28068940000400386621d4f, 96
1652706136.65383, sdrt-health/mac:02010b41cdec/antenna/tag/e2806894000050038661fd4f, 90
1652706136.704038, sdrt-health/mac:02010b41cdec/antenna/tag/e2806894000040038662114f, 88
1652706136.764506, sdrt-health/mac:02010b41cdec/antenna/tag/e2806894000050038662154f, 88
1652706136.836685, sdrt-health/mac:02010b41cdec/antenna/tag/e2806894000040038662114f, 88
1652706136.884813, sdrt-health/mac:02010b41cdec/antenna/tag/e2806894000050038661fd4f, 90
1652706136.92089, sdrt-health/mac:02010b41cdec/antenna/tag/e2806894000050038662014f, 88
1652706136.921339, sdrt-health/mac:02010b41cdec/antenna/tag/e2806894000050038662154f, 85
1652706136.921703, sdrt-health/mac:02010b41cdec/antenna/tag/e28068940000400386621d4f, 96
1652706136.976145, sdrt-health/mac:02010b41cdec/antenna/tag/e2806894000040038662114f, 88
1652706137.014907, sdrt-health/mac:02010b41cdec/antenna/tag/e28068940000400386621d4f, 96
1652706137.069004, sdrt-health/mac:02010b41cdec/antenna/tag/e2806894000040038662114f, 85
1652706137.069787, sdrt-health/mac:02010b41cdec/antenna/tag/e28068940000400386621d4f, 96
1652706137.084113, sdrt-health/mac:02010b41cdec/antenna/tag/e2806894000040038662114f, 85
1652706137.104375, sdrt-health/mac:02010b41cdec/antenna/tag/e2806894000050038661fd4f, 90
1652706137.163413, sdrt-health/mac:02010b41cdec/antenna/tag/e2806894000050038662194f, 81
1652706137.163906, sdrt-health/mac:02010b41cdec/antenna/tag/e2806894000050038662194f, 81
1652706137.193792, sdrt-health/mac:02010b41cdec/antenna/tag/e28068940000500386620d4f, 88
1652706137.26929, sdrt-health/mac:02010b41cdec/antenna/tag/e2806894000040038662114f, 91
1652706137.269798, sdrt-health/mac:02010b41cdec/antenna/tag/e2806894000040038662214f, 81
1652706137.28361, sdrt-health/mac:02010b41cdec/antenna/tag/e2806894000050038662194f, 81
1652706137.308415, sdrt-health/mac:02010b41cdec/antenna/tag/e28068940000500386620d4f, 85
1652706137.370441, sdrt-health/mac:02010b41cdec/antenna/tag/e2806894000040038661f94f, 94
1652706137.370954, sdrt-health/mac:02010b41cdec/antenna/tag/e2806894000050038662154f, 85
1652706137.397576, sdrt-health/mac:02010b41cdec/antenna/tag/e28068940000500386620d4f, 85
1652706137.445905, sdrt-health/mac:02010b41cdec/antenna/tag/e28068940000500386620d4f, 88
1652706137.566308, sdrt-health/mac:02010b41cdec/antenna/tag/e2806894000040038661f94f, 94
1652706137.605963, sdrt-health/mac:02010b41cdec/antenna/tag/e2806894000040038662114f, 88
1652706137.671168, sdrt-health/mac:02010b41cdec/antenna/tag/e2806894000040038662054f, 94
1652706137.671701, sdrt-health/mac:02010b41cdec/antenna/tag/e2806894000040038661f94f, 94
1652706137.68714, sdrt-health/mac:02010b41cdec/antenna/tag/e2806894000050038662154f, 85
1652706137.737915, sdrt-health/mac:02010b41cdec/antenna/tag/e2806894000050038662194f, 93
1652706137.738341, sdrt-health/mac:02010b41cdec/antenna/tag/e2806894000040038661f94f, 83
1652706137.763283, sdrt-health/mac:02010b41cdec/antenna/tag/e2806894000050038662194f, 81
1652706137.814031, sdrt-health/mac:02010b41cdec/antenna/tag/e2806894000040038662054f, 81
1652706137.88358, sdrt-health/mac:02010b41cdec/antenna/tag/e2806894000040038662114f, 85
1652706137.925904, sdrt-health/mac:02010b41cdec/antenna/tag/e28068940000500386620d4f, 93
1652706137.984061, sdrt-health/mac:02010b41cdec/antenna/tag/e28068940000500386620d4f, 88
1652706138.028708, sdrt-health/mac:02010b41cdec/antenna/tag/e28068940000400386621d4f, 96
1652706138.094281, sdrt-health/mac:02010b41cdec/antenna/tag/e2806894000040038662054f, 83
1652706138.094772, sdrt-health/mac:02010b41cdec/antenna/tag/e2806894000050038661fd4f, 96
1652706138.108881, sdrt-health/mac:02010b41cdec/antenna/tag/e2806894000050038662154f, 88
1652706138.134284, sdrt-health/mac:02010b41cdec/antenna/tag/e28068940000400386621d4f, 96
1652706138.163116, sdrt-health/mac:02010b41cdec/antenna/tag/e2806894000050038662194f, 81
1652706138.163397, sdrt-health/mac:02010b41cdec/antenna/tag/e2806894000040038662114f, 85
1652706138.189591, sdrt-health/mac:02010b41cdec/antenna/tag/e2806894000040038662214f, 88
1652706138.235706, sdrt-health/mac:02010b41cdec/antenna/tag/e2806894000050038662154f, 87
1652706138.294182, sdrt-health/mac:02010b41cdec/antenna/tag/e2806894000050038661fd4f, 86
1652706138.294743, sdrt-health/mac:02010b41cdec/antenna/tag/e2806894000040038662054f, 87
1652706138.310175, sdrt-health/mac:02010b41cdec/antenna/tag/e2806894000040038662114f, 87
1652706138.310709, sdrt-health/mac:02010b41cdec/antenna/tag/e2806894000040038662214f, 94
1652706138.325385, sdrt-health/mac:02010b41cdec/antenna/tag/e28068940000500386620d4f, 87
1652706138.387044, sdrt-health/mac:02010b41cdec/antenna/tag/e2806894000050038661fd4f, 86
1652706138.430084, sdrt-health/mac:02010b41cdec/antenna/tag/e28068940000500386620d4f, 87
1652706138.46739, sdrt-health/mac:02010b41cdec/antenna/tag/e2806894000040038662114f, 93
1652706138.467782, sdrt-health/mac:02010b41cdec/antenna/tag/e2806894000040038662114f, 87
1652706138.48562, sdrt-health/mac:02010b41cdec/antenna/tag/e2806894000050038662154f, 85
1652706138.485942, sdrt-health/mac:02010b41cdec/antenna/tag/e2806894000040038662054f, 94
1652706138.51163, sdrt-health/mac:02010b41cdec/antenna/tag/e2806894000040038662114f, 88
1652706138.576662, sdrt-health/mac:02010b41cdec/antenna/tag/e28068940000400386621d4f, 90
1652706138.650479, sdrt-health/mac:02010b41cdec/antenna/tag/e28068940000400386621d4f, 90
1652706138.696157, sdrt-health/mac:02010b41cdec/antenna/tag/e28068940000500386620d4f, 93
1652706138.752057, sdrt-health/mac:02010b41cdec/antenna/tag/e2806894000040038662054f, 94
1652706138.752578, sdrt-health/mac:02010b41cdec/antenna/tag/e2806894000050038662194f, 81
1652706138.769241, sdrt-health/mac:02010b41cdec/antenna/tag/e2806894000040038661f94f, 83
1652706138.897712, sdrt-health/mac:02010b41cdec/antenna/tag/e2806894000050038661fd4f, 86
1652706138.89816, sdrt-health/mac:02010b41cdec/antenna/tag/e2806894000040038662054f, 83
1652706138.93543, sdrt-health/mac:02010b41cdec/antenna/tag/e2806894000050038661fd4f, 96
1652706138.967982, sdrt-health/mac:02010b41cdec/antenna/tag/e2806894000050038661fd4f, 90
1652706138.968391, sdrt-health/mac:02010b41cdec/antenna/tag/e2806894000050038662194f, 84
1652706138.968655, sdrt-health/mac:02010b41cdec/antenna/tag/e28068940000500386620d4f, 85
1652706138.968906, sdrt-health/mac:02010b41cdec/antenna/tag/e2806894000040038662054f, 81
1652706138.969361, sdrt-health/mac:02010b41cdec/antenna/tag/e2806894000050038662194f, 94
1652706138.984172, sdrt-health/mac:02010b41cdec/antenna/tag/e2806894000050038662194f, 88
1652706139.025022, sdrt-health/mac:02010b41cdec/antenna/tag/e2806894000040038662054f, 94
1652706139.070205, sdrt-health/mac:02010b41cdec/antenna/tag/e2806894000050038661fd4f, 86
1652706139.115131, sdrt-health/mac:02010b41cdec/antenna/tag/e2806894000050038661fd4f, 86
1652706139.177241, sdrt-health/mac:02010b41cdec/antenna/tag/e2806894000040038662114f, 87
1652706139.177729, sdrt-health/mac:02010b41cdec/antenna/tag/e2806894000040038662214f, 81
1652706139.207943, sdrt-health/mac:02010b41cdec/antenna/tag/e28068940000500386620d4f, 87
1652706139.310809, sdrt-health/mac:02010b41cdec/antenna/tag/e2806894000050038662154f, 88
1652706139.376097, sdrt-health/mac:02010b41cdec/antenna/tag/e2806894000040038662114f, 88
1652706139.614071, sdrt-health/mac:02010b41cdec/antenna/tag/e28068940000400386621d4f, 96
1652706139.655145, sdrt-health/mac:02010b41cdec/antenna/tag/e2806894000040038661f94f, 81
1652706139.688292, sdrt-health/mac:02010b41cdec/antenna/tag/e2806894000050038662194f, 88
1652706139.688786, sdrt-health/mac:02010b41cdec/antenna/tag/e2806894000040038661f94f, 83
1652706139.689115, sdrt-health/mac:02010b41cdec/antenna/tag/e2806894000050038661fd4f, 90
1652706139.689435, sdrt-health/mac:02010b41cdec/antenna/tag/e2806894000040038661f94f, 88
1652706139.689778, sdrt-health/mac:02010b41cdec/antenna/tag/e2806894000050038661fd4f, 86
1652706139.690089, sdrt-health/mac:02010b41cdec/antenna/tag/e28068940000500386620d4f, 93
1652706139.690391, sdrt-health/mac:02010b41cdec/antenna/tag/e2806894000050038661fd4f, 90
1652706139.745473, sdrt-health/mac:02010b41cdec/antenna/tag/e2806894000040038662054f, 255
1652706139.83321, sdrt-health/mac:02010b41cdec/antenna/tag/e28068940000500386620d4f, 93
1652706139.898622, sdrt-health/mac:02010b41cdec/antenna/tag/e2806894000040038662214f, 84
1652706139.929919, sdrt-health/mac:02010b41cdec/antenna/tag/e2806894000040038661f94f, 83
1652706139.930386, sdrt-health/mac:02010b41cdec/antenna/tag/e2806894000050038661fd4f, 90
1652706139.930782, sdrt-health/mac:02010b41cdec/antenna/tag/e2806894000050038662154f, 93
1652706139.949668, sdrt-health/mac:02010b41cdec/antenna/tag/e28068940000500386620d4f, 94
1652706139.995968, sdrt-health/mac:02010b41cdec/antenna/tag/e2806894000050038661fd4f, 83
1652706140.064795, sdrt-health/mac:02010b41cdec/antenna/tag/e2806894000040038662214f, 88
1652706140.06529, sdrt-health/mac:02010b41cdec/antenna/tag/e2806894000050038662154f, 85
1652706140.084951, sdrt-health/mac:02010b41cdec/antenna/tag/e2806894000040038662114f, 88
1652706140.085497, sdrt-health/mac:02010b41cdec/antenna/tag/e2806894000050038662154f, 85
1652706140.085993, sdrt-health/mac:02010b41cdec/antenna/tag/e2806894000040038662214f, 94
1652706140.102526, sdrt-health/mac:02010b41cdec/antenna/tag/e28068940000500386620d4f, 85
1652706140.13494, sdrt-health/mac:02010b41cdec/antenna/tag/e2806894000050038662154f, 87
1652706140.175576, sdrt-health/mac:02010b41cdec/antenna/tag/e2806894000050038662194f, 81
1652706140.231705, sdrt-health/mac:02010b41cdec/antenna/tag/e2806894000050038662154f, 94
1652706140.23222, sdrt-health/mac:02010b41cdec/antenna/tag/e28068940000500386620d4f, 87
1652706140.255493, sdrt-health/mac:02010b41cdec/antenna/tag/e2806894000050038662194f, 81
1652706140.31503, sdrt-health/mac:02010b41cdec/antenna/tag/e2806894000050038662154f, 81
1652706140.315537, sdrt-health/mac:02010b41cdec/antenna/tag/e28068940000400386621d4f, 96
1652706140.333441, sdrt-health/mac:02010b41cdec/antenna/tag/e2806894000050038661fd4f, 90
1652706140.33529, sdrt-health/mac:02010b41cdec/antenna/tag/e2806894000040038662054f, 88
1652706140.567636, sdrt-health/mac:02010b41cdec/antenna/tag/scan, scan stopped
